
Load Dataset
label column: label
label dictionary: {0: 0, 1: 1}
number of classes: 2
slide-level counts:  
 label
0    1198
1      71
Name: count, dtype: int64
Patient-LVL; Number of samples registered in class 0: 122
Slide-LVL; Number of samples registered in class 0: 1198
Patient-LVL; Number of samples registered in class 1: 14
Slide-LVL; Number of samples registered in class 1: 71
split_dir:  splits/smc_cv_amr_pamr0_vs_positive
################# Settings ###################
num_splits:  3
k_start:  -1
k_end:  -1
task:  task_smc_amr_binary_pamr0_vs_positive
max_epochs:  200
results_dir:  ./results
lr:  0.0002
experiment:  smc_amr_positive_l1_0p50mpp_20x_uni2_clamsb_nested3
reg:  1e-05
label_frac:  1.0
bag_loss:  ce
seed:  1
model_type:  clam_sb
model_size:  small
use_drop_out:  0.25
weighted_sample:  True
opt:  adam
bag_weight:  0.7
inst_loss:  svm
B:  8
split_dir:  splits/smc_cv_amr_pamr0_vs_positive

Training Fold 0!

Init train/val/test splits... 
Done!
Training on 703 samples
Validating on 155 samples
Testing on 411 samples

Init loss function... Done!

Init Model... Setting tau to 1.0
Done!
CLAM_SB(
  (attention_net): Sequential(
    (0): Linear(in_features=1536, out_features=512, bias=True)
    (1): ReLU()
    (2): Dropout(p=0.25, inplace=False)
    (3): Attn_Net_Gated(
      (attention_a): Sequential(
        (0): Linear(in_features=512, out_features=256, bias=True)
        (1): Tanh()
        (2): Dropout(p=0.25, inplace=False)
      )
      (attention_b): Sequential(
        (0): Linear(in_features=512, out_features=256, bias=True)
        (1): Sigmoid()
        (2): Dropout(p=0.25, inplace=False)
      )
      (attention_c): Linear(in_features=256, out_features=1, bias=True)
    )
  )
  (classifiers): Linear(in_features=512, out_features=2, bias=True)
  (instance_classifiers): ModuleList(
    (0-1): 2 x Linear(in_features=512, out_features=2, bias=True)
  )
  (instance_loss_fn): SmoothTop1SVM()
)
Total number of parameters: 1052935
Total number of trainable parameters: 1052935

Init optimizer ... Done!

Init Loaders... Done!

Setup EarlyStopping... Done!


batch 19, loss: 1.0920, instance_loss: 0.9623, weighted_loss: 1.0531, label: 0, bag_size: 521
batch 39, loss: 1.0718, instance_loss: 0.6541, weighted_loss: 0.9465, label: 1, bag_size: 478
batch 59, loss: 0.5009, instance_loss: 0.0477, weighted_loss: 0.3650, label: 0, bag_size: 4090
batch 79, loss: 0.4251, instance_loss: 0.2630, weighted_loss: 0.3764, label: 0, bag_size: 842
batch 99, loss: 1.8577, instance_loss: 0.0834, weighted_loss: 1.3254, label: 1, bag_size: 656
batch 119, loss: 0.6354, instance_loss: 0.0054, weighted_loss: 0.4464, label: 0, bag_size: 3045
batch 139, loss: 0.4810, instance_loss: 0.1094, weighted_loss: 0.3695, label: 0, bag_size: 627
batch 159, loss: 0.4174, instance_loss: 0.1518, weighted_loss: 0.3378, label: 0, bag_size: 1208
batch 179, loss: 0.2774, instance_loss: 0.7893, weighted_loss: 0.4309, label: 1, bag_size: 5414
batch 199, loss: 0.2895, instance_loss: 0.1880, weighted_loss: 0.2591, label: 0, bag_size: 916
batch 219, loss: 0.4503, instance_loss: 0.1018, weighted_loss: 0.3457, label: 1, bag_size: 656
batch 239, loss: 0.1683, instance_loss: 0.0206, weighted_loss: 0.1240, label: 1, bag_size: 4012
batch 259, loss: 0.1838, instance_loss: 0.0747, weighted_loss: 0.1511, label: 1, bag_size: 1484
batch 279, loss: 1.1967, instance_loss: 0.0046, weighted_loss: 0.8390, label: 1, bag_size: 2324
batch 299, loss: 0.6365, instance_loss: 0.0318, weighted_loss: 0.4551, label: 1, bag_size: 3756
batch 319, loss: 0.4459, instance_loss: 0.0389, weighted_loss: 0.3238, label: 0, bag_size: 305
batch 339, loss: 0.1406, instance_loss: 0.0103, weighted_loss: 0.1015, label: 1, bag_size: 3756
batch 359, loss: 0.1418, instance_loss: 0.0016, weighted_loss: 0.0998, label: 1, bag_size: 3656
batch 379, loss: 0.4527, instance_loss: 0.0300, weighted_loss: 0.3259, label: 0, bag_size: 1340
batch 399, loss: 0.8009, instance_loss: 0.0101, weighted_loss: 0.5637, label: 0, bag_size: 4514
batch 419, loss: 0.7764, instance_loss: 0.0058, weighted_loss: 0.5452, label: 0, bag_size: 4800
batch 439, loss: 0.0688, instance_loss: 0.0015, weighted_loss: 0.0486, label: 0, bag_size: 716
batch 459, loss: 0.1181, instance_loss: 0.1387, weighted_loss: 0.1243, label: 0, bag_size: 466
batch 479, loss: 0.5341, instance_loss: 0.0200, weighted_loss: 0.3799, label: 1, bag_size: 1439
batch 499, loss: 0.4947, instance_loss: 0.0002, weighted_loss: 0.3464, label: 1, bag_size: 4201
batch 519, loss: 1.2390, instance_loss: 0.0545, weighted_loss: 0.8836, label: 1, bag_size: 541
batch 539, loss: 0.8832, instance_loss: 0.1236, weighted_loss: 0.6553, label: 0, bag_size: 429
batch 559, loss: 0.0540, instance_loss: 0.0595, weighted_loss: 0.0556, label: 1, bag_size: 714
batch 579, loss: 0.2218, instance_loss: 0.0045, weighted_loss: 0.1566, label: 1, bag_size: 5414
batch 599, loss: 0.0571, instance_loss: 0.0075, weighted_loss: 0.0422, label: 0, bag_size: 1723
batch 619, loss: 0.0937, instance_loss: 0.0068, weighted_loss: 0.0677, label: 1, bag_size: 5414
batch 639, loss: 0.2206, instance_loss: 0.0055, weighted_loss: 0.1561, label: 1, bag_size: 4133
batch 659, loss: 1.3840, instance_loss: 0.0472, weighted_loss: 0.9830, label: 0, bag_size: 6349
batch 679, loss: 0.2483, instance_loss: 0.0034, weighted_loss: 0.1748, label: 1, bag_size: 4022
batch 699, loss: 0.6440, instance_loss: 0.1347, weighted_loss: 0.4912, label: 1, bag_size: 903


class 0 clustering acc 0.9895092460881935: correct 5565/5624
class 1 clustering acc 0.9678165007112376: correct 5443/5624
Epoch: 0, train_loss: 0.5440, train_clustering_loss:  0.1201, train_error: 0.2731
class 0: acc 0.7378917378917379, correct 259/351
class 1: acc 0.7159090909090909, correct 252/352

Val Set, val_loss: 0.5384, val_error: 0.2581, auc: 0.6432
class 0 clustering acc 1.0: correct 1240/1240
class 1 clustering acc 1.0: correct 1240/1240
class 0: acc 0.7516778523489933, correct 112/149
class 1: acc 0.5, correct 3/6
Validation loss decreased (inf --> 0.538424).  Saving model ...


batch 19, loss: 0.1236, instance_loss: 0.0025, weighted_loss: 0.0872, label: 0, bag_size: 593
batch 39, loss: 0.5267, instance_loss: 0.0044, weighted_loss: 0.3700, label: 0, bag_size: 4883
batch 59, loss: 0.0527, instance_loss: 0.0003, weighted_loss: 0.0370, label: 1, bag_size: 5954
batch 79, loss: 0.0182, instance_loss: 0.0000, weighted_loss: 0.0127, label: 1, bag_size: 4593
batch 99, loss: 0.0203, instance_loss: 0.0012, weighted_loss: 0.0146, label: 1, bag_size: 656
batch 119, loss: 0.2112, instance_loss: 0.0082, weighted_loss: 0.1503, label: 1, bag_size: 5715
batch 139, loss: 0.1695, instance_loss: 0.0159, weighted_loss: 0.1234, label: 1, bag_size: 1491
batch 159, loss: 0.7124, instance_loss: 0.0079, weighted_loss: 0.5010, label: 0, bag_size: 3050
batch 179, loss: 0.0455, instance_loss: 0.0010, weighted_loss: 0.0322, label: 1, bag_size: 5528
batch 199, loss: 1.0413, instance_loss: 0.0013, weighted_loss: 0.7293, label: 0, bag_size: 675
batch 219, loss: 0.0317, instance_loss: 0.0000, weighted_loss: 0.0222, label: 0, bag_size: 3873
batch 239, loss: 0.0255, instance_loss: 0.0000, weighted_loss: 0.0179, label: 1, bag_size: 3656
batch 259, loss: 0.0178, instance_loss: 0.0007, weighted_loss: 0.0126, label: 0, bag_size: 2301
batch 279, loss: 0.1326, instance_loss: 0.0021, weighted_loss: 0.0935, label: 1, bag_size: 1439
batch 299, loss: 0.0063, instance_loss: 0.0000, weighted_loss: 0.0044, label: 1, bag_size: 3613
batch 319, loss: 1.7938, instance_loss: 0.0017, weighted_loss: 1.2562, label: 1, bag_size: 5073
batch 339, loss: 0.0331, instance_loss: 0.0000, weighted_loss: 0.0232, label: 1, bag_size: 4593
batch 359, loss: 0.0184, instance_loss: 0.0016, weighted_loss: 0.0134, label: 0, bag_size: 1296
batch 379, loss: 0.0104, instance_loss: 0.0052, weighted_loss: 0.0088, label: 0, bag_size: 1516
batch 399, loss: 0.1122, instance_loss: 0.0073, weighted_loss: 0.0807, label: 0, bag_size: 858
batch 419, loss: 0.0552, instance_loss: 0.0030, weighted_loss: 0.0395, label: 0, bag_size: 2428
batch 439, loss: 0.0071, instance_loss: 0.0020, weighted_loss: 0.0056, label: 0, bag_size: 2850
batch 459, loss: 0.2824, instance_loss: 0.0054, weighted_loss: 0.1993, label: 1, bag_size: 2324
batch 479, loss: 0.9092, instance_loss: 0.0285, weighted_loss: 0.6450, label: 1, bag_size: 903
batch 499, loss: 0.4361, instance_loss: 0.0004, weighted_loss: 0.3054, label: 1, bag_size: 5954
batch 519, loss: 0.4064, instance_loss: 0.0072, weighted_loss: 0.2867, label: 0, bag_size: 553
batch 539, loss: 0.0033, instance_loss: 0.0004, weighted_loss: 0.0024, label: 0, bag_size: 4251
batch 559, loss: 0.1441, instance_loss: 0.0008, weighted_loss: 0.1011, label: 1, bag_size: 2531
batch 579, loss: 0.0025, instance_loss: 0.0003, weighted_loss: 0.0018, label: 0, bag_size: 727
batch 599, loss: 0.0589, instance_loss: 0.0002, weighted_loss: 0.0413, label: 0, bag_size: 3059
batch 619, loss: 0.0364, instance_loss: 0.0012, weighted_loss: 0.0259, label: 1, bag_size: 686
batch 639, loss: 0.0109, instance_loss: 0.0002, weighted_loss: 0.0077, label: 0, bag_size: 3873
batch 659, loss: 0.0101, instance_loss: 0.0007, weighted_loss: 0.0073, label: 0, bag_size: 4204
batch 679, loss: 0.1208, instance_loss: 0.0000, weighted_loss: 0.0845, label: 0, bag_size: 4193
batch 699, loss: 0.0122, instance_loss: 0.0048, weighted_loss: 0.0099, label: 1, bag_size: 391


class 0 clustering acc 0.996977240398293: correct 5607/5624
class 1 clustering acc 0.9991109530583214: correct 5619/5624
Epoch: 1, train_loss: 0.2586, train_clustering_loss:  0.0123, train_error: 0.1067
class 0: acc 0.8743169398907104, correct 320/366
class 1: acc 0.913946587537092, correct 308/337

Val Set, val_loss: 0.3251, val_error: 0.1419, auc: 0.6398
class 0 clustering acc 1.0: correct 1240/1240
class 1 clustering acc 0.9991935483870967: correct 1239/1240
class 0: acc 0.8791946308724832, correct 131/149
class 1: acc 0.3333333333333333, correct 2/6
Validation loss decreased (0.538424 --> 0.325063).  Saving model ...


batch 19, loss: 0.0249, instance_loss: 0.0010, weighted_loss: 0.0178, label: 0, bag_size: 742
batch 39, loss: 0.0077, instance_loss: 0.0003, weighted_loss: 0.0055, label: 0, bag_size: 2450
batch 59, loss: 0.0438, instance_loss: 0.0007, weighted_loss: 0.0308, label: 1, bag_size: 893
batch 79, loss: 0.0253, instance_loss: 0.0106, weighted_loss: 0.0209, label: 0, bag_size: 453
batch 99, loss: 0.2654, instance_loss: 0.0000, weighted_loss: 0.1858, label: 1, bag_size: 4201
batch 119, loss: 0.0104, instance_loss: 0.0003, weighted_loss: 0.0074, label: 0, bag_size: 1126
batch 139, loss: 0.0053, instance_loss: 0.0021, weighted_loss: 0.0043, label: 1, bag_size: 662
batch 159, loss: 0.0466, instance_loss: 0.0075, weighted_loss: 0.0349, label: 0, bag_size: 3700
batch 179, loss: 0.0053, instance_loss: 0.0009, weighted_loss: 0.0040, label: 0, bag_size: 1067
batch 199, loss: 1.5504, instance_loss: 0.0013, weighted_loss: 1.0857, label: 0, bag_size: 3479
batch 219, loss: 0.2460, instance_loss: 0.0000, weighted_loss: 0.1722, label: 0, bag_size: 2949
batch 239, loss: 0.0152, instance_loss: 0.0030, weighted_loss: 0.0116, label: 1, bag_size: 656
batch 259, loss: 0.0735, instance_loss: 0.0021, weighted_loss: 0.0521, label: 1, bag_size: 3707
batch 279, loss: 0.0035, instance_loss: 0.0034, weighted_loss: 0.0035, label: 1, bag_size: 662
batch 299, loss: 0.0050, instance_loss: 0.0000, weighted_loss: 0.0035, label: 1, bag_size: 4593
batch 319, loss: 0.0134, instance_loss: 0.0002, weighted_loss: 0.0094, label: 1, bag_size: 2160
batch 339, loss: 0.0008, instance_loss: 0.0000, weighted_loss: 0.0006, label: 0, bag_size: 501
batch 359, loss: 0.5040, instance_loss: 0.0012, weighted_loss: 0.3532, label: 1, bag_size: 5954
batch 379, loss: 0.0078, instance_loss: 0.0230, weighted_loss: 0.0124, label: 0, bag_size: 1668
batch 399, loss: 0.0023, instance_loss: 0.0013, weighted_loss: 0.0020, label: 0, bag_size: 2211
batch 419, loss: 0.0019, instance_loss: 0.0007, weighted_loss: 0.0015, label: 0, bag_size: 1409
batch 439, loss: 0.0299, instance_loss: 0.0015, weighted_loss: 0.0214, label: 1, bag_size: 686
batch 459, loss: 0.0819, instance_loss: 0.0002, weighted_loss: 0.0574, label: 0, bag_size: 712
batch 479, loss: 0.0016, instance_loss: 0.0055, weighted_loss: 0.0028, label: 1, bag_size: 714
batch 499, loss: 0.0084, instance_loss: 0.0071, weighted_loss: 0.0080, label: 0, bag_size: 2927
batch 519, loss: 0.0052, instance_loss: 0.0145, weighted_loss: 0.0080, label: 1, bag_size: 204
batch 539, loss: 0.0547, instance_loss: 0.0121, weighted_loss: 0.0419, label: 1, bag_size: 903
batch 559, loss: 0.0289, instance_loss: 0.0000, weighted_loss: 0.0202, label: 1, bag_size: 4045
batch 579, loss: 0.0139, instance_loss: 0.0000, weighted_loss: 0.0097, label: 1, bag_size: 3656
batch 599, loss: 0.0428, instance_loss: 0.0000, weighted_loss: 0.0299, label: 1, bag_size: 5528
batch 619, loss: 0.0001, instance_loss: 0.0037, weighted_loss: 0.0012, label: 0, bag_size: 304
batch 639, loss: 0.0951, instance_loss: 0.0066, weighted_loss: 0.0685, label: 1, bag_size: 541
batch 659, loss: 0.0310, instance_loss: 0.0018, weighted_loss: 0.0223, label: 1, bag_size: 668
batch 679, loss: 0.0113, instance_loss: 0.0046, weighted_loss: 0.0093, label: 1, bag_size: 714
batch 699, loss: 0.1170, instance_loss: 0.0002, weighted_loss: 0.0819, label: 1, bag_size: 4593


class 0 clustering acc 0.9978662873399715: correct 5612/5624
class 1 clustering acc 0.9978662873399715: correct 5612/5624
Epoch: 2, train_loss: 0.1818, train_clustering_loss:  0.0116, train_error: 0.0612
class 0: acc 0.9215686274509803, correct 329/357
class 1: acc 0.9566473988439307, correct 331/346

Val Set, val_loss: 0.3782, val_error: 0.1613, auc: 0.6409
class 0 clustering acc 1.0: correct 1240/1240
class 1 clustering acc 0.9959677419354839: correct 1235/1240
class 0: acc 0.8590604026845637, correct 128/149
class 1: acc 0.3333333333333333, correct 2/6
EarlyStopping counter: 1 out of 20


batch 19, loss: 0.0009, instance_loss: 0.0000, weighted_loss: 0.0006, label: 0, bag_size: 1030
batch 39, loss: 0.0437, instance_loss: 0.0009, weighted_loss: 0.0308, label: 1, bag_size: 1491
batch 59, loss: 0.0024, instance_loss: 0.0048, weighted_loss: 0.0031, label: 0, bag_size: 417
batch 79, loss: 0.0497, instance_loss: 0.0009, weighted_loss: 0.0350, label: 1, bag_size: 1484
batch 99, loss: 0.0174, instance_loss: 0.0007, weighted_loss: 0.0124, label: 1, bag_size: 5715
batch 119, loss: 0.0192, instance_loss: 0.0016, weighted_loss: 0.0139, label: 1, bag_size: 668
batch 139, loss: 0.0951, instance_loss: 0.0009, weighted_loss: 0.0669, label: 0, bag_size: 4514
batch 159, loss: 0.2041, instance_loss: 0.0003, weighted_loss: 0.1430, label: 1, bag_size: 5637
batch 179, loss: 0.1622, instance_loss: 0.0051, weighted_loss: 0.1150, label: 1, bag_size: 619
batch 199, loss: 0.2114, instance_loss: 0.0013, weighted_loss: 0.1484, label: 1, bag_size: 1484
batch 219, loss: 0.1764, instance_loss: 0.0007, weighted_loss: 0.1237, label: 0, bag_size: 4417
batch 239, loss: 0.0538, instance_loss: 0.0011, weighted_loss: 0.0380, label: 1, bag_size: 1484
batch 259, loss: 0.0000, instance_loss: 0.0005, weighted_loss: 0.0002, label: 0, bag_size: 4251
batch 279, loss: 0.1592, instance_loss: 0.0004, weighted_loss: 0.1115, label: 0, bag_size: 1411
batch 299, loss: 0.0016, instance_loss: 0.0013, weighted_loss: 0.0015, label: 0, bag_size: 4897
batch 319, loss: 0.3964, instance_loss: 0.0009, weighted_loss: 0.2777, label: 0, bag_size: 4629
batch 339, loss: 0.0019, instance_loss: 0.0000, weighted_loss: 0.0013, label: 0, bag_size: 2084
batch 359, loss: 0.0144, instance_loss: 0.0025, weighted_loss: 0.0108, label: 1, bag_size: 1491
batch 379, loss: 0.0220, instance_loss: 0.0039, weighted_loss: 0.0166, label: 1, bag_size: 668
batch 399, loss: 0.0122, instance_loss: 0.0000, weighted_loss: 0.0085, label: 1, bag_size: 5528
batch 419, loss: 0.0034, instance_loss: 0.0007, weighted_loss: 0.0026, label: 1, bag_size: 2324
batch 439, loss: 0.0185, instance_loss: 0.0000, weighted_loss: 0.0129, label: 1, bag_size: 5637
batch 459, loss: 0.0474, instance_loss: 0.0000, weighted_loss: 0.0332, label: 1, bag_size: 3756
batch 479, loss: 0.0574, instance_loss: 0.0077, weighted_loss: 0.0425, label: 1, bag_size: 5414
batch 499, loss: 0.0989, instance_loss: 0.0034, weighted_loss: 0.0703, label: 0, bag_size: 1147
batch 519, loss: 0.0120, instance_loss: 0.0003, weighted_loss: 0.0085, label: 1, bag_size: 5715
batch 539, loss: 0.6083, instance_loss: 0.0047, weighted_loss: 0.4272, label: 0, bag_size: 832
batch 559, loss: 0.0164, instance_loss: 0.0000, weighted_loss: 0.0115, label: 1, bag_size: 3613
batch 579, loss: 0.0050, instance_loss: 0.0000, weighted_loss: 0.0035, label: 1, bag_size: 3756
batch 599, loss: 0.7916, instance_loss: 0.0006, weighted_loss: 0.5543, label: 0, bag_size: 3479
batch 619, loss: 0.0714, instance_loss: 0.0000, weighted_loss: 0.0500, label: 1, bag_size: 2160
batch 639, loss: 0.0203, instance_loss: 0.0050, weighted_loss: 0.0157, label: 1, bag_size: 619
batch 659, loss: 0.0722, instance_loss: 0.0114, weighted_loss: 0.0540, label: 0, bag_size: 832
batch 679, loss: 0.0003, instance_loss: 0.0000, weighted_loss: 0.0002, label: 0, bag_size: 989
batch 699, loss: 0.0008, instance_loss: 0.0025, weighted_loss: 0.0013, label: 1, bag_size: 893


class 0 clustering acc 1.0: correct 5624/5624
class 1 clustering acc 0.9996443812233285: correct 5622/5624
Epoch: 3, train_loss: 0.1113, train_clustering_loss:  0.0051, train_error: 0.0398
class 0: acc 0.9510086455331412, correct 330/347
class 1: acc 0.9691011235955056, correct 345/356

Val Set, val_loss: 0.6096, val_error: 0.1742, auc: 0.4955
class 0 clustering acc 1.0: correct 1240/1240
class 1 clustering acc 1.0: correct 1240/1240
class 0: acc 0.8590604026845637, correct 128/149
class 1: acc 0.0, correct 0/6
EarlyStopping counter: 2 out of 20


batch 19, loss: 0.0031, instance_loss: 0.0000, weighted_loss: 0.0021, label: 1, bag_size: 2160
batch 39, loss: 0.0014, instance_loss: 0.0002, weighted_loss: 0.0010, label: 0, bag_size: 916
batch 59, loss: 0.0184, instance_loss: 0.0002, weighted_loss: 0.0130, label: 1, bag_size: 2160
batch 79, loss: 0.0125, instance_loss: 0.0002, weighted_loss: 0.0088, label: 1, bag_size: 3707
batch 99, loss: 0.0019, instance_loss: 0.0005, weighted_loss: 0.0015, label: 1, bag_size: 652
batch 119, loss: 0.0002, instance_loss: 0.0000, weighted_loss: 0.0002, label: 0, bag_size: 4104
batch 139, loss: 0.0116, instance_loss: 0.0000, weighted_loss: 0.0081, label: 1, bag_size: 3656
batch 159, loss: 0.0059, instance_loss: 0.0052, weighted_loss: 0.0057, label: 1, bag_size: 775
batch 179, loss: 0.0002, instance_loss: 0.0095, weighted_loss: 0.0029, label: 0, bag_size: 1409
batch 199, loss: 0.0070, instance_loss: 0.0002, weighted_loss: 0.0050, label: 1, bag_size: 391
batch 219, loss: 0.0055, instance_loss: 0.0022, weighted_loss: 0.0045, label: 1, bag_size: 5715
batch 239, loss: 0.0103, instance_loss: 0.0000, weighted_loss: 0.0072, label: 1, bag_size: 5528
batch 259, loss: 0.0098, instance_loss: 0.0018, weighted_loss: 0.0074, label: 0, bag_size: 2892
batch 279, loss: 0.0026, instance_loss: 0.0072, weighted_loss: 0.0040, label: 0, bag_size: 1922
batch 299, loss: 0.0066, instance_loss: 0.0024, weighted_loss: 0.0054, label: 0, bag_size: 2678
batch 319, loss: 0.0525, instance_loss: 0.0003, weighted_loss: 0.0368, label: 1, bag_size: 2160
batch 339, loss: 0.0003, instance_loss: 0.0004, weighted_loss: 0.0004, label: 0, bag_size: 4172
batch 359, loss: 0.9164, instance_loss: 0.0002, weighted_loss: 0.6415, label: 1, bag_size: 4322
batch 379, loss: 0.1001, instance_loss: 0.0009, weighted_loss: 0.0703, label: 0, bag_size: 4420
batch 399, loss: 0.0262, instance_loss: 0.0002, weighted_loss: 0.0184, label: 1, bag_size: 1484
batch 419, loss: 0.7690, instance_loss: 0.0071, weighted_loss: 0.5404, label: 1, bag_size: 619
batch 439, loss: 0.0038, instance_loss: 0.0008, weighted_loss: 0.0029, label: 0, bag_size: 1693
batch 459, loss: 0.0039, instance_loss: 0.0000, weighted_loss: 0.0027, label: 1, bag_size: 4133
batch 479, loss: 0.0881, instance_loss: 0.0016, weighted_loss: 0.0621, label: 1, bag_size: 4133
batch 499, loss: 0.3669, instance_loss: 0.0002, weighted_loss: 0.2569, label: 1, bag_size: 4022
batch 519, loss: 0.0019, instance_loss: 0.0011, weighted_loss: 0.0016, label: 0, bag_size: 4580
batch 539, loss: 0.0892, instance_loss: 0.0000, weighted_loss: 0.0624, label: 0, bag_size: 2567
batch 559, loss: 0.0005, instance_loss: 0.0059, weighted_loss: 0.0021, label: 0, bag_size: 539
batch 579, loss: 0.0003, instance_loss: 0.0005, weighted_loss: 0.0004, label: 0, bag_size: 712
batch 599, loss: 0.0861, instance_loss: 0.0021, weighted_loss: 0.0609, label: 0, bag_size: 5359
batch 619, loss: 0.0000, instance_loss: 0.0006, weighted_loss: 0.0002, label: 0, bag_size: 716
batch 639, loss: 0.0272, instance_loss: 0.0810, weighted_loss: 0.0433, label: 1, bag_size: 775
batch 659, loss: 0.0342, instance_loss: 0.0000, weighted_loss: 0.0240, label: 1, bag_size: 3756
batch 679, loss: 0.0030, instance_loss: 0.0003, weighted_loss: 0.0022, label: 0, bag_size: 1632
batch 699, loss: 0.0061, instance_loss: 0.0008, weighted_loss: 0.0045, label: 1, bag_size: 391


class 0 clustering acc 0.9985775248933144: correct 5616/5624
class 1 clustering acc 0.9994665718349929: correct 5621/5624
Epoch: 4, train_loss: 0.1155, train_clustering_loss:  0.0071, train_error: 0.0455
class 0: acc 0.9415041782729805, correct 338/359
class 1: acc 0.9680232558139535, correct 333/344

Val Set, val_loss: 0.5177, val_error: 0.1548, auc: 0.5235
class 0 clustering acc 1.0: correct 1240/1240
class 1 clustering acc 1.0: correct 1240/1240
class 0: acc 0.8791946308724832, correct 131/149
class 1: acc 0.0, correct 0/6
EarlyStopping counter: 3 out of 20


batch 19, loss: 0.0003, instance_loss: 0.0016, weighted_loss: 0.0007, label: 0, bag_size: 1924
batch 39, loss: 0.3070, instance_loss: 0.0013, weighted_loss: 0.2153, label: 1, bag_size: 4593
batch 59, loss: 0.0096, instance_loss: 0.0031, weighted_loss: 0.0076, label: 0, bag_size: 2149
batch 79, loss: 0.0038, instance_loss: 0.0031, weighted_loss: 0.0036, label: 0, bag_size: 1377
batch 99, loss: 0.0000, instance_loss: 0.0002, weighted_loss: 0.0001, label: 0, bag_size: 394
batch 119, loss: 0.0004, instance_loss: 0.0029, weighted_loss: 0.0011, label: 0, bag_size: 2211
batch 139, loss: 0.0011, instance_loss: 0.0210, weighted_loss: 0.0071, label: 0, bag_size: 1132
batch 159, loss: 0.0010, instance_loss: 0.0043, weighted_loss: 0.0020, label: 0, bag_size: 1016
batch 179, loss: 0.0047, instance_loss: 0.0035, weighted_loss: 0.0043, label: 0, bag_size: 3050
batch 199, loss: 0.0000, instance_loss: 0.0003, weighted_loss: 0.0001, label: 0, bag_size: 1219
batch 219, loss: 0.0000, instance_loss: 0.0000, weighted_loss: 0.0000, label: 0, bag_size: 1315
batch 239, loss: 1.9224, instance_loss: 0.0008, weighted_loss: 1.3459, label: 0, bag_size: 5019
batch 259, loss: 0.0000, instance_loss: 0.0000, weighted_loss: 0.0000, label: 0, bag_size: 3884
batch 279, loss: 0.0841, instance_loss: 0.0000, weighted_loss: 0.0589, label: 1, bag_size: 4593
batch 299, loss: 0.0045, instance_loss: 0.0000, weighted_loss: 0.0031, label: 0, bag_size: 727
batch 319, loss: 0.0000, instance_loss: 0.0000, weighted_loss: 0.0000, label: 0, bag_size: 2733
batch 339, loss: 0.0042, instance_loss: 0.0000, weighted_loss: 0.0029, label: 1, bag_size: 1518
batch 359, loss: 0.2492, instance_loss: 0.0000, weighted_loss: 0.1745, label: 1, bag_size: 4045
batch 379, loss: 0.0015, instance_loss: 0.0000, weighted_loss: 0.0010, label: 1, bag_size: 4022
batch 399, loss: 0.0034, instance_loss: 0.0032, weighted_loss: 0.0033, label: 1, bag_size: 1504
batch 419, loss: 0.0000, instance_loss: 0.0007, weighted_loss: 0.0002, label: 0, bag_size: 2911
batch 439, loss: 0.0144, instance_loss: 0.0000, weighted_loss: 0.0101, label: 1, bag_size: 4045
batch 459, loss: 0.0000, instance_loss: 0.0006, weighted_loss: 0.0002, label: 0, bag_size: 2850
batch 479, loss: 0.0001, instance_loss: 0.0011, weighted_loss: 0.0004, label: 0, bag_size: 632
batch 499, loss: 0.0003, instance_loss: 0.0032, weighted_loss: 0.0012, label: 0, bag_size: 416
batch 519, loss: 0.0037, instance_loss: 0.0000, weighted_loss: 0.0026, label: 0, bag_size: 1768
batch 539, loss: 0.0315, instance_loss: 0.0000, weighted_loss: 0.0221, label: 1, bag_size: 3393
batch 559, loss: 0.0041, instance_loss: 0.0000, weighted_loss: 0.0029, label: 0, bag_size: 1007
batch 579, loss: 0.0000, instance_loss: 0.0000, weighted_loss: 0.0000, label: 0, bag_size: 340
batch 599, loss: 0.0013, instance_loss: 0.0010, weighted_loss: 0.0012, label: 1, bag_size: 478
batch 619, loss: 1.2319, instance_loss: 0.0000, weighted_loss: 0.8623, label: 0, bag_size: 1685
batch 639, loss: 0.0066, instance_loss: 0.0022, weighted_loss: 0.0053, label: 0, bag_size: 1204
batch 659, loss: 0.0002, instance_loss: 0.0006, weighted_loss: 0.0003, label: 0, bag_size: 3105
batch 679, loss: 0.0007, instance_loss: 0.0021, weighted_loss: 0.0011, label: 1, bag_size: 391
batch 699, loss: 0.2633, instance_loss: 0.0000, weighted_loss: 0.1843, label: 1, bag_size: 2607


class 0 clustering acc 0.9989331436699858: correct 5618/5624
class 1 clustering acc 0.9980440967283073: correct 5613/5624
Epoch: 5, train_loss: 0.0604, train_clustering_loss:  0.0080, train_error: 0.0185
class 0: acc 0.9727520435967303, correct 357/367
class 1: acc 0.9910714285714286, correct 333/336

Val Set, val_loss: 0.5027, val_error: 0.1161, auc: 0.5526
class 0 clustering acc 1.0: correct 1240/1240
class 1 clustering acc 0.9983870967741936: correct 1238/1240
class 0: acc 0.9194630872483222, correct 137/149
class 1: acc 0.0, correct 0/6
EarlyStopping counter: 4 out of 20


batch 19, loss: 0.0006, instance_loss: 0.0000, weighted_loss: 0.0004, label: 1, bag_size: 2324
batch 39, loss: 0.0037, instance_loss: 0.0093, weighted_loss: 0.0054, label: 1, bag_size: 619
batch 59, loss: 0.0003, instance_loss: 0.0016, weighted_loss: 0.0007, label: 1, bag_size: 2160
batch 79, loss: 0.0062, instance_loss: 0.0031, weighted_loss: 0.0053, label: 1, bag_size: 5528
batch 99, loss: 0.0025, instance_loss: 0.0007, weighted_loss: 0.0020, label: 1, bag_size: 4133
batch 119, loss: 2.0166, instance_loss: 0.0009, weighted_loss: 1.4119, label: 0, bag_size: 3859
batch 139, loss: 0.0001, instance_loss: 0.0033, weighted_loss: 0.0011, label: 0, bag_size: 263
batch 159, loss: 0.0004, instance_loss: 0.0000, weighted_loss: 0.0003, label: 0, bag_size: 2911
batch 179, loss: 0.0313, instance_loss: 0.0000, weighted_loss: 0.0219, label: 0, bag_size: 875
batch 199, loss: 0.0002, instance_loss: 0.0018, weighted_loss: 0.0007, label: 0, bag_size: 745
batch 219, loss: 0.2999, instance_loss: 0.0078, weighted_loss: 0.2123, label: 1, bag_size: 668
batch 239, loss: 0.0009, instance_loss: 0.0006, weighted_loss: 0.0008, label: 0, bag_size: 2513
batch 259, loss: 0.0001, instance_loss: 0.0018, weighted_loss: 0.0006, label: 0, bag_size: 1447
batch 279, loss: 0.0007, instance_loss: 0.0069, weighted_loss: 0.0025, label: 1, bag_size: 714
batch 299, loss: 0.0000, instance_loss: 0.1085, weighted_loss: 0.0326, label: 0, bag_size: 1147
batch 319, loss: 0.0059, instance_loss: 0.0044, weighted_loss: 0.0054, label: 1, bag_size: 893
batch 339, loss: 0.0010, instance_loss: 0.0000, weighted_loss: 0.0007, label: 1, bag_size: 2531
batch 359, loss: 0.0008, instance_loss: 0.0002, weighted_loss: 0.0006, label: 0, bag_size: 916
batch 379, loss: 0.0005, instance_loss: 0.0000, weighted_loss: 0.0004, label: 0, bag_size: 1736
batch 399, loss: 0.0049, instance_loss: 0.0000, weighted_loss: 0.0034, label: 1, bag_size: 2160
batch 419, loss: 0.0010, instance_loss: 0.0014, weighted_loss: 0.0011, label: 1, bag_size: 541
batch 439, loss: 0.0096, instance_loss: 0.0014, weighted_loss: 0.0072, label: 1, bag_size: 4022
batch 459, loss: 0.0015, instance_loss: 0.0007, weighted_loss: 0.0013, label: 1, bag_size: 541
batch 479, loss: 0.0166, instance_loss: 0.0022, weighted_loss: 0.0123, label: 0, bag_size: 4697
batch 499, loss: 0.0046, instance_loss: 0.0000, weighted_loss: 0.0032, label: 1, bag_size: 666
batch 519, loss: 0.0007, instance_loss: 0.0030, weighted_loss: 0.0014, label: 0, bag_size: 221
batch 539, loss: 0.0030, instance_loss: 0.0000, weighted_loss: 0.0021, label: 1, bag_size: 4201
batch 559, loss: 0.0600, instance_loss: 0.0003, weighted_loss: 0.0421, label: 1, bag_size: 5954
batch 579, loss: 0.5231, instance_loss: 0.0024, weighted_loss: 0.3669, label: 1, bag_size: 4322
batch 599, loss: 0.0034, instance_loss: 0.0000, weighted_loss: 0.0024, label: 0, bag_size: 3050
batch 619, loss: 0.0501, instance_loss: 0.0247, weighted_loss: 0.0425, label: 0, bag_size: 400
batch 639, loss: 0.0029, instance_loss: 0.0002, weighted_loss: 0.0021, label: 1, bag_size: 2324
batch 659, loss: 0.0015, instance_loss: 0.0111, weighted_loss: 0.0044, label: 1, bag_size: 619
batch 679, loss: 0.0000, instance_loss: 0.0000, weighted_loss: 0.0000, label: 0, bag_size: 5034
batch 699, loss: 0.0012, instance_loss: 0.0024, weighted_loss: 0.0016, label: 1, bag_size: 662


class 0 clustering acc 0.9998221906116643: correct 5623/5624
class 1 clustering acc 0.9983997155049786: correct 5615/5624
Epoch: 6, train_loss: 0.0886, train_clustering_loss:  0.0091, train_error: 0.0270
class 0: acc 0.9630681818181818, correct 339/352
class 1: acc 0.9829059829059829, correct 345/351

Val Set, val_loss: 0.4024, val_error: 0.1032, auc: 0.6532
class 0 clustering acc 1.0: correct 1240/1240
class 1 clustering acc 0.9983870967741936: correct 1238/1240
class 0: acc 0.9261744966442953, correct 138/149
class 1: acc 0.16666666666666666, correct 1/6
EarlyStopping counter: 5 out of 20


batch 19, loss: 0.0011, instance_loss: 0.0011, weighted_loss: 0.0011, label: 0, bag_size: 829
batch 39, loss: 0.0009, instance_loss: 0.0000, weighted_loss: 0.0006, label: 1, bag_size: 4201
batch 59, loss: 0.0008, instance_loss: 0.0000, weighted_loss: 0.0006, label: 1, bag_size: 1439
batch 79, loss: 0.0003, instance_loss: 0.0002, weighted_loss: 0.0003, label: 1, bag_size: 893
batch 99, loss: 4.0450, instance_loss: 0.0021, weighted_loss: 2.8322, label: 0, bag_size: 6349
batch 119, loss: 0.2406, instance_loss: 0.0003, weighted_loss: 0.1685, label: 1, bag_size: 5528
batch 139, loss: 0.0144, instance_loss: 0.0000, weighted_loss: 0.0101, label: 1, bag_size: 5073
batch 159, loss: 0.0127, instance_loss: 0.0082, weighted_loss: 0.0114, label: 1, bag_size: 668
batch 179, loss: 0.0002, instance_loss: 0.0004, weighted_loss: 0.0003, label: 0, bag_size: 945
batch 199, loss: 0.0003, instance_loss: 0.0000, weighted_loss: 0.0002, label: 0, bag_size: 3269
batch 219, loss: 0.0000, instance_loss: 0.0000, weighted_loss: 0.0000, label: 0, bag_size: 1466
batch 239, loss: 0.0047, instance_loss: 0.0004, weighted_loss: 0.0034, label: 1, bag_size: 5715
batch 259, loss: 0.0009, instance_loss: 0.0000, weighted_loss: 0.0006, label: 1, bag_size: 2324
batch 279, loss: 0.0027, instance_loss: 0.0000, weighted_loss: 0.0019, label: 1, bag_size: 666
batch 299, loss: 0.0002, instance_loss: 0.0004, weighted_loss: 0.0002, label: 0, bag_size: 270
batch 319, loss: 0.0000, instance_loss: 0.0000, weighted_loss: 0.0000, label: 0, bag_size: 3415
batch 339, loss: 0.0269, instance_loss: 0.0006, weighted_loss: 0.0190, label: 1, bag_size: 4022
batch 359, loss: 0.0002, instance_loss: 0.0007, weighted_loss: 0.0003, label: 1, bag_size: 893
batch 379, loss: 0.0009, instance_loss: 0.0009, weighted_loss: 0.0009, label: 0, bag_size: 564
batch 399, loss: 0.0202, instance_loss: 0.0005, weighted_loss: 0.0143, label: 0, bag_size: 1030
batch 419, loss: 0.0027, instance_loss: 0.0034, weighted_loss: 0.0029, label: 1, bag_size: 666
batch 439, loss: 0.0003, instance_loss: 0.0044, weighted_loss: 0.0015, label: 0, bag_size: 1599
batch 459, loss: 0.0546, instance_loss: 0.0009, weighted_loss: 0.0385, label: 0, bag_size: 5307
batch 479, loss: 0.0007, instance_loss: 0.0006, weighted_loss: 0.0006, label: 0, bag_size: 2466
batch 499, loss: 0.0060, instance_loss: 0.0026, weighted_loss: 0.0050, label: 0, bag_size: 755
batch 519, loss: 0.0000, instance_loss: 0.0004, weighted_loss: 0.0001, label: 0, bag_size: 4978
batch 539, loss: 0.0001, instance_loss: 0.0010, weighted_loss: 0.0004, label: 0, bag_size: 686
batch 559, loss: 0.0048, instance_loss: 0.0000, weighted_loss: 0.0034, label: 1, bag_size: 5414
batch 579, loss: 0.0006, instance_loss: 0.0006, weighted_loss: 0.0006, label: 1, bag_size: 668
batch 599, loss: 0.0010, instance_loss: 0.0000, weighted_loss: 0.0007, label: 0, bag_size: 1343
batch 619, loss: 0.0017, instance_loss: 0.0000, weighted_loss: 0.0012, label: 1, bag_size: 656
batch 639, loss: 0.0001, instance_loss: 0.0003, weighted_loss: 0.0002, label: 0, bag_size: 2850
batch 659, loss: 0.0000, instance_loss: 0.0000, weighted_loss: 0.0000, label: 0, bag_size: 5329
batch 679, loss: 0.0002, instance_loss: 0.0006, weighted_loss: 0.0003, label: 0, bag_size: 742
batch 699, loss: 0.0001, instance_loss: 0.0012, weighted_loss: 0.0004, label: 1, bag_size: 1504


class 0 clustering acc 0.9983997155049786: correct 5615/5624
class 1 clustering acc 0.9991109530583214: correct 5619/5624
Epoch: 7, train_loss: 0.0356, train_clustering_loss:  0.0054, train_error: 0.0142
class 0: acc 0.9811320754716981, correct 312/318
class 1: acc 0.9896103896103896, correct 381/385

Val Set, val_loss: 0.5550, val_error: 0.1355, auc: 0.7013
class 0 clustering acc 1.0: correct 1240/1240
class 1 clustering acc 0.9983870967741936: correct 1238/1240
class 0: acc 0.8859060402684564, correct 132/149
class 1: acc 0.3333333333333333, correct 2/6
EarlyStopping counter: 6 out of 20


batch 19, loss: 0.0007, instance_loss: 0.0000, weighted_loss: 0.0005, label: 0, bag_size: 727
batch 39, loss: 0.0029, instance_loss: 0.0002, weighted_loss: 0.0021, label: 1, bag_size: 5715
batch 59, loss: 0.0000, instance_loss: 0.0005, weighted_loss: 0.0002, label: 0, bag_size: 375
batch 79, loss: 0.0008, instance_loss: 0.0000, weighted_loss: 0.0005, label: 0, bag_size: 2280
batch 99, loss: 0.0000, instance_loss: 0.0006, weighted_loss: 0.0002, label: 0, bag_size: 489
batch 119, loss: 0.0000, instance_loss: 0.0010, weighted_loss: 0.0003, label: 0, bag_size: 3919
batch 139, loss: 0.0003, instance_loss: 0.0000, weighted_loss: 0.0002, label: 0, bag_size: 449
batch 159, loss: 0.0000, instance_loss: 0.0000, weighted_loss: 0.0000, label: 0, bag_size: 1009
batch 179, loss: 0.0002, instance_loss: 0.0000, weighted_loss: 0.0001, label: 0, bag_size: 491
batch 199, loss: 0.0002, instance_loss: 0.0000, weighted_loss: 0.0001, label: 0, bag_size: 1334
batch 219, loss: 0.0387, instance_loss: 0.0013, weighted_loss: 0.0275, label: 0, bag_size: 3109
batch 239, loss: 0.0008, instance_loss: 0.0007, weighted_loss: 0.0007, label: 0, bag_size: 1176
batch 259, loss: 0.0009, instance_loss: 0.0002, weighted_loss: 0.0007, label: 1, bag_size: 662
batch 279, loss: 0.0049, instance_loss: 0.0002, weighted_loss: 0.0035, label: 1, bag_size: 2607
batch 299, loss: 0.0001, instance_loss: 0.0000, weighted_loss: 0.0001, label: 0, bag_size: 1312
batch 319, loss: 0.0001, instance_loss: 0.0004, weighted_loss: 0.0002, label: 0, bag_size: 1379
batch 339, loss: 0.1270, instance_loss: 0.0007, weighted_loss: 0.0891, label: 1, bag_size: 5611
batch 359, loss: 0.0003, instance_loss: 0.0000, weighted_loss: 0.0002, label: 1, bag_size: 893
batch 379, loss: 0.0096, instance_loss: 0.0000, weighted_loss: 0.0067, label: 1, bag_size: 3656
batch 399, loss: 0.0004, instance_loss: 0.0000, weighted_loss: 0.0003, label: 1, bag_size: 4593
batch 419, loss: 0.0006, instance_loss: 0.0004, weighted_loss: 0.0005, label: 1, bag_size: 541
batch 439, loss: 0.0006, instance_loss: 0.0000, weighted_loss: 0.0004, label: 1, bag_size: 652
batch 459, loss: 0.0003, instance_loss: 0.0000, weighted_loss: 0.0002, label: 0, bag_size: 1924
batch 479, loss: 0.0000, instance_loss: 0.0000, weighted_loss: 0.0000, label: 0, bag_size: 3389
batch 499, loss: 0.0000, instance_loss: 0.0128, weighted_loss: 0.0039, label: 0, bag_size: 263
batch 519, loss: 0.0080, instance_loss: 0.0050, weighted_loss: 0.0071, label: 0, bag_size: 2957
batch 539, loss: 0.0001, instance_loss: 0.0009, weighted_loss: 0.0003, label: 0, bag_size: 802
batch 559, loss: 0.0000, instance_loss: 0.0013, weighted_loss: 0.0004, label: 0, bag_size: 560
batch 579, loss: 0.0009, instance_loss: 0.0009, weighted_loss: 0.0009, label: 1, bag_size: 619
batch 599, loss: 0.0019, instance_loss: 0.0000, weighted_loss: 0.0013, label: 1, bag_size: 662
batch 619, loss: 1.0257, instance_loss: 0.0000, weighted_loss: 0.7180, label: 1, bag_size: 4322
batch 639, loss: 0.0000, instance_loss: 0.0015, weighted_loss: 0.0004, label: 0, bag_size: 929
batch 659, loss: 0.0010, instance_loss: 0.0000, weighted_loss: 0.0007, label: 0, bag_size: 3269
batch 679, loss: 0.0001, instance_loss: 0.0009, weighted_loss: 0.0003, label: 0, bag_size: 299
batch 699, loss: 0.0017, instance_loss: 0.0006, weighted_loss: 0.0014, label: 1, bag_size: 662


class 0 clustering acc 1.0: correct 5624/5624
class 1 clustering acc 0.9985775248933144: correct 5616/5624
Epoch: 8, train_loss: 0.0353, train_clustering_loss:  0.0063, train_error: 0.0128
class 0: acc 0.9830508474576272, correct 348/354
class 1: acc 0.9914040114613181, correct 346/349

Val Set, val_loss: 0.4366, val_error: 0.0968, auc: 0.7271
class 0 clustering acc 1.0: correct 1240/1240
class 1 clustering acc 1.0: correct 1240/1240
class 0: acc 0.9261744966442953, correct 138/149
class 1: acc 0.3333333333333333, correct 2/6
EarlyStopping counter: 7 out of 20


batch 19, loss: 2.8890, instance_loss: 0.0033, weighted_loss: 2.0233, label: 0, bag_size: 1677
batch 39, loss: 0.0025, instance_loss: 0.0002, weighted_loss: 0.0018, label: 0, bag_size: 2653
batch 59, loss: 0.0001, instance_loss: 0.0000, weighted_loss: 0.0000, label: 0, bag_size: 2461
batch 79, loss: 0.0008, instance_loss: 0.0002, weighted_loss: 0.0006, label: 1, bag_size: 4133
batch 99, loss: 0.0165, instance_loss: 0.0587, weighted_loss: 0.0292, label: 1, bag_size: 5073
batch 119, loss: 0.0000, instance_loss: 0.0010, weighted_loss: 0.0003, label: 0, bag_size: 4472
batch 139, loss: 0.0000, instance_loss: 0.0000, weighted_loss: 0.0000, label: 0, bag_size: 6024
batch 159, loss: 0.0810, instance_loss: 0.0000, weighted_loss: 0.0567, label: 1, bag_size: 3393
batch 179, loss: 0.1173, instance_loss: 0.0005, weighted_loss: 0.0823, label: 1, bag_size: 4133
batch 199, loss: 0.0425, instance_loss: 0.0007, weighted_loss: 0.0300, label: 1, bag_size: 5611
batch 219, loss: 0.1093, instance_loss: 0.0427, weighted_loss: 0.0893, label: 0, bag_size: 3546
batch 239, loss: 0.6597, instance_loss: 0.0006, weighted_loss: 0.4620, label: 1, bag_size: 4045
batch 259, loss: 0.0246, instance_loss: 0.0006, weighted_loss: 0.0174, label: 0, bag_size: 1007
batch 279, loss: 0.0010, instance_loss: 0.0004, weighted_loss: 0.0009, label: 1, bag_size: 893
batch 299, loss: 0.0174, instance_loss: 0.0049, weighted_loss: 0.0137, label: 0, bag_size: 4946
batch 319, loss: 0.0019, instance_loss: 0.0000, weighted_loss: 0.0013, label: 1, bag_size: 5414
batch 339, loss: 0.0005, instance_loss: 0.0007, weighted_loss: 0.0005, label: 1, bag_size: 656
batch 359, loss: 0.0008, instance_loss: 0.0000, weighted_loss: 0.0006, label: 1, bag_size: 2531
batch 379, loss: 0.0014, instance_loss: 0.0005, weighted_loss: 0.0012, label: 0, bag_size: 495
batch 399, loss: 0.0035, instance_loss: 0.0005, weighted_loss: 0.0026, label: 0, bag_size: 637
batch 419, loss: 0.0003, instance_loss: 0.0000, weighted_loss: 0.0002, label: 1, bag_size: 1484
batch 439, loss: 0.0145, instance_loss: 0.0002, weighted_loss: 0.0102, label: 0, bag_size: 4345
batch 459, loss: 0.0048, instance_loss: 0.0004, weighted_loss: 0.0035, label: 1, bag_size: 893
batch 479, loss: 0.0021, instance_loss: 0.0000, weighted_loss: 0.0015, label: 1, bag_size: 2531
batch 499, loss: 0.0041, instance_loss: 0.0003, weighted_loss: 0.0029, label: 1, bag_size: 893
batch 519, loss: 0.0000, instance_loss: 0.0000, weighted_loss: 0.0000, label: 0, bag_size: 5114
batch 539, loss: 0.0024, instance_loss: 0.0004, weighted_loss: 0.0018, label: 0, bag_size: 840
batch 559, loss: 0.0001, instance_loss: 0.0000, weighted_loss: 0.0001, label: 1, bag_size: 4022
batch 579, loss: 0.0001, instance_loss: 0.0000, weighted_loss: 0.0001, label: 1, bag_size: 652
batch 599, loss: 0.0150, instance_loss: 0.0006, weighted_loss: 0.0107, label: 1, bag_size: 5414
batch 619, loss: 0.0006, instance_loss: 0.5245, weighted_loss: 0.1578, label: 0, bag_size: 300
batch 639, loss: 0.0222, instance_loss: 0.0045, weighted_loss: 0.0169, label: 1, bag_size: 668
batch 659, loss: 0.0042, instance_loss: 0.0007, weighted_loss: 0.0031, label: 1, bag_size: 662
batch 679, loss: 0.0000, instance_loss: 0.0029, weighted_loss: 0.0009, label: 0, bag_size: 3374
batch 699, loss: 0.0000, instance_loss: 0.0000, weighted_loss: 0.0000, label: 0, bag_size: 4098


class 0 clustering acc 0.9994665718349929: correct 5621/5624
class 1 clustering acc 0.9985775248933144: correct 5616/5624
Epoch: 9, train_loss: 0.0705, train_clustering_loss:  0.0077, train_error: 0.0213
class 0: acc 0.9672619047619048, correct 325/336
class 1: acc 0.989100817438692, correct 363/367

Val Set, val_loss: 0.4616, val_error: 0.0968, auc: 0.5537
class 0 clustering acc 1.0: correct 1240/1240
class 1 clustering acc 1.0: correct 1240/1240
class 0: acc 0.9395973154362416, correct 140/149
class 1: acc 0.0, correct 0/6
EarlyStopping counter: 8 out of 20


batch 19, loss: 0.0015, instance_loss: 0.0000, weighted_loss: 0.0011, label: 1, bag_size: 2324
batch 39, loss: 0.0136, instance_loss: 0.0000, weighted_loss: 0.0096, label: 1, bag_size: 4593
batch 59, loss: 0.0009, instance_loss: 0.0000, weighted_loss: 0.0006, label: 1, bag_size: 2607
batch 79, loss: 0.0002, instance_loss: 0.0000, weighted_loss: 0.0001, label: 0, bag_size: 910
batch 99, loss: 0.0001, instance_loss: 0.0000, weighted_loss: 0.0001, label: 0, bag_size: 2035
batch 119, loss: 0.0112, instance_loss: 0.0000, weighted_loss: 0.0079, label: 1, bag_size: 3393
batch 139, loss: 0.0039, instance_loss: 0.0230, weighted_loss: 0.0096, label: 0, bag_size: 9914
batch 159, loss: 0.0008, instance_loss: 0.0008, weighted_loss: 0.0008, label: 0, bag_size: 2229
batch 179, loss: 0.0002, instance_loss: 0.0014, weighted_loss: 0.0006, label: 0, bag_size: 2428
batch 199, loss: 0.0000, instance_loss: 0.0036, weighted_loss: 0.0011, label: 0, bag_size: 1021
batch 219, loss: 0.0000, instance_loss: 0.0073, weighted_loss: 0.0022, label: 0, bag_size: 277
batch 239, loss: 0.0097, instance_loss: 0.0009, weighted_loss: 0.0070, label: 0, bag_size: 1030
batch 259, loss: 0.0004, instance_loss: 0.0007, weighted_loss: 0.0005, label: 1, bag_size: 666
batch 279, loss: 0.0002, instance_loss: 0.0000, weighted_loss: 0.0002, label: 0, bag_size: 6381
batch 299, loss: 0.0000, instance_loss: 0.0005, weighted_loss: 0.0001, label: 0, bag_size: 468
batch 319, loss: 0.0004, instance_loss: 0.0059, weighted_loss: 0.0020, label: 0, bag_size: 14189
batch 339, loss: 0.0000, instance_loss: 0.0002, weighted_loss: 0.0001, label: 0, bag_size: 1705
batch 359, loss: 0.0003, instance_loss: 0.0015, weighted_loss: 0.0007, label: 1, bag_size: 204
batch 379, loss: 0.0000, instance_loss: 0.0000, weighted_loss: 0.0000, label: 0, bag_size: 1208
batch 399, loss: 0.0001, instance_loss: 0.0000, weighted_loss: 0.0001, label: 0, bag_size: 632
batch 419, loss: 0.0022, instance_loss: 0.0012, weighted_loss: 0.0019, label: 0, bag_size: 966
batch 439, loss: 0.0024, instance_loss: 0.0010, weighted_loss: 0.0020, label: 1, bag_size: 4201
batch 459, loss: 0.0007, instance_loss: 0.0033, weighted_loss: 0.0015, label: 1, bag_size: 662
batch 479, loss: 0.0004, instance_loss: 0.0002, weighted_loss: 0.0004, label: 1, bag_size: 714
batch 499, loss: 0.0060, instance_loss: 0.0000, weighted_loss: 0.0042, label: 0, bag_size: 1819
batch 519, loss: 0.0026, instance_loss: 0.0000, weighted_loss: 0.0019, label: 1, bag_size: 3393
batch 539, loss: 0.0044, instance_loss: 0.0000, weighted_loss: 0.0031, label: 1, bag_size: 4012
batch 559, loss: 0.0001, instance_loss: 0.0081, weighted_loss: 0.0025, label: 1, bag_size: 1518
batch 579, loss: 0.0001, instance_loss: 0.0000, weighted_loss: 0.0001, label: 0, bag_size: 593
batch 599, loss: 0.0000, instance_loss: 0.0002, weighted_loss: 0.0001, label: 0, bag_size: 2500
batch 619, loss: 0.0001, instance_loss: 0.0010, weighted_loss: 0.0003, label: 0, bag_size: 849
batch 639, loss: 0.0000, instance_loss: 0.0000, weighted_loss: 0.0000, label: 0, bag_size: 1010
batch 659, loss: 0.0000, instance_loss: 0.0000, weighted_loss: 0.0000, label: 0, bag_size: 723
batch 679, loss: 0.0001, instance_loss: 0.0000, weighted_loss: 0.0001, label: 1, bag_size: 686
batch 699, loss: 0.0003, instance_loss: 0.0000, weighted_loss: 0.0002, label: 0, bag_size: 770


class 0 clustering acc 1.0: correct 5624/5624
class 1 clustering acc 0.9994665718349929: correct 5621/5624
Epoch: 10, train_loss: 0.0282, train_clustering_loss:  0.0040, train_error: 0.0114
class 0: acc 0.9830985915492958, correct 349/355
class 1: acc 0.9942528735632183, correct 346/348

Val Set, val_loss: 0.5291, val_error: 0.1161, auc: 0.6163
class 0 clustering acc 1.0: correct 1240/1240
class 1 clustering acc 1.0: correct 1240/1240
class 0: acc 0.9060402684563759, correct 135/149
class 1: acc 0.3333333333333333, correct 2/6
EarlyStopping counter: 9 out of 20


batch 19, loss: 0.0000, instance_loss: 0.0000, weighted_loss: 0.0000, label: 0, bag_size: 1315
batch 39, loss: 0.0022, instance_loss: 0.0000, weighted_loss: 0.0015, label: 1, bag_size: 5414
batch 59, loss: 0.0050, instance_loss: 0.0000, weighted_loss: 0.0035, label: 1, bag_size: 3756
batch 79, loss: 0.0000, instance_loss: 0.0000, weighted_loss: 0.0000, label: 0, bag_size: 1667
batch 99, loss: 0.0230, instance_loss: 0.0000, weighted_loss: 0.0161, label: 1, bag_size: 893
batch 119, loss: 0.0001, instance_loss: 0.0005, weighted_loss: 0.0002, label: 0, bag_size: 2567
batch 139, loss: 0.0048, instance_loss: 0.0002, weighted_loss: 0.0034, label: 1, bag_size: 893
batch 159, loss: 0.0145, instance_loss: 0.0019, weighted_loss: 0.0107, label: 1, bag_size: 1518
batch 179, loss: 0.0055, instance_loss: 0.0000, weighted_loss: 0.0039, label: 1, bag_size: 3613
batch 199, loss: 0.0020, instance_loss: 0.0000, weighted_loss: 0.0014, label: 1, bag_size: 3756
batch 219, loss: 0.0000, instance_loss: 0.0002, weighted_loss: 0.0001, label: 0, bag_size: 4645
batch 239, loss: 0.0000, instance_loss: 0.0002, weighted_loss: 0.0001, label: 0, bag_size: 4202
batch 259, loss: 0.0000, instance_loss: 0.0002, weighted_loss: 0.0001, label: 0, bag_size: 5034
batch 279, loss: 0.0001, instance_loss: 0.0009, weighted_loss: 0.0004, label: 0, bag_size: 780
batch 299, loss: 0.0041, instance_loss: 0.0000, weighted_loss: 0.0029, label: 1, bag_size: 2607
batch 319, loss: 0.0000, instance_loss: 0.0011, weighted_loss: 0.0003, label: 0, bag_size: 1552
batch 339, loss: 0.0001, instance_loss: 0.0006, weighted_loss: 0.0003, label: 0, bag_size: 1109
batch 359, loss: 0.0000, instance_loss: 0.0008, weighted_loss: 0.0002, label: 0, bag_size: 2553
batch 379, loss: 0.0006, instance_loss: 0.0000, weighted_loss: 0.0004, label: 1, bag_size: 666
batch 399, loss: 0.4210, instance_loss: 0.0005, weighted_loss: 0.2949, label: 1, bag_size: 668
batch 419, loss: 0.0090, instance_loss: 0.0000, weighted_loss: 0.0063, label: 1, bag_size: 1484
batch 439, loss: 0.0001, instance_loss: 0.0046, weighted_loss: 0.0014, label: 0, bag_size: 776
batch 459, loss: 0.0000, instance_loss: 0.0017, weighted_loss: 0.0005, label: 0, bag_size: 242
batch 479, loss: 0.0081, instance_loss: 0.0002, weighted_loss: 0.0057, label: 1, bag_size: 893
batch 499, loss: 0.0020, instance_loss: 0.0000, weighted_loss: 0.0014, label: 1, bag_size: 2324
batch 519, loss: 0.0000, instance_loss: 0.0002, weighted_loss: 0.0001, label: 0, bag_size: 483
batch 539, loss: 0.0011, instance_loss: 0.0000, weighted_loss: 0.0008, label: 1, bag_size: 893
batch 559, loss: 0.0061, instance_loss: 0.0083, weighted_loss: 0.0068, label: 1, bag_size: 3613
batch 579, loss: 0.0000, instance_loss: 0.0004, weighted_loss: 0.0001, label: 0, bag_size: 3895
batch 599, loss: 0.0127, instance_loss: 0.0000, weighted_loss: 0.0089, label: 1, bag_size: 4322
batch 619, loss: 0.0001, instance_loss: 0.0000, weighted_loss: 0.0001, label: 0, bag_size: 2461
batch 639, loss: 0.0000, instance_loss: 0.0003, weighted_loss: 0.0001, label: 0, bag_size: 2892
batch 659, loss: 0.0001, instance_loss: 0.0000, weighted_loss: 0.0001, label: 1, bag_size: 656
batch 679, loss: 0.0005, instance_loss: 0.0002, weighted_loss: 0.0004, label: 0, bag_size: 4355
batch 699, loss: 0.0005, instance_loss: 0.0010, weighted_loss: 0.0006, label: 1, bag_size: 668


class 0 clustering acc 1.0: correct 5624/5624
class 1 clustering acc 0.9980440967283073: correct 5613/5624
Epoch: 11, train_loss: 0.0377, train_clustering_loss:  0.0060, train_error: 0.0156
class 0: acc 0.9775910364145658, correct 349/357
class 1: acc 0.9913294797687862, correct 343/346

Val Set, val_loss: 0.5444, val_error: 0.0839, auc: 0.4966
class 0 clustering acc 1.0: correct 1240/1240
class 1 clustering acc 1.0: correct 1240/1240
class 0: acc 0.9530201342281879, correct 142/149
class 1: acc 0.0, correct 0/6
EarlyStopping counter: 10 out of 20


batch 19, loss: 0.0020, instance_loss: 0.0030, weighted_loss: 0.0023, label: 1, bag_size: 668
batch 39, loss: 0.0033, instance_loss: 0.0000, weighted_loss: 0.0023, label: 1, bag_size: 662
batch 59, loss: 0.0000, instance_loss: 0.0000, weighted_loss: 0.0000, label: 0, bag_size: 4080
batch 79, loss: 0.0007, instance_loss: 0.0000, weighted_loss: 0.0005, label: 1, bag_size: 903
batch 99, loss: 0.0000, instance_loss: 0.0000, weighted_loss: 0.0000, label: 0, bag_size: 1055
batch 119, loss: 0.0000, instance_loss: 0.0007, weighted_loss: 0.0002, label: 0, bag_size: 3415
batch 139, loss: 0.0171, instance_loss: 0.0000, weighted_loss: 0.0120, label: 1, bag_size: 4322
batch 159, loss: 0.0000, instance_loss: 0.0000, weighted_loss: 0.0000, label: 0, bag_size: 1546
batch 179, loss: 0.0000, instance_loss: 0.0017, weighted_loss: 0.0005, label: 0, bag_size: 818
batch 199, loss: 0.0006, instance_loss: 0.0000, weighted_loss: 0.0004, label: 1, bag_size: 5954
batch 219, loss: 0.0001, instance_loss: 0.0035, weighted_loss: 0.0011, label: 1, bag_size: 1518
batch 239, loss: 0.0010, instance_loss: 0.0000, weighted_loss: 0.0007, label: 1, bag_size: 686
batch 259, loss: 0.0000, instance_loss: 0.0000, weighted_loss: 0.0000, label: 0, bag_size: 1110
batch 279, loss: 0.0006, instance_loss: 0.0117, weighted_loss: 0.0039, label: 1, bag_size: 1518
batch 299, loss: 0.0001, instance_loss: 0.0004, weighted_loss: 0.0002, label: 0, bag_size: 2428
batch 319, loss: 0.0003, instance_loss: 0.0000, weighted_loss: 0.0002, label: 1, bag_size: 5073
batch 339, loss: 0.0003, instance_loss: 0.0000, weighted_loss: 0.0002, label: 0, bag_size: 1768
batch 359, loss: 0.0000, instance_loss: 0.0000, weighted_loss: 0.0000, label: 0, bag_size: 925
batch 379, loss: 0.0002, instance_loss: 0.0000, weighted_loss: 0.0001, label: 1, bag_size: 903
batch 399, loss: 0.0000, instance_loss: 0.0000, weighted_loss: 0.0000, label: 1, bag_size: 619
batch 419, loss: 0.0002, instance_loss: 0.0000, weighted_loss: 0.0001, label: 1, bag_size: 1504
batch 439, loss: 0.0030, instance_loss: 0.0000, weighted_loss: 0.0021, label: 1, bag_size: 3707
batch 459, loss: 0.0001, instance_loss: 0.0039, weighted_loss: 0.0012, label: 1, bag_size: 1504
batch 479, loss: 0.0002, instance_loss: 0.0006, weighted_loss: 0.0003, label: 1, bag_size: 714
batch 499, loss: 0.0000, instance_loss: 0.0000, weighted_loss: 0.0000, label: 0, bag_size: 4209
batch 519, loss: 0.0005, instance_loss: 0.0000, weighted_loss: 0.0004, label: 1, bag_size: 903
batch 539, loss: 0.0000, instance_loss: 0.0033, weighted_loss: 0.0010, label: 1, bag_size: 619
batch 559, loss: 0.0000, instance_loss: 0.0007, weighted_loss: 0.0002, label: 0, bag_size: 297
batch 579, loss: 0.0005, instance_loss: 0.0000, weighted_loss: 0.0003, label: 1, bag_size: 2324
batch 599, loss: 0.0019, instance_loss: 0.0000, weighted_loss: 0.0013, label: 1, bag_size: 5715
batch 619, loss: 0.0005, instance_loss: 0.0000, weighted_loss: 0.0004, label: 1, bag_size: 2531
batch 639, loss: 0.0023, instance_loss: 0.0000, weighted_loss: 0.0016, label: 1, bag_size: 5715
batch 659, loss: 0.0000, instance_loss: 0.0000, weighted_loss: 0.0000, label: 0, bag_size: 1206
batch 679, loss: 0.0304, instance_loss: 0.0000, weighted_loss: 0.0213, label: 1, bag_size: 4012
batch 699, loss: 0.0007, instance_loss: 0.0051, weighted_loss: 0.0020, label: 1, bag_size: 666


class 0 clustering acc 1.0: correct 5624/5624
class 1 clustering acc 1.0: correct 5624/5624
Epoch: 12, train_loss: 0.0266, train_clustering_loss:  0.0007, train_error: 0.0085
class 0: acc 0.9878048780487805, correct 324/328
class 1: acc 0.9946666666666667, correct 373/375

Val Set, val_loss: 0.5282, val_error: 0.1032, auc: 0.5772
class 0 clustering acc 1.0: correct 1240/1240
class 1 clustering acc 1.0: correct 1240/1240
class 0: acc 0.9328859060402684, correct 139/149
class 1: acc 0.0, correct 0/6
EarlyStopping counter: 11 out of 20


batch 19, loss: 0.0008, instance_loss: 0.0000, weighted_loss: 0.0005, label: 1, bag_size: 1491
batch 39, loss: 0.0000, instance_loss: 0.0007, weighted_loss: 0.0002, label: 0, bag_size: 1343
batch 59, loss: 0.0000, instance_loss: 0.0000, weighted_loss: 0.0000, label: 0, bag_size: 1383
batch 79, loss: 0.0007, instance_loss: 0.0000, weighted_loss: 0.0005, label: 0, bag_size: 3179
batch 99, loss: 0.0000, instance_loss: 0.0002, weighted_loss: 0.0001, label: 1, bag_size: 619
batch 119, loss: 0.0090, instance_loss: 0.0011, weighted_loss: 0.0066, label: 1, bag_size: 5954
batch 139, loss: 0.0003, instance_loss: 0.0002, weighted_loss: 0.0003, label: 0, bag_size: 1547
batch 159, loss: 0.0242, instance_loss: 0.0000, weighted_loss: 0.0170, label: 0, bag_size: 5337
batch 179, loss: 0.0029, instance_loss: 0.0000, weighted_loss: 0.0021, label: 1, bag_size: 3613
batch 199, loss: 0.0000, instance_loss: 0.0000, weighted_loss: 0.0000, label: 0, bag_size: 1671
batch 219, loss: 0.0003, instance_loss: 0.0000, weighted_loss: 0.0002, label: 1, bag_size: 1439
batch 239, loss: 0.0000, instance_loss: 0.0004, weighted_loss: 0.0001, label: 0, bag_size: 1997
batch 259, loss: 0.0002, instance_loss: 0.0000, weighted_loss: 0.0002, label: 0, bag_size: 452
batch 279, loss: 0.0071, instance_loss: 0.0000, weighted_loss: 0.0050, label: 1, bag_size: 3393
batch 299, loss: 0.0000, instance_loss: 0.0020, weighted_loss: 0.0006, label: 1, bag_size: 668
batch 319, loss: 0.0034, instance_loss: 0.0000, weighted_loss: 0.0024, label: 1, bag_size: 5954
batch 339, loss: 0.0090, instance_loss: 0.0000, weighted_loss: 0.0063, label: 1, bag_size: 3656
batch 359, loss: 0.0003, instance_loss: 0.0002, weighted_loss: 0.0002, label: 1, bag_size: 893
batch 379, loss: 0.0023, instance_loss: 0.0000, weighted_loss: 0.0016, label: 1, bag_size: 5954
batch 399, loss: 0.0000, instance_loss: 0.0000, weighted_loss: 0.0000, label: 0, bag_size: 3925
batch 419, loss: 0.0000, instance_loss: 0.0000, weighted_loss: 0.0000, label: 0, bag_size: 3238
batch 439, loss: 0.0000, instance_loss: 0.0000, weighted_loss: 0.0000, label: 0, bag_size: 560
batch 459, loss: 0.0000, instance_loss: 0.0004, weighted_loss: 0.0001, label: 0, bag_size: 468
batch 479, loss: 0.0000, instance_loss: 0.0000, weighted_loss: 0.0000, label: 0, bag_size: 2957
batch 499, loss: 0.0000, instance_loss: 0.0000, weighted_loss: 0.0000, label: 1, bag_size: 1484
batch 519, loss: 0.0001, instance_loss: 0.0000, weighted_loss: 0.0001, label: 1, bag_size: 541
batch 539, loss: 0.0002, instance_loss: 0.0000, weighted_loss: 0.0001, label: 1, bag_size: 656
batch 559, loss: 0.0000, instance_loss: 0.0000, weighted_loss: 0.0000, label: 0, bag_size: 2107
batch 579, loss: 0.0000, instance_loss: 0.0003, weighted_loss: 0.0001, label: 0, bag_size: 1832
batch 599, loss: 0.0000, instance_loss: 0.0000, weighted_loss: 0.0000, label: 0, bag_size: 1664
batch 619, loss: 0.0003, instance_loss: 0.0000, weighted_loss: 0.0002, label: 0, bag_size: 1411
batch 639, loss: 0.0000, instance_loss: 0.0096, weighted_loss: 0.0029, label: 0, bag_size: 4073
batch 659, loss: 0.0000, instance_loss: 0.0000, weighted_loss: 0.0000, label: 0, bag_size: 2280
batch 679, loss: 0.0000, instance_loss: 0.0000, weighted_loss: 0.0000, label: 0, bag_size: 2500
batch 699, loss: 0.0001, instance_loss: 0.0008, weighted_loss: 0.0003, label: 0, bag_size: 910


class 0 clustering acc 1.0: correct 5624/5624
class 1 clustering acc 0.9996443812233285: correct 5622/5624
Epoch: 13, train_loss: 0.0084, train_clustering_loss:  0.0024, train_error: 0.0014
class 0: acc 0.9971988795518207, correct 356/357
class 1: acc 1.0, correct 346/346

Val Set, val_loss: 0.6602, val_error: 0.1097, auc: 0.6197
class 0 clustering acc 1.0: correct 1240/1240
class 1 clustering acc 1.0: correct 1240/1240
class 0: acc 0.9194630872483222, correct 137/149
class 1: acc 0.16666666666666666, correct 1/6
EarlyStopping counter: 12 out of 20


batch 19, loss: 0.0001, instance_loss: 0.0000, weighted_loss: 0.0000, label: 0, bag_size: 1049
batch 39, loss: 5.3909, instance_loss: 0.0122, weighted_loss: 3.7773, label: 0, bag_size: 4013
batch 59, loss: 0.4457, instance_loss: 0.0014, weighted_loss: 0.3124, label: 1, bag_size: 1491
batch 79, loss: 0.0000, instance_loss: 0.0000, weighted_loss: 0.0000, label: 0, bag_size: 2500
batch 99, loss: 0.0004, instance_loss: 0.0000, weighted_loss: 0.0003, label: 0, bag_size: 2428
batch 119, loss: 0.0000, instance_loss: 0.0000, weighted_loss: 0.0000, label: 1, bag_size: 541
batch 139, loss: 0.0000, instance_loss: 0.0034, weighted_loss: 0.0010, label: 0, bag_size: 564
batch 159, loss: 0.0000, instance_loss: 0.0002, weighted_loss: 0.0001, label: 0, bag_size: 4344
batch 179, loss: 0.0011, instance_loss: 0.0000, weighted_loss: 0.0007, label: 1, bag_size: 2607
batch 199, loss: 0.0250, instance_loss: 0.0000, weighted_loss: 0.0175, label: 1, bag_size: 4593
batch 219, loss: 0.0002, instance_loss: 0.0005, weighted_loss: 0.0003, label: 1, bag_size: 478
batch 239, loss: 0.0001, instance_loss: 0.0000, weighted_loss: 0.0001, label: 1, bag_size: 656
batch 259, loss: 0.0001, instance_loss: 0.0002, weighted_loss: 0.0001, label: 1, bag_size: 652
batch 279, loss: 0.0007, instance_loss: 0.0000, weighted_loss: 0.0005, label: 1, bag_size: 652
batch 299, loss: 0.0000, instance_loss: 0.0009, weighted_loss: 0.0003, label: 0, bag_size: 888
batch 319, loss: 0.0027, instance_loss: 0.0000, weighted_loss: 0.0019, label: 1, bag_size: 204
batch 339, loss: 0.0001, instance_loss: 0.0049, weighted_loss: 0.0016, label: 1, bag_size: 478
batch 359, loss: 0.0000, instance_loss: 0.0000, weighted_loss: 0.0000, label: 0, bag_size: 2500
batch 379, loss: 0.0442, instance_loss: 0.0000, weighted_loss: 0.0309, label: 0, bag_size: 5337
batch 399, loss: 0.0000, instance_loss: 0.0000, weighted_loss: 0.0000, label: 1, bag_size: 1491
batch 419, loss: 0.0000, instance_loss: 0.0013, weighted_loss: 0.0004, label: 0, bag_size: 780
batch 439, loss: 0.0000, instance_loss: 0.0006, weighted_loss: 0.0002, label: 0, bag_size: 1225
batch 459, loss: 0.0000, instance_loss: 0.0000, weighted_loss: 0.0000, label: 0, bag_size: 1389
batch 479, loss: 0.0000, instance_loss: 0.0000, weighted_loss: 0.0000, label: 0, bag_size: 780
batch 499, loss: 0.0000, instance_loss: 0.0000, weighted_loss: 0.0000, label: 0, bag_size: 4572
batch 519, loss: 0.0000, instance_loss: 0.0002, weighted_loss: 0.0001, label: 0, bag_size: 2191
batch 539, loss: 0.0000, instance_loss: 0.0010, weighted_loss: 0.0003, label: 0, bag_size: 4324
batch 559, loss: 0.0002, instance_loss: 0.0004, weighted_loss: 0.0002, label: 1, bag_size: 1504
batch 579, loss: 0.0004, instance_loss: 0.0002, weighted_loss: 0.0004, label: 1, bag_size: 662
batch 599, loss: 0.0003, instance_loss: 0.0000, weighted_loss: 0.0002, label: 1, bag_size: 652
batch 619, loss: 0.0000, instance_loss: 0.0028, weighted_loss: 0.0008, label: 0, bag_size: 2764
batch 639, loss: 0.0004, instance_loss: 0.0000, weighted_loss: 0.0003, label: 1, bag_size: 4045
batch 659, loss: 0.0005, instance_loss: 0.0000, weighted_loss: 0.0003, label: 1, bag_size: 3707
batch 679, loss: 0.0000, instance_loss: 0.0003, weighted_loss: 0.0001, label: 1, bag_size: 1484
batch 699, loss: 0.0000, instance_loss: 0.0000, weighted_loss: 0.0000, label: 1, bag_size: 1484


class 0 clustering acc 0.9991109530583214: correct 5619/5624
class 1 clustering acc 0.998221906116643: correct 5614/5624
Epoch: 14, train_loss: 0.0244, train_clustering_loss:  0.0083, train_error: 0.0057
class 0: acc 0.9912280701754386, correct 339/342
class 1: acc 0.997229916897507, correct 360/361

Val Set, val_loss: 0.5388, val_error: 0.0968, auc: 0.5996
class 0 clustering acc 1.0: correct 1240/1240
class 1 clustering acc 1.0: correct 1240/1240
class 0: acc 0.9328859060402684, correct 139/149
class 1: acc 0.16666666666666666, correct 1/6
EarlyStopping counter: 13 out of 20


batch 19, loss: 0.0000, instance_loss: 0.0248, weighted_loss: 0.0074, label: 0, bag_size: 1134
batch 39, loss: 0.0000, instance_loss: 0.0000, weighted_loss: 0.0000, label: 0, bag_size: 2513
batch 59, loss: 0.0004, instance_loss: 0.0007, weighted_loss: 0.0005, label: 0, bag_size: 2464
batch 79, loss: 0.0000, instance_loss: 0.0000, weighted_loss: 0.0000, label: 1, bag_size: 903
batch 99, loss: 0.0000, instance_loss: 0.0000, weighted_loss: 0.0000, label: 0, bag_size: 299
batch 119, loss: 0.0014, instance_loss: 0.0000, weighted_loss: 0.0009, label: 1, bag_size: 4201
batch 139, loss: 0.0001, instance_loss: 0.0000, weighted_loss: 0.0001, label: 1, bag_size: 5073
batch 159, loss: 0.0000, instance_loss: 0.0000, weighted_loss: 0.0000, label: 0, bag_size: 1025
batch 179, loss: 0.0000, instance_loss: 0.0008, weighted_loss: 0.0002, label: 0, bag_size: 1668
batch 199, loss: 0.0035, instance_loss: 0.0000, weighted_loss: 0.0024, label: 1, bag_size: 668
batch 219, loss: 0.0238, instance_loss: 0.0115, weighted_loss: 0.0201, label: 0, bag_size: 806
batch 239, loss: 0.0000, instance_loss: 0.0012, weighted_loss: 0.0004, label: 0, bag_size: 891
batch 259, loss: 0.0014, instance_loss: 0.0000, weighted_loss: 0.0010, label: 1, bag_size: 391
batch 279, loss: 0.0003, instance_loss: 0.0000, weighted_loss: 0.0002, label: 1, bag_size: 2324
batch 299, loss: 0.0028, instance_loss: 0.0002, weighted_loss: 0.0020, label: 1, bag_size: 204
batch 319, loss: 0.0000, instance_loss: 0.0019, weighted_loss: 0.0006, label: 0, bag_size: 805
batch 339, loss: 0.0048, instance_loss: 0.0000, weighted_loss: 0.0034, label: 1, bag_size: 1484
batch 359, loss: 0.0000, instance_loss: 0.0000, weighted_loss: 0.0000, label: 0, bag_size: 598
batch 379, loss: 0.0050, instance_loss: 0.0000, weighted_loss: 0.0035, label: 1, bag_size: 4201
batch 399, loss: 0.0000, instance_loss: 0.0000, weighted_loss: 0.0000, label: 0, bag_size: 1312
batch 419, loss: 0.0000, instance_loss: 0.0000, weighted_loss: 0.0000, label: 0, bag_size: 745
batch 439, loss: 0.0010, instance_loss: 0.0000, weighted_loss: 0.0007, label: 1, bag_size: 686
batch 459, loss: 0.0001, instance_loss: 0.0002, weighted_loss: 0.0001, label: 0, bag_size: 1062
batch 479, loss: 0.0000, instance_loss: 0.0000, weighted_loss: 0.0000, label: 0, bag_size: 547
batch 499, loss: 0.0000, instance_loss: 0.0000, weighted_loss: 0.0000, label: 0, bag_size: 4360
batch 519, loss: 0.0078, instance_loss: 0.0000, weighted_loss: 0.0054, label: 1, bag_size: 4593
batch 539, loss: 0.0067, instance_loss: 0.0000, weighted_loss: 0.0047, label: 1, bag_size: 3393
batch 559, loss: 0.0046, instance_loss: 0.0000, weighted_loss: 0.0032, label: 1, bag_size: 3393
batch 579, loss: 0.0000, instance_loss: 0.0000, weighted_loss: 0.0000, label: 0, bag_size: 1702
batch 599, loss: 0.0000, instance_loss: 0.0000, weighted_loss: 0.0000, label: 0, bag_size: 2364
batch 619, loss: 0.0013, instance_loss: 0.0000, weighted_loss: 0.0009, label: 1, bag_size: 5637
batch 639, loss: 0.0000, instance_loss: 0.0000, weighted_loss: 0.0000, label: 0, bag_size: 2002
batch 659, loss: 0.0002, instance_loss: 0.0000, weighted_loss: 0.0001, label: 1, bag_size: 686
batch 679, loss: 0.0000, instance_loss: 0.0000, weighted_loss: 0.0000, label: 0, bag_size: 632
batch 699, loss: 0.0001, instance_loss: 0.0000, weighted_loss: 0.0001, label: 0, bag_size: 1007


class 0 clustering acc 0.9998221906116643: correct 5623/5624
class 1 clustering acc 0.9994665718349929: correct 5621/5624
Epoch: 15, train_loss: 0.0360, train_clustering_loss:  0.0031, train_error: 0.0100
class 0: acc 0.9853372434017595, correct 336/341
class 1: acc 0.994475138121547, correct 360/362

Val Set, val_loss: 0.4840, val_error: 0.0903, auc: 0.6141
class 0 clustering acc 1.0: correct 1240/1240
class 1 clustering acc 1.0: correct 1240/1240
class 0: acc 0.9395973154362416, correct 140/149
class 1: acc 0.16666666666666666, correct 1/6
EarlyStopping counter: 14 out of 20


batch 19, loss: 0.0000, instance_loss: 0.0000, weighted_loss: 0.0000, label: 0, bag_size: 891
batch 39, loss: 0.0013, instance_loss: 0.0000, weighted_loss: 0.0009, label: 1, bag_size: 5954
batch 59, loss: 0.0000, instance_loss: 0.0000, weighted_loss: 0.0000, label: 1, bag_size: 4022
batch 79, loss: 0.0002, instance_loss: 0.0000, weighted_loss: 0.0001, label: 1, bag_size: 5715
batch 99, loss: 0.0000, instance_loss: 0.0015, weighted_loss: 0.0004, label: 0, bag_size: 468
batch 119, loss: 0.0000, instance_loss: 0.0000, weighted_loss: 0.0000, label: 1, bag_size: 3707
batch 139, loss: 0.0000, instance_loss: 0.0000, weighted_loss: 0.0000, label: 0, bag_size: 842
batch 159, loss: 0.0010, instance_loss: 0.0006, weighted_loss: 0.0009, label: 1, bag_size: 391
batch 179, loss: 0.0001, instance_loss: 0.0000, weighted_loss: 0.0001, label: 1, bag_size: 666
batch 199, loss: 0.0000, instance_loss: 0.0000, weighted_loss: 0.0000, label: 1, bag_size: 2160
batch 219, loss: 0.0000, instance_loss: 0.0000, weighted_loss: 0.0000, label: 1, bag_size: 2160
batch 239, loss: 0.0000, instance_loss: 0.0000, weighted_loss: 0.0000, label: 0, bag_size: 1110
batch 259, loss: 0.0034, instance_loss: 0.0015, weighted_loss: 0.0028, label: 1, bag_size: 3613
batch 279, loss: 0.0000, instance_loss: 0.0000, weighted_loss: 0.0000, label: 0, bag_size: 4472
batch 299, loss: 0.0003, instance_loss: 0.0000, weighted_loss: 0.0002, label: 1, bag_size: 2607
batch 319, loss: 0.0000, instance_loss: 0.0000, weighted_loss: 0.0000, label: 0, bag_size: 716
batch 339, loss: 0.0000, instance_loss: 0.0000, weighted_loss: 0.0000, label: 0, bag_size: 1025
batch 359, loss: 0.0000, instance_loss: 0.0004, weighted_loss: 0.0001, label: 0, bag_size: 478
batch 379, loss: 0.0006, instance_loss: 0.0000, weighted_loss: 0.0004, label: 1, bag_size: 5073
batch 399, loss: 0.0146, instance_loss: 0.0000, weighted_loss: 0.0102, label: 1, bag_size: 3656
batch 419, loss: 0.0000, instance_loss: 0.0000, weighted_loss: 0.0000, label: 0, bag_size: 1121
batch 439, loss: 0.0001, instance_loss: 0.0000, weighted_loss: 0.0000, label: 0, bag_size: 2211
batch 459, loss: 0.0005, instance_loss: 0.0003, weighted_loss: 0.0005, label: 1, bag_size: 1518
batch 479, loss: 0.0033, instance_loss: 0.0071, weighted_loss: 0.0045, label: 1, bag_size: 204
batch 499, loss: 0.0001, instance_loss: 0.0031, weighted_loss: 0.0010, label: 1, bag_size: 619
batch 519, loss: 0.0000, instance_loss: 0.0000, weighted_loss: 0.0000, label: 0, bag_size: 270
batch 539, loss: 0.0002, instance_loss: 0.0000, weighted_loss: 0.0001, label: 1, bag_size: 903
batch 559, loss: 0.0003, instance_loss: 0.0006, weighted_loss: 0.0004, label: 0, bag_size: 5337
batch 579, loss: 0.0000, instance_loss: 0.0000, weighted_loss: 0.0000, label: 0, bag_size: 492
batch 599, loss: 0.0003, instance_loss: 0.0000, weighted_loss: 0.0002, label: 1, bag_size: 478
batch 619, loss: 0.0000, instance_loss: 0.0000, weighted_loss: 0.0000, label: 0, bag_size: 1531
batch 639, loss: 0.0000, instance_loss: 0.0000, weighted_loss: 0.0000, label: 0, bag_size: 897
batch 659, loss: 0.0024, instance_loss: 0.0000, weighted_loss: 0.0017, label: 1, bag_size: 3656
batch 679, loss: 0.0000, instance_loss: 0.0006, weighted_loss: 0.0002, label: 1, bag_size: 1504
batch 699, loss: 0.0000, instance_loss: 0.0000, weighted_loss: 0.0000, label: 1, bag_size: 541


class 0 clustering acc 0.9992887624466572: correct 5620/5624
class 1 clustering acc 0.9989331436699858: correct 5618/5624
Epoch: 16, train_loss: 0.0032, train_clustering_loss:  0.0057, train_error: 0.0000
class 0: acc 1.0, correct 353/353
class 1: acc 1.0, correct 350/350

Val Set, val_loss: 0.6587, val_error: 0.1032, auc: 0.6342
class 0 clustering acc 1.0: correct 1240/1240
class 1 clustering acc 1.0: correct 1240/1240
class 0: acc 0.9261744966442953, correct 138/149
class 1: acc 0.16666666666666666, correct 1/6
EarlyStopping counter: 15 out of 20


batch 19, loss: 0.0001, instance_loss: 0.0000, weighted_loss: 0.0000, label: 0, bag_size: 1664
batch 39, loss: 0.0001, instance_loss: 0.0000, weighted_loss: 0.0001, label: 1, bag_size: 686
batch 59, loss: 0.0000, instance_loss: 0.0000, weighted_loss: 0.0000, label: 0, bag_size: 962
batch 79, loss: 0.0000, instance_loss: 0.0006, weighted_loss: 0.0002, label: 0, bag_size: 294
batch 99, loss: 0.0000, instance_loss: 0.0003, weighted_loss: 0.0001, label: 0, bag_size: 4662
batch 119, loss: 0.0001, instance_loss: 0.0000, weighted_loss: 0.0001, label: 1, bag_size: 2531
batch 139, loss: 0.0002, instance_loss: 0.0006, weighted_loss: 0.0003, label: 0, bag_size: 910
batch 159, loss: 0.0000, instance_loss: 0.0000, weighted_loss: 0.0000, label: 0, bag_size: 1237
batch 179, loss: 0.0004, instance_loss: 0.0000, weighted_loss: 0.0003, label: 1, bag_size: 204
batch 199, loss: 0.0000, instance_loss: 0.0000, weighted_loss: 0.0000, label: 1, bag_size: 893
batch 219, loss: 0.0002, instance_loss: 0.0000, weighted_loss: 0.0002, label: 1, bag_size: 5954
batch 239, loss: 0.0000, instance_loss: 0.0000, weighted_loss: 0.0000, label: 1, bag_size: 5073
batch 259, loss: 0.0000, instance_loss: 0.0000, weighted_loss: 0.0000, label: 0, bag_size: 989
batch 279, loss: 0.0000, instance_loss: 0.0000, weighted_loss: 0.0000, label: 0, bag_size: 2037
batch 299, loss: 0.0000, instance_loss: 0.0043, weighted_loss: 0.0013, label: 0, bag_size: 2177
batch 319, loss: 0.0000, instance_loss: 0.0000, weighted_loss: 0.0000, label: 0, bag_size: 856
batch 339, loss: 0.0000, instance_loss: 0.0003, weighted_loss: 0.0001, label: 1, bag_size: 1504
batch 359, loss: 0.0001, instance_loss: 0.0000, weighted_loss: 0.0000, label: 1, bag_size: 4593
batch 379, loss: 0.0000, instance_loss: 0.0004, weighted_loss: 0.0001, label: 0, bag_size: 4484
batch 399, loss: 0.0000, instance_loss: 0.0076, weighted_loss: 0.0023, label: 1, bag_size: 619
batch 419, loss: 0.0000, instance_loss: 0.0000, weighted_loss: 0.0000, label: 1, bag_size: 619
batch 439, loss: 0.0001, instance_loss: 0.0036, weighted_loss: 0.0012, label: 0, bag_size: 1147
batch 459, loss: 0.0001, instance_loss: 0.0000, weighted_loss: 0.0001, label: 1, bag_size: 652
batch 479, loss: 0.0004, instance_loss: 0.0006, weighted_loss: 0.0005, label: 1, bag_size: 3656
batch 499, loss: 0.0000, instance_loss: 0.0000, weighted_loss: 0.0000, label: 0, bag_size: 2513
batch 519, loss: 0.0006, instance_loss: 0.0000, weighted_loss: 0.0004, label: 1, bag_size: 5954
batch 539, loss: 0.0000, instance_loss: 0.0000, weighted_loss: 0.0000, label: 0, bag_size: 4448
batch 559, loss: 0.1854, instance_loss: 0.0000, weighted_loss: 0.1298, label: 0, bag_size: 2221
batch 579, loss: 0.0003, instance_loss: 0.0000, weighted_loss: 0.0002, label: 1, bag_size: 5414
batch 599, loss: 0.0001, instance_loss: 0.0000, weighted_loss: 0.0001, label: 0, bag_size: 687
batch 619, loss: 0.0001, instance_loss: 0.0000, weighted_loss: 0.0000, label: 0, bag_size: 2221
batch 639, loss: 0.0001, instance_loss: 0.0000, weighted_loss: 0.0000, label: 1, bag_size: 652
batch 659, loss: 0.0000, instance_loss: 0.0000, weighted_loss: 0.0000, label: 0, bag_size: 4324
batch 679, loss: 0.0064, instance_loss: 0.0000, weighted_loss: 0.0044, label: 1, bag_size: 1504
batch 699, loss: 1.1904, instance_loss: 0.0000, weighted_loss: 0.8333, label: 1, bag_size: 662


class 0 clustering acc 0.9998221906116643: correct 5623/5624
class 1 clustering acc 0.9992887624466572: correct 5620/5624
Epoch: 17, train_loss: 0.0463, train_clustering_loss:  0.0033, train_error: 0.0100
class 0: acc 0.994413407821229, correct 356/358
class 1: acc 0.9855072463768116, correct 340/345

Val Set, val_loss: 0.3884, val_error: 0.0774, auc: 0.6286
class 0 clustering acc 0.9991935483870967: correct 1239/1240
class 1 clustering acc 1.0: correct 1240/1240
class 0: acc 0.9530201342281879, correct 142/149
class 1: acc 0.16666666666666666, correct 1/6
EarlyStopping counter: 16 out of 20


batch 19, loss: 0.0004, instance_loss: 0.0000, weighted_loss: 0.0003, label: 1, bag_size: 3756
batch 39, loss: 0.0008, instance_loss: 0.5457, weighted_loss: 0.1643, label: 0, bag_size: 388
batch 59, loss: 0.0001, instance_loss: 0.0005, weighted_loss: 0.0002, label: 1, bag_size: 1504
batch 79, loss: 0.0002, instance_loss: 0.0046, weighted_loss: 0.0015, label: 0, bag_size: 4381
batch 99, loss: 0.0211, instance_loss: 0.0002, weighted_loss: 0.0149, label: 1, bag_size: 4322
batch 119, loss: 0.0217, instance_loss: 0.0000, weighted_loss: 0.0152, label: 1, bag_size: 4322
batch 139, loss: 0.0001, instance_loss: 0.0005, weighted_loss: 0.0003, label: 0, bag_size: 5113
batch 159, loss: 0.0000, instance_loss: 0.0000, weighted_loss: 0.0000, label: 0, bag_size: 2634
batch 179, loss: 0.0001, instance_loss: 0.0000, weighted_loss: 0.0000, label: 0, bag_size: 1616
batch 199, loss: 0.0000, instance_loss: 0.0000, weighted_loss: 0.0000, label: 0, bag_size: 2221
batch 219, loss: 2.7880, instance_loss: 0.0002, weighted_loss: 1.9517, label: 0, bag_size: 6349
batch 239, loss: 0.0000, instance_loss: 0.0000, weighted_loss: 0.0000, label: 0, bag_size: 1343
batch 259, loss: 0.0000, instance_loss: 0.0000, weighted_loss: 0.0000, label: 0, bag_size: 910
batch 279, loss: 0.0000, instance_loss: 0.0000, weighted_loss: 0.0000, label: 1, bag_size: 668
batch 299, loss: 0.0001, instance_loss: 0.0000, weighted_loss: 0.0001, label: 1, bag_size: 903
batch 319, loss: 0.0001, instance_loss: 0.0000, weighted_loss: 0.0001, label: 0, bag_size: 3707
batch 339, loss: 0.0004, instance_loss: 0.0000, weighted_loss: 0.0003, label: 0, bag_size: 742
batch 359, loss: 0.0009, instance_loss: 0.0000, weighted_loss: 0.0007, label: 1, bag_size: 666
batch 379, loss: 0.0925, instance_loss: 0.0010, weighted_loss: 0.0651, label: 0, bag_size: 2617
batch 399, loss: 0.0000, instance_loss: 0.0002, weighted_loss: 0.0001, label: 0, bag_size: 6409
batch 419, loss: 0.0000, instance_loss: 0.0000, weighted_loss: 0.0000, label: 0, bag_size: 1515
batch 439, loss: 0.0000, instance_loss: 0.0000, weighted_loss: 0.0000, label: 0, bag_size: 299
batch 459, loss: 0.0000, instance_loss: 0.0000, weighted_loss: 0.0000, label: 0, bag_size: 888
batch 479, loss: 0.3235, instance_loss: 0.0004, weighted_loss: 0.2266, label: 0, bag_size: 3374
batch 499, loss: 0.0000, instance_loss: 0.0000, weighted_loss: 0.0000, label: 0, bag_size: 804
batch 519, loss: 0.0000, instance_loss: 0.0000, weighted_loss: 0.0000, label: 0, bag_size: 718
batch 539, loss: 0.0011, instance_loss: 0.0032, weighted_loss: 0.0017, label: 0, bag_size: 3691
batch 559, loss: 0.0001, instance_loss: 0.0000, weighted_loss: 0.0001, label: 0, bag_size: 495
batch 579, loss: 0.0000, instance_loss: 0.0000, weighted_loss: 0.0000, label: 0, bag_size: 4355
batch 599, loss: 0.0000, instance_loss: 0.0832, weighted_loss: 0.0250, label: 1, bag_size: 204
batch 619, loss: 0.0000, instance_loss: 0.0008, weighted_loss: 0.0003, label: 0, bag_size: 468
batch 639, loss: 0.0000, instance_loss: 0.0000, weighted_loss: 0.0000, label: 0, bag_size: 1219
batch 659, loss: 0.0001, instance_loss: 0.0000, weighted_loss: 0.0001, label: 1, bag_size: 686
batch 679, loss: 0.0000, instance_loss: 0.0000, weighted_loss: 0.0000, label: 0, bag_size: 692
batch 699, loss: 0.0000, instance_loss: 0.0000, weighted_loss: 0.0000, label: 1, bag_size: 666


class 0 clustering acc 0.9996443812233285: correct 5622/5624
class 1 clustering acc 0.9991109530583214: correct 5619/5624
Epoch: 18, train_loss: 0.0244, train_clustering_loss:  0.0030, train_error: 0.0142
class 0: acc 0.9832402234636871, correct 352/358
class 1: acc 0.9884057971014493, correct 341/345

Val Set, val_loss: 0.8046, val_error: 0.1742, auc: 0.6969
class 0 clustering acc 1.0: correct 1240/1240
class 1 clustering acc 1.0: correct 1240/1240
class 0: acc 0.8456375838926175, correct 126/149
class 1: acc 0.3333333333333333, correct 2/6
EarlyStopping counter: 17 out of 20


batch 19, loss: 0.0001, instance_loss: 0.0087, weighted_loss: 0.0027, label: 1, bag_size: 668
batch 39, loss: 0.0000, instance_loss: 0.0000, weighted_loss: 0.0000, label: 0, bag_size: 470
batch 59, loss: 0.0000, instance_loss: 0.0012, weighted_loss: 0.0004, label: 0, bag_size: 4420
batch 79, loss: 0.0000, instance_loss: 0.0000, weighted_loss: 0.0000, label: 0, bag_size: 310
batch 99, loss: 0.0011, instance_loss: 0.0007, weighted_loss: 0.0009, label: 1, bag_size: 5528
batch 119, loss: 0.0001, instance_loss: 0.0000, weighted_loss: 0.0001, label: 1, bag_size: 668
batch 139, loss: 0.0001, instance_loss: 0.0000, weighted_loss: 0.0001, label: 1, bag_size: 619
batch 159, loss: 0.0000, instance_loss: 0.0000, weighted_loss: 0.0000, label: 0, bag_size: 1055
batch 179, loss: 0.0000, instance_loss: 0.0000, weighted_loss: 0.0000, label: 0, bag_size: 547
batch 199, loss: 0.0000, instance_loss: 0.0000, weighted_loss: 0.0000, label: 0, bag_size: 589
batch 219, loss: 0.0000, instance_loss: 0.0000, weighted_loss: 0.0000, label: 1, bag_size: 5637
batch 239, loss: 0.0008, instance_loss: 0.0002, weighted_loss: 0.0006, label: 1, bag_size: 204
batch 259, loss: 0.0004, instance_loss: 0.0000, weighted_loss: 0.0003, label: 1, bag_size: 2324
batch 279, loss: 0.0043, instance_loss: 0.0009, weighted_loss: 0.0033, label: 1, bag_size: 4322
batch 299, loss: 0.0002, instance_loss: 0.0004, weighted_loss: 0.0002, label: 1, bag_size: 619
batch 319, loss: 0.0000, instance_loss: 0.0002, weighted_loss: 0.0001, label: 0, bag_size: 1139
batch 339, loss: 0.0000, instance_loss: 0.0015, weighted_loss: 0.0005, label: 0, bag_size: 3765
batch 359, loss: 0.0000, instance_loss: 0.0000, weighted_loss: 0.0000, label: 1, bag_size: 714
batch 379, loss: 0.0000, instance_loss: 0.0000, weighted_loss: 0.0000, label: 0, bag_size: 1867
batch 399, loss: 0.0001, instance_loss: 0.0002, weighted_loss: 0.0001, label: 1, bag_size: 662
batch 419, loss: 0.0006, instance_loss: 0.0000, weighted_loss: 0.0004, label: 1, bag_size: 5073
batch 439, loss: 0.0000, instance_loss: 0.0000, weighted_loss: 0.0000, label: 0, bag_size: 1569
batch 459, loss: 0.0002, instance_loss: 0.0000, weighted_loss: 0.0001, label: 0, bag_size: 3479
batch 479, loss: 0.0009, instance_loss: 0.0000, weighted_loss: 0.0006, label: 0, bag_size: 895
batch 499, loss: 0.0003, instance_loss: 0.0000, weighted_loss: 0.0002, label: 1, bag_size: 775
batch 519, loss: 0.0007, instance_loss: 0.0000, weighted_loss: 0.0005, label: 1, bag_size: 5528
batch 539, loss: 0.0000, instance_loss: 0.0000, weighted_loss: 0.0000, label: 1, bag_size: 2160
batch 559, loss: 0.0000, instance_loss: 0.0000, weighted_loss: 0.0000, label: 1, bag_size: 4012
batch 579, loss: 0.0001, instance_loss: 0.0000, weighted_loss: 0.0001, label: 1, bag_size: 652
batch 599, loss: 0.0000, instance_loss: 0.0000, weighted_loss: 0.0000, label: 0, bag_size: 1154
batch 619, loss: 0.0058, instance_loss: 0.0000, weighted_loss: 0.0041, label: 1, bag_size: 5954
batch 639, loss: 0.0001, instance_loss: 0.0004, weighted_loss: 0.0002, label: 1, bag_size: 3393
batch 659, loss: 0.0005, instance_loss: 0.0004, weighted_loss: 0.0005, label: 1, bag_size: 1504
batch 679, loss: 0.0000, instance_loss: 0.0000, weighted_loss: 0.0000, label: 0, bag_size: 925
batch 699, loss: 0.0000, instance_loss: 0.0000, weighted_loss: 0.0000, label: 0, bag_size: 2326


class 0 clustering acc 1.0: correct 5624/5624
class 1 clustering acc 0.9996443812233285: correct 5622/5624
Epoch: 19, train_loss: 0.0026, train_clustering_loss:  0.0012, train_error: 0.0014
class 0: acc 0.9971910112359551, correct 355/356
class 1: acc 1.0, correct 347/347

Val Set, val_loss: 0.5674, val_error: 0.0968, auc: 0.6521
class 0 clustering acc 1.0: correct 1240/1240
class 1 clustering acc 1.0: correct 1240/1240
class 0: acc 0.9395973154362416, correct 140/149
class 1: acc 0.0, correct 0/6
EarlyStopping counter: 18 out of 20


batch 19, loss: 0.0001, instance_loss: 0.0000, weighted_loss: 0.0000, label: 1, bag_size: 666
batch 39, loss: 0.0000, instance_loss: 0.0000, weighted_loss: 0.0000, label: 0, bag_size: 818
batch 59, loss: 0.0000, instance_loss: 0.0002, weighted_loss: 0.0001, label: 1, bag_size: 4133
batch 79, loss: 0.0002, instance_loss: 0.0000, weighted_loss: 0.0002, label: 1, bag_size: 1439
batch 99, loss: 0.0000, instance_loss: 0.0000, weighted_loss: 0.0000, label: 1, bag_size: 666
batch 119, loss: 0.0001, instance_loss: 0.0000, weighted_loss: 0.0001, label: 1, bag_size: 893
batch 139, loss: 0.0000, instance_loss: 0.0000, weighted_loss: 0.0000, label: 0, bag_size: 3919
batch 159, loss: 0.0000, instance_loss: 0.0000, weighted_loss: 0.0000, label: 0, bag_size: 966
batch 179, loss: 0.0000, instance_loss: 0.0000, weighted_loss: 0.0000, label: 0, bag_size: 4439
batch 199, loss: 0.0002, instance_loss: 0.0000, weighted_loss: 0.0001, label: 1, bag_size: 541
batch 219, loss: 0.0001, instance_loss: 0.0000, weighted_loss: 0.0001, label: 0, bag_size: 5337
batch 239, loss: 0.0000, instance_loss: 0.0000, weighted_loss: 0.0000, label: 0, bag_size: 842
batch 259, loss: 0.0002, instance_loss: 0.0000, weighted_loss: 0.0001, label: 1, bag_size: 5073
batch 279, loss: 0.0000, instance_loss: 0.0006, weighted_loss: 0.0002, label: 0, bag_size: 4342
batch 299, loss: 0.0002, instance_loss: 0.0000, weighted_loss: 0.0001, label: 1, bag_size: 5528
batch 319, loss: 0.0087, instance_loss: 0.0000, weighted_loss: 0.0061, label: 1, bag_size: 3656
batch 339, loss: 0.0000, instance_loss: 0.0000, weighted_loss: 0.0000, label: 1, bag_size: 5637
batch 359, loss: 0.0000, instance_loss: 0.0000, weighted_loss: 0.0000, label: 1, bag_size: 1491
batch 379, loss: 0.0000, instance_loss: 0.0000, weighted_loss: 0.0000, label: 0, bag_size: 804
batch 399, loss: 0.0000, instance_loss: 0.0000, weighted_loss: 0.0000, label: 0, bag_size: 933
batch 419, loss: 0.0000, instance_loss: 0.0012, weighted_loss: 0.0004, label: 0, bag_size: 539
batch 439, loss: 0.0000, instance_loss: 0.0000, weighted_loss: 0.0000, label: 1, bag_size: 4133
batch 459, loss: 0.0000, instance_loss: 0.0000, weighted_loss: 0.0000, label: 1, bag_size: 666
batch 479, loss: 0.0000, instance_loss: 0.0000, weighted_loss: 0.0000, label: 0, bag_size: 5489
batch 499, loss: 0.0000, instance_loss: 0.0000, weighted_loss: 0.0000, label: 0, bag_size: 2150
batch 519, loss: 0.0000, instance_loss: 0.0000, weighted_loss: 0.0000, label: 0, bag_size: 516
batch 539, loss: 0.0001, instance_loss: 0.0000, weighted_loss: 0.0001, label: 1, bag_size: 2607
batch 559, loss: 0.0000, instance_loss: 0.0000, weighted_loss: 0.0000, label: 0, bag_size: 1574
batch 579, loss: 0.0000, instance_loss: 0.0000, weighted_loss: 0.0000, label: 0, bag_size: 1885
batch 599, loss: 0.0000, instance_loss: 0.0002, weighted_loss: 0.0001, label: 0, bag_size: 4204
batch 619, loss: 0.0001, instance_loss: 0.0000, weighted_loss: 0.0001, label: 1, bag_size: 5414
batch 639, loss: 0.0000, instance_loss: 0.0010, weighted_loss: 0.0003, label: 0, bag_size: 2629
batch 659, loss: 0.0000, instance_loss: 0.0000, weighted_loss: 0.0000, label: 0, bag_size: 1013
batch 679, loss: 0.0000, instance_loss: 0.0000, weighted_loss: 0.0000, label: 0, bag_size: 4946
batch 699, loss: 0.0000, instance_loss: 0.0000, weighted_loss: 0.0000, label: 1, bag_size: 4133


class 0 clustering acc 1.0: correct 5624/5624
class 1 clustering acc 0.9996443812233285: correct 5622/5624
Epoch: 20, train_loss: 0.0004, train_clustering_loss:  0.0007, train_error: 0.0000
class 0: acc 1.0, correct 340/340
class 1: acc 1.0, correct 363/363

Val Set, val_loss: 0.5865, val_error: 0.0968, auc: 0.6488
class 0 clustering acc 1.0: correct 1240/1240
class 1 clustering acc 1.0: correct 1240/1240
class 0: acc 0.9395973154362416, correct 140/149
class 1: acc 0.0, correct 0/6
EarlyStopping counter: 19 out of 20


batch 19, loss: 0.0000, instance_loss: 0.0002, weighted_loss: 0.0001, label: 0, bag_size: 564
batch 39, loss: 0.0000, instance_loss: 0.0102, weighted_loss: 0.0031, label: 1, bag_size: 5637
batch 59, loss: 0.0001, instance_loss: 0.0000, weighted_loss: 0.0001, label: 0, bag_size: 724
batch 79, loss: 0.0000, instance_loss: 0.0000, weighted_loss: 0.0000, label: 0, bag_size: 2037
batch 99, loss: 0.0000, instance_loss: 0.0000, weighted_loss: 0.0000, label: 1, bag_size: 3756
batch 119, loss: 0.0000, instance_loss: 0.0000, weighted_loss: 0.0000, label: 1, bag_size: 5637
batch 139, loss: 0.0000, instance_loss: 0.0000, weighted_loss: 0.0000, label: 0, bag_size: 701
batch 159, loss: 0.0002, instance_loss: 0.0000, weighted_loss: 0.0002, label: 1, bag_size: 903
batch 179, loss: 0.0001, instance_loss: 0.0002, weighted_loss: 0.0001, label: 0, bag_size: 683
batch 199, loss: 0.0000, instance_loss: 0.0000, weighted_loss: 0.0000, label: 0, bag_size: 891
batch 219, loss: 0.0000, instance_loss: 0.0000, weighted_loss: 0.0000, label: 0, bag_size: 299
batch 239, loss: 0.0000, instance_loss: 0.0000, weighted_loss: 0.0000, label: 0, bag_size: 998
batch 259, loss: 0.0000, instance_loss: 0.0000, weighted_loss: 0.0000, label: 0, bag_size: 3856
batch 279, loss: 0.0002, instance_loss: 0.0000, weighted_loss: 0.0001, label: 1, bag_size: 656
batch 299, loss: 0.0000, instance_loss: 0.0000, weighted_loss: 0.0000, label: 0, bag_size: 4251
batch 319, loss: 0.0000, instance_loss: 0.0000, weighted_loss: 0.0000, label: 0, bag_size: 509
batch 339, loss: 0.0002, instance_loss: 0.0005, weighted_loss: 0.0003, label: 1, bag_size: 5528
batch 359, loss: 0.0000, instance_loss: 0.0000, weighted_loss: 0.0000, label: 1, bag_size: 3613
batch 379, loss: 0.0000, instance_loss: 0.0000, weighted_loss: 0.0000, label: 1, bag_size: 4201
batch 399, loss: 0.0000, instance_loss: 0.0000, weighted_loss: 0.0000, label: 0, bag_size: 3185
batch 419, loss: 0.0000, instance_loss: 0.0000, weighted_loss: 0.0000, label: 0, bag_size: 4172
batch 439, loss: 0.0005, instance_loss: 0.0002, weighted_loss: 0.0004, label: 1, bag_size: 5528
batch 459, loss: 0.0000, instance_loss: 0.0000, weighted_loss: 0.0000, label: 0, bag_size: 1969
batch 479, loss: 0.0000, instance_loss: 0.0000, weighted_loss: 0.0000, label: 0, bag_size: 864
batch 499, loss: 0.0000, instance_loss: 0.0000, weighted_loss: 0.0000, label: 0, bag_size: 263
batch 519, loss: 0.0001, instance_loss: 0.0005, weighted_loss: 0.0002, label: 0, bag_size: 3852
batch 539, loss: 0.0001, instance_loss: 0.0000, weighted_loss: 0.0000, label: 0, bag_size: 1019
batch 559, loss: 0.0000, instance_loss: 0.0000, weighted_loss: 0.0000, label: 0, bag_size: 4125
batch 579, loss: 0.0000, instance_loss: 0.0024, weighted_loss: 0.0007, label: 0, bag_size: 294
batch 599, loss: 0.0000, instance_loss: 0.0000, weighted_loss: 0.0000, label: 0, bag_size: 416
batch 619, loss: 0.0001, instance_loss: 0.0000, weighted_loss: 0.0000, label: 1, bag_size: 652
batch 639, loss: 0.0000, instance_loss: 0.0000, weighted_loss: 0.0000, label: 0, bag_size: 1972
batch 659, loss: 0.0000, instance_loss: 0.0000, weighted_loss: 0.0000, label: 0, bag_size: 417
batch 679, loss: 0.0560, instance_loss: 0.0007, weighted_loss: 0.0394, label: 0, bag_size: 3795
batch 699, loss: 0.0000, instance_loss: 0.0000, weighted_loss: 0.0000, label: 1, bag_size: 5637


class 0 clustering acc 1.0: correct 5624/5624
class 1 clustering acc 1.0: correct 5624/5624
Epoch: 21, train_loss: 0.0109, train_clustering_loss:  0.0003, train_error: 0.0014
class 0: acc 1.0, correct 367/367
class 1: acc 0.9970238095238095, correct 335/336

Val Set, val_loss: 0.9882, val_error: 0.1935, auc: 0.7327
class 0 clustering acc 1.0: correct 1240/1240
class 1 clustering acc 1.0: correct 1240/1240
class 0: acc 0.825503355704698, correct 123/149
class 1: acc 0.3333333333333333, correct 2/6
EarlyStopping counter: 20 out of 20


batch 19, loss: 0.0005, instance_loss: 0.0011, weighted_loss: 0.0007, label: 0, bag_size: 780
batch 39, loss: 0.0000, instance_loss: 0.0000, weighted_loss: 0.0000, label: 1, bag_size: 619
batch 59, loss: 0.0000, instance_loss: 0.0000, weighted_loss: 0.0000, label: 0, bag_size: 509
batch 79, loss: 0.0010, instance_loss: 0.0000, weighted_loss: 0.0007, label: 1, bag_size: 204
batch 99, loss: 0.0007, instance_loss: 0.0000, weighted_loss: 0.0005, label: 1, bag_size: 2607
batch 119, loss: 0.0265, instance_loss: 0.0000, weighted_loss: 0.0186, label: 1, bag_size: 3393
batch 139, loss: 0.0047, instance_loss: 0.0000, weighted_loss: 0.0033, label: 1, bag_size: 541
batch 159, loss: 0.0012, instance_loss: 0.0053, weighted_loss: 0.0024, label: 0, bag_size: 395
batch 179, loss: 0.0000, instance_loss: 0.0065, weighted_loss: 0.0019, label: 0, bag_size: 4141
batch 199, loss: 0.0455, instance_loss: 0.0003, weighted_loss: 0.0319, label: 1, bag_size: 4322
batch 219, loss: 0.0018, instance_loss: 0.0000, weighted_loss: 0.0013, label: 0, bag_size: 468
batch 239, loss: 0.0005, instance_loss: 0.0000, weighted_loss: 0.0004, label: 1, bag_size: 1504
batch 259, loss: 0.0046, instance_loss: 0.0000, weighted_loss: 0.0033, label: 1, bag_size: 5637
batch 279, loss: 0.0003, instance_loss: 0.0000, weighted_loss: 0.0002, label: 1, bag_size: 3656
batch 299, loss: 0.0095, instance_loss: 0.0000, weighted_loss: 0.0066, label: 0, bag_size: 1547
batch 319, loss: 0.0002, instance_loss: 0.0002, weighted_loss: 0.0002, label: 1, bag_size: 662
batch 339, loss: 0.0000, instance_loss: 0.0000, weighted_loss: 0.0000, label: 0, bag_size: 1030
batch 359, loss: 0.0001, instance_loss: 0.0000, weighted_loss: 0.0000, label: 0, bag_size: 687
batch 379, loss: 0.0000, instance_loss: 0.0002, weighted_loss: 0.0001, label: 0, bag_size: 992
batch 399, loss: 0.0042, instance_loss: 0.0000, weighted_loss: 0.0029, label: 0, bag_size: 202
batch 419, loss: 0.0000, instance_loss: 0.0000, weighted_loss: 0.0000, label: 0, bag_size: 2911
batch 439, loss: 0.0020, instance_loss: 0.0000, weighted_loss: 0.0014, label: 1, bag_size: 3756
batch 459, loss: 0.0002, instance_loss: 0.0002, weighted_loss: 0.0002, label: 1, bag_size: 3707
batch 479, loss: 0.0001, instance_loss: 0.0000, weighted_loss: 0.0001, label: 1, bag_size: 5637
batch 499, loss: 0.0000, instance_loss: 0.0000, weighted_loss: 0.0000, label: 0, bag_size: 3415
batch 519, loss: 0.0006, instance_loss: 0.0036, weighted_loss: 0.0015, label: 0, bag_size: 382
batch 539, loss: 0.0001, instance_loss: 0.0000, weighted_loss: 0.0001, label: 1, bag_size: 478
batch 559, loss: 0.0001, instance_loss: 0.0000, weighted_loss: 0.0000, label: 1, bag_size: 893
batch 579, loss: 0.0003, instance_loss: 0.0003, weighted_loss: 0.0003, label: 1, bag_size: 5414
batch 599, loss: 0.0025, instance_loss: 0.0015, weighted_loss: 0.0022, label: 0, bag_size: 3364
batch 619, loss: 0.0000, instance_loss: 0.0000, weighted_loss: 0.0000, label: 0, bag_size: 4355
batch 639, loss: 0.0008, instance_loss: 0.0000, weighted_loss: 0.0006, label: 0, bag_size: 1237
batch 659, loss: 0.0000, instance_loss: 0.0000, weighted_loss: 0.0000, label: 1, bag_size: 1491
batch 679, loss: 0.0000, instance_loss: 0.0000, weighted_loss: 0.0000, label: 0, bag_size: 3770
batch 699, loss: 0.0004, instance_loss: 0.0000, weighted_loss: 0.0003, label: 1, bag_size: 3656


class 0 clustering acc 0.9998221906116643: correct 5623/5624
class 1 clustering acc 0.9991109530583214: correct 5619/5624
Epoch: 22, train_loss: 0.0597, train_clustering_loss:  0.0026, train_error: 0.0199
class 0: acc 0.9779005524861878, correct 354/362
class 1: acc 0.9824046920821115, correct 335/341

Val Set, val_loss: 0.4911, val_error: 0.0968, auc: 0.5917
class 0 clustering acc 1.0: correct 1240/1240
class 1 clustering acc 0.9991935483870967: correct 1239/1240
class 0: acc 0.9328859060402684, correct 139/149
class 1: acc 0.16666666666666666, correct 1/6
EarlyStopping counter: 21 out of 20


batch 19, loss: 0.0000, instance_loss: 0.0019, weighted_loss: 0.0006, label: 1, bag_size: 619
batch 39, loss: 0.0002, instance_loss: 0.0000, weighted_loss: 0.0001, label: 0, bag_size: 955
batch 59, loss: 0.0002, instance_loss: 0.0009, weighted_loss: 0.0004, label: 1, bag_size: 391
batch 79, loss: 0.0002, instance_loss: 0.0000, weighted_loss: 0.0001, label: 1, bag_size: 775
batch 99, loss: 0.0043, instance_loss: 0.0005, weighted_loss: 0.0032, label: 1, bag_size: 5528
batch 119, loss: 0.0000, instance_loss: 0.0013, weighted_loss: 0.0004, label: 1, bag_size: 619
batch 139, loss: 0.0000, instance_loss: 0.0000, weighted_loss: 0.0000, label: 0, bag_size: 5003
batch 159, loss: 0.0000, instance_loss: 0.0000, weighted_loss: 0.0000, label: 0, bag_size: 5333
batch 179, loss: 0.0005, instance_loss: 0.0000, weighted_loss: 0.0003, label: 0, bag_size: 2914
batch 199, loss: 0.0010, instance_loss: 0.0047, weighted_loss: 0.0021, label: 1, bag_size: 5414
batch 219, loss: 0.0000, instance_loss: 0.0000, weighted_loss: 0.0000, label: 0, bag_size: 3925
batch 239, loss: 0.0000, instance_loss: 0.0000, weighted_loss: 0.0000, label: 0, bag_size: 862
batch 259, loss: 0.0000, instance_loss: 0.0000, weighted_loss: 0.0000, label: 1, bag_size: 4022
batch 279, loss: 0.0001, instance_loss: 0.0000, weighted_loss: 0.0001, label: 0, bag_size: 2733
batch 299, loss: 0.0000, instance_loss: 0.0003, weighted_loss: 0.0001, label: 0, bag_size: 992
batch 319, loss: 0.0000, instance_loss: 0.0019, weighted_loss: 0.0006, label: 1, bag_size: 619
batch 339, loss: 0.0040, instance_loss: 0.0009, weighted_loss: 0.0030, label: 1, bag_size: 5528
batch 359, loss: 0.0001, instance_loss: 0.0046, weighted_loss: 0.0014, label: 0, bag_size: 2785
batch 379, loss: 0.0000, instance_loss: 0.0023, weighted_loss: 0.0007, label: 0, bag_size: 294
batch 399, loss: 0.0000, instance_loss: 0.0002, weighted_loss: 0.0001, label: 0, bag_size: 1092
batch 419, loss: 0.0002, instance_loss: 0.0000, weighted_loss: 0.0001, label: 1, bag_size: 662
batch 439, loss: 0.0000, instance_loss: 0.0000, weighted_loss: 0.0000, label: 1, bag_size: 2324
batch 459, loss: 0.0007, instance_loss: 0.0000, weighted_loss: 0.0005, label: 0, bag_size: 579
batch 479, loss: 0.0000, instance_loss: 0.0000, weighted_loss: 0.0000, label: 1, bag_size: 478
batch 499, loss: 0.0000, instance_loss: 0.0000, weighted_loss: 0.0000, label: 0, bag_size: 1552
batch 519, loss: 0.0000, instance_loss: 0.0002, weighted_loss: 0.0001, label: 1, bag_size: 4012
batch 539, loss: 0.0001, instance_loss: 0.0000, weighted_loss: 0.0001, label: 1, bag_size: 652
batch 559, loss: 0.0023, instance_loss: 0.0000, weighted_loss: 0.0016, label: 1, bag_size: 4322
batch 579, loss: 0.0005, instance_loss: 0.0000, weighted_loss: 0.0004, label: 0, bag_size: 2244
batch 599, loss: 0.0000, instance_loss: 0.0000, weighted_loss: 0.0000, label: 1, bag_size: 4012
batch 619, loss: 0.0000, instance_loss: 0.0000, weighted_loss: 0.0000, label: 0, bag_size: 1013
batch 639, loss: 0.0000, instance_loss: 0.0000, weighted_loss: 0.0000, label: 1, bag_size: 714
batch 659, loss: 0.0000, instance_loss: 0.0025, weighted_loss: 0.0007, label: 0, bag_size: 4091
batch 679, loss: 0.0000, instance_loss: 0.0000, weighted_loss: 0.0000, label: 1, bag_size: 204
batch 699, loss: 0.0001, instance_loss: 0.0000, weighted_loss: 0.0000, label: 1, bag_size: 478


class 0 clustering acc 1.0: correct 5624/5624
class 1 clustering acc 0.9994665718349929: correct 5621/5624
Epoch: 23, train_loss: 0.0010, train_clustering_loss:  0.0018, train_error: 0.0000
class 0: acc 1.0, correct 359/359
class 1: acc 1.0, correct 344/344

Val Set, val_loss: 0.4977, val_error: 0.0968, auc: 0.5794
class 0 clustering acc 1.0: correct 1240/1240
class 1 clustering acc 0.9991935483870967: correct 1239/1240
class 0: acc 0.9395973154362416, correct 140/149
class 1: acc 0.0, correct 0/6
EarlyStopping counter: 22 out of 20


batch 19, loss: 0.0000, instance_loss: 0.0000, weighted_loss: 0.0000, label: 1, bag_size: 668
batch 39, loss: 0.0042, instance_loss: 0.0000, weighted_loss: 0.0029, label: 1, bag_size: 5528
batch 59, loss: 0.0000, instance_loss: 0.0013, weighted_loss: 0.0004, label: 1, bag_size: 4201
batch 79, loss: 0.0001, instance_loss: 0.0000, weighted_loss: 0.0000, label: 1, bag_size: 2607
batch 99, loss: 0.0000, instance_loss: 0.0000, weighted_loss: 0.0000, label: 0, bag_size: 2443
batch 119, loss: 0.0000, instance_loss: 0.0046, weighted_loss: 0.0014, label: 0, bag_size: 573
batch 139, loss: 0.0001, instance_loss: 0.0000, weighted_loss: 0.0000, label: 1, bag_size: 478
batch 159, loss: 0.0002, instance_loss: 0.0000, weighted_loss: 0.0001, label: 1, bag_size: 2160
batch 179, loss: 0.0000, instance_loss: 0.0000, weighted_loss: 0.0000, label: 1, bag_size: 1491
batch 199, loss: 0.0000, instance_loss: 0.0034, weighted_loss: 0.0010, label: 1, bag_size: 619
batch 219, loss: 0.0069, instance_loss: 0.0000, weighted_loss: 0.0048, label: 0, bag_size: 776
batch 239, loss: 0.0000, instance_loss: 0.0000, weighted_loss: 0.0000, label: 1, bag_size: 1491
batch 259, loss: 0.0001, instance_loss: 0.0000, weighted_loss: 0.0001, label: 1, bag_size: 1439
batch 279, loss: 0.0001, instance_loss: 0.0000, weighted_loss: 0.0001, label: 1, bag_size: 2607
batch 299, loss: 0.0001, instance_loss: 0.0000, weighted_loss: 0.0000, label: 1, bag_size: 714
batch 319, loss: 0.0000, instance_loss: 0.0007, weighted_loss: 0.0002, label: 0, bag_size: 4800
batch 339, loss: 0.0020, instance_loss: 0.0000, weighted_loss: 0.0014, label: 0, bag_size: 1268
batch 359, loss: 0.0002, instance_loss: 0.0000, weighted_loss: 0.0001, label: 0, bag_size: 745
batch 379, loss: 0.0001, instance_loss: 0.0000, weighted_loss: 0.0000, label: 0, bag_size: 2500
batch 399, loss: 0.0131, instance_loss: 0.0000, weighted_loss: 0.0092, label: 1, bag_size: 3707
batch 419, loss: 0.0002, instance_loss: 0.0000, weighted_loss: 0.0001, label: 1, bag_size: 478
batch 439, loss: 0.0000, instance_loss: 0.0000, weighted_loss: 0.0000, label: 0, bag_size: 690
batch 459, loss: 0.0000, instance_loss: 0.0000, weighted_loss: 0.0000, label: 1, bag_size: 668
batch 479, loss: 0.0000, instance_loss: 0.0000, weighted_loss: 0.0000, label: 1, bag_size: 2531
batch 499, loss: 0.0000, instance_loss: 0.0000, weighted_loss: 0.0000, label: 0, bag_size: 712
batch 519, loss: 0.0001, instance_loss: 0.0000, weighted_loss: 0.0001, label: 1, bag_size: 204
batch 539, loss: 0.0000, instance_loss: 0.0000, weighted_loss: 0.0000, label: 1, bag_size: 2607
batch 559, loss: 0.0008, instance_loss: 0.0006, weighted_loss: 0.0008, label: 1, bag_size: 5528
batch 579, loss: 0.0000, instance_loss: 0.0000, weighted_loss: 0.0000, label: 1, bag_size: 4022
batch 599, loss: 0.0001, instance_loss: 0.0015, weighted_loss: 0.0006, label: 0, bag_size: 568
batch 619, loss: 0.0001, instance_loss: 0.0000, weighted_loss: 0.0000, label: 0, bag_size: 2957
batch 639, loss: 0.0009, instance_loss: 0.0017, weighted_loss: 0.0011, label: 0, bag_size: 1147
batch 659, loss: 0.0008, instance_loss: 0.0000, weighted_loss: 0.0005, label: 1, bag_size: 5611
batch 679, loss: 0.0000, instance_loss: 0.0000, weighted_loss: 0.0000, label: 1, bag_size: 4322
batch 699, loss: 0.0000, instance_loss: 0.0000, weighted_loss: 0.0000, label: 0, bag_size: 4897


class 0 clustering acc 0.9998221906116643: correct 5623/5624
class 1 clustering acc 0.9998221906116643: correct 5623/5624
Epoch: 24, train_loss: 0.0007, train_clustering_loss:  0.0014, train_error: 0.0000
class 0: acc 1.0, correct 344/344
class 1: acc 1.0, correct 359/359

Val Set, val_loss: 0.5322, val_error: 0.0839, auc: 0.5369
class 0 clustering acc 1.0: correct 1240/1240
class 1 clustering acc 1.0: correct 1240/1240
class 0: acc 0.9530201342281879, correct 142/149
class 1: acc 0.0, correct 0/6
EarlyStopping counter: 23 out of 20


batch 19, loss: 0.0001, instance_loss: 0.0000, weighted_loss: 0.0000, label: 0, bag_size: 3220
batch 39, loss: 0.0000, instance_loss: 0.0000, weighted_loss: 0.0000, label: 0, bag_size: 1832
batch 59, loss: 0.0000, instance_loss: 0.0000, weighted_loss: 0.0000, label: 1, bag_size: 4022
batch 79, loss: 0.0000, instance_loss: 0.0008, weighted_loss: 0.0002, label: 0, bag_size: 6072
batch 99, loss: 0.0001, instance_loss: 0.0003, weighted_loss: 0.0002, label: 1, bag_size: 5528
batch 119, loss: 0.0000, instance_loss: 0.0000, weighted_loss: 0.0000, label: 1, bag_size: 4133
batch 139, loss: 0.0003, instance_loss: 0.0000, weighted_loss: 0.0002, label: 1, bag_size: 5637
batch 159, loss: 0.0000, instance_loss: 0.0000, weighted_loss: 0.0000, label: 1, bag_size: 668
batch 179, loss: 0.0004, instance_loss: 0.0009, weighted_loss: 0.0006, label: 0, bag_size: 2428
batch 199, loss: 0.0000, instance_loss: 0.0000, weighted_loss: 0.0000, label: 0, bag_size: 4519
batch 219, loss: 0.0000, instance_loss: 0.0000, weighted_loss: 0.0000, label: 0, bag_size: 1021
batch 239, loss: 0.0000, instance_loss: 0.0002, weighted_loss: 0.0001, label: 0, bag_size: 3892
batch 259, loss: 0.0001, instance_loss: 0.0000, weighted_loss: 0.0001, label: 1, bag_size: 656
batch 279, loss: 0.0004, instance_loss: 0.0000, weighted_loss: 0.0003, label: 0, bag_size: 3753
batch 299, loss: 0.0001, instance_loss: 0.0000, weighted_loss: 0.0001, label: 1, bag_size: 1518
batch 319, loss: 0.0000, instance_loss: 0.0000, weighted_loss: 0.0000, label: 1, bag_size: 4133
batch 339, loss: 0.0057, instance_loss: 0.0000, weighted_loss: 0.0040, label: 0, bag_size: 2537
batch 359, loss: 0.0000, instance_loss: 0.0000, weighted_loss: 0.0000, label: 0, bag_size: 309
batch 379, loss: 0.0000, instance_loss: 0.0000, weighted_loss: 0.0000, label: 0, bag_size: 1121
batch 399, loss: 0.0000, instance_loss: 0.0000, weighted_loss: 0.0000, label: 0, bag_size: 4420
batch 419, loss: 0.0003, instance_loss: 0.0002, weighted_loss: 0.0003, label: 1, bag_size: 5715
batch 439, loss: 0.0000, instance_loss: 0.0000, weighted_loss: 0.0000, label: 1, bag_size: 3756
batch 459, loss: 0.0001, instance_loss: 0.0000, weighted_loss: 0.0001, label: 0, bag_size: 670
batch 479, loss: 0.0002, instance_loss: 0.0000, weighted_loss: 0.0001, label: 0, bag_size: 2244
batch 499, loss: 0.0000, instance_loss: 0.0000, weighted_loss: 0.0000, label: 0, bag_size: 3707
batch 519, loss: 0.0005, instance_loss: 0.0000, weighted_loss: 0.0004, label: 1, bag_size: 893
batch 539, loss: 0.0000, instance_loss: 0.0000, weighted_loss: 0.0000, label: 0, bag_size: 4375
batch 559, loss: 0.0000, instance_loss: 0.0000, weighted_loss: 0.0000, label: 0, bag_size: 2461
batch 579, loss: 0.0000, instance_loss: 0.0007, weighted_loss: 0.0002, label: 1, bag_size: 1518
batch 599, loss: 0.0002, instance_loss: 0.0003, weighted_loss: 0.0002, label: 1, bag_size: 204
batch 619, loss: 0.0000, instance_loss: 0.0000, weighted_loss: 0.0000, label: 1, bag_size: 541
batch 639, loss: 0.0002, instance_loss: 0.0000, weighted_loss: 0.0002, label: 0, bag_size: 1377
batch 659, loss: 0.0000, instance_loss: 0.0000, weighted_loss: 0.0000, label: 1, bag_size: 4022
batch 679, loss: 0.0005, instance_loss: 0.0000, weighted_loss: 0.0004, label: 1, bag_size: 5954
batch 699, loss: 0.0001, instance_loss: 0.0000, weighted_loss: 0.0000, label: 0, bag_size: 1616


class 0 clustering acc 1.0: correct 5624/5624
class 1 clustering acc 1.0: correct 5624/5624
Epoch: 25, train_loss: 0.0004, train_clustering_loss:  0.0005, train_error: 0.0000
class 0: acc 1.0, correct 347/347
class 1: acc 1.0, correct 356/356

Val Set, val_loss: 0.5467, val_error: 0.0968, auc: 0.5526
class 0 clustering acc 1.0: correct 1240/1240
class 1 clustering acc 0.9991935483870967: correct 1239/1240
class 0: acc 0.9395973154362416, correct 140/149
class 1: acc 0.0, correct 0/6
EarlyStopping counter: 24 out of 20


batch 19, loss: 0.0001, instance_loss: 0.0027, weighted_loss: 0.0009, label: 1, bag_size: 1504
batch 39, loss: 0.0000, instance_loss: 0.0014, weighted_loss: 0.0005, label: 0, bag_size: 1668
batch 59, loss: 0.0000, instance_loss: 0.0000, weighted_loss: 0.0000, label: 0, bag_size: 751
batch 79, loss: 0.0001, instance_loss: 0.0000, weighted_loss: 0.0001, label: 1, bag_size: 3756
batch 99, loss: 0.0000, instance_loss: 0.0000, weighted_loss: 0.0000, label: 0, bag_size: 2434
batch 119, loss: 0.0000, instance_loss: 0.0000, weighted_loss: 0.0000, label: 0, bag_size: 297
batch 139, loss: 0.0000, instance_loss: 0.0003, weighted_loss: 0.0001, label: 0, bag_size: 4477
batch 159, loss: 0.0004, instance_loss: 0.0000, weighted_loss: 0.0003, label: 1, bag_size: 4322
batch 179, loss: 0.0000, instance_loss: 0.0002, weighted_loss: 0.0001, label: 0, bag_size: 2084
batch 199, loss: 0.0000, instance_loss: 0.0000, weighted_loss: 0.0000, label: 0, bag_size: 5784
batch 219, loss: 0.0000, instance_loss: 0.0012, weighted_loss: 0.0004, label: 1, bag_size: 1504
batch 239, loss: 0.0000, instance_loss: 0.0020, weighted_loss: 0.0006, label: 0, bag_size: 1922
batch 259, loss: 0.0001, instance_loss: 0.0000, weighted_loss: 0.0001, label: 0, bag_size: 1447
batch 279, loss: 0.0018, instance_loss: 0.0000, weighted_loss: 0.0013, label: 1, bag_size: 5954
batch 299, loss: 0.0003, instance_loss: 0.0000, weighted_loss: 0.0002, label: 1, bag_size: 478
batch 319, loss: 0.0001, instance_loss: 0.0004, weighted_loss: 0.0002, label: 0, bag_size: 568
batch 339, loss: 0.0000, instance_loss: 0.0000, weighted_loss: 0.0000, label: 0, bag_size: 2107
batch 359, loss: 0.0001, instance_loss: 0.0019, weighted_loss: 0.0006, label: 1, bag_size: 1504
batch 379, loss: 0.0001, instance_loss: 0.0000, weighted_loss: 0.0000, label: 1, bag_size: 2531
batch 399, loss: 0.0000, instance_loss: 0.0000, weighted_loss: 0.0000, label: 0, bag_size: 718
batch 419, loss: 0.0000, instance_loss: 0.0000, weighted_loss: 0.0000, label: 0, bag_size: 4360
batch 439, loss: 0.0000, instance_loss: 0.0000, weighted_loss: 0.0000, label: 0, bag_size: 3914
batch 459, loss: 0.0000, instance_loss: 0.0003, weighted_loss: 0.0001, label: 0, bag_size: 3855
batch 479, loss: 0.0002, instance_loss: 0.0000, weighted_loss: 0.0001, label: 0, bag_size: 471
batch 499, loss: 0.0001, instance_loss: 0.0000, weighted_loss: 0.0000, label: 1, bag_size: 686
batch 519, loss: 0.0003, instance_loss: 0.0041, weighted_loss: 0.0014, label: 1, bag_size: 541
batch 539, loss: 0.0000, instance_loss: 0.0000, weighted_loss: 0.0000, label: 0, bag_size: 1883
batch 559, loss: 0.0000, instance_loss: 0.0000, weighted_loss: 0.0000, label: 0, bag_size: 5329
batch 579, loss: 0.0000, instance_loss: 0.0000, weighted_loss: 0.0000, label: 0, bag_size: 4978
batch 599, loss: 0.0000, instance_loss: 0.0000, weighted_loss: 0.0000, label: 1, bag_size: 5073
batch 619, loss: 0.0001, instance_loss: 0.0000, weighted_loss: 0.0000, label: 1, bag_size: 3756
batch 639, loss: 0.0004, instance_loss: 0.0000, weighted_loss: 0.0003, label: 1, bag_size: 2531
batch 659, loss: 0.0001, instance_loss: 0.0000, weighted_loss: 0.0001, label: 0, bag_size: 19888
batch 679, loss: 0.0011, instance_loss: 0.0000, weighted_loss: 0.0008, label: 0, bag_size: 1609
batch 699, loss: 0.0001, instance_loss: 0.0000, weighted_loss: 0.0001, label: 1, bag_size: 541


class 0 clustering acc 1.0: correct 5624/5624
class 1 clustering acc 0.9992887624466572: correct 5620/5624
Epoch: 26, train_loss: 0.0003, train_clustering_loss:  0.0015, train_error: 0.0000
class 0: acc 1.0, correct 354/354
class 1: acc 1.0, correct 349/349

Val Set, val_loss: 0.5724, val_error: 0.0968, auc: 0.5481
class 0 clustering acc 1.0: correct 1240/1240
class 1 clustering acc 1.0: correct 1240/1240
class 0: acc 0.9395973154362416, correct 140/149
class 1: acc 0.0, correct 0/6
EarlyStopping counter: 25 out of 20


batch 19, loss: 0.0000, instance_loss: 0.0002, weighted_loss: 0.0001, label: 1, bag_size: 4201
batch 39, loss: 0.0000, instance_loss: 0.0000, weighted_loss: 0.0000, label: 0, bag_size: 751
batch 59, loss: 0.0000, instance_loss: 0.0031, weighted_loss: 0.0009, label: 0, bag_size: 875
batch 79, loss: 0.0000, instance_loss: 0.0000, weighted_loss: 0.0000, label: 0, bag_size: 862
batch 99, loss: 0.0000, instance_loss: 0.0020, weighted_loss: 0.0006, label: 0, bag_size: 716
batch 119, loss: 0.0000, instance_loss: 0.0009, weighted_loss: 0.0003, label: 0, bag_size: 5091
batch 139, loss: 0.0000, instance_loss: 0.0000, weighted_loss: 0.0000, label: 0, bag_size: 4113
batch 159, loss: 0.0000, instance_loss: 0.0000, weighted_loss: 0.0000, label: 1, bag_size: 391
batch 179, loss: 0.0000, instance_loss: 0.0000, weighted_loss: 0.0000, label: 1, bag_size: 4201
batch 199, loss: 0.0000, instance_loss: 0.0020, weighted_loss: 0.0006, label: 0, bag_size: 3852
batch 219, loss: 0.0000, instance_loss: 0.0000, weighted_loss: 0.0000, label: 1, bag_size: 3756
batch 239, loss: 0.0000, instance_loss: 0.0000, weighted_loss: 0.0000, label: 0, bag_size: 1297
batch 259, loss: 0.0000, instance_loss: 0.0000, weighted_loss: 0.0000, label: 1, bag_size: 2324
batch 279, loss: 0.0042, instance_loss: 0.0005, weighted_loss: 0.0030, label: 0, bag_size: 2617
batch 299, loss: 0.0000, instance_loss: 0.0000, weighted_loss: 0.0000, label: 0, bag_size: 1334
batch 319, loss: 0.0000, instance_loss: 0.0000, weighted_loss: 0.0000, label: 1, bag_size: 668
batch 339, loss: 0.0000, instance_loss: 0.0000, weighted_loss: 0.0000, label: 1, bag_size: 5637
batch 359, loss: 0.0000, instance_loss: 0.0000, weighted_loss: 0.0000, label: 0, bag_size: 309
batch 379, loss: 0.0000, instance_loss: 0.0000, weighted_loss: 0.0000, label: 0, bag_size: 1081
batch 399, loss: 0.0000, instance_loss: 0.0000, weighted_loss: 0.0000, label: 1, bag_size: 4322
batch 419, loss: 0.0010, instance_loss: 0.0000, weighted_loss: 0.0007, label: 0, bag_size: 1411
batch 439, loss: 0.0000, instance_loss: 0.0000, weighted_loss: 0.0000, label: 0, bag_size: 627
batch 459, loss: 0.0004, instance_loss: 0.0000, weighted_loss: 0.0003, label: 1, bag_size: 541
batch 479, loss: 0.0000, instance_loss: 0.0000, weighted_loss: 0.0000, label: 1, bag_size: 5073
batch 499, loss: 0.0001, instance_loss: 0.0002, weighted_loss: 0.0001, label: 1, bag_size: 3656
batch 519, loss: 0.0000, instance_loss: 0.0000, weighted_loss: 0.0000, label: 1, bag_size: 4201
batch 539, loss: 0.0000, instance_loss: 0.0016, weighted_loss: 0.0005, label: 0, bag_size: 3179
batch 559, loss: 0.0004, instance_loss: 0.0006, weighted_loss: 0.0004, label: 0, bag_size: 791
batch 579, loss: 0.0002, instance_loss: 0.0000, weighted_loss: 0.0001, label: 0, bag_size: 997
batch 599, loss: 0.0000, instance_loss: 0.0000, weighted_loss: 0.0000, label: 0, bag_size: 1268
batch 619, loss: 0.0000, instance_loss: 0.0000, weighted_loss: 0.0000, label: 1, bag_size: 204
batch 639, loss: 0.0000, instance_loss: 0.0000, weighted_loss: 0.0000, label: 0, bag_size: 1956
batch 659, loss: 0.0001, instance_loss: 0.0000, weighted_loss: 0.0001, label: 1, bag_size: 652
batch 679, loss: 0.0000, instance_loss: 0.0010, weighted_loss: 0.0003, label: 0, bag_size: 4013
batch 699, loss: 0.0001, instance_loss: 0.0000, weighted_loss: 0.0001, label: 1, bag_size: 1439


class 0 clustering acc 0.9991109530583214: correct 5619/5624
class 1 clustering acc 0.9994665718349929: correct 5621/5624
Epoch: 27, train_loss: 0.0003, train_clustering_loss:  0.0054, train_error: 0.0000
class 0: acc 1.0, correct 353/353
class 1: acc 1.0, correct 350/350

Val Set, val_loss: 0.6055, val_error: 0.1032, auc: 0.5369
class 0 clustering acc 1.0: correct 1240/1240
class 1 clustering acc 1.0: correct 1240/1240
class 0: acc 0.9328859060402684, correct 139/149
class 1: acc 0.0, correct 0/6
EarlyStopping counter: 26 out of 20


batch 19, loss: 0.0000, instance_loss: 0.0000, weighted_loss: 0.0000, label: 0, bag_size: 4181
batch 39, loss: 0.0000, instance_loss: 0.0000, weighted_loss: 0.0000, label: 0, bag_size: 1481
batch 59, loss: 0.0000, instance_loss: 0.0000, weighted_loss: 0.0000, label: 1, bag_size: 662
batch 79, loss: 0.0000, instance_loss: 0.0000, weighted_loss: 0.0000, label: 0, bag_size: 509
batch 99, loss: 0.0000, instance_loss: 0.0000, weighted_loss: 0.0000, label: 0, bag_size: 564
batch 119, loss: 0.0004, instance_loss: 0.0000, weighted_loss: 0.0003, label: 1, bag_size: 478
batch 139, loss: 0.0000, instance_loss: 0.0000, weighted_loss: 0.0000, label: 1, bag_size: 4322
batch 159, loss: 0.0000, instance_loss: 0.0000, weighted_loss: 0.0000, label: 0, bag_size: 4546
batch 179, loss: 0.0001, instance_loss: 0.0000, weighted_loss: 0.0001, label: 0, bag_size: 637
batch 199, loss: 0.0000, instance_loss: 0.0000, weighted_loss: 0.0000, label: 1, bag_size: 775
batch 219, loss: 0.0000, instance_loss: 0.0000, weighted_loss: 0.0000, label: 0, bag_size: 2035
batch 239, loss: 0.0000, instance_loss: 0.0000, weighted_loss: 0.0000, label: 0, bag_size: 5272
batch 259, loss: 0.0000, instance_loss: 0.0000, weighted_loss: 0.0000, label: 0, bag_size: 680
batch 279, loss: 0.0000, instance_loss: 0.0000, weighted_loss: 0.0000, label: 0, bag_size: 931
batch 299, loss: 0.0000, instance_loss: 0.0000, weighted_loss: 0.0000, label: 0, bag_size: 2416
batch 319, loss: 0.0000, instance_loss: 0.0019, weighted_loss: 0.0006, label: 0, bag_size: 624
batch 339, loss: 0.0001, instance_loss: 0.0002, weighted_loss: 0.0001, label: 0, bag_size: 590
batch 359, loss: 0.0000, instance_loss: 0.0000, weighted_loss: 0.0000, label: 0, bag_size: 4978
batch 379, loss: 0.0000, instance_loss: 0.0000, weighted_loss: 0.0000, label: 1, bag_size: 668
batch 399, loss: 0.0000, instance_loss: 0.0000, weighted_loss: 0.0000, label: 1, bag_size: 3707
batch 419, loss: 0.0000, instance_loss: 0.0000, weighted_loss: 0.0000, label: 0, bag_size: 3700
batch 439, loss: 0.0000, instance_loss: 0.0000, weighted_loss: 0.0000, label: 1, bag_size: 4322
batch 459, loss: 0.0001, instance_loss: 0.0000, weighted_loss: 0.0001, label: 0, bag_size: 2221
batch 479, loss: 0.0000, instance_loss: 0.0000, weighted_loss: 0.0000, label: 0, bag_size: 687
batch 499, loss: 0.0000, instance_loss: 0.0000, weighted_loss: 0.0000, label: 0, bag_size: 1021
batch 519, loss: 0.0001, instance_loss: 0.0000, weighted_loss: 0.0001, label: 0, bag_size: 1664
batch 539, loss: 0.0000, instance_loss: 0.0000, weighted_loss: 0.0000, label: 0, bag_size: 3185
batch 559, loss: 0.0004, instance_loss: 0.0000, weighted_loss: 0.0003, label: 1, bag_size: 3393
batch 579, loss: 0.0001, instance_loss: 0.0000, weighted_loss: 0.0001, label: 1, bag_size: 5954
batch 599, loss: 0.0001, instance_loss: 0.0000, weighted_loss: 0.0001, label: 1, bag_size: 2531
batch 619, loss: 0.0000, instance_loss: 0.0000, weighted_loss: 0.0000, label: 1, bag_size: 5414
batch 639, loss: 0.0000, instance_loss: 0.0002, weighted_loss: 0.0001, label: 0, bag_size: 754
batch 659, loss: 0.0000, instance_loss: 0.0045, weighted_loss: 0.0014, label: 0, bag_size: 4381
batch 679, loss: 0.0001, instance_loss: 0.0000, weighted_loss: 0.0000, label: 1, bag_size: 3756
batch 699, loss: 0.0000, instance_loss: 0.0000, weighted_loss: 0.0000, label: 0, bag_size: 1877


class 0 clustering acc 1.0: correct 5624/5624
class 1 clustering acc 0.9996443812233285: correct 5622/5624
Epoch: 28, train_loss: 0.0001, train_clustering_loss:  0.0014, train_error: 0.0000
class 0: acc 1.0, correct 362/362
class 1: acc 1.0, correct 341/341

Val Set, val_loss: 0.6251, val_error: 0.1032, auc: 0.5056
class 0 clustering acc 1.0: correct 1240/1240
class 1 clustering acc 1.0: correct 1240/1240
class 0: acc 0.9328859060402684, correct 139/149
class 1: acc 0.0, correct 0/6
EarlyStopping counter: 27 out of 20


batch 19, loss: 0.0000, instance_loss: 0.0000, weighted_loss: 0.0000, label: 1, bag_size: 1504
batch 39, loss: 0.0003, instance_loss: 0.0000, weighted_loss: 0.0002, label: 0, bag_size: 663
batch 59, loss: 0.0000, instance_loss: 0.0000, weighted_loss: 0.0000, label: 0, bag_size: 309
batch 79, loss: 0.0000, instance_loss: 0.0000, weighted_loss: 0.0000, label: 0, bag_size: 2911
batch 99, loss: 0.0000, instance_loss: 0.0000, weighted_loss: 0.0000, label: 1, bag_size: 4201
batch 119, loss: 0.0000, instance_loss: 0.0000, weighted_loss: 0.0000, label: 0, bag_size: 1592
batch 139, loss: 0.0000, instance_loss: 0.0013, weighted_loss: 0.0004, label: 0, bag_size: 6072
batch 159, loss: 0.0000, instance_loss: 0.0012, weighted_loss: 0.0004, label: 0, bag_size: 831
batch 179, loss: 0.0025, instance_loss: 0.0000, weighted_loss: 0.0017, label: 0, bag_size: 1094
batch 199, loss: 0.0001, instance_loss: 0.0000, weighted_loss: 0.0000, label: 1, bag_size: 541
batch 219, loss: 0.0002, instance_loss: 0.0000, weighted_loss: 0.0002, label: 1, bag_size: 5611
batch 239, loss: 0.0001, instance_loss: 0.0000, weighted_loss: 0.0001, label: 0, bag_size: 1081
batch 259, loss: 0.0000, instance_loss: 0.0076, weighted_loss: 0.0023, label: 0, bag_size: 5769
batch 279, loss: 0.0000, instance_loss: 0.0000, weighted_loss: 0.0000, label: 1, bag_size: 1484
batch 299, loss: 0.0000, instance_loss: 0.0008, weighted_loss: 0.0002, label: 1, bag_size: 391
batch 319, loss: 0.0000, instance_loss: 0.0000, weighted_loss: 0.0000, label: 0, bag_size: 4946
batch 339, loss: 0.0000, instance_loss: 0.0000, weighted_loss: 0.0000, label: 0, bag_size: 5113
batch 359, loss: 0.0000, instance_loss: 0.0238, weighted_loss: 0.0072, label: 0, bag_size: 263
batch 379, loss: 0.0001, instance_loss: 0.0000, weighted_loss: 0.0001, label: 0, bag_size: 847
batch 399, loss: 0.0001, instance_loss: 0.0000, weighted_loss: 0.0001, label: 1, bag_size: 3656
batch 419, loss: 0.0000, instance_loss: 0.0000, weighted_loss: 0.0000, label: 1, bag_size: 775
batch 439, loss: 0.0001, instance_loss: 0.3407, weighted_loss: 0.1023, label: 0, bag_size: 328
batch 459, loss: 0.0000, instance_loss: 0.0000, weighted_loss: 0.0000, label: 0, bag_size: 1997
batch 479, loss: 0.0000, instance_loss: 0.0004, weighted_loss: 0.0001, label: 1, bag_size: 714
batch 499, loss: 0.0000, instance_loss: 0.0000, weighted_loss: 0.0000, label: 1, bag_size: 5715
batch 519, loss: 0.0013, instance_loss: 0.0000, weighted_loss: 0.0009, label: 0, bag_size: 774
batch 539, loss: 0.0000, instance_loss: 0.0000, weighted_loss: 0.0000, label: 1, bag_size: 5954
batch 559, loss: 0.0016, instance_loss: 0.0000, weighted_loss: 0.0011, label: 1, bag_size: 5073
batch 579, loss: 0.0000, instance_loss: 0.0000, weighted_loss: 0.0000, label: 1, bag_size: 4045
batch 599, loss: 0.0000, instance_loss: 0.0000, weighted_loss: 0.0000, label: 1, bag_size: 3656
batch 619, loss: 7.1691, instance_loss: 0.0000, weighted_loss: 5.0184, label: 1, bag_size: 5637
batch 639, loss: 0.0005, instance_loss: 0.0010, weighted_loss: 0.0006, label: 0, bag_size: 3364
batch 659, loss: 0.0191, instance_loss: 0.0000, weighted_loss: 0.0133, label: 0, bag_size: 971
batch 679, loss: 0.0008, instance_loss: 0.0000, weighted_loss: 0.0006, label: 0, bag_size: 2466
batch 699, loss: 0.0000, instance_loss: 0.0000, weighted_loss: 0.0000, label: 0, bag_size: 417


class 0 clustering acc 0.9994665718349929: correct 5621/5624
class 1 clustering acc 0.9994665718349929: correct 5621/5624
Epoch: 29, train_loss: 0.0514, train_clustering_loss:  0.0026, train_error: 0.0171
class 0: acc 0.9835164835164835, correct 358/364
class 1: acc 0.9823008849557522, correct 333/339

Val Set, val_loss: 0.6859, val_error: 0.1613, auc: 0.6834
class 0 clustering acc 1.0: correct 1240/1240
class 1 clustering acc 1.0: correct 1240/1240
class 0: acc 0.8657718120805369, correct 129/149
class 1: acc 0.16666666666666666, correct 1/6
EarlyStopping counter: 28 out of 20


batch 19, loss: 0.0000, instance_loss: 0.0000, weighted_loss: 0.0000, label: 0, bag_size: 449
batch 39, loss: 0.0002, instance_loss: 0.0000, weighted_loss: 0.0001, label: 1, bag_size: 478
batch 59, loss: 0.0140, instance_loss: 0.0007, weighted_loss: 0.0100, label: 0, bag_size: 1956
batch 79, loss: 0.1596, instance_loss: 0.0000, weighted_loss: 0.1117, label: 1, bag_size: 5073
batch 99, loss: 0.0000, instance_loss: 0.0000, weighted_loss: 0.0000, label: 0, bag_size: 4987
batch 119, loss: 0.0000, instance_loss: 0.0000, weighted_loss: 0.0000, label: 0, bag_size: 1997
batch 139, loss: 0.0000, instance_loss: 0.0006, weighted_loss: 0.0002, label: 1, bag_size: 5637
batch 159, loss: 0.0008, instance_loss: 0.0000, weighted_loss: 0.0006, label: 1, bag_size: 3656
batch 179, loss: 0.0001, instance_loss: 0.0000, weighted_loss: 0.0001, label: 1, bag_size: 478
batch 199, loss: 0.0017, instance_loss: 0.0000, weighted_loss: 0.0012, label: 0, bag_size: 829
batch 219, loss: 0.0003, instance_loss: 0.0000, weighted_loss: 0.0002, label: 0, bag_size: 956
batch 239, loss: 0.0005, instance_loss: 0.0000, weighted_loss: 0.0004, label: 0, bag_size: 2957
batch 259, loss: 0.0000, instance_loss: 0.0000, weighted_loss: 0.0000, label: 0, bag_size: 916
batch 279, loss: 0.0008, instance_loss: 0.0000, weighted_loss: 0.0006, label: 0, bag_size: 2385
batch 299, loss: 0.0162, instance_loss: 0.0000, weighted_loss: 0.0113, label: 1, bag_size: 3756
batch 319, loss: 0.0034, instance_loss: 0.0000, weighted_loss: 0.0024, label: 1, bag_size: 5715
batch 339, loss: 0.0002, instance_loss: 0.0000, weighted_loss: 0.0001, label: 1, bag_size: 666
batch 359, loss: 0.0006, instance_loss: 0.0000, weighted_loss: 0.0005, label: 1, bag_size: 478
batch 379, loss: 0.0000, instance_loss: 0.0000, weighted_loss: 0.0000, label: 1, bag_size: 656
batch 399, loss: 0.0000, instance_loss: 0.0000, weighted_loss: 0.0000, label: 0, bag_size: 294
batch 419, loss: 0.0000, instance_loss: 0.0005, weighted_loss: 0.0002, label: 1, bag_size: 714
batch 439, loss: 0.0157, instance_loss: 0.0000, weighted_loss: 0.0110, label: 0, bag_size: 5113
batch 459, loss: 0.0000, instance_loss: 0.0006, weighted_loss: 0.0002, label: 0, bag_size: 14189
batch 479, loss: 0.0022, instance_loss: 0.0000, weighted_loss: 0.0016, label: 1, bag_size: 5073
batch 499, loss: 0.0001, instance_loss: 0.0037, weighted_loss: 0.0012, label: 1, bag_size: 893
batch 519, loss: 0.0018, instance_loss: 0.0000, weighted_loss: 0.0013, label: 0, bag_size: 783
batch 539, loss: 0.0015, instance_loss: 0.0000, weighted_loss: 0.0010, label: 1, bag_size: 4593
batch 559, loss: 0.0011, instance_loss: 0.0039, weighted_loss: 0.0019, label: 1, bag_size: 204
batch 579, loss: 0.0002, instance_loss: 0.0003, weighted_loss: 0.0002, label: 1, bag_size: 1518
batch 599, loss: 0.0001, instance_loss: 0.0004, weighted_loss: 0.0002, label: 1, bag_size: 1491
batch 619, loss: 0.0000, instance_loss: 0.0002, weighted_loss: 0.0001, label: 1, bag_size: 775
batch 639, loss: 0.0001, instance_loss: 0.0000, weighted_loss: 0.0000, label: 0, bag_size: 5091
batch 659, loss: 0.0010, instance_loss: 0.0000, weighted_loss: 0.0007, label: 1, bag_size: 5528
batch 679, loss: 0.0000, instance_loss: 0.0000, weighted_loss: 0.0000, label: 1, bag_size: 2324
batch 699, loss: 0.0001, instance_loss: 0.0000, weighted_loss: 0.0001, label: 1, bag_size: 391


class 0 clustering acc 1.0: correct 5624/5624
class 1 clustering acc 0.9996443812233285: correct 5622/5624
Epoch: 30, train_loss: 0.0404, train_clustering_loss:  0.0017, train_error: 0.0142
class 0: acc 0.9829059829059829, correct 345/351
class 1: acc 0.9886363636363636, correct 348/352

Val Set, val_loss: 0.6224, val_error: 0.1484, auc: 0.5447
class 0 clustering acc 1.0: correct 1240/1240
class 1 clustering acc 0.9991935483870967: correct 1239/1240
class 0: acc 0.8859060402684564, correct 132/149
class 1: acc 0.0, correct 0/6
EarlyStopping counter: 29 out of 20


batch 19, loss: 0.0002, instance_loss: 0.0000, weighted_loss: 0.0001, label: 1, bag_size: 5414
batch 39, loss: 0.0000, instance_loss: 0.0000, weighted_loss: 0.0000, label: 1, bag_size: 5611
batch 59, loss: 0.0000, instance_loss: 0.0000, weighted_loss: 0.0000, label: 1, bag_size: 652
batch 79, loss: 0.0001, instance_loss: 0.0000, weighted_loss: 0.0001, label: 1, bag_size: 686
batch 99, loss: 0.0000, instance_loss: 0.0000, weighted_loss: 0.0000, label: 1, bag_size: 5611
batch 119, loss: 0.0008, instance_loss: 0.0000, weighted_loss: 0.0005, label: 0, bag_size: 780
batch 139, loss: 0.0003, instance_loss: 0.0000, weighted_loss: 0.0002, label: 0, bag_size: 2015
batch 159, loss: 0.0005, instance_loss: 0.0000, weighted_loss: 0.0004, label: 1, bag_size: 686
batch 179, loss: 0.0000, instance_loss: 0.0000, weighted_loss: 0.0000, label: 1, bag_size: 541
batch 199, loss: 0.0030, instance_loss: 0.0000, weighted_loss: 0.0021, label: 0, bag_size: 5307
batch 219, loss: 0.0001, instance_loss: 0.0000, weighted_loss: 0.0001, label: 0, bag_size: 5113
batch 239, loss: 0.0008, instance_loss: 0.0009, weighted_loss: 0.0008, label: 0, bag_size: 590
batch 259, loss: 0.0001, instance_loss: 0.0000, weighted_loss: 0.0001, label: 1, bag_size: 541
batch 279, loss: 0.0000, instance_loss: 0.0000, weighted_loss: 0.0000, label: 1, bag_size: 5715
batch 299, loss: 0.0000, instance_loss: 0.0000, weighted_loss: 0.0000, label: 0, bag_size: 751
batch 319, loss: 0.1696, instance_loss: 0.0000, weighted_loss: 0.1187, label: 0, bag_size: 3109
batch 339, loss: 0.0006, instance_loss: 0.0000, weighted_loss: 0.0004, label: 0, bag_size: 1296
batch 359, loss: 0.0008, instance_loss: 0.0000, weighted_loss: 0.0005, label: 1, bag_size: 478
batch 379, loss: 0.0000, instance_loss: 0.0000, weighted_loss: 0.0000, label: 1, bag_size: 686
batch 399, loss: 0.0000, instance_loss: 0.0000, weighted_loss: 0.0000, label: 0, bag_size: 429
batch 419, loss: 0.0002, instance_loss: 0.0000, weighted_loss: 0.0001, label: 1, bag_size: 5073
batch 439, loss: 0.0014, instance_loss: 0.0000, weighted_loss: 0.0010, label: 0, bag_size: 663
batch 459, loss: 0.0000, instance_loss: 0.0000, weighted_loss: 0.0000, label: 0, bag_size: 304
batch 479, loss: 0.0001, instance_loss: 0.0000, weighted_loss: 0.0001, label: 1, bag_size: 541
batch 499, loss: 0.0000, instance_loss: 0.0000, weighted_loss: 0.0000, label: 1, bag_size: 2324
batch 519, loss: 0.0006, instance_loss: 0.0000, weighted_loss: 0.0005, label: 0, bag_size: 1110
batch 539, loss: 0.0001, instance_loss: 0.0000, weighted_loss: 0.0001, label: 1, bag_size: 5528
batch 559, loss: 0.0000, instance_loss: 0.0006, weighted_loss: 0.0002, label: 0, bag_size: 4417
batch 579, loss: 0.0000, instance_loss: 0.0000, weighted_loss: 0.0000, label: 0, bag_size: 3415
batch 599, loss: 0.0001, instance_loss: 0.0000, weighted_loss: 0.0000, label: 1, bag_size: 656
batch 619, loss: 0.0000, instance_loss: 0.0052, weighted_loss: 0.0016, label: 0, bag_size: 2108
batch 639, loss: 0.0004, instance_loss: 0.0000, weighted_loss: 0.0003, label: 1, bag_size: 4133
batch 659, loss: 0.0026, instance_loss: 0.0000, weighted_loss: 0.0018, label: 1, bag_size: 3613
batch 679, loss: 0.0012, instance_loss: 0.0000, weighted_loss: 0.0009, label: 1, bag_size: 4022
batch 699, loss: 0.0000, instance_loss: 0.0000, weighted_loss: 0.0000, label: 0, bag_size: 2416


class 0 clustering acc 0.9998221906116643: correct 5623/5624
class 1 clustering acc 0.9994665718349929: correct 5621/5624
Epoch: 31, train_loss: 0.0032, train_clustering_loss:  0.0029, train_error: 0.0000
class 0: acc 1.0, correct 341/341
class 1: acc 1.0, correct 362/362

Val Set, val_loss: 0.5017, val_error: 0.0774, auc: 0.4754
class 0 clustering acc 1.0: correct 1240/1240
class 1 clustering acc 0.9975806451612903: correct 1237/1240
class 0: acc 0.9530201342281879, correct 142/149
class 1: acc 0.16666666666666666, correct 1/6
EarlyStopping counter: 30 out of 20


batch 19, loss: 0.0000, instance_loss: 0.0000, weighted_loss: 0.0000, label: 1, bag_size: 391
batch 39, loss: 0.0001, instance_loss: 0.0012, weighted_loss: 0.0004, label: 0, bag_size: 1370
batch 59, loss: 0.0000, instance_loss: 0.0000, weighted_loss: 0.0000, label: 0, bag_size: 509
batch 79, loss: 0.0007, instance_loss: 0.0000, weighted_loss: 0.0005, label: 0, bag_size: 1296
batch 99, loss: 0.0001, instance_loss: 0.0000, weighted_loss: 0.0001, label: 1, bag_size: 2607
batch 119, loss: 0.0003, instance_loss: 0.0000, weighted_loss: 0.0002, label: 0, bag_size: 3341
batch 139, loss: 0.0000, instance_loss: 0.0000, weighted_loss: 0.0000, label: 0, bag_size: 1132
batch 159, loss: 0.0002, instance_loss: 0.0000, weighted_loss: 0.0002, label: 1, bag_size: 5528
batch 179, loss: 0.0000, instance_loss: 0.0000, weighted_loss: 0.0000, label: 1, bag_size: 714
batch 199, loss: 0.0000, instance_loss: 0.0000, weighted_loss: 0.0000, label: 0, bag_size: 1092
batch 219, loss: 0.0010, instance_loss: 0.0000, weighted_loss: 0.0007, label: 0, bag_size: 637
batch 239, loss: 0.0000, instance_loss: 0.0000, weighted_loss: 0.0000, label: 0, bag_size: 5333
batch 259, loss: 0.0000, instance_loss: 0.0000, weighted_loss: 0.0000, label: 1, bag_size: 4022
batch 279, loss: 0.0002, instance_loss: 0.0000, weighted_loss: 0.0001, label: 0, bag_size: 554
batch 299, loss: 0.0001, instance_loss: 0.0000, weighted_loss: 0.0000, label: 0, bag_size: 1296
batch 319, loss: 0.0003, instance_loss: 0.0000, weighted_loss: 0.0002, label: 1, bag_size: 5528
batch 339, loss: 0.0007, instance_loss: 0.0000, weighted_loss: 0.0005, label: 1, bag_size: 2531
batch 359, loss: 0.0000, instance_loss: 0.0002, weighted_loss: 0.0001, label: 0, bag_size: 19888
batch 379, loss: 0.0003, instance_loss: 0.0000, weighted_loss: 0.0002, label: 1, bag_size: 668
batch 399, loss: 0.0448, instance_loss: 0.0000, weighted_loss: 0.0314, label: 1, bag_size: 903
batch 419, loss: 0.0000, instance_loss: 0.0025, weighted_loss: 0.0007, label: 0, bag_size: 417
batch 439, loss: 0.0000, instance_loss: 0.0000, weighted_loss: 0.0000, label: 0, bag_size: 1466
batch 459, loss: 0.0000, instance_loss: 0.0000, weighted_loss: 0.0000, label: 1, bag_size: 903
batch 479, loss: 0.0001, instance_loss: 0.0000, weighted_loss: 0.0001, label: 1, bag_size: 3656
batch 499, loss: 0.0002, instance_loss: 0.0000, weighted_loss: 0.0002, label: 0, bag_size: 1296
batch 519, loss: 0.0001, instance_loss: 0.0000, weighted_loss: 0.0001, label: 0, bag_size: 856
batch 539, loss: 0.0004, instance_loss: 0.0000, weighted_loss: 0.0003, label: 0, bag_size: 3505
batch 559, loss: 0.0000, instance_loss: 0.0000, weighted_loss: 0.0000, label: 1, bag_size: 1439
batch 579, loss: 0.0000, instance_loss: 0.0000, weighted_loss: 0.0000, label: 0, bag_size: 5207
batch 599, loss: 0.0000, instance_loss: 0.0000, weighted_loss: 0.0000, label: 0, bag_size: 1832
batch 619, loss: 0.0104, instance_loss: 0.0000, weighted_loss: 0.0073, label: 1, bag_size: 4022
batch 639, loss: 0.0000, instance_loss: 0.0029, weighted_loss: 0.0009, label: 1, bag_size: 5528
batch 659, loss: 0.0000, instance_loss: 0.0000, weighted_loss: 0.0000, label: 0, bag_size: 470
batch 679, loss: 0.0002, instance_loss: 0.0000, weighted_loss: 0.0001, label: 1, bag_size: 3656
batch 699, loss: 0.0000, instance_loss: 0.0000, weighted_loss: 0.0000, label: 1, bag_size: 666


class 0 clustering acc 0.9996443812233285: correct 5622/5624
class 1 clustering acc 0.9989331436699858: correct 5618/5624
Epoch: 32, train_loss: 0.0329, train_clustering_loss:  0.0035, train_error: 0.0071
class 0: acc 0.9883381924198251, correct 339/343
class 1: acc 0.9972222222222222, correct 359/360

Val Set, val_loss: 0.5125, val_error: 0.0774, auc: 0.5067
class 0 clustering acc 1.0: correct 1240/1240
class 1 clustering acc 0.9983870967741936: correct 1238/1240
class 0: acc 0.959731543624161, correct 143/149
class 1: acc 0.0, correct 0/6
EarlyStopping counter: 31 out of 20


batch 19, loss: 0.0000, instance_loss: 0.0000, weighted_loss: 0.0000, label: 0, bag_size: 4209
batch 39, loss: 0.0000, instance_loss: 0.0000, weighted_loss: 0.0000, label: 1, bag_size: 3756
batch 59, loss: 0.0002, instance_loss: 0.0000, weighted_loss: 0.0001, label: 0, bag_size: 1023
batch 79, loss: 0.0000, instance_loss: 0.0000, weighted_loss: 0.0000, label: 0, bag_size: 4375
batch 99, loss: 0.0004, instance_loss: 0.0000, weighted_loss: 0.0003, label: 1, bag_size: 5715
batch 119, loss: 0.0001, instance_loss: 0.0000, weighted_loss: 0.0001, label: 0, bag_size: 3865
batch 139, loss: 0.0007, instance_loss: 0.0000, weighted_loss: 0.0005, label: 0, bag_size: 2466
batch 159, loss: 0.0010, instance_loss: 0.0461, weighted_loss: 0.0145, label: 0, bag_size: 29
batch 179, loss: 0.0076, instance_loss: 0.0000, weighted_loss: 0.0053, label: 1, bag_size: 4012
batch 199, loss: 0.0003, instance_loss: 0.0000, weighted_loss: 0.0002, label: 0, bag_size: 1670
batch 219, loss: 0.0022, instance_loss: 0.0000, weighted_loss: 0.0016, label: 1, bag_size: 3656
batch 239, loss: 0.0004, instance_loss: 0.0000, weighted_loss: 0.0003, label: 1, bag_size: 1484
batch 259, loss: 0.0089, instance_loss: 0.0000, weighted_loss: 0.0062, label: 1, bag_size: 5611
batch 279, loss: 0.0000, instance_loss: 0.0000, weighted_loss: 0.0000, label: 0, bag_size: 453
batch 299, loss: 0.0118, instance_loss: 0.0000, weighted_loss: 0.0083, label: 1, bag_size: 5611
batch 319, loss: 0.0000, instance_loss: 0.0000, weighted_loss: 0.0000, label: 1, bag_size: 3707
batch 339, loss: 0.0142, instance_loss: 0.0000, weighted_loss: 0.0099, label: 1, bag_size: 4593
batch 359, loss: 0.0006, instance_loss: 0.0005, weighted_loss: 0.0005, label: 1, bag_size: 5954
batch 379, loss: 0.0006, instance_loss: 0.0000, weighted_loss: 0.0004, label: 0, bag_size: 3859
batch 399, loss: 0.0003, instance_loss: 0.0000, weighted_loss: 0.0002, label: 1, bag_size: 1491
batch 419, loss: 0.0010, instance_loss: 0.0000, weighted_loss: 0.0007, label: 1, bag_size: 4201
batch 439, loss: 0.0008, instance_loss: 0.0000, weighted_loss: 0.0005, label: 1, bag_size: 3613
batch 459, loss: 0.0000, instance_loss: 0.0002, weighted_loss: 0.0001, label: 0, bag_size: 797
batch 479, loss: 0.0002, instance_loss: 0.0000, weighted_loss: 0.0002, label: 0, bag_size: 1883
batch 499, loss: 0.0002, instance_loss: 0.0000, weighted_loss: 0.0002, label: 1, bag_size: 775
batch 519, loss: 0.0001, instance_loss: 0.0000, weighted_loss: 0.0000, label: 1, bag_size: 5637
batch 539, loss: 0.0000, instance_loss: 0.0000, weighted_loss: 0.0000, label: 1, bag_size: 893
batch 559, loss: 0.0008, instance_loss: 0.0000, weighted_loss: 0.0006, label: 0, bag_size: 1033
batch 579, loss: 0.0012, instance_loss: 0.0000, weighted_loss: 0.0009, label: 0, bag_size: 1420
batch 599, loss: 0.0001, instance_loss: 0.0000, weighted_loss: 0.0001, label: 0, bag_size: 1632
batch 619, loss: 0.0008, instance_loss: 0.0000, weighted_loss: 0.0006, label: 1, bag_size: 1518
batch 639, loss: 0.0000, instance_loss: 0.0000, weighted_loss: 0.0000, label: 1, bag_size: 2607
batch 659, loss: 0.0000, instance_loss: 0.0000, weighted_loss: 0.0000, label: 1, bag_size: 5637
batch 679, loss: 0.0046, instance_loss: 0.0000, weighted_loss: 0.0032, label: 0, bag_size: 2710
batch 699, loss: 0.0000, instance_loss: 0.0000, weighted_loss: 0.0000, label: 0, bag_size: 3652


class 0 clustering acc 1.0: correct 5624/5624
class 1 clustering acc 1.0: correct 5624/5624
Epoch: 33, train_loss: 0.0155, train_clustering_loss:  0.0003, train_error: 0.0057
class 0: acc 0.9941860465116279, correct 342/344
class 1: acc 0.9944289693593314, correct 357/359

Val Set, val_loss: 0.3911, val_error: 0.0903, auc: 0.6991
class 0 clustering acc 1.0: correct 1240/1240
class 1 clustering acc 1.0: correct 1240/1240
class 0: acc 0.9463087248322147, correct 141/149
class 1: acc 0.0, correct 0/6
EarlyStopping counter: 32 out of 20


batch 19, loss: 0.0006, instance_loss: 0.0000, weighted_loss: 0.0004, label: 1, bag_size: 668
batch 39, loss: 0.0000, instance_loss: 0.0000, weighted_loss: 0.0000, label: 0, bag_size: 294
batch 59, loss: 0.0003, instance_loss: 0.0000, weighted_loss: 0.0002, label: 0, bag_size: 1296
batch 79, loss: 0.0002, instance_loss: 0.0000, weighted_loss: 0.0002, label: 1, bag_size: 1504
batch 99, loss: 0.0000, instance_loss: 0.0000, weighted_loss: 0.0000, label: 1, bag_size: 3707
batch 119, loss: 0.0003, instance_loss: 0.0000, weighted_loss: 0.0002, label: 0, bag_size: 842
batch 139, loss: 0.0001, instance_loss: 0.0016, weighted_loss: 0.0005, label: 1, bag_size: 1504
batch 159, loss: 0.0434, instance_loss: 0.0000, weighted_loss: 0.0304, label: 0, bag_size: 3932
batch 179, loss: 0.0004, instance_loss: 0.0012, weighted_loss: 0.0007, label: 1, bag_size: 204
batch 199, loss: 0.0000, instance_loss: 0.0000, weighted_loss: 0.0000, label: 1, bag_size: 3707
batch 219, loss: 0.0002, instance_loss: 0.0000, weighted_loss: 0.0001, label: 0, bag_size: 2459
batch 239, loss: 0.0000, instance_loss: 0.0000, weighted_loss: 0.0000, label: 0, bag_size: 297
batch 259, loss: 0.0003, instance_loss: 0.0000, weighted_loss: 0.0002, label: 1, bag_size: 619
batch 279, loss: 0.0000, instance_loss: 0.0002, weighted_loss: 0.0001, label: 0, bag_size: 3530
batch 299, loss: 0.0001, instance_loss: 0.0000, weighted_loss: 0.0001, label: 1, bag_size: 775
batch 319, loss: 0.0001, instance_loss: 0.0000, weighted_loss: 0.0000, label: 0, bag_size: 1883
batch 339, loss: 0.0001, instance_loss: 0.0000, weighted_loss: 0.0001, label: 0, bag_size: 627
batch 359, loss: 0.0000, instance_loss: 0.0000, weighted_loss: 0.0000, label: 0, bag_size: 2594
batch 379, loss: 0.0000, instance_loss: 0.0000, weighted_loss: 0.0000, label: 1, bag_size: 541
batch 399, loss: 0.0030, instance_loss: 0.0000, weighted_loss: 0.0021, label: 1, bag_size: 3613
batch 419, loss: 0.0000, instance_loss: 0.0000, weighted_loss: 0.0000, label: 1, bag_size: 3707
batch 439, loss: 0.0001, instance_loss: 0.0000, weighted_loss: 0.0001, label: 0, bag_size: 1704
batch 459, loss: 0.0005, instance_loss: 0.0000, weighted_loss: 0.0004, label: 1, bag_size: 391
batch 479, loss: 0.0000, instance_loss: 0.0000, weighted_loss: 0.0000, label: 0, bag_size: 3795
batch 499, loss: 0.0000, instance_loss: 0.0000, weighted_loss: 0.0000, label: 1, bag_size: 893
batch 519, loss: 0.0000, instance_loss: 0.0000, weighted_loss: 0.0000, label: 0, bag_size: 2196
batch 539, loss: 0.0001, instance_loss: 0.0018, weighted_loss: 0.0006, label: 1, bag_size: 204
batch 559, loss: 0.0012, instance_loss: 0.0000, weighted_loss: 0.0008, label: 0, bag_size: 724
batch 579, loss: 0.0000, instance_loss: 0.0000, weighted_loss: 0.0000, label: 0, bag_size: 3723
batch 599, loss: 0.0000, instance_loss: 0.0000, weighted_loss: 0.0000, label: 0, bag_size: 3225
batch 619, loss: 0.0000, instance_loss: 0.0000, weighted_loss: 0.0000, label: 0, bag_size: 394
batch 639, loss: 0.0000, instance_loss: 0.0000, weighted_loss: 0.0000, label: 1, bag_size: 5637
batch 659, loss: 0.0000, instance_loss: 0.0000, weighted_loss: 0.0000, label: 0, bag_size: 1181
batch 679, loss: 0.0000, instance_loss: 0.0000, weighted_loss: 0.0000, label: 1, bag_size: 686
batch 699, loss: 0.0000, instance_loss: 0.0000, weighted_loss: 0.0000, label: 1, bag_size: 656


class 0 clustering acc 1.0: correct 5624/5624
class 1 clustering acc 0.9996443812233285: correct 5622/5624
Epoch: 34, train_loss: 0.0040, train_clustering_loss:  0.0010, train_error: 0.0014
class 0: acc 0.9971428571428571, correct 349/350
class 1: acc 1.0, correct 353/353

Val Set, val_loss: 0.4654, val_error: 0.0903, auc: 0.6275
class 0 clustering acc 1.0: correct 1240/1240
class 1 clustering acc 1.0: correct 1240/1240
class 0: acc 0.9395973154362416, correct 140/149
class 1: acc 0.16666666666666666, correct 1/6
EarlyStopping counter: 33 out of 20


batch 19, loss: 0.0006, instance_loss: 0.0000, weighted_loss: 0.0004, label: 1, bag_size: 3656
batch 39, loss: 0.0001, instance_loss: 0.0087, weighted_loss: 0.0027, label: 0, bag_size: 3838
batch 59, loss: 0.0000, instance_loss: 0.0000, weighted_loss: 0.0000, label: 0, bag_size: 652
batch 79, loss: 0.0001, instance_loss: 0.0000, weighted_loss: 0.0001, label: 1, bag_size: 5715
batch 99, loss: 0.0001, instance_loss: 0.0000, weighted_loss: 0.0001, label: 1, bag_size: 775
batch 119, loss: 0.0028, instance_loss: 0.0000, weighted_loss: 0.0020, label: 1, bag_size: 4322
batch 139, loss: 0.0000, instance_loss: 0.0000, weighted_loss: 0.0000, label: 1, bag_size: 5528
batch 159, loss: 0.0000, instance_loss: 0.0000, weighted_loss: 0.0000, label: 0, bag_size: 2914
batch 179, loss: 0.0000, instance_loss: 0.0000, weighted_loss: 0.0000, label: 0, bag_size: 5149
batch 199, loss: 0.0000, instance_loss: 0.0000, weighted_loss: 0.0000, label: 0, bag_size: 3489
batch 219, loss: 0.0000, instance_loss: 0.0000, weighted_loss: 0.0000, label: 1, bag_size: 656
batch 239, loss: 0.0001, instance_loss: 0.0000, weighted_loss: 0.0000, label: 1, bag_size: 1491
batch 259, loss: 0.0008, instance_loss: 0.0000, weighted_loss: 0.0006, label: 1, bag_size: 5954
batch 279, loss: 0.0000, instance_loss: 0.0000, weighted_loss: 0.0000, label: 0, bag_size: 4091
batch 299, loss: 0.0000, instance_loss: 0.0000, weighted_loss: 0.0000, label: 0, bag_size: 5272
batch 319, loss: 0.0001, instance_loss: 0.0000, weighted_loss: 0.0001, label: 1, bag_size: 4322
batch 339, loss: 0.0000, instance_loss: 0.0000, weighted_loss: 0.0000, label: 1, bag_size: 775
batch 359, loss: 0.0000, instance_loss: 0.0000, weighted_loss: 0.0000, label: 0, bag_size: 690
batch 379, loss: 0.0000, instance_loss: 0.0000, weighted_loss: 0.0000, label: 0, bag_size: 5526
batch 399, loss: 0.0000, instance_loss: 0.0000, weighted_loss: 0.0000, label: 1, bag_size: 2607
batch 419, loss: 0.0000, instance_loss: 0.0000, weighted_loss: 0.0000, label: 0, bag_size: 4355
batch 439, loss: 0.0000, instance_loss: 0.0000, weighted_loss: 0.0000, label: 1, bag_size: 903
batch 459, loss: 0.0000, instance_loss: 0.0000, weighted_loss: 0.0000, label: 1, bag_size: 4593
batch 479, loss: 0.0000, instance_loss: 0.0005, weighted_loss: 0.0002, label: 0, bag_size: 1693
batch 499, loss: 0.0000, instance_loss: 0.0000, weighted_loss: 0.0000, label: 0, bag_size: 1677
batch 519, loss: 0.0002, instance_loss: 0.0000, weighted_loss: 0.0001, label: 1, bag_size: 478
batch 539, loss: 0.0000, instance_loss: 0.0000, weighted_loss: 0.0000, label: 0, bag_size: 711
batch 559, loss: 0.0000, instance_loss: 0.0000, weighted_loss: 0.0000, label: 1, bag_size: 5637
batch 579, loss: 0.0000, instance_loss: 0.0000, weighted_loss: 0.0000, label: 0, bag_size: 1616
batch 599, loss: 0.0001, instance_loss: 0.0000, weighted_loss: 0.0001, label: 1, bag_size: 2324
batch 619, loss: 0.0003, instance_loss: 0.0000, weighted_loss: 0.0002, label: 1, bag_size: 541
batch 639, loss: 0.0000, instance_loss: 0.0000, weighted_loss: 0.0000, label: 0, bag_size: 2764
batch 659, loss: 0.0000, instance_loss: 0.0000, weighted_loss: 0.0000, label: 1, bag_size: 4045
batch 679, loss: 0.0000, instance_loss: 0.0000, weighted_loss: 0.0000, label: 0, bag_size: 5149
batch 699, loss: 0.0000, instance_loss: 0.0000, weighted_loss: 0.0000, label: 1, bag_size: 4133


class 0 clustering acc 1.0: correct 5624/5624
class 1 clustering acc 0.9996443812233285: correct 5622/5624
Epoch: 35, train_loss: 0.0005, train_clustering_loss:  0.0008, train_error: 0.0000
class 0: acc 1.0, correct 354/354
class 1: acc 1.0, correct 349/349

Val Set, val_loss: 0.4596, val_error: 0.0968, auc: 0.6409
class 0 clustering acc 1.0: correct 1240/1240
class 1 clustering acc 1.0: correct 1240/1240
class 0: acc 0.9395973154362416, correct 140/149
class 1: acc 0.0, correct 0/6
EarlyStopping counter: 34 out of 20


batch 19, loss: 0.0000, instance_loss: 0.0000, weighted_loss: 0.0000, label: 1, bag_size: 686
batch 39, loss: 0.0001, instance_loss: 0.0016, weighted_loss: 0.0005, label: 1, bag_size: 1504
batch 59, loss: 0.0020, instance_loss: 0.0000, weighted_loss: 0.0014, label: 1, bag_size: 478
batch 79, loss: 0.0009, instance_loss: 0.0000, weighted_loss: 0.0006, label: 0, bag_size: 1685
batch 99, loss: 0.0002, instance_loss: 0.0000, weighted_loss: 0.0001, label: 1, bag_size: 3613
batch 119, loss: 0.0000, instance_loss: 0.0000, weighted_loss: 0.0000, label: 1, bag_size: 3613
batch 139, loss: 0.0001, instance_loss: 0.0004, weighted_loss: 0.0002, label: 0, bag_size: 400
batch 159, loss: 0.0000, instance_loss: 0.0000, weighted_loss: 0.0000, label: 1, bag_size: 1491
batch 179, loss: 0.0000, instance_loss: 0.0000, weighted_loss: 0.0000, label: 1, bag_size: 4201
batch 199, loss: 0.0000, instance_loss: 0.0000, weighted_loss: 0.0000, label: 0, bag_size: 1893
batch 219, loss: 0.0000, instance_loss: 0.0000, weighted_loss: 0.0000, label: 0, bag_size: 501
batch 239, loss: 0.0001, instance_loss: 0.0000, weighted_loss: 0.0000, label: 1, bag_size: 1504
batch 259, loss: 0.0000, instance_loss: 0.0000, weighted_loss: 0.0000, label: 0, bag_size: 1569
batch 279, loss: 0.0000, instance_loss: 0.0000, weighted_loss: 0.0000, label: 0, bag_size: 2229
batch 299, loss: 0.0001, instance_loss: 0.0000, weighted_loss: 0.0001, label: 1, bag_size: 2324
batch 319, loss: 0.0000, instance_loss: 0.0000, weighted_loss: 0.0000, label: 1, bag_size: 2607
batch 339, loss: 0.0000, instance_loss: 0.0000, weighted_loss: 0.0000, label: 1, bag_size: 4593
batch 359, loss: 0.0000, instance_loss: 0.0000, weighted_loss: 0.0000, label: 0, bag_size: 1327
batch 379, loss: 0.0000, instance_loss: 0.0020, weighted_loss: 0.0006, label: 0, bag_size: 4930
batch 399, loss: 0.0002, instance_loss: 0.0000, weighted_loss: 0.0002, label: 1, bag_size: 666
batch 419, loss: 0.0000, instance_loss: 0.0000, weighted_loss: 0.0000, label: 1, bag_size: 4133
batch 439, loss: 0.0000, instance_loss: 0.0000, weighted_loss: 0.0000, label: 1, bag_size: 1491
batch 459, loss: 0.0001, instance_loss: 0.0002, weighted_loss: 0.0001, label: 1, bag_size: 4322
batch 479, loss: 0.0000, instance_loss: 0.0003, weighted_loss: 0.0001, label: 1, bag_size: 204
batch 499, loss: 0.0001, instance_loss: 0.0000, weighted_loss: 0.0001, label: 1, bag_size: 666
batch 519, loss: 0.0001, instance_loss: 0.0000, weighted_loss: 0.0000, label: 1, bag_size: 4593
batch 539, loss: 0.0000, instance_loss: 0.0000, weighted_loss: 0.0000, label: 1, bag_size: 893
batch 559, loss: 0.0000, instance_loss: 0.0000, weighted_loss: 0.0000, label: 0, bag_size: 1079
batch 579, loss: 0.0000, instance_loss: 0.0000, weighted_loss: 0.0000, label: 0, bag_size: 590
batch 599, loss: 0.0000, instance_loss: 0.0000, weighted_loss: 0.0000, label: 0, bag_size: 1867
batch 619, loss: 0.0000, instance_loss: 0.0002, weighted_loss: 0.0001, label: 1, bag_size: 662
batch 639, loss: 0.0000, instance_loss: 0.0000, weighted_loss: 0.0000, label: 1, bag_size: 5611
batch 659, loss: 0.0000, instance_loss: 0.0000, weighted_loss: 0.0000, label: 0, bag_size: 1007
batch 679, loss: 0.0000, instance_loss: 0.0000, weighted_loss: 0.0000, label: 1, bag_size: 619
batch 699, loss: 0.0001, instance_loss: 0.0000, weighted_loss: 0.0001, label: 0, bag_size: 2466


class 0 clustering acc 1.0: correct 5624/5624
class 1 clustering acc 0.9996443812233285: correct 5622/5624
Epoch: 36, train_loss: 0.0001, train_clustering_loss:  0.0010, train_error: 0.0000
class 0: acc 1.0, correct 331/331
class 1: acc 1.0, correct 372/372

Val Set, val_loss: 0.4950, val_error: 0.0968, auc: 0.6320
class 0 clustering acc 1.0: correct 1240/1240
class 1 clustering acc 1.0: correct 1240/1240
class 0: acc 0.9395973154362416, correct 140/149
class 1: acc 0.0, correct 0/6
EarlyStopping counter: 35 out of 20


batch 19, loss: 0.0001, instance_loss: 0.0017, weighted_loss: 0.0006, label: 0, bag_size: 400
batch 39, loss: 0.0000, instance_loss: 0.0000, weighted_loss: 0.0000, label: 0, bag_size: 4610
batch 59, loss: 0.0000, instance_loss: 0.0000, weighted_loss: 0.0000, label: 0, bag_size: 299
batch 79, loss: 0.0000, instance_loss: 0.0000, weighted_loss: 0.0000, label: 0, bag_size: 1774
batch 99, loss: 0.0000, instance_loss: 0.0000, weighted_loss: 0.0000, label: 1, bag_size: 662
batch 119, loss: 0.0001, instance_loss: 0.0004, weighted_loss: 0.0002, label: 0, bag_size: 3753
batch 139, loss: 0.0000, instance_loss: 0.0000, weighted_loss: 0.0000, label: 1, bag_size: 4012
batch 159, loss: 0.0001, instance_loss: 0.0000, weighted_loss: 0.0000, label: 0, bag_size: 783
batch 179, loss: 0.0000, instance_loss: 0.0000, weighted_loss: 0.0000, label: 1, bag_size: 714
batch 199, loss: 0.0000, instance_loss: 0.0000, weighted_loss: 0.0000, label: 0, bag_size: 992
batch 219, loss: 0.0000, instance_loss: 0.0000, weighted_loss: 0.0000, label: 0, bag_size: 724
batch 239, loss: 0.0000, instance_loss: 0.0000, weighted_loss: 0.0000, label: 0, bag_size: 2443
batch 259, loss: 0.0000, instance_loss: 0.0006, weighted_loss: 0.0002, label: 0, bag_size: 4113
batch 279, loss: 0.0000, instance_loss: 0.0002, weighted_loss: 0.0001, label: 0, bag_size: 4559
batch 299, loss: 0.0000, instance_loss: 0.0000, weighted_loss: 0.0000, label: 0, bag_size: 3220
batch 319, loss: 0.0000, instance_loss: 0.0000, weighted_loss: 0.0000, label: 0, bag_size: 598
batch 339, loss: 0.0008, instance_loss: 0.0000, weighted_loss: 0.0006, label: 1, bag_size: 541
batch 359, loss: 0.0002, instance_loss: 0.0000, weighted_loss: 0.0002, label: 1, bag_size: 3613
batch 379, loss: 0.0001, instance_loss: 0.0000, weighted_loss: 0.0001, label: 1, bag_size: 541
batch 399, loss: 0.0001, instance_loss: 0.0009, weighted_loss: 0.0003, label: 1, bag_size: 686
batch 419, loss: 0.0000, instance_loss: 0.0000, weighted_loss: 0.0000, label: 1, bag_size: 2324
batch 439, loss: 0.0000, instance_loss: 0.0000, weighted_loss: 0.0000, label: 1, bag_size: 2607
batch 459, loss: 0.0001, instance_loss: 0.0000, weighted_loss: 0.0000, label: 0, bag_size: 604
batch 479, loss: 0.0000, instance_loss: 0.0000, weighted_loss: 0.0000, label: 1, bag_size: 5073
batch 499, loss: 0.0000, instance_loss: 0.0000, weighted_loss: 0.0000, label: 1, bag_size: 652
batch 519, loss: 0.0006, instance_loss: 0.0000, weighted_loss: 0.0004, label: 1, bag_size: 666
batch 539, loss: 0.0000, instance_loss: 0.0000, weighted_loss: 0.0000, label: 0, bag_size: 716
batch 559, loss: 0.0012, instance_loss: 0.0000, weighted_loss: 0.0008, label: 0, bag_size: 1094
batch 579, loss: 0.0000, instance_loss: 0.0000, weighted_loss: 0.0000, label: 0, bag_size: 1126
batch 599, loss: 0.0001, instance_loss: 0.0009, weighted_loss: 0.0003, label: 0, bag_size: 1147
batch 619, loss: 0.0013, instance_loss: 0.0000, weighted_loss: 0.0009, label: 1, bag_size: 3393
batch 639, loss: 0.0000, instance_loss: 0.0000, weighted_loss: 0.0000, label: 1, bag_size: 1484
batch 659, loss: 0.0000, instance_loss: 0.0000, weighted_loss: 0.0000, label: 0, bag_size: 1296
batch 679, loss: 0.0000, instance_loss: 0.0000, weighted_loss: 0.0000, label: 1, bag_size: 4593
batch 699, loss: 0.0000, instance_loss: 0.0000, weighted_loss: 0.0000, label: 1, bag_size: 2607


class 0 clustering acc 1.0: correct 5624/5624
class 1 clustering acc 1.0: correct 5624/5624
Epoch: 37, train_loss: 0.0005, train_clustering_loss:  0.0002, train_error: 0.0000
class 0: acc 1.0, correct 353/353
class 1: acc 1.0, correct 350/350

Val Set, val_loss: 0.4760, val_error: 0.0839, auc: 0.6913
class 0 clustering acc 1.0: correct 1240/1240
class 1 clustering acc 1.0: correct 1240/1240
class 0: acc 0.9463087248322147, correct 141/149
class 1: acc 0.16666666666666666, correct 1/6
EarlyStopping counter: 36 out of 20


batch 19, loss: 0.0000, instance_loss: 0.0000, weighted_loss: 0.0000, label: 0, bag_size: 304
batch 39, loss: 0.0002, instance_loss: 0.0000, weighted_loss: 0.0002, label: 0, bag_size: 2149
batch 59, loss: 0.0000, instance_loss: 0.0000, weighted_loss: 0.0000, label: 0, bag_size: 690
batch 79, loss: 0.0000, instance_loss: 0.0000, weighted_loss: 0.0000, label: 1, bag_size: 656
batch 99, loss: 0.0000, instance_loss: 0.0000, weighted_loss: 0.0000, label: 1, bag_size: 4593
batch 119, loss: 0.0000, instance_loss: 0.0000, weighted_loss: 0.0000, label: 1, bag_size: 4322
batch 139, loss: 0.0000, instance_loss: 0.0000, weighted_loss: 0.0000, label: 0, bag_size: 2503
batch 159, loss: 0.0000, instance_loss: 0.0000, weighted_loss: 0.0000, label: 0, bag_size: 3523
batch 179, loss: 0.0000, instance_loss: 0.0000, weighted_loss: 0.0000, label: 0, bag_size: 2416
batch 199, loss: 0.0000, instance_loss: 0.0005, weighted_loss: 0.0001, label: 0, bag_size: 388
batch 219, loss: 0.0001, instance_loss: 0.0000, weighted_loss: 0.0000, label: 0, bag_size: 2466
batch 239, loss: 0.0000, instance_loss: 0.0000, weighted_loss: 0.0000, label: 0, bag_size: 783
batch 259, loss: 0.0004, instance_loss: 0.0000, weighted_loss: 0.0003, label: 1, bag_size: 2607
batch 279, loss: 0.0000, instance_loss: 0.0000, weighted_loss: 0.0000, label: 0, bag_size: 732
batch 299, loss: 0.0000, instance_loss: 0.0006, weighted_loss: 0.0002, label: 1, bag_size: 5637
batch 319, loss: 0.0000, instance_loss: 0.0000, weighted_loss: 0.0000, label: 0, bag_size: 3914
batch 339, loss: 0.0000, instance_loss: 0.0000, weighted_loss: 0.0000, label: 0, bag_size: 1531
batch 359, loss: 0.0000, instance_loss: 0.0000, weighted_loss: 0.0000, label: 0, bag_size: 578
batch 379, loss: 0.0000, instance_loss: 0.0000, weighted_loss: 0.0000, label: 0, bag_size: 4091
batch 399, loss: 0.0000, instance_loss: 0.0000, weighted_loss: 0.0000, label: 0, bag_size: 1878
batch 419, loss: 0.0000, instance_loss: 0.0000, weighted_loss: 0.0000, label: 0, bag_size: 3575
batch 439, loss: 0.0000, instance_loss: 0.0000, weighted_loss: 0.0000, label: 0, bag_size: 1315
batch 459, loss: 0.0000, instance_loss: 0.0000, weighted_loss: 0.0000, label: 1, bag_size: 893
batch 479, loss: 0.0000, instance_loss: 0.0000, weighted_loss: 0.0000, label: 0, bag_size: 4484
batch 499, loss: 0.0000, instance_loss: 0.0000, weighted_loss: 0.0000, label: 0, bag_size: 2513
batch 519, loss: 0.0000, instance_loss: 0.0000, weighted_loss: 0.0000, label: 0, bag_size: 1592
batch 539, loss: 0.0000, instance_loss: 0.0000, weighted_loss: 0.0000, label: 1, bag_size: 714
batch 559, loss: 0.0000, instance_loss: 0.0000, weighted_loss: 0.0000, label: 1, bag_size: 4022
batch 579, loss: 0.0000, instance_loss: 0.0000, weighted_loss: 0.0000, label: 0, bag_size: 2957
batch 599, loss: 0.0001, instance_loss: 0.0000, weighted_loss: 0.0000, label: 0, bag_size: 944
batch 619, loss: 0.0000, instance_loss: 0.0000, weighted_loss: 0.0000, label: 1, bag_size: 1491
batch 639, loss: 0.0001, instance_loss: 0.0000, weighted_loss: 0.0001, label: 1, bag_size: 3756
batch 659, loss: 0.0000, instance_loss: 0.0000, weighted_loss: 0.0000, label: 0, bag_size: 1016
batch 679, loss: 0.0000, instance_loss: 0.0000, weighted_loss: 0.0000, label: 1, bag_size: 4201
batch 699, loss: 0.0000, instance_loss: 0.0000, weighted_loss: 0.0000, label: 0, bag_size: 440


class 0 clustering acc 1.0: correct 5624/5624
class 1 clustering acc 0.9992887624466572: correct 5620/5624
Epoch: 38, train_loss: 0.0001, train_clustering_loss:  0.0023, train_error: 0.0000
class 0: acc 1.0, correct 352/352
class 1: acc 1.0, correct 351/351

Val Set, val_loss: 0.5021, val_error: 0.0839, auc: 0.6812
class 0 clustering acc 1.0: correct 1240/1240
class 1 clustering acc 1.0: correct 1240/1240
class 0: acc 0.9463087248322147, correct 141/149
class 1: acc 0.16666666666666666, correct 1/6
EarlyStopping counter: 37 out of 20


batch 19, loss: 0.0000, instance_loss: 0.0000, weighted_loss: 0.0000, label: 0, bag_size: 1049
batch 39, loss: 0.0000, instance_loss: 0.0005, weighted_loss: 0.0002, label: 0, bag_size: 774
batch 59, loss: 0.0001, instance_loss: 0.0000, weighted_loss: 0.0000, label: 1, bag_size: 4593
batch 79, loss: 0.0001, instance_loss: 0.0000, weighted_loss: 0.0001, label: 1, bag_size: 5954
batch 99, loss: 0.0000, instance_loss: 0.0000, weighted_loss: 0.0000, label: 0, bag_size: 1334
batch 119, loss: 0.0000, instance_loss: 0.0000, weighted_loss: 0.0000, label: 0, bag_size: 782
batch 139, loss: 0.0000, instance_loss: 0.0000, weighted_loss: 0.0000, label: 1, bag_size: 4133
batch 159, loss: 0.0000, instance_loss: 0.0000, weighted_loss: 0.0000, label: 0, bag_size: 918
batch 179, loss: 0.0000, instance_loss: 0.0000, weighted_loss: 0.0000, label: 0, bag_size: 837
batch 199, loss: 0.0000, instance_loss: 0.0000, weighted_loss: 0.0000, label: 0, bag_size: 1705
batch 219, loss: 0.0000, instance_loss: 0.0371, weighted_loss: 0.0111, label: 0, bag_size: 924
batch 239, loss: 0.0001, instance_loss: 0.0006, weighted_loss: 0.0002, label: 0, bag_size: 382
batch 259, loss: 0.0000, instance_loss: 0.0000, weighted_loss: 0.0000, label: 1, bag_size: 1484
batch 279, loss: 5.4941, instance_loss: 0.0000, weighted_loss: 3.8458, label: 0, bag_size: 837
batch 299, loss: 0.0000, instance_loss: 0.0000, weighted_loss: 0.0000, label: 1, bag_size: 5073
batch 319, loss: 0.0000, instance_loss: 0.0000, weighted_loss: 0.0000, label: 0, bag_size: 509
batch 339, loss: 0.0004, instance_loss: 0.0000, weighted_loss: 0.0003, label: 1, bag_size: 541
batch 359, loss: 0.0000, instance_loss: 0.0002, weighted_loss: 0.0001, label: 1, bag_size: 5637
batch 379, loss: 0.0000, instance_loss: 0.0000, weighted_loss: 0.0000, label: 0, bag_size: 560
batch 399, loss: 0.0000, instance_loss: 0.0002, weighted_loss: 0.0001, label: 0, bag_size: 4779
batch 419, loss: 0.0000, instance_loss: 0.0006, weighted_loss: 0.0002, label: 0, bag_size: 2785
batch 439, loss: 0.0000, instance_loss: 0.0000, weighted_loss: 0.0000, label: 0, bag_size: 2145
batch 459, loss: 0.0000, instance_loss: 0.0000, weighted_loss: 0.0000, label: 0, bag_size: 1327
batch 479, loss: 0.0000, instance_loss: 0.0000, weighted_loss: 0.0000, label: 0, bag_size: 4104
batch 499, loss: 0.0000, instance_loss: 0.0000, weighted_loss: 0.0000, label: 0, bag_size: 1383
batch 519, loss: 0.0000, instance_loss: 0.0000, weighted_loss: 0.0000, label: 0, bag_size: 888
batch 539, loss: 0.0001, instance_loss: 0.0076, weighted_loss: 0.0023, label: 0, bag_size: 400
batch 559, loss: 0.0000, instance_loss: 0.0000, weighted_loss: 0.0000, label: 0, bag_size: 2397
batch 579, loss: 0.0000, instance_loss: 0.0008, weighted_loss: 0.0002, label: 0, bag_size: 382
batch 599, loss: 0.0000, instance_loss: 0.0000, weighted_loss: 0.0000, label: 0, bag_size: 468
batch 619, loss: 0.0005, instance_loss: 0.0000, weighted_loss: 0.0003, label: 1, bag_size: 5954
batch 639, loss: 0.0000, instance_loss: 0.0000, weighted_loss: 0.0000, label: 0, bag_size: 641
batch 659, loss: 0.0000, instance_loss: 0.0000, weighted_loss: 0.0000, label: 0, bag_size: 1021
batch 679, loss: 0.0000, instance_loss: 0.0000, weighted_loss: 0.0000, label: 1, bag_size: 893
batch 699, loss: 0.0002, instance_loss: 0.0000, weighted_loss: 0.0001, label: 0, bag_size: 1519


class 0 clustering acc 1.0: correct 5624/5624
class 1 clustering acc 0.9996443812233285: correct 5622/5624
Epoch: 39, train_loss: 0.0145, train_clustering_loss:  0.0015, train_error: 0.0028
class 0: acc 0.9971264367816092, correct 347/348
class 1: acc 0.9971830985915493, correct 354/355

Val Set, val_loss: 0.5871, val_error: 0.0774, auc: 0.5145
class 0 clustering acc 1.0: correct 1240/1240
class 1 clustering acc 1.0: correct 1240/1240
class 0: acc 0.959731543624161, correct 143/149
class 1: acc 0.0, correct 0/6
EarlyStopping counter: 38 out of 20


batch 19, loss: 0.0001, instance_loss: 0.0000, weighted_loss: 0.0001, label: 1, bag_size: 2607
batch 39, loss: 0.0000, instance_loss: 0.0000, weighted_loss: 0.0000, label: 0, bag_size: 3045
batch 59, loss: 0.0000, instance_loss: 0.0000, weighted_loss: 0.0000, label: 0, bag_size: 242
batch 79, loss: 0.0000, instance_loss: 0.0000, weighted_loss: 0.0000, label: 0, bag_size: 2397
batch 99, loss: 0.0000, instance_loss: 0.0000, weighted_loss: 0.0000, label: 1, bag_size: 4022
batch 119, loss: 0.0003, instance_loss: 0.0000, weighted_loss: 0.0002, label: 1, bag_size: 3656
batch 139, loss: 0.0000, instance_loss: 0.0000, weighted_loss: 0.0000, label: 1, bag_size: 5715
batch 159, loss: 0.0001, instance_loss: 0.0000, weighted_loss: 0.0001, label: 1, bag_size: 3393
batch 179, loss: 0.0000, instance_loss: 0.0000, weighted_loss: 0.0000, label: 0, bag_size: 840
batch 199, loss: 0.0003, instance_loss: 0.0000, weighted_loss: 0.0002, label: 0, bag_size: 683
batch 219, loss: 0.0000, instance_loss: 0.0000, weighted_loss: 0.0000, label: 1, bag_size: 3707
batch 239, loss: 0.0000, instance_loss: 0.0000, weighted_loss: 0.0000, label: 0, bag_size: 955
batch 259, loss: 0.0000, instance_loss: 0.0000, weighted_loss: 0.0000, label: 0, bag_size: 1677
batch 279, loss: 0.0001, instance_loss: 0.0000, weighted_loss: 0.0001, label: 1, bag_size: 2531
batch 299, loss: 0.0000, instance_loss: 0.0000, weighted_loss: 0.0000, label: 0, bag_size: 2355
batch 319, loss: 0.0000, instance_loss: 0.0000, weighted_loss: 0.0000, label: 1, bag_size: 1491
batch 339, loss: 0.0000, instance_loss: 0.0000, weighted_loss: 0.0000, label: 1, bag_size: 5528
batch 359, loss: 0.0000, instance_loss: 0.0000, weighted_loss: 0.0000, label: 0, bag_size: 495
batch 379, loss: 0.0000, instance_loss: 0.0015, weighted_loss: 0.0004, label: 0, bag_size: 3925
batch 399, loss: 0.0000, instance_loss: 0.0000, weighted_loss: 0.0000, label: 1, bag_size: 1484
batch 419, loss: 0.0000, instance_loss: 0.0003, weighted_loss: 0.0001, label: 0, bag_size: 468
batch 439, loss: 0.0000, instance_loss: 0.0000, weighted_loss: 0.0000, label: 1, bag_size: 5715
batch 459, loss: 0.0000, instance_loss: 0.0003, weighted_loss: 0.0001, label: 1, bag_size: 5637
batch 479, loss: 0.0000, instance_loss: 0.0000, weighted_loss: 0.0000, label: 1, bag_size: 5715
batch 499, loss: 0.0000, instance_loss: 0.0000, weighted_loss: 0.0000, label: 0, bag_size: 1121
batch 519, loss: 0.0000, instance_loss: 0.0000, weighted_loss: 0.0000, label: 1, bag_size: 1439
batch 539, loss: 0.0000, instance_loss: 0.0000, weighted_loss: 0.0000, label: 1, bag_size: 686
batch 559, loss: 0.0000, instance_loss: 0.0000, weighted_loss: 0.0000, label: 1, bag_size: 4022
batch 579, loss: 0.0000, instance_loss: 0.0000, weighted_loss: 0.0000, label: 0, bag_size: 1476
batch 599, loss: 0.0000, instance_loss: 0.0000, weighted_loss: 0.0000, label: 0, bag_size: 1366
batch 619, loss: 0.0000, instance_loss: 0.0000, weighted_loss: 0.0000, label: 0, bag_size: 5769
batch 639, loss: 0.0000, instance_loss: 0.0031, weighted_loss: 0.0009, label: 0, bag_size: 4897
batch 659, loss: 0.0001, instance_loss: 0.0000, weighted_loss: 0.0001, label: 1, bag_size: 5954
batch 679, loss: 0.0000, instance_loss: 0.0000, weighted_loss: 0.0000, label: 0, bag_size: 4800
batch 699, loss: 0.0000, instance_loss: 0.0000, weighted_loss: 0.0000, label: 0, bag_size: 1023


class 0 clustering acc 1.0: correct 5624/5624
class 1 clustering acc 0.9998221906116643: correct 5623/5624
Epoch: 40, train_loss: 0.0001, train_clustering_loss:  0.0006, train_error: 0.0000
class 0: acc 1.0, correct 354/354
class 1: acc 1.0, correct 349/349

Val Set, val_loss: 0.6063, val_error: 0.0774, auc: 0.5157
class 0 clustering acc 1.0: correct 1240/1240
class 1 clustering acc 1.0: correct 1240/1240
class 0: acc 0.959731543624161, correct 143/149
class 1: acc 0.0, correct 0/6
EarlyStopping counter: 39 out of 20


batch 19, loss: 0.0000, instance_loss: 0.0000, weighted_loss: 0.0000, label: 1, bag_size: 4593
batch 39, loss: 0.0000, instance_loss: 0.0000, weighted_loss: 0.0000, label: 1, bag_size: 5637
batch 59, loss: 0.0000, instance_loss: 0.0000, weighted_loss: 0.0000, label: 0, bag_size: 3675
batch 79, loss: 0.0000, instance_loss: 0.0000, weighted_loss: 0.0000, label: 1, bag_size: 775
batch 99, loss: 0.0000, instance_loss: 0.0000, weighted_loss: 0.0000, label: 1, bag_size: 1491
batch 119, loss: 0.0000, instance_loss: 0.0000, weighted_loss: 0.0000, label: 0, bag_size: 3341
batch 139, loss: 0.0004, instance_loss: 0.0000, weighted_loss: 0.0003, label: 1, bag_size: 3656
batch 159, loss: 0.0001, instance_loss: 0.0000, weighted_loss: 0.0001, label: 0, bag_size: 1519
batch 179, loss: 0.0001, instance_loss: 0.0000, weighted_loss: 0.0000, label: 1, bag_size: 4012
batch 199, loss: 0.0000, instance_loss: 0.0000, weighted_loss: 0.0000, label: 0, bag_size: 1030
batch 219, loss: 0.0000, instance_loss: 0.0000, weighted_loss: 0.0000, label: 0, bag_size: 3554
batch 239, loss: 0.0000, instance_loss: 0.0000, weighted_loss: 0.0000, label: 0, bag_size: 2503
batch 259, loss: 0.0000, instance_loss: 0.0000, weighted_loss: 0.0000, label: 0, bag_size: 1972
batch 279, loss: 0.0000, instance_loss: 0.0006, weighted_loss: 0.0002, label: 0, bag_size: 3770
batch 299, loss: 0.0000, instance_loss: 0.0000, weighted_loss: 0.0000, label: 0, bag_size: 5337
batch 319, loss: 0.0000, instance_loss: 0.0000, weighted_loss: 0.0000, label: 1, bag_size: 686
batch 339, loss: 0.0002, instance_loss: 0.0000, weighted_loss: 0.0001, label: 1, bag_size: 903
batch 359, loss: 0.0000, instance_loss: 0.0000, weighted_loss: 0.0000, label: 1, bag_size: 4045
batch 379, loss: 0.0001, instance_loss: 0.0000, weighted_loss: 0.0000, label: 1, bag_size: 1518
batch 399, loss: 0.0000, instance_loss: 0.0000, weighted_loss: 0.0000, label: 1, bag_size: 3707
batch 419, loss: 0.0001, instance_loss: 0.0000, weighted_loss: 0.0000, label: 1, bag_size: 391
batch 439, loss: 0.0000, instance_loss: 0.0000, weighted_loss: 0.0000, label: 1, bag_size: 714
batch 459, loss: 0.0003, instance_loss: 0.0000, weighted_loss: 0.0002, label: 1, bag_size: 2607
batch 479, loss: 0.0000, instance_loss: 0.0000, weighted_loss: 0.0000, label: 0, bag_size: 3984
batch 499, loss: 0.0000, instance_loss: 0.0000, weighted_loss: 0.0000, label: 1, bag_size: 4593
batch 519, loss: 0.0000, instance_loss: 0.0000, weighted_loss: 0.0000, label: 1, bag_size: 5073
batch 539, loss: 0.0002, instance_loss: 0.0000, weighted_loss: 0.0001, label: 1, bag_size: 4012
batch 559, loss: 0.0000, instance_loss: 0.0000, weighted_loss: 0.0000, label: 0, bag_size: 3220
batch 579, loss: 0.0000, instance_loss: 0.0007, weighted_loss: 0.0002, label: 0, bag_size: 554
batch 599, loss: 0.0000, instance_loss: 0.0000, weighted_loss: 0.0000, label: 0, bag_size: 2454
batch 619, loss: 0.0000, instance_loss: 0.0000, weighted_loss: 0.0000, label: 1, bag_size: 662
batch 639, loss: 0.0000, instance_loss: 0.0000, weighted_loss: 0.0000, label: 1, bag_size: 662
batch 659, loss: 0.0000, instance_loss: 0.0000, weighted_loss: 0.0000, label: 1, bag_size: 4201
batch 679, loss: 0.0000, instance_loss: 0.0000, weighted_loss: 0.0000, label: 0, bag_size: 539
batch 699, loss: 0.0000, instance_loss: 0.0000, weighted_loss: 0.0000, label: 1, bag_size: 1504


class 0 clustering acc 1.0: correct 5624/5624
class 1 clustering acc 0.9998221906116643: correct 5623/5624
Epoch: 41, train_loss: 0.0001, train_clustering_loss:  0.0006, train_error: 0.0000
class 0: acc 1.0, correct 344/344
class 1: acc 1.0, correct 359/359

Val Set, val_loss: 0.6226, val_error: 0.0774, auc: 0.5101
class 0 clustering acc 1.0: correct 1240/1240
class 1 clustering acc 1.0: correct 1240/1240
class 0: acc 0.959731543624161, correct 143/149
class 1: acc 0.0, correct 0/6
EarlyStopping counter: 40 out of 20


batch 19, loss: 0.0000, instance_loss: 0.0000, weighted_loss: 0.0000, label: 0, bag_size: 4360
batch 39, loss: 0.0001, instance_loss: 0.0000, weighted_loss: 0.0001, label: 1, bag_size: 5954
batch 59, loss: 0.0000, instance_loss: 0.0000, weighted_loss: 0.0000, label: 1, bag_size: 5073
batch 79, loss: 0.0000, instance_loss: 0.0000, weighted_loss: 0.0000, label: 0, bag_size: 1704
batch 99, loss: 0.0002, instance_loss: 0.0000, weighted_loss: 0.0002, label: 1, bag_size: 3656
batch 119, loss: 0.0000, instance_loss: 0.0002, weighted_loss: 0.0001, label: 0, bag_size: 596
batch 139, loss: 0.0004, instance_loss: 0.0000, weighted_loss: 0.0003, label: 1, bag_size: 2531
batch 159, loss: 0.0000, instance_loss: 0.0000, weighted_loss: 0.0000, label: 1, bag_size: 619
batch 179, loss: 0.0000, instance_loss: 0.0000, weighted_loss: 0.0000, label: 0, bag_size: 953
batch 199, loss: 0.0000, instance_loss: 0.0000, weighted_loss: 0.0000, label: 1, bag_size: 619
batch 219, loss: 0.0000, instance_loss: 0.0000, weighted_loss: 0.0000, label: 0, bag_size: 1299
batch 239, loss: 0.0000, instance_loss: 0.0004, weighted_loss: 0.0001, label: 0, bag_size: 3530
batch 259, loss: 0.0000, instance_loss: 0.0000, weighted_loss: 0.0000, label: 0, bag_size: 1109
batch 279, loss: 0.0000, instance_loss: 0.0000, weighted_loss: 0.0000, label: 1, bag_size: 662
batch 299, loss: 0.0000, instance_loss: 0.0000, weighted_loss: 0.0000, label: 0, bag_size: 1552
batch 319, loss: 0.0001, instance_loss: 0.0343, weighted_loss: 0.0103, label: 0, bag_size: 553
batch 339, loss: 0.0000, instance_loss: 0.0000, weighted_loss: 0.0000, label: 1, bag_size: 5073
batch 359, loss: 0.0001, instance_loss: 0.0004, weighted_loss: 0.0002, label: 0, bag_size: 547
batch 379, loss: 0.0006, instance_loss: 0.0000, weighted_loss: 0.0004, label: 0, bag_size: 2345
batch 399, loss: 0.0000, instance_loss: 0.0000, weighted_loss: 0.0000, label: 0, bag_size: 849
batch 419, loss: 0.0000, instance_loss: 0.0000, weighted_loss: 0.0000, label: 0, bag_size: 3865
batch 439, loss: 0.0001, instance_loss: 0.0005, weighted_loss: 0.0002, label: 0, bag_size: 3119
batch 459, loss: 0.0000, instance_loss: 0.0000, weighted_loss: 0.0000, label: 0, bag_size: 513
batch 479, loss: 0.0000, instance_loss: 0.0000, weighted_loss: 0.0000, label: 0, bag_size: 2473
batch 499, loss: 0.0000, instance_loss: 0.0000, weighted_loss: 0.0000, label: 0, bag_size: 742
batch 519, loss: 0.0000, instance_loss: 0.0000, weighted_loss: 0.0000, label: 1, bag_size: 903
batch 539, loss: 0.0000, instance_loss: 0.0000, weighted_loss: 0.0000, label: 0, bag_size: 805
batch 559, loss: 0.0000, instance_loss: 0.0008, weighted_loss: 0.0003, label: 0, bag_size: 3325
batch 579, loss: 0.0024, instance_loss: 0.0002, weighted_loss: 0.0017, label: 1, bag_size: 4012
batch 599, loss: 0.0000, instance_loss: 0.0000, weighted_loss: 0.0000, label: 1, bag_size: 2160
batch 619, loss: 0.0000, instance_loss: 0.0022, weighted_loss: 0.0007, label: 0, bag_size: 4355
batch 639, loss: 0.0001, instance_loss: 0.0000, weighted_loss: 0.0000, label: 1, bag_size: 4322
batch 659, loss: 0.0000, instance_loss: 0.0000, weighted_loss: 0.0000, label: 0, bag_size: 1411
batch 679, loss: 0.0001, instance_loss: 0.0000, weighted_loss: 0.0001, label: 1, bag_size: 2607
batch 699, loss: 0.0000, instance_loss: 0.0000, weighted_loss: 0.0000, label: 0, bag_size: 1067


class 0 clustering acc 0.9998221906116643: correct 5623/5624
class 1 clustering acc 0.9994665718349929: correct 5621/5624
Epoch: 42, train_loss: 0.0001, train_clustering_loss:  0.0025, train_error: 0.0000
class 0: acc 1.0, correct 365/365
class 1: acc 1.0, correct 338/338

Val Set, val_loss: 0.6279, val_error: 0.0710, auc: 0.4978
class 0 clustering acc 1.0: correct 1240/1240
class 1 clustering acc 1.0: correct 1240/1240
class 0: acc 0.9664429530201343, correct 144/149
class 1: acc 0.0, correct 0/6
EarlyStopping counter: 41 out of 20


batch 19, loss: 0.0000, instance_loss: 0.0000, weighted_loss: 0.0000, label: 1, bag_size: 4045
batch 39, loss: 0.0000, instance_loss: 0.0000, weighted_loss: 0.0000, label: 1, bag_size: 1439
batch 59, loss: 0.0002, instance_loss: 0.0000, weighted_loss: 0.0002, label: 1, bag_size: 4133
batch 79, loss: 0.0000, instance_loss: 0.0000, weighted_loss: 0.0000, label: 1, bag_size: 3756
batch 99, loss: 0.0000, instance_loss: 0.0008, weighted_loss: 0.0002, label: 1, bag_size: 619
batch 119, loss: 0.0000, instance_loss: 0.0000, weighted_loss: 0.0000, label: 0, bag_size: 4337
batch 139, loss: 0.0000, instance_loss: 0.0000, weighted_loss: 0.0000, label: 0, bag_size: 1924
batch 159, loss: 0.0000, instance_loss: 0.0000, weighted_loss: 0.0000, label: 0, bag_size: 1447
batch 179, loss: 0.0000, instance_loss: 0.0000, weighted_loss: 0.0000, label: 1, bag_size: 1504
batch 199, loss: 0.0011, instance_loss: 0.0000, weighted_loss: 0.0007, label: 1, bag_size: 656
batch 219, loss: 0.0000, instance_loss: 0.0000, weighted_loss: 0.0000, label: 1, bag_size: 1484
batch 239, loss: 0.0000, instance_loss: 0.0000, weighted_loss: 0.0000, label: 0, bag_size: 4987
batch 259, loss: 0.0000, instance_loss: 0.0000, weighted_loss: 0.0000, label: 0, bag_size: 4420
batch 279, loss: 0.0000, instance_loss: 0.0000, weighted_loss: 0.0000, label: 0, bag_size: 4337
batch 299, loss: 0.0000, instance_loss: 0.0000, weighted_loss: 0.0000, label: 1, bag_size: 714
batch 319, loss: 0.0000, instance_loss: 0.0000, weighted_loss: 0.0000, label: 1, bag_size: 1504
batch 339, loss: 0.0000, instance_loss: 0.0000, weighted_loss: 0.0000, label: 0, bag_size: 4930
batch 359, loss: 0.0000, instance_loss: 0.0000, weighted_loss: 0.0000, label: 1, bag_size: 4012
batch 379, loss: 0.0000, instance_loss: 0.0000, weighted_loss: 0.0000, label: 0, bag_size: 2037
batch 399, loss: 0.0000, instance_loss: 0.0000, weighted_loss: 0.0000, label: 1, bag_size: 5715
batch 419, loss: 0.0000, instance_loss: 0.0004, weighted_loss: 0.0001, label: 0, bag_size: 4195
batch 439, loss: 0.0000, instance_loss: 0.0000, weighted_loss: 0.0000, label: 1, bag_size: 4022
batch 459, loss: 0.0000, instance_loss: 0.0000, weighted_loss: 0.0000, label: 0, bag_size: 1476
batch 479, loss: 0.0000, instance_loss: 0.0000, weighted_loss: 0.0000, label: 0, bag_size: 966
batch 499, loss: 0.0000, instance_loss: 0.0000, weighted_loss: 0.0000, label: 1, bag_size: 4022
batch 519, loss: 0.0000, instance_loss: 0.0000, weighted_loss: 0.0000, label: 1, bag_size: 4012
batch 539, loss: 0.0001, instance_loss: 0.0005, weighted_loss: 0.0002, label: 1, bag_size: 5954
batch 559, loss: 0.0000, instance_loss: 0.0000, weighted_loss: 0.0000, label: 0, bag_size: 467
batch 579, loss: 0.0000, instance_loss: 0.0000, weighted_loss: 0.0000, label: 1, bag_size: 4593
batch 599, loss: 0.0000, instance_loss: 0.0000, weighted_loss: 0.0000, label: 0, bag_size: 4897
batch 619, loss: 0.0000, instance_loss: 0.0000, weighted_loss: 0.0000, label: 0, bag_size: 507
batch 639, loss: 0.0021, instance_loss: 0.0000, weighted_loss: 0.0015, label: 0, bag_size: 3546
batch 659, loss: 0.0000, instance_loss: 0.0000, weighted_loss: 0.0000, label: 1, bag_size: 391
batch 679, loss: 0.0000, instance_loss: 0.0000, weighted_loss: 0.0000, label: 0, bag_size: 4610
batch 699, loss: 0.0000, instance_loss: 0.0000, weighted_loss: 0.0000, label: 0, bag_size: 888


class 0 clustering acc 1.0: correct 5624/5624
class 1 clustering acc 0.9989331436699858: correct 5618/5624
Epoch: 43, train_loss: 0.0001, train_clustering_loss:  0.0034, train_error: 0.0000
class 0: acc 1.0, correct 357/357
class 1: acc 1.0, correct 346/346

Val Set, val_loss: 0.6509, val_error: 0.0774, auc: 0.4989
class 0 clustering acc 1.0: correct 1240/1240
class 1 clustering acc 1.0: correct 1240/1240
class 0: acc 0.959731543624161, correct 143/149
class 1: acc 0.0, correct 0/6
EarlyStopping counter: 42 out of 20


batch 19, loss: 0.0000, instance_loss: 0.0000, weighted_loss: 0.0000, label: 0, bag_size: 4187
batch 39, loss: 0.0000, instance_loss: 0.0000, weighted_loss: 0.0000, label: 0, bag_size: 1000
batch 59, loss: 0.0000, instance_loss: 0.0000, weighted_loss: 0.0000, label: 1, bag_size: 5637
batch 79, loss: 0.0000, instance_loss: 0.0000, weighted_loss: 0.0000, label: 0, bag_size: 2466
batch 99, loss: 0.0000, instance_loss: 0.0000, weighted_loss: 0.0000, label: 0, bag_size: 2594
batch 119, loss: 0.0000, instance_loss: 0.0000, weighted_loss: 0.0000, label: 0, bag_size: 1370
batch 139, loss: 0.0000, instance_loss: 0.0005, weighted_loss: 0.0001, label: 1, bag_size: 1484
batch 159, loss: 0.0000, instance_loss: 0.0002, weighted_loss: 0.0001, label: 1, bag_size: 619
batch 179, loss: 0.0000, instance_loss: 0.0000, weighted_loss: 0.0000, label: 1, bag_size: 1484
batch 199, loss: 0.0000, instance_loss: 0.0000, weighted_loss: 0.0000, label: 0, bag_size: 3707
batch 219, loss: 0.0000, instance_loss: 0.0000, weighted_loss: 0.0000, label: 0, bag_size: 716
batch 239, loss: 0.0000, instance_loss: 0.0004, weighted_loss: 0.0001, label: 1, bag_size: 775
batch 259, loss: 0.0001, instance_loss: 0.0000, weighted_loss: 0.0001, label: 1, bag_size: 1518
batch 279, loss: 0.0042, instance_loss: 0.0000, weighted_loss: 0.0029, label: 1, bag_size: 656
batch 299, loss: 0.0000, instance_loss: 0.0122, weighted_loss: 0.0036, label: 0, bag_size: 4375
batch 319, loss: 0.0331, instance_loss: 0.0000, weighted_loss: 0.0231, label: 1, bag_size: 1504
batch 339, loss: 0.0551, instance_loss: 0.0000, weighted_loss: 0.0386, label: 1, bag_size: 662
batch 359, loss: 0.0000, instance_loss: 0.0014, weighted_loss: 0.0004, label: 0, bag_size: 3389
batch 379, loss: 0.0002, instance_loss: 0.0000, weighted_loss: 0.0001, label: 1, bag_size: 3707
batch 399, loss: 0.0907, instance_loss: 0.0000, weighted_loss: 0.0635, label: 1, bag_size: 4201
batch 419, loss: 0.0070, instance_loss: 0.0000, weighted_loss: 0.0049, label: 1, bag_size: 2607
batch 439, loss: 0.0001, instance_loss: 0.0000, weighted_loss: 0.0001, label: 1, bag_size: 3393
batch 459, loss: 0.0382, instance_loss: 0.0002, weighted_loss: 0.0268, label: 1, bag_size: 714
batch 479, loss: 0.0084, instance_loss: 0.0000, weighted_loss: 0.0059, label: 1, bag_size: 1504
batch 499, loss: 0.0042, instance_loss: 0.0000, weighted_loss: 0.0029, label: 0, bag_size: 3723
batch 519, loss: 0.0000, instance_loss: 0.0000, weighted_loss: 0.0000, label: 1, bag_size: 652
batch 539, loss: 0.0000, instance_loss: 0.0000, weighted_loss: 0.0000, label: 0, bag_size: 875
batch 559, loss: 0.3945, instance_loss: 0.0000, weighted_loss: 0.2762, label: 1, bag_size: 5611
batch 579, loss: 0.0010, instance_loss: 0.0000, weighted_loss: 0.0007, label: 1, bag_size: 541
batch 599, loss: 0.0000, instance_loss: 0.0000, weighted_loss: 0.0000, label: 0, bag_size: 3912
batch 619, loss: 0.0000, instance_loss: 0.0000, weighted_loss: 0.0000, label: 0, bag_size: 2037
batch 639, loss: 0.0000, instance_loss: 0.1427, weighted_loss: 0.0428, label: 1, bag_size: 775
batch 659, loss: 0.0006, instance_loss: 0.0008, weighted_loss: 0.0007, label: 0, bag_size: 400
batch 679, loss: 0.0000, instance_loss: 0.0000, weighted_loss: 0.0000, label: 0, bag_size: 4091
batch 699, loss: 0.0000, instance_loss: 0.0000, weighted_loss: 0.0000, label: 0, bag_size: 348


class 0 clustering acc 0.9996443812233285: correct 5622/5624
class 1 clustering acc 0.9985775248933144: correct 5616/5624
Epoch: 44, train_loss: 0.0921, train_clustering_loss:  0.0044, train_error: 0.0270
class 0: acc 0.9643835616438357, correct 352/365
class 1: acc 0.9822485207100592, correct 332/338

Val Set, val_loss: 0.4850, val_error: 0.0774, auc: 0.5973
class 0 clustering acc 1.0: correct 1240/1240
class 1 clustering acc 0.9967741935483871: correct 1236/1240
class 0: acc 0.9530201342281879, correct 142/149
class 1: acc 0.16666666666666666, correct 1/6
EarlyStopping counter: 43 out of 20


batch 19, loss: 0.0000, instance_loss: 0.0000, weighted_loss: 0.0000, label: 0, bag_size: 594
batch 39, loss: 0.0000, instance_loss: 0.0000, weighted_loss: 0.0000, label: 1, bag_size: 1439
batch 59, loss: 2.3166, instance_loss: 0.0007, weighted_loss: 1.6218, label: 0, bag_size: 4913
batch 79, loss: 0.0001, instance_loss: 0.0000, weighted_loss: 0.0000, label: 1, bag_size: 3707
batch 99, loss: 0.0000, instance_loss: 0.0000, weighted_loss: 0.0000, label: 0, bag_size: 1176
batch 119, loss: 0.0000, instance_loss: 0.0000, weighted_loss: 0.0000, label: 1, bag_size: 1439
batch 139, loss: 0.0003, instance_loss: 0.0000, weighted_loss: 0.0002, label: 1, bag_size: 1518
batch 159, loss: 0.0000, instance_loss: 0.0000, weighted_loss: 0.0000, label: 0, bag_size: 2326
batch 179, loss: 0.0000, instance_loss: 0.0000, weighted_loss: 0.0000, label: 1, bag_size: 2324
batch 199, loss: 0.0279, instance_loss: 0.0000, weighted_loss: 0.0195, label: 1, bag_size: 4593
batch 219, loss: 0.0000, instance_loss: 0.0000, weighted_loss: 0.0000, label: 0, bag_size: 926
batch 239, loss: 0.3840, instance_loss: 0.0003, weighted_loss: 0.2689, label: 0, bag_size: 4697
batch 259, loss: 0.0000, instance_loss: 0.0000, weighted_loss: 0.0000, label: 0, bag_size: 1867
batch 279, loss: 0.0150, instance_loss: 0.0000, weighted_loss: 0.0105, label: 1, bag_size: 5528
batch 299, loss: 0.0001, instance_loss: 0.0000, weighted_loss: 0.0001, label: 1, bag_size: 4133
batch 319, loss: 0.0036, instance_loss: 0.0361, weighted_loss: 0.0134, label: 1, bag_size: 714
batch 339, loss: 0.0000, instance_loss: 0.0000, weighted_loss: 0.0000, label: 1, bag_size: 656
batch 359, loss: 0.0000, instance_loss: 0.0000, weighted_loss: 0.0000, label: 1, bag_size: 652
batch 379, loss: 0.0001, instance_loss: 0.0000, weighted_loss: 0.0001, label: 1, bag_size: 1484
batch 399, loss: 0.0001, instance_loss: 0.0000, weighted_loss: 0.0000, label: 1, bag_size: 5637
batch 419, loss: 0.0001, instance_loss: 0.0063, weighted_loss: 0.0020, label: 0, bag_size: 2949
batch 439, loss: 0.0001, instance_loss: 0.0000, weighted_loss: 0.0001, label: 0, bag_size: 5526
batch 459, loss: 0.0011, instance_loss: 0.0000, weighted_loss: 0.0008, label: 0, bag_size: 3700
batch 479, loss: 0.0003, instance_loss: 0.0000, weighted_loss: 0.0002, label: 1, bag_size: 1504
batch 499, loss: 0.0053, instance_loss: 0.0000, weighted_loss: 0.0037, label: 1, bag_size: 5073
batch 519, loss: 0.0000, instance_loss: 0.0000, weighted_loss: 0.0000, label: 1, bag_size: 2160
batch 539, loss: 0.0001, instance_loss: 0.0000, weighted_loss: 0.0001, label: 0, bag_size: 3588
batch 559, loss: 0.0001, instance_loss: 0.0000, weighted_loss: 0.0001, label: 1, bag_size: 3656
batch 579, loss: 0.0000, instance_loss: 0.0006, weighted_loss: 0.0002, label: 0, bag_size: 404
batch 599, loss: 0.0000, instance_loss: 0.0000, weighted_loss: 0.0000, label: 0, bag_size: 4990
batch 619, loss: 0.0000, instance_loss: 0.0000, weighted_loss: 0.0000, label: 0, bag_size: 885
batch 639, loss: 0.0002, instance_loss: 0.0000, weighted_loss: 0.0001, label: 1, bag_size: 3393
batch 659, loss: 0.0000, instance_loss: 0.0000, weighted_loss: 0.0000, label: 0, bag_size: 1878
batch 679, loss: 0.0006, instance_loss: 0.0000, weighted_loss: 0.0004, label: 1, bag_size: 391
batch 699, loss: 0.0001, instance_loss: 0.0000, weighted_loss: 0.0001, label: 1, bag_size: 3393


class 0 clustering acc 0.9998221906116643: correct 5623/5624
class 1 clustering acc 0.9989331436699858: correct 5618/5624
Epoch: 45, train_loss: 0.0308, train_clustering_loss:  0.0050, train_error: 0.0128
class 0: acc 0.9860335195530726, correct 353/358
class 1: acc 0.9884057971014493, correct 341/345

Val Set, val_loss: 0.6468, val_error: 0.1032, auc: 0.5817
class 0 clustering acc 1.0: correct 1240/1240
class 1 clustering acc 1.0: correct 1240/1240
class 0: acc 0.9261744966442953, correct 138/149
class 1: acc 0.16666666666666666, correct 1/6
EarlyStopping counter: 44 out of 20


batch 19, loss: 0.0000, instance_loss: 0.0000, weighted_loss: 0.0000, label: 1, bag_size: 652
batch 39, loss: 0.0000, instance_loss: 0.0836, weighted_loss: 0.0251, label: 0, bag_size: 1079
batch 59, loss: 0.0000, instance_loss: 0.0008, weighted_loss: 0.0002, label: 0, bag_size: 1671
batch 79, loss: 0.0002, instance_loss: 0.0000, weighted_loss: 0.0001, label: 1, bag_size: 1484
batch 99, loss: 0.0000, instance_loss: 0.0000, weighted_loss: 0.0000, label: 0, bag_size: 454
batch 119, loss: 0.0001, instance_loss: 0.0000, weighted_loss: 0.0000, label: 1, bag_size: 204
batch 139, loss: 0.0000, instance_loss: 0.0000, weighted_loss: 0.0000, label: 1, bag_size: 2160
batch 159, loss: 0.0000, instance_loss: 0.0012, weighted_loss: 0.0004, label: 0, bag_size: 1327
batch 179, loss: 0.0000, instance_loss: 0.0000, weighted_loss: 0.0000, label: 1, bag_size: 619
batch 199, loss: 0.0187, instance_loss: 0.0000, weighted_loss: 0.0131, label: 1, bag_size: 5528
batch 219, loss: 0.0048, instance_loss: 0.0000, weighted_loss: 0.0034, label: 1, bag_size: 3393
batch 239, loss: 0.0000, instance_loss: 0.0000, weighted_loss: 0.0000, label: 0, bag_size: 1218
batch 259, loss: 0.0000, instance_loss: 0.0000, weighted_loss: 0.0000, label: 1, bag_size: 1484
batch 279, loss: 0.0000, instance_loss: 0.0007, weighted_loss: 0.0002, label: 0, bag_size: 4913
batch 299, loss: 0.0006, instance_loss: 0.0000, weighted_loss: 0.0004, label: 1, bag_size: 391
batch 319, loss: 0.0002, instance_loss: 0.0014, weighted_loss: 0.0006, label: 1, bag_size: 5715
batch 339, loss: 0.0003, instance_loss: 0.0226, weighted_loss: 0.0070, label: 0, bag_size: 832
batch 359, loss: 0.0000, instance_loss: 0.0000, weighted_loss: 0.0000, label: 0, bag_size: 1515
batch 379, loss: 0.0051, instance_loss: 0.0022, weighted_loss: 0.0042, label: 1, bag_size: 5414
batch 399, loss: 0.0000, instance_loss: 0.0000, weighted_loss: 0.0000, label: 1, bag_size: 3707
batch 419, loss: 0.0000, instance_loss: 0.0000, weighted_loss: 0.0000, label: 0, bag_size: 1364
batch 439, loss: 0.0001, instance_loss: 0.0000, weighted_loss: 0.0001, label: 1, bag_size: 1504
batch 459, loss: 0.0000, instance_loss: 0.0000, weighted_loss: 0.0000, label: 0, bag_size: 931
batch 479, loss: 0.0000, instance_loss: 0.0000, weighted_loss: 0.0000, label: 0, bag_size: 441
batch 499, loss: 0.0009, instance_loss: 0.0000, weighted_loss: 0.0007, label: 1, bag_size: 2607
batch 519, loss: 0.0000, instance_loss: 0.0000, weighted_loss: 0.0000, label: 0, bag_size: 5003
batch 539, loss: 0.0000, instance_loss: 0.0000, weighted_loss: 0.0000, label: 1, bag_size: 5528
batch 559, loss: 0.0002, instance_loss: 0.0000, weighted_loss: 0.0002, label: 1, bag_size: 391
batch 579, loss: 0.0001, instance_loss: 0.0000, weighted_loss: 0.0001, label: 1, bag_size: 662
batch 599, loss: 0.0000, instance_loss: 0.0000, weighted_loss: 0.0000, label: 0, bag_size: 4252
batch 619, loss: 0.0001, instance_loss: 0.3740, weighted_loss: 0.1122, label: 1, bag_size: 903
batch 639, loss: 0.0001, instance_loss: 0.0000, weighted_loss: 0.0001, label: 1, bag_size: 2531
batch 659, loss: 0.0000, instance_loss: 0.0000, weighted_loss: 0.0000, label: 1, bag_size: 1439
batch 679, loss: 0.0000, instance_loss: 0.0000, weighted_loss: 0.0000, label: 0, bag_size: 1154
batch 699, loss: 0.0005, instance_loss: 0.0002, weighted_loss: 0.0004, label: 0, bag_size: 4794


class 0 clustering acc 0.9998221906116643: correct 5623/5624
class 1 clustering acc 0.9983997155049786: correct 5615/5624
Epoch: 46, train_loss: 0.0122, train_clustering_loss:  0.0055, train_error: 0.0043
class 0: acc 0.9946524064171123, correct 372/374
class 1: acc 0.9969604863221885, correct 328/329

Val Set, val_loss: 0.6602, val_error: 0.1032, auc: 0.5380
class 0 clustering acc 1.0: correct 1240/1240
class 1 clustering acc 1.0: correct 1240/1240
class 0: acc 0.9328859060402684, correct 139/149
class 1: acc 0.0, correct 0/6
EarlyStopping counter: 45 out of 20


batch 19, loss: 0.0000, instance_loss: 0.0000, weighted_loss: 0.0000, label: 0, bag_size: 416
batch 39, loss: 0.0000, instance_loss: 0.0000, weighted_loss: 0.0000, label: 0, bag_size: 966
batch 59, loss: 0.2070, instance_loss: 0.0000, weighted_loss: 0.1449, label: 0, bag_size: 1218
batch 79, loss: 0.0003, instance_loss: 0.0000, weighted_loss: 0.0002, label: 1, bag_size: 2324
batch 99, loss: 0.0001, instance_loss: 0.0011, weighted_loss: 0.0004, label: 1, bag_size: 662
batch 119, loss: 0.0003, instance_loss: 0.0112, weighted_loss: 0.0036, label: 0, bag_size: 5132
batch 139, loss: 0.0000, instance_loss: 0.0000, weighted_loss: 0.0000, label: 0, bag_size: 524
batch 159, loss: 0.0000, instance_loss: 0.0000, weighted_loss: 0.0000, label: 0, bag_size: 3415
batch 179, loss: 0.0018, instance_loss: 0.0014, weighted_loss: 0.0017, label: 1, bag_size: 714
batch 199, loss: 0.0000, instance_loss: 0.0000, weighted_loss: 0.0000, label: 0, bag_size: 2443
batch 219, loss: 0.0000, instance_loss: 0.0007, weighted_loss: 0.0002, label: 0, bag_size: 5003
batch 239, loss: 0.0000, instance_loss: 0.0000, weighted_loss: 0.0000, label: 0, bag_size: 1361
batch 259, loss: 0.0000, instance_loss: 0.0000, weighted_loss: 0.0000, label: 1, bag_size: 2324
batch 279, loss: 0.0000, instance_loss: 0.0000, weighted_loss: 0.0000, label: 0, bag_size: 1592
batch 299, loss: 0.0000, instance_loss: 0.0000, weighted_loss: 0.0000, label: 1, bag_size: 5528
batch 319, loss: 0.0022, instance_loss: 0.0000, weighted_loss: 0.0015, label: 0, bag_size: 1377
batch 339, loss: 0.0000, instance_loss: 0.0007, weighted_loss: 0.0002, label: 1, bag_size: 1518
batch 359, loss: 0.0006, instance_loss: 0.0163, weighted_loss: 0.0053, label: 0, bag_size: 382
batch 379, loss: 0.0000, instance_loss: 0.0000, weighted_loss: 0.0000, label: 1, bag_size: 2160
batch 399, loss: 0.0008, instance_loss: 0.0000, weighted_loss: 0.0005, label: 0, bag_size: 1736
batch 419, loss: 0.0000, instance_loss: 0.0000, weighted_loss: 0.0000, label: 1, bag_size: 686
batch 439, loss: 0.0000, instance_loss: 0.0015, weighted_loss: 0.0005, label: 0, bag_size: 471
batch 459, loss: 0.0000, instance_loss: 0.0000, weighted_loss: 0.0000, label: 1, bag_size: 666
batch 479, loss: 0.0041, instance_loss: 0.0000, weighted_loss: 0.0029, label: 1, bag_size: 4593
batch 499, loss: 0.0000, instance_loss: 0.0000, weighted_loss: 0.0000, label: 0, bag_size: 701
batch 519, loss: 0.0010, instance_loss: 0.0000, weighted_loss: 0.0007, label: 0, bag_size: 1578
batch 539, loss: 0.0003, instance_loss: 0.0000, weighted_loss: 0.0002, label: 1, bag_size: 5715
batch 559, loss: 0.0000, instance_loss: 0.0038, weighted_loss: 0.0012, label: 0, bag_size: 4072
batch 579, loss: 0.0163, instance_loss: 0.0215, weighted_loss: 0.0179, label: 0, bag_size: 4417
batch 599, loss: 0.0000, instance_loss: 0.0000, weighted_loss: 0.0000, label: 0, bag_size: 2355
batch 619, loss: 0.0001, instance_loss: 0.0020, weighted_loss: 0.0007, label: 0, bag_size: 547
batch 639, loss: 0.0000, instance_loss: 0.0000, weighted_loss: 0.0000, label: 0, bag_size: 3919
batch 659, loss: 0.0005, instance_loss: 0.0005, weighted_loss: 0.0005, label: 1, bag_size: 662
batch 679, loss: 0.0001, instance_loss: 0.0033, weighted_loss: 0.0011, label: 0, bag_size: 6510
batch 699, loss: 0.0000, instance_loss: 0.0000, weighted_loss: 0.0000, label: 1, bag_size: 686


class 0 clustering acc 0.9994665718349929: correct 5621/5624
class 1 clustering acc 0.998221906116643: correct 5614/5624
Epoch: 47, train_loss: 0.0306, train_clustering_loss:  0.0098, train_error: 0.0085
class 0: acc 0.9912536443148688, correct 340/343
class 1: acc 0.9916666666666667, correct 357/360

Val Set, val_loss: 0.7785, val_error: 0.1290, auc: 0.5850
class 0 clustering acc 1.0: correct 1240/1240
class 1 clustering acc 1.0: correct 1240/1240
class 0: acc 0.9060402684563759, correct 135/149
class 1: acc 0.0, correct 0/6
EarlyStopping counter: 46 out of 20


batch 19, loss: 0.0018, instance_loss: 0.0000, weighted_loss: 0.0012, label: 1, bag_size: 4012
batch 39, loss: 0.0000, instance_loss: 0.0005, weighted_loss: 0.0002, label: 0, bag_size: 3884
batch 59, loss: 0.0001, instance_loss: 0.0000, weighted_loss: 0.0001, label: 1, bag_size: 714
batch 79, loss: 0.0000, instance_loss: 0.0000, weighted_loss: 0.0000, label: 0, bag_size: 5526
batch 99, loss: 0.0000, instance_loss: 0.0150, weighted_loss: 0.0045, label: 0, bag_size: 4417
batch 119, loss: 0.0008, instance_loss: 0.0000, weighted_loss: 0.0006, label: 1, bag_size: 5611
batch 139, loss: 0.0001, instance_loss: 0.0321, weighted_loss: 0.0097, label: 0, bag_size: 3691
batch 159, loss: 0.0002, instance_loss: 0.0000, weighted_loss: 0.0001, label: 1, bag_size: 1484
batch 179, loss: 0.0000, instance_loss: 0.0000, weighted_loss: 0.0000, label: 1, bag_size: 662
batch 199, loss: 0.0001, instance_loss: 0.0000, weighted_loss: 0.0000, label: 0, bag_size: 783
batch 219, loss: 0.0000, instance_loss: 0.0006, weighted_loss: 0.0002, label: 0, bag_size: 1315
batch 239, loss: 0.0000, instance_loss: 0.0000, weighted_loss: 0.0000, label: 1, bag_size: 3393
batch 259, loss: 0.0000, instance_loss: 0.0000, weighted_loss: 0.0000, label: 1, bag_size: 2531
batch 279, loss: 0.0000, instance_loss: 0.0000, weighted_loss: 0.0000, label: 1, bag_size: 662
batch 299, loss: 0.0000, instance_loss: 0.0000, weighted_loss: 0.0000, label: 0, bag_size: 1176
batch 319, loss: 0.0000, instance_loss: 0.0008, weighted_loss: 0.0002, label: 0, bag_size: 924
batch 339, loss: 0.0000, instance_loss: 0.0000, weighted_loss: 0.0000, label: 0, bag_size: 1790
batch 359, loss: 0.0002, instance_loss: 0.0000, weighted_loss: 0.0001, label: 1, bag_size: 5073
batch 379, loss: 0.0000, instance_loss: 0.0000, weighted_loss: 0.0000, label: 0, bag_size: 1204
batch 399, loss: 0.0002, instance_loss: 0.0003, weighted_loss: 0.0002, label: 1, bag_size: 391
batch 419, loss: 0.0000, instance_loss: 0.0000, weighted_loss: 0.0000, label: 0, bag_size: 1297
batch 439, loss: 0.0006, instance_loss: 0.0015, weighted_loss: 0.0008, label: 0, bag_size: 1033
batch 459, loss: 0.0000, instance_loss: 0.0000, weighted_loss: 0.0000, label: 0, bag_size: 2434
batch 479, loss: 0.0006, instance_loss: 0.0243, weighted_loss: 0.0077, label: 0, bag_size: 400
batch 499, loss: 0.0000, instance_loss: 0.0000, weighted_loss: 0.0000, label: 0, bag_size: 1134
batch 519, loss: 0.0001, instance_loss: 0.0004, weighted_loss: 0.0001, label: 0, bag_size: 4883
batch 539, loss: 0.0000, instance_loss: 0.0000, weighted_loss: 0.0000, label: 0, bag_size: 304
batch 559, loss: 0.0000, instance_loss: 0.0000, weighted_loss: 0.0000, label: 0, bag_size: 895
batch 579, loss: 0.0000, instance_loss: 0.0000, weighted_loss: 0.0000, label: 0, bag_size: 1134
batch 599, loss: 0.0000, instance_loss: 0.0006, weighted_loss: 0.0002, label: 0, bag_size: 662
batch 619, loss: 0.0000, instance_loss: 0.0000, weighted_loss: 0.0000, label: 0, bag_size: 1110
batch 639, loss: 0.0000, instance_loss: 0.0000, weighted_loss: 0.0000, label: 1, bag_size: 4022
batch 659, loss: 0.0000, instance_loss: 0.1673, weighted_loss: 0.0502, label: 0, bag_size: 749
batch 679, loss: 0.0029, instance_loss: 0.0002, weighted_loss: 0.0021, label: 1, bag_size: 4322
batch 699, loss: 0.0000, instance_loss: 0.0000, weighted_loss: 0.0000, label: 1, bag_size: 2160


class 0 clustering acc 0.9992887624466572: correct 5620/5624
class 1 clustering acc 0.9987553342816501: correct 5617/5624
Epoch: 48, train_loss: 0.0108, train_clustering_loss:  0.0058, train_error: 0.0028
class 0: acc 0.9972144846796658, correct 358/359
class 1: acc 0.997093023255814, correct 343/344

Val Set, val_loss: 0.6298, val_error: 0.0839, auc: 0.5537
class 0 clustering acc 1.0: correct 1240/1240
class 1 clustering acc 0.9991935483870967: correct 1239/1240
class 0: acc 0.9530201342281879, correct 142/149
class 1: acc 0.0, correct 0/6
EarlyStopping counter: 47 out of 20


batch 19, loss: 0.0000, instance_loss: 0.0000, weighted_loss: 0.0000, label: 0, bag_size: 4913
batch 39, loss: 0.0000, instance_loss: 0.0000, weighted_loss: 0.0000, label: 0, bag_size: 1218
batch 59, loss: 0.0000, instance_loss: 0.0000, weighted_loss: 0.0000, label: 0, bag_size: 1956
batch 79, loss: 0.0017, instance_loss: 0.0000, weighted_loss: 0.0012, label: 1, bag_size: 2531
batch 99, loss: 0.0000, instance_loss: 0.0000, weighted_loss: 0.0000, label: 1, bag_size: 391
batch 119, loss: 0.0000, instance_loss: 0.0002, weighted_loss: 0.0001, label: 1, bag_size: 4593
batch 139, loss: 0.0000, instance_loss: 0.0000, weighted_loss: 0.0000, label: 1, bag_size: 4322
batch 159, loss: 0.0000, instance_loss: 0.0000, weighted_loss: 0.0000, label: 1, bag_size: 656
batch 179, loss: 0.0000, instance_loss: 0.0000, weighted_loss: 0.0000, label: 1, bag_size: 5528
batch 199, loss: 0.0000, instance_loss: 0.0000, weighted_loss: 0.0000, label: 1, bag_size: 4022
batch 219, loss: 0.0000, instance_loss: 0.0002, weighted_loss: 0.0001, label: 0, bag_size: 441
batch 239, loss: 0.0019, instance_loss: 0.0000, weighted_loss: 0.0013, label: 1, bag_size: 3656
batch 259, loss: 0.0000, instance_loss: 0.0000, weighted_loss: 0.0000, label: 0, bag_size: 4181
batch 279, loss: 0.0000, instance_loss: 0.0000, weighted_loss: 0.0000, label: 0, bag_size: 971
batch 299, loss: 0.0000, instance_loss: 0.0000, weighted_loss: 0.0000, label: 0, bag_size: 1030
batch 319, loss: 0.0000, instance_loss: 0.0000, weighted_loss: 0.0000, label: 0, bag_size: 727
batch 339, loss: 0.0004, instance_loss: 0.0000, weighted_loss: 0.0002, label: 0, bag_size: 2161
batch 359, loss: 0.0000, instance_loss: 0.0000, weighted_loss: 0.0000, label: 1, bag_size: 2607
batch 379, loss: 0.0000, instance_loss: 0.0000, weighted_loss: 0.0000, label: 0, bag_size: 956
batch 399, loss: 0.0000, instance_loss: 0.0339, weighted_loss: 0.0102, label: 0, bag_size: 2500
batch 419, loss: 0.0000, instance_loss: 0.0000, weighted_loss: 0.0000, label: 1, bag_size: 3756
batch 439, loss: 0.0000, instance_loss: 0.0000, weighted_loss: 0.0000, label: 0, bag_size: 501
batch 459, loss: 0.0000, instance_loss: 0.0000, weighted_loss: 0.0000, label: 0, bag_size: 926
batch 479, loss: 0.0004, instance_loss: 0.0000, weighted_loss: 0.0003, label: 1, bag_size: 5611
batch 499, loss: 0.0000, instance_loss: 0.0000, weighted_loss: 0.0000, label: 1, bag_size: 5528
batch 519, loss: 0.0000, instance_loss: 0.0000, weighted_loss: 0.0000, label: 0, bag_size: 3871
batch 539, loss: 0.0000, instance_loss: 0.0000, weighted_loss: 0.0000, label: 0, bag_size: 607
batch 559, loss: 0.0000, instance_loss: 0.0000, weighted_loss: 0.0000, label: 0, bag_size: 1531
batch 579, loss: 0.0000, instance_loss: 0.0000, weighted_loss: 0.0000, label: 0, bag_size: 4794
batch 599, loss: 0.0000, instance_loss: 0.0028, weighted_loss: 0.0008, label: 0, bag_size: 1790
batch 619, loss: 0.0000, instance_loss: 0.0002, weighted_loss: 0.0001, label: 0, bag_size: 1218
batch 639, loss: 0.0000, instance_loss: 0.0000, weighted_loss: 0.0000, label: 0, bag_size: 1074
batch 659, loss: 0.0000, instance_loss: 0.0000, weighted_loss: 0.0000, label: 1, bag_size: 666
batch 679, loss: 0.0000, instance_loss: 0.0000, weighted_loss: 0.0000, label: 0, bag_size: 2927
batch 699, loss: 0.0000, instance_loss: 0.0000, weighted_loss: 0.0000, label: 0, bag_size: 1018


class 0 clustering acc 0.9994665718349929: correct 5621/5624
class 1 clustering acc 0.9980440967283073: correct 5613/5624
Epoch: 49, train_loss: 0.0006, train_clustering_loss:  0.0103, train_error: 0.0000
class 0: acc 1.0, correct 365/365
class 1: acc 1.0, correct 338/338

Val Set, val_loss: 0.6487, val_error: 0.0903, auc: 0.5459
class 0 clustering acc 1.0: correct 1240/1240
class 1 clustering acc 1.0: correct 1240/1240
class 0: acc 0.9463087248322147, correct 141/149
class 1: acc 0.0, correct 0/6
EarlyStopping counter: 48 out of 20


batch 19, loss: 0.0000, instance_loss: 0.0000, weighted_loss: 0.0000, label: 0, bag_size: 1030
batch 39, loss: 0.0000, instance_loss: 0.0000, weighted_loss: 0.0000, label: 1, bag_size: 662
batch 59, loss: 0.0000, instance_loss: 0.0000, weighted_loss: 0.0000, label: 1, bag_size: 903
batch 79, loss: 0.0002, instance_loss: 0.0000, weighted_loss: 0.0001, label: 1, bag_size: 3613
batch 99, loss: 0.0000, instance_loss: 0.0017, weighted_loss: 0.0005, label: 1, bag_size: 893
batch 119, loss: 0.0000, instance_loss: 0.0000, weighted_loss: 0.0000, label: 1, bag_size: 3756
batch 139, loss: 0.0000, instance_loss: 0.0000, weighted_loss: 0.0000, label: 1, bag_size: 656
batch 159, loss: 0.0000, instance_loss: 0.0000, weighted_loss: 0.0000, label: 1, bag_size: 1491
batch 179, loss: 0.0000, instance_loss: 0.0013, weighted_loss: 0.0004, label: 1, bag_size: 668
batch 199, loss: 0.0000, instance_loss: 0.0000, weighted_loss: 0.0000, label: 0, bag_size: 5329
batch 219, loss: 0.0000, instance_loss: 0.0000, weighted_loss: 0.0000, label: 1, bag_size: 3756
batch 239, loss: 0.0000, instance_loss: 0.0000, weighted_loss: 0.0000, label: 0, bag_size: 745
batch 259, loss: 0.0013, instance_loss: 0.0000, weighted_loss: 0.0009, label: 1, bag_size: 3656
batch 279, loss: 0.0000, instance_loss: 0.0000, weighted_loss: 0.0000, label: 1, bag_size: 686
batch 299, loss: 0.0000, instance_loss: 0.0000, weighted_loss: 0.0000, label: 1, bag_size: 652
batch 319, loss: 0.0000, instance_loss: 0.0000, weighted_loss: 0.0000, label: 1, bag_size: 478
batch 339, loss: 0.0000, instance_loss: 0.0011, weighted_loss: 0.0003, label: 0, bag_size: 202
batch 359, loss: 0.0000, instance_loss: 0.0003, weighted_loss: 0.0001, label: 0, bag_size: 940
batch 379, loss: 0.0001, instance_loss: 0.0000, weighted_loss: 0.0001, label: 1, bag_size: 3707
batch 399, loss: 0.0000, instance_loss: 0.0000, weighted_loss: 0.0000, label: 0, bag_size: 2609
batch 419, loss: 0.0000, instance_loss: 0.0000, weighted_loss: 0.0000, label: 0, bag_size: 441
batch 439, loss: 0.0000, instance_loss: 0.0000, weighted_loss: 0.0000, label: 0, bag_size: 3527
batch 459, loss: 0.0016, instance_loss: 0.0023, weighted_loss: 0.0018, label: 1, bag_size: 5715
batch 479, loss: 0.0000, instance_loss: 0.0000, weighted_loss: 0.0000, label: 1, bag_size: 3613
batch 499, loss: 0.0003, instance_loss: 0.0024, weighted_loss: 0.0009, label: 1, bag_size: 5715
batch 519, loss: 0.0001, instance_loss: 0.0000, weighted_loss: 0.0001, label: 1, bag_size: 5954
batch 539, loss: 0.0000, instance_loss: 0.0000, weighted_loss: 0.0000, label: 0, bag_size: 1043
batch 559, loss: 0.0000, instance_loss: 0.0000, weighted_loss: 0.0000, label: 0, bag_size: 2323
batch 579, loss: 0.0001, instance_loss: 0.0000, weighted_loss: 0.0001, label: 1, bag_size: 5073
batch 599, loss: 0.0000, instance_loss: 0.0000, weighted_loss: 0.0000, label: 0, bag_size: 989
batch 619, loss: 0.0000, instance_loss: 0.0061, weighted_loss: 0.0018, label: 1, bag_size: 652
batch 639, loss: 0.0000, instance_loss: 0.0065, weighted_loss: 0.0020, label: 1, bag_size: 1504
batch 659, loss: 0.0001, instance_loss: 0.0000, weighted_loss: 0.0001, label: 0, bag_size: 1296
batch 679, loss: 0.0006, instance_loss: 0.0026, weighted_loss: 0.0012, label: 1, bag_size: 5414
batch 699, loss: 0.0000, instance_loss: 0.0000, weighted_loss: 0.0000, label: 1, bag_size: 478


class 0 clustering acc 0.9994665718349929: correct 5621/5624
class 1 clustering acc 0.9987553342816501: correct 5617/5624
Epoch: 50, train_loss: 0.0003, train_clustering_loss:  0.0037, train_error: 0.0000
class 0: acc 1.0, correct 343/343
class 1: acc 1.0, correct 360/360

Val Set, val_loss: 0.6740, val_error: 0.0774, auc: 0.5459
class 0 clustering acc 1.0: correct 1240/1240
class 1 clustering acc 1.0: correct 1240/1240
class 0: acc 0.9530201342281879, correct 142/149
class 1: acc 0.16666666666666666, correct 1/6
EarlyStopping counter: 49 out of 20


batch 19, loss: 0.0000, instance_loss: 0.0000, weighted_loss: 0.0000, label: 1, bag_size: 903
batch 39, loss: 0.0000, instance_loss: 0.0000, weighted_loss: 0.0000, label: 0, bag_size: 4572
batch 59, loss: 0.0000, instance_loss: 0.0000, weighted_loss: 0.0000, label: 0, bag_size: 340
batch 79, loss: 0.0000, instance_loss: 0.0000, weighted_loss: 0.0000, label: 1, bag_size: 662
batch 99, loss: 0.0000, instance_loss: 0.0000, weighted_loss: 0.0000, label: 0, bag_size: 3984
batch 119, loss: 0.0000, instance_loss: 0.0000, weighted_loss: 0.0000, label: 1, bag_size: 893
batch 139, loss: 0.0000, instance_loss: 0.0000, weighted_loss: 0.0000, label: 0, bag_size: 560
batch 159, loss: 0.0000, instance_loss: 0.0004, weighted_loss: 0.0001, label: 0, bag_size: 3884
batch 179, loss: 0.0000, instance_loss: 0.0000, weighted_loss: 0.0000, label: 0, bag_size: 1340
batch 199, loss: 0.0000, instance_loss: 0.0000, weighted_loss: 0.0000, label: 1, bag_size: 3756
batch 219, loss: 0.0000, instance_loss: 0.0000, weighted_loss: 0.0000, label: 0, bag_size: 4342
batch 239, loss: 0.0002, instance_loss: 0.0000, weighted_loss: 0.0002, label: 1, bag_size: 4593
batch 259, loss: 0.0000, instance_loss: 0.0003, weighted_loss: 0.0001, label: 1, bag_size: 893
batch 279, loss: 0.0000, instance_loss: 0.0000, weighted_loss: 0.0000, label: 1, bag_size: 619
batch 299, loss: 0.0000, instance_loss: 0.0025, weighted_loss: 0.0007, label: 1, bag_size: 619
batch 319, loss: 0.0000, instance_loss: 0.0000, weighted_loss: 0.0000, label: 1, bag_size: 3613
batch 339, loss: 0.0000, instance_loss: 0.0000, weighted_loss: 0.0000, label: 1, bag_size: 478
batch 359, loss: 0.0000, instance_loss: 0.0000, weighted_loss: 0.0000, label: 0, bag_size: 1928
batch 379, loss: 0.0000, instance_loss: 0.0000, weighted_loss: 0.0000, label: 0, bag_size: 2850
batch 399, loss: 0.0000, instance_loss: 0.0000, weighted_loss: 0.0000, label: 0, bag_size: 509
batch 419, loss: 0.0000, instance_loss: 0.0000, weighted_loss: 0.0000, label: 1, bag_size: 4022
batch 439, loss: 0.0000, instance_loss: 0.0000, weighted_loss: 0.0000, label: 1, bag_size: 656
batch 459, loss: 0.0000, instance_loss: 0.0000, weighted_loss: 0.0000, label: 1, bag_size: 4593
batch 479, loss: 0.0051, instance_loss: 0.0201, weighted_loss: 0.0096, label: 0, bag_size: 3037
batch 499, loss: 0.0000, instance_loss: 0.0000, weighted_loss: 0.0000, label: 0, bag_size: 5149
batch 519, loss: 0.0000, instance_loss: 0.0000, weighted_loss: 0.0000, label: 0, bag_size: 701
batch 539, loss: 0.0000, instance_loss: 0.0000, weighted_loss: 0.0000, label: 0, bag_size: 680
batch 559, loss: 0.0000, instance_loss: 0.0000, weighted_loss: 0.0000, label: 1, bag_size: 4201
batch 579, loss: 0.0000, instance_loss: 0.0000, weighted_loss: 0.0000, label: 0, bag_size: 6381
batch 599, loss: 0.0001, instance_loss: 0.0000, weighted_loss: 0.0000, label: 1, bag_size: 4045
batch 619, loss: 0.0000, instance_loss: 0.0002, weighted_loss: 0.0001, label: 1, bag_size: 619
batch 639, loss: 0.0001, instance_loss: 0.0000, weighted_loss: 0.0001, label: 1, bag_size: 3393
batch 659, loss: 0.0000, instance_loss: 0.0000, weighted_loss: 0.0000, label: 1, bag_size: 3707
batch 679, loss: 0.0031, instance_loss: 0.0010, weighted_loss: 0.0024, label: 0, bag_size: 5019
batch 699, loss: 0.0000, instance_loss: 0.0000, weighted_loss: 0.0000, label: 0, bag_size: 723


class 0 clustering acc 1.0: correct 5624/5624
class 1 clustering acc 0.9992887624466572: correct 5620/5624
Epoch: 51, train_loss: 0.0001, train_clustering_loss:  0.0027, train_error: 0.0000
class 0: acc 1.0, correct 334/334
class 1: acc 1.0, correct 369/369

Val Set, val_loss: 0.6877, val_error: 0.0903, auc: 0.5447
class 0 clustering acc 1.0: correct 1240/1240
class 1 clustering acc 1.0: correct 1240/1240
class 0: acc 0.9395973154362416, correct 140/149
class 1: acc 0.16666666666666666, correct 1/6
EarlyStopping counter: 50 out of 20
Early stopping
Val error: 0.1419, ROC AUC: 0.6398
Test error: 0.0973, ROC AUC: 0.6958
class 0: acc 0.9408740359897172, correct 366/389
class 1: acc 0.22727272727272727, correct 5/22

Training Fold 1!

Init train/val/test splits... 
Done!
Training on 651 samples
Validating on 187 samples
Testing on 431 samples

Init loss function... Done!

Init Model... Setting tau to 1.0
Done!
CLAM_SB(
  (attention_net): Sequential(
    (0): Linear(in_features=1536, out_features=512, bias=True)
    (1): ReLU()
    (2): Dropout(p=0.25, inplace=False)
    (3): Attn_Net_Gated(
      (attention_a): Sequential(
        (0): Linear(in_features=512, out_features=256, bias=True)
        (1): Tanh()
        (2): Dropout(p=0.25, inplace=False)
      )
      (attention_b): Sequential(
        (0): Linear(in_features=512, out_features=256, bias=True)
        (1): Sigmoid()
        (2): Dropout(p=0.25, inplace=False)
      )
      (attention_c): Linear(in_features=256, out_features=1, bias=True)
    )
  )
  (classifiers): Linear(in_features=512, out_features=2, bias=True)
  (instance_classifiers): ModuleList(
    (0-1): 2 x Linear(in_features=512, out_features=2, bias=True)
  )
  (instance_loss_fn): SmoothTop1SVM()
)
Total number of parameters: 1052935
Total number of trainable parameters: 1052935

Init optimizer ... Done!

Init Loaders... Done!

Setup EarlyStopping... Done!


batch 19, loss: 0.5459, instance_loss: 1.0751, weighted_loss: 0.7047, label: 1, bag_size: 541
batch 39, loss: 0.5185, instance_loss: 0.5624, weighted_loss: 0.5317, label: 0, bag_size: 1055
batch 59, loss: 0.7162, instance_loss: 0.1403, weighted_loss: 0.5434, label: 1, bag_size: 4180
batch 79, loss: 0.1384, instance_loss: 1.6814, weighted_loss: 0.6013, label: 0, bag_size: 2006
batch 99, loss: 0.3350, instance_loss: 1.6170, weighted_loss: 0.7196, label: 1, bag_size: 619
batch 119, loss: 0.6029, instance_loss: 1.9833, weighted_loss: 1.0170, label: 0, bag_size: 3300
batch 139, loss: 0.5123, instance_loss: 0.5182, weighted_loss: 0.5141, label: 1, bag_size: 3237
batch 159, loss: 1.2605, instance_loss: 1.3135, weighted_loss: 1.2764, label: 0, bag_size: 277
batch 179, loss: 0.2746, instance_loss: 0.3953, weighted_loss: 0.3109, label: 1, bag_size: 5414
batch 199, loss: 0.5097, instance_loss: 1.0262, weighted_loss: 0.6647, label: 0, bag_size: 1574
batch 219, loss: 0.2344, instance_loss: 1.2865, weighted_loss: 0.5500, label: 1, bag_size: 619
batch 239, loss: 0.6287, instance_loss: 0.6795, weighted_loss: 0.6440, label: 0, bag_size: 3779
batch 259, loss: 0.4775, instance_loss: 1.3491, weighted_loss: 0.7390, label: 1, bag_size: 1484
batch 279, loss: 0.3689, instance_loss: 1.1779, weighted_loss: 0.6116, label: 1, bag_size: 1138
batch 299, loss: 0.3504, instance_loss: 1.3076, weighted_loss: 0.6376, label: 0, bag_size: 969
batch 319, loss: 0.3846, instance_loss: 1.0044, weighted_loss: 0.5705, label: 1, bag_size: 391
batch 339, loss: 1.0043, instance_loss: 0.1169, weighted_loss: 0.7381, label: 0, bag_size: 5570
batch 359, loss: 1.2457, instance_loss: 0.0594, weighted_loss: 0.8898, label: 0, bag_size: 4142
batch 379, loss: 0.7640, instance_loss: 0.6829, weighted_loss: 0.7397, label: 1, bag_size: 726
batch 399, loss: 1.2094, instance_loss: 0.6539, weighted_loss: 1.0428, label: 1, bag_size: 686
batch 419, loss: 0.5364, instance_loss: 1.1547, weighted_loss: 0.7219, label: 0, bag_size: 1184
batch 439, loss: 0.6441, instance_loss: 0.6494, weighted_loss: 0.6457, label: 0, bag_size: 818
batch 459, loss: 0.7279, instance_loss: 0.0995, weighted_loss: 0.5394, label: 1, bag_size: 4180
batch 479, loss: 0.5685, instance_loss: 0.2958, weighted_loss: 0.4867, label: 0, bag_size: 1109
batch 499, loss: 0.0359, instance_loss: 0.0241, weighted_loss: 0.0324, label: 1, bag_size: 5715
batch 519, loss: 0.4182, instance_loss: 0.5678, weighted_loss: 0.4631, label: 0, bag_size: 766
batch 539, loss: 0.7046, instance_loss: 0.0952, weighted_loss: 0.5218, label: 0, bag_size: 4431
batch 559, loss: 0.0915, instance_loss: 0.0008, weighted_loss: 0.0643, label: 1, bag_size: 3237
batch 579, loss: 0.0090, instance_loss: 0.0000, weighted_loss: 0.0063, label: 1, bag_size: 5414
batch 599, loss: 1.3062, instance_loss: 0.1846, weighted_loss: 0.9697, label: 1, bag_size: 1117
batch 619, loss: 0.3783, instance_loss: 0.1848, weighted_loss: 0.3202, label: 1, bag_size: 1484
batch 639, loss: 0.2008, instance_loss: 0.0478, weighted_loss: 0.1549, label: 1, bag_size: 1504


class 0 clustering acc 0.7695852534562212: correct 4008/5208
class 1 clustering acc 0.8262288786482335: correct 4303/5208
Epoch: 0, train_loss: 0.6123, train_clustering_loss:  0.7892, train_error: 0.3318
class 0: acc 0.7333333333333333, correct 242/330
class 1: acc 0.6012461059190031, correct 193/321

Val Set, val_loss: 0.8565, val_error: 0.4492, auc: 0.8315
class 0 clustering acc 0.9966577540106952: correct 1491/1496
class 1 clustering acc 0.9973262032085561: correct 1492/1496
class 0: acc 0.5469613259668509, correct 99/181
class 1: acc 0.6666666666666666, correct 4/6
Validation loss decreased (inf --> 0.856450).  Saving model ...


batch 19, loss: 0.1925, instance_loss: 0.0399, weighted_loss: 0.1467, label: 1, bag_size: 1138
batch 39, loss: 0.6924, instance_loss: 0.1065, weighted_loss: 0.5166, label: 0, bag_size: 969
batch 59, loss: 0.2651, instance_loss: 0.0583, weighted_loss: 0.2031, label: 1, bag_size: 882
batch 79, loss: 0.1256, instance_loss: 0.0715, weighted_loss: 0.1094, label: 0, bag_size: 483
batch 99, loss: 0.3070, instance_loss: 0.0439, weighted_loss: 0.2281, label: 0, bag_size: 455
batch 119, loss: 0.0732, instance_loss: 0.0134, weighted_loss: 0.0553, label: 0, bag_size: 2537
batch 139, loss: 2.6502, instance_loss: 0.0018, weighted_loss: 1.8557, label: 0, bag_size: 4429
batch 159, loss: 0.2154, instance_loss: 0.0175, weighted_loss: 0.1560, label: 0, bag_size: 1398
batch 179, loss: 0.2754, instance_loss: 0.0173, weighted_loss: 0.1980, label: 1, bag_size: 666
batch 199, loss: 0.3251, instance_loss: 0.0079, weighted_loss: 0.2299, label: 0, bag_size: 2002
batch 219, loss: 0.0610, instance_loss: 0.0034, weighted_loss: 0.0437, label: 0, bag_size: 6381
batch 239, loss: 0.5621, instance_loss: 0.0048, weighted_loss: 0.3949, label: 1, bag_size: 2607
batch 259, loss: 0.1950, instance_loss: 0.0133, weighted_loss: 0.1405, label: 0, bag_size: 4160
batch 279, loss: 0.2488, instance_loss: 0.0385, weighted_loss: 0.1857, label: 0, bag_size: 2280
batch 299, loss: 1.3707, instance_loss: 0.0022, weighted_loss: 0.9602, label: 0, bag_size: 4448
batch 319, loss: 0.1460, instance_loss: 0.0834, weighted_loss: 0.1272, label: 0, bag_size: 573
batch 339, loss: 0.6873, instance_loss: 0.0274, weighted_loss: 0.4893, label: 0, bag_size: 894
batch 359, loss: 0.1767, instance_loss: 0.0068, weighted_loss: 0.1257, label: 0, bag_size: 2364
batch 379, loss: 0.5245, instance_loss: 0.0043, weighted_loss: 0.3684, label: 1, bag_size: 666
batch 399, loss: 1.9112, instance_loss: 0.0144, weighted_loss: 1.3421, label: 1, bag_size: 1117
batch 419, loss: 0.0346, instance_loss: 0.0006, weighted_loss: 0.0244, label: 1, bag_size: 4012
batch 439, loss: 1.3124, instance_loss: 0.0133, weighted_loss: 0.9227, label: 0, bag_size: 4545
batch 459, loss: 0.3311, instance_loss: 0.0095, weighted_loss: 0.2346, label: 1, bag_size: 391
batch 479, loss: 0.5099, instance_loss: 0.0420, weighted_loss: 0.3695, label: 0, bag_size: 4337
batch 499, loss: 0.5088, instance_loss: 0.0189, weighted_loss: 0.3618, label: 0, bag_size: 4013
batch 519, loss: 0.0533, instance_loss: 0.0043, weighted_loss: 0.0386, label: 0, bag_size: 4365
batch 539, loss: 0.5860, instance_loss: 0.0016, weighted_loss: 0.4107, label: 0, bag_size: 2745
batch 559, loss: 0.0585, instance_loss: 0.0056, weighted_loss: 0.0426, label: 0, bag_size: 2071
batch 579, loss: 0.9187, instance_loss: 0.0028, weighted_loss: 0.6440, label: 1, bag_size: 2620
batch 599, loss: 0.0703, instance_loss: 0.0068, weighted_loss: 0.0512, label: 0, bag_size: 1357
batch 619, loss: 0.1087, instance_loss: 0.0056, weighted_loss: 0.0778, label: 1, bag_size: 1293
batch 639, loss: 0.0276, instance_loss: 0.0194, weighted_loss: 0.0251, label: 0, bag_size: 856


class 0 clustering acc 0.9934715821812596: correct 5174/5208
class 1 clustering acc 0.9990399385560675: correct 5203/5208
Epoch: 1, train_loss: 0.4496, train_clustering_loss:  0.0378, train_error: 0.2028
class 0: acc 0.8058823529411765, correct 274/340
class 1: acc 0.7877813504823151, correct 245/311

Val Set, val_loss: 0.3478, val_error: 0.1711, auc: 0.9908
class 0 clustering acc 1.0: correct 1496/1496
class 1 clustering acc 0.9979946524064172: correct 1493/1496
class 0: acc 0.8232044198895028, correct 149/181
class 1: acc 1.0, correct 6/6
Validation loss decreased (0.856450 --> 0.347780).  Saving model ...


batch 19, loss: 0.0773, instance_loss: 0.0071, weighted_loss: 0.0562, label: 0, bag_size: 4786
batch 39, loss: 0.2188, instance_loss: 0.0064, weighted_loss: 0.1551, label: 0, bag_size: 4460
batch 59, loss: 0.9161, instance_loss: 0.0097, weighted_loss: 0.6442, label: 1, bag_size: 2291
batch 79, loss: 0.0041, instance_loss: 0.0000, weighted_loss: 0.0029, label: 1, bag_size: 5140
batch 99, loss: 0.0445, instance_loss: 0.0000, weighted_loss: 0.0312, label: 1, bag_size: 3237
batch 119, loss: 0.1326, instance_loss: 0.0064, weighted_loss: 0.0948, label: 1, bag_size: 5637
batch 139, loss: 0.0441, instance_loss: 0.0039, weighted_loss: 0.0320, label: 1, bag_size: 1553
batch 159, loss: 0.0734, instance_loss: 0.0024, weighted_loss: 0.0521, label: 0, bag_size: 3884
batch 179, loss: 1.1729, instance_loss: 0.0035, weighted_loss: 0.8220, label: 1, bag_size: 1293
batch 199, loss: 0.0166, instance_loss: 0.0152, weighted_loss: 0.0162, label: 1, bag_size: 619
batch 219, loss: 0.0232, instance_loss: 0.0070, weighted_loss: 0.0183, label: 1, bag_size: 1484
batch 239, loss: 0.1257, instance_loss: 0.0051, weighted_loss: 0.0895, label: 1, bag_size: 1293
batch 259, loss: 0.0236, instance_loss: 0.0039, weighted_loss: 0.0177, label: 1, bag_size: 1293
batch 279, loss: 0.1862, instance_loss: 0.0005, weighted_loss: 0.1305, label: 0, bag_size: 4909
batch 299, loss: 0.3602, instance_loss: 0.0845, weighted_loss: 0.2775, label: 1, bag_size: 1491
batch 319, loss: 1.5783, instance_loss: 0.0005, weighted_loss: 1.1049, label: 0, bag_size: 4164
batch 339, loss: 0.0120, instance_loss: 0.0039, weighted_loss: 0.0096, label: 0, bag_size: 1737
batch 359, loss: 0.2001, instance_loss: 0.0822, weighted_loss: 0.1647, label: 0, bag_size: 400
batch 379, loss: 0.4951, instance_loss: 0.0023, weighted_loss: 0.3472, label: 1, bag_size: 5611
batch 399, loss: 0.0642, instance_loss: 0.0034, weighted_loss: 0.0460, label: 1, bag_size: 5414
batch 419, loss: 0.0826, instance_loss: 0.0213, weighted_loss: 0.0642, label: 0, bag_size: 612
batch 439, loss: 0.0031, instance_loss: 0.0024, weighted_loss: 0.0029, label: 0, bag_size: 1237
batch 459, loss: 0.0134, instance_loss: 0.0097, weighted_loss: 0.0123, label: 0, bag_size: 1504
batch 479, loss: 0.0216, instance_loss: 0.0003, weighted_loss: 0.0152, label: 1, bag_size: 5140
batch 499, loss: 0.8386, instance_loss: 0.0000, weighted_loss: 0.5870, label: 0, bag_size: 4647
batch 519, loss: 0.0553, instance_loss: 0.0192, weighted_loss: 0.0445, label: 0, bag_size: 1157
batch 539, loss: 0.0876, instance_loss: 0.0000, weighted_loss: 0.0613, label: 0, bag_size: 3820
batch 559, loss: 0.2775, instance_loss: 0.0055, weighted_loss: 0.1959, label: 1, bag_size: 913
batch 579, loss: 0.0375, instance_loss: 0.0006, weighted_loss: 0.0264, label: 0, bag_size: 4477
batch 599, loss: 0.0026, instance_loss: 0.0094, weighted_loss: 0.0046, label: 0, bag_size: 873
batch 619, loss: 0.1247, instance_loss: 0.0006, weighted_loss: 0.0875, label: 1, bag_size: 666
batch 639, loss: 0.0071, instance_loss: 0.0006, weighted_loss: 0.0052, label: 0, bag_size: 4014


class 0 clustering acc 0.9971198156682027: correct 5193/5208
class 1 clustering acc 0.9978878648233487: correct 5197/5208
Epoch: 2, train_loss: 0.2532, train_clustering_loss:  0.0169, train_error: 0.1014
class 0: acc 0.8773584905660378, correct 279/318
class 1: acc 0.918918918918919, correct 306/333

Val Set, val_loss: 0.3604, val_error: 0.1711, auc: 0.9236
class 0 clustering acc 1.0: correct 1496/1496
class 1 clustering acc 0.9946524064171123: correct 1488/1496
class 0: acc 0.8287292817679558, correct 150/181
class 1: acc 0.8333333333333334, correct 5/6
EarlyStopping counter: 1 out of 20


batch 19, loss: 0.3449, instance_loss: 0.0011, weighted_loss: 0.2418, label: 1, bag_size: 3237
batch 39, loss: 0.0512, instance_loss: 0.0022, weighted_loss: 0.0365, label: 1, bag_size: 913
batch 59, loss: 0.0493, instance_loss: 0.0027, weighted_loss: 0.0353, label: 1, bag_size: 686
batch 79, loss: 0.0151, instance_loss: 0.0016, weighted_loss: 0.0111, label: 1, bag_size: 1293
batch 99, loss: 0.0030, instance_loss: 0.0309, weighted_loss: 0.0113, label: 0, bag_size: 933
batch 119, loss: 1.7682, instance_loss: 0.0000, weighted_loss: 1.2378, label: 0, bag_size: 3523
batch 139, loss: 0.1143, instance_loss: 0.0019, weighted_loss: 0.0806, label: 0, bag_size: 4098
batch 159, loss: 0.0034, instance_loss: 0.0044, weighted_loss: 0.0037, label: 1, bag_size: 1484
batch 179, loss: 0.0005, instance_loss: 0.0023, weighted_loss: 0.0010, label: 0, bag_size: 525
batch 199, loss: 0.0257, instance_loss: 0.0059, weighted_loss: 0.0197, label: 0, bag_size: 1240
batch 219, loss: 0.0986, instance_loss: 0.0042, weighted_loss: 0.0703, label: 0, bag_size: 2722
batch 239, loss: 0.0123, instance_loss: 0.0027, weighted_loss: 0.0094, label: 0, bag_size: 2478
batch 259, loss: 0.0273, instance_loss: 0.0005, weighted_loss: 0.0193, label: 1, bag_size: 2607
batch 279, loss: 0.3010, instance_loss: 0.0016, weighted_loss: 0.2112, label: 0, bag_size: 277
batch 299, loss: 0.0010, instance_loss: 0.0601, weighted_loss: 0.0187, label: 0, bag_size: 645
batch 319, loss: 0.0000, instance_loss: 0.0290, weighted_loss: 0.0087, label: 0, bag_size: 466
batch 339, loss: 0.0022, instance_loss: 0.0026, weighted_loss: 0.0023, label: 0, bag_size: 1455
batch 359, loss: 0.0050, instance_loss: 0.0609, weighted_loss: 0.0217, label: 0, bag_size: 452
batch 379, loss: 0.0184, instance_loss: 0.0739, weighted_loss: 0.0350, label: 0, bag_size: 460
batch 399, loss: 0.7551, instance_loss: 0.0015, weighted_loss: 0.5290, label: 1, bag_size: 5073
batch 419, loss: 0.0305, instance_loss: 0.0035, weighted_loss: 0.0224, label: 1, bag_size: 913
batch 439, loss: 0.0004, instance_loss: 0.0115, weighted_loss: 0.0038, label: 0, bag_size: 1109
batch 459, loss: 0.0674, instance_loss: 0.0000, weighted_loss: 0.0472, label: 1, bag_size: 2291
batch 479, loss: 0.1441, instance_loss: 0.0012, weighted_loss: 0.1012, label: 0, bag_size: 4431
batch 499, loss: 0.0085, instance_loss: 0.0008, weighted_loss: 0.0062, label: 1, bag_size: 726
batch 519, loss: 0.0051, instance_loss: 0.0012, weighted_loss: 0.0039, label: 0, bag_size: 2678
batch 539, loss: 0.0674, instance_loss: 0.0027, weighted_loss: 0.0480, label: 1, bag_size: 391
batch 559, loss: 1.2596, instance_loss: 0.0020, weighted_loss: 0.8823, label: 0, bag_size: 277
batch 579, loss: 0.0346, instance_loss: 0.0000, weighted_loss: 0.0242, label: 1, bag_size: 4012
batch 599, loss: 0.8455, instance_loss: 0.0000, weighted_loss: 0.5918, label: 0, bag_size: 3859
batch 619, loss: 0.0005, instance_loss: 0.0049, weighted_loss: 0.0018, label: 0, bag_size: 2296
batch 639, loss: 0.0399, instance_loss: 0.0000, weighted_loss: 0.0279, label: 1, bag_size: 3425


class 0 clustering acc 0.9969278033794163: correct 5192/5208
class 1 clustering acc 0.995583717357911: correct 5185/5208
Epoch: 3, train_loss: 0.1586, train_clustering_loss:  0.0235, train_error: 0.0568
class 0: acc 0.9329268292682927, correct 306/328
class 1: acc 0.9535603715170279, correct 308/323

Val Set, val_loss: 0.3478, val_error: 0.1658, auc: 0.8913
class 0 clustering acc 0.9979946524064172: correct 1493/1496
class 1 clustering acc 0.9986631016042781: correct 1494/1496
class 0: acc 0.8342541436464088, correct 151/181
class 1: acc 0.8333333333333334, correct 5/6
EarlyStopping counter: 2 out of 20


batch 19, loss: 1.3050, instance_loss: 0.0013, weighted_loss: 0.9139, label: 0, bag_size: 1021
batch 39, loss: 0.0050, instance_loss: 0.0011, weighted_loss: 0.0038, label: 1, bag_size: 726
batch 59, loss: 0.0246, instance_loss: 0.0000, weighted_loss: 0.0172, label: 1, bag_size: 2291
batch 79, loss: 0.0288, instance_loss: 0.0079, weighted_loss: 0.0226, label: 1, bag_size: 940
batch 99, loss: 0.0631, instance_loss: 0.0024, weighted_loss: 0.0449, label: 1, bag_size: 913
batch 119, loss: 0.2872, instance_loss: 0.0000, weighted_loss: 0.2011, label: 1, bag_size: 5140
batch 139, loss: 0.0094, instance_loss: 0.0000, weighted_loss: 0.0066, label: 1, bag_size: 1424
batch 159, loss: 0.1328, instance_loss: 0.0000, weighted_loss: 0.0930, label: 0, bag_size: 3578
batch 179, loss: 0.0006, instance_loss: 0.0023, weighted_loss: 0.0011, label: 0, bag_size: 966
batch 199, loss: 0.0466, instance_loss: 0.0000, weighted_loss: 0.0326, label: 1, bag_size: 1117
batch 219, loss: 0.0006, instance_loss: 0.0036, weighted_loss: 0.0015, label: 0, bag_size: 2511
batch 239, loss: 0.0022, instance_loss: 0.0062, weighted_loss: 0.0034, label: 0, bag_size: 856
batch 259, loss: 0.0004, instance_loss: 0.0056, weighted_loss: 0.0020, label: 0, bag_size: 1109
batch 279, loss: 0.0002, instance_loss: 0.0041, weighted_loss: 0.0014, label: 1, bag_size: 1484
batch 299, loss: 0.0016, instance_loss: 0.0008, weighted_loss: 0.0013, label: 0, bag_size: 1866
batch 319, loss: 0.0044, instance_loss: 0.0030, weighted_loss: 0.0040, label: 0, bag_size: 589
batch 339, loss: 0.0576, instance_loss: 0.0000, weighted_loss: 0.0403, label: 1, bag_size: 5140
batch 359, loss: 0.0018, instance_loss: 0.0028, weighted_loss: 0.0021, label: 0, bag_size: 350
batch 379, loss: 0.1928, instance_loss: 0.0000, weighted_loss: 0.1349, label: 0, bag_size: 4217
batch 399, loss: 0.0259, instance_loss: 0.0005, weighted_loss: 0.0183, label: 1, bag_size: 3649
batch 419, loss: 0.0925, instance_loss: 0.0000, weighted_loss: 0.0648, label: 1, bag_size: 2620
batch 439, loss: 0.0008, instance_loss: 0.0100, weighted_loss: 0.0035, label: 0, bag_size: 2145
batch 459, loss: 0.0006, instance_loss: 0.0000, weighted_loss: 0.0004, label: 0, bag_size: 4556
batch 479, loss: 0.0033, instance_loss: 0.0015, weighted_loss: 0.0028, label: 1, bag_size: 619
batch 499, loss: 0.0000, instance_loss: 0.5472, weighted_loss: 0.1642, label: 0, bag_size: 1203
batch 519, loss: 0.9382, instance_loss: 0.0010, weighted_loss: 0.6571, label: 0, bag_size: 4347
batch 539, loss: 0.0005, instance_loss: 0.0003, weighted_loss: 0.0005, label: 0, bag_size: 6741
batch 559, loss: 0.0043, instance_loss: 0.0002, weighted_loss: 0.0031, label: 1, bag_size: 541
batch 579, loss: 0.0003, instance_loss: 0.0000, weighted_loss: 0.0002, label: 0, bag_size: 4623
batch 599, loss: 0.4591, instance_loss: 0.0012, weighted_loss: 0.3217, label: 1, bag_size: 2291
batch 619, loss: 0.2521, instance_loss: 0.0006, weighted_loss: 0.1766, label: 1, bag_size: 1293
batch 639, loss: 0.0009, instance_loss: 0.0068, weighted_loss: 0.0027, label: 0, bag_size: 1109


class 0 clustering acc 0.9988479262672811: correct 5202/5208
class 1 clustering acc 0.9986559139784946: correct 5201/5208
Epoch: 4, train_loss: 0.1046, train_clustering_loss:  0.0095, train_error: 0.0476
class 0: acc 0.9444444444444444, correct 323/342
class 1: acc 0.9611650485436893, correct 297/309

Val Set, val_loss: 0.1899, val_error: 0.0749, auc: 0.8840
class 0 clustering acc 1.0: correct 1496/1496
class 1 clustering acc 0.9986631016042781: correct 1494/1496
class 0: acc 0.9337016574585635, correct 169/181
class 1: acc 0.6666666666666666, correct 4/6
Validation loss decreased (0.347780 --> 0.189914).  Saving model ...


batch 19, loss: 0.0038, instance_loss: 0.0000, weighted_loss: 0.0027, label: 1, bag_size: 4012
batch 39, loss: 0.0018, instance_loss: 0.0002, weighted_loss: 0.0013, label: 1, bag_size: 1424
batch 59, loss: 0.0255, instance_loss: 0.0002, weighted_loss: 0.0180, label: 1, bag_size: 2291
batch 79, loss: 0.0334, instance_loss: 0.0002, weighted_loss: 0.0234, label: 1, bag_size: 5611
batch 99, loss: 0.5382, instance_loss: 0.0000, weighted_loss: 0.3768, label: 1, bag_size: 3237
batch 119, loss: 0.0199, instance_loss: 0.0013, weighted_loss: 0.0143, label: 1, bag_size: 913
batch 139, loss: 0.0396, instance_loss: 0.0002, weighted_loss: 0.0278, label: 1, bag_size: 4180
batch 159, loss: 0.0022, instance_loss: 0.0000, weighted_loss: 0.0016, label: 1, bag_size: 5073
batch 179, loss: 0.0262, instance_loss: 0.0000, weighted_loss: 0.0183, label: 1, bag_size: 2607
batch 199, loss: 0.0113, instance_loss: 0.0009, weighted_loss: 0.0082, label: 0, bag_size: 690
batch 219, loss: 0.0583, instance_loss: 0.0000, weighted_loss: 0.0408, label: 1, bag_size: 4100
batch 239, loss: 0.0101, instance_loss: 0.0000, weighted_loss: 0.0070, label: 1, bag_size: 1138
batch 259, loss: 0.0128, instance_loss: 0.0000, weighted_loss: 0.0089, label: 1, bag_size: 666
batch 279, loss: 0.0038, instance_loss: 0.0000, weighted_loss: 0.0027, label: 1, bag_size: 5414
batch 299, loss: 0.0002, instance_loss: 0.0000, weighted_loss: 0.0001, label: 0, bag_size: 2326
batch 319, loss: 0.0092, instance_loss: 0.0007, weighted_loss: 0.0067, label: 1, bag_size: 3719
batch 339, loss: 0.0302, instance_loss: 0.0018, weighted_loss: 0.0217, label: 1, bag_size: 3719
batch 359, loss: 1.1034, instance_loss: 0.0009, weighted_loss: 0.7727, label: 1, bag_size: 5611
batch 379, loss: 0.0005, instance_loss: 0.0015, weighted_loss: 0.0008, label: 0, bag_size: 2351
batch 399, loss: 0.0028, instance_loss: 0.0000, weighted_loss: 0.0020, label: 1, bag_size: 726
batch 419, loss: 0.0231, instance_loss: 0.0003, weighted_loss: 0.0163, label: 1, bag_size: 5611
batch 439, loss: 0.0003, instance_loss: 0.0000, weighted_loss: 0.0002, label: 0, bag_size: 5207
batch 459, loss: 0.0600, instance_loss: 0.0000, weighted_loss: 0.0420, label: 1, bag_size: 3237
batch 479, loss: 0.0013, instance_loss: 0.0056, weighted_loss: 0.0026, label: 0, bag_size: 739
batch 499, loss: 0.0060, instance_loss: 0.0000, weighted_loss: 0.0042, label: 1, bag_size: 5414
batch 519, loss: 0.0005, instance_loss: 0.0002, weighted_loss: 0.0004, label: 1, bag_size: 882
batch 539, loss: 0.0003, instance_loss: 0.0048, weighted_loss: 0.0017, label: 0, bag_size: 2326
batch 559, loss: 0.0169, instance_loss: 0.0011, weighted_loss: 0.0121, label: 1, bag_size: 3237
batch 579, loss: 0.0240, instance_loss: 0.0000, weighted_loss: 0.0168, label: 0, bag_size: 2823
batch 599, loss: 0.0033, instance_loss: 0.0004, weighted_loss: 0.0024, label: 1, bag_size: 1491
batch 619, loss: 0.0039, instance_loss: 0.0000, weighted_loss: 0.0027, label: 0, bag_size: 4355
batch 639, loss: 0.0441, instance_loss: 0.0000, weighted_loss: 0.0309, label: 1, bag_size: 1504


class 0 clustering acc 0.9998079877112135: correct 5207/5208
class 1 clustering acc 0.999231950844854: correct 5204/5208
Epoch: 5, train_loss: 0.0778, train_clustering_loss:  0.0054, train_error: 0.0307
class 0: acc 0.9604863221884499, correct 316/329
class 1: acc 0.9782608695652174, correct 315/322

Val Set, val_loss: 0.1512, val_error: 0.0481, auc: 0.9116
class 0 clustering acc 1.0: correct 1496/1496
class 1 clustering acc 0.9973262032085561: correct 1492/1496
class 0: acc 0.9613259668508287, correct 174/181
class 1: acc 0.6666666666666666, correct 4/6
Validation loss decreased (0.189914 --> 0.151182).  Saving model ...


batch 19, loss: 0.0046, instance_loss: 0.0000, weighted_loss: 0.0032, label: 0, bag_size: 3889
batch 39, loss: 0.0005, instance_loss: 0.0068, weighted_loss: 0.0024, label: 0, bag_size: 489
batch 59, loss: 0.0005, instance_loss: 0.0039, weighted_loss: 0.0015, label: 0, bag_size: 2355
batch 79, loss: 0.0613, instance_loss: 0.0003, weighted_loss: 0.0430, label: 0, bag_size: 2162
batch 99, loss: 0.0017, instance_loss: 0.0000, weighted_loss: 0.0012, label: 1, bag_size: 478
batch 119, loss: 0.0139, instance_loss: 0.0326, weighted_loss: 0.0196, label: 0, bag_size: 400
batch 139, loss: 0.0009, instance_loss: 0.0017, weighted_loss: 0.0011, label: 0, bag_size: 1499
batch 159, loss: 0.0166, instance_loss: 0.0004, weighted_loss: 0.0117, label: 1, bag_size: 5414
batch 179, loss: 0.0000, instance_loss: 0.0000, weighted_loss: 0.0000, label: 0, bag_size: 4193
batch 199, loss: 0.0092, instance_loss: 0.0000, weighted_loss: 0.0064, label: 1, bag_size: 1138
batch 219, loss: 0.0303, instance_loss: 0.0024, weighted_loss: 0.0220, label: 0, bag_size: 926
batch 239, loss: 0.0002, instance_loss: 0.0002, weighted_loss: 0.0002, label: 1, bag_size: 5528
batch 259, loss: 0.0006, instance_loss: 0.0059, weighted_loss: 0.0022, label: 0, bag_size: 492
batch 279, loss: 0.0118, instance_loss: 0.0311, weighted_loss: 0.0176, label: 0, bag_size: 400
batch 299, loss: 0.0003, instance_loss: 0.0000, weighted_loss: 0.0002, label: 0, bag_size: 6072
batch 319, loss: 0.0086, instance_loss: 0.0002, weighted_loss: 0.0061, label: 1, bag_size: 5611
batch 339, loss: 0.0002, instance_loss: 0.0028, weighted_loss: 0.0010, label: 0, bag_size: 1143
batch 359, loss: 0.0024, instance_loss: 0.0000, weighted_loss: 0.0017, label: 0, bag_size: 6409
batch 379, loss: 0.0751, instance_loss: 0.0011, weighted_loss: 0.0529, label: 1, bag_size: 686
batch 399, loss: 0.0019, instance_loss: 0.0000, weighted_loss: 0.0014, label: 1, bag_size: 5414
batch 419, loss: 0.0011, instance_loss: 0.0000, weighted_loss: 0.0008, label: 1, bag_size: 3237
batch 439, loss: 0.0002, instance_loss: 0.0067, weighted_loss: 0.0021, label: 0, bag_size: 343
batch 459, loss: 0.0015, instance_loss: 0.0000, weighted_loss: 0.0011, label: 1, bag_size: 5140
batch 479, loss: 0.0001, instance_loss: 0.0003, weighted_loss: 0.0002, label: 0, bag_size: 4098
batch 499, loss: 0.0286, instance_loss: 0.0010, weighted_loss: 0.0203, label: 1, bag_size: 666
batch 519, loss: 0.0101, instance_loss: 0.0000, weighted_loss: 0.0071, label: 1, bag_size: 619
batch 539, loss: 0.0082, instance_loss: 0.0000, weighted_loss: 0.0058, label: 1, bag_size: 686
batch 559, loss: 0.0339, instance_loss: 0.0012, weighted_loss: 0.0241, label: 1, bag_size: 3649
batch 579, loss: 5.0885, instance_loss: 0.0006, weighted_loss: 3.5621, label: 1, bag_size: 3237
batch 599, loss: 0.0021, instance_loss: 0.0000, weighted_loss: 0.0015, label: 0, bag_size: 5308
batch 619, loss: 0.0055, instance_loss: 0.0014, weighted_loss: 0.0042, label: 0, bag_size: 842
batch 639, loss: 0.0111, instance_loss: 0.0478, weighted_loss: 0.0221, label: 1, bag_size: 5073


class 0 clustering acc 0.999231950844854: correct 5204/5208
class 1 clustering acc 0.9986559139784946: correct 5201/5208
Epoch: 6, train_loss: 0.0405, train_clustering_loss:  0.0078, train_error: 0.0092
class 0: acc 0.9873015873015873, correct 311/315
class 1: acc 0.9940476190476191, correct 334/336

Val Set, val_loss: 0.2054, val_error: 0.0963, auc: 0.8996
class 0 clustering acc 1.0: correct 1496/1496
class 1 clustering acc 0.9986631016042781: correct 1494/1496
class 0: acc 0.9171270718232044, correct 166/181
class 1: acc 0.5, correct 3/6
EarlyStopping counter: 1 out of 20


batch 19, loss: 0.0003, instance_loss: 0.0563, weighted_loss: 0.0171, label: 0, bag_size: 200
batch 39, loss: 0.0039, instance_loss: 0.0000, weighted_loss: 0.0027, label: 0, bag_size: 997
batch 59, loss: 0.0060, instance_loss: 0.0036, weighted_loss: 0.0053, label: 1, bag_size: 5715
batch 79, loss: 0.0017, instance_loss: 0.0025, weighted_loss: 0.0019, label: 0, bag_size: 817
batch 99, loss: 0.0055, instance_loss: 0.0089, weighted_loss: 0.0065, label: 1, bag_size: 4012
batch 119, loss: 0.0215, instance_loss: 0.0007, weighted_loss: 0.0153, label: 0, bag_size: 1134
batch 139, loss: 0.0086, instance_loss: 0.0025, weighted_loss: 0.0068, label: 1, bag_size: 1284
batch 159, loss: 0.0005, instance_loss: 0.0035, weighted_loss: 0.0014, label: 0, bag_size: 927
batch 179, loss: 0.0001, instance_loss: 0.0101, weighted_loss: 0.0031, label: 0, bag_size: 918
batch 199, loss: 0.0065, instance_loss: 0.0000, weighted_loss: 0.0046, label: 1, bag_size: 4100
batch 219, loss: 0.0000, instance_loss: 0.0025, weighted_loss: 0.0008, label: 0, bag_size: 701
batch 239, loss: 0.1578, instance_loss: 0.0000, weighted_loss: 0.1104, label: 1, bag_size: 2769
batch 259, loss: 0.1100, instance_loss: 0.0000, weighted_loss: 0.0770, label: 1, bag_size: 3425
batch 279, loss: 0.7406, instance_loss: 0.0031, weighted_loss: 0.5194, label: 1, bag_size: 1504
batch 299, loss: 0.0740, instance_loss: 0.0000, weighted_loss: 0.0518, label: 0, bag_size: 3334
batch 319, loss: 0.0095, instance_loss: 0.0016, weighted_loss: 0.0071, label: 0, bag_size: 4217
batch 339, loss: 0.0002, instance_loss: 0.0161, weighted_loss: 0.0049, label: 0, bag_size: 200
batch 359, loss: 0.0037, instance_loss: 0.0000, weighted_loss: 0.0026, label: 1, bag_size: 2620
batch 379, loss: 0.0003, instance_loss: 0.0041, weighted_loss: 0.0014, label: 0, bag_size: 1237
batch 399, loss: 0.0001, instance_loss: 0.0288, weighted_loss: 0.0087, label: 0, bag_size: 726
batch 419, loss: 0.0011, instance_loss: 0.0000, weighted_loss: 0.0008, label: 1, bag_size: 666
batch 439, loss: 0.0000, instance_loss: 0.0000, weighted_loss: 0.0000, label: 0, bag_size: 444
batch 459, loss: 0.0794, instance_loss: 0.0033, weighted_loss: 0.0566, label: 0, bag_size: 277
batch 479, loss: 0.0009, instance_loss: 0.0010, weighted_loss: 0.0009, label: 0, bag_size: 1240
batch 499, loss: 0.0104, instance_loss: 0.0062, weighted_loss: 0.0091, label: 0, bag_size: 1862
batch 519, loss: 0.0007, instance_loss: 0.0000, weighted_loss: 0.0005, label: 1, bag_size: 5140
batch 539, loss: 0.0039, instance_loss: 0.0000, weighted_loss: 0.0027, label: 0, bag_size: 3925
batch 559, loss: 0.0002, instance_loss: 0.1567, weighted_loss: 0.0471, label: 0, bag_size: 300
batch 579, loss: 0.1269, instance_loss: 0.0000, weighted_loss: 0.0888, label: 1, bag_size: 2769
batch 599, loss: 0.0011, instance_loss: 0.0000, weighted_loss: 0.0008, label: 0, bag_size: 3462
batch 619, loss: 0.0008, instance_loss: 0.0000, weighted_loss: 0.0006, label: 1, bag_size: 882
batch 639, loss: 0.0002, instance_loss: 0.0000, weighted_loss: 0.0002, label: 0, bag_size: 4380


class 0 clustering acc 1.0: correct 5208/5208
class 1 clustering acc 0.999231950844854: correct 5204/5208
Epoch: 7, train_loss: 0.0653, train_clustering_loss:  0.0058, train_error: 0.0184
class 0: acc 0.9818731117824774, correct 325/331
class 1: acc 0.98125, correct 314/320

Val Set, val_loss: 0.3097, val_error: 0.1016, auc: 0.7661
class 0 clustering acc 1.0: correct 1496/1496
class 1 clustering acc 0.9966577540106952: correct 1491/1496
class 0: acc 0.9116022099447514, correct 165/181
class 1: acc 0.5, correct 3/6
EarlyStopping counter: 2 out of 20


batch 19, loss: 0.0002, instance_loss: 0.0000, weighted_loss: 0.0002, label: 1, bag_size: 1117
batch 39, loss: 0.0023, instance_loss: 0.0000, weighted_loss: 0.0016, label: 1, bag_size: 5637
batch 59, loss: 0.0023, instance_loss: 0.0025, weighted_loss: 0.0024, label: 1, bag_size: 5414
batch 79, loss: 0.0053, instance_loss: 0.0004, weighted_loss: 0.0039, label: 1, bag_size: 2291
batch 99, loss: 0.0016, instance_loss: 0.0000, weighted_loss: 0.0011, label: 1, bag_size: 4100
batch 119, loss: 0.0000, instance_loss: 0.0077, weighted_loss: 0.0023, label: 0, bag_size: 1067
batch 139, loss: 0.0000, instance_loss: 0.0000, weighted_loss: 0.0000, label: 0, bag_size: 3675
batch 159, loss: 0.0089, instance_loss: 0.0003, weighted_loss: 0.0063, label: 0, bag_size: 683
batch 179, loss: 0.0003, instance_loss: 0.0015, weighted_loss: 0.0007, label: 0, bag_size: 1208
batch 199, loss: 0.0014, instance_loss: 0.0414, weighted_loss: 0.0134, label: 0, bag_size: 910
batch 219, loss: 0.0029, instance_loss: 0.0092, weighted_loss: 0.0048, label: 0, bag_size: 1377
batch 239, loss: 0.0000, instance_loss: 0.0002, weighted_loss: 0.0001, label: 0, bag_size: 394
batch 259, loss: 0.0000, instance_loss: 0.0055, weighted_loss: 0.0017, label: 0, bag_size: 598
batch 279, loss: 0.0005, instance_loss: 0.0000, weighted_loss: 0.0004, label: 1, bag_size: 5528
batch 299, loss: 0.0000, instance_loss: 0.0285, weighted_loss: 0.0086, label: 0, bag_size: 789
batch 319, loss: 0.0002, instance_loss: 0.0047, weighted_loss: 0.0015, label: 0, bag_size: 14189
batch 339, loss: 0.0027, instance_loss: 0.0017, weighted_loss: 0.0024, label: 0, bag_size: 2002
batch 359, loss: 0.0098, instance_loss: 0.0000, weighted_loss: 0.0069, label: 1, bag_size: 541
batch 379, loss: 0.0153, instance_loss: 0.0027, weighted_loss: 0.0115, label: 1, bag_size: 940
batch 399, loss: 0.0019, instance_loss: 0.0022, weighted_loss: 0.0020, label: 1, bag_size: 2607
batch 419, loss: 0.0001, instance_loss: 0.0000, weighted_loss: 0.0000, label: 0, bag_size: 259
batch 439, loss: 0.0001, instance_loss: 0.0147, weighted_loss: 0.0045, label: 0, bag_size: 955
batch 459, loss: 0.0001, instance_loss: 0.0025, weighted_loss: 0.0008, label: 0, bag_size: 440
batch 479, loss: 0.0014, instance_loss: 0.0011, weighted_loss: 0.0013, label: 1, bag_size: 913
batch 499, loss: 0.0017, instance_loss: 0.0000, weighted_loss: 0.0012, label: 0, bag_size: 4112
batch 519, loss: 0.0006, instance_loss: 0.0014, weighted_loss: 0.0008, label: 0, bag_size: 4800
batch 539, loss: 0.0014, instance_loss: 0.0002, weighted_loss: 0.0011, label: 1, bag_size: 1553
batch 559, loss: 0.0185, instance_loss: 0.0047, weighted_loss: 0.0144, label: 1, bag_size: 882
batch 579, loss: 0.0396, instance_loss: 0.0079, weighted_loss: 0.0301, label: 0, bag_size: 5124
batch 599, loss: 0.0006, instance_loss: 0.0032, weighted_loss: 0.0014, label: 1, bag_size: 478
batch 619, loss: 0.0056, instance_loss: 0.0049, weighted_loss: 0.0054, label: 1, bag_size: 882
batch 639, loss: 0.0055, instance_loss: 0.0161, weighted_loss: 0.0087, label: 1, bag_size: 541


class 0 clustering acc 0.9996159754224271: correct 5206/5208
class 1 clustering acc 0.9988479262672811: correct 5202/5208
Epoch: 8, train_loss: 0.0539, train_clustering_loss:  0.0087, train_error: 0.0138
class 0: acc 0.9838187702265372, correct 304/309
class 1: acc 0.9883040935672515, correct 338/342

Val Set, val_loss: 0.2998, val_error: 0.0695, auc: 0.5470
class 0 clustering acc 0.9966577540106952: correct 1491/1496
class 1 clustering acc 0.9993315508021391: correct 1495/1496
class 0: acc 0.9502762430939227, correct 172/181
class 1: acc 0.3333333333333333, correct 2/6
EarlyStopping counter: 3 out of 20


batch 19, loss: 0.0002, instance_loss: 0.0000, weighted_loss: 0.0002, label: 0, bag_size: 3507
batch 39, loss: 0.0001, instance_loss: 0.0000, weighted_loss: 0.0001, label: 0, bag_size: 4443
batch 59, loss: 0.0222, instance_loss: 0.0038, weighted_loss: 0.0167, label: 0, bag_size: 19728
batch 79, loss: 0.0053, instance_loss: 0.9141, weighted_loss: 0.2779, label: 0, bag_size: 202
batch 99, loss: 0.0001, instance_loss: 0.0004, weighted_loss: 0.0002, label: 0, bag_size: 1949
batch 119, loss: 0.0001, instance_loss: 0.0006, weighted_loss: 0.0002, label: 1, bag_size: 3719
batch 139, loss: 0.0052, instance_loss: 0.0002, weighted_loss: 0.0037, label: 0, bag_size: 4460
batch 159, loss: 0.0030, instance_loss: 0.0045, weighted_loss: 0.0034, label: 1, bag_size: 1491
batch 179, loss: 0.0007, instance_loss: 0.0013, weighted_loss: 0.0008, label: 1, bag_size: 1117
batch 199, loss: 0.0004, instance_loss: 0.0085, weighted_loss: 0.0028, label: 1, bag_size: 5073
batch 219, loss: 0.0021, instance_loss: 0.0000, weighted_loss: 0.0015, label: 0, bag_size: 4385
batch 239, loss: 0.0214, instance_loss: 0.0044, weighted_loss: 0.0163, label: 0, bag_size: 3374
batch 259, loss: 0.0001, instance_loss: 0.0000, weighted_loss: 0.0001, label: 0, bag_size: 624
batch 279, loss: 0.0047, instance_loss: 0.0072, weighted_loss: 0.0054, label: 0, bag_size: 885
batch 299, loss: 0.0001, instance_loss: 0.0000, weighted_loss: 0.0001, label: 1, bag_size: 1484
batch 319, loss: 0.0015, instance_loss: 0.0000, weighted_loss: 0.0011, label: 1, bag_size: 1424
batch 339, loss: 0.0002, instance_loss: 0.0183, weighted_loss: 0.0057, label: 0, bag_size: 1138
batch 359, loss: 0.0034, instance_loss: 0.0000, weighted_loss: 0.0024, label: 1, bag_size: 2620
batch 379, loss: 0.0000, instance_loss: 0.0237, weighted_loss: 0.0071, label: 0, bag_size: 929
batch 399, loss: 0.0009, instance_loss: 0.0013, weighted_loss: 0.0010, label: 1, bag_size: 5140
batch 419, loss: 0.0000, instance_loss: 0.0000, weighted_loss: 0.0000, label: 0, bag_size: 1601
batch 439, loss: 0.0002, instance_loss: 0.0000, weighted_loss: 0.0001, label: 0, bag_size: 3534
batch 459, loss: 0.0001, instance_loss: 0.0052, weighted_loss: 0.0016, label: 0, bag_size: 641
batch 479, loss: 0.0012, instance_loss: 0.0000, weighted_loss: 0.0008, label: 1, bag_size: 1424
batch 499, loss: 0.0002, instance_loss: 0.0000, weighted_loss: 0.0001, label: 0, bag_size: 770
batch 519, loss: 0.0000, instance_loss: 0.0000, weighted_loss: 0.0000, label: 0, bag_size: 5207
batch 539, loss: 0.0002, instance_loss: 0.0042, weighted_loss: 0.0014, label: 0, bag_size: 487
batch 559, loss: 0.0188, instance_loss: 0.0008, weighted_loss: 0.0134, label: 0, bag_size: 1862
batch 579, loss: 0.0016, instance_loss: 0.0004, weighted_loss: 0.0013, label: 1, bag_size: 1284
batch 599, loss: 0.0000, instance_loss: 0.0009, weighted_loss: 0.0003, label: 1, bag_size: 1484
batch 619, loss: 0.0004, instance_loss: 0.0042, weighted_loss: 0.0015, label: 1, bag_size: 882
batch 639, loss: 0.0008, instance_loss: 0.0000, weighted_loss: 0.0005, label: 1, bag_size: 619


class 0 clustering acc 0.9994239631336406: correct 5205/5208
class 1 clustering acc 0.9984639016897081: correct 5200/5208
Epoch: 9, train_loss: 0.0126, train_clustering_loss:  0.0107, train_error: 0.0031
class 0: acc 0.9971098265895953, correct 345/346
class 1: acc 0.9967213114754099, correct 304/305

Val Set, val_loss: 0.3254, val_error: 0.0695, auc: 0.6271
class 0 clustering acc 1.0: correct 1496/1496
class 1 clustering acc 0.9946524064171123: correct 1488/1496
class 0: acc 0.9502762430939227, correct 172/181
class 1: acc 0.3333333333333333, correct 2/6
EarlyStopping counter: 4 out of 20


batch 19, loss: 0.0142, instance_loss: 0.0039, weighted_loss: 0.0111, label: 0, bag_size: 869
batch 39, loss: 0.0000, instance_loss: 0.0007, weighted_loss: 0.0002, label: 0, bag_size: 2501
batch 59, loss: 0.0002, instance_loss: 0.0076, weighted_loss: 0.0024, label: 0, bag_size: 897
batch 79, loss: 0.0004, instance_loss: 0.0000, weighted_loss: 0.0003, label: 1, bag_size: 5637
batch 99, loss: 0.0107, instance_loss: 0.0022, weighted_loss: 0.0081, label: 0, bag_size: 1296
batch 119, loss: 0.0000, instance_loss: 0.0014, weighted_loss: 0.0004, label: 0, bag_size: 642
batch 139, loss: 0.0164, instance_loss: 0.0008, weighted_loss: 0.0117, label: 1, bag_size: 5140
batch 159, loss: 0.0017, instance_loss: 0.0081, weighted_loss: 0.0036, label: 0, bag_size: 739
batch 179, loss: 0.0001, instance_loss: 0.0921, weighted_loss: 0.0277, label: 0, bag_size: 656
batch 199, loss: 0.0015, instance_loss: 0.0000, weighted_loss: 0.0011, label: 0, bag_size: 5083
batch 219, loss: 0.0001, instance_loss: 0.0061, weighted_loss: 0.0019, label: 0, bag_size: 534
batch 239, loss: 0.0003, instance_loss: 0.0000, weighted_loss: 0.0002, label: 1, bag_size: 1138
batch 259, loss: 0.0120, instance_loss: 0.0000, weighted_loss: 0.0084, label: 1, bag_size: 3237
batch 279, loss: 0.1135, instance_loss: 0.0000, weighted_loss: 0.0794, label: 1, bag_size: 4180
batch 299, loss: 0.0009, instance_loss: 0.0000, weighted_loss: 0.0006, label: 1, bag_size: 3237
batch 319, loss: 0.0026, instance_loss: 0.0000, weighted_loss: 0.0018, label: 1, bag_size: 4100
batch 339, loss: 0.0002, instance_loss: 0.0000, weighted_loss: 0.0001, label: 1, bag_size: 5528
batch 359, loss: 0.0000, instance_loss: 0.0010, weighted_loss: 0.0003, label: 1, bag_size: 1293
batch 379, loss: 0.0396, instance_loss: 0.0020, weighted_loss: 0.0283, label: 0, bag_size: 925
batch 399, loss: 0.0003, instance_loss: 0.0003, weighted_loss: 0.0003, label: 1, bag_size: 391
batch 419, loss: 0.0008, instance_loss: 0.0005, weighted_loss: 0.0007, label: 1, bag_size: 1117
batch 439, loss: 0.0006, instance_loss: 0.0022, weighted_loss: 0.0011, label: 1, bag_size: 882
batch 459, loss: 0.0009, instance_loss: 0.0002, weighted_loss: 0.0007, label: 1, bag_size: 478
batch 479, loss: 0.0008, instance_loss: 0.0000, weighted_loss: 0.0006, label: 1, bag_size: 5455
batch 499, loss: 0.0003, instance_loss: 0.0000, weighted_loss: 0.0002, label: 1, bag_size: 5073
batch 519, loss: 0.0029, instance_loss: 0.0000, weighted_loss: 0.0021, label: 1, bag_size: 3425
batch 539, loss: 0.0006, instance_loss: 0.0000, weighted_loss: 0.0004, label: 1, bag_size: 1138
batch 559, loss: 0.0000, instance_loss: 0.0000, weighted_loss: 0.0000, label: 0, bag_size: 6403
batch 579, loss: 0.0012, instance_loss: 0.0004, weighted_loss: 0.0010, label: 1, bag_size: 2607
batch 599, loss: 0.0001, instance_loss: 0.0045, weighted_loss: 0.0014, label: 0, bag_size: 986
batch 619, loss: 0.0000, instance_loss: 0.0002, weighted_loss: 0.0001, label: 0, bag_size: 2946
batch 639, loss: 0.0005, instance_loss: 0.0000, weighted_loss: 0.0003, label: 1, bag_size: 5637


class 0 clustering acc 0.9996159754224271: correct 5206/5208
class 1 clustering acc 0.9982718894009217: correct 5199/5208
Epoch: 10, train_loss: 0.0411, train_clustering_loss:  0.0079, train_error: 0.0123
class 0: acc 0.9840255591054313, correct 308/313
class 1: acc 0.9911242603550295, correct 335/338

Val Set, val_loss: 0.3318, val_error: 0.0695, auc: 0.5847
class 0 clustering acc 1.0: correct 1496/1496
class 1 clustering acc 0.9939839572192514: correct 1487/1496
class 0: acc 0.9502762430939227, correct 172/181
class 1: acc 0.3333333333333333, correct 2/6
EarlyStopping counter: 5 out of 20


batch 19, loss: 0.0040, instance_loss: 0.0013, weighted_loss: 0.0032, label: 1, bag_size: 5140
batch 39, loss: 0.0072, instance_loss: 0.0007, weighted_loss: 0.0053, label: 1, bag_size: 666
batch 59, loss: 0.0005, instance_loss: 0.0000, weighted_loss: 0.0003, label: 1, bag_size: 5637
batch 79, loss: 0.0007, instance_loss: 0.0000, weighted_loss: 0.0005, label: 1, bag_size: 3237
batch 99, loss: 0.0009, instance_loss: 0.0000, weighted_loss: 0.0006, label: 1, bag_size: 1138
batch 119, loss: 0.0003, instance_loss: 0.0002, weighted_loss: 0.0002, label: 1, bag_size: 726
batch 139, loss: 0.0001, instance_loss: 0.0000, weighted_loss: 0.0001, label: 0, bag_size: 4443
batch 159, loss: 0.0179, instance_loss: 0.0000, weighted_loss: 0.0125, label: 1, bag_size: 3425
batch 179, loss: 0.0015, instance_loss: 0.0000, weighted_loss: 0.0010, label: 1, bag_size: 5637
batch 199, loss: 0.0039, instance_loss: 0.0000, weighted_loss: 0.0028, label: 1, bag_size: 5455
batch 219, loss: 0.0005, instance_loss: 0.0025, weighted_loss: 0.0011, label: 1, bag_size: 2291
batch 239, loss: 0.0000, instance_loss: 0.0088, weighted_loss: 0.0026, label: 0, bag_size: 642
batch 259, loss: 0.0000, instance_loss: 0.0002, weighted_loss: 0.0001, label: 1, bag_size: 913
batch 279, loss: 0.0026, instance_loss: 0.0000, weighted_loss: 0.0018, label: 1, bag_size: 5455
batch 299, loss: 0.0009, instance_loss: 0.0005, weighted_loss: 0.0008, label: 1, bag_size: 478
batch 319, loss: 0.0000, instance_loss: 0.1142, weighted_loss: 0.0342, label: 0, bag_size: 29
batch 339, loss: 0.0036, instance_loss: 0.0000, weighted_loss: 0.0025, label: 1, bag_size: 3425
batch 359, loss: 0.0001, instance_loss: 0.0000, weighted_loss: 0.0001, label: 0, bag_size: 4978
batch 379, loss: 0.0001, instance_loss: 0.0000, weighted_loss: 0.0000, label: 0, bag_size: 2948
batch 399, loss: 0.0013, instance_loss: 0.0000, weighted_loss: 0.0009, label: 0, bag_size: 3865
batch 419, loss: 0.0001, instance_loss: 0.0000, weighted_loss: 0.0001, label: 1, bag_size: 1484
batch 439, loss: 0.0002, instance_loss: 0.0002, weighted_loss: 0.0002, label: 1, bag_size: 391
batch 459, loss: 0.0008, instance_loss: 0.0000, weighted_loss: 0.0006, label: 0, bag_size: 4541
batch 479, loss: 0.0035, instance_loss: 0.0000, weighted_loss: 0.0024, label: 1, bag_size: 726
batch 499, loss: 0.0000, instance_loss: 0.0018, weighted_loss: 0.0005, label: 0, bag_size: 493
batch 519, loss: 0.0003, instance_loss: 0.0000, weighted_loss: 0.0002, label: 1, bag_size: 5455
batch 539, loss: 0.0004, instance_loss: 0.0000, weighted_loss: 0.0003, label: 1, bag_size: 1504
batch 559, loss: 0.0052, instance_loss: 0.0000, weighted_loss: 0.0037, label: 1, bag_size: 5611
batch 579, loss: 0.0000, instance_loss: 0.0000, weighted_loss: 0.0000, label: 0, bag_size: 2145
batch 599, loss: 0.0419, instance_loss: 0.0004, weighted_loss: 0.0294, label: 1, bag_size: 5715
batch 619, loss: 0.1516, instance_loss: 0.0000, weighted_loss: 0.1061, label: 1, bag_size: 5637
batch 639, loss: 0.0000, instance_loss: 0.0000, weighted_loss: 0.0000, label: 0, bag_size: 2722


class 0 clustering acc 1.0: correct 5208/5208
class 1 clustering acc 0.9996159754224271: correct 5206/5208
Epoch: 11, train_loss: 0.0194, train_clustering_loss:  0.0035, train_error: 0.0046
class 0: acc 0.9968944099378882, correct 321/322
class 1: acc 0.993920972644377, correct 327/329

Val Set, val_loss: 0.3597, val_error: 0.0642, auc: 0.5285
class 0 clustering acc 1.0: correct 1496/1496
class 1 clustering acc 0.9993315508021391: correct 1495/1496
class 0: acc 0.9558011049723757, correct 173/181
class 1: acc 0.3333333333333333, correct 2/6
EarlyStopping counter: 6 out of 20


batch 19, loss: 0.0000, instance_loss: 0.0017, weighted_loss: 0.0005, label: 0, bag_size: 493
batch 39, loss: 0.0001, instance_loss: 0.0003, weighted_loss: 0.0002, label: 0, bag_size: 933
batch 59, loss: 0.0000, instance_loss: 0.0136, weighted_loss: 0.0041, label: 0, bag_size: 248
batch 79, loss: 0.0020, instance_loss: 0.0023, weighted_loss: 0.0021, label: 0, bag_size: 1175
batch 99, loss: 0.0004, instance_loss: 0.0000, weighted_loss: 0.0003, label: 0, bag_size: 3652
batch 119, loss: 0.0003, instance_loss: 0.0000, weighted_loss: 0.0002, label: 1, bag_size: 619
batch 139, loss: 0.0005, instance_loss: 0.0000, weighted_loss: 0.0003, label: 1, bag_size: 5455
batch 159, loss: 0.0004, instance_loss: 0.0000, weighted_loss: 0.0003, label: 1, bag_size: 3649
batch 179, loss: 0.0009, instance_loss: 0.0004, weighted_loss: 0.0008, label: 1, bag_size: 940
batch 199, loss: 0.0001, instance_loss: 0.0003, weighted_loss: 0.0001, label: 1, bag_size: 882
batch 219, loss: 0.0003, instance_loss: 0.0002, weighted_loss: 0.0003, label: 1, bag_size: 1284
batch 239, loss: 0.0003, instance_loss: 0.0004, weighted_loss: 0.0003, label: 1, bag_size: 666
batch 259, loss: 0.0001, instance_loss: 0.0000, weighted_loss: 0.0001, label: 1, bag_size: 1484
batch 279, loss: 0.0000, instance_loss: 0.0006, weighted_loss: 0.0002, label: 0, bag_size: 724
batch 299, loss: 0.0003, instance_loss: 0.0021, weighted_loss: 0.0008, label: 0, bag_size: 414
batch 319, loss: 0.0000, instance_loss: 0.0000, weighted_loss: 0.0000, label: 0, bag_size: 1379
batch 339, loss: 0.0002, instance_loss: 0.0011, weighted_loss: 0.0004, label: 0, bag_size: 933
batch 359, loss: 0.0019, instance_loss: 0.0002, weighted_loss: 0.0014, label: 1, bag_size: 726
batch 379, loss: 0.0001, instance_loss: 0.0000, weighted_loss: 0.0001, label: 0, bag_size: 955
batch 399, loss: 0.0024, instance_loss: 0.0000, weighted_loss: 0.0017, label: 1, bag_size: 3425
batch 419, loss: 0.0001, instance_loss: 0.0005, weighted_loss: 0.0002, label: 1, bag_size: 882
batch 439, loss: 0.9188, instance_loss: 0.0000, weighted_loss: 0.6432, label: 1, bag_size: 4012
batch 459, loss: 0.0004, instance_loss: 0.0000, weighted_loss: 0.0003, label: 1, bag_size: 666
batch 479, loss: 0.0003, instance_loss: 0.0000, weighted_loss: 0.0002, label: 0, bag_size: 2271
batch 499, loss: 0.0349, instance_loss: 0.0000, weighted_loss: 0.0244, label: 0, bag_size: 4112
batch 519, loss: 0.0030, instance_loss: 0.0000, weighted_loss: 0.0021, label: 1, bag_size: 3237
batch 539, loss: 0.0001, instance_loss: 0.0000, weighted_loss: 0.0001, label: 1, bag_size: 1504
batch 559, loss: 0.0016, instance_loss: 0.0010, weighted_loss: 0.0015, label: 1, bag_size: 940
batch 579, loss: 0.0003, instance_loss: 0.0000, weighted_loss: 0.0002, label: 0, bag_size: 3931
batch 599, loss: 0.0001, instance_loss: 0.0002, weighted_loss: 0.0001, label: 1, bag_size: 478
batch 619, loss: 0.0002, instance_loss: 0.0000, weighted_loss: 0.0001, label: 1, bag_size: 619
batch 639, loss: 0.0005, instance_loss: 0.0000, weighted_loss: 0.0003, label: 0, bag_size: 856


class 0 clustering acc 1.0: correct 5208/5208
class 1 clustering acc 0.9994239631336406: correct 5205/5208
Epoch: 12, train_loss: 0.0276, train_clustering_loss:  0.0020, train_error: 0.0046
class 0: acc 0.9967845659163987, correct 310/311
class 1: acc 0.9941176470588236, correct 338/340

Val Set, val_loss: 0.2934, val_error: 0.0428, auc: 0.6059
class 0 clustering acc 1.0: correct 1496/1496
class 1 clustering acc 1.0: correct 1496/1496
class 0: acc 0.9779005524861878, correct 177/181
class 1: acc 0.3333333333333333, correct 2/6
EarlyStopping counter: 7 out of 20


batch 19, loss: 0.0000, instance_loss: 0.0000, weighted_loss: 0.0000, label: 0, bag_size: 894
batch 39, loss: 0.0125, instance_loss: 0.0000, weighted_loss: 0.0088, label: 0, bag_size: 4647
batch 59, loss: 0.0007, instance_loss: 0.0008, weighted_loss: 0.0007, label: 1, bag_size: 5637
batch 79, loss: 0.0002, instance_loss: 0.0000, weighted_loss: 0.0001, label: 1, bag_size: 1424
batch 99, loss: 0.0010, instance_loss: 0.0009, weighted_loss: 0.0010, label: 1, bag_size: 1553
batch 119, loss: 0.0000, instance_loss: 0.0000, weighted_loss: 0.0000, label: 1, bag_size: 4012
batch 139, loss: 0.0000, instance_loss: 0.0000, weighted_loss: 0.0000, label: 1, bag_size: 4012
batch 159, loss: 0.0001, instance_loss: 0.0008, weighted_loss: 0.0003, label: 0, bag_size: 343
batch 179, loss: 0.0045, instance_loss: 0.0000, weighted_loss: 0.0032, label: 1, bag_size: 3237
batch 199, loss: 0.0000, instance_loss: 0.0000, weighted_loss: 0.0000, label: 0, bag_size: 649
batch 219, loss: 0.0029, instance_loss: 0.0004, weighted_loss: 0.0021, label: 1, bag_size: 5140
batch 239, loss: 0.0000, instance_loss: 0.0000, weighted_loss: 0.0000, label: 0, bag_size: 2317
batch 259, loss: 0.0004, instance_loss: 0.0000, weighted_loss: 0.0002, label: 1, bag_size: 1284
batch 279, loss: 0.0001, instance_loss: 0.0000, weighted_loss: 0.0001, label: 0, bag_size: 4209
batch 299, loss: 0.0003, instance_loss: 0.0000, weighted_loss: 0.0002, label: 1, bag_size: 1504
batch 319, loss: 0.0009, instance_loss: 0.0000, weighted_loss: 0.0006, label: 1, bag_size: 1138
batch 339, loss: 0.0000, instance_loss: 0.0029, weighted_loss: 0.0009, label: 0, bag_size: 671
batch 359, loss: 0.0000, instance_loss: 0.0005, weighted_loss: 0.0002, label: 0, bag_size: 837
batch 379, loss: 0.0043, instance_loss: 0.0000, weighted_loss: 0.0030, label: 1, bag_size: 3425
batch 399, loss: 0.0000, instance_loss: 0.0000, weighted_loss: 0.0000, label: 0, bag_size: 2032
batch 419, loss: 0.0002, instance_loss: 0.0000, weighted_loss: 0.0001, label: 1, bag_size: 1284
batch 439, loss: 0.0005, instance_loss: 0.0000, weighted_loss: 0.0003, label: 1, bag_size: 1553
batch 459, loss: 0.0000, instance_loss: 0.0002, weighted_loss: 0.0001, label: 0, bag_size: 1092
batch 479, loss: 0.0000, instance_loss: 0.0010, weighted_loss: 0.0003, label: 0, bag_size: 1043
batch 499, loss: 0.0005, instance_loss: 0.0000, weighted_loss: 0.0003, label: 0, bag_size: 2617
batch 519, loss: 0.0012, instance_loss: 0.0000, weighted_loss: 0.0008, label: 1, bag_size: 3237
batch 539, loss: 0.0000, instance_loss: 0.0000, weighted_loss: 0.0000, label: 0, bag_size: 2501
batch 559, loss: 0.0013, instance_loss: 0.0000, weighted_loss: 0.0009, label: 1, bag_size: 3237
batch 579, loss: 0.0001, instance_loss: 0.0000, weighted_loss: 0.0001, label: 1, bag_size: 5073
batch 599, loss: 0.0003, instance_loss: 0.0007, weighted_loss: 0.0004, label: 0, bag_size: 1534
batch 619, loss: 0.0003, instance_loss: 0.0000, weighted_loss: 0.0002, label: 1, bag_size: 666
batch 639, loss: 0.0026, instance_loss: 0.0000, weighted_loss: 0.0018, label: 1, bag_size: 4100


class 0 clustering acc 0.9998079877112135: correct 5207/5208
class 1 clustering acc 1.0: correct 5208/5208
Epoch: 13, train_loss: 0.0023, train_clustering_loss:  0.0025, train_error: 0.0000
class 0: acc 1.0, correct 320/320
class 1: acc 1.0, correct 331/331

Val Set, val_loss: 0.3468, val_error: 0.0535, auc: 0.5552
class 0 clustering acc 1.0: correct 1496/1496
class 1 clustering acc 1.0: correct 1496/1496
class 0: acc 0.9668508287292817, correct 175/181
class 1: acc 0.3333333333333333, correct 2/6
EarlyStopping counter: 8 out of 20


batch 19, loss: 0.0004, instance_loss: 0.0000, weighted_loss: 0.0003, label: 1, bag_size: 1138
batch 39, loss: 0.0002, instance_loss: 0.0008, weighted_loss: 0.0004, label: 0, bag_size: 1285
batch 59, loss: 0.0001, instance_loss: 0.0000, weighted_loss: 0.0001, label: 0, bag_size: 1813
batch 79, loss: 0.0006, instance_loss: 0.0000, weighted_loss: 0.0004, label: 0, bag_size: 3979
batch 99, loss: 0.0000, instance_loss: 0.0000, weighted_loss: 0.0000, label: 0, bag_size: 642
batch 119, loss: 0.0000, instance_loss: 0.0000, weighted_loss: 0.0000, label: 1, bag_size: 2531
batch 139, loss: 0.0009, instance_loss: 0.0000, weighted_loss: 0.0006, label: 1, bag_size: 4180
batch 159, loss: 0.0000, instance_loss: 0.0000, weighted_loss: 0.0000, label: 0, bag_size: 2355
batch 179, loss: 0.0001, instance_loss: 0.0000, weighted_loss: 0.0000, label: 0, bag_size: 3325
batch 199, loss: 0.0021, instance_loss: 0.0346, weighted_loss: 0.0119, label: 0, bag_size: 2036
batch 219, loss: 0.7381, instance_loss: 0.0005, weighted_loss: 0.5168, label: 1, bag_size: 2769
batch 239, loss: 0.0000, instance_loss: 0.0000, weighted_loss: 0.0000, label: 1, bag_size: 1553
batch 259, loss: 0.0008, instance_loss: 0.0000, weighted_loss: 0.0005, label: 1, bag_size: 541
batch 279, loss: 0.0003, instance_loss: 0.0000, weighted_loss: 0.0002, label: 1, bag_size: 882
batch 299, loss: 0.0000, instance_loss: 0.0000, weighted_loss: 0.0000, label: 0, bag_size: 873
batch 319, loss: 0.0001, instance_loss: 0.0000, weighted_loss: 0.0001, label: 1, bag_size: 913
batch 339, loss: 0.0000, instance_loss: 0.0005, weighted_loss: 0.0002, label: 0, bag_size: 3462
batch 359, loss: 0.0000, instance_loss: 0.0159, weighted_loss: 0.0048, label: 0, bag_size: 818
batch 379, loss: 0.0008, instance_loss: 0.0002, weighted_loss: 0.0006, label: 1, bag_size: 5637
batch 399, loss: 0.0020, instance_loss: 0.0000, weighted_loss: 0.0014, label: 1, bag_size: 3649
batch 419, loss: 0.0044, instance_loss: 0.0000, weighted_loss: 0.0031, label: 1, bag_size: 3237
batch 439, loss: 0.0002, instance_loss: 0.0000, weighted_loss: 0.0002, label: 1, bag_size: 5073
batch 459, loss: 0.0002, instance_loss: 0.0000, weighted_loss: 0.0002, label: 1, bag_size: 5073
batch 479, loss: 0.0002, instance_loss: 0.0000, weighted_loss: 0.0002, label: 1, bag_size: 5637
batch 499, loss: 0.0003, instance_loss: 0.0002, weighted_loss: 0.0003, label: 1, bag_size: 2531
batch 519, loss: 0.0001, instance_loss: 0.0000, weighted_loss: 0.0001, label: 1, bag_size: 3649
batch 539, loss: 0.0003, instance_loss: 0.0107, weighted_loss: 0.0035, label: 0, bag_size: 1044
batch 559, loss: 1.0320, instance_loss: 0.0000, weighted_loss: 0.7224, label: 0, bag_size: 1021
batch 579, loss: 0.0011, instance_loss: 0.0002, weighted_loss: 0.0009, label: 1, bag_size: 1284
batch 599, loss: 0.0000, instance_loss: 0.0005, weighted_loss: 0.0002, label: 1, bag_size: 913
batch 619, loss: 0.0001, instance_loss: 0.0014, weighted_loss: 0.0005, label: 1, bag_size: 478
batch 639, loss: 0.0001, instance_loss: 0.0000, weighted_loss: 0.0001, label: 0, bag_size: 3325


class 0 clustering acc 0.9984639016897081: correct 5200/5208
class 1 clustering acc 0.994431643625192: correct 5179/5208
Epoch: 14, train_loss: 0.0291, train_clustering_loss:  0.0214, train_error: 0.0123
class 0: acc 0.9849397590361446, correct 327/332
class 1: acc 0.9905956112852664, correct 316/319

Val Set, val_loss: 0.3947, val_error: 0.1070, auc: 0.7265
class 0 clustering acc 1.0: correct 1496/1496
class 1 clustering acc 0.9866310160427807: correct 1476/1496
class 0: acc 0.9060773480662984, correct 164/181
class 1: acc 0.5, correct 3/6
EarlyStopping counter: 9 out of 20


batch 19, loss: 0.0055, instance_loss: 0.0005, weighted_loss: 0.0040, label: 1, bag_size: 726
batch 39, loss: 0.0000, instance_loss: 0.0000, weighted_loss: 0.0000, label: 1, bag_size: 3719
batch 59, loss: 0.0004, instance_loss: 0.0007, weighted_loss: 0.0005, label: 1, bag_size: 726
batch 79, loss: 0.0077, instance_loss: 0.0000, weighted_loss: 0.0054, label: 1, bag_size: 686
batch 99, loss: 0.0000, instance_loss: 0.0158, weighted_loss: 0.0048, label: 0, bag_size: 687
batch 119, loss: 0.0016, instance_loss: 0.0000, weighted_loss: 0.0011, label: 1, bag_size: 619
batch 139, loss: 0.0031, instance_loss: 0.0013, weighted_loss: 0.0025, label: 1, bag_size: 541
batch 159, loss: 0.0003, instance_loss: 0.0004, weighted_loss: 0.0003, label: 1, bag_size: 1491
batch 179, loss: 0.0000, instance_loss: 0.0096, weighted_loss: 0.0029, label: 0, bag_size: 368
batch 199, loss: 0.0037, instance_loss: 0.0009, weighted_loss: 0.0028, label: 1, bag_size: 666
batch 219, loss: 0.0012, instance_loss: 0.0024, weighted_loss: 0.0015, label: 0, bag_size: 853
batch 239, loss: 0.0000, instance_loss: 0.0059, weighted_loss: 0.0018, label: 0, bag_size: 1023
batch 259, loss: 0.0002, instance_loss: 0.0000, weighted_loss: 0.0001, label: 1, bag_size: 2607
batch 279, loss: 0.0000, instance_loss: 0.0013, weighted_loss: 0.0004, label: 0, bag_size: 1643
batch 299, loss: 0.0002, instance_loss: 0.0050, weighted_loss: 0.0017, label: 0, bag_size: 251
batch 319, loss: 0.0000, instance_loss: 0.0000, weighted_loss: 0.0000, label: 0, bag_size: 4905
batch 339, loss: 0.0000, instance_loss: 0.0000, weighted_loss: 0.0000, label: 1, bag_size: 3649
batch 359, loss: 0.0001, instance_loss: 0.0000, weighted_loss: 0.0001, label: 0, bag_size: 2032
batch 379, loss: 0.0013, instance_loss: 0.0003, weighted_loss: 0.0010, label: 0, bag_size: 2555
batch 399, loss: 0.0000, instance_loss: 0.0003, weighted_loss: 0.0001, label: 0, bag_size: 1670
batch 419, loss: 0.0002, instance_loss: 0.0000, weighted_loss: 0.0001, label: 1, bag_size: 2607
batch 439, loss: 0.0000, instance_loss: 0.0000, weighted_loss: 0.0000, label: 0, bag_size: 4460
batch 459, loss: 0.0000, instance_loss: 0.0137, weighted_loss: 0.0041, label: 0, bag_size: 237
batch 479, loss: 0.0030, instance_loss: 0.0006, weighted_loss: 0.0023, label: 1, bag_size: 686
batch 499, loss: 0.0001, instance_loss: 0.0011, weighted_loss: 0.0004, label: 0, bag_size: 637
batch 519, loss: 0.0002, instance_loss: 0.0041, weighted_loss: 0.0013, label: 0, bag_size: 686
batch 539, loss: 0.0124, instance_loss: 0.0000, weighted_loss: 0.0087, label: 1, bag_size: 5611
batch 559, loss: 0.0072, instance_loss: 0.0002, weighted_loss: 0.0051, label: 1, bag_size: 2620
batch 579, loss: 0.0000, instance_loss: 0.0004, weighted_loss: 0.0001, label: 1, bag_size: 5528
batch 599, loss: 0.0000, instance_loss: 0.0010, weighted_loss: 0.0003, label: 0, bag_size: 842
batch 619, loss: 0.0003, instance_loss: 0.0000, weighted_loss: 0.0002, label: 1, bag_size: 5455
batch 639, loss: 0.0000, instance_loss: 0.0000, weighted_loss: 0.0000, label: 0, bag_size: 3265


class 0 clustering acc 0.9994239631336406: correct 5205/5208
class 1 clustering acc 0.9982718894009217: correct 5199/5208
Epoch: 15, train_loss: 0.0187, train_clustering_loss:  0.0096, train_error: 0.0061
class 0: acc 0.993993993993994, correct 331/333
class 1: acc 0.9937106918238994, correct 316/318

Val Set, val_loss: 0.2728, val_error: 0.0428, auc: 0.7680
class 0 clustering acc 1.0: correct 1496/1496
class 1 clustering acc 1.0: correct 1496/1496
class 0: acc 0.9723756906077348, correct 176/181
class 1: acc 0.5, correct 3/6
EarlyStopping counter: 10 out of 20


batch 19, loss: 0.0000, instance_loss: 0.0004, weighted_loss: 0.0002, label: 0, bag_size: 1417
batch 39, loss: 0.0000, instance_loss: 0.0000, weighted_loss: 0.0000, label: 0, bag_size: 4112
batch 59, loss: 0.0031, instance_loss: 0.0000, weighted_loss: 0.0022, label: 1, bag_size: 541
batch 79, loss: 0.0019, instance_loss: 0.0000, weighted_loss: 0.0013, label: 1, bag_size: 5715
batch 99, loss: 0.0000, instance_loss: 0.4930, weighted_loss: 0.1479, label: 0, bag_size: 321
batch 119, loss: 0.0000, instance_loss: 0.0000, weighted_loss: 0.0000, label: 0, bag_size: 4391
batch 139, loss: 0.0001, instance_loss: 0.0000, weighted_loss: 0.0000, label: 1, bag_size: 478
batch 159, loss: 0.0000, instance_loss: 0.0000, weighted_loss: 0.0000, label: 0, bag_size: 1813
batch 179, loss: 0.0000, instance_loss: 0.0000, weighted_loss: 0.0000, label: 1, bag_size: 5637
batch 199, loss: 0.0004, instance_loss: 0.0307, weighted_loss: 0.0095, label: 0, bag_size: 1547
batch 219, loss: 0.0007, instance_loss: 0.0009, weighted_loss: 0.0007, label: 0, bag_size: 723
batch 239, loss: 0.0000, instance_loss: 0.0000, weighted_loss: 0.0000, label: 1, bag_size: 2607
batch 259, loss: 0.0002, instance_loss: 0.0000, weighted_loss: 0.0002, label: 1, bag_size: 1424
batch 279, loss: 0.0002, instance_loss: 0.0008, weighted_loss: 0.0004, label: 0, bag_size: 2317
batch 299, loss: 0.0000, instance_loss: 0.0013, weighted_loss: 0.0004, label: 0, bag_size: 2058
batch 319, loss: 0.0003, instance_loss: 0.0000, weighted_loss: 0.0002, label: 1, bag_size: 5414
batch 339, loss: 0.0000, instance_loss: 0.0000, weighted_loss: 0.0000, label: 0, bag_size: 670
batch 359, loss: 3.0825, instance_loss: 0.0015, weighted_loss: 2.1582, label: 0, bag_size: 644
batch 379, loss: 0.0000, instance_loss: 0.0000, weighted_loss: 0.0000, label: 0, bag_size: 853
batch 399, loss: 0.0148, instance_loss: 0.0000, weighted_loss: 0.0103, label: 1, bag_size: 1491
batch 419, loss: 0.0448, instance_loss: 0.0000, weighted_loss: 0.0314, label: 0, bag_size: 3621
batch 439, loss: 0.0001, instance_loss: 0.0000, weighted_loss: 0.0001, label: 0, bag_size: 4142
batch 459, loss: 0.0005, instance_loss: 0.0002, weighted_loss: 0.0004, label: 1, bag_size: 913
batch 479, loss: 0.0000, instance_loss: 0.0000, weighted_loss: 0.0000, label: 0, bag_size: 5489
batch 499, loss: 0.0123, instance_loss: 0.0000, weighted_loss: 0.0086, label: 1, bag_size: 3237
batch 519, loss: 0.0002, instance_loss: 0.0000, weighted_loss: 0.0001, label: 0, bag_size: 3652
batch 539, loss: 0.0004, instance_loss: 0.0000, weighted_loss: 0.0003, label: 0, bag_size: 1225
batch 559, loss: 0.0039, instance_loss: 0.0000, weighted_loss: 0.0028, label: 1, bag_size: 4100
batch 579, loss: 0.0014, instance_loss: 0.0000, weighted_loss: 0.0010, label: 0, bag_size: 34683
batch 599, loss: 0.0000, instance_loss: 0.0200, weighted_loss: 0.0060, label: 0, bag_size: 225
batch 619, loss: 0.0021, instance_loss: 0.0000, weighted_loss: 0.0015, label: 1, bag_size: 2769
batch 639, loss: 0.0000, instance_loss: 0.0004, weighted_loss: 0.0001, label: 0, bag_size: 1279


class 0 clustering acc 1.0: correct 5208/5208
class 1 clustering acc 0.9978878648233487: correct 5197/5208
Epoch: 16, train_loss: 0.0436, train_clustering_loss:  0.0055, train_error: 0.0108
class 0: acc 0.9872611464968153, correct 310/314
class 1: acc 0.9910979228486647, correct 334/337

Val Set, val_loss: 0.1328, val_error: 0.0428, auc: 0.9033
class 0 clustering acc 1.0: correct 1496/1496
class 1 clustering acc 0.9993315508021391: correct 1495/1496
class 0: acc 0.9834254143646409, correct 178/181
class 1: acc 0.16666666666666666, correct 1/6
Validation loss decreased (0.151182 --> 0.132800).  Saving model ...


batch 19, loss: 0.0000, instance_loss: 0.0314, weighted_loss: 0.0094, label: 0, bag_size: 2058
batch 39, loss: 0.0008, instance_loss: 0.0000, weighted_loss: 0.0005, label: 1, bag_size: 5414
batch 59, loss: 0.0000, instance_loss: 0.0053, weighted_loss: 0.0016, label: 0, bag_size: 1231
batch 79, loss: 0.0000, instance_loss: 0.0054, weighted_loss: 0.0016, label: 0, bag_size: 478
batch 99, loss: 0.0014, instance_loss: 0.0162, weighted_loss: 0.0058, label: 0, bag_size: 721
batch 119, loss: 0.0017, instance_loss: 0.0006, weighted_loss: 0.0014, label: 0, bag_size: 1862
batch 139, loss: 0.0007, instance_loss: 0.0000, weighted_loss: 0.0005, label: 1, bag_size: 619
batch 159, loss: 0.0165, instance_loss: 0.0000, weighted_loss: 0.0116, label: 1, bag_size: 1138
batch 179, loss: 0.0050, instance_loss: 0.0000, weighted_loss: 0.0035, label: 1, bag_size: 5715
batch 199, loss: 0.0007, instance_loss: 0.0000, weighted_loss: 0.0005, label: 1, bag_size: 1491
batch 219, loss: 0.0001, instance_loss: 0.0000, weighted_loss: 0.0001, label: 1, bag_size: 5528
batch 239, loss: 0.0016, instance_loss: 0.0000, weighted_loss: 0.0011, label: 1, bag_size: 541
batch 259, loss: 0.0014, instance_loss: 0.0000, weighted_loss: 0.0009, label: 1, bag_size: 1293
batch 279, loss: 0.0013, instance_loss: 0.0000, weighted_loss: 0.0009, label: 1, bag_size: 1284
batch 299, loss: 0.0007, instance_loss: 0.0000, weighted_loss: 0.0005, label: 1, bag_size: 1424
batch 319, loss: 0.0008, instance_loss: 0.0000, weighted_loss: 0.0006, label: 0, bag_size: 632
batch 339, loss: 0.0000, instance_loss: 0.0006, weighted_loss: 0.0002, label: 0, bag_size: 593
batch 359, loss: 0.0009, instance_loss: 0.0000, weighted_loss: 0.0006, label: 1, bag_size: 726
batch 379, loss: 0.0057, instance_loss: 0.0000, weighted_loss: 0.0040, label: 1, bag_size: 1553
batch 399, loss: 0.0001, instance_loss: 0.0000, weighted_loss: 0.0001, label: 1, bag_size: 5637
batch 419, loss: 0.0018, instance_loss: 0.0000, weighted_loss: 0.0013, label: 1, bag_size: 1138
batch 439, loss: 0.0009, instance_loss: 0.0000, weighted_loss: 0.0006, label: 1, bag_size: 5140
batch 459, loss: 0.0011, instance_loss: 0.0000, weighted_loss: 0.0008, label: 1, bag_size: 726
batch 479, loss: 0.0030, instance_loss: 0.0015, weighted_loss: 0.0026, label: 1, bag_size: 2291
batch 499, loss: 0.0000, instance_loss: 0.0008, weighted_loss: 0.0002, label: 0, bag_size: 723
batch 519, loss: 0.0000, instance_loss: 0.0036, weighted_loss: 0.0011, label: 0, bag_size: 1101
batch 539, loss: 0.0000, instance_loss: 0.0000, weighted_loss: 0.0000, label: 1, bag_size: 2291
batch 559, loss: 0.0000, instance_loss: 0.0000, weighted_loss: 0.0000, label: 0, bag_size: 702
batch 579, loss: 0.0002, instance_loss: 0.0004, weighted_loss: 0.0003, label: 1, bag_size: 1491
batch 599, loss: 0.0000, instance_loss: 0.0000, weighted_loss: 0.0000, label: 1, bag_size: 1484
batch 619, loss: 0.0001, instance_loss: 0.0008, weighted_loss: 0.0003, label: 1, bag_size: 686
batch 639, loss: 0.0000, instance_loss: 0.0000, weighted_loss: 0.0000, label: 0, bag_size: 6072


class 0 clustering acc 0.9998079877112135: correct 5207/5208
class 1 clustering acc 0.999231950844854: correct 5204/5208
Epoch: 17, train_loss: 0.0035, train_clustering_loss:  0.0035, train_error: 0.0015
class 0: acc 0.9969230769230769, correct 324/325
class 1: acc 1.0, correct 326/326

Val Set, val_loss: 0.2224, val_error: 0.0481, auc: 0.7937
class 0 clustering acc 1.0: correct 1496/1496
class 1 clustering acc 0.9966577540106952: correct 1491/1496
class 0: acc 0.9779005524861878, correct 177/181
class 1: acc 0.16666666666666666, correct 1/6
EarlyStopping counter: 1 out of 20


batch 19, loss: 0.0003, instance_loss: 0.0000, weighted_loss: 0.0002, label: 1, bag_size: 4180
batch 39, loss: 0.0019, instance_loss: 0.0000, weighted_loss: 0.0013, label: 1, bag_size: 3425
batch 59, loss: 0.0000, instance_loss: 0.0000, weighted_loss: 0.0000, label: 0, bag_size: 3652
batch 79, loss: 0.0033, instance_loss: 0.0003, weighted_loss: 0.0024, label: 1, bag_size: 913
batch 99, loss: 0.0008, instance_loss: 0.0000, weighted_loss: 0.0006, label: 0, bag_size: 723
batch 119, loss: 0.0011, instance_loss: 0.0022, weighted_loss: 0.0014, label: 1, bag_size: 686
batch 139, loss: 0.0000, instance_loss: 0.0021, weighted_loss: 0.0007, label: 0, bag_size: 655
batch 159, loss: 0.0002, instance_loss: 0.0000, weighted_loss: 0.0001, label: 1, bag_size: 1491
batch 179, loss: 0.0004, instance_loss: 0.0000, weighted_loss: 0.0003, label: 1, bag_size: 3237
batch 199, loss: 0.0004, instance_loss: 0.0000, weighted_loss: 0.0003, label: 1, bag_size: 1117
batch 219, loss: 0.0000, instance_loss: 0.0000, weighted_loss: 0.0000, label: 0, bag_size: 4014
batch 239, loss: 0.0000, instance_loss: 0.0000, weighted_loss: 0.0000, label: 0, bag_size: 5460
batch 259, loss: 0.0015, instance_loss: 0.0000, weighted_loss: 0.0011, label: 1, bag_size: 5414
batch 279, loss: 0.0000, instance_loss: 0.0000, weighted_loss: 0.0000, label: 0, bag_size: 1096
batch 299, loss: 0.0000, instance_loss: 0.0000, weighted_loss: 0.0000, label: 0, bag_size: 4572
batch 319, loss: 0.0002, instance_loss: 0.0002, weighted_loss: 0.0002, label: 1, bag_size: 2607
batch 339, loss: 0.0000, instance_loss: 0.0015, weighted_loss: 0.0005, label: 0, bag_size: 726
batch 359, loss: 0.0013, instance_loss: 0.0071, weighted_loss: 0.0031, label: 0, bag_size: 468
batch 379, loss: 0.0027, instance_loss: 0.0008, weighted_loss: 0.0021, label: 1, bag_size: 1504
batch 399, loss: 0.0000, instance_loss: 0.0000, weighted_loss: 0.0000, label: 1, bag_size: 4012
batch 419, loss: 0.0001, instance_loss: 0.0000, weighted_loss: 0.0001, label: 1, bag_size: 1293
batch 439, loss: 0.0005, instance_loss: 0.0000, weighted_loss: 0.0003, label: 1, bag_size: 726
batch 459, loss: 0.0000, instance_loss: 0.0032, weighted_loss: 0.0010, label: 0, bag_size: 1866
batch 479, loss: 0.0036, instance_loss: 0.0002, weighted_loss: 0.0026, label: 1, bag_size: 2769
batch 499, loss: 0.0012, instance_loss: 0.0003, weighted_loss: 0.0009, label: 1, bag_size: 2607
batch 519, loss: 0.0000, instance_loss: 0.0000, weighted_loss: 0.0000, label: 1, bag_size: 1484
batch 539, loss: 0.0000, instance_loss: 0.0027, weighted_loss: 0.0008, label: 0, bag_size: 702
batch 559, loss: 0.0004, instance_loss: 0.0000, weighted_loss: 0.0003, label: 1, bag_size: 391
batch 579, loss: 0.0000, instance_loss: 0.0000, weighted_loss: 0.0000, label: 1, bag_size: 5455
batch 599, loss: 0.0000, instance_loss: 0.0005, weighted_loss: 0.0002, label: 1, bag_size: 478
batch 619, loss: 0.0000, instance_loss: 0.0000, weighted_loss: 0.0000, label: 1, bag_size: 1553
batch 639, loss: 0.0000, instance_loss: 0.0000, weighted_loss: 0.0000, label: 1, bag_size: 5455


class 0 clustering acc 0.9998079877112135: correct 5207/5208
class 1 clustering acc 0.9975038402457758: correct 5195/5208
Epoch: 18, train_loss: 0.0177, train_clustering_loss:  0.0059, train_error: 0.0077
class 0: acc 0.9939393939393939, correct 328/330
class 1: acc 0.9906542056074766, correct 318/321

Val Set, val_loss: 0.4122, val_error: 0.0749, auc: 0.6188
class 0 clustering acc 1.0: correct 1496/1496
class 1 clustering acc 0.9973262032085561: correct 1492/1496
class 0: acc 0.9392265193370166, correct 170/181
class 1: acc 0.5, correct 3/6
EarlyStopping counter: 2 out of 20


batch 19, loss: 0.0004, instance_loss: 0.0000, weighted_loss: 0.0003, label: 1, bag_size: 478
batch 39, loss: 0.0001, instance_loss: 0.0000, weighted_loss: 0.0001, label: 1, bag_size: 3425
batch 59, loss: 0.0001, instance_loss: 0.0000, weighted_loss: 0.0001, label: 0, bag_size: 1190
batch 79, loss: 0.0000, instance_loss: 0.0000, weighted_loss: 0.0000, label: 1, bag_size: 5414
batch 99, loss: 0.0000, instance_loss: 0.0020, weighted_loss: 0.0006, label: 0, bag_size: 745
batch 119, loss: 0.0005, instance_loss: 0.0009, weighted_loss: 0.0006, label: 1, bag_size: 2607
batch 139, loss: 0.0005, instance_loss: 0.0000, weighted_loss: 0.0004, label: 1, bag_size: 478
batch 159, loss: 0.0000, instance_loss: 0.0205, weighted_loss: 0.0061, label: 0, bag_size: 434
batch 179, loss: 0.0002, instance_loss: 0.0000, weighted_loss: 0.0002, label: 1, bag_size: 2620
batch 199, loss: 0.0002, instance_loss: 0.0000, weighted_loss: 0.0002, label: 1, bag_size: 4180
batch 219, loss: 0.0000, instance_loss: 0.0000, weighted_loss: 0.0000, label: 1, bag_size: 1491
batch 239, loss: 0.0003, instance_loss: 0.0010, weighted_loss: 0.0005, label: 0, bag_size: 19728
batch 259, loss: 0.0000, instance_loss: 0.0013, weighted_loss: 0.0004, label: 0, bag_size: 1790
batch 279, loss: 0.0005, instance_loss: 0.0000, weighted_loss: 0.0003, label: 0, bag_size: 4355
batch 299, loss: 0.0000, instance_loss: 0.0000, weighted_loss: 0.0000, label: 1, bag_size: 3237
batch 319, loss: 0.0002, instance_loss: 0.0002, weighted_loss: 0.0002, label: 0, bag_size: 842
batch 339, loss: 0.0000, instance_loss: 0.0084, weighted_loss: 0.0025, label: 0, bag_size: 1305
batch 359, loss: 0.0005, instance_loss: 0.0000, weighted_loss: 0.0003, label: 1, bag_size: 1293
batch 379, loss: 0.0002, instance_loss: 0.0003, weighted_loss: 0.0002, label: 0, bag_size: 14189
batch 399, loss: 0.0007, instance_loss: 0.0000, weighted_loss: 0.0005, label: 0, bag_size: 4154
batch 419, loss: 0.0000, instance_loss: 0.0000, weighted_loss: 0.0000, label: 0, bag_size: 701
batch 439, loss: 0.0000, instance_loss: 0.0000, weighted_loss: 0.0000, label: 1, bag_size: 5414
batch 459, loss: 0.0001, instance_loss: 0.0000, weighted_loss: 0.0001, label: 1, bag_size: 882
batch 479, loss: 0.0000, instance_loss: 0.3978, weighted_loss: 0.1193, label: 0, bag_size: 344
batch 499, loss: 0.0156, instance_loss: 0.0000, weighted_loss: 0.0109, label: 1, bag_size: 4100
batch 519, loss: 0.0003, instance_loss: 0.0002, weighted_loss: 0.0002, label: 0, bag_size: 350
batch 539, loss: 0.0000, instance_loss: 0.0002, weighted_loss: 0.0001, label: 0, bag_size: 680
batch 559, loss: 0.0006, instance_loss: 0.0002, weighted_loss: 0.0005, label: 1, bag_size: 541
batch 579, loss: 0.0000, instance_loss: 0.0049, weighted_loss: 0.0015, label: 0, bag_size: 1643
batch 599, loss: 0.0000, instance_loss: 0.0000, weighted_loss: 0.0000, label: 0, bag_size: 840
batch 619, loss: 0.0028, instance_loss: 0.0018, weighted_loss: 0.0025, label: 0, bag_size: 14205
batch 639, loss: 0.0003, instance_loss: 0.0000, weighted_loss: 0.0002, label: 1, bag_size: 5611


class 0 clustering acc 1.0: correct 5208/5208
class 1 clustering acc 0.9980798771121352: correct 5198/5208
Epoch: 19, train_loss: 0.0024, train_clustering_loss:  0.0052, train_error: 0.0000
class 0: acc 1.0, correct 351/351
class 1: acc 1.0, correct 300/300

Val Set, val_loss: 0.3044, val_error: 0.0481, auc: 0.6363
class 0 clustering acc 1.0: correct 1496/1496
class 1 clustering acc 0.9979946524064172: correct 1493/1496
class 0: acc 0.9723756906077348, correct 176/181
class 1: acc 0.3333333333333333, correct 2/6
EarlyStopping counter: 3 out of 20


batch 19, loss: 0.0000, instance_loss: 0.0025, weighted_loss: 0.0008, label: 0, bag_size: 2500
batch 39, loss: 0.0000, instance_loss: 0.0000, weighted_loss: 0.0000, label: 1, bag_size: 619
batch 59, loss: 0.0026, instance_loss: 0.0000, weighted_loss: 0.0018, label: 1, bag_size: 4100
batch 79, loss: 0.0009, instance_loss: 0.0000, weighted_loss: 0.0006, label: 1, bag_size: 5455
batch 99, loss: 0.0075, instance_loss: 0.0000, weighted_loss: 0.0052, label: 0, bag_size: 1499
batch 119, loss: 0.0000, instance_loss: 0.0000, weighted_loss: 0.0000, label: 1, bag_size: 5414
batch 139, loss: 0.0015, instance_loss: 0.0000, weighted_loss: 0.0011, label: 1, bag_size: 541
batch 159, loss: 0.0001, instance_loss: 0.0006, weighted_loss: 0.0003, label: 1, bag_size: 1504
batch 179, loss: 0.0004, instance_loss: 0.0005, weighted_loss: 0.0004, label: 0, bag_size: 1664
batch 199, loss: 0.0005, instance_loss: 0.0000, weighted_loss: 0.0003, label: 1, bag_size: 3719
batch 219, loss: 0.0007, instance_loss: 0.0000, weighted_loss: 0.0005, label: 1, bag_size: 2620
batch 239, loss: 0.0008, instance_loss: 0.0000, weighted_loss: 0.0006, label: 1, bag_size: 686
batch 259, loss: 0.0003, instance_loss: 0.0000, weighted_loss: 0.0002, label: 1, bag_size: 882
batch 279, loss: 0.0000, instance_loss: 0.0000, weighted_loss: 0.0000, label: 0, bag_size: 4580
batch 299, loss: 0.0000, instance_loss: 0.0000, weighted_loss: 0.0000, label: 1, bag_size: 3649
batch 319, loss: 0.0000, instance_loss: 0.0412, weighted_loss: 0.0123, label: 0, bag_size: 1081
batch 339, loss: 0.0006, instance_loss: 0.0000, weighted_loss: 0.0004, label: 1, bag_size: 4100
batch 359, loss: 0.0000, instance_loss: 0.0010, weighted_loss: 0.0003, label: 0, bag_size: 856
batch 379, loss: 0.0000, instance_loss: 0.0000, weighted_loss: 0.0000, label: 0, bag_size: 989
batch 399, loss: 0.0000, instance_loss: 0.0007, weighted_loss: 0.0002, label: 0, bag_size: 701
batch 419, loss: 0.0000, instance_loss: 0.0003, weighted_loss: 0.0001, label: 0, bag_size: 2083
batch 439, loss: 0.0001, instance_loss: 0.0053, weighted_loss: 0.0016, label: 0, bag_size: 468
batch 459, loss: 0.0007, instance_loss: 0.0000, weighted_loss: 0.0005, label: 0, bag_size: 6275
batch 479, loss: 0.0000, instance_loss: 0.0004, weighted_loss: 0.0001, label: 0, bag_size: 818
batch 499, loss: 0.0000, instance_loss: 0.0000, weighted_loss: 0.0000, label: 0, bag_size: 1379
batch 519, loss: 0.0003, instance_loss: 0.0000, weighted_loss: 0.0002, label: 1, bag_size: 1293
batch 539, loss: 0.0010, instance_loss: 0.0000, weighted_loss: 0.0007, label: 1, bag_size: 1138
batch 559, loss: 0.0000, instance_loss: 0.0000, weighted_loss: 0.0000, label: 1, bag_size: 5528
batch 579, loss: 0.0002, instance_loss: 0.0000, weighted_loss: 0.0002, label: 0, bag_size: 4464
batch 599, loss: 0.0002, instance_loss: 0.0000, weighted_loss: 0.0002, label: 0, bag_size: 1361
batch 619, loss: 0.0021, instance_loss: 0.0093, weighted_loss: 0.0042, label: 0, bag_size: 723
batch 639, loss: 0.0001, instance_loss: 0.0000, weighted_loss: 0.0000, label: 1, bag_size: 5715


class 0 clustering acc 0.9996159754224271: correct 5206/5208
class 1 clustering acc 0.9990399385560675: correct 5203/5208
Epoch: 20, train_loss: 0.0006, train_clustering_loss:  0.0041, train_error: 0.0000
class 0: acc 1.0, correct 333/333
class 1: acc 1.0, correct 318/318

Val Set, val_loss: 0.3267, val_error: 0.0481, auc: 0.6317
class 0 clustering acc 1.0: correct 1496/1496
class 1 clustering acc 0.9973262032085561: correct 1492/1496
class 0: acc 0.9779005524861878, correct 177/181
class 1: acc 0.16666666666666666, correct 1/6
EarlyStopping counter: 4 out of 20


batch 19, loss: 0.0000, instance_loss: 0.0007, weighted_loss: 0.0002, label: 0, bag_size: 1820
batch 39, loss: 0.0000, instance_loss: 0.1509, weighted_loss: 0.0453, label: 0, bag_size: 415
batch 59, loss: 0.0004, instance_loss: 0.0000, weighted_loss: 0.0003, label: 1, bag_size: 1138
batch 79, loss: 0.0005, instance_loss: 0.0000, weighted_loss: 0.0004, label: 1, bag_size: 1117
batch 99, loss: 0.0000, instance_loss: 0.0003, weighted_loss: 0.0001, label: 0, bag_size: 1417
batch 119, loss: 0.0001, instance_loss: 0.0000, weighted_loss: 0.0001, label: 1, bag_size: 391
batch 139, loss: 0.0000, instance_loss: 0.0013, weighted_loss: 0.0004, label: 0, bag_size: 1774
batch 159, loss: 0.0006, instance_loss: 0.0006, weighted_loss: 0.0006, label: 1, bag_size: 541
batch 179, loss: 0.0000, instance_loss: 0.0829, weighted_loss: 0.0249, label: 0, bag_size: 452
batch 199, loss: 0.0002, instance_loss: 0.0000, weighted_loss: 0.0002, label: 1, bag_size: 1424
batch 219, loss: 0.0002, instance_loss: 0.0002, weighted_loss: 0.0002, label: 1, bag_size: 541
batch 239, loss: 0.0001, instance_loss: 0.0000, weighted_loss: 0.0001, label: 0, bag_size: 1922
batch 259, loss: 0.0001, instance_loss: 0.0000, weighted_loss: 0.0001, label: 0, bag_size: 4957
batch 279, loss: 0.0002, instance_loss: 0.0002, weighted_loss: 0.0002, label: 1, bag_size: 882
batch 299, loss: 0.0000, instance_loss: 0.0057, weighted_loss: 0.0017, label: 0, bag_size: 300
batch 319, loss: 0.0000, instance_loss: 0.0010, weighted_loss: 0.0003, label: 0, bag_size: 655
batch 339, loss: 0.0000, instance_loss: 0.0017, weighted_loss: 0.0005, label: 0, bag_size: 1299
batch 359, loss: 0.0000, instance_loss: 0.0000, weighted_loss: 0.0000, label: 1, bag_size: 391
batch 379, loss: 0.0000, instance_loss: 0.0000, weighted_loss: 0.0000, label: 0, bag_size: 1154
batch 399, loss: 0.0001, instance_loss: 0.0000, weighted_loss: 0.0000, label: 1, bag_size: 1504
batch 419, loss: 0.0001, instance_loss: 0.0000, weighted_loss: 0.0001, label: 1, bag_size: 913
batch 439, loss: 0.0003, instance_loss: 0.0000, weighted_loss: 0.0002, label: 1, bag_size: 1138
batch 459, loss: 0.0002, instance_loss: 0.0000, weighted_loss: 0.0001, label: 1, bag_size: 5455
batch 479, loss: 0.0000, instance_loss: 0.0000, weighted_loss: 0.0000, label: 1, bag_size: 4012
batch 499, loss: 0.0001, instance_loss: 0.0021, weighted_loss: 0.0007, label: 0, bag_size: 568
batch 519, loss: 0.0000, instance_loss: 0.0000, weighted_loss: 0.0000, label: 1, bag_size: 5073
batch 539, loss: 0.0000, instance_loss: 0.0000, weighted_loss: 0.0000, label: 0, bag_size: 871
batch 559, loss: 0.0000, instance_loss: 0.0000, weighted_loss: 0.0000, label: 0, bag_size: 6741
batch 579, loss: 0.0002, instance_loss: 0.0000, weighted_loss: 0.0001, label: 1, bag_size: 619
batch 599, loss: 0.0000, instance_loss: 0.0000, weighted_loss: 0.0000, label: 1, bag_size: 913
batch 619, loss: 0.0007, instance_loss: 0.0000, weighted_loss: 0.0005, label: 0, bag_size: 2507
batch 639, loss: 0.0001, instance_loss: 0.0005, weighted_loss: 0.0002, label: 0, bag_size: 523


class 0 clustering acc 0.9988479262672811: correct 5202/5208
class 1 clustering acc 0.9973118279569892: correct 5194/5208
Epoch: 21, train_loss: 0.0003, train_clustering_loss:  0.0099, train_error: 0.0000
class 0: acc 1.0, correct 318/318
class 1: acc 1.0, correct 333/333

Val Set, val_loss: 0.3389, val_error: 0.0481, auc: 0.6206
class 0 clustering acc 1.0: correct 1496/1496
class 1 clustering acc 0.9966577540106952: correct 1491/1496
class 0: acc 0.9779005524861878, correct 177/181
class 1: acc 0.16666666666666666, correct 1/6
EarlyStopping counter: 5 out of 20


batch 19, loss: 0.0013, instance_loss: 0.0000, weighted_loss: 0.0009, label: 1, bag_size: 1484
batch 39, loss: 0.0001, instance_loss: 0.0000, weighted_loss: 0.0001, label: 1, bag_size: 5715
batch 59, loss: 0.0000, instance_loss: 0.0000, weighted_loss: 0.0000, label: 0, bag_size: 2280
batch 79, loss: 0.0002, instance_loss: 0.0000, weighted_loss: 0.0002, label: 0, bag_size: 2002
batch 99, loss: 0.0000, instance_loss: 0.0000, weighted_loss: 0.0000, label: 1, bag_size: 5140
batch 119, loss: 0.0000, instance_loss: 0.0011, weighted_loss: 0.0003, label: 0, bag_size: 2242
batch 139, loss: 0.0000, instance_loss: 0.0019, weighted_loss: 0.0006, label: 0, bag_size: 466
batch 159, loss: 0.0000, instance_loss: 0.0033, weighted_loss: 0.0010, label: 0, bag_size: 619
batch 179, loss: 0.0000, instance_loss: 0.0013, weighted_loss: 0.0004, label: 0, bag_size: 698
batch 199, loss: 0.0023, instance_loss: 0.0000, weighted_loss: 0.0016, label: 1, bag_size: 940
batch 219, loss: 0.0000, instance_loss: 0.0000, weighted_loss: 0.0000, label: 1, bag_size: 5637
batch 239, loss: 0.0011, instance_loss: 0.0009, weighted_loss: 0.0011, label: 1, bag_size: 726
batch 259, loss: 0.0000, instance_loss: 0.1816, weighted_loss: 0.0545, label: 0, bag_size: 274
batch 279, loss: 0.0002, instance_loss: 0.0010, weighted_loss: 0.0004, label: 0, bag_size: 14189
batch 299, loss: 0.0000, instance_loss: 0.0000, weighted_loss: 0.0000, label: 1, bag_size: 619
batch 319, loss: 0.0000, instance_loss: 0.0035, weighted_loss: 0.0011, label: 0, bag_size: 743
batch 339, loss: 0.0000, instance_loss: 0.0041, weighted_loss: 0.0012, label: 0, bag_size: 792
batch 359, loss: 0.0000, instance_loss: 0.0004, weighted_loss: 0.0001, label: 0, bag_size: 1705
batch 379, loss: 0.0000, instance_loss: 0.0000, weighted_loss: 0.0000, label: 1, bag_size: 5528
batch 399, loss: 0.0004, instance_loss: 0.0000, weighted_loss: 0.0003, label: 1, bag_size: 4100
batch 419, loss: 0.0000, instance_loss: 0.0012, weighted_loss: 0.0004, label: 0, bag_size: 1096
batch 439, loss: 0.0000, instance_loss: 0.0002, weighted_loss: 0.0001, label: 0, bag_size: 2145
batch 459, loss: 0.0000, instance_loss: 0.0010, weighted_loss: 0.0003, label: 0, bag_size: 918
batch 479, loss: 0.0002, instance_loss: 0.0000, weighted_loss: 0.0002, label: 1, bag_size: 1117
batch 499, loss: 0.0000, instance_loss: 0.0000, weighted_loss: 0.0000, label: 0, bag_size: 1883
batch 519, loss: 0.0002, instance_loss: 0.0000, weighted_loss: 0.0001, label: 1, bag_size: 1284
batch 539, loss: 0.0000, instance_loss: 0.0000, weighted_loss: 0.0000, label: 1, bag_size: 5637
batch 559, loss: 0.0000, instance_loss: 0.0000, weighted_loss: 0.0000, label: 0, bag_size: 686
batch 579, loss: 0.0000, instance_loss: 0.0000, weighted_loss: 0.0000, label: 1, bag_size: 391
batch 599, loss: 0.0001, instance_loss: 0.0000, weighted_loss: 0.0001, label: 1, bag_size: 666
batch 619, loss: 0.0000, instance_loss: 0.0000, weighted_loss: 0.0000, label: 0, bag_size: 1516
batch 639, loss: 0.0001, instance_loss: 0.0000, weighted_loss: 0.0001, label: 0, bag_size: 3546


class 0 clustering acc 0.9998079877112135: correct 5207/5208
class 1 clustering acc 0.9986559139784946: correct 5201/5208
Epoch: 22, train_loss: 0.0002, train_clustering_loss:  0.0032, train_error: 0.0000
class 0: acc 1.0, correct 325/325
class 1: acc 1.0, correct 326/326

Val Set, val_loss: 0.3473, val_error: 0.0535, auc: 0.6225
class 0 clustering acc 1.0: correct 1496/1496
class 1 clustering acc 0.9993315508021391: correct 1495/1496
class 0: acc 0.9723756906077348, correct 176/181
class 1: acc 0.16666666666666666, correct 1/6
EarlyStopping counter: 6 out of 20


batch 19, loss: 0.0006, instance_loss: 0.0017, weighted_loss: 0.0009, label: 1, bag_size: 940
batch 39, loss: 0.0000, instance_loss: 0.0099, weighted_loss: 0.0030, label: 0, bag_size: 1109
batch 59, loss: 0.0000, instance_loss: 0.0072, weighted_loss: 0.0022, label: 0, bag_size: 400
batch 79, loss: 0.0006, instance_loss: 0.0000, weighted_loss: 0.0004, label: 1, bag_size: 882
batch 99, loss: 0.0000, instance_loss: 0.0000, weighted_loss: 0.0000, label: 0, bag_size: 1664
batch 119, loss: 0.0000, instance_loss: 0.0181, weighted_loss: 0.0054, label: 0, bag_size: 305
batch 139, loss: 0.0000, instance_loss: 0.0000, weighted_loss: 0.0000, label: 1, bag_size: 913
batch 159, loss: 0.0000, instance_loss: 0.0003, weighted_loss: 0.0001, label: 0, bag_size: 487
batch 179, loss: 0.0000, instance_loss: 0.0000, weighted_loss: 0.0000, label: 0, bag_size: 770
batch 199, loss: 0.0001, instance_loss: 0.0000, weighted_loss: 0.0001, label: 1, bag_size: 1284
batch 219, loss: 0.0000, instance_loss: 0.0007, weighted_loss: 0.0002, label: 0, bag_size: 745
batch 239, loss: 0.0000, instance_loss: 0.0000, weighted_loss: 0.0000, label: 1, bag_size: 5637
batch 259, loss: 0.0000, instance_loss: 0.0000, weighted_loss: 0.0000, label: 0, bag_size: 1361
batch 279, loss: 0.0000, instance_loss: 0.0000, weighted_loss: 0.0000, label: 1, bag_size: 3237
batch 299, loss: 0.0000, instance_loss: 0.0000, weighted_loss: 0.0000, label: 0, bag_size: 4541
batch 319, loss: 0.0002, instance_loss: 0.0000, weighted_loss: 0.0001, label: 1, bag_size: 5611
batch 339, loss: 0.0000, instance_loss: 0.0000, weighted_loss: 0.0000, label: 1, bag_size: 5414
batch 359, loss: 0.0000, instance_loss: 0.0006, weighted_loss: 0.0002, label: 0, bag_size: 911
batch 379, loss: 0.0000, instance_loss: 0.0000, weighted_loss: 0.0000, label: 1, bag_size: 478
batch 399, loss: 0.0024, instance_loss: 0.0021, weighted_loss: 0.0023, label: 0, bag_size: 739
batch 419, loss: 0.0000, instance_loss: 0.0000, weighted_loss: 0.0000, label: 0, bag_size: 1924
batch 439, loss: 0.0000, instance_loss: 0.0000, weighted_loss: 0.0000, label: 1, bag_size: 882
batch 459, loss: 0.0000, instance_loss: 0.0102, weighted_loss: 0.0031, label: 0, bag_size: 570
batch 479, loss: 0.3350, instance_loss: 0.0016, weighted_loss: 0.2350, label: 1, bag_size: 1504
batch 499, loss: 0.0003, instance_loss: 0.0000, weighted_loss: 0.0002, label: 0, bag_size: 2823
batch 519, loss: 0.0006, instance_loss: 0.0000, weighted_loss: 0.0004, label: 1, bag_size: 5528
batch 539, loss: 0.0000, instance_loss: 0.0000, weighted_loss: 0.0000, label: 0, bag_size: 2280
batch 559, loss: 0.0522, instance_loss: 0.0000, weighted_loss: 0.0366, label: 0, bag_size: 3859
batch 579, loss: 0.0026, instance_loss: 0.0000, weighted_loss: 0.0018, label: 1, bag_size: 478
batch 599, loss: 0.0013, instance_loss: 0.0000, weighted_loss: 0.0009, label: 0, bag_size: 1169
batch 619, loss: 0.0011, instance_loss: 0.0000, weighted_loss: 0.0008, label: 1, bag_size: 882
batch 639, loss: 0.1627, instance_loss: 0.0000, weighted_loss: 0.1139, label: 1, bag_size: 2291


class 0 clustering acc 0.9980798771121352: correct 5198/5208
class 1 clustering acc 0.9988479262672811: correct 5202/5208
Epoch: 23, train_loss: 0.0839, train_clustering_loss:  0.0094, train_error: 0.0215
class 0: acc 0.978125, correct 313/320
class 1: acc 0.9788519637462235, correct 324/331

Val Set, val_loss: 0.4118, val_error: 0.0856, auc: 0.6363
class 0 clustering acc 1.0: correct 1496/1496
class 1 clustering acc 0.9973262032085561: correct 1492/1496
class 0: acc 0.9281767955801105, correct 168/181
class 1: acc 0.5, correct 3/6
EarlyStopping counter: 7 out of 20


batch 19, loss: 0.0003, instance_loss: 0.0000, weighted_loss: 0.0002, label: 0, bag_size: 3931
batch 39, loss: 0.0016, instance_loss: 0.0000, weighted_loss: 0.0011, label: 1, bag_size: 1504
batch 59, loss: 0.0007, instance_loss: 0.0000, weighted_loss: 0.0005, label: 1, bag_size: 4012
batch 79, loss: 0.0019, instance_loss: 0.0000, weighted_loss: 0.0013, label: 0, bag_size: 3265
batch 99, loss: 0.0000, instance_loss: 0.0000, weighted_loss: 0.0000, label: 0, bag_size: 5081
batch 119, loss: 0.0018, instance_loss: 0.0000, weighted_loss: 0.0013, label: 1, bag_size: 5715
batch 139, loss: 0.0000, instance_loss: 0.0005, weighted_loss: 0.0002, label: 0, bag_size: 711
batch 159, loss: 0.0008, instance_loss: 0.1134, weighted_loss: 0.0346, label: 0, bag_size: 926
batch 179, loss: 0.0016, instance_loss: 0.0000, weighted_loss: 0.0011, label: 1, bag_size: 5637
batch 199, loss: 0.0018, instance_loss: 0.0010, weighted_loss: 0.0016, label: 1, bag_size: 2620
batch 219, loss: 0.0195, instance_loss: 0.0000, weighted_loss: 0.0136, label: 1, bag_size: 4180
batch 239, loss: 0.3303, instance_loss: 0.0000, weighted_loss: 0.2312, label: 0, bag_size: 4697
batch 259, loss: 0.0015, instance_loss: 0.0000, weighted_loss: 0.0010, label: 1, bag_size: 4100
batch 279, loss: 0.0006, instance_loss: 0.0004, weighted_loss: 0.0005, label: 0, bag_size: 1574
batch 299, loss: 0.0091, instance_loss: 0.0000, weighted_loss: 0.0063, label: 0, bag_size: 6275
batch 319, loss: 0.0001, instance_loss: 0.0000, weighted_loss: 0.0001, label: 0, bag_size: 3583
batch 339, loss: 0.0001, instance_loss: 0.0000, weighted_loss: 0.0001, label: 1, bag_size: 478
batch 359, loss: 0.0006, instance_loss: 0.0005, weighted_loss: 0.0006, label: 1, bag_size: 1504
batch 379, loss: 0.0005, instance_loss: 0.0160, weighted_loss: 0.0051, label: 0, bag_size: 468
batch 399, loss: 0.0000, instance_loss: 0.0000, weighted_loss: 0.0000, label: 0, bag_size: 5124
batch 419, loss: 0.0005, instance_loss: 0.0019, weighted_loss: 0.0009, label: 1, bag_size: 5073
batch 439, loss: 0.1354, instance_loss: 0.0000, weighted_loss: 0.0948, label: 0, bag_size: 822
batch 459, loss: 0.0200, instance_loss: 0.0000, weighted_loss: 0.0140, label: 0, bag_size: 4285
batch 479, loss: 0.0002, instance_loss: 0.0000, weighted_loss: 0.0001, label: 0, bag_size: 3734
batch 499, loss: 0.0004, instance_loss: 0.0000, weighted_loss: 0.0003, label: 1, bag_size: 5637
batch 519, loss: 0.0019, instance_loss: 0.0000, weighted_loss: 0.0013, label: 1, bag_size: 1491
batch 539, loss: 0.0002, instance_loss: 0.0000, weighted_loss: 0.0001, label: 0, bag_size: 3690
batch 559, loss: 0.0010, instance_loss: 0.0000, weighted_loss: 0.0007, label: 1, bag_size: 1284
batch 579, loss: 0.0032, instance_loss: 0.0000, weighted_loss: 0.0022, label: 0, bag_size: 1647
batch 599, loss: 0.0002, instance_loss: 0.0000, weighted_loss: 0.0002, label: 1, bag_size: 5414
batch 619, loss: 0.0003, instance_loss: 0.0000, weighted_loss: 0.0002, label: 1, bag_size: 3425
batch 639, loss: 0.0024, instance_loss: 0.0000, weighted_loss: 0.0017, label: 0, bag_size: 14205


class 0 clustering acc 0.9988479262672811: correct 5202/5208
class 1 clustering acc 0.9969278033794163: correct 5192/5208
Epoch: 24, train_loss: 0.0069, train_clustering_loss:  0.0191, train_error: 0.0000
class 0: acc 1.0, correct 325/325
class 1: acc 1.0, correct 326/326

Val Set, val_loss: 0.3156, val_error: 0.0481, auc: 0.6483
class 0 clustering acc 1.0: correct 1496/1496
class 1 clustering acc 0.9973262032085561: correct 1492/1496
class 0: acc 0.9723756906077348, correct 176/181
class 1: acc 0.3333333333333333, correct 2/6
EarlyStopping counter: 8 out of 20


batch 19, loss: 0.0005, instance_loss: 0.0000, weighted_loss: 0.0003, label: 1, bag_size: 1491
batch 39, loss: 0.0001, instance_loss: 0.0000, weighted_loss: 0.0000, label: 0, bag_size: 975
batch 59, loss: 0.0016, instance_loss: 0.0000, weighted_loss: 0.0011, label: 1, bag_size: 1424
batch 79, loss: 0.0017, instance_loss: 0.0000, weighted_loss: 0.0012, label: 1, bag_size: 1424
batch 99, loss: 0.0003, instance_loss: 0.0003, weighted_loss: 0.0003, label: 0, bag_size: 1240
batch 119, loss: 0.0001, instance_loss: 0.0000, weighted_loss: 0.0001, label: 1, bag_size: 1293
batch 139, loss: 0.0131, instance_loss: 0.0000, weighted_loss: 0.0091, label: 1, bag_size: 5611
batch 159, loss: 0.0000, instance_loss: 0.0000, weighted_loss: 0.0000, label: 0, bag_size: 1102
batch 179, loss: 0.0083, instance_loss: 0.0000, weighted_loss: 0.0058, label: 1, bag_size: 5611
batch 199, loss: 0.0005, instance_loss: 0.0000, weighted_loss: 0.0004, label: 1, bag_size: 2769
batch 219, loss: 0.0000, instance_loss: 0.0242, weighted_loss: 0.0073, label: 0, bag_size: 667
batch 239, loss: 0.0000, instance_loss: 0.0000, weighted_loss: 0.0000, label: 0, bag_size: 6072
batch 259, loss: 0.0000, instance_loss: 0.0003, weighted_loss: 0.0001, label: 0, bag_size: 1363
batch 279, loss: 0.0152, instance_loss: 0.0000, weighted_loss: 0.0107, label: 1, bag_size: 882
batch 299, loss: 0.0002, instance_loss: 0.0006, weighted_loss: 0.0004, label: 0, bag_size: 3483
batch 319, loss: 0.0000, instance_loss: 0.7939, weighted_loss: 0.2382, label: 0, bag_size: 467
batch 339, loss: 0.0000, instance_loss: 0.0056, weighted_loss: 0.0017, label: 0, bag_size: 350
batch 359, loss: 0.0000, instance_loss: 0.0662, weighted_loss: 0.0199, label: 0, bag_size: 569
batch 379, loss: 0.0003, instance_loss: 0.0000, weighted_loss: 0.0002, label: 0, bag_size: 3506
batch 399, loss: 0.0056, instance_loss: 0.0000, weighted_loss: 0.0039, label: 0, bag_size: 5486
batch 419, loss: 0.0001, instance_loss: 0.0000, weighted_loss: 0.0001, label: 1, bag_size: 5140
batch 439, loss: 0.0024, instance_loss: 0.0017, weighted_loss: 0.0022, label: 0, bag_size: 489
batch 459, loss: 0.0000, instance_loss: 0.0000, weighted_loss: 0.0000, label: 0, bag_size: 4104
batch 479, loss: 0.0269, instance_loss: 0.0000, weighted_loss: 0.0188, label: 0, bag_size: 3856
batch 499, loss: 0.0003, instance_loss: 0.0000, weighted_loss: 0.0002, label: 1, bag_size: 4100
batch 519, loss: 0.0001, instance_loss: 0.0000, weighted_loss: 0.0001, label: 1, bag_size: 5637
batch 539, loss: 0.2638, instance_loss: 0.0035, weighted_loss: 0.1857, label: 0, bag_size: 842
batch 559, loss: 0.0000, instance_loss: 0.0000, weighted_loss: 0.0000, label: 0, bag_size: 1033
batch 579, loss: 0.0001, instance_loss: 0.0016, weighted_loss: 0.0005, label: 1, bag_size: 2291
batch 599, loss: 0.0000, instance_loss: 0.0136, weighted_loss: 0.0041, label: 0, bag_size: 225
batch 619, loss: 0.0000, instance_loss: 0.0494, weighted_loss: 0.0148, label: 0, bag_size: 1010
batch 639, loss: 0.0000, instance_loss: 0.0340, weighted_loss: 0.0102, label: 0, bag_size: 1398


class 0 clustering acc 0.9990399385560675: correct 5203/5208
class 1 clustering acc 0.9951996927803379: correct 5183/5208
Epoch: 25, train_loss: 0.0034, train_clustering_loss:  0.0211, train_error: 0.0000
class 0: acc 1.0, correct 322/322
class 1: acc 1.0, correct 329/329

Val Set, val_loss: 0.3334, val_error: 0.0535, auc: 0.6501
class 0 clustering acc 1.0: correct 1496/1496
class 1 clustering acc 0.9966577540106952: correct 1491/1496
class 0: acc 0.9668508287292817, correct 175/181
class 1: acc 0.3333333333333333, correct 2/6
EarlyStopping counter: 9 out of 20


batch 19, loss: 0.0001, instance_loss: 0.0000, weighted_loss: 0.0001, label: 1, bag_size: 3237
batch 39, loss: 0.0001, instance_loss: 0.0000, weighted_loss: 0.0000, label: 1, bag_size: 5414
batch 59, loss: 0.0002, instance_loss: 0.0000, weighted_loss: 0.0001, label: 0, bag_size: 3884
batch 79, loss: 0.0038, instance_loss: 0.0000, weighted_loss: 0.0027, label: 1, bag_size: 5611
batch 99, loss: 0.0000, instance_loss: 0.0009, weighted_loss: 0.0003, label: 1, bag_size: 2291
batch 119, loss: 0.0000, instance_loss: 0.0000, weighted_loss: 0.0000, label: 1, bag_size: 5455
batch 139, loss: 0.0005, instance_loss: 0.0000, weighted_loss: 0.0003, label: 1, bag_size: 1117
batch 159, loss: 0.0004, instance_loss: 0.0000, weighted_loss: 0.0002, label: 0, bag_size: 4164
batch 179, loss: 0.0000, instance_loss: 0.1053, weighted_loss: 0.0316, label: 0, bag_size: 1005
batch 199, loss: 0.0010, instance_loss: 0.0000, weighted_loss: 0.0007, label: 1, bag_size: 541
batch 219, loss: 0.0000, instance_loss: 0.0074, weighted_loss: 0.0022, label: 0, bag_size: 953
batch 239, loss: 0.0001, instance_loss: 0.0000, weighted_loss: 0.0001, label: 0, bag_size: 4160
batch 259, loss: 0.0000, instance_loss: 0.0000, weighted_loss: 0.0000, label: 1, bag_size: 666
batch 279, loss: 0.0000, instance_loss: 0.0140, weighted_loss: 0.0042, label: 0, bag_size: 842
batch 299, loss: 0.0000, instance_loss: 0.0000, weighted_loss: 0.0000, label: 0, bag_size: 4429
batch 319, loss: 0.0000, instance_loss: 0.0000, weighted_loss: 0.0000, label: 1, bag_size: 2531
batch 339, loss: 0.0002, instance_loss: 0.0000, weighted_loss: 0.0001, label: 1, bag_size: 5073
batch 359, loss: 0.0002, instance_loss: 0.0021, weighted_loss: 0.0007, label: 0, bag_size: 2235
batch 379, loss: 0.0002, instance_loss: 0.0000, weighted_loss: 0.0002, label: 0, bag_size: 4348
batch 399, loss: 0.0000, instance_loss: 0.0064, weighted_loss: 0.0019, label: 0, bag_size: 2500
batch 419, loss: 0.0005, instance_loss: 0.0106, weighted_loss: 0.0035, label: 0, bag_size: 468
batch 439, loss: 0.0003, instance_loss: 0.0000, weighted_loss: 0.0002, label: 1, bag_size: 1138
batch 459, loss: 0.0001, instance_loss: 0.0554, weighted_loss: 0.0167, label: 0, bag_size: 1223
batch 479, loss: 0.0029, instance_loss: 0.0000, weighted_loss: 0.0021, label: 1, bag_size: 5611
batch 499, loss: 0.0001, instance_loss: 0.0000, weighted_loss: 0.0000, label: 1, bag_size: 3649
batch 519, loss: 0.0003, instance_loss: 0.0000, weighted_loss: 0.0002, label: 1, bag_size: 3425
batch 539, loss: 0.0000, instance_loss: 0.0000, weighted_loss: 0.0000, label: 0, bag_size: 1531
batch 559, loss: 0.0000, instance_loss: 0.0718, weighted_loss: 0.0215, label: 0, bag_size: 781
batch 579, loss: 0.0000, instance_loss: 0.7449, weighted_loss: 0.2235, label: 0, bag_size: 305
batch 599, loss: 0.0000, instance_loss: 0.0000, weighted_loss: 0.0000, label: 1, bag_size: 619
batch 619, loss: 0.0001, instance_loss: 0.0002, weighted_loss: 0.0001, label: 1, bag_size: 5637
batch 639, loss: 0.0000, instance_loss: 0.0000, weighted_loss: 0.0000, label: 0, bag_size: 829


class 0 clustering acc 0.9959677419354839: correct 5187/5208
class 1 clustering acc 0.9871351766513057: correct 5141/5208
Epoch: 26, train_loss: 0.0007, train_clustering_loss:  0.0528, train_error: 0.0000
class 0: acc 1.0, correct 343/343
class 1: acc 1.0, correct 308/308

Val Set, val_loss: 0.3399, val_error: 0.0428, auc: 0.6538
class 0 clustering acc 0.9993315508021391: correct 1495/1496
class 1 clustering acc 0.9953208556149733: correct 1489/1496
class 0: acc 0.988950276243094, correct 179/181
class 1: acc 0.0, correct 0/6
EarlyStopping counter: 10 out of 20


batch 19, loss: 0.0000, instance_loss: 0.1703, weighted_loss: 0.0511, label: 0, bag_size: 925
batch 39, loss: 0.0004, instance_loss: 0.0000, weighted_loss: 0.0003, label: 1, bag_size: 541
batch 59, loss: 0.0000, instance_loss: 0.0000, weighted_loss: 0.0000, label: 0, bag_size: 894
batch 79, loss: 0.0003, instance_loss: 0.0000, weighted_loss: 0.0002, label: 1, bag_size: 3237
batch 99, loss: 0.0001, instance_loss: 0.0000, weighted_loss: 0.0001, label: 1, bag_size: 726
batch 119, loss: 0.0005, instance_loss: 0.0000, weighted_loss: 0.0003, label: 1, bag_size: 1424
batch 139, loss: 0.0001, instance_loss: 0.0000, weighted_loss: 0.0001, label: 1, bag_size: 1491
batch 159, loss: 0.0000, instance_loss: 0.0086, weighted_loss: 0.0026, label: 0, bag_size: 248
batch 179, loss: 0.0013, instance_loss: 0.0000, weighted_loss: 0.0009, label: 1, bag_size: 1284
batch 199, loss: 0.0000, instance_loss: 0.0000, weighted_loss: 0.0000, label: 0, bag_size: 1705
batch 219, loss: 0.0001, instance_loss: 0.0005, weighted_loss: 0.0002, label: 1, bag_size: 5073
batch 239, loss: 0.0001, instance_loss: 0.0000, weighted_loss: 0.0001, label: 1, bag_size: 5414
batch 259, loss: 0.0002, instance_loss: 0.0000, weighted_loss: 0.0002, label: 1, bag_size: 1553
batch 279, loss: 0.0000, instance_loss: 2.6606, weighted_loss: 0.7982, label: 0, bag_size: 452
batch 299, loss: 0.0041, instance_loss: 0.0000, weighted_loss: 0.0028, label: 0, bag_size: 3479
batch 319, loss: 0.0002, instance_loss: 0.0000, weighted_loss: 0.0002, label: 1, bag_size: 3425
batch 339, loss: 0.0002, instance_loss: 0.0000, weighted_loss: 0.0001, label: 1, bag_size: 2607
batch 359, loss: 0.0000, instance_loss: 0.0000, weighted_loss: 0.0000, label: 0, bag_size: 2617
batch 379, loss: 0.2586, instance_loss: 0.0000, weighted_loss: 0.1810, label: 0, bag_size: 3818
batch 399, loss: 0.0003, instance_loss: 0.0000, weighted_loss: 0.0002, label: 1, bag_size: 726
batch 419, loss: 0.0000, instance_loss: 0.0000, weighted_loss: 0.0000, label: 1, bag_size: 5414
batch 439, loss: 0.0000, instance_loss: 0.2471, weighted_loss: 0.0741, label: 0, bag_size: 710
batch 459, loss: 0.0001, instance_loss: 0.0000, weighted_loss: 0.0000, label: 0, bag_size: 3762
batch 479, loss: 0.0000, instance_loss: 0.0000, weighted_loss: 0.0000, label: 0, bag_size: 4217
batch 499, loss: 0.0004, instance_loss: 0.0000, weighted_loss: 0.0003, label: 1, bag_size: 1284
batch 519, loss: 0.0001, instance_loss: 0.0027, weighted_loss: 0.0009, label: 0, bag_size: 2823
batch 539, loss: 0.0000, instance_loss: 0.0476, weighted_loss: 0.0143, label: 0, bag_size: 453
batch 559, loss: 0.0000, instance_loss: 0.0065, weighted_loss: 0.0020, label: 0, bag_size: 1190
batch 579, loss: 0.0001, instance_loss: 0.0000, weighted_loss: 0.0001, label: 1, bag_size: 1553
batch 599, loss: 0.0000, instance_loss: 0.0000, weighted_loss: 0.0000, label: 1, bag_size: 4012
batch 619, loss: 0.0000, instance_loss: 0.2628, weighted_loss: 0.0788, label: 0, bag_size: 274
batch 639, loss: 0.0001, instance_loss: 0.0040, weighted_loss: 0.0012, label: 0, bag_size: 1664


class 0 clustering acc 0.9971198156682027: correct 5193/5208
class 1 clustering acc 0.988863287250384: correct 5150/5208
Epoch: 27, train_loss: 0.0012, train_clustering_loss:  0.0383, train_error: 0.0000
class 0: acc 1.0, correct 326/326
class 1: acc 1.0, correct 325/325

Val Set, val_loss: 0.3455, val_error: 0.0428, auc: 0.6409
class 0 clustering acc 1.0: correct 1496/1496
class 1 clustering acc 0.9953208556149733: correct 1489/1496
class 0: acc 0.9834254143646409, correct 178/181
class 1: acc 0.16666666666666666, correct 1/6
EarlyStopping counter: 11 out of 20


batch 19, loss: 0.0011, instance_loss: 0.0000, weighted_loss: 0.0007, label: 1, bag_size: 4180
batch 39, loss: 0.0000, instance_loss: 0.0007, weighted_loss: 0.0002, label: 0, bag_size: 1499
batch 59, loss: 0.0000, instance_loss: 0.0000, weighted_loss: 0.0000, label: 0, bag_size: 320
batch 79, loss: 0.0001, instance_loss: 0.0000, weighted_loss: 0.0001, label: 1, bag_size: 4100
batch 99, loss: 0.0001, instance_loss: 0.0006, weighted_loss: 0.0003, label: 0, bag_size: 1486
batch 119, loss: 0.0000, instance_loss: 0.0000, weighted_loss: 0.0000, label: 0, bag_size: 950
batch 139, loss: 0.0000, instance_loss: 0.0000, weighted_loss: 0.0000, label: 0, bag_size: 10274
batch 159, loss: 0.0000, instance_loss: 0.2874, weighted_loss: 0.0862, label: 0, bag_size: 1068
batch 179, loss: 0.0001, instance_loss: 0.0006, weighted_loss: 0.0003, label: 0, bag_size: 4541
batch 199, loss: 0.0000, instance_loss: 0.0003, weighted_loss: 0.0001, label: 0, bag_size: 1440
batch 219, loss: 0.0000, instance_loss: 0.0000, weighted_loss: 0.0000, label: 1, bag_size: 3425
batch 239, loss: 0.0000, instance_loss: 0.0000, weighted_loss: 0.0000, label: 0, bag_size: 1010
batch 259, loss: 0.0000, instance_loss: 0.0000, weighted_loss: 0.0000, label: 1, bag_size: 4012
batch 279, loss: 0.0000, instance_loss: 0.0000, weighted_loss: 0.0000, label: 0, bag_size: 1440
batch 299, loss: 0.0001, instance_loss: 0.0000, weighted_loss: 0.0001, label: 1, bag_size: 2769
batch 319, loss: 0.0001, instance_loss: 0.0002, weighted_loss: 0.0002, label: 1, bag_size: 5073
batch 339, loss: 0.0000, instance_loss: 0.0000, weighted_loss: 0.0000, label: 0, bag_size: 520
batch 359, loss: 0.0000, instance_loss: 0.0141, weighted_loss: 0.0042, label: 0, bag_size: 733
batch 379, loss: 0.0001, instance_loss: 0.0002, weighted_loss: 0.0001, label: 1, bag_size: 940
batch 399, loss: 0.0000, instance_loss: 0.0000, weighted_loss: 0.0000, label: 1, bag_size: 3719
batch 419, loss: 0.0013, instance_loss: 0.0004, weighted_loss: 0.0010, label: 1, bag_size: 5073
batch 439, loss: 0.0000, instance_loss: 0.0000, weighted_loss: 0.0000, label: 1, bag_size: 3425
batch 459, loss: 0.0000, instance_loss: 0.0000, weighted_loss: 0.0000, label: 1, bag_size: 5637
batch 479, loss: 0.0000, instance_loss: 0.0000, weighted_loss: 0.0000, label: 1, bag_size: 1491
batch 499, loss: 0.0005, instance_loss: 0.0000, weighted_loss: 0.0003, label: 1, bag_size: 1424
batch 519, loss: 0.0000, instance_loss: 0.0007, weighted_loss: 0.0002, label: 0, bag_size: 894
batch 539, loss: 0.0000, instance_loss: 0.0000, weighted_loss: 0.0000, label: 1, bag_size: 1484
batch 559, loss: 0.0000, instance_loss: 0.0000, weighted_loss: 0.0000, label: 1, bag_size: 2291
batch 579, loss: 0.0002, instance_loss: 0.0000, weighted_loss: 0.0001, label: 0, bag_size: 4013
batch 599, loss: 0.0000, instance_loss: 0.0000, weighted_loss: 0.0000, label: 0, bag_size: 4556
batch 619, loss: 0.0000, instance_loss: 0.0177, weighted_loss: 0.0053, label: 0, bag_size: 1279
batch 639, loss: 0.0000, instance_loss: 0.0011, weighted_loss: 0.0003, label: 0, bag_size: 2058


class 0 clustering acc 0.9969278033794163: correct 5192/5208
class 1 clustering acc 0.9886712749615976: correct 5149/5208
Epoch: 28, train_loss: 0.0002, train_clustering_loss:  0.0362, train_error: 0.0000
class 0: acc 1.0, correct 332/332
class 1: acc 1.0, correct 319/319

Val Set, val_loss: 0.3531, val_error: 0.0481, auc: 0.6243
class 0 clustering acc 1.0: correct 1496/1496
class 1 clustering acc 0.9973262032085561: correct 1492/1496
class 0: acc 0.9779005524861878, correct 177/181
class 1: acc 0.16666666666666666, correct 1/6
EarlyStopping counter: 12 out of 20


batch 19, loss: 0.0000, instance_loss: 0.0000, weighted_loss: 0.0000, label: 1, bag_size: 1117
batch 39, loss: 0.0000, instance_loss: 0.0000, weighted_loss: 0.0000, label: 0, bag_size: 4073
batch 59, loss: 0.0000, instance_loss: 0.0000, weighted_loss: 0.0000, label: 1, bag_size: 1484
batch 79, loss: 0.0008, instance_loss: 0.0006, weighted_loss: 0.0008, label: 0, bag_size: 14205
batch 99, loss: 0.0000, instance_loss: 0.0167, weighted_loss: 0.0050, label: 0, bag_size: 1504
batch 119, loss: 0.0000, instance_loss: 0.0000, weighted_loss: 0.0000, label: 1, bag_size: 391
batch 139, loss: 0.0000, instance_loss: 0.0000, weighted_loss: 0.0000, label: 0, bag_size: 3728
batch 159, loss: 0.0004, instance_loss: 0.0000, weighted_loss: 0.0003, label: 1, bag_size: 5715
batch 179, loss: 0.0000, instance_loss: 0.0059, weighted_loss: 0.0018, label: 0, bag_size: 739
batch 199, loss: 0.0000, instance_loss: 0.0000, weighted_loss: 0.0000, label: 1, bag_size: 478
batch 219, loss: 0.0000, instance_loss: 0.0000, weighted_loss: 0.0000, label: 0, bag_size: 2364
batch 239, loss: 0.0000, instance_loss: 0.0000, weighted_loss: 0.0000, label: 0, bag_size: 2722
batch 259, loss: 0.0001, instance_loss: 0.0000, weighted_loss: 0.0001, label: 1, bag_size: 1138
batch 279, loss: 0.0000, instance_loss: 0.1280, weighted_loss: 0.0384, label: 0, bag_size: 927
batch 299, loss: 0.0000, instance_loss: 0.0000, weighted_loss: 0.0000, label: 0, bag_size: 4448
batch 319, loss: 0.0000, instance_loss: 0.0197, weighted_loss: 0.0059, label: 0, bag_size: 2326
batch 339, loss: 0.0000, instance_loss: 0.0085, weighted_loss: 0.0025, label: 0, bag_size: 731
batch 359, loss: 0.0000, instance_loss: 0.0055, weighted_loss: 0.0017, label: 0, bag_size: 1267
batch 379, loss: 0.0001, instance_loss: 0.0000, weighted_loss: 0.0000, label: 1, bag_size: 3649
batch 399, loss: 0.0000, instance_loss: 0.0000, weighted_loss: 0.0000, label: 0, bag_size: 3507
batch 419, loss: 0.0000, instance_loss: 0.0000, weighted_loss: 0.0000, label: 1, bag_size: 1504
batch 439, loss: 0.0000, instance_loss: 0.0000, weighted_loss: 0.0000, label: 1, bag_size: 5073
batch 459, loss: 0.0000, instance_loss: 0.0000, weighted_loss: 0.0000, label: 1, bag_size: 478
batch 479, loss: 0.0002, instance_loss: 0.0000, weighted_loss: 0.0002, label: 1, bag_size: 1117
batch 499, loss: 0.0000, instance_loss: 0.0143, weighted_loss: 0.0043, label: 0, bag_size: 920
batch 519, loss: 0.0000, instance_loss: 0.0000, weighted_loss: 0.0000, label: 0, bag_size: 1547
batch 539, loss: 0.0000, instance_loss: 0.0000, weighted_loss: 0.0000, label: 1, bag_size: 686
batch 559, loss: 0.0000, instance_loss: 0.0002, weighted_loss: 0.0001, label: 0, bag_size: 1991
batch 579, loss: 0.0000, instance_loss: 0.0000, weighted_loss: 0.0000, label: 1, bag_size: 2291
batch 599, loss: 0.0000, instance_loss: 0.0000, weighted_loss: 0.0000, label: 0, bag_size: 4337
batch 619, loss: 0.0001, instance_loss: 0.0020, weighted_loss: 0.0007, label: 0, bag_size: 1175
batch 639, loss: 0.0011, instance_loss: 0.0000, weighted_loss: 0.0007, label: 0, bag_size: 413


class 0 clustering acc 0.999231950844854: correct 5204/5208
class 1 clustering acc 0.9923195084485407: correct 5168/5208
Epoch: 29, train_loss: 0.0002, train_clustering_loss:  0.0236, train_error: 0.0000
class 0: acc 1.0, correct 325/325
class 1: acc 1.0, correct 326/326

Val Set, val_loss: 0.3631, val_error: 0.0428, auc: 0.6289
class 0 clustering acc 1.0: correct 1496/1496
class 1 clustering acc 0.9966577540106952: correct 1491/1496
class 0: acc 0.9834254143646409, correct 178/181
class 1: acc 0.16666666666666666, correct 1/6
EarlyStopping counter: 13 out of 20


batch 19, loss: 0.0018, instance_loss: 0.0000, weighted_loss: 0.0012, label: 1, bag_size: 726
batch 39, loss: 0.0000, instance_loss: 0.0006, weighted_loss: 0.0002, label: 0, bag_size: 1083
batch 59, loss: 0.0000, instance_loss: 0.0000, weighted_loss: 0.0000, label: 1, bag_size: 478
batch 79, loss: 0.0000, instance_loss: 0.0006, weighted_loss: 0.0002, label: 0, bag_size: 593
batch 99, loss: 0.0000, instance_loss: 0.0000, weighted_loss: 0.0000, label: 1, bag_size: 478
batch 119, loss: 0.0000, instance_loss: 0.0000, weighted_loss: 0.0000, label: 1, bag_size: 3649
batch 139, loss: 0.0000, instance_loss: 0.0000, weighted_loss: 0.0000, label: 1, bag_size: 391
batch 159, loss: 0.0001, instance_loss: 0.0000, weighted_loss: 0.0001, label: 1, bag_size: 666
batch 179, loss: 0.0000, instance_loss: 0.0000, weighted_loss: 0.0000, label: 0, bag_size: 624
batch 199, loss: 0.0000, instance_loss: 0.6844, weighted_loss: 0.2053, label: 0, bag_size: 724
batch 219, loss: 0.0010, instance_loss: 0.0000, weighted_loss: 0.0007, label: 1, bag_size: 5611
batch 239, loss: 0.0000, instance_loss: 0.0000, weighted_loss: 0.0000, label: 1, bag_size: 5073
batch 259, loss: 0.0000, instance_loss: 0.0000, weighted_loss: 0.0000, label: 1, bag_size: 541
batch 279, loss: 0.0001, instance_loss: 0.0000, weighted_loss: 0.0000, label: 1, bag_size: 2607
batch 299, loss: 0.0000, instance_loss: 0.0000, weighted_loss: 0.0000, label: 1, bag_size: 3649
batch 319, loss: 0.0000, instance_loss: 0.0008, weighted_loss: 0.0002, label: 0, bag_size: 320
batch 339, loss: 0.0000, instance_loss: 0.0102, weighted_loss: 0.0031, label: 0, bag_size: 1393
batch 359, loss: 0.0000, instance_loss: 0.0000, weighted_loss: 0.0000, label: 1, bag_size: 1484
batch 379, loss: 0.0002, instance_loss: 0.0000, weighted_loss: 0.0001, label: 1, bag_size: 1424
batch 399, loss: 0.0000, instance_loss: 0.0029, weighted_loss: 0.0009, label: 0, bag_size: 2058
batch 419, loss: 0.0002, instance_loss: 0.0462, weighted_loss: 0.0140, label: 0, bag_size: 251
batch 439, loss: 0.0000, instance_loss: 0.0000, weighted_loss: 0.0000, label: 1, bag_size: 5455
batch 459, loss: 0.0000, instance_loss: 0.0000, weighted_loss: 0.0000, label: 1, bag_size: 5414
batch 479, loss: 0.0002, instance_loss: 0.0271, weighted_loss: 0.0082, label: 0, bag_size: 277
batch 499, loss: 0.0000, instance_loss: 0.0000, weighted_loss: 0.0000, label: 0, bag_size: 2369
batch 519, loss: 0.0000, instance_loss: 0.0000, weighted_loss: 0.0000, label: 1, bag_size: 2291
batch 539, loss: 0.0000, instance_loss: 0.0014, weighted_loss: 0.0004, label: 0, bag_size: 799
batch 559, loss: 0.0000, instance_loss: 0.0000, weighted_loss: 0.0000, label: 0, bag_size: 4014
batch 579, loss: 0.0000, instance_loss: 0.5662, weighted_loss: 0.1699, label: 0, bag_size: 492
batch 599, loss: 0.0000, instance_loss: 0.0000, weighted_loss: 0.0000, label: 0, bag_size: 5207
batch 619, loss: 0.0000, instance_loss: 0.1188, weighted_loss: 0.0357, label: 0, bag_size: 225
batch 639, loss: 0.0000, instance_loss: 0.0025, weighted_loss: 0.0008, label: 0, bag_size: 1432


class 0 clustering acc 0.9976958525345622: correct 5196/5208
class 1 clustering acc 0.9919354838709677: correct 5166/5208
Epoch: 30, train_loss: 0.0001, train_clustering_loss:  0.0242, train_error: 0.0000
class 0: acc 1.0, correct 332/332
class 1: acc 1.0, correct 319/319

Val Set, val_loss: 0.3820, val_error: 0.0535, auc: 0.6197
class 0 clustering acc 1.0: correct 1496/1496
class 1 clustering acc 0.9959893048128342: correct 1490/1496
class 0: acc 0.9668508287292817, correct 175/181
class 1: acc 0.3333333333333333, correct 2/6
EarlyStopping counter: 14 out of 20


batch 19, loss: 0.0000, instance_loss: 0.0000, weighted_loss: 0.0000, label: 0, bag_size: 1388
batch 39, loss: 0.0000, instance_loss: 0.0000, weighted_loss: 0.0000, label: 0, bag_size: 3671
batch 59, loss: 0.0000, instance_loss: 0.0005, weighted_loss: 0.0002, label: 0, bag_size: 4541
batch 79, loss: 0.0002, instance_loss: 0.0000, weighted_loss: 0.0001, label: 1, bag_size: 3237
batch 99, loss: 0.0000, instance_loss: 0.0000, weighted_loss: 0.0000, label: 0, bag_size: 259
batch 119, loss: 0.0009, instance_loss: 0.0000, weighted_loss: 0.0006, label: 0, bag_size: 4285
batch 139, loss: 0.0000, instance_loss: 0.0000, weighted_loss: 0.0000, label: 1, bag_size: 619
batch 159, loss: 0.0000, instance_loss: 0.0000, weighted_loss: 0.0000, label: 0, bag_size: 1270
batch 179, loss: 0.0000, instance_loss: 0.0000, weighted_loss: 0.0000, label: 1, bag_size: 666
batch 199, loss: 0.0001, instance_loss: 0.0000, weighted_loss: 0.0001, label: 1, bag_size: 2531
batch 219, loss: 0.0000, instance_loss: 0.0018, weighted_loss: 0.0005, label: 0, bag_size: 1309
batch 239, loss: 0.0000, instance_loss: 0.0000, weighted_loss: 0.0000, label: 0, bag_size: 3931
batch 259, loss: 0.0001, instance_loss: 0.0000, weighted_loss: 0.0001, label: 1, bag_size: 1284
batch 279, loss: 0.0000, instance_loss: 0.0331, weighted_loss: 0.0099, label: 0, bag_size: 493
batch 299, loss: 0.0001, instance_loss: 0.0000, weighted_loss: 0.0001, label: 0, bag_size: 4414
batch 319, loss: 0.0000, instance_loss: 0.0009, weighted_loss: 0.0003, label: 0, bag_size: 2478
batch 339, loss: 0.0001, instance_loss: 0.0000, weighted_loss: 0.0000, label: 1, bag_size: 3237
batch 359, loss: 0.0320, instance_loss: 0.0000, weighted_loss: 0.0224, label: 0, bag_size: 14189
batch 379, loss: 0.0002, instance_loss: 0.0000, weighted_loss: 0.0002, label: 1, bag_size: 5073
batch 399, loss: 0.0000, instance_loss: 1.8999, weighted_loss: 0.5700, label: 0, bag_size: 710
batch 419, loss: 0.0000, instance_loss: 0.0000, weighted_loss: 0.0000, label: 1, bag_size: 882
batch 439, loss: 0.0000, instance_loss: 0.0058, weighted_loss: 0.0018, label: 0, bag_size: 578
batch 459, loss: 0.0016, instance_loss: 0.0000, weighted_loss: 0.0011, label: 1, bag_size: 4180
batch 479, loss: 0.0000, instance_loss: 0.0000, weighted_loss: 0.0000, label: 1, bag_size: 5455
batch 499, loss: 0.0000, instance_loss: 0.0000, weighted_loss: 0.0000, label: 1, bag_size: 619
batch 519, loss: 0.0000, instance_loss: 0.0108, weighted_loss: 0.0032, label: 0, bag_size: 2075
batch 539, loss: 0.0000, instance_loss: 0.0000, weighted_loss: 0.0000, label: 1, bag_size: 666
batch 559, loss: 0.0000, instance_loss: 0.0315, weighted_loss: 0.0095, label: 0, bag_size: 437
batch 579, loss: 0.0000, instance_loss: 0.0000, weighted_loss: 0.0000, label: 1, bag_size: 5140
batch 599, loss: 0.0000, instance_loss: 0.0000, weighted_loss: 0.0000, label: 1, bag_size: 5455
batch 619, loss: 0.0000, instance_loss: 0.0000, weighted_loss: 0.0000, label: 1, bag_size: 5715
batch 639, loss: 0.0001, instance_loss: 0.0093, weighted_loss: 0.0028, label: 0, bag_size: 455


class 0 clustering acc 0.9982718894009217: correct 5199/5208
class 1 clustering acc 0.9928955453149002: correct 5171/5208
Epoch: 31, train_loss: 0.0496, train_clustering_loss:  0.0292, train_error: 0.0138
class 0: acc 0.9855491329479769, correct 341/346
class 1: acc 0.9868852459016394, correct 301/305

Val Set, val_loss: 0.5286, val_error: 0.0642, auc: 0.5635
class 0 clustering acc 1.0: correct 1496/1496
class 1 clustering acc 0.9979946524064172: correct 1493/1496
class 0: acc 0.9558011049723757, correct 173/181
class 1: acc 0.3333333333333333, correct 2/6
EarlyStopping counter: 15 out of 20


batch 19, loss: 0.0001, instance_loss: 0.0116, weighted_loss: 0.0035, label: 0, bag_size: 471
batch 39, loss: 0.0000, instance_loss: 0.0237, weighted_loss: 0.0071, label: 0, bag_size: 29
batch 59, loss: 0.0000, instance_loss: 0.0000, weighted_loss: 0.0000, label: 1, bag_size: 5528
batch 79, loss: 0.0002, instance_loss: 0.0000, weighted_loss: 0.0001, label: 0, bag_size: 3507
batch 99, loss: 0.0000, instance_loss: 0.0000, weighted_loss: 0.0000, label: 1, bag_size: 5140
batch 119, loss: 0.0000, instance_loss: 0.0591, weighted_loss: 0.0177, label: 0, bag_size: 248
batch 139, loss: 0.0660, instance_loss: 0.0000, weighted_loss: 0.0462, label: 0, bag_size: 5019
batch 159, loss: 0.0000, instance_loss: 0.0000, weighted_loss: 0.0000, label: 0, bag_size: 686
batch 179, loss: 0.0000, instance_loss: 0.0000, weighted_loss: 0.0000, label: 0, bag_size: 1866
batch 199, loss: 0.0000, instance_loss: 0.0002, weighted_loss: 0.0001, label: 1, bag_size: 478
batch 219, loss: 0.2790, instance_loss: 0.0054, weighted_loss: 0.1969, label: 0, bag_size: 4285
batch 239, loss: 0.0000, instance_loss: 0.0000, weighted_loss: 0.0000, label: 0, bag_size: 2555
batch 259, loss: 0.0000, instance_loss: 0.0000, weighted_loss: 0.0000, label: 0, bag_size: 5308
batch 279, loss: 0.0000, instance_loss: 0.0097, weighted_loss: 0.0029, label: 1, bag_size: 4012
batch 299, loss: 0.0000, instance_loss: 0.0000, weighted_loss: 0.0000, label: 1, bag_size: 478
batch 319, loss: 0.0000, instance_loss: 0.0085, weighted_loss: 0.0025, label: 0, bag_size: 2271
batch 339, loss: 0.0000, instance_loss: 0.0421, weighted_loss: 0.0126, label: 0, bag_size: 879
batch 359, loss: 0.0001, instance_loss: 0.0000, weighted_loss: 0.0000, label: 1, bag_size: 5528
batch 379, loss: 0.0000, instance_loss: 0.0000, weighted_loss: 0.0000, label: 1, bag_size: 391
batch 399, loss: 0.0000, instance_loss: 0.1566, weighted_loss: 0.0470, label: 0, bag_size: 1159
batch 419, loss: 0.0005, instance_loss: 0.0000, weighted_loss: 0.0004, label: 1, bag_size: 5611
batch 439, loss: 0.0005, instance_loss: 0.0000, weighted_loss: 0.0003, label: 1, bag_size: 5611
batch 459, loss: 0.0000, instance_loss: 0.0000, weighted_loss: 0.0000, label: 1, bag_size: 4012
batch 479, loss: 0.0015, instance_loss: 0.0000, weighted_loss: 0.0011, label: 1, bag_size: 1504
batch 499, loss: 0.0031, instance_loss: 0.0000, weighted_loss: 0.0022, label: 1, bag_size: 2769
batch 519, loss: 0.0051, instance_loss: 0.0000, weighted_loss: 0.0036, label: 1, bag_size: 4180
batch 539, loss: 0.0000, instance_loss: 0.0037, weighted_loss: 0.0011, label: 1, bag_size: 913
batch 559, loss: 0.0004, instance_loss: 0.0000, weighted_loss: 0.0003, label: 1, bag_size: 1553
batch 579, loss: 0.0000, instance_loss: 0.0000, weighted_loss: 0.0000, label: 1, bag_size: 619
batch 599, loss: 0.0004, instance_loss: 0.0000, weighted_loss: 0.0003, label: 1, bag_size: 2607
batch 619, loss: 0.0000, instance_loss: 0.0000, weighted_loss: 0.0000, label: 1, bag_size: 3719
batch 639, loss: 0.0002, instance_loss: 0.0000, weighted_loss: 0.0002, label: 1, bag_size: 4100


class 0 clustering acc 1.0: correct 5208/5208
class 1 clustering acc 0.9986559139784946: correct 5201/5208
Epoch: 32, train_loss: 0.0261, train_clustering_loss:  0.0060, train_error: 0.0046
class 0: acc 0.9969879518072289, correct 331/332
class 1: acc 0.9937304075235109, correct 317/319

Val Set, val_loss: 0.3920, val_error: 0.0642, auc: 0.6262
class 0 clustering acc 1.0: correct 1496/1496
class 1 clustering acc 0.9993315508021391: correct 1495/1496
class 0: acc 0.9558011049723757, correct 173/181
class 1: acc 0.3333333333333333, correct 2/6
EarlyStopping counter: 16 out of 20


batch 19, loss: 0.0000, instance_loss: 0.0043, weighted_loss: 0.0013, label: 0, bag_size: 569
batch 39, loss: 0.0123, instance_loss: 0.0000, weighted_loss: 0.0086, label: 1, bag_size: 2620
batch 59, loss: 0.0000, instance_loss: 0.0000, weighted_loss: 0.0000, label: 1, bag_size: 1504
batch 79, loss: 0.1959, instance_loss: 0.0000, weighted_loss: 0.1371, label: 0, bag_size: 1190
batch 99, loss: 0.0000, instance_loss: 0.0000, weighted_loss: 0.0000, label: 0, bag_size: 9914
batch 119, loss: 0.0000, instance_loss: 0.0000, weighted_loss: 0.0000, label: 1, bag_size: 3237
batch 139, loss: 0.0000, instance_loss: 0.0000, weighted_loss: 0.0000, label: 1, bag_size: 1491
batch 159, loss: 0.0000, instance_loss: 0.0000, weighted_loss: 0.0000, label: 0, bag_size: 770
batch 179, loss: 0.0000, instance_loss: 0.0000, weighted_loss: 0.0000, label: 0, bag_size: 3715
batch 199, loss: 0.0000, instance_loss: 0.0000, weighted_loss: 0.0000, label: 1, bag_size: 478
batch 219, loss: 0.0000, instance_loss: 0.0010, weighted_loss: 0.0003, label: 0, bag_size: 1774
batch 239, loss: 0.0003, instance_loss: 0.0000, weighted_loss: 0.0002, label: 1, bag_size: 5611
batch 259, loss: 0.0002, instance_loss: 0.0000, weighted_loss: 0.0001, label: 1, bag_size: 666
batch 279, loss: 0.0000, instance_loss: 0.0000, weighted_loss: 0.0000, label: 0, bag_size: 2722
batch 299, loss: 0.0000, instance_loss: 0.0080, weighted_loss: 0.0024, label: 0, bag_size: 656
batch 319, loss: 0.0000, instance_loss: 0.8289, weighted_loss: 0.2487, label: 0, bag_size: 321
batch 339, loss: 0.0066, instance_loss: 0.0000, weighted_loss: 0.0047, label: 0, bag_size: 723
batch 359, loss: 0.0001, instance_loss: 0.0000, weighted_loss: 0.0001, label: 1, bag_size: 5637
batch 379, loss: 0.0001, instance_loss: 0.0000, weighted_loss: 0.0000, label: 1, bag_size: 478
batch 399, loss: 0.0000, instance_loss: 0.0264, weighted_loss: 0.0079, label: 0, bag_size: 1309
batch 419, loss: 0.0000, instance_loss: 0.0009, weighted_loss: 0.0003, label: 0, bag_size: 1143
batch 439, loss: 0.0002, instance_loss: 0.0000, weighted_loss: 0.0001, label: 1, bag_size: 3237
batch 459, loss: 0.0000, instance_loss: 0.0000, weighted_loss: 0.0000, label: 1, bag_size: 619
batch 479, loss: 0.0003, instance_loss: 0.0000, weighted_loss: 0.0002, label: 0, bag_size: 4057
batch 499, loss: 0.0000, instance_loss: 0.0090, weighted_loss: 0.0027, label: 0, bag_size: 1067
batch 519, loss: 0.0000, instance_loss: 0.0000, weighted_loss: 0.0000, label: 1, bag_size: 3237
batch 539, loss: 0.0000, instance_loss: 0.0000, weighted_loss: 0.0000, label: 0, bag_size: 2223
batch 559, loss: 0.0001, instance_loss: 0.0000, weighted_loss: 0.0001, label: 1, bag_size: 3237
batch 579, loss: 0.0000, instance_loss: 0.0000, weighted_loss: 0.0000, label: 1, bag_size: 2291
batch 599, loss: 0.0025, instance_loss: 0.0211, weighted_loss: 0.0081, label: 1, bag_size: 1293
batch 619, loss: 0.0003, instance_loss: 0.0000, weighted_loss: 0.0002, label: 1, bag_size: 1504
batch 639, loss: 0.0001, instance_loss: 0.0000, weighted_loss: 0.0001, label: 1, bag_size: 4100


class 0 clustering acc 0.9994239631336406: correct 5205/5208
class 1 clustering acc 0.9980798771121352: correct 5198/5208
Epoch: 33, train_loss: 0.0100, train_clustering_loss:  0.0064, train_error: 0.0031
class 0: acc 0.9968652037617555, correct 318/319
class 1: acc 0.9969879518072289, correct 331/332

Val Set, val_loss: 0.3525, val_error: 0.0374, auc: 0.6547
class 0 clustering acc 1.0: correct 1496/1496
class 1 clustering acc 0.9959893048128342: correct 1490/1496
class 0: acc 0.9834254143646409, correct 178/181
class 1: acc 0.3333333333333333, correct 2/6
EarlyStopping counter: 17 out of 20


batch 19, loss: 0.0000, instance_loss: 0.0000, weighted_loss: 0.0000, label: 0, bag_size: 1190
batch 39, loss: 0.0007, instance_loss: 0.0000, weighted_loss: 0.0005, label: 1, bag_size: 1117
batch 59, loss: 0.0000, instance_loss: 0.0000, weighted_loss: 0.0000, label: 1, bag_size: 3649
batch 79, loss: 0.0002, instance_loss: 0.0000, weighted_loss: 0.0002, label: 1, bag_size: 1117
batch 99, loss: 0.0000, instance_loss: 0.0013, weighted_loss: 0.0004, label: 0, bag_size: 2280
batch 119, loss: 0.0000, instance_loss: 0.0052, weighted_loss: 0.0016, label: 0, bag_size: 1279
batch 139, loss: 0.0028, instance_loss: 0.0000, weighted_loss: 0.0020, label: 1, bag_size: 1117
batch 159, loss: 0.0000, instance_loss: 0.0000, weighted_loss: 0.0000, label: 0, bag_size: 3507
batch 179, loss: 0.0002, instance_loss: 0.0000, weighted_loss: 0.0001, label: 0, bag_size: 1440
batch 199, loss: 0.0000, instance_loss: 0.0000, weighted_loss: 0.0000, label: 1, bag_size: 686
batch 219, loss: 0.0000, instance_loss: 0.0010, weighted_loss: 0.0003, label: 0, bag_size: 1357
batch 239, loss: 0.0000, instance_loss: 0.0020, weighted_loss: 0.0006, label: 0, bag_size: 1736
batch 259, loss: 0.0002, instance_loss: 0.0000, weighted_loss: 0.0002, label: 1, bag_size: 2607
batch 279, loss: 0.0000, instance_loss: 0.0000, weighted_loss: 0.0000, label: 1, bag_size: 1484
batch 299, loss: 0.0000, instance_loss: 0.0000, weighted_loss: 0.0000, label: 0, bag_size: 3671
batch 319, loss: 0.0000, instance_loss: 0.0000, weighted_loss: 0.0000, label: 1, bag_size: 1424
batch 339, loss: 0.0000, instance_loss: 0.0053, weighted_loss: 0.0016, label: 0, bag_size: 827
batch 359, loss: 0.0000, instance_loss: 0.0002, weighted_loss: 0.0001, label: 0, bag_size: 1157
batch 379, loss: 0.0000, instance_loss: 0.0028, weighted_loss: 0.0008, label: 1, bag_size: 882
batch 399, loss: 0.0011, instance_loss: 0.0039, weighted_loss: 0.0019, label: 0, bag_size: 587
batch 419, loss: 0.0000, instance_loss: 0.0000, weighted_loss: 0.0000, label: 1, bag_size: 5140
batch 439, loss: 0.0000, instance_loss: 0.0000, weighted_loss: 0.0000, label: 1, bag_size: 4012
batch 459, loss: 0.0000, instance_loss: 0.0000, weighted_loss: 0.0000, label: 0, bag_size: 698
batch 479, loss: 0.0000, instance_loss: 0.0000, weighted_loss: 0.0000, label: 1, bag_size: 2291
batch 499, loss: 0.0000, instance_loss: 0.0000, weighted_loss: 0.0000, label: 0, bag_size: 3158
batch 519, loss: 0.0000, instance_loss: 0.0000, weighted_loss: 0.0000, label: 1, bag_size: 1484
batch 539, loss: 0.0001, instance_loss: 0.0000, weighted_loss: 0.0001, label: 0, bag_size: 4647
batch 559, loss: 0.0000, instance_loss: 0.0033, weighted_loss: 0.0010, label: 0, bag_size: 2478
batch 579, loss: 0.0000, instance_loss: 0.0000, weighted_loss: 0.0000, label: 1, bag_size: 1424
batch 599, loss: 0.0000, instance_loss: 0.0000, weighted_loss: 0.0000, label: 1, bag_size: 1484
batch 619, loss: 0.0025, instance_loss: 0.0000, weighted_loss: 0.0018, label: 1, bag_size: 5611
batch 639, loss: 0.0001, instance_loss: 0.0000, weighted_loss: 0.0001, label: 0, bag_size: 4154


class 0 clustering acc 1.0: correct 5208/5208
class 1 clustering acc 0.9986559139784946: correct 5201/5208
Epoch: 34, train_loss: 0.0003, train_clustering_loss:  0.0052, train_error: 0.0000
class 0: acc 1.0, correct 326/326
class 1: acc 1.0, correct 325/325

Val Set, val_loss: 0.3591, val_error: 0.0428, auc: 0.6575
class 0 clustering acc 1.0: correct 1496/1496
class 1 clustering acc 0.9993315508021391: correct 1495/1496
class 0: acc 0.9779005524861878, correct 177/181
class 1: acc 0.3333333333333333, correct 2/6
EarlyStopping counter: 18 out of 20


batch 19, loss: 0.0000, instance_loss: 0.0000, weighted_loss: 0.0000, label: 1, bag_size: 1484
batch 39, loss: 0.0001, instance_loss: 0.0000, weighted_loss: 0.0001, label: 1, bag_size: 5414
batch 59, loss: 0.0000, instance_loss: 0.0000, weighted_loss: 0.0000, label: 1, bag_size: 4012
batch 79, loss: 0.0027, instance_loss: 0.0000, weighted_loss: 0.0019, label: 1, bag_size: 1293
batch 99, loss: 0.0000, instance_loss: 0.0000, weighted_loss: 0.0000, label: 1, bag_size: 3649
batch 119, loss: 0.0000, instance_loss: 0.0000, weighted_loss: 0.0000, label: 1, bag_size: 4012
batch 139, loss: 0.0000, instance_loss: 0.0069, weighted_loss: 0.0021, label: 0, bag_size: 781
batch 159, loss: 0.0002, instance_loss: 0.0400, weighted_loss: 0.0121, label: 0, bag_size: 769
batch 179, loss: 0.0001, instance_loss: 0.0000, weighted_loss: 0.0001, label: 1, bag_size: 4180
batch 199, loss: 0.0000, instance_loss: 0.0034, weighted_loss: 0.0010, label: 0, bag_size: 799
batch 219, loss: 0.0331, instance_loss: 0.0000, weighted_loss: 0.0231, label: 1, bag_size: 2769
batch 239, loss: 0.0014, instance_loss: 0.0000, weighted_loss: 0.0010, label: 0, bag_size: 3479
batch 259, loss: 0.0000, instance_loss: 0.0005, weighted_loss: 0.0001, label: 0, bag_size: 2537
batch 279, loss: 0.0038, instance_loss: 0.0000, weighted_loss: 0.0026, label: 1, bag_size: 2620
batch 299, loss: 0.0014, instance_loss: 0.0000, weighted_loss: 0.0010, label: 0, bag_size: 3479
batch 319, loss: 0.0019, instance_loss: 0.0036, weighted_loss: 0.0024, label: 0, bag_size: 1019
batch 339, loss: 0.0002, instance_loss: 0.0000, weighted_loss: 0.0001, label: 1, bag_size: 5414
batch 359, loss: 0.0002, instance_loss: 0.0000, weighted_loss: 0.0001, label: 1, bag_size: 3237
batch 379, loss: 0.0006, instance_loss: 0.0000, weighted_loss: 0.0004, label: 1, bag_size: 726
batch 399, loss: 0.0002, instance_loss: 0.0000, weighted_loss: 0.0001, label: 1, bag_size: 4100
batch 419, loss: 0.0000, instance_loss: 0.0000, weighted_loss: 0.0000, label: 0, bag_size: 1820
batch 439, loss: 0.0002, instance_loss: 0.0000, weighted_loss: 0.0001, label: 1, bag_size: 3237
batch 459, loss: 0.0001, instance_loss: 0.0000, weighted_loss: 0.0000, label: 1, bag_size: 5528
batch 479, loss: 0.0009, instance_loss: 0.0002, weighted_loss: 0.0007, label: 1, bag_size: 541
batch 499, loss: 0.0000, instance_loss: 0.0151, weighted_loss: 0.0045, label: 0, bag_size: 434
batch 519, loss: 0.0000, instance_loss: 0.0000, weighted_loss: 0.0000, label: 0, bag_size: 5489
batch 539, loss: 0.0007, instance_loss: 0.0000, weighted_loss: 0.0005, label: 1, bag_size: 5073
batch 559, loss: 0.0028, instance_loss: 0.0000, weighted_loss: 0.0020, label: 1, bag_size: 5611
batch 579, loss: 0.0000, instance_loss: 0.0005, weighted_loss: 0.0002, label: 0, bag_size: 2211
batch 599, loss: 0.0000, instance_loss: 0.0000, weighted_loss: 0.0000, label: 1, bag_size: 1484
batch 619, loss: 0.0228, instance_loss: 0.0000, weighted_loss: 0.0159, label: 0, bag_size: 2036
batch 639, loss: 0.0031, instance_loss: 0.0000, weighted_loss: 0.0022, label: 0, bag_size: 4102


class 0 clustering acc 0.9998079877112135: correct 5207/5208
class 1 clustering acc 0.9973118279569892: correct 5194/5208
Epoch: 35, train_loss: 0.0240, train_clustering_loss:  0.0095, train_error: 0.0077
class 0: acc 0.9942028985507246, correct 343/345
class 1: acc 0.9901960784313726, correct 303/306

Val Set, val_loss: 0.3481, val_error: 0.0374, auc: 0.6363
class 0 clustering acc 1.0: correct 1496/1496
class 1 clustering acc 0.9966577540106952: correct 1491/1496
class 0: acc 0.9834254143646409, correct 178/181
class 1: acc 0.3333333333333333, correct 2/6
EarlyStopping counter: 19 out of 20


batch 19, loss: 0.0000, instance_loss: 0.9205, weighted_loss: 0.2762, label: 0, bag_size: 321
batch 39, loss: 0.0004, instance_loss: 0.0024, weighted_loss: 0.0010, label: 0, bag_size: 388
batch 59, loss: 0.0001, instance_loss: 0.0000, weighted_loss: 0.0001, label: 1, bag_size: 3649
batch 79, loss: 0.0000, instance_loss: 0.0000, weighted_loss: 0.0000, label: 1, bag_size: 1293
batch 99, loss: 0.0000, instance_loss: 0.0000, weighted_loss: 0.0000, label: 0, bag_size: 259
batch 119, loss: 0.0000, instance_loss: 0.0013, weighted_loss: 0.0004, label: 0, bag_size: 1393
batch 139, loss: 0.0000, instance_loss: 0.0000, weighted_loss: 0.0000, label: 1, bag_size: 1491
batch 159, loss: 0.0002, instance_loss: 0.0020, weighted_loss: 0.0007, label: 0, bag_size: 1531
batch 179, loss: 0.0000, instance_loss: 0.0000, weighted_loss: 0.0000, label: 0, bag_size: 5308
batch 199, loss: 0.0018, instance_loss: 0.0000, weighted_loss: 0.0013, label: 1, bag_size: 4180
batch 219, loss: 0.0282, instance_loss: 0.0000, weighted_loss: 0.0198, label: 1, bag_size: 2620
batch 239, loss: 0.0000, instance_loss: 0.0000, weighted_loss: 0.0000, label: 0, bag_size: 1790
batch 259, loss: 0.0074, instance_loss: 0.0076, weighted_loss: 0.0074, label: 0, bag_size: 1068
batch 279, loss: 0.0000, instance_loss: 0.0000, weighted_loss: 0.0000, label: 0, bag_size: 3958
batch 299, loss: 0.0000, instance_loss: 0.0009, weighted_loss: 0.0003, label: 0, bag_size: 645
batch 319, loss: 0.0000, instance_loss: 0.0000, weighted_loss: 0.0000, label: 1, bag_size: 3649
batch 339, loss: 0.0002, instance_loss: 0.0158, weighted_loss: 0.0049, label: 0, bag_size: 305
batch 359, loss: 0.0000, instance_loss: 0.0283, weighted_loss: 0.0085, label: 0, bag_size: 300
batch 379, loss: 0.0000, instance_loss: 0.0000, weighted_loss: 0.0000, label: 0, bag_size: 520
batch 399, loss: 0.0001, instance_loss: 0.0000, weighted_loss: 0.0000, label: 1, bag_size: 2531
batch 419, loss: 0.0009, instance_loss: 0.0000, weighted_loss: 0.0006, label: 1, bag_size: 1504
batch 439, loss: 0.0000, instance_loss: 0.0000, weighted_loss: 0.0000, label: 0, bag_size: 3389
batch 459, loss: 0.0147, instance_loss: 0.0000, weighted_loss: 0.0103, label: 0, bag_size: 4697
batch 479, loss: 0.0000, instance_loss: 0.0000, weighted_loss: 0.0000, label: 1, bag_size: 3719
batch 499, loss: 0.0000, instance_loss: 0.0000, weighted_loss: 0.0000, label: 1, bag_size: 2607
batch 519, loss: 0.0006, instance_loss: 0.0000, weighted_loss: 0.0004, label: 0, bag_size: 5019
batch 539, loss: 0.0000, instance_loss: 0.0000, weighted_loss: 0.0000, label: 0, bag_size: 3671
batch 559, loss: 0.0000, instance_loss: 0.0022, weighted_loss: 0.0007, label: 0, bag_size: 1866
batch 579, loss: 0.0000, instance_loss: 0.0002, weighted_loss: 0.0001, label: 0, bag_size: 2946
batch 599, loss: 0.0000, instance_loss: 0.0000, weighted_loss: 0.0000, label: 1, bag_size: 2531
batch 619, loss: 0.0000, instance_loss: 0.0699, weighted_loss: 0.0210, label: 0, bag_size: 202
batch 639, loss: 0.0000, instance_loss: 0.0000, weighted_loss: 0.0000, label: 0, bag_size: 1241


class 0 clustering acc 0.9998079877112135: correct 5207/5208
class 1 clustering acc 0.9973118279569892: correct 5194/5208
Epoch: 36, train_loss: 0.0239, train_clustering_loss:  0.0080, train_error: 0.0061
class 0: acc 0.9941690962099126, correct 341/343
class 1: acc 0.9935064935064936, correct 306/308

Val Set, val_loss: 0.4279, val_error: 0.0481, auc: 0.5893
class 0 clustering acc 1.0: correct 1496/1496
class 1 clustering acc 0.9986631016042781: correct 1494/1496
class 0: acc 0.9834254143646409, correct 178/181
class 1: acc 0.0, correct 0/6
EarlyStopping counter: 20 out of 20


batch 19, loss: 0.0001, instance_loss: 0.0000, weighted_loss: 0.0001, label: 0, bag_size: 10274
batch 39, loss: 0.0000, instance_loss: 0.0000, weighted_loss: 0.0000, label: 0, bag_size: 693
batch 59, loss: 0.0000, instance_loss: 0.0018, weighted_loss: 0.0006, label: 0, bag_size: 1991
batch 79, loss: 5.9937, instance_loss: 0.0000, weighted_loss: 4.1956, label: 1, bag_size: 2769
batch 99, loss: 0.0000, instance_loss: 0.0000, weighted_loss: 0.0000, label: 1, bag_size: 666
batch 119, loss: 0.0037, instance_loss: 0.0078, weighted_loss: 0.0049, label: 0, bag_size: 799
batch 139, loss: 0.0000, instance_loss: 0.0000, weighted_loss: 0.0000, label: 1, bag_size: 5528
batch 159, loss: 0.0000, instance_loss: 0.0000, weighted_loss: 0.0000, label: 1, bag_size: 1424
batch 179, loss: 0.0000, instance_loss: 0.0000, weighted_loss: 0.0000, label: 0, bag_size: 4112
batch 199, loss: 0.0000, instance_loss: 0.0006, weighted_loss: 0.0002, label: 0, bag_size: 765
batch 219, loss: 0.0044, instance_loss: 0.0000, weighted_loss: 0.0031, label: 0, bag_size: 34683
batch 239, loss: 0.0015, instance_loss: 0.0002, weighted_loss: 0.0011, label: 0, bag_size: 2512
batch 259, loss: 0.0002, instance_loss: 0.0000, weighted_loss: 0.0001, label: 1, bag_size: 5073
batch 279, loss: 0.0000, instance_loss: 0.0000, weighted_loss: 0.0000, label: 1, bag_size: 1424
batch 299, loss: 0.0044, instance_loss: 0.0167, weighted_loss: 0.0081, label: 0, bag_size: 822
batch 319, loss: 0.0000, instance_loss: 0.0000, weighted_loss: 0.0000, label: 1, bag_size: 5528
batch 339, loss: 0.0004, instance_loss: 0.0000, weighted_loss: 0.0003, label: 1, bag_size: 5140
batch 359, loss: 0.0000, instance_loss: 0.0023, weighted_loss: 0.0007, label: 0, bag_size: 856
batch 379, loss: 0.0007, instance_loss: 0.0000, weighted_loss: 0.0005, label: 0, bag_size: 804
batch 399, loss: 0.0000, instance_loss: 0.0000, weighted_loss: 0.0000, label: 0, bag_size: 32336
batch 419, loss: 0.0016, instance_loss: 0.0000, weighted_loss: 0.0011, label: 1, bag_size: 541
batch 439, loss: 0.0003, instance_loss: 0.0000, weighted_loss: 0.0002, label: 1, bag_size: 5455
batch 459, loss: 0.0000, instance_loss: 0.0006, weighted_loss: 0.0002, label: 0, bag_size: 693
batch 479, loss: 0.0002, instance_loss: 0.0000, weighted_loss: 0.0001, label: 1, bag_size: 5140
batch 499, loss: 0.0094, instance_loss: 0.0000, weighted_loss: 0.0066, label: 1, bag_size: 2769
batch 519, loss: 0.0003, instance_loss: 0.0000, weighted_loss: 0.0002, label: 1, bag_size: 4100
batch 539, loss: 0.0008, instance_loss: 0.0000, weighted_loss: 0.0006, label: 1, bag_size: 913
batch 559, loss: 0.0000, instance_loss: 0.0000, weighted_loss: 0.0000, label: 0, bag_size: 5460
batch 579, loss: 0.0002, instance_loss: 0.0000, weighted_loss: 0.0002, label: 1, bag_size: 5414
batch 599, loss: 0.0000, instance_loss: 0.0000, weighted_loss: 0.0000, label: 0, bag_size: 923
batch 619, loss: 0.0000, instance_loss: 0.0000, weighted_loss: 0.0000, label: 0, bag_size: 6381
batch 639, loss: 0.0011, instance_loss: 0.0000, weighted_loss: 0.0008, label: 1, bag_size: 4180


class 0 clustering acc 0.9998079877112135: correct 5207/5208
class 1 clustering acc 0.9990399385560675: correct 5203/5208
Epoch: 37, train_loss: 0.0183, train_clustering_loss:  0.0044, train_error: 0.0046
class 0: acc 0.9967948717948718, correct 311/312
class 1: acc 0.9941002949852508, correct 337/339

Val Set, val_loss: 0.4469, val_error: 0.0588, auc: 0.5958
class 0 clustering acc 1.0: correct 1496/1496
class 1 clustering acc 0.9966577540106952: correct 1491/1496
class 0: acc 0.9613259668508287, correct 174/181
class 1: acc 0.3333333333333333, correct 2/6
EarlyStopping counter: 21 out of 20


batch 19, loss: 0.0000, instance_loss: 0.0000, weighted_loss: 0.0000, label: 1, bag_size: 1491
batch 39, loss: 0.0000, instance_loss: 0.0000, weighted_loss: 0.0000, label: 0, bag_size: 840
batch 59, loss: 0.0006, instance_loss: 0.0000, weighted_loss: 0.0004, label: 1, bag_size: 940
batch 79, loss: 0.0000, instance_loss: 0.0011, weighted_loss: 0.0003, label: 0, bag_size: 466
batch 99, loss: 0.0000, instance_loss: 0.0000, weighted_loss: 0.0000, label: 1, bag_size: 3649
batch 119, loss: 0.0000, instance_loss: 0.4479, weighted_loss: 0.1344, label: 0, bag_size: 429
batch 139, loss: 0.0003, instance_loss: 0.0000, weighted_loss: 0.0002, label: 1, bag_size: 2291
batch 159, loss: 0.0000, instance_loss: 0.0000, weighted_loss: 0.0000, label: 0, bag_size: 4623
batch 179, loss: 0.0000, instance_loss: 0.0041, weighted_loss: 0.0012, label: 0, bag_size: 2075
batch 199, loss: 0.0000, instance_loss: 0.0000, weighted_loss: 0.0000, label: 1, bag_size: 3719
batch 219, loss: 0.0000, instance_loss: 0.0000, weighted_loss: 0.0000, label: 0, bag_size: 2108
batch 239, loss: 0.0001, instance_loss: 0.0000, weighted_loss: 0.0001, label: 1, bag_size: 3649
batch 259, loss: 0.0966, instance_loss: 0.0000, weighted_loss: 0.0676, label: 1, bag_size: 1138
batch 279, loss: 0.0001, instance_loss: 0.0000, weighted_loss: 0.0000, label: 0, bag_size: 1033
batch 299, loss: 0.0000, instance_loss: 0.0807, weighted_loss: 0.0242, label: 0, bag_size: 655
batch 319, loss: 0.0000, instance_loss: 0.0000, weighted_loss: 0.0000, label: 1, bag_size: 1484
batch 339, loss: 0.0014, instance_loss: 0.0000, weighted_loss: 0.0010, label: 1, bag_size: 913
batch 359, loss: 0.0000, instance_loss: 0.0170, weighted_loss: 0.0051, label: 0, bag_size: 444
batch 379, loss: 0.0000, instance_loss: 0.0000, weighted_loss: 0.0000, label: 0, bag_size: 3734
batch 399, loss: 0.0017, instance_loss: 0.0000, weighted_loss: 0.0012, label: 1, bag_size: 2769
batch 419, loss: 0.0001, instance_loss: 0.0000, weighted_loss: 0.0001, label: 1, bag_size: 5140
batch 439, loss: 0.0012, instance_loss: 0.0000, weighted_loss: 0.0008, label: 1, bag_size: 4180
batch 459, loss: 0.0187, instance_loss: 0.0000, weighted_loss: 0.0131, label: 0, bag_size: 4697
batch 479, loss: 0.0000, instance_loss: 0.0000, weighted_loss: 0.0000, label: 1, bag_size: 1484
batch 499, loss: 0.0003, instance_loss: 0.0140, weighted_loss: 0.0044, label: 0, bag_size: 452
batch 519, loss: 0.0000, instance_loss: 0.0002, weighted_loss: 0.0001, label: 0, bag_size: 1866
batch 539, loss: 0.0000, instance_loss: 0.0000, weighted_loss: 0.0000, label: 0, bag_size: 4090
batch 559, loss: 0.0003, instance_loss: 0.0335, weighted_loss: 0.0103, label: 0, bag_size: 774
batch 579, loss: 0.0000, instance_loss: 0.0000, weighted_loss: 0.0000, label: 1, bag_size: 3719
batch 599, loss: 0.0000, instance_loss: 0.0000, weighted_loss: 0.0000, label: 0, bag_size: 525
batch 619, loss: 0.0004, instance_loss: 0.0000, weighted_loss: 0.0003, label: 1, bag_size: 5414
batch 639, loss: 0.0000, instance_loss: 0.0007, weighted_loss: 0.0002, label: 1, bag_size: 686


class 0 clustering acc 0.9994239631336406: correct 5205/5208
class 1 clustering acc 0.9980798771121352: correct 5198/5208
Epoch: 38, train_loss: 0.0021, train_clustering_loss:  0.0051, train_error: 0.0000
class 0: acc 1.0, correct 325/325
class 1: acc 1.0, correct 326/326

Val Set, val_loss: 0.3852, val_error: 0.0428, auc: 0.6372
class 0 clustering acc 1.0: correct 1496/1496
class 1 clustering acc 0.9993315508021391: correct 1495/1496
class 0: acc 0.9779005524861878, correct 177/181
class 1: acc 0.3333333333333333, correct 2/6
EarlyStopping counter: 22 out of 20


batch 19, loss: 0.0713, instance_loss: 0.0000, weighted_loss: 0.0499, label: 1, bag_size: 2769
batch 39, loss: 0.0001, instance_loss: 0.0000, weighted_loss: 0.0000, label: 0, bag_size: 1030
batch 59, loss: 0.0000, instance_loss: 0.0000, weighted_loss: 0.0000, label: 0, bag_size: 3884
batch 79, loss: 0.0000, instance_loss: 0.0000, weighted_loss: 0.0000, label: 1, bag_size: 3649
batch 99, loss: 0.0001, instance_loss: 0.0000, weighted_loss: 0.0001, label: 1, bag_size: 5140
batch 119, loss: 0.0000, instance_loss: 0.0000, weighted_loss: 0.0000, label: 1, bag_size: 5637
batch 139, loss: 0.0000, instance_loss: 0.0000, weighted_loss: 0.0000, label: 0, bag_size: 873
batch 159, loss: 0.0000, instance_loss: 0.0000, weighted_loss: 0.0000, label: 1, bag_size: 882
batch 179, loss: 0.0001, instance_loss: 0.0000, weighted_loss: 0.0001, label: 1, bag_size: 5611
batch 199, loss: 0.0000, instance_loss: 0.0518, weighted_loss: 0.0155, label: 0, bag_size: 570
batch 219, loss: 0.0014, instance_loss: 0.0000, weighted_loss: 0.0010, label: 1, bag_size: 1284
batch 239, loss: 0.0000, instance_loss: 0.0004, weighted_loss: 0.0001, label: 0, bag_size: 816
batch 259, loss: 0.0000, instance_loss: 0.0000, weighted_loss: 0.0000, label: 0, bag_size: 3818
batch 279, loss: 0.0000, instance_loss: 0.0000, weighted_loss: 0.0000, label: 1, bag_size: 5073
batch 299, loss: 0.0000, instance_loss: 0.0000, weighted_loss: 0.0000, label: 1, bag_size: 4012
batch 319, loss: 0.0000, instance_loss: 0.0000, weighted_loss: 0.0000, label: 0, bag_size: 2040
batch 339, loss: 0.0000, instance_loss: 0.0000, weighted_loss: 0.0000, label: 0, bag_size: 4072
batch 359, loss: 0.0001, instance_loss: 0.0000, weighted_loss: 0.0001, label: 1, bag_size: 1424
batch 379, loss: 0.0003, instance_loss: 0.0000, weighted_loss: 0.0002, label: 1, bag_size: 4180
batch 399, loss: 0.0000, instance_loss: 0.0000, weighted_loss: 0.0000, label: 1, bag_size: 1117
batch 419, loss: 0.0001, instance_loss: 0.0000, weighted_loss: 0.0000, label: 1, bag_size: 3237
batch 439, loss: 0.0001, instance_loss: 0.0000, weighted_loss: 0.0001, label: 1, bag_size: 1504
batch 459, loss: 0.0001, instance_loss: 0.0000, weighted_loss: 0.0001, label: 1, bag_size: 5611
batch 479, loss: 0.0013, instance_loss: 0.0000, weighted_loss: 0.0009, label: 1, bag_size: 2769
batch 499, loss: 0.0000, instance_loss: 0.0038, weighted_loss: 0.0011, label: 0, bag_size: 433
batch 519, loss: 0.0092, instance_loss: 0.0017, weighted_loss: 0.0069, label: 0, bag_size: 676
batch 539, loss: 0.0001, instance_loss: 0.0000, weighted_loss: 0.0001, label: 1, bag_size: 478
batch 559, loss: 0.0000, instance_loss: 0.0017, weighted_loss: 0.0005, label: 0, bag_size: 975
batch 579, loss: 0.0000, instance_loss: 0.0004, weighted_loss: 0.0001, label: 0, bag_size: 986
batch 599, loss: 0.0001, instance_loss: 0.0000, weighted_loss: 0.0001, label: 1, bag_size: 1138
batch 619, loss: 0.0000, instance_loss: 0.0000, weighted_loss: 0.0000, label: 1, bag_size: 882
batch 639, loss: 0.0000, instance_loss: 0.0000, weighted_loss: 0.0000, label: 1, bag_size: 3237


class 0 clustering acc 1.0: correct 5208/5208
class 1 clustering acc 0.9988479262672811: correct 5202/5208
Epoch: 39, train_loss: 0.0004, train_clustering_loss:  0.0037, train_error: 0.0000
class 0: acc 1.0, correct 320/320
class 1: acc 1.0, correct 331/331

Val Set, val_loss: 0.4350, val_error: 0.0588, auc: 0.6289
class 0 clustering acc 1.0: correct 1496/1496
class 1 clustering acc 0.9993315508021391: correct 1495/1496
class 0: acc 0.9558011049723757, correct 173/181
class 1: acc 0.5, correct 3/6
EarlyStopping counter: 23 out of 20


batch 19, loss: 0.0001, instance_loss: 0.0000, weighted_loss: 0.0001, label: 1, bag_size: 5414
batch 39, loss: 0.0000, instance_loss: 0.0020, weighted_loss: 0.0006, label: 0, bag_size: 570
batch 59, loss: 0.0000, instance_loss: 0.0000, weighted_loss: 0.0000, label: 0, bag_size: 259
batch 79, loss: 0.0000, instance_loss: 0.0000, weighted_loss: 0.0000, label: 1, bag_size: 5073
batch 99, loss: 0.0003, instance_loss: 0.0000, weighted_loss: 0.0002, label: 1, bag_size: 1553
batch 119, loss: 0.0000, instance_loss: 0.0003, weighted_loss: 0.0001, label: 0, bag_size: 2500
batch 139, loss: 0.0000, instance_loss: 0.0000, weighted_loss: 0.0000, label: 0, bag_size: 964
batch 159, loss: 0.0000, instance_loss: 0.0016, weighted_loss: 0.0005, label: 0, bag_size: 1254
batch 179, loss: 0.0000, instance_loss: 0.0000, weighted_loss: 0.0000, label: 1, bag_size: 882
batch 199, loss: 0.0000, instance_loss: 0.0000, weighted_loss: 0.0000, label: 1, bag_size: 913
batch 219, loss: 0.0002, instance_loss: 0.0005, weighted_loss: 0.0003, label: 0, bag_size: 3209
batch 239, loss: 0.0001, instance_loss: 0.0000, weighted_loss: 0.0000, label: 1, bag_size: 391
batch 259, loss: 0.0001, instance_loss: 0.0000, weighted_loss: 0.0001, label: 0, bag_size: 3889
batch 279, loss: 0.0000, instance_loss: 0.0000, weighted_loss: 0.0000, label: 0, bag_size: 350
batch 299, loss: 0.0000, instance_loss: 0.0000, weighted_loss: 0.0000, label: 1, bag_size: 4012
batch 319, loss: 0.0001, instance_loss: 0.0000, weighted_loss: 0.0000, label: 1, bag_size: 5715
batch 339, loss: 0.0000, instance_loss: 0.0000, weighted_loss: 0.0000, label: 1, bag_size: 4012
batch 359, loss: 0.0000, instance_loss: 0.0000, weighted_loss: 0.0000, label: 0, bag_size: 570
batch 379, loss: 0.0000, instance_loss: 0.0020, weighted_loss: 0.0006, label: 0, bag_size: 545
batch 399, loss: 0.0000, instance_loss: 0.0017, weighted_loss: 0.0005, label: 0, bag_size: 1190
batch 419, loss: 0.0001, instance_loss: 0.0021, weighted_loss: 0.0007, label: 0, bag_size: 1465
batch 439, loss: 0.0000, instance_loss: 0.0027, weighted_loss: 0.0008, label: 0, bag_size: 2002
batch 459, loss: 0.0000, instance_loss: 0.0000, weighted_loss: 0.0000, label: 1, bag_size: 619
batch 479, loss: 0.0001, instance_loss: 0.0000, weighted_loss: 0.0001, label: 1, bag_size: 4100
batch 499, loss: 0.0000, instance_loss: 0.0000, weighted_loss: 0.0000, label: 1, bag_size: 2291
batch 519, loss: 0.0002, instance_loss: 0.0000, weighted_loss: 0.0001, label: 0, bag_size: 6409
batch 539, loss: 0.0000, instance_loss: 0.0000, weighted_loss: 0.0000, label: 0, bag_size: 2785
batch 559, loss: 0.0000, instance_loss: 0.0000, weighted_loss: 0.0000, label: 0, bag_size: 933
batch 579, loss: 0.0008, instance_loss: 0.0000, weighted_loss: 0.0006, label: 0, bag_size: 3554
batch 599, loss: 0.0000, instance_loss: 0.0078, weighted_loss: 0.0023, label: 0, bag_size: 655
batch 619, loss: 0.0000, instance_loss: 0.0000, weighted_loss: 0.0000, label: 1, bag_size: 1491
batch 639, loss: 0.0000, instance_loss: 0.0000, weighted_loss: 0.0000, label: 0, bag_size: 876


class 0 clustering acc 0.9998079877112135: correct 5207/5208
class 1 clustering acc 0.9988479262672811: correct 5202/5208
Epoch: 40, train_loss: 0.0002, train_clustering_loss:  0.0051, train_error: 0.0000
class 0: acc 1.0, correct 317/317
class 1: acc 1.0, correct 334/334

Val Set, val_loss: 0.4399, val_error: 0.0428, auc: 0.6179
class 0 clustering acc 1.0: correct 1496/1496
class 1 clustering acc 1.0: correct 1496/1496
class 0: acc 0.9723756906077348, correct 176/181
class 1: acc 0.5, correct 3/6
EarlyStopping counter: 24 out of 20


batch 19, loss: 0.0000, instance_loss: 0.0002, weighted_loss: 0.0001, label: 0, bag_size: 649
batch 39, loss: 0.0000, instance_loss: 0.0002, weighted_loss: 0.0001, label: 0, bag_size: 929
batch 59, loss: 0.0000, instance_loss: 0.0000, weighted_loss: 0.0000, label: 0, bag_size: 840
batch 79, loss: 0.0000, instance_loss: 0.0000, weighted_loss: 0.0000, label: 1, bag_size: 2291
batch 99, loss: 0.0000, instance_loss: 0.0000, weighted_loss: 0.0000, label: 0, bag_size: 4741
batch 119, loss: 0.0001, instance_loss: 0.0000, weighted_loss: 0.0001, label: 0, bag_size: 4741
batch 139, loss: 0.0000, instance_loss: 0.0000, weighted_loss: 0.0000, label: 0, bag_size: 2722
batch 159, loss: 0.0000, instance_loss: 0.0003, weighted_loss: 0.0001, label: 0, bag_size: 693
batch 179, loss: 0.0002, instance_loss: 0.0000, weighted_loss: 0.0001, label: 1, bag_size: 666
batch 199, loss: 0.0003, instance_loss: 0.0000, weighted_loss: 0.0002, label: 1, bag_size: 1284
batch 219, loss: 0.0000, instance_loss: 0.0000, weighted_loss: 0.0000, label: 1, bag_size: 3237
batch 239, loss: 0.0001, instance_loss: 0.0000, weighted_loss: 0.0000, label: 1, bag_size: 940
batch 259, loss: 0.0011, instance_loss: 0.0000, weighted_loss: 0.0008, label: 1, bag_size: 913
batch 279, loss: 0.0000, instance_loss: 0.0000, weighted_loss: 0.0000, label: 1, bag_size: 5073
batch 299, loss: 0.0000, instance_loss: 0.0000, weighted_loss: 0.0000, label: 1, bag_size: 5528
batch 319, loss: 0.0000, instance_loss: 0.0000, weighted_loss: 0.0000, label: 0, bag_size: 818
batch 339, loss: 0.0000, instance_loss: 0.1292, weighted_loss: 0.0388, label: 0, bag_size: 237
batch 359, loss: 0.0000, instance_loss: 0.0000, weighted_loss: 0.0000, label: 1, bag_size: 686
batch 379, loss: 0.0000, instance_loss: 0.0000, weighted_loss: 0.0000, label: 1, bag_size: 3649
batch 399, loss: 0.0000, instance_loss: 0.0000, weighted_loss: 0.0000, label: 1, bag_size: 940
batch 419, loss: 0.0000, instance_loss: 0.0000, weighted_loss: 0.0000, label: 1, bag_size: 2291
batch 439, loss: 0.0008, instance_loss: 0.0000, weighted_loss: 0.0006, label: 0, bag_size: 4164
batch 459, loss: 0.0000, instance_loss: 0.0000, weighted_loss: 0.0000, label: 0, bag_size: 4897
batch 479, loss: 0.0000, instance_loss: 0.0000, weighted_loss: 0.0000, label: 0, bag_size: 32336
batch 499, loss: 0.0001, instance_loss: 0.0000, weighted_loss: 0.0001, label: 1, bag_size: 4180
batch 519, loss: 0.0000, instance_loss: 0.0000, weighted_loss: 0.0000, label: 0, bag_size: 641
batch 539, loss: 0.0000, instance_loss: 0.0095, weighted_loss: 0.0028, label: 0, bag_size: 645
batch 559, loss: 0.0000, instance_loss: 0.0000, weighted_loss: 0.0000, label: 1, bag_size: 2607
batch 579, loss: 0.0000, instance_loss: 0.0000, weighted_loss: 0.0000, label: 0, bag_size: 6072
batch 599, loss: 0.0000, instance_loss: 0.0000, weighted_loss: 0.0000, label: 0, bag_size: 4575
batch 619, loss: 0.0003, instance_loss: 0.0000, weighted_loss: 0.0002, label: 1, bag_size: 2769
batch 639, loss: 0.0000, instance_loss: 0.0000, weighted_loss: 0.0000, label: 1, bag_size: 882


class 0 clustering acc 0.9996159754224271: correct 5206/5208
class 1 clustering acc 0.999231950844854: correct 5204/5208
Epoch: 41, train_loss: 0.0001, train_clustering_loss:  0.0045, train_error: 0.0000
class 0: acc 1.0, correct 318/318
class 1: acc 1.0, correct 333/333

Val Set, val_loss: 0.4590, val_error: 0.0481, auc: 0.6133
class 0 clustering acc 1.0: correct 1496/1496
class 1 clustering acc 0.9993315508021391: correct 1495/1496
class 0: acc 0.9668508287292817, correct 175/181
class 1: acc 0.5, correct 3/6
EarlyStopping counter: 25 out of 20


batch 19, loss: 0.0004, instance_loss: 0.0000, weighted_loss: 0.0003, label: 1, bag_size: 666
batch 39, loss: 0.0000, instance_loss: 0.0000, weighted_loss: 0.0000, label: 0, bag_size: 745
batch 59, loss: 0.0000, instance_loss: 0.0000, weighted_loss: 0.0000, label: 0, bag_size: 4098
batch 79, loss: 0.0000, instance_loss: 0.0000, weighted_loss: 0.0000, label: 1, bag_size: 5528
batch 99, loss: 0.0000, instance_loss: 0.0156, weighted_loss: 0.0047, label: 0, bag_size: 641
batch 119, loss: 0.0004, instance_loss: 0.0000, weighted_loss: 0.0003, label: 1, bag_size: 2769
batch 139, loss: 0.0000, instance_loss: 0.0000, weighted_loss: 0.0000, label: 1, bag_size: 2531
batch 159, loss: 0.0000, instance_loss: 0.0000, weighted_loss: 0.0000, label: 0, bag_size: 1813
batch 179, loss: 0.0077, instance_loss: 0.0010, weighted_loss: 0.0057, label: 0, bag_size: 1169
batch 199, loss: 0.0000, instance_loss: 0.0000, weighted_loss: 0.0000, label: 0, bag_size: 4344
batch 219, loss: 0.0000, instance_loss: 0.0027, weighted_loss: 0.0008, label: 0, bag_size: 1774
batch 239, loss: 0.0000, instance_loss: 0.0000, weighted_loss: 0.0000, label: 0, bag_size: 1270
batch 259, loss: 0.8636, instance_loss: 0.0000, weighted_loss: 0.6045, label: 0, bag_size: 529
batch 279, loss: 0.0000, instance_loss: 0.0007, weighted_loss: 0.0002, label: 0, bag_size: 1657
batch 299, loss: 0.0001, instance_loss: 0.0000, weighted_loss: 0.0001, label: 1, bag_size: 5637
batch 319, loss: 12.1158, instance_loss: 0.0000, weighted_loss: 8.4810, label: 0, bag_size: 923
batch 339, loss: 0.0019, instance_loss: 0.0000, weighted_loss: 0.0013, label: 0, bag_size: 4344
batch 359, loss: 0.0000, instance_loss: 0.0000, weighted_loss: 0.0000, label: 0, bag_size: 4786
batch 379, loss: 0.0015, instance_loss: 0.0000, weighted_loss: 0.0010, label: 1, bag_size: 666
batch 399, loss: 0.0000, instance_loss: 0.0000, weighted_loss: 0.0000, label: 1, bag_size: 5528
batch 419, loss: 0.0000, instance_loss: 0.0024, weighted_loss: 0.0007, label: 0, bag_size: 1203
batch 439, loss: 0.0004, instance_loss: 0.0000, weighted_loss: 0.0003, label: 1, bag_size: 391
batch 459, loss: 0.0000, instance_loss: 0.0076, weighted_loss: 0.0023, label: 0, bag_size: 619
batch 479, loss: 0.0000, instance_loss: 0.0007, weighted_loss: 0.0002, label: 0, bag_size: 202
batch 499, loss: 0.0138, instance_loss: 0.0000, weighted_loss: 0.0097, label: 1, bag_size: 2607
batch 519, loss: 0.0571, instance_loss: 0.0000, weighted_loss: 0.0400, label: 1, bag_size: 882
batch 539, loss: 0.0000, instance_loss: 0.0011, weighted_loss: 0.0003, label: 0, bag_size: 1949
batch 559, loss: 0.1871, instance_loss: 0.0000, weighted_loss: 0.1310, label: 1, bag_size: 2607
batch 579, loss: 0.0000, instance_loss: 0.0050, weighted_loss: 0.0015, label: 0, bag_size: 277
batch 599, loss: 0.0028, instance_loss: 0.0000, weighted_loss: 0.0019, label: 1, bag_size: 5140
batch 619, loss: 0.0000, instance_loss: 0.0000, weighted_loss: 0.0000, label: 0, bag_size: 4909
batch 639, loss: 0.0000, instance_loss: 0.0000, weighted_loss: 0.0000, label: 0, bag_size: 2745


class 0 clustering acc 0.9994239631336406: correct 5205/5208
class 1 clustering acc 0.9967357910906298: correct 5191/5208
Epoch: 42, train_loss: 0.0965, train_clustering_loss:  0.0120, train_error: 0.0292
class 0: acc 0.9703264094955489, correct 327/337
class 1: acc 0.9713375796178344, correct 305/314

Val Set, val_loss: 0.2345, val_error: 0.0321, auc: 0.8085
class 0 clustering acc 1.0: correct 1496/1496
class 1 clustering acc 0.9986631016042781: correct 1494/1496
class 0: acc 0.994475138121547, correct 180/181
class 1: acc 0.16666666666666666, correct 1/6
EarlyStopping counter: 26 out of 20


batch 19, loss: 0.0000, instance_loss: 0.0000, weighted_loss: 0.0000, label: 0, bag_size: 4448
batch 39, loss: 0.0000, instance_loss: 0.0000, weighted_loss: 0.0000, label: 1, bag_size: 478
batch 59, loss: 0.0024, instance_loss: 0.0000, weighted_loss: 0.0017, label: 1, bag_size: 4012
batch 79, loss: 0.0002, instance_loss: 0.0000, weighted_loss: 0.0001, label: 1, bag_size: 4100
batch 99, loss: 0.0000, instance_loss: 0.0000, weighted_loss: 0.0000, label: 0, bag_size: 969
batch 119, loss: 0.0001, instance_loss: 0.0000, weighted_loss: 0.0001, label: 1, bag_size: 882
batch 139, loss: 0.0000, instance_loss: 0.0000, weighted_loss: 0.0000, label: 1, bag_size: 2531
batch 159, loss: 0.0000, instance_loss: 0.0000, weighted_loss: 0.0000, label: 1, bag_size: 541
batch 179, loss: 0.0000, instance_loss: 0.0000, weighted_loss: 0.0000, label: 1, bag_size: 5528
batch 199, loss: 0.0000, instance_loss: 0.0000, weighted_loss: 0.0000, label: 0, bag_size: 1504
batch 219, loss: 0.0000, instance_loss: 0.0340, weighted_loss: 0.0102, label: 0, bag_size: 691
batch 239, loss: 0.0000, instance_loss: 0.0000, weighted_loss: 0.0000, label: 0, bag_size: 2351
batch 259, loss: 0.0000, instance_loss: 0.0029, weighted_loss: 0.0009, label: 0, bag_size: 600
batch 279, loss: 0.0003, instance_loss: 0.0000, weighted_loss: 0.0002, label: 1, bag_size: 3719
batch 299, loss: 0.0001, instance_loss: 0.0000, weighted_loss: 0.0001, label: 1, bag_size: 1504
batch 319, loss: 0.0001, instance_loss: 0.0000, weighted_loss: 0.0001, label: 1, bag_size: 3425
batch 339, loss: 0.0001, instance_loss: 0.0000, weighted_loss: 0.0000, label: 0, bag_size: 1922
batch 359, loss: 0.0000, instance_loss: 0.0000, weighted_loss: 0.0000, label: 0, bag_size: 1267
batch 379, loss: 0.3285, instance_loss: 0.0000, weighted_loss: 0.2300, label: 1, bag_size: 1553
batch 399, loss: 0.0000, instance_loss: 0.0005, weighted_loss: 0.0002, label: 0, bag_size: 468
batch 419, loss: 0.0009, instance_loss: 0.0000, weighted_loss: 0.0006, label: 1, bag_size: 2531
batch 439, loss: 0.0000, instance_loss: 0.0000, weighted_loss: 0.0000, label: 0, bag_size: 642
batch 459, loss: 0.0000, instance_loss: 0.0000, weighted_loss: 0.0000, label: 1, bag_size: 5528
batch 479, loss: 0.0058, instance_loss: 0.0000, weighted_loss: 0.0041, label: 0, bag_size: 3859
batch 499, loss: 0.0007, instance_loss: 0.0020, weighted_loss: 0.0011, label: 1, bag_size: 913
batch 519, loss: 0.0000, instance_loss: 0.0000, weighted_loss: 0.0000, label: 0, bag_size: 439
batch 539, loss: 0.0000, instance_loss: 0.0000, weighted_loss: 0.0000, label: 0, bag_size: 873
batch 559, loss: 0.0000, instance_loss: 0.0045, weighted_loss: 0.0014, label: 0, bag_size: 655
batch 579, loss: 0.0000, instance_loss: 0.0000, weighted_loss: 0.0000, label: 1, bag_size: 2531
batch 599, loss: 0.1237, instance_loss: 0.0000, weighted_loss: 0.0866, label: 0, bag_size: 723
batch 619, loss: 0.0001, instance_loss: 0.0000, weighted_loss: 0.0000, label: 1, bag_size: 5715
batch 639, loss: 0.0000, instance_loss: 0.0000, weighted_loss: 0.0000, label: 0, bag_size: 1455


class 0 clustering acc 0.9996159754224271: correct 5206/5208
class 1 clustering acc 0.9984639016897081: correct 5200/5208
Epoch: 43, train_loss: 0.0311, train_clustering_loss:  0.0042, train_error: 0.0077
class 0: acc 0.9911504424778761, correct 336/339
class 1: acc 0.9935897435897436, correct 310/312

Val Set, val_loss: 0.3148, val_error: 0.0481, auc: 0.7597
class 0 clustering acc 0.9993315508021391: correct 1495/1496
class 1 clustering acc 1.0: correct 1496/1496
class 0: acc 0.9834254143646409, correct 178/181
class 1: acc 0.0, correct 0/6
EarlyStopping counter: 27 out of 20


batch 19, loss: 0.0769, instance_loss: 0.0000, weighted_loss: 0.0539, label: 0, bag_size: 1117
batch 39, loss: 0.0000, instance_loss: 0.0000, weighted_loss: 0.0000, label: 1, bag_size: 666
batch 59, loss: 0.0073, instance_loss: 0.0000, weighted_loss: 0.0051, label: 1, bag_size: 1293
batch 79, loss: 0.0000, instance_loss: 0.0000, weighted_loss: 0.0000, label: 0, bag_size: 404
batch 99, loss: 0.0000, instance_loss: 0.0000, weighted_loss: 0.0000, label: 0, bag_size: 3308
batch 119, loss: 0.0004, instance_loss: 0.0000, weighted_loss: 0.0003, label: 1, bag_size: 5140
batch 139, loss: 0.0000, instance_loss: 0.0000, weighted_loss: 0.0000, label: 1, bag_size: 686
batch 159, loss: 0.0032, instance_loss: 0.0000, weighted_loss: 0.0023, label: 0, bag_size: 3505
batch 179, loss: 0.0001, instance_loss: 0.0000, weighted_loss: 0.0001, label: 1, bag_size: 619
batch 199, loss: 0.0004, instance_loss: 0.0000, weighted_loss: 0.0003, label: 1, bag_size: 3237
batch 219, loss: 0.0000, instance_loss: 0.0000, weighted_loss: 0.0000, label: 0, bag_size: 4204
batch 239, loss: 0.0000, instance_loss: 0.0000, weighted_loss: 0.0000, label: 0, bag_size: 2267
batch 259, loss: 0.0000, instance_loss: 0.0087, weighted_loss: 0.0026, label: 0, bag_size: 368
batch 279, loss: 0.0001, instance_loss: 0.0000, weighted_loss: 0.0001, label: 1, bag_size: 478
batch 299, loss: 0.0001, instance_loss: 0.0000, weighted_loss: 0.0001, label: 1, bag_size: 478
batch 319, loss: 0.0046, instance_loss: 0.0000, weighted_loss: 0.0032, label: 1, bag_size: 1293
batch 339, loss: 0.0000, instance_loss: 0.0000, weighted_loss: 0.0000, label: 1, bag_size: 1484
batch 359, loss: 0.0001, instance_loss: 0.0000, weighted_loss: 0.0001, label: 1, bag_size: 1424
batch 379, loss: 0.0000, instance_loss: 0.0004, weighted_loss: 0.0001, label: 0, bag_size: 1736
batch 399, loss: 0.0000, instance_loss: 0.0003, weighted_loss: 0.0001, label: 0, bag_size: 1138
batch 419, loss: 0.0002, instance_loss: 0.0000, weighted_loss: 0.0001, label: 0, bag_size: 3578
batch 439, loss: 0.0003, instance_loss: 0.0000, weighted_loss: 0.0002, label: 1, bag_size: 2769
batch 459, loss: 0.0000, instance_loss: 0.0000, weighted_loss: 0.0000, label: 0, bag_size: 1259
batch 479, loss: 0.0024, instance_loss: 0.0000, weighted_loss: 0.0017, label: 0, bag_size: 3505
batch 499, loss: 0.0013, instance_loss: 0.0000, weighted_loss: 0.0009, label: 1, bag_size: 1491
batch 519, loss: 0.0017, instance_loss: 0.0000, weighted_loss: 0.0012, label: 1, bag_size: 5455
batch 539, loss: 0.0000, instance_loss: 0.0000, weighted_loss: 0.0000, label: 1, bag_size: 4012
batch 559, loss: 0.0000, instance_loss: 0.0000, weighted_loss: 0.0000, label: 0, bag_size: 3651
batch 579, loss: 0.0000, instance_loss: 0.0000, weighted_loss: 0.0000, label: 1, bag_size: 3719
batch 599, loss: 0.0000, instance_loss: 0.0000, weighted_loss: 0.0000, label: 1, bag_size: 541
batch 619, loss: 0.0007, instance_loss: 0.0000, weighted_loss: 0.0005, label: 1, bag_size: 5140
batch 639, loss: 0.0000, instance_loss: 0.0000, weighted_loss: 0.0000, label: 1, bag_size: 541


class 0 clustering acc 0.9998079877112135: correct 5207/5208
class 1 clustering acc 0.9996159754224271: correct 5206/5208
Epoch: 44, train_loss: 0.0013, train_clustering_loss:  0.0027, train_error: 0.0000
class 0: acc 1.0, correct 310/310
class 1: acc 1.0, correct 341/341

Val Set, val_loss: 0.3168, val_error: 0.0428, auc: 0.7127
class 0 clustering acc 1.0: correct 1496/1496
class 1 clustering acc 1.0: correct 1496/1496
class 0: acc 0.988950276243094, correct 179/181
class 1: acc 0.0, correct 0/6
EarlyStopping counter: 28 out of 20


batch 19, loss: 0.0000, instance_loss: 0.0000, weighted_loss: 0.0000, label: 0, bag_size: 6403
batch 39, loss: 0.0000, instance_loss: 0.0000, weighted_loss: 0.0000, label: 0, bag_size: 911
batch 59, loss: 0.0000, instance_loss: 0.0213, weighted_loss: 0.0064, label: 0, bag_size: 963
batch 79, loss: 0.0007, instance_loss: 0.0000, weighted_loss: 0.0005, label: 1, bag_size: 5455
batch 99, loss: 0.0088, instance_loss: 0.0000, weighted_loss: 0.0062, label: 1, bag_size: 1138
batch 119, loss: 0.0000, instance_loss: 0.0000, weighted_loss: 0.0000, label: 0, bag_size: 3483
batch 139, loss: 0.0000, instance_loss: 0.0004, weighted_loss: 0.0001, label: 0, bag_size: 439
batch 159, loss: 0.0009, instance_loss: 0.0002, weighted_loss: 0.0007, label: 0, bag_size: 727
batch 179, loss: 0.0000, instance_loss: 0.0000, weighted_loss: 0.0000, label: 1, bag_size: 1491
batch 199, loss: 0.0000, instance_loss: 0.0000, weighted_loss: 0.0000, label: 1, bag_size: 541
batch 219, loss: 0.0000, instance_loss: 0.0011, weighted_loss: 0.0004, label: 0, bag_size: 858
batch 239, loss: 0.0000, instance_loss: 0.0000, weighted_loss: 0.0000, label: 0, bag_size: 1190
batch 259, loss: 0.0000, instance_loss: 0.0007, weighted_loss: 0.0002, label: 0, bag_size: 953
batch 279, loss: 0.0000, instance_loss: 0.0378, weighted_loss: 0.0113, label: 0, bag_size: 29
batch 299, loss: 0.0001, instance_loss: 0.0000, weighted_loss: 0.0001, label: 1, bag_size: 5455
batch 319, loss: 0.0000, instance_loss: 0.0000, weighted_loss: 0.0000, label: 1, bag_size: 3649
batch 339, loss: 0.0000, instance_loss: 0.0002, weighted_loss: 0.0001, label: 0, bag_size: 670
batch 359, loss: 0.0000, instance_loss: 0.0000, weighted_loss: 0.0000, label: 0, bag_size: 4545
batch 379, loss: 0.0004, instance_loss: 0.0000, weighted_loss: 0.0003, label: 1, bag_size: 940
batch 399, loss: 0.0000, instance_loss: 0.0000, weighted_loss: 0.0000, label: 1, bag_size: 1293
batch 419, loss: 0.0002, instance_loss: 0.0010, weighted_loss: 0.0005, label: 0, bag_size: 1223
batch 439, loss: 0.0000, instance_loss: 0.0000, weighted_loss: 0.0000, label: 1, bag_size: 2607
batch 459, loss: 0.0591, instance_loss: 0.0000, weighted_loss: 0.0414, label: 1, bag_size: 3719
batch 479, loss: 0.0000, instance_loss: 0.0000, weighted_loss: 0.0000, label: 0, bag_size: 2745
batch 499, loss: 0.0004, instance_loss: 0.0000, weighted_loss: 0.0003, label: 1, bag_size: 1484
batch 519, loss: 0.0125, instance_loss: 0.0000, weighted_loss: 0.0087, label: 1, bag_size: 1553
batch 539, loss: 0.0000, instance_loss: 0.0000, weighted_loss: 0.0000, label: 1, bag_size: 541
batch 559, loss: 0.0009, instance_loss: 0.0000, weighted_loss: 0.0006, label: 1, bag_size: 619
batch 579, loss: 0.0000, instance_loss: 0.0000, weighted_loss: 0.0000, label: 0, bag_size: 1175
batch 599, loss: 0.0000, instance_loss: 0.0000, weighted_loss: 0.0000, label: 0, bag_size: 926
batch 619, loss: 0.0000, instance_loss: 0.0000, weighted_loss: 0.0000, label: 0, bag_size: 1379
batch 639, loss: 0.0000, instance_loss: 0.0028, weighted_loss: 0.0008, label: 0, bag_size: 687


class 0 clustering acc 0.9996159754224271: correct 5206/5208
class 1 clustering acc 0.9998079877112135: correct 5207/5208
Epoch: 45, train_loss: 0.0273, train_clustering_loss:  0.0021, train_error: 0.0061
class 0: acc 0.9941690962099126, correct 341/343
class 1: acc 0.9935064935064936, correct 306/308

Val Set, val_loss: 0.4763, val_error: 0.0535, auc: 0.4982
class 0 clustering acc 1.0: correct 1496/1496
class 1 clustering acc 0.9993315508021391: correct 1495/1496
class 0: acc 0.9723756906077348, correct 176/181
class 1: acc 0.16666666666666666, correct 1/6
EarlyStopping counter: 29 out of 20


batch 19, loss: 0.0000, instance_loss: 0.0000, weighted_loss: 0.0000, label: 1, bag_size: 5715
batch 39, loss: 0.0070, instance_loss: 0.0000, weighted_loss: 0.0049, label: 0, bag_size: 6275
batch 59, loss: 0.0032, instance_loss: 0.0000, weighted_loss: 0.0022, label: 1, bag_size: 619
batch 79, loss: 0.0000, instance_loss: 0.0010, weighted_loss: 0.0003, label: 0, bag_size: 1705
batch 99, loss: 0.0003, instance_loss: 0.0000, weighted_loss: 0.0002, label: 1, bag_size: 882
batch 119, loss: 0.0000, instance_loss: 0.0000, weighted_loss: 0.0000, label: 1, bag_size: 686
batch 139, loss: 0.0000, instance_loss: 0.0000, weighted_loss: 0.0000, label: 0, bag_size: 2609
batch 159, loss: 0.0000, instance_loss: 0.0000, weighted_loss: 0.0000, label: 1, bag_size: 5528
batch 179, loss: 0.0005, instance_loss: 0.0000, weighted_loss: 0.0004, label: 1, bag_size: 3237
batch 199, loss: 0.0000, instance_loss: 0.0158, weighted_loss: 0.0047, label: 0, bag_size: 963
batch 219, loss: 0.0000, instance_loss: 0.0009, weighted_loss: 0.0003, label: 0, bag_size: 1185
batch 239, loss: 0.0000, instance_loss: 0.0019, weighted_loss: 0.0006, label: 0, bag_size: 627
batch 259, loss: 0.0015, instance_loss: 0.0000, weighted_loss: 0.0011, label: 1, bag_size: 5140
batch 279, loss: 0.0000, instance_loss: 0.0000, weighted_loss: 0.0000, label: 1, bag_size: 666
batch 299, loss: 0.0013, instance_loss: 0.0000, weighted_loss: 0.0009, label: 1, bag_size: 3237
batch 319, loss: 0.0000, instance_loss: 0.1322, weighted_loss: 0.0396, label: 0, bag_size: 344
batch 339, loss: 0.0000, instance_loss: 0.0007, weighted_loss: 0.0002, label: 0, bag_size: 693
batch 359, loss: 0.0000, instance_loss: 0.0000, weighted_loss: 0.0000, label: 1, bag_size: 4012
batch 379, loss: 0.0000, instance_loss: 0.0009, weighted_loss: 0.0003, label: 0, bag_size: 1254
batch 399, loss: 0.0000, instance_loss: 0.0000, weighted_loss: 0.0000, label: 1, bag_size: 1491
batch 419, loss: 0.0001, instance_loss: 0.0000, weighted_loss: 0.0001, label: 0, bag_size: 1683
batch 439, loss: 0.0000, instance_loss: 0.0002, weighted_loss: 0.0001, label: 0, bag_size: 414
batch 459, loss: 0.0000, instance_loss: 0.0000, weighted_loss: 0.0000, label: 1, bag_size: 882
batch 479, loss: 0.0018, instance_loss: 0.0000, weighted_loss: 0.0013, label: 0, bag_size: 34683
batch 499, loss: 0.0006, instance_loss: 0.0000, weighted_loss: 0.0004, label: 0, bag_size: 3334
batch 519, loss: 0.0000, instance_loss: 0.0108, weighted_loss: 0.0032, label: 0, bag_size: 1256
batch 539, loss: 0.0001, instance_loss: 0.0000, weighted_loss: 0.0001, label: 1, bag_size: 882
batch 559, loss: 0.0000, instance_loss: 0.0000, weighted_loss: 0.0000, label: 0, bag_size: 1547
batch 579, loss: 0.0000, instance_loss: 0.0000, weighted_loss: 0.0000, label: 0, bag_size: 4102
batch 599, loss: 0.0000, instance_loss: 0.0000, weighted_loss: 0.0000, label: 0, bag_size: 1736
batch 619, loss: 0.0012, instance_loss: 0.0000, weighted_loss: 0.0008, label: 1, bag_size: 2769
batch 639, loss: 0.0000, instance_loss: 0.0000, weighted_loss: 0.0000, label: 0, bag_size: 1083


class 0 clustering acc 1.0: correct 5208/5208
class 1 clustering acc 0.9994239631336406: correct 5205/5208
Epoch: 46, train_loss: 0.0011, train_clustering_loss:  0.0018, train_error: 0.0000
class 0: acc 1.0, correct 336/336
class 1: acc 1.0, correct 315/315

Val Set, val_loss: 0.4916, val_error: 0.0481, auc: 0.4954
class 0 clustering acc 1.0: correct 1496/1496
class 1 clustering acc 0.9986631016042781: correct 1494/1496
class 0: acc 0.9834254143646409, correct 178/181
class 1: acc 0.0, correct 0/6
EarlyStopping counter: 30 out of 20


batch 19, loss: 0.0000, instance_loss: 0.0000, weighted_loss: 0.0000, label: 0, bag_size: 6403
batch 39, loss: 0.0000, instance_loss: 0.0000, weighted_loss: 0.0000, label: 0, bag_size: 4014
batch 59, loss: 0.0010, instance_loss: 0.0000, weighted_loss: 0.0007, label: 1, bag_size: 5455
batch 79, loss: 0.0001, instance_loss: 0.0000, weighted_loss: 0.0001, label: 1, bag_size: 619
batch 99, loss: 0.0001, instance_loss: 0.0000, weighted_loss: 0.0001, label: 1, bag_size: 882
batch 119, loss: 0.0000, instance_loss: 0.0142, weighted_loss: 0.0043, label: 0, bag_size: 202
batch 139, loss: 0.0029, instance_loss: 0.0000, weighted_loss: 0.0020, label: 1, bag_size: 1284
batch 159, loss: 0.0012, instance_loss: 0.0000, weighted_loss: 0.0008, label: 1, bag_size: 5611
batch 179, loss: 0.0000, instance_loss: 0.0000, weighted_loss: 0.0000, label: 0, bag_size: 733
batch 199, loss: 0.0075, instance_loss: 0.0000, weighted_loss: 0.0053, label: 0, bag_size: 297
batch 219, loss: 0.0048, instance_loss: 0.0000, weighted_loss: 0.0033, label: 0, bag_size: 400
batch 239, loss: 0.0009, instance_loss: 0.0000, weighted_loss: 0.0006, label: 1, bag_size: 5455
batch 259, loss: 0.0012, instance_loss: 0.0000, weighted_loss: 0.0009, label: 1, bag_size: 5611
batch 279, loss: 0.0000, instance_loss: 0.0000, weighted_loss: 0.0000, label: 0, bag_size: 489
batch 299, loss: 0.0000, instance_loss: 0.0000, weighted_loss: 0.0000, label: 0, bag_size: 842
batch 319, loss: 0.0000, instance_loss: 0.0000, weighted_loss: 0.0000, label: 1, bag_size: 2291
batch 339, loss: 0.0000, instance_loss: 0.0000, weighted_loss: 0.0000, label: 0, bag_size: 966
batch 359, loss: 0.0003, instance_loss: 0.0000, weighted_loss: 0.0002, label: 1, bag_size: 5140
batch 379, loss: 0.0002, instance_loss: 0.0000, weighted_loss: 0.0002, label: 0, bag_size: 3546
batch 399, loss: 0.0000, instance_loss: 0.0000, weighted_loss: 0.0000, label: 1, bag_size: 478
batch 419, loss: 0.0003, instance_loss: 0.0000, weighted_loss: 0.0002, label: 1, bag_size: 391
batch 439, loss: 0.0000, instance_loss: 0.0000, weighted_loss: 0.0000, label: 0, bag_size: 5489
batch 459, loss: 0.0000, instance_loss: 0.0002, weighted_loss: 0.0001, label: 0, bag_size: 1519
batch 479, loss: 0.0000, instance_loss: 0.0000, weighted_loss: 0.0000, label: 0, bag_size: 3782
batch 499, loss: 0.0000, instance_loss: 0.0000, weighted_loss: 0.0000, label: 1, bag_size: 478
batch 519, loss: 0.0000, instance_loss: 0.0056, weighted_loss: 0.0017, label: 0, bag_size: 710
batch 539, loss: 0.0000, instance_loss: 0.0000, weighted_loss: 0.0000, label: 0, bag_size: 2369
batch 559, loss: 0.0018, instance_loss: 0.0013, weighted_loss: 0.0017, label: 0, bag_size: 629
batch 579, loss: 0.0003, instance_loss: 0.0000, weighted_loss: 0.0002, label: 1, bag_size: 391
batch 599, loss: 0.0000, instance_loss: 0.4069, weighted_loss: 0.1221, label: 0, bag_size: 274
batch 619, loss: 0.0000, instance_loss: 0.0000, weighted_loss: 0.0000, label: 1, bag_size: 686
batch 639, loss: 0.0000, instance_loss: 0.0000, weighted_loss: 0.0000, label: 0, bag_size: 3744


class 0 clustering acc 0.9998079877112135: correct 5207/5208
class 1 clustering acc 0.9994239631336406: correct 5205/5208
Epoch: 47, train_loss: 0.0003, train_clustering_loss:  0.0020, train_error: 0.0000
class 0: acc 1.0, correct 326/326
class 1: acc 1.0, correct 325/325

Val Set, val_loss: 0.4984, val_error: 0.0428, auc: 0.5009
class 0 clustering acc 1.0: correct 1496/1496
class 1 clustering acc 1.0: correct 1496/1496
class 0: acc 0.9834254143646409, correct 178/181
class 1: acc 0.16666666666666666, correct 1/6
EarlyStopping counter: 31 out of 20


batch 19, loss: 0.0000, instance_loss: 0.0000, weighted_loss: 0.0000, label: 0, bag_size: 2364
batch 39, loss: 0.0000, instance_loss: 0.0000, weighted_loss: 0.0000, label: 0, bag_size: 525
batch 59, loss: 0.0001, instance_loss: 0.0000, weighted_loss: 0.0001, label: 0, bag_size: 4461
batch 79, loss: 0.0000, instance_loss: 0.0000, weighted_loss: 0.0000, label: 1, bag_size: 2531
batch 99, loss: 0.0000, instance_loss: 0.0000, weighted_loss: 0.0000, label: 1, bag_size: 478
batch 119, loss: 0.0000, instance_loss: 0.0000, weighted_loss: 0.0000, label: 0, bag_size: 1010
batch 139, loss: 0.0000, instance_loss: 0.0007, weighted_loss: 0.0002, label: 0, bag_size: 974
batch 159, loss: 0.0000, instance_loss: 0.0103, weighted_loss: 0.0031, label: 0, bag_size: 453
batch 179, loss: 0.0000, instance_loss: 0.0000, weighted_loss: 0.0000, label: 1, bag_size: 1504
batch 199, loss: 0.0000, instance_loss: 0.0000, weighted_loss: 0.0000, label: 0, bag_size: 4252
batch 219, loss: 0.0000, instance_loss: 0.0000, weighted_loss: 0.0000, label: 0, bag_size: 1102
batch 239, loss: 0.0001, instance_loss: 0.0000, weighted_loss: 0.0001, label: 1, bag_size: 1484
batch 259, loss: 0.0000, instance_loss: 0.0000, weighted_loss: 0.0000, label: 1, bag_size: 686
batch 279, loss: 0.0004, instance_loss: 0.0000, weighted_loss: 0.0003, label: 0, bag_size: 5083
batch 299, loss: 0.0000, instance_loss: 0.0000, weighted_loss: 0.0000, label: 1, bag_size: 1484
batch 319, loss: 0.0003, instance_loss: 0.0000, weighted_loss: 0.0002, label: 0, bag_size: 4957
batch 339, loss: 0.0000, instance_loss: 0.0051, weighted_loss: 0.0015, label: 0, bag_size: 1266
batch 359, loss: 0.0000, instance_loss: 0.0000, weighted_loss: 0.0000, label: 1, bag_size: 726
batch 379, loss: 0.0000, instance_loss: 0.0063, weighted_loss: 0.0019, label: 0, bag_size: 453
batch 399, loss: 0.0001, instance_loss: 0.0000, weighted_loss: 0.0000, label: 1, bag_size: 5073
batch 419, loss: 0.0000, instance_loss: 0.0000, weighted_loss: 0.0000, label: 1, bag_size: 5528
batch 439, loss: 0.0000, instance_loss: 0.0000, weighted_loss: 0.0000, label: 1, bag_size: 1293
batch 459, loss: 0.0002, instance_loss: 0.0000, weighted_loss: 0.0001, label: 1, bag_size: 940
batch 479, loss: 0.0003, instance_loss: 0.0000, weighted_loss: 0.0002, label: 1, bag_size: 1293
batch 499, loss: 0.0001, instance_loss: 0.0000, weighted_loss: 0.0001, label: 1, bag_size: 5140
batch 519, loss: 0.0000, instance_loss: 0.0000, weighted_loss: 0.0000, label: 0, bag_size: 3779
batch 539, loss: 0.0000, instance_loss: 0.0000, weighted_loss: 0.0000, label: 1, bag_size: 913
batch 559, loss: 0.0005, instance_loss: 0.0000, weighted_loss: 0.0003, label: 1, bag_size: 940
batch 579, loss: 0.0000, instance_loss: 0.0000, weighted_loss: 0.0000, label: 0, bag_size: 1813
batch 599, loss: 0.0002, instance_loss: 0.0000, weighted_loss: 0.0001, label: 1, bag_size: 1138
batch 619, loss: 0.0000, instance_loss: 0.0000, weighted_loss: 0.0000, label: 1, bag_size: 5414
batch 639, loss: 0.0150, instance_loss: 0.0000, weighted_loss: 0.0105, label: 0, bag_size: 2006


class 0 clustering acc 0.9994239631336406: correct 5205/5208
class 1 clustering acc 0.9986559139784946: correct 5201/5208
Epoch: 48, train_loss: 0.0003, train_clustering_loss:  0.0032, train_error: 0.0000
class 0: acc 1.0, correct 337/337
class 1: acc 1.0, correct 314/314

Val Set, val_loss: 0.5020, val_error: 0.0428, auc: 0.5046
class 0 clustering acc 1.0: correct 1496/1496
class 1 clustering acc 1.0: correct 1496/1496
class 0: acc 0.9834254143646409, correct 178/181
class 1: acc 0.16666666666666666, correct 1/6
EarlyStopping counter: 32 out of 20


batch 19, loss: 0.0019, instance_loss: 0.0000, weighted_loss: 0.0013, label: 1, bag_size: 940
batch 39, loss: 0.0000, instance_loss: 0.0028, weighted_loss: 0.0009, label: 0, bag_size: 641
batch 59, loss: 0.0000, instance_loss: 0.0000, weighted_loss: 0.0000, label: 0, bag_size: 6348
batch 79, loss: 0.0000, instance_loss: 0.0000, weighted_loss: 0.0000, label: 1, bag_size: 5637
batch 99, loss: 0.0029, instance_loss: 0.0002, weighted_loss: 0.0021, label: 0, bag_size: 409
batch 119, loss: 0.0000, instance_loss: 0.0000, weighted_loss: 0.0000, label: 1, bag_size: 2291
batch 139, loss: 0.0000, instance_loss: 0.0000, weighted_loss: 0.0000, label: 1, bag_size: 3719
batch 159, loss: 0.0000, instance_loss: 0.0000, weighted_loss: 0.0000, label: 1, bag_size: 3425
batch 179, loss: 0.0000, instance_loss: 0.0000, weighted_loss: 0.0000, label: 1, bag_size: 3649
batch 199, loss: 0.0000, instance_loss: 0.0000, weighted_loss: 0.0000, label: 1, bag_size: 478
batch 219, loss: 0.0000, instance_loss: 0.0003, weighted_loss: 0.0001, label: 0, bag_size: 934
batch 239, loss: 0.0001, instance_loss: 0.0000, weighted_loss: 0.0001, label: 1, bag_size: 666
batch 259, loss: 0.0001, instance_loss: 0.0000, weighted_loss: 0.0001, label: 1, bag_size: 882
batch 279, loss: 0.0002, instance_loss: 0.0000, weighted_loss: 0.0001, label: 0, bag_size: 3554
batch 299, loss: 0.0000, instance_loss: 0.0010, weighted_loss: 0.0003, label: 0, bag_size: 827
batch 319, loss: 0.0000, instance_loss: 0.0002, weighted_loss: 0.0001, label: 0, bag_size: 1055
batch 339, loss: 0.0000, instance_loss: 0.0000, weighted_loss: 0.0000, label: 1, bag_size: 3237
batch 359, loss: 0.0000, instance_loss: 0.0000, weighted_loss: 0.0000, label: 0, bag_size: 4160
batch 379, loss: 0.0000, instance_loss: 0.0000, weighted_loss: 0.0000, label: 0, bag_size: 1154
batch 399, loss: 0.0001, instance_loss: 0.0000, weighted_loss: 0.0001, label: 0, bag_size: 1019
batch 419, loss: 0.0000, instance_loss: 0.0004, weighted_loss: 0.0001, label: 1, bag_size: 1491
batch 439, loss: 0.0000, instance_loss: 0.0000, weighted_loss: 0.0000, label: 1, bag_size: 3425
batch 459, loss: 0.0000, instance_loss: 0.0000, weighted_loss: 0.0000, label: 1, bag_size: 2620
batch 479, loss: 0.0000, instance_loss: 0.0000, weighted_loss: 0.0000, label: 0, bag_size: 1737
batch 499, loss: 0.0000, instance_loss: 0.0000, weighted_loss: 0.0000, label: 0, bag_size: 733
batch 519, loss: 0.0003, instance_loss: 0.0000, weighted_loss: 0.0002, label: 1, bag_size: 5455
batch 539, loss: 0.4229, instance_loss: 0.0000, weighted_loss: 0.2960, label: 1, bag_size: 2620
batch 559, loss: 0.0001, instance_loss: 0.0000, weighted_loss: 0.0001, label: 1, bag_size: 1424
batch 579, loss: 0.0005, instance_loss: 0.0003, weighted_loss: 0.0005, label: 1, bag_size: 940
batch 599, loss: 0.0001, instance_loss: 0.0042, weighted_loss: 0.0013, label: 0, bag_size: 2344
batch 619, loss: 0.0058, instance_loss: 0.0000, weighted_loss: 0.0041, label: 1, bag_size: 2769
batch 639, loss: 0.0008, instance_loss: 0.0000, weighted_loss: 0.0006, label: 1, bag_size: 4180


class 0 clustering acc 0.9998079877112135: correct 5207/5208
class 1 clustering acc 0.9998079877112135: correct 5207/5208
Epoch: 49, train_loss: 0.0272, train_clustering_loss:  0.0013, train_error: 0.0077
class 0: acc 0.9907407407407407, correct 321/324
class 1: acc 0.9938837920489296, correct 325/327

Val Set, val_loss: 0.2960, val_error: 0.0481, auc: 0.7385
class 0 clustering acc 1.0: correct 1496/1496
class 1 clustering acc 0.9986631016042781: correct 1494/1496
class 0: acc 0.9779005524861878, correct 177/181
class 1: acc 0.16666666666666666, correct 1/6
EarlyStopping counter: 33 out of 20


batch 19, loss: 0.0000, instance_loss: 0.0000, weighted_loss: 0.0000, label: 0, bag_size: 1298
batch 39, loss: 0.0000, instance_loss: 0.0000, weighted_loss: 0.0000, label: 1, bag_size: 2607
batch 59, loss: 0.0000, instance_loss: 0.0000, weighted_loss: 0.0000, label: 0, bag_size: 1101
batch 79, loss: 0.0001, instance_loss: 0.0000, weighted_loss: 0.0000, label: 1, bag_size: 5073
batch 99, loss: 0.0001, instance_loss: 0.0000, weighted_loss: 0.0000, label: 1, bag_size: 1284
batch 119, loss: 0.0005, instance_loss: 0.0000, weighted_loss: 0.0003, label: 1, bag_size: 5455
batch 139, loss: 0.0000, instance_loss: 0.0000, weighted_loss: 0.0000, label: 0, bag_size: 4380
batch 159, loss: 0.0000, instance_loss: 0.0000, weighted_loss: 0.0000, label: 1, bag_size: 1484
batch 179, loss: 0.0037, instance_loss: 0.0000, weighted_loss: 0.0026, label: 0, bag_size: 894
batch 199, loss: 0.0000, instance_loss: 0.0244, weighted_loss: 0.0074, label: 0, bag_size: 2344
batch 219, loss: 0.0000, instance_loss: 0.0013, weighted_loss: 0.0004, label: 0, bag_size: 1219
batch 239, loss: 0.0000, instance_loss: 0.0000, weighted_loss: 0.0000, label: 1, bag_size: 1424
batch 259, loss: 0.0000, instance_loss: 0.0110, weighted_loss: 0.0033, label: 0, bag_size: 888
batch 279, loss: 0.0001, instance_loss: 0.0000, weighted_loss: 0.0001, label: 1, bag_size: 5140
batch 299, loss: 0.0020, instance_loss: 0.0000, weighted_loss: 0.0014, label: 1, bag_size: 686
batch 319, loss: 0.0000, instance_loss: 0.0002, weighted_loss: 0.0001, label: 0, bag_size: 612
batch 339, loss: 0.0005, instance_loss: 0.0003, weighted_loss: 0.0004, label: 0, bag_size: 869
batch 359, loss: 0.0000, instance_loss: 0.0000, weighted_loss: 0.0000, label: 0, bag_size: 587
batch 379, loss: 0.0005, instance_loss: 0.0000, weighted_loss: 0.0003, label: 1, bag_size: 4180
batch 399, loss: 0.0000, instance_loss: 0.0000, weighted_loss: 0.0000, label: 0, bag_size: 1498
batch 419, loss: 0.0000, instance_loss: 0.0002, weighted_loss: 0.0001, label: 1, bag_size: 2291
batch 439, loss: 0.0000, instance_loss: 0.0006, weighted_loss: 0.0002, label: 0, bag_size: 1147
batch 459, loss: 0.0000, instance_loss: 0.0000, weighted_loss: 0.0000, label: 1, bag_size: 2620
batch 479, loss: 0.0000, instance_loss: 0.0000, weighted_loss: 0.0000, label: 1, bag_size: 686
batch 499, loss: 0.0000, instance_loss: 0.0000, weighted_loss: 0.0000, label: 1, bag_size: 1117
batch 519, loss: 0.0003, instance_loss: 0.0000, weighted_loss: 0.0002, label: 1, bag_size: 882
batch 539, loss: 0.0000, instance_loss: 0.0000, weighted_loss: 0.0000, label: 0, bag_size: 637
batch 559, loss: 0.0000, instance_loss: 0.0000, weighted_loss: 0.0000, label: 0, bag_size: 816
batch 579, loss: 0.0000, instance_loss: 0.0000, weighted_loss: 0.0000, label: 1, bag_size: 2531
batch 599, loss: 0.0000, instance_loss: 0.0090, weighted_loss: 0.0027, label: 0, bag_size: 234
batch 619, loss: 0.0001, instance_loss: 0.0000, weighted_loss: 0.0000, label: 1, bag_size: 3425
batch 639, loss: 0.0007, instance_loss: 0.0000, weighted_loss: 0.0005, label: 1, bag_size: 913


class 0 clustering acc 1.0: correct 5208/5208
class 1 clustering acc 0.999231950844854: correct 5204/5208
Epoch: 50, train_loss: 0.0004, train_clustering_loss:  0.0019, train_error: 0.0000
class 0: acc 1.0, correct 325/325
class 1: acc 1.0, correct 326/326

Val Set, val_loss: 0.3353, val_error: 0.0428, auc: 0.6860
class 0 clustering acc 1.0: correct 1496/1496
class 1 clustering acc 0.9979946524064172: correct 1493/1496
class 0: acc 0.9834254143646409, correct 178/181
class 1: acc 0.16666666666666666, correct 1/6
EarlyStopping counter: 34 out of 20


batch 19, loss: 0.0000, instance_loss: 0.0000, weighted_loss: 0.0000, label: 0, bag_size: 1503
batch 39, loss: 0.0244, instance_loss: 0.0005, weighted_loss: 0.0172, label: 1, bag_size: 1293
batch 59, loss: 0.0001, instance_loss: 0.0000, weighted_loss: 0.0001, label: 1, bag_size: 3425
batch 79, loss: 0.0005, instance_loss: 0.0000, weighted_loss: 0.0003, label: 1, bag_size: 1138
batch 99, loss: 0.0001, instance_loss: 0.0000, weighted_loss: 0.0001, label: 0, bag_size: 3626
batch 119, loss: 0.0004, instance_loss: 0.0061, weighted_loss: 0.0021, label: 0, bag_size: 251
batch 139, loss: 0.0000, instance_loss: 0.0000, weighted_loss: 0.0000, label: 0, bag_size: 2637
batch 159, loss: 0.0000, instance_loss: 0.0000, weighted_loss: 0.0000, label: 1, bag_size: 1117
batch 179, loss: 0.0017, instance_loss: 0.0000, weighted_loss: 0.0012, label: 1, bag_size: 2769
batch 199, loss: 0.0000, instance_loss: 0.0010, weighted_loss: 0.0003, label: 0, bag_size: 1657
batch 219, loss: 0.0000, instance_loss: 0.0000, weighted_loss: 0.0000, label: 0, bag_size: 3483
batch 239, loss: 0.0000, instance_loss: 0.0000, weighted_loss: 0.0000, label: 0, bag_size: 429
batch 259, loss: 0.0000, instance_loss: 0.0000, weighted_loss: 0.0000, label: 0, bag_size: 1813
batch 279, loss: 0.0000, instance_loss: 0.0004, weighted_loss: 0.0001, label: 0, bag_size: 1101
batch 299, loss: 0.0002, instance_loss: 0.0014, weighted_loss: 0.0006, label: 0, bag_size: 1000
batch 319, loss: 0.0000, instance_loss: 0.0000, weighted_loss: 0.0000, label: 1, bag_size: 478
batch 339, loss: 0.0005, instance_loss: 0.0000, weighted_loss: 0.0003, label: 1, bag_size: 1284
batch 359, loss: 0.0000, instance_loss: 0.0006, weighted_loss: 0.0002, label: 0, bag_size: 745
batch 379, loss: 0.0000, instance_loss: 0.0023, weighted_loss: 0.0007, label: 0, bag_size: 1005
batch 399, loss: 0.0002, instance_loss: 0.0000, weighted_loss: 0.0002, label: 1, bag_size: 5611
batch 419, loss: 0.0144, instance_loss: 0.0000, weighted_loss: 0.0101, label: 1, bag_size: 882
batch 439, loss: 0.0000, instance_loss: 0.0000, weighted_loss: 0.0000, label: 0, bag_size: 1772
batch 459, loss: 0.0000, instance_loss: 0.0000, weighted_loss: 0.0000, label: 0, bag_size: 1198
batch 479, loss: 0.0000, instance_loss: 0.0002, weighted_loss: 0.0001, label: 0, bag_size: 2344
batch 499, loss: 0.0000, instance_loss: 0.0029, weighted_loss: 0.0009, label: 0, bag_size: 1588
batch 519, loss: 0.0000, instance_loss: 0.0000, weighted_loss: 0.0000, label: 0, bag_size: 1147
batch 539, loss: 0.0002, instance_loss: 0.0000, weighted_loss: 0.0001, label: 1, bag_size: 726
batch 559, loss: 0.0000, instance_loss: 0.0000, weighted_loss: 0.0000, label: 0, bag_size: 1305
batch 579, loss: 0.0009, instance_loss: 0.0000, weighted_loss: 0.0007, label: 1, bag_size: 882
batch 599, loss: 0.0000, instance_loss: 0.0000, weighted_loss: 0.0000, label: 0, bag_size: 2946
batch 619, loss: 0.0000, instance_loss: 0.0010, weighted_loss: 0.0003, label: 0, bag_size: 693
batch 639, loss: 0.0000, instance_loss: 0.0000, weighted_loss: 0.0000, label: 0, bag_size: 461


class 0 clustering acc 1.0: correct 5208/5208
class 1 clustering acc 0.9998079877112135: correct 5207/5208
Epoch: 51, train_loss: 0.0006, train_clustering_loss:  0.0011, train_error: 0.0000
class 0: acc 1.0, correct 338/338
class 1: acc 1.0, correct 313/313

Val Set, val_loss: 0.3692, val_error: 0.0374, auc: 0.6823
class 0 clustering acc 1.0: correct 1496/1496
class 1 clustering acc 0.9986631016042781: correct 1494/1496
class 0: acc 0.988950276243094, correct 179/181
class 1: acc 0.16666666666666666, correct 1/6
EarlyStopping counter: 35 out of 20
Early stopping
Val error: 0.0428, ROC AUC: 0.9033
Test error: 0.0998, ROC AUC: 0.6774
class 0: acc 0.9507389162561576, correct 386/406
class 1: acc 0.08, correct 2/25

Training Fold 2!

Init train/val/test splits... 
Done!
Training on 699 samples
Validating on 143 samples
Testing on 427 samples

Init loss function... Done!

Init Model... Setting tau to 1.0
Done!
CLAM_SB(
  (attention_net): Sequential(
    (0): Linear(in_features=1536, out_features=512, bias=True)
    (1): ReLU()
    (2): Dropout(p=0.25, inplace=False)
    (3): Attn_Net_Gated(
      (attention_a): Sequential(
        (0): Linear(in_features=512, out_features=256, bias=True)
        (1): Tanh()
        (2): Dropout(p=0.25, inplace=False)
      )
      (attention_b): Sequential(
        (0): Linear(in_features=512, out_features=256, bias=True)
        (1): Sigmoid()
        (2): Dropout(p=0.25, inplace=False)
      )
      (attention_c): Linear(in_features=256, out_features=1, bias=True)
    )
  )
  (classifiers): Linear(in_features=512, out_features=2, bias=True)
  (instance_classifiers): ModuleList(
    (0-1): 2 x Linear(in_features=512, out_features=2, bias=True)
  )
  (instance_loss_fn): SmoothTop1SVM()
)
Total number of parameters: 1052935
Total number of trainable parameters: 1052935

Init optimizer ... Done!

Init Loaders... Done!

Setup EarlyStopping... Done!


batch 19, loss: 0.8998, instance_loss: 0.9570, weighted_loss: 0.9170, label: 0, bag_size: 513
batch 39, loss: 0.2666, instance_loss: 0.4924, weighted_loss: 0.3343, label: 0, bag_size: 1223
batch 59, loss: 0.4861, instance_loss: 3.9598, weighted_loss: 1.5282, label: 1, bag_size: 3649
batch 79, loss: 0.3817, instance_loss: 0.4488, weighted_loss: 0.4019, label: 0, bag_size: 1609
batch 99, loss: 0.6175, instance_loss: 1.4511, weighted_loss: 0.8676, label: 0, bag_size: 1089
batch 119, loss: 0.1829, instance_loss: 0.9124, weighted_loss: 0.4018, label: 0, bag_size: 3091
batch 139, loss: 0.5929, instance_loss: 0.9564, weighted_loss: 0.7020, label: 1, bag_size: 4180
batch 159, loss: 0.5592, instance_loss: 0.8349, weighted_loss: 0.6419, label: 1, bag_size: 662
batch 179, loss: 0.2769, instance_loss: 0.4881, weighted_loss: 0.3402, label: 1, bag_size: 1138
batch 199, loss: 0.3492, instance_loss: 0.3456, weighted_loss: 0.3481, label: 0, bag_size: 3693
batch 219, loss: 0.5169, instance_loss: 1.9058, weighted_loss: 0.9336, label: 0, bag_size: 539
batch 239, loss: 0.6819, instance_loss: 2.4491, weighted_loss: 1.2121, label: 0, bag_size: 3744
batch 259, loss: 0.6706, instance_loss: 1.7514, weighted_loss: 0.9948, label: 1, bag_size: 3237
batch 279, loss: 0.3230, instance_loss: 0.7165, weighted_loss: 0.4411, label: 1, bag_size: 5455
batch 299, loss: 0.5623, instance_loss: 0.9642, weighted_loss: 0.6829, label: 0, bag_size: 687
batch 319, loss: 0.5394, instance_loss: 0.5030, weighted_loss: 0.5285, label: 0, bag_size: 855
batch 339, loss: 0.2692, instance_loss: 0.3928, weighted_loss: 0.3063, label: 0, bag_size: 629
batch 359, loss: 0.1728, instance_loss: 0.6993, weighted_loss: 0.3307, label: 1, bag_size: 662
batch 379, loss: 0.4989, instance_loss: 0.2717, weighted_loss: 0.4308, label: 0, bag_size: 2397
batch 399, loss: 0.1464, instance_loss: 0.0882, weighted_loss: 0.1289, label: 1, bag_size: 4045
batch 419, loss: 0.1872, instance_loss: 0.0592, weighted_loss: 0.1488, label: 1, bag_size: 3707
batch 439, loss: 0.1693, instance_loss: 0.0867, weighted_loss: 0.1445, label: 0, bag_size: 414
batch 459, loss: 0.5611, instance_loss: 0.0912, weighted_loss: 0.4201, label: 1, bag_size: 3649
batch 479, loss: 1.0359, instance_loss: 0.0772, weighted_loss: 0.7483, label: 0, bag_size: 596
batch 499, loss: 0.4057, instance_loss: 0.0732, weighted_loss: 0.3060, label: 1, bag_size: 4201
batch 519, loss: 0.4430, instance_loss: 0.0509, weighted_loss: 0.3254, label: 1, bag_size: 4100
batch 539, loss: 0.7366, instance_loss: 0.4266, weighted_loss: 0.6436, label: 0, bag_size: 632
batch 559, loss: 0.4144, instance_loss: 0.0377, weighted_loss: 0.3014, label: 1, bag_size: 5455
batch 579, loss: 0.5989, instance_loss: 0.9487, weighted_loss: 0.7038, label: 1, bag_size: 1138
batch 599, loss: 0.8994, instance_loss: 0.0141, weighted_loss: 0.6338, label: 1, bag_size: 2769
batch 619, loss: 0.4002, instance_loss: 0.9373, weighted_loss: 0.5613, label: 1, bag_size: 1138
batch 639, loss: 0.6706, instance_loss: 0.4653, weighted_loss: 0.6090, label: 1, bag_size: 656
batch 659, loss: 0.3441, instance_loss: 0.0684, weighted_loss: 0.2614, label: 1, bag_size: 5140
batch 679, loss: 0.5080, instance_loss: 0.0342, weighted_loss: 0.3658, label: 1, bag_size: 656


class 0 clustering acc 0.8553290414878397: correct 4783/5592
class 1 clustering acc 0.7830829756795422: correct 4379/5592
Epoch: 0, train_loss: 0.6316, train_clustering_loss:  0.6828, train_error: 0.3491
class 0: acc 0.6473988439306358, correct 224/346
class 1: acc 0.6543909348441926, correct 231/353

Val Set, val_loss: 0.3184, val_error: 0.0559, auc: 0.6946
class 0 clustering acc 0.9921328671328671: correct 1135/1144
class 1 clustering acc 1.0: correct 1144/1144
class 0: acc 0.9708029197080292, correct 133/137
class 1: acc 0.3333333333333333, correct 2/6
Validation loss decreased (inf --> 0.318398).  Saving model ...


batch 19, loss: 0.4578, instance_loss: 0.0340, weighted_loss: 0.3307, label: 0, bag_size: 611
batch 39, loss: 0.5608, instance_loss: 0.1015, weighted_loss: 0.4230, label: 1, bag_size: 204
batch 59, loss: 0.0272, instance_loss: 0.0016, weighted_loss: 0.0196, label: 0, bag_size: 619
batch 79, loss: 0.0458, instance_loss: 0.0099, weighted_loss: 0.0351, label: 1, bag_size: 3756
batch 99, loss: 0.4888, instance_loss: 0.0309, weighted_loss: 0.3514, label: 0, bag_size: 3269
batch 119, loss: 0.5610, instance_loss: 0.0076, weighted_loss: 0.3950, label: 1, bag_size: 3393
batch 139, loss: 0.4027, instance_loss: 0.0126, weighted_loss: 0.2856, label: 0, bag_size: 1073
batch 159, loss: 0.1403, instance_loss: 0.0468, weighted_loss: 0.1123, label: 0, bag_size: 702
batch 179, loss: 0.0890, instance_loss: 0.0065, weighted_loss: 0.0643, label: 0, bag_size: 434
batch 199, loss: 1.3240, instance_loss: 0.0201, weighted_loss: 0.9328, label: 1, bag_size: 2291
batch 219, loss: 0.1340, instance_loss: 0.0024, weighted_loss: 0.0945, label: 0, bag_size: 1092
batch 239, loss: 0.2819, instance_loss: 0.0047, weighted_loss: 0.1988, label: 0, bag_size: 1223
batch 259, loss: 0.1745, instance_loss: 0.0049, weighted_loss: 0.1236, label: 0, bag_size: 2271
batch 279, loss: 0.1067, instance_loss: 0.0027, weighted_loss: 0.0755, label: 0, bag_size: 1185
batch 299, loss: 0.3491, instance_loss: 0.0621, weighted_loss: 0.2630, label: 1, bag_size: 4045
batch 319, loss: 0.1502, instance_loss: 0.0059, weighted_loss: 0.1069, label: 0, bag_size: 873
batch 339, loss: 0.1697, instance_loss: 0.3873, weighted_loss: 0.2350, label: 1, bag_size: 204
batch 359, loss: 1.0219, instance_loss: 0.0123, weighted_loss: 0.7190, label: 0, bag_size: 3979
batch 379, loss: 0.3067, instance_loss: 0.0039, weighted_loss: 0.2159, label: 0, bag_size: 6059
batch 399, loss: 0.8957, instance_loss: 0.0103, weighted_loss: 0.6300, label: 0, bag_size: 1018
batch 419, loss: 0.0663, instance_loss: 0.0316, weighted_loss: 0.0559, label: 1, bag_size: 3756
batch 439, loss: 0.9719, instance_loss: 0.3702, weighted_loss: 0.7914, label: 0, bag_size: 4815
batch 459, loss: 0.7811, instance_loss: 0.0325, weighted_loss: 0.5565, label: 0, bag_size: 3626
batch 479, loss: 0.2943, instance_loss: 0.0781, weighted_loss: 0.2295, label: 0, bag_size: 3578
batch 499, loss: 0.2050, instance_loss: 0.0109, weighted_loss: 0.1468, label: 1, bag_size: 3649
batch 519, loss: 0.3054, instance_loss: 0.0121, weighted_loss: 0.2174, label: 0, bag_size: 611
batch 539, loss: 0.5743, instance_loss: 0.0062, weighted_loss: 0.4039, label: 1, bag_size: 3425
batch 559, loss: 0.3371, instance_loss: 0.0212, weighted_loss: 0.2423, label: 0, bag_size: 643
batch 579, loss: 1.7327, instance_loss: 0.0115, weighted_loss: 1.2164, label: 1, bag_size: 726
batch 599, loss: 0.0979, instance_loss: 0.0140, weighted_loss: 0.0727, label: 1, bag_size: 3613
batch 619, loss: 0.0591, instance_loss: 0.0017, weighted_loss: 0.0419, label: 0, bag_size: 2235
batch 639, loss: 0.3520, instance_loss: 0.0119, weighted_loss: 0.2500, label: 1, bag_size: 726
batch 659, loss: 0.0397, instance_loss: 0.0023, weighted_loss: 0.0285, label: 0, bag_size: 2385
batch 679, loss: 0.1361, instance_loss: 0.0228, weighted_loss: 0.1021, label: 1, bag_size: 2291


class 0 clustering acc 0.9948140200286123: correct 5563/5592
class 1 clustering acc 0.9907010014306151: correct 5540/5592
Epoch: 1, train_loss: 0.4609, train_clustering_loss:  0.0522, train_error: 0.2103
class 0: acc 0.8307291666666666, correct 319/384
class 1: acc 0.7396825396825397, correct 233/315

Val Set, val_loss: 0.4753, val_error: 0.1958, auc: 0.6898
class 0 clustering acc 1.0: correct 1144/1144
class 1 clustering acc 0.9965034965034965: correct 1140/1144
class 0: acc 0.8175182481751825, correct 112/137
class 1: acc 0.5, correct 3/6
EarlyStopping counter: 1 out of 20


batch 19, loss: 0.0333, instance_loss: 0.0083, weighted_loss: 0.0258, label: 0, bag_size: 787
batch 39, loss: 0.0611, instance_loss: 0.0028, weighted_loss: 0.0436, label: 0, bag_size: 3937
batch 59, loss: 0.0076, instance_loss: 0.0002, weighted_loss: 0.0054, label: 0, bag_size: 1511
batch 79, loss: 0.1494, instance_loss: 0.0148, weighted_loss: 0.1090, label: 1, bag_size: 4201
batch 99, loss: 0.1758, instance_loss: 0.0008, weighted_loss: 0.1233, label: 0, bag_size: 2235
batch 119, loss: 0.0638, instance_loss: 0.0006, weighted_loss: 0.0448, label: 0, bag_size: 2501
batch 139, loss: 0.0085, instance_loss: 0.0040, weighted_loss: 0.0072, label: 0, bag_size: 1009
batch 159, loss: 0.0096, instance_loss: 0.0212, weighted_loss: 0.0130, label: 1, bag_size: 662
batch 179, loss: 0.3437, instance_loss: 0.0017, weighted_loss: 0.2411, label: 0, bag_size: 864
batch 199, loss: 0.0322, instance_loss: 0.0065, weighted_loss: 0.0245, label: 1, bag_size: 1284
batch 219, loss: 0.2107, instance_loss: 0.0032, weighted_loss: 0.1485, label: 1, bag_size: 656
batch 239, loss: 0.0124, instance_loss: 0.0053, weighted_loss: 0.0102, label: 1, bag_size: 4022
batch 259, loss: 0.2241, instance_loss: 0.0117, weighted_loss: 0.1603, label: 1, bag_size: 4180
batch 279, loss: 0.1169, instance_loss: 0.0130, weighted_loss: 0.0857, label: 0, bag_size: 2291
batch 299, loss: 0.3896, instance_loss: 0.0414, weighted_loss: 0.2852, label: 1, bag_size: 903
batch 319, loss: 0.4652, instance_loss: 0.0310, weighted_loss: 0.3350, label: 0, bag_size: 5455
batch 339, loss: 0.4518, instance_loss: 0.0297, weighted_loss: 0.3251, label: 0, bag_size: 1422
batch 359, loss: 0.0219, instance_loss: 0.0025, weighted_loss: 0.0161, label: 0, bag_size: 675
batch 379, loss: 0.1709, instance_loss: 0.0456, weighted_loss: 0.1333, label: 0, bag_size: 3599
batch 399, loss: 0.0104, instance_loss: 0.0008, weighted_loss: 0.0075, label: 1, bag_size: 3237
batch 419, loss: 0.1346, instance_loss: 0.0063, weighted_loss: 0.0961, label: 0, bag_size: 1956
batch 439, loss: 0.4076, instance_loss: 0.0013, weighted_loss: 0.2857, label: 0, bag_size: 1198
batch 459, loss: 0.0802, instance_loss: 0.0274, weighted_loss: 0.0643, label: 1, bag_size: 726
batch 479, loss: 0.1092, instance_loss: 0.0105, weighted_loss: 0.0796, label: 1, bag_size: 4045
batch 499, loss: 1.4055, instance_loss: 0.0096, weighted_loss: 0.9867, label: 0, bag_size: 980
batch 519, loss: 0.0390, instance_loss: 0.0061, weighted_loss: 0.0291, label: 1, bag_size: 4133
batch 539, loss: 0.0553, instance_loss: 0.0028, weighted_loss: 0.0395, label: 0, bag_size: 1877
batch 559, loss: 0.0275, instance_loss: 0.0000, weighted_loss: 0.0192, label: 0, bag_size: 2144
batch 579, loss: 0.0815, instance_loss: 0.0536, weighted_loss: 0.0731, label: 1, bag_size: 204
batch 599, loss: 0.1170, instance_loss: 0.0007, weighted_loss: 0.0821, label: 0, bag_size: 3308
batch 619, loss: 0.1464, instance_loss: 0.0752, weighted_loss: 0.1250, label: 1, bag_size: 903
batch 639, loss: 0.2109, instance_loss: 0.0009, weighted_loss: 0.1479, label: 0, bag_size: 1019
batch 659, loss: 0.0036, instance_loss: 0.0002, weighted_loss: 0.0026, label: 1, bag_size: 5140
batch 679, loss: 0.3945, instance_loss: 0.0058, weighted_loss: 0.2779, label: 0, bag_size: 598


class 0 clustering acc 1.0: correct 5592/5592
class 1 clustering acc 0.9973175965665236: correct 5577/5592
Epoch: 2, train_loss: 0.2754, train_clustering_loss:  0.0152, train_error: 0.1044
class 0: acc 0.9112903225806451, correct 339/372
class 1: acc 0.8776758409785933, correct 287/327

Val Set, val_loss: 0.3219, val_error: 0.1329, auc: 0.6825
class 0 clustering acc 0.9991258741258742: correct 1143/1144
class 1 clustering acc 0.9965034965034965: correct 1140/1144
class 0: acc 0.8905109489051095, correct 122/137
class 1: acc 0.3333333333333333, correct 2/6
EarlyStopping counter: 2 out of 20


batch 19, loss: 0.2235, instance_loss: 0.0054, weighted_loss: 0.1581, label: 0, bag_size: 3527
batch 39, loss: 0.0095, instance_loss: 0.0025, weighted_loss: 0.0074, label: 1, bag_size: 3649
batch 59, loss: 0.3865, instance_loss: 0.0013, weighted_loss: 0.2709, label: 1, bag_size: 3719
batch 79, loss: 0.0086, instance_loss: 0.0009, weighted_loss: 0.0063, label: 0, bag_size: 766
batch 99, loss: 0.0024, instance_loss: 0.0235, weighted_loss: 0.0087, label: 1, bag_size: 4022
batch 119, loss: 0.3594, instance_loss: 0.0274, weighted_loss: 0.2598, label: 1, bag_size: 3656
batch 139, loss: 0.0063, instance_loss: 0.0003, weighted_loss: 0.0045, label: 0, bag_size: 2317
batch 159, loss: 0.0612, instance_loss: 0.0024, weighted_loss: 0.0436, label: 1, bag_size: 3649
batch 179, loss: 0.6533, instance_loss: 0.0320, weighted_loss: 0.4669, label: 0, bag_size: 4248
batch 199, loss: 0.0295, instance_loss: 0.0006, weighted_loss: 0.0208, label: 0, bag_size: 2364
batch 219, loss: 0.0121, instance_loss: 0.0171, weighted_loss: 0.0136, label: 1, bag_size: 668
batch 239, loss: 0.0008, instance_loss: 0.0048, weighted_loss: 0.0020, label: 1, bag_size: 3756
batch 259, loss: 0.1711, instance_loss: 0.0149, weighted_loss: 0.1242, label: 1, bag_size: 882
batch 279, loss: 0.0428, instance_loss: 0.0206, weighted_loss: 0.0361, label: 1, bag_size: 4180
batch 299, loss: 0.0383, instance_loss: 0.0072, weighted_loss: 0.0290, label: 0, bag_size: 712
batch 319, loss: 0.0058, instance_loss: 0.0015, weighted_loss: 0.0045, label: 1, bag_size: 1553
batch 339, loss: 0.0390, instance_loss: 0.0000, weighted_loss: 0.0273, label: 0, bag_size: 2351
batch 359, loss: 0.7207, instance_loss: 0.0143, weighted_loss: 0.5088, label: 0, bag_size: 2561
batch 379, loss: 0.3546, instance_loss: 0.0047, weighted_loss: 0.2496, label: 1, bag_size: 1138
batch 399, loss: 0.0025, instance_loss: 0.0014, weighted_loss: 0.0021, label: 1, bag_size: 1284
batch 419, loss: 0.1070, instance_loss: 0.0118, weighted_loss: 0.0784, label: 1, bag_size: 1293
batch 439, loss: 0.0673, instance_loss: 0.0047, weighted_loss: 0.0486, label: 1, bag_size: 668
batch 459, loss: 0.0086, instance_loss: 0.0061, weighted_loss: 0.0079, label: 1, bag_size: 1553
batch 479, loss: 0.1831, instance_loss: 0.1650, weighted_loss: 0.1776, label: 1, bag_size: 903
batch 499, loss: 0.0013, instance_loss: 0.0141, weighted_loss: 0.0052, label: 0, bag_size: 3334
batch 519, loss: 0.0005, instance_loss: 0.0322, weighted_loss: 0.0100, label: 0, bag_size: 435
batch 539, loss: 0.2798, instance_loss: 0.0131, weighted_loss: 0.1998, label: 1, bag_size: 2620
batch 559, loss: 0.0209, instance_loss: 0.0038, weighted_loss: 0.0158, label: 0, bag_size: 3645
batch 579, loss: 0.0010, instance_loss: 0.0092, weighted_loss: 0.0035, label: 1, bag_size: 662
batch 599, loss: 0.0092, instance_loss: 0.0005, weighted_loss: 0.0066, label: 1, bag_size: 1293
batch 619, loss: 0.0058, instance_loss: 0.0091, weighted_loss: 0.0068, label: 1, bag_size: 3393
batch 639, loss: 0.0076, instance_loss: 0.0294, weighted_loss: 0.0141, label: 0, bag_size: 1096
batch 659, loss: 0.0353, instance_loss: 0.0118, weighted_loss: 0.0282, label: 0, bag_size: 299
batch 679, loss: 0.0567, instance_loss: 0.0024, weighted_loss: 0.0404, label: 0, bag_size: 1504


class 0 clustering acc 0.9994635193133047: correct 5589/5592
class 1 clustering acc 0.9976752503576538: correct 5579/5592
Epoch: 3, train_loss: 0.1411, train_clustering_loss:  0.0151, train_error: 0.0544
class 0: acc 0.9405099150141643, correct 332/353
class 1: acc 0.9508670520231214, correct 329/346

Val Set, val_loss: 0.2959, val_error: 0.0490, auc: 0.5073
class 0 clustering acc 1.0: correct 1144/1144
class 1 clustering acc 0.9965034965034965: correct 1140/1144
class 0: acc 0.9927007299270073, correct 136/137
class 1: acc 0.0, correct 0/6
Validation loss decreased (0.318398 --> 0.295909).  Saving model ...


batch 19, loss: 0.0171, instance_loss: 0.0092, weighted_loss: 0.0147, label: 1, bag_size: 4100
batch 39, loss: 1.9046, instance_loss: 0.0375, weighted_loss: 1.3445, label: 0, bag_size: 4164
batch 59, loss: 0.0033, instance_loss: 0.0005, weighted_loss: 0.0025, label: 1, bag_size: 726
batch 79, loss: 0.0013, instance_loss: 0.0678, weighted_loss: 0.0212, label: 0, bag_size: 4206
batch 99, loss: 0.0009, instance_loss: 0.0070, weighted_loss: 0.0027, label: 1, bag_size: 1424
batch 119, loss: 0.4354, instance_loss: 0.0100, weighted_loss: 0.3078, label: 0, bag_size: 547
batch 139, loss: 0.0004, instance_loss: 0.0020, weighted_loss: 0.0009, label: 0, bag_size: 1465
batch 159, loss: 0.0014, instance_loss: 0.0015, weighted_loss: 0.0014, label: 0, bag_size: 1158
batch 179, loss: 0.0038, instance_loss: 0.0025, weighted_loss: 0.0034, label: 1, bag_size: 5455
batch 199, loss: 0.0016, instance_loss: 0.0020, weighted_loss: 0.0017, label: 1, bag_size: 1117
batch 219, loss: 0.0002, instance_loss: 0.0003, weighted_loss: 0.0002, label: 1, bag_size: 652
batch 239, loss: 0.0015, instance_loss: 0.0035, weighted_loss: 0.0021, label: 0, bag_size: 2191
batch 259, loss: 0.0594, instance_loss: 0.0248, weighted_loss: 0.0490, label: 1, bag_size: 3237
batch 279, loss: 0.0245, instance_loss: 0.0138, weighted_loss: 0.0213, label: 1, bag_size: 2160
batch 299, loss: 0.0068, instance_loss: 0.0012, weighted_loss: 0.0051, label: 0, bag_size: 1972
batch 319, loss: 0.0000, instance_loss: 0.0229, weighted_loss: 0.0069, label: 0, bag_size: 1422
batch 339, loss: 0.0001, instance_loss: 0.0220, weighted_loss: 0.0067, label: 0, bag_size: 383
batch 359, loss: 0.0731, instance_loss: 0.0039, weighted_loss: 0.0523, label: 1, bag_size: 1553
batch 379, loss: 0.0021, instance_loss: 0.0018, weighted_loss: 0.0020, label: 1, bag_size: 1284
batch 399, loss: 0.0015, instance_loss: 0.0025, weighted_loss: 0.0018, label: 0, bag_size: 816
batch 419, loss: 0.0034, instance_loss: 0.1880, weighted_loss: 0.0588, label: 0, bag_size: 4909
batch 439, loss: 0.0001, instance_loss: 0.0015, weighted_loss: 0.0005, label: 0, bag_size: 537
batch 459, loss: 0.0001, instance_loss: 0.1671, weighted_loss: 0.0502, label: 0, bag_size: 4445
batch 479, loss: 0.0332, instance_loss: 0.0038, weighted_loss: 0.0244, label: 1, bag_size: 3237
batch 499, loss: 0.0035, instance_loss: 0.0021, weighted_loss: 0.0031, label: 1, bag_size: 3707
batch 519, loss: 0.1432, instance_loss: 0.0372, weighted_loss: 0.1114, label: 1, bag_size: 1117
batch 539, loss: 0.0022, instance_loss: 0.0192, weighted_loss: 0.0073, label: 1, bag_size: 3756
batch 559, loss: 0.0004, instance_loss: 0.0073, weighted_loss: 0.0025, label: 0, bag_size: 434
batch 579, loss: 0.0000, instance_loss: 0.0009, weighted_loss: 0.0003, label: 0, bag_size: 855
batch 599, loss: 0.0262, instance_loss: 0.0186, weighted_loss: 0.0239, label: 1, bag_size: 4133
batch 619, loss: 0.0002, instance_loss: 0.0002, weighted_loss: 0.0002, label: 0, bag_size: 2191
batch 639, loss: 0.0000, instance_loss: 0.0580, weighted_loss: 0.0174, label: 0, bag_size: 4206
batch 659, loss: 1.3044, instance_loss: 0.0469, weighted_loss: 0.9271, label: 0, bag_size: 3097
batch 679, loss: 0.0015, instance_loss: 0.0011, weighted_loss: 0.0014, label: 0, bag_size: 743


class 0 clustering acc 0.998032904148784: correct 5581/5592
class 1 clustering acc 0.9966022889842633: correct 5573/5592
Epoch: 4, train_loss: 0.1271, train_clustering_loss:  0.0209, train_error: 0.0372
class 0: acc 0.9546666666666667, correct 358/375
class 1: acc 0.9722222222222222, correct 315/324

Val Set, val_loss: 0.3975, val_error: 0.1189, auc: 0.6192
class 0 clustering acc 0.9991258741258742: correct 1143/1144
class 1 clustering acc 0.9825174825174825: correct 1124/1144
class 0: acc 0.9124087591240876, correct 125/137
class 1: acc 0.16666666666666666, correct 1/6
EarlyStopping counter: 1 out of 20


batch 19, loss: 0.0025, instance_loss: 0.0018, weighted_loss: 0.0023, label: 1, bag_size: 652
batch 39, loss: 0.0065, instance_loss: 0.0010, weighted_loss: 0.0049, label: 1, bag_size: 1117
batch 59, loss: 0.0188, instance_loss: 0.0017, weighted_loss: 0.0137, label: 0, bag_size: 2555
batch 79, loss: 0.0016, instance_loss: 0.0034, weighted_loss: 0.0022, label: 0, bag_size: 3462
batch 99, loss: 0.0011, instance_loss: 0.0062, weighted_loss: 0.0026, label: 0, bag_size: 2822
batch 119, loss: 0.8290, instance_loss: 0.0076, weighted_loss: 0.5826, label: 1, bag_size: 4133
batch 139, loss: 0.0025, instance_loss: 0.0460, weighted_loss: 0.0155, label: 1, bag_size: 2620
batch 159, loss: 0.0234, instance_loss: 0.0219, weighted_loss: 0.0230, label: 0, bag_size: 4505
batch 179, loss: 0.0435, instance_loss: 0.0078, weighted_loss: 0.0328, label: 1, bag_size: 3393
batch 199, loss: 0.0009, instance_loss: 0.0022, weighted_loss: 0.0013, label: 0, bag_size: 1102
batch 219, loss: 0.0153, instance_loss: 0.0060, weighted_loss: 0.0125, label: 1, bag_size: 4180
batch 239, loss: 0.0008, instance_loss: 0.0002, weighted_loss: 0.0006, label: 0, bag_size: 1240
batch 259, loss: 0.0008, instance_loss: 0.0017, weighted_loss: 0.0010, label: 1, bag_size: 1117
batch 279, loss: 0.0027, instance_loss: 0.0002, weighted_loss: 0.0020, label: 1, bag_size: 913
batch 299, loss: 0.0026, instance_loss: 0.0005, weighted_loss: 0.0020, label: 0, bag_size: 2555
batch 319, loss: 0.0119, instance_loss: 0.0038, weighted_loss: 0.0095, label: 1, bag_size: 4180
batch 339, loss: 0.0069, instance_loss: 0.0013, weighted_loss: 0.0053, label: 1, bag_size: 2769
batch 359, loss: 0.0341, instance_loss: 0.0011, weighted_loss: 0.0242, label: 1, bag_size: 1518
batch 379, loss: 0.0045, instance_loss: 0.0066, weighted_loss: 0.0051, label: 1, bag_size: 893
batch 399, loss: 0.0000, instance_loss: 0.0012, weighted_loss: 0.0004, label: 1, bag_size: 656
batch 419, loss: 0.0000, instance_loss: 0.0059, weighted_loss: 0.0018, label: 0, bag_size: 1465
batch 439, loss: 0.0061, instance_loss: 0.0044, weighted_loss: 0.0056, label: 0, bag_size: 3621
batch 459, loss: 0.0009, instance_loss: 0.0015, weighted_loss: 0.0011, label: 1, bag_size: 893
batch 479, loss: 0.0022, instance_loss: 0.0049, weighted_loss: 0.0030, label: 1, bag_size: 1553
batch 499, loss: 0.0001, instance_loss: 0.0011, weighted_loss: 0.0004, label: 0, bag_size: 755
batch 519, loss: 0.0100, instance_loss: 0.0123, weighted_loss: 0.0107, label: 1, bag_size: 3237
batch 539, loss: 0.0017, instance_loss: 0.0013, weighted_loss: 0.0016, label: 1, bag_size: 1553
batch 559, loss: 0.0039, instance_loss: 0.0007, weighted_loss: 0.0030, label: 1, bag_size: 204
batch 579, loss: 0.0005, instance_loss: 0.0002, weighted_loss: 0.0004, label: 0, bag_size: 2822
batch 599, loss: 0.0000, instance_loss: 0.0000, weighted_loss: 0.0000, label: 0, bag_size: 1949
batch 619, loss: 0.0119, instance_loss: 0.0023, weighted_loss: 0.0090, label: 1, bag_size: 4100
batch 639, loss: 0.0061, instance_loss: 0.0025, weighted_loss: 0.0050, label: 0, bag_size: 3379
batch 659, loss: 0.0071, instance_loss: 0.0000, weighted_loss: 0.0050, label: 1, bag_size: 913
batch 679, loss: 0.0140, instance_loss: 0.0000, weighted_loss: 0.0098, label: 1, bag_size: 3719


class 0 clustering acc 0.9994635193133047: correct 5589/5592
class 1 clustering acc 0.9973175965665236: correct 5577/5592
Epoch: 5, train_loss: 0.0976, train_clustering_loss:  0.0156, train_error: 0.0358
class 0: acc 0.9602272727272727, correct 338/352
class 1: acc 0.968299711815562, correct 336/347

Val Set, val_loss: 0.3581, val_error: 0.0909, auc: 0.5268
class 0 clustering acc 1.0: correct 1144/1144
class 1 clustering acc 0.9982517482517482: correct 1142/1144
class 0: acc 0.948905109489051, correct 130/137
class 1: acc 0.0, correct 0/6
EarlyStopping counter: 2 out of 20


batch 19, loss: 0.0017, instance_loss: 0.0008, weighted_loss: 0.0014, label: 1, bag_size: 5455
batch 39, loss: 0.0000, instance_loss: 0.0031, weighted_loss: 0.0009, label: 0, bag_size: 468
batch 59, loss: 0.0000, instance_loss: 0.0005, weighted_loss: 0.0002, label: 0, bag_size: 1293
batch 79, loss: 0.0030, instance_loss: 0.0026, weighted_loss: 0.0029, label: 1, bag_size: 668
batch 99, loss: 0.3016, instance_loss: 0.0010, weighted_loss: 0.2114, label: 0, bag_size: 2537
batch 119, loss: 0.0005, instance_loss: 0.0000, weighted_loss: 0.0003, label: 1, bag_size: 1424
batch 139, loss: 0.0019, instance_loss: 0.0146, weighted_loss: 0.0057, label: 0, bag_size: 4429
batch 159, loss: 0.0011, instance_loss: 0.0023, weighted_loss: 0.0015, label: 1, bag_size: 882
batch 179, loss: 0.0001, instance_loss: 0.0159, weighted_loss: 0.0048, label: 0, bag_size: 3599
batch 199, loss: 0.0011, instance_loss: 0.0021, weighted_loss: 0.0014, label: 1, bag_size: 3613
batch 219, loss: 0.0006, instance_loss: 0.0000, weighted_loss: 0.0004, label: 1, bag_size: 913
batch 239, loss: 0.0035, instance_loss: 0.0014, weighted_loss: 0.0029, label: 1, bag_size: 1293
batch 259, loss: 0.0033, instance_loss: 0.0010, weighted_loss: 0.0026, label: 0, bag_size: 573
batch 279, loss: 0.0068, instance_loss: 0.0008, weighted_loss: 0.0050, label: 1, bag_size: 3656
batch 299, loss: 0.0061, instance_loss: 0.0002, weighted_loss: 0.0043, label: 1, bag_size: 1284
batch 319, loss: 0.0054, instance_loss: 0.0019, weighted_loss: 0.0043, label: 0, bag_size: 2364
batch 339, loss: 0.0093, instance_loss: 0.0061, weighted_loss: 0.0084, label: 0, bag_size: 2537
batch 359, loss: 0.0000, instance_loss: 0.0002, weighted_loss: 0.0001, label: 0, bag_size: 779
batch 379, loss: 0.1232, instance_loss: 0.0004, weighted_loss: 0.0864, label: 1, bag_size: 1138
batch 399, loss: 0.0092, instance_loss: 0.0010, weighted_loss: 0.0068, label: 1, bag_size: 3656
batch 419, loss: 0.0017, instance_loss: 0.0044, weighted_loss: 0.0025, label: 0, bag_size: 670
batch 439, loss: 0.0000, instance_loss: 0.0497, weighted_loss: 0.0149, label: 1, bag_size: 656
batch 459, loss: 0.0018, instance_loss: 0.0004, weighted_loss: 0.0014, label: 0, bag_size: 4172
batch 479, loss: 0.0061, instance_loss: 0.0018, weighted_loss: 0.0048, label: 1, bag_size: 2160
batch 499, loss: 0.0001, instance_loss: 0.0022, weighted_loss: 0.0007, label: 0, bag_size: 3898
batch 519, loss: 0.0000, instance_loss: 0.0108, weighted_loss: 0.0033, label: 0, bag_size: 4206
batch 539, loss: 0.0026, instance_loss: 0.0010, weighted_loss: 0.0021, label: 1, bag_size: 940
batch 559, loss: 0.0017, instance_loss: 0.0007, weighted_loss: 0.0014, label: 0, bag_size: 2500
batch 579, loss: 0.0001, instance_loss: 0.0000, weighted_loss: 0.0000, label: 1, bag_size: 1138
batch 599, loss: 0.0074, instance_loss: 0.0073, weighted_loss: 0.0074, label: 1, bag_size: 4180
batch 619, loss: 0.0002, instance_loss: 0.0002, weighted_loss: 0.0002, label: 0, bag_size: 5170
batch 639, loss: 0.0000, instance_loss: 0.0338, weighted_loss: 0.0102, label: 0, bag_size: 1010
batch 659, loss: 0.0000, instance_loss: 0.0012, weighted_loss: 0.0004, label: 0, bag_size: 513
batch 679, loss: 0.0001, instance_loss: 0.0033, weighted_loss: 0.0010, label: 0, bag_size: 1116


class 0 clustering acc 0.9985693848354793: correct 5584/5592
class 1 clustering acc 0.9951716738197425: correct 5565/5592
Epoch: 6, train_loss: 0.0411, train_clustering_loss:  0.0201, train_error: 0.0129
class 0: acc 0.9833333333333333, correct 354/360
class 1: acc 0.9911504424778761, correct 336/339

Val Set, val_loss: 0.4742, val_error: 0.0909, auc: 0.4197
class 0 clustering acc 1.0: correct 1144/1144
class 1 clustering acc 0.9965034965034965: correct 1140/1144
class 0: acc 0.948905109489051, correct 130/137
class 1: acc 0.0, correct 0/6
EarlyStopping counter: 3 out of 20


batch 19, loss: 0.0010, instance_loss: 0.0026, weighted_loss: 0.0014, label: 1, bag_size: 4022
batch 39, loss: 0.0000, instance_loss: 0.0000, weighted_loss: 0.0000, label: 1, bag_size: 1117
batch 59, loss: 0.0030, instance_loss: 0.0047, weighted_loss: 0.0035, label: 1, bag_size: 5455
batch 79, loss: 0.0033, instance_loss: 0.0003, weighted_loss: 0.0024, label: 0, bag_size: 3527
batch 99, loss: 0.0053, instance_loss: 0.0004, weighted_loss: 0.0039, label: 1, bag_size: 3656
batch 119, loss: 0.0085, instance_loss: 0.0012, weighted_loss: 0.0063, label: 1, bag_size: 2160
batch 139, loss: 0.0002, instance_loss: 0.0096, weighted_loss: 0.0030, label: 0, bag_size: 734
batch 159, loss: 0.0009, instance_loss: 0.0189, weighted_loss: 0.0063, label: 1, bag_size: 3649
batch 179, loss: 0.0093, instance_loss: 0.0022, weighted_loss: 0.0072, label: 1, bag_size: 3719
batch 199, loss: 0.0101, instance_loss: 0.0007, weighted_loss: 0.0073, label: 1, bag_size: 4180
batch 219, loss: 0.0010, instance_loss: 0.0005, weighted_loss: 0.0008, label: 1, bag_size: 940
batch 239, loss: 0.0002, instance_loss: 0.0037, weighted_loss: 0.0013, label: 0, bag_size: 3119
batch 259, loss: 0.0000, instance_loss: 0.0019, weighted_loss: 0.0006, label: 0, bag_size: 1666
batch 279, loss: 0.0036, instance_loss: 0.0062, weighted_loss: 0.0044, label: 0, bag_size: 5739
batch 299, loss: 0.0021, instance_loss: 0.0018, weighted_loss: 0.0020, label: 1, bag_size: 3237
batch 319, loss: 0.0006, instance_loss: 0.0192, weighted_loss: 0.0061, label: 0, bag_size: 325
batch 339, loss: 0.0010, instance_loss: 0.0040, weighted_loss: 0.0019, label: 0, bag_size: 6024
batch 359, loss: 0.0005, instance_loss: 0.0125, weighted_loss: 0.0041, label: 0, bag_size: 2722
batch 379, loss: 0.0000, instance_loss: 0.0000, weighted_loss: 0.0000, label: 0, bag_size: 1685
batch 399, loss: 0.0006, instance_loss: 0.0037, weighted_loss: 0.0015, label: 0, bag_size: 3723
batch 419, loss: 0.0001, instance_loss: 0.0000, weighted_loss: 0.0001, label: 0, bag_size: 1515
batch 439, loss: 0.0038, instance_loss: 0.0003, weighted_loss: 0.0027, label: 0, bag_size: 996
batch 459, loss: 0.0054, instance_loss: 0.0002, weighted_loss: 0.0038, label: 1, bag_size: 2160
batch 479, loss: 0.0004, instance_loss: 0.0006, weighted_loss: 0.0005, label: 0, bag_size: 1578
batch 499, loss: 0.0071, instance_loss: 0.0019, weighted_loss: 0.0055, label: 1, bag_size: 1293
batch 519, loss: 0.0000, instance_loss: 0.0004, weighted_loss: 0.0001, label: 0, bag_size: 1080
batch 539, loss: 0.0016, instance_loss: 0.0000, weighted_loss: 0.0011, label: 0, bag_size: 5034
batch 559, loss: 0.0027, instance_loss: 0.0004, weighted_loss: 0.0020, label: 1, bag_size: 893
batch 579, loss: 0.0002, instance_loss: 0.0003, weighted_loss: 0.0002, label: 0, bag_size: 1003
batch 599, loss: 0.0125, instance_loss: 0.0027, weighted_loss: 0.0096, label: 1, bag_size: 4045
batch 619, loss: 0.0005, instance_loss: 0.0006, weighted_loss: 0.0005, label: 0, bag_size: 2466
batch 639, loss: 0.0983, instance_loss: 0.0036, weighted_loss: 0.0699, label: 1, bag_size: 3649
batch 659, loss: 0.0011, instance_loss: 0.0066, weighted_loss: 0.0027, label: 0, bag_size: 239
batch 679, loss: 0.0012, instance_loss: 0.0000, weighted_loss: 0.0008, label: 1, bag_size: 3237


class 0 clustering acc 0.9998211731044349: correct 5591/5592
class 1 clustering acc 0.9992846924177397: correct 5588/5592
Epoch: 7, train_loss: 0.0811, train_clustering_loss:  0.0053, train_error: 0.0286
class 0: acc 0.9707602339181286, correct 332/342
class 1: acc 0.9719887955182073, correct 347/357

Val Set, val_loss: 0.4362, val_error: 0.1189, auc: 0.5511
class 0 clustering acc 1.0: correct 1144/1144
class 1 clustering acc 0.9973776223776224: correct 1141/1144
class 0: acc 0.9197080291970803, correct 126/137
class 1: acc 0.0, correct 0/6
EarlyStopping counter: 4 out of 20


batch 19, loss: 0.0011, instance_loss: 0.0000, weighted_loss: 0.0008, label: 1, bag_size: 3237
batch 39, loss: 0.0072, instance_loss: 0.0012, weighted_loss: 0.0054, label: 1, bag_size: 4180
batch 59, loss: 0.0004, instance_loss: 0.0000, weighted_loss: 0.0003, label: 1, bag_size: 5455
batch 79, loss: 0.0015, instance_loss: 0.0000, weighted_loss: 0.0010, label: 1, bag_size: 656
batch 99, loss: 0.0013, instance_loss: 0.0000, weighted_loss: 0.0009, label: 1, bag_size: 1284
batch 119, loss: 0.0032, instance_loss: 0.0000, weighted_loss: 0.0022, label: 1, bag_size: 2620
batch 139, loss: 0.0001, instance_loss: 0.0075, weighted_loss: 0.0023, label: 0, bag_size: 2344
batch 159, loss: 0.0057, instance_loss: 0.0003, weighted_loss: 0.0041, label: 1, bag_size: 3425
batch 179, loss: 0.0005, instance_loss: 0.0012, weighted_loss: 0.0007, label: 1, bag_size: 1553
batch 199, loss: 0.0012, instance_loss: 0.0006, weighted_loss: 0.0010, label: 0, bag_size: 4909
batch 219, loss: 0.0001, instance_loss: 0.0047, weighted_loss: 0.0015, label: 0, bag_size: 3855
batch 239, loss: 0.0001, instance_loss: 0.0007, weighted_loss: 0.0003, label: 1, bag_size: 893
batch 259, loss: 0.0000, instance_loss: 0.0056, weighted_loss: 0.0017, label: 0, bag_size: 739
batch 279, loss: 0.0054, instance_loss: 0.0003, weighted_loss: 0.0039, label: 1, bag_size: 3719
batch 299, loss: 0.0022, instance_loss: 0.0028, weighted_loss: 0.0024, label: 1, bag_size: 2291
batch 319, loss: 0.0005, instance_loss: 0.0010, weighted_loss: 0.0006, label: 1, bag_size: 1117
batch 339, loss: 0.0127, instance_loss: 0.0149, weighted_loss: 0.0134, label: 0, bag_size: 2728
batch 359, loss: 0.0023, instance_loss: 0.0012, weighted_loss: 0.0020, label: 1, bag_size: 3756
batch 379, loss: 0.0002, instance_loss: 0.0003, weighted_loss: 0.0002, label: 0, bag_size: 765
batch 399, loss: 0.0032, instance_loss: 0.0003, weighted_loss: 0.0024, label: 1, bag_size: 5140
batch 419, loss: 0.0003, instance_loss: 0.0000, weighted_loss: 0.0002, label: 1, bag_size: 3656
batch 439, loss: 0.0004, instance_loss: 0.0000, weighted_loss: 0.0003, label: 1, bag_size: 1553
batch 459, loss: 0.0001, instance_loss: 0.0000, weighted_loss: 0.0001, label: 0, bag_size: 3707
batch 479, loss: 0.0010, instance_loss: 0.0000, weighted_loss: 0.0007, label: 1, bag_size: 1284
batch 499, loss: 0.0000, instance_loss: 0.0017, weighted_loss: 0.0005, label: 0, bag_size: 2528
batch 519, loss: 0.0017, instance_loss: 0.0006, weighted_loss: 0.0014, label: 1, bag_size: 882
batch 539, loss: 0.0004, instance_loss: 0.0002, weighted_loss: 0.0003, label: 1, bag_size: 1138
batch 559, loss: 0.0005, instance_loss: 0.0673, weighted_loss: 0.0205, label: 0, bag_size: 2216
batch 579, loss: 0.0001, instance_loss: 0.0000, weighted_loss: 0.0000, label: 0, bag_size: 4251
batch 599, loss: 0.0000, instance_loss: 0.0015, weighted_loss: 0.0005, label: 0, bag_size: 2032
batch 619, loss: 0.0193, instance_loss: 0.0005, weighted_loss: 0.0136, label: 1, bag_size: 3393
batch 639, loss: 0.2836, instance_loss: 0.0036, weighted_loss: 0.1996, label: 0, bag_size: 3097
batch 659, loss: 0.0005, instance_loss: 0.0009, weighted_loss: 0.0006, label: 0, bag_size: 5502
batch 679, loss: 0.0015, instance_loss: 0.0006, weighted_loss: 0.0012, label: 1, bag_size: 5140


class 0 clustering acc 0.9998211731044349: correct 5591/5592
class 1 clustering acc 0.998032904148784: correct 5581/5592
Epoch: 8, train_loss: 0.0210, train_clustering_loss:  0.0089, train_error: 0.0072
class 0: acc 0.9915014164305949, correct 350/353
class 1: acc 0.9942196531791907, correct 344/346

Val Set, val_loss: 0.4386, val_error: 0.0769, auc: 0.5146
class 0 clustering acc 1.0: correct 1144/1144
class 1 clustering acc 1.0: correct 1144/1144
class 0: acc 0.9635036496350365, correct 132/137
class 1: acc 0.0, correct 0/6
EarlyStopping counter: 5 out of 20


batch 19, loss: 0.0002, instance_loss: 0.0000, weighted_loss: 0.0001, label: 1, bag_size: 1117
batch 39, loss: 0.0005, instance_loss: 0.0026, weighted_loss: 0.0011, label: 0, bag_size: 570
batch 59, loss: 0.0006, instance_loss: 0.0042, weighted_loss: 0.0017, label: 1, bag_size: 3613
batch 79, loss: 0.0007, instance_loss: 0.0003, weighted_loss: 0.0006, label: 1, bag_size: 662
batch 99, loss: 0.0005, instance_loss: 0.0000, weighted_loss: 0.0003, label: 0, bag_size: 2794
batch 119, loss: 0.0013, instance_loss: 0.0083, weighted_loss: 0.0034, label: 1, bag_size: 2291
batch 139, loss: 0.0001, instance_loss: 0.0004, weighted_loss: 0.0002, label: 1, bag_size: 4022
batch 159, loss: 0.3998, instance_loss: 0.0173, weighted_loss: 0.2851, label: 1, bag_size: 5455
batch 179, loss: 0.0000, instance_loss: 0.0073, weighted_loss: 0.0022, label: 1, bag_size: 2291
batch 199, loss: 0.0018, instance_loss: 0.0078, weighted_loss: 0.0036, label: 0, bag_size: 304
batch 219, loss: 0.0024, instance_loss: 0.0002, weighted_loss: 0.0018, label: 1, bag_size: 5140
batch 239, loss: 0.0009, instance_loss: 0.0018, weighted_loss: 0.0012, label: 1, bag_size: 1138
batch 259, loss: 0.0004, instance_loss: 0.0034, weighted_loss: 0.0013, label: 1, bag_size: 5455
batch 279, loss: 0.0002, instance_loss: 0.0000, weighted_loss: 0.0001, label: 1, bag_size: 893
batch 299, loss: 0.0000, instance_loss: 0.0028, weighted_loss: 0.0008, label: 0, bag_size: 305
batch 319, loss: 0.0001, instance_loss: 0.0004, weighted_loss: 0.0002, label: 0, bag_size: 1411
batch 339, loss: 0.0165, instance_loss: 0.0206, weighted_loss: 0.0177, label: 1, bag_size: 4045
batch 359, loss: 0.0031, instance_loss: 0.0000, weighted_loss: 0.0022, label: 1, bag_size: 726
batch 379, loss: 0.0049, instance_loss: 0.0069, weighted_loss: 0.0055, label: 1, bag_size: 2291
batch 399, loss: 0.0001, instance_loss: 0.0000, weighted_loss: 0.0001, label: 0, bag_size: 1398
batch 419, loss: 0.3048, instance_loss: 0.0020, weighted_loss: 0.2140, label: 0, bag_size: 1677
batch 439, loss: 0.0009, instance_loss: 0.0002, weighted_loss: 0.0007, label: 1, bag_size: 3425
batch 459, loss: 0.0000, instance_loss: 0.0000, weighted_loss: 0.0000, label: 0, bag_size: 1254
batch 479, loss: 0.0000, instance_loss: 0.0002, weighted_loss: 0.0001, label: 0, bag_size: 6741
batch 499, loss: 0.0066, instance_loss: 0.0000, weighted_loss: 0.0047, label: 0, bag_size: 4285
batch 519, loss: 0.0001, instance_loss: 0.0007, weighted_loss: 0.0003, label: 0, bag_size: 1608
batch 539, loss: 0.0000, instance_loss: 0.0003, weighted_loss: 0.0001, label: 0, bag_size: 1223
batch 559, loss: 0.0002, instance_loss: 0.0000, weighted_loss: 0.0001, label: 0, bag_size: 2416
batch 579, loss: 0.0037, instance_loss: 0.0015, weighted_loss: 0.0031, label: 1, bag_size: 4180
batch 599, loss: 0.0001, instance_loss: 0.0002, weighted_loss: 0.0001, label: 1, bag_size: 652
batch 619, loss: 0.0004, instance_loss: 0.0011, weighted_loss: 0.0006, label: 0, bag_size: 2529
batch 639, loss: 0.0078, instance_loss: 0.0004, weighted_loss: 0.0056, label: 0, bag_size: 1569
batch 659, loss: 0.2189, instance_loss: 0.0156, weighted_loss: 0.1579, label: 1, bag_size: 3719
batch 679, loss: 0.0160, instance_loss: 0.0005, weighted_loss: 0.0114, label: 0, bag_size: 321


class 0 clustering acc 1.0: correct 5592/5592
class 1 clustering acc 0.9996423462088698: correct 5590/5592
Epoch: 9, train_loss: 0.0401, train_clustering_loss:  0.0032, train_error: 0.0100
class 0: acc 0.9910979228486647, correct 334/337
class 1: acc 0.988950276243094, correct 358/362

Val Set, val_loss: 0.7169, val_error: 0.1958, auc: 0.5925
class 0 clustering acc 0.9973776223776224: correct 1141/1144
class 1 clustering acc 1.0: correct 1144/1144
class 0: acc 0.8321167883211679, correct 114/137
class 1: acc 0.16666666666666666, correct 1/6
EarlyStopping counter: 6 out of 20


batch 19, loss: 0.0027, instance_loss: 0.0003, weighted_loss: 0.0020, label: 0, bag_size: 619
batch 39, loss: 0.0003, instance_loss: 0.0032, weighted_loss: 0.0011, label: 1, bag_size: 3237
batch 59, loss: 0.0002, instance_loss: 0.0029, weighted_loss: 0.0010, label: 1, bag_size: 5455
batch 79, loss: 0.0002, instance_loss: 0.0011, weighted_loss: 0.0005, label: 0, bag_size: 849
batch 99, loss: 0.0001, instance_loss: 0.0010, weighted_loss: 0.0004, label: 0, bag_size: 523
batch 119, loss: 0.0898, instance_loss: 0.0004, weighted_loss: 0.0630, label: 1, bag_size: 3707
batch 139, loss: 0.0014, instance_loss: 0.0060, weighted_loss: 0.0028, label: 1, bag_size: 2620
batch 159, loss: 0.0001, instance_loss: 0.0013, weighted_loss: 0.0005, label: 1, bag_size: 4022
batch 179, loss: 0.0000, instance_loss: 0.0008, weighted_loss: 0.0003, label: 1, bag_size: 1138
batch 199, loss: 0.0000, instance_loss: 0.0007, weighted_loss: 0.0002, label: 0, bag_size: 1274
batch 219, loss: 0.0002, instance_loss: 0.0000, weighted_loss: 0.0001, label: 0, bag_size: 2794
batch 239, loss: 0.0000, instance_loss: 0.0021, weighted_loss: 0.0006, label: 0, bag_size: 1243
batch 259, loss: 0.0094, instance_loss: 0.0051, weighted_loss: 0.0081, label: 0, bag_size: 4316
batch 279, loss: 0.0016, instance_loss: 0.0065, weighted_loss: 0.0030, label: 1, bag_size: 4180
batch 299, loss: 0.0000, instance_loss: 0.0014, weighted_loss: 0.0004, label: 0, bag_size: 3916
batch 319, loss: 0.0001, instance_loss: 0.0123, weighted_loss: 0.0037, label: 0, bag_size: 312
batch 339, loss: 0.0007, instance_loss: 0.0009, weighted_loss: 0.0007, label: 0, bag_size: 1662
batch 359, loss: 0.0003, instance_loss: 0.0000, weighted_loss: 0.0002, label: 1, bag_size: 1117
batch 379, loss: 0.0149, instance_loss: 0.0029, weighted_loss: 0.0113, label: 0, bag_size: 2516
batch 399, loss: 0.0004, instance_loss: 0.0000, weighted_loss: 0.0003, label: 1, bag_size: 652
batch 419, loss: 0.0000, instance_loss: 0.0042, weighted_loss: 0.0013, label: 1, bag_size: 662
batch 439, loss: 0.0000, instance_loss: 0.0000, weighted_loss: 0.0000, label: 0, bag_size: 755
batch 459, loss: 0.0062, instance_loss: 0.0000, weighted_loss: 0.0043, label: 0, bag_size: 1666
batch 479, loss: 0.0009, instance_loss: 0.0000, weighted_loss: 0.0007, label: 1, bag_size: 1518
batch 499, loss: 0.0000, instance_loss: 0.0000, weighted_loss: 0.0000, label: 1, bag_size: 4322
batch 519, loss: 0.0006, instance_loss: 0.0003, weighted_loss: 0.0005, label: 0, bag_size: 1417
batch 539, loss: 0.0008, instance_loss: 0.0005, weighted_loss: 0.0007, label: 0, bag_size: 6403
batch 559, loss: 0.0000, instance_loss: 0.0103, weighted_loss: 0.0031, label: 1, bag_size: 4022
batch 579, loss: 0.0001, instance_loss: 0.0005, weighted_loss: 0.0002, label: 0, bag_size: 434
batch 599, loss: 0.0003, instance_loss: 0.0000, weighted_loss: 0.0002, label: 1, bag_size: 1518
batch 619, loss: 0.0015, instance_loss: 0.0105, weighted_loss: 0.0042, label: 0, bag_size: 4968
batch 639, loss: 0.0000, instance_loss: 0.0090, weighted_loss: 0.0027, label: 0, bag_size: 1274
batch 659, loss: 0.0013, instance_loss: 0.0000, weighted_loss: 0.0009, label: 1, bag_size: 2620
batch 679, loss: 0.0005, instance_loss: 0.0003, weighted_loss: 0.0004, label: 1, bag_size: 940


class 0 clustering acc 1.0: correct 5592/5592
class 1 clustering acc 0.9991058655221745: correct 5587/5592
Epoch: 10, train_loss: 0.0298, train_clustering_loss:  0.0044, train_error: 0.0114
class 0: acc 0.9852941176470589, correct 335/340
class 1: acc 0.9916434540389972, correct 356/359

Val Set, val_loss: 0.5500, val_error: 0.1329, auc: 0.4988
class 0 clustering acc 1.0: correct 1144/1144
class 1 clustering acc 1.0: correct 1144/1144
class 0: acc 0.9051094890510949, correct 124/137
class 1: acc 0.0, correct 0/6
EarlyStopping counter: 7 out of 20


batch 19, loss: 5.4916, instance_loss: 0.0038, weighted_loss: 3.8453, label: 1, bag_size: 3656
batch 39, loss: 0.0470, instance_loss: 0.0000, weighted_loss: 0.0329, label: 1, bag_size: 3719
batch 59, loss: 0.0000, instance_loss: 0.0000, weighted_loss: 0.0000, label: 0, bag_size: 1147
batch 79, loss: 0.0001, instance_loss: 0.0034, weighted_loss: 0.0011, label: 0, bag_size: 237
batch 99, loss: 0.0001, instance_loss: 0.0002, weighted_loss: 0.0001, label: 0, bag_size: 971
batch 119, loss: 0.0186, instance_loss: 0.0048, weighted_loss: 0.0145, label: 0, bag_size: 5486
batch 139, loss: 0.0006, instance_loss: 0.0000, weighted_loss: 0.0004, label: 1, bag_size: 2769
batch 159, loss: 0.0639, instance_loss: 0.0002, weighted_loss: 0.0448, label: 1, bag_size: 3719
batch 179, loss: 0.0014, instance_loss: 0.0004, weighted_loss: 0.0011, label: 0, bag_size: 3534
batch 199, loss: 0.0071, instance_loss: 0.0000, weighted_loss: 0.0050, label: 1, bag_size: 913
batch 219, loss: 0.0006, instance_loss: 0.0000, weighted_loss: 0.0004, label: 1, bag_size: 1284
batch 239, loss: 0.0107, instance_loss: 0.0127, weighted_loss: 0.0113, label: 0, bag_size: 932
batch 259, loss: 0.0000, instance_loss: 0.0003, weighted_loss: 0.0001, label: 0, bag_size: 779
batch 279, loss: 0.0008, instance_loss: 0.0000, weighted_loss: 0.0006, label: 1, bag_size: 1424
batch 299, loss: 0.0001, instance_loss: 0.0000, weighted_loss: 0.0001, label: 0, bag_size: 2957
batch 319, loss: 0.0000, instance_loss: 0.0000, weighted_loss: 0.0000, label: 0, bag_size: 974
batch 339, loss: 0.0026, instance_loss: 0.0000, weighted_loss: 0.0019, label: 1, bag_size: 3756
batch 359, loss: 0.0003, instance_loss: 0.0000, weighted_loss: 0.0002, label: 1, bag_size: 893
batch 379, loss: 0.0000, instance_loss: 0.0099, weighted_loss: 0.0030, label: 0, bag_size: 1018
batch 399, loss: 0.0028, instance_loss: 0.0005, weighted_loss: 0.0021, label: 1, bag_size: 3425
batch 419, loss: 0.0000, instance_loss: 0.0173, weighted_loss: 0.0052, label: 0, bag_size: 312
batch 439, loss: 0.0016, instance_loss: 0.0004, weighted_loss: 0.0012, label: 1, bag_size: 903
batch 459, loss: 0.0001, instance_loss: 0.0008, weighted_loss: 0.0003, label: 0, bag_size: 4014
batch 479, loss: 0.0000, instance_loss: 0.0904, weighted_loss: 0.0272, label: 0, bag_size: 1010
batch 499, loss: 0.0151, instance_loss: 0.0237, weighted_loss: 0.0177, label: 0, bag_size: 3778
batch 519, loss: 0.0003, instance_loss: 0.0000, weighted_loss: 0.0002, label: 1, bag_size: 940
batch 539, loss: 0.0001, instance_loss: 0.0000, weighted_loss: 0.0001, label: 1, bag_size: 1117
batch 559, loss: 0.0001, instance_loss: 0.0000, weighted_loss: 0.0001, label: 0, bag_size: 4356
batch 579, loss: 0.0017, instance_loss: 0.0000, weighted_loss: 0.0012, label: 1, bag_size: 3756
batch 599, loss: 0.0001, instance_loss: 0.0000, weighted_loss: 0.0000, label: 0, bag_size: 4382
batch 619, loss: 0.0000, instance_loss: 0.0000, weighted_loss: 0.0000, label: 0, bag_size: 2500
batch 639, loss: 0.0000, instance_loss: 0.0000, weighted_loss: 0.0000, label: 0, bag_size: 375
batch 659, loss: 0.0000, instance_loss: 0.0032, weighted_loss: 0.0010, label: 0, bag_size: 748
batch 679, loss: 0.0003, instance_loss: 0.0000, weighted_loss: 0.0002, label: 0, bag_size: 3747


class 0 clustering acc 0.9994635193133047: correct 5589/5592
class 1 clustering acc 0.9987482117310443: correct 5585/5592
Epoch: 11, train_loss: 0.0213, train_clustering_loss:  0.0053, train_error: 0.0043
class 0: acc 0.9943977591036415, correct 355/357
class 1: acc 0.9970760233918129, correct 341/342

Val Set, val_loss: 0.5214, val_error: 0.0629, auc: 0.4051
class 0 clustering acc 1.0: correct 1144/1144
class 1 clustering acc 1.0: correct 1144/1144
class 0: acc 0.9781021897810219, correct 134/137
class 1: acc 0.0, correct 0/6
EarlyStopping counter: 8 out of 20


batch 19, loss: 0.0000, instance_loss: 0.0007, weighted_loss: 0.0002, label: 0, bag_size: 4262
batch 39, loss: 0.0003, instance_loss: 0.0010, weighted_loss: 0.0005, label: 1, bag_size: 913
batch 59, loss: 0.0000, instance_loss: 0.0017, weighted_loss: 0.0005, label: 0, bag_size: 607
batch 79, loss: 0.0018, instance_loss: 0.0637, weighted_loss: 0.0204, label: 0, bag_size: 1121
batch 99, loss: 0.0000, instance_loss: 0.0003, weighted_loss: 0.0001, label: 1, bag_size: 662
batch 119, loss: 0.0000, instance_loss: 0.0003, weighted_loss: 0.0001, label: 0, bag_size: 955
batch 139, loss: 0.0002, instance_loss: 0.0020, weighted_loss: 0.0007, label: 1, bag_size: 1553
batch 159, loss: 0.0004, instance_loss: 0.0003, weighted_loss: 0.0004, label: 1, bag_size: 3425
batch 179, loss: 0.0042, instance_loss: 0.0003, weighted_loss: 0.0030, label: 1, bag_size: 903
batch 199, loss: 0.0000, instance_loss: 0.0000, weighted_loss: 0.0000, label: 0, bag_size: 1297
batch 219, loss: 0.0017, instance_loss: 0.0025, weighted_loss: 0.0020, label: 0, bag_size: 3583
batch 239, loss: 0.0002, instance_loss: 0.0000, weighted_loss: 0.0002, label: 1, bag_size: 1138
batch 259, loss: 0.0000, instance_loss: 0.0014, weighted_loss: 0.0004, label: 1, bag_size: 4022
batch 279, loss: 0.0001, instance_loss: 0.0006, weighted_loss: 0.0002, label: 1, bag_size: 3425
batch 299, loss: 0.0000, instance_loss: 0.0003, weighted_loss: 0.0001, label: 0, bag_size: 650
batch 319, loss: 0.0058, instance_loss: 0.0002, weighted_loss: 0.0041, label: 1, bag_size: 882
batch 339, loss: 0.0034, instance_loss: 0.0022, weighted_loss: 0.0030, label: 0, bag_size: 1270
batch 359, loss: 0.0001, instance_loss: 0.0007, weighted_loss: 0.0003, label: 0, bag_size: 4360
batch 379, loss: 0.0002, instance_loss: 0.0000, weighted_loss: 0.0001, label: 1, bag_size: 1553
batch 399, loss: 0.0000, instance_loss: 0.0000, weighted_loss: 0.0000, label: 0, bag_size: 1668
batch 419, loss: 0.0002, instance_loss: 0.0000, weighted_loss: 0.0001, label: 1, bag_size: 893
batch 439, loss: 0.0433, instance_loss: 0.0017, weighted_loss: 0.0308, label: 0, bag_size: 5371
batch 459, loss: 0.0001, instance_loss: 0.0000, weighted_loss: 0.0001, label: 1, bag_size: 1424
batch 479, loss: 0.0000, instance_loss: 0.0216, weighted_loss: 0.0065, label: 0, bag_size: 3489
batch 499, loss: 0.0001, instance_loss: 0.0002, weighted_loss: 0.0001, label: 0, bag_size: 1203
batch 519, loss: 0.0000, instance_loss: 0.0002, weighted_loss: 0.0001, label: 0, bag_size: 1299
batch 539, loss: 0.0049, instance_loss: 0.0008, weighted_loss: 0.0037, label: 0, bag_size: 4248
batch 559, loss: 0.0000, instance_loss: 0.0000, weighted_loss: 0.0000, label: 0, bag_size: 547
batch 579, loss: 0.0017, instance_loss: 0.0000, weighted_loss: 0.0012, label: 1, bag_size: 2769
batch 599, loss: 0.0041, instance_loss: 0.0000, weighted_loss: 0.0029, label: 1, bag_size: 1518
batch 619, loss: 0.0000, instance_loss: 0.0000, weighted_loss: 0.0000, label: 0, bag_size: 1305
batch 639, loss: 0.0108, instance_loss: 0.0000, weighted_loss: 0.0076, label: 1, bag_size: 1293
batch 659, loss: 0.0001, instance_loss: 0.0007, weighted_loss: 0.0003, label: 0, bag_size: 348
batch 679, loss: 0.0000, instance_loss: 0.0004, weighted_loss: 0.0002, label: 1, bag_size: 2160


class 0 clustering acc 0.9998211731044349: correct 5591/5592
class 1 clustering acc 0.9991058655221745: correct 5587/5592
Epoch: 12, train_loss: 0.0390, train_clustering_loss:  0.0041, train_error: 0.0129
class 0: acc 0.9880597014925373, correct 331/335
class 1: acc 0.9862637362637363, correct 359/364

Val Set, val_loss: 0.9631, val_error: 0.1818, auc: 0.5341
class 0 clustering acc 1.0: correct 1144/1144
class 1 clustering acc 1.0: correct 1144/1144
class 0: acc 0.8540145985401459, correct 117/137
class 1: acc 0.0, correct 0/6
EarlyStopping counter: 9 out of 20


batch 19, loss: 0.0704, instance_loss: 0.0446, weighted_loss: 0.0626, label: 0, bag_size: 327
batch 39, loss: 0.0005, instance_loss: 0.0011, weighted_loss: 0.0007, label: 1, bag_size: 4100
batch 59, loss: 0.0001, instance_loss: 0.0000, weighted_loss: 0.0000, label: 0, bag_size: 375
batch 79, loss: 0.0006, instance_loss: 0.0000, weighted_loss: 0.0004, label: 1, bag_size: 1424
batch 99, loss: 0.0001, instance_loss: 0.0000, weighted_loss: 0.0001, label: 1, bag_size: 656
batch 119, loss: 0.0024, instance_loss: 0.0009, weighted_loss: 0.0020, label: 1, bag_size: 668
batch 139, loss: 0.0000, instance_loss: 0.0000, weighted_loss: 0.0000, label: 0, bag_size: 1016
batch 159, loss: 0.0009, instance_loss: 0.0011, weighted_loss: 0.0010, label: 0, bag_size: 3839
batch 179, loss: 0.0000, instance_loss: 0.0005, weighted_loss: 0.0001, label: 0, bag_size: 1101
batch 199, loss: 0.0000, instance_loss: 0.0003, weighted_loss: 0.0001, label: 0, bag_size: 263
batch 219, loss: 0.0107, instance_loss: 0.0002, weighted_loss: 0.0075, label: 1, bag_size: 3707
batch 239, loss: 0.0000, instance_loss: 0.0000, weighted_loss: 0.0000, label: 0, bag_size: 1361
batch 259, loss: 0.0120, instance_loss: 0.0015, weighted_loss: 0.0088, label: 1, bag_size: 5455
batch 279, loss: 0.0001, instance_loss: 0.0000, weighted_loss: 0.0001, label: 0, bag_size: 779
batch 299, loss: 0.0000, instance_loss: 0.0000, weighted_loss: 0.0000, label: 1, bag_size: 882
batch 319, loss: 0.0002, instance_loss: 0.0006, weighted_loss: 0.0003, label: 0, bag_size: 1116
batch 339, loss: 0.0005, instance_loss: 0.0000, weighted_loss: 0.0003, label: 1, bag_size: 1284
batch 359, loss: 0.0009, instance_loss: 0.0002, weighted_loss: 0.0007, label: 1, bag_size: 2769
batch 379, loss: 0.0000, instance_loss: 0.0000, weighted_loss: 0.0000, label: 0, bag_size: 5001
batch 399, loss: 0.0000, instance_loss: 0.0000, weighted_loss: 0.0000, label: 0, bag_size: 675
batch 419, loss: 0.0004, instance_loss: 0.0007, weighted_loss: 0.0005, label: 1, bag_size: 4322
batch 439, loss: 0.0003, instance_loss: 0.0003, weighted_loss: 0.0003, label: 0, bag_size: 785
batch 459, loss: 0.0004, instance_loss: 0.0000, weighted_loss: 0.0003, label: 0, bag_size: 4033
batch 479, loss: 0.0006, instance_loss: 0.0009, weighted_loss: 0.0007, label: 0, bag_size: 792
batch 499, loss: 0.0000, instance_loss: 0.0007, weighted_loss: 0.0002, label: 0, bag_size: 1198
batch 519, loss: 0.0000, instance_loss: 0.0000, weighted_loss: 0.0000, label: 0, bag_size: 776
batch 539, loss: 0.0022, instance_loss: 0.0003, weighted_loss: 0.0016, label: 1, bag_size: 940
batch 559, loss: 0.0000, instance_loss: 0.0000, weighted_loss: 0.0000, label: 1, bag_size: 2160
batch 579, loss: 0.0008, instance_loss: 0.0000, weighted_loss: 0.0006, label: 1, bag_size: 2291
batch 599, loss: 0.0000, instance_loss: 0.0000, weighted_loss: 0.0000, label: 0, bag_size: 617
batch 619, loss: 0.0002, instance_loss: 0.0000, weighted_loss: 0.0002, label: 1, bag_size: 4322
batch 639, loss: 0.0002, instance_loss: 0.0000, weighted_loss: 0.0001, label: 1, bag_size: 3656
batch 659, loss: 0.0003, instance_loss: 0.0000, weighted_loss: 0.0002, label: 1, bag_size: 2769
batch 679, loss: 0.0001, instance_loss: 0.0000, weighted_loss: 0.0000, label: 1, bag_size: 656


class 0 clustering acc 1.0: correct 5592/5592
class 1 clustering acc 0.9992846924177397: correct 5588/5592
Epoch: 13, train_loss: 0.0154, train_clustering_loss:  0.0031, train_error: 0.0057
class 0: acc 0.9910179640718563, correct 331/334
class 1: acc 0.9972602739726028, correct 364/365

Val Set, val_loss: 0.4160, val_error: 0.0699, auc: 0.6058
class 0 clustering acc 1.0: correct 1144/1144
class 1 clustering acc 0.9991258741258742: correct 1143/1144
class 0: acc 0.9708029197080292, correct 133/137
class 1: acc 0.0, correct 0/6
EarlyStopping counter: 10 out of 20


batch 19, loss: 0.0000, instance_loss: 0.0000, weighted_loss: 0.0000, label: 0, bag_size: 1969
batch 39, loss: 0.0000, instance_loss: 0.0000, weighted_loss: 0.0000, label: 0, bag_size: 1440
batch 59, loss: 0.0005, instance_loss: 0.0122, weighted_loss: 0.0040, label: 0, bag_size: 3778
batch 79, loss: 0.0000, instance_loss: 0.0000, weighted_loss: 0.0000, label: 0, bag_size: 2501
batch 99, loss: 0.0000, instance_loss: 0.0000, weighted_loss: 0.0000, label: 1, bag_size: 2160
batch 119, loss: 0.0001, instance_loss: 0.0000, weighted_loss: 0.0000, label: 1, bag_size: 3649
batch 139, loss: 0.0001, instance_loss: 0.0013, weighted_loss: 0.0005, label: 0, bag_size: 785
batch 159, loss: 0.0001, instance_loss: 0.0004, weighted_loss: 0.0002, label: 1, bag_size: 3237
batch 179, loss: 0.0001, instance_loss: 0.0000, weighted_loss: 0.0001, label: 0, bag_size: 6403
batch 199, loss: 0.0001, instance_loss: 0.0000, weighted_loss: 0.0000, label: 0, bag_size: 4324
batch 219, loss: 0.0000, instance_loss: 0.0028, weighted_loss: 0.0009, label: 0, bag_size: 645
batch 239, loss: 0.0004, instance_loss: 0.0000, weighted_loss: 0.0003, label: 1, bag_size: 1424
batch 259, loss: 0.0035, instance_loss: 0.0000, weighted_loss: 0.0025, label: 1, bag_size: 3393
batch 279, loss: 0.0000, instance_loss: 0.0000, weighted_loss: 0.0000, label: 0, bag_size: 791
batch 299, loss: 0.0651, instance_loss: 0.0015, weighted_loss: 0.0460, label: 0, bag_size: 1371
batch 319, loss: 0.0000, instance_loss: 0.0000, weighted_loss: 0.0000, label: 0, bag_size: 3707
batch 339, loss: 0.0016, instance_loss: 0.0000, weighted_loss: 0.0011, label: 0, bag_size: 5034
batch 359, loss: 0.0000, instance_loss: 0.0006, weighted_loss: 0.0002, label: 0, bag_size: 745
batch 379, loss: 0.0013, instance_loss: 0.0000, weighted_loss: 0.0009, label: 1, bag_size: 940
batch 399, loss: 0.0016, instance_loss: 0.0006, weighted_loss: 0.0013, label: 0, bag_size: 2512
batch 419, loss: 0.0000, instance_loss: 0.0000, weighted_loss: 0.0000, label: 1, bag_size: 3649
batch 439, loss: 0.0001, instance_loss: 0.0000, weighted_loss: 0.0001, label: 1, bag_size: 4201
batch 459, loss: 0.0005, instance_loss: 0.0000, weighted_loss: 0.0004, label: 1, bag_size: 4180
batch 479, loss: 0.0000, instance_loss: 0.0075, weighted_loss: 0.0022, label: 0, bag_size: 670
batch 499, loss: 0.0001, instance_loss: 0.0003, weighted_loss: 0.0002, label: 0, bag_size: 2722
batch 519, loss: 0.0000, instance_loss: 0.0012, weighted_loss: 0.0004, label: 0, bag_size: 907
batch 539, loss: 0.0001, instance_loss: 0.0000, weighted_loss: 0.0001, label: 1, bag_size: 3237
batch 559, loss: 0.0532, instance_loss: 0.0000, weighted_loss: 0.0372, label: 1, bag_size: 4322
batch 579, loss: 0.0000, instance_loss: 0.0195, weighted_loss: 0.0058, label: 0, bag_size: 1073
batch 599, loss: 0.0000, instance_loss: 0.0023, weighted_loss: 0.0007, label: 0, bag_size: 4113
batch 619, loss: 0.0000, instance_loss: 0.0011, weighted_loss: 0.0003, label: 1, bag_size: 2291
batch 639, loss: 0.0414, instance_loss: 0.0129, weighted_loss: 0.0329, label: 1, bag_size: 1518
batch 659, loss: 0.0000, instance_loss: 0.0002, weighted_loss: 0.0001, label: 0, bag_size: 2722
batch 679, loss: 0.0012, instance_loss: 0.0000, weighted_loss: 0.0008, label: 1, bag_size: 3649


class 0 clustering acc 0.9998211731044349: correct 5591/5592
class 1 clustering acc 0.9991058655221745: correct 5587/5592
Epoch: 14, train_loss: 0.0158, train_clustering_loss:  0.0038, train_error: 0.0029
class 0: acc 0.9973614775725593, correct 378/379
class 1: acc 0.996875, correct 319/320

Val Set, val_loss: 0.5080, val_error: 0.0769, auc: 0.4209
class 0 clustering acc 1.0: correct 1144/1144
class 1 clustering acc 1.0: correct 1144/1144
class 0: acc 0.9635036496350365, correct 132/137
class 1: acc 0.0, correct 0/6
EarlyStopping counter: 11 out of 20


batch 19, loss: 0.0002, instance_loss: 0.0000, weighted_loss: 0.0001, label: 1, bag_size: 656
batch 39, loss: 0.0069, instance_loss: 0.0000, weighted_loss: 0.0048, label: 1, bag_size: 3237
batch 59, loss: 0.0065, instance_loss: 0.0000, weighted_loss: 0.0046, label: 1, bag_size: 3237
batch 79, loss: 0.0038, instance_loss: 0.0002, weighted_loss: 0.0028, label: 1, bag_size: 3237
batch 99, loss: 0.0000, instance_loss: 0.0000, weighted_loss: 0.0000, label: 0, bag_size: 2196
batch 119, loss: 0.0000, instance_loss: 0.0000, weighted_loss: 0.0000, label: 0, bag_size: 4786
batch 139, loss: 0.0078, instance_loss: 0.0000, weighted_loss: 0.0054, label: 1, bag_size: 3393
batch 159, loss: 0.0002, instance_loss: 0.2599, weighted_loss: 0.0781, label: 0, bag_size: 415
batch 179, loss: 0.0025, instance_loss: 0.0003, weighted_loss: 0.0019, label: 1, bag_size: 4201
batch 199, loss: 0.0000, instance_loss: 0.0008, weighted_loss: 0.0002, label: 0, bag_size: 641
batch 219, loss: 0.0000, instance_loss: 0.0015, weighted_loss: 0.0004, label: 0, bag_size: 4505
batch 239, loss: 0.0000, instance_loss: 0.0002, weighted_loss: 0.0001, label: 0, bag_size: 2145
batch 259, loss: 0.0001, instance_loss: 0.0022, weighted_loss: 0.0007, label: 1, bag_size: 3613
batch 279, loss: 0.0000, instance_loss: 0.0000, weighted_loss: 0.0000, label: 0, bag_size: 2949
batch 299, loss: 0.0000, instance_loss: 0.0040, weighted_loss: 0.0012, label: 0, bag_size: 4445
batch 319, loss: 0.0002, instance_loss: 0.0011, weighted_loss: 0.0004, label: 0, bag_size: 4514
batch 339, loss: 0.0001, instance_loss: 0.0003, weighted_loss: 0.0002, label: 1, bag_size: 5455
batch 359, loss: 0.0001, instance_loss: 0.0000, weighted_loss: 0.0001, label: 1, bag_size: 652
batch 379, loss: 0.0012, instance_loss: 0.0000, weighted_loss: 0.0009, label: 1, bag_size: 726
batch 399, loss: 0.0004, instance_loss: 0.0000, weighted_loss: 0.0003, label: 1, bag_size: 3237
batch 419, loss: 0.0000, instance_loss: 0.0000, weighted_loss: 0.0000, label: 1, bag_size: 882
batch 439, loss: 0.0001, instance_loss: 0.0000, weighted_loss: 0.0000, label: 1, bag_size: 4201
batch 459, loss: 0.0000, instance_loss: 0.0000, weighted_loss: 0.0000, label: 0, bag_size: 287
batch 479, loss: 0.0000, instance_loss: 0.0000, weighted_loss: 0.0000, label: 0, bag_size: 248
batch 499, loss: 0.0045, instance_loss: 0.0002, weighted_loss: 0.0032, label: 0, bag_size: 573
batch 519, loss: 0.0013, instance_loss: 0.0000, weighted_loss: 0.0009, label: 1, bag_size: 3649
batch 539, loss: 0.0003, instance_loss: 0.0000, weighted_loss: 0.0002, label: 0, bag_size: 1569
batch 559, loss: 0.0082, instance_loss: 0.0000, weighted_loss: 0.0058, label: 1, bag_size: 5140
batch 579, loss: 0.0000, instance_loss: 0.0010, weighted_loss: 0.0003, label: 0, bag_size: 3209
batch 599, loss: 0.0002, instance_loss: 0.0000, weighted_loss: 0.0002, label: 1, bag_size: 204
batch 619, loss: 0.0002, instance_loss: 0.0002, weighted_loss: 0.0002, label: 1, bag_size: 204
batch 639, loss: 0.0005, instance_loss: 0.0000, weighted_loss: 0.0003, label: 1, bag_size: 1553
batch 659, loss: 0.0000, instance_loss: 0.0000, weighted_loss: 0.0000, label: 0, bag_size: 1309
batch 679, loss: 0.0001, instance_loss: 0.0000, weighted_loss: 0.0001, label: 0, bag_size: 299


class 0 clustering acc 1.0: correct 5592/5592
class 1 clustering acc 0.9996423462088698: correct 5590/5592
Epoch: 15, train_loss: 0.0158, train_clustering_loss:  0.0019, train_error: 0.0057
class 0: acc 0.9915966386554622, correct 354/357
class 1: acc 0.9970760233918129, correct 341/342

Val Set, val_loss: 0.4965, val_error: 0.0769, auc: 0.4793
class 0 clustering acc 1.0: correct 1144/1144
class 1 clustering acc 1.0: correct 1144/1144
class 0: acc 0.9635036496350365, correct 132/137
class 1: acc 0.0, correct 0/6
EarlyStopping counter: 12 out of 20


batch 19, loss: 0.0015, instance_loss: 0.0009, weighted_loss: 0.0013, label: 1, bag_size: 4045
batch 39, loss: 0.0240, instance_loss: 0.0011, weighted_loss: 0.0171, label: 0, bag_size: 401
batch 59, loss: 0.0000, instance_loss: 0.0000, weighted_loss: 0.0000, label: 0, bag_size: 590
batch 79, loss: 0.0021, instance_loss: 0.0008, weighted_loss: 0.0017, label: 1, bag_size: 4180
batch 99, loss: 0.0000, instance_loss: 0.0002, weighted_loss: 0.0001, label: 0, bag_size: 980
batch 119, loss: 0.0000, instance_loss: 0.0062, weighted_loss: 0.0018, label: 0, bag_size: 655
batch 139, loss: 0.0001, instance_loss: 0.0000, weighted_loss: 0.0000, label: 0, bag_size: 2437
batch 159, loss: 0.0000, instance_loss: 0.0000, weighted_loss: 0.0000, label: 0, bag_size: 685
batch 179, loss: 0.0000, instance_loss: 0.0000, weighted_loss: 0.0000, label: 0, bag_size: 2466
batch 199, loss: 0.0006, instance_loss: 0.0000, weighted_loss: 0.0004, label: 1, bag_size: 3649
batch 219, loss: 0.0000, instance_loss: 0.0000, weighted_loss: 0.0000, label: 1, bag_size: 2160
batch 239, loss: 0.0001, instance_loss: 0.0003, weighted_loss: 0.0002, label: 1, bag_size: 4100
batch 259, loss: 0.0000, instance_loss: 0.0003, weighted_loss: 0.0001, label: 1, bag_size: 4045
batch 279, loss: 0.0009, instance_loss: 0.0006, weighted_loss: 0.0008, label: 1, bag_size: 3393
batch 299, loss: 0.0005, instance_loss: 0.0000, weighted_loss: 0.0004, label: 1, bag_size: 3756
batch 319, loss: 0.0003, instance_loss: 0.0000, weighted_loss: 0.0002, label: 1, bag_size: 726
batch 339, loss: 0.0003, instance_loss: 0.0002, weighted_loss: 0.0003, label: 1, bag_size: 4180
batch 359, loss: 0.0116, instance_loss: 0.1842, weighted_loss: 0.0634, label: 0, bag_size: 507
batch 379, loss: 0.0010, instance_loss: 0.0004, weighted_loss: 0.0008, label: 0, bag_size: 3334
batch 399, loss: 0.0001, instance_loss: 0.0018, weighted_loss: 0.0006, label: 1, bag_size: 913
batch 419, loss: 0.0013, instance_loss: 0.0000, weighted_loss: 0.0009, label: 1, bag_size: 3719
batch 439, loss: 0.0000, instance_loss: 0.0000, weighted_loss: 0.0000, label: 0, bag_size: 1102
batch 459, loss: 0.0008, instance_loss: 0.0000, weighted_loss: 0.0006, label: 0, bag_size: 753
batch 479, loss: 0.0000, instance_loss: 0.0000, weighted_loss: 0.0000, label: 0, bag_size: 1638
batch 499, loss: 0.0000, instance_loss: 0.0000, weighted_loss: 0.0000, label: 0, bag_size: 837
batch 519, loss: 0.0003, instance_loss: 0.0004, weighted_loss: 0.0004, label: 1, bag_size: 204
batch 539, loss: 0.0001, instance_loss: 0.0019, weighted_loss: 0.0006, label: 1, bag_size: 3425
batch 559, loss: 0.0002, instance_loss: 0.0003, weighted_loss: 0.0003, label: 1, bag_size: 726
batch 579, loss: 0.0000, instance_loss: 0.0007, weighted_loss: 0.0002, label: 0, bag_size: 422
batch 599, loss: 0.0000, instance_loss: 0.0000, weighted_loss: 0.0000, label: 1, bag_size: 913
batch 619, loss: 0.0007, instance_loss: 0.0000, weighted_loss: 0.0005, label: 1, bag_size: 1424
batch 639, loss: 0.0004, instance_loss: 0.0000, weighted_loss: 0.0003, label: 1, bag_size: 1424
batch 659, loss: 0.0017, instance_loss: 0.0005, weighted_loss: 0.0013, label: 1, bag_size: 1293
batch 679, loss: 0.0003, instance_loss: 0.0000, weighted_loss: 0.0002, label: 1, bag_size: 1284


class 0 clustering acc 0.9998211731044349: correct 5591/5592
class 1 clustering acc 0.9983905579399142: correct 5583/5592
Epoch: 16, train_loss: 0.0047, train_clustering_loss:  0.0047, train_error: 0.0014
class 0: acc 0.9970845481049563, correct 342/343
class 1: acc 1.0, correct 356/356

Val Set, val_loss: 0.5024, val_error: 0.0490, auc: 0.4258
class 0 clustering acc 1.0: correct 1144/1144
class 1 clustering acc 0.9982517482517482: correct 1142/1144
class 0: acc 0.9927007299270073, correct 136/137
class 1: acc 0.0, correct 0/6
EarlyStopping counter: 13 out of 20


batch 19, loss: 0.0000, instance_loss: 0.0000, weighted_loss: 0.0000, label: 0, bag_size: 299
batch 39, loss: 0.0011, instance_loss: 0.0000, weighted_loss: 0.0008, label: 0, bag_size: 4112
batch 59, loss: 0.0000, instance_loss: 0.0000, weighted_loss: 0.0000, label: 0, bag_size: 248
batch 79, loss: 0.0002, instance_loss: 0.0000, weighted_loss: 0.0002, label: 1, bag_size: 3756
batch 99, loss: 0.0228, instance_loss: 0.0000, weighted_loss: 0.0160, label: 1, bag_size: 2620
batch 119, loss: 0.0002, instance_loss: 0.0002, weighted_loss: 0.0002, label: 1, bag_size: 3707
batch 139, loss: 0.0522, instance_loss: 0.0010, weighted_loss: 0.0368, label: 0, bag_size: 2577
batch 159, loss: 0.0000, instance_loss: 0.0000, weighted_loss: 0.0000, label: 0, bag_size: 1683
batch 179, loss: 0.0028, instance_loss: 0.0000, weighted_loss: 0.0019, label: 1, bag_size: 1424
batch 199, loss: 2.5288, instance_loss: 0.0034, weighted_loss: 1.7712, label: 0, bag_size: 4930
batch 219, loss: 2.1540, instance_loss: 0.0843, weighted_loss: 1.5331, label: 1, bag_size: 726
batch 239, loss: 0.0250, instance_loss: 0.0061, weighted_loss: 0.0194, label: 1, bag_size: 3393
batch 259, loss: 0.0648, instance_loss: 0.0014, weighted_loss: 0.0457, label: 0, bag_size: 327
batch 279, loss: 0.0208, instance_loss: 0.0003, weighted_loss: 0.0146, label: 0, bag_size: 971
batch 299, loss: 0.0921, instance_loss: 0.0007, weighted_loss: 0.0647, label: 1, bag_size: 4180
batch 319, loss: 0.0785, instance_loss: 0.0015, weighted_loss: 0.0554, label: 0, bag_size: 2561
batch 339, loss: 0.0002, instance_loss: 0.0010, weighted_loss: 0.0005, label: 1, bag_size: 652
batch 359, loss: 0.0001, instance_loss: 0.0005, weighted_loss: 0.0002, label: 0, bag_size: 755
batch 379, loss: 0.0045, instance_loss: 0.0000, weighted_loss: 0.0032, label: 1, bag_size: 3237
batch 399, loss: 0.0005, instance_loss: 0.0003, weighted_loss: 0.0004, label: 1, bag_size: 4201
batch 419, loss: 0.0002, instance_loss: 0.0022, weighted_loss: 0.0008, label: 0, bag_size: 1452
batch 439, loss: 0.0000, instance_loss: 0.0000, weighted_loss: 0.0000, label: 0, bag_size: 2653
batch 459, loss: 0.0000, instance_loss: 0.0000, weighted_loss: 0.0000, label: 0, bag_size: 1866
batch 479, loss: 0.0003, instance_loss: 0.0000, weighted_loss: 0.0002, label: 1, bag_size: 1284
batch 499, loss: 0.0002, instance_loss: 0.0007, weighted_loss: 0.0003, label: 0, bag_size: 865
batch 519, loss: 0.0003, instance_loss: 0.0007, weighted_loss: 0.0004, label: 1, bag_size: 4045
batch 539, loss: 0.0001, instance_loss: 0.0019, weighted_loss: 0.0007, label: 1, bag_size: 1138
batch 559, loss: 0.0000, instance_loss: 0.0019, weighted_loss: 0.0006, label: 1, bag_size: 882
batch 579, loss: 0.0019, instance_loss: 0.0000, weighted_loss: 0.0013, label: 1, bag_size: 940
batch 599, loss: 0.0011, instance_loss: 0.0000, weighted_loss: 0.0008, label: 1, bag_size: 1424
batch 619, loss: 0.0098, instance_loss: 0.0000, weighted_loss: 0.0069, label: 1, bag_size: 3393
batch 639, loss: 0.0014, instance_loss: 0.0025, weighted_loss: 0.0017, label: 1, bag_size: 5140
batch 659, loss: 0.0000, instance_loss: 0.0000, weighted_loss: 0.0000, label: 0, bag_size: 650
batch 679, loss: 0.0065, instance_loss: 0.0000, weighted_loss: 0.0045, label: 1, bag_size: 3649


class 0 clustering acc 0.9996423462088698: correct 5590/5592
class 1 clustering acc 0.9955293276108726: correct 5567/5592
Epoch: 17, train_loss: 0.0691, train_clustering_loss:  0.0235, train_error: 0.0172
class 0: acc 0.9855491329479769, correct 341/346
class 1: acc 0.9801699716713881, correct 346/353

Val Set, val_loss: 0.4943, val_error: 0.1119, auc: 0.4842
class 0 clustering acc 1.0: correct 1144/1144
class 1 clustering acc 0.9912587412587412: correct 1134/1144
class 0: acc 0.9197080291970803, correct 126/137
class 1: acc 0.16666666666666666, correct 1/6
EarlyStopping counter: 14 out of 20


batch 19, loss: 0.0145, instance_loss: 0.0000, weighted_loss: 0.0101, label: 0, bag_size: 643
batch 39, loss: 0.3526, instance_loss: 0.0057, weighted_loss: 0.2485, label: 0, bag_size: 3506
batch 59, loss: 0.0000, instance_loss: 0.0000, weighted_loss: 0.0000, label: 0, bag_size: 3839
batch 79, loss: 0.0037, instance_loss: 0.0022, weighted_loss: 0.0032, label: 1, bag_size: 1117
batch 99, loss: 0.0001, instance_loss: 0.0005, weighted_loss: 0.0002, label: 0, bag_size: 852
batch 119, loss: 0.0010, instance_loss: 0.0005, weighted_loss: 0.0008, label: 1, bag_size: 3656
batch 139, loss: 0.0002, instance_loss: 0.0010, weighted_loss: 0.0005, label: 0, bag_size: 1647
batch 159, loss: 0.0001, instance_loss: 0.0006, weighted_loss: 0.0003, label: 0, bag_size: 2459
batch 179, loss: 0.0043, instance_loss: 0.0005, weighted_loss: 0.0032, label: 0, bag_size: 1176
batch 199, loss: 0.0004, instance_loss: 0.0032, weighted_loss: 0.0013, label: 1, bag_size: 4045
batch 219, loss: 0.0000, instance_loss: 0.0556, weighted_loss: 0.0167, label: 0, bag_size: 2542
batch 239, loss: 0.0001, instance_loss: 0.0134, weighted_loss: 0.0041, label: 0, bag_size: 4360
batch 259, loss: 0.0000, instance_loss: 0.0007, weighted_loss: 0.0002, label: 0, bag_size: 612
batch 279, loss: 0.0001, instance_loss: 0.0163, weighted_loss: 0.0050, label: 0, bag_size: 1440
batch 299, loss: 0.0000, instance_loss: 0.0132, weighted_loss: 0.0040, label: 0, bag_size: 1098
batch 319, loss: 0.0006, instance_loss: 0.0010, weighted_loss: 0.0007, label: 0, bag_size: 5337
batch 339, loss: 0.0000, instance_loss: 0.0002, weighted_loss: 0.0001, label: 0, bag_size: 529
batch 359, loss: 0.0175, instance_loss: 0.0000, weighted_loss: 0.0122, label: 1, bag_size: 726
batch 379, loss: 0.0008, instance_loss: 0.0000, weighted_loss: 0.0005, label: 1, bag_size: 3237
batch 399, loss: 0.0000, instance_loss: 0.0002, weighted_loss: 0.0001, label: 1, bag_size: 3613
batch 419, loss: 0.0007, instance_loss: 0.0000, weighted_loss: 0.0005, label: 1, bag_size: 4322
batch 439, loss: 0.0000, instance_loss: 0.0005, weighted_loss: 0.0002, label: 0, bag_size: 849
batch 459, loss: 0.0000, instance_loss: 0.0049, weighted_loss: 0.0015, label: 0, bag_size: 270
batch 479, loss: 0.0000, instance_loss: 0.0002, weighted_loss: 0.0001, label: 1, bag_size: 3613
batch 499, loss: 0.0000, instance_loss: 0.0008, weighted_loss: 0.0003, label: 0, bag_size: 4519
batch 519, loss: 0.0003, instance_loss: 0.0000, weighted_loss: 0.0002, label: 1, bag_size: 3707
batch 539, loss: 0.0004, instance_loss: 0.0000, weighted_loss: 0.0003, label: 1, bag_size: 3707
batch 559, loss: 0.0035, instance_loss: 0.0000, weighted_loss: 0.0024, label: 1, bag_size: 2769
batch 579, loss: 0.0000, instance_loss: 0.0000, weighted_loss: 0.0000, label: 0, bag_size: 1785
batch 599, loss: 0.0007, instance_loss: 0.0002, weighted_loss: 0.0006, label: 1, bag_size: 668
batch 619, loss: 0.0081, instance_loss: 0.0000, weighted_loss: 0.0057, label: 1, bag_size: 4133
batch 639, loss: 0.0015, instance_loss: 0.0000, weighted_loss: 0.0011, label: 1, bag_size: 4180
batch 659, loss: 0.0005, instance_loss: 0.0002, weighted_loss: 0.0004, label: 1, bag_size: 4045
batch 679, loss: 0.0000, instance_loss: 0.0000, weighted_loss: 0.0000, label: 1, bag_size: 893


class 0 clustering acc 0.9998211731044349: correct 5591/5592
class 1 clustering acc 0.9967811158798283: correct 5574/5592
Epoch: 18, train_loss: 0.0039, train_clustering_loss:  0.0120, train_error: 0.0014
class 0: acc 0.9971671388101983, correct 352/353
class 1: acc 1.0, correct 346/346

Val Set, val_loss: 0.4920, val_error: 0.0559, auc: 0.4148
class 0 clustering acc 1.0: correct 1144/1144
class 1 clustering acc 0.9982517482517482: correct 1142/1144
class 0: acc 0.9854014598540146, correct 135/137
class 1: acc 0.0, correct 0/6
EarlyStopping counter: 15 out of 20


batch 19, loss: 0.0000, instance_loss: 0.0013, weighted_loss: 0.0004, label: 0, bag_size: 605
batch 39, loss: 0.0000, instance_loss: 0.0002, weighted_loss: 0.0001, label: 0, bag_size: 1206
batch 59, loss: 0.0001, instance_loss: 0.0000, weighted_loss: 0.0000, label: 0, bag_size: 348
batch 79, loss: 0.0000, instance_loss: 0.0000, weighted_loss: 0.0000, label: 1, bag_size: 882
batch 99, loss: 0.0012, instance_loss: 0.9219, weighted_loss: 0.2774, label: 0, bag_size: 629
batch 119, loss: 0.0001, instance_loss: 0.0000, weighted_loss: 0.0001, label: 1, bag_size: 913
batch 139, loss: 0.0000, instance_loss: 0.0000, weighted_loss: 0.0000, label: 1, bag_size: 662
batch 159, loss: 0.0000, instance_loss: 0.0000, weighted_loss: 0.0000, label: 1, bag_size: 662
batch 179, loss: 0.0042, instance_loss: 0.0015, weighted_loss: 0.0034, label: 0, bag_size: 565
batch 199, loss: 0.0000, instance_loss: 0.0000, weighted_loss: 0.0000, label: 0, bag_size: 842
batch 219, loss: 0.0009, instance_loss: 0.0000, weighted_loss: 0.0006, label: 1, bag_size: 4100
batch 239, loss: 0.0002, instance_loss: 0.0004, weighted_loss: 0.0003, label: 0, bag_size: 4172
batch 259, loss: 0.0000, instance_loss: 0.0043, weighted_loss: 0.0013, label: 1, bag_size: 2160
batch 279, loss: 0.0026, instance_loss: 0.0066, weighted_loss: 0.0038, label: 0, bag_size: 4248
batch 299, loss: 0.0000, instance_loss: 0.0002, weighted_loss: 0.0001, label: 0, bag_size: 1092
batch 319, loss: 0.0009, instance_loss: 0.0000, weighted_loss: 0.0006, label: 1, bag_size: 5140
batch 339, loss: 0.0001, instance_loss: 0.0000, weighted_loss: 0.0000, label: 0, bag_size: 664
batch 359, loss: 0.0000, instance_loss: 0.0120, weighted_loss: 0.0036, label: 0, bag_size: 1185
batch 379, loss: 0.0003, instance_loss: 0.0026, weighted_loss: 0.0010, label: 0, bag_size: 3100
batch 399, loss: 0.0000, instance_loss: 0.0000, weighted_loss: 0.0000, label: 0, bag_size: 434
batch 419, loss: 0.0001, instance_loss: 0.0000, weighted_loss: 0.0000, label: 0, bag_size: 1259
batch 439, loss: 0.0000, instance_loss: 0.0000, weighted_loss: 0.0000, label: 0, bag_size: 2036
batch 459, loss: 0.0005, instance_loss: 0.0002, weighted_loss: 0.0004, label: 0, bag_size: 3728
batch 479, loss: 0.0000, instance_loss: 0.0037, weighted_loss: 0.0011, label: 0, bag_size: 1515
batch 499, loss: 0.0076, instance_loss: 0.0081, weighted_loss: 0.0077, label: 1, bag_size: 903
batch 519, loss: 0.0003, instance_loss: 0.0037, weighted_loss: 0.0013, label: 0, bag_size: 2728
batch 539, loss: 0.0039, instance_loss: 0.0005, weighted_loss: 0.0029, label: 1, bag_size: 5140
batch 559, loss: 0.0003, instance_loss: 0.0033, weighted_loss: 0.0012, label: 0, bag_size: 926
batch 579, loss: 0.0013, instance_loss: 0.0002, weighted_loss: 0.0010, label: 1, bag_size: 903
batch 599, loss: 0.0001, instance_loss: 0.0000, weighted_loss: 0.0001, label: 1, bag_size: 3393
batch 619, loss: 0.0000, instance_loss: 0.0000, weighted_loss: 0.0000, label: 0, bag_size: 2529
batch 639, loss: 0.0006, instance_loss: 0.0007, weighted_loss: 0.0007, label: 0, bag_size: 4429
batch 659, loss: 0.0000, instance_loss: 0.0000, weighted_loss: 0.0000, label: 1, bag_size: 5455
batch 679, loss: 0.0000, instance_loss: 0.0008, weighted_loss: 0.0003, label: 0, bag_size: 998


class 0 clustering acc 0.9998211731044349: correct 5591/5592
class 1 clustering acc 0.9989270386266095: correct 5586/5592
Epoch: 19, train_loss: 0.0073, train_clustering_loss:  0.0049, train_error: 0.0029
class 0: acc 0.9971671388101983, correct 352/353
class 1: acc 0.9971098265895953, correct 345/346

Val Set, val_loss: 0.4961, val_error: 0.0559, auc: 0.4355
class 0 clustering acc 1.0: correct 1144/1144
class 1 clustering acc 0.9921328671328671: correct 1135/1144
class 0: acc 0.9854014598540146, correct 135/137
class 1: acc 0.0, correct 0/6
EarlyStopping counter: 16 out of 20


batch 19, loss: 0.0000, instance_loss: 0.0000, weighted_loss: 0.0000, label: 1, bag_size: 1518
batch 39, loss: 0.0000, instance_loss: 0.0000, weighted_loss: 0.0000, label: 0, bag_size: 1588
batch 59, loss: 0.0000, instance_loss: 0.0000, weighted_loss: 0.0000, label: 0, bag_size: 2841
batch 79, loss: 0.0002, instance_loss: 0.0004, weighted_loss: 0.0003, label: 0, bag_size: 3838
batch 99, loss: 0.0055, instance_loss: 0.0353, weighted_loss: 0.0145, label: 0, bag_size: 348
batch 119, loss: 0.0064, instance_loss: 0.0000, weighted_loss: 0.0045, label: 1, bag_size: 940
batch 139, loss: 0.0009, instance_loss: 0.0002, weighted_loss: 0.0007, label: 1, bag_size: 204
batch 159, loss: 0.0000, instance_loss: 0.0007, weighted_loss: 0.0002, label: 0, bag_size: 4779
batch 179, loss: 0.0000, instance_loss: 0.0000, weighted_loss: 0.0000, label: 0, bag_size: 1126
batch 199, loss: 0.0000, instance_loss: 0.0000, weighted_loss: 0.0000, label: 1, bag_size: 3613
batch 219, loss: 0.0014, instance_loss: 0.0000, weighted_loss: 0.0010, label: 1, bag_size: 726
batch 239, loss: 0.0000, instance_loss: 0.0009, weighted_loss: 0.0003, label: 1, bag_size: 893
batch 259, loss: 0.0087, instance_loss: 0.0070, weighted_loss: 0.0082, label: 0, bag_size: 1293
batch 279, loss: 0.0009, instance_loss: 0.0003, weighted_loss: 0.0007, label: 1, bag_size: 4100
batch 299, loss: 0.0000, instance_loss: 0.0055, weighted_loss: 0.0017, label: 1, bag_size: 4045
batch 319, loss: 0.0004, instance_loss: 0.0000, weighted_loss: 0.0003, label: 0, bag_size: 1569
batch 339, loss: 0.0000, instance_loss: 0.0000, weighted_loss: 0.0000, label: 0, bag_size: 1266
batch 359, loss: 0.0002, instance_loss: 0.0000, weighted_loss: 0.0001, label: 1, bag_size: 4180
batch 379, loss: 0.0000, instance_loss: 0.0000, weighted_loss: 0.0000, label: 0, bag_size: 537
batch 399, loss: 0.0001, instance_loss: 0.0000, weighted_loss: 0.0001, label: 1, bag_size: 662
batch 419, loss: 0.0000, instance_loss: 0.0002, weighted_loss: 0.0001, label: 0, bag_size: 416
batch 439, loss: 0.0001, instance_loss: 0.0000, weighted_loss: 0.0001, label: 1, bag_size: 1284
batch 459, loss: 0.0000, instance_loss: 0.0000, weighted_loss: 0.0000, label: 1, bag_size: 882
batch 479, loss: 0.0000, instance_loss: 0.0000, weighted_loss: 0.0000, label: 0, bag_size: 1293
batch 499, loss: 0.0000, instance_loss: 0.0020, weighted_loss: 0.0006, label: 0, bag_size: 747
batch 519, loss: 0.0004, instance_loss: 0.0000, weighted_loss: 0.0003, label: 1, bag_size: 656
batch 539, loss: 0.0000, instance_loss: 0.0000, weighted_loss: 0.0000, label: 0, bag_size: 263
batch 559, loss: 0.0001, instance_loss: 0.0006, weighted_loss: 0.0002, label: 1, bag_size: 4045
batch 579, loss: 0.0000, instance_loss: 0.0016, weighted_loss: 0.0005, label: 1, bag_size: 882
batch 599, loss: 0.0002, instance_loss: 0.0000, weighted_loss: 0.0002, label: 1, bag_size: 1424
batch 619, loss: 0.0003, instance_loss: 0.0000, weighted_loss: 0.0002, label: 1, bag_size: 5140
batch 639, loss: 0.0001, instance_loss: 0.0000, weighted_loss: 0.0000, label: 1, bag_size: 2769
batch 659, loss: 0.0000, instance_loss: 0.0062, weighted_loss: 0.0019, label: 0, bag_size: 1969
batch 679, loss: 0.0002, instance_loss: 0.0000, weighted_loss: 0.0001, label: 1, bag_size: 940


class 0 clustering acc 0.9998211731044349: correct 5591/5592
class 1 clustering acc 0.9973175965665236: correct 5577/5592
Epoch: 20, train_loss: 0.0047, train_clustering_loss:  0.0131, train_error: 0.0014
class 0: acc 0.9971264367816092, correct 347/348
class 1: acc 1.0, correct 351/351

Val Set, val_loss: 0.5379, val_error: 0.0559, auc: 0.4440
class 0 clustering acc 1.0: correct 1144/1144
class 1 clustering acc 1.0: correct 1144/1144
class 0: acc 0.9854014598540146, correct 135/137
class 1: acc 0.0, correct 0/6
EarlyStopping counter: 17 out of 20


batch 19, loss: 0.0000, instance_loss: 0.0391, weighted_loss: 0.0117, label: 0, bag_size: 274
batch 39, loss: 0.0000, instance_loss: 0.0002, weighted_loss: 0.0001, label: 0, bag_size: 6403
batch 59, loss: 0.0000, instance_loss: 0.0041, weighted_loss: 0.0012, label: 0, bag_size: 3671
batch 79, loss: 0.0143, instance_loss: 0.0008, weighted_loss: 0.0102, label: 0, bag_size: 4665
batch 99, loss: 0.0002, instance_loss: 0.0003, weighted_loss: 0.0002, label: 1, bag_size: 4180
batch 119, loss: 0.0000, instance_loss: 0.0000, weighted_loss: 0.0000, label: 1, bag_size: 1553
batch 139, loss: 0.0003, instance_loss: 0.0000, weighted_loss: 0.0002, label: 1, bag_size: 3656
batch 159, loss: 0.0000, instance_loss: 0.0018, weighted_loss: 0.0006, label: 0, bag_size: 832
batch 179, loss: 0.0000, instance_loss: 0.0003, weighted_loss: 0.0001, label: 0, bag_size: 570
batch 199, loss: 0.0001, instance_loss: 0.0000, weighted_loss: 0.0000, label: 1, bag_size: 4180
batch 219, loss: 0.0000, instance_loss: 0.0000, weighted_loss: 0.0000, label: 1, bag_size: 656
batch 239, loss: 0.0000, instance_loss: 0.0003, weighted_loss: 0.0001, label: 0, bag_size: 1979
batch 259, loss: 0.0000, instance_loss: 0.0000, weighted_loss: 0.0000, label: 0, bag_size: 685
batch 279, loss: 0.0001, instance_loss: 0.0011, weighted_loss: 0.0004, label: 0, bag_size: 2221
batch 299, loss: 0.0000, instance_loss: 0.0022, weighted_loss: 0.0007, label: 0, bag_size: 1147
batch 319, loss: 0.0000, instance_loss: 0.0000, weighted_loss: 0.0000, label: 1, bag_size: 882
batch 339, loss: 0.0003, instance_loss: 0.0000, weighted_loss: 0.0002, label: 1, bag_size: 3756
batch 359, loss: 0.0000, instance_loss: 0.0231, weighted_loss: 0.0069, label: 0, bag_size: 545
batch 379, loss: 0.0016, instance_loss: 0.0000, weighted_loss: 0.0011, label: 1, bag_size: 913
batch 399, loss: 0.0000, instance_loss: 0.0037, weighted_loss: 0.0011, label: 0, bag_size: 753
batch 419, loss: 0.0000, instance_loss: 0.0000, weighted_loss: 0.0000, label: 0, bag_size: 422
batch 439, loss: 0.0007, instance_loss: 0.0000, weighted_loss: 0.0005, label: 1, bag_size: 3237
batch 459, loss: 0.0000, instance_loss: 0.0000, weighted_loss: 0.0000, label: 0, bag_size: 1073
batch 479, loss: 0.0002, instance_loss: 0.0002, weighted_loss: 0.0002, label: 1, bag_size: 4322
batch 499, loss: 0.0000, instance_loss: 0.0000, weighted_loss: 0.0000, label: 1, bag_size: 1138
batch 519, loss: 0.0004, instance_loss: 0.0002, weighted_loss: 0.0004, label: 1, bag_size: 1293
batch 539, loss: 0.0001, instance_loss: 0.0000, weighted_loss: 0.0001, label: 1, bag_size: 4322
batch 559, loss: 0.0000, instance_loss: 0.0000, weighted_loss: 0.0000, label: 0, bag_size: 3723
batch 579, loss: 0.0000, instance_loss: 0.0000, weighted_loss: 0.0000, label: 0, bag_size: 1866
batch 599, loss: 0.0001, instance_loss: 0.0000, weighted_loss: 0.0000, label: 1, bag_size: 656
batch 619, loss: 0.0000, instance_loss: 0.0000, weighted_loss: 0.0000, label: 0, bag_size: 3265
batch 639, loss: 0.0001, instance_loss: 0.0007, weighted_loss: 0.0002, label: 1, bag_size: 2769
batch 659, loss: 0.0004, instance_loss: 0.0000, weighted_loss: 0.0003, label: 1, bag_size: 3707
batch 679, loss: 0.0169, instance_loss: 0.0121, weighted_loss: 0.0155, label: 0, bag_size: 877


class 0 clustering acc 0.9991058655221745: correct 5587/5592
class 1 clustering acc 0.998032904148784: correct 5581/5592
Epoch: 21, train_loss: 0.0006, train_clustering_loss:  0.0071, train_error: 0.0000
class 0: acc 1.0, correct 354/354
class 1: acc 1.0, correct 345/345

Val Set, val_loss: 0.5799, val_error: 0.0559, auc: 0.4331
class 0 clustering acc 1.0: correct 1144/1144
class 1 clustering acc 0.9965034965034965: correct 1140/1144
class 0: acc 0.9854014598540146, correct 135/137
class 1: acc 0.0, correct 0/6
EarlyStopping counter: 18 out of 20


batch 19, loss: 0.0001, instance_loss: 0.0076, weighted_loss: 0.0023, label: 0, bag_size: 2672
batch 39, loss: 0.0001, instance_loss: 0.0000, weighted_loss: 0.0000, label: 1, bag_size: 3756
batch 59, loss: 0.0006, instance_loss: 0.0000, weighted_loss: 0.0004, label: 1, bag_size: 3425
batch 79, loss: 0.0013, instance_loss: 0.0000, weighted_loss: 0.0009, label: 1, bag_size: 3656
batch 99, loss: 0.0000, instance_loss: 0.0015, weighted_loss: 0.0005, label: 0, bag_size: 468
batch 119, loss: 0.0000, instance_loss: 0.0000, weighted_loss: 0.0000, label: 0, bag_size: 828
batch 139, loss: 0.0000, instance_loss: 0.0000, weighted_loss: 0.0000, label: 1, bag_size: 662
batch 159, loss: 0.0009, instance_loss: 0.0000, weighted_loss: 0.0007, label: 1, bag_size: 3719
batch 179, loss: 0.0000, instance_loss: 0.0000, weighted_loss: 0.0000, label: 1, bag_size: 1138
batch 199, loss: 0.0000, instance_loss: 0.0000, weighted_loss: 0.0000, label: 0, bag_size: 590
batch 219, loss: 0.0000, instance_loss: 0.0000, weighted_loss: 0.0000, label: 0, bag_size: 2466
batch 239, loss: 0.0000, instance_loss: 0.0002, weighted_loss: 0.0001, label: 1, bag_size: 4022
batch 259, loss: 0.0000, instance_loss: 0.0053, weighted_loss: 0.0016, label: 0, bag_size: 1972
batch 279, loss: 0.0000, instance_loss: 0.0000, weighted_loss: 0.0000, label: 1, bag_size: 1553
batch 299, loss: 0.0000, instance_loss: 0.0000, weighted_loss: 0.0000, label: 1, bag_size: 3656
batch 319, loss: 0.0002, instance_loss: 0.0009, weighted_loss: 0.0004, label: 1, bag_size: 2160
batch 339, loss: 0.0000, instance_loss: 0.0020, weighted_loss: 0.0006, label: 0, bag_size: 1647
batch 359, loss: 0.0000, instance_loss: 0.0074, weighted_loss: 0.0022, label: 0, bag_size: 1499
batch 379, loss: 0.0000, instance_loss: 0.0000, weighted_loss: 0.0000, label: 0, bag_size: 4645
batch 399, loss: 0.0000, instance_loss: 0.0000, weighted_loss: 0.0000, label: 1, bag_size: 893
batch 419, loss: 0.0000, instance_loss: 0.0000, weighted_loss: 0.0000, label: 0, bag_size: 765
batch 439, loss: 0.0000, instance_loss: 0.0009, weighted_loss: 0.0003, label: 1, bag_size: 2291
batch 459, loss: 0.0000, instance_loss: 0.0000, weighted_loss: 0.0000, label: 0, bag_size: 963
batch 479, loss: 0.0000, instance_loss: 0.0002, weighted_loss: 0.0001, label: 0, bag_size: 468
batch 499, loss: 0.0001, instance_loss: 0.0000, weighted_loss: 0.0001, label: 1, bag_size: 3719
batch 519, loss: 0.0001, instance_loss: 0.0007, weighted_loss: 0.0002, label: 0, bag_size: 215
batch 539, loss: 0.0000, instance_loss: 0.0007, weighted_loss: 0.0002, label: 1, bag_size: 4100
batch 559, loss: 0.0000, instance_loss: 0.0222, weighted_loss: 0.0067, label: 0, bag_size: 3229
batch 579, loss: 0.0004, instance_loss: 0.0000, weighted_loss: 0.0002, label: 1, bag_size: 3719
batch 599, loss: 0.0000, instance_loss: 0.0000, weighted_loss: 0.0000, label: 1, bag_size: 5455
batch 619, loss: 0.0000, instance_loss: 0.0000, weighted_loss: 0.0000, label: 1, bag_size: 4201
batch 639, loss: 0.0000, instance_loss: 0.0000, weighted_loss: 0.0000, label: 1, bag_size: 4100
batch 659, loss: 0.0001, instance_loss: 0.0000, weighted_loss: 0.0001, label: 0, bag_size: 964
batch 679, loss: 0.0000, instance_loss: 0.0000, weighted_loss: 0.0000, label: 1, bag_size: 940


class 0 clustering acc 0.9994635193133047: correct 5589/5592
class 1 clustering acc 0.9966022889842633: correct 5573/5592
Epoch: 22, train_loss: 0.0104, train_clustering_loss:  0.0129, train_error: 0.0043
class 0: acc 0.9970501474926253, correct 338/339
class 1: acc 0.9944444444444445, correct 358/360

Val Set, val_loss: 0.5581, val_error: 0.0629, auc: 0.4659
class 0 clustering acc 1.0: correct 1144/1144
class 1 clustering acc 1.0: correct 1144/1144
class 0: acc 0.9781021897810219, correct 134/137
class 1: acc 0.0, correct 0/6
EarlyStopping counter: 19 out of 20


batch 19, loss: 0.0000, instance_loss: 0.0002, weighted_loss: 0.0001, label: 0, bag_size: 4345
batch 39, loss: 0.0000, instance_loss: 0.0000, weighted_loss: 0.0000, label: 1, bag_size: 4022
batch 59, loss: 0.0002, instance_loss: 0.0000, weighted_loss: 0.0002, label: 1, bag_size: 3719
batch 79, loss: 0.0001, instance_loss: 0.0000, weighted_loss: 0.0000, label: 1, bag_size: 4133
batch 99, loss: 0.0000, instance_loss: 0.0000, weighted_loss: 0.0000, label: 1, bag_size: 204
batch 119, loss: 0.0000, instance_loss: 0.0002, weighted_loss: 0.0001, label: 1, bag_size: 4100
batch 139, loss: 0.0063, instance_loss: 0.0002, weighted_loss: 0.0045, label: 0, bag_size: 877
batch 159, loss: 0.0000, instance_loss: 0.0004, weighted_loss: 0.0001, label: 0, bag_size: 2850
batch 179, loss: 0.0000, instance_loss: 0.0000, weighted_loss: 0.0000, label: 1, bag_size: 4322
batch 199, loss: 0.0001, instance_loss: 0.0019, weighted_loss: 0.0006, label: 0, bag_size: 4429
batch 219, loss: 0.0000, instance_loss: 0.0000, weighted_loss: 0.0000, label: 0, bag_size: 2722
batch 239, loss: 0.0009, instance_loss: 0.0000, weighted_loss: 0.0006, label: 1, bag_size: 3719
batch 259, loss: 0.0000, instance_loss: 0.0007, weighted_loss: 0.0002, label: 0, bag_size: 513
batch 279, loss: 0.0000, instance_loss: 0.0008, weighted_loss: 0.0002, label: 1, bag_size: 2160
batch 299, loss: 0.0012, instance_loss: 0.0000, weighted_loss: 0.0008, label: 1, bag_size: 3707
batch 319, loss: 0.0000, instance_loss: 0.0591, weighted_loss: 0.0177, label: 0, bag_size: 237
batch 339, loss: 0.0000, instance_loss: 0.0000, weighted_loss: 0.0000, label: 1, bag_size: 726
batch 359, loss: 0.0000, instance_loss: 0.0002, weighted_loss: 0.0001, label: 0, bag_size: 661
batch 379, loss: 0.0006, instance_loss: 0.0014, weighted_loss: 0.0008, label: 0, bag_size: 5083
batch 399, loss: 0.0013, instance_loss: 0.0005, weighted_loss: 0.0011, label: 1, bag_size: 3719
batch 419, loss: 0.0001, instance_loss: 0.0000, weighted_loss: 0.0001, label: 1, bag_size: 3756
batch 439, loss: 0.0000, instance_loss: 0.0000, weighted_loss: 0.0000, label: 1, bag_size: 2291
batch 459, loss: 0.0001, instance_loss: 0.0000, weighted_loss: 0.0001, label: 1, bag_size: 3425
batch 479, loss: 0.0000, instance_loss: 0.0002, weighted_loss: 0.0001, label: 0, bag_size: 1824
batch 499, loss: 0.0000, instance_loss: 0.0003, weighted_loss: 0.0001, label: 1, bag_size: 3649
batch 519, loss: 0.1993, instance_loss: 0.0000, weighted_loss: 0.1395, label: 0, bag_size: 712
batch 539, loss: 0.0000, instance_loss: 0.0029, weighted_loss: 0.0009, label: 0, bag_size: 745
batch 559, loss: 0.0000, instance_loss: 0.0013, weighted_loss: 0.0004, label: 0, bag_size: 234
batch 579, loss: 0.0004, instance_loss: 0.0000, weighted_loss: 0.0003, label: 0, bag_size: 3185
batch 599, loss: 0.0005, instance_loss: 0.0000, weighted_loss: 0.0004, label: 1, bag_size: 3707
batch 619, loss: 0.0001, instance_loss: 0.0000, weighted_loss: 0.0000, label: 0, bag_size: 1596
batch 639, loss: 0.0000, instance_loss: 0.0002, weighted_loss: 0.0001, label: 0, bag_size: 2437
batch 659, loss: 0.0003, instance_loss: 0.0000, weighted_loss: 0.0002, label: 1, bag_size: 903
batch 679, loss: 0.0000, instance_loss: 0.0002, weighted_loss: 0.0001, label: 1, bag_size: 1553


class 0 clustering acc 1.0: correct 5592/5592
class 1 clustering acc 0.9991058655221745: correct 5587/5592
Epoch: 23, train_loss: 0.0148, train_clustering_loss:  0.0032, train_error: 0.0029
class 0: acc 0.9971098265895953, correct 345/346
class 1: acc 0.9971671388101983, correct 352/353

Val Set, val_loss: 0.5312, val_error: 0.0559, auc: 0.3966
class 0 clustering acc 1.0: correct 1144/1144
class 1 clustering acc 1.0: correct 1144/1144
class 0: acc 0.9854014598540146, correct 135/137
class 1: acc 0.0, correct 0/6
EarlyStopping counter: 20 out of 20


batch 19, loss: 0.0001, instance_loss: 0.0054, weighted_loss: 0.0017, label: 0, bag_size: 4514
batch 39, loss: 0.0000, instance_loss: 0.0000, weighted_loss: 0.0000, label: 1, bag_size: 5455
batch 59, loss: 0.0000, instance_loss: 0.0000, weighted_loss: 0.0000, label: 1, bag_size: 1138
batch 79, loss: 0.0009, instance_loss: 0.0000, weighted_loss: 0.0007, label: 1, bag_size: 4133
batch 99, loss: 0.0000, instance_loss: 0.0011, weighted_loss: 0.0004, label: 0, bag_size: 687
batch 119, loss: 0.0020, instance_loss: 0.0000, weighted_loss: 0.0014, label: 1, bag_size: 893
batch 139, loss: 0.0001, instance_loss: 0.0009, weighted_loss: 0.0003, label: 0, bag_size: 4316
batch 159, loss: 0.0000, instance_loss: 0.0000, weighted_loss: 0.0000, label: 1, bag_size: 5455
batch 179, loss: 0.0000, instance_loss: 0.0073, weighted_loss: 0.0022, label: 1, bag_size: 5455
batch 199, loss: 0.0000, instance_loss: 0.0000, weighted_loss: 0.0000, label: 0, bag_size: 6059
batch 219, loss: 0.0000, instance_loss: 0.0685, weighted_loss: 0.0206, label: 0, bag_size: 1422
batch 239, loss: 0.0002, instance_loss: 0.0000, weighted_loss: 0.0001, label: 1, bag_size: 3756
batch 259, loss: 0.0000, instance_loss: 0.0000, weighted_loss: 0.0000, label: 0, bag_size: 769
batch 279, loss: 0.0002, instance_loss: 0.0000, weighted_loss: 0.0002, label: 1, bag_size: 4133
batch 299, loss: 0.0000, instance_loss: 0.0000, weighted_loss: 0.0000, label: 1, bag_size: 3237
batch 319, loss: 0.0000, instance_loss: 0.0002, weighted_loss: 0.0001, label: 0, bag_size: 4567
batch 339, loss: 0.0002, instance_loss: 0.0000, weighted_loss: 0.0001, label: 1, bag_size: 3707
batch 359, loss: 0.0000, instance_loss: 0.0000, weighted_loss: 0.0000, label: 0, bag_size: 934
batch 379, loss: 0.0000, instance_loss: 0.0000, weighted_loss: 0.0000, label: 1, bag_size: 3393
batch 399, loss: 0.0001, instance_loss: 0.0000, weighted_loss: 0.0001, label: 1, bag_size: 882
batch 419, loss: 0.0001, instance_loss: 0.0000, weighted_loss: 0.0001, label: 0, bag_size: 2145
batch 439, loss: 0.0001, instance_loss: 0.0000, weighted_loss: 0.0001, label: 0, bag_size: 2764
batch 459, loss: 0.0000, instance_loss: 0.0000, weighted_loss: 0.0000, label: 0, bag_size: 6024
batch 479, loss: 0.0000, instance_loss: 0.0000, weighted_loss: 0.0000, label: 1, bag_size: 3656
batch 499, loss: 0.0000, instance_loss: 0.0000, weighted_loss: 0.0000, label: 1, bag_size: 3756
batch 519, loss: 0.0000, instance_loss: 0.0000, weighted_loss: 0.0000, label: 0, bag_size: 666
batch 539, loss: 0.0000, instance_loss: 0.0014, weighted_loss: 0.0004, label: 0, bag_size: 5091
batch 559, loss: 0.0000, instance_loss: 0.0000, weighted_loss: 0.0000, label: 0, bag_size: 1154
batch 579, loss: 0.0002, instance_loss: 0.0000, weighted_loss: 0.0001, label: 1, bag_size: 3707
batch 599, loss: 0.0001, instance_loss: 0.0000, weighted_loss: 0.0001, label: 0, bag_size: 2672
batch 619, loss: 0.0000, instance_loss: 0.0000, weighted_loss: 0.0000, label: 1, bag_size: 204
batch 639, loss: 0.0000, instance_loss: 0.0006, weighted_loss: 0.0002, label: 0, bag_size: 923
batch 659, loss: 0.0000, instance_loss: 0.0000, weighted_loss: 0.0000, label: 1, bag_size: 3656
batch 679, loss: 0.0000, instance_loss: 0.0000, weighted_loss: 0.0000, label: 1, bag_size: 4022


class 0 clustering acc 0.9998211731044349: correct 5591/5592
class 1 clustering acc 0.9991058655221745: correct 5587/5592
Epoch: 24, train_loss: 0.0004, train_clustering_loss:  0.0035, train_error: 0.0000
class 0: acc 1.0, correct 356/356
class 1: acc 1.0, correct 343/343

Val Set, val_loss: 0.5783, val_error: 0.0559, auc: 0.3905
class 0 clustering acc 1.0: correct 1144/1144
class 1 clustering acc 1.0: correct 1144/1144
class 0: acc 0.9854014598540146, correct 135/137
class 1: acc 0.0, correct 0/6
EarlyStopping counter: 21 out of 20


batch 19, loss: 0.0000, instance_loss: 0.0152, weighted_loss: 0.0045, label: 0, bag_size: 932
batch 39, loss: 0.0000, instance_loss: 0.0000, weighted_loss: 0.0000, label: 0, bag_size: 4033
batch 59, loss: 0.0001, instance_loss: 0.0000, weighted_loss: 0.0000, label: 1, bag_size: 3756
batch 79, loss: 0.0000, instance_loss: 0.0000, weighted_loss: 0.0000, label: 0, bag_size: 655
batch 99, loss: 0.0000, instance_loss: 0.0004, weighted_loss: 0.0001, label: 1, bag_size: 3613
batch 119, loss: 0.0000, instance_loss: 0.0063, weighted_loss: 0.0019, label: 0, bag_size: 2500
batch 139, loss: 0.0000, instance_loss: 0.0000, weighted_loss: 0.0000, label: 1, bag_size: 2769
batch 159, loss: 0.0002, instance_loss: 0.0000, weighted_loss: 0.0002, label: 1, bag_size: 656
batch 179, loss: 0.0000, instance_loss: 0.0018, weighted_loss: 0.0005, label: 0, bag_size: 869
batch 199, loss: 0.0000, instance_loss: 0.0000, weighted_loss: 0.0000, label: 0, bag_size: 537
batch 219, loss: 0.0000, instance_loss: 0.0000, weighted_loss: 0.0000, label: 1, bag_size: 204
batch 239, loss: 0.0001, instance_loss: 0.0006, weighted_loss: 0.0003, label: 0, bag_size: 470
batch 259, loss: 0.0000, instance_loss: 0.0000, weighted_loss: 0.0000, label: 1, bag_size: 3656
batch 279, loss: 0.0000, instance_loss: 0.0000, weighted_loss: 0.0000, label: 0, bag_size: 2794
batch 299, loss: 0.0000, instance_loss: 0.0004, weighted_loss: 0.0001, label: 0, bag_size: 692
batch 319, loss: 0.0000, instance_loss: 0.0022, weighted_loss: 0.0007, label: 0, bag_size: 1243
batch 339, loss: 0.0000, instance_loss: 0.0000, weighted_loss: 0.0000, label: 0, bag_size: 3308
batch 359, loss: 0.0000, instance_loss: 0.0000, weighted_loss: 0.0000, label: 0, bag_size: 5455
batch 379, loss: 0.0001, instance_loss: 0.0000, weighted_loss: 0.0001, label: 1, bag_size: 3649
batch 399, loss: 0.0000, instance_loss: 0.0000, weighted_loss: 0.0000, label: 1, bag_size: 1518
batch 419, loss: 0.0001, instance_loss: 0.0002, weighted_loss: 0.0001, label: 1, bag_size: 656
batch 439, loss: 0.0000, instance_loss: 0.0000, weighted_loss: 0.0000, label: 0, bag_size: 2443
batch 459, loss: 0.0000, instance_loss: 0.0000, weighted_loss: 0.0000, label: 0, bag_size: 5170
batch 479, loss: 0.0002, instance_loss: 0.0002, weighted_loss: 0.0002, label: 0, bag_size: 1389
batch 499, loss: 0.0001, instance_loss: 0.0000, weighted_loss: 0.0001, label: 1, bag_size: 3425
batch 519, loss: 0.0000, instance_loss: 0.0000, weighted_loss: 0.0000, label: 1, bag_size: 1284
batch 539, loss: 0.0001, instance_loss: 0.0005, weighted_loss: 0.0002, label: 0, bag_size: 3626
batch 559, loss: 0.0000, instance_loss: 0.0000, weighted_loss: 0.0000, label: 0, bag_size: 755
batch 579, loss: 0.0000, instance_loss: 0.0006, weighted_loss: 0.0002, label: 0, bag_size: 1820
batch 599, loss: 0.0000, instance_loss: 0.0000, weighted_loss: 0.0000, label: 0, bag_size: 2760
batch 619, loss: 0.0000, instance_loss: 0.0000, weighted_loss: 0.0000, label: 1, bag_size: 3756
batch 639, loss: 0.0000, instance_loss: 0.0000, weighted_loss: 0.0000, label: 0, bag_size: 1785
batch 659, loss: 0.0000, instance_loss: 0.0000, weighted_loss: 0.0000, label: 0, bag_size: 2764
batch 679, loss: 0.0000, instance_loss: 0.0000, weighted_loss: 0.0000, label: 1, bag_size: 1518


class 0 clustering acc 1.0: correct 5592/5592
class 1 clustering acc 0.9994635193133047: correct 5589/5592
Epoch: 25, train_loss: 0.0001, train_clustering_loss:  0.0029, train_error: 0.0000
class 0: acc 1.0, correct 342/342
class 1: acc 1.0, correct 357/357

Val Set, val_loss: 0.5808, val_error: 0.0559, auc: 0.4015
class 0 clustering acc 1.0: correct 1144/1144
class 1 clustering acc 1.0: correct 1144/1144
class 0: acc 0.9854014598540146, correct 135/137
class 1: acc 0.0, correct 0/6
EarlyStopping counter: 22 out of 20


batch 19, loss: 0.0000, instance_loss: 0.0002, weighted_loss: 0.0001, label: 0, bag_size: 4523
batch 39, loss: 0.0000, instance_loss: 0.0295, weighted_loss: 0.0089, label: 0, bag_size: 220
batch 59, loss: 0.0001, instance_loss: 0.0010, weighted_loss: 0.0003, label: 0, bag_size: 4657
batch 79, loss: 0.0007, instance_loss: 0.0000, weighted_loss: 0.0005, label: 1, bag_size: 2620
batch 99, loss: 0.0000, instance_loss: 0.0000, weighted_loss: 0.0000, label: 1, bag_size: 1293
batch 119, loss: 0.0000, instance_loss: 0.0007, weighted_loss: 0.0002, label: 0, bag_size: 1588
batch 139, loss: 0.0000, instance_loss: 0.0000, weighted_loss: 0.0000, label: 0, bag_size: 2149
batch 159, loss: 0.0002, instance_loss: 0.0000, weighted_loss: 0.0002, label: 1, bag_size: 5140
batch 179, loss: 0.0000, instance_loss: 0.0102, weighted_loss: 0.0031, label: 0, bag_size: 3831
batch 199, loss: 0.0000, instance_loss: 0.0000, weighted_loss: 0.0000, label: 0, bag_size: 842
batch 219, loss: 0.0000, instance_loss: 0.0000, weighted_loss: 0.0000, label: 1, bag_size: 3425
batch 239, loss: 0.0023, instance_loss: 0.0000, weighted_loss: 0.0016, label: 0, bag_size: 439
batch 259, loss: 0.0002, instance_loss: 0.0000, weighted_loss: 0.0002, label: 0, bag_size: 5034
batch 279, loss: 0.0000, instance_loss: 0.0031, weighted_loss: 0.0009, label: 0, bag_size: 1293
batch 299, loss: 0.0000, instance_loss: 0.0000, weighted_loss: 0.0000, label: 1, bag_size: 4201
batch 319, loss: 0.0000, instance_loss: 0.0000, weighted_loss: 0.0000, label: 1, bag_size: 3237
batch 339, loss: 0.0000, instance_loss: 0.0000, weighted_loss: 0.0000, label: 0, bag_size: 1584
batch 359, loss: 0.0000, instance_loss: 0.0000, weighted_loss: 0.0000, label: 0, bag_size: 748
batch 379, loss: 0.0000, instance_loss: 0.0000, weighted_loss: 0.0000, label: 0, bag_size: 2823
batch 399, loss: 0.0000, instance_loss: 0.0000, weighted_loss: 0.0000, label: 1, bag_size: 1518
batch 419, loss: 0.0000, instance_loss: 0.0000, weighted_loss: 0.0000, label: 1, bag_size: 1518
batch 439, loss: 0.0000, instance_loss: 0.0000, weighted_loss: 0.0000, label: 0, bag_size: 3839
batch 459, loss: 0.0000, instance_loss: 0.0000, weighted_loss: 0.0000, label: 0, bag_size: 4345
batch 479, loss: 0.0000, instance_loss: 0.0000, weighted_loss: 0.0000, label: 1, bag_size: 4022
batch 499, loss: 0.0000, instance_loss: 0.0000, weighted_loss: 0.0000, label: 1, bag_size: 3237
batch 519, loss: 0.0000, instance_loss: 0.0000, weighted_loss: 0.0000, label: 0, bag_size: 3458
batch 539, loss: 0.0000, instance_loss: 0.0000, weighted_loss: 0.0000, label: 0, bag_size: 444
batch 559, loss: 0.0000, instance_loss: 0.0000, weighted_loss: 0.0000, label: 1, bag_size: 3613
batch 579, loss: 0.0001, instance_loss: 0.0000, weighted_loss: 0.0000, label: 0, bag_size: 736
batch 599, loss: 0.0000, instance_loss: 0.0000, weighted_loss: 0.0000, label: 1, bag_size: 3613
batch 619, loss: 0.0000, instance_loss: 0.0002, weighted_loss: 0.0001, label: 0, bag_size: 1389
batch 639, loss: 0.0000, instance_loss: 0.0000, weighted_loss: 0.0000, label: 1, bag_size: 726
batch 659, loss: 0.0002, instance_loss: 0.0000, weighted_loss: 0.0001, label: 1, bag_size: 2769
batch 679, loss: 0.0000, instance_loss: 0.0000, weighted_loss: 0.0000, label: 0, bag_size: 840


class 0 clustering acc 1.0: correct 5592/5592
class 1 clustering acc 0.9992846924177397: correct 5588/5592
Epoch: 26, train_loss: 0.0001, train_clustering_loss:  0.0039, train_error: 0.0000
class 0: acc 1.0, correct 358/358
class 1: acc 1.0, correct 341/341

Val Set, val_loss: 0.5947, val_error: 0.0559, auc: 0.4148
class 0 clustering acc 1.0: correct 1144/1144
class 1 clustering acc 1.0: correct 1144/1144
class 0: acc 0.9854014598540146, correct 135/137
class 1: acc 0.0, correct 0/6
EarlyStopping counter: 23 out of 20


batch 19, loss: 0.0000, instance_loss: 0.0062, weighted_loss: 0.0019, label: 0, bag_size: 435
batch 39, loss: 0.0000, instance_loss: 0.0000, weighted_loss: 0.0000, label: 0, bag_size: 2161
batch 59, loss: 0.0000, instance_loss: 0.0000, weighted_loss: 0.0000, label: 0, bag_size: 4815
batch 79, loss: 0.0000, instance_loss: 0.0004, weighted_loss: 0.0001, label: 0, bag_size: 1742
batch 99, loss: 0.0000, instance_loss: 0.0000, weighted_loss: 0.0000, label: 0, bag_size: 1276
batch 119, loss: 0.0000, instance_loss: 0.0000, weighted_loss: 0.0000, label: 1, bag_size: 1138
batch 139, loss: 0.0000, instance_loss: 0.0000, weighted_loss: 0.0000, label: 0, bag_size: 2385
batch 159, loss: 0.0000, instance_loss: 0.0000, weighted_loss: 0.0000, label: 0, bag_size: 5356
batch 179, loss: 0.0000, instance_loss: 0.0000, weighted_loss: 0.0000, label: 0, bag_size: 1997
batch 199, loss: 0.0000, instance_loss: 0.0005, weighted_loss: 0.0001, label: 0, bag_size: 1584
batch 219, loss: 0.0000, instance_loss: 0.0000, weighted_loss: 0.0000, label: 1, bag_size: 4201
batch 239, loss: 0.0001, instance_loss: 0.0000, weighted_loss: 0.0001, label: 1, bag_size: 3719
batch 259, loss: 0.0000, instance_loss: 0.0005, weighted_loss: 0.0002, label: 1, bag_size: 2769
batch 279, loss: 0.0000, instance_loss: 0.0008, weighted_loss: 0.0003, label: 0, bag_size: 822
batch 299, loss: 0.0000, instance_loss: 0.0000, weighted_loss: 0.0000, label: 0, bag_size: 4544
batch 319, loss: 0.0000, instance_loss: 0.0000, weighted_loss: 0.0000, label: 0, bag_size: 484
batch 339, loss: 0.0000, instance_loss: 0.0000, weighted_loss: 0.0000, label: 1, bag_size: 204
batch 359, loss: 0.0000, instance_loss: 0.0000, weighted_loss: 0.0000, label: 0, bag_size: 3458
batch 379, loss: 0.0000, instance_loss: 0.0000, weighted_loss: 0.0000, label: 0, bag_size: 5003
batch 399, loss: 0.0000, instance_loss: 0.0000, weighted_loss: 0.0000, label: 1, bag_size: 3237
batch 419, loss: 0.0000, instance_loss: 0.0000, weighted_loss: 0.0000, label: 1, bag_size: 4022
batch 439, loss: 0.0018, instance_loss: 0.0000, weighted_loss: 0.0012, label: 1, bag_size: 3649
batch 459, loss: 0.0000, instance_loss: 0.0000, weighted_loss: 0.0000, label: 0, bag_size: 433
batch 479, loss: 0.0001, instance_loss: 0.0000, weighted_loss: 0.0000, label: 1, bag_size: 893
batch 499, loss: 0.0000, instance_loss: 0.0005, weighted_loss: 0.0001, label: 0, bag_size: 3806
batch 519, loss: 0.0000, instance_loss: 0.0000, weighted_loss: 0.0000, label: 0, bag_size: 617
batch 539, loss: 0.0000, instance_loss: 0.0000, weighted_loss: 0.0000, label: 0, bag_size: 542
batch 559, loss: 0.0000, instance_loss: 0.0004, weighted_loss: 0.0001, label: 0, bag_size: 3916
batch 579, loss: 0.0000, instance_loss: 0.0000, weighted_loss: 0.0000, label: 0, bag_size: 678
batch 599, loss: 0.0012, instance_loss: 0.0000, weighted_loss: 0.0008, label: 0, bag_size: 2555
batch 619, loss: 0.0001, instance_loss: 0.0000, weighted_loss: 0.0001, label: 1, bag_size: 882
batch 639, loss: 0.0001, instance_loss: 0.0000, weighted_loss: 0.0001, label: 1, bag_size: 4133
batch 659, loss: 0.0001, instance_loss: 0.0000, weighted_loss: 0.0001, label: 0, bag_size: 3379
batch 679, loss: 0.0000, instance_loss: 0.0000, weighted_loss: 0.0000, label: 0, bag_size: 5502


class 0 clustering acc 1.0: correct 5592/5592
class 1 clustering acc 1.0: correct 5592/5592
Epoch: 27, train_loss: 0.0001, train_clustering_loss:  0.0005, train_error: 0.0000
class 0: acc 1.0, correct 344/344
class 1: acc 1.0, correct 355/355

Val Set, val_loss: 0.6152, val_error: 0.0490, auc: 0.3990
class 0 clustering acc 1.0: correct 1144/1144
class 1 clustering acc 1.0: correct 1144/1144
class 0: acc 0.9927007299270073, correct 136/137
class 1: acc 0.0, correct 0/6
EarlyStopping counter: 24 out of 20


batch 19, loss: 0.0000, instance_loss: 0.0000, weighted_loss: 0.0000, label: 0, bag_size: 5739
batch 39, loss: 0.0000, instance_loss: 0.0002, weighted_loss: 0.0001, label: 0, bag_size: 4787
batch 59, loss: 0.0000, instance_loss: 0.0006, weighted_loss: 0.0002, label: 0, bag_size: 1820
batch 79, loss: 0.0001, instance_loss: 0.0000, weighted_loss: 0.0001, label: 1, bag_size: 940
batch 99, loss: 0.0001, instance_loss: 0.0000, weighted_loss: 0.0001, label: 1, bag_size: 2160
batch 119, loss: 0.0000, instance_loss: 0.0000, weighted_loss: 0.0000, label: 0, bag_size: 537
batch 139, loss: 0.0000, instance_loss: 0.0003, weighted_loss: 0.0001, label: 0, bag_size: 605
batch 159, loss: 0.0001, instance_loss: 0.0006, weighted_loss: 0.0002, label: 0, bag_size: 1050
batch 179, loss: 0.0000, instance_loss: 0.0000, weighted_loss: 0.0000, label: 0, bag_size: 1504
batch 199, loss: 0.0000, instance_loss: 0.0000, weighted_loss: 0.0000, label: 1, bag_size: 1138
batch 219, loss: 0.0000, instance_loss: 0.0000, weighted_loss: 0.0000, label: 1, bag_size: 1518
batch 239, loss: 0.0000, instance_loss: 0.0000, weighted_loss: 0.0000, label: 1, bag_size: 4133
batch 259, loss: 0.0000, instance_loss: 0.0007, weighted_loss: 0.0002, label: 0, bag_size: 3599
batch 279, loss: 0.0002, instance_loss: 0.0000, weighted_loss: 0.0001, label: 1, bag_size: 2769
batch 299, loss: 0.0000, instance_loss: 0.0000, weighted_loss: 0.0000, label: 0, bag_size: 2065
batch 319, loss: 0.0000, instance_loss: 0.0000, weighted_loss: 0.0000, label: 1, bag_size: 3649
batch 339, loss: 0.0000, instance_loss: 0.0013, weighted_loss: 0.0004, label: 0, bag_size: 1109
batch 359, loss: 0.0001, instance_loss: 0.0000, weighted_loss: 0.0001, label: 1, bag_size: 2620
batch 379, loss: 0.0000, instance_loss: 0.0000, weighted_loss: 0.0000, label: 1, bag_size: 3649
batch 399, loss: 0.0000, instance_loss: 0.0000, weighted_loss: 0.0000, label: 1, bag_size: 5455
batch 419, loss: 0.0000, instance_loss: 0.0000, weighted_loss: 0.0000, label: 0, bag_size: 1016
batch 439, loss: 0.0000, instance_loss: 0.0000, weighted_loss: 0.0000, label: 0, bag_size: 1969
batch 459, loss: 0.0000, instance_loss: 0.0055, weighted_loss: 0.0017, label: 0, bag_size: 4575
batch 479, loss: 0.0002, instance_loss: 0.0000, weighted_loss: 0.0001, label: 1, bag_size: 3425
batch 499, loss: 0.0000, instance_loss: 0.0000, weighted_loss: 0.0000, label: 0, bag_size: 5769
batch 519, loss: 0.0023, instance_loss: 0.0003, weighted_loss: 0.0017, label: 0, bag_size: 2216
batch 539, loss: 0.0000, instance_loss: 0.0136, weighted_loss: 0.0041, label: 0, bag_size: 2416
batch 559, loss: 0.0000, instance_loss: 0.0000, weighted_loss: 0.0000, label: 1, bag_size: 4201
batch 579, loss: 0.0000, instance_loss: 0.0000, weighted_loss: 0.0000, label: 1, bag_size: 4022
batch 599, loss: 0.0000, instance_loss: 0.0000, weighted_loss: 0.0000, label: 0, bag_size: 2760
batch 619, loss: 0.0000, instance_loss: 0.0000, weighted_loss: 0.0000, label: 1, bag_size: 1138
batch 639, loss: 0.0000, instance_loss: 0.0186, weighted_loss: 0.0056, label: 0, bag_size: 932
batch 659, loss: 0.0000, instance_loss: 0.0000, weighted_loss: 0.0000, label: 0, bag_size: 753
batch 679, loss: 0.0000, instance_loss: 0.0000, weighted_loss: 0.0000, label: 1, bag_size: 3237


class 0 clustering acc 0.9998211731044349: correct 5591/5592
class 1 clustering acc 0.9996423462088698: correct 5590/5592
Epoch: 28, train_loss: 0.0001, train_clustering_loss:  0.0025, train_error: 0.0000
class 0: acc 1.0, correct 355/355
class 1: acc 1.0, correct 344/344

Val Set, val_loss: 0.6439, val_error: 0.0490, auc: 0.3856
class 0 clustering acc 1.0: correct 1144/1144
class 1 clustering acc 1.0: correct 1144/1144
class 0: acc 0.9927007299270073, correct 136/137
class 1: acc 0.0, correct 0/6
EarlyStopping counter: 25 out of 20


batch 19, loss: 0.0000, instance_loss: 0.0000, weighted_loss: 0.0000, label: 0, bag_size: 1074
batch 39, loss: 0.0001, instance_loss: 0.0000, weighted_loss: 0.0001, label: 0, bag_size: 2555
batch 59, loss: 0.0000, instance_loss: 0.0000, weighted_loss: 0.0000, label: 0, bag_size: 611
batch 79, loss: 0.0000, instance_loss: 0.0047, weighted_loss: 0.0014, label: 0, bag_size: 4445
batch 99, loss: 0.0000, instance_loss: 0.0023, weighted_loss: 0.0007, label: 0, bag_size: 509
batch 119, loss: 0.0000, instance_loss: 0.0000, weighted_loss: 0.0000, label: 1, bag_size: 5140
batch 139, loss: 0.0001, instance_loss: 0.0000, weighted_loss: 0.0000, label: 1, bag_size: 1424
batch 159, loss: 0.0000, instance_loss: 0.0000, weighted_loss: 0.0000, label: 0, bag_size: 3986
batch 179, loss: 0.0000, instance_loss: 0.0000, weighted_loss: 0.0000, label: 1, bag_size: 3237
batch 199, loss: 0.0000, instance_loss: 0.0000, weighted_loss: 0.0000, label: 0, bag_size: 300
batch 219, loss: 0.0000, instance_loss: 0.0002, weighted_loss: 0.0001, label: 1, bag_size: 4100
batch 239, loss: 0.0001, instance_loss: 0.0007, weighted_loss: 0.0003, label: 0, bag_size: 2216
batch 259, loss: 0.0001, instance_loss: 0.0000, weighted_loss: 0.0001, label: 1, bag_size: 940
batch 279, loss: 0.0000, instance_loss: 0.0000, weighted_loss: 0.0000, label: 0, bag_size: 864
batch 299, loss: 0.0000, instance_loss: 0.0000, weighted_loss: 0.0000, label: 1, bag_size: 2620
batch 319, loss: 0.0001, instance_loss: 0.0000, weighted_loss: 0.0000, label: 1, bag_size: 3756
batch 339, loss: 0.0000, instance_loss: 0.0000, weighted_loss: 0.0000, label: 1, bag_size: 3649
batch 359, loss: 0.0000, instance_loss: 0.0000, weighted_loss: 0.0000, label: 0, bag_size: 2733
batch 379, loss: 0.0000, instance_loss: 0.0000, weighted_loss: 0.0000, label: 0, bag_size: 923
batch 399, loss: 0.0000, instance_loss: 0.0002, weighted_loss: 0.0001, label: 0, bag_size: 832
batch 419, loss: 0.0000, instance_loss: 0.0000, weighted_loss: 0.0000, label: 1, bag_size: 882
batch 439, loss: 0.0000, instance_loss: 0.0002, weighted_loss: 0.0001, label: 0, bag_size: 555
batch 459, loss: 0.0001, instance_loss: 0.0010, weighted_loss: 0.0004, label: 0, bag_size: 4883
batch 479, loss: 0.0001, instance_loss: 0.0000, weighted_loss: 0.0000, label: 1, bag_size: 2620
batch 499, loss: 0.0000, instance_loss: 0.0000, weighted_loss: 0.0000, label: 1, bag_size: 1553
batch 519, loss: 0.0000, instance_loss: 0.0000, weighted_loss: 0.0000, label: 1, bag_size: 3425
batch 539, loss: 0.0000, instance_loss: 0.0223, weighted_loss: 0.0067, label: 1, bag_size: 903
batch 559, loss: 0.0000, instance_loss: 0.0000, weighted_loss: 0.0000, label: 0, bag_size: 628
batch 579, loss: 0.0000, instance_loss: 0.0000, weighted_loss: 0.0000, label: 1, bag_size: 5140
batch 599, loss: 0.0000, instance_loss: 0.0007, weighted_loss: 0.0002, label: 0, bag_size: 1094
batch 619, loss: 0.0000, instance_loss: 0.0000, weighted_loss: 0.0000, label: 1, bag_size: 2769
batch 639, loss: 0.0000, instance_loss: 0.0000, weighted_loss: 0.0000, label: 1, bag_size: 656
batch 659, loss: 0.0000, instance_loss: 0.0000, weighted_loss: 0.0000, label: 0, bag_size: 1643
batch 679, loss: 0.0000, instance_loss: 0.0000, weighted_loss: 0.0000, label: 1, bag_size: 1293


class 0 clustering acc 1.0: correct 5592/5592
class 1 clustering acc 0.9998211731044349: correct 5591/5592
Epoch: 29, train_loss: 0.0001, train_clustering_loss:  0.0011, train_error: 0.0000
class 0: acc 1.0, correct 357/357
class 1: acc 1.0, correct 342/342

Val Set, val_loss: 0.6627, val_error: 0.0490, auc: 0.4075
class 0 clustering acc 1.0: correct 1144/1144
class 1 clustering acc 0.9965034965034965: correct 1140/1144
class 0: acc 0.9927007299270073, correct 136/137
class 1: acc 0.0, correct 0/6
EarlyStopping counter: 26 out of 20


batch 19, loss: 0.0000, instance_loss: 0.0000, weighted_loss: 0.0000, label: 0, bag_size: 277
batch 39, loss: 0.0000, instance_loss: 0.0000, weighted_loss: 0.0000, label: 0, bag_size: 524
batch 59, loss: 0.0000, instance_loss: 0.0000, weighted_loss: 0.0000, label: 0, bag_size: 907
batch 79, loss: 0.0001, instance_loss: 0.0000, weighted_loss: 0.0001, label: 1, bag_size: 1117
batch 99, loss: 0.0000, instance_loss: 0.0000, weighted_loss: 0.0000, label: 1, bag_size: 4180
batch 119, loss: 0.0001, instance_loss: 0.0000, weighted_loss: 0.0000, label: 1, bag_size: 2160
batch 139, loss: 0.0000, instance_loss: 0.0000, weighted_loss: 0.0000, label: 0, bag_size: 2071
batch 159, loss: 0.0001, instance_loss: 0.0000, weighted_loss: 0.0001, label: 1, bag_size: 4100
batch 179, loss: 0.0000, instance_loss: 0.0002, weighted_loss: 0.0001, label: 0, bag_size: 3931
batch 199, loss: 0.0000, instance_loss: 0.0002, weighted_loss: 0.0001, label: 0, bag_size: 4657
batch 219, loss: 0.0000, instance_loss: 0.0000, weighted_loss: 0.0000, label: 1, bag_size: 1293
batch 239, loss: 0.0000, instance_loss: 0.0000, weighted_loss: 0.0000, label: 1, bag_size: 1553
batch 259, loss: 0.0000, instance_loss: 0.0000, weighted_loss: 0.0000, label: 0, bag_size: 680
batch 279, loss: 0.0000, instance_loss: 0.0006, weighted_loss: 0.0002, label: 1, bag_size: 662
batch 299, loss: 0.0000, instance_loss: 0.0002, weighted_loss: 0.0001, label: 0, bag_size: 580
batch 319, loss: 0.0000, instance_loss: 0.0032, weighted_loss: 0.0009, label: 0, bag_size: 3119
batch 339, loss: 0.0000, instance_loss: 0.0000, weighted_loss: 0.0000, label: 0, bag_size: 1877
batch 359, loss: 0.0000, instance_loss: 0.0000, weighted_loss: 0.0000, label: 0, bag_size: 2537
batch 379, loss: 0.0000, instance_loss: 0.0000, weighted_loss: 0.0000, label: 0, bag_size: 3693
batch 399, loss: 0.0000, instance_loss: 0.0000, weighted_loss: 0.0000, label: 1, bag_size: 3719
batch 419, loss: 0.0000, instance_loss: 0.0000, weighted_loss: 0.0000, label: 0, bag_size: 1055
batch 439, loss: 0.0001, instance_loss: 0.0000, weighted_loss: 0.0001, label: 1, bag_size: 5140
batch 459, loss: 0.0000, instance_loss: 0.0000, weighted_loss: 0.0000, label: 0, bag_size: 3916
batch 479, loss: 0.0000, instance_loss: 0.0952, weighted_loss: 0.0286, label: 0, bag_size: 291
batch 499, loss: 0.0000, instance_loss: 0.0015, weighted_loss: 0.0005, label: 0, bag_size: 5455
batch 519, loss: 0.0000, instance_loss: 0.0000, weighted_loss: 0.0000, label: 1, bag_size: 4180
batch 539, loss: 0.0000, instance_loss: 0.0000, weighted_loss: 0.0000, label: 0, bag_size: 1702
batch 559, loss: 0.0000, instance_loss: 0.0000, weighted_loss: 0.0000, label: 0, bag_size: 4142
batch 579, loss: 0.0002, instance_loss: 0.0000, weighted_loss: 0.0002, label: 1, bag_size: 1117
batch 599, loss: 0.0000, instance_loss: 0.0000, weighted_loss: 0.0000, label: 0, bag_size: 547
batch 619, loss: 0.0000, instance_loss: 0.0000, weighted_loss: 0.0000, label: 1, bag_size: 3613
batch 639, loss: 0.0634, instance_loss: 0.0023, weighted_loss: 0.0451, label: 0, bag_size: 2434
batch 659, loss: 0.0000, instance_loss: 0.0000, weighted_loss: 0.0000, label: 0, bag_size: 1979
batch 679, loss: 0.0000, instance_loss: 0.0000, weighted_loss: 0.0000, label: 0, bag_size: 1154


class 0 clustering acc 0.9998211731044349: correct 5591/5592
class 1 clustering acc 0.9989270386266095: correct 5586/5592
Epoch: 30, train_loss: 0.0341, train_clustering_loss:  0.0029, train_error: 0.0072
class 0: acc 0.9946091644204852, correct 369/371
class 1: acc 0.9908536585365854, correct 325/328

Val Set, val_loss: 1.0654, val_error: 0.1399, auc: 0.4732
class 0 clustering acc 1.0: correct 1144/1144
class 1 clustering acc 0.9965034965034965: correct 1140/1144
class 0: acc 0.8978102189781022, correct 123/137
class 1: acc 0.0, correct 0/6
EarlyStopping counter: 27 out of 20


batch 19, loss: 2.4027, instance_loss: 0.0000, weighted_loss: 1.6819, label: 1, bag_size: 4022
batch 39, loss: 0.0014, instance_loss: 0.0000, weighted_loss: 0.0010, label: 0, bag_size: 2437
batch 59, loss: 0.0002, instance_loss: 0.0000, weighted_loss: 0.0002, label: 1, bag_size: 3656
batch 79, loss: 0.0001, instance_loss: 0.0000, weighted_loss: 0.0000, label: 1, bag_size: 2620
batch 99, loss: 0.0006, instance_loss: 0.0003, weighted_loss: 0.0005, label: 1, bag_size: 726
batch 119, loss: 0.0000, instance_loss: 0.0000, weighted_loss: 0.0000, label: 0, bag_size: 628
batch 139, loss: 0.0000, instance_loss: 0.0000, weighted_loss: 0.0000, label: 0, bag_size: 1465
batch 159, loss: 0.0004, instance_loss: 0.0005, weighted_loss: 0.0004, label: 0, bag_size: 4905
batch 179, loss: 0.0000, instance_loss: 0.0000, weighted_loss: 0.0000, label: 1, bag_size: 2291
batch 199, loss: 0.0008, instance_loss: 0.0000, weighted_loss: 0.0005, label: 0, bag_size: 3806
batch 219, loss: 0.0007, instance_loss: 0.0000, weighted_loss: 0.0005, label: 1, bag_size: 893
batch 239, loss: 0.0000, instance_loss: 0.0000, weighted_loss: 0.0000, label: 0, bag_size: 596
batch 259, loss: 0.0002, instance_loss: 0.0000, weighted_loss: 0.0001, label: 0, bag_size: 5146
batch 279, loss: 0.0002, instance_loss: 0.0000, weighted_loss: 0.0002, label: 0, bag_size: 816
batch 299, loss: 0.0001, instance_loss: 0.0000, weighted_loss: 0.0000, label: 0, bag_size: 4178
batch 319, loss: 0.0007, instance_loss: 0.0000, weighted_loss: 0.0005, label: 0, bag_size: 666
batch 339, loss: 0.0000, instance_loss: 0.0000, weighted_loss: 0.0000, label: 0, bag_size: 2162
batch 359, loss: 0.0023, instance_loss: 0.0007, weighted_loss: 0.0018, label: 0, bag_size: 378
batch 379, loss: 0.0004, instance_loss: 0.0000, weighted_loss: 0.0003, label: 0, bag_size: 1398
batch 399, loss: 0.0004, instance_loss: 0.0000, weighted_loss: 0.0003, label: 1, bag_size: 726
batch 419, loss: 0.0027, instance_loss: 0.0000, weighted_loss: 0.0019, label: 1, bag_size: 3707
batch 439, loss: 0.0014, instance_loss: 0.0000, weighted_loss: 0.0010, label: 1, bag_size: 4180
batch 459, loss: 0.0038, instance_loss: 0.0000, weighted_loss: 0.0026, label: 1, bag_size: 893
batch 479, loss: 0.0019, instance_loss: 0.0000, weighted_loss: 0.0013, label: 1, bag_size: 1293
batch 499, loss: 0.0475, instance_loss: 0.0000, weighted_loss: 0.0332, label: 1, bag_size: 2160
batch 519, loss: 0.0014, instance_loss: 0.0000, weighted_loss: 0.0010, label: 1, bag_size: 726
batch 539, loss: 0.0001, instance_loss: 0.0027, weighted_loss: 0.0009, label: 1, bag_size: 882
batch 559, loss: 0.0000, instance_loss: 0.0006, weighted_loss: 0.0002, label: 0, bag_size: 5787
batch 579, loss: 0.0071, instance_loss: 0.0000, weighted_loss: 0.0050, label: 1, bag_size: 3425
batch 599, loss: 0.0011, instance_loss: 0.0000, weighted_loss: 0.0008, label: 1, bag_size: 3613
batch 619, loss: 0.0029, instance_loss: 0.0000, weighted_loss: 0.0020, label: 1, bag_size: 3756
batch 639, loss: 0.0000, instance_loss: 0.0003, weighted_loss: 0.0001, label: 0, bag_size: 1498
batch 659, loss: 0.0000, instance_loss: 0.0000, weighted_loss: 0.0000, label: 0, bag_size: 2969
batch 679, loss: 0.0000, instance_loss: 0.0000, weighted_loss: 0.0000, label: 1, bag_size: 4022


class 0 clustering acc 1.0: correct 5592/5592
class 1 clustering acc 0.9985693848354793: correct 5584/5592
Epoch: 31, train_loss: 0.0646, train_clustering_loss:  0.0073, train_error: 0.0172
class 0: acc 0.9833333333333333, correct 354/360
class 1: acc 0.9823008849557522, correct 333/339

Val Set, val_loss: 0.4715, val_error: 0.0559, auc: 0.4781
class 0 clustering acc 1.0: correct 1144/1144
class 1 clustering acc 1.0: correct 1144/1144
class 0: acc 0.9854014598540146, correct 135/137
class 1: acc 0.0, correct 0/6
EarlyStopping counter: 28 out of 20


batch 19, loss: 0.0003, instance_loss: 0.0000, weighted_loss: 0.0002, label: 1, bag_size: 1117
batch 39, loss: 0.0007, instance_loss: 0.0000, weighted_loss: 0.0005, label: 1, bag_size: 204
batch 59, loss: 0.0010, instance_loss: 0.0004, weighted_loss: 0.0009, label: 0, bag_size: 1293
batch 79, loss: 0.0000, instance_loss: 0.0000, weighted_loss: 0.0000, label: 0, bag_size: 934
batch 99, loss: 0.0000, instance_loss: 0.0002, weighted_loss: 0.0001, label: 0, bag_size: 666
batch 119, loss: 0.0148, instance_loss: 0.0000, weighted_loss: 0.0104, label: 1, bag_size: 3707
batch 139, loss: 0.0002, instance_loss: 0.0000, weighted_loss: 0.0002, label: 1, bag_size: 1284
batch 159, loss: 0.0001, instance_loss: 0.0004, weighted_loss: 0.0002, label: 1, bag_size: 3613
batch 179, loss: 0.0001, instance_loss: 0.0002, weighted_loss: 0.0001, label: 0, bag_size: 5003
batch 199, loss: 0.0008, instance_loss: 0.0000, weighted_loss: 0.0006, label: 1, bag_size: 1293
batch 219, loss: 0.0000, instance_loss: 0.0000, weighted_loss: 0.0000, label: 0, bag_size: 1268
batch 239, loss: 0.0000, instance_loss: 0.0015, weighted_loss: 0.0005, label: 0, bag_size: 1077
batch 259, loss: 0.0025, instance_loss: 0.0000, weighted_loss: 0.0017, label: 1, bag_size: 3425
batch 279, loss: 0.0002, instance_loss: 0.0000, weighted_loss: 0.0001, label: 0, bag_size: 901
batch 299, loss: 0.0027, instance_loss: 0.0000, weighted_loss: 0.0019, label: 1, bag_size: 3756
batch 319, loss: 0.0000, instance_loss: 0.0005, weighted_loss: 0.0002, label: 1, bag_size: 662
batch 339, loss: 0.0000, instance_loss: 0.0000, weighted_loss: 0.0000, label: 0, bag_size: 891
batch 359, loss: 0.0041, instance_loss: 0.0000, weighted_loss: 0.0029, label: 1, bag_size: 4045
batch 379, loss: 0.0000, instance_loss: 0.0000, weighted_loss: 0.0000, label: 0, bag_size: 4206
batch 399, loss: 0.0000, instance_loss: 0.0000, weighted_loss: 0.0000, label: 0, bag_size: 2145
batch 419, loss: 0.0000, instance_loss: 0.0000, weighted_loss: 0.0000, label: 0, bag_size: 1972
batch 439, loss: 0.0000, instance_loss: 0.0000, weighted_loss: 0.0000, label: 0, bag_size: 710
batch 459, loss: 0.0002, instance_loss: 0.0000, weighted_loss: 0.0001, label: 1, bag_size: 1424
batch 479, loss: 0.0000, instance_loss: 0.0004, weighted_loss: 0.0001, label: 0, bag_size: 1426
batch 499, loss: 0.0000, instance_loss: 0.0000, weighted_loss: 0.0000, label: 1, bag_size: 656
batch 519, loss: 0.0000, instance_loss: 0.0000, weighted_loss: 0.0000, label: 0, bag_size: 3753
batch 539, loss: 0.0009, instance_loss: 0.0000, weighted_loss: 0.0006, label: 0, bag_size: 3762
batch 559, loss: 0.0000, instance_loss: 0.0000, weighted_loss: 0.0000, label: 0, bag_size: 792
batch 579, loss: 0.0012, instance_loss: 0.0014, weighted_loss: 0.0012, label: 0, bag_size: 468
batch 599, loss: 0.0001, instance_loss: 0.0000, weighted_loss: 0.0001, label: 0, bag_size: 4909
batch 619, loss: 0.0000, instance_loss: 0.0048, weighted_loss: 0.0014, label: 0, bag_size: 1599
batch 639, loss: 0.0000, instance_loss: 0.0000, weighted_loss: 0.0000, label: 0, bag_size: 4905
batch 659, loss: 0.0000, instance_loss: 0.0000, weighted_loss: 0.0000, label: 0, bag_size: 1019
batch 679, loss: 0.0001, instance_loss: 0.0000, weighted_loss: 0.0000, label: 1, bag_size: 2620


class 0 clustering acc 1.0: correct 5592/5592
class 1 clustering acc 0.9994635193133047: correct 5589/5592
Epoch: 32, train_loss: 0.0013, train_clustering_loss:  0.0019, train_error: 0.0000
class 0: acc 1.0, correct 352/352
class 1: acc 1.0, correct 347/347

Val Set, val_loss: 0.5313, val_error: 0.0490, auc: 0.4404
class 0 clustering acc 1.0: correct 1144/1144
class 1 clustering acc 1.0: correct 1144/1144
class 0: acc 0.9927007299270073, correct 136/137
class 1: acc 0.0, correct 0/6
EarlyStopping counter: 29 out of 20


batch 19, loss: 0.0000, instance_loss: 0.0003, weighted_loss: 0.0001, label: 1, bag_size: 2160
batch 39, loss: 0.0007, instance_loss: 0.0000, weighted_loss: 0.0005, label: 1, bag_size: 5140
batch 59, loss: 0.0001, instance_loss: 0.0008, weighted_loss: 0.0003, label: 1, bag_size: 4322
batch 79, loss: 0.0000, instance_loss: 0.0000, weighted_loss: 0.0000, label: 0, bag_size: 1507
batch 99, loss: 0.0001, instance_loss: 0.0002, weighted_loss: 0.0001, label: 1, bag_size: 2620
batch 119, loss: 0.0001, instance_loss: 0.0000, weighted_loss: 0.0001, label: 1, bag_size: 1284
batch 139, loss: 0.0001, instance_loss: 0.0000, weighted_loss: 0.0001, label: 1, bag_size: 4100
batch 159, loss: 0.0000, instance_loss: 0.0000, weighted_loss: 0.0000, label: 0, bag_size: 705
batch 179, loss: 0.0007, instance_loss: 0.0000, weighted_loss: 0.0005, label: 1, bag_size: 4045
batch 199, loss: 0.0000, instance_loss: 0.0000, weighted_loss: 0.0000, label: 1, bag_size: 4322
batch 219, loss: 0.0000, instance_loss: 0.0000, weighted_loss: 0.0000, label: 0, bag_size: 4764
batch 239, loss: 0.0001, instance_loss: 0.0006, weighted_loss: 0.0002, label: 0, bag_size: 3100
batch 259, loss: 0.0000, instance_loss: 0.0000, weighted_loss: 0.0000, label: 1, bag_size: 5455
batch 279, loss: 0.0000, instance_loss: 0.0000, weighted_loss: 0.0000, label: 0, bag_size: 396
batch 299, loss: 0.0002, instance_loss: 0.0000, weighted_loss: 0.0001, label: 1, bag_size: 2160
batch 319, loss: 0.0000, instance_loss: 0.0000, weighted_loss: 0.0000, label: 0, bag_size: 1498
batch 339, loss: 0.0000, instance_loss: 0.0000, weighted_loss: 0.0000, label: 0, bag_size: 787
batch 359, loss: 0.0000, instance_loss: 0.0000, weighted_loss: 0.0000, label: 0, bag_size: 5460
batch 379, loss: 0.0000, instance_loss: 0.0000, weighted_loss: 0.0000, label: 0, bag_size: 2653
batch 399, loss: 0.0000, instance_loss: 0.0000, weighted_loss: 0.0000, label: 0, bag_size: 1274
batch 419, loss: 0.0001, instance_loss: 0.0000, weighted_loss: 0.0000, label: 1, bag_size: 3756
batch 439, loss: 0.0000, instance_loss: 0.0000, weighted_loss: 0.0000, label: 1, bag_size: 4100
batch 459, loss: 0.0000, instance_loss: 0.0000, weighted_loss: 0.0000, label: 1, bag_size: 662
batch 479, loss: 0.0000, instance_loss: 0.0002, weighted_loss: 0.0001, label: 0, bag_size: 1299
batch 499, loss: 0.0000, instance_loss: 0.0010, weighted_loss: 0.0003, label: 0, bag_size: 421
batch 519, loss: 0.0000, instance_loss: 0.0000, weighted_loss: 0.0000, label: 0, bag_size: 1662
batch 539, loss: 0.0001, instance_loss: 0.0000, weighted_loss: 0.0001, label: 1, bag_size: 2160
batch 559, loss: 0.0000, instance_loss: 0.0000, weighted_loss: 0.0000, label: 1, bag_size: 4022
batch 579, loss: 0.0002, instance_loss: 0.0000, weighted_loss: 0.0001, label: 0, bag_size: 1050
batch 599, loss: 0.0000, instance_loss: 0.0000, weighted_loss: 0.0000, label: 1, bag_size: 4100
batch 619, loss: 0.0002, instance_loss: 0.0000, weighted_loss: 0.0001, label: 1, bag_size: 726
batch 639, loss: 0.0000, instance_loss: 0.0000, weighted_loss: 0.0000, label: 0, bag_size: 1165
batch 659, loss: 0.0000, instance_loss: 0.0000, weighted_loss: 0.0000, label: 1, bag_size: 4201
batch 679, loss: 0.0000, instance_loss: 0.0000, weighted_loss: 0.0000, label: 1, bag_size: 4022


class 0 clustering acc 1.0: correct 5592/5592
class 1 clustering acc 0.9998211731044349: correct 5591/5592
Epoch: 33, train_loss: 0.0012, train_clustering_loss:  0.0013, train_error: 0.0000
class 0: acc 1.0, correct 340/340
class 1: acc 1.0, correct 359/359

Val Set, val_loss: 0.5633, val_error: 0.0559, auc: 0.4489
class 0 clustering acc 1.0: correct 1144/1144
class 1 clustering acc 0.9991258741258742: correct 1143/1144
class 0: acc 0.9854014598540146, correct 135/137
class 1: acc 0.0, correct 0/6
EarlyStopping counter: 30 out of 20


batch 19, loss: 0.0000, instance_loss: 0.0000, weighted_loss: 0.0000, label: 1, bag_size: 4133
batch 39, loss: 0.0001, instance_loss: 0.0000, weighted_loss: 0.0001, label: 1, bag_size: 5140
batch 59, loss: 0.0000, instance_loss: 0.0004, weighted_loss: 0.0001, label: 0, bag_size: 3621
batch 79, loss: 0.0001, instance_loss: 0.0000, weighted_loss: 0.0000, label: 1, bag_size: 3393
batch 99, loss: 0.0000, instance_loss: 0.0021, weighted_loss: 0.0006, label: 1, bag_size: 662
batch 119, loss: 0.0000, instance_loss: 0.0000, weighted_loss: 0.0000, label: 1, bag_size: 3237
batch 139, loss: 0.0000, instance_loss: 0.0034, weighted_loss: 0.0010, label: 0, bag_size: 312
batch 159, loss: 0.0007, instance_loss: 0.0000, weighted_loss: 0.0005, label: 0, bag_size: 594
batch 179, loss: 0.0000, instance_loss: 0.0041, weighted_loss: 0.0012, label: 0, bag_size: 3651
batch 199, loss: 0.0000, instance_loss: 0.0000, weighted_loss: 0.0000, label: 0, bag_size: 3836
batch 219, loss: 0.0001, instance_loss: 0.0000, weighted_loss: 0.0001, label: 1, bag_size: 3756
batch 239, loss: 0.0000, instance_loss: 0.0000, weighted_loss: 0.0000, label: 1, bag_size: 3237
batch 259, loss: 0.0001, instance_loss: 0.0000, weighted_loss: 0.0000, label: 1, bag_size: 2769
batch 279, loss: 0.0000, instance_loss: 0.0000, weighted_loss: 0.0000, label: 0, bag_size: 4172
batch 299, loss: 0.0001, instance_loss: 0.0047, weighted_loss: 0.0015, label: 0, bag_size: 4815
batch 319, loss: 0.0002, instance_loss: 0.0000, weighted_loss: 0.0002, label: 1, bag_size: 1293
batch 339, loss: 0.0000, instance_loss: 0.0000, weighted_loss: 0.0000, label: 1, bag_size: 4180
batch 359, loss: 0.0000, instance_loss: 0.0000, weighted_loss: 0.0000, label: 0, bag_size: 4382
batch 379, loss: 0.0001, instance_loss: 0.0000, weighted_loss: 0.0001, label: 0, bag_size: 4629
batch 399, loss: 0.0000, instance_loss: 0.0002, weighted_loss: 0.0001, label: 1, bag_size: 1138
batch 419, loss: 0.0003, instance_loss: 0.0000, weighted_loss: 0.0002, label: 1, bag_size: 893
batch 439, loss: 0.0000, instance_loss: 0.0000, weighted_loss: 0.0000, label: 0, bag_size: 782
batch 459, loss: 0.0002, instance_loss: 0.0032, weighted_loss: 0.0011, label: 0, bag_size: 4429
batch 479, loss: 0.0000, instance_loss: 0.0000, weighted_loss: 0.0000, label: 1, bag_size: 3237
batch 499, loss: 0.0000, instance_loss: 0.0000, weighted_loss: 0.0000, label: 0, bag_size: 670
batch 519, loss: 0.0000, instance_loss: 0.0000, weighted_loss: 0.0000, label: 0, bag_size: 1165
batch 539, loss: 0.0055, instance_loss: 0.0000, weighted_loss: 0.0039, label: 1, bag_size: 2160
batch 559, loss: 0.0009, instance_loss: 0.0000, weighted_loss: 0.0006, label: 1, bag_size: 940
batch 579, loss: 0.0002, instance_loss: 0.0000, weighted_loss: 0.0001, label: 0, bag_size: 1509
batch 599, loss: 0.0000, instance_loss: 0.0000, weighted_loss: 0.0000, label: 0, bag_size: 3831
batch 619, loss: 0.0001, instance_loss: 0.0000, weighted_loss: 0.0001, label: 1, bag_size: 1553
batch 639, loss: 0.0000, instance_loss: 0.0000, weighted_loss: 0.0000, label: 1, bag_size: 3425
batch 659, loss: 0.0000, instance_loss: 0.0002, weighted_loss: 0.0001, label: 0, bag_size: 5337
batch 679, loss: 0.0000, instance_loss: 0.0000, weighted_loss: 0.0000, label: 0, bag_size: 871


class 0 clustering acc 0.9998211731044349: correct 5591/5592
class 1 clustering acc 0.9992846924177397: correct 5588/5592
Epoch: 34, train_loss: 0.0002, train_clustering_loss:  0.0038, train_error: 0.0000
class 0: acc 1.0, correct 332/332
class 1: acc 1.0, correct 367/367

Val Set, val_loss: 0.5823, val_error: 0.0490, auc: 0.4258
class 0 clustering acc 1.0: correct 1144/1144
class 1 clustering acc 1.0: correct 1144/1144
class 0: acc 0.9927007299270073, correct 136/137
class 1: acc 0.0, correct 0/6
EarlyStopping counter: 31 out of 20


batch 19, loss: 0.0000, instance_loss: 0.0000, weighted_loss: 0.0000, label: 1, bag_size: 882
batch 39, loss: 0.0001, instance_loss: 0.0000, weighted_loss: 0.0000, label: 1, bag_size: 1553
batch 59, loss: 0.0000, instance_loss: 0.0000, weighted_loss: 0.0000, label: 0, bag_size: 1643
batch 79, loss: 0.0001, instance_loss: 0.0000, weighted_loss: 0.0000, label: 0, bag_size: 547
batch 99, loss: 0.0011, instance_loss: 0.0000, weighted_loss: 0.0007, label: 0, bag_size: 4883
batch 119, loss: 0.0000, instance_loss: 0.0002, weighted_loss: 0.0001, label: 1, bag_size: 3613
batch 139, loss: 0.0000, instance_loss: 0.0000, weighted_loss: 0.0000, label: 1, bag_size: 3649
batch 159, loss: 0.0000, instance_loss: 0.0000, weighted_loss: 0.0000, label: 1, bag_size: 903
batch 179, loss: 0.0001, instance_loss: 0.0002, weighted_loss: 0.0001, label: 1, bag_size: 1553
batch 199, loss: 0.0007, instance_loss: 0.0000, weighted_loss: 0.0005, label: 0, bag_size: 5739
batch 219, loss: 0.0019, instance_loss: 0.0000, weighted_loss: 0.0013, label: 1, bag_size: 5140
batch 239, loss: 0.0000, instance_loss: 0.0228, weighted_loss: 0.0068, label: 0, bag_size: 2542
batch 259, loss: 0.0000, instance_loss: 0.0000, weighted_loss: 0.0000, label: 1, bag_size: 4133
batch 279, loss: 0.0002, instance_loss: 0.0007, weighted_loss: 0.0003, label: 0, bag_size: 594
batch 299, loss: 0.0001, instance_loss: 0.0000, weighted_loss: 0.0000, label: 1, bag_size: 3719
batch 319, loss: 0.0000, instance_loss: 0.0000, weighted_loss: 0.0000, label: 0, bag_size: 4556
batch 339, loss: 0.0000, instance_loss: 0.0000, weighted_loss: 0.0000, label: 1, bag_size: 882
batch 359, loss: 0.0000, instance_loss: 0.0000, weighted_loss: 0.0000, label: 0, bag_size: 400
batch 379, loss: 0.0002, instance_loss: 0.0000, weighted_loss: 0.0002, label: 1, bag_size: 2291
batch 399, loss: 0.0002, instance_loss: 0.0000, weighted_loss: 0.0002, label: 1, bag_size: 1117
batch 419, loss: 0.0001, instance_loss: 0.0000, weighted_loss: 0.0001, label: 1, bag_size: 913
batch 439, loss: 0.0000, instance_loss: 0.0000, weighted_loss: 0.0000, label: 1, bag_size: 4045
batch 459, loss: 0.0000, instance_loss: 0.0000, weighted_loss: 0.0000, label: 1, bag_size: 4022
batch 479, loss: 0.0001, instance_loss: 0.0000, weighted_loss: 0.0001, label: 0, bag_size: 742
batch 499, loss: 0.0001, instance_loss: 0.0006, weighted_loss: 0.0002, label: 1, bag_size: 882
batch 519, loss: 0.0000, instance_loss: 0.0004, weighted_loss: 0.0001, label: 0, bag_size: 433
batch 539, loss: 0.0001, instance_loss: 0.0009, weighted_loss: 0.0004, label: 0, bag_size: 1297
batch 559, loss: 0.0003, instance_loss: 0.0000, weighted_loss: 0.0002, label: 1, bag_size: 668
batch 579, loss: 0.0000, instance_loss: 0.0000, weighted_loss: 0.0000, label: 1, bag_size: 3393
batch 599, loss: 0.0000, instance_loss: 0.0000, weighted_loss: 0.0000, label: 0, bag_size: 2881
batch 619, loss: 0.0000, instance_loss: 0.0003, weighted_loss: 0.0001, label: 0, bag_size: 3734
batch 639, loss: 0.0000, instance_loss: 0.0000, weighted_loss: 0.0000, label: 1, bag_size: 5140
batch 659, loss: 0.0000, instance_loss: 0.0000, weighted_loss: 0.0000, label: 0, bag_size: 484
batch 679, loss: 0.0000, instance_loss: 0.0007, weighted_loss: 0.0002, label: 0, bag_size: 1515


class 0 clustering acc 0.9998211731044349: correct 5591/5592
class 1 clustering acc 0.9974964234620887: correct 5578/5592
Epoch: 35, train_loss: 0.0001, train_clustering_loss:  0.0109, train_error: 0.0000
class 0: acc 1.0, correct 357/357
class 1: acc 1.0, correct 342/342

Val Set, val_loss: 0.5992, val_error: 0.0490, auc: 0.4185
class 0 clustering acc 0.9991258741258742: correct 1143/1144
class 1 clustering acc 0.9991258741258742: correct 1143/1144
class 0: acc 0.9927007299270073, correct 136/137
class 1: acc 0.0, correct 0/6
EarlyStopping counter: 32 out of 20


batch 19, loss: 0.0003, instance_loss: 0.0000, weighted_loss: 0.0002, label: 1, bag_size: 3707
batch 39, loss: 0.0000, instance_loss: 0.0021, weighted_loss: 0.0006, label: 0, bag_size: 2710
batch 59, loss: 0.0000, instance_loss: 0.0000, weighted_loss: 0.0000, label: 0, bag_size: 3599
batch 79, loss: 0.0052, instance_loss: 0.0000, weighted_loss: 0.0037, label: 0, bag_size: 4112
batch 99, loss: 0.0013, instance_loss: 0.0000, weighted_loss: 0.0009, label: 1, bag_size: 3756
batch 119, loss: 0.0000, instance_loss: 0.0000, weighted_loss: 0.0000, label: 1, bag_size: 4100
batch 139, loss: 0.0000, instance_loss: 0.0000, weighted_loss: 0.0000, label: 1, bag_size: 3649
batch 159, loss: 0.0001, instance_loss: 0.0000, weighted_loss: 0.0001, label: 1, bag_size: 3756
batch 179, loss: 0.0000, instance_loss: 0.0002, weighted_loss: 0.0001, label: 0, bag_size: 783
batch 199, loss: 0.0000, instance_loss: 0.0000, weighted_loss: 0.0000, label: 1, bag_size: 3237
batch 219, loss: 0.0002, instance_loss: 0.0000, weighted_loss: 0.0001, label: 1, bag_size: 2620
batch 239, loss: 0.0000, instance_loss: 0.0000, weighted_loss: 0.0000, label: 1, bag_size: 4022
batch 259, loss: 0.0001, instance_loss: 0.0000, weighted_loss: 0.0000, label: 1, bag_size: 3719
batch 279, loss: 0.0000, instance_loss: 0.0000, weighted_loss: 0.0000, label: 1, bag_size: 3613
batch 299, loss: 0.0000, instance_loss: 0.0000, weighted_loss: 0.0000, label: 1, bag_size: 3613
batch 319, loss: 0.0001, instance_loss: 0.0000, weighted_loss: 0.0000, label: 1, bag_size: 4133
batch 339, loss: 0.0001, instance_loss: 0.0000, weighted_loss: 0.0001, label: 1, bag_size: 5140
batch 359, loss: 0.0000, instance_loss: 0.0000, weighted_loss: 0.0000, label: 1, bag_size: 3425
batch 379, loss: 0.0000, instance_loss: 0.0000, weighted_loss: 0.0000, label: 0, bag_size: 745
batch 399, loss: 0.0000, instance_loss: 0.0000, weighted_loss: 0.0000, label: 1, bag_size: 3393
batch 419, loss: 0.0000, instance_loss: 0.0008, weighted_loss: 0.0003, label: 1, bag_size: 4322
batch 439, loss: 0.0000, instance_loss: 0.0000, weighted_loss: 0.0000, label: 0, bag_size: 2344
batch 459, loss: 0.0000, instance_loss: 0.0002, weighted_loss: 0.0001, label: 0, bag_size: 687
batch 479, loss: 0.0000, instance_loss: 0.0005, weighted_loss: 0.0002, label: 0, bag_size: 1638
batch 499, loss: 0.0000, instance_loss: 0.0685, weighted_loss: 0.0206, label: 0, bag_size: 1121
batch 519, loss: 0.0000, instance_loss: 0.0000, weighted_loss: 0.0000, label: 0, bag_size: 1240
batch 539, loss: 0.0000, instance_loss: 0.0026, weighted_loss: 0.0008, label: 0, bag_size: 2710
batch 559, loss: 0.0001, instance_loss: 0.0000, weighted_loss: 0.0000, label: 1, bag_size: 1518
batch 579, loss: 0.0000, instance_loss: 0.0000, weighted_loss: 0.0000, label: 1, bag_size: 893
batch 599, loss: 0.0000, instance_loss: 0.0000, weighted_loss: 0.0000, label: 1, bag_size: 4201
batch 619, loss: 0.0003, instance_loss: 0.0000, weighted_loss: 0.0002, label: 1, bag_size: 1424
batch 639, loss: 0.0000, instance_loss: 0.0000, weighted_loss: 0.0000, label: 0, bag_size: 433
batch 659, loss: 0.0000, instance_loss: 0.0000, weighted_loss: 0.0000, label: 0, bag_size: 2058
batch 679, loss: 0.0000, instance_loss: 0.0000, weighted_loss: 0.0000, label: 0, bag_size: 1393


class 0 clustering acc 0.9996423462088698: correct 5590/5592
class 1 clustering acc 0.998211731044349: correct 5582/5592
Epoch: 36, train_loss: 0.0001, train_clustering_loss:  0.0067, train_error: 0.0000
class 0: acc 1.0, correct 342/342
class 1: acc 1.0, correct 357/357

Val Set, val_loss: 0.6364, val_error: 0.0490, auc: 0.4148
class 0 clustering acc 1.0: correct 1144/1144
class 1 clustering acc 0.9982517482517482: correct 1142/1144
class 0: acc 0.9927007299270073, correct 136/137
class 1: acc 0.0, correct 0/6
EarlyStopping counter: 33 out of 20


batch 19, loss: 0.0000, instance_loss: 0.0002, weighted_loss: 0.0001, label: 0, bag_size: 3308
batch 39, loss: 0.0001, instance_loss: 0.0080, weighted_loss: 0.0025, label: 0, bag_size: 3448
batch 59, loss: 0.0000, instance_loss: 0.0000, weighted_loss: 0.0000, label: 1, bag_size: 1138
batch 79, loss: 0.0000, instance_loss: 0.0000, weighted_loss: 0.0000, label: 0, bag_size: 1824
batch 99, loss: 0.0000, instance_loss: 0.0002, weighted_loss: 0.0001, label: 0, bag_size: 765
batch 119, loss: 0.0000, instance_loss: 0.0000, weighted_loss: 0.0000, label: 0, bag_size: 3707
batch 139, loss: 0.0000, instance_loss: 0.0000, weighted_loss: 0.0000, label: 0, bag_size: 3209
batch 159, loss: 0.0000, instance_loss: 0.0000, weighted_loss: 0.0000, label: 0, bag_size: 2244
batch 179, loss: 0.0001, instance_loss: 0.0000, weighted_loss: 0.0001, label: 1, bag_size: 668
batch 199, loss: 0.0002, instance_loss: 0.0004, weighted_loss: 0.0002, label: 0, bag_size: 3379
batch 219, loss: 0.0000, instance_loss: 0.0425, weighted_loss: 0.0127, label: 0, bag_size: 1190
batch 239, loss: 0.0001, instance_loss: 0.0000, weighted_loss: 0.0001, label: 1, bag_size: 726
batch 259, loss: 0.0000, instance_loss: 0.0000, weighted_loss: 0.0000, label: 1, bag_size: 656
batch 279, loss: 0.0000, instance_loss: 0.0000, weighted_loss: 0.0000, label: 1, bag_size: 3425
batch 299, loss: 0.0000, instance_loss: 0.1732, weighted_loss: 0.0520, label: 0, bag_size: 3778
batch 319, loss: 0.0000, instance_loss: 0.0000, weighted_loss: 0.0000, label: 1, bag_size: 5455
batch 339, loss: 0.0000, instance_loss: 0.0011, weighted_loss: 0.0003, label: 0, bag_size: 2459
batch 359, loss: 0.0000, instance_loss: 0.0000, weighted_loss: 0.0000, label: 1, bag_size: 662
batch 379, loss: 0.0001, instance_loss: 0.0000, weighted_loss: 0.0001, label: 0, bag_size: 2428
batch 399, loss: 0.0004, instance_loss: 0.0022, weighted_loss: 0.0009, label: 0, bag_size: 5329
batch 419, loss: 0.0000, instance_loss: 0.0902, weighted_loss: 0.0271, label: 0, bag_size: 529
batch 439, loss: 0.0000, instance_loss: 0.0000, weighted_loss: 0.0000, label: 1, bag_size: 3719
batch 459, loss: 0.0001, instance_loss: 0.0000, weighted_loss: 0.0000, label: 1, bag_size: 1284
batch 479, loss: 0.0000, instance_loss: 0.0000, weighted_loss: 0.0000, label: 0, bag_size: 1159
batch 499, loss: 0.0000, instance_loss: 0.0000, weighted_loss: 0.0000, label: 0, bag_size: 5526
batch 519, loss: 0.0001, instance_loss: 0.0000, weighted_loss: 0.0001, label: 1, bag_size: 3707
batch 539, loss: 0.0000, instance_loss: 0.0000, weighted_loss: 0.0000, label: 0, bag_size: 1647
batch 559, loss: 0.0017, instance_loss: 0.0000, weighted_loss: 0.0012, label: 1, bag_size: 668
batch 579, loss: 0.0000, instance_loss: 0.0000, weighted_loss: 0.0000, label: 1, bag_size: 882
batch 599, loss: 0.0000, instance_loss: 0.0004, weighted_loss: 0.0001, label: 0, bag_size: 1132
batch 619, loss: 0.0002, instance_loss: 0.0000, weighted_loss: 0.0001, label: 0, bag_size: 3269
batch 639, loss: 0.0000, instance_loss: 0.0000, weighted_loss: 0.0000, label: 0, bag_size: 766
batch 659, loss: 0.0000, instance_loss: 0.0000, weighted_loss: 0.0000, label: 1, bag_size: 913
batch 679, loss: 0.0000, instance_loss: 0.0008, weighted_loss: 0.0002, label: 0, bag_size: 342


class 0 clustering acc 0.9992846924177397: correct 5588/5592
class 1 clustering acc 0.9989270386266095: correct 5586/5592
Epoch: 37, train_loss: 0.0002, train_clustering_loss:  0.0054, train_error: 0.0000
class 0: acc 1.0, correct 343/343
class 1: acc 1.0, correct 356/356

Val Set, val_loss: 0.6362, val_error: 0.0490, auc: 0.4173
class 0 clustering acc 1.0: correct 1144/1144
class 1 clustering acc 1.0: correct 1144/1144
class 0: acc 0.9927007299270073, correct 136/137
class 1: acc 0.0, correct 0/6
EarlyStopping counter: 34 out of 20


batch 19, loss: 0.0000, instance_loss: 0.0000, weighted_loss: 0.0000, label: 1, bag_size: 4180
batch 39, loss: 0.0000, instance_loss: 0.0000, weighted_loss: 0.0000, label: 1, bag_size: 652
batch 59, loss: 0.0000, instance_loss: 0.0000, weighted_loss: 0.0000, label: 0, bag_size: 3986
batch 79, loss: 0.0000, instance_loss: 0.0000, weighted_loss: 0.0000, label: 1, bag_size: 893
batch 99, loss: 0.0000, instance_loss: 0.0000, weighted_loss: 0.0000, label: 0, bag_size: 1728
batch 119, loss: 0.0000, instance_loss: 0.0000, weighted_loss: 0.0000, label: 1, bag_size: 2291
batch 139, loss: 0.0000, instance_loss: 0.0000, weighted_loss: 0.0000, label: 1, bag_size: 2291
batch 159, loss: 0.0002, instance_loss: 0.0000, weighted_loss: 0.0002, label: 0, bag_size: 3583
batch 179, loss: 0.0000, instance_loss: 0.0000, weighted_loss: 0.0000, label: 0, bag_size: 3937
batch 199, loss: 0.0000, instance_loss: 0.0000, weighted_loss: 0.0000, label: 1, bag_size: 882
batch 219, loss: 0.0000, instance_loss: 0.0000, weighted_loss: 0.0000, label: 0, bag_size: 950
batch 239, loss: 0.0000, instance_loss: 0.0000, weighted_loss: 0.0000, label: 0, bag_size: 1728
batch 259, loss: 0.0000, instance_loss: 0.0000, weighted_loss: 0.0000, label: 1, bag_size: 3393
batch 279, loss: 0.0003, instance_loss: 0.0000, weighted_loss: 0.0002, label: 1, bag_size: 1293
batch 299, loss: 0.0003, instance_loss: 0.0000, weighted_loss: 0.0002, label: 0, bag_size: 3583
batch 319, loss: 0.0000, instance_loss: 0.0000, weighted_loss: 0.0000, label: 1, bag_size: 1138
batch 339, loss: 0.0000, instance_loss: 0.0000, weighted_loss: 0.0000, label: 0, bag_size: 1361
batch 359, loss: 0.0000, instance_loss: 0.0008, weighted_loss: 0.0003, label: 0, bag_size: 2881
batch 379, loss: 0.0000, instance_loss: 0.0000, weighted_loss: 0.0000, label: 1, bag_size: 1553
batch 399, loss: 0.0000, instance_loss: 0.0000, weighted_loss: 0.0000, label: 1, bag_size: 4133
batch 419, loss: 0.0003, instance_loss: 0.0000, weighted_loss: 0.0002, label: 1, bag_size: 940
batch 439, loss: 0.0000, instance_loss: 0.0000, weighted_loss: 0.0000, label: 1, bag_size: 3719
batch 459, loss: 0.0000, instance_loss: 0.0000, weighted_loss: 0.0000, label: 1, bag_size: 5140
batch 479, loss: 0.0000, instance_loss: 0.0000, weighted_loss: 0.0000, label: 0, bag_size: 1361
batch 499, loss: 0.0000, instance_loss: 0.0000, weighted_loss: 0.0000, label: 1, bag_size: 3649
batch 519, loss: 0.0000, instance_loss: 0.0000, weighted_loss: 0.0000, label: 1, bag_size: 3719
batch 539, loss: 0.0000, instance_loss: 0.0000, weighted_loss: 0.0000, label: 1, bag_size: 1284
batch 559, loss: 0.0000, instance_loss: 0.0000, weighted_loss: 0.0000, label: 1, bag_size: 1424
batch 579, loss: 0.0000, instance_loss: 0.0000, weighted_loss: 0.0000, label: 0, bag_size: 1296
batch 599, loss: 0.0000, instance_loss: 0.0000, weighted_loss: 0.0000, label: 1, bag_size: 3237
batch 619, loss: 0.0000, instance_loss: 0.0000, weighted_loss: 0.0000, label: 1, bag_size: 662
batch 639, loss: 0.0000, instance_loss: 0.0002, weighted_loss: 0.0001, label: 0, bag_size: 263
batch 659, loss: 0.0000, instance_loss: 0.0000, weighted_loss: 0.0000, label: 1, bag_size: 3756
batch 679, loss: 0.0000, instance_loss: 0.0000, weighted_loss: 0.0000, label: 0, bag_size: 662


class 0 clustering acc 1.0: correct 5592/5592
class 1 clustering acc 0.9994635193133047: correct 5589/5592
Epoch: 38, train_loss: 0.0000, train_clustering_loss:  0.0028, train_error: 0.0000
class 0: acc 1.0, correct 328/328
class 1: acc 1.0, correct 371/371

Val Set, val_loss: 0.6400, val_error: 0.0490, auc: 0.4270
class 0 clustering acc 0.9991258741258742: correct 1143/1144
class 1 clustering acc 1.0: correct 1144/1144
class 0: acc 0.9927007299270073, correct 136/137
class 1: acc 0.0, correct 0/6
EarlyStopping counter: 35 out of 20


batch 19, loss: 0.0000, instance_loss: 0.0000, weighted_loss: 0.0000, label: 1, bag_size: 1138
batch 39, loss: 0.0000, instance_loss: 0.0000, weighted_loss: 0.0000, label: 0, bag_size: 627
batch 59, loss: 0.0000, instance_loss: 0.0000, weighted_loss: 0.0000, label: 1, bag_size: 3237
batch 79, loss: 0.0000, instance_loss: 0.0000, weighted_loss: 0.0000, label: 0, bag_size: 277
batch 99, loss: 0.0000, instance_loss: 0.0000, weighted_loss: 0.0000, label: 1, bag_size: 3237
batch 119, loss: 0.0000, instance_loss: 0.0000, weighted_loss: 0.0000, label: 1, bag_size: 3656
batch 139, loss: 0.0000, instance_loss: 0.0000, weighted_loss: 0.0000, label: 1, bag_size: 2160
batch 159, loss: 0.0000, instance_loss: 0.0008, weighted_loss: 0.0003, label: 0, bag_size: 4697
batch 179, loss: 0.0000, instance_loss: 0.0000, weighted_loss: 0.0000, label: 1, bag_size: 3707
batch 199, loss: 0.0000, instance_loss: 0.0000, weighted_loss: 0.0000, label: 1, bag_size: 3719
batch 219, loss: 0.0002, instance_loss: 0.0000, weighted_loss: 0.0001, label: 1, bag_size: 940
batch 239, loss: 0.0000, instance_loss: 0.0000, weighted_loss: 0.0000, label: 0, bag_size: 712
batch 259, loss: 0.0000, instance_loss: 0.0000, weighted_loss: 0.0000, label: 1, bag_size: 1553
batch 279, loss: 0.0000, instance_loss: 0.0000, weighted_loss: 0.0000, label: 0, bag_size: 1422
batch 299, loss: 0.0000, instance_loss: 0.0000, weighted_loss: 0.0000, label: 1, bag_size: 2160
batch 319, loss: 0.0000, instance_loss: 0.0000, weighted_loss: 0.0000, label: 0, bag_size: 4512
batch 339, loss: 0.0000, instance_loss: 0.0000, weighted_loss: 0.0000, label: 1, bag_size: 1553
batch 359, loss: 0.0002, instance_loss: 0.0000, weighted_loss: 0.0002, label: 1, bag_size: 2620
batch 379, loss: 0.0000, instance_loss: 0.0000, weighted_loss: 0.0000, label: 0, bag_size: 416
batch 399, loss: 0.0000, instance_loss: 0.0000, weighted_loss: 0.0000, label: 1, bag_size: 4133
batch 419, loss: 0.0000, instance_loss: 0.0000, weighted_loss: 0.0000, label: 1, bag_size: 5455
batch 439, loss: 0.0000, instance_loss: 0.0000, weighted_loss: 0.0000, label: 1, bag_size: 3237
batch 459, loss: 0.0000, instance_loss: 0.0000, weighted_loss: 0.0000, label: 0, bag_size: 1299
batch 479, loss: 0.0011, instance_loss: 0.0000, weighted_loss: 0.0008, label: 0, bag_size: 4883
batch 499, loss: 0.0000, instance_loss: 0.0000, weighted_loss: 0.0000, label: 0, bag_size: 716
batch 519, loss: 0.0000, instance_loss: 0.0000, weighted_loss: 0.0000, label: 1, bag_size: 662
batch 539, loss: 0.0002, instance_loss: 0.0004, weighted_loss: 0.0002, label: 1, bag_size: 940
batch 559, loss: 0.0000, instance_loss: 0.0000, weighted_loss: 0.0000, label: 0, bag_size: 4697
batch 579, loss: 0.0000, instance_loss: 0.0000, weighted_loss: 0.0000, label: 1, bag_size: 1518
batch 599, loss: 0.0000, instance_loss: 0.0013, weighted_loss: 0.0004, label: 0, bag_size: 3578
batch 619, loss: 0.0000, instance_loss: 0.0000, weighted_loss: 0.0000, label: 0, bag_size: 753
batch 639, loss: 0.0000, instance_loss: 0.0000, weighted_loss: 0.0000, label: 1, bag_size: 1553
batch 659, loss: 0.0002, instance_loss: 0.0035, weighted_loss: 0.0012, label: 0, bag_size: 415
batch 679, loss: 0.0001, instance_loss: 0.0000, weighted_loss: 0.0001, label: 1, bag_size: 4100


class 0 clustering acc 0.9994635193133047: correct 5589/5592
class 1 clustering acc 0.9989270386266095: correct 5586/5592
Epoch: 39, train_loss: 0.0001, train_clustering_loss:  0.0047, train_error: 0.0000
class 0: acc 1.0, correct 341/341
class 1: acc 1.0, correct 358/358

Val Set, val_loss: 0.6963, val_error: 0.0490, auc: 0.4161
class 0 clustering acc 1.0: correct 1144/1144
class 1 clustering acc 1.0: correct 1144/1144
class 0: acc 0.9927007299270073, correct 136/137
class 1: acc 0.0, correct 0/6
EarlyStopping counter: 36 out of 20


batch 19, loss: 0.0000, instance_loss: 0.0000, weighted_loss: 0.0000, label: 0, bag_size: 1240
batch 39, loss: 0.0000, instance_loss: 0.0000, weighted_loss: 0.0000, label: 0, bag_size: 2555
batch 59, loss: 0.0000, instance_loss: 0.0000, weighted_loss: 0.0000, label: 1, bag_size: 2160
batch 79, loss: 0.0000, instance_loss: 0.0000, weighted_loss: 0.0000, label: 1, bag_size: 3656
batch 99, loss: 0.0000, instance_loss: 0.0000, weighted_loss: 0.0000, label: 0, bag_size: 5460
batch 119, loss: 0.0000, instance_loss: 0.0000, weighted_loss: 0.0000, label: 1, bag_size: 3656
batch 139, loss: 0.0001, instance_loss: 0.0000, weighted_loss: 0.0001, label: 0, bag_size: 619
batch 159, loss: 0.0000, instance_loss: 0.0000, weighted_loss: 0.0000, label: 0, bag_size: 1198
batch 179, loss: 0.0000, instance_loss: 0.0000, weighted_loss: 0.0000, label: 1, bag_size: 5140
batch 199, loss: 0.0000, instance_loss: 0.0000, weighted_loss: 0.0000, label: 0, bag_size: 3091
batch 219, loss: 0.0000, instance_loss: 0.0000, weighted_loss: 0.0000, label: 0, bag_size: 4033
batch 239, loss: 0.0000, instance_loss: 0.0000, weighted_loss: 0.0000, label: 0, bag_size: 461
batch 259, loss: 0.0000, instance_loss: 0.0000, weighted_loss: 0.0000, label: 1, bag_size: 652
batch 279, loss: 0.0000, instance_loss: 0.0000, weighted_loss: 0.0000, label: 1, bag_size: 662
batch 299, loss: 0.0000, instance_loss: 0.0000, weighted_loss: 0.0000, label: 1, bag_size: 1284
batch 319, loss: 0.0000, instance_loss: 0.0000, weighted_loss: 0.0000, label: 1, bag_size: 204
batch 339, loss: 0.0000, instance_loss: 0.0000, weighted_loss: 0.0000, label: 1, bag_size: 882
batch 359, loss: 0.0000, instance_loss: 0.0000, weighted_loss: 0.0000, label: 0, bag_size: 4460
batch 379, loss: 0.0000, instance_loss: 0.0000, weighted_loss: 0.0000, label: 1, bag_size: 3656
batch 399, loss: 0.0001, instance_loss: 0.0000, weighted_loss: 0.0000, label: 0, bag_size: 3583
batch 419, loss: 0.0003, instance_loss: 0.0000, weighted_loss: 0.0002, label: 1, bag_size: 5140
batch 439, loss: 0.0000, instance_loss: 0.0000, weighted_loss: 0.0000, label: 0, bag_size: 2162
batch 459, loss: 0.0000, instance_loss: 0.0000, weighted_loss: 0.0000, label: 1, bag_size: 2769
batch 479, loss: 0.0000, instance_loss: 0.0004, weighted_loss: 0.0001, label: 1, bag_size: 1284
batch 499, loss: 0.0000, instance_loss: 0.0000, weighted_loss: 0.0000, label: 0, bag_size: 593
batch 519, loss: 0.0000, instance_loss: 0.0080, weighted_loss: 0.0024, label: 0, bag_size: 1109
batch 539, loss: 0.0000, instance_loss: 0.0000, weighted_loss: 0.0000, label: 1, bag_size: 3756
batch 559, loss: 0.0000, instance_loss: 0.0000, weighted_loss: 0.0000, label: 1, bag_size: 3237
batch 579, loss: 0.0000, instance_loss: 0.0000, weighted_loss: 0.0000, label: 1, bag_size: 1424
batch 599, loss: 0.0001, instance_loss: 0.0000, weighted_loss: 0.0000, label: 1, bag_size: 5140
batch 619, loss: 0.0000, instance_loss: 0.0006, weighted_loss: 0.0002, label: 0, bag_size: 1270
batch 639, loss: 0.0000, instance_loss: 0.0000, weighted_loss: 0.0000, label: 1, bag_size: 1284
batch 659, loss: 0.0001, instance_loss: 0.0006, weighted_loss: 0.0002, label: 0, bag_size: 1389
batch 679, loss: 0.0000, instance_loss: 0.0168, weighted_loss: 0.0051, label: 0, bag_size: 1599


class 0 clustering acc 1.0: correct 5592/5592
class 1 clustering acc 1.0: correct 5592/5592
Epoch: 40, train_loss: 0.0000, train_clustering_loss:  0.0007, train_error: 0.0000
class 0: acc 1.0, correct 351/351
class 1: acc 1.0, correct 348/348

Val Set, val_loss: 0.6873, val_error: 0.0490, auc: 0.4282
class 0 clustering acc 1.0: correct 1144/1144
class 1 clustering acc 0.9973776223776224: correct 1141/1144
class 0: acc 0.9927007299270073, correct 136/137
class 1: acc 0.0, correct 0/6
EarlyStopping counter: 37 out of 20


batch 19, loss: 0.0000, instance_loss: 0.0000, weighted_loss: 0.0000, label: 1, bag_size: 3425
batch 39, loss: 0.0000, instance_loss: 0.0000, weighted_loss: 0.0000, label: 0, bag_size: 1243
batch 59, loss: 0.0000, instance_loss: 0.0000, weighted_loss: 0.0000, label: 1, bag_size: 3756
batch 79, loss: 0.0000, instance_loss: 0.0000, weighted_loss: 0.0000, label: 1, bag_size: 1284
batch 99, loss: 0.0000, instance_loss: 0.0016, weighted_loss: 0.0005, label: 1, bag_size: 656
batch 119, loss: 0.0000, instance_loss: 0.0000, weighted_loss: 0.0000, label: 1, bag_size: 3237
batch 139, loss: 0.0000, instance_loss: 0.0000, weighted_loss: 0.0000, label: 0, bag_size: 4251
batch 159, loss: 0.0000, instance_loss: 0.0000, weighted_loss: 0.0000, label: 0, bag_size: 1166
batch 179, loss: 0.0000, instance_loss: 0.0000, weighted_loss: 0.0000, label: 1, bag_size: 1117
batch 199, loss: 0.0002, instance_loss: 0.0000, weighted_loss: 0.0001, label: 0, bag_size: 1285
batch 219, loss: 0.0000, instance_loss: 0.0000, weighted_loss: 0.0000, label: 1, bag_size: 4201
batch 239, loss: 0.0000, instance_loss: 0.0000, weighted_loss: 0.0000, label: 0, bag_size: 1080
batch 259, loss: 0.0000, instance_loss: 0.0000, weighted_loss: 0.0000, label: 0, bag_size: 400
batch 279, loss: 0.0000, instance_loss: 0.0000, weighted_loss: 0.0000, label: 1, bag_size: 1284
batch 299, loss: 0.0000, instance_loss: 0.0000, weighted_loss: 0.0000, label: 1, bag_size: 4133
batch 319, loss: 0.0000, instance_loss: 0.0000, weighted_loss: 0.0000, label: 1, bag_size: 4045
batch 339, loss: 0.0000, instance_loss: 0.0000, weighted_loss: 0.0000, label: 1, bag_size: 662
batch 359, loss: 0.0000, instance_loss: 0.0000, weighted_loss: 0.0000, label: 1, bag_size: 3393
batch 379, loss: 0.0000, instance_loss: 0.0000, weighted_loss: 0.0000, label: 0, bag_size: 1666
batch 399, loss: 0.0000, instance_loss: 0.0000, weighted_loss: 0.0000, label: 0, bag_size: 1371
batch 419, loss: 0.0000, instance_loss: 0.0000, weighted_loss: 0.0000, label: 1, bag_size: 1518
batch 439, loss: 0.0000, instance_loss: 0.0002, weighted_loss: 0.0001, label: 0, bag_size: 1094
batch 459, loss: 0.0000, instance_loss: 0.0000, weighted_loss: 0.0000, label: 1, bag_size: 652
batch 479, loss: 0.0000, instance_loss: 0.0000, weighted_loss: 0.0000, label: 1, bag_size: 4022
batch 499, loss: 0.0000, instance_loss: 0.0003, weighted_loss: 0.0001, label: 0, bag_size: 312
batch 519, loss: 0.0000, instance_loss: 0.0000, weighted_loss: 0.0000, label: 0, bag_size: 1073
batch 539, loss: 0.0000, instance_loss: 0.0002, weighted_loss: 0.0001, label: 1, bag_size: 652
batch 559, loss: 0.0000, instance_loss: 0.0000, weighted_loss: 0.0000, label: 1, bag_size: 3649
batch 579, loss: 0.0000, instance_loss: 0.0000, weighted_loss: 0.0000, label: 0, bag_size: 413
batch 599, loss: 0.0000, instance_loss: 0.0000, weighted_loss: 0.0000, label: 1, bag_size: 1284
batch 619, loss: 0.0000, instance_loss: 0.0000, weighted_loss: 0.0000, label: 0, bag_size: 2542
batch 639, loss: 0.0006, instance_loss: 0.0000, weighted_loss: 0.0004, label: 1, bag_size: 5140
batch 659, loss: 0.0000, instance_loss: 0.0000, weighted_loss: 0.0000, label: 1, bag_size: 668
batch 679, loss: 0.0000, instance_loss: 0.0000, weighted_loss: 0.0000, label: 1, bag_size: 3425


class 0 clustering acc 0.9998211731044349: correct 5591/5592
class 1 clustering acc 0.9989270386266095: correct 5586/5592
Epoch: 41, train_loss: 0.0000, train_clustering_loss:  0.0044, train_error: 0.0000
class 0: acc 1.0, correct 347/347
class 1: acc 1.0, correct 352/352

Val Set, val_loss: 0.7220, val_error: 0.0490, auc: 0.4112
class 0 clustering acc 1.0: correct 1144/1144
class 1 clustering acc 0.9947552447552448: correct 1138/1144
class 0: acc 0.9927007299270073, correct 136/137
class 1: acc 0.0, correct 0/6
EarlyStopping counter: 38 out of 20


batch 19, loss: 0.0000, instance_loss: 0.0000, weighted_loss: 0.0000, label: 1, bag_size: 4201
batch 39, loss: 0.0000, instance_loss: 0.0020, weighted_loss: 0.0006, label: 0, bag_size: 3600
batch 59, loss: 0.0000, instance_loss: 0.0000, weighted_loss: 0.0000, label: 1, bag_size: 3707
batch 79, loss: 0.0000, instance_loss: 0.0000, weighted_loss: 0.0000, label: 1, bag_size: 3656
batch 99, loss: 0.0000, instance_loss: 0.0000, weighted_loss: 0.0000, label: 1, bag_size: 4180
batch 119, loss: 0.0000, instance_loss: 0.0000, weighted_loss: 0.0000, label: 0, bag_size: 1596
batch 139, loss: 0.0000, instance_loss: 0.0000, weighted_loss: 0.0000, label: 1, bag_size: 1518
batch 159, loss: 0.0000, instance_loss: 0.0000, weighted_loss: 0.0000, label: 1, bag_size: 662
batch 179, loss: 0.0000, instance_loss: 0.0000, weighted_loss: 0.0000, label: 1, bag_size: 3719
batch 199, loss: 0.0000, instance_loss: 0.0000, weighted_loss: 0.0000, label: 1, bag_size: 3756
batch 219, loss: 0.0000, instance_loss: 0.0000, weighted_loss: 0.0000, label: 1, bag_size: 3393
batch 239, loss: 0.0000, instance_loss: 0.0000, weighted_loss: 0.0000, label: 1, bag_size: 4100
batch 259, loss: 0.0000, instance_loss: 0.0000, weighted_loss: 0.0000, label: 1, bag_size: 5140
batch 279, loss: 0.0115, instance_loss: 0.0027, weighted_loss: 0.0088, label: 1, bag_size: 903
batch 299, loss: 0.0000, instance_loss: 0.0000, weighted_loss: 0.0000, label: 0, bag_size: 4262
batch 319, loss: 0.0000, instance_loss: 0.0000, weighted_loss: 0.0000, label: 0, bag_size: 3119
batch 339, loss: 0.0000, instance_loss: 0.0000, weighted_loss: 0.0000, label: 0, bag_size: 4113
batch 359, loss: 0.0000, instance_loss: 0.0000, weighted_loss: 0.0000, label: 1, bag_size: 882
batch 379, loss: 0.0000, instance_loss: 0.0000, weighted_loss: 0.0000, label: 1, bag_size: 1117
batch 399, loss: 0.0000, instance_loss: 0.0000, weighted_loss: 0.0000, label: 1, bag_size: 3613
batch 419, loss: 0.0000, instance_loss: 0.0000, weighted_loss: 0.0000, label: 1, bag_size: 4201
batch 439, loss: 0.0000, instance_loss: 0.0000, weighted_loss: 0.0000, label: 1, bag_size: 4180
batch 459, loss: 0.0000, instance_loss: 0.0000, weighted_loss: 0.0000, label: 1, bag_size: 3719
batch 479, loss: 0.0000, instance_loss: 0.0000, weighted_loss: 0.0000, label: 1, bag_size: 1293
batch 499, loss: 0.0000, instance_loss: 0.0000, weighted_loss: 0.0000, label: 0, bag_size: 929
batch 519, loss: 0.0000, instance_loss: 0.0000, weighted_loss: 0.0000, label: 0, bag_size: 686
batch 539, loss: 0.4542, instance_loss: 0.0000, weighted_loss: 0.3179, label: 1, bag_size: 2160
batch 559, loss: 0.0029, instance_loss: 0.0000, weighted_loss: 0.0020, label: 0, bag_size: 2459
batch 579, loss: 0.0000, instance_loss: 0.0000, weighted_loss: 0.0000, label: 1, bag_size: 652
batch 599, loss: 1.9381, instance_loss: 0.0000, weighted_loss: 1.3566, label: 0, bag_size: 4514
batch 619, loss: 0.0913, instance_loss: 0.0000, weighted_loss: 0.0639, label: 0, bag_size: 3645
batch 639, loss: 0.0032, instance_loss: 0.0011, weighted_loss: 0.0026, label: 0, bag_size: 4429
batch 659, loss: 0.0065, instance_loss: 0.0002, weighted_loss: 0.0046, label: 1, bag_size: 5140
batch 679, loss: 0.0270, instance_loss: 0.0000, weighted_loss: 0.0189, label: 1, bag_size: 4045


class 0 clustering acc 1.0: correct 5592/5592
class 1 clustering acc 0.9989270386266095: correct 5586/5592
Epoch: 42, train_loss: 0.1108, train_clustering_loss:  0.0032, train_error: 0.0272
class 0: acc 0.9707602339181286, correct 332/342
class 1: acc 0.9747899159663865, correct 348/357

Val Set, val_loss: 0.4926, val_error: 0.0839, auc: 0.5146
class 0 clustering acc 1.0: correct 1144/1144
class 1 clustering acc 0.9947552447552448: correct 1138/1144
class 0: acc 0.9562043795620438, correct 131/137
class 1: acc 0.0, correct 0/6
EarlyStopping counter: 39 out of 20


batch 19, loss: 0.0000, instance_loss: 0.0000, weighted_loss: 0.0000, label: 1, bag_size: 2160
batch 39, loss: 1.3004, instance_loss: 0.0000, weighted_loss: 0.9102, label: 1, bag_size: 2620
batch 59, loss: 0.0008, instance_loss: 0.0003, weighted_loss: 0.0007, label: 1, bag_size: 3613
batch 79, loss: 0.0043, instance_loss: 0.0000, weighted_loss: 0.0030, label: 0, bag_size: 842
batch 99, loss: 0.0432, instance_loss: 0.0000, weighted_loss: 0.0302, label: 0, bag_size: 3984
batch 119, loss: 0.0000, instance_loss: 0.0000, weighted_loss: 0.0000, label: 0, bag_size: 748
batch 139, loss: 0.0000, instance_loss: 0.0002, weighted_loss: 0.0001, label: 1, bag_size: 662
batch 159, loss: 0.0049, instance_loss: 0.0020, weighted_loss: 0.0040, label: 1, bag_size: 1293
batch 179, loss: 0.0001, instance_loss: 0.0000, weighted_loss: 0.0001, label: 0, bag_size: 5308
batch 199, loss: 0.0053, instance_loss: 0.0051, weighted_loss: 0.0053, label: 1, bag_size: 3613
batch 219, loss: 0.0000, instance_loss: 0.0000, weighted_loss: 0.0000, label: 1, bag_size: 652
batch 239, loss: 0.0000, instance_loss: 0.0000, weighted_loss: 0.0000, label: 1, bag_size: 652
batch 259, loss: 0.0000, instance_loss: 0.0000, weighted_loss: 0.0000, label: 0, bag_size: 1243
batch 279, loss: 0.0101, instance_loss: 0.0000, weighted_loss: 0.0071, label: 1, bag_size: 2769
batch 299, loss: 0.0144, instance_loss: 0.0000, weighted_loss: 0.0101, label: 1, bag_size: 3237
batch 319, loss: 0.0000, instance_loss: 0.0000, weighted_loss: 0.0000, label: 0, bag_size: 414
batch 339, loss: 0.0000, instance_loss: 0.0000, weighted_loss: 0.0000, label: 1, bag_size: 2160
batch 359, loss: 0.0332, instance_loss: 0.0000, weighted_loss: 0.0232, label: 0, bag_size: 4697
batch 379, loss: 0.0235, instance_loss: 0.0008, weighted_loss: 0.0167, label: 1, bag_size: 4045
batch 399, loss: 0.0137, instance_loss: 0.0034, weighted_loss: 0.0106, label: 0, bag_size: 327
batch 419, loss: 0.0000, instance_loss: 0.0000, weighted_loss: 0.0000, label: 0, bag_size: 659
batch 439, loss: 0.0422, instance_loss: 0.0000, weighted_loss: 0.0295, label: 0, bag_size: 3836
batch 459, loss: 0.0000, instance_loss: 0.0000, weighted_loss: 0.0000, label: 0, bag_size: 1361
batch 479, loss: 0.0014, instance_loss: 0.0000, weighted_loss: 0.0010, label: 1, bag_size: 940
batch 499, loss: 0.0127, instance_loss: 0.0068, weighted_loss: 0.0110, label: 1, bag_size: 1553
batch 519, loss: 0.0113, instance_loss: 0.0000, weighted_loss: 0.0079, label: 1, bag_size: 4133
batch 539, loss: 0.1029, instance_loss: 0.0000, weighted_loss: 0.0720, label: 0, bag_size: 5353
batch 559, loss: 0.0000, instance_loss: 0.0000, weighted_loss: 0.0000, label: 0, bag_size: 1592
batch 579, loss: 0.0086, instance_loss: 0.0000, weighted_loss: 0.0060, label: 1, bag_size: 3656
batch 599, loss: 0.0066, instance_loss: 0.0004, weighted_loss: 0.0048, label: 1, bag_size: 3707
batch 619, loss: 0.0001, instance_loss: 0.0000, weighted_loss: 0.0001, label: 0, bag_size: 911
batch 639, loss: 0.0000, instance_loss: 0.0003, weighted_loss: 0.0001, label: 1, bag_size: 903
batch 659, loss: 0.0041, instance_loss: 0.0000, weighted_loss: 0.0029, label: 1, bag_size: 3425
batch 679, loss: 0.0050, instance_loss: 0.0000, weighted_loss: 0.0035, label: 1, bag_size: 4322


class 0 clustering acc 1.0: correct 5592/5592
class 1 clustering acc 0.9994635193133047: correct 5589/5592
Epoch: 43, train_loss: 0.0583, train_clustering_loss:  0.0014, train_error: 0.0143
class 0: acc 0.9827586206896551, correct 342/348
class 1: acc 0.9886039886039886, correct 347/351

Val Set, val_loss: 0.5261, val_error: 0.0699, auc: 0.4282
class 0 clustering acc 1.0: correct 1144/1144
class 1 clustering acc 0.993006993006993: correct 1136/1144
class 0: acc 0.9708029197080292, correct 133/137
class 1: acc 0.0, correct 0/6
EarlyStopping counter: 40 out of 20


batch 19, loss: 0.0000, instance_loss: 0.0000, weighted_loss: 0.0000, label: 0, bag_size: 1050
batch 39, loss: 0.0233, instance_loss: 0.0000, weighted_loss: 0.0163, label: 0, bag_size: 926
batch 59, loss: 0.0007, instance_loss: 0.0000, weighted_loss: 0.0005, label: 0, bag_size: 3728
batch 79, loss: 0.0001, instance_loss: 0.0000, weighted_loss: 0.0001, label: 0, bag_size: 1596
batch 99, loss: 0.0000, instance_loss: 0.0000, weighted_loss: 0.0000, label: 0, bag_size: 791
batch 119, loss: 0.0001, instance_loss: 0.0000, weighted_loss: 0.0001, label: 0, bag_size: 2466
batch 139, loss: 0.0000, instance_loss: 0.0002, weighted_loss: 0.0001, label: 0, bag_size: 1371
batch 159, loss: 0.0000, instance_loss: 0.0000, weighted_loss: 0.0000, label: 0, bag_size: 248
batch 179, loss: 0.0000, instance_loss: 0.0000, weighted_loss: 0.0000, label: 0, bag_size: 869
batch 199, loss: 0.0000, instance_loss: 0.0000, weighted_loss: 0.0000, label: 1, bag_size: 1138
batch 219, loss: 0.0110, instance_loss: 0.0000, weighted_loss: 0.0077, label: 0, bag_size: 1223
batch 239, loss: 0.0000, instance_loss: 0.0000, weighted_loss: 0.0000, label: 0, bag_size: 287
batch 259, loss: 0.0000, instance_loss: 0.0000, weighted_loss: 0.0000, label: 0, bag_size: 797
batch 279, loss: 0.0001, instance_loss: 0.0000, weighted_loss: 0.0000, label: 0, bag_size: 2437
batch 299, loss: 0.0002, instance_loss: 0.0000, weighted_loss: 0.0002, label: 1, bag_size: 3756
batch 319, loss: 0.0004, instance_loss: 0.0000, weighted_loss: 0.0003, label: 0, bag_size: 911
batch 339, loss: 0.0003, instance_loss: 0.0000, weighted_loss: 0.0002, label: 0, bag_size: 3269
batch 359, loss: 0.0000, instance_loss: 0.0000, weighted_loss: 0.0000, label: 0, bag_size: 1455
batch 379, loss: 0.0033, instance_loss: 0.0000, weighted_loss: 0.0023, label: 0, bag_size: 509
batch 399, loss: 0.0010, instance_loss: 0.0000, weighted_loss: 0.0007, label: 1, bag_size: 3656
batch 419, loss: 0.0000, instance_loss: 0.0000, weighted_loss: 0.0000, label: 1, bag_size: 1138
batch 439, loss: 0.0001, instance_loss: 0.0000, weighted_loss: 0.0000, label: 1, bag_size: 5455
batch 459, loss: 0.0034, instance_loss: 0.0000, weighted_loss: 0.0023, label: 1, bag_size: 3237
batch 479, loss: 0.0000, instance_loss: 0.0000, weighted_loss: 0.0000, label: 0, bag_size: 2991
batch 499, loss: 0.0002, instance_loss: 0.0000, weighted_loss: 0.0001, label: 1, bag_size: 726
batch 519, loss: 0.0000, instance_loss: 0.0000, weighted_loss: 0.0000, label: 0, bag_size: 2184
batch 539, loss: 0.0000, instance_loss: 0.0000, weighted_loss: 0.0000, label: 0, bag_size: 670
batch 559, loss: 0.0000, instance_loss: 0.0000, weighted_loss: 0.0000, label: 0, bag_size: 950
batch 579, loss: 0.0001, instance_loss: 0.0000, weighted_loss: 0.0001, label: 1, bag_size: 1518
batch 599, loss: 0.0000, instance_loss: 0.0000, weighted_loss: 0.0000, label: 0, bag_size: 1481
batch 619, loss: 0.0002, instance_loss: 0.0006, weighted_loss: 0.0004, label: 0, bag_size: 2035
batch 639, loss: 0.0010, instance_loss: 0.0000, weighted_loss: 0.0007, label: 1, bag_size: 893
batch 659, loss: 0.0000, instance_loss: 0.0000, weighted_loss: 0.0000, label: 0, bag_size: 1357
batch 679, loss: 0.0001, instance_loss: 0.0000, weighted_loss: 0.0001, label: 1, bag_size: 204


class 0 clustering acc 1.0: correct 5592/5592
class 1 clustering acc 0.9994635193133047: correct 5589/5592
Epoch: 44, train_loss: 0.0039, train_clustering_loss:  0.0013, train_error: 0.0000
class 0: acc 1.0, correct 368/368
class 1: acc 1.0, correct 331/331

Val Set, val_loss: 0.6305, val_error: 0.0490, auc: 0.4063
class 0 clustering acc 1.0: correct 1144/1144
class 1 clustering acc 0.9982517482517482: correct 1142/1144
class 0: acc 0.9927007299270073, correct 136/137
class 1: acc 0.0, correct 0/6
EarlyStopping counter: 41 out of 20


batch 19, loss: 0.0000, instance_loss: 0.0000, weighted_loss: 0.0000, label: 0, bag_size: 1100
batch 39, loss: 0.0004, instance_loss: 0.0000, weighted_loss: 0.0003, label: 1, bag_size: 3649
batch 59, loss: 0.0000, instance_loss: 0.0000, weighted_loss: 0.0000, label: 0, bag_size: 849
batch 79, loss: 0.0000, instance_loss: 0.0000, weighted_loss: 0.0000, label: 0, bag_size: 2850
batch 99, loss: 0.0000, instance_loss: 0.0028, weighted_loss: 0.0008, label: 0, bag_size: 3600
batch 119, loss: 0.0266, instance_loss: 0.0000, weighted_loss: 0.0186, label: 0, bag_size: 4112
batch 139, loss: 0.0000, instance_loss: 0.0000, weighted_loss: 0.0000, label: 0, bag_size: 1666
batch 159, loss: 0.0006, instance_loss: 0.0004, weighted_loss: 0.0006, label: 0, bag_size: 4909
batch 179, loss: 0.0003, instance_loss: 0.0000, weighted_loss: 0.0002, label: 1, bag_size: 726
batch 199, loss: 0.0015, instance_loss: 0.0000, weighted_loss: 0.0011, label: 1, bag_size: 3425
batch 219, loss: 0.0000, instance_loss: 0.0000, weighted_loss: 0.0000, label: 0, bag_size: 1599
batch 239, loss: 0.0000, instance_loss: 0.0000, weighted_loss: 0.0000, label: 0, bag_size: 1082
batch 259, loss: 0.0003, instance_loss: 0.0000, weighted_loss: 0.0002, label: 1, bag_size: 3656
batch 279, loss: 0.0001, instance_loss: 0.0000, weighted_loss: 0.0000, label: 1, bag_size: 2620
batch 299, loss: 0.0000, instance_loss: 0.0000, weighted_loss: 0.0000, label: 0, bag_size: 1366
batch 319, loss: 0.0000, instance_loss: 0.0000, weighted_loss: 0.0000, label: 1, bag_size: 1518
batch 339, loss: 0.0022, instance_loss: 0.0000, weighted_loss: 0.0015, label: 1, bag_size: 3719
batch 359, loss: 0.0000, instance_loss: 0.0000, weighted_loss: 0.0000, label: 1, bag_size: 1553
batch 379, loss: 0.0001, instance_loss: 0.0008, weighted_loss: 0.0003, label: 0, bag_size: 2881
batch 399, loss: 0.0002, instance_loss: 0.0000, weighted_loss: 0.0001, label: 1, bag_size: 3237
batch 419, loss: 0.0000, instance_loss: 0.0000, weighted_loss: 0.0000, label: 0, bag_size: 1101
batch 439, loss: 0.0000, instance_loss: 0.0002, weighted_loss: 0.0001, label: 0, bag_size: 1693
batch 459, loss: 0.0000, instance_loss: 0.0000, weighted_loss: 0.0000, label: 0, bag_size: 491
batch 479, loss: 0.0001, instance_loss: 0.0000, weighted_loss: 0.0000, label: 1, bag_size: 204
batch 499, loss: 0.0000, instance_loss: 0.0000, weighted_loss: 0.0000, label: 1, bag_size: 5455
batch 519, loss: 0.0000, instance_loss: 0.0000, weighted_loss: 0.0000, label: 0, bag_size: 4519
batch 539, loss: 0.0000, instance_loss: 0.0000, weighted_loss: 0.0000, label: 0, bag_size: 6024
batch 559, loss: 0.0001, instance_loss: 0.0000, weighted_loss: 0.0001, label: 1, bag_size: 3237
batch 579, loss: 0.0000, instance_loss: 0.0000, weighted_loss: 0.0000, label: 0, bag_size: 779
batch 599, loss: 0.0000, instance_loss: 0.0000, weighted_loss: 0.0000, label: 0, bag_size: 378
batch 619, loss: 0.0003, instance_loss: 0.0000, weighted_loss: 0.0002, label: 0, bag_size: 433
batch 639, loss: 0.0001, instance_loss: 0.0000, weighted_loss: 0.0001, label: 0, bag_size: 4545
batch 659, loss: 0.0000, instance_loss: 0.0014, weighted_loss: 0.0004, label: 0, bag_size: 612
batch 679, loss: 0.0000, instance_loss: 0.0016, weighted_loss: 0.0005, label: 0, bag_size: 865


class 0 clustering acc 1.0: correct 5592/5592
class 1 clustering acc 0.9992846924177397: correct 5588/5592
Epoch: 45, train_loss: 0.0006, train_clustering_loss:  0.0031, train_error: 0.0000
class 0: acc 1.0, correct 338/338
class 1: acc 1.0, correct 361/361

Val Set, val_loss: 0.6388, val_error: 0.0559, auc: 0.4063
class 0 clustering acc 1.0: correct 1144/1144
class 1 clustering acc 0.9973776223776224: correct 1141/1144
class 0: acc 0.9854014598540146, correct 135/137
class 1: acc 0.0, correct 0/6
EarlyStopping counter: 42 out of 20


batch 19, loss: 0.0000, instance_loss: 0.0004, weighted_loss: 0.0001, label: 0, bag_size: 435
batch 39, loss: 0.0002, instance_loss: 0.0000, weighted_loss: 0.0002, label: 1, bag_size: 3237
batch 59, loss: 0.0002, instance_loss: 0.0000, weighted_loss: 0.0001, label: 1, bag_size: 3649
batch 79, loss: 0.0000, instance_loss: 0.0000, weighted_loss: 0.0000, label: 1, bag_size: 1553
batch 99, loss: 0.0003, instance_loss: 0.0000, weighted_loss: 0.0002, label: 0, bag_size: 816
batch 119, loss: 0.0004, instance_loss: 0.0000, weighted_loss: 0.0003, label: 1, bag_size: 3237
batch 139, loss: 0.0000, instance_loss: 0.0000, weighted_loss: 0.0000, label: 0, bag_size: 871
batch 159, loss: 0.0000, instance_loss: 0.0000, weighted_loss: 0.0000, label: 1, bag_size: 3613
batch 179, loss: 0.0001, instance_loss: 0.0000, weighted_loss: 0.0001, label: 1, bag_size: 5140
batch 199, loss: 0.0001, instance_loss: 0.0009, weighted_loss: 0.0003, label: 0, bag_size: 4316
batch 219, loss: 0.0005, instance_loss: 0.0000, weighted_loss: 0.0003, label: 1, bag_size: 4201
batch 239, loss: 0.0000, instance_loss: 0.0000, weighted_loss: 0.0000, label: 1, bag_size: 882
batch 259, loss: 0.0000, instance_loss: 0.0000, weighted_loss: 0.0000, label: 0, bag_size: 1364
batch 279, loss: 0.0002, instance_loss: 0.0013, weighted_loss: 0.0005, label: 0, bag_size: 1077
batch 299, loss: 0.0000, instance_loss: 0.0000, weighted_loss: 0.0000, label: 1, bag_size: 1138
batch 319, loss: 0.0006, instance_loss: 0.0000, weighted_loss: 0.0004, label: 1, bag_size: 3707
batch 339, loss: 0.0000, instance_loss: 0.0000, weighted_loss: 0.0000, label: 1, bag_size: 2160
batch 359, loss: 0.0000, instance_loss: 0.0003, weighted_loss: 0.0001, label: 0, bag_size: 1889
batch 379, loss: 0.0000, instance_loss: 0.0000, weighted_loss: 0.0000, label: 0, bag_size: 1018
batch 399, loss: 0.0000, instance_loss: 0.0000, weighted_loss: 0.0000, label: 0, bag_size: 1647
batch 419, loss: 0.0000, instance_loss: 0.0000, weighted_loss: 0.0000, label: 0, bag_size: 1969
batch 439, loss: 0.0000, instance_loss: 0.0009, weighted_loss: 0.0003, label: 0, bag_size: 422
batch 459, loss: 0.0000, instance_loss: 0.0158, weighted_loss: 0.0047, label: 0, bag_size: 4164
batch 479, loss: 0.0000, instance_loss: 0.0010, weighted_loss: 0.0003, label: 0, bag_size: 304
batch 499, loss: 0.0004, instance_loss: 0.0003, weighted_loss: 0.0004, label: 1, bag_size: 668
batch 519, loss: 0.0005, instance_loss: 0.0000, weighted_loss: 0.0003, label: 1, bag_size: 3656
batch 539, loss: 0.0001, instance_loss: 0.0000, weighted_loss: 0.0001, label: 1, bag_size: 3649
batch 559, loss: 0.0000, instance_loss: 0.0000, weighted_loss: 0.0000, label: 1, bag_size: 5455
batch 579, loss: 0.0001, instance_loss: 0.0000, weighted_loss: 0.0001, label: 1, bag_size: 3237
batch 599, loss: 0.0000, instance_loss: 0.0000, weighted_loss: 0.0000, label: 1, bag_size: 2620
batch 619, loss: 0.0000, instance_loss: 0.0149, weighted_loss: 0.0045, label: 1, bag_size: 903
batch 639, loss: 0.0003, instance_loss: 0.0000, weighted_loss: 0.0002, label: 1, bag_size: 1293
batch 659, loss: 0.0000, instance_loss: 0.0000, weighted_loss: 0.0000, label: 0, bag_size: 4786
batch 679, loss: 0.0000, instance_loss: 0.0005, weighted_loss: 0.0002, label: 0, bag_size: 645


class 0 clustering acc 0.9996423462088698: correct 5590/5592
class 1 clustering acc 0.9974964234620887: correct 5578/5592
Epoch: 46, train_loss: 0.0006, train_clustering_loss:  0.0132, train_error: 0.0000
class 0: acc 1.0, correct 364/364
class 1: acc 1.0, correct 335/335

Val Set, val_loss: 0.6631, val_error: 0.0490, auc: 0.4015
class 0 clustering acc 1.0: correct 1144/1144
class 1 clustering acc 0.9982517482517482: correct 1142/1144
class 0: acc 0.9927007299270073, correct 136/137
class 1: acc 0.0, correct 0/6
EarlyStopping counter: 43 out of 20


batch 19, loss: 0.0000, instance_loss: 0.0000, weighted_loss: 0.0000, label: 0, bag_size: 2672
batch 39, loss: 0.0000, instance_loss: 0.0015, weighted_loss: 0.0004, label: 0, bag_size: 702
batch 59, loss: 0.0000, instance_loss: 0.0000, weighted_loss: 0.0000, label: 0, bag_size: 487
batch 79, loss: 0.0002, instance_loss: 0.0000, weighted_loss: 0.0002, label: 1, bag_size: 668
batch 99, loss: 0.0004, instance_loss: 0.0002, weighted_loss: 0.0003, label: 1, bag_size: 4100
batch 119, loss: 0.0001, instance_loss: 0.0000, weighted_loss: 0.0001, label: 0, bag_size: 1185
batch 139, loss: 0.0009, instance_loss: 0.0000, weighted_loss: 0.0006, label: 1, bag_size: 940
batch 159, loss: 0.0000, instance_loss: 0.0043, weighted_loss: 0.0013, label: 0, bag_size: 2344
batch 179, loss: 0.0027, instance_loss: 0.0000, weighted_loss: 0.0019, label: 0, bag_size: 3379
batch 199, loss: 0.0000, instance_loss: 0.0019, weighted_loss: 0.0006, label: 0, bag_size: 996
batch 219, loss: 0.0001, instance_loss: 0.0000, weighted_loss: 0.0001, label: 1, bag_size: 3649
batch 239, loss: 0.0000, instance_loss: 0.0002, weighted_loss: 0.0001, label: 0, bag_size: 743
batch 259, loss: 0.0000, instance_loss: 0.0097, weighted_loss: 0.0029, label: 1, bag_size: 903
batch 279, loss: 0.0008, instance_loss: 0.0000, weighted_loss: 0.0005, label: 1, bag_size: 3707
batch 299, loss: 0.0000, instance_loss: 0.0010, weighted_loss: 0.0003, label: 0, bag_size: 769
batch 319, loss: 0.0000, instance_loss: 0.0000, weighted_loss: 0.0000, label: 0, bag_size: 718
batch 339, loss: 0.0001, instance_loss: 0.0000, weighted_loss: 0.0001, label: 1, bag_size: 3237
batch 359, loss: 0.0000, instance_loss: 0.0000, weighted_loss: 0.0000, label: 0, bag_size: 3265
batch 379, loss: 0.0000, instance_loss: 0.0000, weighted_loss: 0.0000, label: 1, bag_size: 2620
batch 399, loss: 0.0001, instance_loss: 0.0005, weighted_loss: 0.0002, label: 1, bag_size: 1117
batch 419, loss: 0.0000, instance_loss: 0.0000, weighted_loss: 0.0000, label: 0, bag_size: 1498
batch 439, loss: 0.0000, instance_loss: 0.0000, weighted_loss: 0.0000, label: 1, bag_size: 2620
batch 459, loss: 0.0000, instance_loss: 0.0000, weighted_loss: 0.0000, label: 0, bag_size: 645
batch 479, loss: 0.0000, instance_loss: 0.0000, weighted_loss: 0.0000, label: 0, bag_size: 3100
batch 499, loss: 0.0000, instance_loss: 0.0000, weighted_loss: 0.0000, label: 0, bag_size: 1643
batch 519, loss: 0.0000, instance_loss: 0.0000, weighted_loss: 0.0000, label: 0, bag_size: 4091
batch 539, loss: 0.0000, instance_loss: 0.0000, weighted_loss: 0.0000, label: 0, bag_size: 1166
batch 559, loss: 0.0000, instance_loss: 0.0000, weighted_loss: 0.0000, label: 0, bag_size: 907
batch 579, loss: 0.0016, instance_loss: 0.0000, weighted_loss: 0.0011, label: 1, bag_size: 1117
batch 599, loss: 0.0003, instance_loss: 0.0000, weighted_loss: 0.0002, label: 0, bag_size: 3506
batch 619, loss: 0.0000, instance_loss: 0.0000, weighted_loss: 0.0000, label: 1, bag_size: 1138
batch 639, loss: 0.0000, instance_loss: 0.0012, weighted_loss: 0.0004, label: 0, bag_size: 731
batch 659, loss: 0.0000, instance_loss: 0.0021, weighted_loss: 0.0006, label: 0, bag_size: 702
batch 679, loss: 0.0000, instance_loss: 0.0000, weighted_loss: 0.0000, label: 0, bag_size: 421


class 0 clustering acc 0.9998211731044349: correct 5591/5592
class 1 clustering acc 0.9996423462088698: correct 5590/5592
Epoch: 47, train_loss: 0.0003, train_clustering_loss:  0.0019, train_error: 0.0000
class 0: acc 1.0, correct 363/363
class 1: acc 1.0, correct 336/336

Val Set, val_loss: 0.6964, val_error: 0.0490, auc: 0.3990
class 0 clustering acc 1.0: correct 1144/1144
class 1 clustering acc 0.9956293706293706: correct 1139/1144
class 0: acc 0.9927007299270073, correct 136/137
class 1: acc 0.0, correct 0/6
EarlyStopping counter: 44 out of 20


batch 19, loss: 0.0000, instance_loss: 0.0000, weighted_loss: 0.0000, label: 0, bag_size: 4125
batch 39, loss: 0.0000, instance_loss: 0.0000, weighted_loss: 0.0000, label: 0, bag_size: 3097
batch 59, loss: 0.0000, instance_loss: 0.0000, weighted_loss: 0.0000, label: 0, bag_size: 3707
batch 79, loss: 0.0000, instance_loss: 0.0000, weighted_loss: 0.0000, label: 1, bag_size: 1553
batch 99, loss: 0.0013, instance_loss: 0.0000, weighted_loss: 0.0009, label: 1, bag_size: 940
batch 119, loss: 0.0000, instance_loss: 0.0000, weighted_loss: 0.0000, label: 0, bag_size: 1276
batch 139, loss: 0.0000, instance_loss: 0.3508, weighted_loss: 0.1052, label: 1, bag_size: 903
batch 159, loss: 0.0000, instance_loss: 0.0005, weighted_loss: 0.0002, label: 0, bag_size: 657
batch 179, loss: 0.0000, instance_loss: 0.1092, weighted_loss: 0.0327, label: 0, bag_size: 1068
batch 199, loss: 0.0000, instance_loss: 0.0000, weighted_loss: 0.0000, label: 0, bag_size: 5930
batch 219, loss: 0.0000, instance_loss: 0.0000, weighted_loss: 0.0000, label: 1, bag_size: 3656
batch 239, loss: 0.0000, instance_loss: 0.0000, weighted_loss: 0.0000, label: 0, bag_size: 2291
batch 259, loss: 0.0001, instance_loss: 0.0000, weighted_loss: 0.0001, label: 1, bag_size: 4045
batch 279, loss: 0.0000, instance_loss: 0.0000, weighted_loss: 0.0000, label: 1, bag_size: 656
batch 299, loss: 0.0000, instance_loss: 0.0000, weighted_loss: 0.0000, label: 0, bag_size: 776
batch 319, loss: 0.0000, instance_loss: 0.0000, weighted_loss: 0.0000, label: 1, bag_size: 1518
batch 339, loss: 0.0000, instance_loss: 0.0000, weighted_loss: 0.0000, label: 1, bag_size: 2160
batch 359, loss: 0.0000, instance_loss: 0.0000, weighted_loss: 0.0000, label: 0, bag_size: 413
batch 379, loss: 0.0001, instance_loss: 0.0000, weighted_loss: 0.0001, label: 1, bag_size: 1117
batch 399, loss: 0.0000, instance_loss: 0.0000, weighted_loss: 0.0000, label: 0, bag_size: 4556
batch 419, loss: 0.0000, instance_loss: 0.4252, weighted_loss: 0.1276, label: 0, bag_size: 415
batch 439, loss: 0.0000, instance_loss: 0.0000, weighted_loss: 0.0000, label: 0, bag_size: 891
batch 459, loss: 0.0000, instance_loss: 0.0000, weighted_loss: 0.0000, label: 1, bag_size: 652
batch 479, loss: 0.0002, instance_loss: 0.0000, weighted_loss: 0.0002, label: 1, bag_size: 893
batch 499, loss: 0.0000, instance_loss: 0.0000, weighted_loss: 0.0000, label: 1, bag_size: 913
batch 519, loss: 0.0002, instance_loss: 0.0000, weighted_loss: 0.0002, label: 1, bag_size: 940
batch 539, loss: 0.0000, instance_loss: 0.0000, weighted_loss: 0.0000, label: 1, bag_size: 662
batch 559, loss: 0.0000, instance_loss: 0.0000, weighted_loss: 0.0000, label: 1, bag_size: 1284
batch 579, loss: 0.0000, instance_loss: 0.0100, weighted_loss: 0.0030, label: 0, bag_size: 237
batch 599, loss: 0.0000, instance_loss: 0.0000, weighted_loss: 0.0000, label: 0, bag_size: 487
batch 619, loss: 0.0000, instance_loss: 0.0000, weighted_loss: 0.0000, label: 1, bag_size: 903
batch 639, loss: 0.0004, instance_loss: 0.0003, weighted_loss: 0.0004, label: 0, bag_size: 662
batch 659, loss: 0.0000, instance_loss: 0.0000, weighted_loss: 0.0000, label: 0, bag_size: 4779
batch 679, loss: 0.0000, instance_loss: 0.0000, weighted_loss: 0.0000, label: 1, bag_size: 4180


class 0 clustering acc 0.9994635193133047: correct 5589/5592
class 1 clustering acc 0.9987482117310443: correct 5585/5592
Epoch: 48, train_loss: 0.0001, train_clustering_loss:  0.0053, train_error: 0.0000
class 0: acc 1.0, correct 352/352
class 1: acc 1.0, correct 347/347

Val Set, val_loss: 0.7133, val_error: 0.0559, auc: 0.4015
class 0 clustering acc 1.0: correct 1144/1144
class 1 clustering acc 0.9956293706293706: correct 1139/1144
class 0: acc 0.9854014598540146, correct 135/137
class 1: acc 0.0, correct 0/6
EarlyStopping counter: 45 out of 20


batch 19, loss: 0.0001, instance_loss: 0.0000, weighted_loss: 0.0000, label: 1, bag_size: 204
batch 39, loss: 0.0000, instance_loss: 0.0000, weighted_loss: 0.0000, label: 0, bag_size: 1279
batch 59, loss: 0.0001, instance_loss: 0.0000, weighted_loss: 0.0001, label: 0, bag_size: 582
batch 79, loss: 0.0000, instance_loss: 0.0003, weighted_loss: 0.0001, label: 0, bag_size: 1203
batch 99, loss: 0.0000, instance_loss: 0.0000, weighted_loss: 0.0000, label: 1, bag_size: 1553
batch 119, loss: 0.0000, instance_loss: 0.0000, weighted_loss: 0.0000, label: 1, bag_size: 882
batch 139, loss: 0.0000, instance_loss: 0.0000, weighted_loss: 0.0000, label: 0, bag_size: 3707
batch 159, loss: 0.0002, instance_loss: 0.0086, weighted_loss: 0.0027, label: 0, bag_size: 681
batch 179, loss: 0.0000, instance_loss: 0.0000, weighted_loss: 0.0000, label: 1, bag_size: 2620
batch 199, loss: 0.0000, instance_loss: 0.0150, weighted_loss: 0.0045, label: 0, bag_size: 1330
batch 219, loss: 0.0000, instance_loss: 0.0000, weighted_loss: 0.0000, label: 0, bag_size: 575
batch 239, loss: 0.0000, instance_loss: 0.0000, weighted_loss: 0.0000, label: 1, bag_size: 882
batch 259, loss: 0.0000, instance_loss: 0.0003, weighted_loss: 0.0001, label: 0, bag_size: 310
batch 279, loss: 0.0000, instance_loss: 0.0000, weighted_loss: 0.0000, label: 0, bag_size: 785
batch 299, loss: 0.0000, instance_loss: 0.0000, weighted_loss: 0.0000, label: 1, bag_size: 4133
batch 319, loss: 0.0000, instance_loss: 0.0000, weighted_loss: 0.0000, label: 1, bag_size: 652
batch 339, loss: 0.0000, instance_loss: 0.0000, weighted_loss: 0.0000, label: 1, bag_size: 2620
batch 359, loss: 0.0000, instance_loss: 0.0000, weighted_loss: 0.0000, label: 1, bag_size: 662
batch 379, loss: 0.0000, instance_loss: 0.0757, weighted_loss: 0.0227, label: 1, bag_size: 903
batch 399, loss: 0.0000, instance_loss: 0.0000, weighted_loss: 0.0000, label: 1, bag_size: 1553
batch 419, loss: 0.0000, instance_loss: 0.0000, weighted_loss: 0.0000, label: 1, bag_size: 2160
batch 439, loss: 0.0000, instance_loss: 0.0000, weighted_loss: 0.0000, label: 0, bag_size: 2500
batch 459, loss: 0.0000, instance_loss: 0.0004, weighted_loss: 0.0001, label: 0, bag_size: 1677
batch 479, loss: 0.0000, instance_loss: 0.0000, weighted_loss: 0.0000, label: 0, bag_size: 413
batch 499, loss: 0.0001, instance_loss: 0.0000, weighted_loss: 0.0001, label: 1, bag_size: 3719
batch 519, loss: 0.0002, instance_loss: 0.0000, weighted_loss: 0.0002, label: 1, bag_size: 3393
batch 539, loss: 0.0001, instance_loss: 0.0000, weighted_loss: 0.0000, label: 0, bag_size: 3583
batch 559, loss: 0.0000, instance_loss: 0.0000, weighted_loss: 0.0000, label: 1, bag_size: 2160
batch 579, loss: 0.0000, instance_loss: 0.0000, weighted_loss: 0.0000, label: 0, bag_size: 4909
batch 599, loss: 0.0001, instance_loss: 0.0000, weighted_loss: 0.0001, label: 1, bag_size: 3719
batch 619, loss: 0.0000, instance_loss: 0.0000, weighted_loss: 0.0000, label: 0, bag_size: 348
batch 639, loss: 0.0000, instance_loss: 0.0000, weighted_loss: 0.0000, label: 0, bag_size: 388
batch 659, loss: 0.0000, instance_loss: 0.0000, weighted_loss: 0.0000, label: 1, bag_size: 2620
batch 679, loss: 0.0000, instance_loss: 0.0000, weighted_loss: 0.0000, label: 1, bag_size: 4022


class 0 clustering acc 1.0: correct 5592/5592
class 1 clustering acc 0.9998211731044349: correct 5591/5592
Epoch: 49, train_loss: 0.0001, train_clustering_loss:  0.0007, train_error: 0.0000
class 0: acc 1.0, correct 365/365
class 1: acc 1.0, correct 334/334

Val Set, val_loss: 0.7319, val_error: 0.0559, auc: 0.4039
class 0 clustering acc 1.0: correct 1144/1144
class 1 clustering acc 1.0: correct 1144/1144
class 0: acc 0.9854014598540146, correct 135/137
class 1: acc 0.0, correct 0/6
EarlyStopping counter: 46 out of 20


batch 19, loss: 0.0000, instance_loss: 0.0000, weighted_loss: 0.0000, label: 0, bag_size: 822
batch 39, loss: 0.0002, instance_loss: 0.0002, weighted_loss: 0.0002, label: 0, bag_size: 5083
batch 59, loss: 0.0000, instance_loss: 0.0000, weighted_loss: 0.0000, label: 0, bag_size: 346
batch 79, loss: 0.0000, instance_loss: 0.0000, weighted_loss: 0.0000, label: 1, bag_size: 5455
batch 99, loss: 0.0000, instance_loss: 0.0000, weighted_loss: 0.0000, label: 1, bag_size: 1553
batch 119, loss: 0.0001, instance_loss: 0.0000, weighted_loss: 0.0001, label: 1, bag_size: 3707
batch 139, loss: 0.0000, instance_loss: 0.0000, weighted_loss: 0.0000, label: 1, bag_size: 5455
batch 159, loss: 0.0000, instance_loss: 0.0000, weighted_loss: 0.0000, label: 0, bag_size: 2722
batch 179, loss: 0.0000, instance_loss: 0.0000, weighted_loss: 0.0000, label: 1, bag_size: 4022
batch 199, loss: 0.0000, instance_loss: 0.0000, weighted_loss: 0.0000, label: 0, bag_size: 3599
batch 219, loss: 0.0000, instance_loss: 0.0000, weighted_loss: 0.0000, label: 1, bag_size: 1424
batch 239, loss: 0.0000, instance_loss: 0.0000, weighted_loss: 0.0000, label: 1, bag_size: 4322
batch 259, loss: 0.0000, instance_loss: 0.0000, weighted_loss: 0.0000, label: 1, bag_size: 4322
batch 279, loss: 0.0000, instance_loss: 0.0120, weighted_loss: 0.0036, label: 1, bag_size: 903
batch 299, loss: 0.0000, instance_loss: 0.0000, weighted_loss: 0.0000, label: 1, bag_size: 3613
batch 319, loss: 0.0000, instance_loss: 0.0348, weighted_loss: 0.0104, label: 0, bag_size: 1092
batch 339, loss: 0.0000, instance_loss: 0.0000, weighted_loss: 0.0000, label: 0, bag_size: 787
batch 359, loss: 0.0000, instance_loss: 0.0000, weighted_loss: 0.0000, label: 1, bag_size: 2291
batch 379, loss: 0.0000, instance_loss: 0.0000, weighted_loss: 0.0000, label: 1, bag_size: 3613
batch 399, loss: 0.0000, instance_loss: 0.0000, weighted_loss: 0.0000, label: 1, bag_size: 4045
batch 419, loss: 0.0000, instance_loss: 0.0000, weighted_loss: 0.0000, label: 0, bag_size: 565
batch 439, loss: 0.0000, instance_loss: 0.0000, weighted_loss: 0.0000, label: 0, bag_size: 305
batch 459, loss: 0.0000, instance_loss: 0.0000, weighted_loss: 0.0000, label: 1, bag_size: 662
batch 479, loss: 0.0000, instance_loss: 0.0000, weighted_loss: 0.0000, label: 0, bag_size: 489
batch 499, loss: 0.0000, instance_loss: 0.0000, weighted_loss: 0.0000, label: 0, bag_size: 1158
batch 519, loss: 0.0001, instance_loss: 0.0000, weighted_loss: 0.0000, label: 1, bag_size: 4100
batch 539, loss: 0.0001, instance_loss: 0.0030, weighted_loss: 0.0010, label: 1, bag_size: 3707
batch 559, loss: 0.0000, instance_loss: 0.0000, weighted_loss: 0.0000, label: 1, bag_size: 1553
batch 579, loss: 0.0000, instance_loss: 0.0000, weighted_loss: 0.0000, label: 0, bag_size: 612
batch 599, loss: 0.0000, instance_loss: 0.0000, weighted_loss: 0.0000, label: 1, bag_size: 3719
batch 619, loss: 0.0000, instance_loss: 0.0000, weighted_loss: 0.0000, label: 0, bag_size: 5570
batch 639, loss: 0.0002, instance_loss: 0.0000, weighted_loss: 0.0001, label: 1, bag_size: 1293
batch 659, loss: 0.0000, instance_loss: 0.0000, weighted_loss: 0.0000, label: 1, bag_size: 1284
batch 679, loss: 0.0000, instance_loss: 0.0024, weighted_loss: 0.0007, label: 1, bag_size: 903


class 0 clustering acc 0.9994635193133047: correct 5589/5592
class 1 clustering acc 0.9983905579399142: correct 5583/5592
Epoch: 50, train_loss: 0.0001, train_clustering_loss:  0.0052, train_error: 0.0000
class 0: acc 1.0, correct 375/375
class 1: acc 1.0, correct 324/324

Val Set, val_loss: 0.7528, val_error: 0.0559, auc: 0.3978
class 0 clustering acc 1.0: correct 1144/1144
class 1 clustering acc 1.0: correct 1144/1144
class 0: acc 0.9854014598540146, correct 135/137
class 1: acc 0.0, correct 0/6
EarlyStopping counter: 47 out of 20


batch 19, loss: 0.0003, instance_loss: 0.0000, weighted_loss: 0.0002, label: 1, bag_size: 5140
batch 39, loss: 0.0000, instance_loss: 0.0000, weighted_loss: 0.0000, label: 0, bag_size: 4355
batch 59, loss: 0.0000, instance_loss: 0.0000, weighted_loss: 0.0000, label: 0, bag_size: 3919
batch 79, loss: 0.0000, instance_loss: 0.0000, weighted_loss: 0.0000, label: 0, bag_size: 1498
batch 99, loss: 0.0000, instance_loss: 0.0000, weighted_loss: 0.0000, label: 1, bag_size: 5140
batch 119, loss: 0.0001, instance_loss: 0.0000, weighted_loss: 0.0000, label: 1, bag_size: 1117
batch 139, loss: 0.0001, instance_loss: 0.0000, weighted_loss: 0.0001, label: 0, bag_size: 1666
batch 159, loss: 0.0000, instance_loss: 0.0000, weighted_loss: 0.0000, label: 0, bag_size: 2065
batch 179, loss: 0.0000, instance_loss: 0.0000, weighted_loss: 0.0000, label: 0, bag_size: 4033
batch 199, loss: 0.0001, instance_loss: 0.0000, weighted_loss: 0.0001, label: 1, bag_size: 3237
batch 219, loss: 0.0000, instance_loss: 0.0000, weighted_loss: 0.0000, label: 0, bag_size: 237
batch 239, loss: 0.0000, instance_loss: 0.0000, weighted_loss: 0.0000, label: 1, bag_size: 4201
batch 259, loss: 0.0000, instance_loss: 0.0000, weighted_loss: 0.0000, label: 0, bag_size: 2500
batch 279, loss: 0.0000, instance_loss: 0.0000, weighted_loss: 0.0000, label: 0, bag_size: 388
batch 299, loss: 0.0008, instance_loss: 0.0000, weighted_loss: 0.0005, label: 0, bag_size: 3527
batch 319, loss: 0.0000, instance_loss: 0.0000, weighted_loss: 0.0000, label: 0, bag_size: 1668
batch 339, loss: 0.0001, instance_loss: 0.0000, weighted_loss: 0.0000, label: 1, bag_size: 4201
batch 359, loss: 0.0000, instance_loss: 0.0000, weighted_loss: 0.0000, label: 1, bag_size: 2620
batch 379, loss: 0.0000, instance_loss: 0.0000, weighted_loss: 0.0000, label: 1, bag_size: 1518
batch 399, loss: 0.0001, instance_loss: 0.0008, weighted_loss: 0.0003, label: 1, bag_size: 1117
batch 419, loss: 0.0000, instance_loss: 0.0000, weighted_loss: 0.0000, label: 0, bag_size: 304
batch 439, loss: 0.0000, instance_loss: 0.0000, weighted_loss: 0.0000, label: 0, bag_size: 687
batch 459, loss: 0.0000, instance_loss: 0.0000, weighted_loss: 0.0000, label: 1, bag_size: 5455
batch 479, loss: 0.0000, instance_loss: 0.0000, weighted_loss: 0.0000, label: 1, bag_size: 1553
batch 499, loss: 0.0001, instance_loss: 0.0000, weighted_loss: 0.0001, label: 1, bag_size: 1424
batch 519, loss: 0.0000, instance_loss: 0.0000, weighted_loss: 0.0000, label: 0, bag_size: 2764
batch 539, loss: 0.0000, instance_loss: 0.0000, weighted_loss: 0.0000, label: 0, bag_size: 5091
batch 559, loss: 0.0000, instance_loss: 0.0000, weighted_loss: 0.0000, label: 1, bag_size: 1518
batch 579, loss: 0.0000, instance_loss: 0.0000, weighted_loss: 0.0000, label: 1, bag_size: 3756
batch 599, loss: 0.0000, instance_loss: 0.0000, weighted_loss: 0.0000, label: 1, bag_size: 2160
batch 619, loss: 0.0000, instance_loss: 0.0000, weighted_loss: 0.0000, label: 1, bag_size: 204
batch 639, loss: 0.0000, instance_loss: 0.0000, weighted_loss: 0.0000, label: 1, bag_size: 656
batch 659, loss: 0.0000, instance_loss: 0.0000, weighted_loss: 0.0000, label: 0, bag_size: 1143
batch 679, loss: 0.0000, instance_loss: 0.0000, weighted_loss: 0.0000, label: 1, bag_size: 1138


class 0 clustering acc 1.0: correct 5592/5592
class 1 clustering acc 0.9994635193133047: correct 5589/5592
Epoch: 51, train_loss: 0.0001, train_clustering_loss:  0.0016, train_error: 0.0000
class 0: acc 1.0, correct 328/328
class 1: acc 1.0, correct 371/371

Val Set, val_loss: 0.8032, val_error: 0.0559, auc: 0.4136
class 0 clustering acc 1.0: correct 1144/1144
class 1 clustering acc 1.0: correct 1144/1144
class 0: acc 0.9854014598540146, correct 135/137
class 1: acc 0.0, correct 0/6
EarlyStopping counter: 48 out of 20
Early stopping
Val error: 0.0490, ROC AUC: 0.5073
Test error: 0.1030, ROC AUC: 0.6452
class 0: acc 0.9478908188585607, correct 382/403
class 1: acc 0.041666666666666664, correct 1/24
finished!
end script
