
Load Dataset
label column: label
label dictionary: {0: 0, 1: 1}
number of classes: 2
slide-level counts:  
 label
1    396
0    873
Name: count, dtype: int64
Patient-LVL; Number of samples registered in class 0: 54
Slide-LVL; Number of samples registered in class 0: 873
Patient-LVL; Number of samples registered in class 1: 82
Slide-LVL; Number of samples registered in class 1: 396
split_dir:  splits/smc_cv_acr_0r_vs_1r2r3r
################# Settings ###################
num_splits:  3
k_start:  -1
k_end:  -1
task:  task_smc_acr_binary_0r_vs_1r2r3r
max_epochs:  200
results_dir:  ./results
lr:  0.0002
experiment:  smc_acr_0r_vs_rest_l1_0p50mpp_20x_uni2_clamsb_nested3
reg:  1e-05
label_frac:  1.0
bag_loss:  ce
seed:  1
model_type:  clam_sb
model_size:  small
use_drop_out:  0.25
weighted_sample:  True
opt:  adam
bag_weight:  0.7
inst_loss:  svm
B:  8
split_dir:  splits/smc_cv_acr_0r_vs_1r2r3r

Training Fold 0!

Init train/val/test splits... 
Done!
Training on 692 samples
Validating on 150 samples
Testing on 427 samples

Init loss function... Done!

Init Model... Setting tau to 1.0
Done!
CLAM_SB(
  (attention_net): Sequential(
    (0): Linear(in_features=1536, out_features=512, bias=True)
    (1): ReLU()
    (2): Dropout(p=0.25, inplace=False)
    (3): Attn_Net_Gated(
      (attention_a): Sequential(
        (0): Linear(in_features=512, out_features=256, bias=True)
        (1): Tanh()
        (2): Dropout(p=0.25, inplace=False)
      )
      (attention_b): Sequential(
        (0): Linear(in_features=512, out_features=256, bias=True)
        (1): Sigmoid()
        (2): Dropout(p=0.25, inplace=False)
      )
      (attention_c): Linear(in_features=256, out_features=1, bias=True)
    )
  )
  (classifiers): Linear(in_features=512, out_features=2, bias=True)
  (instance_classifiers): ModuleList(
    (0-1): 2 x Linear(in_features=512, out_features=2, bias=True)
  )
  (instance_loss_fn): SmoothTop1SVM()
)
Total number of parameters: 1052935
Total number of trainable parameters: 1052935

Init optimizer ... Done!

Init Loaders... Done!

Setup EarlyStopping... Done!


batch 19, loss: 1.0326, instance_loss: 1.2063, weighted_loss: 1.0847, label: 0, bag_size: 2672
batch 39, loss: 0.9543, instance_loss: 0.5618, weighted_loss: 0.8365, label: 1, bag_size: 1476
batch 59, loss: 1.3129, instance_loss: 0.3916, weighted_loss: 1.0365, label: 0, bag_size: 1424
batch 79, loss: 0.9830, instance_loss: 1.2276, weighted_loss: 1.0564, label: 0, bag_size: 4365
batch 99, loss: 0.6183, instance_loss: 0.1430, weighted_loss: 0.4757, label: 1, bag_size: 467
batch 119, loss: 0.6183, instance_loss: 0.0349, weighted_loss: 0.4433, label: 1, bag_size: 2191
batch 139, loss: 0.5282, instance_loss: 0.0826, weighted_loss: 0.3945, label: 1, bag_size: 837
batch 159, loss: 0.4097, instance_loss: 1.1138, weighted_loss: 0.6210, label: 1, bag_size: 559
batch 179, loss: 0.3468, instance_loss: 0.0487, weighted_loss: 0.2574, label: 1, bag_size: 2473
batch 199, loss: 0.7702, instance_loss: 0.0206, weighted_loss: 0.5453, label: 1, bag_size: 3126
batch 219, loss: 1.3749, instance_loss: 0.0218, weighted_loss: 0.9689, label: 0, bag_size: 1158
batch 239, loss: 0.6052, instance_loss: 0.0334, weighted_loss: 0.4337, label: 0, bag_size: 879
batch 259, loss: 0.4673, instance_loss: 0.0123, weighted_loss: 0.3308, label: 0, bag_size: 3715
batch 279, loss: 0.8257, instance_loss: 0.1342, weighted_loss: 0.6182, label: 0, bag_size: 4337
batch 299, loss: 0.7547, instance_loss: 0.0045, weighted_loss: 0.5296, label: 0, bag_size: 837
batch 319, loss: 0.5389, instance_loss: 0.0153, weighted_loss: 0.3818, label: 1, bag_size: 875
batch 339, loss: 0.6985, instance_loss: 0.0028, weighted_loss: 0.4898, label: 0, bag_size: 637
batch 359, loss: 0.6002, instance_loss: 0.0052, weighted_loss: 0.4217, label: 0, bag_size: 1098
batch 379, loss: 0.5682, instance_loss: 0.0028, weighted_loss: 0.3986, label: 0, bag_size: 2991
batch 399, loss: 0.2114, instance_loss: 0.0075, weighted_loss: 0.1502, label: 1, bag_size: 988
batch 419, loss: 0.3119, instance_loss: 0.0027, weighted_loss: 0.2191, label: 1, bag_size: 4181
batch 439, loss: 0.6047, instance_loss: 0.0084, weighted_loss: 0.4258, label: 1, bag_size: 969
batch 459, loss: 0.1928, instance_loss: 0.0011, weighted_loss: 0.1353, label: 0, bag_size: 3621
batch 479, loss: 0.9248, instance_loss: 0.2629, weighted_loss: 0.7262, label: 1, bag_size: 691
batch 499, loss: 0.8132, instance_loss: 0.0150, weighted_loss: 0.5737, label: 1, bag_size: 5140
batch 519, loss: 0.2914, instance_loss: 0.0020, weighted_loss: 0.2046, label: 0, bag_size: 897
batch 539, loss: 0.4695, instance_loss: 0.0068, weighted_loss: 0.3306, label: 0, bag_size: 4266
batch 559, loss: 0.5312, instance_loss: 0.0114, weighted_loss: 0.3752, label: 0, bag_size: 6403
batch 579, loss: 0.4076, instance_loss: 0.0053, weighted_loss: 0.2869, label: 1, bag_size: 3979
batch 599, loss: 0.5856, instance_loss: 0.0241, weighted_loss: 0.4171, label: 1, bag_size: 4787
batch 619, loss: 0.7638, instance_loss: 0.0075, weighted_loss: 0.5369, label: 0, bag_size: 4906
batch 639, loss: 0.8309, instance_loss: 0.0137, weighted_loss: 0.5857, label: 0, bag_size: 806
batch 659, loss: 0.6705, instance_loss: 0.0035, weighted_loss: 0.4704, label: 1, bag_size: 3483
batch 679, loss: 2.1458, instance_loss: 0.0065, weighted_loss: 1.5040, label: 0, bag_size: 539


class 0 clustering acc 0.9813945086705202: correct 5433/5536
class 1 clustering acc 0.9638728323699421: correct 5336/5536
Epoch: 0, train_loss: 0.6899, train_clustering_loss:  0.1361, train_error: 0.4133
class 0: acc 0.6470588235294118, correct 231/357
class 1: acc 0.5223880597014925, correct 175/335

Val Set, val_loss: 0.6469, val_error: 0.3333, auc: 0.4424
class 0 clustering acc 1.0: correct 1200/1200
class 1 clustering acc 1.0: correct 1200/1200
class 0: acc 0.8151260504201681, correct 97/119
class 1: acc 0.0967741935483871, correct 3/31
Validation loss decreased (inf --> 0.646940).  Saving model ...


batch 19, loss: 0.7360, instance_loss: 0.0043, weighted_loss: 0.5165, label: 1, bag_size: 1677
batch 39, loss: 0.5975, instance_loss: 0.0109, weighted_loss: 0.4215, label: 0, bag_size: 4157
batch 59, loss: 0.3897, instance_loss: 0.0034, weighted_loss: 0.2738, label: 0, bag_size: 697
batch 79, loss: 1.6768, instance_loss: 0.0004, weighted_loss: 1.1739, label: 0, bag_size: 6741
batch 99, loss: 0.4937, instance_loss: 0.0095, weighted_loss: 0.3484, label: 0, bag_size: 1296
batch 119, loss: 1.2854, instance_loss: 0.0019, weighted_loss: 0.9004, label: 0, bag_size: 1824
batch 139, loss: 0.4693, instance_loss: 0.0003, weighted_loss: 0.3286, label: 1, bag_size: 3656
batch 159, loss: 0.8509, instance_loss: 0.0036, weighted_loss: 0.5967, label: 0, bag_size: 1889
batch 179, loss: 0.6115, instance_loss: 0.0033, weighted_loss: 0.4290, label: 1, bag_size: 542
batch 199, loss: 0.7971, instance_loss: 0.0171, weighted_loss: 0.5631, label: 1, bag_size: 3932
batch 219, loss: 0.7838, instance_loss: 0.0002, weighted_loss: 0.5487, label: 1, bag_size: 2144
batch 239, loss: 0.4934, instance_loss: 0.0002, weighted_loss: 0.3455, label: 1, bag_size: 956
batch 259, loss: 1.1115, instance_loss: 0.0000, weighted_loss: 0.7781, label: 0, bag_size: 468
batch 279, loss: 0.4573, instance_loss: 0.0002, weighted_loss: 0.3201, label: 0, bag_size: 344
batch 299, loss: 0.9843, instance_loss: 0.0004, weighted_loss: 0.6891, label: 0, bag_size: 924
batch 319, loss: 1.2351, instance_loss: 0.0002, weighted_loss: 0.8647, label: 0, bag_size: 4045
batch 339, loss: 0.4418, instance_loss: 0.0006, weighted_loss: 0.3094, label: 1, bag_size: 1862
batch 359, loss: 1.2166, instance_loss: 0.0015, weighted_loss: 0.8521, label: 1, bag_size: 831
batch 379, loss: 0.4858, instance_loss: 0.0008, weighted_loss: 0.3403, label: 1, bag_size: 3505
batch 399, loss: 0.1921, instance_loss: 0.0008, weighted_loss: 0.1347, label: 0, bag_size: 2501
batch 419, loss: 0.6109, instance_loss: 0.0021, weighted_loss: 0.4282, label: 1, bag_size: 3325
batch 439, loss: 0.3225, instance_loss: 0.0013, weighted_loss: 0.2261, label: 1, bag_size: 3238
batch 459, loss: 0.5043, instance_loss: 0.0011, weighted_loss: 0.3534, label: 0, bag_size: 1832
batch 479, loss: 0.1754, instance_loss: 0.0010, weighted_loss: 0.1231, label: 0, bag_size: 4251
batch 499, loss: 0.7067, instance_loss: 0.0035, weighted_loss: 0.4957, label: 1, bag_size: 3379
batch 519, loss: 0.7935, instance_loss: 0.0000, weighted_loss: 0.5555, label: 0, bag_size: 783
batch 539, loss: 0.4962, instance_loss: 0.0064, weighted_loss: 0.3492, label: 0, bag_size: 598
batch 559, loss: 0.5603, instance_loss: 0.0018, weighted_loss: 0.3928, label: 1, bag_size: 4355
batch 579, loss: 0.4032, instance_loss: 0.0024, weighted_loss: 0.2830, label: 0, bag_size: 2553
batch 599, loss: 0.5593, instance_loss: 0.0006, weighted_loss: 0.3917, label: 0, bag_size: 3462
batch 619, loss: 1.0380, instance_loss: 0.0044, weighted_loss: 0.7280, label: 1, bag_size: 2612
batch 639, loss: 0.0101, instance_loss: 0.0035, weighted_loss: 0.0081, label: 1, bag_size: 2002
batch 659, loss: 1.2127, instance_loss: 0.0004, weighted_loss: 0.8490, label: 0, bag_size: 2537
batch 679, loss: 0.9578, instance_loss: 0.0085, weighted_loss: 0.6730, label: 1, bag_size: 2537


class 0 clustering acc 1.0: correct 5536/5536
class 1 clustering acc 1.0: correct 5536/5536
Epoch: 1, train_loss: 0.6268, train_clustering_loss:  0.0051, train_error: 0.3338
class 0: acc 0.6831395348837209, correct 235/344
class 1: acc 0.6494252873563219, correct 226/348

Val Set, val_loss: 0.6908, val_error: 0.4067, auc: 0.5289
class 0 clustering acc 1.0: correct 1200/1200
class 1 clustering acc 0.9983333333333333: correct 1198/1200
class 0: acc 0.6218487394957983, correct 74/119
class 1: acc 0.4838709677419355, correct 15/31
EarlyStopping counter: 1 out of 20


batch 19, loss: 0.3851, instance_loss: 0.0047, weighted_loss: 0.2710, label: 0, bag_size: 1279
batch 39, loss: 0.7985, instance_loss: 0.0616, weighted_loss: 0.5774, label: 0, bag_size: 1315
batch 59, loss: 0.5540, instance_loss: 0.0104, weighted_loss: 0.3909, label: 0, bag_size: 869
batch 79, loss: 0.5509, instance_loss: 0.0002, weighted_loss: 0.3857, label: 0, bag_size: 4815
batch 99, loss: 0.6528, instance_loss: 0.0009, weighted_loss: 0.4572, label: 0, bag_size: 2291
batch 119, loss: 0.5058, instance_loss: 0.0042, weighted_loss: 0.3553, label: 1, bag_size: 4164
batch 139, loss: 0.6404, instance_loss: 0.0005, weighted_loss: 0.4485, label: 1, bag_size: 1366
batch 159, loss: 0.3817, instance_loss: 0.0014, weighted_loss: 0.2676, label: 0, bag_size: 929
batch 179, loss: 0.4374, instance_loss: 0.0003, weighted_loss: 0.3063, label: 1, bag_size: 4355
batch 199, loss: 0.6779, instance_loss: 0.0067, weighted_loss: 0.4766, label: 0, bag_size: 1417
batch 219, loss: 0.6764, instance_loss: 0.0007, weighted_loss: 0.4737, label: 1, bag_size: 1068
batch 239, loss: 0.5408, instance_loss: 0.0159, weighted_loss: 0.3833, label: 1, bag_size: 1877
batch 259, loss: 0.3234, instance_loss: 0.0002, weighted_loss: 0.2264, label: 0, bag_size: 4316
batch 279, loss: 0.4379, instance_loss: 0.0000, weighted_loss: 0.3065, label: 1, bag_size: 4202
batch 299, loss: 0.6369, instance_loss: 0.0004, weighted_loss: 0.4459, label: 0, bag_size: 1236
batch 319, loss: 0.1299, instance_loss: 0.0002, weighted_loss: 0.0910, label: 1, bag_size: 2617
batch 339, loss: 0.7060, instance_loss: 0.0000, weighted_loss: 0.4942, label: 1, bag_size: 2221
batch 359, loss: 0.5987, instance_loss: 0.0011, weighted_loss: 0.4194, label: 1, bag_size: 711
batch 379, loss: 0.5523, instance_loss: 0.0011, weighted_loss: 0.3869, label: 1, bag_size: 1979
batch 399, loss: 0.1878, instance_loss: 0.0058, weighted_loss: 0.1332, label: 1, bag_size: 605
batch 419, loss: 0.5730, instance_loss: 0.0002, weighted_loss: 0.4012, label: 0, bag_size: 804
batch 439, loss: 0.7433, instance_loss: 0.0000, weighted_loss: 0.5203, label: 1, bag_size: 1021
batch 459, loss: 0.0359, instance_loss: 0.0142, weighted_loss: 0.0294, label: 0, bag_size: 299
batch 479, loss: 0.0001, instance_loss: 0.0004, weighted_loss: 0.0002, label: 1, bag_size: 705
batch 499, loss: 0.5154, instance_loss: 0.0134, weighted_loss: 0.3648, label: 1, bag_size: 565
batch 519, loss: 0.3085, instance_loss: 0.0013, weighted_loss: 0.2163, label: 0, bag_size: 3237
batch 539, loss: 1.4563, instance_loss: 0.0016, weighted_loss: 1.0199, label: 1, bag_size: 2071
batch 559, loss: 0.3644, instance_loss: 0.0049, weighted_loss: 0.2566, label: 1, bag_size: 5486
batch 579, loss: 0.9897, instance_loss: 0.0060, weighted_loss: 0.6946, label: 1, bag_size: 2454
batch 599, loss: 0.4676, instance_loss: 0.0008, weighted_loss: 0.3275, label: 0, bag_size: 4930
batch 619, loss: 1.0895, instance_loss: 0.0253, weighted_loss: 0.7702, label: 1, bag_size: 1486
batch 639, loss: 0.0108, instance_loss: 0.0000, weighted_loss: 0.0076, label: 1, bag_size: 3932
batch 659, loss: 0.0115, instance_loss: 0.0000, weighted_loss: 0.0081, label: 1, bag_size: 4181
batch 679, loss: 0.9396, instance_loss: 0.0000, weighted_loss: 0.6577, label: 1, bag_size: 1043


class 0 clustering acc 0.9958453757225434: correct 5513/5536
class 1 clustering acc 0.997471098265896: correct 5522/5536
Epoch: 2, train_loss: 0.5833, train_clustering_loss:  0.0252, train_error: 0.3208
class 0: acc 0.6918429003021148, correct 229/331
class 1: acc 0.667590027700831, correct 241/361

Val Set, val_loss: 0.7445, val_error: 0.3800, auc: 0.5140
class 0 clustering acc 1.0: correct 1200/1200
class 1 clustering acc 1.0: correct 1200/1200
class 0: acc 0.6890756302521008, correct 82/119
class 1: acc 0.3548387096774194, correct 11/31
EarlyStopping counter: 2 out of 20


batch 19, loss: 0.3456, instance_loss: 0.0036, weighted_loss: 0.2430, label: 0, bag_size: 727
batch 39, loss: 0.3360, instance_loss: 0.0008, weighted_loss: 0.2354, label: 0, bag_size: 1256
batch 59, loss: 0.0249, instance_loss: 0.0012, weighted_loss: 0.0178, label: 0, bag_size: 4324
batch 79, loss: 0.0950, instance_loss: 0.0016, weighted_loss: 0.0670, label: 0, bag_size: 664
batch 99, loss: 0.2037, instance_loss: 0.0037, weighted_loss: 0.1437, label: 1, bag_size: 4251
batch 119, loss: 0.0785, instance_loss: 0.0040, weighted_loss: 0.0561, label: 0, bag_size: 4316
batch 139, loss: 0.6372, instance_loss: 0.0003, weighted_loss: 0.4461, label: 0, bag_size: 666
batch 159, loss: 0.8741, instance_loss: 0.0072, weighted_loss: 0.6140, label: 1, bag_size: 711
batch 179, loss: 0.1414, instance_loss: 0.0060, weighted_loss: 0.1008, label: 0, bag_size: 2553
batch 199, loss: 0.9559, instance_loss: 0.0002, weighted_loss: 0.6692, label: 1, bag_size: 1312
batch 219, loss: 0.1048, instance_loss: 0.0079, weighted_loss: 0.0757, label: 0, bag_size: 396
batch 239, loss: 0.5408, instance_loss: 0.0002, weighted_loss: 0.3786, label: 0, bag_size: 687
batch 259, loss: 0.3106, instance_loss: 0.0930, weighted_loss: 0.2453, label: 0, bag_size: 478
batch 279, loss: 0.3111, instance_loss: 0.0034, weighted_loss: 0.2188, label: 0, bag_size: 853
batch 299, loss: 0.6341, instance_loss: 0.0030, weighted_loss: 0.4448, label: 1, bag_size: 1677
batch 319, loss: 1.1070, instance_loss: 0.0014, weighted_loss: 0.7754, label: 0, bag_size: 1518
batch 339, loss: 0.4886, instance_loss: 0.0020, weighted_loss: 0.3426, label: 0, bag_size: 1867
batch 359, loss: 0.1527, instance_loss: 0.0000, weighted_loss: 0.1069, label: 0, bag_size: 2065
batch 379, loss: 0.3806, instance_loss: 0.0012, weighted_loss: 0.2668, label: 1, bag_size: 3505
batch 399, loss: 1.2154, instance_loss: 0.0079, weighted_loss: 0.8531, label: 0, bag_size: 3507
batch 419, loss: 0.6677, instance_loss: 0.0002, weighted_loss: 0.4675, label: 0, bag_size: 1146
batch 439, loss: 0.8350, instance_loss: 0.0004, weighted_loss: 0.5846, label: 0, bag_size: 732
batch 459, loss: 0.4748, instance_loss: 0.0011, weighted_loss: 0.3327, label: 1, bag_size: 1077
batch 479, loss: 0.3898, instance_loss: 0.0028, weighted_loss: 0.2737, label: 1, bag_size: 5272
batch 499, loss: 1.0062, instance_loss: 0.0037, weighted_loss: 0.7054, label: 0, bag_size: 6341
batch 519, loss: 1.3018, instance_loss: 0.0076, weighted_loss: 0.9135, label: 0, bag_size: 4815
batch 539, loss: 1.0319, instance_loss: 0.0029, weighted_loss: 0.7232, label: 0, bag_size: 2722
batch 559, loss: 0.6111, instance_loss: 0.0009, weighted_loss: 0.4281, label: 1, bag_size: 1662
batch 579, loss: 0.5661, instance_loss: 0.0000, weighted_loss: 0.3963, label: 0, bag_size: 1083
batch 599, loss: 0.2211, instance_loss: 0.0020, weighted_loss: 0.1554, label: 1, bag_size: 5489
batch 619, loss: 0.7703, instance_loss: 0.0108, weighted_loss: 0.5425, label: 1, bag_size: 711
batch 639, loss: 0.1510, instance_loss: 0.0038, weighted_loss: 0.1069, label: 1, bag_size: 19728
batch 659, loss: 0.4880, instance_loss: 0.0048, weighted_loss: 0.3431, label: 1, bag_size: 3506
batch 679, loss: 0.5295, instance_loss: 0.0021, weighted_loss: 0.3713, label: 0, bag_size: 444


class 0 clustering acc 1.0: correct 5536/5536
class 1 clustering acc 0.9990968208092486: correct 5531/5536
Epoch: 3, train_loss: 0.5608, train_clustering_loss:  0.0043, train_error: 0.2746
class 0: acc 0.6987951807228916, correct 232/332
class 1: acc 0.75, correct 270/360

Val Set, val_loss: 0.7760, val_error: 0.4133, auc: 0.5001
class 0 clustering acc 1.0: correct 1200/1200
class 1 clustering acc 1.0: correct 1200/1200
class 0: acc 0.6554621848739496, correct 78/119
class 1: acc 0.3225806451612903, correct 10/31
EarlyStopping counter: 3 out of 20


batch 19, loss: 0.7263, instance_loss: 0.0013, weighted_loss: 0.5088, label: 0, bag_size: 4045
batch 39, loss: 0.4156, instance_loss: 0.0003, weighted_loss: 0.2910, label: 1, bag_size: 2184
batch 59, loss: 0.7283, instance_loss: 0.0005, weighted_loss: 0.5100, label: 1, bag_size: 1683
batch 79, loss: 0.2471, instance_loss: 0.0008, weighted_loss: 0.1732, label: 0, bag_size: 3059
batch 99, loss: 1.4390, instance_loss: 0.0007, weighted_loss: 1.0075, label: 0, bag_size: 1315
batch 119, loss: 0.0091, instance_loss: 0.0002, weighted_loss: 0.0065, label: 1, bag_size: 34683
batch 139, loss: 0.2812, instance_loss: 0.0097, weighted_loss: 0.1997, label: 0, bag_size: 918
batch 159, loss: 0.2176, instance_loss: 0.0000, weighted_loss: 0.1523, label: 0, bag_size: 3675
batch 179, loss: 0.6619, instance_loss: 0.0022, weighted_loss: 0.4640, label: 0, bag_size: 3269
batch 199, loss: 0.6956, instance_loss: 0.0006, weighted_loss: 0.4871, label: 0, bag_size: 1819
batch 219, loss: 0.0473, instance_loss: 0.0018, weighted_loss: 0.0337, label: 1, bag_size: 2002
batch 239, loss: 0.4633, instance_loss: 0.0016, weighted_loss: 0.3248, label: 0, bag_size: 2083
batch 259, loss: 0.1733, instance_loss: 0.0000, weighted_loss: 0.1213, label: 1, bag_size: 5489
batch 279, loss: 0.3729, instance_loss: 0.0030, weighted_loss: 0.2619, label: 0, bag_size: 491
batch 299, loss: 1.4582, instance_loss: 0.0040, weighted_loss: 1.0219, label: 1, bag_size: 1476
batch 319, loss: 0.8664, instance_loss: 0.0002, weighted_loss: 0.6066, label: 0, bag_size: 3925
batch 339, loss: 0.0215, instance_loss: 0.0273, weighted_loss: 0.0232, label: 0, bag_size: 437
batch 359, loss: 0.4569, instance_loss: 0.0000, weighted_loss: 0.3198, label: 1, bag_size: 6349
batch 379, loss: 0.8179, instance_loss: 0.0002, weighted_loss: 0.5726, label: 0, bag_size: 2532
batch 399, loss: 1.7855, instance_loss: 0.0018, weighted_loss: 1.2504, label: 1, bag_size: 2071
batch 419, loss: 0.1533, instance_loss: 0.0012, weighted_loss: 0.1077, label: 0, bag_size: 461
batch 439, loss: 0.9769, instance_loss: 0.0000, weighted_loss: 0.6838, label: 0, bag_size: 1768
batch 459, loss: 0.2980, instance_loss: 0.0000, weighted_loss: 0.2086, label: 0, bag_size: 671
batch 479, loss: 0.0131, instance_loss: 0.0000, weighted_loss: 0.0092, label: 1, bag_size: 3782
batch 499, loss: 0.5153, instance_loss: 0.0000, weighted_loss: 0.3607, label: 1, bag_size: 3912
batch 519, loss: 0.0740, instance_loss: 0.0002, weighted_loss: 0.0518, label: 0, bag_size: 3621
batch 539, loss: 0.3347, instance_loss: 0.0002, weighted_loss: 0.2344, label: 0, bag_size: 4461
batch 559, loss: 0.0500, instance_loss: 0.0004, weighted_loss: 0.0351, label: 0, bag_size: 4414
batch 579, loss: 0.5317, instance_loss: 0.0019, weighted_loss: 0.3728, label: 1, bag_size: 2637
batch 599, loss: 0.5703, instance_loss: 0.0021, weighted_loss: 0.3999, label: 0, bag_size: 992
batch 619, loss: 0.2653, instance_loss: 0.0000, weighted_loss: 0.1857, label: 0, bag_size: 963
batch 639, loss: 0.0152, instance_loss: 0.0173, weighted_loss: 0.0158, label: 0, bag_size: 299
batch 659, loss: 0.2416, instance_loss: 0.0108, weighted_loss: 0.1724, label: 1, bag_size: 2184
batch 679, loss: 1.3719, instance_loss: 0.0034, weighted_loss: 0.9614, label: 1, bag_size: 1862


class 0 clustering acc 1.0: correct 5536/5536
class 1 clustering acc 0.9994580924855492: correct 5533/5536
Epoch: 4, train_loss: 0.5060, train_clustering_loss:  0.0036, train_error: 0.2717
class 0: acc 0.7261904761904762, correct 244/336
class 1: acc 0.7303370786516854, correct 260/356

Val Set, val_loss: 0.7303, val_error: 0.3067, auc: 0.5552
class 0 clustering acc 1.0: correct 1200/1200
class 1 clustering acc 1.0: correct 1200/1200
class 0: acc 0.7983193277310925, correct 95/119
class 1: acc 0.2903225806451613, correct 9/31
EarlyStopping counter: 4 out of 20


batch 19, loss: 0.6417, instance_loss: 0.0049, weighted_loss: 0.4507, label: 0, bag_size: 4572
batch 39, loss: 0.1833, instance_loss: 0.0159, weighted_loss: 0.1331, label: 1, bag_size: 239
batch 59, loss: 0.4376, instance_loss: 0.0000, weighted_loss: 0.3063, label: 0, bag_size: 1361
batch 79, loss: 0.2054, instance_loss: 0.0010, weighted_loss: 0.1441, label: 1, bag_size: 4345
batch 99, loss: 0.4994, instance_loss: 0.0028, weighted_loss: 0.3504, label: 1, bag_size: 467
batch 119, loss: 0.5831, instance_loss: 0.0000, weighted_loss: 0.4082, label: 0, bag_size: 4324
batch 139, loss: 0.4170, instance_loss: 0.0013, weighted_loss: 0.2923, label: 1, bag_size: 3583
batch 159, loss: 0.4418, instance_loss: 0.0022, weighted_loss: 0.3099, label: 0, bag_size: 491
batch 179, loss: 0.0261, instance_loss: 0.0022, weighted_loss: 0.0190, label: 0, bag_size: 723
batch 199, loss: 0.5362, instance_loss: 0.0008, weighted_loss: 0.3756, label: 1, bag_size: 797
batch 219, loss: 0.3601, instance_loss: 0.0035, weighted_loss: 0.2531, label: 0, bag_size: 1361
batch 239, loss: 0.2111, instance_loss: 0.0013, weighted_loss: 0.1481, label: 0, bag_size: 3651
batch 259, loss: 0.8248, instance_loss: 0.0030, weighted_loss: 0.5783, label: 1, bag_size: 4202
batch 279, loss: 2.4688, instance_loss: 0.0012, weighted_loss: 1.7285, label: 1, bag_size: 2528
batch 299, loss: 0.2198, instance_loss: 0.0186, weighted_loss: 0.1595, label: 1, bag_size: 559
batch 319, loss: 1.4280, instance_loss: 0.0016, weighted_loss: 1.0001, label: 0, bag_size: 5019
batch 339, loss: 0.5777, instance_loss: 0.0023, weighted_loss: 0.4050, label: 1, bag_size: 3415
batch 359, loss: 0.1050, instance_loss: 0.0000, weighted_loss: 0.0735, label: 0, bag_size: 869
batch 379, loss: 0.4234, instance_loss: 0.0012, weighted_loss: 0.2967, label: 1, bag_size: 3045
batch 399, loss: 0.4437, instance_loss: 0.0011, weighted_loss: 0.3109, label: 0, bag_size: 2305
batch 419, loss: 0.3846, instance_loss: 0.0009, weighted_loss: 0.2695, label: 1, bag_size: 1771
batch 439, loss: 1.4470, instance_loss: 0.0012, weighted_loss: 1.0132, label: 1, bag_size: 1893
batch 459, loss: 0.1778, instance_loss: 0.0000, weighted_loss: 0.1244, label: 0, bag_size: 4448
batch 479, loss: 0.1304, instance_loss: 0.0031, weighted_loss: 0.0922, label: 0, bag_size: 1569
batch 499, loss: 0.4741, instance_loss: 0.0007, weighted_loss: 0.3321, label: 0, bag_size: 492
batch 519, loss: 0.0042, instance_loss: 0.0000, weighted_loss: 0.0029, label: 1, bag_size: 3379
batch 539, loss: 0.0977, instance_loss: 0.0000, weighted_loss: 0.0684, label: 1, bag_size: 1552
batch 559, loss: 0.7357, instance_loss: 0.0007, weighted_loss: 0.5152, label: 0, bag_size: 342
batch 579, loss: 0.5596, instance_loss: 0.0000, weighted_loss: 0.3917, label: 1, bag_size: 849
batch 599, loss: 0.4808, instance_loss: 0.0000, weighted_loss: 0.3366, label: 1, bag_size: 1055
batch 619, loss: 0.4137, instance_loss: 0.0000, weighted_loss: 0.2896, label: 0, bag_size: 3489
batch 639, loss: 0.9523, instance_loss: 0.0029, weighted_loss: 0.6675, label: 1, bag_size: 1662
batch 659, loss: 2.3815, instance_loss: 0.0002, weighted_loss: 1.6671, label: 0, bag_size: 4322
batch 679, loss: 1.8304, instance_loss: 0.0006, weighted_loss: 1.2814, label: 0, bag_size: 570


class 0 clustering acc 1.0: correct 5536/5536
class 1 clustering acc 0.9994580924855492: correct 5533/5536
Epoch: 5, train_loss: 0.4976, train_clustering_loss:  0.0044, train_error: 0.2558
class 0: acc 0.7223880597014926, correct 242/335
class 1: acc 0.7647058823529411, correct 273/357

Val Set, val_loss: 0.7552, val_error: 0.3267, auc: 0.5419
class 0 clustering acc 1.0: correct 1200/1200
class 1 clustering acc 0.9991666666666666: correct 1199/1200
class 0: acc 0.8067226890756303, correct 96/119
class 1: acc 0.16129032258064516, correct 5/31
EarlyStopping counter: 5 out of 20


batch 19, loss: 0.0762, instance_loss: 0.3860, weighted_loss: 0.1691, label: 0, bag_size: 509
batch 39, loss: 0.4978, instance_loss: 0.0070, weighted_loss: 0.3506, label: 0, bag_size: 1592
batch 59, loss: 1.0759, instance_loss: 0.0019, weighted_loss: 0.7537, label: 1, bag_size: 1198
batch 79, loss: 0.9507, instance_loss: 0.0023, weighted_loss: 0.6662, label: 1, bag_size: 2459
batch 99, loss: 0.0544, instance_loss: 0.0000, weighted_loss: 0.0381, label: 1, bag_size: 5460
batch 119, loss: 1.5756, instance_loss: 0.0063, weighted_loss: 1.1048, label: 0, bag_size: 1764
batch 139, loss: 0.0208, instance_loss: 0.0041, weighted_loss: 0.0158, label: 0, bag_size: 891
batch 159, loss: 0.8647, instance_loss: 0.0093, weighted_loss: 0.6081, label: 1, bag_size: 1309
batch 179, loss: 0.5583, instance_loss: 0.0186, weighted_loss: 0.3964, label: 1, bag_size: 2760
batch 199, loss: 1.0209, instance_loss: 0.0007, weighted_loss: 0.7148, label: 0, bag_size: 1098
batch 219, loss: 0.3269, instance_loss: 0.0005, weighted_loss: 0.2290, label: 1, bag_size: 3109
batch 239, loss: 1.5355, instance_loss: 0.0074, weighted_loss: 1.0771, label: 0, bag_size: 1009
batch 259, loss: 1.9054, instance_loss: 0.0015, weighted_loss: 1.3342, label: 0, bag_size: 2537
batch 279, loss: 0.1936, instance_loss: 0.0024, weighted_loss: 0.1363, label: 0, bag_size: 593
batch 299, loss: 0.0813, instance_loss: 0.0006, weighted_loss: 0.0571, label: 1, bag_size: 3546
batch 319, loss: 0.6811, instance_loss: 0.0032, weighted_loss: 0.4778, label: 1, bag_size: 3415
batch 339, loss: 0.0158, instance_loss: 0.0000, weighted_loss: 0.0111, label: 1, bag_size: 2881
batch 359, loss: 0.0019, instance_loss: 2.9762, weighted_loss: 0.8942, label: 0, bag_size: 225
batch 379, loss: 0.9459, instance_loss: 0.0002, weighted_loss: 0.6622, label: 1, bag_size: 3734
batch 399, loss: 0.1176, instance_loss: 0.0002, weighted_loss: 0.0824, label: 1, bag_size: 3308
batch 419, loss: 0.1047, instance_loss: 0.0004, weighted_loss: 0.0734, label: 0, bag_size: 3575
batch 439, loss: 0.0049, instance_loss: 0.0004, weighted_loss: 0.0035, label: 0, bag_size: 1181
batch 459, loss: 0.3987, instance_loss: 0.0156, weighted_loss: 0.2838, label: 0, bag_size: 1173
batch 479, loss: 0.2307, instance_loss: 0.0112, weighted_loss: 0.1649, label: 1, bag_size: 1100
batch 499, loss: 0.1055, instance_loss: 0.0003, weighted_loss: 0.0739, label: 0, bag_size: 3100
batch 519, loss: 0.4095, instance_loss: 0.0006, weighted_loss: 0.2868, label: 1, bag_size: 2733
batch 539, loss: 1.0137, instance_loss: 0.0143, weighted_loss: 0.7139, label: 0, bag_size: 1296
batch 559, loss: 0.0476, instance_loss: 0.0007, weighted_loss: 0.0335, label: 0, bag_size: 797
batch 579, loss: 0.9600, instance_loss: 0.0020, weighted_loss: 0.6726, label: 0, bag_size: 686
batch 599, loss: 0.3577, instance_loss: 0.0010, weighted_loss: 0.2507, label: 0, bag_size: 3575
batch 619, loss: 0.5142, instance_loss: 0.0017, weighted_loss: 0.3604, label: 0, bag_size: 607
batch 639, loss: 0.0925, instance_loss: 0.0004, weighted_loss: 0.0649, label: 0, bag_size: 3723
batch 659, loss: 0.4948, instance_loss: 0.0022, weighted_loss: 0.3471, label: 1, bag_size: 1092
batch 679, loss: 3.1721, instance_loss: 0.0006, weighted_loss: 2.2206, label: 1, bag_size: 1737


class 0 clustering acc 0.9998193641618497: correct 5535/5536
class 1 clustering acc 0.9978323699421965: correct 5524/5536
Epoch: 6, train_loss: 0.3954, train_clustering_loss:  0.0150, train_error: 0.1792
class 0: acc 0.8063583815028902, correct 279/346
class 1: acc 0.8352601156069365, correct 289/346

Val Set, val_loss: 0.8808, val_error: 0.3667, auc: 0.5655
class 0 clustering acc 1.0: correct 1200/1200
class 1 clustering acc 1.0: correct 1200/1200
class 0: acc 0.6890756302521008, correct 82/119
class 1: acc 0.41935483870967744, correct 13/31
EarlyStopping counter: 6 out of 20


batch 19, loss: 0.3671, instance_loss: 0.0044, weighted_loss: 0.2583, label: 0, bag_size: 856
batch 39, loss: 0.0351, instance_loss: 0.0010, weighted_loss: 0.0249, label: 1, bag_size: 837
batch 59, loss: 0.4994, instance_loss: 0.0142, weighted_loss: 0.3538, label: 1, bag_size: 1309
batch 79, loss: 0.2492, instance_loss: 0.0005, weighted_loss: 0.1746, label: 0, bag_size: 2609
batch 99, loss: 0.0267, instance_loss: 0.0000, weighted_loss: 0.0187, label: 1, bag_size: 1736
batch 119, loss: 1.6133, instance_loss: 0.0002, weighted_loss: 1.1293, label: 0, bag_size: 2537
batch 139, loss: 0.0077, instance_loss: 0.0000, weighted_loss: 0.0054, label: 1, bag_size: 5146
batch 159, loss: 0.0222, instance_loss: 0.0050, weighted_loss: 0.0170, label: 0, bag_size: 918
batch 179, loss: 0.1954, instance_loss: 0.0008, weighted_loss: 0.1370, label: 1, bag_size: 3238
batch 199, loss: 0.5655, instance_loss: 0.0000, weighted_loss: 0.3958, label: 0, bag_size: 3690
batch 219, loss: 0.0577, instance_loss: 0.0012, weighted_loss: 0.0408, label: 0, bag_size: 3100
batch 239, loss: 0.1070, instance_loss: 0.0010, weighted_loss: 0.0752, label: 1, bag_size: 4202
batch 259, loss: 0.0071, instance_loss: 0.0000, weighted_loss: 0.0049, label: 1, bag_size: 837
batch 279, loss: 0.8259, instance_loss: 0.0507, weighted_loss: 0.5934, label: 0, bag_size: 1218
batch 299, loss: 0.0213, instance_loss: 0.1410, weighted_loss: 0.0572, label: 0, bag_size: 723
batch 319, loss: 0.2417, instance_loss: 0.0292, weighted_loss: 0.1779, label: 0, bag_size: 1009
batch 339, loss: 0.8250, instance_loss: 0.0000, weighted_loss: 0.5775, label: 0, bag_size: 6741
batch 359, loss: 0.4488, instance_loss: 0.0124, weighted_loss: 0.3179, label: 1, bag_size: 1702
batch 379, loss: 0.2252, instance_loss: 0.0015, weighted_loss: 0.1581, label: 0, bag_size: 692
batch 399, loss: 0.0064, instance_loss: 0.0000, weighted_loss: 0.0045, label: 1, bag_size: 4787
batch 419, loss: 1.8109, instance_loss: 0.0008, weighted_loss: 1.2679, label: 0, bag_size: 2036
batch 439, loss: 0.0137, instance_loss: 0.0000, weighted_loss: 0.0096, label: 1, bag_size: 4593
batch 459, loss: 0.1550, instance_loss: 0.0010, weighted_loss: 0.1088, label: 1, bag_size: 4495
batch 479, loss: 0.8302, instance_loss: 0.0172, weighted_loss: 0.5863, label: 1, bag_size: 1293
batch 499, loss: 0.0819, instance_loss: 0.0015, weighted_loss: 0.0578, label: 0, bag_size: 1083
batch 519, loss: 0.0204, instance_loss: 0.0000, weighted_loss: 0.0143, label: 1, bag_size: 4593
batch 539, loss: 0.1143, instance_loss: 0.0000, weighted_loss: 0.0800, label: 1, bag_size: 1507
batch 559, loss: 0.0136, instance_loss: 0.1064, weighted_loss: 0.0414, label: 0, bag_size: 491
batch 579, loss: 0.7397, instance_loss: 0.0000, weighted_loss: 0.5178, label: 1, bag_size: 1110
batch 599, loss: 0.0004, instance_loss: 0.1869, weighted_loss: 0.0563, label: 0, bag_size: 733
batch 619, loss: 2.7753, instance_loss: 0.0000, weighted_loss: 1.9427, label: 0, bag_size: 4391
batch 639, loss: 0.0455, instance_loss: 0.0010, weighted_loss: 0.0321, label: 1, bag_size: 251
batch 659, loss: 0.8865, instance_loss: 0.0053, weighted_loss: 0.6221, label: 1, bag_size: 3506
batch 679, loss: 0.2421, instance_loss: 0.0003, weighted_loss: 0.1696, label: 1, bag_size: 945


class 0 clustering acc 0.9992774566473989: correct 5532/5536
class 1 clustering acc 0.9953034682080925: correct 5510/5536
Epoch: 7, train_loss: 0.3538, train_clustering_loss:  0.0240, train_error: 0.1460
class 0: acc 0.8272727272727273, correct 273/330
class 1: acc 0.8784530386740331, correct 318/362

Val Set, val_loss: 0.9393, val_error: 0.2933, auc: 0.5256
class 0 clustering acc 1.0: correct 1200/1200
class 1 clustering acc 0.9983333333333333: correct 1198/1200
class 0: acc 0.8487394957983193, correct 101/119
class 1: acc 0.16129032258064516, correct 5/31
EarlyStopping counter: 7 out of 20


batch 19, loss: 0.0019, instance_loss: 0.0027, weighted_loss: 0.0021, label: 1, bag_size: 1206
batch 39, loss: 0.0013, instance_loss: 0.0016, weighted_loss: 0.0014, label: 1, bag_size: 1206
batch 59, loss: 0.3064, instance_loss: 0.0006, weighted_loss: 0.2146, label: 1, bag_size: 1790
batch 79, loss: 0.2274, instance_loss: 0.0013, weighted_loss: 0.1596, label: 1, bag_size: 1737
batch 99, loss: 0.0058, instance_loss: 0.0000, weighted_loss: 0.0041, label: 1, bag_size: 926
batch 119, loss: 0.4971, instance_loss: 0.0007, weighted_loss: 0.3482, label: 1, bag_size: 590
batch 139, loss: 0.9282, instance_loss: 0.0003, weighted_loss: 0.6499, label: 1, bag_size: 3734
batch 159, loss: 0.1431, instance_loss: 0.0018, weighted_loss: 0.1007, label: 0, bag_size: 3489
batch 179, loss: 0.0513, instance_loss: 0.0009, weighted_loss: 0.0362, label: 1, bag_size: 918
batch 199, loss: 0.0369, instance_loss: 0.0003, weighted_loss: 0.0259, label: 1, bag_size: 1210
batch 219, loss: 2.0900, instance_loss: 0.0007, weighted_loss: 1.4632, label: 0, bag_size: 4889
batch 239, loss: 0.0249, instance_loss: 0.0000, weighted_loss: 0.0174, label: 0, bag_size: 4316
batch 259, loss: 0.0891, instance_loss: 0.0014, weighted_loss: 0.0628, label: 1, bag_size: 931
batch 279, loss: 0.1686, instance_loss: 0.0006, weighted_loss: 0.1182, label: 1, bag_size: 2733
batch 299, loss: 0.2623, instance_loss: 0.0061, weighted_loss: 0.1854, label: 0, bag_size: 1236
batch 319, loss: 0.0395, instance_loss: 0.0264, weighted_loss: 0.0356, label: 0, bag_size: 755
batch 339, loss: 0.0690, instance_loss: 0.0000, weighted_loss: 0.0483, label: 0, bag_size: 1219
batch 359, loss: 0.2322, instance_loss: 0.0025, weighted_loss: 0.1633, label: 0, bag_size: 4316
batch 379, loss: 0.3292, instance_loss: 0.0004, weighted_loss: 0.2306, label: 1, bag_size: 2454
batch 399, loss: 0.0201, instance_loss: 0.0009, weighted_loss: 0.0143, label: 1, bag_size: 2345
batch 419, loss: 0.0727, instance_loss: 0.0000, weighted_loss: 0.0509, label: 1, bag_size: 4251
batch 439, loss: 0.0737, instance_loss: 0.0008, weighted_loss: 0.0518, label: 1, bag_size: 945
batch 459, loss: 0.1124, instance_loss: 0.0000, weighted_loss: 0.0787, label: 1, bag_size: 1728
batch 479, loss: 0.0119, instance_loss: 0.0004, weighted_loss: 0.0084, label: 0, bag_size: 1411
batch 499, loss: 1.7103, instance_loss: 0.0083, weighted_loss: 1.1997, label: 0, bag_size: 2015
batch 519, loss: 0.0598, instance_loss: 0.0000, weighted_loss: 0.0418, label: 1, bag_size: 3325
batch 539, loss: 0.5389, instance_loss: 0.0188, weighted_loss: 0.3829, label: 1, bag_size: 955
batch 559, loss: 0.9422, instance_loss: 0.0062, weighted_loss: 0.6614, label: 0, bag_size: 893
batch 579, loss: 0.0095, instance_loss: 0.0124, weighted_loss: 0.0104, label: 0, bag_size: 955
batch 599, loss: 0.0000, instance_loss: 2.0913, weighted_loss: 0.6274, label: 0, bag_size: 420
batch 619, loss: 0.1110, instance_loss: 0.3319, weighted_loss: 0.1773, label: 1, bag_size: 467
batch 639, loss: 0.0351, instance_loss: 0.0165, weighted_loss: 0.0295, label: 0, bag_size: 248
batch 659, loss: 0.0004, instance_loss: 0.8733, weighted_loss: 0.2623, label: 0, bag_size: 429
batch 679, loss: 0.9948, instance_loss: 0.0104, weighted_loss: 0.6995, label: 1, bag_size: 1702


class 0 clustering acc 0.9989161849710982: correct 5530/5536
class 1 clustering acc 0.9962066473988439: correct 5515/5536
Epoch: 8, train_loss: 0.2841, train_clustering_loss:  0.0209, train_error: 0.1214
class 0: acc 0.8828337874659401, correct 324/367
class 1: acc 0.8738461538461538, correct 284/325

Val Set, val_loss: 1.0367, val_error: 0.3467, auc: 0.5178
class 0 clustering acc 1.0: correct 1200/1200
class 1 clustering acc 1.0: correct 1200/1200
class 0: acc 0.7563025210084033, correct 90/119
class 1: acc 0.25806451612903225, correct 8/31
EarlyStopping counter: 8 out of 20


batch 19, loss: 0.0257, instance_loss: 0.0000, weighted_loss: 0.0180, label: 1, bag_size: 837
batch 39, loss: 3.4522, instance_loss: 0.0000, weighted_loss: 2.4165, label: 0, bag_size: 5073
batch 59, loss: 0.0135, instance_loss: 0.0014, weighted_loss: 0.0099, label: 0, bag_size: 1569
batch 79, loss: 0.1091, instance_loss: 0.0013, weighted_loss: 0.0768, label: 1, bag_size: 4593
batch 99, loss: 1.6447, instance_loss: 0.0061, weighted_loss: 1.1531, label: 0, bag_size: 1364
batch 119, loss: 0.0281, instance_loss: 0.0000, weighted_loss: 0.0197, label: 1, bag_size: 2006
batch 139, loss: 0.0007, instance_loss: 0.0002, weighted_loss: 0.0006, label: 0, bag_size: 2317
batch 159, loss: 0.0061, instance_loss: 0.0015, weighted_loss: 0.0047, label: 0, bag_size: 1243
batch 179, loss: 0.0154, instance_loss: 0.0019, weighted_loss: 0.0113, label: 0, bag_size: 1074
batch 199, loss: 0.1277, instance_loss: 0.0005, weighted_loss: 0.0895, label: 1, bag_size: 1979
batch 219, loss: 0.2771, instance_loss: 0.0568, weighted_loss: 0.2110, label: 1, bag_size: 565
batch 239, loss: 0.0146, instance_loss: 0.0002, weighted_loss: 0.0103, label: 1, bag_size: 926
batch 259, loss: 0.2732, instance_loss: 0.0019, weighted_loss: 0.1918, label: 1, bag_size: 911
batch 279, loss: 0.0251, instance_loss: 0.0000, weighted_loss: 0.0175, label: 0, bag_size: 4519
batch 299, loss: 0.0220, instance_loss: 0.0004, weighted_loss: 0.0155, label: 1, bag_size: 1596
batch 319, loss: 0.0370, instance_loss: 0.0238, weighted_loss: 0.0331, label: 0, bag_size: 1764
batch 339, loss: 1.8570, instance_loss: 0.0000, weighted_loss: 1.2999, label: 1, bag_size: 4417
batch 359, loss: 0.0603, instance_loss: 0.0004, weighted_loss: 0.0423, label: 0, bag_size: 5364
batch 379, loss: 0.1297, instance_loss: 0.0047, weighted_loss: 0.0922, label: 1, bag_size: 955
batch 399, loss: 0.0385, instance_loss: 0.0000, weighted_loss: 0.0269, label: 0, bag_size: 6741
batch 419, loss: 0.0160, instance_loss: 0.0000, weighted_loss: 0.0112, label: 1, bag_size: 3126
batch 439, loss: 2.9430, instance_loss: 0.0004, weighted_loss: 2.0602, label: 0, bag_size: 675
batch 459, loss: 0.2209, instance_loss: 0.0042, weighted_loss: 0.1559, label: 0, bag_size: 344
batch 479, loss: 0.0005, instance_loss: 0.0000, weighted_loss: 0.0004, label: 0, bag_size: 4262
batch 499, loss: 0.8131, instance_loss: 0.0000, weighted_loss: 0.5692, label: 1, bag_size: 4512
batch 519, loss: 0.0118, instance_loss: 0.0000, weighted_loss: 0.0082, label: 1, bag_size: 4181
batch 539, loss: 0.6060, instance_loss: 0.0003, weighted_loss: 0.4243, label: 1, bag_size: 1147
batch 559, loss: 0.0038, instance_loss: 0.0000, weighted_loss: 0.0027, label: 1, bag_size: 2221
batch 579, loss: 0.0002, instance_loss: 0.0022, weighted_loss: 0.0008, label: 0, bag_size: 727
batch 599, loss: 0.0001, instance_loss: 1.2757, weighted_loss: 0.3828, label: 0, bag_size: 225
batch 619, loss: 0.0950, instance_loss: 0.0295, weighted_loss: 0.0754, label: 0, bag_size: 491
batch 639, loss: 0.1340, instance_loss: 0.0002, weighted_loss: 0.0939, label: 0, bag_size: 6381
batch 659, loss: 0.0154, instance_loss: 0.0000, weighted_loss: 0.0108, label: 1, bag_size: 3546
batch 679, loss: 0.0179, instance_loss: 0.0000, weighted_loss: 0.0125, label: 1, bag_size: 4623


class 0 clustering acc 0.9981936416184971: correct 5526/5536
class 1 clustering acc 0.9954841040462428: correct 5511/5536
Epoch: 9, train_loss: 0.2048, train_clustering_loss:  0.0281, train_error: 0.0809
class 0: acc 0.8968481375358166, correct 313/349
class 1: acc 0.9416909620991254, correct 323/343

Val Set, val_loss: 1.2566, val_error: 0.3600, auc: 0.4953
class 0 clustering acc 0.995: correct 1194/1200
class 1 clustering acc 0.9975: correct 1197/1200
class 0: acc 0.7226890756302521, correct 86/119
class 1: acc 0.3225806451612903, correct 10/31
EarlyStopping counter: 9 out of 20


batch 19, loss: 0.0539, instance_loss: 0.0014, weighted_loss: 0.0381, label: 1, bag_size: 723
batch 39, loss: 0.0831, instance_loss: 0.0297, weighted_loss: 0.0671, label: 0, bag_size: 724
batch 59, loss: 0.0208, instance_loss: 0.0024, weighted_loss: 0.0153, label: 0, bag_size: 2629
batch 79, loss: 0.0341, instance_loss: 0.0009, weighted_loss: 0.0241, label: 1, bag_size: 1366
batch 99, loss: 0.1021, instance_loss: 0.0006, weighted_loss: 0.0717, label: 1, bag_size: 5502
batch 119, loss: 0.0330, instance_loss: 0.0046, weighted_loss: 0.0245, label: 1, bag_size: 509
batch 139, loss: 0.0022, instance_loss: 0.0005, weighted_loss: 0.0017, label: 0, bag_size: 4252
batch 159, loss: 0.0020, instance_loss: 0.0144, weighted_loss: 0.0057, label: 0, bag_size: 732
batch 179, loss: 0.0328, instance_loss: 0.0005, weighted_loss: 0.0231, label: 1, bag_size: 3613
batch 199, loss: 0.0272, instance_loss: 0.0016, weighted_loss: 0.0195, label: 0, bag_size: 4201
batch 219, loss: 0.0280, instance_loss: 0.0000, weighted_loss: 0.0196, label: 1, bag_size: 4764
batch 239, loss: 0.0539, instance_loss: 0.0174, weighted_loss: 0.0430, label: 0, bag_size: 2991
batch 259, loss: 0.2829, instance_loss: 0.0019, weighted_loss: 0.1986, label: 1, bag_size: 3889
batch 279, loss: 0.0140, instance_loss: 0.0113, weighted_loss: 0.0132, label: 0, bag_size: 748
batch 299, loss: 0.0439, instance_loss: 0.0010, weighted_loss: 0.0310, label: 0, bag_size: 1206
batch 319, loss: 0.0889, instance_loss: 0.0123, weighted_loss: 0.0659, label: 1, bag_size: 1169
batch 339, loss: 0.0135, instance_loss: 0.0000, weighted_loss: 0.0094, label: 1, bag_size: 2385
batch 359, loss: 0.0211, instance_loss: 0.0085, weighted_loss: 0.0173, label: 0, bag_size: 666
batch 379, loss: 0.0051, instance_loss: 0.0000, weighted_loss: 0.0035, label: 1, bag_size: 2881
batch 399, loss: 2.2248, instance_loss: 0.0079, weighted_loss: 1.5597, label: 0, bag_size: 637
batch 419, loss: 0.0072, instance_loss: 0.0060, weighted_loss: 0.0069, label: 0, bag_size: 1165
batch 439, loss: 0.0025, instance_loss: 0.0159, weighted_loss: 0.0065, label: 1, bag_size: 831
batch 459, loss: 0.0009, instance_loss: 0.0078, weighted_loss: 0.0030, label: 0, bag_size: 711
batch 479, loss: 0.1185, instance_loss: 0.0002, weighted_loss: 0.0830, label: 1, bag_size: 1728
batch 499, loss: 0.0380, instance_loss: 0.0004, weighted_loss: 0.0267, label: 1, bag_size: 1077
batch 519, loss: 0.7917, instance_loss: 0.0000, weighted_loss: 0.5542, label: 1, bag_size: 2454
batch 539, loss: 0.0313, instance_loss: 0.0115, weighted_loss: 0.0253, label: 1, bag_size: 1790
batch 559, loss: 0.0080, instance_loss: 0.0000, weighted_loss: 0.0056, label: 1, bag_size: 2385
batch 579, loss: 0.0386, instance_loss: 0.0004, weighted_loss: 0.0271, label: 1, bag_size: 1476
batch 599, loss: 0.0258, instance_loss: 0.0004, weighted_loss: 0.0182, label: 0, bag_size: 817
batch 619, loss: 0.0074, instance_loss: 0.0018, weighted_loss: 0.0057, label: 0, bag_size: 1584
batch 639, loss: 0.0247, instance_loss: 0.0021, weighted_loss: 0.0179, label: 1, bag_size: 1285
batch 659, loss: 0.0124, instance_loss: 0.0005, weighted_loss: 0.0088, label: 1, bag_size: 2071
batch 679, loss: 0.0447, instance_loss: 0.0007, weighted_loss: 0.0315, label: 1, bag_size: 1503


class 0 clustering acc 0.9987355491329479: correct 5529/5536
class 1 clustering acc 0.9909682080924855: correct 5486/5536
Epoch: 10, train_loss: 0.1865, train_clustering_loss:  0.0323, train_error: 0.0607
class 0: acc 0.9195046439628483, correct 297/323
class 1: acc 0.9566395663956639, correct 353/369

Val Set, val_loss: 1.3121, val_error: 0.3133, auc: 0.4719
class 0 clustering acc 0.9933333333333333: correct 1192/1200
class 1 clustering acc 0.9983333333333333: correct 1198/1200
class 0: acc 0.8067226890756303, correct 96/119
class 1: acc 0.22580645161290322, correct 7/31
EarlyStopping counter: 10 out of 20


batch 19, loss: 0.3325, instance_loss: 0.0003, weighted_loss: 0.2328, label: 1, bag_size: 1702
batch 39, loss: 0.0098, instance_loss: 0.0005, weighted_loss: 0.0070, label: 0, bag_size: 3884
batch 59, loss: 0.0116, instance_loss: 0.0039, weighted_loss: 0.0093, label: 0, bag_size: 4230
batch 79, loss: 0.0542, instance_loss: 0.0002, weighted_loss: 0.0380, label: 1, bag_size: 4593
batch 99, loss: 0.0008, instance_loss: 0.0022, weighted_loss: 0.0012, label: 0, bag_size: 2555
batch 119, loss: 0.7879, instance_loss: 0.0121, weighted_loss: 0.5551, label: 0, bag_size: 832
batch 139, loss: 0.9391, instance_loss: 0.0254, weighted_loss: 0.6650, label: 0, bag_size: 1074
batch 159, loss: 3.1692, instance_loss: 0.0004, weighted_loss: 2.2185, label: 1, bag_size: 2032
batch 179, loss: 0.0102, instance_loss: 0.0000, weighted_loss: 0.0071, label: 0, bag_size: 3707
batch 199, loss: 0.0011, instance_loss: 0.0000, weighted_loss: 0.0007, label: 1, bag_size: 521
batch 219, loss: 0.0873, instance_loss: 0.0000, weighted_loss: 0.0611, label: 1, bag_size: 1147
batch 239, loss: 0.0279, instance_loss: 0.0020, weighted_loss: 0.0202, label: 0, bag_size: 1924
batch 259, loss: 0.1431, instance_loss: 0.0000, weighted_loss: 0.1002, label: 1, bag_size: 3108
batch 279, loss: 0.1902, instance_loss: 0.0007, weighted_loss: 0.1333, label: 1, bag_size: 875
batch 299, loss: 0.0002, instance_loss: 0.0000, weighted_loss: 0.0001, label: 1, bag_size: 4545
batch 319, loss: 1.4506, instance_loss: 0.0000, weighted_loss: 1.0154, label: 1, bag_size: 6349
batch 339, loss: 0.0065, instance_loss: 0.0000, weighted_loss: 0.0046, label: 0, bag_size: 1363
batch 359, loss: 0.6010, instance_loss: 0.0010, weighted_loss: 0.4210, label: 0, bag_size: 668
batch 379, loss: 0.0101, instance_loss: 0.0000, weighted_loss: 0.0071, label: 0, bag_size: 853
batch 399, loss: 0.1184, instance_loss: 0.0002, weighted_loss: 0.0829, label: 1, bag_size: 2537
batch 419, loss: 0.0478, instance_loss: 0.0000, weighted_loss: 0.0335, label: 0, bag_size: 3818
batch 439, loss: 0.1422, instance_loss: 0.0040, weighted_loss: 0.1007, label: 0, bag_size: 1440
batch 459, loss: 0.0013, instance_loss: 0.0000, weighted_loss: 0.0009, label: 0, bag_size: 3100
batch 479, loss: 0.0242, instance_loss: 0.0009, weighted_loss: 0.0172, label: 0, bag_size: 1013
batch 499, loss: 0.0028, instance_loss: 0.0000, weighted_loss: 0.0020, label: 1, bag_size: 5308
batch 519, loss: 0.0582, instance_loss: 0.0035, weighted_loss: 0.0418, label: 1, bag_size: 385
batch 539, loss: 0.0066, instance_loss: 0.0000, weighted_loss: 0.0046, label: 1, bag_size: 3979
batch 559, loss: 0.0529, instance_loss: 0.0000, weighted_loss: 0.0370, label: 0, bag_size: 593
batch 579, loss: 0.0010, instance_loss: 0.0000, weighted_loss: 0.0007, label: 0, bag_size: 5769
batch 599, loss: 0.0200, instance_loss: 0.0000, weighted_loss: 0.0140, label: 0, bag_size: 2460
batch 619, loss: 0.0345, instance_loss: 0.0003, weighted_loss: 0.0242, label: 1, bag_size: 918
batch 639, loss: 0.0172, instance_loss: 0.0000, weighted_loss: 0.0120, label: 1, bag_size: 3097
batch 659, loss: 0.0013, instance_loss: 0.0000, weighted_loss: 0.0009, label: 0, bag_size: 6059
batch 679, loss: 0.0033, instance_loss: 0.0000, weighted_loss: 0.0023, label: 1, bag_size: 1771


class 0 clustering acc 0.9987355491329479: correct 5529/5536
class 1 clustering acc 0.9956647398843931: correct 5512/5536
Epoch: 11, train_loss: 0.1767, train_clustering_loss:  0.0134, train_error: 0.0737
class 0: acc 0.9147727272727273, correct 322/352
class 1: acc 0.9382352941176471, correct 319/340

Val Set, val_loss: 1.3725, val_error: 0.3400, auc: 0.5015
class 0 clustering acc 1.0: correct 1200/1200
class 1 clustering acc 1.0: correct 1200/1200
class 0: acc 0.7815126050420168, correct 93/119
class 1: acc 0.1935483870967742, correct 6/31
EarlyStopping counter: 11 out of 20


batch 19, loss: 0.0042, instance_loss: 0.0000, weighted_loss: 0.0029, label: 1, bag_size: 3209
batch 39, loss: 0.0161, instance_loss: 0.0000, weighted_loss: 0.0113, label: 1, bag_size: 817
batch 59, loss: 0.0000, instance_loss: 0.1489, weighted_loss: 0.0447, label: 0, bag_size: 766
batch 79, loss: 0.0020, instance_loss: 0.0008, weighted_loss: 0.0017, label: 1, bag_size: 2567
batch 99, loss: 0.0014, instance_loss: 0.5506, weighted_loss: 0.1662, label: 0, bag_size: 687
batch 119, loss: 0.7805, instance_loss: 0.0014, weighted_loss: 0.5468, label: 1, bag_size: 986
batch 139, loss: 0.1814, instance_loss: 0.0017, weighted_loss: 0.1275, label: 1, bag_size: 1702
batch 159, loss: 0.0460, instance_loss: 0.0047, weighted_loss: 0.0336, label: 0, bag_size: 400
batch 179, loss: 0.0000, instance_loss: 0.0106, weighted_loss: 0.0032, label: 0, bag_size: 509
batch 199, loss: 0.0336, instance_loss: 0.0004, weighted_loss: 0.0236, label: 0, bag_size: 3109
batch 219, loss: 0.0256, instance_loss: 0.0000, weighted_loss: 0.0179, label: 1, bag_size: 3583
batch 239, loss: 0.0451, instance_loss: 0.0049, weighted_loss: 0.0330, label: 1, bag_size: 2733
batch 259, loss: 0.0393, instance_loss: 0.0005, weighted_loss: 0.0277, label: 1, bag_size: 4495
batch 279, loss: 0.0001, instance_loss: 0.0008, weighted_loss: 0.0003, label: 0, bag_size: 3675
batch 299, loss: 0.0004, instance_loss: 0.0023, weighted_loss: 0.0009, label: 0, bag_size: 1067
batch 319, loss: 0.0229, instance_loss: 0.0028, weighted_loss: 0.0169, label: 0, bag_size: 1266
batch 339, loss: 0.0015, instance_loss: 0.0054, weighted_loss: 0.0026, label: 0, bag_size: 686
batch 359, loss: 0.0173, instance_loss: 0.0000, weighted_loss: 0.0121, label: 0, bag_size: 4431
batch 379, loss: 0.3749, instance_loss: 0.0003, weighted_loss: 0.2625, label: 1, bag_size: 2002
batch 399, loss: 0.0041, instance_loss: 0.0009, weighted_loss: 0.0032, label: 1, bag_size: 988
batch 419, loss: 0.0122, instance_loss: 0.0018, weighted_loss: 0.0091, label: 0, bag_size: 1067
batch 439, loss: 0.0036, instance_loss: 0.0043, weighted_loss: 0.0038, label: 1, bag_size: 1877
batch 459, loss: 0.2038, instance_loss: 0.0014, weighted_loss: 0.1431, label: 1, bag_size: 955
batch 479, loss: 0.0005, instance_loss: 0.0006, weighted_loss: 0.0006, label: 0, bag_size: 3806
batch 499, loss: 0.0568, instance_loss: 0.0000, weighted_loss: 0.0397, label: 0, bag_size: 5371
batch 519, loss: 0.0001, instance_loss: 0.0118, weighted_loss: 0.0036, label: 0, bag_size: 2083
batch 539, loss: 0.0013, instance_loss: 0.0549, weighted_loss: 0.0174, label: 0, bag_size: 918
batch 559, loss: 1.1461, instance_loss: 0.0021, weighted_loss: 0.8029, label: 1, bag_size: 910
batch 579, loss: 0.2832, instance_loss: 0.0069, weighted_loss: 0.2003, label: 0, bag_size: 570
batch 599, loss: 0.0789, instance_loss: 0.0018, weighted_loss: 0.0558, label: 1, bag_size: 559
batch 619, loss: 0.0002, instance_loss: 0.0041, weighted_loss: 0.0014, label: 0, bag_size: 2822
batch 639, loss: 0.0000, instance_loss: 0.0086, weighted_loss: 0.0026, label: 0, bag_size: 568
batch 659, loss: 0.0106, instance_loss: 0.0034, weighted_loss: 0.0084, label: 1, bag_size: 2162
batch 679, loss: 0.0004, instance_loss: 0.0486, weighted_loss: 0.0148, label: 0, bag_size: 955


class 0 clustering acc 0.9987355491329479: correct 5529/5536
class 1 clustering acc 0.9953034682080925: correct 5510/5536
Epoch: 12, train_loss: 0.1115, train_clustering_loss:  0.0145, train_error: 0.0448
class 0: acc 0.94579945799458, correct 349/369
class 1: acc 0.9659442724458205, correct 312/323

Val Set, val_loss: 1.4380, val_error: 0.3067, auc: 0.5270
class 0 clustering acc 0.995: correct 1194/1200
class 1 clustering acc 1.0: correct 1200/1200
class 0: acc 0.8067226890756303, correct 96/119
class 1: acc 0.25806451612903225, correct 8/31
EarlyStopping counter: 12 out of 20


batch 19, loss: 0.0183, instance_loss: 0.0000, weighted_loss: 0.0128, label: 1, bag_size: 1476
batch 39, loss: 0.3211, instance_loss: 0.0012, weighted_loss: 0.2251, label: 1, bag_size: 3931
batch 59, loss: 0.4756, instance_loss: 0.0096, weighted_loss: 0.3358, label: 0, bag_size: 2927
batch 79, loss: 0.0008, instance_loss: 0.5059, weighted_loss: 0.1523, label: 0, bag_size: 263
batch 99, loss: 0.0055, instance_loss: 0.0018, weighted_loss: 0.0044, label: 0, bag_size: 2542
batch 119, loss: 0.0240, instance_loss: 0.0005, weighted_loss: 0.0170, label: 0, bag_size: 4193
batch 139, loss: 0.0491, instance_loss: 0.0013, weighted_loss: 0.0348, label: 0, bag_size: 4337
batch 159, loss: 0.0000, instance_loss: 0.0258, weighted_loss: 0.0078, label: 0, bag_size: 711
batch 179, loss: 6.9845, instance_loss: 2.4682, weighted_loss: 5.6296, label: 1, bag_size: 903
batch 199, loss: 0.0001, instance_loss: 0.0027, weighted_loss: 0.0009, label: 0, bag_size: 2555
batch 219, loss: 0.0002, instance_loss: 0.0994, weighted_loss: 0.0299, label: 1, bag_size: 542
batch 239, loss: 0.0002, instance_loss: 0.0016, weighted_loss: 0.0006, label: 0, bag_size: 2160
batch 259, loss: 0.0556, instance_loss: 0.0000, weighted_loss: 0.0389, label: 0, bag_size: 4180
batch 279, loss: 0.0001, instance_loss: 0.0000, weighted_loss: 0.0001, label: 1, bag_size: 3379
batch 299, loss: 0.0016, instance_loss: 0.0000, weighted_loss: 0.0011, label: 1, bag_size: 5489
batch 319, loss: 0.0597, instance_loss: 0.0050, weighted_loss: 0.0433, label: 1, bag_size: 1632
batch 339, loss: 0.1077, instance_loss: 0.0002, weighted_loss: 0.0754, label: 1, bag_size: 1877
batch 359, loss: 0.0013, instance_loss: 0.0015, weighted_loss: 0.0013, label: 1, bag_size: 1100
batch 379, loss: 0.0035, instance_loss: 0.0000, weighted_loss: 0.0025, label: 1, bag_size: 605
batch 399, loss: 0.0001, instance_loss: 0.0053, weighted_loss: 0.0017, label: 0, bag_size: 348
batch 419, loss: 0.0009, instance_loss: 0.0008, weighted_loss: 0.0008, label: 1, bag_size: 5081
batch 439, loss: 0.0030, instance_loss: 0.0024, weighted_loss: 0.0028, label: 0, bag_size: 955
batch 459, loss: 0.0039, instance_loss: 0.0007, weighted_loss: 0.0029, label: 0, bag_size: 783
batch 479, loss: 0.0383, instance_loss: 0.0038, weighted_loss: 0.0279, label: 1, bag_size: 969
batch 499, loss: 0.0031, instance_loss: 0.0000, weighted_loss: 0.0022, label: 0, bag_size: 4133
batch 519, loss: 0.0073, instance_loss: 0.0015, weighted_loss: 0.0055, label: 1, bag_size: 3931
batch 539, loss: 0.1542, instance_loss: 0.0005, weighted_loss: 0.1081, label: 0, bag_size: 2532
batch 559, loss: 0.0181, instance_loss: 0.0000, weighted_loss: 0.0127, label: 1, bag_size: 4946
batch 579, loss: 0.5242, instance_loss: 0.0000, weighted_loss: 0.3669, label: 1, bag_size: 1343
batch 599, loss: 0.0032, instance_loss: 0.0010, weighted_loss: 0.0025, label: 0, bag_size: 4133
batch 619, loss: 0.0001, instance_loss: 0.0013, weighted_loss: 0.0005, label: 1, bag_size: 32336
batch 639, loss: 0.0115, instance_loss: 0.0000, weighted_loss: 0.0080, label: 1, bag_size: 1486
batch 659, loss: 0.0009, instance_loss: 0.0013, weighted_loss: 0.0010, label: 1, bag_size: 662
batch 679, loss: 0.0001, instance_loss: 0.0000, weighted_loss: 0.0001, label: 0, bag_size: 3374


class 0 clustering acc 0.997471098265896: correct 5522/5536
class 1 clustering acc 0.994400289017341: correct 5505/5536
Epoch: 13, train_loss: 0.0818, train_clustering_loss:  0.0210, train_error: 0.0173
class 0: acc 0.9766081871345029, correct 334/342
class 1: acc 0.9885714285714285, correct 346/350

Val Set, val_loss: 1.6615, val_error: 0.3733, auc: 0.4692
class 0 clustering acc 1.0: correct 1200/1200
class 1 clustering acc 1.0: correct 1200/1200
class 0: acc 0.7310924369747899, correct 87/119
class 1: acc 0.22580645161290322, correct 7/31
EarlyStopping counter: 13 out of 20


batch 19, loss: 0.0026, instance_loss: 0.0038, weighted_loss: 0.0029, label: 0, bag_size: 2083
batch 39, loss: 0.0005, instance_loss: 0.0000, weighted_loss: 0.0004, label: 0, bag_size: 3723
batch 59, loss: 0.0000, instance_loss: 0.0058, weighted_loss: 0.0018, label: 0, bag_size: 299
batch 79, loss: 0.0000, instance_loss: 0.0003, weighted_loss: 0.0001, label: 0, bag_size: 837
batch 99, loss: 0.0001, instance_loss: 0.0000, weighted_loss: 0.0001, label: 0, bag_size: 3925
batch 119, loss: 0.0019, instance_loss: 0.0009, weighted_loss: 0.0016, label: 0, bag_size: 1643
batch 139, loss: 0.0170, instance_loss: 0.0000, weighted_loss: 0.0119, label: 1, bag_size: 1082
batch 159, loss: 0.9514, instance_loss: 0.0136, weighted_loss: 0.6701, label: 1, bag_size: 903
batch 179, loss: 0.0107, instance_loss: 0.0008, weighted_loss: 0.0077, label: 1, bag_size: 723
batch 199, loss: 0.0083, instance_loss: 0.0000, weighted_loss: 0.0058, label: 1, bag_size: 4779
batch 219, loss: 1.0900, instance_loss: 0.0042, weighted_loss: 0.7643, label: 0, bag_size: 453
batch 239, loss: 0.0060, instance_loss: 0.0004, weighted_loss: 0.0043, label: 1, bag_size: 3420
batch 259, loss: 0.0007, instance_loss: 0.0005, weighted_loss: 0.0006, label: 0, bag_size: 4930
batch 279, loss: 0.0004, instance_loss: 0.0004, weighted_loss: 0.0004, label: 1, bag_size: 969
batch 299, loss: 0.0364, instance_loss: 0.0000, weighted_loss: 0.0255, label: 0, bag_size: 1553
batch 319, loss: 0.0185, instance_loss: 0.0000, weighted_loss: 0.0129, label: 1, bag_size: 509
batch 339, loss: 0.0001, instance_loss: 0.0000, weighted_loss: 0.0000, label: 0, bag_size: 4141
batch 359, loss: 0.0000, instance_loss: 0.0000, weighted_loss: 0.0000, label: 0, bag_size: 5170
batch 379, loss: 0.2035, instance_loss: 0.0000, weighted_loss: 0.1424, label: 1, bag_size: 4217
batch 399, loss: 0.0181, instance_loss: 0.0000, weighted_loss: 0.0127, label: 1, bag_size: 1507
batch 419, loss: 0.0029, instance_loss: 0.0003, weighted_loss: 0.0021, label: 0, bag_size: 1165
batch 439, loss: 0.0009, instance_loss: 0.0005, weighted_loss: 0.0008, label: 1, bag_size: 3656
batch 459, loss: 0.0278, instance_loss: 0.0003, weighted_loss: 0.0195, label: 1, bag_size: 2144
batch 479, loss: 0.0046, instance_loss: 0.0000, weighted_loss: 0.0033, label: 1, bag_size: 1507
batch 499, loss: 0.0000, instance_loss: 0.0004, weighted_loss: 0.0001, label: 0, bag_size: 495
batch 519, loss: 0.0002, instance_loss: 0.0003, weighted_loss: 0.0002, label: 0, bag_size: 754
batch 539, loss: 0.5016, instance_loss: 0.0000, weighted_loss: 0.3511, label: 1, bag_size: 1147
batch 559, loss: 0.6609, instance_loss: 0.0005, weighted_loss: 0.4628, label: 1, bag_size: 3889
batch 579, loss: 0.0949, instance_loss: 0.0000, weighted_loss: 0.0664, label: 0, bag_size: 2035
batch 599, loss: 0.0248, instance_loss: 0.0039, weighted_loss: 0.0185, label: 0, bag_size: 1236
batch 619, loss: 0.0294, instance_loss: 0.0002, weighted_loss: 0.0206, label: 0, bag_size: 4519
batch 639, loss: 0.0001, instance_loss: 0.0000, weighted_loss: 0.0000, label: 0, bag_size: 2609
batch 659, loss: 0.6710, instance_loss: 0.0003, weighted_loss: 0.4698, label: 0, bag_size: 2537
batch 679, loss: 0.0031, instance_loss: 0.0004, weighted_loss: 0.0023, label: 1, bag_size: 1033


class 0 clustering acc 1.0: correct 5536/5536
class 1 clustering acc 0.9992774566473989: correct 5532/5536
Epoch: 14, train_loss: 0.0858, train_clustering_loss:  0.0032, train_error: 0.0376
class 0: acc 0.9611111111111111, correct 346/360
class 1: acc 0.963855421686747, correct 320/332

Val Set, val_loss: 1.8524, val_error: 0.3533, auc: 0.4706
class 0 clustering acc 1.0: correct 1200/1200
class 1 clustering acc 1.0: correct 1200/1200
class 0: acc 0.7647058823529411, correct 91/119
class 1: acc 0.1935483870967742, correct 6/31
EarlyStopping counter: 14 out of 20


batch 19, loss: 0.1829, instance_loss: 0.0000, weighted_loss: 0.1280, label: 0, bag_size: 686
batch 39, loss: 0.0170, instance_loss: 0.0641, weighted_loss: 0.0311, label: 0, bag_size: 478
batch 59, loss: 0.0000, instance_loss: 0.0018, weighted_loss: 0.0006, label: 0, bag_size: 723
batch 79, loss: 0.0029, instance_loss: 0.0003, weighted_loss: 0.0022, label: 1, bag_size: 4987
batch 99, loss: 0.0001, instance_loss: 0.0000, weighted_loss: 0.0001, label: 1, bag_size: 5489
batch 119, loss: 0.0570, instance_loss: 0.0006, weighted_loss: 0.0401, label: 0, bag_size: 1411
batch 139, loss: 0.0463, instance_loss: 0.0018, weighted_loss: 0.0330, label: 0, bag_size: 2461
batch 159, loss: 0.0016, instance_loss: 0.0010, weighted_loss: 0.0014, label: 0, bag_size: 1878
batch 179, loss: 0.0008, instance_loss: 0.0012, weighted_loss: 0.0009, label: 0, bag_size: 918
batch 199, loss: 0.3882, instance_loss: 0.0000, weighted_loss: 0.2717, label: 1, bag_size: 1169
batch 219, loss: 0.0000, instance_loss: 0.0000, weighted_loss: 0.0000, label: 0, bag_size: 3534
batch 239, loss: 0.0184, instance_loss: 0.0000, weighted_loss: 0.0128, label: 1, bag_size: 1705
batch 259, loss: 0.0013, instance_loss: 0.0000, weighted_loss: 0.0009, label: 1, bag_size: 2437
batch 279, loss: 0.0357, instance_loss: 0.0005, weighted_loss: 0.0251, label: 1, bag_size: 652
batch 299, loss: 0.0000, instance_loss: 0.0087, weighted_loss: 0.0026, label: 0, bag_size: 963
batch 319, loss: 0.0274, instance_loss: 0.0008, weighted_loss: 0.0195, label: 0, bag_size: 2035
batch 339, loss: 0.0024, instance_loss: 0.0008, weighted_loss: 0.0019, label: 1, bag_size: 605
batch 359, loss: 0.0012, instance_loss: 0.0000, weighted_loss: 0.0008, label: 1, bag_size: 2191
batch 379, loss: 0.0002, instance_loss: 0.0000, weighted_loss: 0.0002, label: 0, bag_size: 3374
batch 399, loss: 0.0039, instance_loss: 0.0000, weighted_loss: 0.0027, label: 1, bag_size: 2920
batch 419, loss: 0.0016, instance_loss: 0.0004, weighted_loss: 0.0012, label: 1, bag_size: 590
batch 439, loss: 0.0020, instance_loss: 0.0002, weighted_loss: 0.0015, label: 1, bag_size: 1588
batch 459, loss: 0.0045, instance_loss: 0.0003, weighted_loss: 0.0033, label: 0, bag_size: 1504
batch 479, loss: 0.1347, instance_loss: 0.0029, weighted_loss: 0.0951, label: 0, bag_size: 765
batch 499, loss: 0.0000, instance_loss: 0.0019, weighted_loss: 0.0006, label: 0, bag_size: 461
batch 519, loss: 0.0006, instance_loss: 0.0000, weighted_loss: 0.0004, label: 1, bag_size: 5486
batch 539, loss: 0.0000, instance_loss: 0.0000, weighted_loss: 0.0000, label: 0, bag_size: 1237
batch 559, loss: 0.1251, instance_loss: 0.0015, weighted_loss: 0.0880, label: 1, bag_size: 643
batch 579, loss: 0.5649, instance_loss: 0.0004, weighted_loss: 0.3956, label: 0, bag_size: 4365
batch 599, loss: 0.0022, instance_loss: 0.0002, weighted_loss: 0.0016, label: 1, bag_size: 1632
batch 619, loss: 0.0116, instance_loss: 0.0000, weighted_loss: 0.0081, label: 1, bag_size: 1018
batch 639, loss: 0.0084, instance_loss: 0.0000, weighted_loss: 0.0059, label: 1, bag_size: 4217
batch 659, loss: 0.0000, instance_loss: 0.0029, weighted_loss: 0.0009, label: 0, bag_size: 589
batch 679, loss: 0.0014, instance_loss: 0.0019, weighted_loss: 0.0016, label: 0, bag_size: 692


class 0 clustering acc 0.9996387283236994: correct 5534/5536
class 1 clustering acc 0.9981936416184971: correct 5526/5536
Epoch: 15, train_loss: 0.1106, train_clustering_loss:  0.0073, train_error: 0.0376
class 0: acc 0.9593023255813954, correct 330/344
class 1: acc 0.9655172413793104, correct 336/348

Val Set, val_loss: 1.7294, val_error: 0.3200, auc: 0.4841
class 0 clustering acc 1.0: correct 1200/1200
class 1 clustering acc 0.9991666666666666: correct 1199/1200
class 0: acc 0.8319327731092437, correct 99/119
class 1: acc 0.0967741935483871, correct 3/31
EarlyStopping counter: 15 out of 20


batch 19, loss: 0.0006, instance_loss: 0.0004, weighted_loss: 0.0005, label: 1, bag_size: 14189
batch 39, loss: 0.6922, instance_loss: 0.0034, weighted_loss: 0.4856, label: 1, bag_size: 1293
batch 59, loss: 0.0158, instance_loss: 0.0000, weighted_loss: 0.0111, label: 1, bag_size: 521
batch 79, loss: 0.1704, instance_loss: 0.0000, weighted_loss: 0.1193, label: 1, bag_size: 3506
batch 99, loss: 0.0007, instance_loss: 0.0037, weighted_loss: 0.0016, label: 0, bag_size: 320
batch 119, loss: 0.0003, instance_loss: 0.0007, weighted_loss: 0.0004, label: 0, bag_size: 4883
batch 139, loss: 0.2850, instance_loss: 0.0002, weighted_loss: 0.1996, label: 0, bag_size: 1098
batch 159, loss: 0.0036, instance_loss: 0.0000, weighted_loss: 0.0025, label: 1, bag_size: 3269
batch 179, loss: 0.0002, instance_loss: 0.0000, weighted_loss: 0.0001, label: 1, bag_size: 4764
batch 199, loss: 0.0001, instance_loss: 0.0028, weighted_loss: 0.0009, label: 1, bag_size: 9914
batch 219, loss: 0.0003, instance_loss: 0.0068, weighted_loss: 0.0022, label: 0, bag_size: 320
batch 239, loss: 0.0226, instance_loss: 0.0000, weighted_loss: 0.0158, label: 1, bag_size: 2434
batch 259, loss: 0.0057, instance_loss: 0.0044, weighted_loss: 0.0053, label: 0, bag_size: 277
batch 279, loss: 0.0017, instance_loss: 0.0000, weighted_loss: 0.0012, label: 0, bag_size: 6409
batch 299, loss: 0.0255, instance_loss: 0.0000, weighted_loss: 0.0178, label: 1, bag_size: 1501
batch 319, loss: 0.0000, instance_loss: 0.0000, weighted_loss: 0.0000, label: 0, bag_size: 4292
batch 339, loss: 0.0000, instance_loss: 0.0007, weighted_loss: 0.0002, label: 0, bag_size: 711
batch 359, loss: 0.0004, instance_loss: 0.0000, weighted_loss: 0.0003, label: 1, bag_size: 3238
batch 379, loss: 0.0010, instance_loss: 0.0002, weighted_loss: 0.0008, label: 0, bag_size: 1083
batch 399, loss: 0.0001, instance_loss: 0.0000, weighted_loss: 0.0001, label: 0, bag_size: 4195
batch 419, loss: 2.8118, instance_loss: 0.0000, weighted_loss: 1.9683, label: 1, bag_size: 1790
batch 439, loss: 0.0000, instance_loss: 0.0225, weighted_loss: 0.0068, label: 0, bag_size: 897
batch 459, loss: 0.0011, instance_loss: 0.0051, weighted_loss: 0.0023, label: 1, bag_size: 1736
batch 479, loss: 0.0008, instance_loss: 0.0000, weighted_loss: 0.0006, label: 1, bag_size: 1068
batch 499, loss: 0.1587, instance_loss: 0.0000, weighted_loss: 0.1111, label: 1, bag_size: 1501
batch 519, loss: 0.0541, instance_loss: 0.0000, weighted_loss: 0.0379, label: 1, bag_size: 1343
batch 539, loss: 0.0002, instance_loss: 0.0000, weighted_loss: 0.0001, label: 1, bag_size: 3734
batch 559, loss: 0.0008, instance_loss: 0.0000, weighted_loss: 0.0006, label: 0, bag_size: 3690
batch 579, loss: 0.0001, instance_loss: 0.0005, weighted_loss: 0.0002, label: 0, bag_size: 1546
batch 599, loss: 0.0230, instance_loss: 0.0000, weighted_loss: 0.0161, label: 1, bag_size: 221
batch 619, loss: 0.0009, instance_loss: 0.0946, weighted_loss: 0.0290, label: 1, bag_size: 467
batch 639, loss: 0.0000, instance_loss: 0.0022, weighted_loss: 0.0007, label: 0, bag_size: 3374
batch 659, loss: 0.0635, instance_loss: 0.0004, weighted_loss: 0.0445, label: 0, bag_size: 855
batch 679, loss: 0.0000, instance_loss: 0.0000, weighted_loss: 0.0000, label: 1, bag_size: 5489


class 0 clustering acc 0.9992774566473989: correct 5532/5536
class 1 clustering acc 0.997471098265896: correct 5522/5536
Epoch: 16, train_loss: 0.0609, train_clustering_loss:  0.0086, train_error: 0.0173
class 0: acc 0.9799426934097422, correct 342/349
class 1: acc 0.9854227405247813, correct 338/343

Val Set, val_loss: 1.8166, val_error: 0.3133, auc: 0.5159
class 0 clustering acc 0.9991666666666666: correct 1199/1200
class 1 clustering acc 1.0: correct 1200/1200
class 0: acc 0.8319327731092437, correct 99/119
class 1: acc 0.12903225806451613, correct 4/31
EarlyStopping counter: 16 out of 20


batch 19, loss: 0.0386, instance_loss: 0.0003, weighted_loss: 0.0271, label: 1, bag_size: 1016
batch 39, loss: 0.0000, instance_loss: 0.0007, weighted_loss: 0.0002, label: 0, bag_size: 864
batch 59, loss: 0.0000, instance_loss: 0.0010, weighted_loss: 0.0003, label: 1, bag_size: 4013
batch 79, loss: 0.0019, instance_loss: 0.0000, weighted_loss: 0.0013, label: 1, bag_size: 4417
batch 99, loss: 0.0089, instance_loss: 0.0000, weighted_loss: 0.0062, label: 1, bag_size: 1055
batch 119, loss: 0.0007, instance_loss: 0.0006, weighted_loss: 0.0007, label: 0, bag_size: 305
batch 139, loss: 0.0000, instance_loss: 0.1091, weighted_loss: 0.0327, label: 0, bag_size: 842
batch 159, loss: 0.0105, instance_loss: 0.0152, weighted_loss: 0.0119, label: 0, bag_size: 832
batch 179, loss: 0.0000, instance_loss: 0.0094, weighted_loss: 0.0028, label: 0, bag_size: 893
batch 199, loss: 0.0000, instance_loss: 0.0000, weighted_loss: 0.0000, label: 0, bag_size: 864
batch 219, loss: 0.0033, instance_loss: 0.0097, weighted_loss: 0.0052, label: 0, bag_size: 596
batch 239, loss: 0.0215, instance_loss: 0.0014, weighted_loss: 0.0154, label: 1, bag_size: 1293
batch 259, loss: 0.0000, instance_loss: 0.0000, weighted_loss: 0.0000, label: 1, bag_size: 5272
batch 279, loss: 0.0323, instance_loss: 0.0011, weighted_loss: 0.0229, label: 1, bag_size: 903
batch 299, loss: 0.0052, instance_loss: 0.0000, weighted_loss: 0.0037, label: 0, bag_size: 4172
batch 319, loss: 0.0053, instance_loss: 0.0000, weighted_loss: 0.0037, label: 1, bag_size: 711
batch 339, loss: 0.3223, instance_loss: 0.0000, weighted_loss: 0.2256, label: 1, bag_size: 1082
batch 359, loss: 0.0000, instance_loss: 0.0000, weighted_loss: 0.0000, label: 0, bag_size: 1109
batch 379, loss: 0.0007, instance_loss: 0.0000, weighted_loss: 0.0005, label: 1, bag_size: 2345
batch 399, loss: 0.0453, instance_loss: 0.0000, weighted_loss: 0.0317, label: 1, bag_size: 923
batch 419, loss: 0.0049, instance_loss: 0.0000, weighted_loss: 0.0034, label: 1, bag_size: 2637
batch 439, loss: 2.2593, instance_loss: 0.0000, weighted_loss: 1.5815, label: 0, bag_size: 4045
batch 459, loss: 0.0003, instance_loss: 0.0000, weighted_loss: 0.0002, label: 1, bag_size: 1206
batch 479, loss: 0.0023, instance_loss: 0.0000, weighted_loss: 0.0016, label: 0, bag_size: 3448
batch 499, loss: 0.0153, instance_loss: 0.0003, weighted_loss: 0.0108, label: 1, bag_size: 1632
batch 519, loss: 0.0003, instance_loss: 0.0000, weighted_loss: 0.0002, label: 1, bag_size: 4815
batch 539, loss: 0.0016, instance_loss: 0.0000, weighted_loss: 0.0011, label: 1, bag_size: 5489
batch 559, loss: 0.0008, instance_loss: 0.0004, weighted_loss: 0.0007, label: 0, bag_size: 1466
batch 579, loss: 0.0033, instance_loss: 0.0000, weighted_loss: 0.0023, label: 1, bag_size: 1866
batch 599, loss: 0.0005, instance_loss: 0.0003, weighted_loss: 0.0004, label: 1, bag_size: 2850
batch 619, loss: 0.0000, instance_loss: 0.0000, weighted_loss: 0.0000, label: 0, bag_size: 4262
batch 639, loss: 0.0001, instance_loss: 0.0161, weighted_loss: 0.0049, label: 0, bag_size: 953
batch 659, loss: 0.0001, instance_loss: 0.0007, weighted_loss: 0.0003, label: 0, bag_size: 2160
batch 679, loss: 1.2393, instance_loss: 0.0002, weighted_loss: 0.8676, label: 1, bag_size: 1737


class 0 clustering acc 0.9990968208092486: correct 5531/5536
class 1 clustering acc 0.9981936416184971: correct 5526/5536
Epoch: 17, train_loss: 0.0845, train_clustering_loss:  0.0088, train_error: 0.0275
class 0: acc 0.976401179941003, correct 331/339
class 1: acc 0.9688385269121813, correct 342/353

Val Set, val_loss: 1.7111, val_error: 0.3333, auc: 0.4999
class 0 clustering acc 1.0: correct 1200/1200
class 1 clustering acc 1.0: correct 1200/1200
class 0: acc 0.7899159663865546, correct 94/119
class 1: acc 0.1935483870967742, correct 6/31
EarlyStopping counter: 17 out of 20


batch 19, loss: 0.0004, instance_loss: 0.0008, weighted_loss: 0.0005, label: 1, bag_size: 5149
batch 39, loss: 0.0681, instance_loss: 0.0000, weighted_loss: 0.0477, label: 1, bag_size: 903
batch 59, loss: 0.0000, instance_loss: 0.0006, weighted_loss: 0.0002, label: 1, bag_size: 3325
batch 79, loss: 0.0003, instance_loss: 0.0037, weighted_loss: 0.0013, label: 0, bag_size: 1068
batch 99, loss: 0.0030, instance_loss: 0.0000, weighted_loss: 0.0021, label: 1, bag_size: 1217
batch 119, loss: 0.0038, instance_loss: 0.0027, weighted_loss: 0.0035, label: 0, bag_size: 1630
batch 139, loss: 0.0039, instance_loss: 0.0000, weighted_loss: 0.0027, label: 0, bag_size: 4930
batch 159, loss: 0.0000, instance_loss: 0.0026, weighted_loss: 0.0008, label: 0, bag_size: 699
batch 179, loss: 0.0296, instance_loss: 0.0025, weighted_loss: 0.0215, label: 1, bag_size: 239
batch 199, loss: 0.0029, instance_loss: 0.0003, weighted_loss: 0.0021, label: 0, bag_size: 391
batch 219, loss: 0.0000, instance_loss: 0.0105, weighted_loss: 0.0031, label: 0, bag_size: 1361
batch 239, loss: 0.0000, instance_loss: 0.0006, weighted_loss: 0.0002, label: 0, bag_size: 627
batch 259, loss: 0.0381, instance_loss: 0.0109, weighted_loss: 0.0300, label: 0, bag_size: 938
batch 279, loss: 0.0000, instance_loss: 0.0000, weighted_loss: 0.0000, label: 1, bag_size: 1166
batch 299, loss: 0.0004, instance_loss: 0.0012, weighted_loss: 0.0006, label: 0, bag_size: 1867
batch 319, loss: 0.0001, instance_loss: 0.0003, weighted_loss: 0.0002, label: 0, bag_size: 4448
batch 339, loss: 0.0167, instance_loss: 0.0000, weighted_loss: 0.0117, label: 1, bag_size: 1043
batch 359, loss: 0.0012, instance_loss: 0.0002, weighted_loss: 0.0009, label: 0, bag_size: 4347
batch 379, loss: 0.0289, instance_loss: 0.0002, weighted_loss: 0.0203, label: 0, bag_size: 575
batch 399, loss: 0.1846, instance_loss: 0.0017, weighted_loss: 0.1297, label: 1, bag_size: 903
batch 419, loss: 0.0000, instance_loss: 0.0033, weighted_loss: 0.0010, label: 0, bag_size: 926
batch 439, loss: 0.0058, instance_loss: 0.0000, weighted_loss: 0.0040, label: 1, bag_size: 3756
batch 459, loss: 0.0001, instance_loss: 0.0000, weighted_loss: 0.0001, label: 0, bag_size: 1379
batch 479, loss: 0.3945, instance_loss: 0.0000, weighted_loss: 0.2761, label: 1, bag_size: 4202
batch 499, loss: 0.0121, instance_loss: 0.0000, weighted_loss: 0.0085, label: 1, bag_size: 3483
batch 519, loss: 0.0024, instance_loss: 0.0000, weighted_loss: 0.0017, label: 1, bag_size: 1588
batch 539, loss: 0.0004, instance_loss: 0.0000, weighted_loss: 0.0003, label: 0, bag_size: 4365
batch 559, loss: 0.0003, instance_loss: 0.0002, weighted_loss: 0.0003, label: 0, bag_size: 1824
batch 579, loss: 0.0058, instance_loss: 0.0000, weighted_loss: 0.0041, label: 1, bag_size: 1055
batch 599, loss: 0.0022, instance_loss: 0.0000, weighted_loss: 0.0016, label: 1, bag_size: 5140
batch 619, loss: 0.0028, instance_loss: 0.0000, weighted_loss: 0.0019, label: 1, bag_size: 923
batch 639, loss: 0.0037, instance_loss: 0.0004, weighted_loss: 0.0027, label: 1, bag_size: 3656
batch 659, loss: 0.0000, instance_loss: 0.0012, weighted_loss: 0.0004, label: 0, bag_size: 727
batch 679, loss: 0.0002, instance_loss: 0.0011, weighted_loss: 0.0004, label: 1, bag_size: 346


class 0 clustering acc 0.9994580924855492: correct 5533/5536
class 1 clustering acc 0.996929190751445: correct 5519/5536
Epoch: 18, train_loss: 0.0727, train_clustering_loss:  0.0103, train_error: 0.0275
class 0: acc 0.9740634005763689, correct 338/347
class 1: acc 0.9710144927536232, correct 335/345

Val Set, val_loss: 1.8581, val_error: 0.3467, auc: 0.4831
class 0 clustering acc 1.0: correct 1200/1200
class 1 clustering acc 1.0: correct 1200/1200
class 0: acc 0.7647058823529411, correct 91/119
class 1: acc 0.22580645161290322, correct 7/31
EarlyStopping counter: 18 out of 20


batch 19, loss: 0.0000, instance_loss: 0.0010, weighted_loss: 0.0003, label: 0, bag_size: 3554
batch 39, loss: 0.0611, instance_loss: 0.0000, weighted_loss: 0.0428, label: 1, bag_size: 2841
batch 59, loss: 0.0002, instance_loss: 0.0000, weighted_loss: 0.0002, label: 1, bag_size: 19888
batch 79, loss: 0.0012, instance_loss: 0.0003, weighted_loss: 0.0009, label: 0, bag_size: 3621
batch 99, loss: 0.0048, instance_loss: 0.0000, weighted_loss: 0.0034, label: 0, bag_size: 5034
batch 119, loss: 0.0025, instance_loss: 0.0003, weighted_loss: 0.0018, label: 1, bag_size: 385
batch 139, loss: 0.0242, instance_loss: 0.0000, weighted_loss: 0.0169, label: 1, bag_size: 4417
batch 159, loss: 0.0000, instance_loss: 0.0042, weighted_loss: 0.0013, label: 0, bag_size: 466
batch 179, loss: 0.0019, instance_loss: 0.0036, weighted_loss: 0.0024, label: 0, bag_size: 1165
batch 199, loss: 0.0014, instance_loss: 0.0000, weighted_loss: 0.0010, label: 1, bag_size: 3109
batch 219, loss: 0.0000, instance_loss: 0.0235, weighted_loss: 0.0071, label: 0, bag_size: 1157
batch 239, loss: 0.0027, instance_loss: 0.0002, weighted_loss: 0.0020, label: 1, bag_size: 346
batch 259, loss: 0.0133, instance_loss: 0.0017, weighted_loss: 0.0098, label: 1, bag_size: 1632
batch 279, loss: 0.0124, instance_loss: 0.0000, weighted_loss: 0.0087, label: 1, bag_size: 4495
batch 299, loss: 0.0004, instance_loss: 0.0000, weighted_loss: 0.0003, label: 1, bag_size: 829
batch 319, loss: 0.0070, instance_loss: 0.0000, weighted_loss: 0.0049, label: 1, bag_size: 3483
batch 339, loss: 0.0016, instance_loss: 0.0000, weighted_loss: 0.0011, label: 1, bag_size: 2850
batch 359, loss: 0.0001, instance_loss: 0.0002, weighted_loss: 0.0001, label: 1, bag_size: 2221
batch 379, loss: 0.0002, instance_loss: 0.0003, weighted_loss: 0.0003, label: 0, bag_size: 2083
batch 399, loss: 0.0000, instance_loss: 0.0000, weighted_loss: 0.0000, label: 1, bag_size: 3126
batch 419, loss: 0.0197, instance_loss: 0.0000, weighted_loss: 0.0138, label: 1, bag_size: 2037
batch 439, loss: 0.0005, instance_loss: 0.0010, weighted_loss: 0.0006, label: 0, bag_size: 692
batch 459, loss: 0.0001, instance_loss: 0.0000, weighted_loss: 0.0001, label: 0, bag_size: 5170
batch 479, loss: 0.0052, instance_loss: 0.0000, weighted_loss: 0.0036, label: 1, bag_size: 4946
batch 499, loss: 0.0252, instance_loss: 0.0000, weighted_loss: 0.0176, label: 0, bag_size: 4072
batch 519, loss: 0.0000, instance_loss: 0.0002, weighted_loss: 0.0001, label: 0, bag_size: 2702
batch 539, loss: 0.0077, instance_loss: 0.0000, weighted_loss: 0.0054, label: 1, bag_size: 2071
batch 559, loss: 0.0187, instance_loss: 0.0000, weighted_loss: 0.0131, label: 1, bag_size: 3108
batch 579, loss: 0.0000, instance_loss: 0.0000, weighted_loss: 0.0000, label: 0, bag_size: 4262
batch 599, loss: 0.0035, instance_loss: 0.0006, weighted_loss: 0.0026, label: 0, bag_size: 1098
batch 619, loss: 0.0000, instance_loss: 0.0000, weighted_loss: 0.0000, label: 0, bag_size: 4461
batch 639, loss: 0.0001, instance_loss: 0.0006, weighted_loss: 0.0003, label: 0, bag_size: 2957
batch 659, loss: 0.0001, instance_loss: 0.0022, weighted_loss: 0.0007, label: 0, bag_size: 1824
batch 679, loss: 0.0001, instance_loss: 0.0000, weighted_loss: 0.0001, label: 0, bag_size: 4251


class 0 clustering acc 0.9994580924855492: correct 5533/5536
class 1 clustering acc 0.9985549132947977: correct 5528/5536
Epoch: 19, train_loss: 0.0494, train_clustering_loss:  0.0062, train_error: 0.0145
class 0: acc 0.9775910364145658, correct 349/357
class 1: acc 0.9940298507462687, correct 333/335

Val Set, val_loss: 1.7578, val_error: 0.3267, auc: 0.5373
class 0 clustering acc 1.0: correct 1200/1200
class 1 clustering acc 1.0: correct 1200/1200
class 0: acc 0.7983193277310925, correct 95/119
class 1: acc 0.1935483870967742, correct 6/31
EarlyStopping counter: 19 out of 20


batch 19, loss: 0.0011, instance_loss: 0.0002, weighted_loss: 0.0008, label: 0, bag_size: 4431
batch 39, loss: 0.0000, instance_loss: 0.0108, weighted_loss: 0.0033, label: 0, bag_size: 200
batch 59, loss: 0.0038, instance_loss: 0.0000, weighted_loss: 0.0027, label: 1, bag_size: 1033
batch 79, loss: 0.0002, instance_loss: 0.0000, weighted_loss: 0.0001, label: 1, bag_size: 14189
batch 99, loss: 0.0003, instance_loss: 0.0002, weighted_loss: 0.0003, label: 1, bag_size: 1018
batch 119, loss: 0.0004, instance_loss: 0.0623, weighted_loss: 0.0190, label: 0, bag_size: 1422
batch 139, loss: 0.0002, instance_loss: 0.0000, weighted_loss: 0.0001, label: 1, bag_size: 1169
batch 159, loss: 0.0012, instance_loss: 0.0000, weighted_loss: 0.0008, label: 1, bag_size: 1677
batch 179, loss: 0.0007, instance_loss: 0.0008, weighted_loss: 0.0007, label: 1, bag_size: 14205
batch 199, loss: 0.0040, instance_loss: 0.0002, weighted_loss: 0.0029, label: 1, bag_size: 2434
batch 219, loss: 0.0069, instance_loss: 0.0002, weighted_loss: 0.0049, label: 1, bag_size: 3415
batch 239, loss: 0.0001, instance_loss: 0.4625, weighted_loss: 0.1389, label: 0, bag_size: 491
batch 259, loss: 0.0087, instance_loss: 0.0021, weighted_loss: 0.0067, label: 0, bag_size: 929
batch 279, loss: 0.0000, instance_loss: 0.0000, weighted_loss: 0.0000, label: 0, bag_size: 4230
batch 299, loss: 0.0017, instance_loss: 0.0000, weighted_loss: 0.0012, label: 1, bag_size: 6348
batch 319, loss: 0.0003, instance_loss: 0.0022, weighted_loss: 0.0008, label: 0, bag_size: 1080
batch 339, loss: 0.0142, instance_loss: 0.0104, weighted_loss: 0.0130, label: 1, bag_size: 723
batch 359, loss: 0.0003, instance_loss: 0.0002, weighted_loss: 0.0003, label: 0, bag_size: 1254
batch 379, loss: 0.0010, instance_loss: 0.0000, weighted_loss: 0.0007, label: 1, bag_size: 1357
batch 399, loss: 0.0008, instance_loss: 0.0002, weighted_loss: 0.0006, label: 1, bag_size: 956
batch 419, loss: 0.0002, instance_loss: 0.1932, weighted_loss: 0.0581, label: 0, bag_size: 509
batch 439, loss: 0.0021, instance_loss: 0.0042, weighted_loss: 0.0027, label: 0, bag_size: 391
batch 459, loss: 0.0017, instance_loss: 0.0000, weighted_loss: 0.0012, label: 0, bag_size: 3651
batch 479, loss: 0.0014, instance_loss: 0.0000, weighted_loss: 0.0010, label: 1, bag_size: 5502
batch 499, loss: 0.0008, instance_loss: 1.4011, weighted_loss: 0.4209, label: 0, bag_size: 291
batch 519, loss: 0.0000, instance_loss: 0.0002, weighted_loss: 0.0001, label: 0, bag_size: 2948
batch 539, loss: 0.0001, instance_loss: 0.0000, weighted_loss: 0.0001, label: 1, bag_size: 3852
batch 559, loss: 0.0002, instance_loss: 0.0004, weighted_loss: 0.0003, label: 0, bag_size: 687
batch 579, loss: 0.0168, instance_loss: 0.0017, weighted_loss: 0.0122, label: 1, bag_size: 1018
batch 599, loss: 0.0149, instance_loss: 0.0000, weighted_loss: 0.0105, label: 0, bag_size: 4141
batch 619, loss: 0.0016, instance_loss: 0.0000, weighted_loss: 0.0011, label: 1, bag_size: 1503
batch 639, loss: 0.0000, instance_loss: 0.0000, weighted_loss: 0.0000, label: 0, bag_size: 4523
batch 659, loss: 0.1036, instance_loss: 0.0020, weighted_loss: 0.0731, label: 0, bag_size: 806
batch 679, loss: 0.0157, instance_loss: 0.0000, weighted_loss: 0.0110, label: 0, bag_size: 2150


class 0 clustering acc 0.9980130057803468: correct 5525/5536
class 1 clustering acc 0.9940390173410405: correct 5503/5536
Epoch: 20, train_loss: 0.0692, train_clustering_loss:  0.0191, train_error: 0.0188
class 0: acc 0.9798850574712644, correct 341/348
class 1: acc 0.9825581395348837, correct 338/344

Val Set, val_loss: 1.7687, val_error: 0.3200, auc: 0.5416
class 0 clustering acc 0.9991666666666666: correct 1199/1200
class 1 clustering acc 1.0: correct 1200/1200
class 0: acc 0.7983193277310925, correct 95/119
class 1: acc 0.22580645161290322, correct 7/31
EarlyStopping counter: 20 out of 20


batch 19, loss: 0.0283, instance_loss: 0.0005, weighted_loss: 0.0199, label: 0, bag_size: 4580
batch 39, loss: 0.0089, instance_loss: 0.0116, weighted_loss: 0.0097, label: 0, bag_size: 1370
batch 59, loss: 0.0251, instance_loss: 0.0032, weighted_loss: 0.0185, label: 0, bag_size: 491
batch 79, loss: 0.0027, instance_loss: 0.0000, weighted_loss: 0.0019, label: 1, bag_size: 1486
batch 99, loss: 0.0070, instance_loss: 0.0000, weighted_loss: 0.0049, label: 1, bag_size: 1175
batch 119, loss: 0.0000, instance_loss: 0.0000, weighted_loss: 0.0000, label: 0, bag_size: 4978
batch 139, loss: 0.0184, instance_loss: 0.0000, weighted_loss: 0.0129, label: 1, bag_size: 1677
batch 159, loss: 0.0023, instance_loss: 0.0026, weighted_loss: 0.0024, label: 0, bag_size: 489
batch 179, loss: 0.0000, instance_loss: 0.0002, weighted_loss: 0.0001, label: 0, bag_size: 1417
batch 199, loss: 0.0021, instance_loss: 0.0000, weighted_loss: 0.0015, label: 1, bag_size: 3656
batch 219, loss: 0.0009, instance_loss: 0.0002, weighted_loss: 0.0007, label: 1, bag_size: 14205
batch 239, loss: 0.0037, instance_loss: 0.0000, weighted_loss: 0.0026, label: 0, bag_size: 929
batch 259, loss: 0.0072, instance_loss: 0.0034, weighted_loss: 0.0061, label: 0, bag_size: 312
batch 279, loss: 0.0634, instance_loss: 0.0201, weighted_loss: 0.0504, label: 0, bag_size: 334
batch 299, loss: 0.0006, instance_loss: 0.0005, weighted_loss: 0.0006, label: 0, bag_size: 1969
batch 319, loss: 0.0001, instance_loss: 0.0004, weighted_loss: 0.0002, label: 0, bag_size: 3554
batch 339, loss: 0.0002, instance_loss: 0.0000, weighted_loss: 0.0001, label: 0, bag_size: 5170
batch 359, loss: 0.0070, instance_loss: 0.0000, weighted_loss: 0.0049, label: 1, bag_size: 4495
batch 379, loss: 0.0000, instance_loss: 0.0000, weighted_loss: 0.0000, label: 0, bag_size: 4204
batch 399, loss: 0.0008, instance_loss: 0.0018, weighted_loss: 0.0011, label: 0, bag_size: 362
batch 419, loss: 0.0002, instance_loss: 0.0014, weighted_loss: 0.0006, label: 0, bag_size: 671
batch 439, loss: 0.0032, instance_loss: 0.0012, weighted_loss: 0.0026, label: 0, bag_size: 1296
batch 459, loss: 0.0119, instance_loss: 0.0000, weighted_loss: 0.0083, label: 1, bag_size: 2071
batch 479, loss: 0.0319, instance_loss: 0.0000, weighted_loss: 0.0224, label: 1, bag_size: 3097
batch 499, loss: 0.0000, instance_loss: 0.0000, weighted_loss: 0.0000, label: 1, bag_size: 4417
batch 519, loss: 0.0004, instance_loss: 0.0000, weighted_loss: 0.0003, label: 1, bag_size: 1547
batch 539, loss: 0.0008, instance_loss: 0.0000, weighted_loss: 0.0005, label: 0, bag_size: 2291
batch 559, loss: 0.0011, instance_loss: 0.0000, weighted_loss: 0.0008, label: 1, bag_size: 2920
batch 579, loss: 0.0075, instance_loss: 0.0000, weighted_loss: 0.0053, label: 1, bag_size: 5502
batch 599, loss: 0.0000, instance_loss: 0.0000, weighted_loss: 0.0000, label: 1, bag_size: 3889
batch 619, loss: 0.0002, instance_loss: 0.0020, weighted_loss: 0.0007, label: 0, bag_size: 6059
batch 639, loss: 0.0000, instance_loss: 0.0000, weighted_loss: 0.0000, label: 0, bag_size: 3458
batch 659, loss: 0.2444, instance_loss: 0.0047, weighted_loss: 0.1725, label: 0, bag_size: 1094
batch 679, loss: 0.0096, instance_loss: 0.0032, weighted_loss: 0.0077, label: 0, bag_size: 1165


class 0 clustering acc 0.9994580924855492: correct 5533/5536
class 1 clustering acc 0.9965679190751445: correct 5517/5536
Epoch: 21, train_loss: 0.0649, train_clustering_loss:  0.0118, train_error: 0.0217
class 0: acc 0.978021978021978, correct 356/364
class 1: acc 0.9786585365853658, correct 321/328

Val Set, val_loss: 1.8097, val_error: 0.3400, auc: 0.4980
class 0 clustering acc 0.9991666666666666: correct 1199/1200
class 1 clustering acc 1.0: correct 1200/1200
class 0: acc 0.773109243697479, correct 92/119
class 1: acc 0.22580645161290322, correct 7/31
EarlyStopping counter: 21 out of 20


batch 19, loss: 0.0550, instance_loss: 0.0000, weighted_loss: 0.0385, label: 1, bag_size: 5502
batch 39, loss: 0.0068, instance_loss: 0.0000, weighted_loss: 0.0048, label: 1, bag_size: 4512
batch 59, loss: 0.0011, instance_loss: 0.0518, weighted_loss: 0.0163, label: 0, bag_size: 294
batch 79, loss: 0.0006, instance_loss: 0.0074, weighted_loss: 0.0026, label: 0, bag_size: 3506
batch 99, loss: 0.0000, instance_loss: 0.0000, weighted_loss: 0.0000, label: 0, bag_size: 5364
batch 119, loss: 0.0000, instance_loss: 0.0000, weighted_loss: 0.0000, label: 0, bag_size: 4209
batch 139, loss: 0.0010, instance_loss: 0.0000, weighted_loss: 0.0007, label: 1, bag_size: 4764
batch 159, loss: 0.0036, instance_loss: 0.0002, weighted_loss: 0.0026, label: 0, bag_size: 787
batch 179, loss: 0.0512, instance_loss: 0.0026, weighted_loss: 0.0366, label: 0, bag_size: 683
batch 199, loss: 0.0000, instance_loss: 0.0003, weighted_loss: 0.0001, label: 1, bag_size: 1771
batch 219, loss: 0.0000, instance_loss: 0.0002, weighted_loss: 0.0001, label: 0, bag_size: 1237
batch 239, loss: 0.0009, instance_loss: 0.0183, weighted_loss: 0.0061, label: 0, bag_size: 888
batch 259, loss: 0.0002, instance_loss: 0.0000, weighted_loss: 0.0001, label: 0, bag_size: 1074
batch 279, loss: 0.0001, instance_loss: 0.0003, weighted_loss: 0.0002, label: 0, bag_size: 3588
batch 299, loss: 0.0046, instance_loss: 0.0015, weighted_loss: 0.0036, label: 0, bag_size: 893
batch 319, loss: 0.0181, instance_loss: 0.0000, weighted_loss: 0.0126, label: 0, bag_size: 4157
batch 339, loss: 0.0347, instance_loss: 0.0000, weighted_loss: 0.0243, label: 1, bag_size: 4957
batch 359, loss: 0.0000, instance_loss: 0.0000, weighted_loss: 0.0000, label: 0, bag_size: 1000
batch 379, loss: 0.0033, instance_loss: 0.0000, weighted_loss: 0.0023, label: 1, bag_size: 215
batch 399, loss: 0.0178, instance_loss: 0.0000, weighted_loss: 0.0125, label: 1, bag_size: 837
batch 419, loss: 0.0001, instance_loss: 0.0000, weighted_loss: 0.0000, label: 0, bag_size: 4337
batch 439, loss: 0.0011, instance_loss: 0.0002, weighted_loss: 0.0008, label: 0, bag_size: 1089
batch 459, loss: 0.0021, instance_loss: 0.0000, weighted_loss: 0.0015, label: 1, bag_size: 3768
batch 479, loss: 0.0105, instance_loss: 0.0000, weighted_loss: 0.0074, label: 1, bag_size: 2537
batch 499, loss: 0.0001, instance_loss: 0.0303, weighted_loss: 0.0091, label: 0, bag_size: 2065
batch 519, loss: 0.0005, instance_loss: 0.0033, weighted_loss: 0.0013, label: 0, bag_size: 883
batch 539, loss: 0.0560, instance_loss: 0.0131, weighted_loss: 0.0432, label: 1, bag_size: 1293
batch 559, loss: 0.0001, instance_loss: 0.0000, weighted_loss: 0.0001, label: 1, bag_size: 1055
batch 579, loss: 0.0047, instance_loss: 0.4163, weighted_loss: 0.1282, label: 0, bag_size: 726
batch 599, loss: 0.0190, instance_loss: 0.0002, weighted_loss: 0.0134, label: 1, bag_size: 1662
batch 619, loss: 0.0000, instance_loss: 1.3738, weighted_loss: 0.4121, label: 0, bag_size: 274
batch 639, loss: 0.0000, instance_loss: 0.0000, weighted_loss: 0.0000, label: 1, bag_size: 1588
batch 659, loss: 0.0000, instance_loss: 0.0002, weighted_loss: 0.0001, label: 1, bag_size: 829
batch 679, loss: 0.0055, instance_loss: 0.0002, weighted_loss: 0.0039, label: 0, bag_size: 686


class 0 clustering acc 0.9985549132947977: correct 5528/5536
class 1 clustering acc 0.9965679190751445: correct 5517/5536
Epoch: 22, train_loss: 0.0372, train_clustering_loss:  0.0139, train_error: 0.0116
class 0: acc 0.9855907780979827, correct 342/347
class 1: acc 0.991304347826087, correct 342/345

Val Set, val_loss: 1.9211, val_error: 0.3667, auc: 0.5262
class 0 clustering acc 0.9866666666666667: correct 1184/1200
class 1 clustering acc 1.0: correct 1200/1200
class 0: acc 0.7310924369747899, correct 87/119
class 1: acc 0.25806451612903225, correct 8/31
EarlyStopping counter: 22 out of 20


batch 19, loss: 0.0002, instance_loss: 0.0000, weighted_loss: 0.0001, label: 1, bag_size: 346
batch 39, loss: 0.0004, instance_loss: 0.0000, weighted_loss: 0.0003, label: 1, bag_size: 1949
batch 59, loss: 0.0001, instance_loss: 0.0003, weighted_loss: 0.0002, label: 0, bag_size: 4337
batch 79, loss: 0.0002, instance_loss: 0.0083, weighted_loss: 0.0027, label: 1, bag_size: 14189
batch 99, loss: 0.0000, instance_loss: 0.0008, weighted_loss: 0.0002, label: 0, bag_size: 825
batch 119, loss: 0.0015, instance_loss: 0.0000, weighted_loss: 0.0010, label: 0, bag_size: 887
batch 139, loss: 0.0000, instance_loss: 0.0439, weighted_loss: 0.0132, label: 0, bag_size: 858
batch 159, loss: 0.0003, instance_loss: 0.0000, weighted_loss: 0.0002, label: 1, bag_size: 969
batch 179, loss: 0.0000, instance_loss: 0.0005, weighted_loss: 0.0002, label: 1, bag_size: 856
batch 199, loss: 0.0399, instance_loss: 0.0118, weighted_loss: 0.0315, label: 0, bag_size: 487
batch 219, loss: 0.0589, instance_loss: 0.0000, weighted_loss: 0.0412, label: 1, bag_size: 711
batch 239, loss: 0.7890, instance_loss: 0.0007, weighted_loss: 0.5525, label: 0, bag_size: 734
batch 259, loss: 0.2767, instance_loss: 0.0000, weighted_loss: 0.1937, label: 1, bag_size: 711
batch 279, loss: 0.0000, instance_loss: 0.0000, weighted_loss: 0.0000, label: 1, bag_size: 1092
batch 299, loss: 0.0153, instance_loss: 0.0000, weighted_loss: 0.0107, label: 1, bag_size: 4512
batch 319, loss: 0.0032, instance_loss: 0.0006, weighted_loss: 0.0024, label: 1, bag_size: 2416
batch 339, loss: 0.0003, instance_loss: 0.0000, weighted_loss: 0.0002, label: 1, bag_size: 1486
batch 359, loss: 0.0230, instance_loss: 0.5880, weighted_loss: 0.1925, label: 1, bag_size: 467
batch 379, loss: 0.0007, instance_loss: 0.0000, weighted_loss: 0.0005, label: 1, bag_size: 3865
batch 399, loss: 0.0010, instance_loss: 0.0000, weighted_loss: 0.0007, label: 1, bag_size: 4013
batch 419, loss: 0.0017, instance_loss: 0.0000, weighted_loss: 0.0012, label: 0, bag_size: 2722
batch 439, loss: 0.0000, instance_loss: 0.0027, weighted_loss: 0.0008, label: 0, bag_size: 2927
batch 459, loss: 0.0074, instance_loss: 0.0000, weighted_loss: 0.0052, label: 1, bag_size: 4987
batch 479, loss: 0.0002, instance_loss: 0.0000, weighted_loss: 0.0002, label: 1, bag_size: 1166
batch 499, loss: 0.0027, instance_loss: 0.0002, weighted_loss: 0.0019, label: 1, bag_size: 19728
batch 519, loss: 0.0000, instance_loss: 0.0051, weighted_loss: 0.0015, label: 0, bag_size: 908
batch 539, loss: 0.0000, instance_loss: 0.0000, weighted_loss: 0.0000, label: 1, bag_size: 3768
batch 559, loss: 0.0025, instance_loss: 0.0000, weighted_loss: 0.0018, label: 0, bag_size: 5769
batch 579, loss: 0.0000, instance_loss: 0.0000, weighted_loss: 0.0000, label: 1, bag_size: 3546
batch 599, loss: 0.0134, instance_loss: 0.0000, weighted_loss: 0.0094, label: 1, bag_size: 1366
batch 619, loss: 0.0000, instance_loss: 0.0053, weighted_loss: 0.0016, label: 0, bag_size: 2211
batch 639, loss: 0.0003, instance_loss: 0.0004, weighted_loss: 0.0004, label: 1, bag_size: 1021
batch 659, loss: 0.0000, instance_loss: 0.1445, weighted_loss: 0.0434, label: 0, bag_size: 437
batch 679, loss: 0.0145, instance_loss: 0.0000, weighted_loss: 0.0102, label: 1, bag_size: 1790


class 0 clustering acc 0.9978323699421965: correct 5524/5536
class 1 clustering acc 0.994942196531792: correct 5508/5536
Epoch: 23, train_loss: 0.0878, train_clustering_loss:  0.0200, train_error: 0.0332
class 0: acc 0.9601139601139601, correct 337/351
class 1: acc 0.9736070381231672, correct 332/341

Val Set, val_loss: 1.8252, val_error: 0.3267, auc: 0.5291
class 0 clustering acc 1.0: correct 1200/1200
class 1 clustering acc 1.0: correct 1200/1200
class 0: acc 0.7899159663865546, correct 94/119
class 1: acc 0.22580645161290322, correct 7/31
EarlyStopping counter: 23 out of 20


batch 19, loss: 0.0000, instance_loss: 0.0000, weighted_loss: 0.0000, label: 0, bag_size: 4030
batch 39, loss: 0.0955, instance_loss: 0.0003, weighted_loss: 0.0669, label: 0, bag_size: 444
batch 59, loss: 0.0009, instance_loss: 0.0000, weighted_loss: 0.0006, label: 0, bag_size: 2145
batch 79, loss: 0.0122, instance_loss: 0.0000, weighted_loss: 0.0085, label: 1, bag_size: 3912
batch 99, loss: 0.0000, instance_loss: 0.0006, weighted_loss: 0.0002, label: 0, bag_size: 888
batch 119, loss: 0.0000, instance_loss: 0.0000, weighted_loss: 0.0000, label: 1, bag_size: 1268
batch 139, loss: 0.0000, instance_loss: 0.0000, weighted_loss: 0.0000, label: 0, bag_size: 4519
batch 159, loss: 0.0003, instance_loss: 0.0000, weighted_loss: 0.0002, label: 1, bag_size: 221
batch 179, loss: 0.0000, instance_loss: 0.0029, weighted_loss: 0.0009, label: 0, bag_size: 953
batch 199, loss: 0.8385, instance_loss: 0.0000, weighted_loss: 0.5870, label: 1, bag_size: 1357
batch 219, loss: 0.0047, instance_loss: 0.0024, weighted_loss: 0.0040, label: 1, bag_size: 705
batch 239, loss: 0.0003, instance_loss: 0.0044, weighted_loss: 0.0015, label: 1, bag_size: 1284
batch 259, loss: 0.0013, instance_loss: 0.0000, weighted_loss: 0.0009, label: 1, bag_size: 1771
batch 279, loss: 0.0014, instance_loss: 0.0004, weighted_loss: 0.0011, label: 1, bag_size: 251
batch 299, loss: 0.0000, instance_loss: 0.0000, weighted_loss: 0.0000, label: 0, bag_size: 1146
batch 319, loss: 0.0000, instance_loss: 0.0000, weighted_loss: 0.0000, label: 0, bag_size: 4090
batch 339, loss: 0.0007, instance_loss: 0.0000, weighted_loss: 0.0005, label: 1, bag_size: 4345
batch 359, loss: 0.0013, instance_loss: 0.0200, weighted_loss: 0.0070, label: 0, bag_size: 918
batch 379, loss: 0.0017, instance_loss: 0.0217, weighted_loss: 0.0077, label: 0, bag_size: 1361
batch 399, loss: 0.0027, instance_loss: 0.0000, weighted_loss: 0.0019, label: 1, bag_size: 5081
batch 419, loss: 0.0017, instance_loss: 0.0002, weighted_loss: 0.0013, label: 0, bag_size: 4072
batch 439, loss: 0.0094, instance_loss: 0.0000, weighted_loss: 0.0066, label: 1, bag_size: 1312
batch 459, loss: 0.0000, instance_loss: 0.0032, weighted_loss: 0.0010, label: 0, bag_size: 607
batch 479, loss: 0.0017, instance_loss: 0.0020, weighted_loss: 0.0018, label: 1, bag_size: 643
batch 499, loss: 0.0001, instance_loss: 0.0006, weighted_loss: 0.0003, label: 0, bag_size: 2553
batch 519, loss: 0.0000, instance_loss: 0.0000, weighted_loss: 0.0000, label: 0, bag_size: 4316
batch 539, loss: 0.0000, instance_loss: 0.0000, weighted_loss: 0.0000, label: 1, bag_size: 34683
batch 559, loss: 0.0000, instance_loss: 0.0000, weighted_loss: 0.0000, label: 0, bag_size: 1379
batch 579, loss: 0.0000, instance_loss: 0.0000, weighted_loss: 0.0000, label: 0, bag_size: 3458
batch 599, loss: 0.0000, instance_loss: 0.0062, weighted_loss: 0.0019, label: 0, bag_size: 1103
batch 619, loss: 0.0244, instance_loss: 0.0007, weighted_loss: 0.0173, label: 1, bag_size: 956
batch 639, loss: 0.0416, instance_loss: 0.0002, weighted_loss: 0.0291, label: 1, bag_size: 1683
batch 659, loss: 0.0100, instance_loss: 0.0009, weighted_loss: 0.0073, label: 1, bag_size: 1790
batch 679, loss: 0.0002, instance_loss: 0.0000, weighted_loss: 0.0002, label: 1, bag_size: 925


class 0 clustering acc 0.9996387283236994: correct 5534/5536
class 1 clustering acc 0.9972904624277457: correct 5521/5536
Epoch: 24, train_loss: 0.0268, train_clustering_loss:  0.0106, train_error: 0.0101
class 0: acc 0.991304347826087, correct 342/345
class 1: acc 0.9884726224783862, correct 343/347

Val Set, val_loss: 2.2285, val_error: 0.3267, auc: 0.4888
class 0 clustering acc 1.0: correct 1200/1200
class 1 clustering acc 1.0: correct 1200/1200
class 0: acc 0.7899159663865546, correct 94/119
class 1: acc 0.22580645161290322, correct 7/31
EarlyStopping counter: 24 out of 20


batch 19, loss: 0.0003, instance_loss: 0.0002, weighted_loss: 0.0003, label: 1, bag_size: 221
batch 39, loss: 0.0766, instance_loss: 0.0004, weighted_loss: 0.0537, label: 0, bag_size: 5359
batch 59, loss: 0.0037, instance_loss: 0.0000, weighted_loss: 0.0026, label: 0, bag_size: 4022
batch 79, loss: 0.0000, instance_loss: 0.0179, weighted_loss: 0.0054, label: 0, bag_size: 1657
batch 99, loss: 0.0001, instance_loss: 0.0000, weighted_loss: 0.0001, label: 1, bag_size: 2612
batch 119, loss: 0.0000, instance_loss: 0.0000, weighted_loss: 0.0000, label: 0, bag_size: 3448
batch 139, loss: 0.0000, instance_loss: 0.0000, weighted_loss: 0.0000, label: 0, bag_size: 817
batch 159, loss: 0.0002, instance_loss: 0.0020, weighted_loss: 0.0007, label: 1, bag_size: 723
batch 179, loss: 0.0000, instance_loss: 0.2732, weighted_loss: 0.0820, label: 0, bag_size: 416
batch 199, loss: 0.0022, instance_loss: 0.0000, weighted_loss: 0.0015, label: 0, bag_size: 4022
batch 219, loss: 0.0000, instance_loss: 0.0063, weighted_loss: 0.0019, label: 0, bag_size: 702
batch 239, loss: 0.0027, instance_loss: 0.0000, weighted_loss: 0.0019, label: 0, bag_size: 4022
batch 259, loss: 0.0001, instance_loss: 0.0038, weighted_loss: 0.0012, label: 0, bag_size: 686
batch 279, loss: 0.0002, instance_loss: 0.0000, weighted_loss: 0.0001, label: 1, bag_size: 1737
batch 299, loss: 0.0000, instance_loss: 0.0010, weighted_loss: 0.0003, label: 0, bag_size: 2291
batch 319, loss: 0.0030, instance_loss: 0.0000, weighted_loss: 0.0021, label: 1, bag_size: 4593
batch 339, loss: 0.1951, instance_loss: 0.0018, weighted_loss: 0.1371, label: 0, bag_size: 1685
batch 359, loss: 0.0016, instance_loss: 0.0000, weighted_loss: 0.0011, label: 0, bag_size: 2537
batch 379, loss: 0.0049, instance_loss: 0.0000, weighted_loss: 0.0035, label: 1, bag_size: 3912
batch 399, loss: 0.0009, instance_loss: 0.0000, weighted_loss: 0.0007, label: 1, bag_size: 911
batch 419, loss: 0.0000, instance_loss: 0.0000, weighted_loss: 0.0000, label: 0, bag_size: 1417
batch 439, loss: 0.0000, instance_loss: 0.0034, weighted_loss: 0.0011, label: 0, bag_size: 1089
batch 459, loss: 0.0037, instance_loss: 0.0000, weighted_loss: 0.0026, label: 1, bag_size: 4946
batch 479, loss: 0.0002, instance_loss: 0.0000, weighted_loss: 0.0002, label: 1, bag_size: 5149
batch 499, loss: 0.0000, instance_loss: 0.0009, weighted_loss: 0.0003, label: 0, bag_size: 1159
batch 519, loss: 0.0000, instance_loss: 0.0000, weighted_loss: 0.0000, label: 0, bag_size: 4978
batch 539, loss: 0.0010, instance_loss: 0.0000, weighted_loss: 0.0007, label: 1, bag_size: 3756
batch 559, loss: 0.0009, instance_loss: 0.0000, weighted_loss: 0.0006, label: 1, bag_size: 3906
batch 579, loss: 0.0018, instance_loss: 0.0000, weighted_loss: 0.0013, label: 1, bag_size: 1021
batch 599, loss: 0.0001, instance_loss: 0.0000, weighted_loss: 0.0001, label: 0, bag_size: 4251
batch 619, loss: 0.0000, instance_loss: 0.0002, weighted_loss: 0.0001, label: 1, bag_size: 34683
batch 639, loss: 0.0003, instance_loss: 0.0000, weighted_loss: 0.0002, label: 1, bag_size: 723
batch 659, loss: 0.0000, instance_loss: 0.0000, weighted_loss: 0.0000, label: 0, bag_size: 2150
batch 679, loss: 0.0009, instance_loss: 0.0000, weighted_loss: 0.0006, label: 1, bag_size: 2850


class 0 clustering acc 0.9994580924855492: correct 5533/5536
class 1 clustering acc 0.996929190751445: correct 5519/5536
Epoch: 25, train_loss: 0.0182, train_clustering_loss:  0.0099, train_error: 0.0058
class 0: acc 0.9907120743034056, correct 320/323
class 1: acc 0.997289972899729, correct 368/369

Val Set, val_loss: 2.2697, val_error: 0.2933, auc: 0.5096
class 0 clustering acc 0.9983333333333333: correct 1198/1200
class 1 clustering acc 1.0: correct 1200/1200
class 0: acc 0.8319327731092437, correct 99/119
class 1: acc 0.22580645161290322, correct 7/31
EarlyStopping counter: 25 out of 20


batch 19, loss: 0.0011, instance_loss: 0.0000, weighted_loss: 0.0007, label: 1, bag_size: 5081
batch 39, loss: 0.0126, instance_loss: 0.0004, weighted_loss: 0.0090, label: 1, bag_size: 2617
batch 59, loss: 0.0009, instance_loss: 0.0000, weighted_loss: 0.0006, label: 1, bag_size: 1486
batch 79, loss: 0.0000, instance_loss: 0.0000, weighted_loss: 0.0000, label: 0, bag_size: 1768
batch 99, loss: 0.0001, instance_loss: 0.0000, weighted_loss: 0.0001, label: 1, bag_size: 1949
batch 119, loss: 0.0336, instance_loss: 0.0000, weighted_loss: 0.0235, label: 1, bag_size: 2434
batch 139, loss: 0.0030, instance_loss: 0.0000, weighted_loss: 0.0021, label: 1, bag_size: 1677
batch 159, loss: 0.0000, instance_loss: 0.0000, weighted_loss: 0.0000, label: 0, bag_size: 4316
batch 179, loss: 0.0006, instance_loss: 0.0000, weighted_loss: 0.0005, label: 0, bag_size: 6341
batch 199, loss: 0.0000, instance_loss: 0.0000, weighted_loss: 0.0000, label: 0, bag_size: 5364
batch 219, loss: 0.0228, instance_loss: 0.0005, weighted_loss: 0.0161, label: 1, bag_size: 2434
batch 239, loss: 0.0004, instance_loss: 0.0000, weighted_loss: 0.0002, label: 1, bag_size: 1503
batch 259, loss: 0.0000, instance_loss: 0.0100, weighted_loss: 0.0030, label: 0, bag_size: 1223
batch 279, loss: 0.0017, instance_loss: 0.0000, weighted_loss: 0.0012, label: 1, bag_size: 4779
batch 299, loss: 0.0003, instance_loss: 0.0000, weighted_loss: 0.0002, label: 0, bag_size: 4414
batch 319, loss: 0.0000, instance_loss: 0.0043, weighted_loss: 0.0013, label: 0, bag_size: 509
batch 339, loss: 0.0000, instance_loss: 0.0017, weighted_loss: 0.0005, label: 0, bag_size: 2500
batch 359, loss: 0.0203, instance_loss: 0.0000, weighted_loss: 0.0142, label: 1, bag_size: 711
batch 379, loss: 0.0012, instance_loss: 0.0046, weighted_loss: 0.0022, label: 1, bag_size: 4495
batch 399, loss: 0.0173, instance_loss: 0.0002, weighted_loss: 0.0122, label: 1, bag_size: 1476
batch 419, loss: 0.0006, instance_loss: 0.0019, weighted_loss: 0.0010, label: 0, bag_size: 414
batch 439, loss: 0.0005, instance_loss: 0.0000, weighted_loss: 0.0004, label: 1, bag_size: 4741
batch 459, loss: 0.0000, instance_loss: 0.0704, weighted_loss: 0.0211, label: 0, bag_size: 235
batch 479, loss: 0.0001, instance_loss: 0.0000, weighted_loss: 0.0001, label: 1, bag_size: 3912
batch 499, loss: 0.0000, instance_loss: 0.0004, weighted_loss: 0.0001, label: 0, bag_size: 1109
batch 519, loss: 0.0003, instance_loss: 0.0000, weighted_loss: 0.0002, label: 1, bag_size: 4741
batch 539, loss: 0.0001, instance_loss: 0.0000, weighted_loss: 0.0000, label: 1, bag_size: 4417
batch 559, loss: 0.0051, instance_loss: 0.0000, weighted_loss: 0.0036, label: 1, bag_size: 4946
batch 579, loss: 0.0001, instance_loss: 0.0000, weighted_loss: 0.0001, label: 1, bag_size: 3325
batch 599, loss: 0.0000, instance_loss: 0.0018, weighted_loss: 0.0006, label: 0, bag_size: 748
batch 619, loss: 0.0018, instance_loss: 0.0000, weighted_loss: 0.0012, label: 0, bag_size: 1219
batch 639, loss: 0.0001, instance_loss: 0.0000, weighted_loss: 0.0000, label: 1, bag_size: 3209
batch 659, loss: 0.0028, instance_loss: 0.0008, weighted_loss: 0.0022, label: 0, bag_size: 975
batch 679, loss: 0.0064, instance_loss: 0.0000, weighted_loss: 0.0045, label: 1, bag_size: 831


class 0 clustering acc 0.9989161849710982: correct 5530/5536
class 1 clustering acc 0.9980130057803468: correct 5525/5536
Epoch: 26, train_loss: 0.0057, train_clustering_loss:  0.0088, train_error: 0.0000
class 0: acc 1.0, correct 326/326
class 1: acc 1.0, correct 366/366

Val Set, val_loss: 2.3197, val_error: 0.2933, auc: 0.4942
class 0 clustering acc 0.9991666666666666: correct 1199/1200
class 1 clustering acc 1.0: correct 1200/1200
class 0: acc 0.8235294117647058, correct 98/119
class 1: acc 0.25806451612903225, correct 8/31
EarlyStopping counter: 26 out of 20


batch 19, loss: 0.0002, instance_loss: 0.0000, weighted_loss: 0.0001, label: 1, bag_size: 817
batch 39, loss: 0.6227, instance_loss: 0.0003, weighted_loss: 0.4360, label: 1, bag_size: 903
batch 59, loss: 0.0015, instance_loss: 0.0000, weighted_loss: 0.0011, label: 1, bag_size: 2002
batch 79, loss: 0.0000, instance_loss: 0.0017, weighted_loss: 0.0005, label: 0, bag_size: 1768
batch 99, loss: 0.0000, instance_loss: 0.0002, weighted_loss: 0.0001, label: 1, bag_size: 3415
batch 119, loss: 0.0000, instance_loss: 0.0000, weighted_loss: 0.0000, label: 1, bag_size: 723
batch 139, loss: 0.0002, instance_loss: 0.0000, weighted_loss: 0.0002, label: 0, bag_size: 3507
batch 159, loss: 0.0000, instance_loss: 0.0000, weighted_loss: 0.0000, label: 1, bag_size: 931
batch 179, loss: 0.0000, instance_loss: 0.0000, weighted_loss: 0.0000, label: 1, bag_size: 2513
batch 199, loss: 0.0000, instance_loss: 0.0000, weighted_loss: 0.0000, label: 0, bag_size: 2177
batch 219, loss: 0.0001, instance_loss: 0.0002, weighted_loss: 0.0001, label: 1, bag_size: 875
batch 239, loss: 0.0000, instance_loss: 0.0000, weighted_loss: 0.0000, label: 0, bag_size: 3856
batch 259, loss: 0.0001, instance_loss: 0.0000, weighted_loss: 0.0000, label: 1, bag_size: 3379
batch 279, loss: 0.0000, instance_loss: 0.0000, weighted_loss: 0.0000, label: 1, bag_size: 2291
batch 299, loss: 0.0000, instance_loss: 0.0014, weighted_loss: 0.0004, label: 0, bag_size: 1979
batch 319, loss: 0.0000, instance_loss: 0.0000, weighted_loss: 0.0000, label: 1, bag_size: 3415
batch 339, loss: 0.0016, instance_loss: 0.0034, weighted_loss: 0.0021, label: 0, bag_size: 378
batch 359, loss: 0.0000, instance_loss: 0.0004, weighted_loss: 0.0001, label: 0, bag_size: 825
batch 379, loss: 0.0000, instance_loss: 0.0000, weighted_loss: 0.0000, label: 0, bag_size: 6059
batch 399, loss: 0.0029, instance_loss: 0.0002, weighted_loss: 0.0021, label: 0, bag_size: 4391
batch 419, loss: 0.0000, instance_loss: 0.0002, weighted_loss: 0.0001, label: 1, bag_size: 9914
batch 439, loss: 0.0000, instance_loss: 0.0025, weighted_loss: 0.0007, label: 1, bag_size: 542
batch 459, loss: 0.0023, instance_loss: 0.0000, weighted_loss: 0.0016, label: 1, bag_size: 354
batch 479, loss: 0.0000, instance_loss: 0.0000, weighted_loss: 0.0000, label: 1, bag_size: 4251
batch 499, loss: 0.0000, instance_loss: 0.0010, weighted_loss: 0.0003, label: 0, bag_size: 888
batch 519, loss: 0.0001, instance_loss: 0.0000, weighted_loss: 0.0001, label: 1, bag_size: 5140
batch 539, loss: 0.0002, instance_loss: 0.0000, weighted_loss: 0.0001, label: 1, bag_size: 4787
batch 559, loss: 0.0000, instance_loss: 0.0040, weighted_loss: 0.0012, label: 0, bag_size: 2177
batch 579, loss: 0.0003, instance_loss: 0.0035, weighted_loss: 0.0012, label: 0, bag_size: 2532
batch 599, loss: 0.0010, instance_loss: 0.0007, weighted_loss: 0.0009, label: 0, bag_size: 885
batch 619, loss: 0.0000, instance_loss: 0.0013, weighted_loss: 0.0004, label: 0, bag_size: 1256
batch 639, loss: 0.0061, instance_loss: 0.0000, weighted_loss: 0.0043, label: 1, bag_size: 1312
batch 659, loss: 0.0001, instance_loss: 0.0000, weighted_loss: 0.0001, label: 1, bag_size: 1728
batch 679, loss: 0.0007, instance_loss: 0.0000, weighted_loss: 0.0005, label: 1, bag_size: 521


class 0 clustering acc 1.0: correct 5536/5536
class 1 clustering acc 0.9980130057803468: correct 5525/5536
Epoch: 27, train_loss: 0.0057, train_clustering_loss:  0.0093, train_error: 0.0000
class 0: acc 1.0, correct 328/328
class 1: acc 1.0, correct 364/364

Val Set, val_loss: 2.5532, val_error: 0.3333, auc: 0.4850
class 0 clustering acc 1.0: correct 1200/1200
class 1 clustering acc 1.0: correct 1200/1200
class 0: acc 0.773109243697479, correct 92/119
class 1: acc 0.25806451612903225, correct 8/31
EarlyStopping counter: 27 out of 20


batch 19, loss: 0.0002, instance_loss: 0.0000, weighted_loss: 0.0001, label: 1, bag_size: 565
batch 39, loss: 0.0009, instance_loss: 0.0000, weighted_loss: 0.0006, label: 0, bag_size: 4266
batch 59, loss: 0.0000, instance_loss: 0.0012, weighted_loss: 0.0004, label: 0, bag_size: 1601
batch 79, loss: 0.0000, instance_loss: 0.0000, weighted_loss: 0.0000, label: 0, bag_size: 3479
batch 99, loss: 0.0000, instance_loss: 0.0005, weighted_loss: 0.0002, label: 0, bag_size: 627
batch 119, loss: 0.0000, instance_loss: 0.0000, weighted_loss: 0.0000, label: 0, bag_size: 3059
batch 139, loss: 0.0000, instance_loss: 0.0000, weighted_loss: 0.0000, label: 1, bag_size: 4013
batch 159, loss: 0.0009, instance_loss: 0.0000, weighted_loss: 0.0007, label: 1, bag_size: 3483
batch 179, loss: 0.0000, instance_loss: 0.0010, weighted_loss: 0.0003, label: 0, bag_size: 1143
batch 199, loss: 0.0059, instance_loss: 0.0000, weighted_loss: 0.0041, label: 1, bag_size: 1312
batch 219, loss: 0.0031, instance_loss: 0.0000, weighted_loss: 0.0022, label: 1, bag_size: 652
batch 239, loss: 0.0000, instance_loss: 0.0004, weighted_loss: 0.0001, label: 0, bag_size: 596
batch 259, loss: 0.0005, instance_loss: 0.0000, weighted_loss: 0.0004, label: 1, bag_size: 3756
batch 279, loss: 0.0006, instance_loss: 0.0221, weighted_loss: 0.0070, label: 0, bag_size: 734
batch 299, loss: 0.0007, instance_loss: 0.0023, weighted_loss: 0.0012, label: 0, bag_size: 2653
batch 319, loss: 0.0001, instance_loss: 0.0003, weighted_loss: 0.0002, label: 0, bag_size: 787
batch 339, loss: 0.0002, instance_loss: 0.0009, weighted_loss: 0.0004, label: 0, bag_size: 1184
batch 359, loss: 0.0001, instance_loss: 0.0000, weighted_loss: 0.0001, label: 1, bag_size: 3852
batch 379, loss: 0.0193, instance_loss: 0.0000, weighted_loss: 0.0135, label: 1, bag_size: 3045
batch 399, loss: 0.0000, instance_loss: 0.0000, weighted_loss: 0.0000, label: 0, bag_size: 3523
batch 419, loss: 0.0000, instance_loss: 0.0000, weighted_loss: 0.0000, label: 1, bag_size: 3505
batch 439, loss: 0.0003, instance_loss: 0.0007, weighted_loss: 0.0004, label: 1, bag_size: 2437
batch 459, loss: 0.0068, instance_loss: 0.0000, weighted_loss: 0.0048, label: 1, bag_size: 2032
batch 479, loss: 0.3796, instance_loss: 0.0000, weighted_loss: 0.2657, label: 1, bag_size: 2184
batch 499, loss: 0.1952, instance_loss: 0.0000, weighted_loss: 0.1366, label: 1, bag_size: 3269
batch 519, loss: 0.0000, instance_loss: 0.0006, weighted_loss: 0.0002, label: 0, bag_size: 953
batch 539, loss: 0.0196, instance_loss: 0.0009, weighted_loss: 0.0140, label: 0, bag_size: 1832
batch 559, loss: 0.0001, instance_loss: 0.0000, weighted_loss: 0.0000, label: 0, bag_size: 837
batch 579, loss: 0.0052, instance_loss: 0.0000, weighted_loss: 0.0036, label: 1, bag_size: 986
batch 599, loss: 0.4998, instance_loss: 0.0000, weighted_loss: 0.3499, label: 1, bag_size: 1169
batch 619, loss: 0.0191, instance_loss: 0.0000, weighted_loss: 0.0134, label: 1, bag_size: 2434
batch 639, loss: 0.0000, instance_loss: 0.0004, weighted_loss: 0.0001, label: 0, bag_size: 348
batch 659, loss: 0.0004, instance_loss: 0.0002, weighted_loss: 0.0004, label: 0, bag_size: 413
batch 679, loss: 0.0000, instance_loss: 0.0003, weighted_loss: 0.0001, label: 0, bag_size: 656


class 0 clustering acc 0.9998193641618497: correct 5535/5536
class 1 clustering acc 0.9992774566473989: correct 5532/5536
Epoch: 28, train_loss: 0.0887, train_clustering_loss:  0.0036, train_error: 0.0231
class 0: acc 0.972972972972973, correct 324/333
class 1: acc 0.9805013927576601, correct 352/359

Val Set, val_loss: 2.4603, val_error: 0.3333, auc: 0.4446
class 0 clustering acc 1.0: correct 1200/1200
class 1 clustering acc 1.0: correct 1200/1200
class 0: acc 0.8067226890756303, correct 96/119
class 1: acc 0.12903225806451613, correct 4/31
EarlyStopping counter: 28 out of 20


batch 19, loss: 0.0000, instance_loss: 0.0011, weighted_loss: 0.0003, label: 0, bag_size: 1067
batch 39, loss: 0.0014, instance_loss: 0.0000, weighted_loss: 0.0010, label: 1, bag_size: 3209
batch 59, loss: 0.0192, instance_loss: 0.0000, weighted_loss: 0.0135, label: 1, bag_size: 5272
batch 79, loss: 0.1096, instance_loss: 0.0000, weighted_loss: 0.0767, label: 1, bag_size: 1501
batch 99, loss: 0.0446, instance_loss: 0.1303, weighted_loss: 0.0703, label: 0, bag_size: 466
batch 119, loss: 0.0180, instance_loss: 0.0003, weighted_loss: 0.0127, label: 0, bag_size: 4266
batch 139, loss: 0.0000, instance_loss: 0.0000, weighted_loss: 0.0000, label: 1, bag_size: 3656
batch 159, loss: 0.0000, instance_loss: 0.0513, weighted_loss: 0.0154, label: 0, bag_size: 2542
batch 179, loss: 0.0000, instance_loss: 0.0000, weighted_loss: 0.0000, label: 0, bag_size: 1849
batch 199, loss: 0.0001, instance_loss: 0.0014, weighted_loss: 0.0005, label: 1, bag_size: 3238
batch 219, loss: 0.0000, instance_loss: 0.0167, weighted_loss: 0.0050, label: 0, bag_size: 1657
batch 239, loss: 0.0000, instance_loss: 0.0013, weighted_loss: 0.0004, label: 1, bag_size: 797
batch 259, loss: 0.0128, instance_loss: 0.1912, weighted_loss: 0.0663, label: 0, bag_size: 887
batch 279, loss: 0.0000, instance_loss: 0.0000, weighted_loss: 0.0000, label: 1, bag_size: 1677
batch 299, loss: 0.0010, instance_loss: 0.0000, weighted_loss: 0.0007, label: 1, bag_size: 5489
batch 319, loss: 0.0006, instance_loss: 0.0028, weighted_loss: 0.0013, label: 0, bag_size: 1889
batch 339, loss: 0.0599, instance_loss: 0.0051, weighted_loss: 0.0434, label: 0, bag_size: 675
batch 359, loss: 0.0169, instance_loss: 0.0000, weighted_loss: 0.0118, label: 1, bag_size: 5272
batch 379, loss: 0.0003, instance_loss: 0.0000, weighted_loss: 0.0002, label: 1, bag_size: 1736
batch 399, loss: 0.4566, instance_loss: 0.0000, weighted_loss: 0.3197, label: 1, bag_size: 5113
batch 419, loss: 0.0000, instance_loss: 0.0017, weighted_loss: 0.0005, label: 1, bag_size: 467
batch 439, loss: 0.0006, instance_loss: 0.0000, weighted_loss: 0.0004, label: 1, bag_size: 1683
batch 459, loss: 0.0001, instance_loss: 0.0013, weighted_loss: 0.0005, label: 0, bag_size: 1143
batch 479, loss: 0.0000, instance_loss: 0.0000, weighted_loss: 0.0000, label: 1, bag_size: 4417
batch 499, loss: 0.0000, instance_loss: 0.0008, weighted_loss: 0.0002, label: 1, bag_size: 346
batch 519, loss: 0.0071, instance_loss: 0.0000, weighted_loss: 0.0049, label: 1, bag_size: 441
batch 539, loss: 0.0081, instance_loss: 0.0000, weighted_loss: 0.0057, label: 1, bag_size: 956
batch 559, loss: 0.0000, instance_loss: 0.0000, weighted_loss: 0.0000, label: 1, bag_size: 1055
batch 579, loss: 0.0031, instance_loss: 0.0000, weighted_loss: 0.0022, label: 1, bag_size: 3756
batch 599, loss: 3.8955, instance_loss: 0.0004, weighted_loss: 2.7270, label: 1, bag_size: 2162
batch 619, loss: 0.0001, instance_loss: 0.0000, weighted_loss: 0.0000, label: 1, bag_size: 4013
batch 639, loss: 0.0000, instance_loss: 0.0000, weighted_loss: 0.0000, label: 1, bag_size: 3932
batch 659, loss: 0.0000, instance_loss: 0.0000, weighted_loss: 0.0000, label: 0, bag_size: 4030
batch 679, loss: 0.0004, instance_loss: 0.0000, weighted_loss: 0.0003, label: 0, bag_size: 598


class 0 clustering acc 0.9987355491329479: correct 5529/5536
class 1 clustering acc 0.9960260115606936: correct 5514/5536
Epoch: 29, train_loss: 0.0772, train_clustering_loss:  0.0156, train_error: 0.0275
class 0: acc 0.9798270893371758, correct 340/347
class 1: acc 0.9652173913043478, correct 333/345

Val Set, val_loss: 2.4874, val_error: 0.3867, auc: 0.4871
class 0 clustering acc 1.0: correct 1200/1200
class 1 clustering acc 1.0: correct 1200/1200
class 0: acc 0.7142857142857143, correct 85/119
class 1: acc 0.22580645161290322, correct 7/31
EarlyStopping counter: 29 out of 20


batch 19, loss: 0.0091, instance_loss: 0.0011, weighted_loss: 0.0067, label: 0, bag_size: 675
batch 39, loss: 0.0000, instance_loss: 0.0019, weighted_loss: 0.0006, label: 0, bag_size: 433
batch 59, loss: 0.0006, instance_loss: 0.0006, weighted_loss: 0.0006, label: 0, bag_size: 1083
batch 79, loss: 0.0000, instance_loss: 0.0000, weighted_loss: 0.0000, label: 1, bag_size: 5140
batch 99, loss: 0.0019, instance_loss: 0.0000, weighted_loss: 0.0013, label: 0, bag_size: 3507
batch 119, loss: 0.0031, instance_loss: 0.0492, weighted_loss: 0.0169, label: 0, bag_size: 1315
batch 139, loss: 0.0000, instance_loss: 0.0000, weighted_loss: 0.0000, label: 1, bag_size: 3238
batch 159, loss: 0.0120, instance_loss: 0.0011, weighted_loss: 0.0088, label: 0, bag_size: 1440
batch 179, loss: 0.0012, instance_loss: 0.0000, weighted_loss: 0.0008, label: 0, bag_size: 3507
batch 199, loss: 0.0103, instance_loss: 0.0000, weighted_loss: 0.0072, label: 1, bag_size: 5272
batch 219, loss: 0.0002, instance_loss: 0.0007, weighted_loss: 0.0003, label: 0, bag_size: 378
batch 239, loss: 0.0037, instance_loss: 0.0003, weighted_loss: 0.0027, label: 1, bag_size: 1016
batch 259, loss: 0.0000, instance_loss: 0.0000, weighted_loss: 0.0000, label: 0, bag_size: 1019
batch 279, loss: 0.0000, instance_loss: 0.0026, weighted_loss: 0.0008, label: 0, bag_size: 754
batch 299, loss: 0.0001, instance_loss: 0.0000, weighted_loss: 0.0001, label: 1, bag_size: 1702
batch 319, loss: 0.0000, instance_loss: 0.0008, weighted_loss: 0.0002, label: 0, bag_size: 697
batch 339, loss: 0.0062, instance_loss: 0.0003, weighted_loss: 0.0044, label: 1, bag_size: 723
batch 359, loss: 0.1326, instance_loss: 0.0000, weighted_loss: 0.0929, label: 0, bag_size: 3719
batch 379, loss: 0.0000, instance_loss: 0.0006, weighted_loss: 0.0002, label: 0, bag_size: 963
batch 399, loss: 0.0003, instance_loss: 0.0004, weighted_loss: 0.0003, label: 0, bag_size: 690
batch 419, loss: 0.0341, instance_loss: 0.0000, weighted_loss: 0.0239, label: 0, bag_size: 400
batch 439, loss: 0.0000, instance_loss: 0.0133, weighted_loss: 0.0040, label: 0, bag_size: 368
batch 459, loss: 0.0018, instance_loss: 0.0000, weighted_loss: 0.0012, label: 1, bag_size: 3583
batch 479, loss: 0.0049, instance_loss: 0.0006, weighted_loss: 0.0036, label: 1, bag_size: 3037
batch 499, loss: 0.0010, instance_loss: 0.0000, weighted_loss: 0.0007, label: 1, bag_size: 1503
batch 519, loss: 0.0006, instance_loss: 0.0000, weighted_loss: 0.0004, label: 0, bag_size: 3507
batch 539, loss: 0.0022, instance_loss: 0.0000, weighted_loss: 0.0015, label: 1, bag_size: 1662
batch 559, loss: 0.0000, instance_loss: 0.0179, weighted_loss: 0.0054, label: 0, bag_size: 840
batch 579, loss: 0.0001, instance_loss: 0.0000, weighted_loss: 0.0000, label: 1, bag_size: 966
batch 599, loss: 0.0006, instance_loss: 0.0011, weighted_loss: 0.0007, label: 0, bag_size: 1364
batch 619, loss: 0.0005, instance_loss: 0.0002, weighted_loss: 0.0004, label: 0, bag_size: 3715
batch 639, loss: 0.0000, instance_loss: 0.0199, weighted_loss: 0.0060, label: 0, bag_size: 1080
batch 659, loss: 0.0006, instance_loss: 0.0000, weighted_loss: 0.0004, label: 1, bag_size: 251
batch 679, loss: 0.0000, instance_loss: 0.0172, weighted_loss: 0.0052, label: 0, bag_size: 1159


class 0 clustering acc 1.0: correct 5536/5536
class 1 clustering acc 0.9980130057803468: correct 5525/5536
Epoch: 30, train_loss: 0.0420, train_clustering_loss:  0.0069, train_error: 0.0087
class 0: acc 0.988795518207283, correct 353/357
class 1: acc 0.9940298507462687, correct 333/335

Val Set, val_loss: 2.1789, val_error: 0.2667, auc: 0.5012
class 0 clustering acc 1.0: correct 1200/1200
class 1 clustering acc 1.0: correct 1200/1200
class 0: acc 0.8907563025210085, correct 106/119
class 1: acc 0.12903225806451613, correct 4/31
EarlyStopping counter: 30 out of 20


batch 19, loss: 0.1550, instance_loss: 0.0000, weighted_loss: 0.1085, label: 1, bag_size: 4202
batch 39, loss: 0.0000, instance_loss: 0.0000, weighted_loss: 0.0000, label: 1, bag_size: 4741
batch 59, loss: 0.0000, instance_loss: 0.1086, weighted_loss: 0.0326, label: 0, bag_size: 699
batch 79, loss: 0.0000, instance_loss: 0.0180, weighted_loss: 0.0054, label: 0, bag_size: 433
batch 99, loss: 0.0000, instance_loss: 0.0006, weighted_loss: 0.0002, label: 0, bag_size: 2317
batch 119, loss: 0.0005, instance_loss: 0.0000, weighted_loss: 0.0003, label: 1, bag_size: 2733
batch 139, loss: 0.0001, instance_loss: 0.0000, weighted_loss: 0.0000, label: 1, bag_size: 1293
batch 159, loss: 0.0228, instance_loss: 0.0005, weighted_loss: 0.0161, label: 0, bag_size: 2503
batch 179, loss: 0.0009, instance_loss: 0.0000, weighted_loss: 0.0007, label: 1, bag_size: 605
batch 199, loss: 0.0000, instance_loss: 0.0000, weighted_loss: 0.0000, label: 0, bag_size: 3778
batch 219, loss: 0.0001, instance_loss: 0.0009, weighted_loss: 0.0004, label: 0, bag_size: 1824
batch 239, loss: 0.0000, instance_loss: 0.0012, weighted_loss: 0.0004, label: 0, bag_size: 2317
batch 259, loss: 0.0063, instance_loss: 0.0000, weighted_loss: 0.0044, label: 1, bag_size: 1082
batch 279, loss: 0.0000, instance_loss: 0.0000, weighted_loss: 0.0000, label: 1, bag_size: 1547
batch 299, loss: 0.0000, instance_loss: 0.0000, weighted_loss: 0.0000, label: 1, bag_size: 1979
batch 319, loss: 0.0002, instance_loss: 0.0000, weighted_loss: 0.0002, label: 1, bag_size: 4957
batch 339, loss: 0.0000, instance_loss: 0.0248, weighted_loss: 0.0074, label: 0, bag_size: 1176
batch 359, loss: 0.0001, instance_loss: 0.0033, weighted_loss: 0.0011, label: 0, bag_size: 1013
batch 379, loss: 0.0000, instance_loss: 0.0000, weighted_loss: 0.0000, label: 1, bag_size: 1068
batch 399, loss: 0.0008, instance_loss: 0.0000, weighted_loss: 0.0006, label: 1, bag_size: 1552
batch 419, loss: 0.0019, instance_loss: 0.0012, weighted_loss: 0.0017, label: 0, bag_size: 724
batch 439, loss: 0.0001, instance_loss: 0.0000, weighted_loss: 0.0001, label: 1, bag_size: 221
batch 459, loss: 0.0000, instance_loss: 0.0000, weighted_loss: 0.0000, label: 1, bag_size: 4345
batch 479, loss: 0.0012, instance_loss: 0.0000, weighted_loss: 0.0008, label: 1, bag_size: 2434
batch 499, loss: 0.0000, instance_loss: 0.0353, weighted_loss: 0.0106, label: 0, bag_size: 1159
batch 519, loss: 0.0000, instance_loss: 0.0000, weighted_loss: 0.0000, label: 0, bag_size: 3374
batch 539, loss: 0.0000, instance_loss: 0.0394, weighted_loss: 0.0118, label: 1, bag_size: 1284
batch 559, loss: 0.0001, instance_loss: 0.0000, weighted_loss: 0.0001, label: 1, bag_size: 643
batch 579, loss: 0.0000, instance_loss: 0.0079, weighted_loss: 0.0024, label: 0, bag_size: 1157
batch 599, loss: 0.0001, instance_loss: 0.0025, weighted_loss: 0.0008, label: 0, bag_size: 1643
batch 619, loss: 0.0001, instance_loss: 0.0006, weighted_loss: 0.0003, label: 0, bag_size: 873
batch 639, loss: 0.0001, instance_loss: 0.0000, weighted_loss: 0.0001, label: 1, bag_size: 5460
batch 659, loss: 0.0000, instance_loss: 0.0046, weighted_loss: 0.0014, label: 0, bag_size: 348
batch 679, loss: 0.0064, instance_loss: 0.0000, weighted_loss: 0.0045, label: 1, bag_size: 652


class 0 clustering acc 0.9996387283236994: correct 5534/5536
class 1 clustering acc 0.9976517341040463: correct 5523/5536
Epoch: 31, train_loss: 0.0069, train_clustering_loss:  0.0087, train_error: 0.0000
class 0: acc 1.0, correct 350/350
class 1: acc 1.0, correct 342/342

Val Set, val_loss: 2.3696, val_error: 0.3267, auc: 0.4934
class 0 clustering acc 1.0: correct 1200/1200
class 1 clustering acc 1.0: correct 1200/1200
class 0: acc 0.8067226890756303, correct 96/119
class 1: acc 0.16129032258064516, correct 5/31
EarlyStopping counter: 31 out of 20


batch 19, loss: 0.0021, instance_loss: 0.0013, weighted_loss: 0.0018, label: 0, bag_size: 3693
batch 39, loss: 0.0017, instance_loss: 0.0000, weighted_loss: 0.0012, label: 0, bag_size: 3693
batch 59, loss: 0.0002, instance_loss: 0.0002, weighted_loss: 0.0002, label: 0, bag_size: 856
batch 79, loss: 0.0000, instance_loss: 0.8051, weighted_loss: 0.2415, label: 0, bag_size: 305
batch 99, loss: 0.0000, instance_loss: 0.0009, weighted_loss: 0.0003, label: 1, bag_size: 10274
batch 119, loss: 0.0000, instance_loss: 0.0095, weighted_loss: 0.0029, label: 0, bag_size: 391
batch 139, loss: 0.0000, instance_loss: 0.0012, weighted_loss: 0.0004, label: 0, bag_size: 2035
batch 159, loss: 0.0000, instance_loss: 0.0000, weighted_loss: 0.0000, label: 1, bag_size: 5140
batch 179, loss: 0.0000, instance_loss: 0.0030, weighted_loss: 0.0009, label: 0, bag_size: 598
batch 199, loss: 0.0000, instance_loss: 0.0033, weighted_loss: 0.0010, label: 0, bag_size: 1243
batch 219, loss: 0.0000, instance_loss: 0.0062, weighted_loss: 0.0019, label: 0, bag_size: 748
batch 239, loss: 0.0036, instance_loss: 0.0000, weighted_loss: 0.0025, label: 1, bag_size: 2722
batch 259, loss: 0.0001, instance_loss: 0.0158, weighted_loss: 0.0048, label: 0, bag_size: 1013
batch 279, loss: 0.0411, instance_loss: 0.0018, weighted_loss: 0.0293, label: 0, bag_size: 478
batch 299, loss: 0.0004, instance_loss: 0.0000, weighted_loss: 0.0003, label: 0, bag_size: 3884
batch 319, loss: 0.0001, instance_loss: 0.1632, weighted_loss: 0.0490, label: 0, bag_size: 414
batch 339, loss: 0.0000, instance_loss: 0.0000, weighted_loss: 0.0000, label: 1, bag_size: 1166
batch 359, loss: 0.0023, instance_loss: 0.0000, weighted_loss: 0.0016, label: 1, bag_size: 910
batch 379, loss: 0.0000, instance_loss: 0.0000, weighted_loss: 0.0000, label: 0, bag_size: 3723
batch 399, loss: 0.0000, instance_loss: 0.0000, weighted_loss: 0.0000, label: 0, bag_size: 4252
batch 419, loss: 0.0002, instance_loss: 0.0008, weighted_loss: 0.0004, label: 0, bag_size: 3506
batch 439, loss: 0.0000, instance_loss: 0.1472, weighted_loss: 0.0442, label: 0, bag_size: 1067
batch 459, loss: 0.0012, instance_loss: 0.0000, weighted_loss: 0.0009, label: 1, bag_size: 1366
batch 479, loss: 0.0002, instance_loss: 0.0000, weighted_loss: 0.0001, label: 0, bag_size: 3109
batch 499, loss: 0.0008, instance_loss: 0.0000, weighted_loss: 0.0006, label: 0, bag_size: 2722
batch 519, loss: 0.0001, instance_loss: 0.0000, weighted_loss: 0.0001, label: 1, bag_size: 1175
batch 539, loss: 0.0002, instance_loss: 0.0006, weighted_loss: 0.0003, label: 0, bag_size: 1409
batch 559, loss: 0.0000, instance_loss: 0.5531, weighted_loss: 0.1659, label: 0, bag_size: 429
batch 579, loss: 0.0000, instance_loss: 0.0013, weighted_loss: 0.0004, label: 0, bag_size: 348
batch 599, loss: 0.0008, instance_loss: 0.0021, weighted_loss: 0.0012, label: 0, bag_size: 1969
batch 619, loss: 0.0000, instance_loss: 0.0886, weighted_loss: 0.0266, label: 0, bag_size: 627
batch 639, loss: 0.0001, instance_loss: 0.0000, weighted_loss: 0.0001, label: 1, bag_size: 856
batch 659, loss: 0.0000, instance_loss: 0.0050, weighted_loss: 0.0015, label: 0, bag_size: 953
batch 679, loss: 0.0005, instance_loss: 0.0000, weighted_loss: 0.0004, label: 1, bag_size: 2637


class 0 clustering acc 0.9989161849710982: correct 5530/5536
class 1 clustering acc 0.9942196531791907: correct 5504/5536
Epoch: 32, train_loss: 0.0054, train_clustering_loss:  0.0191, train_error: 0.0014
class 0: acc 1.0, correct 350/350
class 1: acc 0.9970760233918129, correct 341/342

Val Set, val_loss: 2.5198, val_error: 0.3600, auc: 0.5001
class 0 clustering acc 0.9975: correct 1197/1200
class 1 clustering acc 1.0: correct 1200/1200
class 0: acc 0.7478991596638656, correct 89/119
class 1: acc 0.22580645161290322, correct 7/31
EarlyStopping counter: 32 out of 20


batch 19, loss: 0.0004, instance_loss: 0.0000, weighted_loss: 0.0003, label: 1, bag_size: 1486
batch 39, loss: 0.0000, instance_loss: 0.0000, weighted_loss: 0.0000, label: 0, bag_size: 3925
batch 59, loss: 0.0000, instance_loss: 0.0000, weighted_loss: 0.0000, label: 1, bag_size: 2032
batch 79, loss: 0.0003, instance_loss: 0.0000, weighted_loss: 0.0002, label: 1, bag_size: 590
batch 99, loss: 0.0003, instance_loss: 0.0000, weighted_loss: 0.0002, label: 0, bag_size: 3818
batch 119, loss: 0.0000, instance_loss: 0.0000, weighted_loss: 0.0000, label: 1, bag_size: 1206
batch 139, loss: 0.0045, instance_loss: 0.0013, weighted_loss: 0.0035, label: 0, bag_size: 2035
batch 159, loss: 0.0001, instance_loss: 0.0000, weighted_loss: 0.0001, label: 1, bag_size: 1547
batch 179, loss: 0.0051, instance_loss: 0.0000, weighted_loss: 0.0035, label: 1, bag_size: 3889
batch 199, loss: 0.0001, instance_loss: 0.0029, weighted_loss: 0.0009, label: 0, bag_size: 200
batch 219, loss: 0.0000, instance_loss: 0.6396, weighted_loss: 0.1919, label: 0, bag_size: 368
batch 239, loss: 0.0000, instance_loss: 0.0063, weighted_loss: 0.0019, label: 0, bag_size: 2914
batch 259, loss: 0.0001, instance_loss: 0.0041, weighted_loss: 0.0013, label: 0, bag_size: 918
batch 279, loss: 0.0000, instance_loss: 0.0081, weighted_loss: 0.0024, label: 0, bag_size: 2065
batch 299, loss: 0.0000, instance_loss: 0.0000, weighted_loss: 0.0000, label: 0, bag_size: 1379
batch 319, loss: 0.0000, instance_loss: 0.0000, weighted_loss: 0.0000, label: 1, bag_size: 3782
batch 339, loss: 0.0001, instance_loss: 0.0000, weighted_loss: 0.0001, label: 0, bag_size: 4322
batch 359, loss: 0.0003, instance_loss: 0.0000, weighted_loss: 0.0002, label: 1, bag_size: 3912
batch 379, loss: 0.0053, instance_loss: 0.0000, weighted_loss: 0.0037, label: 1, bag_size: 1043
batch 399, loss: 0.0001, instance_loss: 0.0053, weighted_loss: 0.0016, label: 0, bag_size: 918
batch 419, loss: 0.0014, instance_loss: 0.0000, weighted_loss: 0.0010, label: 1, bag_size: 4160
batch 439, loss: 0.0000, instance_loss: 0.0000, weighted_loss: 0.0000, label: 0, bag_size: 4572
batch 459, loss: 0.0000, instance_loss: 0.0003, weighted_loss: 0.0001, label: 0, bag_size: 1165
batch 479, loss: 0.0000, instance_loss: 0.1901, weighted_loss: 0.0570, label: 0, bag_size: 368
batch 499, loss: 0.0034, instance_loss: 0.0000, weighted_loss: 0.0024, label: 1, bag_size: 2920
batch 519, loss: 0.0000, instance_loss: 0.0000, weighted_loss: 0.0000, label: 0, bag_size: 2145
batch 539, loss: 0.0017, instance_loss: 0.0000, weighted_loss: 0.0012, label: 0, bag_size: 1424
batch 559, loss: 0.0002, instance_loss: 0.0028, weighted_loss: 0.0010, label: 0, bag_size: 885
batch 579, loss: 0.0000, instance_loss: 0.0020, weighted_loss: 0.0006, label: 0, bag_size: 1668
batch 599, loss: 0.0007, instance_loss: 0.0003, weighted_loss: 0.0006, label: 1, bag_size: 4477
batch 619, loss: 0.0000, instance_loss: 0.0307, weighted_loss: 0.0092, label: 0, bag_size: 718
batch 639, loss: 0.0000, instance_loss: 0.7171, weighted_loss: 0.2151, label: 0, bag_size: 291
batch 659, loss: 0.0000, instance_loss: 0.0555, weighted_loss: 0.0166, label: 0, bag_size: 2914
batch 679, loss: 0.0003, instance_loss: 0.0000, weighted_loss: 0.0002, label: 1, bag_size: 4013


class 0 clustering acc 0.9981936416184971: correct 5526/5536
class 1 clustering acc 0.9947615606936416: correct 5507/5536
Epoch: 33, train_loss: 0.0032, train_clustering_loss:  0.0179, train_error: 0.0000
class 0: acc 1.0, correct 338/338
class 1: acc 1.0, correct 354/354

Val Set, val_loss: 2.4932, val_error: 0.3200, auc: 0.5077
class 0 clustering acc 0.9983333333333333: correct 1198/1200
class 1 clustering acc 1.0: correct 1200/1200
class 0: acc 0.7983193277310925, correct 95/119
class 1: acc 0.22580645161290322, correct 7/31
EarlyStopping counter: 33 out of 20


batch 19, loss: 0.0000, instance_loss: 0.0047, weighted_loss: 0.0014, label: 0, bag_size: 1181
batch 39, loss: 0.0057, instance_loss: 0.0000, weighted_loss: 0.0040, label: 1, bag_size: 1147
batch 59, loss: 0.0000, instance_loss: 0.0459, weighted_loss: 0.0138, label: 0, bag_size: 1889
batch 79, loss: 0.0000, instance_loss: 0.0178, weighted_loss: 0.0054, label: 0, bag_size: 1924
batch 99, loss: 0.0022, instance_loss: 0.0000, weighted_loss: 0.0015, label: 0, bag_size: 3393
batch 119, loss: 0.0000, instance_loss: 0.0022, weighted_loss: 0.0007, label: 0, bag_size: 414
batch 139, loss: 0.0000, instance_loss: 0.0000, weighted_loss: 0.0000, label: 1, bag_size: 966
batch 159, loss: 0.0000, instance_loss: 0.0073, weighted_loss: 0.0022, label: 0, bag_size: 2500
batch 179, loss: 0.0000, instance_loss: 0.0002, weighted_loss: 0.0001, label: 1, bag_size: 2416
batch 199, loss: 0.0038, instance_loss: 0.0000, weighted_loss: 0.0027, label: 1, bag_size: 955
batch 219, loss: 0.0001, instance_loss: 0.0083, weighted_loss: 0.0026, label: 0, bag_size: 1219
batch 239, loss: 0.0000, instance_loss: 0.0007, weighted_loss: 0.0002, label: 1, bag_size: 612
batch 259, loss: 0.0009, instance_loss: 0.0014, weighted_loss: 0.0010, label: 1, bag_size: 4477
batch 279, loss: 0.0009, instance_loss: 0.0000, weighted_loss: 0.0006, label: 1, bag_size: 3613
batch 299, loss: 0.0000, instance_loss: 0.6655, weighted_loss: 0.1996, label: 0, bag_size: 225
batch 319, loss: 0.0003, instance_loss: 0.0000, weighted_loss: 0.0002, label: 1, bag_size: 711
batch 339, loss: 0.0000, instance_loss: 0.0420, weighted_loss: 0.0126, label: 0, bag_size: 1019
batch 359, loss: 0.0000, instance_loss: 0.0000, weighted_loss: 0.0000, label: 1, bag_size: 945
batch 379, loss: 0.0000, instance_loss: 0.0321, weighted_loss: 0.0096, label: 0, bag_size: 299
batch 399, loss: 0.0014, instance_loss: 0.0863, weighted_loss: 0.0269, label: 0, bag_size: 478
batch 419, loss: 0.0000, instance_loss: 0.0000, weighted_loss: 0.0000, label: 1, bag_size: 1979
batch 439, loss: 0.0426, instance_loss: 0.0000, weighted_loss: 0.0298, label: 1, bag_size: 1705
batch 459, loss: 0.0000, instance_loss: 0.0000, weighted_loss: 0.0000, label: 0, bag_size: 363
batch 479, loss: 0.0004, instance_loss: 0.0000, weighted_loss: 0.0003, label: 1, bag_size: 2637
batch 499, loss: 0.0000, instance_loss: 0.0000, weighted_loss: 0.0000, label: 0, bag_size: 4204
batch 519, loss: 0.0000, instance_loss: 0.0020, weighted_loss: 0.0006, label: 0, bag_size: 344
batch 539, loss: 0.0001, instance_loss: 0.0000, weighted_loss: 0.0001, label: 1, bag_size: 931
batch 559, loss: 0.0003, instance_loss: 0.0000, weighted_loss: 0.0002, label: 0, bag_size: 4391
batch 579, loss: 0.0000, instance_loss: 0.0008, weighted_loss: 0.0002, label: 0, bag_size: 1979
batch 599, loss: 0.0000, instance_loss: 0.0152, weighted_loss: 0.0046, label: 0, bag_size: 907
batch 619, loss: 0.0009, instance_loss: 0.0002, weighted_loss: 0.0007, label: 0, bag_size: 2271
batch 639, loss: 0.0006, instance_loss: 0.0000, weighted_loss: 0.0004, label: 1, bag_size: 2459
batch 659, loss: 0.0004, instance_loss: 0.0000, weighted_loss: 0.0003, label: 0, bag_size: 4990
batch 679, loss: 0.0000, instance_loss: 0.0000, weighted_loss: 0.0000, label: 1, bag_size: 4360


class 0 clustering acc 0.9990968208092486: correct 5531/5536
class 1 clustering acc 0.9938583815028902: correct 5502/5536
Epoch: 34, train_loss: 0.0015, train_clustering_loss:  0.0201, train_error: 0.0000
class 0: acc 1.0, correct 335/335
class 1: acc 1.0, correct 357/357

Val Set, val_loss: 2.5110, val_error: 0.3267, auc: 0.5153
class 0 clustering acc 1.0: correct 1200/1200
class 1 clustering acc 1.0: correct 1200/1200
class 0: acc 0.7899159663865546, correct 94/119
class 1: acc 0.22580645161290322, correct 7/31
EarlyStopping counter: 34 out of 20


batch 19, loss: 0.0003, instance_loss: 0.0000, weighted_loss: 0.0002, label: 1, bag_size: 837
batch 39, loss: 0.0046, instance_loss: 0.0000, weighted_loss: 0.0032, label: 1, bag_size: 4987
batch 59, loss: 0.0047, instance_loss: 0.0773, weighted_loss: 0.0265, label: 0, bag_size: 755
batch 79, loss: 0.0000, instance_loss: 0.0000, weighted_loss: 0.0000, label: 1, bag_size: 3505
batch 99, loss: 0.0078, instance_loss: 0.0005, weighted_loss: 0.0056, label: 0, bag_size: 1411
batch 119, loss: 0.0000, instance_loss: 0.0000, weighted_loss: 0.0000, label: 0, bag_size: 4252
batch 139, loss: 0.0000, instance_loss: 0.0139, weighted_loss: 0.0042, label: 0, bag_size: 893
batch 159, loss: 0.0001, instance_loss: 0.0000, weighted_loss: 0.0001, label: 1, bag_size: 565
batch 179, loss: 0.0000, instance_loss: 0.0000, weighted_loss: 0.0000, label: 1, bag_size: 723
batch 199, loss: 0.0000, instance_loss: 0.0008, weighted_loss: 0.0003, label: 0, bag_size: 1218
batch 219, loss: 0.0000, instance_loss: 0.0000, weighted_loss: 0.0000, label: 0, bag_size: 6024
batch 239, loss: 0.0002, instance_loss: 0.0000, weighted_loss: 0.0001, label: 0, bag_size: 724
batch 259, loss: 0.0000, instance_loss: 0.0011, weighted_loss: 0.0003, label: 0, bag_size: 776
batch 279, loss: 0.0001, instance_loss: 0.0000, weighted_loss: 0.0001, label: 1, bag_size: 3379
batch 299, loss: 0.0000, instance_loss: 0.0000, weighted_loss: 0.0000, label: 1, bag_size: 1055
batch 319, loss: 0.0000, instance_loss: 0.0000, weighted_loss: 0.0000, label: 0, bag_size: 5035
batch 339, loss: 0.0000, instance_loss: 1.6028, weighted_loss: 0.4808, label: 0, bag_size: 274
batch 359, loss: 0.0000, instance_loss: 0.0000, weighted_loss: 0.0000, label: 1, bag_size: 1501
batch 379, loss: 0.0000, instance_loss: 0.0042, weighted_loss: 0.0013, label: 0, bag_size: 864
batch 399, loss: 0.0114, instance_loss: 0.0000, weighted_loss: 0.0080, label: 0, bag_size: 6409
batch 419, loss: 0.0000, instance_loss: 0.0028, weighted_loss: 0.0008, label: 0, bag_size: 570
batch 439, loss: 0.0000, instance_loss: 0.0012, weighted_loss: 0.0003, label: 0, bag_size: 732
batch 459, loss: 0.0053, instance_loss: 0.0000, weighted_loss: 0.0037, label: 1, bag_size: 5081
batch 479, loss: 0.0000, instance_loss: 0.0000, weighted_loss: 0.0000, label: 1, bag_size: 1702
batch 499, loss: 0.0016, instance_loss: 0.0052, weighted_loss: 0.0026, label: 0, bag_size: 856
batch 519, loss: 0.0000, instance_loss: 0.0008, weighted_loss: 0.0002, label: 0, bag_size: 2948
batch 539, loss: 0.0000, instance_loss: 0.0031, weighted_loss: 0.0009, label: 0, bag_size: 953
batch 559, loss: 0.0000, instance_loss: 0.0000, weighted_loss: 0.0000, label: 0, bag_size: 4316
batch 579, loss: 0.0002, instance_loss: 0.0000, weighted_loss: 0.0002, label: 0, bag_size: 1173
batch 599, loss: 0.0000, instance_loss: 0.0020, weighted_loss: 0.0006, label: 0, bag_size: 1157
batch 619, loss: 0.0000, instance_loss: 0.0000, weighted_loss: 0.0000, label: 1, bag_size: 4345
batch 639, loss: 0.0000, instance_loss: 0.0000, weighted_loss: 0.0000, label: 1, bag_size: 2168
batch 659, loss: 0.0003, instance_loss: 0.2247, weighted_loss: 0.0676, label: 0, bag_size: 789
batch 679, loss: 0.0000, instance_loss: 0.0000, weighted_loss: 0.0000, label: 1, bag_size: 3656


class 0 clustering acc 0.9987355491329479: correct 5529/5536
class 1 clustering acc 0.9965679190751445: correct 5517/5536
Epoch: 35, train_loss: 0.0728, train_clustering_loss:  0.0125, train_error: 0.0173
class 0: acc 0.9860335195530726, correct 353/358
class 1: acc 0.9790419161676647, correct 327/334

Val Set, val_loss: 2.5977, val_error: 0.3133, auc: 0.5064
class 0 clustering acc 1.0: correct 1200/1200
class 1 clustering acc 1.0: correct 1200/1200
class 0: acc 0.7815126050420168, correct 93/119
class 1: acc 0.3225806451612903, correct 10/31
EarlyStopping counter: 35 out of 20


batch 19, loss: 0.0031, instance_loss: 0.0000, weighted_loss: 0.0022, label: 1, bag_size: 723
batch 39, loss: 0.0026, instance_loss: 0.0000, weighted_loss: 0.0018, label: 1, bag_size: 5308
batch 59, loss: 0.0203, instance_loss: 0.0000, weighted_loss: 0.0142, label: 1, bag_size: 986
batch 79, loss: 0.0075, instance_loss: 0.0013, weighted_loss: 0.0057, label: 1, bag_size: 1293
batch 99, loss: 0.0000, instance_loss: 0.0005, weighted_loss: 0.0002, label: 0, bag_size: 690
batch 119, loss: 0.0000, instance_loss: 0.0000, weighted_loss: 0.0000, label: 0, bag_size: 1223
batch 139, loss: 0.0034, instance_loss: 0.0000, weighted_loss: 0.0024, label: 1, bag_size: 2537
batch 159, loss: 0.0000, instance_loss: 0.0011, weighted_loss: 0.0003, label: 0, bag_size: 711
batch 179, loss: 0.0000, instance_loss: 0.0000, weighted_loss: 0.0000, label: 1, bag_size: 3768
batch 199, loss: 0.0031, instance_loss: 0.0000, weighted_loss: 0.0022, label: 1, bag_size: 661
batch 219, loss: 0.0003, instance_loss: 0.0000, weighted_loss: 0.0002, label: 0, bag_size: 4883
batch 239, loss: 0.0008, instance_loss: 0.0000, weighted_loss: 0.0006, label: 1, bag_size: 3889
batch 259, loss: 0.0015, instance_loss: 0.0005, weighted_loss: 0.0012, label: 0, bag_size: 1819
batch 279, loss: 0.0021, instance_loss: 0.0000, weighted_loss: 0.0015, label: 0, bag_size: 1074
batch 299, loss: 0.0000, instance_loss: 0.0008, weighted_loss: 0.0002, label: 0, bag_size: 1652
batch 319, loss: 0.0010, instance_loss: 0.0000, weighted_loss: 0.0007, label: 0, bag_size: 4342
batch 339, loss: 0.0064, instance_loss: 0.0000, weighted_loss: 0.0045, label: 1, bag_size: 2733
batch 359, loss: 0.0000, instance_loss: 0.0000, weighted_loss: 0.0000, label: 1, bag_size: 956
batch 379, loss: 0.0009, instance_loss: 0.0000, weighted_loss: 0.0007, label: 1, bag_size: 1217
batch 399, loss: 0.0211, instance_loss: 0.0000, weighted_loss: 0.0147, label: 1, bag_size: 1790
batch 419, loss: 0.0002, instance_loss: 0.0000, weighted_loss: 0.0001, label: 1, bag_size: 1705
batch 439, loss: 0.0001, instance_loss: 0.0000, weighted_loss: 0.0001, label: 1, bag_size: 19728
batch 459, loss: 0.0001, instance_loss: 0.0000, weighted_loss: 0.0001, label: 0, bag_size: 840
batch 479, loss: 1.7605, instance_loss: 0.0002, weighted_loss: 1.2324, label: 1, bag_size: 966
batch 499, loss: 0.0002, instance_loss: 0.0000, weighted_loss: 0.0001, label: 0, bag_size: 4022
batch 519, loss: 0.0000, instance_loss: 0.0002, weighted_loss: 0.0001, label: 1, bag_size: 1677
batch 539, loss: 0.0000, instance_loss: 0.0000, weighted_loss: 0.0000, label: 0, bag_size: 853
batch 559, loss: 0.0000, instance_loss: 0.0000, weighted_loss: 0.0000, label: 1, bag_size: 2459
batch 579, loss: 0.0000, instance_loss: 0.0000, weighted_loss: 0.0000, label: 0, bag_size: 637
batch 599, loss: 0.4065, instance_loss: 0.0005, weighted_loss: 0.2847, label: 1, bag_size: 662
batch 619, loss: 0.0343, instance_loss: 0.0000, weighted_loss: 0.0240, label: 0, bag_size: 1398
batch 639, loss: 0.0000, instance_loss: 0.0000, weighted_loss: 0.0000, label: 1, bag_size: 1055
batch 659, loss: 0.0001, instance_loss: 0.0000, weighted_loss: 0.0000, label: 1, bag_size: 817
batch 679, loss: 0.0000, instance_loss: 0.0018, weighted_loss: 0.0005, label: 0, bag_size: 429


class 0 clustering acc 0.9998193641618497: correct 5535/5536
class 1 clustering acc 0.9996387283236994: correct 5534/5536
Epoch: 36, train_loss: 0.0376, train_clustering_loss:  0.0019, train_error: 0.0145
class 0: acc 0.9795918367346939, correct 336/343
class 1: acc 0.9914040114613181, correct 346/349

Val Set, val_loss: 2.4160, val_error: 0.3200, auc: 0.4906
class 0 clustering acc 1.0: correct 1200/1200
class 1 clustering acc 1.0: correct 1200/1200
class 0: acc 0.7899159663865546, correct 94/119
class 1: acc 0.25806451612903225, correct 8/31
EarlyStopping counter: 36 out of 20


batch 19, loss: 0.0002, instance_loss: 0.0000, weighted_loss: 0.0001, label: 0, bag_size: 3425
batch 39, loss: 0.0014, instance_loss: 0.0008, weighted_loss: 0.0012, label: 1, bag_size: 1862
batch 59, loss: 0.0000, instance_loss: 0.0000, weighted_loss: 0.0000, label: 0, bag_size: 2145
batch 79, loss: 0.0000, instance_loss: 0.0003, weighted_loss: 0.0001, label: 0, bag_size: 873
batch 99, loss: 0.0000, instance_loss: 0.0065, weighted_loss: 0.0020, label: 0, bag_size: 1098
batch 119, loss: 0.0000, instance_loss: 0.0000, weighted_loss: 0.0000, label: 0, bag_size: 1173
batch 139, loss: 0.0139, instance_loss: 0.0000, weighted_loss: 0.0097, label: 1, bag_size: 3269
batch 159, loss: 0.0001, instance_loss: 0.0000, weighted_loss: 0.0001, label: 1, bag_size: 4593
batch 179, loss: 0.0173, instance_loss: 0.0000, weighted_loss: 0.0121, label: 0, bag_size: 4391
batch 199, loss: 0.1560, instance_loss: 0.0000, weighted_loss: 0.1092, label: 1, bag_size: 441
batch 219, loss: 0.0031, instance_loss: 0.0017, weighted_loss: 0.0027, label: 0, bag_size: 312
batch 239, loss: 0.0032, instance_loss: 0.0000, weighted_loss: 0.0022, label: 0, bag_size: 893
batch 259, loss: 0.0000, instance_loss: 0.0007, weighted_loss: 0.0002, label: 0, bag_size: 825
batch 279, loss: 0.0000, instance_loss: 0.0035, weighted_loss: 0.0011, label: 0, bag_size: 852
batch 299, loss: 0.0000, instance_loss: 0.0176, weighted_loss: 0.0053, label: 0, bag_size: 237
batch 319, loss: 0.0000, instance_loss: 0.0005, weighted_loss: 0.0002, label: 0, bag_size: 787
batch 339, loss: 0.0002, instance_loss: 0.0000, weighted_loss: 0.0001, label: 1, bag_size: 3379
batch 359, loss: 0.0000, instance_loss: 0.2239, weighted_loss: 0.0672, label: 0, bag_size: 299
batch 379, loss: 0.0002, instance_loss: 0.0000, weighted_loss: 0.0001, label: 0, bag_size: 3690
batch 399, loss: 0.0008, instance_loss: 0.0000, weighted_loss: 0.0005, label: 0, bag_size: 2015
batch 419, loss: 0.0015, instance_loss: 0.0012, weighted_loss: 0.0014, label: 0, bag_size: 1176
batch 439, loss: 0.0005, instance_loss: 0.0000, weighted_loss: 0.0004, label: 1, bag_size: 4164
batch 459, loss: 0.0000, instance_loss: 0.6430, weighted_loss: 0.1929, label: 0, bag_size: 328
batch 479, loss: 0.0000, instance_loss: 0.0003, weighted_loss: 0.0001, label: 0, bag_size: 1518
batch 499, loss: 0.0664, instance_loss: 0.0000, weighted_loss: 0.0465, label: 1, bag_size: 3734
batch 519, loss: 0.0000, instance_loss: 0.0006, weighted_loss: 0.0002, label: 0, bag_size: 2160
batch 539, loss: 0.0000, instance_loss: 0.0000, weighted_loss: 0.0000, label: 1, bag_size: 4181
batch 559, loss: 0.0042, instance_loss: 0.0000, weighted_loss: 0.0030, label: 0, bag_size: 1361
batch 579, loss: 0.0000, instance_loss: 0.0000, weighted_loss: 0.0000, label: 1, bag_size: 509
batch 599, loss: 0.0013, instance_loss: 0.0000, weighted_loss: 0.0009, label: 1, bag_size: 3979
batch 619, loss: 0.0000, instance_loss: 0.0000, weighted_loss: 0.0000, label: 1, bag_size: 2567
batch 639, loss: 0.0000, instance_loss: 0.0000, weighted_loss: 0.0000, label: 0, bag_size: 4201
batch 659, loss: 0.3136, instance_loss: 0.0022, weighted_loss: 0.2201, label: 0, bag_size: 466
batch 679, loss: 0.0004, instance_loss: 0.0000, weighted_loss: 0.0003, label: 1, bag_size: 3836


class 0 clustering acc 0.9994580924855492: correct 5533/5536
class 1 clustering acc 0.9989161849710982: correct 5530/5536
Epoch: 37, train_loss: 0.0478, train_clustering_loss:  0.0040, train_error: 0.0173
class 0: acc 0.9773371104815864, correct 345/353
class 1: acc 0.9882005899705014, correct 335/339

Val Set, val_loss: 2.6025, val_error: 0.3600, auc: 0.4912
class 0 clustering acc 1.0: correct 1200/1200
class 1 clustering acc 1.0: correct 1200/1200
class 0: acc 0.7563025210084033, correct 90/119
class 1: acc 0.1935483870967742, correct 6/31
EarlyStopping counter: 37 out of 20


batch 19, loss: 0.0000, instance_loss: 0.0000, weighted_loss: 0.0000, label: 1, bag_size: 612
batch 39, loss: 0.0000, instance_loss: 0.0000, weighted_loss: 0.0000, label: 0, bag_size: 1181
batch 59, loss: 0.0000, instance_loss: 0.0024, weighted_loss: 0.0007, label: 0, bag_size: 748
batch 79, loss: 0.0001, instance_loss: 0.0000, weighted_loss: 0.0001, label: 1, bag_size: 4348
batch 99, loss: 0.0000, instance_loss: 0.0003, weighted_loss: 0.0001, label: 0, bag_size: 461
batch 119, loss: 0.0001, instance_loss: 0.0000, weighted_loss: 0.0001, label: 1, bag_size: 3269
batch 139, loss: 0.0012, instance_loss: 0.0000, weighted_loss: 0.0008, label: 1, bag_size: 32336
batch 159, loss: 0.0013, instance_loss: 0.0000, weighted_loss: 0.0009, label: 1, bag_size: 19888
batch 179, loss: 0.0004, instance_loss: 0.0000, weighted_loss: 0.0003, label: 1, bag_size: 4381
batch 199, loss: 0.0002, instance_loss: 0.0003, weighted_loss: 0.0002, label: 0, bag_size: 1315
batch 219, loss: 0.0000, instance_loss: 0.0000, weighted_loss: 0.0000, label: 0, bag_size: 6403
batch 239, loss: 0.0133, instance_loss: 0.0000, weighted_loss: 0.0093, label: 0, bag_size: 204
batch 259, loss: 0.0111, instance_loss: 0.0013, weighted_loss: 0.0082, label: 0, bag_size: 929
batch 279, loss: 0.0003, instance_loss: 0.0000, weighted_loss: 0.0002, label: 0, bag_size: 787
batch 299, loss: 0.0000, instance_loss: 0.0000, weighted_loss: 0.0000, label: 0, bag_size: 5170
batch 319, loss: 0.0001, instance_loss: 0.0000, weighted_loss: 0.0001, label: 1, bag_size: 4385
batch 339, loss: 0.0001, instance_loss: 0.0002, weighted_loss: 0.0001, label: 1, bag_size: 1268
batch 359, loss: 0.0000, instance_loss: 0.0000, weighted_loss: 0.0000, label: 1, bag_size: 4385
batch 379, loss: 0.0001, instance_loss: 0.0000, weighted_loss: 0.0000, label: 1, bag_size: 3109
batch 399, loss: 0.0461, instance_loss: 0.0000, weighted_loss: 0.0323, label: 1, bag_size: 705
batch 419, loss: 0.0000, instance_loss: 0.0000, weighted_loss: 0.0000, label: 0, bag_size: 4157
batch 439, loss: 0.0021, instance_loss: 0.0000, weighted_loss: 0.0015, label: 1, bag_size: 1068
batch 459, loss: 0.0000, instance_loss: 0.0000, weighted_loss: 0.0000, label: 1, bag_size: 2722
batch 479, loss: 0.0000, instance_loss: 0.0000, weighted_loss: 0.0000, label: 0, bag_size: 1924
batch 499, loss: 0.0002, instance_loss: 0.0000, weighted_loss: 0.0001, label: 1, bag_size: 1877
batch 519, loss: 0.0027, instance_loss: 0.0010, weighted_loss: 0.0022, label: 0, bag_size: 1002
batch 539, loss: 0.0001, instance_loss: 0.0000, weighted_loss: 0.0001, label: 1, bag_size: 4013
batch 559, loss: 0.0000, instance_loss: 0.0008, weighted_loss: 0.0002, label: 0, bag_size: 1068
batch 579, loss: 0.0310, instance_loss: 0.0000, weighted_loss: 0.0217, label: 1, bag_size: 221
batch 599, loss: 0.0000, instance_loss: 0.0000, weighted_loss: 0.0000, label: 0, bag_size: 363
batch 619, loss: 0.0108, instance_loss: 0.0000, weighted_loss: 0.0076, label: 1, bag_size: 4987
batch 639, loss: 0.0030, instance_loss: 0.0000, weighted_loss: 0.0021, label: 0, bag_size: 2529
batch 659, loss: 0.0000, instance_loss: 0.0000, weighted_loss: 0.0000, label: 0, bag_size: 400
batch 679, loss: 0.0000, instance_loss: 0.0000, weighted_loss: 0.0000, label: 1, bag_size: 2794


class 0 clustering acc 0.9996387283236994: correct 5534/5536
class 1 clustering acc 0.9994580924855492: correct 5533/5536
Epoch: 38, train_loss: 0.0064, train_clustering_loss:  0.0025, train_error: 0.0029
class 0: acc 0.997093023255814, correct 343/344
class 1: acc 0.9971264367816092, correct 347/348

Val Set, val_loss: 2.6268, val_error: 0.3467, auc: 0.4828
class 0 clustering acc 1.0: correct 1200/1200
class 1 clustering acc 1.0: correct 1200/1200
class 0: acc 0.773109243697479, correct 92/119
class 1: acc 0.1935483870967742, correct 6/31
EarlyStopping counter: 38 out of 20


batch 19, loss: 0.0126, instance_loss: 0.0007, weighted_loss: 0.0091, label: 1, bag_size: 5081
batch 39, loss: 0.0000, instance_loss: 0.0006, weighted_loss: 0.0002, label: 0, bag_size: 2075
batch 59, loss: 0.0000, instance_loss: 0.0000, weighted_loss: 0.0000, label: 0, bag_size: 1601
batch 79, loss: 0.0000, instance_loss: 0.0000, weighted_loss: 0.0000, label: 0, bag_size: 3848
batch 99, loss: 0.0000, instance_loss: 0.0000, weighted_loss: 0.0000, label: 0, bag_size: 2678
batch 119, loss: 0.0089, instance_loss: 0.0000, weighted_loss: 0.0062, label: 1, bag_size: 19728
batch 139, loss: 0.0005, instance_loss: 0.0000, weighted_loss: 0.0003, label: 0, bag_size: 1685
batch 159, loss: 0.0000, instance_loss: 0.0000, weighted_loss: 0.0000, label: 1, bag_size: 1662
batch 179, loss: 0.0000, instance_loss: 0.0004, weighted_loss: 0.0001, label: 0, bag_size: 344
batch 199, loss: 0.0000, instance_loss: 0.0000, weighted_loss: 0.0000, label: 0, bag_size: 4172
batch 219, loss: 0.0000, instance_loss: 0.0043, weighted_loss: 0.0013, label: 0, bag_size: 1764
batch 239, loss: 0.0000, instance_loss: 0.0000, weighted_loss: 0.0000, label: 0, bag_size: 3690
batch 259, loss: 1.1059, instance_loss: 0.0000, weighted_loss: 0.7741, label: 0, bag_size: 3109
batch 279, loss: 0.0002, instance_loss: 0.0000, weighted_loss: 0.0001, label: 0, bag_size: 2653
batch 299, loss: 0.0000, instance_loss: 0.0000, weighted_loss: 0.0000, label: 1, bag_size: 2345
batch 319, loss: 0.0000, instance_loss: 0.0000, weighted_loss: 0.0000, label: 1, bag_size: 2473
batch 339, loss: 0.0000, instance_loss: 0.0000, weighted_loss: 0.0000, label: 1, bag_size: 2437
batch 359, loss: 0.0002, instance_loss: 0.0000, weighted_loss: 0.0001, label: 1, bag_size: 776
batch 379, loss: 0.0140, instance_loss: 0.0000, weighted_loss: 0.0098, label: 0, bag_size: 787
batch 399, loss: 0.0001, instance_loss: 0.0000, weighted_loss: 0.0001, label: 0, bag_size: 5364
batch 419, loss: 0.0001, instance_loss: 0.0000, weighted_loss: 0.0000, label: 1, bag_size: 4348
batch 439, loss: 0.0002, instance_loss: 0.0000, weighted_loss: 0.0001, label: 1, bag_size: 918
batch 459, loss: 0.0000, instance_loss: 0.0000, weighted_loss: 0.0000, label: 1, bag_size: 4202
batch 479, loss: 0.0003, instance_loss: 0.0000, weighted_loss: 0.0002, label: 1, bag_size: 1877
batch 499, loss: 0.0000, instance_loss: 0.0000, weighted_loss: 0.0000, label: 1, bag_size: 2162
batch 519, loss: 0.0145, instance_loss: 0.0000, weighted_loss: 0.0101, label: 1, bag_size: 903
batch 539, loss: 0.0150, instance_loss: 0.0000, weighted_loss: 0.0105, label: 1, bag_size: 910
batch 559, loss: 0.0000, instance_loss: 0.0000, weighted_loss: 0.0000, label: 1, bag_size: 2071
batch 579, loss: 0.0689, instance_loss: 0.0000, weighted_loss: 0.0482, label: 1, bag_size: 662
batch 599, loss: 0.0010, instance_loss: 0.0000, weighted_loss: 0.0007, label: 0, bag_size: 4391
batch 619, loss: 0.0000, instance_loss: 0.0000, weighted_loss: 0.0000, label: 0, bag_size: 1243
batch 639, loss: 0.0000, instance_loss: 0.0045, weighted_loss: 0.0014, label: 0, bag_size: 611
batch 659, loss: 0.0000, instance_loss: 0.0000, weighted_loss: 0.0000, label: 0, bag_size: 1146
batch 679, loss: 0.0001, instance_loss: 0.0000, weighted_loss: 0.0001, label: 1, bag_size: 1737


class 0 clustering acc 1.0: correct 5536/5536
class 1 clustering acc 0.9989161849710982: correct 5530/5536
Epoch: 39, train_loss: 0.0253, train_clustering_loss:  0.0022, train_error: 0.0072
class 0: acc 0.9941860465116279, correct 342/344
class 1: acc 0.9913793103448276, correct 345/348

Val Set, val_loss: 2.5866, val_error: 0.3333, auc: 0.4988
class 0 clustering acc 1.0: correct 1200/1200
class 1 clustering acc 1.0: correct 1200/1200
class 0: acc 0.7899159663865546, correct 94/119
class 1: acc 0.1935483870967742, correct 6/31
EarlyStopping counter: 39 out of 20


batch 19, loss: 0.0003, instance_loss: 0.0000, weighted_loss: 0.0002, label: 0, bag_size: 1067
batch 39, loss: 0.0000, instance_loss: 0.0000, weighted_loss: 0.0000, label: 1, bag_size: 3756
batch 59, loss: 0.0028, instance_loss: 0.0000, weighted_loss: 0.0020, label: 1, bag_size: 986
batch 79, loss: 0.0000, instance_loss: 0.0000, weighted_loss: 0.0000, label: 0, bag_size: 1584
batch 99, loss: 0.0002, instance_loss: 0.0000, weighted_loss: 0.0001, label: 1, bag_size: 5149
batch 119, loss: 0.0000, instance_loss: 0.0000, weighted_loss: 0.0000, label: 1, bag_size: 837
batch 139, loss: 0.0031, instance_loss: 0.0000, weighted_loss: 0.0021, label: 1, bag_size: 1790
batch 159, loss: 0.0002, instance_loss: 0.0006, weighted_loss: 0.0003, label: 1, bag_size: 2437
batch 179, loss: 0.0000, instance_loss: 0.0000, weighted_loss: 0.0000, label: 0, bag_size: 1666
batch 199, loss: 0.0000, instance_loss: 0.0000, weighted_loss: 0.0000, label: 1, bag_size: 4741
batch 219, loss: 0.0001, instance_loss: 0.0003, weighted_loss: 0.0002, label: 1, bag_size: 2850
batch 239, loss: 0.0000, instance_loss: 0.0000, weighted_loss: 0.0000, label: 0, bag_size: 723
batch 259, loss: 0.0000, instance_loss: 0.0000, weighted_loss: 0.0000, label: 0, bag_size: 832
batch 279, loss: 0.0000, instance_loss: 0.0022, weighted_loss: 0.0007, label: 0, bag_size: 842
batch 299, loss: 0.0000, instance_loss: 0.0000, weighted_loss: 0.0000, label: 1, bag_size: 1737
batch 319, loss: 0.1346, instance_loss: 0.0000, weighted_loss: 0.0942, label: 1, bag_size: 1175
batch 339, loss: 0.0000, instance_loss: 0.0000, weighted_loss: 0.0000, label: 0, bag_size: 2160
batch 359, loss: 0.0109, instance_loss: 0.0000, weighted_loss: 0.0077, label: 0, bag_size: 1296
batch 379, loss: 0.0000, instance_loss: 0.0002, weighted_loss: 0.0001, label: 0, bag_size: 1013
batch 399, loss: 0.0001, instance_loss: 0.0000, weighted_loss: 0.0000, label: 1, bag_size: 2168
batch 419, loss: 0.0040, instance_loss: 0.0000, weighted_loss: 0.0028, label: 1, bag_size: 652
batch 439, loss: 0.0012, instance_loss: 0.0000, weighted_loss: 0.0009, label: 0, bag_size: 1009
batch 459, loss: 0.0000, instance_loss: 0.0000, weighted_loss: 0.0000, label: 1, bag_size: 2637
batch 479, loss: 0.0001, instance_loss: 0.0000, weighted_loss: 0.0001, label: 1, bag_size: 2191
batch 499, loss: 3.6469, instance_loss: 0.0000, weighted_loss: 2.5528, label: 1, bag_size: 2528
batch 519, loss: 0.0002, instance_loss: 0.0000, weighted_loss: 0.0001, label: 1, bag_size: 2537
batch 539, loss: 0.0000, instance_loss: 0.0000, weighted_loss: 0.0000, label: 1, bag_size: 521
batch 559, loss: 0.0001, instance_loss: 0.0000, weighted_loss: 0.0000, label: 1, bag_size: 4217
batch 579, loss: 0.0020, instance_loss: 0.0000, weighted_loss: 0.0014, label: 1, bag_size: 2002
batch 599, loss: 0.0000, instance_loss: 0.0000, weighted_loss: 0.0000, label: 0, bag_size: 4022
batch 619, loss: 0.0000, instance_loss: 0.0002, weighted_loss: 0.0001, label: 0, bag_size: 1181
batch 639, loss: 0.0240, instance_loss: 0.0000, weighted_loss: 0.0168, label: 1, bag_size: 354
batch 659, loss: 0.0006, instance_loss: 0.0000, weighted_loss: 0.0004, label: 0, bag_size: 1296
batch 679, loss: 0.0000, instance_loss: 0.0000, weighted_loss: 0.0000, label: 0, bag_size: 4815


class 0 clustering acc 1.0: correct 5536/5536
class 1 clustering acc 0.9998193641618497: correct 5535/5536
Epoch: 40, train_loss: 0.0258, train_clustering_loss:  0.0014, train_error: 0.0101
class 0: acc 0.9860724233983287, correct 354/359
class 1: acc 0.993993993993994, correct 331/333

Val Set, val_loss: 2.4090, val_error: 0.3000, auc: 0.5023
class 0 clustering acc 1.0: correct 1200/1200
class 1 clustering acc 1.0: correct 1200/1200
class 0: acc 0.8403361344537815, correct 100/119
class 1: acc 0.16129032258064516, correct 5/31
EarlyStopping counter: 40 out of 20


batch 19, loss: 0.0006, instance_loss: 0.0000, weighted_loss: 0.0004, label: 1, bag_size: 2168
batch 39, loss: 0.0000, instance_loss: 0.0000, weighted_loss: 0.0000, label: 0, bag_size: 3925
batch 59, loss: 0.0000, instance_loss: 0.0000, weighted_loss: 0.0000, label: 0, bag_size: 1010
batch 79, loss: 0.0001, instance_loss: 0.0000, weighted_loss: 0.0001, label: 0, bag_size: 1432
batch 99, loss: 0.0055, instance_loss: 0.0000, weighted_loss: 0.0039, label: 1, bag_size: 1021
batch 119, loss: 0.0008, instance_loss: 0.0000, weighted_loss: 0.0006, label: 0, bag_size: 3690
batch 139, loss: 0.0004, instance_loss: 0.0000, weighted_loss: 0.0003, label: 1, bag_size: 2291
batch 159, loss: 0.0000, instance_loss: 0.0014, weighted_loss: 0.0004, label: 1, bag_size: 1016
batch 179, loss: 0.0000, instance_loss: 0.0000, weighted_loss: 0.0000, label: 0, bag_size: 888
batch 199, loss: 0.0001, instance_loss: 0.0000, weighted_loss: 0.0001, label: 1, bag_size: 3045
batch 219, loss: 0.0000, instance_loss: 0.0000, weighted_loss: 0.0000, label: 1, bag_size: 3906
batch 239, loss: 0.0000, instance_loss: 0.0000, weighted_loss: 0.0000, label: 1, bag_size: 2733
batch 259, loss: 0.0000, instance_loss: 0.0000, weighted_loss: 0.0000, label: 0, bag_size: 4090
batch 279, loss: 0.0000, instance_loss: 0.0000, weighted_loss: 0.0000, label: 0, bag_size: 770
batch 299, loss: 0.0000, instance_loss: 0.0000, weighted_loss: 0.0000, label: 1, bag_size: 612
batch 319, loss: 0.0000, instance_loss: 0.0000, weighted_loss: 0.0000, label: 0, bag_size: 2150
batch 339, loss: 0.0000, instance_loss: 0.0000, weighted_loss: 0.0000, label: 0, bag_size: 1237
batch 359, loss: 0.2890, instance_loss: 0.0000, weighted_loss: 0.2023, label: 1, bag_size: 3931
batch 379, loss: 0.0000, instance_loss: 0.0000, weighted_loss: 0.0000, label: 0, bag_size: 534
batch 399, loss: 0.0000, instance_loss: 0.0000, weighted_loss: 0.0000, label: 1, bag_size: 3546
batch 419, loss: 0.0000, instance_loss: 0.0000, weighted_loss: 0.0000, label: 0, bag_size: 1173
batch 439, loss: 0.0000, instance_loss: 0.0000, weighted_loss: 0.0000, label: 0, bag_size: 3374
batch 459, loss: 0.0000, instance_loss: 0.0000, weighted_loss: 0.0000, label: 0, bag_size: 4201
batch 479, loss: 0.0075, instance_loss: 0.0000, weighted_loss: 0.0052, label: 1, bag_size: 1018
batch 499, loss: 0.0000, instance_loss: 0.0000, weighted_loss: 0.0000, label: 0, bag_size: 1315
batch 519, loss: 0.0000, instance_loss: 0.0000, weighted_loss: 0.0000, label: 1, bag_size: 2473
batch 539, loss: 0.0000, instance_loss: 0.0000, weighted_loss: 0.0000, label: 1, bag_size: 1979
batch 559, loss: 0.0001, instance_loss: 0.0003, weighted_loss: 0.0001, label: 0, bag_size: 776
batch 579, loss: 0.0082, instance_loss: 0.0195, weighted_loss: 0.0116, label: 0, bag_size: 755
batch 599, loss: 0.0019, instance_loss: 0.0000, weighted_loss: 0.0014, label: 0, bag_size: 628
batch 619, loss: 0.0001, instance_loss: 0.0000, weighted_loss: 0.0001, label: 1, bag_size: 6349
batch 639, loss: 0.2833, instance_loss: 0.0015, weighted_loss: 0.1988, label: 1, bag_size: 1284
batch 659, loss: 0.0000, instance_loss: 0.0000, weighted_loss: 0.0000, label: 0, bag_size: 770
batch 679, loss: 0.0259, instance_loss: 0.0000, weighted_loss: 0.0181, label: 0, bag_size: 3675


class 0 clustering acc 0.9998193641618497: correct 5535/5536
class 1 clustering acc 0.9992774566473989: correct 5532/5536
Epoch: 41, train_loss: 0.0442, train_clustering_loss:  0.0025, train_error: 0.0116
class 0: acc 0.9884393063583815, correct 342/346
class 1: acc 0.9884393063583815, correct 342/346

Val Set, val_loss: 2.2207, val_error: 0.3400, auc: 0.4944
class 0 clustering acc 1.0: correct 1200/1200
class 1 clustering acc 1.0: correct 1200/1200
class 0: acc 0.773109243697479, correct 92/119
class 1: acc 0.22580645161290322, correct 7/31
EarlyStopping counter: 41 out of 20


batch 19, loss: 0.0000, instance_loss: 0.0000, weighted_loss: 0.0000, label: 0, bag_size: 1010
batch 39, loss: 0.0000, instance_loss: 0.0000, weighted_loss: 0.0000, label: 0, bag_size: 1044
batch 59, loss: 0.0000, instance_loss: 0.0005, weighted_loss: 0.0002, label: 0, bag_size: 1361
batch 79, loss: 0.0000, instance_loss: 0.0000, weighted_loss: 0.0000, label: 1, bag_size: 2071
batch 99, loss: 0.0009, instance_loss: 0.0000, weighted_loss: 0.0006, label: 1, bag_size: 1702
batch 119, loss: 0.0000, instance_loss: 0.0000, weighted_loss: 0.0000, label: 0, bag_size: 444
batch 139, loss: 0.0102, instance_loss: 0.0000, weighted_loss: 0.0071, label: 1, bag_size: 4787
batch 159, loss: 0.0000, instance_loss: 0.0010, weighted_loss: 0.0003, label: 0, bag_size: 671
batch 179, loss: 0.0000, instance_loss: 0.0007, weighted_loss: 0.0002, label: 1, bag_size: 945
batch 199, loss: 0.0000, instance_loss: 0.0168, weighted_loss: 0.0051, label: 0, bag_size: 344
batch 219, loss: 0.0022, instance_loss: 0.0100, weighted_loss: 0.0046, label: 0, bag_size: 312
batch 239, loss: 0.0000, instance_loss: 0.0000, weighted_loss: 0.0000, label: 1, bag_size: 385
batch 259, loss: 0.0123, instance_loss: 0.0000, weighted_loss: 0.0086, label: 1, bag_size: 923
batch 279, loss: 0.0001, instance_loss: 0.0000, weighted_loss: 0.0001, label: 1, bag_size: 3782
batch 299, loss: 0.0066, instance_loss: 0.0000, weighted_loss: 0.0046, label: 1, bag_size: 910
batch 319, loss: 0.0021, instance_loss: 0.0000, weighted_loss: 0.0014, label: 1, bag_size: 239
batch 339, loss: 0.0001, instance_loss: 0.0000, weighted_loss: 0.0001, label: 0, bag_size: 726
batch 359, loss: 0.0000, instance_loss: 0.0000, weighted_loss: 0.0000, label: 1, bag_size: 612
batch 379, loss: 0.0000, instance_loss: 0.0009, weighted_loss: 0.0003, label: 0, bag_size: 537
batch 399, loss: 0.0001, instance_loss: 0.0003, weighted_loss: 0.0002, label: 0, bag_size: 2503
batch 419, loss: 0.0000, instance_loss: 0.0094, weighted_loss: 0.0028, label: 0, bag_size: 1055
batch 439, loss: 0.0004, instance_loss: 0.0000, weighted_loss: 0.0003, label: 0, bag_size: 2355
batch 459, loss: 0.0000, instance_loss: 0.0009, weighted_loss: 0.0003, label: 0, bag_size: 1010
batch 479, loss: 0.0002, instance_loss: 0.0000, weighted_loss: 0.0001, label: 1, bag_size: 2637
batch 499, loss: 0.0002, instance_loss: 0.0000, weighted_loss: 0.0001, label: 1, bag_size: 2528
batch 519, loss: 0.0000, instance_loss: 0.0000, weighted_loss: 0.0000, label: 0, bag_size: 732
batch 539, loss: 0.0000, instance_loss: 0.0003, weighted_loss: 0.0001, label: 0, bag_size: 1768
batch 559, loss: 0.0105, instance_loss: 0.0000, weighted_loss: 0.0074, label: 1, bag_size: 19728
batch 579, loss: 0.0000, instance_loss: 0.0002, weighted_loss: 0.0001, label: 0, bag_size: 748
batch 599, loss: 0.0000, instance_loss: 0.0000, weighted_loss: 0.0000, label: 1, bag_size: 1547
batch 619, loss: 0.0016, instance_loss: 0.0000, weighted_loss: 0.0011, label: 0, bag_size: 1979
batch 639, loss: 0.0026, instance_loss: 0.0000, weighted_loss: 0.0018, label: 0, bag_size: 4431
batch 659, loss: 0.0000, instance_loss: 0.0000, weighted_loss: 0.0000, label: 0, bag_size: 837
batch 679, loss: 0.0000, instance_loss: 0.0000, weighted_loss: 0.0000, label: 0, bag_size: 1518


class 0 clustering acc 1.0: correct 5536/5536
class 1 clustering acc 0.9996387283236994: correct 5534/5536
Epoch: 42, train_loss: 0.0081, train_clustering_loss:  0.0014, train_error: 0.0014
class 0: acc 0.997134670487106, correct 348/349
class 1: acc 1.0, correct 343/343

Val Set, val_loss: 2.5510, val_error: 0.2867, auc: 0.4972
class 0 clustering acc 1.0: correct 1200/1200
class 1 clustering acc 1.0: correct 1200/1200
class 0: acc 0.8487394957983193, correct 101/119
class 1: acc 0.1935483870967742, correct 6/31
EarlyStopping counter: 42 out of 20


batch 19, loss: 0.0000, instance_loss: 0.0002, weighted_loss: 0.0001, label: 1, bag_size: 14189
batch 39, loss: 0.0001, instance_loss: 0.0000, weighted_loss: 0.0001, label: 1, bag_size: 837
batch 59, loss: 0.0045, instance_loss: 0.0000, weighted_loss: 0.0031, label: 1, bag_size: 1949
batch 79, loss: 0.0000, instance_loss: 0.0000, weighted_loss: 0.0000, label: 1, bag_size: 849
batch 99, loss: 0.0001, instance_loss: 0.0004, weighted_loss: 0.0002, label: 0, bag_size: 598
batch 119, loss: 0.0002, instance_loss: 0.0000, weighted_loss: 0.0001, label: 1, bag_size: 753
batch 139, loss: 0.0020, instance_loss: 0.0000, weighted_loss: 0.0014, label: 1, bag_size: 2459
batch 159, loss: 0.0000, instance_loss: 0.0002, weighted_loss: 0.0001, label: 1, bag_size: 10274
batch 179, loss: 0.0074, instance_loss: 0.0000, weighted_loss: 0.0052, label: 0, bag_size: 787
batch 199, loss: 0.0000, instance_loss: 0.0005, weighted_loss: 0.0002, label: 1, bag_size: 221
batch 219, loss: 0.0045, instance_loss: 0.0000, weighted_loss: 0.0032, label: 0, bag_size: 5769
batch 239, loss: 0.0001, instance_loss: 0.0000, weighted_loss: 0.0001, label: 1, bag_size: 1198
batch 259, loss: 0.0002, instance_loss: 0.0000, weighted_loss: 0.0001, label: 1, bag_size: 3483
batch 279, loss: 0.0000, instance_loss: 0.0000, weighted_loss: 0.0000, label: 0, bag_size: 5073
batch 299, loss: 0.0000, instance_loss: 0.0012, weighted_loss: 0.0004, label: 1, bag_size: 2513
batch 319, loss: 0.0000, instance_loss: 0.0000, weighted_loss: 0.0000, label: 1, bag_size: 1728
batch 339, loss: 0.0002, instance_loss: 0.0000, weighted_loss: 0.0001, label: 1, bag_size: 3045
batch 359, loss: 0.0000, instance_loss: 0.0007, weighted_loss: 0.0002, label: 0, bag_size: 1223
batch 379, loss: 0.0042, instance_loss: 0.0000, weighted_loss: 0.0029, label: 1, bag_size: 903
batch 399, loss: 0.0000, instance_loss: 0.0000, weighted_loss: 0.0000, label: 0, bag_size: 1542
batch 419, loss: 0.0000, instance_loss: 0.0003, weighted_loss: 0.0001, label: 0, bag_size: 468
batch 439, loss: 0.0000, instance_loss: 0.0000, weighted_loss: 0.0000, label: 0, bag_size: 1083
batch 459, loss: 0.5478, instance_loss: 0.0000, weighted_loss: 0.3835, label: 0, bag_size: 5034
batch 479, loss: 0.0000, instance_loss: 0.0000, weighted_loss: 0.0000, label: 0, bag_size: 589
batch 499, loss: 0.0005, instance_loss: 0.0000, weighted_loss: 0.0004, label: 1, bag_size: 4202
batch 519, loss: 0.0000, instance_loss: 0.0000, weighted_loss: 0.0000, label: 1, bag_size: 346
batch 539, loss: 0.0000, instance_loss: 0.0000, weighted_loss: 0.0000, label: 0, bag_size: 607
batch 559, loss: 0.0000, instance_loss: 0.0000, weighted_loss: 0.0000, label: 1, bag_size: 467
batch 579, loss: 0.0125, instance_loss: 0.0000, weighted_loss: 0.0088, label: 1, bag_size: 590
batch 599, loss: 0.0001, instance_loss: 0.0000, weighted_loss: 0.0000, label: 1, bag_size: 1547
batch 619, loss: 0.0000, instance_loss: 0.0005, weighted_loss: 0.0002, label: 0, bag_size: 307
batch 639, loss: 0.0000, instance_loss: 0.0000, weighted_loss: 0.0000, label: 0, bag_size: 3554
batch 659, loss: 0.0013, instance_loss: 0.0000, weighted_loss: 0.0009, label: 1, bag_size: 3836
batch 679, loss: 0.0000, instance_loss: 0.0000, weighted_loss: 0.0000, label: 0, bag_size: 1019


class 0 clustering acc 1.0: correct 5536/5536
class 1 clustering acc 0.9994580924855492: correct 5533/5536
Epoch: 43, train_loss: 0.0041, train_clustering_loss:  0.0015, train_error: 0.0000
class 0: acc 1.0, correct 349/349
class 1: acc 1.0, correct 343/343

Val Set, val_loss: 2.5134, val_error: 0.2733, auc: 0.5194
class 0 clustering acc 1.0: correct 1200/1200
class 1 clustering acc 1.0: correct 1200/1200
class 0: acc 0.8571428571428571, correct 102/119
class 1: acc 0.22580645161290322, correct 7/31
EarlyStopping counter: 43 out of 20


batch 19, loss: 0.0018, instance_loss: 0.0000, weighted_loss: 0.0012, label: 0, bag_size: 739
batch 39, loss: 0.0000, instance_loss: 0.0000, weighted_loss: 0.0000, label: 1, bag_size: 1268
batch 59, loss: 0.0000, instance_loss: 0.0000, weighted_loss: 0.0000, label: 1, bag_size: 542
batch 79, loss: 0.0000, instance_loss: 0.0002, weighted_loss: 0.0001, label: 0, bag_size: 383
batch 99, loss: 0.0036, instance_loss: 0.0000, weighted_loss: 0.0025, label: 1, bag_size: 2006
batch 119, loss: 0.0001, instance_loss: 0.0000, weighted_loss: 0.0001, label: 1, bag_size: 5502
batch 139, loss: 0.0000, instance_loss: 0.0000, weighted_loss: 0.0000, label: 1, bag_size: 3209
batch 159, loss: 0.0426, instance_loss: 0.0051, weighted_loss: 0.0314, label: 1, bag_size: 1033
batch 179, loss: 0.0000, instance_loss: 0.0007, weighted_loss: 0.0002, label: 1, bag_size: 5113
batch 199, loss: 0.0000, instance_loss: 0.0007, weighted_loss: 0.0002, label: 0, bag_size: 299
batch 219, loss: 0.0012, instance_loss: 0.0000, weighted_loss: 0.0009, label: 0, bag_size: 3785
batch 239, loss: 0.0003, instance_loss: 0.0000, weighted_loss: 0.0002, label: 1, bag_size: 3836
batch 259, loss: 0.0002, instance_loss: 0.0000, weighted_loss: 0.0002, label: 1, bag_size: 3613
batch 279, loss: 0.0014, instance_loss: 0.0000, weighted_loss: 0.0010, label: 1, bag_size: 1018
batch 299, loss: 0.0000, instance_loss: 0.0008, weighted_loss: 0.0002, label: 0, bag_size: 656
batch 319, loss: 0.0009, instance_loss: 0.0000, weighted_loss: 0.0006, label: 1, bag_size: 988
batch 339, loss: 0.0000, instance_loss: 0.0008, weighted_loss: 0.0002, label: 0, bag_size: 607
batch 359, loss: 0.0000, instance_loss: 0.0002, weighted_loss: 0.0001, label: 1, bag_size: 3600
batch 379, loss: 0.0000, instance_loss: 0.0000, weighted_loss: 0.0000, label: 0, bag_size: 1223
batch 399, loss: 0.0160, instance_loss: 0.0000, weighted_loss: 0.0112, label: 1, bag_size: 1862
batch 419, loss: 0.0000, instance_loss: 0.1969, weighted_loss: 0.0591, label: 0, bag_size: 509
batch 439, loss: 0.0000, instance_loss: 0.0000, weighted_loss: 0.0000, label: 0, bag_size: 883
batch 459, loss: 0.0000, instance_loss: 0.0000, weighted_loss: 0.0000, label: 0, bag_size: 5207
batch 479, loss: 0.0000, instance_loss: 0.0013, weighted_loss: 0.0004, label: 0, bag_size: 368
batch 499, loss: 0.0000, instance_loss: 0.0000, weighted_loss: 0.0000, label: 1, bag_size: 2345
batch 519, loss: 0.0000, instance_loss: 0.0000, weighted_loss: 0.0000, label: 1, bag_size: 969
batch 539, loss: 0.0000, instance_loss: 0.0002, weighted_loss: 0.0001, label: 1, bag_size: 2637
batch 559, loss: 0.0000, instance_loss: 0.0000, weighted_loss: 0.0000, label: 1, bag_size: 4593
batch 579, loss: 0.0000, instance_loss: 0.0013, weighted_loss: 0.0004, label: 0, bag_size: 963
batch 599, loss: 0.0000, instance_loss: 0.0015, weighted_loss: 0.0004, label: 0, bag_size: 770
batch 619, loss: 0.0000, instance_loss: 0.0027, weighted_loss: 0.0008, label: 0, bag_size: 1219
batch 639, loss: 0.0000, instance_loss: 0.0008, weighted_loss: 0.0002, label: 0, bag_size: 1176
batch 659, loss: 0.0000, instance_loss: 0.0000, weighted_loss: 0.0000, label: 0, bag_size: 3523
batch 679, loss: 0.0000, instance_loss: 0.0020, weighted_loss: 0.0006, label: 0, bag_size: 429


class 0 clustering acc 0.9998193641618497: correct 5535/5536
class 1 clustering acc 0.9985549132947977: correct 5528/5536
Epoch: 44, train_loss: 0.0384, train_clustering_loss:  0.0047, train_error: 0.0087
class 0: acc 0.9915014164305949, correct 350/353
class 1: acc 0.9911504424778761, correct 336/339

Val Set, val_loss: 2.3443, val_error: 0.3133, auc: 0.5023
class 0 clustering acc 1.0: correct 1200/1200
class 1 clustering acc 1.0: correct 1200/1200
class 0: acc 0.7815126050420168, correct 93/119
class 1: acc 0.3225806451612903, correct 10/31
EarlyStopping counter: 44 out of 20


batch 19, loss: 0.0002, instance_loss: 0.0047, weighted_loss: 0.0016, label: 0, bag_size: 1367
batch 39, loss: 0.0020, instance_loss: 0.0008, weighted_loss: 0.0016, label: 0, bag_size: 668
batch 59, loss: 0.0083, instance_loss: 0.0000, weighted_loss: 0.0058, label: 1, bag_size: 2162
batch 79, loss: 0.0000, instance_loss: 0.0000, weighted_loss: 0.0000, label: 0, bag_size: 1067
batch 99, loss: 0.0000, instance_loss: 0.0000, weighted_loss: 0.0000, label: 1, bag_size: 1394
batch 119, loss: 0.0000, instance_loss: 0.0000, weighted_loss: 0.0000, label: 0, bag_size: 4316
batch 139, loss: 0.0061, instance_loss: 0.0000, weighted_loss: 0.0043, label: 1, bag_size: 239
batch 159, loss: 0.0620, instance_loss: 0.0000, weighted_loss: 0.0434, label: 1, bag_size: 2434
batch 179, loss: 0.0000, instance_loss: 0.0000, weighted_loss: 0.0000, label: 0, bag_size: 1083
batch 199, loss: 0.0000, instance_loss: 1.1060, weighted_loss: 0.3318, label: 0, bag_size: 225
batch 219, loss: 0.0000, instance_loss: 0.0000, weighted_loss: 0.0000, label: 0, bag_size: 1243
batch 239, loss: 0.0000, instance_loss: 0.0000, weighted_loss: 0.0000, label: 1, bag_size: 2071
batch 259, loss: 0.0000, instance_loss: 0.0000, weighted_loss: 0.0000, label: 0, bag_size: 589
batch 279, loss: 0.0002, instance_loss: 0.0004, weighted_loss: 0.0003, label: 0, bag_size: 852
batch 299, loss: 0.0000, instance_loss: 0.0016, weighted_loss: 0.0005, label: 0, bag_size: 885
batch 319, loss: 0.0000, instance_loss: 0.0000, weighted_loss: 0.0000, label: 1, bag_size: 2528
batch 339, loss: 0.0000, instance_loss: 0.0000, weighted_loss: 0.0000, label: 1, bag_size: 5140
batch 359, loss: 0.0024, instance_loss: 0.0000, weighted_loss: 0.0017, label: 0, bag_size: 4133
batch 379, loss: 0.0000, instance_loss: 0.0000, weighted_loss: 0.0000, label: 0, bag_size: 2948
batch 399, loss: 1.1023, instance_loss: 0.0024, weighted_loss: 0.7723, label: 1, bag_size: 903
batch 419, loss: 0.0001, instance_loss: 0.0000, weighted_loss: 0.0001, label: 1, bag_size: 1949
batch 439, loss: 0.0000, instance_loss: 0.0269, weighted_loss: 0.0081, label: 0, bag_size: 718
batch 459, loss: 0.0198, instance_loss: 0.0002, weighted_loss: 0.0139, label: 1, bag_size: 652
batch 479, loss: 0.0000, instance_loss: 0.0000, weighted_loss: 0.0000, label: 0, bag_size: 3778
batch 499, loss: 0.0003, instance_loss: 0.0000, weighted_loss: 0.0002, label: 1, bag_size: 662
batch 519, loss: 0.0000, instance_loss: 0.0000, weighted_loss: 0.0000, label: 1, bag_size: 1771
batch 539, loss: 0.0116, instance_loss: 0.0000, weighted_loss: 0.0081, label: 1, bag_size: 1666
batch 559, loss: 0.0002, instance_loss: 0.0000, weighted_loss: 0.0002, label: 1, bag_size: 4764
batch 579, loss: 0.0248, instance_loss: 0.0000, weighted_loss: 0.0174, label: 1, bag_size: 856
batch 599, loss: 0.0000, instance_loss: 0.0000, weighted_loss: 0.0000, label: 0, bag_size: 5526
batch 619, loss: 0.0000, instance_loss: 0.0010, weighted_loss: 0.0003, label: 1, bag_size: 9914
batch 639, loss: 0.0000, instance_loss: 0.0000, weighted_loss: 0.0000, label: 1, bag_size: 1210
batch 659, loss: 0.0000, instance_loss: 0.0003, weighted_loss: 0.0001, label: 0, bag_size: 2460
batch 679, loss: 0.0018, instance_loss: 0.0003, weighted_loss: 0.0014, label: 0, bag_size: 726


class 0 clustering acc 0.9990968208092486: correct 5531/5536
class 1 clustering acc 0.9980130057803468: correct 5525/5536
Epoch: 45, train_loss: 0.0283, train_clustering_loss:  0.0095, train_error: 0.0101
class 0: acc 0.9891304347826086, correct 364/368
class 1: acc 0.9907407407407407, correct 321/324

Val Set, val_loss: 2.4943, val_error: 0.3333, auc: 0.4858
class 0 clustering acc 1.0: correct 1200/1200
class 1 clustering acc 1.0: correct 1200/1200
class 0: acc 0.773109243697479, correct 92/119
class 1: acc 0.25806451612903225, correct 8/31
EarlyStopping counter: 45 out of 20


batch 19, loss: 0.0004, instance_loss: 0.0000, weighted_loss: 0.0003, label: 1, bag_size: 3109
batch 39, loss: 0.0007, instance_loss: 0.0000, weighted_loss: 0.0005, label: 1, bag_size: 3979
batch 59, loss: 0.0007, instance_loss: 0.0000, weighted_loss: 0.0005, label: 0, bag_size: 4365
batch 79, loss: 0.0000, instance_loss: 0.0000, weighted_loss: 0.0000, label: 1, bag_size: 4593
batch 99, loss: 0.0000, instance_loss: 0.0000, weighted_loss: 0.0000, label: 0, bag_size: 2177
batch 119, loss: 0.0001, instance_loss: 0.0000, weighted_loss: 0.0001, label: 0, bag_size: 4431
batch 139, loss: 0.0000, instance_loss: 0.0000, weighted_loss: 0.0000, label: 1, bag_size: 931
batch 159, loss: 0.0000, instance_loss: 0.0000, weighted_loss: 0.0000, label: 0, bag_size: 604
batch 179, loss: 0.0000, instance_loss: 0.0002, weighted_loss: 0.0001, label: 0, bag_size: 3719
batch 199, loss: 0.0000, instance_loss: 0.0000, weighted_loss: 0.0000, label: 0, bag_size: 2317
batch 219, loss: 0.0000, instance_loss: 0.0000, weighted_loss: 0.0000, label: 0, bag_size: 3425
batch 239, loss: 0.0066, instance_loss: 0.0000, weighted_loss: 0.0046, label: 1, bag_size: 1507
batch 259, loss: 0.0000, instance_loss: 0.0000, weighted_loss: 0.0000, label: 0, bag_size: 3269
batch 279, loss: 0.0214, instance_loss: 0.0000, weighted_loss: 0.0150, label: 1, bag_size: 966
batch 299, loss: 0.0000, instance_loss: 0.0000, weighted_loss: 0.0000, label: 1, bag_size: 2345
batch 319, loss: 0.0004, instance_loss: 0.0000, weighted_loss: 0.0003, label: 1, bag_size: 3108
batch 339, loss: 0.0000, instance_loss: 0.0056, weighted_loss: 0.0017, label: 0, bag_size: 1924
batch 359, loss: 0.0000, instance_loss: 0.0023, weighted_loss: 0.0007, label: 0, bag_size: 416
batch 379, loss: 0.0000, instance_loss: 0.0000, weighted_loss: 0.0000, label: 1, bag_size: 2221
batch 399, loss: 0.0003, instance_loss: 0.0000, weighted_loss: 0.0002, label: 0, bag_size: 747
batch 419, loss: 0.0000, instance_loss: 0.0000, weighted_loss: 0.0000, label: 1, bag_size: 711
batch 439, loss: 0.0002, instance_loss: 0.0000, weighted_loss: 0.0002, label: 0, bag_size: 2764
batch 459, loss: 0.0001, instance_loss: 0.0000, weighted_loss: 0.0001, label: 1, bag_size: 4013
batch 479, loss: 0.0004, instance_loss: 0.0000, weighted_loss: 0.0003, label: 1, bag_size: 1632
batch 499, loss: 0.0000, instance_loss: 0.0000, weighted_loss: 0.0000, label: 1, bag_size: 3269
batch 519, loss: 0.0000, instance_loss: 0.0000, weighted_loss: 0.0000, label: 1, bag_size: 3097
batch 539, loss: 0.0000, instance_loss: 0.0049, weighted_loss: 0.0015, label: 0, bag_size: 237
batch 559, loss: 0.0000, instance_loss: 0.0000, weighted_loss: 0.0000, label: 1, bag_size: 3600
batch 579, loss: 0.0004, instance_loss: 0.0000, weighted_loss: 0.0003, label: 1, bag_size: 1877
batch 599, loss: 0.0004, instance_loss: 0.0000, weighted_loss: 0.0003, label: 1, bag_size: 4779
batch 619, loss: 0.0012, instance_loss: 0.0003, weighted_loss: 0.0009, label: 1, bag_size: 509
batch 639, loss: 0.0000, instance_loss: 0.0031, weighted_loss: 0.0009, label: 0, bag_size: 509
batch 659, loss: 0.0003, instance_loss: 0.0000, weighted_loss: 0.0002, label: 1, bag_size: 4348
batch 679, loss: 0.0008, instance_loss: 0.0000, weighted_loss: 0.0006, label: 1, bag_size: 1737


class 0 clustering acc 0.9998193641618497: correct 5535/5536
class 1 clustering acc 0.9996387283236994: correct 5534/5536
Epoch: 46, train_loss: 0.0021, train_clustering_loss:  0.0017, train_error: 0.0000
class 0: acc 1.0, correct 334/334
class 1: acc 1.0, correct 358/358

Val Set, val_loss: 2.6751, val_error: 0.3267, auc: 0.4757
class 0 clustering acc 1.0: correct 1200/1200
class 1 clustering acc 1.0: correct 1200/1200
class 0: acc 0.7983193277310925, correct 95/119
class 1: acc 0.1935483870967742, correct 6/31
EarlyStopping counter: 46 out of 20


batch 19, loss: 0.0001, instance_loss: 0.0000, weighted_loss: 0.0001, label: 0, bag_size: 681
batch 39, loss: 0.0001, instance_loss: 0.0000, weighted_loss: 0.0000, label: 1, bag_size: 1043
batch 59, loss: 0.0000, instance_loss: 0.0000, weighted_loss: 0.0000, label: 1, bag_size: 945
batch 79, loss: 0.0000, instance_loss: 0.0000, weighted_loss: 0.0000, label: 1, bag_size: 5308
batch 99, loss: 0.0001, instance_loss: 0.0271, weighted_loss: 0.0082, label: 0, bag_size: 396
batch 119, loss: 0.0000, instance_loss: 0.0000, weighted_loss: 0.0000, label: 0, bag_size: 1330
batch 139, loss: 0.0049, instance_loss: 0.0000, weighted_loss: 0.0034, label: 0, bag_size: 4431
batch 159, loss: 0.0001, instance_loss: 0.0000, weighted_loss: 0.0001, label: 0, bag_size: 570
batch 179, loss: 0.0000, instance_loss: 0.0000, weighted_loss: 0.0000, label: 1, bag_size: 875
batch 199, loss: 1.3872, instance_loss: 0.0000, weighted_loss: 0.9710, label: 1, bag_size: 4545
batch 219, loss: 0.0000, instance_loss: 0.0000, weighted_loss: 0.0000, label: 1, bag_size: 956
batch 239, loss: 0.0000, instance_loss: 0.0000, weighted_loss: 0.0000, label: 0, bag_size: 4193
batch 259, loss: 0.0000, instance_loss: 0.0009, weighted_loss: 0.0003, label: 0, bag_size: 573
batch 279, loss: 0.0049, instance_loss: 0.0000, weighted_loss: 0.0034, label: 0, bag_size: 2516
batch 299, loss: 0.0074, instance_loss: 0.0000, weighted_loss: 0.0052, label: 0, bag_size: 1578
batch 319, loss: 0.0007, instance_loss: 0.0004, weighted_loss: 0.0006, label: 0, bag_size: 2075
batch 339, loss: 0.0078, instance_loss: 0.0000, weighted_loss: 0.0055, label: 0, bag_size: 4252
batch 359, loss: 0.0000, instance_loss: 0.0000, weighted_loss: 0.0000, label: 1, bag_size: 2459
batch 379, loss: 0.0010, instance_loss: 0.0002, weighted_loss: 0.0008, label: 1, bag_size: 705
batch 399, loss: 0.0000, instance_loss: 0.0000, weighted_loss: 0.0000, label: 0, bag_size: 4580
batch 419, loss: 0.0000, instance_loss: 0.0000, weighted_loss: 0.0000, label: 1, bag_size: 2416
batch 439, loss: 0.0000, instance_loss: 0.0000, weighted_loss: 0.0000, label: 1, bag_size: 2459
batch 459, loss: 0.2135, instance_loss: 0.0000, weighted_loss: 0.1495, label: 0, bag_size: 675
batch 479, loss: 0.4008, instance_loss: 0.0000, weighted_loss: 0.2806, label: 1, bag_size: 441
batch 499, loss: 0.0000, instance_loss: 0.0000, weighted_loss: 0.0000, label: 1, bag_size: 1728
batch 519, loss: 0.0000, instance_loss: 0.0000, weighted_loss: 0.0000, label: 0, bag_size: 429
batch 539, loss: 0.0000, instance_loss: 0.0000, weighted_loss: 0.0000, label: 1, bag_size: 3931
batch 559, loss: 0.0000, instance_loss: 0.0000, weighted_loss: 0.0000, label: 1, bag_size: 4013
batch 579, loss: 0.0004, instance_loss: 0.0000, weighted_loss: 0.0002, label: 1, bag_size: 1043
batch 599, loss: 0.0000, instance_loss: 0.0000, weighted_loss: 0.0000, label: 1, bag_size: 1394
batch 619, loss: 0.0329, instance_loss: 0.0000, weighted_loss: 0.0230, label: 1, bag_size: 4623
batch 639, loss: 0.0001, instance_loss: 0.0000, weighted_loss: 0.0001, label: 1, bag_size: 711
batch 659, loss: 0.0010, instance_loss: 0.0000, weighted_loss: 0.0007, label: 1, bag_size: 3415
batch 679, loss: 0.0436, instance_loss: 0.0013, weighted_loss: 0.0309, label: 0, bag_size: 755


class 0 clustering acc 1.0: correct 5536/5536
class 1 clustering acc 0.9994580924855492: correct 5533/5536
Epoch: 47, train_loss: 0.0461, train_clustering_loss:  0.0016, train_error: 0.0173
class 0: acc 0.978978978978979, correct 326/333
class 1: acc 0.9860724233983287, correct 354/359

Val Set, val_loss: 3.0157, val_error: 0.3400, auc: 0.4768
class 0 clustering acc 1.0: correct 1200/1200
class 1 clustering acc 1.0: correct 1200/1200
class 0: acc 0.7899159663865546, correct 94/119
class 1: acc 0.16129032258064516, correct 5/31
EarlyStopping counter: 47 out of 20


batch 19, loss: 0.0001, instance_loss: 0.0000, weighted_loss: 0.0001, label: 0, bag_size: 2957
batch 39, loss: 0.0375, instance_loss: 0.0000, weighted_loss: 0.0262, label: 1, bag_size: 5081
batch 59, loss: 0.0000, instance_loss: 0.0000, weighted_loss: 0.0000, label: 1, bag_size: 4360
batch 79, loss: 0.0000, instance_loss: 0.0000, weighted_loss: 0.0000, label: 1, bag_size: 3889
batch 99, loss: 0.0000, instance_loss: 0.0009, weighted_loss: 0.0003, label: 0, bag_size: 433
batch 119, loss: 0.0000, instance_loss: 0.0000, weighted_loss: 0.0000, label: 0, bag_size: 3374
batch 139, loss: 0.1344, instance_loss: 0.0000, weighted_loss: 0.0941, label: 1, bag_size: 1169
batch 159, loss: 0.0015, instance_loss: 0.0002, weighted_loss: 0.0011, label: 0, bag_size: 582
batch 179, loss: 0.0001, instance_loss: 0.0000, weighted_loss: 0.0001, label: 0, bag_size: 383
batch 199, loss: 0.0000, instance_loss: 0.0000, weighted_loss: 0.0000, label: 0, bag_size: 864
batch 219, loss: 0.0000, instance_loss: 0.0000, weighted_loss: 0.0000, label: 1, bag_size: 1166
batch 239, loss: 0.0000, instance_loss: 0.0000, weighted_loss: 0.0000, label: 0, bag_size: 4090
batch 259, loss: 0.0003, instance_loss: 0.0000, weighted_loss: 0.0002, label: 0, bag_size: 1047
batch 279, loss: 0.0008, instance_loss: 0.0000, weighted_loss: 0.0006, label: 1, bag_size: 19888
batch 299, loss: 0.0000, instance_loss: 0.0000, weighted_loss: 0.0000, label: 0, bag_size: 1379
batch 319, loss: 0.0006, instance_loss: 0.0000, weighted_loss: 0.0004, label: 1, bag_size: 1728
batch 339, loss: 0.0005, instance_loss: 0.0000, weighted_loss: 0.0003, label: 1, bag_size: 1366
batch 359, loss: 0.0007, instance_loss: 0.0000, weighted_loss: 0.0005, label: 1, bag_size: 1357
batch 379, loss: 0.0006, instance_loss: 0.0000, weighted_loss: 0.0004, label: 0, bag_size: 2532
batch 399, loss: 0.0000, instance_loss: 0.0000, weighted_loss: 0.0000, label: 1, bag_size: 3912
batch 419, loss: 0.0084, instance_loss: 0.0006, weighted_loss: 0.0061, label: 1, bag_size: 1666
batch 439, loss: 0.0000, instance_loss: 0.0004, weighted_loss: 0.0001, label: 0, bag_size: 466
batch 459, loss: 0.0002, instance_loss: 0.0000, weighted_loss: 0.0001, label: 1, bag_size: 1021
batch 479, loss: 0.0000, instance_loss: 0.0000, weighted_loss: 0.0000, label: 0, bag_size: 2317
batch 499, loss: 0.0022, instance_loss: 0.0000, weighted_loss: 0.0015, label: 1, bag_size: 4477
batch 519, loss: 0.0000, instance_loss: 0.0000, weighted_loss: 0.0000, label: 1, bag_size: 831
batch 539, loss: 0.1195, instance_loss: 0.0000, weighted_loss: 0.0837, label: 1, bag_size: 3506
batch 559, loss: 0.0214, instance_loss: 0.0000, weighted_loss: 0.0150, label: 1, bag_size: 1662
batch 579, loss: 0.0000, instance_loss: 0.0000, weighted_loss: 0.0000, label: 0, bag_size: 4180
batch 599, loss: 0.0001, instance_loss: 0.0000, weighted_loss: 0.0000, label: 1, bag_size: 1068
batch 619, loss: 0.0002, instance_loss: 0.0000, weighted_loss: 0.0001, label: 1, bag_size: 2850
batch 639, loss: 0.0000, instance_loss: 0.0000, weighted_loss: 0.0000, label: 0, bag_size: 1218
batch 659, loss: 0.0002, instance_loss: 0.0000, weighted_loss: 0.0001, label: 0, bag_size: 2355
batch 679, loss: 0.0000, instance_loss: 0.0000, weighted_loss: 0.0000, label: 1, bag_size: 1771


class 0 clustering acc 1.0: correct 5536/5536
class 1 clustering acc 0.9994580924855492: correct 5533/5536
Epoch: 48, train_loss: 0.0668, train_clustering_loss:  0.0015, train_error: 0.0130
class 0: acc 0.9829059829059829, correct 345/351
class 1: acc 0.9912023460410557, correct 338/341

Val Set, val_loss: 2.4879, val_error: 0.2933, auc: 0.5053
class 0 clustering acc 1.0: correct 1200/1200
class 1 clustering acc 1.0: correct 1200/1200
class 0: acc 0.8151260504201681, correct 97/119
class 1: acc 0.2903225806451613, correct 9/31
EarlyStopping counter: 48 out of 20


batch 19, loss: 0.0013, instance_loss: 0.0002, weighted_loss: 0.0010, label: 1, bag_size: 565
batch 39, loss: 0.0012, instance_loss: 0.0000, weighted_loss: 0.0009, label: 0, bag_size: 200
batch 59, loss: 0.0000, instance_loss: 0.0000, weighted_loss: 0.0000, label: 1, bag_size: 829
batch 79, loss: 0.0000, instance_loss: 0.0000, weighted_loss: 0.0000, label: 1, bag_size: 923
batch 99, loss: 0.0000, instance_loss: 0.0000, weighted_loss: 0.0000, label: 1, bag_size: 3126
batch 119, loss: 0.0000, instance_loss: 0.0004, weighted_loss: 0.0001, label: 0, bag_size: 873
batch 139, loss: 0.0000, instance_loss: 0.0036, weighted_loss: 0.0011, label: 0, bag_size: 918
batch 159, loss: 0.0000, instance_loss: 0.0000, weighted_loss: 0.0000, label: 1, bag_size: 34683
batch 179, loss: 0.0001, instance_loss: 0.0000, weighted_loss: 0.0000, label: 1, bag_size: 32336
batch 199, loss: 0.0001, instance_loss: 0.0000, weighted_loss: 0.0001, label: 0, bag_size: 1236
batch 219, loss: 0.0002, instance_loss: 0.0000, weighted_loss: 0.0001, label: 0, bag_size: 2145
batch 239, loss: 0.0000, instance_loss: 0.0240, weighted_loss: 0.0072, label: 0, bag_size: 537
batch 259, loss: 0.0003, instance_loss: 0.0000, weighted_loss: 0.0002, label: 1, bag_size: 441
batch 279, loss: 0.0008, instance_loss: 0.0000, weighted_loss: 0.0006, label: 1, bag_size: 6510
batch 299, loss: 0.0002, instance_loss: 0.0000, weighted_loss: 0.0002, label: 1, bag_size: 5081
batch 319, loss: 0.0000, instance_loss: 0.0143, weighted_loss: 0.0043, label: 0, bag_size: 200
batch 339, loss: 0.0000, instance_loss: 0.0003, weighted_loss: 0.0001, label: 0, bag_size: 1089
batch 359, loss: 0.0007, instance_loss: 0.0000, weighted_loss: 0.0005, label: 1, bag_size: 1394
batch 379, loss: 0.0000, instance_loss: 0.0025, weighted_loss: 0.0008, label: 0, bag_size: 593
batch 399, loss: 0.0000, instance_loss: 0.0105, weighted_loss: 0.0031, label: 0, bag_size: 1364
batch 419, loss: 0.0009, instance_loss: 0.0000, weighted_loss: 0.0006, label: 1, bag_size: 3600
batch 439, loss: 0.0001, instance_loss: 0.0005, weighted_loss: 0.0002, label: 0, bag_size: 934
batch 459, loss: 0.0001, instance_loss: 0.0000, weighted_loss: 0.0001, label: 1, bag_size: 1552
batch 479, loss: 0.0002, instance_loss: 0.0000, weighted_loss: 0.0002, label: 0, bag_size: 401
batch 499, loss: 0.0000, instance_loss: 0.0000, weighted_loss: 0.0000, label: 0, bag_size: 2516
batch 519, loss: 0.0000, instance_loss: 0.0000, weighted_loss: 0.0000, label: 0, bag_size: 310
batch 539, loss: 0.0001, instance_loss: 0.0000, weighted_loss: 0.0001, label: 1, bag_size: 3656
batch 559, loss: 0.0011, instance_loss: 0.0008, weighted_loss: 0.0010, label: 0, bag_size: 734
batch 579, loss: 0.0002, instance_loss: 0.0000, weighted_loss: 0.0001, label: 1, bag_size: 711
batch 599, loss: 0.0000, instance_loss: 0.0000, weighted_loss: 0.0000, label: 1, bag_size: 1309
batch 619, loss: 0.0000, instance_loss: 0.0000, weighted_loss: 0.0000, label: 1, bag_size: 3037
batch 639, loss: 0.0000, instance_loss: 0.0000, weighted_loss: 0.0000, label: 1, bag_size: 354
batch 659, loss: 0.0000, instance_loss: 0.0000, weighted_loss: 0.0000, label: 0, bag_size: 686
batch 679, loss: 0.0001, instance_loss: 0.0000, weighted_loss: 0.0001, label: 0, bag_size: 927


class 0 clustering acc 1.0: correct 5536/5536
class 1 clustering acc 0.9989161849710982: correct 5530/5536
Epoch: 49, train_loss: 0.0196, train_clustering_loss:  0.0039, train_error: 0.0072
class 0: acc 0.9944289693593314, correct 357/359
class 1: acc 0.990990990990991, correct 330/333

Val Set, val_loss: 2.6197, val_error: 0.3533, auc: 0.5175
class 0 clustering acc 1.0: correct 1200/1200
class 1 clustering acc 1.0: correct 1200/1200
class 0: acc 0.7394957983193278, correct 88/119
class 1: acc 0.2903225806451613, correct 9/31
EarlyStopping counter: 49 out of 20


batch 19, loss: 0.0000, instance_loss: 0.0000, weighted_loss: 0.0000, label: 1, bag_size: 925
batch 39, loss: 0.0075, instance_loss: 0.0000, weighted_loss: 0.0053, label: 1, bag_size: 986
batch 59, loss: 0.0000, instance_loss: 0.0000, weighted_loss: 0.0000, label: 0, bag_size: 3458
batch 79, loss: 0.0000, instance_loss: 0.0000, weighted_loss: 0.0000, label: 1, bag_size: 2567
batch 99, loss: 0.0000, instance_loss: 0.0000, weighted_loss: 0.0000, label: 0, bag_size: 3458
batch 119, loss: 0.0000, instance_loss: 0.0012, weighted_loss: 0.0004, label: 0, bag_size: 3848
batch 139, loss: 0.0000, instance_loss: 0.0000, weighted_loss: 0.0000, label: 1, bag_size: 2221
batch 159, loss: 0.0000, instance_loss: 0.8587, weighted_loss: 0.2576, label: 0, bag_size: 328
batch 179, loss: 0.0003, instance_loss: 0.0000, weighted_loss: 0.0002, label: 1, bag_size: 4512
batch 199, loss: 0.0000, instance_loss: 0.0000, weighted_loss: 0.0000, label: 0, bag_size: 3707
batch 219, loss: 0.0018, instance_loss: 0.0000, weighted_loss: 0.0013, label: 0, bag_size: 4180
batch 239, loss: 0.0048, instance_loss: 0.0000, weighted_loss: 0.0034, label: 1, bag_size: 1728
batch 259, loss: 0.0006, instance_loss: 0.0000, weighted_loss: 0.0004, label: 1, bag_size: 1110
batch 279, loss: 0.0002, instance_loss: 0.0000, weighted_loss: 0.0001, label: 1, bag_size: 4348
batch 299, loss: 0.0000, instance_loss: 0.0000, weighted_loss: 0.0000, label: 1, bag_size: 542
batch 319, loss: 0.0000, instance_loss: 0.0000, weighted_loss: 0.0000, label: 0, bag_size: 1956
batch 339, loss: 0.0000, instance_loss: 0.0000, weighted_loss: 0.0000, label: 1, bag_size: 221
batch 359, loss: 0.0000, instance_loss: 0.0000, weighted_loss: 0.0000, label: 1, bag_size: 5460
batch 379, loss: 1.3157, instance_loss: 0.0000, weighted_loss: 0.9210, label: 0, bag_size: 1030
batch 399, loss: 0.0000, instance_loss: 0.0002, weighted_loss: 0.0001, label: 0, bag_size: 692
batch 419, loss: 0.0000, instance_loss: 0.0000, weighted_loss: 0.0000, label: 0, bag_size: 1330
batch 439, loss: 0.0000, instance_loss: 0.0000, weighted_loss: 0.0000, label: 0, bag_size: 732
batch 459, loss: 0.0000, instance_loss: 0.0000, weighted_loss: 0.0000, label: 0, bag_size: 1652
batch 479, loss: 0.0000, instance_loss: 0.0000, weighted_loss: 0.0000, label: 0, bag_size: 1820
batch 499, loss: 0.0000, instance_loss: 0.0000, weighted_loss: 0.0000, label: 0, bag_size: 1518
batch 519, loss: 0.0000, instance_loss: 0.0008, weighted_loss: 0.0002, label: 0, bag_size: 492
batch 539, loss: 0.0205, instance_loss: 0.0000, weighted_loss: 0.0143, label: 1, bag_size: 2537
batch 559, loss: 0.0000, instance_loss: 0.0000, weighted_loss: 0.0000, label: 1, bag_size: 956
batch 579, loss: 0.0000, instance_loss: 0.0000, weighted_loss: 0.0000, label: 1, bag_size: 4345
batch 599, loss: 0.0000, instance_loss: 0.0000, weighted_loss: 0.0000, label: 0, bag_size: 687
batch 619, loss: 0.0000, instance_loss: 0.0000, weighted_loss: 0.0000, label: 1, bag_size: 521
batch 639, loss: 0.0000, instance_loss: 0.0009, weighted_loss: 0.0003, label: 0, bag_size: 955
batch 659, loss: 0.0005, instance_loss: 0.0000, weighted_loss: 0.0004, label: 0, bag_size: 6024
batch 679, loss: 0.0010, instance_loss: 0.0002, weighted_loss: 0.0007, label: 1, bag_size: 705


class 0 clustering acc 1.0: correct 5536/5536
class 1 clustering acc 0.9992774566473989: correct 5532/5536
Epoch: 50, train_loss: 0.0325, train_clustering_loss:  0.0029, train_error: 0.0072
class 0: acc 0.9914529914529915, correct 348/351
class 1: acc 0.9941348973607038, correct 339/341

Val Set, val_loss: 2.5517, val_error: 0.3200, auc: 0.5136
class 0 clustering acc 1.0: correct 1200/1200
class 1 clustering acc 1.0: correct 1200/1200
class 0: acc 0.773109243697479, correct 92/119
class 1: acc 0.3225806451612903, correct 10/31
EarlyStopping counter: 50 out of 20


batch 19, loss: 0.0003, instance_loss: 0.0000, weighted_loss: 0.0002, label: 1, bag_size: 4787
batch 39, loss: 0.0116, instance_loss: 0.0000, weighted_loss: 0.0081, label: 1, bag_size: 590
batch 59, loss: 0.0009, instance_loss: 0.0000, weighted_loss: 0.0007, label: 1, bag_size: 3768
batch 79, loss: 0.0000, instance_loss: 0.0000, weighted_loss: 0.0000, label: 1, bag_size: 2513
batch 99, loss: 0.0000, instance_loss: 0.0000, weighted_loss: 0.0000, label: 0, bag_size: 1592
batch 119, loss: 0.0000, instance_loss: 0.0000, weighted_loss: 0.0000, label: 1, bag_size: 4348
batch 139, loss: 0.0000, instance_loss: 0.0000, weighted_loss: 0.0000, label: 0, bag_size: 1013
batch 159, loss: 0.0000, instance_loss: 0.0000, weighted_loss: 0.0000, label: 1, bag_size: 3379
batch 179, loss: 0.0013, instance_loss: 0.0023, weighted_loss: 0.0016, label: 0, bag_size: 1002
batch 199, loss: 0.0000, instance_loss: 0.0003, weighted_loss: 0.0001, label: 0, bag_size: 727
batch 219, loss: 0.0000, instance_loss: 0.0000, weighted_loss: 0.0000, label: 1, bag_size: 9914
batch 239, loss: 0.0003, instance_loss: 0.0000, weighted_loss: 0.0002, label: 1, bag_size: 3889
batch 259, loss: 0.0001, instance_loss: 0.0000, weighted_loss: 0.0001, label: 1, bag_size: 923
batch 279, loss: 0.0000, instance_loss: 0.0000, weighted_loss: 0.0000, label: 0, bag_size: 2764
batch 299, loss: 0.0000, instance_loss: 0.0000, weighted_loss: 0.0000, label: 1, bag_size: 875
batch 319, loss: 0.0012, instance_loss: 0.0000, weighted_loss: 0.0008, label: 0, bag_size: 4883
batch 339, loss: 0.0001, instance_loss: 0.0000, weighted_loss: 0.0001, label: 1, bag_size: 711
batch 359, loss: 0.0001, instance_loss: 0.0000, weighted_loss: 0.0001, label: 1, bag_size: 4381
batch 379, loss: 0.0012, instance_loss: 0.0000, weighted_loss: 0.0008, label: 1, bag_size: 911
batch 399, loss: 0.0058, instance_loss: 0.0000, weighted_loss: 0.0041, label: 0, bag_size: 4391
batch 419, loss: 0.0001, instance_loss: 0.0000, weighted_loss: 0.0000, label: 0, bag_size: 1832
batch 439, loss: 0.0000, instance_loss: 0.0000, weighted_loss: 0.0000, label: 0, bag_size: 1173
batch 459, loss: 0.0000, instance_loss: 0.0000, weighted_loss: 0.0000, label: 1, bag_size: 5140
batch 479, loss: 0.0000, instance_loss: 0.0000, weighted_loss: 0.0000, label: 1, bag_size: 1147
batch 499, loss: 0.0000, instance_loss: 0.0000, weighted_loss: 0.0000, label: 0, bag_size: 299
batch 519, loss: 0.0009, instance_loss: 0.0000, weighted_loss: 0.0006, label: 1, bag_size: 4217
batch 539, loss: 0.0002, instance_loss: 0.0000, weighted_loss: 0.0001, label: 1, bag_size: 1198
batch 559, loss: 0.0049, instance_loss: 0.0000, weighted_loss: 0.0034, label: 0, bag_size: 686
batch 579, loss: 0.0004, instance_loss: 0.0000, weighted_loss: 0.0003, label: 0, bag_size: 628
batch 599, loss: 0.0023, instance_loss: 0.0000, weighted_loss: 0.0016, label: 0, bag_size: 4889
batch 619, loss: 0.0000, instance_loss: 0.0000, weighted_loss: 0.0000, label: 1, bag_size: 4181
batch 639, loss: 0.0000, instance_loss: 0.0000, weighted_loss: 0.0000, label: 0, bag_size: 491
batch 659, loss: 0.0000, instance_loss: 0.0000, weighted_loss: 0.0000, label: 0, bag_size: 5526
batch 679, loss: 0.0000, instance_loss: 0.0000, weighted_loss: 0.0000, label: 1, bag_size: 2345


class 0 clustering acc 1.0: correct 5536/5536
class 1 clustering acc 0.9985549132947977: correct 5528/5536
Epoch: 51, train_loss: 0.0030, train_clustering_loss:  0.0041, train_error: 0.0014
class 0: acc 1.0, correct 347/347
class 1: acc 0.9971014492753624, correct 344/345

Val Set, val_loss: 2.7181, val_error: 0.3133, auc: 0.5065
class 0 clustering acc 1.0: correct 1200/1200
class 1 clustering acc 1.0: correct 1200/1200
class 0: acc 0.7815126050420168, correct 93/119
class 1: acc 0.3225806451612903, correct 10/31
EarlyStopping counter: 51 out of 20
Early stopping
Val error: 0.3333, ROC AUC: 0.4424
Test error: 0.3700, ROC AUC: 0.6189
class 0: acc 0.7190635451505016, correct 215/299
class 1: acc 0.421875, correct 54/128

Training Fold 1!

Init train/val/test splits... 
Done!
Training on 694 samples
Validating on 160 samples
Testing on 415 samples

Init loss function... Done!

Init Model... Setting tau to 1.0
Done!
CLAM_SB(
  (attention_net): Sequential(
    (0): Linear(in_features=1536, out_features=512, bias=True)
    (1): ReLU()
    (2): Dropout(p=0.25, inplace=False)
    (3): Attn_Net_Gated(
      (attention_a): Sequential(
        (0): Linear(in_features=512, out_features=256, bias=True)
        (1): Tanh()
        (2): Dropout(p=0.25, inplace=False)
      )
      (attention_b): Sequential(
        (0): Linear(in_features=512, out_features=256, bias=True)
        (1): Sigmoid()
        (2): Dropout(p=0.25, inplace=False)
      )
      (attention_c): Linear(in_features=256, out_features=1, bias=True)
    )
  )
  (classifiers): Linear(in_features=512, out_features=2, bias=True)
  (instance_classifiers): ModuleList(
    (0-1): 2 x Linear(in_features=512, out_features=2, bias=True)
  )
  (instance_loss_fn): SmoothTop1SVM()
)
Total number of parameters: 1052935
Total number of trainable parameters: 1052935

Init optimizer ... Done!

Init Loaders... Done!

Setup EarlyStopping... Done!


batch 19, loss: 0.8268, instance_loss: 1.2613, weighted_loss: 0.9572, label: 1, bag_size: 779
batch 39, loss: 0.6217, instance_loss: 0.4937, weighted_loss: 0.5833, label: 1, bag_size: 847
batch 59, loss: 0.7837, instance_loss: 0.1552, weighted_loss: 0.5951, label: 0, bag_size: 2478
batch 79, loss: 0.5440, instance_loss: 0.1723, weighted_loss: 0.4325, label: 0, bag_size: 3820
batch 99, loss: 1.2540, instance_loss: 0.1634, weighted_loss: 0.9268, label: 1, bag_size: 354
batch 119, loss: 0.8304, instance_loss: 0.0498, weighted_loss: 0.5962, label: 0, bag_size: 2280
batch 139, loss: 0.4789, instance_loss: 0.0423, weighted_loss: 0.3479, label: 0, bag_size: 3984
batch 159, loss: 0.7299, instance_loss: 0.2069, weighted_loss: 0.5730, label: 1, bag_size: 1552
batch 179, loss: 0.8520, instance_loss: 0.0950, weighted_loss: 0.6249, label: 1, bag_size: 2745
batch 199, loss: 0.4607, instance_loss: 0.0658, weighted_loss: 0.3422, label: 1, bag_size: 6275
batch 219, loss: 0.9528, instance_loss: 0.2369, weighted_loss: 0.7380, label: 1, bag_size: 4512
batch 239, loss: 0.4057, instance_loss: 0.0156, weighted_loss: 0.2887, label: 0, bag_size: 3744
batch 259, loss: 0.5280, instance_loss: 0.2712, weighted_loss: 0.4510, label: 1, bag_size: 1298
batch 279, loss: 0.4626, instance_loss: 0.0192, weighted_loss: 0.3296, label: 0, bag_size: 2460
batch 299, loss: 0.3823, instance_loss: 0.0065, weighted_loss: 0.2696, label: 0, bag_size: 4102
batch 319, loss: 0.7529, instance_loss: 0.0430, weighted_loss: 0.5399, label: 0, bag_size: 2507
batch 339, loss: 0.9406, instance_loss: 0.1250, weighted_loss: 0.6959, label: 1, bag_size: 4556
batch 359, loss: 0.6341, instance_loss: 0.0171, weighted_loss: 0.4490, label: 1, bag_size: 1019
batch 379, loss: 0.4887, instance_loss: 0.0611, weighted_loss: 0.3604, label: 1, bag_size: 1742
batch 399, loss: 0.5472, instance_loss: 0.0076, weighted_loss: 0.3853, label: 1, bag_size: 1169
batch 419, loss: 0.8613, instance_loss: 0.0203, weighted_loss: 0.6090, label: 1, bag_size: 782
batch 439, loss: 0.5611, instance_loss: 0.0050, weighted_loss: 0.3943, label: 0, bag_size: 804
batch 459, loss: 0.2694, instance_loss: 0.0710, weighted_loss: 0.2099, label: 0, bag_size: 1956
batch 479, loss: 0.7518, instance_loss: 0.0227, weighted_loss: 0.5331, label: 0, bag_size: 6741
batch 499, loss: 0.3492, instance_loss: 1.2553, weighted_loss: 0.6210, label: 1, bag_size: 714
batch 519, loss: 1.3423, instance_loss: 0.0320, weighted_loss: 0.9492, label: 0, bag_size: 553
batch 539, loss: 0.4396, instance_loss: 0.0040, weighted_loss: 0.3089, label: 0, bag_size: 3265
batch 559, loss: 0.7571, instance_loss: 0.0044, weighted_loss: 0.5313, label: 1, bag_size: 2620
batch 579, loss: 0.7684, instance_loss: 0.0136, weighted_loss: 0.5420, label: 1, bag_size: 2946
batch 599, loss: 0.4734, instance_loss: 0.0066, weighted_loss: 0.3334, label: 1, bag_size: 980
batch 619, loss: 0.6335, instance_loss: 0.0031, weighted_loss: 0.4444, label: 1, bag_size: 2511
batch 639, loss: 0.7143, instance_loss: 0.0016, weighted_loss: 0.5005, label: 1, bag_size: 2920
batch 659, loss: 0.6743, instance_loss: 0.0032, weighted_loss: 0.4730, label: 1, bag_size: 3483
batch 679, loss: 0.7426, instance_loss: 0.0060, weighted_loss: 0.5216, label: 1, bag_size: 542


class 0 clustering acc 0.9704610951008645: correct 5388/5552
class 1 clustering acc 0.9506484149855908: correct 5278/5552
Epoch: 0, train_loss: 0.7007, train_clustering_loss:  0.2222, train_error: 0.4294
class 0: acc 0.6694214876033058, correct 243/363
class 1: acc 0.4622356495468278, correct 153/331

Val Set, val_loss: 0.7407, val_error: 0.5188, auc: 0.6379
class 0 clustering acc 1.0: correct 1280/1280
class 1 clustering acc 1.0: correct 1280/1280
class 0: acc 0.15217391304347827, correct 14/92
class 1: acc 0.9264705882352942, correct 63/68
Validation loss decreased (inf --> 0.740717).  Saving model ...


batch 19, loss: 0.7178, instance_loss: 0.0091, weighted_loss: 0.5052, label: 0, bag_size: 1667
batch 39, loss: 0.4132, instance_loss: 0.0089, weighted_loss: 0.2919, label: 0, bag_size: 963
batch 59, loss: 1.0646, instance_loss: 0.0071, weighted_loss: 0.7474, label: 1, bag_size: 4545
batch 79, loss: 0.6194, instance_loss: 0.0052, weighted_loss: 0.4352, label: 1, bag_size: 1019
batch 99, loss: 0.8457, instance_loss: 0.0048, weighted_loss: 0.5934, label: 0, bag_size: 248
batch 119, loss: 0.7766, instance_loss: 0.0085, weighted_loss: 0.5462, label: 1, bag_size: 910
batch 139, loss: 0.2897, instance_loss: 0.0073, weighted_loss: 0.2049, label: 0, bag_size: 1159
batch 159, loss: 0.6194, instance_loss: 0.0058, weighted_loss: 0.4353, label: 0, bag_size: 916
batch 179, loss: 0.7206, instance_loss: 0.0139, weighted_loss: 0.5086, label: 1, bag_size: 2364
batch 199, loss: 0.7465, instance_loss: 0.0016, weighted_loss: 0.5230, label: 0, bag_size: 641
batch 219, loss: 0.5671, instance_loss: 0.0006, weighted_loss: 0.3972, label: 1, bag_size: 4556
batch 239, loss: 0.9358, instance_loss: 0.0089, weighted_loss: 0.6577, label: 1, bag_size: 2428
batch 259, loss: 0.8772, instance_loss: 0.0014, weighted_loss: 0.6145, label: 0, bag_size: 4665
batch 279, loss: 0.4676, instance_loss: 0.0023, weighted_loss: 0.3280, label: 0, bag_size: 745
batch 299, loss: 0.3981, instance_loss: 0.0010, weighted_loss: 0.2790, label: 1, bag_size: 3600
batch 319, loss: 0.1552, instance_loss: 0.0011, weighted_loss: 0.1090, label: 1, bag_size: 2710
batch 339, loss: 0.7812, instance_loss: 0.0072, weighted_loss: 0.5490, label: 0, bag_size: 487
batch 359, loss: 0.3558, instance_loss: 0.0046, weighted_loss: 0.2504, label: 0, bag_size: 624
batch 379, loss: 0.9574, instance_loss: 0.0193, weighted_loss: 0.6760, label: 1, bag_size: 382
batch 399, loss: 0.4623, instance_loss: 0.0022, weighted_loss: 0.3242, label: 0, bag_size: 710
batch 419, loss: 0.6564, instance_loss: 0.0002, weighted_loss: 0.4595, label: 0, bag_size: 898
batch 439, loss: 0.4503, instance_loss: 0.0084, weighted_loss: 0.3177, label: 0, bag_size: 992
batch 459, loss: 0.1267, instance_loss: 0.0027, weighted_loss: 0.0895, label: 1, bag_size: 2058
batch 479, loss: 1.2195, instance_loss: 0.0026, weighted_loss: 0.8544, label: 1, bag_size: 1997
batch 499, loss: 0.2677, instance_loss: 0.0034, weighted_loss: 0.1884, label: 0, bag_size: 513
batch 519, loss: 0.4947, instance_loss: 0.0002, weighted_loss: 0.3463, label: 0, bag_size: 1154
batch 539, loss: 0.3494, instance_loss: 0.0003, weighted_loss: 0.2447, label: 0, bag_size: 1656
batch 559, loss: 0.8182, instance_loss: 0.0016, weighted_loss: 0.5732, label: 1, bag_size: 4181
batch 579, loss: 0.3178, instance_loss: 0.0199, weighted_loss: 0.2284, label: 1, bag_size: 923
batch 599, loss: 0.9886, instance_loss: 0.0033, weighted_loss: 0.6930, label: 0, bag_size: 664
batch 619, loss: 0.5023, instance_loss: 0.0000, weighted_loss: 0.3516, label: 1, bag_size: 5769
batch 639, loss: 0.2127, instance_loss: 0.0009, weighted_loss: 0.1492, label: 0, bag_size: 2177
batch 659, loss: 0.3781, instance_loss: 0.0087, weighted_loss: 0.2673, label: 1, bag_size: 382
batch 679, loss: 0.2002, instance_loss: 0.0019, weighted_loss: 0.1407, label: 1, bag_size: 3209


class 0 clustering acc 1.0: correct 5552/5552
class 1 clustering acc 0.9990994236311239: correct 5547/5552
Epoch: 1, train_loss: 0.6439, train_clustering_loss:  0.0092, train_error: 0.3804
class 0: acc 0.6666666666666666, correct 236/354
class 1: acc 0.5705882352941176, correct 194/340

Val Set, val_loss: 0.6549, val_error: 0.3625, auc: 0.6829
class 0 clustering acc 0.996875: correct 1276/1280
class 1 clustering acc 1.0: correct 1280/1280
class 0: acc 0.7391304347826086, correct 68/92
class 1: acc 0.5, correct 34/68
Validation loss decreased (0.740717 --> 0.654946).  Saving model ...


batch 19, loss: 0.7390, instance_loss: 0.0003, weighted_loss: 0.5174, label: 1, bag_size: 5353
batch 39, loss: 0.3987, instance_loss: 0.0007, weighted_loss: 0.2793, label: 1, bag_size: 3220
batch 59, loss: 0.5375, instance_loss: 0.0061, weighted_loss: 0.3780, label: 0, bag_size: 598
batch 79, loss: 0.0355, instance_loss: 0.0017, weighted_loss: 0.0254, label: 1, bag_size: 1552
batch 99, loss: 0.5994, instance_loss: 0.0012, weighted_loss: 0.4200, label: 1, bag_size: 2634
batch 119, loss: 0.0533, instance_loss: 0.0006, weighted_loss: 0.0375, label: 1, bag_size: 3209
batch 139, loss: 0.1406, instance_loss: 0.0097, weighted_loss: 0.1013, label: 0, bag_size: 1208
batch 159, loss: 1.6689, instance_loss: 0.0290, weighted_loss: 1.1769, label: 1, bag_size: 2511
batch 179, loss: 1.0868, instance_loss: 0.0344, weighted_loss: 0.7711, label: 1, bag_size: 3931
batch 199, loss: 0.5831, instance_loss: 0.0008, weighted_loss: 0.4084, label: 0, bag_size: 804
batch 219, loss: 0.1528, instance_loss: 0.0000, weighted_loss: 0.1069, label: 1, bag_size: 3838
batch 239, loss: 0.1655, instance_loss: 0.0000, weighted_loss: 0.1159, label: 1, bag_size: 2324
batch 259, loss: 0.4429, instance_loss: 0.0039, weighted_loss: 0.3112, label: 0, bag_size: 4292
batch 279, loss: 0.2885, instance_loss: 0.0017, weighted_loss: 0.2024, label: 0, bag_size: 1327
batch 299, loss: 0.7598, instance_loss: 0.0565, weighted_loss: 0.5488, label: 1, bag_size: 5460
batch 319, loss: 0.2888, instance_loss: 0.0317, weighted_loss: 0.2117, label: 1, bag_size: 940
batch 339, loss: 0.1717, instance_loss: 0.0006, weighted_loss: 0.1204, label: 1, bag_size: 1190
batch 359, loss: 0.3828, instance_loss: 0.0045, weighted_loss: 0.2693, label: 0, bag_size: 852
batch 379, loss: 0.1994, instance_loss: 0.0013, weighted_loss: 0.1399, label: 0, bag_size: 702
batch 399, loss: 0.3239, instance_loss: 0.0071, weighted_loss: 0.2289, label: 0, bag_size: 1116
batch 419, loss: 0.7485, instance_loss: 0.0016, weighted_loss: 0.5244, label: 1, bag_size: 1736
batch 439, loss: 1.0806, instance_loss: 0.0015, weighted_loss: 0.7568, label: 0, bag_size: 1519
batch 459, loss: 0.7787, instance_loss: 0.0013, weighted_loss: 0.5455, label: 1, bag_size: 1728
batch 479, loss: 0.2203, instance_loss: 0.0019, weighted_loss: 0.1548, label: 1, bag_size: 643
batch 499, loss: 0.6154, instance_loss: 0.0003, weighted_loss: 0.4309, label: 0, bag_size: 4266
batch 519, loss: 1.7373, instance_loss: 0.0032, weighted_loss: 1.2170, label: 1, bag_size: 2006
batch 539, loss: 0.1690, instance_loss: 0.0442, weighted_loss: 0.1316, label: 0, bag_size: 429
batch 559, loss: 1.2393, instance_loss: 0.0030, weighted_loss: 0.8684, label: 0, bag_size: 1132
batch 579, loss: 0.4186, instance_loss: 0.0030, weighted_loss: 0.2939, label: 0, bag_size: 837
batch 599, loss: 1.0777, instance_loss: 0.0011, weighted_loss: 0.7547, label: 1, bag_size: 4356
batch 619, loss: 0.2740, instance_loss: 0.0310, weighted_loss: 0.2011, label: 1, bag_size: 986
batch 639, loss: 0.8190, instance_loss: 0.0065, weighted_loss: 0.5752, label: 1, bag_size: 3931
batch 659, loss: 0.2546, instance_loss: 0.0181, weighted_loss: 0.1837, label: 1, bag_size: 923
batch 679, loss: 0.4766, instance_loss: 0.0005, weighted_loss: 0.3338, label: 0, bag_size: 434


class 0 clustering acc 0.9947766570605188: correct 5523/5552
class 1 clustering acc 0.997478386167147: correct 5538/5552
Epoch: 2, train_loss: 0.5887, train_clustering_loss:  0.0214, train_error: 0.3098
class 0: acc 0.7155425219941349, correct 244/341
class 1: acc 0.6657223796033994, correct 235/353

Val Set, val_loss: 0.7003, val_error: 0.4062, auc: 0.6282
class 0 clustering acc 0.99375: correct 1272/1280
class 1 clustering acc 1.0: correct 1280/1280
class 0: acc 0.5869565217391305, correct 54/92
class 1: acc 0.6029411764705882, correct 41/68
EarlyStopping counter: 1 out of 20


batch 19, loss: 0.2268, instance_loss: 0.0012, weighted_loss: 0.1591, label: 0, bag_size: 4544
batch 39, loss: 0.6270, instance_loss: 0.0051, weighted_loss: 0.4405, label: 1, bag_size: 2369
batch 59, loss: 1.7148, instance_loss: 0.0006, weighted_loss: 1.2006, label: 0, bag_size: 1370
batch 79, loss: 1.8573, instance_loss: 0.0014, weighted_loss: 1.3005, label: 1, bag_size: 3269
batch 99, loss: 0.2097, instance_loss: 0.0020, weighted_loss: 0.1474, label: 1, bag_size: 3719
batch 119, loss: 1.3304, instance_loss: 0.0031, weighted_loss: 0.9322, label: 0, bag_size: 1165
batch 139, loss: 0.2531, instance_loss: 0.9702, weighted_loss: 0.4683, label: 0, bag_size: 1023
batch 159, loss: 1.3690, instance_loss: 0.0074, weighted_loss: 0.9605, label: 1, bag_size: 4764
batch 179, loss: 0.0180, instance_loss: 0.0008, weighted_loss: 0.0129, label: 1, bag_size: 2710
batch 199, loss: 0.2936, instance_loss: 0.0030, weighted_loss: 0.2064, label: 0, bag_size: 929
batch 219, loss: 0.3400, instance_loss: 0.0063, weighted_loss: 0.2399, label: 0, bag_size: 495
batch 239, loss: 0.1584, instance_loss: 0.0032, weighted_loss: 0.1118, label: 1, bag_size: 3334
batch 259, loss: 0.0520, instance_loss: 0.0004, weighted_loss: 0.0365, label: 0, bag_size: 641
batch 279, loss: 0.3522, instance_loss: 0.0007, weighted_loss: 0.2468, label: 1, bag_size: 827
batch 299, loss: 0.1709, instance_loss: 0.0011, weighted_loss: 0.1199, label: 0, bag_size: 802
batch 319, loss: 0.2509, instance_loss: 0.0125, weighted_loss: 0.1794, label: 1, bag_size: 523
batch 339, loss: 1.6635, instance_loss: 0.0007, weighted_loss: 1.1647, label: 0, bag_size: 998
batch 359, loss: 0.1524, instance_loss: 0.0003, weighted_loss: 0.1068, label: 0, bag_size: 993
batch 379, loss: 1.1195, instance_loss: 0.0003, weighted_loss: 0.7837, label: 0, bag_size: 998
batch 399, loss: 0.2936, instance_loss: 0.0009, weighted_loss: 0.2058, label: 0, bag_size: 1388
batch 419, loss: 2.2684, instance_loss: 0.0169, weighted_loss: 1.5929, label: 0, bag_size: 202
batch 439, loss: 3.0573, instance_loss: 0.0010, weighted_loss: 2.1404, label: 1, bag_size: 4080
batch 459, loss: 0.0992, instance_loss: 0.0000, weighted_loss: 0.0694, label: 0, bag_size: 765
batch 479, loss: 0.9459, instance_loss: 0.0005, weighted_loss: 0.6623, label: 0, bag_size: 641
batch 499, loss: 0.0415, instance_loss: 0.0011, weighted_loss: 0.0294, label: 1, bag_size: 1536
batch 519, loss: 0.2222, instance_loss: 0.0008, weighted_loss: 0.1558, label: 0, bag_size: 2271
batch 539, loss: 0.1481, instance_loss: 0.0000, weighted_loss: 0.1037, label: 0, bag_size: 1643
batch 559, loss: 0.7056, instance_loss: 0.0007, weighted_loss: 0.4941, label: 1, bag_size: 520
batch 579, loss: 0.1494, instance_loss: 0.0000, weighted_loss: 0.1046, label: 1, bag_size: 3600
batch 599, loss: 0.5535, instance_loss: 0.0092, weighted_loss: 0.3902, label: 0, bag_size: 470
batch 619, loss: 0.0786, instance_loss: 0.0080, weighted_loss: 0.0574, label: 0, bag_size: 325
batch 639, loss: 0.2205, instance_loss: 0.0018, weighted_loss: 0.1549, label: 1, bag_size: 2594
batch 659, loss: 0.4919, instance_loss: 0.0013, weighted_loss: 0.3447, label: 1, bag_size: 782
batch 679, loss: 1.7291, instance_loss: 0.0105, weighted_loss: 1.2135, label: 0, bag_size: 1274


class 0 clustering acc 0.9981988472622478: correct 5542/5552
class 1 clustering acc 0.9978386167146974: correct 5540/5552
Epoch: 3, train_loss: 0.4934, train_clustering_loss:  0.0126, train_error: 0.2305
class 0: acc 0.7768361581920904, correct 275/354
class 1: acc 0.7617647058823529, correct 259/340

Val Set, val_loss: 0.8078, val_error: 0.3937, auc: 0.6324
class 0 clustering acc 1.0: correct 1280/1280
class 1 clustering acc 1.0: correct 1280/1280
class 0: acc 0.5108695652173914, correct 47/92
class 1: acc 0.7352941176470589, correct 50/68
EarlyStopping counter: 2 out of 20


batch 19, loss: 1.9668, instance_loss: 0.0000, weighted_loss: 1.3768, label: 0, bag_size: 4201
batch 39, loss: 0.4736, instance_loss: 0.0002, weighted_loss: 0.3316, label: 0, bag_size: 555
batch 59, loss: 1.1455, instance_loss: 0.0011, weighted_loss: 0.8022, label: 0, bag_size: 5739
batch 79, loss: 0.9403, instance_loss: 0.0000, weighted_loss: 0.6582, label: 1, bag_size: 4356
batch 99, loss: 1.2812, instance_loss: 0.0070, weighted_loss: 0.8990, label: 1, bag_size: 1270
batch 119, loss: 0.0820, instance_loss: 0.0032, weighted_loss: 0.0584, label: 0, bag_size: 1867
batch 139, loss: 0.5036, instance_loss: 0.0015, weighted_loss: 0.3529, label: 1, bag_size: 1357
batch 159, loss: 0.4753, instance_loss: 0.0013, weighted_loss: 0.3331, label: 0, bag_size: 263
batch 179, loss: 0.8310, instance_loss: 0.0053, weighted_loss: 0.5833, label: 1, bag_size: 1426
batch 199, loss: 1.6133, instance_loss: 0.0006, weighted_loss: 1.1295, label: 0, bag_size: 2532
batch 219, loss: 0.4715, instance_loss: 0.0018, weighted_loss: 0.3306, label: 1, bag_size: 2428
batch 239, loss: 0.1000, instance_loss: 0.0002, weighted_loss: 0.0700, label: 0, bag_size: 671
batch 259, loss: 0.5749, instance_loss: 0.0006, weighted_loss: 0.4026, label: 1, bag_size: 2184
batch 279, loss: 0.1597, instance_loss: 0.0007, weighted_loss: 0.1120, label: 1, bag_size: 5198
batch 299, loss: 0.0372, instance_loss: 0.0002, weighted_loss: 0.0261, label: 1, bag_size: 32336
batch 319, loss: 0.2828, instance_loss: 0.0133, weighted_loss: 0.2020, label: 1, bag_size: 986
batch 339, loss: 0.0408, instance_loss: 0.0002, weighted_loss: 0.0286, label: 0, bag_size: 680
batch 359, loss: 0.1471, instance_loss: 0.0055, weighted_loss: 0.1046, label: 0, bag_size: 362
batch 379, loss: 0.0826, instance_loss: 0.2203, weighted_loss: 0.1239, label: 1, bag_size: 644
batch 399, loss: 0.4212, instance_loss: 0.0006, weighted_loss: 0.2950, label: 1, bag_size: 1997
batch 419, loss: 0.0638, instance_loss: 0.0060, weighted_loss: 0.0465, label: 0, bag_size: 4546
batch 439, loss: 0.1452, instance_loss: 0.0044, weighted_loss: 0.1030, label: 0, bag_size: 584
batch 459, loss: 0.3032, instance_loss: 0.0002, weighted_loss: 0.2123, label: 1, bag_size: 4645
batch 479, loss: 1.1120, instance_loss: 0.0060, weighted_loss: 0.7802, label: 1, bag_size: 1885
batch 499, loss: 0.0240, instance_loss: 0.0032, weighted_loss: 0.0178, label: 1, bag_size: 1852
batch 519, loss: 1.5376, instance_loss: 0.0009, weighted_loss: 1.0766, label: 0, bag_size: 837
batch 539, loss: 0.4214, instance_loss: 0.0020, weighted_loss: 0.2956, label: 1, bag_size: 643
batch 559, loss: 0.0987, instance_loss: 0.0008, weighted_loss: 0.0693, label: 1, bag_size: 5113
batch 579, loss: 0.1210, instance_loss: 0.0084, weighted_loss: 0.0872, label: 0, bag_size: 955
batch 599, loss: 0.0067, instance_loss: 0.0011, weighted_loss: 0.0050, label: 0, bag_size: 2271
batch 619, loss: 0.0060, instance_loss: 0.0033, weighted_loss: 0.0052, label: 1, bag_size: 605
batch 639, loss: 0.0989, instance_loss: 0.0004, weighted_loss: 0.0693, label: 1, bag_size: 2184
batch 659, loss: 1.0464, instance_loss: 0.0043, weighted_loss: 0.7338, label: 1, bag_size: 1270
batch 679, loss: 0.0083, instance_loss: 0.0000, weighted_loss: 0.0058, label: 1, bag_size: 2881


class 0 clustering acc 0.9981988472622478: correct 5542/5552
class 1 clustering acc 0.9994596541786743: correct 5549/5552
Epoch: 4, train_loss: 0.4301, train_clustering_loss:  0.0074, train_error: 0.1988
class 0: acc 0.7672413793103449, correct 267/348
class 1: acc 0.8352601156069365, correct 289/346

Val Set, val_loss: 0.8509, val_error: 0.4188, auc: 0.6224
class 0 clustering acc 1.0: correct 1280/1280
class 1 clustering acc 1.0: correct 1280/1280
class 0: acc 0.6413043478260869, correct 59/92
class 1: acc 0.5, correct 34/68
EarlyStopping counter: 3 out of 20


batch 19, loss: 0.5291, instance_loss: 0.0026, weighted_loss: 0.3712, label: 1, bag_size: 869
batch 39, loss: 0.3838, instance_loss: 0.0000, weighted_loss: 0.2687, label: 1, bag_size: 4741
batch 59, loss: 0.0549, instance_loss: 0.0003, weighted_loss: 0.0385, label: 0, bag_size: 584
batch 79, loss: 0.0798, instance_loss: 0.0030, weighted_loss: 0.0568, label: 0, bag_size: 961
batch 99, loss: 0.3429, instance_loss: 0.0027, weighted_loss: 0.2408, label: 1, bag_size: 590
batch 119, loss: 2.4352, instance_loss: 0.0053, weighted_loss: 1.7062, label: 1, bag_size: 847
batch 139, loss: 0.0508, instance_loss: 0.0000, weighted_loss: 0.0355, label: 1, bag_size: 6275
batch 159, loss: 0.8709, instance_loss: 0.0057, weighted_loss: 0.6113, label: 0, bag_size: 1117
batch 179, loss: 0.0128, instance_loss: 0.0000, weighted_loss: 0.0090, label: 1, bag_size: 966
batch 199, loss: 0.0305, instance_loss: 0.0000, weighted_loss: 0.0213, label: 1, bag_size: 4360
batch 219, loss: 0.1793, instance_loss: 0.0000, weighted_loss: 0.1255, label: 1, bag_size: 3931
batch 239, loss: 0.2003, instance_loss: 0.0000, weighted_loss: 0.1402, label: 1, bag_size: 2745
batch 259, loss: 0.1169, instance_loss: 0.0000, weighted_loss: 0.0819, label: 1, bag_size: 1147
batch 279, loss: 0.1016, instance_loss: 0.0000, weighted_loss: 0.0711, label: 1, bag_size: 827
batch 299, loss: 1.1327, instance_loss: 0.0363, weighted_loss: 0.8038, label: 0, bag_size: 409
batch 319, loss: 0.6599, instance_loss: 0.0000, weighted_loss: 0.4620, label: 1, bag_size: 4080
batch 339, loss: 0.2825, instance_loss: 0.0000, weighted_loss: 0.1977, label: 1, bag_size: 4645
batch 359, loss: 0.0265, instance_loss: 0.0011, weighted_loss: 0.0189, label: 0, bag_size: 414
batch 379, loss: 0.1330, instance_loss: 0.0000, weighted_loss: 0.0931, label: 0, bag_size: 879
batch 399, loss: 0.0158, instance_loss: 0.0017, weighted_loss: 0.0115, label: 1, bag_size: 2244
batch 419, loss: 0.1157, instance_loss: 0.0000, weighted_loss: 0.0810, label: 1, bag_size: 4623
batch 439, loss: 3.0782, instance_loss: 0.0000, weighted_loss: 2.1547, label: 1, bag_size: 4337
batch 459, loss: 0.0201, instance_loss: 0.0003, weighted_loss: 0.0142, label: 1, bag_size: 1866
batch 479, loss: 0.4250, instance_loss: 0.0102, weighted_loss: 0.3005, label: 1, bag_size: 2946
batch 499, loss: 1.1980, instance_loss: 0.0013, weighted_loss: 0.8390, label: 1, bag_size: 3762
batch 519, loss: 0.0596, instance_loss: 0.0006, weighted_loss: 0.0419, label: 1, bag_size: 3506
batch 539, loss: 0.0514, instance_loss: 0.0024, weighted_loss: 0.0367, label: 0, bag_size: 678
batch 559, loss: 1.9347, instance_loss: 0.0000, weighted_loss: 1.3543, label: 0, bag_size: 5715
batch 579, loss: 1.1930, instance_loss: 0.0032, weighted_loss: 0.8361, label: 0, bag_size: 1195
batch 599, loss: 0.2928, instance_loss: 0.0000, weighted_loss: 0.2050, label: 1, bag_size: 4741
batch 619, loss: 0.0334, instance_loss: 0.0000, weighted_loss: 0.0234, label: 0, bag_size: 2150
batch 639, loss: 0.0954, instance_loss: 0.0021, weighted_loss: 0.0674, label: 0, bag_size: 1883
batch 659, loss: 0.0488, instance_loss: 0.0020, weighted_loss: 0.0348, label: 1, bag_size: 587
batch 679, loss: 0.1789, instance_loss: 0.0008, weighted_loss: 0.1255, label: 1, bag_size: 1501


class 0 clustering acc 0.9998198847262247: correct 5551/5552
class 1 clustering acc 0.9990994236311239: correct 5547/5552
Epoch: 5, train_loss: 0.3628, train_clustering_loss:  0.0057, train_error: 0.1542
class 0: acc 0.8192771084337349, correct 272/332
class 1: acc 0.8701657458563536, correct 315/362

Val Set, val_loss: 0.9143, val_error: 0.4437, auc: 0.5520
class 0 clustering acc 1.0: correct 1280/1280
class 1 clustering acc 1.0: correct 1280/1280
class 0: acc 0.5978260869565217, correct 55/92
class 1: acc 0.5, correct 34/68
EarlyStopping counter: 4 out of 20


batch 19, loss: 0.7690, instance_loss: 0.0249, weighted_loss: 0.5458, label: 0, bag_size: 797
batch 39, loss: 0.3299, instance_loss: 0.0000, weighted_loss: 0.2309, label: 0, bag_size: 1670
batch 59, loss: 0.0707, instance_loss: 0.0000, weighted_loss: 0.0495, label: 0, bag_size: 4968
batch 79, loss: 0.0005, instance_loss: 0.0000, weighted_loss: 0.0003, label: 0, bag_size: 781
batch 99, loss: 0.4441, instance_loss: 0.0008, weighted_loss: 0.3111, label: 0, bag_size: 1647
batch 119, loss: 0.7893, instance_loss: 0.0015, weighted_loss: 0.5530, label: 1, bag_size: 2537
batch 139, loss: 0.1268, instance_loss: 0.0000, weighted_loss: 0.0888, label: 1, bag_size: 817
batch 159, loss: 0.0991, instance_loss: 0.0000, weighted_loss: 0.0693, label: 0, bag_size: 1599
batch 179, loss: 0.1391, instance_loss: 0.0056, weighted_loss: 0.0990, label: 0, bag_size: 1531
batch 199, loss: 0.0558, instance_loss: 0.0000, weighted_loss: 0.0391, label: 1, bag_size: 4741
batch 219, loss: 0.1022, instance_loss: 0.0028, weighted_loss: 0.0724, label: 0, bag_size: 560
batch 239, loss: 0.1600, instance_loss: 0.0000, weighted_loss: 0.1120, label: 0, bag_size: 3425
batch 259, loss: 0.5134, instance_loss: 0.0038, weighted_loss: 0.3605, label: 1, bag_size: 3700
batch 279, loss: 0.0002, instance_loss: 0.0026, weighted_loss: 0.0009, label: 0, bag_size: 898
batch 299, loss: 0.0078, instance_loss: 0.0000, weighted_loss: 0.0054, label: 0, bag_size: 739
batch 319, loss: 0.3051, instance_loss: 0.0000, weighted_loss: 0.2136, label: 0, bag_size: 2280
batch 339, loss: 0.0799, instance_loss: 0.0020, weighted_loss: 0.0565, label: 0, bag_size: 235
batch 359, loss: 0.0835, instance_loss: 0.0042, weighted_loss: 0.0597, label: 0, bag_size: 766
batch 379, loss: 0.0722, instance_loss: 0.0033, weighted_loss: 0.0515, label: 1, bag_size: 612
batch 399, loss: 0.1315, instance_loss: 0.0000, weighted_loss: 0.0920, label: 0, bag_size: 4420
batch 419, loss: 0.0109, instance_loss: 0.0049, weighted_loss: 0.0091, label: 1, bag_size: 1852
batch 439, loss: 0.0109, instance_loss: 0.0014, weighted_loss: 0.0081, label: 1, bag_size: 1552
batch 459, loss: 0.1432, instance_loss: 0.0005, weighted_loss: 0.1004, label: 1, bag_size: 2946
batch 479, loss: 0.0849, instance_loss: 0.0075, weighted_loss: 0.0617, label: 0, bag_size: 1584
batch 499, loss: 0.6314, instance_loss: 0.0442, weighted_loss: 0.4552, label: 1, bag_size: 215
batch 519, loss: 0.0078, instance_loss: 0.0011, weighted_loss: 0.0058, label: 0, bag_size: 869
batch 539, loss: 0.0141, instance_loss: 0.0034, weighted_loss: 0.0109, label: 1, bag_size: 2184
batch 559, loss: 0.0239, instance_loss: 0.0000, weighted_loss: 0.0167, label: 1, bag_size: 5455
batch 579, loss: 0.4321, instance_loss: 0.0023, weighted_loss: 0.3032, label: 1, bag_size: 2760
batch 599, loss: 2.2347, instance_loss: 0.0000, weighted_loss: 1.5643, label: 1, bag_size: 4545
batch 619, loss: 0.0589, instance_loss: 0.0008, weighted_loss: 0.0414, label: 0, bag_size: 929
batch 639, loss: 0.0103, instance_loss: 0.0000, weighted_loss: 0.0072, label: 1, bag_size: 5113
batch 659, loss: 0.0329, instance_loss: 0.0000, weighted_loss: 0.0230, label: 0, bag_size: 1102
batch 679, loss: 0.0492, instance_loss: 0.0288, weighted_loss: 0.0431, label: 1, bag_size: 714


class 0 clustering acc 0.9998198847262247: correct 5551/5552
class 1 clustering acc 0.9990994236311239: correct 5547/5552
Epoch: 6, train_loss: 0.2775, train_clustering_loss:  0.0052, train_error: 0.1081
class 0: acc 0.8851540616246498, correct 316/357
class 1: acc 0.8991097922848664, correct 303/337

Val Set, val_loss: 0.9659, val_error: 0.4562, auc: 0.5831
class 0 clustering acc 1.0: correct 1280/1280
class 1 clustering acc 1.0: correct 1280/1280
class 0: acc 0.5652173913043478, correct 52/92
class 1: acc 0.5147058823529411, correct 35/68
EarlyStopping counter: 5 out of 20


batch 19, loss: 0.0091, instance_loss: 0.0000, weighted_loss: 0.0063, label: 1, bag_size: 1534
batch 39, loss: 0.5338, instance_loss: 0.0243, weighted_loss: 0.3810, label: 1, bag_size: 354
batch 59, loss: 1.5902, instance_loss: 0.0083, weighted_loss: 1.1157, label: 1, bag_size: 847
batch 79, loss: 0.5505, instance_loss: 0.0025, weighted_loss: 0.3861, label: 0, bag_size: 529
batch 99, loss: 0.2320, instance_loss: 0.0004, weighted_loss: 0.1625, label: 1, bag_size: 4080
batch 119, loss: 1.8932, instance_loss: 0.0000, weighted_loss: 1.3253, label: 0, bag_size: 5083
batch 139, loss: 0.0249, instance_loss: 0.0000, weighted_loss: 0.0174, label: 1, bag_size: 5454
batch 159, loss: 0.0280, instance_loss: 0.0013, weighted_loss: 0.0200, label: 1, bag_size: 842
batch 179, loss: 0.0326, instance_loss: 0.0004, weighted_loss: 0.0229, label: 0, bag_size: 1101
batch 199, loss: 0.5254, instance_loss: 0.0148, weighted_loss: 0.3722, label: 1, bag_size: 215
batch 219, loss: 2.5817, instance_loss: 0.0000, weighted_loss: 1.8072, label: 0, bag_size: 3651
batch 239, loss: 0.6488, instance_loss: 0.0000, weighted_loss: 0.4542, label: 0, bag_size: 5083
batch 259, loss: 0.4280, instance_loss: 0.0003, weighted_loss: 0.2997, label: 1, bag_size: 4439
batch 279, loss: 0.0023, instance_loss: 0.0007, weighted_loss: 0.0018, label: 1, bag_size: 980
batch 299, loss: 0.4271, instance_loss: 0.0003, weighted_loss: 0.2990, label: 0, bag_size: 4567
batch 319, loss: 0.0060, instance_loss: 0.0004, weighted_loss: 0.0044, label: 1, bag_size: 1007
batch 339, loss: 0.5384, instance_loss: 0.0088, weighted_loss: 0.3795, label: 0, bag_size: 775
batch 359, loss: 0.0591, instance_loss: 0.0028, weighted_loss: 0.0422, label: 0, bag_size: 382
batch 379, loss: 0.0120, instance_loss: 0.0000, weighted_loss: 0.0084, label: 1, bag_size: 4439
batch 399, loss: 0.3300, instance_loss: 0.0074, weighted_loss: 0.2332, label: 1, bag_size: 1486
batch 419, loss: 0.7535, instance_loss: 0.0023, weighted_loss: 0.5281, label: 1, bag_size: 3220
batch 439, loss: 0.0552, instance_loss: 0.0000, weighted_loss: 0.0387, label: 1, bag_size: 2324
batch 459, loss: 1.6255, instance_loss: 0.0042, weighted_loss: 1.1391, label: 0, bag_size: 1274
batch 479, loss: 1.5574, instance_loss: 0.0007, weighted_loss: 1.0904, label: 0, bag_size: 888
batch 499, loss: 0.2951, instance_loss: 0.2448, weighted_loss: 0.2800, label: 0, bag_size: 220
batch 519, loss: 0.0017, instance_loss: 0.0045, weighted_loss: 0.0025, label: 0, bag_size: 764
batch 539, loss: 0.0003, instance_loss: 0.0038, weighted_loss: 0.0013, label: 0, bag_size: 547
batch 559, loss: 0.0033, instance_loss: 0.0074, weighted_loss: 0.0045, label: 1, bag_size: 565
batch 579, loss: 0.0091, instance_loss: 0.0321, weighted_loss: 0.0160, label: 1, bag_size: 829
batch 599, loss: 0.1262, instance_loss: 0.0005, weighted_loss: 0.0885, label: 1, bag_size: 1664
batch 619, loss: 0.0303, instance_loss: 0.0042, weighted_loss: 0.0225, label: 1, bag_size: 511
batch 639, loss: 0.1223, instance_loss: 0.0032, weighted_loss: 0.0866, label: 0, bag_size: 263
batch 659, loss: 0.0700, instance_loss: 0.0005, weighted_loss: 0.0491, label: 1, bag_size: 1055
batch 679, loss: 0.0342, instance_loss: 0.0000, weighted_loss: 0.0239, label: 0, bag_size: 664


class 0 clustering acc 0.9996397694524496: correct 5550/5552
class 1 clustering acc 0.997478386167147: correct 5538/5552
Epoch: 7, train_loss: 0.2069, train_clustering_loss:  0.0135, train_error: 0.0735
class 0: acc 0.9032258064516129, correct 308/341
class 1: acc 0.9490084985835694, correct 335/353

Val Set, val_loss: 1.0651, val_error: 0.4125, auc: 0.6146
class 0 clustering acc 1.0: correct 1280/1280
class 1 clustering acc 1.0: correct 1280/1280
class 0: acc 0.6630434782608695, correct 61/92
class 1: acc 0.4852941176470588, correct 33/68
EarlyStopping counter: 6 out of 20


batch 19, loss: 0.0028, instance_loss: 0.0000, weighted_loss: 0.0019, label: 0, bag_size: 869
batch 39, loss: 0.0605, instance_loss: 0.0000, weighted_loss: 0.0423, label: 1, bag_size: 5198
batch 59, loss: 0.0120, instance_loss: 0.0027, weighted_loss: 0.0092, label: 1, bag_size: 2594
batch 79, loss: 0.0692, instance_loss: 0.0004, weighted_loss: 0.0485, label: 0, bag_size: 2577
batch 99, loss: 0.0001, instance_loss: 0.0005, weighted_loss: 0.0002, label: 0, bag_size: 998
batch 119, loss: 0.0814, instance_loss: 0.0008, weighted_loss: 0.0572, label: 1, bag_size: 753
batch 139, loss: 0.9043, instance_loss: 0.0000, weighted_loss: 0.6330, label: 0, bag_size: 3341
batch 159, loss: 0.0107, instance_loss: 0.0000, weighted_loss: 0.0075, label: 1, bag_size: 1866
batch 179, loss: 0.0280, instance_loss: 0.0024, weighted_loss: 0.0203, label: 1, bag_size: 2267
batch 199, loss: 0.0186, instance_loss: 0.0000, weighted_loss: 0.0130, label: 1, bag_size: 3269
batch 219, loss: 0.3406, instance_loss: 0.0000, weighted_loss: 0.2384, label: 1, bag_size: 4429
batch 239, loss: 0.1368, instance_loss: 0.0010, weighted_loss: 0.0961, label: 0, bag_size: 490
batch 259, loss: 0.0034, instance_loss: 0.0019, weighted_loss: 0.0029, label: 1, bag_size: 655
batch 279, loss: 0.0025, instance_loss: 0.0000, weighted_loss: 0.0017, label: 1, bag_size: 3600
batch 299, loss: 0.6917, instance_loss: 0.0057, weighted_loss: 0.4859, label: 1, bag_size: 468
batch 319, loss: 0.0706, instance_loss: 0.0035, weighted_loss: 0.0505, label: 1, bag_size: 2364
batch 339, loss: 0.0040, instance_loss: 0.0052, weighted_loss: 0.0044, label: 0, bag_size: 1456
batch 359, loss: 0.0144, instance_loss: 0.0004, weighted_loss: 0.0102, label: 1, bag_size: 3097
batch 379, loss: 0.0077, instance_loss: 0.0000, weighted_loss: 0.0054, label: 1, bag_size: 2454
batch 399, loss: 0.0005, instance_loss: 0.0000, weighted_loss: 0.0004, label: 1, bag_size: 1552
batch 419, loss: 0.0008, instance_loss: 0.0000, weighted_loss: 0.0005, label: 0, bag_size: 690
batch 439, loss: 0.0065, instance_loss: 0.0012, weighted_loss: 0.0049, label: 0, bag_size: 2518
batch 459, loss: 0.0177, instance_loss: 0.0000, weighted_loss: 0.0124, label: 0, bag_size: 3795
batch 479, loss: 0.0035, instance_loss: 0.0002, weighted_loss: 0.0025, label: 0, bag_size: 2223
batch 499, loss: 0.0068, instance_loss: 0.0000, weighted_loss: 0.0047, label: 1, bag_size: 5146
batch 519, loss: 0.0037, instance_loss: 0.0000, weighted_loss: 0.0026, label: 1, bag_size: 3225
batch 539, loss: 0.0044, instance_loss: 0.0050, weighted_loss: 0.0046, label: 0, bag_size: 491
batch 559, loss: 0.0012, instance_loss: 0.0000, weighted_loss: 0.0008, label: 0, bag_size: 1424
batch 579, loss: 2.7671, instance_loss: 0.0000, weighted_loss: 1.9369, label: 0, bag_size: 4112
batch 599, loss: 1.6068, instance_loss: 0.0000, weighted_loss: 1.1248, label: 1, bag_size: 4913
batch 619, loss: 0.0002, instance_loss: 0.0019, weighted_loss: 0.0007, label: 0, bag_size: 1013
batch 639, loss: 0.0008, instance_loss: 0.0000, weighted_loss: 0.0006, label: 1, bag_size: 2881
batch 659, loss: 0.0123, instance_loss: 0.0000, weighted_loss: 0.0086, label: 1, bag_size: 598
batch 679, loss: 0.0010, instance_loss: 0.0000, weighted_loss: 0.0007, label: 1, bag_size: 2881


class 0 clustering acc 1.0: correct 5552/5552
class 1 clustering acc 1.0: correct 5552/5552
Epoch: 8, train_loss: 0.1448, train_clustering_loss:  0.0025, train_error: 0.0504
class 0: acc 0.9387186629526463, correct 337/359
class 1: acc 0.9611940298507463, correct 322/335

Val Set, val_loss: 1.2638, val_error: 0.4313, auc: 0.6122
class 0 clustering acc 1.0: correct 1280/1280
class 1 clustering acc 1.0: correct 1280/1280
class 0: acc 0.75, correct 69/92
class 1: acc 0.3235294117647059, correct 22/68
EarlyStopping counter: 7 out of 20


batch 19, loss: 0.0018, instance_loss: 0.0000, weighted_loss: 0.0013, label: 0, bag_size: 5364
batch 39, loss: 0.0003, instance_loss: 0.0000, weighted_loss: 0.0002, label: 1, bag_size: 753
batch 59, loss: 0.0018, instance_loss: 0.0009, weighted_loss: 0.0015, label: 1, bag_size: 520
batch 79, loss: 0.0112, instance_loss: 0.0348, weighted_loss: 0.0183, label: 1, bag_size: 3839
batch 99, loss: 0.0005, instance_loss: 0.0063, weighted_loss: 0.0022, label: 0, bag_size: 3779
batch 119, loss: 0.0204, instance_loss: 0.0003, weighted_loss: 0.0144, label: 0, bag_size: 2672
batch 139, loss: 0.0001, instance_loss: 0.0000, weighted_loss: 0.0001, label: 0, bag_size: 3396
batch 159, loss: 0.5644, instance_loss: 0.0000, weighted_loss: 0.3951, label: 0, bag_size: 4645
batch 179, loss: 0.0444, instance_loss: 0.0012, weighted_loss: 0.0314, label: 0, bag_size: 495
batch 199, loss: 0.0184, instance_loss: 0.0000, weighted_loss: 0.0129, label: 1, bag_size: 2466
batch 219, loss: 0.0127, instance_loss: 0.0000, weighted_loss: 0.0089, label: 0, bag_size: 676
batch 239, loss: 0.0035, instance_loss: 0.0003, weighted_loss: 0.0025, label: 0, bag_size: 1254
batch 259, loss: 0.0002, instance_loss: 0.0000, weighted_loss: 0.0001, label: 0, bag_size: 4209
batch 279, loss: 0.1156, instance_loss: 0.0044, weighted_loss: 0.0822, label: 0, bag_size: 775
batch 299, loss: 0.0186, instance_loss: 0.0000, weighted_loss: 0.0130, label: 1, bag_size: 643
batch 319, loss: 0.5352, instance_loss: 0.0005, weighted_loss: 0.3748, label: 0, bag_size: 461
batch 339, loss: 0.1887, instance_loss: 0.0011, weighted_loss: 0.1324, label: 0, bag_size: 4523
batch 359, loss: 0.0347, instance_loss: 0.0000, weighted_loss: 0.0243, label: 0, bag_size: 685
batch 379, loss: 0.3349, instance_loss: 0.0304, weighted_loss: 0.2436, label: 0, bag_size: 1723
batch 399, loss: 0.1101, instance_loss: 0.0000, weighted_loss: 0.0770, label: 1, bag_size: 2920
batch 419, loss: 0.0042, instance_loss: 0.0002, weighted_loss: 0.0030, label: 0, bag_size: 413
batch 439, loss: 0.0490, instance_loss: 0.0012, weighted_loss: 0.0346, label: 1, bag_size: 1664
batch 459, loss: 0.0002, instance_loss: 0.0010, weighted_loss: 0.0004, label: 0, bag_size: 1083
batch 479, loss: 0.0980, instance_loss: 0.0000, weighted_loss: 0.0686, label: 1, bag_size: 4512
batch 499, loss: 0.0755, instance_loss: 0.0000, weighted_loss: 0.0529, label: 1, bag_size: 4164
batch 519, loss: 0.0008, instance_loss: 0.0002, weighted_loss: 0.0007, label: 1, bag_size: 1736
batch 539, loss: 0.1800, instance_loss: 0.0024, weighted_loss: 0.1268, label: 1, bag_size: 923
batch 559, loss: 0.0035, instance_loss: 0.0000, weighted_loss: 0.0024, label: 1, bag_size: 1309
batch 579, loss: 0.0334, instance_loss: 0.0000, weighted_loss: 0.0234, label: 1, bag_size: 945
batch 599, loss: 0.0003, instance_loss: 0.0006, weighted_loss: 0.0003, label: 1, bag_size: 565
batch 619, loss: 0.3091, instance_loss: 0.0019, weighted_loss: 0.2169, label: 0, bag_size: 1047
batch 639, loss: 0.0079, instance_loss: 0.0000, weighted_loss: 0.0055, label: 0, bag_size: 1157
batch 659, loss: 0.0008, instance_loss: 0.0004, weighted_loss: 0.0006, label: 0, bag_size: 394
batch 679, loss: 0.0007, instance_loss: 0.0006, weighted_loss: 0.0006, label: 0, bag_size: 1643


class 0 clustering acc 0.9989193083573487: correct 5546/5552
class 1 clustering acc 0.9987391930835735: correct 5545/5552
Epoch: 9, train_loss: 0.1551, train_clustering_loss:  0.0075, train_error: 0.0533
class 0: acc 0.9491525423728814, correct 336/354
class 1: acc 0.9441176470588235, correct 321/340

Val Set, val_loss: 1.3288, val_error: 0.4188, auc: 0.6044
class 0 clustering acc 1.0: correct 1280/1280
class 1 clustering acc 1.0: correct 1280/1280
class 0: acc 0.717391304347826, correct 66/92
class 1: acc 0.39705882352941174, correct 27/68
EarlyStopping counter: 8 out of 20


batch 19, loss: 0.0173, instance_loss: 0.0002, weighted_loss: 0.0122, label: 0, bag_size: 3898
batch 39, loss: 0.0414, instance_loss: 0.0016, weighted_loss: 0.0294, label: 0, bag_size: 560
batch 59, loss: 0.0000, instance_loss: 0.0000, weighted_loss: 0.0000, label: 1, bag_size: 1671
batch 79, loss: 0.0073, instance_loss: 0.0007, weighted_loss: 0.0053, label: 1, bag_size: 4181
batch 99, loss: 0.0055, instance_loss: 0.0000, weighted_loss: 0.0038, label: 1, bag_size: 1055
batch 119, loss: 0.0422, instance_loss: 0.0000, weighted_loss: 0.0295, label: 0, bag_size: 4178
batch 139, loss: 0.0002, instance_loss: 0.0000, weighted_loss: 0.0001, label: 0, bag_size: 3785
batch 159, loss: 0.0012, instance_loss: 0.0002, weighted_loss: 0.0009, label: 0, bag_size: 681
batch 179, loss: 0.5857, instance_loss: 0.0014, weighted_loss: 0.4104, label: 0, bag_size: 1518
batch 199, loss: 0.0005, instance_loss: 0.0000, weighted_loss: 0.0003, label: 0, bag_size: 791
batch 219, loss: 0.0011, instance_loss: 0.0000, weighted_loss: 0.0007, label: 1, bag_size: 1742
batch 239, loss: 0.0002, instance_loss: 0.0016, weighted_loss: 0.0006, label: 0, bag_size: 891
batch 259, loss: 0.0103, instance_loss: 0.0000, weighted_loss: 0.0072, label: 0, bag_size: 1432
batch 279, loss: 0.0158, instance_loss: 0.0000, weighted_loss: 0.0110, label: 1, bag_size: 1285
batch 299, loss: 0.0004, instance_loss: 0.0000, weighted_loss: 0.0003, label: 1, bag_size: 5149
batch 319, loss: 0.0473, instance_loss: 0.0053, weighted_loss: 0.0347, label: 1, bag_size: 1949
batch 339, loss: 0.0147, instance_loss: 0.0008, weighted_loss: 0.0105, label: 1, bag_size: 817
batch 359, loss: 0.0123, instance_loss: 0.0014, weighted_loss: 0.0090, label: 1, bag_size: 705
batch 379, loss: 0.0123, instance_loss: 0.0000, weighted_loss: 0.0086, label: 1, bag_size: 4556
batch 399, loss: 0.0077, instance_loss: 0.0000, weighted_loss: 0.0054, label: 0, bag_size: 4645
batch 419, loss: 0.1927, instance_loss: 0.0000, weighted_loss: 0.1349, label: 0, bag_size: 961
batch 439, loss: 0.0001, instance_loss: 0.0000, weighted_loss: 0.0001, label: 0, bag_size: 1013
batch 459, loss: 0.0029, instance_loss: 0.0000, weighted_loss: 0.0020, label: 0, bag_size: 3489
batch 479, loss: 0.0013, instance_loss: 0.0007, weighted_loss: 0.0011, label: 1, bag_size: 829
batch 499, loss: 0.0064, instance_loss: 0.0000, weighted_loss: 0.0045, label: 0, bag_size: 2235
batch 519, loss: 0.0793, instance_loss: 0.0000, weighted_loss: 0.0555, label: 1, bag_size: 869
batch 539, loss: 0.0485, instance_loss: 0.0000, weighted_loss: 0.0340, label: 1, bag_size: 1949
batch 559, loss: 0.0014, instance_loss: 0.0002, weighted_loss: 0.0010, label: 1, bag_size: 847
batch 579, loss: 0.0594, instance_loss: 0.0000, weighted_loss: 0.0416, label: 1, bag_size: 731
batch 599, loss: 0.0000, instance_loss: 0.0000, weighted_loss: 0.0000, label: 0, bag_size: 926
batch 619, loss: 0.0827, instance_loss: 0.0000, weighted_loss: 0.0579, label: 0, bag_size: 4266
batch 639, loss: 0.0027, instance_loss: 0.0022, weighted_loss: 0.0026, label: 0, bag_size: 4365
batch 659, loss: 0.0006, instance_loss: 0.0002, weighted_loss: 0.0005, label: 1, bag_size: 1534
batch 679, loss: 0.0003, instance_loss: 0.0000, weighted_loss: 0.0002, label: 0, bag_size: 1370


class 0 clustering acc 1.0: correct 5552/5552
class 1 clustering acc 0.9989193083573487: correct 5546/5552
Epoch: 10, train_loss: 0.0975, train_clustering_loss:  0.0053, train_error: 0.0303
class 0: acc 0.9699453551912568, correct 355/366
class 1: acc 0.9695121951219512, correct 318/328

Val Set, val_loss: 1.4007, val_error: 0.4000, auc: 0.6109
class 0 clustering acc 0.9984375: correct 1278/1280
class 1 clustering acc 1.0: correct 1280/1280
class 0: acc 0.7065217391304348, correct 65/92
class 1: acc 0.45588235294117646, correct 31/68
EarlyStopping counter: 9 out of 20


batch 19, loss: 0.0009, instance_loss: 0.0009, weighted_loss: 0.0009, label: 1, bag_size: 1534
batch 39, loss: 0.0018, instance_loss: 0.0184, weighted_loss: 0.0068, label: 0, bag_size: 698
batch 59, loss: 0.0015, instance_loss: 0.0009, weighted_loss: 0.0013, label: 1, bag_size: 520
batch 79, loss: 0.0015, instance_loss: 0.0011, weighted_loss: 0.0014, label: 0, bag_size: 1531
batch 99, loss: 0.0042, instance_loss: 0.0100, weighted_loss: 0.0060, label: 0, bag_size: 629
batch 119, loss: 0.0014, instance_loss: 0.1489, weighted_loss: 0.0456, label: 0, bag_size: 1388
batch 139, loss: 0.0115, instance_loss: 0.0000, weighted_loss: 0.0081, label: 1, bag_size: 511
batch 159, loss: 0.0028, instance_loss: 0.0050, weighted_loss: 0.0035, label: 0, bag_size: 3341
batch 179, loss: 0.0000, instance_loss: 0.0017, weighted_loss: 0.0005, label: 0, bag_size: 2397
batch 199, loss: 0.0009, instance_loss: 0.0004, weighted_loss: 0.0008, label: 0, bag_size: 698
batch 219, loss: 0.1620, instance_loss: 0.0012, weighted_loss: 0.1137, label: 1, bag_size: 4202
batch 239, loss: 0.0037, instance_loss: 0.0085, weighted_loss: 0.0052, label: 0, bag_size: 748
batch 259, loss: 0.0030, instance_loss: 0.0006, weighted_loss: 0.0023, label: 0, bag_size: 869
batch 279, loss: 0.0145, instance_loss: 0.0028, weighted_loss: 0.0110, label: 1, bag_size: 1101
batch 299, loss: 0.0011, instance_loss: 0.0006, weighted_loss: 0.0009, label: 1, bag_size: 655
batch 319, loss: 0.0467, instance_loss: 0.0017, weighted_loss: 0.0332, label: 1, bag_size: 2267
batch 339, loss: 0.0018, instance_loss: 0.0006, weighted_loss: 0.0015, label: 1, bag_size: 1664
batch 359, loss: 0.0201, instance_loss: 0.0000, weighted_loss: 0.0140, label: 0, bag_size: 3649
batch 379, loss: 0.0140, instance_loss: 0.0569, weighted_loss: 0.0269, label: 0, bag_size: 327
batch 399, loss: 0.0313, instance_loss: 0.0088, weighted_loss: 0.0245, label: 1, bag_size: 1276
batch 419, loss: 0.0001, instance_loss: 0.0011, weighted_loss: 0.0004, label: 0, bag_size: 1102
batch 439, loss: 0.0001, instance_loss: 0.0016, weighted_loss: 0.0006, label: 0, bag_size: 2344
batch 459, loss: 0.0001, instance_loss: 0.0003, weighted_loss: 0.0001, label: 1, bag_size: 2058
batch 479, loss: 0.0101, instance_loss: 0.0002, weighted_loss: 0.0072, label: 0, bag_size: 791
batch 499, loss: 0.0003, instance_loss: 0.0005, weighted_loss: 0.0004, label: 1, bag_size: 2760
batch 519, loss: 0.0130, instance_loss: 0.0000, weighted_loss: 0.0091, label: 1, bag_size: 4202
batch 539, loss: 0.0011, instance_loss: 0.0000, weighted_loss: 0.0007, label: 1, bag_size: 1742
batch 559, loss: 0.0052, instance_loss: 0.0136, weighted_loss: 0.0077, label: 0, bag_size: 955
batch 579, loss: 0.1564, instance_loss: 0.0014, weighted_loss: 0.1099, label: 0, bag_size: 684
batch 599, loss: 0.0010, instance_loss: 0.0012, weighted_loss: 0.0011, label: 0, bag_size: 3934
batch 619, loss: 0.0786, instance_loss: 0.0000, weighted_loss: 0.0550, label: 1, bag_size: 4764
batch 639, loss: 0.0524, instance_loss: 0.0000, weighted_loss: 0.0367, label: 0, bag_size: 5570
batch 659, loss: 0.0215, instance_loss: 0.0068, weighted_loss: 0.0171, label: 1, bag_size: 920
batch 679, loss: 0.0027, instance_loss: 0.0040, weighted_loss: 0.0031, label: 1, bag_size: 955


class 0 clustering acc 0.9983789625360231: correct 5543/5552
class 1 clustering acc 0.99585734870317: correct 5529/5552
Epoch: 11, train_loss: 0.1062, train_clustering_loss:  0.0194, train_error: 0.0360
class 0: acc 0.9523809523809523, correct 320/336
class 1: acc 0.9748603351955307, correct 349/358

Val Set, val_loss: 1.6000, val_error: 0.3750, auc: 0.6271
class 0 clustering acc 1.0: correct 1280/1280
class 1 clustering acc 1.0: correct 1280/1280
class 0: acc 0.8152173913043478, correct 75/92
class 1: acc 0.36764705882352944, correct 25/68
EarlyStopping counter: 10 out of 20


batch 19, loss: 0.0011, instance_loss: 0.0018, weighted_loss: 0.0013, label: 0, bag_size: 1370
batch 39, loss: 0.0007, instance_loss: 0.0007, weighted_loss: 0.0007, label: 1, bag_size: 1866
batch 59, loss: 0.8288, instance_loss: 0.9224, weighted_loss: 0.8569, label: 0, bag_size: 384
batch 79, loss: 0.0007, instance_loss: 0.0018, weighted_loss: 0.0010, label: 0, bag_size: 420
batch 99, loss: 0.0265, instance_loss: 0.0004, weighted_loss: 0.0187, label: 0, bag_size: 4445
batch 119, loss: 0.0076, instance_loss: 0.0013, weighted_loss: 0.0058, label: 0, bag_size: 529
batch 139, loss: 0.0080, instance_loss: 0.0000, weighted_loss: 0.0056, label: 1, bag_size: 4202
batch 159, loss: 0.0001, instance_loss: 0.0002, weighted_loss: 0.0002, label: 1, bag_size: 1019
batch 179, loss: 0.0002, instance_loss: 0.0017, weighted_loss: 0.0007, label: 0, bag_size: 842
batch 199, loss: 0.0308, instance_loss: 0.0115, weighted_loss: 0.0250, label: 0, bag_size: 1499
batch 219, loss: 0.0655, instance_loss: 0.0031, weighted_loss: 0.0468, label: 1, bag_size: 1486
batch 239, loss: 0.0006, instance_loss: 0.0000, weighted_loss: 0.0004, label: 0, bag_size: 4057
batch 259, loss: 0.0561, instance_loss: 0.0015, weighted_loss: 0.0397, label: 1, bag_size: 2634
batch 279, loss: 0.0106, instance_loss: 0.0000, weighted_loss: 0.0074, label: 0, bag_size: 1439
batch 299, loss: 0.0001, instance_loss: 0.0003, weighted_loss: 0.0002, label: 0, bag_size: 2344
batch 319, loss: 0.2218, instance_loss: 0.0003, weighted_loss: 0.1553, label: 0, bag_size: 3109
batch 339, loss: 0.0054, instance_loss: 0.0004, weighted_loss: 0.0039, label: 1, bag_size: 3931
batch 359, loss: 0.0005, instance_loss: 0.0009, weighted_loss: 0.0006, label: 0, bag_size: 770
batch 379, loss: 0.0001, instance_loss: 0.0000, weighted_loss: 0.0001, label: 0, bag_size: 3534
batch 399, loss: 0.0001, instance_loss: 0.0000, weighted_loss: 0.0000, label: 0, bag_size: 1465
batch 419, loss: 0.0014, instance_loss: 0.0000, weighted_loss: 0.0010, label: 1, bag_size: 1297
batch 439, loss: 0.1250, instance_loss: 0.0144, weighted_loss: 0.0918, label: 1, bag_size: 1100
batch 459, loss: 0.0027, instance_loss: 0.0000, weighted_loss: 0.0019, label: 1, bag_size: 5091
batch 479, loss: 0.0089, instance_loss: 0.0000, weighted_loss: 0.0062, label: 1, bag_size: 3506
batch 499, loss: 0.0004, instance_loss: 0.0011, weighted_loss: 0.0006, label: 0, bag_size: 1154
batch 519, loss: 0.0003, instance_loss: 0.0000, weighted_loss: 0.0002, label: 0, bag_size: 1969
batch 539, loss: 0.0000, instance_loss: 0.0002, weighted_loss: 0.0001, label: 0, bag_size: 299
batch 559, loss: 0.0022, instance_loss: 0.0000, weighted_loss: 0.0015, label: 0, bag_size: 779
batch 579, loss: 0.0048, instance_loss: 0.0000, weighted_loss: 0.0034, label: 0, bag_size: 2280
batch 599, loss: 0.0000, instance_loss: 0.0002, weighted_loss: 0.0001, label: 0, bag_size: 1509
batch 619, loss: 0.0007, instance_loss: 0.0000, weighted_loss: 0.0005, label: 0, bag_size: 560
batch 639, loss: 0.1837, instance_loss: 0.0000, weighted_loss: 0.1286, label: 0, bag_size: 4647
batch 659, loss: 0.5979, instance_loss: 0.0003, weighted_loss: 0.4186, label: 1, bag_size: 6349
batch 679, loss: 0.0049, instance_loss: 0.0000, weighted_loss: 0.0034, label: 1, bag_size: 5055


class 0 clustering acc 0.9985590778097982: correct 5544/5552
class 1 clustering acc 0.9980187319884726: correct 5541/5552
Epoch: 12, train_loss: 0.0635, train_clustering_loss:  0.0124, train_error: 0.0187
class 0: acc 0.9745762711864406, correct 345/354
class 1: acc 0.9882352941176471, correct 336/340

Val Set, val_loss: 1.8597, val_error: 0.3937, auc: 0.6093
class 0 clustering acc 1.0: correct 1280/1280
class 1 clustering acc 1.0: correct 1280/1280
class 0: acc 0.8043478260869565, correct 74/92
class 1: acc 0.3382352941176471, correct 23/68
EarlyStopping counter: 11 out of 20


batch 19, loss: 0.0003, instance_loss: 0.0031, weighted_loss: 0.0011, label: 0, bag_size: 769
batch 39, loss: 1.0876, instance_loss: 0.2055, weighted_loss: 0.8230, label: 1, bag_size: 388
batch 59, loss: 0.0001, instance_loss: 0.0000, weighted_loss: 0.0001, label: 1, bag_size: 1534
batch 79, loss: 0.0401, instance_loss: 0.0021, weighted_loss: 0.0287, label: 0, bag_size: 1157
batch 99, loss: 0.0020, instance_loss: 0.0000, weighted_loss: 0.0014, label: 0, bag_size: 779
batch 119, loss: 0.0648, instance_loss: 0.0000, weighted_loss: 0.0454, label: 1, bag_size: 4556
batch 139, loss: 0.0001, instance_loss: 0.0000, weighted_loss: 0.0001, label: 1, bag_size: 980
batch 159, loss: 0.0120, instance_loss: 0.0000, weighted_loss: 0.0084, label: 0, bag_size: 4552
batch 179, loss: 3.0663, instance_loss: 0.0000, weighted_loss: 2.1464, label: 1, bag_size: 4545
batch 199, loss: 0.0004, instance_loss: 0.0037, weighted_loss: 0.0014, label: 0, bag_size: 840
batch 219, loss: 0.0316, instance_loss: 0.0005, weighted_loss: 0.0223, label: 1, bag_size: 5954
batch 239, loss: 0.0029, instance_loss: 0.0000, weighted_loss: 0.0020, label: 0, bag_size: 3554
batch 259, loss: 0.0027, instance_loss: 0.0000, weighted_loss: 0.0019, label: 1, bag_size: 4439
batch 279, loss: 0.0769, instance_loss: 0.0012, weighted_loss: 0.0542, label: 0, bag_size: 1231
batch 299, loss: 0.0538, instance_loss: 0.0008, weighted_loss: 0.0379, label: 0, bag_size: 1531
batch 319, loss: 0.0004, instance_loss: 0.0021, weighted_loss: 0.0009, label: 1, bag_size: 847
batch 339, loss: 0.0063, instance_loss: 0.0003, weighted_loss: 0.0045, label: 1, bag_size: 385
batch 359, loss: 0.2601, instance_loss: 0.0000, weighted_loss: 0.1821, label: 1, bag_size: 4080
batch 379, loss: 0.0127, instance_loss: 0.0011, weighted_loss: 0.0093, label: 0, bag_size: 632
batch 399, loss: 0.0049, instance_loss: 0.0008, weighted_loss: 0.0036, label: 1, bag_size: 587
batch 419, loss: 0.0129, instance_loss: 0.0000, weighted_loss: 0.0090, label: 0, bag_size: 435
batch 439, loss: 0.0017, instance_loss: 0.0003, weighted_loss: 0.0013, label: 1, bag_size: 945
batch 459, loss: 0.0037, instance_loss: 0.0230, weighted_loss: 0.0095, label: 1, bag_size: 705
batch 479, loss: 0.0051, instance_loss: 0.0000, weighted_loss: 0.0036, label: 0, bag_size: 3916
batch 499, loss: 0.0074, instance_loss: 0.0000, weighted_loss: 0.0052, label: 1, bag_size: 3768
batch 519, loss: 0.0000, instance_loss: 0.0000, weighted_loss: 0.0000, label: 0, bag_size: 1363
batch 539, loss: 0.0168, instance_loss: 0.0188, weighted_loss: 0.0174, label: 0, bag_size: 775
batch 559, loss: 0.0848, instance_loss: 0.0000, weighted_loss: 0.0594, label: 0, bag_size: 3554
batch 579, loss: 0.0004, instance_loss: 0.0028, weighted_loss: 0.0011, label: 0, bag_size: 263
batch 599, loss: 0.0009, instance_loss: 0.0010, weighted_loss: 0.0009, label: 1, bag_size: 817
batch 619, loss: 0.0001, instance_loss: 0.0020, weighted_loss: 0.0007, label: 0, bag_size: 468
batch 639, loss: 0.0000, instance_loss: 0.0007, weighted_loss: 0.0002, label: 1, bag_size: 2620
batch 659, loss: 0.0001, instance_loss: 0.0000, weighted_loss: 0.0001, label: 0, bag_size: 309
batch 679, loss: 0.0302, instance_loss: 0.0000, weighted_loss: 0.0211, label: 0, bag_size: 4645


class 0 clustering acc 1.0: correct 5552/5552
class 1 clustering acc 0.9976585014409222: correct 5539/5552
Epoch: 13, train_loss: 0.0848, train_clustering_loss:  0.0108, train_error: 0.0331
class 0: acc 0.9644808743169399, correct 353/366
class 1: acc 0.9695121951219512, correct 318/328

Val Set, val_loss: 1.7348, val_error: 0.4313, auc: 0.5918
class 0 clustering acc 1.0: correct 1280/1280
class 1 clustering acc 1.0: correct 1280/1280
class 0: acc 0.7717391304347826, correct 71/92
class 1: acc 0.29411764705882354, correct 20/68
EarlyStopping counter: 12 out of 20


batch 19, loss: 0.0031, instance_loss: 0.0088, weighted_loss: 0.0048, label: 1, bag_size: 1007
batch 39, loss: 0.0323, instance_loss: 0.0000, weighted_loss: 0.0226, label: 1, bag_size: 4764
batch 59, loss: 0.0001, instance_loss: 0.0000, weighted_loss: 0.0001, label: 0, bag_size: 4978
batch 79, loss: 0.0007, instance_loss: 0.0000, weighted_loss: 0.0005, label: 0, bag_size: 4800
batch 99, loss: 0.0000, instance_loss: 0.0023, weighted_loss: 0.0007, label: 0, bag_size: 342
batch 119, loss: 0.0044, instance_loss: 0.0000, weighted_loss: 0.0031, label: 1, bag_size: 1997
batch 139, loss: 0.0041, instance_loss: 0.0015, weighted_loss: 0.0033, label: 1, bag_size: 842
batch 159, loss: 0.0001, instance_loss: 0.0008, weighted_loss: 0.0003, label: 0, bag_size: 617
batch 179, loss: 0.0003, instance_loss: 0.0000, weighted_loss: 0.0002, label: 0, bag_size: 2145
batch 199, loss: 0.0003, instance_loss: 0.0000, weighted_loss: 0.0002, label: 1, bag_size: 2071
batch 219, loss: 0.0066, instance_loss: 0.0000, weighted_loss: 0.0046, label: 1, bag_size: 1169
batch 239, loss: 0.0048, instance_loss: 0.0761, weighted_loss: 0.0262, label: 0, bag_size: 384
batch 259, loss: 0.0000, instance_loss: 0.0004, weighted_loss: 0.0001, label: 0, bag_size: 710
batch 279, loss: 0.0000, instance_loss: 0.0000, weighted_loss: 0.0000, label: 0, bag_size: 4292
batch 299, loss: 0.0054, instance_loss: 0.0000, weighted_loss: 0.0038, label: 0, bag_size: 5769
batch 319, loss: 0.0000, instance_loss: 0.0000, weighted_loss: 0.0000, label: 1, bag_size: 2071
batch 339, loss: 0.0005, instance_loss: 0.0000, weighted_loss: 0.0004, label: 0, bag_size: 901
batch 359, loss: 0.0001, instance_loss: 0.0002, weighted_loss: 0.0001, label: 0, bag_size: 4665
batch 379, loss: 0.0011, instance_loss: 0.0002, weighted_loss: 0.0009, label: 1, bag_size: 1206
batch 399, loss: 0.0002, instance_loss: 0.0000, weighted_loss: 0.0001, label: 0, bag_size: 963
batch 419, loss: 0.0000, instance_loss: 0.0006, weighted_loss: 0.0002, label: 1, bag_size: 1671
batch 439, loss: 0.0018, instance_loss: 0.0010, weighted_loss: 0.0015, label: 0, bag_size: 420
batch 459, loss: 0.0032, instance_loss: 0.0008, weighted_loss: 0.0025, label: 1, bag_size: 1079
batch 479, loss: 0.0759, instance_loss: 0.0000, weighted_loss: 0.0531, label: 0, bag_size: 4445
batch 499, loss: 0.0044, instance_loss: 0.0007, weighted_loss: 0.0033, label: 1, bag_size: 590
batch 519, loss: 0.0037, instance_loss: 0.0032, weighted_loss: 0.0035, label: 1, bag_size: 910
batch 539, loss: 0.0011, instance_loss: 0.0000, weighted_loss: 0.0008, label: 0, bag_size: 641
batch 559, loss: 0.0016, instance_loss: 0.0000, weighted_loss: 0.0011, label: 0, bag_size: 1440
batch 579, loss: 0.0034, instance_loss: 0.0006, weighted_loss: 0.0026, label: 1, bag_size: 2454
batch 599, loss: 0.0002, instance_loss: 0.0000, weighted_loss: 0.0001, label: 0, bag_size: 837
batch 619, loss: 0.0826, instance_loss: 0.0000, weighted_loss: 0.0579, label: 0, bag_size: 5132
batch 639, loss: 0.0000, instance_loss: 0.0000, weighted_loss: 0.0000, label: 0, bag_size: 1867
batch 659, loss: 0.0000, instance_loss: 0.0000, weighted_loss: 0.0000, label: 0, bag_size: 963
batch 679, loss: 0.3805, instance_loss: 0.0008, weighted_loss: 0.2666, label: 1, bag_size: 643


class 0 clustering acc 0.9998198847262247: correct 5551/5552
class 1 clustering acc 0.9987391930835735: correct 5545/5552
Epoch: 14, train_loss: 0.0721, train_clustering_loss:  0.0058, train_error: 0.0202
class 0: acc 0.9754098360655737, correct 357/366
class 1: acc 0.9847560975609756, correct 323/328

Val Set, val_loss: 1.9110, val_error: 0.4437, auc: 0.5724
class 0 clustering acc 0.99921875: correct 1279/1280
class 1 clustering acc 1.0: correct 1280/1280
class 0: acc 0.8152173913043478, correct 75/92
class 1: acc 0.20588235294117646, correct 14/68
EarlyStopping counter: 13 out of 20


batch 19, loss: 0.0038, instance_loss: 0.0000, weighted_loss: 0.0027, label: 1, bag_size: 4202
batch 39, loss: 0.0013, instance_loss: 0.0012, weighted_loss: 0.0013, label: 0, bag_size: 1424
batch 59, loss: 0.0002, instance_loss: 0.0000, weighted_loss: 0.0001, label: 0, bag_size: 4729
batch 79, loss: 0.0000, instance_loss: 0.0000, weighted_loss: 0.0000, label: 0, bag_size: 4091
batch 99, loss: 0.0017, instance_loss: 0.0003, weighted_loss: 0.0013, label: 1, bag_size: 1169
batch 119, loss: 0.0066, instance_loss: 0.0000, weighted_loss: 0.0046, label: 0, bag_size: 3059
batch 139, loss: 0.0009, instance_loss: 0.0090, weighted_loss: 0.0033, label: 1, bag_size: 1206
batch 159, loss: 0.0000, instance_loss: 0.0004, weighted_loss: 0.0001, label: 0, bag_size: 305
batch 179, loss: 0.0005, instance_loss: 0.0000, weighted_loss: 0.0004, label: 0, bag_size: 1531
batch 199, loss: 0.0031, instance_loss: 0.0041, weighted_loss: 0.0034, label: 0, bag_size: 294
batch 219, loss: 0.1760, instance_loss: 0.0171, weighted_loss: 0.1283, label: 0, bag_size: 4523
batch 239, loss: 0.0154, instance_loss: 0.0074, weighted_loss: 0.0130, label: 0, bag_size: 4523
batch 259, loss: 0.0070, instance_loss: 0.0000, weighted_loss: 0.0049, label: 1, bag_size: 743
batch 279, loss: 0.0015, instance_loss: 0.0000, weighted_loss: 0.0010, label: 0, bag_size: 4380
batch 299, loss: 0.0008, instance_loss: 0.0000, weighted_loss: 0.0005, label: 1, bag_size: 3600
batch 319, loss: 0.0016, instance_loss: 0.0000, weighted_loss: 0.0011, label: 0, bag_size: 3578
batch 339, loss: 0.0877, instance_loss: 0.0014, weighted_loss: 0.0618, label: 1, bag_size: 385
batch 359, loss: 0.0032, instance_loss: 0.0031, weighted_loss: 0.0032, label: 0, bag_size: 305
batch 379, loss: 0.0692, instance_loss: 0.0000, weighted_loss: 0.0485, label: 1, bag_size: 4080
batch 399, loss: 0.0063, instance_loss: 0.0140, weighted_loss: 0.0086, label: 0, bag_size: 4523
batch 419, loss: 0.0000, instance_loss: 0.0003, weighted_loss: 0.0001, label: 0, bag_size: 1138
batch 439, loss: 0.0058, instance_loss: 0.0021, weighted_loss: 0.0047, label: 0, bag_size: 797
batch 459, loss: 0.0014, instance_loss: 0.0004, weighted_loss: 0.0011, label: 0, bag_size: 634
batch 479, loss: 0.0002, instance_loss: 0.0005, weighted_loss: 0.0003, label: 1, bag_size: 1223
batch 499, loss: 0.0092, instance_loss: 0.0000, weighted_loss: 0.0064, label: 1, bag_size: 2364
batch 519, loss: 0.0136, instance_loss: 0.0000, weighted_loss: 0.0095, label: 0, bag_size: 1102
batch 539, loss: 0.0198, instance_loss: 0.0005, weighted_loss: 0.0140, label: 1, bag_size: 940
batch 559, loss: 0.0005, instance_loss: 0.0021, weighted_loss: 0.0009, label: 0, bag_size: 1116
batch 579, loss: 0.0175, instance_loss: 0.0000, weighted_loss: 0.0122, label: 1, bag_size: 6275
batch 599, loss: 0.0028, instance_loss: 0.0021, weighted_loss: 0.0026, label: 0, bag_size: 666
batch 619, loss: 0.0000, instance_loss: 0.0023, weighted_loss: 0.0007, label: 0, bag_size: 1867
batch 639, loss: 0.0000, instance_loss: 0.0041, weighted_loss: 0.0013, label: 0, bag_size: 2344
batch 659, loss: 0.0000, instance_loss: 0.0023, weighted_loss: 0.0007, label: 0, bag_size: 818
batch 679, loss: 0.0019, instance_loss: 0.0003, weighted_loss: 0.0014, label: 0, bag_size: 4382


class 0 clustering acc 0.9998198847262247: correct 5551/5552
class 1 clustering acc 0.997478386167147: correct 5538/5552
Epoch: 15, train_loss: 0.0525, train_clustering_loss:  0.0139, train_error: 0.0130
class 0: acc 0.987220447284345, correct 309/313
class 1: acc 0.9868766404199475, correct 376/381

Val Set, val_loss: 2.2946, val_error: 0.4313, auc: 0.5870
class 0 clustering acc 0.99921875: correct 1279/1280
class 1 clustering acc 1.0: correct 1280/1280
class 0: acc 0.8043478260869565, correct 74/92
class 1: acc 0.25, correct 17/68
EarlyStopping counter: 14 out of 20


batch 19, loss: 0.0003, instance_loss: 0.0007, weighted_loss: 0.0004, label: 1, bag_size: 2594
batch 39, loss: 0.0237, instance_loss: 0.0000, weighted_loss: 0.0166, label: 0, bag_size: 4484
batch 59, loss: 0.0002, instance_loss: 0.0000, weighted_loss: 0.0001, label: 1, bag_size: 980
batch 79, loss: 0.0001, instance_loss: 0.0424, weighted_loss: 0.0128, label: 1, bag_size: 829
batch 99, loss: 0.0141, instance_loss: 0.0000, weighted_loss: 0.0099, label: 1, bag_size: 1190
batch 119, loss: 0.0182, instance_loss: 0.0000, weighted_loss: 0.0127, label: 1, bag_size: 4355
batch 139, loss: 0.0003, instance_loss: 0.0026, weighted_loss: 0.0010, label: 0, bag_size: 645
batch 159, loss: 0.4465, instance_loss: 0.0008, weighted_loss: 0.3128, label: 0, bag_size: 3765
batch 179, loss: 0.0009, instance_loss: 0.0000, weighted_loss: 0.0006, label: 1, bag_size: 869
batch 199, loss: 0.0001, instance_loss: 0.0070, weighted_loss: 0.0021, label: 0, bag_size: 590
batch 219, loss: 0.0006, instance_loss: 0.0017, weighted_loss: 0.0009, label: 1, bag_size: 1081
batch 239, loss: 0.0026, instance_loss: 0.0002, weighted_loss: 0.0019, label: 0, bag_size: 4209
batch 259, loss: 0.0104, instance_loss: 0.0000, weighted_loss: 0.0073, label: 1, bag_size: 3719
batch 279, loss: 0.0183, instance_loss: 0.0000, weighted_loss: 0.0128, label: 1, bag_size: 4545
batch 299, loss: 0.0919, instance_loss: 0.0002, weighted_loss: 0.0644, label: 0, bag_size: 1491
batch 319, loss: 0.0000, instance_loss: 0.0002, weighted_loss: 0.0001, label: 0, bag_size: 263
batch 339, loss: 0.0500, instance_loss: 0.0000, weighted_loss: 0.0350, label: 1, bag_size: 743
batch 359, loss: 0.0243, instance_loss: 0.0020, weighted_loss: 0.0176, label: 1, bag_size: 520
batch 379, loss: 0.0001, instance_loss: 0.0030, weighted_loss: 0.0010, label: 1, bag_size: 1552
batch 399, loss: 0.1455, instance_loss: 0.0000, weighted_loss: 0.1018, label: 1, bag_size: 4356
batch 419, loss: 0.1710, instance_loss: 0.0000, weighted_loss: 0.1197, label: 1, bag_size: 4957
batch 439, loss: 0.0006, instance_loss: 0.0009, weighted_loss: 0.0007, label: 0, bag_size: 996
batch 459, loss: 0.0001, instance_loss: 0.0011, weighted_loss: 0.0004, label: 1, bag_size: 565
batch 479, loss: 0.0883, instance_loss: 0.0000, weighted_loss: 0.0618, label: 0, bag_size: 4544
batch 499, loss: 0.0001, instance_loss: 0.0000, weighted_loss: 0.0000, label: 0, bag_size: 1305
batch 519, loss: 0.0002, instance_loss: 0.0005, weighted_loss: 0.0003, label: 0, bag_size: 3489
batch 539, loss: 0.0031, instance_loss: 0.0000, weighted_loss: 0.0022, label: 0, bag_size: 489
batch 559, loss: 0.0146, instance_loss: 0.0000, weighted_loss: 0.0102, label: 0, bag_size: 1670
batch 579, loss: 0.0460, instance_loss: 0.0010, weighted_loss: 0.0325, label: 1, bag_size: 489
batch 599, loss: 0.0000, instance_loss: 0.0000, weighted_loss: 0.0000, label: 1, bag_size: 1728
batch 619, loss: 0.0137, instance_loss: 0.0000, weighted_loss: 0.0096, label: 1, bag_size: 1486
batch 639, loss: 0.0142, instance_loss: 0.0000, weighted_loss: 0.0099, label: 1, bag_size: 4356
batch 659, loss: 0.0000, instance_loss: 0.0000, weighted_loss: 0.0000, label: 0, bag_size: 1184
batch 679, loss: 0.0036, instance_loss: 0.0046, weighted_loss: 0.0039, label: 0, bag_size: 327


class 0 clustering acc 1.0: correct 5552/5552
class 1 clustering acc 0.9980187319884726: correct 5541/5552
Epoch: 16, train_loss: 0.0472, train_clustering_loss:  0.0091, train_error: 0.0159
class 0: acc 0.9823529411764705, correct 334/340
class 1: acc 0.9858757062146892, correct 349/354

Val Set, val_loss: 2.1375, val_error: 0.4375, auc: 0.5590
class 0 clustering acc 1.0: correct 1280/1280
class 1 clustering acc 1.0: correct 1280/1280
class 0: acc 0.6847826086956522, correct 63/92
class 1: acc 0.39705882352941174, correct 27/68
EarlyStopping counter: 15 out of 20


batch 19, loss: 0.0002, instance_loss: 0.0000, weighted_loss: 0.0001, label: 0, bag_size: 3671
batch 39, loss: 0.0018, instance_loss: 0.0002, weighted_loss: 0.0013, label: 0, bag_size: 723
batch 59, loss: 0.0002, instance_loss: 0.0000, weighted_loss: 0.0001, label: 1, bag_size: 5114
batch 79, loss: 0.0005, instance_loss: 0.0005, weighted_loss: 0.0005, label: 0, bag_size: 383
batch 99, loss: 0.0000, instance_loss: 0.0000, weighted_loss: 0.0000, label: 0, bag_size: 263
batch 119, loss: 0.0075, instance_loss: 0.0020, weighted_loss: 0.0058, label: 0, bag_size: 666
batch 139, loss: 0.0075, instance_loss: 0.0008, weighted_loss: 0.0055, label: 1, bag_size: 1997
batch 159, loss: 0.0000, instance_loss: 0.0002, weighted_loss: 0.0001, label: 0, bag_size: 748
batch 179, loss: 0.0000, instance_loss: 0.0000, weighted_loss: 0.0000, label: 0, bag_size: 4420
batch 199, loss: 0.0052, instance_loss: 0.0000, weighted_loss: 0.0037, label: 0, bag_size: 4090
batch 219, loss: 0.0000, instance_loss: 0.0000, weighted_loss: 0.0000, label: 0, bag_size: 818
batch 239, loss: 0.0002, instance_loss: 0.0000, weighted_loss: 0.0002, label: 1, bag_size: 2369
batch 259, loss: 0.0001, instance_loss: 0.0002, weighted_loss: 0.0001, label: 0, bag_size: 448
batch 279, loss: 0.0006, instance_loss: 0.0000, weighted_loss: 0.0004, label: 1, bag_size: 2464
batch 299, loss: 0.0015, instance_loss: 0.0000, weighted_loss: 0.0010, label: 0, bag_size: 4382
batch 319, loss: 0.0101, instance_loss: 0.0000, weighted_loss: 0.0071, label: 0, bag_size: 676
batch 339, loss: 0.0213, instance_loss: 0.0003, weighted_loss: 0.0150, label: 1, bag_size: 4360
batch 359, loss: 0.0844, instance_loss: 0.0002, weighted_loss: 0.0591, label: 1, bag_size: 817
batch 379, loss: 0.0041, instance_loss: 0.0000, weighted_loss: 0.0028, label: 0, bag_size: 3715
batch 399, loss: 0.0002, instance_loss: 0.0000, weighted_loss: 0.0002, label: 1, bag_size: 3768
batch 419, loss: 0.0001, instance_loss: 0.0000, weighted_loss: 0.0001, label: 0, bag_size: 1005
batch 439, loss: 0.0232, instance_loss: 0.0015, weighted_loss: 0.0167, label: 0, bag_size: 686
batch 459, loss: 0.3624, instance_loss: 0.0018, weighted_loss: 0.2542, label: 0, bag_size: 1518
batch 479, loss: 0.0255, instance_loss: 0.0000, weighted_loss: 0.0178, label: 1, bag_size: 6349
batch 499, loss: 0.0031, instance_loss: 0.0021, weighted_loss: 0.0028, label: 1, bag_size: 705
batch 519, loss: 0.0012, instance_loss: 0.0972, weighted_loss: 0.0300, label: 0, bag_size: 234
batch 539, loss: 0.0000, instance_loss: 0.0039, weighted_loss: 0.0012, label: 0, bag_size: 1509
batch 559, loss: 0.0004, instance_loss: 0.0253, weighted_loss: 0.0079, label: 1, bag_size: 829
batch 579, loss: 0.0007, instance_loss: 0.0000, weighted_loss: 0.0005, label: 0, bag_size: 3059
batch 599, loss: 0.0002, instance_loss: 0.0015, weighted_loss: 0.0006, label: 0, bag_size: 3672
batch 619, loss: 0.0047, instance_loss: 0.0006, weighted_loss: 0.0034, label: 1, bag_size: 1501
batch 639, loss: 0.0013, instance_loss: 0.0000, weighted_loss: 0.0009, label: 1, bag_size: 2920
batch 659, loss: 0.0351, instance_loss: 0.0000, weighted_loss: 0.0246, label: 0, bag_size: 958
batch 679, loss: 0.0028, instance_loss: 0.0003, weighted_loss: 0.0020, label: 1, bag_size: 753


class 0 clustering acc 1.0: correct 5552/5552
class 1 clustering acc 0.9990994236311239: correct 5547/5552
Epoch: 17, train_loss: 0.0616, train_clustering_loss:  0.0050, train_error: 0.0245
class 0: acc 0.9707602339181286, correct 332/342
class 1: acc 0.9801136363636364, correct 345/352

Val Set, val_loss: 2.1228, val_error: 0.4562, auc: 0.5807
class 0 clustering acc 0.9984375: correct 1278/1280
class 1 clustering acc 1.0: correct 1280/1280
class 0: acc 0.7282608695652174, correct 67/92
class 1: acc 0.29411764705882354, correct 20/68
EarlyStopping counter: 16 out of 20


batch 19, loss: 0.0010, instance_loss: 0.0000, weighted_loss: 0.0007, label: 1, bag_size: 5460
batch 39, loss: 0.0000, instance_loss: 0.0000, weighted_loss: 0.0000, label: 0, bag_size: 3448
batch 59, loss: 0.0007, instance_loss: 0.0011, weighted_loss: 0.0008, label: 1, bag_size: 4360
batch 79, loss: 0.0225, instance_loss: 0.0000, weighted_loss: 0.0157, label: 1, bag_size: 6275
batch 99, loss: 0.0000, instance_loss: 0.0003, weighted_loss: 0.0001, label: 0, bag_size: 513
batch 119, loss: 0.0001, instance_loss: 0.0000, weighted_loss: 0.0001, label: 0, bag_size: 5035
batch 139, loss: 0.0001, instance_loss: 0.0002, weighted_loss: 0.0001, label: 0, bag_size: 776
batch 159, loss: 0.0001, instance_loss: 0.0041, weighted_loss: 0.0013, label: 1, bag_size: 1736
batch 179, loss: 0.0014, instance_loss: 0.0000, weighted_loss: 0.0010, label: 1, bag_size: 4815
batch 199, loss: 0.0000, instance_loss: 0.0002, weighted_loss: 0.0001, label: 0, bag_size: 1117
batch 219, loss: 0.0009, instance_loss: 0.0123, weighted_loss: 0.0043, label: 1, bag_size: 1949
batch 239, loss: 0.0000, instance_loss: 0.0491, weighted_loss: 0.0147, label: 1, bag_size: 2881
batch 259, loss: 0.0000, instance_loss: 0.0000, weighted_loss: 0.0000, label: 0, bag_size: 4080
batch 279, loss: 0.0001, instance_loss: 0.0026, weighted_loss: 0.0008, label: 1, bag_size: 955
batch 299, loss: 0.0000, instance_loss: 0.0026, weighted_loss: 0.0008, label: 1, bag_size: 2244
batch 319, loss: 0.0141, instance_loss: 0.0112, weighted_loss: 0.0132, label: 0, bag_size: 277
batch 339, loss: 0.0000, instance_loss: 0.0009, weighted_loss: 0.0003, label: 0, bag_size: 3693
batch 359, loss: 0.0000, instance_loss: 0.0014, weighted_loss: 0.0004, label: 0, bag_size: 417
batch 379, loss: 0.0005, instance_loss: 0.0000, weighted_loss: 0.0004, label: 0, bag_size: 3425
batch 399, loss: 0.0000, instance_loss: 0.0000, weighted_loss: 0.0000, label: 0, bag_size: 4800
batch 419, loss: 0.0005, instance_loss: 0.0000, weighted_loss: 0.0003, label: 1, bag_size: 5353
batch 439, loss: 0.0296, instance_loss: 0.0000, weighted_loss: 0.0207, label: 0, bag_size: 4014
batch 459, loss: 0.0004, instance_loss: 0.0000, weighted_loss: 0.0003, label: 1, bag_size: 1101
batch 479, loss: 0.0003, instance_loss: 0.0005, weighted_loss: 0.0004, label: 0, bag_size: 1096
batch 499, loss: 0.0000, instance_loss: 0.0000, weighted_loss: 0.0000, label: 1, bag_size: 2058
batch 519, loss: 0.0000, instance_loss: 0.0000, weighted_loss: 0.0000, label: 0, bag_size: 693
batch 539, loss: 0.0017, instance_loss: 0.0000, weighted_loss: 0.0012, label: 1, bag_size: 4202
batch 559, loss: 0.0020, instance_loss: 0.0036, weighted_loss: 0.0025, label: 1, bag_size: 612
batch 579, loss: 0.0001, instance_loss: 0.0009, weighted_loss: 0.0004, label: 1, bag_size: 3700
batch 599, loss: 0.0000, instance_loss: 0.0000, weighted_loss: 0.0000, label: 0, bag_size: 869
batch 619, loss: 0.0000, instance_loss: 0.0006, weighted_loss: 0.0002, label: 0, bag_size: 299
batch 639, loss: 0.0033, instance_loss: 0.0000, weighted_loss: 0.0023, label: 1, bag_size: 3583
batch 659, loss: 0.0001, instance_loss: 0.0000, weighted_loss: 0.0001, label: 1, bag_size: 3269
batch 679, loss: 0.0000, instance_loss: 0.0015, weighted_loss: 0.0005, label: 1, bag_size: 565


class 0 clustering acc 1.0: correct 5552/5552
class 1 clustering acc 0.9967579250720461: correct 5534/5552
Epoch: 18, train_loss: 0.0225, train_clustering_loss:  0.0135, train_error: 0.0058
class 0: acc 0.9941520467836257, correct 340/342
class 1: acc 0.9943181818181818, correct 350/352

Val Set, val_loss: 2.0742, val_error: 0.4250, auc: 0.5876
class 0 clustering acc 0.9984375: correct 1278/1280
class 1 clustering acc 1.0: correct 1280/1280
class 0: acc 0.6413043478260869, correct 59/92
class 1: acc 0.4852941176470588, correct 33/68
EarlyStopping counter: 17 out of 20


batch 19, loss: 0.0000, instance_loss: 0.0000, weighted_loss: 0.0000, label: 0, bag_size: 1388
batch 39, loss: 0.0000, instance_loss: 0.0032, weighted_loss: 0.0010, label: 1, bag_size: 1190
batch 59, loss: 0.0120, instance_loss: 0.0642, weighted_loss: 0.0277, label: 0, bag_size: 852
batch 79, loss: 0.0002, instance_loss: 0.0006, weighted_loss: 0.0003, label: 0, bag_size: 927
batch 99, loss: 0.0003, instance_loss: 0.0000, weighted_loss: 0.0002, label: 1, bag_size: 1357
batch 119, loss: 0.0793, instance_loss: 0.0029, weighted_loss: 0.0564, label: 0, bag_size: 1447
batch 139, loss: 0.0000, instance_loss: 0.0008, weighted_loss: 0.0002, label: 0, bag_size: 1000
batch 159, loss: 0.0001, instance_loss: 0.0021, weighted_loss: 0.0007, label: 1, bag_size: 2244
batch 179, loss: 0.0002, instance_loss: 0.0089, weighted_loss: 0.0028, label: 1, bag_size: 1169
batch 199, loss: 0.0319, instance_loss: 0.0000, weighted_loss: 0.0224, label: 0, bag_size: 1371
batch 219, loss: 0.0000, instance_loss: 0.0000, weighted_loss: 0.0000, label: 0, bag_size: 1010
batch 239, loss: 0.0020, instance_loss: 0.0000, weighted_loss: 0.0014, label: 1, bag_size: 1285
batch 259, loss: 0.0000, instance_loss: 0.0007, weighted_loss: 0.0002, label: 0, bag_size: 444
batch 279, loss: 0.1452, instance_loss: 0.0000, weighted_loss: 0.1017, label: 1, bag_size: 4545
batch 299, loss: 0.0000, instance_loss: 0.0000, weighted_loss: 0.0000, label: 0, bag_size: 693
batch 319, loss: 0.0041, instance_loss: 0.0011, weighted_loss: 0.0032, label: 0, bag_size: 553
batch 339, loss: 0.0057, instance_loss: 0.0024, weighted_loss: 0.0047, label: 1, bag_size: 215
batch 359, loss: 0.0002, instance_loss: 0.0005, weighted_loss: 0.0003, label: 1, bag_size: 842
batch 379, loss: 0.0000, instance_loss: 0.0012, weighted_loss: 0.0004, label: 1, bag_size: 3892
batch 399, loss: 0.0000, instance_loss: 0.0000, weighted_loss: 0.0000, label: 0, bag_size: 1820
batch 419, loss: 0.0000, instance_loss: 0.0000, weighted_loss: 0.0000, label: 1, bag_size: 2920
batch 439, loss: 0.0015, instance_loss: 0.0000, weighted_loss: 0.0010, label: 1, bag_size: 3734
batch 459, loss: 0.0000, instance_loss: 0.0008, weighted_loss: 0.0003, label: 0, bag_size: 383
batch 479, loss: 0.0001, instance_loss: 0.0000, weighted_loss: 0.0001, label: 1, bag_size: 3209
batch 499, loss: 0.0010, instance_loss: 0.0002, weighted_loss: 0.0008, label: 0, bag_size: 754
batch 519, loss: 0.0000, instance_loss: 0.0000, weighted_loss: 0.0000, label: 1, bag_size: 4623
batch 539, loss: 0.0001, instance_loss: 0.0000, weighted_loss: 0.0000, label: 1, bag_size: 4355
batch 559, loss: 0.0000, instance_loss: 0.0000, weighted_loss: 0.0000, label: 1, bag_size: 2369
batch 579, loss: 0.0002, instance_loss: 0.0018, weighted_loss: 0.0007, label: 1, bag_size: 239
batch 599, loss: 0.0001, instance_loss: 0.0006, weighted_loss: 0.0002, label: 1, bag_size: 521
batch 619, loss: 0.0003, instance_loss: 0.0000, weighted_loss: 0.0002, label: 0, bag_size: 4647
batch 639, loss: 0.0021, instance_loss: 0.0034, weighted_loss: 0.0024, label: 0, bag_size: 363
batch 659, loss: 0.0000, instance_loss: 0.0000, weighted_loss: 0.0000, label: 1, bag_size: 753
batch 679, loss: 0.3475, instance_loss: 0.0000, weighted_loss: 0.2433, label: 0, bag_size: 2555


class 0 clustering acc 0.9998198847262247: correct 5551/5552
class 1 clustering acc 0.997478386167147: correct 5538/5552
Epoch: 19, train_loss: 0.0763, train_clustering_loss:  0.0107, train_error: 0.0231
class 0: acc 0.975, correct 351/360
class 1: acc 0.9790419161676647, correct 327/334

Val Set, val_loss: 1.9705, val_error: 0.4062, auc: 0.6145
class 0 clustering acc 1.0: correct 1280/1280
class 1 clustering acc 1.0: correct 1280/1280
class 0: acc 0.7608695652173914, correct 70/92
class 1: acc 0.36764705882352944, correct 25/68
EarlyStopping counter: 18 out of 20


batch 19, loss: 0.0948, instance_loss: 0.0000, weighted_loss: 0.0664, label: 1, bag_size: 6072
batch 39, loss: 0.0013, instance_loss: 0.0000, weighted_loss: 0.0009, label: 1, bag_size: 3838
batch 59, loss: 0.0002, instance_loss: 0.0000, weighted_loss: 0.0001, label: 1, bag_size: 1276
batch 79, loss: 0.0013, instance_loss: 0.0000, weighted_loss: 0.0009, label: 1, bag_size: 4202
batch 99, loss: 0.0000, instance_loss: 0.0000, weighted_loss: 0.0000, label: 1, bag_size: 5149
batch 119, loss: 0.1277, instance_loss: 0.0000, weighted_loss: 0.0894, label: 1, bag_size: 6349
batch 139, loss: 0.0069, instance_loss: 0.0000, weighted_loss: 0.0048, label: 1, bag_size: 1297
batch 159, loss: 0.1125, instance_loss: 0.0000, weighted_loss: 0.0788, label: 1, bag_size: 4164
batch 179, loss: 0.0043, instance_loss: 0.0067, weighted_loss: 0.0050, label: 1, bag_size: 2634
batch 199, loss: 0.0002, instance_loss: 0.0000, weighted_loss: 0.0001, label: 0, bag_size: 1126
batch 219, loss: 0.0002, instance_loss: 0.0003, weighted_loss: 0.0002, label: 0, bag_size: 852
batch 239, loss: 0.0002, instance_loss: 0.0004, weighted_loss: 0.0002, label: 1, bag_size: 1728
batch 259, loss: 0.0002, instance_loss: 0.0003, weighted_loss: 0.0002, label: 0, bag_size: 641
batch 279, loss: 0.0021, instance_loss: 0.0000, weighted_loss: 0.0015, label: 0, bag_size: 4090
batch 299, loss: 0.0002, instance_loss: 0.0000, weighted_loss: 0.0002, label: 1, bag_size: 5353
batch 319, loss: 0.0000, instance_loss: 0.0032, weighted_loss: 0.0010, label: 1, bag_size: 3892
batch 339, loss: 0.0001, instance_loss: 0.0000, weighted_loss: 0.0001, label: 1, bag_size: 1092
batch 359, loss: 0.1697, instance_loss: 0.0000, weighted_loss: 0.1188, label: 1, bag_size: 453
batch 379, loss: 0.0001, instance_loss: 0.4493, weighted_loss: 0.1349, label: 0, bag_size: 291
batch 399, loss: 0.0354, instance_loss: 0.0000, weighted_loss: 0.0248, label: 1, bag_size: 743
batch 419, loss: 0.0001, instance_loss: 0.0000, weighted_loss: 0.0000, label: 0, bag_size: 3820
batch 439, loss: 0.0000, instance_loss: 0.0018, weighted_loss: 0.0006, label: 1, bag_size: 4181
batch 459, loss: 0.0005, instance_loss: 0.0003, weighted_loss: 0.0004, label: 0, bag_size: 1693
batch 479, loss: 0.0015, instance_loss: 0.0000, weighted_loss: 0.0011, label: 1, bag_size: 4645
batch 499, loss: 0.0010, instance_loss: 0.0000, weighted_loss: 0.0007, label: 0, bag_size: 3855
batch 519, loss: 0.0024, instance_loss: 0.0014, weighted_loss: 0.0021, label: 0, bag_size: 792
batch 539, loss: 0.0011, instance_loss: 0.0005, weighted_loss: 0.0009, label: 1, bag_size: 1276
batch 559, loss: 0.0879, instance_loss: 0.0000, weighted_loss: 0.0616, label: 0, bag_size: 4180
batch 579, loss: 0.0000, instance_loss: 0.0000, weighted_loss: 0.0000, label: 1, bag_size: 1534
batch 599, loss: 0.0005, instance_loss: 0.0000, weighted_loss: 0.0004, label: 0, bag_size: 1584
batch 619, loss: 1.1864, instance_loss: 0.0000, weighted_loss: 0.8305, label: 1, bag_size: 2920
batch 639, loss: 0.0005, instance_loss: 0.0012, weighted_loss: 0.0007, label: 0, bag_size: 1126
batch 659, loss: 0.0000, instance_loss: 0.0023, weighted_loss: 0.0007, label: 1, bag_size: 1190
batch 679, loss: 0.0000, instance_loss: 0.0012, weighted_loss: 0.0004, label: 0, bag_size: 401


class 0 clustering acc 1.0: correct 5552/5552
class 1 clustering acc 0.9987391930835735: correct 5545/5552
Epoch: 20, train_loss: 0.0587, train_clustering_loss:  0.0057, train_error: 0.0144
class 0: acc 0.9847560975609756, correct 323/328
class 1: acc 0.9863387978142076, correct 361/366

Val Set, val_loss: 1.9089, val_error: 0.4500, auc: 0.6103
class 0 clustering acc 1.0: correct 1280/1280
class 1 clustering acc 1.0: correct 1280/1280
class 0: acc 0.7934782608695652, correct 73/92
class 1: acc 0.22058823529411764, correct 15/68
EarlyStopping counter: 19 out of 20


batch 19, loss: 0.0001, instance_loss: 0.0108, weighted_loss: 0.0034, label: 0, bag_size: 1416
batch 39, loss: 0.0026, instance_loss: 0.0073, weighted_loss: 0.0040, label: 1, bag_size: 829
batch 59, loss: 0.0001, instance_loss: 0.0093, weighted_loss: 0.0028, label: 0, bag_size: 570
batch 79, loss: 0.0028, instance_loss: 0.0000, weighted_loss: 0.0020, label: 1, bag_size: 3700
batch 99, loss: 0.0057, instance_loss: 0.0010, weighted_loss: 0.0043, label: 1, bag_size: 239
batch 119, loss: 0.0006, instance_loss: 0.0005, weighted_loss: 0.0006, label: 1, bag_size: 4181
batch 139, loss: 0.0000, instance_loss: 0.0021, weighted_loss: 0.0006, label: 0, bag_size: 1744
batch 159, loss: 0.0551, instance_loss: 0.0000, weighted_loss: 0.0385, label: 1, bag_size: 4957
batch 179, loss: 0.0000, instance_loss: 0.0000, weighted_loss: 0.0000, label: 0, bag_size: 4978
batch 199, loss: 0.0000, instance_loss: 0.0071, weighted_loss: 0.0022, label: 0, bag_size: 1101
batch 219, loss: 0.1649, instance_loss: 0.0000, weighted_loss: 0.1154, label: 1, bag_size: 6072
batch 239, loss: 0.1599, instance_loss: 0.0034, weighted_loss: 0.1130, label: 1, bag_size: 847
batch 259, loss: 0.0000, instance_loss: 0.0025, weighted_loss: 0.0008, label: 0, bag_size: 460
batch 279, loss: 0.0000, instance_loss: 0.0014, weighted_loss: 0.0004, label: 0, bag_size: 580
batch 299, loss: 4.4591, instance_loss: 0.0000, weighted_loss: 3.1213, label: 0, bag_size: 4125
batch 319, loss: 0.0000, instance_loss: 0.0002, weighted_loss: 0.0001, label: 0, bag_size: 200
batch 339, loss: 0.4734, instance_loss: 0.0000, weighted_loss: 0.3314, label: 1, bag_size: 3700
batch 359, loss: 0.0007, instance_loss: 0.0000, weighted_loss: 0.0005, label: 0, bag_size: 4382
batch 379, loss: 0.0013, instance_loss: 0.0000, weighted_loss: 0.0009, label: 0, bag_size: 3895
batch 399, loss: 0.0000, instance_loss: 0.0000, weighted_loss: 0.0000, label: 1, bag_size: 2428
batch 419, loss: 0.0024, instance_loss: 0.0127, weighted_loss: 0.0055, label: 1, bag_size: 926
batch 439, loss: 0.0004, instance_loss: 0.0002, weighted_loss: 0.0003, label: 1, bag_size: 3225
batch 459, loss: 0.0012, instance_loss: 0.0000, weighted_loss: 0.0008, label: 1, bag_size: 5091
batch 479, loss: 0.0014, instance_loss: 0.0000, weighted_loss: 0.0010, label: 0, bag_size: 4666
batch 499, loss: 0.0001, instance_loss: 0.0000, weighted_loss: 0.0001, label: 0, bag_size: 5170
batch 519, loss: 0.0011, instance_loss: 0.0004, weighted_loss: 0.0009, label: 0, bag_size: 2280
batch 539, loss: 0.0020, instance_loss: 0.0214, weighted_loss: 0.0078, label: 1, bag_size: 926
batch 559, loss: 0.0338, instance_loss: 0.0000, weighted_loss: 0.0237, label: 1, bag_size: 4957
batch 579, loss: 0.0000, instance_loss: 0.0000, weighted_loss: 0.0000, label: 0, bag_size: 2478
batch 599, loss: 0.0123, instance_loss: 0.0000, weighted_loss: 0.0086, label: 1, bag_size: 2728
batch 619, loss: 0.0009, instance_loss: 0.0000, weighted_loss: 0.0006, label: 0, bag_size: 5364
batch 639, loss: 0.0007, instance_loss: 0.0006, weighted_loss: 0.0006, label: 1, bag_size: 3108
batch 659, loss: 0.0013, instance_loss: 0.0000, weighted_loss: 0.0009, label: 1, bag_size: 1019
batch 679, loss: 0.0079, instance_loss: 0.0022, weighted_loss: 0.0062, label: 1, bag_size: 2745


class 0 clustering acc 1.0: correct 5552/5552
class 1 clustering acc 0.99585734870317: correct 5529/5552
Epoch: 21, train_loss: 0.0437, train_clustering_loss:  0.0138, train_error: 0.0115
class 0: acc 0.9826589595375722, correct 340/346
class 1: acc 0.9942528735632183, correct 346/348

Val Set, val_loss: 2.1843, val_error: 0.4250, auc: 0.5828
class 0 clustering acc 1.0: correct 1280/1280
class 1 clustering acc 1.0: correct 1280/1280
class 0: acc 0.8369565217391305, correct 77/92
class 1: acc 0.22058823529411764, correct 15/68
EarlyStopping counter: 20 out of 20


batch 19, loss: 0.0013, instance_loss: 0.0057, weighted_loss: 0.0026, label: 1, bag_size: 239
batch 39, loss: 0.0282, instance_loss: 0.0000, weighted_loss: 0.0198, label: 0, bag_size: 4104
batch 59, loss: 0.0013, instance_loss: 0.0000, weighted_loss: 0.0009, label: 0, bag_size: 1652
batch 79, loss: 0.0060, instance_loss: 0.0003, weighted_loss: 0.0043, label: 0, bag_size: 495
batch 99, loss: 0.0000, instance_loss: 0.0000, weighted_loss: 0.0000, label: 0, bag_size: 693
batch 119, loss: 0.0001, instance_loss: 0.0010, weighted_loss: 0.0004, label: 1, bag_size: 3220
batch 139, loss: 0.0197, instance_loss: 0.0000, weighted_loss: 0.0138, label: 1, bag_size: 4439
batch 159, loss: 0.0000, instance_loss: 0.0000, weighted_loss: 0.0000, label: 1, bag_size: 4913
batch 179, loss: 0.0000, instance_loss: 0.0025, weighted_loss: 0.0008, label: 1, bag_size: 1169
batch 199, loss: 0.0000, instance_loss: 0.0000, weighted_loss: 0.0000, label: 0, bag_size: 2460
batch 219, loss: 0.0000, instance_loss: 0.0004, weighted_loss: 0.0001, label: 0, bag_size: 401
batch 239, loss: 0.0020, instance_loss: 0.0000, weighted_loss: 0.0014, label: 0, bag_size: 4365
batch 259, loss: 0.0006, instance_loss: 0.0000, weighted_loss: 0.0004, label: 0, bag_size: 4292
batch 279, loss: 0.0114, instance_loss: 0.0000, weighted_loss: 0.0080, label: 1, bag_size: 731
batch 299, loss: 0.0001, instance_loss: 0.0007, weighted_loss: 0.0002, label: 0, bag_size: 1003
batch 319, loss: 0.0033, instance_loss: 0.0000, weighted_loss: 0.0023, label: 1, bag_size: 1742
batch 339, loss: 0.0003, instance_loss: 0.0002, weighted_loss: 0.0003, label: 0, bag_size: 489
batch 359, loss: 0.0575, instance_loss: 0.0000, weighted_loss: 0.0402, label: 1, bag_size: 869
batch 379, loss: 0.0129, instance_loss: 0.0012, weighted_loss: 0.0094, label: 1, bag_size: 5308
batch 399, loss: 0.0031, instance_loss: 0.0009, weighted_loss: 0.0024, label: 0, bag_size: 466
batch 419, loss: 0.0000, instance_loss: 0.0003, weighted_loss: 0.0001, label: 0, bag_size: 693
batch 439, loss: 0.0018, instance_loss: 0.0002, weighted_loss: 0.0013, label: 0, bag_size: 607
batch 459, loss: 0.0000, instance_loss: 0.0006, weighted_loss: 0.0002, label: 0, bag_size: 1208
batch 479, loss: 0.0727, instance_loss: 0.0005, weighted_loss: 0.0510, label: 1, bag_size: 940
batch 499, loss: 0.0000, instance_loss: 0.0000, weighted_loss: 0.0000, label: 0, bag_size: 4057
batch 519, loss: 0.0006, instance_loss: 0.0000, weighted_loss: 0.0004, label: 1, bag_size: 3645
batch 539, loss: 0.0001, instance_loss: 0.0016, weighted_loss: 0.0005, label: 0, bag_size: 309
batch 559, loss: 0.0262, instance_loss: 0.0000, weighted_loss: 0.0183, label: 1, bag_size: 869
batch 579, loss: 0.0036, instance_loss: 0.0000, weighted_loss: 0.0025, label: 1, bag_size: 3308
batch 599, loss: 0.0001, instance_loss: 0.0000, weighted_loss: 0.0001, label: 1, bag_size: 4181
batch 619, loss: 0.0015, instance_loss: 0.0020, weighted_loss: 0.0017, label: 0, bag_size: 940
batch 639, loss: 0.0036, instance_loss: 0.0000, weighted_loss: 0.0025, label: 1, bag_size: 6275
batch 659, loss: 0.0003, instance_loss: 0.0031, weighted_loss: 0.0011, label: 0, bag_size: 911
batch 679, loss: 0.0054, instance_loss: 0.0000, weighted_loss: 0.0038, label: 1, bag_size: 5091


class 0 clustering acc 1.0: correct 5552/5552
class 1 clustering acc 0.9994596541786743: correct 5549/5552
Epoch: 22, train_loss: 0.0196, train_clustering_loss:  0.0047, train_error: 0.0043
class 0: acc 0.9942857142857143, correct 348/350
class 1: acc 0.997093023255814, correct 343/344

Val Set, val_loss: 2.1194, val_error: 0.4188, auc: 0.5983
class 0 clustering acc 1.0: correct 1280/1280
class 1 clustering acc 1.0: correct 1280/1280
class 0: acc 0.782608695652174, correct 72/92
class 1: acc 0.3088235294117647, correct 21/68
EarlyStopping counter: 21 out of 20


batch 19, loss: 0.0001, instance_loss: 0.0003, weighted_loss: 0.0002, label: 1, bag_size: 920
batch 39, loss: 0.0011, instance_loss: 0.0000, weighted_loss: 0.0008, label: 1, bag_size: 4815
batch 59, loss: 0.0011, instance_loss: 0.0000, weighted_loss: 0.0008, label: 0, bag_size: 974
batch 79, loss: 0.0002, instance_loss: 0.0084, weighted_loss: 0.0026, label: 1, bag_size: 743
batch 99, loss: 0.0000, instance_loss: 0.0017, weighted_loss: 0.0005, label: 0, bag_size: 1647
batch 119, loss: 0.0000, instance_loss: 0.0356, weighted_loss: 0.0107, label: 1, bag_size: 468
batch 139, loss: 0.0000, instance_loss: 0.0000, weighted_loss: 0.0000, label: 0, bag_size: 818
batch 159, loss: 0.0005, instance_loss: 0.0040, weighted_loss: 0.0016, label: 0, bag_size: 671
batch 179, loss: 0.0000, instance_loss: 0.0000, weighted_loss: 0.0000, label: 0, bag_size: 663
batch 199, loss: 0.0113, instance_loss: 0.0000, weighted_loss: 0.0079, label: 0, bag_size: 797
batch 219, loss: 0.0060, instance_loss: 0.0000, weighted_loss: 0.0042, label: 1, bag_size: 3734
batch 239, loss: 0.0000, instance_loss: 0.0000, weighted_loss: 0.0000, label: 0, bag_size: 2323
batch 259, loss: 0.0013, instance_loss: 0.0012, weighted_loss: 0.0013, label: 0, bag_size: 1772
batch 279, loss: 0.0000, instance_loss: 0.0003, weighted_loss: 0.0001, label: 0, bag_size: 1139
batch 299, loss: 0.0132, instance_loss: 0.0000, weighted_loss: 0.0092, label: 1, bag_size: 3931
batch 319, loss: 0.0001, instance_loss: 0.0000, weighted_loss: 0.0001, label: 1, bag_size: 2369
batch 339, loss: 0.0015, instance_loss: 0.0000, weighted_loss: 0.0011, label: 0, bag_size: 5356
batch 359, loss: 0.0667, instance_loss: 0.0039, weighted_loss: 0.0479, label: 0, bag_size: 547
batch 379, loss: 0.0009, instance_loss: 0.0000, weighted_loss: 0.0006, label: 1, bag_size: 4957
batch 399, loss: 0.0003, instance_loss: 0.0023, weighted_loss: 0.0009, label: 1, bag_size: 2537
batch 419, loss: 0.0363, instance_loss: 0.0000, weighted_loss: 0.0254, label: 0, bag_size: 3300
batch 439, loss: 0.0069, instance_loss: 0.0041, weighted_loss: 0.0061, label: 0, bag_size: 5769
batch 459, loss: 0.0000, instance_loss: 0.0008, weighted_loss: 0.0002, label: 0, bag_size: 1361
batch 479, loss: 0.0000, instance_loss: 0.0022, weighted_loss: 0.0007, label: 0, bag_size: 1030
batch 499, loss: 0.0009, instance_loss: 0.0051, weighted_loss: 0.0022, label: 1, bag_size: 955
batch 519, loss: 0.0000, instance_loss: 0.0007, weighted_loss: 0.0002, label: 1, bag_size: 1092
batch 539, loss: 1.4729, instance_loss: 0.0000, weighted_loss: 1.0310, label: 0, bag_size: 2577
batch 559, loss: 0.0091, instance_loss: 0.0000, weighted_loss: 0.0064, label: 1, bag_size: 4164
batch 579, loss: 0.0001, instance_loss: 0.0000, weighted_loss: 0.0001, label: 1, bag_size: 3506
batch 599, loss: 0.0001, instance_loss: 0.0010, weighted_loss: 0.0004, label: 1, bag_size: 712
batch 619, loss: 0.0001, instance_loss: 0.0000, weighted_loss: 0.0001, label: 0, bag_size: 3621
batch 639, loss: 0.0060, instance_loss: 0.0000, weighted_loss: 0.0042, label: 1, bag_size: 3308
batch 659, loss: 0.4081, instance_loss: 0.0000, weighted_loss: 0.2856, label: 1, bag_size: 3762
batch 679, loss: 0.0024, instance_loss: 0.0000, weighted_loss: 0.0017, label: 0, bag_size: 4697


class 0 clustering acc 0.9996397694524496: correct 5550/5552
class 1 clustering acc 0.9981988472622478: correct 5542/5552
Epoch: 23, train_loss: 0.0382, train_clustering_loss:  0.0083, train_error: 0.0101
class 0: acc 0.9882352941176471, correct 336/340
class 1: acc 0.9915254237288136, correct 351/354

Val Set, val_loss: 2.1770, val_error: 0.4375, auc: 0.6018
class 0 clustering acc 1.0: correct 1280/1280
class 1 clustering acc 1.0: correct 1280/1280
class 0: acc 0.7282608695652174, correct 67/92
class 1: acc 0.3382352941176471, correct 23/68
EarlyStopping counter: 22 out of 20


batch 19, loss: 0.0000, instance_loss: 0.0000, weighted_loss: 0.0000, label: 0, bag_size: 384
batch 39, loss: 0.0000, instance_loss: 0.0000, weighted_loss: 0.0000, label: 0, bag_size: 4204
batch 59, loss: 0.0000, instance_loss: 0.0000, weighted_loss: 0.0000, label: 0, bag_size: 888
batch 79, loss: 0.0838, instance_loss: 0.0002, weighted_loss: 0.0588, label: 1, bag_size: 940
batch 99, loss: 0.0000, instance_loss: 0.0000, weighted_loss: 0.0000, label: 1, bag_size: 2511
batch 119, loss: 0.0000, instance_loss: 0.0000, weighted_loss: 0.0000, label: 0, bag_size: 933
batch 139, loss: 0.0013, instance_loss: 0.0012, weighted_loss: 0.0013, label: 1, bag_size: 1494
batch 159, loss: 0.0001, instance_loss: 0.0014, weighted_loss: 0.0005, label: 0, bag_size: 2083
batch 179, loss: 0.0060, instance_loss: 0.0000, weighted_loss: 0.0042, label: 1, bag_size: 2745
batch 199, loss: 0.0000, instance_loss: 0.0003, weighted_loss: 0.0001, label: 0, bag_size: 3050
batch 219, loss: 0.0006, instance_loss: 0.0000, weighted_loss: 0.0004, label: 0, bag_size: 4102
batch 239, loss: 0.0000, instance_loss: 0.0000, weighted_loss: 0.0000, label: 1, bag_size: 3600
batch 259, loss: 0.0000, instance_loss: 0.0000, weighted_loss: 0.0000, label: 0, bag_size: 383
batch 279, loss: 0.0001, instance_loss: 0.0004, weighted_loss: 0.0002, label: 0, bag_size: 1744
batch 299, loss: 0.0018, instance_loss: 0.0353, weighted_loss: 0.0119, label: 0, bag_size: 2532
batch 319, loss: 0.0000, instance_loss: 0.0011, weighted_loss: 0.0003, label: 1, bag_size: 587
batch 339, loss: 0.0000, instance_loss: 0.0010, weighted_loss: 0.0003, label: 0, bag_size: 818
batch 359, loss: 0.0004, instance_loss: 0.0000, weighted_loss: 0.0003, label: 1, bag_size: 5113
batch 379, loss: 0.0000, instance_loss: 0.0010, weighted_loss: 0.0003, label: 0, bag_size: 1062
batch 399, loss: 0.0003, instance_loss: 0.0000, weighted_loss: 0.0002, label: 1, bag_size: 1147
batch 419, loss: 0.0001, instance_loss: 0.0003, weighted_loss: 0.0002, label: 0, bag_size: 611
batch 439, loss: 0.0002, instance_loss: 0.0002, weighted_loss: 0.0002, label: 1, bag_size: 1101
batch 459, loss: 0.0009, instance_loss: 0.0000, weighted_loss: 0.0006, label: 1, bag_size: 782
batch 479, loss: 0.0039, instance_loss: 0.0000, weighted_loss: 0.0027, label: 1, bag_size: 2058
batch 499, loss: 0.0070, instance_loss: 0.0010, weighted_loss: 0.0052, label: 0, bag_size: 797
batch 519, loss: 0.0046, instance_loss: 0.0000, weighted_loss: 0.0032, label: 0, bag_size: 3621
batch 539, loss: 0.0009, instance_loss: 0.0031, weighted_loss: 0.0016, label: 1, bag_size: 705
batch 559, loss: 0.0001, instance_loss: 0.0015, weighted_loss: 0.0005, label: 1, bag_size: 1109
batch 579, loss: 0.0000, instance_loss: 0.0111, weighted_loss: 0.0033, label: 1, bag_size: 655
batch 599, loss: 0.0003, instance_loss: 0.0000, weighted_loss: 0.0002, label: 1, bag_size: 1055
batch 619, loss: 0.0000, instance_loss: 0.0000, weighted_loss: 0.0000, label: 1, bag_size: 5455
batch 639, loss: 0.0000, instance_loss: 0.0000, weighted_loss: 0.0000, label: 0, bag_size: 5001
batch 659, loss: 0.0004, instance_loss: 0.0012, weighted_loss: 0.0006, label: 1, bag_size: 986
batch 679, loss: 0.0008, instance_loss: 0.0000, weighted_loss: 0.0006, label: 0, bag_size: 993


class 0 clustering acc 1.0: correct 5552/5552
class 1 clustering acc 0.9976585014409222: correct 5539/5552
Epoch: 24, train_loss: 0.0152, train_clustering_loss:  0.0095, train_error: 0.0014
class 0: acc 0.9970326409495549, correct 336/337
class 1: acc 1.0, correct 357/357

Val Set, val_loss: 2.4460, val_error: 0.4437, auc: 0.5943
class 0 clustering acc 1.0: correct 1280/1280
class 1 clustering acc 1.0: correct 1280/1280
class 0: acc 0.7608695652173914, correct 70/92
class 1: acc 0.27941176470588236, correct 19/68
EarlyStopping counter: 23 out of 20


batch 19, loss: 0.0000, instance_loss: 0.0000, weighted_loss: 0.0000, label: 0, bag_size: 3884
batch 39, loss: 0.0003, instance_loss: 0.0000, weighted_loss: 0.0002, label: 0, bag_size: 4443
batch 59, loss: 0.0007, instance_loss: 0.0000, weighted_loss: 0.0005, label: 0, bag_size: 1574
batch 79, loss: 0.0005, instance_loss: 0.0003, weighted_loss: 0.0005, label: 1, bag_size: 1270
batch 99, loss: 0.0000, instance_loss: 0.0004, weighted_loss: 0.0001, label: 1, bag_size: 542
batch 119, loss: 0.0002, instance_loss: 0.0000, weighted_loss: 0.0001, label: 1, bag_size: 4337
batch 139, loss: 0.0003, instance_loss: 0.0005, weighted_loss: 0.0004, label: 1, bag_size: 923
batch 159, loss: 0.0003, instance_loss: 0.0000, weighted_loss: 0.0002, label: 1, bag_size: 5146
batch 179, loss: 0.0000, instance_loss: 0.0000, weighted_loss: 0.0000, label: 0, bag_size: 926
batch 199, loss: 0.0133, instance_loss: 0.0000, weighted_loss: 0.0093, label: 0, bag_size: 4266
batch 219, loss: 0.0005, instance_loss: 0.0165, weighted_loss: 0.0053, label: 0, bag_size: 470
batch 239, loss: 0.0001, instance_loss: 0.0000, weighted_loss: 0.0001, label: 0, bag_size: 837
batch 259, loss: 0.0007, instance_loss: 0.0000, weighted_loss: 0.0005, label: 1, bag_size: 3220
batch 279, loss: 0.0002, instance_loss: 0.0000, weighted_loss: 0.0001, label: 1, bag_size: 5055
batch 299, loss: 0.0002, instance_loss: 0.0000, weighted_loss: 0.0001, label: 1, bag_size: 6275
batch 319, loss: 0.0008, instance_loss: 0.0000, weighted_loss: 0.0006, label: 1, bag_size: 4429
batch 339, loss: 0.0155, instance_loss: 0.0000, weighted_loss: 0.0109, label: 0, bag_size: 3898
batch 359, loss: 0.0005, instance_loss: 0.0000, weighted_loss: 0.0003, label: 1, bag_size: 6072
batch 379, loss: 0.0000, instance_loss: 0.0000, weighted_loss: 0.0000, label: 1, bag_size: 2710
batch 399, loss: 0.0000, instance_loss: 0.0000, weighted_loss: 0.0000, label: 0, bag_size: 837
batch 419, loss: 0.0000, instance_loss: 0.0003, weighted_loss: 0.0001, label: 1, bag_size: 1486
batch 439, loss: 0.0003, instance_loss: 0.0000, weighted_loss: 0.0002, label: 1, bag_size: 5353
batch 459, loss: 0.0001, instance_loss: 0.0000, weighted_loss: 0.0001, label: 0, bag_size: 4697
batch 479, loss: 0.0141, instance_loss: 0.7224, weighted_loss: 0.2266, label: 1, bag_size: 388
batch 499, loss: 0.0007, instance_loss: 0.0322, weighted_loss: 0.0101, label: 1, bag_size: 1223
batch 519, loss: 0.0014, instance_loss: 0.0000, weighted_loss: 0.0010, label: 0, bag_size: 391
batch 539, loss: 0.0000, instance_loss: 0.0000, weighted_loss: 0.0000, label: 0, bag_size: 873
batch 559, loss: 0.0493, instance_loss: 0.0126, weighted_loss: 0.0383, label: 0, bag_size: 395
batch 579, loss: 0.0063, instance_loss: 0.0000, weighted_loss: 0.0044, label: 1, bag_size: 5769
batch 599, loss: 0.0000, instance_loss: 0.0000, weighted_loss: 0.0000, label: 0, bag_size: 1744
batch 619, loss: 0.0003, instance_loss: 0.0928, weighted_loss: 0.0280, label: 1, bag_size: 714
batch 639, loss: 0.0000, instance_loss: 0.0000, weighted_loss: 0.0000, label: 0, bag_size: 3448
batch 659, loss: 0.0001, instance_loss: 0.0000, weighted_loss: 0.0000, label: 1, bag_size: 3892
batch 679, loss: 0.0023, instance_loss: 0.0014, weighted_loss: 0.0021, label: 0, bag_size: 4266


class 0 clustering acc 0.9994596541786743: correct 5549/5552
class 1 clustering acc 0.9980187319884726: correct 5541/5552
Epoch: 25, train_loss: 0.0191, train_clustering_loss:  0.0087, train_error: 0.0058
class 0: acc 0.9942528735632183, correct 346/348
class 1: acc 0.9942196531791907, correct 344/346

Val Set, val_loss: 2.5002, val_error: 0.4375, auc: 0.6183
class 0 clustering acc 1.0: correct 1280/1280
class 1 clustering acc 1.0: correct 1280/1280
class 0: acc 0.7717391304347826, correct 71/92
class 1: acc 0.27941176470588236, correct 19/68
EarlyStopping counter: 24 out of 20


batch 19, loss: 0.0065, instance_loss: 0.0000, weighted_loss: 0.0046, label: 1, bag_size: 1190
batch 39, loss: 0.0000, instance_loss: 0.0000, weighted_loss: 0.0000, label: 1, bag_size: 3600
batch 59, loss: 0.0000, instance_loss: 0.0000, weighted_loss: 0.0000, label: 0, bag_size: 3652
batch 79, loss: 0.0274, instance_loss: 0.0018, weighted_loss: 0.0197, label: 1, bag_size: 797
batch 99, loss: 0.0012, instance_loss: 0.0000, weighted_loss: 0.0009, label: 1, bag_size: 5454
batch 119, loss: 0.0006, instance_loss: 0.0000, weighted_loss: 0.0004, label: 1, bag_size: 5353
batch 139, loss: 0.0003, instance_loss: 0.0002, weighted_loss: 0.0003, label: 1, bag_size: 5055
batch 159, loss: 0.0001, instance_loss: 0.0068, weighted_loss: 0.0021, label: 0, bag_size: 993
batch 179, loss: 0.0000, instance_loss: 0.0008, weighted_loss: 0.0002, label: 0, bag_size: 248
batch 199, loss: 0.0000, instance_loss: 0.0002, weighted_loss: 0.0001, label: 0, bag_size: 888
batch 219, loss: 0.0001, instance_loss: 0.0010, weighted_loss: 0.0003, label: 0, bag_size: 420
batch 239, loss: 0.0207, instance_loss: 0.0006, weighted_loss: 0.0146, label: 1, bag_size: 2364
batch 259, loss: 0.0000, instance_loss: 0.0027, weighted_loss: 0.0008, label: 1, bag_size: 1081
batch 279, loss: 0.0017, instance_loss: 0.0000, weighted_loss: 0.0012, label: 0, bag_size: 5132
batch 299, loss: 0.0000, instance_loss: 0.0000, weighted_loss: 0.0000, label: 0, bag_size: 3884
batch 319, loss: 0.0000, instance_loss: 0.0000, weighted_loss: 0.0000, label: 0, bag_size: 1019
batch 339, loss: 0.0000, instance_loss: 0.0002, weighted_loss: 0.0001, label: 1, bag_size: 779
batch 359, loss: 0.0000, instance_loss: 0.0000, weighted_loss: 0.0000, label: 0, bag_size: 490
batch 379, loss: 0.0000, instance_loss: 0.0007, weighted_loss: 0.0002, label: 1, bag_size: 779
batch 399, loss: 0.0000, instance_loss: 0.0057, weighted_loss: 0.0017, label: 1, bag_size: 1109
batch 419, loss: 0.0105, instance_loss: 0.0044, weighted_loss: 0.0087, label: 1, bag_size: 2324
batch 439, loss: 0.0042, instance_loss: 0.0011, weighted_loss: 0.0032, label: 0, bag_size: 678
batch 459, loss: 0.0000, instance_loss: 0.0000, weighted_loss: 0.0000, label: 1, bag_size: 32336
batch 479, loss: 0.0011, instance_loss: 0.0000, weighted_loss: 0.0008, label: 0, bag_size: 690
batch 499, loss: 0.0000, instance_loss: 0.0000, weighted_loss: 0.0000, label: 1, bag_size: 3600
batch 519, loss: 0.0003, instance_loss: 0.0038, weighted_loss: 0.0014, label: 0, bag_size: 932
batch 539, loss: 0.0000, instance_loss: 0.0002, weighted_loss: 0.0001, label: 0, bag_size: 1299
batch 559, loss: 0.0000, instance_loss: 0.0004, weighted_loss: 0.0001, label: 0, bag_size: 710
batch 579, loss: 0.0000, instance_loss: 0.0002, weighted_loss: 0.0001, label: 1, bag_size: 2464
batch 599, loss: 0.0056, instance_loss: 0.0000, weighted_loss: 0.0039, label: 1, bag_size: 743
batch 619, loss: 0.0004, instance_loss: 0.0000, weighted_loss: 0.0003, label: 1, bag_size: 3838
batch 639, loss: 0.0001, instance_loss: 0.0000, weighted_loss: 0.0001, label: 1, bag_size: 2594
batch 659, loss: 0.0000, instance_loss: 0.0000, weighted_loss: 0.0000, label: 0, bag_size: 434
batch 679, loss: 0.0000, instance_loss: 0.0000, weighted_loss: 0.0000, label: 0, bag_size: 1652


class 0 clustering acc 0.9998198847262247: correct 5551/5552
class 1 clustering acc 0.9983789625360231: correct 5543/5552
Epoch: 26, train_loss: 0.0036, train_clustering_loss:  0.0070, train_error: 0.0014
class 0: acc 0.9969788519637462, correct 330/331
class 1: acc 1.0, correct 363/363

Val Set, val_loss: 2.8783, val_error: 0.4250, auc: 0.5905
class 0 clustering acc 1.0: correct 1280/1280
class 1 clustering acc 1.0: correct 1280/1280
class 0: acc 0.8152173913043478, correct 75/92
class 1: acc 0.25, correct 17/68
EarlyStopping counter: 25 out of 20


batch 19, loss: 0.0021, instance_loss: 0.0012, weighted_loss: 0.0018, label: 0, bag_size: 259
batch 39, loss: 0.0000, instance_loss: 0.0000, weighted_loss: 0.0000, label: 0, bag_size: 489
batch 59, loss: 0.0001, instance_loss: 0.0000, weighted_loss: 0.0001, label: 1, bag_size: 923
batch 79, loss: 0.0000, instance_loss: 0.0005, weighted_loss: 0.0002, label: 1, bag_size: 1297
batch 99, loss: 0.2799, instance_loss: 0.0000, weighted_loss: 0.1959, label: 1, bag_size: 1309
batch 119, loss: 0.0000, instance_loss: 0.0000, weighted_loss: 0.0000, label: 1, bag_size: 829
batch 139, loss: 0.0008, instance_loss: 0.0004, weighted_loss: 0.0007, label: 0, bag_size: 898
batch 159, loss: 0.0000, instance_loss: 0.0002, weighted_loss: 0.0001, label: 1, bag_size: 587
batch 179, loss: 0.0000, instance_loss: 0.0000, weighted_loss: 0.0000, label: 0, bag_size: 590
batch 199, loss: 0.0000, instance_loss: 0.0000, weighted_loss: 0.0000, label: 0, bag_size: 1424
batch 219, loss: 0.0000, instance_loss: 0.0000, weighted_loss: 0.0000, label: 0, bag_size: 663
batch 239, loss: 0.0012, instance_loss: 0.0010, weighted_loss: 0.0011, label: 0, bag_size: 1393
batch 259, loss: 0.0003, instance_loss: 0.0000, weighted_loss: 0.0002, label: 0, bag_size: 4180
batch 279, loss: 0.0000, instance_loss: 0.0007, weighted_loss: 0.0002, label: 0, bag_size: 3425
batch 299, loss: 0.0000, instance_loss: 0.0000, weighted_loss: 0.0000, label: 0, bag_size: 4091
batch 319, loss: 0.0006, instance_loss: 0.0002, weighted_loss: 0.0005, label: 1, bag_size: 2364
batch 339, loss: 0.0000, instance_loss: 0.0004, weighted_loss: 0.0001, label: 0, bag_size: 4909
batch 359, loss: 0.0000, instance_loss: 0.0012, weighted_loss: 0.0004, label: 0, bag_size: 309
batch 379, loss: 0.0000, instance_loss: 0.0000, weighted_loss: 0.0000, label: 0, bag_size: 3744
batch 399, loss: 0.0000, instance_loss: 0.0000, weighted_loss: 0.0000, label: 1, bag_size: 3892
batch 419, loss: 0.0000, instance_loss: 0.0007, weighted_loss: 0.0002, label: 1, bag_size: 2634
batch 439, loss: 0.0002, instance_loss: 0.0026, weighted_loss: 0.0009, label: 0, bag_size: 1416
batch 459, loss: 0.0000, instance_loss: 0.0000, weighted_loss: 0.0000, label: 1, bag_size: 521
batch 479, loss: 0.0030, instance_loss: 0.0000, weighted_loss: 0.0021, label: 0, bag_size: 869
batch 499, loss: 0.0000, instance_loss: 0.0000, weighted_loss: 0.0000, label: 1, bag_size: 842
batch 519, loss: 0.0000, instance_loss: 0.0008, weighted_loss: 0.0003, label: 1, bag_size: 3420
batch 539, loss: 0.0002, instance_loss: 0.0047, weighted_loss: 0.0016, label: 0, bag_size: 235
batch 559, loss: 0.2417, instance_loss: 0.0002, weighted_loss: 0.1693, label: 1, bag_size: 3220
batch 579, loss: 0.0444, instance_loss: 0.0003, weighted_loss: 0.0312, label: 1, bag_size: 2443
batch 599, loss: 0.0004, instance_loss: 0.0011, weighted_loss: 0.0006, label: 1, bag_size: 511
batch 619, loss: 0.0018, instance_loss: 0.0063, weighted_loss: 0.0031, label: 1, bag_size: 910
batch 639, loss: 0.0000, instance_loss: 0.0000, weighted_loss: 0.0000, label: 1, bag_size: 643
batch 659, loss: 0.0000, instance_loss: 0.0000, weighted_loss: 0.0000, label: 0, bag_size: 670
batch 679, loss: 0.0001, instance_loss: 0.0000, weighted_loss: 0.0001, label: 0, bag_size: 3265


class 0 clustering acc 0.9996397694524496: correct 5550/5552
class 1 clustering acc 0.9976585014409222: correct 5539/5552
Epoch: 27, train_loss: 0.0608, train_clustering_loss:  0.0088, train_error: 0.0173
class 0: acc 0.9818181818181818, correct 324/330
class 1: acc 0.9835164835164835, correct 358/364

Val Set, val_loss: 2.3080, val_error: 0.4062, auc: 0.5910
class 0 clustering acc 0.99921875: correct 1279/1280
class 1 clustering acc 1.0: correct 1280/1280
class 0: acc 0.717391304347826, correct 66/92
class 1: acc 0.4264705882352941, correct 29/68
EarlyStopping counter: 26 out of 20


batch 19, loss: 0.0000, instance_loss: 0.0007, weighted_loss: 0.0002, label: 0, bag_size: 461
batch 39, loss: 0.0007, instance_loss: 0.0000, weighted_loss: 0.0005, label: 0, bag_size: 1259
batch 59, loss: 0.0001, instance_loss: 0.0000, weighted_loss: 0.0001, label: 1, bag_size: 4181
batch 79, loss: 0.0121, instance_loss: 0.0000, weighted_loss: 0.0085, label: 0, bag_size: 5083
batch 99, loss: 0.0193, instance_loss: 0.0005, weighted_loss: 0.0137, label: 0, bag_size: 964
batch 119, loss: 0.1251, instance_loss: 0.0000, weighted_loss: 0.0876, label: 0, bag_size: 901
batch 139, loss: 0.0169, instance_loss: 0.0000, weighted_loss: 0.0118, label: 1, bag_size: 5308
batch 159, loss: 0.0730, instance_loss: 0.0000, weighted_loss: 0.0511, label: 1, bag_size: 4913
batch 179, loss: 0.0000, instance_loss: 0.0004, weighted_loss: 0.0001, label: 1, bag_size: 1206
batch 199, loss: 0.0000, instance_loss: 0.0002, weighted_loss: 0.0001, label: 1, bag_size: 2071
batch 219, loss: 0.0000, instance_loss: 0.0000, weighted_loss: 0.0000, label: 0, bag_size: 882
batch 239, loss: 0.0000, instance_loss: 0.0061, weighted_loss: 0.0019, label: 1, bag_size: 34683
batch 259, loss: 0.0324, instance_loss: 0.0016, weighted_loss: 0.0232, label: 1, bag_size: 4645
batch 279, loss: 0.0000, instance_loss: 0.0000, weighted_loss: 0.0000, label: 0, bag_size: 5035
batch 299, loss: 0.0023, instance_loss: 0.0013, weighted_loss: 0.0020, label: 1, bag_size: 453
batch 319, loss: 0.0000, instance_loss: 0.0000, weighted_loss: 0.0000, label: 0, bag_size: 911
batch 339, loss: 0.0030, instance_loss: 0.0002, weighted_loss: 0.0022, label: 1, bag_size: 2946
batch 359, loss: 0.0335, instance_loss: 0.1151, weighted_loss: 0.0580, label: 1, bag_size: 6349
batch 379, loss: 0.0323, instance_loss: 0.0010, weighted_loss: 0.0229, label: 0, bag_size: 3050
batch 399, loss: 0.0565, instance_loss: 0.0005, weighted_loss: 0.0397, label: 1, bag_size: 4080
batch 419, loss: 0.0000, instance_loss: 0.0002, weighted_loss: 0.0001, label: 1, bag_size: 4575
batch 439, loss: 0.0000, instance_loss: 0.0053, weighted_loss: 0.0016, label: 0, bag_size: 1367
batch 459, loss: 0.0001, instance_loss: 0.0000, weighted_loss: 0.0001, label: 1, bag_size: 4545
batch 479, loss: 0.0000, instance_loss: 0.0003, weighted_loss: 0.0001, label: 1, bag_size: 2058
batch 499, loss: 0.0010, instance_loss: 0.0006, weighted_loss: 0.0009, label: 1, bag_size: 955
batch 519, loss: 0.0000, instance_loss: 0.0000, weighted_loss: 0.0000, label: 0, bag_size: 1956
batch 539, loss: 0.0001, instance_loss: 0.0017, weighted_loss: 0.0006, label: 0, bag_size: 2326
batch 559, loss: 0.0000, instance_loss: 0.0000, weighted_loss: 0.0000, label: 1, bag_size: 4556
batch 579, loss: 0.0000, instance_loss: 0.0000, weighted_loss: 0.0000, label: 1, bag_size: 2071
batch 599, loss: 0.0032, instance_loss: 0.0000, weighted_loss: 0.0022, label: 1, bag_size: 869
batch 619, loss: 0.0000, instance_loss: 0.0000, weighted_loss: 0.0000, label: 1, bag_size: 3931
batch 639, loss: 0.0000, instance_loss: 0.0026, weighted_loss: 0.0008, label: 1, bag_size: 1501
batch 659, loss: 0.0000, instance_loss: 0.0000, weighted_loss: 0.0000, label: 1, bag_size: 4913
batch 679, loss: 0.0054, instance_loss: 0.0002, weighted_loss: 0.0039, label: 1, bag_size: 2184


class 0 clustering acc 0.9998198847262247: correct 5551/5552
class 1 clustering acc 0.9972982708933718: correct 5537/5552
Epoch: 28, train_loss: 0.0434, train_clustering_loss:  0.0116, train_error: 0.0130
class 0: acc 0.9859154929577465, correct 350/355
class 1: acc 0.9882005899705014, correct 335/339

Val Set, val_loss: 3.1234, val_error: 0.4375, auc: 0.5871
class 0 clustering acc 0.99765625: correct 1277/1280
class 1 clustering acc 1.0: correct 1280/1280
class 0: acc 0.8586956521739131, correct 79/92
class 1: acc 0.16176470588235295, correct 11/68
EarlyStopping counter: 27 out of 20


batch 19, loss: 0.0000, instance_loss: 0.0000, weighted_loss: 0.0000, label: 0, bag_size: 5739
batch 39, loss: 0.0000, instance_loss: 0.0015, weighted_loss: 0.0005, label: 1, bag_size: 453
batch 59, loss: 0.0000, instance_loss: 0.0011, weighted_loss: 0.0003, label: 1, bag_size: 3097
batch 79, loss: 0.0001, instance_loss: 0.0013, weighted_loss: 0.0005, label: 0, bag_size: 274
batch 99, loss: 0.0000, instance_loss: 0.0000, weighted_loss: 0.0000, label: 1, bag_size: 1276
batch 119, loss: 0.0000, instance_loss: 0.0028, weighted_loss: 0.0008, label: 0, bag_size: 1867
batch 139, loss: 0.0011, instance_loss: 0.0161, weighted_loss: 0.0056, label: 1, bag_size: 910
batch 159, loss: 0.0001, instance_loss: 0.0025, weighted_loss: 0.0008, label: 1, bag_size: 1728
batch 179, loss: 0.0001, instance_loss: 0.0000, weighted_loss: 0.0001, label: 0, bag_size: 5170
batch 199, loss: 0.0000, instance_loss: 0.0000, weighted_loss: 0.0000, label: 1, bag_size: 2454
batch 219, loss: 0.0000, instance_loss: 0.0000, weighted_loss: 0.0000, label: 0, bag_size: 391
batch 239, loss: 0.0000, instance_loss: 0.0000, weighted_loss: 0.0000, label: 1, bag_size: 643
batch 259, loss: 0.0000, instance_loss: 0.0000, weighted_loss: 0.0000, label: 0, bag_size: 4057
batch 279, loss: 0.2635, instance_loss: 0.0000, weighted_loss: 0.1844, label: 1, bag_size: 5198
batch 299, loss: 0.0176, instance_loss: 0.0004, weighted_loss: 0.0124, label: 1, bag_size: 3762
batch 319, loss: 0.0404, instance_loss: 0.0071, weighted_loss: 0.0304, label: 1, bag_size: 6275
batch 339, loss: 0.0003, instance_loss: 0.0000, weighted_loss: 0.0002, label: 1, bag_size: 4164
batch 359, loss: 0.0003, instance_loss: 0.0040, weighted_loss: 0.0014, label: 0, bag_size: 766
batch 379, loss: 0.0000, instance_loss: 0.0000, weighted_loss: 0.0000, label: 1, bag_size: 2464
batch 399, loss: 0.0009, instance_loss: 0.0014, weighted_loss: 0.0011, label: 1, bag_size: 4429
batch 419, loss: 0.0001, instance_loss: 0.0000, weighted_loss: 0.0001, label: 0, bag_size: 383
batch 439, loss: 0.0039, instance_loss: 0.0003, weighted_loss: 0.0028, label: 1, bag_size: 3734
batch 459, loss: 0.0000, instance_loss: 0.0003, weighted_loss: 0.0001, label: 0, bag_size: 895
batch 479, loss: 0.0000, instance_loss: 0.0022, weighted_loss: 0.0006, label: 0, bag_size: 1062
batch 499, loss: 0.0002, instance_loss: 0.0004, weighted_loss: 0.0003, label: 0, bag_size: 888
batch 519, loss: 0.0001, instance_loss: 0.0000, weighted_loss: 0.0000, label: 0, bag_size: 698
batch 539, loss: 0.0001, instance_loss: 0.0000, weighted_loss: 0.0001, label: 1, bag_size: 923
batch 559, loss: 0.0006, instance_loss: 0.0000, weighted_loss: 0.0004, label: 0, bag_size: 818
batch 579, loss: 0.0001, instance_loss: 0.0000, weighted_loss: 0.0000, label: 0, bag_size: 5001
batch 599, loss: 0.0014, instance_loss: 0.0017, weighted_loss: 0.0014, label: 1, bag_size: 1092
batch 619, loss: 0.0073, instance_loss: 0.0000, weighted_loss: 0.0051, label: 1, bag_size: 4355
batch 639, loss: 0.0000, instance_loss: 0.0002, weighted_loss: 0.0001, label: 0, bag_size: 1447
batch 659, loss: 0.0001, instance_loss: 0.0005, weighted_loss: 0.0003, label: 1, bag_size: 3158
batch 679, loss: 0.0010, instance_loss: 0.0139, weighted_loss: 0.0049, label: 0, bag_size: 525


class 0 clustering acc 0.9998198847262247: correct 5551/5552
class 1 clustering acc 0.9981988472622478: correct 5542/5552
Epoch: 29, train_loss: 0.0698, train_clustering_loss:  0.0086, train_error: 0.0216
class 0: acc 0.9839142091152815, correct 367/373
class 1: acc 0.9719626168224299, correct 312/321

Val Set, val_loss: 2.0391, val_error: 0.3937, auc: 0.6386
class 0 clustering acc 0.9984375: correct 1278/1280
class 1 clustering acc 1.0: correct 1280/1280
class 0: acc 0.7717391304347826, correct 71/92
class 1: acc 0.38235294117647056, correct 26/68
EarlyStopping counter: 28 out of 20


batch 19, loss: 0.0005, instance_loss: 0.0012, weighted_loss: 0.0007, label: 1, bag_size: 714
batch 39, loss: 0.0012, instance_loss: 0.0003, weighted_loss: 0.0009, label: 0, bag_size: 350
batch 59, loss: 0.0177, instance_loss: 0.0000, weighted_loss: 0.0124, label: 0, bag_size: 4657
batch 79, loss: 0.0000, instance_loss: 0.0000, weighted_loss: 0.0000, label: 1, bag_size: 643
batch 99, loss: 0.0001, instance_loss: 0.0171, weighted_loss: 0.0052, label: 1, bag_size: 1055
batch 119, loss: 0.0041, instance_loss: 0.0000, weighted_loss: 0.0029, label: 0, bag_size: 350
batch 139, loss: 0.0007, instance_loss: 0.0000, weighted_loss: 0.0005, label: 1, bag_size: 215
batch 159, loss: 0.2514, instance_loss: 0.0000, weighted_loss: 0.1760, label: 0, bag_size: 687
batch 179, loss: 0.0000, instance_loss: 0.0000, weighted_loss: 0.0000, label: 1, bag_size: 605
batch 199, loss: 0.7915, instance_loss: 0.0000, weighted_loss: 0.5541, label: 0, bag_size: 3185
batch 219, loss: 0.0000, instance_loss: 0.0000, weighted_loss: 0.0000, label: 0, bag_size: 3675
batch 239, loss: 0.0595, instance_loss: 0.0000, weighted_loss: 0.0416, label: 0, bag_size: 5307
batch 259, loss: 0.0012, instance_loss: 0.0047, weighted_loss: 0.0023, label: 1, bag_size: 847
batch 279, loss: 0.0018, instance_loss: 0.0000, weighted_loss: 0.0013, label: 1, bag_size: 5455
batch 299, loss: 0.0000, instance_loss: 0.0039, weighted_loss: 0.0012, label: 0, bag_size: 2216
batch 319, loss: 0.0000, instance_loss: 0.0003, weighted_loss: 0.0001, label: 0, bag_size: 545
batch 339, loss: 0.0000, instance_loss: 0.0011, weighted_loss: 0.0003, label: 0, bag_size: 1003
batch 359, loss: 0.0000, instance_loss: 0.0003, weighted_loss: 0.0001, label: 1, bag_size: 2058
batch 379, loss: 0.0005, instance_loss: 0.0004, weighted_loss: 0.0005, label: 0, bag_size: 575
batch 399, loss: 0.0006, instance_loss: 0.0000, weighted_loss: 0.0004, label: 0, bag_size: 2036
batch 419, loss: 0.0001, instance_loss: 0.0000, weighted_loss: 0.0001, label: 1, bag_size: 926
batch 439, loss: 0.0000, instance_loss: 0.0011, weighted_loss: 0.0003, label: 1, bag_size: 1534
batch 459, loss: 0.0028, instance_loss: 0.0000, weighted_loss: 0.0020, label: 0, bag_size: 328
batch 479, loss: 0.0000, instance_loss: 0.0000, weighted_loss: 0.0000, label: 0, bag_size: 910
batch 499, loss: 0.0000, instance_loss: 0.0000, weighted_loss: 0.0000, label: 0, bag_size: 4209
batch 519, loss: 0.0003, instance_loss: 0.0012, weighted_loss: 0.0006, label: 1, bag_size: 1092
batch 539, loss: 0.0048, instance_loss: 0.0000, weighted_loss: 0.0034, label: 1, bag_size: 3912
batch 559, loss: 0.0154, instance_loss: 0.0000, weighted_loss: 0.0108, label: 1, bag_size: 1298
batch 579, loss: 0.0041, instance_loss: 0.0000, weighted_loss: 0.0029, label: 0, bag_size: 4090
batch 599, loss: 0.0025, instance_loss: 0.0000, weighted_loss: 0.0018, label: 0, bag_size: 378
batch 619, loss: 0.0000, instance_loss: 0.0034, weighted_loss: 0.0010, label: 0, bag_size: 842
batch 639, loss: 0.0000, instance_loss: 0.0011, weighted_loss: 0.0004, label: 1, bag_size: 1494
batch 659, loss: 0.0010, instance_loss: 0.0000, weighted_loss: 0.0007, label: 1, bag_size: 1101
batch 679, loss: 0.0011, instance_loss: 0.0000, weighted_loss: 0.0008, label: 0, bag_size: 4800


class 0 clustering acc 1.0: correct 5552/5552
class 1 clustering acc 0.9983789625360231: correct 5543/5552
Epoch: 30, train_loss: 0.0533, train_clustering_loss:  0.0063, train_error: 0.0115
class 0: acc 0.9832402234636871, correct 352/358
class 1: acc 0.9940476190476191, correct 334/336

Val Set, val_loss: 2.3012, val_error: 0.4250, auc: 0.5993
class 0 clustering acc 0.996875: correct 1276/1280
class 1 clustering acc 1.0: correct 1280/1280
class 0: acc 0.8043478260869565, correct 74/92
class 1: acc 0.2647058823529412, correct 18/68
EarlyStopping counter: 29 out of 20


batch 19, loss: 0.0531, instance_loss: 0.0008, weighted_loss: 0.0374, label: 1, bag_size: 612
batch 39, loss: 0.0042, instance_loss: 0.0000, weighted_loss: 0.0029, label: 1, bag_size: 2946
batch 59, loss: 0.0007, instance_loss: 0.0000, weighted_loss: 0.0005, label: 0, bag_size: 6059
batch 79, loss: 0.0003, instance_loss: 0.0038, weighted_loss: 0.0013, label: 0, bag_size: 611
batch 99, loss: 0.0093, instance_loss: 0.0002, weighted_loss: 0.0066, label: 1, bag_size: 1092
batch 119, loss: 0.0014, instance_loss: 0.0882, weighted_loss: 0.0274, label: 0, bag_size: 294
batch 139, loss: 0.0078, instance_loss: 0.0004, weighted_loss: 0.0056, label: 0, bag_size: 4098
batch 159, loss: 0.0008, instance_loss: 0.0000, weighted_loss: 0.0006, label: 1, bag_size: 5146
batch 179, loss: 0.0000, instance_loss: 0.0005, weighted_loss: 0.0002, label: 0, bag_size: 781
batch 199, loss: 0.0000, instance_loss: 0.0019, weighted_loss: 0.0006, label: 0, bag_size: 1055
batch 219, loss: 0.0023, instance_loss: 0.0000, weighted_loss: 0.0016, label: 1, bag_size: 3506
batch 239, loss: 0.0031, instance_loss: 0.0000, weighted_loss: 0.0022, label: 1, bag_size: 2184
batch 259, loss: 1.1456, instance_loss: 0.0002, weighted_loss: 0.8020, label: 0, bag_size: 765
batch 279, loss: 0.0026, instance_loss: 0.0006, weighted_loss: 0.0020, label: 1, bag_size: 511
batch 299, loss: 0.0000, instance_loss: 0.0000, weighted_loss: 0.0000, label: 1, bag_size: 2881
batch 319, loss: 0.0030, instance_loss: 0.0000, weighted_loss: 0.0021, label: 1, bag_size: 5455
batch 339, loss: 0.0006, instance_loss: 0.0004, weighted_loss: 0.0006, label: 1, bag_size: 1426
batch 359, loss: 0.0005, instance_loss: 0.0000, weighted_loss: 0.0004, label: 1, bag_size: 2728
batch 379, loss: 0.0001, instance_loss: 0.0000, weighted_loss: 0.0001, label: 1, bag_size: 3108
batch 399, loss: 0.0000, instance_loss: 0.0009, weighted_loss: 0.0003, label: 1, bag_size: 565
batch 419, loss: 0.0005, instance_loss: 0.0360, weighted_loss: 0.0111, label: 0, bag_size: 277
batch 439, loss: 0.0000, instance_loss: 0.0000, weighted_loss: 0.0000, label: 0, bag_size: 2561
batch 459, loss: 0.0027, instance_loss: 0.0000, weighted_loss: 0.0019, label: 1, bag_size: 1997
batch 479, loss: 0.0141, instance_loss: 0.4747, weighted_loss: 0.1523, label: 1, bag_size: 388
batch 499, loss: 0.0016, instance_loss: 0.0029, weighted_loss: 0.0020, label: 1, bag_size: 565
batch 519, loss: 0.0002, instance_loss: 0.0000, weighted_loss: 0.0001, label: 1, bag_size: 3097
batch 539, loss: 0.0033, instance_loss: 0.0000, weighted_loss: 0.0023, label: 0, bag_size: 4697
batch 559, loss: 0.0000, instance_loss: 0.0026, weighted_loss: 0.0008, label: 1, bag_size: 2537
batch 579, loss: 0.0182, instance_loss: 0.0002, weighted_loss: 0.0128, label: 1, bag_size: 1147
batch 599, loss: 0.0000, instance_loss: 0.0000, weighted_loss: 0.0000, label: 0, bag_size: 2460
batch 619, loss: 0.0001, instance_loss: 0.0002, weighted_loss: 0.0001, label: 0, bag_size: 4266
batch 639, loss: 0.0000, instance_loss: 0.0000, weighted_loss: 0.0000, label: 1, bag_size: 521
batch 659, loss: 0.0000, instance_loss: 0.0000, weighted_loss: 0.0000, label: 0, bag_size: 3626
batch 679, loss: 0.0000, instance_loss: 0.0000, weighted_loss: 0.0000, label: 0, bag_size: 1266


class 0 clustering acc 0.9998198847262247: correct 5551/5552
class 1 clustering acc 0.9981988472622478: correct 5542/5552
Epoch: 31, train_loss: 0.0146, train_clustering_loss:  0.0063, train_error: 0.0043
class 0: acc 0.9943019943019943, correct 349/351
class 1: acc 0.9970845481049563, correct 342/343

Val Set, val_loss: 2.5078, val_error: 0.4313, auc: 0.5689
class 0 clustering acc 0.99765625: correct 1277/1280
class 1 clustering acc 1.0: correct 1280/1280
class 0: acc 0.7608695652173914, correct 70/92
class 1: acc 0.3088235294117647, correct 21/68
EarlyStopping counter: 30 out of 20


batch 19, loss: 0.0000, instance_loss: 0.0000, weighted_loss: 0.0000, label: 0, bag_size: 3884
batch 39, loss: 0.0003, instance_loss: 0.0000, weighted_loss: 0.0002, label: 1, bag_size: 986
batch 59, loss: 0.0000, instance_loss: 0.0000, weighted_loss: 0.0000, label: 0, bag_size: 929
batch 79, loss: 0.0000, instance_loss: 0.0000, weighted_loss: 0.0000, label: 1, bag_size: 1534
batch 99, loss: 0.0000, instance_loss: 0.0012, weighted_loss: 0.0004, label: 0, bag_size: 1000
batch 119, loss: 0.0000, instance_loss: 0.0000, weighted_loss: 0.0000, label: 0, bag_size: 3873
batch 139, loss: 1.4750, instance_loss: 0.0000, weighted_loss: 1.0325, label: 0, bag_size: 5414
batch 159, loss: 0.0000, instance_loss: 0.0000, weighted_loss: 0.0000, label: 0, bag_size: 5364
batch 179, loss: 0.0000, instance_loss: 0.0000, weighted_loss: 0.0000, label: 1, bag_size: 2428
batch 199, loss: 0.2868, instance_loss: 0.0000, weighted_loss: 0.2008, label: 1, bag_size: 2920
batch 219, loss: 0.0000, instance_loss: 0.0024, weighted_loss: 0.0007, label: 1, bag_size: 453
batch 239, loss: 0.0004, instance_loss: 0.0009, weighted_loss: 0.0006, label: 1, bag_size: 2058
batch 259, loss: 0.0000, instance_loss: 0.0000, weighted_loss: 0.0000, label: 0, bag_size: 5001
batch 279, loss: 0.0044, instance_loss: 0.0000, weighted_loss: 0.0031, label: 1, bag_size: 3334
batch 299, loss: 0.0011, instance_loss: 0.0027, weighted_loss: 0.0016, label: 1, bag_size: 1276
batch 319, loss: 0.4195, instance_loss: 0.0000, weighted_loss: 0.2936, label: 1, bag_size: 3645
batch 339, loss: 0.0009, instance_loss: 0.0000, weighted_loss: 0.0006, label: 1, bag_size: 986
batch 359, loss: 0.0000, instance_loss: 0.0003, weighted_loss: 0.0001, label: 1, bag_size: 1007
batch 379, loss: 0.0000, instance_loss: 0.0041, weighted_loss: 0.0013, label: 1, bag_size: 34683
batch 399, loss: 0.0000, instance_loss: 0.0000, weighted_loss: 0.0000, label: 1, bag_size: 4913
batch 419, loss: 0.0001, instance_loss: 0.0006, weighted_loss: 0.0002, label: 1, bag_size: 1309
batch 439, loss: 0.0008, instance_loss: 0.0000, weighted_loss: 0.0005, label: 0, bag_size: 1139
batch 459, loss: 0.0000, instance_loss: 0.0000, weighted_loss: 0.0000, label: 0, bag_size: 1452
batch 479, loss: 0.0000, instance_loss: 0.0000, weighted_loss: 0.0000, label: 0, bag_size: 3723
batch 499, loss: 0.0003, instance_loss: 0.0000, weighted_loss: 0.0002, label: 1, bag_size: 5308
batch 519, loss: 0.0003, instance_loss: 0.0003, weighted_loss: 0.0003, label: 1, bag_size: 1169
batch 539, loss: 0.0600, instance_loss: 0.0012, weighted_loss: 0.0423, label: 1, bag_size: 731
batch 559, loss: 0.0103, instance_loss: 0.0012, weighted_loss: 0.0075, label: 1, bag_size: 705
batch 579, loss: 0.0000, instance_loss: 0.0000, weighted_loss: 0.0000, label: 1, bag_size: 986
batch 599, loss: 0.0203, instance_loss: 0.0000, weighted_loss: 0.0142, label: 0, bag_size: 383
batch 619, loss: 0.0005, instance_loss: 0.0000, weighted_loss: 0.0004, label: 1, bag_size: 2364
batch 639, loss: 0.0001, instance_loss: 0.0032, weighted_loss: 0.0010, label: 0, bag_size: 3848
batch 659, loss: 0.0010, instance_loss: 0.0000, weighted_loss: 0.0007, label: 1, bag_size: 590
batch 679, loss: 0.0002, instance_loss: 0.0000, weighted_loss: 0.0002, label: 0, bag_size: 3916


class 0 clustering acc 1.0: correct 5552/5552
class 1 clustering acc 0.9994596541786743: correct 5549/5552
Epoch: 32, train_loss: 0.0237, train_clustering_loss:  0.0021, train_error: 0.0101
class 0: acc 0.988795518207283, correct 353/357
class 1: acc 0.9910979228486647, correct 334/337

Val Set, val_loss: 2.6013, val_error: 0.4625, auc: 0.5935
class 0 clustering acc 0.9984375: correct 1278/1280
class 1 clustering acc 1.0: correct 1280/1280
class 0: acc 0.7934782608695652, correct 73/92
class 1: acc 0.19117647058823528, correct 13/68
EarlyStopping counter: 31 out of 20


batch 19, loss: 0.0050, instance_loss: 0.0000, weighted_loss: 0.0035, label: 1, bag_size: 5091
batch 39, loss: 0.0017, instance_loss: 0.0003, weighted_loss: 0.0013, label: 1, bag_size: 2634
batch 59, loss: 0.0013, instance_loss: 0.0000, weighted_loss: 0.0009, label: 1, bag_size: 1223
batch 79, loss: 0.0000, instance_loss: 0.0000, weighted_loss: 0.0000, label: 1, bag_size: 1276
batch 99, loss: 0.0008, instance_loss: 0.0002, weighted_loss: 0.0007, label: 1, bag_size: 1426
batch 119, loss: 0.0017, instance_loss: 0.0006, weighted_loss: 0.0013, label: 0, bag_size: 869
batch 139, loss: 0.0000, instance_loss: 0.0002, weighted_loss: 0.0001, label: 1, bag_size: 2464
batch 159, loss: 0.0001, instance_loss: 0.0000, weighted_loss: 0.0001, label: 0, bag_size: 1201
batch 179, loss: 0.0000, instance_loss: 0.0000, weighted_loss: 0.0000, label: 1, bag_size: 829
batch 199, loss: 0.0000, instance_loss: 0.0000, weighted_loss: 0.0000, label: 1, bag_size: 3108
batch 219, loss: 0.0375, instance_loss: 0.0000, weighted_loss: 0.0262, label: 1, bag_size: 714
batch 239, loss: 0.0010, instance_loss: 0.0006, weighted_loss: 0.0009, label: 1, bag_size: 6349
batch 259, loss: 0.0000, instance_loss: 0.0000, weighted_loss: 0.0000, label: 1, bag_size: 945
batch 279, loss: 0.0000, instance_loss: 0.0000, weighted_loss: 0.0000, label: 0, bag_size: 4204
batch 299, loss: 0.0013, instance_loss: 0.0000, weighted_loss: 0.0009, label: 1, bag_size: 4623
batch 319, loss: 0.0000, instance_loss: 0.0002, weighted_loss: 0.0001, label: 1, bag_size: 910
batch 339, loss: 0.0005, instance_loss: 0.0000, weighted_loss: 0.0003, label: 1, bag_size: 4764
batch 359, loss: 0.0000, instance_loss: 0.0000, weighted_loss: 0.0000, label: 1, bag_size: 3700
batch 379, loss: 0.0000, instance_loss: 0.0000, weighted_loss: 0.0000, label: 0, bag_size: 877
batch 399, loss: 0.0001, instance_loss: 0.0000, weighted_loss: 0.0000, label: 0, bag_size: 382
batch 419, loss: 0.0006, instance_loss: 0.0000, weighted_loss: 0.0004, label: 1, bag_size: 3645
batch 439, loss: 0.0001, instance_loss: 0.0019, weighted_loss: 0.0006, label: 1, bag_size: 34683
batch 459, loss: 0.0001, instance_loss: 0.0000, weighted_loss: 0.0001, label: 1, bag_size: 239
batch 479, loss: 0.0000, instance_loss: 0.0000, weighted_loss: 0.0000, label: 0, bag_size: 1254
batch 499, loss: 0.0067, instance_loss: 0.0000, weighted_loss: 0.0047, label: 1, bag_size: 4545
batch 519, loss: 0.0000, instance_loss: 0.0002, weighted_loss: 0.0001, label: 0, bag_size: 3237
batch 539, loss: 0.0000, instance_loss: 0.0000, weighted_loss: 0.0000, label: 1, bag_size: 1166
batch 559, loss: 0.0000, instance_loss: 0.0023, weighted_loss: 0.0007, label: 0, bag_size: 461
batch 579, loss: 0.0000, instance_loss: 0.0000, weighted_loss: 0.0000, label: 0, bag_size: 448
batch 599, loss: 0.0000, instance_loss: 0.0009, weighted_loss: 0.0003, label: 0, bag_size: 1867
batch 619, loss: 0.0000, instance_loss: 0.0000, weighted_loss: 0.0000, label: 1, bag_size: 2184
batch 639, loss: 0.0000, instance_loss: 0.0010, weighted_loss: 0.0003, label: 0, bag_size: 434
batch 659, loss: 0.0000, instance_loss: 0.0000, weighted_loss: 0.0000, label: 0, bag_size: 792
batch 679, loss: 0.0007, instance_loss: 0.0000, weighted_loss: 0.0005, label: 1, bag_size: 1677


class 0 clustering acc 1.0: correct 5552/5552
class 1 clustering acc 0.9992795389048992: correct 5548/5552
Epoch: 33, train_loss: 0.0106, train_clustering_loss:  0.0041, train_error: 0.0058
class 0: acc 0.9944289693593314, correct 357/359
class 1: acc 0.9940298507462687, correct 333/335

Val Set, val_loss: 2.6756, val_error: 0.4313, auc: 0.5764
class 0 clustering acc 0.99765625: correct 1277/1280
class 1 clustering acc 1.0: correct 1280/1280
class 0: acc 0.7717391304347826, correct 71/92
class 1: acc 0.29411764705882354, correct 20/68
EarlyStopping counter: 32 out of 20


batch 19, loss: 0.0001, instance_loss: 0.0000, weighted_loss: 0.0001, label: 1, bag_size: 3645
batch 39, loss: 0.0000, instance_loss: 0.0005, weighted_loss: 0.0002, label: 0, bag_size: 1055
batch 59, loss: 0.0001, instance_loss: 0.0000, weighted_loss: 0.0001, label: 1, bag_size: 5146
batch 79, loss: 0.0000, instance_loss: 0.0025, weighted_loss: 0.0008, label: 0, bag_size: 439
batch 99, loss: 0.0021, instance_loss: 0.0000, weighted_loss: 0.0015, label: 1, bag_size: 4645
batch 119, loss: 0.0002, instance_loss: 0.0000, weighted_loss: 0.0001, label: 1, bag_size: 3108
batch 139, loss: 0.0031, instance_loss: 0.0000, weighted_loss: 0.0021, label: 1, bag_size: 5769
batch 159, loss: 0.0002, instance_loss: 0.0000, weighted_loss: 0.0001, label: 0, bag_size: 1259
batch 179, loss: 0.0000, instance_loss: 0.0020, weighted_loss: 0.0006, label: 0, bag_size: 710
batch 199, loss: 0.0000, instance_loss: 0.0000, weighted_loss: 0.0000, label: 0, bag_size: 328
batch 219, loss: 0.0000, instance_loss: 0.0003, weighted_loss: 0.0001, label: 0, bag_size: 3715
batch 239, loss: 0.0000, instance_loss: 0.0002, weighted_loss: 0.0001, label: 0, bag_size: 4073
batch 259, loss: 0.1507, instance_loss: 0.0000, weighted_loss: 0.1055, label: 0, bag_size: 598
batch 279, loss: 0.0004, instance_loss: 0.0000, weighted_loss: 0.0003, label: 1, bag_size: 1426
batch 299, loss: 0.0000, instance_loss: 0.0000, weighted_loss: 0.0000, label: 1, bag_size: 782
batch 319, loss: 0.0004, instance_loss: 0.0000, weighted_loss: 0.0003, label: 0, bag_size: 2229
batch 339, loss: 0.0000, instance_loss: 0.0000, weighted_loss: 0.0000, label: 0, bag_size: 4567
batch 359, loss: 0.0000, instance_loss: 0.0000, weighted_loss: 0.0000, label: 1, bag_size: 1664
batch 379, loss: 0.0000, instance_loss: 0.0024, weighted_loss: 0.0008, label: 0, bag_size: 3672
batch 399, loss: 0.0000, instance_loss: 0.0060, weighted_loss: 0.0018, label: 0, bag_size: 1067
batch 419, loss: 0.0000, instance_loss: 0.0000, weighted_loss: 0.0000, label: 0, bag_size: 594
batch 439, loss: 0.0000, instance_loss: 0.0000, weighted_loss: 0.0000, label: 0, bag_size: 3425
batch 459, loss: 0.0000, instance_loss: 0.0005, weighted_loss: 0.0002, label: 0, bag_size: 1867
batch 479, loss: 0.0005, instance_loss: 0.0000, weighted_loss: 0.0003, label: 1, bag_size: 5454
batch 499, loss: 0.0000, instance_loss: 0.0002, weighted_loss: 0.0001, label: 1, bag_size: 2537
batch 519, loss: 0.0000, instance_loss: 0.0017, weighted_loss: 0.0005, label: 0, bag_size: 3958
batch 539, loss: 0.0000, instance_loss: 0.0000, weighted_loss: 0.0000, label: 0, bag_size: 1025
batch 559, loss: 0.0000, instance_loss: 0.0000, weighted_loss: 0.0000, label: 0, bag_size: 657
batch 579, loss: 0.0252, instance_loss: 0.0000, weighted_loss: 0.0176, label: 0, bag_size: 3690
batch 599, loss: 0.0000, instance_loss: 0.0000, weighted_loss: 0.0000, label: 0, bag_size: 2323
batch 619, loss: 0.0000, instance_loss: 0.0000, weighted_loss: 0.0000, label: 0, bag_size: 924
batch 639, loss: 0.0001, instance_loss: 0.0000, weighted_loss: 0.0001, label: 1, bag_size: 842
batch 659, loss: 0.0001, instance_loss: 0.0000, weighted_loss: 0.0001, label: 1, bag_size: 598
batch 679, loss: 0.0000, instance_loss: 0.0000, weighted_loss: 0.0000, label: 1, bag_size: 1293


class 0 clustering acc 1.0: correct 5552/5552
class 1 clustering acc 0.9998198847262247: correct 5551/5552
Epoch: 34, train_loss: 0.0062, train_clustering_loss:  0.0017, train_error: 0.0014
class 0: acc 0.9971910112359551, correct 355/356
class 1: acc 1.0, correct 338/338

Val Set, val_loss: 2.9683, val_error: 0.4125, auc: 0.5900
class 0 clustering acc 0.9984375: correct 1278/1280
class 1 clustering acc 1.0: correct 1280/1280
class 0: acc 0.8152173913043478, correct 75/92
class 1: acc 0.27941176470588236, correct 19/68
EarlyStopping counter: 33 out of 20


batch 19, loss: 0.0000, instance_loss: 0.0000, weighted_loss: 0.0000, label: 1, bag_size: 3269
batch 39, loss: 0.0007, instance_loss: 0.0000, weighted_loss: 0.0005, label: 0, bag_size: 575
batch 59, loss: 0.1467, instance_loss: 0.0000, weighted_loss: 0.1027, label: 1, bag_size: 5198
batch 79, loss: 0.0000, instance_loss: 0.0022, weighted_loss: 0.0007, label: 0, bag_size: 2271
batch 99, loss: 0.0001, instance_loss: 0.0000, weighted_loss: 0.0001, label: 0, bag_size: 382
batch 119, loss: 0.0002, instance_loss: 0.0005, weighted_loss: 0.0003, label: 0, bag_size: 791
batch 139, loss: 0.0001, instance_loss: 0.0000, weighted_loss: 0.0001, label: 1, bag_size: 712
batch 159, loss: 0.0000, instance_loss: 0.0000, weighted_loss: 0.0000, label: 0, bag_size: 657
batch 179, loss: 0.0046, instance_loss: 0.0000, weighted_loss: 0.0032, label: 1, bag_size: 4764
batch 199, loss: 0.0000, instance_loss: 0.0000, weighted_loss: 0.0000, label: 1, bag_size: 587
batch 219, loss: 0.0006, instance_loss: 0.0000, weighted_loss: 0.0004, label: 0, bag_size: 1225
batch 239, loss: 0.0001, instance_loss: 0.0000, weighted_loss: 0.0001, label: 1, bag_size: 2620
batch 259, loss: 0.0000, instance_loss: 0.0000, weighted_loss: 0.0000, label: 0, bag_size: 822
batch 279, loss: 0.0002, instance_loss: 0.0019, weighted_loss: 0.0007, label: 0, bag_size: 3599
batch 299, loss: 0.0000, instance_loss: 0.0000, weighted_loss: 0.0000, label: 1, bag_size: 827
batch 319, loss: 0.0004, instance_loss: 0.0000, weighted_loss: 0.0003, label: 1, bag_size: 5091
batch 339, loss: 0.0000, instance_loss: 0.0007, weighted_loss: 0.0002, label: 0, bag_size: 4546
batch 359, loss: 0.0000, instance_loss: 0.0000, weighted_loss: 0.0000, label: 0, bag_size: 1367
batch 379, loss: 0.0000, instance_loss: 0.0123, weighted_loss: 0.0037, label: 0, bag_size: 434
batch 399, loss: 0.0001, instance_loss: 0.0094, weighted_loss: 0.0028, label: 0, bag_size: 382
batch 419, loss: 0.0004, instance_loss: 0.0000, weighted_loss: 0.0003, label: 1, bag_size: 491
batch 439, loss: 0.0004, instance_loss: 0.0000, weighted_loss: 0.0003, label: 1, bag_size: 3838
batch 459, loss: 0.0007, instance_loss: 0.0000, weighted_loss: 0.0005, label: 1, bag_size: 6349
batch 479, loss: 0.0006, instance_loss: 0.0007, weighted_loss: 0.0006, label: 0, bag_size: 807
batch 499, loss: 0.0000, instance_loss: 0.0000, weighted_loss: 0.0000, label: 1, bag_size: 945
batch 519, loss: 0.0000, instance_loss: 0.1149, weighted_loss: 0.0345, label: 0, bag_size: 200
batch 539, loss: 0.0000, instance_loss: 0.0003, weighted_loss: 0.0001, label: 0, bag_size: 627
batch 559, loss: 0.0016, instance_loss: 0.0000, weighted_loss: 0.0011, label: 1, bag_size: 1092
batch 579, loss: 0.0003, instance_loss: 0.0000, weighted_loss: 0.0002, label: 0, bag_size: 1484
batch 599, loss: 0.0001, instance_loss: 0.0000, weighted_loss: 0.0001, label: 1, bag_size: 4815
batch 619, loss: 0.0000, instance_loss: 0.0000, weighted_loss: 0.0000, label: 0, bag_size: 1030
batch 639, loss: 0.0001, instance_loss: 0.0000, weighted_loss: 0.0000, label: 0, bag_size: 4382
batch 659, loss: 0.0008, instance_loss: 0.0064, weighted_loss: 0.0025, label: 0, bag_size: 1274
batch 679, loss: 0.0006, instance_loss: 0.0003, weighted_loss: 0.0005, label: 1, bag_size: 1426


class 0 clustering acc 0.9998198847262247: correct 5551/5552
class 1 clustering acc 0.9978386167146974: correct 5540/5552
Epoch: 35, train_loss: 0.0020, train_clustering_loss:  0.0054, train_error: 0.0000
class 0: acc 1.0, correct 362/362
class 1: acc 1.0, correct 332/332

Val Set, val_loss: 3.0870, val_error: 0.4250, auc: 0.5745
class 0 clustering acc 0.99765625: correct 1277/1280
class 1 clustering acc 1.0: correct 1280/1280
class 0: acc 0.7934782608695652, correct 73/92
class 1: acc 0.27941176470588236, correct 19/68
EarlyStopping counter: 34 out of 20


batch 19, loss: 0.0000, instance_loss: 0.0000, weighted_loss: 0.0000, label: 0, bag_size: 2460
batch 39, loss: 0.0000, instance_loss: 0.0006, weighted_loss: 0.0002, label: 1, bag_size: 829
batch 59, loss: 0.0000, instance_loss: 0.0014, weighted_loss: 0.0004, label: 0, bag_size: 913
batch 79, loss: 0.0000, instance_loss: 0.0000, weighted_loss: 0.0000, label: 1, bag_size: 3269
batch 99, loss: 0.0000, instance_loss: 0.0005, weighted_loss: 0.0002, label: 1, bag_size: 1166
batch 119, loss: 0.0001, instance_loss: 0.0034, weighted_loss: 0.0011, label: 1, bag_size: 1109
batch 139, loss: 0.0000, instance_loss: 0.0000, weighted_loss: 0.0000, label: 0, bag_size: 5356
batch 159, loss: 0.0000, instance_loss: 0.0024, weighted_loss: 0.0008, label: 0, bag_size: 4647
batch 179, loss: 0.0000, instance_loss: 0.0000, weighted_loss: 0.0000, label: 0, bag_size: 641
batch 199, loss: 0.0000, instance_loss: 0.0000, weighted_loss: 0.0000, label: 0, bag_size: 3396
batch 219, loss: 0.0004, instance_loss: 0.0000, weighted_loss: 0.0003, label: 1, bag_size: 2058
batch 239, loss: 0.0007, instance_loss: 0.0000, weighted_loss: 0.0005, label: 1, bag_size: 4080
batch 259, loss: 0.0000, instance_loss: 0.0002, weighted_loss: 0.0001, label: 1, bag_size: 6275
batch 279, loss: 0.0000, instance_loss: 0.0000, weighted_loss: 0.0000, label: 1, bag_size: 5455
batch 299, loss: 0.0016, instance_loss: 0.0000, weighted_loss: 0.0011, label: 0, bag_size: 1068
batch 319, loss: 0.0012, instance_loss: 0.0000, weighted_loss: 0.0008, label: 1, bag_size: 4337
batch 339, loss: 0.0000, instance_loss: 0.0000, weighted_loss: 0.0000, label: 1, bag_size: 5149
batch 359, loss: 0.0075, instance_loss: 0.0000, weighted_loss: 0.0052, label: 0, bag_size: 404
batch 379, loss: 0.0001, instance_loss: 0.0000, weighted_loss: 0.0000, label: 0, bag_size: 684
batch 399, loss: 0.0002, instance_loss: 0.0038, weighted_loss: 0.0013, label: 1, bag_size: 1866
batch 419, loss: 0.0000, instance_loss: 0.0016, weighted_loss: 0.0005, label: 0, bag_size: 305
batch 439, loss: 0.0000, instance_loss: 0.0141, weighted_loss: 0.0042, label: 1, bag_size: 1007
batch 459, loss: 0.0001, instance_loss: 0.0000, weighted_loss: 0.0000, label: 1, bag_size: 5353
batch 479, loss: 0.0000, instance_loss: 0.0008, weighted_loss: 0.0002, label: 0, bag_size: 1165
batch 499, loss: 0.0007, instance_loss: 0.0003, weighted_loss: 0.0006, label: 0, bag_size: 433
batch 519, loss: 0.0000, instance_loss: 0.0000, weighted_loss: 0.0000, label: 0, bag_size: 2518
batch 539, loss: 0.0000, instance_loss: 0.0000, weighted_loss: 0.0000, label: 1, bag_size: 1486
batch 559, loss: 0.0000, instance_loss: 0.0000, weighted_loss: 0.0000, label: 0, bag_size: 4033
batch 579, loss: 0.0000, instance_loss: 0.0000, weighted_loss: 0.0000, label: 0, bag_size: 776
batch 599, loss: 0.0000, instance_loss: 0.0002, weighted_loss: 0.0001, label: 0, bag_size: 489
batch 619, loss: 0.0004, instance_loss: 0.0000, weighted_loss: 0.0003, label: 1, bag_size: 2267
batch 639, loss: 0.0000, instance_loss: 0.0000, weighted_loss: 0.0000, label: 0, bag_size: 4102
batch 659, loss: 0.0014, instance_loss: 0.0003, weighted_loss: 0.0011, label: 0, bag_size: 1670
batch 679, loss: 0.0013, instance_loss: 0.0000, weighted_loss: 0.0009, label: 1, bag_size: 4202


class 0 clustering acc 1.0: correct 5552/5552
class 1 clustering acc 0.9985590778097982: correct 5544/5552
Epoch: 36, train_loss: 0.0008, train_clustering_loss:  0.0059, train_error: 0.0000
class 0: acc 1.0, correct 362/362
class 1: acc 1.0, correct 332/332

Val Set, val_loss: 3.1334, val_error: 0.4062, auc: 0.5693
class 0 clustering acc 0.99765625: correct 1277/1280
class 1 clustering acc 1.0: correct 1280/1280
class 0: acc 0.782608695652174, correct 72/92
class 1: acc 0.3382352941176471, correct 23/68
EarlyStopping counter: 35 out of 20


batch 19, loss: 0.0002, instance_loss: 0.0000, weighted_loss: 0.0001, label: 0, bag_size: 791
batch 39, loss: 0.0000, instance_loss: 0.0000, weighted_loss: 0.0000, label: 1, bag_size: 2634
batch 59, loss: 0.0002, instance_loss: 0.0041, weighted_loss: 0.0014, label: 1, bag_size: 579
batch 79, loss: 0.0004, instance_loss: 0.0000, weighted_loss: 0.0002, label: 1, bag_size: 3700
batch 99, loss: 0.0001, instance_loss: 0.0000, weighted_loss: 0.0001, label: 0, bag_size: 2518
batch 119, loss: 0.0033, instance_loss: 0.0008, weighted_loss: 0.0026, label: 0, bag_size: 650
batch 139, loss: 0.0002, instance_loss: 0.0000, weighted_loss: 0.0002, label: 1, bag_size: 1671
batch 159, loss: 0.0001, instance_loss: 0.0007, weighted_loss: 0.0003, label: 1, bag_size: 1426
batch 179, loss: 0.0000, instance_loss: 0.0000, weighted_loss: 0.0000, label: 1, bag_size: 6275
batch 199, loss: 0.0000, instance_loss: 0.0004, weighted_loss: 0.0001, label: 0, bag_size: 2441
batch 219, loss: 0.0000, instance_loss: 0.0000, weighted_loss: 0.0000, label: 0, bag_size: 913
batch 239, loss: 0.0012, instance_loss: 0.0000, weighted_loss: 0.0008, label: 0, bag_size: 575
batch 259, loss: 0.0004, instance_loss: 0.0000, weighted_loss: 0.0002, label: 1, bag_size: 612
batch 279, loss: 0.0000, instance_loss: 0.0005, weighted_loss: 0.0002, label: 0, bag_size: 1367
batch 299, loss: 0.0000, instance_loss: 0.0000, weighted_loss: 0.0000, label: 1, bag_size: 1664
batch 319, loss: 0.0000, instance_loss: 0.0009, weighted_loss: 0.0003, label: 1, bag_size: 1736
batch 339, loss: 0.0001, instance_loss: 0.0000, weighted_loss: 0.0000, label: 1, bag_size: 598
batch 359, loss: 0.0000, instance_loss: 0.0000, weighted_loss: 0.0000, label: 1, bag_size: 1742
batch 379, loss: 0.0005, instance_loss: 0.0224, weighted_loss: 0.0071, label: 1, bag_size: 354
batch 399, loss: 0.0000, instance_loss: 0.0000, weighted_loss: 0.0000, label: 0, bag_size: 4292
batch 419, loss: 0.0000, instance_loss: 0.0000, weighted_loss: 0.0000, label: 0, bag_size: 460
batch 439, loss: 0.0000, instance_loss: 0.0000, weighted_loss: 0.0000, label: 0, bag_size: 2326
batch 459, loss: 0.0000, instance_loss: 0.0000, weighted_loss: 0.0000, label: 1, bag_size: 605
batch 479, loss: 0.0000, instance_loss: 0.0000, weighted_loss: 0.0000, label: 0, bag_size: 4741
batch 499, loss: 0.0000, instance_loss: 0.0000, weighted_loss: 0.0000, label: 0, bag_size: 1574
batch 519, loss: 0.0000, instance_loss: 0.0244, weighted_loss: 0.0073, label: 0, bag_size: 320
batch 539, loss: 0.0000, instance_loss: 0.0094, weighted_loss: 0.0028, label: 1, bag_size: 2537
batch 559, loss: 4.2722, instance_loss: 0.0104, weighted_loss: 2.9936, label: 1, bag_size: 4815
batch 579, loss: 0.0000, instance_loss: 0.0884, weighted_loss: 0.0265, label: 0, bag_size: 582
batch 599, loss: 0.4859, instance_loss: 0.0000, weighted_loss: 0.3401, label: 0, bag_size: 3671
batch 619, loss: 0.0014, instance_loss: 0.0000, weighted_loss: 0.0010, label: 0, bag_size: 958
batch 639, loss: 0.0005, instance_loss: 0.0017, weighted_loss: 0.0009, label: 1, bag_size: 511
batch 659, loss: 0.0004, instance_loss: 0.0000, weighted_loss: 0.0003, label: 0, bag_size: 3621
batch 679, loss: 0.0000, instance_loss: 0.0000, weighted_loss: 0.0000, label: 0, bag_size: 362


class 0 clustering acc 1.0: correct 5552/5552
class 1 clustering acc 0.9989193083573487: correct 5546/5552
Epoch: 37, train_loss: 0.1178, train_clustering_loss:  0.0053, train_error: 0.0231
class 0: acc 0.9766081871345029, correct 334/342
class 1: acc 0.9772727272727273, correct 344/352

Val Set, val_loss: 2.0032, val_error: 0.4375, auc: 0.5865
class 0 clustering acc 0.996875: correct 1276/1280
class 1 clustering acc 1.0: correct 1280/1280
class 0: acc 0.7282608695652174, correct 67/92
class 1: acc 0.3382352941176471, correct 23/68
EarlyStopping counter: 36 out of 20


batch 19, loss: 0.0862, instance_loss: 0.0002, weighted_loss: 0.0604, label: 0, bag_size: 4195
batch 39, loss: 0.0075, instance_loss: 0.0009, weighted_loss: 0.0056, label: 1, bag_size: 612
batch 59, loss: 0.0000, instance_loss: 0.0000, weighted_loss: 0.0000, label: 1, bag_size: 2464
batch 79, loss: 0.0000, instance_loss: 0.0000, weighted_loss: 0.0000, label: 0, bag_size: 2083
batch 99, loss: 0.0003, instance_loss: 0.0000, weighted_loss: 0.0002, label: 1, bag_size: 4623
batch 119, loss: 0.0016, instance_loss: 0.0000, weighted_loss: 0.0011, label: 0, bag_size: 1259
batch 139, loss: 0.0000, instance_loss: 0.0000, weighted_loss: 0.0000, label: 0, bag_size: 690
batch 159, loss: 0.0006, instance_loss: 0.0002, weighted_loss: 0.0005, label: 1, bag_size: 542
batch 179, loss: 0.0001, instance_loss: 0.0000, weighted_loss: 0.0001, label: 0, bag_size: 6741
batch 199, loss: 0.0000, instance_loss: 0.0000, weighted_loss: 0.0000, label: 0, bag_size: 693
batch 219, loss: 0.0000, instance_loss: 0.0009, weighted_loss: 0.0003, label: 1, bag_size: 4360
batch 239, loss: 0.0000, instance_loss: 0.0000, weighted_loss: 0.0000, label: 1, bag_size: 2710
batch 259, loss: 0.0076, instance_loss: 0.0000, weighted_loss: 0.0053, label: 0, bag_size: 3919
batch 279, loss: 0.3263, instance_loss: 0.0000, weighted_loss: 0.2284, label: 0, bag_size: 3109
batch 299, loss: 0.0003, instance_loss: 0.0021, weighted_loss: 0.0008, label: 0, bag_size: 775
batch 319, loss: 0.0000, instance_loss: 0.0000, weighted_loss: 0.0000, label: 1, bag_size: 2760
batch 339, loss: 0.0000, instance_loss: 0.0000, weighted_loss: 0.0000, label: 1, bag_size: 1511
batch 359, loss: 0.0008, instance_loss: 0.0000, weighted_loss: 0.0006, label: 1, bag_size: 3762
batch 379, loss: 0.0000, instance_loss: 0.9807, weighted_loss: 0.2942, label: 0, bag_size: 328
batch 399, loss: 0.0000, instance_loss: 0.0000, weighted_loss: 0.0000, label: 0, bag_size: 4968
batch 419, loss: 0.0001, instance_loss: 0.0000, weighted_loss: 0.0001, label: 0, bag_size: 1432
batch 439, loss: 0.0000, instance_loss: 0.0000, weighted_loss: 0.0000, label: 0, bag_size: 590
batch 459, loss: 0.0065, instance_loss: 0.0000, weighted_loss: 0.0046, label: 0, bag_size: 739
batch 479, loss: 0.0000, instance_loss: 0.0000, weighted_loss: 0.0000, label: 0, bag_size: 584
batch 499, loss: 0.0005, instance_loss: 0.0000, weighted_loss: 0.0004, label: 1, bag_size: 1298
batch 519, loss: 0.0026, instance_loss: 0.0000, weighted_loss: 0.0018, label: 1, bag_size: 644
batch 539, loss: 0.0000, instance_loss: 0.0000, weighted_loss: 0.0000, label: 1, bag_size: 605
batch 559, loss: 0.0000, instance_loss: 0.0010, weighted_loss: 0.0003, label: 1, bag_size: 542
batch 579, loss: 0.0116, instance_loss: 0.0019, weighted_loss: 0.0087, label: 0, bag_size: 477
batch 599, loss: 0.0000, instance_loss: 0.0005, weighted_loss: 0.0002, label: 0, bag_size: 529
batch 619, loss: 0.0013, instance_loss: 0.0002, weighted_loss: 0.0009, label: 1, bag_size: 1885
batch 639, loss: 0.0010, instance_loss: 0.0000, weighted_loss: 0.0007, label: 1, bag_size: 817
batch 659, loss: 0.0042, instance_loss: 0.0002, weighted_loss: 0.0030, label: 1, bag_size: 2594
batch 679, loss: 0.0001, instance_loss: 0.0003, weighted_loss: 0.0001, label: 1, bag_size: 346


class 0 clustering acc 1.0: correct 5552/5552
class 1 clustering acc 0.9992795389048992: correct 5548/5552
Epoch: 38, train_loss: 0.0392, train_clustering_loss:  0.0030, train_error: 0.0115
class 0: acc 0.9916201117318436, correct 355/358
class 1: acc 0.9851190476190477, correct 331/336

Val Set, val_loss: 2.7330, val_error: 0.4250, auc: 0.5569
class 0 clustering acc 0.9984375: correct 1278/1280
class 1 clustering acc 1.0: correct 1280/1280
class 0: acc 0.8913043478260869, correct 82/92
class 1: acc 0.14705882352941177, correct 10/68
EarlyStopping counter: 37 out of 20


batch 19, loss: 0.0013, instance_loss: 0.0000, weighted_loss: 0.0009, label: 0, bag_size: 792
batch 39, loss: 0.0074, instance_loss: 0.0000, weighted_loss: 0.0052, label: 0, bag_size: 4365
batch 59, loss: 0.0002, instance_loss: 0.0002, weighted_loss: 0.0002, label: 0, bag_size: 1491
batch 79, loss: 0.0001, instance_loss: 0.0000, weighted_loss: 0.0001, label: 0, bag_size: 1447
batch 99, loss: 0.0043, instance_loss: 0.0000, weighted_loss: 0.0030, label: 1, bag_size: 714
batch 119, loss: 0.0001, instance_loss: 0.0000, weighted_loss: 0.0000, label: 0, bag_size: 6731
batch 139, loss: 0.0000, instance_loss: 0.0000, weighted_loss: 0.0000, label: 0, bag_size: 1299
batch 159, loss: 0.0002, instance_loss: 0.0000, weighted_loss: 0.0001, label: 1, bag_size: 4623
batch 179, loss: 0.0000, instance_loss: 0.0000, weighted_loss: 0.0000, label: 0, bag_size: 1010
batch 199, loss: 0.0009, instance_loss: 0.0000, weighted_loss: 0.0006, label: 0, bag_size: 4098
batch 219, loss: 0.0005, instance_loss: 0.0000, weighted_loss: 0.0004, label: 1, bag_size: 3506
batch 239, loss: 0.0000, instance_loss: 0.0000, weighted_loss: 0.0000, label: 0, bag_size: 1363
batch 259, loss: 0.0000, instance_loss: 0.0000, weighted_loss: 0.0000, label: 1, bag_size: 1190
batch 279, loss: 0.0024, instance_loss: 0.0092, weighted_loss: 0.0045, label: 0, bag_size: 220
batch 299, loss: 0.0000, instance_loss: 0.0000, weighted_loss: 0.0000, label: 1, bag_size: 3839
batch 319, loss: 0.0005, instance_loss: 0.0000, weighted_loss: 0.0003, label: 0, bag_size: 2555
batch 339, loss: 0.0000, instance_loss: 0.0002, weighted_loss: 0.0001, label: 1, bag_size: 1190
batch 359, loss: 0.0009, instance_loss: 0.0000, weighted_loss: 0.0006, label: 1, bag_size: 3269
batch 379, loss: 0.0016, instance_loss: 0.0000, weighted_loss: 0.0011, label: 1, bag_size: 4575
batch 399, loss: 0.0000, instance_loss: 0.0000, weighted_loss: 0.0000, label: 1, bag_size: 2710
batch 419, loss: 0.0000, instance_loss: 0.0004, weighted_loss: 0.0001, label: 1, bag_size: 3762
batch 439, loss: 0.0803, instance_loss: 0.0000, weighted_loss: 0.0562, label: 0, bag_size: 3690
batch 459, loss: 0.0000, instance_loss: 0.0000, weighted_loss: 0.0000, label: 0, bag_size: 4905
batch 479, loss: 0.0000, instance_loss: 0.0009, weighted_loss: 0.0003, label: 0, bag_size: 1117
batch 499, loss: 0.0000, instance_loss: 0.0000, weighted_loss: 0.0000, label: 1, bag_size: 2620
batch 519, loss: 0.0040, instance_loss: 0.0008, weighted_loss: 0.0030, label: 0, bag_size: 235
batch 539, loss: 0.0001, instance_loss: 0.0000, weighted_loss: 0.0000, label: 0, bag_size: 769
batch 559, loss: 0.0012, instance_loss: 0.0000, weighted_loss: 0.0008, label: 0, bag_size: 2785
batch 579, loss: 0.0000, instance_loss: 0.0005, weighted_loss: 0.0001, label: 0, bag_size: 840
batch 599, loss: 0.0010, instance_loss: 0.0000, weighted_loss: 0.0007, label: 1, bag_size: 3719
batch 619, loss: 0.0000, instance_loss: 0.0000, weighted_loss: 0.0000, label: 0, bag_size: 680
batch 639, loss: 0.0000, instance_loss: 0.0017, weighted_loss: 0.0005, label: 1, bag_size: 2511
batch 659, loss: 0.0002, instance_loss: 0.0002, weighted_loss: 0.0002, label: 1, bag_size: 511
batch 679, loss: 0.0000, instance_loss: 0.0000, weighted_loss: 0.0000, label: 0, bag_size: 3984


class 0 clustering acc 0.9998198847262247: correct 5551/5552
class 1 clustering acc 0.9996397694524496: correct 5550/5552
Epoch: 39, train_loss: 0.0058, train_clustering_loss:  0.0019, train_error: 0.0000
class 0: acc 1.0, correct 348/348
class 1: acc 1.0, correct 346/346

Val Set, val_loss: 2.5583, val_error: 0.4250, auc: 0.5521
class 0 clustering acc 0.9984375: correct 1278/1280
class 1 clustering acc 1.0: correct 1280/1280
class 0: acc 0.75, correct 69/92
class 1: acc 0.3382352941176471, correct 23/68
EarlyStopping counter: 38 out of 20


batch 19, loss: 0.0000, instance_loss: 0.0000, weighted_loss: 0.0000, label: 1, bag_size: 753
batch 39, loss: 0.0000, instance_loss: 0.0000, weighted_loss: 0.0000, label: 0, bag_size: 891
batch 59, loss: 0.0003, instance_loss: 0.0000, weighted_loss: 0.0002, label: 1, bag_size: 1223
batch 79, loss: 0.0008, instance_loss: 0.0000, weighted_loss: 0.0005, label: 1, bag_size: 4164
batch 99, loss: 0.0000, instance_loss: 0.0003, weighted_loss: 0.0001, label: 1, bag_size: 346
batch 119, loss: 0.0019, instance_loss: 0.0000, weighted_loss: 0.0014, label: 1, bag_size: 3334
batch 139, loss: 0.0005, instance_loss: 0.0000, weighted_loss: 0.0003, label: 0, bag_size: 1117
batch 159, loss: 0.0000, instance_loss: 0.0000, weighted_loss: 0.0000, label: 1, bag_size: 817
batch 179, loss: 0.0005, instance_loss: 0.0000, weighted_loss: 0.0004, label: 1, bag_size: 3220
batch 199, loss: 0.0005, instance_loss: 0.0000, weighted_loss: 0.0004, label: 1, bag_size: 3269
batch 219, loss: 0.0002, instance_loss: 0.0000, weighted_loss: 0.0001, label: 1, bag_size: 1079
batch 239, loss: 0.0000, instance_loss: 0.0000, weighted_loss: 0.0000, label: 0, bag_size: 1388
batch 259, loss: 0.0001, instance_loss: 0.0004, weighted_loss: 0.0002, label: 0, bag_size: 1416
batch 279, loss: 0.0015, instance_loss: 0.0002, weighted_loss: 0.0011, label: 1, bag_size: 1016
batch 299, loss: 0.0000, instance_loss: 0.0000, weighted_loss: 0.0000, label: 0, bag_size: 1000
batch 319, loss: 0.0001, instance_loss: 0.0000, weighted_loss: 0.0001, label: 0, bag_size: 4098
batch 339, loss: 0.0003, instance_loss: 0.0000, weighted_loss: 0.0002, label: 1, bag_size: 1357
batch 359, loss: 0.0000, instance_loss: 0.0002, weighted_loss: 0.0001, label: 1, bag_size: 1671
batch 379, loss: 0.0000, instance_loss: 0.0000, weighted_loss: 0.0000, label: 1, bag_size: 3420
batch 399, loss: 0.0016, instance_loss: 0.0002, weighted_loss: 0.0012, label: 0, bag_size: 2280
batch 419, loss: 0.0000, instance_loss: 0.0000, weighted_loss: 0.0000, label: 0, bag_size: 791
batch 439, loss: 0.0001, instance_loss: 0.0000, weighted_loss: 0.0001, label: 1, bag_size: 1742
batch 459, loss: 0.0000, instance_loss: 0.0005, weighted_loss: 0.0001, label: 0, bag_size: 1117
batch 479, loss: 0.0000, instance_loss: 0.0000, weighted_loss: 0.0000, label: 1, bag_size: 521
batch 499, loss: 0.0001, instance_loss: 0.0000, weighted_loss: 0.0000, label: 1, bag_size: 2466
batch 519, loss: 0.0001, instance_loss: 0.0000, weighted_loss: 0.0001, label: 0, bag_size: 632
batch 539, loss: 0.0001, instance_loss: 0.0000, weighted_loss: 0.0001, label: 0, bag_size: 3621
batch 559, loss: 0.0000, instance_loss: 0.0032, weighted_loss: 0.0010, label: 0, bag_size: 3873
batch 579, loss: 0.0000, instance_loss: 0.0000, weighted_loss: 0.0000, label: 0, bag_size: 3859
batch 599, loss: 0.0000, instance_loss: 0.0000, weighted_loss: 0.0000, label: 0, bag_size: 1315
batch 619, loss: 0.0000, instance_loss: 0.0000, weighted_loss: 0.0000, label: 0, bag_size: 2145
batch 639, loss: 0.0003, instance_loss: 0.0003, weighted_loss: 0.0003, label: 1, bag_size: 1297
batch 659, loss: 0.0017, instance_loss: 0.0000, weighted_loss: 0.0012, label: 1, bag_size: 644
batch 679, loss: 0.0000, instance_loss: 0.0000, weighted_loss: 0.0000, label: 1, bag_size: 1276


class 0 clustering acc 1.0: correct 5552/5552
class 1 clustering acc 0.9998198847262247: correct 5551/5552
Epoch: 40, train_loss: 0.0257, train_clustering_loss:  0.0007, train_error: 0.0043
class 0: acc 0.9945205479452055, correct 363/365
class 1: acc 0.9969604863221885, correct 328/329

Val Set, val_loss: 2.5340, val_error: 0.4375, auc: 0.5615
class 0 clustering acc 0.99765625: correct 1277/1280
class 1 clustering acc 1.0: correct 1280/1280
class 0: acc 0.7717391304347826, correct 71/92
class 1: acc 0.27941176470588236, correct 19/68
EarlyStopping counter: 39 out of 20


batch 19, loss: 0.0040, instance_loss: 0.0000, weighted_loss: 0.0028, label: 1, bag_size: 5114
batch 39, loss: 0.0000, instance_loss: 0.0000, weighted_loss: 0.0000, label: 1, bag_size: 2428
batch 59, loss: 0.0000, instance_loss: 0.0000, weighted_loss: 0.0000, label: 0, bag_size: 926
batch 79, loss: 0.0000, instance_loss: 0.0007, weighted_loss: 0.0002, label: 0, bag_size: 525
batch 99, loss: 0.0023, instance_loss: 0.0000, weighted_loss: 0.0016, label: 0, bag_size: 2280
batch 119, loss: 0.0128, instance_loss: 0.0000, weighted_loss: 0.0090, label: 0, bag_size: 3534
batch 139, loss: 0.0056, instance_loss: 0.0000, weighted_loss: 0.0039, label: 1, bag_size: 523
batch 159, loss: 0.0003, instance_loss: 0.0000, weighted_loss: 0.0002, label: 1, bag_size: 3838
batch 179, loss: 0.0007, instance_loss: 0.0000, weighted_loss: 0.0005, label: 1, bag_size: 2528
batch 199, loss: 0.0001, instance_loss: 0.0000, weighted_loss: 0.0001, label: 0, bag_size: 4098
batch 219, loss: 0.0172, instance_loss: 0.0000, weighted_loss: 0.0120, label: 0, bag_size: 3765
batch 239, loss: 0.0001, instance_loss: 0.0000, weighted_loss: 0.0001, label: 1, bag_size: 966
batch 259, loss: 0.0002, instance_loss: 0.0000, weighted_loss: 0.0001, label: 1, bag_size: 4957
batch 279, loss: 0.2656, instance_loss: 0.0000, weighted_loss: 0.1860, label: 0, bag_size: 670
batch 299, loss: 0.0000, instance_loss: 0.0000, weighted_loss: 0.0000, label: 0, bag_size: 4909
batch 319, loss: 0.0000, instance_loss: 0.0014, weighted_loss: 0.0004, label: 0, bag_size: 1447
batch 339, loss: 0.0000, instance_loss: 0.0000, weighted_loss: 0.0000, label: 0, bag_size: 2296
batch 359, loss: 0.0000, instance_loss: 0.0000, weighted_loss: 0.0000, label: 0, bag_size: 461
batch 379, loss: 0.0079, instance_loss: 0.0000, weighted_loss: 0.0055, label: 0, bag_size: 489
batch 399, loss: 0.0088, instance_loss: 0.0000, weighted_loss: 0.0061, label: 0, bag_size: 611
batch 419, loss: 0.0007, instance_loss: 0.0000, weighted_loss: 0.0005, label: 1, bag_size: 1852
batch 439, loss: 0.0000, instance_loss: 0.0000, weighted_loss: 0.0000, label: 1, bag_size: 2428
batch 459, loss: 0.0000, instance_loss: 0.0007, weighted_loss: 0.0002, label: 0, bag_size: 5001
batch 479, loss: 0.0003, instance_loss: 0.0000, weighted_loss: 0.0002, label: 1, bag_size: 827
batch 499, loss: 0.0006, instance_loss: 0.0000, weighted_loss: 0.0004, label: 1, bag_size: 743
batch 519, loss: 0.0006, instance_loss: 0.0000, weighted_loss: 0.0004, label: 1, bag_size: 6349
batch 539, loss: 0.0000, instance_loss: 0.0000, weighted_loss: 0.0000, label: 0, bag_size: 1515
batch 559, loss: 0.0001, instance_loss: 0.0000, weighted_loss: 0.0001, label: 1, bag_size: 2058
batch 579, loss: 0.0182, instance_loss: 0.0000, weighted_loss: 0.0128, label: 0, bag_size: 4365
batch 599, loss: 0.0005, instance_loss: 0.0000, weighted_loss: 0.0004, label: 0, bag_size: 2229
batch 619, loss: 0.0000, instance_loss: 0.0000, weighted_loss: 0.0000, label: 0, bag_size: 710
batch 639, loss: 0.0000, instance_loss: 0.0000, weighted_loss: 0.0000, label: 1, bag_size: 1092
batch 659, loss: 0.0020, instance_loss: 0.0898, weighted_loss: 0.0284, label: 1, bag_size: 388
batch 679, loss: 0.0002, instance_loss: 0.0000, weighted_loss: 0.0001, label: 0, bag_size: 869


class 0 clustering acc 0.9994596541786743: correct 5549/5552
class 1 clustering acc 0.9983789625360231: correct 5543/5552
Epoch: 41, train_loss: 0.0468, train_clustering_loss:  0.0055, train_error: 0.0115
class 0: acc 0.9885057471264368, correct 344/348
class 1: acc 0.9884393063583815, correct 342/346

Val Set, val_loss: 2.8034, val_error: 0.4375, auc: 0.5587
class 0 clustering acc 0.9984375: correct 1278/1280
class 1 clustering acc 1.0: correct 1280/1280
class 0: acc 0.8152173913043478, correct 75/92
class 1: acc 0.22058823529411764, correct 15/68
EarlyStopping counter: 40 out of 20


batch 19, loss: 0.0008, instance_loss: 0.0000, weighted_loss: 0.0005, label: 1, bag_size: 4164
batch 39, loss: 0.0023, instance_loss: 0.0000, weighted_loss: 0.0016, label: 1, bag_size: 2528
batch 59, loss: 0.0000, instance_loss: 0.0000, weighted_loss: 0.0000, label: 0, bag_size: 3895
batch 79, loss: 0.0039, instance_loss: 0.0000, weighted_loss: 0.0027, label: 1, bag_size: 705
batch 99, loss: 0.0001, instance_loss: 0.0000, weighted_loss: 0.0000, label: 1, bag_size: 779
batch 119, loss: 0.0000, instance_loss: 0.0000, weighted_loss: 0.0000, label: 0, bag_size: 2145
batch 139, loss: 0.0000, instance_loss: 0.0002, weighted_loss: 0.0001, label: 0, bag_size: 671
batch 159, loss: 0.0011, instance_loss: 0.0000, weighted_loss: 0.0007, label: 1, bag_size: 1019
batch 179, loss: 0.0009, instance_loss: 0.0000, weighted_loss: 0.0006, label: 1, bag_size: 1997
batch 199, loss: 0.0001, instance_loss: 0.0000, weighted_loss: 0.0001, label: 1, bag_size: 1147
batch 219, loss: 0.0000, instance_loss: 0.0003, weighted_loss: 0.0001, label: 0, bag_size: 645
batch 239, loss: 0.0061, instance_loss: 0.0000, weighted_loss: 0.0042, label: 1, bag_size: 3782
batch 259, loss: 0.0000, instance_loss: 0.0000, weighted_loss: 0.0000, label: 0, bag_size: 1652
batch 279, loss: 0.0052, instance_loss: 0.0748, weighted_loss: 0.0261, label: 1, bag_size: 388
batch 299, loss: 0.0000, instance_loss: 0.0011, weighted_loss: 0.0004, label: 1, bag_size: 34683
batch 319, loss: 0.0029, instance_loss: 0.0982, weighted_loss: 0.0315, label: 1, bag_size: 520
batch 339, loss: 0.0003, instance_loss: 0.0000, weighted_loss: 0.0002, label: 0, bag_size: 869
batch 359, loss: 0.0072, instance_loss: 0.0000, weighted_loss: 0.0051, label: 1, bag_size: 3506
batch 379, loss: 0.0000, instance_loss: 0.0000, weighted_loss: 0.0000, label: 0, bag_size: 594
batch 399, loss: 0.0009, instance_loss: 0.0000, weighted_loss: 0.0007, label: 1, bag_size: 1079
batch 419, loss: 0.0003, instance_loss: 0.0000, weighted_loss: 0.0002, label: 1, bag_size: 5146
batch 439, loss: 0.0000, instance_loss: 0.0000, weighted_loss: 0.0000, label: 0, bag_size: 1432
batch 459, loss: 0.0009, instance_loss: 0.0000, weighted_loss: 0.0006, label: 1, bag_size: 4355
batch 479, loss: 0.0000, instance_loss: 0.0004, weighted_loss: 0.0001, label: 0, bag_size: 3050
batch 499, loss: 0.0000, instance_loss: 0.0000, weighted_loss: 0.0000, label: 0, bag_size: 598
batch 519, loss: 0.0001, instance_loss: 0.0000, weighted_loss: 0.0001, label: 1, bag_size: 2464
batch 539, loss: 0.0072, instance_loss: 0.0000, weighted_loss: 0.0050, label: 0, bag_size: 1305
batch 559, loss: 0.0000, instance_loss: 0.0000, weighted_loss: 0.0000, label: 1, bag_size: 1147
batch 579, loss: 0.0000, instance_loss: 0.0000, weighted_loss: 0.0000, label: 0, bag_size: 893
batch 599, loss: 0.0004, instance_loss: 0.0000, weighted_loss: 0.0003, label: 1, bag_size: 2464
batch 619, loss: 0.0056, instance_loss: 0.0000, weighted_loss: 0.0039, label: 1, bag_size: 5353
batch 639, loss: 0.0001, instance_loss: 0.0016, weighted_loss: 0.0005, label: 1, bag_size: 779
batch 659, loss: 0.0002, instance_loss: 0.0000, weighted_loss: 0.0001, label: 0, bag_size: 3765
batch 679, loss: 0.0001, instance_loss: 0.0000, weighted_loss: 0.0001, label: 1, bag_size: 1997


class 0 clustering acc 0.9998198847262247: correct 5551/5552
class 1 clustering acc 0.9996397694524496: correct 5550/5552
Epoch: 42, train_loss: 0.0151, train_clustering_loss:  0.0027, train_error: 0.0029
class 0: acc 0.996969696969697, correct 329/330
class 1: acc 0.9972527472527473, correct 363/364

Val Set, val_loss: 3.0724, val_error: 0.4313, auc: 0.5339
class 0 clustering acc 0.9984375: correct 1278/1280
class 1 clustering acc 1.0: correct 1280/1280
class 0: acc 0.8478260869565217, correct 78/92
class 1: acc 0.19117647058823528, correct 13/68
EarlyStopping counter: 41 out of 20


batch 19, loss: 0.0005, instance_loss: 0.0197, weighted_loss: 0.0062, label: 0, bag_size: 220
batch 39, loss: 0.0045, instance_loss: 0.0000, weighted_loss: 0.0031, label: 0, bag_size: 382
batch 59, loss: 0.0000, instance_loss: 0.0006, weighted_loss: 0.0002, label: 1, bag_size: 827
batch 79, loss: 0.0000, instance_loss: 0.0000, weighted_loss: 0.0000, label: 0, bag_size: 4015
batch 99, loss: 0.0003, instance_loss: 0.0022, weighted_loss: 0.0009, label: 1, bag_size: 3225
batch 119, loss: 0.0000, instance_loss: 0.0004, weighted_loss: 0.0001, label: 0, bag_size: 1225
batch 139, loss: 0.0000, instance_loss: 0.0000, weighted_loss: 0.0000, label: 1, bag_size: 2071
batch 159, loss: 0.0020, instance_loss: 0.0000, weighted_loss: 0.0014, label: 1, bag_size: 2184
batch 179, loss: 0.0002, instance_loss: 0.0008, weighted_loss: 0.0004, label: 0, bag_size: 1327
batch 199, loss: 0.0001, instance_loss: 0.0000, weighted_loss: 0.0001, label: 1, bag_size: 5769
batch 219, loss: 0.0000, instance_loss: 0.0000, weighted_loss: 0.0000, label: 0, bag_size: 4665
batch 239, loss: 0.0000, instance_loss: 0.0003, weighted_loss: 0.0001, label: 1, bag_size: 491
batch 259, loss: 0.0000, instance_loss: 0.0014, weighted_loss: 0.0004, label: 1, bag_size: 1147
batch 279, loss: 0.0003, instance_loss: 0.0000, weighted_loss: 0.0002, label: 1, bag_size: 4080
batch 299, loss: 0.0023, instance_loss: 0.0000, weighted_loss: 0.0016, label: 0, bag_size: 4365
batch 319, loss: 0.0003, instance_loss: 0.0000, weighted_loss: 0.0002, label: 1, bag_size: 5114
batch 339, loss: 0.0000, instance_loss: 0.0000, weighted_loss: 0.0000, label: 0, bag_size: 4420
batch 359, loss: 0.0000, instance_loss: 0.0006, weighted_loss: 0.0002, label: 1, bag_size: 1536
batch 379, loss: 0.0000, instance_loss: 0.0002, weighted_loss: 0.0001, label: 0, bag_size: 1867
batch 399, loss: 0.0001, instance_loss: 0.0024, weighted_loss: 0.0008, label: 1, bag_size: 453
batch 419, loss: 0.0001, instance_loss: 0.0000, weighted_loss: 0.0001, label: 1, bag_size: 5455
batch 439, loss: 0.0018, instance_loss: 0.0036, weighted_loss: 0.0024, label: 1, bag_size: 4815
batch 459, loss: 0.0207, instance_loss: 0.0002, weighted_loss: 0.0145, label: 1, bag_size: 587
batch 479, loss: 0.0000, instance_loss: 0.0000, weighted_loss: 0.0000, label: 0, bag_size: 1030
batch 499, loss: 0.0022, instance_loss: 0.0000, weighted_loss: 0.0015, label: 1, bag_size: 2946
batch 519, loss: 0.0003, instance_loss: 0.0002, weighted_loss: 0.0003, label: 0, bag_size: 908
batch 539, loss: 0.0049, instance_loss: 0.0005, weighted_loss: 0.0035, label: 0, bag_size: 1577
batch 559, loss: 0.0000, instance_loss: 0.0005, weighted_loss: 0.0001, label: 0, bag_size: 4266
batch 579, loss: 0.0016, instance_loss: 0.0000, weighted_loss: 0.0011, label: 1, bag_size: 4080
batch 599, loss: 0.0014, instance_loss: 0.0000, weighted_loss: 0.0010, label: 1, bag_size: 3782
batch 619, loss: 0.0000, instance_loss: 0.0033, weighted_loss: 0.0010, label: 0, bag_size: 702
batch 639, loss: 0.0001, instance_loss: 0.0000, weighted_loss: 0.0001, label: 1, bag_size: 4080
batch 659, loss: 0.0013, instance_loss: 0.0000, weighted_loss: 0.0009, label: 1, bag_size: 1223
batch 679, loss: 0.0004, instance_loss: 0.0000, weighted_loss: 0.0003, label: 1, bag_size: 926


class 0 clustering acc 1.0: correct 5552/5552
class 1 clustering acc 0.9987391930835735: correct 5545/5552
Epoch: 43, train_loss: 0.0024, train_clustering_loss:  0.0037, train_error: 0.0000
class 0: acc 1.0, correct 370/370
class 1: acc 1.0, correct 324/324

Val Set, val_loss: 2.8957, val_error: 0.4250, auc: 0.5478
class 0 clustering acc 0.99921875: correct 1279/1280
class 1 clustering acc 1.0: correct 1280/1280
class 0: acc 0.8260869565217391, correct 76/92
class 1: acc 0.23529411764705882, correct 16/68
EarlyStopping counter: 42 out of 20


batch 19, loss: 0.0000, instance_loss: 0.0000, weighted_loss: 0.0000, label: 0, bag_size: 998
batch 39, loss: 0.0000, instance_loss: 0.0003, weighted_loss: 0.0001, label: 0, bag_size: 545
batch 59, loss: 0.0000, instance_loss: 0.0000, weighted_loss: 0.0000, label: 0, bag_size: 607
batch 79, loss: 0.0010, instance_loss: 0.0000, weighted_loss: 0.0007, label: 0, bag_size: 766
batch 99, loss: 0.0074, instance_loss: 0.0000, weighted_loss: 0.0052, label: 1, bag_size: 1494
batch 119, loss: 0.0030, instance_loss: 0.0000, weighted_loss: 0.0021, label: 1, bag_size: 4645
batch 139, loss: 0.0118, instance_loss: 0.0007, weighted_loss: 0.0085, label: 1, bag_size: 346
batch 159, loss: 0.0000, instance_loss: 0.0002, weighted_loss: 0.0001, label: 0, bag_size: 1452
batch 179, loss: 0.0067, instance_loss: 0.0000, weighted_loss: 0.0047, label: 1, bag_size: 2267
batch 199, loss: 0.0000, instance_loss: 0.0000, weighted_loss: 0.0000, label: 0, bag_size: 649
batch 219, loss: 0.0010, instance_loss: 0.0000, weighted_loss: 0.0007, label: 1, bag_size: 612
batch 239, loss: 0.0007, instance_loss: 0.0000, weighted_loss: 0.0005, label: 1, bag_size: 453
batch 259, loss: 0.0189, instance_loss: 0.0000, weighted_loss: 0.0133, label: 1, bag_size: 4556
batch 279, loss: 0.0000, instance_loss: 0.0000, weighted_loss: 0.0000, label: 1, bag_size: 5146
batch 299, loss: 0.0001, instance_loss: 0.0000, weighted_loss: 0.0001, label: 1, bag_size: 5055
batch 319, loss: 0.0000, instance_loss: 0.0000, weighted_loss: 0.0000, label: 0, bag_size: 926
batch 339, loss: 0.0001, instance_loss: 0.0004, weighted_loss: 0.0002, label: 1, bag_size: 3719
batch 359, loss: 0.0012, instance_loss: 0.0015, weighted_loss: 0.0013, label: 1, bag_size: 382
batch 379, loss: 0.0000, instance_loss: 0.0025, weighted_loss: 0.0007, label: 0, bag_size: 1083
batch 399, loss: 0.0003, instance_loss: 0.0015, weighted_loss: 0.0007, label: 0, bag_size: 869
batch 419, loss: 0.0000, instance_loss: 0.0000, weighted_loss: 0.0000, label: 1, bag_size: 2745
batch 439, loss: 0.0000, instance_loss: 0.0000, weighted_loss: 0.0000, label: 1, bag_size: 847
batch 459, loss: 0.0000, instance_loss: 0.0000, weighted_loss: 0.0000, label: 1, bag_size: 3762
batch 479, loss: 0.0000, instance_loss: 0.0000, weighted_loss: 0.0000, label: 0, bag_size: 888
batch 499, loss: 0.0000, instance_loss: 0.0000, weighted_loss: 0.0000, label: 1, bag_size: 1081
batch 519, loss: 0.0000, instance_loss: 0.0000, weighted_loss: 0.0000, label: 1, bag_size: 5113
batch 539, loss: 0.0000, instance_loss: 0.0004, weighted_loss: 0.0001, label: 0, bag_size: 1266
batch 559, loss: 0.0000, instance_loss: 0.0000, weighted_loss: 0.0000, label: 0, bag_size: 1531
batch 579, loss: 0.0003, instance_loss: 0.0000, weighted_loss: 0.0002, label: 1, bag_size: 2267
batch 599, loss: 0.0000, instance_loss: 0.0000, weighted_loss: 0.0000, label: 0, bag_size: 781
batch 619, loss: 0.0001, instance_loss: 0.0030, weighted_loss: 0.0010, label: 0, bag_size: 382
batch 639, loss: 0.0004, instance_loss: 0.0000, weighted_loss: 0.0003, label: 0, bag_size: 2235
batch 659, loss: 0.0000, instance_loss: 0.0094, weighted_loss: 0.0028, label: 0, bag_size: 998
batch 679, loss: 0.0001, instance_loss: 0.0000, weighted_loss: 0.0001, label: 1, bag_size: 5198


class 0 clustering acc 1.0: correct 5552/5552
class 1 clustering acc 0.9989193083573487: correct 5546/5552
Epoch: 44, train_loss: 0.0021, train_clustering_loss:  0.0045, train_error: 0.0000
class 0: acc 1.0, correct 344/344
class 1: acc 1.0, correct 350/350

Val Set, val_loss: 2.8894, val_error: 0.4375, auc: 0.5396
class 0 clustering acc 0.9984375: correct 1278/1280
class 1 clustering acc 1.0: correct 1280/1280
class 0: acc 0.782608695652174, correct 72/92
class 1: acc 0.2647058823529412, correct 18/68
EarlyStopping counter: 43 out of 20


batch 19, loss: 0.0000, instance_loss: 0.0008, weighted_loss: 0.0002, label: 0, bag_size: 490
batch 39, loss: 0.0000, instance_loss: 0.0000, weighted_loss: 0.0000, label: 1, bag_size: 511
batch 59, loss: 0.0000, instance_loss: 0.0000, weighted_loss: 0.0000, label: 0, bag_size: 879
batch 79, loss: 0.0000, instance_loss: 0.0018, weighted_loss: 0.0006, label: 0, bag_size: 629
batch 99, loss: 0.0003, instance_loss: 0.0000, weighted_loss: 0.0002, label: 1, bag_size: 2324
batch 119, loss: 0.0000, instance_loss: 0.0000, weighted_loss: 0.0000, label: 1, bag_size: 3420
batch 139, loss: 0.0000, instance_loss: 0.0000, weighted_loss: 0.0000, label: 0, bag_size: 765
batch 159, loss: 0.0000, instance_loss: 0.0000, weighted_loss: 0.0000, label: 1, bag_size: 2620
batch 179, loss: 0.0000, instance_loss: 0.0000, weighted_loss: 0.0000, label: 0, bag_size: 584
batch 199, loss: 0.0105, instance_loss: 0.0000, weighted_loss: 0.0074, label: 1, bag_size: 1101
batch 219, loss: 0.0001, instance_loss: 0.0000, weighted_loss: 0.0001, label: 1, bag_size: 655
batch 239, loss: 0.0000, instance_loss: 0.0000, weighted_loss: 0.0000, label: 1, bag_size: 3762
batch 259, loss: 0.0000, instance_loss: 0.0000, weighted_loss: 0.0000, label: 0, bag_size: 4741
batch 279, loss: 0.0005, instance_loss: 0.0000, weighted_loss: 0.0004, label: 0, bag_size: 1157
batch 299, loss: 0.0000, instance_loss: 0.0000, weighted_loss: 0.0000, label: 0, bag_size: 893
batch 319, loss: 0.0000, instance_loss: 0.0000, weighted_loss: 0.0000, label: 0, bag_size: 2323
batch 339, loss: 0.0000, instance_loss: 0.0000, weighted_loss: 0.0000, label: 1, bag_size: 1671
batch 359, loss: 0.0016, instance_loss: 0.0000, weighted_loss: 0.0011, label: 0, bag_size: 3898
batch 379, loss: 0.0000, instance_loss: 0.0000, weighted_loss: 0.0000, label: 0, bag_size: 545
batch 399, loss: 0.0001, instance_loss: 0.0000, weighted_loss: 0.0001, label: 1, bag_size: 3308
batch 419, loss: 0.0000, instance_loss: 0.0000, weighted_loss: 0.0000, label: 1, bag_size: 945
batch 439, loss: 0.0067, instance_loss: 0.0000, weighted_loss: 0.0047, label: 0, bag_size: 5570
batch 459, loss: 0.0000, instance_loss: 0.0000, weighted_loss: 0.0000, label: 0, bag_size: 1363
batch 479, loss: 0.0000, instance_loss: 0.0000, weighted_loss: 0.0000, label: 0, bag_size: 429
batch 499, loss: 0.0019, instance_loss: 0.0022, weighted_loss: 0.0020, label: 0, bag_size: 766
batch 519, loss: 0.0028, instance_loss: 0.0000, weighted_loss: 0.0019, label: 1, bag_size: 2728
batch 539, loss: 0.0000, instance_loss: 0.0000, weighted_loss: 0.0000, label: 0, bag_size: 726
batch 559, loss: 0.0000, instance_loss: 0.0000, weighted_loss: 0.0000, label: 0, bag_size: 1102
batch 579, loss: 0.0010, instance_loss: 0.0005, weighted_loss: 0.0008, label: 0, bag_size: 553
batch 599, loss: 0.0000, instance_loss: 0.0019, weighted_loss: 0.0006, label: 0, bag_size: 924
batch 619, loss: 0.0000, instance_loss: 0.0000, weighted_loss: 0.0000, label: 0, bag_size: 4091
batch 639, loss: 0.0001, instance_loss: 0.0000, weighted_loss: 0.0000, label: 0, bag_size: 676
batch 659, loss: 0.0000, instance_loss: 0.0000, weighted_loss: 0.0000, label: 0, bag_size: 1531
batch 679, loss: 0.0001, instance_loss: 0.0000, weighted_loss: 0.0000, label: 1, bag_size: 598


class 0 clustering acc 1.0: correct 5552/5552
class 1 clustering acc 1.0: correct 5552/5552
Epoch: 45, train_loss: 0.0016, train_clustering_loss:  0.0007, train_error: 0.0000
class 0: acc 1.0, correct 377/377
class 1: acc 1.0, correct 317/317

Val Set, val_loss: 3.1285, val_error: 0.4188, auc: 0.5464
class 0 clustering acc 0.9984375: correct 1278/1280
class 1 clustering acc 1.0: correct 1280/1280
class 0: acc 0.8369565217391305, correct 77/92
class 1: acc 0.23529411764705882, correct 16/68
EarlyStopping counter: 44 out of 20


batch 19, loss: 0.0000, instance_loss: 0.0000, weighted_loss: 0.0000, label: 1, bag_size: 2728
batch 39, loss: 0.0018, instance_loss: 0.0018, weighted_loss: 0.0018, label: 1, bag_size: 579
batch 59, loss: 0.0000, instance_loss: 0.0000, weighted_loss: 0.0000, label: 1, bag_size: 712
batch 79, loss: 0.0000, instance_loss: 0.0000, weighted_loss: 0.0000, label: 0, bag_size: 2160
batch 99, loss: 0.0012, instance_loss: 0.0000, weighted_loss: 0.0008, label: 0, bag_size: 2235
batch 119, loss: 0.0000, instance_loss: 0.0000, weighted_loss: 0.0000, label: 1, bag_size: 542
batch 139, loss: 0.0000, instance_loss: 0.0000, weighted_loss: 0.0000, label: 1, bag_size: 1536
batch 159, loss: 0.0000, instance_loss: 0.0000, weighted_loss: 0.0000, label: 1, bag_size: 2324
batch 179, loss: 0.0000, instance_loss: 0.0000, weighted_loss: 0.0000, label: 1, bag_size: 4202
batch 199, loss: 0.0000, instance_loss: 0.0002, weighted_loss: 0.0001, label: 1, bag_size: 1728
batch 219, loss: 0.0000, instance_loss: 0.0023, weighted_loss: 0.0007, label: 0, bag_size: 4091
batch 239, loss: 0.0000, instance_loss: 0.0000, weighted_loss: 0.0000, label: 0, bag_size: 2036
batch 259, loss: 0.0000, instance_loss: 0.0017, weighted_loss: 0.0005, label: 0, bag_size: 624
batch 279, loss: 0.0001, instance_loss: 0.0000, weighted_loss: 0.0001, label: 1, bag_size: 986
batch 299, loss: 0.0000, instance_loss: 0.0000, weighted_loss: 0.0000, label: 1, bag_size: 1190
batch 319, loss: 0.0000, instance_loss: 0.0000, weighted_loss: 0.0000, label: 1, bag_size: 3719
batch 339, loss: 0.0000, instance_loss: 0.0004, weighted_loss: 0.0001, label: 1, bag_size: 1997
batch 359, loss: 0.0000, instance_loss: 0.0011, weighted_loss: 0.0003, label: 0, bag_size: 3588
batch 379, loss: 0.0000, instance_loss: 0.0000, weighted_loss: 0.0000, label: 1, bag_size: 468
batch 399, loss: 0.0004, instance_loss: 0.0000, weighted_loss: 0.0003, label: 1, bag_size: 3334
batch 419, loss: 0.0004, instance_loss: 0.0000, weighted_loss: 0.0003, label: 0, bag_size: 1969
batch 439, loss: 0.0003, instance_loss: 0.0000, weighted_loss: 0.0002, label: 0, bag_size: 3616
batch 459, loss: 0.0000, instance_loss: 0.0000, weighted_loss: 0.0000, label: 0, bag_size: 6741
batch 479, loss: 0.0000, instance_loss: 0.0000, weighted_loss: 0.0000, label: 1, bag_size: 590
batch 499, loss: 0.0001, instance_loss: 0.0000, weighted_loss: 0.0001, label: 0, bag_size: 1371
batch 519, loss: 0.0001, instance_loss: 0.0000, weighted_loss: 0.0001, label: 1, bag_size: 869
batch 539, loss: 0.0000, instance_loss: 0.0000, weighted_loss: 0.0000, label: 1, bag_size: 590
batch 559, loss: 0.0000, instance_loss: 0.0000, weighted_loss: 0.0000, label: 0, bag_size: 5001
batch 579, loss: 0.0042, instance_loss: 0.0000, weighted_loss: 0.0029, label: 1, bag_size: 3912
batch 599, loss: 0.0010, instance_loss: 0.0000, weighted_loss: 0.0007, label: 1, bag_size: 612
batch 619, loss: 0.0000, instance_loss: 0.0000, weighted_loss: 0.0000, label: 0, bag_size: 3300
batch 639, loss: 0.0000, instance_loss: 0.0000, weighted_loss: 0.0000, label: 1, bag_size: 4439
batch 659, loss: 0.0004, instance_loss: 0.0000, weighted_loss: 0.0003, label: 0, bag_size: 1398
batch 679, loss: 0.0001, instance_loss: 0.0000, weighted_loss: 0.0000, label: 0, bag_size: 3554


class 0 clustering acc 1.0: correct 5552/5552
class 1 clustering acc 0.9996397694524496: correct 5550/5552
Epoch: 46, train_loss: 0.0008, train_clustering_loss:  0.0016, train_error: 0.0000
class 0: acc 1.0, correct 349/349
class 1: acc 1.0, correct 345/345

Val Set, val_loss: 3.0883, val_error: 0.4562, auc: 0.5403
class 0 clustering acc 1.0: correct 1280/1280
class 1 clustering acc 1.0: correct 1280/1280
class 0: acc 0.782608695652174, correct 72/92
class 1: acc 0.22058823529411764, correct 15/68
EarlyStopping counter: 45 out of 20


batch 19, loss: 0.0000, instance_loss: 0.0000, weighted_loss: 0.0000, label: 0, bag_size: 776
batch 39, loss: 0.0001, instance_loss: 0.0000, weighted_loss: 0.0001, label: 0, bag_size: 363
batch 59, loss: 0.0000, instance_loss: 0.0000, weighted_loss: 0.0000, label: 1, bag_size: 3108
batch 79, loss: 0.0003, instance_loss: 0.0007, weighted_loss: 0.0004, label: 0, bag_size: 553
batch 99, loss: 0.0000, instance_loss: 0.0000, weighted_loss: 0.0000, label: 1, bag_size: 4623
batch 119, loss: 0.0000, instance_loss: 0.0000, weighted_loss: 0.0000, label: 0, bag_size: 1432
batch 139, loss: 0.0000, instance_loss: 0.0000, weighted_loss: 0.0000, label: 0, bag_size: 4178
batch 159, loss: 0.0004, instance_loss: 0.0006, weighted_loss: 0.0004, label: 1, bag_size: 215
batch 179, loss: 0.0000, instance_loss: 0.0000, weighted_loss: 0.0000, label: 0, bag_size: 4909
batch 199, loss: 0.0005, instance_loss: 0.0048, weighted_loss: 0.0018, label: 1, bag_size: 817
batch 219, loss: 0.0000, instance_loss: 0.0000, weighted_loss: 0.0000, label: 1, bag_size: 521
batch 239, loss: 0.0000, instance_loss: 0.0000, weighted_loss: 0.0000, label: 0, bag_size: 4807
batch 259, loss: 0.0000, instance_loss: 0.0000, weighted_loss: 0.0000, label: 0, bag_size: 2160
batch 279, loss: 0.0000, instance_loss: 0.0000, weighted_loss: 0.0000, label: 0, bag_size: 2150
batch 299, loss: 0.0000, instance_loss: 0.0000, weighted_loss: 0.0000, label: 1, bag_size: 3108
batch 319, loss: 0.0002, instance_loss: 0.0000, weighted_loss: 0.0001, label: 1, bag_size: 1742
batch 339, loss: 0.0000, instance_loss: 0.0000, weighted_loss: 0.0000, label: 1, bag_size: 1997
batch 359, loss: 0.0000, instance_loss: 0.0000, weighted_loss: 0.0000, label: 0, bag_size: 1820
batch 379, loss: 0.0020, instance_loss: 0.0000, weighted_loss: 0.0014, label: 1, bag_size: 4512
batch 399, loss: 0.0000, instance_loss: 0.0000, weighted_loss: 0.0000, label: 0, bag_size: 439
batch 419, loss: 0.0000, instance_loss: 0.0000, weighted_loss: 0.0000, label: 0, bag_size: 584
batch 439, loss: 0.0001, instance_loss: 0.0000, weighted_loss: 0.0001, label: 1, bag_size: 5146
batch 459, loss: 0.0000, instance_loss: 0.0000, weighted_loss: 0.0000, label: 0, bag_size: 396
batch 479, loss: 0.0050, instance_loss: 0.0000, weighted_loss: 0.0035, label: 0, bag_size: 1305
batch 499, loss: 0.0000, instance_loss: 0.0000, weighted_loss: 0.0000, label: 0, bag_size: 3652
batch 519, loss: 0.0000, instance_loss: 0.0000, weighted_loss: 0.0000, label: 0, bag_size: 2478
batch 539, loss: 0.0008, instance_loss: 0.0000, weighted_loss: 0.0005, label: 0, bag_size: 1305
batch 559, loss: 0.0000, instance_loss: 0.0005, weighted_loss: 0.0002, label: 1, bag_size: 34683
batch 579, loss: 0.0002, instance_loss: 0.0000, weighted_loss: 0.0001, label: 0, bag_size: 676
batch 599, loss: 0.0000, instance_loss: 0.0000, weighted_loss: 0.0000, label: 0, bag_size: 3855
batch 619, loss: 0.0000, instance_loss: 0.0005, weighted_loss: 0.0001, label: 1, bag_size: 3097
batch 639, loss: 0.0000, instance_loss: 0.0023, weighted_loss: 0.0007, label: 0, bag_size: 3626
batch 659, loss: 0.0000, instance_loss: 0.0000, weighted_loss: 0.0000, label: 1, bag_size: 1677
batch 679, loss: 0.0000, instance_loss: 0.0000, weighted_loss: 0.0000, label: 0, bag_size: 891


class 0 clustering acc 0.9998198847262247: correct 5551/5552
class 1 clustering acc 0.9994596541786743: correct 5549/5552
Epoch: 47, train_loss: 0.0004, train_clustering_loss:  0.0024, train_error: 0.0000
class 0: acc 1.0, correct 351/351
class 1: acc 1.0, correct 343/343

Val Set, val_loss: 3.2026, val_error: 0.4437, auc: 0.5540
class 0 clustering acc 0.9984375: correct 1278/1280
class 1 clustering acc 1.0: correct 1280/1280
class 0: acc 0.8152173913043478, correct 75/92
class 1: acc 0.20588235294117646, correct 14/68
EarlyStopping counter: 46 out of 20


batch 19, loss: 0.0000, instance_loss: 0.0000, weighted_loss: 0.0000, label: 0, bag_size: 466
batch 39, loss: 0.0000, instance_loss: 0.0000, weighted_loss: 0.0000, label: 0, bag_size: 3919
batch 59, loss: 0.0000, instance_loss: 0.0000, weighted_loss: 0.0000, label: 0, bag_size: 490
batch 79, loss: 0.0000, instance_loss: 0.0000, weighted_loss: 0.0000, label: 1, bag_size: 3839
batch 99, loss: 0.0000, instance_loss: 0.0000, weighted_loss: 0.0000, label: 1, bag_size: 1270
batch 119, loss: 0.0000, instance_loss: 0.0000, weighted_loss: 0.0000, label: 0, bag_size: 4292
batch 139, loss: 0.0000, instance_loss: 0.0000, weighted_loss: 0.0000, label: 0, bag_size: 1165
batch 159, loss: 0.0000, instance_loss: 0.0000, weighted_loss: 0.0000, label: 0, bag_size: 726
batch 179, loss: 0.0000, instance_loss: 0.0000, weighted_loss: 0.0000, label: 1, bag_size: 1677
batch 199, loss: 0.0000, instance_loss: 0.0000, weighted_loss: 0.0000, label: 1, bag_size: 1270
batch 219, loss: 0.0000, instance_loss: 0.0000, weighted_loss: 0.0000, label: 0, bag_size: 2344
batch 239, loss: 0.0000, instance_loss: 0.0000, weighted_loss: 0.0000, label: 1, bag_size: 2528
batch 259, loss: 0.0000, instance_loss: 0.0000, weighted_loss: 0.0000, label: 0, bag_size: 698
batch 279, loss: 0.0000, instance_loss: 0.0000, weighted_loss: 0.0000, label: 1, bag_size: 2881
batch 299, loss: 0.0000, instance_loss: 0.0000, weighted_loss: 0.0000, label: 1, bag_size: 5146
batch 319, loss: 0.0000, instance_loss: 0.0000, weighted_loss: 0.0000, label: 1, bag_size: 1949
batch 339, loss: 0.0059, instance_loss: 0.0000, weighted_loss: 0.0041, label: 0, bag_size: 1223
batch 359, loss: 0.0019, instance_loss: 0.0000, weighted_loss: 0.0013, label: 1, bag_size: 2760
batch 379, loss: 0.0000, instance_loss: 0.0000, weighted_loss: 0.0000, label: 0, bag_size: 748
batch 399, loss: 0.0000, instance_loss: 0.0000, weighted_loss: 0.0000, label: 0, bag_size: 4209
batch 419, loss: 0.0000, instance_loss: 0.0000, weighted_loss: 0.0000, label: 1, bag_size: 4913
batch 439, loss: 0.0006, instance_loss: 0.0007, weighted_loss: 0.0006, label: 1, bag_size: 382
batch 459, loss: 0.0000, instance_loss: 0.0013, weighted_loss: 0.0004, label: 0, bag_size: 4154
batch 479, loss: 0.0000, instance_loss: 0.0000, weighted_loss: 0.0000, label: 1, bag_size: 1081
batch 499, loss: 0.0002, instance_loss: 0.0000, weighted_loss: 0.0002, label: 1, bag_size: 1169
batch 519, loss: 0.0001, instance_loss: 0.0000, weighted_loss: 0.0000, label: 0, bag_size: 466
batch 539, loss: 0.0000, instance_loss: 0.0000, weighted_loss: 0.0000, label: 0, bag_size: 687
batch 559, loss: 0.0001, instance_loss: 0.0000, weighted_loss: 0.0000, label: 1, bag_size: 6349
batch 579, loss: 0.0000, instance_loss: 0.0003, weighted_loss: 0.0001, label: 1, bag_size: 34683
batch 599, loss: 0.0000, instance_loss: 0.0000, weighted_loss: 0.0000, label: 0, bag_size: 702
batch 619, loss: 0.0000, instance_loss: 0.0000, weighted_loss: 0.0000, label: 1, bag_size: 2428
batch 639, loss: 0.0003, instance_loss: 0.0000, weighted_loss: 0.0002, label: 1, bag_size: 827
batch 659, loss: 0.0000, instance_loss: 0.0000, weighted_loss: 0.0000, label: 0, bag_size: 5207
batch 679, loss: 0.0004, instance_loss: 0.0000, weighted_loss: 0.0003, label: 1, bag_size: 5308


class 0 clustering acc 1.0: correct 5552/5552
class 1 clustering acc 0.9996397694524496: correct 5550/5552
Epoch: 48, train_loss: 0.0004, train_clustering_loss:  0.0009, train_error: 0.0000
class 0: acc 1.0, correct 319/319
class 1: acc 1.0, correct 375/375

Val Set, val_loss: 3.3734, val_error: 0.4250, auc: 0.5679
class 0 clustering acc 0.99921875: correct 1279/1280
class 1 clustering acc 1.0: correct 1280/1280
class 0: acc 0.8369565217391305, correct 77/92
class 1: acc 0.22058823529411764, correct 15/68
EarlyStopping counter: 47 out of 20


batch 19, loss: 0.0000, instance_loss: 0.0000, weighted_loss: 0.0000, label: 0, bag_size: 4102
batch 39, loss: 0.0000, instance_loss: 0.0005, weighted_loss: 0.0002, label: 1, bag_size: 3097
batch 59, loss: 0.0000, instance_loss: 0.0000, weighted_loss: 0.0000, label: 0, bag_size: 3554
batch 79, loss: 0.0000, instance_loss: 0.0022, weighted_loss: 0.0007, label: 1, bag_size: 4337
batch 99, loss: 0.0001, instance_loss: 0.0000, weighted_loss: 0.0001, label: 1, bag_size: 3782
batch 119, loss: 0.0000, instance_loss: 0.0000, weighted_loss: 0.0000, label: 0, bag_size: 3859
batch 139, loss: 0.0000, instance_loss: 0.0000, weighted_loss: 0.0000, label: 1, bag_size: 4575
batch 159, loss: 0.0000, instance_loss: 0.0004, weighted_loss: 0.0001, label: 0, bag_size: 3753
batch 179, loss: 0.0000, instance_loss: 0.0000, weighted_loss: 0.0000, label: 0, bag_size: 929
batch 199, loss: 0.0000, instance_loss: 0.0006, weighted_loss: 0.0002, label: 0, bag_size: 974
batch 219, loss: 0.0000, instance_loss: 0.0000, weighted_loss: 0.0000, label: 1, bag_size: 731
batch 239, loss: 0.0000, instance_loss: 0.0000, weighted_loss: 0.0000, label: 0, bag_size: 764
batch 259, loss: 0.0000, instance_loss: 0.0005, weighted_loss: 0.0001, label: 0, bag_size: 769
batch 279, loss: 0.0000, instance_loss: 0.0000, weighted_loss: 0.0000, label: 0, bag_size: 391
batch 299, loss: 0.0000, instance_loss: 0.0000, weighted_loss: 0.0000, label: 0, bag_size: 5124
batch 319, loss: 0.0000, instance_loss: 0.0003, weighted_loss: 0.0001, label: 0, bag_size: 4266
batch 339, loss: 0.0000, instance_loss: 0.0000, weighted_loss: 0.0000, label: 0, bag_size: 1116
batch 359, loss: 0.0235, instance_loss: 0.0000, weighted_loss: 0.0165, label: 1, bag_size: 590
batch 379, loss: 0.0000, instance_loss: 0.0000, weighted_loss: 0.0000, label: 0, bag_size: 263
batch 399, loss: 0.0000, instance_loss: 0.0000, weighted_loss: 0.0000, label: 1, bag_size: 3158
batch 419, loss: 0.0000, instance_loss: 0.0000, weighted_loss: 0.0000, label: 1, bag_size: 2364
batch 439, loss: 0.0002, instance_loss: 0.0000, weighted_loss: 0.0002, label: 1, bag_size: 5954
batch 459, loss: 0.0591, instance_loss: 0.0347, weighted_loss: 0.0518, label: 0, bag_size: 1330
batch 479, loss: 0.0152, instance_loss: 0.0122, weighted_loss: 0.0143, label: 0, bag_size: 629
batch 499, loss: 0.0000, instance_loss: 0.0000, weighted_loss: 0.0000, label: 1, bag_size: 1309
batch 519, loss: 0.0165, instance_loss: 0.0000, weighted_loss: 0.0115, label: 0, bag_size: 391
batch 539, loss: 0.0000, instance_loss: 0.0000, weighted_loss: 0.0000, label: 1, bag_size: 1007
batch 559, loss: 0.0000, instance_loss: 0.0000, weighted_loss: 0.0000, label: 0, bag_size: 770
batch 579, loss: 0.0001, instance_loss: 0.0000, weighted_loss: 0.0001, label: 0, bag_size: 1340
batch 599, loss: 0.0000, instance_loss: 0.0000, weighted_loss: 0.0000, label: 1, bag_size: 1016
batch 619, loss: 0.0000, instance_loss: 0.0000, weighted_loss: 0.0000, label: 1, bag_size: 1552
batch 639, loss: 0.0000, instance_loss: 0.0000, weighted_loss: 0.0000, label: 1, bag_size: 491
batch 659, loss: 0.0000, instance_loss: 0.0004, weighted_loss: 0.0001, label: 1, bag_size: 5149
batch 679, loss: 0.0000, instance_loss: 0.0000, weighted_loss: 0.0000, label: 0, bag_size: 766


class 0 clustering acc 0.9998198847262247: correct 5551/5552
class 1 clustering acc 0.9983789625360231: correct 5543/5552
Epoch: 49, train_loss: 0.0086, train_clustering_loss:  0.0071, train_error: 0.0029
class 0: acc 0.9972222222222222, correct 359/360
class 1: acc 0.9970059880239521, correct 333/334

Val Set, val_loss: 4.3518, val_error: 0.4062, auc: 0.5091
class 0 clustering acc 0.99921875: correct 1279/1280
class 1 clustering acc 1.0: correct 1280/1280
class 0: acc 0.9239130434782609, correct 85/92
class 1: acc 0.14705882352941177, correct 10/68
EarlyStopping counter: 48 out of 20


batch 19, loss: 0.0226, instance_loss: 0.0012, weighted_loss: 0.0162, label: 0, bag_size: 4090
batch 39, loss: 0.0000, instance_loss: 0.0000, weighted_loss: 0.0000, label: 1, bag_size: 2881
batch 59, loss: 0.0000, instance_loss: 0.0006, weighted_loss: 0.0002, label: 0, bag_size: 3059
batch 79, loss: 0.0013, instance_loss: 0.0000, weighted_loss: 0.0009, label: 0, bag_size: 477
batch 99, loss: 0.0000, instance_loss: 0.0000, weighted_loss: 0.0000, label: 0, bag_size: 429
batch 119, loss: 0.0000, instance_loss: 0.0002, weighted_loss: 0.0001, label: 1, bag_size: 2537
batch 139, loss: 0.0008, instance_loss: 0.0000, weighted_loss: 0.0005, label: 0, bag_size: 623
batch 159, loss: 0.0238, instance_loss: 0.0003, weighted_loss: 0.0167, label: 1, bag_size: 780
batch 179, loss: 0.0000, instance_loss: 0.0000, weighted_loss: 0.0000, label: 1, bag_size: 842
batch 199, loss: 0.0000, instance_loss: 0.0000, weighted_loss: 0.0000, label: 0, bag_size: 3848
batch 219, loss: 0.0000, instance_loss: 0.0013, weighted_loss: 0.0004, label: 1, bag_size: 2244
batch 239, loss: 0.0007, instance_loss: 0.0005, weighted_loss: 0.0006, label: 1, bag_size: 1494
batch 259, loss: 0.0088, instance_loss: 0.0030, weighted_loss: 0.0071, label: 0, bag_size: 645
batch 279, loss: 0.0750, instance_loss: 0.0012, weighted_loss: 0.0529, label: 0, bag_size: 3690
batch 299, loss: 0.0022, instance_loss: 0.0004, weighted_loss: 0.0016, label: 1, bag_size: 1426
batch 319, loss: 0.0001, instance_loss: 0.0040, weighted_loss: 0.0013, label: 1, bag_size: 346
batch 339, loss: 0.0000, instance_loss: 0.0018, weighted_loss: 0.0006, label: 0, bag_size: 3785
batch 359, loss: 0.0000, instance_loss: 0.0000, weighted_loss: 0.0000, label: 0, bag_size: 1515
batch 379, loss: 0.0000, instance_loss: 0.0000, weighted_loss: 0.0000, label: 1, bag_size: 2244
batch 399, loss: 0.0002, instance_loss: 0.0000, weighted_loss: 0.0001, label: 0, bag_size: 2160
batch 419, loss: 0.0000, instance_loss: 0.0000, weighted_loss: 0.0000, label: 1, bag_size: 520
batch 439, loss: 0.0004, instance_loss: 0.0000, weighted_loss: 0.0003, label: 1, bag_size: 1742
batch 459, loss: 0.0002, instance_loss: 0.0000, weighted_loss: 0.0001, label: 0, bag_size: 1447
batch 479, loss: 0.0000, instance_loss: 0.0000, weighted_loss: 0.0000, label: 1, bag_size: 1997
batch 499, loss: 0.0001, instance_loss: 0.0000, weighted_loss: 0.0000, label: 0, bag_size: 792
batch 519, loss: 0.0072, instance_loss: 0.0000, weighted_loss: 0.0050, label: 0, bag_size: 4968
batch 539, loss: 0.0964, instance_loss: 0.0000, weighted_loss: 0.0675, label: 1, bag_size: 3734
batch 559, loss: 0.0000, instance_loss: 0.0000, weighted_loss: 0.0000, label: 0, bag_size: 439
batch 579, loss: 0.0000, instance_loss: 0.0000, weighted_loss: 0.0000, label: 0, bag_size: 898
batch 599, loss: 0.0000, instance_loss: 0.0000, weighted_loss: 0.0000, label: 1, bag_size: 3483
batch 619, loss: 0.0000, instance_loss: 0.0000, weighted_loss: 0.0000, label: 0, bag_size: 594
batch 639, loss: 0.0002, instance_loss: 0.0000, weighted_loss: 0.0001, label: 1, bag_size: 1198
batch 659, loss: 0.0000, instance_loss: 0.0000, weighted_loss: 0.0000, label: 1, bag_size: 3782
batch 679, loss: 0.0000, instance_loss: 0.0000, weighted_loss: 0.0000, label: 1, bag_size: 587


class 0 clustering acc 0.9996397694524496: correct 5550/5552
class 1 clustering acc 0.9994596541786743: correct 5549/5552
Epoch: 50, train_loss: 0.1037, train_clustering_loss:  0.0059, train_error: 0.0245
class 0: acc 0.975, correct 351/360
class 1: acc 0.9760479041916168, correct 326/334

Val Set, val_loss: 2.6177, val_error: 0.4437, auc: 0.5924
class 0 clustering acc 1.0: correct 1280/1280
class 1 clustering acc 1.0: correct 1280/1280
class 0: acc 0.75, correct 69/92
class 1: acc 0.29411764705882354, correct 20/68
EarlyStopping counter: 49 out of 20


batch 19, loss: 0.0001, instance_loss: 0.0013, weighted_loss: 0.0005, label: 1, bag_size: 1297
batch 39, loss: 0.0000, instance_loss: 0.0000, weighted_loss: 0.0000, label: 0, bag_size: 309
batch 59, loss: 0.0001, instance_loss: 0.0000, weighted_loss: 0.0000, label: 1, bag_size: 714
batch 79, loss: 0.0000, instance_loss: 0.0003, weighted_loss: 0.0001, label: 0, bag_size: 3779
batch 99, loss: 0.0000, instance_loss: 0.0000, weighted_loss: 0.0000, label: 1, bag_size: 2620
batch 119, loss: 0.0002, instance_loss: 0.0000, weighted_loss: 0.0001, label: 0, bag_size: 4666
batch 139, loss: 0.0001, instance_loss: 0.0000, weighted_loss: 0.0001, label: 0, bag_size: 1126
batch 159, loss: 0.0001, instance_loss: 0.0000, weighted_loss: 0.0000, label: 1, bag_size: 3334
batch 179, loss: 0.0000, instance_loss: 0.0000, weighted_loss: 0.0000, label: 1, bag_size: 4556
batch 199, loss: 0.0000, instance_loss: 0.0000, weighted_loss: 0.0000, label: 0, bag_size: 929
batch 219, loss: 2.8974, instance_loss: 0.0000, weighted_loss: 2.0282, label: 0, bag_size: 5414
batch 239, loss: 0.0000, instance_loss: 0.0000, weighted_loss: 0.0000, label: 0, bag_size: 1117
batch 259, loss: 0.0001, instance_loss: 0.0000, weighted_loss: 0.0001, label: 1, bag_size: 2511
batch 279, loss: 0.0104, instance_loss: 0.0002, weighted_loss: 0.0074, label: 0, bag_size: 702
batch 299, loss: 0.0003, instance_loss: 0.0000, weighted_loss: 0.0002, label: 0, bag_size: 785
batch 319, loss: 0.0004, instance_loss: 0.0000, weighted_loss: 0.0002, label: 1, bag_size: 598
batch 339, loss: 0.0000, instance_loss: 0.0000, weighted_loss: 0.0000, label: 0, bag_size: 4645
batch 359, loss: 0.0012, instance_loss: 0.0000, weighted_loss: 0.0008, label: 1, bag_size: 598
batch 379, loss: 0.0000, instance_loss: 0.0000, weighted_loss: 0.0000, label: 1, bag_size: 590
batch 399, loss: 0.0000, instance_loss: 0.0000, weighted_loss: 0.0000, label: 1, bag_size: 782
batch 419, loss: 0.0000, instance_loss: 0.0000, weighted_loss: 0.0000, label: 0, bag_size: 4154
batch 439, loss: 0.0000, instance_loss: 0.0040, weighted_loss: 0.0012, label: 0, bag_size: 3934
batch 459, loss: 0.0000, instance_loss: 0.0000, weighted_loss: 0.0000, label: 0, bag_size: 429
batch 479, loss: 0.0000, instance_loss: 0.0000, weighted_loss: 0.0000, label: 1, bag_size: 2006
batch 499, loss: 0.0015, instance_loss: 0.0000, weighted_loss: 0.0010, label: 0, bag_size: 3672
batch 519, loss: 0.0000, instance_loss: 0.0000, weighted_loss: 0.0000, label: 1, bag_size: 714
batch 539, loss: 0.0000, instance_loss: 0.0000, weighted_loss: 0.0000, label: 1, bag_size: 779
batch 559, loss: 0.0000, instance_loss: 0.0000, weighted_loss: 0.0000, label: 1, bag_size: 2058
batch 579, loss: 0.0007, instance_loss: 0.0000, weighted_loss: 0.0005, label: 0, bag_size: 650
batch 599, loss: 0.0000, instance_loss: 0.0000, weighted_loss: 0.0000, label: 0, bag_size: 525
batch 619, loss: 0.0000, instance_loss: 0.0000, weighted_loss: 0.0000, label: 0, bag_size: 378
batch 639, loss: 0.0000, instance_loss: 0.0000, weighted_loss: 0.0000, label: 1, bag_size: 3308
batch 659, loss: 0.0002, instance_loss: 0.0000, weighted_loss: 0.0001, label: 0, bag_size: 4102
batch 679, loss: 0.0003, instance_loss: 0.0000, weighted_loss: 0.0002, label: 1, bag_size: 2946


class 0 clustering acc 1.0: correct 5552/5552
class 1 clustering acc 1.0: correct 5552/5552
Epoch: 51, train_loss: 0.0385, train_clustering_loss:  0.0004, train_error: 0.0115
class 0: acc 0.9889807162534435, correct 359/363
class 1: acc 0.9879154078549849, correct 327/331

Val Set, val_loss: 2.8864, val_error: 0.4188, auc: 0.5810
class 0 clustering acc 1.0: correct 1280/1280
class 1 clustering acc 1.0: correct 1280/1280
class 0: acc 0.75, correct 69/92
class 1: acc 0.35294117647058826, correct 24/68
EarlyStopping counter: 50 out of 20
Early stopping
Val error: 0.3625, ROC AUC: 0.6829
Test error: 0.3253, ROC AUC: 0.6593
class 0: acc 0.7832167832167832, correct 224/286
class 1: acc 0.43410852713178294, correct 56/129

Training Fold 2!

Init train/val/test splits... 
Done!
Training on 711 samples
Validating on 131 samples
Testing on 427 samples

Init loss function... Done!

Init Model... Setting tau to 1.0
Done!
CLAM_SB(
  (attention_net): Sequential(
    (0): Linear(in_features=1536, out_features=512, bias=True)
    (1): ReLU()
    (2): Dropout(p=0.25, inplace=False)
    (3): Attn_Net_Gated(
      (attention_a): Sequential(
        (0): Linear(in_features=512, out_features=256, bias=True)
        (1): Tanh()
        (2): Dropout(p=0.25, inplace=False)
      )
      (attention_b): Sequential(
        (0): Linear(in_features=512, out_features=256, bias=True)
        (1): Sigmoid()
        (2): Dropout(p=0.25, inplace=False)
      )
      (attention_c): Linear(in_features=256, out_features=1, bias=True)
    )
  )
  (classifiers): Linear(in_features=512, out_features=2, bias=True)
  (instance_classifiers): ModuleList(
    (0-1): 2 x Linear(in_features=512, out_features=2, bias=True)
  )
  (instance_loss_fn): SmoothTop1SVM()
)
Total number of parameters: 1052935
Total number of trainable parameters: 1052935

Init optimizer ... Done!

Init Loaders... Done!

Setup EarlyStopping... Done!


batch 19, loss: 0.5860, instance_loss: 1.3766, weighted_loss: 0.8232, label: 0, bag_size: 885
batch 39, loss: 0.7707, instance_loss: 0.9161, weighted_loss: 0.8143, label: 0, bag_size: 619
batch 59, loss: 0.8285, instance_loss: 0.5779, weighted_loss: 0.7533, label: 0, bag_size: 2397
batch 79, loss: 0.2381, instance_loss: 0.3185, weighted_loss: 0.2622, label: 0, bag_size: 524
batch 99, loss: 0.4892, instance_loss: 0.7774, weighted_loss: 0.5756, label: 0, bag_size: 415
batch 119, loss: 0.6349, instance_loss: 0.2929, weighted_loss: 0.5323, label: 1, bag_size: 644
batch 139, loss: 0.6889, instance_loss: 0.1592, weighted_loss: 0.5300, label: 1, bag_size: 667
batch 159, loss: 0.9373, instance_loss: 0.0319, weighted_loss: 0.6657, label: 1, bag_size: 774
batch 179, loss: 0.8073, instance_loss: 0.0428, weighted_loss: 0.5779, label: 1, bag_size: 2946
batch 199, loss: 0.9741, instance_loss: 0.2062, weighted_loss: 0.7437, label: 1, bag_size: 980
batch 219, loss: 0.8245, instance_loss: 0.0085, weighted_loss: 0.5797, label: 0, bag_size: 685
batch 239, loss: 0.8491, instance_loss: 0.0140, weighted_loss: 0.5985, label: 1, bag_size: 1270
batch 259, loss: 0.9504, instance_loss: 0.0213, weighted_loss: 0.6717, label: 0, bag_size: 2516
batch 279, loss: 0.7934, instance_loss: 0.0042, weighted_loss: 0.5567, label: 1, bag_size: 3109
batch 299, loss: 0.9592, instance_loss: 0.0032, weighted_loss: 0.6724, label: 0, bag_size: 3818
batch 319, loss: 0.6001, instance_loss: 0.0099, weighted_loss: 0.4231, label: 1, bag_size: 1972
batch 339, loss: 0.3768, instance_loss: 0.0144, weighted_loss: 0.2681, label: 0, bag_size: 277
batch 359, loss: 0.7180, instance_loss: 0.0011, weighted_loss: 0.5029, label: 1, bag_size: 3325
batch 379, loss: 0.7795, instance_loss: 0.0715, weighted_loss: 0.5671, label: 1, bag_size: 3892
batch 399, loss: 0.5888, instance_loss: 0.0012, weighted_loss: 0.4125, label: 1, bag_size: 5333
batch 419, loss: 0.2428, instance_loss: 0.0210, weighted_loss: 0.1763, label: 1, bag_size: 5272
batch 439, loss: 0.4482, instance_loss: 0.0165, weighted_loss: 0.3187, label: 0, bag_size: 1267
batch 459, loss: 0.6376, instance_loss: 0.0497, weighted_loss: 0.4612, label: 0, bag_size: 4544
batch 479, loss: 0.7885, instance_loss: 0.0144, weighted_loss: 0.5562, label: 0, bag_size: 404
batch 499, loss: 0.4752, instance_loss: 0.0368, weighted_loss: 0.3437, label: 1, bag_size: 2728
batch 519, loss: 0.4559, instance_loss: 0.0167, weighted_loss: 0.3241, label: 0, bag_size: 348
batch 539, loss: 0.5317, instance_loss: 0.0099, weighted_loss: 0.3751, label: 0, bag_size: 1504
batch 559, loss: 1.2478, instance_loss: 0.0086, weighted_loss: 0.8761, label: 0, bag_size: 2196
batch 579, loss: 0.6690, instance_loss: 0.0248, weighted_loss: 0.4757, label: 1, bag_size: 3979
batch 599, loss: 0.4054, instance_loss: 0.0051, weighted_loss: 0.2853, label: 0, bag_size: 918
batch 619, loss: 2.3100, instance_loss: 0.0157, weighted_loss: 1.6217, label: 0, bag_size: 1455
batch 639, loss: 0.9096, instance_loss: 0.0102, weighted_loss: 0.6398, label: 1, bag_size: 1019
batch 659, loss: 0.8660, instance_loss: 0.0026, weighted_loss: 0.6070, label: 1, bag_size: 2634
batch 679, loss: 0.8617, instance_loss: 0.0050, weighted_loss: 0.6047, label: 0, bag_size: 277
batch 699, loss: 0.5078, instance_loss: 0.0038, weighted_loss: 0.3566, label: 0, bag_size: 421


class 0 clustering acc 0.9723980309423348: correct 5531/5688
class 1 clustering acc 0.9539381153305204: correct 5426/5688
Epoch: 0, train_loss: 0.6808, train_clustering_loss:  0.1539, train_error: 0.4079
class 0: acc 0.6794520547945205, correct 248/365
class 1: acc 0.5, correct 173/346

Val Set, val_loss: 0.6149, val_error: 0.3359, auc: 0.6066
class 0 clustering acc 1.0: correct 1048/1048
class 1 clustering acc 1.0: correct 1048/1048
class 0: acc 0.9080459770114943, correct 79/87
class 1: acc 0.18181818181818182, correct 8/44
Validation loss decreased (inf --> 0.614905).  Saving model ...


batch 19, loss: 0.6212, instance_loss: 0.0102, weighted_loss: 0.4379, label: 0, bag_size: 789
batch 39, loss: 0.1973, instance_loss: 0.0054, weighted_loss: 0.1397, label: 1, bag_size: 3341
batch 59, loss: 0.7244, instance_loss: 0.0030, weighted_loss: 0.5080, label: 0, bag_size: 2702
batch 79, loss: 1.1067, instance_loss: 0.0126, weighted_loss: 0.7785, label: 1, bag_size: 5055
batch 99, loss: 0.6114, instance_loss: 0.0127, weighted_loss: 0.4318, label: 0, bag_size: 1420
batch 119, loss: 0.5393, instance_loss: 0.0150, weighted_loss: 0.3820, label: 0, bag_size: 417
batch 139, loss: 0.5895, instance_loss: 0.0036, weighted_loss: 0.4138, label: 0, bag_size: 2223
batch 159, loss: 1.4344, instance_loss: 0.0012, weighted_loss: 1.0044, label: 0, bag_size: 1000
batch 179, loss: 0.5412, instance_loss: 0.0049, weighted_loss: 0.3803, label: 1, bag_size: 1705
batch 199, loss: 0.7362, instance_loss: 0.0042, weighted_loss: 0.5166, label: 0, bag_size: 1411
batch 219, loss: 0.5859, instance_loss: 0.0066, weighted_loss: 0.4121, label: 0, bag_size: 404
batch 239, loss: 0.7929, instance_loss: 0.0034, weighted_loss: 0.5561, label: 1, bag_size: 3341
batch 259, loss: 1.1216, instance_loss: 0.0003, weighted_loss: 0.7852, label: 0, bag_size: 958
batch 279, loss: 0.7311, instance_loss: 0.0020, weighted_loss: 0.5123, label: 0, bag_size: 895
batch 299, loss: 0.6803, instance_loss: 0.0012, weighted_loss: 0.4766, label: 1, bag_size: 1534
batch 319, loss: 1.5618, instance_loss: 0.0197, weighted_loss: 1.0992, label: 0, bag_size: 277
batch 339, loss: 0.5879, instance_loss: 0.0011, weighted_loss: 0.4119, label: 0, bag_size: 2822
batch 359, loss: 0.5328, instance_loss: 0.0033, weighted_loss: 0.3739, label: 0, bag_size: 693
batch 379, loss: 0.9376, instance_loss: 0.0015, weighted_loss: 0.6568, label: 0, bag_size: 2702
batch 399, loss: 0.4260, instance_loss: 0.0019, weighted_loss: 0.2988, label: 1, bag_size: 1972
batch 419, loss: 0.0418, instance_loss: 0.0000, weighted_loss: 0.0293, label: 0, bag_size: 4251
batch 439, loss: 0.8243, instance_loss: 0.0004, weighted_loss: 0.5771, label: 0, bag_size: 1411
batch 459, loss: 0.3012, instance_loss: 0.0045, weighted_loss: 0.2122, label: 0, bag_size: 449
batch 479, loss: 0.8753, instance_loss: 0.0021, weighted_loss: 0.6133, label: 0, bag_size: 4815
batch 499, loss: 0.5011, instance_loss: 0.0104, weighted_loss: 0.3539, label: 0, bag_size: 307
batch 519, loss: 0.5132, instance_loss: 0.0023, weighted_loss: 0.3599, label: 1, bag_size: 1050
batch 539, loss: 0.5336, instance_loss: 0.0018, weighted_loss: 0.3741, label: 1, bag_size: 5489
batch 559, loss: 0.6916, instance_loss: 0.0003, weighted_loss: 0.4842, label: 1, bag_size: 956
batch 579, loss: 1.0097, instance_loss: 0.0021, weighted_loss: 0.7074, label: 1, bag_size: 1394
batch 599, loss: 0.2492, instance_loss: 0.0034, weighted_loss: 0.1755, label: 0, bag_size: 470
batch 619, loss: 0.6523, instance_loss: 0.0019, weighted_loss: 0.4572, label: 0, bag_size: 4786
batch 639, loss: 0.1534, instance_loss: 0.0000, weighted_loss: 0.1074, label: 0, bag_size: 3938
batch 659, loss: 0.4748, instance_loss: 0.0093, weighted_loss: 0.3351, label: 1, bag_size: 3756
batch 679, loss: 0.3567, instance_loss: 0.0023, weighted_loss: 0.2504, label: 1, bag_size: 3505
batch 699, loss: 1.1014, instance_loss: 0.0002, weighted_loss: 0.7710, label: 0, bag_size: 4102


class 0 clustering acc 1.0: correct 5688/5688
class 1 clustering acc 0.9991209563994374: correct 5683/5688
Epoch: 1, train_loss: 0.6471, train_clustering_loss:  0.0084, train_error: 0.3840
class 0: acc 0.6056338028169014, correct 215/355
class 1: acc 0.6264044943820225, correct 223/356

Val Set, val_loss: 0.6936, val_error: 0.4962, auc: 0.6565
class 0 clustering acc 1.0: correct 1048/1048
class 1 clustering acc 1.0: correct 1048/1048
class 0: acc 0.3448275862068966, correct 30/87
class 1: acc 0.8181818181818182, correct 36/44
EarlyStopping counter: 1 out of 20


batch 19, loss: 0.4938, instance_loss: 0.0018, weighted_loss: 0.3462, label: 1, bag_size: 2513
batch 39, loss: 0.7849, instance_loss: 0.0042, weighted_loss: 0.5506, label: 0, bag_size: 460
batch 59, loss: 1.2081, instance_loss: 0.0054, weighted_loss: 0.8473, label: 0, bag_size: 775
batch 79, loss: 0.3342, instance_loss: 0.0124, weighted_loss: 0.2377, label: 1, bag_size: 969
batch 99, loss: 1.0565, instance_loss: 0.0007, weighted_loss: 0.7397, label: 0, bag_size: 2235
batch 119, loss: 0.8020, instance_loss: 0.0028, weighted_loss: 0.5622, label: 0, bag_size: 780
batch 139, loss: 0.5422, instance_loss: 0.0005, weighted_loss: 0.3796, label: 0, bag_size: 2107
batch 159, loss: 0.5425, instance_loss: 0.0015, weighted_loss: 0.3802, label: 0, bag_size: 391
batch 179, loss: 0.9926, instance_loss: 0.0015, weighted_loss: 0.6953, label: 0, bag_size: 1768
batch 199, loss: 0.4914, instance_loss: 0.0019, weighted_loss: 0.3445, label: 1, bag_size: 739
batch 219, loss: 0.5513, instance_loss: 0.0036, weighted_loss: 0.3870, label: 0, bag_size: 1657
batch 239, loss: 0.9535, instance_loss: 0.0024, weighted_loss: 0.6682, label: 1, bag_size: 2357
batch 259, loss: 1.0342, instance_loss: 0.0017, weighted_loss: 0.7245, label: 0, bag_size: 4154
batch 279, loss: 0.9521, instance_loss: 0.0010, weighted_loss: 0.6668, label: 1, bag_size: 2946
batch 299, loss: 0.1820, instance_loss: 0.0003, weighted_loss: 0.1275, label: 0, bag_size: 876
batch 319, loss: 0.1823, instance_loss: 0.0008, weighted_loss: 0.1279, label: 1, bag_size: 4248
batch 339, loss: 0.7345, instance_loss: 0.0014, weighted_loss: 0.5146, label: 1, bag_size: 652
batch 359, loss: 0.9104, instance_loss: 0.0008, weighted_loss: 0.6375, label: 1, bag_size: 2637
batch 379, loss: 0.8233, instance_loss: 0.0000, weighted_loss: 0.5763, label: 1, bag_size: 1671
batch 399, loss: 0.0885, instance_loss: 0.0023, weighted_loss: 0.0626, label: 0, bag_size: 4072
batch 419, loss: 0.3223, instance_loss: 0.0012, weighted_loss: 0.2260, label: 0, bag_size: 4580
batch 439, loss: 0.1043, instance_loss: 0.0004, weighted_loss: 0.0731, label: 0, bag_size: 448
batch 459, loss: 0.2650, instance_loss: 0.0005, weighted_loss: 0.1856, label: 1, bag_size: 5081
batch 479, loss: 0.8407, instance_loss: 0.0000, weighted_loss: 0.5885, label: 1, bag_size: 1210
batch 499, loss: 1.4530, instance_loss: 0.0029, weighted_loss: 1.0180, label: 0, bag_size: 277
batch 519, loss: 0.6208, instance_loss: 0.0061, weighted_loss: 0.4364, label: 1, bag_size: 1110
batch 539, loss: 0.4282, instance_loss: 0.0007, weighted_loss: 0.2999, label: 0, bag_size: 799
batch 559, loss: 0.4358, instance_loss: 0.0000, weighted_loss: 0.3050, label: 1, bag_size: 1671
batch 579, loss: 0.0442, instance_loss: 0.0000, weighted_loss: 0.0309, label: 0, bag_size: 4541
batch 599, loss: 0.2403, instance_loss: 0.0000, weighted_loss: 0.1682, label: 1, bag_size: 3762
batch 619, loss: 0.1627, instance_loss: 0.0006, weighted_loss: 0.1141, label: 1, bag_size: 5769
batch 639, loss: 0.8316, instance_loss: 0.0008, weighted_loss: 0.5824, label: 0, bag_size: 659
batch 659, loss: 0.5546, instance_loss: 0.0010, weighted_loss: 0.3885, label: 0, bag_size: 1296
batch 679, loss: 0.3860, instance_loss: 0.0080, weighted_loss: 0.2726, label: 1, bag_size: 270
batch 699, loss: 0.7746, instance_loss: 0.0489, weighted_loss: 0.5569, label: 1, bag_size: 691


class 0 clustering acc 0.9984177215189873: correct 5679/5688
class 1 clustering acc 0.9994725738396625: correct 5685/5688
Epoch: 2, train_loss: 0.5966, train_clustering_loss:  0.0125, train_error: 0.3066
class 0: acc 0.6501457725947521, correct 223/343
class 1: acc 0.7336956521739131, correct 270/368

Val Set, val_loss: 0.7017, val_error: 0.4122, auc: 0.6361
class 0 clustering acc 1.0: correct 1048/1048
class 1 clustering acc 1.0: correct 1048/1048
class 0: acc 0.5977011494252874, correct 52/87
class 1: acc 0.5681818181818182, correct 25/44
EarlyStopping counter: 2 out of 20


batch 19, loss: 1.1707, instance_loss: 0.0000, weighted_loss: 0.8195, label: 0, bag_size: 5132
batch 39, loss: 0.0446, instance_loss: 0.0000, weighted_loss: 0.0312, label: 1, bag_size: 5454
batch 59, loss: 0.1360, instance_loss: 0.0011, weighted_loss: 0.0955, label: 0, bag_size: 4172
batch 79, loss: 0.4043, instance_loss: 0.0000, weighted_loss: 0.2830, label: 1, bag_size: 1705
batch 99, loss: 0.2054, instance_loss: 0.0008, weighted_loss: 0.1440, label: 1, bag_size: 3932
batch 119, loss: 0.0073, instance_loss: 0.0000, weighted_loss: 0.0051, label: 0, bag_size: 4472
batch 139, loss: 0.5004, instance_loss: 0.0014, weighted_loss: 0.3507, label: 1, bag_size: 4610
batch 159, loss: 0.3724, instance_loss: 0.0009, weighted_loss: 0.2610, label: 1, bag_size: 1007
batch 179, loss: 0.0443, instance_loss: 0.0000, weighted_loss: 0.0310, label: 0, bag_size: 4347
batch 199, loss: 0.3040, instance_loss: 0.0004, weighted_loss: 0.2129, label: 0, bag_size: 818
batch 219, loss: 0.8340, instance_loss: 0.0016, weighted_loss: 0.5843, label: 0, bag_size: 305
batch 239, loss: 0.0239, instance_loss: 0.0000, weighted_loss: 0.0167, label: 0, bag_size: 461
batch 259, loss: 0.1086, instance_loss: 0.0000, weighted_loss: 0.0760, label: 1, bag_size: 4248
batch 279, loss: 0.8220, instance_loss: 0.0028, weighted_loss: 0.5763, label: 1, bag_size: 1702
batch 299, loss: 0.6863, instance_loss: 0.0035, weighted_loss: 0.4815, label: 0, bag_size: 1504
batch 319, loss: 0.7561, instance_loss: 0.0039, weighted_loss: 0.5305, label: 0, bag_size: 2553
batch 339, loss: 0.4961, instance_loss: 0.0000, weighted_loss: 0.3473, label: 1, bag_size: 2722
batch 359, loss: 0.4324, instance_loss: 0.0000, weighted_loss: 0.3027, label: 1, bag_size: 5337
batch 379, loss: 0.5307, instance_loss: 0.0000, weighted_loss: 0.3715, label: 1, bag_size: 3932
batch 399, loss: 0.2946, instance_loss: 0.0000, weighted_loss: 0.2062, label: 1, bag_size: 4142
batch 419, loss: 0.0778, instance_loss: 0.0010, weighted_loss: 0.0548, label: 1, bag_size: 3852
batch 439, loss: 0.7764, instance_loss: 0.0029, weighted_loss: 0.5444, label: 0, bag_size: 1081
batch 459, loss: 1.0152, instance_loss: 0.0048, weighted_loss: 0.7121, label: 1, bag_size: 846
batch 479, loss: 0.0790, instance_loss: 0.0000, weighted_loss: 0.0553, label: 0, bag_size: 4484
batch 499, loss: 0.2036, instance_loss: 0.0024, weighted_loss: 0.1432, label: 0, bag_size: 578
batch 519, loss: 0.7309, instance_loss: 0.0031, weighted_loss: 0.5126, label: 0, bag_size: 1553
batch 539, loss: 0.7501, instance_loss: 0.0038, weighted_loss: 0.5262, label: 0, bag_size: 3105
batch 559, loss: 0.3244, instance_loss: 0.0011, weighted_loss: 0.2275, label: 0, bag_size: 2097
batch 579, loss: 0.1720, instance_loss: 0.0009, weighted_loss: 0.1206, label: 0, bag_size: 4091
batch 599, loss: 0.8026, instance_loss: 0.0011, weighted_loss: 0.5621, label: 1, bag_size: 2364
batch 619, loss: 0.0029, instance_loss: 0.0000, weighted_loss: 0.0020, label: 0, bag_size: 5886
batch 639, loss: 0.7651, instance_loss: 0.0158, weighted_loss: 0.5403, label: 1, bag_size: 1270
batch 659, loss: 0.7149, instance_loss: 0.0025, weighted_loss: 0.5012, label: 0, bag_size: 657
batch 679, loss: 0.0028, instance_loss: 0.5671, weighted_loss: 0.1721, label: 1, bag_size: 9914
batch 699, loss: 0.9923, instance_loss: 0.0003, weighted_loss: 0.6947, label: 0, bag_size: 4357


class 0 clustering acc 0.995604781997187: correct 5663/5688
class 1 clustering acc 0.9989451476793249: correct 5682/5688
Epoch: 3, train_loss: 0.5409, train_clustering_loss:  0.0136, train_error: 0.2883
class 0: acc 0.672566371681416, correct 228/339
class 1: acc 0.7473118279569892, correct 278/372

Val Set, val_loss: 0.6917, val_error: 0.3817, auc: 0.6210
class 0 clustering acc 1.0: correct 1048/1048
class 1 clustering acc 1.0: correct 1048/1048
class 0: acc 0.6896551724137931, correct 60/87
class 1: acc 0.4772727272727273, correct 21/44
EarlyStopping counter: 3 out of 20


batch 19, loss: 0.9840, instance_loss: 0.0249, weighted_loss: 0.6963, label: 0, bag_size: 404
batch 39, loss: 0.0339, instance_loss: 0.0039, weighted_loss: 0.0249, label: 1, bag_size: 2745
batch 59, loss: 0.6407, instance_loss: 0.0015, weighted_loss: 0.4489, label: 0, bag_size: 975
batch 79, loss: 0.8062, instance_loss: 0.0026, weighted_loss: 0.5651, label: 1, bag_size: 4610
batch 99, loss: 0.7088, instance_loss: 0.0437, weighted_loss: 0.5092, label: 1, bag_size: 2634
batch 119, loss: 0.3232, instance_loss: 0.0110, weighted_loss: 0.2295, label: 1, bag_size: 3505
batch 139, loss: 0.0546, instance_loss: 0.0000, weighted_loss: 0.0383, label: 1, bag_size: 4013
batch 159, loss: 0.0480, instance_loss: 0.0000, weighted_loss: 0.0336, label: 0, bag_size: 4807
batch 179, loss: 0.7229, instance_loss: 0.0008, weighted_loss: 0.5063, label: 0, bag_size: 1439
batch 199, loss: 0.0998, instance_loss: 0.0024, weighted_loss: 0.0706, label: 1, bag_size: 4575
batch 219, loss: 0.0990, instance_loss: 0.0047, weighted_loss: 0.0707, label: 1, bag_size: 3505
batch 239, loss: 0.1747, instance_loss: 0.0008, weighted_loss: 0.1225, label: 0, bag_size: 657
batch 259, loss: 0.4388, instance_loss: 0.0000, weighted_loss: 0.3072, label: 1, bag_size: 4261
batch 279, loss: 0.8290, instance_loss: 0.0544, weighted_loss: 0.5966, label: 0, bag_size: 1504
batch 299, loss: 0.0325, instance_loss: 0.0052, weighted_loss: 0.0243, label: 1, bag_size: 468
batch 319, loss: 1.8678, instance_loss: 0.0069, weighted_loss: 1.3095, label: 1, bag_size: 727
batch 339, loss: 1.1428, instance_loss: 0.0614, weighted_loss: 0.8184, label: 1, bag_size: 388
batch 359, loss: 1.4898, instance_loss: 0.0005, weighted_loss: 1.0430, label: 1, bag_size: 1702
batch 379, loss: 0.5044, instance_loss: 0.0002, weighted_loss: 0.3531, label: 1, bag_size: 956
batch 399, loss: 0.0956, instance_loss: 0.0000, weighted_loss: 0.0670, label: 1, bag_size: 4248
batch 419, loss: 0.0849, instance_loss: 0.0000, weighted_loss: 0.0594, label: 0, bag_size: 3914
batch 439, loss: 1.0881, instance_loss: 0.0000, weighted_loss: 0.7616, label: 1, bag_size: 828
batch 459, loss: 0.5831, instance_loss: 0.0007, weighted_loss: 0.4084, label: 1, bag_size: 1210
batch 479, loss: 0.0469, instance_loss: 0.0010, weighted_loss: 0.0331, label: 1, bag_size: 2369
batch 499, loss: 0.2208, instance_loss: 0.0002, weighted_loss: 0.1546, label: 0, bag_size: 1519
batch 519, loss: 0.2694, instance_loss: 0.0000, weighted_loss: 0.1886, label: 0, bag_size: 3818
batch 539, loss: 0.0028, instance_loss: 0.0000, weighted_loss: 0.0019, label: 1, bag_size: 1092
batch 559, loss: 0.2427, instance_loss: 0.0000, weighted_loss: 0.1699, label: 0, bag_size: 1979
batch 579, loss: 1.1415, instance_loss: 0.0011, weighted_loss: 0.7994, label: 0, bag_size: 4447
batch 599, loss: 0.6181, instance_loss: 0.0011, weighted_loss: 0.4330, label: 1, bag_size: 2032
batch 619, loss: 0.5368, instance_loss: 0.0015, weighted_loss: 0.3762, label: 1, bag_size: 849
batch 639, loss: 0.0275, instance_loss: 0.0000, weighted_loss: 0.0193, label: 1, bag_size: 4160
batch 659, loss: 0.9287, instance_loss: 0.0024, weighted_loss: 0.6508, label: 1, bag_size: 470
batch 679, loss: 0.0509, instance_loss: 0.0000, weighted_loss: 0.0356, label: 0, bag_size: 568
batch 699, loss: 0.7692, instance_loss: 0.0178, weighted_loss: 0.5438, label: 0, bag_size: 1117


class 0 clustering acc 0.9959563994374121: correct 5665/5688
class 1 clustering acc 0.9994725738396625: correct 5685/5688
Epoch: 4, train_loss: 0.4928, train_clustering_loss:  0.0133, train_error: 0.2504
class 0: acc 0.7350427350427351, correct 258/351
class 1: acc 0.7638888888888888, correct 275/360

Val Set, val_loss: 0.7671, val_error: 0.3664, auc: 0.5940
class 0 clustering acc 1.0: correct 1048/1048
class 1 clustering acc 1.0: correct 1048/1048
class 0: acc 0.7586206896551724, correct 66/87
class 1: acc 0.38636363636363635, correct 17/44
EarlyStopping counter: 4 out of 20


batch 19, loss: 0.8597, instance_loss: 0.0193, weighted_loss: 0.6075, label: 1, bag_size: 691
batch 39, loss: 0.2144, instance_loss: 0.0404, weighted_loss: 0.1622, label: 1, bag_size: 1737
batch 59, loss: 0.8430, instance_loss: 0.0282, weighted_loss: 0.5985, label: 0, bag_size: 204
batch 79, loss: 0.4568, instance_loss: 0.0013, weighted_loss: 0.3202, label: 1, bag_size: 2364
batch 99, loss: 0.7226, instance_loss: 0.0000, weighted_loss: 0.5058, label: 1, bag_size: 3700
batch 119, loss: 1.5950, instance_loss: 0.0019, weighted_loss: 1.1171, label: 0, bag_size: 4154
batch 139, loss: 0.0595, instance_loss: 0.0033, weighted_loss: 0.0427, label: 0, bag_size: 3229
batch 159, loss: 0.1546, instance_loss: 0.0000, weighted_loss: 0.1083, label: 0, bag_size: 484
batch 179, loss: 0.0400, instance_loss: 0.0000, weighted_loss: 0.0280, label: 1, bag_size: 739
batch 199, loss: 0.0215, instance_loss: 0.0000, weighted_loss: 0.0151, label: 1, bag_size: 2794
batch 219, loss: 0.2224, instance_loss: 0.0774, weighted_loss: 0.1789, label: 1, bag_size: 297
batch 239, loss: 0.2164, instance_loss: 0.0017, weighted_loss: 0.1520, label: 1, bag_size: 579
batch 259, loss: 0.6577, instance_loss: 0.0000, weighted_loss: 0.4604, label: 0, bag_size: 492
batch 279, loss: 0.2722, instance_loss: 0.0000, weighted_loss: 0.1906, label: 0, bag_size: 2223
batch 299, loss: 0.0473, instance_loss: 0.0146, weighted_loss: 0.0375, label: 1, bag_size: 19888
batch 319, loss: 0.0388, instance_loss: 0.0000, weighted_loss: 0.0272, label: 1, bag_size: 4160
batch 339, loss: 2.3656, instance_loss: 0.0008, weighted_loss: 1.6561, label: 0, bag_size: 4057
batch 359, loss: 0.6797, instance_loss: 0.0029, weighted_loss: 0.4767, label: 1, bag_size: 483
batch 379, loss: 0.0011, instance_loss: 0.0000, weighted_loss: 0.0008, label: 0, bag_size: 5034
batch 399, loss: 0.0520, instance_loss: 0.0000, weighted_loss: 0.0364, label: 1, bag_size: 3865
batch 419, loss: 0.9740, instance_loss: 0.0008, weighted_loss: 0.6820, label: 0, bag_size: 3105
batch 439, loss: 0.0039, instance_loss: 0.0000, weighted_loss: 0.0028, label: 0, bag_size: 4460
batch 459, loss: 0.0298, instance_loss: 0.0000, weighted_loss: 0.0209, label: 0, bag_size: 4125
batch 479, loss: 0.0124, instance_loss: 0.0000, weighted_loss: 0.0087, label: 0, bag_size: 1979
batch 499, loss: 0.3660, instance_loss: 0.0045, weighted_loss: 0.2575, label: 0, bag_size: 1409
batch 519, loss: 0.4533, instance_loss: 0.0020, weighted_loss: 0.3179, label: 1, bag_size: 1033
batch 539, loss: 0.4026, instance_loss: 0.0031, weighted_loss: 0.2828, label: 1, bag_size: 1050
batch 559, loss: 0.0379, instance_loss: 0.0022, weighted_loss: 0.0272, label: 0, bag_size: 490
batch 579, loss: 0.3211, instance_loss: 0.0031, weighted_loss: 0.2257, label: 0, bag_size: 1883
batch 599, loss: 1.3283, instance_loss: 0.0005, weighted_loss: 0.9300, label: 1, bag_size: 516
batch 619, loss: 0.3254, instance_loss: 0.0064, weighted_loss: 0.2297, label: 0, bag_size: 739
batch 639, loss: 0.4896, instance_loss: 0.0002, weighted_loss: 0.3428, label: 0, bag_size: 641
batch 659, loss: 0.0169, instance_loss: 0.0000, weighted_loss: 0.0118, label: 1, bag_size: 1705
batch 679, loss: 0.8229, instance_loss: 0.0003, weighted_loss: 0.5761, label: 0, bag_size: 4697
batch 699, loss: 0.0838, instance_loss: 0.0000, weighted_loss: 0.0587, label: 1, bag_size: 4417


class 0 clustering acc 0.9987693389592124: correct 5681/5688
class 1 clustering acc 0.9989451476793249: correct 5682/5688
Epoch: 5, train_loss: 0.4333, train_clustering_loss:  0.0082, train_error: 0.1899
class 0: acc 0.7565982404692082, correct 258/341
class 1: acc 0.8594594594594595, correct 318/370

Val Set, val_loss: 0.8673, val_error: 0.3969, auc: 0.5943
class 0 clustering acc 1.0: correct 1048/1048
class 1 clustering acc 1.0: correct 1048/1048
class 0: acc 0.5977011494252874, correct 52/87
class 1: acc 0.6136363636363636, correct 27/44
EarlyStopping counter: 5 out of 20


batch 19, loss: 0.1444, instance_loss: 0.0000, weighted_loss: 0.1011, label: 1, bag_size: 4514
batch 39, loss: 0.4108, instance_loss: 0.0064, weighted_loss: 0.2895, label: 1, bag_size: 2946
batch 59, loss: 1.2995, instance_loss: 0.0005, weighted_loss: 0.9098, label: 0, bag_size: 5371
batch 79, loss: 0.4021, instance_loss: 0.0042, weighted_loss: 0.2827, label: 1, bag_size: 723
batch 99, loss: 0.7227, instance_loss: 0.0074, weighted_loss: 0.5081, label: 1, bag_size: 2634
batch 119, loss: 0.0339, instance_loss: 0.0034, weighted_loss: 0.0248, label: 1, bag_size: 4355
batch 139, loss: 0.4709, instance_loss: 0.0000, weighted_loss: 0.3296, label: 1, bag_size: 4559
batch 159, loss: 0.0047, instance_loss: 0.0061, weighted_loss: 0.0051, label: 0, bag_size: 375
batch 179, loss: 0.0182, instance_loss: 0.0000, weighted_loss: 0.0127, label: 1, bag_size: 4514
batch 199, loss: 0.0028, instance_loss: 0.0006, weighted_loss: 0.0022, label: 0, bag_size: 327
batch 219, loss: 0.5113, instance_loss: 0.0000, weighted_loss: 0.3579, label: 1, bag_size: 837
batch 239, loss: 0.4644, instance_loss: 0.0321, weighted_loss: 0.3347, label: 1, bag_size: 388
batch 259, loss: 0.5227, instance_loss: 0.0098, weighted_loss: 0.3688, label: 0, bag_size: 564
batch 279, loss: 1.6368, instance_loss: 0.0044, weighted_loss: 1.1471, label: 0, bag_size: 547
batch 299, loss: 0.2716, instance_loss: 0.0000, weighted_loss: 0.1901, label: 1, bag_size: 846
batch 319, loss: 0.6895, instance_loss: 0.0005, weighted_loss: 0.4828, label: 1, bag_size: 1592
batch 339, loss: 0.3418, instance_loss: 0.0000, weighted_loss: 0.2393, label: 1, bag_size: 5930
batch 359, loss: 0.9217, instance_loss: 0.0121, weighted_loss: 0.6488, label: 0, bag_size: 468
batch 379, loss: 0.0056, instance_loss: 0.0002, weighted_loss: 0.0040, label: 1, bag_size: 1536
batch 399, loss: 0.0045, instance_loss: 0.1057, weighted_loss: 0.0348, label: 1, bag_size: 14189
batch 419, loss: 0.3416, instance_loss: 0.0019, weighted_loss: 0.2397, label: 1, bag_size: 1476
batch 439, loss: 0.3048, instance_loss: 0.0009, weighted_loss: 0.2136, label: 1, bag_size: 1683
batch 459, loss: 0.0779, instance_loss: 0.0445, weighted_loss: 0.0679, label: 1, bag_size: 297
batch 479, loss: 0.0135, instance_loss: 0.0000, weighted_loss: 0.0095, label: 1, bag_size: 5333
batch 499, loss: 0.0137, instance_loss: 0.0010, weighted_loss: 0.0099, label: 0, bag_size: 817
batch 519, loss: 1.5047, instance_loss: 0.0003, weighted_loss: 1.0534, label: 0, bag_size: 4657
batch 539, loss: 0.1589, instance_loss: 0.0077, weighted_loss: 0.1135, label: 0, bag_size: 263
batch 559, loss: 0.0240, instance_loss: 0.0027, weighted_loss: 0.0176, label: 0, bag_size: 739
batch 579, loss: 0.0128, instance_loss: 0.0129, weighted_loss: 0.0129, label: 0, bag_size: 816
batch 599, loss: 0.0064, instance_loss: 0.0018, weighted_loss: 0.0050, label: 0, bag_size: 416
batch 619, loss: 1.4468, instance_loss: 0.0009, weighted_loss: 1.0131, label: 1, bag_size: 667
batch 639, loss: 2.6727, instance_loss: 0.0000, weighted_loss: 1.8709, label: 0, bag_size: 611
batch 659, loss: 0.0313, instance_loss: 0.0010, weighted_loss: 0.0222, label: 0, bag_size: 2822
batch 679, loss: 0.2952, instance_loss: 0.0008, weighted_loss: 0.2069, label: 1, bag_size: 559
batch 699, loss: 0.0625, instance_loss: 0.0000, weighted_loss: 0.0437, label: 1, bag_size: 2794


class 0 clustering acc 0.9994725738396625: correct 5685/5688
class 1 clustering acc 0.9985935302390999: correct 5680/5688
Epoch: 6, train_loss: 0.3078, train_clustering_loss:  0.0106, train_error: 0.1210
class 0: acc 0.8513513513513513, correct 315/370
class 1: acc 0.9090909090909091, correct 310/341

Val Set, val_loss: 0.9626, val_error: 0.3817, auc: 0.5865
class 0 clustering acc 1.0: correct 1048/1048
class 1 clustering acc 1.0: correct 1048/1048
class 0: acc 0.7126436781609196, correct 62/87
class 1: acc 0.4318181818181818, correct 19/44
EarlyStopping counter: 6 out of 20


batch 19, loss: 0.0034, instance_loss: 0.0000, weighted_loss: 0.0024, label: 1, bag_size: 1742
batch 39, loss: 0.1302, instance_loss: 0.0000, weighted_loss: 0.0912, label: 1, bag_size: 3932
batch 59, loss: 1.6724, instance_loss: 0.0006, weighted_loss: 1.1708, label: 0, bag_size: 5132
batch 79, loss: 0.1321, instance_loss: 0.0000, weighted_loss: 0.0925, label: 1, bag_size: 4429
batch 99, loss: 0.0165, instance_loss: 0.0000, weighted_loss: 0.0115, label: 0, bag_size: 2145
batch 119, loss: 0.1529, instance_loss: 0.0000, weighted_loss: 0.1070, label: 1, bag_size: 3762
batch 139, loss: 0.0111, instance_loss: 0.0004, weighted_loss: 0.0079, label: 0, bag_size: 492
batch 159, loss: 0.0230, instance_loss: 0.0000, weighted_loss: 0.0161, label: 0, bag_size: 1668
batch 179, loss: 0.4557, instance_loss: 0.0023, weighted_loss: 0.3197, label: 1, bag_size: 579
batch 199, loss: 0.1926, instance_loss: 0.0005, weighted_loss: 0.1350, label: 0, bag_size: 454
batch 219, loss: 0.0771, instance_loss: 0.0005, weighted_loss: 0.0541, label: 0, bag_size: 1143
batch 239, loss: 0.0047, instance_loss: 0.0985, weighted_loss: 0.0328, label: 1, bag_size: 10274
batch 259, loss: 2.2087, instance_loss: 0.0000, weighted_loss: 1.5461, label: 0, bag_size: 1592
batch 279, loss: 0.0003, instance_loss: 0.0002, weighted_loss: 0.0003, label: 0, bag_size: 958
batch 299, loss: 1.3081, instance_loss: 0.0162, weighted_loss: 0.9205, label: 0, bag_size: 242
batch 319, loss: 0.1056, instance_loss: 0.0000, weighted_loss: 0.0739, label: 1, bag_size: 3530
batch 339, loss: 0.0629, instance_loss: 0.0029, weighted_loss: 0.0449, label: 1, bag_size: 727
batch 359, loss: 0.1570, instance_loss: 0.0086, weighted_loss: 0.1125, label: 0, bag_size: 468
batch 379, loss: 0.2784, instance_loss: 0.0007, weighted_loss: 0.1951, label: 1, bag_size: 4439
batch 399, loss: 0.1041, instance_loss: 0.0000, weighted_loss: 0.0729, label: 0, bag_size: 2653
batch 419, loss: 0.0140, instance_loss: 0.0002, weighted_loss: 0.0099, label: 1, bag_size: 2637
batch 439, loss: 1.7252, instance_loss: 0.0004, weighted_loss: 1.2077, label: 0, bag_size: 277
batch 459, loss: 0.3324, instance_loss: 0.0000, weighted_loss: 0.2327, label: 1, bag_size: 739
batch 479, loss: 0.0400, instance_loss: 0.0900, weighted_loss: 0.0550, label: 1, bag_size: 856
batch 499, loss: 0.0954, instance_loss: 0.0037, weighted_loss: 0.0679, label: 0, bag_size: 1231
batch 519, loss: 0.1571, instance_loss: 0.0003, weighted_loss: 0.1100, label: 1, bag_size: 1702
batch 539, loss: 0.2682, instance_loss: 0.0008, weighted_loss: 0.1880, label: 1, bag_size: 1079
batch 559, loss: 0.3005, instance_loss: 0.0005, weighted_loss: 0.2105, label: 1, bag_size: 2267
batch 579, loss: 0.2648, instance_loss: 0.0010, weighted_loss: 0.1856, label: 1, bag_size: 1702
batch 599, loss: 0.3449, instance_loss: 0.0000, weighted_loss: 0.2414, label: 1, bag_size: 3045
batch 619, loss: 0.1261, instance_loss: 0.0002, weighted_loss: 0.0884, label: 1, bag_size: 511
batch 639, loss: 0.0925, instance_loss: 0.0000, weighted_loss: 0.0647, label: 0, bag_size: 2555
batch 659, loss: 0.0230, instance_loss: 0.0000, weighted_loss: 0.0161, label: 1, bag_size: 4593
batch 679, loss: 0.3883, instance_loss: 0.0018, weighted_loss: 0.2723, label: 1, bag_size: 559
batch 699, loss: 0.3442, instance_loss: 0.0018, weighted_loss: 0.2415, label: 1, bag_size: 382


class 0 clustering acc 0.9994725738396625: correct 5685/5688
class 1 clustering acc 0.9978902953586498: correct 5676/5688
Epoch: 7, train_loss: 0.2794, train_clustering_loss:  0.0124, train_error: 0.1308
class 0: acc 0.8240469208211144, correct 281/341
class 1: acc 0.9108108108108108, correct 337/370

Val Set, val_loss: 1.0074, val_error: 0.3588, auc: 0.5987
class 0 clustering acc 1.0: correct 1048/1048
class 1 clustering acc 1.0: correct 1048/1048
class 0: acc 0.7816091954022989, correct 68/87
class 1: acc 0.36363636363636365, correct 16/44
EarlyStopping counter: 7 out of 20


batch 19, loss: 0.0073, instance_loss: 0.0008, weighted_loss: 0.0054, label: 1, bag_size: 1596
batch 39, loss: 1.7017, instance_loss: 0.0000, weighted_loss: 1.1912, label: 0, bag_size: 5356
batch 59, loss: 0.1185, instance_loss: 0.0000, weighted_loss: 0.0830, label: 1, bag_size: 4417
batch 79, loss: 0.0110, instance_loss: 0.1280, weighted_loss: 0.0461, label: 1, bag_size: 297
batch 99, loss: 0.2798, instance_loss: 0.0023, weighted_loss: 0.1965, label: 1, bag_size: 579
batch 119, loss: 0.0076, instance_loss: 0.0000, weighted_loss: 0.0053, label: 0, bag_size: 3672
batch 139, loss: 0.0720, instance_loss: 0.0000, weighted_loss: 0.0504, label: 1, bag_size: 3530
batch 159, loss: 0.3066, instance_loss: 0.0011, weighted_loss: 0.2150, label: 0, bag_size: 439
batch 179, loss: 0.0000, instance_loss: 0.0000, weighted_loss: 0.0000, label: 0, bag_size: 4391
batch 199, loss: 0.0153, instance_loss: 0.2771, weighted_loss: 0.0939, label: 1, bag_size: 297
batch 219, loss: 0.0006, instance_loss: 0.0000, weighted_loss: 0.0004, label: 0, bag_size: 2216
batch 239, loss: 0.0608, instance_loss: 0.0000, weighted_loss: 0.0426, label: 0, bag_size: 1668
batch 259, loss: 0.0117, instance_loss: 0.0000, weighted_loss: 0.0082, label: 0, bag_size: 934
batch 279, loss: 0.0274, instance_loss: 0.0000, weighted_loss: 0.0192, label: 0, bag_size: 3507
batch 299, loss: 0.0038, instance_loss: 0.0000, weighted_loss: 0.0027, label: 1, bag_size: 2345
batch 319, loss: 0.0015, instance_loss: 0.0000, weighted_loss: 0.0010, label: 0, bag_size: 1327
batch 339, loss: 0.3732, instance_loss: 0.0000, weighted_loss: 0.2613, label: 1, bag_size: 4559
batch 359, loss: 0.0613, instance_loss: 0.0003, weighted_loss: 0.0430, label: 1, bag_size: 511
batch 379, loss: 0.6502, instance_loss: 0.0000, weighted_loss: 0.4551, label: 1, bag_size: 2144
batch 399, loss: 0.3740, instance_loss: 0.0026, weighted_loss: 0.2626, label: 0, bag_size: 765
batch 419, loss: 0.0034, instance_loss: 0.0120, weighted_loss: 0.0060, label: 0, bag_size: 862
batch 439, loss: 0.1012, instance_loss: 0.0024, weighted_loss: 0.0716, label: 1, bag_size: 1922
batch 459, loss: 0.0021, instance_loss: 0.3167, weighted_loss: 0.0965, label: 1, bag_size: 9914
batch 479, loss: 0.0137, instance_loss: 0.0000, weighted_loss: 0.0096, label: 1, bag_size: 4217
batch 499, loss: 0.2930, instance_loss: 0.0000, weighted_loss: 0.2051, label: 0, bag_size: 1519
batch 519, loss: 0.0000, instance_loss: 0.0000, weighted_loss: 0.0000, label: 0, bag_size: 4251
batch 539, loss: 0.1700, instance_loss: 0.0000, weighted_loss: 0.1190, label: 1, bag_size: 1683
batch 559, loss: 0.0100, instance_loss: 0.0000, weighted_loss: 0.0070, label: 1, bag_size: 3865
batch 579, loss: 0.0000, instance_loss: 0.0003, weighted_loss: 0.0001, label: 0, bag_size: 1102
batch 599, loss: 0.0011, instance_loss: 0.0000, weighted_loss: 0.0008, label: 0, bag_size: 417
batch 619, loss: 1.1334, instance_loss: 0.0000, weighted_loss: 0.7934, label: 0, bag_size: 3626
batch 639, loss: 0.1043, instance_loss: 0.0010, weighted_loss: 0.0733, label: 1, bag_size: 2032
batch 659, loss: 0.1754, instance_loss: 0.0000, weighted_loss: 0.1228, label: 1, bag_size: 4645
batch 679, loss: 0.3851, instance_loss: 0.0000, weighted_loss: 0.2695, label: 0, bag_size: 3859
batch 699, loss: 0.0044, instance_loss: 0.0000, weighted_loss: 0.0031, label: 1, bag_size: 5489


class 0 clustering acc 0.9994725738396625: correct 5685/5688
class 1 clustering acc 0.9984177215189873: correct 5679/5688
Epoch: 8, train_loss: 0.2558, train_clustering_loss:  0.0072, train_error: 0.0985
class 0: acc 0.8635014836795252, correct 291/337
class 1: acc 0.9358288770053476, correct 350/374

Val Set, val_loss: 1.1515, val_error: 0.3969, auc: 0.5609
class 0 clustering acc 1.0: correct 1048/1048
class 1 clustering acc 1.0: correct 1048/1048
class 0: acc 0.6896551724137931, correct 60/87
class 1: acc 0.4318181818181818, correct 19/44
EarlyStopping counter: 8 out of 20


batch 19, loss: 0.1730, instance_loss: 0.0000, weighted_loss: 0.1211, label: 1, bag_size: 4429
batch 39, loss: 0.0080, instance_loss: 0.0000, weighted_loss: 0.0056, label: 1, bag_size: 1105
batch 59, loss: 0.0023, instance_loss: 0.0060, weighted_loss: 0.0034, label: 1, bag_size: 2594
batch 79, loss: 0.9341, instance_loss: 0.0037, weighted_loss: 0.6550, label: 1, bag_size: 470
batch 99, loss: 0.0731, instance_loss: 0.0020, weighted_loss: 0.0518, label: 1, bag_size: 711
batch 119, loss: 0.3094, instance_loss: 0.0000, weighted_loss: 0.2166, label: 0, bag_size: 5083
batch 139, loss: 0.0021, instance_loss: 0.3563, weighted_loss: 0.1083, label: 1, bag_size: 10274
batch 159, loss: 0.0106, instance_loss: 0.0000, weighted_loss: 0.0074, label: 1, bag_size: 3762
batch 179, loss: 0.0118, instance_loss: 0.0016, weighted_loss: 0.0088, label: 0, bag_size: 975
batch 199, loss: 0.5340, instance_loss: 0.0054, weighted_loss: 0.3754, label: 0, bag_size: 1616
batch 219, loss: 0.1659, instance_loss: 0.0003, weighted_loss: 0.1162, label: 0, bag_size: 4697
batch 239, loss: 0.0580, instance_loss: 0.0005, weighted_loss: 0.0408, label: 1, bag_size: 1296
batch 259, loss: 0.1048, instance_loss: 0.0042, weighted_loss: 0.0746, label: 0, bag_size: 470
batch 279, loss: 0.0023, instance_loss: 0.0002, weighted_loss: 0.0017, label: 1, bag_size: 1210
batch 299, loss: 0.0105, instance_loss: 0.0000, weighted_loss: 0.0074, label: 1, bag_size: 3865
batch 319, loss: 0.0019, instance_loss: 0.0000, weighted_loss: 0.0013, label: 0, bag_size: 4420
batch 339, loss: 0.4020, instance_loss: 0.0000, weighted_loss: 0.2814, label: 0, bag_size: 5083
batch 359, loss: 1.4090, instance_loss: 0.0000, weighted_loss: 0.9863, label: 0, bag_size: 4230
batch 379, loss: 0.1109, instance_loss: 0.0048, weighted_loss: 0.0790, label: 0, bag_size: 885
batch 399, loss: 0.0035, instance_loss: 0.0003, weighted_loss: 0.0025, label: 1, bag_size: 2969
batch 419, loss: 0.0050, instance_loss: 0.0000, weighted_loss: 0.0035, label: 1, bag_size: 468
batch 439, loss: 1.5937, instance_loss: 0.0000, weighted_loss: 1.1156, label: 1, bag_size: 4439
batch 459, loss: 0.0016, instance_loss: 0.0000, weighted_loss: 0.0012, label: 1, bag_size: 980
batch 479, loss: 0.0012, instance_loss: 0.0005, weighted_loss: 0.0010, label: 1, bag_size: 2969
batch 499, loss: 0.2795, instance_loss: 0.0000, weighted_loss: 0.1957, label: 1, bag_size: 3932
batch 519, loss: 0.0782, instance_loss: 0.0000, weighted_loss: 0.0548, label: 1, bag_size: 2385
batch 539, loss: 0.0090, instance_loss: 0.0000, weighted_loss: 0.0063, label: 1, bag_size: 2513
batch 559, loss: 0.0503, instance_loss: 0.0000, weighted_loss: 0.0352, label: 1, bag_size: 2242
batch 579, loss: 0.0160, instance_loss: 0.0011, weighted_loss: 0.0115, label: 1, bag_size: 1296
batch 599, loss: 0.0002, instance_loss: 0.0000, weighted_loss: 0.0002, label: 0, bag_size: 1452
batch 619, loss: 0.0623, instance_loss: 0.0000, weighted_loss: 0.0436, label: 0, bag_size: 1417
batch 639, loss: 0.0541, instance_loss: 0.0003, weighted_loss: 0.0380, label: 1, bag_size: 3325
batch 659, loss: 0.0000, instance_loss: 0.0000, weighted_loss: 0.0000, label: 0, bag_size: 3934
batch 679, loss: 0.0024, instance_loss: 0.0000, weighted_loss: 0.0017, label: 1, bag_size: 5455
batch 699, loss: 1.8476, instance_loss: 0.0000, weighted_loss: 1.2933, label: 0, bag_size: 3100


class 0 clustering acc 0.9994725738396625: correct 5685/5688
class 1 clustering acc 0.9985935302390999: correct 5680/5688
Epoch: 9, train_loss: 0.2156, train_clustering_loss:  0.0089, train_error: 0.0844
class 0: acc 0.8815028901734104, correct 305/346
class 1: acc 0.947945205479452, correct 346/365

Val Set, val_loss: 1.1481, val_error: 0.4275, auc: 0.5321
class 0 clustering acc 1.0: correct 1048/1048
class 1 clustering acc 1.0: correct 1048/1048
class 0: acc 0.6666666666666666, correct 58/87
class 1: acc 0.38636363636363635, correct 17/44
EarlyStopping counter: 9 out of 20


batch 19, loss: 0.2489, instance_loss: 0.0042, weighted_loss: 0.1755, label: 0, bag_size: 1094
batch 39, loss: 0.5226, instance_loss: 0.0000, weighted_loss: 0.3658, label: 0, bag_size: 6409
batch 59, loss: 0.4280, instance_loss: 0.0000, weighted_loss: 0.2996, label: 1, bag_size: 1683
batch 79, loss: 0.0111, instance_loss: 0.0000, weighted_loss: 0.0077, label: 1, bag_size: 2660
batch 99, loss: 0.0010, instance_loss: 0.0005, weighted_loss: 0.0008, label: 0, bag_size: 2280
batch 119, loss: 0.0024, instance_loss: 0.0009, weighted_loss: 0.0019, label: 0, bag_size: 460
batch 139, loss: 0.0065, instance_loss: 0.0000, weighted_loss: 0.0045, label: 0, bag_size: 5637
batch 159, loss: 0.0141, instance_loss: 0.0014, weighted_loss: 0.0103, label: 0, bag_size: 748
batch 179, loss: 0.0089, instance_loss: 0.0000, weighted_loss: 0.0062, label: 1, bag_size: 1476
batch 199, loss: 0.0104, instance_loss: 0.0095, weighted_loss: 0.0102, label: 0, bag_size: 309
batch 219, loss: 0.5842, instance_loss: 0.0000, weighted_loss: 0.4089, label: 1, bag_size: 4913
batch 239, loss: 0.2346, instance_loss: 0.0006, weighted_loss: 0.1644, label: 1, bag_size: 1683
batch 259, loss: 0.0178, instance_loss: 0.0000, weighted_loss: 0.0125, label: 1, bag_size: 4575
batch 279, loss: 0.1056, instance_loss: 0.0012, weighted_loss: 0.0743, label: 1, bag_size: 1343
batch 299, loss: 0.0013, instance_loss: 0.0016, weighted_loss: 0.0013, label: 1, bag_size: 774
batch 319, loss: 0.0017, instance_loss: 0.0000, weighted_loss: 0.0012, label: 0, bag_size: 4460
batch 339, loss: 0.0045, instance_loss: 0.0000, weighted_loss: 0.0032, label: 0, bag_size: 1519
batch 359, loss: 0.0044, instance_loss: 0.0000, weighted_loss: 0.0030, label: 1, bag_size: 2324
batch 379, loss: 0.0324, instance_loss: 0.0210, weighted_loss: 0.0290, label: 1, bag_size: 903
batch 399, loss: 0.0568, instance_loss: 0.0000, weighted_loss: 0.0398, label: 1, bag_size: 3719
batch 419, loss: 0.0037, instance_loss: 0.0000, weighted_loss: 0.0026, label: 0, bag_size: 1240
batch 439, loss: 0.1662, instance_loss: 0.0152, weighted_loss: 0.1209, label: 1, bag_size: 712
batch 459, loss: 0.4055, instance_loss: 1.4000, weighted_loss: 0.7038, label: 0, bag_size: 755
batch 479, loss: 0.0878, instance_loss: 0.0403, weighted_loss: 0.0735, label: 1, bag_size: 714
batch 499, loss: 0.0005, instance_loss: 0.0260, weighted_loss: 0.0081, label: 0, bag_size: 671
batch 519, loss: 0.0034, instance_loss: 0.0000, weighted_loss: 0.0024, label: 0, bag_size: 2065
batch 539, loss: 0.0002, instance_loss: 0.0002, weighted_loss: 0.0002, label: 0, bag_size: 1685
batch 559, loss: 0.0050, instance_loss: 0.0034, weighted_loss: 0.0045, label: 0, bag_size: 568
batch 579, loss: 0.0000, instance_loss: 0.0010, weighted_loss: 0.0003, label: 0, bag_size: 435
batch 599, loss: 0.0029, instance_loss: 0.0000, weighted_loss: 0.0020, label: 0, bag_size: 875
batch 619, loss: 0.0000, instance_loss: 0.0000, weighted_loss: 0.0000, label: 0, bag_size: 961
batch 639, loss: 1.4842, instance_loss: 0.0002, weighted_loss: 1.0390, label: 0, bag_size: 3898
batch 659, loss: 0.0331, instance_loss: 0.0000, weighted_loss: 0.0232, label: 0, bag_size: 1928
batch 679, loss: 0.0036, instance_loss: 0.0100, weighted_loss: 0.0056, label: 0, bag_size: 832
batch 699, loss: 0.0022, instance_loss: 0.0002, weighted_loss: 0.0016, label: 0, bag_size: 659


class 0 clustering acc 0.9998241912798875: correct 5687/5688
class 1 clustering acc 0.9987693389592124: correct 5681/5688
Epoch: 10, train_loss: 0.1629, train_clustering_loss:  0.0090, train_error: 0.0689
class 0: acc 0.9138888888888889, correct 329/360
class 1: acc 0.9487179487179487, correct 333/351

Val Set, val_loss: 1.4899, val_error: 0.4122, auc: 0.5345
class 0 clustering acc 1.0: correct 1048/1048
class 1 clustering acc 1.0: correct 1048/1048
class 0: acc 0.7011494252873564, correct 61/87
class 1: acc 0.36363636363636365, correct 16/44
EarlyStopping counter: 10 out of 20


batch 19, loss: 0.0039, instance_loss: 0.0031, weighted_loss: 0.0036, label: 0, bag_size: 348
batch 39, loss: 1.9140, instance_loss: 0.0000, weighted_loss: 1.3398, label: 1, bag_size: 3839
batch 59, loss: 0.1080, instance_loss: 0.0027, weighted_loss: 0.0764, label: 1, bag_size: 869
batch 79, loss: 0.0006, instance_loss: 0.0000, weighted_loss: 0.0004, label: 1, bag_size: 2345
batch 99, loss: 0.0109, instance_loss: 0.0000, weighted_loss: 0.0077, label: 1, bag_size: 4248
batch 119, loss: 0.0549, instance_loss: 0.0000, weighted_loss: 0.0384, label: 1, bag_size: 2841
batch 139, loss: 0.0010, instance_loss: 0.0399, weighted_loss: 0.0127, label: 1, bag_size: 297
batch 159, loss: 0.0018, instance_loss: 0.0038, weighted_loss: 0.0024, label: 1, bag_size: 1922
batch 179, loss: 0.0296, instance_loss: 0.0021, weighted_loss: 0.0214, label: 1, bag_size: 2620
batch 199, loss: 0.0008, instance_loss: 0.0211, weighted_loss: 0.0069, label: 0, bag_size: 781
batch 219, loss: 0.0166, instance_loss: 0.0320, weighted_loss: 0.0212, label: 0, bag_size: 491
batch 239, loss: 0.0000, instance_loss: 0.0006, weighted_loss: 0.0002, label: 0, bag_size: 375
batch 259, loss: 0.0711, instance_loss: 0.0000, weighted_loss: 0.0498, label: 0, bag_size: 537
batch 279, loss: 1.1817, instance_loss: 0.0034, weighted_loss: 0.8282, label: 0, bag_size: 1117
batch 299, loss: 0.0360, instance_loss: 0.0000, weighted_loss: 0.0252, label: 1, bag_size: 547
batch 319, loss: 0.3572, instance_loss: 0.0000, weighted_loss: 0.2500, label: 0, bag_size: 1592
batch 339, loss: 0.0082, instance_loss: 0.0000, weighted_loss: 0.0057, label: 0, bag_size: 2460
batch 359, loss: 0.0055, instance_loss: 0.0111, weighted_loss: 0.0072, label: 0, bag_size: 775
batch 379, loss: 0.3581, instance_loss: 0.0100, weighted_loss: 0.2536, label: 1, bag_size: 559
batch 399, loss: 0.3006, instance_loss: 0.0050, weighted_loss: 0.2119, label: 0, bag_size: 2145
batch 419, loss: 0.0081, instance_loss: 0.0000, weighted_loss: 0.0057, label: 1, bag_size: 1638
batch 439, loss: 0.0000, instance_loss: 0.0000, weighted_loss: 0.0000, label: 0, bag_size: 4030
batch 459, loss: 0.0059, instance_loss: 0.0000, weighted_loss: 0.0041, label: 0, bag_size: 4662
batch 479, loss: 0.0000, instance_loss: 0.0000, weighted_loss: 0.0000, label: 0, bag_size: 4472
batch 499, loss: 0.0242, instance_loss: 0.2121, weighted_loss: 0.0806, label: 1, bag_size: 691
batch 519, loss: 0.0003, instance_loss: 0.0211, weighted_loss: 0.0066, label: 1, bag_size: 14189
batch 539, loss: 0.4419, instance_loss: 0.0000, weighted_loss: 0.3093, label: 1, bag_size: 6348
batch 559, loss: 0.0001, instance_loss: 0.0004, weighted_loss: 0.0002, label: 0, bag_size: 2097
batch 579, loss: 1.1857, instance_loss: 4.3181, weighted_loss: 2.1254, label: 0, bag_size: 600
batch 599, loss: 0.0886, instance_loss: 0.0005, weighted_loss: 0.0621, label: 1, bag_size: 270
batch 619, loss: 0.2843, instance_loss: 0.0154, weighted_loss: 0.2036, label: 1, bag_size: 1343
batch 639, loss: 0.0284, instance_loss: 0.0007, weighted_loss: 0.0201, label: 0, bag_size: 781
batch 659, loss: 0.1321, instance_loss: 0.0009, weighted_loss: 0.0928, label: 1, bag_size: 847
batch 679, loss: 0.5387, instance_loss: 0.0002, weighted_loss: 0.3772, label: 1, bag_size: 3656
batch 699, loss: 2.0356, instance_loss: 0.0000, weighted_loss: 1.4249, label: 0, bag_size: 5356


class 0 clustering acc 0.999648382559775: correct 5686/5688
class 1 clustering acc 0.9964838255977496: correct 5668/5688
Epoch: 11, train_loss: 0.1666, train_clustering_loss:  0.0191, train_error: 0.0605
class 0: acc 0.9190751445086706, correct 318/346
class 1: acc 0.958904109589041, correct 350/365

Val Set, val_loss: 1.3150, val_error: 0.3969, auc: 0.5802
class 0 clustering acc 1.0: correct 1048/1048
class 1 clustering acc 1.0: correct 1048/1048
class 0: acc 0.8045977011494253, correct 70/87
class 1: acc 0.20454545454545456, correct 9/44
EarlyStopping counter: 11 out of 20


batch 19, loss: 0.0418, instance_loss: 0.0000, weighted_loss: 0.0293, label: 0, bag_size: 4193
batch 39, loss: 1.9803, instance_loss: 0.0000, weighted_loss: 1.3862, label: 0, bag_size: 4800
batch 59, loss: 0.1366, instance_loss: 0.0000, weighted_loss: 0.0956, label: 1, bag_size: 966
batch 79, loss: 0.5678, instance_loss: 0.0005, weighted_loss: 0.3976, label: 1, bag_size: 1018
batch 99, loss: 0.0000, instance_loss: 0.0049, weighted_loss: 0.0015, label: 0, bag_size: 394
batch 119, loss: 0.0002, instance_loss: 0.0000, weighted_loss: 0.0001, label: 0, bag_size: 4030
batch 139, loss: 0.0011, instance_loss: 0.0448, weighted_loss: 0.0142, label: 0, bag_size: 739
batch 159, loss: 0.7281, instance_loss: 0.0000, weighted_loss: 0.5097, label: 0, bag_size: 3265
batch 179, loss: 0.0008, instance_loss: 0.0000, weighted_loss: 0.0006, label: 0, bag_size: 1312
batch 199, loss: 0.0005, instance_loss: 0.0021, weighted_loss: 0.0010, label: 0, bag_size: 753
batch 219, loss: 0.0024, instance_loss: 0.0028, weighted_loss: 0.0025, label: 0, bag_size: 736
batch 239, loss: 0.1461, instance_loss: 0.0000, weighted_loss: 0.1023, label: 1, bag_size: 5454
batch 259, loss: 0.0652, instance_loss: 0.0048, weighted_loss: 0.0471, label: 1, bag_size: 712
batch 279, loss: 2.0391, instance_loss: 0.0000, weighted_loss: 1.4274, label: 1, bag_size: 4946
batch 299, loss: 0.0373, instance_loss: 0.0000, weighted_loss: 0.0261, label: 0, bag_size: 853
batch 319, loss: 0.4479, instance_loss: 0.0000, weighted_loss: 0.3135, label: 1, bag_size: 4559
batch 339, loss: 0.2603, instance_loss: 0.0006, weighted_loss: 0.1824, label: 1, bag_size: 270
batch 359, loss: 0.0002, instance_loss: 0.0000, weighted_loss: 0.0001, label: 0, bag_size: 4645
batch 379, loss: 0.0056, instance_loss: 0.0009, weighted_loss: 0.0042, label: 0, bag_size: 3341
batch 399, loss: 0.0158, instance_loss: 0.0000, weighted_loss: 0.0111, label: 1, bag_size: 2385
batch 419, loss: 0.0014, instance_loss: 0.0015, weighted_loss: 0.0014, label: 0, bag_size: 619
batch 439, loss: 1.2543, instance_loss: 0.0027, weighted_loss: 0.8788, label: 0, bag_size: 4657
batch 459, loss: 0.0050, instance_loss: 0.0000, weighted_loss: 0.0035, label: 1, bag_size: 1885
batch 479, loss: 0.1911, instance_loss: 0.0000, weighted_loss: 0.1337, label: 1, bag_size: 3932
batch 499, loss: 0.0005, instance_loss: 0.0002, weighted_loss: 0.0004, label: 0, bag_size: 4080
batch 519, loss: 0.0008, instance_loss: 0.0002, weighted_loss: 0.0006, label: 0, bag_size: 818
batch 539, loss: 0.8630, instance_loss: 0.0004, weighted_loss: 0.6042, label: 0, bag_size: 4447
batch 559, loss: 0.0074, instance_loss: 0.0000, weighted_loss: 0.0052, label: 1, bag_size: 2385
batch 579, loss: 1.9323, instance_loss: 0.0000, weighted_loss: 1.3526, label: 0, bag_size: 4045
batch 599, loss: 0.0000, instance_loss: 0.0000, weighted_loss: 0.0000, label: 0, bag_size: 950
batch 619, loss: 0.0603, instance_loss: 0.0003, weighted_loss: 0.0423, label: 1, bag_size: 5353
batch 639, loss: 0.0000, instance_loss: 0.0000, weighted_loss: 0.0000, label: 0, bag_size: 876
batch 659, loss: 1.0411, instance_loss: 0.0000, weighted_loss: 0.7288, label: 0, bag_size: 4665
batch 679, loss: 0.0320, instance_loss: 0.5126, weighted_loss: 0.1762, label: 0, bag_size: 1023
batch 699, loss: 0.0151, instance_loss: 0.0206, weighted_loss: 0.0167, label: 1, bag_size: 856


class 0 clustering acc 1.0: correct 5688/5688
class 1 clustering acc 0.9985935302390999: correct 5680/5688
Epoch: 12, train_loss: 0.1891, train_clustering_loss:  0.0062, train_error: 0.0858
class 0: acc 0.8970189701897019, correct 331/369
class 1: acc 0.9327485380116959, correct 319/342

Val Set, val_loss: 1.4554, val_error: 0.4275, auc: 0.5206
class 0 clustering acc 1.0: correct 1048/1048
class 1 clustering acc 1.0: correct 1048/1048
class 0: acc 0.6206896551724138, correct 54/87
class 1: acc 0.4772727272727273, correct 21/44
EarlyStopping counter: 12 out of 20


batch 19, loss: 0.0037, instance_loss: 0.0000, weighted_loss: 0.0026, label: 0, bag_size: 895
batch 39, loss: 0.5003, instance_loss: 0.0000, weighted_loss: 0.3502, label: 1, bag_size: 3932
batch 59, loss: 0.4125, instance_loss: 0.0000, weighted_loss: 0.2888, label: 1, bag_size: 3932
batch 79, loss: 0.0000, instance_loss: 0.0000, weighted_loss: 0.0000, label: 0, bag_size: 3934
batch 99, loss: 0.0221, instance_loss: 0.0000, weighted_loss: 0.0155, label: 1, bag_size: 2385
batch 119, loss: 0.0025, instance_loss: 0.0099, weighted_loss: 0.0047, label: 0, bag_size: 671
batch 139, loss: 0.0004, instance_loss: 0.0028, weighted_loss: 0.0011, label: 0, bag_size: 1000
batch 159, loss: 0.5145, instance_loss: 0.0000, weighted_loss: 0.3602, label: 0, bag_size: 1340
batch 179, loss: 0.0037, instance_loss: 1.8578, weighted_loss: 0.5599, label: 0, bag_size: 600
batch 199, loss: 0.6527, instance_loss: 0.0000, weighted_loss: 0.4569, label: 1, bag_size: 3334
batch 219, loss: 0.0000, instance_loss: 0.0005, weighted_loss: 0.0002, label: 0, bag_size: 3765
batch 239, loss: 0.0001, instance_loss: 0.0008, weighted_loss: 0.0003, label: 0, bag_size: 310
batch 259, loss: 0.0008, instance_loss: 0.0013, weighted_loss: 0.0009, label: 0, bag_size: 1383
batch 279, loss: 0.0059, instance_loss: 0.0018, weighted_loss: 0.0047, label: 0, bag_size: 2478
batch 299, loss: 0.0601, instance_loss: 0.0000, weighted_loss: 0.0421, label: 1, bag_size: 4080
batch 319, loss: 0.0001, instance_loss: 0.0000, weighted_loss: 0.0001, label: 0, bag_size: 4697
batch 339, loss: 0.2810, instance_loss: 0.0002, weighted_loss: 0.1968, label: 0, bag_size: 2722
batch 359, loss: 0.5622, instance_loss: 0.0000, weighted_loss: 0.3935, label: 0, bag_size: 3393
batch 379, loss: 0.0021, instance_loss: 0.0056, weighted_loss: 0.0032, label: 0, bag_size: 739
batch 399, loss: 0.0013, instance_loss: 0.0002, weighted_loss: 0.0010, label: 0, bag_size: 782
batch 419, loss: 0.0001, instance_loss: 0.0006, weighted_loss: 0.0003, label: 1, bag_size: 1922
batch 439, loss: 0.0141, instance_loss: 0.0000, weighted_loss: 0.0099, label: 1, bag_size: 3613
batch 459, loss: 0.0115, instance_loss: 0.0000, weighted_loss: 0.0080, label: 1, bag_size: 4355
batch 479, loss: 0.0074, instance_loss: 0.0000, weighted_loss: 0.0052, label: 1, bag_size: 2385
batch 499, loss: 0.0252, instance_loss: 0.0000, weighted_loss: 0.0177, label: 0, bag_size: 4461
batch 519, loss: 0.0000, instance_loss: 0.0000, weighted_loss: 0.0000, label: 0, bag_size: 2892
batch 539, loss: 0.1377, instance_loss: 0.0011, weighted_loss: 0.0967, label: 1, bag_size: 2144
batch 559, loss: 0.2345, instance_loss: 0.0000, weighted_loss: 0.1642, label: 0, bag_size: 4098
batch 579, loss: 0.0677, instance_loss: 0.0000, weighted_loss: 0.0474, label: 1, bag_size: 2221
batch 599, loss: 0.0003, instance_loss: 0.0000, weighted_loss: 0.0002, label: 0, bag_size: 876
batch 619, loss: 0.0505, instance_loss: 0.0038, weighted_loss: 0.0365, label: 0, bag_size: 6381
batch 639, loss: 0.0006, instance_loss: 0.0150, weighted_loss: 0.0049, label: 1, bag_size: 579
batch 659, loss: 0.0056, instance_loss: 0.0011, weighted_loss: 0.0042, label: 0, bag_size: 1764
batch 679, loss: 0.0000, instance_loss: 0.0000, weighted_loss: 0.0000, label: 0, bag_size: 950
batch 699, loss: 0.0000, instance_loss: 0.0096, weighted_loss: 0.0029, label: 0, bag_size: 1132


class 0 clustering acc 1.0: correct 5688/5688
class 1 clustering acc 0.9982419127988749: correct 5678/5688
Epoch: 13, train_loss: 0.1177, train_clustering_loss:  0.0082, train_error: 0.0478
class 0: acc 0.9310344827586207, correct 324/348
class 1: acc 0.9724517906336089, correct 353/363

Val Set, val_loss: 1.5995, val_error: 0.4046, auc: 0.5690
class 0 clustering acc 1.0: correct 1048/1048
class 1 clustering acc 1.0: correct 1048/1048
class 0: acc 0.6666666666666666, correct 58/87
class 1: acc 0.45454545454545453, correct 20/44
EarlyStopping counter: 13 out of 20


batch 19, loss: 0.0803, instance_loss: 0.0007, weighted_loss: 0.0564, label: 0, bag_size: 416
batch 39, loss: 0.0322, instance_loss: 0.0604, weighted_loss: 0.0407, label: 0, bag_size: 415
batch 59, loss: 0.3035, instance_loss: 0.0071, weighted_loss: 0.2146, label: 0, bag_size: 4519
batch 79, loss: 0.0113, instance_loss: 0.0018, weighted_loss: 0.0085, label: 0, bag_size: 934
batch 99, loss: 0.0015, instance_loss: 0.0005, weighted_loss: 0.0012, label: 1, bag_size: 3238
batch 119, loss: 0.1363, instance_loss: 0.0000, weighted_loss: 0.0954, label: 0, bag_size: 4337
batch 139, loss: 0.0000, instance_loss: 0.0104, weighted_loss: 0.0031, label: 0, bag_size: 1685
batch 159, loss: 0.0002, instance_loss: 0.0000, weighted_loss: 0.0001, label: 0, bag_size: 2948
batch 179, loss: 0.8883, instance_loss: 0.0000, weighted_loss: 0.6218, label: 0, bag_size: 4461
batch 199, loss: 0.0001, instance_loss: 0.0000, weighted_loss: 0.0000, label: 1, bag_size: 2324
batch 219, loss: 0.0014, instance_loss: 0.0006, weighted_loss: 0.0012, label: 1, bag_size: 2594
batch 239, loss: 0.0492, instance_loss: 0.0000, weighted_loss: 0.0345, label: 1, bag_size: 5930
batch 259, loss: 0.0147, instance_loss: 0.0009, weighted_loss: 0.0105, label: 0, bag_size: 789
batch 279, loss: 0.0003, instance_loss: 0.0004, weighted_loss: 0.0003, label: 0, bag_size: 1546
batch 299, loss: 0.0099, instance_loss: 0.0013, weighted_loss: 0.0073, label: 0, bag_size: 2927
batch 319, loss: 0.0010, instance_loss: 0.0000, weighted_loss: 0.0007, label: 0, bag_size: 2500
batch 339, loss: 0.0117, instance_loss: 0.0005, weighted_loss: 0.0084, label: 0, bag_size: 3341
batch 359, loss: 0.0345, instance_loss: 0.0000, weighted_loss: 0.0241, label: 0, bag_size: 277
batch 379, loss: 0.0068, instance_loss: 0.0000, weighted_loss: 0.0048, label: 1, bag_size: 3109
batch 399, loss: 0.0061, instance_loss: 0.0000, weighted_loss: 0.0043, label: 0, bag_size: 3507
batch 419, loss: 0.0031, instance_loss: 0.0000, weighted_loss: 0.0021, label: 1, bag_size: 2969
batch 439, loss: 0.0001, instance_loss: 0.0000, weighted_loss: 0.0000, label: 0, bag_size: 594
batch 459, loss: 0.0011, instance_loss: 0.0000, weighted_loss: 0.0007, label: 1, bag_size: 2969
batch 479, loss: 0.5398, instance_loss: 0.0086, weighted_loss: 0.3804, label: 1, bag_size: 1018
batch 499, loss: 0.0663, instance_loss: 0.0002, weighted_loss: 0.0465, label: 1, bag_size: 3530
batch 519, loss: 0.0137, instance_loss: 0.0000, weighted_loss: 0.0096, label: 0, bag_size: 4786
batch 539, loss: 0.0000, instance_loss: 0.0000, weighted_loss: 0.0000, label: 0, bag_size: 4420
batch 559, loss: 0.0181, instance_loss: 0.0000, weighted_loss: 0.0127, label: 1, bag_size: 2620
batch 579, loss: 0.0001, instance_loss: 0.0026, weighted_loss: 0.0009, label: 0, bag_size: 1504
batch 599, loss: 0.0138, instance_loss: 0.0011, weighted_loss: 0.0100, label: 1, bag_size: 2637
batch 619, loss: 0.0000, instance_loss: 0.0013, weighted_loss: 0.0004, label: 0, bag_size: 1096
batch 639, loss: 0.0367, instance_loss: 0.0000, weighted_loss: 0.0257, label: 1, bag_size: 382
batch 659, loss: 0.0000, instance_loss: 0.0065, weighted_loss: 0.0020, label: 0, bag_size: 4090
batch 679, loss: 0.0000, instance_loss: 0.0000, weighted_loss: 0.0000, label: 1, bag_size: 1007
batch 699, loss: 0.0082, instance_loss: 0.0011, weighted_loss: 0.0061, label: 1, bag_size: 1343


class 0 clustering acc 0.9998241912798875: correct 5687/5688
class 1 clustering acc 0.9987693389592124: correct 5681/5688
Epoch: 14, train_loss: 0.0998, train_clustering_loss:  0.0081, train_error: 0.0323
class 0: acc 0.95822454308094, correct 367/383
class 1: acc 0.9786585365853658, correct 321/328

Val Set, val_loss: 1.8618, val_error: 0.4046, auc: 0.5439
class 0 clustering acc 1.0: correct 1048/1048
class 1 clustering acc 1.0: correct 1048/1048
class 0: acc 0.7586206896551724, correct 66/87
class 1: acc 0.2727272727272727, correct 12/44
EarlyStopping counter: 14 out of 20


batch 19, loss: 0.0119, instance_loss: 0.1170, weighted_loss: 0.0435, label: 1, bag_size: 856
batch 39, loss: 0.0094, instance_loss: 0.0000, weighted_loss: 0.0065, label: 1, bag_size: 3700
batch 59, loss: 0.0026, instance_loss: 0.0639, weighted_loss: 0.0210, label: 1, bag_size: 691
batch 79, loss: 0.0026, instance_loss: 0.0000, weighted_loss: 0.0018, label: 1, bag_size: 4355
batch 99, loss: 0.0581, instance_loss: 0.0006, weighted_loss: 0.0409, label: 0, bag_size: 5083
batch 119, loss: 0.0687, instance_loss: 0.0000, weighted_loss: 0.0481, label: 1, bag_size: 3700
batch 139, loss: 0.0044, instance_loss: 0.0002, weighted_loss: 0.0031, label: 1, bag_size: 1394
batch 159, loss: 0.6505, instance_loss: 0.0020, weighted_loss: 0.4560, label: 0, bag_size: 2145
batch 179, loss: 0.5909, instance_loss: 0.0000, weighted_loss: 0.4136, label: 1, bag_size: 4556
batch 199, loss: 0.0033, instance_loss: 0.0010, weighted_loss: 0.0026, label: 0, bag_size: 2991
batch 219, loss: 0.0001, instance_loss: 0.0000, weighted_loss: 0.0001, label: 1, bag_size: 2594
batch 239, loss: 0.0006, instance_loss: 0.0003, weighted_loss: 0.0005, label: 0, bag_size: 3581
batch 259, loss: 0.0037, instance_loss: 0.0020, weighted_loss: 0.0032, label: 0, bag_size: 1768
batch 279, loss: 0.0005, instance_loss: 0.0008, weighted_loss: 0.0006, label: 1, bag_size: 1592
batch 299, loss: 0.0002, instance_loss: 0.0000, weighted_loss: 0.0001, label: 0, bag_size: 1334
batch 319, loss: 0.0402, instance_loss: 0.0000, weighted_loss: 0.0282, label: 1, bag_size: 5337
batch 339, loss: 0.0000, instance_loss: 0.0018, weighted_loss: 0.0006, label: 0, bag_size: 862
batch 359, loss: 0.0000, instance_loss: 0.0000, weighted_loss: 0.0000, label: 0, bag_size: 307
batch 379, loss: 0.0002, instance_loss: 0.0000, weighted_loss: 0.0001, label: 1, bag_size: 2637
batch 399, loss: 0.0002, instance_loss: 0.0000, weighted_loss: 0.0001, label: 1, bag_size: 1092
batch 419, loss: 1.6164, instance_loss: 0.0022, weighted_loss: 1.1321, label: 0, bag_size: 806
batch 439, loss: 0.0007, instance_loss: 0.0000, weighted_loss: 0.0005, label: 0, bag_size: 4930
batch 459, loss: 0.0002, instance_loss: 0.0044, weighted_loss: 0.0014, label: 0, bag_size: 1928
batch 479, loss: 0.0000, instance_loss: 0.0000, weighted_loss: 0.0000, label: 1, bag_size: 1742
batch 499, loss: 0.4340, instance_loss: 0.0000, weighted_loss: 0.3038, label: 0, bag_size: 477
batch 519, loss: 0.0018, instance_loss: 0.0000, weighted_loss: 0.0013, label: 0, bag_size: 2291
batch 539, loss: 0.0002, instance_loss: 0.0000, weighted_loss: 0.0002, label: 0, bag_size: 875
batch 559, loss: 6.1733, instance_loss: 0.0000, weighted_loss: 4.3213, label: 0, bag_size: 4460
batch 579, loss: 0.0095, instance_loss: 0.0003, weighted_loss: 0.0068, label: 1, bag_size: 1033
batch 599, loss: 0.0016, instance_loss: 0.0003, weighted_loss: 0.0012, label: 0, bag_size: 501
batch 619, loss: 0.0720, instance_loss: 0.0007, weighted_loss: 0.0506, label: 0, bag_size: 837
batch 639, loss: 0.0005, instance_loss: 0.0000, weighted_loss: 0.0004, label: 0, bag_size: 1267
batch 659, loss: 0.0063, instance_loss: 0.0005, weighted_loss: 0.0045, label: 0, bag_size: 3747
batch 679, loss: 0.2121, instance_loss: 0.0000, weighted_loss: 0.1485, label: 0, bag_size: 3925
batch 699, loss: 0.0000, instance_loss: 0.0000, weighted_loss: 0.0000, label: 0, bag_size: 2397


class 0 clustering acc 0.9980661040787623: correct 5677/5688
class 1 clustering acc 0.9971870604781997: correct 5672/5688
Epoch: 15, train_loss: 0.0967, train_clustering_loss:  0.0175, train_error: 0.0309
class 0: acc 0.9619565217391305, correct 354/368
class 1: acc 0.9766763848396501, correct 335/343

Val Set, val_loss: 1.9291, val_error: 0.3740, auc: 0.5627
class 0 clustering acc 1.0: correct 1048/1048
class 1 clustering acc 1.0: correct 1048/1048
class 0: acc 0.7701149425287356, correct 67/87
class 1: acc 0.3409090909090909, correct 15/44
EarlyStopping counter: 15 out of 20


batch 19, loss: 0.0038, instance_loss: 0.0004, weighted_loss: 0.0028, label: 0, bag_size: 5637
batch 39, loss: 0.0000, instance_loss: 0.0000, weighted_loss: 0.0000, label: 0, bag_size: 4420
batch 59, loss: 0.0243, instance_loss: 0.0000, weighted_loss: 0.0170, label: 1, bag_size: 2385
batch 79, loss: 0.0000, instance_loss: 0.0000, weighted_loss: 0.0000, label: 0, bag_size: 739
batch 99, loss: 0.0005, instance_loss: 0.0000, weighted_loss: 0.0003, label: 0, bag_size: 4262
batch 119, loss: 0.0039, instance_loss: 0.0066, weighted_loss: 0.0047, label: 0, bag_size: 1231
batch 139, loss: 0.0000, instance_loss: 0.0008, weighted_loss: 0.0003, label: 1, bag_size: 19728
batch 159, loss: 0.0089, instance_loss: 0.1861, weighted_loss: 0.0620, label: 1, bag_size: 691
batch 179, loss: 0.0000, instance_loss: 0.0000, weighted_loss: 0.0000, label: 0, bag_size: 3938
batch 199, loss: 0.0034, instance_loss: 0.0000, weighted_loss: 0.0024, label: 0, bag_size: 539
batch 219, loss: 0.0000, instance_loss: 0.0000, weighted_loss: 0.0000, label: 1, bag_size: 2634
batch 239, loss: 0.0063, instance_loss: 0.0000, weighted_loss: 0.0044, label: 0, bag_size: 3859
batch 259, loss: 2.6442, instance_loss: 0.2008, weighted_loss: 1.9111, label: 0, bag_size: 554
batch 279, loss: 0.0002, instance_loss: 0.0550, weighted_loss: 0.0166, label: 1, bag_size: 468
batch 299, loss: 0.0001, instance_loss: 0.0000, weighted_loss: 0.0001, label: 1, bag_size: 1885
batch 319, loss: 0.3750, instance_loss: 0.0000, weighted_loss: 0.2625, label: 0, bag_size: 277
batch 339, loss: 0.0032, instance_loss: 0.0014, weighted_loss: 0.0027, label: 1, bag_size: 2969
batch 359, loss: 0.0054, instance_loss: 0.0058, weighted_loss: 0.0055, label: 1, bag_size: 483
batch 379, loss: 0.0335, instance_loss: 0.0000, weighted_loss: 0.0234, label: 1, bag_size: 837
batch 399, loss: 0.0826, instance_loss: 0.0000, weighted_loss: 0.0578, label: 1, bag_size: 4356
batch 419, loss: 0.0001, instance_loss: 0.0000, weighted_loss: 0.0000, label: 1, bag_size: 3109
batch 439, loss: 0.0000, instance_loss: 0.0028, weighted_loss: 0.0009, label: 1, bag_size: 14205
batch 459, loss: 0.0506, instance_loss: 0.0033, weighted_loss: 0.0364, label: 1, bag_size: 470
batch 479, loss: 0.0234, instance_loss: 0.0002, weighted_loss: 0.0164, label: 1, bag_size: 4355
batch 499, loss: 0.0012, instance_loss: 0.0167, weighted_loss: 0.0058, label: 0, bag_size: 1219
batch 519, loss: 0.0005, instance_loss: 0.0006, weighted_loss: 0.0005, label: 1, bag_size: 702
batch 539, loss: 0.0033, instance_loss: 0.0000, weighted_loss: 0.0023, label: 1, bag_size: 5003
batch 559, loss: 0.0000, instance_loss: 0.0000, weighted_loss: 0.0000, label: 1, bag_size: 2722
batch 579, loss: 0.0000, instance_loss: 0.0110, weighted_loss: 0.0033, label: 0, bag_size: 300
batch 599, loss: 0.0134, instance_loss: 0.0003, weighted_loss: 0.0094, label: 0, bag_size: 6341
batch 619, loss: 0.0001, instance_loss: 0.0182, weighted_loss: 0.0055, label: 0, bag_size: 3300
batch 639, loss: 0.3118, instance_loss: 0.0003, weighted_loss: 0.2184, label: 0, bag_size: 3626
batch 659, loss: 0.0000, instance_loss: 0.0009, weighted_loss: 0.0003, label: 0, bag_size: 4072
batch 679, loss: 0.0011, instance_loss: 0.0002, weighted_loss: 0.0008, label: 0, bag_size: 623
batch 699, loss: 0.0811, instance_loss: 0.0002, weighted_loss: 0.0568, label: 1, bag_size: 2267


class 0 clustering acc 0.9991209563994374: correct 5683/5688
class 1 clustering acc 0.9931434599156118: correct 5649/5688
Epoch: 16, train_loss: 0.1087, train_clustering_loss:  0.0321, train_error: 0.0380
class 0: acc 0.9641873278236914, correct 350/363
class 1: acc 0.9597701149425287, correct 334/348

Val Set, val_loss: 1.5943, val_error: 0.3588, auc: 0.5805
class 0 clustering acc 1.0: correct 1048/1048
class 1 clustering acc 0.9971374045801527: correct 1045/1048
class 0: acc 0.7931034482758621, correct 69/87
class 1: acc 0.3409090909090909, correct 15/44
EarlyStopping counter: 16 out of 20


batch 19, loss: 0.0026, instance_loss: 0.0090, weighted_loss: 0.0045, label: 0, bag_size: 2223
batch 39, loss: 0.0080, instance_loss: 0.0000, weighted_loss: 0.0056, label: 0, bag_size: 2040
batch 59, loss: 0.0001, instance_loss: 0.0036, weighted_loss: 0.0012, label: 1, bag_size: 849
batch 79, loss: 0.0044, instance_loss: 0.0035, weighted_loss: 0.0041, label: 0, bag_size: 807
batch 99, loss: 0.0481, instance_loss: 0.0062, weighted_loss: 0.0355, label: 0, bag_size: 5611
batch 119, loss: 0.0123, instance_loss: 0.0007, weighted_loss: 0.0089, label: 1, bag_size: 4559
batch 139, loss: 0.0003, instance_loss: 0.0000, weighted_loss: 0.0002, label: 0, bag_size: 1134
batch 159, loss: 0.0049, instance_loss: 0.0668, weighted_loss: 0.0235, label: 1, bag_size: 297
batch 179, loss: 0.0019, instance_loss: 0.0000, weighted_loss: 0.0013, label: 0, bag_size: 971
batch 199, loss: 0.0000, instance_loss: 0.0010, weighted_loss: 0.0003, label: 0, bag_size: 307
batch 219, loss: 0.0065, instance_loss: 0.0000, weighted_loss: 0.0046, label: 1, bag_size: 2267
batch 239, loss: 0.4294, instance_loss: 0.0371, weighted_loss: 0.3117, label: 0, bag_size: 395
batch 259, loss: 0.0335, instance_loss: 0.0002, weighted_loss: 0.0235, label: 1, bag_size: 3932
batch 279, loss: 0.0000, instance_loss: 0.0002, weighted_loss: 0.0001, label: 0, bag_size: 2561
batch 299, loss: 0.0002, instance_loss: 0.0010, weighted_loss: 0.0004, label: 1, bag_size: 2108
batch 319, loss: 0.0658, instance_loss: 0.0020, weighted_loss: 0.0467, label: 1, bag_size: 1343
batch 339, loss: 0.0006, instance_loss: 0.0010, weighted_loss: 0.0007, label: 1, bag_size: 702
batch 359, loss: 0.0000, instance_loss: 0.0000, weighted_loss: 0.0000, label: 0, bag_size: 4187
batch 379, loss: 0.0931, instance_loss: 0.0003, weighted_loss: 0.0653, label: 0, bag_size: 4800
batch 399, loss: 0.0004, instance_loss: 0.0023, weighted_loss: 0.0010, label: 1, bag_size: 805
batch 419, loss: 0.0018, instance_loss: 0.0023, weighted_loss: 0.0020, label: 1, bag_size: 1343
batch 439, loss: 0.0042, instance_loss: 0.0006, weighted_loss: 0.0031, label: 1, bag_size: 573
batch 459, loss: 2.2044, instance_loss: 0.0088, weighted_loss: 1.5458, label: 0, bag_size: 1420
batch 479, loss: 0.0049, instance_loss: 0.0000, weighted_loss: 0.0035, label: 1, bag_size: 5329
batch 499, loss: 0.0000, instance_loss: 0.0033, weighted_loss: 0.0010, label: 1, bag_size: 1737
batch 519, loss: 0.0038, instance_loss: 0.0030, weighted_loss: 0.0036, label: 0, bag_size: 464
batch 539, loss: 0.0561, instance_loss: 0.0006, weighted_loss: 0.0394, label: 1, bag_size: 509
batch 559, loss: 0.0000, instance_loss: 0.0000, weighted_loss: 0.0000, label: 0, bag_size: 4546
batch 579, loss: 0.1595, instance_loss: 0.0003, weighted_loss: 0.1117, label: 0, bag_size: 913
batch 599, loss: 0.0027, instance_loss: 0.0000, weighted_loss: 0.0019, label: 1, bag_size: 612
batch 619, loss: 0.0008, instance_loss: 0.0043, weighted_loss: 0.0018, label: 1, bag_size: 1296
batch 639, loss: 0.0033, instance_loss: 0.0000, weighted_loss: 0.0023, label: 1, bag_size: 270
batch 659, loss: 0.0016, instance_loss: 0.0000, weighted_loss: 0.0012, label: 1, bag_size: 4897
batch 679, loss: 0.1493, instance_loss: 0.0000, weighted_loss: 0.1045, label: 0, bag_size: 1609
batch 699, loss: 0.0000, instance_loss: 0.0000, weighted_loss: 0.0000, label: 0, bag_size: 4090


class 0 clustering acc 0.999648382559775: correct 5686/5688
class 1 clustering acc 0.995604781997187: correct 5663/5688
Epoch: 17, train_loss: 0.0805, train_clustering_loss:  0.0187, train_error: 0.0295
class 0: acc 0.962536023054755, correct 334/347
class 1: acc 0.978021978021978, correct 356/364

Val Set, val_loss: 1.8493, val_error: 0.3359, auc: 0.5771
class 0 clustering acc 1.0: correct 1048/1048
class 1 clustering acc 1.0: correct 1048/1048
class 0: acc 0.8275862068965517, correct 72/87
class 1: acc 0.3409090909090909, correct 15/44
EarlyStopping counter: 17 out of 20


batch 19, loss: 0.0003, instance_loss: 0.0041, weighted_loss: 0.0014, label: 0, bag_size: 202
batch 39, loss: 0.0000, instance_loss: 0.0002, weighted_loss: 0.0001, label: 0, bag_size: 384
batch 59, loss: 0.0001, instance_loss: 0.0000, weighted_loss: 0.0001, label: 0, bag_size: 1000
batch 79, loss: 0.5304, instance_loss: 0.0005, weighted_loss: 0.3715, label: 0, bag_size: 5371
batch 99, loss: 0.0005, instance_loss: 0.0003, weighted_loss: 0.0004, label: 0, bag_size: 879
batch 119, loss: 1.0356, instance_loss: 0.0028, weighted_loss: 0.7258, label: 1, bag_size: 4559
batch 139, loss: 0.0362, instance_loss: 0.0000, weighted_loss: 0.0254, label: 1, bag_size: 4593
batch 159, loss: 0.0004, instance_loss: 0.0000, weighted_loss: 0.0003, label: 1, bag_size: 4355
batch 179, loss: 0.0002, instance_loss: 0.0000, weighted_loss: 0.0001, label: 1, bag_size: 1019
batch 199, loss: 0.0019, instance_loss: 0.0008, weighted_loss: 0.0016, label: 0, bag_size: 2702
batch 219, loss: 0.0001, instance_loss: 0.0149, weighted_loss: 0.0045, label: 0, bag_size: 478
batch 239, loss: 0.0000, instance_loss: 0.0014, weighted_loss: 0.0004, label: 0, bag_size: 435
batch 259, loss: 0.0002, instance_loss: 0.0000, weighted_loss: 0.0002, label: 1, bag_size: 1862
batch 279, loss: 0.0000, instance_loss: 0.0000, weighted_loss: 0.0000, label: 0, bag_size: 4460
batch 299, loss: 0.1300, instance_loss: 0.0000, weighted_loss: 0.0910, label: 0, bag_size: 3818
batch 319, loss: 0.0031, instance_loss: 0.0000, weighted_loss: 0.0022, label: 1, bag_size: 1596
batch 339, loss: 0.0000, instance_loss: 0.0000, weighted_loss: 0.0000, label: 0, bag_size: 4125
batch 359, loss: 0.0501, instance_loss: 0.0013, weighted_loss: 0.0355, label: 0, bag_size: 1455
batch 379, loss: 0.0000, instance_loss: 0.0000, weighted_loss: 0.0000, label: 0, bag_size: 732
batch 399, loss: 0.0478, instance_loss: 0.0038, weighted_loss: 0.0346, label: 1, bag_size: 489
batch 419, loss: 1.0055, instance_loss: 0.0000, weighted_loss: 0.7038, label: 1, bag_size: 2620
batch 439, loss: 0.0101, instance_loss: 0.0000, weighted_loss: 0.0070, label: 0, bag_size: 1420
batch 459, loss: 0.0007, instance_loss: 0.0020, weighted_loss: 0.0011, label: 0, bag_size: 1979
batch 479, loss: 0.0000, instance_loss: 0.0000, weighted_loss: 0.0000, label: 0, bag_size: 1134
batch 499, loss: 0.0004, instance_loss: 0.0000, weighted_loss: 0.0003, label: 1, bag_size: 4013
batch 519, loss: 0.0957, instance_loss: 0.0000, weighted_loss: 0.0670, label: 1, bag_size: 4610
batch 539, loss: 0.0014, instance_loss: 0.0002, weighted_loss: 0.0010, label: 1, bag_size: 4348
batch 559, loss: 0.0004, instance_loss: 0.0000, weighted_loss: 0.0003, label: 1, bag_size: 1296
batch 579, loss: 0.0666, instance_loss: 0.0000, weighted_loss: 0.0466, label: 1, bag_size: 4593
batch 599, loss: 0.0098, instance_loss: 0.1160, weighted_loss: 0.0417, label: 1, bag_size: 691
batch 619, loss: 0.0008, instance_loss: 0.0053, weighted_loss: 0.0021, label: 0, bag_size: 263
batch 639, loss: 0.0001, instance_loss: 0.0048, weighted_loss: 0.0015, label: 0, bag_size: 3626
batch 659, loss: 0.0002, instance_loss: 0.0064, weighted_loss: 0.0021, label: 0, bag_size: 1499
batch 679, loss: 0.0495, instance_loss: 0.0002, weighted_loss: 0.0347, label: 1, bag_size: 780
batch 699, loss: 0.0106, instance_loss: 0.0000, weighted_loss: 0.0074, label: 1, bag_size: 2728


class 0 clustering acc 0.9991209563994374: correct 5683/5688
class 1 clustering acc 0.9992967651195499: correct 5684/5688
Epoch: 18, train_loss: 0.0833, train_clustering_loss:  0.0059, train_error: 0.0295
class 0: acc 0.9637883008356546, correct 346/359
class 1: acc 0.9772727272727273, correct 344/352

Val Set, val_loss: 1.7860, val_error: 0.3359, auc: 0.5823
class 0 clustering acc 1.0: correct 1048/1048
class 1 clustering acc 1.0: correct 1048/1048
class 0: acc 0.7701149425287356, correct 67/87
class 1: acc 0.45454545454545453, correct 20/44
EarlyStopping counter: 18 out of 20


batch 19, loss: 0.1132, instance_loss: 0.0051, weighted_loss: 0.0808, label: 1, bag_size: 849
batch 39, loss: 0.0058, instance_loss: 0.0016, weighted_loss: 0.0045, label: 1, bag_size: 2032
batch 59, loss: 0.0106, instance_loss: 0.0004, weighted_loss: 0.0076, label: 0, bag_size: 2678
batch 79, loss: 0.0664, instance_loss: 0.0154, weighted_loss: 0.0511, label: 1, bag_size: 780
batch 99, loss: 0.1434, instance_loss: 0.0000, weighted_loss: 0.1004, label: 1, bag_size: 4080
batch 119, loss: 0.0026, instance_loss: 0.0254, weighted_loss: 0.0095, label: 1, bag_size: 1092
batch 139, loss: 0.0014, instance_loss: 0.0000, weighted_loss: 0.0010, label: 0, bag_size: 4154
batch 159, loss: 0.0001, instance_loss: 0.0274, weighted_loss: 0.0083, label: 1, bag_size: 731
batch 179, loss: 0.0007, instance_loss: 0.0066, weighted_loss: 0.0025, label: 0, bag_size: 454
batch 199, loss: 0.0557, instance_loss: 0.0039, weighted_loss: 0.0401, label: 0, bag_size: 4519
batch 219, loss: 0.0898, instance_loss: 0.0004, weighted_loss: 0.0630, label: 1, bag_size: 5930
batch 239, loss: 0.0000, instance_loss: 0.0091, weighted_loss: 0.0027, label: 1, bag_size: 1737
batch 259, loss: 0.0005, instance_loss: 0.0006, weighted_loss: 0.0006, label: 1, bag_size: 511
batch 279, loss: 0.0003, instance_loss: 0.0064, weighted_loss: 0.0021, label: 0, bag_size: 2991
batch 299, loss: 0.0000, instance_loss: 0.0012, weighted_loss: 0.0004, label: 0, bag_size: 1991
batch 319, loss: 0.0000, instance_loss: 0.0000, weighted_loss: 0.0000, label: 0, bag_size: 1241
batch 339, loss: 0.0090, instance_loss: 0.0005, weighted_loss: 0.0065, label: 1, bag_size: 2221
batch 359, loss: 0.0049, instance_loss: 0.0007, weighted_loss: 0.0037, label: 0, bag_size: 971
batch 379, loss: 0.0053, instance_loss: 0.0000, weighted_loss: 0.0037, label: 1, bag_size: 3979
batch 399, loss: 0.0114, instance_loss: 1.8829, weighted_loss: 0.5729, label: 0, bag_size: 415
batch 419, loss: 0.0001, instance_loss: 0.0002, weighted_loss: 0.0002, label: 0, bag_size: 3462
batch 439, loss: 0.0000, instance_loss: 0.0005, weighted_loss: 0.0002, label: 0, bag_size: 649
batch 459, loss: 0.0182, instance_loss: 0.0064, weighted_loss: 0.0146, label: 1, bag_size: 3546
batch 479, loss: 0.0859, instance_loss: 0.0096, weighted_loss: 0.0630, label: 0, bag_size: 2822
batch 499, loss: 0.0133, instance_loss: 0.0000, weighted_loss: 0.0093, label: 1, bag_size: 3889
batch 519, loss: 0.0028, instance_loss: 0.0004, weighted_loss: 0.0020, label: 1, bag_size: 1596
batch 539, loss: 0.2702, instance_loss: 0.0128, weighted_loss: 0.1929, label: 0, bag_size: 1447
batch 559, loss: 0.0005, instance_loss: 0.0042, weighted_loss: 0.0016, label: 0, bag_size: 736
batch 579, loss: 0.0002, instance_loss: 0.0014, weighted_loss: 0.0005, label: 0, bag_size: 683
batch 599, loss: 0.0023, instance_loss: 0.0014, weighted_loss: 0.0020, label: 0, bag_size: 509
batch 619, loss: 0.0177, instance_loss: 0.0007, weighted_loss: 0.0126, label: 1, bag_size: 4610
batch 639, loss: 0.0001, instance_loss: 0.0021, weighted_loss: 0.0007, label: 0, bag_size: 4022
batch 659, loss: 0.0576, instance_loss: 0.0013, weighted_loss: 0.0407, label: 0, bag_size: 391
batch 679, loss: 0.0001, instance_loss: 0.0057, weighted_loss: 0.0018, label: 0, bag_size: 641
batch 699, loss: 0.0000, instance_loss: 0.0000, weighted_loss: 0.0000, label: 1, bag_size: 4013


class 0 clustering acc 0.999648382559775: correct 5686/5688
class 1 clustering acc 0.9964838255977496: correct 5668/5688
Epoch: 19, train_loss: 0.0403, train_clustering_loss:  0.0184, train_error: 0.0127
class 0: acc 0.9836065573770492, correct 360/366
class 1: acc 0.991304347826087, correct 342/345

Val Set, val_loss: 1.9737, val_error: 0.3588, auc: 0.5695
class 0 clustering acc 1.0: correct 1048/1048
class 1 clustering acc 0.9990458015267175: correct 1047/1048
class 0: acc 0.8160919540229885, correct 71/87
class 1: acc 0.29545454545454547, correct 13/44
EarlyStopping counter: 19 out of 20


batch 19, loss: 0.0000, instance_loss: 0.0002, weighted_loss: 0.0001, label: 1, bag_size: 1534
batch 39, loss: 0.0033, instance_loss: 0.0040, weighted_loss: 0.0035, label: 0, bag_size: 348
batch 59, loss: 0.0002, instance_loss: 0.0000, weighted_loss: 0.0001, label: 1, bag_size: 5329
batch 79, loss: 0.0000, instance_loss: 0.0009, weighted_loss: 0.0003, label: 0, bag_size: 307
batch 99, loss: 1.9061, instance_loss: 0.0000, weighted_loss: 1.3342, label: 1, bag_size: 382
batch 119, loss: 0.0005, instance_loss: 0.0012, weighted_loss: 0.0007, label: 0, bag_size: 580
batch 139, loss: 0.0002, instance_loss: 0.0000, weighted_loss: 0.0001, label: 0, bag_size: 879
batch 159, loss: 0.1874, instance_loss: 0.0002, weighted_loss: 0.1312, label: 0, bag_size: 287
batch 179, loss: 0.0103, instance_loss: 0.0000, weighted_loss: 0.0072, label: 0, bag_size: 593
batch 199, loss: 0.0000, instance_loss: 0.0000, weighted_loss: 0.0000, label: 1, bag_size: 3225
batch 219, loss: 0.0079, instance_loss: 0.0008, weighted_loss: 0.0058, label: 0, bag_size: 468
batch 239, loss: 1.0399, instance_loss: 0.0003, weighted_loss: 0.7280, label: 1, bag_size: 6072
batch 259, loss: 0.0010, instance_loss: 0.0000, weighted_loss: 0.0007, label: 1, bag_size: 727
batch 279, loss: 0.0002, instance_loss: 0.0000, weighted_loss: 0.0001, label: 1, bag_size: 1019
batch 299, loss: 0.0000, instance_loss: 0.0000, weighted_loss: 0.0000, label: 0, bag_size: 580
batch 319, loss: 0.0000, instance_loss: 0.0010, weighted_loss: 0.0003, label: 0, bag_size: 619
batch 339, loss: 0.0000, instance_loss: 0.0000, weighted_loss: 0.0000, label: 0, bag_size: 780
batch 359, loss: 0.0000, instance_loss: 0.0000, weighted_loss: 0.0000, label: 0, bag_size: 4564
batch 379, loss: 0.0003, instance_loss: 0.0000, weighted_loss: 0.0002, label: 1, bag_size: 3045
batch 399, loss: 0.0045, instance_loss: 0.0013, weighted_loss: 0.0035, label: 1, bag_size: 4429
batch 419, loss: 0.0000, instance_loss: 0.0000, weighted_loss: 0.0000, label: 0, bag_size: 4251
batch 439, loss: 0.0075, instance_loss: 0.0140, weighted_loss: 0.0094, label: 0, bag_size: 466
batch 459, loss: 0.0032, instance_loss: 0.0000, weighted_loss: 0.0022, label: 1, bag_size: 3979
batch 479, loss: 0.0020, instance_loss: 0.0111, weighted_loss: 0.0047, label: 0, bag_size: 400
batch 499, loss: 0.0000, instance_loss: 0.0025, weighted_loss: 0.0008, label: 0, bag_size: 449
batch 519, loss: 0.6377, instance_loss: 0.0000, weighted_loss: 0.4464, label: 0, bag_size: 5132
batch 539, loss: 0.0000, instance_loss: 0.0013, weighted_loss: 0.0004, label: 0, bag_size: 310
batch 559, loss: 0.0002, instance_loss: 0.0048, weighted_loss: 0.0016, label: 1, bag_size: 221
batch 579, loss: 0.0001, instance_loss: 0.0000, weighted_loss: 0.0001, label: 1, bag_size: 2058
batch 599, loss: 0.0022, instance_loss: 0.0000, weighted_loss: 0.0015, label: 0, bag_size: 1154
batch 619, loss: 0.0108, instance_loss: 0.0000, weighted_loss: 0.0076, label: 0, bag_size: 3393
batch 639, loss: 0.0018, instance_loss: 0.0000, weighted_loss: 0.0013, label: 1, bag_size: 4345
batch 659, loss: 0.0001, instance_loss: 0.0010, weighted_loss: 0.0003, label: 1, bag_size: 780
batch 679, loss: 0.0428, instance_loss: 0.0020, weighted_loss: 0.0305, label: 0, bag_size: 1117
batch 699, loss: 0.0000, instance_loss: 0.0000, weighted_loss: 0.0000, label: 1, bag_size: 1683


class 0 clustering acc 0.9998241912798875: correct 5687/5688
class 1 clustering acc 0.999648382559775: correct 5686/5688
Epoch: 20, train_loss: 0.0810, train_clustering_loss:  0.0026, train_error: 0.0267
class 0: acc 0.9694444444444444, correct 349/360
class 1: acc 0.9772079772079773, correct 343/351

Val Set, val_loss: 1.9858, val_error: 0.4122, auc: 0.5515
class 0 clustering acc 1.0: correct 1048/1048
class 1 clustering acc 1.0: correct 1048/1048
class 0: acc 0.7011494252873564, correct 61/87
class 1: acc 0.36363636363636365, correct 16/44
EarlyStopping counter: 20 out of 20


batch 19, loss: 0.0000, instance_loss: 0.0000, weighted_loss: 0.0000, label: 0, bag_size: 484
batch 39, loss: 0.0000, instance_loss: 0.0703, weighted_loss: 0.0211, label: 0, bag_size: 659
batch 59, loss: 0.1044, instance_loss: 0.0000, weighted_loss: 0.0731, label: 1, bag_size: 3645
batch 79, loss: 0.0016, instance_loss: 0.0000, weighted_loss: 0.0011, label: 1, bag_size: 3613
batch 99, loss: 0.0001, instance_loss: 0.0000, weighted_loss: 0.0000, label: 1, bag_size: 931
batch 119, loss: 0.0187, instance_loss: 0.0000, weighted_loss: 0.0131, label: 1, bag_size: 1671
batch 139, loss: 0.0000, instance_loss: 0.0000, weighted_loss: 0.0000, label: 0, bag_size: 875
batch 159, loss: 0.0000, instance_loss: 0.0000, weighted_loss: 0.0000, label: 0, bag_size: 1519
batch 179, loss: 0.1628, instance_loss: 0.0000, weighted_loss: 0.1140, label: 1, bag_size: 3691
batch 199, loss: 0.0391, instance_loss: 0.0002, weighted_loss: 0.0274, label: 0, bag_size: 2107
batch 219, loss: 0.0038, instance_loss: 0.0002, weighted_loss: 0.0027, label: 1, bag_size: 612
batch 239, loss: 0.0007, instance_loss: 0.0029, weighted_loss: 0.0014, label: 0, bag_size: 348
batch 259, loss: 0.0010, instance_loss: 0.0014, weighted_loss: 0.0011, label: 0, bag_size: 4262
batch 279, loss: 0.0033, instance_loss: 0.0015, weighted_loss: 0.0028, label: 1, bag_size: 644
batch 299, loss: 0.0001, instance_loss: 0.0000, weighted_loss: 0.0001, label: 0, bag_size: 1420
batch 319, loss: 0.0003, instance_loss: 0.0000, weighted_loss: 0.0002, label: 0, bag_size: 876
batch 339, loss: 0.0052, instance_loss: 0.0052, weighted_loss: 0.0052, label: 0, bag_size: 509
batch 359, loss: 0.0000, instance_loss: 0.0028, weighted_loss: 0.0009, label: 1, bag_size: 2634
batch 379, loss: 0.0004, instance_loss: 0.0076, weighted_loss: 0.0026, label: 1, bag_size: 865
batch 399, loss: 0.0002, instance_loss: 0.0000, weighted_loss: 0.0002, label: 1, bag_size: 4160
batch 419, loss: 0.0001, instance_loss: 0.0000, weighted_loss: 0.0001, label: 0, bag_size: 1000
batch 439, loss: 0.0000, instance_loss: 0.0002, weighted_loss: 0.0001, label: 0, bag_size: 683
batch 459, loss: 0.1874, instance_loss: 0.0035, weighted_loss: 0.1322, label: 1, bag_size: 702
batch 479, loss: 12.1915, instance_loss: 0.0019, weighted_loss: 8.5346, label: 1, bag_size: 2058
batch 499, loss: 0.0071, instance_loss: 0.0009, weighted_loss: 0.0052, label: 1, bag_size: 1343
batch 519, loss: 0.7026, instance_loss: 0.0003, weighted_loss: 0.4919, label: 1, bag_size: 1223
batch 539, loss: 0.0011, instance_loss: 0.0017, weighted_loss: 0.0013, label: 1, bag_size: 739
batch 559, loss: 0.0000, instance_loss: 0.0340, weighted_loss: 0.0102, label: 0, bag_size: 953
batch 579, loss: 0.1355, instance_loss: 0.0002, weighted_loss: 0.0950, label: 1, bag_size: 702
batch 599, loss: 0.0015, instance_loss: 0.0268, weighted_loss: 0.0091, label: 0, bag_size: 934
batch 619, loss: 0.0000, instance_loss: 0.1113, weighted_loss: 0.0334, label: 1, bag_size: 1534
batch 639, loss: 0.0139, instance_loss: 0.0000, weighted_loss: 0.0097, label: 0, bag_size: 806
batch 659, loss: 0.0000, instance_loss: 0.0005, weighted_loss: 0.0002, label: 0, bag_size: 1498
batch 679, loss: 0.0000, instance_loss: 0.0026, weighted_loss: 0.0008, label: 1, bag_size: 2244
batch 699, loss: 0.0007, instance_loss: 0.0055, weighted_loss: 0.0021, label: 0, bag_size: 1340


class 0 clustering acc 0.9992967651195499: correct 5684/5688
class 1 clustering acc 0.9961322081575246: correct 5666/5688
Epoch: 21, train_loss: 0.1011, train_clustering_loss:  0.0183, train_error: 0.0267
class 0: acc 0.9758064516129032, correct 363/372
class 1: acc 0.9705014749262537, correct 329/339

Val Set, val_loss: 1.9477, val_error: 0.3740, auc: 0.5533
class 0 clustering acc 1.0: correct 1048/1048
class 1 clustering acc 0.9990458015267175: correct 1047/1048
class 0: acc 0.7701149425287356, correct 67/87
class 1: acc 0.3409090909090909, correct 15/44
EarlyStopping counter: 21 out of 20


batch 19, loss: 0.0001, instance_loss: 0.8640, weighted_loss: 0.2593, label: 0, bag_size: 739
batch 39, loss: 0.0003, instance_loss: 0.0000, weighted_loss: 0.0002, label: 1, bag_size: 4575
batch 59, loss: 0.0016, instance_loss: 0.0006, weighted_loss: 0.0013, label: 0, bag_size: 4580
batch 79, loss: 0.0204, instance_loss: 0.0147, weighted_loss: 0.0187, label: 1, bag_size: 1394
batch 99, loss: 0.0004, instance_loss: 0.0024, weighted_loss: 0.0010, label: 1, bag_size: 739
batch 119, loss: 0.0000, instance_loss: 0.0000, weighted_loss: 0.0000, label: 0, bag_size: 2892
batch 139, loss: 0.0025, instance_loss: 0.0000, weighted_loss: 0.0018, label: 1, bag_size: 3700
batch 159, loss: 0.0002, instance_loss: 0.0009, weighted_loss: 0.0004, label: 1, bag_size: 1476
batch 179, loss: 0.0000, instance_loss: 0.0000, weighted_loss: 0.0000, label: 0, bag_size: 1991
batch 199, loss: 0.0010, instance_loss: 0.1087, weighted_loss: 0.0333, label: 0, bag_size: 433
batch 219, loss: 0.0000, instance_loss: 0.0094, weighted_loss: 0.0028, label: 1, bag_size: 452
batch 239, loss: 0.0457, instance_loss: 0.0011, weighted_loss: 0.0324, label: 1, bag_size: 4417
batch 259, loss: 0.0009, instance_loss: 0.0000, weighted_loss: 0.0006, label: 1, bag_size: 1862
batch 279, loss: 0.0000, instance_loss: 0.0004, weighted_loss: 0.0001, label: 1, bag_size: 1737
batch 299, loss: 0.0000, instance_loss: 0.0000, weighted_loss: 0.0000, label: 0, bag_size: 4629
batch 319, loss: 0.0014, instance_loss: 0.0195, weighted_loss: 0.0068, label: 1, bag_size: 727
batch 339, loss: 1.3237, instance_loss: 0.0007, weighted_loss: 0.9268, label: 1, bag_size: 4897
batch 359, loss: 0.0032, instance_loss: 0.0000, weighted_loss: 0.0022, label: 1, bag_size: 3691
batch 379, loss: 0.0070, instance_loss: 0.0042, weighted_loss: 0.0062, label: 0, bag_size: 2291
batch 399, loss: 0.0035, instance_loss: 0.0006, weighted_loss: 0.0026, label: 1, bag_size: 1343
batch 419, loss: 0.2233, instance_loss: 0.0035, weighted_loss: 0.1574, label: 0, bag_size: 1305
batch 439, loss: 0.0000, instance_loss: 0.0000, weighted_loss: 0.0000, label: 1, bag_size: 19888
batch 459, loss: 0.0321, instance_loss: 0.0000, weighted_loss: 0.0225, label: 0, bag_size: 1768
batch 479, loss: 0.0016, instance_loss: 0.0039, weighted_loss: 0.0023, label: 0, bag_size: 724
batch 499, loss: 0.0000, instance_loss: 0.0295, weighted_loss: 0.0089, label: 0, bag_size: 619
batch 519, loss: 0.0023, instance_loss: 0.0006, weighted_loss: 0.0018, label: 0, bag_size: 1371
batch 539, loss: 0.0006, instance_loss: 0.0000, weighted_loss: 0.0004, label: 0, bag_size: 4187
batch 559, loss: 0.0000, instance_loss: 0.0000, weighted_loss: 0.0000, label: 1, bag_size: 4355
batch 579, loss: 0.0012, instance_loss: 0.0000, weighted_loss: 0.0008, label: 0, bag_size: 788
batch 599, loss: 0.0001, instance_loss: 0.0000, weighted_loss: 0.0000, label: 1, bag_size: 5333
batch 619, loss: 0.0001, instance_loss: 0.0162, weighted_loss: 0.0049, label: 0, bag_size: 962
batch 639, loss: 0.0044, instance_loss: 0.0000, weighted_loss: 0.0031, label: 1, bag_size: 1050
batch 659, loss: 0.0004, instance_loss: 0.0387, weighted_loss: 0.0119, label: 1, bag_size: 547
batch 679, loss: 0.0003, instance_loss: 0.0000, weighted_loss: 0.0002, label: 1, bag_size: 4355
batch 699, loss: 0.0000, instance_loss: 0.0097, weighted_loss: 0.0029, label: 0, bag_size: 1515


class 0 clustering acc 0.999648382559775: correct 5686/5688
class 1 clustering acc 0.9964838255977496: correct 5668/5688
Epoch: 22, train_loss: 0.0729, train_clustering_loss:  0.0166, train_error: 0.0267
class 0: acc 0.9739130434782609, correct 336/345
class 1: acc 0.9726775956284153, correct 356/366

Val Set, val_loss: 1.9320, val_error: 0.3664, auc: 0.5517
class 0 clustering acc 1.0: correct 1048/1048
class 1 clustering acc 0.9980916030534351: correct 1046/1048
class 0: acc 0.8735632183908046, correct 76/87
class 1: acc 0.1590909090909091, correct 7/44
EarlyStopping counter: 22 out of 20


batch 19, loss: 0.1657, instance_loss: 0.0014, weighted_loss: 0.1164, label: 1, bag_size: 5337
batch 39, loss: 0.0005, instance_loss: 0.0000, weighted_loss: 0.0004, label: 1, bag_size: 3505
batch 59, loss: 0.0041, instance_loss: 0.0002, weighted_loss: 0.0029, label: 1, bag_size: 5091
batch 79, loss: 0.0000, instance_loss: 0.0160, weighted_loss: 0.0048, label: 0, bag_size: 1102
batch 99, loss: 0.0077, instance_loss: 0.0011, weighted_loss: 0.0057, label: 0, bag_size: 751
batch 119, loss: 0.0005, instance_loss: 0.0101, weighted_loss: 0.0034, label: 1, bag_size: 2620
batch 139, loss: 0.0003, instance_loss: 0.0022, weighted_loss: 0.0008, label: 1, bag_size: 2345
batch 159, loss: 0.0032, instance_loss: 0.0042, weighted_loss: 0.0035, label: 1, bag_size: 2513
batch 179, loss: 0.0000, instance_loss: 0.0008, weighted_loss: 0.0002, label: 1, bag_size: 2634
batch 199, loss: 0.1091, instance_loss: 0.0002, weighted_loss: 0.0764, label: 0, bag_size: 3396
batch 219, loss: 0.0014, instance_loss: 0.0000, weighted_loss: 0.0010, label: 0, bag_size: 5073
batch 239, loss: 0.0000, instance_loss: 0.0032, weighted_loss: 0.0010, label: 0, bag_size: 871
batch 259, loss: 0.0000, instance_loss: 0.0009, weighted_loss: 0.0003, label: 0, bag_size: 420
batch 279, loss: 1.5039, instance_loss: 0.0051, weighted_loss: 1.0542, label: 1, bag_size: 1536
batch 299, loss: 0.0129, instance_loss: 0.0000, weighted_loss: 0.0090, label: 1, bag_size: 3979
batch 319, loss: 0.0004, instance_loss: 0.0043, weighted_loss: 0.0016, label: 1, bag_size: 2345
batch 339, loss: 0.0025, instance_loss: 0.0000, weighted_loss: 0.0018, label: 1, bag_size: 509
batch 359, loss: 0.0316, instance_loss: 0.0290, weighted_loss: 0.0308, label: 0, bag_size: 220
batch 379, loss: 0.0015, instance_loss: 0.0000, weighted_loss: 0.0010, label: 0, bag_size: 4262
batch 399, loss: 0.0990, instance_loss: 0.0000, weighted_loss: 0.0693, label: 0, bag_size: 2537
batch 419, loss: 0.0000, instance_loss: 0.0010, weighted_loss: 0.0003, label: 0, bag_size: 1991
batch 439, loss: 0.0000, instance_loss: 0.0000, weighted_loss: 0.0000, label: 0, bag_size: 4030
batch 459, loss: 0.0000, instance_loss: 0.0000, weighted_loss: 0.0000, label: 1, bag_size: 831
batch 479, loss: 0.0003, instance_loss: 0.0000, weighted_loss: 0.0002, label: 1, bag_size: 5114
batch 499, loss: 0.0003, instance_loss: 0.0004, weighted_loss: 0.0003, label: 0, bag_size: 1609
batch 519, loss: 0.0024, instance_loss: 0.0000, weighted_loss: 0.0017, label: 1, bag_size: 4080
batch 539, loss: 0.0000, instance_loss: 0.0115, weighted_loss: 0.0035, label: 0, bag_size: 394
batch 559, loss: 0.0017, instance_loss: 0.0000, weighted_loss: 0.0012, label: 1, bag_size: 4217
batch 579, loss: 0.0005, instance_loss: 0.0159, weighted_loss: 0.0051, label: 0, bag_size: 1139
batch 599, loss: 0.0000, instance_loss: 0.0003, weighted_loss: 0.0001, label: 0, bag_size: 2145
batch 619, loss: 0.0001, instance_loss: 0.0000, weighted_loss: 0.0001, label: 0, bag_size: 3581
batch 639, loss: 0.0103, instance_loss: 0.0000, weighted_loss: 0.0072, label: 1, bag_size: 2242
batch 659, loss: 0.0033, instance_loss: 0.0000, weighted_loss: 0.0023, label: 1, bag_size: 739
batch 679, loss: 0.0042, instance_loss: 0.0015, weighted_loss: 0.0034, label: 1, bag_size: 4514
batch 699, loss: 0.0000, instance_loss: 0.0005, weighted_loss: 0.0001, label: 0, bag_size: 4222


class 0 clustering acc 0.999648382559775: correct 5686/5688
class 1 clustering acc 0.9964838255977496: correct 5668/5688
Epoch: 23, train_loss: 0.0456, train_clustering_loss:  0.0152, train_error: 0.0155
class 0: acc 0.9828571428571429, correct 344/350
class 1: acc 0.9861495844875346, correct 356/361

Val Set, val_loss: 2.0435, val_error: 0.3740, auc: 0.5750
class 0 clustering acc 1.0: correct 1048/1048
class 1 clustering acc 1.0: correct 1048/1048
class 0: acc 0.8045977011494253, correct 70/87
class 1: acc 0.2727272727272727, correct 12/44
EarlyStopping counter: 23 out of 20


batch 19, loss: 0.0349, instance_loss: 0.0000, weighted_loss: 0.0245, label: 1, bag_size: 4913
batch 39, loss: 0.0004, instance_loss: 0.0000, weighted_loss: 0.0003, label: 1, bag_size: 2357
batch 59, loss: 0.0000, instance_loss: 0.0000, weighted_loss: 0.0000, label: 0, bag_size: 4222
batch 79, loss: 0.0000, instance_loss: 0.0000, weighted_loss: 0.0000, label: 1, bag_size: 3505
batch 99, loss: 0.0073, instance_loss: 0.0000, weighted_loss: 0.0051, label: 1, bag_size: 3839
batch 119, loss: 0.0011, instance_loss: 0.0000, weighted_loss: 0.0007, label: 1, bag_size: 1268
batch 139, loss: 0.0005, instance_loss: 0.0000, weighted_loss: 0.0003, label: 0, bag_size: 2196
batch 159, loss: 0.0001, instance_loss: 0.0014, weighted_loss: 0.0005, label: 1, bag_size: 3238
batch 179, loss: 0.0059, instance_loss: 0.0010, weighted_loss: 0.0044, label: 0, bag_size: 468
batch 199, loss: 0.0046, instance_loss: 0.0004, weighted_loss: 0.0033, label: 0, bag_size: 468
batch 219, loss: 0.0191, instance_loss: 0.0000, weighted_loss: 0.0134, label: 1, bag_size: 573
batch 239, loss: 0.0266, instance_loss: 0.0116, weighted_loss: 0.0221, label: 1, bag_size: 559
batch 259, loss: 0.0000, instance_loss: 0.0015, weighted_loss: 0.0005, label: 0, bag_size: 641
batch 279, loss: 0.0002, instance_loss: 0.0002, weighted_loss: 0.0002, label: 0, bag_size: 4091
batch 299, loss: 0.0001, instance_loss: 0.0017, weighted_loss: 0.0006, label: 0, bag_size: 668
batch 319, loss: 0.0851, instance_loss: 0.0003, weighted_loss: 0.0597, label: 1, bag_size: 662
batch 339, loss: 0.0000, instance_loss: 0.0000, weighted_loss: 0.0000, label: 0, bag_size: 649
batch 359, loss: 0.0001, instance_loss: 0.0000, weighted_loss: 0.0001, label: 1, bag_size: 3756
batch 379, loss: 0.0000, instance_loss: 0.0000, weighted_loss: 0.0000, label: 0, bag_size: 4990
batch 399, loss: 0.0010, instance_loss: 0.0003, weighted_loss: 0.0008, label: 1, bag_size: 3656
batch 419, loss: 0.0261, instance_loss: 0.0007, weighted_loss: 0.0185, label: 0, bag_size: 1081
batch 439, loss: 0.0000, instance_loss: 0.0000, weighted_loss: 0.0000, label: 0, bag_size: 5784
batch 459, loss: 0.0568, instance_loss: 0.0000, weighted_loss: 0.0398, label: 0, bag_size: 1259
batch 479, loss: 0.0014, instance_loss: 0.0000, weighted_loss: 0.0010, label: 1, bag_size: 2032
batch 499, loss: 0.0000, instance_loss: 0.0000, weighted_loss: 0.0000, label: 0, bag_size: 2911
batch 519, loss: 0.0005, instance_loss: 0.0000, weighted_loss: 0.0004, label: 1, bag_size: 4348
batch 539, loss: 0.0001, instance_loss: 0.0000, weighted_loss: 0.0000, label: 1, bag_size: 5272
batch 559, loss: 0.0258, instance_loss: 0.0004, weighted_loss: 0.0182, label: 0, bag_size: 6403
batch 579, loss: 0.0022, instance_loss: 0.0002, weighted_loss: 0.0016, label: 0, bag_size: 1504
batch 599, loss: 0.0005, instance_loss: 0.0000, weighted_loss: 0.0003, label: 0, bag_size: 2397
batch 619, loss: 0.0000, instance_loss: 0.0000, weighted_loss: 0.0000, label: 0, bag_size: 4222
batch 639, loss: 0.0305, instance_loss: 0.0000, weighted_loss: 0.0214, label: 0, bag_size: 3398
batch 659, loss: 0.0000, instance_loss: 0.0011, weighted_loss: 0.0003, label: 1, bag_size: 849
batch 679, loss: 0.0000, instance_loss: 0.0042, weighted_loss: 0.0013, label: 1, bag_size: 14189
batch 699, loss: 0.0000, instance_loss: 0.0000, weighted_loss: 0.0000, label: 0, bag_size: 2084


class 0 clustering acc 0.9994725738396625: correct 5685/5688
class 1 clustering acc 0.9978902953586498: correct 5676/5688
Epoch: 24, train_loss: 0.0350, train_clustering_loss:  0.0089, train_error: 0.0127
class 0: acc 0.9882697947214076, correct 337/341
class 1: acc 0.9864864864864865, correct 365/370

Val Set, val_loss: 1.9991, val_error: 0.3588, auc: 0.5862
class 0 clustering acc 1.0: correct 1048/1048
class 1 clustering acc 1.0: correct 1048/1048
class 0: acc 0.8045977011494253, correct 70/87
class 1: acc 0.3181818181818182, correct 14/44
EarlyStopping counter: 24 out of 20


batch 19, loss: 0.0006, instance_loss: 0.0009, weighted_loss: 0.0007, label: 0, bag_size: 460
batch 39, loss: 0.0274, instance_loss: 0.0000, weighted_loss: 0.0192, label: 1, bag_size: 2108
batch 59, loss: 0.0019, instance_loss: 0.0005, weighted_loss: 0.0015, label: 1, bag_size: 511
batch 79, loss: 0.0001, instance_loss: 0.0000, weighted_loss: 0.0000, label: 0, bag_size: 3938
batch 99, loss: 0.0243, instance_loss: 0.0006, weighted_loss: 0.0172, label: 1, bag_size: 714
batch 119, loss: 0.0008, instance_loss: 0.0003, weighted_loss: 0.0007, label: 1, bag_size: 2369
batch 139, loss: 0.0000, instance_loss: 0.0012, weighted_loss: 0.0004, label: 0, bag_size: 2280
batch 159, loss: 0.0001, instance_loss: 0.0008, weighted_loss: 0.0003, label: 0, bag_size: 534
batch 179, loss: 9.5162, instance_loss: 0.0085, weighted_loss: 6.6639, label: 0, bag_size: 680
batch 199, loss: 0.0000, instance_loss: 0.0095, weighted_loss: 0.0028, label: 0, bag_size: 698
batch 219, loss: 0.0000, instance_loss: 0.0022, weighted_loss: 0.0007, label: 0, bag_size: 3300
batch 239, loss: 0.2260, instance_loss: 0.0000, weighted_loss: 0.1582, label: 1, bag_size: 920
batch 259, loss: 0.0000, instance_loss: 0.0000, weighted_loss: 0.0000, label: 0, bag_size: 4606
batch 279, loss: 0.0000, instance_loss: 0.0000, weighted_loss: 0.0000, label: 0, bag_size: 4251
batch 299, loss: 0.0001, instance_loss: 0.0000, weighted_loss: 0.0001, label: 1, bag_size: 2969
batch 319, loss: 0.0180, instance_loss: 0.0002, weighted_loss: 0.0127, label: 1, bag_size: 4248
batch 339, loss: 0.0001, instance_loss: 0.0010, weighted_loss: 0.0003, label: 0, bag_size: 1743
batch 359, loss: 0.0001, instance_loss: 0.0000, weighted_loss: 0.0001, label: 1, bag_size: 4575
batch 379, loss: 0.0977, instance_loss: 0.0014, weighted_loss: 0.0688, label: 1, bag_size: 5954
batch 399, loss: 0.0200, instance_loss: 0.0000, weighted_loss: 0.0140, label: 1, bag_size: 511
batch 419, loss: 0.0000, instance_loss: 0.0000, weighted_loss: 0.0000, label: 0, bag_size: 4342
batch 439, loss: 0.0020, instance_loss: 0.0018, weighted_loss: 0.0020, label: 1, bag_size: 1033
batch 459, loss: 0.0000, instance_loss: 0.0003, weighted_loss: 0.0001, label: 0, bag_size: 417
batch 479, loss: 0.0002, instance_loss: 0.0000, weighted_loss: 0.0001, label: 1, bag_size: 2032
batch 499, loss: 0.0000, instance_loss: 0.0000, weighted_loss: 0.0000, label: 1, bag_size: 4575
batch 519, loss: 0.0001, instance_loss: 0.0000, weighted_loss: 0.0001, label: 1, bag_size: 4348
batch 539, loss: 0.0003, instance_loss: 0.0000, weighted_loss: 0.0002, label: 1, bag_size: 2594
batch 559, loss: 0.0018, instance_loss: 0.0000, weighted_loss: 0.0013, label: 1, bag_size: 731
batch 579, loss: 0.0000, instance_loss: 0.0028, weighted_loss: 0.0008, label: 0, bag_size: 310
batch 599, loss: 0.0000, instance_loss: 0.0000, weighted_loss: 0.0000, label: 1, bag_size: 2612
batch 619, loss: 0.0000, instance_loss: 0.0007, weighted_loss: 0.0002, label: 1, bag_size: 956
batch 639, loss: 0.0057, instance_loss: 0.0005, weighted_loss: 0.0041, label: 1, bag_size: 856
batch 659, loss: 0.0126, instance_loss: 0.0000, weighted_loss: 0.0088, label: 1, bag_size: 3979
batch 679, loss: 1.4293, instance_loss: 0.0000, weighted_loss: 1.0005, label: 1, bag_size: 3119
batch 699, loss: 0.0015, instance_loss: 0.0028, weighted_loss: 0.0019, label: 0, bag_size: 958


class 0 clustering acc 1.0: correct 5688/5688
class 1 clustering acc 0.9982419127988749: correct 5678/5688
Epoch: 25, train_loss: 0.0737, train_clustering_loss:  0.0082, train_error: 0.0211
class 0: acc 0.9753086419753086, correct 316/324
class 1: acc 0.9819121447028424, correct 380/387

Val Set, val_loss: 1.9798, val_error: 0.4122, auc: 0.5664
class 0 clustering acc 1.0: correct 1048/1048
class 1 clustering acc 1.0: correct 1048/1048
class 0: acc 0.7011494252873564, correct 61/87
class 1: acc 0.36363636363636365, correct 16/44
EarlyStopping counter: 25 out of 20


batch 19, loss: 0.0007, instance_loss: 0.0039, weighted_loss: 0.0016, label: 1, bag_size: 2144
batch 39, loss: 0.0007, instance_loss: 0.0000, weighted_loss: 0.0005, label: 0, bag_size: 4262
batch 59, loss: 0.0000, instance_loss: 0.0000, weighted_loss: 0.0000, label: 0, bag_size: 259
batch 79, loss: 0.0000, instance_loss: 0.0027, weighted_loss: 0.0008, label: 0, bag_size: 619
batch 99, loss: 0.0000, instance_loss: 0.0000, weighted_loss: 0.0000, label: 0, bag_size: 263
batch 119, loss: 0.0007, instance_loss: 0.0000, weighted_loss: 0.0005, label: 0, bag_size: 468
batch 139, loss: 0.0000, instance_loss: 0.0004, weighted_loss: 0.0001, label: 0, bag_size: 627
batch 159, loss: 0.0086, instance_loss: 0.0042, weighted_loss: 0.0073, label: 0, bag_size: 202
batch 179, loss: 0.0000, instance_loss: 0.0000, weighted_loss: 0.0000, label: 0, bag_size: 652
batch 199, loss: 0.0001, instance_loss: 0.0000, weighted_loss: 0.0000, label: 0, bag_size: 2948
batch 219, loss: 0.0000, instance_loss: 0.0000, weighted_loss: 0.0000, label: 0, bag_size: 753
batch 239, loss: 0.4356, instance_loss: 0.0000, weighted_loss: 0.3049, label: 0, bag_size: 3630
batch 259, loss: 0.0000, instance_loss: 0.0000, weighted_loss: 0.0000, label: 1, bag_size: 1105
batch 279, loss: 0.0011, instance_loss: 0.0000, weighted_loss: 0.0008, label: 0, bag_size: 1417
batch 299, loss: 0.0052, instance_loss: 0.0000, weighted_loss: 0.0036, label: 0, bag_size: 1616
batch 319, loss: 0.0000, instance_loss: 0.0005, weighted_loss: 0.0002, label: 0, bag_size: 1000
batch 339, loss: 0.0000, instance_loss: 0.0004, weighted_loss: 0.0001, label: 1, bag_size: 920
batch 359, loss: 0.0000, instance_loss: 0.0010, weighted_loss: 0.0003, label: 0, bag_size: 553
batch 379, loss: 0.0000, instance_loss: 0.0000, weighted_loss: 0.0000, label: 1, bag_size: 2722
batch 399, loss: 0.0000, instance_loss: 0.0000, weighted_loss: 0.0000, label: 0, bag_size: 628
batch 419, loss: 0.0008, instance_loss: 0.0000, weighted_loss: 0.0006, label: 1, bag_size: 1972
batch 439, loss: 0.0050, instance_loss: 0.0301, weighted_loss: 0.0125, label: 1, bag_size: 470
batch 459, loss: 0.0002, instance_loss: 0.0000, weighted_loss: 0.0001, label: 0, bag_size: 1499
batch 479, loss: 0.0082, instance_loss: 0.0188, weighted_loss: 0.0114, label: 0, bag_size: 554
batch 499, loss: 0.0005, instance_loss: 0.0004, weighted_loss: 0.0005, label: 0, bag_size: 3575
batch 519, loss: 0.0979, instance_loss: 0.0000, weighted_loss: 0.0685, label: 0, bag_size: 5359
batch 539, loss: 0.0004, instance_loss: 0.0002, weighted_loss: 0.0003, label: 1, bag_size: 4897
batch 559, loss: 0.0000, instance_loss: 0.0004, weighted_loss: 0.0001, label: 0, bag_size: 4141
batch 579, loss: 0.0001, instance_loss: 0.0094, weighted_loss: 0.0029, label: 1, bag_size: 511
batch 599, loss: 0.0001, instance_loss: 0.0000, weighted_loss: 0.0001, label: 0, bag_size: 733
batch 619, loss: 0.0110, instance_loss: 0.0004, weighted_loss: 0.0078, label: 1, bag_size: 523
batch 639, loss: 0.0004, instance_loss: 0.0002, weighted_loss: 0.0003, label: 0, bag_size: 818
batch 659, loss: 0.0000, instance_loss: 0.0000, weighted_loss: 0.0000, label: 1, bag_size: 840
batch 679, loss: 0.0000, instance_loss: 0.0020, weighted_loss: 0.0006, label: 0, bag_size: 1044
batch 699, loss: 0.0270, instance_loss: 0.0000, weighted_loss: 0.0189, label: 0, bag_size: 477


class 0 clustering acc 1.0: correct 5688/5688
class 1 clustering acc 0.9989451476793249: correct 5682/5688
Epoch: 26, train_loss: 0.0092, train_clustering_loss:  0.0056, train_error: 0.0000
class 0: acc 1.0, correct 371/371
class 1: acc 1.0, correct 340/340

Val Set, val_loss: 2.1690, val_error: 0.3817, auc: 0.5692
class 0 clustering acc 1.0: correct 1048/1048
class 1 clustering acc 1.0: correct 1048/1048
class 0: acc 0.7586206896551724, correct 66/87
class 1: acc 0.3409090909090909, correct 15/44
EarlyStopping counter: 26 out of 20


batch 19, loss: 0.0002, instance_loss: 0.0017, weighted_loss: 0.0006, label: 0, bag_size: 775
batch 39, loss: 0.0078, instance_loss: 0.0000, weighted_loss: 0.0054, label: 1, bag_size: 5455
batch 59, loss: 1.5691, instance_loss: 0.0000, weighted_loss: 1.0984, label: 1, bag_size: 2267
batch 79, loss: 0.0000, instance_loss: 0.0000, weighted_loss: 0.0000, label: 1, bag_size: 1043
batch 99, loss: 0.0000, instance_loss: 0.0000, weighted_loss: 0.0000, label: 1, bag_size: 2108
batch 119, loss: 0.0002, instance_loss: 0.0000, weighted_loss: 0.0001, label: 1, bag_size: 1121
batch 139, loss: 0.0005, instance_loss: 0.0000, weighted_loss: 0.0004, label: 0, bag_size: 1383
batch 159, loss: 0.0628, instance_loss: 0.0015, weighted_loss: 0.0444, label: 1, bag_size: 714
batch 179, loss: 0.0000, instance_loss: 0.0000, weighted_loss: 0.0000, label: 0, bag_size: 875
batch 199, loss: 0.0000, instance_loss: 0.0002, weighted_loss: 0.0001, label: 1, bag_size: 452
batch 219, loss: 0.0016, instance_loss: 0.0000, weighted_loss: 0.0011, label: 1, bag_size: 3700
batch 239, loss: 0.0014, instance_loss: 0.0000, weighted_loss: 0.0010, label: 0, bag_size: 1498
batch 259, loss: 1.0863, instance_loss: 0.0018, weighted_loss: 0.7609, label: 0, bag_size: 3396
batch 279, loss: 0.0387, instance_loss: 0.0000, weighted_loss: 0.0271, label: 0, bag_size: 1439
batch 299, loss: 0.0028, instance_loss: 0.0000, weighted_loss: 0.0019, label: 1, bag_size: 270
batch 319, loss: 0.0003, instance_loss: 0.0000, weighted_loss: 0.0002, label: 1, bag_size: 4348
batch 339, loss: 0.0005, instance_loss: 0.0003, weighted_loss: 0.0005, label: 0, bag_size: 1340
batch 359, loss: 0.0007, instance_loss: 0.0000, weighted_loss: 0.0005, label: 1, bag_size: 1705
batch 379, loss: 0.0010, instance_loss: 0.0040, weighted_loss: 0.0019, label: 1, bag_size: 723
batch 399, loss: 0.0028, instance_loss: 0.0000, weighted_loss: 0.0020, label: 1, bag_size: 1343
batch 419, loss: 0.0000, instance_loss: 0.0000, weighted_loss: 0.0000, label: 0, bag_size: 2503
batch 439, loss: 0.0002, instance_loss: 0.0003, weighted_loss: 0.0002, label: 0, bag_size: 2326
batch 459, loss: 0.0000, instance_loss: 0.0159, weighted_loss: 0.0048, label: 0, bag_size: 736
batch 479, loss: 0.0001, instance_loss: 0.0000, weighted_loss: 0.0000, label: 1, bag_size: 5353
batch 499, loss: 0.0012, instance_loss: 0.0000, weighted_loss: 0.0008, label: 1, bag_size: 5091
batch 519, loss: 0.0006, instance_loss: 0.0000, weighted_loss: 0.0005, label: 1, bag_size: 3341
batch 539, loss: 0.0004, instance_loss: 0.0029, weighted_loss: 0.0011, label: 0, bag_size: 6341
batch 559, loss: 0.0000, instance_loss: 0.0003, weighted_loss: 0.0001, label: 0, bag_size: 1143
batch 579, loss: 0.0008, instance_loss: 0.0005, weighted_loss: 0.0007, label: 1, bag_size: 1007
batch 599, loss: 0.0007, instance_loss: 0.0002, weighted_loss: 0.0006, label: 1, bag_size: 221
batch 619, loss: 0.0026, instance_loss: 0.0004, weighted_loss: 0.0019, label: 0, bag_size: 2478
batch 639, loss: 0.0000, instance_loss: 0.0000, weighted_loss: 0.0000, label: 0, bag_size: 4252
batch 659, loss: 0.0002, instance_loss: 0.0012, weighted_loss: 0.0005, label: 1, bag_size: 723
batch 679, loss: 0.0000, instance_loss: 0.0003, weighted_loss: 0.0001, label: 0, bag_size: 753
batch 699, loss: 0.0007, instance_loss: 0.0002, weighted_loss: 0.0005, label: 0, bag_size: 975


class 0 clustering acc 0.9998241912798875: correct 5687/5688
class 1 clustering acc 0.9989451476793249: correct 5682/5688
Epoch: 27, train_loss: 0.0407, train_clustering_loss:  0.0023, train_error: 0.0084
class 0: acc 0.989159891598916, correct 365/369
class 1: acc 0.9941520467836257, correct 340/342

Val Set, val_loss: 2.2677, val_error: 0.3969, auc: 0.5765
class 0 clustering acc 1.0: correct 1048/1048
class 1 clustering acc 1.0: correct 1048/1048
class 0: acc 0.7701149425287356, correct 67/87
class 1: acc 0.2727272727272727, correct 12/44
EarlyStopping counter: 27 out of 20


batch 19, loss: 0.0009, instance_loss: 0.0000, weighted_loss: 0.0006, label: 1, bag_size: 2841
batch 39, loss: 0.0015, instance_loss: 0.2522, weighted_loss: 0.0767, label: 0, bag_size: 1023
batch 59, loss: 0.0065, instance_loss: 0.0000, weighted_loss: 0.0046, label: 1, bag_size: 4417
batch 79, loss: 0.0000, instance_loss: 0.0000, weighted_loss: 0.0000, label: 1, bag_size: 3225
batch 99, loss: 0.0056, instance_loss: 0.0005, weighted_loss: 0.0041, label: 0, bag_size: 1138
batch 119, loss: 0.0000, instance_loss: 0.0000, weighted_loss: 0.0000, label: 1, bag_size: 5489
batch 139, loss: 0.0000, instance_loss: 0.0048, weighted_loss: 0.0014, label: 0, bag_size: 1003
batch 159, loss: 0.0000, instance_loss: 0.0037, weighted_loss: 0.0011, label: 1, bag_size: 774
batch 179, loss: 0.0000, instance_loss: 0.0030, weighted_loss: 0.0009, label: 0, bag_size: 710
batch 199, loss: 0.0043, instance_loss: 0.0008, weighted_loss: 0.0032, label: 1, bag_size: 9914
batch 219, loss: 0.0016, instance_loss: 0.0000, weighted_loss: 0.0011, label: 1, bag_size: 4356
batch 239, loss: 0.0007, instance_loss: 0.0000, weighted_loss: 0.0005, label: 1, bag_size: 1092
batch 259, loss: 0.0000, instance_loss: 0.0000, weighted_loss: 0.0000, label: 1, bag_size: 1534
batch 279, loss: 0.0006, instance_loss: 0.0000, weighted_loss: 0.0004, label: 1, bag_size: 4495
batch 299, loss: 0.0002, instance_loss: 0.0000, weighted_loss: 0.0001, label: 0, bag_size: 348
batch 319, loss: 0.0004, instance_loss: 0.0000, weighted_loss: 0.0003, label: 1, bag_size: 1552
batch 339, loss: 0.0000, instance_loss: 0.0003, weighted_loss: 0.0001, label: 0, bag_size: 684
batch 359, loss: 0.0000, instance_loss: 0.0014, weighted_loss: 0.0004, label: 0, bag_size: 453
batch 379, loss: 0.0000, instance_loss: 0.0000, weighted_loss: 0.0000, label: 0, bag_size: 1237
batch 399, loss: 0.0024, instance_loss: 0.0000, weighted_loss: 0.0017, label: 0, bag_size: 1117
batch 419, loss: 3.6321, instance_loss: 0.0002, weighted_loss: 2.5425, label: 0, bag_size: 5455
batch 439, loss: 0.0000, instance_loss: 0.0015, weighted_loss: 0.0005, label: 0, bag_size: 3265
batch 459, loss: 0.0002, instance_loss: 0.0000, weighted_loss: 0.0001, label: 1, bag_size: 3238
batch 479, loss: 0.0012, instance_loss: 0.0000, weighted_loss: 0.0008, label: 0, bag_size: 3507
batch 499, loss: 0.1759, instance_loss: 0.0002, weighted_loss: 0.1232, label: 1, bag_size: 2594
batch 519, loss: 0.0003, instance_loss: 0.0000, weighted_loss: 0.0002, label: 1, bag_size: 5003
batch 539, loss: 0.0000, instance_loss: 0.0000, weighted_loss: 0.0000, label: 1, bag_size: 4575
batch 559, loss: 0.0045, instance_loss: 0.0000, weighted_loss: 0.0032, label: 0, bag_size: 1259
batch 579, loss: 0.0002, instance_loss: 0.0000, weighted_loss: 0.0001, label: 0, bag_size: 4252
batch 599, loss: 0.0002, instance_loss: 0.0006, weighted_loss: 0.0003, label: 0, bag_size: 4786
batch 619, loss: 0.0190, instance_loss: 0.0000, weighted_loss: 0.0133, label: 0, bag_size: 3105
batch 639, loss: 0.0037, instance_loss: 0.0000, weighted_loss: 0.0026, label: 0, bag_size: 5637
batch 659, loss: 0.0036, instance_loss: 0.0021, weighted_loss: 0.0032, label: 0, bag_size: 698
batch 679, loss: 0.0009, instance_loss: 0.0000, weighted_loss: 0.0006, label: 1, bag_size: 5329
batch 699, loss: 0.0000, instance_loss: 0.0000, weighted_loss: 0.0000, label: 0, bag_size: 468


class 0 clustering acc 0.9998241912798875: correct 5687/5688
class 1 clustering acc 0.9984177215189873: correct 5679/5688
Epoch: 28, train_loss: 0.0684, train_clustering_loss:  0.0054, train_error: 0.0253
class 0: acc 0.9691011235955056, correct 345/356
class 1: acc 0.9802816901408451, correct 348/355

Val Set, val_loss: 2.1226, val_error: 0.3664, auc: 0.5449
class 0 clustering acc 1.0: correct 1048/1048
class 1 clustering acc 1.0: correct 1048/1048
class 0: acc 0.8160919540229885, correct 71/87
class 1: acc 0.2727272727272727, correct 12/44
EarlyStopping counter: 28 out of 20


batch 19, loss: 0.0000, instance_loss: 0.0000, weighted_loss: 0.0000, label: 0, bag_size: 3871
batch 39, loss: 0.0158, instance_loss: 0.0000, weighted_loss: 0.0111, label: 0, bag_size: 3707
batch 59, loss: 0.0012, instance_loss: 0.0000, weighted_loss: 0.0009, label: 0, bag_size: 2577
batch 79, loss: 0.0005, instance_loss: 0.0000, weighted_loss: 0.0003, label: 1, bag_size: 1223
batch 99, loss: 0.0060, instance_loss: 0.0010, weighted_loss: 0.0045, label: 0, bag_size: 2957
batch 119, loss: 0.0000, instance_loss: 0.0005, weighted_loss: 0.0002, label: 0, bag_size: 553
batch 139, loss: 0.0002, instance_loss: 0.0000, weighted_loss: 0.0001, label: 0, bag_size: 1723
batch 159, loss: 2.4451, instance_loss: 0.0002, weighted_loss: 1.7116, label: 0, bag_size: 4647
batch 179, loss: 0.0001, instance_loss: 0.0086, weighted_loss: 0.0026, label: 0, bag_size: 1080
batch 199, loss: 0.0026, instance_loss: 0.0003, weighted_loss: 0.0019, label: 0, bag_size: 1447
batch 219, loss: 0.0000, instance_loss: 0.0040, weighted_loss: 0.0012, label: 1, bag_size: 1296
batch 239, loss: 0.0003, instance_loss: 0.0000, weighted_loss: 0.0002, label: 0, bag_size: 3984
batch 259, loss: 0.0099, instance_loss: 0.0000, weighted_loss: 0.0070, label: 0, bag_size: 686
batch 279, loss: 0.0004, instance_loss: 0.0000, weighted_loss: 0.0003, label: 1, bag_size: 3700
batch 299, loss: 0.0010, instance_loss: 0.0435, weighted_loss: 0.0137, label: 1, bag_size: 805
batch 319, loss: 0.0015, instance_loss: 0.0000, weighted_loss: 0.0010, label: 1, bag_size: 4575
batch 339, loss: 0.0007, instance_loss: 0.0121, weighted_loss: 0.0041, label: 0, bag_size: 321
batch 359, loss: 0.0001, instance_loss: 0.0002, weighted_loss: 0.0001, label: 1, bag_size: 780
batch 379, loss: 0.0028, instance_loss: 0.0000, weighted_loss: 0.0020, label: 1, bag_size: 2032
batch 399, loss: 0.0001, instance_loss: 0.0000, weighted_loss: 0.0001, label: 0, bag_size: 3818
batch 419, loss: 0.0408, instance_loss: 0.0014, weighted_loss: 0.0290, label: 1, bag_size: 3645
batch 439, loss: 0.0002, instance_loss: 0.0000, weighted_loss: 0.0002, label: 1, bag_size: 5003
batch 459, loss: 0.0000, instance_loss: 0.0000, weighted_loss: 0.0000, label: 0, bag_size: 4461
batch 479, loss: 0.0001, instance_loss: 0.0000, weighted_loss: 0.0000, label: 1, bag_size: 894
batch 499, loss: 0.0000, instance_loss: 0.0059, weighted_loss: 0.0018, label: 0, bag_size: 1293
batch 519, loss: 0.0005, instance_loss: 0.0000, weighted_loss: 0.0004, label: 0, bag_size: 807
batch 539, loss: 0.0003, instance_loss: 0.0000, weighted_loss: 0.0002, label: 0, bag_size: 4968
batch 559, loss: 0.0000, instance_loss: 0.0000, weighted_loss: 0.0000, label: 0, bag_size: 448
batch 579, loss: 0.0000, instance_loss: 0.0000, weighted_loss: 0.0000, label: 0, bag_size: 4484
batch 599, loss: 0.0205, instance_loss: 0.0009, weighted_loss: 0.0146, label: 1, bag_size: 4593
batch 619, loss: 0.0014, instance_loss: 0.0017, weighted_loss: 0.0015, label: 0, bag_size: 4154
batch 639, loss: 0.0177, instance_loss: 0.0000, weighted_loss: 0.0124, label: 0, bag_size: 477
batch 659, loss: 0.0001, instance_loss: 0.0005, weighted_loss: 0.0002, label: 1, bag_size: 652
batch 679, loss: 0.0000, instance_loss: 0.0000, weighted_loss: 0.0000, label: 0, bag_size: 5886
batch 699, loss: 0.0046, instance_loss: 0.0000, weighted_loss: 0.0032, label: 1, bag_size: 1018


class 0 clustering acc 0.999648382559775: correct 5686/5688
class 1 clustering acc 0.9966596343178622: correct 5669/5688
Epoch: 29, train_loss: 0.0170, train_clustering_loss:  0.0133, train_error: 0.0070
class 0: acc 0.9919354838709677, correct 369/372
class 1: acc 0.9941002949852508, correct 337/339

Val Set, val_loss: 2.4514, val_error: 0.3588, auc: 0.5677
class 0 clustering acc 1.0: correct 1048/1048
class 1 clustering acc 1.0: correct 1048/1048
class 0: acc 0.8850574712643678, correct 77/87
class 1: acc 0.1590909090909091, correct 7/44
EarlyStopping counter: 29 out of 20


batch 19, loss: 0.0000, instance_loss: 0.0000, weighted_loss: 0.0000, label: 1, bag_size: 980
batch 39, loss: 0.0004, instance_loss: 0.0000, weighted_loss: 0.0003, label: 1, bag_size: 2513
batch 59, loss: 0.0000, instance_loss: 0.0000, weighted_loss: 0.0000, label: 0, bag_size: 663
batch 79, loss: 0.0005, instance_loss: 0.0004, weighted_loss: 0.0005, label: 1, bag_size: 2637
batch 99, loss: 0.0082, instance_loss: 0.0000, weighted_loss: 0.0057, label: 1, bag_size: 1110
batch 119, loss: 0.0000, instance_loss: 0.0009, weighted_loss: 0.0003, label: 0, bag_size: 1003
batch 139, loss: 0.0007, instance_loss: 0.0000, weighted_loss: 0.0005, label: 1, bag_size: 511
batch 159, loss: 0.0000, instance_loss: 0.0000, weighted_loss: 0.0000, label: 0, bag_size: 1096
batch 179, loss: 0.0007, instance_loss: 0.0000, weighted_loss: 0.0005, label: 1, bag_size: 3839
batch 199, loss: 0.0009, instance_loss: 0.0009, weighted_loss: 0.0009, label: 0, bag_size: 524
batch 219, loss: 0.0278, instance_loss: 0.0000, weighted_loss: 0.0194, label: 1, bag_size: 1683
batch 239, loss: 0.0002, instance_loss: 0.0020, weighted_loss: 0.0007, label: 1, bag_size: 468
batch 259, loss: 0.0002, instance_loss: 0.0000, weighted_loss: 0.0001, label: 1, bag_size: 1043
batch 279, loss: 0.0000, instance_loss: 0.0000, weighted_loss: 0.0000, label: 0, bag_size: 1519
batch 299, loss: 0.0010, instance_loss: 0.0004, weighted_loss: 0.0008, label: 0, bag_size: 2216
batch 319, loss: 0.0013, instance_loss: 0.0000, weighted_loss: 0.0009, label: 1, bag_size: 4142
batch 339, loss: 0.0027, instance_loss: 0.0002, weighted_loss: 0.0020, label: 1, bag_size: 714
batch 359, loss: 0.0000, instance_loss: 0.0000, weighted_loss: 0.0000, label: 0, bag_size: 2355
batch 379, loss: 0.0010, instance_loss: 0.0000, weighted_loss: 0.0007, label: 1, bag_size: 4439
batch 399, loss: 0.0000, instance_loss: 0.0000, weighted_loss: 0.0000, label: 1, bag_size: 1534
batch 419, loss: 0.0002, instance_loss: 0.0000, weighted_loss: 0.0002, label: 0, bag_size: 4464
batch 439, loss: 0.0000, instance_loss: 0.0000, weighted_loss: 0.0000, label: 1, bag_size: 3109
batch 459, loss: 0.0015, instance_loss: 0.0007, weighted_loss: 0.0013, label: 1, bag_size: 988
batch 479, loss: 0.0000, instance_loss: 0.0004, weighted_loss: 0.0001, label: 1, bag_size: 956
batch 499, loss: 0.0274, instance_loss: 0.0000, weighted_loss: 0.0192, label: 0, bag_size: 4484
batch 519, loss: 0.0000, instance_loss: 0.0000, weighted_loss: 0.0000, label: 0, bag_size: 4141
batch 539, loss: 0.0023, instance_loss: 0.0000, weighted_loss: 0.0016, label: 1, bag_size: 3691
batch 559, loss: 0.0000, instance_loss: 0.0011, weighted_loss: 0.0003, label: 0, bag_size: 685
batch 579, loss: 0.0000, instance_loss: 0.0002, weighted_loss: 0.0001, label: 0, bag_size: 918
batch 599, loss: 0.0000, instance_loss: 0.0000, weighted_loss: 0.0000, label: 1, bag_size: 1296
batch 619, loss: 0.0000, instance_loss: 0.0000, weighted_loss: 0.0000, label: 0, bag_size: 492
batch 639, loss: 0.0000, instance_loss: 0.0000, weighted_loss: 0.0000, label: 0, bag_size: 1685
batch 659, loss: 0.0005, instance_loss: 0.0013, weighted_loss: 0.0008, label: 1, bag_size: 2144
batch 679, loss: 0.0028, instance_loss: 1.7515, weighted_loss: 0.5274, label: 1, bag_size: 388
batch 699, loss: 0.0005, instance_loss: 0.0000, weighted_loss: 0.0003, label: 0, bag_size: 3984


class 0 clustering acc 0.9992967651195499: correct 5684/5688
class 1 clustering acc 0.9971870604781997: correct 5672/5688
Epoch: 30, train_loss: 0.0438, train_clustering_loss:  0.0129, train_error: 0.0141
class 0: acc 0.9828080229226361, correct 343/349
class 1: acc 0.988950276243094, correct 358/362

Val Set, val_loss: 2.6434, val_error: 0.3664, auc: 0.5230
class 0 clustering acc 1.0: correct 1048/1048
class 1 clustering acc 1.0: correct 1048/1048
class 0: acc 0.8160919540229885, correct 71/87
class 1: acc 0.2727272727272727, correct 12/44
EarlyStopping counter: 30 out of 20


batch 19, loss: 0.0015, instance_loss: 0.0000, weighted_loss: 0.0010, label: 1, bag_size: 3889
batch 39, loss: 0.0000, instance_loss: 0.0006, weighted_loss: 0.0002, label: 0, bag_size: 2553
batch 59, loss: 0.0000, instance_loss: 0.0000, weighted_loss: 0.0000, label: 0, bag_size: 5526
batch 79, loss: 0.0001, instance_loss: 0.0000, weighted_loss: 0.0001, label: 1, bag_size: 3892
batch 99, loss: 0.0000, instance_loss: 0.0003, weighted_loss: 0.0001, label: 0, bag_size: 913
batch 119, loss: 0.0008, instance_loss: 0.0002, weighted_loss: 0.0006, label: 1, bag_size: 1702
batch 139, loss: 0.0000, instance_loss: 0.0005, weighted_loss: 0.0001, label: 1, bag_size: 14189
batch 159, loss: 0.0034, instance_loss: 0.0000, weighted_loss: 0.0024, label: 0, bag_size: 3984
batch 179, loss: 0.0033, instance_loss: 0.0023, weighted_loss: 0.0030, label: 0, bag_size: 204
batch 199, loss: 0.0001, instance_loss: 0.0000, weighted_loss: 0.0001, label: 1, bag_size: 2728
batch 219, loss: 0.0426, instance_loss: 0.0008, weighted_loss: 0.0300, label: 1, bag_size: 702
batch 239, loss: 0.0001, instance_loss: 0.0000, weighted_loss: 0.0001, label: 1, bag_size: 5333
batch 259, loss: 0.0006, instance_loss: 0.0026, weighted_loss: 0.0012, label: 1, bag_size: 2242
batch 279, loss: 0.0005, instance_loss: 0.0000, weighted_loss: 0.0004, label: 1, bag_size: 837
batch 299, loss: 0.0001, instance_loss: 0.0000, weighted_loss: 0.0001, label: 0, bag_size: 2461
batch 319, loss: 0.0001, instance_loss: 0.0050, weighted_loss: 0.0016, label: 0, bag_size: 1569
batch 339, loss: 0.0003, instance_loss: 0.0005, weighted_loss: 0.0004, label: 1, bag_size: 2841
batch 359, loss: 0.0000, instance_loss: 0.0008, weighted_loss: 0.0003, label: 1, bag_size: 2513
batch 379, loss: 0.0023, instance_loss: 0.0000, weighted_loss: 0.0016, label: 0, bag_size: 3237
batch 399, loss: 0.0002, instance_loss: 0.0000, weighted_loss: 0.0001, label: 1, bag_size: 3109
batch 419, loss: 0.0000, instance_loss: 0.0000, weighted_loss: 0.0000, label: 0, bag_size: 1094
batch 439, loss: 0.0000, instance_loss: 0.0000, weighted_loss: 0.0000, label: 0, bag_size: 3818
batch 459, loss: 0.0013, instance_loss: 0.0014, weighted_loss: 0.0013, label: 1, bag_size: 2841
batch 479, loss: 0.0000, instance_loss: 0.0000, weighted_loss: 0.0000, label: 0, bag_size: 1274
batch 499, loss: 0.0000, instance_loss: 0.0046, weighted_loss: 0.0014, label: 0, bag_size: 1117
batch 519, loss: 0.0156, instance_loss: 0.0050, weighted_loss: 0.0124, label: 1, bag_size: 3762
batch 539, loss: 0.0247, instance_loss: 0.0007, weighted_loss: 0.0175, label: 0, bag_size: 4112
batch 559, loss: 0.0000, instance_loss: 0.0000, weighted_loss: 0.0000, label: 0, bag_size: 478
batch 579, loss: 0.0001, instance_loss: 1.9365, weighted_loss: 0.5810, label: 0, bag_size: 600
batch 599, loss: 0.0001, instance_loss: 0.0119, weighted_loss: 0.0036, label: 1, bag_size: 667
batch 619, loss: 0.0019, instance_loss: 0.0000, weighted_loss: 0.0013, label: 1, bag_size: 6072
batch 639, loss: 0.0002, instance_loss: 0.0000, weighted_loss: 0.0002, label: 1, bag_size: 5091
batch 659, loss: 0.0000, instance_loss: 0.0087, weighted_loss: 0.0026, label: 1, bag_size: 1019
batch 679, loss: 0.0001, instance_loss: 0.0003, weighted_loss: 0.0001, label: 0, bag_size: 5611
batch 699, loss: 0.0030, instance_loss: 0.0007, weighted_loss: 0.0023, label: 1, bag_size: 4477


class 0 clustering acc 0.9991209563994374: correct 5683/5688
class 1 clustering acc 0.9950773558368495: correct 5660/5688
Epoch: 31, train_loss: 0.0188, train_clustering_loss:  0.0183, train_error: 0.0070
class 0: acc 0.9943019943019943, correct 349/351
class 1: acc 0.9916666666666667, correct 357/360

Val Set, val_loss: 2.4644, val_error: 0.3664, auc: 0.5528
class 0 clustering acc 1.0: correct 1048/1048
class 1 clustering acc 1.0: correct 1048/1048
class 0: acc 0.7701149425287356, correct 67/87
class 1: acc 0.36363636363636365, correct 16/44
EarlyStopping counter: 31 out of 20


batch 19, loss: 0.0004, instance_loss: 0.0000, weighted_loss: 0.0003, label: 0, bag_size: 733
batch 39, loss: 2.3301, instance_loss: 0.0134, weighted_loss: 1.6351, label: 0, bag_size: 1447
batch 59, loss: 0.0000, instance_loss: 0.0000, weighted_loss: 0.0000, label: 1, bag_size: 19888
batch 79, loss: 0.0000, instance_loss: 0.0000, weighted_loss: 0.0000, label: 1, bag_size: 2345
batch 99, loss: 0.0000, instance_loss: 0.0000, weighted_loss: 0.0000, label: 0, bag_size: 4930
batch 119, loss: 0.0146, instance_loss: 0.0000, weighted_loss: 0.0102, label: 0, bag_size: 4112
batch 139, loss: 0.0000, instance_loss: 0.0003, weighted_loss: 0.0001, label: 0, bag_size: 822
batch 159, loss: 0.0197, instance_loss: 0.0016, weighted_loss: 0.0143, label: 0, bag_size: 871
batch 179, loss: 0.0019, instance_loss: 0.0000, weighted_loss: 0.0014, label: 1, bag_size: 5455
batch 199, loss: 0.0000, instance_loss: 0.0008, weighted_loss: 0.0002, label: 0, bag_size: 4141
batch 219, loss: 0.0025, instance_loss: 0.0016, weighted_loss: 0.0022, label: 1, bag_size: 1019
batch 239, loss: 0.0000, instance_loss: 0.0044, weighted_loss: 0.0013, label: 0, bag_size: 1059
batch 259, loss: 0.0016, instance_loss: 0.0000, weighted_loss: 0.0011, label: 1, bag_size: 5272
batch 279, loss: 0.0000, instance_loss: 0.0000, weighted_loss: 0.0000, label: 1, bag_size: 2513
batch 299, loss: 0.0003, instance_loss: 0.0012, weighted_loss: 0.0006, label: 1, bag_size: 1671
batch 319, loss: 0.0001, instance_loss: 0.0000, weighted_loss: 0.0000, label: 1, bag_size: 1671
batch 339, loss: 0.0003, instance_loss: 0.0002, weighted_loss: 0.0003, label: 0, bag_size: 1296
batch 359, loss: 0.0000, instance_loss: 0.0000, weighted_loss: 0.0000, label: 0, bag_size: 404
batch 379, loss: 0.0000, instance_loss: 0.0013, weighted_loss: 0.0004, label: 0, bag_size: 1447
batch 399, loss: 0.0005, instance_loss: 0.0025, weighted_loss: 0.0011, label: 1, bag_size: 5954
batch 419, loss: 0.0008, instance_loss: 0.0003, weighted_loss: 0.0006, label: 1, bag_size: 739
batch 439, loss: 0.0000, instance_loss: 0.0124, weighted_loss: 0.0037, label: 1, bag_size: 297
batch 459, loss: 0.0000, instance_loss: 0.0000, weighted_loss: 0.0000, label: 1, bag_size: 2794
batch 479, loss: 0.0000, instance_loss: 0.0009, weighted_loss: 0.0003, label: 0, bag_size: 901
batch 499, loss: 0.0000, instance_loss: 0.0000, weighted_loss: 0.0000, label: 1, bag_size: 1507
batch 519, loss: 0.0010, instance_loss: 0.0000, weighted_loss: 0.0007, label: 1, bag_size: 4356
batch 539, loss: 0.0000, instance_loss: 0.0033, weighted_loss: 0.0010, label: 1, bag_size: 931
batch 559, loss: 0.0001, instance_loss: 0.0000, weighted_loss: 0.0001, label: 0, bag_size: 4262
batch 579, loss: 0.0009, instance_loss: 0.0047, weighted_loss: 0.0020, label: 1, bag_size: 3530
batch 599, loss: 0.0016, instance_loss: 0.0000, weighted_loss: 0.0011, label: 0, bag_size: 1240
batch 619, loss: 0.0000, instance_loss: 0.0011, weighted_loss: 0.0003, label: 0, bag_size: 822
batch 639, loss: 0.0000, instance_loss: 0.0000, weighted_loss: 0.0000, label: 1, bag_size: 1742
batch 659, loss: 0.0362, instance_loss: 0.0006, weighted_loss: 0.0255, label: 0, bag_size: 1117
batch 679, loss: 0.0002, instance_loss: 0.0003, weighted_loss: 0.0002, label: 1, bag_size: 511
batch 699, loss: 0.0145, instance_loss: 0.0000, weighted_loss: 0.0101, label: 1, bag_size: 1018


class 0 clustering acc 0.9998241912798875: correct 5687/5688
class 1 clustering acc 0.9982419127988749: correct 5678/5688
Epoch: 32, train_loss: 0.0876, train_clustering_loss:  0.0084, train_error: 0.0183
class 0: acc 0.97953216374269, correct 335/342
class 1: acc 0.983739837398374, correct 363/369

Val Set, val_loss: 2.3131, val_error: 0.3664, auc: 0.5235
class 0 clustering acc 1.0: correct 1048/1048
class 1 clustering acc 0.9980916030534351: correct 1046/1048
class 0: acc 0.7931034482758621, correct 69/87
class 1: acc 0.3181818181818182, correct 14/44
EarlyStopping counter: 32 out of 20


batch 19, loss: 0.0021, instance_loss: 0.0000, weighted_loss: 0.0014, label: 1, bag_size: 4946
batch 39, loss: 0.0000, instance_loss: 0.0000, weighted_loss: 0.0000, label: 0, bag_size: 3765
batch 59, loss: 0.0006, instance_loss: 0.0000, weighted_loss: 0.0004, label: 0, bag_size: 4337
batch 79, loss: 0.0005, instance_loss: 0.0059, weighted_loss: 0.0021, label: 0, bag_size: 569
batch 99, loss: 0.0009, instance_loss: 0.0000, weighted_loss: 0.0006, label: 1, bag_size: 782
batch 119, loss: 0.0000, instance_loss: 0.0016, weighted_loss: 0.0005, label: 0, bag_size: 871
batch 139, loss: 0.0031, instance_loss: 0.0000, weighted_loss: 0.0021, label: 1, bag_size: 2969
batch 159, loss: 0.0000, instance_loss: 0.0002, weighted_loss: 0.0001, label: 0, bag_size: 310
batch 179, loss: 0.0007, instance_loss: 0.0000, weighted_loss: 0.0005, label: 0, bag_size: 2216
batch 199, loss: 0.0003, instance_loss: 0.0000, weighted_loss: 0.0002, label: 0, bag_size: 3984
batch 219, loss: 0.0002, instance_loss: 0.0006, weighted_loss: 0.0003, label: 0, bag_size: 2097
batch 239, loss: 0.0001, instance_loss: 0.0025, weighted_loss: 0.0008, label: 0, bag_size: 680
batch 259, loss: 0.0278, instance_loss: 0.0069, weighted_loss: 0.0215, label: 1, bag_size: 1121
batch 279, loss: 0.0052, instance_loss: 0.0000, weighted_loss: 0.0036, label: 0, bag_size: 404
batch 299, loss: 0.0000, instance_loss: 0.0000, weighted_loss: 0.0000, label: 0, bag_size: 568
batch 319, loss: 0.0000, instance_loss: 0.0024, weighted_loss: 0.0007, label: 0, bag_size: 1334
batch 339, loss: 0.0000, instance_loss: 0.0008, weighted_loss: 0.0002, label: 0, bag_size: 962
batch 359, loss: 0.0000, instance_loss: 0.0000, weighted_loss: 0.0000, label: 1, bag_size: 19728
batch 379, loss: 0.0356, instance_loss: 0.0000, weighted_loss: 0.0249, label: 0, bag_size: 2145
batch 399, loss: 0.0002, instance_loss: 0.0000, weighted_loss: 0.0001, label: 0, bag_size: 2040
batch 419, loss: 0.0026, instance_loss: 0.0000, weighted_loss: 0.0018, label: 0, bag_size: 3100
batch 439, loss: 0.0001, instance_loss: 0.0000, weighted_loss: 0.0001, label: 1, bag_size: 343
batch 459, loss: 0.0000, instance_loss: 0.0000, weighted_loss: 0.0000, label: 0, bag_size: 468
batch 479, loss: 0.0001, instance_loss: 0.0000, weighted_loss: 0.0000, label: 0, bag_size: 4930
batch 499, loss: 0.0018, instance_loss: 0.0000, weighted_loss: 0.0013, label: 1, bag_size: 5091
batch 519, loss: 0.0207, instance_loss: 0.0000, weighted_loss: 0.0145, label: 1, bag_size: 4429
batch 539, loss: 0.0004, instance_loss: 0.0017, weighted_loss: 0.0008, label: 0, bag_size: 2927
batch 559, loss: 0.0000, instance_loss: 0.0000, weighted_loss: 0.0000, label: 1, bag_size: 270
batch 579, loss: 0.0001, instance_loss: 0.0000, weighted_loss: 0.0001, label: 0, bag_size: 971
batch 599, loss: 0.0003, instance_loss: 0.0020, weighted_loss: 0.0008, label: 0, bag_size: 4665
batch 619, loss: 0.0005, instance_loss: 0.0002, weighted_loss: 0.0004, label: 0, bag_size: 4593
batch 639, loss: 0.0000, instance_loss: 0.0000, weighted_loss: 0.0000, label: 1, bag_size: 1737
batch 659, loss: 0.0007, instance_loss: 0.0000, weighted_loss: 0.0005, label: 0, bag_size: 1176
batch 679, loss: 0.0016, instance_loss: 0.0038, weighted_loss: 0.0022, label: 1, bag_size: 727
batch 699, loss: 0.0000, instance_loss: 0.0003, weighted_loss: 0.0001, label: 0, bag_size: 1420


class 0 clustering acc 0.9998241912798875: correct 5687/5688
class 1 clustering acc 0.9980661040787623: correct 5677/5688
Epoch: 33, train_loss: 0.0142, train_clustering_loss:  0.0075, train_error: 0.0056
class 0: acc 0.9913544668587896, correct 344/347
class 1: acc 0.9972527472527473, correct 363/364

Val Set, val_loss: 2.4823, val_error: 0.3664, auc: 0.5410
class 0 clustering acc 1.0: correct 1048/1048
class 1 clustering acc 1.0: correct 1048/1048
class 0: acc 0.8045977011494253, correct 70/87
class 1: acc 0.29545454545454547, correct 13/44
EarlyStopping counter: 33 out of 20


batch 19, loss: 0.0001, instance_loss: 0.0005, weighted_loss: 0.0002, label: 1, bag_size: 1121
batch 39, loss: 0.0015, instance_loss: 0.0000, weighted_loss: 0.0011, label: 0, bag_size: 501
batch 59, loss: 0.0037, instance_loss: 0.0008, weighted_loss: 0.0029, label: 0, bag_size: 2555
batch 79, loss: 0.0000, instance_loss: 0.0127, weighted_loss: 0.0038, label: 0, bag_size: 699
batch 99, loss: 0.0003, instance_loss: 0.0000, weighted_loss: 0.0002, label: 1, bag_size: 1476
batch 119, loss: 0.0001, instance_loss: 0.0000, weighted_loss: 0.0000, label: 0, bag_size: 1883
batch 139, loss: 0.0000, instance_loss: 0.0000, weighted_loss: 0.0000, label: 0, bag_size: 2035
batch 159, loss: 0.0019, instance_loss: 0.0003, weighted_loss: 0.0014, label: 1, bag_size: 1862
batch 179, loss: 0.0000, instance_loss: 0.0027, weighted_loss: 0.0008, label: 0, bag_size: 685
batch 199, loss: 0.0000, instance_loss: 0.0000, weighted_loss: 0.0000, label: 0, bag_size: 1094
batch 219, loss: 0.0000, instance_loss: 0.0000, weighted_loss: 0.0000, label: 1, bag_size: 1476
batch 239, loss: 0.0000, instance_loss: 0.0000, weighted_loss: 0.0000, label: 0, bag_size: 2291
batch 259, loss: 0.0001, instance_loss: 0.0000, weighted_loss: 0.0001, label: 1, bag_size: 2108
batch 279, loss: 0.0016, instance_loss: 0.0026, weighted_loss: 0.0019, label: 1, bag_size: 509
batch 299, loss: 0.0000, instance_loss: 0.0000, weighted_loss: 0.0000, label: 1, bag_size: 14205
batch 319, loss: 0.0042, instance_loss: 0.0006, weighted_loss: 0.0031, label: 1, bag_size: 3037
batch 339, loss: 0.0000, instance_loss: 0.0006, weighted_loss: 0.0002, label: 1, bag_size: 2634
batch 359, loss: 0.0004, instance_loss: 0.0000, weighted_loss: 0.0003, label: 1, bag_size: 1223
batch 379, loss: 0.0005, instance_loss: 0.0068, weighted_loss: 0.0024, label: 1, bag_size: 2244
batch 399, loss: 0.0036, instance_loss: 0.0067, weighted_loss: 0.0045, label: 0, bag_size: 2280
batch 419, loss: 0.0004, instance_loss: 0.0118, weighted_loss: 0.0038, label: 1, bag_size: 1092
batch 439, loss: 0.0294, instance_loss: 0.0003, weighted_loss: 0.0206, label: 1, bag_size: 547
batch 459, loss: 0.0023, instance_loss: 0.0008, weighted_loss: 0.0018, label: 1, bag_size: 4593
batch 479, loss: 0.0000, instance_loss: 0.0000, weighted_loss: 0.0000, label: 0, bag_size: 3765
batch 499, loss: 0.0000, instance_loss: 0.0000, weighted_loss: 0.0000, label: 1, bag_size: 2567
batch 519, loss: 0.0092, instance_loss: 0.0000, weighted_loss: 0.0064, label: 1, bag_size: 4897
batch 539, loss: 0.0058, instance_loss: 0.0003, weighted_loss: 0.0041, label: 1, bag_size: 4477
batch 559, loss: 0.0000, instance_loss: 0.0000, weighted_loss: 0.0000, label: 0, bag_size: 788
batch 579, loss: 0.0194, instance_loss: 0.0000, weighted_loss: 0.0136, label: 1, bag_size: 1270
batch 599, loss: 0.0000, instance_loss: 0.0006, weighted_loss: 0.0002, label: 1, bag_size: 774
batch 619, loss: 0.0009, instance_loss: 0.0000, weighted_loss: 0.0006, label: 1, bag_size: 4593
batch 639, loss: 0.0005, instance_loss: 0.0000, weighted_loss: 0.0003, label: 1, bag_size: 2385
batch 659, loss: 0.0000, instance_loss: 0.0000, weighted_loss: 0.0000, label: 0, bag_size: 404
batch 679, loss: 0.0000, instance_loss: 0.0000, weighted_loss: 0.0000, label: 0, bag_size: 4090
batch 699, loss: 0.0000, instance_loss: 0.0003, weighted_loss: 0.0001, label: 1, bag_size: 343


class 0 clustering acc 0.9994725738396625: correct 5685/5688
class 1 clustering acc 0.9980661040787623: correct 5677/5688
Epoch: 34, train_loss: 0.0027, train_clustering_loss:  0.0081, train_error: 0.0000
class 0: acc 1.0, correct 354/354
class 1: acc 1.0, correct 357/357

Val Set, val_loss: 2.6378, val_error: 0.3893, auc: 0.5366
class 0 clustering acc 1.0: correct 1048/1048
class 1 clustering acc 0.9990458015267175: correct 1047/1048
class 0: acc 0.7931034482758621, correct 69/87
class 1: acc 0.25, correct 11/44
EarlyStopping counter: 34 out of 20


batch 19, loss: 0.0029, instance_loss: 0.0100, weighted_loss: 0.0050, label: 1, bag_size: 828
batch 39, loss: 0.0000, instance_loss: 0.0000, weighted_loss: 0.0000, label: 1, bag_size: 5353
batch 59, loss: 0.0001, instance_loss: 0.0000, weighted_loss: 0.0001, label: 1, bag_size: 5091
batch 79, loss: 0.0000, instance_loss: 0.0000, weighted_loss: 0.0000, label: 0, bag_size: 434
batch 99, loss: 0.0000, instance_loss: 0.0000, weighted_loss: 0.0000, label: 1, bag_size: 1885
batch 119, loss: 0.0005, instance_loss: 0.0002, weighted_loss: 0.0004, label: 0, bag_size: 5455
batch 139, loss: 0.0000, instance_loss: 0.0024, weighted_loss: 0.0007, label: 0, bag_size: 901
batch 159, loss: 0.2032, instance_loss: 0.0000, weighted_loss: 0.1422, label: 0, bag_size: 3630
batch 179, loss: 0.0001, instance_loss: 0.0004, weighted_loss: 0.0002, label: 0, bag_size: 1073
batch 199, loss: 0.0000, instance_loss: 0.0000, weighted_loss: 0.0000, label: 1, bag_size: 4355
batch 219, loss: 0.0001, instance_loss: 0.0003, weighted_loss: 0.0002, label: 1, bag_size: 2634
batch 239, loss: 0.0000, instance_loss: 0.0000, weighted_loss: 0.0000, label: 0, bag_size: 642
batch 259, loss: 0.0000, instance_loss: 0.0000, weighted_loss: 0.0000, label: 0, bag_size: 3914
batch 279, loss: 0.0013, instance_loss: 0.0000, weighted_loss: 0.0009, label: 0, bag_size: 4206
batch 299, loss: 0.0000, instance_loss: 0.0000, weighted_loss: 0.0000, label: 1, bag_size: 4575
batch 319, loss: 0.0112, instance_loss: 0.0000, weighted_loss: 0.0078, label: 0, bag_size: 2145
batch 339, loss: 0.0030, instance_loss: 0.0000, weighted_loss: 0.0021, label: 0, bag_size: 348
batch 359, loss: 0.6037, instance_loss: 0.0010, weighted_loss: 0.4229, label: 0, bag_size: 4647
batch 379, loss: 0.0001, instance_loss: 0.0000, weighted_loss: 0.0001, label: 1, bag_size: 4013
batch 399, loss: 0.0005, instance_loss: 0.0291, weighted_loss: 0.0091, label: 1, bag_size: 727
batch 419, loss: 0.0155, instance_loss: 0.0000, weighted_loss: 0.0109, label: 0, bag_size: 400
batch 439, loss: 0.0005, instance_loss: 0.0000, weighted_loss: 0.0004, label: 1, bag_size: 1683
batch 459, loss: 0.0009, instance_loss: 0.0000, weighted_loss: 0.0007, label: 0, bag_size: 3747
batch 479, loss: 0.0000, instance_loss: 0.0000, weighted_loss: 0.0000, label: 1, bag_size: 4610
batch 499, loss: 0.0004, instance_loss: 0.0000, weighted_loss: 0.0003, label: 0, bag_size: 2145
batch 519, loss: 0.0000, instance_loss: 0.0000, weighted_loss: 0.0000, label: 0, bag_size: 1743
batch 539, loss: 0.0000, instance_loss: 0.0005, weighted_loss: 0.0002, label: 0, bag_size: 686
batch 559, loss: 0.0000, instance_loss: 0.0000, weighted_loss: 0.0000, label: 0, bag_size: 4990
batch 579, loss: 0.0000, instance_loss: 0.0002, weighted_loss: 0.0001, label: 1, bag_size: 1019
batch 599, loss: 0.5365, instance_loss: 0.0049, weighted_loss: 0.3770, label: 1, bag_size: 547
batch 619, loss: 0.0071, instance_loss: 0.0000, weighted_loss: 0.0049, label: 1, bag_size: 5114
batch 639, loss: 0.0002, instance_loss: 0.0019, weighted_loss: 0.0007, label: 0, bag_size: 4519
batch 659, loss: 0.0003, instance_loss: 0.0000, weighted_loss: 0.0002, label: 1, bag_size: 5272
batch 679, loss: 0.0001, instance_loss: 0.0000, weighted_loss: 0.0000, label: 0, bag_size: 3984
batch 699, loss: 0.0099, instance_loss: 0.0000, weighted_loss: 0.0069, label: 1, bag_size: 966


class 0 clustering acc 0.9985935302390999: correct 5680/5688
class 1 clustering acc 0.995604781997187: correct 5663/5688
Epoch: 35, train_loss: 0.0404, train_clustering_loss:  0.0143, train_error: 0.0113
class 0: acc 0.9863387978142076, correct 361/366
class 1: acc 0.991304347826087, correct 342/345

Val Set, val_loss: 2.6138, val_error: 0.4122, auc: 0.5413
class 0 clustering acc 1.0: correct 1048/1048
class 1 clustering acc 0.9990458015267175: correct 1047/1048
class 0: acc 0.6781609195402298, correct 59/87
class 1: acc 0.4090909090909091, correct 18/44
EarlyStopping counter: 35 out of 20


batch 19, loss: 0.0000, instance_loss: 0.0000, weighted_loss: 0.0000, label: 1, bag_size: 4355
batch 39, loss: 0.0000, instance_loss: 0.0004, weighted_loss: 0.0001, label: 0, bag_size: 2196
batch 59, loss: 0.0004, instance_loss: 0.0000, weighted_loss: 0.0003, label: 0, bag_size: 4794
batch 79, loss: 0.0000, instance_loss: 0.0000, weighted_loss: 0.0000, label: 0, bag_size: 4447
batch 99, loss: 0.0004, instance_loss: 0.0000, weighted_loss: 0.0002, label: 1, bag_size: 5454
batch 119, loss: 0.0046, instance_loss: 0.0000, weighted_loss: 0.0032, label: 0, bag_size: 2555
batch 139, loss: 0.0004, instance_loss: 0.0023, weighted_loss: 0.0010, label: 0, bag_size: 461
batch 159, loss: 0.0062, instance_loss: 0.0160, weighted_loss: 0.0091, label: 0, bag_size: 220
batch 179, loss: 0.2029, instance_loss: 0.0014, weighted_loss: 0.1424, label: 1, bag_size: 470
batch 199, loss: 0.3225, instance_loss: 0.0132, weighted_loss: 0.2297, label: 1, bag_size: 667
batch 219, loss: 0.0000, instance_loss: 0.0000, weighted_loss: 0.0000, label: 1, bag_size: 3865
batch 239, loss: 0.0000, instance_loss: 0.0000, weighted_loss: 0.0000, label: 0, bag_size: 619
batch 259, loss: 0.0001, instance_loss: 0.0003, weighted_loss: 0.0001, label: 0, bag_size: 875
batch 279, loss: 0.0001, instance_loss: 0.0025, weighted_loss: 0.0008, label: 0, bag_size: 1616
batch 299, loss: 0.0195, instance_loss: 0.0060, weighted_loss: 0.0154, label: 0, bag_size: 749
batch 319, loss: 0.0001, instance_loss: 0.0000, weighted_loss: 0.0000, label: 1, bag_size: 221
batch 339, loss: 0.0002, instance_loss: 0.0000, weighted_loss: 0.0001, label: 1, bag_size: 2108
batch 359, loss: 0.0003, instance_loss: 0.0027, weighted_loss: 0.0010, label: 1, bag_size: 805
batch 379, loss: 0.0000, instance_loss: 0.0025, weighted_loss: 0.0008, label: 0, bag_size: 675
batch 399, loss: 0.0016, instance_loss: 0.0000, weighted_loss: 0.0011, label: 1, bag_size: 270
batch 419, loss: 0.0000, instance_loss: 0.0238, weighted_loss: 0.0071, label: 0, bag_size: 440
batch 439, loss: 0.0002, instance_loss: 0.0000, weighted_loss: 0.0001, label: 1, bag_size: 4610
batch 459, loss: 0.0000, instance_loss: 0.0004, weighted_loss: 0.0001, label: 1, bag_size: 2058
batch 479, loss: 0.0001, instance_loss: 0.0007, weighted_loss: 0.0003, label: 1, bag_size: 966
batch 499, loss: 0.0007, instance_loss: 0.0047, weighted_loss: 0.0019, label: 0, bag_size: 3341
batch 519, loss: 0.0000, instance_loss: 0.0005, weighted_loss: 0.0002, label: 0, bag_size: 4593
batch 539, loss: 0.0000, instance_loss: 0.0000, weighted_loss: 0.0000, label: 0, bag_size: 4230
batch 559, loss: 0.0000, instance_loss: 0.0017, weighted_loss: 0.0005, label: 0, bag_size: 433
batch 579, loss: 0.0000, instance_loss: 0.0000, weighted_loss: 0.0000, label: 1, bag_size: 2364
batch 599, loss: 0.0000, instance_loss: 0.0000, weighted_loss: 0.0000, label: 1, bag_size: 5091
batch 619, loss: 0.0000, instance_loss: 0.0000, weighted_loss: 0.0000, label: 0, bag_size: 5307
batch 639, loss: 0.0009, instance_loss: 0.0003, weighted_loss: 0.0007, label: 1, bag_size: 1596
batch 659, loss: 0.0000, instance_loss: 0.0000, weighted_loss: 0.0000, label: 1, bag_size: 5114
batch 679, loss: 0.0000, instance_loss: 0.0016, weighted_loss: 0.0005, label: 0, bag_size: 642
batch 699, loss: 0.0000, instance_loss: 0.0002, weighted_loss: 0.0001, label: 1, bag_size: 1705


class 0 clustering acc 0.9998241912798875: correct 5687/5688
class 1 clustering acc 0.9957805907172996: correct 5664/5688
Epoch: 36, train_loss: 0.0436, train_clustering_loss:  0.0137, train_error: 0.0141
class 0: acc 0.9870466321243523, correct 381/386
class 1: acc 0.9846153846153847, correct 320/325

Val Set, val_loss: 2.7152, val_error: 0.3740, auc: 0.5549
class 0 clustering acc 1.0: correct 1048/1048
class 1 clustering acc 1.0: correct 1048/1048
class 0: acc 0.8160919540229885, correct 71/87
class 1: acc 0.25, correct 11/44
EarlyStopping counter: 36 out of 20


batch 19, loss: 0.0000, instance_loss: 0.0002, weighted_loss: 0.0001, label: 0, bag_size: 501
batch 39, loss: 0.0002, instance_loss: 0.0000, weighted_loss: 0.0001, label: 1, bag_size: 2794
batch 59, loss: 0.0008, instance_loss: 0.0000, weighted_loss: 0.0005, label: 1, bag_size: 743
batch 79, loss: 0.0001, instance_loss: 0.0000, weighted_loss: 0.0000, label: 1, bag_size: 3756
batch 99, loss: 0.0010, instance_loss: 0.0000, weighted_loss: 0.0007, label: 1, bag_size: 1092
batch 119, loss: 0.0001, instance_loss: 0.0000, weighted_loss: 0.0000, label: 1, bag_size: 989
batch 139, loss: 0.0010, instance_loss: 0.0000, weighted_loss: 0.0007, label: 0, bag_size: 1668
batch 159, loss: 0.0002, instance_loss: 0.0000, weighted_loss: 0.0001, label: 0, bag_size: 2035
batch 179, loss: 0.0309, instance_loss: 0.0000, weighted_loss: 0.0216, label: 1, bag_size: 4559
batch 199, loss: 0.0000, instance_loss: 0.0000, weighted_loss: 0.0000, label: 0, bag_size: 4187
batch 219, loss: 0.0000, instance_loss: 0.0000, weighted_loss: 0.0000, label: 1, bag_size: 573
batch 239, loss: 0.0000, instance_loss: 0.0000, weighted_loss: 0.0000, label: 0, bag_size: 3393
batch 259, loss: 0.0894, instance_loss: 0.0000, weighted_loss: 0.0626, label: 0, bag_size: 2040
batch 279, loss: 0.0000, instance_loss: 0.0013, weighted_loss: 0.0004, label: 0, bag_size: 394
batch 299, loss: 0.0000, instance_loss: 0.0028, weighted_loss: 0.0008, label: 0, bag_size: 885
batch 319, loss: 0.0002, instance_loss: 0.0000, weighted_loss: 0.0001, label: 1, bag_size: 1922
batch 339, loss: 0.0014, instance_loss: 0.0000, weighted_loss: 0.0010, label: 0, bag_size: 3398
batch 359, loss: 0.0000, instance_loss: 0.0139, weighted_loss: 0.0042, label: 1, bag_size: 10274
batch 379, loss: 0.0000, instance_loss: 0.0000, weighted_loss: 0.0000, label: 0, bag_size: 3753
batch 399, loss: 0.0200, instance_loss: 0.0000, weighted_loss: 0.0140, label: 0, bag_size: 4098
batch 419, loss: 0.0000, instance_loss: 0.0000, weighted_loss: 0.0000, label: 0, bag_size: 1417
batch 439, loss: 0.0124, instance_loss: 0.0000, weighted_loss: 0.0087, label: 0, bag_size: 1499
batch 459, loss: 0.0000, instance_loss: 0.0003, weighted_loss: 0.0001, label: 1, bag_size: 14205
batch 479, loss: 0.0000, instance_loss: 0.0000, weighted_loss: 0.0000, label: 0, bag_size: 3898
batch 499, loss: 0.0000, instance_loss: 0.0000, weighted_loss: 0.0000, label: 1, bag_size: 5329
batch 519, loss: 0.0005, instance_loss: 0.0000, weighted_loss: 0.0003, label: 1, bag_size: 2324
batch 539, loss: 0.0008, instance_loss: 0.0009, weighted_loss: 0.0008, label: 0, bag_size: 657
batch 559, loss: 0.0001, instance_loss: 0.0000, weighted_loss: 0.0000, label: 1, bag_size: 1050
batch 579, loss: 0.0000, instance_loss: 0.0000, weighted_loss: 0.0000, label: 0, bag_size: 3185
batch 599, loss: 0.0532, instance_loss: 0.0163, weighted_loss: 0.0421, label: 0, bag_size: 807
batch 619, loss: 0.0000, instance_loss: 0.0015, weighted_loss: 0.0005, label: 1, bag_size: 723
batch 639, loss: 0.0002, instance_loss: 0.0002, weighted_loss: 0.0002, label: 1, bag_size: 2032
batch 659, loss: 0.0184, instance_loss: 0.0049, weighted_loss: 0.0143, label: 0, bag_size: 287
batch 679, loss: 6.6323, instance_loss: 0.0000, weighted_loss: 4.6426, label: 1, bag_size: 5333
batch 699, loss: 0.0000, instance_loss: 0.0003, weighted_loss: 0.0001, label: 0, bag_size: 649


class 0 clustering acc 1.0: correct 5688/5688
class 1 clustering acc 0.9980661040787623: correct 5677/5688
Epoch: 37, train_loss: 0.0895, train_clustering_loss:  0.0076, train_error: 0.0211
class 0: acc 0.9809782608695652, correct 361/368
class 1: acc 0.9766763848396501, correct 335/343

Val Set, val_loss: 2.6294, val_error: 0.4351, auc: 0.5313
class 0 clustering acc 1.0: correct 1048/1048
class 1 clustering acc 1.0: correct 1048/1048
class 0: acc 0.6896551724137931, correct 60/87
class 1: acc 0.3181818181818182, correct 14/44
EarlyStopping counter: 37 out of 20


batch 19, loss: 0.0018, instance_loss: 0.0004, weighted_loss: 0.0014, label: 0, bag_size: 1456
batch 39, loss: 0.0000, instance_loss: 0.0000, weighted_loss: 0.0000, label: 1, bag_size: 489
batch 59, loss: 0.0140, instance_loss: 0.0000, weighted_loss: 0.0098, label: 0, bag_size: 400
batch 79, loss: 0.0292, instance_loss: 0.0000, weighted_loss: 0.0205, label: 0, bag_size: 204
batch 99, loss: 0.0005, instance_loss: 0.0015, weighted_loss: 0.0008, label: 0, bag_size: 1647
batch 119, loss: 0.0043, instance_loss: 0.0012, weighted_loss: 0.0034, label: 0, bag_size: 4519
batch 139, loss: 0.0000, instance_loss: 0.0002, weighted_loss: 0.0001, label: 1, bag_size: 1019
batch 159, loss: 0.0001, instance_loss: 0.0044, weighted_loss: 0.0014, label: 0, bag_size: 1364
batch 179, loss: 0.0000, instance_loss: 0.0000, weighted_loss: 0.0000, label: 1, bag_size: 840
batch 199, loss: 0.0000, instance_loss: 0.0000, weighted_loss: 0.0000, label: 1, bag_size: 297
batch 219, loss: 0.0754, instance_loss: 0.0003, weighted_loss: 0.0529, label: 1, bag_size: 869
batch 239, loss: 0.0000, instance_loss: 0.0014, weighted_loss: 0.0004, label: 0, bag_size: 822
batch 259, loss: 0.0001, instance_loss: 0.0000, weighted_loss: 0.0001, label: 0, bag_size: 1117
batch 279, loss: 0.0004, instance_loss: 0.0000, weighted_loss: 0.0003, label: 1, bag_size: 4013
batch 299, loss: 0.0000, instance_loss: 0.0000, weighted_loss: 0.0000, label: 0, bag_size: 1498
batch 319, loss: 0.0000, instance_loss: 0.0023, weighted_loss: 0.0007, label: 0, bag_size: 1409
batch 339, loss: 0.0013, instance_loss: 0.0008, weighted_loss: 0.0012, label: 1, bag_size: 3045
batch 359, loss: 0.0067, instance_loss: 0.0011, weighted_loss: 0.0050, label: 0, bag_size: 668
batch 379, loss: 0.0138, instance_loss: 0.0000, weighted_loss: 0.0097, label: 0, bag_size: 1296
batch 399, loss: 0.0000, instance_loss: 0.0000, weighted_loss: 0.0000, label: 1, bag_size: 2567
batch 419, loss: 0.0000, instance_loss: 0.0043, weighted_loss: 0.0013, label: 0, bag_size: 1134
batch 439, loss: 0.0001, instance_loss: 0.0003, weighted_loss: 0.0001, label: 0, bag_size: 879
batch 459, loss: 0.0000, instance_loss: 0.0000, weighted_loss: 0.0000, label: 0, bag_size: 4505
batch 479, loss: 0.0000, instance_loss: 0.0032, weighted_loss: 0.0010, label: 1, bag_size: 1019
batch 499, loss: 0.0000, instance_loss: 0.0057, weighted_loss: 0.0017, label: 0, bag_size: 3916
batch 519, loss: 0.0006, instance_loss: 0.0004, weighted_loss: 0.0005, label: 0, bag_size: 3859
batch 539, loss: 0.0078, instance_loss: 0.0000, weighted_loss: 0.0054, label: 0, bag_size: 2822
batch 559, loss: 0.0236, instance_loss: 0.0000, weighted_loss: 0.0165, label: 0, bag_size: 202
batch 579, loss: 0.0013, instance_loss: 0.0006, weighted_loss: 0.0011, label: 0, bag_size: 312
batch 599, loss: 0.0000, instance_loss: 0.0011, weighted_loss: 0.0003, label: 0, bag_size: 816
batch 619, loss: 0.0001, instance_loss: 0.0006, weighted_loss: 0.0002, label: 0, bag_size: 1599
batch 639, loss: 0.0000, instance_loss: 0.0000, weighted_loss: 0.0000, label: 1, bag_size: 2794
batch 659, loss: 0.1962, instance_loss: 0.0000, weighted_loss: 0.1374, label: 1, bag_size: 2221
batch 679, loss: 0.0023, instance_loss: 0.0000, weighted_loss: 0.0016, label: 1, bag_size: 3325
batch 699, loss: 0.0034, instance_loss: 0.0000, weighted_loss: 0.0024, label: 1, bag_size: 989


class 0 clustering acc 0.999648382559775: correct 5686/5688
class 1 clustering acc 0.9966596343178622: correct 5669/5688
Epoch: 38, train_loss: 0.0618, train_clustering_loss:  0.0118, train_error: 0.0197
class 0: acc 0.9814323607427056, correct 370/377
class 1: acc 0.9790419161676647, correct 327/334

Val Set, val_loss: 2.4087, val_error: 0.3664, auc: 0.5593
class 0 clustering acc 1.0: correct 1048/1048
class 1 clustering acc 1.0: correct 1048/1048
class 0: acc 0.7701149425287356, correct 67/87
class 1: acc 0.36363636363636365, correct 16/44
EarlyStopping counter: 38 out of 20


batch 19, loss: 0.0000, instance_loss: 0.0000, weighted_loss: 0.0000, label: 1, bag_size: 2385
batch 39, loss: 0.0000, instance_loss: 0.0003, weighted_loss: 0.0001, label: 1, bag_size: 727
batch 59, loss: 0.0000, instance_loss: 0.0000, weighted_loss: 0.0000, label: 1, bag_size: 579
batch 79, loss: 0.0005, instance_loss: 0.0015, weighted_loss: 0.0008, label: 0, bag_size: 637
batch 99, loss: 0.0000, instance_loss: 0.0056, weighted_loss: 0.0017, label: 1, bag_size: 875
batch 119, loss: 0.0048, instance_loss: 0.0004, weighted_loss: 0.0034, label: 0, bag_size: 4580
batch 139, loss: 0.0000, instance_loss: 0.0213, weighted_loss: 0.0064, label: 0, bag_size: 675
batch 159, loss: 0.0000, instance_loss: 0.0000, weighted_loss: 0.0000, label: 0, bag_size: 1241
batch 179, loss: 0.0008, instance_loss: 0.0002, weighted_loss: 0.0006, label: 1, bag_size: 612
batch 199, loss: 0.0000, instance_loss: 0.0004, weighted_loss: 0.0001, label: 0, bag_size: 2461
batch 219, loss: 0.0000, instance_loss: 0.0030, weighted_loss: 0.0009, label: 0, bag_size: 1327
batch 239, loss: 0.0154, instance_loss: 0.0000, weighted_loss: 0.0108, label: 1, bag_size: 5091
batch 259, loss: 0.0001, instance_loss: 0.0161, weighted_loss: 0.0049, label: 0, bag_size: 2107
batch 279, loss: 0.0007, instance_loss: 0.0013, weighted_loss: 0.0009, label: 1, bag_size: 470
batch 299, loss: 0.0000, instance_loss: 0.0002, weighted_loss: 0.0001, label: 1, bag_size: 931
batch 319, loss: 0.0416, instance_loss: 0.0006, weighted_loss: 0.0293, label: 1, bag_size: 1050
batch 339, loss: 0.0000, instance_loss: 0.0000, weighted_loss: 0.0000, label: 0, bag_size: 4606
batch 359, loss: 0.0000, instance_loss: 0.0000, weighted_loss: 0.0000, label: 1, bag_size: 573
batch 379, loss: 0.0001, instance_loss: 0.0013, weighted_loss: 0.0004, label: 1, bag_size: 2969
batch 399, loss: 0.0001, instance_loss: 0.0000, weighted_loss: 0.0001, label: 0, bag_size: 3873
batch 419, loss: 0.0011, instance_loss: 0.0000, weighted_loss: 0.0008, label: 1, bag_size: 1702
batch 439, loss: 0.0000, instance_loss: 0.0000, weighted_loss: 0.0000, label: 0, bag_size: 4464
batch 459, loss: 0.0000, instance_loss: 0.0004, weighted_loss: 0.0001, label: 0, bag_size: 382
batch 479, loss: 0.0001, instance_loss: 0.0000, weighted_loss: 0.0001, label: 0, bag_size: 623
batch 499, loss: 0.0001, instance_loss: 0.0000, weighted_loss: 0.0001, label: 1, bag_size: 4348
batch 519, loss: 0.0319, instance_loss: 0.0095, weighted_loss: 0.0252, label: 0, bag_size: 1139
batch 539, loss: 0.0000, instance_loss: 0.0000, weighted_loss: 0.0000, label: 0, bag_size: 3765
batch 559, loss: 0.0054, instance_loss: 0.0000, weighted_loss: 0.0038, label: 1, bag_size: 1852
batch 579, loss: 0.1936, instance_loss: 0.0000, weighted_loss: 0.1355, label: 1, bag_size: 5114
batch 599, loss: 0.0000, instance_loss: 0.0000, weighted_loss: 0.0000, label: 0, bag_size: 1241
batch 619, loss: 0.0000, instance_loss: 0.0000, weighted_loss: 0.0000, label: 0, bag_size: 449
batch 639, loss: 0.0037, instance_loss: 0.0000, weighted_loss: 0.0026, label: 1, bag_size: 4610
batch 659, loss: 0.0004, instance_loss: 0.0106, weighted_loss: 0.0035, label: 0, bag_size: 641
batch 679, loss: 0.0002, instance_loss: 0.0000, weighted_loss: 0.0002, label: 1, bag_size: 5329
batch 699, loss: 0.0000, instance_loss: 0.0151, weighted_loss: 0.0045, label: 0, bag_size: 439


class 0 clustering acc 0.9998241912798875: correct 5687/5688
class 1 clustering acc 0.994901547116737: correct 5659/5688
Epoch: 39, train_loss: 0.0369, train_clustering_loss:  0.0173, train_error: 0.0113
class 0: acc 0.9826589595375722, correct 340/346
class 1: acc 0.9945205479452055, correct 363/365

Val Set, val_loss: 2.3994, val_error: 0.3588, auc: 0.5486
class 0 clustering acc 1.0: correct 1048/1048
class 1 clustering acc 1.0: correct 1048/1048
class 0: acc 0.7816091954022989, correct 68/87
class 1: acc 0.36363636363636365, correct 16/44
EarlyStopping counter: 39 out of 20


batch 19, loss: 0.0000, instance_loss: 0.0057, weighted_loss: 0.0017, label: 0, bag_size: 1059
batch 39, loss: 0.0120, instance_loss: 0.0009, weighted_loss: 0.0087, label: 1, bag_size: 2357
batch 59, loss: 0.0132, instance_loss: 0.0000, weighted_loss: 0.0092, label: 1, bag_size: 3119
batch 79, loss: 0.0000, instance_loss: 0.0017, weighted_loss: 0.0005, label: 0, bag_size: 2555
batch 99, loss: 0.0000, instance_loss: 0.0000, weighted_loss: 0.0000, label: 0, bag_size: 1025
batch 119, loss: 0.0000, instance_loss: 0.0063, weighted_loss: 0.0019, label: 0, bag_size: 2040
batch 139, loss: 0.0000, instance_loss: 0.0000, weighted_loss: 0.0000, label: 0, bag_size: 3873
batch 159, loss: 0.0030, instance_loss: 0.0005, weighted_loss: 0.0022, label: 1, bag_size: 2733
batch 179, loss: 0.0000, instance_loss: 0.0012, weighted_loss: 0.0004, label: 0, bag_size: 818
batch 199, loss: 0.0075, instance_loss: 0.0000, weighted_loss: 0.0052, label: 1, bag_size: 1671
batch 219, loss: 0.0009, instance_loss: 0.0000, weighted_loss: 0.0006, label: 0, bag_size: 4662
batch 239, loss: 0.0003, instance_loss: 0.0000, weighted_loss: 0.0002, label: 0, bag_size: 4102
batch 259, loss: 0.0000, instance_loss: 0.0000, weighted_loss: 0.0000, label: 0, bag_size: 263
batch 279, loss: 0.0000, instance_loss: 0.0000, weighted_loss: 0.0000, label: 0, bag_size: 775
batch 299, loss: 0.0001, instance_loss: 0.0000, weighted_loss: 0.0001, label: 1, bag_size: 3691
batch 319, loss: 0.0000, instance_loss: 0.0018, weighted_loss: 0.0005, label: 0, bag_size: 682
batch 339, loss: 0.0001, instance_loss: 0.0000, weighted_loss: 0.0001, label: 1, bag_size: 3238
batch 359, loss: 0.0057, instance_loss: 0.0000, weighted_loss: 0.0040, label: 1, bag_size: 4477
batch 379, loss: 0.0013, instance_loss: 0.0008, weighted_loss: 0.0012, label: 1, bag_size: 805
batch 399, loss: 0.0000, instance_loss: 0.0028, weighted_loss: 0.0008, label: 1, bag_size: 780
batch 419, loss: 0.0001, instance_loss: 0.0000, weighted_loss: 0.0001, label: 0, bag_size: 3984
batch 439, loss: 0.0000, instance_loss: 0.0018, weighted_loss: 0.0006, label: 0, bag_size: 1420
batch 459, loss: 0.0000, instance_loss: 0.0000, weighted_loss: 0.0000, label: 1, bag_size: 1033
batch 479, loss: 0.0000, instance_loss: 0.0009, weighted_loss: 0.0003, label: 1, bag_size: 774
batch 499, loss: 0.0002, instance_loss: 0.0005, weighted_loss: 0.0003, label: 0, bag_size: 3462
batch 519, loss: 0.0036, instance_loss: 0.0000, weighted_loss: 0.0025, label: 1, bag_size: 714
batch 539, loss: 0.0000, instance_loss: 0.0029, weighted_loss: 0.0009, label: 0, bag_size: 1515
batch 559, loss: 0.0000, instance_loss: 0.0000, weighted_loss: 0.0000, label: 1, bag_size: 956
batch 579, loss: 0.0000, instance_loss: 0.0002, weighted_loss: 0.0001, label: 1, bag_size: 2612
batch 599, loss: 0.0000, instance_loss: 0.0000, weighted_loss: 0.0000, label: 0, bag_size: 2914
batch 619, loss: 0.0000, instance_loss: 0.0004, weighted_loss: 0.0001, label: 1, bag_size: 875
batch 639, loss: 0.0000, instance_loss: 0.0012, weighted_loss: 0.0004, label: 0, bag_size: 1991
batch 659, loss: 0.0004, instance_loss: 0.0002, weighted_loss: 0.0003, label: 0, bag_size: 3925
batch 679, loss: 0.0000, instance_loss: 0.0000, weighted_loss: 0.0000, label: 0, bag_size: 3871
batch 699, loss: 0.0004, instance_loss: 0.0000, weighted_loss: 0.0003, label: 1, bag_size: 2345


class 0 clustering acc 1.0: correct 5688/5688
class 1 clustering acc 0.9975386779184248: correct 5674/5688
Epoch: 40, train_loss: 0.0043, train_clustering_loss:  0.0101, train_error: 0.0000
class 0: acc 1.0, correct 338/338
class 1: acc 1.0, correct 373/373

Val Set, val_loss: 2.4818, val_error: 0.3740, auc: 0.5455
class 0 clustering acc 1.0: correct 1048/1048
class 1 clustering acc 0.9990458015267175: correct 1047/1048
class 0: acc 0.7471264367816092, correct 65/87
class 1: acc 0.38636363636363635, correct 17/44
EarlyStopping counter: 40 out of 20


batch 19, loss: 0.0001, instance_loss: 0.0000, weighted_loss: 0.0001, label: 1, bag_size: 1019
batch 39, loss: 0.0002, instance_loss: 0.0000, weighted_loss: 0.0001, label: 0, bag_size: 348
batch 59, loss: 0.0001, instance_loss: 0.0025, weighted_loss: 0.0008, label: 0, bag_size: 2927
batch 79, loss: 0.0154, instance_loss: 0.0000, weighted_loss: 0.0108, label: 0, bag_size: 806
batch 99, loss: 0.0006, instance_loss: 0.0004, weighted_loss: 0.0005, label: 1, bag_size: 547
batch 119, loss: 0.0000, instance_loss: 0.0004, weighted_loss: 0.0001, label: 1, bag_size: 1536
batch 139, loss: 0.0003, instance_loss: 0.0003, weighted_loss: 0.0003, label: 0, bag_size: 2653
batch 159, loss: 0.0000, instance_loss: 0.0000, weighted_loss: 0.0000, label: 0, bag_size: 3100
batch 179, loss: 0.0001, instance_loss: 0.0005, weighted_loss: 0.0002, label: 1, bag_size: 652
batch 199, loss: 0.0000, instance_loss: 0.0000, weighted_loss: 0.0000, label: 1, bag_size: 652
batch 219, loss: 0.0000, instance_loss: 0.0000, weighted_loss: 0.0000, label: 1, bag_size: 894
batch 239, loss: 0.0000, instance_loss: 0.0000, weighted_loss: 0.0000, label: 0, bag_size: 775
batch 259, loss: 0.0002, instance_loss: 0.0070, weighted_loss: 0.0022, label: 0, bag_size: 1647
batch 279, loss: 0.0001, instance_loss: 0.0000, weighted_loss: 0.0001, label: 1, bag_size: 3613
batch 299, loss: 0.0005, instance_loss: 0.0000, weighted_loss: 0.0004, label: 1, bag_size: 1476
batch 319, loss: 0.0000, instance_loss: 0.0000, weighted_loss: 0.0000, label: 1, bag_size: 3865
batch 339, loss: 0.0000, instance_loss: 0.0000, weighted_loss: 0.0000, label: 1, bag_size: 14189
batch 359, loss: 0.0000, instance_loss: 0.0007, weighted_loss: 0.0002, label: 1, bag_size: 2660
batch 379, loss: 0.0053, instance_loss: 0.0000, weighted_loss: 0.0037, label: 1, bag_size: 4439
batch 399, loss: 0.0000, instance_loss: 0.0224, weighted_loss: 0.0067, label: 0, bag_size: 1452
batch 419, loss: 0.0239, instance_loss: 0.0030, weighted_loss: 0.0176, label: 0, bag_size: 1195
batch 439, loss: 0.0001, instance_loss: 0.0000, weighted_loss: 0.0001, label: 1, bag_size: 1683
batch 459, loss: 0.0000, instance_loss: 0.0000, weighted_loss: 0.0000, label: 1, bag_size: 4160
batch 479, loss: 0.0125, instance_loss: 0.0000, weighted_loss: 0.0087, label: 1, bag_size: 4439
batch 499, loss: 0.0007, instance_loss: 0.0000, weighted_loss: 0.0005, label: 1, bag_size: 1552
batch 519, loss: 0.0022, instance_loss: 0.0000, weighted_loss: 0.0015, label: 1, bag_size: 3119
batch 539, loss: 0.0000, instance_loss: 0.0000, weighted_loss: 0.0000, label: 0, bag_size: 619
batch 559, loss: 0.0002, instance_loss: 0.0003, weighted_loss: 0.0002, label: 1, bag_size: 652
batch 579, loss: 0.0000, instance_loss: 0.0000, weighted_loss: 0.0000, label: 1, bag_size: 4160
batch 599, loss: 0.0008, instance_loss: 0.0000, weighted_loss: 0.0006, label: 1, bag_size: 1079
batch 619, loss: 0.0000, instance_loss: 0.0000, weighted_loss: 0.0000, label: 0, bag_size: 3185
batch 639, loss: 0.0001, instance_loss: 0.0002, weighted_loss: 0.0001, label: 0, bag_size: 3506
batch 659, loss: 0.0000, instance_loss: 0.0000, weighted_loss: 0.0000, label: 0, bag_size: 5034
batch 679, loss: 0.0001, instance_loss: 0.0000, weighted_loss: 0.0001, label: 1, bag_size: 5769
batch 699, loss: 0.0000, instance_loss: 0.0000, weighted_loss: 0.0000, label: 1, bag_size: 382


class 0 clustering acc 1.0: correct 5688/5688
class 1 clustering acc 0.9971870604781997: correct 5672/5688
Epoch: 41, train_loss: 0.0077, train_clustering_loss:  0.0108, train_error: 0.0028
class 0: acc 0.9971014492753624, correct 344/345
class 1: acc 0.9972677595628415, correct 365/366

Val Set, val_loss: 2.4897, val_error: 0.3969, auc: 0.5575
class 0 clustering acc 1.0: correct 1048/1048
class 1 clustering acc 1.0: correct 1048/1048
class 0: acc 0.7241379310344828, correct 63/87
class 1: acc 0.36363636363636365, correct 16/44
EarlyStopping counter: 41 out of 20


batch 19, loss: 0.0000, instance_loss: 0.0000, weighted_loss: 0.0000, label: 0, bag_size: 4324
batch 39, loss: 0.0141, instance_loss: 0.0004, weighted_loss: 0.0100, label: 0, bag_size: 204
batch 59, loss: 0.0178, instance_loss: 0.0000, weighted_loss: 0.0124, label: 1, bag_size: 1702
batch 79, loss: 0.0012, instance_loss: 0.0002, weighted_loss: 0.0009, label: 0, bag_size: 477
batch 99, loss: 0.0001, instance_loss: 0.0000, weighted_loss: 0.0001, label: 1, bag_size: 3325
batch 119, loss: 0.0000, instance_loss: 0.0004, weighted_loss: 0.0001, label: 0, bag_size: 1117
batch 139, loss: 0.0001, instance_loss: 0.0005, weighted_loss: 0.0003, label: 0, bag_size: 2785
batch 159, loss: 0.0003, instance_loss: 0.0000, weighted_loss: 0.0002, label: 1, bag_size: 3691
batch 179, loss: 0.0000, instance_loss: 0.0015, weighted_loss: 0.0004, label: 0, bag_size: 2317
batch 199, loss: 0.0000, instance_loss: 0.0000, weighted_loss: 0.0000, label: 1, bag_size: 2969
batch 219, loss: 0.0000, instance_loss: 0.0000, weighted_loss: 0.0000, label: 1, bag_size: 14189
batch 239, loss: 0.0011, instance_loss: 0.0003, weighted_loss: 0.0009, label: 1, bag_size: 2242
batch 259, loss: 0.0000, instance_loss: 0.0003, weighted_loss: 0.0001, label: 0, bag_size: 1599
batch 279, loss: 0.0000, instance_loss: 0.0000, weighted_loss: 0.0000, label: 0, bag_size: 524
batch 299, loss: 0.0000, instance_loss: 0.0015, weighted_loss: 0.0005, label: 1, bag_size: 579
batch 319, loss: 0.0000, instance_loss: 0.0000, weighted_loss: 0.0000, label: 0, bag_size: 3925
batch 339, loss: 0.0000, instance_loss: 0.0024, weighted_loss: 0.0007, label: 0, bag_size: 739
batch 359, loss: 0.0018, instance_loss: 0.0000, weighted_loss: 0.0013, label: 1, bag_size: 2620
batch 379, loss: 0.0000, instance_loss: 0.0011, weighted_loss: 0.0003, label: 0, bag_size: 501
batch 399, loss: 0.0000, instance_loss: 0.0000, weighted_loss: 0.0000, label: 0, bag_size: 388
batch 419, loss: 0.0219, instance_loss: 0.0943, weighted_loss: 0.0437, label: 1, bag_size: 9914
batch 439, loss: 0.0001, instance_loss: 0.0000, weighted_loss: 0.0000, label: 1, bag_size: 3852
batch 459, loss: 0.0000, instance_loss: 0.0005, weighted_loss: 0.0002, label: 0, bag_size: 2317
batch 479, loss: 0.0012, instance_loss: 0.0048, weighted_loss: 0.0023, label: 0, bag_size: 2323
batch 499, loss: 0.0000, instance_loss: 0.0000, weighted_loss: 0.0000, label: 1, bag_size: 2745
batch 519, loss: 0.0000, instance_loss: 0.0000, weighted_loss: 0.0000, label: 0, bag_size: 832
batch 539, loss: 0.0004, instance_loss: 0.0000, weighted_loss: 0.0003, label: 1, bag_size: 3645
batch 559, loss: 0.0000, instance_loss: 0.0042, weighted_loss: 0.0013, label: 0, bag_size: 871
batch 579, loss: 0.0000, instance_loss: 0.0000, weighted_loss: 0.0000, label: 0, bag_size: 4391
batch 599, loss: 0.0058, instance_loss: 0.0000, weighted_loss: 0.0040, label: 1, bag_size: 5489
batch 619, loss: 0.0014, instance_loss: 0.0000, weighted_loss: 0.0010, label: 0, bag_size: 1417
batch 639, loss: 0.0000, instance_loss: 0.0002, weighted_loss: 0.0001, label: 0, bag_size: 478
batch 659, loss: 0.0000, instance_loss: 0.0006, weighted_loss: 0.0002, label: 1, bag_size: 1210
batch 679, loss: 0.0377, instance_loss: 0.0000, weighted_loss: 0.0264, label: 1, bag_size: 1270
batch 699, loss: 0.0002, instance_loss: 0.0017, weighted_loss: 0.0006, label: 0, bag_size: 4193


class 0 clustering acc 0.9992967651195499: correct 5684/5688
class 1 clustering acc 0.9980661040787623: correct 5677/5688
Epoch: 42, train_loss: 0.0098, train_clustering_loss:  0.0079, train_error: 0.0042
class 0: acc 0.9945054945054945, correct 362/364
class 1: acc 0.9971181556195965, correct 346/347

Val Set, val_loss: 2.6423, val_error: 0.4122, auc: 0.5303
class 0 clustering acc 1.0: correct 1048/1048
class 1 clustering acc 1.0: correct 1048/1048
class 0: acc 0.7586206896551724, correct 66/87
class 1: acc 0.25, correct 11/44
EarlyStopping counter: 42 out of 20


batch 19, loss: 0.0000, instance_loss: 0.0000, weighted_loss: 0.0000, label: 0, bag_size: 2911
batch 39, loss: 0.0085, instance_loss: 0.0000, weighted_loss: 0.0060, label: 1, bag_size: 1223
batch 59, loss: 0.0036, instance_loss: 0.0000, weighted_loss: 0.0025, label: 1, bag_size: 3645
batch 79, loss: 0.0015, instance_loss: 0.0000, weighted_loss: 0.0010, label: 1, bag_size: 4417
batch 99, loss: 0.0000, instance_loss: 0.0022, weighted_loss: 0.0007, label: 1, bag_size: 2841
batch 119, loss: 0.0000, instance_loss: 0.0002, weighted_loss: 0.0001, label: 0, bag_size: 739
batch 139, loss: 0.0000, instance_loss: 0.0052, weighted_loss: 0.0016, label: 1, bag_size: 875
batch 159, loss: 0.0000, instance_loss: 0.0017, weighted_loss: 0.0005, label: 0, bag_size: 492
batch 179, loss: 0.2481, instance_loss: 0.0018, weighted_loss: 0.1742, label: 0, bag_size: 637
batch 199, loss: 0.0000, instance_loss: 0.0008, weighted_loss: 0.0002, label: 0, bag_size: 5455
batch 219, loss: 0.0113, instance_loss: 0.0002, weighted_loss: 0.0080, label: 1, bag_size: 2144
batch 239, loss: 0.0000, instance_loss: 0.0004, weighted_loss: 0.0001, label: 1, bag_size: 2637
batch 259, loss: 0.0000, instance_loss: 0.0064, weighted_loss: 0.0019, label: 1, bag_size: 2660
batch 279, loss: 0.0001, instance_loss: 0.0000, weighted_loss: 0.0000, label: 1, bag_size: 2324
batch 299, loss: 0.0057, instance_loss: 0.0016, weighted_loss: 0.0044, label: 0, bag_size: 1420
batch 319, loss: 0.0004, instance_loss: 0.0000, weighted_loss: 0.0003, label: 0, bag_size: 4091
batch 339, loss: 0.0126, instance_loss: 0.0000, weighted_loss: 0.0088, label: 1, bag_size: 4439
batch 359, loss: 0.0000, instance_loss: 0.0110, weighted_loss: 0.0033, label: 1, bag_size: 1705
batch 379, loss: 0.0000, instance_loss: 0.0007, weighted_loss: 0.0002, label: 0, bag_size: 1504
batch 399, loss: 0.0003, instance_loss: 0.0002, weighted_loss: 0.0003, label: 0, bag_size: 4057
batch 419, loss: 0.0000, instance_loss: 0.0000, weighted_loss: 0.0000, label: 0, bag_size: 2216
batch 439, loss: 0.0000, instance_loss: 0.0005, weighted_loss: 0.0002, label: 0, bag_size: 490
batch 459, loss: 0.0000, instance_loss: 0.0000, weighted_loss: 0.0000, label: 1, bag_size: 969
batch 479, loss: 0.0001, instance_loss: 0.0002, weighted_loss: 0.0002, label: 1, bag_size: 2144
batch 499, loss: 0.0000, instance_loss: 0.0112, weighted_loss: 0.0034, label: 0, bag_size: 1096
batch 519, loss: 0.0000, instance_loss: 0.0000, weighted_loss: 0.0000, label: 1, bag_size: 969
batch 539, loss: 0.0002, instance_loss: 0.0568, weighted_loss: 0.0172, label: 0, bag_size: 1519
batch 559, loss: 0.0000, instance_loss: 0.0000, weighted_loss: 0.0000, label: 1, bag_size: 19888
batch 579, loss: 0.0000, instance_loss: 0.0039, weighted_loss: 0.0012, label: 0, bag_size: 2461
batch 599, loss: 0.0000, instance_loss: 0.0000, weighted_loss: 0.0000, label: 1, bag_size: 19728
batch 619, loss: 0.0006, instance_loss: 0.0002, weighted_loss: 0.0005, label: 0, bag_size: 3341
batch 639, loss: 0.0004, instance_loss: 0.0064, weighted_loss: 0.0022, label: 1, bag_size: 723
batch 659, loss: 0.0106, instance_loss: 0.0015, weighted_loss: 0.0079, label: 0, bag_size: 287
batch 679, loss: 0.0005, instance_loss: 0.0000, weighted_loss: 0.0004, label: 1, bag_size: 5454
batch 699, loss: 0.0000, instance_loss: 0.0000, weighted_loss: 0.0000, label: 0, bag_size: 541


class 0 clustering acc 0.999648382559775: correct 5686/5688
class 1 clustering acc 0.9959563994374121: correct 5665/5688
Epoch: 43, train_loss: 0.0049, train_clustering_loss:  0.0155, train_error: 0.0000
class 0: acc 1.0, correct 342/342
class 1: acc 1.0, correct 369/369

Val Set, val_loss: 2.9610, val_error: 0.3969, auc: 0.5259
class 0 clustering acc 1.0: correct 1048/1048
class 1 clustering acc 0.9980916030534351: correct 1046/1048
class 0: acc 0.735632183908046, correct 64/87
class 1: acc 0.3409090909090909, correct 15/44
EarlyStopping counter: 43 out of 20


batch 19, loss: 0.0000, instance_loss: 0.0034, weighted_loss: 0.0010, label: 0, bag_size: 1599
batch 39, loss: 0.0001, instance_loss: 0.0000, weighted_loss: 0.0001, label: 1, bag_size: 1050
batch 59, loss: 0.0000, instance_loss: 0.0002, weighted_loss: 0.0001, label: 0, bag_size: 5073
batch 79, loss: 0.0000, instance_loss: 0.0018, weighted_loss: 0.0005, label: 0, bag_size: 2769
batch 99, loss: 0.0000, instance_loss: 0.0013, weighted_loss: 0.0004, label: 0, bag_size: 541
batch 119, loss: 0.0000, instance_loss: 0.0000, weighted_loss: 0.0000, label: 0, bag_size: 4505
batch 139, loss: 0.0010, instance_loss: 0.0000, weighted_loss: 0.0007, label: 0, bag_size: 1599
batch 159, loss: 0.0000, instance_loss: 0.0000, weighted_loss: 0.0000, label: 1, bag_size: 5329
batch 179, loss: 0.0001, instance_loss: 0.0000, weighted_loss: 0.0001, label: 1, bag_size: 3892
batch 199, loss: 0.0000, instance_loss: 0.0002, weighted_loss: 0.0001, label: 0, bag_size: 2702
batch 219, loss: 0.0000, instance_loss: 0.0000, weighted_loss: 0.0000, label: 0, bag_size: 962
batch 239, loss: 0.0006, instance_loss: 0.0000, weighted_loss: 0.0004, label: 1, bag_size: 4080
batch 259, loss: 0.0000, instance_loss: 0.0000, weighted_loss: 0.0000, label: 1, bag_size: 4142
batch 279, loss: 0.0002, instance_loss: 0.0000, weighted_loss: 0.0002, label: 1, bag_size: 847
batch 299, loss: 0.0000, instance_loss: 0.0003, weighted_loss: 0.0001, label: 0, bag_size: 471
batch 319, loss: 0.0331, instance_loss: 0.0008, weighted_loss: 0.0234, label: 1, bag_size: 4429
batch 339, loss: 0.0000, instance_loss: 0.0000, weighted_loss: 0.0000, label: 1, bag_size: 5337
batch 359, loss: 0.0027, instance_loss: 0.0000, weighted_loss: 0.0019, label: 1, bag_size: 4417
batch 379, loss: 0.0001, instance_loss: 0.0000, weighted_loss: 0.0000, label: 0, bag_size: 1447
batch 399, loss: 0.0000, instance_loss: 0.0037, weighted_loss: 0.0011, label: 0, bag_size: 2555
batch 419, loss: 0.0000, instance_loss: 0.0038, weighted_loss: 0.0011, label: 0, bag_size: 975
batch 439, loss: 0.0000, instance_loss: 0.0007, weighted_loss: 0.0002, label: 0, bag_size: 4786
batch 459, loss: 0.0039, instance_loss: 0.0000, weighted_loss: 0.0027, label: 0, bag_size: 2301
batch 479, loss: 0.0016, instance_loss: 0.0018, weighted_loss: 0.0017, label: 0, bag_size: 4206
batch 499, loss: 0.0002, instance_loss: 0.0007, weighted_loss: 0.0004, label: 1, bag_size: 2464
batch 519, loss: 0.4230, instance_loss: 0.0003, weighted_loss: 0.2962, label: 0, bag_size: 2145
batch 539, loss: 0.0000, instance_loss: 0.0015, weighted_loss: 0.0005, label: 0, bag_size: 781
batch 559, loss: 0.0000, instance_loss: 0.0000, weighted_loss: 0.0000, label: 0, bag_size: 3462
batch 579, loss: 0.0003, instance_loss: 0.0444, weighted_loss: 0.0135, label: 1, bag_size: 691
batch 599, loss: 0.0002, instance_loss: 0.0000, weighted_loss: 0.0001, label: 0, bag_size: 5637
batch 619, loss: 0.0000, instance_loss: 0.0019, weighted_loss: 0.0006, label: 0, bag_size: 304
batch 639, loss: 0.0001, instance_loss: 0.0000, weighted_loss: 0.0001, label: 1, bag_size: 3505
batch 659, loss: 0.0003, instance_loss: 0.0002, weighted_loss: 0.0003, label: 0, bag_size: 1067
batch 679, loss: 0.0000, instance_loss: 0.0004, weighted_loss: 0.0001, label: 0, bag_size: 875
batch 699, loss: 0.0000, instance_loss: 0.0000, weighted_loss: 0.0000, label: 0, bag_size: 3919


class 0 clustering acc 0.999648382559775: correct 5686/5688
class 1 clustering acc 0.9978902953586498: correct 5676/5688
Epoch: 44, train_loss: 0.0347, train_clustering_loss:  0.0071, train_error: 0.0084
class 0: acc 0.9920634920634921, correct 375/378
class 1: acc 0.990990990990991, correct 330/333

Val Set, val_loss: 2.8589, val_error: 0.3817, auc: 0.5478
class 0 clustering acc 1.0: correct 1048/1048
class 1 clustering acc 0.9990458015267175: correct 1047/1048
class 0: acc 0.7586206896551724, correct 66/87
class 1: acc 0.3409090909090909, correct 15/44
EarlyStopping counter: 44 out of 20


batch 19, loss: 0.0000, instance_loss: 0.0000, weighted_loss: 0.0000, label: 0, bag_size: 1616
batch 39, loss: 0.0001, instance_loss: 0.0007, weighted_loss: 0.0003, label: 0, bag_size: 4113
batch 59, loss: 0.0003, instance_loss: 0.0000, weighted_loss: 0.0002, label: 0, bag_size: 686
batch 79, loss: 0.0000, instance_loss: 0.0000, weighted_loss: 0.0000, label: 1, bag_size: 1885
batch 99, loss: 0.0004, instance_loss: 0.0000, weighted_loss: 0.0003, label: 1, bag_size: 2108
batch 119, loss: 0.0000, instance_loss: 0.0000, weighted_loss: 0.0000, label: 0, bag_size: 4629
batch 139, loss: 0.0000, instance_loss: 0.0005, weighted_loss: 0.0002, label: 1, bag_size: 856
batch 159, loss: 0.0000, instance_loss: 0.0027, weighted_loss: 0.0008, label: 1, bag_size: 10274
batch 179, loss: 0.0000, instance_loss: 0.0000, weighted_loss: 0.0000, label: 0, bag_size: 780
batch 199, loss: 0.0000, instance_loss: 0.0000, weighted_loss: 0.0000, label: 0, bag_size: 837
batch 219, loss: 0.0029, instance_loss: 0.0000, weighted_loss: 0.0020, label: 1, bag_size: 4946
batch 239, loss: 0.0000, instance_loss: 0.0000, weighted_loss: 0.0000, label: 1, bag_size: 1885
batch 259, loss: 0.0000, instance_loss: 0.0000, weighted_loss: 0.0000, label: 1, bag_size: 840
batch 279, loss: 0.0238, instance_loss: 0.0000, weighted_loss: 0.0166, label: 0, bag_size: 6409
batch 299, loss: 0.0000, instance_loss: 0.0000, weighted_loss: 0.0000, label: 0, bag_size: 1364
batch 319, loss: 0.0008, instance_loss: 0.0000, weighted_loss: 0.0006, label: 1, bag_size: 1394
batch 339, loss: 0.0006, instance_loss: 0.0000, weighted_loss: 0.0004, label: 0, bag_size: 806
batch 359, loss: 0.0000, instance_loss: 0.0096, weighted_loss: 0.0029, label: 0, bag_size: 684
batch 379, loss: 0.0000, instance_loss: 0.0005, weighted_loss: 0.0001, label: 0, bag_size: 5073
batch 399, loss: 0.0000, instance_loss: 0.0014, weighted_loss: 0.0004, label: 1, bag_size: 4495
batch 419, loss: 0.0000, instance_loss: 0.0000, weighted_loss: 0.0000, label: 0, bag_size: 1878
batch 439, loss: 0.0004, instance_loss: 0.0000, weighted_loss: 0.0003, label: 1, bag_size: 1079
batch 459, loss: 0.0000, instance_loss: 0.0037, weighted_loss: 0.0011, label: 0, bag_size: 440
batch 479, loss: 0.0004, instance_loss: 0.0000, weighted_loss: 0.0003, label: 1, bag_size: 723
batch 499, loss: 0.0000, instance_loss: 0.0000, weighted_loss: 0.0000, label: 1, bag_size: 1296
batch 519, loss: 0.0000, instance_loss: 0.0084, weighted_loss: 0.0025, label: 0, bag_size: 958
batch 539, loss: 0.0000, instance_loss: 0.0000, weighted_loss: 0.0000, label: 1, bag_size: 1596
batch 559, loss: 0.0000, instance_loss: 0.0008, weighted_loss: 0.0002, label: 0, bag_size: 1601
batch 579, loss: 0.0000, instance_loss: 0.0005, weighted_loss: 0.0001, label: 1, bag_size: 14189
batch 599, loss: 0.0002, instance_loss: 0.0000, weighted_loss: 0.0001, label: 1, bag_size: 5329
batch 619, loss: 0.0001, instance_loss: 0.0000, weighted_loss: 0.0000, label: 1, bag_size: 2841
batch 639, loss: 0.0000, instance_loss: 0.0000, weighted_loss: 0.0000, label: 0, bag_size: 918
batch 659, loss: 0.0000, instance_loss: 0.0000, weighted_loss: 0.0000, label: 1, bag_size: 5353
batch 679, loss: 0.0672, instance_loss: 0.0000, weighted_loss: 0.0471, label: 0, bag_size: 742
batch 699, loss: 0.0002, instance_loss: 0.0026, weighted_loss: 0.0009, label: 1, bag_size: 1737


class 0 clustering acc 0.9994725738396625: correct 5685/5688
class 1 clustering acc 0.9971870604781997: correct 5672/5688
Epoch: 45, train_loss: 0.0086, train_clustering_loss:  0.0095, train_error: 0.0028
class 0: acc 0.9972527472527473, correct 363/364
class 1: acc 0.9971181556195965, correct 346/347

Val Set, val_loss: 3.0300, val_error: 0.3893, auc: 0.5368
class 0 clustering acc 1.0: correct 1048/1048
class 1 clustering acc 1.0: correct 1048/1048
class 0: acc 0.8045977011494253, correct 70/87
class 1: acc 0.22727272727272727, correct 10/44
EarlyStopping counter: 45 out of 20


batch 19, loss: 0.0501, instance_loss: 0.0000, weighted_loss: 0.0351, label: 1, bag_size: 4356
batch 39, loss: 0.0000, instance_loss: 0.0020, weighted_loss: 0.0006, label: 1, bag_size: 1534
batch 59, loss: 0.0003, instance_loss: 0.0000, weighted_loss: 0.0002, label: 1, bag_size: 2058
batch 79, loss: 0.0007, instance_loss: 0.0000, weighted_loss: 0.0005, label: 1, bag_size: 270
batch 99, loss: 0.0000, instance_loss: 0.0000, weighted_loss: 0.0000, label: 0, bag_size: 2235
batch 119, loss: 0.0069, instance_loss: 0.0000, weighted_loss: 0.0049, label: 1, bag_size: 4417
batch 139, loss: 0.0000, instance_loss: 0.0000, weighted_loss: 0.0000, label: 0, bag_size: 788
batch 159, loss: 0.0000, instance_loss: 0.0000, weighted_loss: 0.0000, label: 1, bag_size: 470
batch 179, loss: 0.0000, instance_loss: 0.0000, weighted_loss: 0.0000, label: 1, bag_size: 19728
batch 199, loss: 0.0000, instance_loss: 0.0044, weighted_loss: 0.0013, label: 1, bag_size: 652
batch 219, loss: 0.0018, instance_loss: 0.0048, weighted_loss: 0.0027, label: 1, bag_size: 2357
batch 239, loss: 0.0000, instance_loss: 0.0000, weighted_loss: 0.0000, label: 1, bag_size: 644
batch 259, loss: 0.0000, instance_loss: 0.0004, weighted_loss: 0.0001, label: 1, bag_size: 19728
batch 279, loss: 0.0001, instance_loss: 0.0000, weighted_loss: 0.0000, label: 0, bag_size: 4057
batch 299, loss: 0.0005, instance_loss: 0.0006, weighted_loss: 0.0005, label: 0, bag_size: 1102
batch 319, loss: 0.0000, instance_loss: 0.0004, weighted_loss: 0.0001, label: 0, bag_size: 3229
batch 339, loss: 0.0000, instance_loss: 0.0012, weighted_loss: 0.0003, label: 1, bag_size: 831
batch 359, loss: 0.0000, instance_loss: 0.0000, weighted_loss: 0.0000, label: 0, bag_size: 4564
batch 379, loss: 0.0000, instance_loss: 0.0070, weighted_loss: 0.0021, label: 1, bag_size: 1043
batch 399, loss: 0.0000, instance_loss: 0.0000, weighted_loss: 0.0000, label: 1, bag_size: 3505
batch 419, loss: 0.0000, instance_loss: 0.0000, weighted_loss: 0.0000, label: 1, bag_size: 547
batch 439, loss: 0.0007, instance_loss: 0.0000, weighted_loss: 0.0005, label: 0, bag_size: 1206
batch 459, loss: 0.0000, instance_loss: 0.0006, weighted_loss: 0.0002, label: 0, bag_size: 1498
batch 479, loss: 0.0000, instance_loss: 0.0053, weighted_loss: 0.0016, label: 0, bag_size: 2461
batch 499, loss: 0.0000, instance_loss: 0.0018, weighted_loss: 0.0006, label: 0, bag_size: 4072
batch 519, loss: 0.0022, instance_loss: 0.0061, weighted_loss: 0.0034, label: 0, bag_size: 3986
batch 539, loss: 0.0003, instance_loss: 0.0000, weighted_loss: 0.0002, label: 1, bag_size: 4556
batch 559, loss: 0.0001, instance_loss: 0.0067, weighted_loss: 0.0020, label: 1, bag_size: 4477
batch 579, loss: 0.0000, instance_loss: 0.0000, weighted_loss: 0.0000, label: 0, bag_size: 4645
batch 599, loss: 0.0020, instance_loss: 0.0000, weighted_loss: 0.0014, label: 0, bag_size: 5528
batch 619, loss: 0.0014, instance_loss: 0.0003, weighted_loss: 0.0011, label: 1, bag_size: 1476
batch 639, loss: 0.0000, instance_loss: 0.0000, weighted_loss: 0.0000, label: 0, bag_size: 3507
batch 659, loss: 0.0002, instance_loss: 0.0000, weighted_loss: 0.0001, label: 1, bag_size: 2385
batch 679, loss: 0.0000, instance_loss: 0.0000, weighted_loss: 0.0000, label: 1, bag_size: 4575
batch 699, loss: 0.0002, instance_loss: 0.0002, weighted_loss: 0.0002, label: 1, bag_size: 1394


class 0 clustering acc 0.9998241912798875: correct 5687/5688
class 1 clustering acc 0.9968354430379747: correct 5670/5688
Epoch: 46, train_loss: 0.0394, train_clustering_loss:  0.0145, train_error: 0.0098
class 0: acc 0.9882005899705014, correct 335/339
class 1: acc 0.9919354838709677, correct 369/372

Val Set, val_loss: 3.4338, val_error: 0.4198, auc: 0.5384
class 0 clustering acc 1.0: correct 1048/1048
class 1 clustering acc 0.9990458015267175: correct 1047/1048
class 0: acc 0.7471264367816092, correct 65/87
class 1: acc 0.25, correct 11/44
EarlyStopping counter: 46 out of 20


batch 19, loss: 0.0000, instance_loss: 0.0000, weighted_loss: 0.0000, label: 0, bag_size: 788
batch 39, loss: 0.0000, instance_loss: 0.0922, weighted_loss: 0.0277, label: 0, bag_size: 29
batch 59, loss: 0.0000, instance_loss: 0.0005, weighted_loss: 0.0002, label: 0, bag_size: 1240
batch 79, loss: 0.0000, instance_loss: 0.0005, weighted_loss: 0.0002, label: 1, bag_size: 468
batch 99, loss: 0.0000, instance_loss: 0.0009, weighted_loss: 0.0003, label: 1, bag_size: 1190
batch 119, loss: 0.0000, instance_loss: 0.0013, weighted_loss: 0.0004, label: 0, bag_size: 1154
batch 139, loss: 0.0002, instance_loss: 0.0023, weighted_loss: 0.0008, label: 1, bag_size: 9914
batch 159, loss: 0.0000, instance_loss: 0.0007, weighted_loss: 0.0002, label: 1, bag_size: 711
batch 179, loss: 0.0012, instance_loss: 0.0000, weighted_loss: 0.0008, label: 0, bag_size: 5739
batch 199, loss: 0.0000, instance_loss: 0.0003, weighted_loss: 0.0001, label: 1, bag_size: 2637
batch 219, loss: 0.0000, instance_loss: 0.0002, weighted_loss: 0.0001, label: 1, bag_size: 1534
batch 239, loss: 0.0010, instance_loss: 0.0000, weighted_loss: 0.0007, label: 1, bag_size: 3334
batch 259, loss: 0.0036, instance_loss: 0.0000, weighted_loss: 0.0025, label: 1, bag_size: 4261
batch 279, loss: 0.0000, instance_loss: 0.0420, weighted_loss: 0.0126, label: 1, bag_size: 2634
batch 299, loss: 0.0001, instance_loss: 0.0042, weighted_loss: 0.0013, label: 0, bag_size: 4098
batch 319, loss: 0.0000, instance_loss: 0.0113, weighted_loss: 0.0034, label: 1, bag_size: 731
batch 339, loss: 0.0000, instance_loss: 0.0017, weighted_loss: 0.0005, label: 0, bag_size: 1519
batch 359, loss: 0.0000, instance_loss: 0.0000, weighted_loss: 0.0000, label: 1, bag_size: 1534
batch 379, loss: 0.0015, instance_loss: 0.0000, weighted_loss: 0.0011, label: 1, bag_size: 4913
batch 399, loss: 0.0000, instance_loss: 0.0007, weighted_loss: 0.0002, label: 0, bag_size: 4357
batch 419, loss: 0.0001, instance_loss: 0.0009, weighted_loss: 0.0003, label: 0, bag_size: 2301
batch 439, loss: 0.1143, instance_loss: 0.0965, weighted_loss: 0.1089, label: 0, bag_size: 1023
batch 459, loss: 0.0028, instance_loss: 0.0007, weighted_loss: 0.0022, label: 0, bag_size: 807
batch 479, loss: 0.0000, instance_loss: 0.0078, weighted_loss: 0.0023, label: 0, bag_size: 1498
batch 499, loss: 0.0004, instance_loss: 0.0006, weighted_loss: 0.0004, label: 1, bag_size: 1737
batch 519, loss: 0.0087, instance_loss: 0.0000, weighted_loss: 0.0061, label: 1, bag_size: 1105
batch 539, loss: 0.0002, instance_loss: 0.0000, weighted_loss: 0.0001, label: 1, bag_size: 1683
batch 559, loss: 0.0012, instance_loss: 0.0087, weighted_loss: 0.0035, label: 0, bag_size: 534
batch 579, loss: 0.0004, instance_loss: 0.0017, weighted_loss: 0.0008, label: 0, bag_size: 683
batch 599, loss: 0.0000, instance_loss: 0.0000, weighted_loss: 0.0000, label: 1, bag_size: 297
batch 619, loss: 0.0000, instance_loss: 0.0516, weighted_loss: 0.0155, label: 1, bag_size: 743
batch 639, loss: 0.0008, instance_loss: 0.0010, weighted_loss: 0.0008, label: 1, bag_size: 5353
batch 659, loss: 0.0000, instance_loss: 0.0000, weighted_loss: 0.0000, label: 1, bag_size: 2267
batch 679, loss: 0.0000, instance_loss: 0.0018, weighted_loss: 0.0005, label: 0, bag_size: 1685
batch 699, loss: 0.0025, instance_loss: 0.5949, weighted_loss: 0.1802, label: 0, bag_size: 321


class 0 clustering acc 1.0: correct 5688/5688
class 1 clustering acc 0.9975386779184248: correct 5674/5688
Epoch: 47, train_loss: 0.0789, train_clustering_loss:  0.0094, train_error: 0.0183
class 0: acc 0.9765395894428153, correct 333/341
class 1: acc 0.9864864864864865, correct 365/370

Val Set, val_loss: 3.0297, val_error: 0.3817, auc: 0.4932
class 0 clustering acc 1.0: correct 1048/1048
class 1 clustering acc 0.9990458015267175: correct 1047/1048
class 0: acc 0.8275862068965517, correct 72/87
class 1: acc 0.20454545454545456, correct 9/44
EarlyStopping counter: 47 out of 20


batch 19, loss: 0.0389, instance_loss: 0.0000, weighted_loss: 0.0273, label: 1, bag_size: 2221
batch 39, loss: 0.0019, instance_loss: 0.0002, weighted_loss: 0.0014, label: 1, bag_size: 573
batch 59, loss: 0.0000, instance_loss: 0.0003, weighted_loss: 0.0001, label: 0, bag_size: 477
batch 79, loss: 0.0138, instance_loss: 0.0022, weighted_loss: 0.0104, label: 1, bag_size: 828
batch 99, loss: 0.0000, instance_loss: 0.0003, weighted_loss: 0.0001, label: 0, bag_size: 4030
batch 119, loss: 0.0000, instance_loss: 0.0020, weighted_loss: 0.0006, label: 0, bag_size: 871
batch 139, loss: 0.0007, instance_loss: 0.0002, weighted_loss: 0.0005, label: 1, bag_size: 573
batch 159, loss: 0.0002, instance_loss: 0.0000, weighted_loss: 0.0002, label: 0, bag_size: 642
batch 179, loss: 0.0001, instance_loss: 0.0008, weighted_loss: 0.0003, label: 0, bag_size: 3462
batch 199, loss: 0.0000, instance_loss: 0.0000, weighted_loss: 0.0000, label: 0, bag_size: 5784
batch 219, loss: 0.0000, instance_loss: 0.0000, weighted_loss: 0.0000, label: 0, bag_size: 388
batch 239, loss: 0.0000, instance_loss: 0.0017, weighted_loss: 0.0005, label: 1, bag_size: 2369
batch 259, loss: 0.0000, instance_loss: 0.0002, weighted_loss: 0.0001, label: 0, bag_size: 4072
batch 279, loss: 0.0000, instance_loss: 0.0005, weighted_loss: 0.0001, label: 1, bag_size: 3839
batch 299, loss: 0.0000, instance_loss: 0.0000, weighted_loss: 0.0000, label: 0, bag_size: 1764
batch 319, loss: 0.0000, instance_loss: 0.0007, weighted_loss: 0.0002, label: 0, bag_size: 1768
batch 339, loss: 0.0000, instance_loss: 0.0000, weighted_loss: 0.0000, label: 1, bag_size: 343
batch 359, loss: 0.0000, instance_loss: 0.0000, weighted_loss: 0.0000, label: 1, bag_size: 3762
batch 379, loss: 0.0019, instance_loss: 0.0000, weighted_loss: 0.0013, label: 1, bag_size: 847
batch 399, loss: 0.0000, instance_loss: 0.0000, weighted_loss: 0.0000, label: 0, bag_size: 3265
batch 419, loss: 0.0003, instance_loss: 0.0002, weighted_loss: 0.0003, label: 1, bag_size: 2612
batch 439, loss: 0.0014, instance_loss: 0.0017, weighted_loss: 0.0015, label: 1, bag_size: 612
batch 459, loss: 0.0000, instance_loss: 0.0041, weighted_loss: 0.0012, label: 1, bag_size: 297
batch 479, loss: 0.0007, instance_loss: 0.0028, weighted_loss: 0.0013, label: 1, bag_size: 489
batch 499, loss: 0.0019, instance_loss: 0.0117, weighted_loss: 0.0048, label: 1, bag_size: 774
batch 519, loss: 0.1135, instance_loss: 0.0000, weighted_loss: 0.0795, label: 0, bag_size: 3747
batch 539, loss: 0.0003, instance_loss: 0.0000, weighted_loss: 0.0002, label: 1, bag_size: 3119
batch 559, loss: 0.0000, instance_loss: 0.0000, weighted_loss: 0.0000, label: 0, bag_size: 4252
batch 579, loss: 0.0002, instance_loss: 0.0000, weighted_loss: 0.0002, label: 0, bag_size: 2084
batch 599, loss: 0.0002, instance_loss: 0.0029, weighted_loss: 0.0010, label: 0, bag_size: 1062
batch 619, loss: 0.0000, instance_loss: 0.0468, weighted_loss: 0.0141, label: 1, bag_size: 1705
batch 639, loss: 0.0000, instance_loss: 0.0014, weighted_loss: 0.0004, label: 0, bag_size: 453
batch 659, loss: 0.0000, instance_loss: 0.0003, weighted_loss: 0.0001, label: 0, bag_size: 663
batch 679, loss: 0.0040, instance_loss: 0.0000, weighted_loss: 0.0028, label: 1, bag_size: 3889
batch 699, loss: 0.0002, instance_loss: 0.0008, weighted_loss: 0.0004, label: 1, bag_size: 2620


class 0 clustering acc 0.9998241912798875: correct 5687/5688
class 1 clustering acc 0.9982419127988749: correct 5678/5688
Epoch: 48, train_loss: 0.0154, train_clustering_loss:  0.0055, train_error: 0.0042
class 0: acc 0.9971988795518207, correct 356/357
class 1: acc 0.9943502824858758, correct 352/354

Val Set, val_loss: 2.8362, val_error: 0.4046, auc: 0.5162
class 0 clustering acc 1.0: correct 1048/1048
class 1 clustering acc 0.9990458015267175: correct 1047/1048
class 0: acc 0.7816091954022989, correct 68/87
class 1: acc 0.22727272727272727, correct 10/44
EarlyStopping counter: 48 out of 20


batch 19, loss: 0.0112, instance_loss: 0.0000, weighted_loss: 0.0079, label: 1, bag_size: 5081
batch 39, loss: 0.0000, instance_loss: 0.0000, weighted_loss: 0.0000, label: 0, bag_size: 736
batch 59, loss: 0.0000, instance_loss: 0.0000, weighted_loss: 0.0000, label: 1, bag_size: 3839
batch 79, loss: 0.0037, instance_loss: 0.7001, weighted_loss: 0.2126, label: 1, bag_size: 388
batch 99, loss: 0.0002, instance_loss: 0.0000, weighted_loss: 0.0002, label: 0, bag_size: 1616
batch 119, loss: 0.0004, instance_loss: 0.0002, weighted_loss: 0.0004, label: 0, bag_size: 913
batch 139, loss: 0.0000, instance_loss: 0.0010, weighted_loss: 0.0003, label: 1, bag_size: 969
batch 159, loss: 0.0006, instance_loss: 0.0000, weighted_loss: 0.0004, label: 0, bag_size: 4448
batch 179, loss: 0.0000, instance_loss: 0.0005, weighted_loss: 0.0002, label: 1, bag_size: 875
batch 199, loss: 0.0025, instance_loss: 0.1549, weighted_loss: 0.0482, label: 0, bag_size: 384
batch 219, loss: 0.0222, instance_loss: 0.0048, weighted_loss: 0.0170, label: 0, bag_size: 751
batch 239, loss: 0.0000, instance_loss: 0.0006, weighted_loss: 0.0002, label: 0, bag_size: 721
batch 259, loss: 0.0000, instance_loss: 0.0005, weighted_loss: 0.0001, label: 1, bag_size: 1043
batch 279, loss: 0.0003, instance_loss: 0.0000, weighted_loss: 0.0002, label: 1, bag_size: 3656
batch 299, loss: 0.0000, instance_loss: 0.0000, weighted_loss: 0.0000, label: 0, bag_size: 4342
batch 319, loss: 0.0020, instance_loss: 0.0000, weighted_loss: 0.0014, label: 1, bag_size: 1972
batch 339, loss: 0.0006, instance_loss: 0.0000, weighted_loss: 0.0004, label: 0, bag_size: 464
batch 359, loss: 0.0000, instance_loss: 0.0000, weighted_loss: 0.0000, label: 1, bag_size: 969
batch 379, loss: 0.0057, instance_loss: 0.0000, weighted_loss: 0.0040, label: 1, bag_size: 2464
batch 399, loss: 0.0000, instance_loss: 0.0000, weighted_loss: 0.0000, label: 1, bag_size: 4355
batch 419, loss: 0.0000, instance_loss: 0.0000, weighted_loss: 0.0000, label: 0, bag_size: 619
batch 439, loss: 0.0000, instance_loss: 0.0000, weighted_loss: 0.0000, label: 0, bag_size: 5034
batch 459, loss: 0.0000, instance_loss: 0.0000, weighted_loss: 0.0000, label: 1, bag_size: 2637
batch 479, loss: 0.0000, instance_loss: 0.0671, weighted_loss: 0.0201, label: 0, bag_size: 739
batch 499, loss: 0.0003, instance_loss: 0.0000, weighted_loss: 0.0002, label: 0, bag_size: 1599
batch 519, loss: 0.0000, instance_loss: 0.0000, weighted_loss: 0.0000, label: 0, bag_size: 2927
batch 539, loss: 0.0000, instance_loss: 0.0000, weighted_loss: 0.0000, label: 1, bag_size: 452
batch 559, loss: 0.0001, instance_loss: 0.0000, weighted_loss: 0.0001, label: 0, bag_size: 3873
batch 579, loss: 0.0001, instance_loss: 0.0000, weighted_loss: 0.0001, label: 1, bag_size: 5454
batch 599, loss: 0.0000, instance_loss: 0.0000, weighted_loss: 0.0000, label: 1, bag_size: 3719
batch 619, loss: 0.0033, instance_loss: 0.0003, weighted_loss: 0.0024, label: 1, bag_size: 805
batch 639, loss: 0.0002, instance_loss: 0.0004, weighted_loss: 0.0002, label: 0, bag_size: 4012
batch 659, loss: 0.0000, instance_loss: 0.0000, weighted_loss: 0.0000, label: 0, bag_size: 2948
batch 679, loss: 0.0001, instance_loss: 0.0019, weighted_loss: 0.0007, label: 0, bag_size: 2478
batch 699, loss: 0.0000, instance_loss: 0.0050, weighted_loss: 0.0015, label: 0, bag_size: 895


class 0 clustering acc 1.0: correct 5688/5688
class 1 clustering acc 0.9978902953586498: correct 5676/5688
Epoch: 49, train_loss: 0.0025, train_clustering_loss:  0.0051, train_error: 0.0000
class 0: acc 1.0, correct 351/351
class 1: acc 1.0, correct 360/360

Val Set, val_loss: 3.0257, val_error: 0.4351, auc: 0.5214
class 0 clustering acc 1.0: correct 1048/1048
class 1 clustering acc 1.0: correct 1048/1048
class 0: acc 0.735632183908046, correct 64/87
class 1: acc 0.22727272727272727, correct 10/44
EarlyStopping counter: 49 out of 20


batch 19, loss: 0.0000, instance_loss: 0.0000, weighted_loss: 0.0000, label: 0, bag_size: 478
batch 39, loss: 0.0000, instance_loss: 0.0000, weighted_loss: 0.0000, label: 1, bag_size: 2722
batch 59, loss: 0.0019, instance_loss: 0.0013, weighted_loss: 0.0017, label: 1, bag_size: 2733
batch 79, loss: 0.0000, instance_loss: 0.0000, weighted_loss: 0.0000, label: 0, bag_size: 3374
batch 99, loss: 0.0000, instance_loss: 0.0000, weighted_loss: 0.0000, label: 1, bag_size: 2733
batch 119, loss: 0.0017, instance_loss: 0.0000, weighted_loss: 0.0012, label: 0, bag_size: 2537
batch 139, loss: 0.0000, instance_loss: 0.0000, weighted_loss: 0.0000, label: 0, bag_size: 4800
batch 159, loss: 0.0000, instance_loss: 0.0000, weighted_loss: 0.0000, label: 1, bag_size: 1033
batch 179, loss: 0.0000, instance_loss: 0.0007, weighted_loss: 0.0002, label: 1, bag_size: 856
batch 199, loss: 0.0001, instance_loss: 0.0000, weighted_loss: 0.0001, label: 1, bag_size: 831
batch 219, loss: 0.0000, instance_loss: 0.0000, weighted_loss: 0.0000, label: 1, bag_size: 969
batch 239, loss: 0.0000, instance_loss: 0.0000, weighted_loss: 0.0000, label: 1, bag_size: 989
batch 259, loss: 0.0001, instance_loss: 0.0002, weighted_loss: 0.0001, label: 0, bag_size: 4012
batch 279, loss: 0.0004, instance_loss: 0.0000, weighted_loss: 0.0003, label: 0, bag_size: 1455
batch 299, loss: 0.0000, instance_loss: 0.0003, weighted_loss: 0.0001, label: 0, bag_size: 739
batch 319, loss: 0.0000, instance_loss: 0.0002, weighted_loss: 0.0001, label: 0, bag_size: 2097
batch 339, loss: 0.0000, instance_loss: 0.0000, weighted_loss: 0.0000, label: 1, bag_size: 5337
batch 359, loss: 0.0000, instance_loss: 0.0000, weighted_loss: 0.0000, label: 1, bag_size: 2242
batch 379, loss: 0.0000, instance_loss: 0.0003, weighted_loss: 0.0001, label: 0, bag_size: 697
batch 399, loss: 0.0002, instance_loss: 0.0000, weighted_loss: 0.0001, label: 1, bag_size: 3892
batch 419, loss: 0.0001, instance_loss: 0.0011, weighted_loss: 0.0004, label: 0, bag_size: 2702
batch 439, loss: 0.0001, instance_loss: 0.0000, weighted_loss: 0.0001, label: 1, bag_size: 4417
batch 459, loss: 0.0000, instance_loss: 0.0000, weighted_loss: 0.0000, label: 1, bag_size: 3839
batch 479, loss: 0.0002, instance_loss: 0.0000, weighted_loss: 0.0001, label: 1, bag_size: 3530
batch 499, loss: 0.0000, instance_loss: 0.0000, weighted_loss: 0.0000, label: 1, bag_size: 849
batch 519, loss: 0.0041, instance_loss: 0.0032, weighted_loss: 0.0039, label: 0, bag_size: 466
batch 539, loss: 0.0000, instance_loss: 0.0015, weighted_loss: 0.0005, label: 0, bag_size: 484
batch 559, loss: 0.0002, instance_loss: 0.0003, weighted_loss: 0.0003, label: 1, bag_size: 1737
batch 579, loss: 0.0000, instance_loss: 0.0000, weighted_loss: 0.0000, label: 0, bag_size: 4546
batch 599, loss: 0.0000, instance_loss: 0.0000, weighted_loss: 0.0000, label: 1, bag_size: 5091
batch 619, loss: 0.0000, instance_loss: 0.0000, weighted_loss: 0.0000, label: 1, bag_size: 1268
batch 639, loss: 0.0000, instance_loss: 0.0000, weighted_loss: 0.0000, label: 1, bag_size: 1742
batch 659, loss: 0.0000, instance_loss: 0.0000, weighted_loss: 0.0000, label: 1, bag_size: 5353
batch 679, loss: 0.0026, instance_loss: 0.0000, weighted_loss: 0.0018, label: 1, bag_size: 4261
batch 699, loss: 0.0010, instance_loss: 0.0000, weighted_loss: 0.0007, label: 0, bag_size: 1371


class 0 clustering acc 0.9998241912798875: correct 5687/5688
class 1 clustering acc 0.9984177215189873: correct 5679/5688
Epoch: 50, train_loss: 0.0126, train_clustering_loss:  0.0044, train_error: 0.0070
class 0: acc 0.9942857142857143, correct 348/350
class 1: acc 0.9916897506925207, correct 358/361

Val Set, val_loss: 2.8484, val_error: 0.4580, auc: 0.5466
class 0 clustering acc 1.0: correct 1048/1048
class 1 clustering acc 1.0: correct 1048/1048
class 0: acc 0.632183908045977, correct 55/87
class 1: acc 0.36363636363636365, correct 16/44
EarlyStopping counter: 50 out of 20


batch 19, loss: 0.0001, instance_loss: 0.0000, weighted_loss: 0.0000, label: 1, bag_size: 1862
batch 39, loss: 0.0002, instance_loss: 0.0002, weighted_loss: 0.0002, label: 0, bag_size: 875
batch 59, loss: 0.0000, instance_loss: 0.0000, weighted_loss: 0.0000, label: 0, bag_size: 1138
batch 79, loss: 0.0000, instance_loss: 0.0000, weighted_loss: 0.0000, label: 0, bag_size: 537
batch 99, loss: 0.0000, instance_loss: 0.0012, weighted_loss: 0.0004, label: 1, bag_size: 731
batch 119, loss: 0.0000, instance_loss: 0.0007, weighted_loss: 0.0002, label: 0, bag_size: 742
batch 139, loss: 0.0002, instance_loss: 0.0000, weighted_loss: 0.0002, label: 1, bag_size: 4261
batch 159, loss: 0.0000, instance_loss: 0.0007, weighted_loss: 0.0002, label: 1, bag_size: 1210
batch 179, loss: 0.0000, instance_loss: 0.0000, weighted_loss: 0.0000, label: 0, bag_size: 1409
batch 199, loss: 0.0007, instance_loss: 0.0000, weighted_loss: 0.0005, label: 1, bag_size: 5329
batch 219, loss: 0.0000, instance_loss: 0.0000, weighted_loss: 0.0000, label: 1, bag_size: 956
batch 239, loss: 0.0009, instance_loss: 0.0000, weighted_loss: 0.0006, label: 1, bag_size: 2620
batch 259, loss: 0.0000, instance_loss: 0.0000, weighted_loss: 0.0000, label: 1, bag_size: 1536
batch 279, loss: 0.0002, instance_loss: 0.0000, weighted_loss: 0.0001, label: 0, bag_size: 4968
batch 299, loss: 0.0000, instance_loss: 0.0000, weighted_loss: 0.0000, label: 0, bag_size: 3914
batch 319, loss: 0.0000, instance_loss: 0.0000, weighted_loss: 0.0000, label: 1, bag_size: 3225
batch 339, loss: 0.0000, instance_loss: 0.0003, weighted_loss: 0.0001, label: 0, bag_size: 1452
batch 359, loss: 0.0024, instance_loss: 0.0000, weighted_loss: 0.0017, label: 0, bag_size: 5073
batch 379, loss: 0.0002, instance_loss: 0.0000, weighted_loss: 0.0001, label: 1, bag_size: 662
batch 399, loss: 0.0000, instance_loss: 0.0005, weighted_loss: 0.0001, label: 1, bag_size: 2567
batch 419, loss: 0.0000, instance_loss: 0.0000, weighted_loss: 0.0000, label: 1, bag_size: 3852
batch 439, loss: 0.0000, instance_loss: 0.0257, weighted_loss: 0.0077, label: 0, bag_size: 394
batch 459, loss: 0.0001, instance_loss: 0.0000, weighted_loss: 0.0000, label: 1, bag_size: 3892
batch 479, loss: 0.0000, instance_loss: 0.0009, weighted_loss: 0.0003, label: 1, bag_size: 468
batch 499, loss: 0.0000, instance_loss: 0.0000, weighted_loss: 0.0000, label: 0, bag_size: 4794
batch 519, loss: 0.0000, instance_loss: 0.0000, weighted_loss: 0.0000, label: 0, bag_size: 5034
batch 539, loss: 0.0003, instance_loss: 0.0000, weighted_loss: 0.0002, label: 1, bag_size: 5930
batch 559, loss: 0.0061, instance_loss: 0.5546, weighted_loss: 0.1707, label: 0, bag_size: 470
batch 579, loss: 0.0002, instance_loss: 0.0016, weighted_loss: 0.0007, label: 0, bag_size: 5611
batch 599, loss: 0.0001, instance_loss: 0.0044, weighted_loss: 0.0014, label: 0, bag_size: 509
batch 619, loss: 0.0000, instance_loss: 0.0000, weighted_loss: 0.0000, label: 1, bag_size: 1511
batch 639, loss: 0.0000, instance_loss: 0.0000, weighted_loss: 0.0000, label: 1, bag_size: 3225
batch 659, loss: 0.0000, instance_loss: 0.0897, weighted_loss: 0.0269, label: 0, bag_size: 1609
batch 679, loss: 0.0000, instance_loss: 0.0002, weighted_loss: 0.0001, label: 0, bag_size: 901
batch 699, loss: 0.0004, instance_loss: 0.0004, weighted_loss: 0.0004, label: 0, bag_size: 802


class 0 clustering acc 0.9991209563994374: correct 5683/5688
class 1 clustering acc 0.9957805907172996: correct 5664/5688
Epoch: 51, train_loss: 0.0327, train_clustering_loss:  0.0156, train_error: 0.0056
class 0: acc 0.9943820224719101, correct 354/356
class 1: acc 0.9943661971830986, correct 353/355

Val Set, val_loss: 3.1599, val_error: 0.4198, auc: 0.5159
class 0 clustering acc 1.0: correct 1048/1048
class 1 clustering acc 0.9980916030534351: correct 1046/1048
class 0: acc 0.6436781609195402, correct 56/87
class 1: acc 0.45454545454545453, correct 20/44
EarlyStopping counter: 51 out of 20
Early stopping
Val error: 0.3359, ROC AUC: 0.6066
Test error: 0.3021, ROC AUC: 0.6319
class 0: acc 0.9722222222222222, correct 280/288
class 1: acc 0.12949640287769784, correct 18/139
finished!
end script
