
Load Dataset
label column: label
label dictionary: {0: 0, 1: 1}
number of classes: 2
slide-level counts:  
 label
0    1198
1      71
Name: count, dtype: int64
Patient-LVL; Number of samples registered in class 0: 122
Slide-LVL; Number of samples registered in class 0: 1198
Patient-LVL; Number of samples registered in class 1: 14
Slide-LVL; Number of samples registered in class 1: 71
split_dir:  splits/smc_cv_amr_pamr0_vs_positive
################# Settings ###################
num_splits:  3
k_start:  -1
k_end:  -1
task:  task_smc_amr_binary_pamr0_vs_positive
max_epochs:  200
results_dir:  ./results
lr:  0.0002
experiment:  smc_amr_positive_l2_1p00mpp_10x_uni2_clamsb_nested3
reg:  1e-05
label_frac:  1.0
bag_loss:  ce
seed:  1
model_type:  clam_sb
model_size:  small
use_drop_out:  0.25
weighted_sample:  True
opt:  adam
bag_weight:  0.7
inst_loss:  svm
B:  8
split_dir:  splits/smc_cv_amr_pamr0_vs_positive

Training Fold 0!

Init train/val/test splits... 
Done!
Training on 703 samples
Validating on 155 samples
Testing on 411 samples

Init loss function... Done!

Init Model... Setting tau to 1.0
Done!
CLAM_SB(
  (attention_net): Sequential(
    (0): Linear(in_features=1536, out_features=512, bias=True)
    (1): ReLU()
    (2): Dropout(p=0.25, inplace=False)
    (3): Attn_Net_Gated(
      (attention_a): Sequential(
        (0): Linear(in_features=512, out_features=256, bias=True)
        (1): Tanh()
        (2): Dropout(p=0.25, inplace=False)
      )
      (attention_b): Sequential(
        (0): Linear(in_features=512, out_features=256, bias=True)
        (1): Sigmoid()
        (2): Dropout(p=0.25, inplace=False)
      )
      (attention_c): Linear(in_features=256, out_features=1, bias=True)
    )
  )
  (classifiers): Linear(in_features=512, out_features=2, bias=True)
  (instance_classifiers): ModuleList(
    (0-1): 2 x Linear(in_features=512, out_features=2, bias=True)
  )
  (instance_loss_fn): SmoothTop1SVM()
)
Total number of parameters: 1052935
Total number of trainable parameters: 1052935

Init optimizer ... Done!

Init Loaders... Done!

Setup EarlyStopping... Done!


batch 19, loss: 0.8910, instance_loss: 1.2810, weighted_loss: 1.0080, label: 0, bag_size: 134
batch 39, loss: 1.0979, instance_loss: 1.2980, weighted_loss: 1.1580, label: 1, bag_size: 121
batch 59, loss: 0.4874, instance_loss: 0.8997, weighted_loss: 0.6111, label: 0, bag_size: 1032
batch 79, loss: 0.3810, instance_loss: 1.3340, weighted_loss: 0.6669, label: 0, bag_size: 213
batch 99, loss: 1.5837, instance_loss: 1.2439, weighted_loss: 1.4818, label: 1, bag_size: 178
batch 119, loss: 0.8032, instance_loss: 0.9614, weighted_loss: 0.8507, label: 0, bag_size: 760
batch 139, loss: 0.3537, instance_loss: 0.9700, weighted_loss: 0.5386, label: 0, bag_size: 152
batch 159, loss: 0.3556, instance_loss: 1.1901, weighted_loss: 0.6060, label: 0, bag_size: 307
batch 179, loss: 0.2548, instance_loss: 0.6427, weighted_loss: 0.3712, label: 1, bag_size: 1359
batch 199, loss: 0.4638, instance_loss: 0.9723, weighted_loss: 0.6163, label: 0, bag_size: 226
batch 219, loss: 0.3150, instance_loss: 1.0212, weighted_loss: 0.5269, label: 1, bag_size: 178
batch 239, loss: 0.1755, instance_loss: 0.1240, weighted_loss: 0.1601, label: 1, bag_size: 1010
batch 259, loss: 0.1982, instance_loss: 0.2725, weighted_loss: 0.2205, label: 1, bag_size: 363
batch 279, loss: 1.5810, instance_loss: 0.6416, weighted_loss: 1.2992, label: 1, bag_size: 580
batch 299, loss: 0.6861, instance_loss: 0.0579, weighted_loss: 0.4976, label: 1, bag_size: 943
batch 319, loss: 0.3063, instance_loss: 0.5087, weighted_loss: 0.3670, label: 0, bag_size: 75
batch 339, loss: 0.3707, instance_loss: 0.4909, weighted_loss: 0.4068, label: 1, bag_size: 943
batch 359, loss: 0.1553, instance_loss: 0.0190, weighted_loss: 0.1144, label: 1, bag_size: 903
batch 379, loss: 0.5331, instance_loss: 0.2835, weighted_loss: 0.4583, label: 0, bag_size: 334
batch 399, loss: 0.8153, instance_loss: 0.0901, weighted_loss: 0.5977, label: 0, bag_size: 1119
batch 419, loss: 0.5598, instance_loss: 0.0366, weighted_loss: 0.4028, label: 0, bag_size: 1208
batch 439, loss: 0.1853, instance_loss: 0.6443, weighted_loss: 0.3230, label: 0, bag_size: 176
batch 459, loss: 0.1489, instance_loss: 0.3829, weighted_loss: 0.2191, label: 0, bag_size: 117
batch 479, loss: 1.0189, instance_loss: 0.3828, weighted_loss: 0.8281, label: 1, bag_size: 356
batch 499, loss: 0.2887, instance_loss: 0.0026, weighted_loss: 0.2029, label: 1, bag_size: 1074
batch 519, loss: 1.3651, instance_loss: 0.4376, weighted_loss: 1.0868, label: 1, bag_size: 132
batch 539, loss: 0.6718, instance_loss: 0.1349, weighted_loss: 0.5107, label: 0, bag_size: 112
batch 559, loss: 0.0595, instance_loss: 0.0769, weighted_loss: 0.0647, label: 1, bag_size: 189
batch 579, loss: 0.7506, instance_loss: 0.2573, weighted_loss: 0.6027, label: 1, bag_size: 1359
batch 599, loss: 0.4603, instance_loss: 0.0816, weighted_loss: 0.3467, label: 0, bag_size: 438
batch 619, loss: 0.0901, instance_loss: 0.0006, weighted_loss: 0.0632, label: 1, bag_size: 1359
batch 639, loss: 0.0905, instance_loss: 0.0026, weighted_loss: 0.0641, label: 1, bag_size: 1034
batch 659, loss: 1.5852, instance_loss: 0.0056, weighted_loss: 1.1113, label: 0, bag_size: 1595
batch 679, loss: 0.4431, instance_loss: 0.0032, weighted_loss: 0.3111, label: 1, bag_size: 1002
batch 699, loss: 0.5114, instance_loss: 0.0696, weighted_loss: 0.3788, label: 1, bag_size: 226


class 0 clustering acc 0.8783351120597652: correct 4938/5622
class 1 clustering acc 0.8907861970828886: correct 5008/5622
Epoch: 0, train_loss: 0.5751, train_clustering_loss:  0.4719, train_error: 0.2888
class 0: acc 0.7094017094017094, correct 249/351
class 1: acc 0.7130681818181818, correct 251/352

Val Set, val_loss: 0.5430, val_error: 0.2323, auc: 0.6174
class 0 clustering acc 0.9991935483870967: correct 1239/1240
class 1 clustering acc 0.9814516129032258: correct 1217/1240
class 0: acc 0.785234899328859, correct 117/149
class 1: acc 0.3333333333333333, correct 2/6
Validation loss decreased (inf --> 0.542988).  Saving model ...


batch 19, loss: 0.0544, instance_loss: 0.1550, weighted_loss: 0.0846, label: 0, bag_size: 157
batch 39, loss: 1.0474, instance_loss: 0.0046, weighted_loss: 0.7345, label: 0, bag_size: 1216
batch 59, loss: 0.0265, instance_loss: 0.0004, weighted_loss: 0.0187, label: 1, bag_size: 1502
batch 79, loss: 0.0635, instance_loss: 0.0003, weighted_loss: 0.0446, label: 1, bag_size: 1136
batch 99, loss: 0.0938, instance_loss: 0.0700, weighted_loss: 0.0867, label: 1, bag_size: 178
batch 119, loss: 0.5562, instance_loss: 0.0032, weighted_loss: 0.3903, label: 1, bag_size: 1437
batch 139, loss: 0.3757, instance_loss: 0.3226, weighted_loss: 0.3598, label: 1, bag_size: 378
batch 159, loss: 0.4307, instance_loss: 0.0052, weighted_loss: 0.3030, label: 0, bag_size: 780
batch 179, loss: 0.0736, instance_loss: 0.0017, weighted_loss: 0.0520, label: 1, bag_size: 1372
batch 199, loss: 0.0613, instance_loss: 0.0655, weighted_loss: 0.0626, label: 0, bag_size: 164
batch 219, loss: 0.0356, instance_loss: 0.0023, weighted_loss: 0.0256, label: 0, bag_size: 965
batch 239, loss: 0.0186, instance_loss: 0.0000, weighted_loss: 0.0131, label: 1, bag_size: 903
batch 259, loss: 0.1454, instance_loss: 0.0158, weighted_loss: 0.1065, label: 0, bag_size: 581
batch 279, loss: 0.5597, instance_loss: 0.0045, weighted_loss: 0.3931, label: 1, bag_size: 356
batch 299, loss: 0.0072, instance_loss: 0.0002, weighted_loss: 0.0051, label: 1, bag_size: 912
batch 319, loss: 1.2556, instance_loss: 0.0217, weighted_loss: 0.8854, label: 1, bag_size: 1260
batch 339, loss: 0.0859, instance_loss: 0.0000, weighted_loss: 0.0601, label: 1, bag_size: 1136
batch 359, loss: 0.0292, instance_loss: 0.0546, weighted_loss: 0.0368, label: 0, bag_size: 327
batch 379, loss: 0.0163, instance_loss: 0.0237, weighted_loss: 0.0185, label: 0, bag_size: 381
batch 399, loss: 0.0164, instance_loss: 0.0349, weighted_loss: 0.0220, label: 0, bag_size: 214
batch 419, loss: 0.2409, instance_loss: 0.0355, weighted_loss: 0.1793, label: 0, bag_size: 616
batch 439, loss: 0.0012, instance_loss: 0.0095, weighted_loss: 0.0037, label: 0, bag_size: 706
batch 459, loss: 2.2076, instance_loss: 0.1762, weighted_loss: 1.5981, label: 1, bag_size: 580
batch 479, loss: 0.3569, instance_loss: 0.0508, weighted_loss: 0.2651, label: 1, bag_size: 226
batch 499, loss: 0.2662, instance_loss: 0.0000, weighted_loss: 0.1863, label: 1, bag_size: 1502
batch 519, loss: 0.0231, instance_loss: 0.0319, weighted_loss: 0.0258, label: 0, bag_size: 142
batch 539, loss: 0.0014, instance_loss: 0.0002, weighted_loss: 0.0010, label: 0, bag_size: 1063
batch 559, loss: 0.1198, instance_loss: 0.0350, weighted_loss: 0.0943, label: 1, bag_size: 641
batch 579, loss: 0.0121, instance_loss: 0.0092, weighted_loss: 0.0112, label: 0, bag_size: 179
batch 599, loss: 0.2440, instance_loss: 0.0000, weighted_loss: 0.1708, label: 0, bag_size: 752
batch 619, loss: 0.1191, instance_loss: 0.0197, weighted_loss: 0.0893, label: 1, bag_size: 170
batch 639, loss: 0.0011, instance_loss: 0.0009, weighted_loss: 0.0011, label: 0, bag_size: 965
batch 659, loss: 0.0086, instance_loss: 0.0007, weighted_loss: 0.0062, label: 0, bag_size: 1057
batch 679, loss: 0.1065, instance_loss: 0.0008, weighted_loss: 0.0748, label: 0, bag_size: 1061
batch 699, loss: 0.0338, instance_loss: 0.0044, weighted_loss: 0.0249, label: 1, bag_size: 102


class 0 clustering acc 0.9946638207043756: correct 5592/5622
class 1 clustering acc 0.9946638207043756: correct 5592/5622
Epoch: 1, train_loss: 0.3348, train_clustering_loss:  0.0495, train_error: 0.1380
class 0: acc 0.8633879781420765, correct 316/366
class 1: acc 0.8605341246290801, correct 290/337

Val Set, val_loss: 0.3705, val_error: 0.1419, auc: 0.5850
class 0 clustering acc 1.0: correct 1240/1240
class 1 clustering acc 0.9790322580645161: correct 1214/1240
class 0: acc 0.8791946308724832, correct 131/149
class 1: acc 0.3333333333333333, correct 2/6
Validation loss decreased (0.542988 --> 0.370462).  Saving model ...


batch 19, loss: 0.3802, instance_loss: 0.0274, weighted_loss: 0.2744, label: 0, bag_size: 187
batch 39, loss: 0.0036, instance_loss: 0.0135, weighted_loss: 0.0065, label: 0, bag_size: 601
batch 59, loss: 0.1071, instance_loss: 0.0841, weighted_loss: 0.1002, label: 1, bag_size: 227
batch 79, loss: 0.0346, instance_loss: 0.2558, weighted_loss: 0.1010, label: 0, bag_size: 119
batch 99, loss: 0.0566, instance_loss: 0.0000, weighted_loss: 0.0396, label: 1, bag_size: 1074
batch 119, loss: 0.0083, instance_loss: 0.1017, weighted_loss: 0.0363, label: 0, bag_size: 276
batch 139, loss: 0.0089, instance_loss: 0.0272, weighted_loss: 0.0144, label: 1, bag_size: 167
batch 159, loss: 0.3937, instance_loss: 0.0019, weighted_loss: 0.2762, label: 0, bag_size: 920
batch 179, loss: 0.0071, instance_loss: 0.0126, weighted_loss: 0.0087, label: 0, bag_size: 268
batch 199, loss: 1.3121, instance_loss: 0.0007, weighted_loss: 0.9187, label: 0, bag_size: 876
batch 219, loss: 0.4872, instance_loss: 0.0003, weighted_loss: 0.3411, label: 0, bag_size: 736
batch 239, loss: 0.6573, instance_loss: 0.1480, weighted_loss: 0.5045, label: 1, bag_size: 178
batch 259, loss: 0.0643, instance_loss: 0.0000, weighted_loss: 0.0450, label: 1, bag_size: 919
batch 279, loss: 0.0073, instance_loss: 0.0316, weighted_loss: 0.0146, label: 1, bag_size: 167
batch 299, loss: 0.0662, instance_loss: 0.0000, weighted_loss: 0.0463, label: 1, bag_size: 1136
batch 319, loss: 0.3797, instance_loss: 0.1472, weighted_loss: 0.3099, label: 1, bag_size: 531
batch 339, loss: 0.0016, instance_loss: 0.0067, weighted_loss: 0.0032, label: 0, bag_size: 129
batch 359, loss: 0.1529, instance_loss: 0.0000, weighted_loss: 0.1071, label: 1, bag_size: 1502
batch 379, loss: 0.0042, instance_loss: 0.0155, weighted_loss: 0.0076, label: 0, bag_size: 412
batch 399, loss: 0.0036, instance_loss: 0.0142, weighted_loss: 0.0067, label: 0, bag_size: 549
batch 419, loss: 0.0010, instance_loss: 0.0016, weighted_loss: 0.0012, label: 0, bag_size: 350
batch 439, loss: 0.0104, instance_loss: 0.0352, weighted_loss: 0.0179, label: 1, bag_size: 170
batch 459, loss: 0.0346, instance_loss: 0.0188, weighted_loss: 0.0298, label: 0, bag_size: 178
batch 479, loss: 0.0389, instance_loss: 0.0554, weighted_loss: 0.0439, label: 1, bag_size: 189
batch 499, loss: 0.0015, instance_loss: 0.0046, weighted_loss: 0.0024, label: 0, bag_size: 722
batch 519, loss: 0.0087, instance_loss: 0.0764, weighted_loss: 0.0290, label: 1, bag_size: 50
batch 539, loss: 0.2753, instance_loss: 0.7419, weighted_loss: 0.4153, label: 1, bag_size: 226
batch 559, loss: 0.0209, instance_loss: 0.0000, weighted_loss: 0.0146, label: 1, bag_size: 1016
batch 579, loss: 0.0172, instance_loss: 0.0000, weighted_loss: 0.0120, label: 1, bag_size: 903
batch 599, loss: 0.0108, instance_loss: 0.0000, weighted_loss: 0.0076, label: 1, bag_size: 1372
batch 619, loss: 0.0000, instance_loss: 0.0328, weighted_loss: 0.0099, label: 0, bag_size: 75
batch 639, loss: 0.0651, instance_loss: 0.0033, weighted_loss: 0.0466, label: 1, bag_size: 132
batch 659, loss: 0.0029, instance_loss: 0.0071, weighted_loss: 0.0042, label: 1, bag_size: 162
batch 679, loss: 0.2515, instance_loss: 0.0460, weighted_loss: 0.1898, label: 1, bag_size: 189
batch 699, loss: 0.0606, instance_loss: 0.0000, weighted_loss: 0.0425, label: 1, bag_size: 1136


class 0 clustering acc 0.9951957295373666: correct 5593/5620
class 1 clustering acc 0.9882562277580071: correct 5554/5620
Epoch: 2, train_loss: 0.2093, train_clustering_loss:  0.0502, train_error: 0.0711
class 0: acc 0.907563025210084, correct 324/357
class 1: acc 0.9508670520231214, correct 329/346

Val Set, val_loss: 0.4417, val_error: 0.1806, auc: 0.6141
class 0 clustering acc 1.0: correct 1240/1240
class 1 clustering acc 0.9943548387096774: correct 1233/1240
class 0: acc 0.8322147651006712, correct 124/149
class 1: acc 0.5, correct 3/6
EarlyStopping counter: 1 out of 20


batch 19, loss: 0.0008, instance_loss: 0.0215, weighted_loss: 0.0071, label: 0, bag_size: 264
batch 39, loss: 0.1467, instance_loss: 0.0053, weighted_loss: 0.1043, label: 1, bag_size: 378
batch 59, loss: 0.0022, instance_loss: 0.0038, weighted_loss: 0.0027, label: 0, bag_size: 100
batch 79, loss: 0.0257, instance_loss: 0.0021, weighted_loss: 0.0186, label: 1, bag_size: 363
batch 99, loss: 0.0155, instance_loss: 0.0000, weighted_loss: 0.0108, label: 1, bag_size: 1437
batch 119, loss: 0.0049, instance_loss: 0.0173, weighted_loss: 0.0086, label: 1, bag_size: 162
batch 139, loss: 0.0020, instance_loss: 0.0003, weighted_loss: 0.0015, label: 0, bag_size: 1119
batch 159, loss: 0.3821, instance_loss: 0.0002, weighted_loss: 0.2676, label: 1, bag_size: 1409
batch 179, loss: 0.0279, instance_loss: 0.0329, weighted_loss: 0.0294, label: 1, bag_size: 152
batch 199, loss: 0.2476, instance_loss: 0.0030, weighted_loss: 0.1743, label: 1, bag_size: 363
batch 219, loss: 0.8082, instance_loss: 0.0000, weighted_loss: 0.5657, label: 0, bag_size: 1099
batch 239, loss: 0.1240, instance_loss: 0.0068, weighted_loss: 0.0889, label: 1, bag_size: 363
batch 259, loss: 0.0001, instance_loss: 0.0000, weighted_loss: 0.0001, label: 0, bag_size: 1063
batch 279, loss: 0.0305, instance_loss: 0.0051, weighted_loss: 0.0229, label: 0, bag_size: 356
batch 299, loss: 0.0404, instance_loss: 0.0000, weighted_loss: 0.0283, label: 0, bag_size: 1226
batch 319, loss: 0.2508, instance_loss: 0.0000, weighted_loss: 0.1755, label: 0, bag_size: 1159
batch 339, loss: 0.0186, instance_loss: 0.0019, weighted_loss: 0.0136, label: 0, bag_size: 506
batch 359, loss: 0.0225, instance_loss: 0.0174, weighted_loss: 0.0210, label: 1, bag_size: 378
batch 379, loss: 0.0051, instance_loss: 0.0284, weighted_loss: 0.0121, label: 1, bag_size: 162
batch 399, loss: 0.0090, instance_loss: 0.0000, weighted_loss: 0.0063, label: 1, bag_size: 1372
batch 419, loss: 0.0909, instance_loss: 0.0462, weighted_loss: 0.0775, label: 1, bag_size: 580
batch 439, loss: 0.0308, instance_loss: 0.0006, weighted_loss: 0.0218, label: 1, bag_size: 1409
batch 459, loss: 0.1580, instance_loss: 0.0000, weighted_loss: 0.1106, label: 1, bag_size: 943
batch 479, loss: 0.0194, instance_loss: 0.0000, weighted_loss: 0.0136, label: 1, bag_size: 1359
batch 499, loss: 0.9593, instance_loss: 0.0975, weighted_loss: 0.7008, label: 0, bag_size: 288
batch 519, loss: 0.0410, instance_loss: 0.0003, weighted_loss: 0.0288, label: 1, bag_size: 1437
batch 539, loss: 0.2142, instance_loss: 0.0127, weighted_loss: 0.1537, label: 0, bag_size: 210
batch 559, loss: 0.0421, instance_loss: 0.0000, weighted_loss: 0.0295, label: 1, bag_size: 912
batch 579, loss: 0.0464, instance_loss: 0.0003, weighted_loss: 0.0326, label: 1, bag_size: 943
batch 599, loss: 0.1021, instance_loss: 0.0017, weighted_loss: 0.0720, label: 0, bag_size: 876
batch 619, loss: 0.3672, instance_loss: 0.0122, weighted_loss: 0.2607, label: 1, bag_size: 531
batch 639, loss: 0.0038, instance_loss: 0.0359, weighted_loss: 0.0134, label: 1, bag_size: 152
batch 659, loss: 0.0076, instance_loss: 0.0078, weighted_loss: 0.0076, label: 0, bag_size: 210
batch 679, loss: 0.0002, instance_loss: 0.0010, weighted_loss: 0.0005, label: 0, bag_size: 243
batch 699, loss: 0.0018, instance_loss: 0.0026, weighted_loss: 0.0021, label: 1, bag_size: 227


class 0 clustering acc 0.991642958748222: correct 5577/5624
class 1 clustering acc 0.9829302987197724: correct 5528/5624
Epoch: 3, train_loss: 0.1504, train_clustering_loss:  0.0613, train_error: 0.0583
class 0: acc 0.9279538904899135, correct 322/347
class 1: acc 0.9550561797752809, correct 340/356

Val Set, val_loss: 0.4263, val_error: 0.1032, auc: 0.5940
class 0 clustering acc 1.0: correct 1240/1240
class 1 clustering acc 0.9798387096774194: correct 1215/1240
class 0: acc 0.9261744966442953, correct 138/149
class 1: acc 0.16666666666666666, correct 1/6
EarlyStopping counter: 2 out of 20


batch 19, loss: 0.1564, instance_loss: 0.0447, weighted_loss: 0.1229, label: 1, bag_size: 531
batch 39, loss: 0.0292, instance_loss: 0.0122, weighted_loss: 0.0241, label: 0, bag_size: 226
batch 59, loss: 0.0957, instance_loss: 0.0135, weighted_loss: 0.0711, label: 1, bag_size: 531
batch 79, loss: 0.0243, instance_loss: 0.0000, weighted_loss: 0.0170, label: 1, bag_size: 919
batch 99, loss: 0.0008, instance_loss: 0.0212, weighted_loss: 0.0070, label: 1, bag_size: 160
batch 119, loss: 0.0001, instance_loss: 0.0011, weighted_loss: 0.0004, label: 0, bag_size: 1023
batch 139, loss: 0.0437, instance_loss: 0.0005, weighted_loss: 0.0307, label: 1, bag_size: 903
batch 159, loss: 0.0021, instance_loss: 0.0921, weighted_loss: 0.0291, label: 1, bag_size: 190
batch 179, loss: 0.0001, instance_loss: 0.0016, weighted_loss: 0.0005, label: 0, bag_size: 350
batch 199, loss: 0.0065, instance_loss: 0.0062, weighted_loss: 0.0064, label: 1, bag_size: 102
batch 219, loss: 0.0066, instance_loss: 0.0000, weighted_loss: 0.0046, label: 1, bag_size: 1437
batch 239, loss: 0.0029, instance_loss: 0.0000, weighted_loss: 0.0020, label: 1, bag_size: 1372
batch 259, loss: 0.0020, instance_loss: 0.0011, weighted_loss: 0.0017, label: 0, bag_size: 724
batch 279, loss: 0.0006, instance_loss: 0.0205, weighted_loss: 0.0066, label: 0, bag_size: 484
batch 299, loss: 0.0041, instance_loss: 0.0054, weighted_loss: 0.0045, label: 0, bag_size: 666
batch 319, loss: 0.0522, instance_loss: 0.0038, weighted_loss: 0.0377, label: 1, bag_size: 531
batch 339, loss: 0.0001, instance_loss: 0.0003, weighted_loss: 0.0002, label: 0, bag_size: 1036
batch 359, loss: 1.7954, instance_loss: 0.0000, weighted_loss: 1.2568, label: 1, bag_size: 1082
batch 379, loss: 0.3840, instance_loss: 0.0002, weighted_loss: 0.2689, label: 0, bag_size: 1104
batch 399, loss: 0.0147, instance_loss: 0.0000, weighted_loss: 0.0103, label: 1, bag_size: 363
batch 419, loss: 0.0100, instance_loss: 0.0066, weighted_loss: 0.0090, label: 1, bag_size: 152
batch 439, loss: 0.0005, instance_loss: 0.0510, weighted_loss: 0.0156, label: 0, bag_size: 430
batch 459, loss: 0.0059, instance_loss: 0.0000, weighted_loss: 0.0041, label: 1, bag_size: 1034
batch 479, loss: 0.0687, instance_loss: 0.0000, weighted_loss: 0.0481, label: 1, bag_size: 1034
batch 499, loss: 0.2367, instance_loss: 0.0003, weighted_loss: 0.1658, label: 1, bag_size: 1002
batch 519, loss: 0.0021, instance_loss: 0.0000, weighted_loss: 0.0015, label: 0, bag_size: 1135
batch 539, loss: 0.0197, instance_loss: 0.0019, weighted_loss: 0.0144, label: 0, bag_size: 646
batch 559, loss: 0.0009, instance_loss: 0.0007, weighted_loss: 0.0008, label: 0, bag_size: 129
batch 579, loss: 0.0009, instance_loss: 0.0606, weighted_loss: 0.0188, label: 0, bag_size: 178
batch 599, loss: 0.3696, instance_loss: 0.0005, weighted_loss: 0.2589, label: 0, bag_size: 1334
batch 619, loss: 0.0087, instance_loss: 0.0065, weighted_loss: 0.0081, label: 0, bag_size: 176
batch 639, loss: 0.0016, instance_loss: 0.0818, weighted_loss: 0.0257, label: 1, bag_size: 190
batch 659, loss: 0.0379, instance_loss: 0.0000, weighted_loss: 0.0265, label: 1, bag_size: 943
batch 679, loss: 0.0002, instance_loss: 0.0006, weighted_loss: 0.0003, label: 0, bag_size: 410
batch 699, loss: 0.0056, instance_loss: 0.0205, weighted_loss: 0.0101, label: 1, bag_size: 102


class 0 clustering acc 0.9964425471362505: correct 5602/5622
class 1 clustering acc 0.9900391319815013: correct 5566/5622
Epoch: 4, train_loss: 0.0989, train_clustering_loss:  0.0405, train_error: 0.0341
class 0: acc 0.9554317548746518, correct 343/359
class 1: acc 0.9767441860465116, correct 336/344

Val Set, val_loss: 0.4314, val_error: 0.1032, auc: 0.6197
class 0 clustering acc 1.0: correct 1240/1240
class 1 clustering acc 0.9967741935483871: correct 1236/1240
class 0: acc 0.9261744966442953, correct 138/149
class 1: acc 0.16666666666666666, correct 1/6
EarlyStopping counter: 3 out of 20


batch 19, loss: 0.0003, instance_loss: 0.0356, weighted_loss: 0.0109, label: 0, bag_size: 485
batch 39, loss: 0.0354, instance_loss: 0.0000, weighted_loss: 0.0248, label: 1, bag_size: 1136
batch 59, loss: 0.0028, instance_loss: 0.2120, weighted_loss: 0.0655, label: 0, bag_size: 538
batch 79, loss: 0.0000, instance_loss: 0.0008, weighted_loss: 0.0003, label: 0, bag_size: 352
batch 99, loss: 0.0001, instance_loss: 0.0373, weighted_loss: 0.0113, label: 0, bag_size: 104
batch 119, loss: 0.0000, instance_loss: 0.0013, weighted_loss: 0.0004, label: 0, bag_size: 549
batch 139, loss: 0.0000, instance_loss: 0.0092, weighted_loss: 0.0028, label: 0, bag_size: 280
batch 159, loss: 0.0001, instance_loss: 0.0019, weighted_loss: 0.0006, label: 0, bag_size: 250
batch 179, loss: 0.0149, instance_loss: 0.0006, weighted_loss: 0.0106, label: 0, bag_size: 780
batch 199, loss: 0.0000, instance_loss: 0.0011, weighted_loss: 0.0003, label: 0, bag_size: 308
batch 219, loss: 0.0000, instance_loss: 0.0027, weighted_loss: 0.0008, label: 0, bag_size: 314
batch 239, loss: 0.9911, instance_loss: 0.0007, weighted_loss: 0.6940, label: 0, bag_size: 1265
batch 259, loss: 0.0000, instance_loss: 0.0002, weighted_loss: 0.0001, label: 0, bag_size: 968
batch 279, loss: 0.0304, instance_loss: 0.0000, weighted_loss: 0.0213, label: 1, bag_size: 1136
batch 299, loss: 0.0034, instance_loss: 0.0011, weighted_loss: 0.0027, label: 0, bag_size: 188
batch 319, loss: 0.0001, instance_loss: 0.0008, weighted_loss: 0.0003, label: 0, bag_size: 675
batch 339, loss: 0.0087, instance_loss: 0.0021, weighted_loss: 0.0067, label: 1, bag_size: 379
batch 359, loss: 0.2103, instance_loss: 0.0000, weighted_loss: 0.1472, label: 1, bag_size: 1016
batch 379, loss: 0.0134, instance_loss: 0.0000, weighted_loss: 0.0094, label: 1, bag_size: 1002
batch 399, loss: 0.0240, instance_loss: 0.0447, weighted_loss: 0.0302, label: 1, bag_size: 376
batch 419, loss: 0.0154, instance_loss: 0.0018, weighted_loss: 0.0113, label: 0, bag_size: 734
batch 439, loss: 0.0147, instance_loss: 0.0000, weighted_loss: 0.0103, label: 1, bag_size: 1016
batch 459, loss: 0.0000, instance_loss: 0.0043, weighted_loss: 0.0013, label: 0, bag_size: 706
batch 479, loss: 0.0035, instance_loss: 0.0008, weighted_loss: 0.0027, label: 0, bag_size: 158
batch 499, loss: 0.0005, instance_loss: 0.0503, weighted_loss: 0.0155, label: 0, bag_size: 98
batch 519, loss: 0.0195, instance_loss: 0.0088, weighted_loss: 0.0163, label: 0, bag_size: 442
batch 539, loss: 0.0327, instance_loss: 0.0000, weighted_loss: 0.0229, label: 1, bag_size: 845
batch 559, loss: 0.0007, instance_loss: 0.0042, weighted_loss: 0.0017, label: 0, bag_size: 249
batch 579, loss: 0.0315, instance_loss: 0.1001, weighted_loss: 0.0521, label: 0, bag_size: 80
batch 599, loss: 0.0023, instance_loss: 0.0017, weighted_loss: 0.0021, label: 1, bag_size: 121
batch 619, loss: 0.1255, instance_loss: 0.0092, weighted_loss: 0.0906, label: 0, bag_size: 418
batch 639, loss: 0.0137, instance_loss: 2.2001, weighted_loss: 0.6696, label: 0, bag_size: 298
batch 659, loss: 0.0001, instance_loss: 0.0043, weighted_loss: 0.0014, label: 0, bag_size: 778
batch 679, loss: 0.0051, instance_loss: 0.0066, weighted_loss: 0.0055, label: 1, bag_size: 102
batch 699, loss: 0.0078, instance_loss: 0.0000, weighted_loss: 0.0055, label: 1, bag_size: 646


class 0 clustering acc 0.9969761650658129: correct 5605/5622
class 1 clustering acc 0.9927072216293135: correct 5581/5622
Epoch: 5, train_loss: 0.0716, train_clustering_loss:  0.0341, train_error: 0.0284
class 0: acc 0.9618528610354223, correct 353/367
class 1: acc 0.9821428571428571, correct 330/336

Val Set, val_loss: 0.3286, val_error: 0.0710, auc: 0.6723
class 0 clustering acc 0.9991935483870967: correct 1239/1240
class 1 clustering acc 1.0: correct 1240/1240
class 0: acc 0.959731543624161, correct 143/149
class 1: acc 0.16666666666666666, correct 1/6
Validation loss decreased (0.370462 --> 0.328566).  Saving model ...


batch 19, loss: 0.0006, instance_loss: 0.0389, weighted_loss: 0.0121, label: 1, bag_size: 580
batch 39, loss: 0.0022, instance_loss: 0.0387, weighted_loss: 0.0132, label: 1, bag_size: 152
batch 59, loss: 0.0041, instance_loss: 0.0022, weighted_loss: 0.0035, label: 1, bag_size: 531
batch 79, loss: 0.0060, instance_loss: 0.0002, weighted_loss: 0.0043, label: 1, bag_size: 1372
batch 99, loss: 0.0238, instance_loss: 0.0005, weighted_loss: 0.0168, label: 1, bag_size: 1034
batch 119, loss: 2.8819, instance_loss: 0.0000, weighted_loss: 2.0173, label: 0, bag_size: 973
batch 139, loss: 0.0003, instance_loss: 0.1243, weighted_loss: 0.0375, label: 0, bag_size: 64
batch 159, loss: 0.0155, instance_loss: 0.0024, weighted_loss: 0.0116, label: 0, bag_size: 734
batch 179, loss: 0.0071, instance_loss: 0.0047, weighted_loss: 0.0064, label: 0, bag_size: 218
batch 199, loss: 0.0012, instance_loss: 0.0609, weighted_loss: 0.0191, label: 0, bag_size: 190
batch 219, loss: 0.3480, instance_loss: 0.0121, weighted_loss: 0.2473, label: 1, bag_size: 162
batch 239, loss: 0.0797, instance_loss: 0.0529, weighted_loss: 0.0716, label: 0, bag_size: 627
batch 259, loss: 0.0000, instance_loss: 0.0496, weighted_loss: 0.0149, label: 0, bag_size: 365
batch 279, loss: 0.0011, instance_loss: 0.0036, weighted_loss: 0.0018, label: 1, bag_size: 189
batch 299, loss: 0.0000, instance_loss: 0.0462, weighted_loss: 0.0139, label: 0, bag_size: 288
batch 319, loss: 0.0191, instance_loss: 0.0005, weighted_loss: 0.0135, label: 1, bag_size: 227
batch 339, loss: 0.0016, instance_loss: 0.0009, weighted_loss: 0.0014, label: 1, bag_size: 641
batch 359, loss: 0.0063, instance_loss: 0.0247, weighted_loss: 0.0118, label: 0, bag_size: 226
batch 379, loss: 0.0011, instance_loss: 0.0192, weighted_loss: 0.0065, label: 0, bag_size: 433
batch 399, loss: 0.0003, instance_loss: 0.0018, weighted_loss: 0.0007, label: 1, bag_size: 531
batch 419, loss: 0.0070, instance_loss: 0.0037, weighted_loss: 0.0060, label: 1, bag_size: 132
batch 439, loss: 0.0591, instance_loss: 0.0000, weighted_loss: 0.0414, label: 1, bag_size: 1002
batch 459, loss: 0.0039, instance_loss: 0.0004, weighted_loss: 0.0028, label: 1, bag_size: 132
batch 479, loss: 0.1008, instance_loss: 0.0000, weighted_loss: 0.0705, label: 0, bag_size: 1196
batch 499, loss: 0.0007, instance_loss: 0.0094, weighted_loss: 0.0033, label: 1, bag_size: 163
batch 519, loss: 0.0016, instance_loss: 0.0552, weighted_loss: 0.0176, label: 0, bag_size: 57
batch 539, loss: 0.0005, instance_loss: 0.0000, weighted_loss: 0.0004, label: 1, bag_size: 1074
batch 559, loss: 0.0138, instance_loss: 0.0000, weighted_loss: 0.0097, label: 1, bag_size: 1502
batch 579, loss: 0.0521, instance_loss: 0.0000, weighted_loss: 0.0365, label: 1, bag_size: 1082
batch 599, loss: 0.0005, instance_loss: 0.0002, weighted_loss: 0.0004, label: 0, bag_size: 780
batch 619, loss: 4.9281, instance_loss: 0.4775, weighted_loss: 3.5929, label: 0, bag_size: 99
batch 639, loss: 0.0120, instance_loss: 0.0013, weighted_loss: 0.0088, label: 1, bag_size: 580
batch 659, loss: 0.0065, instance_loss: 0.0035, weighted_loss: 0.0056, label: 1, bag_size: 152
batch 679, loss: 0.0000, instance_loss: 0.0000, weighted_loss: 0.0000, label: 0, bag_size: 1263
batch 699, loss: 0.0005, instance_loss: 0.0724, weighted_loss: 0.0221, label: 1, bag_size: 167


class 0 clustering acc 0.9980434009249377: correct 5611/5622
class 1 clustering acc 0.9919957310565635: correct 5577/5622
Epoch: 6, train_loss: 0.1027, train_clustering_loss:  0.0321, train_error: 0.0284
class 0: acc 0.9659090909090909, correct 340/352
class 1: acc 0.9772079772079773, correct 343/351

Val Set, val_loss: 0.4750, val_error: 0.1290, auc: 0.6230
class 0 clustering acc 1.0: correct 1240/1240
class 1 clustering acc 0.9903225806451613: correct 1228/1240
class 0: acc 0.8926174496644296, correct 133/149
class 1: acc 0.3333333333333333, correct 2/6
EarlyStopping counter: 1 out of 20


batch 19, loss: 0.0007, instance_loss: 0.0015, weighted_loss: 0.0010, label: 0, bag_size: 211
batch 39, loss: 0.0037, instance_loss: 0.0005, weighted_loss: 0.0027, label: 1, bag_size: 1074
batch 59, loss: 0.0004, instance_loss: 0.0002, weighted_loss: 0.0003, label: 1, bag_size: 356
batch 79, loss: 0.0009, instance_loss: 0.0009, weighted_loss: 0.0009, label: 1, bag_size: 227
batch 99, loss: 1.0045, instance_loss: 0.1250, weighted_loss: 0.7406, label: 0, bag_size: 1595
batch 119, loss: 0.1202, instance_loss: 0.0004, weighted_loss: 0.0843, label: 1, bag_size: 1372
batch 139, loss: 0.0242, instance_loss: 0.0000, weighted_loss: 0.0169, label: 1, bag_size: 1260
batch 159, loss: 0.0023, instance_loss: 0.0051, weighted_loss: 0.0031, label: 1, bag_size: 162
batch 179, loss: 0.0166, instance_loss: 0.0011, weighted_loss: 0.0120, label: 0, bag_size: 234
batch 199, loss: 0.0000, instance_loss: 0.0024, weighted_loss: 0.0008, label: 0, bag_size: 815
batch 219, loss: 0.0002, instance_loss: 0.0191, weighted_loss: 0.0059, label: 0, bag_size: 370
batch 239, loss: 0.0056, instance_loss: 0.0024, weighted_loss: 0.0047, label: 1, bag_size: 1437
batch 259, loss: 0.0018, instance_loss: 0.0004, weighted_loss: 0.0014, label: 1, bag_size: 580
batch 279, loss: 0.0030, instance_loss: 0.0278, weighted_loss: 0.0104, label: 1, bag_size: 163
batch 299, loss: 0.0012, instance_loss: 0.0034, weighted_loss: 0.0019, label: 0, bag_size: 71
batch 319, loss: 0.0000, instance_loss: 0.0056, weighted_loss: 0.0017, label: 0, bag_size: 851
batch 339, loss: 0.0078, instance_loss: 0.0006, weighted_loss: 0.0057, label: 1, bag_size: 1002
batch 359, loss: 0.0005, instance_loss: 0.0012, weighted_loss: 0.0007, label: 1, bag_size: 227
batch 379, loss: 0.0001, instance_loss: 0.0032, weighted_loss: 0.0010, label: 0, bag_size: 133
batch 399, loss: 0.0016, instance_loss: 0.0018, weighted_loss: 0.0016, label: 0, bag_size: 253
batch 419, loss: 0.0066, instance_loss: 0.0000, weighted_loss: 0.0046, label: 1, bag_size: 163
batch 439, loss: 0.0014, instance_loss: 0.0082, weighted_loss: 0.0034, label: 0, bag_size: 395
batch 459, loss: 0.0020, instance_loss: 0.0031, weighted_loss: 0.0023, label: 0, bag_size: 1322
batch 479, loss: 0.0001, instance_loss: 0.0005, weighted_loss: 0.0002, label: 0, bag_size: 619
batch 499, loss: 0.0238, instance_loss: 0.9990, weighted_loss: 0.3164, label: 0, bag_size: 191
batch 519, loss: 0.0005, instance_loss: 0.0077, weighted_loss: 0.0027, label: 0, bag_size: 1246
batch 539, loss: 0.0013, instance_loss: 0.0120, weighted_loss: 0.0045, label: 0, bag_size: 170
batch 559, loss: 0.0025, instance_loss: 0.0124, weighted_loss: 0.0054, label: 1, bag_size: 1359
batch 579, loss: 0.0009, instance_loss: 0.0124, weighted_loss: 0.0043, label: 1, bag_size: 162
batch 599, loss: 0.0012, instance_loss: 0.0036, weighted_loss: 0.0020, label: 0, bag_size: 347
batch 619, loss: 0.0045, instance_loss: 0.0018, weighted_loss: 0.0037, label: 1, bag_size: 178
batch 639, loss: 0.0000, instance_loss: 0.0014, weighted_loss: 0.0004, label: 0, bag_size: 706
batch 659, loss: 0.0001, instance_loss: 0.0003, weighted_loss: 0.0001, label: 0, bag_size: 1335
batch 679, loss: 0.0000, instance_loss: 0.0039, weighted_loss: 0.0012, label: 0, bag_size: 187
batch 699, loss: 0.0014, instance_loss: 0.0313, weighted_loss: 0.0104, label: 1, bag_size: 376


class 0 clustering acc 0.9971520113919544: correct 5602/5618
class 1 clustering acc 0.9905660377358491: correct 5565/5618
Epoch: 7, train_loss: 0.0345, train_clustering_loss:  0.0347, train_error: 0.0085
class 0: acc 0.9874213836477987, correct 314/318
class 1: acc 0.9948051948051948, correct 383/385

Val Set, val_loss: 0.4861, val_error: 0.1226, auc: 0.6890
class 0 clustering acc 1.0: correct 1240/1240
class 1 clustering acc 0.9935483870967742: correct 1232/1240
class 0: acc 0.9060402684563759, correct 135/149
class 1: acc 0.16666666666666666, correct 1/6
EarlyStopping counter: 2 out of 20


batch 19, loss: 0.0000, instance_loss: 0.0080, weighted_loss: 0.0024, label: 0, bag_size: 179
batch 39, loss: 0.0069, instance_loss: 0.0019, weighted_loss: 0.0054, label: 1, bag_size: 1437
batch 59, loss: 0.0000, instance_loss: 0.1230, weighted_loss: 0.0369, label: 0, bag_size: 91
batch 79, loss: 0.0000, instance_loss: 0.0025, weighted_loss: 0.0008, label: 0, bag_size: 571
batch 99, loss: 0.0007, instance_loss: 0.0017, weighted_loss: 0.0010, label: 0, bag_size: 117
batch 119, loss: 0.0000, instance_loss: 0.0024, weighted_loss: 0.0007, label: 0, bag_size: 1004
batch 139, loss: 0.0000, instance_loss: 0.0020, weighted_loss: 0.0006, label: 0, bag_size: 114
batch 159, loss: 0.0000, instance_loss: 0.1216, weighted_loss: 0.0365, label: 0, bag_size: 255
batch 179, loss: 0.0072, instance_loss: 0.0435, weighted_loss: 0.0181, label: 0, bag_size: 121
batch 199, loss: 0.0001, instance_loss: 0.0000, weighted_loss: 0.0001, label: 0, bag_size: 341
batch 219, loss: 0.0100, instance_loss: 0.0224, weighted_loss: 0.0137, label: 0, bag_size: 792
batch 239, loss: 0.0050, instance_loss: 0.0008, weighted_loss: 0.0037, label: 0, bag_size: 298
batch 259, loss: 0.0004, instance_loss: 0.0020, weighted_loss: 0.0008, label: 1, bag_size: 167
batch 279, loss: 0.0015, instance_loss: 0.0000, weighted_loss: 0.0011, label: 1, bag_size: 646
batch 299, loss: 0.0757, instance_loss: 0.0323, weighted_loss: 0.0627, label: 0, bag_size: 320
batch 319, loss: 0.0001, instance_loss: 0.0004, weighted_loss: 0.0002, label: 0, bag_size: 349
batch 339, loss: 0.0821, instance_loss: 0.0127, weighted_loss: 0.0613, label: 1, bag_size: 1400
batch 359, loss: 0.0021, instance_loss: 0.0003, weighted_loss: 0.0016, label: 1, bag_size: 227
batch 379, loss: 0.0143, instance_loss: 0.0000, weighted_loss: 0.0100, label: 1, bag_size: 903
batch 399, loss: 0.0014, instance_loss: 0.0003, weighted_loss: 0.0010, label: 1, bag_size: 1136
batch 419, loss: 0.0005, instance_loss: 0.0018, weighted_loss: 0.0009, label: 1, bag_size: 132
batch 439, loss: 0.0007, instance_loss: 0.0020, weighted_loss: 0.0011, label: 1, bag_size: 160
batch 459, loss: 0.0000, instance_loss: 0.0000, weighted_loss: 0.0000, label: 0, bag_size: 485
batch 479, loss: 0.0000, instance_loss: 0.0000, weighted_loss: 0.0000, label: 0, bag_size: 840
batch 499, loss: 0.0000, instance_loss: 0.0041, weighted_loss: 0.0012, label: 0, bag_size: 65
batch 519, loss: 0.0000, instance_loss: 0.0553, weighted_loss: 0.0166, label: 0, bag_size: 737
batch 539, loss: 0.0015, instance_loss: 0.0281, weighted_loss: 0.0095, label: 0, bag_size: 200
batch 559, loss: 0.0000, instance_loss: 0.0565, weighted_loss: 0.0170, label: 0, bag_size: 138
batch 579, loss: 0.0001, instance_loss: 0.0021, weighted_loss: 0.0007, label: 1, bag_size: 152
batch 599, loss: 0.0001, instance_loss: 0.0528, weighted_loss: 0.0159, label: 1, bag_size: 167
batch 619, loss: 0.0024, instance_loss: 0.0000, weighted_loss: 0.0017, label: 1, bag_size: 1082
batch 639, loss: 0.0001, instance_loss: 0.0010, weighted_loss: 0.0003, label: 0, bag_size: 228
batch 659, loss: 0.0000, instance_loss: 0.0004, weighted_loss: 0.0001, label: 0, bag_size: 815
batch 679, loss: 0.0000, instance_loss: 1.4848, weighted_loss: 0.4454, label: 0, bag_size: 74
batch 699, loss: 0.0001, instance_loss: 0.0015, weighted_loss: 0.0005, label: 1, bag_size: 167


class 0 clustering acc 0.9976884779516358: correct 5611/5624
class 1 clustering acc 0.9923541963015647: correct 5581/5624
Epoch: 8, train_loss: 0.0186, train_clustering_loss:  0.0287, train_error: 0.0028
class 0: acc 0.9943502824858758, correct 352/354
class 1: acc 1.0, correct 349/349

Val Set, val_loss: 0.5020, val_error: 0.0968, auc: 0.6767
class 0 clustering acc 1.0: correct 1240/1240
class 1 clustering acc 0.9983870967741936: correct 1238/1240
class 0: acc 0.9328859060402684, correct 139/149
class 1: acc 0.16666666666666666, correct 1/6
EarlyStopping counter: 3 out of 20


batch 19, loss: 0.0000, instance_loss: 0.0027, weighted_loss: 0.0008, label: 0, bag_size: 425
batch 39, loss: 0.0002, instance_loss: 0.0000, weighted_loss: 0.0002, label: 0, bag_size: 670
batch 59, loss: 0.0001, instance_loss: 0.0154, weighted_loss: 0.0047, label: 0, bag_size: 616
batch 79, loss: 0.4412, instance_loss: 0.0008, weighted_loss: 0.3091, label: 1, bag_size: 1034
batch 99, loss: 0.0000, instance_loss: 0.0000, weighted_loss: 0.0000, label: 1, bag_size: 1260
batch 119, loss: 0.0000, instance_loss: 0.0006, weighted_loss: 0.0002, label: 0, bag_size: 1122
batch 139, loss: 0.0000, instance_loss: 0.0000, weighted_loss: 0.0000, label: 0, bag_size: 1502
batch 159, loss: 0.0687, instance_loss: 0.0013, weighted_loss: 0.0485, label: 1, bag_size: 845
batch 179, loss: 0.3608, instance_loss: 0.0004, weighted_loss: 0.2527, label: 1, bag_size: 1034
batch 199, loss: 0.0053, instance_loss: 0.0043, weighted_loss: 0.0050, label: 1, bag_size: 1400
batch 219, loss: 0.0558, instance_loss: 0.0022, weighted_loss: 0.0397, label: 0, bag_size: 894
batch 239, loss: 0.0219, instance_loss: 0.0015, weighted_loss: 0.0158, label: 1, bag_size: 1016
batch 259, loss: 0.0001, instance_loss: 0.0038, weighted_loss: 0.0012, label: 0, bag_size: 249
batch 279, loss: 0.0024, instance_loss: 0.0016, weighted_loss: 0.0022, label: 1, bag_size: 227
batch 299, loss: 0.3195, instance_loss: 0.0004, weighted_loss: 0.2238, label: 0, bag_size: 1259
batch 319, loss: 0.0003, instance_loss: 0.0013, weighted_loss: 0.0006, label: 1, bag_size: 1359
batch 339, loss: 0.0567, instance_loss: 0.0013, weighted_loss: 0.0401, label: 1, bag_size: 178
batch 359, loss: 0.0017, instance_loss: 0.0004, weighted_loss: 0.0013, label: 1, bag_size: 641
batch 379, loss: 0.0004, instance_loss: 0.0512, weighted_loss: 0.0156, label: 0, bag_size: 123
batch 399, loss: 0.0003, instance_loss: 0.0000, weighted_loss: 0.0002, label: 0, bag_size: 159
batch 419, loss: 0.0013, instance_loss: 0.0000, weighted_loss: 0.0009, label: 1, bag_size: 363
batch 439, loss: 0.0006, instance_loss: 0.0675, weighted_loss: 0.0207, label: 0, bag_size: 1080
batch 459, loss: 0.0010, instance_loss: 0.0000, weighted_loss: 0.0007, label: 1, bag_size: 227
batch 479, loss: 0.0036, instance_loss: 0.0034, weighted_loss: 0.0036, label: 1, bag_size: 641
batch 499, loss: 0.0006, instance_loss: 0.0000, weighted_loss: 0.0004, label: 1, bag_size: 227
batch 519, loss: 0.0323, instance_loss: 0.0000, weighted_loss: 0.0226, label: 0, bag_size: 1279
batch 539, loss: 0.0033, instance_loss: 0.0539, weighted_loss: 0.0184, label: 0, bag_size: 213
batch 559, loss: 0.1191, instance_loss: 0.0000, weighted_loss: 0.0834, label: 1, bag_size: 1002
batch 579, loss: 0.0006, instance_loss: 0.0004, weighted_loss: 0.0006, label: 1, bag_size: 160
batch 599, loss: 0.0067, instance_loss: 0.0012, weighted_loss: 0.0050, label: 1, bag_size: 1359
batch 619, loss: 0.0033, instance_loss: 0.0825, weighted_loss: 0.0270, label: 0, bag_size: 78
batch 639, loss: 0.0078, instance_loss: 0.0116, weighted_loss: 0.0089, label: 1, bag_size: 162
batch 659, loss: 0.0054, instance_loss: 0.0193, weighted_loss: 0.0095, label: 1, bag_size: 167
batch 679, loss: 0.0062, instance_loss: 0.0000, weighted_loss: 0.0043, label: 0, bag_size: 842
batch 699, loss: 0.0076, instance_loss: 0.0032, weighted_loss: 0.0063, label: 0, bag_size: 1033


class 0 clustering acc 0.9973328591749644: correct 5609/5624
class 1 clustering acc 0.9925320056899004: correct 5582/5624
Epoch: 9, train_loss: 0.1023, train_clustering_loss:  0.0299, train_error: 0.0256
class 0: acc 0.9642857142857143, correct 324/336
class 1: acc 0.9836512261580381, correct 361/367

Val Set, val_loss: 0.4055, val_error: 0.1161, auc: 0.6846
class 0 clustering acc 1.0: correct 1240/1240
class 1 clustering acc 0.9991935483870967: correct 1239/1240
class 0: acc 0.9060402684563759, correct 135/149
class 1: acc 0.3333333333333333, correct 2/6
EarlyStopping counter: 4 out of 20


batch 19, loss: 0.0013, instance_loss: 0.0000, weighted_loss: 0.0009, label: 1, bag_size: 580
batch 39, loss: 0.0670, instance_loss: 0.0000, weighted_loss: 0.0469, label: 1, bag_size: 1136
batch 59, loss: 0.0052, instance_loss: 0.0004, weighted_loss: 0.0038, label: 1, bag_size: 646
batch 79, loss: 0.0001, instance_loss: 0.0010, weighted_loss: 0.0003, label: 0, bag_size: 220
batch 99, loss: 0.0020, instance_loss: 0.0000, weighted_loss: 0.0014, label: 0, bag_size: 501
batch 119, loss: 0.0155, instance_loss: 0.0000, weighted_loss: 0.0108, label: 1, bag_size: 845
batch 139, loss: 0.0005, instance_loss: 0.1099, weighted_loss: 0.0333, label: 0, bag_size: 2484
batch 159, loss: 0.0000, instance_loss: 0.0011, weighted_loss: 0.0004, label: 0, bag_size: 560
batch 179, loss: 0.0008, instance_loss: 0.0089, weighted_loss: 0.0032, label: 0, bag_size: 616
batch 199, loss: 0.0003, instance_loss: 0.0000, weighted_loss: 0.0002, label: 0, bag_size: 251
batch 219, loss: 0.0001, instance_loss: 0.0276, weighted_loss: 0.0083, label: 0, bag_size: 72
batch 239, loss: 0.0000, instance_loss: 0.0598, weighted_loss: 0.0180, label: 0, bag_size: 264
batch 259, loss: 0.0047, instance_loss: 0.0008, weighted_loss: 0.0035, label: 1, bag_size: 163
batch 279, loss: 0.0004, instance_loss: 0.0000, weighted_loss: 0.0003, label: 0, bag_size: 1607
batch 299, loss: 0.0001, instance_loss: 0.0048, weighted_loss: 0.0015, label: 0, bag_size: 120
batch 319, loss: 0.0001, instance_loss: 0.0435, weighted_loss: 0.0131, label: 0, bag_size: 3553
batch 339, loss: 0.0000, instance_loss: 0.0000, weighted_loss: 0.0000, label: 0, bag_size: 432
batch 359, loss: 0.0084, instance_loss: 0.0780, weighted_loss: 0.0293, label: 1, bag_size: 50
batch 379, loss: 0.0001, instance_loss: 0.0153, weighted_loss: 0.0046, label: 0, bag_size: 307
batch 399, loss: 0.0013, instance_loss: 0.0062, weighted_loss: 0.0027, label: 0, bag_size: 158
batch 419, loss: 0.0043, instance_loss: 0.0007, weighted_loss: 0.0032, label: 0, bag_size: 241
batch 439, loss: 0.0007, instance_loss: 0.0013, weighted_loss: 0.0009, label: 1, bag_size: 1074
batch 459, loss: 0.0003, instance_loss: 0.0055, weighted_loss: 0.0019, label: 1, bag_size: 167
batch 479, loss: 0.0063, instance_loss: 0.0021, weighted_loss: 0.0050, label: 1, bag_size: 189
batch 499, loss: 0.0000, instance_loss: 0.0002, weighted_loss: 0.0001, label: 0, bag_size: 453
batch 519, loss: 0.0037, instance_loss: 0.0014, weighted_loss: 0.0030, label: 1, bag_size: 845
batch 539, loss: 0.3811, instance_loss: 0.0003, weighted_loss: 0.2669, label: 1, bag_size: 1010
batch 559, loss: 0.0006, instance_loss: 0.0038, weighted_loss: 0.0016, label: 1, bag_size: 379
batch 579, loss: 0.0000, instance_loss: 0.0000, weighted_loss: 0.0000, label: 0, bag_size: 157
batch 599, loss: 0.0008, instance_loss: 0.0000, weighted_loss: 0.0005, label: 0, bag_size: 629
batch 619, loss: 0.0008, instance_loss: 0.0011, weighted_loss: 0.0009, label: 0, bag_size: 213
batch 639, loss: 0.0022, instance_loss: 0.0044, weighted_loss: 0.0029, label: 0, bag_size: 251
batch 659, loss: 0.0001, instance_loss: 0.0130, weighted_loss: 0.0040, label: 0, bag_size: 180
batch 679, loss: 0.0013, instance_loss: 0.0025, weighted_loss: 0.0017, label: 1, bag_size: 170
batch 699, loss: 0.0001, instance_loss: 0.0074, weighted_loss: 0.0023, label: 0, bag_size: 188


class 0 clustering acc 0.997864768683274: correct 5608/5620
class 1 clustering acc 0.9934163701067615: correct 5583/5620
Epoch: 10, train_loss: 0.0293, train_clustering_loss:  0.0243, train_error: 0.0100
class 0: acc 0.9830985915492958, correct 349/355
class 1: acc 0.9971264367816092, correct 347/348

Val Set, val_loss: 0.3755, val_error: 0.0903, auc: 0.6488
class 0 clustering acc 1.0: correct 1240/1240
class 1 clustering acc 0.9983870967741936: correct 1238/1240
class 0: acc 0.9395973154362416, correct 140/149
class 1: acc 0.16666666666666666, correct 1/6
EarlyStopping counter: 5 out of 20


batch 19, loss: 0.0000, instance_loss: 0.0049, weighted_loss: 0.0015, label: 0, bag_size: 314
batch 39, loss: 0.0013, instance_loss: 0.0020, weighted_loss: 0.0016, label: 1, bag_size: 1359
batch 59, loss: 0.0007, instance_loss: 0.0002, weighted_loss: 0.0005, label: 1, bag_size: 943
batch 79, loss: 0.0000, instance_loss: 0.0005, weighted_loss: 0.0002, label: 0, bag_size: 418
batch 99, loss: 0.0000, instance_loss: 0.0002, weighted_loss: 0.0001, label: 1, bag_size: 227
batch 119, loss: 0.0004, instance_loss: 0.0457, weighted_loss: 0.0140, label: 0, bag_size: 646
batch 139, loss: 0.0000, instance_loss: 0.0002, weighted_loss: 0.0001, label: 1, bag_size: 227
batch 159, loss: 0.0023, instance_loss: 0.0015, weighted_loss: 0.0021, label: 1, bag_size: 379
batch 179, loss: 0.0110, instance_loss: 0.0000, weighted_loss: 0.0077, label: 1, bag_size: 912
batch 199, loss: 0.0054, instance_loss: 0.0002, weighted_loss: 0.0039, label: 1, bag_size: 943
batch 219, loss: 0.0039, instance_loss: 0.0010, weighted_loss: 0.0030, label: 0, bag_size: 1150
batch 239, loss: 0.0000, instance_loss: 0.0000, weighted_loss: 0.0000, label: 0, bag_size: 1049
batch 259, loss: 0.0000, instance_loss: 0.0016, weighted_loss: 0.0005, label: 0, bag_size: 1263
batch 279, loss: 0.0018, instance_loss: 0.0054, weighted_loss: 0.0029, label: 0, bag_size: 203
batch 299, loss: 0.0002, instance_loss: 0.0000, weighted_loss: 0.0002, label: 1, bag_size: 646
batch 319, loss: 0.0000, instance_loss: 0.0014, weighted_loss: 0.0004, label: 0, bag_size: 396
batch 339, loss: 0.0032, instance_loss: 0.0035, weighted_loss: 0.0033, label: 0, bag_size: 273
batch 359, loss: 0.0931, instance_loss: 0.0018, weighted_loss: 0.0657, label: 0, bag_size: 640
batch 379, loss: 0.0010, instance_loss: 0.0000, weighted_loss: 0.0007, label: 1, bag_size: 163
batch 399, loss: 0.0006, instance_loss: 0.0114, weighted_loss: 0.0039, label: 1, bag_size: 162
batch 419, loss: 0.0014, instance_loss: 0.0000, weighted_loss: 0.0010, label: 1, bag_size: 363
batch 439, loss: 0.0098, instance_loss: 0.0396, weighted_loss: 0.0187, label: 0, bag_size: 198
batch 459, loss: 0.0030, instance_loss: 0.0815, weighted_loss: 0.0266, label: 0, bag_size: 61
batch 479, loss: 0.0000, instance_loss: 0.0000, weighted_loss: 0.0000, label: 1, bag_size: 227
batch 499, loss: 0.0002, instance_loss: 0.0000, weighted_loss: 0.0001, label: 1, bag_size: 580
batch 519, loss: 0.0008, instance_loss: 1.7337, weighted_loss: 0.5207, label: 0, bag_size: 123
batch 539, loss: 0.0000, instance_loss: 0.0016, weighted_loss: 0.0005, label: 1, bag_size: 227
batch 559, loss: 0.0002, instance_loss: 0.0006, weighted_loss: 0.0003, label: 1, bag_size: 912
batch 579, loss: 0.0028, instance_loss: 0.0019, weighted_loss: 0.0026, label: 0, bag_size: 967
batch 599, loss: 0.0141, instance_loss: 0.0000, weighted_loss: 0.0099, label: 1, bag_size: 1082
batch 619, loss: 0.0001, instance_loss: 0.0000, weighted_loss: 0.0000, label: 0, bag_size: 616
batch 639, loss: 0.0260, instance_loss: 0.0008, weighted_loss: 0.0184, label: 0, bag_size: 724
batch 659, loss: 0.0000, instance_loss: 0.0012, weighted_loss: 0.0004, label: 1, bag_size: 178
batch 679, loss: 0.0000, instance_loss: 0.0011, weighted_loss: 0.0003, label: 0, bag_size: 1078
batch 699, loss: 0.0021, instance_loss: 0.0050, weighted_loss: 0.0030, label: 1, bag_size: 162


class 0 clustering acc 0.998221906116643: correct 5614/5624
class 1 clustering acc 0.9919985775248933: correct 5579/5624
Epoch: 11, train_loss: 0.0390, train_clustering_loss:  0.0288, train_error: 0.0156
class 0: acc 0.9831932773109243, correct 351/357
class 1: acc 0.9855491329479769, correct 341/346

Val Set, val_loss: 0.3484, val_error: 0.0903, auc: 0.6868
class 0 clustering acc 1.0: correct 1240/1240
class 1 clustering acc 1.0: correct 1240/1240
class 0: acc 0.9463087248322147, correct 141/149
class 1: acc 0.0, correct 0/6
EarlyStopping counter: 6 out of 20


batch 19, loss: 0.0003, instance_loss: 0.0102, weighted_loss: 0.0032, label: 1, bag_size: 162
batch 39, loss: 0.0008, instance_loss: 0.0689, weighted_loss: 0.0212, label: 1, bag_size: 167
batch 59, loss: 0.0000, instance_loss: 0.0000, weighted_loss: 0.0000, label: 0, bag_size: 1020
batch 79, loss: 0.0054, instance_loss: 0.0798, weighted_loss: 0.0277, label: 1, bag_size: 226
batch 99, loss: 0.0005, instance_loss: 0.0015, weighted_loss: 0.0008, label: 0, bag_size: 267
batch 119, loss: 0.0000, instance_loss: 0.0000, weighted_loss: 0.0000, label: 0, bag_size: 851
batch 139, loss: 0.0000, instance_loss: 0.0005, weighted_loss: 0.0002, label: 1, bag_size: 1082
batch 159, loss: 0.0000, instance_loss: 0.9895, weighted_loss: 0.2968, label: 0, bag_size: 383
batch 179, loss: 0.0000, instance_loss: 0.0000, weighted_loss: 0.0000, label: 0, bag_size: 198
batch 199, loss: 0.0040, instance_loss: 0.0000, weighted_loss: 0.0028, label: 1, bag_size: 1502
batch 219, loss: 0.0009, instance_loss: 0.0005, weighted_loss: 0.0008, label: 1, bag_size: 379
batch 239, loss: 0.1873, instance_loss: 0.0010, weighted_loss: 0.1314, label: 1, bag_size: 170
batch 259, loss: 0.0011, instance_loss: 0.0349, weighted_loss: 0.0112, label: 0, bag_size: 283
batch 279, loss: 0.0007, instance_loss: 0.0004, weighted_loss: 0.0006, label: 1, bag_size: 379
batch 299, loss: 0.0012, instance_loss: 0.0015, weighted_loss: 0.0013, label: 0, bag_size: 616
batch 319, loss: 0.0001, instance_loss: 0.0000, weighted_loss: 0.0001, label: 1, bag_size: 1260
batch 339, loss: 0.0200, instance_loss: 0.0026, weighted_loss: 0.0148, label: 0, bag_size: 442
batch 359, loss: 0.0011, instance_loss: 0.0018, weighted_loss: 0.0014, label: 0, bag_size: 227
batch 379, loss: 0.0001, instance_loss: 0.0946, weighted_loss: 0.0285, label: 1, bag_size: 226
batch 399, loss: 0.0002, instance_loss: 0.0014, weighted_loss: 0.0005, label: 1, bag_size: 152
batch 419, loss: 0.0068, instance_loss: 0.0074, weighted_loss: 0.0070, label: 1, bag_size: 376
batch 439, loss: 0.0115, instance_loss: 0.0000, weighted_loss: 0.0081, label: 1, bag_size: 919
batch 459, loss: 0.0019, instance_loss: 0.0005, weighted_loss: 0.0015, label: 1, bag_size: 376
batch 479, loss: 0.0204, instance_loss: 0.0015, weighted_loss: 0.0147, label: 1, bag_size: 189
batch 499, loss: 0.0015, instance_loss: 0.0004, weighted_loss: 0.0012, label: 0, bag_size: 1061
batch 519, loss: 0.0002, instance_loss: 0.0851, weighted_loss: 0.0257, label: 1, bag_size: 226
batch 539, loss: 0.0033, instance_loss: 0.0096, weighted_loss: 0.0052, label: 1, bag_size: 152
batch 559, loss: 0.0037, instance_loss: 1.5230, weighted_loss: 0.4595, label: 0, bag_size: 72
batch 579, loss: 0.0000, instance_loss: 0.0046, weighted_loss: 0.0014, label: 1, bag_size: 580
batch 599, loss: 0.0070, instance_loss: 0.0007, weighted_loss: 0.0051, label: 1, bag_size: 1437
batch 619, loss: 0.0000, instance_loss: 0.0123, weighted_loss: 0.0037, label: 1, bag_size: 641
batch 639, loss: 0.0130, instance_loss: 0.0006, weighted_loss: 0.0093, label: 1, bag_size: 1437
batch 659, loss: 0.0000, instance_loss: 0.0000, weighted_loss: 0.0000, label: 0, bag_size: 300
batch 679, loss: 0.1284, instance_loss: 0.0000, weighted_loss: 0.0899, label: 1, bag_size: 1010
batch 699, loss: 0.0008, instance_loss: 0.0085, weighted_loss: 0.0031, label: 1, bag_size: 163


class 0 clustering acc 0.9987553342816501: correct 5617/5624
class 1 clustering acc 0.9959103840682788: correct 5601/5624
Epoch: 12, train_loss: 0.0816, train_clustering_loss:  0.0184, train_error: 0.0228
class 0: acc 0.9725609756097561, correct 319/328
class 1: acc 0.9813333333333333, correct 368/375

Val Set, val_loss: 0.4372, val_error: 0.1032, auc: 0.5481
class 0 clustering acc 1.0: correct 1240/1240
class 1 clustering acc 0.992741935483871: correct 1231/1240
class 0: acc 0.9328859060402684, correct 139/149
class 1: acc 0.0, correct 0/6
EarlyStopping counter: 7 out of 20


batch 19, loss: 0.0039, instance_loss: 0.0014, weighted_loss: 0.0031, label: 1, bag_size: 378
batch 39, loss: 0.2733, instance_loss: 0.0040, weighted_loss: 0.1925, label: 0, bag_size: 330
batch 59, loss: 0.0004, instance_loss: 0.0054, weighted_loss: 0.0019, label: 0, bag_size: 340
batch 79, loss: 0.0007, instance_loss: 0.0006, weighted_loss: 0.0007, label: 0, bag_size: 798
batch 99, loss: 0.0018, instance_loss: 0.0018, weighted_loss: 0.0018, label: 1, bag_size: 152
batch 119, loss: 0.0065, instance_loss: 0.0002, weighted_loss: 0.0046, label: 1, bag_size: 1502
batch 139, loss: 0.0000, instance_loss: 0.0284, weighted_loss: 0.0085, label: 0, bag_size: 387
batch 159, loss: 0.0048, instance_loss: 0.0000, weighted_loss: 0.0033, label: 0, bag_size: 1342
batch 179, loss: 0.0040, instance_loss: 0.0000, weighted_loss: 0.0028, label: 1, bag_size: 912
batch 199, loss: 0.0007, instance_loss: 0.0258, weighted_loss: 0.0082, label: 0, bag_size: 420
batch 219, loss: 0.0001, instance_loss: 0.0015, weighted_loss: 0.0005, label: 1, bag_size: 356
batch 239, loss: 0.0001, instance_loss: 0.0005, weighted_loss: 0.0002, label: 0, bag_size: 495
batch 259, loss: 0.4078, instance_loss: 0.1005, weighted_loss: 0.3156, label: 0, bag_size: 109
batch 279, loss: 0.0033, instance_loss: 0.0000, weighted_loss: 0.0023, label: 1, bag_size: 845
batch 299, loss: 0.0051, instance_loss: 0.0000, weighted_loss: 0.0036, label: 1, bag_size: 162
batch 319, loss: 0.0036, instance_loss: 0.0000, weighted_loss: 0.0025, label: 1, bag_size: 1502
batch 339, loss: 0.0395, instance_loss: 0.0003, weighted_loss: 0.0278, label: 1, bag_size: 903
batch 359, loss: 0.0000, instance_loss: 0.0004, weighted_loss: 0.0001, label: 1, bag_size: 227
batch 379, loss: 0.0027, instance_loss: 0.0012, weighted_loss: 0.0022, label: 1, bag_size: 1502
batch 399, loss: 0.0000, instance_loss: 0.0030, weighted_loss: 0.0009, label: 0, bag_size: 989
batch 419, loss: 0.0001, instance_loss: 0.0003, weighted_loss: 0.0002, label: 0, bag_size: 821
batch 439, loss: 0.0000, instance_loss: 0.0028, weighted_loss: 0.0008, label: 0, bag_size: 138
batch 459, loss: 0.0000, instance_loss: 0.0268, weighted_loss: 0.0080, label: 0, bag_size: 109
batch 479, loss: 0.0000, instance_loss: 0.0000, weighted_loss: 0.0000, label: 0, bag_size: 737
batch 499, loss: 0.0023, instance_loss: 0.0003, weighted_loss: 0.0017, label: 1, bag_size: 363
batch 519, loss: 0.0016, instance_loss: 0.0040, weighted_loss: 0.0023, label: 1, bag_size: 132
batch 539, loss: 0.0002, instance_loss: 0.0024, weighted_loss: 0.0008, label: 1, bag_size: 178
batch 559, loss: 0.0001, instance_loss: 0.0000, weighted_loss: 0.0001, label: 0, bag_size: 527
batch 579, loss: 0.0000, instance_loss: 0.0026, weighted_loss: 0.0008, label: 0, bag_size: 463
batch 599, loss: 0.0000, instance_loss: 0.0029, weighted_loss: 0.0009, label: 0, bag_size: 416
batch 619, loss: 0.0005, instance_loss: 0.0088, weighted_loss: 0.0030, label: 0, bag_size: 356
batch 639, loss: 0.0000, instance_loss: 0.0000, weighted_loss: 0.0000, label: 0, bag_size: 1026
batch 659, loss: 0.0000, instance_loss: 0.0003, weighted_loss: 0.0001, label: 0, bag_size: 574
batch 679, loss: 0.0000, instance_loss: 0.0000, weighted_loss: 0.0000, label: 0, bag_size: 637
batch 699, loss: 0.0000, instance_loss: 0.0000, weighted_loss: 0.0000, label: 0, bag_size: 220


class 0 clustering acc 0.9998221906116643: correct 5623/5624
class 1 clustering acc 0.9960881934566145: correct 5602/5624
Epoch: 13, train_loss: 0.0290, train_clustering_loss:  0.0139, train_error: 0.0114
class 0: acc 0.9859943977591037, correct 352/357
class 1: acc 0.9913294797687862, correct 343/346

Val Set, val_loss: 0.3686, val_error: 0.0903, auc: 0.6946
class 0 clustering acc 1.0: correct 1240/1240
class 1 clustering acc 1.0: correct 1240/1240
class 0: acc 0.9395973154362416, correct 140/149
class 1: acc 0.16666666666666666, correct 1/6
EarlyStopping counter: 8 out of 20


batch 19, loss: 0.0000, instance_loss: 0.0039, weighted_loss: 0.0012, label: 0, bag_size: 262
batch 39, loss: 0.0002, instance_loss: 0.0000, weighted_loss: 0.0002, label: 0, bag_size: 1005
batch 59, loss: 0.0021, instance_loss: 0.0000, weighted_loss: 0.0015, label: 1, bag_size: 378
batch 79, loss: 0.0000, instance_loss: 0.0026, weighted_loss: 0.0008, label: 0, bag_size: 637
batch 99, loss: 0.0000, instance_loss: 0.0003, weighted_loss: 0.0001, label: 0, bag_size: 616
batch 119, loss: 0.0001, instance_loss: 0.0000, weighted_loss: 0.0001, label: 1, bag_size: 132
batch 139, loss: 0.0000, instance_loss: 0.0032, weighted_loss: 0.0010, label: 0, bag_size: 133
batch 159, loss: 0.0000, instance_loss: 0.0000, weighted_loss: 0.0000, label: 0, bag_size: 1092
batch 179, loss: 0.0011, instance_loss: 0.0018, weighted_loss: 0.0013, label: 1, bag_size: 646
batch 199, loss: 0.0069, instance_loss: 0.0000, weighted_loss: 0.0048, label: 1, bag_size: 1136
batch 219, loss: 0.0002, instance_loss: 0.0008, weighted_loss: 0.0004, label: 1, bag_size: 121
batch 239, loss: 0.0001, instance_loss: 0.0000, weighted_loss: 0.0001, label: 1, bag_size: 178
batch 259, loss: 0.0000, instance_loss: 0.0003, weighted_loss: 0.0001, label: 1, bag_size: 160
batch 279, loss: 0.0001, instance_loss: 0.0000, weighted_loss: 0.0001, label: 1, bag_size: 160
batch 299, loss: 0.0002, instance_loss: 0.0012, weighted_loss: 0.0005, label: 0, bag_size: 224
batch 319, loss: 0.0009, instance_loss: 0.0540, weighted_loss: 0.0168, label: 1, bag_size: 50
batch 339, loss: 0.0153, instance_loss: 0.0015, weighted_loss: 0.0112, label: 1, bag_size: 121
batch 359, loss: 0.0000, instance_loss: 0.0142, weighted_loss: 0.0043, label: 0, bag_size: 629
batch 379, loss: 0.0013, instance_loss: 0.0003, weighted_loss: 0.0010, label: 0, bag_size: 1342
batch 399, loss: 0.0044, instance_loss: 0.0000, weighted_loss: 0.0031, label: 1, bag_size: 378
batch 419, loss: 0.0000, instance_loss: 0.0035, weighted_loss: 0.0010, label: 0, bag_size: 198
batch 439, loss: 0.0008, instance_loss: 0.0006, weighted_loss: 0.0007, label: 0, bag_size: 306
batch 459, loss: 0.0000, instance_loss: 0.0020, weighted_loss: 0.0006, label: 0, bag_size: 348
batch 479, loss: 0.0000, instance_loss: 0.0006, weighted_loss: 0.0002, label: 0, bag_size: 203
batch 499, loss: 0.0000, instance_loss: 0.0002, weighted_loss: 0.0001, label: 0, bag_size: 1163
batch 519, loss: 0.0000, instance_loss: 0.0010, weighted_loss: 0.0003, label: 0, bag_size: 539
batch 539, loss: 0.0000, instance_loss: 0.0005, weighted_loss: 0.0001, label: 0, bag_size: 1063
batch 559, loss: 0.0014, instance_loss: 0.0014, weighted_loss: 0.0014, label: 1, bag_size: 376
batch 579, loss: 0.0001, instance_loss: 0.0020, weighted_loss: 0.0007, label: 1, bag_size: 167
batch 599, loss: 0.0001, instance_loss: 0.0002, weighted_loss: 0.0001, label: 1, bag_size: 160
batch 619, loss: 0.0011, instance_loss: 0.0002, weighted_loss: 0.0008, label: 0, bag_size: 704
batch 639, loss: 0.0003, instance_loss: 0.0000, weighted_loss: 0.0002, label: 1, bag_size: 1016
batch 659, loss: 0.0001, instance_loss: 0.0020, weighted_loss: 0.0007, label: 1, bag_size: 919
batch 679, loss: 0.0003, instance_loss: 0.0007, weighted_loss: 0.0004, label: 1, bag_size: 363
batch 699, loss: 0.0004, instance_loss: 0.0002, weighted_loss: 0.0004, label: 1, bag_size: 363


class 0 clustering acc 0.9971540377090004: correct 5606/5622
class 1 clustering acc 0.9951974386339381: correct 5595/5622
Epoch: 14, train_loss: 0.0094, train_clustering_loss:  0.0237, train_error: 0.0043
class 0: acc 0.9941520467836257, correct 340/342
class 1: acc 0.997229916897507, correct 360/361

Val Set, val_loss: 0.4354, val_error: 0.0774, auc: 0.6767
class 0 clustering acc 1.0: correct 1240/1240
class 1 clustering acc 1.0: correct 1240/1240
class 0: acc 0.9530201342281879, correct 142/149
class 1: acc 0.16666666666666666, correct 1/6
EarlyStopping counter: 9 out of 20


batch 19, loss: 0.0013, instance_loss: 0.0098, weighted_loss: 0.0039, label: 0, bag_size: 291
batch 39, loss: 0.0026, instance_loss: 0.0179, weighted_loss: 0.0072, label: 0, bag_size: 627
batch 59, loss: 0.0002, instance_loss: 0.0003, weighted_loss: 0.0003, label: 0, bag_size: 614
batch 79, loss: 0.0002, instance_loss: 0.0028, weighted_loss: 0.0010, label: 1, bag_size: 226
batch 99, loss: 0.0000, instance_loss: 0.0089, weighted_loss: 0.0027, label: 0, bag_size: 78
batch 119, loss: 0.0001, instance_loss: 0.0000, weighted_loss: 0.0001, label: 1, bag_size: 1074
batch 139, loss: 0.0000, instance_loss: 0.0000, weighted_loss: 0.0000, label: 1, bag_size: 1260
batch 159, loss: 0.0000, instance_loss: 0.0021, weighted_loss: 0.0006, label: 0, bag_size: 255
batch 179, loss: 0.0000, instance_loss: 0.0002, weighted_loss: 0.0001, label: 0, bag_size: 412
batch 199, loss: 0.0001, instance_loss: 0.0007, weighted_loss: 0.0003, label: 1, bag_size: 162
batch 219, loss: 0.0000, instance_loss: 0.0798, weighted_loss: 0.0240, label: 0, bag_size: 206
batch 239, loss: 0.0000, instance_loss: 0.0548, weighted_loss: 0.0164, label: 0, bag_size: 227
batch 259, loss: 0.0005, instance_loss: 0.0012, weighted_loss: 0.0007, label: 1, bag_size: 102
batch 279, loss: 0.0001, instance_loss: 0.0000, weighted_loss: 0.0000, label: 1, bag_size: 580
batch 299, loss: 0.0007, instance_loss: 0.0075, weighted_loss: 0.0027, label: 1, bag_size: 50
batch 319, loss: 0.0001, instance_loss: 0.0398, weighted_loss: 0.0120, label: 0, bag_size: 203
batch 339, loss: 0.0001, instance_loss: 0.0000, weighted_loss: 0.0001, label: 1, bag_size: 363
batch 359, loss: 0.0011, instance_loss: 0.0012, weighted_loss: 0.0011, label: 0, bag_size: 143
batch 379, loss: 0.0000, instance_loss: 0.0006, weighted_loss: 0.0002, label: 1, bag_size: 1074
batch 399, loss: 0.0023, instance_loss: 0.0000, weighted_loss: 0.0016, label: 0, bag_size: 320
batch 419, loss: 0.0008, instance_loss: 0.0049, weighted_loss: 0.0020, label: 0, bag_size: 190
batch 439, loss: 0.0000, instance_loss: 0.0000, weighted_loss: 0.0000, label: 1, bag_size: 170
batch 459, loss: 0.0005, instance_loss: 0.0429, weighted_loss: 0.0132, label: 0, bag_size: 263
batch 479, loss: 0.0112, instance_loss: 0.0000, weighted_loss: 0.0079, label: 0, bag_size: 136
batch 499, loss: 0.0000, instance_loss: 0.0000, weighted_loss: 0.0000, label: 0, bag_size: 1065
batch 519, loss: 0.0008, instance_loss: 0.0005, weighted_loss: 0.0007, label: 1, bag_size: 1136
batch 539, loss: 0.0020, instance_loss: 0.0000, weighted_loss: 0.0014, label: 1, bag_size: 845
batch 559, loss: 0.0051, instance_loss: 0.0000, weighted_loss: 0.0036, label: 1, bag_size: 845
batch 579, loss: 0.0000, instance_loss: 0.0000, weighted_loss: 0.0000, label: 0, bag_size: 434
batch 599, loss: 0.4595, instance_loss: 0.0058, weighted_loss: 0.3234, label: 0, bag_size: 602
batch 619, loss: 0.0256, instance_loss: 0.0000, weighted_loss: 0.0179, label: 1, bag_size: 1409
batch 639, loss: 0.0000, instance_loss: 0.0113, weighted_loss: 0.0034, label: 0, bag_size: 501
batch 659, loss: 0.0000, instance_loss: 0.0010, weighted_loss: 0.0003, label: 1, bag_size: 170
batch 679, loss: 0.0002, instance_loss: 0.0034, weighted_loss: 0.0012, label: 0, bag_size: 158
batch 699, loss: 0.0003, instance_loss: 0.0059, weighted_loss: 0.0020, label: 0, bag_size: 249


class 0 clustering acc 0.9987553342816501: correct 5617/5624
class 1 clustering acc 0.996977240398293: correct 5607/5624
Epoch: 15, train_loss: 0.0399, train_clustering_loss:  0.0131, train_error: 0.0100
class 0: acc 0.9912023460410557, correct 338/341
class 1: acc 0.988950276243094, correct 358/362

Val Set, val_loss: 0.4463, val_error: 0.0710, auc: 0.7617
class 0 clustering acc 0.9983870967741936: correct 1238/1240
class 1 clustering acc 1.0: correct 1240/1240
class 0: acc 0.9530201342281879, correct 142/149
class 1: acc 0.3333333333333333, correct 2/6
EarlyStopping counter: 10 out of 20


batch 19, loss: 0.0000, instance_loss: 0.0000, weighted_loss: 0.0000, label: 0, bag_size: 227
batch 39, loss: 0.0000, instance_loss: 0.0000, weighted_loss: 0.0000, label: 1, bag_size: 1502
batch 59, loss: 0.0024, instance_loss: 0.0000, weighted_loss: 0.0017, label: 1, bag_size: 1002
batch 79, loss: 0.0009, instance_loss: 0.0006, weighted_loss: 0.0008, label: 1, bag_size: 1437
batch 99, loss: 0.0000, instance_loss: 0.0472, weighted_loss: 0.0142, label: 0, bag_size: 109
batch 119, loss: 0.0206, instance_loss: 0.0002, weighted_loss: 0.0145, label: 1, bag_size: 919
batch 139, loss: 0.5714, instance_loss: 0.0007, weighted_loss: 0.4002, label: 0, bag_size: 213
batch 159, loss: 0.0005, instance_loss: 0.0206, weighted_loss: 0.0065, label: 1, bag_size: 102
batch 179, loss: 0.0036, instance_loss: 0.0000, weighted_loss: 0.0025, label: 1, bag_size: 163
batch 199, loss: 0.0017, instance_loss: 0.0000, weighted_loss: 0.0012, label: 1, bag_size: 531
batch 219, loss: 0.0114, instance_loss: 0.0000, weighted_loss: 0.0080, label: 1, bag_size: 531
batch 239, loss: 0.0005, instance_loss: 0.0021, weighted_loss: 0.0010, label: 0, bag_size: 283
batch 259, loss: 0.0031, instance_loss: 0.0011, weighted_loss: 0.0025, label: 1, bag_size: 912
batch 279, loss: 0.0000, instance_loss: 0.0016, weighted_loss: 0.0005, label: 0, bag_size: 1122
batch 299, loss: 0.0151, instance_loss: 0.0000, weighted_loss: 0.0106, label: 1, bag_size: 646
batch 319, loss: 0.0000, instance_loss: 0.0061, weighted_loss: 0.0018, label: 0, bag_size: 176
batch 339, loss: 0.0000, instance_loss: 0.0062, weighted_loss: 0.0018, label: 0, bag_size: 255
batch 359, loss: 0.0000, instance_loss: 0.0128, weighted_loss: 0.0038, label: 0, bag_size: 126
batch 379, loss: 0.0006, instance_loss: 0.0000, weighted_loss: 0.0004, label: 1, bag_size: 1260
batch 399, loss: 0.0000, instance_loss: 0.0000, weighted_loss: 0.0000, label: 1, bag_size: 903
batch 419, loss: 0.0000, instance_loss: 0.0012, weighted_loss: 0.0004, label: 0, bag_size: 281
batch 439, loss: 0.0000, instance_loss: 0.0000, weighted_loss: 0.0000, label: 0, bag_size: 549
batch 459, loss: 0.0007, instance_loss: 0.0000, weighted_loss: 0.0005, label: 1, bag_size: 379
batch 479, loss: 0.0003, instance_loss: 0.0527, weighted_loss: 0.0160, label: 1, bag_size: 50
batch 499, loss: 0.4638, instance_loss: 0.0011, weighted_loss: 0.3250, label: 1, bag_size: 152
batch 519, loss: 0.0015, instance_loss: 0.0069, weighted_loss: 0.0031, label: 0, bag_size: 71
batch 539, loss: 0.0005, instance_loss: 0.0407, weighted_loss: 0.0125, label: 1, bag_size: 226
batch 559, loss: 0.0011, instance_loss: 0.0117, weighted_loss: 0.0042, label: 0, bag_size: 1342
batch 579, loss: 0.0000, instance_loss: 0.0083, weighted_loss: 0.0025, label: 0, bag_size: 122
batch 599, loss: 0.0170, instance_loss: 0.0002, weighted_loss: 0.0120, label: 1, bag_size: 121
batch 619, loss: 0.0094, instance_loss: 0.0101, weighted_loss: 0.0096, label: 0, bag_size: 386
batch 639, loss: 0.0003, instance_loss: 0.0007, weighted_loss: 0.0004, label: 0, bag_size: 226
batch 659, loss: 0.0000, instance_loss: 0.0000, weighted_loss: 0.0000, label: 1, bag_size: 903
batch 679, loss: 0.0020, instance_loss: 0.0000, weighted_loss: 0.0014, label: 1, bag_size: 376
batch 699, loss: 0.0017, instance_loss: 0.0002, weighted_loss: 0.0012, label: 1, bag_size: 132


class 0 clustering acc 0.9976868327402135: correct 5607/5620
class 1 clustering acc 0.9955516014234875: correct 5595/5620
Epoch: 16, train_loss: 0.0196, train_clustering_loss:  0.0167, train_error: 0.0057
class 0: acc 0.9943342776203966, correct 351/353
class 1: acc 0.9942857142857143, correct 348/350

Val Set, val_loss: 0.5344, val_error: 0.0839, auc: 0.6767
class 0 clustering acc 1.0: correct 1240/1240
class 1 clustering acc 1.0: correct 1240/1240
class 0: acc 0.9463087248322147, correct 141/149
class 1: acc 0.16666666666666666, correct 1/6
EarlyStopping counter: 11 out of 20


batch 19, loss: 0.0000, instance_loss: 0.0063, weighted_loss: 0.0019, label: 0, bag_size: 416
batch 39, loss: 0.0005, instance_loss: 0.0000, weighted_loss: 0.0003, label: 1, bag_size: 170
batch 59, loss: 0.0000, instance_loss: 0.0000, weighted_loss: 0.0000, label: 0, bag_size: 237
batch 79, loss: 0.0000, instance_loss: 0.0039, weighted_loss: 0.0012, label: 0, bag_size: 75
batch 99, loss: 0.0000, instance_loss: 0.0000, weighted_loss: 0.0000, label: 0, bag_size: 1168
batch 119, loss: 0.0000, instance_loss: 0.0000, weighted_loss: 0.0000, label: 1, bag_size: 641
batch 139, loss: 0.0001, instance_loss: 0.0076, weighted_loss: 0.0023, label: 0, bag_size: 220
batch 159, loss: 0.0000, instance_loss: 0.0028, weighted_loss: 0.0008, label: 0, bag_size: 312
batch 179, loss: 0.0039, instance_loss: 0.0728, weighted_loss: 0.0246, label: 1, bag_size: 50
batch 199, loss: 0.0003, instance_loss: 0.0000, weighted_loss: 0.0002, label: 1, bag_size: 227
batch 219, loss: 0.0001, instance_loss: 0.0015, weighted_loss: 0.0005, label: 1, bag_size: 1502
batch 239, loss: 0.0000, instance_loss: 0.0000, weighted_loss: 0.0000, label: 1, bag_size: 1260
batch 259, loss: 0.0000, instance_loss: 0.0002, weighted_loss: 0.0001, label: 0, bag_size: 243
batch 279, loss: 0.0006, instance_loss: 0.0156, weighted_loss: 0.0051, label: 0, bag_size: 509
batch 299, loss: 0.0000, instance_loss: 0.0014, weighted_loss: 0.0004, label: 0, bag_size: 546
batch 319, loss: 0.0000, instance_loss: 0.0033, weighted_loss: 0.0010, label: 0, bag_size: 214
batch 339, loss: 0.0006, instance_loss: 0.0004, weighted_loss: 0.0005, label: 1, bag_size: 376
batch 359, loss: 0.0023, instance_loss: 0.0022, weighted_loss: 0.0023, label: 1, bag_size: 1136
batch 379, loss: 0.0002, instance_loss: 0.0007, weighted_loss: 0.0003, label: 0, bag_size: 1125
batch 399, loss: 0.0001, instance_loss: 0.0013, weighted_loss: 0.0004, label: 1, bag_size: 152
batch 419, loss: 0.0001, instance_loss: 0.0007, weighted_loss: 0.0003, label: 1, bag_size: 152
batch 439, loss: 0.0008, instance_loss: 0.0354, weighted_loss: 0.0112, label: 0, bag_size: 288
batch 459, loss: 0.0001, instance_loss: 0.0000, weighted_loss: 0.0000, label: 1, bag_size: 160
batch 479, loss: 0.0000, instance_loss: 0.0000, weighted_loss: 0.0000, label: 1, bag_size: 903
batch 499, loss: 0.0005, instance_loss: 0.0030, weighted_loss: 0.0012, label: 0, bag_size: 627
batch 519, loss: 0.0000, instance_loss: 0.0000, weighted_loss: 0.0000, label: 1, bag_size: 1502
batch 539, loss: 0.0000, instance_loss: 0.0004, weighted_loss: 0.0001, label: 0, bag_size: 1102
batch 559, loss: 0.0000, instance_loss: 0.0000, weighted_loss: 0.0000, label: 0, bag_size: 559
batch 579, loss: 0.0008, instance_loss: 0.0002, weighted_loss: 0.0006, label: 1, bag_size: 1359
batch 599, loss: 0.0000, instance_loss: 0.0693, weighted_loss: 0.0208, label: 0, bag_size: 169
batch 619, loss: 0.0001, instance_loss: 0.0006, weighted_loss: 0.0002, label: 0, bag_size: 559
batch 639, loss: 0.0000, instance_loss: 0.0002, weighted_loss: 0.0001, label: 1, bag_size: 160
batch 659, loss: 0.0000, instance_loss: 0.0000, weighted_loss: 0.0000, label: 0, bag_size: 1063
batch 679, loss: 0.0069, instance_loss: 0.0018, weighted_loss: 0.0054, label: 1, bag_size: 376
batch 699, loss: 0.0002, instance_loss: 0.0081, weighted_loss: 0.0025, label: 1, bag_size: 167


class 0 clustering acc 0.9991109530583214: correct 5619/5624
class 1 clustering acc 0.9973328591749644: correct 5609/5624
Epoch: 17, train_loss: 0.0032, train_clustering_loss:  0.0133, train_error: 0.0014
class 0: acc 1.0, correct 358/358
class 1: acc 0.9971014492753624, correct 344/345

Val Set, val_loss: 0.5854, val_error: 0.0968, auc: 0.6298
class 0 clustering acc 1.0: correct 1240/1240
class 1 clustering acc 1.0: correct 1240/1240
class 0: acc 0.9395973154362416, correct 140/149
class 1: acc 0.0, correct 0/6
EarlyStopping counter: 12 out of 20


batch 19, loss: 0.0018, instance_loss: 0.0000, weighted_loss: 0.0013, label: 1, bag_size: 943
batch 39, loss: 0.0128, instance_loss: 1.2721, weighted_loss: 0.3906, label: 0, bag_size: 100
batch 59, loss: 0.0000, instance_loss: 0.0009, weighted_loss: 0.0003, label: 1, bag_size: 376
batch 79, loss: 0.0000, instance_loss: 0.0027, weighted_loss: 0.0008, label: 0, bag_size: 1112
batch 99, loss: 0.0001, instance_loss: 0.0000, weighted_loss: 0.0001, label: 1, bag_size: 1082
batch 119, loss: 0.0000, instance_loss: 0.0000, weighted_loss: 0.0000, label: 1, bag_size: 1082
batch 139, loss: 0.0002, instance_loss: 0.0002, weighted_loss: 0.0002, label: 0, bag_size: 1277
batch 159, loss: 0.0000, instance_loss: 0.0016, weighted_loss: 0.0005, label: 0, bag_size: 663
batch 179, loss: 0.0001, instance_loss: 0.0000, weighted_loss: 0.0000, label: 0, bag_size: 406
batch 199, loss: 0.0000, instance_loss: 0.0000, weighted_loss: 0.0000, label: 0, bag_size: 559
batch 219, loss: 0.0003, instance_loss: 0.0787, weighted_loss: 0.0238, label: 0, bag_size: 1595
batch 239, loss: 1.7253, instance_loss: 0.0085, weighted_loss: 1.2103, label: 0, bag_size: 330
batch 259, loss: 0.0000, instance_loss: 0.0000, weighted_loss: 0.0000, label: 0, bag_size: 220
batch 279, loss: 0.0616, instance_loss: 0.0027, weighted_loss: 0.0439, label: 1, bag_size: 162
batch 299, loss: 0.0010, instance_loss: 0.0007, weighted_loss: 0.0009, label: 1, bag_size: 226
batch 319, loss: 0.0000, instance_loss: 0.0000, weighted_loss: 0.0000, label: 0, bag_size: 922
batch 339, loss: 0.0000, instance_loss: 0.0009, weighted_loss: 0.0003, label: 0, bag_size: 187
batch 359, loss: 0.0061, instance_loss: 0.0000, weighted_loss: 0.0043, label: 1, bag_size: 163
batch 379, loss: 0.0017, instance_loss: 0.0000, weighted_loss: 0.0012, label: 0, bag_size: 669
batch 399, loss: 0.0000, instance_loss: 0.0000, weighted_loss: 0.0000, label: 0, bag_size: 1605
batch 419, loss: 0.0000, instance_loss: 0.0031, weighted_loss: 0.0009, label: 0, bag_size: 374
batch 439, loss: 0.0000, instance_loss: 0.2135, weighted_loss: 0.0641, label: 0, bag_size: 74
batch 459, loss: 0.0000, instance_loss: 0.0000, weighted_loss: 0.0000, label: 0, bag_size: 224
batch 479, loss: 0.0186, instance_loss: 0.0000, weighted_loss: 0.0130, label: 0, bag_size: 842
batch 499, loss: 0.0000, instance_loss: 0.0000, weighted_loss: 0.0000, label: 0, bag_size: 206
batch 519, loss: 0.0000, instance_loss: 0.0729, weighted_loss: 0.0219, label: 0, bag_size: 185
batch 539, loss: 0.0338, instance_loss: 0.0000, weighted_loss: 0.0237, label: 0, bag_size: 914
batch 559, loss: 0.0000, instance_loss: 0.0453, weighted_loss: 0.0136, label: 0, bag_size: 123
batch 579, loss: 0.0000, instance_loss: 0.0002, weighted_loss: 0.0001, label: 0, bag_size: 1074
batch 599, loss: 0.0046, instance_loss: 0.0022, weighted_loss: 0.0039, label: 1, bag_size: 50
batch 619, loss: 0.0000, instance_loss: 0.1276, weighted_loss: 0.0383, label: 0, bag_size: 109
batch 639, loss: 0.0000, instance_loss: 0.0003, weighted_loss: 0.0001, label: 0, bag_size: 308
batch 659, loss: 0.0000, instance_loss: 0.0003, weighted_loss: 0.0001, label: 1, bag_size: 170
batch 679, loss: 0.0001, instance_loss: 0.0022, weighted_loss: 0.0008, label: 0, bag_size: 170
batch 699, loss: 0.0000, instance_loss: 0.0000, weighted_loss: 0.0000, label: 1, bag_size: 163


class 0 clustering acc 0.9973309608540926: correct 5605/5620
class 1 clustering acc 0.9950177935943061: correct 5592/5620
Epoch: 18, train_loss: 0.0534, train_clustering_loss:  0.0200, train_error: 0.0171
class 0: acc 0.9832402234636871, correct 352/358
class 1: acc 0.9826086956521739, correct 339/345

Val Set, val_loss: 1.0577, val_error: 0.2000, auc: 0.6387
class 0 clustering acc 1.0: correct 1240/1240
class 1 clustering acc 1.0: correct 1240/1240
class 0: acc 0.8187919463087249, correct 122/149
class 1: acc 0.3333333333333333, correct 2/6
EarlyStopping counter: 13 out of 20


batch 19, loss: 0.0001, instance_loss: 0.0000, weighted_loss: 0.0001, label: 1, bag_size: 162
batch 39, loss: 0.0001, instance_loss: 0.0000, weighted_loss: 0.0000, label: 0, bag_size: 121
batch 59, loss: 0.0005, instance_loss: 0.0000, weighted_loss: 0.0003, label: 0, bag_size: 1104
batch 79, loss: 0.0001, instance_loss: 0.0043, weighted_loss: 0.0013, label: 0, bag_size: 76
batch 99, loss: 0.0038, instance_loss: 0.0000, weighted_loss: 0.0027, label: 1, bag_size: 1372
batch 119, loss: 0.0013, instance_loss: 0.0007, weighted_loss: 0.0011, label: 1, bag_size: 162
batch 139, loss: 0.0002, instance_loss: 0.0000, weighted_loss: 0.0001, label: 1, bag_size: 152
batch 159, loss: 0.0000, instance_loss: 0.0000, weighted_loss: 0.0000, label: 0, bag_size: 267
batch 179, loss: 1.1491, instance_loss: 0.0010, weighted_loss: 0.8047, label: 0, bag_size: 136
batch 199, loss: 0.0000, instance_loss: 0.0017, weighted_loss: 0.0005, label: 0, bag_size: 146
batch 219, loss: 0.0028, instance_loss: 0.0000, weighted_loss: 0.0019, label: 1, bag_size: 1409
batch 239, loss: 0.0008, instance_loss: 0.0053, weighted_loss: 0.0022, label: 1, bag_size: 50
batch 259, loss: 0.0000, instance_loss: 0.0008, weighted_loss: 0.0003, label: 1, bag_size: 580
batch 279, loss: 0.0002, instance_loss: 0.0000, weighted_loss: 0.0002, label: 1, bag_size: 1082
batch 299, loss: 0.0001, instance_loss: 0.0000, weighted_loss: 0.0001, label: 1, bag_size: 152
batch 319, loss: 0.8215, instance_loss: 0.0262, weighted_loss: 0.5829, label: 0, bag_size: 287
batch 339, loss: 0.0021, instance_loss: 0.0002, weighted_loss: 0.0015, label: 0, bag_size: 939
batch 359, loss: 0.0016, instance_loss: 0.0000, weighted_loss: 0.0011, label: 1, bag_size: 189
batch 379, loss: 0.0000, instance_loss: 0.0002, weighted_loss: 0.0001, label: 0, bag_size: 475
batch 399, loss: 0.0006, instance_loss: 0.0000, weighted_loss: 0.0004, label: 1, bag_size: 167
batch 419, loss: 0.0001, instance_loss: 0.0002, weighted_loss: 0.0001, label: 1, bag_size: 1260
batch 439, loss: 0.0000, instance_loss: 0.0471, weighted_loss: 0.0141, label: 0, bag_size: 395
batch 459, loss: 0.0504, instance_loss: 0.0006, weighted_loss: 0.0355, label: 0, bag_size: 876
batch 479, loss: 0.0220, instance_loss: 0.0003, weighted_loss: 0.0154, label: 0, bag_size: 217
batch 499, loss: 0.0002, instance_loss: 0.0000, weighted_loss: 0.0001, label: 1, bag_size: 190
batch 519, loss: 0.0008, instance_loss: 0.0000, weighted_loss: 0.0005, label: 1, bag_size: 1372
batch 539, loss: 0.0000, instance_loss: 0.0000, weighted_loss: 0.0000, label: 1, bag_size: 531
batch 559, loss: 0.0001, instance_loss: 0.0000, weighted_loss: 0.0001, label: 1, bag_size: 1010
batch 579, loss: 0.0000, instance_loss: 0.0285, weighted_loss: 0.0085, label: 1, bag_size: 160
batch 599, loss: 0.0000, instance_loss: 0.0844, weighted_loss: 0.0253, label: 0, bag_size: 286
batch 619, loss: 0.0003, instance_loss: 0.0000, weighted_loss: 0.0002, label: 1, bag_size: 1502
batch 639, loss: 0.0082, instance_loss: 0.0000, weighted_loss: 0.0058, label: 1, bag_size: 845
batch 659, loss: 0.0008, instance_loss: 0.0000, weighted_loss: 0.0005, label: 1, bag_size: 376
batch 679, loss: 0.0000, instance_loss: 0.0203, weighted_loss: 0.0061, label: 0, bag_size: 227
batch 699, loss: 0.0000, instance_loss: 0.0000, weighted_loss: 0.0000, label: 0, bag_size: 582


class 0 clustering acc 0.9991109530583214: correct 5619/5624
class 1 clustering acc 0.9957325746799431: correct 5600/5624
Epoch: 19, train_loss: 0.0319, train_clustering_loss:  0.0178, train_error: 0.0114
class 0: acc 0.9859550561797753, correct 351/356
class 1: acc 0.9913544668587896, correct 344/347

Val Set, val_loss: 0.5394, val_error: 0.1097, auc: 0.7002
class 0 clustering acc 1.0: correct 1240/1240
class 1 clustering acc 1.0: correct 1240/1240
class 0: acc 0.9194630872483222, correct 137/149
class 1: acc 0.16666666666666666, correct 1/6
EarlyStopping counter: 14 out of 20


batch 19, loss: 0.0000, instance_loss: 0.0000, weighted_loss: 0.0000, label: 1, bag_size: 163
batch 39, loss: 0.0000, instance_loss: 0.0002, weighted_loss: 0.0001, label: 0, bag_size: 198
batch 59, loss: 0.0080, instance_loss: 0.0000, weighted_loss: 0.0056, label: 1, bag_size: 1034
batch 79, loss: 0.0000, instance_loss: 0.0000, weighted_loss: 0.0000, label: 1, bag_size: 356
batch 99, loss: 0.0005, instance_loss: 0.0000, weighted_loss: 0.0004, label: 1, bag_size: 163
batch 119, loss: 0.0001, instance_loss: 0.0000, weighted_loss: 0.0000, label: 1, bag_size: 227
batch 139, loss: 0.0019, instance_loss: 0.0000, weighted_loss: 0.0013, label: 0, bag_size: 1004
batch 159, loss: 0.0000, instance_loss: 0.0008, weighted_loss: 0.0002, label: 0, bag_size: 250
batch 179, loss: 0.0000, instance_loss: 0.0004, weighted_loss: 0.0001, label: 0, bag_size: 1108
batch 199, loss: 0.0001, instance_loss: 0.0000, weighted_loss: 0.0001, label: 1, bag_size: 132
batch 219, loss: 0.0003, instance_loss: 0.0002, weighted_loss: 0.0003, label: 0, bag_size: 1342
batch 239, loss: 0.0000, instance_loss: 0.0011, weighted_loss: 0.0003, label: 0, bag_size: 213
batch 259, loss: 0.0011, instance_loss: 0.0000, weighted_loss: 0.0008, label: 1, bag_size: 1260
batch 279, loss: 0.0002, instance_loss: 0.0000, weighted_loss: 0.0002, label: 0, bag_size: 1084
batch 299, loss: 0.0000, instance_loss: 0.0000, weighted_loss: 0.0000, label: 1, bag_size: 1372
batch 319, loss: 0.0013, instance_loss: 0.0000, weighted_loss: 0.0009, label: 1, bag_size: 903
batch 339, loss: 0.0009, instance_loss: 0.0000, weighted_loss: 0.0006, label: 1, bag_size: 1409
batch 359, loss: 0.0004, instance_loss: 0.0000, weighted_loss: 0.0003, label: 1, bag_size: 378
batch 379, loss: 0.0000, instance_loss: 0.0355, weighted_loss: 0.0106, label: 0, bag_size: 206
batch 399, loss: 0.0000, instance_loss: 0.0028, weighted_loss: 0.0009, label: 0, bag_size: 230
batch 419, loss: 0.0003, instance_loss: 0.0289, weighted_loss: 0.0088, label: 0, bag_size: 129
batch 439, loss: 0.0020, instance_loss: 0.0002, weighted_loss: 0.0015, label: 1, bag_size: 1034
batch 459, loss: 0.0009, instance_loss: 0.0000, weighted_loss: 0.0006, label: 1, bag_size: 163
batch 479, loss: 0.0001, instance_loss: 0.0000, weighted_loss: 0.0000, label: 0, bag_size: 1375
batch 499, loss: 0.0000, instance_loss: 0.0000, weighted_loss: 0.0000, label: 0, bag_size: 551
batch 519, loss: 0.0000, instance_loss: 0.0093, weighted_loss: 0.0028, label: 0, bag_size: 126
batch 539, loss: 0.0175, instance_loss: 0.0000, weighted_loss: 0.0123, label: 1, bag_size: 646
batch 559, loss: 0.0000, instance_loss: 0.0044, weighted_loss: 0.0013, label: 0, bag_size: 402
batch 579, loss: 0.0000, instance_loss: 0.0387, weighted_loss: 0.0116, label: 0, bag_size: 476
batch 599, loss: 0.0000, instance_loss: 0.0004, weighted_loss: 0.0001, label: 0, bag_size: 1057
batch 619, loss: 0.0022, instance_loss: 0.0000, weighted_loss: 0.0016, label: 1, bag_size: 1359
batch 639, loss: 0.0000, instance_loss: 0.0000, weighted_loss: 0.0000, label: 0, bag_size: 676
batch 659, loss: 0.0000, instance_loss: 0.0702, weighted_loss: 0.0211, label: 0, bag_size: 241
batch 679, loss: 0.0001, instance_loss: 0.0000, weighted_loss: 0.0000, label: 0, bag_size: 1259
batch 699, loss: 0.0001, instance_loss: 0.0000, weighted_loss: 0.0001, label: 1, bag_size: 1034


class 0 clustering acc 0.9994665718349929: correct 5621/5624
class 1 clustering acc 0.9955547652916074: correct 5599/5624
Epoch: 20, train_loss: 0.0152, train_clustering_loss:  0.0169, train_error: 0.0071
class 0: acc 0.9911764705882353, correct 337/340
class 1: acc 0.9944903581267218, correct 361/363

Val Set, val_loss: 0.5422, val_error: 0.1032, auc: 0.6219
class 0 clustering acc 1.0: correct 1240/1240
class 1 clustering acc 1.0: correct 1240/1240
class 0: acc 0.9328859060402684, correct 139/149
class 1: acc 0.0, correct 0/6
EarlyStopping counter: 15 out of 20


batch 19, loss: 0.0000, instance_loss: 0.0371, weighted_loss: 0.0111, label: 0, bag_size: 133
batch 39, loss: 0.0013, instance_loss: 0.0000, weighted_loss: 0.0009, label: 1, bag_size: 1409
batch 59, loss: 0.0014, instance_loss: 0.0194, weighted_loss: 0.0068, label: 0, bag_size: 177
batch 79, loss: 0.0000, instance_loss: 0.0017, weighted_loss: 0.0005, label: 0, bag_size: 508
batch 99, loss: 0.0017, instance_loss: 0.0008, weighted_loss: 0.0014, label: 1, bag_size: 943
batch 119, loss: 0.0015, instance_loss: 0.0000, weighted_loss: 0.0011, label: 1, bag_size: 1409
batch 139, loss: 0.0000, instance_loss: 0.0000, weighted_loss: 0.0000, label: 0, bag_size: 176
batch 159, loss: 0.0001, instance_loss: 0.0000, weighted_loss: 0.0001, label: 1, bag_size: 226
batch 179, loss: 0.0000, instance_loss: 0.0000, weighted_loss: 0.0000, label: 0, bag_size: 162
batch 199, loss: 0.0000, instance_loss: 0.0004, weighted_loss: 0.0001, label: 0, bag_size: 227
batch 219, loss: 0.0000, instance_loss: 0.2002, weighted_loss: 0.0601, label: 0, bag_size: 74
batch 239, loss: 0.0000, instance_loss: 0.0097, weighted_loss: 0.0029, label: 0, bag_size: 243
batch 259, loss: 0.0018, instance_loss: 0.0000, weighted_loss: 0.0013, label: 0, bag_size: 983
batch 279, loss: 0.0000, instance_loss: 0.0000, weighted_loss: 0.0000, label: 1, bag_size: 178
batch 299, loss: 0.0000, instance_loss: 0.0000, weighted_loss: 0.0000, label: 0, bag_size: 1063
batch 319, loss: 0.0000, instance_loss: 0.2794, weighted_loss: 0.0838, label: 0, bag_size: 128
batch 339, loss: 0.0002, instance_loss: 0.0000, weighted_loss: 0.0001, label: 1, bag_size: 1372
batch 359, loss: 0.0020, instance_loss: 0.0000, weighted_loss: 0.0014, label: 1, bag_size: 912
batch 379, loss: 0.0002, instance_loss: 0.0000, weighted_loss: 0.0002, label: 1, bag_size: 1074
batch 399, loss: 0.0000, instance_loss: 0.0030, weighted_loss: 0.0009, label: 0, bag_size: 789
batch 419, loss: 0.0000, instance_loss: 0.0015, weighted_loss: 0.0005, label: 0, bag_size: 1036
batch 439, loss: 0.0005, instance_loss: 0.0004, weighted_loss: 0.0005, label: 1, bag_size: 1372
batch 459, loss: 0.0000, instance_loss: 0.0002, weighted_loss: 0.0001, label: 0, bag_size: 484
batch 479, loss: 0.0000, instance_loss: 0.0031, weighted_loss: 0.0009, label: 0, bag_size: 216
batch 499, loss: 0.0000, instance_loss: 0.0105, weighted_loss: 0.0032, label: 0, bag_size: 65
batch 519, loss: 0.0000, instance_loss: 0.0000, weighted_loss: 0.0000, label: 0, bag_size: 968
batch 539, loss: 0.0000, instance_loss: 0.0383, weighted_loss: 0.0115, label: 0, bag_size: 253
batch 559, loss: 0.0000, instance_loss: 0.0002, weighted_loss: 0.0001, label: 0, bag_size: 1033
batch 579, loss: 0.0000, instance_loss: 0.0026, weighted_loss: 0.0008, label: 0, bag_size: 75
batch 599, loss: 0.0010, instance_loss: 0.8826, weighted_loss: 0.2654, label: 0, bag_size: 98
batch 619, loss: 0.0000, instance_loss: 0.0000, weighted_loss: 0.0000, label: 1, bag_size: 160
batch 639, loss: 0.0000, instance_loss: 0.0032, weighted_loss: 0.0010, label: 0, bag_size: 498
batch 659, loss: 0.0000, instance_loss: 0.0005, weighted_loss: 0.0002, label: 0, bag_size: 100
batch 679, loss: 0.0017, instance_loss: 0.0365, weighted_loss: 0.0121, label: 0, bag_size: 947
batch 699, loss: 0.0004, instance_loss: 0.0000, weighted_loss: 0.0003, label: 1, bag_size: 1409


class 0 clustering acc 0.9994665718349929: correct 5621/5624
class 1 clustering acc 0.9966216216216216: correct 5605/5624
Epoch: 21, train_loss: 0.0011, train_clustering_loss:  0.0113, train_error: 0.0000
class 0: acc 1.0, correct 367/367
class 1: acc 1.0, correct 336/336

Val Set, val_loss: 0.5703, val_error: 0.0839, auc: 0.6298
class 0 clustering acc 1.0: correct 1240/1240
class 1 clustering acc 1.0: correct 1240/1240
class 0: acc 0.9530201342281879, correct 142/149
class 1: acc 0.0, correct 0/6
EarlyStopping counter: 16 out of 20


batch 19, loss: 0.0000, instance_loss: 0.0003, weighted_loss: 0.0001, label: 0, bag_size: 203
batch 39, loss: 0.0001, instance_loss: 0.0022, weighted_loss: 0.0007, label: 1, bag_size: 152
batch 59, loss: 0.0000, instance_loss: 0.2560, weighted_loss: 0.0768, label: 0, bag_size: 134
batch 79, loss: 0.0004, instance_loss: 0.1133, weighted_loss: 0.0343, label: 1, bag_size: 50
batch 99, loss: 0.0000, instance_loss: 0.0000, weighted_loss: 0.0000, label: 1, bag_size: 646
batch 119, loss: 0.0009, instance_loss: 0.0000, weighted_loss: 0.0006, label: 1, bag_size: 845
batch 139, loss: 0.0000, instance_loss: 0.0000, weighted_loss: 0.0000, label: 1, bag_size: 132
batch 159, loss: 0.0000, instance_loss: 0.1153, weighted_loss: 0.0346, label: 0, bag_size: 100
batch 179, loss: 0.0001, instance_loss: 0.0014, weighted_loss: 0.0005, label: 0, bag_size: 1028
batch 199, loss: 0.0000, instance_loss: 0.0000, weighted_loss: 0.0000, label: 1, bag_size: 1082
batch 219, loss: 0.0000, instance_loss: 0.0052, weighted_loss: 0.0016, label: 0, bag_size: 115
batch 239, loss: 0.0001, instance_loss: 0.0000, weighted_loss: 0.0001, label: 1, bag_size: 376
batch 259, loss: 0.0001, instance_loss: 0.0000, weighted_loss: 0.0001, label: 1, bag_size: 1409
batch 279, loss: 0.0007, instance_loss: 0.0000, weighted_loss: 0.0005, label: 1, bag_size: 903
batch 299, loss: 0.0000, instance_loss: 0.0027, weighted_loss: 0.0008, label: 0, bag_size: 387
batch 319, loss: 0.0000, instance_loss: 0.0015, weighted_loss: 0.0005, label: 1, bag_size: 167
batch 339, loss: 0.0000, instance_loss: 0.0047, weighted_loss: 0.0014, label: 0, bag_size: 264
batch 359, loss: 0.0000, instance_loss: 0.1175, weighted_loss: 0.0353, label: 0, bag_size: 169
batch 379, loss: 0.0000, instance_loss: 0.0090, weighted_loss: 0.0027, label: 0, bag_size: 248
batch 399, loss: 0.0000, instance_loss: 0.0414, weighted_loss: 0.0124, label: 0, bag_size: 48
batch 419, loss: 0.0000, instance_loss: 0.0000, weighted_loss: 0.0000, label: 0, bag_size: 734
batch 439, loss: 0.0003, instance_loss: 0.0000, weighted_loss: 0.0002, label: 1, bag_size: 943
batch 459, loss: 0.0001, instance_loss: 0.0000, weighted_loss: 0.0001, label: 1, bag_size: 919
batch 479, loss: 0.0002, instance_loss: 0.0000, weighted_loss: 0.0002, label: 1, bag_size: 1409
batch 499, loss: 0.0000, instance_loss: 0.0000, weighted_loss: 0.0000, label: 0, bag_size: 851
batch 519, loss: 0.0001, instance_loss: 0.0117, weighted_loss: 0.0035, label: 0, bag_size: 97
batch 539, loss: 0.0000, instance_loss: 0.0002, weighted_loss: 0.0001, label: 1, bag_size: 121
batch 559, loss: 0.0000, instance_loss: 0.0000, weighted_loss: 0.0000, label: 1, bag_size: 227
batch 579, loss: 0.0002, instance_loss: 0.0003, weighted_loss: 0.0002, label: 1, bag_size: 1359
batch 599, loss: 0.0001, instance_loss: 0.0004, weighted_loss: 0.0002, label: 0, bag_size: 836
batch 619, loss: 0.0000, instance_loss: 0.0003, weighted_loss: 0.0001, label: 0, bag_size: 1078
batch 639, loss: 0.0000, instance_loss: 0.0004, weighted_loss: 0.0001, label: 0, bag_size: 312
batch 659, loss: 0.0018, instance_loss: 0.0000, weighted_loss: 0.0013, label: 1, bag_size: 378
batch 679, loss: 0.0000, instance_loss: 0.0096, weighted_loss: 0.0029, label: 0, bag_size: 941
batch 699, loss: 0.0000, instance_loss: 0.0000, weighted_loss: 0.0000, label: 1, bag_size: 903


class 0 clustering acc 0.9989331436699858: correct 5618/5624
class 1 clustering acc 0.996977240398293: correct 5607/5624
Epoch: 22, train_loss: 0.0021, train_clustering_loss:  0.0151, train_error: 0.0000
class 0: acc 1.0, correct 362/362
class 1: acc 1.0, correct 341/341

Val Set, val_loss: 0.5746, val_error: 0.0839, auc: 0.4955
class 0 clustering acc 1.0: correct 1240/1240
class 1 clustering acc 0.9967741935483871: correct 1236/1240
class 0: acc 0.9530201342281879, correct 142/149
class 1: acc 0.0, correct 0/6
EarlyStopping counter: 17 out of 20


batch 19, loss: 0.0005, instance_loss: 0.0006, weighted_loss: 0.0005, label: 1, bag_size: 152
batch 39, loss: 0.0139, instance_loss: 0.0002, weighted_loss: 0.0098, label: 0, bag_size: 233
batch 59, loss: 0.0005, instance_loss: 0.0002, weighted_loss: 0.0004, label: 1, bag_size: 102
batch 79, loss: 0.0000, instance_loss: 0.0016, weighted_loss: 0.0005, label: 1, bag_size: 190
batch 99, loss: 0.0001, instance_loss: 0.0000, weighted_loss: 0.0001, label: 1, bag_size: 1372
batch 119, loss: 0.0001, instance_loss: 0.0000, weighted_loss: 0.0001, label: 1, bag_size: 152
batch 139, loss: 0.0000, instance_loss: 0.0000, weighted_loss: 0.0000, label: 0, bag_size: 1239
batch 159, loss: 0.0000, instance_loss: 0.0000, weighted_loss: 0.0000, label: 0, bag_size: 1329
batch 179, loss: 0.0000, instance_loss: 0.0062, weighted_loss: 0.0019, label: 0, bag_size: 732
batch 199, loss: 0.0006, instance_loss: 0.0000, weighted_loss: 0.0004, label: 1, bag_size: 1359
batch 219, loss: 0.0000, instance_loss: 0.0078, weighted_loss: 0.0023, label: 0, bag_size: 989
batch 239, loss: 0.0000, instance_loss: 0.0046, weighted_loss: 0.0014, label: 0, bag_size: 206
batch 259, loss: 0.0000, instance_loss: 0.0000, weighted_loss: 0.0000, label: 1, bag_size: 1002
batch 279, loss: 0.0000, instance_loss: 0.0000, weighted_loss: 0.0000, label: 0, bag_size: 675
batch 299, loss: 0.0000, instance_loss: 0.0250, weighted_loss: 0.0075, label: 0, bag_size: 248
batch 319, loss: 0.0000, instance_loss: 0.0000, weighted_loss: 0.0000, label: 1, bag_size: 152
batch 339, loss: 0.0003, instance_loss: 0.0000, weighted_loss: 0.0002, label: 1, bag_size: 1372
batch 359, loss: 0.0001, instance_loss: 0.0247, weighted_loss: 0.0075, label: 0, bag_size: 691
batch 379, loss: 0.0000, instance_loss: 0.0006, weighted_loss: 0.0002, label: 0, bag_size: 75
batch 399, loss: 0.0000, instance_loss: 0.0007, weighted_loss: 0.0002, label: 0, bag_size: 272
batch 419, loss: 0.0000, instance_loss: 0.0000, weighted_loss: 0.0000, label: 1, bag_size: 167
batch 439, loss: 0.0000, instance_loss: 0.0000, weighted_loss: 0.0000, label: 1, bag_size: 580
batch 459, loss: 0.0000, instance_loss: 0.5305, weighted_loss: 0.1592, label: 0, bag_size: 146
batch 479, loss: 0.0001, instance_loss: 0.0000, weighted_loss: 0.0001, label: 1, bag_size: 121
batch 499, loss: 0.0000, instance_loss: 0.0005, weighted_loss: 0.0002, label: 0, bag_size: 396
batch 519, loss: 0.0012, instance_loss: 0.0000, weighted_loss: 0.0008, label: 1, bag_size: 1010
batch 539, loss: 0.0000, instance_loss: 0.0018, weighted_loss: 0.0006, label: 1, bag_size: 160
batch 559, loss: 0.0000, instance_loss: 0.0009, weighted_loss: 0.0003, label: 1, bag_size: 1082
batch 579, loss: 0.0000, instance_loss: 0.0002, weighted_loss: 0.0001, label: 0, bag_size: 560
batch 599, loss: 0.0012, instance_loss: 0.0000, weighted_loss: 0.0009, label: 1, bag_size: 1010
batch 619, loss: 0.0000, instance_loss: 0.0008, weighted_loss: 0.0002, label: 0, bag_size: 241
batch 639, loss: 0.0008, instance_loss: 0.0005, weighted_loss: 0.0007, label: 1, bag_size: 189
batch 659, loss: 0.0000, instance_loss: 0.0000, weighted_loss: 0.0000, label: 0, bag_size: 1031
batch 679, loss: 0.0006, instance_loss: 0.5873, weighted_loss: 0.1766, label: 1, bag_size: 50
batch 699, loss: 0.0000, instance_loss: 0.0033, weighted_loss: 0.0010, label: 1, bag_size: 121


class 0 clustering acc 0.9978662873399715: correct 5612/5624
class 1 clustering acc 0.9941322901849218: correct 5591/5624
Epoch: 23, train_loss: 0.0006, train_clustering_loss:  0.0220, train_error: 0.0000
class 0: acc 1.0, correct 359/359
class 1: acc 1.0, correct 344/344

Val Set, val_loss: 0.5860, val_error: 0.0774, auc: 0.4899
class 0 clustering acc 1.0: correct 1240/1240
class 1 clustering acc 0.9911290322580645: correct 1229/1240
class 0: acc 0.959731543624161, correct 143/149
class 1: acc 0.0, correct 0/6
EarlyStopping counter: 18 out of 20


batch 19, loss: 0.0000, instance_loss: 0.0022, weighted_loss: 0.0007, label: 1, bag_size: 162
batch 39, loss: 0.0005, instance_loss: 0.0000, weighted_loss: 0.0004, label: 1, bag_size: 1372
batch 59, loss: 0.0000, instance_loss: 0.0000, weighted_loss: 0.0000, label: 1, bag_size: 1074
batch 79, loss: 0.0000, instance_loss: 0.0000, weighted_loss: 0.0000, label: 1, bag_size: 646
batch 99, loss: 0.0000, instance_loss: 0.0011, weighted_loss: 0.0004, label: 0, bag_size: 611
batch 119, loss: 0.0000, instance_loss: 0.0067, weighted_loss: 0.0020, label: 0, bag_size: 142
batch 139, loss: 0.0000, instance_loss: 0.0002, weighted_loss: 0.0001, label: 1, bag_size: 121
batch 159, loss: 0.0001, instance_loss: 0.0000, weighted_loss: 0.0000, label: 1, bag_size: 531
batch 179, loss: 0.0000, instance_loss: 0.0000, weighted_loss: 0.0000, label: 1, bag_size: 378
batch 199, loss: 0.0000, instance_loss: 0.0000, weighted_loss: 0.0000, label: 1, bag_size: 152
batch 219, loss: 0.0000, instance_loss: 0.0149, weighted_loss: 0.0045, label: 0, bag_size: 198
batch 239, loss: 0.0000, instance_loss: 0.0000, weighted_loss: 0.0000, label: 1, bag_size: 378
batch 259, loss: 0.0000, instance_loss: 0.0000, weighted_loss: 0.0000, label: 1, bag_size: 356
batch 279, loss: 0.0001, instance_loss: 0.0000, weighted_loss: 0.0001, label: 1, bag_size: 646
batch 299, loss: 0.0000, instance_loss: 0.0004, weighted_loss: 0.0001, label: 1, bag_size: 189
batch 319, loss: 0.0000, instance_loss: 0.0100, weighted_loss: 0.0030, label: 0, bag_size: 1208
batch 339, loss: 0.0000, instance_loss: 0.0019, weighted_loss: 0.0006, label: 0, bag_size: 321
batch 359, loss: 0.0000, instance_loss: 0.0016, weighted_loss: 0.0005, label: 0, bag_size: 190
batch 379, loss: 0.0000, instance_loss: 0.0000, weighted_loss: 0.0000, label: 0, bag_size: 637
batch 399, loss: 0.0002, instance_loss: 0.0000, weighted_loss: 0.0001, label: 1, bag_size: 919
batch 419, loss: 0.0001, instance_loss: 0.0009, weighted_loss: 0.0003, label: 1, bag_size: 121
batch 439, loss: 0.0000, instance_loss: 0.0000, weighted_loss: 0.0000, label: 0, bag_size: 176
batch 459, loss: 0.0000, instance_loss: 0.0000, weighted_loss: 0.0000, label: 1, bag_size: 162
batch 479, loss: 0.0000, instance_loss: 0.0004, weighted_loss: 0.0001, label: 1, bag_size: 641
batch 499, loss: 0.0000, instance_loss: 0.0028, weighted_loss: 0.0008, label: 0, bag_size: 178
batch 519, loss: 0.0000, instance_loss: 0.0019, weighted_loss: 0.0006, label: 1, bag_size: 50
batch 539, loss: 0.0003, instance_loss: 0.0000, weighted_loss: 0.0002, label: 1, bag_size: 646
batch 559, loss: 0.0003, instance_loss: 0.0000, weighted_loss: 0.0002, label: 1, bag_size: 1372
batch 579, loss: 0.0001, instance_loss: 0.0000, weighted_loss: 0.0000, label: 1, bag_size: 1002
batch 599, loss: 0.0001, instance_loss: 0.0003, weighted_loss: 0.0002, label: 0, bag_size: 141
batch 619, loss: 0.0000, instance_loss: 0.0000, weighted_loss: 0.0000, label: 0, bag_size: 737
batch 639, loss: 0.0000, instance_loss: 0.0037, weighted_loss: 0.0011, label: 0, bag_size: 288
batch 659, loss: 0.0002, instance_loss: 0.0004, weighted_loss: 0.0002, label: 1, bag_size: 1400
batch 679, loss: 0.0000, instance_loss: 0.0000, weighted_loss: 0.0000, label: 1, bag_size: 1082
batch 699, loss: 0.0000, instance_loss: 0.0004, weighted_loss: 0.0001, label: 0, bag_size: 1226


class 0 clustering acc 0.998220640569395: correct 5610/5620
class 1 clustering acc 0.9960854092526691: correct 5598/5620
Epoch: 24, train_loss: 0.0004, train_clustering_loss:  0.0169, train_error: 0.0000
class 0: acc 1.0, correct 344/344
class 1: acc 1.0, correct 359/359

Val Set, val_loss: 0.6555, val_error: 0.0774, auc: 0.5179
class 0 clustering acc 1.0: correct 1240/1240
class 1 clustering acc 1.0: correct 1240/1240
class 0: acc 0.959731543624161, correct 143/149
class 1: acc 0.0, correct 0/6
EarlyStopping counter: 19 out of 20


batch 19, loss: 0.0000, instance_loss: 0.0000, weighted_loss: 0.0000, label: 0, bag_size: 816
batch 39, loss: 0.0000, instance_loss: 0.0003, weighted_loss: 0.0001, label: 0, bag_size: 463
batch 59, loss: 0.0002, instance_loss: 0.0000, weighted_loss: 0.0002, label: 1, bag_size: 1002
batch 79, loss: 0.0000, instance_loss: 0.0000, weighted_loss: 0.0000, label: 0, bag_size: 1538
batch 99, loss: 0.0848, instance_loss: 0.0000, weighted_loss: 0.0594, label: 1, bag_size: 1372
batch 119, loss: 0.0000, instance_loss: 0.0000, weighted_loss: 0.0000, label: 1, bag_size: 1034
batch 139, loss: 0.0060, instance_loss: 0.0000, weighted_loss: 0.0042, label: 1, bag_size: 1409
batch 159, loss: 0.0000, instance_loss: 0.0000, weighted_loss: 0.0000, label: 1, bag_size: 162
batch 179, loss: 0.0037, instance_loss: 0.0019, weighted_loss: 0.0031, label: 0, bag_size: 616
batch 199, loss: 0.0160, instance_loss: 0.0000, weighted_loss: 0.0112, label: 0, bag_size: 1136
batch 219, loss: 0.0000, instance_loss: 0.0000, weighted_loss: 0.0000, label: 0, bag_size: 251
batch 239, loss: 2.1765, instance_loss: 0.0000, weighted_loss: 1.5235, label: 0, bag_size: 971
batch 259, loss: 0.0000, instance_loss: 0.0000, weighted_loss: 0.0000, label: 1, bag_size: 178
batch 279, loss: 0.0000, instance_loss: 0.0000, weighted_loss: 0.0000, label: 0, bag_size: 943
batch 299, loss: 0.0000, instance_loss: 0.0000, weighted_loss: 0.0000, label: 1, bag_size: 379
batch 319, loss: 0.0000, instance_loss: 0.0004, weighted_loss: 0.0002, label: 1, bag_size: 1034
batch 339, loss: 0.0318, instance_loss: 0.0000, weighted_loss: 0.0222, label: 0, bag_size: 643
batch 359, loss: 0.0000, instance_loss: 0.0241, weighted_loss: 0.0072, label: 0, bag_size: 75
batch 379, loss: 0.0000, instance_loss: 0.0145, weighted_loss: 0.0044, label: 0, bag_size: 281
batch 399, loss: 0.0000, instance_loss: 0.0000, weighted_loss: 0.0000, label: 0, bag_size: 1104
batch 419, loss: 0.0001, instance_loss: 0.0000, weighted_loss: 0.0001, label: 1, bag_size: 1437
batch 439, loss: 0.0064, instance_loss: 0.0000, weighted_loss: 0.0045, label: 1, bag_size: 943
batch 459, loss: 0.0000, instance_loss: 0.0030, weighted_loss: 0.0009, label: 0, bag_size: 165
batch 479, loss: 0.0000, instance_loss: 0.0000, weighted_loss: 0.0000, label: 0, bag_size: 560
batch 499, loss: 0.0000, instance_loss: 0.0000, weighted_loss: 0.0000, label: 0, bag_size: 922
batch 519, loss: 0.0000, instance_loss: 0.0000, weighted_loss: 0.0000, label: 1, bag_size: 227
batch 539, loss: 0.0000, instance_loss: 0.0000, weighted_loss: 0.0000, label: 0, bag_size: 1082
batch 559, loss: 0.0000, instance_loss: 0.0000, weighted_loss: 0.0000, label: 0, bag_size: 616
batch 579, loss: 0.0001, instance_loss: 0.0050, weighted_loss: 0.0016, label: 1, bag_size: 379
batch 599, loss: 0.0002, instance_loss: 0.0022, weighted_loss: 0.0008, label: 1, bag_size: 50
batch 619, loss: 0.0000, instance_loss: 0.0000, weighted_loss: 0.0000, label: 1, bag_size: 132
batch 639, loss: 0.0000, instance_loss: 0.0085, weighted_loss: 0.0026, label: 0, bag_size: 352
batch 659, loss: 0.0005, instance_loss: 0.0000, weighted_loss: 0.0003, label: 1, bag_size: 1002
batch 679, loss: 0.0000, instance_loss: 0.0000, weighted_loss: 0.0000, label: 1, bag_size: 1502
batch 699, loss: 0.0000, instance_loss: 0.0000, weighted_loss: 0.0000, label: 0, bag_size: 406


class 0 clustering acc 1.0: correct 5624/5624
class 1 clustering acc 0.9996443812233285: correct 5622/5624
Epoch: 25, train_loss: 0.0347, train_clustering_loss:  0.0027, train_error: 0.0171
class 0: acc 0.9827089337175793, correct 341/347
class 1: acc 0.9831460674157303, correct 350/356

Val Set, val_loss: 0.6356, val_error: 0.1097, auc: 0.6834
class 0 clustering acc 1.0: correct 1240/1240
class 1 clustering acc 0.9967741935483871: correct 1236/1240
class 0: acc 0.9261744966442953, correct 138/149
class 1: acc 0.0, correct 0/6
EarlyStopping counter: 20 out of 20


batch 19, loss: 0.0000, instance_loss: 0.0000, weighted_loss: 0.0000, label: 1, bag_size: 376
batch 39, loss: 0.0000, instance_loss: 0.0017, weighted_loss: 0.0005, label: 0, bag_size: 412
batch 59, loss: 0.0001, instance_loss: 0.0009, weighted_loss: 0.0004, label: 0, bag_size: 186
batch 79, loss: 0.0017, instance_loss: 0.0000, weighted_loss: 0.0012, label: 1, bag_size: 943
batch 99, loss: 0.0002, instance_loss: 0.0000, weighted_loss: 0.0001, label: 0, bag_size: 611
batch 119, loss: 0.0000, instance_loss: 0.2035, weighted_loss: 0.0611, label: 0, bag_size: 72
batch 139, loss: 0.0000, instance_loss: 0.0162, weighted_loss: 0.0048, label: 0, bag_size: 1149
batch 159, loss: 0.0005, instance_loss: 0.0000, weighted_loss: 0.0003, label: 1, bag_size: 1082
batch 179, loss: 0.0000, instance_loss: 0.0460, weighted_loss: 0.0138, label: 0, bag_size: 506
batch 199, loss: 0.0000, instance_loss: 0.0000, weighted_loss: 0.0000, label: 0, bag_size: 1446
batch 219, loss: 0.0000, instance_loss: 0.0000, weighted_loss: 0.0000, label: 1, bag_size: 376
batch 239, loss: 0.0004, instance_loss: 0.0002, weighted_loss: 0.0003, label: 0, bag_size: 484
batch 259, loss: 0.0000, instance_loss: 0.0000, weighted_loss: 0.0000, label: 0, bag_size: 368
batch 279, loss: 0.0000, instance_loss: 0.0000, weighted_loss: 0.0000, label: 1, bag_size: 1502
batch 299, loss: 0.0001, instance_loss: 0.0000, weighted_loss: 0.0001, label: 1, bag_size: 121
batch 319, loss: 0.0000, instance_loss: 0.0021, weighted_loss: 0.0007, label: 0, bag_size: 141
batch 339, loss: 0.0000, instance_loss: 0.0017, weighted_loss: 0.0005, label: 0, bag_size: 527
batch 359, loss: 0.0000, instance_loss: 0.0018, weighted_loss: 0.0006, label: 1, bag_size: 376
batch 379, loss: 0.0000, instance_loss: 0.0000, weighted_loss: 0.0000, label: 1, bag_size: 641
batch 399, loss: 0.0000, instance_loss: 0.0000, weighted_loss: 0.0000, label: 0, bag_size: 185
batch 419, loss: 0.0000, instance_loss: 0.0000, weighted_loss: 0.0000, label: 0, bag_size: 1065
batch 439, loss: 0.0000, instance_loss: 0.0000, weighted_loss: 0.0000, label: 0, bag_size: 977
batch 459, loss: 0.0150, instance_loss: 0.0002, weighted_loss: 0.0106, label: 0, bag_size: 947
batch 479, loss: 0.0000, instance_loss: 0.0000, weighted_loss: 0.0000, label: 0, bag_size: 121
batch 499, loss: 0.0054, instance_loss: 0.0000, weighted_loss: 0.0037, label: 1, bag_size: 170
batch 519, loss: 0.0000, instance_loss: 0.0019, weighted_loss: 0.0006, label: 1, bag_size: 132
batch 539, loss: 0.0000, instance_loss: 0.0002, weighted_loss: 0.0001, label: 0, bag_size: 474
batch 559, loss: 0.0000, instance_loss: 0.0031, weighted_loss: 0.0009, label: 0, bag_size: 1335
batch 579, loss: 0.0000, instance_loss: 0.0000, weighted_loss: 0.0000, label: 0, bag_size: 1246
batch 599, loss: 0.0000, instance_loss: 0.0046, weighted_loss: 0.0014, label: 1, bag_size: 1260
batch 619, loss: 0.0000, instance_loss: 0.0000, weighted_loss: 0.0000, label: 1, bag_size: 943
batch 639, loss: 0.0000, instance_loss: 0.0005, weighted_loss: 0.0002, label: 1, bag_size: 641
batch 659, loss: 0.0000, instance_loss: 0.0000, weighted_loss: 0.0000, label: 0, bag_size: 4966
batch 679, loss: 0.0161, instance_loss: 0.0951, weighted_loss: 0.0398, label: 0, bag_size: 406
batch 699, loss: 0.0014, instance_loss: 0.0000, weighted_loss: 0.0010, label: 1, bag_size: 132


class 0 clustering acc 0.9998221906116643: correct 5623/5624
class 1 clustering acc 0.9985775248933144: correct 5616/5624
Epoch: 26, train_loss: 0.0121, train_clustering_loss:  0.0054, train_error: 0.0028
class 0: acc 0.9971751412429378, correct 353/354
class 1: acc 0.997134670487106, correct 348/349

Val Set, val_loss: 0.6964, val_error: 0.0774, auc: 0.5716
class 0 clustering acc 1.0: correct 1240/1240
class 1 clustering acc 0.9991935483870967: correct 1239/1240
class 0: acc 0.959731543624161, correct 143/149
class 1: acc 0.0, correct 0/6
EarlyStopping counter: 21 out of 20


batch 19, loss: 0.0000, instance_loss: 0.0000, weighted_loss: 0.0000, label: 1, bag_size: 1074
batch 39, loss: 0.0001, instance_loss: 0.0010, weighted_loss: 0.0003, label: 0, bag_size: 186
batch 59, loss: 0.0000, instance_loss: 0.0009, weighted_loss: 0.0003, label: 0, bag_size: 223
batch 79, loss: 0.0000, instance_loss: 0.0000, weighted_loss: 0.0000, label: 0, bag_size: 206
batch 99, loss: 0.0000, instance_loss: 0.0075, weighted_loss: 0.0023, label: 0, bag_size: 176
batch 119, loss: 0.0000, instance_loss: 0.0025, weighted_loss: 0.0008, label: 0, bag_size: 1270
batch 139, loss: 0.0000, instance_loss: 0.0034, weighted_loss: 0.0010, label: 0, bag_size: 1040
batch 159, loss: 0.0002, instance_loss: 0.0000, weighted_loss: 0.0002, label: 1, bag_size: 102
batch 179, loss: 0.0000, instance_loss: 0.0000, weighted_loss: 0.0000, label: 1, bag_size: 1074
batch 199, loss: 0.0000, instance_loss: 0.0059, weighted_loss: 0.0018, label: 0, bag_size: 968
batch 219, loss: 0.0000, instance_loss: 0.0000, weighted_loss: 0.0000, label: 1, bag_size: 943
batch 239, loss: 0.0000, instance_loss: 0.0000, weighted_loss: 0.0000, label: 0, bag_size: 322
batch 259, loss: 0.0001, instance_loss: 0.0000, weighted_loss: 0.0001, label: 1, bag_size: 580
batch 279, loss: 0.0000, instance_loss: 0.0917, weighted_loss: 0.0275, label: 0, bag_size: 669
batch 299, loss: 0.0000, instance_loss: 0.0004, weighted_loss: 0.0001, label: 0, bag_size: 341
batch 319, loss: 0.0000, instance_loss: 0.0015, weighted_loss: 0.0005, label: 1, bag_size: 162
batch 339, loss: 0.0070, instance_loss: 0.0000, weighted_loss: 0.0049, label: 1, bag_size: 1409
batch 359, loss: 0.0000, instance_loss: 0.0000, weighted_loss: 0.0000, label: 0, bag_size: 75
batch 379, loss: 0.0013, instance_loss: 0.0000, weighted_loss: 0.0009, label: 0, bag_size: 275
batch 399, loss: 0.0000, instance_loss: 0.0003, weighted_loss: 0.0001, label: 1, bag_size: 1082
batch 419, loss: 0.0000, instance_loss: 0.0000, weighted_loss: 0.0000, label: 0, bag_size: 356
batch 439, loss: 0.0000, instance_loss: 0.0314, weighted_loss: 0.0094, label: 0, bag_size: 152
batch 459, loss: 0.0000, instance_loss: 0.0006, weighted_loss: 0.0002, label: 1, bag_size: 132
batch 479, loss: 0.0000, instance_loss: 0.0005, weighted_loss: 0.0002, label: 1, bag_size: 1260
batch 499, loss: 0.0000, instance_loss: 0.0038, weighted_loss: 0.0011, label: 1, bag_size: 903
batch 519, loss: 0.0000, instance_loss: 0.0000, weighted_loss: 0.0000, label: 1, bag_size: 1074
batch 539, loss: 0.0000, instance_loss: 0.0000, weighted_loss: 0.0000, label: 0, bag_size: 798
batch 559, loss: 0.0000, instance_loss: 0.0000, weighted_loss: 0.0000, label: 0, bag_size: 199
batch 579, loss: 0.0008, instance_loss: 0.0000, weighted_loss: 0.0006, label: 0, bag_size: 241
batch 599, loss: 0.0000, instance_loss: 0.0023, weighted_loss: 0.0007, label: 0, bag_size: 321
batch 619, loss: 0.0003, instance_loss: 0.0021, weighted_loss: 0.0008, label: 1, bag_size: 50
batch 639, loss: 0.0001, instance_loss: 0.0032, weighted_loss: 0.0010, label: 0, bag_size: 478
batch 659, loss: 0.0000, instance_loss: 0.0000, weighted_loss: 0.0000, label: 1, bag_size: 160
batch 679, loss: 0.0000, instance_loss: 0.0032, weighted_loss: 0.0010, label: 0, bag_size: 1005
batch 699, loss: 0.0001, instance_loss: 0.0000, weighted_loss: 0.0001, label: 1, bag_size: 356


class 0 clustering acc 0.9983985765124556: correct 5611/5620
class 1 clustering acc 0.99644128113879: correct 5600/5620
Epoch: 27, train_loss: 0.0005, train_clustering_loss:  0.0162, train_error: 0.0000
class 0: acc 1.0, correct 353/353
class 1: acc 1.0, correct 350/350

Val Set, val_loss: 0.6690, val_error: 0.0774, auc: 0.5537
class 0 clustering acc 1.0: correct 1240/1240
class 1 clustering acc 0.9919354838709677: correct 1230/1240
class 0: acc 0.959731543624161, correct 143/149
class 1: acc 0.0, correct 0/6
EarlyStopping counter: 22 out of 20


batch 19, loss: 0.0000, instance_loss: 0.0016, weighted_loss: 0.0005, label: 0, bag_size: 1049
batch 39, loss: 0.0000, instance_loss: 0.0000, weighted_loss: 0.0000, label: 0, bag_size: 374
batch 59, loss: 0.0000, instance_loss: 0.0000, weighted_loss: 0.0000, label: 1, bag_size: 167
batch 79, loss: 0.0000, instance_loss: 0.8814, weighted_loss: 0.2644, label: 0, bag_size: 134
batch 99, loss: 0.0000, instance_loss: 0.0053, weighted_loss: 0.0016, label: 0, bag_size: 133
batch 119, loss: 0.0001, instance_loss: 0.0000, weighted_loss: 0.0000, label: 1, bag_size: 121
batch 139, loss: 0.0000, instance_loss: 0.0002, weighted_loss: 0.0001, label: 1, bag_size: 1082
batch 159, loss: 0.0000, instance_loss: 0.0000, weighted_loss: 0.0000, label: 0, bag_size: 1149
batch 179, loss: 0.0000, instance_loss: 0.0136, weighted_loss: 0.0041, label: 0, bag_size: 159
batch 199, loss: 0.0000, instance_loss: 0.0000, weighted_loss: 0.0000, label: 1, bag_size: 190
batch 219, loss: 0.0000, instance_loss: 0.0000, weighted_loss: 0.0000, label: 0, bag_size: 501
batch 239, loss: 0.0000, instance_loss: 0.0000, weighted_loss: 0.0000, label: 0, bag_size: 1321
batch 259, loss: 0.0000, instance_loss: 0.0000, weighted_loss: 0.0000, label: 0, bag_size: 178
batch 279, loss: 0.0000, instance_loss: 0.0000, weighted_loss: 0.0000, label: 0, bag_size: 227
batch 299, loss: 0.0000, instance_loss: 0.0002, weighted_loss: 0.0001, label: 0, bag_size: 600
batch 319, loss: 0.0000, instance_loss: 0.0005, weighted_loss: 0.0002, label: 0, bag_size: 155
batch 339, loss: 0.0000, instance_loss: 0.0580, weighted_loss: 0.0174, label: 0, bag_size: 144
batch 359, loss: 0.0000, instance_loss: 0.0006, weighted_loss: 0.0002, label: 0, bag_size: 1246
batch 379, loss: 0.0000, instance_loss: 0.0000, weighted_loss: 0.0000, label: 1, bag_size: 162
batch 399, loss: 0.0001, instance_loss: 0.0000, weighted_loss: 0.0001, label: 1, bag_size: 919
batch 419, loss: 0.0000, instance_loss: 0.0002, weighted_loss: 0.0001, label: 0, bag_size: 920
batch 439, loss: 0.0000, instance_loss: 0.0000, weighted_loss: 0.0000, label: 1, bag_size: 1082
batch 459, loss: 0.0000, instance_loss: 0.0000, weighted_loss: 0.0000, label: 0, bag_size: 559
batch 479, loss: 0.0000, instance_loss: 0.0103, weighted_loss: 0.0031, label: 0, bag_size: 169
batch 499, loss: 0.0000, instance_loss: 0.0000, weighted_loss: 0.0000, label: 0, bag_size: 251
batch 519, loss: 0.0000, instance_loss: 0.0002, weighted_loss: 0.0001, label: 0, bag_size: 416
batch 539, loss: 0.0000, instance_loss: 0.0095, weighted_loss: 0.0028, label: 0, bag_size: 789
batch 559, loss: 0.0000, instance_loss: 0.0000, weighted_loss: 0.0000, label: 1, bag_size: 845
batch 579, loss: 0.0000, instance_loss: 0.0000, weighted_loss: 0.0000, label: 1, bag_size: 1502
batch 599, loss: 0.0000, instance_loss: 0.0002, weighted_loss: 0.0001, label: 1, bag_size: 641
batch 619, loss: 0.0000, instance_loss: 0.0000, weighted_loss: 0.0000, label: 1, bag_size: 1359
batch 639, loss: 0.0001, instance_loss: 0.0254, weighted_loss: 0.0077, label: 0, bag_size: 188
batch 659, loss: 0.0000, instance_loss: 0.0000, weighted_loss: 0.0000, label: 0, bag_size: 1112
batch 679, loss: 0.0000, instance_loss: 0.0000, weighted_loss: 0.0000, label: 1, bag_size: 943
batch 699, loss: 0.0000, instance_loss: 0.0015, weighted_loss: 0.0004, label: 0, bag_size: 471


class 0 clustering acc 0.9983991462113126: correct 5613/5622
class 1 clustering acc 0.9976876556385628: correct 5609/5622
Epoch: 28, train_loss: 0.0004, train_clustering_loss:  0.0137, train_error: 0.0000
class 0: acc 1.0, correct 362/362
class 1: acc 1.0, correct 341/341

Val Set, val_loss: 0.6889, val_error: 0.0710, auc: 0.5101
class 0 clustering acc 1.0: correct 1240/1240
class 1 clustering acc 0.9903225806451613: correct 1228/1240
class 0: acc 0.9664429530201343, correct 144/149
class 1: acc 0.0, correct 0/6
EarlyStopping counter: 23 out of 20


batch 19, loss: 0.0000, instance_loss: 0.0000, weighted_loss: 0.0000, label: 1, bag_size: 376
batch 39, loss: 0.0000, instance_loss: 0.0000, weighted_loss: 0.0000, label: 0, bag_size: 167
batch 59, loss: 0.0000, instance_loss: 0.0000, weighted_loss: 0.0000, label: 0, bag_size: 75
batch 79, loss: 0.0000, instance_loss: 0.0000, weighted_loss: 0.0000, label: 0, bag_size: 734
batch 99, loss: 0.0000, instance_loss: 0.0000, weighted_loss: 0.0000, label: 1, bag_size: 1074
batch 119, loss: 0.0000, instance_loss: 0.0108, weighted_loss: 0.0033, label: 0, bag_size: 389
batch 139, loss: 0.0000, instance_loss: 0.0000, weighted_loss: 0.0000, label: 0, bag_size: 1538
batch 159, loss: 0.0000, instance_loss: 0.0904, weighted_loss: 0.0271, label: 0, bag_size: 211
batch 179, loss: 0.0000, instance_loss: 0.0000, weighted_loss: 0.0000, label: 0, bag_size: 273
batch 199, loss: 4.8310, instance_loss: 0.0000, weighted_loss: 3.3817, label: 1, bag_size: 132
batch 219, loss: 0.0000, instance_loss: 0.0000, weighted_loss: 0.0000, label: 1, bag_size: 1400
batch 239, loss: 0.0000, instance_loss: 0.0009, weighted_loss: 0.0003, label: 0, bag_size: 275
batch 259, loss: 0.0000, instance_loss: 0.0002, weighted_loss: 0.0001, label: 0, bag_size: 1436
batch 279, loss: 0.0000, instance_loss: 0.0000, weighted_loss: 0.0000, label: 1, bag_size: 363
batch 299, loss: 0.0000, instance_loss: 0.0022, weighted_loss: 0.0007, label: 1, bag_size: 102
batch 319, loss: 0.0000, instance_loss: 0.0233, weighted_loss: 0.0070, label: 0, bag_size: 1259
batch 339, loss: 0.0001, instance_loss: 0.0000, weighted_loss: 0.0001, label: 0, bag_size: 1277
batch 359, loss: 0.0000, instance_loss: 0.0000, weighted_loss: 0.0000, label: 0, bag_size: 64
batch 379, loss: 0.0049, instance_loss: 0.0018, weighted_loss: 0.0040, label: 0, bag_size: 210
batch 399, loss: 0.0000, instance_loss: 0.0000, weighted_loss: 0.0000, label: 1, bag_size: 903
batch 419, loss: 0.0000, instance_loss: 0.0000, weighted_loss: 0.0000, label: 1, bag_size: 190
batch 439, loss: 0.0000, instance_loss: 2.8848, weighted_loss: 0.8654, label: 0, bag_size: 81
batch 459, loss: 0.0000, instance_loss: 0.0025, weighted_loss: 0.0008, label: 0, bag_size: 495
batch 479, loss: 0.0003, instance_loss: 0.0002, weighted_loss: 0.0003, label: 1, bag_size: 189
batch 499, loss: 0.0000, instance_loss: 0.0000, weighted_loss: 0.0000, label: 1, bag_size: 1437
batch 519, loss: 0.0000, instance_loss: 0.0015, weighted_loss: 0.0004, label: 0, bag_size: 196
batch 539, loss: 0.0000, instance_loss: 0.0000, weighted_loss: 0.0000, label: 1, bag_size: 1502
batch 559, loss: 0.0000, instance_loss: 0.0008, weighted_loss: 0.0002, label: 1, bag_size: 1260
batch 579, loss: 0.0000, instance_loss: 0.0010, weighted_loss: 0.0003, label: 1, bag_size: 1016
batch 599, loss: 0.0000, instance_loss: 0.0012, weighted_loss: 0.0004, label: 1, bag_size: 903
batch 619, loss: 0.0008, instance_loss: 0.0000, weighted_loss: 0.0005, label: 1, bag_size: 1409
batch 639, loss: 0.0000, instance_loss: 0.0000, weighted_loss: 0.0000, label: 0, bag_size: 836
batch 659, loss: 0.0001, instance_loss: 0.0000, weighted_loss: 0.0001, label: 0, bag_size: 239
batch 679, loss: 0.0000, instance_loss: 0.0027, weighted_loss: 0.0008, label: 0, bag_size: 619
batch 699, loss: 0.0000, instance_loss: 0.0006, weighted_loss: 0.0002, label: 0, bag_size: 100


class 0 clustering acc 0.9966204197794379: correct 5603/5622
class 1 clustering acc 0.9919957310565635: correct 5577/5622
Epoch: 29, train_loss: 0.0677, train_clustering_loss:  0.0411, train_error: 0.0185
class 0: acc 0.9835164835164835, correct 358/364
class 1: acc 0.9793510324483776, correct 332/339

Val Set, val_loss: 0.9312, val_error: 0.1097, auc: 0.5313
class 0 clustering acc 1.0: correct 1240/1240
class 1 clustering acc 0.9991935483870967: correct 1239/1240
class 0: acc 0.9261744966442953, correct 138/149
class 1: acc 0.0, correct 0/6
EarlyStopping counter: 24 out of 20


batch 19, loss: 0.0000, instance_loss: 0.0327, weighted_loss: 0.0098, label: 0, bag_size: 114
batch 39, loss: 0.0000, instance_loss: 0.0009, weighted_loss: 0.0003, label: 1, bag_size: 121
batch 59, loss: 0.0002, instance_loss: 0.0152, weighted_loss: 0.0047, label: 0, bag_size: 478
batch 79, loss: 0.0000, instance_loss: 0.0003, weighted_loss: 0.0001, label: 1, bag_size: 1260
batch 99, loss: 0.0000, instance_loss: 0.0000, weighted_loss: 0.0000, label: 0, bag_size: 1253
batch 119, loss: 0.0000, instance_loss: 0.0000, weighted_loss: 0.0000, label: 0, bag_size: 495
batch 139, loss: 0.0022, instance_loss: 0.0000, weighted_loss: 0.0016, label: 1, bag_size: 1409
batch 159, loss: 0.0004, instance_loss: 0.0007, weighted_loss: 0.0005, label: 1, bag_size: 903
batch 179, loss: 0.0000, instance_loss: 0.0018, weighted_loss: 0.0006, label: 1, bag_size: 121
batch 199, loss: 0.0000, instance_loss: 0.0000, weighted_loss: 0.0000, label: 0, bag_size: 211
batch 219, loss: 0.0000, instance_loss: 0.0377, weighted_loss: 0.0113, label: 0, bag_size: 252
batch 239, loss: 0.0000, instance_loss: 0.0004, weighted_loss: 0.0001, label: 0, bag_size: 737
batch 259, loss: 0.0000, instance_loss: 0.0132, weighted_loss: 0.0040, label: 0, bag_size: 226
batch 279, loss: 0.0000, instance_loss: 0.0007, weighted_loss: 0.0002, label: 0, bag_size: 600
batch 299, loss: 0.0002, instance_loss: 0.0000, weighted_loss: 0.0001, label: 1, bag_size: 943
batch 319, loss: 0.0001, instance_loss: 0.0006, weighted_loss: 0.0002, label: 1, bag_size: 1437
batch 339, loss: 0.0004, instance_loss: 0.0000, weighted_loss: 0.0003, label: 1, bag_size: 163
batch 359, loss: 0.0000, instance_loss: 0.0004, weighted_loss: 0.0001, label: 1, bag_size: 121
batch 379, loss: 0.0000, instance_loss: 0.0073, weighted_loss: 0.0022, label: 1, bag_size: 178
batch 399, loss: 0.0000, instance_loss: 0.0271, weighted_loss: 0.0081, label: 0, bag_size: 75
batch 419, loss: 0.0000, instance_loss: 0.0000, weighted_loss: 0.0000, label: 1, bag_size: 189
batch 439, loss: 0.0000, instance_loss: 0.0004, weighted_loss: 0.0001, label: 0, bag_size: 1277
batch 459, loss: 0.0000, instance_loss: 0.0167, weighted_loss: 0.0050, label: 0, bag_size: 3553
batch 479, loss: 0.0000, instance_loss: 0.0009, weighted_loss: 0.0003, label: 1, bag_size: 1260
batch 499, loss: 0.0115, instance_loss: 0.0000, weighted_loss: 0.0080, label: 1, bag_size: 227
batch 519, loss: 0.0000, instance_loss: 0.0049, weighted_loss: 0.0015, label: 0, bag_size: 197
batch 539, loss: 0.0000, instance_loss: 0.0000, weighted_loss: 0.0000, label: 1, bag_size: 1136
batch 559, loss: 0.0001, instance_loss: 0.0007, weighted_loss: 0.0003, label: 1, bag_size: 50
batch 579, loss: 0.0004, instance_loss: 0.0023, weighted_loss: 0.0010, label: 1, bag_size: 379
batch 599, loss: 0.0001, instance_loss: 0.0000, weighted_loss: 0.0001, label: 1, bag_size: 378
batch 619, loss: 0.0000, instance_loss: 0.0102, weighted_loss: 0.0031, label: 1, bag_size: 190
batch 639, loss: 0.0000, instance_loss: 0.0000, weighted_loss: 0.0000, label: 0, bag_size: 1268
batch 659, loss: 0.0000, instance_loss: 0.0007, weighted_loss: 0.0002, label: 1, bag_size: 1372
batch 679, loss: 2.6828, instance_loss: 0.0000, weighted_loss: 1.8780, label: 1, bag_size: 580
batch 699, loss: 0.0000, instance_loss: 0.0000, weighted_loss: 0.0000, label: 1, bag_size: 102


class 0 clustering acc 0.9973319103521878: correct 5607/5622
class 1 clustering acc 0.9939523301316258: correct 5588/5622
Epoch: 30, train_loss: 0.0216, train_clustering_loss:  0.0306, train_error: 0.0085
class 0: acc 0.9914529914529915, correct 348/351
class 1: acc 0.9914772727272727, correct 349/352

Val Set, val_loss: 0.7160, val_error: 0.1226, auc: 0.7506
class 0 clustering acc 1.0: correct 1240/1240
class 1 clustering acc 0.975: correct 1209/1240
class 0: acc 0.8993288590604027, correct 134/149
class 1: acc 0.3333333333333333, correct 2/6
EarlyStopping counter: 25 out of 20


batch 19, loss: 0.0000, instance_loss: 0.0000, weighted_loss: 0.0000, label: 1, bag_size: 1359
batch 39, loss: 0.0000, instance_loss: 0.0000, weighted_loss: 0.0000, label: 1, bag_size: 1400
batch 59, loss: 0.0000, instance_loss: 0.0000, weighted_loss: 0.0000, label: 1, bag_size: 160
batch 79, loss: 0.0001, instance_loss: 0.0006, weighted_loss: 0.0002, label: 1, bag_size: 170
batch 99, loss: 0.0000, instance_loss: 0.0009, weighted_loss: 0.0003, label: 1, bag_size: 1400
batch 119, loss: 0.0000, instance_loss: 0.0050, weighted_loss: 0.0015, label: 0, bag_size: 198
batch 139, loss: 0.0001, instance_loss: 0.0000, weighted_loss: 0.0001, label: 0, bag_size: 501
batch 159, loss: 0.0001, instance_loss: 0.0383, weighted_loss: 0.0116, label: 1, bag_size: 170
batch 179, loss: 0.0000, instance_loss: 0.0000, weighted_loss: 0.0000, label: 1, bag_size: 132
batch 199, loss: 0.0000, instance_loss: 0.0000, weighted_loss: 0.0000, label: 0, bag_size: 1322
batch 219, loss: 0.0000, instance_loss: 0.0022, weighted_loss: 0.0007, label: 0, bag_size: 1277
batch 239, loss: 0.0005, instance_loss: 0.0011, weighted_loss: 0.0007, label: 0, bag_size: 153
batch 259, loss: 0.0000, instance_loss: 0.0000, weighted_loss: 0.0000, label: 1, bag_size: 132
batch 279, loss: 0.0001, instance_loss: 0.0000, weighted_loss: 0.0001, label: 1, bag_size: 1437
batch 299, loss: 0.0002, instance_loss: 0.0952, weighted_loss: 0.0287, label: 0, bag_size: 186
batch 319, loss: 0.0024, instance_loss: 0.0006, weighted_loss: 0.0019, label: 0, bag_size: 792
batch 339, loss: 0.0000, instance_loss: 0.2052, weighted_loss: 0.0616, label: 0, bag_size: 321
batch 359, loss: 0.0000, instance_loss: 0.0045, weighted_loss: 0.0013, label: 1, bag_size: 121
batch 379, loss: 0.0002, instance_loss: 0.0121, weighted_loss: 0.0038, label: 1, bag_size: 170
batch 399, loss: 0.0000, instance_loss: 0.0011, weighted_loss: 0.0003, label: 0, bag_size: 112
batch 419, loss: 0.0000, instance_loss: 0.0014, weighted_loss: 0.0004, label: 1, bag_size: 1260
batch 439, loss: 0.0000, instance_loss: 0.0374, weighted_loss: 0.0112, label: 0, bag_size: 167
batch 459, loss: 0.0000, instance_loss: 0.4652, weighted_loss: 0.1396, label: 0, bag_size: 75
batch 479, loss: 0.0215, instance_loss: 0.0000, weighted_loss: 0.0151, label: 1, bag_size: 132
batch 499, loss: 0.0000, instance_loss: 0.0036, weighted_loss: 0.0011, label: 1, bag_size: 580
batch 519, loss: 0.0000, instance_loss: 0.0000, weighted_loss: 0.0000, label: 0, bag_size: 283
batch 539, loss: 0.0001, instance_loss: 0.0008, weighted_loss: 0.0003, label: 1, bag_size: 1372
batch 559, loss: 0.0044, instance_loss: 0.0005, weighted_loss: 0.0032, label: 0, bag_size: 1099
batch 579, loss: 0.0000, instance_loss: 0.0016, weighted_loss: 0.0005, label: 0, bag_size: 851
batch 599, loss: 0.0000, instance_loss: 0.0000, weighted_loss: 0.0000, label: 1, bag_size: 178
batch 619, loss: 0.0000, instance_loss: 0.0493, weighted_loss: 0.0148, label: 0, bag_size: 536
batch 639, loss: 0.0000, instance_loss: 0.0105, weighted_loss: 0.0032, label: 1, bag_size: 1034
batch 659, loss: 0.0105, instance_loss: 0.0000, weighted_loss: 0.0074, label: 1, bag_size: 912
batch 679, loss: 0.0000, instance_loss: 0.0000, weighted_loss: 0.0000, label: 1, bag_size: 1002
batch 699, loss: 0.0000, instance_loss: 0.0398, weighted_loss: 0.0119, label: 0, bag_size: 600


class 0 clustering acc 0.9918149466192171: correct 5574/5620
class 1 clustering acc 0.9823843416370107: correct 5521/5620
Epoch: 31, train_loss: 0.0279, train_clustering_loss:  0.0906, train_error: 0.0100
class 0: acc 0.9853372434017595, correct 336/341
class 1: acc 0.994475138121547, correct 360/362

Val Set, val_loss: 0.3579, val_error: 0.0645, auc: 0.7685
class 0 clustering acc 1.0: correct 1240/1240
class 1 clustering acc 1.0: correct 1240/1240
class 0: acc 0.9664429530201343, correct 144/149
class 1: acc 0.16666666666666666, correct 1/6
EarlyStopping counter: 26 out of 20


batch 19, loss: 0.0005, instance_loss: 0.0002, weighted_loss: 0.0004, label: 1, bag_size: 102
batch 39, loss: 0.0000, instance_loss: 0.0048, weighted_loss: 0.0014, label: 0, bag_size: 341
batch 59, loss: 0.0000, instance_loss: 1.1314, weighted_loss: 0.3394, label: 0, bag_size: 128
batch 79, loss: 0.0000, instance_loss: 0.0281, weighted_loss: 0.0084, label: 0, bag_size: 321
batch 99, loss: 0.0000, instance_loss: 0.0000, weighted_loss: 0.0000, label: 1, bag_size: 646
batch 119, loss: 0.0000, instance_loss: 0.0101, weighted_loss: 0.0030, label: 0, bag_size: 833
batch 139, loss: 0.0000, instance_loss: 0.0109, weighted_loss: 0.0033, label: 0, bag_size: 280
batch 159, loss: 0.0018, instance_loss: 0.0000, weighted_loss: 0.0013, label: 1, bag_size: 1372
batch 179, loss: 0.0082, instance_loss: 0.0000, weighted_loss: 0.0057, label: 1, bag_size: 189
batch 199, loss: 0.0001, instance_loss: 0.0028, weighted_loss: 0.0009, label: 0, bag_size: 272
batch 219, loss: 0.0000, instance_loss: 0.0024, weighted_loss: 0.0007, label: 0, bag_size: 159
batch 239, loss: 0.0000, instance_loss: 0.0000, weighted_loss: 0.0000, label: 0, bag_size: 1329
batch 259, loss: 0.0000, instance_loss: 0.0000, weighted_loss: 0.0000, label: 1, bag_size: 1002
batch 279, loss: 0.0014, instance_loss: 0.0032, weighted_loss: 0.0019, label: 0, bag_size: 144
batch 299, loss: 0.0005, instance_loss: 0.0000, weighted_loss: 0.0004, label: 0, bag_size: 327
batch 319, loss: 0.0004, instance_loss: 0.0000, weighted_loss: 0.0003, label: 1, bag_size: 1372
batch 339, loss: 0.0000, instance_loss: 0.0017, weighted_loss: 0.0005, label: 1, bag_size: 641
batch 359, loss: 0.0000, instance_loss: 0.0002, weighted_loss: 0.0001, label: 0, bag_size: 4966
batch 379, loss: 0.0031, instance_loss: 0.0005, weighted_loss: 0.0024, label: 1, bag_size: 162
batch 399, loss: 0.0000, instance_loss: 0.2295, weighted_loss: 0.0688, label: 1, bag_size: 226
batch 419, loss: 0.0000, instance_loss: 0.1258, weighted_loss: 0.0377, label: 0, bag_size: 100
batch 439, loss: 0.0000, instance_loss: 0.0953, weighted_loss: 0.0286, label: 0, bag_size: 370
batch 459, loss: 0.0000, instance_loss: 0.0010, weighted_loss: 0.0003, label: 1, bag_size: 226
batch 479, loss: 0.0000, instance_loss: 0.0000, weighted_loss: 0.0000, label: 1, bag_size: 903
batch 499, loss: 0.0001, instance_loss: 0.0541, weighted_loss: 0.0163, label: 0, bag_size: 327
batch 519, loss: 0.0000, instance_loss: 0.3009, weighted_loss: 0.0903, label: 0, bag_size: 212
batch 539, loss: 0.0003, instance_loss: 0.0000, weighted_loss: 0.0002, label: 0, bag_size: 873
batch 559, loss: 0.0000, instance_loss: 0.0003, weighted_loss: 0.0001, label: 1, bag_size: 356
batch 579, loss: 0.0000, instance_loss: 0.0000, weighted_loss: 0.0000, label: 0, bag_size: 1299
batch 599, loss: 0.0000, instance_loss: 0.0004, weighted_loss: 0.0001, label: 0, bag_size: 463
batch 619, loss: 0.0000, instance_loss: 0.0000, weighted_loss: 0.0000, label: 1, bag_size: 1002
batch 639, loss: 0.0004, instance_loss: 0.0006, weighted_loss: 0.0005, label: 1, bag_size: 1372
batch 659, loss: 0.0008, instance_loss: 1.1763, weighted_loss: 0.3534, label: 0, bag_size: 121
batch 679, loss: 0.4293, instance_loss: 0.0000, weighted_loss: 0.3005, label: 1, bag_size: 903
batch 699, loss: 0.0018, instance_loss: 0.0000, weighted_loss: 0.0013, label: 1, bag_size: 163


class 0 clustering acc 0.9950213371266002: correct 5596/5624
class 1 clustering acc 0.9870199146514936: correct 5551/5624
Epoch: 32, train_loss: 0.0026, train_clustering_loss:  0.0595, train_error: 0.0000
class 0: acc 1.0, correct 343/343
class 1: acc 1.0, correct 360/360

Val Set, val_loss: 0.5404, val_error: 0.0968, auc: 0.7517
class 0 clustering acc 1.0: correct 1240/1240
class 1 clustering acc 0.9967741935483871: correct 1236/1240
class 0: acc 0.9328859060402684, correct 139/149
class 1: acc 0.16666666666666666, correct 1/6
EarlyStopping counter: 27 out of 20


batch 19, loss: 0.0000, instance_loss: 0.0000, weighted_loss: 0.0000, label: 0, bag_size: 1061
batch 39, loss: 0.0000, instance_loss: 0.0000, weighted_loss: 0.0000, label: 1, bag_size: 943
batch 59, loss: 0.0000, instance_loss: 0.0028, weighted_loss: 0.0008, label: 0, bag_size: 253
batch 79, loss: 0.0000, instance_loss: 0.0000, weighted_loss: 0.0000, label: 0, bag_size: 1082
batch 99, loss: 0.0097, instance_loss: 0.0000, weighted_loss: 0.0068, label: 1, bag_size: 1437
batch 119, loss: 0.0001, instance_loss: 0.0041, weighted_loss: 0.0013, label: 0, bag_size: 971
batch 139, loss: 0.0000, instance_loss: 0.0626, weighted_loss: 0.0188, label: 0, bag_size: 619
batch 159, loss: 0.0003, instance_loss: 1.4659, weighted_loss: 0.4400, label: 0, bag_size: 6
batch 179, loss: 0.5947, instance_loss: 0.0000, weighted_loss: 0.4163, label: 1, bag_size: 1010
batch 199, loss: 0.0004, instance_loss: 0.0043, weighted_loss: 0.0015, label: 0, bag_size: 422
batch 219, loss: 0.0047, instance_loss: 0.0003, weighted_loss: 0.0034, label: 1, bag_size: 903
batch 239, loss: 0.0003, instance_loss: 0.0000, weighted_loss: 0.0002, label: 1, bag_size: 363
batch 259, loss: 0.0023, instance_loss: 0.0000, weighted_loss: 0.0016, label: 1, bag_size: 1400
batch 279, loss: 0.0000, instance_loss: 1.2138, weighted_loss: 0.3642, label: 0, bag_size: 119
batch 299, loss: 0.0056, instance_loss: 0.0000, weighted_loss: 0.0039, label: 1, bag_size: 1400
batch 319, loss: 0.0001, instance_loss: 0.0000, weighted_loss: 0.0001, label: 1, bag_size: 919
batch 339, loss: 0.0000, instance_loss: 0.0000, weighted_loss: 0.0000, label: 1, bag_size: 1136
batch 359, loss: 0.0026, instance_loss: 0.0000, weighted_loss: 0.0018, label: 1, bag_size: 1502
batch 379, loss: 0.0001, instance_loss: 0.0012, weighted_loss: 0.0004, label: 0, bag_size: 973
batch 399, loss: 0.0001, instance_loss: 0.0000, weighted_loss: 0.0001, label: 1, bag_size: 378
batch 419, loss: 0.0001, instance_loss: 0.0000, weighted_loss: 0.0000, label: 1, bag_size: 1074
batch 439, loss: 0.0001, instance_loss: 0.0004, weighted_loss: 0.0002, label: 1, bag_size: 912
batch 459, loss: 0.0000, instance_loss: 0.0033, weighted_loss: 0.0010, label: 0, bag_size: 206
batch 479, loss: 0.0000, instance_loss: 0.0000, weighted_loss: 0.0000, label: 0, bag_size: 474
batch 499, loss: 0.0001, instance_loss: 0.0002, weighted_loss: 0.0001, label: 1, bag_size: 190
batch 519, loss: 0.0004, instance_loss: 0.0004, weighted_loss: 0.0004, label: 1, bag_size: 1409
batch 539, loss: 0.0000, instance_loss: 0.0000, weighted_loss: 0.0000, label: 1, bag_size: 227
batch 559, loss: 0.0006, instance_loss: 0.0015, weighted_loss: 0.0009, label: 0, bag_size: 264
batch 579, loss: 0.0000, instance_loss: 0.0470, weighted_loss: 0.0141, label: 0, bag_size: 352
batch 599, loss: 0.0000, instance_loss: 0.0172, weighted_loss: 0.0052, label: 0, bag_size: 410
batch 619, loss: 0.0026, instance_loss: 0.0000, weighted_loss: 0.0018, label: 1, bag_size: 379
batch 639, loss: 0.0001, instance_loss: 0.0009, weighted_loss: 0.0003, label: 1, bag_size: 646
batch 659, loss: 0.0001, instance_loss: 0.0000, weighted_loss: 0.0001, label: 1, bag_size: 1409
batch 679, loss: 0.0012, instance_loss: 0.0057, weighted_loss: 0.0025, label: 0, bag_size: 671
batch 699, loss: 0.0000, instance_loss: 0.0000, weighted_loss: 0.0000, label: 0, bag_size: 909


class 0 clustering acc 0.9946638207043756: correct 5592/5622
class 1 clustering acc 0.9870152970473142: correct 5549/5622
Epoch: 33, train_loss: 0.0348, train_clustering_loss:  0.0577, train_error: 0.0071
class 0: acc 0.9912790697674418, correct 341/344
class 1: acc 0.9944289693593314, correct 357/359

Val Set, val_loss: 0.4657, val_error: 0.0774, auc: 0.7260
class 0 clustering acc 1.0: correct 1240/1240
class 1 clustering acc 0.967741935483871: correct 1200/1240
class 0: acc 0.9530201342281879, correct 142/149
class 1: acc 0.16666666666666666, correct 1/6
EarlyStopping counter: 28 out of 20


batch 19, loss: 0.0001, instance_loss: 0.0000, weighted_loss: 0.0001, label: 1, bag_size: 162
batch 39, loss: 0.0000, instance_loss: 0.8062, weighted_loss: 0.2419, label: 0, bag_size: 75
batch 59, loss: 0.0000, instance_loss: 0.0188, weighted_loss: 0.0057, label: 0, bag_size: 321
batch 79, loss: 0.0000, instance_loss: 0.0000, weighted_loss: 0.0000, label: 1, bag_size: 376
batch 99, loss: 0.0000, instance_loss: 0.0000, weighted_loss: 0.0000, label: 1, bag_size: 919
batch 119, loss: 0.0000, instance_loss: 0.0537, weighted_loss: 0.0161, label: 0, bag_size: 213
batch 139, loss: 0.0001, instance_loss: 0.0000, weighted_loss: 0.0001, label: 1, bag_size: 376
batch 159, loss: 0.0000, instance_loss: 0.0035, weighted_loss: 0.0011, label: 0, bag_size: 994
batch 179, loss: 0.0021, instance_loss: 0.0160, weighted_loss: 0.0063, label: 1, bag_size: 50
batch 199, loss: 0.0058, instance_loss: 0.0000, weighted_loss: 0.0041, label: 1, bag_size: 919
batch 219, loss: 0.0000, instance_loss: 0.0638, weighted_loss: 0.0191, label: 0, bag_size: 610
batch 239, loss: 0.0000, instance_loss: 0.2748, weighted_loss: 0.0824, label: 0, bag_size: 72
batch 259, loss: 0.0000, instance_loss: 0.0000, weighted_loss: 0.0000, label: 1, bag_size: 152
batch 279, loss: 0.0000, instance_loss: 0.0011, weighted_loss: 0.0003, label: 0, bag_size: 891
batch 299, loss: 0.0002, instance_loss: 0.0031, weighted_loss: 0.0011, label: 1, bag_size: 190
batch 319, loss: 0.0000, instance_loss: 0.0005, weighted_loss: 0.0001, label: 0, bag_size: 474
batch 339, loss: 0.0000, instance_loss: 2.0180, weighted_loss: 0.6054, label: 0, bag_size: 152
batch 359, loss: 0.0000, instance_loss: 0.1154, weighted_loss: 0.0346, label: 0, bag_size: 657
batch 379, loss: 0.0000, instance_loss: 0.0004, weighted_loss: 0.0001, label: 1, bag_size: 132
batch 399, loss: 0.0011, instance_loss: 0.0000, weighted_loss: 0.0008, label: 1, bag_size: 912
batch 419, loss: 0.0001, instance_loss: 0.0000, weighted_loss: 0.0001, label: 1, bag_size: 919
batch 439, loss: 0.0009, instance_loss: 0.0002, weighted_loss: 0.0007, label: 0, bag_size: 431
batch 459, loss: 0.0020, instance_loss: 0.0006, weighted_loss: 0.0016, label: 1, bag_size: 102
batch 479, loss: 0.0003, instance_loss: 0.0125, weighted_loss: 0.0040, label: 0, bag_size: 947
batch 499, loss: 0.0000, instance_loss: 0.0042, weighted_loss: 0.0013, label: 1, bag_size: 227
batch 519, loss: 0.0000, instance_loss: 0.0000, weighted_loss: 0.0000, label: 0, bag_size: 545
batch 539, loss: 0.0005, instance_loss: 0.0471, weighted_loss: 0.0145, label: 1, bag_size: 50
batch 559, loss: 0.0000, instance_loss: 0.0187, weighted_loss: 0.0056, label: 0, bag_size: 177
batch 579, loss: 0.0000, instance_loss: 0.0059, weighted_loss: 0.0018, label: 0, bag_size: 934
batch 599, loss: 0.0001, instance_loss: 0.0054, weighted_loss: 0.0017, label: 0, bag_size: 802
batch 619, loss: 0.0000, instance_loss: 0.0067, weighted_loss: 0.0020, label: 0, bag_size: 104
batch 639, loss: 0.0004, instance_loss: 0.0000, weighted_loss: 0.0003, label: 1, bag_size: 1409
batch 659, loss: 0.0000, instance_loss: 0.0017, weighted_loss: 0.0005, label: 0, bag_size: 300
batch 679, loss: 0.0021, instance_loss: 0.0165, weighted_loss: 0.0064, label: 1, bag_size: 170
batch 699, loss: 0.0000, instance_loss: 0.0039, weighted_loss: 0.0012, label: 1, bag_size: 178


class 0 clustering acc 0.9943100995732574: correct 5592/5624
class 1 clustering acc 0.9839971550497866: correct 5534/5624
Epoch: 34, train_loss: 0.0021, train_clustering_loss:  0.0710, train_error: 0.0000
class 0: acc 1.0, correct 350/350
class 1: acc 1.0, correct 353/353

Val Set, val_loss: 0.5150, val_error: 0.0774, auc: 0.7260
class 0 clustering acc 1.0: correct 1240/1240
class 1 clustering acc 0.9870967741935484: correct 1224/1240
class 0: acc 0.9530201342281879, correct 142/149
class 1: acc 0.16666666666666666, correct 1/6
EarlyStopping counter: 29 out of 20


batch 19, loss: 0.0000, instance_loss: 0.0002, weighted_loss: 0.0001, label: 1, bag_size: 903
batch 39, loss: 0.0046, instance_loss: 0.0033, weighted_loss: 0.0042, label: 0, bag_size: 950
batch 59, loss: 0.0000, instance_loss: 0.0711, weighted_loss: 0.0213, label: 0, bag_size: 157
batch 79, loss: 0.0001, instance_loss: 0.0002, weighted_loss: 0.0001, label: 1, bag_size: 1437
batch 99, loss: 0.0000, instance_loss: 0.0028, weighted_loss: 0.0008, label: 1, bag_size: 190
batch 119, loss: 0.0001, instance_loss: 0.0000, weighted_loss: 0.0001, label: 1, bag_size: 1082
batch 139, loss: 0.0003, instance_loss: 0.0005, weighted_loss: 0.0003, label: 1, bag_size: 1372
batch 159, loss: 0.0000, instance_loss: 0.0029, weighted_loss: 0.0009, label: 0, bag_size: 732
batch 179, loss: 0.0000, instance_loss: 0.0005, weighted_loss: 0.0001, label: 0, bag_size: 1285
batch 199, loss: 0.0000, instance_loss: 0.0117, weighted_loss: 0.0035, label: 0, bag_size: 862
batch 219, loss: 0.0000, instance_loss: 0.0120, weighted_loss: 0.0036, label: 1, bag_size: 178
batch 239, loss: 0.0002, instance_loss: 0.0007, weighted_loss: 0.0003, label: 1, bag_size: 378
batch 259, loss: 0.0001, instance_loss: 0.0000, weighted_loss: 0.0000, label: 1, bag_size: 1502
batch 279, loss: 0.0000, instance_loss: 0.0000, weighted_loss: 0.0000, label: 0, bag_size: 1031
batch 299, loss: 0.0000, instance_loss: 0.0000, weighted_loss: 0.0000, label: 0, bag_size: 1321
batch 319, loss: 0.0000, instance_loss: 0.0000, weighted_loss: 0.0000, label: 1, bag_size: 1082
batch 339, loss: 0.0000, instance_loss: 0.0069, weighted_loss: 0.0021, label: 1, bag_size: 190
batch 359, loss: 0.0000, instance_loss: 0.0066, weighted_loss: 0.0020, label: 0, bag_size: 176
batch 379, loss: 0.0000, instance_loss: 0.0005, weighted_loss: 0.0001, label: 0, bag_size: 1379
batch 399, loss: 0.0001, instance_loss: 0.0000, weighted_loss: 0.0001, label: 1, bag_size: 646
batch 419, loss: 0.0002, instance_loss: 0.0000, weighted_loss: 0.0001, label: 0, bag_size: 1078
batch 439, loss: 0.0000, instance_loss: 0.2242, weighted_loss: 0.0673, label: 1, bag_size: 226
batch 459, loss: 0.0000, instance_loss: 0.0000, weighted_loss: 0.0000, label: 1, bag_size: 1136
batch 479, loss: 0.0000, instance_loss: 0.0557, weighted_loss: 0.0167, label: 0, bag_size: 430
batch 499, loss: 0.0000, instance_loss: 0.0124, weighted_loss: 0.0037, label: 0, bag_size: 425
batch 519, loss: 0.0002, instance_loss: 0.0230, weighted_loss: 0.0070, label: 1, bag_size: 121
batch 539, loss: 0.0000, instance_loss: 0.0733, weighted_loss: 0.0220, label: 0, bag_size: 181
batch 559, loss: 0.0011, instance_loss: 0.0000, weighted_loss: 0.0008, label: 1, bag_size: 1409
batch 579, loss: 0.0000, instance_loss: 0.0000, weighted_loss: 0.0000, label: 0, bag_size: 406
batch 599, loss: 0.0002, instance_loss: 0.0000, weighted_loss: 0.0001, label: 1, bag_size: 580
batch 619, loss: 0.0000, instance_loss: 0.0000, weighted_loss: 0.0000, label: 1, bag_size: 132
batch 639, loss: 0.0000, instance_loss: 0.0069, weighted_loss: 0.0021, label: 0, bag_size: 704
batch 659, loss: 0.0004, instance_loss: 0.0000, weighted_loss: 0.0003, label: 1, bag_size: 1016
batch 679, loss: 0.0000, instance_loss: 0.0000, weighted_loss: 0.0000, label: 0, bag_size: 1285
batch 699, loss: 0.0009, instance_loss: 0.0000, weighted_loss: 0.0006, label: 1, bag_size: 1034


class 0 clustering acc 0.993421052631579: correct 5587/5624
class 1 clustering acc 0.982574679943101: correct 5526/5624
Epoch: 35, train_loss: 0.0009, train_clustering_loss:  0.0731, train_error: 0.0000
class 0: acc 1.0, correct 354/354
class 1: acc 1.0, correct 349/349

Val Set, val_loss: 0.5542, val_error: 0.0774, auc: 0.6711
class 0 clustering acc 1.0: correct 1240/1240
class 1 clustering acc 0.9943548387096774: correct 1233/1240
class 0: acc 0.9530201342281879, correct 142/149
class 1: acc 0.16666666666666666, correct 1/6
EarlyStopping counter: 30 out of 20


batch 19, loss: 0.0000, instance_loss: 0.0003, weighted_loss: 0.0001, label: 1, bag_size: 170
batch 39, loss: 0.0001, instance_loss: 0.0000, weighted_loss: 0.0001, label: 1, bag_size: 376
batch 59, loss: 0.0001, instance_loss: 0.0011, weighted_loss: 0.0004, label: 1, bag_size: 121
batch 79, loss: 0.0014, instance_loss: 0.0095, weighted_loss: 0.0038, label: 0, bag_size: 418
batch 99, loss: 0.0001, instance_loss: 0.0054, weighted_loss: 0.0017, label: 1, bag_size: 912
batch 119, loss: 0.0001, instance_loss: 0.0000, weighted_loss: 0.0000, label: 1, bag_size: 912
batch 139, loss: 0.0000, instance_loss: 0.0116, weighted_loss: 0.0035, label: 0, bag_size: 99
batch 159, loss: 0.0001, instance_loss: 0.0000, weighted_loss: 0.0001, label: 1, bag_size: 378
batch 179, loss: 0.0000, instance_loss: 0.0000, weighted_loss: 0.0000, label: 1, bag_size: 1074
batch 199, loss: 0.0000, instance_loss: 0.0120, weighted_loss: 0.0036, label: 0, bag_size: 466
batch 219, loss: 0.0001, instance_loss: 0.0199, weighted_loss: 0.0060, label: 0, bag_size: 129
batch 239, loss: 0.0001, instance_loss: 0.0000, weighted_loss: 0.0001, label: 1, bag_size: 376
batch 259, loss: 0.0000, instance_loss: 1.9820, weighted_loss: 0.5946, label: 0, bag_size: 395
batch 279, loss: 0.0000, instance_loss: 0.0026, weighted_loss: 0.0008, label: 0, bag_size: 560
batch 299, loss: 0.0000, instance_loss: 0.0003, weighted_loss: 0.0001, label: 1, bag_size: 580
batch 319, loss: 0.0000, instance_loss: 0.0011, weighted_loss: 0.0003, label: 1, bag_size: 646
batch 339, loss: 0.0000, instance_loss: 0.0000, weighted_loss: 0.0000, label: 1, bag_size: 1136
batch 359, loss: 0.0000, instance_loss: 0.0165, weighted_loss: 0.0050, label: 0, bag_size: 335
batch 379, loss: 0.0000, instance_loss: 0.0015, weighted_loss: 0.0005, label: 0, bag_size: 1246
batch 399, loss: 0.0001, instance_loss: 0.0259, weighted_loss: 0.0079, label: 1, bag_size: 163
batch 419, loss: 0.0002, instance_loss: 0.0000, weighted_loss: 0.0001, label: 1, bag_size: 1034
batch 439, loss: 0.0001, instance_loss: 0.0000, weighted_loss: 0.0001, label: 1, bag_size: 378
batch 459, loss: 0.0000, instance_loss: 0.0000, weighted_loss: 0.0000, label: 1, bag_size: 1082
batch 479, loss: 0.0000, instance_loss: 0.0082, weighted_loss: 0.0025, label: 1, bag_size: 50
batch 499, loss: 0.0001, instance_loss: 0.0002, weighted_loss: 0.0001, label: 1, bag_size: 163
batch 519, loss: 0.0000, instance_loss: 0.0000, weighted_loss: 0.0000, label: 1, bag_size: 1136
batch 539, loss: 0.0000, instance_loss: 0.0126, weighted_loss: 0.0038, label: 1, bag_size: 227
batch 559, loss: 0.0000, instance_loss: 0.0000, weighted_loss: 0.0000, label: 0, bag_size: 265
batch 579, loss: 0.0002, instance_loss: 0.0258, weighted_loss: 0.0079, label: 0, bag_size: 144
batch 599, loss: 0.0000, instance_loss: 0.0268, weighted_loss: 0.0080, label: 0, bag_size: 475
batch 619, loss: 0.0000, instance_loss: 0.0000, weighted_loss: 0.0000, label: 1, bag_size: 167
batch 639, loss: 0.0013, instance_loss: 0.0000, weighted_loss: 0.0009, label: 1, bag_size: 1400
batch 659, loss: 0.0000, instance_loss: 0.0206, weighted_loss: 0.0062, label: 0, bag_size: 249
batch 679, loss: 0.0000, instance_loss: 0.0011, weighted_loss: 0.0003, label: 1, bag_size: 152
batch 699, loss: 0.0000, instance_loss: 0.0008, weighted_loss: 0.0002, label: 0, bag_size: 619


class 0 clustering acc 0.9937744574884383: correct 5587/5622
class 1 clustering acc 0.9848808253290644: correct 5537/5622
Epoch: 36, train_loss: 0.0081, train_clustering_loss:  0.0641, train_error: 0.0028
class 0: acc 0.9969788519637462, correct 330/331
class 1: acc 0.9973118279569892, correct 371/372

Val Set, val_loss: 0.7927, val_error: 0.1226, auc: 0.6711
class 0 clustering acc 1.0: correct 1240/1240
class 1 clustering acc 0.9790322580645161: correct 1214/1240
class 0: acc 0.9060402684563759, correct 135/149
class 1: acc 0.16666666666666666, correct 1/6
EarlyStopping counter: 31 out of 20


batch 19, loss: 0.0001, instance_loss: 0.0234, weighted_loss: 0.0071, label: 0, bag_size: 99
batch 39, loss: 0.0000, instance_loss: 0.0005, weighted_loss: 0.0002, label: 0, bag_size: 1151
batch 59, loss: 0.0000, instance_loss: 0.1180, weighted_loss: 0.0354, label: 0, bag_size: 78
batch 79, loss: 0.0000, instance_loss: 0.0198, weighted_loss: 0.0060, label: 0, bag_size: 439
batch 99, loss: 0.0000, instance_loss: 0.0009, weighted_loss: 0.0003, label: 1, bag_size: 167
batch 119, loss: 0.0000, instance_loss: 0.0013, weighted_loss: 0.0004, label: 0, bag_size: 943
batch 139, loss: 0.0093, instance_loss: 0.0000, weighted_loss: 0.0065, label: 1, bag_size: 1010
batch 159, loss: 0.0000, instance_loss: 0.0265, weighted_loss: 0.0080, label: 0, bag_size: 197
batch 179, loss: 0.0000, instance_loss: 0.0027, weighted_loss: 0.0008, label: 1, bag_size: 189
batch 199, loss: 0.0000, instance_loss: 0.0432, weighted_loss: 0.0130, label: 0, bag_size: 248
batch 219, loss: 0.0001, instance_loss: 0.2269, weighted_loss: 0.0681, label: 0, bag_size: 177
batch 239, loss: 0.0000, instance_loss: 0.0062, weighted_loss: 0.0019, label: 0, bag_size: 611
batch 259, loss: 0.0000, instance_loss: 0.0067, weighted_loss: 0.0020, label: 0, bag_size: 1040
batch 279, loss: 0.0000, instance_loss: 0.0765, weighted_loss: 0.0230, label: 0, bag_size: 1154
batch 299, loss: 0.0000, instance_loss: 0.0065, weighted_loss: 0.0020, label: 0, bag_size: 816
batch 319, loss: 0.0000, instance_loss: 1.8012, weighted_loss: 0.5404, label: 0, bag_size: 143
batch 339, loss: 0.0000, instance_loss: 0.0026, weighted_loss: 0.0008, label: 1, bag_size: 132
batch 359, loss: 0.0000, instance_loss: 0.0004, weighted_loss: 0.0001, label: 1, bag_size: 912
batch 379, loss: 0.0000, instance_loss: 0.0453, weighted_loss: 0.0136, label: 1, bag_size: 132
batch 399, loss: 0.0000, instance_loss: 0.0000, weighted_loss: 0.0000, label: 1, bag_size: 170
batch 419, loss: 0.0000, instance_loss: 0.0004, weighted_loss: 0.0001, label: 1, bag_size: 580
batch 439, loss: 0.0000, instance_loss: 0.0000, weighted_loss: 0.0000, label: 1, bag_size: 646
batch 459, loss: 0.0001, instance_loss: 0.0023, weighted_loss: 0.0008, label: 0, bag_size: 156
batch 479, loss: 0.0000, instance_loss: 0.0097, weighted_loss: 0.0029, label: 1, bag_size: 1260
batch 499, loss: 0.0000, instance_loss: 0.0000, weighted_loss: 0.0000, label: 1, bag_size: 160
batch 519, loss: 0.0002, instance_loss: 0.0000, weighted_loss: 0.0001, label: 1, bag_size: 163
batch 539, loss: 0.0000, instance_loss: 0.0135, weighted_loss: 0.0041, label: 0, bag_size: 176
batch 559, loss: 0.0001, instance_loss: 0.0006, weighted_loss: 0.0002, label: 0, bag_size: 273
batch 579, loss: 0.0000, instance_loss: 0.0000, weighted_loss: 0.0000, label: 0, bag_size: 276
batch 599, loss: 0.0000, instance_loss: 0.0013, weighted_loss: 0.0004, label: 0, bag_size: 288
batch 619, loss: 0.0000, instance_loss: 0.0000, weighted_loss: 0.0000, label: 1, bag_size: 845
batch 639, loss: 0.0002, instance_loss: 0.0000, weighted_loss: 0.0002, label: 1, bag_size: 363
batch 659, loss: 0.0000, instance_loss: 0.0060, weighted_loss: 0.0018, label: 0, bag_size: 327
batch 679, loss: 0.0000, instance_loss: 0.0000, weighted_loss: 0.0000, label: 1, bag_size: 1136
batch 699, loss: 0.0000, instance_loss: 0.0000, weighted_loss: 0.0000, label: 1, bag_size: 646


class 0 clustering acc 0.9953769559032717: correct 5598/5624
class 1 clustering acc 0.9822190611664295: correct 5524/5624
Epoch: 37, train_loss: 0.0228, train_clustering_loss:  0.0614, train_error: 0.0043
class 0: acc 0.9971671388101983, correct 352/353
class 1: acc 0.9942857142857143, correct 348/350

Val Set, val_loss: 0.4331, val_error: 0.0903, auc: 0.7942
class 0 clustering acc 1.0: correct 1240/1240
class 1 clustering acc 0.9903225806451613: correct 1228/1240
class 0: acc 0.9395973154362416, correct 140/149
class 1: acc 0.16666666666666666, correct 1/6
EarlyStopping counter: 32 out of 20


batch 19, loss: 0.0000, instance_loss: 0.1872, weighted_loss: 0.0562, label: 0, bag_size: 75
batch 39, loss: 0.0000, instance_loss: 0.0293, weighted_loss: 0.0088, label: 0, bag_size: 538
batch 59, loss: 0.0000, instance_loss: 0.0053, weighted_loss: 0.0016, label: 0, bag_size: 176
batch 79, loss: 0.0012, instance_loss: 0.0111, weighted_loss: 0.0042, label: 1, bag_size: 178
batch 99, loss: 0.0000, instance_loss: 0.0009, weighted_loss: 0.0003, label: 1, bag_size: 1136
batch 119, loss: 0.0001, instance_loss: 0.0310, weighted_loss: 0.0094, label: 1, bag_size: 1082
batch 139, loss: 0.0000, instance_loss: 0.0081, weighted_loss: 0.0024, label: 0, bag_size: 626
batch 159, loss: 0.0000, instance_loss: 0.0000, weighted_loss: 0.0000, label: 0, bag_size: 894
batch 179, loss: 0.0001, instance_loss: 0.0036, weighted_loss: 0.0011, label: 0, bag_size: 600
batch 199, loss: 0.0000, instance_loss: 4.2185, weighted_loss: 1.2656, label: 0, bag_size: 100
batch 219, loss: 0.0000, instance_loss: 0.0065, weighted_loss: 0.0019, label: 0, bag_size: 619
batch 239, loss: 0.0000, instance_loss: 0.3796, weighted_loss: 0.1139, label: 0, bag_size: 197
batch 259, loss: 0.0010, instance_loss: 0.0005, weighted_loss: 0.0008, label: 1, bag_size: 646
batch 279, loss: 0.0000, instance_loss: 0.1069, weighted_loss: 0.0321, label: 0, bag_size: 182
batch 299, loss: 0.0005, instance_loss: 0.0000, weighted_loss: 0.0003, label: 1, bag_size: 1409
batch 319, loss: 0.0000, instance_loss: 0.0043, weighted_loss: 0.0013, label: 0, bag_size: 977
batch 339, loss: 0.0221, instance_loss: 0.0000, weighted_loss: 0.0155, label: 0, bag_size: 386
batch 359, loss: 0.0000, instance_loss: 0.0735, weighted_loss: 0.0221, label: 0, bag_size: 140
batch 379, loss: 0.0000, instance_loss: 0.0014, weighted_loss: 0.0004, label: 0, bag_size: 1031
batch 399, loss: 0.0001, instance_loss: 0.0391, weighted_loss: 0.0118, label: 0, bag_size: 467
batch 419, loss: 0.0000, instance_loss: 0.0169, weighted_loss: 0.0051, label: 0, bag_size: 895
batch 439, loss: 0.0000, instance_loss: 0.0159, weighted_loss: 0.0048, label: 0, bag_size: 314
batch 459, loss: 0.0000, instance_loss: 0.0002, weighted_loss: 0.0001, label: 1, bag_size: 227
batch 479, loss: 0.0083, instance_loss: 0.0002, weighted_loss: 0.0059, label: 0, bag_size: 1125
batch 499, loss: 0.0000, instance_loss: 0.0434, weighted_loss: 0.0130, label: 0, bag_size: 627
batch 519, loss: 0.0000, instance_loss: 0.0380, weighted_loss: 0.0114, label: 0, bag_size: 389
batch 539, loss: 0.0003, instance_loss: 0.0004, weighted_loss: 0.0003, label: 1, bag_size: 189
batch 559, loss: 0.0106, instance_loss: 0.0000, weighted_loss: 0.0074, label: 1, bag_size: 1002
batch 579, loss: 0.0000, instance_loss: 0.0219, weighted_loss: 0.0066, label: 0, bag_size: 737
batch 599, loss: 0.0000, instance_loss: 0.0670, weighted_loss: 0.0201, label: 0, bag_size: 235
batch 619, loss: 0.0012, instance_loss: 0.0000, weighted_loss: 0.0008, label: 1, bag_size: 378
batch 639, loss: 0.0031, instance_loss: 0.0000, weighted_loss: 0.0022, label: 1, bag_size: 943
batch 659, loss: 0.0000, instance_loss: 0.0069, weighted_loss: 0.0021, label: 0, bag_size: 250
batch 679, loss: 0.0000, instance_loss: 0.0000, weighted_loss: 0.0000, label: 1, bag_size: 1074
batch 699, loss: 0.0000, instance_loss: 0.0249, weighted_loss: 0.0075, label: 0, bag_size: 108


class 0 clustering acc 0.9925320056899004: correct 5582/5624
class 1 clustering acc 0.9772403982930299: correct 5496/5624
Epoch: 38, train_loss: 0.0623, train_clustering_loss:  0.0859, train_error: 0.0128
class 0: acc 0.9886363636363636, correct 348/352
class 1: acc 0.9857549857549858, correct 346/351

Val Set, val_loss: 0.5579, val_error: 0.0903, auc: 0.7416
class 0 clustering acc 1.0: correct 1240/1240
class 1 clustering acc 0.9911290322580645: correct 1229/1240
class 0: acc 0.9463087248322147, correct 141/149
class 1: acc 0.0, correct 0/6
EarlyStopping counter: 33 out of 20


batch 19, loss: 0.0000, instance_loss: 0.0127, weighted_loss: 0.0038, label: 0, bag_size: 262
batch 39, loss: 0.0000, instance_loss: 0.0111, weighted_loss: 0.0033, label: 0, bag_size: 196
batch 59, loss: 0.0000, instance_loss: 0.0000, weighted_loss: 0.0000, label: 1, bag_size: 1136
batch 79, loss: 0.0002, instance_loss: 0.0000, weighted_loss: 0.0001, label: 1, bag_size: 1502
batch 99, loss: 0.0000, instance_loss: 0.0078, weighted_loss: 0.0023, label: 0, bag_size: 341
batch 119, loss: 0.0000, instance_loss: 0.0052, weighted_loss: 0.0016, label: 0, bag_size: 177
batch 139, loss: 0.0018, instance_loss: 0.0000, weighted_loss: 0.0013, label: 1, bag_size: 1034
batch 159, loss: 0.0000, instance_loss: 0.0417, weighted_loss: 0.0125, label: 0, bag_size: 235
batch 179, loss: 0.0000, instance_loss: 0.0069, weighted_loss: 0.0021, label: 0, bag_size: 206
batch 199, loss: 0.0000, instance_loss: 0.0132, weighted_loss: 0.0040, label: 0, bag_size: 432
batch 219, loss: 0.0000, instance_loss: 0.0059, weighted_loss: 0.0018, label: 0, bag_size: 236
batch 239, loss: 0.0012, instance_loss: 0.0012, weighted_loss: 0.0012, label: 0, bag_size: 97
batch 259, loss: 0.0001, instance_loss: 0.0000, weighted_loss: 0.0001, label: 1, bag_size: 363
batch 279, loss: 0.0000, instance_loss: 0.0098, weighted_loss: 0.0029, label: 0, bag_size: 206
batch 299, loss: 0.0002, instance_loss: 0.0000, weighted_loss: 0.0001, label: 1, bag_size: 1260
batch 319, loss: 0.0000, instance_loss: 0.1940, weighted_loss: 0.0582, label: 0, bag_size: 134
batch 339, loss: 0.0002, instance_loss: 0.0000, weighted_loss: 0.0002, label: 1, bag_size: 132
batch 359, loss: 0.0001, instance_loss: 0.0000, weighted_loss: 0.0001, label: 1, bag_size: 1409
batch 379, loss: 0.0000, instance_loss: 0.0350, weighted_loss: 0.0105, label: 0, bag_size: 138
batch 399, loss: 0.0000, instance_loss: 0.0000, weighted_loss: 0.0000, label: 0, bag_size: 1213
batch 419, loss: 0.0054, instance_loss: 0.0012, weighted_loss: 0.0041, label: 0, bag_size: 691
batch 439, loss: 0.0029, instance_loss: 0.0000, weighted_loss: 0.0020, label: 0, bag_size: 529
batch 459, loss: 0.0000, instance_loss: 0.0102, weighted_loss: 0.0030, label: 0, bag_size: 335
batch 479, loss: 0.0000, instance_loss: 0.0000, weighted_loss: 0.0000, label: 0, bag_size: 1023
batch 499, loss: 0.0000, instance_loss: 0.0003, weighted_loss: 0.0001, label: 0, bag_size: 340
batch 519, loss: 0.0000, instance_loss: 0.0040, weighted_loss: 0.0012, label: 0, bag_size: 224
batch 539, loss: 0.0002, instance_loss: 0.0189, weighted_loss: 0.0058, label: 0, bag_size: 104
batch 559, loss: 0.0054, instance_loss: 0.0000, weighted_loss: 0.0038, label: 0, bag_size: 603
batch 579, loss: 0.0113, instance_loss: 0.0002, weighted_loss: 0.0080, label: 0, bag_size: 97
batch 599, loss: 0.0000, instance_loss: 0.0532, weighted_loss: 0.0160, label: 0, bag_size: 109
batch 619, loss: 0.0000, instance_loss: 0.0000, weighted_loss: 0.0000, label: 1, bag_size: 1502
batch 639, loss: 0.0000, instance_loss: 0.0032, weighted_loss: 0.0010, label: 0, bag_size: 161
batch 659, loss: 0.0000, instance_loss: 0.0009, weighted_loss: 0.0003, label: 0, bag_size: 251
batch 679, loss: 0.0000, instance_loss: 0.0000, weighted_loss: 0.0000, label: 1, bag_size: 227
batch 699, loss: 0.0000, instance_loss: 0.0009, weighted_loss: 0.0003, label: 0, bag_size: 393


class 0 clustering acc 0.9983997155049786: correct 5615/5624
class 1 clustering acc 0.9912873399715505: correct 5575/5624
Epoch: 39, train_loss: 0.0142, train_clustering_loss:  0.0287, train_error: 0.0057
class 0: acc 0.9942528735632183, correct 346/348
class 1: acc 0.9943661971830986, correct 353/355

Val Set, val_loss: 0.7572, val_error: 0.1097, auc: 0.7617
class 0 clustering acc 1.0: correct 1240/1240
class 1 clustering acc 1.0: correct 1240/1240
class 0: acc 0.9194630872483222, correct 137/149
class 1: acc 0.16666666666666666, correct 1/6
EarlyStopping counter: 34 out of 20


batch 19, loss: 0.0006, instance_loss: 0.0000, weighted_loss: 0.0004, label: 1, bag_size: 646
batch 39, loss: 0.0000, instance_loss: 0.0005, weighted_loss: 0.0001, label: 0, bag_size: 760
batch 59, loss: 0.0001, instance_loss: 0.0004, weighted_loss: 0.0002, label: 0, bag_size: 61
batch 79, loss: 0.0006, instance_loss: 0.0000, weighted_loss: 0.0004, label: 0, bag_size: 603
batch 99, loss: 0.0005, instance_loss: 0.0003, weighted_loss: 0.0005, label: 1, bag_size: 1002
batch 119, loss: 0.0000, instance_loss: 0.0087, weighted_loss: 0.0026, label: 1, bag_size: 903
batch 139, loss: 0.0000, instance_loss: 0.0000, weighted_loss: 0.0000, label: 1, bag_size: 1437
batch 159, loss: 0.0007, instance_loss: 0.0000, weighted_loss: 0.0005, label: 1, bag_size: 845
batch 179, loss: 0.0000, instance_loss: 0.0010, weighted_loss: 0.0003, label: 0, bag_size: 213
batch 199, loss: 0.0000, instance_loss: 0.0067, weighted_loss: 0.0020, label: 0, bag_size: 162
batch 219, loss: 0.0066, instance_loss: 0.0000, weighted_loss: 0.0046, label: 1, bag_size: 919
batch 239, loss: 0.0000, instance_loss: 0.0002, weighted_loss: 0.0001, label: 0, bag_size: 233
batch 259, loss: 0.0000, instance_loss: 0.0000, weighted_loss: 0.0000, label: 0, bag_size: 425
batch 279, loss: 0.0000, instance_loss: 0.0000, weighted_loss: 0.0000, label: 1, bag_size: 641
batch 299, loss: 0.0000, instance_loss: 0.0000, weighted_loss: 0.0000, label: 0, bag_size: 583
batch 319, loss: 0.0000, instance_loss: 0.0000, weighted_loss: 0.0000, label: 1, bag_size: 378
batch 339, loss: 0.0002, instance_loss: 0.0000, weighted_loss: 0.0001, label: 1, bag_size: 1372
batch 359, loss: 0.0000, instance_loss: 0.0268, weighted_loss: 0.0080, label: 0, bag_size: 123
batch 379, loss: 0.0000, instance_loss: 0.0003, weighted_loss: 0.0001, label: 0, bag_size: 989
batch 399, loss: 0.0000, instance_loss: 0.0000, weighted_loss: 0.0000, label: 1, bag_size: 363
batch 419, loss: 0.0000, instance_loss: 0.0602, weighted_loss: 0.0181, label: 0, bag_size: 109
batch 439, loss: 0.0000, instance_loss: 0.0000, weighted_loss: 0.0000, label: 1, bag_size: 1437
batch 459, loss: 0.0010, instance_loss: 0.0000, weighted_loss: 0.0007, label: 1, bag_size: 1409
batch 479, loss: 0.0002, instance_loss: 0.0000, weighted_loss: 0.0001, label: 1, bag_size: 1437
batch 499, loss: 0.0000, instance_loss: 0.0057, weighted_loss: 0.0017, label: 0, bag_size: 281
batch 519, loss: 0.0000, instance_loss: 0.0000, weighted_loss: 0.0000, label: 1, bag_size: 356
batch 539, loss: 0.0000, instance_loss: 0.0000, weighted_loss: 0.0000, label: 1, bag_size: 170
batch 559, loss: 0.0007, instance_loss: 0.0000, weighted_loss: 0.0005, label: 1, bag_size: 1002
batch 579, loss: 0.0000, instance_loss: 0.0047, weighted_loss: 0.0014, label: 0, bag_size: 366
batch 599, loss: 0.0000, instance_loss: 0.0010, weighted_loss: 0.0003, label: 0, bag_size: 346
batch 619, loss: 0.0000, instance_loss: 0.0000, weighted_loss: 0.0000, label: 0, bag_size: 1436
batch 639, loss: 0.0000, instance_loss: 0.0005, weighted_loss: 0.0002, label: 0, bag_size: 1226
batch 659, loss: 0.0000, instance_loss: 0.0000, weighted_loss: 0.0000, label: 1, bag_size: 1502
batch 679, loss: 0.0000, instance_loss: 0.0002, weighted_loss: 0.0001, label: 0, bag_size: 1208
batch 699, loss: 0.0000, instance_loss: 0.0029, weighted_loss: 0.0009, label: 0, bag_size: 253


class 0 clustering acc 0.998220640569395: correct 5610/5620
class 1 clustering acc 0.9962633451957296: correct 5599/5620
Epoch: 40, train_loss: 0.0012, train_clustering_loss:  0.0117, train_error: 0.0000
class 0: acc 1.0, correct 354/354
class 1: acc 1.0, correct 349/349

Val Set, val_loss: 0.6302, val_error: 0.0839, auc: 0.7774
class 0 clustering acc 1.0: correct 1240/1240
class 1 clustering acc 0.9991935483870967: correct 1239/1240
class 0: acc 0.9463087248322147, correct 141/149
class 1: acc 0.16666666666666666, correct 1/6
EarlyStopping counter: 35 out of 20


batch 19, loss: 0.0000, instance_loss: 0.0000, weighted_loss: 0.0000, label: 1, bag_size: 1136
batch 39, loss: 0.0008, instance_loss: 0.0000, weighted_loss: 0.0006, label: 1, bag_size: 1409
batch 59, loss: 0.0000, instance_loss: 0.0012, weighted_loss: 0.0004, label: 0, bag_size: 922
batch 79, loss: 0.0000, instance_loss: 0.0000, weighted_loss: 0.0000, label: 1, bag_size: 190
batch 99, loss: 0.0000, instance_loss: 0.0000, weighted_loss: 0.0000, label: 1, bag_size: 378
batch 119, loss: 0.0000, instance_loss: 0.0010, weighted_loss: 0.0003, label: 0, bag_size: 833
batch 139, loss: 0.0001, instance_loss: 0.0000, weighted_loss: 0.0000, label: 1, bag_size: 903
batch 159, loss: 0.0000, instance_loss: 0.0000, weighted_loss: 0.0000, label: 0, bag_size: 393
batch 179, loss: 0.0002, instance_loss: 0.0000, weighted_loss: 0.0001, label: 1, bag_size: 1010
batch 199, loss: 0.0000, instance_loss: 0.0003, weighted_loss: 0.0001, label: 0, bag_size: 253
batch 219, loss: 0.0000, instance_loss: 0.0000, weighted_loss: 0.0000, label: 0, bag_size: 884
batch 239, loss: 0.0000, instance_loss: 0.0016, weighted_loss: 0.0005, label: 0, bag_size: 626
batch 259, loss: 0.0000, instance_loss: 0.0000, weighted_loss: 0.0000, label: 0, bag_size: 498
batch 279, loss: 0.0000, instance_loss: 0.0000, weighted_loss: 0.0000, label: 0, bag_size: 941
batch 299, loss: 0.0001, instance_loss: 0.0000, weighted_loss: 0.0000, label: 0, bag_size: 1342
batch 319, loss: 0.0000, instance_loss: 0.0000, weighted_loss: 0.0000, label: 1, bag_size: 170
batch 339, loss: 0.0000, instance_loss: 0.2763, weighted_loss: 0.0829, label: 1, bag_size: 226
batch 359, loss: 0.0001, instance_loss: 0.0010, weighted_loss: 0.0004, label: 1, bag_size: 1016
batch 379, loss: 0.0000, instance_loss: 0.0062, weighted_loss: 0.0019, label: 1, bag_size: 379
batch 399, loss: 0.0001, instance_loss: 0.0000, weighted_loss: 0.0001, label: 1, bag_size: 919
batch 419, loss: 0.0000, instance_loss: 0.0000, weighted_loss: 0.0000, label: 1, bag_size: 102
batch 439, loss: 0.0000, instance_loss: 0.0003, weighted_loss: 0.0001, label: 1, bag_size: 189
batch 459, loss: 0.0000, instance_loss: 0.0000, weighted_loss: 0.0000, label: 1, bag_size: 646
batch 479, loss: 0.0160, instance_loss: 0.0000, weighted_loss: 0.0112, label: 0, bag_size: 981
batch 499, loss: 0.0000, instance_loss: 0.0000, weighted_loss: 0.0000, label: 1, bag_size: 1136
batch 519, loss: 0.0000, instance_loss: 0.0013, weighted_loss: 0.0004, label: 1, bag_size: 1260
batch 539, loss: 0.0002, instance_loss: 0.0000, weighted_loss: 0.0002, label: 1, bag_size: 1010
batch 559, loss: 0.0000, instance_loss: 0.0002, weighted_loss: 0.0001, label: 0, bag_size: 816
batch 579, loss: 0.0034, instance_loss: 0.0053, weighted_loss: 0.0040, label: 0, bag_size: 144
batch 599, loss: 0.0000, instance_loss: 0.0006, weighted_loss: 0.0002, label: 0, bag_size: 613
batch 619, loss: 0.0000, instance_loss: 0.0003, weighted_loss: 0.0001, label: 1, bag_size: 167
batch 639, loss: 0.0000, instance_loss: 0.0005, weighted_loss: 0.0001, label: 1, bag_size: 167
batch 659, loss: 0.0000, instance_loss: 0.0000, weighted_loss: 0.0000, label: 1, bag_size: 1074
batch 679, loss: 0.0000, instance_loss: 0.0000, weighted_loss: 0.0000, label: 0, bag_size: 129
batch 699, loss: 0.0000, instance_loss: 0.0000, weighted_loss: 0.0000, label: 1, bag_size: 376


class 0 clustering acc 0.9992887624466572: correct 5620/5624
class 1 clustering acc 0.9966216216216216: correct 5605/5624
Epoch: 41, train_loss: 0.0002, train_clustering_loss:  0.0104, train_error: 0.0000
class 0: acc 1.0, correct 344/344
class 1: acc 1.0, correct 359/359

Val Set, val_loss: 0.6343, val_error: 0.0774, auc: 0.7763
class 0 clustering acc 1.0: correct 1240/1240
class 1 clustering acc 1.0: correct 1240/1240
class 0: acc 0.9530201342281879, correct 142/149
class 1: acc 0.16666666666666666, correct 1/6
EarlyStopping counter: 36 out of 20


batch 19, loss: 0.0000, instance_loss: 0.0007, weighted_loss: 0.0002, label: 0, bag_size: 1065
batch 39, loss: 0.0000, instance_loss: 0.0000, weighted_loss: 0.0000, label: 1, bag_size: 1502
batch 59, loss: 0.0000, instance_loss: 0.0000, weighted_loss: 0.0000, label: 1, bag_size: 1260
batch 79, loss: 0.0000, instance_loss: 0.0000, weighted_loss: 0.0000, label: 0, bag_size: 431
batch 99, loss: 0.0000, instance_loss: 0.0009, weighted_loss: 0.0003, label: 1, bag_size: 903
batch 119, loss: 0.0000, instance_loss: 0.0840, weighted_loss: 0.0252, label: 0, bag_size: 150
batch 139, loss: 0.0000, instance_loss: 0.0013, weighted_loss: 0.0004, label: 1, bag_size: 641
batch 159, loss: 0.0000, instance_loss: 0.0000, weighted_loss: 0.0000, label: 1, bag_size: 152
batch 179, loss: 0.0000, instance_loss: 0.0007, weighted_loss: 0.0002, label: 0, bag_size: 239
batch 199, loss: 0.0000, instance_loss: 0.0000, weighted_loss: 0.0000, label: 1, bag_size: 152
batch 219, loss: 0.0000, instance_loss: 0.0000, weighted_loss: 0.0000, label: 0, bag_size: 334
batch 239, loss: 0.0000, instance_loss: 0.0000, weighted_loss: 0.0000, label: 0, bag_size: 891
batch 259, loss: 0.0000, instance_loss: 0.0016, weighted_loss: 0.0005, label: 0, bag_size: 273
batch 279, loss: 0.0000, instance_loss: 0.0000, weighted_loss: 0.0000, label: 1, bag_size: 167
batch 299, loss: 0.0000, instance_loss: 0.0000, weighted_loss: 0.0000, label: 0, bag_size: 396
batch 319, loss: 0.0000, instance_loss: 0.0027, weighted_loss: 0.0008, label: 0, bag_size: 142
batch 339, loss: 0.0000, instance_loss: 0.0063, weighted_loss: 0.0019, label: 1, bag_size: 1260
batch 359, loss: 0.0000, instance_loss: 0.0000, weighted_loss: 0.0000, label: 0, bag_size: 137
batch 379, loss: 0.0014, instance_loss: 0.0000, weighted_loss: 0.0010, label: 0, bag_size: 576
batch 399, loss: 0.0000, instance_loss: 0.0000, weighted_loss: 0.0000, label: 0, bag_size: 213
batch 419, loss: 0.0000, instance_loss: 0.0000, weighted_loss: 0.0000, label: 0, bag_size: 971
batch 439, loss: 0.0002, instance_loss: 0.0007, weighted_loss: 0.0003, label: 0, bag_size: 783
batch 459, loss: 0.0000, instance_loss: 0.0002, weighted_loss: 0.0001, label: 0, bag_size: 127
batch 479, loss: 0.0000, instance_loss: 0.0000, weighted_loss: 0.0000, label: 0, bag_size: 616
batch 499, loss: 0.0000, instance_loss: 0.0000, weighted_loss: 0.0000, label: 0, bag_size: 187
batch 519, loss: 0.0000, instance_loss: 0.0000, weighted_loss: 0.0000, label: 1, bag_size: 226
batch 539, loss: 0.0001, instance_loss: 0.0306, weighted_loss: 0.0093, label: 0, bag_size: 203
batch 559, loss: 0.0000, instance_loss: 0.0000, weighted_loss: 0.0000, label: 0, bag_size: 838
batch 579, loss: 0.0723, instance_loss: 0.0000, weighted_loss: 0.0506, label: 1, bag_size: 1010
batch 599, loss: 0.0000, instance_loss: 0.0004, weighted_loss: 0.0001, label: 1, bag_size: 531
batch 619, loss: 0.0000, instance_loss: 0.0004, weighted_loss: 0.0001, label: 0, bag_size: 1074
batch 639, loss: 0.0000, instance_loss: 0.0000, weighted_loss: 0.0000, label: 1, bag_size: 1082
batch 659, loss: 0.0000, instance_loss: 0.0011, weighted_loss: 0.0003, label: 0, bag_size: 356
batch 679, loss: 0.0000, instance_loss: 0.0008, weighted_loss: 0.0003, label: 1, bag_size: 646
batch 699, loss: 0.0000, instance_loss: 0.0232, weighted_loss: 0.0070, label: 0, bag_size: 268


class 0 clustering acc 0.9987553342816501: correct 5617/5624
class 1 clustering acc 0.998221906116643: correct 5614/5624
Epoch: 42, train_loss: 0.0127, train_clustering_loss:  0.0081, train_error: 0.0043
class 0: acc 0.9945205479452055, correct 363/365
class 1: acc 0.9970414201183432, correct 337/338

Val Set, val_loss: 0.5908, val_error: 0.1097, auc: 0.7629
class 0 clustering acc 1.0: correct 1240/1240
class 1 clustering acc 1.0: correct 1240/1240
class 0: acc 0.9261744966442953, correct 138/149
class 1: acc 0.0, correct 0/6
EarlyStopping counter: 37 out of 20


batch 19, loss: 0.0001, instance_loss: 0.0000, weighted_loss: 0.0001, label: 1, bag_size: 1016
batch 39, loss: 0.0000, instance_loss: 0.0000, weighted_loss: 0.0000, label: 1, bag_size: 356
batch 59, loss: 0.0000, instance_loss: 0.0000, weighted_loss: 0.0000, label: 1, bag_size: 1034
batch 79, loss: 0.0000, instance_loss: 0.0000, weighted_loss: 0.0000, label: 1, bag_size: 943
batch 99, loss: 0.0001, instance_loss: 0.0000, weighted_loss: 0.0001, label: 1, bag_size: 152
batch 119, loss: 0.0000, instance_loss: 0.0000, weighted_loss: 0.0000, label: 0, bag_size: 1090
batch 139, loss: 0.0000, instance_loss: 0.0006, weighted_loss: 0.0002, label: 0, bag_size: 485
batch 159, loss: 7.6532, instance_loss: 0.0038, weighted_loss: 5.3584, label: 0, bag_size: 368
batch 179, loss: 0.0472, instance_loss: 0.0000, weighted_loss: 0.0331, label: 1, bag_size: 376
batch 199, loss: 1.1888, instance_loss: 0.0005, weighted_loss: 0.8323, label: 1, bag_size: 178
batch 219, loss: 0.0000, instance_loss: 0.0000, weighted_loss: 0.0000, label: 1, bag_size: 363
batch 239, loss: 0.0000, instance_loss: 0.0004, weighted_loss: 0.0001, label: 0, bag_size: 1253
batch 259, loss: 0.0001, instance_loss: 0.0000, weighted_loss: 0.0001, label: 0, bag_size: 1104
batch 279, loss: 0.0000, instance_loss: 0.0000, weighted_loss: 0.0000, label: 0, bag_size: 1093
batch 299, loss: 0.0000, instance_loss: 0.0000, weighted_loss: 0.0000, label: 1, bag_size: 189
batch 319, loss: 0.0000, instance_loss: 0.0000, weighted_loss: 0.0000, label: 1, bag_size: 376
batch 339, loss: 0.0000, instance_loss: 0.0020, weighted_loss: 0.0006, label: 0, bag_size: 1246
batch 359, loss: 0.0000, instance_loss: 0.0000, weighted_loss: 0.0000, label: 1, bag_size: 1010
batch 379, loss: 0.0000, instance_loss: 0.0000, weighted_loss: 0.0000, label: 0, bag_size: 509
batch 399, loss: 0.0000, instance_loss: 0.0000, weighted_loss: 0.0000, label: 1, bag_size: 1437
batch 419, loss: 0.0000, instance_loss: 0.0002, weighted_loss: 0.0001, label: 0, bag_size: 1041
batch 439, loss: 0.0003, instance_loss: 0.0000, weighted_loss: 0.0002, label: 1, bag_size: 1002
batch 459, loss: 0.0000, instance_loss: 0.0000, weighted_loss: 0.0000, label: 0, bag_size: 366
batch 479, loss: 0.0000, instance_loss: 0.0000, weighted_loss: 0.0000, label: 0, bag_size: 241
batch 499, loss: 0.0005, instance_loss: 0.0000, weighted_loss: 0.0003, label: 1, bag_size: 1002
batch 519, loss: 0.0001, instance_loss: 0.0000, weighted_loss: 0.0000, label: 1, bag_size: 1010
batch 539, loss: 0.0000, instance_loss: 0.0000, weighted_loss: 0.0000, label: 1, bag_size: 1502
batch 559, loss: 0.0000, instance_loss: 0.0005, weighted_loss: 0.0002, label: 0, bag_size: 117
batch 579, loss: 0.0000, instance_loss: 0.0000, weighted_loss: 0.0000, label: 1, bag_size: 1136
batch 599, loss: 0.0000, instance_loss: 0.0008, weighted_loss: 0.0002, label: 0, bag_size: 1226
batch 619, loss: 0.0000, instance_loss: 0.0020, weighted_loss: 0.0006, label: 0, bag_size: 123
batch 639, loss: 0.0004, instance_loss: 0.0005, weighted_loss: 0.0004, label: 0, bag_size: 894
batch 659, loss: 0.0000, instance_loss: 0.0000, weighted_loss: 0.0000, label: 1, bag_size: 102
batch 679, loss: 0.0000, instance_loss: 0.0000, weighted_loss: 0.0000, label: 0, bag_size: 1151
batch 699, loss: 0.0131, instance_loss: 0.0000, weighted_loss: 0.0092, label: 0, bag_size: 224


class 0 clustering acc 0.9985775248933144: correct 5616/5624
class 1 clustering acc 0.9973328591749644: correct 5609/5624
Epoch: 43, train_loss: 0.0194, train_clustering_loss:  0.0113, train_error: 0.0043
class 0: acc 0.9971988795518207, correct 356/357
class 1: acc 0.9942196531791907, correct 344/346

Val Set, val_loss: 0.8539, val_error: 0.1548, auc: 0.7271
class 0 clustering acc 1.0: correct 1240/1240
class 1 clustering acc 1.0: correct 1240/1240
class 0: acc 0.8590604026845637, correct 128/149
class 1: acc 0.5, correct 3/6
EarlyStopping counter: 38 out of 20


batch 19, loss: 0.0000, instance_loss: 0.0021, weighted_loss: 0.0006, label: 0, bag_size: 1043
batch 39, loss: 0.0000, instance_loss: 0.0018, weighted_loss: 0.0005, label: 0, bag_size: 249
batch 59, loss: 0.0001, instance_loss: 0.0000, weighted_loss: 0.0001, label: 1, bag_size: 1409
batch 79, loss: 0.0000, instance_loss: 0.0000, weighted_loss: 0.0000, label: 0, bag_size: 619
batch 99, loss: 0.0000, instance_loss: 0.0003, weighted_loss: 0.0001, label: 0, bag_size: 657
batch 119, loss: 0.0000, instance_loss: 0.0002, weighted_loss: 0.0001, label: 0, bag_size: 341
batch 139, loss: 0.0000, instance_loss: 0.0000, weighted_loss: 0.0000, label: 1, bag_size: 363
batch 159, loss: 0.0000, instance_loss: 0.0009, weighted_loss: 0.0003, label: 1, bag_size: 152
batch 179, loss: 0.0000, instance_loss: 0.0000, weighted_loss: 0.0000, label: 1, bag_size: 363
batch 199, loss: 0.0000, instance_loss: 0.0005, weighted_loss: 0.0001, label: 0, bag_size: 922
batch 219, loss: 0.0000, instance_loss: 0.0037, weighted_loss: 0.0011, label: 0, bag_size: 176
batch 239, loss: 0.0000, instance_loss: 0.0000, weighted_loss: 0.0000, label: 1, bag_size: 190
batch 259, loss: 0.0000, instance_loss: 0.0000, weighted_loss: 0.0000, label: 1, bag_size: 379
batch 279, loss: 0.0000, instance_loss: 0.0000, weighted_loss: 0.0000, label: 1, bag_size: 178
batch 299, loss: 0.0000, instance_loss: 0.0000, weighted_loss: 0.0000, label: 0, bag_size: 1082
batch 319, loss: 0.0001, instance_loss: 0.0000, weighted_loss: 0.0001, label: 1, bag_size: 376
batch 339, loss: 0.0005, instance_loss: 0.0013, weighted_loss: 0.0008, label: 1, bag_size: 167
batch 359, loss: 0.0000, instance_loss: 0.0002, weighted_loss: 0.0001, label: 0, bag_size: 840
batch 379, loss: 0.0000, instance_loss: 0.0000, weighted_loss: 0.0000, label: 1, bag_size: 919
batch 399, loss: 19.1152, instance_loss: 0.0014, weighted_loss: 13.3811, label: 1, bag_size: 1074
batch 419, loss: 0.0000, instance_loss: 0.0000, weighted_loss: 0.0000, label: 1, bag_size: 646
batch 439, loss: 0.0000, instance_loss: 0.0000, weighted_loss: 0.0000, label: 1, bag_size: 845
batch 459, loss: 0.0002, instance_loss: 0.0000, weighted_loss: 0.0001, label: 1, bag_size: 189
batch 479, loss: 0.0002, instance_loss: 0.0000, weighted_loss: 0.0002, label: 1, bag_size: 376
batch 499, loss: 0.0002, instance_loss: 0.0000, weighted_loss: 0.0002, label: 0, bag_size: 918
batch 519, loss: 0.0000, instance_loss: 0.0000, weighted_loss: 0.0000, label: 1, bag_size: 160
batch 539, loss: 0.0000, instance_loss: 0.0003, weighted_loss: 0.0001, label: 0, bag_size: 218
batch 559, loss: 0.0001, instance_loss: 0.0015, weighted_loss: 0.0005, label: 1, bag_size: 1400
batch 579, loss: 0.0015, instance_loss: 0.0000, weighted_loss: 0.0010, label: 1, bag_size: 132
batch 599, loss: 0.0000, instance_loss: 0.0000, weighted_loss: 0.0000, label: 0, bag_size: 975
batch 619, loss: 0.0009, instance_loss: 0.0056, weighted_loss: 0.0023, label: 0, bag_size: 509
batch 639, loss: 0.0000, instance_loss: 0.0000, weighted_loss: 0.0000, label: 1, bag_size: 190
batch 659, loss: 0.0000, instance_loss: 0.0435, weighted_loss: 0.0131, label: 0, bag_size: 104
batch 679, loss: 0.0000, instance_loss: 0.0000, weighted_loss: 0.0000, label: 0, bag_size: 1031
batch 699, loss: 0.0000, instance_loss: 0.0323, weighted_loss: 0.0097, label: 0, bag_size: 94


class 0 clustering acc 0.9987553342816501: correct 5617/5624
class 1 clustering acc 0.9953769559032717: correct 5598/5624
Epoch: 44, train_loss: 0.0400, train_clustering_loss:  0.0146, train_error: 0.0071
class 0: acc 0.9917808219178083, correct 362/365
class 1: acc 0.9940828402366864, correct 336/338

Val Set, val_loss: 0.5825, val_error: 0.0968, auc: 0.7215
class 0 clustering acc 1.0: correct 1240/1240
class 1 clustering acc 1.0: correct 1240/1240
class 0: acc 0.9395973154362416, correct 140/149
class 1: acc 0.0, correct 0/6
EarlyStopping counter: 39 out of 20


batch 19, loss: 0.0000, instance_loss: 0.0011, weighted_loss: 0.0003, label: 0, bag_size: 145
batch 39, loss: 0.0002, instance_loss: 0.0000, weighted_loss: 0.0001, label: 1, bag_size: 356
batch 59, loss: 0.0007, instance_loss: 0.0108, weighted_loss: 0.0037, label: 0, bag_size: 1232
batch 79, loss: 0.0001, instance_loss: 0.0000, weighted_loss: 0.0001, label: 1, bag_size: 919
batch 99, loss: 0.0000, instance_loss: 0.0033, weighted_loss: 0.0010, label: 0, bag_size: 298
batch 119, loss: 0.0000, instance_loss: 0.0010, weighted_loss: 0.0003, label: 1, bag_size: 356
batch 139, loss: 0.0026, instance_loss: 0.0000, weighted_loss: 0.0018, label: 1, bag_size: 379
batch 159, loss: 0.0000, instance_loss: 0.0000, weighted_loss: 0.0000, label: 0, bag_size: 582
batch 179, loss: 0.0006, instance_loss: 0.0000, weighted_loss: 0.0004, label: 1, bag_size: 580
batch 199, loss: 0.0000, instance_loss: 0.0000, weighted_loss: 0.0000, label: 1, bag_size: 1136
batch 219, loss: 0.0002, instance_loss: 0.0000, weighted_loss: 0.0001, label: 0, bag_size: 235
batch 239, loss: 0.0070, instance_loss: 0.0002, weighted_loss: 0.0050, label: 0, bag_size: 1196
batch 259, loss: 0.0000, instance_loss: 0.0000, weighted_loss: 0.0000, label: 0, bag_size: 475
batch 279, loss: 0.0028, instance_loss: 0.0000, weighted_loss: 0.0019, label: 1, bag_size: 1372
batch 299, loss: 0.0000, instance_loss: 0.0000, weighted_loss: 0.0000, label: 1, bag_size: 1034
batch 319, loss: 0.0004, instance_loss: 0.0000, weighted_loss: 0.0003, label: 1, bag_size: 189
batch 339, loss: 0.0000, instance_loss: 0.0000, weighted_loss: 0.0000, label: 1, bag_size: 178
batch 359, loss: 0.0000, instance_loss: 0.0018, weighted_loss: 0.0005, label: 1, bag_size: 160
batch 379, loss: 0.0000, instance_loss: 0.0000, weighted_loss: 0.0000, label: 1, bag_size: 363
batch 399, loss: 0.0049, instance_loss: 0.0000, weighted_loss: 0.0035, label: 1, bag_size: 1409
batch 419, loss: 0.0000, instance_loss: 0.0000, weighted_loss: 0.0000, label: 0, bag_size: 736
batch 439, loss: 0.0000, instance_loss: 0.0000, weighted_loss: 0.0000, label: 0, bag_size: 1379
batch 459, loss: 0.0000, instance_loss: 0.0002, weighted_loss: 0.0001, label: 0, bag_size: 920
batch 479, loss: 0.0001, instance_loss: 0.0002, weighted_loss: 0.0001, label: 1, bag_size: 376
batch 499, loss: 0.0000, instance_loss: 0.0000, weighted_loss: 0.0000, label: 1, bag_size: 1260
batch 519, loss: 0.0010, instance_loss: 0.0000, weighted_loss: 0.0007, label: 1, bag_size: 531
batch 539, loss: 0.0000, instance_loss: 0.0000, weighted_loss: 0.0000, label: 0, bag_size: 899
batch 559, loss: 0.0000, instance_loss: 0.0000, weighted_loss: 0.0000, label: 1, bag_size: 903
batch 579, loss: 0.0000, instance_loss: 0.0007, weighted_loss: 0.0002, label: 0, bag_size: 101
batch 599, loss: 0.0000, instance_loss: 0.0000, weighted_loss: 0.0000, label: 0, bag_size: 1262
batch 619, loss: 0.0000, instance_loss: 0.0084, weighted_loss: 0.0025, label: 0, bag_size: 218
batch 639, loss: 0.0001, instance_loss: 0.0000, weighted_loss: 0.0001, label: 1, bag_size: 845
batch 659, loss: 0.0000, instance_loss: 0.0020, weighted_loss: 0.0006, label: 0, bag_size: 467
batch 679, loss: 0.0002, instance_loss: 0.0002, weighted_loss: 0.0002, label: 1, bag_size: 102
batch 699, loss: 0.0000, instance_loss: 0.0000, weighted_loss: 0.0000, label: 1, bag_size: 845


class 0 clustering acc 0.998932384341637: correct 5614/5620
class 1 clustering acc 0.99644128113879: correct 5600/5620
Epoch: 45, train_loss: 0.0004, train_clustering_loss:  0.0124, train_error: 0.0000
class 0: acc 1.0, correct 358/358
class 1: acc 1.0, correct 345/345

Val Set, val_loss: 0.5916, val_error: 0.0968, auc: 0.7282
class 0 clustering acc 1.0: correct 1240/1240
class 1 clustering acc 1.0: correct 1240/1240
class 0: acc 0.9395973154362416, correct 140/149
class 1: acc 0.0, correct 0/6
EarlyStopping counter: 40 out of 20


batch 19, loss: 0.0000, instance_loss: 0.0000, weighted_loss: 0.0000, label: 1, bag_size: 160
batch 39, loss: 0.0000, instance_loss: 0.0000, weighted_loss: 0.0000, label: 0, bag_size: 265
batch 59, loss: 0.0000, instance_loss: 0.0003, weighted_loss: 0.0001, label: 0, bag_size: 420
batch 79, loss: 0.0000, instance_loss: 0.0000, weighted_loss: 0.0000, label: 1, bag_size: 363
batch 99, loss: 0.0002, instance_loss: 0.0959, weighted_loss: 0.0289, label: 0, bag_size: 109
batch 119, loss: 0.0000, instance_loss: 0.0183, weighted_loss: 0.0055, label: 1, bag_size: 50
batch 139, loss: 0.0000, instance_loss: 0.0000, weighted_loss: 0.0000, label: 1, bag_size: 531
batch 159, loss: 0.0000, instance_loss: 0.0017, weighted_loss: 0.0005, label: 0, bag_size: 335
batch 179, loss: 0.0000, instance_loss: 0.0000, weighted_loss: 0.0000, label: 1, bag_size: 152
batch 199, loss: 0.0006, instance_loss: 0.0000, weighted_loss: 0.0004, label: 1, bag_size: 1372
batch 219, loss: 0.0002, instance_loss: 0.0000, weighted_loss: 0.0001, label: 1, bag_size: 845
batch 239, loss: 0.0004, instance_loss: 0.0000, weighted_loss: 0.0003, label: 0, bag_size: 308
batch 259, loss: 0.0000, instance_loss: 0.0000, weighted_loss: 0.0000, label: 1, bag_size: 363
batch 279, loss: 0.0001, instance_loss: 0.0060, weighted_loss: 0.0019, label: 0, bag_size: 1232
batch 299, loss: 0.0000, instance_loss: 0.0000, weighted_loss: 0.0000, label: 1, bag_size: 102
batch 319, loss: 0.0000, instance_loss: 0.0000, weighted_loss: 0.0000, label: 1, bag_size: 1437
batch 339, loss: 0.0000, instance_loss: 0.0000, weighted_loss: 0.0000, label: 0, bag_size: 210
batch 359, loss: 0.0000, instance_loss: 0.0000, weighted_loss: 0.0000, label: 0, bag_size: 374
batch 379, loss: 0.0005, instance_loss: 0.0000, weighted_loss: 0.0003, label: 1, bag_size: 1359
batch 399, loss: 0.0000, instance_loss: 0.0000, weighted_loss: 0.0000, label: 1, bag_size: 919
batch 419, loss: 0.0000, instance_loss: 0.0000, weighted_loss: 0.0000, label: 0, bag_size: 340
batch 439, loss: 0.0002, instance_loss: 0.0000, weighted_loss: 0.0002, label: 1, bag_size: 376
batch 459, loss: 0.0000, instance_loss: 0.0037, weighted_loss: 0.0011, label: 0, bag_size: 227
batch 479, loss: 0.0000, instance_loss: 0.0002, weighted_loss: 0.0001, label: 0, bag_size: 107
batch 499, loss: 0.0000, instance_loss: 0.0000, weighted_loss: 0.0000, label: 1, bag_size: 646
batch 519, loss: 0.0000, instance_loss: 0.0000, weighted_loss: 0.0000, label: 0, bag_size: 1239
batch 539, loss: 0.0017, instance_loss: 0.0000, weighted_loss: 0.0012, label: 1, bag_size: 1372
batch 559, loss: 0.0002, instance_loss: 0.0003, weighted_loss: 0.0003, label: 1, bag_size: 102
batch 579, loss: 0.0001, instance_loss: 0.0006, weighted_loss: 0.0003, label: 1, bag_size: 167
batch 599, loss: 0.0000, instance_loss: 0.0000, weighted_loss: 0.0000, label: 0, bag_size: 1064
batch 619, loss: 0.0000, instance_loss: 0.0000, weighted_loss: 0.0000, label: 1, bag_size: 226
batch 639, loss: 0.0000, instance_loss: 0.0000, weighted_loss: 0.0000, label: 1, bag_size: 641
batch 659, loss: 0.0001, instance_loss: 0.0000, weighted_loss: 0.0000, label: 1, bag_size: 356
batch 679, loss: 0.0000, instance_loss: 0.0275, weighted_loss: 0.0083, label: 0, bag_size: 290
batch 699, loss: 0.0000, instance_loss: 0.0000, weighted_loss: 0.0000, label: 0, bag_size: 1190


class 0 clustering acc 0.9996443812233285: correct 5622/5624
class 1 clustering acc 0.9991109530583214: correct 5619/5624
Epoch: 46, train_loss: 0.0003, train_clustering_loss:  0.0049, train_error: 0.0000
class 0: acc 1.0, correct 374/374
class 1: acc 1.0, correct 329/329

Val Set, val_loss: 0.5786, val_error: 0.0903, auc: 0.7315
class 0 clustering acc 1.0: correct 1240/1240
class 1 clustering acc 1.0: correct 1240/1240
class 0: acc 0.9463087248322147, correct 141/149
class 1: acc 0.0, correct 0/6
EarlyStopping counter: 41 out of 20


batch 19, loss: 0.0000, instance_loss: 0.0647, weighted_loss: 0.0194, label: 0, bag_size: 98
batch 39, loss: 0.0000, instance_loss: 0.0005, weighted_loss: 0.0002, label: 0, bag_size: 250
batch 59, loss: 0.0000, instance_loss: 0.0009, weighted_loss: 0.0003, label: 0, bag_size: 308
batch 79, loss: 0.0054, instance_loss: 0.0000, weighted_loss: 0.0038, label: 1, bag_size: 580
batch 99, loss: 0.0000, instance_loss: 0.0000, weighted_loss: 0.0000, label: 1, bag_size: 167
batch 119, loss: 0.0000, instance_loss: 0.0049, weighted_loss: 0.0015, label: 0, bag_size: 1279
batch 139, loss: 0.0000, instance_loss: 0.0124, weighted_loss: 0.0037, label: 0, bag_size: 127
batch 159, loss: 0.0000, instance_loss: 0.0004, weighted_loss: 0.0001, label: 0, bag_size: 851
batch 179, loss: 0.0000, instance_loss: 0.0000, weighted_loss: 0.0000, label: 1, bag_size: 189
batch 199, loss: 0.0000, instance_loss: 0.0000, weighted_loss: 0.0000, label: 0, bag_size: 611
batch 219, loss: 0.0000, instance_loss: 0.0000, weighted_loss: 0.0000, label: 0, bag_size: 1239
batch 239, loss: 0.0000, instance_loss: 0.0008, weighted_loss: 0.0002, label: 0, bag_size: 341
batch 259, loss: 0.0003, instance_loss: 0.0000, weighted_loss: 0.0002, label: 1, bag_size: 580
batch 279, loss: 0.0000, instance_loss: 0.0277, weighted_loss: 0.0083, label: 0, bag_size: 398
batch 299, loss: 0.0029, instance_loss: 0.0000, weighted_loss: 0.0020, label: 1, bag_size: 1372
batch 319, loss: 0.0000, instance_loss: 0.0002, weighted_loss: 0.0001, label: 0, bag_size: 352
batch 339, loss: 0.0000, instance_loss: 0.0000, weighted_loss: 0.0000, label: 1, bag_size: 379
batch 359, loss: 0.0000, instance_loss: 0.1411, weighted_loss: 0.0423, label: 0, bag_size: 100
batch 379, loss: 0.0000, instance_loss: 0.0000, weighted_loss: 0.0000, label: 1, bag_size: 531
batch 399, loss: 0.0000, instance_loss: 0.0000, weighted_loss: 0.0000, label: 0, bag_size: 433
batch 419, loss: 0.0000, instance_loss: 0.0000, weighted_loss: 0.0000, label: 1, bag_size: 170
batch 439, loss: 0.0000, instance_loss: 0.0012, weighted_loss: 0.0004, label: 0, bag_size: 121
batch 459, loss: 0.0000, instance_loss: 0.0000, weighted_loss: 0.0000, label: 1, bag_size: 163
batch 479, loss: 0.0000, instance_loss: 0.0000, weighted_loss: 0.0000, label: 1, bag_size: 1136
batch 499, loss: 0.0000, instance_loss: 0.0000, weighted_loss: 0.0000, label: 0, bag_size: 176
batch 519, loss: 0.0000, instance_loss: 0.0000, weighted_loss: 0.0000, label: 0, bag_size: 401
batch 539, loss: 0.0001, instance_loss: 0.0000, weighted_loss: 0.0000, label: 1, bag_size: 1437
batch 559, loss: 0.0000, instance_loss: 0.0000, weighted_loss: 0.0000, label: 0, bag_size: 1022
batch 579, loss: 0.0003, instance_loss: 0.0000, weighted_loss: 0.0002, label: 0, bag_size: 1099
batch 599, loss: 0.0000, instance_loss: 0.0000, weighted_loss: 0.0000, label: 0, bag_size: 583
batch 619, loss: 0.0000, instance_loss: 0.0027, weighted_loss: 0.0008, label: 0, bag_size: 137
batch 639, loss: 0.0000, instance_loss: 0.0000, weighted_loss: 0.0000, label: 0, bag_size: 1004
batch 659, loss: 0.0000, instance_loss: 0.0000, weighted_loss: 0.0000, label: 1, bag_size: 167
batch 679, loss: 0.0001, instance_loss: 0.0049, weighted_loss: 0.0015, label: 0, bag_size: 1623
batch 699, loss: 0.0000, instance_loss: 0.0000, weighted_loss: 0.0000, label: 1, bag_size: 170


class 0 clustering acc 0.9994665718349929: correct 5621/5624
class 1 clustering acc 0.9978662873399715: correct 5612/5624
Epoch: 47, train_loss: 0.0004, train_clustering_loss:  0.0067, train_error: 0.0000
class 0: acc 1.0, correct 343/343
class 1: acc 1.0, correct 360/360

Val Set, val_loss: 0.5876, val_error: 0.0968, auc: 0.7562
class 0 clustering acc 1.0: correct 1240/1240
class 1 clustering acc 1.0: correct 1240/1240
class 0: acc 0.9395973154362416, correct 140/149
class 1: acc 0.0, correct 0/6
EarlyStopping counter: 42 out of 20


batch 19, loss: 0.0008, instance_loss: 0.0000, weighted_loss: 0.0006, label: 1, bag_size: 1010
batch 39, loss: 0.0000, instance_loss: 0.0000, weighted_loss: 0.0000, label: 0, bag_size: 968
batch 59, loss: 0.0000, instance_loss: 0.0000, weighted_loss: 0.0000, label: 1, bag_size: 189
batch 79, loss: 0.0000, instance_loss: 0.0006, weighted_loss: 0.0002, label: 0, bag_size: 1379
batch 99, loss: 0.0002, instance_loss: 0.0000, weighted_loss: 0.0001, label: 0, bag_size: 1099
batch 119, loss: 0.0000, instance_loss: 0.0000, weighted_loss: 0.0000, label: 1, bag_size: 1400
batch 139, loss: 0.0020, instance_loss: 0.0000, weighted_loss: 0.0014, label: 0, bag_size: 914
batch 159, loss: 0.0000, instance_loss: 0.0000, weighted_loss: 0.0000, label: 1, bag_size: 363
batch 179, loss: 0.0000, instance_loss: 0.0003, weighted_loss: 0.0001, label: 1, bag_size: 167
batch 199, loss: 0.0000, instance_loss: 0.0071, weighted_loss: 0.0021, label: 0, bag_size: 197
batch 219, loss: 0.0000, instance_loss: 0.0215, weighted_loss: 0.0064, label: 0, bag_size: 330
batch 239, loss: 0.0000, instance_loss: 0.0000, weighted_loss: 0.0000, label: 1, bag_size: 845
batch 259, loss: 0.0000, instance_loss: 0.0000, weighted_loss: 0.0000, label: 1, bag_size: 641
batch 279, loss: 0.0000, instance_loss: 0.0006, weighted_loss: 0.0002, label: 1, bag_size: 167
batch 299, loss: 0.0000, instance_loss: 0.0005, weighted_loss: 0.0002, label: 0, bag_size: 298
batch 319, loss: 0.0000, instance_loss: 0.0124, weighted_loss: 0.0037, label: 0, bag_size: 236
batch 339, loss: 0.0000, instance_loss: 0.0002, weighted_loss: 0.0001, label: 0, bag_size: 447
batch 359, loss: 0.0000, instance_loss: 0.0004, weighted_loss: 0.0001, label: 1, bag_size: 1260
batch 379, loss: 0.0016, instance_loss: 0.0222, weighted_loss: 0.0078, label: 0, bag_size: 298
batch 399, loss: 0.0001, instance_loss: 0.0002, weighted_loss: 0.0001, label: 1, bag_size: 102
batch 419, loss: 0.0000, instance_loss: 0.0000, weighted_loss: 0.0000, label: 0, bag_size: 322
batch 439, loss: 0.0002, instance_loss: 0.0000, weighted_loss: 0.0001, label: 0, bag_size: 264
batch 459, loss: 0.0000, instance_loss: 0.0000, weighted_loss: 0.0000, label: 0, bag_size: 611
batch 479, loss: 0.0000, instance_loss: 0.0154, weighted_loss: 0.0046, label: 0, bag_size: 99
batch 499, loss: 0.0000, instance_loss: 0.0000, weighted_loss: 0.0000, label: 0, bag_size: 291
batch 519, loss: 0.0000, instance_loss: 0.0000, weighted_loss: 0.0000, label: 0, bag_size: 1216
batch 539, loss: 0.0000, instance_loss: 0.0026, weighted_loss: 0.0008, label: 0, bag_size: 75
batch 559, loss: 0.0000, instance_loss: 0.0000, weighted_loss: 0.0000, label: 0, bag_size: 217
batch 579, loss: 0.0000, instance_loss: 0.0000, weighted_loss: 0.0000, label: 0, bag_size: 291
batch 599, loss: 0.0001, instance_loss: 0.0038, weighted_loss: 0.0012, label: 0, bag_size: 166
batch 619, loss: 0.0000, instance_loss: 0.0012, weighted_loss: 0.0004, label: 0, bag_size: 283
batch 639, loss: 0.0001, instance_loss: 0.0000, weighted_loss: 0.0001, label: 1, bag_size: 1002
batch 659, loss: 0.0000, instance_loss: 0.0004, weighted_loss: 0.0001, label: 0, bag_size: 190
batch 679, loss: 0.0000, instance_loss: 0.0000, weighted_loss: 0.0000, label: 1, bag_size: 1082
batch 699, loss: 0.0000, instance_loss: 0.0002, weighted_loss: 0.0001, label: 1, bag_size: 531


class 0 clustering acc 0.9992885094272501: correct 5618/5622
class 1 clustering acc 0.9989327641408752: correct 5616/5622
Epoch: 48, train_loss: 0.0001, train_clustering_loss:  0.0043, train_error: 0.0000
class 0: acc 1.0, correct 359/359
class 1: acc 1.0, correct 344/344

Val Set, val_loss: 0.5970, val_error: 0.0968, auc: 0.7427
class 0 clustering acc 1.0: correct 1240/1240
class 1 clustering acc 1.0: correct 1240/1240
class 0: acc 0.9395973154362416, correct 140/149
class 1: acc 0.0, correct 0/6
EarlyStopping counter: 43 out of 20


batch 19, loss: 0.0003, instance_loss: 0.0008, weighted_loss: 0.0005, label: 0, bag_size: 1232
batch 39, loss: 0.0097, instance_loss: 0.0000, weighted_loss: 0.0068, label: 0, bag_size: 308
batch 59, loss: 0.0005, instance_loss: 0.0000, weighted_loss: 0.0003, label: 0, bag_size: 478
batch 79, loss: 0.0000, instance_loss: 0.0000, weighted_loss: 0.0000, label: 1, bag_size: 641
batch 99, loss: 0.0001, instance_loss: 0.0000, weighted_loss: 0.0001, label: 1, bag_size: 102
batch 119, loss: 0.0000, instance_loss: 0.0000, weighted_loss: 0.0000, label: 1, bag_size: 1136
batch 139, loss: 0.0000, instance_loss: 0.0000, weighted_loss: 0.0000, label: 1, bag_size: 1082
batch 159, loss: 0.0000, instance_loss: 0.0000, weighted_loss: 0.0000, label: 1, bag_size: 178
batch 179, loss: 0.0000, instance_loss: 0.0000, weighted_loss: 0.0000, label: 1, bag_size: 1372
batch 199, loss: 0.0000, instance_loss: 0.0000, weighted_loss: 0.0000, label: 1, bag_size: 1002
batch 219, loss: 0.0000, instance_loss: 0.0000, weighted_loss: 0.0000, label: 0, bag_size: 107
batch 239, loss: 0.0008, instance_loss: 0.0000, weighted_loss: 0.0006, label: 1, bag_size: 903
batch 259, loss: 0.0000, instance_loss: 0.0007, weighted_loss: 0.0002, label: 0, bag_size: 1049
batch 279, loss: 0.0000, instance_loss: 0.0024, weighted_loss: 0.0007, label: 0, bag_size: 244
batch 299, loss: 0.0000, instance_loss: 0.2750, weighted_loss: 0.0825, label: 0, bag_size: 264
batch 319, loss: 0.0000, instance_loss: 0.0005, weighted_loss: 0.0002, label: 0, bag_size: 179
batch 339, loss: 0.0000, instance_loss: 0.0026, weighted_loss: 0.0008, label: 0, bag_size: 554
batch 359, loss: 0.0000, instance_loss: 0.0000, weighted_loss: 0.0000, label: 1, bag_size: 646
batch 379, loss: 0.0000, instance_loss: 0.0391, weighted_loss: 0.0117, label: 0, bag_size: 252
batch 399, loss: 0.0000, instance_loss: 0.0008, weighted_loss: 0.0002, label: 0, bag_size: 629
batch 419, loss: 0.0000, instance_loss: 0.0000, weighted_loss: 0.0000, label: 1, bag_size: 943
batch 439, loss: 0.0001, instance_loss: 0.0000, weighted_loss: 0.0000, label: 0, bag_size: 129
batch 459, loss: 0.0001, instance_loss: 0.0128, weighted_loss: 0.0039, label: 0, bag_size: 235
batch 479, loss: 0.0000, instance_loss: 0.0000, weighted_loss: 0.0000, label: 1, bag_size: 1400
batch 499, loss: 0.0001, instance_loss: 0.0000, weighted_loss: 0.0001, label: 1, bag_size: 1372
batch 519, loss: 0.0000, instance_loss: 0.0000, weighted_loss: 0.0000, label: 0, bag_size: 969
batch 539, loss: 0.0000, instance_loss: 0.0002, weighted_loss: 0.0001, label: 0, bag_size: 160
batch 559, loss: 0.0000, instance_loss: 0.0000, weighted_loss: 0.0000, label: 0, bag_size: 386
batch 579, loss: 0.0000, instance_loss: 0.0000, weighted_loss: 0.0000, label: 0, bag_size: 1190
batch 599, loss: 0.0000, instance_loss: 0.0000, weighted_loss: 0.0000, label: 0, bag_size: 447
batch 619, loss: 0.0000, instance_loss: 0.0019, weighted_loss: 0.0006, label: 0, bag_size: 308
batch 639, loss: 0.0001, instance_loss: 0.0000, weighted_loss: 0.0000, label: 0, bag_size: 272
batch 659, loss: 0.0006, instance_loss: 0.0000, weighted_loss: 0.0004, label: 1, bag_size: 163
batch 679, loss: 0.0000, instance_loss: 0.0000, weighted_loss: 0.0000, label: 0, bag_size: 722
batch 699, loss: 0.0000, instance_loss: 0.0140, weighted_loss: 0.0042, label: 0, bag_size: 260


class 0 clustering acc 0.9994665718349929: correct 5621/5624
class 1 clustering acc 0.9985775248933144: correct 5616/5624
Epoch: 49, train_loss: 0.0075, train_clustering_loss:  0.0053, train_error: 0.0028
class 0: acc 0.9972602739726028, correct 364/365
class 1: acc 0.9970414201183432, correct 337/338

Val Set, val_loss: 0.5289, val_error: 0.0645, auc: 0.8445
class 0 clustering acc 1.0: correct 1240/1240
class 1 clustering acc 0.9991935483870967: correct 1239/1240
class 0: acc 0.9731543624161074, correct 145/149
class 1: acc 0.0, correct 0/6
EarlyStopping counter: 44 out of 20


batch 19, loss: 0.0000, instance_loss: 0.0003, weighted_loss: 0.0001, label: 0, bag_size: 253
batch 39, loss: 0.0000, instance_loss: 0.0039, weighted_loss: 0.0012, label: 1, bag_size: 167
batch 59, loss: 0.0005, instance_loss: 0.0035, weighted_loss: 0.0014, label: 1, bag_size: 226
batch 79, loss: 0.0000, instance_loss: 0.0000, weighted_loss: 0.0000, label: 1, bag_size: 912
batch 99, loss: 0.0000, instance_loss: 0.0030, weighted_loss: 0.0009, label: 1, bag_size: 227
batch 119, loss: 0.0000, instance_loss: 0.0000, weighted_loss: 0.0000, label: 1, bag_size: 943
batch 139, loss: 0.0000, instance_loss: 0.0017, weighted_loss: 0.0005, label: 1, bag_size: 178
batch 159, loss: 0.0000, instance_loss: 0.0000, weighted_loss: 0.0000, label: 1, bag_size: 378
batch 179, loss: 0.0000, instance_loss: 0.0000, weighted_loss: 0.0000, label: 1, bag_size: 162
batch 199, loss: 0.0000, instance_loss: 0.0000, weighted_loss: 0.0000, label: 0, bag_size: 1335
batch 219, loss: 0.0000, instance_loss: 0.0000, weighted_loss: 0.0000, label: 1, bag_size: 943
batch 239, loss: 0.0000, instance_loss: 0.0000, weighted_loss: 0.0000, label: 0, bag_size: 190
batch 259, loss: 0.0000, instance_loss: 0.0000, weighted_loss: 0.0000, label: 1, bag_size: 903
batch 279, loss: 0.0000, instance_loss: 0.0000, weighted_loss: 0.0000, label: 1, bag_size: 170
batch 299, loss: 0.0000, instance_loss: 0.0101, weighted_loss: 0.0030, label: 1, bag_size: 160
batch 319, loss: 0.0000, instance_loss: 0.0000, weighted_loss: 0.0000, label: 1, bag_size: 121
batch 339, loss: 0.0000, instance_loss: 0.2417, weighted_loss: 0.0725, label: 0, bag_size: 48
batch 359, loss: 0.0001, instance_loss: 0.0006, weighted_loss: 0.0002, label: 0, bag_size: 233
batch 379, loss: 0.0000, instance_loss: 0.0000, weighted_loss: 0.0000, label: 1, bag_size: 919
batch 399, loss: 0.0000, instance_loss: 0.0003, weighted_loss: 0.0001, label: 0, bag_size: 653
batch 419, loss: 0.0000, instance_loss: 0.0000, weighted_loss: 0.0000, label: 0, bag_size: 107
batch 439, loss: 0.0000, instance_loss: 0.0000, weighted_loss: 0.0000, label: 0, bag_size: 870
batch 459, loss: 0.0001, instance_loss: 0.0000, weighted_loss: 0.0001, label: 1, bag_size: 1437
batch 479, loss: 0.0002, instance_loss: 0.0000, weighted_loss: 0.0002, label: 1, bag_size: 912
batch 499, loss: 0.0010, instance_loss: 0.0000, weighted_loss: 0.0007, label: 1, bag_size: 1437
batch 519, loss: 0.0000, instance_loss: 0.0000, weighted_loss: 0.0000, label: 1, bag_size: 1502
batch 539, loss: 0.0000, instance_loss: 0.0004, weighted_loss: 0.0001, label: 0, bag_size: 267
batch 559, loss: 0.0000, instance_loss: 0.0002, weighted_loss: 0.0001, label: 0, bag_size: 580
batch 579, loss: 0.0000, instance_loss: 0.0000, weighted_loss: 0.0000, label: 1, bag_size: 1260
batch 599, loss: 0.0000, instance_loss: 0.0000, weighted_loss: 0.0000, label: 0, bag_size: 243
batch 619, loss: 0.0000, instance_loss: 0.0000, weighted_loss: 0.0000, label: 1, bag_size: 160
batch 639, loss: 0.0000, instance_loss: 0.0000, weighted_loss: 0.0000, label: 1, bag_size: 376
batch 659, loss: 0.0000, instance_loss: 0.0000, weighted_loss: 0.0000, label: 0, bag_size: 321
batch 679, loss: 0.0000, instance_loss: 0.0000, weighted_loss: 0.0000, label: 1, bag_size: 1359
batch 699, loss: 0.0000, instance_loss: 0.0000, weighted_loss: 0.0000, label: 1, bag_size: 121


class 0 clustering acc 0.9987553342816501: correct 5617/5624
class 1 clustering acc 0.9980440967283073: correct 5613/5624
Epoch: 50, train_loss: 0.0009, train_clustering_loss:  0.0088, train_error: 0.0000
class 0: acc 1.0, correct 343/343
class 1: acc 1.0, correct 360/360

Val Set, val_loss: 0.6676, val_error: 0.0968, auc: 0.7282
class 0 clustering acc 1.0: correct 1240/1240
class 1 clustering acc 1.0: correct 1240/1240
class 0: acc 0.9395973154362416, correct 140/149
class 1: acc 0.0, correct 0/6
EarlyStopping counter: 45 out of 20


batch 19, loss: 0.0000, instance_loss: 0.0000, weighted_loss: 0.0000, label: 1, bag_size: 226
batch 39, loss: 0.0000, instance_loss: 0.0000, weighted_loss: 0.0000, label: 0, bag_size: 1163
batch 59, loss: 0.0000, instance_loss: 0.0116, weighted_loss: 0.0035, label: 0, bag_size: 80
batch 79, loss: 0.0000, instance_loss: 0.0000, weighted_loss: 0.0000, label: 1, bag_size: 167
batch 99, loss: 0.0001, instance_loss: 0.0000, weighted_loss: 0.0001, label: 0, bag_size: 981
batch 119, loss: 0.0000, instance_loss: 0.0000, weighted_loss: 0.0000, label: 1, bag_size: 227
batch 139, loss: 0.0000, instance_loss: 0.0253, weighted_loss: 0.0076, label: 0, bag_size: 138
batch 159, loss: 0.0000, instance_loss: 0.0000, weighted_loss: 0.0000, label: 0, bag_size: 968
batch 179, loss: 0.0000, instance_loss: 0.0000, weighted_loss: 0.0000, label: 0, bag_size: 334
batch 199, loss: 0.0000, instance_loss: 0.0000, weighted_loss: 0.0000, label: 1, bag_size: 943
batch 219, loss: 0.0000, instance_loss: 0.0000, weighted_loss: 0.0000, label: 0, bag_size: 1084
batch 239, loss: 0.0000, instance_loss: 0.0000, weighted_loss: 0.0000, label: 1, bag_size: 1136
batch 259, loss: 0.0000, instance_loss: 0.0000, weighted_loss: 0.0000, label: 1, bag_size: 227
batch 279, loss: 0.0000, instance_loss: 0.0000, weighted_loss: 0.0000, label: 1, bag_size: 152
batch 299, loss: 0.0000, instance_loss: 0.0000, weighted_loss: 0.0000, label: 1, bag_size: 152
batch 319, loss: 0.0001, instance_loss: 0.0000, weighted_loss: 0.0001, label: 1, bag_size: 912
batch 339, loss: 0.0000, instance_loss: 0.0000, weighted_loss: 0.0000, label: 1, bag_size: 121
batch 359, loss: 0.0000, instance_loss: 0.0002, weighted_loss: 0.0001, label: 0, bag_size: 485
batch 379, loss: 0.0000, instance_loss: 0.0000, weighted_loss: 0.0000, label: 0, bag_size: 706
batch 399, loss: 0.0004, instance_loss: 0.0068, weighted_loss: 0.0023, label: 0, bag_size: 126
batch 419, loss: 0.0003, instance_loss: 0.0000, weighted_loss: 0.0002, label: 1, bag_size: 1002
batch 439, loss: 0.0000, instance_loss: 0.0000, weighted_loss: 0.0000, label: 1, bag_size: 178
batch 459, loss: 0.0000, instance_loss: 0.0000, weighted_loss: 0.0000, label: 1, bag_size: 1136
batch 479, loss: 0.0000, instance_loss: 0.0028, weighted_loss: 0.0009, label: 0, bag_size: 766
batch 499, loss: 0.0000, instance_loss: 0.0000, weighted_loss: 0.0000, label: 0, bag_size: 1285
batch 519, loss: 0.0000, instance_loss: 0.0000, weighted_loss: 0.0000, label: 0, bag_size: 176
batch 539, loss: 0.0000, instance_loss: 0.0103, weighted_loss: 0.0031, label: 0, bag_size: 178
batch 559, loss: 0.0000, instance_loss: 0.0000, weighted_loss: 0.0000, label: 1, bag_size: 1074
batch 579, loss: 0.0000, instance_loss: 0.0000, weighted_loss: 0.0000, label: 0, bag_size: 1607
batch 599, loss: 0.0000, instance_loss: 0.0000, weighted_loss: 0.0000, label: 1, bag_size: 1016
batch 619, loss: 0.0000, instance_loss: 0.0000, weighted_loss: 0.0000, label: 1, bag_size: 152
batch 639, loss: 0.0000, instance_loss: 0.0000, weighted_loss: 0.0000, label: 1, bag_size: 845
batch 659, loss: 0.0000, instance_loss: 0.0000, weighted_loss: 0.0000, label: 1, bag_size: 919
batch 679, loss: 0.0000, instance_loss: 0.0011, weighted_loss: 0.0003, label: 0, bag_size: 1265
batch 699, loss: 0.0000, instance_loss: 0.0000, weighted_loss: 0.0000, label: 0, bag_size: 180


class 0 clustering acc 0.9994665718349929: correct 5621/5624
class 1 clustering acc 0.9985775248933144: correct 5616/5624
Epoch: 51, train_loss: 0.0001, train_clustering_loss:  0.0057, train_error: 0.0000
class 0: acc 1.0, correct 334/334
class 1: acc 1.0, correct 369/369

Val Set, val_loss: 0.5843, val_error: 0.0774, auc: 0.7248
class 0 clustering acc 1.0: correct 1240/1240
class 1 clustering acc 0.9983870967741936: correct 1238/1240
class 0: acc 0.959731543624161, correct 143/149
class 1: acc 0.0, correct 0/6
EarlyStopping counter: 46 out of 20
Early stopping
Val error: 0.0710, ROC AUC: 0.6723
Test error: 0.0608, ROC AUC: 0.6878
class 0: acc 0.9820051413881749, correct 382/389
class 1: acc 0.18181818181818182, correct 4/22

Training Fold 1!

Init train/val/test splits... 
Done!
Training on 651 samples
Validating on 187 samples
Testing on 431 samples

Init loss function... Done!

Init Model... Setting tau to 1.0
Done!
CLAM_SB(
  (attention_net): Sequential(
    (0): Linear(in_features=1536, out_features=512, bias=True)
    (1): ReLU()
    (2): Dropout(p=0.25, inplace=False)
    (3): Attn_Net_Gated(
      (attention_a): Sequential(
        (0): Linear(in_features=512, out_features=256, bias=True)
        (1): Tanh()
        (2): Dropout(p=0.25, inplace=False)
      )
      (attention_b): Sequential(
        (0): Linear(in_features=512, out_features=256, bias=True)
        (1): Sigmoid()
        (2): Dropout(p=0.25, inplace=False)
      )
      (attention_c): Linear(in_features=256, out_features=1, bias=True)
    )
  )
  (classifiers): Linear(in_features=512, out_features=2, bias=True)
  (instance_classifiers): ModuleList(
    (0-1): 2 x Linear(in_features=512, out_features=2, bias=True)
  )
  (instance_loss_fn): SmoothTop1SVM()
)
Total number of parameters: 1052935
Total number of trainable parameters: 1052935

Init optimizer ... Done!

Init Loaders... Done!

Setup EarlyStopping... Done!


batch 19, loss: 0.5285, instance_loss: 1.2009, weighted_loss: 0.7302, label: 1, bag_size: 132
batch 39, loss: 0.4912, instance_loss: 0.7919, weighted_loss: 0.5815, label: 0, bag_size: 263
batch 59, loss: 0.7493, instance_loss: 0.0952, weighted_loss: 0.5531, label: 1, bag_size: 1044
batch 79, loss: 0.0820, instance_loss: 2.6257, weighted_loss: 0.8451, label: 0, bag_size: 509
batch 99, loss: 0.3430, instance_loss: 1.4635, weighted_loss: 0.6792, label: 1, bag_size: 152
batch 119, loss: 0.6084, instance_loss: 0.8250, weighted_loss: 0.6734, label: 0, bag_size: 814
batch 139, loss: 0.4468, instance_loss: 0.2073, weighted_loss: 0.3750, label: 1, bag_size: 816
batch 159, loss: 1.4660, instance_loss: 1.4400, weighted_loss: 1.4582, label: 0, bag_size: 72
batch 179, loss: 0.2019, instance_loss: 0.0355, weighted_loss: 0.1520, label: 1, bag_size: 1359
batch 199, loss: 0.6257, instance_loss: 0.2203, weighted_loss: 0.5041, label: 0, bag_size: 402
batch 219, loss: 0.1932, instance_loss: 0.4028, weighted_loss: 0.2561, label: 1, bag_size: 152
batch 239, loss: 0.4491, instance_loss: 0.6862, weighted_loss: 0.5202, label: 0, bag_size: 950
batch 259, loss: 0.5741, instance_loss: 1.0650, weighted_loss: 0.7214, label: 1, bag_size: 363
batch 279, loss: 0.3438, instance_loss: 1.0036, weighted_loss: 0.5418, label: 1, bag_size: 283
batch 299, loss: 0.2419, instance_loss: 0.3911, weighted_loss: 0.2867, label: 0, bag_size: 246
batch 319, loss: 0.4428, instance_loss: 0.7412, weighted_loss: 0.5323, label: 1, bag_size: 102
batch 339, loss: 0.9569, instance_loss: 0.0130, weighted_loss: 0.6737, label: 0, bag_size: 1383
batch 359, loss: 1.3607, instance_loss: 0.0058, weighted_loss: 0.9542, label: 0, bag_size: 1048
batch 379, loss: 0.6772, instance_loss: 0.0346, weighted_loss: 0.4844, label: 1, bag_size: 189
batch 399, loss: 1.1097, instance_loss: 0.0298, weighted_loss: 0.7857, label: 1, bag_size: 170
batch 419, loss: 1.0040, instance_loss: 0.0272, weighted_loss: 0.7110, label: 0, bag_size: 287
batch 439, loss: 0.6648, instance_loss: 0.0487, weighted_loss: 0.4800, label: 0, bag_size: 198
batch 459, loss: 0.6231, instance_loss: 0.0092, weighted_loss: 0.4389, label: 1, bag_size: 1044
batch 479, loss: 0.6041, instance_loss: 0.0503, weighted_loss: 0.4379, label: 0, bag_size: 276
batch 499, loss: 0.1441, instance_loss: 0.0053, weighted_loss: 0.1025, label: 1, bag_size: 1437
batch 519, loss: 0.3463, instance_loss: 0.0530, weighted_loss: 0.2583, label: 0, bag_size: 188
batch 539, loss: 1.0650, instance_loss: 0.0056, weighted_loss: 0.7472, label: 0, bag_size: 1104
batch 559, loss: 0.2534, instance_loss: 0.0093, weighted_loss: 0.1801, label: 1, bag_size: 788
batch 579, loss: 0.0073, instance_loss: 0.0002, weighted_loss: 0.0052, label: 1, bag_size: 1359
batch 599, loss: 1.1930, instance_loss: 0.3491, weighted_loss: 0.9399, label: 1, bag_size: 280
batch 619, loss: 0.4077, instance_loss: 0.0331, weighted_loss: 0.2953, label: 1, bag_size: 363
batch 639, loss: 0.2307, instance_loss: 0.1016, weighted_loss: 0.1920, label: 1, bag_size: 376


class 0 clustering acc 0.9055299539170507: correct 4716/5208
class 1 clustering acc 0.8890168970814132: correct 4630/5208
Epoch: 0, train_loss: 0.6242, train_clustering_loss:  0.4161, train_error: 0.3441
class 0: acc 0.693939393939394, correct 229/330
class 1: acc 0.616822429906542, correct 198/321

Val Set, val_loss: 0.8629, val_error: 0.4385, auc: 0.8564
class 0 clustering acc 0.981951871657754: correct 1469/1496
class 1 clustering acc 0.9779411764705882: correct 1463/1496
class 0: acc 0.5469613259668509, correct 99/181
class 1: acc 1.0, correct 6/6
Validation loss decreased (inf --> 0.862920).  Saving model ...


batch 19, loss: 0.1244, instance_loss: 0.0266, weighted_loss: 0.0950, label: 1, bag_size: 283
batch 39, loss: 0.5075, instance_loss: 0.0614, weighted_loss: 0.3737, label: 0, bag_size: 246
batch 59, loss: 0.2765, instance_loss: 0.0509, weighted_loss: 0.2088, label: 1, bag_size: 212
batch 79, loss: 0.2542, instance_loss: 0.8224, weighted_loss: 0.4246, label: 0, bag_size: 123
batch 99, loss: 0.1644, instance_loss: 0.1990, weighted_loss: 0.1748, label: 0, bag_size: 115
batch 119, loss: 0.1369, instance_loss: 0.0225, weighted_loss: 0.1026, label: 0, bag_size: 634
batch 139, loss: 2.4173, instance_loss: 0.0000, weighted_loss: 1.6921, label: 0, bag_size: 1113
batch 159, loss: 0.1793, instance_loss: 0.0552, weighted_loss: 0.1420, label: 0, bag_size: 351
batch 179, loss: 0.1518, instance_loss: 0.0043, weighted_loss: 0.1076, label: 1, bag_size: 163
batch 199, loss: 0.0234, instance_loss: 0.0226, weighted_loss: 0.0232, label: 0, bag_size: 501
batch 219, loss: 0.2006, instance_loss: 0.0021, weighted_loss: 0.1410, label: 0, bag_size: 1607
batch 239, loss: 0.6517, instance_loss: 0.0108, weighted_loss: 0.4594, label: 1, bag_size: 646
batch 259, loss: 0.1855, instance_loss: 0.0081, weighted_loss: 0.1323, label: 0, bag_size: 1047
batch 279, loss: 0.0615, instance_loss: 0.0703, weighted_loss: 0.0641, label: 0, bag_size: 574
batch 299, loss: 1.7236, instance_loss: 0.0003, weighted_loss: 1.2066, label: 0, bag_size: 1102
batch 319, loss: 0.0166, instance_loss: 0.0157, weighted_loss: 0.0163, label: 0, bag_size: 142
batch 339, loss: 0.7242, instance_loss: 0.0386, weighted_loss: 0.5185, label: 0, bag_size: 226
batch 359, loss: 0.2654, instance_loss: 0.0042, weighted_loss: 0.1871, label: 0, bag_size: 582
batch 379, loss: 0.7338, instance_loss: 0.0026, weighted_loss: 0.5144, label: 1, bag_size: 163
batch 399, loss: 2.8797, instance_loss: 0.0359, weighted_loss: 2.0265, label: 1, bag_size: 280
batch 419, loss: 0.0490, instance_loss: 0.0004, weighted_loss: 0.0344, label: 1, bag_size: 1010
batch 439, loss: 2.0791, instance_loss: 0.0000, weighted_loss: 1.4554, label: 0, bag_size: 1128
batch 459, loss: 0.5777, instance_loss: 0.0563, weighted_loss: 0.4213, label: 1, bag_size: 102
batch 479, loss: 0.0475, instance_loss: 0.0026, weighted_loss: 0.0340, label: 0, bag_size: 1093
batch 499, loss: 0.0521, instance_loss: 0.0005, weighted_loss: 0.0366, label: 0, bag_size: 1005
batch 519, loss: 0.0275, instance_loss: 0.0044, weighted_loss: 0.0206, label: 0, bag_size: 1095
batch 539, loss: 0.9216, instance_loss: 0.0089, weighted_loss: 0.6478, label: 0, bag_size: 673
batch 559, loss: 0.0357, instance_loss: 0.0101, weighted_loss: 0.0280, label: 0, bag_size: 516
batch 579, loss: 0.1478, instance_loss: 0.0066, weighted_loss: 0.1055, label: 1, bag_size: 656
batch 599, loss: 0.9061, instance_loss: 0.0231, weighted_loss: 0.6412, label: 0, bag_size: 338
batch 619, loss: 0.0152, instance_loss: 0.0034, weighted_loss: 0.0117, label: 1, bag_size: 321
batch 639, loss: 0.0548, instance_loss: 0.1022, weighted_loss: 0.0690, label: 0, bag_size: 214


class 0 clustering acc 0.9925057647963106: correct 5165/5204
class 1 clustering acc 0.9871252882398155: correct 5137/5204
Epoch: 1, train_loss: 0.3998, train_clustering_loss:  0.0680, train_error: 0.1782
class 0: acc 0.8235294117647058, correct 280/340
class 1: acc 0.819935691318328, correct 255/311

Val Set, val_loss: 0.3930, val_error: 0.1604, auc: 0.9217
class 0 clustering acc 0.9926470588235294: correct 1485/1496
class 1 clustering acc 0.9899732620320856: correct 1481/1496
class 0: acc 0.8397790055248618, correct 152/181
class 1: acc 0.8333333333333334, correct 5/6
Validation loss decreased (0.862920 --> 0.392979).  Saving model ...


batch 19, loss: 0.0168, instance_loss: 0.0028, weighted_loss: 0.0126, label: 0, bag_size: 1205
batch 39, loss: 1.8233, instance_loss: 0.0005, weighted_loss: 1.2764, label: 0, bag_size: 1101
batch 59, loss: 0.0196, instance_loss: 0.0255, weighted_loss: 0.0213, label: 1, bag_size: 571
batch 79, loss: 0.0087, instance_loss: 0.0000, weighted_loss: 0.0061, label: 1, bag_size: 1297
batch 99, loss: 0.0264, instance_loss: 0.0000, weighted_loss: 0.0185, label: 1, bag_size: 788
batch 119, loss: 0.1690, instance_loss: 0.0015, weighted_loss: 0.1187, label: 1, bag_size: 1409
batch 139, loss: 0.2083, instance_loss: 0.0056, weighted_loss: 0.1475, label: 1, bag_size: 399
batch 159, loss: 0.0105, instance_loss: 0.0007, weighted_loss: 0.0075, label: 0, bag_size: 968
batch 179, loss: 0.1500, instance_loss: 0.0053, weighted_loss: 0.1066, label: 1, bag_size: 321
batch 199, loss: 0.0198, instance_loss: 0.0106, weighted_loss: 0.0170, label: 1, bag_size: 152
batch 219, loss: 0.0072, instance_loss: 0.0046, weighted_loss: 0.0065, label: 1, bag_size: 363
batch 239, loss: 0.0235, instance_loss: 0.0006, weighted_loss: 0.0167, label: 1, bag_size: 321
batch 259, loss: 0.0115, instance_loss: 0.0072, weighted_loss: 0.0102, label: 1, bag_size: 321
batch 279, loss: 0.0018, instance_loss: 0.0003, weighted_loss: 0.0013, label: 0, bag_size: 1229
batch 299, loss: 0.2639, instance_loss: 0.0821, weighted_loss: 0.2094, label: 1, bag_size: 378
batch 319, loss: 0.5628, instance_loss: 0.0002, weighted_loss: 0.3940, label: 0, bag_size: 1042
batch 339, loss: 0.0021, instance_loss: 0.0153, weighted_loss: 0.0060, label: 0, bag_size: 422
batch 359, loss: 0.0848, instance_loss: 0.2074, weighted_loss: 0.1216, label: 0, bag_size: 104
batch 379, loss: 0.4198, instance_loss: 0.0086, weighted_loss: 0.2964, label: 1, bag_size: 1400
batch 399, loss: 0.0005, instance_loss: 0.0000, weighted_loss: 0.0004, label: 1, bag_size: 1359
batch 419, loss: 0.0418, instance_loss: 0.0263, weighted_loss: 0.0372, label: 0, bag_size: 153
batch 439, loss: 0.0020, instance_loss: 0.0672, weighted_loss: 0.0216, label: 0, bag_size: 312
batch 459, loss: 0.4616, instance_loss: 0.0070, weighted_loss: 0.3252, label: 0, bag_size: 379
batch 479, loss: 0.0303, instance_loss: 0.0006, weighted_loss: 0.0214, label: 1, bag_size: 1297
batch 499, loss: 0.2008, instance_loss: 0.0000, weighted_loss: 0.1405, label: 0, bag_size: 1160
batch 519, loss: 0.0029, instance_loss: 0.0869, weighted_loss: 0.0281, label: 0, bag_size: 294
batch 539, loss: 0.0705, instance_loss: 0.0000, weighted_loss: 0.0494, label: 0, bag_size: 942
batch 559, loss: 0.0879, instance_loss: 0.0071, weighted_loss: 0.0637, label: 1, bag_size: 226
batch 579, loss: 0.0030, instance_loss: 0.0000, weighted_loss: 0.0021, label: 0, bag_size: 1149
batch 599, loss: 0.0020, instance_loss: 0.3762, weighted_loss: 0.1142, label: 0, bag_size: 221
batch 619, loss: 0.0780, instance_loss: 0.0040, weighted_loss: 0.0558, label: 1, bag_size: 163
batch 639, loss: 0.0099, instance_loss: 0.0008, weighted_loss: 0.0072, label: 0, bag_size: 1007


class 0 clustering acc 0.9846272098385856: correct 5124/5204
class 1 clustering acc 0.9705995388162951: correct 5051/5204
Epoch: 2, train_loss: 0.1871, train_clustering_loss:  0.1118, train_error: 0.0630
class 0: acc 0.9182389937106918, correct 292/318
class 1: acc 0.954954954954955, correct 318/333

Val Set, val_loss: 0.3733, val_error: 0.1497, auc: 0.6888
class 0 clustering acc 1.0: correct 1496/1496
class 1 clustering acc 0.9886363636363636: correct 1479/1496
class 0: acc 0.8729281767955801, correct 158/181
class 1: acc 0.16666666666666666, correct 1/6
Validation loss decreased (0.392979 --> 0.373271).  Saving model ...


batch 19, loss: 0.0945, instance_loss: 0.0000, weighted_loss: 0.0662, label: 1, bag_size: 816
batch 39, loss: 0.2517, instance_loss: 0.0015, weighted_loss: 0.1766, label: 1, bag_size: 226
batch 59, loss: 0.1227, instance_loss: 0.0012, weighted_loss: 0.0863, label: 1, bag_size: 170
batch 79, loss: 0.0039, instance_loss: 0.0005, weighted_loss: 0.0029, label: 1, bag_size: 321
batch 99, loss: 0.0142, instance_loss: 0.0226, weighted_loss: 0.0167, label: 0, bag_size: 230
batch 119, loss: 0.9389, instance_loss: 0.0020, weighted_loss: 0.6579, label: 0, bag_size: 894
batch 139, loss: 0.5998, instance_loss: 0.0043, weighted_loss: 0.4212, label: 0, bag_size: 1033
batch 159, loss: 0.0035, instance_loss: 0.0084, weighted_loss: 0.0050, label: 1, bag_size: 363
batch 179, loss: 0.0024, instance_loss: 0.0271, weighted_loss: 0.0098, label: 0, bag_size: 128
batch 199, loss: 0.0113, instance_loss: 0.0485, weighted_loss: 0.0225, label: 0, bag_size: 303
batch 219, loss: 1.1116, instance_loss: 0.0185, weighted_loss: 0.7837, label: 0, bag_size: 697
batch 239, loss: 0.1938, instance_loss: 0.0047, weighted_loss: 0.1370, label: 0, bag_size: 610
batch 259, loss: 0.0655, instance_loss: 0.0029, weighted_loss: 0.0468, label: 1, bag_size: 646
batch 279, loss: 0.0028, instance_loss: 0.4949, weighted_loss: 0.1504, label: 0, bag_size: 67
batch 299, loss: 0.0033, instance_loss: 0.0496, weighted_loss: 0.0172, label: 0, bag_size: 160
batch 319, loss: 0.0006, instance_loss: 0.1160, weighted_loss: 0.0352, label: 0, bag_size: 117
batch 339, loss: 0.0005, instance_loss: 0.0200, weighted_loss: 0.0063, label: 0, bag_size: 360
batch 359, loss: 0.0047, instance_loss: 0.1816, weighted_loss: 0.0578, label: 0, bag_size: 109
batch 379, loss: 0.0130, instance_loss: 0.1750, weighted_loss: 0.0616, label: 0, bag_size: 120
batch 399, loss: 0.0369, instance_loss: 0.0005, weighted_loss: 0.0260, label: 1, bag_size: 1260
batch 419, loss: 0.0384, instance_loss: 0.0067, weighted_loss: 0.0289, label: 1, bag_size: 226
batch 439, loss: 0.0024, instance_loss: 0.1842, weighted_loss: 0.0570, label: 0, bag_size: 273
batch 459, loss: 0.0128, instance_loss: 0.0273, weighted_loss: 0.0171, label: 1, bag_size: 571
batch 479, loss: 0.0282, instance_loss: 0.0253, weighted_loss: 0.0273, label: 0, bag_size: 1104
batch 499, loss: 0.0065, instance_loss: 0.0023, weighted_loss: 0.0052, label: 1, bag_size: 189
batch 519, loss: 0.0017, instance_loss: 0.0027, weighted_loss: 0.0020, label: 0, bag_size: 666
batch 539, loss: 0.2844, instance_loss: 0.0079, weighted_loss: 0.2014, label: 1, bag_size: 102
batch 559, loss: 0.0126, instance_loss: 0.0819, weighted_loss: 0.0334, label: 0, bag_size: 67
batch 579, loss: 0.0198, instance_loss: 0.0000, weighted_loss: 0.0138, label: 1, bag_size: 1010
batch 599, loss: 0.6318, instance_loss: 0.0005, weighted_loss: 0.4424, label: 0, bag_size: 973
batch 619, loss: 0.0039, instance_loss: 0.0344, weighted_loss: 0.0130, label: 0, bag_size: 582
batch 639, loss: 0.0032, instance_loss: 0.0024, weighted_loss: 0.0029, label: 1, bag_size: 856


class 0 clustering acc 0.9928928159815598: correct 5169/5206
class 1 clustering acc 0.9840568574721476: correct 5123/5206
Epoch: 3, train_loss: 0.1269, train_clustering_loss:  0.0637, train_error: 0.0369
class 0: acc 0.9512195121951219, correct 312/328
class 1: acc 0.9752321981424149, correct 315/323

Val Set, val_loss: 0.2208, val_error: 0.0749, auc: 0.8711
class 0 clustering acc 1.0: correct 1496/1496
class 1 clustering acc 0.9832887700534759: correct 1471/1496
class 0: acc 0.9392265193370166, correct 170/181
class 1: acc 0.5, correct 3/6
Validation loss decreased (0.373271 --> 0.220838).  Saving model ...


batch 19, loss: 0.0256, instance_loss: 0.1437, weighted_loss: 0.0611, label: 0, bag_size: 251
batch 39, loss: 0.0033, instance_loss: 0.0008, weighted_loss: 0.0026, label: 1, bag_size: 189
batch 59, loss: 0.0099, instance_loss: 0.1452, weighted_loss: 0.0505, label: 1, bag_size: 571
batch 79, loss: 0.0046, instance_loss: 0.0037, weighted_loss: 0.0044, label: 1, bag_size: 231
batch 99, loss: 0.0137, instance_loss: 0.0183, weighted_loss: 0.0151, label: 1, bag_size: 226
batch 119, loss: 0.1705, instance_loss: 0.0010, weighted_loss: 0.1197, label: 1, bag_size: 1297
batch 139, loss: 0.0013, instance_loss: 0.0070, weighted_loss: 0.0030, label: 1, bag_size: 345
batch 159, loss: 0.0807, instance_loss: 0.0013, weighted_loss: 0.0569, label: 0, bag_size: 890
batch 179, loss: 0.0007, instance_loss: 0.0178, weighted_loss: 0.0058, label: 0, bag_size: 250
batch 199, loss: 0.1307, instance_loss: 0.0042, weighted_loss: 0.0928, label: 1, bag_size: 280
batch 219, loss: 0.0010, instance_loss: 0.0062, weighted_loss: 0.0026, label: 0, bag_size: 639
batch 239, loss: 0.0036, instance_loss: 0.3884, weighted_loss: 0.1191, label: 0, bag_size: 214
batch 259, loss: 0.0045, instance_loss: 0.0203, weighted_loss: 0.0092, label: 0, bag_size: 276
batch 279, loss: 0.0002, instance_loss: 0.0157, weighted_loss: 0.0048, label: 1, bag_size: 363
batch 299, loss: 0.0376, instance_loss: 0.3517, weighted_loss: 0.1318, label: 0, bag_size: 462
batch 319, loss: 0.0054, instance_loss: 0.0295, weighted_loss: 0.0127, label: 0, bag_size: 146
batch 339, loss: 0.0321, instance_loss: 0.0006, weighted_loss: 0.0227, label: 1, bag_size: 1297
batch 359, loss: 0.1389, instance_loss: 0.0228, weighted_loss: 0.1041, label: 0, bag_size: 93
batch 379, loss: 0.0006, instance_loss: 0.0002, weighted_loss: 0.0005, label: 0, bag_size: 1049
batch 399, loss: 0.0032, instance_loss: 0.0000, weighted_loss: 0.0023, label: 1, bag_size: 917
batch 419, loss: 0.0032, instance_loss: 0.0034, weighted_loss: 0.0032, label: 1, bag_size: 656
batch 439, loss: 0.0005, instance_loss: 0.0017, weighted_loss: 0.0009, label: 0, bag_size: 533
batch 459, loss: 0.0031, instance_loss: 0.0023, weighted_loss: 0.0028, label: 0, bag_size: 1134
batch 479, loss: 0.0210, instance_loss: 0.0027, weighted_loss: 0.0155, label: 1, bag_size: 152
batch 499, loss: 0.0006, instance_loss: 2.3405, weighted_loss: 0.7026, label: 0, bag_size: 298
batch 519, loss: 0.0009, instance_loss: 0.0126, weighted_loss: 0.0044, label: 0, bag_size: 1081
batch 539, loss: 0.0006, instance_loss: 0.0015, weighted_loss: 0.0009, label: 0, bag_size: 1681
batch 559, loss: 0.0028, instance_loss: 0.0841, weighted_loss: 0.0272, label: 1, bag_size: 132
batch 579, loss: 0.0000, instance_loss: 0.0007, weighted_loss: 0.0002, label: 0, bag_size: 1157
batch 599, loss: 0.0026, instance_loss: 0.0375, weighted_loss: 0.0131, label: 1, bag_size: 571
batch 619, loss: 0.0010, instance_loss: 0.0041, weighted_loss: 0.0019, label: 1, bag_size: 321
batch 639, loss: 0.0012, instance_loss: 0.7512, weighted_loss: 0.2262, label: 0, bag_size: 273


class 0 clustering acc 0.9882872503840245: correct 5147/5208
class 1 clustering acc 0.9740783410138248: correct 5073/5208
Epoch: 4, train_loss: 0.0551, train_clustering_loss:  0.0873, train_error: 0.0169
class 0: acc 0.97953216374269, correct 335/342
class 1: acc 0.9870550161812298, correct 305/309

Val Set, val_loss: 0.2399, val_error: 0.0695, auc: 0.7726
class 0 clustering acc 1.0: correct 1496/1496
class 1 clustering acc 0.9893048128342246: correct 1480/1496
class 0: acc 0.9558011049723757, correct 173/181
class 1: acc 0.16666666666666666, correct 1/6
EarlyStopping counter: 1 out of 20


batch 19, loss: 0.0862, instance_loss: 0.0000, weighted_loss: 0.0603, label: 1, bag_size: 1010
batch 39, loss: 0.0001, instance_loss: 0.0096, weighted_loss: 0.0029, label: 1, bag_size: 345
batch 59, loss: 0.0028, instance_loss: 0.0384, weighted_loss: 0.0134, label: 1, bag_size: 571
batch 79, loss: 0.0154, instance_loss: 0.0020, weighted_loss: 0.0114, label: 1, bag_size: 1400
batch 99, loss: 0.1439, instance_loss: 0.0005, weighted_loss: 0.1009, label: 1, bag_size: 816
batch 119, loss: 0.0048, instance_loss: 0.0957, weighted_loss: 0.0321, label: 1, bag_size: 226
batch 139, loss: 0.0078, instance_loss: 0.0000, weighted_loss: 0.0054, label: 1, bag_size: 1044
batch 159, loss: 0.0019, instance_loss: 0.0000, weighted_loss: 0.0013, label: 1, bag_size: 1260
batch 179, loss: 0.0224, instance_loss: 0.0390, weighted_loss: 0.0274, label: 1, bag_size: 646
batch 199, loss: 0.0111, instance_loss: 0.0863, weighted_loss: 0.0337, label: 0, bag_size: 176
batch 219, loss: 0.0045, instance_loss: 0.0000, weighted_loss: 0.0032, label: 1, bag_size: 1017
batch 239, loss: 0.0099, instance_loss: 0.0014, weighted_loss: 0.0073, label: 1, bag_size: 283
batch 259, loss: 0.0133, instance_loss: 0.0012, weighted_loss: 0.0097, label: 1, bag_size: 163
batch 279, loss: 0.0023, instance_loss: 0.0000, weighted_loss: 0.0016, label: 1, bag_size: 1359
batch 299, loss: 0.0054, instance_loss: 0.0063, weighted_loss: 0.0057, label: 0, bag_size: 582
batch 319, loss: 0.0003, instance_loss: 0.0005, weighted_loss: 0.0004, label: 1, bag_size: 926
batch 339, loss: 0.0001, instance_loss: 0.0002, weighted_loss: 0.0002, label: 1, bag_size: 926
batch 359, loss: 0.0012, instance_loss: 0.0012, weighted_loss: 0.0012, label: 1, bag_size: 1400
batch 379, loss: 0.0050, instance_loss: 0.1567, weighted_loss: 0.0505, label: 0, bag_size: 593
batch 399, loss: 0.0023, instance_loss: 0.0013, weighted_loss: 0.0020, label: 1, bag_size: 189
batch 419, loss: 3.5560, instance_loss: 0.0004, weighted_loss: 2.4893, label: 1, bag_size: 1400
batch 439, loss: 0.0002, instance_loss: 0.0009, weighted_loss: 0.0004, label: 0, bag_size: 1299
batch 459, loss: 0.0742, instance_loss: 0.0016, weighted_loss: 0.0525, label: 1, bag_size: 816
batch 479, loss: 0.0061, instance_loss: 0.0492, weighted_loss: 0.0190, label: 0, bag_size: 187
batch 499, loss: 0.0001, instance_loss: 0.0000, weighted_loss: 0.0001, label: 1, bag_size: 1359
batch 519, loss: 0.0160, instance_loss: 0.0407, weighted_loss: 0.0234, label: 1, bag_size: 212
batch 539, loss: 0.0011, instance_loss: 0.0013, weighted_loss: 0.0011, label: 0, bag_size: 582
batch 559, loss: 0.0095, instance_loss: 0.0000, weighted_loss: 0.0067, label: 1, bag_size: 816
batch 579, loss: 0.0053, instance_loss: 0.0449, weighted_loss: 0.0172, label: 0, bag_size: 707
batch 599, loss: 0.0085, instance_loss: 0.0006, weighted_loss: 0.0061, label: 1, bag_size: 378
batch 619, loss: 0.0015, instance_loss: 0.0000, weighted_loss: 0.0011, label: 0, bag_size: 1078
batch 639, loss: 0.0005, instance_loss: 0.0017, weighted_loss: 0.0008, label: 1, bag_size: 376


class 0 clustering acc 0.9913594470046083: correct 5163/5208
class 1 clustering acc 0.9790706605222734: correct 5099/5208
Epoch: 5, train_loss: 0.0620, train_clustering_loss:  0.0768, train_error: 0.0184
class 0: acc 0.9756838905775076, correct 321/329
class 1: acc 0.9875776397515528, correct 318/322

Val Set, val_loss: 0.1912, val_error: 0.0535, auc: 0.8076
class 0 clustering acc 1.0: correct 1496/1496
class 1 clustering acc 0.9725935828877005: correct 1455/1496
class 0: acc 0.9668508287292817, correct 175/181
class 1: acc 0.3333333333333333, correct 2/6
Validation loss decreased (0.220838 --> 0.191165).  Saving model ...


batch 19, loss: 0.0006, instance_loss: 0.0015, weighted_loss: 0.0009, label: 0, bag_size: 963
batch 39, loss: 0.0022, instance_loss: 0.1077, weighted_loss: 0.0339, label: 0, bag_size: 117
batch 59, loss: 0.0000, instance_loss: 0.1285, weighted_loss: 0.0385, label: 0, bag_size: 583
batch 79, loss: 0.0021, instance_loss: 0.0066, weighted_loss: 0.0035, label: 0, bag_size: 541
batch 99, loss: 0.0060, instance_loss: 0.0634, weighted_loss: 0.0232, label: 1, bag_size: 121
batch 119, loss: 0.0001, instance_loss: 0.1242, weighted_loss: 0.0374, label: 0, bag_size: 104
batch 139, loss: 0.0174, instance_loss: 0.2168, weighted_loss: 0.0772, label: 0, bag_size: 382
batch 159, loss: 0.0001, instance_loss: 0.0000, weighted_loss: 0.0001, label: 1, bag_size: 1359
batch 179, loss: 0.0018, instance_loss: 0.0000, weighted_loss: 0.0013, label: 0, bag_size: 1061
batch 199, loss: 0.0213, instance_loss: 0.0009, weighted_loss: 0.0152, label: 1, bag_size: 283
batch 219, loss: 0.0000, instance_loss: 0.3378, weighted_loss: 0.1013, label: 0, bag_size: 233
batch 239, loss: 0.0007, instance_loss: 0.0000, weighted_loss: 0.0005, label: 1, bag_size: 1372
batch 259, loss: 0.0003, instance_loss: 0.6928, weighted_loss: 0.2081, label: 0, bag_size: 122
batch 279, loss: 0.0002, instance_loss: 0.1043, weighted_loss: 0.0314, label: 0, bag_size: 104
batch 299, loss: 0.0013, instance_loss: 0.0000, weighted_loss: 0.0009, label: 0, bag_size: 1538
batch 319, loss: 0.0176, instance_loss: 0.0021, weighted_loss: 0.0130, label: 1, bag_size: 1400
batch 339, loss: 0.0001, instance_loss: 0.0247, weighted_loss: 0.0075, label: 0, bag_size: 287
batch 359, loss: 0.0031, instance_loss: 0.0023, weighted_loss: 0.0028, label: 0, bag_size: 1605
batch 379, loss: 0.0011, instance_loss: 0.0127, weighted_loss: 0.0046, label: 1, bag_size: 170
batch 399, loss: 0.0002, instance_loss: 0.0000, weighted_loss: 0.0001, label: 1, bag_size: 1359
batch 419, loss: 0.0027, instance_loss: 0.0013, weighted_loss: 0.0023, label: 1, bag_size: 788
batch 439, loss: 0.0202, instance_loss: 0.1231, weighted_loss: 0.0510, label: 0, bag_size: 82
batch 459, loss: 0.0046, instance_loss: 0.0000, weighted_loss: 0.0032, label: 1, bag_size: 1297
batch 479, loss: 0.0013, instance_loss: 0.0007, weighted_loss: 0.0011, label: 0, bag_size: 1033
batch 499, loss: 0.0042, instance_loss: 0.0020, weighted_loss: 0.0035, label: 1, bag_size: 163
batch 519, loss: 0.0038, instance_loss: 0.0003, weighted_loss: 0.0028, label: 1, bag_size: 152
batch 539, loss: 0.0026, instance_loss: 0.0051, weighted_loss: 0.0034, label: 1, bag_size: 170
batch 559, loss: 0.0001, instance_loss: 0.0004, weighted_loss: 0.0002, label: 1, bag_size: 917
batch 579, loss: 0.0044, instance_loss: 0.0000, weighted_loss: 0.0031, label: 1, bag_size: 816
batch 599, loss: 0.0000, instance_loss: 0.0000, weighted_loss: 0.0000, label: 0, bag_size: 1322
batch 619, loss: 0.0205, instance_loss: 0.0269, weighted_loss: 0.0224, label: 0, bag_size: 213
batch 639, loss: 0.0022, instance_loss: 0.0007, weighted_loss: 0.0017, label: 1, bag_size: 1260


class 0 clustering acc 0.990395697272378: correct 5156/5206
class 1 clustering acc 0.9790626200537841: correct 5097/5206
Epoch: 6, train_loss: 0.0649, train_clustering_loss:  0.0776, train_error: 0.0184
class 0: acc 0.9777777777777777, correct 308/315
class 1: acc 0.9851190476190477, correct 331/336

Val Set, val_loss: 0.3793, val_error: 0.0963, auc: 0.6897
class 0 clustering acc 1.0: correct 1496/1496
class 1 clustering acc 0.9766042780748663: correct 1461/1496
class 0: acc 0.9281767955801105, correct 168/181
class 1: acc 0.16666666666666666, correct 1/6
EarlyStopping counter: 1 out of 20


batch 19, loss: 0.0011, instance_loss: 1.3758, weighted_loss: 0.4135, label: 0, bag_size: 55
batch 39, loss: 0.0776, instance_loss: 0.0569, weighted_loss: 0.0714, label: 0, bag_size: 241
batch 59, loss: 0.0015, instance_loss: 0.0000, weighted_loss: 0.0010, label: 1, bag_size: 1437
batch 79, loss: 0.0012, instance_loss: 0.0052, weighted_loss: 0.0024, label: 0, bag_size: 216
batch 99, loss: 0.0016, instance_loss: 0.0002, weighted_loss: 0.0012, label: 1, bag_size: 1010
batch 119, loss: 0.0183, instance_loss: 0.1868, weighted_loss: 0.0689, label: 0, bag_size: 291
batch 139, loss: 0.0122, instance_loss: 0.0162, weighted_loss: 0.0134, label: 1, bag_size: 319
batch 159, loss: 0.0002, instance_loss: 0.6895, weighted_loss: 0.2070, label: 0, bag_size: 228
batch 179, loss: 0.0001, instance_loss: 0.0872, weighted_loss: 0.0262, label: 0, bag_size: 235
batch 199, loss: 0.0012, instance_loss: 0.0025, weighted_loss: 0.0016, label: 1, bag_size: 1017
batch 219, loss: 0.0000, instance_loss: 0.4321, weighted_loss: 0.1296, label: 0, bag_size: 176
batch 239, loss: 0.1132, instance_loss: 0.0151, weighted_loss: 0.0837, label: 1, bag_size: 698
batch 259, loss: 0.0081, instance_loss: 0.0013, weighted_loss: 0.0060, label: 1, bag_size: 856
batch 279, loss: 0.0004, instance_loss: 0.0009, weighted_loss: 0.0005, label: 1, bag_size: 376
batch 299, loss: 0.0003, instance_loss: 0.0070, weighted_loss: 0.0023, label: 0, bag_size: 848
batch 319, loss: 0.0000, instance_loss: 0.0071, weighted_loss: 0.0022, label: 0, bag_size: 1049
batch 339, loss: 0.0017, instance_loss: 1.0837, weighted_loss: 0.3263, label: 0, bag_size: 55
batch 359, loss: 0.0010, instance_loss: 0.0002, weighted_loss: 0.0008, label: 1, bag_size: 656
batch 379, loss: 0.0013, instance_loss: 0.0478, weighted_loss: 0.0153, label: 0, bag_size: 312
batch 399, loss: 0.0000, instance_loss: 2.6166, weighted_loss: 0.7850, label: 0, bag_size: 188
batch 419, loss: 0.0147, instance_loss: 0.0000, weighted_loss: 0.0103, label: 1, bag_size: 163
batch 439, loss: 0.0001, instance_loss: 0.2421, weighted_loss: 0.0727, label: 0, bag_size: 112
batch 459, loss: 0.0000, instance_loss: 0.4424, weighted_loss: 0.1327, label: 0, bag_size: 67
batch 479, loss: 0.0010, instance_loss: 0.0167, weighted_loss: 0.0057, label: 0, bag_size: 303
batch 499, loss: 0.0011, instance_loss: 0.0073, weighted_loss: 0.0030, label: 0, bag_size: 467
batch 519, loss: 0.0006, instance_loss: 0.0000, weighted_loss: 0.0004, label: 1, bag_size: 1297
batch 539, loss: 0.0000, instance_loss: 0.0003, weighted_loss: 0.0001, label: 0, bag_size: 989
batch 559, loss: 0.0000, instance_loss: 0.3952, weighted_loss: 0.1186, label: 0, bag_size: 72
batch 579, loss: 0.0321, instance_loss: 0.0000, weighted_loss: 0.0225, label: 1, bag_size: 698
batch 599, loss: 0.3233, instance_loss: 0.0118, weighted_loss: 0.2298, label: 0, bag_size: 877
batch 619, loss: 0.0656, instance_loss: 0.0072, weighted_loss: 0.0481, label: 1, bag_size: 212
batch 639, loss: 0.0024, instance_loss: 0.0000, weighted_loss: 0.0017, label: 0, bag_size: 1095


class 0 clustering acc 0.9861698040722243: correct 5134/5206
class 1 clustering acc 0.9686899731079524: correct 5043/5206
Epoch: 7, train_loss: 0.0884, train_clustering_loss:  0.1175, train_error: 0.0261
class 0: acc 0.9697885196374623, correct 321/331
class 1: acc 0.978125, correct 313/320

Val Set, val_loss: 0.1785, val_error: 0.0909, auc: 0.9309
class 0 clustering acc 0.9919786096256684: correct 1484/1496
class 1 clustering acc 0.982620320855615: correct 1470/1496
class 0: acc 0.9226519337016574, correct 167/181
class 1: acc 0.5, correct 3/6
Validation loss decreased (0.191165 --> 0.178540).  Saving model ...


batch 19, loss: 0.0007, instance_loss: 0.0033, weighted_loss: 0.0015, label: 1, bag_size: 280
batch 39, loss: 0.0080, instance_loss: 0.0000, weighted_loss: 0.0056, label: 1, bag_size: 1409
batch 59, loss: 0.0095, instance_loss: 0.0000, weighted_loss: 0.0067, label: 1, bag_size: 1359
batch 79, loss: 0.0027, instance_loss: 0.0100, weighted_loss: 0.0049, label: 1, bag_size: 571
batch 99, loss: 0.0054, instance_loss: 0.0000, weighted_loss: 0.0038, label: 1, bag_size: 1017
batch 119, loss: 0.0000, instance_loss: 0.0150, weighted_loss: 0.0045, label: 0, bag_size: 268
batch 139, loss: 0.0001, instance_loss: 0.0007, weighted_loss: 0.0003, label: 0, bag_size: 922
batch 159, loss: 0.0040, instance_loss: 0.0050, weighted_loss: 0.0043, label: 0, bag_size: 162
batch 179, loss: 0.0001, instance_loss: 0.0653, weighted_loss: 0.0197, label: 0, bag_size: 307
batch 199, loss: 0.0000, instance_loss: 0.1721, weighted_loss: 0.0516, label: 0, bag_size: 220
batch 219, loss: 0.0002, instance_loss: 0.0359, weighted_loss: 0.0109, label: 0, bag_size: 352
batch 239, loss: 0.0001, instance_loss: 0.1809, weighted_loss: 0.0543, label: 0, bag_size: 104
batch 259, loss: 0.0001, instance_loss: 0.0306, weighted_loss: 0.0093, label: 0, bag_size: 151
batch 279, loss: 0.0016, instance_loss: 0.0000, weighted_loss: 0.0011, label: 1, bag_size: 1372
batch 299, loss: 0.0001, instance_loss: 0.2813, weighted_loss: 0.0845, label: 0, bag_size: 197
batch 319, loss: 0.1263, instance_loss: 0.3680, weighted_loss: 0.1988, label: 0, bag_size: 3553
batch 339, loss: 0.0009, instance_loss: 0.0018, weighted_loss: 0.0012, label: 0, bag_size: 501
batch 359, loss: 0.0039, instance_loss: 0.0027, weighted_loss: 0.0036, label: 1, bag_size: 132
batch 379, loss: 0.2597, instance_loss: 0.0006, weighted_loss: 0.1819, label: 1, bag_size: 231
batch 399, loss: 0.0021, instance_loss: 0.0154, weighted_loss: 0.0061, label: 1, bag_size: 646
batch 419, loss: 0.0003, instance_loss: 0.0107, weighted_loss: 0.0034, label: 0, bag_size: 66
batch 439, loss: 0.0004, instance_loss: 0.1050, weighted_loss: 0.0318, label: 0, bag_size: 240
batch 459, loss: 0.0001, instance_loss: 0.8086, weighted_loss: 0.2426, label: 0, bag_size: 108
batch 479, loss: 0.0016, instance_loss: 0.0130, weighted_loss: 0.0050, label: 1, bag_size: 226
batch 499, loss: 0.4088, instance_loss: 0.0010, weighted_loss: 0.2865, label: 0, bag_size: 1029
batch 519, loss: 0.0002, instance_loss: 0.0000, weighted_loss: 0.0002, label: 0, bag_size: 1208
batch 539, loss: 0.0103, instance_loss: 0.0000, weighted_loss: 0.0072, label: 1, bag_size: 399
batch 559, loss: 0.0004, instance_loss: 0.4666, weighted_loss: 0.1402, label: 1, bag_size: 212
batch 579, loss: 0.0043, instance_loss: 0.0283, weighted_loss: 0.0115, label: 0, bag_size: 1293
batch 599, loss: 0.0024, instance_loss: 0.0182, weighted_loss: 0.0071, label: 1, bag_size: 121
batch 619, loss: 0.0010, instance_loss: 0.1481, weighted_loss: 0.0451, label: 1, bag_size: 212
batch 639, loss: 0.0010, instance_loss: 0.0007, weighted_loss: 0.0009, label: 1, bag_size: 132


class 0 clustering acc 0.9909719554360353: correct 5159/5206
class 1 clustering acc 0.9788705339992316: correct 5096/5206
Epoch: 8, train_loss: 0.0588, train_clustering_loss:  0.0759, train_error: 0.0169
class 0: acc 0.9838187702265372, correct 304/309
class 1: acc 0.9824561403508771, correct 336/342

Val Set, val_loss: 0.1821, val_error: 0.0481, auc: 0.8720
class 0 clustering acc 0.9979946524064172: correct 1493/1496
class 1 clustering acc 0.9786096256684492: correct 1464/1496
class 0: acc 0.9723756906077348, correct 176/181
class 1: acc 0.3333333333333333, correct 2/6
EarlyStopping counter: 1 out of 20


batch 19, loss: 0.0006, instance_loss: 0.0047, weighted_loss: 0.0018, label: 0, bag_size: 874
batch 39, loss: 0.0024, instance_loss: 0.0011, weighted_loss: 0.0020, label: 0, bag_size: 1114
batch 59, loss: 0.0025, instance_loss: 0.7818, weighted_loss: 0.2363, label: 0, bag_size: 4917
batch 79, loss: 0.0002, instance_loss: 0.2149, weighted_loss: 0.0646, label: 0, bag_size: 48
batch 99, loss: 0.0008, instance_loss: 0.0445, weighted_loss: 0.0139, label: 0, bag_size: 492
batch 119, loss: 0.0000, instance_loss: 0.0000, weighted_loss: 0.0000, label: 1, bag_size: 926
batch 139, loss: 0.0001, instance_loss: 0.0002, weighted_loss: 0.0001, label: 0, bag_size: 1101
batch 159, loss: 0.0365, instance_loss: 0.0139, weighted_loss: 0.0297, label: 1, bag_size: 378
batch 179, loss: 0.0002, instance_loss: 0.0088, weighted_loss: 0.0027, label: 1, bag_size: 280
batch 199, loss: 0.0181, instance_loss: 0.0005, weighted_loss: 0.0128, label: 1, bag_size: 1260
batch 219, loss: 0.0374, instance_loss: 0.0004, weighted_loss: 0.0263, label: 0, bag_size: 1097
batch 239, loss: 0.0011, instance_loss: 0.0021, weighted_loss: 0.0014, label: 0, bag_size: 842
batch 259, loss: 0.0017, instance_loss: 0.0018, weighted_loss: 0.0017, label: 0, bag_size: 155
batch 279, loss: 0.0002, instance_loss: 0.0188, weighted_loss: 0.0058, label: 0, bag_size: 218
batch 299, loss: 0.0122, instance_loss: 0.0009, weighted_loss: 0.0088, label: 1, bag_size: 363
batch 319, loss: 0.0000, instance_loss: 0.0203, weighted_loss: 0.0061, label: 1, bag_size: 345
batch 339, loss: 0.0033, instance_loss: 0.1737, weighted_loss: 0.0544, label: 0, bag_size: 284
batch 359, loss: 0.0001, instance_loss: 0.0005, weighted_loss: 0.0002, label: 1, bag_size: 656
batch 379, loss: 0.0074, instance_loss: 0.4637, weighted_loss: 0.1443, label: 0, bag_size: 228
batch 399, loss: 0.0004, instance_loss: 0.0000, weighted_loss: 0.0003, label: 1, bag_size: 1297
batch 419, loss: 0.0004, instance_loss: 0.0012, weighted_loss: 0.0007, label: 0, bag_size: 411
batch 439, loss: 0.0001, instance_loss: 0.0000, weighted_loss: 0.0001, label: 0, bag_size: 880
batch 459, loss: 0.0001, instance_loss: 0.5636, weighted_loss: 0.1691, label: 0, bag_size: 161
batch 479, loss: 0.0000, instance_loss: 0.0322, weighted_loss: 0.0097, label: 1, bag_size: 345
batch 499, loss: 0.0009, instance_loss: 0.0471, weighted_loss: 0.0147, label: 0, bag_size: 188
batch 519, loss: 0.0001, instance_loss: 0.0000, weighted_loss: 0.0001, label: 0, bag_size: 1299
batch 539, loss: 0.0078, instance_loss: 0.1528, weighted_loss: 0.0513, label: 0, bag_size: 118
batch 559, loss: 0.0001, instance_loss: 0.0368, weighted_loss: 0.0111, label: 0, bag_size: 467
batch 579, loss: 0.0147, instance_loss: 0.0006, weighted_loss: 0.0105, label: 1, bag_size: 319
batch 599, loss: 0.0003, instance_loss: 0.0016, weighted_loss: 0.0007, label: 1, bag_size: 363
batch 619, loss: 0.0021, instance_loss: 0.0517, weighted_loss: 0.0170, label: 1, bag_size: 212
batch 639, loss: 0.0050, instance_loss: 0.0021, weighted_loss: 0.0041, label: 1, bag_size: 152


class 0 clustering acc 0.9905877833269304: correct 5157/5206
class 1 clustering acc 0.9704187475989243: correct 5052/5206
Epoch: 9, train_loss: 0.0292, train_clustering_loss:  0.1034, train_error: 0.0077
class 0: acc 0.9884393063583815, correct 342/346
class 1: acc 0.9967213114754099, correct 304/305

Val Set, val_loss: 0.2242, val_error: 0.0588, auc: 0.8361
class 0 clustering acc 1.0: correct 1496/1496
class 1 clustering acc 0.9872994652406417: correct 1477/1496
class 0: acc 0.9613259668508287, correct 174/181
class 1: acc 0.3333333333333333, correct 2/6
EarlyStopping counter: 2 out of 20


batch 19, loss: 0.0033, instance_loss: 0.0889, weighted_loss: 0.0290, label: 0, bag_size: 221
batch 39, loss: 0.0002, instance_loss: 0.0175, weighted_loss: 0.0054, label: 0, bag_size: 621
batch 59, loss: 0.0011, instance_loss: 0.1861, weighted_loss: 0.0566, label: 0, bag_size: 226
batch 79, loss: 0.0017, instance_loss: 0.0000, weighted_loss: 0.0012, label: 1, bag_size: 1409
batch 99, loss: 0.0010, instance_loss: 0.2491, weighted_loss: 0.0754, label: 0, bag_size: 321
batch 119, loss: 0.0000, instance_loss: 0.0546, weighted_loss: 0.0164, label: 0, bag_size: 153
batch 139, loss: 0.0004, instance_loss: 0.0000, weighted_loss: 0.0003, label: 1, bag_size: 1297
batch 159, loss: 0.0010, instance_loss: 0.0933, weighted_loss: 0.0287, label: 0, bag_size: 183
batch 179, loss: 0.0000, instance_loss: 0.0909, weighted_loss: 0.0273, label: 0, bag_size: 164
batch 199, loss: 0.0686, instance_loss: 0.0000, weighted_loss: 0.0480, label: 0, bag_size: 1269
batch 219, loss: 0.0000, instance_loss: 0.0177, weighted_loss: 0.0053, label: 0, bag_size: 131
batch 239, loss: 0.0015, instance_loss: 0.0000, weighted_loss: 0.0010, label: 1, bag_size: 283
batch 259, loss: 0.0001, instance_loss: 0.0002, weighted_loss: 0.0001, label: 1, bag_size: 816
batch 279, loss: 0.0000, instance_loss: 0.0000, weighted_loss: 0.0000, label: 1, bag_size: 1044
batch 299, loss: 0.0004, instance_loss: 0.0000, weighted_loss: 0.0003, label: 1, bag_size: 788
batch 319, loss: 0.0681, instance_loss: 0.0000, weighted_loss: 0.0477, label: 1, bag_size: 1017
batch 339, loss: 0.0000, instance_loss: 0.0000, weighted_loss: 0.0000, label: 1, bag_size: 1372
batch 359, loss: 0.0000, instance_loss: 0.0002, weighted_loss: 0.0001, label: 1, bag_size: 321
batch 379, loss: 0.0019, instance_loss: 0.1206, weighted_loss: 0.0375, label: 0, bag_size: 227
batch 399, loss: 0.0073, instance_loss: 0.0129, weighted_loss: 0.0090, label: 1, bag_size: 102
batch 419, loss: 0.0017, instance_loss: 0.0037, weighted_loss: 0.0023, label: 1, bag_size: 280
batch 439, loss: 0.0017, instance_loss: 0.4710, weighted_loss: 0.1425, label: 1, bag_size: 212
batch 459, loss: 0.0004, instance_loss: 0.4218, weighted_loss: 0.1268, label: 1, bag_size: 121
batch 479, loss: 0.0152, instance_loss: 0.0016, weighted_loss: 0.0111, label: 1, bag_size: 1374
batch 499, loss: 0.0011, instance_loss: 0.0000, weighted_loss: 0.0008, label: 1, bag_size: 1260
batch 519, loss: 0.0028, instance_loss: 0.0025, weighted_loss: 0.0027, label: 1, bag_size: 856
batch 539, loss: 0.0147, instance_loss: 0.0002, weighted_loss: 0.0104, label: 1, bag_size: 283
batch 559, loss: 0.0000, instance_loss: 0.0011, weighted_loss: 0.0003, label: 0, bag_size: 1592
batch 579, loss: 0.0058, instance_loss: 0.1475, weighted_loss: 0.0483, label: 1, bag_size: 646
batch 599, loss: 0.0021, instance_loss: 0.1440, weighted_loss: 0.0447, label: 0, bag_size: 247
batch 619, loss: 0.0004, instance_loss: 0.0006, weighted_loss: 0.0004, label: 0, bag_size: 745
batch 639, loss: 0.0010, instance_loss: 0.0002, weighted_loss: 0.0007, label: 1, bag_size: 1409


class 0 clustering acc 0.988863287250384: correct 5150/5208
class 1 clustering acc 0.966973886328725: correct 5036/5208
Epoch: 10, train_loss: 0.0323, train_clustering_loss:  0.1066, train_error: 0.0092
class 0: acc 0.9904153354632588, correct 310/313
class 1: acc 0.9911242603550295, correct 335/338

Val Set, val_loss: 0.2932, val_error: 0.0695, auc: 0.7118
class 0 clustering acc 1.0: correct 1496/1496
class 1 clustering acc 0.9692513368983957: correct 1450/1496
class 0: acc 0.9558011049723757, correct 173/181
class 1: acc 0.16666666666666666, correct 1/6
EarlyStopping counter: 3 out of 20


batch 19, loss: 0.0009, instance_loss: 0.0000, weighted_loss: 0.0006, label: 1, bag_size: 1297
batch 39, loss: 0.0011, instance_loss: 0.0792, weighted_loss: 0.0246, label: 1, bag_size: 163
batch 59, loss: 0.0009, instance_loss: 0.0000, weighted_loss: 0.0006, label: 1, bag_size: 1409
batch 79, loss: 0.0454, instance_loss: 0.0000, weighted_loss: 0.0318, label: 1, bag_size: 816
batch 99, loss: 0.0030, instance_loss: 0.0000, weighted_loss: 0.0021, label: 1, bag_size: 283
batch 119, loss: 0.0100, instance_loss: 0.0002, weighted_loss: 0.0071, label: 1, bag_size: 189
batch 139, loss: 0.0053, instance_loss: 0.0000, weighted_loss: 0.0037, label: 0, bag_size: 1114
batch 159, loss: 0.0012, instance_loss: 0.0005, weighted_loss: 0.0010, label: 1, bag_size: 856
batch 179, loss: 0.0006, instance_loss: 0.0000, weighted_loss: 0.0004, label: 1, bag_size: 1409
batch 199, loss: 0.0068, instance_loss: 0.0000, weighted_loss: 0.0047, label: 1, bag_size: 1374
batch 219, loss: 0.0092, instance_loss: 0.0058, weighted_loss: 0.0082, label: 1, bag_size: 571
batch 239, loss: 0.0001, instance_loss: 0.2435, weighted_loss: 0.0731, label: 0, bag_size: 165
batch 259, loss: 0.0043, instance_loss: 0.0009, weighted_loss: 0.0033, label: 1, bag_size: 226
batch 279, loss: 0.0130, instance_loss: 0.0003, weighted_loss: 0.0092, label: 1, bag_size: 1374
batch 299, loss: 0.0050, instance_loss: 0.0619, weighted_loss: 0.0221, label: 1, bag_size: 121
batch 319, loss: 0.0001, instance_loss: 1.7373, weighted_loss: 0.5213, label: 0, bag_size: 6
batch 339, loss: 0.0004, instance_loss: 0.0000, weighted_loss: 0.0003, label: 1, bag_size: 856
batch 359, loss: 0.0019, instance_loss: 0.0098, weighted_loss: 0.0042, label: 0, bag_size: 1246
batch 379, loss: 0.0001, instance_loss: 0.0000, weighted_loss: 0.0000, label: 0, bag_size: 768
batch 399, loss: 0.0014, instance_loss: 0.0000, weighted_loss: 0.0010, label: 0, bag_size: 971
batch 419, loss: 0.0005, instance_loss: 0.0000, weighted_loss: 0.0003, label: 1, bag_size: 363
batch 439, loss: 0.0145, instance_loss: 0.0101, weighted_loss: 0.0131, label: 1, bag_size: 102
batch 459, loss: 0.0591, instance_loss: 0.0000, weighted_loss: 0.0414, label: 0, bag_size: 1129
batch 479, loss: 0.0893, instance_loss: 0.0005, weighted_loss: 0.0627, label: 1, bag_size: 189
batch 499, loss: 0.0000, instance_loss: 0.3581, weighted_loss: 0.1074, label: 0, bag_size: 126
batch 519, loss: 0.0078, instance_loss: 0.0008, weighted_loss: 0.0057, label: 1, bag_size: 1374
batch 539, loss: 0.0001, instance_loss: 0.0004, weighted_loss: 0.0002, label: 1, bag_size: 376
batch 559, loss: 0.0105, instance_loss: 0.0000, weighted_loss: 0.0073, label: 1, bag_size: 1400
batch 579, loss: 0.0000, instance_loss: 0.1531, weighted_loss: 0.0459, label: 0, bag_size: 533
batch 599, loss: 0.0030, instance_loss: 0.0000, weighted_loss: 0.0021, label: 1, bag_size: 1437
batch 619, loss: 0.0005, instance_loss: 0.0000, weighted_loss: 0.0004, label: 1, bag_size: 1409
batch 639, loss: 0.0035, instance_loss: 0.0163, weighted_loss: 0.0074, label: 0, bag_size: 697


class 0 clustering acc 0.9800153727901614: correct 5100/5204
class 1 clustering acc 0.9544581091468102: correct 4967/5204
Epoch: 11, train_loss: 0.0079, train_clustering_loss:  0.1505, train_error: 0.0015
class 0: acc 0.9968944099378882, correct 321/322
class 1: acc 1.0, correct 329/329

Val Set, val_loss: 0.2991, val_error: 0.0588, auc: 0.8149
class 0 clustering acc 1.0: correct 1496/1496
class 1 clustering acc 0.9959893048128342: correct 1490/1496
class 0: acc 0.9668508287292817, correct 175/181
class 1: acc 0.16666666666666666, correct 1/6
EarlyStopping counter: 4 out of 20


batch 19, loss: 0.0000, instance_loss: 0.2525, weighted_loss: 0.0758, label: 0, bag_size: 126
batch 39, loss: 0.0001, instance_loss: 0.0309, weighted_loss: 0.0093, label: 0, bag_size: 230
batch 59, loss: 0.0001, instance_loss: 1.3153, weighted_loss: 0.3946, label: 0, bag_size: 65
batch 79, loss: 0.0000, instance_loss: 0.1066, weighted_loss: 0.0320, label: 0, bag_size: 297
batch 99, loss: 0.0002, instance_loss: 0.0003, weighted_loss: 0.0003, label: 0, bag_size: 909
batch 119, loss: 0.3047, instance_loss: 0.0092, weighted_loss: 0.2161, label: 1, bag_size: 152
batch 139, loss: 0.0009, instance_loss: 0.0000, weighted_loss: 0.0006, label: 1, bag_size: 1374
batch 159, loss: 0.0002, instance_loss: 0.0000, weighted_loss: 0.0001, label: 1, bag_size: 917
batch 179, loss: 0.0064, instance_loss: 0.0007, weighted_loss: 0.0047, label: 1, bag_size: 231
batch 199, loss: 0.0001, instance_loss: 0.0467, weighted_loss: 0.0141, label: 1, bag_size: 212
batch 219, loss: 0.0015, instance_loss: 0.0013, weighted_loss: 0.0014, label: 1, bag_size: 319
batch 239, loss: 0.0014, instance_loss: 0.0707, weighted_loss: 0.0222, label: 1, bag_size: 163
batch 259, loss: 0.0001, instance_loss: 0.0000, weighted_loss: 0.0001, label: 1, bag_size: 363
batch 279, loss: 0.0001, instance_loss: 1.0827, weighted_loss: 0.3249, label: 0, bag_size: 177
batch 299, loss: 0.0008, instance_loss: 0.3540, weighted_loss: 0.1068, label: 0, bag_size: 105
batch 319, loss: 0.0005, instance_loss: 0.0375, weighted_loss: 0.0116, label: 0, bag_size: 349
batch 339, loss: 0.0002, instance_loss: 0.0938, weighted_loss: 0.0283, label: 0, bag_size: 230
batch 359, loss: 0.0014, instance_loss: 0.0012, weighted_loss: 0.0014, label: 1, bag_size: 189
batch 379, loss: 0.0000, instance_loss: 0.0194, weighted_loss: 0.0059, label: 0, bag_size: 240
batch 399, loss: 0.0003, instance_loss: 0.0006, weighted_loss: 0.0004, label: 1, bag_size: 856
batch 419, loss: 0.0002, instance_loss: 0.0826, weighted_loss: 0.0249, label: 1, bag_size: 212
batch 439, loss: 0.0404, instance_loss: 0.0000, weighted_loss: 0.0283, label: 1, bag_size: 1010
batch 459, loss: 0.0001, instance_loss: 0.0006, weighted_loss: 0.0002, label: 1, bag_size: 163
batch 479, loss: 0.0878, instance_loss: 0.0205, weighted_loss: 0.0676, label: 0, bag_size: 564
batch 499, loss: 0.0000, instance_loss: 0.0002, weighted_loss: 0.0001, label: 0, bag_size: 1029
batch 519, loss: 0.0029, instance_loss: 0.0000, weighted_loss: 0.0021, label: 1, bag_size: 816
batch 539, loss: 0.0002, instance_loss: 0.0011, weighted_loss: 0.0005, label: 1, bag_size: 376
batch 559, loss: 0.0208, instance_loss: 0.0054, weighted_loss: 0.0162, label: 1, bag_size: 231
batch 579, loss: 0.0011, instance_loss: 0.0006, weighted_loss: 0.0010, label: 0, bag_size: 972
batch 599, loss: 0.0000, instance_loss: 0.4912, weighted_loss: 0.1474, label: 1, bag_size: 121
batch 619, loss: 0.0016, instance_loss: 0.0010, weighted_loss: 0.0014, label: 1, bag_size: 152
batch 639, loss: 0.0169, instance_loss: 0.0804, weighted_loss: 0.0359, label: 0, bag_size: 212


class 0 clustering acc 0.988863287250384: correct 5150/5208
class 1 clustering acc 0.9706221198156681: correct 5055/5208
Epoch: 12, train_loss: 0.0299, train_clustering_loss:  0.0979, train_error: 0.0077
class 0: acc 0.9935691318327974, correct 309/311
class 1: acc 0.9911764705882353, correct 337/340

Val Set, val_loss: 0.3159, val_error: 0.0695, auc: 0.7643
class 0 clustering acc 1.0: correct 1496/1496
class 1 clustering acc 0.9939839572192514: correct 1487/1496
class 0: acc 0.9558011049723757, correct 173/181
class 1: acc 0.16666666666666666, correct 1/6
EarlyStopping counter: 5 out of 20


batch 19, loss: 0.0000, instance_loss: 0.0537, weighted_loss: 0.0161, label: 0, bag_size: 226
batch 39, loss: 0.0001, instance_loss: 0.0000, weighted_loss: 0.0000, label: 0, bag_size: 1160
batch 59, loss: 0.0004, instance_loss: 0.0000, weighted_loss: 0.0003, label: 1, bag_size: 1409
batch 79, loss: 0.0003, instance_loss: 0.0020, weighted_loss: 0.0008, label: 1, bag_size: 345
batch 99, loss: 0.0063, instance_loss: 0.0031, weighted_loss: 0.0053, label: 1, bag_size: 399
batch 119, loss: 0.0044, instance_loss: 0.0000, weighted_loss: 0.0031, label: 1, bag_size: 1010
batch 139, loss: 0.0045, instance_loss: 0.0000, weighted_loss: 0.0032, label: 1, bag_size: 1010
batch 159, loss: 0.0000, instance_loss: 0.7079, weighted_loss: 0.2124, label: 0, bag_size: 82
batch 179, loss: 0.0003, instance_loss: 0.0000, weighted_loss: 0.0002, label: 1, bag_size: 788
batch 199, loss: 0.0000, instance_loss: 0.1240, weighted_loss: 0.0372, label: 0, bag_size: 159
batch 219, loss: 0.0002, instance_loss: 0.0000, weighted_loss: 0.0001, label: 1, bag_size: 1297
batch 239, loss: 1.3438, instance_loss: 0.0051, weighted_loss: 0.9422, label: 0, bag_size: 580
batch 259, loss: 0.0021, instance_loss: 0.0011, weighted_loss: 0.0018, label: 1, bag_size: 319
batch 279, loss: 0.0000, instance_loss: 0.0000, weighted_loss: 0.0000, label: 0, bag_size: 1061
batch 299, loss: 0.0000, instance_loss: 0.0038, weighted_loss: 0.0012, label: 1, bag_size: 376
batch 319, loss: 0.0007, instance_loss: 0.0000, weighted_loss: 0.0005, label: 1, bag_size: 283
batch 339, loss: 0.0002, instance_loss: 0.8623, weighted_loss: 0.2589, label: 0, bag_size: 170
batch 359, loss: 0.0000, instance_loss: 0.0120, weighted_loss: 0.0036, label: 0, bag_size: 216
batch 379, loss: 0.0003, instance_loss: 0.0000, weighted_loss: 0.0002, label: 1, bag_size: 856
batch 399, loss: 0.0003, instance_loss: 0.3063, weighted_loss: 0.0921, label: 0, bag_size: 502
batch 419, loss: 0.0007, instance_loss: 0.0019, weighted_loss: 0.0011, label: 1, bag_size: 319
batch 439, loss: 0.0014, instance_loss: 0.0051, weighted_loss: 0.0025, label: 1, bag_size: 399
batch 459, loss: 0.0000, instance_loss: 0.0210, weighted_loss: 0.0063, label: 0, bag_size: 267
batch 479, loss: 0.0000, instance_loss: 0.0088, weighted_loss: 0.0027, label: 0, bag_size: 267
batch 499, loss: 0.0027, instance_loss: 0.0013, weighted_loss: 0.0023, label: 0, bag_size: 669
batch 519, loss: 0.0002, instance_loss: 0.0000, weighted_loss: 0.0002, label: 1, bag_size: 788
batch 539, loss: 0.0000, instance_loss: 0.0155, weighted_loss: 0.0047, label: 0, bag_size: 621
batch 559, loss: 0.0053, instance_loss: 0.0000, weighted_loss: 0.0037, label: 1, bag_size: 816
batch 579, loss: 0.0002, instance_loss: 0.0000, weighted_loss: 0.0001, label: 1, bag_size: 1260
batch 599, loss: 0.0008, instance_loss: 0.0265, weighted_loss: 0.0085, label: 0, bag_size: 397
batch 619, loss: 0.0009, instance_loss: 0.0044, weighted_loss: 0.0020, label: 1, bag_size: 163
batch 639, loss: 0.0018, instance_loss: 0.0000, weighted_loss: 0.0013, label: 1, bag_size: 1017


class 0 clustering acc 0.9917371252882398: correct 5161/5204
class 1 clustering acc 0.9723289777094543: correct 5060/5204
Epoch: 13, train_loss: 0.0123, train_clustering_loss:  0.0951, train_error: 0.0061
class 0: acc 0.99375, correct 318/320
class 1: acc 0.9939577039274925, correct 329/331

Val Set, val_loss: 0.3512, val_error: 0.0642, auc: 0.8094
class 0 clustering acc 1.0: correct 1496/1496
class 1 clustering acc 0.9786096256684492: correct 1464/1496
class 0: acc 0.9613259668508287, correct 174/181
class 1: acc 0.16666666666666666, correct 1/6
EarlyStopping counter: 6 out of 20


batch 19, loss: 0.0003, instance_loss: 0.0000, weighted_loss: 0.0002, label: 1, bag_size: 283
batch 39, loss: 0.0000, instance_loss: 0.0109, weighted_loss: 0.0033, label: 0, bag_size: 320
batch 59, loss: 0.0000, instance_loss: 0.0053, weighted_loss: 0.0016, label: 0, bag_size: 439
batch 79, loss: 0.0005, instance_loss: 0.0008, weighted_loss: 0.0006, label: 0, bag_size: 995
batch 99, loss: 0.0000, instance_loss: 0.0719, weighted_loss: 0.0216, label: 0, bag_size: 153
batch 119, loss: 0.0000, instance_loss: 0.0321, weighted_loss: 0.0097, label: 1, bag_size: 641
batch 139, loss: 0.0007, instance_loss: 0.0000, weighted_loss: 0.0005, label: 1, bag_size: 1044
batch 159, loss: 0.0004, instance_loss: 0.1695, weighted_loss: 0.0511, label: 0, bag_size: 583
batch 179, loss: 0.0000, instance_loss: 0.0000, weighted_loss: 0.0000, label: 0, bag_size: 838
batch 199, loss: 0.0013, instance_loss: 0.1393, weighted_loss: 0.0427, label: 0, bag_size: 510
batch 219, loss: 0.0003, instance_loss: 0.0000, weighted_loss: 0.0002, label: 1, bag_size: 698
batch 239, loss: 0.0045, instance_loss: 0.0045, weighted_loss: 0.0045, label: 1, bag_size: 399
batch 259, loss: 0.0015, instance_loss: 0.0037, weighted_loss: 0.0022, label: 1, bag_size: 132
batch 279, loss: 0.0000, instance_loss: 1.3557, weighted_loss: 0.4067, label: 1, bag_size: 212
batch 299, loss: 0.0000, instance_loss: 0.5967, weighted_loss: 0.1790, label: 0, bag_size: 221
batch 319, loss: 0.0001, instance_loss: 0.0020, weighted_loss: 0.0006, label: 1, bag_size: 226
batch 339, loss: 0.0003, instance_loss: 0.0415, weighted_loss: 0.0127, label: 0, bag_size: 877
batch 359, loss: 0.0001, instance_loss: 0.5459, weighted_loss: 0.1639, label: 0, bag_size: 198
batch 379, loss: 0.0001, instance_loss: 0.0000, weighted_loss: 0.0001, label: 1, bag_size: 1409
batch 399, loss: 0.0001, instance_loss: 0.0000, weighted_loss: 0.0001, label: 1, bag_size: 917
batch 419, loss: 0.0001, instance_loss: 0.0000, weighted_loss: 0.0001, label: 1, bag_size: 788
batch 439, loss: 0.0001, instance_loss: 0.0000, weighted_loss: 0.0000, label: 1, bag_size: 1260
batch 459, loss: 0.0001, instance_loss: 0.0000, weighted_loss: 0.0000, label: 1, bag_size: 1260
batch 479, loss: 0.0002, instance_loss: 0.0000, weighted_loss: 0.0001, label: 1, bag_size: 1409
batch 499, loss: 0.0000, instance_loss: 0.0011, weighted_loss: 0.0003, label: 1, bag_size: 641
batch 519, loss: 0.0003, instance_loss: 0.0000, weighted_loss: 0.0002, label: 1, bag_size: 917
batch 539, loss: 0.0004, instance_loss: 0.0218, weighted_loss: 0.0068, label: 0, bag_size: 256
batch 559, loss: 0.0002, instance_loss: 0.1917, weighted_loss: 0.0576, label: 0, bag_size: 251
batch 579, loss: 0.0009, instance_loss: 0.0022, weighted_loss: 0.0013, label: 1, bag_size: 319
batch 599, loss: 0.0002, instance_loss: 0.0006, weighted_loss: 0.0003, label: 1, bag_size: 226
batch 619, loss: 0.0003, instance_loss: 0.2829, weighted_loss: 0.0851, label: 1, bag_size: 121
batch 639, loss: 0.0001, instance_loss: 0.0000, weighted_loss: 0.0000, label: 0, bag_size: 838


class 0 clustering acc 0.9821359969266231: correct 5113/5206
class 1 clustering acc 0.9521705724164425: correct 4957/5206
Epoch: 14, train_loss: 0.0017, train_clustering_loss:  0.1468, train_error: 0.0000
class 0: acc 1.0, correct 332/332
class 1: acc 1.0, correct 319/319

Val Set, val_loss: 0.3782, val_error: 0.0642, auc: 0.7910
class 0 clustering acc 1.0: correct 1496/1496
class 1 clustering acc 0.9518716577540107: correct 1424/1496
class 0: acc 0.9613259668508287, correct 174/181
class 1: acc 0.16666666666666666, correct 1/6
EarlyStopping counter: 7 out of 20


batch 19, loss: 0.0000, instance_loss: 0.0537, weighted_loss: 0.0161, label: 1, bag_size: 189
batch 39, loss: 0.0000, instance_loss: 0.0214, weighted_loss: 0.0064, label: 1, bag_size: 926
batch 59, loss: 0.0000, instance_loss: 0.0022, weighted_loss: 0.0007, label: 1, bag_size: 189
batch 79, loss: 0.0883, instance_loss: 0.0016, weighted_loss: 0.0623, label: 1, bag_size: 170
batch 99, loss: 0.0000, instance_loss: 0.1215, weighted_loss: 0.0365, label: 0, bag_size: 169
batch 119, loss: 0.0007, instance_loss: 0.0020, weighted_loss: 0.0011, label: 1, bag_size: 152
batch 139, loss: 0.0001, instance_loss: 0.0002, weighted_loss: 0.0001, label: 1, bag_size: 132
batch 159, loss: 0.0001, instance_loss: 0.0039, weighted_loss: 0.0013, label: 1, bag_size: 378
batch 179, loss: 0.0000, instance_loss: 0.3871, weighted_loss: 0.1161, label: 0, bag_size: 91
batch 199, loss: 0.0001, instance_loss: 0.0054, weighted_loss: 0.0017, label: 1, bag_size: 163
batch 219, loss: 0.8527, instance_loss: 0.0052, weighted_loss: 0.5985, label: 0, bag_size: 215
batch 239, loss: 0.0000, instance_loss: 0.0913, weighted_loss: 0.0274, label: 0, bag_size: 253
batch 259, loss: 0.0017, instance_loss: 0.0010, weighted_loss: 0.0015, label: 1, bag_size: 646
batch 279, loss: 0.0002, instance_loss: 0.0209, weighted_loss: 0.0064, label: 0, bag_size: 405
batch 299, loss: 1.9106, instance_loss: 0.0119, weighted_loss: 1.3410, label: 0, bag_size: 65
batch 319, loss: 0.0000, instance_loss: 0.0002, weighted_loss: 0.0001, label: 0, bag_size: 1214
batch 339, loss: 0.0003, instance_loss: 0.0000, weighted_loss: 0.0002, label: 1, bag_size: 917
batch 359, loss: 0.0000, instance_loss: 0.1057, weighted_loss: 0.0317, label: 0, bag_size: 502
batch 379, loss: 0.0010, instance_loss: 0.0195, weighted_loss: 0.0066, label: 0, bag_size: 632
batch 399, loss: 0.0016, instance_loss: 0.0176, weighted_loss: 0.0064, label: 0, bag_size: 422
batch 419, loss: 0.0008, instance_loss: 0.0021, weighted_loss: 0.0012, label: 1, bag_size: 646
batch 439, loss: 0.0000, instance_loss: 0.0000, weighted_loss: 0.0000, label: 0, bag_size: 1101
batch 459, loss: 0.0000, instance_loss: 0.1582, weighted_loss: 0.0475, label: 0, bag_size: 60
batch 479, loss: 0.0001, instance_loss: 0.0013, weighted_loss: 0.0004, label: 1, bag_size: 170
batch 499, loss: 0.0000, instance_loss: 0.0460, weighted_loss: 0.0138, label: 0, bag_size: 159
batch 519, loss: 0.0016, instance_loss: 0.0014, weighted_loss: 0.0015, label: 0, bag_size: 172
batch 539, loss: 0.0138, instance_loss: 0.0000, weighted_loss: 0.0096, label: 1, bag_size: 1400
batch 559, loss: 0.0003, instance_loss: 0.0034, weighted_loss: 0.0012, label: 1, bag_size: 656
batch 579, loss: 0.0002, instance_loss: 0.0000, weighted_loss: 0.0002, label: 1, bag_size: 1372
batch 599, loss: 0.0107, instance_loss: 0.0406, weighted_loss: 0.0197, label: 0, bag_size: 214
batch 619, loss: 0.0025, instance_loss: 0.0000, weighted_loss: 0.0018, label: 1, bag_size: 1374
batch 639, loss: 0.0001, instance_loss: 0.0000, weighted_loss: 0.0000, label: 0, bag_size: 811


class 0 clustering acc 0.9936611601997695: correct 5173/5206
class 1 clustering acc 0.9782942758355744: correct 5093/5206
Epoch: 15, train_loss: 0.0502, train_clustering_loss:  0.0736, train_error: 0.0154
class 0: acc 0.978978978978979, correct 326/333
class 1: acc 0.9905660377358491, correct 315/318

Val Set, val_loss: 0.2322, val_error: 0.0642, auc: 0.8969
class 0 clustering acc 0.9993315508021391: correct 1495/1496
class 1 clustering acc 0.9966577540106952: correct 1491/1496
class 0: acc 0.9558011049723757, correct 173/181
class 1: acc 0.3333333333333333, correct 2/6
EarlyStopping counter: 8 out of 20


batch 19, loss: 0.0004, instance_loss: 0.0531, weighted_loss: 0.0162, label: 0, bag_size: 350
batch 39, loss: 0.0000, instance_loss: 0.0034, weighted_loss: 0.0010, label: 0, bag_size: 1029
batch 59, loss: 0.0001, instance_loss: 0.0770, weighted_loss: 0.0231, label: 1, bag_size: 132
batch 79, loss: 0.0021, instance_loss: 0.0000, weighted_loss: 0.0015, label: 1, bag_size: 1437
batch 99, loss: 0.0000, instance_loss: 1.7348, weighted_loss: 0.5204, label: 0, bag_size: 81
batch 119, loss: 0.0001, instance_loss: 0.0016, weighted_loss: 0.0005, label: 0, bag_size: 1093
batch 139, loss: 0.0046, instance_loss: 0.7629, weighted_loss: 0.2321, label: 1, bag_size: 121
batch 159, loss: 0.0000, instance_loss: 0.0116, weighted_loss: 0.0035, label: 0, bag_size: 439
batch 179, loss: 0.0003, instance_loss: 0.0000, weighted_loss: 0.0002, label: 1, bag_size: 1409
batch 199, loss: 0.0000, instance_loss: 0.0131, weighted_loss: 0.0039, label: 0, bag_size: 387
batch 219, loss: 0.0149, instance_loss: 0.0085, weighted_loss: 0.0129, label: 0, bag_size: 184
batch 239, loss: 0.0007, instance_loss: 0.0046, weighted_loss: 0.0019, label: 1, bag_size: 646
batch 259, loss: 0.0001, instance_loss: 0.0000, weighted_loss: 0.0000, label: 1, bag_size: 345
batch 279, loss: 0.0003, instance_loss: 0.0792, weighted_loss: 0.0240, label: 0, bag_size: 580
batch 299, loss: 0.0000, instance_loss: 0.0202, weighted_loss: 0.0061, label: 0, bag_size: 510
batch 319, loss: 0.0009, instance_loss: 0.0000, weighted_loss: 0.0007, label: 1, bag_size: 1359
batch 339, loss: 0.0000, instance_loss: 0.0070, weighted_loss: 0.0021, label: 0, bag_size: 162
batch 359, loss: 0.0005, instance_loss: 0.0502, weighted_loss: 0.0154, label: 0, bag_size: 161
batch 379, loss: 0.0038, instance_loss: 0.0558, weighted_loss: 0.0194, label: 0, bag_size: 215
batch 399, loss: 0.0000, instance_loss: 0.0019, weighted_loss: 0.0006, label: 1, bag_size: 378
batch 419, loss: 0.0048, instance_loss: 0.0000, weighted_loss: 0.0033, label: 0, bag_size: 899
batch 439, loss: 0.0002, instance_loss: 0.0003, weighted_loss: 0.0002, label: 0, bag_size: 1048
batch 459, loss: 0.0003, instance_loss: 0.0037, weighted_loss: 0.0013, label: 1, bag_size: 226
batch 479, loss: 0.0000, instance_loss: 0.0000, weighted_loss: 0.0000, label: 0, bag_size: 1375
batch 499, loss: 0.0000, instance_loss: 0.0000, weighted_loss: 0.0000, label: 1, bag_size: 788
batch 519, loss: 0.0002, instance_loss: 0.0002, weighted_loss: 0.0002, label: 0, bag_size: 909
batch 539, loss: 0.0010, instance_loss: 0.0003, weighted_loss: 0.0008, label: 0, bag_size: 306
batch 559, loss: 0.0004, instance_loss: 0.0000, weighted_loss: 0.0003, label: 1, bag_size: 1017
batch 579, loss: 0.0006, instance_loss: 0.0041, weighted_loss: 0.0016, label: 0, bag_size: 8675
batch 599, loss: 0.0000, instance_loss: 0.2252, weighted_loss: 0.0676, label: 0, bag_size: 54
batch 619, loss: 0.0006, instance_loss: 0.1260, weighted_loss: 0.0382, label: 1, bag_size: 698
batch 639, loss: 0.0000, instance_loss: 0.2085, weighted_loss: 0.0625, label: 0, bag_size: 325


class 0 clustering acc 0.9867409684857802: correct 5135/5204
class 1 clustering acc 0.9675249807840123: correct 5035/5204
Epoch: 16, train_loss: 0.0056, train_clustering_loss:  0.1117, train_error: 0.0015
class 0: acc 0.9968152866242038, correct 313/314
class 1: acc 1.0, correct 337/337

Val Set, val_loss: 0.2644, val_error: 0.0642, auc: 0.9052
class 0 clustering acc 1.0: correct 1496/1496
class 1 clustering acc 0.9933155080213903: correct 1486/1496
class 0: acc 0.9558011049723757, correct 173/181
class 1: acc 0.3333333333333333, correct 2/6
EarlyStopping counter: 9 out of 20


batch 19, loss: 0.0000, instance_loss: 0.0095, weighted_loss: 0.0029, label: 0, bag_size: 510
batch 39, loss: 0.0006, instance_loss: 0.0000, weighted_loss: 0.0004, label: 1, bag_size: 1359
batch 59, loss: 0.0000, instance_loss: 0.5246, weighted_loss: 0.1574, label: 0, bag_size: 304
batch 79, loss: 0.0001, instance_loss: 0.6439, weighted_loss: 0.1932, label: 0, bag_size: 126
batch 99, loss: 0.0103, instance_loss: 0.0091, weighted_loss: 0.0099, label: 0, bag_size: 184
batch 119, loss: 0.0002, instance_loss: 0.0772, weighted_loss: 0.0233, label: 0, bag_size: 467
batch 139, loss: 0.0121, instance_loss: 0.0035, weighted_loss: 0.0095, label: 1, bag_size: 152
batch 159, loss: 0.0022, instance_loss: 0.0000, weighted_loss: 0.0016, label: 1, bag_size: 283
batch 179, loss: 0.0005, instance_loss: 0.0000, weighted_loss: 0.0003, label: 1, bag_size: 1437
batch 199, loss: 0.0002, instance_loss: 0.0000, weighted_loss: 0.0001, label: 1, bag_size: 378
batch 219, loss: 0.0019, instance_loss: 0.0000, weighted_loss: 0.0013, label: 1, bag_size: 1372
batch 239, loss: 0.0000, instance_loss: 0.0026, weighted_loss: 0.0008, label: 1, bag_size: 132
batch 259, loss: 0.1787, instance_loss: 0.0009, weighted_loss: 0.1253, label: 1, bag_size: 321
batch 279, loss: 0.0060, instance_loss: 0.0012, weighted_loss: 0.0046, label: 1, bag_size: 319
batch 299, loss: 0.0007, instance_loss: 0.0002, weighted_loss: 0.0005, label: 1, bag_size: 345
batch 319, loss: 0.0110, instance_loss: 0.0099, weighted_loss: 0.0106, label: 0, bag_size: 160
batch 339, loss: 0.0000, instance_loss: 0.0143, weighted_loss: 0.0043, label: 0, bag_size: 157
batch 359, loss: 0.0011, instance_loss: 0.0324, weighted_loss: 0.0105, label: 1, bag_size: 189
batch 379, loss: 0.7378, instance_loss: 0.0016, weighted_loss: 0.5169, label: 1, bag_size: 399
batch 399, loss: 0.0002, instance_loss: 0.0000, weighted_loss: 0.0001, label: 1, bag_size: 1409
batch 419, loss: 0.0012, instance_loss: 0.0000, weighted_loss: 0.0008, label: 1, bag_size: 283
batch 439, loss: 0.0003, instance_loss: 0.0000, weighted_loss: 0.0002, label: 1, bag_size: 1297
batch 459, loss: 0.0005, instance_loss: 0.0419, weighted_loss: 0.0129, label: 1, bag_size: 189
batch 479, loss: 0.0052, instance_loss: 0.5155, weighted_loss: 0.1583, label: 1, bag_size: 571
batch 499, loss: 0.0000, instance_loss: 0.2933, weighted_loss: 0.0880, label: 0, bag_size: 180
batch 519, loss: 0.0001, instance_loss: 0.0010, weighted_loss: 0.0004, label: 0, bag_size: 274
batch 539, loss: 0.0140, instance_loss: 0.4132, weighted_loss: 0.1337, label: 1, bag_size: 571
batch 559, loss: 0.0000, instance_loss: 0.0434, weighted_loss: 0.0130, label: 0, bag_size: 177
batch 579, loss: 0.0004, instance_loss: 0.0003, weighted_loss: 0.0004, label: 1, bag_size: 378
batch 599, loss: 0.0005, instance_loss: 0.0014, weighted_loss: 0.0008, label: 1, bag_size: 363
batch 619, loss: 0.0009, instance_loss: 0.0559, weighted_loss: 0.0174, label: 1, bag_size: 170
batch 639, loss: 0.0124, instance_loss: 0.0000, weighted_loss: 0.0087, label: 0, bag_size: 1538


class 0 clustering acc 0.9886669227814061: correct 5147/5206
class 1 clustering acc 0.971187091817134: correct 5056/5206
Epoch: 17, train_loss: 0.1107, train_clustering_loss:  0.0954, train_error: 0.0369
class 0: acc 0.96, correct 312/325
class 1: acc 0.9662576687116564, correct 315/326

Val Set, val_loss: 0.2098, val_error: 0.0642, auc: 0.8637
class 0 clustering acc 1.0: correct 1496/1496
class 1 clustering acc 0.9385026737967914: correct 1404/1496
class 0: acc 0.9558011049723757, correct 173/181
class 1: acc 0.3333333333333333, correct 2/6
EarlyStopping counter: 10 out of 20


batch 19, loss: 0.0003, instance_loss: 0.0000, weighted_loss: 0.0002, label: 1, bag_size: 1044
batch 39, loss: 0.0056, instance_loss: 0.0000, weighted_loss: 0.0039, label: 1, bag_size: 856
batch 59, loss: 0.0002, instance_loss: 0.0000, weighted_loss: 0.0002, label: 0, bag_size: 909
batch 79, loss: 0.0021, instance_loss: 0.0855, weighted_loss: 0.0271, label: 1, bag_size: 226
batch 99, loss: 0.0001, instance_loss: 0.0777, weighted_loss: 0.0234, label: 0, bag_size: 184
batch 119, loss: 0.0004, instance_loss: 0.0263, weighted_loss: 0.0082, label: 1, bag_size: 170
batch 139, loss: 0.0000, instance_loss: 0.3878, weighted_loss: 0.1163, label: 0, bag_size: 168
batch 159, loss: 0.0000, instance_loss: 0.0028, weighted_loss: 0.0009, label: 1, bag_size: 378
batch 179, loss: 0.0007, instance_loss: 0.0000, weighted_loss: 0.0005, label: 1, bag_size: 816
batch 199, loss: 0.0004, instance_loss: 0.0975, weighted_loss: 0.0296, label: 1, bag_size: 280
batch 219, loss: 0.0000, instance_loss: 0.0000, weighted_loss: 0.0000, label: 0, bag_size: 1007
batch 239, loss: 0.0000, instance_loss: 0.0000, weighted_loss: 0.0000, label: 0, bag_size: 1370
batch 259, loss: 0.0005, instance_loss: 0.0000, weighted_loss: 0.0003, label: 1, bag_size: 1359
batch 279, loss: 0.0000, instance_loss: 0.5421, weighted_loss: 0.1626, label: 0, bag_size: 270
batch 299, loss: 0.0001, instance_loss: 0.0000, weighted_loss: 0.0000, label: 0, bag_size: 1163
batch 319, loss: 0.0011, instance_loss: 0.0017, weighted_loss: 0.0013, label: 1, bag_size: 646
batch 339, loss: 0.0000, instance_loss: 0.7245, weighted_loss: 0.2173, label: 0, bag_size: 188
batch 359, loss: 0.0000, instance_loss: 0.6098, weighted_loss: 0.1829, label: 0, bag_size: 115
batch 379, loss: 0.0001, instance_loss: 0.0003, weighted_loss: 0.0001, label: 1, bag_size: 376
batch 399, loss: 0.0221, instance_loss: 0.0005, weighted_loss: 0.0156, label: 1, bag_size: 1010
batch 419, loss: 0.0034, instance_loss: 0.0031, weighted_loss: 0.0033, label: 1, bag_size: 321
batch 439, loss: 0.0000, instance_loss: 0.0028, weighted_loss: 0.0009, label: 1, bag_size: 189
batch 459, loss: 0.0008, instance_loss: 0.0673, weighted_loss: 0.0207, label: 0, bag_size: 462
batch 479, loss: 0.0001, instance_loss: 0.0192, weighted_loss: 0.0058, label: 1, bag_size: 698
batch 499, loss: 0.0005, instance_loss: 0.2522, weighted_loss: 0.0760, label: 1, bag_size: 646
batch 519, loss: 0.0002, instance_loss: 0.0034, weighted_loss: 0.0012, label: 1, bag_size: 363
batch 539, loss: 0.0000, instance_loss: 0.0115, weighted_loss: 0.0034, label: 0, bag_size: 177
batch 559, loss: 0.0135, instance_loss: 0.1297, weighted_loss: 0.0484, label: 1, bag_size: 102
batch 579, loss: 0.0017, instance_loss: 0.0000, weighted_loss: 0.0012, label: 1, bag_size: 1374
batch 599, loss: 0.0000, instance_loss: 0.4345, weighted_loss: 0.1304, label: 1, bag_size: 121
batch 619, loss: 0.0001, instance_loss: 0.0046, weighted_loss: 0.0014, label: 1, bag_size: 399
batch 639, loss: 0.0003, instance_loss: 0.0000, weighted_loss: 0.0002, label: 1, bag_size: 1374


class 0 clustering acc 0.9763824884792627: correct 5085/5208
class 1 clustering acc 0.9546850998463902: correct 4972/5208
Epoch: 18, train_loss: 0.0192, train_clustering_loss:  0.1482, train_error: 0.0031
class 0: acc 0.996969696969697, correct 329/330
class 1: acc 0.9968847352024922, correct 320/321

Val Set, val_loss: 0.2358, val_error: 0.0695, auc: 0.8582
class 0 clustering acc 0.9966577540106952: correct 1491/1496
class 1 clustering acc 0.9732620320855615: correct 1456/1496
class 0: acc 0.9502762430939227, correct 172/181
class 1: acc 0.3333333333333333, correct 2/6
EarlyStopping counter: 11 out of 20


batch 19, loss: 0.0036, instance_loss: 0.3212, weighted_loss: 0.0989, label: 1, bag_size: 121
batch 39, loss: 0.0001, instance_loss: 0.0000, weighted_loss: 0.0000, label: 1, bag_size: 856
batch 59, loss: 0.0000, instance_loss: 0.0273, weighted_loss: 0.0082, label: 0, bag_size: 309
batch 79, loss: 0.0030, instance_loss: 0.0000, weighted_loss: 0.0021, label: 1, bag_size: 1359
batch 99, loss: 0.0000, instance_loss: 0.0958, weighted_loss: 0.0288, label: 0, bag_size: 187
batch 119, loss: 0.0033, instance_loss: 0.0108, weighted_loss: 0.0056, label: 1, bag_size: 646
batch 139, loss: 0.0001, instance_loss: 0.4536, weighted_loss: 0.1362, label: 1, bag_size: 121
batch 159, loss: 0.0020, instance_loss: 0.3521, weighted_loss: 0.1070, label: 0, bag_size: 108
batch 179, loss: 0.0042, instance_loss: 0.0394, weighted_loss: 0.0148, label: 1, bag_size: 656
batch 199, loss: 0.0000, instance_loss: 0.0000, weighted_loss: 0.0000, label: 1, bag_size: 1044
batch 219, loss: 0.0015, instance_loss: 0.0011, weighted_loss: 0.0014, label: 1, bag_size: 378
batch 239, loss: 0.0041, instance_loss: 0.2993, weighted_loss: 0.0927, label: 0, bag_size: 4917
batch 259, loss: 0.0000, instance_loss: 0.0092, weighted_loss: 0.0028, label: 0, bag_size: 447
batch 279, loss: 0.0000, instance_loss: 0.0000, weighted_loss: 0.0000, label: 0, bag_size: 1078
batch 299, loss: 0.0083, instance_loss: 0.0000, weighted_loss: 0.0058, label: 1, bag_size: 788
batch 319, loss: 0.0006, instance_loss: 0.0102, weighted_loss: 0.0035, label: 0, bag_size: 214
batch 339, loss: 0.0007, instance_loss: 0.0037, weighted_loss: 0.0016, label: 0, bag_size: 320
batch 359, loss: 0.0005, instance_loss: 0.0000, weighted_loss: 0.0003, label: 1, bag_size: 321
batch 379, loss: 0.0000, instance_loss: 0.0394, weighted_loss: 0.0118, label: 0, bag_size: 3553
batch 399, loss: 0.0000, instance_loss: 0.0000, weighted_loss: 0.0000, label: 0, bag_size: 1048
batch 419, loss: 0.0000, instance_loss: 0.6275, weighted_loss: 0.1883, label: 0, bag_size: 176
batch 439, loss: 0.0014, instance_loss: 0.0000, weighted_loss: 0.0010, label: 1, bag_size: 1359
batch 459, loss: 0.0001, instance_loss: 0.0714, weighted_loss: 0.0215, label: 1, bag_size: 212
batch 479, loss: 0.0000, instance_loss: 0.3373, weighted_loss: 0.1012, label: 0, bag_size: 86
batch 499, loss: 0.0017, instance_loss: 0.0000, weighted_loss: 0.0012, label: 1, bag_size: 1017
batch 519, loss: 0.0008, instance_loss: 0.0285, weighted_loss: 0.0091, label: 0, bag_size: 93
batch 539, loss: 0.0000, instance_loss: 0.0529, weighted_loss: 0.0159, label: 0, bag_size: 169
batch 559, loss: 0.0000, instance_loss: 0.0016, weighted_loss: 0.0005, label: 1, bag_size: 132
batch 579, loss: 0.0000, instance_loss: 0.0216, weighted_loss: 0.0065, label: 0, bag_size: 405
batch 599, loss: 1.5769, instance_loss: 0.0137, weighted_loss: 1.1079, label: 0, bag_size: 213
batch 619, loss: 0.0059, instance_loss: 0.0796, weighted_loss: 0.0280, label: 0, bag_size: 3570
batch 639, loss: 0.0048, instance_loss: 0.0000, weighted_loss: 0.0034, label: 1, bag_size: 1400


class 0 clustering acc 0.9921274961597543: correct 5167/5208
class 1 clustering acc 0.9817588325652842: correct 5113/5208
Epoch: 19, train_loss: 0.0275, train_clustering_loss:  0.0616, train_error: 0.0092
class 0: acc 0.9886039886039886, correct 347/351
class 1: acc 0.9933333333333333, correct 298/300

Val Set, val_loss: 0.1688, val_error: 0.0374, auc: 0.8886
class 0 clustering acc 0.9966577540106952: correct 1491/1496
class 1 clustering acc 0.9973262032085561: correct 1492/1496
class 0: acc 0.9779005524861878, correct 177/181
class 1: acc 0.5, correct 3/6
Validation loss decreased (0.178540 --> 0.168757).  Saving model ...


batch 19, loss: 0.0000, instance_loss: 0.0552, weighted_loss: 0.0166, label: 0, bag_size: 629
batch 39, loss: 0.0070, instance_loss: 0.0013, weighted_loss: 0.0053, label: 1, bag_size: 152
batch 59, loss: 0.0006, instance_loss: 0.0003, weighted_loss: 0.0005, label: 1, bag_size: 1017
batch 79, loss: 0.0305, instance_loss: 0.0000, weighted_loss: 0.0214, label: 1, bag_size: 1374
batch 99, loss: 0.0017, instance_loss: 0.0293, weighted_loss: 0.0100, label: 0, bag_size: 382
batch 119, loss: 0.0005, instance_loss: 0.0000, weighted_loss: 0.0004, label: 1, bag_size: 1359
batch 139, loss: 0.0000, instance_loss: 0.0020, weighted_loss: 0.0006, label: 1, bag_size: 132
batch 159, loss: 0.0000, instance_loss: 0.0000, weighted_loss: 0.0000, label: 1, bag_size: 376
batch 179, loss: 0.0000, instance_loss: 0.0454, weighted_loss: 0.0136, label: 0, bag_size: 416
batch 199, loss: 0.0000, instance_loss: 0.0000, weighted_loss: 0.0000, label: 1, bag_size: 926
batch 219, loss: 0.0000, instance_loss: 0.0086, weighted_loss: 0.0026, label: 1, bag_size: 656
batch 239, loss: 0.0002, instance_loss: 0.0024, weighted_loss: 0.0009, label: 1, bag_size: 170
batch 259, loss: 0.0020, instance_loss: 0.0135, weighted_loss: 0.0055, label: 1, bag_size: 212
batch 279, loss: 0.0000, instance_loss: 0.0002, weighted_loss: 0.0001, label: 0, bag_size: 1135
batch 299, loss: 0.0000, instance_loss: 0.0000, weighted_loss: 0.0000, label: 1, bag_size: 917
batch 319, loss: 0.0000, instance_loss: 0.0226, weighted_loss: 0.0068, label: 0, bag_size: 273
batch 339, loss: 0.0001, instance_loss: 0.0002, weighted_loss: 0.0001, label: 1, bag_size: 1017
batch 359, loss: 0.0000, instance_loss: 0.4473, weighted_loss: 0.1342, label: 0, bag_size: 214
batch 379, loss: 0.0000, instance_loss: 0.0014, weighted_loss: 0.0004, label: 0, bag_size: 243
batch 399, loss: 0.0000, instance_loss: 0.3252, weighted_loss: 0.0975, label: 0, bag_size: 176
batch 419, loss: 0.0000, instance_loss: 0.0953, weighted_loss: 0.0286, label: 0, bag_size: 523
batch 439, loss: 0.0000, instance_loss: 0.2492, weighted_loss: 0.0748, label: 0, bag_size: 119
batch 459, loss: 0.0096, instance_loss: 0.0000, weighted_loss: 0.0067, label: 0, bag_size: 1550
batch 479, loss: 0.0000, instance_loss: 0.2688, weighted_loss: 0.0806, label: 0, bag_size: 198
batch 499, loss: 0.0011, instance_loss: 0.0058, weighted_loss: 0.0025, label: 0, bag_size: 349
batch 519, loss: 0.0004, instance_loss: 0.0006, weighted_loss: 0.0005, label: 1, bag_size: 321
batch 539, loss: 0.0029, instance_loss: 0.0000, weighted_loss: 0.0020, label: 1, bag_size: 283
batch 559, loss: 0.0008, instance_loss: 0.0000, weighted_loss: 0.0006, label: 1, bag_size: 1372
batch 579, loss: 0.0107, instance_loss: 0.0000, weighted_loss: 0.0075, label: 0, bag_size: 1114
batch 599, loss: 0.0000, instance_loss: 0.0677, weighted_loss: 0.0203, label: 0, bag_size: 341
batch 619, loss: 0.0001, instance_loss: 0.0031, weighted_loss: 0.0010, label: 0, bag_size: 184
batch 639, loss: 0.0036, instance_loss: 0.0000, weighted_loss: 0.0025, label: 1, bag_size: 1437


class 0 clustering acc 0.990395697272378: correct 5156/5206
class 1 clustering acc 0.9827122550902805: correct 5116/5206
Epoch: 20, train_loss: 0.0101, train_clustering_loss:  0.0644, train_error: 0.0031
class 0: acc 0.996996996996997, correct 332/333
class 1: acc 0.9968553459119497, correct 317/318

Val Set, val_loss: 0.2957, val_error: 0.0802, auc: 0.7974
class 0 clustering acc 0.9986631016042781: correct 1494/1496
class 1 clustering acc 0.9986631016042781: correct 1494/1496
class 0: acc 0.9392265193370166, correct 170/181
class 1: acc 0.3333333333333333, correct 2/6
EarlyStopping counter: 1 out of 20


batch 19, loss: 0.0000, instance_loss: 0.0099, weighted_loss: 0.0030, label: 0, bag_size: 456
batch 39, loss: 0.0000, instance_loss: 0.4269, weighted_loss: 0.1281, label: 0, bag_size: 106
batch 59, loss: 0.0000, instance_loss: 0.0000, weighted_loss: 0.0000, label: 1, bag_size: 283
batch 79, loss: 0.0000, instance_loss: 0.0004, weighted_loss: 0.0001, label: 1, bag_size: 280
batch 99, loss: 0.0001, instance_loss: 0.0350, weighted_loss: 0.0106, label: 0, bag_size: 350
batch 119, loss: 0.0000, instance_loss: 0.0000, weighted_loss: 0.0000, label: 1, bag_size: 102
batch 139, loss: 0.0000, instance_loss: 0.0207, weighted_loss: 0.0062, label: 0, bag_size: 439
batch 159, loss: 0.0000, instance_loss: 0.0088, weighted_loss: 0.0027, label: 1, bag_size: 132
batch 179, loss: 0.0000, instance_loss: 0.1325, weighted_loss: 0.0398, label: 0, bag_size: 109
batch 199, loss: 0.0003, instance_loss: 0.0000, weighted_loss: 0.0002, label: 1, bag_size: 345
batch 219, loss: 0.0000, instance_loss: 0.0005, weighted_loss: 0.0002, label: 1, bag_size: 132
batch 239, loss: 0.0001, instance_loss: 0.0106, weighted_loss: 0.0032, label: 0, bag_size: 484
batch 259, loss: 0.0026, instance_loss: 0.0000, weighted_loss: 0.0019, label: 0, bag_size: 1227
batch 279, loss: 0.0000, instance_loss: 0.0609, weighted_loss: 0.0183, label: 1, bag_size: 212
batch 299, loss: 0.0000, instance_loss: 1.6976, weighted_loss: 0.5093, label: 0, bag_size: 72
batch 319, loss: 0.0000, instance_loss: 0.3952, weighted_loss: 0.1186, label: 0, bag_size: 164
batch 339, loss: 0.0000, instance_loss: 0.0532, weighted_loss: 0.0160, label: 0, bag_size: 325
batch 359, loss: 0.0000, instance_loss: 0.0000, weighted_loss: 0.0000, label: 1, bag_size: 102
batch 379, loss: 0.0000, instance_loss: 0.0145, weighted_loss: 0.0044, label: 0, bag_size: 290
batch 399, loss: 0.0000, instance_loss: 0.0003, weighted_loss: 0.0001, label: 1, bag_size: 376
batch 419, loss: 0.0000, instance_loss: 0.0099, weighted_loss: 0.0030, label: 1, bag_size: 226
batch 439, loss: 0.0001, instance_loss: 0.0003, weighted_loss: 0.0001, label: 1, bag_size: 283
batch 459, loss: 0.0107, instance_loss: 0.0000, weighted_loss: 0.0075, label: 1, bag_size: 1374
batch 479, loss: 0.0017, instance_loss: 0.0000, weighted_loss: 0.0012, label: 1, bag_size: 1010
batch 499, loss: 0.0000, instance_loss: 0.0645, weighted_loss: 0.0193, label: 0, bag_size: 141
batch 519, loss: 0.0000, instance_loss: 0.0000, weighted_loss: 0.0000, label: 1, bag_size: 1260
batch 539, loss: 0.0000, instance_loss: 0.4715, weighted_loss: 0.1415, label: 0, bag_size: 219
batch 559, loss: 0.0000, instance_loss: 0.0000, weighted_loss: 0.0000, label: 0, bag_size: 1681
batch 579, loss: 0.3007, instance_loss: 0.0093, weighted_loss: 0.2133, label: 1, bag_size: 152
batch 599, loss: 0.0035, instance_loss: 0.0118, weighted_loss: 0.0060, label: 1, bag_size: 226
batch 619, loss: 0.0001, instance_loss: 0.0087, weighted_loss: 0.0027, label: 0, bag_size: 636
batch 639, loss: 0.0000, instance_loss: 0.0563, weighted_loss: 0.0169, label: 0, bag_size: 126


class 0 clustering acc 0.9846272098385856: correct 5124/5204
class 1 clustering acc 0.9715603382013835: correct 5056/5204
Epoch: 21, train_loss: 0.0186, train_clustering_loss:  0.0976, train_error: 0.0061
class 0: acc 0.9937106918238994, correct 316/318
class 1: acc 0.993993993993994, correct 331/333

Val Set, val_loss: 0.1994, val_error: 0.0481, auc: 0.8904
class 0 clustering acc 0.9993315508021391: correct 1495/1496
class 1 clustering acc 0.9518716577540107: correct 1424/1496
class 0: acc 0.9779005524861878, correct 177/181
class 1: acc 0.16666666666666666, correct 1/6
EarlyStopping counter: 2 out of 20


batch 19, loss: 0.0005, instance_loss: 0.0000, weighted_loss: 0.0004, label: 1, bag_size: 363
batch 39, loss: 0.0005, instance_loss: 0.0000, weighted_loss: 0.0003, label: 1, bag_size: 1437
batch 59, loss: 0.0000, instance_loss: 0.0818, weighted_loss: 0.0245, label: 0, bag_size: 571
batch 79, loss: 0.0000, instance_loss: 0.0182, weighted_loss: 0.0055, label: 0, bag_size: 501
batch 99, loss: 0.0001, instance_loss: 0.0000, weighted_loss: 0.0001, label: 1, bag_size: 1297
batch 119, loss: 0.0000, instance_loss: 0.0233, weighted_loss: 0.0070, label: 0, bag_size: 561
batch 139, loss: 0.0000, instance_loss: 0.3209, weighted_loss: 0.0963, label: 0, bag_size: 116
batch 159, loss: 0.0000, instance_loss: 0.7524, weighted_loss: 0.2257, label: 0, bag_size: 156
batch 179, loss: 0.0000, instance_loss: 0.1662, weighted_loss: 0.0498, label: 0, bag_size: 168
batch 199, loss: 0.0000, instance_loss: 0.0000, weighted_loss: 0.0000, label: 1, bag_size: 231
batch 219, loss: 0.0129, instance_loss: 0.0000, weighted_loss: 0.0090, label: 1, bag_size: 1409
batch 239, loss: 0.0000, instance_loss: 0.0016, weighted_loss: 0.0005, label: 1, bag_size: 189
batch 259, loss: 0.0000, instance_loss: 1.2773, weighted_loss: 0.3832, label: 0, bag_size: 74
batch 279, loss: 0.0000, instance_loss: 0.2312, weighted_loss: 0.0693, label: 0, bag_size: 3553
batch 299, loss: 0.0000, instance_loss: 0.0002, weighted_loss: 0.0001, label: 1, bag_size: 152
batch 319, loss: 0.0000, instance_loss: 0.0192, weighted_loss: 0.0058, label: 0, bag_size: 188
batch 339, loss: 0.0000, instance_loss: 0.3289, weighted_loss: 0.0987, label: 0, bag_size: 194
batch 359, loss: 0.0000, instance_loss: 0.0399, weighted_loss: 0.0120, label: 0, bag_size: 432
batch 379, loss: 0.0003, instance_loss: 0.0000, weighted_loss: 0.0002, label: 1, bag_size: 1372
batch 399, loss: 0.0001, instance_loss: 0.0000, weighted_loss: 0.0000, label: 1, bag_size: 1017
batch 419, loss: 0.0000, instance_loss: 0.0226, weighted_loss: 0.0068, label: 0, bag_size: 270
batch 439, loss: 0.0000, instance_loss: 0.0009, weighted_loss: 0.0003, label: 0, bag_size: 533
batch 459, loss: 0.0000, instance_loss: 0.1065, weighted_loss: 0.0320, label: 0, bag_size: 235
batch 479, loss: 0.0014, instance_loss: 0.0000, weighted_loss: 0.0010, label: 1, bag_size: 280
batch 499, loss: 0.0000, instance_loss: 0.1146, weighted_loss: 0.0344, label: 0, bag_size: 474
batch 519, loss: 0.0013, instance_loss: 0.0000, weighted_loss: 0.0009, label: 1, bag_size: 319
batch 539, loss: 0.0000, instance_loss: 0.0000, weighted_loss: 0.0000, label: 1, bag_size: 1409
batch 559, loss: 0.0001, instance_loss: 0.0039, weighted_loss: 0.0012, label: 0, bag_size: 170
batch 579, loss: 0.0011, instance_loss: 0.0000, weighted_loss: 0.0008, label: 1, bag_size: 102
batch 599, loss: 0.0015, instance_loss: 0.0117, weighted_loss: 0.0045, label: 1, bag_size: 163
batch 619, loss: 0.0001, instance_loss: 0.0421, weighted_loss: 0.0127, label: 0, bag_size: 381
batch 639, loss: 0.0001, instance_loss: 0.0000, weighted_loss: 0.0001, label: 0, bag_size: 894


class 0 clustering acc 0.9861751152073732: correct 5136/5208
class 1 clustering acc 0.9706221198156681: correct 5055/5208
Epoch: 22, train_loss: 0.0319, train_clustering_loss:  0.1003, train_error: 0.0092
class 0: acc 0.9938461538461538, correct 323/325
class 1: acc 0.9877300613496932, correct 322/326

Val Set, val_loss: 0.2158, val_error: 0.0535, auc: 0.8923
class 0 clustering acc 1.0: correct 1496/1496
class 1 clustering acc 0.9846256684491979: correct 1473/1496
class 0: acc 0.9668508287292817, correct 175/181
class 1: acc 0.3333333333333333, correct 2/6
EarlyStopping counter: 3 out of 20


batch 19, loss: 0.0002, instance_loss: 0.0000, weighted_loss: 0.0001, label: 1, bag_size: 231
batch 39, loss: 0.0000, instance_loss: 0.0064, weighted_loss: 0.0019, label: 0, bag_size: 276
batch 59, loss: 0.0000, instance_loss: 0.0313, weighted_loss: 0.0094, label: 0, bag_size: 104
batch 79, loss: 0.0003, instance_loss: 0.2139, weighted_loss: 0.0644, label: 1, bag_size: 212
batch 99, loss: 0.0000, instance_loss: 0.1490, weighted_loss: 0.0447, label: 0, bag_size: 416
batch 119, loss: 0.0000, instance_loss: 0.4077, weighted_loss: 0.1223, label: 0, bag_size: 75
batch 139, loss: 0.0069, instance_loss: 0.0401, weighted_loss: 0.0169, label: 1, bag_size: 226
batch 159, loss: 0.0001, instance_loss: 0.0094, weighted_loss: 0.0029, label: 0, bag_size: 118
batch 179, loss: 0.0000, instance_loss: 0.0000, weighted_loss: 0.0000, label: 0, bag_size: 188
batch 199, loss: 0.0013, instance_loss: 0.0000, weighted_loss: 0.0009, label: 1, bag_size: 319
batch 219, loss: 0.0000, instance_loss: 0.0397, weighted_loss: 0.0119, label: 0, bag_size: 187
batch 239, loss: 0.0001, instance_loss: 0.0000, weighted_loss: 0.0000, label: 1, bag_size: 1409
batch 259, loss: 0.0000, instance_loss: 0.3206, weighted_loss: 0.0962, label: 0, bag_size: 343
batch 279, loss: 0.0002, instance_loss: 0.0000, weighted_loss: 0.0001, label: 1, bag_size: 816
batch 299, loss: 0.0000, instance_loss: 0.0002, weighted_loss: 0.0001, label: 0, bag_size: 1129
batch 319, loss: 0.0035, instance_loss: 0.0000, weighted_loss: 0.0024, label: 1, bag_size: 1400
batch 339, loss: 0.0001, instance_loss: 0.0000, weighted_loss: 0.0001, label: 1, bag_size: 1359
batch 359, loss: 0.0001, instance_loss: 0.0119, weighted_loss: 0.0037, label: 0, bag_size: 231
batch 379, loss: 0.0001, instance_loss: 0.0710, weighted_loss: 0.0214, label: 1, bag_size: 121
batch 399, loss: 0.0001, instance_loss: 0.0089, weighted_loss: 0.0027, label: 0, bag_size: 183
batch 419, loss: 0.0000, instance_loss: 0.1007, weighted_loss: 0.0302, label: 0, bag_size: 485
batch 439, loss: 0.0004, instance_loss: 0.3324, weighted_loss: 0.1000, label: 1, bag_size: 212
batch 459, loss: 0.0000, instance_loss: 0.5343, weighted_loss: 0.1603, label: 0, bag_size: 146
batch 479, loss: 0.0000, instance_loss: 0.0000, weighted_loss: 0.0000, label: 1, bag_size: 376
batch 499, loss: 0.0000, instance_loss: 0.0039, weighted_loss: 0.0012, label: 0, bag_size: 707
batch 519, loss: 0.0023, instance_loss: 0.0000, weighted_loss: 0.0016, label: 1, bag_size: 1372
batch 539, loss: 0.0000, instance_loss: 0.5292, weighted_loss: 0.1587, label: 0, bag_size: 571
batch 559, loss: 0.0574, instance_loss: 0.0000, weighted_loss: 0.0401, label: 0, bag_size: 973
batch 579, loss: 0.0003, instance_loss: 0.3189, weighted_loss: 0.0959, label: 1, bag_size: 121
batch 599, loss: 0.0001, instance_loss: 0.2360, weighted_loss: 0.0708, label: 0, bag_size: 293
batch 619, loss: 0.0021, instance_loss: 0.3081, weighted_loss: 0.0939, label: 1, bag_size: 212
batch 639, loss: 0.0031, instance_loss: 0.0024, weighted_loss: 0.0029, label: 1, bag_size: 571


class 0 clustering acc 0.9863566487317448: correct 5133/5204
class 1 clustering acc 0.9692544196771714: correct 5044/5204
Epoch: 23, train_loss: 0.0022, train_clustering_loss:  0.1034, train_error: 0.0000
class 0: acc 1.0, correct 320/320
class 1: acc 1.0, correct 331/331

Val Set, val_loss: 0.2209, val_error: 0.0428, auc: 0.8738
class 0 clustering acc 1.0: correct 1496/1496
class 1 clustering acc 0.9872994652406417: correct 1477/1496
class 0: acc 0.9779005524861878, correct 177/181
class 1: acc 0.3333333333333333, correct 2/6
EarlyStopping counter: 4 out of 20


batch 19, loss: 0.0000, instance_loss: 0.0003, weighted_loss: 0.0001, label: 0, bag_size: 972
batch 39, loss: 0.0000, instance_loss: 0.0000, weighted_loss: 0.0000, label: 1, bag_size: 376
batch 59, loss: 0.0001, instance_loss: 0.0000, weighted_loss: 0.0001, label: 1, bag_size: 1010
batch 79, loss: 0.0000, instance_loss: 0.0000, weighted_loss: 0.0000, label: 0, bag_size: 811
batch 99, loss: 0.0000, instance_loss: 0.0000, weighted_loss: 0.0000, label: 0, bag_size: 1252
batch 119, loss: 0.0003, instance_loss: 0.0000, weighted_loss: 0.0002, label: 1, bag_size: 1437
batch 139, loss: 0.0000, instance_loss: 0.4905, weighted_loss: 0.1471, label: 0, bag_size: 179
batch 159, loss: 0.0000, instance_loss: 0.0510, weighted_loss: 0.0153, label: 0, bag_size: 233
batch 179, loss: 0.0000, instance_loss: 0.0000, weighted_loss: 0.0000, label: 1, bag_size: 1409
batch 199, loss: 0.0000, instance_loss: 0.0012, weighted_loss: 0.0004, label: 1, bag_size: 656
batch 219, loss: 0.0000, instance_loss: 0.0000, weighted_loss: 0.0000, label: 1, bag_size: 1044
batch 239, loss: 0.0036, instance_loss: 0.0000, weighted_loss: 0.0025, label: 0, bag_size: 1196
batch 259, loss: 0.0003, instance_loss: 0.0000, weighted_loss: 0.0002, label: 1, bag_size: 1017
batch 279, loss: 0.0000, instance_loss: 0.1195, weighted_loss: 0.0359, label: 0, bag_size: 402
batch 299, loss: 0.0015, instance_loss: 0.0000, weighted_loss: 0.0010, label: 0, bag_size: 1550
batch 319, loss: 0.0000, instance_loss: 0.0016, weighted_loss: 0.0005, label: 0, bag_size: 891
batch 339, loss: 0.0000, instance_loss: 0.8977, weighted_loss: 0.2693, label: 1, bag_size: 121
batch 359, loss: 0.0001, instance_loss: 0.0000, weighted_loss: 0.0000, label: 1, bag_size: 376
batch 379, loss: 0.0000, instance_loss: 0.1416, weighted_loss: 0.0425, label: 0, bag_size: 115
batch 399, loss: 0.0000, instance_loss: 0.0694, weighted_loss: 0.0208, label: 0, bag_size: 1293
batch 419, loss: 0.0015, instance_loss: 0.0000, weighted_loss: 0.0010, label: 1, bag_size: 1260
batch 439, loss: 0.0064, instance_loss: 0.0230, weighted_loss: 0.0114, label: 0, bag_size: 211
batch 459, loss: 0.0001, instance_loss: 0.0000, weighted_loss: 0.0001, label: 0, bag_size: 1068
batch 479, loss: 0.0006, instance_loss: 0.0000, weighted_loss: 0.0004, label: 0, bag_size: 934
batch 499, loss: 0.0001, instance_loss: 0.0000, weighted_loss: 0.0001, label: 1, bag_size: 1409
batch 519, loss: 0.0000, instance_loss: 0.0014, weighted_loss: 0.0004, label: 1, bag_size: 378
batch 539, loss: 0.0001, instance_loss: 0.0000, weighted_loss: 0.0000, label: 0, bag_size: 921
batch 559, loss: 0.0027, instance_loss: 0.0000, weighted_loss: 0.0019, label: 1, bag_size: 319
batch 579, loss: 0.0000, instance_loss: 0.0023, weighted_loss: 0.0007, label: 0, bag_size: 413
batch 599, loss: 0.0001, instance_loss: 0.0000, weighted_loss: 0.0001, label: 1, bag_size: 1359
batch 619, loss: 0.0000, instance_loss: 0.0000, weighted_loss: 0.0000, label: 1, bag_size: 856
batch 639, loss: 0.0014, instance_loss: 0.0461, weighted_loss: 0.0148, label: 0, bag_size: 3570


class 0 clustering acc 0.9894352669996158: correct 5151/5206
class 1 clustering acc 0.9700345754898194: correct 5050/5206
Epoch: 24, train_loss: 0.0006, train_clustering_loss:  0.0968, train_error: 0.0000
class 0: acc 1.0, correct 325/325
class 1: acc 1.0, correct 326/326

Val Set, val_loss: 0.2249, val_error: 0.0481, auc: 0.8637
class 0 clustering acc 1.0: correct 1496/1496
class 1 clustering acc 0.9946524064171123: correct 1488/1496
class 0: acc 0.9723756906077348, correct 176/181
class 1: acc 0.3333333333333333, correct 2/6
EarlyStopping counter: 5 out of 20


batch 19, loss: 0.0000, instance_loss: 0.0002, weighted_loss: 0.0001, label: 1, bag_size: 378
batch 39, loss: 0.0000, instance_loss: 0.3192, weighted_loss: 0.0958, label: 0, bag_size: 232
batch 59, loss: 0.0049, instance_loss: 0.0003, weighted_loss: 0.0035, label: 1, bag_size: 345
batch 79, loss: 0.0001, instance_loss: 0.0003, weighted_loss: 0.0001, label: 1, bag_size: 345
batch 99, loss: 0.0001, instance_loss: 0.0315, weighted_loss: 0.0095, label: 0, bag_size: 303
batch 119, loss: 0.0000, instance_loss: 0.0000, weighted_loss: 0.0000, label: 1, bag_size: 321
batch 139, loss: 0.0007, instance_loss: 0.0000, weighted_loss: 0.0005, label: 1, bag_size: 1400
batch 159, loss: 0.0001, instance_loss: 0.0872, weighted_loss: 0.0262, label: 0, bag_size: 275
batch 179, loss: 0.0012, instance_loss: 0.0000, weighted_loss: 0.0008, label: 1, bag_size: 1400
batch 199, loss: 0.0001, instance_loss: 0.0618, weighted_loss: 0.0186, label: 1, bag_size: 698
batch 219, loss: 0.0000, instance_loss: 0.2578, weighted_loss: 0.0773, label: 0, bag_size: 162
batch 239, loss: 0.0000, instance_loss: 0.0000, weighted_loss: 0.0000, label: 0, bag_size: 1538
batch 259, loss: 0.0000, instance_loss: 0.1081, weighted_loss: 0.0324, label: 0, bag_size: 347
batch 279, loss: 0.0003, instance_loss: 0.1390, weighted_loss: 0.0419, label: 1, bag_size: 212
batch 299, loss: 0.0040, instance_loss: 0.0178, weighted_loss: 0.0082, label: 0, bag_size: 870
batch 319, loss: 0.0000, instance_loss: 1.0563, weighted_loss: 0.3169, label: 0, bag_size: 117
batch 339, loss: 0.0000, instance_loss: 0.0124, weighted_loss: 0.0037, label: 0, bag_size: 93
batch 359, loss: 0.0000, instance_loss: 0.0488, weighted_loss: 0.0146, label: 0, bag_size: 147
batch 379, loss: 0.0034, instance_loss: 0.0000, weighted_loss: 0.0024, label: 0, bag_size: 881
batch 399, loss: 0.0000, instance_loss: 0.0008, weighted_loss: 0.0003, label: 0, bag_size: 1364
batch 419, loss: 0.0000, instance_loss: 0.0000, weighted_loss: 0.0000, label: 1, bag_size: 1297
batch 439, loss: 0.0000, instance_loss: 0.1480, weighted_loss: 0.0444, label: 0, bag_size: 117
batch 459, loss: 0.0000, instance_loss: 0.0000, weighted_loss: 0.0000, label: 0, bag_size: 1023
batch 479, loss: 0.0000, instance_loss: 0.0002, weighted_loss: 0.0001, label: 0, bag_size: 983
batch 499, loss: 0.0000, instance_loss: 0.0000, weighted_loss: 0.0000, label: 1, bag_size: 1017
batch 519, loss: 0.0000, instance_loss: 0.0000, weighted_loss: 0.0000, label: 1, bag_size: 1409
batch 539, loss: 0.0001, instance_loss: 0.0564, weighted_loss: 0.0170, label: 0, bag_size: 213
batch 559, loss: 0.0011, instance_loss: 0.0037, weighted_loss: 0.0018, label: 0, bag_size: 264
batch 579, loss: 0.0005, instance_loss: 0.0000, weighted_loss: 0.0003, label: 1, bag_size: 571
batch 599, loss: 0.0000, instance_loss: 0.4842, weighted_loss: 0.1453, label: 0, bag_size: 54
batch 619, loss: 0.0000, instance_loss: 0.5104, weighted_loss: 0.1531, label: 0, bag_size: 251
batch 639, loss: 0.0000, instance_loss: 0.2557, weighted_loss: 0.0767, label: 0, bag_size: 351


class 0 clustering acc 0.9905877833269304: correct 5157/5206
class 1 clustering acc 0.9744525547445255: correct 5073/5206
Epoch: 25, train_loss: 0.0006, train_clustering_loss:  0.0808, train_error: 0.0000
class 0: acc 1.0, correct 322/322
class 1: acc 1.0, correct 329/329

Val Set, val_loss: 0.2272, val_error: 0.0374, auc: 0.8775
class 0 clustering acc 1.0: correct 1496/1496
class 1 clustering acc 0.9672459893048129: correct 1447/1496
class 0: acc 0.9834254143646409, correct 178/181
class 1: acc 0.3333333333333333, correct 2/6
EarlyStopping counter: 6 out of 20


batch 19, loss: 0.0003, instance_loss: 0.0000, weighted_loss: 0.0002, label: 1, bag_size: 816
batch 39, loss: 0.0001, instance_loss: 0.0000, weighted_loss: 0.0000, label: 1, bag_size: 1359
batch 59, loss: 0.0000, instance_loss: 0.0002, weighted_loss: 0.0001, label: 0, bag_size: 968
batch 79, loss: 0.0002, instance_loss: 0.0000, weighted_loss: 0.0002, label: 1, bag_size: 1400
batch 99, loss: 0.0009, instance_loss: 0.0017, weighted_loss: 0.0011, label: 1, bag_size: 571
batch 119, loss: 0.0008, instance_loss: 0.0000, weighted_loss: 0.0006, label: 1, bag_size: 1374
batch 139, loss: 0.0000, instance_loss: 0.0006, weighted_loss: 0.0002, label: 1, bag_size: 280
batch 159, loss: 0.0007, instance_loss: 0.0000, weighted_loss: 0.0005, label: 0, bag_size: 1042
batch 179, loss: 0.0000, instance_loss: 0.0848, weighted_loss: 0.0254, label: 0, bag_size: 247
batch 199, loss: 0.0000, instance_loss: 0.0000, weighted_loss: 0.0000, label: 1, bag_size: 132
batch 219, loss: 0.0000, instance_loss: 0.0298, weighted_loss: 0.0089, label: 0, bag_size: 239
batch 239, loss: 0.0000, instance_loss: 0.0003, weighted_loss: 0.0001, label: 0, bag_size: 1047
batch 259, loss: 0.0001, instance_loss: 0.0021, weighted_loss: 0.0007, label: 1, bag_size: 163
batch 279, loss: 0.0000, instance_loss: 0.0500, weighted_loss: 0.0150, label: 0, bag_size: 213
batch 299, loss: 0.0000, instance_loss: 0.0000, weighted_loss: 0.0000, label: 0, bag_size: 1113
batch 319, loss: 0.0000, instance_loss: 0.0016, weighted_loss: 0.0005, label: 1, bag_size: 641
batch 339, loss: 0.0002, instance_loss: 0.0000, weighted_loss: 0.0001, label: 1, bag_size: 1260
batch 359, loss: 0.0001, instance_loss: 0.0163, weighted_loss: 0.0049, label: 0, bag_size: 552
batch 379, loss: 0.0000, instance_loss: 0.0000, weighted_loss: 0.0000, label: 0, bag_size: 1092
batch 399, loss: 0.0000, instance_loss: 0.0123, weighted_loss: 0.0037, label: 0, bag_size: 629
batch 419, loss: 0.0000, instance_loss: 0.0216, weighted_loss: 0.0065, label: 0, bag_size: 119
batch 439, loss: 0.0001, instance_loss: 0.0000, weighted_loss: 0.0001, label: 1, bag_size: 283
batch 459, loss: 0.0000, instance_loss: 0.0286, weighted_loss: 0.0086, label: 0, bag_size: 305
batch 479, loss: 0.0008, instance_loss: 0.0000, weighted_loss: 0.0005, label: 1, bag_size: 1400
batch 499, loss: 0.0000, instance_loss: 0.0000, weighted_loss: 0.0000, label: 1, bag_size: 917
batch 519, loss: 0.0000, instance_loss: 0.0000, weighted_loss: 0.0000, label: 1, bag_size: 856
batch 539, loss: 0.0000, instance_loss: 0.0050, weighted_loss: 0.0015, label: 0, bag_size: 386
batch 559, loss: 0.0000, instance_loss: 0.0677, weighted_loss: 0.0203, label: 0, bag_size: 195
batch 579, loss: 0.0000, instance_loss: 0.8005, weighted_loss: 0.2401, label: 0, bag_size: 75
batch 599, loss: 0.0003, instance_loss: 0.0000, weighted_loss: 0.0002, label: 1, bag_size: 152
batch 619, loss: 0.0001, instance_loss: 0.0000, weighted_loss: 0.0000, label: 1, bag_size: 1409
batch 639, loss: 0.0000, instance_loss: 0.0315, weighted_loss: 0.0094, label: 0, bag_size: 204


class 0 clustering acc 0.9905913978494624: correct 5159/5208
class 1 clustering acc 0.9765745007680492: correct 5086/5208
Epoch: 26, train_loss: 0.0005, train_clustering_loss:  0.0729, train_error: 0.0000
class 0: acc 1.0, correct 343/343
class 1: acc 1.0, correct 308/308

Val Set, val_loss: 0.2490, val_error: 0.0428, auc: 0.8490
class 0 clustering acc 1.0: correct 1496/1496
class 1 clustering acc 0.9959893048128342: correct 1490/1496
class 0: acc 0.9779005524861878, correct 177/181
class 1: acc 0.3333333333333333, correct 2/6
EarlyStopping counter: 7 out of 20


batch 19, loss: 0.0000, instance_loss: 0.0130, weighted_loss: 0.0039, label: 0, bag_size: 227
batch 39, loss: 0.0000, instance_loss: 0.0027, weighted_loss: 0.0008, label: 1, bag_size: 132
batch 59, loss: 0.0019, instance_loss: 0.0050, weighted_loss: 0.0029, label: 0, bag_size: 226
batch 79, loss: 0.0001, instance_loss: 0.0000, weighted_loss: 0.0000, label: 1, bag_size: 788
batch 99, loss: 0.0001, instance_loss: 0.0167, weighted_loss: 0.0051, label: 1, bag_size: 189
batch 119, loss: 0.0000, instance_loss: 0.0004, weighted_loss: 0.0001, label: 1, bag_size: 345
batch 139, loss: 0.0000, instance_loss: 0.0000, weighted_loss: 0.0000, label: 1, bag_size: 378
batch 159, loss: 0.0000, instance_loss: 1.0312, weighted_loss: 0.3094, label: 0, bag_size: 65
batch 179, loss: 0.0002, instance_loss: 0.0003, weighted_loss: 0.0002, label: 1, bag_size: 319
batch 199, loss: 0.0000, instance_loss: 0.0717, weighted_loss: 0.0215, label: 0, bag_size: 432
batch 219, loss: 0.0002, instance_loss: 0.0000, weighted_loss: 0.0001, label: 1, bag_size: 1260
batch 239, loss: 0.0000, instance_loss: 0.0000, weighted_loss: 0.0000, label: 1, bag_size: 1359
batch 259, loss: 0.0000, instance_loss: 0.0000, weighted_loss: 0.0000, label: 1, bag_size: 399
batch 279, loss: 0.0000, instance_loss: 0.9398, weighted_loss: 0.2819, label: 0, bag_size: 109
batch 299, loss: 0.0000, instance_loss: 0.0000, weighted_loss: 0.0000, label: 0, bag_size: 876
batch 319, loss: 0.0000, instance_loss: 0.0000, weighted_loss: 0.0000, label: 1, bag_size: 856
batch 339, loss: 0.0004, instance_loss: 0.0026, weighted_loss: 0.0011, label: 1, bag_size: 646
batch 359, loss: 0.0000, instance_loss: 0.0000, weighted_loss: 0.0000, label: 0, bag_size: 669
batch 379, loss: 0.0000, instance_loss: 0.0000, weighted_loss: 0.0000, label: 0, bag_size: 954
batch 399, loss: 0.0000, instance_loss: 0.0000, weighted_loss: 0.0000, label: 1, bag_size: 189
batch 419, loss: 0.0000, instance_loss: 0.0000, weighted_loss: 0.0000, label: 1, bag_size: 1359
batch 439, loss: 0.0001, instance_loss: 0.2414, weighted_loss: 0.0725, label: 0, bag_size: 178
batch 459, loss: 0.0001, instance_loss: 0.0000, weighted_loss: 0.0001, label: 0, bag_size: 930
batch 479, loss: 0.0000, instance_loss: 0.0000, weighted_loss: 0.0000, label: 0, bag_size: 1049
batch 499, loss: 0.0001, instance_loss: 0.0002, weighted_loss: 0.0001, label: 1, bag_size: 319
batch 519, loss: 0.0000, instance_loss: 0.0320, weighted_loss: 0.0096, label: 0, bag_size: 707
batch 539, loss: 0.0000, instance_loss: 0.0167, weighted_loss: 0.0050, label: 0, bag_size: 115
batch 559, loss: 0.0000, instance_loss: 0.0182, weighted_loss: 0.0055, label: 0, bag_size: 309
batch 579, loss: 0.0001, instance_loss: 0.0000, weighted_loss: 0.0001, label: 1, bag_size: 399
batch 599, loss: 0.0000, instance_loss: 0.0000, weighted_loss: 0.0000, label: 1, bag_size: 1010
batch 619, loss: 0.0000, instance_loss: 0.1484, weighted_loss: 0.0445, label: 0, bag_size: 74
batch 639, loss: 0.0000, instance_loss: 0.0013, weighted_loss: 0.0004, label: 0, bag_size: 416


class 0 clustering acc 0.9930875576036866: correct 5172/5208
class 1 clustering acc 0.9802227342549923: correct 5105/5208
Epoch: 27, train_loss: 0.0002, train_clustering_loss:  0.0640, train_error: 0.0000
class 0: acc 1.0, correct 326/326
class 1: acc 1.0, correct 325/325

Val Set, val_loss: 0.2613, val_error: 0.0428, auc: 0.8610
class 0 clustering acc 1.0: correct 1496/1496
class 1 clustering acc 0.9766042780748663: correct 1461/1496
class 0: acc 0.9779005524861878, correct 177/181
class 1: acc 0.3333333333333333, correct 2/6
EarlyStopping counter: 8 out of 20


batch 19, loss: 0.0000, instance_loss: 0.0000, weighted_loss: 0.0000, label: 1, bag_size: 1044
batch 39, loss: 0.0000, instance_loss: 0.0082, weighted_loss: 0.0025, label: 0, bag_size: 382
batch 59, loss: 0.0000, instance_loss: 0.0360, weighted_loss: 0.0108, label: 0, bag_size: 80
batch 79, loss: 0.0003, instance_loss: 0.0000, weighted_loss: 0.0002, label: 1, bag_size: 1017
batch 99, loss: 0.0000, instance_loss: 0.0032, weighted_loss: 0.0010, label: 0, bag_size: 372
batch 119, loss: 0.0000, instance_loss: 0.0051, weighted_loss: 0.0016, label: 0, bag_size: 235
batch 139, loss: 0.0000, instance_loss: 0.0007, weighted_loss: 0.0002, label: 0, bag_size: 2566
batch 159, loss: 0.0000, instance_loss: 0.2163, weighted_loss: 0.0649, label: 0, bag_size: 264
batch 179, loss: 0.0000, instance_loss: 0.0016, weighted_loss: 0.0005, label: 0, bag_size: 1129
batch 199, loss: 0.0270, instance_loss: 0.0046, weighted_loss: 0.0203, label: 0, bag_size: 367
batch 219, loss: 0.0000, instance_loss: 0.0002, weighted_loss: 0.0001, label: 1, bag_size: 856
batch 239, loss: 0.0000, instance_loss: 0.0026, weighted_loss: 0.0008, label: 0, bag_size: 251
batch 259, loss: 0.0000, instance_loss: 0.0000, weighted_loss: 0.0000, label: 1, bag_size: 1010
batch 279, loss: 0.0000, instance_loss: 0.3652, weighted_loss: 0.1096, label: 0, bag_size: 367
batch 299, loss: 0.0011, instance_loss: 0.0000, weighted_loss: 0.0007, label: 1, bag_size: 698
batch 319, loss: 0.0000, instance_loss: 0.0000, weighted_loss: 0.0000, label: 1, bag_size: 1260
batch 339, loss: 0.0000, instance_loss: 0.0128, weighted_loss: 0.0038, label: 0, bag_size: 133
batch 359, loss: 0.0000, instance_loss: 2.9577, weighted_loss: 0.8873, label: 0, bag_size: 178
batch 379, loss: 0.0012, instance_loss: 0.0411, weighted_loss: 0.0132, label: 1, bag_size: 231
batch 399, loss: 0.0002, instance_loss: 0.0000, weighted_loss: 0.0002, label: 1, bag_size: 926
batch 419, loss: 0.0000, instance_loss: 0.0000, weighted_loss: 0.0000, label: 1, bag_size: 1260
batch 439, loss: 0.0001, instance_loss: 0.0000, weighted_loss: 0.0001, label: 1, bag_size: 856
batch 459, loss: 0.0001, instance_loss: 0.0000, weighted_loss: 0.0001, label: 1, bag_size: 1409
batch 479, loss: 0.0000, instance_loss: 0.0007, weighted_loss: 0.0002, label: 1, bag_size: 378
batch 499, loss: 0.0000, instance_loss: 0.0000, weighted_loss: 0.0000, label: 1, bag_size: 345
batch 519, loss: 0.0001, instance_loss: 0.0004, weighted_loss: 0.0002, label: 0, bag_size: 226
batch 539, loss: 0.0000, instance_loss: 0.0000, weighted_loss: 0.0000, label: 1, bag_size: 363
batch 559, loss: 0.0001, instance_loss: 0.0777, weighted_loss: 0.0234, label: 1, bag_size: 571
batch 579, loss: 0.0004, instance_loss: 0.0005, weighted_loss: 0.0004, label: 0, bag_size: 1005
batch 599, loss: 0.0000, instance_loss: 0.0000, weighted_loss: 0.0000, label: 0, bag_size: 1134
batch 619, loss: 0.0000, instance_loss: 0.0032, weighted_loss: 0.0010, label: 0, bag_size: 325
batch 639, loss: 0.0000, instance_loss: 0.0007, weighted_loss: 0.0002, label: 0, bag_size: 510


class 0 clustering acc 0.9911640414905878: correct 5160/5206
class 1 clustering acc 0.9752208989627353: correct 5077/5206
Epoch: 28, train_loss: 0.0563, train_clustering_loss:  0.0825, train_error: 0.0184
class 0: acc 0.9819277108433735, correct 326/332
class 1: acc 0.9811912225705329, correct 313/319

Val Set, val_loss: 0.2088, val_error: 0.0321, auc: 0.8416
class 0 clustering acc 1.0: correct 1496/1496
class 1 clustering acc 0.9605614973262032: correct 1437/1496
class 0: acc 0.9834254143646409, correct 178/181
class 1: acc 0.5, correct 3/6
EarlyStopping counter: 9 out of 20


batch 19, loss: 0.0000, instance_loss: 0.0975, weighted_loss: 0.0293, label: 1, bag_size: 280
batch 39, loss: 0.0000, instance_loss: 0.0014, weighted_loss: 0.0004, label: 0, bag_size: 1026
batch 59, loss: 0.0000, instance_loss: 0.0000, weighted_loss: 0.0000, label: 1, bag_size: 363
batch 79, loss: 0.0005, instance_loss: 0.0005, weighted_loss: 0.0005, label: 0, bag_size: 3570
batch 99, loss: 0.0005, instance_loss: 0.1673, weighted_loss: 0.0505, label: 0, bag_size: 379
batch 119, loss: 0.0001, instance_loss: 0.0023, weighted_loss: 0.0008, label: 1, bag_size: 102
batch 139, loss: 0.0000, instance_loss: 0.0031, weighted_loss: 0.0009, label: 0, bag_size: 938
batch 159, loss: 0.0000, instance_loss: 0.0017, weighted_loss: 0.0005, label: 1, bag_size: 1437
batch 179, loss: 0.0000, instance_loss: 0.1561, weighted_loss: 0.0468, label: 0, bag_size: 183
batch 199, loss: 0.0003, instance_loss: 0.3541, weighted_loss: 0.1064, label: 1, bag_size: 121
batch 219, loss: 0.0000, instance_loss: 0.0227, weighted_loss: 0.0068, label: 0, bag_size: 602
batch 239, loss: 0.0000, instance_loss: 0.0057, weighted_loss: 0.0017, label: 0, bag_size: 673
batch 259, loss: 0.0000, instance_loss: 0.0002, weighted_loss: 0.0001, label: 1, bag_size: 283
batch 279, loss: 0.0000, instance_loss: 0.3065, weighted_loss: 0.0919, label: 0, bag_size: 228
batch 299, loss: 0.0000, instance_loss: 0.0002, weighted_loss: 0.0001, label: 0, bag_size: 1102
batch 319, loss: 0.0002, instance_loss: 0.0648, weighted_loss: 0.0196, label: 0, bag_size: 582
batch 339, loss: 0.0001, instance_loss: 0.2893, weighted_loss: 0.0869, label: 0, bag_size: 186
batch 359, loss: 0.0000, instance_loss: 0.4900, weighted_loss: 0.1470, label: 0, bag_size: 315
batch 379, loss: 0.0001, instance_loss: 0.0000, weighted_loss: 0.0001, label: 1, bag_size: 917
batch 399, loss: 0.0000, instance_loss: 0.0283, weighted_loss: 0.0085, label: 0, bag_size: 874
batch 419, loss: 0.0000, instance_loss: 0.0026, weighted_loss: 0.0008, label: 1, bag_size: 376
batch 439, loss: 0.0000, instance_loss: 0.0000, weighted_loss: 0.0000, label: 1, bag_size: 1260
batch 459, loss: 0.0003, instance_loss: 0.0258, weighted_loss: 0.0080, label: 1, bag_size: 121
batch 479, loss: 0.0000, instance_loss: 0.0044, weighted_loss: 0.0013, label: 1, bag_size: 280
batch 499, loss: 0.0000, instance_loss: 0.0825, weighted_loss: 0.0247, label: 0, bag_size: 229
batch 519, loss: 0.0000, instance_loss: 0.0546, weighted_loss: 0.0164, label: 0, bag_size: 387
batch 539, loss: 0.0000, instance_loss: 0.0010, weighted_loss: 0.0003, label: 1, bag_size: 170
batch 559, loss: 0.0000, instance_loss: 0.0468, weighted_loss: 0.0140, label: 0, bag_size: 495
batch 579, loss: 0.0000, instance_loss: 0.0007, weighted_loss: 0.0002, label: 1, bag_size: 571
batch 599, loss: 0.0000, instance_loss: 0.0096, weighted_loss: 0.0029, label: 0, bag_size: 1093
batch 619, loss: 0.0000, instance_loss: 0.2926, weighted_loss: 0.0878, label: 0, bag_size: 297
batch 639, loss: 0.0000, instance_loss: 0.0339, weighted_loss: 0.0102, label: 0, bag_size: 107


class 0 clustering acc 0.9886669227814061: correct 5147/5206
class 1 clustering acc 0.9748367268536304: correct 5075/5206
Epoch: 29, train_loss: 0.0021, train_clustering_loss:  0.0905, train_error: 0.0000
class 0: acc 1.0, correct 325/325
class 1: acc 1.0, correct 326/326

Val Set, val_loss: 0.2244, val_error: 0.0321, auc: 0.8370
class 0 clustering acc 1.0: correct 1496/1496
class 1 clustering acc 0.9572192513368984: correct 1432/1496
class 0: acc 0.9834254143646409, correct 178/181
class 1: acc 0.5, correct 3/6
EarlyStopping counter: 10 out of 20


batch 19, loss: 0.0000, instance_loss: 0.0039, weighted_loss: 0.0012, label: 1, bag_size: 189
batch 39, loss: 0.0000, instance_loss: 0.2223, weighted_loss: 0.0667, label: 0, bag_size: 273
batch 59, loss: 0.0001, instance_loss: 0.1014, weighted_loss: 0.0305, label: 1, bag_size: 121
batch 79, loss: 0.0000, instance_loss: 0.0366, weighted_loss: 0.0110, label: 0, bag_size: 157
batch 99, loss: 0.0001, instance_loss: 0.1261, weighted_loss: 0.0379, label: 1, bag_size: 121
batch 119, loss: 0.0000, instance_loss: 0.0000, weighted_loss: 0.0000, label: 1, bag_size: 917
batch 139, loss: 0.0052, instance_loss: 0.0000, weighted_loss: 0.0036, label: 1, bag_size: 102
batch 159, loss: 0.0002, instance_loss: 0.1666, weighted_loss: 0.0501, label: 1, bag_size: 163
batch 179, loss: 0.0000, instance_loss: 0.0453, weighted_loss: 0.0136, label: 0, bag_size: 155
batch 199, loss: 0.0000, instance_loss: 0.6955, weighted_loss: 0.2086, label: 0, bag_size: 177
batch 219, loss: 0.0025, instance_loss: 0.0000, weighted_loss: 0.0017, label: 1, bag_size: 1400
batch 239, loss: 0.0000, instance_loss: 0.0000, weighted_loss: 0.0000, label: 1, bag_size: 1260
batch 259, loss: 0.0006, instance_loss: 0.1517, weighted_loss: 0.0459, label: 1, bag_size: 132
batch 279, loss: 0.0002, instance_loss: 0.0000, weighted_loss: 0.0001, label: 1, bag_size: 646
batch 299, loss: 0.0000, instance_loss: 0.0489, weighted_loss: 0.0147, label: 1, bag_size: 917
batch 319, loss: 0.0000, instance_loss: 0.0028, weighted_loss: 0.0009, label: 0, bag_size: 80
batch 339, loss: 0.0000, instance_loss: 0.0571, weighted_loss: 0.0171, label: 0, bag_size: 352
batch 359, loss: 0.0000, instance_loss: 0.0000, weighted_loss: 0.0000, label: 1, bag_size: 363
batch 379, loss: 0.0001, instance_loss: 0.0000, weighted_loss: 0.0001, label: 1, bag_size: 345
batch 399, loss: 0.0000, instance_loss: 0.0071, weighted_loss: 0.0021, label: 0, bag_size: 510
batch 419, loss: 0.0002, instance_loss: 1.8609, weighted_loss: 0.5584, label: 0, bag_size: 65
batch 439, loss: 0.0001, instance_loss: 0.0000, weighted_loss: 0.0001, label: 1, bag_size: 1374
batch 459, loss: 0.0000, instance_loss: 0.0000, weighted_loss: 0.0000, label: 1, bag_size: 1359
batch 479, loss: 0.0000, instance_loss: 0.5979, weighted_loss: 0.1794, label: 0, bag_size: 67
batch 499, loss: 0.0000, instance_loss: 0.0170, weighted_loss: 0.0051, label: 0, bag_size: 580
batch 519, loss: 0.0001, instance_loss: 0.0256, weighted_loss: 0.0077, label: 1, bag_size: 571
batch 539, loss: 0.0000, instance_loss: 0.4488, weighted_loss: 0.1346, label: 0, bag_size: 196
batch 559, loss: 0.0000, instance_loss: 0.0000, weighted_loss: 0.0000, label: 0, bag_size: 1007
batch 579, loss: 0.0000, instance_loss: 1.1525, weighted_loss: 0.3457, label: 0, bag_size: 122
batch 599, loss: 0.0000, instance_loss: 0.0000, weighted_loss: 0.0000, label: 0, bag_size: 1299
batch 619, loss: 0.0001, instance_loss: 0.4809, weighted_loss: 0.1444, label: 0, bag_size: 54
batch 639, loss: 0.0000, instance_loss: 0.0042, weighted_loss: 0.0013, label: 0, bag_size: 352


class 0 clustering acc 0.9882872503840245: correct 5147/5208
class 1 clustering acc 0.97215821812596: correct 5063/5208
Epoch: 30, train_loss: 0.0004, train_clustering_loss:  0.1019, train_error: 0.0000
class 0: acc 1.0, correct 332/332
class 1: acc 1.0, correct 319/319

Val Set, val_loss: 0.2413, val_error: 0.0321, auc: 0.8306
class 0 clustering acc 1.0: correct 1496/1496
class 1 clustering acc 0.9625668449197861: correct 1440/1496
class 0: acc 0.9834254143646409, correct 178/181
class 1: acc 0.5, correct 3/6
EarlyStopping counter: 11 out of 20


batch 19, loss: 0.0000, instance_loss: 0.0426, weighted_loss: 0.0128, label: 0, bag_size: 352
batch 39, loss: 0.0000, instance_loss: 0.0029, weighted_loss: 0.0009, label: 0, bag_size: 924
batch 59, loss: 0.0000, instance_loss: 0.0016, weighted_loss: 0.0005, label: 0, bag_size: 1129
batch 79, loss: 0.0010, instance_loss: 0.0000, weighted_loss: 0.0007, label: 1, bag_size: 816
batch 99, loss: 0.0000, instance_loss: 0.0008, weighted_loss: 0.0002, label: 0, bag_size: 66
batch 119, loss: 0.0000, instance_loss: 0.0066, weighted_loss: 0.0020, label: 0, bag_size: 1068
batch 139, loss: 0.0002, instance_loss: 0.0013, weighted_loss: 0.0005, label: 1, bag_size: 152
batch 159, loss: 0.0005, instance_loss: 0.0049, weighted_loss: 0.0018, label: 0, bag_size: 315
batch 179, loss: 0.0001, instance_loss: 0.0120, weighted_loss: 0.0037, label: 1, bag_size: 163
batch 199, loss: 0.0001, instance_loss: 0.0096, weighted_loss: 0.0030, label: 1, bag_size: 641
batch 219, loss: 0.0002, instance_loss: 0.1876, weighted_loss: 0.0564, label: 0, bag_size: 324
batch 239, loss: 0.0000, instance_loss: 0.0049, weighted_loss: 0.0015, label: 0, bag_size: 972
batch 259, loss: 0.0000, instance_loss: 0.0000, weighted_loss: 0.0000, label: 1, bag_size: 319
batch 279, loss: 0.0000, instance_loss: 0.0548, weighted_loss: 0.0164, label: 0, bag_size: 126
batch 299, loss: 0.0000, instance_loss: 0.0000, weighted_loss: 0.0000, label: 0, bag_size: 1108
batch 319, loss: 0.0044, instance_loss: 0.1579, weighted_loss: 0.0504, label: 0, bag_size: 610
batch 339, loss: 0.0004, instance_loss: 0.0000, weighted_loss: 0.0003, label: 1, bag_size: 816
batch 359, loss: 0.0000, instance_loss: 0.0143, weighted_loss: 0.0043, label: 0, bag_size: 3553
batch 379, loss: 0.0000, instance_loss: 0.0000, weighted_loss: 0.0000, label: 1, bag_size: 1260
batch 399, loss: 0.0000, instance_loss: 0.2015, weighted_loss: 0.0605, label: 0, bag_size: 178
batch 419, loss: 0.0001, instance_loss: 0.1349, weighted_loss: 0.0406, label: 1, bag_size: 212
batch 439, loss: 0.0000, instance_loss: 0.1731, weighted_loss: 0.0519, label: 0, bag_size: 140
batch 459, loss: 0.0000, instance_loss: 0.0013, weighted_loss: 0.0004, label: 1, bag_size: 1044
batch 479, loss: 0.0001, instance_loss: 0.0000, weighted_loss: 0.0001, label: 1, bag_size: 1374
batch 499, loss: 0.0002, instance_loss: 0.0019, weighted_loss: 0.0007, label: 1, bag_size: 152
batch 519, loss: 0.0000, instance_loss: 0.0078, weighted_loss: 0.0023, label: 0, bag_size: 527
batch 539, loss: 0.0000, instance_loss: 0.0746, weighted_loss: 0.0224, label: 1, bag_size: 163
batch 559, loss: 0.0000, instance_loss: 0.1993, weighted_loss: 0.0598, label: 0, bag_size: 111
batch 579, loss: 0.0001, instance_loss: 0.0000, weighted_loss: 0.0001, label: 1, bag_size: 1297
batch 599, loss: 0.0013, instance_loss: 0.0000, weighted_loss: 0.0009, label: 1, bag_size: 1374
batch 619, loss: 0.0000, instance_loss: 0.0000, weighted_loss: 0.0000, label: 1, bag_size: 1437
batch 639, loss: 0.0000, instance_loss: 0.5557, weighted_loss: 0.1667, label: 0, bag_size: 115


class 0 clustering acc 0.9896313364055299: correct 5154/5208
class 1 clustering acc 0.9796466973886329: correct 5102/5208
Epoch: 31, train_loss: 0.0004, train_clustering_loss:  0.0714, train_error: 0.0000
class 0: acc 1.0, correct 346/346
class 1: acc 1.0, correct 305/305

Val Set, val_loss: 0.2245, val_error: 0.0321, auc: 0.8131
class 0 clustering acc 1.0: correct 1496/1496
class 1 clustering acc 0.9846256684491979: correct 1473/1496
class 0: acc 0.9834254143646409, correct 178/181
class 1: acc 0.5, correct 3/6
EarlyStopping counter: 12 out of 20


batch 19, loss: 0.0000, instance_loss: 0.0575, weighted_loss: 0.0172, label: 0, bag_size: 121
batch 39, loss: 0.0000, instance_loss: 2.2280, weighted_loss: 0.6684, label: 0, bag_size: 6
batch 59, loss: 0.0000, instance_loss: 0.0000, weighted_loss: 0.0000, label: 1, bag_size: 1372
batch 79, loss: 0.0000, instance_loss: 0.0003, weighted_loss: 0.0001, label: 0, bag_size: 874
batch 99, loss: 0.0000, instance_loss: 0.0000, weighted_loss: 0.0000, label: 1, bag_size: 1297
batch 119, loss: 0.0000, instance_loss: 1.8520, weighted_loss: 0.5556, label: 0, bag_size: 65
batch 139, loss: 0.0000, instance_loss: 0.0002, weighted_loss: 0.0001, label: 0, bag_size: 1265
batch 159, loss: 0.0009, instance_loss: 0.0265, weighted_loss: 0.0086, label: 0, bag_size: 170
batch 179, loss: 0.0000, instance_loss: 0.0008, weighted_loss: 0.0002, label: 0, bag_size: 462
batch 199, loss: 0.0002, instance_loss: 0.3248, weighted_loss: 0.0976, label: 1, bag_size: 121
batch 219, loss: 0.0000, instance_loss: 0.0073, weighted_loss: 0.0022, label: 0, bag_size: 1068
batch 239, loss: 0.0000, instance_loss: 0.0071, weighted_loss: 0.0022, label: 0, bag_size: 632
batch 259, loss: 0.0000, instance_loss: 0.0006, weighted_loss: 0.0002, label: 0, bag_size: 1322
batch 279, loss: 0.0011, instance_loss: 0.0000, weighted_loss: 0.0008, label: 1, bag_size: 1010
batch 299, loss: 0.0001, instance_loss: 0.0065, weighted_loss: 0.0020, label: 1, bag_size: 121
batch 319, loss: 0.0004, instance_loss: 0.0075, weighted_loss: 0.0025, label: 0, bag_size: 564
batch 339, loss: 0.0000, instance_loss: 0.2013, weighted_loss: 0.0604, label: 0, bag_size: 215
batch 359, loss: 0.0000, instance_loss: 0.0000, weighted_loss: 0.0000, label: 1, bag_size: 1372
batch 379, loss: 0.0008, instance_loss: 0.0031, weighted_loss: 0.0015, label: 1, bag_size: 102
batch 399, loss: 0.0000, instance_loss: 0.2431, weighted_loss: 0.0729, label: 0, bag_size: 295
batch 419, loss: 0.0006, instance_loss: 0.0000, weighted_loss: 0.0004, label: 1, bag_size: 1400
batch 439, loss: 0.0008, instance_loss: 0.0000, weighted_loss: 0.0006, label: 1, bag_size: 1400
batch 459, loss: 0.0001, instance_loss: 0.0000, weighted_loss: 0.0001, label: 1, bag_size: 1010
batch 479, loss: 0.0000, instance_loss: 0.0015, weighted_loss: 0.0005, label: 1, bag_size: 376
batch 499, loss: 0.0019, instance_loss: 0.0005, weighted_loss: 0.0014, label: 1, bag_size: 698
batch 519, loss: 0.0000, instance_loss: 0.0000, weighted_loss: 0.0000, label: 1, bag_size: 1044
batch 539, loss: 0.0000, instance_loss: 0.0180, weighted_loss: 0.0054, label: 1, bag_size: 226
batch 559, loss: 0.0001, instance_loss: 0.0000, weighted_loss: 0.0001, label: 1, bag_size: 399
batch 579, loss: 0.0005, instance_loss: 0.0002, weighted_loss: 0.0004, label: 1, bag_size: 152
batch 599, loss: 0.0000, instance_loss: 0.0005, weighted_loss: 0.0002, label: 1, bag_size: 646
batch 619, loss: 0.0002, instance_loss: 0.0000, weighted_loss: 0.0001, label: 1, bag_size: 926
batch 639, loss: 0.0000, instance_loss: 0.0000, weighted_loss: 0.0000, label: 1, bag_size: 1017


class 0 clustering acc 0.9909719554360353: correct 5159/5206
class 1 clustering acc 0.9798309642719939: correct 5101/5206
Epoch: 32, train_loss: 0.0003, train_clustering_loss:  0.0726, train_error: 0.0000
class 0: acc 1.0, correct 332/332
class 1: acc 1.0, correct 319/319

Val Set, val_loss: 0.2329, val_error: 0.0321, auc: 0.8278
class 0 clustering acc 1.0: correct 1496/1496
class 1 clustering acc 0.9625668449197861: correct 1440/1496
class 0: acc 0.9834254143646409, correct 178/181
class 1: acc 0.5, correct 3/6
EarlyStopping counter: 13 out of 20


batch 19, loss: 0.0000, instance_loss: 0.5506, weighted_loss: 0.1652, label: 0, bag_size: 147
batch 39, loss: 0.0000, instance_loss: 0.0052, weighted_loss: 0.0016, label: 1, bag_size: 656
batch 59, loss: 0.0000, instance_loss: 0.0004, weighted_loss: 0.0001, label: 1, bag_size: 376
batch 79, loss: 0.0000, instance_loss: 0.0080, weighted_loss: 0.0024, label: 0, bag_size: 309
batch 99, loss: 0.0000, instance_loss: 0.0064, weighted_loss: 0.0019, label: 0, bag_size: 2484
batch 119, loss: 0.0005, instance_loss: 0.0011, weighted_loss: 0.0007, label: 1, bag_size: 816
batch 139, loss: 0.0000, instance_loss: 0.0002, weighted_loss: 0.0001, label: 1, bag_size: 378
batch 159, loss: 0.0000, instance_loss: 0.0661, weighted_loss: 0.0198, label: 0, bag_size: 188
batch 179, loss: 0.0001, instance_loss: 0.0463, weighted_loss: 0.0140, label: 0, bag_size: 933
batch 199, loss: 0.0010, instance_loss: 0.0980, weighted_loss: 0.0301, label: 1, bag_size: 121
batch 219, loss: 0.0000, instance_loss: 0.0410, weighted_loss: 0.0123, label: 0, bag_size: 439
batch 239, loss: 0.0004, instance_loss: 0.0003, weighted_loss: 0.0004, label: 1, bag_size: 1400
batch 259, loss: 0.0000, instance_loss: 0.0030, weighted_loss: 0.0009, label: 1, bag_size: 163
batch 279, loss: 0.0000, instance_loss: 0.0125, weighted_loss: 0.0037, label: 0, bag_size: 673
batch 299, loss: 0.0000, instance_loss: 0.4146, weighted_loss: 0.1244, label: 0, bag_size: 164
batch 319, loss: 0.0000, instance_loss: 0.7915, weighted_loss: 0.2374, label: 0, bag_size: 81
batch 339, loss: 0.0002, instance_loss: 0.0671, weighted_loss: 0.0203, label: 0, bag_size: 184
batch 359, loss: 0.0000, instance_loss: 0.0000, weighted_loss: 0.0000, label: 1, bag_size: 1409
batch 379, loss: 0.0000, instance_loss: 0.4087, weighted_loss: 0.1226, label: 1, bag_size: 121
batch 399, loss: 0.0002, instance_loss: 0.1884, weighted_loss: 0.0566, label: 0, bag_size: 324
batch 419, loss: 0.0003, instance_loss: 0.0301, weighted_loss: 0.0093, label: 0, bag_size: 287
batch 439, loss: 0.0000, instance_loss: 0.0000, weighted_loss: 0.0000, label: 1, bag_size: 788
batch 459, loss: 0.0002, instance_loss: 0.0007, weighted_loss: 0.0004, label: 1, bag_size: 152
batch 479, loss: 0.0000, instance_loss: 0.0296, weighted_loss: 0.0089, label: 0, bag_size: 1007
batch 499, loss: 0.0000, instance_loss: 0.0995, weighted_loss: 0.0298, label: 0, bag_size: 268
batch 519, loss: 0.0001, instance_loss: 0.0000, weighted_loss: 0.0000, label: 1, bag_size: 816
batch 539, loss: 0.0000, instance_loss: 0.0014, weighted_loss: 0.0004, label: 0, bag_size: 557
batch 559, loss: 0.0001, instance_loss: 0.0000, weighted_loss: 0.0001, label: 1, bag_size: 788
batch 579, loss: 0.0000, instance_loss: 0.0113, weighted_loss: 0.0034, label: 1, bag_size: 571
batch 599, loss: 0.0000, instance_loss: 0.0002, weighted_loss: 0.0001, label: 1, bag_size: 321
batch 619, loss: 0.0000, instance_loss: 0.0007, weighted_loss: 0.0002, label: 1, bag_size: 376
batch 639, loss: 0.0000, instance_loss: 0.0000, weighted_loss: 0.0000, label: 1, bag_size: 1017


class 0 clustering acc 0.9905913978494624: correct 5159/5208
class 1 clustering acc 0.977726574500768: correct 5092/5208
Epoch: 33, train_loss: 0.0001, train_clustering_loss:  0.0785, train_error: 0.0000
class 0: acc 1.0, correct 319/319
class 1: acc 1.0, correct 332/332

Val Set, val_loss: 0.2387, val_error: 0.0374, auc: 0.8002
class 0 clustering acc 1.0: correct 1496/1496
class 1 clustering acc 0.9899732620320856: correct 1481/1496
class 0: acc 0.9779005524861878, correct 177/181
class 1: acc 0.5, correct 3/6
EarlyStopping counter: 14 out of 20


batch 19, loss: 0.0000, instance_loss: 0.0049, weighted_loss: 0.0015, label: 0, bag_size: 296
batch 39, loss: 0.0000, instance_loss: 0.0443, weighted_loss: 0.0133, label: 1, bag_size: 280
batch 59, loss: 0.0000, instance_loss: 0.0000, weighted_loss: 0.0000, label: 1, bag_size: 917
batch 79, loss: 0.0000, instance_loss: 0.0383, weighted_loss: 0.0115, label: 1, bag_size: 280
batch 99, loss: 0.0000, instance_loss: 0.0145, weighted_loss: 0.0044, label: 0, bag_size: 571
batch 119, loss: 0.0000, instance_loss: 0.0098, weighted_loss: 0.0030, label: 0, bag_size: 325
batch 139, loss: 0.0000, instance_loss: 0.0038, weighted_loss: 0.0012, label: 1, bag_size: 280
batch 159, loss: 0.0000, instance_loss: 0.0000, weighted_loss: 0.0000, label: 0, bag_size: 874
batch 179, loss: 0.0019, instance_loss: 0.0244, weighted_loss: 0.0087, label: 0, bag_size: 367
batch 199, loss: 0.0000, instance_loss: 0.0380, weighted_loss: 0.0114, label: 1, bag_size: 170
batch 219, loss: 0.0000, instance_loss: 0.0307, weighted_loss: 0.0092, label: 0, bag_size: 338
batch 239, loss: 0.0106, instance_loss: 0.0104, weighted_loss: 0.0105, label: 0, bag_size: 433
batch 259, loss: 0.0004, instance_loss: 0.0005, weighted_loss: 0.0004, label: 1, bag_size: 646
batch 279, loss: 0.0000, instance_loss: 0.0000, weighted_loss: 0.0000, label: 1, bag_size: 363
batch 299, loss: 0.0000, instance_loss: 0.0000, weighted_loss: 0.0000, label: 0, bag_size: 924
batch 319, loss: 0.0000, instance_loss: 0.0000, weighted_loss: 0.0000, label: 1, bag_size: 345
batch 339, loss: 0.0000, instance_loss: 0.0926, weighted_loss: 0.0278, label: 0, bag_size: 215
batch 359, loss: 0.0000, instance_loss: 0.9823, weighted_loss: 0.2947, label: 0, bag_size: 294
batch 379, loss: 0.0011, instance_loss: 0.0076, weighted_loss: 0.0030, label: 1, bag_size: 212
batch 399, loss: 0.0000, instance_loss: 0.5641, weighted_loss: 0.1692, label: 0, bag_size: 145
batch 419, loss: 0.0000, instance_loss: 0.0000, weighted_loss: 0.0000, label: 1, bag_size: 1297
batch 439, loss: 0.0001, instance_loss: 0.0000, weighted_loss: 0.0000, label: 1, bag_size: 1010
batch 459, loss: 0.0000, instance_loss: 0.0632, weighted_loss: 0.0190, label: 0, bag_size: 168
batch 479, loss: 0.0000, instance_loss: 0.0200, weighted_loss: 0.0060, label: 1, bag_size: 571
batch 499, loss: 0.0000, instance_loss: 0.0559, weighted_loss: 0.0168, label: 0, bag_size: 774
batch 519, loss: 0.0000, instance_loss: 0.0000, weighted_loss: 0.0000, label: 1, bag_size: 363
batch 539, loss: 0.0000, instance_loss: 0.0009, weighted_loss: 0.0003, label: 0, bag_size: 1160
batch 559, loss: 0.0022, instance_loss: 0.0009, weighted_loss: 0.0018, label: 0, bag_size: 610
batch 579, loss: 0.0000, instance_loss: 0.0000, weighted_loss: 0.0000, label: 1, bag_size: 345
batch 599, loss: 0.0000, instance_loss: 0.0006, weighted_loss: 0.0002, label: 1, bag_size: 363
batch 619, loss: 0.0022, instance_loss: 0.0000, weighted_loss: 0.0016, label: 1, bag_size: 1400
batch 639, loss: 0.0000, instance_loss: 0.0000, weighted_loss: 0.0000, label: 0, bag_size: 1048


class 0 clustering acc 0.9923165578179024: correct 5166/5206
class 1 clustering acc 0.981175566653861: correct 5108/5206
Epoch: 34, train_loss: 0.0002, train_clustering_loss:  0.0630, train_error: 0.0000
class 0: acc 1.0, correct 326/326
class 1: acc 1.0, correct 325/325

Val Set, val_loss: 0.2365, val_error: 0.0374, auc: 0.8214
class 0 clustering acc 1.0: correct 1496/1496
class 1 clustering acc 0.9679144385026738: correct 1448/1496
class 0: acc 0.9779005524861878, correct 177/181
class 1: acc 0.5, correct 3/6
EarlyStopping counter: 15 out of 20


batch 19, loss: 0.0000, instance_loss: 0.0000, weighted_loss: 0.0000, label: 1, bag_size: 363
batch 39, loss: 0.0000, instance_loss: 0.0000, weighted_loss: 0.0000, label: 1, bag_size: 1359
batch 59, loss: 0.0000, instance_loss: 0.0000, weighted_loss: 0.0000, label: 1, bag_size: 1010
batch 79, loss: 0.0029, instance_loss: 0.0005, weighted_loss: 0.0022, label: 1, bag_size: 321
batch 99, loss: 0.0001, instance_loss: 0.0000, weighted_loss: 0.0000, label: 1, bag_size: 917
batch 119, loss: 0.0001, instance_loss: 0.0000, weighted_loss: 0.0001, label: 1, bag_size: 1010
batch 139, loss: 0.0000, instance_loss: 0.0304, weighted_loss: 0.0091, label: 0, bag_size: 195
batch 159, loss: 0.0000, instance_loss: 0.1638, weighted_loss: 0.0492, label: 0, bag_size: 189
batch 179, loss: 0.0000, instance_loss: 0.0000, weighted_loss: 0.0000, label: 1, bag_size: 1044
batch 199, loss: 0.0000, instance_loss: 0.4247, weighted_loss: 0.1274, label: 0, bag_size: 196
batch 219, loss: 0.0001, instance_loss: 0.0021, weighted_loss: 0.0007, label: 1, bag_size: 698
batch 239, loss: 0.0001, instance_loss: 0.0000, weighted_loss: 0.0000, label: 0, bag_size: 876
batch 259, loss: 0.0000, instance_loss: 0.1012, weighted_loss: 0.0304, label: 0, bag_size: 634
batch 279, loss: 0.0000, instance_loss: 0.0005, weighted_loss: 0.0002, label: 1, bag_size: 656
batch 299, loss: 0.0001, instance_loss: 0.0030, weighted_loss: 0.0010, label: 0, bag_size: 876
batch 319, loss: 0.0000, instance_loss: 0.0138, weighted_loss: 0.0041, label: 0, bag_size: 253
batch 339, loss: 0.0000, instance_loss: 0.0000, weighted_loss: 0.0000, label: 1, bag_size: 1359
batch 359, loss: 0.0003, instance_loss: 0.0000, weighted_loss: 0.0002, label: 1, bag_size: 788
batch 379, loss: 0.0000, instance_loss: 0.0024, weighted_loss: 0.0008, label: 1, bag_size: 189
batch 399, loss: 0.0000, instance_loss: 0.0000, weighted_loss: 0.0000, label: 1, bag_size: 1017
batch 419, loss: 0.0000, instance_loss: 0.0908, weighted_loss: 0.0272, label: 0, bag_size: 456
batch 439, loss: 0.0001, instance_loss: 0.0002, weighted_loss: 0.0001, label: 1, bag_size: 788
batch 459, loss: 0.0000, instance_loss: 0.0000, weighted_loss: 0.0000, label: 1, bag_size: 1372
batch 479, loss: 0.0000, instance_loss: 0.0058, weighted_loss: 0.0017, label: 1, bag_size: 132
batch 499, loss: 0.0000, instance_loss: 0.8746, weighted_loss: 0.2624, label: 0, bag_size: 108
batch 519, loss: 0.0000, instance_loss: 0.0061, weighted_loss: 0.0018, label: 0, bag_size: 1375
batch 539, loss: 0.0000, instance_loss: 0.0000, weighted_loss: 0.0000, label: 1, bag_size: 1260
batch 559, loss: 0.0002, instance_loss: 0.0000, weighted_loss: 0.0002, label: 1, bag_size: 1400
batch 579, loss: 0.0001, instance_loss: 0.0087, weighted_loss: 0.0027, label: 0, bag_size: 549
batch 599, loss: 0.0000, instance_loss: 0.0000, weighted_loss: 0.0000, label: 1, bag_size: 363
batch 619, loss: 0.0000, instance_loss: 0.0488, weighted_loss: 0.0146, label: 0, bag_size: 510
batch 639, loss: 0.0000, instance_loss: 0.0000, weighted_loss: 0.0000, label: 0, bag_size: 1025


class 0 clustering acc 0.9875192012288786: correct 5143/5208
class 1 clustering acc 0.9754224270353302: correct 5080/5208
Epoch: 35, train_loss: 0.0001, train_clustering_loss:  0.0904, train_error: 0.0000
class 0: acc 1.0, correct 345/345
class 1: acc 1.0, correct 306/306

Val Set, val_loss: 0.2342, val_error: 0.0374, auc: 0.8398
class 0 clustering acc 1.0: correct 1496/1496
class 1 clustering acc 0.9919786096256684: correct 1484/1496
class 0: acc 0.9779005524861878, correct 177/181
class 1: acc 0.5, correct 3/6
EarlyStopping counter: 16 out of 20


batch 19, loss: 0.0000, instance_loss: 0.2788, weighted_loss: 0.0836, label: 0, bag_size: 81
batch 39, loss: 0.0000, instance_loss: 0.3694, weighted_loss: 0.1108, label: 0, bag_size: 95
batch 59, loss: 0.0000, instance_loss: 0.0002, weighted_loss: 0.0001, label: 1, bag_size: 917
batch 79, loss: 0.0000, instance_loss: 0.0021, weighted_loss: 0.0006, label: 1, bag_size: 321
batch 99, loss: 0.0000, instance_loss: 0.0012, weighted_loss: 0.0004, label: 0, bag_size: 66
batch 119, loss: 0.0000, instance_loss: 0.2406, weighted_loss: 0.0722, label: 0, bag_size: 352
batch 139, loss: 0.0000, instance_loss: 0.0139, weighted_loss: 0.0042, label: 1, bag_size: 378
batch 159, loss: 0.0003, instance_loss: 0.0289, weighted_loss: 0.0088, label: 0, bag_size: 380
batch 179, loss: 0.0000, instance_loss: 0.0017, weighted_loss: 0.0005, label: 0, bag_size: 1322
batch 199, loss: 0.0000, instance_loss: 0.0000, weighted_loss: 0.0000, label: 1, bag_size: 1044
batch 219, loss: 0.0000, instance_loss: 0.0000, weighted_loss: 0.0000, label: 1, bag_size: 656
batch 239, loss: 0.0000, instance_loss: 0.3027, weighted_loss: 0.0908, label: 0, bag_size: 447
batch 259, loss: 0.0000, instance_loss: 0.0378, weighted_loss: 0.0113, label: 0, bag_size: 264
batch 279, loss: 0.0007, instance_loss: 0.0120, weighted_loss: 0.0041, label: 0, bag_size: 990
batch 299, loss: 0.0000, instance_loss: 0.1029, weighted_loss: 0.0309, label: 0, bag_size: 160
batch 319, loss: 0.0000, instance_loss: 0.0000, weighted_loss: 0.0000, label: 1, bag_size: 917
batch 339, loss: 0.0000, instance_loss: 0.2008, weighted_loss: 0.0602, label: 0, bag_size: 75
batch 359, loss: 0.0000, instance_loss: 0.7741, weighted_loss: 0.2322, label: 0, bag_size: 72
batch 379, loss: 0.0000, instance_loss: 0.6700, weighted_loss: 0.2010, label: 0, bag_size: 133
batch 399, loss: 0.0000, instance_loss: 0.0014, weighted_loss: 0.0004, label: 1, bag_size: 641
batch 419, loss: 0.0000, instance_loss: 0.0005, weighted_loss: 0.0001, label: 1, bag_size: 376
batch 439, loss: 0.0000, instance_loss: 0.0088, weighted_loss: 0.0026, label: 0, bag_size: 840
batch 459, loss: 0.0000, instance_loss: 0.0000, weighted_loss: 0.0000, label: 0, bag_size: 1196
batch 479, loss: 0.0001, instance_loss: 0.0000, weighted_loss: 0.0001, label: 1, bag_size: 926
batch 499, loss: 0.0000, instance_loss: 0.0019, weighted_loss: 0.0006, label: 1, bag_size: 646
batch 519, loss: 0.0000, instance_loss: 0.0388, weighted_loss: 0.0117, label: 0, bag_size: 1265
batch 539, loss: 0.0000, instance_loss: 0.0000, weighted_loss: 0.0000, label: 0, bag_size: 924
batch 559, loss: 0.0000, instance_loss: 0.3552, weighted_loss: 0.1066, label: 0, bag_size: 462
batch 579, loss: 0.0000, instance_loss: 0.0017, weighted_loss: 0.0005, label: 0, bag_size: 745
batch 599, loss: 0.0000, instance_loss: 0.0009, weighted_loss: 0.0003, label: 1, bag_size: 641
batch 619, loss: 0.0000, instance_loss: 0.1515, weighted_loss: 0.0454, label: 0, bag_size: 48
batch 639, loss: 0.0000, instance_loss: 0.7055, weighted_loss: 0.2117, label: 0, bag_size: 320


class 0 clustering acc 0.9877112135176651: correct 5144/5208
class 1 clustering acc 0.9767665130568356: correct 5087/5208
Epoch: 36, train_loss: 0.0001, train_clustering_loss:  0.0865, train_error: 0.0000
class 0: acc 1.0, correct 343/343
class 1: acc 1.0, correct 308/308

Val Set, val_loss: 0.2476, val_error: 0.0428, auc: 0.8407
class 0 clustering acc 1.0: correct 1496/1496
class 1 clustering acc 0.8917112299465241: correct 1334/1496
class 0: acc 0.9723756906077348, correct 176/181
class 1: acc 0.5, correct 3/6
EarlyStopping counter: 17 out of 20


batch 19, loss: 0.0000, instance_loss: 0.0084, weighted_loss: 0.0025, label: 0, bag_size: 2566
batch 39, loss: 0.0000, instance_loss: 0.0109, weighted_loss: 0.0033, label: 0, bag_size: 168
batch 59, loss: 0.0000, instance_loss: 0.0213, weighted_loss: 0.0064, label: 0, bag_size: 495
batch 79, loss: 0.0003, instance_loss: 0.0000, weighted_loss: 0.0002, label: 1, bag_size: 698
batch 99, loss: 0.0003, instance_loss: 0.1155, weighted_loss: 0.0349, label: 1, bag_size: 163
batch 119, loss: 0.0000, instance_loss: 1.0156, weighted_loss: 0.3047, label: 0, bag_size: 196
batch 139, loss: 0.0000, instance_loss: 0.0005, weighted_loss: 0.0002, label: 1, bag_size: 1372
batch 159, loss: 0.0000, instance_loss: 0.0000, weighted_loss: 0.0000, label: 1, bag_size: 345
batch 179, loss: 0.0000, instance_loss: 0.0000, weighted_loss: 0.0000, label: 0, bag_size: 1029
batch 199, loss: 0.0003, instance_loss: 0.2782, weighted_loss: 0.0837, label: 0, bag_size: 190
batch 219, loss: 0.0003, instance_loss: 0.0000, weighted_loss: 0.0002, label: 0, bag_size: 8675
batch 239, loss: 0.0020, instance_loss: 0.0191, weighted_loss: 0.0071, label: 0, bag_size: 618
batch 259, loss: 0.0000, instance_loss: 0.0000, weighted_loss: 0.0000, label: 1, bag_size: 1260
batch 279, loss: 0.0000, instance_loss: 0.0004, weighted_loss: 0.0001, label: 1, bag_size: 345
batch 299, loss: 0.0003, instance_loss: 0.0437, weighted_loss: 0.0133, label: 0, bag_size: 211
batch 319, loss: 0.0651, instance_loss: 0.0000, weighted_loss: 0.0456, label: 1, bag_size: 1372
batch 339, loss: 0.0000, instance_loss: 0.0000, weighted_loss: 0.0000, label: 1, bag_size: 1297
batch 359, loss: 0.0014, instance_loss: 0.0263, weighted_loss: 0.0088, label: 0, bag_size: 212
batch 379, loss: 0.0000, instance_loss: 0.1709, weighted_loss: 0.0513, label: 0, bag_size: 206
batch 399, loss: 0.0000, instance_loss: 0.0000, weighted_loss: 0.0000, label: 0, bag_size: 8077
batch 419, loss: 0.0000, instance_loss: 0.0000, weighted_loss: 0.0000, label: 1, bag_size: 132
batch 439, loss: 0.0000, instance_loss: 0.0000, weighted_loss: 0.0000, label: 1, bag_size: 1374
batch 459, loss: 0.0000, instance_loss: 0.0095, weighted_loss: 0.0028, label: 0, bag_size: 176
batch 479, loss: 0.0000, instance_loss: 0.0000, weighted_loss: 0.0000, label: 1, bag_size: 1297
batch 499, loss: 0.0000, instance_loss: 0.0000, weighted_loss: 0.0000, label: 1, bag_size: 698
batch 519, loss: 0.8578, instance_loss: 0.0000, weighted_loss: 0.6005, label: 1, bag_size: 1017
batch 539, loss: 0.0097, instance_loss: 0.0003, weighted_loss: 0.0069, label: 1, bag_size: 226
batch 559, loss: 0.0000, instance_loss: 0.0008, weighted_loss: 0.0002, label: 0, bag_size: 1370
batch 579, loss: 0.0000, instance_loss: 0.0000, weighted_loss: 0.0000, label: 1, bag_size: 1359
batch 599, loss: 0.0000, instance_loss: 0.0052, weighted_loss: 0.0016, label: 0, bag_size: 235
batch 619, loss: 0.0000, instance_loss: 0.0003, weighted_loss: 0.0001, label: 0, bag_size: 1607
batch 639, loss: 0.0000, instance_loss: 0.0000, weighted_loss: 0.0000, label: 1, bag_size: 1044


class 0 clustering acc 0.9927035330261137: correct 5170/5208
class 1 clustering acc 0.9859831029185868: correct 5135/5208
Epoch: 37, train_loss: 0.0784, train_clustering_loss:  0.0522, train_error: 0.0246
class 0: acc 0.9775641025641025, correct 305/312
class 1: acc 0.9734513274336283, correct 330/339

Val Set, val_loss: 0.3556, val_error: 0.0642, auc: 0.8757
class 0 clustering acc 1.0: correct 1496/1496
class 1 clustering acc 0.9451871657754011: correct 1414/1496
class 0: acc 0.9502762430939227, correct 172/181
class 1: acc 0.5, correct 3/6
EarlyStopping counter: 18 out of 20


batch 19, loss: 0.0000, instance_loss: 0.0000, weighted_loss: 0.0000, label: 1, bag_size: 378
batch 39, loss: 0.1650, instance_loss: 0.0016, weighted_loss: 0.1160, label: 0, bag_size: 213
batch 59, loss: 0.0000, instance_loss: 0.0000, weighted_loss: 0.0000, label: 1, bag_size: 231
batch 79, loss: 0.0000, instance_loss: 0.0186, weighted_loss: 0.0056, label: 0, bag_size: 117
batch 99, loss: 0.0000, instance_loss: 0.0000, weighted_loss: 0.0000, label: 1, bag_size: 917
batch 119, loss: 0.0002, instance_loss: 0.1288, weighted_loss: 0.0388, label: 0, bag_size: 108
batch 139, loss: 0.0000, instance_loss: 0.0011, weighted_loss: 0.0004, label: 1, bag_size: 571
batch 159, loss: 0.0000, instance_loss: 0.0000, weighted_loss: 0.0000, label: 0, bag_size: 1157
batch 179, loss: 0.0000, instance_loss: 0.0023, weighted_loss: 0.0007, label: 0, bag_size: 527
batch 199, loss: 0.0333, instance_loss: 0.0000, weighted_loss: 0.0233, label: 1, bag_size: 926
batch 219, loss: 0.0000, instance_loss: 0.0308, weighted_loss: 0.0092, label: 0, bag_size: 536
batch 239, loss: 0.0000, instance_loss: 0.0000, weighted_loss: 0.0000, label: 1, bag_size: 917
batch 259, loss: 0.0000, instance_loss: 0.0000, weighted_loss: 0.0000, label: 1, bag_size: 283
batch 279, loss: 0.0322, instance_loss: 0.0093, weighted_loss: 0.0253, label: 0, bag_size: 264
batch 299, loss: 0.0000, instance_loss: 0.0054, weighted_loss: 0.0016, label: 0, bag_size: 168
batch 319, loss: 0.0000, instance_loss: 0.0018, weighted_loss: 0.0006, label: 1, bag_size: 363
batch 339, loss: 0.0002, instance_loss: 0.0008, weighted_loss: 0.0004, label: 1, bag_size: 226
batch 359, loss: 0.0002, instance_loss: 0.0124, weighted_loss: 0.0038, label: 0, bag_size: 112
batch 379, loss: 0.0000, instance_loss: 0.0002, weighted_loss: 0.0001, label: 0, bag_size: 934
batch 399, loss: 0.0000, instance_loss: 0.0020, weighted_loss: 0.0006, label: 1, bag_size: 698
batch 419, loss: 0.0000, instance_loss: 0.0000, weighted_loss: 0.0000, label: 1, bag_size: 1297
batch 439, loss: 0.0000, instance_loss: 0.0000, weighted_loss: 0.0000, label: 1, bag_size: 1044
batch 459, loss: 0.0000, instance_loss: 0.0002, weighted_loss: 0.0001, label: 0, bag_size: 1196
batch 479, loss: 0.0000, instance_loss: 0.0003, weighted_loss: 0.0001, label: 1, bag_size: 363
batch 499, loss: 0.0000, instance_loss: 0.7295, weighted_loss: 0.2189, label: 0, bag_size: 109
batch 519, loss: 0.0017, instance_loss: 0.0308, weighted_loss: 0.0104, label: 0, bag_size: 462
batch 539, loss: 0.0000, instance_loss: 0.0000, weighted_loss: 0.0000, label: 0, bag_size: 1028
batch 559, loss: 0.0000, instance_loss: 0.0309, weighted_loss: 0.0093, label: 0, bag_size: 196
batch 579, loss: 0.0000, instance_loss: 0.0000, weighted_loss: 0.0000, label: 1, bag_size: 926
batch 599, loss: 0.0000, instance_loss: 0.0014, weighted_loss: 0.0004, label: 0, bag_size: 128
batch 619, loss: 0.0000, instance_loss: 0.0000, weighted_loss: 0.0000, label: 1, bag_size: 1359
batch 639, loss: 0.0000, instance_loss: 0.0104, weighted_loss: 0.0031, label: 1, bag_size: 170


class 0 clustering acc 0.9930875576036866: correct 5172/5208
class 1 clustering acc 0.983678955453149: correct 5123/5208
Epoch: 38, train_loss: 0.0575, train_clustering_loss:  0.0592, train_error: 0.0154
class 0: acc 0.9815384615384616, correct 319/325
class 1: acc 0.9877300613496932, correct 322/326

Val Set, val_loss: 0.1720, val_error: 0.0214, auc: 0.8978
class 0 clustering acc 1.0: correct 1496/1496
class 1 clustering acc 0.9391711229946524: correct 1405/1496
class 0: acc 0.994475138121547, correct 180/181
class 1: acc 0.5, correct 3/6
EarlyStopping counter: 19 out of 20


batch 19, loss: 0.0000, instance_loss: 0.0000, weighted_loss: 0.0000, label: 1, bag_size: 698
batch 39, loss: 0.0000, instance_loss: 0.0125, weighted_loss: 0.0038, label: 0, bag_size: 264
batch 59, loss: 0.0000, instance_loss: 0.0000, weighted_loss: 0.0000, label: 0, bag_size: 968
batch 79, loss: 0.0000, instance_loss: 0.0000, weighted_loss: 0.0000, label: 1, bag_size: 917
batch 99, loss: 0.0000, instance_loss: 0.0000, weighted_loss: 0.0000, label: 1, bag_size: 1297
batch 119, loss: 0.0002, instance_loss: 0.0000, weighted_loss: 0.0001, label: 1, bag_size: 1409
batch 139, loss: 0.0000, instance_loss: 0.1863, weighted_loss: 0.0559, label: 0, bag_size: 221
batch 159, loss: 0.0002, instance_loss: 0.3598, weighted_loss: 0.1081, label: 1, bag_size: 212
batch 179, loss: 0.0006, instance_loss: 0.0000, weighted_loss: 0.0004, label: 1, bag_size: 1400
batch 199, loss: 0.0000, instance_loss: 0.5725, weighted_loss: 0.1718, label: 0, bag_size: 146
batch 219, loss: 0.0000, instance_loss: 0.0018, weighted_loss: 0.0006, label: 1, bag_size: 319
batch 239, loss: 0.0000, instance_loss: 0.0078, weighted_loss: 0.0023, label: 0, bag_size: 206
batch 259, loss: 0.0000, instance_loss: 0.0000, weighted_loss: 0.0000, label: 0, bag_size: 954
batch 279, loss: 0.0006, instance_loss: 0.0000, weighted_loss: 0.0004, label: 1, bag_size: 1260
batch 299, loss: 0.0000, instance_loss: 0.0000, weighted_loss: 0.0000, label: 1, bag_size: 1010
batch 319, loss: 0.0000, instance_loss: 0.0144, weighted_loss: 0.0043, label: 0, bag_size: 512
batch 339, loss: 0.0000, instance_loss: 0.0000, weighted_loss: 0.0000, label: 0, bag_size: 1022
batch 359, loss: 0.0001, instance_loss: 0.0000, weighted_loss: 0.0001, label: 1, bag_size: 345
batch 379, loss: 0.0000, instance_loss: 0.0000, weighted_loss: 0.0000, label: 1, bag_size: 1044
batch 399, loss: 0.0000, instance_loss: 0.0040, weighted_loss: 0.0012, label: 1, bag_size: 280
batch 419, loss: 0.0058, instance_loss: 0.0000, weighted_loss: 0.0041, label: 1, bag_size: 816
batch 439, loss: 0.0000, instance_loss: 0.0000, weighted_loss: 0.0000, label: 1, bag_size: 376
batch 459, loss: 0.0040, instance_loss: 0.0000, weighted_loss: 0.0028, label: 1, bag_size: 1400
batch 479, loss: 0.0000, instance_loss: 0.0002, weighted_loss: 0.0001, label: 1, bag_size: 698
batch 499, loss: 0.0000, instance_loss: 0.0838, weighted_loss: 0.0252, label: 0, bag_size: 107
batch 519, loss: 0.0000, instance_loss: 0.0041, weighted_loss: 0.0012, label: 0, bag_size: 168
batch 539, loss: 0.0000, instance_loss: 0.1229, weighted_loss: 0.0369, label: 1, bag_size: 121
batch 559, loss: 0.0000, instance_loss: 0.0172, weighted_loss: 0.0052, label: 0, bag_size: 232
batch 579, loss: 0.0001, instance_loss: 0.0091, weighted_loss: 0.0028, label: 0, bag_size: 247
batch 599, loss: 0.0000, instance_loss: 0.0000, weighted_loss: 0.0000, label: 1, bag_size: 283
batch 619, loss: 0.0003, instance_loss: 0.4772, weighted_loss: 0.1434, label: 1, bag_size: 212
batch 639, loss: 0.0005, instance_loss: 0.0000, weighted_loss: 0.0003, label: 1, bag_size: 788


class 0 clustering acc 0.9859777180176719: correct 5133/5206
class 1 clustering acc 0.9754129850172878: correct 5078/5206
Epoch: 39, train_loss: 0.0006, train_clustering_loss:  0.0912, train_error: 0.0000
class 0: acc 1.0, correct 320/320
class 1: acc 1.0, correct 331/331

Val Set, val_loss: 0.1788, val_error: 0.0267, auc: 0.8959
class 0 clustering acc 1.0: correct 1496/1496
class 1 clustering acc 0.9712566844919787: correct 1453/1496
class 0: acc 0.988950276243094, correct 179/181
class 1: acc 0.5, correct 3/6
EarlyStopping counter: 20 out of 20


batch 19, loss: 0.0000, instance_loss: 0.0000, weighted_loss: 0.0000, label: 1, bag_size: 1359
batch 39, loss: 0.0000, instance_loss: 0.0340, weighted_loss: 0.0102, label: 0, bag_size: 146
batch 59, loss: 0.0000, instance_loss: 0.0013, weighted_loss: 0.0004, label: 0, bag_size: 66
batch 79, loss: 0.0011, instance_loss: 0.0000, weighted_loss: 0.0008, label: 1, bag_size: 1260
batch 99, loss: 0.0016, instance_loss: 0.0003, weighted_loss: 0.0012, label: 1, bag_size: 399
batch 119, loss: 0.0000, instance_loss: 0.0261, weighted_loss: 0.0078, label: 0, bag_size: 629
batch 139, loss: 0.0610, instance_loss: 0.0119, weighted_loss: 0.0463, label: 0, bag_size: 236
batch 159, loss: 0.0000, instance_loss: 0.6347, weighted_loss: 0.1904, label: 0, bag_size: 312
batch 179, loss: 0.0003, instance_loss: 0.0097, weighted_loss: 0.0031, label: 1, bag_size: 212
batch 199, loss: 0.0000, instance_loss: 0.0000, weighted_loss: 0.0000, label: 1, bag_size: 226
batch 219, loss: 0.0000, instance_loss: 0.0117, weighted_loss: 0.0035, label: 0, bag_size: 798
batch 239, loss: 0.0001, instance_loss: 0.0006, weighted_loss: 0.0003, label: 1, bag_size: 102
batch 259, loss: 0.0001, instance_loss: 0.0000, weighted_loss: 0.0001, label: 0, bag_size: 963
batch 279, loss: 0.0001, instance_loss: 0.0004, weighted_loss: 0.0002, label: 0, bag_size: 93
batch 299, loss: 0.0000, instance_loss: 0.0000, weighted_loss: 0.0000, label: 1, bag_size: 1010
batch 319, loss: 0.0000, instance_loss: 0.0000, weighted_loss: 0.0000, label: 1, bag_size: 1437
batch 339, loss: 0.0000, instance_loss: 0.0000, weighted_loss: 0.0000, label: 1, bag_size: 1010
batch 359, loss: 0.0000, instance_loss: 0.3220, weighted_loss: 0.0966, label: 0, bag_size: 146
batch 379, loss: 0.0000, instance_loss: 0.8959, weighted_loss: 0.2688, label: 0, bag_size: 135
batch 399, loss: 0.0000, instance_loss: 0.0054, weighted_loss: 0.0016, label: 0, bag_size: 309
batch 419, loss: 0.0000, instance_loss: 0.1722, weighted_loss: 0.0516, label: 0, bag_size: 355
batch 439, loss: 0.0000, instance_loss: 0.0025, weighted_loss: 0.0008, label: 0, bag_size: 501
batch 459, loss: 0.0005, instance_loss: 0.0002, weighted_loss: 0.0004, label: 1, bag_size: 152
batch 479, loss: 0.0006, instance_loss: 0.0000, weighted_loss: 0.0004, label: 1, bag_size: 1017
batch 499, loss: 0.0000, instance_loss: 0.0018, weighted_loss: 0.0006, label: 1, bag_size: 571
batch 519, loss: 0.0000, instance_loss: 0.0018, weighted_loss: 0.0005, label: 0, bag_size: 1605
batch 539, loss: 0.0000, instance_loss: 0.0007, weighted_loss: 0.0002, label: 0, bag_size: 691
batch 559, loss: 0.0000, instance_loss: 0.0576, weighted_loss: 0.0173, label: 0, bag_size: 230
batch 579, loss: 0.0001, instance_loss: 0.0003, weighted_loss: 0.0002, label: 0, bag_size: 884
batch 599, loss: 0.0000, instance_loss: 0.1546, weighted_loss: 0.0464, label: 0, bag_size: 164
batch 619, loss: 0.0000, instance_loss: 0.0000, weighted_loss: 0.0000, label: 1, bag_size: 378
batch 639, loss: 0.0000, instance_loss: 2.2470, weighted_loss: 0.6741, label: 0, bag_size: 217


class 0 clustering acc 0.9882827506723012: correct 5145/5206
class 1 clustering acc 0.9771417595082597: correct 5087/5206
Epoch: 40, train_loss: 0.0004, train_clustering_loss:  0.0843, train_error: 0.0000
class 0: acc 1.0, correct 317/317
class 1: acc 1.0, correct 334/334

Val Set, val_loss: 0.1825, val_error: 0.0267, auc: 0.8941
class 0 clustering acc 1.0: correct 1496/1496
class 1 clustering acc 0.9685828877005348: correct 1449/1496
class 0: acc 0.988950276243094, correct 179/181
class 1: acc 0.5, correct 3/6
EarlyStopping counter: 21 out of 20


batch 19, loss: 0.0000, instance_loss: 0.0111, weighted_loss: 0.0033, label: 0, bag_size: 159
batch 39, loss: 0.0000, instance_loss: 0.1321, weighted_loss: 0.0396, label: 0, bag_size: 228
batch 59, loss: 0.0000, instance_loss: 0.0020, weighted_loss: 0.0006, label: 0, bag_size: 213
batch 79, loss: 0.0002, instance_loss: 0.0069, weighted_loss: 0.0022, label: 1, bag_size: 571
batch 99, loss: 0.0000, instance_loss: 0.0002, weighted_loss: 0.0001, label: 0, bag_size: 1186
batch 119, loss: 0.0000, instance_loss: 0.0008, weighted_loss: 0.0002, label: 0, bag_size: 1180
batch 139, loss: 0.0000, instance_loss: 0.0043, weighted_loss: 0.0013, label: 0, bag_size: 673
batch 159, loss: 0.0000, instance_loss: 0.2428, weighted_loss: 0.0729, label: 0, bag_size: 168
batch 179, loss: 0.0021, instance_loss: 0.0772, weighted_loss: 0.0246, label: 1, bag_size: 163
batch 199, loss: 0.0000, instance_loss: 0.0002, weighted_loss: 0.0001, label: 1, bag_size: 319
batch 219, loss: 0.0001, instance_loss: 0.0000, weighted_loss: 0.0000, label: 1, bag_size: 788
batch 239, loss: 0.0000, instance_loss: 0.0000, weighted_loss: 0.0000, label: 1, bag_size: 231
batch 259, loss: 0.0002, instance_loss: 0.0038, weighted_loss: 0.0013, label: 1, bag_size: 226
batch 279, loss: 0.0001, instance_loss: 0.0000, weighted_loss: 0.0001, label: 1, bag_size: 1260
batch 299, loss: 0.0000, instance_loss: 0.0000, weighted_loss: 0.0000, label: 1, bag_size: 1372
batch 319, loss: 0.0000, instance_loss: 0.0922, weighted_loss: 0.0277, label: 0, bag_size: 198
batch 339, loss: 0.0000, instance_loss: 0.4029, weighted_loss: 0.1209, label: 0, bag_size: 60
batch 359, loss: 0.0001, instance_loss: 0.0065, weighted_loss: 0.0020, label: 1, bag_size: 170
batch 379, loss: 0.0000, instance_loss: 0.0000, weighted_loss: 0.0000, label: 1, bag_size: 917
batch 399, loss: 0.0000, instance_loss: 0.0000, weighted_loss: 0.0000, label: 1, bag_size: 231
batch 419, loss: 0.0002, instance_loss: 0.0006, weighted_loss: 0.0003, label: 1, bag_size: 571
batch 439, loss: 0.0024, instance_loss: 0.0000, weighted_loss: 0.0017, label: 0, bag_size: 1042
batch 459, loss: 0.0000, instance_loss: 0.0000, weighted_loss: 0.0000, label: 0, bag_size: 1226
batch 479, loss: 0.0000, instance_loss: 0.0033, weighted_loss: 0.0010, label: 0, bag_size: 8077
batch 499, loss: 0.0000, instance_loss: 0.0000, weighted_loss: 0.0000, label: 1, bag_size: 1044
batch 519, loss: 0.0000, instance_loss: 0.6858, weighted_loss: 0.2057, label: 0, bag_size: 161
batch 539, loss: 0.0000, instance_loss: 0.4257, weighted_loss: 0.1277, label: 0, bag_size: 160
batch 559, loss: 0.0001, instance_loss: 0.0078, weighted_loss: 0.0024, label: 1, bag_size: 646
batch 579, loss: 0.0000, instance_loss: 0.0000, weighted_loss: 0.0000, label: 0, bag_size: 1538
batch 599, loss: 0.0000, instance_loss: 0.0000, weighted_loss: 0.0000, label: 0, bag_size: 1142
batch 619, loss: 0.0000, instance_loss: 0.0000, weighted_loss: 0.0000, label: 1, bag_size: 698
batch 639, loss: 0.0000, instance_loss: 0.0337, weighted_loss: 0.0101, label: 1, bag_size: 212


class 0 clustering acc 0.9927035330261137: correct 5170/5208
class 1 clustering acc 0.9815668202764977: correct 5112/5208
Epoch: 41, train_loss: 0.0003, train_clustering_loss:  0.0646, train_error: 0.0000
class 0: acc 1.0, correct 318/318
class 1: acc 1.0, correct 333/333

Val Set, val_loss: 0.1842, val_error: 0.0267, auc: 0.8867
class 0 clustering acc 1.0: correct 1496/1496
class 1 clustering acc 0.9665775401069518: correct 1446/1496
class 0: acc 0.988950276243094, correct 179/181
class 1: acc 0.5, correct 3/6
EarlyStopping counter: 22 out of 20


batch 19, loss: 0.0000, instance_loss: 0.0016, weighted_loss: 0.0005, label: 1, bag_size: 163
batch 39, loss: 0.0000, instance_loss: 0.0178, weighted_loss: 0.0053, label: 0, bag_size: 187
batch 59, loss: 0.0000, instance_loss: 0.0000, weighted_loss: 0.0000, label: 0, bag_size: 1033
batch 79, loss: 0.0000, instance_loss: 0.0000, weighted_loss: 0.0000, label: 1, bag_size: 1372
batch 99, loss: 0.0000, instance_loss: 0.1478, weighted_loss: 0.0443, label: 0, bag_size: 162
batch 119, loss: 0.0003, instance_loss: 0.0000, weighted_loss: 0.0002, label: 1, bag_size: 698
batch 139, loss: 0.0000, instance_loss: 0.0024, weighted_loss: 0.0007, label: 1, bag_size: 641
batch 159, loss: 0.0000, instance_loss: 0.0007, weighted_loss: 0.0002, label: 0, bag_size: 439
batch 179, loss: 0.0000, instance_loss: 0.0640, weighted_loss: 0.0192, label: 0, bag_size: 293
batch 199, loss: 0.0000, instance_loss: 0.0000, weighted_loss: 0.0000, label: 0, bag_size: 1092
batch 219, loss: 0.0000, instance_loss: 0.0196, weighted_loss: 0.0059, label: 0, bag_size: 439
batch 239, loss: 0.0000, instance_loss: 0.0013, weighted_loss: 0.0004, label: 0, bag_size: 315
batch 259, loss: 0.0000, instance_loss: 0.0054, weighted_loss: 0.0016, label: 0, bag_size: 135
batch 279, loss: 0.0000, instance_loss: 0.0480, weighted_loss: 0.0144, label: 0, bag_size: 416
batch 299, loss: 0.0000, instance_loss: 0.0000, weighted_loss: 0.0000, label: 1, bag_size: 1409
batch 319, loss: 0.0000, instance_loss: 0.0359, weighted_loss: 0.0108, label: 0, bag_size: 235
batch 339, loss: 0.0000, instance_loss: 0.0000, weighted_loss: 0.0000, label: 0, bag_size: 1092
batch 359, loss: 0.0000, instance_loss: 0.0056, weighted_loss: 0.0017, label: 0, bag_size: 1205
batch 379, loss: 0.0000, instance_loss: 0.0025, weighted_loss: 0.0008, label: 1, bag_size: 163
batch 399, loss: 0.0000, instance_loss: 0.0000, weighted_loss: 0.0000, label: 1, bag_size: 1372
batch 419, loss: 0.0000, instance_loss: 0.1601, weighted_loss: 0.0480, label: 0, bag_size: 298
batch 439, loss: 0.0000, instance_loss: 0.0000, weighted_loss: 0.0000, label: 1, bag_size: 102
batch 459, loss: 0.0000, instance_loss: 0.9000, weighted_loss: 0.2700, label: 0, bag_size: 156
batch 479, loss: 0.0000, instance_loss: 0.0850, weighted_loss: 0.0255, label: 0, bag_size: 48
batch 499, loss: 0.0002, instance_loss: 0.0002, weighted_loss: 0.0002, label: 1, bag_size: 646
batch 519, loss: 0.0000, instance_loss: 0.0508, weighted_loss: 0.0152, label: 1, bag_size: 212
batch 539, loss: 0.0000, instance_loss: 0.0022, weighted_loss: 0.0007, label: 0, bag_size: 492
batch 559, loss: 0.0003, instance_loss: 0.0009, weighted_loss: 0.0005, label: 1, bag_size: 646
batch 579, loss: 0.0000, instance_loss: 0.4337, weighted_loss: 0.1301, label: 0, bag_size: 67
batch 599, loss: 0.0000, instance_loss: 0.0000, weighted_loss: 0.0000, label: 1, bag_size: 1297
batch 619, loss: 0.0000, instance_loss: 0.0201, weighted_loss: 0.0060, label: 0, bag_size: 1229
batch 639, loss: 0.0000, instance_loss: 0.0002, weighted_loss: 0.0001, label: 0, bag_size: 673


class 0 clustering acc 0.9919323857087975: correct 5164/5206
class 1 clustering acc 0.9788705339992316: correct 5096/5206
Epoch: 42, train_loss: 0.0005, train_clustering_loss:  0.0796, train_error: 0.0000
class 0: acc 1.0, correct 337/337
class 1: acc 1.0, correct 314/314

Val Set, val_loss: 0.2184, val_error: 0.0267, auc: 0.8646
class 0 clustering acc 1.0: correct 1496/1496
class 1 clustering acc 0.9872994652406417: correct 1477/1496
class 0: acc 0.994475138121547, correct 180/181
class 1: acc 0.3333333333333333, correct 2/6
EarlyStopping counter: 23 out of 20


batch 19, loss: 0.0000, instance_loss: 0.0011, weighted_loss: 0.0003, label: 0, bag_size: 1102
batch 39, loss: 0.0007, instance_loss: 0.5103, weighted_loss: 0.1536, label: 1, bag_size: 121
batch 59, loss: 0.0000, instance_loss: 0.0000, weighted_loss: 0.0000, label: 1, bag_size: 1010
batch 79, loss: 0.0003, instance_loss: 0.0000, weighted_loss: 0.0002, label: 1, bag_size: 1017
batch 99, loss: 0.0000, instance_loss: 0.0125, weighted_loss: 0.0037, label: 0, bag_size: 246
batch 119, loss: 0.0000, instance_loss: 0.2164, weighted_loss: 0.0649, label: 1, bag_size: 212
batch 139, loss: 0.0001, instance_loss: 0.0000, weighted_loss: 0.0001, label: 1, bag_size: 641
batch 159, loss: 0.0000, instance_loss: 0.0000, weighted_loss: 0.0000, label: 1, bag_size: 132
batch 179, loss: 0.0000, instance_loss: 0.0000, weighted_loss: 0.0000, label: 1, bag_size: 1372
batch 199, loss: 0.0000, instance_loss: 0.2984, weighted_loss: 0.0895, label: 0, bag_size: 379
batch 219, loss: 0.0000, instance_loss: 0.6576, weighted_loss: 0.1973, label: 0, bag_size: 166
batch 239, loss: 0.0000, instance_loss: 0.0011, weighted_loss: 0.0003, label: 0, bag_size: 593
batch 259, loss: 0.0000, instance_loss: 0.4154, weighted_loss: 0.1246, label: 0, bag_size: 139
batch 279, loss: 0.0540, instance_loss: 0.0000, weighted_loss: 0.0378, label: 1, bag_size: 926
batch 299, loss: 0.0000, instance_loss: 0.0000, weighted_loss: 0.0000, label: 1, bag_size: 376
batch 319, loss: 0.0006, instance_loss: 0.0000, weighted_loss: 0.0004, label: 1, bag_size: 856
batch 339, loss: 0.0000, instance_loss: 0.0188, weighted_loss: 0.0057, label: 0, bag_size: 484
batch 359, loss: 0.0000, instance_loss: 0.5844, weighted_loss: 0.1753, label: 0, bag_size: 315
batch 379, loss: 0.0005, instance_loss: 0.0065, weighted_loss: 0.0023, label: 1, bag_size: 399
batch 399, loss: 0.0000, instance_loss: 0.0354, weighted_loss: 0.0106, label: 0, bag_size: 119
batch 419, loss: 0.0009, instance_loss: 0.0037, weighted_loss: 0.0018, label: 1, bag_size: 641
batch 439, loss: 0.0000, instance_loss: 0.0025, weighted_loss: 0.0008, label: 0, bag_size: 153
batch 459, loss: 0.0000, instance_loss: 0.0000, weighted_loss: 0.0000, label: 1, bag_size: 1372
batch 479, loss: 0.0000, instance_loss: 0.0000, weighted_loss: 0.0000, label: 0, bag_size: 973
batch 499, loss: 0.0000, instance_loss: 0.0022, weighted_loss: 0.0007, label: 1, bag_size: 226
batch 519, loss: 0.0000, instance_loss: 0.0578, weighted_loss: 0.0174, label: 0, bag_size: 111
batch 539, loss: 0.0000, instance_loss: 0.1119, weighted_loss: 0.0336, label: 0, bag_size: 221
batch 559, loss: 0.0000, instance_loss: 0.1858, weighted_loss: 0.0557, label: 0, bag_size: 168
batch 579, loss: 0.0040, instance_loss: 0.0049, weighted_loss: 0.0043, label: 1, bag_size: 641
batch 599, loss: 0.0002, instance_loss: 0.0748, weighted_loss: 0.0226, label: 0, bag_size: 184
batch 619, loss: 0.0002, instance_loss: 0.0000, weighted_loss: 0.0002, label: 1, bag_size: 1437
batch 639, loss: 0.0000, instance_loss: 0.0107, weighted_loss: 0.0032, label: 0, bag_size: 360


class 0 clustering acc 0.9928928159815598: correct 5169/5206
class 1 clustering acc 0.9836726853630426: correct 5121/5206
Epoch: 43, train_loss: 0.0211, train_clustering_loss:  0.0594, train_error: 0.0031
class 0: acc 0.9970501474926253, correct 338/339
class 1: acc 0.9967948717948718, correct 311/312

Val Set, val_loss: 0.3133, val_error: 0.0374, auc: 0.7716
class 0 clustering acc 1.0: correct 1496/1496
class 1 clustering acc 0.9946524064171123: correct 1488/1496
class 0: acc 0.9834254143646409, correct 178/181
class 1: acc 0.3333333333333333, correct 2/6
EarlyStopping counter: 24 out of 20


batch 19, loss: 0.0000, instance_loss: 0.0002, weighted_loss: 0.0001, label: 0, bag_size: 275
batch 39, loss: 0.0006, instance_loss: 0.0004, weighted_loss: 0.0005, label: 1, bag_size: 163
batch 59, loss: 0.0000, instance_loss: 0.0000, weighted_loss: 0.0000, label: 1, bag_size: 321
batch 79, loss: 0.0000, instance_loss: 0.0008, weighted_loss: 0.0002, label: 0, bag_size: 101
batch 99, loss: 0.0000, instance_loss: 0.0002, weighted_loss: 0.0001, label: 0, bag_size: 820
batch 119, loss: 0.0000, instance_loss: 0.0000, weighted_loss: 0.0000, label: 1, bag_size: 1297
batch 139, loss: 0.0000, instance_loss: 0.0000, weighted_loss: 0.0000, label: 1, bag_size: 170
batch 159, loss: 0.0000, instance_loss: 0.0007, weighted_loss: 0.0002, label: 0, bag_size: 873
batch 179, loss: 0.0036, instance_loss: 0.0000, weighted_loss: 0.0025, label: 1, bag_size: 152
batch 199, loss: 0.0005, instance_loss: 0.0000, weighted_loss: 0.0003, label: 1, bag_size: 816
batch 219, loss: 0.0000, instance_loss: 0.0000, weighted_loss: 0.0000, label: 0, bag_size: 1057
batch 239, loss: 0.0000, instance_loss: 0.0002, weighted_loss: 0.0001, label: 0, bag_size: 571
batch 259, loss: 0.0000, instance_loss: 0.9238, weighted_loss: 0.2772, label: 0, bag_size: 91
batch 279, loss: 0.0000, instance_loss: 0.0907, weighted_loss: 0.0272, label: 1, bag_size: 121
batch 299, loss: 0.0000, instance_loss: 0.1520, weighted_loss: 0.0456, label: 1, bag_size: 121
batch 319, loss: 0.0000, instance_loss: 0.0011, weighted_loss: 0.0003, label: 1, bag_size: 321
batch 339, loss: 0.0000, instance_loss: 0.0000, weighted_loss: 0.0000, label: 1, bag_size: 363
batch 359, loss: 0.0000, instance_loss: 0.0000, weighted_loss: 0.0000, label: 1, bag_size: 345
batch 379, loss: 0.0000, instance_loss: 0.0083, weighted_loss: 0.0025, label: 0, bag_size: 433
batch 399, loss: 0.0000, instance_loss: 0.0000, weighted_loss: 0.0000, label: 0, bag_size: 284
batch 419, loss: 0.0002, instance_loss: 0.0000, weighted_loss: 0.0002, label: 0, bag_size: 890
batch 439, loss: 0.0000, instance_loss: 0.0000, weighted_loss: 0.0000, label: 1, bag_size: 698
batch 459, loss: 0.0000, instance_loss: 0.0006, weighted_loss: 0.0002, label: 0, bag_size: 322
batch 479, loss: 0.0000, instance_loss: 0.0003, weighted_loss: 0.0001, label: 0, bag_size: 873
batch 499, loss: 0.0000, instance_loss: 0.0000, weighted_loss: 0.0000, label: 1, bag_size: 378
batch 519, loss: 0.0001, instance_loss: 0.0000, weighted_loss: 0.0000, label: 1, bag_size: 1374
batch 539, loss: 0.0000, instance_loss: 0.0000, weighted_loss: 0.0000, label: 1, bag_size: 1010
batch 559, loss: 0.0000, instance_loss: 0.0000, weighted_loss: 0.0000, label: 0, bag_size: 900
batch 579, loss: 0.0000, instance_loss: 0.0000, weighted_loss: 0.0000, label: 1, bag_size: 926
batch 599, loss: 0.0002, instance_loss: 0.0000, weighted_loss: 0.0002, label: 1, bag_size: 132
batch 619, loss: 0.0000, instance_loss: 0.0000, weighted_loss: 0.0000, label: 1, bag_size: 1297
batch 639, loss: 0.0000, instance_loss: 0.0000, weighted_loss: 0.0000, label: 1, bag_size: 132


class 0 clustering acc 0.9923165578179024: correct 5166/5206
class 1 clustering acc 0.9867460622358817: correct 5137/5206
Epoch: 44, train_loss: 0.0004, train_clustering_loss:  0.0529, train_error: 0.0000
class 0: acc 1.0, correct 310/310
class 1: acc 1.0, correct 341/341

Val Set, val_loss: 0.3152, val_error: 0.0428, auc: 0.7827
class 0 clustering acc 1.0: correct 1496/1496
class 1 clustering acc 0.9732620320855615: correct 1456/1496
class 0: acc 0.9779005524861878, correct 177/181
class 1: acc 0.3333333333333333, correct 2/6
EarlyStopping counter: 25 out of 20


batch 19, loss: 0.0000, instance_loss: 0.0000, weighted_loss: 0.0000, label: 0, bag_size: 1592
batch 39, loss: 0.0000, instance_loss: 0.0179, weighted_loss: 0.0054, label: 0, bag_size: 232
batch 59, loss: 0.0000, instance_loss: 0.0071, weighted_loss: 0.0021, label: 0, bag_size: 246
batch 79, loss: 0.0001, instance_loss: 0.0000, weighted_loss: 0.0001, label: 1, bag_size: 1374
batch 99, loss: 0.0000, instance_loss: 0.0000, weighted_loss: 0.0000, label: 1, bag_size: 283
batch 119, loss: 0.0002, instance_loss: 0.0018, weighted_loss: 0.0007, label: 0, bag_size: 870
batch 139, loss: 0.0000, instance_loss: 0.0273, weighted_loss: 0.0082, label: 0, bag_size: 111
batch 159, loss: 0.0000, instance_loss: 0.0037, weighted_loss: 0.0011, label: 0, bag_size: 179
batch 179, loss: 0.0000, instance_loss: 0.0000, weighted_loss: 0.0000, label: 1, bag_size: 378
batch 199, loss: 0.0000, instance_loss: 0.0000, weighted_loss: 0.0000, label: 1, bag_size: 132
batch 219, loss: 0.0000, instance_loss: 0.0493, weighted_loss: 0.0148, label: 0, bag_size: 214
batch 239, loss: 0.0000, instance_loss: 0.0066, weighted_loss: 0.0020, label: 0, bag_size: 309
batch 259, loss: 0.0000, instance_loss: 0.3477, weighted_loss: 0.1043, label: 0, bag_size: 239
batch 279, loss: 0.0000, instance_loss: 1.5936, weighted_loss: 0.4781, label: 0, bag_size: 6
batch 299, loss: 0.0051, instance_loss: 0.0000, weighted_loss: 0.0036, label: 1, bag_size: 1374
batch 319, loss: 0.0000, instance_loss: 0.0000, weighted_loss: 0.0000, label: 1, bag_size: 917
batch 339, loss: 0.0000, instance_loss: 0.0037, weighted_loss: 0.0011, label: 0, bag_size: 162
batch 359, loss: 0.0000, instance_loss: 0.0002, weighted_loss: 0.0001, label: 0, bag_size: 1128
batch 379, loss: 0.0000, instance_loss: 0.0000, weighted_loss: 0.0000, label: 1, bag_size: 231
batch 399, loss: 0.0000, instance_loss: 0.0002, weighted_loss: 0.0001, label: 1, bag_size: 321
batch 419, loss: 0.0000, instance_loss: 0.2682, weighted_loss: 0.0805, label: 0, bag_size: 305
batch 439, loss: 0.0001, instance_loss: 0.0000, weighted_loss: 0.0001, label: 1, bag_size: 646
batch 459, loss: 0.0000, instance_loss: 0.0000, weighted_loss: 0.0000, label: 1, bag_size: 926
batch 479, loss: 0.0000, instance_loss: 0.0015, weighted_loss: 0.0005, label: 0, bag_size: 673
batch 499, loss: 0.0000, instance_loss: 0.0000, weighted_loss: 0.0000, label: 1, bag_size: 363
batch 519, loss: 0.0021, instance_loss: 0.0000, weighted_loss: 0.0015, label: 1, bag_size: 399
batch 539, loss: 0.0001, instance_loss: 0.0000, weighted_loss: 0.0000, label: 1, bag_size: 132
batch 559, loss: 0.0000, instance_loss: 0.0002, weighted_loss: 0.0001, label: 1, bag_size: 152
batch 579, loss: 0.0000, instance_loss: 0.0023, weighted_loss: 0.0007, label: 0, bag_size: 297
batch 599, loss: 0.0000, instance_loss: 0.0090, weighted_loss: 0.0027, label: 0, bag_size: 235
batch 619, loss: 0.0000, instance_loss: 0.0047, weighted_loss: 0.0014, label: 0, bag_size: 349
batch 639, loss: 0.0000, instance_loss: 0.0250, weighted_loss: 0.0075, label: 0, bag_size: 169


class 0 clustering acc 0.9948116833205227: correct 5177/5204
class 1 clustering acc 0.9878939277478862: correct 5141/5204
Epoch: 45, train_loss: 0.0002, train_clustering_loss:  0.0482, train_error: 0.0000
class 0: acc 1.0, correct 343/343
class 1: acc 1.0, correct 308/308

Val Set, val_loss: 0.3115, val_error: 0.0428, auc: 0.7891
class 0 clustering acc 1.0: correct 1496/1496
class 1 clustering acc 0.9759358288770054: correct 1460/1496
class 0: acc 0.9779005524861878, correct 177/181
class 1: acc 0.3333333333333333, correct 2/6
EarlyStopping counter: 26 out of 20


batch 19, loss: 0.0000, instance_loss: 0.0000, weighted_loss: 0.0000, label: 1, bag_size: 1437
batch 39, loss: 0.0000, instance_loss: 0.0002, weighted_loss: 0.0001, label: 0, bag_size: 1550
batch 59, loss: 0.0000, instance_loss: 0.0002, weighted_loss: 0.0001, label: 1, bag_size: 152
batch 79, loss: 0.0000, instance_loss: 0.0007, weighted_loss: 0.0002, label: 0, bag_size: 432
batch 99, loss: 0.0002, instance_loss: 0.0347, weighted_loss: 0.0106, label: 1, bag_size: 212
batch 119, loss: 0.0000, instance_loss: 0.0000, weighted_loss: 0.0000, label: 1, bag_size: 170
batch 139, loss: 0.0000, instance_loss: 0.0000, weighted_loss: 0.0000, label: 0, bag_size: 653
batch 159, loss: 0.0000, instance_loss: 0.0000, weighted_loss: 0.0000, label: 1, bag_size: 1372
batch 179, loss: 0.0001, instance_loss: 0.0000, weighted_loss: 0.0001, label: 1, bag_size: 816
batch 199, loss: 0.0000, instance_loss: 0.0004, weighted_loss: 0.0001, label: 0, bag_size: 246
batch 219, loss: 0.0000, instance_loss: 0.0260, weighted_loss: 0.0078, label: 0, bag_size: 288
batch 239, loss: 0.0000, instance_loss: 0.1858, weighted_loss: 0.0557, label: 0, bag_size: 152
batch 259, loss: 0.0000, instance_loss: 0.0000, weighted_loss: 0.0000, label: 1, bag_size: 1297
batch 279, loss: 0.0000, instance_loss: 0.0000, weighted_loss: 0.0000, label: 1, bag_size: 163
batch 299, loss: 0.0001, instance_loss: 0.0000, weighted_loss: 0.0000, label: 1, bag_size: 816
batch 319, loss: 0.0000, instance_loss: 1.0519, weighted_loss: 0.3156, label: 0, bag_size: 86
batch 339, loss: 0.0000, instance_loss: 0.1141, weighted_loss: 0.0342, label: 0, bag_size: 176
batch 359, loss: 0.0000, instance_loss: 0.0000, weighted_loss: 0.0000, label: 1, bag_size: 1010
batch 379, loss: 0.0000, instance_loss: 0.1672, weighted_loss: 0.0501, label: 0, bag_size: 312
batch 399, loss: 0.0000, instance_loss: 0.0000, weighted_loss: 0.0000, label: 1, bag_size: 378
batch 419, loss: 0.0000, instance_loss: 0.0511, weighted_loss: 0.0153, label: 0, bag_size: 417
batch 439, loss: 0.0000, instance_loss: 0.0070, weighted_loss: 0.0021, label: 0, bag_size: 104
batch 459, loss: 0.0001, instance_loss: 0.0177, weighted_loss: 0.0054, label: 1, bag_size: 212
batch 479, loss: 0.0000, instance_loss: 0.0000, weighted_loss: 0.0000, label: 0, bag_size: 8675
batch 499, loss: 0.0004, instance_loss: 0.0000, weighted_loss: 0.0003, label: 0, bag_size: 848
batch 519, loss: 0.0000, instance_loss: 0.6003, weighted_loss: 0.1801, label: 0, bag_size: 309
batch 539, loss: 0.0000, instance_loss: 0.0090, weighted_loss: 0.0027, label: 1, bag_size: 212
batch 559, loss: 0.0000, instance_loss: 0.0012, weighted_loss: 0.0004, label: 0, bag_size: 387
batch 579, loss: 0.0020, instance_loss: 0.0000, weighted_loss: 0.0014, label: 0, bag_size: 1025
batch 599, loss: 0.0000, instance_loss: 0.0143, weighted_loss: 0.0043, label: 0, bag_size: 433
batch 619, loss: 0.0000, instance_loss: 0.0000, weighted_loss: 0.0000, label: 1, bag_size: 698
batch 639, loss: 0.0000, instance_loss: 0.0308, weighted_loss: 0.0092, label: 0, bag_size: 273


class 0 clustering acc 0.9971198156682027: correct 5193/5208
class 1 clustering acc 0.9928955453149002: correct 5171/5208
Epoch: 46, train_loss: 0.0001, train_clustering_loss:  0.0292, train_error: 0.0000
class 0: acc 1.0, correct 336/336
class 1: acc 1.0, correct 315/315

Val Set, val_loss: 0.3065, val_error: 0.0428, auc: 0.8085
class 0 clustering acc 1.0: correct 1496/1496
class 1 clustering acc 0.9418449197860963: correct 1409/1496
class 0: acc 0.9779005524861878, correct 177/181
class 1: acc 0.3333333333333333, correct 2/6
EarlyStopping counter: 27 out of 20


batch 19, loss: 0.0000, instance_loss: 0.0000, weighted_loss: 0.0000, label: 0, bag_size: 1592
batch 39, loss: 0.0000, instance_loss: 0.0000, weighted_loss: 0.0000, label: 0, bag_size: 1007
batch 59, loss: 0.0001, instance_loss: 0.0000, weighted_loss: 0.0001, label: 1, bag_size: 1374
batch 79, loss: 0.0000, instance_loss: 0.0000, weighted_loss: 0.0000, label: 1, bag_size: 152
batch 99, loss: 0.0000, instance_loss: 0.0024, weighted_loss: 0.0007, label: 1, bag_size: 212
batch 119, loss: 0.0000, instance_loss: 0.0186, weighted_loss: 0.0056, label: 0, bag_size: 48
batch 139, loss: 0.0000, instance_loss: 0.0009, weighted_loss: 0.0003, label: 1, bag_size: 319
batch 159, loss: 0.0000, instance_loss: 0.0000, weighted_loss: 0.0000, label: 1, bag_size: 1400
batch 179, loss: 0.0000, instance_loss: 0.1401, weighted_loss: 0.0420, label: 0, bag_size: 178
batch 199, loss: 0.0000, instance_loss: 0.0167, weighted_loss: 0.0050, label: 0, bag_size: 72
batch 219, loss: 0.0000, instance_loss: 0.0044, weighted_loss: 0.0013, label: 0, bag_size: 104
batch 239, loss: 0.0000, instance_loss: 0.0000, weighted_loss: 0.0000, label: 1, bag_size: 1374
batch 259, loss: 0.0001, instance_loss: 0.0000, weighted_loss: 0.0001, label: 1, bag_size: 1400
batch 279, loss: 0.0009, instance_loss: 0.0069, weighted_loss: 0.0027, label: 0, bag_size: 119
batch 299, loss: 0.0000, instance_loss: 0.0619, weighted_loss: 0.0186, label: 0, bag_size: 208
batch 319, loss: 0.0000, instance_loss: 0.0004, weighted_loss: 0.0001, label: 1, bag_size: 571
batch 339, loss: 0.0000, instance_loss: 0.0002, weighted_loss: 0.0001, label: 0, bag_size: 250
batch 359, loss: 0.0000, instance_loss: 0.0000, weighted_loss: 0.0000, label: 1, bag_size: 1297
batch 379, loss: 0.0000, instance_loss: 0.0010, weighted_loss: 0.0003, label: 0, bag_size: 894
batch 399, loss: 0.0000, instance_loss: 0.7772, weighted_loss: 0.2332, label: 1, bag_size: 121
batch 419, loss: 0.0000, instance_loss: 0.0000, weighted_loss: 0.0000, label: 1, bag_size: 102
batch 439, loss: 0.0000, instance_loss: 0.0000, weighted_loss: 0.0000, label: 0, bag_size: 1375
batch 459, loss: 0.0000, instance_loss: 0.0051, weighted_loss: 0.0015, label: 0, bag_size: 393
batch 479, loss: 0.0000, instance_loss: 0.0000, weighted_loss: 0.0000, label: 0, bag_size: 952
batch 499, loss: 0.0000, instance_loss: 0.3898, weighted_loss: 0.1169, label: 1, bag_size: 121
batch 519, loss: 0.0000, instance_loss: 0.0251, weighted_loss: 0.0075, label: 0, bag_size: 178
batch 539, loss: 0.0000, instance_loss: 0.0015, weighted_loss: 0.0004, label: 0, bag_size: 580
batch 559, loss: 0.0000, instance_loss: 0.2012, weighted_loss: 0.0604, label: 0, bag_size: 157
batch 579, loss: 0.0000, instance_loss: 0.0000, weighted_loss: 0.0000, label: 1, bag_size: 102
batch 599, loss: 0.0000, instance_loss: 0.4589, weighted_loss: 0.1377, label: 0, bag_size: 74
batch 619, loss: 0.0005, instance_loss: 0.0007, weighted_loss: 0.0005, label: 1, bag_size: 170
batch 639, loss: 0.0000, instance_loss: 0.0003, weighted_loss: 0.0001, label: 0, bag_size: 926


class 0 clustering acc 0.9963517665130568: correct 5189/5208
class 1 clustering acc 0.9905913978494624: correct 5159/5208
Epoch: 47, train_loss: 0.0001, train_clustering_loss:  0.0358, train_error: 0.0000
class 0: acc 1.0, correct 326/326
class 1: acc 1.0, correct 325/325

Val Set, val_loss: 0.3122, val_error: 0.0428, auc: 0.8057
class 0 clustering acc 1.0: correct 1496/1496
class 1 clustering acc 0.9177807486631016: correct 1373/1496
class 0: acc 0.9779005524861878, correct 177/181
class 1: acc 0.3333333333333333, correct 2/6
EarlyStopping counter: 28 out of 20


batch 19, loss: 0.0000, instance_loss: 0.0100, weighted_loss: 0.0030, label: 0, bag_size: 582
batch 39, loss: 0.0000, instance_loss: 0.0075, weighted_loss: 0.0023, label: 0, bag_size: 128
batch 59, loss: 0.0000, instance_loss: 0.0000, weighted_loss: 0.0000, label: 0, bag_size: 1111
batch 79, loss: 0.0001, instance_loss: 0.0004, weighted_loss: 0.0002, label: 1, bag_size: 641
batch 99, loss: 0.0000, instance_loss: 0.0618, weighted_loss: 0.0186, label: 1, bag_size: 121
batch 119, loss: 0.0000, instance_loss: 0.0011, weighted_loss: 0.0003, label: 0, bag_size: 251
batch 139, loss: 0.0000, instance_loss: 0.3921, weighted_loss: 0.1176, label: 0, bag_size: 242
batch 159, loss: 0.0000, instance_loss: 0.0026, weighted_loss: 0.0008, label: 0, bag_size: 115
batch 179, loss: 0.0000, instance_loss: 0.0000, weighted_loss: 0.0000, label: 1, bag_size: 376
batch 199, loss: 0.0000, instance_loss: 0.0000, weighted_loss: 0.0000, label: 0, bag_size: 1064
batch 219, loss: 0.0000, instance_loss: 0.0224, weighted_loss: 0.0067, label: 0, bag_size: 275
batch 239, loss: 0.0000, instance_loss: 0.0000, weighted_loss: 0.0000, label: 1, bag_size: 363
batch 259, loss: 0.0000, instance_loss: 0.0006, weighted_loss: 0.0002, label: 1, bag_size: 170
batch 279, loss: 0.0002, instance_loss: 0.0000, weighted_loss: 0.0001, label: 0, bag_size: 1269
batch 299, loss: 0.0000, instance_loss: 0.0000, weighted_loss: 0.0000, label: 1, bag_size: 363
batch 319, loss: 0.0000, instance_loss: 0.0000, weighted_loss: 0.0000, label: 0, bag_size: 1227
batch 339, loss: 0.0000, instance_loss: 0.0339, weighted_loss: 0.0102, label: 0, bag_size: 322
batch 359, loss: 0.0001, instance_loss: 0.0000, weighted_loss: 0.0001, label: 1, bag_size: 189
batch 379, loss: 0.0000, instance_loss: 0.2100, weighted_loss: 0.0630, label: 0, bag_size: 115
batch 399, loss: 0.0001, instance_loss: 0.0000, weighted_loss: 0.0000, label: 1, bag_size: 1260
batch 419, loss: 0.0000, instance_loss: 0.0000, weighted_loss: 0.0000, label: 1, bag_size: 1372
batch 439, loss: 0.0000, instance_loss: 0.0000, weighted_loss: 0.0000, label: 1, bag_size: 321
batch 459, loss: 0.0000, instance_loss: 0.0000, weighted_loss: 0.0000, label: 1, bag_size: 231
batch 479, loss: 0.0001, instance_loss: 0.0002, weighted_loss: 0.0001, label: 1, bag_size: 321
batch 499, loss: 0.0000, instance_loss: 0.0000, weighted_loss: 0.0000, label: 1, bag_size: 1297
batch 519, loss: 0.0000, instance_loss: 0.0000, weighted_loss: 0.0000, label: 0, bag_size: 950
batch 539, loss: 0.0000, instance_loss: 0.0000, weighted_loss: 0.0000, label: 1, bag_size: 226
batch 559, loss: 0.0000, instance_loss: 0.0000, weighted_loss: 0.0000, label: 1, bag_size: 231
batch 579, loss: 0.0000, instance_loss: 0.0108, weighted_loss: 0.0033, label: 0, bag_size: 439
batch 599, loss: 0.0000, instance_loss: 0.0000, weighted_loss: 0.0000, label: 1, bag_size: 283
batch 619, loss: 0.0000, instance_loss: 0.0000, weighted_loss: 0.0000, label: 1, bag_size: 1359
batch 639, loss: 0.0000, instance_loss: 0.0040, weighted_loss: 0.0012, label: 0, bag_size: 509


class 0 clustering acc 0.9967357910906298: correct 5191/5208
class 1 clustering acc 0.9917434715821812: correct 5165/5208
Epoch: 48, train_loss: 0.0000, train_clustering_loss:  0.0289, train_error: 0.0000
class 0: acc 1.0, correct 337/337
class 1: acc 1.0, correct 314/314

Val Set, val_loss: 0.3075, val_error: 0.0428, auc: 0.7983
class 0 clustering acc 1.0: correct 1496/1496
class 1 clustering acc 0.9786096256684492: correct 1464/1496
class 0: acc 0.9779005524861878, correct 177/181
class 1: acc 0.3333333333333333, correct 2/6
EarlyStopping counter: 29 out of 20


batch 19, loss: 0.0000, instance_loss: 0.0007, weighted_loss: 0.0002, label: 1, bag_size: 231
batch 39, loss: 0.0000, instance_loss: 0.0085, weighted_loss: 0.0025, label: 0, bag_size: 162
batch 59, loss: 0.0000, instance_loss: 0.0000, weighted_loss: 0.0000, label: 0, bag_size: 1588
batch 79, loss: 0.0000, instance_loss: 0.0000, weighted_loss: 0.0000, label: 1, bag_size: 1409
batch 99, loss: 0.0017, instance_loss: 0.0035, weighted_loss: 0.0022, label: 0, bag_size: 100
batch 119, loss: 0.0000, instance_loss: 0.0000, weighted_loss: 0.0000, label: 1, bag_size: 571
batch 139, loss: 0.0000, instance_loss: 0.0000, weighted_loss: 0.0000, label: 1, bag_size: 926
batch 159, loss: 0.0000, instance_loss: 0.0000, weighted_loss: 0.0000, label: 1, bag_size: 856
batch 179, loss: 0.0000, instance_loss: 0.0000, weighted_loss: 0.0000, label: 1, bag_size: 917
batch 199, loss: 0.0000, instance_loss: 0.0002, weighted_loss: 0.0001, label: 1, bag_size: 121
batch 219, loss: 0.0000, instance_loss: 0.0432, weighted_loss: 0.0130, label: 0, bag_size: 229
batch 239, loss: 0.0000, instance_loss: 0.0144, weighted_loss: 0.0043, label: 1, bag_size: 163
batch 259, loss: 0.0000, instance_loss: 0.1488, weighted_loss: 0.0446, label: 1, bag_size: 212
batch 279, loss: 0.0000, instance_loss: 0.0000, weighted_loss: 0.0000, label: 0, bag_size: 884
batch 299, loss: 0.0000, instance_loss: 0.0337, weighted_loss: 0.0101, label: 0, bag_size: 215
batch 319, loss: 0.0000, instance_loss: 0.0501, weighted_loss: 0.0150, label: 0, bag_size: 263
batch 339, loss: 0.0000, instance_loss: 0.0000, weighted_loss: 0.0000, label: 1, bag_size: 788
batch 359, loss: 0.0000, instance_loss: 0.0000, weighted_loss: 0.0000, label: 0, bag_size: 1047
batch 379, loss: 0.0000, instance_loss: 0.0254, weighted_loss: 0.0076, label: 0, bag_size: 290
batch 399, loss: 0.0031, instance_loss: 0.0218, weighted_loss: 0.0087, label: 0, bag_size: 253
batch 419, loss: 0.0273, instance_loss: 0.0000, weighted_loss: 0.0191, label: 1, bag_size: 378
batch 439, loss: 0.0005, instance_loss: 0.0000, weighted_loss: 0.0003, label: 1, bag_size: 856
batch 459, loss: 0.0000, instance_loss: 0.0000, weighted_loss: 0.0000, label: 1, bag_size: 656
batch 479, loss: 0.0000, instance_loss: 0.0051, weighted_loss: 0.0015, label: 0, bag_size: 422
batch 499, loss: 0.0000, instance_loss: 2.5441, weighted_loss: 0.7632, label: 0, bag_size: 178
batch 519, loss: 0.0000, instance_loss: 0.0000, weighted_loss: 0.0000, label: 1, bag_size: 1374
batch 539, loss: 0.0000, instance_loss: 0.0002, weighted_loss: 0.0001, label: 1, bag_size: 656
batch 559, loss: 0.0001, instance_loss: 0.0000, weighted_loss: 0.0001, label: 1, bag_size: 345
batch 579, loss: 0.0000, instance_loss: 0.0000, weighted_loss: 0.0000, label: 1, bag_size: 231
batch 599, loss: 0.0000, instance_loss: 0.0322, weighted_loss: 0.0097, label: 0, bag_size: 595
batch 619, loss: 0.0002, instance_loss: 0.0002, weighted_loss: 0.0002, label: 1, bag_size: 698
batch 639, loss: 0.0000, instance_loss: 0.0000, weighted_loss: 0.0000, label: 1, bag_size: 1044


class 0 clustering acc 0.9927007299270073: correct 5168/5206
class 1 clustering acc 0.9854014598540146: correct 5130/5206
Epoch: 49, train_loss: 0.0432, train_clustering_loss:  0.0592, train_error: 0.0123
class 0: acc 0.9845679012345679, correct 319/324
class 1: acc 0.9908256880733946, correct 324/327

Val Set, val_loss: 0.3024, val_error: 0.0481, auc: 0.8324
class 0 clustering acc 0.9993315508021391: correct 1495/1496
class 1 clustering acc 0.9672459893048129: correct 1447/1496
class 0: acc 0.9723756906077348, correct 176/181
class 1: acc 0.3333333333333333, correct 2/6
EarlyStopping counter: 30 out of 20


batch 19, loss: 0.0000, instance_loss: 0.0069, weighted_loss: 0.0021, label: 0, bag_size: 314
batch 39, loss: 0.0003, instance_loss: 0.0489, weighted_loss: 0.0149, label: 1, bag_size: 646
batch 59, loss: 0.0000, instance_loss: 0.0764, weighted_loss: 0.0229, label: 0, bag_size: 269
batch 79, loss: 0.0088, instance_loss: 0.0000, weighted_loss: 0.0062, label: 1, bag_size: 1260
batch 99, loss: 0.0003, instance_loss: 0.0002, weighted_loss: 0.0003, label: 1, bag_size: 319
batch 119, loss: 0.0000, instance_loss: 0.0000, weighted_loss: 0.0000, label: 1, bag_size: 1374
batch 139, loss: 0.0000, instance_loss: 0.0000, weighted_loss: 0.0000, label: 0, bag_size: 1095
batch 159, loss: 0.0000, instance_loss: 0.0007, weighted_loss: 0.0002, label: 1, bag_size: 363
batch 179, loss: 0.0000, instance_loss: 0.0012, weighted_loss: 0.0004, label: 0, bag_size: 226
batch 199, loss: 0.0001, instance_loss: 0.0289, weighted_loss: 0.0087, label: 0, bag_size: 595
batch 219, loss: 0.0000, instance_loss: 0.0193, weighted_loss: 0.0058, label: 0, bag_size: 308
batch 239, loss: 0.0000, instance_loss: 0.0000, weighted_loss: 0.0000, label: 1, bag_size: 345
batch 259, loss: 0.0000, instance_loss: 0.3309, weighted_loss: 0.0993, label: 0, bag_size: 224
batch 279, loss: 0.0000, instance_loss: 0.0000, weighted_loss: 0.0000, label: 1, bag_size: 1297
batch 299, loss: 0.0000, instance_loss: 0.0000, weighted_loss: 0.0000, label: 1, bag_size: 170
batch 319, loss: 0.0001, instance_loss: 0.0050, weighted_loss: 0.0016, label: 0, bag_size: 153
batch 339, loss: 0.0000, instance_loss: 0.0814, weighted_loss: 0.0244, label: 0, bag_size: 221
batch 359, loss: 0.0000, instance_loss: 0.1428, weighted_loss: 0.0428, label: 0, bag_size: 145
batch 379, loss: 0.0025, instance_loss: 0.0000, weighted_loss: 0.0017, label: 1, bag_size: 1044
batch 399, loss: 0.0000, instance_loss: 0.0006, weighted_loss: 0.0002, label: 0, bag_size: 377
batch 419, loss: 0.0316, instance_loss: 0.0012, weighted_loss: 0.0225, label: 1, bag_size: 571
batch 439, loss: 0.0000, instance_loss: 0.0291, weighted_loss: 0.0087, label: 0, bag_size: 288
batch 459, loss: 0.0000, instance_loss: 0.0024, weighted_loss: 0.0007, label: 1, bag_size: 656
batch 479, loss: 0.0000, instance_loss: 0.0000, weighted_loss: 0.0000, label: 1, bag_size: 170
batch 499, loss: 0.0010, instance_loss: 0.0818, weighted_loss: 0.0252, label: 1, bag_size: 280
batch 519, loss: 0.0001, instance_loss: 0.0075, weighted_loss: 0.0023, label: 1, bag_size: 212
batch 539, loss: 0.0000, instance_loss: 0.1975, weighted_loss: 0.0592, label: 0, bag_size: 159
batch 559, loss: 0.0000, instance_loss: 0.1638, weighted_loss: 0.0492, label: 0, bag_size: 206
batch 579, loss: 0.0000, instance_loss: 0.0006, weighted_loss: 0.0002, label: 1, bag_size: 641
batch 599, loss: 0.0000, instance_loss: 0.0007, weighted_loss: 0.0002, label: 0, bag_size: 60
batch 619, loss: 0.0000, instance_loss: 0.0000, weighted_loss: 0.0000, label: 1, bag_size: 856
batch 639, loss: 0.0000, instance_loss: 0.0007, weighted_loss: 0.0002, label: 1, bag_size: 226


class 0 clustering acc 0.9896313364055299: correct 5154/5208
class 1 clustering acc 0.9790706605222734: correct 5099/5208
Epoch: 50, train_loss: 0.0161, train_clustering_loss:  0.0808, train_error: 0.0031
class 0: acc 0.9969230769230769, correct 324/325
class 1: acc 0.9969325153374233, correct 325/326

Val Set, val_loss: 0.2981, val_error: 0.0535, auc: 0.8158
class 0 clustering acc 1.0: correct 1496/1496
class 1 clustering acc 0.9605614973262032: correct 1437/1496
class 0: acc 0.9668508287292817, correct 175/181
class 1: acc 0.3333333333333333, correct 2/6
EarlyStopping counter: 31 out of 20


batch 19, loss: 0.0000, instance_loss: 0.0700, weighted_loss: 0.0210, label: 0, bag_size: 374
batch 39, loss: 0.0000, instance_loss: 0.0000, weighted_loss: 0.0000, label: 1, bag_size: 321
batch 59, loss: 0.0000, instance_loss: 0.0000, weighted_loss: 0.0000, label: 1, bag_size: 856
batch 79, loss: 0.0002, instance_loss: 0.0000, weighted_loss: 0.0001, label: 1, bag_size: 283
batch 99, loss: 0.0000, instance_loss: 0.0000, weighted_loss: 0.0000, label: 0, bag_size: 904
batch 119, loss: 0.0001, instance_loss: 0.0620, weighted_loss: 0.0187, label: 0, bag_size: 65
batch 139, loss: 0.0000, instance_loss: 0.0037, weighted_loss: 0.0011, label: 0, bag_size: 655
batch 159, loss: 0.0000, instance_loss: 0.0000, weighted_loss: 0.0000, label: 1, bag_size: 280
batch 179, loss: 0.0000, instance_loss: 0.0050, weighted_loss: 0.0015, label: 1, bag_size: 698
batch 199, loss: 0.0000, instance_loss: 0.1162, weighted_loss: 0.0349, label: 0, bag_size: 416
batch 219, loss: 0.0000, instance_loss: 0.0173, weighted_loss: 0.0052, label: 0, bag_size: 870
batch 239, loss: 0.0000, instance_loss: 0.0917, weighted_loss: 0.0275, label: 0, bag_size: 112
batch 259, loss: 0.0000, instance_loss: 0.0126, weighted_loss: 0.0038, label: 0, bag_size: 439
batch 279, loss: 0.0000, instance_loss: 0.0015, weighted_loss: 0.0005, label: 0, bag_size: 269
batch 299, loss: 0.0000, instance_loss: 0.0322, weighted_loss: 0.0097, label: 0, bag_size: 249
batch 319, loss: 0.0000, instance_loss: 0.0000, weighted_loss: 0.0000, label: 1, bag_size: 121
batch 339, loss: 0.0003, instance_loss: 0.0000, weighted_loss: 0.0002, label: 1, bag_size: 319
batch 359, loss: 0.0001, instance_loss: 0.0044, weighted_loss: 0.0014, label: 0, bag_size: 187
batch 379, loss: 0.0000, instance_loss: 0.0628, weighted_loss: 0.0188, label: 0, bag_size: 247
batch 399, loss: 0.0001, instance_loss: 0.0000, weighted_loss: 0.0001, label: 1, bag_size: 1400
batch 419, loss: 0.0000, instance_loss: 0.1306, weighted_loss: 0.0392, label: 1, bag_size: 212
batch 439, loss: 0.0000, instance_loss: 0.0247, weighted_loss: 0.0074, label: 0, bag_size: 452
batch 459, loss: 0.0000, instance_loss: 0.0653, weighted_loss: 0.0196, label: 0, bag_size: 306
batch 479, loss: 0.0000, instance_loss: 0.0499, weighted_loss: 0.0150, label: 0, bag_size: 595
batch 499, loss: 0.0283, instance_loss: 0.0093, weighted_loss: 0.0226, label: 0, bag_size: 395
batch 519, loss: 0.0000, instance_loss: 0.0013, weighted_loss: 0.0004, label: 0, bag_size: 288
batch 539, loss: 0.0000, instance_loss: 0.0043, weighted_loss: 0.0013, label: 1, bag_size: 189
batch 559, loss: 0.0000, instance_loss: 0.0006, weighted_loss: 0.0002, label: 0, bag_size: 320
batch 579, loss: 0.0000, instance_loss: 0.0587, weighted_loss: 0.0176, label: 1, bag_size: 212
batch 599, loss: 0.0000, instance_loss: 0.0004, weighted_loss: 0.0001, label: 0, bag_size: 745
batch 619, loss: 0.0000, instance_loss: 0.0280, weighted_loss: 0.0084, label: 0, bag_size: 168
batch 639, loss: 0.0004, instance_loss: 0.0026, weighted_loss: 0.0011, label: 0, bag_size: 116


class 0 clustering acc 0.9927035330261137: correct 5170/5208
class 1 clustering acc 0.9831029185867896: correct 5120/5208
Epoch: 51, train_loss: 0.0004, train_clustering_loss:  0.0607, train_error: 0.0000
class 0: acc 1.0, correct 338/338
class 1: acc 1.0, correct 313/313

Val Set, val_loss: 0.2928, val_error: 0.0481, auc: 0.7993
class 0 clustering acc 1.0: correct 1496/1496
class 1 clustering acc 0.9592245989304813: correct 1435/1496
class 0: acc 0.9723756906077348, correct 176/181
class 1: acc 0.3333333333333333, correct 2/6
EarlyStopping counter: 32 out of 20
Early stopping
Val error: 0.0374, ROC AUC: 0.8886
Test error: 0.0998, ROC AUC: 0.6624
class 0: acc 0.9458128078817734, correct 384/406
class 1: acc 0.16, correct 4/25

Training Fold 2!

Init train/val/test splits... 
Done!
Training on 699 samples
Validating on 143 samples
Testing on 427 samples

Init loss function... Done!

Init Model... Setting tau to 1.0
Done!
CLAM_SB(
  (attention_net): Sequential(
    (0): Linear(in_features=1536, out_features=512, bias=True)
    (1): ReLU()
    (2): Dropout(p=0.25, inplace=False)
    (3): Attn_Net_Gated(
      (attention_a): Sequential(
        (0): Linear(in_features=512, out_features=256, bias=True)
        (1): Tanh()
        (2): Dropout(p=0.25, inplace=False)
      )
      (attention_b): Sequential(
        (0): Linear(in_features=512, out_features=256, bias=True)
        (1): Sigmoid()
        (2): Dropout(p=0.25, inplace=False)
      )
      (attention_c): Linear(in_features=256, out_features=1, bias=True)
    )
  )
  (classifiers): Linear(in_features=512, out_features=2, bias=True)
  (instance_classifiers): ModuleList(
    (0-1): 2 x Linear(in_features=512, out_features=2, bias=True)
  )
  (instance_loss_fn): SmoothTop1SVM()
)
Total number of parameters: 1052935
Total number of trainable parameters: 1052935

Init optimizer ... Done!

Init Loaders... Done!

Setup EarlyStopping... Done!


batch 19, loss: 0.9785, instance_loss: 1.0528, weighted_loss: 1.0008, label: 0, bag_size: 127
batch 39, loss: 0.2980, instance_loss: 0.7441, weighted_loss: 0.4318, label: 0, bag_size: 305
batch 59, loss: 0.5398, instance_loss: 3.0300, weighted_loss: 1.2869, label: 1, bag_size: 917
batch 79, loss: 0.3782, instance_loss: 1.2914, weighted_loss: 0.6522, label: 0, bag_size: 406
batch 99, loss: 0.5919, instance_loss: 1.0115, weighted_loss: 0.7178, label: 0, bag_size: 276
batch 119, loss: 0.1941, instance_loss: 1.5169, weighted_loss: 0.5909, label: 0, bag_size: 775
batch 139, loss: 0.5844, instance_loss: 1.2703, weighted_loss: 0.7902, label: 1, bag_size: 1044
batch 159, loss: 0.5593, instance_loss: 1.2745, weighted_loss: 0.7739, label: 1, bag_size: 167
batch 179, loss: 0.2956, instance_loss: 1.2192, weighted_loss: 0.5727, label: 1, bag_size: 283
batch 199, loss: 0.3834, instance_loss: 1.0250, weighted_loss: 0.5759, label: 0, bag_size: 921
batch 219, loss: 0.4752, instance_loss: 1.2355, weighted_loss: 0.7033, label: 0, bag_size: 129
batch 239, loss: 0.7635, instance_loss: 1.6359, weighted_loss: 1.0253, label: 0, bag_size: 926
batch 259, loss: 0.6856, instance_loss: 1.6362, weighted_loss: 0.9708, label: 1, bag_size: 788
batch 279, loss: 0.3671, instance_loss: 1.3868, weighted_loss: 0.6730, label: 1, bag_size: 1374
batch 299, loss: 0.5916, instance_loss: 0.7185, weighted_loss: 0.6296, label: 0, bag_size: 174
batch 319, loss: 0.4613, instance_loss: 0.6119, weighted_loss: 0.5065, label: 0, bag_size: 216
batch 339, loss: 0.2114, instance_loss: 0.6664, weighted_loss: 0.3479, label: 0, bag_size: 157
batch 359, loss: 0.1884, instance_loss: 1.1257, weighted_loss: 0.4696, label: 1, bag_size: 167
batch 379, loss: 0.6808, instance_loss: 0.3896, weighted_loss: 0.5934, label: 0, bag_size: 603
batch 399, loss: 0.1885, instance_loss: 0.4351, weighted_loss: 0.2624, label: 1, bag_size: 1016
batch 419, loss: 0.1590, instance_loss: 0.1315, weighted_loss: 0.1508, label: 1, bag_size: 919
batch 439, loss: 0.1594, instance_loss: 0.2568, weighted_loss: 0.1887, label: 0, bag_size: 104
batch 459, loss: 0.4193, instance_loss: 0.0928, weighted_loss: 0.3214, label: 1, bag_size: 917
batch 479, loss: 1.0089, instance_loss: 0.3209, weighted_loss: 0.8025, label: 0, bag_size: 150
batch 499, loss: 0.5534, instance_loss: 0.1269, weighted_loss: 0.4255, label: 1, bag_size: 1074
batch 519, loss: 0.4557, instance_loss: 0.0555, weighted_loss: 0.3356, label: 1, bag_size: 1017
batch 539, loss: 0.8617, instance_loss: 0.4179, weighted_loss: 0.7286, label: 0, bag_size: 160
batch 559, loss: 0.4698, instance_loss: 0.0513, weighted_loss: 0.3442, label: 1, bag_size: 1374
batch 579, loss: 0.4993, instance_loss: 0.4459, weighted_loss: 0.4833, label: 1, bag_size: 283
batch 599, loss: 0.8946, instance_loss: 0.1304, weighted_loss: 0.6654, label: 1, bag_size: 698
batch 619, loss: 0.3641, instance_loss: 0.3129, weighted_loss: 0.3488, label: 1, bag_size: 283
batch 639, loss: 0.6870, instance_loss: 0.0813, weighted_loss: 0.5053, label: 1, bag_size: 178
batch 659, loss: 0.3021, instance_loss: 0.0535, weighted_loss: 0.2275, label: 1, bag_size: 1297
batch 679, loss: 0.4707, instance_loss: 0.0644, weighted_loss: 0.3488, label: 1, bag_size: 178


class 0 clustering acc 0.8626609442060086: correct 4824/5592
class 1 clustering acc 0.7328326180257511: correct 4098/5592
Epoch: 0, train_loss: 0.6374, train_clustering_loss:  0.7316, train_error: 0.3577
class 0: acc 0.6502890173410405, correct 225/346
class 1: acc 0.6345609065155807, correct 224/353

Val Set, val_loss: 0.3066, val_error: 0.0629, auc: 0.6825
class 0 clustering acc 0.9938811188811189: correct 1137/1144
class 1 clustering acc 0.9064685314685315: correct 1037/1144
class 0: acc 0.9635036496350365, correct 132/137
class 1: acc 0.3333333333333333, correct 2/6
Validation loss decreased (inf --> 0.306581).  Saving model ...


batch 19, loss: 0.4781, instance_loss: 0.0805, weighted_loss: 0.3588, label: 0, bag_size: 154
batch 39, loss: 0.3203, instance_loss: 0.5387, weighted_loss: 0.3858, label: 1, bag_size: 50
batch 59, loss: 0.0354, instance_loss: 0.0485, weighted_loss: 0.0393, label: 0, bag_size: 157
batch 79, loss: 0.0634, instance_loss: 0.0083, weighted_loss: 0.0469, label: 1, bag_size: 943
batch 99, loss: 0.2760, instance_loss: 0.0183, weighted_loss: 0.1987, label: 0, bag_size: 826
batch 119, loss: 0.2110, instance_loss: 0.0203, weighted_loss: 0.1537, label: 1, bag_size: 845
batch 139, loss: 0.5013, instance_loss: 0.0210, weighted_loss: 0.3572, label: 0, bag_size: 273
batch 159, loss: 0.0201, instance_loss: 0.3481, weighted_loss: 0.1185, label: 0, bag_size: 177
batch 179, loss: 0.0953, instance_loss: 0.0375, weighted_loss: 0.0779, label: 0, bag_size: 108
batch 199, loss: 1.3220, instance_loss: 0.0452, weighted_loss: 0.9389, label: 1, bag_size: 571
batch 219, loss: 0.2144, instance_loss: 0.0204, weighted_loss: 0.1562, label: 0, bag_size: 267
batch 239, loss: 0.6921, instance_loss: 0.1192, weighted_loss: 0.5203, label: 0, bag_size: 291
batch 259, loss: 0.2271, instance_loss: 0.0142, weighted_loss: 0.1633, label: 0, bag_size: 564
batch 279, loss: 0.1215, instance_loss: 0.0092, weighted_loss: 0.0878, label: 0, bag_size: 288
batch 299, loss: 0.3255, instance_loss: 0.0498, weighted_loss: 0.2428, label: 1, bag_size: 1016
batch 319, loss: 0.1829, instance_loss: 0.0072, weighted_loss: 0.1302, label: 0, bag_size: 221
batch 339, loss: 0.1860, instance_loss: 0.4864, weighted_loss: 0.2762, label: 1, bag_size: 50
batch 359, loss: 0.3032, instance_loss: 0.0069, weighted_loss: 0.2143, label: 0, bag_size: 995
batch 379, loss: 0.2556, instance_loss: 0.0085, weighted_loss: 0.1815, label: 0, bag_size: 1517
batch 399, loss: 1.7033, instance_loss: 0.0584, weighted_loss: 1.2098, label: 0, bag_size: 260
batch 419, loss: 0.0407, instance_loss: 0.1344, weighted_loss: 0.0688, label: 1, bag_size: 943
batch 439, loss: 1.1089, instance_loss: 0.4857, weighted_loss: 0.9220, label: 0, bag_size: 1195
batch 459, loss: 1.2180, instance_loss: 0.1807, weighted_loss: 0.9068, label: 0, bag_size: 904
batch 479, loss: 0.2088, instance_loss: 0.0280, weighted_loss: 0.1546, label: 0, bag_size: 890
batch 499, loss: 0.0112, instance_loss: 0.0096, weighted_loss: 0.0107, label: 1, bag_size: 917
batch 519, loss: 0.1818, instance_loss: 0.0208, weighted_loss: 0.1335, label: 0, bag_size: 154
batch 539, loss: 0.5425, instance_loss: 0.0083, weighted_loss: 0.3823, label: 1, bag_size: 856
batch 559, loss: 0.0825, instance_loss: 0.2182, weighted_loss: 0.1232, label: 0, bag_size: 164
batch 579, loss: 0.3925, instance_loss: 0.0150, weighted_loss: 0.2793, label: 1, bag_size: 189
batch 599, loss: 0.0984, instance_loss: 0.0310, weighted_loss: 0.0782, label: 1, bag_size: 912
batch 619, loss: 0.0245, instance_loss: 0.0058, weighted_loss: 0.0189, label: 0, bag_size: 552
batch 639, loss: 0.1645, instance_loss: 0.0079, weighted_loss: 0.1175, label: 1, bag_size: 189
batch 659, loss: 0.0116, instance_loss: 0.0164, weighted_loss: 0.0130, label: 0, bag_size: 600
batch 679, loss: 0.1614, instance_loss: 0.0081, weighted_loss: 0.1154, label: 1, bag_size: 571


class 0 clustering acc 0.9946351931330472: correct 5562/5592
class 1 clustering acc 0.994098712446352: correct 5559/5592
Epoch: 1, train_loss: 0.4436, train_clustering_loss:  0.0537, train_error: 0.1931
class 0: acc 0.8333333333333334, correct 320/384
class 1: acc 0.7746031746031746, correct 244/315

Val Set, val_loss: 0.3752, val_error: 0.1469, auc: 0.6119
class 0 clustering acc 0.9947552447552448: correct 1138/1144
class 1 clustering acc 0.8662587412587412: correct 991/1144
class 0: acc 0.8759124087591241, correct 120/137
class 1: acc 0.3333333333333333, correct 2/6
EarlyStopping counter: 1 out of 20


batch 19, loss: 0.0757, instance_loss: 0.0182, weighted_loss: 0.0585, label: 0, bag_size: 198
batch 39, loss: 0.1941, instance_loss: 0.0060, weighted_loss: 0.1377, label: 0, bag_size: 993
batch 59, loss: 0.0014, instance_loss: 0.0017, weighted_loss: 0.0015, label: 0, bag_size: 375
batch 79, loss: 0.2804, instance_loss: 0.0110, weighted_loss: 0.1996, label: 1, bag_size: 1074
batch 99, loss: 0.5207, instance_loss: 0.0609, weighted_loss: 0.3828, label: 0, bag_size: 552
batch 119, loss: 0.0096, instance_loss: 0.0018, weighted_loss: 0.0073, label: 0, bag_size: 621
batch 139, loss: 0.0002, instance_loss: 0.0927, weighted_loss: 0.0280, label: 0, bag_size: 255
batch 159, loss: 0.0231, instance_loss: 0.1657, weighted_loss: 0.0658, label: 1, bag_size: 167
batch 179, loss: 0.3690, instance_loss: 0.3903, weighted_loss: 0.3754, label: 0, bag_size: 216
batch 199, loss: 0.2626, instance_loss: 0.0370, weighted_loss: 0.1950, label: 1, bag_size: 319
batch 219, loss: 0.4108, instance_loss: 0.3419, weighted_loss: 0.3901, label: 1, bag_size: 178
batch 239, loss: 0.0441, instance_loss: 0.0180, weighted_loss: 0.0362, label: 1, bag_size: 1002
batch 259, loss: 0.3332, instance_loss: 0.0197, weighted_loss: 0.2391, label: 1, bag_size: 1044
batch 279, loss: 0.0151, instance_loss: 0.0013, weighted_loss: 0.0110, label: 0, bag_size: 578
batch 299, loss: 0.2869, instance_loss: 0.0042, weighted_loss: 0.2021, label: 1, bag_size: 226
batch 319, loss: 0.5970, instance_loss: 0.0015, weighted_loss: 0.4183, label: 0, bag_size: 1378
batch 339, loss: 1.8449, instance_loss: 0.1614, weighted_loss: 1.3398, label: 0, bag_size: 352
batch 359, loss: 0.0304, instance_loss: 0.0594, weighted_loss: 0.0391, label: 0, bag_size: 164
batch 379, loss: 0.0553, instance_loss: 0.0021, weighted_loss: 0.0393, label: 0, bag_size: 907
batch 399, loss: 0.1031, instance_loss: 0.0006, weighted_loss: 0.0723, label: 1, bag_size: 816
batch 419, loss: 0.0442, instance_loss: 0.0183, weighted_loss: 0.0364, label: 0, bag_size: 478
batch 439, loss: 0.4881, instance_loss: 0.0897, weighted_loss: 0.3686, label: 0, bag_size: 306
batch 459, loss: 0.0245, instance_loss: 0.2942, weighted_loss: 0.1054, label: 1, bag_size: 189
batch 479, loss: 0.1694, instance_loss: 0.0361, weighted_loss: 0.1294, label: 1, bag_size: 1016
batch 499, loss: 1.6717, instance_loss: 0.0343, weighted_loss: 1.1805, label: 0, bag_size: 243
batch 519, loss: 0.0319, instance_loss: 0.0034, weighted_loss: 0.0234, label: 1, bag_size: 1034
batch 539, loss: 0.0332, instance_loss: 0.0533, weighted_loss: 0.0392, label: 0, bag_size: 471
batch 559, loss: 0.0004, instance_loss: 0.0486, weighted_loss: 0.0149, label: 0, bag_size: 530
batch 579, loss: 0.1566, instance_loss: 0.2788, weighted_loss: 0.1933, label: 1, bag_size: 50
batch 599, loss: 1.0182, instance_loss: 0.0136, weighted_loss: 0.7168, label: 0, bag_size: 820
batch 619, loss: 0.1122, instance_loss: 0.0383, weighted_loss: 0.0900, label: 1, bag_size: 226
batch 639, loss: 0.3265, instance_loss: 0.0442, weighted_loss: 0.2418, label: 0, bag_size: 258
batch 659, loss: 0.0047, instance_loss: 0.0000, weighted_loss: 0.0033, label: 1, bag_size: 1297
batch 679, loss: 0.0691, instance_loss: 0.0681, weighted_loss: 0.0688, label: 0, bag_size: 143


class 0 clustering acc 0.9880185979971388: correct 5525/5592
class 1 clustering acc 0.9864091559370529: correct 5516/5592
Epoch: 2, train_loss: 0.2503, train_clustering_loss:  0.0642, train_error: 0.1001
class 0: acc 0.8924731182795699, correct 332/372
class 1: acc 0.908256880733945, correct 297/327

Val Set, val_loss: 0.3471, val_error: 0.1119, auc: 0.5158
class 0 clustering acc 0.993006993006993: correct 1136/1144
class 1 clustering acc 0.9318181818181818: correct 1066/1144
class 0: acc 0.9197080291970803, correct 126/137
class 1: acc 0.16666666666666666, correct 1/6
EarlyStopping counter: 2 out of 20


batch 19, loss: 0.0426, instance_loss: 0.0023, weighted_loss: 0.0305, label: 0, bag_size: 870
batch 39, loss: 0.0413, instance_loss: 0.0002, weighted_loss: 0.0290, label: 1, bag_size: 917
batch 59, loss: 0.1052, instance_loss: 0.0014, weighted_loss: 0.0740, label: 1, bag_size: 926
batch 79, loss: 0.3118, instance_loss: 0.0384, weighted_loss: 0.2298, label: 0, bag_size: 188
batch 99, loss: 0.0127, instance_loss: 0.0024, weighted_loss: 0.0097, label: 1, bag_size: 1002
batch 119, loss: 0.3931, instance_loss: 0.0702, weighted_loss: 0.2963, label: 1, bag_size: 903
batch 139, loss: 0.0059, instance_loss: 0.0000, weighted_loss: 0.0041, label: 0, bag_size: 580
batch 159, loss: 0.0365, instance_loss: 0.0000, weighted_loss: 0.0256, label: 1, bag_size: 917
batch 179, loss: 2.0745, instance_loss: 0.0069, weighted_loss: 1.4543, label: 0, bag_size: 1070
batch 199, loss: 0.0227, instance_loss: 0.0480, weighted_loss: 0.0303, label: 0, bag_size: 582
batch 219, loss: 0.0345, instance_loss: 0.0465, weighted_loss: 0.0381, label: 1, bag_size: 162
batch 239, loss: 0.0008, instance_loss: 0.0117, weighted_loss: 0.0040, label: 1, bag_size: 943
batch 259, loss: 1.6488, instance_loss: 0.1801, weighted_loss: 1.2082, label: 1, bag_size: 212
batch 279, loss: 0.0629, instance_loss: 0.0011, weighted_loss: 0.0444, label: 1, bag_size: 1044
batch 299, loss: 1.2040, instance_loss: 0.0016, weighted_loss: 0.8433, label: 0, bag_size: 178
batch 319, loss: 0.0261, instance_loss: 0.0073, weighted_loss: 0.0204, label: 1, bag_size: 399
batch 339, loss: 0.0027, instance_loss: 0.0009, weighted_loss: 0.0022, label: 0, bag_size: 593
batch 359, loss: 0.4913, instance_loss: 0.0144, weighted_loss: 0.3482, label: 0, bag_size: 632
batch 379, loss: 0.0808, instance_loss: 0.0048, weighted_loss: 0.0580, label: 1, bag_size: 283
batch 399, loss: 0.1031, instance_loss: 0.0013, weighted_loss: 0.0725, label: 1, bag_size: 319
batch 419, loss: 0.3594, instance_loss: 0.0337, weighted_loss: 0.2617, label: 1, bag_size: 321
batch 439, loss: 0.0337, instance_loss: 0.0706, weighted_loss: 0.0448, label: 1, bag_size: 162
batch 459, loss: 0.0176, instance_loss: 0.0090, weighted_loss: 0.0150, label: 1, bag_size: 399
batch 479, loss: 0.0246, instance_loss: 0.0435, weighted_loss: 0.0303, label: 1, bag_size: 226
batch 499, loss: 0.5531, instance_loss: 0.0070, weighted_loss: 0.3893, label: 0, bag_size: 848
batch 519, loss: 0.0002, instance_loss: 0.0402, weighted_loss: 0.0122, label: 0, bag_size: 109
batch 539, loss: 0.0038, instance_loss: 0.0043, weighted_loss: 0.0039, label: 1, bag_size: 656
batch 559, loss: 0.0394, instance_loss: 0.0724, weighted_loss: 0.0493, label: 0, bag_size: 916
batch 579, loss: 0.0380, instance_loss: 0.0086, weighted_loss: 0.0292, label: 1, bag_size: 167
batch 599, loss: 0.0973, instance_loss: 0.0018, weighted_loss: 0.0687, label: 1, bag_size: 321
batch 619, loss: 0.0016, instance_loss: 0.0056, weighted_loss: 0.0028, label: 1, bag_size: 845
batch 639, loss: 0.0000, instance_loss: 0.0188, weighted_loss: 0.0057, label: 0, bag_size: 270
batch 659, loss: 0.0035, instance_loss: 0.7366, weighted_loss: 0.2235, label: 0, bag_size: 74
batch 679, loss: 0.2075, instance_loss: 0.0520, weighted_loss: 0.1609, label: 0, bag_size: 379


class 0 clustering acc 0.9955293276108726: correct 5567/5592
class 1 clustering acc 0.9896280400572246: correct 5534/5592
Epoch: 3, train_loss: 0.1734, train_clustering_loss:  0.0428, train_error: 0.0730
class 0: acc 0.9206798866855525, correct 325/353
class 1: acc 0.9335260115606936, correct 323/346

Val Set, val_loss: 0.3638, val_error: 0.1119, auc: 0.5547
class 0 clustering acc 0.9991258741258742: correct 1143/1144
class 1 clustering acc 0.9213286713286714: correct 1054/1144
class 0: acc 0.9197080291970803, correct 126/137
class 1: acc 0.16666666666666666, correct 1/6
EarlyStopping counter: 3 out of 20


batch 19, loss: 0.0644, instance_loss: 0.0026, weighted_loss: 0.0459, label: 1, bag_size: 1017
batch 39, loss: 0.8708, instance_loss: 0.0103, weighted_loss: 0.6127, label: 0, bag_size: 1042
batch 59, loss: 0.0116, instance_loss: 0.0006, weighted_loss: 0.0083, label: 1, bag_size: 189
batch 79, loss: 0.0005, instance_loss: 0.0017, weighted_loss: 0.0009, label: 0, bag_size: 1055
batch 99, loss: 0.0168, instance_loss: 0.0008, weighted_loss: 0.0120, label: 1, bag_size: 345
batch 119, loss: 0.2957, instance_loss: 0.0393, weighted_loss: 0.2188, label: 0, bag_size: 137
batch 139, loss: 0.0108, instance_loss: 0.0590, weighted_loss: 0.0253, label: 0, bag_size: 355
batch 159, loss: 0.0003, instance_loss: 0.0004, weighted_loss: 0.0004, label: 0, bag_size: 294
batch 179, loss: 0.0017, instance_loss: 0.0041, weighted_loss: 0.0024, label: 1, bag_size: 1374
batch 199, loss: 0.0049, instance_loss: 0.0077, weighted_loss: 0.0057, label: 1, bag_size: 280
batch 219, loss: 0.0134, instance_loss: 0.0126, weighted_loss: 0.0132, label: 1, bag_size: 160
batch 239, loss: 0.0000, instance_loss: 0.0027, weighted_loss: 0.0008, label: 0, bag_size: 539
batch 259, loss: 0.0332, instance_loss: 0.0004, weighted_loss: 0.0234, label: 1, bag_size: 788
batch 279, loss: 0.1370, instance_loss: 0.0055, weighted_loss: 0.0975, label: 1, bag_size: 531
batch 299, loss: 0.0012, instance_loss: 0.0080, weighted_loss: 0.0032, label: 0, bag_size: 498
batch 319, loss: 0.0195, instance_loss: 0.4538, weighted_loss: 0.1498, label: 0, bag_size: 352
batch 339, loss: 0.0009, instance_loss: 1.1634, weighted_loss: 0.3496, label: 0, bag_size: 96
batch 359, loss: 1.0767, instance_loss: 0.1104, weighted_loss: 0.7868, label: 1, bag_size: 399
batch 379, loss: 0.0515, instance_loss: 0.0099, weighted_loss: 0.0390, label: 1, bag_size: 319
batch 399, loss: 0.0073, instance_loss: 0.0150, weighted_loss: 0.0096, label: 0, bag_size: 206
batch 419, loss: 0.0002, instance_loss: 0.0002, weighted_loss: 0.0002, label: 0, bag_size: 1229
batch 439, loss: 0.0033, instance_loss: 0.0053, weighted_loss: 0.0039, label: 0, bag_size: 129
batch 459, loss: 0.0000, instance_loss: 0.0094, weighted_loss: 0.0028, label: 0, bag_size: 1107
batch 479, loss: 0.0122, instance_loss: 0.0084, weighted_loss: 0.0110, label: 1, bag_size: 788
batch 499, loss: 0.0081, instance_loss: 0.0082, weighted_loss: 0.0081, label: 1, bag_size: 919
batch 519, loss: 0.0277, instance_loss: 0.0005, weighted_loss: 0.0195, label: 1, bag_size: 280
batch 539, loss: 0.0079, instance_loss: 0.0050, weighted_loss: 0.0070, label: 1, bag_size: 943
batch 559, loss: 0.0001, instance_loss: 0.0043, weighted_loss: 0.0013, label: 0, bag_size: 108
batch 579, loss: 0.0004, instance_loss: 0.0098, weighted_loss: 0.0032, label: 0, bag_size: 216
batch 599, loss: 0.0124, instance_loss: 0.0032, weighted_loss: 0.0097, label: 1, bag_size: 1034
batch 619, loss: 0.0002, instance_loss: 0.0002, weighted_loss: 0.0002, label: 0, bag_size: 539
batch 639, loss: 0.0001, instance_loss: 0.0021, weighted_loss: 0.0007, label: 0, bag_size: 1055
batch 659, loss: 0.0013, instance_loss: 0.0004, weighted_loss: 0.0011, label: 0, bag_size: 781
batch 679, loss: 0.0026, instance_loss: 0.0044, weighted_loss: 0.0032, label: 0, bag_size: 188


class 0 clustering acc 0.9915951359084406: correct 5545/5592
class 1 clustering acc 0.9864091559370529: correct 5516/5592
Epoch: 4, train_loss: 0.1366, train_clustering_loss:  0.0627, train_error: 0.0515
class 0: acc 0.9413333333333334, correct 353/375
class 1: acc 0.9567901234567902, correct 310/324

Val Set, val_loss: 0.4111, val_error: 0.1119, auc: 0.4501
class 0 clustering acc 0.9965034965034965: correct 1140/1144
class 1 clustering acc 0.9807692307692307: correct 1122/1144
class 0: acc 0.9197080291970803, correct 126/137
class 1: acc 0.16666666666666666, correct 1/6
EarlyStopping counter: 4 out of 20


batch 19, loss: 0.0040, instance_loss: 0.0004, weighted_loss: 0.0029, label: 1, bag_size: 160
batch 39, loss: 0.0010, instance_loss: 0.0013, weighted_loss: 0.0011, label: 1, bag_size: 280
batch 59, loss: 0.0235, instance_loss: 0.0105, weighted_loss: 0.0196, label: 0, bag_size: 634
batch 79, loss: 0.0492, instance_loss: 0.0012, weighted_loss: 0.0348, label: 0, bag_size: 877
batch 99, loss: 0.0001, instance_loss: 0.0026, weighted_loss: 0.0009, label: 0, bag_size: 701
batch 119, loss: 0.0118, instance_loss: 0.0029, weighted_loss: 0.0092, label: 1, bag_size: 1034
batch 139, loss: 0.0000, instance_loss: 0.0006, weighted_loss: 0.0002, label: 1, bag_size: 656
batch 159, loss: 0.0002, instance_loss: 0.2305, weighted_loss: 0.0693, label: 0, bag_size: 1120
batch 179, loss: 0.0163, instance_loss: 0.0016, weighted_loss: 0.0119, label: 1, bag_size: 845
batch 199, loss: 0.0028, instance_loss: 0.0000, weighted_loss: 0.0020, label: 0, bag_size: 275
batch 219, loss: 0.0079, instance_loss: 0.0046, weighted_loss: 0.0069, label: 1, bag_size: 1044
batch 239, loss: 0.0014, instance_loss: 0.0061, weighted_loss: 0.0028, label: 0, bag_size: 303
batch 259, loss: 0.0004, instance_loss: 0.0227, weighted_loss: 0.0071, label: 1, bag_size: 280
batch 279, loss: 0.1047, instance_loss: 0.0109, weighted_loss: 0.0766, label: 1, bag_size: 226
batch 299, loss: 0.0025, instance_loss: 0.0000, weighted_loss: 0.0018, label: 0, bag_size: 634
batch 319, loss: 0.0467, instance_loss: 0.0034, weighted_loss: 0.0337, label: 1, bag_size: 1044
batch 339, loss: 0.0024, instance_loss: 0.0107, weighted_loss: 0.0049, label: 1, bag_size: 698
batch 359, loss: 0.0526, instance_loss: 0.0104, weighted_loss: 0.0399, label: 1, bag_size: 379
batch 379, loss: 0.0022, instance_loss: 0.0137, weighted_loss: 0.0057, label: 1, bag_size: 227
batch 399, loss: 0.0067, instance_loss: 0.0124, weighted_loss: 0.0084, label: 1, bag_size: 178
batch 419, loss: 0.0163, instance_loss: 0.0194, weighted_loss: 0.0172, label: 0, bag_size: 355
batch 439, loss: 0.0091, instance_loss: 0.0007, weighted_loss: 0.0065, label: 0, bag_size: 899
batch 459, loss: 0.0037, instance_loss: 0.1450, weighted_loss: 0.0461, label: 1, bag_size: 227
batch 479, loss: 0.0198, instance_loss: 0.0006, weighted_loss: 0.0140, label: 1, bag_size: 399
batch 499, loss: 0.0016, instance_loss: 0.0004, weighted_loss: 0.0012, label: 0, bag_size: 190
batch 519, loss: 0.1216, instance_loss: 0.0000, weighted_loss: 0.0851, label: 1, bag_size: 816
batch 539, loss: 0.0390, instance_loss: 0.0308, weighted_loss: 0.0365, label: 1, bag_size: 399
batch 559, loss: 0.0069, instance_loss: 0.0325, weighted_loss: 0.0146, label: 1, bag_size: 50
batch 579, loss: 0.0000, instance_loss: 0.0413, weighted_loss: 0.0124, label: 0, bag_size: 701
batch 599, loss: 0.0001, instance_loss: 0.0005, weighted_loss: 0.0002, label: 0, bag_size: 492
batch 619, loss: 0.0202, instance_loss: 0.0419, weighted_loss: 0.0267, label: 1, bag_size: 1017
batch 639, loss: 0.0001, instance_loss: 0.0019, weighted_loss: 0.0006, label: 0, bag_size: 848
batch 659, loss: 0.0339, instance_loss: 0.0108, weighted_loss: 0.0270, label: 1, bag_size: 226
batch 679, loss: 0.0097, instance_loss: 0.0000, weighted_loss: 0.0068, label: 1, bag_size: 926


class 0 clustering acc 0.9930257510729614: correct 5553/5592
class 1 clustering acc 0.9881974248927039: correct 5526/5592
Epoch: 5, train_loss: 0.0997, train_clustering_loss:  0.0528, train_error: 0.0358
class 0: acc 0.9545454545454546, correct 336/352
class 1: acc 0.9740634005763689, correct 338/347

Val Set, val_loss: 0.3724, val_error: 0.0839, auc: 0.4319
class 0 clustering acc 1.0: correct 1144/1144
class 1 clustering acc 0.9755244755244755: correct 1116/1144
class 0: acc 0.9562043795620438, correct 131/137
class 1: acc 0.0, correct 0/6
EarlyStopping counter: 5 out of 20


batch 19, loss: 0.0048, instance_loss: 0.0010, weighted_loss: 0.0037, label: 1, bag_size: 1374
batch 39, loss: 0.0007, instance_loss: 0.0234, weighted_loss: 0.0075, label: 0, bag_size: 116
batch 59, loss: 0.0010, instance_loss: 0.0008, weighted_loss: 0.0009, label: 0, bag_size: 326
batch 79, loss: 0.1198, instance_loss: 0.0108, weighted_loss: 0.0871, label: 1, bag_size: 162
batch 99, loss: 1.6488, instance_loss: 0.0011, weighted_loss: 1.1545, label: 0, bag_size: 643
batch 119, loss: 0.0036, instance_loss: 0.0029, weighted_loss: 0.0034, label: 1, bag_size: 345
batch 139, loss: 0.0002, instance_loss: 0.1410, weighted_loss: 0.0424, label: 0, bag_size: 1113
batch 159, loss: 0.0153, instance_loss: 0.1398, weighted_loss: 0.0526, label: 1, bag_size: 212
batch 179, loss: 0.0039, instance_loss: 0.0540, weighted_loss: 0.0189, label: 0, bag_size: 907
batch 199, loss: 0.0004, instance_loss: 0.0015, weighted_loss: 0.0007, label: 1, bag_size: 912
batch 219, loss: 0.0057, instance_loss: 0.0011, weighted_loss: 0.0043, label: 1, bag_size: 226
batch 239, loss: 0.0335, instance_loss: 0.0117, weighted_loss: 0.0270, label: 1, bag_size: 321
batch 259, loss: 0.0001, instance_loss: 0.0341, weighted_loss: 0.0103, label: 0, bag_size: 147
batch 279, loss: 0.0042, instance_loss: 0.0425, weighted_loss: 0.0156, label: 1, bag_size: 903
batch 299, loss: 0.0040, instance_loss: 0.0000, weighted_loss: 0.0028, label: 1, bag_size: 319
batch 319, loss: 0.0001, instance_loss: 0.0011, weighted_loss: 0.0004, label: 0, bag_size: 582
batch 339, loss: 0.5262, instance_loss: 0.0000, weighted_loss: 0.3684, label: 0, bag_size: 643
batch 359, loss: 0.0000, instance_loss: 0.0021, weighted_loss: 0.0006, label: 0, bag_size: 196
batch 379, loss: 0.0035, instance_loss: 0.0032, weighted_loss: 0.0034, label: 1, bag_size: 283
batch 399, loss: 0.0068, instance_loss: 0.0053, weighted_loss: 0.0064, label: 1, bag_size: 903
batch 419, loss: 0.0006, instance_loss: 0.0006, weighted_loss: 0.0006, label: 0, bag_size: 162
batch 439, loss: 0.0044, instance_loss: 0.0015, weighted_loss: 0.0035, label: 1, bag_size: 178
batch 459, loss: 0.0003, instance_loss: 0.0000, weighted_loss: 0.0002, label: 0, bag_size: 1036
batch 479, loss: 0.0553, instance_loss: 0.0004, weighted_loss: 0.0388, label: 1, bag_size: 531
batch 499, loss: 0.0005, instance_loss: 0.0049, weighted_loss: 0.0018, label: 0, bag_size: 980
batch 519, loss: 0.0002, instance_loss: 0.0239, weighted_loss: 0.0073, label: 0, bag_size: 1055
batch 539, loss: 0.0143, instance_loss: 0.0006, weighted_loss: 0.0102, label: 1, bag_size: 231
batch 559, loss: 0.0000, instance_loss: 0.0078, weighted_loss: 0.0024, label: 0, bag_size: 637
batch 579, loss: 0.0003, instance_loss: 0.0011, weighted_loss: 0.0006, label: 1, bag_size: 283
batch 599, loss: 0.0108, instance_loss: 0.0012, weighted_loss: 0.0079, label: 1, bag_size: 1044
batch 619, loss: 0.0037, instance_loss: 0.0003, weighted_loss: 0.0026, label: 0, bag_size: 1291
batch 639, loss: 0.0001, instance_loss: 0.0469, weighted_loss: 0.0141, label: 0, bag_size: 251
batch 659, loss: 0.0000, instance_loss: 0.0080, weighted_loss: 0.0024, label: 0, bag_size: 127
batch 679, loss: 0.0001, instance_loss: 0.1148, weighted_loss: 0.0346, label: 0, bag_size: 276


class 0 clustering acc 0.9958869814020028: correct 5569/5592
class 1 clustering acc 0.9892703862660944: correct 5532/5592
Epoch: 6, train_loss: 0.0532, train_clustering_loss:  0.0421, train_error: 0.0215
class 0: acc 0.975, correct 351/360
class 1: acc 0.9823008849557522, correct 333/339

Val Set, val_loss: 0.4241, val_error: 0.1189, auc: 0.4343
class 0 clustering acc 1.0: correct 1144/1144
class 1 clustering acc 0.9982517482517482: correct 1142/1144
class 0: acc 0.9197080291970803, correct 126/137
class 1: acc 0.0, correct 0/6
EarlyStopping counter: 6 out of 20


batch 19, loss: 0.0023, instance_loss: 0.0029, weighted_loss: 0.0025, label: 1, bag_size: 1002
batch 39, loss: 0.0032, instance_loss: 0.0000, weighted_loss: 0.0023, label: 1, bag_size: 280
batch 59, loss: 0.0017, instance_loss: 0.0000, weighted_loss: 0.0012, label: 1, bag_size: 1374
batch 79, loss: 0.0091, instance_loss: 0.0009, weighted_loss: 0.0066, label: 0, bag_size: 870
batch 99, loss: 0.0279, instance_loss: 0.0026, weighted_loss: 0.0203, label: 1, bag_size: 903
batch 119, loss: 0.0453, instance_loss: 0.0214, weighted_loss: 0.0381, label: 1, bag_size: 531
batch 139, loss: 0.0034, instance_loss: 0.0062, weighted_loss: 0.0042, label: 0, bag_size: 184
batch 159, loss: 0.0051, instance_loss: 0.0000, weighted_loss: 0.0036, label: 1, bag_size: 917
batch 179, loss: 0.0009, instance_loss: 0.0022, weighted_loss: 0.0013, label: 1, bag_size: 926
batch 199, loss: 0.0076, instance_loss: 0.0015, weighted_loss: 0.0058, label: 1, bag_size: 1044
batch 219, loss: 0.0672, instance_loss: 0.0068, weighted_loss: 0.0491, label: 1, bag_size: 231
batch 239, loss: 0.0004, instance_loss: 0.0028, weighted_loss: 0.0011, label: 0, bag_size: 783
batch 259, loss: 0.0000, instance_loss: 0.0035, weighted_loss: 0.0010, label: 0, bag_size: 423
batch 279, loss: 0.0056, instance_loss: 0.0009, weighted_loss: 0.0042, label: 0, bag_size: 1435
batch 299, loss: 0.0356, instance_loss: 0.0000, weighted_loss: 0.0249, label: 1, bag_size: 816
batch 319, loss: 0.0000, instance_loss: 0.0626, weighted_loss: 0.0188, label: 0, bag_size: 82
batch 339, loss: 0.0007, instance_loss: 0.0060, weighted_loss: 0.0023, label: 0, bag_size: 1502
batch 359, loss: 0.0000, instance_loss: 0.0008, weighted_loss: 0.0003, label: 0, bag_size: 673
batch 379, loss: 0.0000, instance_loss: 0.0109, weighted_loss: 0.0033, label: 0, bag_size: 418
batch 399, loss: 0.0003, instance_loss: 0.0013, weighted_loss: 0.0006, label: 0, bag_size: 934
batch 419, loss: 0.0000, instance_loss: 0.2524, weighted_loss: 0.0757, label: 0, bag_size: 374
batch 439, loss: 0.0002, instance_loss: 0.0005, weighted_loss: 0.0002, label: 0, bag_size: 248
batch 459, loss: 0.0182, instance_loss: 0.0033, weighted_loss: 0.0138, label: 1, bag_size: 531
batch 479, loss: 0.0000, instance_loss: 0.0103, weighted_loss: 0.0031, label: 0, bag_size: 401
batch 499, loss: 0.3088, instance_loss: 0.0319, weighted_loss: 0.2257, label: 1, bag_size: 321
batch 519, loss: 0.0000, instance_loss: 0.0021, weighted_loss: 0.0007, label: 0, bag_size: 265
batch 539, loss: 0.0178, instance_loss: 0.0008, weighted_loss: 0.0127, label: 0, bag_size: 1263
batch 559, loss: 0.0002, instance_loss: 0.0000, weighted_loss: 0.0001, label: 1, bag_size: 227
batch 579, loss: 0.0000, instance_loss: 0.1091, weighted_loss: 0.0327, label: 0, bag_size: 240
batch 599, loss: 0.0005, instance_loss: 0.0034, weighted_loss: 0.0013, label: 1, bag_size: 1016
batch 619, loss: 0.0000, instance_loss: 0.0104, weighted_loss: 0.0032, label: 0, bag_size: 619
batch 639, loss: 0.0020, instance_loss: 0.0000, weighted_loss: 0.0014, label: 1, bag_size: 917
batch 659, loss: 0.3918, instance_loss: 0.1960, weighted_loss: 0.3330, label: 0, bag_size: 58
batch 679, loss: 0.0003, instance_loss: 0.0003, weighted_loss: 0.0003, label: 1, bag_size: 788


class 0 clustering acc 0.9935622317596566: correct 5556/5592
class 1 clustering acc 0.9851573676680973: correct 5509/5592
Epoch: 7, train_loss: 0.0253, train_clustering_loss:  0.0643, train_error: 0.0072
class 0: acc 0.9912280701754386, correct 339/342
class 1: acc 0.9943977591036415, correct 355/357

Val Set, val_loss: 0.5124, val_error: 0.1049, auc: 0.3990
class 0 clustering acc 0.9982517482517482: correct 1142/1144
class 1 clustering acc 0.9947552447552448: correct 1138/1144
class 0: acc 0.9343065693430657, correct 128/137
class 1: acc 0.0, correct 0/6
EarlyStopping counter: 7 out of 20


batch 19, loss: 0.0001, instance_loss: 0.0000, weighted_loss: 0.0001, label: 1, bag_size: 788
batch 39, loss: 0.0017, instance_loss: 0.0000, weighted_loss: 0.0012, label: 1, bag_size: 1044
batch 59, loss: 0.0002, instance_loss: 0.0002, weighted_loss: 0.0002, label: 1, bag_size: 1374
batch 79, loss: 0.0002, instance_loss: 0.0088, weighted_loss: 0.0028, label: 1, bag_size: 178
batch 99, loss: 0.0021, instance_loss: 0.0000, weighted_loss: 0.0015, label: 1, bag_size: 319
batch 119, loss: 0.0001, instance_loss: 0.0000, weighted_loss: 0.0000, label: 1, bag_size: 656
batch 139, loss: 0.0000, instance_loss: 0.0004, weighted_loss: 0.0001, label: 0, bag_size: 595
batch 159, loss: 0.0043, instance_loss: 0.0008, weighted_loss: 0.0033, label: 1, bag_size: 856
batch 179, loss: 0.0299, instance_loss: 0.0012, weighted_loss: 0.0213, label: 1, bag_size: 399
batch 199, loss: 0.0001, instance_loss: 0.0014, weighted_loss: 0.0005, label: 0, bag_size: 1229
batch 219, loss: 0.0082, instance_loss: 0.0076, weighted_loss: 0.0080, label: 0, bag_size: 947
batch 239, loss: 0.0004, instance_loss: 0.2351, weighted_loss: 0.0708, label: 1, bag_size: 227
batch 259, loss: 0.0005, instance_loss: 0.0012, weighted_loss: 0.0007, label: 0, bag_size: 180
batch 279, loss: 0.0016, instance_loss: 0.0029, weighted_loss: 0.0020, label: 1, bag_size: 926
batch 299, loss: 0.0010, instance_loss: 0.0168, weighted_loss: 0.0058, label: 1, bag_size: 571
batch 319, loss: 0.0000, instance_loss: 0.0257, weighted_loss: 0.0077, label: 1, bag_size: 280
batch 339, loss: 0.1581, instance_loss: 0.0724, weighted_loss: 0.1324, label: 0, bag_size: 677
batch 359, loss: 0.0003, instance_loss: 0.0006, weighted_loss: 0.0004, label: 1, bag_size: 943
batch 379, loss: 0.0002, instance_loss: 0.0071, weighted_loss: 0.0022, label: 0, bag_size: 191
batch 399, loss: 0.0004, instance_loss: 0.0004, weighted_loss: 0.0004, label: 1, bag_size: 1297
batch 419, loss: 0.0018, instance_loss: 0.0016, weighted_loss: 0.0017, label: 1, bag_size: 903
batch 439, loss: 0.0071, instance_loss: 0.0050, weighted_loss: 0.0065, label: 1, bag_size: 399
batch 459, loss: 0.0000, instance_loss: 0.0002, weighted_loss: 0.0001, label: 0, bag_size: 922
batch 479, loss: 0.0084, instance_loss: 0.0000, weighted_loss: 0.0059, label: 1, bag_size: 319
batch 499, loss: 0.0004, instance_loss: 0.0060, weighted_loss: 0.0021, label: 0, bag_size: 639
batch 519, loss: 0.0005, instance_loss: 0.0072, weighted_loss: 0.0025, label: 1, bag_size: 212
batch 539, loss: 0.0006, instance_loss: 0.0033, weighted_loss: 0.0014, label: 1, bag_size: 283
batch 559, loss: 0.0001, instance_loss: 0.0161, weighted_loss: 0.0049, label: 0, bag_size: 559
batch 579, loss: 0.0001, instance_loss: 0.0021, weighted_loss: 0.0007, label: 0, bag_size: 1063
batch 599, loss: 0.0000, instance_loss: 0.2286, weighted_loss: 0.0686, label: 0, bag_size: 502
batch 619, loss: 0.0003, instance_loss: 0.0000, weighted_loss: 0.0002, label: 1, bag_size: 845
batch 639, loss: 0.0000, instance_loss: 0.0354, weighted_loss: 0.0106, label: 0, bag_size: 781
batch 659, loss: 0.0257, instance_loss: 0.0057, weighted_loss: 0.0197, label: 0, bag_size: 1363
batch 679, loss: 0.0000, instance_loss: 0.0000, weighted_loss: 0.0000, label: 1, bag_size: 1297


class 0 clustering acc 0.9957081545064378: correct 5568/5592
class 1 clustering acc 0.9874821173104434: correct 5522/5592
Epoch: 8, train_loss: 0.0459, train_clustering_loss:  0.0526, train_error: 0.0215
class 0: acc 0.9773371104815864, correct 345/353
class 1: acc 0.9797687861271677, correct 339/346

Val Set, val_loss: 0.4444, val_error: 0.0559, auc: 0.4708
class 0 clustering acc 1.0: correct 1144/1144
class 1 clustering acc 0.9781468531468531: correct 1119/1144
class 0: acc 0.9854014598540146, correct 135/137
class 1: acc 0.0, correct 0/6
EarlyStopping counter: 8 out of 20


batch 19, loss: 0.0076, instance_loss: 0.0000, weighted_loss: 0.0053, label: 1, bag_size: 280
batch 39, loss: 0.0000, instance_loss: 0.0191, weighted_loss: 0.0058, label: 0, bag_size: 146
batch 59, loss: 0.2581, instance_loss: 0.0015, weighted_loss: 0.1811, label: 1, bag_size: 912
batch 79, loss: 0.0006, instance_loss: 0.0025, weighted_loss: 0.0012, label: 1, bag_size: 167
batch 99, loss: 0.0000, instance_loss: 0.0007, weighted_loss: 0.0002, label: 0, bag_size: 697
batch 119, loss: 0.0004, instance_loss: 0.0042, weighted_loss: 0.0016, label: 1, bag_size: 571
batch 139, loss: 0.0011, instance_loss: 0.0011, weighted_loss: 0.0011, label: 1, bag_size: 1002
batch 159, loss: 0.0005, instance_loss: 0.0069, weighted_loss: 0.0024, label: 1, bag_size: 1374
batch 179, loss: 0.0037, instance_loss: 0.0519, weighted_loss: 0.0182, label: 1, bag_size: 571
batch 199, loss: 0.0000, instance_loss: 0.4912, weighted_loss: 0.1474, label: 0, bag_size: 75
batch 219, loss: 0.0009, instance_loss: 0.0024, weighted_loss: 0.0013, label: 1, bag_size: 1297
batch 239, loss: 0.0013, instance_loss: 0.0000, weighted_loss: 0.0009, label: 1, bag_size: 283
batch 259, loss: 0.0008, instance_loss: 0.0036, weighted_loss: 0.0016, label: 1, bag_size: 1374
batch 279, loss: 0.0000, instance_loss: 0.0067, weighted_loss: 0.0020, label: 1, bag_size: 227
batch 299, loss: 0.0000, instance_loss: 0.0294, weighted_loss: 0.0088, label: 0, bag_size: 83
batch 319, loss: 0.0000, instance_loss: 0.0530, weighted_loss: 0.0159, label: 0, bag_size: 356
batch 339, loss: 0.0028, instance_loss: 0.0007, weighted_loss: 0.0022, label: 1, bag_size: 1016
batch 359, loss: 0.0342, instance_loss: 0.0000, weighted_loss: 0.0240, label: 1, bag_size: 189
batch 379, loss: 0.0009, instance_loss: 0.0086, weighted_loss: 0.0032, label: 1, bag_size: 571
batch 399, loss: 0.0000, instance_loss: 0.0230, weighted_loss: 0.0069, label: 0, bag_size: 351
batch 419, loss: 0.0001, instance_loss: 0.0275, weighted_loss: 0.0083, label: 0, bag_size: 425
batch 439, loss: 0.1087, instance_loss: 0.0008, weighted_loss: 0.0763, label: 1, bag_size: 856
batch 459, loss: 0.8470, instance_loss: 0.4151, weighted_loss: 0.7174, label: 0, bag_size: 312
batch 479, loss: 0.0003, instance_loss: 0.0032, weighted_loss: 0.0012, label: 0, bag_size: 1681
batch 499, loss: 0.0074, instance_loss: 0.0003, weighted_loss: 0.0053, label: 0, bag_size: 1068
batch 519, loss: 0.0034, instance_loss: 0.0031, weighted_loss: 0.0033, label: 0, bag_size: 393
batch 539, loss: 0.0000, instance_loss: 0.0070, weighted_loss: 0.0021, label: 0, bag_size: 305
batch 559, loss: 0.0001, instance_loss: 0.0009, weighted_loss: 0.0003, label: 0, bag_size: 600
batch 579, loss: 0.0050, instance_loss: 0.0000, weighted_loss: 0.0035, label: 1, bag_size: 1044
batch 599, loss: 0.0001, instance_loss: 0.0011, weighted_loss: 0.0004, label: 1, bag_size: 160
batch 619, loss: 0.0015, instance_loss: 0.0039, weighted_loss: 0.0022, label: 0, bag_size: 643
batch 639, loss: 0.0000, instance_loss: 0.1101, weighted_loss: 0.0331, label: 0, bag_size: 395
batch 659, loss: 0.0130, instance_loss: 0.0054, weighted_loss: 0.0107, label: 1, bag_size: 926
batch 679, loss: 0.0000, instance_loss: 0.1712, weighted_loss: 0.0514, label: 0, bag_size: 81


class 0 clustering acc 0.9973175965665236: correct 5577/5592
class 1 clustering acc 0.9896280400572246: correct 5534/5592
Epoch: 9, train_loss: 0.0451, train_clustering_loss:  0.0384, train_error: 0.0157
class 0: acc 0.9792284866468842, correct 330/337
class 1: acc 0.988950276243094, correct 358/362

Val Set, val_loss: 0.5764, val_error: 0.0839, auc: 0.3577
class 0 clustering acc 0.9991258741258742: correct 1143/1144
class 1 clustering acc 1.0: correct 1144/1144
class 0: acc 0.9562043795620438, correct 131/137
class 1: acc 0.0, correct 0/6
EarlyStopping counter: 9 out of 20


batch 19, loss: 0.0000, instance_loss: 0.0010, weighted_loss: 0.0003, label: 0, bag_size: 157
batch 39, loss: 0.0022, instance_loss: 0.0020, weighted_loss: 0.0021, label: 1, bag_size: 816
batch 59, loss: 0.0016, instance_loss: 0.0015, weighted_loss: 0.0016, label: 1, bag_size: 1374
batch 79, loss: 0.0000, instance_loss: 0.0110, weighted_loss: 0.0033, label: 0, bag_size: 213
batch 99, loss: 0.0166, instance_loss: 0.0595, weighted_loss: 0.0295, label: 0, bag_size: 126
batch 119, loss: 0.0000, instance_loss: 0.0018, weighted_loss: 0.0006, label: 1, bag_size: 919
batch 139, loss: 0.0002, instance_loss: 0.0012, weighted_loss: 0.0005, label: 1, bag_size: 656
batch 159, loss: 0.0003, instance_loss: 0.0002, weighted_loss: 0.0003, label: 1, bag_size: 1002
batch 179, loss: 0.0025, instance_loss: 0.0000, weighted_loss: 0.0018, label: 1, bag_size: 283
batch 199, loss: 0.0001, instance_loss: 0.0027, weighted_loss: 0.0009, label: 0, bag_size: 320
batch 219, loss: 0.0000, instance_loss: 0.0197, weighted_loss: 0.0059, label: 0, bag_size: 697
batch 239, loss: 0.0005, instance_loss: 0.0289, weighted_loss: 0.0090, label: 0, bag_size: 312
batch 259, loss: 0.0229, instance_loss: 0.0018, weighted_loss: 0.0166, label: 0, bag_size: 1074
batch 279, loss: 0.0959, instance_loss: 0.0310, weighted_loss: 0.0764, label: 1, bag_size: 1044
batch 299, loss: 0.0000, instance_loss: 0.0054, weighted_loss: 0.0016, label: 0, bag_size: 972
batch 319, loss: 0.0001, instance_loss: 0.0276, weighted_loss: 0.0083, label: 0, bag_size: 76
batch 339, loss: 0.0000, instance_loss: 0.0086, weighted_loss: 0.0026, label: 0, bag_size: 415
batch 359, loss: 0.0002, instance_loss: 0.0003, weighted_loss: 0.0002, label: 1, bag_size: 280
batch 379, loss: 0.0263, instance_loss: 0.0077, weighted_loss: 0.0207, label: 0, bag_size: 623
batch 399, loss: 0.0001, instance_loss: 0.0000, weighted_loss: 0.0001, label: 1, bag_size: 160
batch 419, loss: 0.0001, instance_loss: 0.0008, weighted_loss: 0.0003, label: 1, bag_size: 167
batch 439, loss: 0.0001, instance_loss: 0.0120, weighted_loss: 0.0037, label: 0, bag_size: 190
batch 459, loss: 0.0135, instance_loss: 0.0169, weighted_loss: 0.0145, label: 0, bag_size: 407
batch 479, loss: 0.0093, instance_loss: 0.0005, weighted_loss: 0.0067, label: 1, bag_size: 379
batch 499, loss: 0.0003, instance_loss: 0.0021, weighted_loss: 0.0008, label: 1, bag_size: 1082
batch 519, loss: 0.0000, instance_loss: 0.0672, weighted_loss: 0.0202, label: 0, bag_size: 350
batch 539, loss: 0.0005, instance_loss: 0.0072, weighted_loss: 0.0025, label: 0, bag_size: 1592
batch 559, loss: 0.0003, instance_loss: 0.0000, weighted_loss: 0.0002, label: 1, bag_size: 1002
batch 579, loss: 0.0000, instance_loss: 0.0063, weighted_loss: 0.0019, label: 0, bag_size: 108
batch 599, loss: 0.0086, instance_loss: 0.0002, weighted_loss: 0.0061, label: 1, bag_size: 379
batch 619, loss: 0.0002, instance_loss: 0.0199, weighted_loss: 0.0061, label: 0, bag_size: 1232
batch 639, loss: 0.0000, instance_loss: 0.0063, weighted_loss: 0.0019, label: 0, bag_size: 320
batch 659, loss: 0.0001, instance_loss: 0.0000, weighted_loss: 0.0001, label: 1, bag_size: 656
batch 679, loss: 0.0022, instance_loss: 0.0000, weighted_loss: 0.0015, label: 1, bag_size: 231


class 0 clustering acc 0.9969599427753935: correct 5575/5592
class 1 clustering acc 0.9876609442060086: correct 5523/5592
Epoch: 10, train_loss: 0.0266, train_clustering_loss:  0.0481, train_error: 0.0114
class 0: acc 0.9852941176470589, correct 335/340
class 1: acc 0.9916434540389972, correct 356/359

Val Set, val_loss: 0.5109, val_error: 0.0839, auc: 0.4818
class 0 clustering acc 1.0: correct 1144/1144
class 1 clustering acc 0.9912587412587412: correct 1134/1144
class 0: acc 0.9562043795620438, correct 131/137
class 1: acc 0.0, correct 0/6
EarlyStopping counter: 10 out of 20


batch 19, loss: 0.0041, instance_loss: 0.0018, weighted_loss: 0.0034, label: 1, bag_size: 903
batch 39, loss: 0.0001, instance_loss: 0.0011, weighted_loss: 0.0004, label: 1, bag_size: 926
batch 59, loss: 0.0000, instance_loss: 0.0021, weighted_loss: 0.0006, label: 0, bag_size: 285
batch 79, loss: 0.0000, instance_loss: 0.0045, weighted_loss: 0.0013, label: 0, bag_size: 60
batch 99, loss: 0.0000, instance_loss: 0.0030, weighted_loss: 0.0009, label: 0, bag_size: 244
batch 119, loss: 0.0070, instance_loss: 0.0007, weighted_loss: 0.0051, label: 0, bag_size: 1364
batch 139, loss: 0.0000, instance_loss: 0.0000, weighted_loss: 0.0000, label: 1, bag_size: 698
batch 159, loss: 0.1304, instance_loss: 0.0000, weighted_loss: 0.0913, label: 1, bag_size: 926
batch 179, loss: 0.0008, instance_loss: 0.0394, weighted_loss: 0.0124, label: 0, bag_size: 880
batch 199, loss: 0.0185, instance_loss: 0.0006, weighted_loss: 0.0132, label: 1, bag_size: 226
batch 219, loss: 0.0032, instance_loss: 0.0018, weighted_loss: 0.0028, label: 1, bag_size: 319
batch 239, loss: 0.0024, instance_loss: 0.0050, weighted_loss: 0.0032, label: 0, bag_size: 234
batch 259, loss: 0.0001, instance_loss: 0.0050, weighted_loss: 0.0016, label: 0, bag_size: 193
batch 279, loss: 0.0028, instance_loss: 0.0000, weighted_loss: 0.0019, label: 1, bag_size: 345
batch 299, loss: 0.0000, instance_loss: 0.0027, weighted_loss: 0.0008, label: 0, bag_size: 737
batch 319, loss: 0.0000, instance_loss: 0.0021, weighted_loss: 0.0006, label: 0, bag_size: 242
batch 339, loss: 0.0003, instance_loss: 0.0003, weighted_loss: 0.0003, label: 1, bag_size: 943
batch 359, loss: 0.0009, instance_loss: 0.0000, weighted_loss: 0.0006, label: 1, bag_size: 227
batch 379, loss: 0.0008, instance_loss: 0.0469, weighted_loss: 0.0146, label: 0, bag_size: 260
batch 399, loss: 0.0041, instance_loss: 0.0004, weighted_loss: 0.0030, label: 1, bag_size: 856
batch 419, loss: 0.0000, instance_loss: 0.0385, weighted_loss: 0.0116, label: 0, bag_size: 76
batch 439, loss: 0.0001, instance_loss: 0.0306, weighted_loss: 0.0092, label: 1, bag_size: 226
batch 459, loss: 0.0000, instance_loss: 0.0133, weighted_loss: 0.0040, label: 0, bag_size: 1007
batch 479, loss: 0.0002, instance_loss: 0.0450, weighted_loss: 0.0136, label: 0, bag_size: 251
batch 499, loss: 0.0041, instance_loss: 0.0023, weighted_loss: 0.0035, label: 0, bag_size: 954
batch 519, loss: 0.0012, instance_loss: 0.0000, weighted_loss: 0.0008, label: 1, bag_size: 231
batch 539, loss: 0.0001, instance_loss: 0.0024, weighted_loss: 0.0008, label: 1, bag_size: 280
batch 559, loss: 0.1304, instance_loss: 0.0008, weighted_loss: 0.0915, label: 0, bag_size: 1084
batch 579, loss: 0.0013, instance_loss: 0.0000, weighted_loss: 0.0009, label: 1, bag_size: 943
batch 599, loss: 0.0000, instance_loss: 0.0103, weighted_loss: 0.0031, label: 0, bag_size: 1078
batch 619, loss: 0.0000, instance_loss: 0.0003, weighted_loss: 0.0001, label: 0, bag_size: 629
batch 639, loss: 0.0000, instance_loss: 0.1745, weighted_loss: 0.0523, label: 0, bag_size: 91
batch 659, loss: 0.0000, instance_loss: 0.0108, weighted_loss: 0.0032, label: 0, bag_size: 190
batch 679, loss: 0.0000, instance_loss: 0.0143, weighted_loss: 0.0043, label: 0, bag_size: 926


class 0 clustering acc 0.9967811158798283: correct 5574/5592
class 1 clustering acc 0.9874821173104434: correct 5522/5592
Epoch: 11, train_loss: 0.0364, train_clustering_loss:  0.0499, train_error: 0.0114
class 0: acc 0.9831932773109243, correct 351/357
class 1: acc 0.9941520467836257, correct 340/342

Val Set, val_loss: 0.6652, val_error: 0.1329, auc: 0.5341
class 0 clustering acc 1.0: correct 1144/1144
class 1 clustering acc 0.9947552447552448: correct 1138/1144
class 0: acc 0.8978102189781022, correct 123/137
class 1: acc 0.16666666666666666, correct 1/6
EarlyStopping counter: 11 out of 20


batch 19, loss: 0.0003, instance_loss: 0.0047, weighted_loss: 0.0016, label: 0, bag_size: 1062
batch 39, loss: 0.0007, instance_loss: 0.0003, weighted_loss: 0.0006, label: 1, bag_size: 226
batch 59, loss: 0.0000, instance_loss: 0.2602, weighted_loss: 0.0781, label: 0, bag_size: 160
batch 79, loss: 0.0000, instance_loss: 0.1571, weighted_loss: 0.0472, label: 0, bag_size: 281
batch 99, loss: 0.0030, instance_loss: 0.0003, weighted_loss: 0.0022, label: 1, bag_size: 167
batch 119, loss: 0.0000, instance_loss: 0.0181, weighted_loss: 0.0055, label: 0, bag_size: 240
batch 139, loss: 0.0072, instance_loss: 0.0000, weighted_loss: 0.0050, label: 1, bag_size: 399
batch 159, loss: 0.0189, instance_loss: 0.0000, weighted_loss: 0.0133, label: 1, bag_size: 856
batch 179, loss: 0.0001, instance_loss: 0.0128, weighted_loss: 0.0039, label: 1, bag_size: 226
batch 199, loss: 0.0000, instance_loss: 0.0019, weighted_loss: 0.0006, label: 0, bag_size: 322
batch 219, loss: 0.0374, instance_loss: 0.0081, weighted_loss: 0.0286, label: 0, bag_size: 891
batch 239, loss: 0.0035, instance_loss: 0.0006, weighted_loss: 0.0026, label: 1, bag_size: 283
batch 259, loss: 0.0002, instance_loss: 0.0003, weighted_loss: 0.0002, label: 1, bag_size: 1002
batch 279, loss: 0.0223, instance_loss: 0.0000, weighted_loss: 0.0156, label: 1, bag_size: 856
batch 299, loss: 0.0000, instance_loss: 0.0524, weighted_loss: 0.0157, label: 0, bag_size: 162
batch 319, loss: 0.0001, instance_loss: 0.1485, weighted_loss: 0.0446, label: 1, bag_size: 212
batch 339, loss: 0.0001, instance_loss: 0.0030, weighted_loss: 0.0010, label: 0, bag_size: 315
batch 359, loss: 0.0007, instance_loss: 0.0129, weighted_loss: 0.0044, label: 0, bag_size: 1065
batch 379, loss: 0.0018, instance_loss: 0.0006, weighted_loss: 0.0014, label: 1, bag_size: 399
batch 399, loss: 0.0000, instance_loss: 0.0105, weighted_loss: 0.0031, label: 0, bag_size: 412
batch 419, loss: 0.0018, instance_loss: 0.0042, weighted_loss: 0.0026, label: 1, bag_size: 227
batch 439, loss: 0.0005, instance_loss: 0.0016, weighted_loss: 0.0008, label: 0, bag_size: 1341
batch 459, loss: 0.0027, instance_loss: 0.0000, weighted_loss: 0.0019, label: 1, bag_size: 345
batch 479, loss: 0.0011, instance_loss: 0.0013, weighted_loss: 0.0012, label: 0, bag_size: 862
batch 499, loss: 0.0002, instance_loss: 1.9856, weighted_loss: 0.5958, label: 0, bag_size: 298
batch 519, loss: 0.0000, instance_loss: 0.3337, weighted_loss: 0.1001, label: 0, bag_size: 325
batch 539, loss: 0.1851, instance_loss: 0.0019, weighted_loss: 0.1302, label: 0, bag_size: 1070
batch 559, loss: 0.0000, instance_loss: 0.0311, weighted_loss: 0.0093, label: 0, bag_size: 136
batch 579, loss: 0.0000, instance_loss: 0.0000, weighted_loss: 0.0000, label: 1, bag_size: 698
batch 599, loss: 0.0086, instance_loss: 0.0012, weighted_loss: 0.0064, label: 1, bag_size: 379
batch 619, loss: 0.0006, instance_loss: 0.0008, weighted_loss: 0.0007, label: 0, bag_size: 320
batch 639, loss: 0.0053, instance_loss: 0.0050, weighted_loss: 0.0052, label: 1, bag_size: 321
batch 659, loss: 0.0000, instance_loss: 0.0430, weighted_loss: 0.0129, label: 0, bag_size: 89
batch 679, loss: 0.0001, instance_loss: 0.0008, weighted_loss: 0.0003, label: 1, bag_size: 531


class 0 clustering acc 0.9973175965665236: correct 5577/5592
class 1 clustering acc 0.9876609442060086: correct 5523/5592
Epoch: 12, train_loss: 0.0339, train_clustering_loss:  0.0488, train_error: 0.0100
class 0: acc 0.9880597014925373, correct 331/335
class 1: acc 0.9917582417582418, correct 361/364

Val Set, val_loss: 0.5946, val_error: 0.0979, auc: 0.4015
class 0 clustering acc 1.0: correct 1144/1144
class 1 clustering acc 0.9947552447552448: correct 1138/1144
class 0: acc 0.9416058394160584, correct 129/137
class 1: acc 0.0, correct 0/6
EarlyStopping counter: 12 out of 20


batch 19, loss: 0.0005, instance_loss: 0.1637, weighted_loss: 0.0494, label: 0, bag_size: 82
batch 39, loss: 0.0061, instance_loss: 0.0003, weighted_loss: 0.0044, label: 1, bag_size: 1017
batch 59, loss: 0.0000, instance_loss: 0.0122, weighted_loss: 0.0037, label: 0, bag_size: 91
batch 79, loss: 0.0016, instance_loss: 0.0000, weighted_loss: 0.0011, label: 1, bag_size: 345
batch 99, loss: 0.0005, instance_loss: 0.0113, weighted_loss: 0.0037, label: 1, bag_size: 178
batch 119, loss: 0.0025, instance_loss: 0.0045, weighted_loss: 0.0031, label: 1, bag_size: 162
batch 139, loss: 0.0000, instance_loss: 0.0069, weighted_loss: 0.0021, label: 0, bag_size: 250
batch 159, loss: 0.0000, instance_loss: 0.0025, weighted_loss: 0.0007, label: 0, bag_size: 965
batch 179, loss: 0.0000, instance_loss: 0.0244, weighted_loss: 0.0073, label: 0, bag_size: 269
batch 199, loss: 0.0000, instance_loss: 0.2012, weighted_loss: 0.0604, label: 0, bag_size: 64
batch 219, loss: 0.0000, instance_loss: 0.0002, weighted_loss: 0.0001, label: 1, bag_size: 919
batch 239, loss: 0.0000, instance_loss: 0.0683, weighted_loss: 0.0205, label: 0, bag_size: 343
batch 259, loss: 0.0003, instance_loss: 0.0000, weighted_loss: 0.0002, label: 1, bag_size: 1374
batch 279, loss: 0.0000, instance_loss: 0.0136, weighted_loss: 0.0041, label: 0, bag_size: 193
batch 299, loss: 0.0002, instance_loss: 0.0230, weighted_loss: 0.0070, label: 1, bag_size: 212
batch 319, loss: 0.0000, instance_loss: 0.0185, weighted_loss: 0.0056, label: 0, bag_size: 276
batch 339, loss: 0.0007, instance_loss: 0.0003, weighted_loss: 0.0006, label: 1, bag_size: 319
batch 359, loss: 0.0012, instance_loss: 0.0002, weighted_loss: 0.0009, label: 1, bag_size: 698
batch 379, loss: 0.0000, instance_loss: 0.0027, weighted_loss: 0.0008, label: 0, bag_size: 1270
batch 399, loss: 0.0000, instance_loss: 0.1174, weighted_loss: 0.0352, label: 0, bag_size: 164
batch 419, loss: 0.0022, instance_loss: 0.0006, weighted_loss: 0.0017, label: 1, bag_size: 1082
batch 439, loss: 0.0000, instance_loss: 0.1481, weighted_loss: 0.0444, label: 0, bag_size: 200
batch 459, loss: 0.0006, instance_loss: 0.0004, weighted_loss: 0.0005, label: 0, bag_size: 1017
batch 479, loss: 0.0001, instance_loss: 0.0435, weighted_loss: 0.0131, label: 0, bag_size: 194
batch 499, loss: 0.0001, instance_loss: 0.6099, weighted_loss: 0.1831, label: 0, bag_size: 306
batch 519, loss: 0.0000, instance_loss: 0.0927, weighted_loss: 0.0278, label: 0, bag_size: 194
batch 539, loss: 0.0009, instance_loss: 0.0036, weighted_loss: 0.0017, label: 1, bag_size: 231
batch 559, loss: 0.0023, instance_loss: 0.0002, weighted_loss: 0.0017, label: 1, bag_size: 531
batch 579, loss: 0.0044, instance_loss: 0.0002, weighted_loss: 0.0031, label: 1, bag_size: 571
batch 599, loss: 0.0000, instance_loss: 0.1727, weighted_loss: 0.0518, label: 0, bag_size: 149
batch 619, loss: 0.0017, instance_loss: 0.0029, weighted_loss: 0.0021, label: 1, bag_size: 1082
batch 639, loss: 0.0022, instance_loss: 0.0086, weighted_loss: 0.0041, label: 1, bag_size: 903
batch 659, loss: 0.0000, instance_loss: 0.0004, weighted_loss: 0.0001, label: 1, bag_size: 698
batch 679, loss: 0.0009, instance_loss: 0.0046, weighted_loss: 0.0020, label: 1, bag_size: 178


class 0 clustering acc 0.9969599427753935: correct 5575/5592
class 1 clustering acc 0.9869456366237482: correct 5519/5592
Epoch: 13, train_loss: 0.0029, train_clustering_loss:  0.0469, train_error: 0.0000
class 0: acc 1.0, correct 334/334
class 1: acc 1.0, correct 365/365

Val Set, val_loss: 0.5228, val_error: 0.0839, auc: 0.4246
class 0 clustering acc 1.0: correct 1144/1144
class 1 clustering acc 0.9781468531468531: correct 1119/1144
class 0: acc 0.9562043795620438, correct 131/137
class 1: acc 0.0, correct 0/6
EarlyStopping counter: 13 out of 20


batch 19, loss: 0.0002, instance_loss: 0.0083, weighted_loss: 0.0026, label: 0, bag_size: 484
batch 39, loss: 0.0001, instance_loss: 0.0098, weighted_loss: 0.0030, label: 0, bag_size: 367
batch 59, loss: 0.0005, instance_loss: 0.0311, weighted_loss: 0.0097, label: 0, bag_size: 954
batch 79, loss: 0.0000, instance_loss: 0.0022, weighted_loss: 0.0007, label: 0, bag_size: 621
batch 99, loss: 0.0007, instance_loss: 0.0000, weighted_loss: 0.0005, label: 1, bag_size: 531
batch 119, loss: 0.0001, instance_loss: 0.0000, weighted_loss: 0.0001, label: 1, bag_size: 917
batch 139, loss: 0.0000, instance_loss: 0.0073, weighted_loss: 0.0022, label: 0, bag_size: 200
batch 159, loss: 0.0003, instance_loss: 0.0000, weighted_loss: 0.0002, label: 1, bag_size: 816
batch 179, loss: 0.0000, instance_loss: 0.0002, weighted_loss: 0.0001, label: 0, bag_size: 1592
batch 199, loss: 0.0000, instance_loss: 0.0004, weighted_loss: 0.0001, label: 0, bag_size: 1063
batch 219, loss: 0.0000, instance_loss: 0.0079, weighted_loss: 0.0024, label: 0, bag_size: 155
batch 239, loss: 0.0005, instance_loss: 0.0000, weighted_loss: 0.0003, label: 1, bag_size: 345
batch 259, loss: 0.0000, instance_loss: 0.0007, weighted_loss: 0.0002, label: 1, bag_size: 845
batch 279, loss: 0.0000, instance_loss: 0.0064, weighted_loss: 0.0019, label: 0, bag_size: 199
batch 299, loss: 0.0000, instance_loss: 0.0051, weighted_loss: 0.0016, label: 0, bag_size: 349
batch 319, loss: 0.0000, instance_loss: 0.0004, weighted_loss: 0.0001, label: 0, bag_size: 922
batch 339, loss: 0.0002, instance_loss: 0.0020, weighted_loss: 0.0007, label: 0, bag_size: 1263
batch 359, loss: 0.0000, instance_loss: 0.0550, weighted_loss: 0.0165, label: 0, bag_size: 190
batch 379, loss: 0.0006, instance_loss: 0.0005, weighted_loss: 0.0006, label: 1, bag_size: 231
batch 399, loss: 0.0000, instance_loss: 0.0062, weighted_loss: 0.0019, label: 0, bag_size: 618
batch 419, loss: 0.0001, instance_loss: 0.0000, weighted_loss: 0.0001, label: 1, bag_size: 917
batch 439, loss: 0.0001, instance_loss: 0.0007, weighted_loss: 0.0003, label: 1, bag_size: 1074
batch 459, loss: 0.0003, instance_loss: 0.0000, weighted_loss: 0.0002, label: 1, bag_size: 1044
batch 479, loss: 0.0000, instance_loss: 0.0033, weighted_loss: 0.0010, label: 0, bag_size: 162
batch 499, loss: 0.0000, instance_loss: 0.0034, weighted_loss: 0.0010, label: 0, bag_size: 697
batch 519, loss: 0.0000, instance_loss: 0.0183, weighted_loss: 0.0055, label: 0, bag_size: 228
batch 539, loss: 0.0002, instance_loss: 0.0000, weighted_loss: 0.0002, label: 1, bag_size: 816
batch 559, loss: 0.0005, instance_loss: 0.0000, weighted_loss: 0.0003, label: 1, bag_size: 1082
batch 579, loss: 0.0000, instance_loss: 0.0371, weighted_loss: 0.0111, label: 0, bag_size: 273
batch 599, loss: 0.0000, instance_loss: 0.0019, weighted_loss: 0.0006, label: 0, bag_size: 1040
batch 619, loss: 0.0005, instance_loss: 0.0003, weighted_loss: 0.0004, label: 1, bag_size: 571
batch 639, loss: 0.0007, instance_loss: 0.0011, weighted_loss: 0.0008, label: 1, bag_size: 379
batch 659, loss: 0.0000, instance_loss: 0.0010, weighted_loss: 0.0003, label: 0, bag_size: 697
batch 679, loss: 0.0001, instance_loss: 0.0000, weighted_loss: 0.0000, label: 1, bag_size: 917


class 0 clustering acc 0.9978540772532188: correct 5580/5592
class 1 clustering acc 0.9858726752503576: correct 5513/5592
Epoch: 14, train_loss: 0.0008, train_clustering_loss:  0.0471, train_error: 0.0000
class 0: acc 1.0, correct 379/379
class 1: acc 1.0, correct 320/320

Val Set, val_loss: 0.5169, val_error: 0.0769, auc: 0.4416
class 0 clustering acc 1.0: correct 1144/1144
class 1 clustering acc 0.9711538461538461: correct 1111/1144
class 0: acc 0.9635036496350365, correct 132/137
class 1: acc 0.0, correct 0/6
EarlyStopping counter: 14 out of 20


batch 19, loss: 0.0019, instance_loss: 0.0103, weighted_loss: 0.0045, label: 1, bag_size: 178
batch 39, loss: 0.0004, instance_loss: 0.0000, weighted_loss: 0.0003, label: 1, bag_size: 788
batch 59, loss: 0.0016, instance_loss: 0.0000, weighted_loss: 0.0011, label: 1, bag_size: 788
batch 79, loss: 0.0002, instance_loss: 0.0000, weighted_loss: 0.0001, label: 1, bag_size: 816
batch 99, loss: 0.0000, instance_loss: 0.0008, weighted_loss: 0.0002, label: 0, bag_size: 545
batch 119, loss: 0.0000, instance_loss: 0.0360, weighted_loss: 0.0108, label: 0, bag_size: 1205
batch 139, loss: 0.0001, instance_loss: 0.0000, weighted_loss: 0.0000, label: 1, bag_size: 845
batch 159, loss: 0.0002, instance_loss: 1.8359, weighted_loss: 0.5509, label: 0, bag_size: 106
batch 179, loss: 0.0000, instance_loss: 0.0000, weighted_loss: 0.0000, label: 1, bag_size: 1074
batch 199, loss: 0.0000, instance_loss: 0.0035, weighted_loss: 0.0011, label: 0, bag_size: 162
batch 219, loss: 0.0000, instance_loss: 0.0060, weighted_loss: 0.0018, label: 0, bag_size: 1120
batch 239, loss: 0.0001, instance_loss: 0.0017, weighted_loss: 0.0006, label: 0, bag_size: 529
batch 259, loss: 0.0000, instance_loss: 0.0005, weighted_loss: 0.0002, label: 1, bag_size: 912
batch 279, loss: 0.0000, instance_loss: 0.0021, weighted_loss: 0.0006, label: 0, bag_size: 736
batch 299, loss: 0.0000, instance_loss: 0.0044, weighted_loss: 0.0013, label: 0, bag_size: 1107
batch 319, loss: 0.0004, instance_loss: 0.0166, weighted_loss: 0.0052, label: 0, bag_size: 1119
batch 339, loss: 0.0000, instance_loss: 0.0000, weighted_loss: 0.0000, label: 1, bag_size: 1374
batch 359, loss: 0.0000, instance_loss: 0.0009, weighted_loss: 0.0003, label: 1, bag_size: 160
batch 379, loss: 0.0000, instance_loss: 0.0009, weighted_loss: 0.0003, label: 1, bag_size: 189
batch 399, loss: 0.0010, instance_loss: 0.0000, weighted_loss: 0.0007, label: 1, bag_size: 788
batch 419, loss: 0.0004, instance_loss: 0.0009, weighted_loss: 0.0006, label: 1, bag_size: 212
batch 439, loss: 0.0001, instance_loss: 0.0005, weighted_loss: 0.0002, label: 1, bag_size: 1074
batch 459, loss: 0.0000, instance_loss: 0.0137, weighted_loss: 0.0041, label: 0, bag_size: 67
batch 479, loss: 0.0000, instance_loss: 0.3750, weighted_loss: 0.1125, label: 0, bag_size: 65
batch 499, loss: 0.0000, instance_loss: 0.0507, weighted_loss: 0.0152, label: 0, bag_size: 147
batch 519, loss: 0.0001, instance_loss: 0.0000, weighted_loss: 0.0000, label: 1, bag_size: 917
batch 539, loss: 0.0000, instance_loss: 0.9592, weighted_loss: 0.2878, label: 0, bag_size: 395
batch 559, loss: 0.0002, instance_loss: 0.0000, weighted_loss: 0.0002, label: 1, bag_size: 1297
batch 579, loss: 0.0001, instance_loss: 0.0278, weighted_loss: 0.0084, label: 0, bag_size: 798
batch 599, loss: 0.0007, instance_loss: 0.0161, weighted_loss: 0.0053, label: 1, bag_size: 50
batch 619, loss: 0.0013, instance_loss: 0.0818, weighted_loss: 0.0254, label: 1, bag_size: 50
batch 639, loss: 0.0003, instance_loss: 0.0009, weighted_loss: 0.0005, label: 1, bag_size: 399
batch 659, loss: 0.0000, instance_loss: 0.1706, weighted_loss: 0.0512, label: 0, bag_size: 324
batch 679, loss: 0.0000, instance_loss: 1.4883, weighted_loss: 0.4465, label: 0, bag_size: 74


class 0 clustering acc 0.9973175965665236: correct 5577/5592
class 1 clustering acc 0.9855150214592274: correct 5511/5592
Epoch: 15, train_loss: 0.0005, train_clustering_loss:  0.0508, train_error: 0.0000
class 0: acc 1.0, correct 357/357
class 1: acc 1.0, correct 342/342

Val Set, val_loss: 0.5098, val_error: 0.0699, auc: 0.4538
class 0 clustering acc 1.0: correct 1144/1144
class 1 clustering acc 0.9833916083916084: correct 1125/1144
class 0: acc 0.9708029197080292, correct 133/137
class 1: acc 0.0, correct 0/6
EarlyStopping counter: 15 out of 20


batch 19, loss: 0.0001, instance_loss: 0.0004, weighted_loss: 0.0001, label: 1, bag_size: 1016
batch 39, loss: 0.0002, instance_loss: 0.0373, weighted_loss: 0.0114, label: 0, bag_size: 110
batch 59, loss: 0.0021, instance_loss: 0.1465, weighted_loss: 0.0455, label: 0, bag_size: 144
batch 79, loss: 0.0002, instance_loss: 0.0000, weighted_loss: 0.0001, label: 1, bag_size: 1044
batch 99, loss: 0.0000, instance_loss: 0.0070, weighted_loss: 0.0021, label: 0, bag_size: 243
batch 119, loss: 0.0000, instance_loss: 0.0079, weighted_loss: 0.0024, label: 0, bag_size: 164
batch 139, loss: 0.0000, instance_loss: 0.0898, weighted_loss: 0.0270, label: 0, bag_size: 613
batch 159, loss: 0.0000, instance_loss: 0.0395, weighted_loss: 0.0118, label: 0, bag_size: 171
batch 179, loss: 0.0000, instance_loss: 0.0007, weighted_loss: 0.0002, label: 0, bag_size: 619
batch 199, loss: 0.0000, instance_loss: 0.0000, weighted_loss: 0.0000, label: 1, bag_size: 917
batch 219, loss: 0.0695, instance_loss: 0.0015, weighted_loss: 0.0491, label: 1, bag_size: 531
batch 239, loss: 0.0000, instance_loss: 0.0005, weighted_loss: 0.0002, label: 1, bag_size: 1017
batch 259, loss: 0.0001, instance_loss: 0.0003, weighted_loss: 0.0002, label: 1, bag_size: 1016
batch 279, loss: 0.0000, instance_loss: 0.0000, weighted_loss: 0.0000, label: 1, bag_size: 845
batch 299, loss: 0.0000, instance_loss: 0.0003, weighted_loss: 0.0001, label: 1, bag_size: 943
batch 319, loss: 0.0003, instance_loss: 0.0026, weighted_loss: 0.0010, label: 1, bag_size: 189
batch 339, loss: 0.0004, instance_loss: 0.0005, weighted_loss: 0.0004, label: 1, bag_size: 1044
batch 359, loss: 0.0001, instance_loss: 0.1608, weighted_loss: 0.0483, label: 0, bag_size: 123
batch 379, loss: 0.0007, instance_loss: 0.0090, weighted_loss: 0.0031, label: 0, bag_size: 848
batch 399, loss: 0.0001, instance_loss: 0.0245, weighted_loss: 0.0074, label: 1, bag_size: 226
batch 419, loss: 0.0002, instance_loss: 0.0000, weighted_loss: 0.0002, label: 1, bag_size: 926
batch 439, loss: 0.0000, instance_loss: 0.0070, weighted_loss: 0.0021, label: 0, bag_size: 275
batch 459, loss: 0.0000, instance_loss: 0.0156, weighted_loss: 0.0047, label: 0, bag_size: 195
batch 479, loss: 0.0001, instance_loss: 0.0028, weighted_loss: 0.0009, label: 0, bag_size: 409
batch 499, loss: 0.0064, instance_loss: 0.0161, weighted_loss: 0.0094, label: 0, bag_size: 203
batch 519, loss: 0.0010, instance_loss: 0.0070, weighted_loss: 0.0028, label: 1, bag_size: 50
batch 539, loss: 0.0324, instance_loss: 0.0000, weighted_loss: 0.0226, label: 1, bag_size: 856
batch 559, loss: 0.0697, instance_loss: 0.0002, weighted_loss: 0.0488, label: 1, bag_size: 189
batch 579, loss: 0.0004, instance_loss: 0.8040, weighted_loss: 0.2415, label: 0, bag_size: 105
batch 599, loss: 0.0001, instance_loss: 0.0060, weighted_loss: 0.0018, label: 1, bag_size: 226
batch 619, loss: 0.0003, instance_loss: 0.0000, weighted_loss: 0.0002, label: 1, bag_size: 345
batch 639, loss: 0.0001, instance_loss: 0.0000, weighted_loss: 0.0001, label: 1, bag_size: 345
batch 659, loss: 0.0000, instance_loss: 0.0000, weighted_loss: 0.0000, label: 1, bag_size: 321
batch 679, loss: 0.0000, instance_loss: 0.0003, weighted_loss: 0.0001, label: 1, bag_size: 319


class 0 clustering acc 0.9955293276108726: correct 5567/5592
class 1 clustering acc 0.9885550786838341: correct 5528/5592
Epoch: 16, train_loss: 0.0315, train_clustering_loss:  0.0437, train_error: 0.0100
class 0: acc 0.9912536443148688, correct 340/343
class 1: acc 0.9887640449438202, correct 352/356

Val Set, val_loss: 0.5545, val_error: 0.1049, auc: 0.5426
class 0 clustering acc 1.0: correct 1144/1144
class 1 clustering acc 0.9912587412587412: correct 1134/1144
class 0: acc 0.927007299270073, correct 127/137
class 1: acc 0.16666666666666666, correct 1/6
EarlyStopping counter: 16 out of 20


batch 19, loss: 0.0000, instance_loss: 0.0571, weighted_loss: 0.0171, label: 0, bag_size: 78
batch 39, loss: 0.0000, instance_loss: 0.0053, weighted_loss: 0.0016, label: 0, bag_size: 1029
batch 59, loss: 0.0004, instance_loss: 1.7964, weighted_loss: 0.5392, label: 0, bag_size: 65
batch 79, loss: 0.0000, instance_loss: 0.0017, weighted_loss: 0.0005, label: 1, bag_size: 943
batch 99, loss: 0.0106, instance_loss: 0.0043, weighted_loss: 0.0087, label: 1, bag_size: 656
batch 119, loss: 0.0000, instance_loss: 0.0000, weighted_loss: 0.0000, label: 1, bag_size: 919
batch 139, loss: 0.2676, instance_loss: 0.0028, weighted_loss: 0.1882, label: 0, bag_size: 659
batch 159, loss: 0.0000, instance_loss: 0.0048, weighted_loss: 0.0014, label: 0, bag_size: 417
batch 179, loss: 0.0002, instance_loss: 0.0000, weighted_loss: 0.0001, label: 1, bag_size: 345
batch 199, loss: 4.5199, instance_loss: 0.1120, weighted_loss: 3.1976, label: 0, bag_size: 1246
batch 219, loss: 0.0004, instance_loss: 0.0106, weighted_loss: 0.0034, label: 1, bag_size: 189
batch 239, loss: 0.0000, instance_loss: 0.0000, weighted_loss: 0.0000, label: 1, bag_size: 845
batch 259, loss: 0.0001, instance_loss: 0.1015, weighted_loss: 0.0305, label: 0, bag_size: 82
batch 279, loss: 0.0000, instance_loss: 0.0826, weighted_loss: 0.0248, label: 0, bag_size: 244
batch 299, loss: 0.0174, instance_loss: 0.0014, weighted_loss: 0.0126, label: 1, bag_size: 1044
batch 319, loss: 0.0020, instance_loss: 0.0319, weighted_loss: 0.0110, label: 0, bag_size: 632
batch 339, loss: 0.0001, instance_loss: 0.0008, weighted_loss: 0.0003, label: 1, bag_size: 160
batch 359, loss: 0.0038, instance_loss: 0.0254, weighted_loss: 0.0103, label: 0, bag_size: 190
batch 379, loss: 0.0002, instance_loss: 0.0000, weighted_loss: 0.0001, label: 1, bag_size: 816
batch 399, loss: 0.0001, instance_loss: 0.0000, weighted_loss: 0.0001, label: 1, bag_size: 1074
batch 419, loss: 0.0000, instance_loss: 0.0065, weighted_loss: 0.0019, label: 0, bag_size: 365
batch 439, loss: 0.0000, instance_loss: 0.0154, weighted_loss: 0.0046, label: 0, bag_size: 670
batch 459, loss: 0.0000, instance_loss: 0.0622, weighted_loss: 0.0187, label: 0, bag_size: 462
batch 479, loss: 0.0000, instance_loss: 0.0000, weighted_loss: 0.0000, label: 1, bag_size: 319
batch 499, loss: 0.0000, instance_loss: 0.1822, weighted_loss: 0.0547, label: 0, bag_size: 214
batch 519, loss: 0.0010, instance_loss: 0.0041, weighted_loss: 0.0019, label: 1, bag_size: 1016
batch 539, loss: 0.0000, instance_loss: 0.0000, weighted_loss: 0.0000, label: 1, bag_size: 283
batch 559, loss: 0.0003, instance_loss: 0.1369, weighted_loss: 0.0413, label: 1, bag_size: 212
batch 579, loss: 0.0605, instance_loss: 0.0000, weighted_loss: 0.0423, label: 1, bag_size: 231
batch 599, loss: 0.0001, instance_loss: 0.0000, weighted_loss: 0.0001, label: 1, bag_size: 345
batch 619, loss: 0.0000, instance_loss: 0.0000, weighted_loss: 0.0000, label: 1, bag_size: 845
batch 639, loss: 0.0007, instance_loss: 0.0000, weighted_loss: 0.0005, label: 1, bag_size: 1297
batch 659, loss: 0.0000, instance_loss: 0.0256, weighted_loss: 0.0077, label: 0, bag_size: 162
batch 679, loss: 0.0000, instance_loss: 0.0000, weighted_loss: 0.0000, label: 1, bag_size: 917


class 0 clustering acc 0.9974964234620887: correct 5578/5592
class 1 clustering acc 0.9883762517882689: correct 5527/5592
Epoch: 17, train_loss: 0.0422, train_clustering_loss:  0.0421, train_error: 0.0143
class 0: acc 0.976878612716763, correct 338/346
class 1: acc 0.9943342776203966, correct 351/353

Val Set, val_loss: 0.5115, val_error: 0.0629, auc: 0.5316
class 0 clustering acc 1.0: correct 1144/1144
class 1 clustering acc 0.9877622377622378: correct 1130/1144
class 0: acc 0.9781021897810219, correct 134/137
class 1: acc 0.0, correct 0/6
EarlyStopping counter: 17 out of 20


batch 19, loss: 0.0000, instance_loss: 0.1260, weighted_loss: 0.0378, label: 0, bag_size: 164
batch 39, loss: 0.3060, instance_loss: 0.0012, weighted_loss: 0.2145, label: 0, bag_size: 873
batch 59, loss: 0.0000, instance_loss: 0.0062, weighted_loss: 0.0019, label: 0, bag_size: 965
batch 79, loss: 0.0002, instance_loss: 0.0020, weighted_loss: 0.0007, label: 1, bag_size: 280
batch 99, loss: 0.0000, instance_loss: 0.0075, weighted_loss: 0.0023, label: 0, bag_size: 209
batch 119, loss: 0.0129, instance_loss: 0.0049, weighted_loss: 0.0105, label: 1, bag_size: 903
batch 139, loss: 0.0000, instance_loss: 0.0154, weighted_loss: 0.0046, label: 0, bag_size: 413
batch 159, loss: 0.0000, instance_loss: 0.0009, weighted_loss: 0.0003, label: 0, bag_size: 610
batch 179, loss: 0.0003, instance_loss: 0.1522, weighted_loss: 0.0458, label: 0, bag_size: 298
batch 199, loss: 0.0027, instance_loss: 0.0017, weighted_loss: 0.0024, label: 1, bag_size: 1016
batch 219, loss: 0.0000, instance_loss: 0.0059, weighted_loss: 0.0018, label: 0, bag_size: 627
batch 239, loss: 0.0001, instance_loss: 0.0193, weighted_loss: 0.0058, label: 0, bag_size: 1065
batch 259, loss: 0.0000, instance_loss: 0.2876, weighted_loss: 0.0863, label: 0, bag_size: 161
batch 279, loss: 0.0000, instance_loss: 0.0073, weighted_loss: 0.0022, label: 0, bag_size: 367
batch 299, loss: 0.0000, instance_loss: 0.0314, weighted_loss: 0.0094, label: 0, bag_size: 281
batch 319, loss: 0.0008, instance_loss: 0.0045, weighted_loss: 0.0019, label: 0, bag_size: 1342
batch 339, loss: 0.0185, instance_loss: 0.1100, weighted_loss: 0.0460, label: 0, bag_size: 135
batch 359, loss: 0.0000, instance_loss: 0.0282, weighted_loss: 0.0085, label: 1, bag_size: 189
batch 379, loss: 0.0003, instance_loss: 0.0000, weighted_loss: 0.0002, label: 1, bag_size: 788
batch 399, loss: 0.0000, instance_loss: 0.0035, weighted_loss: 0.0011, label: 1, bag_size: 912
batch 419, loss: 0.0065, instance_loss: 0.0003, weighted_loss: 0.0046, label: 1, bag_size: 1082
batch 439, loss: 0.0000, instance_loss: 0.0050, weighted_loss: 0.0015, label: 0, bag_size: 213
batch 459, loss: 0.0572, instance_loss: 0.0150, weighted_loss: 0.0445, label: 0, bag_size: 71
batch 479, loss: 0.0000, instance_loss: 0.0006, weighted_loss: 0.0002, label: 1, bag_size: 912
batch 499, loss: 0.0000, instance_loss: 0.0092, weighted_loss: 0.0028, label: 0, bag_size: 1136
batch 519, loss: 0.0000, instance_loss: 0.0000, weighted_loss: 0.0000, label: 1, bag_size: 919
batch 539, loss: 0.0000, instance_loss: 0.0000, weighted_loss: 0.0000, label: 1, bag_size: 919
batch 559, loss: 0.0000, instance_loss: 0.0000, weighted_loss: 0.0000, label: 1, bag_size: 698
batch 579, loss: 0.0000, instance_loss: 0.0000, weighted_loss: 0.0000, label: 0, bag_size: 439
batch 599, loss: 0.0021, instance_loss: 0.0191, weighted_loss: 0.0072, label: 1, bag_size: 162
batch 619, loss: 0.0000, instance_loss: 0.0004, weighted_loss: 0.0001, label: 1, bag_size: 1034
batch 639, loss: 0.0001, instance_loss: 0.0048, weighted_loss: 0.0015, label: 1, bag_size: 1044
batch 659, loss: 0.0014, instance_loss: 0.0002, weighted_loss: 0.0010, label: 1, bag_size: 1016
batch 679, loss: 0.0000, instance_loss: 0.0045, weighted_loss: 0.0014, label: 1, bag_size: 227


class 0 clustering acc 0.9958869814020028: correct 5569/5592
class 1 clustering acc 0.9837267525035766: correct 5501/5592
Epoch: 18, train_loss: 0.0284, train_clustering_loss:  0.0612, train_error: 0.0072
class 0: acc 0.9943342776203966, correct 351/353
class 1: acc 0.9913294797687862, correct 343/346

Val Set, val_loss: 0.4619, val_error: 0.0629, auc: 0.5316
class 0 clustering acc 1.0: correct 1144/1144
class 1 clustering acc 0.9868881118881119: correct 1129/1144
class 0: acc 0.9781021897810219, correct 134/137
class 1: acc 0.0, correct 0/6
EarlyStopping counter: 18 out of 20


batch 19, loss: 0.0000, instance_loss: 0.0375, weighted_loss: 0.0112, label: 0, bag_size: 156
batch 39, loss: 0.0000, instance_loss: 0.0006, weighted_loss: 0.0002, label: 0, bag_size: 300
batch 59, loss: 0.0000, instance_loss: 0.0674, weighted_loss: 0.0202, label: 0, bag_size: 94
batch 79, loss: 0.0003, instance_loss: 0.8205, weighted_loss: 0.2464, label: 1, bag_size: 212
batch 99, loss: 0.0003, instance_loss: 1.0790, weighted_loss: 0.3239, label: 0, bag_size: 157
batch 119, loss: 0.0000, instance_loss: 0.0080, weighted_loss: 0.0024, label: 1, bag_size: 226
batch 139, loss: 0.0001, instance_loss: 0.0121, weighted_loss: 0.0037, label: 1, bag_size: 167
batch 159, loss: 0.0000, instance_loss: 0.0087, weighted_loss: 0.0026, label: 1, bag_size: 167
batch 179, loss: 0.0019, instance_loss: 0.1880, weighted_loss: 0.0577, label: 0, bag_size: 148
batch 199, loss: 0.0000, instance_loss: 0.0681, weighted_loss: 0.0204, label: 0, bag_size: 208
batch 219, loss: 0.0000, instance_loss: 0.0012, weighted_loss: 0.0004, label: 1, bag_size: 1017
batch 239, loss: 0.0001, instance_loss: 0.0041, weighted_loss: 0.0013, label: 0, bag_size: 1036
batch 259, loss: 0.0000, instance_loss: 0.0012, weighted_loss: 0.0004, label: 1, bag_size: 531
batch 279, loss: 0.0001, instance_loss: 0.0184, weighted_loss: 0.0056, label: 0, bag_size: 1070
batch 299, loss: 0.0000, instance_loss: 0.1622, weighted_loss: 0.0487, label: 0, bag_size: 267
batch 319, loss: 0.0003, instance_loss: 0.0000, weighted_loss: 0.0002, label: 1, bag_size: 1297
batch 339, loss: 0.0000, instance_loss: 0.0160, weighted_loss: 0.0048, label: 0, bag_size: 162
batch 359, loss: 0.0002, instance_loss: 0.0009, weighted_loss: 0.0005, label: 0, bag_size: 288
batch 379, loss: 0.0001, instance_loss: 0.0019, weighted_loss: 0.0007, label: 0, bag_size: 780
batch 399, loss: 0.0000, instance_loss: 0.0295, weighted_loss: 0.0088, label: 0, bag_size: 108
batch 419, loss: 0.0000, instance_loss: 0.0322, weighted_loss: 0.0097, label: 0, bag_size: 322
batch 439, loss: 0.0015, instance_loss: 0.6405, weighted_loss: 0.1932, label: 0, bag_size: 510
batch 459, loss: 0.0000, instance_loss: 0.0031, weighted_loss: 0.0009, label: 0, bag_size: 938
batch 479, loss: 0.0000, instance_loss: 0.6735, weighted_loss: 0.2020, label: 0, bag_size: 374
batch 499, loss: 0.0009, instance_loss: 0.0505, weighted_loss: 0.0158, label: 1, bag_size: 226
batch 519, loss: 0.0000, instance_loss: 0.0106, weighted_loss: 0.0032, label: 0, bag_size: 677
batch 539, loss: 0.0003, instance_loss: 0.0000, weighted_loss: 0.0002, label: 1, bag_size: 1297
batch 559, loss: 0.0000, instance_loss: 0.1916, weighted_loss: 0.0575, label: 0, bag_size: 233
batch 579, loss: 0.0007, instance_loss: 0.0476, weighted_loss: 0.0148, label: 1, bag_size: 226
batch 599, loss: 0.0000, instance_loss: 0.0008, weighted_loss: 0.0002, label: 1, bag_size: 845
batch 619, loss: 0.0040, instance_loss: 0.1761, weighted_loss: 0.0557, label: 0, bag_size: 643
batch 639, loss: 0.0000, instance_loss: 0.0140, weighted_loss: 0.0042, label: 0, bag_size: 1113
batch 659, loss: 0.0003, instance_loss: 0.0000, weighted_loss: 0.0002, label: 1, bag_size: 1374
batch 679, loss: 0.0001, instance_loss: 0.0373, weighted_loss: 0.0113, label: 0, bag_size: 243


class 0 clustering acc 0.9964234620886981: correct 5572/5592
class 1 clustering acc 0.9847997138769671: correct 5507/5592
Epoch: 19, train_loss: 0.0053, train_clustering_loss:  0.0517, train_error: 0.0029
class 0: acc 0.9971671388101983, correct 352/353
class 1: acc 0.9971098265895953, correct 345/346

Val Set, val_loss: 0.5423, val_error: 0.0490, auc: 0.4221
class 0 clustering acc 1.0: correct 1144/1144
class 1 clustering acc 0.9807692307692307: correct 1122/1144
class 0: acc 0.9927007299270073, correct 136/137
class 1: acc 0.0, correct 0/6
EarlyStopping counter: 19 out of 20


batch 19, loss: 0.0004, instance_loss: 0.0029, weighted_loss: 0.0011, label: 1, bag_size: 379
batch 39, loss: 0.0013, instance_loss: 0.0058, weighted_loss: 0.0026, label: 0, bag_size: 395
batch 59, loss: 0.0000, instance_loss: 0.0649, weighted_loss: 0.0195, label: 0, bag_size: 704
batch 79, loss: 0.0074, instance_loss: 0.0024, weighted_loss: 0.0059, label: 0, bag_size: 950
batch 99, loss: 0.0000, instance_loss: 1.3991, weighted_loss: 0.4198, label: 0, bag_size: 89
batch 119, loss: 0.0001, instance_loss: 0.0008, weighted_loss: 0.0003, label: 1, bag_size: 231
batch 139, loss: 0.0003, instance_loss: 0.0180, weighted_loss: 0.0056, label: 1, bag_size: 50
batch 159, loss: 0.0055, instance_loss: 0.0007, weighted_loss: 0.0041, label: 0, bag_size: 1213
batch 179, loss: 0.0000, instance_loss: 0.0217, weighted_loss: 0.0065, label: 0, bag_size: 276
batch 199, loss: 0.0000, instance_loss: 0.0000, weighted_loss: 0.0000, label: 1, bag_size: 912
batch 219, loss: 0.0001, instance_loss: 0.0016, weighted_loss: 0.0005, label: 1, bag_size: 189
batch 239, loss: 0.0000, instance_loss: 0.0094, weighted_loss: 0.0028, label: 1, bag_size: 227
batch 259, loss: 0.0000, instance_loss: 0.1174, weighted_loss: 0.0352, label: 0, bag_size: 335
batch 279, loss: 0.0020, instance_loss: 0.0005, weighted_loss: 0.0016, label: 1, bag_size: 1017
batch 299, loss: 0.0000, instance_loss: 0.0107, weighted_loss: 0.0032, label: 1, bag_size: 1016
batch 319, loss: 0.0000, instance_loss: 0.1564, weighted_loss: 0.0469, label: 0, bag_size: 395
batch 339, loss: 0.0001, instance_loss: 0.0686, weighted_loss: 0.0207, label: 0, bag_size: 322
batch 359, loss: 0.0026, instance_loss: 0.0000, weighted_loss: 0.0018, label: 1, bag_size: 1044
batch 379, loss: 0.0000, instance_loss: 0.0503, weighted_loss: 0.0151, label: 0, bag_size: 129
batch 399, loss: 0.0000, instance_loss: 0.0015, weighted_loss: 0.0005, label: 1, bag_size: 167
batch 419, loss: 0.0000, instance_loss: 1.7525, weighted_loss: 0.5258, label: 0, bag_size: 98
batch 439, loss: 0.0000, instance_loss: 0.0004, weighted_loss: 0.0001, label: 1, bag_size: 319
batch 459, loss: 0.0000, instance_loss: 0.3992, weighted_loss: 0.1198, label: 1, bag_size: 212
batch 479, loss: 0.0000, instance_loss: 0.0166, weighted_loss: 0.0050, label: 0, bag_size: 326
batch 499, loss: 0.0006, instance_loss: 0.1846, weighted_loss: 0.0558, label: 0, bag_size: 185
batch 519, loss: 0.0006, instance_loss: 0.0388, weighted_loss: 0.0120, label: 1, bag_size: 178
batch 539, loss: 0.0000, instance_loss: 0.2947, weighted_loss: 0.0884, label: 0, bag_size: 64
batch 559, loss: 0.0005, instance_loss: 0.0003, weighted_loss: 0.0005, label: 1, bag_size: 1016
batch 579, loss: 0.0052, instance_loss: 0.2481, weighted_loss: 0.0781, label: 1, bag_size: 212
batch 599, loss: 0.0102, instance_loss: 0.0000, weighted_loss: 0.0071, label: 1, bag_size: 345
batch 619, loss: 0.0005, instance_loss: 0.0000, weighted_loss: 0.0003, label: 1, bag_size: 1297
batch 639, loss: 0.0000, instance_loss: 0.0005, weighted_loss: 0.0002, label: 1, bag_size: 698
batch 659, loss: 0.0000, instance_loss: 0.0904, weighted_loss: 0.0271, label: 0, bag_size: 484
batch 679, loss: 0.0001, instance_loss: 0.0000, weighted_loss: 0.0001, label: 1, bag_size: 231


class 0 clustering acc 0.9939198855507868: correct 5558/5592
class 1 clustering acc 0.9810443490701002: correct 5486/5592
Epoch: 20, train_loss: 0.0033, train_clustering_loss:  0.0637, train_error: 0.0000
class 0: acc 1.0, correct 348/348
class 1: acc 1.0, correct 351/351

Val Set, val_loss: 0.5673, val_error: 0.0420, auc: 0.4270
class 0 clustering acc 0.9991258741258742: correct 1143/1144
class 1 clustering acc 0.993006993006993: correct 1136/1144
class 0: acc 1.0, correct 137/137
class 1: acc 0.0, correct 0/6
EarlyStopping counter: 20 out of 20


batch 19, loss: 0.0000, instance_loss: 0.8719, weighted_loss: 0.2616, label: 0, bag_size: 74
batch 39, loss: 0.0000, instance_loss: 0.0000, weighted_loss: 0.0000, label: 0, bag_size: 1592
batch 59, loss: 0.0001, instance_loss: 0.0170, weighted_loss: 0.0052, label: 0, bag_size: 924
batch 79, loss: 0.0003, instance_loss: 0.0273, weighted_loss: 0.0084, label: 0, bag_size: 1160
batch 99, loss: 0.0211, instance_loss: 0.0016, weighted_loss: 0.0152, label: 1, bag_size: 1044
batch 119, loss: 0.0000, instance_loss: 0.0006, weighted_loss: 0.0002, label: 1, bag_size: 399
batch 139, loss: 0.0000, instance_loss: 0.0004, weighted_loss: 0.0001, label: 1, bag_size: 903
batch 159, loss: 0.0000, instance_loss: 0.0252, weighted_loss: 0.0076, label: 0, bag_size: 210
batch 179, loss: 0.0000, instance_loss: 0.1520, weighted_loss: 0.0456, label: 0, bag_size: 146
batch 199, loss: 0.0022, instance_loss: 0.0000, weighted_loss: 0.0015, label: 1, bag_size: 1044
batch 219, loss: 0.0010, instance_loss: 0.0032, weighted_loss: 0.0016, label: 1, bag_size: 178
batch 239, loss: 0.0000, instance_loss: 0.0024, weighted_loss: 0.0007, label: 0, bag_size: 492
batch 259, loss: 0.0000, instance_loss: 0.0465, weighted_loss: 0.0139, label: 0, bag_size: 171
batch 279, loss: 0.0000, instance_loss: 0.0142, weighted_loss: 0.0043, label: 0, bag_size: 559
batch 299, loss: 0.0000, instance_loss: 0.0594, weighted_loss: 0.0178, label: 0, bag_size: 285
batch 319, loss: 0.0008, instance_loss: 0.0130, weighted_loss: 0.0044, label: 1, bag_size: 212
batch 339, loss: 0.0003, instance_loss: 0.0000, weighted_loss: 0.0002, label: 1, bag_size: 943
batch 359, loss: 0.0001, instance_loss: 0.4020, weighted_loss: 0.1207, label: 0, bag_size: 135
batch 379, loss: 0.0007, instance_loss: 0.0046, weighted_loss: 0.0019, label: 1, bag_size: 226
batch 399, loss: 0.0000, instance_loss: 0.0081, weighted_loss: 0.0025, label: 0, bag_size: 185
batch 419, loss: 0.0004, instance_loss: 0.3330, weighted_loss: 0.1002, label: 0, bag_size: 105
batch 439, loss: 0.0008, instance_loss: 0.0000, weighted_loss: 0.0006, label: 1, bag_size: 788
batch 459, loss: 0.0000, instance_loss: 0.0149, weighted_loss: 0.0045, label: 0, bag_size: 273
batch 479, loss: 0.0015, instance_loss: 0.0027, weighted_loss: 0.0018, label: 1, bag_size: 1082
batch 499, loss: 0.0007, instance_loss: 0.0000, weighted_loss: 0.0005, label: 1, bag_size: 283
batch 519, loss: 0.0011, instance_loss: 0.0000, weighted_loss: 0.0008, label: 1, bag_size: 321
batch 539, loss: 0.0004, instance_loss: 0.0002, weighted_loss: 0.0003, label: 1, bag_size: 1082
batch 559, loss: 0.0001, instance_loss: 0.0074, weighted_loss: 0.0023, label: 0, bag_size: 934
batch 579, loss: 0.0000, instance_loss: 0.0245, weighted_loss: 0.0074, label: 0, bag_size: 462
batch 599, loss: 0.0035, instance_loss: 0.0027, weighted_loss: 0.0032, label: 1, bag_size: 178
batch 619, loss: 0.0000, instance_loss: 0.0015, weighted_loss: 0.0005, label: 0, bag_size: 811
batch 639, loss: 0.0000, instance_loss: 0.0014, weighted_loss: 0.0004, label: 1, bag_size: 698
batch 659, loss: 0.0079, instance_loss: 0.0000, weighted_loss: 0.0056, label: 1, bag_size: 919
batch 679, loss: 0.0002, instance_loss: 0.1760, weighted_loss: 0.0529, label: 0, bag_size: 220


class 0 clustering acc 0.9948140200286123: correct 5563/5592
class 1 clustering acc 0.9835479256080114: correct 5500/5592
Epoch: 21, train_loss: 0.0658, train_clustering_loss:  0.0575, train_error: 0.0186
class 0: acc 0.980225988700565, correct 347/354
class 1: acc 0.9826086956521739, correct 339/345

Val Set, val_loss: 0.5115, val_error: 0.0629, auc: 0.4355
class 0 clustering acc 1.0: correct 1144/1144
class 1 clustering acc 0.972027972027972: correct 1112/1144
class 0: acc 0.9781021897810219, correct 134/137
class 1: acc 0.0, correct 0/6
EarlyStopping counter: 21 out of 20


batch 19, loss: 0.0658, instance_loss: 0.0405, weighted_loss: 0.0582, label: 0, bag_size: 678
batch 39, loss: 0.0057, instance_loss: 0.0000, weighted_loss: 0.0040, label: 1, bag_size: 943
batch 59, loss: 0.0008, instance_loss: 0.0000, weighted_loss: 0.0006, label: 1, bag_size: 856
batch 79, loss: 0.0038, instance_loss: 0.0000, weighted_loss: 0.0027, label: 1, bag_size: 903
batch 99, loss: 0.0000, instance_loss: 0.0921, weighted_loss: 0.0276, label: 0, bag_size: 119
batch 119, loss: 0.0000, instance_loss: 0.0092, weighted_loss: 0.0028, label: 0, bag_size: 201
batch 139, loss: 0.0000, instance_loss: 0.0005, weighted_loss: 0.0002, label: 1, bag_size: 167
batch 159, loss: 0.0559, instance_loss: 0.0000, weighted_loss: 0.0391, label: 1, bag_size: 926
batch 179, loss: 0.0002, instance_loss: 0.0000, weighted_loss: 0.0002, label: 1, bag_size: 283
batch 199, loss: 0.0010, instance_loss: 0.1412, weighted_loss: 0.0431, label: 0, bag_size: 144
batch 219, loss: 0.0000, instance_loss: 0.0087, weighted_loss: 0.0026, label: 0, bag_size: 619
batch 239, loss: 0.0024, instance_loss: 0.0000, weighted_loss: 0.0017, label: 1, bag_size: 1002
batch 259, loss: 0.0000, instance_loss: 0.0061, weighted_loss: 0.0019, label: 0, bag_size: 498
batch 279, loss: 0.0009, instance_loss: 0.0002, weighted_loss: 0.0007, label: 1, bag_size: 399
batch 299, loss: 0.0015, instance_loss: 0.0008, weighted_loss: 0.0013, label: 1, bag_size: 903
batch 319, loss: 0.0001, instance_loss: 0.0151, weighted_loss: 0.0046, label: 1, bag_size: 531
batch 339, loss: 0.0000, instance_loss: 0.0023, weighted_loss: 0.0007, label: 0, bag_size: 413
batch 359, loss: 0.0000, instance_loss: 0.0012, weighted_loss: 0.0003, label: 0, bag_size: 382
batch 379, loss: 0.0000, instance_loss: 0.0039, weighted_loss: 0.0012, label: 0, bag_size: 1164
batch 399, loss: 0.0000, instance_loss: 0.0000, weighted_loss: 0.0000, label: 1, bag_size: 227
batch 419, loss: 0.0000, instance_loss: 0.0611, weighted_loss: 0.0183, label: 0, bag_size: 190
batch 439, loss: 0.0013, instance_loss: 0.0867, weighted_loss: 0.0269, label: 1, bag_size: 571
batch 459, loss: 0.0005, instance_loss: 0.0669, weighted_loss: 0.0205, label: 0, bag_size: 246
batch 479, loss: 0.0000, instance_loss: 0.0064, weighted_loss: 0.0019, label: 0, bag_size: 119
batch 499, loss: 0.0016, instance_loss: 0.0000, weighted_loss: 0.0011, label: 1, bag_size: 926
batch 519, loss: 0.0000, instance_loss: 0.0002, weighted_loss: 0.0001, label: 0, bag_size: 48
batch 539, loss: 0.0010, instance_loss: 0.0180, weighted_loss: 0.0061, label: 1, bag_size: 1017
batch 559, loss: 0.0000, instance_loss: 0.1125, weighted_loss: 0.0338, label: 0, bag_size: 803
batch 579, loss: 0.3803, instance_loss: 0.0000, weighted_loss: 0.2662, label: 1, bag_size: 926
batch 599, loss: 0.0003, instance_loss: 0.0012, weighted_loss: 0.0006, label: 1, bag_size: 1374
batch 619, loss: 0.0000, instance_loss: 0.0000, weighted_loss: 0.0000, label: 1, bag_size: 1074
batch 639, loss: 0.0055, instance_loss: 0.0000, weighted_loss: 0.0038, label: 1, bag_size: 1017
batch 659, loss: 0.0138, instance_loss: 0.0315, weighted_loss: 0.0191, label: 0, bag_size: 236
batch 679, loss: 0.0004, instance_loss: 0.0000, weighted_loss: 0.0003, label: 1, bag_size: 231


class 0 clustering acc 0.996065808297568: correct 5570/5592
class 1 clustering acc 0.9842632331902719: correct 5504/5592
Epoch: 22, train_loss: 0.0041, train_clustering_loss:  0.0567, train_error: 0.0000
class 0: acc 1.0, correct 339/339
class 1: acc 1.0, correct 360/360

Val Set, val_loss: 0.5200, val_error: 0.0490, auc: 0.4684
class 0 clustering acc 1.0: correct 1144/1144
class 1 clustering acc 0.9842657342657343: correct 1126/1144
class 0: acc 0.9854014598540146, correct 135/137
class 1: acc 0.16666666666666666, correct 1/6
EarlyStopping counter: 22 out of 20


batch 19, loss: 0.0000, instance_loss: 0.0000, weighted_loss: 0.0000, label: 0, bag_size: 1080
batch 39, loss: 0.0006, instance_loss: 0.0000, weighted_loss: 0.0004, label: 1, bag_size: 1002
batch 59, loss: 0.0001, instance_loss: 0.0000, weighted_loss: 0.0000, label: 1, bag_size: 926
batch 79, loss: 0.0003, instance_loss: 0.0012, weighted_loss: 0.0006, label: 1, bag_size: 1034
batch 99, loss: 0.0031, instance_loss: 0.1944, weighted_loss: 0.0605, label: 1, bag_size: 50
batch 119, loss: 0.0008, instance_loss: 0.0000, weighted_loss: 0.0005, label: 1, bag_size: 1017
batch 139, loss: 0.0001, instance_loss: 0.0262, weighted_loss: 0.0079, label: 0, bag_size: 220
batch 159, loss: 0.0000, instance_loss: 0.0405, weighted_loss: 0.0121, label: 0, bag_size: 706
batch 179, loss: 0.0001, instance_loss: 0.0022, weighted_loss: 0.0007, label: 1, bag_size: 1082
batch 199, loss: 0.0000, instance_loss: 0.0072, weighted_loss: 0.0022, label: 0, bag_size: 1113
batch 219, loss: 0.0000, instance_loss: 0.0307, weighted_loss: 0.0092, label: 0, bag_size: 673
batch 239, loss: 0.0001, instance_loss: 0.0000, weighted_loss: 0.0001, label: 1, bag_size: 926
batch 259, loss: 0.0000, instance_loss: 0.0564, weighted_loss: 0.0170, label: 0, bag_size: 127
batch 279, loss: 0.0006, instance_loss: 0.0002, weighted_loss: 0.0005, label: 1, bag_size: 531
batch 299, loss: 0.0001, instance_loss: 0.0053, weighted_loss: 0.0017, label: 1, bag_size: 919
batch 319, loss: 0.0000, instance_loss: 0.0759, weighted_loss: 0.0228, label: 0, bag_size: 60
batch 339, loss: 0.0000, instance_loss: 0.0225, weighted_loss: 0.0068, label: 1, bag_size: 189
batch 359, loss: 0.0000, instance_loss: 0.0587, weighted_loss: 0.0176, label: 0, bag_size: 169
batch 379, loss: 0.1378, instance_loss: 0.0992, weighted_loss: 0.1262, label: 0, bag_size: 1269
batch 399, loss: 0.0004, instance_loss: 0.0000, weighted_loss: 0.0003, label: 1, bag_size: 926
batch 419, loss: 0.0007, instance_loss: 0.0000, weighted_loss: 0.0005, label: 1, bag_size: 943
batch 439, loss: 0.0000, instance_loss: 0.0291, weighted_loss: 0.0087, label: 1, bag_size: 571
batch 459, loss: 0.0014, instance_loss: 0.0000, weighted_loss: 0.0010, label: 1, bag_size: 856
batch 479, loss: 0.0000, instance_loss: 0.0272, weighted_loss: 0.0082, label: 0, bag_size: 454
batch 499, loss: 0.0028, instance_loss: 0.0000, weighted_loss: 0.0020, label: 1, bag_size: 917
batch 519, loss: 0.0004, instance_loss: 0.0220, weighted_loss: 0.0069, label: 0, bag_size: 178
batch 539, loss: 0.0000, instance_loss: 0.0227, weighted_loss: 0.0068, label: 0, bag_size: 190
batch 559, loss: 0.0036, instance_loss: 0.3021, weighted_loss: 0.0932, label: 0, bag_size: 60
batch 579, loss: 0.0016, instance_loss: 0.0005, weighted_loss: 0.0013, label: 0, bag_size: 789
batch 599, loss: 0.0014, instance_loss: 0.0000, weighted_loss: 0.0010, label: 1, bag_size: 919
batch 619, loss: 0.0000, instance_loss: 0.0003, weighted_loss: 0.0001, label: 0, bag_size: 397
batch 639, loss: 0.0000, instance_loss: 0.0051, weighted_loss: 0.0015, label: 0, bag_size: 613
batch 659, loss: 0.0001, instance_loss: 0.0023, weighted_loss: 0.0007, label: 1, bag_size: 226
batch 679, loss: 0.0004, instance_loss: 0.0010, weighted_loss: 0.0006, label: 1, bag_size: 399


class 0 clustering acc 0.9948140200286123: correct 5563/5592
class 1 clustering acc 0.9819384835479256: correct 5491/5592
Epoch: 23, train_loss: 0.0012, train_clustering_loss:  0.0631, train_error: 0.0000
class 0: acc 1.0, correct 346/346
class 1: acc 1.0, correct 353/353

Val Set, val_loss: 0.5065, val_error: 0.0490, auc: 0.4745
class 0 clustering acc 1.0: correct 1144/1144
class 1 clustering acc 0.9702797202797203: correct 1110/1144
class 0: acc 0.9927007299270073, correct 136/137
class 1: acc 0.0, correct 0/6
EarlyStopping counter: 23 out of 20


batch 19, loss: 0.0012, instance_loss: 0.0031, weighted_loss: 0.0018, label: 0, bag_size: 1119
batch 39, loss: 0.0008, instance_loss: 0.0000, weighted_loss: 0.0005, label: 1, bag_size: 1374
batch 59, loss: 0.0001, instance_loss: 0.0000, weighted_loss: 0.0001, label: 1, bag_size: 283
batch 79, loss: 0.0003, instance_loss: 0.0000, weighted_loss: 0.0002, label: 1, bag_size: 1034
batch 99, loss: 0.0007, instance_loss: 0.0463, weighted_loss: 0.0144, label: 0, bag_size: 174
batch 119, loss: 0.0001, instance_loss: 0.0082, weighted_loss: 0.0026, label: 1, bag_size: 227
batch 139, loss: 0.0001, instance_loss: 0.0000, weighted_loss: 0.0001, label: 0, bag_size: 1074
batch 159, loss: 0.0000, instance_loss: 0.0000, weighted_loss: 0.0000, label: 1, bag_size: 1374
batch 179, loss: 0.0002, instance_loss: 0.0002, weighted_loss: 0.0002, label: 1, bag_size: 1374
batch 199, loss: 0.0028, instance_loss: 0.0035, weighted_loss: 0.0030, label: 0, bag_size: 1517
batch 219, loss: 0.0000, instance_loss: 0.1350, weighted_loss: 0.0405, label: 0, bag_size: 352
batch 239, loss: 0.0001, instance_loss: 0.0000, weighted_loss: 0.0001, label: 1, bag_size: 943
batch 259, loss: 0.0000, instance_loss: 0.0156, weighted_loss: 0.0047, label: 0, bag_size: 189
batch 279, loss: 0.0002, instance_loss: 0.0006, weighted_loss: 0.0003, label: 1, bag_size: 1034
batch 299, loss: 0.0013, instance_loss: 0.0000, weighted_loss: 0.0009, label: 1, bag_size: 816
batch 319, loss: 0.0000, instance_loss: 0.0000, weighted_loss: 0.0000, label: 0, bag_size: 1133
batch 339, loss: 0.0001, instance_loss: 0.0000, weighted_loss: 0.0000, label: 1, bag_size: 919
batch 359, loss: 0.0002, instance_loss: 1.9999, weighted_loss: 0.6001, label: 0, bag_size: 229
batch 379, loss: 0.0000, instance_loss: 0.0000, weighted_loss: 0.0000, label: 1, bag_size: 845
batch 399, loss: 0.0010, instance_loss: 0.1702, weighted_loss: 0.0517, label: 1, bag_size: 212
batch 419, loss: 0.0000, instance_loss: 0.1137, weighted_loss: 0.0341, label: 0, bag_size: 529
batch 439, loss: 0.0000, instance_loss: 0.0100, weighted_loss: 0.0030, label: 0, bag_size: 704
batch 459, loss: 0.0000, instance_loss: 0.0000, weighted_loss: 0.0000, label: 0, bag_size: 1502
batch 479, loss: 0.0009, instance_loss: 0.0008, weighted_loss: 0.0008, label: 1, bag_size: 903
batch 499, loss: 0.0001, instance_loss: 0.0000, weighted_loss: 0.0001, label: 1, bag_size: 943
batch 519, loss: 0.0001, instance_loss: 0.0192, weighted_loss: 0.0058, label: 0, bag_size: 159
batch 539, loss: 0.0004, instance_loss: 0.0019, weighted_loss: 0.0008, label: 0, bag_size: 1270
batch 559, loss: 0.0000, instance_loss: 0.0281, weighted_loss: 0.0084, label: 0, bag_size: 286
batch 579, loss: 0.0003, instance_loss: 0.0000, weighted_loss: 0.0002, label: 1, bag_size: 919
batch 599, loss: 0.0023, instance_loss: 0.0102, weighted_loss: 0.0047, label: 0, bag_size: 678
batch 619, loss: 0.0001, instance_loss: 0.0056, weighted_loss: 0.0018, label: 1, bag_size: 50
batch 639, loss: 0.0001, instance_loss: 0.0543, weighted_loss: 0.0164, label: 0, bag_size: 235
batch 659, loss: 0.0001, instance_loss: 0.0005, weighted_loss: 0.0002, label: 1, bag_size: 903
batch 679, loss: 0.0002, instance_loss: 0.0000, weighted_loss: 0.0001, label: 1, bag_size: 1002


class 0 clustering acc 0.9957081545064378: correct 5568/5592
class 1 clustering acc 0.9812231759656652: correct 5487/5592
Epoch: 24, train_loss: 0.0003, train_clustering_loss:  0.0661, train_error: 0.0000
class 0: acc 1.0, correct 356/356
class 1: acc 1.0, correct 343/343

Val Set, val_loss: 0.5449, val_error: 0.0629, auc: 0.4611
class 0 clustering acc 1.0: correct 1144/1144
class 1 clustering acc 0.9702797202797203: correct 1110/1144
class 0: acc 0.9781021897810219, correct 134/137
class 1: acc 0.0, correct 0/6
EarlyStopping counter: 24 out of 20


batch 19, loss: 0.0005, instance_loss: 0.0948, weighted_loss: 0.0288, label: 0, bag_size: 234
batch 39, loss: 0.0000, instance_loss: 0.0000, weighted_loss: 0.0000, label: 0, bag_size: 1017
batch 59, loss: 0.0000, instance_loss: 0.0000, weighted_loss: 0.0000, label: 1, bag_size: 943
batch 79, loss: 0.0000, instance_loss: 0.5565, weighted_loss: 0.1670, label: 0, bag_size: 164
batch 99, loss: 0.0000, instance_loss: 0.0003, weighted_loss: 0.0001, label: 1, bag_size: 912
batch 119, loss: 0.0000, instance_loss: 0.0195, weighted_loss: 0.0059, label: 0, bag_size: 637
batch 139, loss: 0.0000, instance_loss: 0.0007, weighted_loss: 0.0002, label: 1, bag_size: 698
batch 159, loss: 0.0001, instance_loss: 0.0031, weighted_loss: 0.0010, label: 1, bag_size: 178
batch 179, loss: 0.0000, instance_loss: 0.2109, weighted_loss: 0.0633, label: 0, bag_size: 215
batch 199, loss: 0.0000, instance_loss: 0.0144, weighted_loss: 0.0043, label: 0, bag_size: 129
batch 219, loss: 0.0024, instance_loss: 0.0080, weighted_loss: 0.0041, label: 1, bag_size: 50
batch 239, loss: 0.0006, instance_loss: 0.7867, weighted_loss: 0.2364, label: 0, bag_size: 121
batch 259, loss: 0.0003, instance_loss: 0.0000, weighted_loss: 0.0002, label: 1, bag_size: 903
batch 279, loss: 0.0000, instance_loss: 0.0005, weighted_loss: 0.0001, label: 0, bag_size: 697
batch 299, loss: 0.0000, instance_loss: 0.0034, weighted_loss: 0.0010, label: 0, bag_size: 170
batch 319, loss: 0.0008, instance_loss: 0.0046, weighted_loss: 0.0019, label: 0, bag_size: 312
batch 339, loss: 0.0007, instance_loss: 0.0000, weighted_loss: 0.0005, label: 0, bag_size: 820
batch 359, loss: 0.0000, instance_loss: 0.0021, weighted_loss: 0.0006, label: 0, bag_size: 1378
batch 379, loss: 0.0004, instance_loss: 0.0002, weighted_loss: 0.0003, label: 1, bag_size: 917
batch 399, loss: 0.0002, instance_loss: 0.0009, weighted_loss: 0.0004, label: 1, bag_size: 379
batch 419, loss: 0.0000, instance_loss: 0.1265, weighted_loss: 0.0380, label: 1, bag_size: 178
batch 439, loss: 0.0000, instance_loss: 0.0181, weighted_loss: 0.0055, label: 0, bag_size: 611
batch 459, loss: 0.0000, instance_loss: 0.0000, weighted_loss: 0.0000, label: 0, bag_size: 1291
batch 479, loss: 0.0000, instance_loss: 0.2700, weighted_loss: 0.0810, label: 0, bag_size: 348
batch 499, loss: 0.0035, instance_loss: 0.0000, weighted_loss: 0.0024, label: 1, bag_size: 856
batch 519, loss: 0.0001, instance_loss: 0.0000, weighted_loss: 0.0000, label: 1, bag_size: 319
batch 539, loss: 0.0000, instance_loss: 0.0517, weighted_loss: 0.0155, label: 0, bag_size: 904
batch 559, loss: 0.0000, instance_loss: 0.0366, weighted_loss: 0.0110, label: 0, bag_size: 190
batch 579, loss: 0.0000, instance_loss: 0.0244, weighted_loss: 0.0073, label: 0, bag_size: 456
batch 599, loss: 0.0000, instance_loss: 0.0060, weighted_loss: 0.0018, label: 0, bag_size: 688
batch 619, loss: 0.0000, instance_loss: 0.0003, weighted_loss: 0.0001, label: 1, bag_size: 943
batch 639, loss: 0.0000, instance_loss: 0.0000, weighted_loss: 0.0000, label: 0, bag_size: 439
batch 659, loss: 0.0000, instance_loss: 0.0352, weighted_loss: 0.0106, label: 0, bag_size: 704
batch 679, loss: 0.0000, instance_loss: 0.0000, weighted_loss: 0.0000, label: 1, bag_size: 379


class 0 clustering acc 0.9958869814020028: correct 5569/5592
class 1 clustering acc 0.9869456366237482: correct 5519/5592
Epoch: 25, train_loss: 0.0005, train_clustering_loss:  0.0495, train_error: 0.0000
class 0: acc 1.0, correct 342/342
class 1: acc 1.0, correct 357/357

Val Set, val_loss: 0.5800, val_error: 0.0699, auc: 0.4453
class 0 clustering acc 1.0: correct 1144/1144
class 1 clustering acc 0.9694055944055944: correct 1109/1144
class 0: acc 0.9708029197080292, correct 133/137
class 1: acc 0.0, correct 0/6
EarlyStopping counter: 25 out of 20


batch 19, loss: 0.0000, instance_loss: 0.0010, weighted_loss: 0.0003, label: 0, bag_size: 1130
batch 39, loss: 0.0002, instance_loss: 0.2770, weighted_loss: 0.0832, label: 0, bag_size: 54
batch 59, loss: 0.0000, instance_loss: 0.0024, weighted_loss: 0.0007, label: 0, bag_size: 1171
batch 79, loss: 0.0000, instance_loss: 0.0005, weighted_loss: 0.0002, label: 1, bag_size: 656
batch 99, loss: 0.0000, instance_loss: 0.0000, weighted_loss: 0.0000, label: 1, bag_size: 321
batch 119, loss: 0.0000, instance_loss: 0.0003, weighted_loss: 0.0001, label: 0, bag_size: 395
batch 139, loss: 0.0002, instance_loss: 0.0060, weighted_loss: 0.0019, label: 0, bag_size: 538
batch 159, loss: 0.0001, instance_loss: 0.0000, weighted_loss: 0.0001, label: 1, bag_size: 1297
batch 179, loss: 0.0000, instance_loss: 0.0000, weighted_loss: 0.0000, label: 0, bag_size: 955
batch 199, loss: 0.0000, instance_loss: 0.0004, weighted_loss: 0.0001, label: 0, bag_size: 208
batch 219, loss: 0.0031, instance_loss: 0.0000, weighted_loss: 0.0022, label: 1, bag_size: 856
batch 239, loss: 0.0000, instance_loss: 0.0086, weighted_loss: 0.0026, label: 0, bag_size: 111
batch 259, loss: 0.0001, instance_loss: 0.0033, weighted_loss: 0.0010, label: 0, bag_size: 1263
batch 279, loss: 0.0000, instance_loss: 0.0020, weighted_loss: 0.0006, label: 0, bag_size: 326
batch 299, loss: 0.0000, instance_loss: 0.0000, weighted_loss: 0.0000, label: 1, bag_size: 1074
batch 319, loss: 0.0007, instance_loss: 0.0000, weighted_loss: 0.0005, label: 1, bag_size: 788
batch 339, loss: 0.0000, instance_loss: 0.0000, weighted_loss: 0.0000, label: 0, bag_size: 405
batch 359, loss: 0.0000, instance_loss: 0.0032, weighted_loss: 0.0010, label: 0, bag_size: 185
batch 379, loss: 0.0000, instance_loss: 0.0071, weighted_loss: 0.0021, label: 0, bag_size: 707
batch 399, loss: 0.0308, instance_loss: 0.0000, weighted_loss: 0.0215, label: 1, bag_size: 379
batch 419, loss: 0.0024, instance_loss: 0.0000, weighted_loss: 0.0017, label: 1, bag_size: 379
batch 439, loss: 0.0000, instance_loss: 0.0000, weighted_loss: 0.0000, label: 0, bag_size: 965
batch 459, loss: 0.0000, instance_loss: 0.0000, weighted_loss: 0.0000, label: 0, bag_size: 1080
batch 479, loss: 0.0002, instance_loss: 0.0000, weighted_loss: 0.0001, label: 1, bag_size: 1002
batch 499, loss: 0.0013, instance_loss: 0.0000, weighted_loss: 0.0009, label: 1, bag_size: 788
batch 519, loss: 0.0000, instance_loss: 0.0000, weighted_loss: 0.0000, label: 0, bag_size: 867
batch 539, loss: 0.0000, instance_loss: 0.0103, weighted_loss: 0.0031, label: 0, bag_size: 112
batch 559, loss: 0.0000, instance_loss: 0.0000, weighted_loss: 0.0000, label: 1, bag_size: 912
batch 579, loss: 0.0000, instance_loss: 0.0010, weighted_loss: 0.0003, label: 0, bag_size: 183
batch 599, loss: 0.0000, instance_loss: 0.0000, weighted_loss: 0.0000, label: 1, bag_size: 912
batch 619, loss: 0.0000, instance_loss: 0.0006, weighted_loss: 0.0002, label: 0, bag_size: 348
batch 639, loss: 0.0002, instance_loss: 0.0000, weighted_loss: 0.0001, label: 1, bag_size: 189
batch 659, loss: 0.0000, instance_loss: 0.0000, weighted_loss: 0.0000, label: 1, bag_size: 698
batch 679, loss: 0.0000, instance_loss: 0.0250, weighted_loss: 0.0075, label: 0, bag_size: 211


class 0 clustering acc 0.9974964234620887: correct 5578/5592
class 1 clustering acc 0.994277539341917: correct 5560/5592
Epoch: 26, train_loss: 0.0107, train_clustering_loss:  0.0231, train_error: 0.0014
class 0: acc 0.9972067039106145, correct 357/358
class 1: acc 1.0, correct 341/341

Val Set, val_loss: 0.6168, val_error: 0.0559, auc: 0.4611
class 0 clustering acc 1.0: correct 1144/1144
class 1 clustering acc 0.9947552447552448: correct 1138/1144
class 0: acc 0.9854014598540146, correct 135/137
class 1: acc 0.0, correct 0/6
EarlyStopping counter: 26 out of 20


batch 19, loss: 0.0000, instance_loss: 0.0022, weighted_loss: 0.0007, label: 0, bag_size: 109
batch 39, loss: 0.0000, instance_loss: 0.0152, weighted_loss: 0.0046, label: 0, bag_size: 554
batch 59, loss: 0.0001, instance_loss: 0.0027, weighted_loss: 0.0009, label: 0, bag_size: 1213
batch 79, loss: 0.0003, instance_loss: 0.0000, weighted_loss: 0.0002, label: 0, bag_size: 433
batch 99, loss: 0.0000, instance_loss: 0.0000, weighted_loss: 0.0000, label: 0, bag_size: 312
batch 119, loss: 0.0004, instance_loss: 0.0000, weighted_loss: 0.0003, label: 1, bag_size: 283
batch 139, loss: 0.0000, instance_loss: 0.0000, weighted_loss: 0.0000, label: 0, bag_size: 600
batch 159, loss: 0.0000, instance_loss: 0.0090, weighted_loss: 0.0027, label: 0, bag_size: 1337
batch 179, loss: 0.0000, instance_loss: 0.0003, weighted_loss: 0.0001, label: 0, bag_size: 495
batch 199, loss: 0.0000, instance_loss: 0.0009, weighted_loss: 0.0003, label: 0, bag_size: 405
batch 219, loss: 0.0000, instance_loss: 0.0000, weighted_loss: 0.0000, label: 1, bag_size: 1074
batch 239, loss: 0.0000, instance_loss: 0.0000, weighted_loss: 0.0000, label: 1, bag_size: 926
batch 259, loss: 0.0000, instance_loss: 0.0010, weighted_loss: 0.0003, label: 1, bag_size: 698
batch 279, loss: 0.0000, instance_loss: 0.0790, weighted_loss: 0.0237, label: 0, bag_size: 207
batch 299, loss: 0.0000, instance_loss: 0.0000, weighted_loss: 0.0000, label: 0, bag_size: 1141
batch 319, loss: 0.0000, instance_loss: 0.0005, weighted_loss: 0.0001, label: 0, bag_size: 123
batch 339, loss: 0.0004, instance_loss: 0.0116, weighted_loss: 0.0038, label: 1, bag_size: 50
batch 359, loss: 0.0000, instance_loss: 0.0000, weighted_loss: 0.0000, label: 0, bag_size: 867
batch 379, loss: 0.0000, instance_loss: 0.0000, weighted_loss: 0.0000, label: 0, bag_size: 1239
batch 399, loss: 0.0001, instance_loss: 0.0000, weighted_loss: 0.0001, label: 1, bag_size: 788
batch 419, loss: 0.0000, instance_loss: 0.0000, weighted_loss: 0.0000, label: 1, bag_size: 1002
batch 439, loss: 0.0000, instance_loss: 0.0000, weighted_loss: 0.0000, label: 1, bag_size: 917
batch 459, loss: 0.0000, instance_loss: 0.0081, weighted_loss: 0.0024, label: 0, bag_size: 108
batch 479, loss: 0.0000, instance_loss: 0.0007, weighted_loss: 0.0002, label: 1, bag_size: 227
batch 499, loss: 0.0000, instance_loss: 0.0000, weighted_loss: 0.0000, label: 0, bag_size: 952
batch 519, loss: 0.0000, instance_loss: 0.0171, weighted_loss: 0.0051, label: 0, bag_size: 149
batch 539, loss: 0.0002, instance_loss: 0.0053, weighted_loss: 0.0017, label: 0, bag_size: 135
batch 559, loss: 0.0000, instance_loss: 0.0009, weighted_loss: 0.0003, label: 0, bag_size: 972
batch 579, loss: 0.0018, instance_loss: 0.0000, weighted_loss: 0.0012, label: 0, bag_size: 165
batch 599, loss: 0.0000, instance_loss: 0.0022, weighted_loss: 0.0007, label: 0, bag_size: 634
batch 619, loss: 0.0001, instance_loss: 0.2778, weighted_loss: 0.0834, label: 1, bag_size: 212
batch 639, loss: 0.0000, instance_loss: 0.0000, weighted_loss: 0.0000, label: 1, bag_size: 1034
batch 659, loss: 0.0000, instance_loss: 0.0007, weighted_loss: 0.0002, label: 0, bag_size: 848
batch 679, loss: 0.0366, instance_loss: 0.0029, weighted_loss: 0.0265, label: 0, bag_size: 1363


class 0 clustering acc 0.9987482117310443: correct 5585/5592
class 1 clustering acc 0.9957081545064378: correct 5568/5592
Epoch: 27, train_loss: 0.0082, train_clustering_loss:  0.0122, train_error: 0.0014
class 0: acc 1.0, correct 344/344
class 1: acc 0.9971830985915493, correct 354/355

Val Set, val_loss: 0.9199, val_error: 0.1329, auc: 0.4088
class 0 clustering acc 1.0: correct 1144/1144
class 1 clustering acc 0.9947552447552448: correct 1138/1144
class 0: acc 0.8978102189781022, correct 123/137
class 1: acc 0.16666666666666666, correct 1/6
EarlyStopping counter: 27 out of 20


batch 19, loss: 0.0001, instance_loss: 0.0000, weighted_loss: 0.0000, label: 0, bag_size: 1435
batch 39, loss: 0.0000, instance_loss: 0.0000, weighted_loss: 0.0000, label: 0, bag_size: 1203
batch 59, loss: 0.0000, instance_loss: 0.0000, weighted_loss: 0.0000, label: 0, bag_size: 456
batch 79, loss: 0.0005, instance_loss: 0.0005, weighted_loss: 0.0005, label: 1, bag_size: 231
batch 99, loss: 0.0096, instance_loss: 0.0000, weighted_loss: 0.0067, label: 1, bag_size: 531
batch 119, loss: 0.0000, instance_loss: 0.0136, weighted_loss: 0.0041, label: 0, bag_size: 129
batch 139, loss: 0.0000, instance_loss: 0.0192, weighted_loss: 0.0058, label: 0, bag_size: 156
batch 159, loss: 0.0001, instance_loss: 0.1107, weighted_loss: 0.0333, label: 0, bag_size: 263
batch 179, loss: 0.0007, instance_loss: 0.0089, weighted_loss: 0.0031, label: 0, bag_size: 379
batch 199, loss: 0.0000, instance_loss: 0.0000, weighted_loss: 0.0000, label: 1, bag_size: 283
batch 219, loss: 0.0000, instance_loss: 0.0010, weighted_loss: 0.0003, label: 1, bag_size: 379
batch 239, loss: 0.0000, instance_loss: 0.0004, weighted_loss: 0.0001, label: 1, bag_size: 1034
batch 259, loss: 0.0000, instance_loss: 0.0000, weighted_loss: 0.0000, label: 0, bag_size: 907
batch 279, loss: 0.0000, instance_loss: 0.0000, weighted_loss: 0.0000, label: 1, bag_size: 698
batch 299, loss: 0.0000, instance_loss: 0.0035, weighted_loss: 0.0010, label: 0, bag_size: 509
batch 319, loss: 0.0002, instance_loss: 0.0000, weighted_loss: 0.0002, label: 1, bag_size: 917
batch 339, loss: 0.0000, instance_loss: 0.0961, weighted_loss: 0.0288, label: 0, bag_size: 279
batch 359, loss: 0.0000, instance_loss: 0.0037, weighted_loss: 0.0011, label: 1, bag_size: 656
batch 379, loss: 0.0001, instance_loss: 0.0000, weighted_loss: 0.0001, label: 1, bag_size: 917
batch 399, loss: 0.0000, instance_loss: 0.0005, weighted_loss: 0.0002, label: 1, bag_size: 1374
batch 419, loss: 0.0000, instance_loss: 0.0040, weighted_loss: 0.0012, label: 0, bag_size: 250
batch 439, loss: 0.0000, instance_loss: 0.0020, weighted_loss: 0.0006, label: 0, bag_size: 484
batch 459, loss: 0.0000, instance_loss: 0.0012, weighted_loss: 0.0004, label: 0, bag_size: 1142
batch 479, loss: 0.0006, instance_loss: 0.0000, weighted_loss: 0.0004, label: 1, bag_size: 856
batch 499, loss: 0.0000, instance_loss: 0.0004, weighted_loss: 0.0001, label: 0, bag_size: 1436
batch 519, loss: 0.0000, instance_loss: 0.0030, weighted_loss: 0.0009, label: 0, bag_size: 559
batch 539, loss: 0.0000, instance_loss: 0.0003, weighted_loss: 0.0001, label: 0, bag_size: 600
batch 559, loss: 0.0000, instance_loss: 0.0000, weighted_loss: 0.0000, label: 1, bag_size: 1074
batch 579, loss: 0.0003, instance_loss: 0.0000, weighted_loss: 0.0002, label: 1, bag_size: 1002
batch 599, loss: 0.0000, instance_loss: 0.0079, weighted_loss: 0.0024, label: 0, bag_size: 688
batch 619, loss: 0.0000, instance_loss: 0.0033, weighted_loss: 0.0010, label: 1, bag_size: 283
batch 639, loss: 0.0889, instance_loss: 0.0005, weighted_loss: 0.0623, label: 0, bag_size: 234
batch 659, loss: 0.0000, instance_loss: 0.0089, weighted_loss: 0.0027, label: 0, bag_size: 185
batch 679, loss: 0.0005, instance_loss: 0.0000, weighted_loss: 0.0003, label: 1, bag_size: 788


class 0 clustering acc 0.9983905579399142: correct 5583/5592
class 1 clustering acc 0.9930257510729614: correct 5553/5592
Epoch: 28, train_loss: 0.0357, train_clustering_loss:  0.0227, train_error: 0.0072
class 0: acc 0.9915492957746479, correct 352/355
class 1: acc 0.9941860465116279, correct 342/344

Val Set, val_loss: 0.6696, val_error: 0.0769, auc: 0.4039
class 0 clustering acc 1.0: correct 1144/1144
class 1 clustering acc 0.9965034965034965: correct 1140/1144
class 0: acc 0.9635036496350365, correct 132/137
class 1: acc 0.0, correct 0/6
EarlyStopping counter: 28 out of 20


batch 19, loss: 0.0000, instance_loss: 0.0000, weighted_loss: 0.0000, label: 0, bag_size: 272
batch 39, loss: 0.0000, instance_loss: 0.0005, weighted_loss: 0.0002, label: 0, bag_size: 634
batch 59, loss: 0.0001, instance_loss: 0.0142, weighted_loss: 0.0043, label: 0, bag_size: 154
batch 79, loss: 0.0000, instance_loss: 0.0005, weighted_loss: 0.0002, label: 0, bag_size: 1107
batch 99, loss: 0.0000, instance_loss: 0.2086, weighted_loss: 0.0626, label: 0, bag_size: 134
batch 119, loss: 0.0000, instance_loss: 0.0000, weighted_loss: 0.0000, label: 1, bag_size: 1297
batch 139, loss: 0.0000, instance_loss: 0.0000, weighted_loss: 0.0000, label: 1, bag_size: 345
batch 159, loss: 0.0000, instance_loss: 0.0036, weighted_loss: 0.0011, label: 0, bag_size: 1000
batch 179, loss: 0.0002, instance_loss: 0.0000, weighted_loss: 0.0002, label: 1, bag_size: 816
batch 199, loss: 0.0000, instance_loss: 0.0678, weighted_loss: 0.0204, label: 0, bag_size: 72
batch 219, loss: 0.0002, instance_loss: 0.0000, weighted_loss: 0.0001, label: 1, bag_size: 1017
batch 239, loss: 0.0000, instance_loss: 0.0043, weighted_loss: 0.0013, label: 0, bag_size: 559
batch 259, loss: 0.0001, instance_loss: 0.0000, weighted_loss: 0.0001, label: 1, bag_size: 231
batch 279, loss: 0.0000, instance_loss: 0.0009, weighted_loss: 0.0003, label: 0, bag_size: 216
batch 299, loss: 0.0000, instance_loss: 0.0000, weighted_loss: 0.0000, label: 1, bag_size: 656
batch 319, loss: 0.0000, instance_loss: 0.0000, weighted_loss: 0.0000, label: 1, bag_size: 943
batch 339, loss: 0.0001, instance_loss: 0.0000, weighted_loss: 0.0001, label: 1, bag_size: 917
batch 359, loss: 0.0000, instance_loss: 0.0130, weighted_loss: 0.0039, label: 0, bag_size: 675
batch 379, loss: 0.0000, instance_loss: 0.0045, weighted_loss: 0.0013, label: 0, bag_size: 235
batch 399, loss: 0.0000, instance_loss: 0.0000, weighted_loss: 0.0000, label: 0, bag_size: 210
batch 419, loss: 0.0000, instance_loss: 0.0034, weighted_loss: 0.0010, label: 1, bag_size: 212
batch 439, loss: 0.0000, instance_loss: 0.0040, weighted_loss: 0.0012, label: 0, bag_size: 138
batch 459, loss: 0.0000, instance_loss: 0.0000, weighted_loss: 0.0000, label: 0, bag_size: 1216
batch 479, loss: 0.0000, instance_loss: 0.0000, weighted_loss: 0.0000, label: 1, bag_size: 656
batch 499, loss: 0.0000, instance_loss: 0.0008, weighted_loss: 0.0002, label: 1, bag_size: 399
batch 519, loss: 0.0001, instance_loss: 0.0000, weighted_loss: 0.0001, label: 1, bag_size: 856
batch 539, loss: 0.0000, instance_loss: 0.0015, weighted_loss: 0.0004, label: 1, bag_size: 226
batch 559, loss: 0.0000, instance_loss: 0.0000, weighted_loss: 0.0000, label: 0, bag_size: 160
batch 579, loss: 0.0000, instance_loss: 0.0000, weighted_loss: 0.0000, label: 1, bag_size: 1297
batch 599, loss: 0.0000, instance_loss: 0.0000, weighted_loss: 0.0000, label: 0, bag_size: 273
batch 619, loss: 0.0001, instance_loss: 0.0000, weighted_loss: 0.0001, label: 1, bag_size: 698
batch 639, loss: 0.0000, instance_loss: 0.0037, weighted_loss: 0.0011, label: 1, bag_size: 178
batch 659, loss: 0.0000, instance_loss: 0.0000, weighted_loss: 0.0000, label: 0, bag_size: 405
batch 679, loss: 0.0002, instance_loss: 0.0005, weighted_loss: 0.0003, label: 1, bag_size: 321


class 0 clustering acc 0.9992846924177397: correct 5588/5592
class 1 clustering acc 0.996065808297568: correct 5570/5592
Epoch: 29, train_loss: 0.0003, train_clustering_loss:  0.0140, train_error: 0.0000
class 0: acc 1.0, correct 357/357
class 1: acc 1.0, correct 342/342

Val Set, val_loss: 0.6734, val_error: 0.0839, auc: 0.4051
class 0 clustering acc 1.0: correct 1144/1144
class 1 clustering acc 0.9973776223776224: correct 1141/1144
class 0: acc 0.9562043795620438, correct 131/137
class 1: acc 0.0, correct 0/6
EarlyStopping counter: 29 out of 20


batch 19, loss: 0.0000, instance_loss: 0.0401, weighted_loss: 0.0120, label: 0, bag_size: 67
batch 39, loss: 0.0000, instance_loss: 0.0011, weighted_loss: 0.0003, label: 0, bag_size: 127
batch 59, loss: 0.0000, instance_loss: 0.0135, weighted_loss: 0.0041, label: 0, bag_size: 228
batch 79, loss: 0.0001, instance_loss: 0.0000, weighted_loss: 0.0000, label: 1, bag_size: 280
batch 99, loss: 0.0001, instance_loss: 0.0000, weighted_loss: 0.0001, label: 1, bag_size: 1044
batch 119, loss: 0.0044, instance_loss: 0.0000, weighted_loss: 0.0031, label: 1, bag_size: 531
batch 139, loss: 0.0000, instance_loss: 0.0037, weighted_loss: 0.0011, label: 0, bag_size: 516
batch 159, loss: 0.0001, instance_loss: 0.0000, weighted_loss: 0.0001, label: 1, bag_size: 1017
batch 179, loss: 0.0000, instance_loss: 0.0002, weighted_loss: 0.0001, label: 0, bag_size: 972
batch 199, loss: 0.0002, instance_loss: 0.0000, weighted_loss: 0.0001, label: 0, bag_size: 1171
batch 219, loss: 0.0000, instance_loss: 0.0000, weighted_loss: 0.0000, label: 1, bag_size: 321
batch 239, loss: 0.0000, instance_loss: 0.0035, weighted_loss: 0.0011, label: 1, bag_size: 399
batch 259, loss: 0.0001, instance_loss: 0.0559, weighted_loss: 0.0168, label: 0, bag_size: 169
batch 279, loss: 0.0000, instance_loss: 0.0018, weighted_loss: 0.0005, label: 1, bag_size: 167
batch 299, loss: 0.0000, instance_loss: 0.0005, weighted_loss: 0.0002, label: 0, bag_size: 144
batch 319, loss: 0.0362, instance_loss: 0.0002, weighted_loss: 0.0254, label: 0, bag_size: 783
batch 339, loss: 0.0000, instance_loss: 0.0006, weighted_loss: 0.0002, label: 0, bag_size: 471
batch 359, loss: 0.0000, instance_loss: 0.0000, weighted_loss: 0.0000, label: 0, bag_size: 643
batch 379, loss: 0.0000, instance_loss: 0.0009, weighted_loss: 0.0003, label: 0, bag_size: 921
batch 399, loss: 0.0002, instance_loss: 0.0000, weighted_loss: 0.0002, label: 1, bag_size: 926
batch 419, loss: 0.0000, instance_loss: 0.0000, weighted_loss: 0.0000, label: 0, bag_size: 267
batch 439, loss: 0.0000, instance_loss: 0.0000, weighted_loss: 0.0000, label: 1, bag_size: 1297
batch 459, loss: 0.0000, instance_loss: 0.0000, weighted_loss: 0.0000, label: 0, bag_size: 972
batch 479, loss: 0.0000, instance_loss: 0.5663, weighted_loss: 0.1699, label: 0, bag_size: 74
batch 499, loss: 0.0000, instance_loss: 0.0007, weighted_loss: 0.0002, label: 0, bag_size: 1378
batch 519, loss: 0.0002, instance_loss: 0.0000, weighted_loss: 0.0001, label: 1, bag_size: 1044
batch 539, loss: 0.0000, instance_loss: 0.0324, weighted_loss: 0.0097, label: 0, bag_size: 434
batch 559, loss: 0.0000, instance_loss: 0.0016, weighted_loss: 0.0005, label: 0, bag_size: 1048
batch 579, loss: 0.0000, instance_loss: 0.0196, weighted_loss: 0.0059, label: 1, bag_size: 280
batch 599, loss: 3.3051, instance_loss: 0.0018, weighted_loss: 2.3141, label: 0, bag_size: 139
batch 619, loss: 0.0000, instance_loss: 0.0000, weighted_loss: 0.0000, label: 1, bag_size: 912
batch 639, loss: 0.0000, instance_loss: 0.0052, weighted_loss: 0.0016, label: 0, bag_size: 611
batch 659, loss: 0.0000, instance_loss: 0.0014, weighted_loss: 0.0004, label: 0, bag_size: 492
batch 679, loss: 0.0000, instance_loss: 0.0025, weighted_loss: 0.0008, label: 0, bag_size: 286


class 0 clustering acc 0.9983905579399142: correct 5583/5592
class 1 clustering acc 0.9932045779685265: correct 5554/5592
Epoch: 30, train_loss: 0.0664, train_clustering_loss:  0.0276, train_error: 0.0100
class 0: acc 0.9919137466307277, correct 368/371
class 1: acc 0.9878048780487805, correct 324/328

Val Set, val_loss: 0.6457, val_error: 0.0559, auc: 0.4124
class 0 clustering acc 1.0: correct 1144/1144
class 1 clustering acc 0.9877622377622378: correct 1130/1144
class 0: acc 0.9854014598540146, correct 135/137
class 1: acc 0.0, correct 0/6
EarlyStopping counter: 30 out of 20


batch 19, loss: 0.0002, instance_loss: 0.0000, weighted_loss: 0.0001, label: 1, bag_size: 1002
batch 39, loss: 0.0000, instance_loss: 0.0050, weighted_loss: 0.0015, label: 0, bag_size: 613
batch 59, loss: 0.0000, instance_loss: 0.0051, weighted_loss: 0.0015, label: 1, bag_size: 903
batch 79, loss: 0.0000, instance_loss: 0.0027, weighted_loss: 0.0008, label: 1, bag_size: 656
batch 99, loss: 0.0223, instance_loss: 0.0004, weighted_loss: 0.0157, label: 1, bag_size: 189
batch 119, loss: 0.0000, instance_loss: 0.0008, weighted_loss: 0.0002, label: 0, bag_size: 160
batch 139, loss: 0.0000, instance_loss: 0.0086, weighted_loss: 0.0026, label: 0, bag_size: 355
batch 159, loss: 0.0000, instance_loss: 0.0005, weighted_loss: 0.0001, label: 0, bag_size: 1214
batch 179, loss: 0.0000, instance_loss: 0.0012, weighted_loss: 0.0003, label: 1, bag_size: 571
batch 199, loss: 0.0000, instance_loss: 0.0004, weighted_loss: 0.0001, label: 0, bag_size: 952
batch 219, loss: 0.0000, instance_loss: 0.0000, weighted_loss: 0.0000, label: 1, bag_size: 227
batch 239, loss: 0.0003, instance_loss: 0.0464, weighted_loss: 0.0142, label: 0, bag_size: 150
batch 259, loss: 0.0001, instance_loss: 0.0000, weighted_loss: 0.0000, label: 0, bag_size: 1282
batch 279, loss: 0.0006, instance_loss: 0.0177, weighted_loss: 0.0058, label: 0, bag_size: 206
batch 299, loss: 0.0000, instance_loss: 0.0002, weighted_loss: 0.0001, label: 0, bag_size: 1045
batch 319, loss: 0.0000, instance_loss: 0.0000, weighted_loss: 0.0000, label: 0, bag_size: 159
batch 339, loss: 0.0000, instance_loss: 0.0187, weighted_loss: 0.0056, label: 0, bag_size: 541
batch 359, loss: 0.0000, instance_loss: 0.0190, weighted_loss: 0.0057, label: 0, bag_size: 94
batch 379, loss: 0.0000, instance_loss: 0.0006, weighted_loss: 0.0002, label: 0, bag_size: 351
batch 399, loss: 0.0000, instance_loss: 0.0004, weighted_loss: 0.0001, label: 1, bag_size: 189
batch 419, loss: 0.0000, instance_loss: 0.0000, weighted_loss: 0.0000, label: 1, bag_size: 919
batch 439, loss: 0.0024, instance_loss: 0.0000, weighted_loss: 0.0016, label: 1, bag_size: 1044
batch 459, loss: 0.0033, instance_loss: 0.0002, weighted_loss: 0.0024, label: 1, bag_size: 227
batch 479, loss: 0.1871, instance_loss: 0.0006, weighted_loss: 0.1312, label: 1, bag_size: 321
batch 499, loss: 0.0001, instance_loss: 0.0032, weighted_loss: 0.0010, label: 1, bag_size: 531
batch 519, loss: 0.0058, instance_loss: 0.0051, weighted_loss: 0.0056, label: 1, bag_size: 189
batch 539, loss: 0.0003, instance_loss: 0.0005, weighted_loss: 0.0004, label: 1, bag_size: 212
batch 559, loss: 0.0002, instance_loss: 0.0004, weighted_loss: 0.0003, label: 0, bag_size: 1443
batch 579, loss: 0.0039, instance_loss: 0.0000, weighted_loss: 0.0027, label: 1, bag_size: 856
batch 599, loss: 0.0000, instance_loss: 0.0000, weighted_loss: 0.0000, label: 1, bag_size: 912
batch 619, loss: 0.0000, instance_loss: 0.0000, weighted_loss: 0.0000, label: 1, bag_size: 943
batch 639, loss: 0.0000, instance_loss: 0.0004, weighted_loss: 0.0001, label: 0, bag_size: 377
batch 659, loss: 0.0000, instance_loss: 0.0068, weighted_loss: 0.0020, label: 0, bag_size: 734
batch 679, loss: 0.0002, instance_loss: 0.0000, weighted_loss: 0.0001, label: 1, bag_size: 1002


class 0 clustering acc 0.9998211731044349: correct 5591/5592
class 1 clustering acc 0.9964234620886981: correct 5572/5592
Epoch: 31, train_loss: 0.0198, train_clustering_loss:  0.0122, train_error: 0.0057
class 0: acc 0.9944444444444445, correct 358/360
class 1: acc 0.9941002949852508, correct 337/339

Val Set, val_loss: 0.5627, val_error: 0.0769, auc: 0.4623
class 0 clustering acc 1.0: correct 1144/1144
class 1 clustering acc 1.0: correct 1144/1144
class 0: acc 0.9635036496350365, correct 132/137
class 1: acc 0.0, correct 0/6
EarlyStopping counter: 31 out of 20


batch 19, loss: 0.0000, instance_loss: 0.0000, weighted_loss: 0.0000, label: 1, bag_size: 280
batch 39, loss: 0.0005, instance_loss: 0.0002, weighted_loss: 0.0004, label: 1, bag_size: 50
batch 59, loss: 0.0000, instance_loss: 0.0006, weighted_loss: 0.0002, label: 0, bag_size: 335
batch 79, loss: 0.0000, instance_loss: 0.0065, weighted_loss: 0.0019, label: 0, bag_size: 229
batch 99, loss: 0.0000, instance_loss: 0.0025, weighted_loss: 0.0007, label: 0, bag_size: 159
batch 119, loss: 0.0000, instance_loss: 0.0000, weighted_loss: 0.0000, label: 1, bag_size: 919
batch 139, loss: 0.0001, instance_loss: 0.0002, weighted_loss: 0.0001, label: 1, bag_size: 319
batch 159, loss: 0.0000, instance_loss: 0.0000, weighted_loss: 0.0000, label: 1, bag_size: 912
batch 179, loss: 0.0019, instance_loss: 0.0000, weighted_loss: 0.0013, label: 0, bag_size: 1239
batch 199, loss: 0.0890, instance_loss: 0.0076, weighted_loss: 0.0646, label: 1, bag_size: 321
batch 219, loss: 0.0000, instance_loss: 0.0000, weighted_loss: 0.0000, label: 0, bag_size: 321
batch 239, loss: 0.0009, instance_loss: 0.0000, weighted_loss: 0.0006, label: 0, bag_size: 274
batch 259, loss: 0.0058, instance_loss: 0.0000, weighted_loss: 0.0041, label: 1, bag_size: 856
batch 279, loss: 0.0000, instance_loss: 0.0041, weighted_loss: 0.0012, label: 0, bag_size: 221
batch 299, loss: 0.0000, instance_loss: 0.0000, weighted_loss: 0.0000, label: 1, bag_size: 943
batch 319, loss: 0.0000, instance_loss: 0.0008, weighted_loss: 0.0002, label: 1, bag_size: 167
batch 339, loss: 0.0000, instance_loss: 0.0000, weighted_loss: 0.0000, label: 0, bag_size: 227
batch 359, loss: 0.0001, instance_loss: 0.0000, weighted_loss: 0.0001, label: 1, bag_size: 1016
batch 379, loss: 0.0000, instance_loss: 0.0000, weighted_loss: 0.0000, label: 0, bag_size: 1055
batch 399, loss: 0.0000, instance_loss: 0.0002, weighted_loss: 0.0001, label: 0, bag_size: 529
batch 419, loss: 0.0000, instance_loss: 0.0028, weighted_loss: 0.0008, label: 0, bag_size: 498
batch 439, loss: 0.0000, instance_loss: 0.0009, weighted_loss: 0.0003, label: 0, bag_size: 178
batch 459, loss: 0.0000, instance_loss: 0.0000, weighted_loss: 0.0000, label: 1, bag_size: 345
batch 479, loss: 0.0000, instance_loss: 0.0094, weighted_loss: 0.0028, label: 0, bag_size: 357
batch 499, loss: 0.0000, instance_loss: 0.0000, weighted_loss: 0.0000, label: 1, bag_size: 178
batch 519, loss: 0.0000, instance_loss: 0.0012, weighted_loss: 0.0004, label: 0, bag_size: 943
batch 539, loss: 0.0000, instance_loss: 0.0000, weighted_loss: 0.0000, label: 0, bag_size: 930
batch 559, loss: 0.0003, instance_loss: 0.0168, weighted_loss: 0.0052, label: 0, bag_size: 194
batch 579, loss: 0.0000, instance_loss: 0.0019, weighted_loss: 0.0006, label: 0, bag_size: 116
batch 599, loss: 0.0000, instance_loss: 0.0002, weighted_loss: 0.0001, label: 0, bag_size: 1229
batch 619, loss: 0.0000, instance_loss: 0.0000, weighted_loss: 0.0000, label: 0, bag_size: 401
batch 639, loss: 0.0000, instance_loss: 0.0004, weighted_loss: 0.0001, label: 0, bag_size: 1214
batch 659, loss: 0.0000, instance_loss: 0.0010, weighted_loss: 0.0003, label: 0, bag_size: 258
batch 679, loss: 0.0000, instance_loss: 0.0000, weighted_loss: 0.0000, label: 1, bag_size: 656


class 0 clustering acc 0.9989270386266095: correct 5586/5592
class 1 clustering acc 0.9974964234620887: correct 5578/5592
Epoch: 32, train_loss: 0.0010, train_clustering_loss:  0.0100, train_error: 0.0000
class 0: acc 1.0, correct 352/352
class 1: acc 1.0, correct 347/347

Val Set, val_loss: 0.5689, val_error: 0.0769, auc: 0.4684
class 0 clustering acc 1.0: correct 1144/1144
class 1 clustering acc 1.0: correct 1144/1144
class 0: acc 0.9635036496350365, correct 132/137
class 1: acc 0.0, correct 0/6
EarlyStopping counter: 32 out of 20


batch 19, loss: 0.0001, instance_loss: 0.0000, weighted_loss: 0.0001, label: 1, bag_size: 531
batch 39, loss: 0.0004, instance_loss: 0.0000, weighted_loss: 0.0003, label: 1, bag_size: 1297
batch 59, loss: 0.0000, instance_loss: 0.0000, weighted_loss: 0.0000, label: 1, bag_size: 1082
batch 79, loss: 0.0001, instance_loss: 0.0000, weighted_loss: 0.0001, label: 0, bag_size: 378
batch 99, loss: 0.0000, instance_loss: 0.0000, weighted_loss: 0.0000, label: 1, bag_size: 656
batch 119, loss: 0.0000, instance_loss: 0.0000, weighted_loss: 0.0000, label: 1, bag_size: 319
batch 139, loss: 0.0002, instance_loss: 0.0000, weighted_loss: 0.0001, label: 1, bag_size: 1017
batch 159, loss: 0.0000, instance_loss: 0.0532, weighted_loss: 0.0160, label: 0, bag_size: 172
batch 179, loss: 0.0001, instance_loss: 0.0005, weighted_loss: 0.0002, label: 1, bag_size: 1016
batch 199, loss: 0.0001, instance_loss: 0.0000, weighted_loss: 0.0000, label: 1, bag_size: 1082
batch 219, loss: 0.0000, instance_loss: 0.0004, weighted_loss: 0.0001, label: 0, bag_size: 1203
batch 239, loss: 0.0000, instance_loss: 0.0010, weighted_loss: 0.0003, label: 0, bag_size: 780
batch 259, loss: 0.0001, instance_loss: 0.0000, weighted_loss: 0.0001, label: 1, bag_size: 1374
batch 279, loss: 0.0000, instance_loss: 0.1181, weighted_loss: 0.0354, label: 0, bag_size: 99
batch 299, loss: 0.0001, instance_loss: 0.0000, weighted_loss: 0.0001, label: 1, bag_size: 531
batch 319, loss: 0.0000, instance_loss: 0.0004, weighted_loss: 0.0001, label: 0, bag_size: 377
batch 339, loss: 0.0000, instance_loss: 0.0021, weighted_loss: 0.0006, label: 0, bag_size: 198
batch 359, loss: 0.0000, instance_loss: 0.0000, weighted_loss: 0.0000, label: 0, bag_size: 1370
batch 379, loss: 0.0002, instance_loss: 0.0000, weighted_loss: 0.0002, label: 0, bag_size: 670
batch 399, loss: 0.0000, instance_loss: 0.0000, weighted_loss: 0.0000, label: 0, bag_size: 320
batch 419, loss: 0.0000, instance_loss: 0.0000, weighted_loss: 0.0000, label: 1, bag_size: 943
batch 439, loss: 0.0002, instance_loss: 0.0000, weighted_loss: 0.0001, label: 1, bag_size: 1017
batch 459, loss: 0.0000, instance_loss: 0.0000, weighted_loss: 0.0000, label: 1, bag_size: 167
batch 479, loss: 0.0000, instance_loss: 0.0072, weighted_loss: 0.0022, label: 0, bag_size: 325
batch 499, loss: 0.0000, instance_loss: 0.0041, weighted_loss: 0.0012, label: 0, bag_size: 102
batch 519, loss: 0.0000, instance_loss: 0.0084, weighted_loss: 0.0025, label: 0, bag_size: 415
batch 539, loss: 0.0061, instance_loss: 0.0006, weighted_loss: 0.0044, label: 1, bag_size: 531
batch 559, loss: 0.0001, instance_loss: 0.0000, weighted_loss: 0.0001, label: 1, bag_size: 1002
batch 579, loss: 0.0001, instance_loss: 0.0405, weighted_loss: 0.0122, label: 0, bag_size: 263
batch 599, loss: 0.0001, instance_loss: 0.0000, weighted_loss: 0.0001, label: 1, bag_size: 1017
batch 619, loss: 0.0000, instance_loss: 0.0000, weighted_loss: 0.0000, label: 1, bag_size: 189
batch 639, loss: 0.0000, instance_loss: 0.0000, weighted_loss: 0.0000, label: 0, bag_size: 294
batch 659, loss: 0.0000, instance_loss: 0.0000, weighted_loss: 0.0000, label: 1, bag_size: 1074
batch 679, loss: 0.0002, instance_loss: 0.0000, weighted_loss: 0.0001, label: 1, bag_size: 1002


class 0 clustering acc 0.9996423462088698: correct 5590/5592
class 1 clustering acc 0.9974964234620887: correct 5578/5592
Epoch: 33, train_loss: 0.0003, train_clustering_loss:  0.0104, train_error: 0.0000
class 0: acc 1.0, correct 340/340
class 1: acc 1.0, correct 359/359

Val Set, val_loss: 0.5733, val_error: 0.0769, auc: 0.4659
class 0 clustering acc 1.0: correct 1144/1144
class 1 clustering acc 0.9982517482517482: correct 1142/1144
class 0: acc 0.9635036496350365, correct 132/137
class 1: acc 0.0, correct 0/6
EarlyStopping counter: 33 out of 20


batch 19, loss: 0.0001, instance_loss: 0.0000, weighted_loss: 0.0001, label: 1, bag_size: 1034
batch 39, loss: 0.0001, instance_loss: 0.0009, weighted_loss: 0.0004, label: 1, bag_size: 1297
batch 59, loss: 0.0000, instance_loss: 0.0000, weighted_loss: 0.0000, label: 0, bag_size: 899
batch 79, loss: 0.0000, instance_loss: 0.0000, weighted_loss: 0.0000, label: 1, bag_size: 845
batch 99, loss: 0.0000, instance_loss: 0.0000, weighted_loss: 0.0000, label: 1, bag_size: 167
batch 119, loss: 0.0007, instance_loss: 0.0003, weighted_loss: 0.0006, label: 1, bag_size: 816
batch 139, loss: 0.0000, instance_loss: 0.0132, weighted_loss: 0.0040, label: 0, bag_size: 76
batch 159, loss: 0.0001, instance_loss: 0.0011, weighted_loss: 0.0004, label: 0, bag_size: 145
batch 179, loss: 0.0000, instance_loss: 0.0034, weighted_loss: 0.0010, label: 0, bag_size: 900
batch 199, loss: 0.0000, instance_loss: 0.0008, weighted_loss: 0.0002, label: 0, bag_size: 966
batch 219, loss: 0.0000, instance_loss: 0.0000, weighted_loss: 0.0000, label: 1, bag_size: 943
batch 239, loss: 0.0021, instance_loss: 0.0000, weighted_loss: 0.0014, label: 1, bag_size: 788
batch 259, loss: 0.0000, instance_loss: 0.0000, weighted_loss: 0.0000, label: 1, bag_size: 698
batch 279, loss: 0.0000, instance_loss: 0.0000, weighted_loss: 0.0000, label: 0, bag_size: 1036
batch 299, loss: 0.0000, instance_loss: 0.0002, weighted_loss: 0.0001, label: 0, bag_size: 1213
batch 319, loss: 0.0000, instance_loss: 0.0000, weighted_loss: 0.0000, label: 1, bag_size: 321
batch 339, loss: 0.0000, instance_loss: 0.0000, weighted_loss: 0.0000, label: 1, bag_size: 1044
batch 359, loss: 0.0000, instance_loss: 0.0010, weighted_loss: 0.0003, label: 0, bag_size: 1078
batch 379, loss: 0.0316, instance_loss: 0.0000, weighted_loss: 0.0221, label: 0, bag_size: 1159
batch 399, loss: 0.0003, instance_loss: 0.0000, weighted_loss: 0.0002, label: 1, bag_size: 283
batch 419, loss: 0.0000, instance_loss: 0.0000, weighted_loss: 0.0000, label: 1, bag_size: 227
batch 439, loss: 0.0000, instance_loss: 0.0002, weighted_loss: 0.0001, label: 0, bag_size: 198
batch 459, loss: 0.0003, instance_loss: 0.0113, weighted_loss: 0.0036, label: 0, bag_size: 1113
batch 479, loss: 0.0014, instance_loss: 0.0000, weighted_loss: 0.0010, label: 1, bag_size: 816
batch 499, loss: 0.0000, instance_loss: 0.0007, weighted_loss: 0.0002, label: 0, bag_size: 162
batch 519, loss: 0.0000, instance_loss: 0.0019, weighted_loss: 0.0006, label: 0, bag_size: 294
batch 539, loss: 0.0001, instance_loss: 0.0000, weighted_loss: 0.0001, label: 1, bag_size: 531
batch 559, loss: 0.0002, instance_loss: 0.0000, weighted_loss: 0.0001, label: 1, bag_size: 231
batch 579, loss: 0.0000, instance_loss: 0.0023, weighted_loss: 0.0007, label: 0, bag_size: 379
batch 599, loss: 0.0000, instance_loss: 0.0010, weighted_loss: 0.0003, label: 0, bag_size: 955
batch 619, loss: 0.0000, instance_loss: 0.0000, weighted_loss: 0.0000, label: 1, bag_size: 399
batch 639, loss: 0.0007, instance_loss: 0.0000, weighted_loss: 0.0005, label: 1, bag_size: 856
batch 659, loss: 0.0008, instance_loss: 0.0000, weighted_loss: 0.0006, label: 0, bag_size: 1342
batch 679, loss: 0.0000, instance_loss: 0.0007, weighted_loss: 0.0002, label: 0, bag_size: 219


class 0 clustering acc 0.9991058655221745: correct 5587/5592
class 1 clustering acc 0.9971387696709585: correct 5576/5592
Epoch: 34, train_loss: 0.0199, train_clustering_loss:  0.0108, train_error: 0.0029
class 0: acc 0.9969879518072289, correct 331/332
class 1: acc 0.997275204359673, correct 366/367

Val Set, val_loss: 0.5854, val_error: 0.0490, auc: 0.5097
class 0 clustering acc 1.0: correct 1144/1144
class 1 clustering acc 1.0: correct 1144/1144
class 0: acc 0.9927007299270073, correct 136/137
class 1: acc 0.0, correct 0/6
EarlyStopping counter: 34 out of 20


batch 19, loss: 0.0004, instance_loss: 0.0008, weighted_loss: 0.0005, label: 1, bag_size: 212
batch 39, loss: 0.0000, instance_loss: 0.0000, weighted_loss: 0.0000, label: 1, bag_size: 399
batch 59, loss: 0.0000, instance_loss: 0.0007, weighted_loss: 0.0002, label: 0, bag_size: 405
batch 79, loss: 0.0000, instance_loss: 0.0004, weighted_loss: 0.0001, label: 0, bag_size: 135
batch 99, loss: 0.0000, instance_loss: 0.0000, weighted_loss: 0.0000, label: 0, bag_size: 1216
batch 119, loss: 0.0000, instance_loss: 0.0000, weighted_loss: 0.0000, label: 1, bag_size: 912
batch 139, loss: 0.0001, instance_loss: 0.0000, weighted_loss: 0.0001, label: 1, bag_size: 917
batch 159, loss: 0.0000, instance_loss: 0.0040, weighted_loss: 0.0012, label: 1, bag_size: 226
batch 179, loss: 0.0003, instance_loss: 0.0029, weighted_loss: 0.0011, label: 1, bag_size: 399
batch 199, loss: 0.0001, instance_loss: 0.0000, weighted_loss: 0.0001, label: 0, bag_size: 1435
batch 219, loss: 0.0000, instance_loss: 0.0000, weighted_loss: 0.0000, label: 1, bag_size: 1297
batch 239, loss: 0.0000, instance_loss: 0.0009, weighted_loss: 0.0003, label: 0, bag_size: 627
batch 259, loss: 0.0076, instance_loss: 0.0000, weighted_loss: 0.0053, label: 1, bag_size: 1034
batch 279, loss: 0.0000, instance_loss: 0.0000, weighted_loss: 0.0000, label: 0, bag_size: 145
batch 299, loss: 0.0009, instance_loss: 0.0000, weighted_loss: 0.0006, label: 1, bag_size: 926
batch 319, loss: 0.0000, instance_loss: 0.0010, weighted_loss: 0.0003, label: 0, bag_size: 1134
batch 339, loss: 0.0000, instance_loss: 0.0000, weighted_loss: 0.0000, label: 1, bag_size: 212
batch 359, loss: 0.0000, instance_loss: 0.0121, weighted_loss: 0.0036, label: 0, bag_size: 99
batch 379, loss: 0.0000, instance_loss: 0.0004, weighted_loss: 0.0001, label: 1, bag_size: 571
batch 399, loss: 0.0001, instance_loss: 0.0000, weighted_loss: 0.0001, label: 1, bag_size: 280
batch 419, loss: 0.0001, instance_loss: 0.0000, weighted_loss: 0.0001, label: 1, bag_size: 226
batch 439, loss: 0.0003, instance_loss: 0.0002, weighted_loss: 0.0003, label: 1, bag_size: 1016
batch 459, loss: 0.0005, instance_loss: 0.0000, weighted_loss: 0.0003, label: 1, bag_size: 1002
batch 479, loss: 0.0000, instance_loss: 0.0240, weighted_loss: 0.0072, label: 0, bag_size: 187
batch 499, loss: 0.0000, instance_loss: 0.0003, weighted_loss: 0.0001, label: 1, bag_size: 212
batch 519, loss: 0.0000, instance_loss: 0.0574, weighted_loss: 0.0172, label: 0, bag_size: 107
batch 539, loss: 0.0000, instance_loss: 0.0004, weighted_loss: 0.0001, label: 0, bag_size: 322
batch 559, loss: 0.0002, instance_loss: 0.0000, weighted_loss: 0.0001, label: 1, bag_size: 162
batch 579, loss: 0.0002, instance_loss: 0.0000, weighted_loss: 0.0001, label: 1, bag_size: 845
batch 599, loss: 0.0000, instance_loss: 0.0000, weighted_loss: 0.0000, label: 0, bag_size: 716
batch 619, loss: 0.0005, instance_loss: 0.0002, weighted_loss: 0.0004, label: 0, bag_size: 934
batch 639, loss: 0.0000, instance_loss: 0.0000, weighted_loss: 0.0000, label: 1, bag_size: 1297
batch 659, loss: 0.0000, instance_loss: 0.0028, weighted_loss: 0.0008, label: 0, bag_size: 123
batch 679, loss: 0.0000, instance_loss: 0.0010, weighted_loss: 0.0003, label: 0, bag_size: 374


class 0 clustering acc 0.9989270386266095: correct 5586/5592
class 1 clustering acc 0.9966022889842633: correct 5573/5592
Epoch: 35, train_loss: 0.0272, train_clustering_loss:  0.0113, train_error: 0.0014
class 0: acc 1.0, correct 357/357
class 1: acc 0.9970760233918129, correct 341/342

Val Set, val_loss: 0.6595, val_error: 0.0699, auc: 0.5109
class 0 clustering acc 1.0: correct 1144/1144
class 1 clustering acc 0.9973776223776224: correct 1141/1144
class 0: acc 0.9708029197080292, correct 133/137
class 1: acc 0.0, correct 0/6
EarlyStopping counter: 35 out of 20


batch 19, loss: 0.0000, instance_loss: 0.0000, weighted_loss: 0.0000, label: 1, bag_size: 919
batch 39, loss: 0.0001, instance_loss: 0.0014, weighted_loss: 0.0005, label: 0, bag_size: 671
batch 59, loss: 0.0001, instance_loss: 0.0000, weighted_loss: 0.0001, label: 0, bag_size: 907
batch 79, loss: 0.0000, instance_loss: 0.0000, weighted_loss: 0.0000, label: 0, bag_size: 1029
batch 99, loss: 0.0013, instance_loss: 0.0000, weighted_loss: 0.0009, label: 1, bag_size: 943
batch 119, loss: 0.0002, instance_loss: 0.0003, weighted_loss: 0.0002, label: 1, bag_size: 1017
batch 139, loss: 0.0000, instance_loss: 0.0000, weighted_loss: 0.0000, label: 1, bag_size: 917
batch 159, loss: 0.0002, instance_loss: 0.0000, weighted_loss: 0.0001, label: 1, bag_size: 943
batch 179, loss: 0.0000, instance_loss: 0.0003, weighted_loss: 0.0001, label: 0, bag_size: 197
batch 199, loss: 0.0002, instance_loss: 0.0000, weighted_loss: 0.0001, label: 1, bag_size: 816
batch 219, loss: 0.0023, instance_loss: 0.0000, weighted_loss: 0.0016, label: 1, bag_size: 656
batch 239, loss: 0.0001, instance_loss: 0.0000, weighted_loss: 0.0000, label: 1, bag_size: 1002
batch 259, loss: 0.0007, instance_loss: 0.0000, weighted_loss: 0.0005, label: 1, bag_size: 926
batch 279, loss: 0.0000, instance_loss: 0.0000, weighted_loss: 0.0000, label: 1, bag_size: 912
batch 299, loss: 0.0000, instance_loss: 0.0002, weighted_loss: 0.0001, label: 1, bag_size: 912
batch 319, loss: 0.0001, instance_loss: 0.0002, weighted_loss: 0.0002, label: 1, bag_size: 1034
batch 339, loss: 0.0000, instance_loss: 0.0000, weighted_loss: 0.0000, label: 1, bag_size: 1297
batch 359, loss: 0.0003, instance_loss: 0.0000, weighted_loss: 0.0002, label: 1, bag_size: 856
batch 379, loss: 0.0000, instance_loss: 0.0008, weighted_loss: 0.0002, label: 0, bag_size: 190
batch 399, loss: 0.0001, instance_loss: 0.0000, weighted_loss: 0.0001, label: 1, bag_size: 845
batch 419, loss: 0.0003, instance_loss: 0.0004, weighted_loss: 0.0003, label: 1, bag_size: 1082
batch 439, loss: 0.0000, instance_loss: 0.0020, weighted_loss: 0.0006, label: 0, bag_size: 595
batch 459, loss: 0.0000, instance_loss: 0.0038, weighted_loss: 0.0012, label: 0, bag_size: 174
batch 479, loss: 0.0000, instance_loss: 0.0132, weighted_loss: 0.0039, label: 0, bag_size: 409
batch 499, loss: 0.0000, instance_loss: 0.0058, weighted_loss: 0.0017, label: 0, bag_size: 281
batch 519, loss: 0.0000, instance_loss: 0.0000, weighted_loss: 0.0000, label: 0, bag_size: 303
batch 539, loss: 0.0000, instance_loss: 0.0000, weighted_loss: 0.0000, label: 0, bag_size: 671
batch 559, loss: 0.0046, instance_loss: 0.0008, weighted_loss: 0.0034, label: 1, bag_size: 379
batch 579, loss: 0.0005, instance_loss: 0.0000, weighted_loss: 0.0004, label: 1, bag_size: 227
batch 599, loss: 0.0000, instance_loss: 0.0000, weighted_loss: 0.0000, label: 1, bag_size: 1074
batch 619, loss: 0.0001, instance_loss: 0.0000, weighted_loss: 0.0001, label: 1, bag_size: 345
batch 639, loss: 0.0001, instance_loss: 0.0029, weighted_loss: 0.0010, label: 0, bag_size: 108
batch 659, loss: 0.0000, instance_loss: 0.0756, weighted_loss: 0.0227, label: 0, bag_size: 510
batch 679, loss: 0.0000, instance_loss: 0.0012, weighted_loss: 0.0004, label: 0, bag_size: 352


class 0 clustering acc 0.9989270386266095: correct 5586/5592
class 1 clustering acc 0.9958869814020028: correct 5569/5592
Epoch: 36, train_loss: 0.0113, train_clustering_loss:  0.0131, train_error: 0.0029
class 0: acc 0.9970760233918129, correct 341/342
class 1: acc 0.9971988795518207, correct 356/357

Val Set, val_loss: 0.6529, val_error: 0.0629, auc: 0.4842
class 0 clustering acc 1.0: correct 1144/1144
class 1 clustering acc 0.9991258741258742: correct 1143/1144
class 0: acc 0.9781021897810219, correct 134/137
class 1: acc 0.0, correct 0/6
EarlyStopping counter: 36 out of 20


batch 19, loss: 0.0009, instance_loss: 0.0000, weighted_loss: 0.0006, label: 0, bag_size: 820
batch 39, loss: 0.0000, instance_loss: 0.0009, weighted_loss: 0.0003, label: 0, bag_size: 877
batch 59, loss: 0.0027, instance_loss: 0.0000, weighted_loss: 0.0019, label: 1, bag_size: 283
batch 79, loss: 0.0000, instance_loss: 0.0002, weighted_loss: 0.0001, label: 0, bag_size: 454
batch 99, loss: 0.0000, instance_loss: 0.0031, weighted_loss: 0.0009, label: 0, bag_size: 191
batch 119, loss: 0.0000, instance_loss: 0.0000, weighted_loss: 0.0000, label: 0, bag_size: 922
batch 139, loss: 0.0000, instance_loss: 0.0006, weighted_loss: 0.0002, label: 0, bag_size: 798
batch 159, loss: 0.0000, instance_loss: 0.0000, weighted_loss: 0.0000, label: 0, bag_size: 560
batch 179, loss: 0.0012, instance_loss: 0.0052, weighted_loss: 0.0024, label: 1, bag_size: 162
batch 199, loss: 0.0000, instance_loss: 0.0000, weighted_loss: 0.0000, label: 0, bag_size: 848
batch 219, loss: 0.0000, instance_loss: 0.0000, weighted_loss: 0.0000, label: 0, bag_size: 296
batch 239, loss: 0.0019, instance_loss: 0.0000, weighted_loss: 0.0014, label: 1, bag_size: 189
batch 259, loss: 0.0000, instance_loss: 0.0073, weighted_loss: 0.0022, label: 1, bag_size: 178
batch 279, loss: 0.0002, instance_loss: 0.0000, weighted_loss: 0.0002, label: 1, bag_size: 856
batch 299, loss: 0.0000, instance_loss: 0.0019, weighted_loss: 0.0006, label: 0, bag_size: 954
batch 319, loss: 0.0000, instance_loss: 0.0000, weighted_loss: 0.0000, label: 1, bag_size: 1374
batch 339, loss: 0.0000, instance_loss: 0.0000, weighted_loss: 0.0000, label: 0, bag_size: 610
batch 359, loss: 0.0000, instance_loss: 0.0000, weighted_loss: 0.0000, label: 1, bag_size: 167
batch 379, loss: 0.0000, instance_loss: 0.0064, weighted_loss: 0.0019, label: 0, bag_size: 616
batch 399, loss: 0.0001, instance_loss: 0.0010, weighted_loss: 0.0004, label: 0, bag_size: 1335
batch 419, loss: 0.1195, instance_loss: 0.0003, weighted_loss: 0.0837, label: 0, bag_size: 135
batch 439, loss: 0.0004, instance_loss: 0.0000, weighted_loss: 0.0003, label: 1, bag_size: 926
batch 459, loss: 0.0000, instance_loss: 0.0000, weighted_loss: 0.0000, label: 1, bag_size: 319
batch 479, loss: 0.0000, instance_loss: 0.3629, weighted_loss: 0.1089, label: 0, bag_size: 295
batch 499, loss: 0.0014, instance_loss: 0.0194, weighted_loss: 0.0068, label: 0, bag_size: 1379
batch 519, loss: 0.0001, instance_loss: 0.0000, weighted_loss: 0.0001, label: 1, bag_size: 919
batch 539, loss: 0.0000, instance_loss: 0.0003, weighted_loss: 0.0001, label: 0, bag_size: 413
batch 559, loss: 0.0005, instance_loss: 0.0002, weighted_loss: 0.0004, label: 1, bag_size: 162
batch 579, loss: 0.0000, instance_loss: 0.0000, weighted_loss: 0.0000, label: 1, bag_size: 212
batch 599, loss: 0.0000, instance_loss: 0.0000, weighted_loss: 0.0000, label: 0, bag_size: 280
batch 619, loss: 0.0000, instance_loss: 0.0143, weighted_loss: 0.0043, label: 0, bag_size: 815
batch 639, loss: 0.0000, instance_loss: 0.0119, weighted_loss: 0.0036, label: 0, bag_size: 188
batch 659, loss: 0.0000, instance_loss: 0.0000, weighted_loss: 0.0000, label: 1, bag_size: 226
batch 679, loss: 0.0000, instance_loss: 0.0004, weighted_loss: 0.0001, label: 0, bag_size: 91


class 0 clustering acc 0.9992846924177397: correct 5588/5592
class 1 clustering acc 0.9967811158798283: correct 5574/5592
Epoch: 37, train_loss: 0.0518, train_clustering_loss:  0.0117, train_error: 0.0172
class 0: acc 0.9825072886297376, correct 337/343
class 1: acc 0.9831460674157303, correct 350/356

Val Set, val_loss: 0.5646, val_error: 0.0699, auc: 0.5438
class 0 clustering acc 1.0: correct 1144/1144
class 1 clustering acc 0.9965034965034965: correct 1140/1144
class 0: acc 0.9635036496350365, correct 132/137
class 1: acc 0.16666666666666666, correct 1/6
EarlyStopping counter: 37 out of 20


batch 19, loss: 0.0016, instance_loss: 0.0000, weighted_loss: 0.0011, label: 1, bag_size: 1044
batch 39, loss: 0.0000, instance_loss: 0.0000, weighted_loss: 0.0000, label: 1, bag_size: 160
batch 59, loss: 0.0484, instance_loss: 0.0007, weighted_loss: 0.0341, label: 0, bag_size: 1000
batch 79, loss: 0.0003, instance_loss: 0.0000, weighted_loss: 0.0002, label: 1, bag_size: 227
batch 99, loss: 0.0000, instance_loss: 0.0029, weighted_loss: 0.0009, label: 0, bag_size: 437
batch 119, loss: 0.0000, instance_loss: 0.0000, weighted_loss: 0.0000, label: 1, bag_size: 571
batch 139, loss: 0.0000, instance_loss: 0.0000, weighted_loss: 0.0000, label: 1, bag_size: 571
batch 159, loss: 0.0042, instance_loss: 0.0003, weighted_loss: 0.0030, label: 0, bag_size: 891
batch 179, loss: 0.0000, instance_loss: 0.0000, weighted_loss: 0.0000, label: 0, bag_size: 993
batch 199, loss: 0.0000, instance_loss: 0.0003, weighted_loss: 0.0001, label: 1, bag_size: 212
batch 219, loss: 0.0000, instance_loss: 0.0004, weighted_loss: 0.0001, label: 0, bag_size: 235
batch 239, loss: 0.0000, instance_loss: 0.0000, weighted_loss: 0.0000, label: 0, bag_size: 437
batch 259, loss: 0.0001, instance_loss: 0.0000, weighted_loss: 0.0000, label: 1, bag_size: 845
batch 279, loss: 0.0000, instance_loss: 0.0000, weighted_loss: 0.0000, label: 1, bag_size: 321
batch 299, loss: 0.0002, instance_loss: 0.0010, weighted_loss: 0.0005, label: 0, bag_size: 891
batch 319, loss: 0.0010, instance_loss: 0.0000, weighted_loss: 0.0007, label: 1, bag_size: 283
batch 339, loss: 0.0000, instance_loss: 0.0767, weighted_loss: 0.0230, label: 0, bag_size: 343
batch 359, loss: 0.0000, instance_loss: 0.0000, weighted_loss: 0.0000, label: 0, bag_size: 716
batch 379, loss: 0.0000, instance_loss: 0.0006, weighted_loss: 0.0002, label: 1, bag_size: 399
batch 399, loss: 0.0002, instance_loss: 0.0000, weighted_loss: 0.0002, label: 1, bag_size: 1034
batch 419, loss: 0.0001, instance_loss: 0.0000, weighted_loss: 0.0001, label: 1, bag_size: 231
batch 439, loss: 0.0003, instance_loss: 0.0000, weighted_loss: 0.0002, label: 1, bag_size: 926
batch 459, loss: 0.0000, instance_loss: 0.0000, weighted_loss: 0.0000, label: 1, bag_size: 1297
batch 479, loss: 0.0000, instance_loss: 0.0000, weighted_loss: 0.0000, label: 0, bag_size: 343
batch 499, loss: 0.0472, instance_loss: 0.0000, weighted_loss: 0.0330, label: 1, bag_size: 917
batch 519, loss: 0.0005, instance_loss: 0.0000, weighted_loss: 0.0004, label: 1, bag_size: 926
batch 539, loss: 0.0000, instance_loss: 0.0000, weighted_loss: 0.0000, label: 1, bag_size: 319
batch 559, loss: 0.0000, instance_loss: 0.0000, weighted_loss: 0.0000, label: 1, bag_size: 345
batch 579, loss: 0.0000, instance_loss: 0.0161, weighted_loss: 0.0048, label: 0, bag_size: 327
batch 599, loss: 0.0008, instance_loss: 0.0000, weighted_loss: 0.0006, label: 1, bag_size: 788
batch 619, loss: 0.0000, instance_loss: 0.0000, weighted_loss: 0.0000, label: 1, bag_size: 167
batch 639, loss: 0.0000, instance_loss: 0.0189, weighted_loss: 0.0057, label: 0, bag_size: 65
batch 659, loss: 0.0001, instance_loss: 0.0000, weighted_loss: 0.0001, label: 1, bag_size: 943
batch 679, loss: 0.0000, instance_loss: 0.0006, weighted_loss: 0.0002, label: 0, bag_size: 166


class 0 clustering acc 0.9991058655221745: correct 5587/5592
class 1 clustering acc 0.9973175965665236: correct 5577/5592
Epoch: 38, train_loss: 0.0015, train_clustering_loss:  0.0129, train_error: 0.0000
class 0: acc 1.0, correct 328/328
class 1: acc 1.0, correct 371/371

Val Set, val_loss: 0.5499, val_error: 0.0559, auc: 0.5414
class 0 clustering acc 1.0: correct 1144/1144
class 1 clustering acc 0.9973776223776224: correct 1141/1144
class 0: acc 0.9854014598540146, correct 135/137
class 1: acc 0.0, correct 0/6
EarlyStopping counter: 38 out of 20


batch 19, loss: 0.0013, instance_loss: 0.0000, weighted_loss: 0.0009, label: 1, bag_size: 283
batch 39, loss: 0.0000, instance_loss: 0.0032, weighted_loss: 0.0010, label: 0, bag_size: 159
batch 59, loss: 0.0047, instance_loss: 0.0000, weighted_loss: 0.0033, label: 1, bag_size: 816
batch 79, loss: 0.0000, instance_loss: 0.0910, weighted_loss: 0.0273, label: 0, bag_size: 67
batch 99, loss: 0.0011, instance_loss: 0.0000, weighted_loss: 0.0008, label: 1, bag_size: 816
batch 119, loss: 0.0008, instance_loss: 0.0011, weighted_loss: 0.0009, label: 1, bag_size: 903
batch 139, loss: 0.0072, instance_loss: 0.0000, weighted_loss: 0.0050, label: 1, bag_size: 531
batch 159, loss: 0.0001, instance_loss: 0.0000, weighted_loss: 0.0000, label: 0, bag_size: 1171
batch 179, loss: 0.0001, instance_loss: 0.0000, weighted_loss: 0.0000, label: 1, bag_size: 919
batch 199, loss: 0.0005, instance_loss: 0.0000, weighted_loss: 0.0003, label: 1, bag_size: 926
batch 219, loss: 0.0000, instance_loss: 0.0000, weighted_loss: 0.0000, label: 1, bag_size: 231
batch 239, loss: 0.0000, instance_loss: 0.0082, weighted_loss: 0.0025, label: 0, bag_size: 178
batch 259, loss: 0.0003, instance_loss: 0.0000, weighted_loss: 0.0002, label: 1, bag_size: 399
batch 279, loss: 0.0000, instance_loss: 0.1717, weighted_loss: 0.0515, label: 0, bag_size: 352
batch 299, loss: 0.0000, instance_loss: 0.0000, weighted_loss: 0.0000, label: 1, bag_size: 531
batch 319, loss: 0.0000, instance_loss: 0.0004, weighted_loss: 0.0001, label: 0, bag_size: 1126
batch 339, loss: 0.0000, instance_loss: 0.0000, weighted_loss: 0.0000, label: 1, bag_size: 399
batch 359, loss: 0.0000, instance_loss: 0.0000, weighted_loss: 0.0000, label: 1, bag_size: 656
batch 379, loss: 0.0000, instance_loss: 0.5007, weighted_loss: 0.1502, label: 0, bag_size: 98
batch 399, loss: 0.0005, instance_loss: 0.0000, weighted_loss: 0.0003, label: 1, bag_size: 1034
batch 419, loss: 0.0000, instance_loss: 0.0000, weighted_loss: 0.0000, label: 1, bag_size: 1374
batch 439, loss: 0.0024, instance_loss: 0.0000, weighted_loss: 0.0017, label: 1, bag_size: 788
batch 459, loss: 0.0001, instance_loss: 0.0000, weighted_loss: 0.0000, label: 0, bag_size: 325
batch 479, loss: 0.0000, instance_loss: 0.0012, weighted_loss: 0.0003, label: 0, bag_size: 1216
batch 499, loss: 0.0000, instance_loss: 0.0146, weighted_loss: 0.0044, label: 0, bag_size: 176
batch 519, loss: 0.0000, instance_loss: 0.0008, weighted_loss: 0.0003, label: 1, bag_size: 167
batch 539, loss: 0.0003, instance_loss: 0.0000, weighted_loss: 0.0002, label: 1, bag_size: 231
batch 559, loss: 0.0014, instance_loss: 0.0000, weighted_loss: 0.0010, label: 0, bag_size: 1171
batch 579, loss: 0.0004, instance_loss: 0.0011, weighted_loss: 0.0006, label: 1, bag_size: 379
batch 599, loss: 0.0005, instance_loss: 0.0002, weighted_loss: 0.0004, label: 0, bag_size: 890
batch 619, loss: 0.0000, instance_loss: 0.0037, weighted_loss: 0.0011, label: 0, bag_size: 195
batch 639, loss: 0.0000, instance_loss: 0.0005, weighted_loss: 0.0002, label: 1, bag_size: 399
batch 659, loss: 0.0000, instance_loss: 0.0172, weighted_loss: 0.0052, label: 0, bag_size: 106
batch 679, loss: 0.0001, instance_loss: 0.0000, weighted_loss: 0.0001, label: 1, bag_size: 1017


class 0 clustering acc 0.996244635193133: correct 5571/5592
class 1 clustering acc 0.9899856938483548: correct 5536/5592
Epoch: 39, train_loss: 0.0016, train_clustering_loss:  0.0301, train_error: 0.0000
class 0: acc 1.0, correct 341/341
class 1: acc 1.0, correct 358/358

Val Set, val_loss: 0.5730, val_error: 0.0490, auc: 0.5097
class 0 clustering acc 1.0: correct 1144/1144
class 1 clustering acc 0.9982517482517482: correct 1142/1144
class 0: acc 0.9927007299270073, correct 136/137
class 1: acc 0.0, correct 0/6
EarlyStopping counter: 39 out of 20


batch 19, loss: 0.0000, instance_loss: 0.0019, weighted_loss: 0.0006, label: 0, bag_size: 303
batch 39, loss: 0.0000, instance_loss: 0.0031, weighted_loss: 0.0009, label: 0, bag_size: 634
batch 59, loss: 0.0000, instance_loss: 0.0000, weighted_loss: 0.0000, label: 1, bag_size: 531
batch 79, loss: 0.0005, instance_loss: 0.0002, weighted_loss: 0.0004, label: 1, bag_size: 903
batch 99, loss: 0.0000, instance_loss: 0.0006, weighted_loss: 0.0002, label: 0, bag_size: 1370
batch 119, loss: 0.0020, instance_loss: 0.0222, weighted_loss: 0.0081, label: 1, bag_size: 903
batch 139, loss: 0.0000, instance_loss: 0.0037, weighted_loss: 0.0011, label: 0, bag_size: 157
batch 159, loss: 0.0000, instance_loss: 0.0213, weighted_loss: 0.0064, label: 0, bag_size: 306
batch 179, loss: 0.0000, instance_loss: 0.0000, weighted_loss: 0.0000, label: 1, bag_size: 1297
batch 199, loss: 0.0000, instance_loss: 0.0003, weighted_loss: 0.0001, label: 0, bag_size: 775
batch 219, loss: 0.0000, instance_loss: 0.0000, weighted_loss: 0.0000, label: 0, bag_size: 1017
batch 239, loss: 0.0000, instance_loss: 0.0190, weighted_loss: 0.0057, label: 0, bag_size: 116
batch 259, loss: 0.0000, instance_loss: 0.0000, weighted_loss: 0.0000, label: 1, bag_size: 160
batch 279, loss: 0.0000, instance_loss: 0.0008, weighted_loss: 0.0002, label: 1, bag_size: 167
batch 299, loss: 0.0002, instance_loss: 0.0000, weighted_loss: 0.0001, label: 1, bag_size: 319
batch 319, loss: 0.0009, instance_loss: 0.0000, weighted_loss: 0.0006, label: 1, bag_size: 50
batch 339, loss: 0.0001, instance_loss: 0.0011, weighted_loss: 0.0004, label: 1, bag_size: 212
batch 359, loss: 0.0009, instance_loss: 0.0000, weighted_loss: 0.0007, label: 0, bag_size: 1101
batch 379, loss: 0.0001, instance_loss: 0.0000, weighted_loss: 0.0001, label: 1, bag_size: 903
batch 399, loss: 0.0007, instance_loss: 0.0000, weighted_loss: 0.0005, label: 0, bag_size: 891
batch 419, loss: 0.0000, instance_loss: 0.0000, weighted_loss: 0.0000, label: 1, bag_size: 1297
batch 439, loss: 0.0000, instance_loss: 0.0606, weighted_loss: 0.0182, label: 0, bag_size: 541
batch 459, loss: 0.0001, instance_loss: 0.0003, weighted_loss: 0.0002, label: 1, bag_size: 698
batch 479, loss: 0.0000, instance_loss: 0.0000, weighted_loss: 0.0000, label: 1, bag_size: 319
batch 499, loss: 0.0000, instance_loss: 0.0051, weighted_loss: 0.0015, label: 0, bag_size: 146
batch 519, loss: 0.0000, instance_loss: 0.0784, weighted_loss: 0.0235, label: 0, bag_size: 279
batch 539, loss: 0.0000, instance_loss: 0.0000, weighted_loss: 0.0000, label: 1, bag_size: 943
batch 559, loss: 0.0004, instance_loss: 0.0000, weighted_loss: 0.0003, label: 1, bag_size: 788
batch 579, loss: 0.0000, instance_loss: 0.0000, weighted_loss: 0.0000, label: 1, bag_size: 345
batch 599, loss: 0.0000, instance_loss: 0.0000, weighted_loss: 0.0000, label: 1, bag_size: 1297
batch 619, loss: 0.0000, instance_loss: 0.0027, weighted_loss: 0.0008, label: 0, bag_size: 315
batch 639, loss: 0.0000, instance_loss: 0.0000, weighted_loss: 0.0000, label: 1, bag_size: 319
batch 659, loss: 0.0000, instance_loss: 0.1269, weighted_loss: 0.0381, label: 0, bag_size: 348
batch 679, loss: 0.0000, instance_loss: 0.0177, weighted_loss: 0.0053, label: 0, bag_size: 401


class 0 clustering acc 0.9969599427753935: correct 5575/5592
class 1 clustering acc 0.9930257510729614: correct 5553/5592
Epoch: 40, train_loss: 0.0002, train_clustering_loss:  0.0248, train_error: 0.0000
class 0: acc 1.0, correct 351/351
class 1: acc 1.0, correct 348/348

Val Set, val_loss: 0.5692, val_error: 0.0490, auc: 0.4988
class 0 clustering acc 1.0: correct 1144/1144
class 1 clustering acc 0.9825174825174825: correct 1124/1144
class 0: acc 0.9927007299270073, correct 136/137
class 1: acc 0.0, correct 0/6
EarlyStopping counter: 40 out of 20


batch 19, loss: 0.0002, instance_loss: 0.0000, weighted_loss: 0.0002, label: 1, bag_size: 856
batch 39, loss: 0.0000, instance_loss: 0.0199, weighted_loss: 0.0060, label: 0, bag_size: 312
batch 59, loss: 0.0000, instance_loss: 0.0000, weighted_loss: 0.0000, label: 1, bag_size: 943
batch 79, loss: 0.0000, instance_loss: 0.0000, weighted_loss: 0.0000, label: 1, bag_size: 319
batch 99, loss: 0.0004, instance_loss: 0.0599, weighted_loss: 0.0183, label: 1, bag_size: 178
batch 119, loss: 0.0001, instance_loss: 0.0000, weighted_loss: 0.0001, label: 1, bag_size: 816
batch 139, loss: 0.0000, instance_loss: 0.0006, weighted_loss: 0.0002, label: 0, bag_size: 1093
batch 159, loss: 0.0000, instance_loss: 0.0018, weighted_loss: 0.0005, label: 0, bag_size: 294
batch 179, loss: 0.0002, instance_loss: 0.0000, weighted_loss: 0.0001, label: 1, bag_size: 280
batch 199, loss: 0.0000, instance_loss: 0.0112, weighted_loss: 0.0034, label: 0, bag_size: 320
batch 219, loss: 0.0001, instance_loss: 0.0000, weighted_loss: 0.0000, label: 1, bag_size: 1074
batch 239, loss: 0.0000, instance_loss: 0.0399, weighted_loss: 0.0120, label: 0, bag_size: 265
batch 259, loss: 0.0003, instance_loss: 0.0085, weighted_loss: 0.0027, label: 0, bag_size: 99
batch 279, loss: 0.0000, instance_loss: 0.0000, weighted_loss: 0.0000, label: 1, bag_size: 319
batch 299, loss: 0.0000, instance_loss: 0.0000, weighted_loss: 0.0000, label: 1, bag_size: 1034
batch 319, loss: 0.0001, instance_loss: 0.0000, weighted_loss: 0.0000, label: 1, bag_size: 1016
batch 339, loss: 0.0000, instance_loss: 0.0007, weighted_loss: 0.0002, label: 1, bag_size: 167
batch 359, loss: 0.0000, instance_loss: 0.0003, weighted_loss: 0.0001, label: 1, bag_size: 845
batch 379, loss: 0.0000, instance_loss: 0.0000, weighted_loss: 0.0000, label: 0, bag_size: 423
batch 399, loss: 0.0002, instance_loss: 0.0000, weighted_loss: 0.0001, label: 0, bag_size: 349
batch 419, loss: 0.0003, instance_loss: 0.0014, weighted_loss: 0.0006, label: 1, bag_size: 379
batch 439, loss: 0.0000, instance_loss: 0.0037, weighted_loss: 0.0011, label: 0, bag_size: 273
batch 459, loss: 0.0000, instance_loss: 0.0000, weighted_loss: 0.0000, label: 1, bag_size: 160
batch 479, loss: 0.0000, instance_loss: 0.0000, weighted_loss: 0.0000, label: 1, bag_size: 1002
batch 499, loss: 0.0000, instance_loss: 0.4068, weighted_loss: 0.1220, label: 0, bag_size: 76
batch 519, loss: 0.0000, instance_loss: 0.0055, weighted_loss: 0.0016, label: 0, bag_size: 273
batch 539, loss: 0.0000, instance_loss: 0.0023, weighted_loss: 0.0007, label: 1, bag_size: 160
batch 559, loss: 0.0002, instance_loss: 0.0000, weighted_loss: 0.0001, label: 1, bag_size: 917
batch 579, loss: 0.0000, instance_loss: 0.0572, weighted_loss: 0.0172, label: 0, bag_size: 107
batch 599, loss: 0.0001, instance_loss: 0.0000, weighted_loss: 0.0001, label: 1, bag_size: 319
batch 619, loss: 0.0000, instance_loss: 0.0387, weighted_loss: 0.0116, label: 0, bag_size: 627
batch 639, loss: 0.0000, instance_loss: 0.0000, weighted_loss: 0.0000, label: 1, bag_size: 1297
batch 659, loss: 0.0012, instance_loss: 0.0063, weighted_loss: 0.0028, label: 1, bag_size: 162
batch 679, loss: 0.0001, instance_loss: 0.0000, weighted_loss: 0.0001, label: 1, bag_size: 856


class 0 clustering acc 0.996244635193133: correct 5571/5592
class 1 clustering acc 0.9917739628040058: correct 5546/5592
Epoch: 41, train_loss: 0.0001, train_clustering_loss:  0.0283, train_error: 0.0000
class 0: acc 1.0, correct 347/347
class 1: acc 1.0, correct 352/352

Val Set, val_loss: 0.5863, val_error: 0.0559, auc: 0.4939
class 0 clustering acc 1.0: correct 1144/1144
class 1 clustering acc 0.9886363636363636: correct 1131/1144
class 0: acc 0.9854014598540146, correct 135/137
class 1: acc 0.0, correct 0/6
EarlyStopping counter: 41 out of 20


batch 19, loss: 0.0001, instance_loss: 0.0000, weighted_loss: 0.0000, label: 1, bag_size: 1074
batch 39, loss: 0.0000, instance_loss: 0.0002, weighted_loss: 0.0001, label: 0, bag_size: 898
batch 59, loss: 0.0000, instance_loss: 0.0000, weighted_loss: 0.0000, label: 1, bag_size: 919
batch 79, loss: 0.0002, instance_loss: 0.0000, weighted_loss: 0.0001, label: 1, bag_size: 903
batch 99, loss: 0.0003, instance_loss: 0.0000, weighted_loss: 0.0002, label: 1, bag_size: 1044
batch 119, loss: 0.0000, instance_loss: 0.0127, weighted_loss: 0.0038, label: 0, bag_size: 397
batch 139, loss: 0.0005, instance_loss: 0.0000, weighted_loss: 0.0004, label: 1, bag_size: 379
batch 159, loss: 0.0000, instance_loss: 0.0000, weighted_loss: 0.0000, label: 1, bag_size: 167
batch 179, loss: 0.0002, instance_loss: 0.0000, weighted_loss: 0.0002, label: 1, bag_size: 926
batch 199, loss: 0.0000, instance_loss: 0.0000, weighted_loss: 0.0000, label: 1, bag_size: 943
batch 219, loss: 0.0000, instance_loss: 0.0000, weighted_loss: 0.0000, label: 1, bag_size: 845
batch 239, loss: 0.0000, instance_loss: 0.0000, weighted_loss: 0.0000, label: 1, bag_size: 1017
batch 259, loss: 0.0000, instance_loss: 0.0000, weighted_loss: 0.0000, label: 1, bag_size: 1297
batch 279, loss: 0.0000, instance_loss: 0.2256, weighted_loss: 0.0677, label: 1, bag_size: 226
batch 299, loss: 0.0002, instance_loss: 0.0009, weighted_loss: 0.0004, label: 0, bag_size: 1062
batch 319, loss: 0.0000, instance_loss: 0.0000, weighted_loss: 0.0000, label: 0, bag_size: 783
batch 339, loss: 0.0000, instance_loss: 0.0003, weighted_loss: 0.0001, label: 0, bag_size: 1040
batch 359, loss: 0.0000, instance_loss: 0.0077, weighted_loss: 0.0023, label: 1, bag_size: 212
batch 379, loss: 0.0000, instance_loss: 0.0870, weighted_loss: 0.0261, label: 1, bag_size: 280
batch 399, loss: 0.0000, instance_loss: 0.0000, weighted_loss: 0.0000, label: 1, bag_size: 912
batch 419, loss: 0.0001, instance_loss: 0.0000, weighted_loss: 0.0001, label: 1, bag_size: 1074
batch 439, loss: 0.0003, instance_loss: 0.0000, weighted_loss: 0.0002, label: 1, bag_size: 1044
batch 459, loss: 0.0001, instance_loss: 0.0000, weighted_loss: 0.0001, label: 1, bag_size: 926
batch 479, loss: 0.0000, instance_loss: 0.0000, weighted_loss: 0.0000, label: 1, bag_size: 321
batch 499, loss: 0.0002, instance_loss: 0.0048, weighted_loss: 0.0016, label: 0, bag_size: 231
batch 519, loss: 0.0000, instance_loss: 0.0000, weighted_loss: 0.0000, label: 0, bag_size: 172
batch 539, loss: 0.0000, instance_loss: 0.0000, weighted_loss: 0.0000, label: 1, bag_size: 531
batch 559, loss: 0.0000, instance_loss: 0.0000, weighted_loss: 0.0000, label: 0, bag_size: 610
batch 579, loss: 0.0000, instance_loss: 0.0000, weighted_loss: 0.0000, label: 1, bag_size: 160
batch 599, loss: 0.0001, instance_loss: 0.0072, weighted_loss: 0.0022, label: 0, bag_size: 1119
batch 619, loss: 0.0049, instance_loss: 0.0002, weighted_loss: 0.0035, label: 0, bag_size: 916
batch 639, loss: 0.0002, instance_loss: 0.0032, weighted_loss: 0.0011, label: 0, bag_size: 1113
batch 659, loss: 0.0000, instance_loss: 0.0000, weighted_loss: 0.0000, label: 1, bag_size: 1297
batch 679, loss: 0.0000, instance_loss: 0.0000, weighted_loss: 0.0000, label: 1, bag_size: 1016


class 0 clustering acc 0.9964234620886981: correct 5572/5592
class 1 clustering acc 0.9951716738197425: correct 5565/5592
Epoch: 42, train_loss: 0.0320, train_clustering_loss:  0.0201, train_error: 0.0072
class 0: acc 0.9941520467836257, correct 340/342
class 1: acc 0.9915966386554622, correct 354/357

Val Set, val_loss: 0.8393, val_error: 0.1189, auc: 0.4951
class 0 clustering acc 1.0: correct 1144/1144
class 1 clustering acc 1.0: correct 1144/1144
class 0: acc 0.9124087591240876, correct 125/137
class 1: acc 0.16666666666666666, correct 1/6
EarlyStopping counter: 42 out of 20


batch 19, loss: 0.0000, instance_loss: 0.0000, weighted_loss: 0.0000, label: 1, bag_size: 531
batch 39, loss: 0.0000, instance_loss: 0.0038, weighted_loss: 0.0011, label: 1, bag_size: 656
batch 59, loss: 0.0000, instance_loss: 0.0000, weighted_loss: 0.0000, label: 1, bag_size: 912
batch 79, loss: 0.0000, instance_loss: 0.1536, weighted_loss: 0.0461, label: 0, bag_size: 214
batch 99, loss: 0.0000, instance_loss: 0.0018, weighted_loss: 0.0006, label: 0, bag_size: 981
batch 119, loss: 0.0000, instance_loss: 0.0002, weighted_loss: 0.0001, label: 0, bag_size: 185
batch 139, loss: 0.0000, instance_loss: 0.0011, weighted_loss: 0.0003, label: 1, bag_size: 167
batch 159, loss: 0.0000, instance_loss: 0.0000, weighted_loss: 0.0000, label: 1, bag_size: 321
batch 179, loss: 0.0000, instance_loss: 0.0000, weighted_loss: 0.0000, label: 0, bag_size: 1322
batch 199, loss: 0.0000, instance_loss: 0.0002, weighted_loss: 0.0001, label: 1, bag_size: 912
batch 219, loss: 0.0000, instance_loss: 0.0083, weighted_loss: 0.0025, label: 1, bag_size: 160
batch 239, loss: 0.0000, instance_loss: 0.0003, weighted_loss: 0.0001, label: 1, bag_size: 160
batch 259, loss: 0.0002, instance_loss: 0.0012, weighted_loss: 0.0005, label: 0, bag_size: 312
batch 279, loss: 0.0001, instance_loss: 0.0000, weighted_loss: 0.0000, label: 1, bag_size: 698
batch 299, loss: 0.0007, instance_loss: 0.0000, weighted_loss: 0.0005, label: 1, bag_size: 788
batch 319, loss: 0.0000, instance_loss: 0.1014, weighted_loss: 0.0304, label: 0, bag_size: 104
batch 339, loss: 0.0000, instance_loss: 0.0000, weighted_loss: 0.0000, label: 1, bag_size: 531
batch 359, loss: 0.0028, instance_loss: 0.0000, weighted_loss: 0.0020, label: 0, bag_size: 1171
batch 379, loss: 0.0005, instance_loss: 0.0003, weighted_loss: 0.0005, label: 1, bag_size: 1016
batch 399, loss: 0.0000, instance_loss: 0.0063, weighted_loss: 0.0019, label: 0, bag_size: 82
batch 419, loss: 0.0000, instance_loss: 0.0016, weighted_loss: 0.0005, label: 0, bag_size: 171
batch 439, loss: 0.0000, instance_loss: 0.0000, weighted_loss: 0.0000, label: 0, bag_size: 966
batch 459, loss: 0.0000, instance_loss: 0.0000, weighted_loss: 0.0000, label: 0, bag_size: 343
batch 479, loss: 0.0000, instance_loss: 0.0000, weighted_loss: 0.0000, label: 1, bag_size: 231
batch 499, loss: 0.0000, instance_loss: 0.0003, weighted_loss: 0.0001, label: 1, bag_size: 399
batch 519, loss: 0.0001, instance_loss: 0.0000, weighted_loss: 0.0001, label: 1, bag_size: 1034
batch 539, loss: 0.0004, instance_loss: 0.0000, weighted_loss: 0.0003, label: 0, bag_size: 1348
batch 559, loss: 0.0000, instance_loss: 0.0000, weighted_loss: 0.0000, label: 0, bag_size: 398
batch 579, loss: 0.0115, instance_loss: 0.0006, weighted_loss: 0.0082, label: 1, bag_size: 903
batch 599, loss: 0.0000, instance_loss: 0.0000, weighted_loss: 0.0000, label: 1, bag_size: 919
batch 619, loss: 0.0000, instance_loss: 0.0007, weighted_loss: 0.0002, label: 0, bag_size: 232
batch 639, loss: 0.0000, instance_loss: 0.0000, weighted_loss: 0.0000, label: 1, bag_size: 226
batch 659, loss: 0.0001, instance_loss: 0.0000, weighted_loss: 0.0001, label: 1, bag_size: 856
batch 679, loss: 0.0002, instance_loss: 0.0000, weighted_loss: 0.0001, label: 1, bag_size: 1082


class 0 clustering acc 0.9966022889842633: correct 5573/5592
class 1 clustering acc 0.9932045779685265: correct 5554/5592
Epoch: 43, train_loss: 0.0199, train_clustering_loss:  0.0308, train_error: 0.0086
class 0: acc 0.9913793103448276, correct 345/348
class 1: acc 0.9914529914529915, correct 348/351

Val Set, val_loss: 0.7446, val_error: 0.0979, auc: 0.4599
class 0 clustering acc 1.0: correct 1144/1144
class 1 clustering acc 0.9965034965034965: correct 1140/1144
class 0: acc 0.9416058394160584, correct 129/137
class 1: acc 0.0, correct 0/6
EarlyStopping counter: 43 out of 20


batch 19, loss: 0.0006, instance_loss: 0.0082, weighted_loss: 0.0029, label: 0, bag_size: 263
batch 39, loss: 0.0000, instance_loss: 0.0015, weighted_loss: 0.0005, label: 0, bag_size: 233
batch 59, loss: 0.0000, instance_loss: 0.0000, weighted_loss: 0.0000, label: 0, bag_size: 938
batch 79, loss: 0.0000, instance_loss: 0.0000, weighted_loss: 0.0000, label: 0, bag_size: 397
batch 99, loss: 0.0000, instance_loss: 0.0000, weighted_loss: 0.0000, label: 0, bag_size: 199
batch 119, loss: 0.0000, instance_loss: 0.0000, weighted_loss: 0.0000, label: 0, bag_size: 619
batch 139, loss: 0.0000, instance_loss: 0.0002, weighted_loss: 0.0001, label: 0, bag_size: 349
batch 159, loss: 0.0000, instance_loss: 0.0107, weighted_loss: 0.0032, label: 0, bag_size: 65
batch 179, loss: 0.0000, instance_loss: 0.0078, weighted_loss: 0.0023, label: 0, bag_size: 215
batch 199, loss: 0.0000, instance_loss: 0.0000, weighted_loss: 0.0000, label: 1, bag_size: 283
batch 219, loss: 0.0000, instance_loss: 0.0002, weighted_loss: 0.0001, label: 0, bag_size: 305
batch 239, loss: 0.0000, instance_loss: 0.0160, weighted_loss: 0.0048, label: 0, bag_size: 67
batch 259, loss: 0.0000, instance_loss: 0.0007, weighted_loss: 0.0002, label: 0, bag_size: 198
batch 279, loss: 0.0000, instance_loss: 0.0000, weighted_loss: 0.0000, label: 0, bag_size: 613
batch 299, loss: 0.0000, instance_loss: 0.0000, weighted_loss: 0.0000, label: 1, bag_size: 943
batch 319, loss: 0.0000, instance_loss: 0.0006, weighted_loss: 0.0002, label: 0, bag_size: 232
batch 339, loss: 0.0000, instance_loss: 0.0020, weighted_loss: 0.0006, label: 0, bag_size: 826
batch 359, loss: 0.0001, instance_loss: 0.0005, weighted_loss: 0.0002, label: 0, bag_size: 360
batch 379, loss: 0.0000, instance_loss: 1.0753, weighted_loss: 0.3226, label: 0, bag_size: 134
batch 399, loss: 0.0000, instance_loss: 0.0003, weighted_loss: 0.0001, label: 1, bag_size: 903
batch 419, loss: 0.0001, instance_loss: 0.0000, weighted_loss: 0.0001, label: 1, bag_size: 283
batch 439, loss: 0.0000, instance_loss: 0.0000, weighted_loss: 0.0000, label: 1, bag_size: 1374
batch 459, loss: 0.0000, instance_loss: 0.0000, weighted_loss: 0.0000, label: 1, bag_size: 788
batch 479, loss: 0.0000, instance_loss: 0.0000, weighted_loss: 0.0000, label: 0, bag_size: 731
batch 499, loss: 0.0001, instance_loss: 0.0000, weighted_loss: 0.0000, label: 1, bag_size: 189
batch 519, loss: 0.0000, instance_loss: 0.0008, weighted_loss: 0.0002, label: 0, bag_size: 540
batch 539, loss: 0.0000, instance_loss: 0.0026, weighted_loss: 0.0008, label: 0, bag_size: 162
batch 559, loss: 0.0000, instance_loss: 0.0013, weighted_loss: 0.0004, label: 0, bag_size: 235
batch 579, loss: 0.0008, instance_loss: 0.0000, weighted_loss: 0.0006, label: 1, bag_size: 379
batch 599, loss: 0.0000, instance_loss: 0.0007, weighted_loss: 0.0002, label: 0, bag_size: 374
batch 619, loss: 0.0000, instance_loss: 0.0000, weighted_loss: 0.0000, label: 0, bag_size: 501
batch 639, loss: 0.0000, instance_loss: 0.0000, weighted_loss: 0.0000, label: 1, bag_size: 227
batch 659, loss: 0.0000, instance_loss: 0.0005, weighted_loss: 0.0002, label: 0, bag_size: 338
batch 679, loss: 0.0005, instance_loss: 0.0002, weighted_loss: 0.0004, label: 1, bag_size: 50


class 0 clustering acc 0.9998211731044349: correct 5591/5592
class 1 clustering acc 0.9966022889842633: correct 5573/5592
Epoch: 44, train_loss: 0.0009, train_clustering_loss:  0.0111, train_error: 0.0000
class 0: acc 1.0, correct 368/368
class 1: acc 1.0, correct 331/331

Val Set, val_loss: 0.6084, val_error: 0.0559, auc: 0.4526
class 0 clustering acc 1.0: correct 1144/1144
class 1 clustering acc 0.9921328671328671: correct 1135/1144
class 0: acc 0.9854014598540146, correct 135/137
class 1: acc 0.0, correct 0/6
EarlyStopping counter: 44 out of 20


batch 19, loss: 0.0002, instance_loss: 0.0000, weighted_loss: 0.0001, label: 0, bag_size: 281
batch 39, loss: 0.0001, instance_loss: 0.0000, weighted_loss: 0.0000, label: 1, bag_size: 917
batch 59, loss: 0.0000, instance_loss: 0.0054, weighted_loss: 0.0016, label: 0, bag_size: 213
batch 79, loss: 0.0000, instance_loss: 0.0010, weighted_loss: 0.0003, label: 0, bag_size: 706
batch 99, loss: 0.0000, instance_loss: 0.0010, weighted_loss: 0.0003, label: 0, bag_size: 898
batch 119, loss: 0.0000, instance_loss: 0.0009, weighted_loss: 0.0003, label: 0, bag_size: 1029
batch 139, loss: 0.0000, instance_loss: 0.0002, weighted_loss: 0.0001, label: 0, bag_size: 423
batch 159, loss: 0.0000, instance_loss: 0.0002, weighted_loss: 0.0001, label: 0, bag_size: 1229
batch 179, loss: 0.0000, instance_loss: 0.0000, weighted_loss: 0.0000, label: 1, bag_size: 189
batch 199, loss: 0.0001, instance_loss: 0.0000, weighted_loss: 0.0001, label: 1, bag_size: 856
batch 219, loss: 0.0000, instance_loss: 0.0000, weighted_loss: 0.0000, label: 0, bag_size: 401
batch 239, loss: 0.0000, instance_loss: 0.0003, weighted_loss: 0.0001, label: 0, bag_size: 283
batch 259, loss: 0.0001, instance_loss: 0.0000, weighted_loss: 0.0000, label: 1, bag_size: 903
batch 279, loss: 0.0000, instance_loss: 0.0002, weighted_loss: 0.0001, label: 1, bag_size: 656
batch 299, loss: 0.0000, instance_loss: 0.0000, weighted_loss: 0.0000, label: 0, bag_size: 346
batch 319, loss: 0.0000, instance_loss: 0.0000, weighted_loss: 0.0000, label: 1, bag_size: 379
batch 339, loss: 0.0000, instance_loss: 0.0000, weighted_loss: 0.0000, label: 1, bag_size: 926
batch 359, loss: 0.0000, instance_loss: 0.0000, weighted_loss: 0.0000, label: 1, bag_size: 399
batch 379, loss: 0.0002, instance_loss: 0.0003, weighted_loss: 0.0002, label: 0, bag_size: 716
batch 399, loss: 0.0001, instance_loss: 0.0000, weighted_loss: 0.0001, label: 1, bag_size: 816
batch 419, loss: 0.0000, instance_loss: 0.0000, weighted_loss: 0.0000, label: 0, bag_size: 269
batch 439, loss: 0.0000, instance_loss: 0.0002, weighted_loss: 0.0001, label: 0, bag_size: 430
batch 459, loss: 0.0000, instance_loss: 0.0000, weighted_loss: 0.0000, label: 0, bag_size: 125
batch 479, loss: 0.0000, instance_loss: 0.0000, weighted_loss: 0.0000, label: 1, bag_size: 50
batch 499, loss: 0.0000, instance_loss: 0.0000, weighted_loss: 0.0000, label: 1, bag_size: 1374
batch 519, loss: 0.0000, instance_loss: 0.0010, weighted_loss: 0.0003, label: 0, bag_size: 1136
batch 539, loss: 0.0000, instance_loss: 0.0002, weighted_loss: 0.0001, label: 0, bag_size: 1502
batch 559, loss: 0.0001, instance_loss: 0.0000, weighted_loss: 0.0001, label: 1, bag_size: 788
batch 579, loss: 0.0000, instance_loss: 0.0017, weighted_loss: 0.0005, label: 0, bag_size: 193
batch 599, loss: 0.0000, instance_loss: 0.0003, weighted_loss: 0.0001, label: 0, bag_size: 94
batch 619, loss: 0.0000, instance_loss: 0.0018, weighted_loss: 0.0005, label: 0, bag_size: 107
batch 639, loss: 0.0000, instance_loss: 0.0000, weighted_loss: 0.0000, label: 0, bag_size: 1128
batch 659, loss: 0.0000, instance_loss: 0.0000, weighted_loss: 0.0000, label: 0, bag_size: 153
batch 679, loss: 0.0000, instance_loss: 0.0000, weighted_loss: 0.0000, label: 0, bag_size: 214


class 0 clustering acc 0.9996423462088698: correct 5590/5592
class 1 clustering acc 0.9987482117310443: correct 5585/5592
Epoch: 45, train_loss: 0.0004, train_clustering_loss:  0.0040, train_error: 0.0000
class 0: acc 1.0, correct 338/338
class 1: acc 1.0, correct 361/361

Val Set, val_loss: 0.6253, val_error: 0.0769, auc: 0.5000
class 0 clustering acc 1.0: correct 1144/1144
class 1 clustering acc 0.9912587412587412: correct 1134/1144
class 0: acc 0.9635036496350365, correct 132/137
class 1: acc 0.0, correct 0/6
EarlyStopping counter: 45 out of 20


batch 19, loss: 0.0000, instance_loss: 0.0053, weighted_loss: 0.0016, label: 0, bag_size: 109
batch 39, loss: 0.0001, instance_loss: 0.0000, weighted_loss: 0.0000, label: 1, bag_size: 788
batch 59, loss: 0.0000, instance_loss: 0.0000, weighted_loss: 0.0000, label: 1, bag_size: 917
batch 79, loss: 0.0000, instance_loss: 0.0000, weighted_loss: 0.0000, label: 1, bag_size: 399
batch 99, loss: 0.0008, instance_loss: 0.0096, weighted_loss: 0.0034, label: 0, bag_size: 206
batch 119, loss: 0.0001, instance_loss: 0.0000, weighted_loss: 0.0000, label: 1, bag_size: 788
batch 139, loss: 0.0000, instance_loss: 0.0136, weighted_loss: 0.0041, label: 0, bag_size: 219
batch 159, loss: 0.0000, instance_loss: 0.0000, weighted_loss: 0.0000, label: 1, bag_size: 912
batch 179, loss: 0.0000, instance_loss: 0.0000, weighted_loss: 0.0000, label: 1, bag_size: 1297
batch 199, loss: 0.0000, instance_loss: 0.0000, weighted_loss: 0.0000, label: 0, bag_size: 1074
batch 219, loss: 0.0000, instance_loss: 0.0000, weighted_loss: 0.0000, label: 1, bag_size: 1074
batch 239, loss: 0.0000, instance_loss: 0.0000, weighted_loss: 0.0000, label: 1, bag_size: 212
batch 259, loss: 0.0000, instance_loss: 0.0262, weighted_loss: 0.0079, label: 0, bag_size: 340
batch 279, loss: 0.0000, instance_loss: 0.0002, weighted_loss: 0.0001, label: 0, bag_size: 274
batch 299, loss: 0.0000, instance_loss: 0.0000, weighted_loss: 0.0000, label: 1, bag_size: 283
batch 319, loss: 0.0000, instance_loss: 0.0000, weighted_loss: 0.0000, label: 1, bag_size: 919
batch 339, loss: 0.0002, instance_loss: 0.0000, weighted_loss: 0.0001, label: 1, bag_size: 531
batch 359, loss: 0.0000, instance_loss: 0.0000, weighted_loss: 0.0000, label: 0, bag_size: 472
batch 379, loss: 0.0000, instance_loss: 0.0293, weighted_loss: 0.0088, label: 0, bag_size: 260
batch 399, loss: 0.0000, instance_loss: 0.0000, weighted_loss: 0.0000, label: 0, bag_size: 413
batch 419, loss: 0.0000, instance_loss: 0.0000, weighted_loss: 0.0000, label: 0, bag_size: 484
batch 439, loss: 0.0031, instance_loss: 0.0035, weighted_loss: 0.0032, label: 0, bag_size: 105
batch 459, loss: 0.0000, instance_loss: 0.0007, weighted_loss: 0.0002, label: 0, bag_size: 1042
batch 479, loss: 0.0000, instance_loss: 0.0005, weighted_loss: 0.0001, label: 0, bag_size: 75
batch 499, loss: 0.0001, instance_loss: 0.0006, weighted_loss: 0.0002, label: 1, bag_size: 162
batch 519, loss: 0.0000, instance_loss: 0.0000, weighted_loss: 0.0000, label: 1, bag_size: 903
batch 539, loss: 0.0000, instance_loss: 0.0000, weighted_loss: 0.0000, label: 1, bag_size: 917
batch 559, loss: 0.0028, instance_loss: 0.0000, weighted_loss: 0.0020, label: 1, bag_size: 1374
batch 579, loss: 10.3463, instance_loss: 0.0002, weighted_loss: 7.2424, label: 1, bag_size: 816
batch 599, loss: 0.0000, instance_loss: 0.0002, weighted_loss: 0.0001, label: 1, bag_size: 656
batch 619, loss: 0.0000, instance_loss: 0.0005, weighted_loss: 0.0002, label: 1, bag_size: 226
batch 639, loss: 0.0000, instance_loss: 0.0000, weighted_loss: 0.0000, label: 1, bag_size: 321
batch 659, loss: 0.0000, instance_loss: 0.0000, weighted_loss: 0.0000, label: 0, bag_size: 1205
batch 679, loss: 0.0000, instance_loss: 0.0004, weighted_loss: 0.0001, label: 0, bag_size: 160


class 0 clustering acc 1.0: correct 5592/5592
class 1 clustering acc 0.9991058655221745: correct 5587/5592
Epoch: 46, train_loss: 0.0749, train_clustering_loss:  0.0041, train_error: 0.0114
class 0: acc 0.989010989010989, correct 360/364
class 1: acc 0.9880597014925373, correct 331/335

Val Set, val_loss: 0.5817, val_error: 0.0909, auc: 0.5000
class 0 clustering acc 1.0: correct 1144/1144
class 1 clustering acc 0.986013986013986: correct 1128/1144
class 0: acc 0.948905109489051, correct 130/137
class 1: acc 0.0, correct 0/6
EarlyStopping counter: 46 out of 20


batch 19, loss: 0.4846, instance_loss: 0.0008, weighted_loss: 0.3395, label: 0, bag_size: 678
batch 39, loss: 0.0000, instance_loss: 0.3627, weighted_loss: 0.1088, label: 0, bag_size: 166
batch 59, loss: 0.0000, instance_loss: 0.0146, weighted_loss: 0.0044, label: 0, bag_size: 118
batch 79, loss: 0.0001, instance_loss: 0.0002, weighted_loss: 0.0001, label: 1, bag_size: 162
batch 99, loss: 0.0000, instance_loss: 0.0000, weighted_loss: 0.0000, label: 1, bag_size: 1017
batch 119, loss: 0.0000, instance_loss: 0.0004, weighted_loss: 0.0001, label: 0, bag_size: 288
batch 139, loss: 0.0003, instance_loss: 0.0000, weighted_loss: 0.0002, label: 1, bag_size: 231
batch 159, loss: 0.0000, instance_loss: 0.0000, weighted_loss: 0.0000, label: 0, bag_size: 595
batch 179, loss: 0.0000, instance_loss: 0.0000, weighted_loss: 0.0000, label: 0, bag_size: 848
batch 199, loss: 0.0000, instance_loss: 0.0000, weighted_loss: 0.0000, label: 0, bag_size: 248
batch 219, loss: 0.0001, instance_loss: 0.0000, weighted_loss: 0.0001, label: 1, bag_size: 917
batch 239, loss: 0.0024, instance_loss: 0.0000, weighted_loss: 0.0017, label: 0, bag_size: 188
batch 259, loss: 0.0000, instance_loss: 0.0000, weighted_loss: 0.0000, label: 1, bag_size: 226
batch 279, loss: 0.0000, instance_loss: 0.0000, weighted_loss: 0.0000, label: 1, bag_size: 919
batch 299, loss: 0.0000, instance_loss: 0.1195, weighted_loss: 0.0359, label: 0, bag_size: 189
batch 319, loss: 0.0000, instance_loss: 0.0000, weighted_loss: 0.0000, label: 0, bag_size: 185
batch 339, loss: 0.0003, instance_loss: 0.0000, weighted_loss: 0.0002, label: 1, bag_size: 816
batch 359, loss: 0.0000, instance_loss: 0.0010, weighted_loss: 0.0003, label: 0, bag_size: 811
batch 379, loss: 0.0013, instance_loss: 0.0000, weighted_loss: 0.0009, label: 1, bag_size: 656
batch 399, loss: 0.0000, instance_loss: 0.0000, weighted_loss: 0.0000, label: 1, bag_size: 280
batch 419, loss: 0.0000, instance_loss: 0.0011, weighted_loss: 0.0003, label: 0, bag_size: 377
batch 439, loss: 0.0000, instance_loss: 0.0000, weighted_loss: 0.0000, label: 1, bag_size: 656
batch 459, loss: 0.0000, instance_loss: 0.1915, weighted_loss: 0.0575, label: 0, bag_size: 155
batch 479, loss: 0.0002, instance_loss: 0.0000, weighted_loss: 0.0002, label: 0, bag_size: 780
batch 499, loss: 0.0000, instance_loss: 0.0000, weighted_loss: 0.0000, label: 0, bag_size: 405
batch 519, loss: 0.0000, instance_loss: 0.0004, weighted_loss: 0.0001, label: 0, bag_size: 1031
batch 539, loss: 0.0000, instance_loss: 0.0022, weighted_loss: 0.0006, label: 0, bag_size: 294
batch 559, loss: 0.0000, instance_loss: 0.0010, weighted_loss: 0.0003, label: 0, bag_size: 228
batch 579, loss: 0.0000, instance_loss: 0.0000, weighted_loss: 0.0000, label: 1, bag_size: 280
batch 599, loss: 0.0000, instance_loss: 0.0791, weighted_loss: 0.0237, label: 0, bag_size: 873
batch 619, loss: 0.0011, instance_loss: 0.0000, weighted_loss: 0.0008, label: 1, bag_size: 283
batch 639, loss: 0.0000, instance_loss: 0.0000, weighted_loss: 0.0000, label: 0, bag_size: 186
batch 659, loss: 0.0000, instance_loss: 0.4966, weighted_loss: 0.1490, label: 0, bag_size: 177
batch 679, loss: 0.0000, instance_loss: 0.0081, weighted_loss: 0.0024, label: 0, bag_size: 102


class 0 clustering acc 0.9985693848354793: correct 5584/5592
class 1 clustering acc 0.9951716738197425: correct 5565/5592
Epoch: 47, train_loss: 0.0414, train_clustering_loss:  0.0160, train_error: 0.0043
class 0: acc 0.9972451790633609, correct 362/363
class 1: acc 0.9940476190476191, correct 334/336

Val Set, val_loss: 0.6828, val_error: 0.0979, auc: 0.3917
class 0 clustering acc 1.0: correct 1144/1144
class 1 clustering acc 0.986013986013986: correct 1128/1144
class 0: acc 0.9416058394160584, correct 129/137
class 1: acc 0.0, correct 0/6
EarlyStopping counter: 47 out of 20


batch 19, loss: 0.0000, instance_loss: 0.0000, weighted_loss: 0.0000, label: 0, bag_size: 1033
batch 39, loss: 0.0002, instance_loss: 0.0035, weighted_loss: 0.0012, label: 0, bag_size: 781
batch 59, loss: 0.0000, instance_loss: 0.0000, weighted_loss: 0.0000, label: 0, bag_size: 922
batch 79, loss: 0.0000, instance_loss: 0.0000, weighted_loss: 0.0000, label: 1, bag_size: 399
batch 99, loss: 0.0010, instance_loss: 0.0000, weighted_loss: 0.0007, label: 1, bag_size: 231
batch 119, loss: 0.0000, instance_loss: 0.0000, weighted_loss: 0.0000, label: 0, bag_size: 312
batch 139, loss: 0.0000, instance_loss: 0.0000, weighted_loss: 0.0000, label: 1, bag_size: 226
batch 159, loss: 0.0000, instance_loss: 0.0090, weighted_loss: 0.0027, label: 0, bag_size: 169
batch 179, loss: 0.0000, instance_loss: 0.0004, weighted_loss: 0.0001, label: 0, bag_size: 273
batch 199, loss: 0.0003, instance_loss: 0.0466, weighted_loss: 0.0142, label: 0, bag_size: 1485
batch 219, loss: 0.0023, instance_loss: 0.0000, weighted_loss: 0.0016, label: 1, bag_size: 903
batch 239, loss: 0.0000, instance_loss: 0.0058, weighted_loss: 0.0018, label: 0, bag_size: 578
batch 259, loss: 0.0297, instance_loss: 0.0000, weighted_loss: 0.0208, label: 1, bag_size: 1016
batch 279, loss: 0.0049, instance_loss: 0.0000, weighted_loss: 0.0035, label: 1, bag_size: 178
batch 299, loss: 0.0000, instance_loss: 0.0021, weighted_loss: 0.0006, label: 0, bag_size: 194
batch 319, loss: 0.0010, instance_loss: 0.0000, weighted_loss: 0.0007, label: 1, bag_size: 379
batch 339, loss: 0.2708, instance_loss: 0.0084, weighted_loss: 0.1921, label: 1, bag_size: 531
batch 359, loss: 0.0000, instance_loss: 0.0055, weighted_loss: 0.0016, label: 0, bag_size: 107
batch 379, loss: 0.0001, instance_loss: 0.0010, weighted_loss: 0.0004, label: 1, bag_size: 280
batch 399, loss: 0.0000, instance_loss: 0.0005, weighted_loss: 0.0001, label: 0, bag_size: 1134
batch 419, loss: 0.0000, instance_loss: 0.1900, weighted_loss: 0.0570, label: 0, bag_size: 106
batch 439, loss: 0.0000, instance_loss: 0.0581, weighted_loss: 0.0174, label: 0, bag_size: 227
batch 459, loss: 0.0001, instance_loss: 0.0059, weighted_loss: 0.0018, label: 1, bag_size: 160
batch 479, loss: 0.0005, instance_loss: 0.0000, weighted_loss: 0.0004, label: 1, bag_size: 227
batch 499, loss: 0.0000, instance_loss: 0.0000, weighted_loss: 0.0000, label: 1, bag_size: 226
batch 519, loss: 0.0005, instance_loss: 0.0000, weighted_loss: 0.0003, label: 1, bag_size: 231
batch 539, loss: 0.0000, instance_loss: 0.0000, weighted_loss: 0.0000, label: 1, bag_size: 167
batch 559, loss: 0.0001, instance_loss: 0.0000, weighted_loss: 0.0000, label: 1, bag_size: 319
batch 579, loss: 0.0000, instance_loss: 0.0940, weighted_loss: 0.0282, label: 0, bag_size: 60
batch 599, loss: 0.0000, instance_loss: 0.0251, weighted_loss: 0.0075, label: 0, bag_size: 118
batch 619, loss: 0.0000, instance_loss: 0.0145, weighted_loss: 0.0044, label: 1, bag_size: 226
batch 639, loss: 0.0000, instance_loss: 0.0127, weighted_loss: 0.0038, label: 0, bag_size: 166
batch 659, loss: 0.0024, instance_loss: 0.0002, weighted_loss: 0.0017, label: 0, bag_size: 1213
batch 679, loss: 0.0001, instance_loss: 0.0000, weighted_loss: 0.0001, label: 1, bag_size: 1044


class 0 clustering acc 0.9987482117310443: correct 5585/5592
class 1 clustering acc 0.9951716738197425: correct 5565/5592
Epoch: 48, train_loss: 0.0115, train_clustering_loss:  0.0161, train_error: 0.0057
class 0: acc 0.9943181818181818, correct 350/352
class 1: acc 0.9942363112391931, correct 345/347

Val Set, val_loss: 0.6742, val_error: 0.0909, auc: 0.4501
class 0 clustering acc 1.0: correct 1144/1144
class 1 clustering acc 0.9921328671328671: correct 1135/1144
class 0: acc 0.948905109489051, correct 130/137
class 1: acc 0.0, correct 0/6
EarlyStopping counter: 48 out of 20


batch 19, loss: 0.0003, instance_loss: 0.0031, weighted_loss: 0.0011, label: 1, bag_size: 50
batch 39, loss: 0.0000, instance_loss: 0.0000, weighted_loss: 0.0000, label: 0, bag_size: 325
batch 59, loss: 0.0000, instance_loss: 0.0025, weighted_loss: 0.0007, label: 0, bag_size: 145
batch 79, loss: 0.0001, instance_loss: 0.0360, weighted_loss: 0.0109, label: 0, bag_size: 298
batch 99, loss: 0.0000, instance_loss: 0.0002, weighted_loss: 0.0001, label: 1, bag_size: 399
batch 119, loss: 0.0000, instance_loss: 0.0050, weighted_loss: 0.0015, label: 1, bag_size: 212
batch 139, loss: 0.0000, instance_loss: 0.0003, weighted_loss: 0.0001, label: 0, bag_size: 922
batch 159, loss: 0.0000, instance_loss: 0.0013, weighted_loss: 0.0004, label: 0, bag_size: 166
batch 179, loss: 0.0000, instance_loss: 0.0002, weighted_loss: 0.0001, label: 1, bag_size: 656
batch 199, loss: 0.0004, instance_loss: 0.0053, weighted_loss: 0.0019, label: 0, bag_size: 328
batch 219, loss: 0.0000, instance_loss: 0.0003, weighted_loss: 0.0001, label: 0, bag_size: 144
batch 239, loss: 0.0000, instance_loss: 0.0067, weighted_loss: 0.0020, label: 1, bag_size: 212
batch 259, loss: 0.0000, instance_loss: 0.0000, weighted_loss: 0.0000, label: 0, bag_size: 76
batch 279, loss: 0.0000, instance_loss: 0.0000, weighted_loss: 0.0000, label: 0, bag_size: 200
batch 299, loss: 0.0004, instance_loss: 0.0000, weighted_loss: 0.0003, label: 1, bag_size: 1034
batch 319, loss: 0.0000, instance_loss: 0.0000, weighted_loss: 0.0000, label: 1, bag_size: 160
batch 339, loss: 0.0000, instance_loss: 0.0000, weighted_loss: 0.0000, label: 1, bag_size: 656
batch 359, loss: 0.0000, instance_loss: 0.0000, weighted_loss: 0.0000, label: 1, bag_size: 167
batch 379, loss: 0.0000, instance_loss: 0.0013, weighted_loss: 0.0004, label: 1, bag_size: 226
batch 399, loss: 0.0000, instance_loss: 0.0000, weighted_loss: 0.0000, label: 1, bag_size: 399
batch 419, loss: 0.0019, instance_loss: 0.0000, weighted_loss: 0.0014, label: 1, bag_size: 531
batch 439, loss: 0.0000, instance_loss: 0.0000, weighted_loss: 0.0000, label: 0, bag_size: 637
batch 459, loss: 0.0001, instance_loss: 0.0038, weighted_loss: 0.0012, label: 0, bag_size: 425
batch 479, loss: 0.0000, instance_loss: 0.0673, weighted_loss: 0.0202, label: 0, bag_size: 107
batch 499, loss: 0.0000, instance_loss: 0.0000, weighted_loss: 0.0000, label: 1, bag_size: 926
batch 519, loss: 0.0000, instance_loss: 0.0000, weighted_loss: 0.0000, label: 1, bag_size: 845
batch 539, loss: 0.0014, instance_loss: 0.0037, weighted_loss: 0.0021, label: 0, bag_size: 891
batch 559, loss: 0.0008, instance_loss: 0.0002, weighted_loss: 0.0006, label: 1, bag_size: 531
batch 579, loss: 0.0000, instance_loss: 0.0000, weighted_loss: 0.0000, label: 0, bag_size: 1229
batch 599, loss: 0.0000, instance_loss: 0.0000, weighted_loss: 0.0000, label: 1, bag_size: 926
batch 619, loss: 0.0000, instance_loss: 0.0061, weighted_loss: 0.0018, label: 0, bag_size: 94
batch 639, loss: 0.0000, instance_loss: 0.0007, weighted_loss: 0.0002, label: 0, bag_size: 95
batch 659, loss: 0.0000, instance_loss: 0.0023, weighted_loss: 0.0007, label: 1, bag_size: 656
batch 679, loss: 0.0004, instance_loss: 0.0000, weighted_loss: 0.0003, label: 1, bag_size: 1002


class 0 clustering acc 0.9989270386266095: correct 5586/5592
class 1 clustering acc 0.9953505007153076: correct 5566/5592
Epoch: 49, train_loss: 0.0005, train_clustering_loss:  0.0159, train_error: 0.0000
class 0: acc 1.0, correct 365/365
class 1: acc 1.0, correct 334/334

Val Set, val_loss: 0.6437, val_error: 0.0699, auc: 0.4501
class 0 clustering acc 1.0: correct 1144/1144
class 1 clustering acc 0.9947552447552448: correct 1138/1144
class 0: acc 0.9708029197080292, correct 133/137
class 1: acc 0.0, correct 0/6
EarlyStopping counter: 49 out of 20


batch 19, loss: 0.0000, instance_loss: 0.0002, weighted_loss: 0.0001, label: 0, bag_size: 207
batch 39, loss: 0.0000, instance_loss: 0.0005, weighted_loss: 0.0001, label: 0, bag_size: 1269
batch 59, loss: 0.0000, instance_loss: 0.1788, weighted_loss: 0.0537, label: 0, bag_size: 84
batch 79, loss: 0.0000, instance_loss: 0.0000, weighted_loss: 0.0000, label: 1, bag_size: 1374
batch 99, loss: 0.0000, instance_loss: 0.0000, weighted_loss: 0.0000, label: 1, bag_size: 399
batch 119, loss: 0.0001, instance_loss: 0.0000, weighted_loss: 0.0001, label: 1, bag_size: 919
batch 139, loss: 0.0000, instance_loss: 0.0000, weighted_loss: 0.0000, label: 1, bag_size: 1374
batch 159, loss: 0.0000, instance_loss: 0.0039, weighted_loss: 0.0012, label: 0, bag_size: 673
batch 179, loss: 0.0003, instance_loss: 0.0000, weighted_loss: 0.0002, label: 1, bag_size: 1002
batch 199, loss: 0.0000, instance_loss: 0.0000, weighted_loss: 0.0000, label: 0, bag_size: 907
batch 219, loss: 0.0000, instance_loss: 0.0000, weighted_loss: 0.0000, label: 1, bag_size: 345
batch 239, loss: 0.0000, instance_loss: 0.0009, weighted_loss: 0.0003, label: 1, bag_size: 1082
batch 259, loss: 0.0001, instance_loss: 0.0000, weighted_loss: 0.0001, label: 1, bag_size: 1082
batch 279, loss: 0.0002, instance_loss: 0.0000, weighted_loss: 0.0002, label: 1, bag_size: 226
batch 299, loss: 0.0000, instance_loss: 0.0000, weighted_loss: 0.0000, label: 1, bag_size: 912
batch 319, loss: 0.0000, instance_loss: 0.0012, weighted_loss: 0.0004, label: 0, bag_size: 267
batch 339, loss: 0.0000, instance_loss: 0.0052, weighted_loss: 0.0016, label: 0, bag_size: 198
batch 359, loss: 0.0002, instance_loss: 0.0000, weighted_loss: 0.0001, label: 1, bag_size: 571
batch 379, loss: 0.0000, instance_loss: 0.0000, weighted_loss: 0.0000, label: 1, bag_size: 912
batch 399, loss: 0.0001, instance_loss: 0.0000, weighted_loss: 0.0001, label: 1, bag_size: 1016
batch 419, loss: 0.0000, instance_loss: 0.2603, weighted_loss: 0.0781, label: 0, bag_size: 148
batch 439, loss: 0.0000, instance_loss: 0.0109, weighted_loss: 0.0033, label: 0, bag_size: 83
batch 459, loss: 0.0001, instance_loss: 0.0004, weighted_loss: 0.0001, label: 1, bag_size: 167
batch 479, loss: 0.0014, instance_loss: 0.6754, weighted_loss: 0.2036, label: 0, bag_size: 119
batch 499, loss: 0.0000, instance_loss: 0.0004, weighted_loss: 0.0001, label: 0, bag_size: 294
batch 519, loss: 0.0001, instance_loss: 0.0000, weighted_loss: 0.0000, label: 1, bag_size: 1017
batch 539, loss: 0.0004, instance_loss: 0.0000, weighted_loss: 0.0003, label: 1, bag_size: 919
batch 559, loss: 0.0000, instance_loss: 0.0000, weighted_loss: 0.0000, label: 1, bag_size: 399
batch 579, loss: 0.0000, instance_loss: 0.0120, weighted_loss: 0.0036, label: 0, bag_size: 161
batch 599, loss: 0.0000, instance_loss: 0.0000, weighted_loss: 0.0000, label: 1, bag_size: 926
batch 619, loss: 0.0000, instance_loss: 0.0005, weighted_loss: 0.0002, label: 0, bag_size: 1383
batch 639, loss: 0.0000, instance_loss: 0.0000, weighted_loss: 0.0000, label: 1, bag_size: 321
batch 659, loss: 0.0001, instance_loss: 0.0000, weighted_loss: 0.0000, label: 1, bag_size: 319
batch 679, loss: 0.0000, instance_loss: 0.0000, weighted_loss: 0.0000, label: 1, bag_size: 226


class 0 clustering acc 0.9978540772532188: correct 5580/5592
class 1 clustering acc 0.994098712446352: correct 5559/5592
Epoch: 50, train_loss: 0.0008, train_clustering_loss:  0.0219, train_error: 0.0000
class 0: acc 1.0, correct 375/375
class 1: acc 1.0, correct 324/324

Val Set, val_loss: 0.6297, val_error: 0.0629, auc: 0.4331
class 0 clustering acc 1.0: correct 1144/1144
class 1 clustering acc 0.9956293706293706: correct 1139/1144
class 0: acc 0.9781021897810219, correct 134/137
class 1: acc 0.0, correct 0/6
EarlyStopping counter: 50 out of 20


batch 19, loss: 0.0000, instance_loss: 0.0000, weighted_loss: 0.0000, label: 1, bag_size: 1297
batch 39, loss: 0.0000, instance_loss: 0.0000, weighted_loss: 0.0000, label: 0, bag_size: 1074
batch 59, loss: 0.0000, instance_loss: 0.0000, weighted_loss: 0.0000, label: 0, bag_size: 1004
batch 79, loss: 0.0000, instance_loss: 0.0000, weighted_loss: 0.0000, label: 0, bag_size: 377
batch 99, loss: 0.0000, instance_loss: 0.0000, weighted_loss: 0.0000, label: 1, bag_size: 1297
batch 119, loss: 0.0000, instance_loss: 0.0000, weighted_loss: 0.0000, label: 1, bag_size: 280
batch 139, loss: 0.0001, instance_loss: 0.0018, weighted_loss: 0.0006, label: 0, bag_size: 407
batch 159, loss: 0.0000, instance_loss: 0.0000, weighted_loss: 0.0000, label: 0, bag_size: 509
batch 179, loss: 0.0000, instance_loss: 0.0000, weighted_loss: 0.0000, label: 0, bag_size: 1017
batch 199, loss: 0.0002, instance_loss: 0.0000, weighted_loss: 0.0001, label: 1, bag_size: 788
batch 219, loss: 0.0000, instance_loss: 0.0007, weighted_loss: 0.0002, label: 0, bag_size: 60
batch 239, loss: 0.0000, instance_loss: 0.0002, weighted_loss: 0.0001, label: 1, bag_size: 1074
batch 259, loss: 0.0000, instance_loss: 0.0000, weighted_loss: 0.0000, label: 0, bag_size: 629
batch 279, loss: 0.0000, instance_loss: 0.0013, weighted_loss: 0.0004, label: 0, bag_size: 95
batch 299, loss: 0.0001, instance_loss: 0.0005, weighted_loss: 0.0002, label: 0, bag_size: 870
batch 319, loss: 0.0000, instance_loss: 0.0016, weighted_loss: 0.0005, label: 0, bag_size: 412
batch 339, loss: 0.0000, instance_loss: 0.0000, weighted_loss: 0.0000, label: 1, bag_size: 1074
batch 359, loss: 0.0000, instance_loss: 0.0000, weighted_loss: 0.0000, label: 1, bag_size: 656
batch 379, loss: 0.0003, instance_loss: 0.0000, weighted_loss: 0.0002, label: 1, bag_size: 379
batch 399, loss: 0.0004, instance_loss: 0.0000, weighted_loss: 0.0003, label: 1, bag_size: 280
batch 419, loss: 0.0000, instance_loss: 0.0023, weighted_loss: 0.0007, label: 0, bag_size: 75
batch 439, loss: 0.0000, instance_loss: 0.0000, weighted_loss: 0.0000, label: 0, bag_size: 174
batch 459, loss: 0.0000, instance_loss: 0.0000, weighted_loss: 0.0000, label: 1, bag_size: 1374
batch 479, loss: 0.0000, instance_loss: 0.0000, weighted_loss: 0.0000, label: 1, bag_size: 399
batch 499, loss: 0.0002, instance_loss: 0.0000, weighted_loss: 0.0001, label: 1, bag_size: 345
batch 519, loss: 0.0000, instance_loss: 0.0000, weighted_loss: 0.0000, label: 0, bag_size: 704
batch 539, loss: 0.0001, instance_loss: 0.0030, weighted_loss: 0.0010, label: 0, bag_size: 1270
batch 559, loss: 0.0001, instance_loss: 0.0000, weighted_loss: 0.0000, label: 1, bag_size: 379
batch 579, loss: 0.0000, instance_loss: 0.0000, weighted_loss: 0.0000, label: 1, bag_size: 943
batch 599, loss: 0.0000, instance_loss: 0.0000, weighted_loss: 0.0000, label: 1, bag_size: 531
batch 619, loss: 0.0001, instance_loss: 0.0013, weighted_loss: 0.0005, label: 1, bag_size: 50
batch 639, loss: 0.0000, instance_loss: 0.0017, weighted_loss: 0.0005, label: 1, bag_size: 178
batch 659, loss: 0.0000, instance_loss: 0.0004, weighted_loss: 0.0001, label: 0, bag_size: 287
batch 679, loss: 0.0001, instance_loss: 0.0000, weighted_loss: 0.0000, label: 1, bag_size: 283


class 0 clustering acc 0.9989270386266095: correct 5586/5592
class 1 clustering acc 0.9969599427753935: correct 5575/5592
Epoch: 51, train_loss: 0.0002, train_clustering_loss:  0.0114, train_error: 0.0000
class 0: acc 1.0, correct 328/328
class 1: acc 1.0, correct 371/371

Val Set, val_loss: 0.6347, val_error: 0.0629, auc: 0.4282
class 0 clustering acc 1.0: correct 1144/1144
class 1 clustering acc 0.9877622377622378: correct 1130/1144
class 0: acc 0.9781021897810219, correct 134/137
class 1: acc 0.0, correct 0/6
EarlyStopping counter: 51 out of 20
Early stopping
Val error: 0.0629, ROC AUC: 0.6825
Test error: 0.1124, ROC AUC: 0.5654
class 0: acc 0.9330024813895782, correct 376/403
class 1: acc 0.125, correct 3/24
finished!
end script
