event_id,label,probability,slides,stain_groups,probability_fold_0,probability_fold_1,probability_fold_2,probability_fold_3,probability_fold_4,probability_fold_5,probability_fold_6,probability_fold_7,probability_fold_8,probability_fold_9,probability_fold_10,probability_fold_11,probability_fold_12,probability_fold_13,probability_fold_14,probability_fold_15,probability_fold_16,probability_fold_17,probability_fold_18,probability_fold_19,probability_fold_20,probability_fold_21,probability_fold_22,probability_fold_23,probability_fold_24,prediction
GSE290577_core_Patient_10_1,1,0.0893212739075534,1,HE,0.0691409483551979,0.03934890031814575,0.027155939489603043,0.31167420744895935,0.03587909787893295,0.3535088002681732,0.018055884167551994,0.021416425704956055,0.0012275823391973972,0.02427789382636547,0.014464850537478924,0.3438808023929596,0.005123689770698547,0.07192357629537582,0.007853243499994278,0.20156118273735046,0.09475968033075333,0.027458807453513145,0.020552650094032288,0.0018922770395874977,0.0007614774513058364,0.08333995193243027,0.06572730094194412,0.004498230759054422,0.38754844665527344,0
GSE290577_core_Patient_10_2,1,0.0648323513741343,1,HE,0.057592786848545074,0.11013376712799072,0.0037948829121887684,0.4937979578971863,0.002204545307904482,0.14446651935577393,0.0027824449352920055,0.03789764270186424,0.001135059050284326,0.0063651264645159245,0.000570431468077004,0.20546910166740417,0.0026413348969072104,0.043568920344114304,0.0015468598576262593,0.08053246140480042,0.07022279500961304,0.004368481691926718,0.008123247884213924,0.0005818709032610059,2.7462343496154062e-05,0.03279968723654747,0.018529752269387245,0.025531068444252014,0.26612457633018494,0
GSE290577_core_Patient_10_3,1,0.18692255928326632,1,HE,0.3185344338417053,0.773759126663208,0.01338206697255373,0.7670384049415588,0.0028607232961803675,0.13003350794315338,0.01489270105957985,0.28008055686950684,0.007096381392329931,0.08118168264627457,0.0010144819971174002,0.6800460815429688,0.011655411683022976,0.1592642068862915,0.006935642100870609,0.1248595118522644,0.09827534109354019,0.01097086165100336,0.0493004210293293,0.001116388593800366,8.803714445093647e-05,0.0815366730093956,0.05392950773239136,0.7000100016593933,0.30520182847976685,0
GSE290577_core_Patient_11_1,0,0.1601362103309657,1,HE,0.23280617594718933,0.6052349805831909,0.009076202288269997,0.7548210024833679,0.0019217774970456958,0.1305471509695053,0.008642678149044514,0.2166130691766739,0.005501624662429094,0.027513284236192703,0.0008806154364719987,0.6165882349014282,0.005742528010159731,0.09508835524320602,0.003036519745364785,0.1355798989534378,0.08203483372926712,0.007604455109685659,0.028450114652514458,0.0012984438799321651,5.168512507225387e-05,0.06109686940908432,0.02660735510289669,0.6143731474876404,0.3322942554950714,0
GSE290577_core_Patient_11_2,1,0.22359625961398705,1,HE,0.3971967101097107,0.8346881866455078,0.013756949454545975,0.7669029235839844,0.004047024063766003,0.14544981718063354,0.09075932949781418,0.5442318320274353,0.010140500962734222,0.08586878329515457,0.0026126026641577482,0.7362666130065918,0.016795329749584198,0.18680882453918457,0.03056396171450615,0.15550898015499115,0.1022883802652359,0.02496836893260479,0.06679345667362213,0.0031295130029320717,0.00027976202545687556,0.1070907711982727,0.03618882596492767,0.8863393664360046,0.3412296772003174,0
GSE290577_core_Patient_11_3,0,0.02507000569787124,1,HE,0.027124527841806412,0.010950328782200813,0.003119630506262183,0.0995369702577591,0.0018678521737456322,0.10688985139131546,0.0005259286263026297,0.007589556742459536,0.0003209530550520867,0.0036202508490532637,0.0001809851237339899,0.028684532269835472,0.0010403977939859033,0.0332791805267334,0.00028543383814394474,0.02476862259209156,0.04367751255631447,0.00222868868149817,0.004823029041290283,0.0002658888406585902,1.2849654922320042e-06,0.016399916261434555,0.03477046266198158,0.0019943888764828444,0.17280396819114685,0
GSE290577_core_Patient_11_4,0,0.045680973450471354,1,HE,0.029845813289284706,0.013309366069734097,0.0019514758605509996,0.2912166118621826,0.0010791996028274298,0.14199604094028473,0.0031718655955046415,0.01182596292346716,0.00024394376669079065,0.0015214536106213927,0.000463611155282706,0.14337879419326782,0.0006663602543994784,0.02019859291613102,0.000882913765963167,0.09046448022127151,0.0510055236518383,0.0034621136728674173,0.0022906307131052017,0.0005062429700046778,9.619742741051596e-06,0.023310750722885132,0.005940542556345463,0.0025215609930455685,0.3007608652114868,0
GSE290577_core_Patient_12_1,0,0.05190857040874107,1,HE,0.04171385616064072,0.04031522199511528,0.004567702766507864,0.3430660665035248,0.0017485263524577022,0.14061102271080017,0.001884827739559114,0.024173064157366753,0.0007569232257083058,0.004292880650609732,0.00048811131273396313,0.1600065976381302,0.0013139010407030582,0.04470023885369301,0.0008545478922314942,0.07098830491304398,0.05841735005378723,0.004251731559634209,0.0075753373093903065,0.0004669952322728932,8.648975381220225e-06,0.024730321019887924,0.02032557688653469,0.01443411037325859,0.2860223948955536,0
GSE290577_core_Patient_12_2,0,0.08113732378235,1,HE,0.09924504160881042,0.31119102239608765,0.011799451895058155,0.2883731424808502,0.005616701673716307,0.13711054623126984,0.004366225562989712,0.05453353375196457,0.0013603060506284237,0.048949699848890305,0.0008552399813197553,0.22155676782131195,0.006899952422827482,0.15748576819896698,0.0021215309388935566,0.035916902124881744,0.07694027572870255,0.011291789822280407,0.02834727056324482,0.0007561057573184371,8.578878805565182e-06,0.037561334669589996,0.1952829360961914,0.1197628602385521,0.17110010981559753,0
GSE290577_core_Patient_12_3,0,0.12277982040133793,1,HE,0.12232638895511627,0.3530147671699524,0.010269750840961933,0.5071593523025513,0.003560566110536456,0.14638341963291168,0.03339144587516785,0.2697789669036865,0.0033275505993515253,0.016015715897083282,0.0022569934371858835,0.2876560389995575,0.008687571622431278,0.08811131864786148,0.004879752639681101,0.09637652337551117,0.08247469365596771,0.011511110700666904,0.022335847839713097,0.002317497506737709,6.94216723786667e-05,0.05370409041643143,0.02517986111342907,0.6291218400001526,0.28958502411842346,0
GSE290577_core_Patient_12_4,0,0.14775274705258198,1,HE,0.1427217274904251,0.388727068901062,0.007400014903396368,0.7185578346252441,0.003078166162595153,0.17030738294124603,0.041696518659591675,0.2901967465877533,0.003990208730101585,0.01406946126371622,0.0030262693762779236,0.6377667784690857,0.007816976867616177,0.0678972527384758,0.005902215838432312,0.18082578480243683,0.09003739058971405,0.010945795103907585,0.014757532626390457,0.002317482139915228,0.00022514376905746758,0.07359721511602402,0.012020090594887733,0.4406150281429291,0.3653225898742676,0
GSE290577_core_Patient_13_1,0,0.02075536425058317,1,HE,0.019957944750785828,0.006238923873752356,0.001999687170609832,0.0798182561993599,0.0010247607715427876,0.1081615760922432,0.00024122519243974239,0.0026733747217804193,7.87917451816611e-05,0.0017682657344266772,7.406755321426317e-05,0.018925964832305908,0.0006739216623827815,0.016931690275669098,0.00020125960872974247,0.022737275809049606,0.03457840904593468,0.0012328834272921085,0.002397702308371663,7.639339310117066e-05,8.716033903510834e-07,0.01207005325704813,0.0284733809530735,0.0003462384338490665,0.1582011878490448,0
GSE290577_core_Patient_13_2,0,0.05130142831203557,1,HE,0.04307562857866287,0.023884758353233337,0.005659615620970726,0.2996476888656616,0.0033421204425394535,0.1670035421848297,0.0033847931772470474,0.009121982380747795,0.00035322739859111607,0.0065179243683815,0.0005389535799622536,0.23556777834892273,0.0016046116361394525,0.04782770946621895,0.001422728761099279,0.06252322345972061,0.05682491883635521,0.006963976658880711,0.007530490402132273,0.00046591603313572705,8.063089808274526e-06,0.027761373668909073,0.034286387264728546,0.003235955722630024,0.23398233950138092,0
GSE290577_core_Patient_13_3,1,0.1321819261321798,1,HE,0.12760187685489655,0.1334841251373291,0.02078750729560852,0.5530809760093689,0.020322222262620926,0.34748375415802,0.040227338671684265,0.034314047545194626,0.0012705849949270487,0.02431360073387623,0.010321881622076035,0.8117639422416687,0.008660209365189075,0.1509472280740738,0.010609729215502739,0.21463653445243835,0.12690788507461548,0.03737824037671089,0.02802038937807083,0.004126278217881918,0.0007272259099408984,0.09619317203760147,0.05440434813499451,0.028099196031689644,0.4188658595085144,0
GSE290577_core_Patient_13_4,1,0.04789069575122994,1,HE,0.04809735342860222,0.027445243671536446,0.002787756733596325,0.31115078926086426,0.0008815586334094405,0.12724778056144714,0.002309199422597885,0.009364476427435875,0.0003963943163398653,0.0030378177762031555,0.0002878623199649155,0.21511071920394897,0.0009517301223240793,0.01913122832775116,0.0008739033946767449,0.08273451030254364,0.04149267449975014,0.002599969506263733,0.003922848030924797,0.00030791328754276037,8.464495294902008e-06,0.023725075647234917,0.0112157566472888,0.0026041462551802397,0.2595822215080261,0
GSE290577_core_Patient_14_1,1,0.040187468256626745,1,HE,0.04101855680346489,0.017611104995012283,0.005023482721298933,0.20403003692626953,0.002844206290319562,0.1515234410762787,0.0020753005519509315,0.009444530121982098,0.000349214329617098,0.005299191921949387,0.0004477290203794837,0.0903426855802536,0.0014102779095992446,0.03716542571783066,0.0015047458000481129,0.054552409797906876,0.05535459518432617,0.005671712104231119,0.005907068960368633,0.00034801108995452523,1.0596682841423899e-05,0.024760261178016663,0.03590595722198486,0.002533288672566414,0.2495528757572174,0
GSE290577_core_Patient_14_2,0,0.07067809551095706,1,HE,0.05516130477190018,0.05496135726571083,0.005370924714952707,0.44889122247695923,0.0017801767680794,0.16643251478672028,0.015797225758433342,0.0410199873149395,0.0007176726358011365,0.005758525803685188,0.0012668919516727328,0.3093002736568451,0.003099819179624319,0.03726326674222946,0.002043875167146325,0.11722130328416824,0.06276249140501022,0.007063711527734995,0.008081126026809216,0.0008662301697768271,4.787017314811237e-05,0.04043060913681984,0.010863742791116238,0.01388807687908411,0.3568621873855591,0
GSE290577_core_Patient_15_1,1,0.06014920902227459,1,HE,0.08268647640943527,0.16979257762432098,0.011519926600158215,0.24718937277793884,0.00640089949592948,0.11619284749031067,0.0033672060817480087,0.04440026357769966,0.0011395616456866264,0.032165542244911194,0.000657138938549906,0.06688214093446732,0.007567472290247679,0.12766502797603607,0.0016816157149150968,0.027448303997516632,0.086262047290802,0.005343626253306866,0.0154134975746274,0.0004820121394004673,1.1521309716044925e-05,0.0357167012989521,0.19126330316066742,0.056151892989873886,0.1663292497396469,0
GSE290577_core_Patient_15_2,1,0.329096358808456,1,HE,0.7157209515571594,0.9541239142417908,0.05539094656705856,0.8592555522918701,0.009081942960619926,0.19430772960186005,0.06606810539960861,0.640648365020752,0.022474337369203568,0.5073023438453674,0.005443899426609278,0.9477147459983826,0.043193865567445755,0.3630722463130951,0.046277306973934174,0.22307924926280975,0.1463651955127716,0.032692961394786835,0.49179255962371826,0.0036618781741708517,0.0003343505959492177,0.27540871500968933,0.25370800495147705,0.9656413793563843,0.40464842319488525,0
GSE290577_core_Patient_17_1,0,0.0923492119833827,1,HE,0.08303242176771164,0.04712140932679176,0.018402736634016037,0.3696712851524353,0.038451503962278366,0.27605727314949036,0.028214847669005394,0.06096780300140381,0.0029457451310008764,0.01500061433762312,0.010505758225917816,0.31782078742980957,0.005488798953592777,0.10412890464067459,0.013929658569395542,0.16347520053386688,0.11432438343763351,0.032507747411727905,0.02466719038784504,0.0063908579759299755,0.0005991894286125898,0.07095504552125931,0.04628598690032959,0.02264138124883175,0.43514376878738403,0
GSE290577_core_Patient_18_1,0,0.08016253104924545,1,HE,0.08077745139598846,0.2132682353258133,0.009535415098071098,0.4227913022041321,0.004893061704933643,0.1269727498292923,0.002047945512458682,0.06904534250497818,0.0018374563660472631,0.040896765887737274,0.000653063238132745,0.1949782520532608,0.004870282486081123,0.13938085734844208,0.0028410027734935284,0.041804488748311996,0.09087567031383514,0.007391082122921944,0.01829105243086815,0.0006255732732824981,1.3663556273968425e-05,0.034918900579214096,0.208731546998024,0.08515376597642899,0.2014683485031128,0
GSE290577_core_Patient_18_2,1,0.25455425105988977,1,HE,0.2970809042453766,0.4303099513053894,0.06316682696342468,0.6912378072738647,0.12521667778491974,0.48245325684547424,0.2047661989927292,0.2669665515422821,0.019040096551179886,0.1866101771593094,0.0744960606098175,0.8350584506988525,0.02501981146633625,0.4153016209602356,0.06130291894078255,0.33749544620513916,0.1853295862674713,0.1029631495475769,0.11051291227340698,0.08317819982767105,0.03347192332148552,0.2531551122665405,0.08468645066022873,0.4749673008918762,0.520068883895874,0
GSE290577_core_Patient_19_1,0,0.030721323995676356,1,HE,0.025022655725479126,0.009432920254766941,0.0027942066080868244,0.13140542805194855,0.0026054519694298506,0.15659451484680176,0.0005913734203204513,0.004805461503565311,0.00019507949764374644,0.0023865189868956804,0.0002341244398849085,0.051405999809503555,0.0006711671594530344,0.01963980495929718,0.0005480527761392295,0.0555439256131649,0.041365571320056915,0.002561272820457816,0.0038337744772434235,0.00022097412147559226,7.356291462201625e-06,0.017279881983995438,0.020258788019418716,0.001025976031087339,0.21760281920433044,0
GSE290577_core_Patient_19_2,0,0.03147565931437384,1,HE,0.0308238435536623,0.01670229248702526,0.0026811056304723024,0.19182707369327545,0.001684571267105639,0.12390840798616409,0.000443329568952322,0.009145631454885006,0.00026220534346066415,0.003379389876499772,0.0001491607108619064,0.04950082302093506,0.0010788522195070982,0.030450034886598587,0.0005902478005737066,0.03577687218785286,0.04878140240907669,0.0018291667802259326,0.004101625178009272,0.00017391570145264268,3.599184992708615e-06,0.017913786694407463,0.034686263650655746,0.0025890800170600414,0.17840880155563354,0
GSE290577_core_Patient_19_3,1,0.20242526545131112,1,HE,0.3216167092323303,0.8564074039459229,0.011725411750376225,0.7575204372406006,0.0031666834838688374,0.14120423793792725,0.02573166973888874,0.35404685139656067,0.0061443704180419445,0.0831238329410553,0.001637061359360814,0.8388347029685974,0.013970186933875084,0.13856631517410278,0.010742158629000187,0.13284945487976074,0.09275633096694946,0.015609321184456348,0.05659213662147522,0.0014650450320914388,0.0001264059537788853,0.10926331579685211,0.04412737116217613,0.7473021149635315,0.2961021065711975,0
GSE290577_core_Patient_19_4,1,0.049263057919451965,1,HE,0.03862331435084343,0.01689116656780243,0.0020013591274619102,0.31256669759750366,0.0017771325074136257,0.17443740367889404,0.0024345116689801216,0.00861460343003273,0.00020619801944121718,0.0021894106175750494,0.00037915335269644856,0.17502281069755554,0.0006411719368770719,0.01829926297068596,0.0013443283969536424,0.11004026234149933,0.04491410776972771,0.003391433274373412,0.002329291310161352,0.0003906608617398888,5.406199488788843e-05,0.024519048631191254,0.008441434241831303,0.0018801946425810456,0.2801874279975891,0
GSE290577_core_Patient_1_1,1,0.04437970726219646,1,HE,0.03015802800655365,0.006377585232257843,0.0030816595535725355,0.23041124641895294,0.0017842283705249429,0.1699354350566864,0.0018424884183332324,0.004313166253268719,0.00013571670569945127,0.0022095395252108574,0.0003508915542624891,0.13798677921295166,0.0005056022782810032,0.02215862274169922,0.001016648835502565,0.08640614151954651,0.04719490185379982,0.004055119585245848,0.0032062516547739506,0.00022265846200753003,9.857421900960617e-06,0.02132558263838291,0.012659156695008278,0.0008994052186608315,0.3212459683418274,0
GSE290577_core_Patient_1_2,1,0.06204447612108197,1,HE,0.05086345970630646,0.022486962378025055,0.006121611688286066,0.2864552140235901,0.004274927079677582,0.2125680297613144,0.008184023201465607,0.01311838161200285,0.000428354978794232,0.004353065975010395,0.0015583564527332783,0.26669901609420776,0.0015635674353688955,0.04319038614630699,0.0017130807973444462,0.1262933611869812,0.06320030987262726,0.009667973034083843,0.006845887750387192,0.0013361622113734484,6.86113053234294e-05,0.03714580461382866,0.017032258212566376,0.0042480165138840675,0.3616950809955597,0
GSE290577_core_Patient_1_3,0,0.06230760593120067,1,HE,0.04467236250638962,0.05202912539243698,0.002881197491660714,0.4695807099342346,0.0013359923614189029,0.1362457275390625,0.0035765126813203096,0.03250326216220856,0.0008765248931013048,0.0031576980836689472,0.000519530673045665,0.24855546653270721,0.001601880881935358,0.0392596460878849,0.000900503306183964,0.08925772458314896,0.06064905971288681,0.003766103880479932,0.004137848969548941,0.0005540894344449043,1.8979984815814532e-05,0.026990897953510284,0.01064488384872675,0.020904649049043655,0.3030697703361511,0
GSE290577_core_Patient_1_4,0,0.1155646650493145,1,HE,0.09215628355741501,0.06634360551834106,0.025600707158446312,0.40303319692611694,0.06038312986493111,0.3810690641403198,0.05152406543493271,0.03336022049188614,0.004804252181202173,0.0282871276140213,0.015354098752140999,0.5485211610794067,0.0060712057165801525,0.12208263576030731,0.03465797007083893,0.24146588146686554,0.11078505963087082,0.050305772572755814,0.01855047419667244,0.009136656299233437,0.010176005773246288,0.0973149761557579,0.05948711931705475,0.0150153124704957,0.40363064408302307,0
GSE290577_core_Patient_20_1,0,0.06181346095800109,1,HE,0.045783355832099915,0.06119132414460182,0.005211256444454193,0.3640572130680084,0.0020915670320391655,0.1518106758594513,0.006055888719856739,0.04589979723095894,0.0010068757692351937,0.005469956900924444,0.0011166820768266916,0.22949421405792236,0.0024702823720872402,0.048605550080537796,0.0008766375831328332,0.08725956827402115,0.06578675657510757,0.005024493671953678,0.009091577492654324,0.0008600499713793397,1.6259013136732392e-05,0.03591494634747505,0.01700095273554325,0.028450224548578262,0.32479041814804077,0
GSE290577_core_Patient_20_2,0,0.06366006955111515,1,HE,0.05508649721741676,0.05027196556329727,0.009636645205318928,0.29665374755859375,0.005216245073825121,0.1853237897157669,0.00704336678609252,0.03750184550881386,0.0008593909442424774,0.01114687230437994,0.0018902348820120096,0.23264406621456146,0.002476521534845233,0.04624883085489273,0.0023945029824972153,0.10265926271677017,0.07285123318433762,0.007426822558045387,0.0157498549669981,0.0012177606113255024,3.835875031654723e-05,0.044090159237384796,0.027390599250793457,0.014514154754579067,0.3611690104007721,0
GSE290577_core_Patient_21_1,0,0.034379013605102954,1,HE,0.04523643106222153,0.0461156889796257,0.0039149015210568905,0.14795683324337006,0.005442159716039896,0.11337212473154068,0.004656215198338032,0.0209363866597414,0.0008006225107237697,0.010132984258234501,0.00040038354927673936,0.04507669061422348,0.004477089736610651,0.061823904514312744,0.0016422425396740437,0.024808937683701515,0.06585370749235153,0.005879730451852083,0.005351216997951269,0.000532568315975368,1.3028345165366773e-05,0.03083624690771103,0.04617239162325859,0.010122701525688171,0.15792015194892883,0
GSE290577_core_Patient_21_2,0,0.026426829549436662,1,HE,0.03701591119170189,0.01908198930323124,0.003272999543696642,0.09270817041397095,0.004429330118000507,0.10761906206607819,0.003378824098035693,0.010024335235357285,0.0003627567202784121,0.005424861796200275,0.0002605714835226536,0.025624141097068787,0.0026359327603131533,0.042878158390522,0.0009460958535782993,0.020664740353822708,0.053829461336135864,0.0058030374348163605,0.0036941443104296923,0.0003024654579348862,7.194710178737296e-06,0.02395773120224476,0.03875384107232094,0.002814081497490406,0.1551809012889862,0
GSE290577_core_Patient_21_3,0,0.08432843432732624,1,HE,0.068723663687706,0.09915820509195328,0.004130028188228607,0.5547849535942078,0.0024221050553023815,0.1634497344493866,0.01949589140713215,0.04541807249188423,0.0015459777787327766,0.004193156957626343,0.0021255738101899624,0.38537436723709106,0.0037781025748699903,0.06937776505947113,0.001209715846925974,0.11508193612098694,0.0854780375957489,0.007387724705040455,0.005922006443142891,0.0018428952898830175,4.898313636658713e-05,0.05173453316092491,0.011626011691987514,0.04399337247014046,0.3599080443382263,0
GSE290577_core_Patient_22_1,0,0.04084885325373762,1,HE,0.036522332578897476,0.03051498904824257,0.0025818864814937115,0.3072613775730133,0.0006690580630674958,0.10574258863925934,0.0031158365309238434,0.03145721182227135,0.0006149066612124443,0.0029609035700559616,0.00024708203272894025,0.07452339679002762,0.0012873491505160928,0.018421867862343788,0.0006003003218211234,0.06453918665647507,0.04374167323112488,0.002113383263349533,0.0042705959640443325,0.0004388198140077293,7.829360583855305e-06,0.021143954247236252,0.006380818784236908,0.011274310760200024,0.25078967213630676,0
GSE290577_core_Patient_22_2,0,0.025163835392395414,1,HE,0.02360074408352375,0.007738950662314892,0.0025177716743201017,0.09906464070081711,0.0013768300414085388,0.12165764719247818,0.0006138450698927045,0.004568040836602449,0.00010634700447553769,0.0019437288865447044,0.00017540104454383254,0.031172355636954308,0.0007823126506991684,0.017887935042381287,0.0004728918429464102,0.03443339094519615,0.04174613952636719,0.0021054416429251432,0.0031758062541484833,0.00015950122906360775,2.74823696599924e-06,0.016610009595751762,0.020181698724627495,0.0005510704941116273,0.1964506357908249,0
GSE290577_core_Patient_23_1,0,0.04422031444322783,1,HE,0.03471742942929268,0.013421225361526012,0.00543320644646883,0.18108385801315308,0.006146641448140144,0.19771163165569305,0.0028704432770609856,0.006783741060644388,0.0002779906790237874,0.004528022836893797,0.0008577490807510912,0.10189471393823624,0.001051938976161182,0.024375613778829575,0.0017058826051652431,0.09894687682390213,0.050759557634592056,0.006149123422801495,0.006430953741073608,0.0005035813665017486,3.506014763843268e-05,0.030659539625048637,0.017327727749943733,0.0017477307701483369,0.3100876212120056,0
GSE290577_core_Patient_23_2,0,0.07922964462079107,1,HE,0.08215662091970444,0.022823704406619072,0.024466779083013535,0.17965589463710785,0.04815637320280075,0.3366321921348572,0.023319803178310394,0.017995378002524376,0.0012212056899443269,0.019619036465883255,0.012066620402038097,0.22007742524147034,0.005159285385161638,0.07148793339729309,0.009982760064303875,0.2070104479789734,0.093999482691288,0.02304408885538578,0.01970791257917881,0.005302463658154011,0.00160784472245723,0.0905911773443222,0.053802620619535446,0.00784193817526102,0.40301212668418884,0
GSE290577_core_Patient_25_1,1,0.06577824298023188,1,HE,0.0641636997461319,0.07251594960689545,0.009036931209266186,0.3792276084423065,0.004861881956458092,0.15134796500205994,0.0037609089631587267,0.05363322049379349,0.0015407518949359655,0.022021710872650146,0.0008337480830959976,0.18927143514156342,0.003548192325979471,0.11676746606826782,0.003026902209967375,0.053830914199352264,0.08182930201292038,0.00862791296094656,0.018367066979408264,0.0007261086138896644,2.786568620649632e-05,0.040248654782772064,0.08747890591621399,0.02135526016354561,0.25640571117401123,0
GSE290577_core_Patient_25_2,0,0.11180657971373875,1,HE,0.161685511469841,0.30006837844848633,0.011904383078217506,0.5851949453353882,0.00483088381588459,0.13775382936000824,0.010288999415934086,0.09498725831508636,0.003646672936156392,0.07064654678106308,0.000881022890098393,0.461021363735199,0.0050688330084085464,0.12355252355337143,0.004229207057505846,0.08418218791484833,0.08417472243309021,0.014457348734140396,0.030786944553256035,0.0011445365380495787,3.933748303097673e-05,0.06660499423742294,0.08220084756612778,0.145417258143425,0.3103959560394287,0
GSE290577_core_Patient_25_3,0,0.047714025053428484,1,HE,0.04274215176701546,0.029333025217056274,0.00558576500043273,0.30242595076560974,0.003453180193901062,0.1428646594285965,0.0023735419381409883,0.020433897152543068,0.0008455677307210863,0.01123858243227005,0.00042302816291339695,0.1046024039387703,0.0019056792370975018,0.04189921170473099,0.002000689273700118,0.06203223764896393,0.06018203869462013,0.005720555782318115,0.011776112020015717,0.00048789105494506657,3.073623520322144e-05,0.03032364882528782,0.042770225554704666,0.007133870385587215,0.260265976190567,0
GSE290577_core_Patient_26_1,0,0.026300093373511118,1,HE,0.02312679961323738,0.02168305031955242,0.002285619964823127,0.14586378633975983,0.0007944960962049663,0.099001944065094,0.0009587077656760812,0.006477335933595896,0.00016407636576332152,0.0029207307379692793,0.00012548101949505508,0.03107435256242752,0.0010338814463466406,0.01820010133087635,0.00025757605908438563,0.03134727478027344,0.03528512641787529,0.0019266154849901795,0.0037114680744707584,0.00017243734328076243,2.6971740680892253e-06,0.015635911375284195,0.016835764050483704,0.0014428638387471437,0.19717423617839813,0
GSE290577_core_Patient_26_2,0,0.022391435034305688,1,HE,0.016455698758363724,0.005929972510784864,0.0013981981901451945,0.09638482332229614,0.0007279831334017217,0.1091294139623642,0.0007839765166863799,0.0018336523789912462,7.589049346279353e-05,0.0012689799768850207,8.966659515863284e-05,0.025675149634480476,0.0004846524680033326,0.010945336893200874,0.00018483442545402795,0.031259357929229736,0.02784115821123123,0.0018689921125769615,0.0018398393876850605,0.00014323843060992658,2.1476973870449e-06,0.013578272424638271,0.009884278289973736,0.00021204097720328718,0.20178832113742828,0
GSE290577_core_Patient_28_1,0,0.08330917552506435,1,HE,0.09026389569044113,0.13878320157527924,0.008237422443926334,0.5331408977508545,0.0028525465168058872,0.1486276388168335,0.006326673086732626,0.036161426454782486,0.0019244225695729256,0.014290932565927505,0.0008008239092305303,0.4170752763748169,0.0019766015466302633,0.06396934390068054,0.003082465147599578,0.09833422303199768,0.06736446917057037,0.009818843565881252,0.013983172364532948,0.0006657688645645976,3.529396417434327e-05,0.041272055357694626,0.04217788949608803,0.033851996064186096,0.3077121078968048,0
GSE290577_core_Patient_28_2,1,0.20076621538959444,1,HE,0.21930640935897827,0.32986021041870117,0.03749334067106247,0.7285154461860657,0.04929457977414131,0.332064688205719,0.1218547448515892,0.17896904051303864,0.008485275320708752,0.07098226249217987,0.024749981239438057,0.8271456956863403,0.010386485606431961,0.4070415496826172,0.037273962050676346,0.24493378400802612,0.1575631946325302,0.08304809033870697,0.06864384561777115,0.009293083101511002,0.002323594642803073,0.1440598964691162,0.10729790478944778,0.3223899304866791,0.49617838859558105,0
GSE290577_core_Patient_28_3,0,0.038105155424746046,1,HE,0.03790958970785141,0.021939925849437714,0.004329918418079615,0.2254219949245453,0.004593346267938614,0.13390257954597473,0.003492515068501234,0.014501931145787239,0.0005675679421983659,0.005756004247814417,0.0006104093044996262,0.0625452771782875,0.0021619247272610664,0.04579556733369827,0.0012765068095177412,0.04146769270300865,0.06267055869102478,0.005664327181875706,0.006000804714858532,0.0003601523640099913,1.0190434295509476e-05,0.02604014240205288,0.031236207112669945,0.008608012460172176,0.2057657390832901,0
GSE290577_core_Patient_28_4,0,0.07249354843377659,1,HE,0.05628591403365135,0.035535261034965515,0.007498668506741524,0.46343865990638733,0.004002222325652838,0.15957269072532654,0.007907029241323471,0.03624642640352249,0.0014529111795127392,0.009603024460375309,0.0010875158477574587,0.3315272629261017,0.0014362508663907647,0.07751481235027313,0.0032228948548436165,0.09473633021116257,0.07553888857364655,0.013116912916302681,0.013128354214131832,0.0008995762327685952,2.0005356418550946e-05,0.03758758306503296,0.029795465990900993,0.024640509858727455,0.32654353976249695,0
GSE290577_core_Patient_29_1,0,0.18252872560173272,1,HE,0.18271002173423767,0.2960505187511444,0.02229124680161476,0.6785030364990234,0.022307340055704117,0.29341891407966614,0.09577763080596924,0.19782957434654236,0.0058489455841481686,0.022580578923225403,0.02793489396572113,0.8190683126449585,0.013108371756970882,0.12759891152381897,0.018046414479613304,0.3486172556877136,0.13666260242462158,0.033117495477199554,0.031829554587602615,0.015509537421166897,0.006064343731850386,0.12722647190093994,0.027109045535326004,0.4940325915813446,0.5199745297431946,0
GSE290577_core_Patient_29_2,0,0.09877240730536868,1,HE,0.10329963266849518,0.16580210626125336,0.006027768831700087,0.5843933820724487,0.003996928688138723,0.16442839801311493,0.008308927528560162,0.07379580289125443,0.001853414112702012,0.014498972333967686,0.0013196171494200826,0.5766732096672058,0.0030421505216509104,0.10116688162088394,0.004916548728942871,0.1003822311758995,0.0803341418504715,0.012430374510586262,0.012011735700070858,0.0011933502973988652,5.8479396102484316e-05,0.04733346030116081,0.04412935674190521,0.04232397302985191,0.3155893385410309,0
GSE290577_core_Patient_29_3,0,0.09895341135059425,1,HE,0.11922790855169296,0.2545213997364044,0.006341282743960619,0.5182949900627136,0.003185605863109231,0.129844069480896,0.010034603998064995,0.0970638245344162,0.002274544443935156,0.01241998840123415,0.000855172285810113,0.5358230471611023,0.003240287769585848,0.1039038747549057,0.0032176878303289413,0.08118917793035507,0.07517566531896591,0.01133264135569334,0.011140693910419941,0.0013234132202342153,2.2010635802871548e-05,0.04488787055015564,0.036343250423669815,0.15986879169940948,0.25230348110198975,0
GSE290577_core_Patient_29_4,0,0.06368620998226106,1,HE,0.046723026782274246,0.03568203002214432,0.0035054716281592846,0.41893142461776733,0.0018708666320890188,0.16832803189754486,0.003926474135369062,0.024465344846248627,0.000666984764393419,0.0036527833435684443,0.0008650519303046167,0.24608244001865387,0.001230938476510346,0.03963470831513405,0.0010737476404756308,0.11504895240068436,0.06122025102376938,0.004387728404253721,0.00703739607706666,0.000682541576679796,2.5527144316583872e-05,0.03242829442024231,0.01218483131378889,0.008097800426185131,0.3544026017189026,0
GSE290577_core_Patient_2_1,1,0.04905798414703895,1,HE,0.06070619821548462,0.1220533698797226,0.005063696298748255,0.27175647020339966,0.0049826293252408504,0.11962997913360596,0.003130704862996936,0.03295467421412468,0.0007169856689870358,0.01127137616276741,0.0005572205991484225,0.07974164187908173,0.004817695822566748,0.08557523787021637,0.0015044922474771738,0.028416277840733528,0.07884504646062851,0.00438188761472702,0.007183768320828676,0.0002592728997115046,8.79799608810572e-06,0.027760056778788567,0.06370991468429565,0.04746304824948311,0.16395916044712067,0
GSE290577_core_Patient_2_2,1,0.034549364419472116,1,HE,0.03731128200888634,0.03222052752971649,0.0031793147791177034,0.20840293169021606,0.0025199949741363525,0.12165387719869614,0.0023481021635234356,0.015522626228630543,0.00045286916429176927,0.0036964688915759325,0.0004043246153742075,0.046252425760030746,0.003073209896683693,0.03746385872364044,0.0010230126790702343,0.03480546176433563,0.05962604284286499,0.0038261916488409042,0.003953784704208374,0.00029298264416866004,9.080128620553296e-06,0.024969536811113358,0.025565534830093384,0.006607663352042437,0.18855300545692444,0
GSE290577_core_Patient_2_3,1,0.3279734880966134,1,HE,0.6914709806442261,0.9218760132789612,0.06400034576654434,0.8618459701538086,0.028083214536309242,0.45360517501831055,0.12999999523162842,0.45570576190948486,0.008920595049858093,0.26259729266166687,0.0202465932816267,0.9674032330513,0.02636564150452614,0.5997275114059448,0.06227058172225952,0.31835517287254333,0.21731846034526825,0.07473910599946976,0.14085838198661804,0.004291565157473087,0.0007203429122455418,0.2741890847682953,0.2410283088684082,0.9645753502845764,0.40914252400398254,0
GSE290577_core_Patient_2_4,1,0.1866194532159716,1,HE,0.25654613971710205,0.5830029845237732,0.021126998588442802,0.6940982937812805,0.01015533972531557,0.2575766444206238,0.03896326571702957,0.1649157553911209,0.004439805634319782,0.05710001289844513,0.0054177576676011086,0.8323192000389099,0.012669654563069344,0.2861478328704834,0.011017421260476112,0.14849311113357544,0.13124503195285797,0.024373626336455345,0.03709295392036438,0.0025434496346861124,0.00032865162938833237,0.100946344435215,0.10304807126522064,0.5770501494407654,0.30486783385276794,0
GSE290577_core_Patient_30_1,1,0.19461905964068138,1,HE,0.32706889510154724,0.7300585508346558,0.024559974670410156,0.7515177726745605,0.014676909893751144,0.2832200527191162,0.024924499914050102,0.05651688948273659,0.003948867321014404,0.14393559098243713,0.0047593750059604645,0.9487076997756958,0.009604326449334621,0.3589972257614136,0.010096690617501736,0.1814146190881729,0.14304867386817932,0.04101545363664627,0.059999965131282806,0.0017149917548522353,0.00013691160711459816,0.13288013637065887,0.1424923837184906,0.14617815613746643,0.32400187849998474,0
GSE290577_core_Patient_30_2,0,0.04465072796137974,1,HE,0.036750417202711105,0.035855796188116074,0.002671923255547881,0.33269208669662476,0.0007929924759082496,0.11900433897972107,0.0026238386053591967,0.01919395662844181,0.00039237155579030514,0.0028366956394165754,0.00034902291372418404,0.11631986498832703,0.0014470256865024567,0.021772019565105438,0.0006601621280424297,0.06824871152639389,0.046937160193920135,0.0026093830820173025,0.00414648000150919,0.00032538434606976807,9.057296665559988e-06,0.02220955491065979,0.009563762694597244,0.005552912596613169,0.263303279876709,0
GSE290577_core_Patient_30_3,0,0.03147417009631681,1,HE,0.026219740509986877,0.009463039226830006,0.0023931218311190605,0.17683716118335724,0.0011794319143518806,0.1271389275789261,0.0008630463853478432,0.007083766628056765,0.00020445097470656037,0.0024656327441334724,0.00016642475384287536,0.04629804939031601,0.0008280617767013609,0.0146760493516922,0.0006432541995309293,0.054630886763334274,0.03957545384764671,0.00199377303943038,0.003755096346139908,0.00019269066979177296,4.638815426005749e-06,0.016568833962082863,0.013065876439213753,0.0016117688501253724,0.23899507522583008,0
GSE290577_core_Patient_30_4,0,0.043402965046843746,1,HE,0.03240211308002472,0.017901552841067314,0.0045127565972507,0.23273953795433044,0.0027967190835624933,0.15790142118930817,0.002806467469781637,0.01538551039993763,0.0005082618445158005,0.005414814222604036,0.0005944196600466967,0.09578624367713928,0.0014349260600283742,0.026238562539219856,0.0010222805431112647,0.07761410623788834,0.05642356351017952,0.00454492075368762,0.007783378940075636,0.0005656356806866825,1.591581167303957e-05,0.027954386547207832,0.015886951237916946,0.003436233615502715,0.2934034466743469,0
GSE290577_core_Patient_31_1,0,0.11778020566809573,1,HE,0.1057896763086319,0.44555455446243286,0.024227606132626534,0.4810698926448822,0.0059165265411138535,0.1511576920747757,0.015514793805778027,0.2320820689201355,0.004051239229738712,0.07438075542449951,0.002416862640529871,0.32190653681755066,0.008538863621652126,0.08728708326816559,0.004622854292392731,0.09160760045051575,0.09258780628442764,0.012000350281596184,0.06772676110267639,0.0018002002034336329,5.01758222526405e-05,0.059991173446178436,0.07190290093421936,0.2623634934425354,0.3199576735496521,0
GSE290577_core_Patient_31_2,0,0.04868556340461509,1,HE,0.04494928568601608,0.051474474370479584,0.009303624741733074,0.2629889249801636,0.0034019318409264088,0.12847664952278137,0.002483063144609332,0.03379330411553383,0.0011535430094227195,0.01635463535785675,0.0005831739981658757,0.08812718093395233,0.002404731698334217,0.0622372105717659,0.001585146994329989,0.05012328922748566,0.06388845294713974,0.006031529512256384,0.017332356423139572,0.000539814995136112,8.920499567466322e-06,0.02773951180279255,0.07331739366054535,0.0252053402364254,0.24363559484481812,0
GSE290577_core_Patient_31_3,0,0.09054067178163677,1,HE,0.06794548034667969,0.023599887266755104,0.02518167532980442,0.3103119134902954,0.05161629244685173,0.322503924369812,0.02857068181037903,0.022072885185480118,0.004471828229725361,0.018744532018899918,0.02110171690583229,0.35065940022468567,0.0036691538989543915,0.08258477598428726,0.010514968074858189,0.18703795969486237,0.10411109030246735,0.03780195489525795,0.020725594833493233,0.004325189162045717,0.0011947863968089223,0.07683505862951279,0.04678783565759659,0.0070788441225886345,0.43406936526298523,0
GSE290577_core_Patient_32_1,1,0.04508921482169171,1,HE,0.0548243448138237,0.11485593020915985,0.006066546775400639,0.24584762752056122,0.0021987694781273603,0.11591807007789612,0.0012389826588332653,0.018572155386209488,0.0005292411078698933,0.014620065689086914,0.00027618766762316227,0.10325109958648682,0.0024875458329916,0.05222382768988609,0.0009598247124813497,0.03457838296890259,0.058805447071790695,0.0033422873821109533,0.008795693516731262,0.00023179491108749062,5.475006673805183e-06,0.02403251826763153,0.07619151473045349,0.014490874484181404,0.17288616299629211,0
GSE290577_core_Patient_32_2,0,0.09300922188573167,1,HE,0.11926447600126266,0.2825150787830353,0.006330322474241257,0.5178493857383728,0.0014571227366104722,0.11600847542285919,0.0079857362434268,0.08909188210964203,0.0017538395477458835,0.009065821766853333,0.0005420912057161331,0.2999758720397949,0.0037488366942852736,0.06788823753595352,0.0014496759977191687,0.07251214236021042,0.06385375559329987,0.005771768745034933,0.009601986035704613,0.0007638551760464907,1.681610956438817e-05,0.03224452957510948,0.02103874459862709,0.31914517283439636,0.27535492181777954,0
GSE290577_core_Patient_32_3,1,0.022795209387577415,1,HE,0.02504456229507923,0.012730448506772518,0.0030356969218701124,0.1016276553273201,0.0015629661502316594,0.09621939808130264,0.00035208763438276947,0.006024678237736225,0.0002237310109194368,0.004711884073913097,8.924570283852518e-05,0.01951637677848339,0.0014206513296812773,0.024249965324997902,0.0003183274529874325,0.020629022270441055,0.041797325015068054,0.0014785652747377753,0.004406827501952648,0.00013180247333366424,1.9720034742931603e-06,0.014189211651682854,0.048270706087350845,0.001348638441413641,0.14049848914146423,0
GSE290577_core_Patient_32_4,0,0.02024006816387555,1,HE,0.0225855503231287,0.007002183701843023,0.002207079902291298,0.06140860915184021,0.00146574922837317,0.12527142465114594,0.00045844618580304086,0.003057542024180293,7.720313442405313e-05,0.0022543941158801317,9.873222734313458e-05,0.01695270650088787,0.0010818548034876585,0.014843575656414032,0.0002388942812103778,0.024331094697117805,0.034654613584280014,0.0015439697308465838,0.0024965284392237663,0.0001447302638553083,2.30530076805735e-06,0.013699655421078205,0.020397836342453957,0.0004909413983114064,0.14923608303070068,0
GSE290577_core_Patient_33_1,0,0.03610321468491748,1,HE,0.03241777792572975,0.018847880885004997,0.004835422150790691,0.17051227390766144,0.003131983568891883,0.15685932338237762,0.001845979131758213,0.009824139066040516,0.00030611816328018904,0.00496653001755476,0.00047020975034683943,0.06420716643333435,0.0017583533190190792,0.02896703965961933,0.0014585325261577964,0.054904889315366745,0.05252839997410774,0.00454753590747714,0.00548356119543314,0.00029350322438403964,1.4579751223209314e-05,0.02488986775279045,0.028193656355142593,0.002536208601668477,0.22877943515777588,0
GSE290577_core_Patient_33_2,0,0.036277151899812454,1,HE,0.03564894571900368,0.02367432974278927,0.003504319116473198,0.22703365981578827,0.00104704184923321,0.1259690225124359,0.0014038949739187956,0.02538813091814518,0.00032598921097815037,0.0024670101702213287,0.00021980536985211074,0.06507855653762817,0.0012684797402471304,0.017481597140431404,0.0009200958302244544,0.056525424122810364,0.042932089418172836,0.0021816720254719257,0.004128267522901297,0.00024577596923336387,6.00736075284658e-06,0.017815349623560905,0.010152129456400871,0.011193431913852692,0.23031777143478394,0
GSE290577_core_Patient_33_3,1,0.0750571379840403,1,HE,0.08427439630031586,0.12051589041948318,0.00695617962628603,0.41476473212242126,0.0031920382753014565,0.1821587085723877,0.00610314542427659,0.03486286476254463,0.0009172675781883299,0.013191010802984238,0.0006388816982507706,0.44074705243110657,0.002992234192788601,0.04197053983807564,0.003915776032954454,0.09788264334201813,0.06339073181152344,0.008559605106711388,0.008815407752990723,0.00048429271555505693,3.0424607757595368e-05,0.042733084410429,0.025834430009126663,0.017929356545209885,0.25356775522232056,0
GSE290577_core_Patient_34_1,1,0.17988990297541022,1,HE,0.18710140883922577,0.35591980814933777,0.024961622431874275,0.6849771738052368,0.033094629645347595,0.31719765067100525,0.09410741180181503,0.19973714649677277,0.010249008424580097,0.0441976822912693,0.017621302977204323,0.8447814583778381,0.006935073994100094,0.1506369411945343,0.02759530209004879,0.29469722509384155,0.11458583176136017,0.038772523403167725,0.03584026172757149,0.008772376924753189,0.004261590074747801,0.1428459733724594,0.03668912872672081,0.4156424105167389,0.4060266315937042,0
GSE290577_core_Patient_34_2,1,0.34948980711400507,1,HE,0.65772944688797,0.9100245237350464,0.05295182764530182,0.8725472092628479,0.06342340260744095,0.4210784435272217,0.33650723099708557,0.6243460178375244,0.02545052394270897,0.1959565281867981,0.07466135174036026,0.9537190794944763,0.032798681408166885,0.5094939470291138,0.15555040538311005,0.42334863543510437,0.21146206557750702,0.09829271584749222,0.15038014948368073,0.029116248711943626,0.01407720148563385,0.35576528310775757,0.10452260822057724,0.9554553031921387,0.5085863471031189,0
GSE290577_core_Patient_34_3,0,0.06742513440549373,1,HE,0.059018708765506744,0.05474022403359413,0.009482470341026783,0.3123095631599426,0.011165821924805641,0.21989409625530243,0.011694730259478092,0.03807707875967026,0.0014684554189443588,0.011167437769472599,0.004223923198878765,0.21799257397651672,0.0034876724239438772,0.05868864059448242,0.004156798589974642,0.12519434094429016,0.07824046164751053,0.011453837156295776,0.014510179869830608,0.001960529712960124,0.0003872811794281006,0.05198710784316063,0.02903781272470951,0.03408621624112129,0.3212023973464966,0
GSE290577_core_Patient_34_4,0,0.07272513751231599,1,HE,0.04946034401655197,0.0793757513165474,0.004177623428404331,0.4443418085575104,0.002632835879921913,0.14364813268184662,0.005964318756014109,0.08949853479862213,0.0016111702425405383,0.005429361015558243,0.0013659285614266992,0.3025769591331482,0.002422422869130969,0.06435272097587585,0.001917752786539495,0.08701544255018234,0.08047648519277573,0.005018144380301237,0.0070304847322404385,0.0010537453927099705,2.3305838112719357e-05,0.03672158345580101,0.017046179622411728,0.11357124149799347,0.2713961601257324,0
GSE290577_core_Patient_35_1,1,0.07594285404658876,1,HE,0.058105286210775375,0.05798136815428734,0.004547320306301117,0.45086145401000977,0.0034256523940712214,0.1874493509531021,0.01902252435684204,0.021842103451490402,0.0015106694772839546,0.005600324831902981,0.0013125401455909014,0.39173513650894165,0.001965603092685342,0.04403039813041687,0.00312438840046525,0.1410563439130783,0.06358619779348373,0.011509244330227375,0.00690597714856267,0.001761242630891502,0.00018014150555245578,0.04552040994167328,0.012628890573978424,0.007720502559095621,0.3551882803440094,0
GSE290577_core_Patient_35_2,1,0.09295206448958197,1,HE,0.09750493615865707,0.17428554594516754,0.004422870930284262,0.5615450739860535,0.0014268644154071808,0.139738991856575,0.008589878678321838,0.041689373552799225,0.0010733634699136019,0.006962648592889309,0.0005306321545504034,0.6270208358764648,0.0021034269593656063,0.05202488973736763,0.0020316019654273987,0.11719603091478348,0.05911516025662422,0.0067247976548969746,0.006715669762343168,0.0005497864913195372,2.1848643882549368e-05,0.03883160278201103,0.017893129959702492,0.045471932739019394,0.31033071875572205,0
GSE290577_core_Patient_35_3,0,0.07545708119287156,1,HE,0.06980455666780472,0.12713177502155304,0.0035292613320052624,0.5331122279167175,0.001258411561138928,0.11979203671216965,0.00795588456094265,0.0673907920718193,0.0018170236144214869,0.005062940064817667,0.0004992797039449215,0.2664143145084381,0.0023167964536696672,0.04656047746539116,0.0011519920080900192,0.08593814074993134,0.060347702354192734,0.004206626210361719,0.007712970022112131,0.0008465342689305544,1.8288817955181003e-05,0.032639410346746445,0.01132851280272007,0.14343707263469696,0.28615400195121765,0
GSE290577_core_Patient_35_4,0,0.03752819538880431,1,HE,0.04979239031672478,0.052877385169267654,0.003959678113460541,0.17468006908893585,0.005780566483736038,0.1188405379652977,0.002960036974400282,0.017560629174113274,0.0008888086886145175,0.007250556256622076,0.00047704490134492517,0.04396083950996399,0.004078484605997801,0.07625145465135574,0.0008666687062941492,0.025943448767066002,0.07041619718074799,0.005842322949320078,0.006003584247082472,0.0004852300917264074,1.0586622011032887e-05,0.02686026319861412,0.05133597552776337,0.024455582723021507,0.16662654280662537,0
GSE290577_core_Patient_36_1,0,0.09347485460282769,1,HE,0.094723179936409,0.10261332988739014,0.011882640421390533,0.5111532807350159,0.006176108494400978,0.183576762676239,0.016962889581918716,0.06620687991380692,0.0014217362040653825,0.01466678362339735,0.0030941099394112825,0.4445098340511322,0.0037152341101318598,0.1275235265493393,0.0043386477045714855,0.12262678891420364,0.08614600449800491,0.016675975173711777,0.023329798132181168,0.001666323863901198,4.827672091778368e-05,0.05815824493765831,0.042983945459127426,0.0645168274641037,0.32815423607826233,0
GSE290577_core_Patient_36_2,1,0.09585739805945195,1,HE,0.09223400056362152,0.20317208766937256,0.006850914563983679,0.5432975888252258,0.0022992524318397045,0.17016057670116425,0.013299300335347652,0.07022902369499207,0.00162750412710011,0.009871882386505604,0.0019347621127963066,0.4686092138290405,0.00355569738894701,0.06454720348119736,0.003091531340032816,0.13287270069122314,0.07820411771535873,0.009303506463766098,0.013363093137741089,0.0013795221457257867,6.660496001131833e-05,0.05076717585325241,0.020992515608668327,0.09827504307031631,0.3364301323890686,0
GSE290577_core_Patient_36_3,0,0.0507750953987852,1,HE,0.054672278463840485,0.11534150689840317,0.009029132314026356,0.20390766859054565,0.0038357144221663475,0.12755568325519562,0.0011028711451217532,0.03561100363731384,0.000921452883630991,0.023479832336306572,0.0005069501348771155,0.05428674444556236,0.003907164558768272,0.09152133017778397,0.0010696524986997247,0.028571177273988724,0.06805892288684845,0.004812846891582012,0.016634445637464523,0.0004495993198361248,7.499498678953387e-06,0.027689969167113304,0.2029009908437729,0.02936786413192749,0.16413508355617523,0
GSE290577_core_Patient_36_4,0,0.05418098220190586,1,HE,0.06615286320447922,0.08918754756450653,0.012240190990269184,0.19354695081710815,0.004229120910167694,0.1396763175725937,0.002014153404161334,0.032112013548612595,0.0007875095470808446,0.024052202701568604,0.0006957925506867468,0.07037307322025299,0.0043855709955096245,0.11194497346878052,0.0011955087538808584,0.0339340977370739,0.07552433758974075,0.00616967910900712,0.022307943552732468,0.0006529493257403374,9.153866812994238e-06,0.03485877439379692,0.19606631994247437,0.027056723833084106,0.20535078644752502,0
GSE290577_core_Patient_37_1,0,0.0553097619136679,1,HE,0.05717925354838371,0.07751761376857758,0.009359050542116165,0.27040979266166687,0.005110358353704214,0.17747923731803894,0.003326652804389596,0.03271991014480591,0.0008355813915841281,0.017421087250113487,0.0008875097264535725,0.10684828460216522,0.003687532152980566,0.07031478732824326,0.002225948264822364,0.05745496600866318,0.07156863808631897,0.007282007951289415,0.01527063362300396,0.000638385652564466,3.0595976568292826e-05,0.033996157348155975,0.09240076690912247,0.027220461517572403,0.24155883491039276,0
GSE290577_core_Patient_37_2,0,0.05500315848337777,1,HE,0.04829780012369156,0.03972034901380539,0.006125901360064745,0.34920549392700195,0.002205547410994768,0.15719889104366302,0.00322517822496593,0.03013775125145912,0.0007189027965068817,0.006943058222532272,0.0007052143919281662,0.14503738284111023,0.0021434819791465998,0.033320650458335876,0.0015336776850745082,0.093474842607975,0.06235184147953987,0.004654977470636368,0.011660268530249596,0.0006509064114652574,2.1065019609523006e-05,0.03207966312766075,0.019357934594154358,0.012951756827533245,0.31135642528533936,0
GSE290577_core_Patient_37_3,0,0.06914437058570912,1,HE,0.052882999181747437,0.08329863101243973,0.0056244670413434505,0.41537320613861084,0.0022728312760591507,0.15691177546977997,0.012955798767507076,0.06621581315994263,0.001685919938609004,0.008931879885494709,0.0014717817539349198,0.23457829654216766,0.003856705967336893,0.04798879101872444,0.001280969358049333,0.10061855614185333,0.06577449291944504,0.007853778079152107,0.01593734510242939,0.0014681154862046242,4.4311444071354344e-05,0.04482734203338623,0.01391538791358471,0.025129975751042366,0.3577100932598114,0
GSE290577_core_Patient_37_4,1,0.07418408426630776,1,HE,0.0541849210858345,0.0345870666205883,0.007705134805291891,0.3600369095802307,0.005294863134622574,0.22868214547634125,0.014599191024899483,0.018927007913589478,0.000778460584115237,0.00741402804851532,0.0030045572202652693,0.3154677748680115,0.00280404114164412,0.04851920157670975,0.0027181555051356554,0.17447488009929657,0.07384660094976425,0.013695092871785164,0.009659044444561005,0.0016824594931676984,0.00021104396728333086,0.04775835573673248,0.020339131355285645,0.006263527553528547,0.4019485116004944,0
GSE290577_core_Patient_38_1,0,0.08822768470388836,1,HE,0.10026273131370544,0.27260592579841614,0.008377410471439362,0.5308263301849365,0.0023338475730270147,0.13363394141197205,0.005873830523341894,0.04801519960165024,0.0024463289882987738,0.034351177513599396,0.000569843512494117,0.3454693555831909,0.0025624108966439962,0.053650934249162674,0.002434483962133527,0.09777504950761795,0.06513085961341858,0.008902653120458126,0.031702589243650436,0.0008088821195997298,3.2964308047667146e-05,0.0521223321557045,0.03951399773359299,0.03242837265133858,0.3338606655597687,0
GSE290577_core_Patient_38_2,0,0.14622595379129052,1,HE,0.13347961008548737,0.3127420246601105,0.018783342093229294,0.6707302927970886,0.02536727860569954,0.2984825372695923,0.017956940457224846,0.056414369493722916,0.03505832701921463,0.04861050471663475,0.005158384796231985,0.7567188143730164,0.004509073682129383,0.10622063279151917,0.015619831159710884,0.30360403656959534,0.10673543065786362,0.021726448088884354,0.0458841398358345,0.006017155479639769,0.004899580497294664,0.145197331905365,0.06251654773950577,0.04954467713832855,0.403671532869339,0
GSE290577_core_Patient_39_1,0,0.06368750060828461,1,HE,0.05215815454721451,0.05771001800894737,0.0062694004736840725,0.3989867568016052,0.00305953249335289,0.17381739616394043,0.002967923879623413,0.02137177810072899,0.0007668526959605515,0.00819125585258007,0.0006571919075213373,0.3187040686607361,0.002167869359254837,0.06713294982910156,0.0013208455638960004,0.068335622549057,0.06735020875930786,0.0059956335462629795,0.00698529789224267,0.0004769637598656118,1.3107355698593892e-05,0.034899838268756866,0.040302861481904984,0.010783468373119831,0.24176251888275146,0
GSE290577_core_Patient_3_1,1,0.07329386166355106,1,HE,0.07529938220977783,0.17255915701389313,0.008119003847241402,0.42104676365852356,0.0028121154755353928,0.16904887557029724,0.003667316632345319,0.04047812893986702,0.0013029483379796147,0.019815227016806602,0.0006579668261110783,0.28284814953804016,0.0032345117069780827,0.05278623849153519,0.002273934194818139,0.08931725472211838,0.0658969059586525,0.006041108630597591,0.01872282288968563,0.000630323076620698,4.1114064515568316e-05,0.04204467684030533,0.042014122009277344,0.03535066172480583,0.2763378322124481,0
GSE290577_core_Patient_3_2,1,0.12671026691736187,1,HE,0.17978458106517792,0.4290260970592499,0.01961416006088257,0.4075233042240143,0.01215384341776371,0.21827583014965057,0.01805497147142887,0.05563409626483917,0.0020976916421204805,0.08117368072271347,0.002675941213965416,0.5121397972106934,0.012688356451690197,0.21587519347667694,0.009920340962707996,0.0833938866853714,0.1171882376074791,0.023320503532886505,0.033004723489284515,0.0013536260230466723,0.00015746975259389728,0.08470497280359268,0.2671714425086975,0.14480407536029816,0.23601984977722168,0
GSE290577_core_Patient_3_3,0,0.05474912386081996,1,HE,0.04259896278381348,0.018255673348903656,0.005592889618128538,0.28637197613716125,0.003798906924203038,0.2155260145664215,0.005435667000710964,0.009781686589121819,0.0003631079162005335,0.004401088692247868,0.0009537635487504303,0.17787478864192963,0.0013208192540332675,0.03379148989915848,0.0017453597392886877,0.11484458297491074,0.05715053156018257,0.006807886064052582,0.0056762308813631535,0.0007186811417341232,5.3392559493659064e-05,0.03416873514652252,0.017768684774637222,0.0022911590058356524,0.3214360177516937,0
GSE290577_core_Patient_3_4,0,0.07199549644006766,1,HE,0.07123004645109177,0.08589456975460052,0.008966295048594475,0.3454510271549225,0.008266241289675236,0.18130658566951752,0.0033692566212266684,0.026020018383860588,0.000997633207589388,0.03066512569785118,0.0007353419787250459,0.25327497720718384,0.003421125002205372,0.1074129194021225,0.002860056469216943,0.060184184461832047,0.09006768465042114,0.013246049173176289,0.014753095805644989,0.0006692771567031741,4.419951801537536e-05,0.04354311153292656,0.1746944934129715,0.008903772570192814,0.26391032338142395,0
GSE290577_core_Patient_40_1,1,0.1426393003913108,1,HE,0.2199905812740326,0.4644881784915924,0.012257874943315983,0.6419728398323059,0.006470861379057169,0.1937393993139267,0.03840935230255127,0.10402362048625946,0.003119061002507806,0.03796113654971123,0.002484946744516492,0.7070590853691101,0.007212542463093996,0.13510161638259888,0.007185196969658136,0.12479452043771744,0.0901201069355011,0.029418358579277992,0.030495237559080124,0.002016168087720871,0.0001369848905596882,0.0860276147723198,0.045854728668928146,0.23273944854736328,0.3429030478000641,0
GSE290577_core_Patient_40_2,0,0.32054886016994716,1,HE,0.4339316785335541,0.712199330329895,0.051841869950294495,0.8683443665504456,0.058930374681949615,0.3123569190502167,0.4981403350830078,0.6663904190063477,0.024285145103931427,0.07425365597009659,0.07125893980264664,0.9074845910072327,0.021952010691165924,0.5524477958679199,0.15495502948760986,0.37895089387893677,0.19955888390541077,0.11409871280193329,0.09980804473161697,0.02334437519311905,0.006345995701849461,0.25312045216560364,0.067775197327137,0.9426510334014893,0.5192954540252686,0
GSE290577_core_Patient_40_3,0,0.0977253509638831,1,HE,0.08798243850469589,0.04157380759716034,0.029566621407866478,0.28623083233833313,0.05282654985785484,0.37985217571258545,0.03794682398438454,0.024439331144094467,0.0009801203850656748,0.016093971207737923,0.0156333576887846,0.29297375679016113,0.007495404686778784,0.0883050411939621,0.01596894860267639,0.20730409026145935,0.11976325511932373,0.05135916545987129,0.024384133517742157,0.004984534811228514,0.0010322636226192117,0.09035118669271469,0.057169295847415924,0.011960349045693874,0.49695631861686707,0
GSE290577_core_Patient_40_4,0,0.05840120622204267,1,HE,0.049639541655778885,0.049471866339445114,0.006151566747575998,0.34367260336875916,0.0034608931746333838,0.1478470265865326,0.0038973873015493155,0.029057376086711884,0.0010555479675531387,0.007160062901675701,0.0007920227944850922,0.2464689165353775,0.0017091751797124743,0.081902414560318,0.0011986757162958384,0.05945061892271042,0.0642479732632637,0.008659268729388714,0.011446994729340076,0.0007141985115595162,7.179918611655012e-06,0.029810311272740364,0.03282817453145981,0.024524159729480743,0.2548561990261078,0
GSE290577_core_Patient_41_1,0,0.10647240011727263,1,HE,0.11517290025949478,0.3336549401283264,0.0077118282206356525,0.5044635534286499,0.0022074957378208637,0.12865318357944489,0.007454452570527792,0.14563369750976562,0.00228502182289958,0.012167293578386307,0.0007402057526633143,0.2557642459869385,0.005600654054433107,0.059622712433338165,0.0015546801732853055,0.08388093113899231,0.06708599627017975,0.006293888669461012,0.01516596507281065,0.0008999303681775928,2.558046435297001e-05,0.0378044918179512,0.01992550492286682,0.5597224235534668,0.2883184254169464,0
GSE290577_core_Patient_42_1,0,0.04842416156527179,1,HE,0.04949323832988739,0.06647903472185135,0.005121522583067417,0.30342867970466614,0.002511838683858514,0.12713293731212616,0.0019993227906525135,0.019370440393686295,0.0008615399128757417,0.015160017646849155,0.0003060183662455529,0.1194508820772171,0.0020277451258152723,0.04397827759385109,0.0010822589974850416,0.051069606095552444,0.05421364679932594,0.005999062210321426,0.014625754207372665,0.00045437575317919254,8.705503205419518e-06,0.027841562405228615,0.03564729169011116,0.011791321448981762,0.25054895877838135,0
GSE290577_core_Patient_42_2,1,0.07444184389838483,1,HE,0.06366187334060669,0.12745457887649536,0.004790440667420626,0.47404253482818604,0.0010887660318985581,0.12584374845027924,0.009540483355522156,0.0827794075012207,0.0012258569477126002,0.008684918284416199,0.0006326389848254621,0.23727117478847504,0.003469882532954216,0.04281238093972206,0.0008411028538830578,0.08216794580221176,0.05677538365125656,0.0057093980722129345,0.013503891415894032,0.0010771177476271987,1.5432116924785078e-05,0.03462362661957741,0.010793900117278099,0.1556263267993927,0.3166132867336273,0
GSE290577_core_Patient_42_3,0,0.0660371111932909,1,HE,0.06793472915887833,0.08187778294086456,0.008611040189862251,0.3858051598072052,0.004345487337559462,0.1857200711965561,0.0042326245456933975,0.045730359852313995,0.0008706510998308659,0.012383435852825642,0.001046903315000236,0.24859970808029175,0.002902899868786335,0.05763227120041847,0.0018267479026690125,0.0855865553021431,0.06687729060649872,0.007768880110234022,0.013166112825274467,0.000855487713124603,3.1357325497083366e-05,0.039628129452466965,0.03277919813990593,0.030705241486430168,0.26400965452194214,0
GSE290577_core_Patient_42_4,0,0.059871481751833926,1,HE,0.04855797812342644,0.04300815984606743,0.006176050752401352,0.3344423472881317,0.0038561548572033644,0.17214952409267426,0.0014239548472687602,0.02996974065899849,0.0009412621730007231,0.009513778612017632,0.0006064429180696607,0.2580917775630951,0.0016341435257345438,0.05881553143262863,0.0016935402527451515,0.07437712699174881,0.06599949300289154,0.005295083858072758,0.010753296315670013,0.0005993099184706807,1.1632086170720868e-05,0.029662547633051872,0.04970133304595947,0.019247334450483322,0.2702594995498657,0
GSE290577_core_Patient_43_1,0,0.05065919319147724,1,HE,0.048862431198358536,0.059338998049497604,0.004501849412918091,0.33299344778060913,0.0014331602724269032,0.13864928483963013,0.002190584084019065,0.020700426772236824,0.0005491032497957349,0.00754728727042675,0.0003051772073376924,0.161750927567482,0.001321113551966846,0.036335818469524384,0.0008432841277681291,0.06440367549657822,0.04682937636971474,0.004208016209304333,0.009558252058923244,0.00036884043947793543,5.572330792347202e-06,0.024568744003772736,0.02074359357357025,0.013158104382455349,0.2653127610683441,0
GSE290577_core_Patient_43_2,0,0.041218629563318246,1,HE,0.03570711612701416,0.04081818088889122,0.004016472492367029,0.2783203125,0.0010054565500468016,0.11318499594926834,0.0009015488903969526,0.02316664718091488,0.0006331588374450803,0.004744532983750105,0.00021131278481334448,0.08626718819141388,0.0011941419215872884,0.026614094153046608,0.0005739239859394729,0.05505300685763359,0.04538194090127945,0.0019368958892300725,0.008315936662256718,0.000293407792923972,3.991272478742758e-06,0.02041151002049446,0.018619388341903687,0.015524324961006641,0.24756625294685364,0
GSE290577_core_Patient_44_1,0,0.2986019974248484,1,HE,0.6045407056808472,0.9280430674552917,0.0229276642203331,0.8814848065376282,0.005576597526669502,0.16960644721984863,0.31696808338165283,0.8265840411186218,0.018945785239338875,0.10573486983776093,0.008598304353654385,0.9325920939445496,0.04306276887655258,0.45196211338043213,0.05192984640598297,0.2498178333044052,0.1536106914281845,0.032542355358600616,0.08559538424015045,0.005512836389243603,0.0005683117778971791,0.16825248301029205,0.03942207619547844,0.9866482615470886,0.37452250719070435,0
GSE290577_core_Patient_44_2,0,0.13812791935837596,1,HE,0.11714093387126923,0.23190651834011078,0.0057959831319749355,0.7360877990722656,0.0019190447637811303,0.16249285638332367,0.032433006912469864,0.2328677922487259,0.0025180038064718246,0.009764814749360085,0.0019507069373503327,0.6574320197105408,0.0035739049781113863,0.07624491304159164,0.006202035583555698,0.17114531993865967,0.08285938948392868,0.009726445190608501,0.010973883792757988,0.001442363136447966,0.00010660225962055847,0.05751669034361839,0.013254154473543167,0.42758306860923767,0.40025973320007324,0
GSE290577_core_Patient_45_1,1,0.19929276176262647,1,HE,0.2228809893131256,0.567596971988678,0.023119904100894928,0.7524484395980835,0.023151502013206482,0.31107205152511597,0.05364129692316055,0.2259988635778427,0.00596753740683198,0.056594401597976685,0.010665886104106903,0.852746844291687,0.009251181036233902,0.1923433542251587,0.019167285412549973,0.2625424265861511,0.11719512939453125,0.03626301884651184,0.07171257585287094,0.004672432783991098,0.0014832626329734921,0.13736781477928162,0.05203389748930931,0.5041490197181702,0.468252956867218,0
GSE290577_core_Patient_45_2,0,0.17787621345138177,1,HE,0.1397128701210022,0.49628695845603943,0.017713170498609543,0.6816790103912354,0.013388068415224552,0.23309969902038574,0.025192949920892715,0.1943291574716568,0.008778934367001057,0.0458538644015789,0.005951638799160719,0.7839789986610413,0.009709678590297699,0.337835431098938,0.007306004408746958,0.1477859616279602,0.12722113728523254,0.017469750717282295,0.05019145831465721,0.004574196878820658,0.000605969165917486,0.08816257864236832,0.06985114514827728,0.6386993527412415,0.30152735114097595,0
GSE290577_core_Patient_46_1,0,0.05856488307057589,1,HE,0.04042660444974899,0.04134537652134895,0.0021737434435635805,0.4502832293510437,0.0010150799062103033,0.13195300102233887,0.006010525394231081,0.0271969735622406,0.0008194977999664843,0.002376850228756666,0.0005608700448647141,0.2343345284461975,0.0012715838383883238,0.03199859708547592,0.0008965429733507335,0.08947201073169708,0.054364290088415146,0.0037190115544945,0.003352087689563632,0.0007013648864813149,1.7300086256000213e-05,0.027745729312300682,0.007132131140679121,0.008344225585460663,0.29661092162132263,0
GSE290577_core_Patient_46_2,1,0.04295017261527392,1,HE,0.04771162196993828,0.05070243775844574,0.003057632129639387,0.29641565680503845,0.0017955900402739644,0.11800148338079453,0.0013938997872173786,0.02102097123861313,0.0005865548737347126,0.005285765044391155,0.00026169506600126624,0.1083553284406662,0.001374129089526832,0.04556536674499512,0.001074967090971768,0.04548172652721405,0.05047106742858887,0.003964088391512632,0.005481727886945009,0.0003406215400900692,9.207492439600173e-06,0.021982980892062187,0.03422868996858597,0.007297463249415159,0.2018936425447464,0
GSE290577_core_Patient_46_3,0,0.03368275245262339,1,HE,0.020038669928908348,0.00697730528190732,0.0008994056843221188,0.2430686205625534,0.00039918418042361736,0.10733984410762787,0.0008160866564139724,0.008281131274998188,0.0002001395623665303,0.000805568415671587,9.582048369338736e-05,0.07268020510673523,0.00037692973273806274,0.00930620077997446,0.0003804299922194332,0.06246614828705788,0.031504154205322266,0.0012145574437454343,0.0013428862439468503,0.0001940012298291549,3.4262602639500983e-06,0.012851293198764324,0.003247790737077594,0.001280916971154511,0.25629809498786926,0
GSE290577_core_Patient_46_4,0,0.10646673572715372,1,HE,0.054732318967580795,0.06899115443229675,0.0020514384377747774,0.764480710029602,0.0007112313760444522,0.16711752116680145,0.006301542744040489,0.0557270348072052,0.0013797837309539318,0.002379364101216197,0.0011502079432830215,0.6816481947898865,0.0018048640340566635,0.03640711307525635,0.0007620062679052353,0.23369178175926208,0.07245242595672607,0.0024933861568570137,0.004151517059653997,0.0011152448132634163,3.4608994610607624e-05,0.04236096143722534,0.005375828593969345,0.02905995212495327,0.42528820037841797,0
GSE290577_core_Patient_47_1,1,0.14649159062013495,1,HE,0.1320549100637436,0.4565461277961731,0.015094099566340446,0.7084717750549316,0.0049184649251401424,0.21708983182907104,0.011977073736488819,0.16062209010124207,0.002171518746763468,0.04899921640753746,0.0022496050223708153,0.7735442519187927,0.005629427265375853,0.09793689101934433,0.0060781268402934074,0.18416492640972137,0.09652604162693024,0.012664883397519588,0.04527680575847626,0.001605822122655809,0.00016457117453683168,0.08845020830631256,0.05252093821763992,0.12012720853090286,0.4174049496650696,0
GSE290577_core_Patient_47_2,0,0.09792585139075527,1,HE,0.08413920551538467,0.2916277348995209,0.024219432845711708,0.3901108503341675,0.007379036862403154,0.15776152908802032,0.016802512109279633,0.16999056935310364,0.0029182075522840023,0.14178037643432617,0.0026547317393124104,0.21329545974731445,0.013048083521425724,0.10603988170623779,0.006511003244668245,0.06758338212966919,0.10378306359052658,0.01351276133209467,0.06783315539360046,0.001945513067767024,9.448405035072938e-05,0.07157294452190399,0.11184062063694,0.10087356716394424,0.28082817792892456,0
GSE290577_core_Patient_48_3,0,0.03801385618160566,1,HE,0.05417008697986603,0.048685815185308456,0.005048749502748251,0.1472751349210739,0.011305873282253742,0.11705940216779709,0.009628593921661377,0.01787690632045269,0.0009626343962736428,0.01027593668550253,0.0006818874971941113,0.04283725842833519,0.005643176380544901,0.08752118796110153,0.0023755435831844807,0.021842163056135178,0.07747240364551544,0.012126211076974869,0.006027917377650738,0.0005285015795379877,1.1630500921455678e-05,0.031307801604270935,0.059026289731264114,0.023981792852282524,0.15667350590229034,0
GSE290577_core_Patient_48_4,0,0.10191898615914396,1,HE,0.13223133981227875,0.15079396963119507,0.005559420213103294,0.5531957149505615,0.002593531273305416,0.1304432600736618,0.03322999179363251,0.09059184044599533,0.0022286379244178534,0.011264767497777939,0.0007521867519244552,0.3930872082710266,0.0034796609543263912,0.08490975201129913,0.0034968226682394743,0.09119018167257309,0.06765608489513397,0.009990123100578785,0.00933070108294487,0.0011786293471232057,4.5434077037498355e-05,0.0414489321410656,0.012797698378562927,0.41242799162864685,0.3040507733821869,0
GSE290577_core_Patient_49_1,0,0.06630237424600637,1,HE,0.0543815977871418,0.08254746347665787,0.007359660230576992,0.39866095781326294,0.00354805588722229,0.16463713347911835,0.005929457955062389,0.029426177963614464,0.0009792286437004805,0.014703046530485153,0.000937280710786581,0.2498180866241455,0.0028293610084801912,0.039793748408555984,0.003631805069744587,0.10319097340106964,0.06229175254702568,0.008925966918468475,0.016157079488039017,0.0006615574238821864,5.5612144933547825e-05,0.04117492958903313,0.031139234080910683,0.008733735419809818,0.3260454535484314,0
GSE290577_core_Patient_49_3,0,0.05062567875316745,1,HE,0.043457161635160446,0.03185906261205673,0.005455250386148691,0.2891160547733307,0.0019292193464934826,0.15407903492450714,0.0037242770195007324,0.01568637415766716,0.0004907872062176466,0.005125863943248987,0.0007653879001736641,0.1546390950679779,0.0013741939328610897,0.04352670907974243,0.0012929060030728579,0.08430847525596619,0.054830387234687805,0.006196248345077038,0.009926787577569485,0.0004933218588121235,1.2402729225868825e-05,0.03116709366440773,0.020158495754003525,0.005719031672924757,0.30030834674835205,0
GSE290577_core_Patient_49_4,0,0.05488170857206569,1,HE,0.03332984820008278,0.011795131489634514,0.0031460586469620466,0.30356845259666443,0.0028486254159361124,0.18843789398670197,0.004224186297506094,0.006415808107703924,0.00044222461292520165,0.002855387981981039,0.0009430508362129331,0.20183803141117096,0.0007801909232512116,0.02311093546450138,0.000860975997056812,0.1422562152147293,0.04839972406625748,0.0044401660561561584,0.00478070043027401,0.00063809979474172,4.410065957927145e-05,0.0292302668094635,0.00815508421510458,0.0021006513852626085,0.3474009037017822,0
GSE290577_core_Patient_4_1,1,0.3181132922542747,1,HE,0.6134893298149109,0.9369556307792664,0.038289740681648254,0.8911343812942505,0.007221624255180359,0.20584434270858765,0.2074451893568039,0.7162762880325317,0.02454186975955963,0.3039184808731079,0.008814283646643162,0.972145676612854,0.04778122156858444,0.545745849609375,0.04095236957073212,0.25996166467666626,0.18450063467025757,0.036745768040418625,0.2455892264842987,0.005498478654772043,0.0003096490108873695,0.2105180323123932,0.09400628507137299,0.976867139339447,0.3782791495323181,0
GSE290577_core_Patient_4_2,1,0.3066346655925736,1,HE,0.5958772301673889,0.931228518486023,0.03133583068847656,0.8846489787101746,0.006144637707620859,0.1692449301481247,0.3234943747520447,0.8098098635673523,0.02179753966629505,0.20285461843013763,0.007686578202992678,0.931571364402771,0.04375867173075676,0.4499519169330597,0.06524403393268585,0.1975060999393463,0.15811997652053833,0.03359031677246094,0.17947830259799957,0.007505791261792183,0.00041356810834258795,0.18331490457057953,0.06659623235464096,0.9831321835517883,0.38156017661094666,0
GSE290577_core_Patient_4_3,0,0.06101324294315418,1,HE,0.05749651789665222,0.05326686054468155,0.009198916144669056,0.34021684527397156,0.005189324263483286,0.1806430071592331,0.008411215618252754,0.028439991176128387,0.0008352430304512382,0.010405500419437885,0.0015534150879830122,0.2013547718524933,0.003349821548908949,0.06927867978811264,0.002688912209123373,0.07659182697534561,0.07445746660232544,0.010450134053826332,0.010718151926994324,0.0008512833155691624,7.303992606466636e-05,0.040162619203329086,0.03918701782822609,0.01325975451618433,0.2872507572174072,0
GSE290577_core_Patient_50_1,0,0.04611708996737434,1,HE,0.04426595941185951,0.039420902729034424,0.003947798162698746,0.2958661615848541,0.0034439198207110167,0.1392320841550827,0.0019461504416540265,0.023378809913992882,0.0010066552786156535,0.005937043111771345,0.00046950255637057126,0.1161050945520401,0.00212612422183156,0.04567146673798561,0.0012308540754020214,0.05182802677154541,0.06365583091974258,0.004511289298534393,0.0058652437292039394,0.0004615501966327429,1.4894127161824144e-05,0.0256034042686224,0.025620173662900925,0.020533982664346695,0.2307843267917633,0
GSE290577_core_Patient_50_2,0,0.034648042901462756,1,HE,0.037053223699331284,0.019329609349370003,0.003299885196611285,0.20439854264259338,0.00274955783970654,0.12269400805234909,0.000604230968747288,0.0114771518856287,0.0005398201174102724,0.004323743749409914,0.00024879779084585607,0.05983761325478554,0.0015119690215215087,0.0509052500128746,0.0004277421103324741,0.029521647840738297,0.06013452634215355,0.0024079023860394955,0.004260368179529905,0.00024988208315335214,3.0437204259214923e-06,0.01938304305076599,0.04479615390300751,0.006009973585605621,0.1800333857536316,0
GSE290577_core_Patient_50_3,0,0.04047181491278025,1,HE,0.037020809948444366,0.02425805665552616,0.004301558714359999,0.24083417654037476,0.0023400266654789448,0.137989804148674,0.001448106486350298,0.0200959425419569,0.000505819742102176,0.006214733701199293,0.0003873096138704568,0.0837063118815422,0.002189175458624959,0.0348806232213974,0.0010410848772153258,0.0495760552585125,0.06030568480491638,0.0035964723210781813,0.006217393092811108,0.00038448424311354756,9.257900273951236e-06,0.024523796513676643,0.03172364830970764,0.005252644419670105,0.23299239575862885,0
GSE290577_core_Patient_50_4,0,0.024675985302073968,1,HE,0.021297356113791466,0.013636481948196888,0.0015997163718566298,0.12084627896547318,0.0008164276950992644,0.10199800133705139,0.0007796769496053457,0.007570577785372734,0.00017783429939299822,0.0021329668816179037,0.00014897662913426757,0.02609315887093544,0.001083484967239201,0.015014128759503365,0.00021628652757499367,0.03347885608673096,0.03465956449508667,0.0013834941200911999,0.0030320235528051853,0.00019493223226163536,2.818554548866814e-06,0.015832146629691124,0.01061955001205206,0.001894549815915525,0.20239034295082092,0
GSE290577_core_Patient_51_1,1,0.12108289081515977,1,HE,0.17863568663597107,0.52674800157547,0.01757367141544819,0.4175370931625366,0.011679356917738914,0.16614094376564026,0.008282891474664211,0.08349789679050446,0.003196610137820244,0.1410934180021286,0.0015562598127871752,0.3351535201072693,0.013694828376173973,0.2068556696176529,0.00854234304279089,0.05410754680633545,0.1099655032157898,0.01892073079943657,0.03780343383550644,0.0011068041203543544,0.00010354430560255423,0.06281934678554535,0.3051111698150635,0.10421955585479736,0.2127264440059662,0
GSE290577_core_Patient_51_2,0,0.09244409771374194,1,HE,0.12366537749767303,0.32974424958229065,0.012905820272862911,0.3656586706638336,0.011080717667937279,0.1752721220254898,0.017865579575300217,0.05244382843375206,0.001874422887340188,0.04373596981167793,0.0017386168474331498,0.2722931206226349,0.013689522631466389,0.13204218447208405,0.010913078673183918,0.05727694183588028,0.11019120365381241,0.022606197744607925,0.022326285019516945,0.001229139044880867,8.070986223174259e-05,0.06427865475416183,0.1395035982131958,0.09816150367259979,0.2305249273777008,0
GSE290577_core_Patient_51_3,1,0.14118535211106065,1,HE,0.17587131261825562,0.3542652428150177,0.011018146760761738,0.6529958248138428,0.003934429492801428,0.1740391105413437,0.010209030471742153,0.13098357617855072,0.0025765332393348217,0.02359139733016491,0.0015163496136665344,0.6950157284736633,0.0036238781176507473,0.11162915080785751,0.002869272604584694,0.15151061117649078,0.08560586720705032,0.00813863892108202,0.027547094970941544,0.0013169931480661035,5.862798570888117e-05,0.05644719675183296,0.030521955341100693,0.43782511353492737,0.3765227198600769,0
GSE290577_core_Patient_51_4,0,0.038131365485533024,1,HE,0.029141271486878395,0.021958298981189728,0.0013627607841044664,0.28731605410575867,0.0005431418539956212,0.11038169264793396,0.0026763640344142914,0.011601648293435574,0.00036291516153141856,0.0015120223397389054,0.0002262209600303322,0.07508037984371185,0.0009814865188673139,0.012463103048503399,0.0007789169321767986,0.0731458067893982,0.037142496556043625,0.0022684314753860235,0.002188797341659665,0.00030699933995492756,1.550513661641162e-05,0.018651047721505165,0.00462059723213315,0.0022655969951301813,0.25629258155822754,0
GSE290577_core_Patient_52_1,0,0.02288063541329393,1,HE,0.020224306732416153,0.004200833383947611,0.0019935292657464743,0.06170639395713806,0.0017898655496537685,0.13659633696079254,0.000726959144230932,0.0023131235502660275,7.216676021926105e-05,0.0015608208486810327,0.00013675869558937848,0.02098657190799713,0.0005216616555117071,0.012530769221484661,0.0002543035370763391,0.03892414644360542,0.03265047445893288,0.0020923723932355642,0.002642811508849263,0.0001715118414722383,3.843520516966237e-06,0.015179842710494995,0.012733271345496178,0.00032137249945662916,0.20168183743953705,0
GSE290577_core_Patient_52_2,0,0.03423556682810158,1,HE,0.02155997045338154,0.0032366339582949877,0.0014248602092266083,0.13967733085155487,0.0008952547213993967,0.14868322014808655,0.00089936115546152,0.0025679890532046556,6.779468094464391e-05,0.0007848836830817163,0.00015221332432702184,0.058051157742738724,0.0002808767312671989,0.009957452304661274,0.00047651681234128773,0.08332790434360504,0.035727307200431824,0.0017766148084774613,0.0021798477973788977,0.00010714461677707732,3.198506419721525e-06,0.01801753230392933,0.007624001707881689,0.00032720473245717585,0.31808289885520935,0
GSE290577_core_Patient_53_1,0,0.03834833610784699,1,HE,0.036854635924100876,0.018412193283438683,0.005960481241345406,0.18839232623577118,0.0037397847045212984,0.1421835869550705,0.0025234445929527283,0.012970094569027424,0.0005577466217800975,0.007740242872387171,0.0005175461992621422,0.0717591941356659,0.001560178236104548,0.04514850676059723,0.0014081844128668308,0.04521791636943817,0.0567384697496891,0.006224111188203096,0.009391396306455135,0.0004056130419485271,9.389647857460659e-06,0.026975350454449654,0.042373500764369965,0.004291352815926075,0.22735315561294556,0
GSE290577_core_Patient_53_2,1,0.05216305338341044,1,HE,0.037459708750247955,0.01377484668046236,0.009649451822042465,0.21653185784816742,0.008388509042561054,0.2380201667547226,0.005046505481004715,0.01053344365209341,0.0006687036366201937,0.007959441281855106,0.001276336726732552,0.16090375185012817,0.001379902008920908,0.036269593983888626,0.002783584175631404,0.11013395339250565,0.05928204208612442,0.009494802914559841,0.010392035357654095,0.0007966590346768498,6.654026947217062e-05,0.04097362607717514,0.025558477267622948,0.002982406411319971,0.29374998807907104,0
GSE290577_core_Patient_53_3,0,0.055012641495522985,1,HE,0.0355616956949234,0.017724746838212013,0.003633346175774932,0.3513078987598419,0.0023722213227301836,0.16700389981269836,0.0022934384178370237,0.015432215295732021,0.0006392135983332992,0.0036680209450423717,0.00050159270176664,0.17390494048595428,0.0009175779996439815,0.03857923671603203,0.0010335667757317424,0.08791337162256241,0.058003317564725876,0.004484615288674831,0.006695108953863382,0.0005037574446760118,1.3513198609871324e-05,0.02885851263999939,0.015809983015060425,0.004107742104679346,0.35435250401496887,0
GSE290577_core_Patient_53_4,0,0.05013894562289352,1,HE,0.04076099023222923,0.011477915570139885,0.008915023878216743,0.16221512854099274,0.01475536823272705,0.23186497390270233,0.007445665542036295,0.00963989645242691,0.0003385047020856291,0.0059650312177836895,0.002857321873307228,0.1058938279747963,0.0015129829989746213,0.030790474265813828,0.0023175550159066916,0.12034343183040619,0.0622912161052227,0.007586074527353048,0.009568414650857449,0.0010066665709018707,0.0001166736547020264,0.04034637287259102,0.02118641510605812,0.0034042445477098227,0.3508734703063965,0
GSE290577_core_Patient_54_1,1,0.20492776305531152,1,HE,0.27997004985809326,0.7178138494491577,0.015460271388292313,0.7256224751472473,0.005134109407663345,0.17942650616168976,0.08855171501636505,0.4402482807636261,0.006696535274386406,0.057263460010290146,0.00449755135923624,0.7825589179992676,0.012093575671315193,0.1855209618806839,0.01723586767911911,0.15927080810070038,0.10727274417877197,0.026245813816785812,0.05022702366113663,0.003787500550970435,0.00025558986817486584,0.09958641231060028,0.04450353607535362,0.733984649181366,0.3799658715724945,0
GSE290577_core_Patient_54_2,1,0.13552010602463269,1,HE,0.15098357200622559,0.32647475600242615,0.006131716538220644,0.7056488990783691,0.002124772872775793,0.17141354084014893,0.015075226314365864,0.10687852650880814,0.0029504054691642523,0.01226266659796238,0.0011403695680201054,0.8362517952919006,0.0027140534948557615,0.10742373019456863,0.0030675730668008327,0.16475553810596466,0.07686018198728561,0.01006883755326271,0.011802010238170624,0.001486180699430406,6.123996718088165e-05,0.05993427336215973,0.018208354711532593,0.22332023084163666,0.3709641993045807,0
GSE290577_core_Patient_54_3,1,0.22650365315639648,1,HE,0.41373082995414734,0.8011549711227417,0.01447062287479639,0.7970407605171204,0.0029383643995970488,0.13367797434329987,0.09161239117383957,0.4716152548789978,0.009371853433549404,0.04143376275897026,0.002768498845398426,0.8574683666229248,0.01207434106618166,0.26820701360702515,0.013098279014229774,0.1534663587808609,0.10558659583330154,0.016454409807920456,0.03251632675528526,0.0025281081907451153,0.0001068970377673395,0.09452095627784729,0.02744673751294613,0.9522395730018616,0.3470620810985565,0
GSE290577_core_Patient_54_4,1,0.2482784107606858,1,HE,0.4372939169406891,0.8926167488098145,0.021667925640940666,0.8233819603919983,0.003866421990096569,0.15280269086360931,0.039126668125391006,0.6239612698554993,0.01060450915247202,0.13477052748203278,0.002561891684308648,0.8395835757255554,0.01740369014441967,0.27095356583595276,0.013592598959803581,0.17036256194114685,0.11900428682565689,0.01833687163889408,0.09924846887588501,0.0023343530483543873,0.00015746615827083588,0.10914767533540726,0.07262090593576431,0.9480703473091125,0.38348937034606934,0
GSE290577_core_Patient_55_1,0,0.03236313820914802,1,HE,0.02975314110517502,0.031339019536972046,0.0038930135779082775,0.18546870350837708,0.0010343811009079218,0.11092395335435867,0.0010422166669741273,0.015899354591965675,0.00033950660144910216,0.00600788276642561,0.0001710359356366098,0.046329203993082047,0.0014488643500953913,0.020466992631554604,0.0005485814763233066,0.043383050709962845,0.04114856198430061,0.0019368808716535568,0.007849223911762238,0.00022370964870788157,4.404219907883089e-06,0.01995009556412697,0.018441108986735344,0.0040976968593895435,0.21737787127494812,0
GSE290577_core_Patient_55_2,0,0.03675433871740097,1,HE,0.04263254627585411,0.06333968788385391,0.0038820323534309864,0.21473956108093262,0.0020852575544267893,0.11097858846187592,0.003299306845292449,0.030246691778302193,0.0005303843645378947,0.004592777695506811,0.0004431889101397246,0.04576098546385765,0.00460224412381649,0.0335996188223362,0.0007067432743497193,0.03665035590529442,0.06047710031270981,0.002885925816372037,0.00517949927598238,0.0003756295773200691,1.1589158930291887e-05,0.028391867876052856,0.019227921962738037,0.01708700694143772,0.18713195621967316,0
GSE290577_core_Patient_55_3,0,0.05548103220527992,1,HE,0.059239502996206284,0.0822715312242508,0.004348300863057375,0.38602375984191895,0.0012698688078671694,0.11812913417816162,0.007346083410084248,0.05420549958944321,0.000820817076601088,0.004059343598783016,0.0006356408703140914,0.14865157008171082,0.0029175763484090567,0.03768865764141083,0.0010966210393235087,0.07148610055446625,0.057066116482019424,0.003749322844669223,0.00547467777505517,0.0006095538847148418,1.59507617354393e-05,0.031289175152778625,0.011606094427406788,0.04966294765472412,0.247361958026886,0
GSE290577_core_Patient_55_4,1,0.12621334584167926,1,HE,0.20809614658355713,0.41008588671684265,0.010285544209182262,0.6618302464485168,0.003825286403298378,0.14976219832897186,0.020908236503601074,0.0817146897315979,0.0026142920833081007,0.03644607961177826,0.0010698048863559961,0.6237809062004089,0.004159919917583466,0.13648922741413116,0.008554527536034584,0.11286231875419617,0.07840778678655624,0.019565090537071228,0.02677619457244873,0.0011046248255297542,9.415164095116779e-05,0.07087392359972,0.08353177458047867,0.07706251740455627,0.32543227076530457,0
GSE290577_core_Patient_56_1,0,0.1090695332060568,1,HE,0.09481170028448105,0.5258133411407471,0.018109146505594254,0.4313284158706665,0.004185880068689585,0.16379715502262115,0.0075097172521054745,0.178762286901474,0.002754926448687911,0.07318741828203201,0.0018294836627319455,0.20599430799484253,0.009409571066498756,0.05644109845161438,0.0031708525493741035,0.09991739690303802,0.0797988697886467,0.006501450669020414,0.0849655494093895,0.001289478037506342,8.26737959869206e-05,0.060257624834775925,0.04679741710424423,0.24179266393184662,0.3282299041748047,0
GSE290577_core_Patient_56_2,0,0.05788529121389729,1,HE,0.05463019013404846,0.15160171687602997,0.010738403536379337,0.30148375034332275,0.0032750971149653196,0.12953367829322815,0.005181214306503534,0.07973894476890564,0.0012945830821990967,0.03371530398726463,0.0008078653481788933,0.09484970569610596,0.005828402005136013,0.044818222522735596,0.0024824184365570545,0.0566505528986454,0.07424814999103546,0.005346795544028282,0.023443087935447693,0.0007162924739532173,2.5772042135940865e-05,0.04255041107535362,0.044372718781232834,0.03871530666947365,0.24108369648456573,0
GSE290577_core_Patient_57_1,0,0.0791713807693668,1,HE,0.10379800945520401,0.3157273828983307,0.010724776424467564,0.42965391278266907,0.0028560152277350426,0.11430098116397858,0.0031681968830525875,0.05540645122528076,0.0015345847932621837,0.03756706416606903,0.0005538365803658962,0.21359866857528687,0.003892606822773814,0.09772006422281265,0.002338596386834979,0.04854307323694229,0.07208781689405441,0.007228943984955549,0.02078891545534134,0.0005005868151783943,1.4281852600106504e-05,0.03523900359869003,0.15444503724575043,0.03685943782329559,0.21073627471923828,0
GSE290577_core_Patient_57_2,0,0.02525523940468702,1,HE,0.029727712273597717,0.017842836678028107,0.003962318878620863,0.10831134021282196,0.001969100208953023,0.10959509760141373,0.0009937784634530544,0.01076893974095583,0.00019962822261732072,0.004441479686647654,0.00020034042245242745,0.025326848030090332,0.0019256859086453915,0.026574846357107162,0.0007725117611698806,0.02591615542769432,0.04560200497508049,0.002666434505954385,0.004531691782176495,0.00019999554206151515,4.6768882384640165e-06,0.017565451562404633,0.040256086736917496,0.002015929203480482,0.1500100940465927,0
GSE290577_core_Patient_57_3,0,0.08806053885258734,1,HE,0.08471614122390747,0.040189094841480255,0.03362945467233658,0.24740013480186462,0.04227036237716675,0.37040093541145325,0.029681527987122536,0.020978398621082306,0.002413432113826275,0.02826363407075405,0.015298997052013874,0.24281568825244904,0.008700486272573471,0.0922698974609375,0.010727841407060623,0.2035960853099823,0.11160831898450851,0.032183051109313965,0.023964721709489822,0.00451428210362792,0.0020179052371531725,0.08761163055896759,0.08275672048330307,0.007723282556980848,0.37578144669532776,0
GSE290577_core_Patient_58_1,0,0.16600415100110694,1,HE,0.14579886198043823,0.34897977113723755,0.02492278441786766,0.7478570938110352,0.018123887479305267,0.2726108431816101,0.05099834129214287,0.16785456240177155,0.004992795642465353,0.05479128286242485,0.009122023358941078,0.7995837330818176,0.007742986083030701,0.1875186711549759,0.009947655722498894,0.2512892186641693,0.12258726358413696,0.03095407597720623,0.05858338996767998,0.004271889571100473,0.0008036523940972984,0.11228417605161667,0.046389978379011154,0.17796094715595245,0.4941338896751404,0
GSE290577_core_Patient_58_2,1,0.23021788039244712,1,HE,0.10175881534814835,0.11471046507358551,0.014643240720033646,0.7189440131187439,0.3159869313240051,0.40223726630210876,0.023585811257362366,0.051466260105371475,0.9940237402915955,0.04255840554833412,0.009432020597159863,0.8537626266479492,0.0035027891863137484,0.1438453048467636,0.035258710384368896,0.4513704478740692,0.12646251916885376,0.030921846628189087,0.025369372218847275,0.46363160014152527,0.08792564272880554,0.21214927732944489,0.03690898418426514,0.03446481004357338,0.46052610874176025,0
GSE290577_core_Patient_58_3,0,0.10082130280090495,1,HE,0.06334862112998962,0.07652995735406876,0.008343649096786976,0.4479103982448578,0.014008033089339733,0.3091065585613251,0.0043193562887609005,0.017612870782613754,0.0014827386476099491,0.01704806461930275,0.0019186418503522873,0.7964664101600647,0.002721875673159957,0.09970366954803467,0.004793280735611916,0.125895693898201,0.09161593019962311,0.012710453011095524,0.010883401148021221,0.0007299904827959836,0.00014493020717054605,0.0536750964820385,0.08167319744825363,0.005705349612981081,0.2721844017505646,0
GSE290577_core_Patient_58_4,0,0.03529939703261334,1,HE,0.039237357676029205,0.0343199297785759,0.002384832827374339,0.1849282681941986,0.00341783300973475,0.1406060755252838,0.0014041430549696088,0.011561952531337738,0.0003900377487298101,0.002970278263092041,0.00040171630098484457,0.07263965159654617,0.0023295662831515074,0.04000430926680565,0.0009338114759884775,0.038384195417165756,0.0620790459215641,0.003088525962084532,0.0030056044925004244,0.00033428240567445755,1.3369505722948816e-05,0.0266080591827631,0.027842577546834946,0.003977969288825989,0.17962153255939484,0
GSE290577_core_Patient_59_1,1,0.1596834086254239,1,HE,0.1666712760925293,0.39045628905296326,0.05068153142929077,0.4329422414302826,0.047583792358636856,0.3306312561035156,0.03532373905181885,0.1981215626001358,0.004605167545378208,0.22188925743103027,0.017006253823637962,0.3564043939113617,0.03070632927119732,0.21867626905441284,0.024839868769049644,0.16117751598358154,0.15679426491260529,0.044597432017326355,0.08613020926713943,0.005318245850503445,0.0033022528514266014,0.12271137535572052,0.36842116713523865,0.21530722081661224,0.30178630352020264,0
GSE290577_core_Patient_59_2,1,0.22966558277374133,1,HE,0.26993441581726074,0.7305524945259094,0.049091972410678864,0.7962182760238647,0.013712069019675255,0.22604764997959137,0.03637915849685669,0.4244016110897064,0.009249563328921795,0.17789070308208466,0.006009255535900593,0.7727791666984558,0.013927390798926353,0.2736244201660156,0.016117265447974205,0.17156332731246948,0.14174586534500122,0.025443963706493378,0.14358292520046234,0.0028206969145685434,0.0003649757127277553,0.12860429286956787,0.19641830027103424,0.6948819756507874,0.42027783393859863,0
GSE290577_core_Patient_59_3,0,0.07880628538463498,1,HE,0.06273479759693146,0.06896839290857315,0.01799834333360195,0.3905133605003357,0.005803962703794241,0.1876780390739441,0.01824028417468071,0.07335993647575378,0.0015739346854388714,0.02563932165503502,0.0031581094954162836,0.2900594472885132,0.005476407241076231,0.07815450429916382,0.004814217332750559,0.10860514640808105,0.08900841325521469,0.013661384582519531,0.026685025542974472,0.0018893381347879767,8.191230153897777e-05,0.05778045207262039,0.04111276939511299,0.024836448952555656,0.3723231852054596,0
GSE290577_core_Patient_59_4,0,0.06104597357705643,1,HE,0.05907599255442619,0.10488946735858917,0.012440581806004047,0.3334924876689911,0.0032033345196396112,0.1327417492866516,0.003637661226093769,0.05010363459587097,0.0015950714005157351,0.03843976557254791,0.0006628748960793018,0.14034904539585114,0.004248640034347773,0.05894105136394501,0.002055438933894038,0.05739440768957138,0.07177743315696716,0.0063430313020944595,0.02744593657553196,0.0007691115024499595,1.695132777967956e-05,0.03888548165559769,0.07983993738889694,0.021267274394631386,0.27653297781944275,0
GSE290577_core_Patient_5_1,1,0.24949413830821868,1,HE,0.4277091324329376,0.9184476137161255,0.027620017528533936,0.8236270546913147,0.005149451084434986,0.17180410027503967,0.021303417161107063,0.48789501190185547,0.007088154554367065,0.14344902336597443,0.003089292673394084,0.796715259552002,0.017122972756624222,0.36120665073394775,0.012178818695247173,0.1411135196685791,0.1402866244316101,0.01998167671263218,0.12526321411132812,0.0018033776432275772,0.00016750940994825214,0.1162688359618187,0.21902146935462952,0.9019935727119446,0.34704768657684326,0
GSE290577_core_Patient_5_2,1,0.2761547322757542,1,HE,0.5323639512062073,0.9290066957473755,0.030215242877602577,0.8345674276351929,0.00842510350048542,0.16249307990074158,0.056230463087558746,0.4605971574783325,0.01757141761481762,0.274077445268631,0.004140401724725962,0.9060463309288025,0.035001304000616074,0.48823073506355286,0.0402284599840641,0.14836850762367249,0.16446064412593842,0.03478553518652916,0.1413903534412384,0.0030888360925018787,0.0003245691768825054,0.16775143146514893,0.2329244762659073,0.9272316098213196,0.30434712767601013,0
GSE290577_core_Patient_5_3,1,0.2496350617898861,1,HE,0.38687917590141296,0.8631496429443359,0.03636572137475014,0.801467776298523,0.006420617923140526,0.19232378900051117,0.07340576499700546,0.35817426443099976,0.008648869581520557,0.13328631222248077,0.00630253367125988,0.9230356812477112,0.014086252078413963,0.4309278428554535,0.01600460335612297,0.17832481861114502,0.1389254927635193,0.04206191748380661,0.11528220027685165,0.0031066592782735825,0.00018955722043756396,0.13178665935993195,0.14595337212085724,0.8396751880645752,0.39509183168411255,0
GSE290577_core_Patient_5_4,1,0.19393984153604835,1,HE,0.2672283351421356,0.6561786532402039,0.026625702157616615,0.7179510593414307,0.006525206379592419,0.19190673530101776,0.029522104188799858,0.23478084802627563,0.00472594890743494,0.06842619180679321,0.004127173684537411,0.77354896068573,0.008782105520367622,0.2954092025756836,0.009739460423588753,0.14461874961853027,0.12207923829555511,0.027522007003426552,0.06982416659593582,0.002368317684158683,0.00010741611913545057,0.09531373530626297,0.14886604249477386,0.5482031106948853,0.3941155672073364,0
GSE290577_core_Patient_60_2,0,0.0408288732433175,1,HE,0.03778154402971268,0.028199946507811546,0.006019779946655035,0.1935865432024002,0.004904312081634998,0.1558479368686676,0.0008545251912437379,0.009802015498280525,0.0005307585815899074,0.00750349648296833,0.0004968432476744056,0.1016109436750412,0.0013808785006403923,0.046902306377887726,0.0009262635139748454,0.045047398656606674,0.056391503661870956,0.004006752744317055,0.007445687428116798,0.00028056520386599004,6.703180133627029e-06,0.024607228115200996,0.0773385539650917,0.002667394233867526,0.2065819501876831,0
GSE290577_core_Patient_60_3,0,0.03709889907579054,1,HE,0.028710361570119858,0.009635668247938156,0.003792008850723505,0.15214818716049194,0.0037786660250276327,0.18159528076648712,0.0016611042665317655,0.005347073543816805,0.00015887492918409407,0.0026190446224063635,0.0005613529938273132,0.07350765913724899,0.0007384109194390476,0.024610420688986778,0.0009717414504848421,0.07118847966194153,0.04780493304133415,0.0039043580181896687,0.0048726280219852924,0.00033592912950553,1.6907510143937543e-05,0.022963330149650574,0.020386066287755966,0.0013712197542190552,0.2647927701473236,0
GSE290577_core_Patient_60_4,0,0.025320250717195448,1,HE,0.023179439827799797,0.013047260232269764,0.0022149444557726383,0.12972113490104675,0.0012272881576791406,0.1038723811507225,0.0006562364287674427,0.008427545428276062,0.00026627699844539165,0.003305763704702258,0.0001423699432052672,0.028770258650183678,0.0010573272593319416,0.018681159242987633,0.00038484984543174505,0.03268485888838768,0.03740217164158821,0.0019678936805576086,0.004990204703062773,0.00021709869906771928,3.050514351343736e-06,0.01612255908548832,0.017791911959648132,0.0023720203898847103,0.18450026214122772,0
GSE290577_core_Patient_61_1,0,0.03486013742387513,1,HE,0.031044399365782738,0.016975916922092438,0.0029276839923113585,0.2062477171421051,0.0015741295646876097,0.12056475877761841,0.0011082905111834407,0.013464233838021755,0.000440421310486272,0.003651730250567198,0.00020430110453162342,0.05908765271306038,0.0009651433792896569,0.0269248615950346,0.000640051846858114,0.048263370990753174,0.045001450926065445,0.0028145848773419857,0.005295408423990011,0.0003070040256716311,4.8665801841707435e-06,0.02000598981976509,0.02041267789900303,0.003384778741747141,0.2401920109987259,0
GSE290577_core_Patient_61_2,0,0.07085601611295715,1,HE,0.08498165011405945,0.12426270544528961,0.011853450909256935,0.28332871198654175,0.014331324025988579,0.18796269595623016,0.006532119121402502,0.048630207777023315,0.0031456323340535164,0.03793453797698021,0.0019219941459596157,0.15681995451450348,0.007925473153591156,0.13607195019721985,0.004534835461527109,0.06596493721008301,0.09309516847133636,0.010657335631549358,0.019276132807135582,0.0014565596356987953,0.00015053810784593225,0.04934508353471756,0.15724395215511322,0.07418803125619888,0.1897854208946228,0
GSE290577_core_Patient_62_1,0,0.053189170787736655,1,HE,0.038450200110673904,0.024023160338401794,0.0025708654429763556,0.36028897762298584,0.0016341233858838677,0.15043936669826508,0.011731230653822422,0.016715984791517258,0.0005103542353026569,0.0023748171515762806,0.001024658209644258,0.17048904299736023,0.0015521110035479069,0.027269113808870316,0.0014396755723282695,0.09367921203374863,0.0479104220867157,0.007291714195162058,0.0036063469015061855,0.0008581516449339688,2.627828325785231e-05,0.03188104182481766,0.007330155000090599,0.003416751278564334,0.323215514421463,0
GSE290577_core_Patient_62_2,0,0.02344071748184433,1,HE,0.02640797197818756,0.01134528312832117,0.002739022485911846,0.07955095171928406,0.0020630517974495888,0.12467670440673828,0.000624782289378345,0.005394970998167992,0.0001454381417715922,0.0024485550820827484,0.0001847998792072758,0.02600855939090252,0.001266256207600236,0.023051155731081963,0.0002587807539384812,0.02824562042951584,0.03793266788125038,0.0022993863094598055,0.0032012779265642166,0.00025961603387258947,2.2970448299020063e-06,0.01743227243423462,0.02353561669588089,0.0010100939543917775,0.1659328043460846,0
GSE290577_core_Patient_62_3,0,0.07075930280378089,1,HE,0.05823226273059845,0.05760187283158302,0.005804589483886957,0.4441465139389038,0.002104270039126277,0.14715935289859772,0.006090520415455103,0.03055824153125286,0.0009048450738191605,0.010983088053762913,0.0006594402366317809,0.4105274975299835,0.0020452754106372595,0.04860673099756241,0.0023327930830419064,0.08583495020866394,0.0608958899974823,0.007958175614476204,0.01049086358398199,0.0006681688246317208,1.8628372345119715e-05,0.037763968110084534,0.027402633801102638,0.008644946850836277,0.3015470504760742,0
GSE290577_core_Patient_62_4,0,0.07170519606181187,1,HE,0.06284800171852112,0.12211054563522339,0.0036537733394652605,0.48523643612861633,0.0015485015464946628,0.13245898485183716,0.012595715001225471,0.06337209045886993,0.0017281263135373592,0.008062014356255531,0.0008535690139979124,0.2979001998901367,0.003775949589908123,0.04254433512687683,0.0017885970883071423,0.08977870643138885,0.06696879118680954,0.007090148515999317,0.007949297316372395,0.0011784036178141832,4.04027450713329e-05,0.040483761578798294,0.011266887187957764,0.03042265959084034,0.2969740033149719,0
GSE290577_core_Patient_63_1,1,0.053039845249186326,1,HE,0.03872429206967354,0.05453478544950485,0.0022015338763594627,0.4449772238731384,0.000728502927813679,0.11900985985994339,0.005155129358172417,0.026812758296728134,0.0007635393412783742,0.0026175067760050297,0.0005598285351879895,0.1386166512966156,0.0017378522315993905,0.027540678158402443,0.0003904413606505841,0.07884049415588379,0.049408674240112305,0.0026046070270240307,0.004578110296279192,0.0007202489068731666,1.1474215170892421e-05,0.027123553678393364,0.005622627213597298,0.01609671115875244,0.2766190469264984,0
GSE290577_core_Patient_63_2,1,0.0822465052937332,1,HE,0.09546498209238052,0.3022719919681549,0.0057704634964466095,0.4236030578613281,0.0019140435615554452,0.127736434340477,0.027083683758974075,0.09682392328977585,0.0013976562768220901,0.012845081277191639,0.0010452191345393658,0.27192923426628113,0.006068893242627382,0.05104299634695053,0.0016604766715317965,0.07560208439826965,0.06348744034767151,0.008132332004606724,0.013422091491520405,0.0017353203147649765,3.303905759821646e-05,0.05015463009476662,0.012742188759148121,0.15457884967327118,0.24961651861667633,0
GSE290577_core_Patient_63_3,0,0.06852535039230133,1,HE,0.08265945315361023,0.21002385020256042,0.005153028294444084,0.4288097321987152,0.0010850959224626422,0.09797150641679764,0.005669762380421162,0.1259865015745163,0.0019466396188363433,0.0075040715746581554,0.0004424366634339094,0.0974484384059906,0.005058095324784517,0.034959372133016586,0.0012274490436539054,0.06337995827198029,0.0557103268802166,0.0034881015308201313,0.011223786510527134,0.0007456029416061938,2.1263094822643325e-05,0.028209442272782326,0.014277739450335503,0.19112537801265717,0.23900672793388367,0
GSE290577_core_Patient_63_4,1,0.1727223452553153,1,HE,0.28513577580451965,0.604168713092804,0.01666243001818657,0.6479154229164124,0.003218761645257473,0.15301810204982758,0.0194088127464056,0.2978619635105133,0.004973582923412323,0.06106112152338028,0.0012620806228369474,0.7477468252182007,0.011877182871103287,0.10022544115781784,0.004999821539968252,0.12329430878162384,0.0829000249505043,0.010370584204792976,0.03734419122338295,0.0012641171924769878,7.238821126520634e-05,0.07425413280725479,0.040064726024866104,0.6864989399909973,0.302459180355072,0
GSE290577_core_Patient_64_1,0,0.02119498570892574,1,HE,0.01871945522725582,0.006015248596668243,0.0017301134066656232,0.07259078323841095,0.0009791930206120014,0.11222531646490097,0.0006213217857293785,0.003349294885993004,7.107035344233736e-05,0.0014498131349682808,0.00011085805454058573,0.02118426002562046,0.0005996030522510409,0.012831279076635838,0.00022899983741808683,0.02890220656991005,0.030355552211403847,0.0016086394898593426,0.0021324302069842815,0.00014322639617603272,1.5821221950318431e-06,0.014723480679094791,0.0137287937104702,0.0003376490203663707,0.18523447215557098,0
GSE290577_core_Patient_64_2,0,0.026502152938101063,1,HE,0.01817183382809162,0.007421467918902636,0.0011448691366240382,0.1479163020849228,0.0005986573523841798,0.1035892441868782,0.0006857311818748713,0.003838971722871065,0.00016573288303334266,0.0013578500365838408,8.203853940358385e-05,0.03377927839756012,0.0004612150660250336,0.008199496194720268,0.00045310513814911246,0.04823031648993492,0.028901658952236176,0.0016677251551300287,0.002054541138932109,0.00014710893447045237,4.413066108099883e-06,0.01344878226518631,0.007574932649731636,0.00042109290370717645,0.23223745822906494,0
GSE290577_core_Patient_6_1,1,0.05685090738923464,1,HE,0.04877990484237671,0.09927324205636978,0.004514025058597326,0.350491464138031,0.002642451785504818,0.15331876277923584,0.002397962613031268,0.025368010625243187,0.0004961589002050459,0.006831585429608822,0.0008294773288071156,0.16805307567119598,0.0017241414170712233,0.02893231436610222,0.0014600437134504318,0.09091819822788239,0.05317668989300728,0.0037282276898622513,0.011504813097417355,0.00040338581311516464,1.933390558406245e-05,0.03261655569076538,0.018961293622851372,0.014117103070020676,0.3007144629955292,0
GSE290577_core_Patient_6_2,1,0.070675860190604,1,HE,0.08428482711315155,0.2314607948064804,0.006907252129167318,0.42723631858825684,0.001744066015817225,0.12191314250230789,0.005320723634213209,0.0644320473074913,0.0014228182844817638,0.014752269722521305,0.0005203855689615011,0.2209981232881546,0.0028613272588700056,0.03564421460032463,0.002581238280981779,0.08325272798538208,0.05610368400812149,0.0063997115939855576,0.015720050781965256,0.0005943904398009181,2.08652072615223e-05,0.03429608419537544,0.02460334077477455,0.04886367544531822,0.2749624252319336,0
GSE290577_core_Patient_6_3,1,0.276897696275264,1,HE,0.4656643867492676,0.845874547958374,0.05326603725552559,0.8272302746772766,0.026299260556697845,0.33020901679992676,0.07552521675825119,0.2777869701385498,0.008604501374065876,0.2448514699935913,0.014130588620901108,0.9381580948829651,0.016216591000556946,0.4749777317047119,0.03767979145050049,0.2558337450027466,0.1779518723487854,0.058571722358465195,0.17756140232086182,0.0035312403924763203,0.0005563115701079369,0.2243921458721161,0.2743547558784485,0.6808800101280212,0.4323347210884094,0
GSE290577_core_Patient_6_4,0,0.05574463063487201,1,HE,0.046420153230428696,0.051430922001600266,0.005693818908184767,0.3240845799446106,0.0057944608852267265,0.18017537891864777,0.0029490061569958925,0.0167927797883749,0.0009212466538883746,0.012236318551003933,0.0007004825165495276,0.17080023884773254,0.002115612616762519,0.04393577575683594,0.0021395485382527113,0.08855881541967392,0.0597909651696682,0.006969141773879528,0.011489401571452618,0.0005641517927870154,4.315757178119384e-05,0.03724326565861702,0.03471963480114937,0.0037666980642825365,0.2842802107334137,0
GSE290577_core_Patient_7_1,1,0.12031282341267797,1,HE,0.15559609234333038,0.2642492353916168,0.012778181582689285,0.5765756368637085,0.006689265836030245,0.19597938656806946,0.014306874014437199,0.055964622646570206,0.0018447136972099543,0.03214976191520691,0.0026674463879317045,0.7925542593002319,0.005698899272829294,0.1534115970134735,0.0037463263142853975,0.10296275466680527,0.10515012592077255,0.0123038524761796,0.018287265673279762,0.0012637152103707194,5.6006403610808775e-05,0.06779482960700989,0.05543993413448334,0.07593993097543716,0.2944098711013794,0
GSE290577_core_Patient_7_2,0,0.022847852349909773,1,HE,0.021379129961133003,0.004935771226882935,0.0021416794043034315,0.07398846745491028,0.001501128077507019,0.1204683780670166,0.0004973500035703182,0.0030016645323485136,8.232270192820579e-05,0.002526986412703991,9.687705460237339e-05,0.024864541366696358,0.0007149376906454563,0.014794635586440563,0.00040803730371408165,0.02911878563463688,0.036985304206609726,0.002122810808941722,0.0033835198264569044,0.00013743009185418487,1.607363515176985e-06,0.014837468974292278,0.025963252410292625,0.00033824247657321393,0.18690598011016846,0
GSE290577_core_Patient_7_3,1,0.09208409193481203,1,HE,0.09780427068471909,0.14163243770599365,0.013024190440773964,0.36158692836761475,0.006384877488017082,0.2039230614900589,0.00802155677229166,0.02013498730957508,0.0005498824175447226,0.01788630150258541,0.0021502298768609762,0.7046310901641846,0.003887995146214962,0.10572552680969238,0.002877242397516966,0.08893658965826035,0.0848882645368576,0.01128999050706625,0.011969588696956635,0.0005732482532039285,3.862871017190628e-05,0.06008633226156235,0.09724646061658859,0.00899334717541933,0.24785926938056946,0
GSE290577_core_Patient_8_1,1,0.10403844326734543,1,HE,0.09245705604553223,0.0684993639588356,0.019600922241806984,0.42206457257270813,0.0371403805911541,0.33695369958877563,0.026589615270495415,0.027448076754808426,0.004244562704116106,0.02942514792084694,0.009170623496174812,0.43008074164390564,0.005298636853694916,0.10919252038002014,0.029607977718114853,0.18163450062274933,0.114298015832901,0.038350909948349,0.02712833881378174,0.0038927330169826746,0.0025287263561040163,0.08931329101324081,0.10478512942790985,0.013968300074338913,0.37728723883628845,0
GSE290577_core_Patient_8_2,1,0.28770597728318537,1,HE,0.6188913583755493,0.89696204662323,0.019924312829971313,0.8974676132202148,0.004969092085957527,0.17496193945407867,0.33768776059150696,0.5791399478912354,0.012225689366459846,0.0643455982208252,0.007315478753298521,0.9573063254356384,0.016486912965774536,0.4655672311782837,0.05399550497531891,0.2392878383398056,0.1437862366437912,0.03984812647104263,0.04734758660197258,0.005480644293129444,0.0003144667425658554,0.16011716425418854,0.0517243929207325,0.9667186141014099,0.43077754974365234,0
GSE290577_core_Patient_8_3,1,0.10170731115125818,1,HE,0.08933659642934799,0.09693834185600281,0.007267664186656475,0.6126288771629333,0.0030657451134175062,0.1826818585395813,0.010706564411520958,0.038598183542490005,0.0012467597844079137,0.012041906826198101,0.0010105434339493513,0.6945734620094299,0.00170341064222157,0.06979598104953766,0.0056185307912528515,0.15043067932128906,0.07534550130367279,0.0102623850107193,0.012559276074171066,0.000694067042786628,4.6988534450065345e-05,0.04843159392476082,0.029296476393938065,0.032974954694509506,0.3554264307022095,0
GSE290577_core_Patient_9_1,0,0.07332967374342843,1,HE,0.054000552743673325,0.08561138063669205,0.004226330667734146,0.5403578877449036,0.00210313661955297,0.15207654237747192,0.019870588555932045,0.033753376454114914,0.001269992091692984,0.003855242859572172,0.0019107324769720435,0.2785928547382355,0.004690923728048801,0.05600675195455551,0.001296261791139841,0.08884171396493912,0.07958628982305527,0.006192133296281099,0.005735848564654589,0.0008985624881461263,3.0743973184144124e-05,0.048248760402202606,0.012348401360213757,0.028860708698630333,0.32287612557411194,0
GSE290577_core_Patient_9_2,0,0.042296819554976536,1,HE,0.04773346334695816,0.058963220566511154,0.004763448145240545,0.26787617802619934,0.002790372120216489,0.1195344477891922,0.0016636367654427886,0.0332522913813591,0.0007792866672389209,0.012104489840567112,0.00037534983130171895,0.06877687573432922,0.0035187385510653257,0.05392489209771156,0.0014081172412261367,0.033007316291332245,0.07112594693899155,0.003423771122470498,0.006536660250276327,0.000329929607687518,1.04072878457373e-05,0.02538578398525715,0.04867316037416458,0.014206403866410255,0.17725630104541779,0
GSE290577_core_Patient_9_3,0,0.04935287491513009,1,HE,0.05784052237868309,0.06283659487962723,0.0033841754775494337,0.3291216194629669,0.002109597437083721,0.12703117728233337,0.0036666826345026493,0.026443669572472572,0.0005742440698668361,0.006332968827337027,0.0003941853647120297,0.1581822782754898,0.0020801059436053038,0.049316056072711945,0.0017492756014689803,0.04821809381246567,0.0593184269964695,0.0043914709240198135,0.004937870893627405,0.00037968362448737025,1.2075086488039233e-05,0.027812868356704712,0.024902015924453735,0.014249688014388084,0.21853652596473694,0
