
Load Dataset
label column: label
label dictionary: {0: 0, 1: 1}
number of classes: 2
slide-level counts:  
 label
1      47
0    1031
Name: count, dtype: int64
Patient-LVL; Number of samples registered in class 0: 101
Slide-LVL; Number of samples registered in class 0: 1031
Patient-LVL; Number of samples registered in class 1: 14
Slide-LVL; Number of samples registered in class 1: 47
split_dir:  /home/jupyter/image_team/projects/SMC_MIL/cohorts/smc_future_v1/next_biopsy_significant/seed_11
################# Settings ###################
num_splits:  5
k_start:  -1
k_end:  -1
task:  task_smc_acr_binary_0r1r_vs_2r3r
max_epochs:  50
early_stop_patience:  10
early_stop_min_epoch:  10
results_dir:  /home/jupyter/image_team/projects/SMC_MIL/results/smc_future_v1
lr:  0.0002
experiment:  next_biopsy_significant_he_geometry
reg:  1e-05
label_frac:  1.0
bag_loss:  ce
seed:  11
model_type:  clam_sb
model_size:  small
use_drop_out:  0.25
weighted_sample:  True
opt:  adam
bag_weight:  0.7
inst_loss:  svm
B:  8
split_dir:  /home/jupyter/image_team/projects/SMC_MIL/cohorts/smc_future_v1/next_biopsy_significant/seed_11
HE augmentation: {"fold": 0, "seed": 11, "train_slides": 851, "eligible_he_train": 46, "unchanged_train": 805, "policy": "geometry", "total_views": 2, "he_original_probability": 0.5, "view_seed": 20272017, "val_test_original_only": true, "split_sha256": "46408034e7af50b780625a7085804577a329f92aeb652a4cb3ad12837892c0a6", "validation_used_for_checkpoint_selection": true, "independent_final_test": false}

Training Fold 0!

Init train/val/test splits... 
Done!
Training on 851 samples
Validating on 227 samples
Testing on 0 samples

Init loss function... Done!

Init Model... Setting tau to 1.0
Done!
CLAM_SB(
  (attention_net): Sequential(
    (0): Linear(in_features=1536, out_features=512, bias=True)
    (1): ReLU()
    (2): Dropout(p=0.25, inplace=False)
    (3): Attn_Net_Gated(
      (attention_a): Sequential(
        (0): Linear(in_features=512, out_features=256, bias=True)
        (1): Tanh()
        (2): Dropout(p=0.25, inplace=False)
      )
      (attention_b): Sequential(
        (0): Linear(in_features=512, out_features=256, bias=True)
        (1): Sigmoid()
        (2): Dropout(p=0.25, inplace=False)
      )
      (attention_c): Linear(in_features=256, out_features=1, bias=True)
    )
  )
  (classifiers): Linear(in_features=512, out_features=2, bias=True)
  (instance_classifiers): ModuleList(
    (0-1): 2 x Linear(in_features=512, out_features=2, bias=True)
  )
  (instance_loss_fn): SmoothTop1SVM()
)
Total number of parameters: 1052935
Total number of trainable parameters: 1052935

Init optimizer ... Done!

Init Loaders... Done!

Setup EarlyStopping... Done!


batch 19, loss: 0.4862, instance_loss: 0.8176, weighted_loss: 0.5856, label: 0, bag_size: 14853
batch 39, loss: 0.6542, instance_loss: 0.4671, weighted_loss: 0.5981, label: 1, bag_size: 12989
batch 59, loss: 0.4047, instance_loss: 0.0630, weighted_loss: 0.3022, label: 0, bag_size: 5157
batch 79, loss: 0.6160, instance_loss: 0.0327, weighted_loss: 0.4410, label: 0, bag_size: 3616
batch 99, loss: 0.4281, instance_loss: 0.0334, weighted_loss: 0.3097, label: 0, bag_size: 4280
batch 119, loss: 0.9197, instance_loss: 0.0089, weighted_loss: 0.6465, label: 0, bag_size: 3958
batch 139, loss: 0.4611, instance_loss: 0.0259, weighted_loss: 0.3305, label: 0, bag_size: 9759
batch 159, loss: 0.8151, instance_loss: 0.0305, weighted_loss: 0.5797, label: 0, bag_size: 5536
batch 179, loss: 0.8913, instance_loss: 0.0756, weighted_loss: 0.6466, label: 1, bag_size: 6023
batch 199, loss: 0.3401, instance_loss: 0.0263, weighted_loss: 0.2460, label: 0, bag_size: 3176
batch 219, loss: 0.7470, instance_loss: 1.7900, weighted_loss: 1.0599, label: 1, bag_size: 14528
batch 239, loss: 0.7357, instance_loss: 0.2218, weighted_loss: 0.5815, label: 1, bag_size: 5906
batch 259, loss: 0.3944, instance_loss: 0.0234, weighted_loss: 0.2831, label: 1, bag_size: 22042
batch 279, loss: 0.0405, instance_loss: 0.0119, weighted_loss: 0.0319, label: 1, bag_size: 13571
batch 299, loss: 0.7228, instance_loss: 0.0274, weighted_loss: 0.5142, label: 1, bag_size: 5828
batch 319, loss: 0.8662, instance_loss: 0.0000, weighted_loss: 0.6064, label: 0, bag_size: 18431
batch 339, loss: 0.6377, instance_loss: 0.0222, weighted_loss: 0.4531, label: 0, bag_size: 3550
batch 359, loss: 0.4174, instance_loss: 0.0375, weighted_loss: 0.3034, label: 1, bag_size: 1140
batch 379, loss: 0.1929, instance_loss: 0.0666, weighted_loss: 0.1551, label: 0, bag_size: 14711
batch 399, loss: 0.8116, instance_loss: 0.0227, weighted_loss: 0.5749, label: 1, bag_size: 5828
batch 419, loss: 0.2998, instance_loss: 0.0009, weighted_loss: 0.2101, label: 0, bag_size: 14354
batch 439, loss: 0.2476, instance_loss: 0.0003, weighted_loss: 0.1734, label: 0, bag_size: 26941
batch 459, loss: 0.6168, instance_loss: 0.0185, weighted_loss: 0.4373, label: 1, bag_size: 9833
batch 479, loss: 0.7221, instance_loss: 0.0585, weighted_loss: 0.5231, label: 1, bag_size: 3628
batch 499, loss: 0.3917, instance_loss: 0.0132, weighted_loss: 0.2781, label: 1, bag_size: 2853
batch 519, loss: 0.0378, instance_loss: 0.0029, weighted_loss: 0.0274, label: 1, bag_size: 4563
batch 539, loss: 0.0168, instance_loss: 0.0004, weighted_loss: 0.0119, label: 0, bag_size: 2837
batch 559, loss: 1.0222, instance_loss: 0.0062, weighted_loss: 0.7174, label: 1, bag_size: 3354
batch 579, loss: 0.0812, instance_loss: 0.0031, weighted_loss: 0.0578, label: 1, bag_size: 2644
batch 599, loss: 0.0517, instance_loss: 0.0143, weighted_loss: 0.0405, label: 0, bag_size: 8863
batch 619, loss: 0.3311, instance_loss: 0.0042, weighted_loss: 0.2330, label: 1, bag_size: 5828
batch 639, loss: 0.4621, instance_loss: 0.0052, weighted_loss: 0.3251, label: 0, bag_size: 5164
batch 659, loss: 0.5832, instance_loss: 0.0093, weighted_loss: 0.4110, label: 0, bag_size: 3547
batch 679, loss: 0.0160, instance_loss: 0.0000, weighted_loss: 0.0112, label: 0, bag_size: 13470
batch 699, loss: 0.8136, instance_loss: 0.0063, weighted_loss: 0.5714, label: 1, bag_size: 5828
batch 719, loss: 1.0127, instance_loss: 0.0007, weighted_loss: 0.7091, label: 1, bag_size: 18621
batch 739, loss: 0.3805, instance_loss: 0.0151, weighted_loss: 0.2709, label: 0, bag_size: 6943
batch 759, loss: 0.0507, instance_loss: 0.0031, weighted_loss: 0.0365, label: 1, bag_size: 3628
batch 779, loss: 0.0701, instance_loss: 0.0010, weighted_loss: 0.0493, label: 1, bag_size: 21609
batch 799, loss: 0.1033, instance_loss: 0.0000, weighted_loss: 0.0723, label: 0, bag_size: 3857
batch 819, loss: 0.6433, instance_loss: 0.0054, weighted_loss: 0.4519, label: 1, bag_size: 3354
batch 839, loss: 0.8103, instance_loss: 0.0048, weighted_loss: 0.5686, label: 1, bag_size: 2853


class 0 clustering acc 0.9735605170387779: correct 6628/6808
class 1 clustering acc 0.9919212690951822: correct 6753/6808
Epoch: 0, train_loss: 0.5497, train_clustering_loss:  0.1143, train_error: 0.3196
class 0: acc 0.7086247086247086, correct 304/429
class 1: acc 0.6516587677725119, correct 275/422

Val Set, val_loss: 0.4683, val_error: 0.1674, auc: 0.6227
class 0 clustering acc 1.0: correct 1816/1816
class 1 clustering acc 1.0: correct 1816/1816
class 0: acc 0.8454545454545455, correct 186/220
class 1: acc 0.42857142857142855, correct 3/7
Validation loss decreased (inf --> 0.468272).  Saving model ...


batch 19, loss: 1.4784, instance_loss: 0.0000, weighted_loss: 1.0349, label: 0, bag_size: 15693
batch 39, loss: 0.5042, instance_loss: 0.0018, weighted_loss: 0.3535, label: 1, bag_size: 4516
batch 59, loss: 1.8775, instance_loss: 0.0000, weighted_loss: 1.3142, label: 0, bag_size: 21888
batch 79, loss: 0.0015, instance_loss: 0.0013, weighted_loss: 0.0014, label: 0, bag_size: 16717
batch 99, loss: 0.4712, instance_loss: 0.0015, weighted_loss: 0.3303, label: 1, bag_size: 5082
batch 119, loss: 0.2488, instance_loss: 0.0006, weighted_loss: 0.1744, label: 1, bag_size: 12989
batch 139, loss: 0.2610, instance_loss: 0.0017, weighted_loss: 0.1832, label: 0, bag_size: 1994
batch 159, loss: 0.1321, instance_loss: 0.0002, weighted_loss: 0.0925, label: 1, bag_size: 18621
batch 179, loss: 0.2948, instance_loss: 0.0018, weighted_loss: 0.2069, label: 0, bag_size: 1199
batch 199, loss: 0.7782, instance_loss: 0.0074, weighted_loss: 0.5470, label: 1, bag_size: 5828
batch 219, loss: 0.7176, instance_loss: 0.0011, weighted_loss: 0.5026, label: 0, bag_size: 8932
batch 239, loss: 0.3082, instance_loss: 0.0004, weighted_loss: 0.2158, label: 1, bag_size: 14528
batch 259, loss: 0.6993, instance_loss: 0.0223, weighted_loss: 0.4962, label: 0, bag_size: 2060
batch 279, loss: 0.0517, instance_loss: 0.0002, weighted_loss: 0.0362, label: 0, bag_size: 17843
batch 299, loss: 0.3827, instance_loss: 0.0028, weighted_loss: 0.2687, label: 0, bag_size: 14037
batch 319, loss: 0.1713, instance_loss: 0.0000, weighted_loss: 0.1199, label: 0, bag_size: 20190
batch 339, loss: 0.5968, instance_loss: 0.0014, weighted_loss: 0.4182, label: 1, bag_size: 4760
batch 359, loss: 0.6381, instance_loss: 0.0135, weighted_loss: 0.4507, label: 1, bag_size: 6023
batch 379, loss: 0.1308, instance_loss: 0.0020, weighted_loss: 0.0921, label: 0, bag_size: 5154
batch 399, loss: 0.2079, instance_loss: 0.0002, weighted_loss: 0.1456, label: 1, bag_size: 4516
batch 419, loss: 0.5235, instance_loss: 0.0017, weighted_loss: 0.3670, label: 0, bag_size: 5487
batch 439, loss: 0.1313, instance_loss: 0.0000, weighted_loss: 0.0919, label: 0, bag_size: 20467
batch 459, loss: 0.2845, instance_loss: 0.0041, weighted_loss: 0.2004, label: 1, bag_size: 5828
batch 479, loss: 0.4760, instance_loss: 0.0000, weighted_loss: 0.3332, label: 0, bag_size: 17060
batch 499, loss: 0.0222, instance_loss: 0.0023, weighted_loss: 0.0162, label: 0, bag_size: 13621
batch 519, loss: 0.0671, instance_loss: 0.0036, weighted_loss: 0.0480, label: 0, bag_size: 3490
batch 539, loss: 0.3202, instance_loss: 0.0061, weighted_loss: 0.2260, label: 1, bag_size: 3354
batch 559, loss: 0.4063, instance_loss: 0.0019, weighted_loss: 0.2850, label: 0, bag_size: 4259
batch 579, loss: 2.1251, instance_loss: 0.0002, weighted_loss: 1.4876, label: 0, bag_size: 8932
batch 599, loss: 0.2549, instance_loss: 0.0003, weighted_loss: 0.1785, label: 1, bag_size: 1140
batch 619, loss: 0.0053, instance_loss: 0.0000, weighted_loss: 0.0037, label: 1, bag_size: 6028
batch 639, loss: 0.0960, instance_loss: 0.0002, weighted_loss: 0.0673, label: 1, bag_size: 18621
batch 659, loss: 0.0049, instance_loss: 0.0047, weighted_loss: 0.0048, label: 0, bag_size: 13564
batch 679, loss: 0.0029, instance_loss: 0.0000, weighted_loss: 0.0020, label: 1, bag_size: 15079
batch 699, loss: 0.0578, instance_loss: 0.0010, weighted_loss: 0.0408, label: 1, bag_size: 3354
batch 719, loss: 0.1154, instance_loss: 0.0015, weighted_loss: 0.0812, label: 0, bag_size: 4349
batch 739, loss: 0.3138, instance_loss: 0.0028, weighted_loss: 0.2205, label: 1, bag_size: 10180
batch 759, loss: 0.0204, instance_loss: 0.0012, weighted_loss: 0.0147, label: 0, bag_size: 4309
batch 779, loss: 0.1856, instance_loss: 0.0004, weighted_loss: 0.1300, label: 1, bag_size: 2671
batch 799, loss: 0.4160, instance_loss: 0.0680, weighted_loss: 0.3116, label: 1, bag_size: 3411
batch 819, loss: 0.1676, instance_loss: 0.0139, weighted_loss: 0.1215, label: 0, bag_size: 6050
batch 839, loss: 0.0429, instance_loss: 0.0007, weighted_loss: 0.0303, label: 1, bag_size: 4276


class 0 clustering acc 0.9998531139835488: correct 6807/6808
class 1 clustering acc 1.0: correct 6808/6808
Epoch: 1, train_loss: 0.3767, train_clustering_loss:  0.0035, train_error: 0.1657
class 0: acc 0.8060453400503779, correct 320/397
class 1: acc 0.8590308370044053, correct 390/454

Val Set, val_loss: 0.6874, val_error: 0.2952, auc: 0.5584
class 0 clustering acc 1.0: correct 1816/1816
class 1 clustering acc 1.0: correct 1816/1816
class 0: acc 0.7181818181818181, correct 158/220
class 1: acc 0.2857142857142857, correct 2/7
EarlyStopping counter: 1 out of 10


batch 19, loss: 0.1852, instance_loss: 0.0000, weighted_loss: 0.1296, label: 1, bag_size: 5082
batch 39, loss: 0.0123, instance_loss: 0.0039, weighted_loss: 0.0098, label: 1, bag_size: 4492
batch 59, loss: 0.5035, instance_loss: 0.0022, weighted_loss: 0.3531, label: 1, bag_size: 3354
batch 79, loss: 0.0796, instance_loss: 0.0000, weighted_loss: 0.0558, label: 1, bag_size: 22399
batch 99, loss: 0.0272, instance_loss: 0.0002, weighted_loss: 0.0191, label: 1, bag_size: 2637
batch 119, loss: 0.0852, instance_loss: 0.0018, weighted_loss: 0.0602, label: 0, bag_size: 4983
batch 139, loss: 1.0399, instance_loss: 0.0097, weighted_loss: 0.7308, label: 1, bag_size: 4492
batch 159, loss: 0.0196, instance_loss: 0.0013, weighted_loss: 0.0141, label: 1, bag_size: 4492
batch 179, loss: 0.1148, instance_loss: 0.0000, weighted_loss: 0.0804, label: 1, bag_size: 2853
batch 199, loss: 0.5113, instance_loss: 0.0011, weighted_loss: 0.3582, label: 0, bag_size: 12866
batch 219, loss: 0.2024, instance_loss: 0.0006, weighted_loss: 0.1419, label: 1, bag_size: 10371
batch 239, loss: 0.1011, instance_loss: 0.1123, weighted_loss: 0.1044, label: 0, bag_size: 3066
batch 259, loss: 0.2342, instance_loss: 0.0006, weighted_loss: 0.1641, label: 1, bag_size: 7879
batch 279, loss: 0.1603, instance_loss: 0.0008, weighted_loss: 0.1125, label: 0, bag_size: 3019
batch 299, loss: 0.0196, instance_loss: 0.0006, weighted_loss: 0.0139, label: 0, bag_size: 1698
batch 319, loss: 0.3131, instance_loss: 0.0014, weighted_loss: 0.2196, label: 1, bag_size: 2853
batch 339, loss: 0.0020, instance_loss: 0.0000, weighted_loss: 0.0014, label: 1, bag_size: 6028
batch 359, loss: 0.0133, instance_loss: 0.0078, weighted_loss: 0.0116, label: 0, bag_size: 1979
batch 379, loss: 0.0060, instance_loss: 0.0003, weighted_loss: 0.0043, label: 1, bag_size: 13571
batch 399, loss: 0.0015, instance_loss: 0.0010, weighted_loss: 0.0013, label: 0, bag_size: 9786
batch 419, loss: 0.0016, instance_loss: 0.0000, weighted_loss: 0.0012, label: 1, bag_size: 2644
batch 439, loss: 0.2321, instance_loss: 0.1436, weighted_loss: 0.2055, label: 0, bag_size: 3346
batch 459, loss: 0.0242, instance_loss: 0.0000, weighted_loss: 0.0169, label: 1, bag_size: 15079
batch 479, loss: 0.0013, instance_loss: 0.0006, weighted_loss: 0.0011, label: 0, bag_size: 4256
batch 499, loss: 0.5368, instance_loss: 0.0011, weighted_loss: 0.3761, label: 1, bag_size: 4276
batch 519, loss: 0.0045, instance_loss: 0.0000, weighted_loss: 0.0032, label: 0, bag_size: 17359
batch 539, loss: 0.0347, instance_loss: 0.0003, weighted_loss: 0.0243, label: 0, bag_size: 14968
batch 559, loss: 0.0114, instance_loss: 0.0000, weighted_loss: 0.0080, label: 0, bag_size: 12484
batch 579, loss: 0.3687, instance_loss: 0.0000, weighted_loss: 0.2581, label: 1, bag_size: 15079
batch 599, loss: 0.0908, instance_loss: 0.0000, weighted_loss: 0.0636, label: 1, bag_size: 12989
batch 619, loss: 0.0313, instance_loss: 0.0012, weighted_loss: 0.0222, label: 0, bag_size: 6449
batch 639, loss: 0.0943, instance_loss: 0.0000, weighted_loss: 0.0660, label: 1, bag_size: 14763
batch 659, loss: 0.0042, instance_loss: 0.0007, weighted_loss: 0.0031, label: 1, bag_size: 10180
batch 679, loss: 0.0156, instance_loss: 0.0011, weighted_loss: 0.0112, label: 1, bag_size: 5906
batch 699, loss: 0.0429, instance_loss: 0.0007, weighted_loss: 0.0303, label: 1, bag_size: 5906
batch 719, loss: 0.0196, instance_loss: 0.0000, weighted_loss: 0.0137, label: 1, bag_size: 2644
batch 739, loss: 0.0036, instance_loss: 0.0025, weighted_loss: 0.0032, label: 1, bag_size: 4492
batch 759, loss: 0.0204, instance_loss: 0.0002, weighted_loss: 0.0143, label: 1, bag_size: 4516
batch 779, loss: 0.0145, instance_loss: 0.0000, weighted_loss: 0.0102, label: 1, bag_size: 22871
batch 799, loss: 0.0612, instance_loss: 0.0006, weighted_loss: 0.0430, label: 0, bag_size: 3064
batch 819, loss: 0.0005, instance_loss: 0.0005, weighted_loss: 0.0005, label: 0, bag_size: 16888
batch 839, loss: 0.0221, instance_loss: 0.0000, weighted_loss: 0.0155, label: 1, bag_size: 21609


class 0 clustering acc 1.0: correct 6808/6808
class 1 clustering acc 1.0: correct 6808/6808
Epoch: 2, train_loss: 0.2021, train_clustering_loss:  0.0026, train_error: 0.0858
class 0: acc 0.8905109489051095, correct 366/411
class 1: acc 0.9363636363636364, correct 412/440

Val Set, val_loss: 0.3946, val_error: 0.1938, auc: 0.6403
class 0 clustering acc 1.0: correct 1816/1816
class 1 clustering acc 1.0: correct 1816/1816
class 0: acc 0.8227272727272728, correct 181/220
class 1: acc 0.2857142857142857, correct 2/7
Validation loss decreased (0.468272 --> 0.394596).  Saving model ...


batch 19, loss: 0.0269, instance_loss: 0.0000, weighted_loss: 0.0188, label: 0, bag_size: 18431
batch 39, loss: 0.8546, instance_loss: 0.0000, weighted_loss: 0.5982, label: 1, bag_size: 4760
batch 59, loss: 0.1207, instance_loss: 0.0000, weighted_loss: 0.0845, label: 1, bag_size: 18621
batch 79, loss: 0.0002, instance_loss: 0.0000, weighted_loss: 0.0001, label: 0, bag_size: 17334
batch 99, loss: 0.0005, instance_loss: 0.0000, weighted_loss: 0.0003, label: 1, bag_size: 13571
batch 119, loss: 0.0016, instance_loss: 0.0000, weighted_loss: 0.0011, label: 0, bag_size: 2009
batch 139, loss: 0.0001, instance_loss: 0.0000, weighted_loss: 0.0001, label: 0, bag_size: 21267
batch 159, loss: 0.9494, instance_loss: 0.0000, weighted_loss: 0.6646, label: 0, bag_size: 25478
batch 179, loss: 0.0004, instance_loss: 0.0009, weighted_loss: 0.0006, label: 0, bag_size: 18329
batch 199, loss: 0.0054, instance_loss: 0.0002, weighted_loss: 0.0039, label: 0, bag_size: 9834
batch 219, loss: 0.0040, instance_loss: 0.0003, weighted_loss: 0.0029, label: 1, bag_size: 3628
batch 239, loss: 0.0318, instance_loss: 0.0000, weighted_loss: 0.0223, label: 1, bag_size: 14528
batch 259, loss: 0.0258, instance_loss: 0.0002, weighted_loss: 0.0181, label: 1, bag_size: 21609
batch 279, loss: 0.1005, instance_loss: 0.0031, weighted_loss: 0.0713, label: 1, bag_size: 2644
batch 299, loss: 0.0008, instance_loss: 0.0015, weighted_loss: 0.0010, label: 0, bag_size: 9848
batch 319, loss: 0.0058, instance_loss: 0.0195, weighted_loss: 0.0099, label: 1, bag_size: 2853
batch 339, loss: 0.0356, instance_loss: 0.0000, weighted_loss: 0.0249, label: 1, bag_size: 14414
batch 359, loss: 0.0113, instance_loss: 0.0000, weighted_loss: 0.0079, label: 0, bag_size: 12439
batch 379, loss: 0.0001, instance_loss: 0.0022, weighted_loss: 0.0007, label: 0, bag_size: 3642
batch 399, loss: 0.0021, instance_loss: 0.0000, weighted_loss: 0.0015, label: 1, bag_size: 4563
batch 419, loss: 0.0001, instance_loss: 0.0000, weighted_loss: 0.0001, label: 0, bag_size: 14428
batch 439, loss: 0.0001, instance_loss: 0.0000, weighted_loss: 0.0001, label: 0, bag_size: 16673
batch 459, loss: 0.0017, instance_loss: 0.0019, weighted_loss: 0.0018, label: 1, bag_size: 10180
batch 479, loss: 0.0028, instance_loss: 0.0145, weighted_loss: 0.0063, label: 1, bag_size: 3411
batch 499, loss: 0.2279, instance_loss: 0.0000, weighted_loss: 0.1595, label: 1, bag_size: 2671
batch 519, loss: 0.0837, instance_loss: 0.0000, weighted_loss: 0.0586, label: 0, bag_size: 6081
batch 539, loss: 0.0073, instance_loss: 0.0003, weighted_loss: 0.0052, label: 1, bag_size: 1140
batch 559, loss: 0.0245, instance_loss: 0.0088, weighted_loss: 0.0198, label: 0, bag_size: 10277
batch 579, loss: 0.0162, instance_loss: 0.0000, weighted_loss: 0.0114, label: 0, bag_size: 4061
batch 599, loss: 0.0123, instance_loss: 0.0000, weighted_loss: 0.0086, label: 1, bag_size: 5828
batch 619, loss: 0.0083, instance_loss: 0.0011, weighted_loss: 0.0062, label: 0, bag_size: 12447
batch 639, loss: 0.0016, instance_loss: 0.0064, weighted_loss: 0.0031, label: 1, bag_size: 6023
batch 659, loss: 0.0118, instance_loss: 0.0029, weighted_loss: 0.0091, label: 0, bag_size: 16076
batch 679, loss: 0.0400, instance_loss: 0.0010, weighted_loss: 0.0283, label: 0, bag_size: 2865
batch 699, loss: 0.0030, instance_loss: 0.0000, weighted_loss: 0.0021, label: 0, bag_size: 13522
batch 719, loss: 0.0046, instance_loss: 0.0000, weighted_loss: 0.0032, label: 1, bag_size: 4276
batch 739, loss: 0.0084, instance_loss: 0.0106, weighted_loss: 0.0090, label: 1, bag_size: 3411
batch 759, loss: 0.0023, instance_loss: 0.0004, weighted_loss: 0.0017, label: 0, bag_size: 3701
batch 779, loss: 0.0015, instance_loss: 0.0000, weighted_loss: 0.0011, label: 1, bag_size: 14414
batch 799, loss: 0.0002, instance_loss: 0.0022, weighted_loss: 0.0008, label: 1, bag_size: 3024
batch 819, loss: 0.0066, instance_loss: 0.0012, weighted_loss: 0.0050, label: 0, bag_size: 3228
batch 839, loss: 0.0002, instance_loss: 0.0160, weighted_loss: 0.0049, label: 1, bag_size: 6023


class 0 clustering acc 0.9997062279670975: correct 6806/6808
class 1 clustering acc 1.0: correct 6808/6808
Epoch: 3, train_loss: 0.0743, train_clustering_loss:  0.0023, train_error: 0.0223
class 0: acc 0.9756637168141593, correct 441/452
class 1: acc 0.9799498746867168, correct 391/399

Val Set, val_loss: 0.3902, val_error: 0.1410, auc: 0.5779
class 0 clustering acc 1.0: correct 1816/1816
class 1 clustering acc 1.0: correct 1816/1816
class 0: acc 0.8772727272727273, correct 193/220
class 1: acc 0.2857142857142857, correct 2/7
Validation loss decreased (0.394596 --> 0.390186).  Saving model ...


batch 19, loss: 0.0006, instance_loss: 0.0025, weighted_loss: 0.0011, label: 1, bag_size: 9833
batch 39, loss: 0.0169, instance_loss: 0.0008, weighted_loss: 0.0120, label: 1, bag_size: 2644
batch 59, loss: 0.0004, instance_loss: 0.0015, weighted_loss: 0.0007, label: 0, bag_size: 1732
batch 79, loss: 0.0106, instance_loss: 0.0000, weighted_loss: 0.0074, label: 1, bag_size: 12989
batch 99, loss: 0.0007, instance_loss: 0.0000, weighted_loss: 0.0005, label: 0, bag_size: 2770
batch 119, loss: 0.0064, instance_loss: 0.0000, weighted_loss: 0.0045, label: 1, bag_size: 15079
batch 139, loss: 0.0001, instance_loss: 0.0000, weighted_loss: 0.0001, label: 0, bag_size: 14711
batch 159, loss: 0.0003, instance_loss: 0.0000, weighted_loss: 0.0002, label: 0, bag_size: 8270
batch 179, loss: 4.8341, instance_loss: 0.0000, weighted_loss: 3.3839, label: 0, bag_size: 13046
batch 199, loss: 0.0194, instance_loss: 0.0000, weighted_loss: 0.0136, label: 1, bag_size: 3621
batch 219, loss: 0.0121, instance_loss: 0.0000, weighted_loss: 0.0085, label: 1, bag_size: 3621
batch 239, loss: 0.0009, instance_loss: 0.0000, weighted_loss: 0.0006, label: 1, bag_size: 14414
batch 259, loss: 0.0002, instance_loss: 0.0000, weighted_loss: 0.0001, label: 0, bag_size: 16323
batch 279, loss: 0.0199, instance_loss: 0.0012, weighted_loss: 0.0143, label: 0, bag_size: 17359
batch 299, loss: 0.0144, instance_loss: 0.0000, weighted_loss: 0.0101, label: 1, bag_size: 3621
batch 319, loss: 0.0001, instance_loss: 0.0000, weighted_loss: 0.0001, label: 0, bag_size: 2936
batch 339, loss: 0.0360, instance_loss: 0.0003, weighted_loss: 0.0253, label: 0, bag_size: 3382
batch 359, loss: 0.0040, instance_loss: 0.0008, weighted_loss: 0.0030, label: 0, bag_size: 3842
batch 379, loss: 0.0000, instance_loss: 0.0000, weighted_loss: 0.0000, label: 0, bag_size: 23082
batch 399, loss: 0.0028, instance_loss: 0.0002, weighted_loss: 0.0020, label: 1, bag_size: 14414
batch 419, loss: 0.0009, instance_loss: 0.0000, weighted_loss: 0.0006, label: 0, bag_size: 14968
batch 439, loss: 0.0098, instance_loss: 0.0000, weighted_loss: 0.0068, label: 1, bag_size: 5828
batch 459, loss: 0.0082, instance_loss: 0.0000, weighted_loss: 0.0057, label: 1, bag_size: 22399
batch 479, loss: 0.0028, instance_loss: 0.0067, weighted_loss: 0.0039, label: 0, bag_size: 1114
batch 499, loss: 0.0000, instance_loss: 0.0000, weighted_loss: 0.0000, label: 0, bag_size: 17328
batch 519, loss: 0.0093, instance_loss: 0.0003, weighted_loss: 0.0066, label: 1, bag_size: 22871
batch 539, loss: 0.0046, instance_loss: 0.0007, weighted_loss: 0.0034, label: 0, bag_size: 6563
batch 559, loss: 0.0007, instance_loss: 0.0004, weighted_loss: 0.0006, label: 0, bag_size: 1863
batch 579, loss: 0.0596, instance_loss: 0.0000, weighted_loss: 0.0417, label: 1, bag_size: 5828
batch 599, loss: 0.0040, instance_loss: 0.0026, weighted_loss: 0.0036, label: 0, bag_size: 1183
batch 619, loss: 0.0005, instance_loss: 0.0000, weighted_loss: 0.0003, label: 0, bag_size: 4760
batch 639, loss: 0.0007, instance_loss: 0.0000, weighted_loss: 0.0005, label: 0, bag_size: 3129
batch 659, loss: 0.0031, instance_loss: 0.0003, weighted_loss: 0.0023, label: 1, bag_size: 2644
batch 679, loss: 0.0007, instance_loss: 0.0017, weighted_loss: 0.0010, label: 0, bag_size: 5180
batch 699, loss: 0.0033, instance_loss: 0.0014, weighted_loss: 0.0027, label: 0, bag_size: 2311
batch 719, loss: 0.0119, instance_loss: 0.0027, weighted_loss: 0.0091, label: 0, bag_size: 9159
batch 739, loss: 0.0000, instance_loss: 0.0000, weighted_loss: 0.0000, label: 0, bag_size: 6399
batch 759, loss: 0.0059, instance_loss: 0.0035, weighted_loss: 0.0052, label: 0, bag_size: 3130
batch 779, loss: 0.0179, instance_loss: 0.0000, weighted_loss: 0.0125, label: 1, bag_size: 13646
batch 799, loss: 0.0002, instance_loss: 0.0007, weighted_loss: 0.0004, label: 0, bag_size: 2418
batch 819, loss: 0.0307, instance_loss: 0.0000, weighted_loss: 0.0215, label: 1, bag_size: 4516
batch 839, loss: 0.1705, instance_loss: 0.0000, weighted_loss: 0.1194, label: 1, bag_size: 14763


class 0 clustering acc 0.9998531139835488: correct 6807/6808
class 1 clustering acc 1.0: correct 6808/6808
Epoch: 4, train_loss: 0.0753, train_clustering_loss:  0.0014, train_error: 0.0200
class 0: acc 0.9761904761904762, correct 410/420
class 1: acc 0.9837587006960556, correct 424/431

Val Set, val_loss: 0.7967, val_error: 0.2335, auc: 0.5506
class 0 clustering acc 1.0: correct 1816/1816
class 1 clustering acc 1.0: correct 1816/1816
class 0: acc 0.7818181818181819, correct 172/220
class 1: acc 0.2857142857142857, correct 2/7
EarlyStopping counter: 1 out of 10


batch 19, loss: 0.0017, instance_loss: 0.0000, weighted_loss: 0.0012, label: 1, bag_size: 5082
batch 39, loss: 0.0229, instance_loss: 0.0044, weighted_loss: 0.0173, label: 1, bag_size: 2853
batch 59, loss: 0.0099, instance_loss: 0.0000, weighted_loss: 0.0069, label: 1, bag_size: 18621
batch 79, loss: 0.0117, instance_loss: 0.0008, weighted_loss: 0.0085, label: 1, bag_size: 9833
batch 99, loss: 0.0070, instance_loss: 0.0000, weighted_loss: 0.0049, label: 1, bag_size: 13571
batch 119, loss: 0.0237, instance_loss: 0.0000, weighted_loss: 0.0166, label: 1, bag_size: 16197
batch 139, loss: 0.0572, instance_loss: 0.0000, weighted_loss: 0.0401, label: 1, bag_size: 14528
batch 159, loss: 0.0000, instance_loss: 0.0000, weighted_loss: 0.0000, label: 0, bag_size: 1901
batch 179, loss: 0.0007, instance_loss: 0.0034, weighted_loss: 0.0015, label: 1, bag_size: 3024
batch 199, loss: 0.0673, instance_loss: 0.0000, weighted_loss: 0.0471, label: 0, bag_size: 6934
batch 219, loss: 0.0002, instance_loss: 0.0065, weighted_loss: 0.0021, label: 1, bag_size: 3354
batch 239, loss: 2.6438, instance_loss: 0.0000, weighted_loss: 1.8507, label: 1, bag_size: 22624
batch 259, loss: 0.0032, instance_loss: 0.0000, weighted_loss: 0.0022, label: 1, bag_size: 4563
batch 279, loss: 0.1011, instance_loss: 0.0000, weighted_loss: 0.0708, label: 0, bag_size: 15045
batch 299, loss: 0.0062, instance_loss: 0.0000, weighted_loss: 0.0044, label: 0, bag_size: 6611
batch 319, loss: 0.3187, instance_loss: 0.0000, weighted_loss: 0.2231, label: 1, bag_size: 13646
batch 339, loss: 0.0007, instance_loss: 0.0000, weighted_loss: 0.0005, label: 0, bag_size: 7304
batch 359, loss: 0.0091, instance_loss: 0.0000, weighted_loss: 0.0064, label: 0, bag_size: 2530
batch 379, loss: 0.0016, instance_loss: 0.0000, weighted_loss: 0.0011, label: 0, bag_size: 18734
batch 399, loss: 0.6200, instance_loss: 0.0000, weighted_loss: 0.4340, label: 0, bag_size: 19660
batch 419, loss: 0.1145, instance_loss: 0.0000, weighted_loss: 0.0802, label: 0, bag_size: 3839
batch 439, loss: 0.0007, instance_loss: 0.0000, weighted_loss: 0.0005, label: 0, bag_size: 19295
batch 459, loss: 0.0008, instance_loss: 0.0004, weighted_loss: 0.0007, label: 0, bag_size: 4324
batch 479, loss: 0.0002, instance_loss: 0.0017, weighted_loss: 0.0006, label: 0, bag_size: 7086
batch 499, loss: 0.0009, instance_loss: 0.0000, weighted_loss: 0.0006, label: 0, bag_size: 6615
batch 519, loss: 0.0001, instance_loss: 0.0000, weighted_loss: 0.0000, label: 0, bag_size: 3060
batch 539, loss: 0.0355, instance_loss: 0.0000, weighted_loss: 0.0248, label: 0, bag_size: 19640
batch 559, loss: 0.0004, instance_loss: 0.0000, weighted_loss: 0.0003, label: 0, bag_size: 3060
batch 579, loss: 0.0085, instance_loss: 0.0017, weighted_loss: 0.0065, label: 1, bag_size: 2853
batch 599, loss: 0.0058, instance_loss: 0.0000, weighted_loss: 0.0041, label: 1, bag_size: 13646
batch 619, loss: 0.0168, instance_loss: 0.0000, weighted_loss: 0.0117, label: 1, bag_size: 10371
batch 639, loss: 0.0000, instance_loss: 0.0000, weighted_loss: 0.0000, label: 0, bag_size: 1682
batch 659, loss: 0.0005, instance_loss: 0.0000, weighted_loss: 0.0003, label: 0, bag_size: 3607
batch 679, loss: 0.0007, instance_loss: 0.0009, weighted_loss: 0.0008, label: 1, bag_size: 10180
batch 699, loss: 0.0003, instance_loss: 0.0018, weighted_loss: 0.0008, label: 1, bag_size: 9833
batch 719, loss: 0.0088, instance_loss: 0.0000, weighted_loss: 0.0062, label: 1, bag_size: 5906
batch 739, loss: 0.0006, instance_loss: 0.0014, weighted_loss: 0.0008, label: 1, bag_size: 3411
batch 759, loss: 0.0678, instance_loss: 0.0000, weighted_loss: 0.0475, label: 1, bag_size: 22871
batch 779, loss: 0.0092, instance_loss: 0.0007, weighted_loss: 0.0066, label: 1, bag_size: 5956
batch 799, loss: 0.0007, instance_loss: 0.0000, weighted_loss: 0.0005, label: 0, bag_size: 2364
batch 819, loss: 0.0000, instance_loss: 0.0026, weighted_loss: 0.0008, label: 1, bag_size: 4492
batch 839, loss: 0.1165, instance_loss: 0.0240, weighted_loss: 0.0888, label: 0, bag_size: 1690


class 0 clustering acc 1.0: correct 6808/6808
class 1 clustering acc 1.0: correct 6808/6808
Epoch: 5, train_loss: 0.0742, train_clustering_loss:  0.0006, train_error: 0.0200
class 0: acc 0.9757869249394673, correct 403/413
class 1: acc 0.9840182648401826, correct 431/438

Val Set, val_loss: 0.3159, val_error: 0.1278, auc: 0.5519
class 0 clustering acc 1.0: correct 1816/1816
class 1 clustering acc 1.0: correct 1816/1816
class 0: acc 0.8954545454545455, correct 197/220
class 1: acc 0.14285714285714285, correct 1/7
Validation loss decreased (0.390186 --> 0.315858).  Saving model ...


batch 19, loss: 0.0327, instance_loss: 0.0000, weighted_loss: 0.0229, label: 1, bag_size: 3628
batch 39, loss: 0.0005, instance_loss: 0.0000, weighted_loss: 0.0003, label: 0, bag_size: 24284
batch 59, loss: 0.0389, instance_loss: 0.0057, weighted_loss: 0.0290, label: 0, bag_size: 4012
batch 79, loss: 0.0214, instance_loss: 0.0000, weighted_loss: 0.0150, label: 1, bag_size: 16197
batch 99, loss: 0.0001, instance_loss: 0.0000, weighted_loss: 0.0001, label: 0, bag_size: 4310
batch 119, loss: 0.0022, instance_loss: 0.0000, weighted_loss: 0.0016, label: 0, bag_size: 8593
batch 139, loss: 0.0016, instance_loss: 0.0127, weighted_loss: 0.0049, label: 1, bag_size: 2853
batch 159, loss: 0.0004, instance_loss: 0.0000, weighted_loss: 0.0003, label: 0, bag_size: 1556
batch 179, loss: 0.0026, instance_loss: 0.0159, weighted_loss: 0.0066, label: 1, bag_size: 2853
batch 199, loss: 0.0001, instance_loss: 0.0000, weighted_loss: 0.0000, label: 0, bag_size: 2060
batch 219, loss: 0.0014, instance_loss: 0.0009, weighted_loss: 0.0013, label: 0, bag_size: 2925
batch 239, loss: 0.0415, instance_loss: 0.0116, weighted_loss: 0.0325, label: 0, bag_size: 1530
batch 259, loss: 0.0014, instance_loss: 0.0000, weighted_loss: 0.0010, label: 1, bag_size: 5828
batch 279, loss: 0.3268, instance_loss: 0.0003, weighted_loss: 0.2288, label: 0, bag_size: 17371
batch 299, loss: 0.0121, instance_loss: 0.0000, weighted_loss: 0.0085, label: 1, bag_size: 16197
batch 319, loss: 0.0131, instance_loss: 0.0000, weighted_loss: 0.0092, label: 1, bag_size: 14763
batch 339, loss: 0.0019, instance_loss: 0.0000, weighted_loss: 0.0013, label: 0, bag_size: 3899
batch 359, loss: 0.0013, instance_loss: 0.0000, weighted_loss: 0.0009, label: 1, bag_size: 5956
batch 379, loss: 0.0016, instance_loss: 0.0000, weighted_loss: 0.0011, label: 1, bag_size: 3621
batch 399, loss: 0.0701, instance_loss: 0.0000, weighted_loss: 0.0490, label: 0, bag_size: 3305
batch 419, loss: 0.0000, instance_loss: 0.0000, weighted_loss: 0.0000, label: 0, bag_size: 5204
batch 439, loss: 0.0000, instance_loss: 0.0000, weighted_loss: 0.0000, label: 0, bag_size: 3129
batch 459, loss: 0.0096, instance_loss: 0.0000, weighted_loss: 0.0067, label: 1, bag_size: 3628
batch 479, loss: 0.0000, instance_loss: 0.0003, weighted_loss: 0.0001, label: 0, bag_size: 3167
batch 499, loss: 0.0011, instance_loss: 0.0000, weighted_loss: 0.0008, label: 0, bag_size: 20043
batch 519, loss: 0.0077, instance_loss: 0.0000, weighted_loss: 0.0054, label: 1, bag_size: 22871
batch 539, loss: 0.0157, instance_loss: 0.0000, weighted_loss: 0.0110, label: 1, bag_size: 13571
batch 559, loss: 0.0023, instance_loss: 0.0000, weighted_loss: 0.0016, label: 0, bag_size: 7304
batch 579, loss: 0.0138, instance_loss: 0.0002, weighted_loss: 0.0097, label: 0, bag_size: 10005
batch 599, loss: 0.0022, instance_loss: 0.0000, weighted_loss: 0.0015, label: 0, bag_size: 10658
batch 619, loss: 0.0017, instance_loss: 0.0000, weighted_loss: 0.0012, label: 0, bag_size: 3706
batch 639, loss: 0.4183, instance_loss: 0.0000, weighted_loss: 0.2928, label: 0, bag_size: 21194
batch 659, loss: 0.0006, instance_loss: 0.0000, weighted_loss: 0.0005, label: 0, bag_size: 21894
batch 679, loss: 0.0009, instance_loss: 0.0037, weighted_loss: 0.0017, label: 0, bag_size: 1941
batch 699, loss: 0.0023, instance_loss: 0.0000, weighted_loss: 0.0016, label: 1, bag_size: 13646
batch 719, loss: 0.0000, instance_loss: 0.0024, weighted_loss: 0.0007, label: 1, bag_size: 4492
batch 739, loss: 0.0000, instance_loss: 0.0000, weighted_loss: 0.0000, label: 0, bag_size: 4356
batch 759, loss: 0.0075, instance_loss: 0.0049, weighted_loss: 0.0067, label: 1, bag_size: 2853
batch 779, loss: 0.0000, instance_loss: 0.0000, weighted_loss: 0.0000, label: 0, bag_size: 18154
batch 799, loss: 0.0013, instance_loss: 0.0002, weighted_loss: 0.0010, label: 1, bag_size: 5137
batch 819, loss: 0.0002, instance_loss: 0.0070, weighted_loss: 0.0023, label: 0, bag_size: 5487
batch 839, loss: 0.0123, instance_loss: 0.0024, weighted_loss: 0.0093, label: 1, bag_size: 2644


class 0 clustering acc 1.0: correct 6808/6808
class 1 clustering acc 1.0: correct 6808/6808
Epoch: 6, train_loss: 0.0279, train_clustering_loss:  0.0006, train_error: 0.0094
class 0: acc 0.9885057471264368, correct 430/435
class 1: acc 0.9927884615384616, correct 413/416

Val Set, val_loss: 0.3791, val_error: 0.0661, auc: 0.5565
class 0 clustering acc 1.0: correct 1816/1816
class 1 clustering acc 1.0: correct 1816/1816
class 0: acc 0.9590909090909091, correct 211/220
class 1: acc 0.14285714285714285, correct 1/7
EarlyStopping counter: 1 out of 10


batch 19, loss: 0.0077, instance_loss: 0.0005, weighted_loss: 0.0055, label: 1, bag_size: 10371
batch 39, loss: 0.0000, instance_loss: 0.0000, weighted_loss: 0.0000, label: 0, bag_size: 3167
batch 59, loss: 0.0044, instance_loss: 0.0000, weighted_loss: 0.0031, label: 1, bag_size: 10371
batch 79, loss: 0.0022, instance_loss: 0.0000, weighted_loss: 0.0015, label: 1, bag_size: 4276
batch 99, loss: 0.0002, instance_loss: 0.0024, weighted_loss: 0.0009, label: 0, bag_size: 2809
batch 119, loss: 0.0000, instance_loss: 0.0014, weighted_loss: 0.0004, label: 1, bag_size: 6023
batch 139, loss: 0.0000, instance_loss: 0.0000, weighted_loss: 0.0000, label: 0, bag_size: 17864
batch 159, loss: 0.0001, instance_loss: 0.0003, weighted_loss: 0.0001, label: 0, bag_size: 3064
batch 179, loss: 0.0006, instance_loss: 0.0000, weighted_loss: 0.0004, label: 1, bag_size: 7879
batch 199, loss: 0.0011, instance_loss: 0.0000, weighted_loss: 0.0008, label: 1, bag_size: 5082
batch 219, loss: 0.0000, instance_loss: 0.0000, weighted_loss: 0.0000, label: 0, bag_size: 14017
batch 239, loss: 0.0000, instance_loss: 0.0018, weighted_loss: 0.0006, label: 1, bag_size: 3411
batch 259, loss: 0.0001, instance_loss: 0.0010, weighted_loss: 0.0003, label: 0, bag_size: 2311
batch 279, loss: 0.0004, instance_loss: 0.0000, weighted_loss: 0.0003, label: 0, bag_size: 2698
batch 299, loss: 0.0000, instance_loss: 0.0000, weighted_loss: 0.0000, label: 0, bag_size: 19988
batch 319, loss: 0.0001, instance_loss: 0.0010, weighted_loss: 0.0004, label: 0, bag_size: 873
batch 339, loss: 0.0000, instance_loss: 0.0002, weighted_loss: 0.0001, label: 1, bag_size: 6023
batch 359, loss: 0.0000, instance_loss: 0.0004, weighted_loss: 0.0001, label: 1, bag_size: 4492
batch 379, loss: 0.0000, instance_loss: 0.0005, weighted_loss: 0.0002, label: 0, bag_size: 1451
batch 399, loss: 0.0016, instance_loss: 0.0020, weighted_loss: 0.0017, label: 0, bag_size: 3854
batch 419, loss: 0.0000, instance_loss: 0.0008, weighted_loss: 0.0002, label: 0, bag_size: 9786
batch 439, loss: 0.0009, instance_loss: 0.0000, weighted_loss: 0.0006, label: 1, bag_size: 21609
batch 459, loss: 0.0007, instance_loss: 0.0013, weighted_loss: 0.0009, label: 0, bag_size: 3130
batch 479, loss: 0.0001, instance_loss: 0.0000, weighted_loss: 0.0001, label: 0, bag_size: 1858
batch 499, loss: 0.0003, instance_loss: 0.0000, weighted_loss: 0.0002, label: 1, bag_size: 22399
batch 519, loss: 0.0001, instance_loss: 0.0012, weighted_loss: 0.0004, label: 1, bag_size: 3354
batch 539, loss: 0.0006, instance_loss: 0.0000, weighted_loss: 0.0004, label: 1, bag_size: 22624
batch 559, loss: 0.0000, instance_loss: 0.0000, weighted_loss: 0.0000, label: 0, bag_size: 17864
batch 579, loss: 0.0609, instance_loss: 0.0000, weighted_loss: 0.0426, label: 0, bag_size: 10051
batch 599, loss: 0.0006, instance_loss: 0.0000, weighted_loss: 0.0004, label: 1, bag_size: 22042
batch 619, loss: 0.0000, instance_loss: 0.0000, weighted_loss: 0.0000, label: 0, bag_size: 11242
batch 639, loss: 0.0000, instance_loss: 0.0000, weighted_loss: 0.0000, label: 0, bag_size: 20190
batch 659, loss: 0.0001, instance_loss: 0.0002, weighted_loss: 0.0001, label: 1, bag_size: 3024
batch 679, loss: 0.0002, instance_loss: 0.0000, weighted_loss: 0.0001, label: 1, bag_size: 5828
batch 699, loss: 0.0000, instance_loss: 0.0000, weighted_loss: 0.0000, label: 0, bag_size: 11354
batch 719, loss: 0.0000, instance_loss: 0.0000, weighted_loss: 0.0000, label: 0, bag_size: 8781
batch 739, loss: 0.0000, instance_loss: 0.0003, weighted_loss: 0.0001, label: 0, bag_size: 2029
batch 759, loss: 0.0004, instance_loss: 0.0000, weighted_loss: 0.0002, label: 1, bag_size: 21609
batch 779, loss: 0.0006, instance_loss: 0.0000, weighted_loss: 0.0004, label: 0, bag_size: 4292
batch 799, loss: 0.0000, instance_loss: 0.0000, weighted_loss: 0.0000, label: 0, bag_size: 3137
batch 819, loss: 0.0000, instance_loss: 0.0000, weighted_loss: 0.0000, label: 0, bag_size: 16288
batch 839, loss: 0.1007, instance_loss: 0.0000, weighted_loss: 0.0705, label: 0, bag_size: 15758


class 0 clustering acc 1.0: correct 6808/6808
class 1 clustering acc 1.0: correct 6808/6808
Epoch: 7, train_loss: 0.0336, train_clustering_loss:  0.0004, train_error: 0.0059
class 0: acc 0.9976190476190476, correct 419/420
class 1: acc 0.9907192575406032, correct 427/431

Val Set, val_loss: 1.9576, val_error: 0.3877, auc: 0.6234
class 0 clustering acc 1.0: correct 1816/1816
class 1 clustering acc 1.0: correct 1816/1816
class 0: acc 0.6136363636363636, correct 135/220
class 1: acc 0.5714285714285714, correct 4/7
EarlyStopping counter: 2 out of 10


batch 19, loss: 0.3182, instance_loss: 0.0000, weighted_loss: 0.2227, label: 1, bag_size: 4276
batch 39, loss: 0.0068, instance_loss: 0.0000, weighted_loss: 0.0048, label: 1, bag_size: 3621
batch 59, loss: 0.3146, instance_loss: 0.0002, weighted_loss: 0.2203, label: 1, bag_size: 2671
batch 79, loss: 0.0697, instance_loss: 0.0005, weighted_loss: 0.0490, label: 0, bag_size: 5584
batch 99, loss: 0.0003, instance_loss: 0.0000, weighted_loss: 0.0002, label: 0, bag_size: 2951
batch 119, loss: 0.0316, instance_loss: 0.0038, weighted_loss: 0.0232, label: 0, bag_size: 16641
batch 139, loss: 0.8190, instance_loss: 0.0000, weighted_loss: 0.5733, label: 0, bag_size: 3702
batch 159, loss: 0.0119, instance_loss: 0.0021, weighted_loss: 0.0090, label: 1, bag_size: 3024
batch 179, loss: 0.0026, instance_loss: 0.0000, weighted_loss: 0.0018, label: 1, bag_size: 5082
batch 199, loss: 0.0028, instance_loss: 0.0000, weighted_loss: 0.0020, label: 1, bag_size: 4276
batch 219, loss: 0.0000, instance_loss: 0.0015, weighted_loss: 0.0005, label: 0, bag_size: 5224
batch 239, loss: 0.0063, instance_loss: 0.0051, weighted_loss: 0.0059, label: 0, bag_size: 4012
batch 259, loss: 0.0006, instance_loss: 0.0000, weighted_loss: 0.0004, label: 0, bag_size: 18006
batch 279, loss: 0.0024, instance_loss: 0.0000, weighted_loss: 0.0017, label: 1, bag_size: 4760
batch 299, loss: 0.0025, instance_loss: 0.0000, weighted_loss: 0.0017, label: 0, bag_size: 8781
batch 319, loss: 0.0013, instance_loss: 0.0014, weighted_loss: 0.0013, label: 0, bag_size: 1908
batch 339, loss: 0.0000, instance_loss: 0.0000, weighted_loss: 0.0000, label: 0, bag_size: 2820
batch 359, loss: 0.0028, instance_loss: 0.0000, weighted_loss: 0.0019, label: 0, bag_size: 17843
batch 379, loss: 0.1122, instance_loss: 0.0000, weighted_loss: 0.0785, label: 1, bag_size: 12989
batch 399, loss: 0.0121, instance_loss: 0.0000, weighted_loss: 0.0085, label: 1, bag_size: 21609
batch 419, loss: 0.0022, instance_loss: 0.0000, weighted_loss: 0.0016, label: 1, bag_size: 14763
batch 439, loss: 0.0002, instance_loss: 0.0000, weighted_loss: 0.0001, label: 1, bag_size: 4563
batch 459, loss: 0.0003, instance_loss: 0.0007, weighted_loss: 0.0004, label: 1, bag_size: 3024
batch 479, loss: 0.0007, instance_loss: 0.0000, weighted_loss: 0.0005, label: 0, bag_size: 15060
batch 499, loss: 0.0001, instance_loss: 0.0005, weighted_loss: 0.0002, label: 1, bag_size: 3024
batch 519, loss: 0.0008, instance_loss: 0.0002, weighted_loss: 0.0006, label: 0, bag_size: 5006
batch 539, loss: 0.0003, instance_loss: 0.0000, weighted_loss: 0.0002, label: 0, bag_size: 13004
batch 559, loss: 0.0002, instance_loss: 0.0000, weighted_loss: 0.0001, label: 0, bag_size: 14182
batch 579, loss: 0.0693, instance_loss: 0.0000, weighted_loss: 0.0485, label: 1, bag_size: 18621
batch 599, loss: 0.0003, instance_loss: 0.0009, weighted_loss: 0.0005, label: 1, bag_size: 3024
batch 619, loss: 0.0068, instance_loss: 0.0020, weighted_loss: 0.0053, label: 0, bag_size: 9251
batch 639, loss: 0.0002, instance_loss: 0.0000, weighted_loss: 0.0002, label: 0, bag_size: 5677
batch 659, loss: 0.0000, instance_loss: 0.0000, weighted_loss: 0.0000, label: 0, bag_size: 4932
batch 679, loss: 0.0039, instance_loss: 0.0023, weighted_loss: 0.0034, label: 1, bag_size: 1140
batch 699, loss: 0.0009, instance_loss: 0.0000, weighted_loss: 0.0006, label: 1, bag_size: 5137
batch 719, loss: 0.0010, instance_loss: 0.0000, weighted_loss: 0.0007, label: 1, bag_size: 13571
batch 739, loss: 0.0035, instance_loss: 0.0000, weighted_loss: 0.0024, label: 0, bag_size: 2176
batch 759, loss: 0.0000, instance_loss: 0.0000, weighted_loss: 0.0000, label: 1, bag_size: 5082
batch 779, loss: 0.0000, instance_loss: 0.0000, weighted_loss: 0.0000, label: 0, bag_size: 7540
batch 799, loss: 0.0011, instance_loss: 0.0007, weighted_loss: 0.0010, label: 1, bag_size: 2853
batch 819, loss: 0.0000, instance_loss: 0.0034, weighted_loss: 0.0010, label: 1, bag_size: 6023
batch 839, loss: 0.0014, instance_loss: 0.0000, weighted_loss: 0.0010, label: 0, bag_size: 1674


class 0 clustering acc 1.0: correct 6808/6808
class 1 clustering acc 1.0: correct 6808/6808
Epoch: 8, train_loss: 0.0570, train_clustering_loss:  0.0004, train_error: 0.0200
class 0: acc 0.9718969555035128, correct 415/427
class 1: acc 0.9882075471698113, correct 419/424

Val Set, val_loss: 0.3585, val_error: 0.0881, auc: 0.5786
class 0 clustering acc 1.0: correct 1816/1816
class 1 clustering acc 1.0: correct 1816/1816
class 0: acc 0.9363636363636364, correct 206/220
class 1: acc 0.14285714285714285, correct 1/7
EarlyStopping counter: 3 out of 10


batch 19, loss: 0.0008, instance_loss: 0.0000, weighted_loss: 0.0005, label: 1, bag_size: 6028
batch 39, loss: 0.0099, instance_loss: 0.0000, weighted_loss: 0.0069, label: 1, bag_size: 10371
batch 59, loss: 0.0002, instance_loss: 0.0000, weighted_loss: 0.0001, label: 1, bag_size: 4276
batch 79, loss: 0.0014, instance_loss: 0.0006, weighted_loss: 0.0011, label: 1, bag_size: 1140
batch 99, loss: 0.0000, instance_loss: 0.0000, weighted_loss: 0.0000, label: 0, bag_size: 4623
batch 119, loss: 0.0002, instance_loss: 0.0006, weighted_loss: 0.0003, label: 0, bag_size: 3520
batch 139, loss: 0.0006, instance_loss: 0.0000, weighted_loss: 0.0004, label: 0, bag_size: 4569
batch 159, loss: 0.0027, instance_loss: 0.0005, weighted_loss: 0.0021, label: 1, bag_size: 3024
batch 179, loss: 0.0003, instance_loss: 0.0000, weighted_loss: 0.0002, label: 0, bag_size: 4471
batch 199, loss: 0.0000, instance_loss: 0.0000, weighted_loss: 0.0000, label: 0, bag_size: 2247
batch 219, loss: 0.0092, instance_loss: 0.0004, weighted_loss: 0.0066, label: 0, bag_size: 5157
batch 239, loss: 0.0001, instance_loss: 0.0000, weighted_loss: 0.0001, label: 0, bag_size: 16737
batch 259, loss: 0.0001, instance_loss: 0.0000, weighted_loss: 0.0001, label: 1, bag_size: 5137
batch 279, loss: 0.0297, instance_loss: 0.0000, weighted_loss: 0.0208, label: 1, bag_size: 12989
batch 299, loss: 0.0024, instance_loss: 0.0005, weighted_loss: 0.0018, label: 0, bag_size: 4012
batch 319, loss: 0.0031, instance_loss: 0.0000, weighted_loss: 0.0022, label: 0, bag_size: 6161
batch 339, loss: 0.0001, instance_loss: 0.0000, weighted_loss: 0.0001, label: 0, bag_size: 9852
batch 359, loss: 0.0000, instance_loss: 0.0002, weighted_loss: 0.0001, label: 1, bag_size: 4492
batch 379, loss: 0.0041, instance_loss: 0.0000, weighted_loss: 0.0028, label: 1, bag_size: 5956
batch 399, loss: 0.0032, instance_loss: 0.0000, weighted_loss: 0.0022, label: 1, bag_size: 22624
batch 419, loss: 0.0000, instance_loss: 0.0000, weighted_loss: 0.0000, label: 0, bag_size: 10540
batch 439, loss: 0.0002, instance_loss: 0.0008, weighted_loss: 0.0004, label: 1, bag_size: 2853
batch 459, loss: 0.0000, instance_loss: 0.0000, weighted_loss: 0.0000, label: 0, bag_size: 1834
batch 479, loss: 0.0024, instance_loss: 0.0000, weighted_loss: 0.0017, label: 1, bag_size: 4760
batch 499, loss: 0.0018, instance_loss: 0.0000, weighted_loss: 0.0012, label: 1, bag_size: 3628
batch 519, loss: 0.0067, instance_loss: 0.0000, weighted_loss: 0.0047, label: 1, bag_size: 4516
batch 539, loss: 0.0005, instance_loss: 0.0005, weighted_loss: 0.0005, label: 1, bag_size: 9833
batch 559, loss: 0.0012, instance_loss: 0.0000, weighted_loss: 0.0009, label: 0, bag_size: 2524
batch 579, loss: 0.0031, instance_loss: 0.0000, weighted_loss: 0.0022, label: 0, bag_size: 3176
batch 599, loss: 0.0642, instance_loss: 0.0002, weighted_loss: 0.0450, label: 1, bag_size: 14763
batch 619, loss: 0.0003, instance_loss: 0.0000, weighted_loss: 0.0002, label: 0, bag_size: 5464
batch 639, loss: 0.0000, instance_loss: 0.0000, weighted_loss: 0.0000, label: 0, bag_size: 9709
batch 659, loss: 0.0004, instance_loss: 0.0000, weighted_loss: 0.0003, label: 0, bag_size: 4656
batch 679, loss: 0.0104, instance_loss: 0.0000, weighted_loss: 0.0073, label: 0, bag_size: 21253
batch 699, loss: 0.0019, instance_loss: 0.0000, weighted_loss: 0.0013, label: 1, bag_size: 4516
batch 719, loss: 0.0003, instance_loss: 0.0000, weighted_loss: 0.0002, label: 1, bag_size: 4516
batch 739, loss: 0.0000, instance_loss: 0.0000, weighted_loss: 0.0000, label: 0, bag_size: 6129
batch 759, loss: 0.0001, instance_loss: 0.0000, weighted_loss: 0.0000, label: 0, bag_size: 5542
batch 779, loss: 0.0003, instance_loss: 0.0000, weighted_loss: 0.0002, label: 1, bag_size: 2671
batch 799, loss: 0.0020, instance_loss: 0.0000, weighted_loss: 0.0014, label: 0, bag_size: 3064
batch 819, loss: 0.0002, instance_loss: 0.0000, weighted_loss: 0.0001, label: 0, bag_size: 3360
batch 839, loss: 0.0000, instance_loss: 0.0000, weighted_loss: 0.0000, label: 0, bag_size: 2137


class 0 clustering acc 1.0: correct 6808/6808
class 1 clustering acc 1.0: correct 6808/6808
Epoch: 9, train_loss: 0.0435, train_clustering_loss:  0.0003, train_error: 0.0118
class 0: acc 0.988558352402746, correct 432/437
class 1: acc 0.9879227053140096, correct 409/414

Val Set, val_loss: 0.3829, val_error: 0.0881, auc: 0.5708
class 0 clustering acc 1.0: correct 1816/1816
class 1 clustering acc 1.0: correct 1816/1816
class 0: acc 0.9318181818181818, correct 205/220
class 1: acc 0.2857142857142857, correct 2/7
EarlyStopping counter: 4 out of 10


batch 19, loss: 0.0037, instance_loss: 0.0008, weighted_loss: 0.0028, label: 1, bag_size: 2644
batch 39, loss: 0.0001, instance_loss: 0.0000, weighted_loss: 0.0000, label: 0, bag_size: 8863
batch 59, loss: 0.0001, instance_loss: 0.0000, weighted_loss: 0.0001, label: 0, bag_size: 18052
batch 79, loss: 0.0000, instance_loss: 0.0010, weighted_loss: 0.0003, label: 0, bag_size: 4259
batch 99, loss: 0.0000, instance_loss: 0.0007, weighted_loss: 0.0002, label: 0, bag_size: 6116
batch 119, loss: 0.0001, instance_loss: 0.0000, weighted_loss: 0.0000, label: 1, bag_size: 4563
batch 139, loss: 0.0000, instance_loss: 0.0000, weighted_loss: 0.0000, label: 0, bag_size: 6240
batch 159, loss: 0.0095, instance_loss: 0.0000, weighted_loss: 0.0067, label: 1, bag_size: 13571
batch 179, loss: 0.0002, instance_loss: 0.0000, weighted_loss: 0.0001, label: 1, bag_size: 5137
batch 199, loss: 0.0003, instance_loss: 0.0000, weighted_loss: 0.0002, label: 1, bag_size: 15079
batch 219, loss: 0.0003, instance_loss: 0.0000, weighted_loss: 0.0002, label: 1, bag_size: 15079
batch 239, loss: 0.0001, instance_loss: 0.0000, weighted_loss: 0.0001, label: 0, bag_size: 3701
batch 259, loss: 0.0135, instance_loss: 0.0000, weighted_loss: 0.0094, label: 1, bag_size: 22624
batch 279, loss: 0.0000, instance_loss: 0.0000, weighted_loss: 0.0000, label: 0, bag_size: 6240
batch 299, loss: 0.0002, instance_loss: 0.0000, weighted_loss: 0.0002, label: 1, bag_size: 14763
batch 319, loss: 0.0000, instance_loss: 0.0000, weighted_loss: 0.0000, label: 0, bag_size: 10381
batch 339, loss: 0.0000, instance_loss: 0.0000, weighted_loss: 0.0000, label: 0, bag_size: 1008
batch 359, loss: 0.0013, instance_loss: 0.0000, weighted_loss: 0.0009, label: 1, bag_size: 2637
batch 379, loss: 0.0000, instance_loss: 0.0000, weighted_loss: 0.0000, label: 0, bag_size: 17456
batch 399, loss: 0.0000, instance_loss: 0.0000, weighted_loss: 0.0000, label: 0, bag_size: 4213
batch 419, loss: 0.0171, instance_loss: 0.0000, weighted_loss: 0.0120, label: 1, bag_size: 14763
batch 439, loss: 0.0007, instance_loss: 0.0000, weighted_loss: 0.0005, label: 1, bag_size: 5906
batch 459, loss: 0.0000, instance_loss: 0.0000, weighted_loss: 0.0000, label: 0, bag_size: 23465
batch 479, loss: 0.0002, instance_loss: 0.0000, weighted_loss: 0.0001, label: 1, bag_size: 4276
batch 499, loss: 0.0001, instance_loss: 0.0000, weighted_loss: 0.0001, label: 1, bag_size: 4563
batch 519, loss: 0.0013, instance_loss: 0.0000, weighted_loss: 0.0009, label: 1, bag_size: 10180
batch 539, loss: 0.0046, instance_loss: 0.0000, weighted_loss: 0.0033, label: 1, bag_size: 4516
batch 559, loss: 0.0000, instance_loss: 0.0000, weighted_loss: 0.0000, label: 1, bag_size: 3354
batch 579, loss: 0.0003, instance_loss: 0.0000, weighted_loss: 0.0002, label: 0, bag_size: 11037
batch 599, loss: 0.0000, instance_loss: 0.0000, weighted_loss: 0.0000, label: 0, bag_size: 5502
batch 619, loss: 0.0039, instance_loss: 0.0014, weighted_loss: 0.0031, label: 0, bag_size: 1322
batch 639, loss: 0.0003, instance_loss: 0.0000, weighted_loss: 0.0002, label: 1, bag_size: 5906
batch 659, loss: 0.0019, instance_loss: 0.0000, weighted_loss: 0.0013, label: 1, bag_size: 14763
batch 679, loss: 0.0011, instance_loss: 0.0003, weighted_loss: 0.0009, label: 1, bag_size: 4516
batch 699, loss: 0.0000, instance_loss: 0.0000, weighted_loss: 0.0000, label: 0, bag_size: 10001
batch 719, loss: 0.6633, instance_loss: 0.0000, weighted_loss: 0.4643, label: 0, bag_size: 14591
batch 739, loss: 0.0002, instance_loss: 0.0002, weighted_loss: 0.0002, label: 0, bag_size: 3064
batch 759, loss: 0.0000, instance_loss: 0.0000, weighted_loss: 0.0000, label: 0, bag_size: 16288
batch 779, loss: 0.0002, instance_loss: 0.0000, weighted_loss: 0.0002, label: 1, bag_size: 4276
batch 799, loss: 0.0010, instance_loss: 0.0005, weighted_loss: 0.0009, label: 1, bag_size: 22871
batch 819, loss: 0.0001, instance_loss: 0.0000, weighted_loss: 0.0000, label: 0, bag_size: 10950
batch 839, loss: 0.0019, instance_loss: 0.0002, weighted_loss: 0.0014, label: 0, bag_size: 16133


class 0 clustering acc 1.0: correct 6808/6808
class 1 clustering acc 0.9998531139835488: correct 6807/6808
Epoch: 10, train_loss: 0.0168, train_clustering_loss:  0.0004, train_error: 0.0059
class 0: acc 0.9951923076923077, correct 414/416
class 1: acc 0.993103448275862, correct 432/435

Val Set, val_loss: 0.5401, val_error: 0.1322, auc: 0.5695
class 0 clustering acc 1.0: correct 1816/1816
class 1 clustering acc 1.0: correct 1816/1816
class 0: acc 0.8863636363636364, correct 195/220
class 1: acc 0.2857142857142857, correct 2/7
EarlyStopping counter: 5 out of 10


batch 19, loss: 0.0008, instance_loss: 0.0000, weighted_loss: 0.0005, label: 0, bag_size: 3394
batch 39, loss: 0.0001, instance_loss: 0.0000, weighted_loss: 0.0001, label: 1, bag_size: 4276
batch 59, loss: 0.0000, instance_loss: 0.0000, weighted_loss: 0.0000, label: 1, bag_size: 14763
batch 79, loss: 0.0109, instance_loss: 0.0005, weighted_loss: 0.0078, label: 1, bag_size: 10371
batch 99, loss: 0.0315, instance_loss: 0.0000, weighted_loss: 0.0220, label: 1, bag_size: 16197
batch 119, loss: 0.0008, instance_loss: 0.0007, weighted_loss: 0.0008, label: 0, bag_size: 3017
batch 139, loss: 0.0188, instance_loss: 0.0012, weighted_loss: 0.0135, label: 0, bag_size: 2113
batch 159, loss: 0.0011, instance_loss: 0.0000, weighted_loss: 0.0008, label: 1, bag_size: 10371
batch 179, loss: 0.0012, instance_loss: 0.0000, weighted_loss: 0.0008, label: 1, bag_size: 14528
batch 199, loss: 0.0000, instance_loss: 0.0000, weighted_loss: 0.0000, label: 0, bag_size: 9709
batch 219, loss: 0.0001, instance_loss: 0.0000, weighted_loss: 0.0001, label: 1, bag_size: 4563
batch 239, loss: 0.0002, instance_loss: 0.0000, weighted_loss: 0.0001, label: 1, bag_size: 2637
batch 259, loss: 0.0002, instance_loss: 0.0000, weighted_loss: 0.0001, label: 0, bag_size: 2976
batch 279, loss: 0.0003, instance_loss: 0.0000, weighted_loss: 0.0002, label: 1, bag_size: 5956
batch 299, loss: 0.0009, instance_loss: 0.0000, weighted_loss: 0.0007, label: 1, bag_size: 22624
batch 319, loss: 0.0242, instance_loss: 0.0000, weighted_loss: 0.0169, label: 0, bag_size: 17060
batch 339, loss: 0.0016, instance_loss: 0.0002, weighted_loss: 0.0012, label: 1, bag_size: 22399
batch 359, loss: 0.0003, instance_loss: 0.0000, weighted_loss: 0.0002, label: 0, bag_size: 5262
batch 379, loss: 0.0052, instance_loss: 0.0000, weighted_loss: 0.0036, label: 1, bag_size: 14528
batch 399, loss: 0.0062, instance_loss: 0.0000, weighted_loss: 0.0043, label: 1, bag_size: 14763
batch 419, loss: 0.0001, instance_loss: 0.0000, weighted_loss: 0.0001, label: 1, bag_size: 5906
batch 439, loss: 0.0002, instance_loss: 0.0000, weighted_loss: 0.0001, label: 1, bag_size: 5956
batch 459, loss: 0.0011, instance_loss: 0.0000, weighted_loss: 0.0008, label: 1, bag_size: 10180
batch 479, loss: 0.0012, instance_loss: 0.0000, weighted_loss: 0.0008, label: 1, bag_size: 3621
batch 499, loss: 0.0000, instance_loss: 0.0002, weighted_loss: 0.0001, label: 1, bag_size: 5956
batch 519, loss: 0.0000, instance_loss: 0.0000, weighted_loss: 0.0000, label: 0, bag_size: 6131
batch 539, loss: 0.0001, instance_loss: 0.0002, weighted_loss: 0.0002, label: 0, bag_size: 5027
batch 559, loss: 0.0000, instance_loss: 0.0000, weighted_loss: 0.0000, label: 0, bag_size: 6399
batch 579, loss: 0.0012, instance_loss: 0.0000, weighted_loss: 0.0009, label: 1, bag_size: 13571
batch 599, loss: 0.0001, instance_loss: 0.0000, weighted_loss: 0.0001, label: 0, bag_size: 19295
batch 619, loss: 0.0003, instance_loss: 0.0000, weighted_loss: 0.0002, label: 0, bag_size: 6240
batch 639, loss: 0.0051, instance_loss: 0.0000, weighted_loss: 0.0036, label: 1, bag_size: 2637
batch 659, loss: 0.0002, instance_loss: 0.0006, weighted_loss: 0.0003, label: 0, bag_size: 1045
batch 679, loss: 0.0000, instance_loss: 0.0000, weighted_loss: 0.0000, label: 0, bag_size: 9896
batch 699, loss: 0.0004, instance_loss: 0.0000, weighted_loss: 0.0003, label: 1, bag_size: 3621
batch 719, loss: 0.0173, instance_loss: 0.0000, weighted_loss: 0.0121, label: 1, bag_size: 10180
batch 739, loss: 0.0000, instance_loss: 0.0000, weighted_loss: 0.0000, label: 0, bag_size: 17547
batch 759, loss: 0.0001, instance_loss: 0.0003, weighted_loss: 0.0001, label: 1, bag_size: 3411
batch 779, loss: 0.0118, instance_loss: 0.0006, weighted_loss: 0.0084, label: 0, bag_size: 2315
batch 799, loss: 0.0008, instance_loss: 0.0000, weighted_loss: 0.0006, label: 1, bag_size: 22042
batch 819, loss: 0.0023, instance_loss: 0.0000, weighted_loss: 0.0016, label: 1, bag_size: 13646
batch 839, loss: 0.0041, instance_loss: 0.0000, weighted_loss: 0.0029, label: 1, bag_size: 4516


class 0 clustering acc 0.9998531139835488: correct 6807/6808
class 1 clustering acc 1.0: correct 6808/6808
Epoch: 11, train_loss: 0.0560, train_clustering_loss:  0.0007, train_error: 0.0223
class 0: acc 0.9714285714285714, correct 408/420
class 1: acc 0.9837587006960556, correct 424/431

Val Set, val_loss: 0.3323, val_error: 0.0793, auc: 0.5955
class 0 clustering acc 1.0: correct 1816/1816
class 1 clustering acc 1.0: correct 1816/1816
class 0: acc 0.9409090909090909, correct 207/220
class 1: acc 0.2857142857142857, correct 2/7
EarlyStopping counter: 6 out of 10


batch 19, loss: 0.0064, instance_loss: 0.0000, weighted_loss: 0.0045, label: 1, bag_size: 12989
batch 39, loss: 0.0004, instance_loss: 0.0000, weighted_loss: 0.0003, label: 0, bag_size: 3060
batch 59, loss: 0.0000, instance_loss: 0.0000, weighted_loss: 0.0000, label: 0, bag_size: 2872
batch 79, loss: 0.0047, instance_loss: 0.0004, weighted_loss: 0.0034, label: 0, bag_size: 8770
batch 99, loss: 0.0014, instance_loss: 0.0000, weighted_loss: 0.0010, label: 1, bag_size: 2637
batch 119, loss: 0.0245, instance_loss: 0.0000, weighted_loss: 0.0172, label: 1, bag_size: 16197
batch 139, loss: 0.0018, instance_loss: 0.0000, weighted_loss: 0.0013, label: 1, bag_size: 5828
batch 159, loss: 0.9298, instance_loss: 0.0000, weighted_loss: 0.6509, label: 0, bag_size: 3756
batch 179, loss: 0.0000, instance_loss: 0.0000, weighted_loss: 0.0000, label: 0, bag_size: 2868
batch 199, loss: 0.0008, instance_loss: 0.0000, weighted_loss: 0.0005, label: 1, bag_size: 22624
batch 219, loss: 0.0001, instance_loss: 0.0000, weighted_loss: 0.0000, label: 0, bag_size: 10902
batch 239, loss: 0.0000, instance_loss: 0.0000, weighted_loss: 0.0000, label: 0, bag_size: 4804
batch 259, loss: 0.0001, instance_loss: 0.0000, weighted_loss: 0.0001, label: 0, bag_size: 14056
batch 279, loss: 0.0002, instance_loss: 0.0000, weighted_loss: 0.0001, label: 1, bag_size: 5082
batch 299, loss: 0.0000, instance_loss: 0.0000, weighted_loss: 0.0000, label: 0, bag_size: 4280
batch 319, loss: 0.0055, instance_loss: 0.0000, weighted_loss: 0.0038, label: 1, bag_size: 18621
batch 339, loss: 0.0007, instance_loss: 0.0000, weighted_loss: 0.0005, label: 1, bag_size: 5956
batch 359, loss: 0.0004, instance_loss: 0.0000, weighted_loss: 0.0003, label: 0, bag_size: 20369
batch 379, loss: 0.0020, instance_loss: 0.0000, weighted_loss: 0.0014, label: 0, bag_size: 14873
batch 399, loss: 0.0000, instance_loss: 0.0000, weighted_loss: 0.0000, label: 0, bag_size: 17864
batch 419, loss: 0.0000, instance_loss: 0.0000, weighted_loss: 0.0000, label: 0, bag_size: 2439
batch 439, loss: 0.0010, instance_loss: 0.0000, weighted_loss: 0.0007, label: 1, bag_size: 3628
batch 459, loss: 0.0019, instance_loss: 0.0000, weighted_loss: 0.0013, label: 1, bag_size: 5828
batch 479, loss: 0.0000, instance_loss: 0.0000, weighted_loss: 0.0000, label: 0, bag_size: 3588
batch 499, loss: 0.0010, instance_loss: 0.0000, weighted_loss: 0.0007, label: 1, bag_size: 2671
batch 519, loss: 0.0001, instance_loss: 0.0000, weighted_loss: 0.0001, label: 0, bag_size: 2951
batch 539, loss: 0.0004, instance_loss: 0.0049, weighted_loss: 0.0018, label: 0, bag_size: 1908
batch 559, loss: 0.0001, instance_loss: 0.0000, weighted_loss: 0.0000, label: 1, bag_size: 10180
batch 579, loss: 0.0009, instance_loss: 0.0000, weighted_loss: 0.0006, label: 1, bag_size: 2637
batch 599, loss: 0.0007, instance_loss: 0.0000, weighted_loss: 0.0005, label: 1, bag_size: 4516
batch 619, loss: 0.0055, instance_loss: 0.0000, weighted_loss: 0.0039, label: 0, bag_size: 1572
batch 639, loss: 0.0009, instance_loss: 0.0000, weighted_loss: 0.0006, label: 1, bag_size: 21609
batch 659, loss: 0.0007, instance_loss: 0.0000, weighted_loss: 0.0005, label: 0, bag_size: 7732
batch 679, loss: 0.0084, instance_loss: 0.0000, weighted_loss: 0.0059, label: 1, bag_size: 16197
batch 699, loss: 0.0031, instance_loss: 0.0000, weighted_loss: 0.0021, label: 0, bag_size: 3102
batch 719, loss: 0.0024, instance_loss: 0.0003, weighted_loss: 0.0018, label: 0, bag_size: 1114
batch 739, loss: 0.0082, instance_loss: 0.0000, weighted_loss: 0.0058, label: 1, bag_size: 13571
batch 759, loss: 0.0013, instance_loss: 0.0000, weighted_loss: 0.0009, label: 1, bag_size: 4516
batch 779, loss: 0.0066, instance_loss: 0.0000, weighted_loss: 0.0046, label: 1, bag_size: 4516
batch 799, loss: 0.0000, instance_loss: 0.0000, weighted_loss: 0.0000, label: 0, bag_size: 1669
batch 819, loss: 0.0000, instance_loss: 0.0000, weighted_loss: 0.0000, label: 0, bag_size: 10540
batch 839, loss: 0.0002, instance_loss: 0.0000, weighted_loss: 0.0001, label: 1, bag_size: 3354


class 0 clustering acc 1.0: correct 6808/6808
class 1 clustering acc 1.0: correct 6808/6808
Epoch: 12, train_loss: 0.0094, train_clustering_loss:  0.0002, train_error: 0.0047
class 0: acc 0.9928741092636579, correct 418/421
class 1: acc 0.9976744186046511, correct 429/430

Val Set, val_loss: 0.3313, val_error: 0.0705, auc: 0.5903
class 0 clustering acc 1.0: correct 1816/1816
class 1 clustering acc 1.0: correct 1816/1816
class 0: acc 0.9545454545454546, correct 210/220
class 1: acc 0.14285714285714285, correct 1/7
EarlyStopping counter: 7 out of 10


batch 19, loss: 0.0042, instance_loss: 0.0000, weighted_loss: 0.0029, label: 1, bag_size: 14528
batch 39, loss: 0.0019, instance_loss: 0.0003, weighted_loss: 0.0014, label: 1, bag_size: 1140
batch 59, loss: 0.0090, instance_loss: 0.0000, weighted_loss: 0.0063, label: 0, bag_size: 6384
batch 79, loss: 0.0001, instance_loss: 0.0000, weighted_loss: 0.0001, label: 0, bag_size: 5599
batch 99, loss: 0.0001, instance_loss: 0.0000, weighted_loss: 0.0000, label: 1, bag_size: 5906
batch 119, loss: 0.0019, instance_loss: 0.0000, weighted_loss: 0.0013, label: 1, bag_size: 22399
batch 139, loss: 0.0015, instance_loss: 0.0000, weighted_loss: 0.0010, label: 0, bag_size: 5027
batch 159, loss: 0.0000, instance_loss: 0.0000, weighted_loss: 0.0000, label: 1, bag_size: 4516
batch 179, loss: 0.0003, instance_loss: 0.0000, weighted_loss: 0.0002, label: 1, bag_size: 5906
batch 199, loss: 0.0000, instance_loss: 0.0000, weighted_loss: 0.0000, label: 0, bag_size: 3505
batch 219, loss: 0.0001, instance_loss: 0.0000, weighted_loss: 0.0001, label: 0, bag_size: 1451
batch 239, loss: 0.0007, instance_loss: 0.0000, weighted_loss: 0.0005, label: 0, bag_size: 2809
batch 259, loss: 0.0000, instance_loss: 0.0000, weighted_loss: 0.0000, label: 0, bag_size: 2820
batch 279, loss: 0.0001, instance_loss: 0.0000, weighted_loss: 0.0001, label: 0, bag_size: 15172
batch 299, loss: 0.0004, instance_loss: 0.0000, weighted_loss: 0.0003, label: 0, bag_size: 18054
batch 319, loss: 0.0001, instance_loss: 0.0000, weighted_loss: 0.0001, label: 0, bag_size: 21466
batch 339, loss: 0.0000, instance_loss: 0.0000, weighted_loss: 0.0000, label: 0, bag_size: 948
batch 359, loss: 0.0005, instance_loss: 0.0000, weighted_loss: 0.0004, label: 1, bag_size: 10180
batch 379, loss: 0.0003, instance_loss: 0.0000, weighted_loss: 0.0002, label: 1, bag_size: 2637
batch 399, loss: 0.0000, instance_loss: 0.0003, weighted_loss: 0.0001, label: 0, bag_size: 7352
batch 419, loss: 0.0009, instance_loss: 0.0000, weighted_loss: 0.0007, label: 1, bag_size: 3628
batch 439, loss: 0.0061, instance_loss: 0.0000, weighted_loss: 0.0042, label: 1, bag_size: 14763
batch 459, loss: 0.0000, instance_loss: 0.0000, weighted_loss: 0.0000, label: 0, bag_size: 2957
batch 479, loss: 0.0000, instance_loss: 0.0002, weighted_loss: 0.0001, label: 0, bag_size: 4299
batch 499, loss: 0.0000, instance_loss: 0.0004, weighted_loss: 0.0001, label: 1, bag_size: 3354
batch 519, loss: 0.0000, instance_loss: 0.0000, weighted_loss: 0.0000, label: 0, bag_size: 11242
batch 539, loss: 0.0009, instance_loss: 0.0000, weighted_loss: 0.0006, label: 1, bag_size: 3628
batch 559, loss: 0.0000, instance_loss: 0.0000, weighted_loss: 0.0000, label: 0, bag_size: 2635
batch 579, loss: 0.0006, instance_loss: 0.0000, weighted_loss: 0.0004, label: 1, bag_size: 4492
batch 599, loss: 0.0006, instance_loss: 0.0016, weighted_loss: 0.0009, label: 0, bag_size: 1732
batch 619, loss: 0.0010, instance_loss: 0.0000, weighted_loss: 0.0007, label: 0, bag_size: 3588
batch 639, loss: 0.0036, instance_loss: 0.0000, weighted_loss: 0.0026, label: 1, bag_size: 14528
batch 659, loss: 0.0000, instance_loss: 0.0000, weighted_loss: 0.0000, label: 1, bag_size: 3354
batch 679, loss: 0.0009, instance_loss: 0.0000, weighted_loss: 0.0006, label: 1, bag_size: 22624
batch 699, loss: 0.0003, instance_loss: 0.0000, weighted_loss: 0.0002, label: 1, bag_size: 3628
batch 719, loss: 0.1499, instance_loss: 0.0000, weighted_loss: 0.1049, label: 1, bag_size: 13571
batch 739, loss: 0.0003, instance_loss: 0.0000, weighted_loss: 0.0002, label: 1, bag_size: 14414
batch 759, loss: 0.0030, instance_loss: 0.0000, weighted_loss: 0.0021, label: 1, bag_size: 6028
batch 779, loss: 0.0146, instance_loss: 0.0002, weighted_loss: 0.0103, label: 1, bag_size: 16197
batch 799, loss: 0.0016, instance_loss: 0.0000, weighted_loss: 0.0011, label: 0, bag_size: 6934
batch 819, loss: 0.0000, instance_loss: 0.0023, weighted_loss: 0.0007, label: 0, bag_size: 9855
batch 839, loss: 0.0000, instance_loss: 0.0014, weighted_loss: 0.0004, label: 1, bag_size: 3354


class 0 clustering acc 1.0: correct 6808/6808
class 1 clustering acc 1.0: correct 6808/6808
Epoch: 13, train_loss: 0.0220, train_clustering_loss:  0.0002, train_error: 0.0094
class 0: acc 0.99, correct 396/400
class 1: acc 0.991130820399113, correct 447/451

Val Set, val_loss: 0.3507, val_error: 0.0793, auc: 0.5935
class 0 clustering acc 1.0: correct 1816/1816
class 1 clustering acc 1.0: correct 1816/1816
class 0: acc 0.9409090909090909, correct 207/220
class 1: acc 0.2857142857142857, correct 2/7
EarlyStopping counter: 8 out of 10


batch 19, loss: 0.0003, instance_loss: 0.0000, weighted_loss: 0.0002, label: 1, bag_size: 21609
batch 39, loss: 0.0000, instance_loss: 0.0000, weighted_loss: 0.0000, label: 1, bag_size: 4492
batch 59, loss: 0.0048, instance_loss: 0.0000, weighted_loss: 0.0033, label: 1, bag_size: 10180
batch 79, loss: 0.0000, instance_loss: 0.0010, weighted_loss: 0.0003, label: 0, bag_size: 3016
batch 99, loss: 0.0011, instance_loss: 0.0000, weighted_loss: 0.0008, label: 1, bag_size: 2853
batch 119, loss: 0.0000, instance_loss: 0.0000, weighted_loss: 0.0000, label: 0, bag_size: 7225
batch 139, loss: 0.0025, instance_loss: 0.0000, weighted_loss: 0.0018, label: 0, bag_size: 3998
batch 159, loss: 0.0000, instance_loss: 0.0000, weighted_loss: 0.0000, label: 0, bag_size: 2089
batch 179, loss: 0.0000, instance_loss: 0.0000, weighted_loss: 0.0000, label: 0, bag_size: 3969
batch 199, loss: 0.0000, instance_loss: 0.0000, weighted_loss: 0.0000, label: 0, bag_size: 19295
batch 219, loss: 0.0000, instance_loss: 0.0005, weighted_loss: 0.0002, label: 0, bag_size: 1358
batch 239, loss: 0.0000, instance_loss: 0.0000, weighted_loss: 0.0000, label: 1, bag_size: 7879
batch 259, loss: 0.0026, instance_loss: 0.0147, weighted_loss: 0.0062, label: 0, bag_size: 10005
batch 279, loss: 0.2951, instance_loss: 0.0000, weighted_loss: 0.2066, label: 0, bag_size: 8710
batch 299, loss: 0.0007, instance_loss: 0.0000, weighted_loss: 0.0005, label: 1, bag_size: 22871
batch 319, loss: 0.0008, instance_loss: 0.0000, weighted_loss: 0.0006, label: 0, bag_size: 15444
batch 339, loss: 0.0001, instance_loss: 0.0000, weighted_loss: 0.0001, label: 0, bag_size: 6157
batch 359, loss: 0.0005, instance_loss: 0.0000, weighted_loss: 0.0004, label: 1, bag_size: 22871
batch 379, loss: 0.0054, instance_loss: 0.0000, weighted_loss: 0.0037, label: 1, bag_size: 3621
batch 399, loss: 0.0000, instance_loss: 0.0000, weighted_loss: 0.0000, label: 0, bag_size: 1456
batch 419, loss: 0.0005, instance_loss: 0.0000, weighted_loss: 0.0003, label: 0, bag_size: 3346
batch 439, loss: 0.0000, instance_loss: 0.0000, weighted_loss: 0.0000, label: 0, bag_size: 8731
batch 459, loss: 0.0962, instance_loss: 0.0000, weighted_loss: 0.0674, label: 0, bag_size: 14591
batch 479, loss: 0.0017, instance_loss: 0.0021, weighted_loss: 0.0019, label: 0, bag_size: 5342
batch 499, loss: 0.0000, instance_loss: 0.0000, weighted_loss: 0.0000, label: 0, bag_size: 3615
batch 519, loss: 0.0000, instance_loss: 0.0000, weighted_loss: 0.0000, label: 1, bag_size: 5082
batch 539, loss: 0.0009, instance_loss: 0.0000, weighted_loss: 0.0006, label: 1, bag_size: 10371
batch 559, loss: 0.0000, instance_loss: 0.0000, weighted_loss: 0.0000, label: 0, bag_size: 17770
batch 579, loss: 0.0011, instance_loss: 0.0000, weighted_loss: 0.0008, label: 0, bag_size: 10277
batch 599, loss: 0.0001, instance_loss: 0.0000, weighted_loss: 0.0000, label: 0, bag_size: 18947
batch 619, loss: 0.0002, instance_loss: 0.0000, weighted_loss: 0.0001, label: 1, bag_size: 2671
batch 639, loss: 0.0001, instance_loss: 0.0000, weighted_loss: 0.0001, label: 1, bag_size: 4516
batch 659, loss: 0.0003, instance_loss: 0.0000, weighted_loss: 0.0002, label: 0, bag_size: 4302
batch 679, loss: 0.0000, instance_loss: 0.0000, weighted_loss: 0.0000, label: 1, bag_size: 14414
batch 699, loss: 0.0000, instance_loss: 0.0000, weighted_loss: 0.0000, label: 0, bag_size: 19988
batch 719, loss: 0.0001, instance_loss: 0.0000, weighted_loss: 0.0001, label: 1, bag_size: 10180
batch 739, loss: 0.0003, instance_loss: 0.0000, weighted_loss: 0.0002, label: 1, bag_size: 2637
batch 759, loss: 0.0000, instance_loss: 0.0000, weighted_loss: 0.0000, label: 0, bag_size: 2038
batch 779, loss: 0.0004, instance_loss: 0.0000, weighted_loss: 0.0003, label: 0, bag_size: 6548
batch 799, loss: 0.0004, instance_loss: 0.0000, weighted_loss: 0.0003, label: 1, bag_size: 5906
batch 819, loss: 0.0000, instance_loss: 0.0000, weighted_loss: 0.0000, label: 0, bag_size: 15395
batch 839, loss: 0.0001, instance_loss: 0.0000, weighted_loss: 0.0001, label: 1, bag_size: 3628


class 0 clustering acc 1.0: correct 6808/6808
class 1 clustering acc 1.0: correct 6808/6808
Epoch: 14, train_loss: 0.0020, train_clustering_loss:  0.0002, train_error: 0.0000
class 0: acc 1.0, correct 445/445
class 1: acc 1.0, correct 406/406

Val Set, val_loss: 0.3578, val_error: 0.0617, auc: 0.5591
class 0 clustering acc 1.0: correct 1816/1816
class 1 clustering acc 1.0: correct 1816/1816
class 0: acc 0.9590909090909091, correct 211/220
class 1: acc 0.2857142857142857, correct 2/7
EarlyStopping counter: 9 out of 10


batch 19, loss: 0.0000, instance_loss: 0.0000, weighted_loss: 0.0000, label: 0, bag_size: 17547
batch 39, loss: 0.0002, instance_loss: 0.0000, weighted_loss: 0.0001, label: 1, bag_size: 5956
batch 59, loss: 0.0038, instance_loss: 0.0000, weighted_loss: 0.0026, label: 1, bag_size: 5137
batch 79, loss: 0.0000, instance_loss: 0.0000, weighted_loss: 0.0000, label: 0, bag_size: 5922
batch 99, loss: 0.0000, instance_loss: 0.0000, weighted_loss: 0.0000, label: 0, bag_size: 3374
batch 119, loss: 0.0001, instance_loss: 0.0000, weighted_loss: 0.0001, label: 1, bag_size: 22042
batch 139, loss: 0.0000, instance_loss: 0.0000, weighted_loss: 0.0000, label: 0, bag_size: 5483
batch 159, loss: 0.0000, instance_loss: 0.0000, weighted_loss: 0.0000, label: 0, bag_size: 24284
batch 179, loss: 0.0002, instance_loss: 0.0000, weighted_loss: 0.0001, label: 1, bag_size: 22871
batch 199, loss: 0.0036, instance_loss: 0.0002, weighted_loss: 0.0026, label: 0, bag_size: 10172
batch 219, loss: 0.0004, instance_loss: 0.0000, weighted_loss: 0.0003, label: 1, bag_size: 4492
batch 239, loss: 0.0001, instance_loss: 0.0000, weighted_loss: 0.0001, label: 0, bag_size: 3969
batch 259, loss: 0.0000, instance_loss: 0.0000, weighted_loss: 0.0000, label: 0, bag_size: 19929
batch 279, loss: 0.0004, instance_loss: 0.0000, weighted_loss: 0.0003, label: 0, bag_size: 3409
batch 299, loss: 0.0001, instance_loss: 0.0000, weighted_loss: 0.0000, label: 0, bag_size: 14779
batch 319, loss: 0.0000, instance_loss: 0.0000, weighted_loss: 0.0000, label: 0, bag_size: 3841
batch 339, loss: 0.0024, instance_loss: 0.0025, weighted_loss: 0.0024, label: 0, bag_size: 1011
batch 359, loss: 0.0000, instance_loss: 0.0000, weighted_loss: 0.0000, label: 0, bag_size: 17592
batch 379, loss: 0.0056, instance_loss: 0.0000, weighted_loss: 0.0039, label: 1, bag_size: 22042
batch 399, loss: 0.0028, instance_loss: 0.0000, weighted_loss: 0.0019, label: 1, bag_size: 22624
batch 419, loss: 0.0000, instance_loss: 0.0000, weighted_loss: 0.0000, label: 0, bag_size: 2830
batch 439, loss: 0.0001, instance_loss: 0.0000, weighted_loss: 0.0001, label: 1, bag_size: 4760
batch 459, loss: 0.8870, instance_loss: 0.0000, weighted_loss: 0.6209, label: 0, bag_size: 10923
batch 479, loss: 0.1067, instance_loss: 0.0000, weighted_loss: 0.0747, label: 1, bag_size: 14528
batch 499, loss: 0.0002, instance_loss: 0.0000, weighted_loss: 0.0001, label: 1, bag_size: 12989
batch 519, loss: 0.0002, instance_loss: 0.0000, weighted_loss: 0.0002, label: 1, bag_size: 10180
batch 539, loss: 0.0000, instance_loss: 0.0000, weighted_loss: 0.0000, label: 0, bag_size: 3503
batch 559, loss: 0.0023, instance_loss: 0.0000, weighted_loss: 0.0016, label: 1, bag_size: 22399
batch 579, loss: 0.0002, instance_loss: 0.0002, weighted_loss: 0.0002, label: 1, bag_size: 5137
batch 599, loss: 0.0001, instance_loss: 0.0000, weighted_loss: 0.0000, label: 1, bag_size: 3628
batch 619, loss: 0.0000, instance_loss: 0.0000, weighted_loss: 0.0000, label: 1, bag_size: 5956
batch 639, loss: 0.0001, instance_loss: 0.0000, weighted_loss: 0.0000, label: 0, bag_size: 2666
batch 659, loss: 0.0000, instance_loss: 0.0002, weighted_loss: 0.0001, label: 0, bag_size: 3673
batch 679, loss: 0.0000, instance_loss: 0.0000, weighted_loss: 0.0000, label: 0, bag_size: 6778
batch 699, loss: 0.0004, instance_loss: 0.0000, weighted_loss: 0.0003, label: 0, bag_size: 18559
batch 719, loss: 0.0003, instance_loss: 0.0000, weighted_loss: 0.0002, label: 1, bag_size: 5906
batch 739, loss: 0.2298, instance_loss: 0.0000, weighted_loss: 0.1609, label: 1, bag_size: 16197
batch 759, loss: 0.0001, instance_loss: 0.0000, weighted_loss: 0.0001, label: 0, bag_size: 2439
batch 779, loss: 0.0353, instance_loss: 0.0000, weighted_loss: 0.0247, label: 1, bag_size: 21609
batch 799, loss: 0.0004, instance_loss: 0.0002, weighted_loss: 0.0003, label: 0, bag_size: 2119
batch 819, loss: 0.0006, instance_loss: 0.0000, weighted_loss: 0.0004, label: 1, bag_size: 5906
batch 839, loss: 0.0000, instance_loss: 0.0002, weighted_loss: 0.0001, label: 1, bag_size: 3411


class 0 clustering acc 1.0: correct 6808/6808
class 1 clustering acc 1.0: correct 6808/6808
Epoch: 15, train_loss: 0.0267, train_clustering_loss:  0.0001, train_error: 0.0071
class 0: acc 0.9899244332493703, correct 393/397
class 1: acc 0.9955947136563876, correct 452/454

Val Set, val_loss: 0.4947, val_error: 0.1057, auc: 0.5675
class 0 clustering acc 1.0: correct 1816/1816
class 1 clustering acc 1.0: correct 1816/1816
class 0: acc 0.9181818181818182, correct 202/220
class 1: acc 0.14285714285714285, correct 1/7
EarlyStopping counter: 10 out of 10
Early stopping
Val error: 0.1278, ROC AUC: 0.5519
CV validation error: 0.1278, ROC AUC: 0.5519
class 0: acc 0.8954545454545455, correct 197/220
class 1: acc 0.14285714285714285, correct 1/7
Future event metrics: {"fold": 0, "events": 109, "positive_events": 3, "event_average_precision": 0.07513061650992686, "event_roc_auc": 0.6446540880503144, "event_brier": 0.06028140216529624, "aggregation": "mean probability across all included stains/slides of same patient/anchor date", "exploratory_cv_not_independent_final_test": true}
HE augmentation: {"fold": 1, "seed": 11, "train_slides": 877, "eligible_he_train": 52, "unchanged_train": 825, "policy": "geometry", "total_views": 2, "he_original_probability": 0.5, "view_seed": 20372020, "val_test_original_only": true, "split_sha256": "6f1a6cdb5bac2da3bb42d17828760c50f3fad5fc5f3317b5ef2cee5b10a07ac6", "validation_used_for_checkpoint_selection": true, "independent_final_test": false}

Training Fold 1!

Init train/val/test splits... 
Done!
Training on 877 samples
Validating on 201 samples
Testing on 0 samples

Init loss function... Done!

Init Model... Setting tau to 1.0
Done!
CLAM_SB(
  (attention_net): Sequential(
    (0): Linear(in_features=1536, out_features=512, bias=True)
    (1): ReLU()
    (2): Dropout(p=0.25, inplace=False)
    (3): Attn_Net_Gated(
      (attention_a): Sequential(
        (0): Linear(in_features=512, out_features=256, bias=True)
        (1): Tanh()
        (2): Dropout(p=0.25, inplace=False)
      )
      (attention_b): Sequential(
        (0): Linear(in_features=512, out_features=256, bias=True)
        (1): Sigmoid()
        (2): Dropout(p=0.25, inplace=False)
      )
      (attention_c): Linear(in_features=256, out_features=1, bias=True)
    )
  )
  (classifiers): Linear(in_features=512, out_features=2, bias=True)
  (instance_classifiers): ModuleList(
    (0-1): 2 x Linear(in_features=512, out_features=2, bias=True)
  )
  (instance_loss_fn): SmoothTop1SVM()
)
Total number of parameters: 1052935
Total number of trainable parameters: 1052935

Init optimizer ... Done!

Init Loaders... Done!

Setup EarlyStopping... Done!


batch 19, loss: 0.3175, instance_loss: 0.8071, weighted_loss: 0.4644, label: 0, bag_size: 9548
batch 39, loss: 1.8217, instance_loss: 2.1172, weighted_loss: 1.9103, label: 1, bag_size: 7879
batch 59, loss: 0.7977, instance_loss: 2.6389, weighted_loss: 1.3501, label: 0, bag_size: 8593
batch 79, loss: 0.6350, instance_loss: 1.4402, weighted_loss: 0.8765, label: 0, bag_size: 11456
batch 99, loss: 1.0141, instance_loss: 1.0238, weighted_loss: 1.0171, label: 1, bag_size: 2637
batch 119, loss: 0.3166, instance_loss: 0.0957, weighted_loss: 0.2503, label: 1, bag_size: 22042
batch 139, loss: 0.3692, instance_loss: 0.3085, weighted_loss: 0.3510, label: 1, bag_size: 14318
batch 159, loss: 0.7025, instance_loss: 0.2216, weighted_loss: 0.5582, label: 1, bag_size: 4365
batch 179, loss: 0.6767, instance_loss: 0.3186, weighted_loss: 0.5693, label: 0, bag_size: 3727
batch 199, loss: 1.1961, instance_loss: 0.6214, weighted_loss: 1.0237, label: 1, bag_size: 3628
batch 219, loss: 0.4698, instance_loss: 0.0220, weighted_loss: 0.3355, label: 1, bag_size: 16197
batch 239, loss: 0.9575, instance_loss: 0.1643, weighted_loss: 0.7196, label: 1, bag_size: 5828
batch 259, loss: 0.2410, instance_loss: 0.1274, weighted_loss: 0.2069, label: 0, bag_size: 3108
batch 279, loss: 1.1318, instance_loss: 0.0211, weighted_loss: 0.7986, label: 0, bag_size: 15821
batch 299, loss: 0.2860, instance_loss: 0.2509, weighted_loss: 0.2755, label: 1, bag_size: 4563
batch 319, loss: 0.7546, instance_loss: 0.0022, weighted_loss: 0.5289, label: 1, bag_size: 22042
batch 339, loss: 0.1899, instance_loss: 0.0098, weighted_loss: 0.1358, label: 1, bag_size: 22624
batch 359, loss: 0.1479, instance_loss: 0.0038, weighted_loss: 0.1046, label: 1, bag_size: 18621
batch 379, loss: 0.0158, instance_loss: 0.1418, weighted_loss: 0.0536, label: 1, bag_size: 2644
batch 399, loss: 0.5302, instance_loss: 0.0261, weighted_loss: 0.3790, label: 1, bag_size: 4492
batch 419, loss: 1.2706, instance_loss: 0.1408, weighted_loss: 0.9317, label: 1, bag_size: 6028
batch 439, loss: 1.6812, instance_loss: 0.1924, weighted_loss: 1.2346, label: 0, bag_size: 5584
batch 459, loss: 0.5133, instance_loss: 0.0230, weighted_loss: 0.3662, label: 0, bag_size: 11364
batch 479, loss: 0.6930, instance_loss: 0.0491, weighted_loss: 0.4998, label: 0, bag_size: 4852
batch 499, loss: 1.0069, instance_loss: 0.0106, weighted_loss: 0.7080, label: 0, bag_size: 3305
batch 519, loss: 0.6656, instance_loss: 0.0217, weighted_loss: 0.4724, label: 1, bag_size: 7879
batch 539, loss: 0.6242, instance_loss: 0.1012, weighted_loss: 0.4673, label: 0, bag_size: 2405
batch 559, loss: 0.3738, instance_loss: 0.0022, weighted_loss: 0.2623, label: 1, bag_size: 13646
batch 579, loss: 0.6404, instance_loss: 0.0041, weighted_loss: 0.4495, label: 1, bag_size: 3621
batch 599, loss: 0.7256, instance_loss: 0.0114, weighted_loss: 0.5113, label: 0, bag_size: 7324
batch 619, loss: 0.8451, instance_loss: 0.0110, weighted_loss: 0.5949, label: 1, bag_size: 4492
batch 639, loss: 1.7962, instance_loss: 0.0137, weighted_loss: 1.2615, label: 0, bag_size: 17549
batch 659, loss: 0.6111, instance_loss: 0.0131, weighted_loss: 0.4317, label: 0, bag_size: 2726
batch 679, loss: 0.7848, instance_loss: 0.0055, weighted_loss: 0.5510, label: 0, bag_size: 1451
batch 699, loss: 0.5145, instance_loss: 0.0224, weighted_loss: 0.3669, label: 1, bag_size: 4492
batch 719, loss: 0.1292, instance_loss: 0.0188, weighted_loss: 0.0961, label: 0, bag_size: 6932
batch 739, loss: 0.7896, instance_loss: 0.0023, weighted_loss: 0.5534, label: 0, bag_size: 15444
batch 759, loss: 0.2588, instance_loss: 0.0125, weighted_loss: 0.1849, label: 0, bag_size: 3695
batch 779, loss: 0.1307, instance_loss: 0.0000, weighted_loss: 0.0915, label: 1, bag_size: 12989
batch 799, loss: 1.1422, instance_loss: 0.0018, weighted_loss: 0.8001, label: 0, bag_size: 19946
batch 819, loss: 2.5747, instance_loss: 0.0015, weighted_loss: 1.8027, label: 1, bag_size: 18621
batch 839, loss: 0.1251, instance_loss: 0.0037, weighted_loss: 0.0887, label: 0, bag_size: 5615
batch 859, loss: 0.3113, instance_loss: 0.0013, weighted_loss: 0.2183, label: 1, bag_size: 14528


class 0 clustering acc 0.9441277080957811: correct 6624/7016
class 1 clustering acc 0.942987457240593: correct 6616/7016
Epoch: 0, train_loss: 0.5790, train_clustering_loss:  0.2336, train_error: 0.3136
class 0: acc 0.6942528735632184, correct 302/435
class 1: acc 0.6787330316742082, correct 300/442

Val Set, val_loss: 0.4569, val_error: 0.1990, auc: 0.6887
class 0 clustering acc 1.0: correct 1608/1608
class 1 clustering acc 1.0: correct 1608/1608
class 0: acc 0.8177083333333334, correct 157/192
class 1: acc 0.4444444444444444, correct 4/9
Validation loss decreased (inf --> 0.456889).  Saving model ...


batch 19, loss: 0.4497, instance_loss: 0.0065, weighted_loss: 0.3167, label: 0, bag_size: 21894
batch 39, loss: 0.0162, instance_loss: 0.0003, weighted_loss: 0.0114, label: 1, bag_size: 4563
batch 59, loss: 0.1969, instance_loss: 0.0043, weighted_loss: 0.1392, label: 0, bag_size: 8075
batch 79, loss: 1.2961, instance_loss: 0.0040, weighted_loss: 0.9085, label: 1, bag_size: 8663
batch 99, loss: 0.1458, instance_loss: 0.0000, weighted_loss: 0.1021, label: 1, bag_size: 22624
batch 119, loss: 0.0464, instance_loss: 0.0181, weighted_loss: 0.0379, label: 0, bag_size: 5115
batch 139, loss: 0.7580, instance_loss: 0.0051, weighted_loss: 0.5321, label: 1, bag_size: 6812
batch 159, loss: 0.4201, instance_loss: 0.0073, weighted_loss: 0.2962, label: 0, bag_size: 7208
batch 179, loss: 0.0744, instance_loss: 0.0816, weighted_loss: 0.0766, label: 0, bag_size: 6907
batch 199, loss: 0.3652, instance_loss: 0.0183, weighted_loss: 0.2612, label: 1, bag_size: 4492
batch 219, loss: 0.0601, instance_loss: 0.0029, weighted_loss: 0.0429, label: 0, bag_size: 17805
batch 239, loss: 0.0306, instance_loss: 0.0003, weighted_loss: 0.0215, label: 1, bag_size: 6028
batch 259, loss: 0.3655, instance_loss: 0.0000, weighted_loss: 0.2559, label: 1, bag_size: 3621
batch 279, loss: 0.4762, instance_loss: 0.0065, weighted_loss: 0.3353, label: 1, bag_size: 4492
batch 299, loss: 0.1465, instance_loss: 0.0003, weighted_loss: 0.1026, label: 1, bag_size: 21952
batch 319, loss: 0.1404, instance_loss: 0.0182, weighted_loss: 0.1038, label: 0, bag_size: 4684
batch 339, loss: 0.0096, instance_loss: 0.0012, weighted_loss: 0.0070, label: 1, bag_size: 5137
batch 359, loss: 0.0021, instance_loss: 0.0493, weighted_loss: 0.0162, label: 0, bag_size: 18081
batch 379, loss: 0.0049, instance_loss: 0.0017, weighted_loss: 0.0039, label: 0, bag_size: 18154
batch 399, loss: 0.0585, instance_loss: 0.0007, weighted_loss: 0.0411, label: 0, bag_size: 1889
batch 419, loss: 0.0048, instance_loss: 0.0013, weighted_loss: 0.0038, label: 1, bag_size: 4563
batch 439, loss: 0.0171, instance_loss: 0.0017, weighted_loss: 0.0125, label: 1, bag_size: 15079
batch 459, loss: 0.6231, instance_loss: 0.0046, weighted_loss: 0.4376, label: 0, bag_size: 2553
batch 479, loss: 0.1186, instance_loss: 0.0000, weighted_loss: 0.0831, label: 1, bag_size: 7733
batch 499, loss: 0.1667, instance_loss: 0.0007, weighted_loss: 0.1169, label: 0, bag_size: 5545
batch 519, loss: 0.1257, instance_loss: 0.0002, weighted_loss: 0.0881, label: 1, bag_size: 4760
batch 539, loss: 2.4884, instance_loss: 0.0065, weighted_loss: 1.7438, label: 1, bag_size: 21952
batch 559, loss: 0.0375, instance_loss: 0.0000, weighted_loss: 0.0262, label: 1, bag_size: 22042
batch 579, loss: 1.1337, instance_loss: 0.0013, weighted_loss: 0.7940, label: 0, bag_size: 25944
batch 599, loss: 0.0078, instance_loss: 0.0027, weighted_loss: 0.0063, label: 0, bag_size: 18625
batch 619, loss: 0.0187, instance_loss: 0.0017, weighted_loss: 0.0136, label: 1, bag_size: 3628
batch 639, loss: 0.1276, instance_loss: 0.0010, weighted_loss: 0.0896, label: 0, bag_size: 3088
batch 659, loss: 0.9261, instance_loss: 0.0002, weighted_loss: 0.6483, label: 0, bag_size: 4544
batch 679, loss: 0.1508, instance_loss: 0.0055, weighted_loss: 0.1072, label: 0, bag_size: 5006
batch 699, loss: 0.2380, instance_loss: 0.0040, weighted_loss: 0.1678, label: 0, bag_size: 4217
batch 719, loss: 0.0912, instance_loss: 0.0065, weighted_loss: 0.0658, label: 0, bag_size: 3205
batch 739, loss: 0.8158, instance_loss: 0.0018, weighted_loss: 0.5716, label: 0, bag_size: 15510
batch 759, loss: 0.4376, instance_loss: 0.0009, weighted_loss: 0.3066, label: 1, bag_size: 9833
batch 779, loss: 0.2127, instance_loss: 0.0041, weighted_loss: 0.1501, label: 0, bag_size: 19574
batch 799, loss: 0.7243, instance_loss: 0.0015, weighted_loss: 0.5074, label: 0, bag_size: 4100
batch 819, loss: 0.0286, instance_loss: 0.0002, weighted_loss: 0.0201, label: 0, bag_size: 21466
batch 839, loss: 0.1083, instance_loss: 0.0007, weighted_loss: 0.0760, label: 1, bag_size: 4760
batch 859, loss: 0.0087, instance_loss: 0.0000, weighted_loss: 0.0061, label: 1, bag_size: 13646


class 0 clustering acc 0.999714937286203: correct 7014/7016
class 1 clustering acc 0.9998574686431014: correct 7015/7016
Epoch: 1, train_loss: 0.3539, train_clustering_loss:  0.0055, train_error: 0.1619
class 0: acc 0.8321513002364066, correct 352/423
class 1: acc 0.8436123348017621, correct 383/454

Val Set, val_loss: 0.3331, val_error: 0.1144, auc: 0.5284
class 0 clustering acc 1.0: correct 1608/1608
class 1 clustering acc 0.9993781094527363: correct 1607/1608
class 0: acc 0.921875, correct 177/192
class 1: acc 0.1111111111111111, correct 1/9
Validation loss decreased (0.456889 --> 0.333062).  Saving model ...


batch 19, loss: 0.0563, instance_loss: 0.0000, weighted_loss: 0.0394, label: 1, bag_size: 22042
batch 39, loss: 0.0212, instance_loss: 0.0006, weighted_loss: 0.0150, label: 1, bag_size: 2637
batch 59, loss: 0.0194, instance_loss: 0.0004, weighted_loss: 0.0137, label: 1, bag_size: 4492
batch 79, loss: 0.0544, instance_loss: 0.0006, weighted_loss: 0.0383, label: 1, bag_size: 4563
batch 99, loss: 0.0984, instance_loss: 0.0028, weighted_loss: 0.0697, label: 0, bag_size: 4324
batch 119, loss: 0.0180, instance_loss: 0.0015, weighted_loss: 0.0131, label: 1, bag_size: 15079
batch 139, loss: 1.1100, instance_loss: 0.0008, weighted_loss: 0.7772, label: 0, bag_size: 17986
batch 159, loss: 0.0285, instance_loss: 0.0015, weighted_loss: 0.0204, label: 0, bag_size: 13621
batch 179, loss: 0.0190, instance_loss: 0.0000, weighted_loss: 0.0133, label: 1, bag_size: 22042
batch 199, loss: 0.0232, instance_loss: 0.0940, weighted_loss: 0.0445, label: 1, bag_size: 14528
batch 219, loss: 0.0288, instance_loss: 0.0003, weighted_loss: 0.0203, label: 0, bag_size: 10718
batch 239, loss: 0.0038, instance_loss: 0.0000, weighted_loss: 0.0027, label: 1, bag_size: 4563
batch 259, loss: 0.0132, instance_loss: 0.0012, weighted_loss: 0.0096, label: 1, bag_size: 2637
batch 279, loss: 0.1058, instance_loss: 0.0002, weighted_loss: 0.0741, label: 0, bag_size: 3346
batch 299, loss: 0.0332, instance_loss: 0.0000, weighted_loss: 0.0232, label: 1, bag_size: 22042
batch 319, loss: 0.0046, instance_loss: 0.0056, weighted_loss: 0.0049, label: 0, bag_size: 2311
batch 339, loss: 0.0125, instance_loss: 0.0002, weighted_loss: 0.0088, label: 1, bag_size: 5082
batch 359, loss: 0.0515, instance_loss: 0.0000, weighted_loss: 0.0360, label: 1, bag_size: 12989
batch 379, loss: 0.2333, instance_loss: 0.0000, weighted_loss: 0.1633, label: 0, bag_size: 12810
batch 399, loss: 0.0246, instance_loss: 0.0002, weighted_loss: 0.0172, label: 1, bag_size: 2671
batch 419, loss: 0.0075, instance_loss: 0.0003, weighted_loss: 0.0053, label: 1, bag_size: 5137
batch 439, loss: 0.6123, instance_loss: 0.0000, weighted_loss: 0.4286, label: 1, bag_size: 7879
batch 459, loss: 0.0032, instance_loss: 0.0080, weighted_loss: 0.0046, label: 0, bag_size: 15625
batch 479, loss: 0.0289, instance_loss: 0.0058, weighted_loss: 0.0220, label: 0, bag_size: 20347
batch 499, loss: 0.0009, instance_loss: 0.0004, weighted_loss: 0.0008, label: 0, bag_size: 15634
batch 519, loss: 0.0003, instance_loss: 0.0003, weighted_loss: 0.0003, label: 0, bag_size: 23729
batch 539, loss: 0.0008, instance_loss: 0.0004, weighted_loss: 0.0007, label: 0, bag_size: 18559
batch 559, loss: 0.0221, instance_loss: 0.0004, weighted_loss: 0.0156, label: 1, bag_size: 4492
batch 579, loss: 0.0441, instance_loss: 0.0000, weighted_loss: 0.0309, label: 0, bag_size: 4062
batch 599, loss: 2.5944, instance_loss: 0.0052, weighted_loss: 1.8176, label: 1, bag_size: 6344
batch 619, loss: 0.0052, instance_loss: 0.0005, weighted_loss: 0.0038, label: 1, bag_size: 7733
batch 639, loss: 0.0012, instance_loss: 0.0267, weighted_loss: 0.0089, label: 0, bag_size: 3840
batch 659, loss: 0.0554, instance_loss: 0.0045, weighted_loss: 0.0401, label: 0, bag_size: 13449
batch 679, loss: 0.1204, instance_loss: 0.0329, weighted_loss: 0.0941, label: 1, bag_size: 3628
batch 699, loss: 0.0196, instance_loss: 0.0034, weighted_loss: 0.0147, label: 1, bag_size: 14528
batch 719, loss: 0.0311, instance_loss: 0.0000, weighted_loss: 0.0218, label: 1, bag_size: 5082
batch 739, loss: 0.1624, instance_loss: 0.0000, weighted_loss: 0.1136, label: 1, bag_size: 22042
batch 759, loss: 0.0469, instance_loss: 0.0003, weighted_loss: 0.0329, label: 1, bag_size: 8663
batch 779, loss: 0.0128, instance_loss: 0.0000, weighted_loss: 0.0090, label: 1, bag_size: 13646
batch 799, loss: 0.0073, instance_loss: 0.0000, weighted_loss: 0.0051, label: 1, bag_size: 21952
batch 819, loss: 0.0109, instance_loss: 0.0014, weighted_loss: 0.0081, label: 0, bag_size: 9852
batch 839, loss: 0.0367, instance_loss: 0.0000, weighted_loss: 0.0257, label: 0, bag_size: 21466
batch 859, loss: 0.0001, instance_loss: 0.0000, weighted_loss: 0.0000, label: 0, bag_size: 17284


class 0 clustering acc 1.0: correct 7016/7016
class 1 clustering acc 1.0: correct 7016/7016
Epoch: 2, train_loss: 0.2135, train_clustering_loss:  0.0035, train_error: 0.0889
class 0: acc 0.8955916473317865, correct 386/431
class 1: acc 0.9260089686098655, correct 413/446

Val Set, val_loss: 0.3308, val_error: 0.0995, auc: 0.5868
class 0 clustering acc 1.0: correct 1608/1608
class 1 clustering acc 0.9993781094527363: correct 1607/1608
class 0: acc 0.9322916666666666, correct 179/192
class 1: acc 0.2222222222222222, correct 2/9
Validation loss decreased (0.333062 --> 0.330784).  Saving model ...


batch 19, loss: 1.6202, instance_loss: 0.0000, weighted_loss: 1.1341, label: 0, bag_size: 17232
batch 39, loss: 0.0216, instance_loss: 0.0003, weighted_loss: 0.0152, label: 1, bag_size: 6028
batch 59, loss: 0.0591, instance_loss: 0.0042, weighted_loss: 0.0427, label: 1, bag_size: 5828
batch 79, loss: 0.0140, instance_loss: 0.0000, weighted_loss: 0.0098, label: 1, bag_size: 21952
batch 99, loss: 0.5247, instance_loss: 0.0010, weighted_loss: 0.3676, label: 1, bag_size: 14318
batch 119, loss: 0.0197, instance_loss: 0.0000, weighted_loss: 0.0138, label: 1, bag_size: 14318
batch 139, loss: 0.0007, instance_loss: 0.0008, weighted_loss: 0.0007, label: 1, bag_size: 9833
batch 159, loss: 0.0057, instance_loss: 0.0000, weighted_loss: 0.0040, label: 0, bag_size: 7722
batch 179, loss: 0.0305, instance_loss: 0.0000, weighted_loss: 0.0213, label: 1, bag_size: 1140
batch 199, loss: 0.0305, instance_loss: 0.0000, weighted_loss: 0.0214, label: 1, bag_size: 22042
batch 219, loss: 0.0023, instance_loss: 0.0016, weighted_loss: 0.0021, label: 0, bag_size: 1879
batch 239, loss: 0.0109, instance_loss: 0.0002, weighted_loss: 0.0077, label: 1, bag_size: 15079
batch 259, loss: 0.0011, instance_loss: 0.0008, weighted_loss: 0.0010, label: 0, bag_size: 6943
batch 279, loss: 0.0211, instance_loss: 0.0000, weighted_loss: 0.0148, label: 1, bag_size: 2644
batch 299, loss: 0.0019, instance_loss: 0.0014, weighted_loss: 0.0017, label: 0, bag_size: 2095
batch 319, loss: 0.0033, instance_loss: 0.0013, weighted_loss: 0.0027, label: 1, bag_size: 15079
batch 339, loss: 0.0021, instance_loss: 0.0004, weighted_loss: 0.0016, label: 0, bag_size: 1875
batch 359, loss: 0.0046, instance_loss: 0.0000, weighted_loss: 0.0032, label: 0, bag_size: 5584
batch 379, loss: 0.0074, instance_loss: 0.0058, weighted_loss: 0.0069, label: 1, bag_size: 4492
batch 399, loss: 0.2676, instance_loss: 0.0011, weighted_loss: 0.1877, label: 1, bag_size: 3621
batch 419, loss: 0.1544, instance_loss: 0.0100, weighted_loss: 0.1111, label: 0, bag_size: 3555
batch 439, loss: 0.0046, instance_loss: 0.0002, weighted_loss: 0.0033, label: 0, bag_size: 2957
batch 459, loss: 0.0397, instance_loss: 0.0004, weighted_loss: 0.0279, label: 0, bag_size: 3386
batch 479, loss: 0.0006, instance_loss: 0.0018, weighted_loss: 0.0010, label: 0, bag_size: 3068
batch 499, loss: 0.0729, instance_loss: 0.0025, weighted_loss: 0.0518, label: 0, bag_size: 19946
batch 519, loss: 0.0369, instance_loss: 0.0000, weighted_loss: 0.0258, label: 1, bag_size: 22042
batch 539, loss: 0.1920, instance_loss: 0.0074, weighted_loss: 0.1366, label: 1, bag_size: 7733
batch 559, loss: 0.0107, instance_loss: 0.0099, weighted_loss: 0.0104, label: 1, bag_size: 3628
batch 579, loss: 0.0064, instance_loss: 0.0000, weighted_loss: 0.0045, label: 0, bag_size: 15270
batch 599, loss: 0.0019, instance_loss: 0.0017, weighted_loss: 0.0019, label: 1, bag_size: 3621
batch 619, loss: 0.0000, instance_loss: 0.0000, weighted_loss: 0.0000, label: 0, bag_size: 4932
batch 639, loss: 0.0001, instance_loss: 0.0000, weighted_loss: 0.0000, label: 0, bag_size: 6157
batch 659, loss: 0.0172, instance_loss: 0.0000, weighted_loss: 0.0121, label: 1, bag_size: 22042
batch 679, loss: 0.0034, instance_loss: 0.0003, weighted_loss: 0.0025, label: 0, bag_size: 8737
batch 699, loss: 0.0075, instance_loss: 0.0003, weighted_loss: 0.0053, label: 0, bag_size: 23088
batch 719, loss: 0.0006, instance_loss: 0.0017, weighted_loss: 0.0009, label: 1, bag_size: 7733
batch 739, loss: 0.0044, instance_loss: 0.0000, weighted_loss: 0.0031, label: 0, bag_size: 1858
batch 759, loss: 0.0436, instance_loss: 0.0005, weighted_loss: 0.0307, label: 0, bag_size: 9251
batch 779, loss: 0.0010, instance_loss: 0.0000, weighted_loss: 0.0007, label: 0, bag_size: 5545
batch 799, loss: 0.0738, instance_loss: 0.0003, weighted_loss: 0.0517, label: 1, bag_size: 2644
batch 819, loss: 0.0000, instance_loss: 0.0038, weighted_loss: 0.0011, label: 0, bag_size: 1517
batch 839, loss: 0.5978, instance_loss: 0.0013, weighted_loss: 0.4189, label: 1, bag_size: 1140
batch 859, loss: 0.0004, instance_loss: 0.0013, weighted_loss: 0.0007, label: 0, bag_size: 4811


class 0 clustering acc 1.0: correct 7016/7016
class 1 clustering acc 0.999714937286203: correct 7014/7016
Epoch: 3, train_loss: 0.0970, train_clustering_loss:  0.0037, train_error: 0.0331
class 0: acc 0.9548532731376975, correct 423/443
class 1: acc 0.9792626728110599, correct 425/434

Val Set, val_loss: 0.3853, val_error: 0.0995, auc: 0.6019
class 0 clustering acc 1.0: correct 1608/1608
class 1 clustering acc 1.0: correct 1608/1608
class 0: acc 0.9322916666666666, correct 179/192
class 1: acc 0.2222222222222222, correct 2/9
EarlyStopping counter: 1 out of 10


batch 19, loss: 0.0640, instance_loss: 0.0292, weighted_loss: 0.0536, label: 0, bag_size: 1561
batch 39, loss: 0.0068, instance_loss: 0.0000, weighted_loss: 0.0047, label: 1, bag_size: 22624
batch 59, loss: 0.0001, instance_loss: 0.0027, weighted_loss: 0.0009, label: 1, bag_size: 2637
batch 79, loss: 0.0003, instance_loss: 0.0337, weighted_loss: 0.0103, label: 0, bag_size: 78871
batch 99, loss: 0.0270, instance_loss: 0.0004, weighted_loss: 0.0190, label: 0, bag_size: 3559
batch 119, loss: 0.3756, instance_loss: 0.0038, weighted_loss: 0.2640, label: 1, bag_size: 4492
batch 139, loss: 0.0012, instance_loss: 0.0000, weighted_loss: 0.0008, label: 1, bag_size: 4492
batch 159, loss: 0.0073, instance_loss: 0.0000, weighted_loss: 0.0051, label: 1, bag_size: 8663
batch 179, loss: 0.0003, instance_loss: 0.0006, weighted_loss: 0.0004, label: 0, bag_size: 8542
batch 199, loss: 0.1309, instance_loss: 0.0039, weighted_loss: 0.0928, label: 0, bag_size: 11889
batch 219, loss: 0.0026, instance_loss: 0.0000, weighted_loss: 0.0018, label: 1, bag_size: 13646
batch 239, loss: 0.0104, instance_loss: 0.0005, weighted_loss: 0.0074, label: 1, bag_size: 21952
batch 259, loss: 0.0059, instance_loss: 0.0034, weighted_loss: 0.0052, label: 0, bag_size: 17692
batch 279, loss: 0.0007, instance_loss: 0.0000, weighted_loss: 0.0005, label: 1, bag_size: 4276
batch 299, loss: 0.0005, instance_loss: 0.0002, weighted_loss: 0.0004, label: 0, bag_size: 1768
batch 319, loss: 0.0191, instance_loss: 0.0000, weighted_loss: 0.0134, label: 1, bag_size: 8663
batch 339, loss: 0.0587, instance_loss: 0.0000, weighted_loss: 0.0411, label: 1, bag_size: 5082
batch 359, loss: 0.0005, instance_loss: 0.0009, weighted_loss: 0.0006, label: 0, bag_size: 1717
batch 379, loss: 0.0045, instance_loss: 0.0000, weighted_loss: 0.0031, label: 1, bag_size: 13571
batch 399, loss: 0.0223, instance_loss: 0.0098, weighted_loss: 0.0185, label: 1, bag_size: 3628
batch 419, loss: 0.0049, instance_loss: 0.0003, weighted_loss: 0.0035, label: 1, bag_size: 5137
batch 439, loss: 0.0001, instance_loss: 0.0000, weighted_loss: 0.0001, label: 0, bag_size: 6185
batch 459, loss: 0.0130, instance_loss: 0.0000, weighted_loss: 0.0091, label: 1, bag_size: 5082
batch 479, loss: 0.0000, instance_loss: 0.0005, weighted_loss: 0.0002, label: 0, bag_size: 3003
batch 499, loss: 0.0004, instance_loss: 0.0007, weighted_loss: 0.0005, label: 0, bag_size: 2820
batch 519, loss: 0.0004, instance_loss: 0.0006, weighted_loss: 0.0004, label: 0, bag_size: 2076
batch 539, loss: 0.0017, instance_loss: 0.0105, weighted_loss: 0.0043, label: 0, bag_size: 2226
batch 559, loss: 3.2084, instance_loss: 0.0000, weighted_loss: 2.2459, label: 1, bag_size: 9833
batch 579, loss: 0.0002, instance_loss: 0.0053, weighted_loss: 0.0017, label: 1, bag_size: 3628
batch 599, loss: 0.0013, instance_loss: 0.0093, weighted_loss: 0.0037, label: 0, bag_size: 18329
batch 619, loss: 0.3925, instance_loss: 0.0017, weighted_loss: 0.2752, label: 1, bag_size: 5828
batch 639, loss: 0.0020, instance_loss: 0.0004, weighted_loss: 0.0015, label: 0, bag_size: 4703
batch 659, loss: 0.0021, instance_loss: 0.0004, weighted_loss: 0.0016, label: 0, bag_size: 2464
batch 679, loss: 0.0010, instance_loss: 0.0000, weighted_loss: 0.0007, label: 0, bag_size: 5087
batch 699, loss: 0.2906, instance_loss: 0.0000, weighted_loss: 0.2034, label: 1, bag_size: 5082
batch 719, loss: 0.0695, instance_loss: 0.0000, weighted_loss: 0.0486, label: 1, bag_size: 14763
batch 739, loss: 0.0339, instance_loss: 0.0000, weighted_loss: 0.0237, label: 1, bag_size: 14763
batch 759, loss: 0.0011, instance_loss: 0.0004, weighted_loss: 0.0009, label: 0, bag_size: 18076
batch 779, loss: 0.0271, instance_loss: 0.0000, weighted_loss: 0.0190, label: 1, bag_size: 4365
batch 799, loss: 0.0001, instance_loss: 0.0004, weighted_loss: 0.0002, label: 0, bag_size: 2076
batch 819, loss: 0.0000, instance_loss: 0.0000, weighted_loss: 0.0000, label: 0, bag_size: 18006
batch 839, loss: 0.0143, instance_loss: 0.0002, weighted_loss: 0.0100, label: 1, bag_size: 14528
batch 859, loss: 0.0000, instance_loss: 0.0000, weighted_loss: 0.0000, label: 0, bag_size: 14873


class 0 clustering acc 0.9998574686431014: correct 7015/7016
class 1 clustering acc 1.0: correct 7016/7016
Epoch: 4, train_loss: 0.0756, train_clustering_loss:  0.0022, train_error: 0.0262
class 0: acc 0.9665924276169265, correct 434/449
class 1: acc 0.9813084112149533, correct 420/428

Val Set, val_loss: 0.3799, val_error: 0.0547, auc: 0.5700
class 0 clustering acc 1.0: correct 1608/1608
class 1 clustering acc 1.0: correct 1608/1608
class 0: acc 0.9791666666666666, correct 188/192
class 1: acc 0.2222222222222222, correct 2/9
EarlyStopping counter: 2 out of 10


batch 19, loss: 0.0002, instance_loss: 0.0694, weighted_loss: 0.0209, label: 0, bag_size: 1536
batch 39, loss: 0.0036, instance_loss: 0.0000, weighted_loss: 0.0025, label: 1, bag_size: 6028
batch 59, loss: 0.0008, instance_loss: 0.0013, weighted_loss: 0.0010, label: 1, bag_size: 7733
batch 79, loss: 0.0002, instance_loss: 0.0076, weighted_loss: 0.0024, label: 0, bag_size: 5315
batch 99, loss: 0.0263, instance_loss: 0.0000, weighted_loss: 0.0184, label: 1, bag_size: 14763
batch 119, loss: 0.0002, instance_loss: 0.0002, weighted_loss: 0.0002, label: 0, bag_size: 2176
batch 139, loss: 0.0084, instance_loss: 0.0024, weighted_loss: 0.0066, label: 1, bag_size: 2644
batch 159, loss: 0.0011, instance_loss: 0.0000, weighted_loss: 0.0008, label: 0, bag_size: 9320
batch 179, loss: 0.0001, instance_loss: 0.0124, weighted_loss: 0.0038, label: 0, bag_size: 3382
batch 199, loss: 0.0007, instance_loss: 0.0000, weighted_loss: 0.0005, label: 1, bag_size: 22042
batch 219, loss: 0.0029, instance_loss: 0.0000, weighted_loss: 0.0020, label: 1, bag_size: 16197
batch 239, loss: 0.0002, instance_loss: 0.0004, weighted_loss: 0.0003, label: 0, bag_size: 9366
batch 259, loss: 0.0143, instance_loss: 0.0000, weighted_loss: 0.0100, label: 1, bag_size: 2671
batch 279, loss: 0.0007, instance_loss: 0.0000, weighted_loss: 0.0005, label: 0, bag_size: 10172
batch 299, loss: 0.0000, instance_loss: 0.0000, weighted_loss: 0.0000, label: 1, bag_size: 2637
batch 319, loss: 0.0109, instance_loss: 0.0000, weighted_loss: 0.0077, label: 1, bag_size: 6344
batch 339, loss: 0.0005, instance_loss: 0.0048, weighted_loss: 0.0018, label: 1, bag_size: 3621
batch 359, loss: 0.0012, instance_loss: 0.0003, weighted_loss: 0.0009, label: 1, bag_size: 6023
batch 379, loss: 0.0335, instance_loss: 0.0014, weighted_loss: 0.0239, label: 0, bag_size: 5268
batch 399, loss: 2.2897, instance_loss: 0.0003, weighted_loss: 1.6029, label: 1, bag_size: 4276
batch 419, loss: 0.0074, instance_loss: 0.0007, weighted_loss: 0.0054, label: 1, bag_size: 2671
batch 439, loss: 0.0025, instance_loss: 0.0000, weighted_loss: 0.0017, label: 1, bag_size: 5082
batch 459, loss: 1.3110, instance_loss: 0.0000, weighted_loss: 0.9177, label: 0, bag_size: 11037
batch 479, loss: 0.0001, instance_loss: 0.0000, weighted_loss: 0.0000, label: 0, bag_size: 16964
batch 499, loss: 0.0017, instance_loss: 0.0171, weighted_loss: 0.0063, label: 1, bag_size: 3628
batch 519, loss: 0.0325, instance_loss: 0.0000, weighted_loss: 0.0227, label: 1, bag_size: 6344
batch 539, loss: 0.0061, instance_loss: 0.0073, weighted_loss: 0.0065, label: 1, bag_size: 1140
batch 559, loss: 0.0002, instance_loss: 0.0003, weighted_loss: 0.0002, label: 0, bag_size: 2095
batch 579, loss: 0.0046, instance_loss: 0.0004, weighted_loss: 0.0033, label: 0, bag_size: 6434
batch 599, loss: 0.3341, instance_loss: 0.0000, weighted_loss: 0.2338, label: 0, bag_size: 10277
batch 619, loss: 0.1104, instance_loss: 0.0004, weighted_loss: 0.0774, label: 0, bag_size: 12537
batch 639, loss: 0.0273, instance_loss: 0.0002, weighted_loss: 0.0192, label: 1, bag_size: 14528
batch 659, loss: 0.0057, instance_loss: 0.0000, weighted_loss: 0.0040, label: 0, bag_size: 4292
batch 679, loss: 0.0000, instance_loss: 0.0003, weighted_loss: 0.0001, label: 1, bag_size: 9833
batch 699, loss: 0.0008, instance_loss: 0.0002, weighted_loss: 0.0006, label: 0, bag_size: 10176
batch 719, loss: 0.0062, instance_loss: 0.0004, weighted_loss: 0.0044, label: 1, bag_size: 14763
batch 739, loss: 0.0013, instance_loss: 0.0000, weighted_loss: 0.0009, label: 1, bag_size: 4516
batch 759, loss: 0.6895, instance_loss: 0.0082, weighted_loss: 0.4851, label: 1, bag_size: 2644
batch 779, loss: 0.0004, instance_loss: 0.0000, weighted_loss: 0.0003, label: 0, bag_size: 1527
batch 799, loss: 0.0046, instance_loss: 0.0000, weighted_loss: 0.0032, label: 1, bag_size: 2671
batch 819, loss: 0.0047, instance_loss: 0.0015, weighted_loss: 0.0038, label: 1, bag_size: 5137
batch 839, loss: 0.0023, instance_loss: 0.0018, weighted_loss: 0.0022, label: 1, bag_size: 4563
batch 859, loss: 0.0003, instance_loss: 0.0002, weighted_loss: 0.0003, label: 0, bag_size: 5027


class 0 clustering acc 0.999714937286203: correct 7014/7016
class 1 clustering acc 0.9995724059293044: correct 7013/7016
Epoch: 5, train_loss: 0.0890, train_clustering_loss:  0.0031, train_error: 0.0308
class 0: acc 0.9645232815964523, correct 435/451
class 1: acc 0.9741784037558685, correct 415/426

Val Set, val_loss: 0.3579, val_error: 0.0597, auc: 0.5012
class 0 clustering acc 1.0: correct 1608/1608
class 1 clustering acc 1.0: correct 1608/1608
class 0: acc 0.9739583333333334, correct 187/192
class 1: acc 0.2222222222222222, correct 2/9
EarlyStopping counter: 3 out of 10


batch 19, loss: 0.0064, instance_loss: 0.0000, weighted_loss: 0.0045, label: 0, bag_size: 15510
batch 39, loss: 0.0111, instance_loss: 0.0000, weighted_loss: 0.0078, label: 1, bag_size: 14318
batch 59, loss: 0.0016, instance_loss: 0.0000, weighted_loss: 0.0011, label: 0, bag_size: 1677
batch 79, loss: 0.0001, instance_loss: 0.0044, weighted_loss: 0.0014, label: 0, bag_size: 5444
batch 99, loss: 0.0002, instance_loss: 0.0000, weighted_loss: 0.0001, label: 0, bag_size: 7586
batch 119, loss: 0.0000, instance_loss: 0.0017, weighted_loss: 0.0005, label: 1, bag_size: 3354
batch 139, loss: 0.0000, instance_loss: 0.0000, weighted_loss: 0.0000, label: 0, bag_size: 6712
batch 159, loss: 0.0090, instance_loss: 0.0000, weighted_loss: 0.0063, label: 1, bag_size: 6812
batch 179, loss: 0.0037, instance_loss: 0.0002, weighted_loss: 0.0027, label: 0, bag_size: 3687
batch 199, loss: 0.0003, instance_loss: 0.0000, weighted_loss: 0.0002, label: 0, bag_size: 19757
batch 219, loss: 0.0021, instance_loss: 0.0000, weighted_loss: 0.0015, label: 1, bag_size: 13571
batch 239, loss: 0.0004, instance_loss: 0.0000, weighted_loss: 0.0003, label: 0, bag_size: 12141
batch 259, loss: 0.0136, instance_loss: 0.0000, weighted_loss: 0.0095, label: 1, bag_size: 14763
batch 279, loss: 0.0125, instance_loss: 0.0000, weighted_loss: 0.0088, label: 1, bag_size: 16197
batch 299, loss: 0.0000, instance_loss: 0.0000, weighted_loss: 0.0000, label: 0, bag_size: 21084
batch 319, loss: 0.0031, instance_loss: 0.0002, weighted_loss: 0.0022, label: 1, bag_size: 1140
batch 339, loss: 0.0017, instance_loss: 0.0003, weighted_loss: 0.0013, label: 0, bag_size: 4187
batch 359, loss: 0.0008, instance_loss: 0.0000, weighted_loss: 0.0006, label: 0, bag_size: 17549
batch 379, loss: 0.0000, instance_loss: 0.0006, weighted_loss: 0.0002, label: 0, bag_size: 4577
batch 399, loss: 0.0179, instance_loss: 0.0012, weighted_loss: 0.0129, label: 0, bag_size: 2436
batch 419, loss: 0.0001, instance_loss: 0.0000, weighted_loss: 0.0001, label: 0, bag_size: 17829
batch 439, loss: 0.0108, instance_loss: 0.0000, weighted_loss: 0.0076, label: 1, bag_size: 14318
batch 459, loss: 0.0005, instance_loss: 0.0000, weighted_loss: 0.0004, label: 1, bag_size: 6344
batch 479, loss: 0.0001, instance_loss: 0.0000, weighted_loss: 0.0001, label: 0, bag_size: 6032
batch 499, loss: 0.0028, instance_loss: 0.0005, weighted_loss: 0.0021, label: 1, bag_size: 2671
batch 519, loss: 0.5293, instance_loss: 0.0145, weighted_loss: 0.3749, label: 1, bag_size: 1140
batch 539, loss: 0.0001, instance_loss: 0.0000, weighted_loss: 0.0001, label: 0, bag_size: 8616
batch 559, loss: 0.0097, instance_loss: 0.0000, weighted_loss: 0.0068, label: 1, bag_size: 22042
batch 579, loss: 0.0018, instance_loss: 0.0000, weighted_loss: 0.0013, label: 1, bag_size: 15079
batch 599, loss: 0.0522, instance_loss: 0.0000, weighted_loss: 0.0366, label: 1, bag_size: 14318
batch 619, loss: 0.0000, instance_loss: 0.0000, weighted_loss: 0.0000, label: 0, bag_size: 4002
batch 639, loss: 0.0031, instance_loss: 0.0000, weighted_loss: 0.0022, label: 1, bag_size: 14414
batch 659, loss: 0.0032, instance_loss: 0.0000, weighted_loss: 0.0022, label: 0, bag_size: 13944
batch 679, loss: 0.0107, instance_loss: 0.0216, weighted_loss: 0.0140, label: 0, bag_size: 1572
batch 699, loss: 0.0003, instance_loss: 0.0000, weighted_loss: 0.0002, label: 0, bag_size: 9492
batch 719, loss: 0.0034, instance_loss: 0.0006, weighted_loss: 0.0026, label: 0, bag_size: 1414
batch 739, loss: 0.0006, instance_loss: 0.0000, weighted_loss: 0.0004, label: 0, bag_size: 7092
batch 759, loss: 0.0003, instance_loss: 0.0069, weighted_loss: 0.0023, label: 0, bag_size: 4187
batch 779, loss: 0.0000, instance_loss: 0.0010, weighted_loss: 0.0003, label: 0, bag_size: 4577
batch 799, loss: 0.4335, instance_loss: 0.0000, weighted_loss: 0.3034, label: 1, bag_size: 16197
batch 819, loss: 0.0008, instance_loss: 0.0002, weighted_loss: 0.0006, label: 1, bag_size: 8663
batch 839, loss: 0.0089, instance_loss: 0.0000, weighted_loss: 0.0063, label: 1, bag_size: 21952
batch 859, loss: 0.0426, instance_loss: 0.0000, weighted_loss: 0.0298, label: 1, bag_size: 22042


class 0 clustering acc 1.0: correct 7016/7016
class 1 clustering acc 1.0: correct 7016/7016
Epoch: 6, train_loss: 0.0416, train_clustering_loss:  0.0012, train_error: 0.0125
class 0: acc 0.9839449541284404, correct 429/436
class 1: acc 0.9909297052154195, correct 437/441

Val Set, val_loss: 0.3888, val_error: 0.0647, auc: 0.5150
class 0 clustering acc 1.0: correct 1608/1608
class 1 clustering acc 1.0: correct 1608/1608
class 0: acc 0.9739583333333334, correct 187/192
class 1: acc 0.1111111111111111, correct 1/9
EarlyStopping counter: 4 out of 10


batch 19, loss: 0.0005, instance_loss: 0.0004, weighted_loss: 0.0005, label: 0, bag_size: 4615
batch 39, loss: 0.0000, instance_loss: 0.0002, weighted_loss: 0.0001, label: 1, bag_size: 3621
batch 59, loss: 0.0003, instance_loss: 0.0003, weighted_loss: 0.0003, label: 1, bag_size: 2637
batch 79, loss: 0.0000, instance_loss: 0.0000, weighted_loss: 0.0000, label: 0, bag_size: 5879
batch 99, loss: 4.8831, instance_loss: 0.0000, weighted_loss: 3.4182, label: 0, bag_size: 3365
batch 119, loss: 0.0238, instance_loss: 0.0004, weighted_loss: 0.0168, label: 1, bag_size: 14763
batch 139, loss: 0.0117, instance_loss: 0.0009, weighted_loss: 0.0085, label: 1, bag_size: 1140
batch 159, loss: 0.4416, instance_loss: 0.0000, weighted_loss: 0.3091, label: 0, bag_size: 14581
batch 179, loss: 0.0000, instance_loss: 0.0000, weighted_loss: 0.0000, label: 0, bag_size: 5545
batch 199, loss: 0.0000, instance_loss: 0.0040, weighted_loss: 0.0012, label: 1, bag_size: 9833
batch 219, loss: 0.0002, instance_loss: 0.0007, weighted_loss: 0.0004, label: 1, bag_size: 7733
batch 239, loss: 0.0563, instance_loss: 0.0000, weighted_loss: 0.0394, label: 0, bag_size: 12239
batch 259, loss: 0.0001, instance_loss: 0.0000, weighted_loss: 0.0001, label: 0, bag_size: 3146
batch 279, loss: 0.0000, instance_loss: 0.0000, weighted_loss: 0.0000, label: 0, bag_size: 20692
batch 299, loss: 0.0045, instance_loss: 0.0000, weighted_loss: 0.0032, label: 1, bag_size: 14414
batch 319, loss: 0.0004, instance_loss: 0.0000, weighted_loss: 0.0002, label: 0, bag_size: 15483
batch 339, loss: 0.0009, instance_loss: 0.0005, weighted_loss: 0.0008, label: 0, bag_size: 4615
batch 359, loss: 0.0002, instance_loss: 0.0006, weighted_loss: 0.0003, label: 1, bag_size: 2637
batch 379, loss: 0.0000, instance_loss: 0.0000, weighted_loss: 0.0000, label: 0, bag_size: 4320
batch 399, loss: 0.0041, instance_loss: 0.0000, weighted_loss: 0.0029, label: 1, bag_size: 8663
batch 419, loss: 0.0024, instance_loss: 0.0000, weighted_loss: 0.0017, label: 1, bag_size: 4516
batch 439, loss: 0.0000, instance_loss: 0.0027, weighted_loss: 0.0008, label: 0, bag_size: 2280
batch 459, loss: 0.0162, instance_loss: 0.0000, weighted_loss: 0.0113, label: 0, bag_size: 12537
batch 479, loss: 0.0230, instance_loss: 0.0000, weighted_loss: 0.0161, label: 0, bag_size: 3696
batch 499, loss: 0.0013, instance_loss: 0.0000, weighted_loss: 0.0009, label: 1, bag_size: 5082
batch 519, loss: 0.0005, instance_loss: 0.0005, weighted_loss: 0.0005, label: 0, bag_size: 9759
batch 539, loss: 0.0166, instance_loss: 0.0000, weighted_loss: 0.0116, label: 0, bag_size: 9768
batch 559, loss: 0.0000, instance_loss: 0.0000, weighted_loss: 0.0000, label: 0, bag_size: 4852
batch 579, loss: 0.0676, instance_loss: 0.0004, weighted_loss: 0.0475, label: 0, bag_size: 17232
batch 599, loss: 0.0225, instance_loss: 0.0000, weighted_loss: 0.0158, label: 1, bag_size: 16197
batch 619, loss: 0.2235, instance_loss: 0.0010, weighted_loss: 0.1568, label: 0, bag_size: 13991
batch 639, loss: 0.0079, instance_loss: 0.0035, weighted_loss: 0.0066, label: 0, bag_size: 1351
batch 659, loss: 0.0000, instance_loss: 0.0000, weighted_loss: 0.0000, label: 0, bag_size: 15086
batch 679, loss: 0.0215, instance_loss: 0.0000, weighted_loss: 0.0150, label: 1, bag_size: 4760
batch 699, loss: 0.6420, instance_loss: 0.0004, weighted_loss: 0.4495, label: 1, bag_size: 16197
batch 719, loss: 0.0023, instance_loss: 0.0000, weighted_loss: 0.0016, label: 0, bag_size: 9262
batch 739, loss: 0.0016, instance_loss: 0.0000, weighted_loss: 0.0011, label: 0, bag_size: 20190
batch 759, loss: 0.0002, instance_loss: 0.0000, weighted_loss: 0.0001, label: 0, bag_size: 9087
batch 779, loss: 0.0016, instance_loss: 0.0000, weighted_loss: 0.0011, label: 1, bag_size: 13571
batch 799, loss: 0.0260, instance_loss: 0.0000, weighted_loss: 0.0182, label: 1, bag_size: 6344
batch 819, loss: 0.0016, instance_loss: 0.0014, weighted_loss: 0.0016, label: 1, bag_size: 3628
batch 839, loss: 0.3928, instance_loss: 0.0000, weighted_loss: 0.2749, label: 0, bag_size: 1396
batch 859, loss: 0.2758, instance_loss: 0.0000, weighted_loss: 0.1931, label: 1, bag_size: 14763


class 0 clustering acc 0.999714937286203: correct 7014/7016
class 1 clustering acc 1.0: correct 7016/7016
Epoch: 7, train_loss: 0.0419, train_clustering_loss:  0.0012, train_error: 0.0068
class 0: acc 0.9910112359550561, correct 441/445
class 1: acc 0.9953703703703703, correct 430/432

Val Set, val_loss: 0.6505, val_error: 0.1343, auc: 0.5318
class 0 clustering acc 1.0: correct 1608/1608
class 1 clustering acc 1.0: correct 1608/1608
class 0: acc 0.8958333333333334, correct 172/192
class 1: acc 0.2222222222222222, correct 2/9
EarlyStopping counter: 5 out of 10


batch 19, loss: 0.0000, instance_loss: 0.0000, weighted_loss: 0.0000, label: 0, bag_size: 20636
batch 39, loss: 0.0001, instance_loss: 0.0000, weighted_loss: 0.0000, label: 0, bag_size: 17332
batch 59, loss: 0.0131, instance_loss: 0.0005, weighted_loss: 0.0093, label: 1, bag_size: 2644
batch 79, loss: 0.0068, instance_loss: 0.0000, weighted_loss: 0.0048, label: 1, bag_size: 16197
batch 99, loss: 0.0074, instance_loss: 0.0018, weighted_loss: 0.0057, label: 0, bag_size: 5536
batch 119, loss: 0.0025, instance_loss: 0.0000, weighted_loss: 0.0017, label: 1, bag_size: 5137
batch 139, loss: 0.0005, instance_loss: 0.0000, weighted_loss: 0.0003, label: 0, bag_size: 2651
batch 159, loss: 0.0021, instance_loss: 0.0000, weighted_loss: 0.0014, label: 0, bag_size: 7427
batch 179, loss: 0.0001, instance_loss: 0.0000, weighted_loss: 0.0001, label: 0, bag_size: 21878
batch 199, loss: 0.0012, instance_loss: 0.0028, weighted_loss: 0.0017, label: 0, bag_size: 9768
batch 219, loss: 0.0005, instance_loss: 0.0065, weighted_loss: 0.0023, label: 0, bag_size: 1536
batch 239, loss: 0.0008, instance_loss: 0.0018, weighted_loss: 0.0011, label: 0, bag_size: 1964
batch 259, loss: 0.0002, instance_loss: 0.0002, weighted_loss: 0.0002, label: 0, bag_size: 1181
batch 279, loss: 0.0015, instance_loss: 0.0000, weighted_loss: 0.0011, label: 0, bag_size: 19134
batch 299, loss: 0.0000, instance_loss: 0.0000, weighted_loss: 0.0000, label: 0, bag_size: 2635
batch 319, loss: 0.0001, instance_loss: 0.0000, weighted_loss: 0.0001, label: 0, bag_size: 19205
batch 339, loss: 0.0002, instance_loss: 0.0000, weighted_loss: 0.0001, label: 1, bag_size: 2637
batch 359, loss: 0.0000, instance_loss: 0.0000, weighted_loss: 0.0000, label: 0, bag_size: 2718
batch 379, loss: 0.0001, instance_loss: 0.0000, weighted_loss: 0.0001, label: 0, bag_size: 17805
batch 399, loss: 0.0094, instance_loss: 0.0005, weighted_loss: 0.0067, label: 1, bag_size: 14528
batch 419, loss: 0.0001, instance_loss: 0.0000, weighted_loss: 0.0000, label: 0, bag_size: 3205
batch 439, loss: 0.0007, instance_loss: 0.0000, weighted_loss: 0.0005, label: 1, bag_size: 13571
batch 459, loss: 0.0003, instance_loss: 0.0000, weighted_loss: 0.0002, label: 0, bag_size: 18333
batch 479, loss: 0.0001, instance_loss: 0.0019, weighted_loss: 0.0007, label: 1, bag_size: 2671
batch 499, loss: 0.0000, instance_loss: 0.0000, weighted_loss: 0.0000, label: 0, bag_size: 3506
batch 519, loss: 0.0001, instance_loss: 0.0000, weighted_loss: 0.0001, label: 1, bag_size: 4276
batch 539, loss: 0.0053, instance_loss: 0.0000, weighted_loss: 0.0037, label: 1, bag_size: 14414
batch 559, loss: 0.0000, instance_loss: 0.0000, weighted_loss: 0.0000, label: 0, bag_size: 3642
batch 579, loss: 0.0001, instance_loss: 0.0000, weighted_loss: 0.0001, label: 1, bag_size: 2637
batch 599, loss: 0.0003, instance_loss: 0.0011, weighted_loss: 0.0005, label: 1, bag_size: 7733
batch 619, loss: 0.0071, instance_loss: 0.0000, weighted_loss: 0.0050, label: 1, bag_size: 14763
batch 639, loss: 0.0000, instance_loss: 0.0000, weighted_loss: 0.0000, label: 0, bag_size: 3917
batch 659, loss: 0.0057, instance_loss: 0.0002, weighted_loss: 0.0040, label: 0, bag_size: 18450
batch 679, loss: 0.0168, instance_loss: 0.0000, weighted_loss: 0.0118, label: 0, bag_size: 13922
batch 699, loss: 0.0000, instance_loss: 0.0000, weighted_loss: 0.0000, label: 0, bag_size: 1517
batch 719, loss: 0.0000, instance_loss: 0.0000, weighted_loss: 0.0000, label: 0, bag_size: 2879
batch 739, loss: 0.0001, instance_loss: 0.0013, weighted_loss: 0.0005, label: 0, bag_size: 3818
batch 759, loss: 0.0002, instance_loss: 0.0000, weighted_loss: 0.0001, label: 0, bag_size: 6548
batch 779, loss: 0.0013, instance_loss: 0.0000, weighted_loss: 0.0009, label: 0, bag_size: 15577
batch 799, loss: 0.0005, instance_loss: 0.0000, weighted_loss: 0.0004, label: 0, bag_size: 4100
batch 819, loss: 0.0035, instance_loss: 0.0000, weighted_loss: 0.0024, label: 0, bag_size: 1805
batch 839, loss: 0.0053, instance_loss: 0.0000, weighted_loss: 0.0037, label: 1, bag_size: 14763
batch 859, loss: 0.0000, instance_loss: 0.0010, weighted_loss: 0.0003, label: 0, bag_size: 8731


class 0 clustering acc 0.9998574686431014: correct 7015/7016
class 1 clustering acc 1.0: correct 7016/7016
Epoch: 8, train_loss: 0.0190, train_clustering_loss:  0.0006, train_error: 0.0034
class 0: acc 0.9955357142857143, correct 446/448
class 1: acc 0.9976689976689976, correct 428/429

Val Set, val_loss: 0.4675, val_error: 0.0697, auc: 0.5498
class 0 clustering acc 1.0: correct 1608/1608
class 1 clustering acc 1.0: correct 1608/1608
class 0: acc 0.96875, correct 186/192
class 1: acc 0.1111111111111111, correct 1/9
EarlyStopping counter: 6 out of 10


batch 19, loss: 0.0001, instance_loss: 0.0000, weighted_loss: 0.0001, label: 0, bag_size: 5809
batch 39, loss: 0.0007, instance_loss: 0.0000, weighted_loss: 0.0005, label: 1, bag_size: 4276
batch 59, loss: 0.0004, instance_loss: 0.0000, weighted_loss: 0.0003, label: 1, bag_size: 21952
batch 79, loss: 0.0011, instance_loss: 0.0000, weighted_loss: 0.0008, label: 1, bag_size: 4516
batch 99, loss: 0.0001, instance_loss: 0.0003, weighted_loss: 0.0002, label: 1, bag_size: 3621
batch 119, loss: 0.0000, instance_loss: 0.0014, weighted_loss: 0.0004, label: 1, bag_size: 3621
batch 139, loss: 0.0017, instance_loss: 0.0000, weighted_loss: 0.0012, label: 1, bag_size: 14318
batch 159, loss: 0.0019, instance_loss: 0.0090, weighted_loss: 0.0041, label: 1, bag_size: 2644
batch 179, loss: 0.0000, instance_loss: 0.0082, weighted_loss: 0.0025, label: 0, bag_size: 14213
batch 199, loss: 0.0000, instance_loss: 0.0000, weighted_loss: 0.0000, label: 0, bag_size: 16323
batch 219, loss: 0.0001, instance_loss: 0.0000, weighted_loss: 0.0001, label: 1, bag_size: 3621
batch 239, loss: 0.0001, instance_loss: 0.0000, weighted_loss: 0.0001, label: 0, bag_size: 18333
batch 259, loss: 0.0041, instance_loss: 0.0004, weighted_loss: 0.0030, label: 0, bag_size: 12513
batch 279, loss: 0.3023, instance_loss: 0.0000, weighted_loss: 0.2116, label: 1, bag_size: 12989
batch 299, loss: 0.0010, instance_loss: 0.0000, weighted_loss: 0.0007, label: 1, bag_size: 15079
batch 319, loss: 0.0002, instance_loss: 0.0000, weighted_loss: 0.0002, label: 0, bag_size: 3998
batch 339, loss: 0.0003, instance_loss: 0.0002, weighted_loss: 0.0003, label: 0, bag_size: 6019
batch 359, loss: 0.0001, instance_loss: 0.0000, weighted_loss: 0.0001, label: 0, bag_size: 12177
batch 379, loss: 0.0003, instance_loss: 0.0027, weighted_loss: 0.0010, label: 0, bag_size: 3037
batch 399, loss: 0.0003, instance_loss: 0.0000, weighted_loss: 0.0002, label: 1, bag_size: 21952
batch 419, loss: 0.0018, instance_loss: 0.0000, weighted_loss: 0.0012, label: 1, bag_size: 14318
batch 439, loss: 0.0001, instance_loss: 0.0000, weighted_loss: 0.0001, label: 0, bag_size: 3346
batch 459, loss: 0.1159, instance_loss: 0.0884, weighted_loss: 0.1076, label: 0, bag_size: 1572
batch 479, loss: 1.4021, instance_loss: 0.0000, weighted_loss: 0.9815, label: 1, bag_size: 16197
batch 499, loss: 0.0003, instance_loss: 0.0000, weighted_loss: 0.0002, label: 1, bag_size: 21952
batch 519, loss: 0.0090, instance_loss: 0.0848, weighted_loss: 0.0317, label: 1, bag_size: 1140
batch 539, loss: 0.0001, instance_loss: 0.0000, weighted_loss: 0.0001, label: 0, bag_size: 5594
batch 559, loss: 0.0003, instance_loss: 0.0004, weighted_loss: 0.0003, label: 1, bag_size: 3621
batch 579, loss: 0.0460, instance_loss: 0.0000, weighted_loss: 0.0322, label: 1, bag_size: 18621
batch 599, loss: 0.0031, instance_loss: 0.0000, weighted_loss: 0.0022, label: 1, bag_size: 3628
batch 619, loss: 0.0000, instance_loss: 0.0010, weighted_loss: 0.0003, label: 1, bag_size: 9833
batch 639, loss: 0.0321, instance_loss: 0.0180, weighted_loss: 0.0279, label: 0, bag_size: 16074
batch 659, loss: 0.0000, instance_loss: 0.0002, weighted_loss: 0.0001, label: 0, bag_size: 11354
batch 679, loss: 0.0008, instance_loss: 0.0000, weighted_loss: 0.0006, label: 0, bag_size: 4675
batch 699, loss: 0.0002, instance_loss: 0.0000, weighted_loss: 0.0001, label: 0, bag_size: 11616
batch 719, loss: 0.0023, instance_loss: 0.0057, weighted_loss: 0.0033, label: 1, bag_size: 4563
batch 739, loss: 0.0042, instance_loss: 0.0000, weighted_loss: 0.0029, label: 1, bag_size: 14763
batch 759, loss: 0.0003, instance_loss: 0.0049, weighted_loss: 0.0017, label: 1, bag_size: 2671
batch 779, loss: 0.0020, instance_loss: 0.0000, weighted_loss: 0.0014, label: 1, bag_size: 4563
batch 799, loss: 0.0002, instance_loss: 0.0000, weighted_loss: 0.0002, label: 0, bag_size: 10956
batch 819, loss: 0.0006, instance_loss: 0.0000, weighted_loss: 0.0005, label: 0, bag_size: 7722
batch 839, loss: 0.0061, instance_loss: 0.0000, weighted_loss: 0.0043, label: 1, bag_size: 22624
batch 859, loss: 0.0001, instance_loss: 0.0000, weighted_loss: 0.0000, label: 0, bag_size: 14900


class 0 clustering acc 0.9998574686431014: correct 7015/7016
class 1 clustering acc 1.0: correct 7016/7016
Epoch: 9, train_loss: 0.0636, train_clustering_loss:  0.0018, train_error: 0.0239
class 0: acc 0.9727891156462585, correct 429/441
class 1: acc 0.9793577981651376, correct 427/436

Val Set, val_loss: 0.3862, val_error: 0.0547, auc: 0.5735
class 0 clustering acc 0.9987562189054726: correct 1606/1608
class 1 clustering acc 0.9993781094527363: correct 1607/1608
class 0: acc 0.984375, correct 189/192
class 1: acc 0.1111111111111111, correct 1/9
EarlyStopping counter: 7 out of 10


batch 19, loss: 0.0013, instance_loss: 0.0008, weighted_loss: 0.0011, label: 0, bag_size: 8075
batch 39, loss: 0.0038, instance_loss: 0.0000, weighted_loss: 0.0027, label: 1, bag_size: 1140
batch 59, loss: 0.0878, instance_loss: 0.0000, weighted_loss: 0.0615, label: 0, bag_size: 14901
batch 79, loss: 0.0000, instance_loss: 0.0000, weighted_loss: 0.0000, label: 0, bag_size: 1674
batch 99, loss: 0.0132, instance_loss: 0.0000, weighted_loss: 0.0092, label: 1, bag_size: 22399
batch 119, loss: 0.0007, instance_loss: 0.0004, weighted_loss: 0.0006, label: 0, bag_size: 4569
batch 139, loss: 0.0040, instance_loss: 0.0000, weighted_loss: 0.0028, label: 0, bag_size: 12672
batch 159, loss: 0.0047, instance_loss: 0.0010, weighted_loss: 0.0036, label: 1, bag_size: 1140
batch 179, loss: 0.0014, instance_loss: 0.0044, weighted_loss: 0.0023, label: 0, bag_size: 5169
batch 199, loss: 0.0003, instance_loss: 0.0000, weighted_loss: 0.0002, label: 0, bag_size: 4791
batch 219, loss: 0.0751, instance_loss: 0.0000, weighted_loss: 0.0526, label: 0, bag_size: 19660
batch 239, loss: 0.0052, instance_loss: 0.0000, weighted_loss: 0.0036, label: 1, bag_size: 5082
batch 259, loss: 0.0053, instance_loss: 0.0000, weighted_loss: 0.0037, label: 1, bag_size: 8663
batch 279, loss: 0.0002, instance_loss: 0.0007, weighted_loss: 0.0004, label: 0, bag_size: 5115
batch 299, loss: 0.0037, instance_loss: 0.0000, weighted_loss: 0.0026, label: 1, bag_size: 18621
batch 319, loss: 0.0095, instance_loss: 0.0000, weighted_loss: 0.0067, label: 0, bag_size: 9848
batch 339, loss: 0.0000, instance_loss: 0.0043, weighted_loss: 0.0013, label: 0, bag_size: 2651
batch 359, loss: 0.0017, instance_loss: 0.0000, weighted_loss: 0.0012, label: 1, bag_size: 2644
batch 379, loss: 0.0070, instance_loss: 0.0002, weighted_loss: 0.0050, label: 1, bag_size: 5828
batch 399, loss: 0.0084, instance_loss: 0.0018, weighted_loss: 0.0065, label: 1, bag_size: 1140
batch 419, loss: 0.0000, instance_loss: 0.0000, weighted_loss: 0.0000, label: 0, bag_size: 3019
batch 439, loss: 0.0000, instance_loss: 0.0000, weighted_loss: 0.0000, label: 0, bag_size: 9608
batch 459, loss: 0.0002, instance_loss: 0.0000, weighted_loss: 0.0001, label: 0, bag_size: 15172
batch 479, loss: 0.0001, instance_loss: 0.0000, weighted_loss: 0.0000, label: 0, bag_size: 4217
batch 499, loss: 0.0000, instance_loss: 0.0000, weighted_loss: 0.0000, label: 0, bag_size: 6712
batch 519, loss: 0.0003, instance_loss: 0.0000, weighted_loss: 0.0002, label: 0, bag_size: 16840
batch 539, loss: 0.0011, instance_loss: 0.0002, weighted_loss: 0.0008, label: 1, bag_size: 21952
batch 559, loss: 0.0039, instance_loss: 0.0000, weighted_loss: 0.0027, label: 0, bag_size: 5268
batch 579, loss: 0.0075, instance_loss: 0.0000, weighted_loss: 0.0053, label: 1, bag_size: 14414
batch 599, loss: 0.0008, instance_loss: 0.0000, weighted_loss: 0.0006, label: 1, bag_size: 4516
batch 619, loss: 0.0003, instance_loss: 0.0000, weighted_loss: 0.0002, label: 1, bag_size: 13646
batch 639, loss: 0.0002, instance_loss: 0.0017, weighted_loss: 0.0007, label: 1, bag_size: 4563
batch 659, loss: 0.0001, instance_loss: 0.0000, weighted_loss: 0.0001, label: 0, bag_size: 3813
batch 679, loss: 0.0766, instance_loss: 0.0000, weighted_loss: 0.0536, label: 0, bag_size: 8593
batch 699, loss: 0.0000, instance_loss: 0.0000, weighted_loss: 0.0000, label: 0, bag_size: 2974
batch 719, loss: 0.0137, instance_loss: 0.0000, weighted_loss: 0.0096, label: 1, bag_size: 8663
batch 739, loss: 1.0436, instance_loss: 0.0000, weighted_loss: 0.7305, label: 1, bag_size: 14318
batch 759, loss: 0.0004, instance_loss: 0.0000, weighted_loss: 0.0003, label: 0, bag_size: 3400
batch 779, loss: 0.0001, instance_loss: 0.0000, weighted_loss: 0.0001, label: 0, bag_size: 2066
batch 799, loss: 0.0004, instance_loss: 0.0000, weighted_loss: 0.0003, label: 0, bag_size: 8178
batch 819, loss: 0.0090, instance_loss: 0.0000, weighted_loss: 0.0063, label: 0, bag_size: 16369
batch 839, loss: 0.0002, instance_loss: 0.0000, weighted_loss: 0.0001, label: 0, bag_size: 7853
batch 859, loss: 0.0001, instance_loss: 0.0000, weighted_loss: 0.0001, label: 0, bag_size: 3019


class 0 clustering acc 1.0: correct 7016/7016
class 1 clustering acc 0.9992873432155074: correct 7011/7016
Epoch: 10, train_loss: 0.0396, train_clustering_loss:  0.0028, train_error: 0.0137
class 0: acc 0.9863013698630136, correct 432/438
class 1: acc 0.9863325740318907, correct 433/439

Val Set, val_loss: 0.4168, val_error: 0.0547, auc: 0.5301
class 0 clustering acc 1.0: correct 1608/1608
class 1 clustering acc 1.0: correct 1608/1608
class 0: acc 0.9791666666666666, correct 188/192
class 1: acc 0.2222222222222222, correct 2/9
EarlyStopping counter: 8 out of 10


batch 19, loss: 0.0236, instance_loss: 0.0002, weighted_loss: 0.0166, label: 1, bag_size: 5828
batch 39, loss: 0.0001, instance_loss: 0.0008, weighted_loss: 0.0003, label: 1, bag_size: 2671
batch 59, loss: 0.0057, instance_loss: 0.0004, weighted_loss: 0.0041, label: 0, bag_size: 1621
batch 79, loss: 0.0001, instance_loss: 0.0000, weighted_loss: 0.0001, label: 0, bag_size: 7540
batch 99, loss: 0.0007, instance_loss: 0.0002, weighted_loss: 0.0005, label: 1, bag_size: 4365
batch 119, loss: 0.0005, instance_loss: 0.0000, weighted_loss: 0.0003, label: 1, bag_size: 6344
batch 139, loss: 0.0007, instance_loss: 0.0000, weighted_loss: 0.0005, label: 0, bag_size: 2754
batch 159, loss: 0.0248, instance_loss: 0.0000, weighted_loss: 0.0174, label: 0, bag_size: 19946
batch 179, loss: 0.0002, instance_loss: 0.0000, weighted_loss: 0.0001, label: 0, bag_size: 15251
batch 199, loss: 0.0004, instance_loss: 0.0000, weighted_loss: 0.0003, label: 0, bag_size: 8728
batch 219, loss: 1.6729, instance_loss: 0.0000, weighted_loss: 1.1711, label: 1, bag_size: 18621
batch 239, loss: 0.0001, instance_loss: 0.0026, weighted_loss: 0.0009, label: 1, bag_size: 7733
batch 259, loss: 0.0000, instance_loss: 0.0015, weighted_loss: 0.0004, label: 0, bag_size: 2864
batch 279, loss: 0.0000, instance_loss: 0.0000, weighted_loss: 0.0000, label: 0, bag_size: 18734
batch 299, loss: 0.0001, instance_loss: 0.0000, weighted_loss: 0.0000, label: 1, bag_size: 7879
batch 319, loss: 0.0002, instance_loss: 0.0134, weighted_loss: 0.0042, label: 1, bag_size: 4563
batch 339, loss: 0.0001, instance_loss: 0.0000, weighted_loss: 0.0001, label: 1, bag_size: 2644
batch 359, loss: 0.0000, instance_loss: 0.0000, weighted_loss: 0.0000, label: 0, bag_size: 2364
batch 379, loss: 0.0002, instance_loss: 0.0000, weighted_loss: 0.0001, label: 1, bag_size: 4563
batch 399, loss: 0.0001, instance_loss: 0.0006, weighted_loss: 0.0003, label: 0, bag_size: 4062
batch 419, loss: 0.0019, instance_loss: 0.0012, weighted_loss: 0.0016, label: 0, bag_size: 9388
batch 439, loss: 0.0001, instance_loss: 0.0000, weighted_loss: 0.0001, label: 0, bag_size: 5791
batch 459, loss: 0.0001, instance_loss: 0.0000, weighted_loss: 0.0001, label: 0, bag_size: 17351
batch 479, loss: 0.0000, instance_loss: 0.0000, weighted_loss: 0.0000, label: 0, bag_size: 5464
batch 499, loss: 0.0001, instance_loss: 0.0018, weighted_loss: 0.0006, label: 0, bag_size: 3715
batch 519, loss: 0.0002, instance_loss: 0.0004, weighted_loss: 0.0003, label: 0, bag_size: 3019
batch 539, loss: 0.0000, instance_loss: 0.0000, weighted_loss: 0.0000, label: 0, bag_size: 2665
batch 559, loss: 0.0005, instance_loss: 0.0000, weighted_loss: 0.0003, label: 1, bag_size: 2644
batch 579, loss: 0.0002, instance_loss: 0.0000, weighted_loss: 0.0001, label: 0, bag_size: 3946
batch 599, loss: 0.0000, instance_loss: 0.0000, weighted_loss: 0.0000, label: 1, bag_size: 6028
batch 619, loss: 0.0002, instance_loss: 0.0000, weighted_loss: 0.0002, label: 0, bag_size: 6044
batch 639, loss: 0.0080, instance_loss: 0.0000, weighted_loss: 0.0056, label: 1, bag_size: 14318
batch 659, loss: 0.0001, instance_loss: 0.0000, weighted_loss: 0.0001, label: 0, bag_size: 5169
batch 679, loss: 0.0077, instance_loss: 0.0000, weighted_loss: 0.0054, label: 1, bag_size: 3628
batch 699, loss: 0.0000, instance_loss: 0.0020, weighted_loss: 0.0006, label: 1, bag_size: 4563
batch 719, loss: 0.0037, instance_loss: 0.0000, weighted_loss: 0.0026, label: 1, bag_size: 18621
batch 739, loss: 0.0000, instance_loss: 0.0000, weighted_loss: 0.0000, label: 0, bag_size: 5615
batch 759, loss: 0.0040, instance_loss: 0.0003, weighted_loss: 0.0029, label: 1, bag_size: 2671
batch 779, loss: 0.0001, instance_loss: 0.0002, weighted_loss: 0.0001, label: 1, bag_size: 3354
batch 799, loss: 0.0002, instance_loss: 0.0053, weighted_loss: 0.0017, label: 0, bag_size: 2708
batch 819, loss: 0.0005, instance_loss: 0.0000, weighted_loss: 0.0004, label: 1, bag_size: 3628
batch 839, loss: 0.0115, instance_loss: 0.0000, weighted_loss: 0.0080, label: 1, bag_size: 6028
batch 859, loss: 0.0005, instance_loss: 0.0000, weighted_loss: 0.0003, label: 1, bag_size: 8663


class 0 clustering acc 0.9998574686431014: correct 7015/7016
class 1 clustering acc 0.9995724059293044: correct 7013/7016
Epoch: 11, train_loss: 0.0230, train_clustering_loss:  0.0017, train_error: 0.0068
class 0: acc 0.9933184855233853, correct 446/449
class 1: acc 0.9929906542056075, correct 425/428

Val Set, val_loss: 0.4385, val_error: 0.0697, auc: 0.4948
class 0 clustering acc 0.9993781094527363: correct 1607/1608
class 1 clustering acc 1.0: correct 1608/1608
class 0: acc 0.96875, correct 186/192
class 1: acc 0.1111111111111111, correct 1/9
EarlyStopping counter: 9 out of 10


batch 19, loss: 0.0108, instance_loss: 0.0000, weighted_loss: 0.0076, label: 0, bag_size: 2843
batch 39, loss: 0.0000, instance_loss: 0.0000, weighted_loss: 0.0000, label: 0, bag_size: 1345
batch 59, loss: 0.0070, instance_loss: 0.0000, weighted_loss: 0.0049, label: 1, bag_size: 14318
batch 79, loss: 0.0008, instance_loss: 0.0000, weighted_loss: 0.0006, label: 1, bag_size: 5082
batch 99, loss: 0.0072, instance_loss: 0.0000, weighted_loss: 0.0050, label: 1, bag_size: 14318
batch 119, loss: 0.0001, instance_loss: 0.0000, weighted_loss: 0.0001, label: 0, bag_size: 9214
batch 139, loss: 0.0029, instance_loss: 0.0000, weighted_loss: 0.0021, label: 1, bag_size: 4563
batch 159, loss: 0.0012, instance_loss: 0.0000, weighted_loss: 0.0008, label: 1, bag_size: 6812
batch 179, loss: 0.0002, instance_loss: 0.0000, weighted_loss: 0.0001, label: 0, bag_size: 15923
batch 199, loss: 0.0000, instance_loss: 0.0000, weighted_loss: 0.0000, label: 0, bag_size: 893
batch 219, loss: 0.0287, instance_loss: 0.0000, weighted_loss: 0.0201, label: 0, bag_size: 15923
batch 239, loss: 0.4909, instance_loss: 0.0000, weighted_loss: 0.3436, label: 1, bag_size: 15079
batch 259, loss: 0.0000, instance_loss: 0.0000, weighted_loss: 0.0000, label: 0, bag_size: 1998
batch 279, loss: 0.0178, instance_loss: 0.0107, weighted_loss: 0.0156, label: 1, bag_size: 1140
batch 299, loss: 0.0291, instance_loss: 0.0044, weighted_loss: 0.0217, label: 0, bag_size: 5502
batch 319, loss: 0.0020, instance_loss: 0.0061, weighted_loss: 0.0032, label: 0, bag_size: 11242
batch 339, loss: 0.0001, instance_loss: 0.0002, weighted_loss: 0.0001, label: 1, bag_size: 6812
batch 359, loss: 0.0003, instance_loss: 0.0000, weighted_loss: 0.0002, label: 1, bag_size: 13646
batch 379, loss: 0.0002, instance_loss: 0.0000, weighted_loss: 0.0002, label: 0, bag_size: 1521
batch 399, loss: 0.0000, instance_loss: 0.0011, weighted_loss: 0.0004, label: 1, bag_size: 4492
batch 419, loss: 0.0001, instance_loss: 0.0000, weighted_loss: 0.0001, label: 1, bag_size: 2637
batch 439, loss: 0.0008, instance_loss: 0.0000, weighted_loss: 0.0005, label: 0, bag_size: 8616
batch 459, loss: 0.0000, instance_loss: 0.0000, weighted_loss: 0.0000, label: 0, bag_size: 8863
batch 479, loss: 0.0319, instance_loss: 0.0004, weighted_loss: 0.0224, label: 1, bag_size: 14528
batch 499, loss: 0.0084, instance_loss: 0.0000, weighted_loss: 0.0059, label: 0, bag_size: 18333
batch 519, loss: 0.0001, instance_loss: 0.0000, weighted_loss: 0.0001, label: 0, bag_size: 2708
batch 539, loss: 0.0001, instance_loss: 0.0000, weighted_loss: 0.0001, label: 1, bag_size: 3628
batch 559, loss: 0.0019, instance_loss: 0.0000, weighted_loss: 0.0013, label: 1, bag_size: 2644
batch 579, loss: 0.0002, instance_loss: 0.0000, weighted_loss: 0.0001, label: 0, bag_size: 7519
batch 599, loss: 0.0001, instance_loss: 0.0000, weighted_loss: 0.0001, label: 1, bag_size: 8663
batch 619, loss: 0.0009, instance_loss: 0.0019, weighted_loss: 0.0012, label: 1, bag_size: 2671
batch 639, loss: 0.0001, instance_loss: 0.0004, weighted_loss: 0.0002, label: 1, bag_size: 3628
batch 659, loss: 0.0046, instance_loss: 0.0000, weighted_loss: 0.0032, label: 1, bag_size: 22624
batch 679, loss: 0.0044, instance_loss: 0.0000, weighted_loss: 0.0031, label: 1, bag_size: 18621
batch 699, loss: 0.0003, instance_loss: 0.0279, weighted_loss: 0.0086, label: 0, bag_size: 3969
batch 719, loss: 0.0003, instance_loss: 0.0003, weighted_loss: 0.0003, label: 1, bag_size: 4563
batch 739, loss: 0.0003, instance_loss: 0.0000, weighted_loss: 0.0002, label: 1, bag_size: 6812
batch 759, loss: 0.0001, instance_loss: 0.0000, weighted_loss: 0.0000, label: 0, bag_size: 1879
batch 779, loss: 0.0003, instance_loss: 0.0000, weighted_loss: 0.0002, label: 0, bag_size: 9087
batch 799, loss: 0.0187, instance_loss: 0.0000, weighted_loss: 0.0131, label: 0, bag_size: 15114
batch 819, loss: 0.0018, instance_loss: 0.0000, weighted_loss: 0.0013, label: 1, bag_size: 14318
batch 839, loss: 0.0009, instance_loss: 0.0000, weighted_loss: 0.0007, label: 1, bag_size: 22624
batch 859, loss: 0.0083, instance_loss: 0.0000, weighted_loss: 0.0058, label: 0, bag_size: 15687


class 0 clustering acc 0.9998574686431014: correct 7015/7016
class 1 clustering acc 1.0: correct 7016/7016
Epoch: 12, train_loss: 0.0317, train_clustering_loss:  0.0012, train_error: 0.0114
class 0: acc 0.9886621315192744, correct 436/441
class 1: acc 0.9885321100917431, correct 431/436

Val Set, val_loss: 0.4265, val_error: 0.0597, auc: 0.5058
class 0 clustering acc 1.0: correct 1608/1608
class 1 clustering acc 1.0: correct 1608/1608
class 0: acc 0.9791666666666666, correct 188/192
class 1: acc 0.1111111111111111, correct 1/9
EarlyStopping counter: 10 out of 10
Early stopping
Val error: 0.0995, ROC AUC: 0.5868
CV validation error: 0.0995, ROC AUC: 0.5868
class 0: acc 0.9322916666666666, correct 179/192
class 1: acc 0.2222222222222222, correct 2/9
Future event metrics: {"fold": 1, "events": 90, "positive_events": 4, "event_average_precision": 0.10868642106724673, "event_roc_auc": 0.561046511627907, "event_brier": 0.06760372270007668, "aggregation": "mean probability across all included stains/slides of same patient/anchor date", "exploratory_cv_not_independent_final_test": true}
HE augmentation: {"fold": 2, "seed": 11, "train_slides": 851, "eligible_he_train": 51, "unchanged_train": 800, "policy": "geometry", "total_views": 2, "he_original_probability": 0.5, "view_seed": 20472023, "val_test_original_only": true, "split_sha256": "71bd7bf9abbbe68caacf33a04f83cd3bb4a82422d560938918536ab4321643af", "validation_used_for_checkpoint_selection": true, "independent_final_test": false}

Training Fold 2!

Init train/val/test splits... 
Done!
Training on 851 samples
Validating on 227 samples
Testing on 0 samples

Init loss function... Done!

Init Model... Setting tau to 1.0
Done!
CLAM_SB(
  (attention_net): Sequential(
    (0): Linear(in_features=1536, out_features=512, bias=True)
    (1): ReLU()
    (2): Dropout(p=0.25, inplace=False)
    (3): Attn_Net_Gated(
      (attention_a): Sequential(
        (0): Linear(in_features=512, out_features=256, bias=True)
        (1): Tanh()
        (2): Dropout(p=0.25, inplace=False)
      )
      (attention_b): Sequential(
        (0): Linear(in_features=512, out_features=256, bias=True)
        (1): Sigmoid()
        (2): Dropout(p=0.25, inplace=False)
      )
      (attention_c): Linear(in_features=256, out_features=1, bias=True)
    )
  )
  (classifiers): Linear(in_features=512, out_features=2, bias=True)
  (instance_classifiers): ModuleList(
    (0-1): 2 x Linear(in_features=512, out_features=2, bias=True)
  )
  (instance_loss_fn): SmoothTop1SVM()
)
Total number of parameters: 1052935
Total number of trainable parameters: 1052935

Init optimizer ... Done!

Init Loaders... Done!

Setup EarlyStopping... Done!


batch 19, loss: 0.2604, instance_loss: 0.5550, weighted_loss: 0.3488, label: 1, bag_size: 14318
batch 39, loss: 0.3829, instance_loss: 1.4721, weighted_loss: 0.7097, label: 1, bag_size: 5906
batch 59, loss: 0.6691, instance_loss: 0.0741, weighted_loss: 0.4906, label: 0, bag_size: 10176
batch 79, loss: 0.2590, instance_loss: 2.3322, weighted_loss: 0.8810, label: 0, bag_size: 5466
batch 99, loss: 0.8073, instance_loss: 0.9478, weighted_loss: 0.8494, label: 0, bag_size: 15501
batch 119, loss: 0.2105, instance_loss: 0.5831, weighted_loss: 0.3223, label: 0, bag_size: 3167
batch 139, loss: 0.7699, instance_loss: 0.8593, weighted_loss: 0.7968, label: 1, bag_size: 4365
batch 159, loss: 1.0456, instance_loss: 0.2535, weighted_loss: 0.8080, label: 1, bag_size: 7733
batch 179, loss: 0.4212, instance_loss: 0.0543, weighted_loss: 0.3111, label: 0, bag_size: 5791
batch 199, loss: 0.2864, instance_loss: 0.0611, weighted_loss: 0.2188, label: 0, bag_size: 1236
batch 219, loss: 0.9910, instance_loss: 0.0404, weighted_loss: 0.7059, label: 1, bag_size: 14414
batch 239, loss: 0.1177, instance_loss: 0.0296, weighted_loss: 0.0913, label: 1, bag_size: 6344
batch 259, loss: 0.4950, instance_loss: 0.0135, weighted_loss: 0.3506, label: 1, bag_size: 22042
batch 279, loss: 0.0918, instance_loss: 0.0120, weighted_loss: 0.0679, label: 1, bag_size: 16197
batch 299, loss: 0.6241, instance_loss: 0.0144, weighted_loss: 0.4412, label: 1, bag_size: 10371
batch 319, loss: 0.3616, instance_loss: 0.0032, weighted_loss: 0.2541, label: 0, bag_size: 18431
batch 339, loss: 0.1926, instance_loss: 0.0034, weighted_loss: 0.1358, label: 0, bag_size: 2766
batch 359, loss: 1.3205, instance_loss: 0.0080, weighted_loss: 0.9268, label: 1, bag_size: 14763
batch 379, loss: 0.9222, instance_loss: 0.0057, weighted_loss: 0.6472, label: 0, bag_size: 2698
batch 399, loss: 0.6784, instance_loss: 0.0180, weighted_loss: 0.4802, label: 1, bag_size: 10371
batch 419, loss: 0.1009, instance_loss: 0.0034, weighted_loss: 0.0716, label: 0, bag_size: 16074
batch 439, loss: 0.3167, instance_loss: 0.0320, weighted_loss: 0.2313, label: 1, bag_size: 5137
batch 459, loss: 0.4276, instance_loss: 0.0018, weighted_loss: 0.2999, label: 0, bag_size: 10172
batch 479, loss: 0.3546, instance_loss: 0.0084, weighted_loss: 0.2507, label: 0, bag_size: 1674
batch 499, loss: 1.6057, instance_loss: 0.0093, weighted_loss: 1.1268, label: 1, bag_size: 2853
batch 519, loss: 0.0608, instance_loss: 0.0044, weighted_loss: 0.0438, label: 1, bag_size: 5906
batch 539, loss: 0.3017, instance_loss: 0.0031, weighted_loss: 0.2121, label: 0, bag_size: 16964
batch 559, loss: 0.9861, instance_loss: 0.0014, weighted_loss: 0.6907, label: 1, bag_size: 14763
batch 579, loss: 0.4721, instance_loss: 0.0131, weighted_loss: 0.3344, label: 1, bag_size: 3628
batch 599, loss: 0.2175, instance_loss: 0.0014, weighted_loss: 0.1527, label: 0, bag_size: 17334
batch 619, loss: 0.5255, instance_loss: 0.0055, weighted_loss: 0.3695, label: 1, bag_size: 10371
batch 639, loss: 0.0550, instance_loss: 0.0000, weighted_loss: 0.0385, label: 1, bag_size: 14318
batch 659, loss: 0.1664, instance_loss: 0.0011, weighted_loss: 0.1168, label: 0, bag_size: 18625
batch 679, loss: 0.5044, instance_loss: 0.0029, weighted_loss: 0.3540, label: 0, bag_size: 15060
batch 699, loss: 0.7873, instance_loss: 0.0068, weighted_loss: 0.5532, label: 1, bag_size: 10371
batch 719, loss: 0.3144, instance_loss: 0.0048, weighted_loss: 0.2215, label: 1, bag_size: 4276
batch 739, loss: 1.3871, instance_loss: 0.0067, weighted_loss: 0.9730, label: 1, bag_size: 2853
batch 759, loss: 0.1583, instance_loss: 0.0038, weighted_loss: 0.1120, label: 0, bag_size: 14581
batch 779, loss: 0.0073, instance_loss: 0.0000, weighted_loss: 0.0051, label: 1, bag_size: 6344
batch 799, loss: 0.9235, instance_loss: 0.0089, weighted_loss: 0.6491, label: 0, bag_size: 3696
batch 819, loss: 1.2380, instance_loss: 0.0008, weighted_loss: 0.8668, label: 1, bag_size: 14763
batch 839, loss: 0.1284, instance_loss: 0.0048, weighted_loss: 0.0913, label: 0, bag_size: 4002


class 0 clustering acc 0.9422737955346651: correct 6415/6808
class 1 clustering acc 0.9607814336075206: correct 6541/6808
Epoch: 0, train_loss: 0.5716, train_clustering_loss:  0.2163, train_error: 0.3126
class 0: acc 0.7361111111111112, correct 318/432
class 1: acc 0.6372315035799523, correct 267/419

Val Set, val_loss: 0.4422, val_error: 0.1586, auc: 0.7221
class 0 clustering acc 0.9961453744493393: correct 1809/1816
class 1 clustering acc 1.0: correct 1816/1816
class 0: acc 0.8651162790697674, correct 186/215
class 1: acc 0.4166666666666667, correct 5/12
Validation loss decreased (inf --> 0.442242).  Saving model ...


batch 19, loss: 0.4671, instance_loss: 0.0011, weighted_loss: 0.3273, label: 0, bag_size: 10277
batch 39, loss: 1.1995, instance_loss: 0.0031, weighted_loss: 0.8406, label: 1, bag_size: 4516
batch 59, loss: 0.5531, instance_loss: 0.0012, weighted_loss: 0.3875, label: 0, bag_size: 25328
batch 79, loss: 0.0763, instance_loss: 0.0012, weighted_loss: 0.0538, label: 0, bag_size: 16717
batch 99, loss: 0.3597, instance_loss: 0.0030, weighted_loss: 0.2527, label: 0, bag_size: 21480
batch 119, loss: 0.0479, instance_loss: 0.0014, weighted_loss: 0.0340, label: 1, bag_size: 5906
batch 139, loss: 0.2051, instance_loss: 0.0084, weighted_loss: 0.1461, label: 0, bag_size: 1994
batch 159, loss: 1.1310, instance_loss: 0.0029, weighted_loss: 0.7926, label: 0, bag_size: 2870
batch 179, loss: 0.1203, instance_loss: 0.0003, weighted_loss: 0.0843, label: 0, bag_size: 5542
batch 199, loss: 0.3752, instance_loss: 0.0005, weighted_loss: 0.2628, label: 1, bag_size: 10371
batch 219, loss: 0.4706, instance_loss: 0.0008, weighted_loss: 0.3297, label: 1, bag_size: 7733
batch 239, loss: 0.2276, instance_loss: 0.0023, weighted_loss: 0.1600, label: 1, bag_size: 15079
batch 259, loss: 0.7384, instance_loss: 0.0036, weighted_loss: 0.5179, label: 0, bag_size: 10708
batch 279, loss: 0.2505, instance_loss: 0.0025, weighted_loss: 0.1761, label: 0, bag_size: 1677
batch 299, loss: 0.1487, instance_loss: 0.0000, weighted_loss: 0.1041, label: 1, bag_size: 14318
batch 319, loss: 0.0272, instance_loss: 0.0052, weighted_loss: 0.0206, label: 0, bag_size: 13275
batch 339, loss: 1.4421, instance_loss: 0.0042, weighted_loss: 1.0108, label: 1, bag_size: 4760
batch 359, loss: 0.0733, instance_loss: 0.0066, weighted_loss: 0.0533, label: 0, bag_size: 1615
batch 379, loss: 0.3343, instance_loss: 0.0024, weighted_loss: 0.2347, label: 0, bag_size: 9456
batch 399, loss: 0.5413, instance_loss: 0.0000, weighted_loss: 0.3789, label: 0, bag_size: 4062
batch 419, loss: 0.9406, instance_loss: 0.0005, weighted_loss: 0.6586, label: 0, bag_size: 7261
batch 439, loss: 0.0835, instance_loss: 0.0032, weighted_loss: 0.0594, label: 1, bag_size: 14318
batch 459, loss: 0.1556, instance_loss: 0.0006, weighted_loss: 0.1091, label: 1, bag_size: 10371
batch 479, loss: 0.0872, instance_loss: 0.0034, weighted_loss: 0.0621, label: 0, bag_size: 3607
batch 499, loss: 0.1348, instance_loss: 0.0029, weighted_loss: 0.0953, label: 0, bag_size: 10381
batch 519, loss: 0.5620, instance_loss: 0.0079, weighted_loss: 0.3957, label: 0, bag_size: 4436
batch 539, loss: 0.0814, instance_loss: 0.0002, weighted_loss: 0.0570, label: 1, bag_size: 14763
batch 559, loss: 0.0107, instance_loss: 0.0004, weighted_loss: 0.0076, label: 0, bag_size: 8719
batch 579, loss: 0.8080, instance_loss: 0.0147, weighted_loss: 0.5700, label: 1, bag_size: 7733
batch 599, loss: 0.0191, instance_loss: 0.0003, weighted_loss: 0.0135, label: 1, bag_size: 14763
batch 619, loss: 0.0391, instance_loss: 0.0004, weighted_loss: 0.0275, label: 1, bag_size: 6028
batch 639, loss: 0.0092, instance_loss: 0.0014, weighted_loss: 0.0068, label: 1, bag_size: 4276
batch 659, loss: 0.2668, instance_loss: 0.0000, weighted_loss: 0.1868, label: 1, bag_size: 4365
batch 679, loss: 0.0013, instance_loss: 0.0047, weighted_loss: 0.0023, label: 1, bag_size: 2644
batch 699, loss: 0.0874, instance_loss: 0.0016, weighted_loss: 0.0616, label: 1, bag_size: 14763
batch 719, loss: 0.0455, instance_loss: 0.0005, weighted_loss: 0.0320, label: 0, bag_size: 6907
batch 739, loss: 0.0442, instance_loss: 0.0035, weighted_loss: 0.0320, label: 1, bag_size: 10180
batch 759, loss: 0.4241, instance_loss: 0.0021, weighted_loss: 0.2975, label: 0, bag_size: 6578
batch 779, loss: 0.0023, instance_loss: 0.0029, weighted_loss: 0.0025, label: 0, bag_size: 14032
batch 799, loss: 0.0077, instance_loss: 0.0022, weighted_loss: 0.0060, label: 1, bag_size: 3411
batch 819, loss: 0.0062, instance_loss: 0.0000, weighted_loss: 0.0043, label: 0, bag_size: 5128
batch 839, loss: 0.5635, instance_loss: 0.0005, weighted_loss: 0.3946, label: 0, bag_size: 18062


class 0 clustering acc 1.0: correct 6808/6808
class 1 clustering acc 1.0: correct 6808/6808
Epoch: 1, train_loss: 0.3322, train_clustering_loss:  0.0038, train_error: 0.1516
class 0: acc 0.8519417475728155, correct 351/412
class 1: acc 0.8451025056947609, correct 371/439

Val Set, val_loss: 0.3524, val_error: 0.1410, auc: 0.6841
class 0 clustering acc 0.9961453744493393: correct 1809/1816
class 1 clustering acc 1.0: correct 1816/1816
class 0: acc 0.8883720930232558, correct 191/215
class 1: acc 0.3333333333333333, correct 4/12
Validation loss decreased (0.442242 --> 0.352409).  Saving model ...


batch 19, loss: 0.3055, instance_loss: 0.0007, weighted_loss: 0.2140, label: 0, bag_size: 21480
batch 39, loss: 0.2280, instance_loss: 0.0152, weighted_loss: 0.1641, label: 0, bag_size: 78871
batch 59, loss: 1.1122, instance_loss: 0.0000, weighted_loss: 0.7785, label: 1, bag_size: 14763
batch 79, loss: 0.0068, instance_loss: 0.0000, weighted_loss: 0.0048, label: 1, bag_size: 22042
batch 99, loss: 0.0089, instance_loss: 0.0013, weighted_loss: 0.0067, label: 1, bag_size: 2637
batch 119, loss: 0.0113, instance_loss: 0.0004, weighted_loss: 0.0081, label: 0, bag_size: 21486
batch 139, loss: 0.0081, instance_loss: 0.0000, weighted_loss: 0.0057, label: 1, bag_size: 21609
batch 159, loss: 3.7706, instance_loss: 0.0000, weighted_loss: 2.6394, label: 0, bag_size: 20121
batch 179, loss: 0.0304, instance_loss: 0.0026, weighted_loss: 0.0221, label: 1, bag_size: 2853
batch 199, loss: 1.8478, instance_loss: 0.0128, weighted_loss: 1.2973, label: 1, bag_size: 6812
batch 219, loss: 0.0171, instance_loss: 0.0000, weighted_loss: 0.0120, label: 1, bag_size: 8663
batch 239, loss: 0.9582, instance_loss: 0.0302, weighted_loss: 0.6798, label: 0, bag_size: 2375
batch 259, loss: 0.0085, instance_loss: 0.0049, weighted_loss: 0.0074, label: 0, bag_size: 6116
batch 279, loss: 0.0121, instance_loss: 0.0424, weighted_loss: 0.0212, label: 0, bag_size: 1345
batch 299, loss: 0.0007, instance_loss: 0.0006, weighted_loss: 0.0007, label: 0, bag_size: 3137
batch 319, loss: 0.0034, instance_loss: 0.0016, weighted_loss: 0.0029, label: 0, bag_size: 2095
batch 339, loss: 0.0103, instance_loss: 0.0000, weighted_loss: 0.0072, label: 1, bag_size: 6028
batch 359, loss: 0.0002, instance_loss: 0.0050, weighted_loss: 0.0016, label: 0, bag_size: 1758
batch 379, loss: 0.2146, instance_loss: 0.0005, weighted_loss: 0.1504, label: 0, bag_size: 12490
batch 399, loss: 0.0367, instance_loss: 0.0000, weighted_loss: 0.0257, label: 1, bag_size: 4365
batch 419, loss: 0.0490, instance_loss: 0.0035, weighted_loss: 0.0353, label: 1, bag_size: 3628
batch 439, loss: 0.0027, instance_loss: 0.0014, weighted_loss: 0.0023, label: 1, bag_size: 6023
batch 459, loss: 0.0235, instance_loss: 0.0008, weighted_loss: 0.0167, label: 1, bag_size: 2644
batch 479, loss: 0.0168, instance_loss: 0.0018, weighted_loss: 0.0123, label: 0, bag_size: 11889
batch 499, loss: 0.0017, instance_loss: 0.0006, weighted_loss: 0.0014, label: 0, bag_size: 21383
batch 519, loss: 0.0057, instance_loss: 0.0028, weighted_loss: 0.0048, label: 1, bag_size: 22871
batch 539, loss: 0.0346, instance_loss: 0.0026, weighted_loss: 0.0250, label: 0, bag_size: 2894
batch 559, loss: 0.1664, instance_loss: 0.0132, weighted_loss: 0.1204, label: 0, bag_size: 2315
batch 579, loss: 0.0536, instance_loss: 0.0009, weighted_loss: 0.0378, label: 1, bag_size: 2644
batch 599, loss: 0.0029, instance_loss: 0.0002, weighted_loss: 0.0021, label: 1, bag_size: 5906
batch 619, loss: 0.0085, instance_loss: 0.0000, weighted_loss: 0.0060, label: 0, bag_size: 17332
batch 639, loss: 1.2915, instance_loss: 0.0073, weighted_loss: 0.9062, label: 1, bag_size: 3621
batch 659, loss: 0.0020, instance_loss: 0.0011, weighted_loss: 0.0017, label: 1, bag_size: 10180
batch 679, loss: 0.1760, instance_loss: 0.0000, weighted_loss: 0.1232, label: 1, bag_size: 6344
batch 699, loss: 0.0171, instance_loss: 0.0000, weighted_loss: 0.0120, label: 1, bag_size: 6344
batch 719, loss: 0.0041, instance_loss: 0.0025, weighted_loss: 0.0036, label: 1, bag_size: 3628
batch 739, loss: 0.0026, instance_loss: 0.0005, weighted_loss: 0.0020, label: 1, bag_size: 21609
batch 759, loss: 0.0192, instance_loss: 0.0003, weighted_loss: 0.0135, label: 1, bag_size: 4516
batch 779, loss: 0.0092, instance_loss: 0.0017, weighted_loss: 0.0070, label: 1, bag_size: 22871
batch 799, loss: 0.0405, instance_loss: 0.0002, weighted_loss: 0.0284, label: 1, bag_size: 2853
batch 819, loss: 0.0926, instance_loss: 0.0002, weighted_loss: 0.0649, label: 0, bag_size: 19946
batch 839, loss: 0.0173, instance_loss: 0.0000, weighted_loss: 0.0121, label: 1, bag_size: 21952


class 0 clustering acc 1.0: correct 6808/6808
class 1 clustering acc 1.0: correct 6808/6808
Epoch: 2, train_loss: 0.1389, train_clustering_loss:  0.0030, train_error: 0.0470
class 0: acc 0.9479905437352246, correct 401/423
class 1: acc 0.9579439252336449, correct 410/428

Val Set, val_loss: 0.4343, val_error: 0.1189, auc: 0.6593
class 0 clustering acc 0.9961453744493393: correct 1809/1816
class 1 clustering acc 1.0: correct 1816/1816
class 0: acc 0.9069767441860465, correct 195/215
class 1: acc 0.4166666666666667, correct 5/12
EarlyStopping counter: 1 out of 10


batch 19, loss: 0.0024, instance_loss: 0.0000, weighted_loss: 0.0017, label: 0, bag_size: 15470
batch 39, loss: 0.0782, instance_loss: 0.0002, weighted_loss: 0.0548, label: 1, bag_size: 4516
batch 59, loss: 0.0153, instance_loss: 0.0017, weighted_loss: 0.0112, label: 1, bag_size: 4276
batch 79, loss: 0.0007, instance_loss: 0.0021, weighted_loss: 0.0011, label: 0, bag_size: 1383
batch 99, loss: 1.8295, instance_loss: 0.0003, weighted_loss: 1.2807, label: 0, bag_size: 14178
batch 119, loss: 0.0082, instance_loss: 0.0000, weighted_loss: 0.0057, label: 0, bag_size: 14354
batch 139, loss: 0.0000, instance_loss: 0.0000, weighted_loss: 0.0000, label: 0, bag_size: 8271
batch 159, loss: 0.0107, instance_loss: 0.0000, weighted_loss: 0.0075, label: 1, bag_size: 22871
batch 179, loss: 0.0020, instance_loss: 0.0015, weighted_loss: 0.0019, label: 0, bag_size: 18329
batch 199, loss: 0.0020, instance_loss: 0.0015, weighted_loss: 0.0018, label: 1, bag_size: 6812
batch 219, loss: 0.7519, instance_loss: 0.0000, weighted_loss: 0.5264, label: 0, bag_size: 15093
batch 239, loss: 0.0029, instance_loss: 0.0000, weighted_loss: 0.0020, label: 1, bag_size: 14414
batch 259, loss: 0.0512, instance_loss: 0.0003, weighted_loss: 0.0359, label: 1, bag_size: 21952
batch 279, loss: 0.0008, instance_loss: 0.0000, weighted_loss: 0.0005, label: 1, bag_size: 3628
batch 299, loss: 0.0078, instance_loss: 0.0000, weighted_loss: 0.0055, label: 1, bag_size: 4365
batch 319, loss: 0.0002, instance_loss: 0.0002, weighted_loss: 0.0002, label: 0, bag_size: 4002
batch 339, loss: 0.0019, instance_loss: 0.0000, weighted_loss: 0.0014, label: 1, bag_size: 15079
batch 359, loss: 0.9339, instance_loss: 0.0010, weighted_loss: 0.6540, label: 1, bag_size: 14318
batch 379, loss: 0.0050, instance_loss: 0.0000, weighted_loss: 0.0035, label: 0, bag_size: 17048
batch 399, loss: 0.0058, instance_loss: 0.0006, weighted_loss: 0.0042, label: 1, bag_size: 21609
batch 419, loss: 0.0007, instance_loss: 0.0209, weighted_loss: 0.0068, label: 1, bag_size: 3024
batch 439, loss: 0.0021, instance_loss: 0.0000, weighted_loss: 0.0015, label: 0, bag_size: 17805
batch 459, loss: 0.0104, instance_loss: 0.0002, weighted_loss: 0.0073, label: 1, bag_size: 10180
batch 479, loss: 0.0002, instance_loss: 0.0302, weighted_loss: 0.0092, label: 1, bag_size: 3411
batch 499, loss: 0.0005, instance_loss: 0.0000, weighted_loss: 0.0003, label: 0, bag_size: 13461
batch 519, loss: 0.0338, instance_loss: 0.0008, weighted_loss: 0.0239, label: 0, bag_size: 17065
batch 539, loss: 0.0044, instance_loss: 0.0000, weighted_loss: 0.0031, label: 1, bag_size: 14763
batch 559, loss: 0.0071, instance_loss: 0.0000, weighted_loss: 0.0049, label: 0, bag_size: 8839
batch 579, loss: 0.0028, instance_loss: 0.0000, weighted_loss: 0.0020, label: 1, bag_size: 2853
batch 599, loss: 0.0310, instance_loss: 0.0002, weighted_loss: 0.0218, label: 1, bag_size: 10371
batch 619, loss: 0.0888, instance_loss: 0.0000, weighted_loss: 0.0622, label: 1, bag_size: 4365
batch 639, loss: 0.0009, instance_loss: 0.0022, weighted_loss: 0.0013, label: 0, bag_size: 5545
batch 659, loss: 0.0154, instance_loss: 0.0003, weighted_loss: 0.0109, label: 0, bag_size: 4983
batch 679, loss: 0.1063, instance_loss: 0.0005, weighted_loss: 0.0746, label: 1, bag_size: 21952
batch 699, loss: 0.0009, instance_loss: 0.0007, weighted_loss: 0.0008, label: 0, bag_size: 2665
batch 719, loss: 1.9743, instance_loss: 0.0015, weighted_loss: 1.3824, label: 0, bag_size: 21253
batch 739, loss: 0.0013, instance_loss: 0.0006, weighted_loss: 0.0011, label: 0, bag_size: 3380
batch 759, loss: 0.0272, instance_loss: 0.0000, weighted_loss: 0.0190, label: 1, bag_size: 14414
batch 779, loss: 0.0077, instance_loss: 0.0000, weighted_loss: 0.0054, label: 1, bag_size: 15079
batch 799, loss: 0.0005, instance_loss: 0.0171, weighted_loss: 0.0055, label: 1, bag_size: 3411
batch 819, loss: 0.0012, instance_loss: 0.0000, weighted_loss: 0.0009, label: 1, bag_size: 4760
batch 839, loss: 0.0043, instance_loss: 0.0693, weighted_loss: 0.0238, label: 0, bag_size: 112


class 0 clustering acc 0.999412455934195: correct 6804/6808
class 1 clustering acc 1.0: correct 6808/6808
Epoch: 3, train_loss: 0.0830, train_clustering_loss:  0.0025, train_error: 0.0294
class 0: acc 0.9665178571428571, correct 433/448
class 1: acc 0.9751861042183623, correct 393/403

Val Set, val_loss: 0.3597, val_error: 0.0661, auc: 0.5864
class 0 clustering acc 0.9966960352422908: correct 1810/1816
class 1 clustering acc 1.0: correct 1816/1816
class 0: acc 0.9720930232558139, correct 209/215
class 1: acc 0.25, correct 3/12
EarlyStopping counter: 2 out of 10


batch 19, loss: 0.0006, instance_loss: 0.0000, weighted_loss: 0.0005, label: 0, bag_size: 11781
batch 39, loss: 0.0931, instance_loss: 0.0003, weighted_loss: 0.0653, label: 1, bag_size: 3628
batch 59, loss: 0.0001, instance_loss: 0.0000, weighted_loss: 0.0000, label: 0, bag_size: 3108
batch 79, loss: 0.0019, instance_loss: 0.0000, weighted_loss: 0.0013, label: 1, bag_size: 5906
batch 99, loss: 0.0007, instance_loss: 0.0000, weighted_loss: 0.0005, label: 0, bag_size: 8158
batch 119, loss: 0.0007, instance_loss: 0.0000, weighted_loss: 0.0005, label: 1, bag_size: 3628
batch 139, loss: 0.0000, instance_loss: 0.0000, weighted_loss: 0.0000, label: 0, bag_size: 2698
batch 159, loss: 0.0003, instance_loss: 0.0038, weighted_loss: 0.0014, label: 0, bag_size: 3394
batch 179, loss: 0.0000, instance_loss: 0.0000, weighted_loss: 0.0000, label: 0, bag_size: 2119
batch 199, loss: 0.0061, instance_loss: 0.0000, weighted_loss: 0.0043, label: 1, bag_size: 14528
batch 219, loss: 0.0028, instance_loss: 0.0000, weighted_loss: 0.0019, label: 1, bag_size: 14414
batch 239, loss: 0.0033, instance_loss: 0.0000, weighted_loss: 0.0023, label: 1, bag_size: 15079
batch 259, loss: 0.0001, instance_loss: 0.0000, weighted_loss: 0.0000, label: 0, bag_size: 16323
batch 279, loss: 0.0025, instance_loss: 0.0006, weighted_loss: 0.0020, label: 1, bag_size: 22871
batch 299, loss: 0.0177, instance_loss: 0.0000, weighted_loss: 0.0124, label: 1, bag_size: 14528
batch 319, loss: 0.0000, instance_loss: 0.0002, weighted_loss: 0.0001, label: 0, bag_size: 1227
batch 339, loss: 0.0002, instance_loss: 0.0008, weighted_loss: 0.0004, label: 1, bag_size: 4760
batch 359, loss: 0.0000, instance_loss: 0.0000, weighted_loss: 0.0000, label: 0, bag_size: 16400
batch 379, loss: 0.0000, instance_loss: 0.0000, weighted_loss: 0.0000, label: 0, bag_size: 8458
batch 399, loss: 0.0016, instance_loss: 0.0000, weighted_loss: 0.0011, label: 1, bag_size: 2644
batch 419, loss: 0.0010, instance_loss: 0.0003, weighted_loss: 0.0008, label: 0, bag_size: 2894
batch 439, loss: 0.0026, instance_loss: 0.0003, weighted_loss: 0.0019, label: 1, bag_size: 10371
batch 459, loss: 3.5764, instance_loss: 0.0000, weighted_loss: 2.5035, label: 1, bag_size: 22042
batch 479, loss: 0.0033, instance_loss: 0.0003, weighted_loss: 0.0024, label: 1, bag_size: 4760
batch 499, loss: 0.0000, instance_loss: 0.0000, weighted_loss: 0.0000, label: 0, bag_size: 10033
batch 519, loss: 0.0002, instance_loss: 0.0004, weighted_loss: 0.0003, label: 1, bag_size: 22871
batch 539, loss: 0.0018, instance_loss: 0.0002, weighted_loss: 0.0013, label: 0, bag_size: 10718
batch 559, loss: 0.8718, instance_loss: 0.0012, weighted_loss: 0.6106, label: 0, bag_size: 17677
batch 579, loss: 0.0035, instance_loss: 0.0000, weighted_loss: 0.0024, label: 1, bag_size: 10371
batch 599, loss: 0.0002, instance_loss: 0.0000, weighted_loss: 0.0002, label: 0, bag_size: 1821
batch 619, loss: 0.0002, instance_loss: 0.0000, weighted_loss: 0.0001, label: 0, bag_size: 5862
batch 639, loss: 0.0000, instance_loss: 0.0000, weighted_loss: 0.0000, label: 0, bag_size: 1521
batch 659, loss: 0.0011, instance_loss: 0.0000, weighted_loss: 0.0008, label: 1, bag_size: 3628
batch 679, loss: 0.0071, instance_loss: 0.0000, weighted_loss: 0.0049, label: 0, bag_size: 18111
batch 699, loss: 0.2088, instance_loss: 0.0000, weighted_loss: 0.1461, label: 0, bag_size: 4226
batch 719, loss: 0.0125, instance_loss: 0.0009, weighted_loss: 0.0090, label: 1, bag_size: 7733
batch 739, loss: 0.0442, instance_loss: 0.0003, weighted_loss: 0.0310, label: 1, bag_size: 21952
batch 759, loss: 0.0000, instance_loss: 0.0000, weighted_loss: 0.0000, label: 0, bag_size: 1682
batch 779, loss: 0.0007, instance_loss: 0.0002, weighted_loss: 0.0005, label: 0, bag_size: 4330
batch 799, loss: 0.0000, instance_loss: 0.0000, weighted_loss: 0.0000, label: 0, bag_size: 13958
batch 819, loss: 0.0130, instance_loss: 0.0000, weighted_loss: 0.0091, label: 1, bag_size: 4516
batch 839, loss: 0.0017, instance_loss: 0.0319, weighted_loss: 0.0108, label: 1, bag_size: 3621


class 0 clustering acc 1.0: correct 6808/6808
class 1 clustering acc 1.0: correct 6808/6808
Epoch: 4, train_loss: 0.0726, train_clustering_loss:  0.0009, train_error: 0.0259
class 0: acc 0.965, correct 386/400
class 1: acc 0.9822616407982262, correct 443/451

Val Set, val_loss: 0.5462, val_error: 0.1366, auc: 0.5527
class 0 clustering acc 0.9977973568281938: correct 1812/1816
class 1 clustering acc 1.0: correct 1816/1816
class 0: acc 0.8976744186046511, correct 193/215
class 1: acc 0.25, correct 3/12
EarlyStopping counter: 3 out of 10


batch 19, loss: 0.0000, instance_loss: 0.0002, weighted_loss: 0.0001, label: 0, bag_size: 8542
batch 39, loss: 0.0060, instance_loss: 0.0002, weighted_loss: 0.0042, label: 0, bag_size: 3506
batch 59, loss: 0.0224, instance_loss: 0.0002, weighted_loss: 0.0158, label: 1, bag_size: 4276
batch 79, loss: 0.3876, instance_loss: 0.0000, weighted_loss: 0.2713, label: 0, bag_size: 5195
batch 99, loss: 0.0000, instance_loss: 0.0000, weighted_loss: 0.0000, label: 0, bag_size: 3314
batch 119, loss: 0.1011, instance_loss: 0.0000, weighted_loss: 0.0707, label: 1, bag_size: 2671
batch 139, loss: 0.0330, instance_loss: 0.0045, weighted_loss: 0.0244, label: 1, bag_size: 14414
batch 159, loss: 0.0008, instance_loss: 0.0000, weighted_loss: 0.0005, label: 0, bag_size: 1858
batch 179, loss: 0.0011, instance_loss: 0.0109, weighted_loss: 0.0040, label: 1, bag_size: 3411
batch 199, loss: 0.0043, instance_loss: 0.0011, weighted_loss: 0.0034, label: 1, bag_size: 6812
batch 219, loss: 0.0361, instance_loss: 0.0008, weighted_loss: 0.0255, label: 1, bag_size: 14763
batch 239, loss: 0.0078, instance_loss: 0.0000, weighted_loss: 0.0054, label: 1, bag_size: 6028
batch 259, loss: 0.0017, instance_loss: 0.0000, weighted_loss: 0.0012, label: 1, bag_size: 21609
batch 279, loss: 0.0022, instance_loss: 0.0002, weighted_loss: 0.0016, label: 0, bag_size: 1669
batch 299, loss: 0.0014, instance_loss: 0.0000, weighted_loss: 0.0010, label: 0, bag_size: 3932
batch 319, loss: 0.0006, instance_loss: 0.0006, weighted_loss: 0.0006, label: 0, bag_size: 4197
batch 339, loss: 0.0295, instance_loss: 0.0002, weighted_loss: 0.0207, label: 0, bag_size: 3419
batch 359, loss: 0.0009, instance_loss: 0.0000, weighted_loss: 0.0006, label: 0, bag_size: 2530
batch 379, loss: 0.0000, instance_loss: 0.0000, weighted_loss: 0.0000, label: 0, bag_size: 1998
batch 399, loss: 0.0016, instance_loss: 0.0018, weighted_loss: 0.0017, label: 1, bag_size: 6023
batch 419, loss: 0.0012, instance_loss: 0.0013, weighted_loss: 0.0012, label: 1, bag_size: 6023
batch 439, loss: 0.0035, instance_loss: 0.0000, weighted_loss: 0.0024, label: 0, bag_size: 11456
batch 459, loss: 0.0013, instance_loss: 0.0023, weighted_loss: 0.0016, label: 1, bag_size: 7733
batch 479, loss: 0.0001, instance_loss: 0.0028, weighted_loss: 0.0009, label: 0, bag_size: 3709
batch 499, loss: 0.0089, instance_loss: 0.0000, weighted_loss: 0.0063, label: 1, bag_size: 4365
batch 519, loss: 0.0485, instance_loss: 0.0018, weighted_loss: 0.0345, label: 0, bag_size: 16088
batch 539, loss: 0.0282, instance_loss: 0.0003, weighted_loss: 0.0198, label: 1, bag_size: 22399
batch 559, loss: 0.0005, instance_loss: 0.0006, weighted_loss: 0.0005, label: 0, bag_size: 16640
batch 579, loss: 0.0003, instance_loss: 0.0045, weighted_loss: 0.0015, label: 0, bag_size: 2666
batch 599, loss: 0.0036, instance_loss: 0.0000, weighted_loss: 0.0026, label: 1, bag_size: 4276
batch 619, loss: 0.0006, instance_loss: 0.0011, weighted_loss: 0.0007, label: 1, bag_size: 8663
batch 639, loss: 0.0000, instance_loss: 0.0000, weighted_loss: 0.0000, label: 0, bag_size: 2956
batch 659, loss: 0.0003, instance_loss: 0.0000, weighted_loss: 0.0002, label: 0, bag_size: 1865
batch 679, loss: 0.0044, instance_loss: 0.0000, weighted_loss: 0.0031, label: 1, bag_size: 10180
batch 699, loss: 0.0013, instance_loss: 0.0002, weighted_loss: 0.0010, label: 0, bag_size: 17986
batch 719, loss: 0.0035, instance_loss: 0.0009, weighted_loss: 0.0027, label: 1, bag_size: 8663
batch 739, loss: 0.0000, instance_loss: 0.0043, weighted_loss: 0.0013, label: 1, bag_size: 3411
batch 759, loss: 0.0089, instance_loss: 0.0000, weighted_loss: 0.0062, label: 1, bag_size: 22871
batch 779, loss: 0.1546, instance_loss: 0.0000, weighted_loss: 0.1082, label: 1, bag_size: 5956
batch 799, loss: 0.0010, instance_loss: 0.0000, weighted_loss: 0.0007, label: 0, bag_size: 6837
batch 819, loss: 0.0218, instance_loss: 0.0005, weighted_loss: 0.0154, label: 1, bag_size: 21609
batch 839, loss: 0.0003, instance_loss: 0.0000, weighted_loss: 0.0002, label: 0, bag_size: 17250


class 0 clustering acc 1.0: correct 6808/6808
class 1 clustering acc 1.0: correct 6808/6808
Epoch: 5, train_loss: 0.0613, train_clustering_loss:  0.0008, train_error: 0.0188
class 0: acc 0.9764705882352941, correct 415/425
class 1: acc 0.9859154929577465, correct 420/426

Val Set, val_loss: 0.4334, val_error: 0.0705, auc: 0.5647
class 0 clustering acc 0.9972466960352423: correct 1811/1816
class 1 clustering acc 1.0: correct 1816/1816
class 0: acc 0.9674418604651163, correct 208/215
class 1: acc 0.25, correct 3/12
EarlyStopping counter: 4 out of 10


batch 19, loss: 0.0002, instance_loss: 0.0000, weighted_loss: 0.0002, label: 1, bag_size: 3628
batch 39, loss: 0.0000, instance_loss: 0.0000, weighted_loss: 0.0000, label: 0, bag_size: 2439
batch 59, loss: 0.0002, instance_loss: 0.0000, weighted_loss: 0.0001, label: 0, bag_size: 3232
batch 79, loss: 0.0595, instance_loss: 0.0000, weighted_loss: 0.0416, label: 1, bag_size: 2671
batch 99, loss: 0.0926, instance_loss: 0.0000, weighted_loss: 0.0648, label: 0, bag_size: 5154
batch 119, loss: 0.0000, instance_loss: 0.0000, weighted_loss: 0.0000, label: 0, bag_size: 9214
batch 139, loss: 0.0003, instance_loss: 0.0000, weighted_loss: 0.0002, label: 0, bag_size: 19134
batch 159, loss: 0.0001, instance_loss: 0.0000, weighted_loss: 0.0001, label: 0, bag_size: 18076
batch 179, loss: 0.0000, instance_loss: 0.0002, weighted_loss: 0.0001, label: 0, bag_size: 2352
batch 199, loss: 0.0100, instance_loss: 0.0000, weighted_loss: 0.0070, label: 0, bag_size: 10708
batch 219, loss: 0.0001, instance_loss: 0.0000, weighted_loss: 0.0000, label: 0, bag_size: 4211
batch 239, loss: 0.0020, instance_loss: 0.0010, weighted_loss: 0.0017, label: 0, bag_size: 2802
batch 259, loss: 0.0165, instance_loss: 0.0002, weighted_loss: 0.0116, label: 1, bag_size: 10371
batch 279, loss: 0.0000, instance_loss: 0.0000, weighted_loss: 0.0000, label: 0, bag_size: 17528
batch 299, loss: 0.0365, instance_loss: 0.0000, weighted_loss: 0.0255, label: 1, bag_size: 2671
batch 319, loss: 0.0001, instance_loss: 0.0055, weighted_loss: 0.0017, label: 1, bag_size: 3621
batch 339, loss: 0.0000, instance_loss: 0.0000, weighted_loss: 0.0000, label: 1, bag_size: 6023
batch 359, loss: 0.0085, instance_loss: 0.0003, weighted_loss: 0.0060, label: 1, bag_size: 5956
batch 379, loss: 0.0246, instance_loss: 0.0004, weighted_loss: 0.0174, label: 1, bag_size: 14528
batch 399, loss: 0.0000, instance_loss: 0.0000, weighted_loss: 0.0000, label: 0, bag_size: 2089
batch 419, loss: 0.1477, instance_loss: 0.0071, weighted_loss: 0.1055, label: 0, bag_size: 2843
batch 439, loss: 0.0000, instance_loss: 0.0000, weighted_loss: 0.0000, label: 0, bag_size: 1521
batch 459, loss: 0.0002, instance_loss: 0.0000, weighted_loss: 0.0001, label: 1, bag_size: 3628
batch 479, loss: 0.0000, instance_loss: 0.0000, weighted_loss: 0.0000, label: 0, bag_size: 3360
batch 499, loss: 0.0000, instance_loss: 0.0000, weighted_loss: 0.0000, label: 0, bag_size: 1889
batch 519, loss: 0.0047, instance_loss: 0.0000, weighted_loss: 0.0033, label: 1, bag_size: 5956
batch 539, loss: 0.0013, instance_loss: 0.0000, weighted_loss: 0.0009, label: 0, bag_size: 1351
batch 559, loss: 0.0008, instance_loss: 0.0002, weighted_loss: 0.0006, label: 0, bag_size: 11847
batch 579, loss: 0.1191, instance_loss: 0.0021, weighted_loss: 0.0840, label: 0, bag_size: 8839
batch 599, loss: 0.0012, instance_loss: 0.0000, weighted_loss: 0.0008, label: 0, bag_size: 18052
batch 619, loss: 0.0000, instance_loss: 0.0000, weighted_loss: 0.0000, label: 1, bag_size: 7733
batch 639, loss: 0.0001, instance_loss: 0.0027, weighted_loss: 0.0009, label: 1, bag_size: 6812
batch 659, loss: 0.0000, instance_loss: 0.0014, weighted_loss: 0.0004, label: 0, bag_size: 6578
batch 679, loss: 0.0002, instance_loss: 0.0000, weighted_loss: 0.0002, label: 0, bag_size: 2999
batch 699, loss: 0.0015, instance_loss: 0.0000, weighted_loss: 0.0011, label: 0, bag_size: 2266
batch 719, loss: 0.0904, instance_loss: 0.0000, weighted_loss: 0.0633, label: 1, bag_size: 21609
batch 739, loss: 0.0015, instance_loss: 0.0004, weighted_loss: 0.0012, label: 1, bag_size: 3024
batch 759, loss: 0.0000, instance_loss: 0.0000, weighted_loss: 0.0000, label: 0, bag_size: 3007
batch 779, loss: 0.0000, instance_loss: 0.0000, weighted_loss: 0.0000, label: 0, bag_size: 2076
batch 799, loss: 0.0002, instance_loss: 0.0014, weighted_loss: 0.0005, label: 1, bag_size: 5137
batch 819, loss: 0.0000, instance_loss: 0.0000, weighted_loss: 0.0000, label: 0, bag_size: 7261
batch 839, loss: 0.0020, instance_loss: 0.0002, weighted_loss: 0.0014, label: 1, bag_size: 3628


class 0 clustering acc 0.9997062279670975: correct 6806/6808
class 1 clustering acc 1.0: correct 6808/6808
Epoch: 6, train_loss: 0.0428, train_clustering_loss:  0.0014, train_error: 0.0165
class 0: acc 0.9789719626168224, correct 419/428
class 1: acc 0.9881796690307328, correct 418/423

Val Set, val_loss: 0.4477, val_error: 0.0749, auc: 0.5450
class 0 clustering acc 0.9966960352422908: correct 1810/1816
class 1 clustering acc 1.0: correct 1816/1816
class 0: acc 0.9627906976744186, correct 207/215
class 1: acc 0.25, correct 3/12
EarlyStopping counter: 5 out of 10


batch 19, loss: 0.0001, instance_loss: 0.0075, weighted_loss: 0.0023, label: 1, bag_size: 8663
batch 39, loss: 0.0000, instance_loss: 0.0000, weighted_loss: 0.0000, label: 0, bag_size: 2100
batch 59, loss: 0.0000, instance_loss: 0.0032, weighted_loss: 0.0010, label: 1, bag_size: 8663
batch 79, loss: 0.0001, instance_loss: 0.0000, weighted_loss: 0.0001, label: 0, bag_size: 3088
batch 99, loss: 0.0003, instance_loss: 0.0000, weighted_loss: 0.0002, label: 1, bag_size: 4760
batch 119, loss: 0.0005, instance_loss: 0.0013, weighted_loss: 0.0008, label: 0, bag_size: 6129
batch 139, loss: 0.0012, instance_loss: 0.0000, weighted_loss: 0.0008, label: 0, bag_size: 2418
batch 159, loss: 0.0015, instance_loss: 0.0000, weighted_loss: 0.0011, label: 1, bag_size: 2853
batch 179, loss: 0.0000, instance_loss: 0.0000, weighted_loss: 0.0000, label: 0, bag_size: 7464
batch 199, loss: 0.0520, instance_loss: 0.0000, weighted_loss: 0.0364, label: 0, bag_size: 21480
batch 219, loss: 0.0001, instance_loss: 0.0008, weighted_loss: 0.0003, label: 1, bag_size: 7733
batch 239, loss: 0.0039, instance_loss: 0.0051, weighted_loss: 0.0043, label: 1, bag_size: 3411
batch 259, loss: 0.0001, instance_loss: 0.0000, weighted_loss: 0.0001, label: 0, bag_size: 4226
batch 279, loss: 0.0000, instance_loss: 0.0000, weighted_loss: 0.0000, label: 0, bag_size: 1517
batch 299, loss: 0.0003, instance_loss: 0.0000, weighted_loss: 0.0002, label: 1, bag_size: 4365
batch 319, loss: 0.0001, instance_loss: 0.0000, weighted_loss: 0.0001, label: 0, bag_size: 16840
batch 339, loss: 0.0000, instance_loss: 0.0000, weighted_loss: 0.0000, label: 0, bag_size: 3665
batch 359, loss: 0.0044, instance_loss: 0.0000, weighted_loss: 0.0031, label: 1, bag_size: 21609
batch 379, loss: 0.0063, instance_loss: 0.0000, weighted_loss: 0.0044, label: 0, bag_size: 1881
batch 399, loss: 0.0000, instance_loss: 0.0000, weighted_loss: 0.0000, label: 0, bag_size: 6044
batch 419, loss: 0.0011, instance_loss: 0.0000, weighted_loss: 0.0008, label: 1, bag_size: 4365
batch 439, loss: 0.0054, instance_loss: 0.0000, weighted_loss: 0.0038, label: 1, bag_size: 21952
batch 459, loss: 0.0000, instance_loss: 0.0000, weighted_loss: 0.0000, label: 0, bag_size: 1008
batch 479, loss: 0.0002, instance_loss: 0.0000, weighted_loss: 0.0001, label: 0, bag_size: 18734
batch 499, loss: 0.0016, instance_loss: 0.0000, weighted_loss: 0.0011, label: 1, bag_size: 22042
batch 519, loss: 0.0023, instance_loss: 0.0000, weighted_loss: 0.0016, label: 1, bag_size: 14763
batch 539, loss: 0.0001, instance_loss: 0.0000, weighted_loss: 0.0000, label: 1, bag_size: 6028
batch 559, loss: 0.0000, instance_loss: 0.0000, weighted_loss: 0.0000, label: 0, bag_size: 2418
batch 579, loss: 0.0003, instance_loss: 0.0000, weighted_loss: 0.0002, label: 1, bag_size: 6812
batch 599, loss: 0.0008, instance_loss: 0.0000, weighted_loss: 0.0006, label: 1, bag_size: 22042
batch 619, loss: 0.0007, instance_loss: 0.0000, weighted_loss: 0.0005, label: 1, bag_size: 6812
batch 639, loss: 0.0000, instance_loss: 0.0000, weighted_loss: 0.0000, label: 0, bag_size: 13275
batch 659, loss: 0.0004, instance_loss: 0.0026, weighted_loss: 0.0011, label: 1, bag_size: 3411
batch 679, loss: 6.6490, instance_loss: 0.0000, weighted_loss: 4.6543, label: 1, bag_size: 10371
batch 699, loss: 0.0010, instance_loss: 0.0000, weighted_loss: 0.0007, label: 1, bag_size: 6812
batch 719, loss: 0.0392, instance_loss: 0.0000, weighted_loss: 0.0275, label: 0, bag_size: 5157
batch 739, loss: 0.0000, instance_loss: 0.0000, weighted_loss: 0.0000, label: 0, bag_size: 2994
batch 759, loss: 0.0109, instance_loss: 0.0000, weighted_loss: 0.0076, label: 1, bag_size: 21952
batch 779, loss: 0.0002, instance_loss: 0.0000, weighted_loss: 0.0001, label: 0, bag_size: 5684
batch 799, loss: 0.0000, instance_loss: 0.0000, weighted_loss: 0.0000, label: 0, bag_size: 2984
batch 819, loss: 0.0000, instance_loss: 0.0000, weighted_loss: 0.0000, label: 0, bag_size: 7853
batch 839, loss: 0.0000, instance_loss: 0.0000, weighted_loss: 0.0000, label: 0, bag_size: 3615


class 0 clustering acc 0.9998531139835488: correct 6807/6808
class 1 clustering acc 1.0: correct 6808/6808
Epoch: 7, train_loss: 0.0364, train_clustering_loss:  0.0008, train_error: 0.0118
class 0: acc 0.9857142857142858, correct 414/420
class 1: acc 0.9907192575406032, correct 427/431

Val Set, val_loss: 0.4805, val_error: 0.0661, auc: 0.5655
class 0 clustering acc 0.998898678414097: correct 1814/1816
class 1 clustering acc 1.0: correct 1816/1816
class 0: acc 0.9720930232558139, correct 209/215
class 1: acc 0.25, correct 3/12
EarlyStopping counter: 6 out of 10


batch 19, loss: 0.0018, instance_loss: 0.0000, weighted_loss: 0.0012, label: 0, bag_size: 20369
batch 39, loss: 0.0121, instance_loss: 0.0000, weighted_loss: 0.0085, label: 1, bag_size: 14528
batch 59, loss: 0.0106, instance_loss: 0.0000, weighted_loss: 0.0075, label: 1, bag_size: 14528
batch 79, loss: 0.0017, instance_loss: 0.0005, weighted_loss: 0.0013, label: 1, bag_size: 5137
batch 99, loss: 0.0000, instance_loss: 0.0000, weighted_loss: 0.0000, label: 0, bag_size: 1640
batch 119, loss: 0.0000, instance_loss: 0.0000, weighted_loss: 0.0000, label: 0, bag_size: 5615
batch 139, loss: 0.0038, instance_loss: 0.0002, weighted_loss: 0.0027, label: 1, bag_size: 4760
batch 159, loss: 0.0000, instance_loss: 0.0052, weighted_loss: 0.0016, label: 1, bag_size: 3411
batch 179, loss: 0.0000, instance_loss: 0.0000, weighted_loss: 0.0000, label: 0, bag_size: 13140
batch 199, loss: 0.0000, instance_loss: 0.0000, weighted_loss: 0.0000, label: 0, bag_size: 2482
batch 219, loss: 0.0000, instance_loss: 0.0000, weighted_loss: 0.0000, label: 0, bag_size: 7586
batch 239, loss: 0.0002, instance_loss: 0.0000, weighted_loss: 0.0002, label: 0, bag_size: 3232
batch 259, loss: 0.0000, instance_loss: 0.0000, weighted_loss: 0.0000, label: 0, bag_size: 2755
batch 279, loss: 0.0045, instance_loss: 0.0000, weighted_loss: 0.0031, label: 1, bag_size: 4760
batch 299, loss: 0.0002, instance_loss: 0.0005, weighted_loss: 0.0003, label: 0, bag_size: 5157
batch 319, loss: 0.0000, instance_loss: 0.0000, weighted_loss: 0.0000, label: 0, bag_size: 4280
batch 339, loss: 0.0000, instance_loss: 0.0000, weighted_loss: 0.0000, label: 0, bag_size: 3528
batch 359, loss: 0.0000, instance_loss: 0.0012, weighted_loss: 0.0004, label: 0, bag_size: 1677
batch 379, loss: 0.0000, instance_loss: 0.0000, weighted_loss: 0.0000, label: 1, bag_size: 5906
batch 399, loss: 0.0011, instance_loss: 0.0000, weighted_loss: 0.0008, label: 1, bag_size: 21952
batch 419, loss: 0.0000, instance_loss: 0.0009, weighted_loss: 0.0003, label: 1, bag_size: 3621
batch 439, loss: 0.0026, instance_loss: 0.0000, weighted_loss: 0.0018, label: 1, bag_size: 21609
batch 459, loss: 0.0002, instance_loss: 0.0020, weighted_loss: 0.0007, label: 1, bag_size: 3411
batch 479, loss: 0.0000, instance_loss: 0.0000, weighted_loss: 0.0000, label: 0, bag_size: 14240
batch 499, loss: 0.0004, instance_loss: 0.0000, weighted_loss: 0.0003, label: 1, bag_size: 3024
batch 519, loss: 0.0000, instance_loss: 0.0000, weighted_loss: 0.0000, label: 0, bag_size: 16707
batch 539, loss: 0.0009, instance_loss: 0.0030, weighted_loss: 0.0015, label: 1, bag_size: 3024
batch 559, loss: 0.0000, instance_loss: 0.0005, weighted_loss: 0.0002, label: 1, bag_size: 3024
batch 579, loss: 0.0040, instance_loss: 0.0000, weighted_loss: 0.0028, label: 1, bag_size: 4276
batch 599, loss: 0.0000, instance_loss: 0.0016, weighted_loss: 0.0005, label: 1, bag_size: 3411
batch 619, loss: 0.0008, instance_loss: 0.0000, weighted_loss: 0.0006, label: 0, bag_size: 21267
batch 639, loss: 0.0001, instance_loss: 0.0000, weighted_loss: 0.0000, label: 0, bag_size: 3346
batch 659, loss: 0.0002, instance_loss: 0.0017, weighted_loss: 0.0006, label: 0, bag_size: 1964
batch 679, loss: 0.0085, instance_loss: 0.0009, weighted_loss: 0.0062, label: 1, bag_size: 16197
batch 699, loss: 0.0004, instance_loss: 0.0002, weighted_loss: 0.0004, label: 1, bag_size: 5137
batch 719, loss: 0.0005, instance_loss: 0.0006, weighted_loss: 0.0005, label: 1, bag_size: 16197
batch 739, loss: 0.0000, instance_loss: 0.0000, weighted_loss: 0.0000, label: 0, bag_size: 16977
batch 759, loss: 0.0000, instance_loss: 0.0000, weighted_loss: 0.0000, label: 0, bag_size: 13407
batch 779, loss: 0.0001, instance_loss: 0.0000, weighted_loss: 0.0001, label: 0, bag_size: 7491
batch 799, loss: 0.0000, instance_loss: 0.0000, weighted_loss: 0.0000, label: 0, bag_size: 3007
batch 819, loss: 0.0000, instance_loss: 0.0004, weighted_loss: 0.0001, label: 0, bag_size: 5791
batch 839, loss: 0.0002, instance_loss: 0.0000, weighted_loss: 0.0001, label: 0, bag_size: 16133


class 0 clustering acc 1.0: correct 6808/6808
class 1 clustering acc 1.0: correct 6808/6808
Epoch: 8, train_loss: 0.0403, train_clustering_loss:  0.0005, train_error: 0.0141
class 0: acc 0.984304932735426, correct 439/446
class 1: acc 0.9876543209876543, correct 400/405

Val Set, val_loss: 0.5383, val_error: 0.0749, auc: 0.5376
class 0 clustering acc 1.0: correct 1816/1816
class 1 clustering acc 1.0: correct 1816/1816
class 0: acc 0.9674418604651163, correct 208/215
class 1: acc 0.16666666666666666, correct 2/12
EarlyStopping counter: 7 out of 10


batch 19, loss: 0.0010, instance_loss: 0.0000, weighted_loss: 0.0007, label: 1, bag_size: 6028
batch 39, loss: 0.9089, instance_loss: 0.0000, weighted_loss: 0.6362, label: 1, bag_size: 22871
batch 59, loss: 0.8671, instance_loss: 0.0000, weighted_loss: 0.6070, label: 0, bag_size: 2023
batch 79, loss: 0.0813, instance_loss: 0.0000, weighted_loss: 0.0569, label: 1, bag_size: 14763
batch 99, loss: 0.0000, instance_loss: 0.0000, weighted_loss: 0.0000, label: 0, bag_size: 2089
batch 119, loss: 0.0001, instance_loss: 0.0000, weighted_loss: 0.0000, label: 1, bag_size: 6023
batch 139, loss: 0.2972, instance_loss: 0.0000, weighted_loss: 0.2080, label: 0, bag_size: 5624
batch 159, loss: 0.0000, instance_loss: 0.0013, weighted_loss: 0.0004, label: 1, bag_size: 3411
batch 179, loss: 0.0000, instance_loss: 0.0000, weighted_loss: 0.0000, label: 0, bag_size: 17739
batch 199, loss: 0.0002, instance_loss: 0.0000, weighted_loss: 0.0001, label: 0, bag_size: 1881
batch 219, loss: 0.0019, instance_loss: 0.0000, weighted_loss: 0.0013, label: 0, bag_size: 4777
batch 239, loss: 0.0001, instance_loss: 0.0000, weighted_loss: 0.0001, label: 0, bag_size: 8453
batch 259, loss: 0.0007, instance_loss: 0.0000, weighted_loss: 0.0005, label: 1, bag_size: 5137
batch 279, loss: 0.0001, instance_loss: 0.0000, weighted_loss: 0.0001, label: 1, bag_size: 5906
batch 299, loss: 0.0001, instance_loss: 0.0000, weighted_loss: 0.0001, label: 0, bag_size: 4403
batch 319, loss: 0.0001, instance_loss: 0.0000, weighted_loss: 0.0001, label: 0, bag_size: 18455
batch 339, loss: 0.0000, instance_loss: 0.0000, weighted_loss: 0.0000, label: 0, bag_size: 9322
batch 359, loss: 0.2576, instance_loss: 0.0000, weighted_loss: 0.1803, label: 1, bag_size: 21609
batch 379, loss: 0.0002, instance_loss: 0.0028, weighted_loss: 0.0010, label: 1, bag_size: 5956
batch 399, loss: 0.0008, instance_loss: 0.0000, weighted_loss: 0.0005, label: 1, bag_size: 22624
batch 419, loss: 0.0000, instance_loss: 0.0000, weighted_loss: 0.0000, label: 0, bag_size: 10653
batch 439, loss: 0.0037, instance_loss: 0.0039, weighted_loss: 0.0037, label: 0, bag_size: 2666
batch 459, loss: 0.0002, instance_loss: 0.0000, weighted_loss: 0.0001, label: 0, bag_size: 16346
batch 479, loss: 0.0003, instance_loss: 0.0000, weighted_loss: 0.0002, label: 1, bag_size: 4760
batch 499, loss: 0.0000, instance_loss: 0.0000, weighted_loss: 0.0000, label: 0, bag_size: 1674
batch 519, loss: 0.0000, instance_loss: 0.0002, weighted_loss: 0.0001, label: 1, bag_size: 4516
batch 539, loss: 0.0040, instance_loss: 0.0000, weighted_loss: 0.0028, label: 0, bag_size: 10172
batch 559, loss: 0.0946, instance_loss: 0.0000, weighted_loss: 0.0662, label: 0, bag_size: 13046
batch 579, loss: 0.0000, instance_loss: 0.0000, weighted_loss: 0.0000, label: 0, bag_size: 1236
batch 599, loss: 0.0000, instance_loss: 0.0019, weighted_loss: 0.0006, label: 1, bag_size: 3621
batch 619, loss: 0.0000, instance_loss: 0.0000, weighted_loss: 0.0000, label: 0, bag_size: 4310
batch 639, loss: 0.0004, instance_loss: 0.0003, weighted_loss: 0.0004, label: 0, bag_size: 9973
batch 659, loss: 0.0000, instance_loss: 0.0000, weighted_loss: 0.0000, label: 0, bag_size: 3129
batch 679, loss: 0.0000, instance_loss: 0.0000, weighted_loss: 0.0000, label: 0, bag_size: 4591
batch 699, loss: 0.0000, instance_loss: 0.0003, weighted_loss: 0.0001, label: 1, bag_size: 4516
batch 719, loss: 0.0000, instance_loss: 0.0000, weighted_loss: 0.0000, label: 1, bag_size: 4516
batch 739, loss: 0.0000, instance_loss: 0.0000, weighted_loss: 0.0000, label: 0, bag_size: 2311
batch 759, loss: 0.0000, instance_loss: 0.0000, weighted_loss: 0.0000, label: 0, bag_size: 3602
batch 779, loss: 0.0000, instance_loss: 0.0000, weighted_loss: 0.0000, label: 0, bag_size: 14032
batch 799, loss: 0.0000, instance_loss: 0.0000, weighted_loss: 0.0000, label: 1, bag_size: 2853
batch 819, loss: 0.0000, instance_loss: 0.0000, weighted_loss: 0.0000, label: 0, bag_size: 1910
batch 839, loss: 0.0000, instance_loss: 0.0000, weighted_loss: 0.0000, label: 0, bag_size: 1910


class 0 clustering acc 1.0: correct 6808/6808
class 1 clustering acc 1.0: correct 6808/6808
Epoch: 9, train_loss: 0.0293, train_clustering_loss:  0.0004, train_error: 0.0118
class 0: acc 0.9816933638443935, correct 429/437
class 1: acc 0.9951690821256038, correct 412/414

Val Set, val_loss: 0.5427, val_error: 0.0661, auc: 0.5287
class 0 clustering acc 0.9972466960352423: correct 1811/1816
class 1 clustering acc 1.0: correct 1816/1816
class 0: acc 0.986046511627907, correct 212/215
class 1: acc 0.0, correct 0/12
EarlyStopping counter: 8 out of 10


batch 19, loss: 0.0000, instance_loss: 0.0000, weighted_loss: 0.0000, label: 1, bag_size: 3628
batch 39, loss: 0.0000, instance_loss: 0.0000, weighted_loss: 0.0000, label: 0, bag_size: 7324
batch 59, loss: 0.0000, instance_loss: 0.0000, weighted_loss: 0.0000, label: 0, bag_size: 13124
batch 79, loss: 0.0000, instance_loss: 0.0000, weighted_loss: 0.0000, label: 0, bag_size: 14354
batch 99, loss: 0.0013, instance_loss: 0.0000, weighted_loss: 0.0009, label: 1, bag_size: 21952
batch 119, loss: 0.0004, instance_loss: 0.0000, weighted_loss: 0.0003, label: 1, bag_size: 5906
batch 139, loss: 0.0001, instance_loss: 0.0000, weighted_loss: 0.0000, label: 0, bag_size: 15340
batch 159, loss: 0.0000, instance_loss: 0.0000, weighted_loss: 0.0000, label: 0, bag_size: 3117
batch 179, loss: 0.0000, instance_loss: 0.0000, weighted_loss: 0.0000, label: 1, bag_size: 5137
batch 199, loss: 0.0002, instance_loss: 0.0009, weighted_loss: 0.0004, label: 1, bag_size: 2644
batch 219, loss: 0.0002, instance_loss: 0.0014, weighted_loss: 0.0006, label: 1, bag_size: 2644
batch 239, loss: 0.0000, instance_loss: 0.0000, weighted_loss: 0.0000, label: 1, bag_size: 14414
batch 259, loss: 0.0011, instance_loss: 0.0000, weighted_loss: 0.0008, label: 1, bag_size: 22624
batch 279, loss: 0.0040, instance_loss: 0.0000, weighted_loss: 0.0028, label: 0, bag_size: 11037
batch 299, loss: 0.0000, instance_loss: 0.0009, weighted_loss: 0.0003, label: 1, bag_size: 3621
batch 319, loss: 0.0001, instance_loss: 0.0000, weighted_loss: 0.0001, label: 0, bag_size: 10112
batch 339, loss: 0.0000, instance_loss: 0.0000, weighted_loss: 0.0000, label: 0, bag_size: 6943
batch 359, loss: 0.0016, instance_loss: 0.0000, weighted_loss: 0.0011, label: 1, bag_size: 2637
batch 379, loss: 0.0000, instance_loss: 0.0000, weighted_loss: 0.0000, label: 0, bag_size: 1290
batch 399, loss: 0.0010, instance_loss: 0.0000, weighted_loss: 0.0007, label: 0, bag_size: 16343
batch 419, loss: 0.0000, instance_loss: 0.0012, weighted_loss: 0.0004, label: 1, bag_size: 3621
batch 439, loss: 0.0004, instance_loss: 0.0011, weighted_loss: 0.0006, label: 1, bag_size: 8663
batch 459, loss: 0.0000, instance_loss: 0.0000, weighted_loss: 0.0000, label: 0, bag_size: 8270
batch 479, loss: 0.3893, instance_loss: 0.0000, weighted_loss: 0.2725, label: 0, bag_size: 20369
batch 499, loss: 0.0002, instance_loss: 0.0000, weighted_loss: 0.0001, label: 1, bag_size: 21609
batch 519, loss: 0.0003, instance_loss: 0.0000, weighted_loss: 0.0002, label: 1, bag_size: 10180
batch 539, loss: 0.0000, instance_loss: 0.0000, weighted_loss: 0.0000, label: 0, bag_size: 2038
batch 559, loss: 0.1883, instance_loss: 0.0000, weighted_loss: 0.1318, label: 1, bag_size: 14763
batch 579, loss: 0.0064, instance_loss: 0.0000, weighted_loss: 0.0045, label: 1, bag_size: 14318
batch 599, loss: 0.0000, instance_loss: 0.0000, weighted_loss: 0.0000, label: 0, bag_size: 6415
batch 619, loss: 0.3338, instance_loss: 0.0000, weighted_loss: 0.2336, label: 0, bag_size: 2787
batch 639, loss: 0.0007, instance_loss: 0.0006, weighted_loss: 0.0007, label: 1, bag_size: 8663
batch 659, loss: 0.0000, instance_loss: 0.0004, weighted_loss: 0.0001, label: 1, bag_size: 3621
batch 679, loss: 0.0002, instance_loss: 0.0000, weighted_loss: 0.0001, label: 1, bag_size: 4516
batch 699, loss: 0.0248, instance_loss: 0.0003, weighted_loss: 0.0175, label: 1, bag_size: 14318
batch 719, loss: 0.0026, instance_loss: 0.0000, weighted_loss: 0.0018, label: 1, bag_size: 22399
batch 739, loss: 0.0758, instance_loss: 0.0000, weighted_loss: 0.0531, label: 1, bag_size: 2853
batch 759, loss: 0.0001, instance_loss: 0.0000, weighted_loss: 0.0001, label: 0, bag_size: 7853
batch 779, loss: 0.0000, instance_loss: 0.0000, weighted_loss: 0.0000, label: 0, bag_size: 3088
batch 799, loss: 0.0043, instance_loss: 0.0000, weighted_loss: 0.0030, label: 1, bag_size: 5956
batch 819, loss: 0.0000, instance_loss: 0.0000, weighted_loss: 0.0000, label: 0, bag_size: 9786
batch 839, loss: 0.0000, instance_loss: 0.0000, weighted_loss: 0.0000, label: 0, bag_size: 8731


class 0 clustering acc 1.0: correct 6808/6808
class 1 clustering acc 1.0: correct 6808/6808
Epoch: 10, train_loss: 0.0358, train_clustering_loss:  0.0002, train_error: 0.0094
class 0: acc 0.9881235154394299, correct 416/421
class 1: acc 0.9930232558139535, correct 427/430

Val Set, val_loss: 0.4964, val_error: 0.0793, auc: 0.5523
class 0 clustering acc 0.9972466960352423: correct 1811/1816
class 1 clustering acc 1.0: correct 1816/1816
class 0: acc 0.9627906976744186, correct 207/215
class 1: acc 0.16666666666666666, correct 2/12
EarlyStopping counter: 9 out of 10


batch 19, loss: 0.0006, instance_loss: 0.0000, weighted_loss: 0.0004, label: 0, bag_size: 17060
batch 39, loss: 0.0236, instance_loss: 0.0000, weighted_loss: 0.0165, label: 0, bag_size: 2023
batch 59, loss: 0.0000, instance_loss: 0.0008, weighted_loss: 0.0002, label: 1, bag_size: 3621
batch 79, loss: 0.0000, instance_loss: 0.0008, weighted_loss: 0.0002, label: 1, bag_size: 8663
batch 99, loss: 0.0079, instance_loss: 0.0000, weighted_loss: 0.0055, label: 1, bag_size: 2671
batch 119, loss: 0.0003, instance_loss: 0.0000, weighted_loss: 0.0002, label: 0, bag_size: 2247
batch 139, loss: 0.0000, instance_loss: 0.0000, weighted_loss: 0.0000, label: 0, bag_size: 1404
batch 159, loss: 0.0000, instance_loss: 0.0006, weighted_loss: 0.0002, label: 1, bag_size: 8663
batch 179, loss: 0.0004, instance_loss: 0.0000, weighted_loss: 0.0003, label: 1, bag_size: 15079
batch 199, loss: 0.0000, instance_loss: 0.0000, weighted_loss: 0.0000, label: 0, bag_size: 9973
batch 219, loss: 0.0905, instance_loss: 0.0000, weighted_loss: 0.0633, label: 1, bag_size: 5906
batch 239, loss: 0.0001, instance_loss: 0.0000, weighted_loss: 0.0000, label: 1, bag_size: 2637
batch 259, loss: 0.0161, instance_loss: 0.0026, weighted_loss: 0.0120, label: 0, bag_size: 1322
batch 279, loss: 0.0726, instance_loss: 0.0041, weighted_loss: 0.0520, label: 1, bag_size: 5956
batch 299, loss: 0.0078, instance_loss: 0.0000, weighted_loss: 0.0055, label: 1, bag_size: 22624
batch 319, loss: 0.0000, instance_loss: 0.0000, weighted_loss: 0.0000, label: 0, bag_size: 3607
batch 339, loss: 0.0000, instance_loss: 0.0000, weighted_loss: 0.0000, label: 1, bag_size: 22042
batch 359, loss: 0.0000, instance_loss: 0.0000, weighted_loss: 0.0000, label: 0, bag_size: 3559
batch 379, loss: 0.0000, instance_loss: 0.0000, weighted_loss: 0.0000, label: 1, bag_size: 14414
batch 399, loss: 0.0000, instance_loss: 0.0003, weighted_loss: 0.0001, label: 1, bag_size: 3621
batch 419, loss: 0.0130, instance_loss: 0.0000, weighted_loss: 0.0091, label: 1, bag_size: 6344
batch 439, loss: 0.0030, instance_loss: 0.0103, weighted_loss: 0.0052, label: 1, bag_size: 5956
batch 459, loss: 0.0000, instance_loss: 0.0000, weighted_loss: 0.0000, label: 1, bag_size: 10180
batch 479, loss: 0.0203, instance_loss: 0.0000, weighted_loss: 0.0142, label: 1, bag_size: 14528
batch 499, loss: 0.0011, instance_loss: 0.0027, weighted_loss: 0.0016, label: 1, bag_size: 5956
batch 519, loss: 0.0002, instance_loss: 0.0000, weighted_loss: 0.0001, label: 0, bag_size: 15510
batch 539, loss: 0.0023, instance_loss: 0.0000, weighted_loss: 0.0016, label: 1, bag_size: 22399
batch 559, loss: 0.0001, instance_loss: 0.0000, weighted_loss: 0.0001, label: 1, bag_size: 21952
batch 579, loss: 0.0167, instance_loss: 0.0000, weighted_loss: 0.0117, label: 0, bag_size: 14178
batch 599, loss: 0.0000, instance_loss: 0.0000, weighted_loss: 0.0000, label: 0, bag_size: 6675
batch 619, loss: 0.0017, instance_loss: 0.0000, weighted_loss: 0.0012, label: 0, bag_size: 11037
batch 639, loss: 0.0000, instance_loss: 0.0000, weighted_loss: 0.0000, label: 1, bag_size: 2637
batch 659, loss: 0.0008, instance_loss: 0.0000, weighted_loss: 0.0006, label: 0, bag_size: 4299
batch 679, loss: 0.0001, instance_loss: 0.0004, weighted_loss: 0.0002, label: 1, bag_size: 4365
batch 699, loss: 1.1303, instance_loss: 0.0005, weighted_loss: 0.7913, label: 1, bag_size: 14528
batch 719, loss: 0.0006, instance_loss: 0.0000, weighted_loss: 0.0004, label: 1, bag_size: 10180
batch 739, loss: 0.0000, instance_loss: 0.0000, weighted_loss: 0.0000, label: 0, bag_size: 9151
batch 759, loss: 0.0000, instance_loss: 0.0000, weighted_loss: 0.0000, label: 0, bag_size: 3702
batch 779, loss: 0.0007, instance_loss: 0.0000, weighted_loss: 0.0005, label: 0, bag_size: 5599
batch 799, loss: 0.0013, instance_loss: 0.0000, weighted_loss: 0.0009, label: 1, bag_size: 22042
batch 819, loss: 0.0013, instance_loss: 0.0000, weighted_loss: 0.0009, label: 1, bag_size: 4276
batch 839, loss: 0.0158, instance_loss: 0.0000, weighted_loss: 0.0111, label: 0, bag_size: 16350


class 0 clustering acc 1.0: correct 6808/6808
class 1 clustering acc 1.0: correct 6808/6808
Epoch: 11, train_loss: 0.0227, train_clustering_loss:  0.0004, train_error: 0.0071
class 0: acc 0.9932584269662922, correct 442/445
class 1: acc 0.9926108374384236, correct 403/406

Val Set, val_loss: 0.4982, val_error: 0.0705, auc: 0.5310
class 0 clustering acc 0.998898678414097: correct 1814/1816
class 1 clustering acc 1.0: correct 1816/1816
class 0: acc 0.9720930232558139, correct 209/215
class 1: acc 0.16666666666666666, correct 2/12
EarlyStopping counter: 10 out of 10
Early stopping
Val error: 0.1410, ROC AUC: 0.6841
CV validation error: 0.1410, ROC AUC: 0.6841
class 0: acc 0.8883720930232558, correct 191/215
class 1: acc 0.3333333333333333, correct 4/12
Future event metrics: {"fold": 2, "events": 103, "positive_events": 5, "event_average_precision": 0.1761737400530504, "event_roc_auc": 0.7183673469387755, "event_brier": 0.07587099755928874, "aggregation": "mean probability across all included stains/slides of same patient/anchor date", "exploratory_cv_not_independent_final_test": true}
HE augmentation: {"fold": 3, "seed": 11, "train_slides": 857, "eligible_he_train": 49, "unchanged_train": 808, "policy": "geometry", "total_views": 2, "he_original_probability": 0.5, "view_seed": 20572026, "val_test_original_only": true, "split_sha256": "e751839e133b4d50b7784c084def29fc54b29488cc697e97b98c1dc94539583e", "validation_used_for_checkpoint_selection": true, "independent_final_test": false}

Training Fold 3!

Init train/val/test splits... 
Done!
Training on 857 samples
Validating on 221 samples
Testing on 0 samples

Init loss function... Done!

Init Model... Setting tau to 1.0
Done!
CLAM_SB(
  (attention_net): Sequential(
    (0): Linear(in_features=1536, out_features=512, bias=True)
    (1): ReLU()
    (2): Dropout(p=0.25, inplace=False)
    (3): Attn_Net_Gated(
      (attention_a): Sequential(
        (0): Linear(in_features=512, out_features=256, bias=True)
        (1): Tanh()
        (2): Dropout(p=0.25, inplace=False)
      )
      (attention_b): Sequential(
        (0): Linear(in_features=512, out_features=256, bias=True)
        (1): Sigmoid()
        (2): Dropout(p=0.25, inplace=False)
      )
      (attention_c): Linear(in_features=256, out_features=1, bias=True)
    )
  )
  (classifiers): Linear(in_features=512, out_features=2, bias=True)
  (instance_classifiers): ModuleList(
    (0-1): 2 x Linear(in_features=512, out_features=2, bias=True)
  )
  (instance_loss_fn): SmoothTop1SVM()
)
Total number of parameters: 1052935
Total number of trainable parameters: 1052935

Init optimizer ... Done!

Init Loaders... Done!

Setup EarlyStopping... Done!


batch 19, loss: 0.5963, instance_loss: 0.1435, weighted_loss: 0.4605, label: 1, bag_size: 4492
batch 39, loss: 0.6378, instance_loss: 0.0259, weighted_loss: 0.4543, label: 1, bag_size: 10371
batch 59, loss: 0.7657, instance_loss: 0.0049, weighted_loss: 0.5375, label: 1, bag_size: 9833
batch 79, loss: 0.5299, instance_loss: 0.0024, weighted_loss: 0.3717, label: 1, bag_size: 9833
batch 99, loss: 0.6024, instance_loss: 1.0776, weighted_loss: 0.7449, label: 0, bag_size: 17843
batch 119, loss: 0.5115, instance_loss: 0.0058, weighted_loss: 0.3598, label: 0, bag_size: 3958
batch 139, loss: 0.9792, instance_loss: 0.0680, weighted_loss: 0.7059, label: 1, bag_size: 7879
batch 159, loss: 0.9418, instance_loss: 0.0990, weighted_loss: 0.6889, label: 1, bag_size: 5082
batch 179, loss: 0.6173, instance_loss: 0.0575, weighted_loss: 0.4494, label: 0, bag_size: 12980
batch 199, loss: 0.6454, instance_loss: 0.0158, weighted_loss: 0.4565, label: 1, bag_size: 3354
batch 219, loss: 0.9673, instance_loss: 0.0182, weighted_loss: 0.6826, label: 0, bag_size: 3555
batch 239, loss: 0.6456, instance_loss: 0.0163, weighted_loss: 0.4568, label: 1, bag_size: 8663
batch 259, loss: 0.4473, instance_loss: 0.0341, weighted_loss: 0.3234, label: 0, bag_size: 2698
batch 279, loss: 2.9440, instance_loss: 0.0203, weighted_loss: 2.0669, label: 0, bag_size: 17540
batch 299, loss: 0.4794, instance_loss: 0.0103, weighted_loss: 0.3387, label: 1, bag_size: 21952
batch 319, loss: 0.0141, instance_loss: 0.0048, weighted_loss: 0.0113, label: 0, bag_size: 17684
batch 339, loss: 0.5703, instance_loss: 0.0109, weighted_loss: 0.4025, label: 0, bag_size: 2802
batch 359, loss: 0.5084, instance_loss: 0.0032, weighted_loss: 0.3569, label: 0, bag_size: 10840
batch 379, loss: 0.0754, instance_loss: 0.5012, weighted_loss: 0.2032, label: 1, bag_size: 1140
batch 399, loss: 0.1423, instance_loss: 0.0150, weighted_loss: 0.1041, label: 1, bag_size: 21952
batch 419, loss: 0.3943, instance_loss: 0.0042, weighted_loss: 0.2773, label: 0, bag_size: 3129
batch 439, loss: 0.4574, instance_loss: 0.0162, weighted_loss: 0.3250, label: 1, bag_size: 5137
batch 459, loss: 0.1179, instance_loss: 0.0106, weighted_loss: 0.0858, label: 1, bag_size: 12989
batch 479, loss: 1.4838, instance_loss: 0.0093, weighted_loss: 1.0414, label: 1, bag_size: 18621
batch 499, loss: 0.0658, instance_loss: 0.0084, weighted_loss: 0.0486, label: 0, bag_size: 4010
batch 519, loss: 0.2061, instance_loss: 0.0083, weighted_loss: 0.1468, label: 1, bag_size: 10371
batch 539, loss: 0.0117, instance_loss: 0.0103, weighted_loss: 0.0113, label: 0, bag_size: 15090
batch 559, loss: 1.7535, instance_loss: 0.0148, weighted_loss: 1.2319, label: 0, bag_size: 4915
batch 579, loss: 2.4057, instance_loss: 0.0081, weighted_loss: 1.6864, label: 1, bag_size: 18621
batch 599, loss: 0.2659, instance_loss: 0.0028, weighted_loss: 0.1870, label: 0, bag_size: 7491
batch 619, loss: 2.9305, instance_loss: 0.0211, weighted_loss: 2.0577, label: 0, bag_size: 5170
batch 639, loss: 0.6253, instance_loss: 0.0025, weighted_loss: 0.4385, label: 1, bag_size: 4492
batch 659, loss: 0.0793, instance_loss: 0.0064, weighted_loss: 0.0575, label: 1, bag_size: 14318
batch 679, loss: 0.1519, instance_loss: 0.0098, weighted_loss: 0.1093, label: 0, bag_size: 1858
batch 699, loss: 2.8041, instance_loss: 0.0468, weighted_loss: 1.9769, label: 0, bag_size: 5170
batch 719, loss: 0.3225, instance_loss: 0.0034, weighted_loss: 0.2268, label: 1, bag_size: 7733
batch 739, loss: 0.6281, instance_loss: 0.0037, weighted_loss: 0.4407, label: 0, bag_size: 4361
batch 759, loss: 1.0188, instance_loss: 0.0012, weighted_loss: 0.7135, label: 1, bag_size: 18621
batch 779, loss: 0.0192, instance_loss: 0.0000, weighted_loss: 0.0134, label: 1, bag_size: 6344
batch 799, loss: 0.4832, instance_loss: 0.0049, weighted_loss: 0.3397, label: 0, bag_size: 4615
batch 819, loss: 0.3692, instance_loss: 0.0000, weighted_loss: 0.2584, label: 0, bag_size: 6534
batch 839, loss: 0.3634, instance_loss: 0.0043, weighted_loss: 0.2557, label: 0, bag_size: 3681


class 0 clustering acc 0.9870186697782963: correct 6767/6856
class 1 clustering acc 0.9880396732788798: correct 6774/6856
Epoch: 0, train_loss: 0.5694, train_clustering_loss:  0.0654, train_error: 0.3221
class 0: acc 0.6737089201877934, correct 287/426
class 1: acc 0.6821345707656613, correct 294/431

Val Set, val_loss: 0.3763, val_error: 0.1222, auc: 0.5674
class 0 clustering acc 1.0: correct 1768/1768
class 1 clustering acc 1.0: correct 1768/1768
class 0: acc 0.9365853658536586, correct 192/205
class 1: acc 0.125, correct 2/16
Validation loss decreased (inf --> 0.376266).  Saving model ...


batch 19, loss: 0.0077, instance_loss: 0.0011, weighted_loss: 0.0057, label: 0, bag_size: 15634
batch 39, loss: 0.0111, instance_loss: 0.0002, weighted_loss: 0.0078, label: 0, bag_size: 2595
batch 59, loss: 0.0057, instance_loss: 0.0009, weighted_loss: 0.0042, label: 1, bag_size: 6344
batch 79, loss: 0.1364, instance_loss: 0.0027, weighted_loss: 0.0963, label: 1, bag_size: 4563
batch 99, loss: 0.4320, instance_loss: 0.0013, weighted_loss: 0.3028, label: 1, bag_size: 10180
batch 119, loss: 0.0011, instance_loss: 0.0010, weighted_loss: 0.0011, label: 0, bag_size: 16854
batch 139, loss: 0.4221, instance_loss: 0.0015, weighted_loss: 0.2959, label: 1, bag_size: 4516
batch 159, loss: 0.8345, instance_loss: 0.0005, weighted_loss: 0.5843, label: 1, bag_size: 5828
batch 179, loss: 1.3657, instance_loss: 0.0059, weighted_loss: 0.9578, label: 0, bag_size: 6240
batch 199, loss: 0.1841, instance_loss: 0.0000, weighted_loss: 0.1289, label: 0, bag_size: 6449
batch 219, loss: 0.2065, instance_loss: 0.0000, weighted_loss: 0.1446, label: 1, bag_size: 10371
batch 239, loss: 1.3620, instance_loss: 0.0026, weighted_loss: 0.9542, label: 0, bag_size: 2830
batch 259, loss: 0.2270, instance_loss: 0.0014, weighted_loss: 0.1593, label: 0, bag_size: 4804
batch 279, loss: 1.2129, instance_loss: 0.0055, weighted_loss: 0.8507, label: 1, bag_size: 18621
batch 299, loss: 0.0030, instance_loss: 0.0000, weighted_loss: 0.0021, label: 1, bag_size: 21952
batch 319, loss: 0.0754, instance_loss: 0.0029, weighted_loss: 0.0537, label: 1, bag_size: 5956
batch 339, loss: 0.4033, instance_loss: 0.0023, weighted_loss: 0.2830, label: 1, bag_size: 7733
batch 359, loss: 0.0087, instance_loss: 0.0000, weighted_loss: 0.0061, label: 1, bag_size: 5137
batch 379, loss: 0.0049, instance_loss: 0.0064, weighted_loss: 0.0054, label: 0, bag_size: 2113
batch 399, loss: 0.1481, instance_loss: 0.0000, weighted_loss: 0.1037, label: 0, bag_size: 4675
batch 419, loss: 0.0661, instance_loss: 0.0006, weighted_loss: 0.0464, label: 1, bag_size: 14318
batch 439, loss: 0.0130, instance_loss: 0.0007, weighted_loss: 0.0093, label: 1, bag_size: 21952
batch 459, loss: 0.0147, instance_loss: 0.0046, weighted_loss: 0.0116, label: 1, bag_size: 1140
batch 479, loss: 0.9215, instance_loss: 0.0007, weighted_loss: 0.6453, label: 0, bag_size: 12427
batch 499, loss: 0.4027, instance_loss: 0.0004, weighted_loss: 0.2820, label: 1, bag_size: 5082
batch 519, loss: 0.0089, instance_loss: 0.0019, weighted_loss: 0.0068, label: 0, bag_size: 1621
batch 539, loss: 0.0041, instance_loss: 0.0006, weighted_loss: 0.0030, label: 0, bag_size: 16700
batch 559, loss: 0.0126, instance_loss: 0.0000, weighted_loss: 0.0088, label: 1, bag_size: 22871
batch 579, loss: 0.0111, instance_loss: 0.0064, weighted_loss: 0.0097, label: 0, bag_size: 8737
batch 599, loss: 0.0390, instance_loss: 0.0073, weighted_loss: 0.0295, label: 1, bag_size: 14318
batch 619, loss: 0.0331, instance_loss: 0.0013, weighted_loss: 0.0236, label: 1, bag_size: 4365
batch 639, loss: 0.1119, instance_loss: 0.0041, weighted_loss: 0.0795, label: 1, bag_size: 3354
batch 659, loss: 0.4846, instance_loss: 0.0004, weighted_loss: 0.3393, label: 1, bag_size: 4365
batch 679, loss: 0.0020, instance_loss: 0.0000, weighted_loss: 0.0014, label: 0, bag_size: 20004
batch 699, loss: 0.0431, instance_loss: 0.0024, weighted_loss: 0.0309, label: 0, bag_size: 10199
batch 719, loss: 0.0062, instance_loss: 0.0003, weighted_loss: 0.0044, label: 0, bag_size: 3695
batch 739, loss: 0.0402, instance_loss: 0.0029, weighted_loss: 0.0290, label: 1, bag_size: 4365
batch 759, loss: 0.0738, instance_loss: 0.0027, weighted_loss: 0.0524, label: 1, bag_size: 4365
batch 779, loss: 0.2467, instance_loss: 0.0019, weighted_loss: 0.1733, label: 1, bag_size: 5828
batch 799, loss: 0.0381, instance_loss: 0.0000, weighted_loss: 0.0267, label: 0, bag_size: 4623
batch 819, loss: 0.1061, instance_loss: 0.0168, weighted_loss: 0.0793, label: 1, bag_size: 3411
batch 839, loss: 0.0033, instance_loss: 0.0003, weighted_loss: 0.0024, label: 1, bag_size: 4563


class 0 clustering acc 0.9998541423570595: correct 6855/6856
class 1 clustering acc 1.0: correct 6856/6856
Epoch: 1, train_loss: 0.3577, train_clustering_loss:  0.0045, train_error: 0.1645
class 0: acc 0.8286384976525821, correct 353/426
class 1: acc 0.8422273781902552, correct 363/431

Val Set, val_loss: 0.5129, val_error: 0.1855, auc: 0.5616
class 0 clustering acc 0.9994343891402715: correct 1767/1768
class 1 clustering acc 1.0: correct 1768/1768
class 0: acc 0.8585365853658536, correct 176/205
class 1: acc 0.25, correct 4/16
EarlyStopping counter: 1 out of 10


batch 19, loss: 0.0252, instance_loss: 0.0000, weighted_loss: 0.0176, label: 1, bag_size: 14318
batch 39, loss: 1.0793, instance_loss: 0.0000, weighted_loss: 0.7555, label: 0, bag_size: 25603
batch 59, loss: 0.0034, instance_loss: 0.0159, weighted_loss: 0.0071, label: 0, bag_size: 2376
batch 79, loss: 0.3043, instance_loss: 0.0135, weighted_loss: 0.2171, label: 0, bag_size: 4656
batch 99, loss: 0.0111, instance_loss: 0.0003, weighted_loss: 0.0079, label: 1, bag_size: 10371
batch 119, loss: 0.0444, instance_loss: 0.0000, weighted_loss: 0.0310, label: 1, bag_size: 21952
batch 139, loss: 0.0074, instance_loss: 0.0021, weighted_loss: 0.0058, label: 1, bag_size: 4492
batch 159, loss: 0.0047, instance_loss: 0.0000, weighted_loss: 0.0033, label: 1, bag_size: 13571
batch 179, loss: 0.0081, instance_loss: 0.0018, weighted_loss: 0.0062, label: 1, bag_size: 12989
batch 199, loss: 0.0477, instance_loss: 0.0026, weighted_loss: 0.0342, label: 1, bag_size: 21609
batch 219, loss: 0.0140, instance_loss: 0.0035, weighted_loss: 0.0109, label: 0, bag_size: 3725
batch 239, loss: 0.0898, instance_loss: 0.0017, weighted_loss: 0.0634, label: 1, bag_size: 18621
batch 259, loss: 0.0000, instance_loss: 0.0000, weighted_loss: 0.0000, label: 0, bag_size: 17547
batch 279, loss: 0.0005, instance_loss: 0.0006, weighted_loss: 0.0005, label: 1, bag_size: 6344
batch 299, loss: 0.0018, instance_loss: 0.0007, weighted_loss: 0.0015, label: 0, bag_size: 16768
batch 319, loss: 0.0883, instance_loss: 0.0063, weighted_loss: 0.0637, label: 1, bag_size: 4365
batch 339, loss: 0.0008, instance_loss: 0.0000, weighted_loss: 0.0005, label: 0, bag_size: 11819
batch 359, loss: 0.1550, instance_loss: 0.0000, weighted_loss: 0.1085, label: 0, bag_size: 10172
batch 379, loss: 0.0496, instance_loss: 0.0023, weighted_loss: 0.0354, label: 1, bag_size: 21609
batch 399, loss: 0.0003, instance_loss: 0.0002, weighted_loss: 0.0003, label: 1, bag_size: 6344
batch 419, loss: 1.8639, instance_loss: 0.0034, weighted_loss: 1.3057, label: 0, bag_size: 3017
batch 439, loss: 0.3661, instance_loss: 0.0000, weighted_loss: 0.2562, label: 0, bag_size: 12239
batch 459, loss: 0.0007, instance_loss: 0.0000, weighted_loss: 0.0005, label: 1, bag_size: 5137
batch 479, loss: 0.0074, instance_loss: 0.0000, weighted_loss: 0.0052, label: 1, bag_size: 10371
batch 499, loss: 0.0335, instance_loss: 0.0008, weighted_loss: 0.0237, label: 0, bag_size: 3969
batch 519, loss: 0.0028, instance_loss: 0.0018, weighted_loss: 0.0025, label: 1, bag_size: 4365
batch 539, loss: 0.0059, instance_loss: 0.0000, weighted_loss: 0.0042, label: 0, bag_size: 9990
batch 559, loss: 0.0066, instance_loss: 0.0000, weighted_loss: 0.0046, label: 0, bag_size: 17448
batch 579, loss: 0.0392, instance_loss: 0.0000, weighted_loss: 0.0275, label: 1, bag_size: 4516
batch 599, loss: 0.0058, instance_loss: 0.0003, weighted_loss: 0.0041, label: 1, bag_size: 21952
batch 619, loss: 0.0596, instance_loss: 0.0069, weighted_loss: 0.0438, label: 1, bag_size: 3411
batch 639, loss: 2.0823, instance_loss: 0.0003, weighted_loss: 1.4577, label: 1, bag_size: 10180
batch 659, loss: 0.0001, instance_loss: 0.0000, weighted_loss: 0.0001, label: 0, bag_size: 10051
batch 679, loss: 0.1347, instance_loss: 0.0022, weighted_loss: 0.0950, label: 0, bag_size: 2522
batch 699, loss: 0.0415, instance_loss: 0.0138, weighted_loss: 0.0332, label: 1, bag_size: 18621
batch 719, loss: 0.1528, instance_loss: 0.0005, weighted_loss: 0.1071, label: 1, bag_size: 3354
batch 739, loss: 0.0578, instance_loss: 0.0036, weighted_loss: 0.0415, label: 1, bag_size: 18621
batch 759, loss: 0.0015, instance_loss: 0.0003, weighted_loss: 0.0012, label: 1, bag_size: 5906
batch 779, loss: 0.0107, instance_loss: 0.0013, weighted_loss: 0.0078, label: 0, bag_size: 5740
batch 799, loss: 0.0322, instance_loss: 0.0005, weighted_loss: 0.0227, label: 1, bag_size: 10180
batch 819, loss: 0.0002, instance_loss: 0.0122, weighted_loss: 0.0038, label: 0, bag_size: 2770
batch 839, loss: 0.0177, instance_loss: 0.0006, weighted_loss: 0.0125, label: 1, bag_size: 5956


class 0 clustering acc 1.0: correct 6856/6856
class 1 clustering acc 1.0: correct 6856/6856
Epoch: 2, train_loss: 0.1611, train_clustering_loss:  0.0040, train_error: 0.0618
class 0: acc 0.9282407407407407, correct 401/432
class 1: acc 0.9482352941176471, correct 403/425

Val Set, val_loss: 0.5269, val_error: 0.1448, auc: 0.5384
class 0 clustering acc 1.0: correct 1768/1768
class 1 clustering acc 1.0: correct 1768/1768
class 0: acc 0.9024390243902439, correct 185/205
class 1: acc 0.25, correct 4/16
EarlyStopping counter: 2 out of 10


batch 19, loss: 0.5073, instance_loss: 0.0000, weighted_loss: 0.3551, label: 1, bag_size: 8663
batch 39, loss: 0.0003, instance_loss: 0.0003, weighted_loss: 0.0003, label: 0, bag_size: 5995
batch 59, loss: 0.1850, instance_loss: 0.0049, weighted_loss: 0.1309, label: 1, bag_size: 3411
batch 79, loss: 0.0050, instance_loss: 0.0010, weighted_loss: 0.0038, label: 0, bag_size: 14372
batch 99, loss: 0.0001, instance_loss: 0.0000, weighted_loss: 0.0001, label: 0, bag_size: 4259
batch 119, loss: 0.0106, instance_loss: 0.0000, weighted_loss: 0.0074, label: 1, bag_size: 8663
batch 139, loss: 0.1639, instance_loss: 0.0005, weighted_loss: 0.1149, label: 1, bag_size: 5956
batch 159, loss: 2.7941, instance_loss: 0.0003, weighted_loss: 1.9559, label: 1, bag_size: 7879
batch 179, loss: 0.2310, instance_loss: 0.0000, weighted_loss: 0.1617, label: 1, bag_size: 7879
batch 199, loss: 0.0026, instance_loss: 0.0040, weighted_loss: 0.0030, label: 0, bag_size: 20121
batch 219, loss: 0.0018, instance_loss: 0.0013, weighted_loss: 0.0017, label: 1, bag_size: 4492
batch 239, loss: 0.0002, instance_loss: 0.0000, weighted_loss: 0.0001, label: 0, bag_size: 4309
batch 259, loss: 0.0003, instance_loss: 0.0000, weighted_loss: 0.0002, label: 0, bag_size: 3293
batch 279, loss: 0.0002, instance_loss: 0.0000, weighted_loss: 0.0001, label: 0, bag_size: 9366
batch 299, loss: 0.2236, instance_loss: 0.0003, weighted_loss: 0.1566, label: 1, bag_size: 13571
batch 319, loss: 0.0019, instance_loss: 0.0007, weighted_loss: 0.0015, label: 0, bag_size: 2887
batch 339, loss: 0.0034, instance_loss: 0.0034, weighted_loss: 0.0034, label: 1, bag_size: 1140
batch 359, loss: 0.0324, instance_loss: 0.0024, weighted_loss: 0.0234, label: 0, bag_size: 1861
batch 379, loss: 0.0061, instance_loss: 0.0014, weighted_loss: 0.0047, label: 1, bag_size: 1140
batch 399, loss: 0.0001, instance_loss: 0.0009, weighted_loss: 0.0004, label: 0, bag_size: 3049
batch 419, loss: 0.0029, instance_loss: 0.0000, weighted_loss: 0.0020, label: 1, bag_size: 5137
batch 439, loss: 0.0015, instance_loss: 0.0015, weighted_loss: 0.0015, label: 1, bag_size: 21952
batch 459, loss: 0.0364, instance_loss: 0.0059, weighted_loss: 0.0272, label: 1, bag_size: 18621
batch 479, loss: 0.0016, instance_loss: 0.0003, weighted_loss: 0.0012, label: 1, bag_size: 4365
batch 499, loss: 0.0040, instance_loss: 0.0000, weighted_loss: 0.0028, label: 0, bag_size: 3696
batch 519, loss: 0.0079, instance_loss: 0.0000, weighted_loss: 0.0056, label: 0, bag_size: 7924
batch 539, loss: 0.0040, instance_loss: 0.0000, weighted_loss: 0.0028, label: 1, bag_size: 4760
batch 559, loss: 0.0055, instance_loss: 0.0000, weighted_loss: 0.0039, label: 0, bag_size: 4615
batch 579, loss: 0.0001, instance_loss: 0.0004, weighted_loss: 0.0002, label: 0, bag_size: 3293
batch 599, loss: 0.0110, instance_loss: 0.0000, weighted_loss: 0.0077, label: 1, bag_size: 5082
batch 619, loss: 0.0201, instance_loss: 0.0003, weighted_loss: 0.0141, label: 1, bag_size: 3354
batch 639, loss: 0.0962, instance_loss: 0.0000, weighted_loss: 0.0674, label: 1, bag_size: 8663
batch 659, loss: 0.0152, instance_loss: 0.0000, weighted_loss: 0.0106, label: 0, bag_size: 4197
batch 679, loss: 0.0275, instance_loss: 0.0014, weighted_loss: 0.0197, label: 0, bag_size: 5214
batch 699, loss: 0.0000, instance_loss: 0.0039, weighted_loss: 0.0012, label: 0, bag_size: 23082
batch 719, loss: 0.0003, instance_loss: 0.0000, weighted_loss: 0.0002, label: 0, bag_size: 5315
batch 739, loss: 0.0001, instance_loss: 0.0010, weighted_loss: 0.0003, label: 0, bag_size: 1536
batch 759, loss: 0.0184, instance_loss: 0.0000, weighted_loss: 0.0129, label: 0, bag_size: 11364
batch 779, loss: 0.0184, instance_loss: 0.0016, weighted_loss: 0.0134, label: 0, bag_size: 7985
batch 799, loss: 0.0047, instance_loss: 0.0000, weighted_loss: 0.0033, label: 0, bag_size: 3380
batch 819, loss: 0.0002, instance_loss: 0.0000, weighted_loss: 0.0001, label: 0, bag_size: 8270
batch 839, loss: 0.0004, instance_loss: 0.0000, weighted_loss: 0.0003, label: 0, bag_size: 1621


class 0 clustering acc 1.0: correct 6856/6856
class 1 clustering acc 1.0: correct 6856/6856
Epoch: 3, train_loss: 0.0832, train_clustering_loss:  0.0019, train_error: 0.0268
class 0: acc 0.9665178571428571, correct 433/448
class 1: acc 0.980440097799511, correct 401/409

Val Set, val_loss: 0.6128, val_error: 0.1765, auc: 0.5323
class 0 clustering acc 1.0: correct 1768/1768
class 1 clustering acc 0.9983031674208145: correct 1765/1768
class 0: acc 0.8731707317073171, correct 179/205
class 1: acc 0.1875, correct 3/16
EarlyStopping counter: 3 out of 10


batch 19, loss: 0.0027, instance_loss: 0.0000, weighted_loss: 0.0019, label: 1, bag_size: 6344
batch 39, loss: 0.0001, instance_loss: 0.0169, weighted_loss: 0.0051, label: 0, bag_size: 2505
batch 59, loss: 0.0520, instance_loss: 0.0008, weighted_loss: 0.0367, label: 0, bag_size: 9318
batch 79, loss: 0.0418, instance_loss: 0.0000, weighted_loss: 0.0293, label: 0, bag_size: 6032
batch 99, loss: 0.0016, instance_loss: 0.0002, weighted_loss: 0.0012, label: 0, bag_size: 10381
batch 119, loss: 0.0654, instance_loss: 0.0041, weighted_loss: 0.0470, label: 0, bag_size: 1977
batch 139, loss: 0.0012, instance_loss: 0.0000, weighted_loss: 0.0008, label: 0, bag_size: 17729
batch 159, loss: 0.0097, instance_loss: 0.0000, weighted_loss: 0.0068, label: 1, bag_size: 22871
batch 179, loss: 0.0363, instance_loss: 0.0011, weighted_loss: 0.0257, label: 1, bag_size: 14318
batch 199, loss: 0.0233, instance_loss: 0.0000, weighted_loss: 0.0163, label: 1, bag_size: 10371
batch 219, loss: 0.0250, instance_loss: 0.0000, weighted_loss: 0.0175, label: 1, bag_size: 21952
batch 239, loss: 0.0038, instance_loss: 0.0000, weighted_loss: 0.0027, label: 1, bag_size: 10180
batch 259, loss: 0.0033, instance_loss: 0.0009, weighted_loss: 0.0026, label: 1, bag_size: 21609
batch 279, loss: 0.0000, instance_loss: 0.0000, weighted_loss: 0.0000, label: 0, bag_size: 1879
batch 299, loss: 0.0006, instance_loss: 0.0000, weighted_loss: 0.0004, label: 0, bag_size: 6194
batch 319, loss: 0.0084, instance_loss: 0.0000, weighted_loss: 0.0059, label: 1, bag_size: 5956
batch 339, loss: 0.0066, instance_loss: 0.0005, weighted_loss: 0.0048, label: 0, bag_size: 13054
batch 359, loss: 0.0008, instance_loss: 0.0000, weighted_loss: 0.0006, label: 0, bag_size: 9214
batch 379, loss: 0.0003, instance_loss: 0.0000, weighted_loss: 0.0002, label: 0, bag_size: 7815
batch 399, loss: 0.0471, instance_loss: 0.0000, weighted_loss: 0.0330, label: 1, bag_size: 10180
batch 419, loss: 0.0738, instance_loss: 0.0000, weighted_loss: 0.0517, label: 1, bag_size: 21609
batch 439, loss: 0.0013, instance_loss: 0.0000, weighted_loss: 0.0009, label: 1, bag_size: 4516
batch 459, loss: 0.0000, instance_loss: 0.0030, weighted_loss: 0.0009, label: 0, bag_size: 1862
batch 479, loss: 0.0581, instance_loss: 0.0002, weighted_loss: 0.0407, label: 1, bag_size: 3354
batch 499, loss: 0.0028, instance_loss: 0.0000, weighted_loss: 0.0020, label: 1, bag_size: 5137
batch 519, loss: 0.0004, instance_loss: 0.0014, weighted_loss: 0.0007, label: 0, bag_size: 17048
batch 539, loss: 0.0047, instance_loss: 0.0000, weighted_loss: 0.0033, label: 1, bag_size: 5906
batch 559, loss: 0.0000, instance_loss: 0.0002, weighted_loss: 0.0001, label: 0, bag_size: 2317
batch 579, loss: 0.0001, instance_loss: 0.0000, weighted_loss: 0.0001, label: 0, bag_size: 16977
batch 599, loss: 0.0003, instance_loss: 0.0004, weighted_loss: 0.0003, label: 0, bag_size: 1732
batch 619, loss: 0.0000, instance_loss: 0.0000, weighted_loss: 0.0000, label: 0, bag_size: 10553
batch 639, loss: 0.0001, instance_loss: 0.0048, weighted_loss: 0.0015, label: 0, bag_size: 41019
batch 659, loss: 0.0053, instance_loss: 0.0000, weighted_loss: 0.0037, label: 1, bag_size: 3354
batch 679, loss: 0.0000, instance_loss: 0.0002, weighted_loss: 0.0001, label: 0, bag_size: 15625
batch 699, loss: 0.0014, instance_loss: 0.0000, weighted_loss: 0.0010, label: 1, bag_size: 8663
batch 719, loss: 0.0016, instance_loss: 0.0006, weighted_loss: 0.0013, label: 1, bag_size: 6812
batch 739, loss: 0.0016, instance_loss: 0.0000, weighted_loss: 0.0011, label: 0, bag_size: 1979
batch 759, loss: 0.0070, instance_loss: 0.0000, weighted_loss: 0.0049, label: 1, bag_size: 14318
batch 779, loss: 0.0065, instance_loss: 0.0038, weighted_loss: 0.0057, label: 1, bag_size: 21609
batch 799, loss: 0.0000, instance_loss: 0.0000, weighted_loss: 0.0000, label: 0, bag_size: 20347
batch 819, loss: 0.0002, instance_loss: 0.0002, weighted_loss: 0.0002, label: 0, bag_size: 3088
batch 839, loss: 0.0000, instance_loss: 0.0000, weighted_loss: 0.0000, label: 0, bag_size: 4569


class 0 clustering acc 0.999708284714119: correct 6854/6856
class 1 clustering acc 1.0: correct 6856/6856
Epoch: 4, train_loss: 0.0426, train_clustering_loss:  0.0020, train_error: 0.0152
class 0: acc 0.9802631578947368, correct 447/456
class 1: acc 0.9900249376558603, correct 397/401

Val Set, val_loss: 0.6543, val_error: 0.1041, auc: 0.5204
class 0 clustering acc 1.0: correct 1768/1768
class 1 clustering acc 0.9994343891402715: correct 1767/1768
class 0: acc 0.9512195121951219, correct 195/205
class 1: acc 0.1875, correct 3/16
EarlyStopping counter: 4 out of 10


batch 19, loss: 0.0005, instance_loss: 0.0051, weighted_loss: 0.0019, label: 0, bag_size: 2119
batch 39, loss: 0.0067, instance_loss: 0.0005, weighted_loss: 0.0048, label: 0, bag_size: 1621
batch 59, loss: 0.0027, instance_loss: 0.0000, weighted_loss: 0.0019, label: 1, bag_size: 5137
batch 79, loss: 0.0035, instance_loss: 0.0009, weighted_loss: 0.0027, label: 1, bag_size: 5956
batch 99, loss: 0.0033, instance_loss: 0.0000, weighted_loss: 0.0023, label: 1, bag_size: 4516
batch 119, loss: 0.0326, instance_loss: 0.0000, weighted_loss: 0.0228, label: 1, bag_size: 4516
batch 139, loss: 0.0005, instance_loss: 0.0000, weighted_loss: 0.0003, label: 0, bag_size: 4919
batch 159, loss: 0.0003, instance_loss: 0.0000, weighted_loss: 0.0002, label: 1, bag_size: 5082
batch 179, loss: 0.0272, instance_loss: 0.0079, weighted_loss: 0.0214, label: 0, bag_size: 2974
batch 199, loss: 0.0002, instance_loss: 0.0000, weighted_loss: 0.0001, label: 0, bag_size: 3088
batch 219, loss: 0.0003, instance_loss: 0.0000, weighted_loss: 0.0002, label: 0, bag_size: 2176
batch 239, loss: 0.0163, instance_loss: 0.0076, weighted_loss: 0.0137, label: 1, bag_size: 1140
batch 259, loss: 0.0022, instance_loss: 0.0000, weighted_loss: 0.0016, label: 1, bag_size: 8663
batch 279, loss: 0.0296, instance_loss: 0.0004, weighted_loss: 0.0208, label: 0, bag_size: 2315
batch 299, loss: 0.0011, instance_loss: 0.0000, weighted_loss: 0.0008, label: 0, bag_size: 3167
batch 319, loss: 0.0000, instance_loss: 0.0000, weighted_loss: 0.0000, label: 0, bag_size: 2573
batch 339, loss: 0.0011, instance_loss: 0.0000, weighted_loss: 0.0008, label: 0, bag_size: 4683
batch 359, loss: 0.0000, instance_loss: 0.0000, weighted_loss: 0.0000, label: 0, bag_size: 16640
batch 379, loss: 0.0045, instance_loss: 0.0000, weighted_loss: 0.0031, label: 1, bag_size: 12989
batch 399, loss: 0.0001, instance_loss: 0.0000, weighted_loss: 0.0001, label: 0, bag_size: 17864
batch 419, loss: 0.0081, instance_loss: 0.0000, weighted_loss: 0.0057, label: 1, bag_size: 5956
batch 439, loss: 0.0000, instance_loss: 0.0000, weighted_loss: 0.0000, label: 0, bag_size: 4029
batch 459, loss: 0.0002, instance_loss: 0.0000, weighted_loss: 0.0002, label: 0, bag_size: 8764
batch 479, loss: 0.0013, instance_loss: 0.0000, weighted_loss: 0.0009, label: 1, bag_size: 4563
batch 499, loss: 0.0001, instance_loss: 0.0000, weighted_loss: 0.0000, label: 0, bag_size: 9214
batch 519, loss: 0.0000, instance_loss: 0.0034, weighted_loss: 0.0010, label: 0, bag_size: 10070
batch 539, loss: 0.0159, instance_loss: 0.0000, weighted_loss: 0.0111, label: 1, bag_size: 5906
batch 559, loss: 0.0014, instance_loss: 0.0000, weighted_loss: 0.0010, label: 1, bag_size: 4563
batch 579, loss: 0.0003, instance_loss: 0.0000, weighted_loss: 0.0002, label: 1, bag_size: 4760
batch 599, loss: 0.0008, instance_loss: 0.0000, weighted_loss: 0.0006, label: 1, bag_size: 3354
batch 619, loss: 0.0005, instance_loss: 0.0000, weighted_loss: 0.0004, label: 1, bag_size: 10180
batch 639, loss: 0.1302, instance_loss: 0.0011, weighted_loss: 0.0915, label: 0, bag_size: 8781
batch 659, loss: 0.0034, instance_loss: 0.0000, weighted_loss: 0.0024, label: 0, bag_size: 1861
batch 679, loss: 0.0002, instance_loss: 0.0000, weighted_loss: 0.0001, label: 0, bag_size: 56808
batch 699, loss: 0.0830, instance_loss: 0.0004, weighted_loss: 0.0582, label: 0, bag_size: 21480
batch 719, loss: 0.0000, instance_loss: 0.0000, weighted_loss: 0.0000, label: 1, bag_size: 4492
batch 739, loss: 0.0007, instance_loss: 0.0006, weighted_loss: 0.0007, label: 1, bag_size: 13646
batch 759, loss: 0.0030, instance_loss: 0.0000, weighted_loss: 0.0021, label: 0, bag_size: 14900
batch 779, loss: 0.0489, instance_loss: 0.0000, weighted_loss: 0.0342, label: 0, bag_size: 7001
batch 799, loss: 0.0003, instance_loss: 0.0011, weighted_loss: 0.0006, label: 1, bag_size: 9833
batch 819, loss: 0.0001, instance_loss: 0.0000, weighted_loss: 0.0001, label: 0, bag_size: 5677
batch 839, loss: 0.0002, instance_loss: 0.0016, weighted_loss: 0.0006, label: 1, bag_size: 3411


class 0 clustering acc 1.0: correct 6856/6856
class 1 clustering acc 1.0: correct 6856/6856
Epoch: 5, train_loss: 0.0459, train_clustering_loss:  0.0012, train_error: 0.0163
class 0: acc 0.9814385150812065, correct 423/431
class 1: acc 0.9859154929577465, correct 420/426

Val Set, val_loss: 0.6063, val_error: 0.1086, auc: 0.5823
class 0 clustering acc 1.0: correct 1768/1768
class 1 clustering acc 1.0: correct 1768/1768
class 0: acc 0.9609756097560975, correct 197/205
class 1: acc 0.0, correct 0/16
EarlyStopping counter: 5 out of 10


batch 19, loss: 0.0000, instance_loss: 0.0013, weighted_loss: 0.0004, label: 0, bag_size: 7215
batch 39, loss: 0.0020, instance_loss: 0.0012, weighted_loss: 0.0018, label: 1, bag_size: 3024
batch 59, loss: 0.0012, instance_loss: 0.0012, weighted_loss: 0.0012, label: 1, bag_size: 6812
batch 79, loss: 0.0001, instance_loss: 0.0000, weighted_loss: 0.0001, label: 1, bag_size: 4516
batch 99, loss: 0.0003, instance_loss: 0.0002, weighted_loss: 0.0003, label: 1, bag_size: 4365
batch 119, loss: 0.0001, instance_loss: 0.0004, weighted_loss: 0.0002, label: 1, bag_size: 4492
batch 139, loss: 0.0004, instance_loss: 0.0000, weighted_loss: 0.0003, label: 1, bag_size: 4365
batch 159, loss: 0.0040, instance_loss: 0.0009, weighted_loss: 0.0030, label: 1, bag_size: 7879
batch 179, loss: 0.0001, instance_loss: 0.0000, weighted_loss: 0.0000, label: 0, bag_size: 18734
batch 199, loss: 0.0000, instance_loss: 0.0004, weighted_loss: 0.0002, label: 0, bag_size: 5214
batch 219, loss: 0.0004, instance_loss: 0.0002, weighted_loss: 0.0003, label: 1, bag_size: 4365
batch 239, loss: 0.0000, instance_loss: 0.0004, weighted_loss: 0.0001, label: 0, bag_size: 3520
batch 259, loss: 0.0000, instance_loss: 0.0006, weighted_loss: 0.0002, label: 0, bag_size: 14779
batch 279, loss: 0.0007, instance_loss: 0.0000, weighted_loss: 0.0005, label: 1, bag_size: 5828
batch 299, loss: 0.0000, instance_loss: 0.0000, weighted_loss: 0.0000, label: 0, bag_size: 20467
batch 319, loss: 0.0000, instance_loss: 0.0000, weighted_loss: 0.0000, label: 0, bag_size: 4569
batch 339, loss: 0.0032, instance_loss: 0.0000, weighted_loss: 0.0022, label: 0, bag_size: 6578
batch 359, loss: 0.0003, instance_loss: 0.0000, weighted_loss: 0.0002, label: 0, bag_size: 15251
batch 379, loss: 0.0005, instance_loss: 0.0000, weighted_loss: 0.0003, label: 0, bag_size: 21084
batch 399, loss: 0.0979, instance_loss: 0.0000, weighted_loss: 0.0685, label: 0, bag_size: 15510
batch 419, loss: 0.0013, instance_loss: 0.0000, weighted_loss: 0.0009, label: 1, bag_size: 4365
batch 439, loss: 0.0000, instance_loss: 0.0000, weighted_loss: 0.0000, label: 0, bag_size: 4310
batch 459, loss: 0.0000, instance_loss: 0.0000, weighted_loss: 0.0000, label: 0, bag_size: 1758
batch 479, loss: 0.0001, instance_loss: 0.0000, weighted_loss: 0.0000, label: 1, bag_size: 4492
batch 499, loss: 0.0005, instance_loss: 0.0000, weighted_loss: 0.0004, label: 0, bag_size: 1979
batch 519, loss: 0.0025, instance_loss: 0.0000, weighted_loss: 0.0018, label: 0, bag_size: 1214
batch 539, loss: 0.0002, instance_loss: 0.0002, weighted_loss: 0.0002, label: 0, bag_size: 18947
batch 559, loss: 0.0066, instance_loss: 0.0000, weighted_loss: 0.0046, label: 1, bag_size: 7879
batch 579, loss: 0.0031, instance_loss: 0.0000, weighted_loss: 0.0022, label: 1, bag_size: 5956
batch 599, loss: 0.0066, instance_loss: 0.0000, weighted_loss: 0.0046, label: 1, bag_size: 6812
batch 619, loss: 0.0014, instance_loss: 0.0000, weighted_loss: 0.0010, label: 0, bag_size: 2302
batch 639, loss: 0.0007, instance_loss: 0.0003, weighted_loss: 0.0006, label: 0, bag_size: 17692
batch 659, loss: 0.0016, instance_loss: 0.0000, weighted_loss: 0.0011, label: 1, bag_size: 5137
batch 679, loss: 0.0077, instance_loss: 0.0002, weighted_loss: 0.0054, label: 0, bag_size: 14591
batch 699, loss: 0.0075, instance_loss: 0.0000, weighted_loss: 0.0052, label: 1, bag_size: 13571
batch 719, loss: 0.0008, instance_loss: 0.0000, weighted_loss: 0.0006, label: 1, bag_size: 7879
batch 739, loss: 0.0000, instance_loss: 0.0000, weighted_loss: 0.0000, label: 0, bag_size: 1611
batch 759, loss: 0.0058, instance_loss: 0.0000, weighted_loss: 0.0041, label: 1, bag_size: 13571
batch 779, loss: 0.0080, instance_loss: 0.1952, weighted_loss: 0.0642, label: 1, bag_size: 21609
batch 799, loss: 0.0034, instance_loss: 0.0002, weighted_loss: 0.0024, label: 0, bag_size: 17549
batch 819, loss: 0.0000, instance_loss: 0.0000, weighted_loss: 0.0000, label: 0, bag_size: 17351
batch 839, loss: 0.0011, instance_loss: 0.0002, weighted_loss: 0.0008, label: 0, bag_size: 5342


class 0 clustering acc 0.9998541423570595: correct 6855/6856
class 1 clustering acc 1.0: correct 6856/6856
Epoch: 6, train_loss: 0.0281, train_clustering_loss:  0.0009, train_error: 0.0117
class 0: acc 0.9835294117647059, correct 418/425
class 1: acc 0.9930555555555556, correct 429/432

Val Set, val_loss: 0.7338, val_error: 0.0995, auc: 0.5576
class 0 clustering acc 1.0: correct 1768/1768
class 1 clustering acc 0.997737556561086: correct 1764/1768
class 0: acc 0.9707317073170731, correct 199/205
class 1: acc 0.0, correct 0/16
EarlyStopping counter: 6 out of 10


batch 19, loss: 0.0001, instance_loss: 0.0000, weighted_loss: 0.0001, label: 1, bag_size: 21609
batch 39, loss: 0.0003, instance_loss: 0.0000, weighted_loss: 0.0002, label: 0, bag_size: 7732
batch 59, loss: 0.0000, instance_loss: 0.0013, weighted_loss: 0.0004, label: 0, bag_size: 5375
batch 79, loss: 0.0004, instance_loss: 0.0000, weighted_loss: 0.0003, label: 0, bag_size: 15045
batch 99, loss: 0.0007, instance_loss: 0.0000, weighted_loss: 0.0005, label: 0, bag_size: 2065
batch 119, loss: 0.0008, instance_loss: 0.0003, weighted_loss: 0.0007, label: 1, bag_size: 3354
batch 139, loss: 0.0000, instance_loss: 0.0000, weighted_loss: 0.0000, label: 0, bag_size: 2754
batch 159, loss: 0.0001, instance_loss: 0.0000, weighted_loss: 0.0001, label: 1, bag_size: 4516
batch 179, loss: 0.0000, instance_loss: 0.0044, weighted_loss: 0.0013, label: 0, bag_size: 15404
batch 199, loss: 0.0002, instance_loss: 0.0006, weighted_loss: 0.0003, label: 0, bag_size: 1908
batch 219, loss: 0.0022, instance_loss: 0.0000, weighted_loss: 0.0016, label: 1, bag_size: 4365
batch 239, loss: 0.0120, instance_loss: 0.0031, weighted_loss: 0.0093, label: 1, bag_size: 12989
batch 259, loss: 0.0000, instance_loss: 0.0000, weighted_loss: 0.0000, label: 0, bag_size: 20347
batch 279, loss: 0.0001, instance_loss: 0.0000, weighted_loss: 0.0001, label: 0, bag_size: 4320
batch 299, loss: 0.0000, instance_loss: 0.0006, weighted_loss: 0.0002, label: 0, bag_size: 13991
batch 319, loss: 0.0015, instance_loss: 0.0000, weighted_loss: 0.0011, label: 0, bag_size: 12447
batch 339, loss: 0.0044, instance_loss: 0.0002, weighted_loss: 0.0031, label: 0, bag_size: 6399
batch 359, loss: 0.0000, instance_loss: 0.0000, weighted_loss: 0.0000, label: 1, bag_size: 5082
batch 379, loss: 0.0020, instance_loss: 0.0000, weighted_loss: 0.0014, label: 1, bag_size: 7733
batch 399, loss: 0.0000, instance_loss: 0.0000, weighted_loss: 0.0000, label: 1, bag_size: 4516
batch 419, loss: 0.0010, instance_loss: 0.0000, weighted_loss: 0.0007, label: 0, bag_size: 2328
batch 439, loss: 0.0010, instance_loss: 0.0000, weighted_loss: 0.0007, label: 1, bag_size: 13571
batch 459, loss: 0.0015, instance_loss: 0.0143, weighted_loss: 0.0053, label: 0, bag_size: 4213
batch 479, loss: 0.0000, instance_loss: 0.0000, weighted_loss: 0.0000, label: 1, bag_size: 4516
batch 499, loss: 0.0039, instance_loss: 0.0035, weighted_loss: 0.0038, label: 0, bag_size: 2375
batch 519, loss: 0.0018, instance_loss: 0.0000, weighted_loss: 0.0012, label: 0, bag_size: 12980
batch 539, loss: 0.0087, instance_loss: 0.0000, weighted_loss: 0.0061, label: 1, bag_size: 10180
batch 559, loss: 0.0001, instance_loss: 0.0018, weighted_loss: 0.0006, label: 1, bag_size: 3024
batch 579, loss: 0.0004, instance_loss: 0.0000, weighted_loss: 0.0003, label: 0, bag_size: 15678
batch 599, loss: 0.0001, instance_loss: 0.0000, weighted_loss: 0.0000, label: 1, bag_size: 4492
batch 619, loss: 0.0000, instance_loss: 0.0000, weighted_loss: 0.0000, label: 1, bag_size: 4516
batch 639, loss: 0.0015, instance_loss: 0.0003, weighted_loss: 0.0012, label: 1, bag_size: 5906
batch 659, loss: 0.0001, instance_loss: 0.0007, weighted_loss: 0.0003, label: 1, bag_size: 4492
batch 679, loss: 0.0002, instance_loss: 0.0000, weighted_loss: 0.0001, label: 1, bag_size: 12989
batch 699, loss: 0.0030, instance_loss: 0.0010, weighted_loss: 0.0024, label: 1, bag_size: 18621
batch 719, loss: 0.0164, instance_loss: 0.0002, weighted_loss: 0.0116, label: 0, bag_size: 14002
batch 739, loss: 0.0013, instance_loss: 0.0000, weighted_loss: 0.0009, label: 0, bag_size: 18587
batch 759, loss: 0.0028, instance_loss: 0.0008, weighted_loss: 0.0022, label: 0, bag_size: 20204
batch 779, loss: 0.0001, instance_loss: 0.0000, weighted_loss: 0.0001, label: 0, bag_size: 2780
batch 799, loss: 0.0001, instance_loss: 0.0000, weighted_loss: 0.0001, label: 1, bag_size: 4760
batch 819, loss: 0.0002, instance_loss: 0.0005, weighted_loss: 0.0003, label: 0, bag_size: 16700
batch 839, loss: 0.0070, instance_loss: 0.0009, weighted_loss: 0.0052, label: 0, bag_size: 1669


class 0 clustering acc 0.999708284714119: correct 6854/6856
class 1 clustering acc 0.9998541423570595: correct 6855/6856
Epoch: 7, train_loss: 0.0394, train_clustering_loss:  0.0017, train_error: 0.0163
class 0: acc 0.9848866498740554, correct 391/397
class 1: acc 0.9826086956521739, correct 452/460

Val Set, val_loss: 0.5313, val_error: 0.0950, auc: 0.6610
class 0 clustering acc 1.0: correct 1768/1768
class 1 clustering acc 1.0: correct 1768/1768
class 0: acc 0.975609756097561, correct 200/205
class 1: acc 0.0, correct 0/16
EarlyStopping counter: 7 out of 10


batch 19, loss: 0.0000, instance_loss: 0.0000, weighted_loss: 0.0000, label: 0, bag_size: 11919
batch 39, loss: 0.0022, instance_loss: 0.0000, weighted_loss: 0.0015, label: 1, bag_size: 22871
batch 59, loss: 0.0132, instance_loss: 0.0002, weighted_loss: 0.0093, label: 1, bag_size: 2853
batch 79, loss: 0.0009, instance_loss: 0.0000, weighted_loss: 0.0006, label: 1, bag_size: 4563
batch 99, loss: 0.0041, instance_loss: 0.0000, weighted_loss: 0.0028, label: 0, bag_size: 14591
batch 119, loss: 0.0000, instance_loss: 0.0000, weighted_loss: 0.0000, label: 0, bag_size: 5542
batch 139, loss: 0.0000, instance_loss: 0.0004, weighted_loss: 0.0001, label: 0, bag_size: 9370
batch 159, loss: 0.0005, instance_loss: 0.0000, weighted_loss: 0.0004, label: 0, bag_size: 20190
batch 179, loss: 0.0000, instance_loss: 0.0000, weighted_loss: 0.0000, label: 0, bag_size: 2872
batch 199, loss: 0.0000, instance_loss: 0.0004, weighted_loss: 0.0001, label: 0, bag_size: 23082
batch 219, loss: 0.0009, instance_loss: 0.0069, weighted_loss: 0.0027, label: 1, bag_size: 1140
batch 239, loss: 0.0000, instance_loss: 0.0000, weighted_loss: 0.0000, label: 0, bag_size: 3298
batch 259, loss: 0.0000, instance_loss: 0.0000, weighted_loss: 0.0000, label: 0, bag_size: 8542
batch 279, loss: 0.0001, instance_loss: 0.0000, weighted_loss: 0.0001, label: 1, bag_size: 5137
batch 299, loss: 0.0004, instance_loss: 0.0000, weighted_loss: 0.0003, label: 1, bag_size: 6812
batch 319, loss: 0.0001, instance_loss: 0.0020, weighted_loss: 0.0007, label: 0, bag_size: 16288
batch 339, loss: 0.0001, instance_loss: 0.0000, weighted_loss: 0.0001, label: 1, bag_size: 4365
batch 359, loss: 0.0256, instance_loss: 0.0000, weighted_loss: 0.0179, label: 1, bag_size: 12989
batch 379, loss: 0.0000, instance_loss: 0.0000, weighted_loss: 0.0000, label: 1, bag_size: 4516
batch 399, loss: 0.0000, instance_loss: 0.0000, weighted_loss: 0.0000, label: 0, bag_size: 11672
batch 419, loss: 0.0003, instance_loss: 0.0000, weighted_loss: 0.0002, label: 1, bag_size: 2853
batch 439, loss: 0.0000, instance_loss: 0.0000, weighted_loss: 0.0000, label: 0, bag_size: 2161
batch 459, loss: 0.0000, instance_loss: 0.0022, weighted_loss: 0.0007, label: 0, bag_size: 2505
batch 479, loss: 0.0380, instance_loss: 0.0002, weighted_loss: 0.0266, label: 1, bag_size: 4365
batch 499, loss: 0.0016, instance_loss: 0.0010, weighted_loss: 0.0014, label: 0, bag_size: 15470
batch 519, loss: 0.0001, instance_loss: 0.0000, weighted_loss: 0.0001, label: 1, bag_size: 4516
batch 539, loss: 0.0559, instance_loss: 0.0000, weighted_loss: 0.0392, label: 0, bag_size: 2830
batch 559, loss: 0.4248, instance_loss: 0.0007, weighted_loss: 0.2975, label: 1, bag_size: 18621
batch 579, loss: 0.0312, instance_loss: 0.0000, weighted_loss: 0.0218, label: 1, bag_size: 4365
batch 599, loss: 0.0297, instance_loss: 0.0007, weighted_loss: 0.0210, label: 0, bag_size: 1561
batch 619, loss: 0.0002, instance_loss: 0.0366, weighted_loss: 0.0111, label: 0, bag_size: 1431
batch 639, loss: 0.0000, instance_loss: 0.0000, weighted_loss: 0.0000, label: 0, bag_size: 3547
batch 659, loss: 0.0119, instance_loss: 0.0000, weighted_loss: 0.0083, label: 1, bag_size: 14318
batch 679, loss: 0.0306, instance_loss: 0.0006, weighted_loss: 0.0216, label: 0, bag_size: 17682
batch 699, loss: 0.1225, instance_loss: 0.0000, weighted_loss: 0.0858, label: 1, bag_size: 13646
batch 719, loss: 0.0000, instance_loss: 0.0000, weighted_loss: 0.0000, label: 0, bag_size: 2739
batch 739, loss: 0.0000, instance_loss: 0.0000, weighted_loss: 0.0000, label: 0, bag_size: 3533
batch 759, loss: 0.0000, instance_loss: 0.0000, weighted_loss: 0.0000, label: 1, bag_size: 5082
batch 779, loss: 0.0001, instance_loss: 0.0000, weighted_loss: 0.0000, label: 0, bag_size: 2482
batch 799, loss: 0.0209, instance_loss: 0.0000, weighted_loss: 0.0146, label: 1, bag_size: 2853
batch 819, loss: 0.0066, instance_loss: 0.0000, weighted_loss: 0.0046, label: 1, bag_size: 14318
batch 839, loss: 0.0006, instance_loss: 0.0000, weighted_loss: 0.0004, label: 1, bag_size: 4563


class 0 clustering acc 0.999708284714119: correct 6854/6856
class 1 clustering acc 0.9995624270711785: correct 6853/6856
Epoch: 8, train_loss: 0.0483, train_clustering_loss:  0.0022, train_error: 0.0152
class 0: acc 0.9817351598173516, correct 430/438
class 1: acc 0.9880668257756563, correct 414/419

Val Set, val_loss: 0.5885, val_error: 0.0950, auc: 0.6442
class 0 clustering acc 0.9994343891402715: correct 1767/1768
class 1 clustering acc 1.0: correct 1768/1768
class 0: acc 0.9707317073170731, correct 199/205
class 1: acc 0.0625, correct 1/16
EarlyStopping counter: 8 out of 10


batch 19, loss: 0.0004, instance_loss: 0.0007, weighted_loss: 0.0005, label: 1, bag_size: 5956
batch 39, loss: 0.0000, instance_loss: 0.0000, weighted_loss: 0.0000, label: 0, bag_size: 5912
batch 59, loss: 0.0000, instance_loss: 0.0000, weighted_loss: 0.0000, label: 0, bag_size: 9151
batch 79, loss: 0.0005, instance_loss: 0.0000, weighted_loss: 0.0003, label: 0, bag_size: 15114
batch 99, loss: 0.0003, instance_loss: 0.0000, weighted_loss: 0.0002, label: 1, bag_size: 4760
batch 119, loss: 0.0009, instance_loss: 0.0000, weighted_loss: 0.0006, label: 1, bag_size: 7879
batch 139, loss: 0.0022, instance_loss: 0.0000, weighted_loss: 0.0016, label: 1, bag_size: 10180
batch 159, loss: 0.0005, instance_loss: 0.0000, weighted_loss: 0.0004, label: 1, bag_size: 4563
batch 179, loss: 0.0009, instance_loss: 0.0000, weighted_loss: 0.0006, label: 0, bag_size: 9973
batch 199, loss: 0.0000, instance_loss: 0.0000, weighted_loss: 0.0000, label: 0, bag_size: 8955
batch 219, loss: 0.0000, instance_loss: 0.0000, weighted_loss: 0.0000, label: 0, bag_size: 6101
batch 239, loss: 0.0004, instance_loss: 0.0008, weighted_loss: 0.0005, label: 1, bag_size: 5956
batch 259, loss: 0.0007, instance_loss: 0.0004, weighted_loss: 0.0006, label: 1, bag_size: 3024
batch 279, loss: 0.0000, instance_loss: 0.0000, weighted_loss: 0.0000, label: 0, bag_size: 17460
batch 299, loss: 0.0086, instance_loss: 0.0000, weighted_loss: 0.0060, label: 1, bag_size: 18621
batch 319, loss: 0.0018, instance_loss: 0.0000, weighted_loss: 0.0012, label: 1, bag_size: 7879
batch 339, loss: 0.0004, instance_loss: 0.0000, weighted_loss: 0.0003, label: 1, bag_size: 1140
batch 359, loss: 0.0594, instance_loss: 0.0003, weighted_loss: 0.0416, label: 1, bag_size: 3411
batch 379, loss: 0.0000, instance_loss: 0.0000, weighted_loss: 0.0000, label: 0, bag_size: 1317
batch 399, loss: 0.0383, instance_loss: 0.0000, weighted_loss: 0.0268, label: 0, bag_size: 15404
batch 419, loss: 0.0007, instance_loss: 0.0019, weighted_loss: 0.0010, label: 0, bag_size: 1431
batch 439, loss: 0.0263, instance_loss: 0.0011, weighted_loss: 0.0187, label: 0, bag_size: 1690
batch 459, loss: 0.0002, instance_loss: 0.0002, weighted_loss: 0.0002, label: 1, bag_size: 6344
batch 479, loss: 0.0190, instance_loss: 0.0000, weighted_loss: 0.0133, label: 1, bag_size: 13571
batch 499, loss: 0.0000, instance_loss: 0.0000, weighted_loss: 0.0000, label: 1, bag_size: 4516
batch 519, loss: 0.0001, instance_loss: 0.0002, weighted_loss: 0.0001, label: 1, bag_size: 9833
batch 539, loss: 0.0440, instance_loss: 0.0000, weighted_loss: 0.0308, label: 1, bag_size: 21609
batch 559, loss: 0.0001, instance_loss: 0.0000, weighted_loss: 0.0000, label: 1, bag_size: 4760
batch 579, loss: 0.0005, instance_loss: 0.0005, weighted_loss: 0.0005, label: 1, bag_size: 5956
batch 599, loss: 0.0004, instance_loss: 0.0000, weighted_loss: 0.0003, label: 1, bag_size: 7879
batch 619, loss: 0.0009, instance_loss: 0.0004, weighted_loss: 0.0008, label: 1, bag_size: 4365
batch 639, loss: 0.0002, instance_loss: 0.0004, weighted_loss: 0.0003, label: 0, bag_size: 15392
batch 659, loss: 0.0016, instance_loss: 0.0000, weighted_loss: 0.0011, label: 0, bag_size: 18587
batch 679, loss: 0.0005, instance_loss: 0.0002, weighted_loss: 0.0004, label: 1, bag_size: 5956
batch 699, loss: 0.0000, instance_loss: 0.0000, weighted_loss: 0.0000, label: 0, bag_size: 4309
batch 719, loss: 0.0292, instance_loss: 0.0002, weighted_loss: 0.0205, label: 0, bag_size: 3365
batch 739, loss: 0.9160, instance_loss: 0.0000, weighted_loss: 0.6412, label: 1, bag_size: 18621
batch 759, loss: 0.0000, instance_loss: 0.0000, weighted_loss: 0.0000, label: 0, bag_size: 10840
batch 779, loss: 0.0001, instance_loss: 0.0000, weighted_loss: 0.0000, label: 1, bag_size: 3354
batch 799, loss: 0.0021, instance_loss: 0.0000, weighted_loss: 0.0015, label: 1, bag_size: 5828
batch 819, loss: 0.0000, instance_loss: 0.0008, weighted_loss: 0.0003, label: 0, bag_size: 1358
batch 839, loss: 0.0048, instance_loss: 0.0000, weighted_loss: 0.0033, label: 1, bag_size: 21609


class 0 clustering acc 1.0: correct 6856/6856
class 1 clustering acc 0.9998541423570595: correct 6855/6856
Epoch: 9, train_loss: 0.0406, train_clustering_loss:  0.0004, train_error: 0.0117
class 0: acc 0.9861751152073732, correct 428/434
class 1: acc 0.9905437352245863, correct 419/423

Val Set, val_loss: 0.5726, val_error: 0.0995, auc: 0.6503
class 0 clustering acc 1.0: correct 1768/1768
class 1 clustering acc 1.0: correct 1768/1768
class 0: acc 0.9707317073170731, correct 199/205
class 1: acc 0.0, correct 0/16
EarlyStopping counter: 9 out of 10


batch 19, loss: 0.0421, instance_loss: 0.0000, weighted_loss: 0.0295, label: 0, bag_size: 15501
batch 39, loss: 0.0056, instance_loss: 0.0000, weighted_loss: 0.0039, label: 1, bag_size: 21952
batch 59, loss: 0.0040, instance_loss: 0.0000, weighted_loss: 0.0028, label: 1, bag_size: 10371
batch 79, loss: 0.0015, instance_loss: 0.0000, weighted_loss: 0.0011, label: 1, bag_size: 4563
batch 99, loss: 0.0000, instance_loss: 0.0000, weighted_loss: 0.0000, label: 0, bag_size: 5995
batch 119, loss: 0.0002, instance_loss: 0.0000, weighted_loss: 0.0001, label: 1, bag_size: 5137
batch 139, loss: 0.0000, instance_loss: 0.0000, weighted_loss: 0.0000, label: 0, bag_size: 1926
batch 159, loss: 0.0000, instance_loss: 0.0000, weighted_loss: 0.0000, label: 0, bag_size: 6131
batch 179, loss: 0.0002, instance_loss: 0.0000, weighted_loss: 0.0001, label: 0, bag_size: 2194
batch 199, loss: 0.0000, instance_loss: 0.0000, weighted_loss: 0.0000, label: 0, bag_size: 2269
batch 219, loss: 0.0023, instance_loss: 0.0000, weighted_loss: 0.0016, label: 1, bag_size: 4563
batch 239, loss: 0.0002, instance_loss: 0.0000, weighted_loss: 0.0002, label: 0, bag_size: 2439
batch 259, loss: 0.0017, instance_loss: 0.0000, weighted_loss: 0.0012, label: 1, bag_size: 4563
batch 279, loss: 0.0001, instance_loss: 0.0000, weighted_loss: 0.0000, label: 0, bag_size: 13341
batch 299, loss: 0.0000, instance_loss: 0.0002, weighted_loss: 0.0001, label: 1, bag_size: 2853
batch 319, loss: 0.0006, instance_loss: 0.0003, weighted_loss: 0.0005, label: 0, bag_size: 3394
batch 339, loss: 0.0000, instance_loss: 0.0000, weighted_loss: 0.0000, label: 0, bag_size: 1858
batch 359, loss: 0.0000, instance_loss: 0.0000, weighted_loss: 0.0000, label: 0, bag_size: 4374
batch 379, loss: 0.0005, instance_loss: 0.0000, weighted_loss: 0.0004, label: 1, bag_size: 8663
batch 399, loss: 0.0000, instance_loss: 0.0000, weighted_loss: 0.0000, label: 0, bag_size: 8101
batch 419, loss: 0.0222, instance_loss: 0.0000, weighted_loss: 0.0155, label: 1, bag_size: 14318
batch 439, loss: 0.0002, instance_loss: 0.0002, weighted_loss: 0.0002, label: 1, bag_size: 5906
batch 459, loss: 0.0008, instance_loss: 0.0000, weighted_loss: 0.0006, label: 1, bag_size: 10180
batch 479, loss: 0.0000, instance_loss: 0.0000, weighted_loss: 0.0000, label: 1, bag_size: 4516
batch 499, loss: 0.0018, instance_loss: 0.0000, weighted_loss: 0.0013, label: 0, bag_size: 6534
batch 519, loss: 0.0000, instance_loss: 0.0000, weighted_loss: 0.0000, label: 1, bag_size: 4492
batch 539, loss: 0.0000, instance_loss: 0.0004, weighted_loss: 0.0001, label: 1, bag_size: 6812
batch 559, loss: 0.0015, instance_loss: 0.0048, weighted_loss: 0.0025, label: 1, bag_size: 1140
batch 579, loss: 0.0001, instance_loss: 0.0000, weighted_loss: 0.0001, label: 1, bag_size: 8663
batch 599, loss: 0.0001, instance_loss: 0.0000, weighted_loss: 0.0001, label: 0, bag_size: 4374
batch 619, loss: 0.0000, instance_loss: 0.0000, weighted_loss: 0.0000, label: 1, bag_size: 4760
batch 639, loss: 0.0003, instance_loss: 0.0000, weighted_loss: 0.0002, label: 1, bag_size: 4563
batch 659, loss: 0.0000, instance_loss: 0.0000, weighted_loss: 0.0000, label: 0, bag_size: 24236
batch 679, loss: 0.0000, instance_loss: 0.0000, weighted_loss: 0.0000, label: 0, bag_size: 4852
batch 699, loss: 0.0000, instance_loss: 0.0006, weighted_loss: 0.0002, label: 0, bag_size: 7215
batch 719, loss: 0.0002, instance_loss: 0.0009, weighted_loss: 0.0004, label: 1, bag_size: 4365
batch 739, loss: 0.0001, instance_loss: 0.0008, weighted_loss: 0.0003, label: 1, bag_size: 5956
batch 759, loss: 0.0008, instance_loss: 0.0000, weighted_loss: 0.0005, label: 1, bag_size: 4563
batch 779, loss: 0.0007, instance_loss: 0.0000, weighted_loss: 0.0005, label: 1, bag_size: 13571
batch 799, loss: 0.0000, instance_loss: 0.0002, weighted_loss: 0.0001, label: 1, bag_size: 3024
batch 819, loss: 0.0001, instance_loss: 0.0000, weighted_loss: 0.0001, label: 0, bag_size: 5487
batch 839, loss: 0.0003, instance_loss: 0.0000, weighted_loss: 0.0002, label: 1, bag_size: 21952


class 0 clustering acc 1.0: correct 6856/6856
class 1 clustering acc 1.0: correct 6856/6856
Epoch: 10, train_loss: 0.0050, train_clustering_loss:  0.0003, train_error: 0.0000
class 0: acc 1.0, correct 436/436
class 1: acc 1.0, correct 421/421

Val Set, val_loss: 0.7071, val_error: 0.1086, auc: 0.5991
class 0 clustering acc 0.996606334841629: correct 1762/1768
class 1 clustering acc 1.0: correct 1768/1768
class 0: acc 0.9609756097560975, correct 197/205
class 1: acc 0.0, correct 0/16
EarlyStopping counter: 10 out of 10
Early stopping
Val error: 0.1222, ROC AUC: 0.5674
CV validation error: 0.1222, ROC AUC: 0.5674
class 0: acc 0.9365853658536586, correct 192/205
class 1: acc 0.125, correct 2/16
Future event metrics: {"fold": 3, "events": 96, "positive_events": 5, "event_average_precision": 0.06849629483900584, "event_roc_auc": 0.5648351648351648, "event_brier": 0.09414913283863753, "aggregation": "mean probability across all included stains/slides of same patient/anchor date", "exploratory_cv_not_independent_final_test": true}
HE augmentation: {"fold": 4, "seed": 11, "train_slides": 876, "eligible_he_train": 54, "unchanged_train": 822, "policy": "geometry", "total_views": 2, "he_original_probability": 0.5, "view_seed": 20672029, "val_test_original_only": true, "split_sha256": "243ac57cc6713d64f981ff2f3302d7cb7fb99353651be3240a04c73401cbbaea", "validation_used_for_checkpoint_selection": true, "independent_final_test": false}

Training Fold 4!

Init train/val/test splits... 
Done!
Training on 876 samples
Validating on 202 samples
Testing on 0 samples

Init loss function... Done!

Init Model... Setting tau to 1.0
Done!
CLAM_SB(
  (attention_net): Sequential(
    (0): Linear(in_features=1536, out_features=512, bias=True)
    (1): ReLU()
    (2): Dropout(p=0.25, inplace=False)
    (3): Attn_Net_Gated(
      (attention_a): Sequential(
        (0): Linear(in_features=512, out_features=256, bias=True)
        (1): Tanh()
        (2): Dropout(p=0.25, inplace=False)
      )
      (attention_b): Sequential(
        (0): Linear(in_features=512, out_features=256, bias=True)
        (1): Sigmoid()
        (2): Dropout(p=0.25, inplace=False)
      )
      (attention_c): Linear(in_features=256, out_features=1, bias=True)
    )
  )
  (classifiers): Linear(in_features=512, out_features=2, bias=True)
  (instance_classifiers): ModuleList(
    (0-1): 2 x Linear(in_features=512, out_features=2, bias=True)
  )
  (instance_loss_fn): SmoothTop1SVM()
)
Total number of parameters: 1052935
Total number of trainable parameters: 1052935

Init optimizer ... Done!

Init Loaders... Done!

Setup EarlyStopping... Done!


batch 19, loss: 0.3554, instance_loss: 0.1332, weighted_loss: 0.2887, label: 0, bag_size: 3670
batch 39, loss: 1.1350, instance_loss: 0.0538, weighted_loss: 0.8107, label: 1, bag_size: 5828
batch 59, loss: 0.3144, instance_loss: 0.0885, weighted_loss: 0.2466, label: 1, bag_size: 4365
batch 79, loss: 0.1643, instance_loss: 0.0437, weighted_loss: 0.1281, label: 1, bag_size: 4365
batch 99, loss: 0.6763, instance_loss: 0.0149, weighted_loss: 0.4779, label: 1, bag_size: 2637
batch 119, loss: 1.2858, instance_loss: 0.4997, weighted_loss: 1.0500, label: 1, bag_size: 22042
batch 139, loss: 0.2643, instance_loss: 0.3007, weighted_loss: 0.2752, label: 0, bag_size: 13054
batch 159, loss: 0.1077, instance_loss: 0.2246, weighted_loss: 0.1428, label: 0, bag_size: 9848
batch 179, loss: 0.5827, instance_loss: 0.1325, weighted_loss: 0.4476, label: 0, bag_size: 10176
batch 199, loss: 0.5216, instance_loss: 0.0741, weighted_loss: 0.3874, label: 1, bag_size: 3628
batch 219, loss: 0.9463, instance_loss: 0.0121, weighted_loss: 0.6660, label: 1, bag_size: 3354
batch 239, loss: 0.9106, instance_loss: 0.0156, weighted_loss: 0.6421, label: 1, bag_size: 10371
batch 259, loss: 0.5283, instance_loss: 0.0005, weighted_loss: 0.3700, label: 0, bag_size: 3064
batch 279, loss: 0.5651, instance_loss: 0.0331, weighted_loss: 0.4055, label: 0, bag_size: 21466
batch 299, loss: 0.3838, instance_loss: 0.0005, weighted_loss: 0.2688, label: 0, bag_size: 9767
batch 319, loss: 1.0885, instance_loss: 0.0259, weighted_loss: 0.7697, label: 1, bag_size: 22624
batch 339, loss: 0.1820, instance_loss: 0.0126, weighted_loss: 0.1312, label: 1, bag_size: 22624
batch 359, loss: 0.5272, instance_loss: 0.0865, weighted_loss: 0.3950, label: 1, bag_size: 4276
batch 379, loss: 0.0903, instance_loss: 0.0364, weighted_loss: 0.0741, label: 1, bag_size: 2644
batch 399, loss: 0.2586, instance_loss: 0.0241, weighted_loss: 0.1882, label: 0, bag_size: 56958
batch 419, loss: 0.3646, instance_loss: 0.0459, weighted_loss: 0.2690, label: 1, bag_size: 6028
batch 439, loss: 0.8922, instance_loss: 0.0283, weighted_loss: 0.6330, label: 1, bag_size: 10180
batch 459, loss: 0.5843, instance_loss: 0.0425, weighted_loss: 0.4217, label: 0, bag_size: 13621
batch 479, loss: 0.6609, instance_loss: 0.0131, weighted_loss: 0.4666, label: 1, bag_size: 3621
batch 499, loss: 0.5191, instance_loss: 0.0181, weighted_loss: 0.3688, label: 0, bag_size: 19493
batch 519, loss: 0.7447, instance_loss: 0.0178, weighted_loss: 0.5267, label: 1, bag_size: 5828
batch 539, loss: 0.5739, instance_loss: 0.0842, weighted_loss: 0.4270, label: 0, bag_size: 1620
batch 559, loss: 0.4317, instance_loss: 0.0617, weighted_loss: 0.3207, label: 0, bag_size: 15821
batch 579, loss: 0.6998, instance_loss: 0.0229, weighted_loss: 0.4967, label: 1, bag_size: 2671
batch 599, loss: 0.4061, instance_loss: 0.0056, weighted_loss: 0.2860, label: 0, bag_size: 1383
batch 619, loss: 0.9585, instance_loss: 0.0006, weighted_loss: 0.6711, label: 0, bag_size: 9320
batch 639, loss: 0.2575, instance_loss: 0.0030, weighted_loss: 0.1811, label: 1, bag_size: 6812
batch 659, loss: 0.5059, instance_loss: 0.0028, weighted_loss: 0.3550, label: 0, bag_size: 18913
batch 679, loss: 0.0866, instance_loss: 0.0301, weighted_loss: 0.0697, label: 0, bag_size: 2247
batch 699, loss: 0.8074, instance_loss: 0.0000, weighted_loss: 0.5652, label: 0, bag_size: 9320
batch 719, loss: 1.0760, instance_loss: 0.0111, weighted_loss: 0.7565, label: 0, bag_size: 1589
batch 739, loss: 0.8715, instance_loss: 0.0020, weighted_loss: 0.6107, label: 0, bag_size: 3305
batch 759, loss: 1.2272, instance_loss: 0.0040, weighted_loss: 0.8603, label: 1, bag_size: 3621
batch 779, loss: 1.2065, instance_loss: 0.0047, weighted_loss: 0.8459, label: 1, bag_size: 10371
batch 799, loss: 0.6451, instance_loss: 0.0032, weighted_loss: 0.4525, label: 0, bag_size: 13046
batch 819, loss: 0.4430, instance_loss: 0.0024, weighted_loss: 0.3108, label: 1, bag_size: 4276
batch 839, loss: 0.0890, instance_loss: 0.0046, weighted_loss: 0.0637, label: 0, bag_size: 15365
batch 859, loss: 0.5193, instance_loss: 0.0012, weighted_loss: 0.3639, label: 1, bag_size: 14528


class 0 clustering acc 0.9791666666666666: correct 6862/7008
class 1 clustering acc 0.9851598173515982: correct 6904/7008
Epoch: 0, train_loss: 0.6046, train_clustering_loss:  0.1161, train_error: 0.3436
class 0: acc 0.6984478935698448, correct 315/451
class 1: acc 0.611764705882353, correct 260/425

Val Set, val_loss: 0.4875, val_error: 0.1535, auc: 0.3819
class 0 clustering acc 1.0: correct 1616/1616
class 1 clustering acc 1.0: correct 1616/1616
class 0: acc 0.8592964824120602, correct 171/199
class 1: acc 0.0, correct 0/3
Validation loss decreased (inf --> 0.487495).  Saving model ...


batch 19, loss: 0.2335, instance_loss: 0.0011, weighted_loss: 0.1638, label: 0, bag_size: 5214
batch 39, loss: 0.6462, instance_loss: 0.0004, weighted_loss: 0.4525, label: 0, bag_size: 10474
batch 59, loss: 0.6049, instance_loss: 0.0020, weighted_loss: 0.4240, label: 1, bag_size: 9833
batch 79, loss: 0.4756, instance_loss: 0.0000, weighted_loss: 0.3329, label: 0, bag_size: 948
batch 99, loss: 1.0558, instance_loss: 0.0003, weighted_loss: 0.7392, label: 0, bag_size: 6362
batch 119, loss: 0.3504, instance_loss: 0.0042, weighted_loss: 0.2465, label: 0, bag_size: 1821
batch 139, loss: 1.2557, instance_loss: 0.0008, weighted_loss: 0.8792, label: 0, bag_size: 19660
batch 159, loss: 0.5608, instance_loss: 0.0036, weighted_loss: 0.3937, label: 1, bag_size: 4276
batch 179, loss: 0.1249, instance_loss: 0.0039, weighted_loss: 0.0886, label: 1, bag_size: 22042
batch 199, loss: 0.7256, instance_loss: 0.0080, weighted_loss: 0.5103, label: 1, bag_size: 2644
batch 219, loss: 0.4205, instance_loss: 0.0045, weighted_loss: 0.2957, label: 0, bag_size: 2269
batch 239, loss: 0.1712, instance_loss: 0.0088, weighted_loss: 0.1224, label: 1, bag_size: 14414
batch 259, loss: 0.0958, instance_loss: 0.0040, weighted_loss: 0.0683, label: 1, bag_size: 2637
batch 279, loss: 0.3494, instance_loss: 0.0006, weighted_loss: 0.2448, label: 0, bag_size: 11354
batch 299, loss: 0.0259, instance_loss: 0.0010, weighted_loss: 0.0185, label: 1, bag_size: 15079
batch 319, loss: 0.0232, instance_loss: 0.0046, weighted_loss: 0.0176, label: 0, bag_size: 2328
batch 339, loss: 1.4314, instance_loss: 0.0000, weighted_loss: 1.0020, label: 0, bag_size: 15093
batch 359, loss: 0.9083, instance_loss: 0.0012, weighted_loss: 0.6362, label: 0, bag_size: 20777
batch 379, loss: 0.1190, instance_loss: 0.0021, weighted_loss: 0.0839, label: 0, bag_size: 3130
batch 399, loss: 0.0415, instance_loss: 0.0051, weighted_loss: 0.0305, label: 1, bag_size: 13646
batch 419, loss: 0.0616, instance_loss: 0.0007, weighted_loss: 0.0433, label: 1, bag_size: 4563
batch 439, loss: 0.3213, instance_loss: 0.0007, weighted_loss: 0.2251, label: 0, bag_size: 3205
batch 459, loss: 0.0161, instance_loss: 0.0000, weighted_loss: 0.0112, label: 1, bag_size: 14763
batch 479, loss: 0.0731, instance_loss: 0.0171, weighted_loss: 0.0563, label: 0, bag_size: 9370
batch 499, loss: 0.0424, instance_loss: 0.0000, weighted_loss: 0.0297, label: 1, bag_size: 6344
batch 519, loss: 0.3257, instance_loss: 0.0019, weighted_loss: 0.2285, label: 1, bag_size: 2671
batch 539, loss: 0.1413, instance_loss: 0.0093, weighted_loss: 0.1017, label: 0, bag_size: 1358
batch 559, loss: 0.3184, instance_loss: 0.0002, weighted_loss: 0.2229, label: 1, bag_size: 3024
batch 579, loss: 1.2771, instance_loss: 0.0000, weighted_loss: 0.8939, label: 0, bag_size: 25603
batch 599, loss: 0.0750, instance_loss: 0.0026, weighted_loss: 0.0533, label: 1, bag_size: 5906
batch 619, loss: 0.5773, instance_loss: 0.0163, weighted_loss: 0.4090, label: 1, bag_size: 21609
batch 639, loss: 0.0096, instance_loss: 0.0004, weighted_loss: 0.0068, label: 1, bag_size: 2671
batch 659, loss: 1.0536, instance_loss: 0.0019, weighted_loss: 0.7381, label: 0, bag_size: 4029
batch 679, loss: 0.1416, instance_loss: 0.0107, weighted_loss: 0.1023, label: 1, bag_size: 7879
batch 699, loss: 0.3238, instance_loss: 0.0024, weighted_loss: 0.2274, label: 1, bag_size: 4492
batch 719, loss: 0.0100, instance_loss: 0.0000, weighted_loss: 0.0070, label: 0, bag_size: 20475
batch 739, loss: 0.0024, instance_loss: 0.0126, weighted_loss: 0.0055, label: 1, bag_size: 6028
batch 759, loss: 0.5007, instance_loss: 0.0018, weighted_loss: 0.3510, label: 1, bag_size: 4276
batch 779, loss: 0.0946, instance_loss: 0.0097, weighted_loss: 0.0691, label: 1, bag_size: 22399
batch 799, loss: 0.0196, instance_loss: 0.0036, weighted_loss: 0.0148, label: 0, bag_size: 2311
batch 819, loss: 1.2580, instance_loss: 0.0000, weighted_loss: 0.8806, label: 1, bag_size: 15079
batch 839, loss: 1.2008, instance_loss: 0.0013, weighted_loss: 0.8410, label: 1, bag_size: 3024
batch 859, loss: 0.0034, instance_loss: 0.0003, weighted_loss: 0.0025, label: 0, bag_size: 20395


class 0 clustering acc 0.9985730593607306: correct 6998/7008
class 1 clustering acc 1.0: correct 7008/7008
Epoch: 1, train_loss: 0.4398, train_clustering_loss:  0.0078, train_error: 0.2089
class 0: acc 0.7863849765258216, correct 335/426
class 1: acc 0.7955555555555556, correct 358/450

Val Set, val_loss: 0.2490, val_error: 0.0693, auc: 0.4992
class 0 clustering acc 1.0: correct 1616/1616
class 1 clustering acc 1.0: correct 1616/1616
class 0: acc 0.9447236180904522, correct 188/199
class 1: acc 0.0, correct 0/3
Validation loss decreased (0.487495 --> 0.249027).  Saving model ...


batch 19, loss: 0.3752, instance_loss: 0.0005, weighted_loss: 0.2628, label: 0, bag_size: 4096
batch 39, loss: 0.0671, instance_loss: 0.0008, weighted_loss: 0.0472, label: 0, bag_size: 9314
batch 59, loss: 2.9902, instance_loss: 0.0056, weighted_loss: 2.0948, label: 1, bag_size: 4365
batch 79, loss: 1.0882, instance_loss: 0.0000, weighted_loss: 0.7617, label: 0, bag_size: 8593
batch 99, loss: 0.1658, instance_loss: 0.0005, weighted_loss: 0.1162, label: 1, bag_size: 21952
batch 119, loss: 0.0498, instance_loss: 0.0004, weighted_loss: 0.0349, label: 1, bag_size: 22871
batch 139, loss: 0.1516, instance_loss: 0.0003, weighted_loss: 0.1062, label: 1, bag_size: 2637
batch 159, loss: 1.0371, instance_loss: 0.0065, weighted_loss: 0.7279, label: 1, bag_size: 12989
batch 179, loss: 0.7625, instance_loss: 0.0002, weighted_loss: 0.5338, label: 1, bag_size: 9833
batch 199, loss: 0.8417, instance_loss: 0.0002, weighted_loss: 0.5892, label: 0, bag_size: 3876
batch 219, loss: 0.1833, instance_loss: 0.0011, weighted_loss: 0.1286, label: 0, bag_size: 10708
batch 239, loss: 0.2747, instance_loss: 0.0008, weighted_loss: 0.1925, label: 1, bag_size: 4276
batch 259, loss: 0.0646, instance_loss: 0.0000, weighted_loss: 0.0452, label: 1, bag_size: 14763
batch 279, loss: 0.0605, instance_loss: 0.0005, weighted_loss: 0.0425, label: 1, bag_size: 14528
batch 299, loss: 0.0335, instance_loss: 0.0009, weighted_loss: 0.0237, label: 1, bag_size: 14318
batch 319, loss: 1.4446, instance_loss: 0.0008, weighted_loss: 1.0114, label: 0, bag_size: 14017
batch 339, loss: 1.2996, instance_loss: 0.0021, weighted_loss: 0.9103, label: 1, bag_size: 4365
batch 359, loss: 0.0176, instance_loss: 0.0122, weighted_loss: 0.0160, label: 1, bag_size: 21609
batch 379, loss: 0.0055, instance_loss: 0.0032, weighted_loss: 0.0048, label: 1, bag_size: 5956
batch 399, loss: 0.2536, instance_loss: 0.0000, weighted_loss: 0.1776, label: 0, bag_size: 9456
batch 419, loss: 0.1153, instance_loss: 0.0000, weighted_loss: 0.0807, label: 0, bag_size: 2974
batch 439, loss: 0.0564, instance_loss: 0.0007, weighted_loss: 0.0397, label: 0, bag_size: 14227
batch 459, loss: 0.0297, instance_loss: 0.0031, weighted_loss: 0.0217, label: 0, bag_size: 6907
batch 479, loss: 0.0028, instance_loss: 0.6027, weighted_loss: 0.1828, label: 0, bag_size: 112
batch 499, loss: 0.0155, instance_loss: 0.0009, weighted_loss: 0.0111, label: 0, bag_size: 3503
batch 519, loss: 0.0006, instance_loss: 0.0007, weighted_loss: 0.0007, label: 0, bag_size: 17729
batch 539, loss: 0.0438, instance_loss: 0.0008, weighted_loss: 0.0309, label: 0, bag_size: 13958
batch 559, loss: 0.0073, instance_loss: 0.0090, weighted_loss: 0.0078, label: 0, bag_size: 3859
batch 579, loss: 0.0011, instance_loss: 0.0000, weighted_loss: 0.0008, label: 1, bag_size: 4563
batch 599, loss: 0.0003, instance_loss: 0.0002, weighted_loss: 0.0003, label: 0, bag_size: 15634
batch 619, loss: 0.7674, instance_loss: 0.0107, weighted_loss: 0.5404, label: 0, bag_size: 3314
batch 639, loss: 0.0138, instance_loss: 0.0016, weighted_loss: 0.0102, label: 1, bag_size: 21609
batch 659, loss: 0.0259, instance_loss: 0.0007, weighted_loss: 0.0183, label: 0, bag_size: 20043
batch 679, loss: 0.0373, instance_loss: 0.0065, weighted_loss: 0.0281, label: 1, bag_size: 5906
batch 699, loss: 0.0038, instance_loss: 0.0000, weighted_loss: 0.0027, label: 1, bag_size: 13571
batch 719, loss: 0.1232, instance_loss: 0.0000, weighted_loss: 0.0863, label: 1, bag_size: 8663
batch 739, loss: 0.0031, instance_loss: 0.0013, weighted_loss: 0.0025, label: 0, bag_size: 1889
batch 759, loss: 0.0770, instance_loss: 0.0002, weighted_loss: 0.0539, label: 1, bag_size: 7879
batch 779, loss: 0.0232, instance_loss: 0.0000, weighted_loss: 0.0163, label: 1, bag_size: 5828
batch 799, loss: 0.5067, instance_loss: 0.0005, weighted_loss: 0.3548, label: 1, bag_size: 6812
batch 819, loss: 0.4016, instance_loss: 0.0004, weighted_loss: 0.2812, label: 0, bag_size: 2974
batch 839, loss: 0.0029, instance_loss: 0.0118, weighted_loss: 0.0055, label: 0, bag_size: 1218
batch 859, loss: 0.0409, instance_loss: 0.0000, weighted_loss: 0.0286, label: 1, bag_size: 15079


class 0 clustering acc 0.9995719178082192: correct 7005/7008
class 1 clustering acc 1.0: correct 7008/7008
Epoch: 2, train_loss: 0.2916, train_clustering_loss:  0.0029, train_error: 0.1187
class 0: acc 0.8851351351351351, correct 393/444
class 1: acc 0.8773148148148148, correct 379/432

Val Set, val_loss: 0.4545, val_error: 0.1881, auc: 0.3082
class 0 clustering acc 1.0: correct 1616/1616
class 1 clustering acc 0.9975247524752475: correct 1612/1616
class 0: acc 0.8241206030150754, correct 164/199
class 1: acc 0.0, correct 0/3
EarlyStopping counter: 1 out of 10


batch 19, loss: 0.4052, instance_loss: 0.0024, weighted_loss: 0.2843, label: 1, bag_size: 4365
batch 39, loss: 0.0428, instance_loss: 0.0023, weighted_loss: 0.0306, label: 0, bag_size: 1539
batch 59, loss: 0.2510, instance_loss: 0.0000, weighted_loss: 0.1757, label: 1, bag_size: 7879
batch 79, loss: 0.0172, instance_loss: 0.0000, weighted_loss: 0.0120, label: 0, bag_size: 2009
batch 99, loss: 0.0069, instance_loss: 0.0013, weighted_loss: 0.0052, label: 0, bag_size: 1889
batch 119, loss: 0.2070, instance_loss: 0.0000, weighted_loss: 0.1449, label: 1, bag_size: 4276
batch 139, loss: 0.0092, instance_loss: 0.0000, weighted_loss: 0.0065, label: 1, bag_size: 13571
batch 159, loss: 0.0123, instance_loss: 0.0004, weighted_loss: 0.0087, label: 0, bag_size: 9172
batch 179, loss: 0.1221, instance_loss: 0.0007, weighted_loss: 0.0857, label: 1, bag_size: 22399
batch 199, loss: 0.0003, instance_loss: 0.0000, weighted_loss: 0.0002, label: 0, bag_size: 16707
batch 219, loss: 0.0795, instance_loss: 0.0000, weighted_loss: 0.0556, label: 0, bag_size: 16076
batch 239, loss: 0.0001, instance_loss: 0.0002, weighted_loss: 0.0001, label: 0, bag_size: 17035
batch 259, loss: 0.0139, instance_loss: 0.0000, weighted_loss: 0.0098, label: 1, bag_size: 3628
batch 279, loss: 0.0738, instance_loss: 0.0030, weighted_loss: 0.0526, label: 1, bag_size: 4492
batch 299, loss: 0.0547, instance_loss: 0.0033, weighted_loss: 0.0393, label: 0, bag_size: 11242
batch 319, loss: 0.0179, instance_loss: 0.0003, weighted_loss: 0.0126, label: 1, bag_size: 4276
batch 339, loss: 0.2806, instance_loss: 0.0012, weighted_loss: 0.1968, label: 1, bag_size: 14318
batch 359, loss: 0.5541, instance_loss: 0.0003, weighted_loss: 0.3880, label: 0, bag_size: 15340
batch 379, loss: 0.5955, instance_loss: 0.0981, weighted_loss: 0.4462, label: 1, bag_size: 3411
batch 399, loss: 0.0352, instance_loss: 0.0000, weighted_loss: 0.0246, label: 1, bag_size: 22624
batch 419, loss: 0.4987, instance_loss: 0.0000, weighted_loss: 0.3491, label: 0, bag_size: 14901
batch 439, loss: 0.0320, instance_loss: 0.0000, weighted_loss: 0.0224, label: 1, bag_size: 3354
batch 459, loss: 0.1571, instance_loss: 0.0000, weighted_loss: 0.1100, label: 0, bag_size: 16133
batch 479, loss: 0.1172, instance_loss: 0.0010, weighted_loss: 0.0824, label: 1, bag_size: 22399
batch 499, loss: 0.0325, instance_loss: 0.0000, weighted_loss: 0.0227, label: 1, bag_size: 5828
batch 519, loss: 0.0554, instance_loss: 0.0000, weighted_loss: 0.0388, label: 1, bag_size: 16197
batch 539, loss: 0.1160, instance_loss: 0.0012, weighted_loss: 0.0815, label: 1, bag_size: 14318
batch 559, loss: 0.0388, instance_loss: 0.0028, weighted_loss: 0.0280, label: 0, bag_size: 2887
batch 579, loss: 0.4111, instance_loss: 0.0000, weighted_loss: 0.2878, label: 1, bag_size: 5082
batch 599, loss: 0.0326, instance_loss: 0.0000, weighted_loss: 0.0228, label: 1, bag_size: 10371
batch 619, loss: 0.0069, instance_loss: 0.0004, weighted_loss: 0.0049, label: 0, bag_size: 6073
batch 639, loss: 0.0024, instance_loss: 0.0000, weighted_loss: 0.0017, label: 1, bag_size: 2853
batch 659, loss: 0.0057, instance_loss: 0.0000, weighted_loss: 0.0040, label: 1, bag_size: 22624
batch 679, loss: 0.0000, instance_loss: 0.0000, weighted_loss: 0.0000, label: 0, bag_size: 15501
batch 699, loss: 0.0270, instance_loss: 0.0006, weighted_loss: 0.0191, label: 1, bag_size: 13646
batch 719, loss: 0.5139, instance_loss: 0.0000, weighted_loss: 0.3597, label: 0, bag_size: 4777
batch 739, loss: 0.1619, instance_loss: 0.0150, weighted_loss: 0.1178, label: 0, bag_size: 1011
batch 759, loss: 0.0001, instance_loss: 0.0012, weighted_loss: 0.0005, label: 0, bag_size: 1008
batch 779, loss: 0.0042, instance_loss: 0.0000, weighted_loss: 0.0029, label: 1, bag_size: 3628
batch 799, loss: 0.0069, instance_loss: 0.0000, weighted_loss: 0.0048, label: 1, bag_size: 14528
batch 819, loss: 0.0047, instance_loss: 0.0029, weighted_loss: 0.0042, label: 0, bag_size: 3230
batch 839, loss: 0.0291, instance_loss: 0.0065, weighted_loss: 0.0223, label: 0, bag_size: 5342
batch 859, loss: 0.0005, instance_loss: 0.0017, weighted_loss: 0.0009, label: 0, bag_size: 9856


class 0 clustering acc 0.9997146118721462: correct 7006/7008
class 1 clustering acc 0.9997146118721462: correct 7006/7008
Epoch: 3, train_loss: 0.1289, train_clustering_loss:  0.0028, train_error: 0.0479
class 0: acc 0.9372093023255814, correct 403/430
class 1: acc 0.9663677130044843, correct 431/446

Val Set, val_loss: 0.3585, val_error: 0.0990, auc: 0.2831
class 0 clustering acc 1.0: correct 1616/1616
class 1 clustering acc 0.9956683168316832: correct 1609/1616
class 0: acc 0.914572864321608, correct 182/199
class 1: acc 0.0, correct 0/3
EarlyStopping counter: 2 out of 10


batch 19, loss: 0.0063, instance_loss: 0.0011, weighted_loss: 0.0047, label: 1, bag_size: 2671
batch 39, loss: 0.0116, instance_loss: 0.0003, weighted_loss: 0.0082, label: 1, bag_size: 2644
batch 59, loss: 0.0008, instance_loss: 0.0002, weighted_loss: 0.0006, label: 0, bag_size: 6449
batch 79, loss: 0.0099, instance_loss: 0.0013, weighted_loss: 0.0073, label: 1, bag_size: 6028
batch 99, loss: 0.0152, instance_loss: 0.1582, weighted_loss: 0.0581, label: 1, bag_size: 1140
batch 119, loss: 0.0355, instance_loss: 0.0091, weighted_loss: 0.0276, label: 1, bag_size: 1140
batch 139, loss: 0.0087, instance_loss: 0.0000, weighted_loss: 0.0061, label: 1, bag_size: 16197
batch 159, loss: 0.0011, instance_loss: 0.0000, weighted_loss: 0.0008, label: 0, bag_size: 16977
batch 179, loss: 0.0038, instance_loss: 0.0000, weighted_loss: 0.0027, label: 1, bag_size: 6344
batch 199, loss: 0.0066, instance_loss: 0.0018, weighted_loss: 0.0052, label: 1, bag_size: 1140
batch 219, loss: 0.0001, instance_loss: 0.0000, weighted_loss: 0.0001, label: 0, bag_size: 16074
batch 239, loss: 0.0002, instance_loss: 0.0000, weighted_loss: 0.0002, label: 0, bag_size: 1291
batch 259, loss: 0.0010, instance_loss: 0.0020, weighted_loss: 0.0013, label: 0, bag_size: 1620
batch 279, loss: 0.0000, instance_loss: 0.0000, weighted_loss: 0.0000, label: 0, bag_size: 16737
batch 299, loss: 0.0743, instance_loss: 0.0000, weighted_loss: 0.0520, label: 1, bag_size: 14763
batch 319, loss: 0.0000, instance_loss: 0.0000, weighted_loss: 0.0000, label: 0, bag_size: 13691
batch 339, loss: 0.0005, instance_loss: 0.0009, weighted_loss: 0.0006, label: 0, bag_size: 39556
batch 359, loss: 0.0000, instance_loss: 0.0000, weighted_loss: 0.0000, label: 0, bag_size: 17043
batch 379, loss: 0.0000, instance_loss: 0.0002, weighted_loss: 0.0001, label: 0, bag_size: 13470
batch 399, loss: 0.0000, instance_loss: 0.0000, weighted_loss: 0.0000, label: 0, bag_size: 13275
batch 419, loss: 0.0026, instance_loss: 0.0064, weighted_loss: 0.0037, label: 1, bag_size: 6344
batch 439, loss: 0.0001, instance_loss: 0.0000, weighted_loss: 0.0001, label: 0, bag_size: 7427
batch 459, loss: 0.0035, instance_loss: 0.0006, weighted_loss: 0.0027, label: 0, bag_size: 6374
batch 479, loss: 0.0050, instance_loss: 0.0027, weighted_loss: 0.0043, label: 1, bag_size: 21609
batch 499, loss: 0.0003, instance_loss: 0.0003, weighted_loss: 0.0003, label: 0, bag_size: 1640
batch 519, loss: 0.0000, instance_loss: 0.0000, weighted_loss: 0.0000, label: 0, bag_size: 8719
batch 539, loss: 0.0052, instance_loss: 0.0078, weighted_loss: 0.0060, label: 1, bag_size: 6028
batch 559, loss: 0.0341, instance_loss: 0.0043, weighted_loss: 0.0251, label: 1, bag_size: 2671
batch 579, loss: 0.0215, instance_loss: 0.0009, weighted_loss: 0.0153, label: 1, bag_size: 2644
batch 599, loss: 0.1728, instance_loss: 0.0000, weighted_loss: 0.1210, label: 1, bag_size: 7733
batch 619, loss: 1.9696, instance_loss: 0.0000, weighted_loss: 1.3787, label: 0, bag_size: 14853
batch 639, loss: 0.0053, instance_loss: 0.0004, weighted_loss: 0.0038, label: 1, bag_size: 21609
batch 659, loss: 0.0136, instance_loss: 0.0073, weighted_loss: 0.0117, label: 1, bag_size: 3628
batch 679, loss: 0.0001, instance_loss: 0.0000, weighted_loss: 0.0000, label: 0, bag_size: 19205
batch 699, loss: 0.0011, instance_loss: 0.0002, weighted_loss: 0.0009, label: 1, bag_size: 6028
batch 719, loss: 0.0004, instance_loss: 0.0000, weighted_loss: 0.0003, label: 0, bag_size: 1227
batch 739, loss: 0.4217, instance_loss: 0.0000, weighted_loss: 0.2952, label: 1, bag_size: 18621
batch 759, loss: 0.0110, instance_loss: 0.0000, weighted_loss: 0.0077, label: 1, bag_size: 14528
batch 779, loss: 0.0110, instance_loss: 0.0008, weighted_loss: 0.0079, label: 1, bag_size: 6344
batch 799, loss: 0.0003, instance_loss: 0.0000, weighted_loss: 0.0002, label: 0, bag_size: 5375
batch 819, loss: 0.0008, instance_loss: 0.0000, weighted_loss: 0.0006, label: 0, bag_size: 12427
batch 839, loss: 0.0034, instance_loss: 0.0000, weighted_loss: 0.0024, label: 1, bag_size: 15079
batch 859, loss: 0.0024, instance_loss: 0.0000, weighted_loss: 0.0016, label: 1, bag_size: 13646


class 0 clustering acc 1.0: correct 7008/7008
class 1 clustering acc 1.0: correct 7008/7008
Epoch: 4, train_loss: 0.0881, train_clustering_loss:  0.0012, train_error: 0.0342
class 0: acc 0.9608695652173913, correct 442/460
class 1: acc 0.9711538461538461, correct 404/416

Val Set, val_loss: 0.4363, val_error: 0.1436, auc: 0.2580
class 0 clustering acc 1.0: correct 1616/1616
class 1 clustering acc 1.0: correct 1616/1616
class 0: acc 0.8693467336683417, correct 173/199
class 1: acc 0.0, correct 0/3
EarlyStopping counter: 3 out of 10


batch 19, loss: 0.0046, instance_loss: 0.0004, weighted_loss: 0.0033, label: 1, bag_size: 12989
batch 39, loss: 1.0164, instance_loss: 0.0011, weighted_loss: 0.7118, label: 0, bag_size: 16464
batch 59, loss: 0.0105, instance_loss: 0.0004, weighted_loss: 0.0075, label: 0, bag_size: 5791
batch 79, loss: 0.0021, instance_loss: 0.0004, weighted_loss: 0.0016, label: 1, bag_size: 12989
batch 99, loss: 0.0055, instance_loss: 0.0007, weighted_loss: 0.0040, label: 1, bag_size: 14318
batch 119, loss: 0.0033, instance_loss: 0.0000, weighted_loss: 0.0023, label: 1, bag_size: 4276
batch 139, loss: 0.0387, instance_loss: 0.0020, weighted_loss: 0.0277, label: 0, bag_size: 5624
batch 159, loss: 0.0092, instance_loss: 0.0000, weighted_loss: 0.0064, label: 0, bag_size: 3506
batch 179, loss: 0.0000, instance_loss: 0.0000, weighted_loss: 0.0000, label: 0, bag_size: 15634
batch 199, loss: 0.0014, instance_loss: 0.0000, weighted_loss: 0.0010, label: 1, bag_size: 22624
batch 219, loss: 0.0592, instance_loss: 0.0013, weighted_loss: 0.0418, label: 1, bag_size: 2644
batch 239, loss: 5.7718, instance_loss: 0.0000, weighted_loss: 4.0403, label: 0, bag_size: 15253
batch 259, loss: 0.0163, instance_loss: 0.0000, weighted_loss: 0.0114, label: 0, bag_size: 14464
batch 279, loss: 0.0002, instance_loss: 0.0000, weighted_loss: 0.0001, label: 0, bag_size: 5483
batch 299, loss: 0.0111, instance_loss: 0.0000, weighted_loss: 0.0077, label: 1, bag_size: 2637
batch 319, loss: 0.0178, instance_loss: 0.0000, weighted_loss: 0.0125, label: 1, bag_size: 10180
batch 339, loss: 0.0837, instance_loss: 0.0000, weighted_loss: 0.0586, label: 1, bag_size: 6812
batch 359, loss: 0.3491, instance_loss: 0.0000, weighted_loss: 0.2443, label: 0, bag_size: 14591
batch 379, loss: 0.0039, instance_loss: 0.0000, weighted_loss: 0.0027, label: 1, bag_size: 5906
batch 399, loss: 0.0210, instance_loss: 0.0000, weighted_loss: 0.0147, label: 1, bag_size: 14763
batch 419, loss: 0.1209, instance_loss: 0.0000, weighted_loss: 0.0846, label: 0, bag_size: 1456
batch 439, loss: 0.0000, instance_loss: 0.0000, weighted_loss: 0.0000, label: 0, bag_size: 3129
batch 459, loss: 0.0156, instance_loss: 0.0000, weighted_loss: 0.0109, label: 1, bag_size: 22624
batch 479, loss: 0.0000, instance_loss: 0.0000, weighted_loss: 0.0000, label: 0, bag_size: 3019
batch 499, loss: 0.0137, instance_loss: 0.0022, weighted_loss: 0.0103, label: 1, bag_size: 5956
batch 519, loss: 0.0113, instance_loss: 0.0000, weighted_loss: 0.0079, label: 1, bag_size: 2853
batch 539, loss: 0.0041, instance_loss: 0.0000, weighted_loss: 0.0029, label: 1, bag_size: 4563
batch 559, loss: 0.0612, instance_loss: 0.0000, weighted_loss: 0.0429, label: 1, bag_size: 5828
batch 579, loss: 0.0883, instance_loss: 0.0000, weighted_loss: 0.0618, label: 0, bag_size: 21466
batch 599, loss: 0.0000, instance_loss: 0.0000, weighted_loss: 0.0000, label: 0, bag_size: 5315
batch 619, loss: 0.0003, instance_loss: 0.0000, weighted_loss: 0.0002, label: 0, bag_size: 4544
batch 639, loss: 0.0027, instance_loss: 0.0000, weighted_loss: 0.0019, label: 1, bag_size: 2853
batch 659, loss: 0.0049, instance_loss: 0.0000, weighted_loss: 0.0034, label: 1, bag_size: 21609
batch 679, loss: 0.0005, instance_loss: 0.0000, weighted_loss: 0.0003, label: 1, bag_size: 4563
batch 699, loss: 0.0005, instance_loss: 0.0000, weighted_loss: 0.0004, label: 1, bag_size: 5828
batch 719, loss: 0.0286, instance_loss: 0.0000, weighted_loss: 0.0200, label: 1, bag_size: 21952
batch 739, loss: 0.0024, instance_loss: 0.0000, weighted_loss: 0.0017, label: 0, bag_size: 3003
batch 759, loss: 0.0043, instance_loss: 0.0000, weighted_loss: 0.0030, label: 1, bag_size: 14763
batch 779, loss: 0.0037, instance_loss: 0.0000, weighted_loss: 0.0026, label: 1, bag_size: 13646
batch 799, loss: 0.0008, instance_loss: 0.0000, weighted_loss: 0.0005, label: 1, bag_size: 3628
batch 819, loss: 0.0001, instance_loss: 0.0002, weighted_loss: 0.0001, label: 0, bag_size: 4983
batch 839, loss: 0.0005, instance_loss: 0.0010, weighted_loss: 0.0007, label: 1, bag_size: 3621
batch 859, loss: 0.0082, instance_loss: 0.0005, weighted_loss: 0.0059, label: 1, bag_size: 6812


class 0 clustering acc 1.0: correct 7008/7008
class 1 clustering acc 1.0: correct 7008/7008
Epoch: 5, train_loss: 0.0702, train_clustering_loss:  0.0004, train_error: 0.0217
class 0: acc 0.9682151589242054, correct 396/409
class 1: acc 0.987152034261242, correct 461/467

Val Set, val_loss: 0.3114, val_error: 0.0842, auc: 0.2781
class 0 clustering acc 1.0: correct 1616/1616
class 1 clustering acc 1.0: correct 1616/1616
class 0: acc 0.9296482412060302, correct 185/199
class 1: acc 0.0, correct 0/3
EarlyStopping counter: 4 out of 10


batch 19, loss: 0.0023, instance_loss: 0.0000, weighted_loss: 0.0016, label: 0, bag_size: 2038
batch 39, loss: 0.0005, instance_loss: 0.0002, weighted_loss: 0.0004, label: 1, bag_size: 5906
batch 59, loss: 0.0464, instance_loss: 0.0049, weighted_loss: 0.0340, label: 1, bag_size: 21609
batch 79, loss: 0.0592, instance_loss: 0.0000, weighted_loss: 0.0415, label: 1, bag_size: 22042
batch 99, loss: 0.0000, instance_loss: 0.0000, weighted_loss: 0.0000, label: 0, bag_size: 5161
batch 119, loss: 0.0023, instance_loss: 0.0000, weighted_loss: 0.0016, label: 1, bag_size: 13571
batch 139, loss: 0.0000, instance_loss: 0.0000, weighted_loss: 0.0000, label: 0, bag_size: 4256
batch 159, loss: 0.0013, instance_loss: 0.0000, weighted_loss: 0.0009, label: 0, bag_size: 6362
batch 179, loss: 0.0016, instance_loss: 0.0000, weighted_loss: 0.0011, label: 1, bag_size: 14528
batch 199, loss: 0.0053, instance_loss: 0.0000, weighted_loss: 0.0037, label: 1, bag_size: 8663
batch 219, loss: 0.0146, instance_loss: 0.0000, weighted_loss: 0.0102, label: 1, bag_size: 21952
batch 239, loss: 0.0043, instance_loss: 0.0000, weighted_loss: 0.0030, label: 1, bag_size: 9833
batch 259, loss: 0.0029, instance_loss: 0.0000, weighted_loss: 0.0020, label: 1, bag_size: 5082
batch 279, loss: 0.0000, instance_loss: 0.0000, weighted_loss: 0.0000, label: 0, bag_size: 11354
batch 299, loss: 0.0022, instance_loss: 0.0000, weighted_loss: 0.0015, label: 1, bag_size: 14318
batch 319, loss: 0.0003, instance_loss: 0.0013, weighted_loss: 0.0006, label: 0, bag_size: 5006
batch 339, loss: 0.0253, instance_loss: 0.0014, weighted_loss: 0.0181, label: 1, bag_size: 2644
batch 359, loss: 0.0036, instance_loss: 0.0064, weighted_loss: 0.0045, label: 1, bag_size: 2671
batch 379, loss: 0.0058, instance_loss: 0.0000, weighted_loss: 0.0041, label: 1, bag_size: 6028
batch 399, loss: 0.0183, instance_loss: 0.0000, weighted_loss: 0.0128, label: 1, bag_size: 2637
batch 419, loss: 0.0016, instance_loss: 0.0010, weighted_loss: 0.0014, label: 1, bag_size: 2671
batch 439, loss: 0.0001, instance_loss: 0.0000, weighted_loss: 0.0001, label: 1, bag_size: 3621
batch 459, loss: 0.0011, instance_loss: 0.0000, weighted_loss: 0.0008, label: 1, bag_size: 22624
batch 479, loss: 0.0003, instance_loss: 0.0000, weighted_loss: 0.0002, label: 0, bag_size: 5464
batch 499, loss: 0.0016, instance_loss: 0.0000, weighted_loss: 0.0011, label: 1, bag_size: 22624
batch 519, loss: 0.0002, instance_loss: 0.0000, weighted_loss: 0.0001, label: 0, bag_size: 7533
batch 539, loss: 0.0205, instance_loss: 0.0000, weighted_loss: 0.0144, label: 1, bag_size: 22399
batch 559, loss: 0.0001, instance_loss: 0.0002, weighted_loss: 0.0001, label: 0, bag_size: 9262
batch 579, loss: 0.0751, instance_loss: 0.0000, weighted_loss: 0.0526, label: 1, bag_size: 21609
batch 599, loss: 0.0279, instance_loss: 0.0000, weighted_loss: 0.0195, label: 0, bag_size: 17460
batch 619, loss: 0.0000, instance_loss: 0.0000, weighted_loss: 0.0000, label: 0, bag_size: 14428
batch 639, loss: 0.0002, instance_loss: 0.0000, weighted_loss: 0.0001, label: 1, bag_size: 13571
batch 659, loss: 0.2436, instance_loss: 0.0000, weighted_loss: 0.1705, label: 1, bag_size: 18621
batch 679, loss: 0.0027, instance_loss: 0.0009, weighted_loss: 0.0021, label: 1, bag_size: 3024
batch 699, loss: 0.0117, instance_loss: 0.0000, weighted_loss: 0.0082, label: 1, bag_size: 14528
batch 719, loss: 0.0006, instance_loss: 0.0000, weighted_loss: 0.0004, label: 1, bag_size: 4276
batch 739, loss: 0.0009, instance_loss: 0.0002, weighted_loss: 0.0007, label: 1, bag_size: 4365
batch 759, loss: 3.5100, instance_loss: 0.0000, weighted_loss: 2.4570, label: 1, bag_size: 22624
batch 779, loss: 0.0021, instance_loss: 0.0000, weighted_loss: 0.0015, label: 1, bag_size: 5082
batch 799, loss: 0.0001, instance_loss: 0.0015, weighted_loss: 0.0005, label: 1, bag_size: 7733
batch 819, loss: 0.0000, instance_loss: 0.0000, weighted_loss: 0.0000, label: 0, bag_size: 3383
batch 839, loss: 0.0000, instance_loss: 0.0000, weighted_loss: 0.0000, label: 1, bag_size: 5828
batch 859, loss: 0.0021, instance_loss: 0.0000, weighted_loss: 0.0015, label: 0, bag_size: 16657


class 0 clustering acc 1.0: correct 7008/7008
class 1 clustering acc 1.0: correct 7008/7008
Epoch: 6, train_loss: 0.0680, train_clustering_loss:  0.0011, train_error: 0.0228
class 0: acc 0.98, correct 441/450
class 1: acc 0.9741784037558685, correct 415/426

Val Set, val_loss: 0.3564, val_error: 0.1040, auc: 0.2194
class 0 clustering acc 1.0: correct 1616/1616
class 1 clustering acc 1.0: correct 1616/1616
class 0: acc 0.9095477386934674, correct 181/199
class 1: acc 0.0, correct 0/3
EarlyStopping counter: 5 out of 10


batch 19, loss: 0.0069, instance_loss: 0.0000, weighted_loss: 0.0048, label: 1, bag_size: 2637
batch 39, loss: 0.0285, instance_loss: 0.0000, weighted_loss: 0.0199, label: 1, bag_size: 10371
batch 59, loss: 0.0001, instance_loss: 0.0000, weighted_loss: 0.0001, label: 0, bag_size: 6399
batch 79, loss: 0.0004, instance_loss: 0.0000, weighted_loss: 0.0003, label: 0, bag_size: 9456
batch 99, loss: 0.0009, instance_loss: 0.0002, weighted_loss: 0.0007, label: 0, bag_size: 13971
batch 119, loss: 0.0013, instance_loss: 0.0000, weighted_loss: 0.0009, label: 1, bag_size: 15079
batch 139, loss: 0.7905, instance_loss: 0.0002, weighted_loss: 0.5534, label: 0, bag_size: 15270
batch 159, loss: 0.0199, instance_loss: 0.0000, weighted_loss: 0.0139, label: 1, bag_size: 14763
batch 179, loss: 0.0411, instance_loss: 0.0000, weighted_loss: 0.0288, label: 1, bag_size: 10371
batch 199, loss: 0.0094, instance_loss: 0.0007, weighted_loss: 0.0068, label: 0, bag_size: 8728
batch 219, loss: 0.0043, instance_loss: 0.0003, weighted_loss: 0.0031, label: 1, bag_size: 2671
batch 239, loss: 0.0561, instance_loss: 0.0000, weighted_loss: 0.0392, label: 1, bag_size: 21609
batch 259, loss: 0.0003, instance_loss: 0.0000, weighted_loss: 0.0002, label: 0, bag_size: 10620
batch 279, loss: 0.0024, instance_loss: 0.0000, weighted_loss: 0.0017, label: 1, bag_size: 10180
batch 299, loss: 0.0002, instance_loss: 0.0000, weighted_loss: 0.0001, label: 0, bag_size: 2770
batch 319, loss: 0.0002, instance_loss: 0.0002, weighted_loss: 0.0002, label: 1, bag_size: 4563
batch 339, loss: 0.0053, instance_loss: 0.0002, weighted_loss: 0.0038, label: 1, bag_size: 5956
batch 359, loss: 0.0000, instance_loss: 0.0000, weighted_loss: 0.0000, label: 0, bag_size: 3670
batch 379, loss: 0.0000, instance_loss: 0.0000, weighted_loss: 0.0000, label: 0, bag_size: 20383
batch 399, loss: 0.0000, instance_loss: 0.0000, weighted_loss: 0.0000, label: 0, bag_size: 13564
batch 419, loss: 0.0002, instance_loss: 0.0000, weighted_loss: 0.0001, label: 0, bag_size: 15914
batch 439, loss: 0.0001, instance_loss: 0.0000, weighted_loss: 0.0001, label: 0, bag_size: 5348
batch 459, loss: 0.0264, instance_loss: 0.0000, weighted_loss: 0.0185, label: 1, bag_size: 16197
batch 479, loss: 0.0001, instance_loss: 0.0004, weighted_loss: 0.0002, label: 0, bag_size: 17336
batch 499, loss: 0.0596, instance_loss: 0.0002, weighted_loss: 0.0418, label: 0, bag_size: 20621
batch 519, loss: 0.0144, instance_loss: 0.0000, weighted_loss: 0.0101, label: 0, bag_size: 5791
batch 539, loss: 0.0207, instance_loss: 0.0000, weighted_loss: 0.0145, label: 0, bag_size: 4349
batch 559, loss: 0.0008, instance_loss: 0.0007, weighted_loss: 0.0008, label: 1, bag_size: 3621
batch 579, loss: 0.0000, instance_loss: 0.0011, weighted_loss: 0.0003, label: 0, bag_size: 15060
batch 599, loss: 0.0002, instance_loss: 0.0026, weighted_loss: 0.0009, label: 0, bag_size: 1404
batch 619, loss: 0.0000, instance_loss: 0.0000, weighted_loss: 0.0000, label: 0, bag_size: 2095
batch 639, loss: 0.0073, instance_loss: 0.0000, weighted_loss: 0.0051, label: 1, bag_size: 22399
batch 659, loss: 0.0612, instance_loss: 0.0000, weighted_loss: 0.0428, label: 1, bag_size: 18621
batch 679, loss: 0.0052, instance_loss: 0.0000, weighted_loss: 0.0037, label: 1, bag_size: 6812
batch 699, loss: 0.0152, instance_loss: 0.0006, weighted_loss: 0.0109, label: 1, bag_size: 6023
batch 719, loss: 0.0001, instance_loss: 0.0000, weighted_loss: 0.0001, label: 1, bag_size: 4276
batch 739, loss: 0.1333, instance_loss: 0.0003, weighted_loss: 0.0934, label: 0, bag_size: 14591
batch 759, loss: 0.0018, instance_loss: 0.0000, weighted_loss: 0.0013, label: 1, bag_size: 3621
batch 779, loss: 0.0034, instance_loss: 0.0000, weighted_loss: 0.0024, label: 1, bag_size: 14318
batch 799, loss: 0.0090, instance_loss: 0.0000, weighted_loss: 0.0063, label: 1, bag_size: 22399
batch 819, loss: 0.0001, instance_loss: 0.0000, weighted_loss: 0.0001, label: 0, bag_size: 5456
batch 839, loss: 0.0001, instance_loss: 0.0000, weighted_loss: 0.0001, label: 0, bag_size: 2999
batch 859, loss: 0.0001, instance_loss: 0.0000, weighted_loss: 0.0001, label: 0, bag_size: 2936


class 0 clustering acc 0.9995719178082192: correct 7005/7008
class 1 clustering acc 1.0: correct 7008/7008
Epoch: 7, train_loss: 0.0588, train_clustering_loss:  0.0013, train_error: 0.0217
class 0: acc 0.9723502304147466, correct 422/434
class 1: acc 0.9841628959276018, correct 435/442

Val Set, val_loss: 0.3323, val_error: 0.0792, auc: 0.2680
class 0 clustering acc 1.0: correct 1616/1616
class 1 clustering acc 1.0: correct 1616/1616
class 0: acc 0.9346733668341709, correct 186/199
class 1: acc 0.0, correct 0/3
EarlyStopping counter: 6 out of 10


batch 19, loss: 0.0001, instance_loss: 0.0000, weighted_loss: 0.0001, label: 0, bag_size: 8781
batch 39, loss: 0.0001, instance_loss: 0.0000, weighted_loss: 0.0001, label: 1, bag_size: 6028
batch 59, loss: 0.0000, instance_loss: 0.0000, weighted_loss: 0.0000, label: 0, bag_size: 3003
batch 79, loss: 0.0003, instance_loss: 0.0003, weighted_loss: 0.0003, label: 0, bag_size: 3037
batch 99, loss: 0.0002, instance_loss: 0.0000, weighted_loss: 0.0001, label: 0, bag_size: 9214
batch 119, loss: 0.0001, instance_loss: 0.0005, weighted_loss: 0.0002, label: 0, bag_size: 4983
batch 139, loss: 0.0000, instance_loss: 0.0000, weighted_loss: 0.0000, label: 0, bag_size: 23082
batch 159, loss: 0.0005, instance_loss: 0.0000, weighted_loss: 0.0003, label: 1, bag_size: 2637
batch 179, loss: 0.0175, instance_loss: 0.0000, weighted_loss: 0.0123, label: 1, bag_size: 5828
batch 199, loss: 0.0001, instance_loss: 0.0000, weighted_loss: 0.0001, label: 1, bag_size: 5906
batch 219, loss: 0.0178, instance_loss: 0.0034, weighted_loss: 0.0135, label: 1, bag_size: 13646
batch 239, loss: 0.0999, instance_loss: 0.0002, weighted_loss: 0.0700, label: 1, bag_size: 12989
batch 259, loss: 0.0006, instance_loss: 0.0004, weighted_loss: 0.0005, label: 0, bag_size: 1114
batch 279, loss: 0.0000, instance_loss: 0.0000, weighted_loss: 0.0000, label: 0, bag_size: 3969
batch 299, loss: 0.0033, instance_loss: 0.0000, weighted_loss: 0.0023, label: 1, bag_size: 3411
batch 319, loss: 0.0066, instance_loss: 0.0000, weighted_loss: 0.0046, label: 0, bag_size: 1768
batch 339, loss: 0.0006, instance_loss: 0.0002, weighted_loss: 0.0005, label: 1, bag_size: 3411
batch 359, loss: 0.0007, instance_loss: 0.0000, weighted_loss: 0.0005, label: 1, bag_size: 3024
batch 379, loss: 0.0031, instance_loss: 0.0000, weighted_loss: 0.0022, label: 0, bag_size: 3559
batch 399, loss: 0.0045, instance_loss: 0.0000, weighted_loss: 0.0032, label: 1, bag_size: 3411
batch 419, loss: 0.0000, instance_loss: 0.0000, weighted_loss: 0.0000, label: 0, bag_size: 16288
batch 439, loss: 0.0019, instance_loss: 0.0000, weighted_loss: 0.0013, label: 0, bag_size: 5661
batch 459, loss: 0.1514, instance_loss: 0.0004, weighted_loss: 0.1061, label: 0, bag_size: 1698
batch 479, loss: 0.0008, instance_loss: 0.0064, weighted_loss: 0.0025, label: 0, bag_size: 2870
batch 499, loss: 0.0057, instance_loss: 0.0000, weighted_loss: 0.0040, label: 1, bag_size: 10180
batch 519, loss: 0.0000, instance_loss: 0.0010, weighted_loss: 0.0003, label: 0, bag_size: 5786
batch 539, loss: 0.0000, instance_loss: 0.0000, weighted_loss: 0.0000, label: 0, bag_size: 18455
batch 559, loss: 0.0041, instance_loss: 0.0000, weighted_loss: 0.0028, label: 1, bag_size: 7879
batch 579, loss: 0.0000, instance_loss: 0.0000, weighted_loss: 0.0000, label: 0, bag_size: 11919
batch 599, loss: 0.0000, instance_loss: 0.0000, weighted_loss: 0.0000, label: 0, bag_size: 3468
batch 619, loss: 0.0001, instance_loss: 0.0002, weighted_loss: 0.0001, label: 0, bag_size: 10176
batch 639, loss: 0.0017, instance_loss: 0.0005, weighted_loss: 0.0014, label: 1, bag_size: 14528
batch 659, loss: 0.0249, instance_loss: 0.0002, weighted_loss: 0.0175, label: 1, bag_size: 10371
batch 679, loss: 0.0042, instance_loss: 0.0007, weighted_loss: 0.0032, label: 0, bag_size: 11847
batch 699, loss: 0.0055, instance_loss: 0.0003, weighted_loss: 0.0039, label: 1, bag_size: 21609
batch 719, loss: 0.0001, instance_loss: 0.0003, weighted_loss: 0.0002, label: 0, bag_size: 4320
batch 739, loss: 0.0000, instance_loss: 0.0000, weighted_loss: 0.0000, label: 0, bag_size: 20043
batch 759, loss: 0.0001, instance_loss: 0.0000, weighted_loss: 0.0001, label: 0, bag_size: 1840
batch 779, loss: 0.0000, instance_loss: 0.0000, weighted_loss: 0.0000, label: 0, bag_size: 5161
batch 799, loss: 0.0000, instance_loss: 0.0002, weighted_loss: 0.0001, label: 0, bag_size: 1614
batch 819, loss: 0.0027, instance_loss: 0.0000, weighted_loss: 0.0019, label: 1, bag_size: 4276
batch 839, loss: 0.0000, instance_loss: 0.0000, weighted_loss: 0.0000, label: 0, bag_size: 1218
batch 859, loss: 0.0027, instance_loss: 0.0012, weighted_loss: 0.0023, label: 0, bag_size: 2520


class 0 clustering acc 1.0: correct 7008/7008
class 1 clustering acc 1.0: correct 7008/7008
Epoch: 8, train_loss: 0.0198, train_clustering_loss:  0.0005, train_error: 0.0068
class 0: acc 0.9888641425389755, correct 444/449
class 1: acc 0.9976580796252927, correct 426/427

Val Set, val_loss: 0.4226, val_error: 0.0842, auc: 0.3384
class 0 clustering acc 1.0: correct 1616/1616
class 1 clustering acc 1.0: correct 1616/1616
class 0: acc 0.9296482412060302, correct 185/199
class 1: acc 0.0, correct 0/3
EarlyStopping counter: 7 out of 10


batch 19, loss: 0.0000, instance_loss: 0.0000, weighted_loss: 0.0000, label: 1, bag_size: 3621
batch 39, loss: 0.0000, instance_loss: 0.0000, weighted_loss: 0.0000, label: 0, bag_size: 1598
batch 59, loss: 0.0001, instance_loss: 0.0000, weighted_loss: 0.0001, label: 0, bag_size: 2635
batch 79, loss: 0.0006, instance_loss: 0.0000, weighted_loss: 0.0005, label: 1, bag_size: 22399
batch 99, loss: 0.0012, instance_loss: 0.0000, weighted_loss: 0.0009, label: 1, bag_size: 4492
batch 119, loss: 0.0000, instance_loss: 0.0000, weighted_loss: 0.0000, label: 0, bag_size: 1881
batch 139, loss: 0.0000, instance_loss: 0.0000, weighted_loss: 0.0000, label: 0, bag_size: 4361
batch 159, loss: 0.0000, instance_loss: 0.0000, weighted_loss: 0.0000, label: 0, bag_size: 2038
batch 179, loss: 0.0005, instance_loss: 0.0002, weighted_loss: 0.0004, label: 1, bag_size: 13571
batch 199, loss: 0.0001, instance_loss: 0.0000, weighted_loss: 0.0001, label: 1, bag_size: 22624
batch 219, loss: 0.0050, instance_loss: 0.0000, weighted_loss: 0.0035, label: 1, bag_size: 7879
batch 239, loss: 0.0010, instance_loss: 0.0000, weighted_loss: 0.0007, label: 1, bag_size: 2853
batch 259, loss: 0.0000, instance_loss: 0.0006, weighted_loss: 0.0002, label: 0, bag_size: 16051
batch 279, loss: 0.0003, instance_loss: 0.0000, weighted_loss: 0.0002, label: 1, bag_size: 5828
batch 299, loss: 0.0023, instance_loss: 0.0000, weighted_loss: 0.0016, label: 1, bag_size: 10180
batch 319, loss: 0.0068, instance_loss: 0.0016, weighted_loss: 0.0052, label: 1, bag_size: 14318
batch 339, loss: 0.5466, instance_loss: 0.0005, weighted_loss: 0.3828, label: 0, bag_size: 1690
batch 359, loss: 0.0012, instance_loss: 0.0000, weighted_loss: 0.0009, label: 0, bag_size: 13691
batch 379, loss: 0.0001, instance_loss: 0.0011, weighted_loss: 0.0004, label: 0, bag_size: 16785
batch 399, loss: 0.0005, instance_loss: 0.0000, weighted_loss: 0.0004, label: 0, bag_size: 5791
batch 419, loss: 0.0006, instance_loss: 0.0000, weighted_loss: 0.0004, label: 0, bag_size: 3130
batch 439, loss: 0.1353, instance_loss: 0.0000, weighted_loss: 0.0947, label: 1, bag_size: 9833
batch 459, loss: 0.0000, instance_loss: 0.0000, weighted_loss: 0.0000, label: 1, bag_size: 4563
batch 479, loss: 0.0000, instance_loss: 0.0000, weighted_loss: 0.0000, label: 0, bag_size: 7208
batch 499, loss: 0.0685, instance_loss: 0.0004, weighted_loss: 0.0481, label: 1, bag_size: 13571
batch 519, loss: 0.0550, instance_loss: 0.0000, weighted_loss: 0.0385, label: 1, bag_size: 14318
batch 539, loss: 0.0000, instance_loss: 0.0000, weighted_loss: 0.0000, label: 0, bag_size: 10124
batch 559, loss: 0.0772, instance_loss: 0.0002, weighted_loss: 0.0541, label: 1, bag_size: 5828
batch 579, loss: 0.0000, instance_loss: 0.0013, weighted_loss: 0.0004, label: 0, bag_size: 18329
batch 599, loss: 0.0006, instance_loss: 0.0000, weighted_loss: 0.0004, label: 1, bag_size: 5082
batch 619, loss: 0.0020, instance_loss: 0.0000, weighted_loss: 0.0014, label: 1, bag_size: 4276
batch 639, loss: 0.0186, instance_loss: 0.0002, weighted_loss: 0.0130, label: 1, bag_size: 21609
batch 659, loss: 0.0000, instance_loss: 0.0000, weighted_loss: 0.0000, label: 0, bag_size: 6611
batch 679, loss: 0.0006, instance_loss: 0.0000, weighted_loss: 0.0004, label: 1, bag_size: 2637
batch 699, loss: 0.0005, instance_loss: 0.0000, weighted_loss: 0.0003, label: 1, bag_size: 2853
batch 719, loss: 0.0007, instance_loss: 0.0000, weighted_loss: 0.0005, label: 0, bag_size: 2557
batch 739, loss: 0.0001, instance_loss: 0.0000, weighted_loss: 0.0001, label: 0, bag_size: 7853
batch 759, loss: 0.0000, instance_loss: 0.0000, weighted_loss: 0.0000, label: 0, bag_size: 2984
batch 779, loss: 0.0000, instance_loss: 0.0000, weighted_loss: 0.0000, label: 0, bag_size: 16361
batch 799, loss: 0.0000, instance_loss: 0.0000, weighted_loss: 0.0000, label: 0, bag_size: 5375
batch 819, loss: 0.0000, instance_loss: 0.0000, weighted_loss: 0.0000, label: 0, bag_size: 9709
batch 839, loss: 0.0000, instance_loss: 0.0000, weighted_loss: 0.0000, label: 0, bag_size: 4426
batch 859, loss: 0.0001, instance_loss: 0.0000, weighted_loss: 0.0001, label: 0, bag_size: 4866


class 0 clustering acc 1.0: correct 7008/7008
class 1 clustering acc 1.0: correct 7008/7008
Epoch: 9, train_loss: 0.0450, train_clustering_loss:  0.0007, train_error: 0.0126
class 0: acc 0.9864253393665159, correct 436/442
class 1: acc 0.988479262672811, correct 429/434

Val Set, val_loss: 0.5047, val_error: 0.1089, auc: 0.2864
class 0 clustering acc 1.0: correct 1616/1616
class 1 clustering acc 1.0: correct 1616/1616
class 0: acc 0.9045226130653267, correct 180/199
class 1: acc 0.0, correct 0/3
EarlyStopping counter: 8 out of 10


batch 19, loss: 0.0046, instance_loss: 0.0000, weighted_loss: 0.0032, label: 1, bag_size: 14414
batch 39, loss: 0.0000, instance_loss: 0.0000, weighted_loss: 0.0000, label: 0, bag_size: 3166
batch 59, loss: 0.0000, instance_loss: 0.0000, weighted_loss: 0.0000, label: 1, bag_size: 22624
batch 79, loss: 0.0000, instance_loss: 0.0006, weighted_loss: 0.0002, label: 1, bag_size: 6028
batch 99, loss: 0.3811, instance_loss: 0.0040, weighted_loss: 0.2680, label: 1, bag_size: 4365
batch 119, loss: 0.0000, instance_loss: 0.0000, weighted_loss: 0.0000, label: 0, bag_size: 3490
batch 139, loss: 0.0000, instance_loss: 0.0000, weighted_loss: 0.0000, label: 0, bag_size: 8731
batch 159, loss: 0.0000, instance_loss: 0.0000, weighted_loss: 0.0000, label: 0, bag_size: 9768
batch 179, loss: 0.0007, instance_loss: 0.0000, weighted_loss: 0.0005, label: 1, bag_size: 22042
batch 199, loss: 0.0004, instance_loss: 0.0000, weighted_loss: 0.0003, label: 1, bag_size: 5828
batch 219, loss: 0.0011, instance_loss: 0.0000, weighted_loss: 0.0008, label: 1, bag_size: 3411
batch 239, loss: 0.0026, instance_loss: 0.0000, weighted_loss: 0.0018, label: 1, bag_size: 16197
batch 259, loss: 0.0007, instance_loss: 0.0000, weighted_loss: 0.0005, label: 1, bag_size: 3411
batch 279, loss: 0.0001, instance_loss: 0.0006, weighted_loss: 0.0002, label: 1, bag_size: 3024
batch 299, loss: 0.0000, instance_loss: 0.0000, weighted_loss: 0.0000, label: 0, bag_size: 2776
batch 319, loss: 0.0006, instance_loss: 0.0000, weighted_loss: 0.0004, label: 1, bag_size: 7879
batch 339, loss: 0.0004, instance_loss: 0.0000, weighted_loss: 0.0003, label: 0, bag_size: 2137
batch 359, loss: 0.0000, instance_loss: 0.0000, weighted_loss: 0.0000, label: 0, bag_size: 3383
batch 379, loss: 0.0155, instance_loss: 0.0004, weighted_loss: 0.0110, label: 0, bag_size: 18913
batch 399, loss: 0.0001, instance_loss: 0.0004, weighted_loss: 0.0002, label: 1, bag_size: 5956
batch 419, loss: 0.0000, instance_loss: 0.0000, weighted_loss: 0.0000, label: 0, bag_size: 17284
batch 439, loss: 0.0001, instance_loss: 0.0000, weighted_loss: 0.0001, label: 1, bag_size: 5828
batch 459, loss: 0.0004, instance_loss: 0.0000, weighted_loss: 0.0003, label: 1, bag_size: 2637
batch 479, loss: 0.0047, instance_loss: 0.0006, weighted_loss: 0.0035, label: 1, bag_size: 2644
batch 499, loss: 0.0002, instance_loss: 0.0000, weighted_loss: 0.0001, label: 0, bag_size: 1834
batch 519, loss: 0.0022, instance_loss: 0.0000, weighted_loss: 0.0015, label: 1, bag_size: 14528
batch 539, loss: 0.0000, instance_loss: 0.0000, weighted_loss: 0.0000, label: 0, bag_size: 18625
batch 559, loss: 0.0002, instance_loss: 0.0000, weighted_loss: 0.0002, label: 1, bag_size: 6023
batch 579, loss: 0.0050, instance_loss: 0.0000, weighted_loss: 0.0035, label: 0, bag_size: 10923
batch 599, loss: 0.0003, instance_loss: 0.0000, weighted_loss: 0.0002, label: 1, bag_size: 22871
batch 619, loss: 0.0001, instance_loss: 0.0005, weighted_loss: 0.0003, label: 1, bag_size: 2637
batch 639, loss: 0.0003, instance_loss: 0.0000, weighted_loss: 0.0002, label: 1, bag_size: 2853
batch 659, loss: 0.0003, instance_loss: 0.0000, weighted_loss: 0.0002, label: 1, bag_size: 22399
batch 679, loss: 0.0010, instance_loss: 0.0003, weighted_loss: 0.0008, label: 1, bag_size: 2644
batch 699, loss: 0.0000, instance_loss: 0.0000, weighted_loss: 0.0000, label: 0, bag_size: 17829
batch 719, loss: 0.0013, instance_loss: 0.0000, weighted_loss: 0.0009, label: 0, bag_size: 22949
batch 739, loss: 0.0000, instance_loss: 0.0000, weighted_loss: 0.0000, label: 0, bag_size: 10161
batch 759, loss: 0.0002, instance_loss: 0.0000, weighted_loss: 0.0001, label: 1, bag_size: 4492
batch 779, loss: 0.0026, instance_loss: 0.0000, weighted_loss: 0.0018, label: 1, bag_size: 14528
batch 799, loss: 0.0001, instance_loss: 0.0000, weighted_loss: 0.0001, label: 1, bag_size: 6812
batch 819, loss: 0.0022, instance_loss: 0.0000, weighted_loss: 0.0015, label: 1, bag_size: 14318
batch 839, loss: 0.0000, instance_loss: 0.0000, weighted_loss: 0.0000, label: 0, bag_size: 3506
batch 859, loss: 0.0015, instance_loss: 0.0000, weighted_loss: 0.0010, label: 1, bag_size: 6344


class 0 clustering acc 1.0: correct 7008/7008
class 1 clustering acc 1.0: correct 7008/7008
Epoch: 10, train_loss: 0.0049, train_clustering_loss:  0.0006, train_error: 0.0011
class 0: acc 0.9976905311778291, correct 432/433
class 1: acc 1.0, correct 443/443

Val Set, val_loss: 0.3742, val_error: 0.0644, auc: 0.3518
class 0 clustering acc 1.0: correct 1616/1616
class 1 clustering acc 1.0: correct 1616/1616
class 0: acc 0.949748743718593, correct 189/199
class 1: acc 0.0, correct 0/3
EarlyStopping counter: 9 out of 10


batch 19, loss: 0.0000, instance_loss: 0.0011, weighted_loss: 0.0003, label: 0, bag_size: 3550
batch 39, loss: 0.0002, instance_loss: 0.0000, weighted_loss: 0.0002, label: 1, bag_size: 9833
batch 59, loss: 0.0001, instance_loss: 0.0000, weighted_loss: 0.0001, label: 1, bag_size: 9833
batch 79, loss: 0.0013, instance_loss: 0.0000, weighted_loss: 0.0009, label: 1, bag_size: 16197
batch 99, loss: 0.0000, instance_loss: 0.0000, weighted_loss: 0.0000, label: 0, bag_size: 16840
batch 119, loss: 0.0000, instance_loss: 0.0000, weighted_loss: 0.0000, label: 0, bag_size: 5315
batch 139, loss: 0.0020, instance_loss: 0.0000, weighted_loss: 0.0014, label: 1, bag_size: 3628
batch 159, loss: 0.0000, instance_loss: 0.0000, weighted_loss: 0.0000, label: 0, bag_size: 4302
batch 179, loss: 0.0001, instance_loss: 0.0000, weighted_loss: 0.0000, label: 1, bag_size: 5956
batch 199, loss: 0.0002, instance_loss: 0.0000, weighted_loss: 0.0001, label: 1, bag_size: 22871
batch 219, loss: 0.0001, instance_loss: 0.0000, weighted_loss: 0.0001, label: 1, bag_size: 6812
batch 239, loss: 0.0008, instance_loss: 0.0000, weighted_loss: 0.0005, label: 1, bag_size: 15079
batch 259, loss: 0.0000, instance_loss: 0.0000, weighted_loss: 0.0000, label: 0, bag_size: 20692
batch 279, loss: 0.0013, instance_loss: 0.0000, weighted_loss: 0.0009, label: 1, bag_size: 12989
batch 299, loss: 0.0000, instance_loss: 0.0000, weighted_loss: 0.0000, label: 1, bag_size: 5906
batch 319, loss: 0.0001, instance_loss: 0.0000, weighted_loss: 0.0001, label: 0, bag_size: 25070
batch 339, loss: 0.0000, instance_loss: 0.0000, weighted_loss: 0.0000, label: 0, bag_size: 2586
batch 359, loss: 0.0000, instance_loss: 0.0000, weighted_loss: 0.0000, label: 0, bag_size: 10161
batch 379, loss: 0.0000, instance_loss: 0.0000, weighted_loss: 0.0000, label: 0, bag_size: 5375
batch 399, loss: 0.0032, instance_loss: 0.0000, weighted_loss: 0.0023, label: 1, bag_size: 14414
batch 419, loss: 0.0000, instance_loss: 0.0000, weighted_loss: 0.0000, label: 0, bag_size: 8989
batch 439, loss: 0.0000, instance_loss: 0.0000, weighted_loss: 0.0000, label: 1, bag_size: 2637
batch 459, loss: 0.0000, instance_loss: 0.0000, weighted_loss: 0.0000, label: 0, bag_size: 1860
batch 479, loss: 0.0000, instance_loss: 0.0000, weighted_loss: 0.0000, label: 0, bag_size: 3666
batch 499, loss: 0.0000, instance_loss: 0.0021, weighted_loss: 0.0006, label: 0, bag_size: 18076
batch 519, loss: 0.0000, instance_loss: 0.0000, weighted_loss: 0.0000, label: 0, bag_size: 2780
batch 539, loss: 0.0072, instance_loss: 0.0000, weighted_loss: 0.0051, label: 0, bag_size: 14464
batch 559, loss: 0.0006, instance_loss: 0.0000, weighted_loss: 0.0004, label: 1, bag_size: 7733
batch 579, loss: 0.6586, instance_loss: 0.0000, weighted_loss: 0.4611, label: 0, bag_size: 5268
batch 599, loss: 0.0000, instance_loss: 0.0000, weighted_loss: 0.0000, label: 0, bag_size: 1875
batch 619, loss: 0.0241, instance_loss: 0.0000, weighted_loss: 0.0169, label: 1, bag_size: 4492
batch 639, loss: 0.0336, instance_loss: 0.0000, weighted_loss: 0.0236, label: 1, bag_size: 8663
batch 659, loss: 0.0000, instance_loss: 0.0000, weighted_loss: 0.0000, label: 0, bag_size: 4259
batch 679, loss: 4.7474, instance_loss: 0.0003, weighted_loss: 3.3233, label: 0, bag_size: 17540
batch 699, loss: 0.0063, instance_loss: 0.0000, weighted_loss: 0.0044, label: 1, bag_size: 22042
batch 719, loss: 0.0000, instance_loss: 0.0000, weighted_loss: 0.0000, label: 1, bag_size: 5082
batch 739, loss: 0.0004, instance_loss: 0.0000, weighted_loss: 0.0003, label: 0, bag_size: 3798
batch 759, loss: 0.0000, instance_loss: 0.0000, weighted_loss: 0.0000, label: 0, bag_size: 11819
batch 779, loss: 0.5504, instance_loss: 0.0000, weighted_loss: 0.3853, label: 1, bag_size: 12989
batch 799, loss: 0.0001, instance_loss: 0.0000, weighted_loss: 0.0000, label: 1, bag_size: 13571
batch 819, loss: 0.0000, instance_loss: 0.0000, weighted_loss: 0.0000, label: 0, bag_size: 10759
batch 839, loss: 0.0001, instance_loss: 0.0000, weighted_loss: 0.0001, label: 1, bag_size: 3628
batch 859, loss: 0.0000, instance_loss: 0.0000, weighted_loss: 0.0000, label: 0, bag_size: 21466


class 0 clustering acc 1.0: correct 7008/7008
class 1 clustering acc 1.0: correct 7008/7008
Epoch: 11, train_loss: 0.0280, train_clustering_loss:  0.0004, train_error: 0.0114
class 0: acc 0.9863636363636363, correct 434/440
class 1: acc 0.9908256880733946, correct 432/436

Val Set, val_loss: 0.5429, val_error: 0.0941, auc: 0.3400
class 0 clustering acc 1.0: correct 1616/1616
class 1 clustering acc 1.0: correct 1616/1616
class 0: acc 0.9195979899497487, correct 183/199
class 1: acc 0.0, correct 0/3
EarlyStopping counter: 10 out of 10
Early stopping
Val error: 0.0693, ROC AUC: 0.4992
CV validation error: 0.0693, ROC AUC: 0.4992
class 0: acc 0.9447236180904522, correct 188/199
class 1: acc 0.0, correct 0/3
Future event metrics: {"fold": 4, "events": 86, "positive_events": 2, "event_average_precision": 0.028949545078577336, "event_roc_auc": 0.41666666666666663, "event_brier": 0.06917088055529001, "aggregation": "mean probability across all included stains/slides of same patient/anchor date", "exploratory_cv_not_independent_final_test": true}
finished!
end script
