draw_index,slide_id,label,view,policy
0,S2533022__S2533022_0_BP1A2021,0,1,geometry
1,S2227608__S22-27608-_-SERIAL_2,1,0,geometry
2,S2039743__S20-39743-C-PLHE_0,1,1,geometry
3,S2039743__S20-39743-L-PLHE_1,1,0,geometry
4,S2520404__S2520404_0_BP1A2021,0,1,geometry
5,S2530985__S2530985_0_BP1A2021,0,0,geometry
6,S19-19367__S19-19367,1,1,geometry
7,S2525436__S2525436_0_BP1A2021,0,1,geometry
8,S2423618__S24-23618-_-RECUT_2,0,0,geometry
9,S2531985__S2531985_0_BP1A2021,0,0,geometry
10,S2039743__S20-39743-C-PLHE_0,1,0,geometry
11,S2235518__S22-35518-_-BIOPSY,0,0,geometry
12,S19-40063__S19-40063,0,0,geometry
13,S2516971__S25-16971____155423,0,0,geometry
14,S2524777__S2524777_0_BP1A2021,0,1,geometry
15,S2039743__S20-39743-L-PLHE_1,1,1,geometry
16,S2227608__S22-27608-_-SERIAL_1,1,0,geometry
17,S2521240__S2521240_0_BP1A2021,1,0,geometry
18,S20-26719__S20-26719,1,0,geometry
19,S2516970__S25-16970____155248,1,0,geometry
20,S20-26719__S20-26719,1,0,geometry
21,S2511007__S25-11007_0_BP1A2021_052433,0,0,geometry
22,S2227608__S22-27608-_-SERIAL_1,1,1,geometry
23,S2511010__S25-11010_0_BP1A2021_052642,1,1,geometry
24,S2511008__S25-11008_0_BP1A2021_052339,1,0,geometry
25,S2406754__S24-06754-_-SERIAL_1,0,0,geometry
26,S2344462__S23-44462-_-BIOPSY,0,0,geometry
27,S2516971__S25-16971____140945,0,0,geometry
28,S2533022__S2533022_0_BP1A2021,0,1,geometry
29,S19-19367__S19-19367,1,0,geometry
30,S2522980__S2522980_0_BP1A2021,0,1,geometry
31,S2039743__S20-39743-C-PLHE_0,1,0,geometry
32,S2511007__S25-11007_0_BP1A2021_052433,0,0,geometry
33,S2406754__S24-06754-_-DEEP_2,0,0,geometry
34,S2227604__S22-27604-_-BIOPSY,1,1,geometry
35,S2511010__S25-11010_0_BP1A2021_052642,1,1,geometry
36,S2237603__S22-37603-_-_1,0,1,geometry
37,S20-28924__S20-28924,0,0,geometry
38,S2352429__S23-52429-_-RECUT_1,0,1,geometry
39,S2227608__S22-27608-_-SERIAL_2,1,1,geometry
40,S2227608__S22-27608-_-SERIAL_2,1,1,geometry
41,S2039743__S20-39743-P-PLHE_3,1,0,geometry
42,S2511010__S25-11010_0_BP1A2021_052642,1,0,geometry
43,S2344462__S23-44462-_-BIOPSY,0,0,geometry
44,S2406038__S2406038,0,1,geometry
45,S20-28924__S20-28924,0,0,geometry
46,S2513847__S25-13847_0_BP1A2021_131603,0,0,geometry
47,S2530063__S2530063_0_BP1A2021,0,1,geometry
48,S2512685__S2512685_0_,0,1,geometry
49,S2522980__S2522980_0_BP1A2021,0,0,geometry
50,S2216630__S2216630--DEEP_1,0,0,geometry
51,S2521240__S2521240_0_BP1A2021,1,0,geometry
52,S2530985__S2530985_0_BP1A2021,0,0,geometry
53,S2436457__S2436457_BP1B11_C_15540_2,0,1,geometry
54,S2227604__S22-27604-_-BIOPSY,1,1,geometry
55,S2237603__S22-37603-_-_1,0,0,geometry
56,S2511007__S25-11007_0_BP1A2021_052433,0,0,geometry
57,S2520402__S2520402_0_BP1A2021,0,0,geometry
58,S2229537__S22-29537-_-SERIAL_1,1,1,geometry
59,S2515598__S25-15598_0__144202,0,1,geometry
60,S2521240__S2521240_0_BP1A2021,1,0,geometry
61,S2128633__S2128633--DEEP,1,1,geometry
62,S2424255__S2424255,0,0,geometry
63,S2520404__S2520404_0_BP1A2021,0,1,geometry
64,S20-26719__S20-26719,1,1,geometry
65,S2511008__S25-11008_0_BP1A2021_052339,1,1,geometry
66,S2531985__S2531985_0_BP1A2021,0,0,geometry
67,S2039743__S20-39743-C-PLHE_0,1,1,geometry
68,S2128633__S2128633--DEEP,1,1,geometry
69,S19-19367__S19-19367,1,0,geometry
70,S2511007__S25-11007_0_BP1A2021_052433,0,1,geometry
71,S2128633__S2128633--DEEP,1,0,geometry
72,S2511010__S25-11010_0_BP1A2021_052642,1,1,geometry
73,S2406038__S2406038,0,1,geometry
74,S2344462__S23-44462-_-BIOPSY,0,0,geometry
75,S2531985__S2531985_0_BP1A2021,0,1,geometry
76,S2128633__S2128633--DEEP,1,0,geometry
77,S20-28924__S20-28924,0,1,geometry
78,S20-26719__S20-26719,1,1,geometry
79,S2530063__S2530063_0_BP1A2021,0,1,geometry
80,S2229537__S22-29537-_-SERIAL_1,1,1,geometry
81,S2229537__S22-29537-_-SERIAL_1,1,0,geometry
82,S2531985__S2531985_0_BP1A2021,0,0,geometry
83,S2237603__S22-37603-_-_1,0,1,geometry
84,S2352429__S23-52429-_-RECUT_1,0,0,geometry
85,S20-26719__S20-26719,1,0,geometry
86,S2520404__S2520404_0_BP1A2021,0,1,geometry
87,S20-28924__S20-28924,0,0,geometry
88,S17-42935__S17-42935,1,1,geometry
89,S20-26719__S20-26719,1,1,geometry
90,S2511007__S25-11007_0_BP1A2021_052433,0,0,geometry
91,S2521240__S2521240_0_BP1A2021,1,0,geometry
92,S2531985__S2531985_0_BP1A2021,0,0,geometry
93,S17-42935__S17-42935,1,0,geometry
94,S2227608__S22-27608-_-SERIAL_2,1,0,geometry
95,S2227608__S22-27608-_-SERIAL_1,1,1,geometry
96,S2216630__S2216630--DEEP_1,0,1,geometry
97,S2524777__S2524777_0_BP1A2021,0,0,geometry
98,S2516970__S25-16970____155248,1,0,geometry
99,S19-19367__S19-19367,1,1,geometry
100,S2524777__S2524777_0_BP1A2021,0,0,geometry
101,S2344462__S23-44462-_-BIOPSY,0,0,geometry
102,S2039743__S20-39743-C-PLHE_0,1,0,geometry
103,S2039743__S20-39743-C-PLHE_0,1,0,geometry
104,S2039743__S20-39743-P-PLHE_3,1,0,geometry
105,S2515598__S25-15598_0__144202,0,1,geometry
106,S20-28924__S20-28924,0,1,geometry
107,S20-26719__S20-26719,1,0,geometry
108,S2511008__S25-11008_0_BP1A2021_052339,1,1,geometry
109,S2423618__S24-23618-_-RECUT_2,0,0,geometry
110,S2424255__S2424255,0,1,geometry
111,S2434918__S24-34918-_-BIOPSY,1,0,geometry
112,S2511008__S25-11008_0_BP1A2021_052339,1,1,geometry
113,S19-40063__S19-40063,0,0,geometry
114,S2528218__S2528218_0_BP1A2021,0,0,geometry
115,S2227604__S22-27604-_-BIOPSY,1,1,geometry
116,S2237601__S22-37601-_-,0,1,geometry
117,S20-28924__S20-28924,0,1,geometry
118,S2434918__S24-34918-_-BIOPSY,1,0,geometry
119,S2511010__S25-11010_0_BP1A2021_052642,1,0,geometry
120,S19-19367__S19-19367,1,1,geometry
121,S2524777__S2524777_0_BP1A2021,0,0,geometry
122,S2424250__S2424250,0,1,geometry
123,S2520402__S2520402_0_BP1A2021,0,0,geometry
124,S2528218__S2528218_0_BP1A2021,0,0,geometry
125,S2520402__S2520402_0_BP1A2021,0,0,geometry
126,S2227608__S22-27608-_-SERIAL_1,1,1,geometry
127,S2352429__S23-52429-_-RECUT_1,0,1,geometry
128,S17-42935__S17-42935,1,0,geometry
129,S2326329__S23-26329-_-BIOPSY,0,0,geometry
130,S2530063__S2530063_0_BP1A2021,0,0,geometry
131,S18-18746__S18-18746,1,0,geometry
132,S2533022__S2533022_0_BP1A2021,0,0,geometry
133,S2511008__S25-11008_0_BP1A2021_052339,1,1,geometry
134,S2530985__S2530985_0_BP1A2021,0,0,geometry
135,S2512685__S2512685_0_,0,0,geometry
136,S2237601__S22-37601-_-,0,0,geometry
137,S20-26719__S20-26719,1,1,geometry
138,S2511010__S25-11010_0_BP1A2021_052642,1,1,geometry
139,S2522980__S2522980_0_BP1A2021,0,0,geometry
140,S2352429__S23-52429-_-RECUT_1,0,0,geometry
141,S2511010__S25-11010_0_BP1A2021_052642,1,0,geometry
142,S2525436__S2525436_0_BP1A2021,0,0,geometry
143,S2227604__S22-27604-_-BIOPSY,1,0,geometry
144,S2530981__S2530981_0_BP1A2021,0,1,geometry
145,S2227608__S22-27608-_-SERIAL_1,1,1,geometry
146,S2516970__S25-16970____155248,1,0,geometry
147,S17-42935__S17-42935,1,1,geometry
148,S2237603__S22-37603-_-_1,0,1,geometry
149,S2516971__S25-16971____140945,0,0,geometry
150,S2521240__S2521240_0_BP1A2021,1,1,geometry
151,S20-26719__S20-26719,1,1,geometry
152,S2520402__S2520402_0_BP1A2021,0,0,geometry
153,S2511010__S25-11010_0_BP1A2021_052642,1,1,geometry
154,S2235518__S22-35518-_-BIOPSY,0,1,geometry
155,S2409390__S2409390,0,1,geometry
156,S2512685__S2512685_0_,0,0,geometry
157,S2227608__S22-27608-_-SERIAL_1,1,1,geometry
158,S2528218__S2528218_0_BP1A2021,0,1,geometry
159,S2424250__S2424250,0,0,geometry
160,S2424255__S2424255,0,1,geometry
161,S2128633__S2128633--DEEP,1,1,geometry
162,S2227608__S22-27608-_-SERIAL_2,1,1,geometry
163,S2434918__S24-34918-_-BIOPSY,1,0,geometry
164,S2516970__S25-16970____155248,1,1,geometry
165,S18-18746__S18-18746,1,1,geometry
166,S18-18746__S18-18746,1,1,geometry
167,S17-42935__S17-42935,1,1,geometry
168,S19-19367__S19-19367,1,1,geometry
169,S2039743__S20-39743-C-PLHE_0,1,0,geometry
170,S2434918__S24-34918-_-BIOPSY,1,0,geometry
171,S2511010__S25-11010_0_BP1A2021_052642,1,1,geometry
172,S20-26719__S20-26719,1,0,geometry
173,S2511859__S25-11859_0_BP1A2021_150616,0,1,geometry
174,S2511010__S25-11010_0_BP1A2021_052642,1,0,geometry
175,S2531985__S2531985_0_BP1A2021,0,1,geometry
176,S2326329__S23-26329-_-BIOPSY,0,0,geometry
177,S2512685__S2512685_0_,0,1,geometry
178,S2039743__S20-39743-P-PLHE_3,1,0,geometry
179,S2520404__S2520404_0_BP1A2021,0,0,geometry
180,S2521240__S2521240_0_BP1A2021,1,1,geometry
181,S17-42935__S17-42935,1,0,geometry
182,S2434918__S24-34918-_-BIOPSY,1,0,geometry
183,S2352429__S23-52429-_-RECUT_1,0,0,geometry
184,S18-18746__S18-18746,1,1,geometry
185,S2520402__S2520402_0_BP1A2021,0,1,geometry
186,S2511010__S25-11010_0_BP1A2021_052642,1,0,geometry
187,S2434918__S24-34918-_-BIOPSY,1,0,geometry
188,S2516971__S25-16971____155423,0,0,geometry
189,S2227604__S22-27604-_-BIOPSY,1,0,geometry
190,S2513847__S25-13847_0_BP1A2021_131603,0,1,geometry
191,S2516971__S25-16971____155423,0,1,geometry
192,S18-18746__S18-18746,1,1,geometry
193,S2227604__S22-27604-_-BIOPSY,1,0,geometry
194,S2039743__S20-39743-C-PLHE_0,1,1,geometry
195,S2436457__S2436457_BP1B11_C_15540_2,0,0,geometry
196,S2511008__S25-11008_0_BP1A2021_052339,1,1,geometry
197,S2237603__S22-37603-_-_1,0,0,geometry
198,S2511008__S25-11008_0_BP1A2021_052339,1,1,geometry
199,S2326329__S23-26329-_-BIOPSY,0,1,geometry
200,S18-18746__S18-18746,1,0,geometry
201,S18-18746__S18-18746,1,0,geometry
202,S2528218__S2528218_0_BP1A2021,0,0,geometry
203,S20-26719__S20-26719,1,0,geometry
204,S2524777__S2524777_0_BP1A2021,0,0,geometry
205,S17-42935__S17-42935,1,1,geometry
206,S2521240__S2521240_0_BP1A2021,1,1,geometry
207,S2424250__S2424250,0,0,geometry
208,S2513847__S25-13847_0_BP1A2021_131603,0,0,geometry
209,S2128633__S2128633--DEEP,1,0,geometry
210,S2227604__S22-27604-_-BIOPSY,1,0,geometry
211,S2511010__S25-11010_0_BP1A2021_052642,1,1,geometry
212,S2128633__S2128633--DEEP,1,0,geometry
213,S2524777__S2524777_0_BP1A2021,0,1,geometry
214,S2237603__S22-37603-_-_1,0,0,geometry
215,S20-26719__S20-26719,1,0,geometry
216,S2401283__S24-01283-_-BIOPSY,0,1,geometry
217,S2424250__S2424250,0,1,geometry
218,S2128633__S2128633--DEEP,1,1,geometry
219,S2237603__S22-37603-_-_1,0,1,geometry
220,S20-26719__S20-26719,1,1,geometry
221,S2352429__S23-52429-_-BIOPSY,0,0,geometry
222,S2504719__S25-04719-_-DEEP_1,0,1,geometry
223,S20-26719__S20-26719,1,0,geometry
224,S2039743__S20-39743-C-PLHE_0,1,0,geometry
225,S20-26719__S20-26719,1,0,geometry
226,S20-26719__S20-26719,1,0,geometry
227,S17-42935__S17-42935,1,0,geometry
228,S2533022__S2533022_0_BP1A2021,0,1,geometry
229,S2434918__S24-34918-_-BIOPSY,1,0,geometry
230,S2511008__S25-11008_0_BP1A2021_052339,1,0,geometry
231,S2227608__S22-27608-_-SERIAL_1,1,0,geometry
232,S2039743__S20-39743-L-PLHE_1,1,0,geometry
233,S2227604__S22-27604-_-BIOPSY,1,0,geometry
234,S2229537__S22-29537-_-SERIAL_1,1,0,geometry
235,S2406038__S2406038,0,0,geometry
236,S20-26719__S20-26719,1,0,geometry
237,S2528218__S2528218_0_BP1A2021,0,0,geometry
238,S2511008__S25-11008_0_BP1A2021_052339,1,0,geometry
239,S20-26719__S20-26719,1,0,geometry
240,S2516970__S25-16970____155248,1,1,geometry
241,S2511007__S25-11007_0_BP1A2021_052433,0,0,geometry
242,S2530981__S2530981_0_BP1A2021,0,1,geometry
243,S2424250__S2424250,0,1,geometry
244,S2352429__S23-52429-_-BIOPSY,0,1,geometry
245,S2227608__S22-27608-_-SERIAL_2,1,0,geometry
246,S2531985__S2531985_0_BP1A2021,0,0,geometry
247,S2039743__S20-39743-C-PLHE_0,1,1,geometry
248,S2511010__S25-11010_0_BP1A2021_052642,1,1,geometry
249,S2434918__S24-34918-_-BIOPSY,1,0,geometry
250,S2511008__S25-11008_0_BP1A2021_052339,1,1,geometry
251,S2511859__S25-11859_0_BP1A2021_150616,0,0,geometry
252,S2039743__S20-39743-C-PLHE_0,1,0,geometry
253,S2516971__S25-16971____155423,0,0,geometry
254,S2533022__S2533022_0_BP1A2021,0,1,geometry
255,S2406754__S24-06754-_-DEEP_2,0,1,geometry
256,S2227608__S22-27608-_-SERIAL_1,1,1,geometry
257,S2511010__S25-11010_0_BP1A2021_052642,1,1,geometry
258,S2504719__S25-04719-_-DEEP_1,0,0,geometry
259,S2326329__S23-26329-_-BIOPSY,0,1,geometry
260,S2352429__S23-52429-_-RECUT_1,0,0,geometry
261,S2039743__S20-39743-L-PLHE_1,1,1,geometry
262,S2515598__S25-15598_0__144202,0,1,geometry
263,S2409390__S2409390,0,1,geometry
264,S2434918__S24-34918-_-BIOPSY,1,0,geometry
265,S18-18746__S18-18746,1,1,geometry
266,S2520402__S2520402_0_BP1A2021,0,0,geometry
267,S2227604__S22-27604-_-BIOPSY,1,1,geometry
268,S2530981__S2530981_0_BP1A2021,0,0,geometry
269,S2511010__S25-11010_0_BP1A2021_052642,1,1,geometry
270,S2504719__S25-04719-_-DEEP_1,0,0,geometry
271,S2434918__S24-34918-_-BIOPSY,1,0,geometry
272,S2409390__S2409390,0,1,geometry
273,S2227604__S22-27604-_-BIOPSY,1,0,geometry
274,S2235518__S22-35518-_-BIOPSY,0,0,geometry
275,S2128633__S2128633--DEEP,1,0,geometry
276,S2128633__S2128633--DEEP,1,0,geometry
277,S19-19367__S19-19367,1,0,geometry
278,S2434918__S24-34918-_-BIOPSY,1,0,geometry
279,S2533022__S2533022_0_BP1A2021,0,1,geometry
280,S20-26719__S20-26719,1,0,geometry
281,S2424250__S2424250,0,1,geometry
282,S2512685__S2512685_0_,0,0,geometry
283,S2401283__S24-01283-_-BIOPSY,0,1,geometry
284,S2237603__S22-37603-_-_1,0,1,geometry
285,S2344462__S23-44462-_-BIOPSY,0,1,geometry
286,S2424255__S2424255,0,1,geometry
287,S2237603__S22-37603-_-_1,0,0,geometry
288,S2516971__S25-16971____155423,0,0,geometry
289,S2530063__S2530063_0_BP1A2021,0,0,geometry
290,S2522980__S2522980_0_BP1A2021,0,0,geometry
291,S2511008__S25-11008_0_BP1A2021_052339,1,1,geometry
292,S19-19367__S19-19367,1,0,geometry
293,S2516971__S25-16971____140945,0,0,geometry
294,S2227604__S22-27604-_-BIOPSY,1,0,geometry
295,S2513847__S25-13847_0_BP1A2021_131603,0,1,geometry
296,S2528218__S2528218_0_BP1A2021,0,0,geometry
297,S2521240__S2521240_0_BP1A2021,1,0,geometry
298,S20-26719__S20-26719,1,1,geometry
299,S17-42935__S17-42935,1,0,geometry
300,S2511008__S25-11008_0_BP1A2021_052339,1,0,geometry
301,S2039743__S20-39743-L-PLHE_1,1,1,geometry
302,S2516970__S25-16970____155248,1,0,geometry
303,S2039743__S20-39743-C-PLHE_0,1,0,geometry
304,S2530063__S2530063_0_BP1A2021,0,1,geometry
305,S2511008__S25-11008_0_BP1A2021_052339,1,0,geometry
306,S2530063__S2530063_0_BP1A2021,0,0,geometry
307,S2511008__S25-11008_0_BP1A2021_052339,1,0,geometry
308,S2039743__S20-39743-C-PLHE_0,1,1,geometry
309,S2237601__S22-37601-_-,0,1,geometry
310,S2504719__S25-04719-_-DEEP_1,0,1,geometry
311,S2436457__S2436457_BP1B11_C_15540_2,0,0,geometry
312,S2401283__S24-01283-_-BIOPSY,0,0,geometry
313,S2401283__S24-01283-_-BIOPSY,0,0,geometry
314,S2352429__S23-52429-_-RECUT_1,0,0,geometry
315,S2039743__S20-39743-C-PLHE_0,1,1,geometry
316,S2525436__S2525436_0_BP1A2021,0,0,geometry
317,S2409390__S2409390,0,1,geometry
318,S2423618__S24-23618-_-RECUT_2,0,1,geometry
319,S2424255__S2424255,0,0,geometry
320,S20-26719__S20-26719,1,0,geometry
321,S2524777__S2524777_0_BP1A2021,0,1,geometry
322,S2513847__S25-13847_0_BP1A2021_131603,0,0,geometry
323,S2229537__S22-29537-_-SERIAL_1,1,0,geometry
324,S2216630__S2216630--DEEP_1,0,0,geometry
325,S2039743__S20-39743-C-PLHE_0,1,1,geometry
326,S2511009__S25-11009_0_BP1A2021_052542,0,0,geometry
327,S2434918__S24-34918-_-BIOPSY,1,1,geometry
328,S18-18746__S18-18746,1,0,geometry
329,S2533022__S2533022_0_BP1A2021,0,0,geometry
330,S2520402__S2520402_0_BP1A2021,0,1,geometry
331,S2039743__S20-39743-P-PLHE_3,1,0,geometry
332,S2516970__S25-16970____155248,1,0,geometry
333,S17-42935__S17-42935,1,1,geometry
334,S2504719__S25-04719-_-DEEP_1,0,0,geometry
335,S2530063__S2530063_0_BP1A2021,0,0,geometry
336,S2524777__S2524777_0_BP1A2021,0,0,geometry
337,S2511859__S25-11859_0_BP1A2021_150616,0,1,geometry
338,S2227608__S22-27608-_-SERIAL_1,1,0,geometry
339,S2352429__S23-52429-_-BIOPSY,0,0,geometry
340,S2423618__S24-23618-_-RECUT_2,0,1,geometry
341,S2039743__S20-39743-P-PLHE_3,1,1,geometry
342,S2516971__S25-16971____155423,0,1,geometry
343,S2531985__S2531985_0_BP1A2021,0,1,geometry
344,S2128633__S2128633--DEEP,1,1,geometry
345,S20-26719__S20-26719,1,1,geometry
346,S19-19367__S19-19367,1,0,geometry
347,S2424255__S2424255,0,0,geometry
348,S2521240__S2521240_0_BP1A2021,1,0,geometry
349,S2237603__S22-37603-_-_1,0,1,geometry
350,S2516971__S25-16971____155423,0,0,geometry
351,S2424250__S2424250,0,1,geometry
352,S2344462__S23-44462-_-BIOPSY,0,1,geometry
353,S2406754__S24-06754-_-DEEP_2,0,1,geometry
354,S18-18746__S18-18746,1,0,geometry
355,S20-26719__S20-26719,1,0,geometry
356,S2352429__S23-52429-_-RECUT_1,0,1,geometry
357,S2530981__S2530981_0_BP1A2021,0,1,geometry
358,S2521240__S2521240_0_BP1A2021,1,1,geometry
359,S2406754__S24-06754-_-DEEP_2,0,1,geometry
360,S2436457__S2436457_BP1B11_C_15540_2,0,0,geometry
361,S2513847__S25-13847_0_BP1A2021_131603,0,0,geometry
362,S2511009__S25-11009_0_BP1A2021_052542,0,1,geometry
363,S2352429__S23-52429-_-BIOPSY,0,0,geometry
364,S2513847__S25-13847_0_BP1A2021_131603,0,1,geometry
365,S2533022__S2533022_0_BP1A2021,0,1,geometry
366,S2128633__S2128633--DEEP,1,1,geometry
367,S19-40063__S19-40063,0,0,geometry
368,S2434918__S24-34918-_-BIOPSY,1,0,geometry
369,S19-19367__S19-19367,1,1,geometry
370,S20-26719__S20-26719,1,1,geometry
371,S2434918__S24-34918-_-BIOPSY,1,0,geometry
372,S2530063__S2530063_0_BP1A2021,0,0,geometry
373,S2406754__S24-06754-_-SERIAL_1,0,1,geometry
374,S2235518__S22-35518-_-BIOPSY,0,1,geometry
375,S2326329__S23-26329-_-BIOPSY,0,0,geometry
376,S2352429__S23-52429-_-BIOPSY,0,1,geometry
377,S2229537__S22-29537-_-SERIAL_1,1,1,geometry
378,S18-18746__S18-18746,1,0,geometry
379,S2406038__S2406038,0,1,geometry
380,S2227604__S22-27604-_-BIOPSY,1,1,geometry
381,S2352429__S23-52429-_-BIOPSY,0,0,geometry
382,S2512685__S2512685_0_,0,1,geometry
383,S2326329__S23-26329-_-BIOPSY,0,0,geometry
384,S2511008__S25-11008_0_BP1A2021_052339,1,1,geometry
385,S2235518__S22-35518-_-BIOPSY,0,0,geometry
386,S2511859__S25-11859_0_BP1A2021_150616,0,1,geometry
387,S2235518__S22-35518-_-BIOPSY,0,1,geometry
388,S2515598__S25-15598_0__144202,0,1,geometry
389,S2039743__S20-39743-P-PLHE_3,1,0,geometry
390,S2424250__S2424250,0,0,geometry
391,S2039743__S20-39743-L-PLHE_1,1,1,geometry
392,S2227608__S22-27608-_-SERIAL_1,1,1,geometry
393,S17-42935__S17-42935,1,0,geometry
394,S2511010__S25-11010_0_BP1A2021_052642,1,0,geometry
395,S2511010__S25-11010_0_BP1A2021_052642,1,0,geometry
396,S19-19367__S19-19367,1,0,geometry
397,S2227608__S22-27608-_-SERIAL_2,1,0,geometry
398,S2511007__S25-11007_0_BP1A2021_052433,0,1,geometry
399,S2513847__S25-13847_0_BP1A2021_131603,0,1,geometry
400,S2216630__S2216630--DEEP_1,0,0,geometry
401,S2511007__S25-11007_0_BP1A2021_052433,0,1,geometry
402,S2525436__S2525436_0_BP1A2021,0,1,geometry
403,S2229537__S22-29537-_-SERIAL_1,1,0,geometry
404,S17-42935__S17-42935,1,0,geometry
405,S2235518__S22-35518-_-BIOPSY,0,1,geometry
406,S2344462__S23-44462-_-BIOPSY,0,1,geometry
407,S19-19367__S19-19367,1,0,geometry
408,S2406754__S24-06754-_-SERIAL_1,0,0,geometry
409,S2039743__S20-39743-P-PLHE_3,1,1,geometry
410,S2229537__S22-29537-_-SERIAL_1,1,0,geometry
411,S2229537__S22-29537-_-SERIAL_1,1,1,geometry
412,S2237603__S22-37603-_-_1,0,0,geometry
413,S2235518__S22-35518-_-BIOPSY,0,1,geometry
414,S2520404__S2520404_0_BP1A2021,0,0,geometry
415,S2530981__S2530981_0_BP1A2021,0,0,geometry
416,S2511007__S25-11007_0_BP1A2021_052433,0,1,geometry
417,S2227604__S22-27604-_-BIOPSY,1,1,geometry
418,S17-42935__S17-42935,1,0,geometry
419,S2516970__S25-16970____155248,1,0,geometry
420,S17-42935__S17-42935,1,0,geometry
421,S2516971__S25-16971____140945,0,1,geometry
422,S2344462__S23-44462-_-BIOPSY,0,1,geometry
423,S2528218__S2528218_0_BP1A2021,0,0,geometry
424,S2344462__S23-44462-_-BIOPSY,0,1,geometry
425,S2511010__S25-11010_0_BP1A2021_052642,1,0,geometry
426,S2227608__S22-27608-_-SERIAL_2,1,0,geometry
427,S2423618__S24-23618-_-RECUT_2,0,0,geometry
428,S2521240__S2521240_0_BP1A2021,1,1,geometry
429,S2531985__S2531985_0_BP1A2021,0,0,geometry
430,S2406038__S2406038,0,0,geometry
431,S2530063__S2530063_0_BP1A2021,0,0,geometry
432,S2424250__S2424250,0,0,geometry
433,S17-42935__S17-42935,1,0,geometry
434,S20-26719__S20-26719,1,0,geometry
435,S2434918__S24-34918-_-BIOPSY,1,1,geometry
436,S2521240__S2521240_0_BP1A2021,1,1,geometry
437,S2039743__S20-39743-L-PLHE_1,1,1,geometry
438,S2424255__S2424255,0,0,geometry
439,S2511009__S25-11009_0_BP1A2021_052542,0,0,geometry
440,S2515598__S25-15598_0__144202,0,1,geometry
441,S2326329__S23-26329-_-BIOPSY,0,0,geometry
442,S2039743__S20-39743-P-PLHE_3,1,0,geometry
443,S17-42935__S17-42935,1,1,geometry
444,S2039743__S20-39743-C-PLHE_0,1,0,geometry
445,S2520402__S2520402_0_BP1A2021,0,0,geometry
446,S2522980__S2522980_0_BP1A2021,0,0,geometry
447,S2227608__S22-27608-_-SERIAL_1,1,0,geometry
448,S2530985__S2530985_0_BP1A2021,0,0,geometry
449,S2039743__S20-39743-C-PLHE_0,1,1,geometry
450,S2434918__S24-34918-_-BIOPSY,1,1,geometry
451,S2406038__S2406038,0,0,geometry
452,S17-42935__S17-42935,1,0,geometry
453,S2511009__S25-11009_0_BP1A2021_052542,0,1,geometry
454,S20-26719__S20-26719,1,1,geometry
455,S2237603__S22-37603-_-_1,0,1,geometry
456,S2434918__S24-34918-_-BIOPSY,1,1,geometry
457,S20-28924__S20-28924,0,0,geometry
458,S2530063__S2530063_0_BP1A2021,0,1,geometry
459,S2516970__S25-16970____155248,1,0,geometry
460,S2406754__S24-06754-_-SERIAL_1,0,1,geometry
461,S19-19367__S19-19367,1,0,geometry
462,S2039743__S20-39743-P-PLHE_3,1,1,geometry
463,S2515598__S25-15598_0__144202,0,0,geometry
464,S2229537__S22-29537-_-SERIAL_1,1,0,geometry
465,S17-42935__S17-42935,1,1,geometry
466,S2401283__S24-01283-_-BIOPSY,0,0,geometry
467,S2520404__S2520404_0_BP1A2021,0,1,geometry
468,S2235518__S22-35518-_-BIOPSY,0,0,geometry
469,S2237603__S22-37603-_-_1,0,1,geometry
470,S2128633__S2128633--DEEP,1,1,geometry
471,S2237601__S22-37601-_-,0,1,geometry
472,S2039743__S20-39743-L-PLHE_1,1,1,geometry
473,S2516970__S25-16970____155248,1,1,geometry
474,S19-19367__S19-19367,1,1,geometry
475,S2511008__S25-11008_0_BP1A2021_052339,1,0,geometry
476,S19-40063__S19-40063,0,1,geometry
477,S2530985__S2530985_0_BP1A2021,0,0,geometry
478,S2227604__S22-27604-_-BIOPSY,1,1,geometry
479,S2227604__S22-27604-_-BIOPSY,1,0,geometry
480,S2406038__S2406038,0,1,geometry
481,S2512685__S2512685_0_,0,1,geometry
482,S2424255__S2424255,0,1,geometry
483,S18-18746__S18-18746,1,0,geometry
484,S2436457__S2436457_BP1B11_C_15540_2,0,1,geometry
485,S2352429__S23-52429-_-BIOPSY,0,1,geometry
486,S19-19367__S19-19367,1,0,geometry
487,S2128633__S2128633--DEEP,1,0,geometry
488,S2237601__S22-37601-_-,0,0,geometry
489,S2530981__S2530981_0_BP1A2021,0,1,geometry
490,S2039743__S20-39743-C-PLHE_0,1,1,geometry
491,S2511010__S25-11010_0_BP1A2021_052642,1,1,geometry
492,S20-26719__S20-26719,1,1,geometry
493,S2524777__S2524777_0_BP1A2021,0,1,geometry
494,S2434918__S24-34918-_-BIOPSY,1,1,geometry
495,S2513847__S25-13847_0_BP1A2021_131603,0,0,geometry
496,S2520404__S2520404_0_BP1A2021,0,0,geometry
497,S2039743__S20-39743-C-PLHE_0,1,0,geometry
498,S2227608__S22-27608-_-SERIAL_2,1,1,geometry
499,S2521240__S2521240_0_BP1A2021,1,1,geometry
500,S17-42935__S17-42935,1,0,geometry
501,S2229537__S22-29537-_-SERIAL_1,1,1,geometry
502,S2227608__S22-27608-_-SERIAL_1,1,0,geometry
503,S2227608__S22-27608-_-SERIAL_2,1,1,geometry
504,S20-26719__S20-26719,1,1,geometry
505,S2516970__S25-16970____155248,1,0,geometry
506,S18-18746__S18-18746,1,1,geometry
507,S2530063__S2530063_0_BP1A2021,0,1,geometry
508,S2406754__S24-06754-_-DEEP_2,0,1,geometry
509,S17-42935__S17-42935,1,1,geometry
510,S2039743__S20-39743-C-PLHE_0,1,1,geometry
511,S2525436__S2525436_0_BP1A2021,0,0,geometry
512,S2216630__S2216630--DEEP_1,0,0,geometry
513,S2424255__S2424255,0,0,geometry
514,S2227608__S22-27608-_-SERIAL_1,1,0,geometry
515,S18-18746__S18-18746,1,0,geometry
516,S2434918__S24-34918-_-BIOPSY,1,1,geometry
517,S2524777__S2524777_0_BP1A2021,0,0,geometry
518,S2227608__S22-27608-_-SERIAL_1,1,0,geometry
519,S2406038__S2406038,0,1,geometry
520,S2235518__S22-35518-_-BIOPSY,0,0,geometry
521,S2511010__S25-11010_0_BP1A2021_052642,1,0,geometry
522,S2515598__S25-15598_0__144202,0,0,geometry
523,S2525436__S2525436_0_BP1A2021,0,0,geometry
524,S2401283__S24-01283-_-BIOPSY,0,0,geometry
525,S19-19367__S19-19367,1,1,geometry
526,S2520402__S2520402_0_BP1A2021,0,0,geometry
527,S2522980__S2522980_0_BP1A2021,0,0,geometry
528,S2511010__S25-11010_0_BP1A2021_052642,1,0,geometry
529,S2516971__S25-16971____140945,0,1,geometry
530,S20-26719__S20-26719,1,1,geometry
531,S2406754__S24-06754-_-DEEP_2,0,1,geometry
532,S2352429__S23-52429-_-BIOPSY,0,1,geometry
533,S2511008__S25-11008_0_BP1A2021_052339,1,1,geometry
534,S2511009__S25-11009_0_BP1A2021_052542,0,0,geometry
535,S2530981__S2530981_0_BP1A2021,0,0,geometry
536,S2521240__S2521240_0_BP1A2021,1,1,geometry
537,S2520404__S2520404_0_BP1A2021,0,0,geometry
538,S2530063__S2530063_0_BP1A2021,0,0,geometry
539,S2528218__S2528218_0_BP1A2021,0,1,geometry
540,S20-28924__S20-28924,0,1,geometry
541,S2434918__S24-34918-_-BIOPSY,1,1,geometry
542,S2530985__S2530985_0_BP1A2021,0,0,geometry
543,S2434918__S24-34918-_-BIOPSY,1,0,geometry
544,S2237601__S22-37601-_-,0,1,geometry
545,S2516970__S25-16970____155248,1,0,geometry
546,S2227608__S22-27608-_-SERIAL_2,1,1,geometry
547,S2039743__S20-39743-P-PLHE_3,1,1,geometry
548,S2516970__S25-16970____155248,1,1,geometry
549,S2344462__S23-44462-_-BIOPSY,0,1,geometry
550,S2406754__S24-06754-_-DEEP_2,0,1,geometry
551,S2436457__S2436457_BP1B11_C_15540_2,0,1,geometry
552,S2227604__S22-27604-_-BIOPSY,1,0,geometry
553,S2522980__S2522980_0_BP1A2021,0,1,geometry
554,S17-42935__S17-42935,1,0,geometry
555,S2511007__S25-11007_0_BP1A2021_052433,0,0,geometry
556,S2237603__S22-37603-_-_1,0,1,geometry
557,S2516971__S25-16971____155423,0,0,geometry
558,S2227608__S22-27608-_-SERIAL_2,1,1,geometry
559,S2533022__S2533022_0_BP1A2021,0,1,geometry
560,S17-42935__S17-42935,1,0,geometry
561,S20-26719__S20-26719,1,0,geometry
562,S2326329__S23-26329-_-BIOPSY,0,1,geometry
563,S2533022__S2533022_0_BP1A2021,0,1,geometry
564,S2227604__S22-27604-_-BIOPSY,1,0,geometry
565,S20-26719__S20-26719,1,1,geometry
566,S20-28924__S20-28924,0,0,geometry
567,S2237603__S22-37603-_-_1,0,1,geometry
568,S2530063__S2530063_0_BP1A2021,0,0,geometry
569,S2511010__S25-11010_0_BP1A2021_052642,1,1,geometry
570,S2227604__S22-27604-_-BIOPSY,1,0,geometry
571,S2511010__S25-11010_0_BP1A2021_052642,1,0,geometry
572,S2434918__S24-34918-_-BIOPSY,1,0,geometry
573,S2227604__S22-27604-_-BIOPSY,1,0,geometry
574,S2229537__S22-29537-_-SERIAL_1,1,0,geometry
575,S2511008__S25-11008_0_BP1A2021_052339,1,1,geometry
576,S2516971__S25-16971____140945,0,0,geometry
577,S2227604__S22-27604-_-BIOPSY,1,1,geometry
578,S19-19367__S19-19367,1,0,geometry
579,S2227604__S22-27604-_-BIOPSY,1,1,geometry
580,S2511010__S25-11010_0_BP1A2021_052642,1,1,geometry
581,S2039743__S20-39743-C-PLHE_0,1,1,geometry
582,S2524777__S2524777_0_BP1A2021,0,0,geometry
583,S2516971__S25-16971____140945,0,1,geometry
584,S2525436__S2525436_0_BP1A2021,0,1,geometry
585,S2511008__S25-11008_0_BP1A2021_052339,1,1,geometry
586,S2406038__S2406038,0,0,geometry
587,S2406754__S24-06754-_-SERIAL_1,0,1,geometry
588,S2227604__S22-27604-_-BIOPSY,1,0,geometry
589,S2511010__S25-11010_0_BP1A2021_052642,1,1,geometry
590,S2513847__S25-13847_0_BP1A2021_131603,0,0,geometry
591,S2227604__S22-27604-_-BIOPSY,1,0,geometry
592,S20-26719__S20-26719,1,0,geometry
593,S2511010__S25-11010_0_BP1A2021_052642,1,0,geometry
594,S2227608__S22-27608-_-SERIAL_1,1,0,geometry
595,S2436457__S2436457_BP1B11_C_15540_2,0,1,geometry
596,S2352429__S23-52429-_-RECUT_1,0,0,geometry
597,S2521240__S2521240_0_BP1A2021,1,1,geometry
598,S2512685__S2512685_0_,0,0,geometry
599,S2511859__S25-11859_0_BP1A2021_150616,0,1,geometry
600,S2424255__S2424255,0,1,geometry
601,S20-26719__S20-26719,1,0,geometry
602,S2039743__S20-39743-C-PLHE_0,1,0,geometry
603,S2504719__S25-04719-_-DEEP_1,0,1,geometry
604,S2216630__S2216630--DEEP_1,0,0,geometry
605,S2424250__S2424250,0,1,geometry
606,S2039743__S20-39743-L-PLHE_1,1,1,geometry
607,S2216630__S2216630--DEEP_1,0,0,geometry
608,S2216630__S2216630--DEEP_1,0,1,geometry
609,S19-19367__S19-19367,1,0,geometry
610,S2511009__S25-11009_0_BP1A2021_052542,0,1,geometry
611,S2525436__S2525436_0_BP1A2021,0,0,geometry
612,S2406754__S24-06754-_-DEEP_2,0,0,geometry
613,S2237601__S22-37601-_-,0,1,geometry
614,S2524777__S2524777_0_BP1A2021,0,1,geometry
615,S2039743__S20-39743-C-PLHE_0,1,0,geometry
616,S2039743__S20-39743-L-PLHE_1,1,0,geometry
617,S2504719__S25-04719-_-DEEP_1,0,0,geometry
618,S2227604__S22-27604-_-BIOPSY,1,1,geometry
619,S2406754__S24-06754-_-SERIAL_1,0,1,geometry
620,S2511010__S25-11010_0_BP1A2021_052642,1,1,geometry
621,S2528218__S2528218_0_BP1A2021,0,0,geometry
622,S2516970__S25-16970____155248,1,0,geometry
623,S2516971__S25-16971____140945,0,1,geometry
624,S17-42935__S17-42935,1,0,geometry
625,S2227608__S22-27608-_-SERIAL_1,1,1,geometry
626,S2511008__S25-11008_0_BP1A2021_052339,1,0,geometry
627,S19-19367__S19-19367,1,0,geometry
628,S2516971__S25-16971____155423,0,1,geometry
629,S2524777__S2524777_0_BP1A2021,0,0,geometry
630,S2128633__S2128633--DEEP,1,0,geometry
631,S2530981__S2530981_0_BP1A2021,0,1,geometry
632,S2524777__S2524777_0_BP1A2021,0,1,geometry
633,S2229537__S22-29537-_-SERIAL_1,1,0,geometry
634,S20-28924__S20-28924,0,0,geometry
635,S2406038__S2406038,0,1,geometry
636,S2235518__S22-35518-_-BIOPSY,0,1,geometry
637,S2423618__S24-23618-_-RECUT_2,0,0,geometry
638,S2533022__S2533022_0_BP1A2021,0,1,geometry
639,S2237603__S22-37603-_-_1,0,1,geometry
640,S2237601__S22-37601-_-,0,0,geometry
641,S2511008__S25-11008_0_BP1A2021_052339,1,1,geometry
642,S19-19367__S19-19367,1,1,geometry
643,S2039743__S20-39743-C-PLHE_0,1,0,geometry
644,S2511859__S25-11859_0_BP1A2021_150616,0,0,geometry
645,S17-42935__S17-42935,1,1,geometry
646,S2521240__S2521240_0_BP1A2021,1,0,geometry
647,S2227608__S22-27608-_-SERIAL_2,1,1,geometry
648,S20-26719__S20-26719,1,1,geometry
649,S2533022__S2533022_0_BP1A2021,0,0,geometry
650,S2434918__S24-34918-_-BIOPSY,1,1,geometry
651,S2235518__S22-35518-_-BIOPSY,0,0,geometry
652,S2520402__S2520402_0_BP1A2021,0,0,geometry
653,S2227604__S22-27604-_-BIOPSY,1,1,geometry
654,S2513847__S25-13847_0_BP1A2021_131603,0,1,geometry
655,S2039743__S20-39743-P-PLHE_3,1,1,geometry
656,S2533022__S2533022_0_BP1A2021,0,0,geometry
657,S2530985__S2530985_0_BP1A2021,0,1,geometry
658,S2352429__S23-52429-_-BIOPSY,0,0,geometry
659,S2521240__S2521240_0_BP1A2021,1,1,geometry
660,S17-42935__S17-42935,1,1,geometry
661,S2516971__S25-16971____140945,0,0,geometry
662,S2227604__S22-27604-_-BIOPSY,1,1,geometry
663,S2515598__S25-15598_0__144202,0,1,geometry
664,S2511008__S25-11008_0_BP1A2021_052339,1,1,geometry
665,S2512685__S2512685_0_,0,0,geometry
666,S2216630__S2216630--DEEP_1,0,0,geometry
667,S2039743__S20-39743-P-PLHE_3,1,1,geometry
668,S2406754__S24-06754-_-DEEP_2,0,0,geometry
669,S17-42935__S17-42935,1,0,geometry
670,S2530063__S2530063_0_BP1A2021,0,0,geometry
671,S2522980__S2522980_0_BP1A2021,0,1,geometry
672,S2528218__S2528218_0_BP1A2021,0,0,geometry
673,S20-26719__S20-26719,1,0,geometry
674,S20-26719__S20-26719,1,1,geometry
675,S2128633__S2128633--DEEP,1,1,geometry
676,S2516970__S25-16970____155248,1,1,geometry
677,S2516970__S25-16970____155248,1,0,geometry
678,S19-40063__S19-40063,0,0,geometry
679,S2520404__S2520404_0_BP1A2021,0,1,geometry
680,S2530981__S2530981_0_BP1A2021,0,1,geometry
681,S2516970__S25-16970____155248,1,0,geometry
682,S17-42935__S17-42935,1,0,geometry
683,S17-42935__S17-42935,1,0,geometry
684,S2434918__S24-34918-_-BIOPSY,1,0,geometry
685,S2039743__S20-39743-P-PLHE_3,1,1,geometry
686,S2511007__S25-11007_0_BP1A2021_052433,0,1,geometry
687,S20-28924__S20-28924,0,1,geometry
688,S17-42935__S17-42935,1,1,geometry
689,S18-18746__S18-18746,1,0,geometry
690,S2352429__S23-52429-_-RECUT_1,0,0,geometry
691,S2039743__S20-39743-C-PLHE_0,1,1,geometry
692,S2511010__S25-11010_0_BP1A2021_052642,1,1,geometry
693,S2434918__S24-34918-_-BIOPSY,1,0,geometry
694,S2039743__S20-39743-L-PLHE_1,1,1,geometry
695,S2344462__S23-44462-_-BIOPSY,0,1,geometry
696,S2521240__S2521240_0_BP1A2021,1,0,geometry
697,S17-42935__S17-42935,1,0,geometry
698,S2511009__S25-11009_0_BP1A2021_052542,0,1,geometry
699,S19-19367__S19-19367,1,1,geometry
700,S2511010__S25-11010_0_BP1A2021_052642,1,1,geometry
701,S2528218__S2528218_0_BP1A2021,0,0,geometry
702,S2227604__S22-27604-_-BIOPSY,1,1,geometry
703,S2039743__S20-39743-C-PLHE_0,1,1,geometry
704,S20-26719__S20-26719,1,1,geometry
705,S2525436__S2525436_0_BP1A2021,0,0,geometry
706,S2511007__S25-11007_0_BP1A2021_052433,0,1,geometry
707,S2227608__S22-27608-_-SERIAL_1,1,0,geometry
708,S20-26719__S20-26719,1,1,geometry
709,S2511010__S25-11010_0_BP1A2021_052642,1,0,geometry
710,S2524777__S2524777_0_BP1A2021,0,0,geometry
711,S2227608__S22-27608-_-SERIAL_1,1,1,geometry
712,S17-42935__S17-42935,1,0,geometry
713,S2511859__S25-11859_0_BP1A2021_150616,0,1,geometry
714,S2511007__S25-11007_0_BP1A2021_052433,0,0,geometry
715,S2352429__S23-52429-_-RECUT_1,0,1,geometry
716,S2504719__S25-04719-_-DEEP_1,0,0,geometry
717,S2352429__S23-52429-_-BIOPSY,0,0,geometry
718,S20-26719__S20-26719,1,1,geometry
719,S2521240__S2521240_0_BP1A2021,1,0,geometry
720,S2516970__S25-16970____155248,1,0,geometry
721,S2531985__S2531985_0_BP1A2021,0,0,geometry
722,S2227608__S22-27608-_-SERIAL_2,1,0,geometry
723,S2511008__S25-11008_0_BP1A2021_052339,1,0,geometry
724,S2521240__S2521240_0_BP1A2021,1,1,geometry
725,S2513847__S25-13847_0_BP1A2021_131603,0,1,geometry
726,S2128633__S2128633--DEEP,1,0,geometry
727,S2237601__S22-37601-_-,0,1,geometry
728,S2511010__S25-11010_0_BP1A2021_052642,1,0,geometry
729,S2520402__S2520402_0_BP1A2021,0,1,geometry
730,S2229537__S22-29537-_-SERIAL_1,1,0,geometry
731,S2521240__S2521240_0_BP1A2021,1,1,geometry
732,S2511010__S25-11010_0_BP1A2021_052642,1,1,geometry
733,S2511008__S25-11008_0_BP1A2021_052339,1,0,geometry
734,S2229537__S22-29537-_-SERIAL_1,1,0,geometry
735,S2235518__S22-35518-_-BIOPSY,0,0,geometry
736,S2237601__S22-37601-_-,0,0,geometry
737,S2521240__S2521240_0_BP1A2021,1,1,geometry
738,S2434918__S24-34918-_-BIOPSY,1,1,geometry
739,S2039743__S20-39743-P-PLHE_3,1,0,geometry
740,S2344462__S23-44462-_-BIOPSY,0,1,geometry
741,S2516970__S25-16970____155248,1,1,geometry
742,S2039743__S20-39743-L-PLHE_1,1,1,geometry
743,S2128633__S2128633--DEEP,1,1,geometry
744,S2436457__S2436457_BP1B11_C_15540_2,0,0,geometry
745,S2436457__S2436457_BP1B11_C_15540_2,0,1,geometry
746,S2344462__S23-44462-_-BIOPSY,0,1,geometry
747,S2229537__S22-29537-_-SERIAL_1,1,0,geometry
748,S2128633__S2128633--DEEP,1,1,geometry
749,S2424255__S2424255,0,0,geometry
750,S2227608__S22-27608-_-SERIAL_1,1,1,geometry
751,S2511859__S25-11859_0_BP1A2021_150616,0,1,geometry
752,S2229537__S22-29537-_-SERIAL_1,1,1,geometry
753,S2039743__S20-39743-C-PLHE_0,1,0,geometry
754,S2406038__S2406038,0,1,geometry
755,S2511859__S25-11859_0_BP1A2021_150616,0,0,geometry
756,S2512685__S2512685_0_,0,1,geometry
757,S2128633__S2128633--DEEP,1,0,geometry
758,S2511008__S25-11008_0_BP1A2021_052339,1,0,geometry
759,S2128633__S2128633--DEEP,1,0,geometry
760,S2530981__S2530981_0_BP1A2021,0,1,geometry
761,S2531985__S2531985_0_BP1A2021,0,1,geometry
762,S2227608__S22-27608-_-SERIAL_2,1,0,geometry
763,S2406754__S24-06754-_-DEEP_2,0,1,geometry
764,S2434918__S24-34918-_-BIOPSY,1,0,geometry
765,S20-26719__S20-26719,1,0,geometry
766,S2511008__S25-11008_0_BP1A2021_052339,1,1,geometry
767,S2352429__S23-52429-_-BIOPSY,0,0,geometry
768,S2511008__S25-11008_0_BP1A2021_052339,1,1,geometry
769,S2424250__S2424250,0,1,geometry
770,S2235518__S22-35518-_-BIOPSY,0,0,geometry
771,S2436457__S2436457_BP1B11_C_15540_2,0,1,geometry
772,S2423618__S24-23618-_-RECUT_2,0,0,geometry
773,S2511010__S25-11010_0_BP1A2021_052642,1,0,geometry
774,S19-40063__S19-40063,0,1,geometry
775,S2531985__S2531985_0_BP1A2021,0,1,geometry
776,S2511010__S25-11010_0_BP1A2021_052642,1,1,geometry
777,S2039743__S20-39743-C-PLHE_0,1,1,geometry
778,S2524777__S2524777_0_BP1A2021,0,0,geometry
779,S2511010__S25-11010_0_BP1A2021_052642,1,1,geometry
780,S2227608__S22-27608-_-SERIAL_2,1,0,geometry
781,S2406754__S24-06754-_-SERIAL_1,0,0,geometry
782,S2516970__S25-16970____155248,1,0,geometry
783,S2516970__S25-16970____155248,1,1,geometry
784,S19-19367__S19-19367,1,0,geometry
785,S2039743__S20-39743-P-PLHE_3,1,0,geometry
786,S2520402__S2520402_0_BP1A2021,0,0,geometry
787,S2237601__S22-37601-_-,0,1,geometry
788,S19-19367__S19-19367,1,1,geometry
789,S2326329__S23-26329-_-BIOPSY,0,1,geometry
790,S2039743__S20-39743-C-PLHE_0,1,1,geometry
791,S2511010__S25-11010_0_BP1A2021_052642,1,0,geometry
792,S2128633__S2128633--DEEP,1,1,geometry
793,S2409390__S2409390,0,1,geometry
794,S2524777__S2524777_0_BP1A2021,0,1,geometry
795,S2424255__S2424255,0,1,geometry
796,S2423618__S24-23618-_-RECUT_2,0,0,geometry
797,S2511009__S25-11009_0_BP1A2021_052542,0,0,geometry
798,S2504719__S25-04719-_-DEEP_1,0,0,geometry
799,S2128633__S2128633--DEEP,1,1,geometry
800,S2530985__S2530985_0_BP1A2021,0,1,geometry
801,S2039743__S20-39743-L-PLHE_1,1,1,geometry
802,S2511010__S25-11010_0_BP1A2021_052642,1,0,geometry
803,S2511007__S25-11007_0_BP1A2021_052433,0,1,geometry
804,S2530985__S2530985_0_BP1A2021,0,0,geometry
805,S2533022__S2533022_0_BP1A2021,0,1,geometry
806,S2406754__S24-06754-_-SERIAL_1,0,0,geometry
807,S2520404__S2520404_0_BP1A2021,0,1,geometry
808,S2522980__S2522980_0_BP1A2021,0,1,geometry
809,S2039743__S20-39743-L-PLHE_1,1,0,geometry
810,S2511859__S25-11859_0_BP1A2021_150616,0,0,geometry
811,S2511007__S25-11007_0_BP1A2021_052433,0,0,geometry
812,S2521240__S2521240_0_BP1A2021,1,0,geometry
813,S2522980__S2522980_0_BP1A2021,0,1,geometry
814,S2409390__S2409390,0,1,geometry
815,S2352429__S23-52429-_-BIOPSY,0,1,geometry
816,S2528218__S2528218_0_BP1A2021,0,0,geometry
817,S2424255__S2424255,0,1,geometry
818,S2511008__S25-11008_0_BP1A2021_052339,1,0,geometry
819,S2511008__S25-11008_0_BP1A2021_052339,1,0,geometry
820,S2227608__S22-27608-_-SERIAL_1,1,0,geometry
821,S2216630__S2216630--DEEP_1,0,0,geometry
822,S2406038__S2406038,0,1,geometry
823,S2520402__S2520402_0_BP1A2021,0,0,geometry
824,S2227604__S22-27604-_-BIOPSY,1,1,geometry
825,S19-19367__S19-19367,1,1,geometry
826,S2511010__S25-11010_0_BP1A2021_052642,1,0,geometry
827,S2513847__S25-13847_0_BP1A2021_131603,0,0,geometry
828,S18-18746__S18-18746,1,1,geometry
829,S2039743__S20-39743-L-PLHE_1,1,0,geometry
830,S2216630__S2216630--DEEP_1,0,0,geometry
831,S2229537__S22-29537-_-SERIAL_1,1,1,geometry
832,S2227608__S22-27608-_-SERIAL_1,1,1,geometry
833,S2516971__S25-16971____155423,0,0,geometry
834,S2039743__S20-39743-P-PLHE_3,1,0,geometry
835,S2227608__S22-27608-_-SERIAL_2,1,1,geometry
836,S2511010__S25-11010_0_BP1A2021_052642,1,1,geometry
837,S2520404__S2520404_0_BP1A2021,0,0,geometry
838,S2515598__S25-15598_0__144202,0,0,geometry
839,S2235518__S22-35518-_-BIOPSY,0,1,geometry
840,S2434918__S24-34918-_-BIOPSY,1,0,geometry
841,S2237601__S22-37601-_-,0,1,geometry
842,S2406038__S2406038,0,0,geometry
843,S2520404__S2520404_0_BP1A2021,0,0,geometry
844,S2039743__S20-39743-P-PLHE_3,1,0,geometry
845,S2520402__S2520402_0_BP1A2021,0,0,geometry
846,S2227608__S22-27608-_-SERIAL_2,1,1,geometry
847,S2434918__S24-34918-_-BIOPSY,1,1,geometry
848,S2515598__S25-15598_0__144202,0,1,geometry
849,S2511859__S25-11859_0_BP1A2021_150616,0,1,geometry
850,S2227608__S22-27608-_-SERIAL_1,1,0,geometry
851,S2237601__S22-37601-_-,0,0,geometry
852,S20-26719__S20-26719,1,1,geometry
853,S2533022__S2533022_0_BP1A2021,0,0,geometry
854,S20-26719__S20-26719,1,1,geometry
855,S2531985__S2531985_0_BP1A2021,0,0,geometry
856,S18-18746__S18-18746,1,1,geometry
857,S19-40063__S19-40063,0,1,geometry
858,S2237601__S22-37601-_-,0,1,geometry
859,S2533022__S2533022_0_BP1A2021,0,1,geometry
860,S2406038__S2406038,0,1,geometry
861,S2524777__S2524777_0_BP1A2021,0,1,geometry
862,S2513847__S25-13847_0_BP1A2021_131603,0,1,geometry
863,S2409390__S2409390,0,1,geometry
864,S20-28924__S20-28924,0,0,geometry
865,S2229537__S22-29537-_-SERIAL_1,1,1,geometry
866,S2513847__S25-13847_0_BP1A2021_131603,0,1,geometry
867,S2522980__S2522980_0_BP1A2021,0,0,geometry
868,S2423618__S24-23618-_-RECUT_2,0,1,geometry
869,S2227608__S22-27608-_-SERIAL_2,1,1,geometry
870,S2516971__S25-16971____155423,0,1,geometry
871,S2424250__S2424250,0,0,geometry
872,S2511008__S25-11008_0_BP1A2021_052339,1,1,geometry
873,S2515598__S25-15598_0__144202,0,0,geometry
874,S2516970__S25-16970____155248,1,1,geometry
875,S2406038__S2406038,0,1,geometry
876,S2039743__S20-39743-C-PLHE_0,1,0,geometry
877,S2237603__S22-37603-_-_1,0,0,geometry
878,S2039743__S20-39743-C-PLHE_0,1,1,geometry
879,S2516970__S25-16970____155248,1,0,geometry
880,S2530985__S2530985_0_BP1A2021,0,0,geometry
881,S2237601__S22-37601-_-,0,1,geometry
882,S19-19367__S19-19367,1,0,geometry
883,S2229537__S22-29537-_-SERIAL_1,1,1,geometry
884,S2511008__S25-11008_0_BP1A2021_052339,1,0,geometry
885,S2533022__S2533022_0_BP1A2021,0,1,geometry
886,S2216630__S2216630--DEEP_1,0,0,geometry
887,S2512685__S2512685_0_,0,1,geometry
888,S2406754__S24-06754-_-SERIAL_1,0,1,geometry
889,S2516970__S25-16970____155248,1,1,geometry
890,S2530063__S2530063_0_BP1A2021,0,1,geometry
891,S2227604__S22-27604-_-BIOPSY,1,1,geometry
892,S18-18746__S18-18746,1,0,geometry
893,S2515598__S25-15598_0__144202,0,0,geometry
894,S17-42935__S17-42935,1,1,geometry
895,S2511008__S25-11008_0_BP1A2021_052339,1,0,geometry
896,S2039743__S20-39743-L-PLHE_1,1,0,geometry
897,S2039743__S20-39743-C-PLHE_0,1,0,geometry
898,S2227604__S22-27604-_-BIOPSY,1,0,geometry
899,S2530985__S2530985_0_BP1A2021,0,0,geometry
900,S2515598__S25-15598_0__144202,0,0,geometry
901,S2521240__S2521240_0_BP1A2021,1,1,geometry
902,S2128633__S2128633--DEEP,1,0,geometry
903,S2522980__S2522980_0_BP1A2021,0,1,geometry
904,S2128633__S2128633--DEEP,1,1,geometry
905,S2227608__S22-27608-_-SERIAL_2,1,0,geometry
906,S2434918__S24-34918-_-BIOPSY,1,0,geometry
907,S2516970__S25-16970____155248,1,0,geometry
908,S2521240__S2521240_0_BP1A2021,1,1,geometry
909,S2516970__S25-16970____155248,1,1,geometry
910,S18-18746__S18-18746,1,0,geometry
911,S2406754__S24-06754-_-SERIAL_1,0,0,geometry
912,S2424255__S2424255,0,1,geometry
913,S2406754__S24-06754-_-DEEP_2,0,0,geometry
914,S2521240__S2521240_0_BP1A2021,1,0,geometry
915,S2227604__S22-27604-_-BIOPSY,1,0,geometry
916,S2436457__S2436457_BP1B11_C_15540_2,0,0,geometry
917,S2512685__S2512685_0_,0,0,geometry
918,S2227608__S22-27608-_-SERIAL_1,1,1,geometry
919,S2436457__S2436457_BP1B11_C_15540_2,0,0,geometry
920,S2227608__S22-27608-_-SERIAL_1,1,0,geometry
921,S2511008__S25-11008_0_BP1A2021_052339,1,1,geometry
922,S2352429__S23-52429-_-BIOPSY,0,1,geometry
923,S2235518__S22-35518-_-BIOPSY,0,1,geometry
924,S2423618__S24-23618-_-RECUT_2,0,1,geometry
925,S2344462__S23-44462-_-BIOPSY,0,1,geometry
926,S2504719__S25-04719-_-DEEP_1,0,1,geometry
927,S2511010__S25-11010_0_BP1A2021_052642,1,0,geometry
928,S2237601__S22-37601-_-,0,0,geometry
929,S2216630__S2216630--DEEP_1,0,1,geometry
930,S2533022__S2533022_0_BP1A2021,0,0,geometry
931,S2235518__S22-35518-_-BIOPSY,0,1,geometry
932,S19-40063__S19-40063,0,1,geometry
933,S2511008__S25-11008_0_BP1A2021_052339,1,1,geometry
934,S2326329__S23-26329-_-BIOPSY,0,1,geometry
935,S2424250__S2424250,0,0,geometry
936,S2237603__S22-37603-_-_1,0,1,geometry
937,S2530063__S2530063_0_BP1A2021,0,1,geometry
938,S2352429__S23-52429-_-BIOPSY,0,1,geometry
939,S2521240__S2521240_0_BP1A2021,1,1,geometry
940,S20-26719__S20-26719,1,0,geometry
941,S2525436__S2525436_0_BP1A2021,0,0,geometry
942,S2520404__S2520404_0_BP1A2021,0,1,geometry
943,S20-26719__S20-26719,1,0,geometry
944,S2401283__S24-01283-_-BIOPSY,0,1,geometry
945,S2229537__S22-29537-_-SERIAL_1,1,1,geometry
946,S2511859__S25-11859_0_BP1A2021_150616,0,1,geometry
947,S17-42935__S17-42935,1,1,geometry
948,S2227608__S22-27608-_-SERIAL_2,1,1,geometry
949,S2511008__S25-11008_0_BP1A2021_052339,1,0,geometry
950,S2227608__S22-27608-_-SERIAL_2,1,1,geometry
951,S2525436__S2525436_0_BP1A2021,0,0,geometry
952,S20-28924__S20-28924,0,0,geometry
953,S2229537__S22-29537-_-SERIAL_1,1,0,geometry
954,S2039743__S20-39743-C-PLHE_0,1,0,geometry
955,S2434918__S24-34918-_-BIOPSY,1,0,geometry
956,S2326329__S23-26329-_-BIOPSY,0,0,geometry
957,S2513847__S25-13847_0_BP1A2021_131603,0,1,geometry
958,S2352429__S23-52429-_-BIOPSY,0,1,geometry
959,S2511010__S25-11010_0_BP1A2021_052642,1,0,geometry
960,S2039743__S20-39743-C-PLHE_0,1,1,geometry
961,S19-19367__S19-19367,1,0,geometry
962,S2511010__S25-11010_0_BP1A2021_052642,1,0,geometry
963,S2227604__S22-27604-_-BIOPSY,1,0,geometry
964,S2516970__S25-16970____155248,1,0,geometry
965,S2424255__S2424255,0,0,geometry
966,S2237603__S22-37603-_-_1,0,0,geometry
967,S2516971__S25-16971____140945,0,0,geometry
968,S2406754__S24-06754-_-SERIAL_1,0,1,geometry
969,S2227608__S22-27608-_-SERIAL_2,1,1,geometry
970,S2424255__S2424255,0,0,geometry
971,S2401283__S24-01283-_-BIOPSY,0,1,geometry
972,S2533022__S2533022_0_BP1A2021,0,0,geometry
973,S20-28924__S20-28924,0,1,geometry
974,S2424250__S2424250,0,1,geometry
975,S2227604__S22-27604-_-BIOPSY,1,0,geometry
976,S2520402__S2520402_0_BP1A2021,0,0,geometry
977,S2039743__S20-39743-P-PLHE_3,1,0,geometry
978,S2521240__S2521240_0_BP1A2021,1,1,geometry
979,S2530063__S2530063_0_BP1A2021,0,0,geometry
980,S19-40063__S19-40063,0,1,geometry
981,S2401283__S24-01283-_-BIOPSY,0,0,geometry
982,S2521240__S2521240_0_BP1A2021,1,0,geometry
983,S2406038__S2406038,0,1,geometry
984,S19-19367__S19-19367,1,1,geometry
985,S17-42935__S17-42935,1,1,geometry
986,S2352429__S23-52429-_-BIOPSY,0,1,geometry
987,S2352429__S23-52429-_-RECUT_1,0,1,geometry
988,S18-18746__S18-18746,1,1,geometry
989,S2227608__S22-27608-_-SERIAL_2,1,0,geometry
990,S2229537__S22-29537-_-SERIAL_1,1,1,geometry
991,S2530985__S2530985_0_BP1A2021,0,0,geometry
992,S2216630__S2216630--DEEP_1,0,0,geometry
993,S19-19367__S19-19367,1,1,geometry
994,S19-19367__S19-19367,1,0,geometry
995,S2352429__S23-52429-_-RECUT_1,0,0,geometry
996,S2530985__S2530985_0_BP1A2021,0,1,geometry
997,S19-19367__S19-19367,1,0,geometry
998,S2530985__S2530985_0_BP1A2021,0,1,geometry
999,S2423618__S24-23618-_-RECUT_2,0,1,geometry
1000,S2511008__S25-11008_0_BP1A2021_052339,1,1,geometry
1001,S2533022__S2533022_0_BP1A2021,0,0,geometry
1002,S2512685__S2512685_0_,0,0,geometry
1003,S2229537__S22-29537-_-SERIAL_1,1,1,geometry
1004,S20-26719__S20-26719,1,1,geometry
1005,S2511008__S25-11008_0_BP1A2021_052339,1,0,geometry
1006,S2504719__S25-04719-_-DEEP_1,0,1,geometry
1007,S2436457__S2436457_BP1B11_C_15540_2,0,0,geometry
1008,S2511008__S25-11008_0_BP1A2021_052339,1,0,geometry
1009,S2521240__S2521240_0_BP1A2021,1,0,geometry
1010,S2227608__S22-27608-_-SERIAL_1,1,0,geometry
1011,S2039743__S20-39743-C-PLHE_0,1,0,geometry
1012,S2530985__S2530985_0_BP1A2021,0,1,geometry
1013,S2128633__S2128633--DEEP,1,0,geometry
1014,S2039743__S20-39743-P-PLHE_3,1,1,geometry
1015,S2039743__S20-39743-P-PLHE_3,1,1,geometry
1016,S2227604__S22-27604-_-BIOPSY,1,0,geometry
1017,S2511009__S25-11009_0_BP1A2021_052542,0,1,geometry
1018,S2516971__S25-16971____155423,0,0,geometry
1019,S2401283__S24-01283-_-BIOPSY,0,1,geometry
1020,S2511009__S25-11009_0_BP1A2021_052542,0,1,geometry
1021,S2401283__S24-01283-_-BIOPSY,0,0,geometry
1022,S2128633__S2128633--DEEP,1,1,geometry
1023,S20-26719__S20-26719,1,1,geometry
1024,S2039743__S20-39743-C-PLHE_0,1,0,geometry
1025,S17-42935__S17-42935,1,0,geometry
1026,S2530063__S2530063_0_BP1A2021,0,1,geometry
1027,S2237601__S22-37601-_-,0,0,geometry
1028,S2235518__S22-35518-_-BIOPSY,0,1,geometry
1029,S2521240__S2521240_0_BP1A2021,1,0,geometry
1030,S2521240__S2521240_0_BP1A2021,1,1,geometry
1031,S2216630__S2216630--DEEP_1,0,1,geometry
1032,S2401283__S24-01283-_-BIOPSY,0,1,geometry
1033,S2406754__S24-06754-_-SERIAL_1,0,1,geometry
1034,S2434918__S24-34918-_-BIOPSY,1,1,geometry
1035,S2237603__S22-37603-_-_1,0,1,geometry
1036,S2524777__S2524777_0_BP1A2021,0,1,geometry
1037,S2424255__S2424255,0,0,geometry
1038,S20-26719__S20-26719,1,0,geometry
1039,S2521240__S2521240_0_BP1A2021,1,1,geometry
1040,S18-18746__S18-18746,1,0,geometry
1041,S2511008__S25-11008_0_BP1A2021_052339,1,1,geometry
1042,S2520402__S2520402_0_BP1A2021,0,0,geometry
1043,S2512685__S2512685_0_,0,0,geometry
1044,S2516970__S25-16970____155248,1,0,geometry
1045,S2511010__S25-11010_0_BP1A2021_052642,1,0,geometry
1046,S2515598__S25-15598_0__144202,0,1,geometry
1047,S2504719__S25-04719-_-DEEP_1,0,1,geometry
1048,S2039743__S20-39743-L-PLHE_1,1,1,geometry
1049,S2516971__S25-16971____155423,0,1,geometry
1050,S2039743__S20-39743-L-PLHE_1,1,0,geometry
1051,S17-42935__S17-42935,1,0,geometry
1052,S18-18746__S18-18746,1,0,geometry
1053,S2528218__S2528218_0_BP1A2021,0,0,geometry
1054,S2406754__S24-06754-_-SERIAL_1,0,0,geometry
1055,S2516970__S25-16970____155248,1,1,geometry
1056,S2344462__S23-44462-_-BIOPSY,0,0,geometry
1057,S2227604__S22-27604-_-BIOPSY,1,1,geometry
1058,S2424255__S2424255,0,0,geometry
1059,S2424250__S2424250,0,0,geometry
1060,S2516970__S25-16970____155248,1,1,geometry
1061,S2530985__S2530985_0_BP1A2021,0,1,geometry
1062,S2434918__S24-34918-_-BIOPSY,1,0,geometry
1063,S19-19367__S19-19367,1,0,geometry
1064,S17-42935__S17-42935,1,1,geometry
1065,S19-19367__S19-19367,1,1,geometry
1066,S2511009__S25-11009_0_BP1A2021_052542,0,1,geometry
1067,S2039743__S20-39743-P-PLHE_3,1,0,geometry
1068,S2235518__S22-35518-_-BIOPSY,0,1,geometry
1069,S2511008__S25-11008_0_BP1A2021_052339,1,0,geometry
1070,S2516971__S25-16971____155423,0,0,geometry
1071,S2516970__S25-16970____155248,1,1,geometry
1072,S18-18746__S18-18746,1,0,geometry
1073,S2409390__S2409390,0,1,geometry
1074,S2237601__S22-37601-_-,0,1,geometry
1075,S2424255__S2424255,0,1,geometry
1076,S2406754__S24-06754-_-SERIAL_1,0,1,geometry
1077,S2521240__S2521240_0_BP1A2021,1,0,geometry
1078,S2409390__S2409390,0,0,geometry
1079,S2039743__S20-39743-P-PLHE_3,1,0,geometry
1080,S2512685__S2512685_0_,0,1,geometry
1081,S2039743__S20-39743-L-PLHE_1,1,0,geometry
1082,S2406038__S2406038,0,0,geometry
1083,S2227608__S22-27608-_-SERIAL_1,1,0,geometry
1084,S2227608__S22-27608-_-SERIAL_2,1,1,geometry
1085,S2530063__S2530063_0_BP1A2021,0,0,geometry
1086,S2039743__S20-39743-C-PLHE_0,1,0,geometry
1087,S2512685__S2512685_0_,0,0,geometry
1088,S2227604__S22-27604-_-BIOPSY,1,1,geometry
1089,S2039743__S20-39743-P-PLHE_3,1,1,geometry
1090,S2039743__S20-39743-C-PLHE_0,1,1,geometry
1091,S2227608__S22-27608-_-SERIAL_1,1,0,geometry
1092,S2344462__S23-44462-_-BIOPSY,0,0,geometry
1093,S2039743__S20-39743-P-PLHE_3,1,1,geometry
1094,S2344462__S23-44462-_-BIOPSY,0,0,geometry
1095,S2434918__S24-34918-_-BIOPSY,1,1,geometry
1096,S18-18746__S18-18746,1,1,geometry
1097,S2039743__S20-39743-L-PLHE_1,1,0,geometry
1098,S2423618__S24-23618-_-RECUT_2,0,0,geometry
1099,S2039743__S20-39743-P-PLHE_3,1,1,geometry
1100,S2504719__S25-04719-_-DEEP_1,0,0,geometry
1101,S20-26719__S20-26719,1,0,geometry
1102,S2511008__S25-11008_0_BP1A2021_052339,1,1,geometry
1103,S2525436__S2525436_0_BP1A2021,0,0,geometry
1104,S2227604__S22-27604-_-BIOPSY,1,1,geometry
1105,S2227608__S22-27608-_-SERIAL_2,1,1,geometry
1106,S2227604__S22-27604-_-BIOPSY,1,1,geometry
1107,S2227608__S22-27608-_-SERIAL_1,1,1,geometry
1108,S2424250__S2424250,0,0,geometry
1109,S2401283__S24-01283-_-BIOPSY,0,0,geometry
1110,S2516971__S25-16971____140945,0,1,geometry
1111,S2229537__S22-29537-_-SERIAL_1,1,1,geometry
1112,S20-26719__S20-26719,1,1,geometry
1113,S2511010__S25-11010_0_BP1A2021_052642,1,0,geometry
1114,S19-19367__S19-19367,1,1,geometry
1115,S2423618__S24-23618-_-RECUT_2,0,1,geometry
1116,S2039743__S20-39743-P-PLHE_3,1,0,geometry
1117,S2436457__S2436457_BP1B11_C_15540_2,0,1,geometry
1118,S18-18746__S18-18746,1,1,geometry
1119,S2039743__S20-39743-L-PLHE_1,1,0,geometry
1120,S2530063__S2530063_0_BP1A2021,0,1,geometry
1121,S2401283__S24-01283-_-BIOPSY,0,1,geometry
1122,S2326329__S23-26329-_-BIOPSY,0,1,geometry
1123,S2401283__S24-01283-_-BIOPSY,0,0,geometry
1124,S2434918__S24-34918-_-BIOPSY,1,0,geometry
1125,S2525436__S2525436_0_BP1A2021,0,1,geometry
1126,S2434918__S24-34918-_-BIOPSY,1,0,geometry
1127,S2511008__S25-11008_0_BP1A2021_052339,1,0,geometry
1128,S2516971__S25-16971____155423,0,0,geometry
1129,S2401283__S24-01283-_-BIOPSY,0,1,geometry
1130,S18-18746__S18-18746,1,0,geometry
1131,S2229537__S22-29537-_-SERIAL_1,1,1,geometry
1132,S2401283__S24-01283-_-BIOPSY,0,1,geometry
1133,S2511007__S25-11007_0_BP1A2021_052433,0,1,geometry
1134,S17-42935__S17-42935,1,1,geometry
1135,S2528218__S2528218_0_BP1A2021,0,1,geometry
1136,S2227608__S22-27608-_-SERIAL_2,1,0,geometry
1137,S2406754__S24-06754-_-SERIAL_1,0,0,geometry
1138,S2504719__S25-04719-_-DEEP_1,0,1,geometry
1139,S2530063__S2530063_0_BP1A2021,0,0,geometry
1140,S2227608__S22-27608-_-SERIAL_1,1,1,geometry
1141,S2326329__S23-26329-_-BIOPSY,0,0,geometry
1142,S2237601__S22-37601-_-,0,1,geometry
1143,S2513847__S25-13847_0_BP1A2021_131603,0,1,geometry
1144,S2128633__S2128633--DEEP,1,1,geometry
1145,S2511010__S25-11010_0_BP1A2021_052642,1,1,geometry
1146,S2525436__S2525436_0_BP1A2021,0,1,geometry
1147,S2516971__S25-16971____140945,0,0,geometry
1148,S2528218__S2528218_0_BP1A2021,0,0,geometry
1149,S2424250__S2424250,0,0,geometry
1150,S2235518__S22-35518-_-BIOPSY,0,0,geometry
1151,S2039743__S20-39743-L-PLHE_1,1,1,geometry
1152,S2039743__S20-39743-L-PLHE_1,1,1,geometry
1153,S2227604__S22-27604-_-BIOPSY,1,0,geometry
1154,S2511009__S25-11009_0_BP1A2021_052542,0,0,geometry
1155,S2533022__S2533022_0_BP1A2021,0,1,geometry
1156,S2511010__S25-11010_0_BP1A2021_052642,1,0,geometry
1157,S2434918__S24-34918-_-BIOPSY,1,0,geometry
1158,S2511007__S25-11007_0_BP1A2021_052433,0,0,geometry
1159,S20-28924__S20-28924,0,0,geometry
1160,S2520402__S2520402_0_BP1A2021,0,1,geometry
1161,S2409390__S2409390,0,0,geometry
1162,S2039743__S20-39743-L-PLHE_1,1,1,geometry
1163,S2227604__S22-27604-_-BIOPSY,1,1,geometry
1164,S2434918__S24-34918-_-BIOPSY,1,0,geometry
1165,S2406754__S24-06754-_-DEEP_2,0,0,geometry
1166,S18-18746__S18-18746,1,0,geometry
1167,S2128633__S2128633--DEEP,1,1,geometry
1168,S2513847__S25-13847_0_BP1A2021_131603,0,0,geometry
1169,S2434918__S24-34918-_-BIOPSY,1,0,geometry
1170,S2424255__S2424255,0,0,geometry
1171,S2039743__S20-39743-P-PLHE_3,1,1,geometry
1172,S20-28924__S20-28924,0,0,geometry
1173,S2511008__S25-11008_0_BP1A2021_052339,1,0,geometry
1174,S2513847__S25-13847_0_BP1A2021_131603,0,1,geometry
1175,S2039743__S20-39743-L-PLHE_1,1,1,geometry
1176,S2216630__S2216630--DEEP_1,0,1,geometry
1177,S2352429__S23-52429-_-RECUT_1,0,1,geometry
1178,S2521240__S2521240_0_BP1A2021,1,0,geometry
1179,S2227608__S22-27608-_-SERIAL_2,1,1,geometry
1180,S2344462__S23-44462-_-BIOPSY,0,0,geometry
1181,S2406038__S2406038,0,1,geometry
1182,S2530981__S2530981_0_BP1A2021,0,1,geometry
1183,S2521240__S2521240_0_BP1A2021,1,1,geometry
1184,S2516971__S25-16971____140945,0,1,geometry
1185,S2409390__S2409390,0,1,geometry
1186,S2227604__S22-27604-_-BIOPSY,1,1,geometry
1187,S2409390__S2409390,0,0,geometry
1188,S2401283__S24-01283-_-BIOPSY,0,1,geometry
1189,S20-28924__S20-28924,0,0,geometry
1190,S2039743__S20-39743-P-PLHE_3,1,0,geometry
1191,S2216630__S2216630--DEEP_1,0,1,geometry
1192,S2515598__S25-15598_0__144202,0,0,geometry
1193,S2039743__S20-39743-C-PLHE_0,1,0,geometry
1194,S2511009__S25-11009_0_BP1A2021_052542,0,1,geometry
1195,S2516970__S25-16970____155248,1,0,geometry
1196,S2516970__S25-16970____155248,1,0,geometry
1197,S2227608__S22-27608-_-SERIAL_1,1,0,geometry
1198,S17-42935__S17-42935,1,1,geometry
1199,S2227604__S22-27604-_-BIOPSY,1,1,geometry
1200,S2227604__S22-27604-_-BIOPSY,1,1,geometry
1201,S2128633__S2128633--DEEP,1,1,geometry
1202,S2344462__S23-44462-_-BIOPSY,0,1,geometry
1203,S2516970__S25-16970____155248,1,0,geometry
1204,S2511008__S25-11008_0_BP1A2021_052339,1,0,geometry
1205,S2504719__S25-04719-_-DEEP_1,0,0,geometry
1206,S2039743__S20-39743-P-PLHE_3,1,1,geometry
1207,S2434918__S24-34918-_-BIOPSY,1,0,geometry
1208,S2039743__S20-39743-C-PLHE_0,1,1,geometry
1209,S2423618__S24-23618-_-RECUT_2,0,1,geometry
1210,S19-19367__S19-19367,1,1,geometry
1211,S2409390__S2409390,0,0,geometry
1212,S2326329__S23-26329-_-BIOPSY,0,0,geometry
1213,S2229537__S22-29537-_-SERIAL_1,1,1,geometry
1214,S2522980__S2522980_0_BP1A2021,0,0,geometry
1215,S19-40063__S19-40063,0,1,geometry
1216,S2128633__S2128633--DEEP,1,0,geometry
1217,S2521240__S2521240_0_BP1A2021,1,0,geometry
1218,S2039743__S20-39743-C-PLHE_0,1,0,geometry
1219,S2511008__S25-11008_0_BP1A2021_052339,1,0,geometry
1220,S2326329__S23-26329-_-BIOPSY,0,1,geometry
1221,S2229537__S22-29537-_-SERIAL_1,1,0,geometry
1222,S2516971__S25-16971____155423,0,0,geometry
1223,S2229537__S22-29537-_-SERIAL_1,1,0,geometry
1224,S2511008__S25-11008_0_BP1A2021_052339,1,1,geometry
1225,S2039743__S20-39743-P-PLHE_3,1,1,geometry
1226,S2511008__S25-11008_0_BP1A2021_052339,1,0,geometry
1227,S2533022__S2533022_0_BP1A2021,0,1,geometry
1228,S2530063__S2530063_0_BP1A2021,0,0,geometry
1229,S2039743__S20-39743-P-PLHE_3,1,0,geometry
1230,S2039743__S20-39743-P-PLHE_3,1,1,geometry
1231,S19-40063__S19-40063,0,0,geometry
1232,S2531985__S2531985_0_BP1A2021,0,0,geometry
1233,S2216630__S2216630--DEEP_1,0,1,geometry
1234,S19-19367__S19-19367,1,0,geometry
1235,S2530985__S2530985_0_BP1A2021,0,0,geometry
1236,S2530981__S2530981_0_BP1A2021,0,1,geometry
1237,S2039743__S20-39743-C-PLHE_0,1,0,geometry
1238,S2128633__S2128633--DEEP,1,1,geometry
1239,S2530985__S2530985_0_BP1A2021,0,1,geometry
1240,S2326329__S23-26329-_-BIOPSY,0,1,geometry
1241,S2511008__S25-11008_0_BP1A2021_052339,1,0,geometry
1242,S2227608__S22-27608-_-SERIAL_2,1,1,geometry
1243,S2511010__S25-11010_0_BP1A2021_052642,1,1,geometry
1244,S18-18746__S18-18746,1,1,geometry
1245,S2227604__S22-27604-_-BIOPSY,1,0,geometry
1246,S2216630__S2216630--DEEP_1,0,1,geometry
1247,S2216630__S2216630--DEEP_1,0,1,geometry
1248,S2229537__S22-29537-_-SERIAL_1,1,1,geometry
1249,S2434918__S24-34918-_-BIOPSY,1,0,geometry
1250,S2344462__S23-44462-_-BIOPSY,0,0,geometry
1251,S20-26719__S20-26719,1,1,geometry
1252,S2436457__S2436457_BP1B11_C_15540_2,0,1,geometry
1253,S2525436__S2525436_0_BP1A2021,0,1,geometry
1254,S2344462__S23-44462-_-BIOPSY,0,0,geometry
1255,S2128633__S2128633--DEEP,1,1,geometry
1256,S2406038__S2406038,0,1,geometry
1257,S18-18746__S18-18746,1,1,geometry
1258,S2436457__S2436457_BP1B11_C_15540_2,0,0,geometry
1259,S2326329__S23-26329-_-BIOPSY,0,1,geometry
1260,S2436457__S2436457_BP1B11_C_15540_2,0,0,geometry
1261,S2409390__S2409390,0,1,geometry
1262,S2128633__S2128633--DEEP,1,1,geometry
1263,S2216630__S2216630--DEEP_1,0,1,geometry
1264,S2521240__S2521240_0_BP1A2021,1,0,geometry
1265,S2039743__S20-39743-C-PLHE_0,1,1,geometry
1266,S2434918__S24-34918-_-BIOPSY,1,1,geometry
1267,S2352429__S23-52429-_-BIOPSY,0,0,geometry
1268,S2216630__S2216630--DEEP_1,0,1,geometry
1269,S2039743__S20-39743-P-PLHE_3,1,1,geometry
1270,S2530063__S2530063_0_BP1A2021,0,1,geometry
1271,S2039743__S20-39743-P-PLHE_3,1,0,geometry
1272,S2406754__S24-06754-_-SERIAL_1,0,0,geometry
1273,S2533022__S2533022_0_BP1A2021,0,0,geometry
1274,S2530981__S2530981_0_BP1A2021,0,0,geometry
1275,S2039743__S20-39743-C-PLHE_0,1,0,geometry
1276,S2039743__S20-39743-C-PLHE_0,1,0,geometry
1277,S2511007__S25-11007_0_BP1A2021_052433,0,0,geometry
1278,S2520404__S2520404_0_BP1A2021,0,1,geometry
1279,S2424255__S2424255,0,1,geometry
1280,S2237601__S22-37601-_-,0,0,geometry
1281,S2436457__S2436457_BP1B11_C_15540_2,0,0,geometry
1282,S2406038__S2406038,0,0,geometry
1283,S2424255__S2424255,0,1,geometry
1284,S2227608__S22-27608-_-SERIAL_2,1,1,geometry
1285,S2401283__S24-01283-_-BIOPSY,0,0,geometry
1286,S2521240__S2521240_0_BP1A2021,1,1,geometry
1287,S19-19367__S19-19367,1,1,geometry
1288,S2039743__S20-39743-P-PLHE_3,1,0,geometry
1289,S2511010__S25-11010_0_BP1A2021_052642,1,0,geometry
1290,S2229537__S22-29537-_-SERIAL_1,1,1,geometry
1291,S2227608__S22-27608-_-SERIAL_1,1,0,geometry
1292,S17-42935__S17-42935,1,0,geometry
1293,S2039743__S20-39743-L-PLHE_1,1,1,geometry
1294,S2525436__S2525436_0_BP1A2021,0,0,geometry
1295,S2511007__S25-11007_0_BP1A2021_052433,0,1,geometry
1296,S19-19367__S19-19367,1,1,geometry
1297,S2516970__S25-16970____155248,1,1,geometry
1298,S17-42935__S17-42935,1,0,geometry
1299,S2511010__S25-11010_0_BP1A2021_052642,1,0,geometry
1300,S2227608__S22-27608-_-SERIAL_1,1,0,geometry
1301,S2216630__S2216630--DEEP_1,0,0,geometry
1302,S2401283__S24-01283-_-BIOPSY,0,0,geometry
1303,S2504719__S25-04719-_-DEEP_1,0,1,geometry
1304,S2521240__S2521240_0_BP1A2021,1,0,geometry
1305,S2524777__S2524777_0_BP1A2021,0,1,geometry
1306,S2512685__S2512685_0_,0,0,geometry
1307,S2522980__S2522980_0_BP1A2021,0,1,geometry
1308,S2229537__S22-29537-_-SERIAL_1,1,0,geometry
1309,S2521240__S2521240_0_BP1A2021,1,0,geometry
1310,S2531985__S2531985_0_BP1A2021,0,1,geometry
1311,S2516970__S25-16970____155248,1,0,geometry
1312,S2229537__S22-29537-_-SERIAL_1,1,1,geometry
1313,S2423618__S24-23618-_-RECUT_2,0,0,geometry
1314,S2039743__S20-39743-P-PLHE_3,1,1,geometry
1315,S2516971__S25-16971____140945,0,0,geometry
1316,S2524777__S2524777_0_BP1A2021,0,1,geometry
1317,S2436457__S2436457_BP1B11_C_15540_2,0,0,geometry
1318,S2406754__S24-06754-_-DEEP_2,0,1,geometry
1319,S2516971__S25-16971____155423,0,0,geometry
1320,S2516971__S25-16971____155423,0,0,geometry
1321,S20-26719__S20-26719,1,1,geometry
1322,S2423618__S24-23618-_-RECUT_2,0,0,geometry
1323,S2511009__S25-11009_0_BP1A2021_052542,0,0,geometry
1324,S2406754__S24-06754-_-DEEP_2,0,0,geometry
1325,S2128633__S2128633--DEEP,1,0,geometry
1326,S2533022__S2533022_0_BP1A2021,0,0,geometry
1327,S2530981__S2530981_0_BP1A2021,0,1,geometry
1328,S2039743__S20-39743-L-PLHE_1,1,1,geometry
1329,S2039743__S20-39743-C-PLHE_0,1,0,geometry
1330,S2423618__S24-23618-_-RECUT_2,0,0,geometry
1331,S2530981__S2530981_0_BP1A2021,0,1,geometry
1332,S2128633__S2128633--DEEP,1,1,geometry
1333,S19-40063__S19-40063,0,1,geometry
1334,S2516971__S25-16971____155423,0,1,geometry
1335,S2512685__S2512685_0_,0,0,geometry
1336,S2039743__S20-39743-L-PLHE_1,1,1,geometry
1337,S2522980__S2522980_0_BP1A2021,0,1,geometry
1338,S2436457__S2436457_BP1B11_C_15540_2,0,0,geometry
1339,S2423618__S24-23618-_-RECUT_2,0,0,geometry
1340,S2513847__S25-13847_0_BP1A2021_131603,0,1,geometry
1341,S2235518__S22-35518-_-BIOPSY,0,0,geometry
1342,S19-40063__S19-40063,0,1,geometry
1343,S2525436__S2525436_0_BP1A2021,0,0,geometry
1344,S2424255__S2424255,0,0,geometry
1345,S2511008__S25-11008_0_BP1A2021_052339,1,1,geometry
1346,S2530985__S2530985_0_BP1A2021,0,0,geometry
1347,S2227604__S22-27604-_-BIOPSY,1,1,geometry
1348,S2520402__S2520402_0_BP1A2021,0,0,geometry
1349,S2521240__S2521240_0_BP1A2021,1,1,geometry
1350,S2326329__S23-26329-_-BIOPSY,0,1,geometry
1351,S2235518__S22-35518-_-BIOPSY,0,0,geometry
1352,S2521240__S2521240_0_BP1A2021,1,0,geometry
1353,S2039743__S20-39743-P-PLHE_3,1,1,geometry
1354,S2039743__S20-39743-L-PLHE_1,1,1,geometry
1355,S2227608__S22-27608-_-SERIAL_2,1,1,geometry
1356,S2229537__S22-29537-_-SERIAL_1,1,1,geometry
1357,S2434918__S24-34918-_-BIOPSY,1,1,geometry
1358,S2235518__S22-35518-_-BIOPSY,0,1,geometry
1359,S2401283__S24-01283-_-BIOPSY,0,0,geometry
1360,S2521240__S2521240_0_BP1A2021,1,0,geometry
1361,S2531985__S2531985_0_BP1A2021,0,1,geometry
1362,S20-28924__S20-28924,0,1,geometry
1363,S2406038__S2406038,0,0,geometry
1364,S2530985__S2530985_0_BP1A2021,0,1,geometry
1365,S2227608__S22-27608-_-SERIAL_2,1,1,geometry
1366,S20-26719__S20-26719,1,1,geometry
1367,S20-26719__S20-26719,1,1,geometry
1368,S19-19367__S19-19367,1,0,geometry
1369,S19-40063__S19-40063,0,1,geometry
1370,S2128633__S2128633--DEEP,1,0,geometry
1371,S2520404__S2520404_0_BP1A2021,0,1,geometry
1372,S2512685__S2512685_0_,0,1,geometry
1373,S2524777__S2524777_0_BP1A2021,0,0,geometry
1374,S20-28924__S20-28924,0,1,geometry
1375,S2039743__S20-39743-L-PLHE_1,1,0,geometry
1376,S2227608__S22-27608-_-SERIAL_1,1,0,geometry
1377,S2504719__S25-04719-_-DEEP_1,0,1,geometry
1378,S2436457__S2436457_BP1B11_C_15540_2,0,0,geometry
1379,S2434918__S24-34918-_-BIOPSY,1,1,geometry
1380,S2520402__S2520402_0_BP1A2021,0,0,geometry
1381,S2039743__S20-39743-P-PLHE_3,1,1,geometry
1382,S2511007__S25-11007_0_BP1A2021_052433,0,1,geometry
1383,S2522980__S2522980_0_BP1A2021,0,1,geometry
1384,S2229537__S22-29537-_-SERIAL_1,1,1,geometry
1385,S2237603__S22-37603-_-_1,0,0,geometry
1386,S20-28924__S20-28924,0,1,geometry
1387,S19-40063__S19-40063,0,1,geometry
1388,S17-42935__S17-42935,1,1,geometry
1389,S17-42935__S17-42935,1,1,geometry
1390,S2515598__S25-15598_0__144202,0,1,geometry
1391,S2424250__S2424250,0,0,geometry
1392,S2406754__S24-06754-_-DEEP_2,0,1,geometry
1393,S2516970__S25-16970____155248,1,1,geometry
1394,S2521240__S2521240_0_BP1A2021,1,1,geometry
1395,S20-26719__S20-26719,1,1,geometry
1396,S2513847__S25-13847_0_BP1A2021_131603,0,1,geometry
1397,S2039743__S20-39743-C-PLHE_0,1,1,geometry
1398,S2521240__S2521240_0_BP1A2021,1,1,geometry
1399,S2237603__S22-37603-_-_1,0,1,geometry
1400,S2511859__S25-11859_0_BP1A2021_150616,0,0,geometry
1401,S2511010__S25-11010_0_BP1A2021_052642,1,1,geometry
1402,S2511008__S25-11008_0_BP1A2021_052339,1,0,geometry
1403,S2511008__S25-11008_0_BP1A2021_052339,1,0,geometry
1404,S2521240__S2521240_0_BP1A2021,1,0,geometry
1405,S2516970__S25-16970____155248,1,1,geometry
1406,S2516971__S25-16971____140945,0,0,geometry
1407,S2524777__S2524777_0_BP1A2021,0,0,geometry
1408,S2434918__S24-34918-_-BIOPSY,1,0,geometry
1409,S2409390__S2409390,0,0,geometry
1410,S2229537__S22-29537-_-SERIAL_1,1,0,geometry
1411,S2513847__S25-13847_0_BP1A2021_131603,0,0,geometry
1412,S2511009__S25-11009_0_BP1A2021_052542,0,0,geometry
1413,S2326329__S23-26329-_-BIOPSY,0,0,geometry
1414,S2128633__S2128633--DEEP,1,0,geometry
1415,S2326329__S23-26329-_-BIOPSY,0,0,geometry
1416,S2229537__S22-29537-_-SERIAL_1,1,0,geometry
1417,S2039743__S20-39743-P-PLHE_3,1,1,geometry
1418,S2511009__S25-11009_0_BP1A2021_052542,0,1,geometry
1419,S2406038__S2406038,0,1,geometry
1420,S2511010__S25-11010_0_BP1A2021_052642,1,1,geometry
1421,S2409390__S2409390,0,1,geometry
1422,S2227608__S22-27608-_-SERIAL_2,1,1,geometry
1423,S2039743__S20-39743-L-PLHE_1,1,1,geometry
1424,S2436457__S2436457_BP1B11_C_15540_2,0,1,geometry
1425,S2227608__S22-27608-_-SERIAL_1,1,1,geometry
1426,S2528218__S2528218_0_BP1A2021,0,0,geometry
1427,S19-40063__S19-40063,0,1,geometry
1428,S2229537__S22-29537-_-SERIAL_1,1,0,geometry
1429,S2039743__S20-39743-C-PLHE_0,1,0,geometry
1430,S20-26719__S20-26719,1,0,geometry
1431,S2516971__S25-16971____140945,0,0,geometry
1432,S2409390__S2409390,0,0,geometry
1433,S2515598__S25-15598_0__144202,0,1,geometry
1434,S2406754__S24-06754-_-SERIAL_1,0,0,geometry
1435,S2039743__S20-39743-P-PLHE_3,1,0,geometry
1436,S2516971__S25-16971____155423,0,0,geometry
1437,S2039743__S20-39743-C-PLHE_0,1,0,geometry
1438,S2039743__S20-39743-P-PLHE_3,1,1,geometry
1439,S2237603__S22-37603-_-_1,0,1,geometry
1440,S2039743__S20-39743-L-PLHE_1,1,0,geometry
1441,S2423618__S24-23618-_-RECUT_2,0,0,geometry
1442,S2434918__S24-34918-_-BIOPSY,1,0,geometry
1443,S2229537__S22-29537-_-SERIAL_1,1,1,geometry
1444,S2039743__S20-39743-L-PLHE_1,1,0,geometry
1445,S2406754__S24-06754-_-DEEP_2,0,1,geometry
1446,S18-18746__S18-18746,1,1,geometry
1447,S2504719__S25-04719-_-DEEP_1,0,0,geometry
1448,S2423618__S24-23618-_-RECUT_2,0,1,geometry
1449,S2511007__S25-11007_0_BP1A2021_052433,0,1,geometry
1450,S2406754__S24-06754-_-DEEP_2,0,1,geometry
1451,S2039743__S20-39743-C-PLHE_0,1,1,geometry
1452,S20-26719__S20-26719,1,0,geometry
1453,S2409390__S2409390,0,1,geometry
1454,S2516971__S25-16971____155423,0,0,geometry
1455,S2516970__S25-16970____155248,1,1,geometry
1456,S2229537__S22-29537-_-SERIAL_1,1,0,geometry
1457,S2516971__S25-16971____140945,0,0,geometry
1458,S2520402__S2520402_0_BP1A2021,0,1,geometry
1459,S2039743__S20-39743-C-PLHE_0,1,1,geometry
1460,S2326329__S23-26329-_-BIOPSY,0,1,geometry
1461,S20-26719__S20-26719,1,1,geometry
1462,S2436457__S2436457_BP1B11_C_15540_2,0,1,geometry
1463,S2237601__S22-37601-_-,0,0,geometry
1464,S2227608__S22-27608-_-SERIAL_1,1,1,geometry
1465,S2423618__S24-23618-_-RECUT_2,0,1,geometry
1466,S2511009__S25-11009_0_BP1A2021_052542,0,1,geometry
1467,S2128633__S2128633--DEEP,1,0,geometry
1468,S2039743__S20-39743-P-PLHE_3,1,1,geometry
1469,S2039743__S20-39743-P-PLHE_3,1,0,geometry
1470,S2531985__S2531985_0_BP1A2021,0,1,geometry
1471,S2326329__S23-26329-_-BIOPSY,0,0,geometry
1472,S2227608__S22-27608-_-SERIAL_2,1,1,geometry
1473,S2511859__S25-11859_0_BP1A2021_150616,0,1,geometry
1474,S19-40063__S19-40063,0,1,geometry
1475,S2515598__S25-15598_0__144202,0,0,geometry
1476,S19-19367__S19-19367,1,0,geometry
1477,S2520402__S2520402_0_BP1A2021,0,1,geometry
1478,S2511010__S25-11010_0_BP1A2021_052642,1,1,geometry
1479,S19-19367__S19-19367,1,1,geometry
1480,S2520402__S2520402_0_BP1A2021,0,0,geometry
1481,S2229537__S22-29537-_-SERIAL_1,1,0,geometry
1482,S2516971__S25-16971____140945,0,0,geometry
1483,S20-26719__S20-26719,1,0,geometry
1484,S2434918__S24-34918-_-BIOPSY,1,1,geometry
1485,S20-28924__S20-28924,0,1,geometry
1486,S2521240__S2521240_0_BP1A2021,1,1,geometry
1487,S2511009__S25-11009_0_BP1A2021_052542,0,0,geometry
1488,S2423618__S24-23618-_-RECUT_2,0,1,geometry
1489,S2515598__S25-15598_0__144202,0,0,geometry
1490,S2227608__S22-27608-_-SERIAL_1,1,0,geometry
1491,S2531985__S2531985_0_BP1A2021,0,1,geometry
1492,S2520404__S2520404_0_BP1A2021,0,1,geometry
1493,S2039743__S20-39743-P-PLHE_3,1,1,geometry
1494,S17-42935__S17-42935,1,1,geometry
1495,S2406754__S24-06754-_-DEEP_2,0,0,geometry
1496,S19-19367__S19-19367,1,0,geometry
1497,S2533022__S2533022_0_BP1A2021,0,0,geometry
1498,S2326329__S23-26329-_-BIOPSY,0,1,geometry
1499,S2511859__S25-11859_0_BP1A2021_150616,0,1,geometry
1500,S2352429__S23-52429-_-BIOPSY,0,1,geometry
1501,S2512685__S2512685_0_,0,0,geometry
1502,S18-18746__S18-18746,1,0,geometry
1503,S2227608__S22-27608-_-SERIAL_2,1,0,geometry
1504,S2227604__S22-27604-_-BIOPSY,1,0,geometry
1505,S2434918__S24-34918-_-BIOPSY,1,1,geometry
1506,S20-26719__S20-26719,1,0,geometry
1507,S2511010__S25-11010_0_BP1A2021_052642,1,1,geometry
1508,S2344462__S23-44462-_-BIOPSY,0,1,geometry
1509,S2424255__S2424255,0,1,geometry
1510,S2128633__S2128633--DEEP,1,1,geometry
1511,S2504719__S25-04719-_-DEEP_1,0,0,geometry
1512,S2434918__S24-34918-_-BIOPSY,1,1,geometry
1513,S2409390__S2409390,0,0,geometry
1514,S2128633__S2128633--DEEP,1,0,geometry
1515,S2344462__S23-44462-_-BIOPSY,0,1,geometry
1516,S19-19367__S19-19367,1,0,geometry
1517,S17-42935__S17-42935,1,0,geometry
1518,S18-18746__S18-18746,1,1,geometry
1519,S2039743__S20-39743-P-PLHE_3,1,1,geometry
1520,S2039743__S20-39743-P-PLHE_3,1,1,geometry
1521,S2530063__S2530063_0_BP1A2021,0,1,geometry
1522,S20-26719__S20-26719,1,1,geometry
1523,S2229537__S22-29537-_-SERIAL_1,1,0,geometry
1524,S2530063__S2530063_0_BP1A2021,0,1,geometry
1525,S2436457__S2436457_BP1B11_C_15540_2,0,1,geometry
1526,S2516970__S25-16970____155248,1,0,geometry
1527,S2516970__S25-16970____155248,1,0,geometry
1528,S2530063__S2530063_0_BP1A2021,0,0,geometry
1529,S2511009__S25-11009_0_BP1A2021_052542,0,0,geometry
1530,S2128633__S2128633--DEEP,1,0,geometry
1531,S20-26719__S20-26719,1,0,geometry
1532,S2434918__S24-34918-_-BIOPSY,1,1,geometry
1533,S2237603__S22-37603-_-_1,0,0,geometry
1534,S19-19367__S19-19367,1,1,geometry
1535,S2511009__S25-11009_0_BP1A2021_052542,0,1,geometry
1536,S2039743__S20-39743-C-PLHE_0,1,0,geometry
1537,S2511010__S25-11010_0_BP1A2021_052642,1,0,geometry
1538,S2511010__S25-11010_0_BP1A2021_052642,1,1,geometry
1539,S2533022__S2533022_0_BP1A2021,0,1,geometry
1540,S2520404__S2520404_0_BP1A2021,0,0,geometry
1541,S2406038__S2406038,0,1,geometry
1542,S2409390__S2409390,0,1,geometry
1543,S2516971__S25-16971____140945,0,0,geometry
1544,S2128633__S2128633--DEEP,1,1,geometry
1545,S2227608__S22-27608-_-SERIAL_2,1,0,geometry
1546,S2227608__S22-27608-_-SERIAL_2,1,0,geometry
1547,S2528218__S2528218_0_BP1A2021,0,0,geometry
1548,S2352429__S23-52429-_-RECUT_1,0,0,geometry
1549,S2406754__S24-06754-_-SERIAL_1,0,1,geometry
1550,S2516971__S25-16971____140945,0,1,geometry
1551,S18-18746__S18-18746,1,1,geometry
1552,S2513847__S25-13847_0_BP1A2021_131603,0,0,geometry
1553,S2229537__S22-29537-_-SERIAL_1,1,1,geometry
1554,S2227608__S22-27608-_-SERIAL_1,1,1,geometry
1555,S2406754__S24-06754-_-SERIAL_1,0,1,geometry
1556,S2434918__S24-34918-_-BIOPSY,1,0,geometry
1557,S2516971__S25-16971____140945,0,0,geometry
1558,S2237603__S22-37603-_-_1,0,0,geometry
1559,S2434918__S24-34918-_-BIOPSY,1,0,geometry
1560,S2521240__S2521240_0_BP1A2021,1,1,geometry
1561,S2039743__S20-39743-P-PLHE_3,1,0,geometry
1562,S2522980__S2522980_0_BP1A2021,0,1,geometry
1563,S2406754__S24-06754-_-SERIAL_1,0,0,geometry
1564,S18-18746__S18-18746,1,0,geometry
1565,S2515598__S25-15598_0__144202,0,1,geometry
1566,S2522980__S2522980_0_BP1A2021,0,1,geometry
1567,S2530985__S2530985_0_BP1A2021,0,1,geometry
1568,S2227608__S22-27608-_-SERIAL_2,1,0,geometry
1569,S2521240__S2521240_0_BP1A2021,1,0,geometry
1570,S2344462__S23-44462-_-BIOPSY,0,1,geometry
1571,S2039743__S20-39743-L-PLHE_1,1,0,geometry
1572,S2039743__S20-39743-C-PLHE_0,1,1,geometry
1573,S2511010__S25-11010_0_BP1A2021_052642,1,0,geometry
1574,S17-42935__S17-42935,1,0,geometry
1575,S2516971__S25-16971____140945,0,1,geometry
1576,S2434918__S24-34918-_-BIOPSY,1,1,geometry
1577,S2524777__S2524777_0_BP1A2021,0,1,geometry
1578,S2237603__S22-37603-_-_1,0,0,geometry
1579,S2344462__S23-44462-_-BIOPSY,0,1,geometry
1580,S2511009__S25-11009_0_BP1A2021_052542,0,0,geometry
1581,S20-26719__S20-26719,1,1,geometry
1582,S2227604__S22-27604-_-BIOPSY,1,0,geometry
1583,S2401283__S24-01283-_-BIOPSY,0,1,geometry
1584,S2511008__S25-11008_0_BP1A2021_052339,1,0,geometry
1585,S2128633__S2128633--DEEP,1,1,geometry
1586,S2326329__S23-26329-_-BIOPSY,0,1,geometry
1587,S2128633__S2128633--DEEP,1,1,geometry
1588,S2511008__S25-11008_0_BP1A2021_052339,1,0,geometry
1589,S2521240__S2521240_0_BP1A2021,1,0,geometry
1590,S2504719__S25-04719-_-DEEP_1,0,0,geometry
1591,S2511010__S25-11010_0_BP1A2021_052642,1,1,geometry
1592,S2423618__S24-23618-_-RECUT_2,0,1,geometry
1593,S2524777__S2524777_0_BP1A2021,0,0,geometry
1594,S2401283__S24-01283-_-BIOPSY,0,1,geometry
1595,S2511010__S25-11010_0_BP1A2021_052642,1,1,geometry
1596,S17-42935__S17-42935,1,1,geometry
1597,S2406754__S24-06754-_-SERIAL_1,0,1,geometry
1598,S2409390__S2409390,0,1,geometry
1599,S17-42935__S17-42935,1,0,geometry
1600,S2530981__S2530981_0_BP1A2021,0,1,geometry
1601,S2229537__S22-29537-_-SERIAL_1,1,1,geometry
1602,S2530063__S2530063_0_BP1A2021,0,0,geometry
1603,S2237603__S22-37603-_-_1,0,0,geometry
1604,S19-19367__S19-19367,1,1,geometry
1605,S2512685__S2512685_0_,0,1,geometry
1606,S2436457__S2436457_BP1B11_C_15540_2,0,0,geometry
1607,S2530063__S2530063_0_BP1A2021,0,0,geometry
1608,S2516971__S25-16971____140945,0,1,geometry
1609,S2436457__S2436457_BP1B11_C_15540_2,0,0,geometry
1610,S2520404__S2520404_0_BP1A2021,0,1,geometry
1611,S2235518__S22-35518-_-BIOPSY,0,0,geometry
1612,S2516970__S25-16970____155248,1,1,geometry
1613,S2352429__S23-52429-_-BIOPSY,0,1,geometry
1614,S2528218__S2528218_0_BP1A2021,0,1,geometry
1615,S2530063__S2530063_0_BP1A2021,0,0,geometry
1616,S2401283__S24-01283-_-BIOPSY,0,0,geometry
1617,S2511009__S25-11009_0_BP1A2021_052542,0,1,geometry
1618,S2237601__S22-37601-_-,0,1,geometry
1619,S2409390__S2409390,0,1,geometry
1620,S18-18746__S18-18746,1,1,geometry
1621,S19-19367__S19-19367,1,1,geometry
1622,S2511010__S25-11010_0_BP1A2021_052642,1,0,geometry
1623,S2128633__S2128633--DEEP,1,1,geometry
1624,S2039743__S20-39743-L-PLHE_1,1,1,geometry
1625,S20-26719__S20-26719,1,0,geometry
1626,S19-19367__S19-19367,1,1,geometry
1627,S2128633__S2128633--DEEP,1,1,geometry
1628,S2512685__S2512685_0_,0,0,geometry
1629,S2511008__S25-11008_0_BP1A2021_052339,1,1,geometry
1630,S2406754__S24-06754-_-SERIAL_1,0,0,geometry
1631,S2533022__S2533022_0_BP1A2021,0,0,geometry
1632,S2409390__S2409390,0,0,geometry
1633,S2511007__S25-11007_0_BP1A2021_052433,0,0,geometry
1634,S2515598__S25-15598_0__144202,0,1,geometry
1635,S2511008__S25-11008_0_BP1A2021_052339,1,1,geometry
1636,S2423618__S24-23618-_-RECUT_2,0,1,geometry
1637,S2039743__S20-39743-C-PLHE_0,1,0,geometry
1638,S2516970__S25-16970____155248,1,0,geometry
1639,S2520404__S2520404_0_BP1A2021,0,0,geometry
1640,S2128633__S2128633--DEEP,1,1,geometry
1641,S2530985__S2530985_0_BP1A2021,0,1,geometry
1642,S2516970__S25-16970____155248,1,0,geometry
1643,S2424255__S2424255,0,1,geometry
1644,S2039743__S20-39743-P-PLHE_3,1,0,geometry
1645,S19-40063__S19-40063,0,0,geometry
1646,S19-19367__S19-19367,1,0,geometry
1647,S2511859__S25-11859_0_BP1A2021_150616,0,0,geometry
1648,S2530985__S2530985_0_BP1A2021,0,0,geometry
1649,S2128633__S2128633--DEEP,1,1,geometry
1650,S19-19367__S19-19367,1,0,geometry
1651,S2511008__S25-11008_0_BP1A2021_052339,1,0,geometry
1652,S2531985__S2531985_0_BP1A2021,0,1,geometry
1653,S2516971__S25-16971____140945,0,0,geometry
1654,S2344462__S23-44462-_-BIOPSY,0,0,geometry
1655,S2504719__S25-04719-_-DEEP_1,0,1,geometry
1656,S2406038__S2406038,0,0,geometry
1657,S2511010__S25-11010_0_BP1A2021_052642,1,1,geometry
1658,S2530063__S2530063_0_BP1A2021,0,1,geometry
1659,S2524777__S2524777_0_BP1A2021,0,0,geometry
1660,S2521240__S2521240_0_BP1A2021,1,1,geometry
1661,S18-18746__S18-18746,1,1,geometry
1662,S2039743__S20-39743-P-PLHE_3,1,1,geometry
1663,S2531985__S2531985_0_BP1A2021,0,1,geometry
1664,S2227604__S22-27604-_-BIOPSY,1,0,geometry
1665,S2436457__S2436457_BP1B11_C_15540_2,0,1,geometry
1666,S2235518__S22-35518-_-BIOPSY,0,0,geometry
1667,S20-26719__S20-26719,1,0,geometry
1668,S2521240__S2521240_0_BP1A2021,1,0,geometry
1669,S2039743__S20-39743-C-PLHE_0,1,1,geometry
1670,S2511010__S25-11010_0_BP1A2021_052642,1,0,geometry
1671,S18-18746__S18-18746,1,0,geometry
1672,S2352429__S23-52429-_-BIOPSY,0,0,geometry
1673,S2039743__S20-39743-P-PLHE_3,1,0,geometry
1674,S2525436__S2525436_0_BP1A2021,0,1,geometry
1675,S2515598__S25-15598_0__144202,0,1,geometry
1676,S2520402__S2520402_0_BP1A2021,0,1,geometry
1677,S20-26719__S20-26719,1,1,geometry
1678,S2227608__S22-27608-_-SERIAL_1,1,1,geometry
1679,S2039743__S20-39743-C-PLHE_0,1,1,geometry
1680,S2511010__S25-11010_0_BP1A2021_052642,1,1,geometry
1681,S2521240__S2521240_0_BP1A2021,1,0,geometry
1682,S2511010__S25-11010_0_BP1A2021_052642,1,1,geometry
1683,S2516970__S25-16970____155248,1,0,geometry
1684,S2406754__S24-06754-_-DEEP_2,0,0,geometry
1685,S2406038__S2406038,0,1,geometry
1686,S2511008__S25-11008_0_BP1A2021_052339,1,1,geometry
1687,S2511010__S25-11010_0_BP1A2021_052642,1,0,geometry
1688,S2436457__S2436457_BP1B11_C_15540_2,0,0,geometry
1689,S17-42935__S17-42935,1,1,geometry
1690,S2511859__S25-11859_0_BP1A2021_150616,0,0,geometry
1691,S2406754__S24-06754-_-DEEP_2,0,0,geometry
1692,S2039743__S20-39743-P-PLHE_3,1,1,geometry
1693,S2326329__S23-26329-_-BIOPSY,0,1,geometry
1694,S2227604__S22-27604-_-BIOPSY,1,0,geometry
1695,S2521240__S2521240_0_BP1A2021,1,0,geometry
1696,S2533022__S2533022_0_BP1A2021,0,0,geometry
1697,S2039743__S20-39743-L-PLHE_1,1,1,geometry
1698,S2352429__S23-52429-_-RECUT_1,0,0,geometry
1699,S2525436__S2525436_0_BP1A2021,0,0,geometry
1700,S2516970__S25-16970____155248,1,1,geometry
1701,S2524777__S2524777_0_BP1A2021,0,1,geometry
1702,S2039743__S20-39743-C-PLHE_0,1,0,geometry
1703,S2521240__S2521240_0_BP1A2021,1,0,geometry
1704,S2039743__S20-39743-L-PLHE_1,1,1,geometry
1705,S2521240__S2521240_0_BP1A2021,1,0,geometry
1706,S2216630__S2216630--DEEP_1,0,0,geometry
1707,S2039743__S20-39743-P-PLHE_3,1,0,geometry
1708,S2528218__S2528218_0_BP1A2021,0,1,geometry
1709,S2522980__S2522980_0_BP1A2021,0,0,geometry
1710,S2516970__S25-16970____155248,1,1,geometry
1711,S2227608__S22-27608-_-SERIAL_1,1,1,geometry
1712,S2229537__S22-29537-_-SERIAL_1,1,1,geometry
1713,S2128633__S2128633--DEEP,1,0,geometry
1714,S2434918__S24-34918-_-BIOPSY,1,1,geometry
1715,S2504719__S25-04719-_-DEEP_1,0,0,geometry
1716,S2530985__S2530985_0_BP1A2021,0,1,geometry
1717,S20-26719__S20-26719,1,0,geometry
1718,S2039743__S20-39743-L-PLHE_1,1,0,geometry
1719,S2406754__S24-06754-_-SERIAL_1,0,1,geometry
1720,S2513847__S25-13847_0_BP1A2021_131603,0,1,geometry
1721,S2530981__S2530981_0_BP1A2021,0,1,geometry
1722,S2128633__S2128633--DEEP,1,0,geometry
1723,S2521240__S2521240_0_BP1A2021,1,0,geometry
1724,S2525436__S2525436_0_BP1A2021,0,0,geometry
1725,S2423618__S24-23618-_-RECUT_2,0,1,geometry
1726,S2434918__S24-34918-_-BIOPSY,1,0,geometry
1727,S2511010__S25-11010_0_BP1A2021_052642,1,0,geometry
1728,S2513847__S25-13847_0_BP1A2021_131603,0,0,geometry
1729,S2039743__S20-39743-P-PLHE_3,1,0,geometry
1730,S2520404__S2520404_0_BP1A2021,0,1,geometry
1731,S17-42935__S17-42935,1,0,geometry
1732,S2235518__S22-35518-_-BIOPSY,0,1,geometry
1733,S2039743__S20-39743-P-PLHE_3,1,1,geometry
1734,S2511009__S25-11009_0_BP1A2021_052542,0,0,geometry
1735,S2511859__S25-11859_0_BP1A2021_150616,0,0,geometry
1736,S2512685__S2512685_0_,0,1,geometry
1737,S2516971__S25-16971____140945,0,1,geometry
1738,S2511009__S25-11009_0_BP1A2021_052542,0,0,geometry
1739,S2511009__S25-11009_0_BP1A2021_052542,0,1,geometry
1740,S2516971__S25-16971____140945,0,0,geometry
1741,S2406038__S2406038,0,0,geometry
1742,S2423618__S24-23618-_-RECUT_2,0,0,geometry
1743,S2515598__S25-15598_0__144202,0,1,geometry
1744,S2128633__S2128633--DEEP,1,0,geometry
1745,S2216630__S2216630--DEEP_1,0,0,geometry
1746,S2406038__S2406038,0,0,geometry
1747,S2039743__S20-39743-L-PLHE_1,1,1,geometry
1748,S2524777__S2524777_0_BP1A2021,0,0,geometry
1749,S2525436__S2525436_0_BP1A2021,0,1,geometry
1750,S2227608__S22-27608-_-SERIAL_1,1,0,geometry
1751,S2424255__S2424255,0,0,geometry
1752,S2039743__S20-39743-P-PLHE_3,1,1,geometry
1753,S2516970__S25-16970____155248,1,1,geometry
1754,S2227608__S22-27608-_-SERIAL_2,1,1,geometry
1755,S2406754__S24-06754-_-DEEP_2,0,0,geometry
1756,S2436457__S2436457_BP1B11_C_15540_2,0,0,geometry
1757,S2128633__S2128633--DEEP,1,1,geometry
1758,S2521240__S2521240_0_BP1A2021,1,0,geometry
1759,S2344462__S23-44462-_-BIOPSY,0,0,geometry
1760,S19-19367__S19-19367,1,1,geometry
1761,S2406754__S24-06754-_-DEEP_2,0,1,geometry
1762,S2237601__S22-37601-_-,0,0,geometry
1763,S2227608__S22-27608-_-SERIAL_2,1,1,geometry
1764,S2511008__S25-11008_0_BP1A2021_052339,1,0,geometry
1765,S2520404__S2520404_0_BP1A2021,0,0,geometry
1766,S2128633__S2128633--DEEP,1,0,geometry
1767,S2516970__S25-16970____155248,1,1,geometry
1768,S2128633__S2128633--DEEP,1,0,geometry
1769,S2039743__S20-39743-P-PLHE_3,1,1,geometry
1770,S2528218__S2528218_0_BP1A2021,0,0,geometry
1771,S2511010__S25-11010_0_BP1A2021_052642,1,1,geometry
1772,S2434918__S24-34918-_-BIOPSY,1,1,geometry
1773,S2406754__S24-06754-_-SERIAL_1,0,1,geometry
1774,S2229537__S22-29537-_-SERIAL_1,1,1,geometry
1775,S2128633__S2128633--DEEP,1,0,geometry
1776,S2039743__S20-39743-P-PLHE_3,1,1,geometry
1777,S2516970__S25-16970____155248,1,0,geometry
1778,S18-18746__S18-18746,1,0,geometry
1779,S2515598__S25-15598_0__144202,0,1,geometry
1780,S2520404__S2520404_0_BP1A2021,0,0,geometry
1781,S2525436__S2525436_0_BP1A2021,0,1,geometry
1782,S2344462__S23-44462-_-BIOPSY,0,1,geometry
1783,S2436457__S2436457_BP1B11_C_15540_2,0,1,geometry
1784,S2530981__S2530981_0_BP1A2021,0,1,geometry
1785,S2227608__S22-27608-_-SERIAL_2,1,1,geometry
1786,S2522980__S2522980_0_BP1A2021,0,0,geometry
1787,S2237601__S22-37601-_-,0,1,geometry
1788,S2216630__S2216630--DEEP_1,0,0,geometry
1789,S2504719__S25-04719-_-DEEP_1,0,0,geometry
1790,S2530985__S2530985_0_BP1A2021,0,0,geometry
1791,S2511007__S25-11007_0_BP1A2021_052433,0,0,geometry
1792,S2128633__S2128633--DEEP,1,1,geometry
1793,S2409390__S2409390,0,0,geometry
1794,S2511010__S25-11010_0_BP1A2021_052642,1,1,geometry
1795,S2352429__S23-52429-_-BIOPSY,0,1,geometry
1796,S2504719__S25-04719-_-DEEP_1,0,1,geometry
1797,S2530981__S2530981_0_BP1A2021,0,1,geometry
1798,S2229537__S22-29537-_-SERIAL_1,1,0,geometry
1799,S2524777__S2524777_0_BP1A2021,0,0,geometry
1800,S2504719__S25-04719-_-DEEP_1,0,1,geometry
1801,S17-42935__S17-42935,1,0,geometry
1802,S2227608__S22-27608-_-SERIAL_2,1,1,geometry
1803,S2521240__S2521240_0_BP1A2021,1,0,geometry
1804,S2533022__S2533022_0_BP1A2021,0,1,geometry
1805,S2520404__S2520404_0_BP1A2021,0,0,geometry
1806,S2039743__S20-39743-C-PLHE_0,1,1,geometry
1807,S2434918__S24-34918-_-BIOPSY,1,1,geometry
1808,S2524777__S2524777_0_BP1A2021,0,1,geometry
1809,S2237601__S22-37601-_-,0,1,geometry
1810,S2511010__S25-11010_0_BP1A2021_052642,1,0,geometry
1811,S2039743__S20-39743-P-PLHE_3,1,0,geometry
1812,S2423618__S24-23618-_-RECUT_2,0,0,geometry
1813,S2513847__S25-13847_0_BP1A2021_131603,0,1,geometry
1814,S2533022__S2533022_0_BP1A2021,0,0,geometry
1815,S2434918__S24-34918-_-BIOPSY,1,1,geometry
1816,S2039743__S20-39743-C-PLHE_0,1,1,geometry
1817,S2235518__S22-35518-_-BIOPSY,0,0,geometry
1818,S2237603__S22-37603-_-_1,0,1,geometry
1819,S2511010__S25-11010_0_BP1A2021_052642,1,0,geometry
1820,S2409390__S2409390,0,1,geometry
1821,S19-19367__S19-19367,1,1,geometry
1822,S2352429__S23-52429-_-BIOPSY,0,0,geometry
1823,S2128633__S2128633--DEEP,1,1,geometry
1824,S2344462__S23-44462-_-BIOPSY,0,1,geometry
1825,S2434918__S24-34918-_-BIOPSY,1,1,geometry
1826,S2511009__S25-11009_0_BP1A2021_052542,0,1,geometry
1827,S2344462__S23-44462-_-BIOPSY,0,0,geometry
1828,S2227604__S22-27604-_-BIOPSY,1,0,geometry
1829,S2512685__S2512685_0_,0,1,geometry
1830,S2521240__S2521240_0_BP1A2021,1,1,geometry
1831,S18-18746__S18-18746,1,1,geometry
1832,S2227604__S22-27604-_-BIOPSY,1,0,geometry
1833,S2352429__S23-52429-_-RECUT_1,0,1,geometry
1834,S2533022__S2533022_0_BP1A2021,0,1,geometry
1835,S19-40063__S19-40063,0,1,geometry
1836,S2434918__S24-34918-_-BIOPSY,1,0,geometry
1837,S2511008__S25-11008_0_BP1A2021_052339,1,1,geometry
1838,S2513847__S25-13847_0_BP1A2021_131603,0,0,geometry
1839,S2409390__S2409390,0,0,geometry
1840,S20-26719__S20-26719,1,0,geometry
1841,S2352429__S23-52429-_-BIOPSY,0,0,geometry
1842,S2516970__S25-16970____155248,1,0,geometry
1843,S2520402__S2520402_0_BP1A2021,0,0,geometry
1844,S2530981__S2530981_0_BP1A2021,0,0,geometry
1845,S19-40063__S19-40063,0,1,geometry
1846,S2406038__S2406038,0,1,geometry
1847,S2344462__S23-44462-_-BIOPSY,0,0,geometry
1848,S2531985__S2531985_0_BP1A2021,0,1,geometry
1849,S2522980__S2522980_0_BP1A2021,0,0,geometry
1850,S2128633__S2128633--DEEP,1,1,geometry
1851,S2515598__S25-15598_0__144202,0,0,geometry
1852,S2344462__S23-44462-_-BIOPSY,0,0,geometry
1853,S2409390__S2409390,0,0,geometry
1854,S2436457__S2436457_BP1B11_C_15540_2,0,1,geometry
1855,S2128633__S2128633--DEEP,1,0,geometry
1856,S2424250__S2424250,0,1,geometry
1857,S2516970__S25-16970____155248,1,0,geometry
1858,S2406754__S24-06754-_-DEEP_2,0,0,geometry
1859,S2530985__S2530985_0_BP1A2021,0,1,geometry
1860,S19-40063__S19-40063,0,0,geometry
1861,S20-28924__S20-28924,0,1,geometry
1862,S2227608__S22-27608-_-SERIAL_1,1,0,geometry
1863,S2531985__S2531985_0_BP1A2021,0,1,geometry
1864,S2216630__S2216630--DEEP_1,0,1,geometry
1865,S2530063__S2530063_0_BP1A2021,0,0,geometry
1866,S2434918__S24-34918-_-BIOPSY,1,0,geometry
1867,S2039743__S20-39743-C-PLHE_0,1,0,geometry
1868,S17-42935__S17-42935,1,0,geometry
1869,S2521240__S2521240_0_BP1A2021,1,1,geometry
1870,S2528218__S2528218_0_BP1A2021,0,0,geometry
1871,S18-18746__S18-18746,1,1,geometry
1872,S2521240__S2521240_0_BP1A2021,1,1,geometry
1873,S2039743__S20-39743-C-PLHE_0,1,0,geometry
1874,S2409390__S2409390,0,1,geometry
1875,S2511008__S25-11008_0_BP1A2021_052339,1,0,geometry
1876,S2525436__S2525436_0_BP1A2021,0,1,geometry
1877,S2521240__S2521240_0_BP1A2021,1,1,geometry
1878,S2530985__S2530985_0_BP1A2021,0,1,geometry
1879,S2227608__S22-27608-_-SERIAL_1,1,1,geometry
1880,S2409390__S2409390,0,0,geometry
1881,S18-18746__S18-18746,1,1,geometry
1882,S2524777__S2524777_0_BP1A2021,0,1,geometry
1883,S2128633__S2128633--DEEP,1,1,geometry
1884,S2227608__S22-27608-_-SERIAL_1,1,0,geometry
1885,S2511009__S25-11009_0_BP1A2021_052542,0,1,geometry
1886,S2406754__S24-06754-_-SERIAL_1,0,0,geometry
1887,S18-18746__S18-18746,1,0,geometry
1888,S20-28924__S20-28924,0,0,geometry
1889,S2511859__S25-11859_0_BP1A2021_150616,0,1,geometry
1890,S2434918__S24-34918-_-BIOPSY,1,1,geometry
1891,S2227608__S22-27608-_-SERIAL_1,1,1,geometry
1892,S2237601__S22-37601-_-,0,0,geometry
1893,S2511008__S25-11008_0_BP1A2021_052339,1,0,geometry
1894,S2511010__S25-11010_0_BP1A2021_052642,1,0,geometry
1895,S2521240__S2521240_0_BP1A2021,1,1,geometry
1896,S2326329__S23-26329-_-BIOPSY,0,1,geometry
1897,S2511859__S25-11859_0_BP1A2021_150616,0,1,geometry
1898,S2227608__S22-27608-_-SERIAL_2,1,0,geometry
1899,S2227608__S22-27608-_-SERIAL_2,1,0,geometry
1900,S2352429__S23-52429-_-RECUT_1,0,0,geometry
1901,S2511859__S25-11859_0_BP1A2021_150616,0,0,geometry
1902,S2516970__S25-16970____155248,1,1,geometry
1903,S2352429__S23-52429-_-BIOPSY,0,0,geometry
1904,S2516970__S25-16970____155248,1,1,geometry
1905,S2227604__S22-27604-_-BIOPSY,1,0,geometry
1906,S2227608__S22-27608-_-SERIAL_1,1,1,geometry
1907,S2511009__S25-11009_0_BP1A2021_052542,0,1,geometry
1908,S2235518__S22-35518-_-BIOPSY,0,0,geometry
1909,S2352429__S23-52429-_-BIOPSY,0,1,geometry
1910,S2512685__S2512685_0_,0,1,geometry
1911,S2128633__S2128633--DEEP,1,0,geometry
1912,S2227608__S22-27608-_-SERIAL_2,1,0,geometry
1913,S2504719__S25-04719-_-DEEP_1,0,1,geometry
1914,S2229537__S22-29537-_-SERIAL_1,1,0,geometry
1915,S2516970__S25-16970____155248,1,1,geometry
1916,S2227608__S22-27608-_-SERIAL_1,1,0,geometry
1917,S2515598__S25-15598_0__144202,0,1,geometry
1918,S2406754__S24-06754-_-DEEP_2,0,1,geometry
1919,S2530985__S2530985_0_BP1A2021,0,1,geometry
1920,S2520402__S2520402_0_BP1A2021,0,1,geometry
1921,S2409390__S2409390,0,1,geometry
1922,S2434918__S24-34918-_-BIOPSY,1,1,geometry
1923,S2525436__S2525436_0_BP1A2021,0,0,geometry
1924,S2227604__S22-27604-_-BIOPSY,1,1,geometry
1925,S2039743__S20-39743-C-PLHE_0,1,1,geometry
1926,S2424250__S2424250,0,1,geometry
1927,S2516970__S25-16970____155248,1,1,geometry
1928,S2434918__S24-34918-_-BIOPSY,1,1,geometry
1929,S2424250__S2424250,0,1,geometry
1930,S17-42935__S17-42935,1,1,geometry
1931,S2511009__S25-11009_0_BP1A2021_052542,0,1,geometry
1932,S2511008__S25-11008_0_BP1A2021_052339,1,0,geometry
1933,S2511007__S25-11007_0_BP1A2021_052433,0,0,geometry
1934,S2344462__S23-44462-_-BIOPSY,0,0,geometry
1935,S2039743__S20-39743-P-PLHE_3,1,0,geometry
1936,S2039743__S20-39743-C-PLHE_0,1,0,geometry
1937,S2520404__S2520404_0_BP1A2021,0,1,geometry
1938,S2227604__S22-27604-_-BIOPSY,1,0,geometry
1939,S2525436__S2525436_0_BP1A2021,0,0,geometry
1940,S2511010__S25-11010_0_BP1A2021_052642,1,0,geometry
1941,S20-26719__S20-26719,1,1,geometry
1942,S2227604__S22-27604-_-BIOPSY,1,0,geometry
1943,S2229537__S22-29537-_-SERIAL_1,1,0,geometry
1944,S2530985__S2530985_0_BP1A2021,0,1,geometry
1945,S2531985__S2531985_0_BP1A2021,0,1,geometry
1946,S2513847__S25-13847_0_BP1A2021_131603,0,0,geometry
1947,S18-18746__S18-18746,1,1,geometry
1948,S19-40063__S19-40063,0,0,geometry
1949,S2423618__S24-23618-_-RECUT_2,0,1,geometry
1950,S2235518__S22-35518-_-BIOPSY,0,0,geometry
1951,S2229537__S22-29537-_-SERIAL_1,1,1,geometry
1952,S2229537__S22-29537-_-SERIAL_1,1,1,geometry
1953,S2424255__S2424255,0,0,geometry
1954,S17-42935__S17-42935,1,0,geometry
1955,S2235518__S22-35518-_-BIOPSY,0,1,geometry
1956,S2227608__S22-27608-_-SERIAL_2,1,0,geometry
1957,S2352429__S23-52429-_-BIOPSY,0,1,geometry
1958,S2229537__S22-29537-_-SERIAL_1,1,1,geometry
1959,S2409390__S2409390,0,1,geometry
1960,S2229537__S22-29537-_-SERIAL_1,1,0,geometry
1961,S17-42935__S17-42935,1,0,geometry
1962,S17-42935__S17-42935,1,1,geometry
1963,S2513847__S25-13847_0_BP1A2021_131603,0,1,geometry
1964,S2434918__S24-34918-_-BIOPSY,1,1,geometry
1965,S2520404__S2520404_0_BP1A2021,0,1,geometry
1966,S2352429__S23-52429-_-BIOPSY,0,0,geometry
1967,S2516970__S25-16970____155248,1,0,geometry
1968,S2039743__S20-39743-P-PLHE_3,1,1,geometry
1969,S2521240__S2521240_0_BP1A2021,1,1,geometry
1970,S2227604__S22-27604-_-BIOPSY,1,1,geometry
1971,S2516970__S25-16970____155248,1,1,geometry
1972,S2504719__S25-04719-_-DEEP_1,0,1,geometry
1973,S19-19367__S19-19367,1,1,geometry
1974,S2530985__S2530985_0_BP1A2021,0,0,geometry
1975,S2511008__S25-11008_0_BP1A2021_052339,1,0,geometry
1976,S2216630__S2216630--DEEP_1,0,1,geometry
1977,S2235518__S22-35518-_-BIOPSY,0,0,geometry
1978,S2039743__S20-39743-L-PLHE_1,1,1,geometry
1979,S2227608__S22-27608-_-SERIAL_2,1,1,geometry
1980,S2516971__S25-16971____140945,0,1,geometry
1981,S2039743__S20-39743-C-PLHE_0,1,1,geometry
1982,S2528218__S2528218_0_BP1A2021,0,1,geometry
1983,S2406038__S2406038,0,0,geometry
1984,S2227604__S22-27604-_-BIOPSY,1,0,geometry
1985,S2229537__S22-29537-_-SERIAL_1,1,0,geometry
1986,S2039743__S20-39743-P-PLHE_3,1,1,geometry
1987,S2434918__S24-34918-_-BIOPSY,1,0,geometry
1988,S2229537__S22-29537-_-SERIAL_1,1,0,geometry
1989,S2352429__S23-52429-_-BIOPSY,0,1,geometry
1990,S2520404__S2520404_0_BP1A2021,0,0,geometry
1991,S2423618__S24-23618-_-RECUT_2,0,1,geometry
1992,S2039743__S20-39743-P-PLHE_3,1,1,geometry
1993,S2344462__S23-44462-_-BIOPSY,0,1,geometry
1994,S2511010__S25-11010_0_BP1A2021_052642,1,1,geometry
1995,S2229537__S22-29537-_-SERIAL_1,1,1,geometry
1996,S2515598__S25-15598_0__144202,0,1,geometry
1997,S2409390__S2409390,0,1,geometry
1998,S2406754__S24-06754-_-DEEP_2,0,0,geometry
1999,S2352429__S23-52429-_-RECUT_1,0,1,geometry
2000,S2520402__S2520402_0_BP1A2021,0,1,geometry
2001,S2227608__S22-27608-_-SERIAL_1,1,1,geometry
2002,S2039743__S20-39743-C-PLHE_0,1,0,geometry
2003,S2039743__S20-39743-C-PLHE_0,1,1,geometry
2004,S2227604__S22-27604-_-BIOPSY,1,0,geometry
2005,S2511010__S25-11010_0_BP1A2021_052642,1,1,geometry
2006,S2513847__S25-13847_0_BP1A2021_131603,0,1,geometry
2007,S2434918__S24-34918-_-BIOPSY,1,1,geometry
2008,S2227608__S22-27608-_-SERIAL_1,1,0,geometry
2009,S2235518__S22-35518-_-BIOPSY,0,1,geometry
2010,S2515598__S25-15598_0__144202,0,1,geometry
2011,S2326329__S23-26329-_-BIOPSY,0,1,geometry
2012,S2227608__S22-27608-_-SERIAL_1,1,0,geometry
2013,S2039743__S20-39743-C-PLHE_0,1,1,geometry
2014,S2409390__S2409390,0,0,geometry
2015,S19-19367__S19-19367,1,1,geometry
2016,S2237601__S22-37601-_-,0,1,geometry
2017,S2434918__S24-34918-_-BIOPSY,1,1,geometry
2018,S2522980__S2522980_0_BP1A2021,0,1,geometry
2019,S2524777__S2524777_0_BP1A2021,0,1,geometry
2020,S2520402__S2520402_0_BP1A2021,0,1,geometry
2021,S2521240__S2521240_0_BP1A2021,1,1,geometry
2022,S2511859__S25-11859_0_BP1A2021_150616,0,1,geometry
2023,S2511010__S25-11010_0_BP1A2021_052642,1,1,geometry
2024,S2229537__S22-29537-_-SERIAL_1,1,1,geometry
2025,S2511009__S25-11009_0_BP1A2021_052542,0,0,geometry
2026,S2352429__S23-52429-_-RECUT_1,0,1,geometry
2027,S2520404__S2520404_0_BP1A2021,0,0,geometry
2028,S20-26719__S20-26719,1,1,geometry
2029,S2406754__S24-06754-_-SERIAL_1,0,0,geometry
2030,S2237601__S22-37601-_-,0,1,geometry
2031,S2128633__S2128633--DEEP,1,1,geometry
2032,S2530985__S2530985_0_BP1A2021,0,1,geometry
2033,S2409390__S2409390,0,0,geometry
2034,S2352429__S23-52429-_-RECUT_1,0,1,geometry
2035,S17-42935__S17-42935,1,0,geometry
2036,S2406754__S24-06754-_-DEEP_2,0,0,geometry
2037,S2511008__S25-11008_0_BP1A2021_052339,1,0,geometry
2038,S2406038__S2406038,0,1,geometry
2039,S20-26719__S20-26719,1,0,geometry
2040,S2516970__S25-16970____155248,1,1,geometry
2041,S2039743__S20-39743-C-PLHE_0,1,0,geometry
2042,S2531985__S2531985_0_BP1A2021,0,1,geometry
2043,S2227608__S22-27608-_-SERIAL_1,1,1,geometry
2044,S2434918__S24-34918-_-BIOPSY,1,0,geometry
2045,S2520404__S2520404_0_BP1A2021,0,0,geometry
2046,S2511859__S25-11859_0_BP1A2021_150616,0,0,geometry
2047,S2237601__S22-37601-_-,0,1,geometry
2048,S2039743__S20-39743-P-PLHE_3,1,1,geometry
2049,S2344462__S23-44462-_-BIOPSY,0,0,geometry
2050,S2039743__S20-39743-P-PLHE_3,1,0,geometry
2051,S2039743__S20-39743-L-PLHE_1,1,1,geometry
2052,S2520402__S2520402_0_BP1A2021,0,0,geometry
2053,S2039743__S20-39743-P-PLHE_3,1,1,geometry
2054,S2521240__S2521240_0_BP1A2021,1,1,geometry
2055,S2424255__S2424255,0,0,geometry
2056,S2434918__S24-34918-_-BIOPSY,1,0,geometry
2057,S2424255__S2424255,0,0,geometry
2058,S2216630__S2216630--DEEP_1,0,1,geometry
2059,S2512685__S2512685_0_,0,1,geometry
2060,S2525436__S2525436_0_BP1A2021,0,0,geometry
2061,S2515598__S25-15598_0__144202,0,0,geometry
2062,S2512685__S2512685_0_,0,1,geometry
2063,S2522980__S2522980_0_BP1A2021,0,1,geometry
2064,S20-26719__S20-26719,1,0,geometry
2065,S2424255__S2424255,0,1,geometry
2066,S2227608__S22-27608-_-SERIAL_1,1,0,geometry
2067,S2512685__S2512685_0_,0,0,geometry
2068,S2436457__S2436457_BP1B11_C_15540_2,0,0,geometry
2069,S2511007__S25-11007_0_BP1A2021_052433,0,0,geometry
2070,S2520402__S2520402_0_BP1A2021,0,1,geometry
2071,S2515598__S25-15598_0__144202,0,1,geometry
2072,S2511008__S25-11008_0_BP1A2021_052339,1,1,geometry
2073,S2424250__S2424250,0,0,geometry
2074,S17-42935__S17-42935,1,1,geometry
2075,S2533022__S2533022_0_BP1A2021,0,1,geometry
2076,S2424255__S2424255,0,1,geometry
2077,S2227608__S22-27608-_-SERIAL_2,1,0,geometry
2078,S2424255__S2424255,0,0,geometry
2079,S19-19367__S19-19367,1,1,geometry
2080,S2516971__S25-16971____155423,0,0,geometry
2081,S2530985__S2530985_0_BP1A2021,0,0,geometry
2082,S2424250__S2424250,0,1,geometry
2083,S2511010__S25-11010_0_BP1A2021_052642,1,0,geometry
2084,S2521240__S2521240_0_BP1A2021,1,0,geometry
2085,S2235518__S22-35518-_-BIOPSY,0,1,geometry
2086,S2352429__S23-52429-_-BIOPSY,0,1,geometry
2087,S2406754__S24-06754-_-DEEP_2,0,1,geometry
2088,S2039743__S20-39743-C-PLHE_0,1,1,geometry
2089,S20-26719__S20-26719,1,0,geometry
2090,S17-42935__S17-42935,1,1,geometry
2091,S18-18746__S18-18746,1,0,geometry
2092,S2039743__S20-39743-P-PLHE_3,1,0,geometry
2093,S17-42935__S17-42935,1,0,geometry
2094,S2520404__S2520404_0_BP1A2021,0,1,geometry
2095,S2039743__S20-39743-P-PLHE_3,1,1,geometry
2096,S2522980__S2522980_0_BP1A2021,0,0,geometry
2097,S17-42935__S17-42935,1,0,geometry
2098,S2513847__S25-13847_0_BP1A2021_131603,0,1,geometry
2099,S2424250__S2424250,0,0,geometry
2100,S2511010__S25-11010_0_BP1A2021_052642,1,0,geometry
2101,S2039743__S20-39743-L-PLHE_1,1,0,geometry
2102,S2516970__S25-16970____155248,1,1,geometry
2103,S2401283__S24-01283-_-BIOPSY,0,0,geometry
2104,S2511008__S25-11008_0_BP1A2021_052339,1,1,geometry
2105,S2531985__S2531985_0_BP1A2021,0,0,geometry
2106,S2434918__S24-34918-_-BIOPSY,1,1,geometry
2107,S2516971__S25-16971____155423,0,1,geometry
2108,S2227608__S22-27608-_-SERIAL_2,1,0,geometry
2109,S2530063__S2530063_0_BP1A2021,0,0,geometry
2110,S19-19367__S19-19367,1,1,geometry
2111,S17-42935__S17-42935,1,1,geometry
2112,S2516971__S25-16971____140945,0,1,geometry
2113,S2434918__S24-34918-_-BIOPSY,1,1,geometry
2114,S2352429__S23-52429-_-BIOPSY,0,1,geometry
2115,S2528218__S2528218_0_BP1A2021,0,1,geometry
2116,S2520402__S2520402_0_BP1A2021,0,0,geometry
2117,S2409390__S2409390,0,1,geometry
2118,S17-42935__S17-42935,1,0,geometry
2119,S20-28924__S20-28924,0,0,geometry
2120,S2513847__S25-13847_0_BP1A2021_131603,0,1,geometry
2121,S2424250__S2424250,0,1,geometry
2122,S2039743__S20-39743-L-PLHE_1,1,1,geometry
2123,S2227608__S22-27608-_-SERIAL_2,1,1,geometry
2124,S2344462__S23-44462-_-BIOPSY,0,1,geometry
2125,S2521240__S2521240_0_BP1A2021,1,1,geometry
2126,S17-42935__S17-42935,1,0,geometry
2127,S2511010__S25-11010_0_BP1A2021_052642,1,0,geometry
2128,S2227608__S22-27608-_-SERIAL_2,1,1,geometry
2129,S2128633__S2128633--DEEP,1,1,geometry
2130,S2521240__S2521240_0_BP1A2021,1,1,geometry
2131,S2352429__S23-52429-_-RECUT_1,0,0,geometry
2132,S2515598__S25-15598_0__144202,0,0,geometry
2133,S2352429__S23-52429-_-BIOPSY,0,0,geometry
2134,S20-26719__S20-26719,1,0,geometry
2135,S2530985__S2530985_0_BP1A2021,0,0,geometry
2136,S2511007__S25-11007_0_BP1A2021_052433,0,0,geometry
2137,S2533022__S2533022_0_BP1A2021,0,1,geometry
2138,S2423618__S24-23618-_-RECUT_2,0,0,geometry
2139,S2039743__S20-39743-P-PLHE_3,1,0,geometry
2140,S2511008__S25-11008_0_BP1A2021_052339,1,0,geometry
2141,S2511008__S25-11008_0_BP1A2021_052339,1,0,geometry
2142,S2513847__S25-13847_0_BP1A2021_131603,0,1,geometry
2143,S2516970__S25-16970____155248,1,0,geometry
2144,S2528218__S2528218_0_BP1A2021,0,0,geometry
2145,S2516970__S25-16970____155248,1,1,geometry
2146,S2352429__S23-52429-_-BIOPSY,0,1,geometry
2147,S2344462__S23-44462-_-BIOPSY,0,0,geometry
2148,S2511008__S25-11008_0_BP1A2021_052339,1,1,geometry
2149,S2039743__S20-39743-C-PLHE_0,1,1,geometry
2150,S2344462__S23-44462-_-BIOPSY,0,0,geometry
2151,S2227608__S22-27608-_-SERIAL_1,1,1,geometry
2152,S2406754__S24-06754-_-DEEP_2,0,1,geometry
2153,S2530985__S2530985_0_BP1A2021,0,0,geometry
2154,S2424250__S2424250,0,1,geometry
2155,S2229537__S22-29537-_-SERIAL_1,1,0,geometry
2156,S2128633__S2128633--DEEP,1,1,geometry
2157,S2530063__S2530063_0_BP1A2021,0,0,geometry
2158,S2352429__S23-52429-_-RECUT_1,0,0,geometry
2159,S2229537__S22-29537-_-SERIAL_1,1,0,geometry
2160,S18-18746__S18-18746,1,0,geometry
2161,S2531985__S2531985_0_BP1A2021,0,1,geometry
2162,S2352429__S23-52429-_-RECUT_1,0,1,geometry
2163,S2039743__S20-39743-C-PLHE_0,1,1,geometry
2164,S2039743__S20-39743-C-PLHE_0,1,0,geometry
2165,S2511010__S25-11010_0_BP1A2021_052642,1,1,geometry
2166,S20-28924__S20-28924,0,1,geometry
2167,S2229537__S22-29537-_-SERIAL_1,1,0,geometry
2168,S2039743__S20-39743-C-PLHE_0,1,0,geometry
2169,S2128633__S2128633--DEEP,1,0,geometry
2170,S2039743__S20-39743-L-PLHE_1,1,0,geometry
2171,S2524777__S2524777_0_BP1A2021,0,1,geometry
2172,S2434918__S24-34918-_-BIOPSY,1,0,geometry
2173,S2039743__S20-39743-P-PLHE_3,1,0,geometry
2174,S18-18746__S18-18746,1,1,geometry
2175,S2515598__S25-15598_0__144202,0,1,geometry
2176,S2039743__S20-39743-C-PLHE_0,1,0,geometry
2177,S2511008__S25-11008_0_BP1A2021_052339,1,0,geometry
2178,S2235518__S22-35518-_-BIOPSY,0,1,geometry
2179,S2039743__S20-39743-P-PLHE_3,1,0,geometry
2180,S2516970__S25-16970____155248,1,1,geometry
2181,S2511859__S25-11859_0_BP1A2021_150616,0,1,geometry
2182,S2401283__S24-01283-_-BIOPSY,0,0,geometry
2183,S2227608__S22-27608-_-SERIAL_1,1,0,geometry
2184,S2520402__S2520402_0_BP1A2021,0,0,geometry
2185,S2326329__S23-26329-_-BIOPSY,0,1,geometry
2186,S2227604__S22-27604-_-BIOPSY,1,0,geometry
2187,S2533022__S2533022_0_BP1A2021,0,1,geometry
2188,S18-18746__S18-18746,1,1,geometry
2189,S2436457__S2436457_BP1B11_C_15540_2,0,1,geometry
2190,S2511008__S25-11008_0_BP1A2021_052339,1,1,geometry
2191,S2229537__S22-29537-_-SERIAL_1,1,0,geometry
2192,S2039743__S20-39743-L-PLHE_1,1,1,geometry
2193,S2326329__S23-26329-_-BIOPSY,0,0,geometry
2194,S2516970__S25-16970____155248,1,0,geometry
2195,S2409390__S2409390,0,0,geometry
2196,S20-26719__S20-26719,1,1,geometry
2197,S2516970__S25-16970____155248,1,1,geometry
2198,S2533022__S2533022_0_BP1A2021,0,0,geometry
2199,S2511007__S25-11007_0_BP1A2021_052433,0,1,geometry
2200,S2227608__S22-27608-_-SERIAL_1,1,1,geometry
2201,S2237603__S22-37603-_-_1,0,0,geometry
2202,S2227604__S22-27604-_-BIOPSY,1,0,geometry
2203,S19-19367__S19-19367,1,1,geometry
2204,S2237603__S22-37603-_-_1,0,0,geometry
2205,S2516971__S25-16971____155423,0,1,geometry
2206,S2515598__S25-15598_0__144202,0,1,geometry
2207,S2235518__S22-35518-_-BIOPSY,0,0,geometry
2208,S2511009__S25-11009_0_BP1A2021_052542,0,1,geometry
2209,S19-19367__S19-19367,1,1,geometry
2210,S2513847__S25-13847_0_BP1A2021_131603,0,0,geometry
2211,S17-42935__S17-42935,1,1,geometry
2212,S2516970__S25-16970____155248,1,1,geometry
2213,S17-42935__S17-42935,1,1,geometry
2214,S2524777__S2524777_0_BP1A2021,0,0,geometry
2215,S2520402__S2520402_0_BP1A2021,0,1,geometry
2216,S2227608__S22-27608-_-SERIAL_2,1,0,geometry
2217,S2039743__S20-39743-C-PLHE_0,1,0,geometry
2218,S2344462__S23-44462-_-BIOPSY,0,0,geometry
2219,S20-26719__S20-26719,1,1,geometry
2220,S2039743__S20-39743-L-PLHE_1,1,1,geometry
2221,S2039743__S20-39743-P-PLHE_3,1,1,geometry
2222,S20-28924__S20-28924,0,0,geometry
2223,S2227608__S22-27608-_-SERIAL_2,1,0,geometry
2224,S2511008__S25-11008_0_BP1A2021_052339,1,1,geometry
2225,S2520404__S2520404_0_BP1A2021,0,1,geometry
2226,S2515598__S25-15598_0__144202,0,0,geometry
2227,S2039743__S20-39743-C-PLHE_0,1,0,geometry
2228,S2227604__S22-27604-_-BIOPSY,1,1,geometry
2229,S2401283__S24-01283-_-BIOPSY,0,1,geometry
2230,S20-26719__S20-26719,1,1,geometry
2231,S2424255__S2424255,0,0,geometry
2232,S2530063__S2530063_0_BP1A2021,0,0,geometry
2233,S2406754__S24-06754-_-DEEP_2,0,0,geometry
2234,S2227604__S22-27604-_-BIOPSY,1,1,geometry
2235,S2352429__S23-52429-_-BIOPSY,0,1,geometry
2236,S2513847__S25-13847_0_BP1A2021_131603,0,0,geometry
2237,S2326329__S23-26329-_-BIOPSY,0,0,geometry
2238,S2406754__S24-06754-_-DEEP_2,0,1,geometry
2239,S19-19367__S19-19367,1,1,geometry
2240,S2520402__S2520402_0_BP1A2021,0,1,geometry
2241,S2216630__S2216630--DEEP_1,0,0,geometry
2242,S19-19367__S19-19367,1,1,geometry
2243,S2434918__S24-34918-_-BIOPSY,1,0,geometry
2244,S20-26719__S20-26719,1,1,geometry
2245,S2424255__S2424255,0,0,geometry
2246,S2227604__S22-27604-_-BIOPSY,1,0,geometry
2247,S19-19367__S19-19367,1,1,geometry
2248,S2039743__S20-39743-C-PLHE_0,1,0,geometry
2249,S2511010__S25-11010_0_BP1A2021_052642,1,0,geometry
2250,S2520402__S2520402_0_BP1A2021,0,1,geometry
2251,S2227604__S22-27604-_-BIOPSY,1,0,geometry
2252,S2512685__S2512685_0_,0,0,geometry
2253,S2511010__S25-11010_0_BP1A2021_052642,1,1,geometry
2254,S2039743__S20-39743-L-PLHE_1,1,0,geometry
2255,S2511007__S25-11007_0_BP1A2021_052433,0,1,geometry
2256,S2039743__S20-39743-L-PLHE_1,1,1,geometry
2257,S2227608__S22-27608-_-SERIAL_2,1,1,geometry
2258,S2520404__S2520404_0_BP1A2021,0,1,geometry
2259,S2516971__S25-16971____155423,0,1,geometry
2260,S2530985__S2530985_0_BP1A2021,0,0,geometry
2261,S2533022__S2533022_0_BP1A2021,0,0,geometry
2262,S2406038__S2406038,0,0,geometry
2263,S2227608__S22-27608-_-SERIAL_1,1,1,geometry
2264,S2326329__S23-26329-_-BIOPSY,0,1,geometry
2265,S2039743__S20-39743-C-PLHE_0,1,1,geometry
2266,S2521240__S2521240_0_BP1A2021,1,1,geometry
2267,S2229537__S22-29537-_-SERIAL_1,1,1,geometry
2268,S2227608__S22-27608-_-SERIAL_2,1,1,geometry
2269,S2235518__S22-35518-_-BIOPSY,0,0,geometry
2270,S17-42935__S17-42935,1,0,geometry
2271,S2511007__S25-11007_0_BP1A2021_052433,0,0,geometry
2272,S2227608__S22-27608-_-SERIAL_2,1,1,geometry
2273,S2511010__S25-11010_0_BP1A2021_052642,1,1,geometry
2274,S2513847__S25-13847_0_BP1A2021_131603,0,0,geometry
2275,S2216630__S2216630--DEEP_1,0,1,geometry
2276,S2530981__S2530981_0_BP1A2021,0,0,geometry
2277,S2229537__S22-29537-_-SERIAL_1,1,1,geometry
2278,S2229537__S22-29537-_-SERIAL_1,1,1,geometry
2279,S2531985__S2531985_0_BP1A2021,0,1,geometry
2280,S20-26719__S20-26719,1,1,geometry
2281,S2227608__S22-27608-_-SERIAL_1,1,1,geometry
2282,S2406754__S24-06754-_-SERIAL_1,0,1,geometry
2283,S2516971__S25-16971____155423,0,1,geometry
2284,S2227604__S22-27604-_-BIOPSY,1,1,geometry
2285,S2511008__S25-11008_0_BP1A2021_052339,1,1,geometry
2286,S2227608__S22-27608-_-SERIAL_2,1,0,geometry
2287,S2516970__S25-16970____155248,1,1,geometry
2288,S17-42935__S17-42935,1,0,geometry
2289,S2039743__S20-39743-P-PLHE_3,1,0,geometry
2290,S20-26719__S20-26719,1,0,geometry
2291,S2352429__S23-52429-_-RECUT_1,0,1,geometry
2292,S2516971__S25-16971____155423,0,1,geometry
2293,S2521240__S2521240_0_BP1A2021,1,0,geometry
2294,S2344462__S23-44462-_-BIOPSY,0,1,geometry
2295,S2513847__S25-13847_0_BP1A2021_131603,0,1,geometry
2296,S17-42935__S17-42935,1,0,geometry
2297,S19-19367__S19-19367,1,0,geometry
2298,S2513847__S25-13847_0_BP1A2021_131603,0,0,geometry
2299,S18-18746__S18-18746,1,1,geometry
2300,S2512685__S2512685_0_,0,0,geometry
2301,S2511008__S25-11008_0_BP1A2021_052339,1,1,geometry
2302,S2128633__S2128633--DEEP,1,0,geometry
2303,S2524777__S2524777_0_BP1A2021,0,0,geometry
2304,S2344462__S23-44462-_-BIOPSY,0,1,geometry
2305,S2530985__S2530985_0_BP1A2021,0,1,geometry
2306,S2326329__S23-26329-_-BIOPSY,0,1,geometry
2307,S2516970__S25-16970____155248,1,0,geometry
2308,S2229537__S22-29537-_-SERIAL_1,1,0,geometry
2309,S2039743__S20-39743-P-PLHE_3,1,0,geometry
2310,S2528218__S2528218_0_BP1A2021,0,0,geometry
2311,S2520404__S2520404_0_BP1A2021,0,1,geometry
2312,S2235518__S22-35518-_-BIOPSY,0,0,geometry
2313,S2530063__S2530063_0_BP1A2021,0,1,geometry
2314,S2227608__S22-27608-_-SERIAL_1,1,0,geometry
2315,S2434918__S24-34918-_-BIOPSY,1,1,geometry
2316,S2406038__S2406038,0,0,geometry
2317,S19-40063__S19-40063,0,1,geometry
2318,S2521240__S2521240_0_BP1A2021,1,0,geometry
2319,S18-18746__S18-18746,1,1,geometry
2320,S2511010__S25-11010_0_BP1A2021_052642,1,1,geometry
2321,S2530063__S2530063_0_BP1A2021,0,0,geometry
2322,S2434918__S24-34918-_-BIOPSY,1,1,geometry
2323,S2511008__S25-11008_0_BP1A2021_052339,1,1,geometry
2324,S2227604__S22-27604-_-BIOPSY,1,0,geometry
2325,S2516971__S25-16971____155423,0,0,geometry
2326,S2039743__S20-39743-C-PLHE_0,1,0,geometry
2327,S2039743__S20-39743-C-PLHE_0,1,0,geometry
2328,S2227608__S22-27608-_-SERIAL_2,1,1,geometry
2329,S20-26719__S20-26719,1,1,geometry
2330,S19-19367__S19-19367,1,1,geometry
2331,S2530981__S2530981_0_BP1A2021,0,1,geometry
2332,S2326329__S23-26329-_-BIOPSY,0,1,geometry
2333,S2530063__S2530063_0_BP1A2021,0,0,geometry
2334,S2227608__S22-27608-_-SERIAL_1,1,1,geometry
2335,S2227608__S22-27608-_-SERIAL_2,1,0,geometry
2336,S2516971__S25-16971____155423,0,1,geometry
2337,S2516971__S25-16971____155423,0,1,geometry
2338,S2530981__S2530981_0_BP1A2021,0,0,geometry
2339,S2511007__S25-11007_0_BP1A2021_052433,0,0,geometry
2340,S2227604__S22-27604-_-BIOPSY,1,0,geometry
2341,S2528218__S2528218_0_BP1A2021,0,1,geometry
2342,S2516971__S25-16971____155423,0,0,geometry
2343,S17-42935__S17-42935,1,0,geometry
2344,S2511010__S25-11010_0_BP1A2021_052642,1,1,geometry
2345,S2434918__S24-34918-_-BIOPSY,1,0,geometry
2346,S2237603__S22-37603-_-_1,0,1,geometry
2347,S2237603__S22-37603-_-_1,0,1,geometry
2348,S17-42935__S17-42935,1,1,geometry
2349,S2516971__S25-16971____140945,0,0,geometry
2350,S2504719__S25-04719-_-DEEP_1,0,0,geometry
2351,S2406038__S2406038,0,1,geometry
2352,S2128633__S2128633--DEEP,1,1,geometry
2353,S2235518__S22-35518-_-BIOPSY,0,1,geometry
2354,S2511010__S25-11010_0_BP1A2021_052642,1,0,geometry
2355,S2401283__S24-01283-_-BIOPSY,0,0,geometry
2356,S2511007__S25-11007_0_BP1A2021_052433,0,1,geometry
2357,S2511007__S25-11007_0_BP1A2021_052433,0,0,geometry
2358,S2227604__S22-27604-_-BIOPSY,1,0,geometry
2359,S2216630__S2216630--DEEP_1,0,0,geometry
2360,S2406038__S2406038,0,1,geometry
2361,S2511009__S25-11009_0_BP1A2021_052542,0,0,geometry
2362,S18-18746__S18-18746,1,1,geometry
2363,S2531985__S2531985_0_BP1A2021,0,0,geometry
2364,S2522980__S2522980_0_BP1A2021,0,0,geometry
2365,S2039743__S20-39743-L-PLHE_1,1,1,geometry
2366,S2524777__S2524777_0_BP1A2021,0,0,geometry
2367,S17-42935__S17-42935,1,1,geometry
2368,S2531985__S2531985_0_BP1A2021,0,0,geometry
2369,S2406038__S2406038,0,1,geometry
2370,S20-28924__S20-28924,0,0,geometry
2371,S2434918__S24-34918-_-BIOPSY,1,1,geometry
2372,S2227608__S22-27608-_-SERIAL_1,1,1,geometry
2373,S2352429__S23-52429-_-RECUT_1,0,1,geometry
2374,S2530981__S2530981_0_BP1A2021,0,1,geometry
2375,S2521240__S2521240_0_BP1A2021,1,1,geometry
2376,S2229537__S22-29537-_-SERIAL_1,1,1,geometry
2377,S2424255__S2424255,0,1,geometry
2378,S2227608__S22-27608-_-SERIAL_2,1,1,geometry
2379,S2434918__S24-34918-_-BIOPSY,1,0,geometry
2380,S2511008__S25-11008_0_BP1A2021_052339,1,1,geometry
2381,S2513847__S25-13847_0_BP1A2021_131603,0,1,geometry
2382,S2511010__S25-11010_0_BP1A2021_052642,1,1,geometry
2383,S2434918__S24-34918-_-BIOPSY,1,1,geometry
2384,S2531985__S2531985_0_BP1A2021,0,0,geometry
2385,S2423618__S24-23618-_-RECUT_2,0,1,geometry
2386,S2436457__S2436457_BP1B11_C_15540_2,0,1,geometry
2387,S2504719__S25-04719-_-DEEP_1,0,1,geometry
2388,S2423618__S24-23618-_-RECUT_2,0,1,geometry
2389,S2511010__S25-11010_0_BP1A2021_052642,1,1,geometry
2390,S2528218__S2528218_0_BP1A2021,0,0,geometry
2391,S2516971__S25-16971____140945,0,1,geometry
2392,S2227604__S22-27604-_-BIOPSY,1,1,geometry
2393,S2434918__S24-34918-_-BIOPSY,1,1,geometry
2394,S2039743__S20-39743-L-PLHE_1,1,1,geometry
2395,S2512685__S2512685_0_,0,1,geometry
2396,S2128633__S2128633--DEEP,1,1,geometry
2397,S2530063__S2530063_0_BP1A2021,0,1,geometry
2398,S2511859__S25-11859_0_BP1A2021_150616,0,0,geometry
2399,S19-19367__S19-19367,1,1,geometry
2400,S2511859__S25-11859_0_BP1A2021_150616,0,1,geometry
2401,S2424250__S2424250,0,1,geometry
2402,S2511010__S25-11010_0_BP1A2021_052642,1,0,geometry
2403,S2511008__S25-11008_0_BP1A2021_052339,1,1,geometry
2404,S2326329__S23-26329-_-BIOPSY,0,1,geometry
2405,S19-19367__S19-19367,1,0,geometry
2406,S2039743__S20-39743-L-PLHE_1,1,0,geometry
2407,S2237601__S22-37601-_-,0,1,geometry
2408,S2352429__S23-52429-_-RECUT_1,0,0,geometry
2409,S2235518__S22-35518-_-BIOPSY,0,0,geometry
2410,S2229537__S22-29537-_-SERIAL_1,1,1,geometry
2411,S2039743__S20-39743-L-PLHE_1,1,1,geometry
2412,S2237601__S22-37601-_-,0,1,geometry
2413,S2504719__S25-04719-_-DEEP_1,0,1,geometry
2414,S18-18746__S18-18746,1,1,geometry
2415,S2237603__S22-37603-_-_1,0,0,geometry
2416,S2528218__S2528218_0_BP1A2021,0,0,geometry
2417,S2511007__S25-11007_0_BP1A2021_052433,0,0,geometry
2418,S2423618__S24-23618-_-RECUT_2,0,1,geometry
2419,S2533022__S2533022_0_BP1A2021,0,1,geometry
2420,S2530981__S2530981_0_BP1A2021,0,1,geometry
2421,S2237601__S22-37601-_-,0,1,geometry
2422,S2227608__S22-27608-_-SERIAL_2,1,1,geometry
2423,S2352429__S23-52429-_-BIOPSY,0,0,geometry
2424,S2227604__S22-27604-_-BIOPSY,1,1,geometry
2425,S2039743__S20-39743-L-PLHE_1,1,1,geometry
2426,S2401283__S24-01283-_-BIOPSY,0,0,geometry
2427,S2039743__S20-39743-L-PLHE_1,1,1,geometry
2428,S20-26719__S20-26719,1,0,geometry
2429,S2423618__S24-23618-_-RECUT_2,0,0,geometry
2430,S18-18746__S18-18746,1,1,geometry
2431,S2406754__S24-06754-_-SERIAL_1,0,1,geometry
2432,S2352429__S23-52429-_-RECUT_1,0,0,geometry
2433,S2237603__S22-37603-_-_1,0,1,geometry
2434,S2533022__S2533022_0_BP1A2021,0,1,geometry
2435,S2401283__S24-01283-_-BIOPSY,0,0,geometry
2436,S2039743__S20-39743-C-PLHE_0,1,1,geometry
2437,S2513847__S25-13847_0_BP1A2021_131603,0,1,geometry
2438,S19-19367__S19-19367,1,1,geometry
2439,S2227604__S22-27604-_-BIOPSY,1,0,geometry
2440,S2511010__S25-11010_0_BP1A2021_052642,1,0,geometry
2441,S2530981__S2530981_0_BP1A2021,0,1,geometry
2442,S2227608__S22-27608-_-SERIAL_1,1,1,geometry
2443,S2516970__S25-16970____155248,1,0,geometry
2444,S18-18746__S18-18746,1,0,geometry
2445,S2409390__S2409390,0,0,geometry
2446,S2522980__S2522980_0_BP1A2021,0,0,geometry
2447,S2409390__S2409390,0,0,geometry
2448,S2434918__S24-34918-_-BIOPSY,1,0,geometry
2449,S2516970__S25-16970____155248,1,1,geometry
2450,S2409390__S2409390,0,0,geometry
2451,S20-26719__S20-26719,1,1,geometry
2452,S2531985__S2531985_0_BP1A2021,0,0,geometry
2453,S2227604__S22-27604-_-BIOPSY,1,0,geometry
2454,S2511009__S25-11009_0_BP1A2021_052542,0,0,geometry
2455,S2229537__S22-29537-_-SERIAL_1,1,1,geometry
2456,S19-19367__S19-19367,1,1,geometry
2457,S2039743__S20-39743-P-PLHE_3,1,1,geometry
2458,S18-18746__S18-18746,1,1,geometry
2459,S2406754__S24-06754-_-SERIAL_1,0,1,geometry
2460,S2039743__S20-39743-P-PLHE_3,1,1,geometry
2461,S2424250__S2424250,0,0,geometry
2462,S2528218__S2528218_0_BP1A2021,0,0,geometry
2463,S2525436__S2525436_0_BP1A2021,0,0,geometry
2464,S2352429__S23-52429-_-RECUT_1,0,0,geometry
2465,S18-18746__S18-18746,1,0,geometry
2466,S2216630__S2216630--DEEP_1,0,1,geometry
2467,S2516970__S25-16970____155248,1,0,geometry
2468,S2512685__S2512685_0_,0,0,geometry
2469,S2531985__S2531985_0_BP1A2021,0,1,geometry
2470,S2352429__S23-52429-_-RECUT_1,0,1,geometry
2471,S2039743__S20-39743-L-PLHE_1,1,1,geometry
2472,S19-40063__S19-40063,0,0,geometry
2473,S2352429__S23-52429-_-BIOPSY,0,1,geometry
2474,S2227604__S22-27604-_-BIOPSY,1,1,geometry
2475,S2511010__S25-11010_0_BP1A2021_052642,1,1,geometry
2476,S2530063__S2530063_0_BP1A2021,0,1,geometry
2477,S2406754__S24-06754-_-SERIAL_1,0,1,geometry
2478,S2235518__S22-35518-_-BIOPSY,0,1,geometry
2479,S2229537__S22-29537-_-SERIAL_1,1,1,geometry
2480,S2039743__S20-39743-C-PLHE_0,1,1,geometry
2481,S2039743__S20-39743-P-PLHE_3,1,1,geometry
2482,S2528218__S2528218_0_BP1A2021,0,0,geometry
2483,S2434918__S24-34918-_-BIOPSY,1,0,geometry
2484,S2436457__S2436457_BP1B11_C_15540_2,0,1,geometry
2485,S19-19367__S19-19367,1,0,geometry
2486,S2533022__S2533022_0_BP1A2021,0,0,geometry
2487,S2521240__S2521240_0_BP1A2021,1,0,geometry
2488,S2511007__S25-11007_0_BP1A2021_052433,0,1,geometry
2489,S2520402__S2520402_0_BP1A2021,0,0,geometry
2490,S20-28924__S20-28924,0,1,geometry
2491,S2128633__S2128633--DEEP,1,1,geometry
2492,S2436457__S2436457_BP1B11_C_15540_2,0,1,geometry
2493,S2237603__S22-37603-_-_1,0,0,geometry
2494,S2424255__S2424255,0,1,geometry
2495,S17-42935__S17-42935,1,0,geometry
2496,S2521240__S2521240_0_BP1A2021,1,0,geometry
2497,S2436457__S2436457_BP1B11_C_15540_2,0,1,geometry
2498,S2511008__S25-11008_0_BP1A2021_052339,1,0,geometry
2499,S2516971__S25-16971____155423,0,1,geometry
2500,S2434918__S24-34918-_-BIOPSY,1,1,geometry
2501,S2424250__S2424250,0,1,geometry
2502,S2511009__S25-11009_0_BP1A2021_052542,0,0,geometry
2503,S2525436__S2525436_0_BP1A2021,0,1,geometry
2504,S2516971__S25-16971____155423,0,1,geometry
2505,S2229537__S22-29537-_-SERIAL_1,1,1,geometry
2506,S2511859__S25-11859_0_BP1A2021_150616,0,1,geometry
2507,S2516970__S25-16970____155248,1,0,geometry
2508,S2504719__S25-04719-_-DEEP_1,0,0,geometry
2509,S2128633__S2128633--DEEP,1,0,geometry
2510,S2511009__S25-11009_0_BP1A2021_052542,0,1,geometry
2511,S2531985__S2531985_0_BP1A2021,0,0,geometry
2512,S19-40063__S19-40063,0,0,geometry
2513,S2039743__S20-39743-P-PLHE_3,1,1,geometry
2514,S2352429__S23-52429-_-BIOPSY,0,0,geometry
2515,S2513847__S25-13847_0_BP1A2021_131603,0,0,geometry
2516,S2406754__S24-06754-_-DEEP_2,0,1,geometry
2517,S2128633__S2128633--DEEP,1,1,geometry
2518,S2522980__S2522980_0_BP1A2021,0,0,geometry
2519,S2237601__S22-37601-_-,0,0,geometry
2520,S20-28924__S20-28924,0,1,geometry
2521,S2516971__S25-16971____155423,0,1,geometry
2522,S2528218__S2528218_0_BP1A2021,0,1,geometry
2523,S2522980__S2522980_0_BP1A2021,0,1,geometry
2524,S2039743__S20-39743-L-PLHE_1,1,1,geometry
2525,S19-40063__S19-40063,0,0,geometry
2526,S2511008__S25-11008_0_BP1A2021_052339,1,1,geometry
2527,S2326329__S23-26329-_-BIOPSY,0,1,geometry
2528,S2516970__S25-16970____155248,1,0,geometry
2529,S2227608__S22-27608-_-SERIAL_2,1,0,geometry
2530,S2511008__S25-11008_0_BP1A2021_052339,1,1,geometry
2531,S2434918__S24-34918-_-BIOPSY,1,0,geometry
2532,S17-42935__S17-42935,1,1,geometry
2533,S2511010__S25-11010_0_BP1A2021_052642,1,0,geometry
2534,S20-26719__S20-26719,1,0,geometry
2535,S2520404__S2520404_0_BP1A2021,0,0,geometry
2536,S2520404__S2520404_0_BP1A2021,0,1,geometry
2537,S19-40063__S19-40063,0,1,geometry
2538,S2504719__S25-04719-_-DEEP_1,0,1,geometry
2539,S2039743__S20-39743-P-PLHE_3,1,0,geometry
2540,S2516970__S25-16970____155248,1,1,geometry
2541,S2530063__S2530063_0_BP1A2021,0,0,geometry
2542,S2128633__S2128633--DEEP,1,1,geometry
2543,S2352429__S23-52429-_-BIOPSY,0,1,geometry
2544,S2528218__S2528218_0_BP1A2021,0,0,geometry
2545,S2434918__S24-34918-_-BIOPSY,1,0,geometry
2546,S2511859__S25-11859_0_BP1A2021_150616,0,1,geometry
2547,S2326329__S23-26329-_-BIOPSY,0,0,geometry
2548,S2520402__S2520402_0_BP1A2021,0,1,geometry
2549,S2424255__S2424255,0,1,geometry
2550,S2520402__S2520402_0_BP1A2021,0,0,geometry
2551,S2237601__S22-37601-_-,0,1,geometry
2552,S2039743__S20-39743-L-PLHE_1,1,1,geometry
2553,S2511008__S25-11008_0_BP1A2021_052339,1,0,geometry
2554,S2227604__S22-27604-_-BIOPSY,1,0,geometry
2555,S2520404__S2520404_0_BP1A2021,0,0,geometry
2556,S2511009__S25-11009_0_BP1A2021_052542,0,1,geometry
2557,S2128633__S2128633--DEEP,1,1,geometry
2558,S2039743__S20-39743-L-PLHE_1,1,0,geometry
2559,S2434918__S24-34918-_-BIOPSY,1,0,geometry
2560,S2344462__S23-44462-_-BIOPSY,0,1,geometry
2561,S2530981__S2530981_0_BP1A2021,0,0,geometry
2562,S2511008__S25-11008_0_BP1A2021_052339,1,1,geometry
2563,S2406754__S24-06754-_-DEEP_2,0,1,geometry
2564,S2039743__S20-39743-C-PLHE_0,1,1,geometry
2565,S2531985__S2531985_0_BP1A2021,0,1,geometry
2566,S2406754__S24-06754-_-SERIAL_1,0,0,geometry
2567,S2406754__S24-06754-_-DEEP_2,0,1,geometry
2568,S2513847__S25-13847_0_BP1A2021_131603,0,0,geometry
2569,S2528218__S2528218_0_BP1A2021,0,0,geometry
2570,S2533022__S2533022_0_BP1A2021,0,0,geometry
2571,S2216630__S2216630--DEEP_1,0,0,geometry
2572,S2531985__S2531985_0_BP1A2021,0,1,geometry
2573,S2401283__S24-01283-_-BIOPSY,0,0,geometry
2574,S2436457__S2436457_BP1B11_C_15540_2,0,1,geometry
2575,S2227608__S22-27608-_-SERIAL_1,1,1,geometry
2576,S2525436__S2525436_0_BP1A2021,0,0,geometry
2577,S2128633__S2128633--DEEP,1,1,geometry
2578,S2511008__S25-11008_0_BP1A2021_052339,1,0,geometry
2579,S2516971__S25-16971____155423,0,0,geometry
2580,S2520404__S2520404_0_BP1A2021,0,0,geometry
2581,S2401283__S24-01283-_-BIOPSY,0,1,geometry
2582,S2530063__S2530063_0_BP1A2021,0,0,geometry
2583,S2533022__S2533022_0_BP1A2021,0,1,geometry
2584,S2524777__S2524777_0_BP1A2021,0,1,geometry
2585,S2237601__S22-37601-_-,0,0,geometry
2586,S2227604__S22-27604-_-BIOPSY,1,1,geometry
2587,S2128633__S2128633--DEEP,1,1,geometry
2588,S2513847__S25-13847_0_BP1A2021_131603,0,1,geometry
2589,S2352429__S23-52429-_-BIOPSY,0,1,geometry
2590,S2409390__S2409390,0,0,geometry
2591,S2525436__S2525436_0_BP1A2021,0,1,geometry
2592,S2521240__S2521240_0_BP1A2021,1,0,geometry
2593,S2406038__S2406038,0,0,geometry
2594,S20-26719__S20-26719,1,1,geometry
2595,S2326329__S23-26329-_-BIOPSY,0,1,geometry
2596,S2530985__S2530985_0_BP1A2021,0,1,geometry
2597,S2522980__S2522980_0_BP1A2021,0,1,geometry
2598,S2531985__S2531985_0_BP1A2021,0,1,geometry
2599,S2406754__S24-06754-_-SERIAL_1,0,1,geometry
2600,S2511010__S25-11010_0_BP1A2021_052642,1,1,geometry
2601,S2235518__S22-35518-_-BIOPSY,0,0,geometry
2602,S2530063__S2530063_0_BP1A2021,0,0,geometry
2603,S2530981__S2530981_0_BP1A2021,0,0,geometry
2604,S2406038__S2406038,0,1,geometry
2605,S19-19367__S19-19367,1,1,geometry
2606,S20-28924__S20-28924,0,0,geometry
2607,S2436457__S2436457_BP1B11_C_15540_2,0,0,geometry
2608,S2516971__S25-16971____155423,0,1,geometry
2609,S2511010__S25-11010_0_BP1A2021_052642,1,1,geometry
2610,S2039743__S20-39743-L-PLHE_1,1,0,geometry
2611,S2511859__S25-11859_0_BP1A2021_150616,0,1,geometry
2612,S2229537__S22-29537-_-SERIAL_1,1,0,geometry
2613,S2227604__S22-27604-_-BIOPSY,1,0,geometry
2614,S20-26719__S20-26719,1,1,geometry
2615,S20-28924__S20-28924,0,0,geometry
2616,S2229537__S22-29537-_-SERIAL_1,1,0,geometry
2617,S2511859__S25-11859_0_BP1A2021_150616,0,1,geometry
2618,S2237603__S22-37603-_-_1,0,1,geometry
2619,S17-42935__S17-42935,1,0,geometry
2620,S2235518__S22-35518-_-BIOPSY,0,1,geometry
2621,S2039743__S20-39743-L-PLHE_1,1,0,geometry
2622,S2406754__S24-06754-_-DEEP_2,0,0,geometry
2623,S2423618__S24-23618-_-RECUT_2,0,1,geometry
2624,S2511008__S25-11008_0_BP1A2021_052339,1,0,geometry
2625,S19-40063__S19-40063,0,0,geometry
2626,S2216630__S2216630--DEEP_1,0,1,geometry
2627,S20-26719__S20-26719,1,1,geometry
2628,S2039743__S20-39743-C-PLHE_0,1,0,geometry
2629,S2516971__S25-16971____140945,0,1,geometry
2630,S2128633__S2128633--DEEP,1,0,geometry
2631,S2504719__S25-04719-_-DEEP_1,0,0,geometry
2632,S2511010__S25-11010_0_BP1A2021_052642,1,0,geometry
2633,S2513847__S25-13847_0_BP1A2021_131603,0,0,geometry
2634,S2227608__S22-27608-_-SERIAL_2,1,1,geometry
2635,S2401283__S24-01283-_-BIOPSY,0,1,geometry
2636,S2520404__S2520404_0_BP1A2021,0,0,geometry
2637,S2423618__S24-23618-_-RECUT_2,0,0,geometry
2638,S19-19367__S19-19367,1,0,geometry
2639,S2216630__S2216630--DEEP_1,0,0,geometry
2640,S18-18746__S18-18746,1,1,geometry
2641,S2409390__S2409390,0,1,geometry
2642,S2424250__S2424250,0,1,geometry
2643,S2516971__S25-16971____155423,0,0,geometry
2644,S2039743__S20-39743-L-PLHE_1,1,0,geometry
2645,S2216630__S2216630--DEEP_1,0,0,geometry
2646,S2216630__S2216630--DEEP_1,0,0,geometry
2647,S2128633__S2128633--DEEP,1,0,geometry
2648,S17-42935__S17-42935,1,1,geometry
2649,S20-28924__S20-28924,0,0,geometry
2650,S2515598__S25-15598_0__144202,0,1,geometry
2651,S2229537__S22-29537-_-SERIAL_1,1,1,geometry
2652,S2227604__S22-27604-_-BIOPSY,1,1,geometry
2653,S2235518__S22-35518-_-BIOPSY,0,0,geometry
2654,S2227604__S22-27604-_-BIOPSY,1,1,geometry
2655,S2511859__S25-11859_0_BP1A2021_150616,0,1,geometry
2656,S2522980__S2522980_0_BP1A2021,0,1,geometry
2657,S2525436__S2525436_0_BP1A2021,0,1,geometry
2658,S2128633__S2128633--DEEP,1,1,geometry
2659,S2423618__S24-23618-_-RECUT_2,0,0,geometry
2660,S2227608__S22-27608-_-SERIAL_2,1,1,geometry
2661,S2216630__S2216630--DEEP_1,0,0,geometry
2662,S2424255__S2424255,0,0,geometry
2663,S2521240__S2521240_0_BP1A2021,1,1,geometry
2664,S20-28924__S20-28924,0,1,geometry
2665,S2227608__S22-27608-_-SERIAL_1,1,1,geometry
2666,S2352429__S23-52429-_-BIOPSY,0,1,geometry
2667,S2520402__S2520402_0_BP1A2021,0,0,geometry
2668,S2216630__S2216630--DEEP_1,0,1,geometry
2669,S2520404__S2520404_0_BP1A2021,0,1,geometry
2670,S2522980__S2522980_0_BP1A2021,0,0,geometry
2671,S2039743__S20-39743-L-PLHE_1,1,0,geometry
2672,S2237603__S22-37603-_-_1,0,1,geometry
2673,S2512685__S2512685_0_,0,1,geometry
2674,S18-18746__S18-18746,1,0,geometry
2675,S2511010__S25-11010_0_BP1A2021_052642,1,1,geometry
2676,S2515598__S25-15598_0__144202,0,1,geometry
2677,S2227608__S22-27608-_-SERIAL_1,1,0,geometry
2678,S2530063__S2530063_0_BP1A2021,0,1,geometry
2679,S2512685__S2512685_0_,0,0,geometry
2680,S2039743__S20-39743-C-PLHE_0,1,1,geometry
2681,S18-18746__S18-18746,1,0,geometry
2682,S2528218__S2528218_0_BP1A2021,0,0,geometry
2683,S2235518__S22-35518-_-BIOPSY,0,0,geometry
2684,S2227608__S22-27608-_-SERIAL_1,1,1,geometry
2685,S2039743__S20-39743-C-PLHE_0,1,1,geometry
2686,S2521240__S2521240_0_BP1A2021,1,1,geometry
2687,S2511007__S25-11007_0_BP1A2021_052433,0,1,geometry
2688,S2511010__S25-11010_0_BP1A2021_052642,1,0,geometry
2689,S2513847__S25-13847_0_BP1A2021_131603,0,0,geometry
2690,S2039743__S20-39743-C-PLHE_0,1,0,geometry
2691,S2344462__S23-44462-_-BIOPSY,0,1,geometry
2692,S2520404__S2520404_0_BP1A2021,0,1,geometry
2693,S2530981__S2530981_0_BP1A2021,0,0,geometry
2694,S2406038__S2406038,0,0,geometry
2695,S2352429__S23-52429-_-BIOPSY,0,1,geometry
2696,S2524777__S2524777_0_BP1A2021,0,1,geometry
2697,S20-26719__S20-26719,1,1,geometry
2698,S17-42935__S17-42935,1,0,geometry
2699,S2530063__S2530063_0_BP1A2021,0,0,geometry
2700,S2513847__S25-13847_0_BP1A2021_131603,0,1,geometry
2701,S2528218__S2528218_0_BP1A2021,0,0,geometry
2702,S2524777__S2524777_0_BP1A2021,0,0,geometry
2703,S2227604__S22-27604-_-BIOPSY,1,1,geometry
2704,S2406754__S24-06754-_-SERIAL_1,0,1,geometry
2705,S2237603__S22-37603-_-_1,0,0,geometry
2706,S19-40063__S19-40063,0,0,geometry
2707,S18-18746__S18-18746,1,1,geometry
2708,S2521240__S2521240_0_BP1A2021,1,0,geometry
2709,S2511008__S25-11008_0_BP1A2021_052339,1,1,geometry
2710,S2227608__S22-27608-_-SERIAL_1,1,0,geometry
2711,S2511010__S25-11010_0_BP1A2021_052642,1,0,geometry
2712,S17-42935__S17-42935,1,1,geometry
2713,S2227608__S22-27608-_-SERIAL_1,1,1,geometry
2714,S2039743__S20-39743-C-PLHE_0,1,1,geometry
2715,S2227604__S22-27604-_-BIOPSY,1,0,geometry
2716,S19-19367__S19-19367,1,1,geometry
2717,S2530985__S2530985_0_BP1A2021,0,1,geometry
2718,S2406038__S2406038,0,0,geometry
2719,S2521240__S2521240_0_BP1A2021,1,0,geometry
2720,S2227608__S22-27608-_-SERIAL_1,1,1,geometry
2721,S2516971__S25-16971____140945,0,1,geometry
2722,S18-18746__S18-18746,1,0,geometry
2723,S2511008__S25-11008_0_BP1A2021_052339,1,0,geometry
2724,S2511010__S25-11010_0_BP1A2021_052642,1,0,geometry
2725,S2511008__S25-11008_0_BP1A2021_052339,1,1,geometry
2726,S2401283__S24-01283-_-BIOPSY,0,1,geometry
2727,S2227608__S22-27608-_-SERIAL_2,1,0,geometry
2728,S2511859__S25-11859_0_BP1A2021_150616,0,0,geometry
2729,S2128633__S2128633--DEEP,1,1,geometry
2730,S2522980__S2522980_0_BP1A2021,0,1,geometry
2731,S2352429__S23-52429-_-BIOPSY,0,0,geometry
2732,S2229537__S22-29537-_-SERIAL_1,1,1,geometry
2733,S2424250__S2424250,0,1,geometry
2734,S2406754__S24-06754-_-SERIAL_1,0,0,geometry
2735,S2039743__S20-39743-L-PLHE_1,1,0,geometry
2736,S2039743__S20-39743-P-PLHE_3,1,1,geometry
2737,S2424250__S2424250,0,1,geometry
2738,S2128633__S2128633--DEEP,1,0,geometry
2739,S2522980__S2522980_0_BP1A2021,0,1,geometry
2740,S20-26719__S20-26719,1,0,geometry
2741,S19-19367__S19-19367,1,1,geometry
2742,S2516970__S25-16970____155248,1,0,geometry
2743,S18-18746__S18-18746,1,0,geometry
2744,S2423618__S24-23618-_-RECUT_2,0,1,geometry
2745,S2511008__S25-11008_0_BP1A2021_052339,1,0,geometry
2746,S2406754__S24-06754-_-SERIAL_1,0,1,geometry
2747,S2235518__S22-35518-_-BIOPSY,0,0,geometry
2748,S2516971__S25-16971____140945,0,1,geometry
2749,S2039743__S20-39743-P-PLHE_3,1,0,geometry
2750,S18-18746__S18-18746,1,1,geometry
2751,S20-26719__S20-26719,1,1,geometry
2752,S17-42935__S17-42935,1,1,geometry
2753,S2229537__S22-29537-_-SERIAL_1,1,0,geometry
2754,S2409390__S2409390,0,0,geometry
2755,S2513847__S25-13847_0_BP1A2021_131603,0,1,geometry
2756,S2530985__S2530985_0_BP1A2021,0,1,geometry
2757,S2401283__S24-01283-_-BIOPSY,0,1,geometry
2758,S2521240__S2521240_0_BP1A2021,1,0,geometry
2759,S2522980__S2522980_0_BP1A2021,0,0,geometry
2760,S2237603__S22-37603-_-_1,0,0,geometry
2761,S2039743__S20-39743-C-PLHE_0,1,1,geometry
2762,S2434918__S24-34918-_-BIOPSY,1,1,geometry
2763,S2039743__S20-39743-L-PLHE_1,1,0,geometry
2764,S2513847__S25-13847_0_BP1A2021_131603,0,1,geometry
2765,S2525436__S2525436_0_BP1A2021,0,1,geometry
2766,S2434918__S24-34918-_-BIOPSY,1,1,geometry
2767,S2521240__S2521240_0_BP1A2021,1,1,geometry
2768,S2520404__S2520404_0_BP1A2021,0,1,geometry
2769,S19-19367__S19-19367,1,0,geometry
2770,S2227608__S22-27608-_-SERIAL_2,1,0,geometry
2771,S2521240__S2521240_0_BP1A2021,1,1,geometry
2772,S2326329__S23-26329-_-BIOPSY,0,0,geometry
2773,S2515598__S25-15598_0__144202,0,1,geometry
2774,S2512685__S2512685_0_,0,0,geometry
2775,S17-42935__S17-42935,1,1,geometry
2776,S2039743__S20-39743-C-PLHE_0,1,1,geometry
2777,S2229537__S22-29537-_-SERIAL_1,1,0,geometry
2778,S2530981__S2530981_0_BP1A2021,0,1,geometry
2779,S2513847__S25-13847_0_BP1A2021_131603,0,0,geometry
2780,S2522980__S2522980_0_BP1A2021,0,1,geometry
2781,S18-18746__S18-18746,1,1,geometry
2782,S20-26719__S20-26719,1,1,geometry
2783,S2406038__S2406038,0,0,geometry
2784,S2406754__S24-06754-_-DEEP_2,0,0,geometry
2785,S20-26719__S20-26719,1,0,geometry
2786,S2521240__S2521240_0_BP1A2021,1,1,geometry
2787,S2039743__S20-39743-P-PLHE_3,1,1,geometry
2788,S2235518__S22-35518-_-BIOPSY,0,0,geometry
2789,S2229537__S22-29537-_-SERIAL_1,1,1,geometry
2790,S2237603__S22-37603-_-_1,0,0,geometry
2791,S2516971__S25-16971____140945,0,0,geometry
2792,S2352429__S23-52429-_-RECUT_1,0,0,geometry
2793,S2511859__S25-11859_0_BP1A2021_150616,0,0,geometry
2794,S2409390__S2409390,0,1,geometry
2795,S2516971__S25-16971____155423,0,1,geometry
2796,S2520404__S2520404_0_BP1A2021,0,1,geometry
2797,S18-18746__S18-18746,1,1,geometry
2798,S20-26719__S20-26719,1,0,geometry
2799,S18-18746__S18-18746,1,0,geometry
2800,S2521240__S2521240_0_BP1A2021,1,0,geometry
2801,S2216630__S2216630--DEEP_1,0,0,geometry
2802,S2227604__S22-27604-_-BIOPSY,1,1,geometry
2803,S2525436__S2525436_0_BP1A2021,0,1,geometry
2804,S2229537__S22-29537-_-SERIAL_1,1,1,geometry
2805,S2406038__S2406038,0,0,geometry
2806,S2227604__S22-27604-_-BIOPSY,1,0,geometry
2807,S2530063__S2530063_0_BP1A2021,0,0,geometry
2808,S2128633__S2128633--DEEP,1,0,geometry
2809,S2530981__S2530981_0_BP1A2021,0,0,geometry
2810,S2434918__S24-34918-_-BIOPSY,1,1,geometry
2811,S2521240__S2521240_0_BP1A2021,1,0,geometry
2812,S2511009__S25-11009_0_BP1A2021_052542,0,1,geometry
2813,S2520402__S2520402_0_BP1A2021,0,1,geometry
2814,S2326329__S23-26329-_-BIOPSY,0,1,geometry
2815,S2039743__S20-39743-C-PLHE_0,1,1,geometry
2816,S2326329__S23-26329-_-BIOPSY,0,0,geometry
2817,S2515598__S25-15598_0__144202,0,1,geometry
2818,S2434918__S24-34918-_-BIOPSY,1,1,geometry
2819,S2516970__S25-16970____155248,1,1,geometry
2820,S2227604__S22-27604-_-BIOPSY,1,0,geometry
2821,S19-40063__S19-40063,0,1,geometry
2822,S2227608__S22-27608-_-SERIAL_2,1,1,geometry
2823,S2229537__S22-29537-_-SERIAL_1,1,0,geometry
2824,S19-19367__S19-19367,1,0,geometry
2825,S2522980__S2522980_0_BP1A2021,0,0,geometry
2826,S2511859__S25-11859_0_BP1A2021_150616,0,0,geometry
2827,S2039743__S20-39743-P-PLHE_3,1,0,geometry
2828,S2401283__S24-01283-_-BIOPSY,0,0,geometry
2829,S2520402__S2520402_0_BP1A2021,0,0,geometry
2830,S2530981__S2530981_0_BP1A2021,0,1,geometry
2831,S2227608__S22-27608-_-SERIAL_1,1,0,geometry
2832,S2434918__S24-34918-_-BIOPSY,1,0,geometry
2833,S20-26719__S20-26719,1,0,geometry
2834,S2039743__S20-39743-C-PLHE_0,1,0,geometry
2835,S17-42935__S17-42935,1,0,geometry
2836,S2511010__S25-11010_0_BP1A2021_052642,1,0,geometry
2837,S2525436__S2525436_0_BP1A2021,0,1,geometry
2838,S2128633__S2128633--DEEP,1,1,geometry
2839,S2401283__S24-01283-_-BIOPSY,0,1,geometry
2840,S2352429__S23-52429-_-RECUT_1,0,1,geometry
2841,S2216630__S2216630--DEEP_1,0,0,geometry
2842,S2530981__S2530981_0_BP1A2021,0,0,geometry
2843,S2227608__S22-27608-_-SERIAL_1,1,0,geometry
2844,S2401283__S24-01283-_-BIOPSY,0,1,geometry
2845,S2216630__S2216630--DEEP_1,0,0,geometry
2846,S2434918__S24-34918-_-BIOPSY,1,1,geometry
2847,S2530063__S2530063_0_BP1A2021,0,0,geometry
2848,S2511010__S25-11010_0_BP1A2021_052642,1,0,geometry
2849,S18-18746__S18-18746,1,0,geometry
2850,S2227608__S22-27608-_-SERIAL_2,1,1,geometry
2851,S2423618__S24-23618-_-RECUT_2,0,0,geometry
2852,S2352429__S23-52429-_-BIOPSY,0,0,geometry
2853,S2128633__S2128633--DEEP,1,0,geometry
2854,S2039743__S20-39743-P-PLHE_3,1,0,geometry
2855,S2434918__S24-34918-_-BIOPSY,1,1,geometry
2856,S2401283__S24-01283-_-BIOPSY,0,1,geometry
2857,S2409390__S2409390,0,1,geometry
2858,S2352429__S23-52429-_-RECUT_1,0,0,geometry
2859,S2227608__S22-27608-_-SERIAL_1,1,1,geometry
2860,S2039743__S20-39743-C-PLHE_0,1,1,geometry
2861,S2516970__S25-16970____155248,1,0,geometry
2862,S2423618__S24-23618-_-RECUT_2,0,0,geometry
2863,S2039743__S20-39743-P-PLHE_3,1,0,geometry
2864,S20-28924__S20-28924,0,1,geometry
2865,S2530981__S2530981_0_BP1A2021,0,1,geometry
2866,S2039743__S20-39743-L-PLHE_1,1,1,geometry
2867,S2128633__S2128633--DEEP,1,1,geometry
2868,S2511859__S25-11859_0_BP1A2021_150616,0,1,geometry
2869,S2409390__S2409390,0,0,geometry
2870,S2227608__S22-27608-_-SERIAL_1,1,0,geometry
2871,S2436457__S2436457_BP1B11_C_15540_2,0,1,geometry
2872,S2524777__S2524777_0_BP1A2021,0,1,geometry
2873,S2039743__S20-39743-P-PLHE_3,1,0,geometry
2874,S2511859__S25-11859_0_BP1A2021_150616,0,1,geometry
2875,S19-19367__S19-19367,1,0,geometry
2876,S2406754__S24-06754-_-DEEP_2,0,1,geometry
2877,S2511008__S25-11008_0_BP1A2021_052339,1,0,geometry
2878,S2039743__S20-39743-P-PLHE_3,1,0,geometry
2879,S2406754__S24-06754-_-DEEP_2,0,0,geometry
2880,S2352429__S23-52429-_-RECUT_1,0,1,geometry
2881,S2434918__S24-34918-_-BIOPSY,1,1,geometry
2882,S2216630__S2216630--DEEP_1,0,0,geometry
2883,S20-26719__S20-26719,1,1,geometry
2884,S2520404__S2520404_0_BP1A2021,0,1,geometry
2885,S2229537__S22-29537-_-SERIAL_1,1,0,geometry
2886,S2039743__S20-39743-L-PLHE_1,1,0,geometry
2887,S2039743__S20-39743-L-PLHE_1,1,1,geometry
2888,S2227608__S22-27608-_-SERIAL_1,1,0,geometry
2889,S19-19367__S19-19367,1,1,geometry
2890,S2511859__S25-11859_0_BP1A2021_150616,0,1,geometry
2891,S2227604__S22-27604-_-BIOPSY,1,0,geometry
2892,S2521240__S2521240_0_BP1A2021,1,1,geometry
2893,S2528218__S2528218_0_BP1A2021,0,1,geometry
2894,S2531985__S2531985_0_BP1A2021,0,0,geometry
2895,S2352429__S23-52429-_-BIOPSY,0,1,geometry
2896,S2521240__S2521240_0_BP1A2021,1,1,geometry
2897,S2516970__S25-16970____155248,1,0,geometry
2898,S2326329__S23-26329-_-BIOPSY,0,1,geometry
2899,S2516971__S25-16971____155423,0,1,geometry
2900,S2524777__S2524777_0_BP1A2021,0,0,geometry
2901,S2522980__S2522980_0_BP1A2021,0,1,geometry
2902,S2531985__S2531985_0_BP1A2021,0,1,geometry
2903,S2326329__S23-26329-_-BIOPSY,0,0,geometry
2904,S2227604__S22-27604-_-BIOPSY,1,1,geometry
2905,S2516971__S25-16971____155423,0,0,geometry
2906,S2128633__S2128633--DEEP,1,0,geometry
2907,S2401283__S24-01283-_-BIOPSY,0,0,geometry
2908,S2039743__S20-39743-L-PLHE_1,1,1,geometry
2909,S2525436__S2525436_0_BP1A2021,0,0,geometry
2910,S2525436__S2525436_0_BP1A2021,0,0,geometry
2911,S2235518__S22-35518-_-BIOPSY,0,0,geometry
2912,S2521240__S2521240_0_BP1A2021,1,1,geometry
2913,S2511009__S25-11009_0_BP1A2021_052542,0,1,geometry
2914,S2039743__S20-39743-C-PLHE_0,1,1,geometry
2915,S2229537__S22-29537-_-SERIAL_1,1,1,geometry
2916,S2522980__S2522980_0_BP1A2021,0,0,geometry
2917,S2423618__S24-23618-_-RECUT_2,0,1,geometry
2918,S2531985__S2531985_0_BP1A2021,0,1,geometry
2919,S2531985__S2531985_0_BP1A2021,0,0,geometry
2920,S2423618__S24-23618-_-RECUT_2,0,1,geometry
2921,S2528218__S2528218_0_BP1A2021,0,1,geometry
2922,S2237601__S22-37601-_-,0,0,geometry
2923,S2039743__S20-39743-P-PLHE_3,1,1,geometry
2924,S20-26719__S20-26719,1,0,geometry
2925,S2531985__S2531985_0_BP1A2021,0,1,geometry
2926,S2530063__S2530063_0_BP1A2021,0,0,geometry
2927,S2039743__S20-39743-P-PLHE_3,1,1,geometry
2928,S2511010__S25-11010_0_BP1A2021_052642,1,0,geometry
2929,S18-18746__S18-18746,1,1,geometry
2930,S2511008__S25-11008_0_BP1A2021_052339,1,0,geometry
2931,S2352429__S23-52429-_-BIOPSY,0,0,geometry
2932,S2237603__S22-37603-_-_1,0,0,geometry
2933,S2533022__S2533022_0_BP1A2021,0,0,geometry
2934,S2229537__S22-29537-_-SERIAL_1,1,0,geometry
2935,S2528218__S2528218_0_BP1A2021,0,1,geometry
2936,S2524777__S2524777_0_BP1A2021,0,0,geometry
2937,S2511009__S25-11009_0_BP1A2021_052542,0,0,geometry
2938,S2511010__S25-11010_0_BP1A2021_052642,1,1,geometry
2939,S2039743__S20-39743-P-PLHE_3,1,0,geometry
2940,S2511859__S25-11859_0_BP1A2021_150616,0,1,geometry
2941,S2524777__S2524777_0_BP1A2021,0,1,geometry
2942,S2530063__S2530063_0_BP1A2021,0,0,geometry
2943,S2344462__S23-44462-_-BIOPSY,0,0,geometry
2944,S2521240__S2521240_0_BP1A2021,1,1,geometry
2945,S2424255__S2424255,0,1,geometry
2946,S2235518__S22-35518-_-BIOPSY,0,0,geometry
2947,S2227604__S22-27604-_-BIOPSY,1,1,geometry
2948,S2524777__S2524777_0_BP1A2021,0,1,geometry
2949,S2522980__S2522980_0_BP1A2021,0,1,geometry
2950,S2128633__S2128633--DEEP,1,1,geometry
2951,S2227608__S22-27608-_-SERIAL_1,1,0,geometry
2952,S20-28924__S20-28924,0,0,geometry
2953,S2525436__S2525436_0_BP1A2021,0,0,geometry
2954,S2511010__S25-11010_0_BP1A2021_052642,1,0,geometry
2955,S20-26719__S20-26719,1,0,geometry
2956,S2524777__S2524777_0_BP1A2021,0,0,geometry
2957,S19-19367__S19-19367,1,1,geometry
2958,S2227608__S22-27608-_-SERIAL_1,1,0,geometry
2959,S2513847__S25-13847_0_BP1A2021_131603,0,0,geometry
2960,S20-26719__S20-26719,1,1,geometry
2961,S2227608__S22-27608-_-SERIAL_1,1,1,geometry
2962,S2516970__S25-16970____155248,1,0,geometry
2963,S2520404__S2520404_0_BP1A2021,0,1,geometry
2964,S2423618__S24-23618-_-RECUT_2,0,0,geometry
2965,S2406754__S24-06754-_-SERIAL_1,0,0,geometry
2966,S2227604__S22-27604-_-BIOPSY,1,0,geometry
2967,S2424255__S2424255,0,1,geometry
2968,S2227604__S22-27604-_-BIOPSY,1,1,geometry
2969,S2227608__S22-27608-_-SERIAL_2,1,0,geometry
2970,S2128633__S2128633--DEEP,1,0,geometry
2971,S2520404__S2520404_0_BP1A2021,0,0,geometry
2972,S2352429__S23-52429-_-RECUT_1,0,1,geometry
2973,S2520402__S2520402_0_BP1A2021,0,0,geometry
2974,S2229537__S22-29537-_-SERIAL_1,1,1,geometry
2975,S2424250__S2424250,0,1,geometry
2976,S2409390__S2409390,0,0,geometry
2977,S18-18746__S18-18746,1,0,geometry
2978,S2524777__S2524777_0_BP1A2021,0,0,geometry
2979,S2039743__S20-39743-C-PLHE_0,1,1,geometry
2980,S2406038__S2406038,0,1,geometry
2981,S20-26719__S20-26719,1,0,geometry
2982,S2039743__S20-39743-L-PLHE_1,1,1,geometry
2983,S19-19367__S19-19367,1,1,geometry
2984,S17-42935__S17-42935,1,0,geometry
2985,S2524777__S2524777_0_BP1A2021,0,1,geometry
2986,S2531985__S2531985_0_BP1A2021,0,1,geometry
2987,S2401283__S24-01283-_-BIOPSY,0,1,geometry
2988,S18-18746__S18-18746,1,0,geometry
2989,S2530063__S2530063_0_BP1A2021,0,0,geometry
2990,S2521240__S2521240_0_BP1A2021,1,0,geometry
2991,S2434918__S24-34918-_-BIOPSY,1,1,geometry
2992,S19-19367__S19-19367,1,1,geometry
2993,S2511010__S25-11010_0_BP1A2021_052642,1,0,geometry
2994,S2227608__S22-27608-_-SERIAL_2,1,0,geometry
2995,S20-26719__S20-26719,1,1,geometry
2996,S17-42935__S17-42935,1,1,geometry
2997,S2229537__S22-29537-_-SERIAL_1,1,0,geometry
2998,S2533022__S2533022_0_BP1A2021,0,0,geometry
2999,S19-40063__S19-40063,0,0,geometry
3000,S20-26719__S20-26719,1,0,geometry
3001,S2522980__S2522980_0_BP1A2021,0,1,geometry
3002,S2227608__S22-27608-_-SERIAL_2,1,0,geometry
3003,S2237601__S22-37601-_-,0,0,geometry
3004,S2511010__S25-11010_0_BP1A2021_052642,1,0,geometry
3005,S2326329__S23-26329-_-BIOPSY,0,0,geometry
3006,S2227608__S22-27608-_-SERIAL_1,1,0,geometry
3007,S2406038__S2406038,0,1,geometry
3008,S2216630__S2216630--DEEP_1,0,1,geometry
3009,S2511009__S25-11009_0_BP1A2021_052542,0,1,geometry
3010,S2352429__S23-52429-_-BIOPSY,0,1,geometry
3011,S2434918__S24-34918-_-BIOPSY,1,1,geometry
3012,S2516970__S25-16970____155248,1,0,geometry
3013,S2039743__S20-39743-C-PLHE_0,1,0,geometry
3014,S17-42935__S17-42935,1,0,geometry
3015,S2227604__S22-27604-_-BIOPSY,1,0,geometry
3016,S2511009__S25-11009_0_BP1A2021_052542,0,1,geometry
3017,S2521240__S2521240_0_BP1A2021,1,0,geometry
3018,S2516971__S25-16971____140945,0,0,geometry
3019,S2352429__S23-52429-_-RECUT_1,0,0,geometry
3020,S2352429__S23-52429-_-RECUT_1,0,0,geometry
3021,S2530985__S2530985_0_BP1A2021,0,0,geometry
3022,S2513847__S25-13847_0_BP1A2021_131603,0,1,geometry
3023,S2521240__S2521240_0_BP1A2021,1,1,geometry
3024,S2511010__S25-11010_0_BP1A2021_052642,1,0,geometry
3025,S2352429__S23-52429-_-RECUT_1,0,0,geometry
3026,S2216630__S2216630--DEEP_1,0,0,geometry
3027,S18-18746__S18-18746,1,0,geometry
3028,S2511010__S25-11010_0_BP1A2021_052642,1,0,geometry
3029,S2424255__S2424255,0,1,geometry
3030,S2039743__S20-39743-L-PLHE_1,1,0,geometry
3031,S18-18746__S18-18746,1,1,geometry
3032,S19-19367__S19-19367,1,1,geometry
3033,S17-42935__S17-42935,1,0,geometry
3034,S2516970__S25-16970____155248,1,0,geometry
3035,S20-26719__S20-26719,1,1,geometry
3036,S19-19367__S19-19367,1,0,geometry
3037,S2512685__S2512685_0_,0,0,geometry
3038,S2511007__S25-11007_0_BP1A2021_052433,0,0,geometry
3039,S2516971__S25-16971____155423,0,1,geometry
3040,S2128633__S2128633--DEEP,1,1,geometry
3041,S2520404__S2520404_0_BP1A2021,0,0,geometry
3042,S20-26719__S20-26719,1,1,geometry
3043,S2229537__S22-29537-_-SERIAL_1,1,0,geometry
3044,S2436457__S2436457_BP1B11_C_15540_2,0,0,geometry
3045,S2530063__S2530063_0_BP1A2021,0,1,geometry
3046,S18-18746__S18-18746,1,0,geometry
3047,S2434918__S24-34918-_-BIOPSY,1,0,geometry
3048,S2424250__S2424250,0,1,geometry
3049,S2326329__S23-26329-_-BIOPSY,0,1,geometry
3050,S2039743__S20-39743-L-PLHE_1,1,0,geometry
3051,S2344462__S23-44462-_-BIOPSY,0,0,geometry
3052,S2406754__S24-06754-_-DEEP_2,0,1,geometry
3053,S2352429__S23-52429-_-RECUT_1,0,0,geometry
3054,S2039743__S20-39743-C-PLHE_0,1,0,geometry
3055,S2227604__S22-27604-_-BIOPSY,1,0,geometry
3056,S2326329__S23-26329-_-BIOPSY,0,0,geometry
3057,S2039743__S20-39743-C-PLHE_0,1,0,geometry
3058,S2216630__S2216630--DEEP_1,0,0,geometry
3059,S2227608__S22-27608-_-SERIAL_1,1,1,geometry
3060,S2406038__S2406038,0,1,geometry
3061,S2511007__S25-11007_0_BP1A2021_052433,0,1,geometry
3062,S2216630__S2216630--DEEP_1,0,1,geometry
3063,S2516970__S25-16970____155248,1,1,geometry
3064,S2504719__S25-04719-_-DEEP_1,0,1,geometry
3065,S2511010__S25-11010_0_BP1A2021_052642,1,0,geometry
3066,S2227608__S22-27608-_-SERIAL_2,1,0,geometry
3067,S20-28924__S20-28924,0,0,geometry
3068,S2512685__S2512685_0_,0,1,geometry
3069,S2216630__S2216630--DEEP_1,0,1,geometry
3070,S2237603__S22-37603-_-_1,0,0,geometry
3071,S2424250__S2424250,0,1,geometry
3072,S2511008__S25-11008_0_BP1A2021_052339,1,0,geometry
3073,S2511010__S25-11010_0_BP1A2021_052642,1,0,geometry
3074,S2516970__S25-16970____155248,1,1,geometry
3075,S2528218__S2528218_0_BP1A2021,0,1,geometry
3076,S2511007__S25-11007_0_BP1A2021_052433,0,0,geometry
3077,S2227604__S22-27604-_-BIOPSY,1,1,geometry
3078,S2237601__S22-37601-_-,0,0,geometry
3079,S2039743__S20-39743-P-PLHE_3,1,0,geometry
3080,S2229537__S22-29537-_-SERIAL_1,1,1,geometry
3081,S20-28924__S20-28924,0,0,geometry
3082,S2530981__S2530981_0_BP1A2021,0,0,geometry
3083,S20-26719__S20-26719,1,0,geometry
3084,S2533022__S2533022_0_BP1A2021,0,0,geometry
3085,S2520402__S2520402_0_BP1A2021,0,0,geometry
3086,S19-19367__S19-19367,1,1,geometry
3087,S2504719__S25-04719-_-DEEP_1,0,1,geometry
3088,S18-18746__S18-18746,1,0,geometry
3089,S17-42935__S17-42935,1,0,geometry
3090,S2520402__S2520402_0_BP1A2021,0,0,geometry
3091,S2229537__S22-29537-_-SERIAL_1,1,1,geometry
3092,S2521240__S2521240_0_BP1A2021,1,1,geometry
3093,S2227608__S22-27608-_-SERIAL_1,1,0,geometry
3094,S2530981__S2530981_0_BP1A2021,0,1,geometry
3095,S2352429__S23-52429-_-BIOPSY,0,1,geometry
3096,S2406038__S2406038,0,0,geometry
3097,S17-42935__S17-42935,1,0,geometry
3098,S2512685__S2512685_0_,0,1,geometry
3099,S2227604__S22-27604-_-BIOPSY,1,1,geometry
3100,S20-26719__S20-26719,1,1,geometry
3101,S2516971__S25-16971____155423,0,0,geometry
3102,S2229537__S22-29537-_-SERIAL_1,1,1,geometry
3103,S2424255__S2424255,0,1,geometry
3104,S2039743__S20-39743-C-PLHE_0,1,1,geometry
3105,S2516971__S25-16971____155423,0,1,geometry
3106,S2227604__S22-27604-_-BIOPSY,1,1,geometry
3107,S2530981__S2530981_0_BP1A2021,0,0,geometry
3108,S2530985__S2530985_0_BP1A2021,0,1,geometry
3109,S2513847__S25-13847_0_BP1A2021_131603,0,0,geometry
3110,S2229537__S22-29537-_-SERIAL_1,1,0,geometry
3111,S2039743__S20-39743-C-PLHE_0,1,0,geometry
3112,S2516971__S25-16971____140945,0,1,geometry
3113,S2227608__S22-27608-_-SERIAL_1,1,0,geometry
3114,S2516971__S25-16971____155423,0,1,geometry
3115,S2039743__S20-39743-L-PLHE_1,1,0,geometry
3116,S2039743__S20-39743-P-PLHE_3,1,0,geometry
3117,S2512685__S2512685_0_,0,0,geometry
3118,S2409390__S2409390,0,0,geometry
3119,S2326329__S23-26329-_-BIOPSY,0,1,geometry
3120,S2326329__S23-26329-_-BIOPSY,0,1,geometry
3121,S2039743__S20-39743-P-PLHE_3,1,1,geometry
3122,S2227604__S22-27604-_-BIOPSY,1,1,geometry
3123,S2039743__S20-39743-P-PLHE_3,1,0,geometry
3124,S2530981__S2530981_0_BP1A2021,0,1,geometry
3125,S2520404__S2520404_0_BP1A2021,0,1,geometry
3126,S2227608__S22-27608-_-SERIAL_2,1,0,geometry
3127,S17-42935__S17-42935,1,0,geometry
3128,S2039743__S20-39743-L-PLHE_1,1,1,geometry
3129,S2227608__S22-27608-_-SERIAL_2,1,0,geometry
3130,S2516970__S25-16970____155248,1,1,geometry
3131,S20-26719__S20-26719,1,0,geometry
3132,S2229537__S22-29537-_-SERIAL_1,1,0,geometry
3133,S20-26719__S20-26719,1,0,geometry
3134,S2039743__S20-39743-C-PLHE_0,1,1,geometry
3135,S2424250__S2424250,0,0,geometry
3136,S2039743__S20-39743-L-PLHE_1,1,1,geometry
3137,S2227608__S22-27608-_-SERIAL_1,1,1,geometry
3138,S2229537__S22-29537-_-SERIAL_1,1,1,geometry
3139,S2406038__S2406038,0,0,geometry
3140,S2511007__S25-11007_0_BP1A2021_052433,0,0,geometry
3141,S2227608__S22-27608-_-SERIAL_2,1,0,geometry
3142,S2511008__S25-11008_0_BP1A2021_052339,1,0,geometry
3143,S2436457__S2436457_BP1B11_C_15540_2,0,1,geometry
3144,S2528218__S2528218_0_BP1A2021,0,1,geometry
3145,S2424250__S2424250,0,1,geometry
3146,S2530985__S2530985_0_BP1A2021,0,0,geometry
3147,S19-40063__S19-40063,0,1,geometry
3148,S2227608__S22-27608-_-SERIAL_1,1,1,geometry
3149,S2434918__S24-34918-_-BIOPSY,1,1,geometry
3150,S2237603__S22-37603-_-_1,0,0,geometry
3151,S19-40063__S19-40063,0,1,geometry
3152,S17-42935__S17-42935,1,1,geometry
3153,S2521240__S2521240_0_BP1A2021,1,1,geometry
3154,S2227608__S22-27608-_-SERIAL_2,1,0,geometry
3155,S2436457__S2436457_BP1B11_C_15540_2,0,0,geometry
3156,S2504719__S25-04719-_-DEEP_1,0,0,geometry
3157,S2039743__S20-39743-P-PLHE_3,1,1,geometry
3158,S2516971__S25-16971____155423,0,1,geometry
3159,S2401283__S24-01283-_-BIOPSY,0,1,geometry
3160,S2227608__S22-27608-_-SERIAL_2,1,0,geometry
3161,S18-18746__S18-18746,1,1,geometry
3162,S2039743__S20-39743-C-PLHE_0,1,0,geometry
3163,S2511008__S25-11008_0_BP1A2021_052339,1,0,geometry
3164,S2237601__S22-37601-_-,0,0,geometry
3165,S2227604__S22-27604-_-BIOPSY,1,1,geometry
3166,S2504719__S25-04719-_-DEEP_1,0,1,geometry
3167,S2504719__S25-04719-_-DEEP_1,0,1,geometry
3168,S20-26719__S20-26719,1,1,geometry
3169,S2128633__S2128633--DEEP,1,1,geometry
3170,S17-42935__S17-42935,1,1,geometry
3171,S2513847__S25-13847_0_BP1A2021_131603,0,1,geometry
3172,S2531985__S2531985_0_BP1A2021,0,0,geometry
3173,S17-42935__S17-42935,1,0,geometry
3174,S2039743__S20-39743-C-PLHE_0,1,0,geometry
3175,S2227608__S22-27608-_-SERIAL_1,1,1,geometry
3176,S2229537__S22-29537-_-SERIAL_1,1,1,geometry
3177,S2237603__S22-37603-_-_1,0,0,geometry
3178,S2516971__S25-16971____155423,0,1,geometry
3179,S2235518__S22-35518-_-BIOPSY,0,0,geometry
3180,S2039743__S20-39743-C-PLHE_0,1,1,geometry
3181,S2511008__S25-11008_0_BP1A2021_052339,1,1,geometry
3182,S2235518__S22-35518-_-BIOPSY,0,1,geometry
3183,S2520402__S2520402_0_BP1A2021,0,0,geometry
3184,S2128633__S2128633--DEEP,1,1,geometry
3185,S2522980__S2522980_0_BP1A2021,0,1,geometry
3186,S2227608__S22-27608-_-SERIAL_2,1,1,geometry
3187,S2504719__S25-04719-_-DEEP_1,0,1,geometry
3188,S2521240__S2521240_0_BP1A2021,1,1,geometry
3189,S2511010__S25-11010_0_BP1A2021_052642,1,0,geometry
3190,S2039743__S20-39743-P-PLHE_3,1,1,geometry
3191,S19-19367__S19-19367,1,1,geometry
3192,S2423618__S24-23618-_-RECUT_2,0,1,geometry
3193,S2326329__S23-26329-_-BIOPSY,0,1,geometry
3194,S17-42935__S17-42935,1,1,geometry
3195,S2434918__S24-34918-_-BIOPSY,1,0,geometry
3196,S2039743__S20-39743-P-PLHE_3,1,0,geometry
3197,S2352429__S23-52429-_-BIOPSY,0,0,geometry
3198,S2521240__S2521240_0_BP1A2021,1,0,geometry
3199,S2511008__S25-11008_0_BP1A2021_052339,1,1,geometry
3200,S2227608__S22-27608-_-SERIAL_1,1,1,geometry
3201,S2227608__S22-27608-_-SERIAL_1,1,0,geometry
3202,S2520402__S2520402_0_BP1A2021,0,1,geometry
3203,S2516971__S25-16971____155423,0,0,geometry
3204,S2227604__S22-27604-_-BIOPSY,1,1,geometry
3205,S2530985__S2530985_0_BP1A2021,0,1,geometry
3206,S2039743__S20-39743-C-PLHE_0,1,0,geometry
3207,S20-26719__S20-26719,1,0,geometry
3208,S2434918__S24-34918-_-BIOPSY,1,1,geometry
3209,S2434918__S24-34918-_-BIOPSY,1,1,geometry
3210,S2516971__S25-16971____155423,0,1,geometry
3211,S20-28924__S20-28924,0,0,geometry
3212,S2039743__S20-39743-L-PLHE_1,1,0,geometry
3213,S2406754__S24-06754-_-DEEP_2,0,0,geometry
3214,S2520404__S2520404_0_BP1A2021,0,1,geometry
3215,S2128633__S2128633--DEEP,1,0,geometry
3216,S2504719__S25-04719-_-DEEP_1,0,1,geometry
3217,S2504719__S25-04719-_-DEEP_1,0,1,geometry
3218,S2227608__S22-27608-_-SERIAL_1,1,0,geometry
3219,S2528218__S2528218_0_BP1A2021,0,1,geometry
3220,S17-42935__S17-42935,1,0,geometry
3221,S2227608__S22-27608-_-SERIAL_1,1,1,geometry
3222,S2511010__S25-11010_0_BP1A2021_052642,1,1,geometry
3223,S2516970__S25-16970____155248,1,0,geometry
3224,S2128633__S2128633--DEEP,1,1,geometry
3225,S2436457__S2436457_BP1B11_C_15540_2,0,1,geometry
3226,S2511008__S25-11008_0_BP1A2021_052339,1,1,geometry
3227,S2522980__S2522980_0_BP1A2021,0,0,geometry
3228,S2511859__S25-11859_0_BP1A2021_150616,0,1,geometry
3229,S2409390__S2409390,0,0,geometry
3230,S2128633__S2128633--DEEP,1,1,geometry
3231,S2128633__S2128633--DEEP,1,1,geometry
3232,S2520404__S2520404_0_BP1A2021,0,1,geometry
3233,S2522980__S2522980_0_BP1A2021,0,1,geometry
3234,S19-19367__S19-19367,1,0,geometry
3235,S2511007__S25-11007_0_BP1A2021_052433,0,1,geometry
3236,S2235518__S22-35518-_-BIOPSY,0,0,geometry
3237,S2039743__S20-39743-P-PLHE_3,1,1,geometry
3238,S19-40063__S19-40063,0,0,geometry
3239,S19-19367__S19-19367,1,0,geometry
3240,S2525436__S2525436_0_BP1A2021,0,1,geometry
3241,S2423618__S24-23618-_-RECUT_2,0,0,geometry
3242,S20-26719__S20-26719,1,0,geometry
3243,S2235518__S22-35518-_-BIOPSY,0,1,geometry
3244,S2511007__S25-11007_0_BP1A2021_052433,0,0,geometry
3245,S2039743__S20-39743-L-PLHE_1,1,0,geometry
3246,S17-42935__S17-42935,1,1,geometry
3247,S2227608__S22-27608-_-SERIAL_2,1,1,geometry
3248,S2512685__S2512685_0_,0,1,geometry
3249,S19-40063__S19-40063,0,0,geometry
3250,S2406038__S2406038,0,1,geometry
3251,S2423618__S24-23618-_-RECUT_2,0,0,geometry
3252,S2229537__S22-29537-_-SERIAL_1,1,0,geometry
3253,S2515598__S25-15598_0__144202,0,0,geometry
3254,S2237601__S22-37601-_-,0,1,geometry
3255,S2530063__S2530063_0_BP1A2021,0,0,geometry
3256,S2237603__S22-37603-_-_1,0,1,geometry
3257,S2504719__S25-04719-_-DEEP_1,0,1,geometry
3258,S2520402__S2520402_0_BP1A2021,0,0,geometry
3259,S2511008__S25-11008_0_BP1A2021_052339,1,1,geometry
3260,S2528218__S2528218_0_BP1A2021,0,0,geometry
3261,S2531985__S2531985_0_BP1A2021,0,0,geometry
3262,S2520404__S2520404_0_BP1A2021,0,0,geometry
3263,S2516970__S25-16970____155248,1,0,geometry
3264,S2521240__S2521240_0_BP1A2021,1,1,geometry
3265,S2039743__S20-39743-C-PLHE_0,1,1,geometry
3266,S17-42935__S17-42935,1,0,geometry
3267,S2237601__S22-37601-_-,0,1,geometry
3268,S17-42935__S17-42935,1,1,geometry
3269,S2511007__S25-11007_0_BP1A2021_052433,0,0,geometry
3270,S2513847__S25-13847_0_BP1A2021_131603,0,1,geometry
3271,S2511008__S25-11008_0_BP1A2021_052339,1,1,geometry
3272,S2128633__S2128633--DEEP,1,1,geometry
3273,S2515598__S25-15598_0__144202,0,0,geometry
3274,S2401283__S24-01283-_-BIOPSY,0,0,geometry
3275,S2511008__S25-11008_0_BP1A2021_052339,1,0,geometry
3276,S2522980__S2522980_0_BP1A2021,0,1,geometry
3277,S2511010__S25-11010_0_BP1A2021_052642,1,0,geometry
3278,S2128633__S2128633--DEEP,1,0,geometry
3279,S2235518__S22-35518-_-BIOPSY,0,1,geometry
3280,S19-19367__S19-19367,1,0,geometry
3281,S2229537__S22-29537-_-SERIAL_1,1,1,geometry
3282,S2227604__S22-27604-_-BIOPSY,1,0,geometry
3283,S2520404__S2520404_0_BP1A2021,0,1,geometry
3284,S2229537__S22-29537-_-SERIAL_1,1,1,geometry
3285,S2511859__S25-11859_0_BP1A2021_150616,0,0,geometry
3286,S2513847__S25-13847_0_BP1A2021_131603,0,1,geometry
3287,S2128633__S2128633--DEEP,1,0,geometry
3288,S2520402__S2520402_0_BP1A2021,0,1,geometry
3289,S2039743__S20-39743-P-PLHE_3,1,0,geometry
3290,S18-18746__S18-18746,1,1,geometry
3291,S2511008__S25-11008_0_BP1A2021_052339,1,0,geometry
3292,S2406038__S2406038,0,0,geometry
3293,S18-18746__S18-18746,1,1,geometry
3294,S2039743__S20-39743-L-PLHE_1,1,0,geometry
3295,S2227604__S22-27604-_-BIOPSY,1,0,geometry
3296,S2039743__S20-39743-P-PLHE_3,1,0,geometry
3297,S2128633__S2128633--DEEP,1,1,geometry
3298,S2039743__S20-39743-L-PLHE_1,1,0,geometry
3299,S2227608__S22-27608-_-SERIAL_2,1,1,geometry
3300,S2039743__S20-39743-P-PLHE_3,1,1,geometry
3301,S2434918__S24-34918-_-BIOPSY,1,1,geometry
3302,S2516971__S25-16971____155423,0,0,geometry
3303,S2227604__S22-27604-_-BIOPSY,1,0,geometry
3304,S2229537__S22-29537-_-SERIAL_1,1,0,geometry
3305,S2039743__S20-39743-P-PLHE_3,1,0,geometry
3306,S2229537__S22-29537-_-SERIAL_1,1,0,geometry
3307,S2504719__S25-04719-_-DEEP_1,0,1,geometry
3308,S2516971__S25-16971____155423,0,1,geometry
3309,S20-26719__S20-26719,1,1,geometry
3310,S2406754__S24-06754-_-DEEP_2,0,0,geometry
3311,S2406754__S24-06754-_-SERIAL_1,0,0,geometry
3312,S2235518__S22-35518-_-BIOPSY,0,1,geometry
3313,S2039743__S20-39743-P-PLHE_3,1,0,geometry
3314,S2229537__S22-29537-_-SERIAL_1,1,0,geometry
3315,S2039743__S20-39743-C-PLHE_0,1,1,geometry
3316,S2511008__S25-11008_0_BP1A2021_052339,1,0,geometry
3317,S2521240__S2521240_0_BP1A2021,1,0,geometry
3318,S2229537__S22-29537-_-SERIAL_1,1,1,geometry
3319,S2511010__S25-11010_0_BP1A2021_052642,1,1,geometry
3320,S2039743__S20-39743-L-PLHE_1,1,1,geometry
3321,S2511010__S25-11010_0_BP1A2021_052642,1,0,geometry
3322,S2409390__S2409390,0,0,geometry
3323,S2039743__S20-39743-L-PLHE_1,1,1,geometry
3324,S2039743__S20-39743-P-PLHE_3,1,1,geometry
3325,S20-26719__S20-26719,1,0,geometry
3326,S2513847__S25-13847_0_BP1A2021_131603,0,0,geometry
3327,S2516971__S25-16971____140945,0,0,geometry
3328,S20-28924__S20-28924,0,1,geometry
3329,S19-19367__S19-19367,1,1,geometry
3330,S2326329__S23-26329-_-BIOPSY,0,0,geometry
3331,S2515598__S25-15598_0__144202,0,0,geometry
3332,S19-40063__S19-40063,0,0,geometry
3333,S2434918__S24-34918-_-BIOPSY,1,0,geometry
3334,S2406038__S2406038,0,1,geometry
3335,S2516970__S25-16970____155248,1,0,geometry
3336,S2520402__S2520402_0_BP1A2021,0,0,geometry
3337,S2423618__S24-23618-_-RECUT_2,0,1,geometry
3338,S2516970__S25-16970____155248,1,0,geometry
3339,S2227608__S22-27608-_-SERIAL_1,1,1,geometry
3340,S2530063__S2530063_0_BP1A2021,0,0,geometry
3341,S2511008__S25-11008_0_BP1A2021_052339,1,0,geometry
3342,S2352429__S23-52429-_-BIOPSY,0,0,geometry
3343,S20-26719__S20-26719,1,1,geometry
3344,S20-26719__S20-26719,1,0,geometry
3345,S2039743__S20-39743-C-PLHE_0,1,1,geometry
3346,S2520404__S2520404_0_BP1A2021,0,1,geometry
3347,S2522980__S2522980_0_BP1A2021,0,1,geometry
3348,S2409390__S2409390,0,1,geometry
3349,S2039743__S20-39743-L-PLHE_1,1,1,geometry
3350,S2237603__S22-37603-_-_1,0,1,geometry
3351,S2516970__S25-16970____155248,1,0,geometry
3352,S2516970__S25-16970____155248,1,1,geometry
3353,S2039743__S20-39743-C-PLHE_0,1,1,geometry
3354,S20-26719__S20-26719,1,0,geometry
3355,S2528218__S2528218_0_BP1A2021,0,0,geometry
3356,S2522980__S2522980_0_BP1A2021,0,0,geometry
3357,S18-18746__S18-18746,1,0,geometry
3358,S2516970__S25-16970____155248,1,1,geometry
3359,S2511859__S25-11859_0_BP1A2021_150616,0,1,geometry
3360,S2512685__S2512685_0_,0,1,geometry
3361,S17-42935__S17-42935,1,0,geometry
3362,S2516970__S25-16970____155248,1,1,geometry
3363,S2237601__S22-37601-_-,0,1,geometry
3364,S2227608__S22-27608-_-SERIAL_2,1,0,geometry
3365,S2530981__S2530981_0_BP1A2021,0,1,geometry
3366,S2237601__S22-37601-_-,0,0,geometry
3367,S2525436__S2525436_0_BP1A2021,0,0,geometry
3368,S2409390__S2409390,0,0,geometry
3369,S2436457__S2436457_BP1B11_C_15540_2,0,0,geometry
3370,S19-19367__S19-19367,1,1,geometry
3371,S19-19367__S19-19367,1,1,geometry
3372,S2227608__S22-27608-_-SERIAL_1,1,0,geometry
3373,S2524777__S2524777_0_BP1A2021,0,1,geometry
3374,S20-26719__S20-26719,1,0,geometry
3375,S2401283__S24-01283-_-BIOPSY,0,1,geometry
3376,S20-26719__S20-26719,1,1,geometry
3377,S2235518__S22-35518-_-BIOPSY,0,1,geometry
3378,S2533022__S2533022_0_BP1A2021,0,0,geometry
3379,S2511008__S25-11008_0_BP1A2021_052339,1,0,geometry
3380,S2520404__S2520404_0_BP1A2021,0,0,geometry
3381,S2227608__S22-27608-_-SERIAL_2,1,1,geometry
3382,S2516970__S25-16970____155248,1,1,geometry
3383,S2237603__S22-37603-_-_1,0,1,geometry
3384,S2227604__S22-27604-_-BIOPSY,1,1,geometry
3385,S2516970__S25-16970____155248,1,0,geometry
3386,S20-26719__S20-26719,1,1,geometry
3387,S2531985__S2531985_0_BP1A2021,0,1,geometry
3388,S2520402__S2520402_0_BP1A2021,0,1,geometry
3389,S2521240__S2521240_0_BP1A2021,1,0,geometry
3390,S2513847__S25-13847_0_BP1A2021_131603,0,1,geometry
3391,S17-42935__S17-42935,1,1,geometry
3392,S2530063__S2530063_0_BP1A2021,0,0,geometry
3393,S2237603__S22-37603-_-_1,0,0,geometry
3394,S2326329__S23-26329-_-BIOPSY,0,1,geometry
3395,S19-19367__S19-19367,1,0,geometry
3396,S2434918__S24-34918-_-BIOPSY,1,1,geometry
3397,S2401283__S24-01283-_-BIOPSY,0,1,geometry
3398,S2434918__S24-34918-_-BIOPSY,1,1,geometry
3399,S2229537__S22-29537-_-SERIAL_1,1,0,geometry
3400,S18-18746__S18-18746,1,0,geometry
3401,S2039743__S20-39743-L-PLHE_1,1,1,geometry
3402,S2511008__S25-11008_0_BP1A2021_052339,1,1,geometry
3403,S2511859__S25-11859_0_BP1A2021_150616,0,0,geometry
3404,S2530985__S2530985_0_BP1A2021,0,0,geometry
3405,S2401283__S24-01283-_-BIOPSY,0,1,geometry
3406,S2227608__S22-27608-_-SERIAL_2,1,1,geometry
3407,S2511010__S25-11010_0_BP1A2021_052642,1,1,geometry
3408,S2511009__S25-11009_0_BP1A2021_052542,0,0,geometry
3409,S2039743__S20-39743-P-PLHE_3,1,0,geometry
3410,S2511007__S25-11007_0_BP1A2021_052433,0,0,geometry
3411,S2406754__S24-06754-_-DEEP_2,0,1,geometry
3412,S17-42935__S17-42935,1,0,geometry
3413,S2237601__S22-37601-_-,0,0,geometry
3414,S2521240__S2521240_0_BP1A2021,1,1,geometry
3415,S2039743__S20-39743-P-PLHE_3,1,0,geometry
3416,S2352429__S23-52429-_-BIOPSY,0,0,geometry
3417,S2227608__S22-27608-_-SERIAL_1,1,0,geometry
3418,S2434918__S24-34918-_-BIOPSY,1,1,geometry
3419,S2039743__S20-39743-C-PLHE_0,1,0,geometry
3420,S19-19367__S19-19367,1,0,geometry
3421,S2521240__S2521240_0_BP1A2021,1,0,geometry
3422,S2522980__S2522980_0_BP1A2021,0,1,geometry
3423,S2401283__S24-01283-_-BIOPSY,0,1,geometry
3424,S2409390__S2409390,0,0,geometry
3425,S19-40063__S19-40063,0,0,geometry
3426,S2229537__S22-29537-_-SERIAL_1,1,0,geometry
3427,S2528218__S2528218_0_BP1A2021,0,0,geometry
3428,S2039743__S20-39743-L-PLHE_1,1,0,geometry
3429,S2516970__S25-16970____155248,1,0,geometry
3430,S18-18746__S18-18746,1,1,geometry
3431,S2344462__S23-44462-_-BIOPSY,0,1,geometry
3432,S2504719__S25-04719-_-DEEP_1,0,1,geometry
3433,S2406038__S2406038,0,1,geometry
3434,S2511010__S25-11010_0_BP1A2021_052642,1,0,geometry
3435,S2227608__S22-27608-_-SERIAL_2,1,1,geometry
3436,S2039743__S20-39743-L-PLHE_1,1,0,geometry
3437,S2511009__S25-11009_0_BP1A2021_052542,0,0,geometry
3438,S2530985__S2530985_0_BP1A2021,0,1,geometry
3439,S2227608__S22-27608-_-SERIAL_2,1,1,geometry
3440,S2516971__S25-16971____140945,0,0,geometry
3441,S2039743__S20-39743-P-PLHE_3,1,1,geometry
3442,S2511008__S25-11008_0_BP1A2021_052339,1,0,geometry
3443,S2436457__S2436457_BP1B11_C_15540_2,0,0,geometry
3444,S2511009__S25-11009_0_BP1A2021_052542,0,1,geometry
3445,S2039743__S20-39743-C-PLHE_0,1,0,geometry
3446,S2424250__S2424250,0,0,geometry
3447,S2524777__S2524777_0_BP1A2021,0,0,geometry
3448,S2344462__S23-44462-_-BIOPSY,0,0,geometry
3449,S2521240__S2521240_0_BP1A2021,1,1,geometry
3450,S2128633__S2128633--DEEP,1,0,geometry
3451,S2522980__S2522980_0_BP1A2021,0,1,geometry
3452,S2227608__S22-27608-_-SERIAL_1,1,0,geometry
3453,S19-19367__S19-19367,1,1,geometry
3454,S17-42935__S17-42935,1,1,geometry
3455,S2511010__S25-11010_0_BP1A2021_052642,1,0,geometry
3456,S2524777__S2524777_0_BP1A2021,0,1,geometry
3457,S2504719__S25-04719-_-DEEP_1,0,0,geometry
3458,S2227604__S22-27604-_-BIOPSY,1,0,geometry
3459,S18-18746__S18-18746,1,0,geometry
3460,S19-19367__S19-19367,1,1,geometry
3461,S2434918__S24-34918-_-BIOPSY,1,0,geometry
3462,S2039743__S20-39743-P-PLHE_3,1,0,geometry
3463,S2229537__S22-29537-_-SERIAL_1,1,0,geometry
3464,S2237603__S22-37603-_-_1,0,1,geometry
3465,S2401283__S24-01283-_-BIOPSY,0,1,geometry
3466,S2513847__S25-13847_0_BP1A2021_131603,0,1,geometry
3467,S2511007__S25-11007_0_BP1A2021_052433,0,0,geometry
3468,S2511859__S25-11859_0_BP1A2021_150616,0,0,geometry
3469,S18-18746__S18-18746,1,0,geometry
3470,S2227608__S22-27608-_-SERIAL_2,1,0,geometry
3471,S2128633__S2128633--DEEP,1,1,geometry
3472,S2530985__S2530985_0_BP1A2021,0,1,geometry
3473,S2235518__S22-35518-_-BIOPSY,0,1,geometry
3474,S2424250__S2424250,0,0,geometry
3475,S2227608__S22-27608-_-SERIAL_2,1,1,geometry
3476,S2531985__S2531985_0_BP1A2021,0,0,geometry
3477,S2039743__S20-39743-C-PLHE_0,1,1,geometry
3478,S2039743__S20-39743-L-PLHE_1,1,1,geometry
3479,S19-19367__S19-19367,1,0,geometry
3480,S2039743__S20-39743-P-PLHE_3,1,1,geometry
3481,S2128633__S2128633--DEEP,1,1,geometry
3482,S2516970__S25-16970____155248,1,1,geometry
3483,S2530063__S2530063_0_BP1A2021,0,0,geometry
3484,S2227608__S22-27608-_-SERIAL_2,1,0,geometry
3485,S2039743__S20-39743-C-PLHE_0,1,0,geometry
3486,S2227604__S22-27604-_-BIOPSY,1,0,geometry
3487,S2516970__S25-16970____155248,1,1,geometry
3488,S2530063__S2530063_0_BP1A2021,0,0,geometry
3489,S2237603__S22-37603-_-_1,0,1,geometry
3490,S2229537__S22-29537-_-SERIAL_1,1,0,geometry
3491,S2434918__S24-34918-_-BIOPSY,1,1,geometry
3492,S2235518__S22-35518-_-BIOPSY,0,0,geometry
3493,S2525436__S2525436_0_BP1A2021,0,1,geometry
3494,S2521240__S2521240_0_BP1A2021,1,1,geometry
3495,S2227604__S22-27604-_-BIOPSY,1,0,geometry
3496,S19-19367__S19-19367,1,0,geometry
3497,S2515598__S25-15598_0__144202,0,1,geometry
3498,S2401283__S24-01283-_-BIOPSY,0,1,geometry
3499,S2401283__S24-01283-_-BIOPSY,0,0,geometry
3500,S2128633__S2128633--DEEP,1,1,geometry
3501,S2227608__S22-27608-_-SERIAL_2,1,0,geometry
3502,S2128633__S2128633--DEEP,1,1,geometry
3503,S2229537__S22-29537-_-SERIAL_1,1,0,geometry
3504,S2516971__S25-16971____140945,0,0,geometry
3505,S2227608__S22-27608-_-SERIAL_2,1,1,geometry
3506,S20-26719__S20-26719,1,0,geometry
3507,S2406754__S24-06754-_-DEEP_2,0,0,geometry
3508,S2504719__S25-04719-_-DEEP_1,0,1,geometry
3509,S2522980__S2522980_0_BP1A2021,0,1,geometry
3510,S2039743__S20-39743-P-PLHE_3,1,1,geometry
3511,S2522980__S2522980_0_BP1A2021,0,0,geometry
3512,S2229537__S22-29537-_-SERIAL_1,1,1,geometry
3513,S2128633__S2128633--DEEP,1,0,geometry
3514,S2237601__S22-37601-_-,0,1,geometry
3515,S2531985__S2531985_0_BP1A2021,0,0,geometry
3516,S2227604__S22-27604-_-BIOPSY,1,0,geometry
3517,S20-28924__S20-28924,0,1,geometry
3518,S2513847__S25-13847_0_BP1A2021_131603,0,0,geometry
3519,S2516970__S25-16970____155248,1,0,geometry
3520,S2039743__S20-39743-L-PLHE_1,1,1,geometry
3521,S2406754__S24-06754-_-SERIAL_1,0,1,geometry
3522,S20-28924__S20-28924,0,1,geometry
3523,S2424255__S2424255,0,0,geometry
3524,S2525436__S2525436_0_BP1A2021,0,1,geometry
3525,S2406754__S24-06754-_-SERIAL_1,0,1,geometry
3526,S2511010__S25-11010_0_BP1A2021_052642,1,1,geometry
3527,S2039743__S20-39743-L-PLHE_1,1,0,geometry
3528,S20-26719__S20-26719,1,1,geometry
3529,S2039743__S20-39743-C-PLHE_0,1,1,geometry
3530,S2039743__S20-39743-L-PLHE_1,1,0,geometry
3531,S2530063__S2530063_0_BP1A2021,0,1,geometry
3532,S19-19367__S19-19367,1,1,geometry
3533,S2039743__S20-39743-L-PLHE_1,1,0,geometry
3534,S17-42935__S17-42935,1,0,geometry
3535,S19-40063__S19-40063,0,1,geometry
3536,S2229537__S22-29537-_-SERIAL_1,1,0,geometry
3537,S2533022__S2533022_0_BP1A2021,0,1,geometry
3538,S19-40063__S19-40063,0,0,geometry
3539,S20-26719__S20-26719,1,0,geometry
3540,S2511008__S25-11008_0_BP1A2021_052339,1,0,geometry
3541,S2511008__S25-11008_0_BP1A2021_052339,1,1,geometry
3542,S20-26719__S20-26719,1,1,geometry
3543,S19-19367__S19-19367,1,0,geometry
3544,S2216630__S2216630--DEEP_1,0,0,geometry
3545,S2511008__S25-11008_0_BP1A2021_052339,1,1,geometry
3546,S2227608__S22-27608-_-SERIAL_2,1,1,geometry
3547,S2235518__S22-35518-_-BIOPSY,0,0,geometry
3548,S2511009__S25-11009_0_BP1A2021_052542,0,1,geometry
3549,S2406038__S2406038,0,1,geometry
3550,S2229537__S22-29537-_-SERIAL_1,1,0,geometry
3551,S2512685__S2512685_0_,0,0,geometry
3552,S2227608__S22-27608-_-SERIAL_1,1,0,geometry
3553,S18-18746__S18-18746,1,1,geometry
3554,S2039743__S20-39743-P-PLHE_3,1,1,geometry
3555,S2436457__S2436457_BP1B11_C_15540_2,0,0,geometry
3556,S2524777__S2524777_0_BP1A2021,0,0,geometry
3557,S2511010__S25-11010_0_BP1A2021_052642,1,0,geometry
3558,S2128633__S2128633--DEEP,1,0,geometry
3559,S2424255__S2424255,0,1,geometry
3560,S17-42935__S17-42935,1,0,geometry
3561,S2528218__S2528218_0_BP1A2021,0,0,geometry
3562,S2530985__S2530985_0_BP1A2021,0,1,geometry
3563,S2512685__S2512685_0_,0,0,geometry
3564,S2352429__S23-52429-_-BIOPSY,0,1,geometry
3565,S19-19367__S19-19367,1,0,geometry
3566,S2352429__S23-52429-_-BIOPSY,0,1,geometry
3567,S2409390__S2409390,0,0,geometry
3568,S2511010__S25-11010_0_BP1A2021_052642,1,1,geometry
3569,S2520402__S2520402_0_BP1A2021,0,0,geometry
3570,S2521240__S2521240_0_BP1A2021,1,0,geometry
3571,S2326329__S23-26329-_-BIOPSY,0,1,geometry
3572,S2039743__S20-39743-L-PLHE_1,1,0,geometry
3573,S17-42935__S17-42935,1,1,geometry
3574,S2039743__S20-39743-P-PLHE_3,1,0,geometry
3575,S2406038__S2406038,0,1,geometry
3576,S2229537__S22-29537-_-SERIAL_1,1,0,geometry
3577,S2039743__S20-39743-L-PLHE_1,1,0,geometry
3578,S2511010__S25-11010_0_BP1A2021_052642,1,1,geometry
3579,S2504719__S25-04719-_-DEEP_1,0,1,geometry
3580,S20-26719__S20-26719,1,1,geometry
3581,S2513847__S25-13847_0_BP1A2021_131603,0,1,geometry
3582,S2227608__S22-27608-_-SERIAL_1,1,0,geometry
3583,S2401283__S24-01283-_-BIOPSY,0,1,geometry
3584,S2436457__S2436457_BP1B11_C_15540_2,0,1,geometry
3585,S2516970__S25-16970____155248,1,1,geometry
3586,S2504719__S25-04719-_-DEEP_1,0,0,geometry
3587,S2511010__S25-11010_0_BP1A2021_052642,1,1,geometry
3588,S2515598__S25-15598_0__144202,0,0,geometry
3589,S2409390__S2409390,0,0,geometry
3590,S2436457__S2436457_BP1B11_C_15540_2,0,0,geometry
3591,S2511859__S25-11859_0_BP1A2021_150616,0,1,geometry
3592,S2229537__S22-29537-_-SERIAL_1,1,1,geometry
3593,S2504719__S25-04719-_-DEEP_1,0,0,geometry
3594,S2406754__S24-06754-_-DEEP_2,0,0,geometry
3595,S2406754__S24-06754-_-DEEP_2,0,1,geometry
3596,S2512685__S2512685_0_,0,0,geometry
3597,S2511859__S25-11859_0_BP1A2021_150616,0,0,geometry
3598,S2531985__S2531985_0_BP1A2021,0,0,geometry
3599,S2521240__S2521240_0_BP1A2021,1,1,geometry
3600,S2423618__S24-23618-_-RECUT_2,0,0,geometry
3601,S2235518__S22-35518-_-BIOPSY,0,0,geometry
3602,S2406038__S2406038,0,1,geometry
3603,S2406754__S24-06754-_-SERIAL_1,0,1,geometry
3604,S2229537__S22-29537-_-SERIAL_1,1,0,geometry
3605,S2227604__S22-27604-_-BIOPSY,1,0,geometry
3606,S2406754__S24-06754-_-DEEP_2,0,1,geometry
3607,S2235518__S22-35518-_-BIOPSY,0,1,geometry
3608,S2531985__S2531985_0_BP1A2021,0,0,geometry
3609,S2423618__S24-23618-_-RECUT_2,0,0,geometry
3610,S2237601__S22-37601-_-,0,0,geometry
3611,S2128633__S2128633--DEEP,1,1,geometry
3612,S2511010__S25-11010_0_BP1A2021_052642,1,0,geometry
3613,S2533022__S2533022_0_BP1A2021,0,0,geometry
3614,S2516971__S25-16971____155423,0,1,geometry
3615,S2511007__S25-11007_0_BP1A2021_052433,0,1,geometry
3616,S2521240__S2521240_0_BP1A2021,1,0,geometry
3617,S2511007__S25-11007_0_BP1A2021_052433,0,1,geometry
3618,S2227608__S22-27608-_-SERIAL_2,1,1,geometry
3619,S2352429__S23-52429-_-BIOPSY,0,1,geometry
3620,S18-18746__S18-18746,1,0,geometry
3621,S2520404__S2520404_0_BP1A2021,0,0,geometry
3622,S2406754__S24-06754-_-DEEP_2,0,1,geometry
3623,S2434918__S24-34918-_-BIOPSY,1,0,geometry
3624,S2406038__S2406038,0,1,geometry
3625,S2513847__S25-13847_0_BP1A2021_131603,0,1,geometry
3626,S2524777__S2524777_0_BP1A2021,0,0,geometry
3627,S2525436__S2525436_0_BP1A2021,0,0,geometry
3628,S2237603__S22-37603-_-_1,0,1,geometry
3629,S17-42935__S17-42935,1,0,geometry
3630,S2237603__S22-37603-_-_1,0,0,geometry
3631,S2516970__S25-16970____155248,1,1,geometry
3632,S2511010__S25-11010_0_BP1A2021_052642,1,1,geometry
3633,S2326329__S23-26329-_-BIOPSY,0,1,geometry
3634,S17-42935__S17-42935,1,0,geometry
3635,S2436457__S2436457_BP1B11_C_15540_2,0,1,geometry
3636,S2522980__S2522980_0_BP1A2021,0,0,geometry
3637,S17-42935__S17-42935,1,0,geometry
3638,S2512685__S2512685_0_,0,0,geometry
3639,S2326329__S23-26329-_-BIOPSY,0,1,geometry
3640,S2229537__S22-29537-_-SERIAL_1,1,0,geometry
3641,S18-18746__S18-18746,1,0,geometry
3642,S2128633__S2128633--DEEP,1,1,geometry
3643,S2227608__S22-27608-_-SERIAL_2,1,0,geometry
3644,S2513847__S25-13847_0_BP1A2021_131603,0,0,geometry
3645,S2237603__S22-37603-_-_1,0,0,geometry
3646,S2128633__S2128633--DEEP,1,1,geometry
3647,S2039743__S20-39743-P-PLHE_3,1,0,geometry
3648,S2511008__S25-11008_0_BP1A2021_052339,1,0,geometry
3649,S2531985__S2531985_0_BP1A2021,0,1,geometry
3650,S2039743__S20-39743-P-PLHE_3,1,1,geometry
3651,S2511008__S25-11008_0_BP1A2021_052339,1,0,geometry
3652,S2511859__S25-11859_0_BP1A2021_150616,0,1,geometry
3653,S2409390__S2409390,0,0,geometry
3654,S17-42935__S17-42935,1,1,geometry
3655,S2531985__S2531985_0_BP1A2021,0,1,geometry
3656,S2352429__S23-52429-_-RECUT_1,0,0,geometry
3657,S2521240__S2521240_0_BP1A2021,1,0,geometry
3658,S2227604__S22-27604-_-BIOPSY,1,1,geometry
3659,S2516971__S25-16971____155423,0,0,geometry
3660,S2406038__S2406038,0,0,geometry
3661,S2227608__S22-27608-_-SERIAL_1,1,1,geometry
3662,S2227608__S22-27608-_-SERIAL_1,1,1,geometry
3663,S19-40063__S19-40063,0,0,geometry
3664,S2406038__S2406038,0,1,geometry
3665,S2516971__S25-16971____155423,0,1,geometry
3666,S2434918__S24-34918-_-BIOPSY,1,0,geometry
3667,S2521240__S2521240_0_BP1A2021,1,1,geometry
3668,S2406754__S24-06754-_-DEEP_2,0,1,geometry
3669,S2530981__S2530981_0_BP1A2021,0,0,geometry
3670,S2406754__S24-06754-_-SERIAL_1,0,1,geometry
3671,S2515598__S25-15598_0__144202,0,0,geometry
3672,S2530063__S2530063_0_BP1A2021,0,1,geometry
3673,S2516970__S25-16970____155248,1,0,geometry
3674,S2511008__S25-11008_0_BP1A2021_052339,1,0,geometry
3675,S2352429__S23-52429-_-RECUT_1,0,1,geometry
3676,S2235518__S22-35518-_-BIOPSY,0,1,geometry
3677,S2227608__S22-27608-_-SERIAL_2,1,0,geometry
3678,S2512685__S2512685_0_,0,0,geometry
3679,S2423618__S24-23618-_-RECUT_2,0,0,geometry
3680,S2511859__S25-11859_0_BP1A2021_150616,0,0,geometry
3681,S19-19367__S19-19367,1,1,geometry
3682,S2436457__S2436457_BP1B11_C_15540_2,0,1,geometry
3683,S2423618__S24-23618-_-RECUT_2,0,0,geometry
3684,S19-40063__S19-40063,0,0,geometry
3685,S2504719__S25-04719-_-DEEP_1,0,0,geometry
3686,S2511859__S25-11859_0_BP1A2021_150616,0,1,geometry
3687,S2227604__S22-27604-_-BIOPSY,1,1,geometry
3688,S2423618__S24-23618-_-RECUT_2,0,1,geometry
3689,S20-26719__S20-26719,1,1,geometry
3690,S20-26719__S20-26719,1,0,geometry
3691,S2516971__S25-16971____155423,0,1,geometry
3692,S2511007__S25-11007_0_BP1A2021_052433,0,1,geometry
3693,S2039743__S20-39743-L-PLHE_1,1,1,geometry
3694,S2512685__S2512685_0_,0,1,geometry
3695,S18-18746__S18-18746,1,1,geometry
3696,S2227604__S22-27604-_-BIOPSY,1,1,geometry
3697,S2237603__S22-37603-_-_1,0,0,geometry
3698,S2326329__S23-26329-_-BIOPSY,0,0,geometry
3699,S2409390__S2409390,0,0,geometry
3700,S19-19367__S19-19367,1,0,geometry
3701,S19-40063__S19-40063,0,0,geometry
3702,S2423618__S24-23618-_-RECUT_2,0,0,geometry
3703,S2423618__S24-23618-_-RECUT_2,0,1,geometry
3704,S2039743__S20-39743-C-PLHE_0,1,1,geometry
3705,S2227604__S22-27604-_-BIOPSY,1,0,geometry
3706,S2504719__S25-04719-_-DEEP_1,0,0,geometry
3707,S2520404__S2520404_0_BP1A2021,0,0,geometry
3708,S2423618__S24-23618-_-RECUT_2,0,0,geometry
3709,S2533022__S2533022_0_BP1A2021,0,0,geometry
3710,S2521240__S2521240_0_BP1A2021,1,1,geometry
3711,S2434918__S24-34918-_-BIOPSY,1,0,geometry
3712,S2227604__S22-27604-_-BIOPSY,1,0,geometry
3713,S2039743__S20-39743-L-PLHE_1,1,1,geometry
3714,S2352429__S23-52429-_-RECUT_1,0,0,geometry
3715,S20-26719__S20-26719,1,1,geometry
3716,S2128633__S2128633--DEEP,1,0,geometry
3717,S2513847__S25-13847_0_BP1A2021_131603,0,1,geometry
3718,S2533022__S2533022_0_BP1A2021,0,1,geometry
3719,S2531985__S2531985_0_BP1A2021,0,1,geometry
3720,S2528218__S2528218_0_BP1A2021,0,0,geometry
3721,S2521240__S2521240_0_BP1A2021,1,0,geometry
3722,S2521240__S2521240_0_BP1A2021,1,1,geometry
3723,S2511008__S25-11008_0_BP1A2021_052339,1,0,geometry
3724,S20-26719__S20-26719,1,1,geometry
3725,S2229537__S22-29537-_-SERIAL_1,1,1,geometry
3726,S2039743__S20-39743-P-PLHE_3,1,0,geometry
3727,S20-28924__S20-28924,0,0,geometry
3728,S2436457__S2436457_BP1B11_C_15540_2,0,1,geometry
3729,S2227604__S22-27604-_-BIOPSY,1,0,geometry
3730,S2326329__S23-26329-_-BIOPSY,0,1,geometry
3731,S2352429__S23-52429-_-BIOPSY,0,0,geometry
3732,S18-18746__S18-18746,1,0,geometry
3733,S2530063__S2530063_0_BP1A2021,0,0,geometry
3734,S2229537__S22-29537-_-SERIAL_1,1,1,geometry
3735,S2039743__S20-39743-L-PLHE_1,1,0,geometry
3736,S2039743__S20-39743-C-PLHE_0,1,0,geometry
3737,S2039743__S20-39743-L-PLHE_1,1,0,geometry
3738,S2511859__S25-11859_0_BP1A2021_150616,0,1,geometry
3739,S2039743__S20-39743-C-PLHE_0,1,0,geometry
3740,S2039743__S20-39743-P-PLHE_3,1,1,geometry
3741,S2229537__S22-29537-_-SERIAL_1,1,1,geometry
3742,S2237603__S22-37603-_-_1,0,1,geometry
3743,S2531985__S2531985_0_BP1A2021,0,0,geometry
3744,S2511010__S25-11010_0_BP1A2021_052642,1,1,geometry
3745,S2533022__S2533022_0_BP1A2021,0,0,geometry
3746,S2528218__S2528218_0_BP1A2021,0,0,geometry
3747,S19-40063__S19-40063,0,0,geometry
3748,S2511010__S25-11010_0_BP1A2021_052642,1,0,geometry
3749,S2515598__S25-15598_0__144202,0,0,geometry
3750,S2511010__S25-11010_0_BP1A2021_052642,1,1,geometry
3751,S18-18746__S18-18746,1,0,geometry
3752,S2511010__S25-11010_0_BP1A2021_052642,1,1,geometry
3753,S20-26719__S20-26719,1,1,geometry
3754,S2326329__S23-26329-_-BIOPSY,0,1,geometry
3755,S2516971__S25-16971____155423,0,0,geometry
3756,S19-19367__S19-19367,1,1,geometry
3757,S2525436__S2525436_0_BP1A2021,0,1,geometry
3758,S2528218__S2528218_0_BP1A2021,0,0,geometry
3759,S2227608__S22-27608-_-SERIAL_1,1,1,geometry
3760,S2406754__S24-06754-_-DEEP_2,0,0,geometry
3761,S19-19367__S19-19367,1,1,geometry
3762,S2227604__S22-27604-_-BIOPSY,1,1,geometry
3763,S2525436__S2525436_0_BP1A2021,0,0,geometry
3764,S2235518__S22-35518-_-BIOPSY,0,1,geometry
3765,S2511007__S25-11007_0_BP1A2021_052433,0,1,geometry
3766,S2227608__S22-27608-_-SERIAL_1,1,0,geometry
3767,S2516971__S25-16971____155423,0,0,geometry
3768,S2326329__S23-26329-_-BIOPSY,0,0,geometry
3769,S2511008__S25-11008_0_BP1A2021_052339,1,1,geometry
3770,S2530985__S2530985_0_BP1A2021,0,0,geometry
3771,S19-40063__S19-40063,0,1,geometry
3772,S2530985__S2530985_0_BP1A2021,0,0,geometry
3773,S2039743__S20-39743-C-PLHE_0,1,0,geometry
3774,S2511008__S25-11008_0_BP1A2021_052339,1,0,geometry
3775,S2039743__S20-39743-L-PLHE_1,1,1,geometry
3776,S2229537__S22-29537-_-SERIAL_1,1,1,geometry
3777,S2530063__S2530063_0_BP1A2021,0,1,geometry
3778,S19-19367__S19-19367,1,1,geometry
3779,S2515598__S25-15598_0__144202,0,1,geometry
3780,S2039743__S20-39743-P-PLHE_3,1,1,geometry
3781,S2237603__S22-37603-_-_1,0,1,geometry
3782,S2530981__S2530981_0_BP1A2021,0,0,geometry
3783,S19-40063__S19-40063,0,0,geometry
3784,S2528218__S2528218_0_BP1A2021,0,0,geometry
3785,S2520402__S2520402_0_BP1A2021,0,1,geometry
3786,S2511008__S25-11008_0_BP1A2021_052339,1,1,geometry
3787,S2227604__S22-27604-_-BIOPSY,1,0,geometry
3788,S2344462__S23-44462-_-BIOPSY,0,1,geometry
3789,S2525436__S2525436_0_BP1A2021,0,0,geometry
3790,S2227608__S22-27608-_-SERIAL_1,1,1,geometry
3791,S2039743__S20-39743-P-PLHE_3,1,1,geometry
3792,S20-28924__S20-28924,0,0,geometry
3793,S2516970__S25-16970____155248,1,1,geometry
3794,S2515598__S25-15598_0__144202,0,0,geometry
3795,S2406754__S24-06754-_-SERIAL_1,0,0,geometry
3796,S2039743__S20-39743-P-PLHE_3,1,1,geometry
3797,S2511008__S25-11008_0_BP1A2021_052339,1,0,geometry
3798,S2511008__S25-11008_0_BP1A2021_052339,1,1,geometry
3799,S2039743__S20-39743-P-PLHE_3,1,0,geometry
3800,S2227608__S22-27608-_-SERIAL_1,1,0,geometry
3801,S20-28924__S20-28924,0,0,geometry
3802,S2039743__S20-39743-P-PLHE_3,1,1,geometry
3803,S2227608__S22-27608-_-SERIAL_2,1,0,geometry
3804,S2513847__S25-13847_0_BP1A2021_131603,0,0,geometry
3805,S2039743__S20-39743-L-PLHE_1,1,1,geometry
3806,S2423618__S24-23618-_-RECUT_2,0,0,geometry
3807,S2530063__S2530063_0_BP1A2021,0,1,geometry
3808,S2530981__S2530981_0_BP1A2021,0,1,geometry
3809,S2039743__S20-39743-L-PLHE_1,1,0,geometry
3810,S2511859__S25-11859_0_BP1A2021_150616,0,1,geometry
3811,S2516970__S25-16970____155248,1,0,geometry
3812,S2513847__S25-13847_0_BP1A2021_131603,0,0,geometry
3813,S2344462__S23-44462-_-BIOPSY,0,0,geometry
3814,S2530985__S2530985_0_BP1A2021,0,0,geometry
3815,S2237603__S22-37603-_-_1,0,0,geometry
3816,S2531985__S2531985_0_BP1A2021,0,0,geometry
3817,S2227608__S22-27608-_-SERIAL_1,1,0,geometry
3818,S2436457__S2436457_BP1B11_C_15540_2,0,1,geometry
3819,S2039743__S20-39743-L-PLHE_1,1,0,geometry
3820,S2039743__S20-39743-P-PLHE_3,1,0,geometry
3821,S2520404__S2520404_0_BP1A2021,0,1,geometry
3822,S2227608__S22-27608-_-SERIAL_1,1,1,geometry
3823,S2522980__S2522980_0_BP1A2021,0,0,geometry
3824,S2516970__S25-16970____155248,1,1,geometry
3825,S2229537__S22-29537-_-SERIAL_1,1,1,geometry
3826,S2434918__S24-34918-_-BIOPSY,1,1,geometry
3827,S18-18746__S18-18746,1,0,geometry
3828,S19-19367__S19-19367,1,1,geometry
3829,S2406754__S24-06754-_-DEEP_2,0,0,geometry
3830,S2401283__S24-01283-_-BIOPSY,0,0,geometry
3831,S2436457__S2436457_BP1B11_C_15540_2,0,1,geometry
3832,S2511008__S25-11008_0_BP1A2021_052339,1,1,geometry
3833,S2128633__S2128633--DEEP,1,0,geometry
3834,S2039743__S20-39743-C-PLHE_0,1,0,geometry
3835,S2039743__S20-39743-L-PLHE_1,1,1,geometry
3836,S2434918__S24-34918-_-BIOPSY,1,1,geometry
3837,S2039743__S20-39743-P-PLHE_3,1,1,geometry
3838,S2511008__S25-11008_0_BP1A2021_052339,1,0,geometry
3839,S2516971__S25-16971____140945,0,0,geometry
3840,S2406754__S24-06754-_-SERIAL_1,0,1,geometry
3841,S2227604__S22-27604-_-BIOPSY,1,0,geometry
3842,S2516971__S25-16971____140945,0,0,geometry
3843,S2237603__S22-37603-_-_1,0,1,geometry
3844,S2531985__S2531985_0_BP1A2021,0,0,geometry
3845,S2530981__S2530981_0_BP1A2021,0,0,geometry
3846,S2424250__S2424250,0,1,geometry
3847,S18-18746__S18-18746,1,1,geometry
3848,S2227604__S22-27604-_-BIOPSY,1,1,geometry
3849,S2511010__S25-11010_0_BP1A2021_052642,1,1,geometry
3850,S2227608__S22-27608-_-SERIAL_2,1,0,geometry
3851,S2039743__S20-39743-C-PLHE_0,1,0,geometry
3852,S2424255__S2424255,0,0,geometry
3853,S2227604__S22-27604-_-BIOPSY,1,0,geometry
3854,S20-26719__S20-26719,1,1,geometry
3855,S2227604__S22-27604-_-BIOPSY,1,0,geometry
3856,S2525436__S2525436_0_BP1A2021,0,1,geometry
3857,S2528218__S2528218_0_BP1A2021,0,1,geometry
3858,S2511009__S25-11009_0_BP1A2021_052542,0,0,geometry
3859,S2516970__S25-16970____155248,1,0,geometry
3860,S2436457__S2436457_BP1B11_C_15540_2,0,0,geometry
3861,S2516971__S25-16971____140945,0,0,geometry
3862,S2511010__S25-11010_0_BP1A2021_052642,1,1,geometry
3863,S19-19367__S19-19367,1,1,geometry
3864,S2039743__S20-39743-C-PLHE_0,1,0,geometry
3865,S2039743__S20-39743-P-PLHE_3,1,1,geometry
3866,S2511010__S25-11010_0_BP1A2021_052642,1,1,geometry
3867,S19-19367__S19-19367,1,0,geometry
3868,S2227608__S22-27608-_-SERIAL_2,1,0,geometry
3869,S2434918__S24-34918-_-BIOPSY,1,0,geometry
3870,S2530981__S2530981_0_BP1A2021,0,1,geometry
3871,S2530985__S2530985_0_BP1A2021,0,0,geometry
3872,S2227608__S22-27608-_-SERIAL_2,1,0,geometry
3873,S2520404__S2520404_0_BP1A2021,0,0,geometry
3874,S2511859__S25-11859_0_BP1A2021_150616,0,1,geometry
3875,S2227604__S22-27604-_-BIOPSY,1,0,geometry
3876,S2344462__S23-44462-_-BIOPSY,0,0,geometry
3877,S2227608__S22-27608-_-SERIAL_1,1,0,geometry
3878,S2511010__S25-11010_0_BP1A2021_052642,1,1,geometry
3879,S2516970__S25-16970____155248,1,0,geometry
3880,S2511008__S25-11008_0_BP1A2021_052339,1,0,geometry
3881,S2227608__S22-27608-_-SERIAL_2,1,0,geometry
3882,S2039743__S20-39743-P-PLHE_3,1,0,geometry
3883,S2511009__S25-11009_0_BP1A2021_052542,0,1,geometry
3884,S2524777__S2524777_0_BP1A2021,0,1,geometry
3885,S20-26719__S20-26719,1,1,geometry
3886,S2511009__S25-11009_0_BP1A2021_052542,0,0,geometry
3887,S2504719__S25-04719-_-DEEP_1,0,0,geometry
3888,S2436457__S2436457_BP1B11_C_15540_2,0,1,geometry
3889,S19-40063__S19-40063,0,0,geometry
3890,S19-19367__S19-19367,1,1,geometry
3891,S2227608__S22-27608-_-SERIAL_2,1,1,geometry
3892,S2533022__S2533022_0_BP1A2021,0,0,geometry
3893,S2520402__S2520402_0_BP1A2021,0,0,geometry
3894,S2227608__S22-27608-_-SERIAL_2,1,1,geometry
3895,S2227604__S22-27604-_-BIOPSY,1,0,geometry
3896,S2039743__S20-39743-C-PLHE_0,1,1,geometry
3897,S18-18746__S18-18746,1,0,geometry
3898,S2511010__S25-11010_0_BP1A2021_052642,1,1,geometry
3899,S2436457__S2436457_BP1B11_C_15540_2,0,1,geometry
3900,S2237601__S22-37601-_-,0,1,geometry
3901,S18-18746__S18-18746,1,1,geometry
3902,S2511009__S25-11009_0_BP1A2021_052542,0,1,geometry
3903,S2352429__S23-52429-_-BIOPSY,0,0,geometry
3904,S20-26719__S20-26719,1,0,geometry
3905,S2406754__S24-06754-_-DEEP_2,0,1,geometry
3906,S2227604__S22-27604-_-BIOPSY,1,0,geometry
3907,S2227608__S22-27608-_-SERIAL_1,1,0,geometry
3908,S2039743__S20-39743-P-PLHE_3,1,1,geometry
3909,S20-26719__S20-26719,1,1,geometry
3910,S2406754__S24-06754-_-SERIAL_1,0,1,geometry
3911,S2039743__S20-39743-L-PLHE_1,1,1,geometry
3912,S2533022__S2533022_0_BP1A2021,0,0,geometry
3913,S2235518__S22-35518-_-BIOPSY,0,1,geometry
3914,S2424255__S2424255,0,1,geometry
3915,S2406754__S24-06754-_-SERIAL_1,0,1,geometry
3916,S2424255__S2424255,0,0,geometry
3917,S2235518__S22-35518-_-BIOPSY,0,0,geometry
3918,S2512685__S2512685_0_,0,1,geometry
3919,S2511008__S25-11008_0_BP1A2021_052339,1,1,geometry
3920,S2511007__S25-11007_0_BP1A2021_052433,0,0,geometry
3921,S2434918__S24-34918-_-BIOPSY,1,0,geometry
3922,S2039743__S20-39743-P-PLHE_3,1,1,geometry
3923,S2039743__S20-39743-C-PLHE_0,1,0,geometry
3924,S2424250__S2424250,0,0,geometry
3925,S2039743__S20-39743-P-PLHE_3,1,0,geometry
3926,S2229537__S22-29537-_-SERIAL_1,1,0,geometry
3927,S2520402__S2520402_0_BP1A2021,0,1,geometry
3928,S2511010__S25-11010_0_BP1A2021_052642,1,0,geometry
3929,S2128633__S2128633--DEEP,1,0,geometry
3930,S2409390__S2409390,0,1,geometry
3931,S20-26719__S20-26719,1,1,geometry
3932,S2237601__S22-37601-_-,0,0,geometry
3933,S2039743__S20-39743-P-PLHE_3,1,0,geometry
3934,S2424255__S2424255,0,1,geometry
3935,S20-28924__S20-28924,0,1,geometry
3936,S2511008__S25-11008_0_BP1A2021_052339,1,0,geometry
3937,S2522980__S2522980_0_BP1A2021,0,0,geometry
3938,S2436457__S2436457_BP1B11_C_15540_2,0,1,geometry
3939,S2229537__S22-29537-_-SERIAL_1,1,1,geometry
3940,S2516970__S25-16970____155248,1,0,geometry
3941,S2423618__S24-23618-_-RECUT_2,0,0,geometry
3942,S2216630__S2216630--DEEP_1,0,0,geometry
3943,S2401283__S24-01283-_-BIOPSY,0,0,geometry
3944,S2039743__S20-39743-P-PLHE_3,1,0,geometry
3945,S2511010__S25-11010_0_BP1A2021_052642,1,1,geometry
3946,S2434918__S24-34918-_-BIOPSY,1,1,geometry
3947,S2039743__S20-39743-C-PLHE_0,1,0,geometry
3948,S2424255__S2424255,0,0,geometry
3949,S2227608__S22-27608-_-SERIAL_1,1,1,geometry
3950,S2533022__S2533022_0_BP1A2021,0,1,geometry
3951,S2352429__S23-52429-_-RECUT_1,0,0,geometry
3952,S2227608__S22-27608-_-SERIAL_1,1,1,geometry
3953,S2227608__S22-27608-_-SERIAL_2,1,0,geometry
3954,S2513847__S25-13847_0_BP1A2021_131603,0,0,geometry
3955,S2039743__S20-39743-P-PLHE_3,1,0,geometry
3956,S2511859__S25-11859_0_BP1A2021_150616,0,1,geometry
3957,S2436457__S2436457_BP1B11_C_15540_2,0,0,geometry
3958,S2039743__S20-39743-L-PLHE_1,1,0,geometry
3959,S2511010__S25-11010_0_BP1A2021_052642,1,1,geometry
3960,S18-18746__S18-18746,1,1,geometry
3961,S19-40063__S19-40063,0,0,geometry
3962,S2235518__S22-35518-_-BIOPSY,0,1,geometry
3963,S2516971__S25-16971____140945,0,0,geometry
3964,S2039743__S20-39743-P-PLHE_3,1,0,geometry
3965,S2128633__S2128633--DEEP,1,1,geometry
3966,S2434918__S24-34918-_-BIOPSY,1,1,geometry
3967,S2530981__S2530981_0_BP1A2021,0,1,geometry
3968,S2227604__S22-27604-_-BIOPSY,1,0,geometry
3969,S2237601__S22-37601-_-,0,0,geometry
3970,S2039743__S20-39743-L-PLHE_1,1,0,geometry
3971,S2227608__S22-27608-_-SERIAL_2,1,1,geometry
3972,S2533022__S2533022_0_BP1A2021,0,1,geometry
3973,S2525436__S2525436_0_BP1A2021,0,0,geometry
3974,S2039743__S20-39743-P-PLHE_3,1,1,geometry
3975,S2237601__S22-37601-_-,0,0,geometry
3976,S2128633__S2128633--DEEP,1,1,geometry
3977,S2039743__S20-39743-L-PLHE_1,1,0,geometry
3978,S2511010__S25-11010_0_BP1A2021_052642,1,1,geometry
3979,S2516971__S25-16971____140945,0,0,geometry
3980,S2406754__S24-06754-_-SERIAL_1,0,0,geometry
3981,S19-19367__S19-19367,1,0,geometry
3982,S2227608__S22-27608-_-SERIAL_2,1,1,geometry
3983,S18-18746__S18-18746,1,1,geometry
3984,S2039743__S20-39743-P-PLHE_3,1,1,geometry
3985,S2511859__S25-11859_0_BP1A2021_150616,0,1,geometry
3986,S2352429__S23-52429-_-RECUT_1,0,1,geometry
3987,S2424250__S2424250,0,1,geometry
3988,S20-28924__S20-28924,0,0,geometry
3989,S2229537__S22-29537-_-SERIAL_1,1,0,geometry
3990,S19-40063__S19-40063,0,1,geometry
3991,S2531985__S2531985_0_BP1A2021,0,1,geometry
3992,S2511007__S25-11007_0_BP1A2021_052433,0,0,geometry
3993,S2039743__S20-39743-C-PLHE_0,1,1,geometry
3994,S2533022__S2533022_0_BP1A2021,0,1,geometry
3995,S2406038__S2406038,0,1,geometry
3996,S2524777__S2524777_0_BP1A2021,0,1,geometry
3997,S2516970__S25-16970____155248,1,0,geometry
3998,S2235518__S22-35518-_-BIOPSY,0,1,geometry
3999,S2521240__S2521240_0_BP1A2021,1,1,geometry
4000,S2531985__S2531985_0_BP1A2021,0,1,geometry
4001,S2237601__S22-37601-_-,0,1,geometry
4002,S2039743__S20-39743-P-PLHE_3,1,1,geometry
4003,S2504719__S25-04719-_-DEEP_1,0,0,geometry
4004,S18-18746__S18-18746,1,1,geometry
4005,S2229537__S22-29537-_-SERIAL_1,1,0,geometry
4006,S2530981__S2530981_0_BP1A2021,0,0,geometry
4007,S2511010__S25-11010_0_BP1A2021_052642,1,0,geometry
4008,S2533022__S2533022_0_BP1A2021,0,0,geometry
4009,S2352429__S23-52429-_-BIOPSY,0,0,geometry
4010,S2039743__S20-39743-C-PLHE_0,1,1,geometry
4011,S2521240__S2521240_0_BP1A2021,1,1,geometry
4012,S2511010__S25-11010_0_BP1A2021_052642,1,1,geometry
4013,S2227608__S22-27608-_-SERIAL_1,1,0,geometry
4014,S2352429__S23-52429-_-BIOPSY,0,0,geometry
4015,S2128633__S2128633--DEEP,1,1,geometry
4016,S2406754__S24-06754-_-DEEP_2,0,1,geometry
4017,S2521240__S2521240_0_BP1A2021,1,0,geometry
4018,S2512685__S2512685_0_,0,1,geometry
4019,S2515598__S25-15598_0__144202,0,0,geometry
4020,S2434918__S24-34918-_-BIOPSY,1,0,geometry
4021,S18-18746__S18-18746,1,1,geometry
4022,S17-42935__S17-42935,1,0,geometry
4023,S2434918__S24-34918-_-BIOPSY,1,0,geometry
4024,S20-26719__S20-26719,1,1,geometry
4025,S2516970__S25-16970____155248,1,1,geometry
4026,S2520404__S2520404_0_BP1A2021,0,0,geometry
4027,S2434918__S24-34918-_-BIOPSY,1,0,geometry
4028,S2516971__S25-16971____155423,0,0,geometry
4029,S2511859__S25-11859_0_BP1A2021_150616,0,0,geometry
4030,S2516970__S25-16970____155248,1,1,geometry
4031,S20-26719__S20-26719,1,1,geometry
4032,S2237601__S22-37601-_-,0,0,geometry
4033,S2352429__S23-52429-_-RECUT_1,0,1,geometry
4034,S17-42935__S17-42935,1,0,geometry
4035,S2511007__S25-11007_0_BP1A2021_052433,0,1,geometry
4036,S17-42935__S17-42935,1,0,geometry
4037,S2229537__S22-29537-_-SERIAL_1,1,1,geometry
4038,S2504719__S25-04719-_-DEEP_1,0,1,geometry
4039,S2406754__S24-06754-_-DEEP_2,0,1,geometry
4040,S2039743__S20-39743-C-PLHE_0,1,1,geometry
4041,S2039743__S20-39743-L-PLHE_1,1,0,geometry
4042,S2227608__S22-27608-_-SERIAL_1,1,0,geometry
4043,S2530985__S2530985_0_BP1A2021,0,1,geometry
4044,S2039743__S20-39743-P-PLHE_3,1,1,geometry
4045,S2229537__S22-29537-_-SERIAL_1,1,1,geometry
4046,S2530985__S2530985_0_BP1A2021,0,1,geometry
4047,S2516970__S25-16970____155248,1,0,geometry
4048,S2128633__S2128633--DEEP,1,0,geometry
4049,S20-26719__S20-26719,1,0,geometry
4050,S2424250__S2424250,0,1,geometry
4051,S2128633__S2128633--DEEP,1,1,geometry
4052,S2039743__S20-39743-C-PLHE_0,1,0,geometry
4053,S2436457__S2436457_BP1B11_C_15540_2,0,1,geometry
4054,S19-19367__S19-19367,1,1,geometry
4055,S2352429__S23-52429-_-RECUT_1,0,0,geometry
4056,S2511009__S25-11009_0_BP1A2021_052542,0,0,geometry
4057,S2227604__S22-27604-_-BIOPSY,1,0,geometry
4058,S2434918__S24-34918-_-BIOPSY,1,0,geometry
4059,S2039743__S20-39743-L-PLHE_1,1,0,geometry
4060,S2229537__S22-29537-_-SERIAL_1,1,0,geometry
4061,S2525436__S2525436_0_BP1A2021,0,1,geometry
4062,S18-18746__S18-18746,1,1,geometry
4063,S2409390__S2409390,0,0,geometry
4064,S2530985__S2530985_0_BP1A2021,0,1,geometry
4065,S17-42935__S17-42935,1,0,geometry
4066,S19-40063__S19-40063,0,0,geometry
4067,S2516970__S25-16970____155248,1,1,geometry
4068,S19-19367__S19-19367,1,0,geometry
4069,S2516971__S25-16971____155423,0,0,geometry
4070,S2522980__S2522980_0_BP1A2021,0,0,geometry
4071,S2521240__S2521240_0_BP1A2021,1,0,geometry
4072,S19-40063__S19-40063,0,0,geometry
4073,S2229537__S22-29537-_-SERIAL_1,1,1,geometry
4074,S2511010__S25-11010_0_BP1A2021_052642,1,1,geometry
4075,S2528218__S2528218_0_BP1A2021,0,0,geometry
4076,S2516970__S25-16970____155248,1,1,geometry
4077,S2039743__S20-39743-P-PLHE_3,1,0,geometry
4078,S19-40063__S19-40063,0,1,geometry
4079,S2511008__S25-11008_0_BP1A2021_052339,1,0,geometry
4080,S2513847__S25-13847_0_BP1A2021_131603,0,0,geometry
4081,S2434918__S24-34918-_-BIOPSY,1,0,geometry
4082,S2039743__S20-39743-P-PLHE_3,1,1,geometry
4083,S2401283__S24-01283-_-BIOPSY,0,0,geometry
4084,S2039743__S20-39743-P-PLHE_3,1,1,geometry
4085,S2522980__S2522980_0_BP1A2021,0,1,geometry
4086,S2504719__S25-04719-_-DEEP_1,0,1,geometry
4087,S2525436__S2525436_0_BP1A2021,0,0,geometry
4088,S2039743__S20-39743-C-PLHE_0,1,0,geometry
4089,S2531985__S2531985_0_BP1A2021,0,1,geometry
4090,S2530985__S2530985_0_BP1A2021,0,1,geometry
4091,S2128633__S2128633--DEEP,1,0,geometry
4092,S2434918__S24-34918-_-BIOPSY,1,1,geometry
4093,S2216630__S2216630--DEEP_1,0,0,geometry
4094,S2128633__S2128633--DEEP,1,1,geometry
4095,S2229537__S22-29537-_-SERIAL_1,1,1,geometry
4096,S20-26719__S20-26719,1,0,geometry
4097,S18-18746__S18-18746,1,1,geometry
4098,S2515598__S25-15598_0__144202,0,0,geometry
4099,S2515598__S25-15598_0__144202,0,0,geometry
4100,S2525436__S2525436_0_BP1A2021,0,0,geometry
4101,S2515598__S25-15598_0__144202,0,0,geometry
4102,S2227608__S22-27608-_-SERIAL_2,1,1,geometry
4103,S2227604__S22-27604-_-BIOPSY,1,0,geometry
4104,S2227604__S22-27604-_-BIOPSY,1,1,geometry
4105,S2522980__S2522980_0_BP1A2021,0,1,geometry
4106,S2533022__S2533022_0_BP1A2021,0,0,geometry
4107,S2326329__S23-26329-_-BIOPSY,0,1,geometry
4108,S2521240__S2521240_0_BP1A2021,1,1,geometry
4109,S2216630__S2216630--DEEP_1,0,0,geometry
4110,S2513847__S25-13847_0_BP1A2021_131603,0,1,geometry
4111,S2401283__S24-01283-_-BIOPSY,0,1,geometry
4112,S2128633__S2128633--DEEP,1,0,geometry
4113,S2511008__S25-11008_0_BP1A2021_052339,1,1,geometry
4114,S2227604__S22-27604-_-BIOPSY,1,0,geometry
4115,S2531985__S2531985_0_BP1A2021,0,0,geometry
4116,S2128633__S2128633--DEEP,1,0,geometry
4117,S2344462__S23-44462-_-BIOPSY,0,1,geometry
4118,S2039743__S20-39743-C-PLHE_0,1,1,geometry
4119,S2521240__S2521240_0_BP1A2021,1,0,geometry
4120,S2423618__S24-23618-_-RECUT_2,0,0,geometry
4121,S2511010__S25-11010_0_BP1A2021_052642,1,1,geometry
4122,S2504719__S25-04719-_-DEEP_1,0,0,geometry
4123,S2227608__S22-27608-_-SERIAL_2,1,0,geometry
4124,S2528218__S2528218_0_BP1A2021,0,0,geometry
4125,S2522980__S2522980_0_BP1A2021,0,0,geometry
4126,S2326329__S23-26329-_-BIOPSY,0,0,geometry
4127,S2227608__S22-27608-_-SERIAL_2,1,0,geometry
4128,S2424255__S2424255,0,1,geometry
4129,S2227604__S22-27604-_-BIOPSY,1,1,geometry
4130,S2511859__S25-11859_0_BP1A2021_150616,0,0,geometry
4131,S2406038__S2406038,0,0,geometry
4132,S20-26719__S20-26719,1,1,geometry
4133,S2352429__S23-52429-_-RECUT_1,0,1,geometry
4134,S2406754__S24-06754-_-DEEP_2,0,1,geometry
4135,S2128633__S2128633--DEEP,1,1,geometry
4136,S2401283__S24-01283-_-BIOPSY,0,1,geometry
4137,S2039743__S20-39743-L-PLHE_1,1,0,geometry
4138,S2520404__S2520404_0_BP1A2021,0,1,geometry
4139,S19-19367__S19-19367,1,1,geometry
4140,S2504719__S25-04719-_-DEEP_1,0,1,geometry
4141,S2039743__S20-39743-C-PLHE_0,1,1,geometry
4142,S2229537__S22-29537-_-SERIAL_1,1,0,geometry
4143,S18-18746__S18-18746,1,1,geometry
4144,S2423618__S24-23618-_-RECUT_2,0,1,geometry
4145,S2511010__S25-11010_0_BP1A2021_052642,1,0,geometry
4146,S2352429__S23-52429-_-BIOPSY,0,0,geometry
4147,S2520402__S2520402_0_BP1A2021,0,1,geometry
4148,S2229537__S22-29537-_-SERIAL_1,1,1,geometry
4149,S2237603__S22-37603-_-_1,0,1,geometry
4150,S2128633__S2128633--DEEP,1,0,geometry
4151,S2516970__S25-16970____155248,1,0,geometry
4152,S2344462__S23-44462-_-BIOPSY,0,0,geometry
4153,S2434918__S24-34918-_-BIOPSY,1,0,geometry
4154,S2227608__S22-27608-_-SERIAL_1,1,0,geometry
4155,S2530981__S2530981_0_BP1A2021,0,0,geometry
4156,S2424250__S2424250,0,0,geometry
4157,S2039743__S20-39743-C-PLHE_0,1,1,geometry
4158,S2039743__S20-39743-C-PLHE_0,1,0,geometry
4159,S18-18746__S18-18746,1,1,geometry
4160,S19-19367__S19-19367,1,1,geometry
4161,S20-26719__S20-26719,1,0,geometry
4162,S2227604__S22-27604-_-BIOPSY,1,1,geometry
4163,S2039743__S20-39743-P-PLHE_3,1,0,geometry
4164,S2227604__S22-27604-_-BIOPSY,1,0,geometry
4165,S2039743__S20-39743-L-PLHE_1,1,0,geometry
4166,S2511010__S25-11010_0_BP1A2021_052642,1,1,geometry
4167,S2516970__S25-16970____155248,1,1,geometry
4168,S2227604__S22-27604-_-BIOPSY,1,0,geometry
4169,S2511859__S25-11859_0_BP1A2021_150616,0,0,geometry
4170,S2039743__S20-39743-P-PLHE_3,1,0,geometry
4171,S2039743__S20-39743-P-PLHE_3,1,0,geometry
4172,S2511008__S25-11008_0_BP1A2021_052339,1,0,geometry
4173,S2513847__S25-13847_0_BP1A2021_131603,0,0,geometry
4174,S2511007__S25-11007_0_BP1A2021_052433,0,1,geometry
4175,S2525436__S2525436_0_BP1A2021,0,0,geometry
4176,S2434918__S24-34918-_-BIOPSY,1,0,geometry
4177,S2520402__S2520402_0_BP1A2021,0,1,geometry
4178,S18-18746__S18-18746,1,1,geometry
4179,S2521240__S2521240_0_BP1A2021,1,1,geometry
4180,S2516970__S25-16970____155248,1,1,geometry
4181,S2530985__S2530985_0_BP1A2021,0,1,geometry
4182,S2326329__S23-26329-_-BIOPSY,0,0,geometry
4183,S2516970__S25-16970____155248,1,0,geometry
4184,S20-26719__S20-26719,1,0,geometry
4185,S2229537__S22-29537-_-SERIAL_1,1,0,geometry
4186,S2530981__S2530981_0_BP1A2021,0,1,geometry
4187,S2039743__S20-39743-P-PLHE_3,1,1,geometry
4188,S2511859__S25-11859_0_BP1A2021_150616,0,1,geometry
4189,S2434918__S24-34918-_-BIOPSY,1,1,geometry
4190,S2344462__S23-44462-_-BIOPSY,0,1,geometry
4191,S2436457__S2436457_BP1B11_C_15540_2,0,1,geometry
4192,S2401283__S24-01283-_-BIOPSY,0,1,geometry
4193,S17-42935__S17-42935,1,0,geometry
4194,S19-19367__S19-19367,1,1,geometry
4195,S2434918__S24-34918-_-BIOPSY,1,0,geometry
4196,S2436457__S2436457_BP1B11_C_15540_2,0,1,geometry
4197,S2511008__S25-11008_0_BP1A2021_052339,1,1,geometry
4198,S2525436__S2525436_0_BP1A2021,0,0,geometry
4199,S20-26719__S20-26719,1,0,geometry
4200,S2039743__S20-39743-L-PLHE_1,1,1,geometry
4201,S2515598__S25-15598_0__144202,0,1,geometry
4202,S2521240__S2521240_0_BP1A2021,1,0,geometry
4203,S2533022__S2533022_0_BP1A2021,0,1,geometry
4204,S2229537__S22-29537-_-SERIAL_1,1,1,geometry
4205,S19-40063__S19-40063,0,1,geometry
4206,S2227604__S22-27604-_-BIOPSY,1,1,geometry
4207,S2352429__S23-52429-_-BIOPSY,0,0,geometry
4208,S2039743__S20-39743-P-PLHE_3,1,1,geometry
4209,S2512685__S2512685_0_,0,1,geometry
4210,S18-18746__S18-18746,1,1,geometry
4211,S20-26719__S20-26719,1,1,geometry
4212,S20-26719__S20-26719,1,1,geometry
4213,S2531985__S2531985_0_BP1A2021,0,1,geometry
4214,S2525436__S2525436_0_BP1A2021,0,1,geometry
4215,S2406754__S24-06754-_-SERIAL_1,0,0,geometry
4216,S2524777__S2524777_0_BP1A2021,0,1,geometry
4217,S2235518__S22-35518-_-BIOPSY,0,0,geometry
4218,S19-19367__S19-19367,1,0,geometry
4219,S2512685__S2512685_0_,0,0,geometry
4220,S2511010__S25-11010_0_BP1A2021_052642,1,1,geometry
4221,S2039743__S20-39743-P-PLHE_3,1,0,geometry
4222,S2227608__S22-27608-_-SERIAL_2,1,0,geometry
4223,S2039743__S20-39743-C-PLHE_0,1,1,geometry
4224,S19-19367__S19-19367,1,0,geometry
4225,S2229537__S22-29537-_-SERIAL_1,1,1,geometry
4226,S2520404__S2520404_0_BP1A2021,0,0,geometry
4227,S2423618__S24-23618-_-RECUT_2,0,0,geometry
4228,S2424250__S2424250,0,0,geometry
4229,S2520404__S2520404_0_BP1A2021,0,0,geometry
4230,S2227608__S22-27608-_-SERIAL_2,1,0,geometry
4231,S2511010__S25-11010_0_BP1A2021_052642,1,1,geometry
4232,S2039743__S20-39743-L-PLHE_1,1,0,geometry
4233,S2434918__S24-34918-_-BIOPSY,1,0,geometry
4234,S2530063__S2530063_0_BP1A2021,0,0,geometry
4235,S2530981__S2530981_0_BP1A2021,0,0,geometry
4236,S2128633__S2128633--DEEP,1,0,geometry
4237,S17-42935__S17-42935,1,1,geometry
4238,S20-26719__S20-26719,1,1,geometry
4239,S2530981__S2530981_0_BP1A2021,0,0,geometry
4240,S2511008__S25-11008_0_BP1A2021_052339,1,1,geometry
4241,S2227608__S22-27608-_-SERIAL_2,1,0,geometry
4242,S2516970__S25-16970____155248,1,0,geometry
4243,S2227608__S22-27608-_-SERIAL_1,1,0,geometry
4244,S2511008__S25-11008_0_BP1A2021_052339,1,1,geometry
4245,S2401283__S24-01283-_-BIOPSY,0,0,geometry
4246,S2352429__S23-52429-_-RECUT_1,0,0,geometry
4247,S2352429__S23-52429-_-RECUT_1,0,0,geometry
4248,S2434918__S24-34918-_-BIOPSY,1,1,geometry
4249,S2406754__S24-06754-_-DEEP_2,0,0,geometry
4250,S2511009__S25-11009_0_BP1A2021_052542,0,0,geometry
4251,S2128633__S2128633--DEEP,1,1,geometry
4252,S2227608__S22-27608-_-SERIAL_1,1,1,geometry
4253,S2515598__S25-15598_0__144202,0,0,geometry
4254,S2039743__S20-39743-P-PLHE_3,1,0,geometry
4255,S2352429__S23-52429-_-RECUT_1,0,0,geometry
4256,S2227608__S22-27608-_-SERIAL_1,1,0,geometry
4257,S2237603__S22-37603-_-_1,0,0,geometry
4258,S20-26719__S20-26719,1,0,geometry
4259,S19-40063__S19-40063,0,0,geometry
4260,S2522980__S2522980_0_BP1A2021,0,1,geometry
4261,S2511008__S25-11008_0_BP1A2021_052339,1,1,geometry
4262,S17-42935__S17-42935,1,0,geometry
4263,S2406754__S24-06754-_-SERIAL_1,0,1,geometry
4264,S2039743__S20-39743-C-PLHE_0,1,0,geometry
4265,S2530985__S2530985_0_BP1A2021,0,0,geometry
4266,S2520404__S2520404_0_BP1A2021,0,1,geometry
4267,S19-40063__S19-40063,0,0,geometry
4268,S2039743__S20-39743-P-PLHE_3,1,0,geometry
4269,S2511010__S25-11010_0_BP1A2021_052642,1,1,geometry
4270,S2406754__S24-06754-_-SERIAL_1,0,1,geometry
4271,S2522980__S2522980_0_BP1A2021,0,1,geometry
4272,S17-42935__S17-42935,1,1,geometry
4273,S17-42935__S17-42935,1,0,geometry
4274,S2216630__S2216630--DEEP_1,0,1,geometry
4275,S2344462__S23-44462-_-BIOPSY,0,1,geometry
4276,S2235518__S22-35518-_-BIOPSY,0,1,geometry
4277,S2511010__S25-11010_0_BP1A2021_052642,1,1,geometry
4278,S2229537__S22-29537-_-SERIAL_1,1,0,geometry
4279,S2516971__S25-16971____140945,0,0,geometry
4280,S2504719__S25-04719-_-DEEP_1,0,0,geometry
4281,S2406038__S2406038,0,1,geometry
4282,S2227604__S22-27604-_-BIOPSY,1,1,geometry
4283,S2530981__S2530981_0_BP1A2021,0,1,geometry
4284,S2227608__S22-27608-_-SERIAL_2,1,0,geometry
4285,S2524777__S2524777_0_BP1A2021,0,0,geometry
4286,S2227608__S22-27608-_-SERIAL_2,1,0,geometry
4287,S2436457__S2436457_BP1B11_C_15540_2,0,1,geometry
4288,S2406754__S24-06754-_-SERIAL_1,0,0,geometry
4289,S2326329__S23-26329-_-BIOPSY,0,1,geometry
4290,S2511008__S25-11008_0_BP1A2021_052339,1,0,geometry
4291,S2516970__S25-16970____155248,1,1,geometry
4292,S2511007__S25-11007_0_BP1A2021_052433,0,1,geometry
4293,S2039743__S20-39743-L-PLHE_1,1,0,geometry
4294,S2039743__S20-39743-P-PLHE_3,1,0,geometry
4295,S2533022__S2533022_0_BP1A2021,0,1,geometry
4296,S2524777__S2524777_0_BP1A2021,0,1,geometry
4297,S2352429__S23-52429-_-RECUT_1,0,1,geometry
4298,S2424255__S2424255,0,0,geometry
4299,S2237603__S22-37603-_-_1,0,0,geometry
4300,S2513847__S25-13847_0_BP1A2021_131603,0,1,geometry
4301,S2128633__S2128633--DEEP,1,0,geometry
4302,S2516970__S25-16970____155248,1,1,geometry
4303,S2521240__S2521240_0_BP1A2021,1,0,geometry
4304,S2039743__S20-39743-C-PLHE_0,1,0,geometry
4305,S2237603__S22-37603-_-_1,0,0,geometry
4306,S19-40063__S19-40063,0,1,geometry
4307,S2344462__S23-44462-_-BIOPSY,0,1,geometry
4308,S2511008__S25-11008_0_BP1A2021_052339,1,0,geometry
4309,S2521240__S2521240_0_BP1A2021,1,1,geometry
4310,S2326329__S23-26329-_-BIOPSY,0,1,geometry
4311,S2424255__S2424255,0,1,geometry
4312,S2409390__S2409390,0,0,geometry
4313,S2504719__S25-04719-_-DEEP_1,0,1,geometry
4314,S2516971__S25-16971____155423,0,1,geometry
4315,S2039743__S20-39743-L-PLHE_1,1,0,geometry
4316,S2229537__S22-29537-_-SERIAL_1,1,1,geometry
4317,S2039743__S20-39743-P-PLHE_3,1,0,geometry
4318,S2516970__S25-16970____155248,1,1,geometry
4319,S2424255__S2424255,0,1,geometry
4320,S20-28924__S20-28924,0,1,geometry
4321,S2216630__S2216630--DEEP_1,0,1,geometry
4322,S18-18746__S18-18746,1,0,geometry
4323,S2520402__S2520402_0_BP1A2021,0,1,geometry
4324,S2406038__S2406038,0,0,geometry
4325,S2128633__S2128633--DEEP,1,1,geometry
4326,S20-26719__S20-26719,1,0,geometry
4327,S2326329__S23-26329-_-BIOPSY,0,0,geometry
4328,S2520404__S2520404_0_BP1A2021,0,0,geometry
4329,S2423618__S24-23618-_-RECUT_2,0,0,geometry
4330,S2524777__S2524777_0_BP1A2021,0,1,geometry
4331,S2352429__S23-52429-_-RECUT_1,0,1,geometry
4332,S17-42935__S17-42935,1,1,geometry
4333,S2039743__S20-39743-P-PLHE_3,1,0,geometry
4334,S2521240__S2521240_0_BP1A2021,1,1,geometry
4335,S2039743__S20-39743-P-PLHE_3,1,0,geometry
4336,S18-18746__S18-18746,1,1,geometry
4337,S2326329__S23-26329-_-BIOPSY,0,1,geometry
4338,S2436457__S2436457_BP1B11_C_15540_2,0,0,geometry
4339,S2516971__S25-16971____155423,0,1,geometry
4340,S2409390__S2409390,0,1,geometry
4341,S2227604__S22-27604-_-BIOPSY,1,0,geometry
4342,S2504719__S25-04719-_-DEEP_1,0,0,geometry
4343,S2511009__S25-11009_0_BP1A2021_052542,0,1,geometry
4344,S2229537__S22-29537-_-SERIAL_1,1,0,geometry
4345,S2530063__S2530063_0_BP1A2021,0,0,geometry
4346,S2516970__S25-16970____155248,1,0,geometry
4347,S2352429__S23-52429-_-BIOPSY,0,1,geometry
4348,S2039743__S20-39743-C-PLHE_0,1,1,geometry
4349,S2039743__S20-39743-P-PLHE_3,1,1,geometry
4350,S2352429__S23-52429-_-RECUT_1,0,0,geometry
4351,S2528218__S2528218_0_BP1A2021,0,0,geometry
4352,S2528218__S2528218_0_BP1A2021,0,1,geometry
4353,S17-42935__S17-42935,1,1,geometry
4354,S2436457__S2436457_BP1B11_C_15540_2,0,1,geometry
4355,S2434918__S24-34918-_-BIOPSY,1,1,geometry
4356,S2423618__S24-23618-_-RECUT_2,0,1,geometry
4357,S2436457__S2436457_BP1B11_C_15540_2,0,1,geometry
4358,S2039743__S20-39743-C-PLHE_0,1,1,geometry
4359,S2530985__S2530985_0_BP1A2021,0,1,geometry
4360,S2039743__S20-39743-C-PLHE_0,1,0,geometry
4361,S2227608__S22-27608-_-SERIAL_2,1,0,geometry
4362,S2521240__S2521240_0_BP1A2021,1,0,geometry
4363,S20-28924__S20-28924,0,0,geometry
4364,S2436457__S2436457_BP1B11_C_15540_2,0,0,geometry
4365,S2516971__S25-16971____155423,0,1,geometry
4366,S2436457__S2436457_BP1B11_C_15540_2,0,1,geometry
4367,S20-26719__S20-26719,1,1,geometry
4368,S2237601__S22-37601-_-,0,0,geometry
4369,S2511008__S25-11008_0_BP1A2021_052339,1,1,geometry
4370,S2406038__S2406038,0,0,geometry
4371,S2326329__S23-26329-_-BIOPSY,0,0,geometry
4372,S2530981__S2530981_0_BP1A2021,0,1,geometry
4373,S2039743__S20-39743-L-PLHE_1,1,0,geometry
4374,S2515598__S25-15598_0__144202,0,0,geometry
4375,S2227608__S22-27608-_-SERIAL_1,1,0,geometry
4376,S2531985__S2531985_0_BP1A2021,0,0,geometry
4377,S2406754__S24-06754-_-DEEP_2,0,0,geometry
4378,S20-28924__S20-28924,0,0,geometry
4379,S2406754__S24-06754-_-DEEP_2,0,1,geometry
4380,S20-26719__S20-26719,1,1,geometry
4381,S2401283__S24-01283-_-BIOPSY,0,0,geometry
4382,S2227604__S22-27604-_-BIOPSY,1,1,geometry
4383,S2423618__S24-23618-_-RECUT_2,0,1,geometry
4384,S2039743__S20-39743-L-PLHE_1,1,1,geometry
4385,S2229537__S22-29537-_-SERIAL_1,1,1,geometry
4386,S19-40063__S19-40063,0,1,geometry
4387,S2525436__S2525436_0_BP1A2021,0,1,geometry
4388,S2516970__S25-16970____155248,1,1,geometry
4389,S2039743__S20-39743-C-PLHE_0,1,0,geometry
4390,S2227608__S22-27608-_-SERIAL_2,1,1,geometry
4391,S2401283__S24-01283-_-BIOPSY,0,1,geometry
4392,S2520402__S2520402_0_BP1A2021,0,1,geometry
4393,S2406038__S2406038,0,1,geometry
4394,S2511010__S25-11010_0_BP1A2021_052642,1,1,geometry
4395,S2504719__S25-04719-_-DEEP_1,0,1,geometry
4396,S2227604__S22-27604-_-BIOPSY,1,1,geometry
4397,S18-18746__S18-18746,1,1,geometry
4398,S2401283__S24-01283-_-BIOPSY,0,1,geometry
4399,S19-19367__S19-19367,1,0,geometry
4400,S2039743__S20-39743-C-PLHE_0,1,1,geometry
4401,S2229537__S22-29537-_-SERIAL_1,1,1,geometry
4402,S2511859__S25-11859_0_BP1A2021_150616,0,0,geometry
4403,S17-42935__S17-42935,1,1,geometry
4404,S2039743__S20-39743-L-PLHE_1,1,1,geometry
4405,S2434918__S24-34918-_-BIOPSY,1,1,geometry
4406,S2533022__S2533022_0_BP1A2021,0,0,geometry
4407,S2530981__S2530981_0_BP1A2021,0,0,geometry
4408,S2128633__S2128633--DEEP,1,0,geometry
4409,S2511010__S25-11010_0_BP1A2021_052642,1,1,geometry
4410,S2531985__S2531985_0_BP1A2021,0,0,geometry
4411,S2039743__S20-39743-P-PLHE_3,1,1,geometry
4412,S2227604__S22-27604-_-BIOPSY,1,0,geometry
4413,S2516971__S25-16971____155423,0,0,geometry
4414,S2039743__S20-39743-L-PLHE_1,1,1,geometry
4415,S2227608__S22-27608-_-SERIAL_1,1,0,geometry
4416,S2516970__S25-16970____155248,1,0,geometry
4417,S2516971__S25-16971____155423,0,0,geometry
4418,S2424255__S2424255,0,1,geometry
4419,S2326329__S23-26329-_-BIOPSY,0,1,geometry
4420,S2521240__S2521240_0_BP1A2021,1,1,geometry
4421,S2511009__S25-11009_0_BP1A2021_052542,0,1,geometry
4422,S2039743__S20-39743-L-PLHE_1,1,1,geometry
4423,S2352429__S23-52429-_-BIOPSY,0,1,geometry
4424,S2504719__S25-04719-_-DEEP_1,0,0,geometry
4425,S2434918__S24-34918-_-BIOPSY,1,0,geometry
4426,S2237601__S22-37601-_-,0,1,geometry
4427,S2511859__S25-11859_0_BP1A2021_150616,0,0,geometry
4428,S2352429__S23-52429-_-RECUT_1,0,1,geometry
4429,S2511010__S25-11010_0_BP1A2021_052642,1,0,geometry
4430,S2511008__S25-11008_0_BP1A2021_052339,1,0,geometry
4431,S2227604__S22-27604-_-BIOPSY,1,0,geometry
4432,S2409390__S2409390,0,1,geometry
4433,S2424255__S2424255,0,1,geometry
4434,S2511008__S25-11008_0_BP1A2021_052339,1,1,geometry
4435,S20-26719__S20-26719,1,0,geometry
4436,S2128633__S2128633--DEEP,1,0,geometry
4437,S2513847__S25-13847_0_BP1A2021_131603,0,0,geometry
4438,S2039743__S20-39743-L-PLHE_1,1,1,geometry
4439,S2237603__S22-37603-_-_1,0,1,geometry
4440,S2216630__S2216630--DEEP_1,0,1,geometry
4441,S2229537__S22-29537-_-SERIAL_1,1,0,geometry
4442,S2522980__S2522980_0_BP1A2021,0,0,geometry
4443,S2511009__S25-11009_0_BP1A2021_052542,0,1,geometry
4444,S2511859__S25-11859_0_BP1A2021_150616,0,1,geometry
4445,S2406754__S24-06754-_-SERIAL_1,0,1,geometry
4446,S2344462__S23-44462-_-BIOPSY,0,0,geometry
4447,S2352429__S23-52429-_-BIOPSY,0,1,geometry
4448,S2128633__S2128633--DEEP,1,1,geometry
4449,S2511010__S25-11010_0_BP1A2021_052642,1,1,geometry
4450,S2515598__S25-15598_0__144202,0,1,geometry
4451,S2511007__S25-11007_0_BP1A2021_052433,0,1,geometry
4452,S20-26719__S20-26719,1,1,geometry
4453,S2528218__S2528218_0_BP1A2021,0,0,geometry
4454,S2520404__S2520404_0_BP1A2021,0,0,geometry
4455,S2516970__S25-16970____155248,1,0,geometry
4456,S2039743__S20-39743-C-PLHE_0,1,0,geometry
4457,S2409390__S2409390,0,1,geometry
4458,S2530985__S2530985_0_BP1A2021,0,0,geometry
4459,S2515598__S25-15598_0__144202,0,0,geometry
4460,S20-26719__S20-26719,1,0,geometry
4461,S19-19367__S19-19367,1,1,geometry
4462,S2513847__S25-13847_0_BP1A2021_131603,0,1,geometry
4463,S2039743__S20-39743-L-PLHE_1,1,1,geometry
4464,S2237601__S22-37601-_-,0,0,geometry
4465,S2516970__S25-16970____155248,1,1,geometry
4466,S2406754__S24-06754-_-SERIAL_1,0,0,geometry
4467,S2227608__S22-27608-_-SERIAL_1,1,1,geometry
4468,S2516971__S25-16971____155423,0,0,geometry
4469,S2039743__S20-39743-L-PLHE_1,1,1,geometry
4470,S19-19367__S19-19367,1,1,geometry
4471,S18-18746__S18-18746,1,0,geometry
4472,S2516971__S25-16971____140945,0,1,geometry
4473,S2434918__S24-34918-_-BIOPSY,1,0,geometry
4474,S2039743__S20-39743-P-PLHE_3,1,0,geometry
4475,S2039743__S20-39743-P-PLHE_3,1,0,geometry
4476,S2406754__S24-06754-_-DEEP_2,0,0,geometry
4477,S2522980__S2522980_0_BP1A2021,0,1,geometry
4478,S2520404__S2520404_0_BP1A2021,0,0,geometry
4479,S17-42935__S17-42935,1,1,geometry
4480,S17-42935__S17-42935,1,1,geometry
4481,S2406038__S2406038,0,0,geometry
4482,S2039743__S20-39743-P-PLHE_3,1,0,geometry
4483,S2039743__S20-39743-C-PLHE_0,1,0,geometry
4484,S2227608__S22-27608-_-SERIAL_2,1,0,geometry
4485,S2504719__S25-04719-_-DEEP_1,0,0,geometry
4486,S2227608__S22-27608-_-SERIAL_2,1,0,geometry
4487,S2401283__S24-01283-_-BIOPSY,0,1,geometry
4488,S2227608__S22-27608-_-SERIAL_1,1,1,geometry
4489,S2406754__S24-06754-_-DEEP_2,0,0,geometry
4490,S2511010__S25-11010_0_BP1A2021_052642,1,1,geometry
4491,S2128633__S2128633--DEEP,1,1,geometry
4492,S18-18746__S18-18746,1,1,geometry
4493,S2406038__S2406038,0,0,geometry
4494,S2511007__S25-11007_0_BP1A2021_052433,0,0,geometry
4495,S2516970__S25-16970____155248,1,0,geometry
4496,S20-26719__S20-26719,1,0,geometry
4497,S18-18746__S18-18746,1,1,geometry
4498,S17-42935__S17-42935,1,0,geometry
4499,S2344462__S23-44462-_-BIOPSY,0,0,geometry
4500,S2511009__S25-11009_0_BP1A2021_052542,0,0,geometry
4501,S2039743__S20-39743-L-PLHE_1,1,1,geometry
4502,S2039743__S20-39743-C-PLHE_0,1,0,geometry
4503,S2227608__S22-27608-_-SERIAL_2,1,1,geometry
4504,S2227608__S22-27608-_-SERIAL_1,1,1,geometry
4505,S20-28924__S20-28924,0,1,geometry
4506,S2406754__S24-06754-_-DEEP_2,0,1,geometry
4507,S2511008__S25-11008_0_BP1A2021_052339,1,1,geometry
4508,S2511008__S25-11008_0_BP1A2021_052339,1,0,geometry
4509,S2530985__S2530985_0_BP1A2021,0,1,geometry
4510,S2524777__S2524777_0_BP1A2021,0,1,geometry
4511,S20-26719__S20-26719,1,1,geometry
4512,S2516971__S25-16971____155423,0,0,geometry
4513,S2436457__S2436457_BP1B11_C_15540_2,0,0,geometry
4514,S2352429__S23-52429-_-RECUT_1,0,0,geometry
4515,S19-19367__S19-19367,1,0,geometry
4516,S2227604__S22-27604-_-BIOPSY,1,0,geometry
4517,S18-18746__S18-18746,1,1,geometry
4518,S2504719__S25-04719-_-DEEP_1,0,1,geometry
4519,S19-19367__S19-19367,1,1,geometry
4520,S2216630__S2216630--DEEP_1,0,1,geometry
4521,S2530063__S2530063_0_BP1A2021,0,1,geometry
4522,S2521240__S2521240_0_BP1A2021,1,1,geometry
4523,S2423618__S24-23618-_-RECUT_2,0,1,geometry
4524,S2531985__S2531985_0_BP1A2021,0,1,geometry
4525,S18-18746__S18-18746,1,0,geometry
4526,S2511008__S25-11008_0_BP1A2021_052339,1,1,geometry
4527,S18-18746__S18-18746,1,1,geometry
4528,S2512685__S2512685_0_,0,0,geometry
4529,S2406754__S24-06754-_-DEEP_2,0,0,geometry
4530,S20-26719__S20-26719,1,1,geometry
4531,S20-26719__S20-26719,1,1,geometry
4532,S2039743__S20-39743-P-PLHE_3,1,1,geometry
4533,S2039743__S20-39743-L-PLHE_1,1,0,geometry
4534,S2352429__S23-52429-_-RECUT_1,0,1,geometry
4535,S2521240__S2521240_0_BP1A2021,1,0,geometry
4536,S2406754__S24-06754-_-DEEP_2,0,1,geometry
4537,S19-19367__S19-19367,1,0,geometry
4538,S2235518__S22-35518-_-BIOPSY,0,1,geometry
4539,S2409390__S2409390,0,1,geometry
4540,S17-42935__S17-42935,1,0,geometry
4541,S2352429__S23-52429-_-BIOPSY,0,1,geometry
4542,S17-42935__S17-42935,1,0,geometry
4543,S2436457__S2436457_BP1B11_C_15540_2,0,1,geometry
4544,S2511008__S25-11008_0_BP1A2021_052339,1,1,geometry
4545,S2530981__S2530981_0_BP1A2021,0,0,geometry
4546,S2039743__S20-39743-C-PLHE_0,1,0,geometry
4547,S2521240__S2521240_0_BP1A2021,1,1,geometry
4548,S2528218__S2528218_0_BP1A2021,0,0,geometry
4549,S2128633__S2128633--DEEP,1,0,geometry
4550,S2530985__S2530985_0_BP1A2021,0,1,geometry
4551,S2227608__S22-27608-_-SERIAL_1,1,0,geometry
4552,S2237601__S22-37601-_-,0,0,geometry
4553,S2039743__S20-39743-P-PLHE_3,1,0,geometry
4554,S2512685__S2512685_0_,0,0,geometry
4555,S2522980__S2522980_0_BP1A2021,0,0,geometry
4556,S2434918__S24-34918-_-BIOPSY,1,1,geometry
4557,S2513847__S25-13847_0_BP1A2021_131603,0,0,geometry
4558,S2511009__S25-11009_0_BP1A2021_052542,0,0,geometry
4559,S2423618__S24-23618-_-RECUT_2,0,0,geometry
4560,S19-19367__S19-19367,1,1,geometry
4561,S2516970__S25-16970____155248,1,1,geometry
4562,S2227608__S22-27608-_-SERIAL_1,1,1,geometry
4563,S20-26719__S20-26719,1,1,geometry
4564,S17-42935__S17-42935,1,1,geometry
4565,S17-42935__S17-42935,1,0,geometry
4566,S2511007__S25-11007_0_BP1A2021_052433,0,0,geometry
4567,S2227608__S22-27608-_-SERIAL_1,1,0,geometry
4568,S2216630__S2216630--DEEP_1,0,1,geometry
4569,S2216630__S2216630--DEEP_1,0,1,geometry
4570,S2227608__S22-27608-_-SERIAL_1,1,0,geometry
4571,S2511008__S25-11008_0_BP1A2021_052339,1,0,geometry
4572,S2229537__S22-29537-_-SERIAL_1,1,1,geometry
4573,S2406038__S2406038,0,1,geometry
4574,S2525436__S2525436_0_BP1A2021,0,1,geometry
4575,S17-42935__S17-42935,1,0,geometry
4576,S19-19367__S19-19367,1,1,geometry
4577,S18-18746__S18-18746,1,0,geometry
4578,S2531985__S2531985_0_BP1A2021,0,1,geometry
4579,S2511008__S25-11008_0_BP1A2021_052339,1,1,geometry
4580,S2039743__S20-39743-P-PLHE_3,1,1,geometry
4581,S2237603__S22-37603-_-_1,0,0,geometry
4582,S2423618__S24-23618-_-RECUT_2,0,1,geometry
4583,S2406754__S24-06754-_-DEEP_2,0,0,geometry
4584,S2511010__S25-11010_0_BP1A2021_052642,1,1,geometry
4585,S2039743__S20-39743-P-PLHE_3,1,1,geometry
4586,S2511008__S25-11008_0_BP1A2021_052339,1,0,geometry
4587,S2521240__S2521240_0_BP1A2021,1,0,geometry
4588,S2352429__S23-52429-_-RECUT_1,0,0,geometry
4589,S2511007__S25-11007_0_BP1A2021_052433,0,0,geometry
4590,S2522980__S2522980_0_BP1A2021,0,0,geometry
4591,S2039743__S20-39743-P-PLHE_3,1,0,geometry
4592,S2424250__S2424250,0,0,geometry
4593,S2237603__S22-37603-_-_1,0,0,geometry
4594,S2511009__S25-11009_0_BP1A2021_052542,0,1,geometry
4595,S2530063__S2530063_0_BP1A2021,0,0,geometry
4596,S2216630__S2216630--DEEP_1,0,0,geometry
4597,S2434918__S24-34918-_-BIOPSY,1,1,geometry
4598,S19-19367__S19-19367,1,1,geometry
4599,S2434918__S24-34918-_-BIOPSY,1,1,geometry
4600,S2513847__S25-13847_0_BP1A2021_131603,0,1,geometry
4601,S2039743__S20-39743-C-PLHE_0,1,0,geometry
4602,S2406038__S2406038,0,0,geometry
4603,S2227608__S22-27608-_-SERIAL_2,1,0,geometry
4604,S18-18746__S18-18746,1,1,geometry
4605,S18-18746__S18-18746,1,1,geometry
4606,S2406754__S24-06754-_-DEEP_2,0,1,geometry
4607,S2326329__S23-26329-_-BIOPSY,0,0,geometry
4608,S2511010__S25-11010_0_BP1A2021_052642,1,0,geometry
4609,S2516971__S25-16971____140945,0,0,geometry
4610,S19-19367__S19-19367,1,0,geometry
4611,S2520402__S2520402_0_BP1A2021,0,1,geometry
4612,S2352429__S23-52429-_-BIOPSY,0,1,geometry
4613,S2520404__S2520404_0_BP1A2021,0,0,geometry
4614,S2227608__S22-27608-_-SERIAL_1,1,1,geometry
4615,S2511008__S25-11008_0_BP1A2021_052339,1,1,geometry
4616,S2520402__S2520402_0_BP1A2021,0,1,geometry
4617,S2406038__S2406038,0,1,geometry
4618,S2039743__S20-39743-L-PLHE_1,1,0,geometry
4619,S2227608__S22-27608-_-SERIAL_1,1,0,geometry
4620,S2039743__S20-39743-P-PLHE_3,1,1,geometry
4621,S2522980__S2522980_0_BP1A2021,0,0,geometry
4622,S2406754__S24-06754-_-SERIAL_1,0,1,geometry
4623,S2039743__S20-39743-C-PLHE_0,1,0,geometry
4624,S20-26719__S20-26719,1,1,geometry
4625,S2434918__S24-34918-_-BIOPSY,1,1,geometry
4626,S2530063__S2530063_0_BP1A2021,0,0,geometry
4627,S19-19367__S19-19367,1,1,geometry
4628,S2039743__S20-39743-L-PLHE_1,1,1,geometry
4629,S2511008__S25-11008_0_BP1A2021_052339,1,1,geometry
4630,S19-19367__S19-19367,1,0,geometry
4631,S19-19367__S19-19367,1,0,geometry
4632,S18-18746__S18-18746,1,0,geometry
4633,S2229537__S22-29537-_-SERIAL_1,1,0,geometry
4634,S2511859__S25-11859_0_BP1A2021_150616,0,1,geometry
4635,S2227608__S22-27608-_-SERIAL_1,1,1,geometry
4636,S20-26719__S20-26719,1,0,geometry
4637,S2227604__S22-27604-_-BIOPSY,1,0,geometry
4638,S2511008__S25-11008_0_BP1A2021_052339,1,1,geometry
4639,S2531985__S2531985_0_BP1A2021,0,0,geometry
4640,S2511008__S25-11008_0_BP1A2021_052339,1,0,geometry
4641,S2512685__S2512685_0_,0,0,geometry
4642,S17-42935__S17-42935,1,1,geometry
4643,S19-19367__S19-19367,1,1,geometry
4644,S2227608__S22-27608-_-SERIAL_1,1,1,geometry
4645,S2424250__S2424250,0,0,geometry
4646,S2039743__S20-39743-L-PLHE_1,1,0,geometry
4647,S18-18746__S18-18746,1,1,geometry
4648,S18-18746__S18-18746,1,0,geometry
4649,S2409390__S2409390,0,0,geometry
4650,S2525436__S2525436_0_BP1A2021,0,1,geometry
4651,S17-42935__S17-42935,1,1,geometry
4652,S2516971__S25-16971____140945,0,0,geometry
4653,S2039743__S20-39743-L-PLHE_1,1,0,geometry
4654,S2401283__S24-01283-_-BIOPSY,0,1,geometry
4655,S2227604__S22-27604-_-BIOPSY,1,1,geometry
4656,S2434918__S24-34918-_-BIOPSY,1,1,geometry
4657,S2128633__S2128633--DEEP,1,1,geometry
4658,S2424255__S2424255,0,1,geometry
4659,S2326329__S23-26329-_-BIOPSY,0,0,geometry
4660,S2227608__S22-27608-_-SERIAL_2,1,1,geometry
4661,S2352429__S23-52429-_-BIOPSY,0,1,geometry
4662,S2401283__S24-01283-_-BIOPSY,0,1,geometry
4663,S2511010__S25-11010_0_BP1A2021_052642,1,0,geometry
4664,S17-42935__S17-42935,1,0,geometry
4665,S2424255__S2424255,0,1,geometry
4666,S2434918__S24-34918-_-BIOPSY,1,0,geometry
4667,S2039743__S20-39743-P-PLHE_3,1,0,geometry
4668,S2229537__S22-29537-_-SERIAL_1,1,0,geometry
4669,S2531985__S2531985_0_BP1A2021,0,1,geometry
4670,S2515598__S25-15598_0__144202,0,1,geometry
4671,S2039743__S20-39743-C-PLHE_0,1,1,geometry
4672,S2516970__S25-16970____155248,1,1,geometry
4673,S2401283__S24-01283-_-BIOPSY,0,0,geometry
4674,S2039743__S20-39743-L-PLHE_1,1,0,geometry
4675,S2511010__S25-11010_0_BP1A2021_052642,1,1,geometry
4676,S20-26719__S20-26719,1,0,geometry
4677,S2521240__S2521240_0_BP1A2021,1,0,geometry
4678,S2235518__S22-35518-_-BIOPSY,0,1,geometry
4679,S2039743__S20-39743-L-PLHE_1,1,0,geometry
4680,S17-42935__S17-42935,1,0,geometry
4681,S2406754__S24-06754-_-SERIAL_1,0,0,geometry
4682,S2531985__S2531985_0_BP1A2021,0,0,geometry
4683,S2516970__S25-16970____155248,1,1,geometry
4684,S2504719__S25-04719-_-DEEP_1,0,0,geometry
4685,S19-19367__S19-19367,1,0,geometry
4686,S2528218__S2528218_0_BP1A2021,0,0,geometry
4687,S2511009__S25-11009_0_BP1A2021_052542,0,1,geometry
4688,S2511010__S25-11010_0_BP1A2021_052642,1,0,geometry
4689,S2516971__S25-16971____140945,0,0,geometry
4690,S2424255__S2424255,0,1,geometry
4691,S2227608__S22-27608-_-SERIAL_2,1,0,geometry
4692,S2344462__S23-44462-_-BIOPSY,0,0,geometry
4693,S2524777__S2524777_0_BP1A2021,0,0,geometry
4694,S2520404__S2520404_0_BP1A2021,0,1,geometry
4695,S2039743__S20-39743-C-PLHE_0,1,0,geometry
4696,S20-26719__S20-26719,1,1,geometry
4697,S18-18746__S18-18746,1,1,geometry
4698,S2524777__S2524777_0_BP1A2021,0,1,geometry
4699,S2516970__S25-16970____155248,1,0,geometry
4700,S2533022__S2533022_0_BP1A2021,0,0,geometry
4701,S2039743__S20-39743-L-PLHE_1,1,0,geometry
4702,S2237603__S22-37603-_-_1,0,1,geometry
4703,S2434918__S24-34918-_-BIOPSY,1,1,geometry
4704,S2424255__S2424255,0,1,geometry
4705,S2516970__S25-16970____155248,1,0,geometry
4706,S2434918__S24-34918-_-BIOPSY,1,1,geometry
4707,S20-28924__S20-28924,0,1,geometry
4708,S2434918__S24-34918-_-BIOPSY,1,1,geometry
4709,S2227608__S22-27608-_-SERIAL_1,1,0,geometry
4710,S19-19367__S19-19367,1,1,geometry
4711,S2511010__S25-11010_0_BP1A2021_052642,1,0,geometry
4712,S2511008__S25-11008_0_BP1A2021_052339,1,1,geometry
4713,S2227608__S22-27608-_-SERIAL_2,1,0,geometry
4714,S2424250__S2424250,0,1,geometry
4715,S2227608__S22-27608-_-SERIAL_1,1,0,geometry
4716,S2352429__S23-52429-_-RECUT_1,0,1,geometry
4717,S19-40063__S19-40063,0,1,geometry
4718,S2424255__S2424255,0,0,geometry
4719,S2227608__S22-27608-_-SERIAL_1,1,0,geometry
4720,S2424250__S2424250,0,1,geometry
4721,S2227608__S22-27608-_-SERIAL_2,1,1,geometry
4722,S19-19367__S19-19367,1,0,geometry
4723,S2521240__S2521240_0_BP1A2021,1,1,geometry
4724,S2521240__S2521240_0_BP1A2021,1,0,geometry
4725,S2237603__S22-37603-_-_1,0,1,geometry
4726,S2511008__S25-11008_0_BP1A2021_052339,1,1,geometry
4727,S2229537__S22-29537-_-SERIAL_1,1,0,geometry
4728,S2530063__S2530063_0_BP1A2021,0,0,geometry
4729,S2512685__S2512685_0_,0,1,geometry
4730,S2039743__S20-39743-P-PLHE_3,1,1,geometry
4731,S2227608__S22-27608-_-SERIAL_2,1,1,geometry
4732,S2227608__S22-27608-_-SERIAL_1,1,1,geometry
4733,S2227604__S22-27604-_-BIOPSY,1,1,geometry
4734,S2511010__S25-11010_0_BP1A2021_052642,1,0,geometry
4735,S2423618__S24-23618-_-RECUT_2,0,0,geometry
4736,S2039743__S20-39743-L-PLHE_1,1,1,geometry
4737,S2434918__S24-34918-_-BIOPSY,1,1,geometry
4738,S2434918__S24-34918-_-BIOPSY,1,0,geometry
4739,S2227604__S22-27604-_-BIOPSY,1,0,geometry
4740,S2434918__S24-34918-_-BIOPSY,1,1,geometry
4741,S2511007__S25-11007_0_BP1A2021_052433,0,0,geometry
4742,S2409390__S2409390,0,1,geometry
4743,S2524777__S2524777_0_BP1A2021,0,0,geometry
4744,S2511008__S25-11008_0_BP1A2021_052339,1,0,geometry
4745,S2516971__S25-16971____140945,0,1,geometry
4746,S2128633__S2128633--DEEP,1,1,geometry
4747,S2520404__S2520404_0_BP1A2021,0,0,geometry
4748,S2039743__S20-39743-P-PLHE_3,1,1,geometry
4749,S2525436__S2525436_0_BP1A2021,0,1,geometry
4750,S2528218__S2528218_0_BP1A2021,0,0,geometry
4751,S19-19367__S19-19367,1,0,geometry
4752,S18-18746__S18-18746,1,0,geometry
4753,S2511008__S25-11008_0_BP1A2021_052339,1,0,geometry
4754,S17-42935__S17-42935,1,1,geometry
4755,S2237601__S22-37601-_-,0,1,geometry
4756,S19-19367__S19-19367,1,1,geometry
4757,S2039743__S20-39743-C-PLHE_0,1,0,geometry
4758,S2424250__S2424250,0,1,geometry
4759,S2229537__S22-29537-_-SERIAL_1,1,0,geometry
4760,S2511008__S25-11008_0_BP1A2021_052339,1,1,geometry
4761,S2227608__S22-27608-_-SERIAL_2,1,0,geometry
4762,S2434918__S24-34918-_-BIOPSY,1,1,geometry
4763,S2525436__S2525436_0_BP1A2021,0,1,geometry
4764,S2237601__S22-37601-_-,0,0,geometry
4765,S2533022__S2533022_0_BP1A2021,0,0,geometry
4766,S2229537__S22-29537-_-SERIAL_1,1,1,geometry
4767,S2227604__S22-27604-_-BIOPSY,1,1,geometry
4768,S2344462__S23-44462-_-BIOPSY,0,0,geometry
4769,S2511008__S25-11008_0_BP1A2021_052339,1,0,geometry
4770,S2516971__S25-16971____140945,0,1,geometry
4771,S2424250__S2424250,0,0,geometry
4772,S2237601__S22-37601-_-,0,1,geometry
4773,S2531985__S2531985_0_BP1A2021,0,0,geometry
4774,S2530063__S2530063_0_BP1A2021,0,0,geometry
4775,S2533022__S2533022_0_BP1A2021,0,1,geometry
4776,S2434918__S24-34918-_-BIOPSY,1,1,geometry
4777,S2237601__S22-37601-_-,0,1,geometry
4778,S2511008__S25-11008_0_BP1A2021_052339,1,0,geometry
4779,S2237601__S22-37601-_-,0,1,geometry
4780,S2406038__S2406038,0,1,geometry
4781,S20-26719__S20-26719,1,0,geometry
4782,S18-18746__S18-18746,1,1,geometry
4783,S2511007__S25-11007_0_BP1A2021_052433,0,0,geometry
4784,S2237603__S22-37603-_-_1,0,1,geometry
4785,S2401283__S24-01283-_-BIOPSY,0,0,geometry
4786,S19-19367__S19-19367,1,1,geometry
4787,S2352429__S23-52429-_-RECUT_1,0,1,geometry
4788,S2511010__S25-11010_0_BP1A2021_052642,1,0,geometry
4789,S2039743__S20-39743-C-PLHE_0,1,1,geometry
4790,S2424255__S2424255,0,0,geometry
4791,S2520404__S2520404_0_BP1A2021,0,1,geometry
4792,S2227608__S22-27608-_-SERIAL_1,1,0,geometry
4793,S20-26719__S20-26719,1,1,geometry
4794,S20-26719__S20-26719,1,0,geometry
4795,S2237601__S22-37601-_-,0,0,geometry
4796,S2434918__S24-34918-_-BIOPSY,1,1,geometry
4797,S2401283__S24-01283-_-BIOPSY,0,1,geometry
4798,S2227604__S22-27604-_-BIOPSY,1,1,geometry
4799,S2525436__S2525436_0_BP1A2021,0,0,geometry
4800,S2216630__S2216630--DEEP_1,0,1,geometry
4801,S2530981__S2530981_0_BP1A2021,0,1,geometry
4802,S2039743__S20-39743-C-PLHE_0,1,0,geometry
4803,S2515598__S25-15598_0__144202,0,0,geometry
4804,S18-18746__S18-18746,1,0,geometry
4805,S2521240__S2521240_0_BP1A2021,1,1,geometry
4806,S19-19367__S19-19367,1,0,geometry
4807,S2522980__S2522980_0_BP1A2021,0,0,geometry
4808,S2227608__S22-27608-_-SERIAL_2,1,0,geometry
4809,S2229537__S22-29537-_-SERIAL_1,1,1,geometry
4810,S2513847__S25-13847_0_BP1A2021_131603,0,1,geometry
4811,S2524777__S2524777_0_BP1A2021,0,0,geometry
4812,S2424255__S2424255,0,0,geometry
4813,S2530985__S2530985_0_BP1A2021,0,1,geometry
4814,S2039743__S20-39743-L-PLHE_1,1,0,geometry
4815,S2039743__S20-39743-C-PLHE_0,1,1,geometry
4816,S2039743__S20-39743-P-PLHE_3,1,0,geometry
4817,S2235518__S22-35518-_-BIOPSY,0,1,geometry
4818,S2531985__S2531985_0_BP1A2021,0,1,geometry
4819,S2530985__S2530985_0_BP1A2021,0,1,geometry
4820,S2530981__S2530981_0_BP1A2021,0,0,geometry
4821,S2227608__S22-27608-_-SERIAL_2,1,0,geometry
4822,S2515598__S25-15598_0__144202,0,0,geometry
4823,S2512685__S2512685_0_,0,0,geometry
4824,S2515598__S25-15598_0__144202,0,0,geometry
4825,S2521240__S2521240_0_BP1A2021,1,0,geometry
4826,S17-42935__S17-42935,1,1,geometry
4827,S17-42935__S17-42935,1,0,geometry
4828,S2511009__S25-11009_0_BP1A2021_052542,0,1,geometry
4829,S2406038__S2406038,0,0,geometry
4830,S2530981__S2530981_0_BP1A2021,0,1,geometry
4831,S2436457__S2436457_BP1B11_C_15540_2,0,1,geometry
4832,S2524777__S2524777_0_BP1A2021,0,0,geometry
4833,S18-18746__S18-18746,1,1,geometry
4834,S2352429__S23-52429-_-RECUT_1,0,1,geometry
4835,S2235518__S22-35518-_-BIOPSY,0,0,geometry
4836,S2511008__S25-11008_0_BP1A2021_052339,1,1,geometry
4837,S2512685__S2512685_0_,0,0,geometry
4838,S2511007__S25-11007_0_BP1A2021_052433,0,1,geometry
4839,S2511008__S25-11008_0_BP1A2021_052339,1,0,geometry
4840,S2423618__S24-23618-_-RECUT_2,0,0,geometry
4841,S2504719__S25-04719-_-DEEP_1,0,0,geometry
4842,S2406038__S2406038,0,0,geometry
4843,S2513847__S25-13847_0_BP1A2021_131603,0,0,geometry
4844,S2513847__S25-13847_0_BP1A2021_131603,0,1,geometry
4845,S2039743__S20-39743-C-PLHE_0,1,0,geometry
4846,S2227604__S22-27604-_-BIOPSY,1,1,geometry
4847,S2229537__S22-29537-_-SERIAL_1,1,1,geometry
4848,S2039743__S20-39743-P-PLHE_3,1,1,geometry
4849,S20-26719__S20-26719,1,0,geometry
4850,S2511009__S25-11009_0_BP1A2021_052542,0,1,geometry
4851,S18-18746__S18-18746,1,0,geometry
4852,S2227608__S22-27608-_-SERIAL_2,1,0,geometry
4853,S2530985__S2530985_0_BP1A2021,0,1,geometry
4854,S18-18746__S18-18746,1,1,geometry
4855,S2521240__S2521240_0_BP1A2021,1,0,geometry
4856,S2039743__S20-39743-C-PLHE_0,1,1,geometry
4857,S2423618__S24-23618-_-RECUT_2,0,1,geometry
4858,S2352429__S23-52429-_-RECUT_1,0,1,geometry
4859,S2352429__S23-52429-_-RECUT_1,0,1,geometry
4860,S2521240__S2521240_0_BP1A2021,1,0,geometry
4861,S2227608__S22-27608-_-SERIAL_2,1,1,geometry
4862,S2423618__S24-23618-_-RECUT_2,0,0,geometry
4863,S2531985__S2531985_0_BP1A2021,0,0,geometry
4864,S2424255__S2424255,0,1,geometry
4865,S2434918__S24-34918-_-BIOPSY,1,1,geometry
4866,S19-40063__S19-40063,0,0,geometry
4867,S19-19367__S19-19367,1,0,geometry
4868,S2434918__S24-34918-_-BIOPSY,1,0,geometry
4869,S2528218__S2528218_0_BP1A2021,0,0,geometry
4870,S2434918__S24-34918-_-BIOPSY,1,0,geometry
4871,S20-26719__S20-26719,1,1,geometry
4872,S2515598__S25-15598_0__144202,0,1,geometry
4873,S2237601__S22-37601-_-,0,1,geometry
4874,S2401283__S24-01283-_-BIOPSY,0,0,geometry
4875,S2409390__S2409390,0,0,geometry
4876,S2521240__S2521240_0_BP1A2021,1,0,geometry
4877,S2039743__S20-39743-P-PLHE_3,1,1,geometry
4878,S2424250__S2424250,0,1,geometry
4879,S2511009__S25-11009_0_BP1A2021_052542,0,0,geometry
4880,S20-26719__S20-26719,1,1,geometry
4881,S2401283__S24-01283-_-BIOPSY,0,1,geometry
4882,S20-28924__S20-28924,0,1,geometry
4883,S2520402__S2520402_0_BP1A2021,0,1,geometry
4884,S2434918__S24-34918-_-BIOPSY,1,1,geometry
4885,S2511007__S25-11007_0_BP1A2021_052433,0,0,geometry
4886,S2237601__S22-37601-_-,0,1,geometry
4887,S2512685__S2512685_0_,0,1,geometry
4888,S2504719__S25-04719-_-DEEP_1,0,1,geometry
4889,S2128633__S2128633--DEEP,1,1,geometry
4890,S2229537__S22-29537-_-SERIAL_1,1,0,geometry
4891,S2039743__S20-39743-L-PLHE_1,1,0,geometry
4892,S2512685__S2512685_0_,0,0,geometry
4893,S2227608__S22-27608-_-SERIAL_2,1,1,geometry
4894,S2039743__S20-39743-L-PLHE_1,1,0,geometry
4895,S2424250__S2424250,0,0,geometry
4896,S2227604__S22-27604-_-BIOPSY,1,0,geometry
4897,S19-19367__S19-19367,1,0,geometry
4898,S2409390__S2409390,0,1,geometry
4899,S20-26719__S20-26719,1,1,geometry
4900,S2229537__S22-29537-_-SERIAL_1,1,1,geometry
4901,S2401283__S24-01283-_-BIOPSY,0,1,geometry
4902,S2039743__S20-39743-P-PLHE_3,1,1,geometry
4903,S2227608__S22-27608-_-SERIAL_2,1,0,geometry
4904,S17-42935__S17-42935,1,0,geometry
4905,S2039743__S20-39743-P-PLHE_3,1,0,geometry
4906,S2521240__S2521240_0_BP1A2021,1,1,geometry
4907,S2533022__S2533022_0_BP1A2021,0,0,geometry
4908,S2344462__S23-44462-_-BIOPSY,0,1,geometry
4909,S2528218__S2528218_0_BP1A2021,0,1,geometry
4910,S2515598__S25-15598_0__144202,0,0,geometry
4911,S2237601__S22-37601-_-,0,0,geometry
4912,S2039743__S20-39743-C-PLHE_0,1,0,geometry
4913,S2227604__S22-27604-_-BIOPSY,1,1,geometry
4914,S2511010__S25-11010_0_BP1A2021_052642,1,0,geometry
4915,S2326329__S23-26329-_-BIOPSY,0,1,geometry
4916,S2423618__S24-23618-_-RECUT_2,0,1,geometry
4917,S20-28924__S20-28924,0,0,geometry
4918,S2216630__S2216630--DEEP_1,0,1,geometry
4919,S2511010__S25-11010_0_BP1A2021_052642,1,1,geometry
4920,S2352429__S23-52429-_-RECUT_1,0,1,geometry
4921,S2227608__S22-27608-_-SERIAL_1,1,1,geometry
4922,S2436457__S2436457_BP1B11_C_15540_2,0,0,geometry
4923,S2235518__S22-35518-_-BIOPSY,0,1,geometry
4924,S2128633__S2128633--DEEP,1,0,geometry
4925,S2525436__S2525436_0_BP1A2021,0,0,geometry
4926,S17-42935__S17-42935,1,1,geometry
4927,S2039743__S20-39743-C-PLHE_0,1,0,geometry
4928,S2039743__S20-39743-L-PLHE_1,1,1,geometry
4929,S2516970__S25-16970____155248,1,1,geometry
4930,S2512685__S2512685_0_,0,0,geometry
4931,S2511010__S25-11010_0_BP1A2021_052642,1,0,geometry
4932,S2039743__S20-39743-C-PLHE_0,1,1,geometry
4933,S19-40063__S19-40063,0,0,geometry
4934,S2352429__S23-52429-_-BIOPSY,0,0,geometry
4935,S2530985__S2530985_0_BP1A2021,0,0,geometry
4936,S2229537__S22-29537-_-SERIAL_1,1,1,geometry
4937,S2229537__S22-29537-_-SERIAL_1,1,1,geometry
4938,S2039743__S20-39743-P-PLHE_3,1,0,geometry
4939,S2326329__S23-26329-_-BIOPSY,0,1,geometry
4940,S2401283__S24-01283-_-BIOPSY,0,0,geometry
4941,S2512685__S2512685_0_,0,1,geometry
4942,S2511859__S25-11859_0_BP1A2021_150616,0,1,geometry
4943,S2039743__S20-39743-P-PLHE_3,1,1,geometry
4944,S19-19367__S19-19367,1,0,geometry
4945,S2521240__S2521240_0_BP1A2021,1,1,geometry
4946,S2227608__S22-27608-_-SERIAL_2,1,1,geometry
4947,S2039743__S20-39743-C-PLHE_0,1,1,geometry
4948,S2525436__S2525436_0_BP1A2021,0,0,geometry
4949,S2227608__S22-27608-_-SERIAL_1,1,0,geometry
4950,S2406754__S24-06754-_-SERIAL_1,0,1,geometry
4951,S2352429__S23-52429-_-BIOPSY,0,1,geometry
4952,S2511008__S25-11008_0_BP1A2021_052339,1,0,geometry
4953,S2515598__S25-15598_0__144202,0,1,geometry
4954,S2128633__S2128633--DEEP,1,0,geometry
4955,S2511008__S25-11008_0_BP1A2021_052339,1,0,geometry
4956,S2406038__S2406038,0,0,geometry
4957,S2352429__S23-52429-_-BIOPSY,0,1,geometry
4958,S2039743__S20-39743-C-PLHE_0,1,1,geometry
4959,S2522980__S2522980_0_BP1A2021,0,1,geometry
4960,S20-26719__S20-26719,1,1,geometry
4961,S2039743__S20-39743-C-PLHE_0,1,1,geometry
4962,S20-26719__S20-26719,1,1,geometry
4963,S2344462__S23-44462-_-BIOPSY,0,1,geometry
4964,S2227604__S22-27604-_-BIOPSY,1,0,geometry
4965,S2216630__S2216630--DEEP_1,0,1,geometry
4966,S2039743__S20-39743-C-PLHE_0,1,0,geometry
4967,S2516970__S25-16970____155248,1,0,geometry
4968,S2504719__S25-04719-_-DEEP_1,0,0,geometry
4969,S19-19367__S19-19367,1,0,geometry
4970,S2237603__S22-37603-_-_1,0,1,geometry
4971,S18-18746__S18-18746,1,0,geometry
4972,S2423618__S24-23618-_-RECUT_2,0,0,geometry
4973,S2524777__S2524777_0_BP1A2021,0,0,geometry
4974,S2039743__S20-39743-L-PLHE_1,1,0,geometry
4975,S2227604__S22-27604-_-BIOPSY,1,1,geometry
4976,S2516971__S25-16971____140945,0,0,geometry
4977,S2216630__S2216630--DEEP_1,0,0,geometry
4978,S2235518__S22-35518-_-BIOPSY,0,1,geometry
4979,S2436457__S2436457_BP1B11_C_15540_2,0,1,geometry
4980,S2039743__S20-39743-C-PLHE_0,1,1,geometry
4981,S17-42935__S17-42935,1,1,geometry
4982,S2513847__S25-13847_0_BP1A2021_131603,0,1,geometry
4983,S2530063__S2530063_0_BP1A2021,0,1,geometry
4984,S2530063__S2530063_0_BP1A2021,0,1,geometry
4985,S2326329__S23-26329-_-BIOPSY,0,0,geometry
4986,S19-40063__S19-40063,0,0,geometry
4987,S2406038__S2406038,0,0,geometry
4988,S2516970__S25-16970____155248,1,0,geometry
4989,S2528218__S2528218_0_BP1A2021,0,0,geometry
4990,S2352429__S23-52429-_-RECUT_1,0,0,geometry
4991,S2424250__S2424250,0,0,geometry
4992,S2511008__S25-11008_0_BP1A2021_052339,1,1,geometry
4993,S20-28924__S20-28924,0,1,geometry
4994,S2521240__S2521240_0_BP1A2021,1,1,geometry
4995,S2229537__S22-29537-_-SERIAL_1,1,0,geometry
4996,S2423618__S24-23618-_-RECUT_2,0,0,geometry
4997,S2434918__S24-34918-_-BIOPSY,1,0,geometry
4998,S2531985__S2531985_0_BP1A2021,0,1,geometry
4999,S2515598__S25-15598_0__144202,0,0,geometry
5000,S2522980__S2522980_0_BP1A2021,0,1,geometry
5001,S2530981__S2530981_0_BP1A2021,0,0,geometry
5002,S19-19367__S19-19367,1,1,geometry
5003,S20-26719__S20-26719,1,0,geometry
5004,S2516971__S25-16971____155423,0,0,geometry
5005,S18-18746__S18-18746,1,0,geometry
5006,S2406754__S24-06754-_-SERIAL_1,0,1,geometry
5007,S2504719__S25-04719-_-DEEP_1,0,1,geometry
5008,S2521240__S2521240_0_BP1A2021,1,1,geometry
5009,S2530981__S2530981_0_BP1A2021,0,1,geometry
5010,S2436457__S2436457_BP1B11_C_15540_2,0,0,geometry
5011,S2406754__S24-06754-_-DEEP_2,0,1,geometry
5012,S17-42935__S17-42935,1,1,geometry
5013,S2039743__S20-39743-C-PLHE_0,1,0,geometry
5014,S17-42935__S17-42935,1,0,geometry
5015,S19-19367__S19-19367,1,1,geometry
5016,S2227604__S22-27604-_-BIOPSY,1,0,geometry
5017,S2039743__S20-39743-L-PLHE_1,1,1,geometry
5018,S20-28924__S20-28924,0,1,geometry
5019,S2229537__S22-29537-_-SERIAL_1,1,1,geometry
5020,S2520402__S2520402_0_BP1A2021,0,0,geometry
5021,S2039743__S20-39743-P-PLHE_3,1,0,geometry
5022,S2434918__S24-34918-_-BIOPSY,1,0,geometry
5023,S2530985__S2530985_0_BP1A2021,0,1,geometry
5024,S19-19367__S19-19367,1,1,geometry
5025,S17-42935__S17-42935,1,1,geometry
5026,S2039743__S20-39743-P-PLHE_3,1,0,geometry
5027,S2520402__S2520402_0_BP1A2021,0,1,geometry
5028,S2511009__S25-11009_0_BP1A2021_052542,0,1,geometry
5029,S19-19367__S19-19367,1,0,geometry
5030,S2516970__S25-16970____155248,1,1,geometry
5031,S17-42935__S17-42935,1,1,geometry
5032,S20-28924__S20-28924,0,1,geometry
5033,S2039743__S20-39743-P-PLHE_3,1,0,geometry
5034,S2229537__S22-29537-_-SERIAL_1,1,1,geometry
5035,S20-26719__S20-26719,1,0,geometry
5036,S2227608__S22-27608-_-SERIAL_1,1,1,geometry
5037,S2039743__S20-39743-C-PLHE_0,1,0,geometry
5038,S2434918__S24-34918-_-BIOPSY,1,0,geometry
5039,S2528218__S2528218_0_BP1A2021,0,0,geometry
5040,S2530063__S2530063_0_BP1A2021,0,0,geometry
5041,S2520402__S2520402_0_BP1A2021,0,1,geometry
5042,S2516971__S25-16971____140945,0,1,geometry
5043,S19-19367__S19-19367,1,1,geometry
5044,S2406754__S24-06754-_-DEEP_2,0,1,geometry
5045,S17-42935__S17-42935,1,0,geometry
5046,S2436457__S2436457_BP1B11_C_15540_2,0,1,geometry
5047,S2227608__S22-27608-_-SERIAL_1,1,1,geometry
5048,S2237601__S22-37601-_-,0,0,geometry
5049,S2424250__S2424250,0,1,geometry
5050,S18-18746__S18-18746,1,0,geometry
5051,S2352429__S23-52429-_-RECUT_1,0,1,geometry
5052,S2531985__S2531985_0_BP1A2021,0,1,geometry
5053,S2521240__S2521240_0_BP1A2021,1,1,geometry
5054,S19-19367__S19-19367,1,0,geometry
5055,S2512685__S2512685_0_,0,1,geometry
5056,S2039743__S20-39743-C-PLHE_0,1,1,geometry
5057,S2516970__S25-16970____155248,1,0,geometry
5058,S2406754__S24-06754-_-SERIAL_1,0,0,geometry
5059,S17-42935__S17-42935,1,1,geometry
5060,S18-18746__S18-18746,1,1,geometry
5061,S2511010__S25-11010_0_BP1A2021_052642,1,0,geometry
5062,S2227608__S22-27608-_-SERIAL_2,1,1,geometry
5063,S2227604__S22-27604-_-BIOPSY,1,0,geometry
5064,S2227608__S22-27608-_-SERIAL_2,1,1,geometry
5065,S2434918__S24-34918-_-BIOPSY,1,1,geometry
5066,S2516970__S25-16970____155248,1,0,geometry
5067,S2352429__S23-52429-_-RECUT_1,0,0,geometry
5068,S2434918__S24-34918-_-BIOPSY,1,1,geometry
5069,S2039743__S20-39743-L-PLHE_1,1,0,geometry
5070,S2039743__S20-39743-C-PLHE_0,1,0,geometry
5071,S2511008__S25-11008_0_BP1A2021_052339,1,1,geometry
5072,S2227608__S22-27608-_-SERIAL_1,1,1,geometry
5073,S18-18746__S18-18746,1,0,geometry
5074,S2227604__S22-27604-_-BIOPSY,1,0,geometry
5075,S2530063__S2530063_0_BP1A2021,0,1,geometry
5076,S2533022__S2533022_0_BP1A2021,0,1,geometry
5077,S2227604__S22-27604-_-BIOPSY,1,1,geometry
5078,S2511859__S25-11859_0_BP1A2021_150616,0,1,geometry
5079,S2229537__S22-29537-_-SERIAL_1,1,0,geometry
5080,S2227608__S22-27608-_-SERIAL_1,1,0,geometry
5081,S2522980__S2522980_0_BP1A2021,0,1,geometry
5082,S2511009__S25-11009_0_BP1A2021_052542,0,0,geometry
5083,S2504719__S25-04719-_-DEEP_1,0,1,geometry
5084,S2039743__S20-39743-C-PLHE_0,1,0,geometry
5085,S2525436__S2525436_0_BP1A2021,0,0,geometry
5086,S2511008__S25-11008_0_BP1A2021_052339,1,0,geometry
5087,S2227608__S22-27608-_-SERIAL_1,1,1,geometry
5088,S2528218__S2528218_0_BP1A2021,0,1,geometry
5089,S2237603__S22-37603-_-_1,0,1,geometry
5090,S20-26719__S20-26719,1,1,geometry
5091,S17-42935__S17-42935,1,1,geometry
5092,S2533022__S2533022_0_BP1A2021,0,1,geometry
5093,S2344462__S23-44462-_-BIOPSY,0,0,geometry
5094,S2530985__S2530985_0_BP1A2021,0,1,geometry
5095,S2227608__S22-27608-_-SERIAL_1,1,1,geometry
5096,S20-26719__S20-26719,1,1,geometry
5097,S2512685__S2512685_0_,0,0,geometry
5098,S2513847__S25-13847_0_BP1A2021_131603,0,1,geometry
5099,S2227608__S22-27608-_-SERIAL_2,1,1,geometry
5100,S2511010__S25-11010_0_BP1A2021_052642,1,1,geometry
5101,S2511859__S25-11859_0_BP1A2021_150616,0,0,geometry
5102,S2531985__S2531985_0_BP1A2021,0,1,geometry
5103,S2227608__S22-27608-_-SERIAL_1,1,0,geometry
5104,S2515598__S25-15598_0__144202,0,1,geometry
5105,S2530985__S2530985_0_BP1A2021,0,0,geometry
5106,S20-26719__S20-26719,1,0,geometry
5107,S2423618__S24-23618-_-RECUT_2,0,1,geometry
5108,S2516970__S25-16970____155248,1,1,geometry
5109,S2522980__S2522980_0_BP1A2021,0,0,geometry
5110,S2520404__S2520404_0_BP1A2021,0,1,geometry
5111,S2352429__S23-52429-_-RECUT_1,0,1,geometry
5112,S2406038__S2406038,0,0,geometry
5113,S2513847__S25-13847_0_BP1A2021_131603,0,0,geometry
5114,S2516971__S25-16971____155423,0,0,geometry
5115,S2237603__S22-37603-_-_1,0,0,geometry
5116,S17-42935__S17-42935,1,1,geometry
5117,S2434918__S24-34918-_-BIOPSY,1,1,geometry
5118,S2406754__S24-06754-_-SERIAL_1,0,0,geometry
5119,S2128633__S2128633--DEEP,1,1,geometry
5120,S2039743__S20-39743-P-PLHE_3,1,0,geometry
5121,S2516971__S25-16971____155423,0,0,geometry
5122,S2406038__S2406038,0,0,geometry
5123,S2504719__S25-04719-_-DEEP_1,0,0,geometry
5124,S2516970__S25-16970____155248,1,0,geometry
5125,S2530063__S2530063_0_BP1A2021,0,1,geometry
5126,S17-42935__S17-42935,1,0,geometry
5127,S2344462__S23-44462-_-BIOPSY,0,0,geometry
5128,S17-42935__S17-42935,1,0,geometry
5129,S2516971__S25-16971____140945,0,1,geometry
5130,S2511008__S25-11008_0_BP1A2021_052339,1,1,geometry
5131,S2229537__S22-29537-_-SERIAL_1,1,1,geometry
5132,S2401283__S24-01283-_-BIOPSY,0,1,geometry
5133,S2521240__S2521240_0_BP1A2021,1,1,geometry
5134,S18-18746__S18-18746,1,1,geometry
5135,S2522980__S2522980_0_BP1A2021,0,0,geometry
5136,S2128633__S2128633--DEEP,1,1,geometry
5137,S20-26719__S20-26719,1,1,geometry
5138,S2229537__S22-29537-_-SERIAL_1,1,0,geometry
5139,S2406754__S24-06754-_-SERIAL_1,0,1,geometry
5140,S19-19367__S19-19367,1,1,geometry
5141,S2406754__S24-06754-_-DEEP_2,0,1,geometry
5142,S2511008__S25-11008_0_BP1A2021_052339,1,0,geometry
5143,S2227608__S22-27608-_-SERIAL_2,1,0,geometry
5144,S2401283__S24-01283-_-BIOPSY,0,1,geometry
5145,S2229537__S22-29537-_-SERIAL_1,1,0,geometry
5146,S2504719__S25-04719-_-DEEP_1,0,0,geometry
5147,S2128633__S2128633--DEEP,1,0,geometry
5148,S2516970__S25-16970____155248,1,1,geometry
5149,S2512685__S2512685_0_,0,1,geometry
5150,S2512685__S2512685_0_,0,1,geometry
5151,S2520404__S2520404_0_BP1A2021,0,1,geometry
5152,S2039743__S20-39743-P-PLHE_3,1,1,geometry
5153,S2521240__S2521240_0_BP1A2021,1,0,geometry
5154,S2531985__S2531985_0_BP1A2021,0,1,geometry
5155,S2216630__S2216630--DEEP_1,0,1,geometry
5156,S17-42935__S17-42935,1,1,geometry
5157,S2511009__S25-11009_0_BP1A2021_052542,0,0,geometry
5158,S19-19367__S19-19367,1,1,geometry
5159,S2216630__S2216630--DEEP_1,0,0,geometry
5160,S2516970__S25-16970____155248,1,0,geometry
5161,S2235518__S22-35518-_-BIOPSY,0,0,geometry
5162,S2326329__S23-26329-_-BIOPSY,0,1,geometry
5163,S2511010__S25-11010_0_BP1A2021_052642,1,1,geometry
5164,S20-26719__S20-26719,1,0,geometry
5165,S19-19367__S19-19367,1,1,geometry
5166,S17-42935__S17-42935,1,1,geometry
5167,S2511010__S25-11010_0_BP1A2021_052642,1,1,geometry
5168,S2227604__S22-27604-_-BIOPSY,1,1,geometry
5169,S18-18746__S18-18746,1,1,geometry
5170,S2227608__S22-27608-_-SERIAL_1,1,1,geometry
5171,S2516971__S25-16971____140945,0,1,geometry
5172,S20-26719__S20-26719,1,1,geometry
5173,S2216630__S2216630--DEEP_1,0,1,geometry
5174,S2227608__S22-27608-_-SERIAL_2,1,1,geometry
5175,S2533022__S2533022_0_BP1A2021,0,0,geometry
5176,S17-42935__S17-42935,1,0,geometry
5177,S2406754__S24-06754-_-DEEP_2,0,1,geometry
5178,S2229537__S22-29537-_-SERIAL_1,1,0,geometry
5179,S2227608__S22-27608-_-SERIAL_2,1,1,geometry
5180,S2524777__S2524777_0_BP1A2021,0,1,geometry
5181,S2511010__S25-11010_0_BP1A2021_052642,1,1,geometry
5182,S18-18746__S18-18746,1,1,geometry
5183,S2039743__S20-39743-L-PLHE_1,1,1,geometry
5184,S2511009__S25-11009_0_BP1A2021_052542,0,0,geometry
5185,S2326329__S23-26329-_-BIOPSY,0,0,geometry
5186,S2515598__S25-15598_0__144202,0,0,geometry
5187,S2237601__S22-37601-_-,0,0,geometry
5188,S2524777__S2524777_0_BP1A2021,0,0,geometry
5189,S2522980__S2522980_0_BP1A2021,0,0,geometry
5190,S2511008__S25-11008_0_BP1A2021_052339,1,0,geometry
5191,S20-26719__S20-26719,1,1,geometry
5192,S2039743__S20-39743-P-PLHE_3,1,1,geometry
5193,S2235518__S22-35518-_-BIOPSY,0,1,geometry
5194,S2344462__S23-44462-_-BIOPSY,0,1,geometry
5195,S18-18746__S18-18746,1,1,geometry
5196,S2229537__S22-29537-_-SERIAL_1,1,1,geometry
5197,S17-42935__S17-42935,1,1,geometry
5198,S2227604__S22-27604-_-BIOPSY,1,0,geometry
5199,S2128633__S2128633--DEEP,1,1,geometry
5200,S2511008__S25-11008_0_BP1A2021_052339,1,1,geometry
5201,S2511008__S25-11008_0_BP1A2021_052339,1,0,geometry
5202,S2039743__S20-39743-P-PLHE_3,1,0,geometry
5203,S2528218__S2528218_0_BP1A2021,0,0,geometry
5204,S2352429__S23-52429-_-RECUT_1,0,1,geometry
5205,S2516971__S25-16971____140945,0,0,geometry
5206,S2530981__S2530981_0_BP1A2021,0,1,geometry
5207,S20-26719__S20-26719,1,0,geometry
5208,S2227604__S22-27604-_-BIOPSY,1,0,geometry
5209,S2229537__S22-29537-_-SERIAL_1,1,0,geometry
5210,S2511007__S25-11007_0_BP1A2021_052433,0,1,geometry
5211,S2039743__S20-39743-P-PLHE_3,1,1,geometry
5212,S2039743__S20-39743-C-PLHE_0,1,1,geometry
5213,S2516971__S25-16971____140945,0,0,geometry
5214,S2511008__S25-11008_0_BP1A2021_052339,1,0,geometry
5215,S2521240__S2521240_0_BP1A2021,1,1,geometry
5216,S2530063__S2530063_0_BP1A2021,0,0,geometry
5217,S2352429__S23-52429-_-BIOPSY,0,0,geometry
5218,S2409390__S2409390,0,1,geometry
5219,S2511008__S25-11008_0_BP1A2021_052339,1,1,geometry
5220,S2039743__S20-39743-L-PLHE_1,1,1,geometry
5221,S2511008__S25-11008_0_BP1A2021_052339,1,1,geometry
5222,S2511007__S25-11007_0_BP1A2021_052433,0,0,geometry
5223,S2229537__S22-29537-_-SERIAL_1,1,0,geometry
5224,S2423618__S24-23618-_-RECUT_2,0,0,geometry
5225,S2516970__S25-16970____155248,1,0,geometry
5226,S2512685__S2512685_0_,0,1,geometry
5227,S2511010__S25-11010_0_BP1A2021_052642,1,0,geometry
5228,S2227604__S22-27604-_-BIOPSY,1,1,geometry
5229,S2229537__S22-29537-_-SERIAL_1,1,0,geometry
5230,S2039743__S20-39743-C-PLHE_0,1,1,geometry
5231,S2227608__S22-27608-_-SERIAL_1,1,0,geometry
5232,S2530985__S2530985_0_BP1A2021,0,1,geometry
5233,S2434918__S24-34918-_-BIOPSY,1,1,geometry
5234,S2039743__S20-39743-P-PLHE_3,1,0,geometry
5235,S2516970__S25-16970____155248,1,1,geometry
5236,S19-19367__S19-19367,1,0,geometry
5237,S19-19367__S19-19367,1,0,geometry
5238,S20-28924__S20-28924,0,0,geometry
5239,S2406754__S24-06754-_-DEEP_2,0,0,geometry
5240,S20-26719__S20-26719,1,0,geometry
5241,S2352429__S23-52429-_-RECUT_1,0,1,geometry
5242,S20-26719__S20-26719,1,1,geometry
5243,S2216630__S2216630--DEEP_1,0,1,geometry
5244,S2530985__S2530985_0_BP1A2021,0,0,geometry
5245,S2352429__S23-52429-_-BIOPSY,0,0,geometry
5246,S2409390__S2409390,0,1,geometry
5247,S2039743__S20-39743-L-PLHE_1,1,1,geometry
5248,S2511009__S25-11009_0_BP1A2021_052542,0,0,geometry
5249,S2522980__S2522980_0_BP1A2021,0,0,geometry
5250,S2530981__S2530981_0_BP1A2021,0,0,geometry
5251,S2227608__S22-27608-_-SERIAL_2,1,1,geometry
5252,S2528218__S2528218_0_BP1A2021,0,1,geometry
5253,S2516970__S25-16970____155248,1,0,geometry
5254,S2227604__S22-27604-_-BIOPSY,1,1,geometry
5255,S2513847__S25-13847_0_BP1A2021_131603,0,1,geometry
5256,S17-42935__S17-42935,1,0,geometry
5257,S2521240__S2521240_0_BP1A2021,1,0,geometry
5258,S2516971__S25-16971____155423,0,0,geometry
5259,S2227608__S22-27608-_-SERIAL_2,1,1,geometry
5260,S2344462__S23-44462-_-BIOPSY,0,0,geometry
5261,S2434918__S24-34918-_-BIOPSY,1,0,geometry
5262,S2128633__S2128633--DEEP,1,1,geometry
5263,S2434918__S24-34918-_-BIOPSY,1,0,geometry
5264,S2511008__S25-11008_0_BP1A2021_052339,1,0,geometry
5265,S2128633__S2128633--DEEP,1,0,geometry
5266,S2406754__S24-06754-_-SERIAL_1,0,1,geometry
5267,S2516971__S25-16971____155423,0,0,geometry
5268,S2423618__S24-23618-_-RECUT_2,0,1,geometry
5269,S2227608__S22-27608-_-SERIAL_1,1,1,geometry
5270,S2227608__S22-27608-_-SERIAL_1,1,0,geometry
5271,S2216630__S2216630--DEEP_1,0,0,geometry
5272,S2436457__S2436457_BP1B11_C_15540_2,0,0,geometry
5273,S2530981__S2530981_0_BP1A2021,0,0,geometry
5274,S2528218__S2528218_0_BP1A2021,0,1,geometry
5275,S2406038__S2406038,0,1,geometry
5276,S2524777__S2524777_0_BP1A2021,0,0,geometry
5277,S2513847__S25-13847_0_BP1A2021_131603,0,1,geometry
5278,S2352429__S23-52429-_-BIOPSY,0,1,geometry
5279,S2409390__S2409390,0,1,geometry
5280,S2227604__S22-27604-_-BIOPSY,1,1,geometry
5281,S20-28924__S20-28924,0,0,geometry
5282,S2229537__S22-29537-_-SERIAL_1,1,0,geometry
5283,S2525436__S2525436_0_BP1A2021,0,0,geometry
5284,S20-28924__S20-28924,0,0,geometry
5285,S20-28924__S20-28924,0,1,geometry
5286,S2406754__S24-06754-_-SERIAL_1,0,1,geometry
5287,S2227608__S22-27608-_-SERIAL_1,1,1,geometry
5288,S2424255__S2424255,0,0,geometry
5289,S20-26719__S20-26719,1,1,geometry
5290,S2521240__S2521240_0_BP1A2021,1,1,geometry
5291,S2533022__S2533022_0_BP1A2021,0,0,geometry
5292,S2516970__S25-16970____155248,1,1,geometry
5293,S2434918__S24-34918-_-BIOPSY,1,1,geometry
5294,S2512685__S2512685_0_,0,0,geometry
5295,S2424255__S2424255,0,0,geometry
5296,S2511010__S25-11010_0_BP1A2021_052642,1,0,geometry
5297,S2511008__S25-11008_0_BP1A2021_052339,1,0,geometry
5298,S2227608__S22-27608-_-SERIAL_1,1,0,geometry
5299,S2511009__S25-11009_0_BP1A2021_052542,0,1,geometry
5300,S2512685__S2512685_0_,0,0,geometry
5301,S18-18746__S18-18746,1,0,geometry
5302,S2039743__S20-39743-C-PLHE_0,1,1,geometry
5303,S2533022__S2533022_0_BP1A2021,0,1,geometry
5304,S2227604__S22-27604-_-BIOPSY,1,0,geometry
5305,S20-26719__S20-26719,1,1,geometry
5306,S2511859__S25-11859_0_BP1A2021_150616,0,1,geometry
5307,S19-19367__S19-19367,1,1,geometry
5308,S2511008__S25-11008_0_BP1A2021_052339,1,0,geometry
5309,S2128633__S2128633--DEEP,1,1,geometry
5310,S2227604__S22-27604-_-BIOPSY,1,0,geometry
5311,S2352429__S23-52429-_-BIOPSY,0,0,geometry
5312,S2512685__S2512685_0_,0,1,geometry
5313,S20-26719__S20-26719,1,1,geometry
5314,S2511008__S25-11008_0_BP1A2021_052339,1,1,geometry
5315,S2424250__S2424250,0,1,geometry
5316,S19-19367__S19-19367,1,0,geometry
5317,S2434918__S24-34918-_-BIOPSY,1,1,geometry
5318,S2237603__S22-37603-_-_1,0,1,geometry
5319,S2516971__S25-16971____155423,0,1,geometry
5320,S2516971__S25-16971____155423,0,1,geometry
5321,S2227608__S22-27608-_-SERIAL_1,1,0,geometry
5322,S2530063__S2530063_0_BP1A2021,0,1,geometry
5323,S2406754__S24-06754-_-DEEP_2,0,0,geometry
5324,S2352429__S23-52429-_-RECUT_1,0,1,geometry
5325,S18-18746__S18-18746,1,1,geometry
5326,S2516971__S25-16971____140945,0,0,geometry
5327,S2128633__S2128633--DEEP,1,1,geometry
5328,S2513847__S25-13847_0_BP1A2021_131603,0,0,geometry
5329,S2516971__S25-16971____140945,0,1,geometry
5330,S2521240__S2521240_0_BP1A2021,1,0,geometry
5331,S2216630__S2216630--DEEP_1,0,0,geometry
5332,S2227608__S22-27608-_-SERIAL_2,1,1,geometry
5333,S2520404__S2520404_0_BP1A2021,0,0,geometry
5334,S2528218__S2528218_0_BP1A2021,0,0,geometry
5335,S2436457__S2436457_BP1B11_C_15540_2,0,0,geometry
5336,S2434918__S24-34918-_-BIOPSY,1,0,geometry
5337,S2516970__S25-16970____155248,1,0,geometry
5338,S2216630__S2216630--DEEP_1,0,0,geometry
5339,S2434918__S24-34918-_-BIOPSY,1,1,geometry
5340,S2521240__S2521240_0_BP1A2021,1,1,geometry
5341,S2352429__S23-52429-_-BIOPSY,0,1,geometry
5342,S2511009__S25-11009_0_BP1A2021_052542,0,1,geometry
5343,S2511008__S25-11008_0_BP1A2021_052339,1,0,geometry
5344,S2521240__S2521240_0_BP1A2021,1,1,geometry
5345,S2216630__S2216630--DEEP_1,0,1,geometry
5346,S2511008__S25-11008_0_BP1A2021_052339,1,1,geometry
5347,S2511008__S25-11008_0_BP1A2021_052339,1,1,geometry
5348,S2227608__S22-27608-_-SERIAL_1,1,0,geometry
5349,S20-26719__S20-26719,1,0,geometry
5350,S2352429__S23-52429-_-RECUT_1,0,1,geometry
5351,S2511008__S25-11008_0_BP1A2021_052339,1,0,geometry
5352,S2516970__S25-16970____155248,1,0,geometry
5353,S2522980__S2522980_0_BP1A2021,0,1,geometry
5354,S18-18746__S18-18746,1,1,geometry
5355,S2530063__S2530063_0_BP1A2021,0,1,geometry
5356,S2520402__S2520402_0_BP1A2021,0,0,geometry
5357,S2352429__S23-52429-_-RECUT_1,0,0,geometry
5358,S2039743__S20-39743-L-PLHE_1,1,1,geometry
5359,S2531985__S2531985_0_BP1A2021,0,0,geometry
5360,S2039743__S20-39743-C-PLHE_0,1,1,geometry
5361,S20-26719__S20-26719,1,1,geometry
5362,S2406754__S24-06754-_-DEEP_2,0,0,geometry
5363,S2227608__S22-27608-_-SERIAL_2,1,1,geometry
5364,S2524777__S2524777_0_BP1A2021,0,1,geometry
5365,S2039743__S20-39743-P-PLHE_3,1,0,geometry
5366,S2039743__S20-39743-C-PLHE_0,1,0,geometry
5367,S2352429__S23-52429-_-RECUT_1,0,0,geometry
5368,S2401283__S24-01283-_-BIOPSY,0,1,geometry
5369,S2352429__S23-52429-_-RECUT_1,0,0,geometry
5370,S18-18746__S18-18746,1,0,geometry
5371,S2434918__S24-34918-_-BIOPSY,1,1,geometry
5372,S2039743__S20-39743-C-PLHE_0,1,1,geometry
5373,S2227604__S22-27604-_-BIOPSY,1,0,geometry
5374,S2235518__S22-35518-_-BIOPSY,0,0,geometry
5375,S2326329__S23-26329-_-BIOPSY,0,0,geometry
5376,S2229537__S22-29537-_-SERIAL_1,1,1,geometry
5377,S17-42935__S17-42935,1,0,geometry
5378,S2516971__S25-16971____155423,0,1,geometry
5379,S2521240__S2521240_0_BP1A2021,1,1,geometry
5380,S2504719__S25-04719-_-DEEP_1,0,0,geometry
5381,S2531985__S2531985_0_BP1A2021,0,1,geometry
5382,S2227604__S22-27604-_-BIOPSY,1,0,geometry
5383,S2530063__S2530063_0_BP1A2021,0,0,geometry
5384,S2423618__S24-23618-_-RECUT_2,0,0,geometry
5385,S17-42935__S17-42935,1,1,geometry
5386,S2352429__S23-52429-_-RECUT_1,0,0,geometry
5387,S2237603__S22-37603-_-_1,0,1,geometry
5388,S2229537__S22-29537-_-SERIAL_1,1,1,geometry
5389,S2227608__S22-27608-_-SERIAL_1,1,1,geometry
5390,S2406038__S2406038,0,0,geometry
5391,S2516970__S25-16970____155248,1,0,geometry
5392,S2039743__S20-39743-C-PLHE_0,1,0,geometry
5393,S2423618__S24-23618-_-RECUT_2,0,0,geometry
5394,S2513847__S25-13847_0_BP1A2021_131603,0,0,geometry
5395,S2521240__S2521240_0_BP1A2021,1,1,geometry
5396,S2227608__S22-27608-_-SERIAL_1,1,0,geometry
5397,S2128633__S2128633--DEEP,1,1,geometry
5398,S2423618__S24-23618-_-RECUT_2,0,1,geometry
5399,S2521240__S2521240_0_BP1A2021,1,1,geometry
5400,S2516970__S25-16970____155248,1,0,geometry
5401,S2237603__S22-37603-_-_1,0,0,geometry
5402,S2235518__S22-35518-_-BIOPSY,0,0,geometry
5403,S2216630__S2216630--DEEP_1,0,1,geometry
5404,S2128633__S2128633--DEEP,1,0,geometry
5405,S2524777__S2524777_0_BP1A2021,0,0,geometry
5406,S2511009__S25-11009_0_BP1A2021_052542,0,1,geometry
5407,S2516970__S25-16970____155248,1,1,geometry
5408,S2530985__S2530985_0_BP1A2021,0,1,geometry
5409,S20-26719__S20-26719,1,1,geometry
5410,S2424255__S2424255,0,0,geometry
5411,S2406754__S24-06754-_-SERIAL_1,0,1,geometry
5412,S2227604__S22-27604-_-BIOPSY,1,0,geometry
5413,S19-19367__S19-19367,1,0,geometry
5414,S2406754__S24-06754-_-DEEP_2,0,1,geometry
5415,S2513847__S25-13847_0_BP1A2021_131603,0,1,geometry
5416,S2424255__S2424255,0,0,geometry
5417,S20-28924__S20-28924,0,1,geometry
5418,S2524777__S2524777_0_BP1A2021,0,0,geometry
5419,S2511008__S25-11008_0_BP1A2021_052339,1,0,geometry
5420,S2512685__S2512685_0_,0,1,geometry
5421,S2039743__S20-39743-L-PLHE_1,1,1,geometry
5422,S2039743__S20-39743-P-PLHE_3,1,1,geometry
5423,S2511009__S25-11009_0_BP1A2021_052542,0,1,geometry
5424,S19-40063__S19-40063,0,1,geometry
5425,S2039743__S20-39743-L-PLHE_1,1,0,geometry
5426,S2227608__S22-27608-_-SERIAL_1,1,1,geometry
5427,S2406038__S2406038,0,0,geometry
5428,S2436457__S2436457_BP1B11_C_15540_2,0,1,geometry
5429,S2511859__S25-11859_0_BP1A2021_150616,0,0,geometry
5430,S2434918__S24-34918-_-BIOPSY,1,0,geometry
5431,S2513847__S25-13847_0_BP1A2021_131603,0,0,geometry
5432,S2326329__S23-26329-_-BIOPSY,0,0,geometry
5433,S2513847__S25-13847_0_BP1A2021_131603,0,0,geometry
5434,S2521240__S2521240_0_BP1A2021,1,0,geometry
5435,S18-18746__S18-18746,1,1,geometry
5436,S2513847__S25-13847_0_BP1A2021_131603,0,0,geometry
5437,S2521240__S2521240_0_BP1A2021,1,1,geometry
5438,S2423618__S24-23618-_-RECUT_2,0,0,geometry
5439,S18-18746__S18-18746,1,1,geometry
5440,S2216630__S2216630--DEEP_1,0,0,geometry
5441,S2406038__S2406038,0,0,geometry
5442,S2424255__S2424255,0,1,geometry
5443,S2216630__S2216630--DEEP_1,0,0,geometry
5444,S2528218__S2528218_0_BP1A2021,0,0,geometry
5445,S17-42935__S17-42935,1,1,geometry
5446,S2406038__S2406038,0,1,geometry
5447,S2516970__S25-16970____155248,1,1,geometry
5448,S2424250__S2424250,0,0,geometry
5449,S2227608__S22-27608-_-SERIAL_1,1,1,geometry
5450,S2227608__S22-27608-_-SERIAL_2,1,1,geometry
5451,S2039743__S20-39743-L-PLHE_1,1,1,geometry
5452,S2344462__S23-44462-_-BIOPSY,0,0,geometry
5453,S2512685__S2512685_0_,0,0,geometry
5454,S20-28924__S20-28924,0,0,geometry
5455,S2516971__S25-16971____155423,0,0,geometry
5456,S2229537__S22-29537-_-SERIAL_1,1,0,geometry
5457,S2424250__S2424250,0,1,geometry
5458,S2436457__S2436457_BP1B11_C_15540_2,0,0,geometry
5459,S2227608__S22-27608-_-SERIAL_2,1,1,geometry
5460,S2128633__S2128633--DEEP,1,0,geometry
5461,S2516971__S25-16971____155423,0,1,geometry
5462,S2227604__S22-27604-_-BIOPSY,1,1,geometry
5463,S2512685__S2512685_0_,0,0,geometry
5464,S17-42935__S17-42935,1,1,geometry
5465,S2326329__S23-26329-_-BIOPSY,0,1,geometry
5466,S20-26719__S20-26719,1,1,geometry
5467,S2229537__S22-29537-_-SERIAL_1,1,1,geometry
5468,S2424250__S2424250,0,0,geometry
5469,S2227608__S22-27608-_-SERIAL_1,1,0,geometry
5470,S2434918__S24-34918-_-BIOPSY,1,0,geometry
5471,S2424250__S2424250,0,0,geometry
5472,S19-19367__S19-19367,1,0,geometry
5473,S2434918__S24-34918-_-BIOPSY,1,1,geometry
5474,S19-19367__S19-19367,1,0,geometry
5475,S2406754__S24-06754-_-SERIAL_1,0,0,geometry
5476,S2352429__S23-52429-_-RECUT_1,0,1,geometry
5477,S2511010__S25-11010_0_BP1A2021_052642,1,0,geometry
5478,S2533022__S2533022_0_BP1A2021,0,0,geometry
5479,S2227608__S22-27608-_-SERIAL_1,1,1,geometry
5480,S2406754__S24-06754-_-SERIAL_1,0,0,geometry
5481,S2406038__S2406038,0,1,geometry
5482,S2227608__S22-27608-_-SERIAL_2,1,1,geometry
5483,S2504719__S25-04719-_-DEEP_1,0,1,geometry
5484,S17-42935__S17-42935,1,0,geometry
5485,S2423618__S24-23618-_-RECUT_2,0,0,geometry
5486,S2516970__S25-16970____155248,1,1,geometry
5487,S2516970__S25-16970____155248,1,0,geometry
5488,S2528218__S2528218_0_BP1A2021,0,1,geometry
5489,S2434918__S24-34918-_-BIOPSY,1,0,geometry
5490,S2216630__S2216630--DEEP_1,0,1,geometry
5491,S2530985__S2530985_0_BP1A2021,0,0,geometry
5492,S2039743__S20-39743-C-PLHE_0,1,0,geometry
5493,S2511009__S25-11009_0_BP1A2021_052542,0,0,geometry
5494,S2229537__S22-29537-_-SERIAL_1,1,0,geometry
5495,S2525436__S2525436_0_BP1A2021,0,1,geometry
5496,S18-18746__S18-18746,1,1,geometry
5497,S2128633__S2128633--DEEP,1,0,geometry
5498,S2401283__S24-01283-_-BIOPSY,0,0,geometry
5499,S19-40063__S19-40063,0,0,geometry
5500,S2434918__S24-34918-_-BIOPSY,1,1,geometry
5501,S2229537__S22-29537-_-SERIAL_1,1,1,geometry
5502,S2352429__S23-52429-_-RECUT_1,0,1,geometry
5503,S2520404__S2520404_0_BP1A2021,0,0,geometry
5504,S2227604__S22-27604-_-BIOPSY,1,0,geometry
5505,S2520402__S2520402_0_BP1A2021,0,1,geometry
5506,S2227608__S22-27608-_-SERIAL_1,1,1,geometry
5507,S17-42935__S17-42935,1,0,geometry
5508,S2229537__S22-29537-_-SERIAL_1,1,0,geometry
5509,S17-42935__S17-42935,1,1,geometry
5510,S2406754__S24-06754-_-DEEP_2,0,0,geometry
5511,S2528218__S2528218_0_BP1A2021,0,1,geometry
5512,S2516970__S25-16970____155248,1,0,geometry
5513,S2227608__S22-27608-_-SERIAL_2,1,0,geometry
5514,S2406754__S24-06754-_-DEEP_2,0,0,geometry
5515,S2227608__S22-27608-_-SERIAL_1,1,1,geometry
5516,S2352429__S23-52429-_-RECUT_1,0,0,geometry
5517,S2235518__S22-35518-_-BIOPSY,0,0,geometry
5518,S2511008__S25-11008_0_BP1A2021_052339,1,1,geometry
5519,S2531985__S2531985_0_BP1A2021,0,0,geometry
5520,S2511007__S25-11007_0_BP1A2021_052433,0,1,geometry
5521,S18-18746__S18-18746,1,1,geometry
5522,S2530063__S2530063_0_BP1A2021,0,1,geometry
5523,S20-28924__S20-28924,0,1,geometry
5524,S2229537__S22-29537-_-SERIAL_1,1,1,geometry
5525,S2039743__S20-39743-C-PLHE_0,1,0,geometry
5526,S2039743__S20-39743-P-PLHE_3,1,0,geometry
5527,S2039743__S20-39743-L-PLHE_1,1,0,geometry
5528,S2227604__S22-27604-_-BIOPSY,1,1,geometry
5529,S2531985__S2531985_0_BP1A2021,0,1,geometry
5530,S2520402__S2520402_0_BP1A2021,0,0,geometry
5531,S2039743__S20-39743-L-PLHE_1,1,1,geometry
5532,S2530981__S2530981_0_BP1A2021,0,1,geometry
5533,S2516970__S25-16970____155248,1,0,geometry
5534,S2227608__S22-27608-_-SERIAL_2,1,0,geometry
5535,S2424250__S2424250,0,1,geometry
5536,S2424250__S2424250,0,1,geometry
5537,S2424250__S2424250,0,0,geometry
5538,S19-19367__S19-19367,1,0,geometry
5539,S2128633__S2128633--DEEP,1,0,geometry
5540,S2504719__S25-04719-_-DEEP_1,0,1,geometry
5541,S2229537__S22-29537-_-SERIAL_1,1,0,geometry
5542,S2511859__S25-11859_0_BP1A2021_150616,0,1,geometry
5543,S2406754__S24-06754-_-SERIAL_1,0,1,geometry
5544,S2516970__S25-16970____155248,1,1,geometry
5545,S19-19367__S19-19367,1,0,geometry
5546,S2528218__S2528218_0_BP1A2021,0,1,geometry
5547,S2423618__S24-23618-_-RECUT_2,0,1,geometry
5548,S2512685__S2512685_0_,0,1,geometry
5549,S2039743__S20-39743-C-PLHE_0,1,0,geometry
5550,S2227608__S22-27608-_-SERIAL_2,1,1,geometry
5551,S2352429__S23-52429-_-RECUT_1,0,1,geometry
5552,S2424255__S2424255,0,0,geometry
5553,S2406038__S2406038,0,0,geometry
5554,S2227608__S22-27608-_-SERIAL_1,1,1,geometry
5555,S2039743__S20-39743-C-PLHE_0,1,1,geometry
5556,S2039743__S20-39743-P-PLHE_3,1,1,geometry
5557,S2434918__S24-34918-_-BIOPSY,1,1,geometry
5558,S2511010__S25-11010_0_BP1A2021_052642,1,0,geometry
5559,S2039743__S20-39743-P-PLHE_3,1,1,geometry
5560,S20-26719__S20-26719,1,1,geometry
5561,S2530981__S2530981_0_BP1A2021,0,1,geometry
5562,S2511009__S25-11009_0_BP1A2021_052542,0,0,geometry
5563,S19-40063__S19-40063,0,0,geometry
5564,S2326329__S23-26329-_-BIOPSY,0,0,geometry
5565,S2039743__S20-39743-C-PLHE_0,1,1,geometry
5566,S2434918__S24-34918-_-BIOPSY,1,0,geometry
5567,S2521240__S2521240_0_BP1A2021,1,0,geometry
5568,S2524777__S2524777_0_BP1A2021,0,0,geometry
5569,S17-42935__S17-42935,1,0,geometry
5570,S19-40063__S19-40063,0,0,geometry
5571,S2237601__S22-37601-_-,0,0,geometry
5572,S2511009__S25-11009_0_BP1A2021_052542,0,1,geometry
5573,S2530985__S2530985_0_BP1A2021,0,1,geometry
5574,S2344462__S23-44462-_-BIOPSY,0,0,geometry
5575,S19-40063__S19-40063,0,1,geometry
5576,S2530063__S2530063_0_BP1A2021,0,1,geometry
5577,S2344462__S23-44462-_-BIOPSY,0,1,geometry
5578,S2039743__S20-39743-L-PLHE_1,1,1,geometry
5579,S2039743__S20-39743-C-PLHE_0,1,0,geometry
5580,S2515598__S25-15598_0__144202,0,1,geometry
5581,S2401283__S24-01283-_-BIOPSY,0,0,geometry
5582,S2521240__S2521240_0_BP1A2021,1,0,geometry
5583,S2511007__S25-11007_0_BP1A2021_052433,0,0,geometry
5584,S2533022__S2533022_0_BP1A2021,0,1,geometry
5585,S17-42935__S17-42935,1,0,geometry
5586,S2216630__S2216630--DEEP_1,0,1,geometry
5587,S2524777__S2524777_0_BP1A2021,0,0,geometry
5588,S2227608__S22-27608-_-SERIAL_1,1,0,geometry
5589,S2227604__S22-27604-_-BIOPSY,1,1,geometry
5590,S2406038__S2406038,0,1,geometry
5591,S2511859__S25-11859_0_BP1A2021_150616,0,0,geometry
5592,S2434918__S24-34918-_-BIOPSY,1,0,geometry
5593,S2511010__S25-11010_0_BP1A2021_052642,1,0,geometry
5594,S2511008__S25-11008_0_BP1A2021_052339,1,0,geometry
5595,S2406038__S2406038,0,0,geometry
5596,S2227608__S22-27608-_-SERIAL_2,1,0,geometry
5597,S19-19367__S19-19367,1,0,geometry
5598,S2039743__S20-39743-L-PLHE_1,1,1,geometry
5599,S2520402__S2520402_0_BP1A2021,0,1,geometry
5600,S19-40063__S19-40063,0,1,geometry
5601,S2409390__S2409390,0,1,geometry
5602,S2237601__S22-37601-_-,0,1,geometry
5603,S2511008__S25-11008_0_BP1A2021_052339,1,1,geometry
5604,S2528218__S2528218_0_BP1A2021,0,1,geometry
5605,S2406754__S24-06754-_-SERIAL_1,0,0,geometry
5606,S2039743__S20-39743-L-PLHE_1,1,0,geometry
5607,S2227608__S22-27608-_-SERIAL_1,1,0,geometry
5608,S2516970__S25-16970____155248,1,1,geometry
5609,S2235518__S22-35518-_-BIOPSY,0,1,geometry
5610,S2227604__S22-27604-_-BIOPSY,1,1,geometry
5611,S2511009__S25-11009_0_BP1A2021_052542,0,0,geometry
5612,S2039743__S20-39743-P-PLHE_3,1,1,geometry
5613,S2229537__S22-29537-_-SERIAL_1,1,0,geometry
5614,S2511010__S25-11010_0_BP1A2021_052642,1,0,geometry
5615,S2516971__S25-16971____155423,0,0,geometry
5616,S20-26719__S20-26719,1,0,geometry
5617,S2227604__S22-27604-_-BIOPSY,1,1,geometry
5618,S2511010__S25-11010_0_BP1A2021_052642,1,0,geometry
5619,S17-42935__S17-42935,1,1,geometry
5620,S20-28924__S20-28924,0,0,geometry
5621,S2511859__S25-11859_0_BP1A2021_150616,0,0,geometry
5622,S2434918__S24-34918-_-BIOPSY,1,0,geometry
5623,S2516970__S25-16970____155248,1,0,geometry
5624,S2423618__S24-23618-_-RECUT_2,0,0,geometry
5625,S2344462__S23-44462-_-BIOPSY,0,1,geometry
5626,S2237601__S22-37601-_-,0,1,geometry
5627,S2516970__S25-16970____155248,1,1,geometry
5628,S2039743__S20-39743-L-PLHE_1,1,1,geometry
5629,S2227608__S22-27608-_-SERIAL_1,1,1,geometry
5630,S2434918__S24-34918-_-BIOPSY,1,0,geometry
5631,S2423618__S24-23618-_-RECUT_2,0,1,geometry
5632,S2516970__S25-16970____155248,1,1,geometry
5633,S2352429__S23-52429-_-RECUT_1,0,0,geometry
5634,S2227608__S22-27608-_-SERIAL_1,1,1,geometry
5635,S2504719__S25-04719-_-DEEP_1,0,1,geometry
5636,S2039743__S20-39743-P-PLHE_3,1,0,geometry
5637,S17-42935__S17-42935,1,1,geometry
5638,S2128633__S2128633--DEEP,1,0,geometry
5639,S20-26719__S20-26719,1,0,geometry
5640,S2434918__S24-34918-_-BIOPSY,1,0,geometry
5641,S2516971__S25-16971____140945,0,1,geometry
5642,S2521240__S2521240_0_BP1A2021,1,1,geometry
5643,S17-42935__S17-42935,1,0,geometry
5644,S2522980__S2522980_0_BP1A2021,0,0,geometry
5645,S2039743__S20-39743-C-PLHE_0,1,1,geometry
5646,S2229537__S22-29537-_-SERIAL_1,1,0,geometry
5647,S19-19367__S19-19367,1,0,geometry
5648,S2530063__S2530063_0_BP1A2021,0,1,geometry
5649,S2227608__S22-27608-_-SERIAL_2,1,0,geometry
5650,S2227604__S22-27604-_-BIOPSY,1,1,geometry
5651,S2511008__S25-11008_0_BP1A2021_052339,1,1,geometry
5652,S2533022__S2533022_0_BP1A2021,0,1,geometry
5653,S17-42935__S17-42935,1,0,geometry
5654,S2216630__S2216630--DEEP_1,0,1,geometry
5655,S2227604__S22-27604-_-BIOPSY,1,1,geometry
5656,S19-19367__S19-19367,1,1,geometry
5657,S2520404__S2520404_0_BP1A2021,0,0,geometry
5658,S17-42935__S17-42935,1,1,geometry
5659,S2528218__S2528218_0_BP1A2021,0,0,geometry
5660,S2513847__S25-13847_0_BP1A2021_131603,0,0,geometry
5661,S2516970__S25-16970____155248,1,1,geometry
5662,S2511010__S25-11010_0_BP1A2021_052642,1,0,geometry
5663,S2512685__S2512685_0_,0,0,geometry
5664,S20-26719__S20-26719,1,0,geometry
5665,S2521240__S2521240_0_BP1A2021,1,0,geometry
5666,S2039743__S20-39743-P-PLHE_3,1,0,geometry
5667,S2516971__S25-16971____155423,0,0,geometry
5668,S2227608__S22-27608-_-SERIAL_2,1,1,geometry
5669,S2227608__S22-27608-_-SERIAL_2,1,1,geometry
5670,S17-42935__S17-42935,1,0,geometry
5671,S2039743__S20-39743-P-PLHE_3,1,0,geometry
5672,S2423618__S24-23618-_-RECUT_2,0,1,geometry
5673,S2436457__S2436457_BP1B11_C_15540_2,0,1,geometry
5674,S2227608__S22-27608-_-SERIAL_1,1,0,geometry
5675,S2039743__S20-39743-L-PLHE_1,1,1,geometry
5676,S2227608__S22-27608-_-SERIAL_2,1,0,geometry
5677,S2039743__S20-39743-L-PLHE_1,1,1,geometry
5678,S19-40063__S19-40063,0,1,geometry
5679,S2424255__S2424255,0,1,geometry
5680,S2039743__S20-39743-C-PLHE_0,1,0,geometry
5681,S2520404__S2520404_0_BP1A2021,0,1,geometry
5682,S2039743__S20-39743-P-PLHE_3,1,0,geometry
5683,S2524777__S2524777_0_BP1A2021,0,1,geometry
5684,S2216630__S2216630--DEEP_1,0,1,geometry
5685,S2039743__S20-39743-C-PLHE_0,1,0,geometry
5686,S2227604__S22-27604-_-BIOPSY,1,0,geometry
5687,S2530985__S2530985_0_BP1A2021,0,0,geometry
5688,S17-42935__S17-42935,1,0,geometry
5689,S2406754__S24-06754-_-SERIAL_1,0,1,geometry
5690,S2039743__S20-39743-P-PLHE_3,1,0,geometry
5691,S2406754__S24-06754-_-DEEP_2,0,0,geometry
5692,S2216630__S2216630--DEEP_1,0,0,geometry
5693,S2520404__S2520404_0_BP1A2021,0,1,geometry
5694,S2352429__S23-52429-_-BIOPSY,0,0,geometry
5695,S18-18746__S18-18746,1,1,geometry
5696,S2406754__S24-06754-_-SERIAL_1,0,1,geometry
5697,S2533022__S2533022_0_BP1A2021,0,0,geometry
5698,S2039743__S20-39743-L-PLHE_1,1,1,geometry
5699,S2512685__S2512685_0_,0,1,geometry
5700,S2521240__S2521240_0_BP1A2021,1,1,geometry
5701,S17-42935__S17-42935,1,1,geometry
5702,S20-28924__S20-28924,0,1,geometry
5703,S2352429__S23-52429-_-RECUT_1,0,1,geometry
5704,S2128633__S2128633--DEEP,1,1,geometry
5705,S2516971__S25-16971____155423,0,1,geometry
5706,S2409390__S2409390,0,1,geometry
5707,S2511008__S25-11008_0_BP1A2021_052339,1,1,geometry
5708,S17-42935__S17-42935,1,1,geometry
5709,S2511010__S25-11010_0_BP1A2021_052642,1,0,geometry
5710,S2516970__S25-16970____155248,1,0,geometry
5711,S2352429__S23-52429-_-RECUT_1,0,0,geometry
5712,S2533022__S2533022_0_BP1A2021,0,0,geometry
5713,S2229537__S22-29537-_-SERIAL_1,1,0,geometry
5714,S2531985__S2531985_0_BP1A2021,0,0,geometry
5715,S2513847__S25-13847_0_BP1A2021_131603,0,0,geometry
5716,S2227608__S22-27608-_-SERIAL_2,1,1,geometry
5717,S2406754__S24-06754-_-SERIAL_1,0,1,geometry
5718,S2229537__S22-29537-_-SERIAL_1,1,1,geometry
5719,S2511008__S25-11008_0_BP1A2021_052339,1,1,geometry
5720,S20-26719__S20-26719,1,0,geometry
5721,S2229537__S22-29537-_-SERIAL_1,1,0,geometry
5722,S2530063__S2530063_0_BP1A2021,0,1,geometry
5723,S2522980__S2522980_0_BP1A2021,0,1,geometry
5724,S17-42935__S17-42935,1,1,geometry
5725,S2227608__S22-27608-_-SERIAL_2,1,0,geometry
5726,S2511010__S25-11010_0_BP1A2021_052642,1,1,geometry
5727,S2511859__S25-11859_0_BP1A2021_150616,0,0,geometry
5728,S2520402__S2520402_0_BP1A2021,0,1,geometry
5729,S2511007__S25-11007_0_BP1A2021_052433,0,0,geometry
5730,S2229537__S22-29537-_-SERIAL_1,1,0,geometry
5731,S2511007__S25-11007_0_BP1A2021_052433,0,1,geometry
5732,S2522980__S2522980_0_BP1A2021,0,0,geometry
5733,S2520402__S2520402_0_BP1A2021,0,0,geometry
5734,S2511009__S25-11009_0_BP1A2021_052542,0,0,geometry
5735,S2237603__S22-37603-_-_1,0,1,geometry
5736,S2511010__S25-11010_0_BP1A2021_052642,1,1,geometry
5737,S2235518__S22-35518-_-BIOPSY,0,0,geometry
5738,S2227608__S22-27608-_-SERIAL_2,1,0,geometry
5739,S2039743__S20-39743-L-PLHE_1,1,0,geometry
5740,S2522980__S2522980_0_BP1A2021,0,0,geometry
5741,S19-19367__S19-19367,1,1,geometry
5742,S17-42935__S17-42935,1,1,geometry
5743,S2513847__S25-13847_0_BP1A2021_131603,0,0,geometry
5744,S2235518__S22-35518-_-BIOPSY,0,1,geometry
5745,S2423618__S24-23618-_-RECUT_2,0,0,geometry
5746,S2511007__S25-11007_0_BP1A2021_052433,0,0,geometry
5747,S2227604__S22-27604-_-BIOPSY,1,0,geometry
5748,S2229537__S22-29537-_-SERIAL_1,1,1,geometry
5749,S2229537__S22-29537-_-SERIAL_1,1,0,geometry
5750,S2227608__S22-27608-_-SERIAL_1,1,0,geometry
5751,S2513847__S25-13847_0_BP1A2021_131603,0,0,geometry
5752,S19-19367__S19-19367,1,0,geometry
5753,S2406754__S24-06754-_-DEEP_2,0,0,geometry
5754,S19-19367__S19-19367,1,0,geometry
5755,S2522980__S2522980_0_BP1A2021,0,1,geometry
5756,S2227608__S22-27608-_-SERIAL_2,1,1,geometry
5757,S19-19367__S19-19367,1,0,geometry
5758,S2227608__S22-27608-_-SERIAL_1,1,0,geometry
5759,S2401283__S24-01283-_-BIOPSY,0,1,geometry
5760,S20-28924__S20-28924,0,1,geometry
5761,S2039743__S20-39743-C-PLHE_0,1,1,geometry
5762,S2434918__S24-34918-_-BIOPSY,1,1,geometry
5763,S2409390__S2409390,0,1,geometry
5764,S2229537__S22-29537-_-SERIAL_1,1,1,geometry
5765,S2227608__S22-27608-_-SERIAL_2,1,0,geometry
5766,S2515598__S25-15598_0__144202,0,0,geometry
5767,S2516971__S25-16971____155423,0,1,geometry
5768,S18-18746__S18-18746,1,0,geometry
5769,S2520402__S2520402_0_BP1A2021,0,0,geometry
5770,S2511008__S25-11008_0_BP1A2021_052339,1,1,geometry
5771,S2039743__S20-39743-L-PLHE_1,1,1,geometry
5772,S2511007__S25-11007_0_BP1A2021_052433,0,0,geometry
5773,S20-26719__S20-26719,1,0,geometry
5774,S2520402__S2520402_0_BP1A2021,0,0,geometry
5775,S20-26719__S20-26719,1,0,geometry
5776,S2406754__S24-06754-_-SERIAL_1,0,1,geometry
5777,S2530063__S2530063_0_BP1A2021,0,0,geometry
5778,S2424255__S2424255,0,0,geometry
5779,S2406754__S24-06754-_-SERIAL_1,0,0,geometry
5780,S2521240__S2521240_0_BP1A2021,1,1,geometry
5781,S2511010__S25-11010_0_BP1A2021_052642,1,0,geometry
5782,S2515598__S25-15598_0__144202,0,1,geometry
5783,S2511007__S25-11007_0_BP1A2021_052433,0,1,geometry
5784,S2235518__S22-35518-_-BIOPSY,0,1,geometry
5785,S2511008__S25-11008_0_BP1A2021_052339,1,1,geometry
5786,S2344462__S23-44462-_-BIOPSY,0,1,geometry
5787,S2352429__S23-52429-_-BIOPSY,0,0,geometry
5788,S17-42935__S17-42935,1,1,geometry
5789,S2326329__S23-26329-_-BIOPSY,0,0,geometry
5790,S2039743__S20-39743-P-PLHE_3,1,0,geometry
5791,S2516970__S25-16970____155248,1,1,geometry
5792,S2516970__S25-16970____155248,1,0,geometry
5793,S2406038__S2406038,0,1,geometry
5794,S2512685__S2512685_0_,0,1,geometry
5795,S19-19367__S19-19367,1,1,geometry
5796,S2516970__S25-16970____155248,1,1,geometry
5797,S2227604__S22-27604-_-BIOPSY,1,0,geometry
5798,S2511009__S25-11009_0_BP1A2021_052542,0,0,geometry
5799,S2344462__S23-44462-_-BIOPSY,0,1,geometry
5800,S2227608__S22-27608-_-SERIAL_1,1,1,geometry
5801,S2423618__S24-23618-_-RECUT_2,0,1,geometry
5802,S2434918__S24-34918-_-BIOPSY,1,1,geometry
5803,S2424255__S2424255,0,1,geometry
5804,S2515598__S25-15598_0__144202,0,1,geometry
5805,S2511010__S25-11010_0_BP1A2021_052642,1,0,geometry
5806,S2511009__S25-11009_0_BP1A2021_052542,0,1,geometry
5807,S2039743__S20-39743-L-PLHE_1,1,1,geometry
5808,S2516971__S25-16971____140945,0,0,geometry
5809,S2229537__S22-29537-_-SERIAL_1,1,1,geometry
5810,S2511010__S25-11010_0_BP1A2021_052642,1,1,geometry
5811,S2511010__S25-11010_0_BP1A2021_052642,1,1,geometry
5812,S2533022__S2533022_0_BP1A2021,0,0,geometry
5813,S2409390__S2409390,0,1,geometry
5814,S2039743__S20-39743-P-PLHE_3,1,0,geometry
5815,S2216630__S2216630--DEEP_1,0,0,geometry
5816,S19-40063__S19-40063,0,1,geometry
5817,S2530985__S2530985_0_BP1A2021,0,1,geometry
5818,S20-26719__S20-26719,1,0,geometry
5819,S19-19367__S19-19367,1,1,geometry
5820,S2528218__S2528218_0_BP1A2021,0,0,geometry
5821,S2352429__S23-52429-_-RECUT_1,0,1,geometry
5822,S2511010__S25-11010_0_BP1A2021_052642,1,1,geometry
5823,S2434918__S24-34918-_-BIOPSY,1,1,geometry
5824,S2511010__S25-11010_0_BP1A2021_052642,1,1,geometry
5825,S20-26719__S20-26719,1,0,geometry
5826,S2352429__S23-52429-_-BIOPSY,0,1,geometry
5827,S2039743__S20-39743-L-PLHE_1,1,0,geometry
5828,S18-18746__S18-18746,1,0,geometry
5829,S2229537__S22-29537-_-SERIAL_1,1,1,geometry
5830,S2128633__S2128633--DEEP,1,1,geometry
5831,S2511008__S25-11008_0_BP1A2021_052339,1,1,geometry
5832,S2524777__S2524777_0_BP1A2021,0,0,geometry
5833,S2039743__S20-39743-P-PLHE_3,1,0,geometry
5834,S2521240__S2521240_0_BP1A2021,1,1,geometry
5835,S2530985__S2530985_0_BP1A2021,0,1,geometry
5836,S2512685__S2512685_0_,0,0,geometry
5837,S2401283__S24-01283-_-BIOPSY,0,0,geometry
5838,S2434918__S24-34918-_-BIOPSY,1,0,geometry
5839,S2227604__S22-27604-_-BIOPSY,1,1,geometry
5840,S2521240__S2521240_0_BP1A2021,1,0,geometry
5841,S2512685__S2512685_0_,0,1,geometry
5842,S2039743__S20-39743-C-PLHE_0,1,1,geometry
5843,S2227604__S22-27604-_-BIOPSY,1,0,geometry
5844,S2516971__S25-16971____140945,0,1,geometry
5845,S2522980__S2522980_0_BP1A2021,0,0,geometry
5846,S2128633__S2128633--DEEP,1,1,geometry
5847,S2525436__S2525436_0_BP1A2021,0,1,geometry
5848,S2227604__S22-27604-_-BIOPSY,1,1,geometry
5849,S2409390__S2409390,0,0,geometry
5850,S2227608__S22-27608-_-SERIAL_1,1,1,geometry
5851,S2406754__S24-06754-_-DEEP_2,0,0,geometry
5852,S20-26719__S20-26719,1,0,geometry
5853,S2229537__S22-29537-_-SERIAL_1,1,0,geometry
5854,S2229537__S22-29537-_-SERIAL_1,1,0,geometry
5855,S2524777__S2524777_0_BP1A2021,0,1,geometry
5856,S2511010__S25-11010_0_BP1A2021_052642,1,0,geometry
5857,S2530985__S2530985_0_BP1A2021,0,0,geometry
5858,S2511008__S25-11008_0_BP1A2021_052339,1,1,geometry
5859,S2039743__S20-39743-L-PLHE_1,1,0,geometry
5860,S2511010__S25-11010_0_BP1A2021_052642,1,1,geometry
5861,S2530063__S2530063_0_BP1A2021,0,1,geometry
5862,S2401283__S24-01283-_-BIOPSY,0,1,geometry
5863,S2424255__S2424255,0,0,geometry
5864,S2520404__S2520404_0_BP1A2021,0,0,geometry
5865,S2504719__S25-04719-_-DEEP_1,0,0,geometry
5866,S2516970__S25-16970____155248,1,0,geometry
5867,S2520404__S2520404_0_BP1A2021,0,1,geometry
5868,S2237601__S22-37601-_-,0,1,geometry
5869,S2521240__S2521240_0_BP1A2021,1,0,geometry
5870,S2424255__S2424255,0,1,geometry
5871,S2516970__S25-16970____155248,1,1,geometry
5872,S19-19367__S19-19367,1,0,geometry
5873,S2434918__S24-34918-_-BIOPSY,1,0,geometry
5874,S2533022__S2533022_0_BP1A2021,0,1,geometry
5875,S2511008__S25-11008_0_BP1A2021_052339,1,0,geometry
5876,S2436457__S2436457_BP1B11_C_15540_2,0,1,geometry
5877,S2521240__S2521240_0_BP1A2021,1,0,geometry
5878,S2530063__S2530063_0_BP1A2021,0,1,geometry
5879,S2528218__S2528218_0_BP1A2021,0,0,geometry
5880,S2039743__S20-39743-L-PLHE_1,1,1,geometry
5881,S2515598__S25-15598_0__144202,0,1,geometry
5882,S2516971__S25-16971____140945,0,1,geometry
5883,S2522980__S2522980_0_BP1A2021,0,0,geometry
5884,S2227604__S22-27604-_-BIOPSY,1,0,geometry
5885,S2511008__S25-11008_0_BP1A2021_052339,1,1,geometry
5886,S2515598__S25-15598_0__144202,0,0,geometry
5887,S2516970__S25-16970____155248,1,1,geometry
5888,S2227604__S22-27604-_-BIOPSY,1,0,geometry
5889,S2522980__S2522980_0_BP1A2021,0,0,geometry
5890,S18-18746__S18-18746,1,1,geometry
5891,S2227604__S22-27604-_-BIOPSY,1,1,geometry
5892,S2039743__S20-39743-P-PLHE_3,1,0,geometry
5893,S2516970__S25-16970____155248,1,1,geometry
5894,S2530981__S2530981_0_BP1A2021,0,0,geometry
5895,S2352429__S23-52429-_-RECUT_1,0,1,geometry
5896,S20-26719__S20-26719,1,0,geometry
5897,S2520404__S2520404_0_BP1A2021,0,0,geometry
5898,S2424250__S2424250,0,0,geometry
5899,S2229537__S22-29537-_-SERIAL_1,1,1,geometry
5900,S20-28924__S20-28924,0,1,geometry
5901,S2530063__S2530063_0_BP1A2021,0,0,geometry
5902,S2424250__S2424250,0,1,geometry
5903,S2401283__S24-01283-_-BIOPSY,0,1,geometry
5904,S2344462__S23-44462-_-BIOPSY,0,0,geometry
5905,S2039743__S20-39743-P-PLHE_3,1,1,geometry
5906,S2352429__S23-52429-_-BIOPSY,0,1,geometry
5907,S2039743__S20-39743-L-PLHE_1,1,0,geometry
5908,S2039743__S20-39743-L-PLHE_1,1,1,geometry
5909,S20-28924__S20-28924,0,0,geometry
5910,S2530063__S2530063_0_BP1A2021,0,0,geometry
5911,S18-18746__S18-18746,1,0,geometry
5912,S2531985__S2531985_0_BP1A2021,0,0,geometry
5913,S2520402__S2520402_0_BP1A2021,0,0,geometry
5914,S2424250__S2424250,0,1,geometry
5915,S2128633__S2128633--DEEP,1,1,geometry
5916,S2235518__S22-35518-_-BIOPSY,0,0,geometry
5917,S2406754__S24-06754-_-SERIAL_1,0,1,geometry
5918,S20-26719__S20-26719,1,0,geometry
5919,S2352429__S23-52429-_-RECUT_1,0,0,geometry
5920,S2516970__S25-16970____155248,1,0,geometry
5921,S17-42935__S17-42935,1,1,geometry
5922,S2524777__S2524777_0_BP1A2021,0,0,geometry
5923,S2039743__S20-39743-L-PLHE_1,1,0,geometry
5924,S2227608__S22-27608-_-SERIAL_2,1,1,geometry
5925,S2533022__S2533022_0_BP1A2021,0,0,geometry
5926,S2436457__S2436457_BP1B11_C_15540_2,0,1,geometry
5927,S2525436__S2525436_0_BP1A2021,0,0,geometry
5928,S2406038__S2406038,0,0,geometry
5929,S2530981__S2530981_0_BP1A2021,0,0,geometry
5930,S2227604__S22-27604-_-BIOPSY,1,1,geometry
5931,S17-42935__S17-42935,1,0,geometry
5932,S2513847__S25-13847_0_BP1A2021_131603,0,1,geometry
5933,S2531985__S2531985_0_BP1A2021,0,1,geometry
5934,S2511008__S25-11008_0_BP1A2021_052339,1,1,geometry
5935,S2434918__S24-34918-_-BIOPSY,1,1,geometry
5936,S2504719__S25-04719-_-DEEP_1,0,0,geometry
5937,S2227608__S22-27608-_-SERIAL_2,1,1,geometry
5938,S2227608__S22-27608-_-SERIAL_1,1,0,geometry
5939,S17-42935__S17-42935,1,1,geometry
5940,S2216630__S2216630--DEEP_1,0,0,geometry
5941,S2530063__S2530063_0_BP1A2021,0,0,geometry
5942,S2227608__S22-27608-_-SERIAL_2,1,1,geometry
5943,S2515598__S25-15598_0__144202,0,1,geometry
5944,S2128633__S2128633--DEEP,1,1,geometry
5945,S2406038__S2406038,0,0,geometry
5946,S2511009__S25-11009_0_BP1A2021_052542,0,1,geometry
5947,S2039743__S20-39743-C-PLHE_0,1,0,geometry
5948,S2521240__S2521240_0_BP1A2021,1,1,geometry
5949,S2227608__S22-27608-_-SERIAL_2,1,1,geometry
5950,S2229537__S22-29537-_-SERIAL_1,1,0,geometry
5951,S18-18746__S18-18746,1,0,geometry
5952,S2039743__S20-39743-L-PLHE_1,1,1,geometry
5953,S2409390__S2409390,0,0,geometry
5954,S2530985__S2530985_0_BP1A2021,0,0,geometry
5955,S2521240__S2521240_0_BP1A2021,1,0,geometry
5956,S2516970__S25-16970____155248,1,1,geometry
5957,S2434918__S24-34918-_-BIOPSY,1,0,geometry
5958,S2511007__S25-11007_0_BP1A2021_052433,0,1,geometry
5959,S2524777__S2524777_0_BP1A2021,0,1,geometry
5960,S2530063__S2530063_0_BP1A2021,0,1,geometry
5961,S2515598__S25-15598_0__144202,0,1,geometry
5962,S2436457__S2436457_BP1B11_C_15540_2,0,1,geometry
5963,S2531985__S2531985_0_BP1A2021,0,0,geometry
5964,S2513847__S25-13847_0_BP1A2021_131603,0,0,geometry
5965,S2511009__S25-11009_0_BP1A2021_052542,0,1,geometry
5966,S2039743__S20-39743-P-PLHE_3,1,0,geometry
5967,S2326329__S23-26329-_-BIOPSY,0,1,geometry
5968,S2512685__S2512685_0_,0,1,geometry
5969,S2511010__S25-11010_0_BP1A2021_052642,1,1,geometry
5970,S2227608__S22-27608-_-SERIAL_1,1,0,geometry
5971,S2352429__S23-52429-_-RECUT_1,0,0,geometry
5972,S2511007__S25-11007_0_BP1A2021_052433,0,1,geometry
5973,S2521240__S2521240_0_BP1A2021,1,0,geometry
5974,S2522980__S2522980_0_BP1A2021,0,0,geometry
5975,S20-28924__S20-28924,0,0,geometry
5976,S2227604__S22-27604-_-BIOPSY,1,0,geometry
5977,S2039743__S20-39743-C-PLHE_0,1,1,geometry
5978,S2039743__S20-39743-P-PLHE_3,1,1,geometry
5979,S2511010__S25-11010_0_BP1A2021_052642,1,0,geometry
5980,S2039743__S20-39743-C-PLHE_0,1,0,geometry
5981,S2531985__S2531985_0_BP1A2021,0,1,geometry
5982,S2511010__S25-11010_0_BP1A2021_052642,1,1,geometry
5983,S2436457__S2436457_BP1B11_C_15540_2,0,0,geometry
5984,S2525436__S2525436_0_BP1A2021,0,1,geometry
5985,S2423618__S24-23618-_-RECUT_2,0,1,geometry
5986,S2229537__S22-29537-_-SERIAL_1,1,0,geometry
5987,S2436457__S2436457_BP1B11_C_15540_2,0,0,geometry
5988,S2227608__S22-27608-_-SERIAL_1,1,0,geometry
5989,S2512685__S2512685_0_,0,1,geometry
5990,S2229537__S22-29537-_-SERIAL_1,1,0,geometry
5991,S2039743__S20-39743-P-PLHE_3,1,0,geometry
5992,S2434918__S24-34918-_-BIOPSY,1,0,geometry
5993,S2039743__S20-39743-C-PLHE_0,1,0,geometry
5994,S18-18746__S18-18746,1,1,geometry
5995,S2229537__S22-29537-_-SERIAL_1,1,0,geometry
5996,S20-26719__S20-26719,1,1,geometry
5997,S17-42935__S17-42935,1,1,geometry
5998,S2515598__S25-15598_0__144202,0,1,geometry
5999,S2516970__S25-16970____155248,1,0,geometry
6000,S2227608__S22-27608-_-SERIAL_1,1,1,geometry
6001,S17-42935__S17-42935,1,0,geometry
6002,S2227608__S22-27608-_-SERIAL_2,1,1,geometry
6003,S2511010__S25-11010_0_BP1A2021_052642,1,0,geometry
6004,S2352429__S23-52429-_-BIOPSY,0,1,geometry
6005,S2227608__S22-27608-_-SERIAL_2,1,1,geometry
6006,S2434918__S24-34918-_-BIOPSY,1,1,geometry
6007,S2424255__S2424255,0,0,geometry
6008,S2533022__S2533022_0_BP1A2021,0,1,geometry
6009,S2344462__S23-44462-_-BIOPSY,0,1,geometry
6010,S2229537__S22-29537-_-SERIAL_1,1,1,geometry
6011,S2227608__S22-27608-_-SERIAL_2,1,1,geometry
6012,S2406038__S2406038,0,0,geometry
6013,S2128633__S2128633--DEEP,1,1,geometry
6014,S2409390__S2409390,0,0,geometry
6015,S2516971__S25-16971____140945,0,0,geometry
6016,S2516970__S25-16970____155248,1,1,geometry
6017,S2528218__S2528218_0_BP1A2021,0,0,geometry
6018,S2516971__S25-16971____140945,0,0,geometry
6019,S20-26719__S20-26719,1,1,geometry
6020,S2434918__S24-34918-_-BIOPSY,1,1,geometry
6021,S2511010__S25-11010_0_BP1A2021_052642,1,1,geometry
6022,S2511008__S25-11008_0_BP1A2021_052339,1,0,geometry
6023,S2039743__S20-39743-L-PLHE_1,1,1,geometry
6024,S2530981__S2530981_0_BP1A2021,0,0,geometry
6025,S2533022__S2533022_0_BP1A2021,0,1,geometry
6026,S2520402__S2520402_0_BP1A2021,0,0,geometry
6027,S2227608__S22-27608-_-SERIAL_2,1,1,geometry
6028,S2227608__S22-27608-_-SERIAL_2,1,0,geometry
6029,S2522980__S2522980_0_BP1A2021,0,1,geometry
6030,S2511859__S25-11859_0_BP1A2021_150616,0,0,geometry
6031,S2423618__S24-23618-_-RECUT_2,0,1,geometry
6032,S2511010__S25-11010_0_BP1A2021_052642,1,1,geometry
6033,S2039743__S20-39743-C-PLHE_0,1,0,geometry
6034,S19-19367__S19-19367,1,1,geometry
6035,S2227608__S22-27608-_-SERIAL_2,1,0,geometry
6036,S2511009__S25-11009_0_BP1A2021_052542,0,0,geometry
6037,S17-42935__S17-42935,1,1,geometry
6038,S2516970__S25-16970____155248,1,1,geometry
6039,S2039743__S20-39743-C-PLHE_0,1,1,geometry
6040,S2531985__S2531985_0_BP1A2021,0,0,geometry
6041,S17-42935__S17-42935,1,1,geometry
6042,S2352429__S23-52429-_-BIOPSY,0,1,geometry
6043,S17-42935__S17-42935,1,0,geometry
6044,S17-42935__S17-42935,1,0,geometry
6045,S2128633__S2128633--DEEP,1,0,geometry
6046,S17-42935__S17-42935,1,0,geometry
6047,S2521240__S2521240_0_BP1A2021,1,1,geometry
6048,S2530063__S2530063_0_BP1A2021,0,0,geometry
6049,S2512685__S2512685_0_,0,1,geometry
6050,S2352429__S23-52429-_-RECUT_1,0,0,geometry
6051,S2521240__S2521240_0_BP1A2021,1,0,geometry
6052,S2406754__S24-06754-_-DEEP_2,0,0,geometry
6053,S2511007__S25-11007_0_BP1A2021_052433,0,0,geometry
6054,S2525436__S2525436_0_BP1A2021,0,1,geometry
6055,S2516970__S25-16970____155248,1,1,geometry
6056,S2423618__S24-23618-_-RECUT_2,0,1,geometry
6057,S2039743__S20-39743-C-PLHE_0,1,1,geometry
6058,S2533022__S2533022_0_BP1A2021,0,1,geometry
6059,S2521240__S2521240_0_BP1A2021,1,0,geometry
6060,S2423618__S24-23618-_-RECUT_2,0,1,geometry
6061,S2528218__S2528218_0_BP1A2021,0,1,geometry
6062,S2237603__S22-37603-_-_1,0,0,geometry
6063,S2409390__S2409390,0,0,geometry
6064,S2516971__S25-16971____155423,0,0,geometry
6065,S2039743__S20-39743-P-PLHE_3,1,1,geometry
6066,S2511009__S25-11009_0_BP1A2021_052542,0,1,geometry
6067,S2516970__S25-16970____155248,1,1,geometry
6068,S2227608__S22-27608-_-SERIAL_2,1,0,geometry
6069,S2237603__S22-37603-_-_1,0,0,geometry
6070,S2039743__S20-39743-L-PLHE_1,1,1,geometry
6071,S2423618__S24-23618-_-RECUT_2,0,1,geometry
6072,S17-42935__S17-42935,1,0,geometry
6073,S2530063__S2530063_0_BP1A2021,0,0,geometry
6074,S20-28924__S20-28924,0,0,geometry
6075,S2039743__S20-39743-L-PLHE_1,1,0,geometry
6076,S2227604__S22-27604-_-BIOPSY,1,0,geometry
6077,S2512685__S2512685_0_,0,1,geometry
6078,S2039743__S20-39743-C-PLHE_0,1,1,geometry
6079,S2039743__S20-39743-P-PLHE_3,1,0,geometry
6080,S2511010__S25-11010_0_BP1A2021_052642,1,0,geometry
6081,S20-26719__S20-26719,1,0,geometry
6082,S17-42935__S17-42935,1,1,geometry
6083,S2039743__S20-39743-C-PLHE_0,1,0,geometry
6084,S2516970__S25-16970____155248,1,1,geometry
6085,S2511010__S25-11010_0_BP1A2021_052642,1,0,geometry
6086,S2227608__S22-27608-_-SERIAL_1,1,0,geometry
6087,S2530985__S2530985_0_BP1A2021,0,1,geometry
6088,S20-26719__S20-26719,1,1,geometry
6089,S2344462__S23-44462-_-BIOPSY,0,1,geometry
6090,S2237603__S22-37603-_-_1,0,1,geometry
6091,S2227608__S22-27608-_-SERIAL_1,1,0,geometry
6092,S2227608__S22-27608-_-SERIAL_1,1,0,geometry
6093,S2326329__S23-26329-_-BIOPSY,0,0,geometry
6094,S2227608__S22-27608-_-SERIAL_1,1,1,geometry
6095,S2352429__S23-52429-_-RECUT_1,0,1,geometry
6096,S2511008__S25-11008_0_BP1A2021_052339,1,0,geometry
6097,S2039743__S20-39743-C-PLHE_0,1,1,geometry
6098,S2352429__S23-52429-_-BIOPSY,0,1,geometry
6099,S19-19367__S19-19367,1,1,geometry
6100,S19-40063__S19-40063,0,1,geometry
6101,S2227608__S22-27608-_-SERIAL_1,1,0,geometry
6102,S2511010__S25-11010_0_BP1A2021_052642,1,0,geometry
6103,S17-42935__S17-42935,1,1,geometry
6104,S2511859__S25-11859_0_BP1A2021_150616,0,0,geometry
6105,S2128633__S2128633--DEEP,1,1,geometry
6106,S17-42935__S17-42935,1,0,geometry
6107,S2237603__S22-37603-_-_1,0,1,geometry
6108,S2533022__S2533022_0_BP1A2021,0,0,geometry
6109,S2525436__S2525436_0_BP1A2021,0,1,geometry
6110,S2522980__S2522980_0_BP1A2021,0,1,geometry
6111,S2227608__S22-27608-_-SERIAL_2,1,1,geometry
6112,S2039743__S20-39743-P-PLHE_3,1,0,geometry
6113,S17-42935__S17-42935,1,0,geometry
6114,S2227608__S22-27608-_-SERIAL_1,1,1,geometry
6115,S2521240__S2521240_0_BP1A2021,1,0,geometry
6116,S2227608__S22-27608-_-SERIAL_2,1,0,geometry
6117,S2039743__S20-39743-C-PLHE_0,1,0,geometry
6118,S2229537__S22-29537-_-SERIAL_1,1,1,geometry
6119,S2511010__S25-11010_0_BP1A2021_052642,1,1,geometry
6120,S2039743__S20-39743-P-PLHE_3,1,1,geometry
6121,S2533022__S2533022_0_BP1A2021,0,1,geometry
6122,S2524777__S2524777_0_BP1A2021,0,0,geometry
6123,S2511007__S25-11007_0_BP1A2021_052433,0,1,geometry
6124,S2227608__S22-27608-_-SERIAL_1,1,0,geometry
6125,S2434918__S24-34918-_-BIOPSY,1,1,geometry
6126,S2436457__S2436457_BP1B11_C_15540_2,0,1,geometry
6127,S2039743__S20-39743-L-PLHE_1,1,0,geometry
6128,S2401283__S24-01283-_-BIOPSY,0,1,geometry
6129,S19-19367__S19-19367,1,1,geometry
6130,S2511010__S25-11010_0_BP1A2021_052642,1,0,geometry
6131,S2424250__S2424250,0,1,geometry
6132,S2434918__S24-34918-_-BIOPSY,1,0,geometry
6133,S20-28924__S20-28924,0,0,geometry
6134,S17-42935__S17-42935,1,1,geometry
6135,S17-42935__S17-42935,1,0,geometry
6136,S2227608__S22-27608-_-SERIAL_1,1,1,geometry
6137,S2530063__S2530063_0_BP1A2021,0,1,geometry
6138,S2530981__S2530981_0_BP1A2021,0,0,geometry
6139,S2530985__S2530985_0_BP1A2021,0,1,geometry
6140,S20-26719__S20-26719,1,1,geometry
6141,S2039743__S20-39743-P-PLHE_3,1,1,geometry
6142,S2227604__S22-27604-_-BIOPSY,1,0,geometry
6143,S2039743__S20-39743-C-PLHE_0,1,1,geometry
6144,S2216630__S2216630--DEEP_1,0,0,geometry
6145,S2227608__S22-27608-_-SERIAL_1,1,1,geometry
6146,S2423618__S24-23618-_-RECUT_2,0,1,geometry
6147,S20-28924__S20-28924,0,0,geometry
6148,S2424255__S2424255,0,0,geometry
6149,S2237601__S22-37601-_-,0,0,geometry
6150,S2352429__S23-52429-_-RECUT_1,0,1,geometry
6151,S2409390__S2409390,0,1,geometry
6152,S2434918__S24-34918-_-BIOPSY,1,0,geometry
6153,S18-18746__S18-18746,1,0,geometry
6154,S2524777__S2524777_0_BP1A2021,0,0,geometry
6155,S2229537__S22-29537-_-SERIAL_1,1,1,geometry
6156,S2128633__S2128633--DEEP,1,1,geometry
6157,S2530981__S2530981_0_BP1A2021,0,1,geometry
6158,S2227608__S22-27608-_-SERIAL_2,1,1,geometry
6159,S2531985__S2531985_0_BP1A2021,0,0,geometry
6160,S2039743__S20-39743-P-PLHE_3,1,1,geometry
6161,S17-42935__S17-42935,1,0,geometry
6162,S17-42935__S17-42935,1,1,geometry
6163,S2128633__S2128633--DEEP,1,1,geometry
6164,S2511007__S25-11007_0_BP1A2021_052433,0,0,geometry
6165,S2511007__S25-11007_0_BP1A2021_052433,0,0,geometry
6166,S18-18746__S18-18746,1,0,geometry
6167,S2511859__S25-11859_0_BP1A2021_150616,0,0,geometry
6168,S2424255__S2424255,0,1,geometry
6169,S2039743__S20-39743-P-PLHE_3,1,0,geometry
6170,S2531985__S2531985_0_BP1A2021,0,0,geometry
6171,S18-18746__S18-18746,1,1,geometry
6172,S2511007__S25-11007_0_BP1A2021_052433,0,1,geometry
6173,S2516970__S25-16970____155248,1,1,geometry
6174,S2516971__S25-16971____140945,0,1,geometry
6175,S2524777__S2524777_0_BP1A2021,0,0,geometry
6176,S2511010__S25-11010_0_BP1A2021_052642,1,0,geometry
6177,S2513847__S25-13847_0_BP1A2021_131603,0,0,geometry
6178,S2406038__S2406038,0,0,geometry
6179,S20-26719__S20-26719,1,1,geometry
6180,S2227604__S22-27604-_-BIOPSY,1,1,geometry
6181,S2520402__S2520402_0_BP1A2021,0,0,geometry
6182,S2424255__S2424255,0,1,geometry
6183,S2235518__S22-35518-_-BIOPSY,0,0,geometry
6184,S2227604__S22-27604-_-BIOPSY,1,1,geometry
6185,S20-26719__S20-26719,1,1,geometry
6186,S2511008__S25-11008_0_BP1A2021_052339,1,0,geometry
6187,S2235518__S22-35518-_-BIOPSY,0,1,geometry
6188,S2039743__S20-39743-C-PLHE_0,1,1,geometry
6189,S2424255__S2424255,0,1,geometry
6190,S2520404__S2520404_0_BP1A2021,0,0,geometry
6191,S2434918__S24-34918-_-BIOPSY,1,1,geometry
6192,S2513847__S25-13847_0_BP1A2021_131603,0,0,geometry
6193,S2434918__S24-34918-_-BIOPSY,1,1,geometry
6194,S2352429__S23-52429-_-RECUT_1,0,1,geometry
6195,S2229537__S22-29537-_-SERIAL_1,1,0,geometry
6196,S2424255__S2424255,0,1,geometry
6197,S2227608__S22-27608-_-SERIAL_2,1,1,geometry
6198,S2039743__S20-39743-L-PLHE_1,1,1,geometry
6199,S2229537__S22-29537-_-SERIAL_1,1,1,geometry
6200,S2530063__S2530063_0_BP1A2021,0,0,geometry
6201,S2511859__S25-11859_0_BP1A2021_150616,0,1,geometry
6202,S2511010__S25-11010_0_BP1A2021_052642,1,0,geometry
6203,S2504719__S25-04719-_-DEEP_1,0,1,geometry
6204,S2504719__S25-04719-_-DEEP_1,0,0,geometry
6205,S2039743__S20-39743-C-PLHE_0,1,0,geometry
6206,S2401283__S24-01283-_-BIOPSY,0,1,geometry
6207,S2424255__S2424255,0,1,geometry
6208,S2516971__S25-16971____155423,0,1,geometry
6209,S2424255__S2424255,0,1,geometry
6210,S2512685__S2512685_0_,0,1,geometry
6211,S2511010__S25-11010_0_BP1A2021_052642,1,0,geometry
6212,S2434918__S24-34918-_-BIOPSY,1,1,geometry
6213,S2406754__S24-06754-_-DEEP_2,0,1,geometry
6214,S2511008__S25-11008_0_BP1A2021_052339,1,0,geometry
6215,S2406038__S2406038,0,0,geometry
6216,S2128633__S2128633--DEEP,1,0,geometry
6217,S2511008__S25-11008_0_BP1A2021_052339,1,1,geometry
6218,S2525436__S2525436_0_BP1A2021,0,1,geometry
6219,S2511009__S25-11009_0_BP1A2021_052542,0,1,geometry
6220,S2352429__S23-52429-_-BIOPSY,0,0,geometry
6221,S2401283__S24-01283-_-BIOPSY,0,1,geometry
6222,S2229537__S22-29537-_-SERIAL_1,1,1,geometry
6223,S2039743__S20-39743-P-PLHE_3,1,0,geometry
6224,S2521240__S2521240_0_BP1A2021,1,1,geometry
6225,S2128633__S2128633--DEEP,1,0,geometry
6226,S2424250__S2424250,0,0,geometry
6227,S2434918__S24-34918-_-BIOPSY,1,1,geometry
6228,S20-26719__S20-26719,1,0,geometry
6229,S2401283__S24-01283-_-BIOPSY,0,0,geometry
6230,S2524777__S2524777_0_BP1A2021,0,0,geometry
6231,S2227608__S22-27608-_-SERIAL_1,1,0,geometry
6232,S2511859__S25-11859_0_BP1A2021_150616,0,0,geometry
6233,S2511008__S25-11008_0_BP1A2021_052339,1,0,geometry
6234,S2528218__S2528218_0_BP1A2021,0,0,geometry
6235,S2511010__S25-11010_0_BP1A2021_052642,1,1,geometry
6236,S19-19367__S19-19367,1,1,geometry
6237,S2406038__S2406038,0,0,geometry
6238,S2522980__S2522980_0_BP1A2021,0,1,geometry
6239,S2525436__S2525436_0_BP1A2021,0,1,geometry
6240,S2531985__S2531985_0_BP1A2021,0,1,geometry
6241,S2528218__S2528218_0_BP1A2021,0,1,geometry
6242,S2401283__S24-01283-_-BIOPSY,0,1,geometry
6243,S2128633__S2128633--DEEP,1,1,geometry
6244,S2039743__S20-39743-L-PLHE_1,1,1,geometry
6245,S20-26719__S20-26719,1,1,geometry
6246,S2434918__S24-34918-_-BIOPSY,1,1,geometry
6247,S2406754__S24-06754-_-SERIAL_1,0,0,geometry
6248,S2039743__S20-39743-P-PLHE_3,1,0,geometry
6249,S2227608__S22-27608-_-SERIAL_2,1,0,geometry
6250,S2227608__S22-27608-_-SERIAL_2,1,0,geometry
6251,S2128633__S2128633--DEEP,1,0,geometry
6252,S2227608__S22-27608-_-SERIAL_2,1,0,geometry
6253,S2520402__S2520402_0_BP1A2021,0,0,geometry
6254,S2513847__S25-13847_0_BP1A2021_131603,0,1,geometry
6255,S2511010__S25-11010_0_BP1A2021_052642,1,0,geometry
6256,S2406038__S2406038,0,1,geometry
6257,S2128633__S2128633--DEEP,1,0,geometry
6258,S2039743__S20-39743-C-PLHE_0,1,1,geometry
6259,S2237603__S22-37603-_-_1,0,0,geometry
6260,S2128633__S2128633--DEEP,1,1,geometry
6261,S2531985__S2531985_0_BP1A2021,0,0,geometry
6262,S2516970__S25-16970____155248,1,1,geometry
6263,S2424250__S2424250,0,1,geometry
6264,S2227608__S22-27608-_-SERIAL_1,1,0,geometry
6265,S2530981__S2530981_0_BP1A2021,0,1,geometry
6266,S2516971__S25-16971____155423,0,0,geometry
6267,S2531985__S2531985_0_BP1A2021,0,1,geometry
6268,S2235518__S22-35518-_-BIOPSY,0,1,geometry
6269,S2511008__S25-11008_0_BP1A2021_052339,1,0,geometry
6270,S2530985__S2530985_0_BP1A2021,0,0,geometry
6271,S20-26719__S20-26719,1,1,geometry
6272,S17-42935__S17-42935,1,0,geometry
6273,S2352429__S23-52429-_-RECUT_1,0,0,geometry
6274,S18-18746__S18-18746,1,1,geometry
6275,S2520402__S2520402_0_BP1A2021,0,0,geometry
6276,S2516970__S25-16970____155248,1,1,geometry
6277,S20-28924__S20-28924,0,0,geometry
6278,S2229537__S22-29537-_-SERIAL_1,1,0,geometry
6279,S2511009__S25-11009_0_BP1A2021_052542,0,1,geometry
6280,S2504719__S25-04719-_-DEEP_1,0,1,geometry
6281,S2424250__S2424250,0,1,geometry
6282,S2229537__S22-29537-_-SERIAL_1,1,0,geometry
6283,S2227608__S22-27608-_-SERIAL_2,1,0,geometry
6284,S2520404__S2520404_0_BP1A2021,0,0,geometry
6285,S20-28924__S20-28924,0,1,geometry
6286,S2237603__S22-37603-_-_1,0,0,geometry
6287,S20-28924__S20-28924,0,1,geometry
6288,S2229537__S22-29537-_-SERIAL_1,1,1,geometry
6289,S2227608__S22-27608-_-SERIAL_2,1,0,geometry
6290,S2216630__S2216630--DEEP_1,0,1,geometry
6291,S2352429__S23-52429-_-RECUT_1,0,0,geometry
6292,S2516970__S25-16970____155248,1,0,geometry
6293,S2128633__S2128633--DEEP,1,1,geometry
6294,S2039743__S20-39743-L-PLHE_1,1,1,geometry
6295,S2237603__S22-37603-_-_1,0,1,geometry
6296,S2521240__S2521240_0_BP1A2021,1,0,geometry
6297,S2326329__S23-26329-_-BIOPSY,0,1,geometry
6298,S2229537__S22-29537-_-SERIAL_1,1,0,geometry
6299,S2511010__S25-11010_0_BP1A2021_052642,1,0,geometry
6300,S2504719__S25-04719-_-DEEP_1,0,1,geometry
6301,S2504719__S25-04719-_-DEEP_1,0,1,geometry
6302,S2525436__S2525436_0_BP1A2021,0,1,geometry
6303,S2516970__S25-16970____155248,1,0,geometry
6304,S2423618__S24-23618-_-RECUT_2,0,1,geometry
6305,S2227604__S22-27604-_-BIOPSY,1,0,geometry
6306,S2344462__S23-44462-_-BIOPSY,0,0,geometry
6307,S2516970__S25-16970____155248,1,1,geometry
6308,S2434918__S24-34918-_-BIOPSY,1,1,geometry
6309,S2352429__S23-52429-_-RECUT_1,0,0,geometry
6310,S2227608__S22-27608-_-SERIAL_2,1,1,geometry
6311,S2039743__S20-39743-C-PLHE_0,1,1,geometry
6312,S2516970__S25-16970____155248,1,1,geometry
6313,S2216630__S2216630--DEEP_1,0,1,geometry
6314,S2528218__S2528218_0_BP1A2021,0,0,geometry
6315,S2530985__S2530985_0_BP1A2021,0,0,geometry
6316,S2511009__S25-11009_0_BP1A2021_052542,0,0,geometry
6317,S17-42935__S17-42935,1,1,geometry
6318,S19-40063__S19-40063,0,1,geometry
6319,S2039743__S20-39743-P-PLHE_3,1,0,geometry
6320,S20-26719__S20-26719,1,0,geometry
6321,S2039743__S20-39743-P-PLHE_3,1,0,geometry
6322,S2039743__S20-39743-C-PLHE_0,1,1,geometry
6323,S20-26719__S20-26719,1,0,geometry
6324,S2522980__S2522980_0_BP1A2021,0,1,geometry
6325,S2229537__S22-29537-_-SERIAL_1,1,1,geometry
6326,S2227608__S22-27608-_-SERIAL_1,1,0,geometry
6327,S2504719__S25-04719-_-DEEP_1,0,1,geometry
6328,S2227604__S22-27604-_-BIOPSY,1,0,geometry
6329,S2227608__S22-27608-_-SERIAL_1,1,1,geometry
6330,S18-18746__S18-18746,1,0,geometry
6331,S2424255__S2424255,0,0,geometry
6332,S2235518__S22-35518-_-BIOPSY,0,1,geometry
6333,S2533022__S2533022_0_BP1A2021,0,0,geometry
6334,S2516971__S25-16971____155423,0,1,geometry
6335,S17-42935__S17-42935,1,1,geometry
6336,S2516971__S25-16971____140945,0,0,geometry
6337,S2434918__S24-34918-_-BIOPSY,1,0,geometry
6338,S19-19367__S19-19367,1,1,geometry
6339,S2039743__S20-39743-L-PLHE_1,1,1,geometry
6340,S2511009__S25-11009_0_BP1A2021_052542,0,0,geometry
6341,S2227604__S22-27604-_-BIOPSY,1,0,geometry
6342,S2434918__S24-34918-_-BIOPSY,1,0,geometry
6343,S2511008__S25-11008_0_BP1A2021_052339,1,1,geometry
6344,S2039743__S20-39743-P-PLHE_3,1,1,geometry
6345,S2039743__S20-39743-L-PLHE_1,1,1,geometry
6346,S2128633__S2128633--DEEP,1,1,geometry
6347,S2511010__S25-11010_0_BP1A2021_052642,1,1,geometry
6348,S18-18746__S18-18746,1,1,geometry
6349,S2039743__S20-39743-L-PLHE_1,1,0,geometry
6350,S2352429__S23-52429-_-BIOPSY,0,1,geometry
6351,S2039743__S20-39743-C-PLHE_0,1,0,geometry
6352,S2522980__S2522980_0_BP1A2021,0,0,geometry
6353,S2235518__S22-35518-_-BIOPSY,0,0,geometry
6354,S18-18746__S18-18746,1,1,geometry
6355,S17-42935__S17-42935,1,1,geometry
6356,S20-26719__S20-26719,1,1,geometry
6357,S17-42935__S17-42935,1,0,geometry
6358,S19-19367__S19-19367,1,1,geometry
6359,S2039743__S20-39743-L-PLHE_1,1,0,geometry
6360,S19-40063__S19-40063,0,0,geometry
6361,S2434918__S24-34918-_-BIOPSY,1,0,geometry
6362,S19-19367__S19-19367,1,0,geometry
6363,S20-26719__S20-26719,1,1,geometry
6364,S2511007__S25-11007_0_BP1A2021_052433,0,1,geometry
6365,S18-18746__S18-18746,1,0,geometry
6366,S2530981__S2530981_0_BP1A2021,0,0,geometry
6367,S2516971__S25-16971____155423,0,1,geometry
6368,S2128633__S2128633--DEEP,1,1,geometry
6369,S20-26719__S20-26719,1,0,geometry
6370,S2521240__S2521240_0_BP1A2021,1,1,geometry
6371,S2521240__S2521240_0_BP1A2021,1,1,geometry
6372,S2423618__S24-23618-_-RECUT_2,0,1,geometry
6373,S2516970__S25-16970____155248,1,1,geometry
6374,S2128633__S2128633--DEEP,1,0,geometry
6375,S2352429__S23-52429-_-BIOPSY,0,1,geometry
6376,S2436457__S2436457_BP1B11_C_15540_2,0,1,geometry
6377,S2533022__S2533022_0_BP1A2021,0,0,geometry
6378,S2039743__S20-39743-P-PLHE_3,1,1,geometry
6379,S20-26719__S20-26719,1,0,geometry
6380,S2039743__S20-39743-P-PLHE_3,1,1,geometry
6381,S2511007__S25-11007_0_BP1A2021_052433,0,1,geometry
6382,S2511010__S25-11010_0_BP1A2021_052642,1,0,geometry
6383,S2424250__S2424250,0,0,geometry
6384,S2229537__S22-29537-_-SERIAL_1,1,1,geometry
6385,S2344462__S23-44462-_-BIOPSY,0,0,geometry
6386,S2227604__S22-27604-_-BIOPSY,1,1,geometry
6387,S2511008__S25-11008_0_BP1A2021_052339,1,0,geometry
6388,S2513847__S25-13847_0_BP1A2021_131603,0,1,geometry
6389,S2531985__S2531985_0_BP1A2021,0,0,geometry
6390,S2423618__S24-23618-_-RECUT_2,0,0,geometry
6391,S2516970__S25-16970____155248,1,0,geometry
6392,S2511859__S25-11859_0_BP1A2021_150616,0,0,geometry
6393,S2039743__S20-39743-P-PLHE_3,1,1,geometry
6394,S2227608__S22-27608-_-SERIAL_1,1,1,geometry
6395,S2128633__S2128633--DEEP,1,0,geometry
6396,S2406038__S2406038,0,1,geometry
6397,S2515598__S25-15598_0__144202,0,0,geometry
6398,S2516971__S25-16971____155423,0,0,geometry
6399,S2227604__S22-27604-_-BIOPSY,1,1,geometry
6400,S2237601__S22-37601-_-,0,0,geometry
6401,S2409390__S2409390,0,0,geometry
6402,S2512685__S2512685_0_,0,0,geometry
6403,S17-42935__S17-42935,1,0,geometry
6404,S20-26719__S20-26719,1,0,geometry
6405,S2227608__S22-27608-_-SERIAL_2,1,0,geometry
6406,S17-42935__S17-42935,1,0,geometry
6407,S2511007__S25-11007_0_BP1A2021_052433,0,1,geometry
6408,S2515598__S25-15598_0__144202,0,1,geometry
6409,S2227604__S22-27604-_-BIOPSY,1,1,geometry
6410,S2511008__S25-11008_0_BP1A2021_052339,1,1,geometry
6411,S2512685__S2512685_0_,0,0,geometry
6412,S2039743__S20-39743-P-PLHE_3,1,0,geometry
6413,S2512685__S2512685_0_,0,0,geometry
6414,S2513847__S25-13847_0_BP1A2021_131603,0,0,geometry
6415,S2528218__S2528218_0_BP1A2021,0,0,geometry
6416,S2521240__S2521240_0_BP1A2021,1,0,geometry
6417,S2229537__S22-29537-_-SERIAL_1,1,1,geometry
6418,S2434918__S24-34918-_-BIOPSY,1,0,geometry
6419,S2406038__S2406038,0,0,geometry
6420,S2237603__S22-37603-_-_1,0,0,geometry
6421,S2520404__S2520404_0_BP1A2021,0,0,geometry
6422,S2511008__S25-11008_0_BP1A2021_052339,1,1,geometry
6423,S2436457__S2436457_BP1B11_C_15540_2,0,0,geometry
6424,S2216630__S2216630--DEEP_1,0,1,geometry
6425,S2424255__S2424255,0,1,geometry
6426,S2520402__S2520402_0_BP1A2021,0,1,geometry
6427,S2039743__S20-39743-L-PLHE_1,1,1,geometry
6428,S2531985__S2531985_0_BP1A2021,0,0,geometry
6429,S2406754__S24-06754-_-SERIAL_1,0,0,geometry
6430,S2216630__S2216630--DEEP_1,0,0,geometry
6431,S18-18746__S18-18746,1,1,geometry
6432,S2227608__S22-27608-_-SERIAL_1,1,1,geometry
6433,S20-26719__S20-26719,1,1,geometry
6434,S17-42935__S17-42935,1,0,geometry
6435,S2504719__S25-04719-_-DEEP_1,0,0,geometry
6436,S2511859__S25-11859_0_BP1A2021_150616,0,1,geometry
6437,S2039743__S20-39743-C-PLHE_0,1,1,geometry
6438,S18-18746__S18-18746,1,0,geometry
6439,S2344462__S23-44462-_-BIOPSY,0,0,geometry
6440,S2227604__S22-27604-_-BIOPSY,1,0,geometry
6441,S2406038__S2406038,0,1,geometry
6442,S2511010__S25-11010_0_BP1A2021_052642,1,1,geometry
6443,S2039743__S20-39743-P-PLHE_3,1,0,geometry
6444,S2406754__S24-06754-_-SERIAL_1,0,0,geometry
6445,S2531985__S2531985_0_BP1A2021,0,1,geometry
6446,S2216630__S2216630--DEEP_1,0,0,geometry
6447,S2511859__S25-11859_0_BP1A2021_150616,0,1,geometry
6448,S2237603__S22-37603-_-_1,0,0,geometry
6449,S2039743__S20-39743-P-PLHE_3,1,1,geometry
6450,S18-18746__S18-18746,1,0,geometry
6451,S2039743__S20-39743-C-PLHE_0,1,0,geometry
6452,S19-19367__S19-19367,1,0,geometry
6453,S2227608__S22-27608-_-SERIAL_1,1,0,geometry
6454,S2524777__S2524777_0_BP1A2021,0,0,geometry
6455,S2530985__S2530985_0_BP1A2021,0,1,geometry
6456,S2504719__S25-04719-_-DEEP_1,0,1,geometry
6457,S2352429__S23-52429-_-BIOPSY,0,1,geometry
6458,S2516971__S25-16971____155423,0,1,geometry
6459,S2216630__S2216630--DEEP_1,0,1,geometry
6460,S2520404__S2520404_0_BP1A2021,0,0,geometry
6461,S19-19367__S19-19367,1,0,geometry
6462,S2039743__S20-39743-L-PLHE_1,1,1,geometry
6463,S2344462__S23-44462-_-BIOPSY,0,1,geometry
6464,S2513847__S25-13847_0_BP1A2021_131603,0,0,geometry
6465,S2520404__S2520404_0_BP1A2021,0,0,geometry
6466,S2352429__S23-52429-_-BIOPSY,0,1,geometry
6467,S2237603__S22-37603-_-_1,0,0,geometry
6468,S2434918__S24-34918-_-BIOPSY,1,1,geometry
6469,S2512685__S2512685_0_,0,1,geometry
6470,S2227604__S22-27604-_-BIOPSY,1,0,geometry
6471,S2352429__S23-52429-_-BIOPSY,0,0,geometry
6472,S2504719__S25-04719-_-DEEP_1,0,1,geometry
6473,S2525436__S2525436_0_BP1A2021,0,0,geometry
6474,S2516971__S25-16971____155423,0,1,geometry
6475,S2525436__S2525436_0_BP1A2021,0,0,geometry
6476,S2229537__S22-29537-_-SERIAL_1,1,1,geometry
6477,S2227608__S22-27608-_-SERIAL_2,1,0,geometry
6478,S2237601__S22-37601-_-,0,0,geometry
6479,S20-26719__S20-26719,1,0,geometry
6480,S2511007__S25-11007_0_BP1A2021_052433,0,1,geometry
6481,S18-18746__S18-18746,1,0,geometry
6482,S2237601__S22-37601-_-,0,0,geometry
6483,S2525436__S2525436_0_BP1A2021,0,1,geometry
6484,S2229537__S22-29537-_-SERIAL_1,1,1,geometry
6485,S2511009__S25-11009_0_BP1A2021_052542,0,1,geometry
6486,S19-19367__S19-19367,1,1,geometry
6487,S2530981__S2530981_0_BP1A2021,0,0,geometry
6488,S2522980__S2522980_0_BP1A2021,0,0,geometry
6489,S2229537__S22-29537-_-SERIAL_1,1,0,geometry
6490,S2530985__S2530985_0_BP1A2021,0,1,geometry
6491,S2237601__S22-37601-_-,0,0,geometry
6492,S18-18746__S18-18746,1,0,geometry
6493,S2511010__S25-11010_0_BP1A2021_052642,1,1,geometry
6494,S2436457__S2436457_BP1B11_C_15540_2,0,0,geometry
6495,S2227608__S22-27608-_-SERIAL_2,1,1,geometry
6496,S2516971__S25-16971____140945,0,0,geometry
6497,S2530063__S2530063_0_BP1A2021,0,1,geometry
6498,S18-18746__S18-18746,1,1,geometry
6499,S2227608__S22-27608-_-SERIAL_1,1,1,geometry
6500,S2516971__S25-16971____140945,0,0,geometry
6501,S2039743__S20-39743-L-PLHE_1,1,1,geometry
6502,S2039743__S20-39743-P-PLHE_3,1,0,geometry
6503,S2511009__S25-11009_0_BP1A2021_052542,0,0,geometry
6504,S2216630__S2216630--DEEP_1,0,0,geometry
6505,S2039743__S20-39743-L-PLHE_1,1,0,geometry
6506,S2515598__S25-15598_0__144202,0,1,geometry
6507,S19-40063__S19-40063,0,1,geometry
6508,S20-26719__S20-26719,1,1,geometry
6509,S2227604__S22-27604-_-BIOPSY,1,1,geometry
6510,S2525436__S2525436_0_BP1A2021,0,0,geometry
6511,S2524777__S2524777_0_BP1A2021,0,1,geometry
6512,S2409390__S2409390,0,0,geometry
6513,S2326329__S23-26329-_-BIOPSY,0,0,geometry
6514,S2516970__S25-16970____155248,1,1,geometry
6515,S2511008__S25-11008_0_BP1A2021_052339,1,0,geometry
6516,S17-42935__S17-42935,1,1,geometry
6517,S2520404__S2520404_0_BP1A2021,0,0,geometry
6518,S2229537__S22-29537-_-SERIAL_1,1,0,geometry
6519,S2511007__S25-11007_0_BP1A2021_052433,0,1,geometry
6520,S20-26719__S20-26719,1,1,geometry
6521,S2528218__S2528218_0_BP1A2021,0,0,geometry
6522,S2513847__S25-13847_0_BP1A2021_131603,0,0,geometry
6523,S2525436__S2525436_0_BP1A2021,0,1,geometry
6524,S2516970__S25-16970____155248,1,0,geometry
6525,S2513847__S25-13847_0_BP1A2021_131603,0,0,geometry
6526,S2434918__S24-34918-_-BIOPSY,1,0,geometry
6527,S2227608__S22-27608-_-SERIAL_2,1,1,geometry
6528,S2436457__S2436457_BP1B11_C_15540_2,0,1,geometry
6529,S2237601__S22-37601-_-,0,0,geometry
6530,S2128633__S2128633--DEEP,1,0,geometry
6531,S2039743__S20-39743-C-PLHE_0,1,1,geometry
6532,S2513847__S25-13847_0_BP1A2021_131603,0,0,geometry
6533,S2235518__S22-35518-_-BIOPSY,0,0,geometry
6534,S20-28924__S20-28924,0,0,geometry
6535,S2039743__S20-39743-C-PLHE_0,1,1,geometry
6536,S2511007__S25-11007_0_BP1A2021_052433,0,0,geometry
6537,S2434918__S24-34918-_-BIOPSY,1,1,geometry
6538,S2516971__S25-16971____155423,0,1,geometry
6539,S2533022__S2533022_0_BP1A2021,0,1,geometry
6540,S2512685__S2512685_0_,0,1,geometry
6541,S2515598__S25-15598_0__144202,0,0,geometry
6542,S20-26719__S20-26719,1,1,geometry
6543,S2039743__S20-39743-P-PLHE_3,1,1,geometry
6544,S2424250__S2424250,0,1,geometry
6545,S2520402__S2520402_0_BP1A2021,0,1,geometry
6546,S2039743__S20-39743-L-PLHE_1,1,0,geometry
6547,S2513847__S25-13847_0_BP1A2021_131603,0,1,geometry
6548,S18-18746__S18-18746,1,1,geometry
6549,S2229537__S22-29537-_-SERIAL_1,1,1,geometry
6550,S2227608__S22-27608-_-SERIAL_2,1,1,geometry
6551,S2525436__S2525436_0_BP1A2021,0,1,geometry
6552,S18-18746__S18-18746,1,0,geometry
6553,S2512685__S2512685_0_,0,0,geometry
6554,S2521240__S2521240_0_BP1A2021,1,0,geometry
6555,S2512685__S2512685_0_,0,0,geometry
6556,S2530063__S2530063_0_BP1A2021,0,1,geometry
6557,S2326329__S23-26329-_-BIOPSY,0,1,geometry
6558,S2227608__S22-27608-_-SERIAL_2,1,1,geometry
6559,S2434918__S24-34918-_-BIOPSY,1,1,geometry
6560,S20-28924__S20-28924,0,0,geometry
6561,S2530981__S2530981_0_BP1A2021,0,0,geometry
6562,S2516970__S25-16970____155248,1,0,geometry
6563,S18-18746__S18-18746,1,0,geometry
6564,S2434918__S24-34918-_-BIOPSY,1,0,geometry
6565,S2434918__S24-34918-_-BIOPSY,1,1,geometry
6566,S19-40063__S19-40063,0,0,geometry
6567,S2434918__S24-34918-_-BIOPSY,1,0,geometry
6568,S2039743__S20-39743-L-PLHE_1,1,0,geometry
6569,S2039743__S20-39743-C-PLHE_0,1,0,geometry
6570,S2406038__S2406038,0,1,geometry
6571,S2039743__S20-39743-C-PLHE_0,1,1,geometry
6572,S2436457__S2436457_BP1B11_C_15540_2,0,0,geometry
6573,S2128633__S2128633--DEEP,1,1,geometry
6574,S2227608__S22-27608-_-SERIAL_1,1,1,geometry
6575,S2512685__S2512685_0_,0,1,geometry
6576,S2039743__S20-39743-C-PLHE_0,1,1,geometry
6577,S2516971__S25-16971____155423,0,0,geometry
6578,S2424255__S2424255,0,0,geometry
6579,S2128633__S2128633--DEEP,1,1,geometry
6580,S2434918__S24-34918-_-BIOPSY,1,0,geometry
6581,S2039743__S20-39743-L-PLHE_1,1,1,geometry
6582,S2039743__S20-39743-C-PLHE_0,1,1,geometry
6583,S2326329__S23-26329-_-BIOPSY,0,0,geometry
6584,S2522980__S2522980_0_BP1A2021,0,0,geometry
6585,S2528218__S2528218_0_BP1A2021,0,1,geometry
6586,S2128633__S2128633--DEEP,1,1,geometry
6587,S2039743__S20-39743-C-PLHE_0,1,0,geometry
6588,S2521240__S2521240_0_BP1A2021,1,0,geometry
6589,S17-42935__S17-42935,1,0,geometry
6590,S2516971__S25-16971____140945,0,0,geometry
6591,S2406754__S24-06754-_-SERIAL_1,0,0,geometry
6592,S2326329__S23-26329-_-BIOPSY,0,1,geometry
6593,S2424250__S2424250,0,1,geometry
6594,S2513847__S25-13847_0_BP1A2021_131603,0,1,geometry
6595,S2434918__S24-34918-_-BIOPSY,1,0,geometry
6596,S2525436__S2525436_0_BP1A2021,0,0,geometry
6597,S2039743__S20-39743-P-PLHE_3,1,1,geometry
6598,S2436457__S2436457_BP1B11_C_15540_2,0,1,geometry
6599,S2128633__S2128633--DEEP,1,1,geometry
6600,S2326329__S23-26329-_-BIOPSY,0,0,geometry
6601,S2227608__S22-27608-_-SERIAL_2,1,1,geometry
6602,S2229537__S22-29537-_-SERIAL_1,1,1,geometry
6603,S2524777__S2524777_0_BP1A2021,0,1,geometry
6604,S2344462__S23-44462-_-BIOPSY,0,1,geometry
6605,S19-40063__S19-40063,0,1,geometry
6606,S2039743__S20-39743-P-PLHE_3,1,0,geometry
6607,S2524777__S2524777_0_BP1A2021,0,1,geometry
6608,S2406038__S2406038,0,1,geometry
6609,S2406754__S24-06754-_-DEEP_2,0,1,geometry
6610,S2039743__S20-39743-C-PLHE_0,1,1,geometry
6611,S2409390__S2409390,0,1,geometry
6612,S2227608__S22-27608-_-SERIAL_2,1,0,geometry
6613,S2227608__S22-27608-_-SERIAL_2,1,0,geometry
6614,S2512685__S2512685_0_,0,1,geometry
6615,S17-42935__S17-42935,1,0,geometry
6616,S2229537__S22-29537-_-SERIAL_1,1,1,geometry
6617,S2039743__S20-39743-L-PLHE_1,1,1,geometry
6618,S2434918__S24-34918-_-BIOPSY,1,0,geometry
6619,S2504719__S25-04719-_-DEEP_1,0,0,geometry
6620,S2515598__S25-15598_0__144202,0,1,geometry
6621,S2128633__S2128633--DEEP,1,0,geometry
6622,S2406754__S24-06754-_-SERIAL_1,0,1,geometry
6623,S18-18746__S18-18746,1,1,geometry
6624,S2511859__S25-11859_0_BP1A2021_150616,0,1,geometry
6625,S2406038__S2406038,0,1,geometry
6626,S2504719__S25-04719-_-DEEP_1,0,1,geometry
6627,S2352429__S23-52429-_-BIOPSY,0,1,geometry
6628,S2521240__S2521240_0_BP1A2021,1,1,geometry
6629,S2227608__S22-27608-_-SERIAL_2,1,1,geometry
6630,S18-18746__S18-18746,1,0,geometry
6631,S20-26719__S20-26719,1,1,geometry
6632,S2039743__S20-39743-P-PLHE_3,1,0,geometry
6633,S2424250__S2424250,0,0,geometry
6634,S18-18746__S18-18746,1,1,geometry
6635,S2401283__S24-01283-_-BIOPSY,0,1,geometry
6636,S2528218__S2528218_0_BP1A2021,0,0,geometry
6637,S17-42935__S17-42935,1,0,geometry
6638,S2128633__S2128633--DEEP,1,0,geometry
6639,S2521240__S2521240_0_BP1A2021,1,0,geometry
6640,S2227604__S22-27604-_-BIOPSY,1,0,geometry
6641,S2227604__S22-27604-_-BIOPSY,1,0,geometry
6642,S2424250__S2424250,0,1,geometry
6643,S2039743__S20-39743-C-PLHE_0,1,1,geometry
6644,S17-42935__S17-42935,1,0,geometry
6645,S2344462__S23-44462-_-BIOPSY,0,1,geometry
6646,S2511859__S25-11859_0_BP1A2021_150616,0,0,geometry
6647,S2424250__S2424250,0,1,geometry
6648,S2406754__S24-06754-_-SERIAL_1,0,1,geometry
6649,S2504719__S25-04719-_-DEEP_1,0,1,geometry
6650,S2515598__S25-15598_0__144202,0,0,geometry
6651,S2039743__S20-39743-L-PLHE_1,1,1,geometry
6652,S2512685__S2512685_0_,0,1,geometry
6653,S2039743__S20-39743-P-PLHE_3,1,0,geometry
6654,S2227604__S22-27604-_-BIOPSY,1,1,geometry
6655,S2533022__S2533022_0_BP1A2021,0,1,geometry
6656,S2352429__S23-52429-_-RECUT_1,0,1,geometry
6657,S17-42935__S17-42935,1,0,geometry
6658,S2524777__S2524777_0_BP1A2021,0,1,geometry
6659,S2424255__S2424255,0,1,geometry
6660,S2039743__S20-39743-C-PLHE_0,1,1,geometry
6661,S20-26719__S20-26719,1,1,geometry
6662,S2515598__S25-15598_0__144202,0,0,geometry
6663,S2516970__S25-16970____155248,1,0,geometry
6664,S2227608__S22-27608-_-SERIAL_2,1,1,geometry
6665,S2406754__S24-06754-_-DEEP_2,0,1,geometry
6666,S2531985__S2531985_0_BP1A2021,0,1,geometry
6667,S2424255__S2424255,0,1,geometry
6668,S2424250__S2424250,0,0,geometry
6669,S2530063__S2530063_0_BP1A2021,0,0,geometry
6670,S2531985__S2531985_0_BP1A2021,0,0,geometry
6671,S2229537__S22-29537-_-SERIAL_1,1,0,geometry
6672,S2436457__S2436457_BP1B11_C_15540_2,0,1,geometry
6673,S2516970__S25-16970____155248,1,0,geometry
6674,S2511008__S25-11008_0_BP1A2021_052339,1,1,geometry
6675,S2520402__S2520402_0_BP1A2021,0,0,geometry
6676,S2511008__S25-11008_0_BP1A2021_052339,1,0,geometry
6677,S2406754__S24-06754-_-DEEP_2,0,1,geometry
6678,S2352429__S23-52429-_-RECUT_1,0,1,geometry
6679,S2516970__S25-16970____155248,1,1,geometry
6680,S2528218__S2528218_0_BP1A2021,0,1,geometry
6681,S2516971__S25-16971____155423,0,1,geometry
6682,S2516971__S25-16971____140945,0,1,geometry
6683,S2406754__S24-06754-_-SERIAL_1,0,1,geometry
6684,S19-19367__S19-19367,1,1,geometry
6685,S2352429__S23-52429-_-RECUT_1,0,1,geometry
6686,S2524777__S2524777_0_BP1A2021,0,0,geometry
6687,S2344462__S23-44462-_-BIOPSY,0,1,geometry
6688,S2406754__S24-06754-_-DEEP_2,0,1,geometry
6689,S2039743__S20-39743-L-PLHE_1,1,1,geometry
6690,S2515598__S25-15598_0__144202,0,0,geometry
6691,S2237603__S22-37603-_-_1,0,0,geometry
6692,S2401283__S24-01283-_-BIOPSY,0,0,geometry
6693,S2515598__S25-15598_0__144202,0,1,geometry
6694,S2511008__S25-11008_0_BP1A2021_052339,1,1,geometry
6695,S2128633__S2128633--DEEP,1,1,geometry
6696,S2434918__S24-34918-_-BIOPSY,1,1,geometry
6697,S2406754__S24-06754-_-DEEP_2,0,0,geometry
6698,S2227604__S22-27604-_-BIOPSY,1,1,geometry
6699,S2235518__S22-35518-_-BIOPSY,0,1,geometry
6700,S2406038__S2406038,0,1,geometry
6701,S2522980__S2522980_0_BP1A2021,0,1,geometry
6702,S2039743__S20-39743-P-PLHE_3,1,0,geometry
6703,S2434918__S24-34918-_-BIOPSY,1,1,geometry
6704,S2521240__S2521240_0_BP1A2021,1,0,geometry
6705,S19-40063__S19-40063,0,1,geometry
6706,S2511859__S25-11859_0_BP1A2021_150616,0,1,geometry
6707,S2128633__S2128633--DEEP,1,0,geometry
6708,S2039743__S20-39743-L-PLHE_1,1,0,geometry
6709,S2128633__S2128633--DEEP,1,0,geometry
6710,S20-28924__S20-28924,0,1,geometry
6711,S2227604__S22-27604-_-BIOPSY,1,1,geometry
6712,S2521240__S2521240_0_BP1A2021,1,0,geometry
6713,S2521240__S2521240_0_BP1A2021,1,1,geometry
6714,S2530985__S2530985_0_BP1A2021,0,0,geometry
6715,S2516971__S25-16971____140945,0,0,geometry
6716,S2406754__S24-06754-_-SERIAL_1,0,1,geometry
6717,S2039743__S20-39743-P-PLHE_3,1,0,geometry
6718,S2039743__S20-39743-C-PLHE_0,1,0,geometry
6719,S2530981__S2530981_0_BP1A2021,0,0,geometry
6720,S2513847__S25-13847_0_BP1A2021_131603,0,0,geometry
6721,S2406754__S24-06754-_-DEEP_2,0,0,geometry
6722,S2511010__S25-11010_0_BP1A2021_052642,1,1,geometry
6723,S2511010__S25-11010_0_BP1A2021_052642,1,1,geometry
6724,S2511009__S25-11009_0_BP1A2021_052542,0,1,geometry
6725,S2039743__S20-39743-L-PLHE_1,1,0,geometry
6726,S2530063__S2530063_0_BP1A2021,0,1,geometry
6727,S2128633__S2128633--DEEP,1,0,geometry
6728,S2039743__S20-39743-C-PLHE_0,1,1,geometry
6729,S17-42935__S17-42935,1,1,geometry
6730,S17-42935__S17-42935,1,1,geometry
6731,S2436457__S2436457_BP1B11_C_15540_2,0,1,geometry
6732,S2227608__S22-27608-_-SERIAL_2,1,0,geometry
6733,S2128633__S2128633--DEEP,1,1,geometry
6734,S2511008__S25-11008_0_BP1A2021_052339,1,0,geometry
6735,S2227604__S22-27604-_-BIOPSY,1,1,geometry
6736,S2511010__S25-11010_0_BP1A2021_052642,1,0,geometry
6737,S2533022__S2533022_0_BP1A2021,0,1,geometry
6738,S2521240__S2521240_0_BP1A2021,1,0,geometry
6739,S2436457__S2436457_BP1B11_C_15540_2,0,0,geometry
6740,S2434918__S24-34918-_-BIOPSY,1,0,geometry
6741,S2326329__S23-26329-_-BIOPSY,0,0,geometry
6742,S2237603__S22-37603-_-_1,0,0,geometry
6743,S2515598__S25-15598_0__144202,0,1,geometry
6744,S2352429__S23-52429-_-RECUT_1,0,1,geometry
6745,S2516970__S25-16970____155248,1,0,geometry
6746,S2227608__S22-27608-_-SERIAL_1,1,1,geometry
6747,S20-26719__S20-26719,1,0,geometry
6748,S2227608__S22-27608-_-SERIAL_2,1,0,geometry
6749,S2516970__S25-16970____155248,1,0,geometry
6750,S20-28924__S20-28924,0,0,geometry
6751,S2237603__S22-37603-_-_1,0,1,geometry
6752,S2520402__S2520402_0_BP1A2021,0,1,geometry
6753,S2512685__S2512685_0_,0,0,geometry
6754,S2521240__S2521240_0_BP1A2021,1,1,geometry
6755,S2521240__S2521240_0_BP1A2021,1,0,geometry
6756,S2531985__S2531985_0_BP1A2021,0,0,geometry
6757,S2531985__S2531985_0_BP1A2021,0,1,geometry
6758,S2516970__S25-16970____155248,1,1,geometry
6759,S2401283__S24-01283-_-BIOPSY,0,0,geometry
6760,S2406038__S2406038,0,1,geometry
6761,S2216630__S2216630--DEEP_1,0,1,geometry
6762,S2128633__S2128633--DEEP,1,1,geometry
6763,S2227608__S22-27608-_-SERIAL_2,1,1,geometry
6764,S2533022__S2533022_0_BP1A2021,0,1,geometry
6765,S2533022__S2533022_0_BP1A2021,0,1,geometry
6766,S2513847__S25-13847_0_BP1A2021_131603,0,0,geometry
6767,S17-42935__S17-42935,1,0,geometry
6768,S2511010__S25-11010_0_BP1A2021_052642,1,0,geometry
6769,S2039743__S20-39743-C-PLHE_0,1,1,geometry
6770,S19-19367__S19-19367,1,1,geometry
6771,S2406038__S2406038,0,1,geometry
6772,S2229537__S22-29537-_-SERIAL_1,1,0,geometry
6773,S2530985__S2530985_0_BP1A2021,0,0,geometry
6774,S2516971__S25-16971____140945,0,1,geometry
6775,S2401283__S24-01283-_-BIOPSY,0,0,geometry
6776,S2521240__S2521240_0_BP1A2021,1,1,geometry
6777,S2515598__S25-15598_0__144202,0,1,geometry
6778,S20-28924__S20-28924,0,1,geometry
6779,S2530063__S2530063_0_BP1A2021,0,0,geometry
6780,S2424250__S2424250,0,0,geometry
6781,S2237603__S22-37603-_-_1,0,1,geometry
6782,S2409390__S2409390,0,1,geometry
6783,S2513847__S25-13847_0_BP1A2021_131603,0,0,geometry
6784,S2216630__S2216630--DEEP_1,0,0,geometry
6785,S2522980__S2522980_0_BP1A2021,0,1,geometry
6786,S2406754__S24-06754-_-DEEP_2,0,0,geometry
6787,S2229537__S22-29537-_-SERIAL_1,1,0,geometry
6788,S2521240__S2521240_0_BP1A2021,1,0,geometry
6789,S2406754__S24-06754-_-SERIAL_1,0,0,geometry
6790,S2423618__S24-23618-_-RECUT_2,0,1,geometry
6791,S2235518__S22-35518-_-BIOPSY,0,0,geometry
6792,S2227604__S22-27604-_-BIOPSY,1,0,geometry
6793,S2525436__S2525436_0_BP1A2021,0,0,geometry
6794,S2229537__S22-29537-_-SERIAL_1,1,1,geometry
6795,S20-26719__S20-26719,1,0,geometry
6796,S2423618__S24-23618-_-RECUT_2,0,0,geometry
6797,S2229537__S22-29537-_-SERIAL_1,1,0,geometry
6798,S2511009__S25-11009_0_BP1A2021_052542,0,0,geometry
6799,S2533022__S2533022_0_BP1A2021,0,0,geometry
6800,S2352429__S23-52429-_-BIOPSY,0,1,geometry
6801,S2229537__S22-29537-_-SERIAL_1,1,0,geometry
6802,S2128633__S2128633--DEEP,1,0,geometry
6803,S2516970__S25-16970____155248,1,0,geometry
6804,S2434918__S24-34918-_-BIOPSY,1,1,geometry
6805,S2227608__S22-27608-_-SERIAL_2,1,0,geometry
6806,S2039743__S20-39743-L-PLHE_1,1,0,geometry
6807,S2511009__S25-11009_0_BP1A2021_052542,0,0,geometry
6808,S2511007__S25-11007_0_BP1A2021_052433,0,1,geometry
6809,S2401283__S24-01283-_-BIOPSY,0,0,geometry
6810,S2128633__S2128633--DEEP,1,0,geometry
6811,S2530985__S2530985_0_BP1A2021,0,1,geometry
6812,S18-18746__S18-18746,1,0,geometry
6813,S2516971__S25-16971____155423,0,1,geometry
6814,S2424255__S2424255,0,0,geometry
6815,S2227608__S22-27608-_-SERIAL_2,1,0,geometry
6816,S2039743__S20-39743-P-PLHE_3,1,1,geometry
6817,S2352429__S23-52429-_-BIOPSY,0,0,geometry
6818,S2530985__S2530985_0_BP1A2021,0,1,geometry
6819,S2344462__S23-44462-_-BIOPSY,0,1,geometry
6820,S2423618__S24-23618-_-RECUT_2,0,0,geometry
6821,S2227608__S22-27608-_-SERIAL_2,1,0,geometry
6822,S2039743__S20-39743-P-PLHE_3,1,0,geometry
6823,S18-18746__S18-18746,1,0,geometry
6824,S2326329__S23-26329-_-BIOPSY,0,1,geometry
6825,S2530981__S2530981_0_BP1A2021,0,0,geometry
6826,S2511007__S25-11007_0_BP1A2021_052433,0,0,geometry
6827,S2434918__S24-34918-_-BIOPSY,1,1,geometry
6828,S2516971__S25-16971____155423,0,0,geometry
6829,S2227604__S22-27604-_-BIOPSY,1,1,geometry
6830,S2235518__S22-35518-_-BIOPSY,0,0,geometry
6831,S2511010__S25-11010_0_BP1A2021_052642,1,0,geometry
6832,S2520402__S2520402_0_BP1A2021,0,0,geometry
6833,S2401283__S24-01283-_-BIOPSY,0,0,geometry
6834,S2352429__S23-52429-_-RECUT_1,0,1,geometry
6835,S17-42935__S17-42935,1,1,geometry
6836,S2530063__S2530063_0_BP1A2021,0,1,geometry
6837,S2434918__S24-34918-_-BIOPSY,1,0,geometry
6838,S2229537__S22-29537-_-SERIAL_1,1,0,geometry
6839,S2039743__S20-39743-L-PLHE_1,1,0,geometry
6840,S20-28924__S20-28924,0,1,geometry
6841,S2326329__S23-26329-_-BIOPSY,0,0,geometry
6842,S2227608__S22-27608-_-SERIAL_1,1,0,geometry
6843,S2424255__S2424255,0,0,geometry
6844,S2434918__S24-34918-_-BIOPSY,1,1,geometry
6845,S2511008__S25-11008_0_BP1A2021_052339,1,0,geometry
6846,S2533022__S2533022_0_BP1A2021,0,1,geometry
6847,S2520404__S2520404_0_BP1A2021,0,0,geometry
6848,S2511007__S25-11007_0_BP1A2021_052433,0,0,geometry
6849,S2530063__S2530063_0_BP1A2021,0,0,geometry
6850,S2344462__S23-44462-_-BIOPSY,0,0,geometry
6851,S2039743__S20-39743-L-PLHE_1,1,0,geometry
6852,S2424250__S2424250,0,0,geometry
6853,S2039743__S20-39743-L-PLHE_1,1,1,geometry
6854,S2511010__S25-11010_0_BP1A2021_052642,1,0,geometry
6855,S2401283__S24-01283-_-BIOPSY,0,0,geometry
6856,S19-40063__S19-40063,0,0,geometry
6857,S19-40063__S19-40063,0,1,geometry
6858,S2516970__S25-16970____155248,1,0,geometry
6859,S17-42935__S17-42935,1,0,geometry
6860,S18-18746__S18-18746,1,0,geometry
6861,S2528218__S2528218_0_BP1A2021,0,1,geometry
6862,S2530985__S2530985_0_BP1A2021,0,0,geometry
6863,S2326329__S23-26329-_-BIOPSY,0,0,geometry
6864,S18-18746__S18-18746,1,0,geometry
6865,S2513847__S25-13847_0_BP1A2021_131603,0,0,geometry
6866,S2128633__S2128633--DEEP,1,0,geometry
6867,S2516970__S25-16970____155248,1,0,geometry
6868,S2229537__S22-29537-_-SERIAL_1,1,1,geometry
6869,S2128633__S2128633--DEEP,1,1,geometry
6870,S2511010__S25-11010_0_BP1A2021_052642,1,1,geometry
6871,S2229537__S22-29537-_-SERIAL_1,1,1,geometry
6872,S20-26719__S20-26719,1,1,geometry
6873,S20-28924__S20-28924,0,0,geometry
6874,S2511008__S25-11008_0_BP1A2021_052339,1,0,geometry
6875,S2533022__S2533022_0_BP1A2021,0,0,geometry
6876,S2039743__S20-39743-P-PLHE_3,1,0,geometry
6877,S2524777__S2524777_0_BP1A2021,0,1,geometry
6878,S2406754__S24-06754-_-SERIAL_1,0,1,geometry
6879,S2516970__S25-16970____155248,1,0,geometry
6880,S2520404__S2520404_0_BP1A2021,0,0,geometry
6881,S2511008__S25-11008_0_BP1A2021_052339,1,0,geometry
6882,S2424255__S2424255,0,1,geometry
6883,S2511008__S25-11008_0_BP1A2021_052339,1,0,geometry
6884,S20-28924__S20-28924,0,0,geometry
6885,S2235518__S22-35518-_-BIOPSY,0,1,geometry
6886,S2511010__S25-11010_0_BP1A2021_052642,1,1,geometry
6887,S19-19367__S19-19367,1,0,geometry
6888,S2401283__S24-01283-_-BIOPSY,0,1,geometry
6889,S2227608__S22-27608-_-SERIAL_1,1,1,geometry
6890,S2423618__S24-23618-_-RECUT_2,0,0,geometry
6891,S2039743__S20-39743-L-PLHE_1,1,0,geometry
6892,S2216630__S2216630--DEEP_1,0,1,geometry
6893,S18-18746__S18-18746,1,0,geometry
6894,S2515598__S25-15598_0__144202,0,0,geometry
6895,S2511007__S25-11007_0_BP1A2021_052433,0,0,geometry
6896,S2344462__S23-44462-_-BIOPSY,0,1,geometry
6897,S17-42935__S17-42935,1,0,geometry
6898,S17-42935__S17-42935,1,1,geometry
6899,S2511010__S25-11010_0_BP1A2021_052642,1,0,geometry
6900,S2326329__S23-26329-_-BIOPSY,0,0,geometry
6901,S2227608__S22-27608-_-SERIAL_1,1,0,geometry
6902,S2424250__S2424250,0,0,geometry
6903,S2039743__S20-39743-L-PLHE_1,1,0,geometry
6904,S2128633__S2128633--DEEP,1,1,geometry
6905,S2521240__S2521240_0_BP1A2021,1,0,geometry
6906,S2227604__S22-27604-_-BIOPSY,1,0,geometry
6907,S2406754__S24-06754-_-SERIAL_1,0,0,geometry
6908,S2227608__S22-27608-_-SERIAL_2,1,0,geometry
6909,S2521240__S2521240_0_BP1A2021,1,1,geometry
6910,S2434918__S24-34918-_-BIOPSY,1,0,geometry
6911,S2235518__S22-35518-_-BIOPSY,0,1,geometry
6912,S2039743__S20-39743-P-PLHE_3,1,1,geometry
6913,S2326329__S23-26329-_-BIOPSY,0,1,geometry
6914,S2522980__S2522980_0_BP1A2021,0,0,geometry
6915,S2516970__S25-16970____155248,1,0,geometry
6916,S2513847__S25-13847_0_BP1A2021_131603,0,1,geometry
6917,S2216630__S2216630--DEEP_1,0,0,geometry
6918,S2530063__S2530063_0_BP1A2021,0,0,geometry
6919,S2525436__S2525436_0_BP1A2021,0,1,geometry
6920,S2511008__S25-11008_0_BP1A2021_052339,1,1,geometry
6921,S2516971__S25-16971____140945,0,1,geometry
6922,S2039743__S20-39743-L-PLHE_1,1,1,geometry
6923,S2424250__S2424250,0,0,geometry
6924,S19-19367__S19-19367,1,0,geometry
6925,S2511008__S25-11008_0_BP1A2021_052339,1,0,geometry
6926,S2039743__S20-39743-L-PLHE_1,1,1,geometry
6927,S2227604__S22-27604-_-BIOPSY,1,1,geometry
6928,S2531985__S2531985_0_BP1A2021,0,0,geometry
6929,S2227608__S22-27608-_-SERIAL_1,1,0,geometry
6930,S2511007__S25-11007_0_BP1A2021_052433,0,0,geometry
6931,S20-26719__S20-26719,1,1,geometry
6932,S2511010__S25-11010_0_BP1A2021_052642,1,0,geometry
6933,S19-40063__S19-40063,0,0,geometry
6934,S2235518__S22-35518-_-BIOPSY,0,0,geometry
6935,S2406038__S2406038,0,0,geometry
6936,S2227608__S22-27608-_-SERIAL_2,1,1,geometry
6937,S2531985__S2531985_0_BP1A2021,0,0,geometry
6938,S2511007__S25-11007_0_BP1A2021_052433,0,0,geometry
6939,S2039743__S20-39743-L-PLHE_1,1,1,geometry
6940,S2434918__S24-34918-_-BIOPSY,1,0,geometry
6941,S2516971__S25-16971____155423,0,0,geometry
6942,S2424255__S2424255,0,0,geometry
6943,S2522980__S2522980_0_BP1A2021,0,0,geometry
6944,S2424250__S2424250,0,1,geometry
6945,S2520402__S2520402_0_BP1A2021,0,0,geometry
6946,S2229537__S22-29537-_-SERIAL_1,1,0,geometry
6947,S2530985__S2530985_0_BP1A2021,0,1,geometry
6948,S17-42935__S17-42935,1,0,geometry
6949,S20-28924__S20-28924,0,1,geometry
6950,S2424255__S2424255,0,0,geometry
6951,S2511009__S25-11009_0_BP1A2021_052542,0,0,geometry
6952,S2039743__S20-39743-P-PLHE_3,1,1,geometry
6953,S2039743__S20-39743-C-PLHE_0,1,1,geometry
6954,S2423618__S24-23618-_-RECUT_2,0,0,geometry
6955,S2511010__S25-11010_0_BP1A2021_052642,1,1,geometry
6956,S2511009__S25-11009_0_BP1A2021_052542,0,0,geometry
6957,S2409390__S2409390,0,1,geometry
6958,S2235518__S22-35518-_-BIOPSY,0,1,geometry
6959,S2528218__S2528218_0_BP1A2021,0,1,geometry
6960,S2521240__S2521240_0_BP1A2021,1,1,geometry
6961,S2511007__S25-11007_0_BP1A2021_052433,0,1,geometry
6962,S2512685__S2512685_0_,0,0,geometry
6963,S2521240__S2521240_0_BP1A2021,1,0,geometry
6964,S2227608__S22-27608-_-SERIAL_2,1,0,geometry
6965,S2227608__S22-27608-_-SERIAL_2,1,0,geometry
6966,S2511008__S25-11008_0_BP1A2021_052339,1,0,geometry
6967,S2227608__S22-27608-_-SERIAL_2,1,0,geometry
6968,S2530063__S2530063_0_BP1A2021,0,0,geometry
6969,S2516970__S25-16970____155248,1,1,geometry
6970,S2516971__S25-16971____155423,0,0,geometry
6971,S2516970__S25-16970____155248,1,1,geometry
6972,S2512685__S2512685_0_,0,0,geometry
6973,S2227604__S22-27604-_-BIOPSY,1,1,geometry
6974,S2531985__S2531985_0_BP1A2021,0,0,geometry
6975,S2128633__S2128633--DEEP,1,0,geometry
6976,S2434918__S24-34918-_-BIOPSY,1,0,geometry
6977,S2504719__S25-04719-_-DEEP_1,0,1,geometry
6978,S2406038__S2406038,0,1,geometry
6979,S20-26719__S20-26719,1,0,geometry
6980,S2128633__S2128633--DEEP,1,1,geometry
6981,S2039743__S20-39743-C-PLHE_0,1,0,geometry
6982,S2352429__S23-52429-_-BIOPSY,0,0,geometry
6983,S2511010__S25-11010_0_BP1A2021_052642,1,1,geometry
6984,S2531985__S2531985_0_BP1A2021,0,0,geometry
6985,S2516970__S25-16970____155248,1,0,geometry
6986,S2227604__S22-27604-_-BIOPSY,1,0,geometry
6987,S2227608__S22-27608-_-SERIAL_1,1,0,geometry
6988,S2406754__S24-06754-_-DEEP_2,0,0,geometry
6989,S2227608__S22-27608-_-SERIAL_2,1,1,geometry
6990,S2504719__S25-04719-_-DEEP_1,0,1,geometry
6991,S2511007__S25-11007_0_BP1A2021_052433,0,1,geometry
6992,S19-19367__S19-19367,1,0,geometry
6993,S20-28924__S20-28924,0,1,geometry
6994,S2504719__S25-04719-_-DEEP_1,0,0,geometry
6995,S2424255__S2424255,0,1,geometry
6996,S18-18746__S18-18746,1,1,geometry
6997,S2227608__S22-27608-_-SERIAL_2,1,0,geometry
6998,S2520402__S2520402_0_BP1A2021,0,0,geometry
6999,S2216630__S2216630--DEEP_1,0,1,geometry
7000,S2227604__S22-27604-_-BIOPSY,1,0,geometry
7001,S2511010__S25-11010_0_BP1A2021_052642,1,0,geometry
7002,S2227604__S22-27604-_-BIOPSY,1,0,geometry
7003,S18-18746__S18-18746,1,0,geometry
7004,S2235518__S22-35518-_-BIOPSY,0,0,geometry
7005,S2436457__S2436457_BP1B11_C_15540_2,0,0,geometry
7006,S2406038__S2406038,0,0,geometry
7007,S2511009__S25-11009_0_BP1A2021_052542,0,1,geometry
7008,S2424250__S2424250,0,1,geometry
7009,S2406038__S2406038,0,1,geometry
7010,S2401283__S24-01283-_-BIOPSY,0,0,geometry
7011,S2511008__S25-11008_0_BP1A2021_052339,1,1,geometry
7012,S2512685__S2512685_0_,0,1,geometry
7013,S2227604__S22-27604-_-BIOPSY,1,0,geometry
7014,S2227604__S22-27604-_-BIOPSY,1,1,geometry
7015,S18-18746__S18-18746,1,0,geometry
7016,S2128633__S2128633--DEEP,1,0,geometry
7017,S2227608__S22-27608-_-SERIAL_1,1,1,geometry
7018,S2531985__S2531985_0_BP1A2021,0,0,geometry
7019,S2511010__S25-11010_0_BP1A2021_052642,1,0,geometry
7020,S2237603__S22-37603-_-_1,0,0,geometry
7021,S2511008__S25-11008_0_BP1A2021_052339,1,1,geometry
7022,S18-18746__S18-18746,1,1,geometry
7023,S2039743__S20-39743-C-PLHE_0,1,0,geometry
7024,S2039743__S20-39743-P-PLHE_3,1,1,geometry
7025,S2229537__S22-29537-_-SERIAL_1,1,0,geometry
7026,S2326329__S23-26329-_-BIOPSY,0,0,geometry
7027,S2521240__S2521240_0_BP1A2021,1,0,geometry
7028,S2513847__S25-13847_0_BP1A2021_131603,0,0,geometry
7029,S2227604__S22-27604-_-BIOPSY,1,0,geometry
7030,S2533022__S2533022_0_BP1A2021,0,0,geometry
7031,S2237603__S22-37603-_-_1,0,0,geometry
7032,S2227604__S22-27604-_-BIOPSY,1,1,geometry
7033,S2039743__S20-39743-L-PLHE_1,1,1,geometry
7034,S18-18746__S18-18746,1,0,geometry
7035,S2511010__S25-11010_0_BP1A2021_052642,1,0,geometry
7036,S2352429__S23-52429-_-BIOPSY,0,0,geometry
7037,S17-42935__S17-42935,1,0,geometry
7038,S19-19367__S19-19367,1,1,geometry
7039,S2512685__S2512685_0_,0,1,geometry
7040,S2531985__S2531985_0_BP1A2021,0,1,geometry
7041,S2530063__S2530063_0_BP1A2021,0,0,geometry
7042,S19-19367__S19-19367,1,0,geometry
7043,S2531985__S2531985_0_BP1A2021,0,1,geometry
7044,S2039743__S20-39743-P-PLHE_3,1,1,geometry
7045,S2128633__S2128633--DEEP,1,0,geometry
7046,S2229537__S22-29537-_-SERIAL_1,1,0,geometry
7047,S2326329__S23-26329-_-BIOPSY,0,0,geometry
7048,S2039743__S20-39743-P-PLHE_3,1,0,geometry
7049,S2516970__S25-16970____155248,1,0,geometry
7050,S2039743__S20-39743-C-PLHE_0,1,1,geometry
7051,S2128633__S2128633--DEEP,1,1,geometry
7052,S19-40063__S19-40063,0,1,geometry
7053,S2511008__S25-11008_0_BP1A2021_052339,1,1,geometry
7054,S2406038__S2406038,0,1,geometry
7055,S2352429__S23-52429-_-BIOPSY,0,1,geometry
7056,S2401283__S24-01283-_-BIOPSY,0,1,geometry
7057,S2227608__S22-27608-_-SERIAL_1,1,1,geometry
7058,S2530063__S2530063_0_BP1A2021,0,1,geometry
7059,S2528218__S2528218_0_BP1A2021,0,0,geometry
7060,S2528218__S2528218_0_BP1A2021,0,1,geometry
7061,S2521240__S2521240_0_BP1A2021,1,1,geometry
7062,S2530985__S2530985_0_BP1A2021,0,1,geometry
7063,S2513847__S25-13847_0_BP1A2021_131603,0,1,geometry
7064,S2237601__S22-37601-_-,0,0,geometry
7065,S2530981__S2530981_0_BP1A2021,0,1,geometry
7066,S2039743__S20-39743-L-PLHE_1,1,0,geometry
7067,S2039743__S20-39743-P-PLHE_3,1,0,geometry
7068,S20-26719__S20-26719,1,1,geometry
7069,S20-28924__S20-28924,0,0,geometry
7070,S2533022__S2533022_0_BP1A2021,0,1,geometry
7071,S2436457__S2436457_BP1B11_C_15540_2,0,1,geometry
7072,S2511010__S25-11010_0_BP1A2021_052642,1,1,geometry
7073,S2424255__S2424255,0,0,geometry
7074,S2039743__S20-39743-P-PLHE_3,1,0,geometry
7075,S2237603__S22-37603-_-_1,0,0,geometry
7076,S2039743__S20-39743-C-PLHE_0,1,1,geometry
7077,S2516970__S25-16970____155248,1,1,geometry
7078,S19-40063__S19-40063,0,0,geometry
7079,S2513847__S25-13847_0_BP1A2021_131603,0,0,geometry
7080,S2513847__S25-13847_0_BP1A2021_131603,0,1,geometry
7081,S2504719__S25-04719-_-DEEP_1,0,0,geometry
7082,S2513847__S25-13847_0_BP1A2021_131603,0,1,geometry
7083,S2528218__S2528218_0_BP1A2021,0,1,geometry
7084,S2406754__S24-06754-_-DEEP_2,0,0,geometry
7085,S2525436__S2525436_0_BP1A2021,0,0,geometry
7086,S2522980__S2522980_0_BP1A2021,0,1,geometry
7087,S2533022__S2533022_0_BP1A2021,0,0,geometry
7088,S2229537__S22-29537-_-SERIAL_1,1,0,geometry
7089,S2039743__S20-39743-C-PLHE_0,1,1,geometry
7090,S2511009__S25-11009_0_BP1A2021_052542,0,0,geometry
7091,S19-19367__S19-19367,1,1,geometry
7092,S2227608__S22-27608-_-SERIAL_2,1,1,geometry
7093,S18-18746__S18-18746,1,1,geometry
7094,S2128633__S2128633--DEEP,1,0,geometry
7095,S2511009__S25-11009_0_BP1A2021_052542,0,1,geometry
7096,S2511008__S25-11008_0_BP1A2021_052339,1,0,geometry
7097,S2229537__S22-29537-_-SERIAL_1,1,1,geometry
7098,S20-26719__S20-26719,1,1,geometry
7099,S2423618__S24-23618-_-RECUT_2,0,1,geometry
7100,S2128633__S2128633--DEEP,1,0,geometry
7101,S2227604__S22-27604-_-BIOPSY,1,0,geometry
7102,S17-42935__S17-42935,1,1,geometry
7103,S17-42935__S17-42935,1,0,geometry
7104,S2039743__S20-39743-P-PLHE_3,1,1,geometry
7105,S2434918__S24-34918-_-BIOPSY,1,0,geometry
7106,S2237601__S22-37601-_-,0,0,geometry
7107,S2504719__S25-04719-_-DEEP_1,0,0,geometry
7108,S2039743__S20-39743-C-PLHE_0,1,0,geometry
7109,S2039743__S20-39743-L-PLHE_1,1,1,geometry
7110,S2504719__S25-04719-_-DEEP_1,0,1,geometry
7111,S2406754__S24-06754-_-DEEP_2,0,0,geometry
7112,S2227608__S22-27608-_-SERIAL_2,1,1,geometry
7113,S20-26719__S20-26719,1,1,geometry
7114,S2409390__S2409390,0,0,geometry
7115,S2522980__S2522980_0_BP1A2021,0,0,geometry
7116,S2227608__S22-27608-_-SERIAL_2,1,1,geometry
7117,S2039743__S20-39743-P-PLHE_3,1,1,geometry
7118,S2237601__S22-37601-_-,0,1,geometry
7119,S18-18746__S18-18746,1,1,geometry
7120,S2515598__S25-15598_0__144202,0,0,geometry
7121,S2352429__S23-52429-_-RECUT_1,0,1,geometry
7122,S2434918__S24-34918-_-BIOPSY,1,0,geometry
7123,S18-18746__S18-18746,1,1,geometry
7124,S2423618__S24-23618-_-RECUT_2,0,0,geometry
7125,S2511009__S25-11009_0_BP1A2021_052542,0,0,geometry
7126,S2352429__S23-52429-_-BIOPSY,0,0,geometry
7127,S2406038__S2406038,0,1,geometry
7128,S2039743__S20-39743-C-PLHE_0,1,1,geometry
7129,S18-18746__S18-18746,1,1,geometry
7130,S2434918__S24-34918-_-BIOPSY,1,0,geometry
7131,S2409390__S2409390,0,0,geometry
7132,S2039743__S20-39743-C-PLHE_0,1,1,geometry
7133,S2434918__S24-34918-_-BIOPSY,1,1,geometry
7134,S2516970__S25-16970____155248,1,0,geometry
7135,S2227604__S22-27604-_-BIOPSY,1,0,geometry
7136,S2530985__S2530985_0_BP1A2021,0,0,geometry
7137,S2128633__S2128633--DEEP,1,1,geometry
7138,S2229537__S22-29537-_-SERIAL_1,1,0,geometry
7139,S2520402__S2520402_0_BP1A2021,0,1,geometry
7140,S2511010__S25-11010_0_BP1A2021_052642,1,0,geometry
7141,S2521240__S2521240_0_BP1A2021,1,1,geometry
7142,S2401283__S24-01283-_-BIOPSY,0,1,geometry
7143,S2128633__S2128633--DEEP,1,0,geometry
7144,S2528218__S2528218_0_BP1A2021,0,0,geometry
7145,S20-28924__S20-28924,0,1,geometry
7146,S2515598__S25-15598_0__144202,0,1,geometry
7147,S19-19367__S19-19367,1,1,geometry
7148,S2516971__S25-16971____155423,0,0,geometry
7149,S2406038__S2406038,0,1,geometry
7150,S2039743__S20-39743-L-PLHE_1,1,0,geometry
7151,S2516970__S25-16970____155248,1,0,geometry
7152,S2511009__S25-11009_0_BP1A2021_052542,0,1,geometry
7153,S2436457__S2436457_BP1B11_C_15540_2,0,1,geometry
7154,S19-40063__S19-40063,0,1,geometry
7155,S2531985__S2531985_0_BP1A2021,0,1,geometry
7156,S2227604__S22-27604-_-BIOPSY,1,0,geometry
7157,S2511010__S25-11010_0_BP1A2021_052642,1,1,geometry
7158,S2530063__S2530063_0_BP1A2021,0,0,geometry
7159,S2511010__S25-11010_0_BP1A2021_052642,1,1,geometry
7160,S2406754__S24-06754-_-DEEP_2,0,0,geometry
7161,S19-40063__S19-40063,0,0,geometry
7162,S2530981__S2530981_0_BP1A2021,0,1,geometry
7163,S2520402__S2520402_0_BP1A2021,0,0,geometry
7164,S2511010__S25-11010_0_BP1A2021_052642,1,0,geometry
7165,S2511010__S25-11010_0_BP1A2021_052642,1,0,geometry
7166,S2511008__S25-11008_0_BP1A2021_052339,1,1,geometry
7167,S2039743__S20-39743-L-PLHE_1,1,0,geometry
7168,S2039743__S20-39743-P-PLHE_3,1,1,geometry
7169,S2409390__S2409390,0,1,geometry
7170,S2525436__S2525436_0_BP1A2021,0,0,geometry
7171,S2227608__S22-27608-_-SERIAL_1,1,1,geometry
7172,S2237603__S22-37603-_-_1,0,1,geometry
7173,S2409390__S2409390,0,1,geometry
7174,S2521240__S2521240_0_BP1A2021,1,0,geometry
7175,S2039743__S20-39743-L-PLHE_1,1,1,geometry
7176,S2227608__S22-27608-_-SERIAL_1,1,1,geometry
7177,S2531985__S2531985_0_BP1A2021,0,1,geometry
7178,S18-18746__S18-18746,1,1,geometry
7179,S2352429__S23-52429-_-BIOPSY,0,1,geometry
7180,S18-18746__S18-18746,1,0,geometry
7181,S2521240__S2521240_0_BP1A2021,1,0,geometry
7182,S17-42935__S17-42935,1,1,geometry
7183,S2229537__S22-29537-_-SERIAL_1,1,0,geometry
7184,S20-28924__S20-28924,0,1,geometry
7185,S2511008__S25-11008_0_BP1A2021_052339,1,0,geometry
7186,S17-42935__S17-42935,1,0,geometry
7187,S2521240__S2521240_0_BP1A2021,1,0,geometry
7188,S2237601__S22-37601-_-,0,1,geometry
7189,S2513847__S25-13847_0_BP1A2021_131603,0,1,geometry
7190,S19-40063__S19-40063,0,0,geometry
7191,S2530985__S2530985_0_BP1A2021,0,0,geometry
7192,S2520402__S2520402_0_BP1A2021,0,0,geometry
7193,S2511010__S25-11010_0_BP1A2021_052642,1,0,geometry
7194,S2227604__S22-27604-_-BIOPSY,1,0,geometry
7195,S18-18746__S18-18746,1,1,geometry
7196,S20-26719__S20-26719,1,0,geometry
7197,S19-19367__S19-19367,1,0,geometry
7198,S18-18746__S18-18746,1,1,geometry
7199,S17-42935__S17-42935,1,0,geometry
7200,S2326329__S23-26329-_-BIOPSY,0,0,geometry
7201,S2039743__S20-39743-P-PLHE_3,1,0,geometry
7202,S2227608__S22-27608-_-SERIAL_1,1,1,geometry
7203,S2511859__S25-11859_0_BP1A2021_150616,0,0,geometry
7204,S2516970__S25-16970____155248,1,1,geometry
7205,S2516971__S25-16971____140945,0,1,geometry
7206,S2039743__S20-39743-C-PLHE_0,1,1,geometry
7207,S2423618__S24-23618-_-RECUT_2,0,1,geometry
7208,S2533022__S2533022_0_BP1A2021,0,1,geometry
7209,S18-18746__S18-18746,1,0,geometry
7210,S2524777__S2524777_0_BP1A2021,0,1,geometry
7211,S2520404__S2520404_0_BP1A2021,0,1,geometry
7212,S2326329__S23-26329-_-BIOPSY,0,0,geometry
7213,S2039743__S20-39743-P-PLHE_3,1,0,geometry
7214,S2237601__S22-37601-_-,0,1,geometry
7215,S2516970__S25-16970____155248,1,0,geometry
7216,S2237601__S22-37601-_-,0,1,geometry
7217,S2406754__S24-06754-_-DEEP_2,0,1,geometry
7218,S2039743__S20-39743-L-PLHE_1,1,0,geometry
7219,S2530981__S2530981_0_BP1A2021,0,0,geometry
7220,S2511009__S25-11009_0_BP1A2021_052542,0,0,geometry
7221,S2530985__S2530985_0_BP1A2021,0,0,geometry
7222,S2533022__S2533022_0_BP1A2021,0,1,geometry
7223,S2511008__S25-11008_0_BP1A2021_052339,1,1,geometry
7224,S2516970__S25-16970____155248,1,0,geometry
7225,S2511009__S25-11009_0_BP1A2021_052542,0,0,geometry
7226,S2352429__S23-52429-_-RECUT_1,0,0,geometry
7227,S2522980__S2522980_0_BP1A2021,0,0,geometry
7228,S2039743__S20-39743-C-PLHE_0,1,1,geometry
7229,S2424255__S2424255,0,0,geometry
7230,S2406754__S24-06754-_-SERIAL_1,0,1,geometry
7231,S18-18746__S18-18746,1,1,geometry
7232,S2406754__S24-06754-_-DEEP_2,0,1,geometry
7233,S2227608__S22-27608-_-SERIAL_1,1,1,geometry
7234,S2511859__S25-11859_0_BP1A2021_150616,0,1,geometry
7235,S2237601__S22-37601-_-,0,0,geometry
7236,S2326329__S23-26329-_-BIOPSY,0,0,geometry
7237,S2511010__S25-11010_0_BP1A2021_052642,1,0,geometry
7238,S20-28924__S20-28924,0,1,geometry
7239,S20-28924__S20-28924,0,0,geometry
7240,S20-26719__S20-26719,1,1,geometry
7241,S2227604__S22-27604-_-BIOPSY,1,1,geometry
7242,S2352429__S23-52429-_-RECUT_1,0,0,geometry
7243,S2511859__S25-11859_0_BP1A2021_150616,0,0,geometry
7244,S2229537__S22-29537-_-SERIAL_1,1,1,geometry
7245,S2511008__S25-11008_0_BP1A2021_052339,1,0,geometry
7246,S2227608__S22-27608-_-SERIAL_2,1,0,geometry
7247,S2406038__S2406038,0,0,geometry
7248,S2229537__S22-29537-_-SERIAL_1,1,0,geometry
7249,S18-18746__S18-18746,1,0,geometry
7250,S2434918__S24-34918-_-BIOPSY,1,0,geometry
7251,S2128633__S2128633--DEEP,1,1,geometry
7252,S2424255__S2424255,0,1,geometry
7253,S2511010__S25-11010_0_BP1A2021_052642,1,0,geometry
7254,S2352429__S23-52429-_-RECUT_1,0,1,geometry
7255,S2520404__S2520404_0_BP1A2021,0,0,geometry
7256,S2436457__S2436457_BP1B11_C_15540_2,0,1,geometry
7257,S2227608__S22-27608-_-SERIAL_2,1,1,geometry
7258,S2434918__S24-34918-_-BIOPSY,1,1,geometry
7259,S2344462__S23-44462-_-BIOPSY,0,1,geometry
7260,S2522980__S2522980_0_BP1A2021,0,0,geometry
7261,S2227608__S22-27608-_-SERIAL_2,1,0,geometry
7262,S2326329__S23-26329-_-BIOPSY,0,1,geometry
7263,S2530981__S2530981_0_BP1A2021,0,1,geometry
7264,S17-42935__S17-42935,1,0,geometry
7265,S2521240__S2521240_0_BP1A2021,1,1,geometry
7266,S2434918__S24-34918-_-BIOPSY,1,0,geometry
7267,S2511859__S25-11859_0_BP1A2021_150616,0,0,geometry
7268,S2434918__S24-34918-_-BIOPSY,1,0,geometry
7269,S2530981__S2530981_0_BP1A2021,0,1,geometry
7270,S2227608__S22-27608-_-SERIAL_2,1,1,geometry
7271,S2434918__S24-34918-_-BIOPSY,1,1,geometry
7272,S2516970__S25-16970____155248,1,0,geometry
7273,S2512685__S2512685_0_,0,0,geometry
7274,S18-18746__S18-18746,1,0,geometry
7275,S2531985__S2531985_0_BP1A2021,0,0,geometry
7276,S2511010__S25-11010_0_BP1A2021_052642,1,1,geometry
7277,S2424250__S2424250,0,1,geometry
7278,S19-40063__S19-40063,0,1,geometry
7279,S2520404__S2520404_0_BP1A2021,0,1,geometry
7280,S2530985__S2530985_0_BP1A2021,0,0,geometry
7281,S2326329__S23-26329-_-BIOPSY,0,1,geometry
7282,S2511010__S25-11010_0_BP1A2021_052642,1,0,geometry
7283,S2516970__S25-16970____155248,1,1,geometry
7284,S2352429__S23-52429-_-BIOPSY,0,0,geometry
7285,S2326329__S23-26329-_-BIOPSY,0,0,geometry
7286,S2128633__S2128633--DEEP,1,1,geometry
7287,S2401283__S24-01283-_-BIOPSY,0,0,geometry
7288,S17-42935__S17-42935,1,0,geometry
7289,S2039743__S20-39743-P-PLHE_3,1,0,geometry
7290,S2406038__S2406038,0,1,geometry
7291,S2528218__S2528218_0_BP1A2021,0,0,geometry
7292,S2406754__S24-06754-_-DEEP_2,0,1,geometry
7293,S2406754__S24-06754-_-SERIAL_1,0,0,geometry
7294,S2511010__S25-11010_0_BP1A2021_052642,1,1,geometry
7295,S2516970__S25-16970____155248,1,0,geometry
7296,S2235518__S22-35518-_-BIOPSY,0,1,geometry
7297,S2227608__S22-27608-_-SERIAL_2,1,1,geometry
7298,S2424255__S2424255,0,0,geometry
7299,S20-26719__S20-26719,1,1,geometry
7300,S2521240__S2521240_0_BP1A2021,1,0,geometry
7301,S2409390__S2409390,0,0,geometry
7302,S2511010__S25-11010_0_BP1A2021_052642,1,1,geometry
7303,S2401283__S24-01283-_-BIOPSY,0,1,geometry
7304,S2516970__S25-16970____155248,1,1,geometry
7305,S2423618__S24-23618-_-RECUT_2,0,1,geometry
7306,S2326329__S23-26329-_-BIOPSY,0,1,geometry
7307,S2235518__S22-35518-_-BIOPSY,0,0,geometry
7308,S2352429__S23-52429-_-BIOPSY,0,1,geometry
7309,S2424250__S2424250,0,0,geometry
7310,S2504719__S25-04719-_-DEEP_1,0,0,geometry
7311,S2434918__S24-34918-_-BIOPSY,1,1,geometry
7312,S2516970__S25-16970____155248,1,1,geometry
7313,S2521240__S2521240_0_BP1A2021,1,0,geometry
7314,S2516971__S25-16971____140945,0,1,geometry
7315,S2039743__S20-39743-P-PLHE_3,1,1,geometry
7316,S2511010__S25-11010_0_BP1A2021_052642,1,0,geometry
7317,S2511859__S25-11859_0_BP1A2021_150616,0,1,geometry
7318,S2406754__S24-06754-_-DEEP_2,0,1,geometry
7319,S2344462__S23-44462-_-BIOPSY,0,0,geometry
7320,S2525436__S2525436_0_BP1A2021,0,0,geometry
7321,S2423618__S24-23618-_-RECUT_2,0,0,geometry
7322,S19-19367__S19-19367,1,0,geometry
7323,S2039743__S20-39743-P-PLHE_3,1,1,geometry
7324,S18-18746__S18-18746,1,1,geometry
7325,S2530981__S2530981_0_BP1A2021,0,1,geometry
7326,S2039743__S20-39743-C-PLHE_0,1,1,geometry
7327,S2434918__S24-34918-_-BIOPSY,1,0,geometry
7328,S2533022__S2533022_0_BP1A2021,0,1,geometry
7329,S2227608__S22-27608-_-SERIAL_1,1,0,geometry
7330,S2434918__S24-34918-_-BIOPSY,1,1,geometry
7331,S2229537__S22-29537-_-SERIAL_1,1,0,geometry
7332,S2521240__S2521240_0_BP1A2021,1,0,geometry
7333,S2521240__S2521240_0_BP1A2021,1,0,geometry
7334,S2326329__S23-26329-_-BIOPSY,0,0,geometry
7335,S2227604__S22-27604-_-BIOPSY,1,0,geometry
7336,S2516971__S25-16971____155423,0,1,geometry
7337,S20-28924__S20-28924,0,0,geometry
7338,S2424250__S2424250,0,1,geometry
7339,S2352429__S23-52429-_-BIOPSY,0,1,geometry
7340,S2511859__S25-11859_0_BP1A2021_150616,0,1,geometry
7341,S19-19367__S19-19367,1,0,geometry
7342,S2530985__S2530985_0_BP1A2021,0,0,geometry
7343,S2511010__S25-11010_0_BP1A2021_052642,1,0,geometry
7344,S2229537__S22-29537-_-SERIAL_1,1,1,geometry
7345,S19-40063__S19-40063,0,1,geometry
7346,S2406754__S24-06754-_-DEEP_2,0,0,geometry
7347,S18-18746__S18-18746,1,1,geometry
7348,S2511008__S25-11008_0_BP1A2021_052339,1,0,geometry
7349,S2520402__S2520402_0_BP1A2021,0,1,geometry
7350,S19-19367__S19-19367,1,0,geometry
7351,S19-19367__S19-19367,1,1,geometry
7352,S2516970__S25-16970____155248,1,1,geometry
7353,S2511859__S25-11859_0_BP1A2021_150616,0,0,geometry
7354,S2406038__S2406038,0,1,geometry
7355,S19-19367__S19-19367,1,1,geometry
7356,S2525436__S2525436_0_BP1A2021,0,1,geometry
7357,S2521240__S2521240_0_BP1A2021,1,0,geometry
7358,S2516970__S25-16970____155248,1,1,geometry
7359,S2531985__S2531985_0_BP1A2021,0,1,geometry
7360,S2237601__S22-37601-_-,0,1,geometry
7361,S2409390__S2409390,0,1,geometry
7362,S2434918__S24-34918-_-BIOPSY,1,0,geometry
7363,S2229537__S22-29537-_-SERIAL_1,1,1,geometry
7364,S2530985__S2530985_0_BP1A2021,0,0,geometry
7365,S2237603__S22-37603-_-_1,0,1,geometry
7366,S2039743__S20-39743-P-PLHE_3,1,1,geometry
7367,S2511010__S25-11010_0_BP1A2021_052642,1,1,geometry
7368,S2531985__S2531985_0_BP1A2021,0,0,geometry
7369,S2516970__S25-16970____155248,1,1,geometry
7370,S20-28924__S20-28924,0,0,geometry
7371,S2352429__S23-52429-_-RECUT_1,0,1,geometry
7372,S2128633__S2128633--DEEP,1,0,geometry
7373,S2401283__S24-01283-_-BIOPSY,0,0,geometry
7374,S2530981__S2530981_0_BP1A2021,0,0,geometry
7375,S2406754__S24-06754-_-SERIAL_1,0,1,geometry
7376,S2512685__S2512685_0_,0,1,geometry
7377,S2424250__S2424250,0,1,geometry
7378,S2423618__S24-23618-_-RECUT_2,0,1,geometry
7379,S2522980__S2522980_0_BP1A2021,0,0,geometry
7380,S2511010__S25-11010_0_BP1A2021_052642,1,0,geometry
7381,S18-18746__S18-18746,1,1,geometry
7382,S2352429__S23-52429-_-BIOPSY,0,0,geometry
7383,S2409390__S2409390,0,0,geometry
7384,S20-28924__S20-28924,0,0,geometry
7385,S2531985__S2531985_0_BP1A2021,0,1,geometry
7386,S2227608__S22-27608-_-SERIAL_1,1,0,geometry
7387,S2511007__S25-11007_0_BP1A2021_052433,0,1,geometry
7388,S2227604__S22-27604-_-BIOPSY,1,0,geometry
7389,S20-26719__S20-26719,1,1,geometry
7390,S17-42935__S17-42935,1,0,geometry
7391,S2528218__S2528218_0_BP1A2021,0,1,geometry
7392,S20-26719__S20-26719,1,1,geometry
7393,S2216630__S2216630--DEEP_1,0,0,geometry
7394,S2434918__S24-34918-_-BIOPSY,1,0,geometry
7395,S2039743__S20-39743-C-PLHE_0,1,0,geometry
7396,S2516970__S25-16970____155248,1,1,geometry
7397,S2511010__S25-11010_0_BP1A2021_052642,1,0,geometry
7398,S19-40063__S19-40063,0,0,geometry
7399,S2401283__S24-01283-_-BIOPSY,0,0,geometry
7400,S2227604__S22-27604-_-BIOPSY,1,1,geometry
7401,S2039743__S20-39743-C-PLHE_0,1,0,geometry
7402,S2516971__S25-16971____140945,0,0,geometry
7403,S2401283__S24-01283-_-BIOPSY,0,1,geometry
7404,S2406038__S2406038,0,1,geometry
7405,S2039743__S20-39743-L-PLHE_1,1,1,geometry
7406,S2039743__S20-39743-C-PLHE_0,1,0,geometry
7407,S2530063__S2530063_0_BP1A2021,0,0,geometry
7408,S18-18746__S18-18746,1,1,geometry
7409,S2227608__S22-27608-_-SERIAL_1,1,1,geometry
7410,S2344462__S23-44462-_-BIOPSY,0,0,geometry
7411,S2521240__S2521240_0_BP1A2021,1,0,geometry
7412,S2521240__S2521240_0_BP1A2021,1,0,geometry
7413,S2128633__S2128633--DEEP,1,1,geometry
7414,S2520402__S2520402_0_BP1A2021,0,1,geometry
7415,S2504719__S25-04719-_-DEEP_1,0,1,geometry
7416,S2227608__S22-27608-_-SERIAL_1,1,1,geometry
7417,S2227608__S22-27608-_-SERIAL_2,1,1,geometry
7418,S2227608__S22-27608-_-SERIAL_2,1,1,geometry
7419,S2521240__S2521240_0_BP1A2021,1,0,geometry
7420,S2511008__S25-11008_0_BP1A2021_052339,1,0,geometry
7421,S2235518__S22-35518-_-BIOPSY,0,1,geometry
7422,S2039743__S20-39743-C-PLHE_0,1,1,geometry
7423,S20-26719__S20-26719,1,1,geometry
7424,S2504719__S25-04719-_-DEEP_1,0,1,geometry
7425,S2406754__S24-06754-_-DEEP_2,0,0,geometry
7426,S2237601__S22-37601-_-,0,0,geometry
7427,S2352429__S23-52429-_-RECUT_1,0,0,geometry
7428,S2229537__S22-29537-_-SERIAL_1,1,1,geometry
7429,S2504719__S25-04719-_-DEEP_1,0,1,geometry
7430,S2039743__S20-39743-L-PLHE_1,1,1,geometry
7431,S2227608__S22-27608-_-SERIAL_2,1,0,geometry
7432,S2227604__S22-27604-_-BIOPSY,1,0,geometry
7433,S2530985__S2530985_0_BP1A2021,0,0,geometry
7434,S2401283__S24-01283-_-BIOPSY,0,1,geometry
7435,S2424255__S2424255,0,1,geometry
7436,S18-18746__S18-18746,1,1,geometry
7437,S2520402__S2520402_0_BP1A2021,0,0,geometry
7438,S2039743__S20-39743-C-PLHE_0,1,1,geometry
7439,S2227608__S22-27608-_-SERIAL_1,1,0,geometry
7440,S2406038__S2406038,0,0,geometry
7441,S2424255__S2424255,0,0,geometry
7442,S2409390__S2409390,0,1,geometry
7443,S18-18746__S18-18746,1,0,geometry
7444,S2406038__S2406038,0,0,geometry
7445,S2512685__S2512685_0_,0,1,geometry
7446,S2521240__S2521240_0_BP1A2021,1,1,geometry
7447,S2511007__S25-11007_0_BP1A2021_052433,0,0,geometry
7448,S2039743__S20-39743-C-PLHE_0,1,1,geometry
7449,S2128633__S2128633--DEEP,1,1,geometry
7450,S2511010__S25-11010_0_BP1A2021_052642,1,0,geometry
7451,S19-19367__S19-19367,1,1,geometry
7452,S2528218__S2528218_0_BP1A2021,0,1,geometry
7453,S2520402__S2520402_0_BP1A2021,0,1,geometry
7454,S2511008__S25-11008_0_BP1A2021_052339,1,1,geometry
7455,S2406038__S2406038,0,1,geometry
7456,S2504719__S25-04719-_-DEEP_1,0,1,geometry
7457,S18-18746__S18-18746,1,1,geometry
7458,S2530985__S2530985_0_BP1A2021,0,0,geometry
7459,S2520404__S2520404_0_BP1A2021,0,0,geometry
7460,S2229537__S22-29537-_-SERIAL_1,1,0,geometry
7461,S2227608__S22-27608-_-SERIAL_2,1,1,geometry
7462,S2401283__S24-01283-_-BIOPSY,0,0,geometry
7463,S2237601__S22-37601-_-,0,0,geometry
7464,S2352429__S23-52429-_-BIOPSY,0,1,geometry
7465,S18-18746__S18-18746,1,1,geometry
7466,S20-26719__S20-26719,1,1,geometry
7467,S2039743__S20-39743-L-PLHE_1,1,0,geometry
7468,S20-26719__S20-26719,1,1,geometry
7469,S2227604__S22-27604-_-BIOPSY,1,1,geometry
7470,S19-19367__S19-19367,1,0,geometry
7471,S2039743__S20-39743-L-PLHE_1,1,0,geometry
7472,S2530063__S2530063_0_BP1A2021,0,0,geometry
7473,S2423618__S24-23618-_-RECUT_2,0,0,geometry
7474,S2436457__S2436457_BP1B11_C_15540_2,0,1,geometry
7475,S2128633__S2128633--DEEP,1,0,geometry
7476,S2128633__S2128633--DEEP,1,0,geometry
7477,S2406754__S24-06754-_-DEEP_2,0,1,geometry
7478,S20-26719__S20-26719,1,0,geometry
7479,S2039743__S20-39743-P-PLHE_3,1,1,geometry
7480,S2424250__S2424250,0,0,geometry
7481,S2528218__S2528218_0_BP1A2021,0,1,geometry
7482,S17-42935__S17-42935,1,0,geometry
7483,S2525436__S2525436_0_BP1A2021,0,1,geometry
7484,S2039743__S20-39743-C-PLHE_0,1,1,geometry
7485,S20-26719__S20-26719,1,0,geometry
7486,S2401283__S24-01283-_-BIOPSY,0,0,geometry
7487,S2522980__S2522980_0_BP1A2021,0,0,geometry
7488,S2516970__S25-16970____155248,1,1,geometry
7489,S2352429__S23-52429-_-BIOPSY,0,1,geometry
7490,S2511010__S25-11010_0_BP1A2021_052642,1,0,geometry
7491,S20-26719__S20-26719,1,1,geometry
7492,S2521240__S2521240_0_BP1A2021,1,0,geometry
7493,S2511008__S25-11008_0_BP1A2021_052339,1,0,geometry
7494,S2237603__S22-37603-_-_1,0,1,geometry
7495,S2512685__S2512685_0_,0,0,geometry
7496,S2227604__S22-27604-_-BIOPSY,1,0,geometry
7497,S2520402__S2520402_0_BP1A2021,0,0,geometry
7498,S20-28924__S20-28924,0,1,geometry
7499,S2227604__S22-27604-_-BIOPSY,1,0,geometry
7500,S2406754__S24-06754-_-SERIAL_1,0,0,geometry
7501,S2511009__S25-11009_0_BP1A2021_052542,0,0,geometry
7502,S2522980__S2522980_0_BP1A2021,0,1,geometry
7503,S2436457__S2436457_BP1B11_C_15540_2,0,1,geometry
7504,S2227608__S22-27608-_-SERIAL_1,1,0,geometry
7505,S2039743__S20-39743-C-PLHE_0,1,0,geometry
7506,S2521240__S2521240_0_BP1A2021,1,0,geometry
7507,S2511008__S25-11008_0_BP1A2021_052339,1,1,geometry
7508,S2520402__S2520402_0_BP1A2021,0,0,geometry
7509,S2227608__S22-27608-_-SERIAL_1,1,1,geometry
7510,S2521240__S2521240_0_BP1A2021,1,0,geometry
7511,S20-26719__S20-26719,1,1,geometry
7512,S2436457__S2436457_BP1B11_C_15540_2,0,1,geometry
7513,S2525436__S2525436_0_BP1A2021,0,1,geometry
7514,S2516971__S25-16971____140945,0,0,geometry
7515,S2039743__S20-39743-L-PLHE_1,1,0,geometry
7516,S2406038__S2406038,0,0,geometry
7517,S2511859__S25-11859_0_BP1A2021_150616,0,0,geometry
7518,S2039743__S20-39743-C-PLHE_0,1,0,geometry
7519,S2406754__S24-06754-_-SERIAL_1,0,1,geometry
7520,S2401283__S24-01283-_-BIOPSY,0,0,geometry
7521,S2227604__S22-27604-_-BIOPSY,1,1,geometry
7522,S2227608__S22-27608-_-SERIAL_2,1,0,geometry
7523,S2227604__S22-27604-_-BIOPSY,1,0,geometry
7524,S17-42935__S17-42935,1,0,geometry
7525,S2434918__S24-34918-_-BIOPSY,1,0,geometry
7526,S2511859__S25-11859_0_BP1A2021_150616,0,1,geometry
7527,S2533022__S2533022_0_BP1A2021,0,1,geometry
7528,S2406038__S2406038,0,1,geometry
7529,S2039743__S20-39743-P-PLHE_3,1,0,geometry
7530,S2436457__S2436457_BP1B11_C_15540_2,0,0,geometry
7531,S2516971__S25-16971____140945,0,1,geometry
7532,S2344462__S23-44462-_-BIOPSY,0,0,geometry
7533,S2227604__S22-27604-_-BIOPSY,1,1,geometry
7534,S2424250__S2424250,0,0,geometry
7535,S2511859__S25-11859_0_BP1A2021_150616,0,1,geometry
7536,S2513847__S25-13847_0_BP1A2021_131603,0,0,geometry
7537,S2515598__S25-15598_0__144202,0,1,geometry
7538,S2511010__S25-11010_0_BP1A2021_052642,1,1,geometry
7539,S2039743__S20-39743-C-PLHE_0,1,1,geometry
7540,S2039743__S20-39743-L-PLHE_1,1,1,geometry
7541,S2522980__S2522980_0_BP1A2021,0,0,geometry
7542,S2520404__S2520404_0_BP1A2021,0,1,geometry
7543,S2522980__S2522980_0_BP1A2021,0,1,geometry
7544,S2128633__S2128633--DEEP,1,1,geometry
7545,S2530063__S2530063_0_BP1A2021,0,1,geometry
7546,S2533022__S2533022_0_BP1A2021,0,1,geometry
7547,S2528218__S2528218_0_BP1A2021,0,1,geometry
7548,S2235518__S22-35518-_-BIOPSY,0,0,geometry
7549,S19-19367__S19-19367,1,0,geometry
7550,S2039743__S20-39743-P-PLHE_3,1,1,geometry
7551,S2409390__S2409390,0,1,geometry
7552,S2525436__S2525436_0_BP1A2021,0,0,geometry
7553,S19-19367__S19-19367,1,1,geometry
7554,S2511008__S25-11008_0_BP1A2021_052339,1,1,geometry
7555,S2128633__S2128633--DEEP,1,1,geometry
7556,S2511010__S25-11010_0_BP1A2021_052642,1,0,geometry
7557,S2528218__S2528218_0_BP1A2021,0,1,geometry
7558,S2128633__S2128633--DEEP,1,1,geometry
7559,S2516970__S25-16970____155248,1,1,geometry
7560,S2516971__S25-16971____140945,0,1,geometry
7561,S2511009__S25-11009_0_BP1A2021_052542,0,0,geometry
7562,S19-19367__S19-19367,1,0,geometry
7563,S2531985__S2531985_0_BP1A2021,0,0,geometry
7564,S2039743__S20-39743-P-PLHE_3,1,1,geometry
7565,S17-42935__S17-42935,1,1,geometry
7566,S2227604__S22-27604-_-BIOPSY,1,1,geometry
7567,S2516971__S25-16971____155423,0,1,geometry
7568,S2434918__S24-34918-_-BIOPSY,1,0,geometry
7569,S2401283__S24-01283-_-BIOPSY,0,1,geometry
7570,S2511008__S25-11008_0_BP1A2021_052339,1,0,geometry
7571,S19-19367__S19-19367,1,0,geometry
7572,S2511007__S25-11007_0_BP1A2021_052433,0,0,geometry
7573,S20-26719__S20-26719,1,1,geometry
7574,S2227608__S22-27608-_-SERIAL_2,1,1,geometry
7575,S2352429__S23-52429-_-BIOPSY,0,0,geometry
7576,S2530063__S2530063_0_BP1A2021,0,0,geometry
7577,S2128633__S2128633--DEEP,1,0,geometry
7578,S20-26719__S20-26719,1,1,geometry
7579,S20-26719__S20-26719,1,0,geometry
7580,S2227604__S22-27604-_-BIOPSY,1,1,geometry
7581,S2409390__S2409390,0,1,geometry
7582,S2039743__S20-39743-P-PLHE_3,1,0,geometry
7583,S2039743__S20-39743-L-PLHE_1,1,1,geometry
7584,S2406038__S2406038,0,0,geometry
7585,S2227608__S22-27608-_-SERIAL_2,1,0,geometry
7586,S17-42935__S17-42935,1,0,geometry
7587,S20-28924__S20-28924,0,1,geometry
7588,S2128633__S2128633--DEEP,1,0,geometry
7589,S2521240__S2521240_0_BP1A2021,1,1,geometry
7590,S2511010__S25-11010_0_BP1A2021_052642,1,0,geometry
7591,S2227604__S22-27604-_-BIOPSY,1,0,geometry
7592,S2406754__S24-06754-_-DEEP_2,0,1,geometry
7593,S2039743__S20-39743-P-PLHE_3,1,1,geometry
7594,S2424255__S2424255,0,0,geometry
7595,S2511008__S25-11008_0_BP1A2021_052339,1,1,geometry
7596,S2516971__S25-16971____140945,0,1,geometry
7597,S2511009__S25-11009_0_BP1A2021_052542,0,0,geometry
7598,S2528218__S2528218_0_BP1A2021,0,1,geometry
7599,S2423618__S24-23618-_-RECUT_2,0,0,geometry
7600,S2039743__S20-39743-C-PLHE_0,1,1,geometry
7601,S2516970__S25-16970____155248,1,1,geometry
7602,S2128633__S2128633--DEEP,1,1,geometry
7603,S2516971__S25-16971____155423,0,0,geometry
7604,S2039743__S20-39743-L-PLHE_1,1,0,geometry
7605,S2229537__S22-29537-_-SERIAL_1,1,0,geometry
7606,S2524777__S2524777_0_BP1A2021,0,0,geometry
7607,S2511010__S25-11010_0_BP1A2021_052642,1,0,geometry
7608,S2521240__S2521240_0_BP1A2021,1,0,geometry
7609,S2530981__S2530981_0_BP1A2021,0,0,geometry
7610,S2229537__S22-29537-_-SERIAL_1,1,1,geometry
7611,S2511859__S25-11859_0_BP1A2021_150616,0,0,geometry
7612,S2434918__S24-34918-_-BIOPSY,1,0,geometry
7613,S2533022__S2533022_0_BP1A2021,0,1,geometry
7614,S2511010__S25-11010_0_BP1A2021_052642,1,1,geometry
7615,S2344462__S23-44462-_-BIOPSY,0,1,geometry
7616,S2521240__S2521240_0_BP1A2021,1,1,geometry
7617,S2227608__S22-27608-_-SERIAL_2,1,0,geometry
7618,S2530981__S2530981_0_BP1A2021,0,1,geometry
7619,S2434918__S24-34918-_-BIOPSY,1,0,geometry
7620,S2516971__S25-16971____140945,0,0,geometry
7621,S2530981__S2530981_0_BP1A2021,0,1,geometry
7622,S2406038__S2406038,0,1,geometry
7623,S2530063__S2530063_0_BP1A2021,0,1,geometry
7624,S2511007__S25-11007_0_BP1A2021_052433,0,0,geometry
7625,S2039743__S20-39743-P-PLHE_3,1,0,geometry
7626,S2521240__S2521240_0_BP1A2021,1,1,geometry
7627,S2039743__S20-39743-C-PLHE_0,1,1,geometry
7628,S2237601__S22-37601-_-,0,1,geometry
7629,S2511010__S25-11010_0_BP1A2021_052642,1,0,geometry
7630,S2511008__S25-11008_0_BP1A2021_052339,1,0,geometry
7631,S2516971__S25-16971____155423,0,0,geometry
7632,S20-26719__S20-26719,1,1,geometry
7633,S19-19367__S19-19367,1,1,geometry
7634,S2227604__S22-27604-_-BIOPSY,1,0,geometry
7635,S2424255__S2424255,0,0,geometry
7636,S2516970__S25-16970____155248,1,1,geometry
7637,S17-42935__S17-42935,1,0,geometry
7638,S17-42935__S17-42935,1,1,geometry
7639,S20-26719__S20-26719,1,0,geometry
7640,S2504719__S25-04719-_-DEEP_1,0,0,geometry
7641,S2237601__S22-37601-_-,0,0,geometry
7642,S18-18746__S18-18746,1,1,geometry
7643,S2521240__S2521240_0_BP1A2021,1,0,geometry
7644,S2039743__S20-39743-L-PLHE_1,1,1,geometry
7645,S2039743__S20-39743-L-PLHE_1,1,1,geometry
7646,S2237601__S22-37601-_-,0,1,geometry
7647,S2515598__S25-15598_0__144202,0,1,geometry
7648,S19-19367__S19-19367,1,1,geometry
7649,S2530063__S2530063_0_BP1A2021,0,1,geometry
7650,S2227604__S22-27604-_-BIOPSY,1,0,geometry
7651,S2521240__S2521240_0_BP1A2021,1,1,geometry
7652,S2511008__S25-11008_0_BP1A2021_052339,1,0,geometry
7653,S2229537__S22-29537-_-SERIAL_1,1,1,geometry
7654,S2229537__S22-29537-_-SERIAL_1,1,1,geometry
7655,S2229537__S22-29537-_-SERIAL_1,1,0,geometry
7656,S2511010__S25-11010_0_BP1A2021_052642,1,1,geometry
7657,S2227604__S22-27604-_-BIOPSY,1,1,geometry
7658,S2528218__S2528218_0_BP1A2021,0,0,geometry
7659,S2434918__S24-34918-_-BIOPSY,1,1,geometry
7660,S2434918__S24-34918-_-BIOPSY,1,1,geometry
7661,S2530981__S2530981_0_BP1A2021,0,0,geometry
7662,S2424255__S2424255,0,0,geometry
7663,S2436457__S2436457_BP1B11_C_15540_2,0,1,geometry
7664,S2229537__S22-29537-_-SERIAL_1,1,1,geometry
7665,S2216630__S2216630--DEEP_1,0,0,geometry
7666,S2406754__S24-06754-_-DEEP_2,0,1,geometry
7667,S17-42935__S17-42935,1,1,geometry
7668,S2522980__S2522980_0_BP1A2021,0,0,geometry
7669,S2516970__S25-16970____155248,1,0,geometry
7670,S2406038__S2406038,0,1,geometry
7671,S17-42935__S17-42935,1,0,geometry
7672,S2511859__S25-11859_0_BP1A2021_150616,0,0,geometry
7673,S2227608__S22-27608-_-SERIAL_1,1,0,geometry
7674,S2515598__S25-15598_0__144202,0,1,geometry
7675,S2530985__S2530985_0_BP1A2021,0,1,geometry
7676,S2401283__S24-01283-_-BIOPSY,0,1,geometry
7677,S2511859__S25-11859_0_BP1A2021_150616,0,0,geometry
7678,S2515598__S25-15598_0__144202,0,1,geometry
7679,S18-18746__S18-18746,1,0,geometry
7680,S2530063__S2530063_0_BP1A2021,0,0,geometry
7681,S2524777__S2524777_0_BP1A2021,0,1,geometry
7682,S2434918__S24-34918-_-BIOPSY,1,0,geometry
7683,S2522980__S2522980_0_BP1A2021,0,1,geometry
7684,S2227608__S22-27608-_-SERIAL_2,1,0,geometry
7685,S2512685__S2512685_0_,0,0,geometry
7686,S2406038__S2406038,0,1,geometry
7687,S2039743__S20-39743-C-PLHE_0,1,0,geometry
7688,S2522980__S2522980_0_BP1A2021,0,0,geometry
7689,S2511008__S25-11008_0_BP1A2021_052339,1,1,geometry
7690,S2511859__S25-11859_0_BP1A2021_150616,0,1,geometry
7691,S18-18746__S18-18746,1,1,geometry
7692,S2227608__S22-27608-_-SERIAL_1,1,1,geometry
7693,S2344462__S23-44462-_-BIOPSY,0,1,geometry
7694,S2344462__S23-44462-_-BIOPSY,0,1,geometry
7695,S2530063__S2530063_0_BP1A2021,0,1,geometry
7696,S2216630__S2216630--DEEP_1,0,0,geometry
7697,S2434918__S24-34918-_-BIOPSY,1,1,geometry
7698,S2520402__S2520402_0_BP1A2021,0,1,geometry
7699,S2229537__S22-29537-_-SERIAL_1,1,1,geometry
7700,S2520404__S2520404_0_BP1A2021,0,1,geometry
7701,S2039743__S20-39743-C-PLHE_0,1,1,geometry
7702,S2352429__S23-52429-_-RECUT_1,0,0,geometry
7703,S2237603__S22-37603-_-_1,0,0,geometry
7704,S2504719__S25-04719-_-DEEP_1,0,1,geometry
7705,S2511010__S25-11010_0_BP1A2021_052642,1,1,geometry
7706,S2516970__S25-16970____155248,1,0,geometry
7707,S2531985__S2531985_0_BP1A2021,0,1,geometry
7708,S17-42935__S17-42935,1,0,geometry
7709,S2511010__S25-11010_0_BP1A2021_052642,1,0,geometry
7710,S2344462__S23-44462-_-BIOPSY,0,1,geometry
7711,S2531985__S2531985_0_BP1A2021,0,0,geometry
7712,S2511009__S25-11009_0_BP1A2021_052542,0,1,geometry
7713,S2511008__S25-11008_0_BP1A2021_052339,1,1,geometry
7714,S2531985__S2531985_0_BP1A2021,0,1,geometry
7715,S2516970__S25-16970____155248,1,0,geometry
7716,S2525436__S2525436_0_BP1A2021,0,1,geometry
7717,S2504719__S25-04719-_-DEEP_1,0,1,geometry
7718,S20-28924__S20-28924,0,1,geometry
7719,S2530063__S2530063_0_BP1A2021,0,1,geometry
7720,S2237603__S22-37603-_-_1,0,1,geometry
7721,S2525436__S2525436_0_BP1A2021,0,1,geometry
7722,S2531985__S2531985_0_BP1A2021,0,1,geometry
7723,S20-28924__S20-28924,0,1,geometry
7724,S2528218__S2528218_0_BP1A2021,0,1,geometry
7725,S2423618__S24-23618-_-RECUT_2,0,1,geometry
7726,S19-19367__S19-19367,1,0,geometry
7727,S2227608__S22-27608-_-SERIAL_2,1,1,geometry
7728,S2227604__S22-27604-_-BIOPSY,1,1,geometry
7729,S2227608__S22-27608-_-SERIAL_1,1,0,geometry
7730,S2229537__S22-29537-_-SERIAL_1,1,1,geometry
7731,S18-18746__S18-18746,1,0,geometry
7732,S2530063__S2530063_0_BP1A2021,0,0,geometry
7733,S2216630__S2216630--DEEP_1,0,0,geometry
7734,S2039743__S20-39743-C-PLHE_0,1,0,geometry
7735,S2406754__S24-06754-_-DEEP_2,0,0,geometry
7736,S2344462__S23-44462-_-BIOPSY,0,0,geometry
7737,S2227608__S22-27608-_-SERIAL_1,1,0,geometry
7738,S2511007__S25-11007_0_BP1A2021_052433,0,1,geometry
7739,S2406754__S24-06754-_-SERIAL_1,0,0,geometry
7740,S2516971__S25-16971____155423,0,0,geometry
7741,S2227604__S22-27604-_-BIOPSY,1,0,geometry
7742,S2434918__S24-34918-_-BIOPSY,1,0,geometry
7743,S2513847__S25-13847_0_BP1A2021_131603,0,0,geometry
7744,S2128633__S2128633--DEEP,1,0,geometry
7745,S2424255__S2424255,0,0,geometry
7746,S2434918__S24-34918-_-BIOPSY,1,1,geometry
7747,S2525436__S2525436_0_BP1A2021,0,1,geometry
7748,S17-42935__S17-42935,1,0,geometry
7749,S17-42935__S17-42935,1,1,geometry
7750,S2406038__S2406038,0,0,geometry
7751,S2409390__S2409390,0,1,geometry
7752,S2227608__S22-27608-_-SERIAL_2,1,0,geometry
7753,S2436457__S2436457_BP1B11_C_15540_2,0,0,geometry
7754,S2237601__S22-37601-_-,0,0,geometry
7755,S17-42935__S17-42935,1,0,geometry
7756,S2406754__S24-06754-_-SERIAL_1,0,1,geometry
7757,S19-40063__S19-40063,0,1,geometry
7758,S2525436__S2525436_0_BP1A2021,0,1,geometry
7759,S17-42935__S17-42935,1,1,geometry
7760,S2424250__S2424250,0,0,geometry
7761,S2511009__S25-11009_0_BP1A2021_052542,0,1,geometry
7762,S2436457__S2436457_BP1B11_C_15540_2,0,0,geometry
7763,S2039743__S20-39743-P-PLHE_3,1,0,geometry
7764,S2229537__S22-29537-_-SERIAL_1,1,0,geometry
7765,S17-42935__S17-42935,1,1,geometry
7766,S2227608__S22-27608-_-SERIAL_2,1,0,geometry
7767,S2039743__S20-39743-C-PLHE_0,1,0,geometry
7768,S2326329__S23-26329-_-BIOPSY,0,0,geometry
7769,S2530063__S2530063_0_BP1A2021,0,1,geometry
7770,S2352429__S23-52429-_-RECUT_1,0,1,geometry
7771,S2511010__S25-11010_0_BP1A2021_052642,1,0,geometry
7772,S2406754__S24-06754-_-SERIAL_1,0,0,geometry
7773,S2237601__S22-37601-_-,0,1,geometry
7774,S2406038__S2406038,0,0,geometry
7775,S2521240__S2521240_0_BP1A2021,1,1,geometry
7776,S18-18746__S18-18746,1,0,geometry
7777,S2530063__S2530063_0_BP1A2021,0,0,geometry
7778,S2423618__S24-23618-_-RECUT_2,0,0,geometry
7779,S2528218__S2528218_0_BP1A2021,0,0,geometry
7780,S2436457__S2436457_BP1B11_C_15540_2,0,1,geometry
7781,S2235518__S22-35518-_-BIOPSY,0,0,geometry
7782,S2039743__S20-39743-L-PLHE_1,1,0,geometry
7783,S20-28924__S20-28924,0,1,geometry
7784,S20-26719__S20-26719,1,1,geometry
7785,S2039743__S20-39743-C-PLHE_0,1,1,geometry
7786,S2424255__S2424255,0,1,geometry
7787,S20-26719__S20-26719,1,1,geometry
7788,S2513847__S25-13847_0_BP1A2021_131603,0,0,geometry
7789,S2521240__S2521240_0_BP1A2021,1,0,geometry
7790,S2406038__S2406038,0,0,geometry
7791,S2039743__S20-39743-L-PLHE_1,1,0,geometry
7792,S19-19367__S19-19367,1,1,geometry
7793,S2039743__S20-39743-P-PLHE_3,1,1,geometry
7794,S2039743__S20-39743-L-PLHE_1,1,1,geometry
7795,S2352429__S23-52429-_-BIOPSY,0,1,geometry
7796,S2516970__S25-16970____155248,1,0,geometry
7797,S2531985__S2531985_0_BP1A2021,0,1,geometry
7798,S2434918__S24-34918-_-BIOPSY,1,0,geometry
7799,S19-40063__S19-40063,0,0,geometry
7800,S2039743__S20-39743-C-PLHE_0,1,1,geometry
7801,S2326329__S23-26329-_-BIOPSY,0,0,geometry
7802,S2406038__S2406038,0,1,geometry
7803,S2530981__S2530981_0_BP1A2021,0,1,geometry
7804,S2524777__S2524777_0_BP1A2021,0,1,geometry
7805,S2531985__S2531985_0_BP1A2021,0,0,geometry
7806,S2039743__S20-39743-P-PLHE_3,1,1,geometry
7807,S2406038__S2406038,0,1,geometry
7808,S2128633__S2128633--DEEP,1,0,geometry
7809,S17-42935__S17-42935,1,0,geometry
7810,S2128633__S2128633--DEEP,1,0,geometry
7811,S2039743__S20-39743-P-PLHE_3,1,0,geometry
7812,S2434918__S24-34918-_-BIOPSY,1,1,geometry
7813,S17-42935__S17-42935,1,0,geometry
7814,S2530985__S2530985_0_BP1A2021,0,1,geometry
7815,S2227608__S22-27608-_-SERIAL_2,1,1,geometry
7816,S2511010__S25-11010_0_BP1A2021_052642,1,0,geometry
7817,S2511859__S25-11859_0_BP1A2021_150616,0,1,geometry
7818,S2216630__S2216630--DEEP_1,0,1,geometry
7819,S2229537__S22-29537-_-SERIAL_1,1,1,geometry
7820,S2237603__S22-37603-_-_1,0,0,geometry
7821,S2229537__S22-29537-_-SERIAL_1,1,1,geometry
7822,S2511010__S25-11010_0_BP1A2021_052642,1,0,geometry
7823,S2434918__S24-34918-_-BIOPSY,1,1,geometry
7824,S20-26719__S20-26719,1,1,geometry
7825,S2513847__S25-13847_0_BP1A2021_131603,0,0,geometry
7826,S2039743__S20-39743-C-PLHE_0,1,0,geometry
7827,S2515598__S25-15598_0__144202,0,0,geometry
7828,S2352429__S23-52429-_-BIOPSY,0,0,geometry
7829,S2229537__S22-29537-_-SERIAL_1,1,0,geometry
7830,S2039743__S20-39743-P-PLHE_3,1,0,geometry
7831,S2520404__S2520404_0_BP1A2021,0,0,geometry
7832,S17-42935__S17-42935,1,1,geometry
7833,S2039743__S20-39743-L-PLHE_1,1,0,geometry
7834,S2530985__S2530985_0_BP1A2021,0,0,geometry
7835,S2401283__S24-01283-_-BIOPSY,0,1,geometry
7836,S2511007__S25-11007_0_BP1A2021_052433,0,0,geometry
7837,S2436457__S2436457_BP1B11_C_15540_2,0,1,geometry
7838,S2424250__S2424250,0,1,geometry
7839,S2434918__S24-34918-_-BIOPSY,1,0,geometry
7840,S2039743__S20-39743-L-PLHE_1,1,0,geometry
7841,S2516970__S25-16970____155248,1,1,geometry
7842,S2516970__S25-16970____155248,1,0,geometry
7843,S2504719__S25-04719-_-DEEP_1,0,1,geometry
7844,S2530981__S2530981_0_BP1A2021,0,1,geometry
7845,S2436457__S2436457_BP1B11_C_15540_2,0,0,geometry
7846,S2531985__S2531985_0_BP1A2021,0,0,geometry
7847,S2326329__S23-26329-_-BIOPSY,0,1,geometry
7848,S2235518__S22-35518-_-BIOPSY,0,1,geometry
7849,S2516971__S25-16971____140945,0,1,geometry
7850,S2516970__S25-16970____155248,1,0,geometry
7851,S20-28924__S20-28924,0,1,geometry
7852,S2227604__S22-27604-_-BIOPSY,1,1,geometry
7853,S2344462__S23-44462-_-BIOPSY,0,0,geometry
7854,S2227608__S22-27608-_-SERIAL_1,1,1,geometry
7855,S2326329__S23-26329-_-BIOPSY,0,0,geometry
7856,S20-26719__S20-26719,1,1,geometry
7857,S2515598__S25-15598_0__144202,0,0,geometry
7858,S2039743__S20-39743-P-PLHE_3,1,1,geometry
7859,S2511008__S25-11008_0_BP1A2021_052339,1,0,geometry
7860,S2406038__S2406038,0,1,geometry
7861,S2511007__S25-11007_0_BP1A2021_052433,0,1,geometry
7862,S2235518__S22-35518-_-BIOPSY,0,1,geometry
7863,S2352429__S23-52429-_-RECUT_1,0,0,geometry
7864,S2039743__S20-39743-L-PLHE_1,1,0,geometry
7865,S2530981__S2530981_0_BP1A2021,0,1,geometry
7866,S2524777__S2524777_0_BP1A2021,0,0,geometry
7867,S2521240__S2521240_0_BP1A2021,1,1,geometry
7868,S2521240__S2521240_0_BP1A2021,1,0,geometry
7869,S2521240__S2521240_0_BP1A2021,1,0,geometry
7870,S2424255__S2424255,0,0,geometry
7871,S2511007__S25-11007_0_BP1A2021_052433,0,0,geometry
7872,S2227604__S22-27604-_-BIOPSY,1,1,geometry
7873,S2521240__S2521240_0_BP1A2021,1,0,geometry
7874,S2352429__S23-52429-_-RECUT_1,0,0,geometry
7875,S2434918__S24-34918-_-BIOPSY,1,0,geometry
7876,S2516970__S25-16970____155248,1,0,geometry
7877,S2216630__S2216630--DEEP_1,0,1,geometry
7878,S2039743__S20-39743-P-PLHE_3,1,1,geometry
7879,S2229537__S22-29537-_-SERIAL_1,1,0,geometry
7880,S2512685__S2512685_0_,0,1,geometry
7881,S2424255__S2424255,0,1,geometry
7882,S2039743__S20-39743-C-PLHE_0,1,1,geometry
7883,S2424250__S2424250,0,1,geometry
7884,S2528218__S2528218_0_BP1A2021,0,0,geometry
7885,S20-26719__S20-26719,1,1,geometry
7886,S2511009__S25-11009_0_BP1A2021_052542,0,0,geometry
7887,S2520404__S2520404_0_BP1A2021,0,0,geometry
7888,S2524777__S2524777_0_BP1A2021,0,1,geometry
7889,S2520402__S2520402_0_BP1A2021,0,1,geometry
7890,S2227608__S22-27608-_-SERIAL_1,1,0,geometry
7891,S2039743__S20-39743-C-PLHE_0,1,1,geometry
7892,S2409390__S2409390,0,0,geometry
7893,S2522980__S2522980_0_BP1A2021,0,0,geometry
7894,S2513847__S25-13847_0_BP1A2021_131603,0,0,geometry
7895,S2229537__S22-29537-_-SERIAL_1,1,0,geometry
7896,S2521240__S2521240_0_BP1A2021,1,0,geometry
7897,S2039743__S20-39743-C-PLHE_0,1,1,geometry
7898,S2128633__S2128633--DEEP,1,0,geometry
7899,S2352429__S23-52429-_-BIOPSY,0,0,geometry
7900,S2227604__S22-27604-_-BIOPSY,1,0,geometry
7901,S2424250__S2424250,0,0,geometry
7902,S2039743__S20-39743-C-PLHE_0,1,1,geometry
7903,S2511859__S25-11859_0_BP1A2021_150616,0,1,geometry
7904,S18-18746__S18-18746,1,0,geometry
7905,S2521240__S2521240_0_BP1A2021,1,0,geometry
7906,S2434918__S24-34918-_-BIOPSY,1,1,geometry
7907,S2525436__S2525436_0_BP1A2021,0,1,geometry
7908,S2039743__S20-39743-L-PLHE_1,1,0,geometry
7909,S2530063__S2530063_0_BP1A2021,0,0,geometry
7910,S2039743__S20-39743-P-PLHE_3,1,1,geometry
7911,S2516970__S25-16970____155248,1,1,geometry
7912,S2235518__S22-35518-_-BIOPSY,0,1,geometry
7913,S19-40063__S19-40063,0,0,geometry
7914,S2511008__S25-11008_0_BP1A2021_052339,1,1,geometry
7915,S2039743__S20-39743-C-PLHE_0,1,0,geometry
7916,S2227604__S22-27604-_-BIOPSY,1,1,geometry
7917,S2521240__S2521240_0_BP1A2021,1,1,geometry
7918,S2525436__S2525436_0_BP1A2021,0,0,geometry
7919,S2533022__S2533022_0_BP1A2021,0,1,geometry
7920,S2039743__S20-39743-P-PLHE_3,1,1,geometry
7921,S2227608__S22-27608-_-SERIAL_1,1,0,geometry
7922,S2039743__S20-39743-L-PLHE_1,1,1,geometry
7923,S2039743__S20-39743-P-PLHE_3,1,0,geometry
7924,S2504719__S25-04719-_-DEEP_1,0,0,geometry
7925,S2406754__S24-06754-_-DEEP_2,0,1,geometry
7926,S20-26719__S20-26719,1,1,geometry
7927,S2513847__S25-13847_0_BP1A2021_131603,0,1,geometry
7928,S2524777__S2524777_0_BP1A2021,0,1,geometry
7929,S2515598__S25-15598_0__144202,0,1,geometry
7930,S2227604__S22-27604-_-BIOPSY,1,0,geometry
7931,S2531985__S2531985_0_BP1A2021,0,0,geometry
7932,S2326329__S23-26329-_-BIOPSY,0,0,geometry
7933,S2227608__S22-27608-_-SERIAL_1,1,1,geometry
7934,S2516971__S25-16971____140945,0,0,geometry
7935,S2039743__S20-39743-L-PLHE_1,1,0,geometry
7936,S2504719__S25-04719-_-DEEP_1,0,0,geometry
7937,S2513847__S25-13847_0_BP1A2021_131603,0,1,geometry
7938,S20-26719__S20-26719,1,0,geometry
7939,S2530985__S2530985_0_BP1A2021,0,0,geometry
7940,S2352429__S23-52429-_-RECUT_1,0,1,geometry
7941,S2227608__S22-27608-_-SERIAL_2,1,0,geometry
7942,S2504719__S25-04719-_-DEEP_1,0,1,geometry
7943,S2423618__S24-23618-_-RECUT_2,0,0,geometry
7944,S2513847__S25-13847_0_BP1A2021_131603,0,1,geometry
7945,S2434918__S24-34918-_-BIOPSY,1,0,geometry
7946,S2524777__S2524777_0_BP1A2021,0,0,geometry
7947,S19-40063__S19-40063,0,0,geometry
7948,S2406754__S24-06754-_-DEEP_2,0,0,geometry
7949,S17-42935__S17-42935,1,1,geometry
7950,S2521240__S2521240_0_BP1A2021,1,1,geometry
7951,S2227604__S22-27604-_-BIOPSY,1,0,geometry
7952,S2511010__S25-11010_0_BP1A2021_052642,1,1,geometry
7953,S2227608__S22-27608-_-SERIAL_1,1,0,geometry
7954,S2520402__S2520402_0_BP1A2021,0,0,geometry
7955,S2511010__S25-11010_0_BP1A2021_052642,1,1,geometry
7956,S2352429__S23-52429-_-BIOPSY,0,0,geometry
7957,S2128633__S2128633--DEEP,1,1,geometry
7958,S2434918__S24-34918-_-BIOPSY,1,1,geometry
7959,S20-28924__S20-28924,0,1,geometry
7960,S2406038__S2406038,0,1,geometry
7961,S2424250__S2424250,0,0,geometry
7962,S20-26719__S20-26719,1,0,geometry
7963,S2406038__S2406038,0,1,geometry
7964,S2039743__S20-39743-C-PLHE_0,1,1,geometry
7965,S2227608__S22-27608-_-SERIAL_2,1,0,geometry
7966,S2522980__S2522980_0_BP1A2021,0,0,geometry
7967,S18-18746__S18-18746,1,1,geometry
7968,S2516970__S25-16970____155248,1,0,geometry
7969,S2424250__S2424250,0,0,geometry
7970,S2434918__S24-34918-_-BIOPSY,1,0,geometry
7971,S17-42935__S17-42935,1,0,geometry
7972,S2516970__S25-16970____155248,1,1,geometry
7973,S2513847__S25-13847_0_BP1A2021_131603,0,1,geometry
7974,S2344462__S23-44462-_-BIOPSY,0,0,geometry
7975,S2039743__S20-39743-P-PLHE_3,1,1,geometry
7976,S2229537__S22-29537-_-SERIAL_1,1,0,geometry
7977,S2434918__S24-34918-_-BIOPSY,1,0,geometry
7978,S2039743__S20-39743-P-PLHE_3,1,1,geometry
7979,S2528218__S2528218_0_BP1A2021,0,1,geometry
7980,S2352429__S23-52429-_-BIOPSY,0,1,geometry
7981,S2039743__S20-39743-C-PLHE_0,1,0,geometry
7982,S2406038__S2406038,0,1,geometry
7983,S2227608__S22-27608-_-SERIAL_2,1,0,geometry
7984,S2227608__S22-27608-_-SERIAL_1,1,1,geometry
7985,S19-19367__S19-19367,1,1,geometry
7986,S2344462__S23-44462-_-BIOPSY,0,1,geometry
7987,S2520404__S2520404_0_BP1A2021,0,1,geometry
7988,S2406038__S2406038,0,0,geometry
7989,S2434918__S24-34918-_-BIOPSY,1,1,geometry
7990,S17-42935__S17-42935,1,1,geometry
7991,S2524777__S2524777_0_BP1A2021,0,1,geometry
7992,S2227604__S22-27604-_-BIOPSY,1,0,geometry
7993,S2237603__S22-37603-_-_1,0,0,geometry
7994,S2531985__S2531985_0_BP1A2021,0,0,geometry
7995,S2352429__S23-52429-_-BIOPSY,0,1,geometry
7996,S2511008__S25-11008_0_BP1A2021_052339,1,1,geometry
7997,S2511010__S25-11010_0_BP1A2021_052642,1,0,geometry
7998,S20-26719__S20-26719,1,1,geometry
7999,S2515598__S25-15598_0__144202,0,1,geometry
8000,S2039743__S20-39743-P-PLHE_3,1,0,geometry
8001,S18-18746__S18-18746,1,1,geometry
8002,S2128633__S2128633--DEEP,1,0,geometry
8003,S2525436__S2525436_0_BP1A2021,0,0,geometry
8004,S2423618__S24-23618-_-RECUT_2,0,0,geometry
8005,S2504719__S25-04719-_-DEEP_1,0,0,geometry
8006,S2409390__S2409390,0,0,geometry
8007,S17-42935__S17-42935,1,0,geometry
8008,S2406038__S2406038,0,0,geometry
8009,S2530985__S2530985_0_BP1A2021,0,1,geometry
8010,S17-42935__S17-42935,1,1,geometry
8011,S2511008__S25-11008_0_BP1A2021_052339,1,1,geometry
8012,S2039743__S20-39743-C-PLHE_0,1,0,geometry
8013,S2039743__S20-39743-C-PLHE_0,1,0,geometry
8014,S2520404__S2520404_0_BP1A2021,0,1,geometry
8015,S2409390__S2409390,0,1,geometry
8016,S2237601__S22-37601-_-,0,0,geometry
8017,S20-28924__S20-28924,0,0,geometry
8018,S2039743__S20-39743-C-PLHE_0,1,0,geometry
8019,S2039743__S20-39743-P-PLHE_3,1,0,geometry
8020,S18-18746__S18-18746,1,0,geometry
8021,S2533022__S2533022_0_BP1A2021,0,1,geometry
8022,S2229537__S22-29537-_-SERIAL_1,1,0,geometry
8023,S2326329__S23-26329-_-BIOPSY,0,0,geometry
8024,S2436457__S2436457_BP1B11_C_15540_2,0,0,geometry
8025,S2530985__S2530985_0_BP1A2021,0,0,geometry
8026,S20-26719__S20-26719,1,0,geometry
8027,S2516971__S25-16971____155423,0,0,geometry
8028,S2424255__S2424255,0,0,geometry
8029,S19-19367__S19-19367,1,1,geometry
8030,S2516971__S25-16971____140945,0,1,geometry
8031,S17-42935__S17-42935,1,0,geometry
8032,S2039743__S20-39743-P-PLHE_3,1,1,geometry
8033,S2039743__S20-39743-C-PLHE_0,1,1,geometry
8034,S2530981__S2530981_0_BP1A2021,0,0,geometry
8035,S2520402__S2520402_0_BP1A2021,0,1,geometry
8036,S2401283__S24-01283-_-BIOPSY,0,1,geometry
8037,S2039743__S20-39743-L-PLHE_1,1,0,geometry
8038,S18-18746__S18-18746,1,1,geometry
8039,S2511859__S25-11859_0_BP1A2021_150616,0,1,geometry
8040,S2515598__S25-15598_0__144202,0,1,geometry
8041,S2352429__S23-52429-_-RECUT_1,0,0,geometry
8042,S2237603__S22-37603-_-_1,0,0,geometry
8043,S2227608__S22-27608-_-SERIAL_1,1,0,geometry
8044,S20-28924__S20-28924,0,0,geometry
8045,S2227608__S22-27608-_-SERIAL_1,1,0,geometry
8046,S2513847__S25-13847_0_BP1A2021_131603,0,1,geometry
8047,S2409390__S2409390,0,0,geometry
8048,S2436457__S2436457_BP1B11_C_15540_2,0,0,geometry
8049,S2039743__S20-39743-L-PLHE_1,1,0,geometry
8050,S2511007__S25-11007_0_BP1A2021_052433,0,0,geometry
8051,S20-26719__S20-26719,1,0,geometry
8052,S2512685__S2512685_0_,0,1,geometry
8053,S2409390__S2409390,0,0,geometry
8054,S2434918__S24-34918-_-BIOPSY,1,1,geometry
8055,S2516971__S25-16971____155423,0,0,geometry
8056,S2039743__S20-39743-P-PLHE_3,1,1,geometry
8057,S2039743__S20-39743-P-PLHE_3,1,1,geometry
8058,S2128633__S2128633--DEEP,1,1,geometry
8059,S2516970__S25-16970____155248,1,0,geometry
8060,S2516970__S25-16970____155248,1,0,geometry
8061,S2039743__S20-39743-L-PLHE_1,1,1,geometry
8062,S2406038__S2406038,0,0,geometry
8063,S2424255__S2424255,0,1,geometry
8064,S2516970__S25-16970____155248,1,0,geometry
8065,S2511008__S25-11008_0_BP1A2021_052339,1,0,geometry
8066,S2424250__S2424250,0,1,geometry
8067,S2512685__S2512685_0_,0,1,geometry
8068,S2504719__S25-04719-_-DEEP_1,0,0,geometry
8069,S2227604__S22-27604-_-BIOPSY,1,1,geometry
8070,S2511008__S25-11008_0_BP1A2021_052339,1,0,geometry
8071,S2406038__S2406038,0,0,geometry
8072,S2520402__S2520402_0_BP1A2021,0,1,geometry
8073,S2237601__S22-37601-_-,0,1,geometry
8074,S18-18746__S18-18746,1,0,geometry
8075,S2524777__S2524777_0_BP1A2021,0,1,geometry
8076,S2237603__S22-37603-_-_1,0,1,geometry
8077,S20-26719__S20-26719,1,1,geometry
8078,S2128633__S2128633--DEEP,1,1,geometry
8079,S20-26719__S20-26719,1,0,geometry
8080,S2524777__S2524777_0_BP1A2021,0,1,geometry
8081,S2039743__S20-39743-L-PLHE_1,1,0,geometry
8082,S2520404__S2520404_0_BP1A2021,0,0,geometry
8083,S2424250__S2424250,0,1,geometry
8084,S2039743__S20-39743-C-PLHE_0,1,1,geometry
8085,S2237601__S22-37601-_-,0,0,geometry
8086,S2227604__S22-27604-_-BIOPSY,1,1,geometry
8087,S2530985__S2530985_0_BP1A2021,0,1,geometry
8088,S2344462__S23-44462-_-BIOPSY,0,0,geometry
8089,S2128633__S2128633--DEEP,1,1,geometry
8090,S2039743__S20-39743-C-PLHE_0,1,0,geometry
8091,S2424250__S2424250,0,1,geometry
8092,S2227604__S22-27604-_-BIOPSY,1,1,geometry
8093,S19-19367__S19-19367,1,1,geometry
8094,S2039743__S20-39743-P-PLHE_3,1,1,geometry
8095,S2227604__S22-27604-_-BIOPSY,1,0,geometry
8096,S2229537__S22-29537-_-SERIAL_1,1,1,geometry
8097,S2039743__S20-39743-C-PLHE_0,1,0,geometry
8098,S2229537__S22-29537-_-SERIAL_1,1,1,geometry
8099,S2512685__S2512685_0_,0,0,geometry
8100,S2227604__S22-27604-_-BIOPSY,1,1,geometry
8101,S2229537__S22-29537-_-SERIAL_1,1,1,geometry
8102,S2530063__S2530063_0_BP1A2021,0,0,geometry
8103,S2039743__S20-39743-L-PLHE_1,1,1,geometry
8104,S2504719__S25-04719-_-DEEP_1,0,0,geometry
8105,S2406038__S2406038,0,0,geometry
8106,S2520402__S2520402_0_BP1A2021,0,0,geometry
8107,S2406754__S24-06754-_-SERIAL_1,0,1,geometry
8108,S2511008__S25-11008_0_BP1A2021_052339,1,1,geometry
8109,S2039743__S20-39743-L-PLHE_1,1,1,geometry
8110,S2237601__S22-37601-_-,0,1,geometry
8111,S2227608__S22-27608-_-SERIAL_1,1,1,geometry
8112,S2406038__S2406038,0,1,geometry
8113,S2511859__S25-11859_0_BP1A2021_150616,0,0,geometry
8114,S20-28924__S20-28924,0,1,geometry
8115,S19-19367__S19-19367,1,0,geometry
8116,S2531985__S2531985_0_BP1A2021,0,1,geometry
8117,S2434918__S24-34918-_-BIOPSY,1,1,geometry
8118,S2533022__S2533022_0_BP1A2021,0,1,geometry
8119,S2039743__S20-39743-L-PLHE_1,1,1,geometry
8120,S2511859__S25-11859_0_BP1A2021_150616,0,1,geometry
8121,S20-26719__S20-26719,1,1,geometry
8122,S2039743__S20-39743-L-PLHE_1,1,1,geometry
8123,S17-42935__S17-42935,1,0,geometry
8124,S2524777__S2524777_0_BP1A2021,0,0,geometry
8125,S2511007__S25-11007_0_BP1A2021_052433,0,1,geometry
8126,S2512685__S2512685_0_,0,0,geometry
8127,S20-26719__S20-26719,1,0,geometry
8128,S2039743__S20-39743-L-PLHE_1,1,0,geometry
8129,S2434918__S24-34918-_-BIOPSY,1,1,geometry
8130,S2344462__S23-44462-_-BIOPSY,0,0,geometry
8131,S2513847__S25-13847_0_BP1A2021_131603,0,0,geometry
8132,S2326329__S23-26329-_-BIOPSY,0,0,geometry
8133,S2227608__S22-27608-_-SERIAL_1,1,0,geometry
8134,S2530981__S2530981_0_BP1A2021,0,1,geometry
8135,S2227608__S22-27608-_-SERIAL_1,1,0,geometry
8136,S2511008__S25-11008_0_BP1A2021_052339,1,0,geometry
8137,S2216630__S2216630--DEEP_1,0,0,geometry
8138,S2511008__S25-11008_0_BP1A2021_052339,1,1,geometry
8139,S2521240__S2521240_0_BP1A2021,1,1,geometry
8140,S2424250__S2424250,0,1,geometry
8141,S20-26719__S20-26719,1,1,geometry
8142,S2511008__S25-11008_0_BP1A2021_052339,1,1,geometry
8143,S2039743__S20-39743-P-PLHE_3,1,1,geometry
8144,S19-19367__S19-19367,1,0,geometry
8145,S2516970__S25-16970____155248,1,1,geometry
8146,S2520404__S2520404_0_BP1A2021,0,1,geometry
8147,S2522980__S2522980_0_BP1A2021,0,0,geometry
8148,S2039743__S20-39743-P-PLHE_3,1,1,geometry
8149,S17-42935__S17-42935,1,0,geometry
8150,S17-42935__S17-42935,1,1,geometry
8151,S2039743__S20-39743-P-PLHE_3,1,0,geometry
8152,S2409390__S2409390,0,0,geometry
8153,S2128633__S2128633--DEEP,1,1,geometry
8154,S2227608__S22-27608-_-SERIAL_1,1,0,geometry
8155,S19-19367__S19-19367,1,1,geometry
8156,S2511007__S25-11007_0_BP1A2021_052433,0,0,geometry
8157,S19-19367__S19-19367,1,0,geometry
8158,S20-26719__S20-26719,1,0,geometry
8159,S2504719__S25-04719-_-DEEP_1,0,1,geometry
8160,S2237603__S22-37603-_-_1,0,0,geometry
8161,S17-42935__S17-42935,1,0,geometry
8162,S2039743__S20-39743-L-PLHE_1,1,1,geometry
8163,S2235518__S22-35518-_-BIOPSY,0,1,geometry
8164,S2352429__S23-52429-_-RECUT_1,0,1,geometry
8165,S2516970__S25-16970____155248,1,0,geometry
8166,S2530063__S2530063_0_BP1A2021,0,1,geometry
8167,S2229537__S22-29537-_-SERIAL_1,1,0,geometry
8168,S2434918__S24-34918-_-BIOPSY,1,1,geometry
8169,S2511007__S25-11007_0_BP1A2021_052433,0,1,geometry
8170,S19-19367__S19-19367,1,1,geometry
8171,S18-18746__S18-18746,1,0,geometry
8172,S2531985__S2531985_0_BP1A2021,0,1,geometry
8173,S2524777__S2524777_0_BP1A2021,0,1,geometry
8174,S2434918__S24-34918-_-BIOPSY,1,0,geometry
8175,S2530985__S2530985_0_BP1A2021,0,0,geometry
8176,S20-26719__S20-26719,1,1,geometry
8177,S2516971__S25-16971____140945,0,0,geometry
8178,S2128633__S2128633--DEEP,1,1,geometry
8179,S20-26719__S20-26719,1,0,geometry
8180,S2511010__S25-11010_0_BP1A2021_052642,1,1,geometry
8181,S2434918__S24-34918-_-BIOPSY,1,1,geometry
8182,S2406754__S24-06754-_-SERIAL_1,0,0,geometry
8183,S2326329__S23-26329-_-BIOPSY,0,0,geometry
8184,S20-26719__S20-26719,1,0,geometry
8185,S2216630__S2216630--DEEP_1,0,1,geometry
8186,S2512685__S2512685_0_,0,1,geometry
8187,S2352429__S23-52429-_-RECUT_1,0,1,geometry
8188,S2511009__S25-11009_0_BP1A2021_052542,0,0,geometry
8189,S2434918__S24-34918-_-BIOPSY,1,0,geometry
8190,S2227608__S22-27608-_-SERIAL_2,1,0,geometry
8191,S2039743__S20-39743-C-PLHE_0,1,1,geometry
8192,S2512685__S2512685_0_,0,0,geometry
8193,S2521240__S2521240_0_BP1A2021,1,1,geometry
8194,S2039743__S20-39743-L-PLHE_1,1,1,geometry
8195,S2436457__S2436457_BP1B11_C_15540_2,0,0,geometry
8196,S2434918__S24-34918-_-BIOPSY,1,1,geometry
8197,S20-26719__S20-26719,1,1,geometry
8198,S2424255__S2424255,0,1,geometry
8199,S2229537__S22-29537-_-SERIAL_1,1,1,geometry
8200,S2128633__S2128633--DEEP,1,1,geometry
8201,S2511009__S25-11009_0_BP1A2021_052542,0,0,geometry
8202,S20-28924__S20-28924,0,0,geometry
8203,S2424250__S2424250,0,1,geometry
8204,S2522980__S2522980_0_BP1A2021,0,1,geometry
8205,S2511007__S25-11007_0_BP1A2021_052433,0,0,geometry
8206,S2227608__S22-27608-_-SERIAL_2,1,0,geometry
8207,S2533022__S2533022_0_BP1A2021,0,1,geometry
8208,S2530981__S2530981_0_BP1A2021,0,1,geometry
8209,S2326329__S23-26329-_-BIOPSY,0,0,geometry
8210,S17-42935__S17-42935,1,1,geometry
8211,S2227608__S22-27608-_-SERIAL_1,1,1,geometry
8212,S17-42935__S17-42935,1,0,geometry
8213,S2513847__S25-13847_0_BP1A2021_131603,0,1,geometry
8214,S2530981__S2530981_0_BP1A2021,0,1,geometry
8215,S2406754__S24-06754-_-DEEP_2,0,1,geometry
8216,S2352429__S23-52429-_-BIOPSY,0,0,geometry
8217,S2436457__S2436457_BP1B11_C_15540_2,0,1,geometry
8218,S2237603__S22-37603-_-_1,0,0,geometry
8219,S2424255__S2424255,0,0,geometry
8220,S2530985__S2530985_0_BP1A2021,0,0,geometry
8221,S19-19367__S19-19367,1,0,geometry
8222,S2530063__S2530063_0_BP1A2021,0,0,geometry
8223,S2516971__S25-16971____155423,0,1,geometry
8224,S2511008__S25-11008_0_BP1A2021_052339,1,1,geometry
8225,S2424250__S2424250,0,0,geometry
8226,S2520402__S2520402_0_BP1A2021,0,0,geometry
8227,S2344462__S23-44462-_-BIOPSY,0,1,geometry
8228,S2039743__S20-39743-P-PLHE_3,1,0,geometry
8229,S2128633__S2128633--DEEP,1,1,geometry
8230,S2533022__S2533022_0_BP1A2021,0,0,geometry
8231,S2406754__S24-06754-_-SERIAL_1,0,1,geometry
8232,S2533022__S2533022_0_BP1A2021,0,1,geometry
8233,S2511010__S25-11010_0_BP1A2021_052642,1,0,geometry
8234,S2515598__S25-15598_0__144202,0,0,geometry
8235,S2235518__S22-35518-_-BIOPSY,0,1,geometry
8236,S2516971__S25-16971____155423,0,1,geometry
8237,S2227608__S22-27608-_-SERIAL_1,1,1,geometry
8238,S2039743__S20-39743-C-PLHE_0,1,0,geometry
8239,S2227608__S22-27608-_-SERIAL_2,1,1,geometry
8240,S2235518__S22-35518-_-BIOPSY,0,0,geometry
8241,S2513847__S25-13847_0_BP1A2021_131603,0,1,geometry
8242,S2227608__S22-27608-_-SERIAL_2,1,0,geometry
8243,S2326329__S23-26329-_-BIOPSY,0,0,geometry
8244,S2520402__S2520402_0_BP1A2021,0,1,geometry
8245,S2128633__S2128633--DEEP,1,1,geometry
8246,S2237601__S22-37601-_-,0,1,geometry
8247,S18-18746__S18-18746,1,0,geometry
8248,S19-19367__S19-19367,1,1,geometry
8249,S20-26719__S20-26719,1,1,geometry
8250,S2511010__S25-11010_0_BP1A2021_052642,1,1,geometry
8251,S2512685__S2512685_0_,0,1,geometry
8252,S2227604__S22-27604-_-BIOPSY,1,1,geometry
8253,S2039743__S20-39743-C-PLHE_0,1,0,geometry
8254,S2424250__S2424250,0,1,geometry
8255,S2229537__S22-29537-_-SERIAL_1,1,1,geometry
8256,S2504719__S25-04719-_-DEEP_1,0,0,geometry
8257,S2227604__S22-27604-_-BIOPSY,1,1,geometry
8258,S2227604__S22-27604-_-BIOPSY,1,0,geometry
8259,S19-19367__S19-19367,1,0,geometry
8260,S2344462__S23-44462-_-BIOPSY,0,1,geometry
8261,S2039743__S20-39743-C-PLHE_0,1,0,geometry
8262,S20-28924__S20-28924,0,1,geometry
8263,S2229537__S22-29537-_-SERIAL_1,1,0,geometry
8264,S20-26719__S20-26719,1,1,geometry
8265,S2128633__S2128633--DEEP,1,1,geometry
8266,S2352429__S23-52429-_-RECUT_1,0,1,geometry
8267,S2409390__S2409390,0,0,geometry
8268,S2520402__S2520402_0_BP1A2021,0,0,geometry
8269,S2326329__S23-26329-_-BIOPSY,0,1,geometry
8270,S2513847__S25-13847_0_BP1A2021_131603,0,0,geometry
8271,S2436457__S2436457_BP1B11_C_15540_2,0,0,geometry
8272,S2423618__S24-23618-_-RECUT_2,0,0,geometry
8273,S2423618__S24-23618-_-RECUT_2,0,1,geometry
8274,S2530981__S2530981_0_BP1A2021,0,1,geometry
8275,S18-18746__S18-18746,1,0,geometry
8276,S20-26719__S20-26719,1,1,geometry
8277,S17-42935__S17-42935,1,1,geometry
8278,S2511010__S25-11010_0_BP1A2021_052642,1,0,geometry
8279,S2227608__S22-27608-_-SERIAL_1,1,0,geometry
8280,S2039743__S20-39743-L-PLHE_1,1,0,geometry
8281,S2401283__S24-01283-_-BIOPSY,0,0,geometry
8282,S2039743__S20-39743-L-PLHE_1,1,0,geometry
8283,S20-26719__S20-26719,1,0,geometry
8284,S2352429__S23-52429-_-RECUT_1,0,0,geometry
8285,S2227604__S22-27604-_-BIOPSY,1,1,geometry
8286,S2434918__S24-34918-_-BIOPSY,1,1,geometry
8287,S2511010__S25-11010_0_BP1A2021_052642,1,1,geometry
8288,S2227604__S22-27604-_-BIOPSY,1,1,geometry
8289,S2237603__S22-37603-_-_1,0,1,geometry
8290,S2229537__S22-29537-_-SERIAL_1,1,1,geometry
8291,S2522980__S2522980_0_BP1A2021,0,1,geometry
8292,S2039743__S20-39743-C-PLHE_0,1,1,geometry
8293,S2401283__S24-01283-_-BIOPSY,0,1,geometry
8294,S2533022__S2533022_0_BP1A2021,0,0,geometry
8295,S2530063__S2530063_0_BP1A2021,0,0,geometry
8296,S2516971__S25-16971____140945,0,0,geometry
8297,S2516971__S25-16971____155423,0,1,geometry
8298,S20-28924__S20-28924,0,1,geometry
8299,S19-19367__S19-19367,1,0,geometry
8300,S2039743__S20-39743-P-PLHE_3,1,0,geometry
8301,S2229537__S22-29537-_-SERIAL_1,1,1,geometry
8302,S2521240__S2521240_0_BP1A2021,1,1,geometry
8303,S2128633__S2128633--DEEP,1,0,geometry
8304,S18-18746__S18-18746,1,1,geometry
8305,S2424250__S2424250,0,1,geometry
8306,S2039743__S20-39743-L-PLHE_1,1,1,geometry
8307,S2128633__S2128633--DEEP,1,0,geometry
8308,S2229537__S22-29537-_-SERIAL_1,1,0,geometry
8309,S17-42935__S17-42935,1,0,geometry
8310,S2513847__S25-13847_0_BP1A2021_131603,0,1,geometry
8311,S17-42935__S17-42935,1,1,geometry
8312,S2531985__S2531985_0_BP1A2021,0,0,geometry
8313,S18-18746__S18-18746,1,1,geometry
8314,S2039743__S20-39743-C-PLHE_0,1,1,geometry
8315,S2513847__S25-13847_0_BP1A2021_131603,0,0,geometry
8316,S20-26719__S20-26719,1,1,geometry
8317,S2227608__S22-27608-_-SERIAL_1,1,1,geometry
8318,S17-42935__S17-42935,1,0,geometry
8319,S2424255__S2424255,0,1,geometry
8320,S2423618__S24-23618-_-RECUT_2,0,0,geometry
8321,S2511010__S25-11010_0_BP1A2021_052642,1,0,geometry
8322,S2434918__S24-34918-_-BIOPSY,1,0,geometry
8323,S2344462__S23-44462-_-BIOPSY,0,0,geometry
8324,S2515598__S25-15598_0__144202,0,0,geometry
8325,S19-19367__S19-19367,1,1,geometry
8326,S2039743__S20-39743-L-PLHE_1,1,1,geometry
8327,S2524777__S2524777_0_BP1A2021,0,0,geometry
8328,S2039743__S20-39743-C-PLHE_0,1,1,geometry
8329,S20-28924__S20-28924,0,1,geometry
8330,S2424250__S2424250,0,0,geometry
8331,S2409390__S2409390,0,0,geometry
8332,S2531985__S2531985_0_BP1A2021,0,1,geometry
8333,S2513847__S25-13847_0_BP1A2021_131603,0,0,geometry
8334,S2039743__S20-39743-C-PLHE_0,1,1,geometry
8335,S2039743__S20-39743-P-PLHE_3,1,1,geometry
8336,S2424250__S2424250,0,0,geometry
8337,S2216630__S2216630--DEEP_1,0,0,geometry
8338,S18-18746__S18-18746,1,1,geometry
8339,S2516971__S25-16971____155423,0,1,geometry
8340,S2229537__S22-29537-_-SERIAL_1,1,0,geometry
8341,S2436457__S2436457_BP1B11_C_15540_2,0,1,geometry
8342,S2530063__S2530063_0_BP1A2021,0,1,geometry
8343,S2406754__S24-06754-_-DEEP_2,0,0,geometry
8344,S2406754__S24-06754-_-SERIAL_1,0,1,geometry
8345,S2406754__S24-06754-_-SERIAL_1,0,0,geometry
8346,S19-19367__S19-19367,1,0,geometry
8347,S2401283__S24-01283-_-BIOPSY,0,1,geometry
8348,S2511009__S25-11009_0_BP1A2021_052542,0,1,geometry
8349,S2235518__S22-35518-_-BIOPSY,0,0,geometry
8350,S2352429__S23-52429-_-BIOPSY,0,0,geometry
8351,S2227608__S22-27608-_-SERIAL_1,1,0,geometry
8352,S2511859__S25-11859_0_BP1A2021_150616,0,1,geometry
8353,S2511859__S25-11859_0_BP1A2021_150616,0,1,geometry
8354,S2522980__S2522980_0_BP1A2021,0,0,geometry
8355,S2406038__S2406038,0,0,geometry
8356,S20-26719__S20-26719,1,0,geometry
8357,S2128633__S2128633--DEEP,1,0,geometry
8358,S2512685__S2512685_0_,0,1,geometry
8359,S2530063__S2530063_0_BP1A2021,0,0,geometry
8360,S2406754__S24-06754-_-SERIAL_1,0,1,geometry
8361,S2522980__S2522980_0_BP1A2021,0,1,geometry
8362,S2530063__S2530063_0_BP1A2021,0,0,geometry
8363,S2424255__S2424255,0,1,geometry
8364,S2039743__S20-39743-L-PLHE_1,1,0,geometry
8365,S19-40063__S19-40063,0,1,geometry
8366,S2530985__S2530985_0_BP1A2021,0,0,geometry
8367,S2326329__S23-26329-_-BIOPSY,0,1,geometry
8368,S2128633__S2128633--DEEP,1,1,geometry
8369,S2237603__S22-37603-_-_1,0,1,geometry
8370,S2434918__S24-34918-_-BIOPSY,1,1,geometry
8371,S2530981__S2530981_0_BP1A2021,0,0,geometry
8372,S2504719__S25-04719-_-DEEP_1,0,0,geometry
8373,S2424250__S2424250,0,0,geometry
8374,S2511008__S25-11008_0_BP1A2021_052339,1,0,geometry
8375,S2227608__S22-27608-_-SERIAL_1,1,0,geometry
8376,S2511010__S25-11010_0_BP1A2021_052642,1,1,geometry
8377,S20-26719__S20-26719,1,1,geometry
8378,S2128633__S2128633--DEEP,1,1,geometry
8379,S2531985__S2531985_0_BP1A2021,0,0,geometry
8380,S2533022__S2533022_0_BP1A2021,0,0,geometry
8381,S18-18746__S18-18746,1,0,geometry
8382,S2521240__S2521240_0_BP1A2021,1,0,geometry
8383,S2235518__S22-35518-_-BIOPSY,0,1,geometry
8384,S2530985__S2530985_0_BP1A2021,0,1,geometry
8385,S2516971__S25-16971____140945,0,0,geometry
8386,S2039743__S20-39743-P-PLHE_3,1,0,geometry
8387,S2237603__S22-37603-_-_1,0,0,geometry
8388,S2424255__S2424255,0,1,geometry
8389,S20-26719__S20-26719,1,1,geometry
8390,S2229537__S22-29537-_-SERIAL_1,1,1,geometry
8391,S2511007__S25-11007_0_BP1A2021_052433,0,0,geometry
8392,S2511008__S25-11008_0_BP1A2021_052339,1,1,geometry
8393,S17-42935__S17-42935,1,1,geometry
8394,S2229537__S22-29537-_-SERIAL_1,1,0,geometry
8395,S2516971__S25-16971____140945,0,0,geometry
8396,S2511009__S25-11009_0_BP1A2021_052542,0,0,geometry
8397,S2039743__S20-39743-C-PLHE_0,1,1,geometry
8398,S2229537__S22-29537-_-SERIAL_1,1,1,geometry
8399,S20-26719__S20-26719,1,0,geometry
8400,S2352429__S23-52429-_-BIOPSY,0,0,geometry
8401,S2039743__S20-39743-C-PLHE_0,1,0,geometry
8402,S2516971__S25-16971____140945,0,0,geometry
8403,S2516971__S25-16971____155423,0,1,geometry
8404,S19-19367__S19-19367,1,1,geometry
8405,S2533022__S2533022_0_BP1A2021,0,0,geometry
8406,S2516971__S25-16971____155423,0,0,geometry
8407,S2528218__S2528218_0_BP1A2021,0,0,geometry
8408,S2528218__S2528218_0_BP1A2021,0,0,geometry
8409,S2216630__S2216630--DEEP_1,0,1,geometry
8410,S2513847__S25-13847_0_BP1A2021_131603,0,1,geometry
8411,S2227608__S22-27608-_-SERIAL_2,1,0,geometry
8412,S2128633__S2128633--DEEP,1,1,geometry
8413,S2237601__S22-37601-_-,0,0,geometry
8414,S2344462__S23-44462-_-BIOPSY,0,1,geometry
8415,S2326329__S23-26329-_-BIOPSY,0,0,geometry
8416,S2512685__S2512685_0_,0,0,geometry
8417,S2434918__S24-34918-_-BIOPSY,1,1,geometry
8418,S2515598__S25-15598_0__144202,0,1,geometry
8419,S17-42935__S17-42935,1,1,geometry
8420,S2528218__S2528218_0_BP1A2021,0,0,geometry
8421,S2520404__S2520404_0_BP1A2021,0,0,geometry
8422,S18-18746__S18-18746,1,1,geometry
8423,S2039743__S20-39743-C-PLHE_0,1,1,geometry
8424,S2513847__S25-13847_0_BP1A2021_131603,0,0,geometry
8425,S2406754__S24-06754-_-SERIAL_1,0,1,geometry
8426,S2511010__S25-11010_0_BP1A2021_052642,1,0,geometry
8427,S2235518__S22-35518-_-BIOPSY,0,1,geometry
8428,S2344462__S23-44462-_-BIOPSY,0,0,geometry
8429,S19-19367__S19-19367,1,0,geometry
8430,S2528218__S2528218_0_BP1A2021,0,0,geometry
8431,S2406754__S24-06754-_-SERIAL_1,0,1,geometry
8432,S2216630__S2216630--DEEP_1,0,0,geometry
8433,S2344462__S23-44462-_-BIOPSY,0,1,geometry
8434,S2515598__S25-15598_0__144202,0,1,geometry
8435,S2511008__S25-11008_0_BP1A2021_052339,1,1,geometry
8436,S2227608__S22-27608-_-SERIAL_1,1,1,geometry
8437,S2039743__S20-39743-C-PLHE_0,1,1,geometry
8438,S18-18746__S18-18746,1,1,geometry
8439,S18-18746__S18-18746,1,0,geometry
8440,S2229537__S22-29537-_-SERIAL_1,1,0,geometry
8441,S2227608__S22-27608-_-SERIAL_1,1,0,geometry
8442,S2504719__S25-04719-_-DEEP_1,0,0,geometry
8443,S2513847__S25-13847_0_BP1A2021_131603,0,0,geometry
8444,S2533022__S2533022_0_BP1A2021,0,0,geometry
8445,S2511008__S25-11008_0_BP1A2021_052339,1,1,geometry
8446,S2530985__S2530985_0_BP1A2021,0,0,geometry
8447,S2409390__S2409390,0,0,geometry
8448,S2528218__S2528218_0_BP1A2021,0,0,geometry
8449,S17-42935__S17-42935,1,1,geometry
8450,S18-18746__S18-18746,1,0,geometry
8451,S2216630__S2216630--DEEP_1,0,1,geometry
8452,S2424250__S2424250,0,0,geometry
8453,S2406754__S24-06754-_-DEEP_2,0,1,geometry
8454,S2521240__S2521240_0_BP1A2021,1,0,geometry
8455,S20-26719__S20-26719,1,0,geometry
8456,S2344462__S23-44462-_-BIOPSY,0,1,geometry
8457,S2039743__S20-39743-C-PLHE_0,1,1,geometry
8458,S2533022__S2533022_0_BP1A2021,0,0,geometry
8459,S2511009__S25-11009_0_BP1A2021_052542,0,0,geometry
8460,S2344462__S23-44462-_-BIOPSY,0,1,geometry
8461,S2229537__S22-29537-_-SERIAL_1,1,0,geometry
8462,S2128633__S2128633--DEEP,1,0,geometry
8463,S20-26719__S20-26719,1,1,geometry
8464,S2528218__S2528218_0_BP1A2021,0,1,geometry
8465,S2039743__S20-39743-L-PLHE_1,1,0,geometry
8466,S2511010__S25-11010_0_BP1A2021_052642,1,1,geometry
8467,S2227608__S22-27608-_-SERIAL_2,1,0,geometry
8468,S2039743__S20-39743-L-PLHE_1,1,0,geometry
8469,S2516971__S25-16971____140945,0,0,geometry
8470,S2409390__S2409390,0,0,geometry
8471,S2235518__S22-35518-_-BIOPSY,0,1,geometry
8472,S2424250__S2424250,0,1,geometry
8473,S2520404__S2520404_0_BP1A2021,0,0,geometry
8474,S20-26719__S20-26719,1,1,geometry
8475,S2039743__S20-39743-C-PLHE_0,1,1,geometry
8476,S2434918__S24-34918-_-BIOPSY,1,0,geometry
8477,S2229537__S22-29537-_-SERIAL_1,1,0,geometry
8478,S2515598__S25-15598_0__144202,0,1,geometry
8479,S2516970__S25-16970____155248,1,1,geometry
8480,S2039743__S20-39743-C-PLHE_0,1,0,geometry
8481,S2229537__S22-29537-_-SERIAL_1,1,0,geometry
8482,S2039743__S20-39743-P-PLHE_3,1,0,geometry
8483,S2530063__S2530063_0_BP1A2021,0,1,geometry
8484,S2237603__S22-37603-_-_1,0,0,geometry
8485,S2515598__S25-15598_0__144202,0,1,geometry
8486,S2504719__S25-04719-_-DEEP_1,0,0,geometry
8487,S2216630__S2216630--DEEP_1,0,0,geometry
8488,S2520404__S2520404_0_BP1A2021,0,0,geometry
8489,S2227604__S22-27604-_-BIOPSY,1,1,geometry
8490,S2039743__S20-39743-L-PLHE_1,1,0,geometry
8491,S2531985__S2531985_0_BP1A2021,0,1,geometry
8492,S2039743__S20-39743-L-PLHE_1,1,0,geometry
8493,S2511008__S25-11008_0_BP1A2021_052339,1,1,geometry
8494,S2520402__S2520402_0_BP1A2021,0,0,geometry
8495,S19-40063__S19-40063,0,0,geometry
8496,S2235518__S22-35518-_-BIOPSY,0,0,geometry
8497,S2227604__S22-27604-_-BIOPSY,1,1,geometry
8498,S17-42935__S17-42935,1,1,geometry
8499,S20-28924__S20-28924,0,1,geometry
8500,S2516970__S25-16970____155248,1,1,geometry
8501,S2531985__S2531985_0_BP1A2021,0,0,geometry
8502,S2436457__S2436457_BP1B11_C_15540_2,0,0,geometry
8503,S2227608__S22-27608-_-SERIAL_2,1,1,geometry
8504,S2521240__S2521240_0_BP1A2021,1,1,geometry
8505,S2524777__S2524777_0_BP1A2021,0,1,geometry
8506,S2434918__S24-34918-_-BIOPSY,1,0,geometry
8507,S2530063__S2530063_0_BP1A2021,0,0,geometry
8508,S2530063__S2530063_0_BP1A2021,0,0,geometry
8509,S2511008__S25-11008_0_BP1A2021_052339,1,1,geometry
8510,S2229537__S22-29537-_-SERIAL_1,1,0,geometry
8511,S2516970__S25-16970____155248,1,1,geometry
8512,S2227608__S22-27608-_-SERIAL_2,1,1,geometry
8513,S2516971__S25-16971____155423,0,0,geometry
8514,S2434918__S24-34918-_-BIOPSY,1,1,geometry
8515,S2521240__S2521240_0_BP1A2021,1,0,geometry
8516,S2039743__S20-39743-L-PLHE_1,1,0,geometry
8517,S18-18746__S18-18746,1,1,geometry
8518,S2512685__S2512685_0_,0,0,geometry
8519,S2128633__S2128633--DEEP,1,0,geometry
8520,S2524777__S2524777_0_BP1A2021,0,1,geometry
8521,S2128633__S2128633--DEEP,1,1,geometry
8522,S2533022__S2533022_0_BP1A2021,0,0,geometry
8523,S2434918__S24-34918-_-BIOPSY,1,0,geometry
8524,S2511010__S25-11010_0_BP1A2021_052642,1,1,geometry
8525,S2424250__S2424250,0,1,geometry
8526,S2516971__S25-16971____155423,0,0,geometry
8527,S19-19367__S19-19367,1,1,geometry
8528,S2516971__S25-16971____155423,0,0,geometry
8529,S18-18746__S18-18746,1,1,geometry
8530,S2227608__S22-27608-_-SERIAL_2,1,0,geometry
8531,S2521240__S2521240_0_BP1A2021,1,0,geometry
8532,S2344462__S23-44462-_-BIOPSY,0,0,geometry
8533,S20-26719__S20-26719,1,0,geometry
8534,S2227608__S22-27608-_-SERIAL_2,1,0,geometry
8535,S2128633__S2128633--DEEP,1,1,geometry
8536,S2521240__S2521240_0_BP1A2021,1,0,geometry
8537,S2436457__S2436457_BP1B11_C_15540_2,0,0,geometry
8538,S2039743__S20-39743-L-PLHE_1,1,0,geometry
8539,S2515598__S25-15598_0__144202,0,1,geometry
8540,S19-40063__S19-40063,0,1,geometry
8541,S2530985__S2530985_0_BP1A2021,0,0,geometry
8542,S2511010__S25-11010_0_BP1A2021_052642,1,1,geometry
8543,S2039743__S20-39743-C-PLHE_0,1,0,geometry
8544,S2227608__S22-27608-_-SERIAL_2,1,0,geometry
8545,S2434918__S24-34918-_-BIOPSY,1,0,geometry
8546,S2406754__S24-06754-_-SERIAL_1,0,1,geometry
8547,S2039743__S20-39743-L-PLHE_1,1,0,geometry
8548,S2530063__S2530063_0_BP1A2021,0,1,geometry
8549,S2039743__S20-39743-C-PLHE_0,1,1,geometry
8550,S2237601__S22-37601-_-,0,1,geometry
8551,S20-26719__S20-26719,1,1,geometry
8552,S2401283__S24-01283-_-BIOPSY,0,1,geometry
8553,S2524777__S2524777_0_BP1A2021,0,0,geometry
8554,S2237601__S22-37601-_-,0,0,geometry
8555,S2227608__S22-27608-_-SERIAL_2,1,1,geometry
8556,S2513847__S25-13847_0_BP1A2021_131603,0,1,geometry
8557,S2511009__S25-11009_0_BP1A2021_052542,0,0,geometry
8558,S2227608__S22-27608-_-SERIAL_1,1,0,geometry
8559,S17-42935__S17-42935,1,0,geometry
8560,S2401283__S24-01283-_-BIOPSY,0,0,geometry
8561,S2039743__S20-39743-L-PLHE_1,1,0,geometry
8562,S2511007__S25-11007_0_BP1A2021_052433,0,1,geometry
8563,S2039743__S20-39743-C-PLHE_0,1,0,geometry
8564,S2511009__S25-11009_0_BP1A2021_052542,0,1,geometry
8565,S2406754__S24-06754-_-DEEP_2,0,1,geometry
8566,S2229537__S22-29537-_-SERIAL_1,1,0,geometry
8567,S2525436__S2525436_0_BP1A2021,0,1,geometry
8568,S2229537__S22-29537-_-SERIAL_1,1,0,geometry
8569,S2530985__S2530985_0_BP1A2021,0,1,geometry
8570,S2039743__S20-39743-L-PLHE_1,1,1,geometry
8571,S2533022__S2533022_0_BP1A2021,0,1,geometry
8572,S2520404__S2520404_0_BP1A2021,0,1,geometry
8573,S2216630__S2216630--DEEP_1,0,1,geometry
8574,S2530981__S2530981_0_BP1A2021,0,1,geometry
8575,S2039743__S20-39743-P-PLHE_3,1,1,geometry
8576,S2039743__S20-39743-L-PLHE_1,1,0,geometry
8577,S2520404__S2520404_0_BP1A2021,0,1,geometry
8578,S2516971__S25-16971____155423,0,1,geometry
8579,S2530985__S2530985_0_BP1A2021,0,1,geometry
8580,S2524777__S2524777_0_BP1A2021,0,0,geometry
8581,S19-19367__S19-19367,1,0,geometry
8582,S2039743__S20-39743-L-PLHE_1,1,0,geometry
8583,S2520404__S2520404_0_BP1A2021,0,0,geometry
8584,S2530985__S2530985_0_BP1A2021,0,1,geometry
8585,S20-26719__S20-26719,1,1,geometry
8586,S2039743__S20-39743-L-PLHE_1,1,1,geometry
8587,S2511008__S25-11008_0_BP1A2021_052339,1,0,geometry
8588,S2423618__S24-23618-_-RECUT_2,0,0,geometry
8589,S2409390__S2409390,0,1,geometry
8590,S2522980__S2522980_0_BP1A2021,0,1,geometry
8591,S2039743__S20-39743-L-PLHE_1,1,1,geometry
8592,S18-18746__S18-18746,1,0,geometry
8593,S2352429__S23-52429-_-BIOPSY,0,0,geometry
8594,S2511010__S25-11010_0_BP1A2021_052642,1,0,geometry
8595,S20-26719__S20-26719,1,0,geometry
8596,S2229537__S22-29537-_-SERIAL_1,1,1,geometry
8597,S2406038__S2406038,0,1,geometry
8598,S2516971__S25-16971____140945,0,1,geometry
8599,S2511008__S25-11008_0_BP1A2021_052339,1,0,geometry
8600,S2227608__S22-27608-_-SERIAL_1,1,0,geometry
8601,S2511010__S25-11010_0_BP1A2021_052642,1,1,geometry
8602,S2528218__S2528218_0_BP1A2021,0,0,geometry
8603,S2525436__S2525436_0_BP1A2021,0,0,geometry
8604,S2516970__S25-16970____155248,1,0,geometry
8605,S20-26719__S20-26719,1,1,geometry
8606,S2423618__S24-23618-_-RECUT_2,0,0,geometry
8607,S2511009__S25-11009_0_BP1A2021_052542,0,1,geometry
8608,S2406754__S24-06754-_-DEEP_2,0,1,geometry
8609,S2516970__S25-16970____155248,1,0,geometry
8610,S2520402__S2520402_0_BP1A2021,0,0,geometry
8611,S2039743__S20-39743-P-PLHE_3,1,0,geometry
8612,S18-18746__S18-18746,1,0,geometry
8613,S2216630__S2216630--DEEP_1,0,0,geometry
8614,S2401283__S24-01283-_-BIOPSY,0,1,geometry
8615,S2406754__S24-06754-_-DEEP_2,0,0,geometry
8616,S2424250__S2424250,0,0,geometry
8617,S2512685__S2512685_0_,0,1,geometry
8618,S2511008__S25-11008_0_BP1A2021_052339,1,0,geometry
8619,S2531985__S2531985_0_BP1A2021,0,1,geometry
8620,S2515598__S25-15598_0__144202,0,1,geometry
8621,S2409390__S2409390,0,1,geometry
8622,S2039743__S20-39743-C-PLHE_0,1,1,geometry
8623,S2511010__S25-11010_0_BP1A2021_052642,1,0,geometry
8624,S19-40063__S19-40063,0,0,geometry
8625,S18-18746__S18-18746,1,1,geometry
8626,S2229537__S22-29537-_-SERIAL_1,1,1,geometry
8627,S2516971__S25-16971____155423,0,1,geometry
8628,S2524777__S2524777_0_BP1A2021,0,0,geometry
8629,S2533022__S2533022_0_BP1A2021,0,1,geometry
8630,S20-28924__S20-28924,0,1,geometry
8631,S2434918__S24-34918-_-BIOPSY,1,0,geometry
8632,S2434918__S24-34918-_-BIOPSY,1,0,geometry
8633,S2530981__S2530981_0_BP1A2021,0,1,geometry
8634,S2424250__S2424250,0,1,geometry
8635,S2511010__S25-11010_0_BP1A2021_052642,1,1,geometry
8636,S2522980__S2522980_0_BP1A2021,0,0,geometry
8637,S2216630__S2216630--DEEP_1,0,1,geometry
8638,S2039743__S20-39743-L-PLHE_1,1,1,geometry
8639,S2227604__S22-27604-_-BIOPSY,1,0,geometry
8640,S2352429__S23-52429-_-RECUT_1,0,1,geometry
8641,S2039743__S20-39743-P-PLHE_3,1,0,geometry
8642,S2229537__S22-29537-_-SERIAL_1,1,1,geometry
8643,S2237603__S22-37603-_-_1,0,0,geometry
8644,S2227608__S22-27608-_-SERIAL_2,1,1,geometry
8645,S19-19367__S19-19367,1,1,geometry
8646,S2401283__S24-01283-_-BIOPSY,0,0,geometry
8647,S2227604__S22-27604-_-BIOPSY,1,0,geometry
8648,S2515598__S25-15598_0__144202,0,0,geometry
8649,S2229537__S22-29537-_-SERIAL_1,1,1,geometry
8650,S2128633__S2128633--DEEP,1,1,geometry
8651,S2406754__S24-06754-_-DEEP_2,0,0,geometry
8652,S19-19367__S19-19367,1,0,geometry
8653,S2513847__S25-13847_0_BP1A2021_131603,0,1,geometry
8654,S2511859__S25-11859_0_BP1A2021_150616,0,0,geometry
8655,S2522980__S2522980_0_BP1A2021,0,1,geometry
8656,S2128633__S2128633--DEEP,1,0,geometry
8657,S2401283__S24-01283-_-BIOPSY,0,1,geometry
8658,S2237601__S22-37601-_-,0,0,geometry
8659,S17-42935__S17-42935,1,1,geometry
8660,S19-19367__S19-19367,1,0,geometry
8661,S2522980__S2522980_0_BP1A2021,0,1,geometry
8662,S2424250__S2424250,0,1,geometry
8663,S2401283__S24-01283-_-BIOPSY,0,0,geometry
8664,S2039743__S20-39743-C-PLHE_0,1,1,geometry
8665,S2128633__S2128633--DEEP,1,0,geometry
8666,S2039743__S20-39743-P-PLHE_3,1,1,geometry
8667,S2511010__S25-11010_0_BP1A2021_052642,1,0,geometry
8668,S2511010__S25-11010_0_BP1A2021_052642,1,0,geometry
8669,S2039743__S20-39743-C-PLHE_0,1,0,geometry
8670,S18-18746__S18-18746,1,0,geometry
8671,S2128633__S2128633--DEEP,1,1,geometry
8672,S2512685__S2512685_0_,0,0,geometry
8673,S2528218__S2528218_0_BP1A2021,0,1,geometry
8674,S2434918__S24-34918-_-BIOPSY,1,1,geometry
8675,S18-18746__S18-18746,1,0,geometry
8676,S2512685__S2512685_0_,0,0,geometry
8677,S2237603__S22-37603-_-_1,0,0,geometry
8678,S2533022__S2533022_0_BP1A2021,0,0,geometry
8679,S18-18746__S18-18746,1,0,geometry
8680,S2530063__S2530063_0_BP1A2021,0,1,geometry
8681,S2227604__S22-27604-_-BIOPSY,1,1,geometry
8682,S2528218__S2528218_0_BP1A2021,0,1,geometry
8683,S20-28924__S20-28924,0,0,geometry
8684,S2511010__S25-11010_0_BP1A2021_052642,1,0,geometry
8685,S2229537__S22-29537-_-SERIAL_1,1,1,geometry
8686,S19-40063__S19-40063,0,1,geometry
8687,S2522980__S2522980_0_BP1A2021,0,1,geometry
8688,S2039743__S20-39743-P-PLHE_3,1,1,geometry
8689,S2227608__S22-27608-_-SERIAL_2,1,1,geometry
8690,S2520402__S2520402_0_BP1A2021,0,0,geometry
8691,S2530063__S2530063_0_BP1A2021,0,0,geometry
8692,S2229537__S22-29537-_-SERIAL_1,1,1,geometry
8693,S2424250__S2424250,0,1,geometry
8694,S2511010__S25-11010_0_BP1A2021_052642,1,1,geometry
8695,S2401283__S24-01283-_-BIOPSY,0,0,geometry
8696,S20-26719__S20-26719,1,0,geometry
8697,S17-42935__S17-42935,1,0,geometry
8698,S2434918__S24-34918-_-BIOPSY,1,1,geometry
8699,S2227604__S22-27604-_-BIOPSY,1,0,geometry
8700,S19-19367__S19-19367,1,0,geometry
8701,S18-18746__S18-18746,1,1,geometry
8702,S2039743__S20-39743-C-PLHE_0,1,1,geometry
8703,S2522980__S2522980_0_BP1A2021,0,1,geometry
8704,S2513847__S25-13847_0_BP1A2021_131603,0,1,geometry
8705,S2511007__S25-11007_0_BP1A2021_052433,0,1,geometry
8706,S2128633__S2128633--DEEP,1,0,geometry
8707,S2227608__S22-27608-_-SERIAL_2,1,1,geometry
8708,S2128633__S2128633--DEEP,1,1,geometry
8709,S2525436__S2525436_0_BP1A2021,0,0,geometry
8710,S2434918__S24-34918-_-BIOPSY,1,1,geometry
8711,S2521240__S2521240_0_BP1A2021,1,1,geometry
8712,S2227604__S22-27604-_-BIOPSY,1,1,geometry
8713,S2229537__S22-29537-_-SERIAL_1,1,1,geometry
8714,S2128633__S2128633--DEEP,1,0,geometry
8715,S2516970__S25-16970____155248,1,1,geometry
8716,S2039743__S20-39743-L-PLHE_1,1,0,geometry
8717,S18-18746__S18-18746,1,0,geometry
8718,S2511008__S25-11008_0_BP1A2021_052339,1,1,geometry
8719,S2227608__S22-27608-_-SERIAL_1,1,0,geometry
8720,S2229537__S22-29537-_-SERIAL_1,1,0,geometry
8721,S2511008__S25-11008_0_BP1A2021_052339,1,0,geometry
8722,S18-18746__S18-18746,1,0,geometry
8723,S2520402__S2520402_0_BP1A2021,0,1,geometry
8724,S2039743__S20-39743-C-PLHE_0,1,1,geometry
8725,S2352429__S23-52429-_-RECUT_1,0,0,geometry
8726,S2531985__S2531985_0_BP1A2021,0,1,geometry
8727,S2406038__S2406038,0,0,geometry
8728,S18-18746__S18-18746,1,0,geometry
8729,S2434918__S24-34918-_-BIOPSY,1,1,geometry
8730,S2039743__S20-39743-P-PLHE_3,1,1,geometry
8731,S2227608__S22-27608-_-SERIAL_2,1,1,geometry
8732,S2530063__S2530063_0_BP1A2021,0,0,geometry
8733,S2434918__S24-34918-_-BIOPSY,1,1,geometry
8734,S2039743__S20-39743-L-PLHE_1,1,0,geometry
8735,S2235518__S22-35518-_-BIOPSY,0,1,geometry
8736,S2512685__S2512685_0_,0,0,geometry
8737,S2227608__S22-27608-_-SERIAL_1,1,0,geometry
8738,S2237603__S22-37603-_-_1,0,0,geometry
8739,S2039743__S20-39743-L-PLHE_1,1,1,geometry
8740,S2511009__S25-11009_0_BP1A2021_052542,0,1,geometry
8741,S2434918__S24-34918-_-BIOPSY,1,0,geometry
8742,S2423618__S24-23618-_-RECUT_2,0,0,geometry
8743,S20-26719__S20-26719,1,1,geometry
8744,S2516970__S25-16970____155248,1,0,geometry
8745,S18-18746__S18-18746,1,0,geometry
8746,S2229537__S22-29537-_-SERIAL_1,1,0,geometry
8747,S2423618__S24-23618-_-RECUT_2,0,0,geometry
8748,S2039743__S20-39743-L-PLHE_1,1,1,geometry
8749,S2525436__S2525436_0_BP1A2021,0,0,geometry
8750,S20-26719__S20-26719,1,0,geometry
8751,S2513847__S25-13847_0_BP1A2021_131603,0,0,geometry
8752,S2039743__S20-39743-P-PLHE_3,1,0,geometry
8753,S2352429__S23-52429-_-BIOPSY,0,0,geometry
8754,S2511008__S25-11008_0_BP1A2021_052339,1,1,geometry
8755,S2227608__S22-27608-_-SERIAL_1,1,0,geometry
8756,S2237601__S22-37601-_-,0,0,geometry
8757,S2511010__S25-11010_0_BP1A2021_052642,1,1,geometry
8758,S2039743__S20-39743-C-PLHE_0,1,0,geometry
8759,S2227608__S22-27608-_-SERIAL_1,1,0,geometry
8760,S2227608__S22-27608-_-SERIAL_2,1,1,geometry
8761,S17-42935__S17-42935,1,0,geometry
8762,S2039743__S20-39743-L-PLHE_1,1,0,geometry
8763,S2520404__S2520404_0_BP1A2021,0,1,geometry
8764,S2434918__S24-34918-_-BIOPSY,1,1,geometry
8765,S2516971__S25-16971____155423,0,1,geometry
8766,S2511007__S25-11007_0_BP1A2021_052433,0,0,geometry
8767,S2516971__S25-16971____140945,0,1,geometry
8768,S2229537__S22-29537-_-SERIAL_1,1,0,geometry
8769,S2530981__S2530981_0_BP1A2021,0,1,geometry
8770,S18-18746__S18-18746,1,1,geometry
8771,S2512685__S2512685_0_,0,0,geometry
8772,S2528218__S2528218_0_BP1A2021,0,0,geometry
8773,S2237603__S22-37603-_-_1,0,0,geometry
8774,S2406038__S2406038,0,0,geometry
8775,S2344462__S23-44462-_-BIOPSY,0,0,geometry
8776,S2229537__S22-29537-_-SERIAL_1,1,0,geometry
8777,S2528218__S2528218_0_BP1A2021,0,1,geometry
8778,S19-19367__S19-19367,1,0,geometry
8779,S18-18746__S18-18746,1,0,geometry
8780,S2524777__S2524777_0_BP1A2021,0,0,geometry
8781,S2039743__S20-39743-C-PLHE_0,1,0,geometry
8782,S19-40063__S19-40063,0,0,geometry
8783,S2039743__S20-39743-P-PLHE_3,1,0,geometry
8784,S2436457__S2436457_BP1B11_C_15540_2,0,0,geometry
8785,S2521240__S2521240_0_BP1A2021,1,1,geometry
8786,S2516971__S25-16971____140945,0,1,geometry
8787,S2423618__S24-23618-_-RECUT_2,0,1,geometry
8788,S2516971__S25-16971____155423,0,0,geometry
8789,S17-42935__S17-42935,1,1,geometry
8790,S2516970__S25-16970____155248,1,0,geometry
8791,S2516971__S25-16971____155423,0,0,geometry
8792,S2216630__S2216630--DEEP_1,0,1,geometry
8793,S2521240__S2521240_0_BP1A2021,1,0,geometry
8794,S2530985__S2530985_0_BP1A2021,0,0,geometry
8795,S2530981__S2530981_0_BP1A2021,0,0,geometry
8796,S2039743__S20-39743-C-PLHE_0,1,1,geometry
8797,S2227604__S22-27604-_-BIOPSY,1,0,geometry
8798,S2128633__S2128633--DEEP,1,0,geometry
8799,S2039743__S20-39743-C-PLHE_0,1,1,geometry
8800,S18-18746__S18-18746,1,1,geometry
8801,S2227604__S22-27604-_-BIOPSY,1,1,geometry
8802,S2039743__S20-39743-P-PLHE_3,1,1,geometry
8803,S2530981__S2530981_0_BP1A2021,0,1,geometry
8804,S2521240__S2521240_0_BP1A2021,1,1,geometry
8805,S2344462__S23-44462-_-BIOPSY,0,1,geometry
8806,S2521240__S2521240_0_BP1A2021,1,1,geometry
8807,S2511008__S25-11008_0_BP1A2021_052339,1,0,geometry
8808,S19-19367__S19-19367,1,0,geometry
8809,S2409390__S2409390,0,1,geometry
8810,S17-42935__S17-42935,1,0,geometry
8811,S2406754__S24-06754-_-DEEP_2,0,0,geometry
8812,S2326329__S23-26329-_-BIOPSY,0,1,geometry
8813,S2406754__S24-06754-_-DEEP_2,0,1,geometry
8814,S2406754__S24-06754-_-DEEP_2,0,1,geometry
8815,S2511859__S25-11859_0_BP1A2021_150616,0,0,geometry
8816,S2511009__S25-11009_0_BP1A2021_052542,0,0,geometry
8817,S2522980__S2522980_0_BP1A2021,0,0,geometry
8818,S19-40063__S19-40063,0,0,geometry
8819,S2524777__S2524777_0_BP1A2021,0,0,geometry
8820,S2522980__S2522980_0_BP1A2021,0,1,geometry
8821,S2424255__S2424255,0,1,geometry
8822,S20-26719__S20-26719,1,0,geometry
8823,S2352429__S23-52429-_-RECUT_1,0,1,geometry
8824,S20-26719__S20-26719,1,1,geometry
8825,S2227608__S22-27608-_-SERIAL_1,1,1,geometry
8826,S2227604__S22-27604-_-BIOPSY,1,1,geometry
8827,S2436457__S2436457_BP1B11_C_15540_2,0,0,geometry
8828,S2423618__S24-23618-_-RECUT_2,0,0,geometry
8829,S2511008__S25-11008_0_BP1A2021_052339,1,0,geometry
8830,S2520404__S2520404_0_BP1A2021,0,1,geometry
8831,S19-19367__S19-19367,1,0,geometry
8832,S2513847__S25-13847_0_BP1A2021_131603,0,1,geometry
8833,S20-26719__S20-26719,1,0,geometry
8834,S2511007__S25-11007_0_BP1A2021_052433,0,0,geometry
8835,S2128633__S2128633--DEEP,1,0,geometry
8836,S2516970__S25-16970____155248,1,1,geometry
8837,S2409390__S2409390,0,1,geometry
8838,S2227608__S22-27608-_-SERIAL_2,1,0,geometry
8839,S2409390__S2409390,0,0,geometry
8840,S20-26719__S20-26719,1,0,geometry
8841,S2520404__S2520404_0_BP1A2021,0,0,geometry
8842,S20-26719__S20-26719,1,1,geometry
8843,S2424255__S2424255,0,0,geometry
8844,S2406754__S24-06754-_-DEEP_2,0,0,geometry
8845,S2227608__S22-27608-_-SERIAL_1,1,1,geometry
8846,S2516970__S25-16970____155248,1,0,geometry
8847,S2434918__S24-34918-_-BIOPSY,1,0,geometry
8848,S19-19367__S19-19367,1,1,geometry
8849,S2039743__S20-39743-C-PLHE_0,1,1,geometry
8850,S2423618__S24-23618-_-RECUT_2,0,0,geometry
8851,S2533022__S2533022_0_BP1A2021,0,1,geometry
8852,S2511009__S25-11009_0_BP1A2021_052542,0,1,geometry
8853,S2530063__S2530063_0_BP1A2021,0,1,geometry
8854,S2521240__S2521240_0_BP1A2021,1,1,geometry
8855,S2533022__S2533022_0_BP1A2021,0,1,geometry
8856,S2511010__S25-11010_0_BP1A2021_052642,1,0,geometry
8857,S2128633__S2128633--DEEP,1,0,geometry
8858,S2227608__S22-27608-_-SERIAL_1,1,1,geometry
8859,S2424250__S2424250,0,0,geometry
8860,S2039743__S20-39743-C-PLHE_0,1,1,geometry
8861,S2128633__S2128633--DEEP,1,1,geometry
8862,S2520404__S2520404_0_BP1A2021,0,0,geometry
8863,S2216630__S2216630--DEEP_1,0,1,geometry
8864,S2512685__S2512685_0_,0,0,geometry
8865,S20-28924__S20-28924,0,1,geometry
8866,S2237603__S22-37603-_-_1,0,1,geometry
8867,S19-19367__S19-19367,1,1,geometry
8868,S2516971__S25-16971____155423,0,1,geometry
8869,S2530063__S2530063_0_BP1A2021,0,1,geometry
8870,S2039743__S20-39743-P-PLHE_3,1,0,geometry
8871,S2227604__S22-27604-_-BIOPSY,1,0,geometry
8872,S2227608__S22-27608-_-SERIAL_2,1,1,geometry
8873,S2521240__S2521240_0_BP1A2021,1,0,geometry
8874,S2530063__S2530063_0_BP1A2021,0,1,geometry
8875,S2039743__S20-39743-L-PLHE_1,1,0,geometry
8876,S2525436__S2525436_0_BP1A2021,0,0,geometry
8877,S2227604__S22-27604-_-BIOPSY,1,0,geometry
8878,S2516971__S25-16971____140945,0,1,geometry
8879,S20-26719__S20-26719,1,0,geometry
8880,S2434918__S24-34918-_-BIOPSY,1,0,geometry
8881,S2406038__S2406038,0,0,geometry
8882,S20-26719__S20-26719,1,1,geometry
8883,S2434918__S24-34918-_-BIOPSY,1,0,geometry
8884,S2406754__S24-06754-_-SERIAL_1,0,1,geometry
8885,S2128633__S2128633--DEEP,1,1,geometry
8886,S2516971__S25-16971____140945,0,1,geometry
8887,S2409390__S2409390,0,0,geometry
8888,S2511010__S25-11010_0_BP1A2021_052642,1,0,geometry
8889,S2401283__S24-01283-_-BIOPSY,0,1,geometry
8890,S2227604__S22-27604-_-BIOPSY,1,1,geometry
8891,S2511009__S25-11009_0_BP1A2021_052542,0,1,geometry
8892,S2227608__S22-27608-_-SERIAL_1,1,0,geometry
8893,S2515598__S25-15598_0__144202,0,0,geometry
8894,S2525436__S2525436_0_BP1A2021,0,0,geometry
8895,S19-19367__S19-19367,1,0,geometry
8896,S2530985__S2530985_0_BP1A2021,0,1,geometry
8897,S2530985__S2530985_0_BP1A2021,0,1,geometry
8898,S2511010__S25-11010_0_BP1A2021_052642,1,0,geometry
8899,S2409390__S2409390,0,1,geometry
8900,S2352429__S23-52429-_-BIOPSY,0,0,geometry
8901,S2515598__S25-15598_0__144202,0,1,geometry
8902,S2531985__S2531985_0_BP1A2021,0,0,geometry
8903,S2520404__S2520404_0_BP1A2021,0,1,geometry
8904,S2326329__S23-26329-_-BIOPSY,0,0,geometry
8905,S2423618__S24-23618-_-RECUT_2,0,1,geometry
8906,S17-42935__S17-42935,1,1,geometry
8907,S2227608__S22-27608-_-SERIAL_1,1,0,geometry
8908,S2229537__S22-29537-_-SERIAL_1,1,0,geometry
8909,S2512685__S2512685_0_,0,1,geometry
8910,S19-19367__S19-19367,1,0,geometry
8911,S2039743__S20-39743-P-PLHE_3,1,0,geometry
8912,S2516970__S25-16970____155248,1,0,geometry
8913,S2424255__S2424255,0,0,geometry
8914,S19-19367__S19-19367,1,0,geometry
8915,S2344462__S23-44462-_-BIOPSY,0,0,geometry
8916,S2229537__S22-29537-_-SERIAL_1,1,1,geometry
8917,S2406754__S24-06754-_-DEEP_2,0,1,geometry
8918,S18-18746__S18-18746,1,0,geometry
8919,S2436457__S2436457_BP1B11_C_15540_2,0,1,geometry
8920,S2423618__S24-23618-_-RECUT_2,0,0,geometry
8921,S20-26719__S20-26719,1,0,geometry
8922,S2516971__S25-16971____140945,0,0,geometry
8923,S2520404__S2520404_0_BP1A2021,0,1,geometry
8924,S2227604__S22-27604-_-BIOPSY,1,0,geometry
8925,S2520404__S2520404_0_BP1A2021,0,1,geometry
8926,S17-42935__S17-42935,1,0,geometry
8927,S2227608__S22-27608-_-SERIAL_1,1,1,geometry
8928,S2516971__S25-16971____155423,0,1,geometry
8929,S2128633__S2128633--DEEP,1,0,geometry
8930,S20-26719__S20-26719,1,1,geometry
8931,S2434918__S24-34918-_-BIOPSY,1,1,geometry
8932,S2227608__S22-27608-_-SERIAL_2,1,1,geometry
8933,S2530985__S2530985_0_BP1A2021,0,1,geometry
8934,S2533022__S2533022_0_BP1A2021,0,1,geometry
8935,S2521240__S2521240_0_BP1A2021,1,0,geometry
8936,S2520402__S2520402_0_BP1A2021,0,1,geometry
8937,S2229537__S22-29537-_-SERIAL_1,1,0,geometry
8938,S2352429__S23-52429-_-BIOPSY,0,1,geometry
8939,S19-19367__S19-19367,1,0,geometry
8940,S2511008__S25-11008_0_BP1A2021_052339,1,0,geometry
8941,S2533022__S2533022_0_BP1A2021,0,1,geometry
8942,S2531985__S2531985_0_BP1A2021,0,1,geometry
8943,S18-18746__S18-18746,1,0,geometry
8944,S2511010__S25-11010_0_BP1A2021_052642,1,1,geometry
8945,S2235518__S22-35518-_-BIOPSY,0,0,geometry
8946,S2227608__S22-27608-_-SERIAL_2,1,1,geometry
8947,S2511859__S25-11859_0_BP1A2021_150616,0,0,geometry
8948,S2227604__S22-27604-_-BIOPSY,1,1,geometry
8949,S18-18746__S18-18746,1,1,geometry
8950,S2516971__S25-16971____155423,0,1,geometry
8951,S2229537__S22-29537-_-SERIAL_1,1,1,geometry
8952,S2227604__S22-27604-_-BIOPSY,1,1,geometry
8953,S2128633__S2128633--DEEP,1,1,geometry
8954,S2039743__S20-39743-C-PLHE_0,1,0,geometry
8955,S2516970__S25-16970____155248,1,0,geometry
8956,S2436457__S2436457_BP1B11_C_15540_2,0,1,geometry
8957,S20-26719__S20-26719,1,1,geometry
8958,S2511009__S25-11009_0_BP1A2021_052542,0,0,geometry
8959,S2406038__S2406038,0,0,geometry
8960,S2511008__S25-11008_0_BP1A2021_052339,1,0,geometry
8961,S2520402__S2520402_0_BP1A2021,0,0,geometry
8962,S2227604__S22-27604-_-BIOPSY,1,1,geometry
8963,S2513847__S25-13847_0_BP1A2021_131603,0,1,geometry
8964,S2434918__S24-34918-_-BIOPSY,1,1,geometry
8965,S2530985__S2530985_0_BP1A2021,0,1,geometry
8966,S2525436__S2525436_0_BP1A2021,0,1,geometry
8967,S2227608__S22-27608-_-SERIAL_2,1,1,geometry
8968,S2352429__S23-52429-_-RECUT_1,0,0,geometry
8969,S2511007__S25-11007_0_BP1A2021_052433,0,1,geometry
8970,S2227604__S22-27604-_-BIOPSY,1,1,geometry
8971,S2039743__S20-39743-C-PLHE_0,1,0,geometry
8972,S2521240__S2521240_0_BP1A2021,1,0,geometry
8973,S2039743__S20-39743-L-PLHE_1,1,1,geometry
8974,S2530981__S2530981_0_BP1A2021,0,1,geometry
8975,S2530063__S2530063_0_BP1A2021,0,1,geometry
8976,S2352429__S23-52429-_-BIOPSY,0,1,geometry
8977,S2128633__S2128633--DEEP,1,1,geometry
8978,S2344462__S23-44462-_-BIOPSY,0,0,geometry
8979,S2436457__S2436457_BP1B11_C_15540_2,0,0,geometry
8980,S2511007__S25-11007_0_BP1A2021_052433,0,1,geometry
8981,S2227604__S22-27604-_-BIOPSY,1,1,geometry
8982,S2528218__S2528218_0_BP1A2021,0,1,geometry
8983,S2216630__S2216630--DEEP_1,0,0,geometry
8984,S2511008__S25-11008_0_BP1A2021_052339,1,1,geometry
8985,S2511010__S25-11010_0_BP1A2021_052642,1,1,geometry
8986,S2227608__S22-27608-_-SERIAL_2,1,1,geometry
8987,S2511008__S25-11008_0_BP1A2021_052339,1,0,geometry
8988,S2352429__S23-52429-_-RECUT_1,0,0,geometry
8989,S2227608__S22-27608-_-SERIAL_2,1,0,geometry
8990,S2434918__S24-34918-_-BIOPSY,1,1,geometry
8991,S2128633__S2128633--DEEP,1,0,geometry
8992,S2227608__S22-27608-_-SERIAL_1,1,0,geometry
8993,S18-18746__S18-18746,1,1,geometry
8994,S2401283__S24-01283-_-BIOPSY,0,1,geometry
8995,S2516970__S25-16970____155248,1,1,geometry
8996,S2227608__S22-27608-_-SERIAL_1,1,0,geometry
8997,S2227604__S22-27604-_-BIOPSY,1,0,geometry
8998,S2513847__S25-13847_0_BP1A2021_131603,0,0,geometry
8999,S2229537__S22-29537-_-SERIAL_1,1,0,geometry
9000,S19-19367__S19-19367,1,0,geometry
9001,S2352429__S23-52429-_-BIOPSY,0,0,geometry
9002,S17-42935__S17-42935,1,1,geometry
9003,S2530985__S2530985_0_BP1A2021,0,1,geometry
9004,S2237603__S22-37603-_-_1,0,1,geometry
9005,S17-42935__S17-42935,1,0,geometry
9006,S2530985__S2530985_0_BP1A2021,0,0,geometry
9007,S2227604__S22-27604-_-BIOPSY,1,1,geometry
9008,S2352429__S23-52429-_-RECUT_1,0,1,geometry
9009,S2406754__S24-06754-_-SERIAL_1,0,1,geometry
9010,S2521240__S2521240_0_BP1A2021,1,1,geometry
9011,S2520404__S2520404_0_BP1A2021,0,0,geometry
9012,S2235518__S22-35518-_-BIOPSY,0,0,geometry
9013,S2515598__S25-15598_0__144202,0,1,geometry
9014,S2128633__S2128633--DEEP,1,0,geometry
9015,S2511007__S25-11007_0_BP1A2021_052433,0,0,geometry
9016,S2516971__S25-16971____140945,0,0,geometry
9017,S19-19367__S19-19367,1,1,geometry
9018,S2237603__S22-37603-_-_1,0,1,geometry
9019,S2521240__S2521240_0_BP1A2021,1,1,geometry
9020,S2525436__S2525436_0_BP1A2021,0,1,geometry
9021,S2511007__S25-11007_0_BP1A2021_052433,0,1,geometry
9022,S2424255__S2424255,0,0,geometry
9023,S2511008__S25-11008_0_BP1A2021_052339,1,0,geometry
9024,S2533022__S2533022_0_BP1A2021,0,0,geometry
9025,S19-40063__S19-40063,0,0,geometry
9026,S2520402__S2520402_0_BP1A2021,0,0,geometry
9027,S2406754__S24-06754-_-DEEP_2,0,1,geometry
9028,S2039743__S20-39743-C-PLHE_0,1,0,geometry
9029,S2352429__S23-52429-_-BIOPSY,0,0,geometry
9030,S2227608__S22-27608-_-SERIAL_2,1,0,geometry
9031,S2522980__S2522980_0_BP1A2021,0,1,geometry
9032,S2406754__S24-06754-_-SERIAL_1,0,0,geometry
9033,S2434918__S24-34918-_-BIOPSY,1,0,geometry
9034,S2039743__S20-39743-L-PLHE_1,1,1,geometry
9035,S2344462__S23-44462-_-BIOPSY,0,0,geometry
9036,S17-42935__S17-42935,1,0,geometry
9037,S17-42935__S17-42935,1,0,geometry
9038,S2528218__S2528218_0_BP1A2021,0,0,geometry
9039,S2039743__S20-39743-L-PLHE_1,1,1,geometry
9040,S2216630__S2216630--DEEP_1,0,1,geometry
9041,S2128633__S2128633--DEEP,1,0,geometry
9042,S2521240__S2521240_0_BP1A2021,1,0,geometry
9043,S2511010__S25-11010_0_BP1A2021_052642,1,0,geometry
9044,S2521240__S2521240_0_BP1A2021,1,1,geometry
9045,S2227608__S22-27608-_-SERIAL_2,1,1,geometry
9046,S2227604__S22-27604-_-BIOPSY,1,0,geometry
9047,S2344462__S23-44462-_-BIOPSY,0,1,geometry
9048,S2436457__S2436457_BP1B11_C_15540_2,0,0,geometry
9049,S2424255__S2424255,0,1,geometry
9050,S2434918__S24-34918-_-BIOPSY,1,0,geometry
9051,S2511009__S25-11009_0_BP1A2021_052542,0,1,geometry
9052,S2515598__S25-15598_0__144202,0,0,geometry
9053,S2516970__S25-16970____155248,1,0,geometry
9054,S2406754__S24-06754-_-DEEP_2,0,0,geometry
9055,S2530063__S2530063_0_BP1A2021,0,1,geometry
9056,S2039743__S20-39743-P-PLHE_3,1,1,geometry
9057,S2513847__S25-13847_0_BP1A2021_131603,0,1,geometry
9058,S18-18746__S18-18746,1,0,geometry
9059,S2039743__S20-39743-C-PLHE_0,1,1,geometry
9060,S2511008__S25-11008_0_BP1A2021_052339,1,0,geometry
9061,S2513847__S25-13847_0_BP1A2021_131603,0,1,geometry
9062,S2515598__S25-15598_0__144202,0,1,geometry
9063,S2520402__S2520402_0_BP1A2021,0,1,geometry
9064,S2511010__S25-11010_0_BP1A2021_052642,1,0,geometry
9065,S2039743__S20-39743-P-PLHE_3,1,1,geometry
9066,S2511010__S25-11010_0_BP1A2021_052642,1,1,geometry
9067,S2409390__S2409390,0,0,geometry
9068,S19-40063__S19-40063,0,1,geometry
9069,S2516971__S25-16971____155423,0,0,geometry
9070,S2216630__S2216630--DEEP_1,0,0,geometry
9071,S18-18746__S18-18746,1,1,geometry
9072,S2409390__S2409390,0,0,geometry
9073,S2401283__S24-01283-_-BIOPSY,0,0,geometry
9074,S2511008__S25-11008_0_BP1A2021_052339,1,0,geometry
9075,S2511008__S25-11008_0_BP1A2021_052339,1,1,geometry
9076,S2229537__S22-29537-_-SERIAL_1,1,1,geometry
9077,S2511010__S25-11010_0_BP1A2021_052642,1,0,geometry
9078,S19-19367__S19-19367,1,1,geometry
9079,S2520404__S2520404_0_BP1A2021,0,0,geometry
9080,S2227604__S22-27604-_-BIOPSY,1,1,geometry
9081,S2216630__S2216630--DEEP_1,0,1,geometry
9082,S2039743__S20-39743-P-PLHE_3,1,1,geometry
9083,S2530981__S2530981_0_BP1A2021,0,1,geometry
9084,S2406038__S2406038,0,1,geometry
9085,S2039743__S20-39743-L-PLHE_1,1,1,geometry
9086,S2520402__S2520402_0_BP1A2021,0,0,geometry
9087,S19-19367__S19-19367,1,1,geometry
9088,S2406754__S24-06754-_-SERIAL_1,0,1,geometry
9089,S2235518__S22-35518-_-BIOPSY,0,1,geometry
9090,S19-19367__S19-19367,1,0,geometry
9091,S2512685__S2512685_0_,0,1,geometry
9092,S2436457__S2436457_BP1B11_C_15540_2,0,0,geometry
9093,S2237601__S22-37601-_-,0,0,geometry
9094,S2504719__S25-04719-_-DEEP_1,0,0,geometry
9095,S2326329__S23-26329-_-BIOPSY,0,1,geometry
9096,S2530063__S2530063_0_BP1A2021,0,1,geometry
9097,S17-42935__S17-42935,1,0,geometry
9098,S20-26719__S20-26719,1,1,geometry
9099,S2352429__S23-52429-_-BIOPSY,0,1,geometry
9100,S2406754__S24-06754-_-SERIAL_1,0,1,geometry
9101,S2520404__S2520404_0_BP1A2021,0,0,geometry
9102,S2039743__S20-39743-P-PLHE_3,1,1,geometry
9103,S2424250__S2424250,0,0,geometry
9104,S2520402__S2520402_0_BP1A2021,0,1,geometry
9105,S2039743__S20-39743-P-PLHE_3,1,1,geometry
9106,S2515598__S25-15598_0__144202,0,0,geometry
9107,S2039743__S20-39743-C-PLHE_0,1,1,geometry
9108,S19-40063__S19-40063,0,1,geometry
9109,S2406038__S2406038,0,0,geometry
9110,S2344462__S23-44462-_-BIOPSY,0,0,geometry
9111,S2424250__S2424250,0,0,geometry
9112,S2237601__S22-37601-_-,0,1,geometry
9113,S2039743__S20-39743-P-PLHE_3,1,0,geometry
9114,S19-40063__S19-40063,0,1,geometry
9115,S2512685__S2512685_0_,0,1,geometry
9116,S2516970__S25-16970____155248,1,1,geometry
9117,S2352429__S23-52429-_-BIOPSY,0,0,geometry
9118,S18-18746__S18-18746,1,1,geometry
9119,S2039743__S20-39743-L-PLHE_1,1,0,geometry
9120,S2504719__S25-04719-_-DEEP_1,0,1,geometry
9121,S2406754__S24-06754-_-DEEP_2,0,1,geometry
9122,S2227604__S22-27604-_-BIOPSY,1,0,geometry
9123,S2516970__S25-16970____155248,1,0,geometry
9124,S2326329__S23-26329-_-BIOPSY,0,0,geometry
9125,S2229537__S22-29537-_-SERIAL_1,1,0,geometry
9126,S2227608__S22-27608-_-SERIAL_1,1,1,geometry
9127,S2521240__S2521240_0_BP1A2021,1,1,geometry
9128,S2039743__S20-39743-P-PLHE_3,1,1,geometry
9129,S17-42935__S17-42935,1,1,geometry
9130,S2039743__S20-39743-C-PLHE_0,1,1,geometry
9131,S2520404__S2520404_0_BP1A2021,0,0,geometry
9132,S2227608__S22-27608-_-SERIAL_2,1,0,geometry
9133,S2521240__S2521240_0_BP1A2021,1,1,geometry
9134,S2522980__S2522980_0_BP1A2021,0,0,geometry
9135,S17-42935__S17-42935,1,1,geometry
9136,S2128633__S2128633--DEEP,1,0,geometry
9137,S2516970__S25-16970____155248,1,1,geometry
9138,S2352429__S23-52429-_-RECUT_1,0,1,geometry
9139,S2401283__S24-01283-_-BIOPSY,0,1,geometry
9140,S2227608__S22-27608-_-SERIAL_1,1,1,geometry
9141,S2406754__S24-06754-_-SERIAL_1,0,0,geometry
9142,S2530063__S2530063_0_BP1A2021,0,1,geometry
9143,S2352429__S23-52429-_-BIOPSY,0,0,geometry
9144,S2229537__S22-29537-_-SERIAL_1,1,1,geometry
9145,S2434918__S24-34918-_-BIOPSY,1,0,geometry
9146,S2227604__S22-27604-_-BIOPSY,1,0,geometry
9147,S2515598__S25-15598_0__144202,0,0,geometry
9148,S2530985__S2530985_0_BP1A2021,0,1,geometry
9149,S2520402__S2520402_0_BP1A2021,0,1,geometry
9150,S2521240__S2521240_0_BP1A2021,1,1,geometry
9151,S2424255__S2424255,0,1,geometry
9152,S2237603__S22-37603-_-_1,0,0,geometry
9153,S2524777__S2524777_0_BP1A2021,0,1,geometry
9154,S2039743__S20-39743-C-PLHE_0,1,1,geometry
9155,S2511008__S25-11008_0_BP1A2021_052339,1,1,geometry
9156,S2511010__S25-11010_0_BP1A2021_052642,1,1,geometry
9157,S2521240__S2521240_0_BP1A2021,1,1,geometry
9158,S2434918__S24-34918-_-BIOPSY,1,0,geometry
9159,S2504719__S25-04719-_-DEEP_1,0,0,geometry
9160,S2406038__S2406038,0,0,geometry
9161,S2039743__S20-39743-L-PLHE_1,1,0,geometry
9162,S2530981__S2530981_0_BP1A2021,0,1,geometry
9163,S19-19367__S19-19367,1,1,geometry
9164,S2511008__S25-11008_0_BP1A2021_052339,1,0,geometry
9165,S2039743__S20-39743-L-PLHE_1,1,1,geometry
9166,S2326329__S23-26329-_-BIOPSY,0,0,geometry
9167,S2227608__S22-27608-_-SERIAL_2,1,0,geometry
9168,S2039743__S20-39743-C-PLHE_0,1,1,geometry
9169,S2352429__S23-52429-_-RECUT_1,0,1,geometry
9170,S2511859__S25-11859_0_BP1A2021_150616,0,1,geometry
9171,S2511859__S25-11859_0_BP1A2021_150616,0,1,geometry
9172,S2229537__S22-29537-_-SERIAL_1,1,0,geometry
9173,S2512685__S2512685_0_,0,1,geometry
9174,S2423618__S24-23618-_-RECUT_2,0,1,geometry
9175,S2511010__S25-11010_0_BP1A2021_052642,1,1,geometry
9176,S2511010__S25-11010_0_BP1A2021_052642,1,1,geometry
9177,S2528218__S2528218_0_BP1A2021,0,1,geometry
9178,S2409390__S2409390,0,1,geometry
9179,S2227608__S22-27608-_-SERIAL_1,1,1,geometry
9180,S2235518__S22-35518-_-BIOPSY,0,0,geometry
9181,S2039743__S20-39743-P-PLHE_3,1,1,geometry
9182,S2530985__S2530985_0_BP1A2021,0,0,geometry
9183,S18-18746__S18-18746,1,1,geometry
9184,S2524777__S2524777_0_BP1A2021,0,1,geometry
9185,S2504719__S25-04719-_-DEEP_1,0,1,geometry
9186,S2406754__S24-06754-_-DEEP_2,0,0,geometry
9187,S2520404__S2520404_0_BP1A2021,0,1,geometry
9188,S2530063__S2530063_0_BP1A2021,0,1,geometry
9189,S2237603__S22-37603-_-_1,0,0,geometry
9190,S2227604__S22-27604-_-BIOPSY,1,1,geometry
9191,S2229537__S22-29537-_-SERIAL_1,1,0,geometry
9192,S2406754__S24-06754-_-DEEP_2,0,1,geometry
9193,S2424250__S2424250,0,1,geometry
9194,S2512685__S2512685_0_,0,1,geometry
9195,S2520402__S2520402_0_BP1A2021,0,0,geometry
9196,S2406038__S2406038,0,1,geometry
9197,S2229537__S22-29537-_-SERIAL_1,1,0,geometry
9198,S2237601__S22-37601-_-,0,0,geometry
9199,S2227608__S22-27608-_-SERIAL_1,1,1,geometry
9200,S20-26719__S20-26719,1,1,geometry
9201,S2533022__S2533022_0_BP1A2021,0,0,geometry
9202,S17-42935__S17-42935,1,0,geometry
9203,S2406754__S24-06754-_-SERIAL_1,0,0,geometry
9204,S2128633__S2128633--DEEP,1,0,geometry
9205,S2326329__S23-26329-_-BIOPSY,0,1,geometry
9206,S2511007__S25-11007_0_BP1A2021_052433,0,1,geometry
9207,S2522980__S2522980_0_BP1A2021,0,1,geometry
9208,S2524777__S2524777_0_BP1A2021,0,0,geometry
9209,S2039743__S20-39743-C-PLHE_0,1,0,geometry
9210,S2039743__S20-39743-C-PLHE_0,1,0,geometry
9211,S2504719__S25-04719-_-DEEP_1,0,1,geometry
9212,S2520402__S2520402_0_BP1A2021,0,0,geometry
9213,S2525436__S2525436_0_BP1A2021,0,0,geometry
9214,S2531985__S2531985_0_BP1A2021,0,1,geometry
9215,S2409390__S2409390,0,1,geometry
9216,S2434918__S24-34918-_-BIOPSY,1,1,geometry
9217,S2039743__S20-39743-P-PLHE_3,1,1,geometry
9218,S17-42935__S17-42935,1,0,geometry
9219,S19-19367__S19-19367,1,1,geometry
9220,S2530981__S2530981_0_BP1A2021,0,1,geometry
9221,S2524777__S2524777_0_BP1A2021,0,1,geometry
9222,S2521240__S2521240_0_BP1A2021,1,0,geometry
9223,S2352429__S23-52429-_-RECUT_1,0,0,geometry
9224,S2401283__S24-01283-_-BIOPSY,0,0,geometry
9225,S2525436__S2525436_0_BP1A2021,0,0,geometry
9226,S2352429__S23-52429-_-BIOPSY,0,0,geometry
9227,S2530063__S2530063_0_BP1A2021,0,1,geometry
9228,S2227608__S22-27608-_-SERIAL_1,1,1,geometry
9229,S2237603__S22-37603-_-_1,0,0,geometry
9230,S2530981__S2530981_0_BP1A2021,0,1,geometry
9231,S2516970__S25-16970____155248,1,0,geometry
9232,S2436457__S2436457_BP1B11_C_15540_2,0,0,geometry
9233,S2434918__S24-34918-_-BIOPSY,1,1,geometry
9234,S2229537__S22-29537-_-SERIAL_1,1,1,geometry
9235,S2511008__S25-11008_0_BP1A2021_052339,1,1,geometry
9236,S2406038__S2406038,0,0,geometry
9237,S2039743__S20-39743-L-PLHE_1,1,0,geometry
9238,S2406754__S24-06754-_-SERIAL_1,0,0,geometry
9239,S2515598__S25-15598_0__144202,0,1,geometry
9240,S2521240__S2521240_0_BP1A2021,1,1,geometry
9241,S2227604__S22-27604-_-BIOPSY,1,0,geometry
9242,S2326329__S23-26329-_-BIOPSY,0,0,geometry
9243,S18-18746__S18-18746,1,1,geometry
9244,S2227608__S22-27608-_-SERIAL_2,1,0,geometry
9245,S2128633__S2128633--DEEP,1,0,geometry
9246,S2039743__S20-39743-P-PLHE_3,1,1,geometry
9247,S2424255__S2424255,0,0,geometry
9248,S2511008__S25-11008_0_BP1A2021_052339,1,1,geometry
9249,S2227608__S22-27608-_-SERIAL_2,1,1,geometry
9250,S2511009__S25-11009_0_BP1A2021_052542,0,1,geometry
9251,S2229537__S22-29537-_-SERIAL_1,1,1,geometry
9252,S2039743__S20-39743-C-PLHE_0,1,1,geometry
9253,S2524777__S2524777_0_BP1A2021,0,0,geometry
9254,S2039743__S20-39743-C-PLHE_0,1,0,geometry
9255,S20-26719__S20-26719,1,0,geometry
9256,S2424250__S2424250,0,0,geometry
9257,S2039743__S20-39743-P-PLHE_3,1,1,geometry
9258,S2406754__S24-06754-_-DEEP_2,0,0,geometry
9259,S2521240__S2521240_0_BP1A2021,1,0,geometry
9260,S2039743__S20-39743-L-PLHE_1,1,1,geometry
9261,S2039743__S20-39743-L-PLHE_1,1,0,geometry
9262,S2227608__S22-27608-_-SERIAL_1,1,0,geometry
9263,S2511010__S25-11010_0_BP1A2021_052642,1,0,geometry
9264,S2237603__S22-37603-_-_1,0,0,geometry
9265,S2436457__S2436457_BP1B11_C_15540_2,0,0,geometry
9266,S2229537__S22-29537-_-SERIAL_1,1,1,geometry
9267,S2511008__S25-11008_0_BP1A2021_052339,1,1,geometry
9268,S19-19367__S19-19367,1,1,geometry
9269,S2528218__S2528218_0_BP1A2021,0,0,geometry
9270,S2352429__S23-52429-_-RECUT_1,0,0,geometry
9271,S2229537__S22-29537-_-SERIAL_1,1,1,geometry
9272,S2436457__S2436457_BP1B11_C_15540_2,0,0,geometry
9273,S2237601__S22-37601-_-,0,1,geometry
9274,S2436457__S2436457_BP1B11_C_15540_2,0,1,geometry
9275,S2521240__S2521240_0_BP1A2021,1,1,geometry
9276,S2531985__S2531985_0_BP1A2021,0,0,geometry
9277,S2227608__S22-27608-_-SERIAL_2,1,1,geometry
9278,S2434918__S24-34918-_-BIOPSY,1,1,geometry
9279,S2516971__S25-16971____140945,0,0,geometry
9280,S2326329__S23-26329-_-BIOPSY,0,0,geometry
9281,S2511007__S25-11007_0_BP1A2021_052433,0,1,geometry
9282,S2515598__S25-15598_0__144202,0,0,geometry
9283,S2423618__S24-23618-_-RECUT_2,0,1,geometry
9284,S2039743__S20-39743-C-PLHE_0,1,1,geometry
9285,S2520404__S2520404_0_BP1A2021,0,1,geometry
9286,S2511009__S25-11009_0_BP1A2021_052542,0,0,geometry
9287,S17-42935__S17-42935,1,0,geometry
9288,S2516970__S25-16970____155248,1,0,geometry
9289,S2511010__S25-11010_0_BP1A2021_052642,1,0,geometry
9290,S2512685__S2512685_0_,0,1,geometry
9291,S2424250__S2424250,0,0,geometry
9292,S2227608__S22-27608-_-SERIAL_2,1,1,geometry
9293,S2524777__S2524777_0_BP1A2021,0,0,geometry
9294,S2525436__S2525436_0_BP1A2021,0,0,geometry
9295,S2423618__S24-23618-_-RECUT_2,0,1,geometry
9296,S2128633__S2128633--DEEP,1,0,geometry
9297,S19-40063__S19-40063,0,0,geometry
9298,S2530063__S2530063_0_BP1A2021,0,0,geometry
9299,S2530985__S2530985_0_BP1A2021,0,1,geometry
9300,S2511010__S25-11010_0_BP1A2021_052642,1,0,geometry
9301,S2227608__S22-27608-_-SERIAL_2,1,1,geometry
9302,S2235518__S22-35518-_-BIOPSY,0,0,geometry
9303,S2522980__S2522980_0_BP1A2021,0,0,geometry
9304,S20-26719__S20-26719,1,0,geometry
9305,S2521240__S2521240_0_BP1A2021,1,1,geometry
9306,S20-26719__S20-26719,1,1,geometry
9307,S2039743__S20-39743-L-PLHE_1,1,0,geometry
9308,S2522980__S2522980_0_BP1A2021,0,1,geometry
9309,S18-18746__S18-18746,1,1,geometry
9310,S2235518__S22-35518-_-BIOPSY,0,0,geometry
9311,S2516971__S25-16971____140945,0,0,geometry
9312,S2039743__S20-39743-C-PLHE_0,1,0,geometry
9313,S2511859__S25-11859_0_BP1A2021_150616,0,1,geometry
9314,S2512685__S2512685_0_,0,1,geometry
9315,S2516970__S25-16970____155248,1,1,geometry
9316,S2039743__S20-39743-C-PLHE_0,1,0,geometry
9317,S17-42935__S17-42935,1,1,geometry
9318,S2424250__S2424250,0,0,geometry
9319,S2521240__S2521240_0_BP1A2021,1,0,geometry
9320,S2406754__S24-06754-_-DEEP_2,0,0,geometry
9321,S2128633__S2128633--DEEP,1,1,geometry
9322,S2530985__S2530985_0_BP1A2021,0,1,geometry
9323,S19-19367__S19-19367,1,1,geometry
9324,S2227604__S22-27604-_-BIOPSY,1,1,geometry
9325,S2516971__S25-16971____140945,0,0,geometry
9326,S17-42935__S17-42935,1,0,geometry
9327,S2229537__S22-29537-_-SERIAL_1,1,1,geometry
9328,S20-28924__S20-28924,0,0,geometry
9329,S2525436__S2525436_0_BP1A2021,0,0,geometry
9330,S2227608__S22-27608-_-SERIAL_1,1,1,geometry
9331,S2039743__S20-39743-C-PLHE_0,1,0,geometry
9332,S2513847__S25-13847_0_BP1A2021_131603,0,1,geometry
9333,S2521240__S2521240_0_BP1A2021,1,1,geometry
9334,S2511008__S25-11008_0_BP1A2021_052339,1,1,geometry
9335,S2227608__S22-27608-_-SERIAL_1,1,0,geometry
9336,S2406754__S24-06754-_-SERIAL_1,0,1,geometry
9337,S2424255__S2424255,0,1,geometry
9338,S2513847__S25-13847_0_BP1A2021_131603,0,0,geometry
9339,S2039743__S20-39743-L-PLHE_1,1,0,geometry
9340,S18-18746__S18-18746,1,0,geometry
9341,S17-42935__S17-42935,1,1,geometry
9342,S2128633__S2128633--DEEP,1,1,geometry
9343,S2039743__S20-39743-P-PLHE_3,1,1,geometry
9344,S20-26719__S20-26719,1,0,geometry
9345,S2229537__S22-29537-_-SERIAL_1,1,1,geometry
9346,S2511859__S25-11859_0_BP1A2021_150616,0,1,geometry
9347,S2237601__S22-37601-_-,0,1,geometry
9348,S2406754__S24-06754-_-DEEP_2,0,1,geometry
9349,S2227604__S22-27604-_-BIOPSY,1,1,geometry
9350,S17-42935__S17-42935,1,1,geometry
9351,S2511010__S25-11010_0_BP1A2021_052642,1,0,geometry
9352,S20-28924__S20-28924,0,0,geometry
9353,S2434918__S24-34918-_-BIOPSY,1,0,geometry
9354,S2531985__S2531985_0_BP1A2021,0,1,geometry
9355,S2229537__S22-29537-_-SERIAL_1,1,1,geometry
9356,S2227608__S22-27608-_-SERIAL_1,1,0,geometry
9357,S2511010__S25-11010_0_BP1A2021_052642,1,0,geometry
9358,S2516971__S25-16971____155423,0,0,geometry
9359,S2406754__S24-06754-_-SERIAL_1,0,0,geometry
9360,S2352429__S23-52429-_-RECUT_1,0,1,geometry
9361,S2528218__S2528218_0_BP1A2021,0,0,geometry
9362,S2511859__S25-11859_0_BP1A2021_150616,0,0,geometry
9363,S2352429__S23-52429-_-BIOPSY,0,0,geometry
9364,S2530985__S2530985_0_BP1A2021,0,1,geometry
9365,S2039743__S20-39743-C-PLHE_0,1,1,geometry
9366,S2235518__S22-35518-_-BIOPSY,0,0,geometry
9367,S2530063__S2530063_0_BP1A2021,0,1,geometry
9368,S18-18746__S18-18746,1,1,geometry
9369,S2352429__S23-52429-_-RECUT_1,0,1,geometry
9370,S2524777__S2524777_0_BP1A2021,0,1,geometry
9371,S18-18746__S18-18746,1,1,geometry
9372,S2522980__S2522980_0_BP1A2021,0,0,geometry
9373,S2504719__S25-04719-_-DEEP_1,0,0,geometry
9374,S2533022__S2533022_0_BP1A2021,0,0,geometry
9375,S2522980__S2522980_0_BP1A2021,0,0,geometry
9376,S2516971__S25-16971____140945,0,1,geometry
9377,S2520404__S2520404_0_BP1A2021,0,0,geometry
9378,S2521240__S2521240_0_BP1A2021,1,1,geometry
9379,S2326329__S23-26329-_-BIOPSY,0,1,geometry
9380,S2516970__S25-16970____155248,1,1,geometry
9381,S2128633__S2128633--DEEP,1,0,geometry
9382,S2352429__S23-52429-_-RECUT_1,0,0,geometry
9383,S2504719__S25-04719-_-DEEP_1,0,1,geometry
9384,S20-26719__S20-26719,1,1,geometry
9385,S2511008__S25-11008_0_BP1A2021_052339,1,1,geometry
9386,S2227604__S22-27604-_-BIOPSY,1,0,geometry
9387,S2528218__S2528218_0_BP1A2021,0,0,geometry
9388,S2227608__S22-27608-_-SERIAL_1,1,0,geometry
9389,S2511010__S25-11010_0_BP1A2021_052642,1,1,geometry
9390,S2511008__S25-11008_0_BP1A2021_052339,1,0,geometry
9391,S2512685__S2512685_0_,0,1,geometry
9392,S2424255__S2424255,0,1,geometry
9393,S2504719__S25-04719-_-DEEP_1,0,1,geometry
9394,S19-40063__S19-40063,0,1,geometry
9395,S17-42935__S17-42935,1,0,geometry
9396,S2344462__S23-44462-_-BIOPSY,0,0,geometry
9397,S2511859__S25-11859_0_BP1A2021_150616,0,0,geometry
9398,S2533022__S2533022_0_BP1A2021,0,1,geometry
9399,S2039743__S20-39743-C-PLHE_0,1,0,geometry
9400,S2406754__S24-06754-_-DEEP_2,0,1,geometry
9401,S2039743__S20-39743-C-PLHE_0,1,0,geometry
9402,S2520402__S2520402_0_BP1A2021,0,1,geometry
9403,S2227604__S22-27604-_-BIOPSY,1,0,geometry
9404,S2511010__S25-11010_0_BP1A2021_052642,1,1,geometry
9405,S2039743__S20-39743-L-PLHE_1,1,0,geometry
9406,S2352429__S23-52429-_-RECUT_1,0,1,geometry
9407,S17-42935__S17-42935,1,1,geometry
9408,S2227604__S22-27604-_-BIOPSY,1,0,geometry
9409,S2511007__S25-11007_0_BP1A2021_052433,0,1,geometry
9410,S2227604__S22-27604-_-BIOPSY,1,0,geometry
9411,S2227608__S22-27608-_-SERIAL_2,1,0,geometry
9412,S2227604__S22-27604-_-BIOPSY,1,1,geometry
9413,S2434918__S24-34918-_-BIOPSY,1,0,geometry
9414,S2434918__S24-34918-_-BIOPSY,1,0,geometry
9415,S19-19367__S19-19367,1,1,geometry
9416,S2352429__S23-52429-_-BIOPSY,0,0,geometry
9417,S2227608__S22-27608-_-SERIAL_1,1,0,geometry
9418,S2235518__S22-35518-_-BIOPSY,0,0,geometry
9419,S2401283__S24-01283-_-BIOPSY,0,1,geometry
9420,S2504719__S25-04719-_-DEEP_1,0,0,geometry
9421,S2237601__S22-37601-_-,0,1,geometry
9422,S2521240__S2521240_0_BP1A2021,1,0,geometry
9423,S2434918__S24-34918-_-BIOPSY,1,0,geometry
9424,S2216630__S2216630--DEEP_1,0,0,geometry
9425,S2516970__S25-16970____155248,1,1,geometry
9426,S18-18746__S18-18746,1,1,geometry
9427,S2039743__S20-39743-C-PLHE_0,1,0,geometry
9428,S2511007__S25-11007_0_BP1A2021_052433,0,0,geometry
9429,S2227604__S22-27604-_-BIOPSY,1,1,geometry
9430,S2344462__S23-44462-_-BIOPSY,0,1,geometry
9431,S19-40063__S19-40063,0,0,geometry
9432,S20-26719__S20-26719,1,1,geometry
9433,S2229537__S22-29537-_-SERIAL_1,1,1,geometry
9434,S17-42935__S17-42935,1,1,geometry
9435,S2352429__S23-52429-_-RECUT_1,0,1,geometry
9436,S2227604__S22-27604-_-BIOPSY,1,0,geometry
9437,S2511008__S25-11008_0_BP1A2021_052339,1,0,geometry
9438,S18-18746__S18-18746,1,1,geometry
9439,S2227608__S22-27608-_-SERIAL_2,1,0,geometry
9440,S2128633__S2128633--DEEP,1,0,geometry
9441,S2235518__S22-35518-_-BIOPSY,0,1,geometry
9442,S2515598__S25-15598_0__144202,0,0,geometry
9443,S2436457__S2436457_BP1B11_C_15540_2,0,0,geometry
9444,S2128633__S2128633--DEEP,1,1,geometry
9445,S2352429__S23-52429-_-BIOPSY,0,0,geometry
9446,S2039743__S20-39743-P-PLHE_3,1,0,geometry
9447,S2524777__S2524777_0_BP1A2021,0,1,geometry
9448,S2235518__S22-35518-_-BIOPSY,0,0,geometry
9449,S2511859__S25-11859_0_BP1A2021_150616,0,1,geometry
9450,S2227608__S22-27608-_-SERIAL_1,1,1,geometry
9451,S2504719__S25-04719-_-DEEP_1,0,0,geometry
9452,S2406754__S24-06754-_-SERIAL_1,0,0,geometry
9453,S18-18746__S18-18746,1,0,geometry
9454,S2039743__S20-39743-C-PLHE_0,1,0,geometry
9455,S2511008__S25-11008_0_BP1A2021_052339,1,1,geometry
9456,S2530985__S2530985_0_BP1A2021,0,0,geometry
9457,S2504719__S25-04719-_-DEEP_1,0,1,geometry
9458,S2237603__S22-37603-_-_1,0,0,geometry
9459,S2530063__S2530063_0_BP1A2021,0,0,geometry
9460,S2039743__S20-39743-L-PLHE_1,1,0,geometry
9461,S2434918__S24-34918-_-BIOPSY,1,0,geometry
9462,S18-18746__S18-18746,1,1,geometry
9463,S2511010__S25-11010_0_BP1A2021_052642,1,1,geometry
9464,S18-18746__S18-18746,1,0,geometry
9465,S2511010__S25-11010_0_BP1A2021_052642,1,0,geometry
9466,S2525436__S2525436_0_BP1A2021,0,1,geometry
9467,S2504719__S25-04719-_-DEEP_1,0,1,geometry
9468,S2128633__S2128633--DEEP,1,1,geometry
9469,S2436457__S2436457_BP1B11_C_15540_2,0,1,geometry
9470,S2511008__S25-11008_0_BP1A2021_052339,1,1,geometry
9471,S2352429__S23-52429-_-RECUT_1,0,0,geometry
9472,S2531985__S2531985_0_BP1A2021,0,0,geometry
9473,S2530063__S2530063_0_BP1A2021,0,0,geometry
9474,S2531985__S2531985_0_BP1A2021,0,0,geometry
9475,S2326329__S23-26329-_-BIOPSY,0,0,geometry
9476,S19-40063__S19-40063,0,1,geometry
9477,S2530063__S2530063_0_BP1A2021,0,1,geometry
9478,S2229537__S22-29537-_-SERIAL_1,1,1,geometry
9479,S2039743__S20-39743-L-PLHE_1,1,0,geometry
9480,S2227608__S22-27608-_-SERIAL_1,1,1,geometry
9481,S2229537__S22-29537-_-SERIAL_1,1,0,geometry
9482,S2406754__S24-06754-_-DEEP_2,0,0,geometry
9483,S2039743__S20-39743-L-PLHE_1,1,0,geometry
9484,S2401283__S24-01283-_-BIOPSY,0,0,geometry
9485,S2237601__S22-37601-_-,0,1,geometry
9486,S2039743__S20-39743-L-PLHE_1,1,1,geometry
9487,S17-42935__S17-42935,1,0,geometry
9488,S2521240__S2521240_0_BP1A2021,1,1,geometry
9489,S19-19367__S19-19367,1,1,geometry
9490,S2128633__S2128633--DEEP,1,0,geometry
9491,S2513847__S25-13847_0_BP1A2021_131603,0,1,geometry
9492,S2516970__S25-16970____155248,1,1,geometry
9493,S2525436__S2525436_0_BP1A2021,0,0,geometry
9494,S2227608__S22-27608-_-SERIAL_2,1,0,geometry
9495,S2344462__S23-44462-_-BIOPSY,0,1,geometry
9496,S2039743__S20-39743-P-PLHE_3,1,0,geometry
9497,S2511007__S25-11007_0_BP1A2021_052433,0,1,geometry
9498,S17-42935__S17-42935,1,0,geometry
9499,S2516970__S25-16970____155248,1,0,geometry
9500,S2520402__S2520402_0_BP1A2021,0,0,geometry
9501,S2513847__S25-13847_0_BP1A2021_131603,0,1,geometry
9502,S2522980__S2522980_0_BP1A2021,0,0,geometry
9503,S2352429__S23-52429-_-BIOPSY,0,0,geometry
9504,S2516971__S25-16971____155423,0,1,geometry
9505,S20-26719__S20-26719,1,1,geometry
9506,S2039743__S20-39743-C-PLHE_0,1,1,geometry
9507,S2039743__S20-39743-L-PLHE_1,1,0,geometry
9508,S2235518__S22-35518-_-BIOPSY,0,0,geometry
9509,S2524777__S2524777_0_BP1A2021,0,0,geometry
9510,S2227604__S22-27604-_-BIOPSY,1,1,geometry
9511,S2039743__S20-39743-L-PLHE_1,1,0,geometry
9512,S2344462__S23-44462-_-BIOPSY,0,1,geometry
9513,S2406038__S2406038,0,0,geometry
9514,S2516970__S25-16970____155248,1,1,geometry
9515,S2229537__S22-29537-_-SERIAL_1,1,1,geometry
9516,S2530981__S2530981_0_BP1A2021,0,1,geometry
9517,S2237601__S22-37601-_-,0,0,geometry
9518,S2039743__S20-39743-P-PLHE_3,1,1,geometry
9519,S2511859__S25-11859_0_BP1A2021_150616,0,0,geometry
9520,S2521240__S2521240_0_BP1A2021,1,1,geometry
9521,S20-26719__S20-26719,1,0,geometry
9522,S2511010__S25-11010_0_BP1A2021_052642,1,1,geometry
9523,S2528218__S2528218_0_BP1A2021,0,0,geometry
9524,S2235518__S22-35518-_-BIOPSY,0,1,geometry
9525,S2352429__S23-52429-_-BIOPSY,0,0,geometry
9526,S2326329__S23-26329-_-BIOPSY,0,1,geometry
9527,S2406038__S2406038,0,0,geometry
9528,S20-26719__S20-26719,1,0,geometry
9529,S2504719__S25-04719-_-DEEP_1,0,0,geometry
9530,S2424255__S2424255,0,1,geometry
9531,S2229537__S22-29537-_-SERIAL_1,1,1,geometry
9532,S2521240__S2521240_0_BP1A2021,1,0,geometry
9533,S2524777__S2524777_0_BP1A2021,0,1,geometry
9534,S2237603__S22-37603-_-_1,0,0,geometry
9535,S2128633__S2128633--DEEP,1,0,geometry
9536,S2521240__S2521240_0_BP1A2021,1,0,geometry
9537,S19-19367__S19-19367,1,1,geometry
9538,S2227608__S22-27608-_-SERIAL_2,1,1,geometry
9539,S2530063__S2530063_0_BP1A2021,0,1,geometry
9540,S2516970__S25-16970____155248,1,1,geometry
9541,S2521240__S2521240_0_BP1A2021,1,0,geometry
9542,S2424250__S2424250,0,0,geometry
9543,S2352429__S23-52429-_-RECUT_1,0,1,geometry
9544,S2039743__S20-39743-L-PLHE_1,1,0,geometry
9545,S2511010__S25-11010_0_BP1A2021_052642,1,0,geometry
9546,S2216630__S2216630--DEEP_1,0,0,geometry
9547,S2227608__S22-27608-_-SERIAL_1,1,1,geometry
9548,S2424250__S2424250,0,1,geometry
9549,S2516970__S25-16970____155248,1,1,geometry
9550,S2039743__S20-39743-C-PLHE_0,1,0,geometry
9551,S2227608__S22-27608-_-SERIAL_1,1,0,geometry
9552,S2039743__S20-39743-P-PLHE_3,1,1,geometry
9553,S2039743__S20-39743-P-PLHE_3,1,0,geometry
9554,S2511010__S25-11010_0_BP1A2021_052642,1,1,geometry
9555,S2406038__S2406038,0,1,geometry
9556,S20-26719__S20-26719,1,1,geometry
9557,S2521240__S2521240_0_BP1A2021,1,1,geometry
9558,S2352429__S23-52429-_-BIOPSY,0,1,geometry
9559,S2039743__S20-39743-L-PLHE_1,1,0,geometry
9560,S2520404__S2520404_0_BP1A2021,0,1,geometry
9561,S2511010__S25-11010_0_BP1A2021_052642,1,0,geometry
9562,S2227604__S22-27604-_-BIOPSY,1,1,geometry
9563,S2039743__S20-39743-P-PLHE_3,1,1,geometry
9564,S2525436__S2525436_0_BP1A2021,0,0,geometry
9565,S2406754__S24-06754-_-SERIAL_1,0,1,geometry
9566,S2237603__S22-37603-_-_1,0,0,geometry
9567,S2424255__S2424255,0,0,geometry
9568,S2511008__S25-11008_0_BP1A2021_052339,1,0,geometry
9569,S19-19367__S19-19367,1,1,geometry
9570,S2511007__S25-11007_0_BP1A2021_052433,0,0,geometry
9571,S2039743__S20-39743-C-PLHE_0,1,0,geometry
9572,S18-18746__S18-18746,1,1,geometry
9573,S18-18746__S18-18746,1,1,geometry
9574,S2524777__S2524777_0_BP1A2021,0,0,geometry
9575,S2511008__S25-11008_0_BP1A2021_052339,1,0,geometry
9576,S2039743__S20-39743-C-PLHE_0,1,0,geometry
9577,S2434918__S24-34918-_-BIOPSY,1,1,geometry
9578,S2227608__S22-27608-_-SERIAL_1,1,0,geometry
9579,S2227608__S22-27608-_-SERIAL_2,1,0,geometry
9580,S2039743__S20-39743-L-PLHE_1,1,0,geometry
9581,S2423618__S24-23618-_-RECUT_2,0,0,geometry
9582,S2406038__S2406038,0,0,geometry
9583,S2520404__S2520404_0_BP1A2021,0,0,geometry
9584,S2326329__S23-26329-_-BIOPSY,0,1,geometry
9585,S2516970__S25-16970____155248,1,1,geometry
9586,S2039743__S20-39743-C-PLHE_0,1,0,geometry
9587,S2528218__S2528218_0_BP1A2021,0,0,geometry
9588,S19-19367__S19-19367,1,1,geometry
9589,S2516971__S25-16971____155423,0,1,geometry
9590,S2128633__S2128633--DEEP,1,1,geometry
9591,S2512685__S2512685_0_,0,1,geometry
9592,S2511010__S25-11010_0_BP1A2021_052642,1,0,geometry
9593,S19-19367__S19-19367,1,1,geometry
9594,S2513847__S25-13847_0_BP1A2021_131603,0,1,geometry
9595,S2530063__S2530063_0_BP1A2021,0,0,geometry
9596,S2511008__S25-11008_0_BP1A2021_052339,1,1,geometry
9597,S2227604__S22-27604-_-BIOPSY,1,1,geometry
9598,S2434918__S24-34918-_-BIOPSY,1,1,geometry
9599,S2520404__S2520404_0_BP1A2021,0,0,geometry
9600,S2227604__S22-27604-_-BIOPSY,1,1,geometry
9601,S2344462__S23-44462-_-BIOPSY,0,1,geometry
9602,S2423618__S24-23618-_-RECUT_2,0,0,geometry
9603,S2520404__S2520404_0_BP1A2021,0,1,geometry
9604,S2424255__S2424255,0,1,geometry
9605,S2227608__S22-27608-_-SERIAL_2,1,0,geometry
9606,S2520404__S2520404_0_BP1A2021,0,0,geometry
9607,S2039743__S20-39743-C-PLHE_0,1,1,geometry
9608,S2511009__S25-11009_0_BP1A2021_052542,0,0,geometry
9609,S19-19367__S19-19367,1,1,geometry
9610,S2424250__S2424250,0,1,geometry
9611,S2401283__S24-01283-_-BIOPSY,0,1,geometry
9612,S18-18746__S18-18746,1,1,geometry
9613,S2423618__S24-23618-_-RECUT_2,0,1,geometry
9614,S2504719__S25-04719-_-DEEP_1,0,1,geometry
9615,S2530063__S2530063_0_BP1A2021,0,0,geometry
9616,S2039743__S20-39743-C-PLHE_0,1,1,geometry
9617,S2511007__S25-11007_0_BP1A2021_052433,0,1,geometry
9618,S19-19367__S19-19367,1,1,geometry
9619,S2516971__S25-16971____155423,0,1,geometry
9620,S2039743__S20-39743-L-PLHE_1,1,1,geometry
9621,S2235518__S22-35518-_-BIOPSY,0,0,geometry
9622,S2039743__S20-39743-C-PLHE_0,1,1,geometry
9623,S18-18746__S18-18746,1,0,geometry
9624,S2229537__S22-29537-_-SERIAL_1,1,0,geometry
9625,S2229537__S22-29537-_-SERIAL_1,1,1,geometry
9626,S2525436__S2525436_0_BP1A2021,0,1,geometry
9627,S2039743__S20-39743-C-PLHE_0,1,1,geometry
9628,S2522980__S2522980_0_BP1A2021,0,0,geometry
9629,S2039743__S20-39743-C-PLHE_0,1,1,geometry
9630,S2520404__S2520404_0_BP1A2021,0,1,geometry
9631,S2511009__S25-11009_0_BP1A2021_052542,0,1,geometry
9632,S2516970__S25-16970____155248,1,1,geometry
9633,S2533022__S2533022_0_BP1A2021,0,0,geometry
9634,S2520404__S2520404_0_BP1A2021,0,0,geometry
9635,S2128633__S2128633--DEEP,1,1,geometry
9636,S2039743__S20-39743-L-PLHE_1,1,1,geometry
9637,S18-18746__S18-18746,1,1,geometry
9638,S2039743__S20-39743-C-PLHE_0,1,0,geometry
9639,S20-26719__S20-26719,1,1,geometry
9640,S2516971__S25-16971____140945,0,0,geometry
9641,S2227608__S22-27608-_-SERIAL_2,1,0,geometry
9642,S2406754__S24-06754-_-SERIAL_1,0,1,geometry
9643,S2511010__S25-11010_0_BP1A2021_052642,1,1,geometry
9644,S2401283__S24-01283-_-BIOPSY,0,1,geometry
9645,S2406754__S24-06754-_-DEEP_2,0,0,geometry
9646,S2516971__S25-16971____140945,0,1,geometry
9647,S19-19367__S19-19367,1,0,geometry
9648,S2434918__S24-34918-_-BIOPSY,1,1,geometry
9649,S2039743__S20-39743-P-PLHE_3,1,1,geometry
9650,S2531985__S2531985_0_BP1A2021,0,1,geometry
9651,S2511010__S25-11010_0_BP1A2021_052642,1,0,geometry
9652,S2511007__S25-11007_0_BP1A2021_052433,0,0,geometry
9653,S2227608__S22-27608-_-SERIAL_2,1,1,geometry
9654,S2515598__S25-15598_0__144202,0,1,geometry
9655,S2511859__S25-11859_0_BP1A2021_150616,0,1,geometry
9656,S17-42935__S17-42935,1,0,geometry
9657,S2227608__S22-27608-_-SERIAL_1,1,1,geometry
9658,S2406754__S24-06754-_-SERIAL_1,0,0,geometry
9659,S2424250__S2424250,0,1,geometry
9660,S2512685__S2512685_0_,0,1,geometry
9661,S2530985__S2530985_0_BP1A2021,0,1,geometry
9662,S2229537__S22-29537-_-SERIAL_1,1,1,geometry
9663,S2511859__S25-11859_0_BP1A2021_150616,0,1,geometry
9664,S2039743__S20-39743-L-PLHE_1,1,1,geometry
9665,S2401283__S24-01283-_-BIOPSY,0,1,geometry
9666,S2434918__S24-34918-_-BIOPSY,1,1,geometry
9667,S2525436__S2525436_0_BP1A2021,0,0,geometry
9668,S2227608__S22-27608-_-SERIAL_1,1,1,geometry
9669,S20-28924__S20-28924,0,0,geometry
9670,S2326329__S23-26329-_-BIOPSY,0,0,geometry
9671,S2513847__S25-13847_0_BP1A2021_131603,0,0,geometry
9672,S2504719__S25-04719-_-DEEP_1,0,0,geometry
9673,S2406038__S2406038,0,0,geometry
9674,S2521240__S2521240_0_BP1A2021,1,1,geometry
9675,S2513847__S25-13847_0_BP1A2021_131603,0,0,geometry
9676,S2406754__S24-06754-_-SERIAL_1,0,0,geometry
9677,S2524777__S2524777_0_BP1A2021,0,1,geometry
9678,S2504719__S25-04719-_-DEEP_1,0,0,geometry
9679,S2511010__S25-11010_0_BP1A2021_052642,1,0,geometry
9680,S2229537__S22-29537-_-SERIAL_1,1,0,geometry
9681,S20-28924__S20-28924,0,0,geometry
9682,S2227608__S22-27608-_-SERIAL_2,1,0,geometry
9683,S2227608__S22-27608-_-SERIAL_2,1,1,geometry
9684,S2531985__S2531985_0_BP1A2021,0,0,geometry
9685,S2344462__S23-44462-_-BIOPSY,0,1,geometry
9686,S2520404__S2520404_0_BP1A2021,0,1,geometry
9687,S2423618__S24-23618-_-RECUT_2,0,0,geometry
9688,S2216630__S2216630--DEEP_1,0,0,geometry
9689,S2352429__S23-52429-_-BIOPSY,0,0,geometry
9690,S2039743__S20-39743-P-PLHE_3,1,1,geometry
9691,S2216630__S2216630--DEEP_1,0,1,geometry
9692,S2039743__S20-39743-L-PLHE_1,1,1,geometry
9693,S2511010__S25-11010_0_BP1A2021_052642,1,1,geometry
9694,S2344462__S23-44462-_-BIOPSY,0,1,geometry
9695,S2504719__S25-04719-_-DEEP_1,0,1,geometry
9696,S2227608__S22-27608-_-SERIAL_1,1,0,geometry
9697,S2409390__S2409390,0,0,geometry
9698,S2406754__S24-06754-_-SERIAL_1,0,1,geometry
9699,S19-40063__S19-40063,0,0,geometry
9700,S2326329__S23-26329-_-BIOPSY,0,1,geometry
9701,S2128633__S2128633--DEEP,1,0,geometry
9702,S2513847__S25-13847_0_BP1A2021_131603,0,0,geometry
9703,S2423618__S24-23618-_-RECUT_2,0,1,geometry
9704,S2237601__S22-37601-_-,0,0,geometry
9705,S2522980__S2522980_0_BP1A2021,0,0,geometry
9706,S2515598__S25-15598_0__144202,0,0,geometry
9707,S2520402__S2520402_0_BP1A2021,0,1,geometry
9708,S2513847__S25-13847_0_BP1A2021_131603,0,0,geometry
9709,S2406754__S24-06754-_-SERIAL_1,0,1,geometry
9710,S2522980__S2522980_0_BP1A2021,0,1,geometry
9711,S2401283__S24-01283-_-BIOPSY,0,0,geometry
9712,S2128633__S2128633--DEEP,1,0,geometry
9713,S2227608__S22-27608-_-SERIAL_1,1,1,geometry
9714,S2406754__S24-06754-_-DEEP_2,0,1,geometry
9715,S2401283__S24-01283-_-BIOPSY,0,1,geometry
9716,S2227604__S22-27604-_-BIOPSY,1,1,geometry
9717,S2344462__S23-44462-_-BIOPSY,0,0,geometry
9718,S2401283__S24-01283-_-BIOPSY,0,0,geometry
9719,S2511010__S25-11010_0_BP1A2021_052642,1,0,geometry
9720,S2511009__S25-11009_0_BP1A2021_052542,0,0,geometry
9721,S2128633__S2128633--DEEP,1,0,geometry
9722,S2525436__S2525436_0_BP1A2021,0,1,geometry
9723,S2511008__S25-11008_0_BP1A2021_052339,1,0,geometry
9724,S2516971__S25-16971____155423,0,0,geometry
9725,S2521240__S2521240_0_BP1A2021,1,1,geometry
9726,S2237601__S22-37601-_-,0,1,geometry
9727,S2128633__S2128633--DEEP,1,0,geometry
9728,S2344462__S23-44462-_-BIOPSY,0,0,geometry
9729,S20-26719__S20-26719,1,0,geometry
9730,S2235518__S22-35518-_-BIOPSY,0,1,geometry
9731,S2520402__S2520402_0_BP1A2021,0,1,geometry
9732,S2525436__S2525436_0_BP1A2021,0,0,geometry
9733,S18-18746__S18-18746,1,0,geometry
9734,S2436457__S2436457_BP1B11_C_15540_2,0,1,geometry
9735,S2434918__S24-34918-_-BIOPSY,1,1,geometry
9736,S2511008__S25-11008_0_BP1A2021_052339,1,1,geometry
9737,S2237601__S22-37601-_-,0,0,geometry
9738,S2344462__S23-44462-_-BIOPSY,0,1,geometry
9739,S2511010__S25-11010_0_BP1A2021_052642,1,0,geometry
9740,S2516970__S25-16970____155248,1,1,geometry
9741,S2520404__S2520404_0_BP1A2021,0,0,geometry
9742,S2521240__S2521240_0_BP1A2021,1,0,geometry
9743,S2227608__S22-27608-_-SERIAL_2,1,0,geometry
9744,S2520404__S2520404_0_BP1A2021,0,0,geometry
9745,S20-26719__S20-26719,1,0,geometry
9746,S2352429__S23-52429-_-RECUT_1,0,0,geometry
9747,S2409390__S2409390,0,0,geometry
9748,S2237603__S22-37603-_-_1,0,0,geometry
9749,S2352429__S23-52429-_-BIOPSY,0,0,geometry
9750,S2516970__S25-16970____155248,1,1,geometry
9751,S2352429__S23-52429-_-RECUT_1,0,1,geometry
9752,S2522980__S2522980_0_BP1A2021,0,1,geometry
9753,S2434918__S24-34918-_-BIOPSY,1,0,geometry
9754,S2237601__S22-37601-_-,0,1,geometry
9755,S2235518__S22-35518-_-BIOPSY,0,1,geometry
9756,S2511007__S25-11007_0_BP1A2021_052433,0,0,geometry
9757,S20-26719__S20-26719,1,1,geometry
9758,S2406754__S24-06754-_-SERIAL_1,0,1,geometry
9759,S2237601__S22-37601-_-,0,0,geometry
9760,S2512685__S2512685_0_,0,0,geometry
9761,S2524777__S2524777_0_BP1A2021,0,1,geometry
9762,S2352429__S23-52429-_-RECUT_1,0,0,geometry
9763,S2511007__S25-11007_0_BP1A2021_052433,0,0,geometry
9764,S2039743__S20-39743-P-PLHE_3,1,0,geometry
9765,S2521240__S2521240_0_BP1A2021,1,0,geometry
9766,S20-26719__S20-26719,1,1,geometry
9767,S2039743__S20-39743-P-PLHE_3,1,1,geometry
9768,S2424255__S2424255,0,1,geometry
9769,S2524777__S2524777_0_BP1A2021,0,1,geometry
9770,S2434918__S24-34918-_-BIOPSY,1,0,geometry
9771,S20-26719__S20-26719,1,1,geometry
9772,S2511007__S25-11007_0_BP1A2021_052433,0,0,geometry
9773,S2039743__S20-39743-L-PLHE_1,1,1,geometry
9774,S2227608__S22-27608-_-SERIAL_1,1,1,geometry
9775,S2039743__S20-39743-P-PLHE_3,1,1,geometry
9776,S2227608__S22-27608-_-SERIAL_1,1,0,geometry
9777,S2511009__S25-11009_0_BP1A2021_052542,0,1,geometry
9778,S17-42935__S17-42935,1,1,geometry
9779,S2039743__S20-39743-L-PLHE_1,1,0,geometry
9780,S2227608__S22-27608-_-SERIAL_1,1,1,geometry
9781,S2516970__S25-16970____155248,1,1,geometry
9782,S2424250__S2424250,0,0,geometry
9783,S20-26719__S20-26719,1,0,geometry
9784,S2227608__S22-27608-_-SERIAL_1,1,0,geometry
9785,S2039743__S20-39743-L-PLHE_1,1,0,geometry
9786,S2525436__S2525436_0_BP1A2021,0,0,geometry
9787,S2504719__S25-04719-_-DEEP_1,0,0,geometry
9788,S2128633__S2128633--DEEP,1,0,geometry
9789,S2237603__S22-37603-_-_1,0,0,geometry
9790,S2524777__S2524777_0_BP1A2021,0,1,geometry
9791,S2216630__S2216630--DEEP_1,0,0,geometry
9792,S2530063__S2530063_0_BP1A2021,0,1,geometry
9793,S2520404__S2520404_0_BP1A2021,0,1,geometry
9794,S2516971__S25-16971____155423,0,0,geometry
9795,S2227608__S22-27608-_-SERIAL_1,1,0,geometry
9796,S2511010__S25-11010_0_BP1A2021_052642,1,0,geometry
9797,S2434918__S24-34918-_-BIOPSY,1,0,geometry
9798,S18-18746__S18-18746,1,1,geometry
9799,S2530063__S2530063_0_BP1A2021,0,1,geometry
9800,S2039743__S20-39743-P-PLHE_3,1,0,geometry
9801,S2227608__S22-27608-_-SERIAL_2,1,0,geometry
9802,S2515598__S25-15598_0__144202,0,0,geometry
9803,S2344462__S23-44462-_-BIOPSY,0,1,geometry
9804,S2039743__S20-39743-L-PLHE_1,1,0,geometry
9805,S2533022__S2533022_0_BP1A2021,0,1,geometry
9806,S18-18746__S18-18746,1,0,geometry
9807,S2521240__S2521240_0_BP1A2021,1,1,geometry
9808,S20-26719__S20-26719,1,0,geometry
9809,S2237603__S22-37603-_-_1,0,0,geometry
9810,S2216630__S2216630--DEEP_1,0,1,geometry
9811,S20-26719__S20-26719,1,0,geometry
9812,S17-42935__S17-42935,1,0,geometry
9813,S2515598__S25-15598_0__144202,0,1,geometry
9814,S17-42935__S17-42935,1,0,geometry
9815,S2516970__S25-16970____155248,1,1,geometry
9816,S2530985__S2530985_0_BP1A2021,0,0,geometry
9817,S2520404__S2520404_0_BP1A2021,0,1,geometry
9818,S2434918__S24-34918-_-BIOPSY,1,0,geometry
9819,S2406754__S24-06754-_-DEEP_2,0,0,geometry
9820,S2511007__S25-11007_0_BP1A2021_052433,0,1,geometry
9821,S2521240__S2521240_0_BP1A2021,1,1,geometry
9822,S2227608__S22-27608-_-SERIAL_1,1,1,geometry
9823,S2516970__S25-16970____155248,1,1,geometry
9824,S2039743__S20-39743-L-PLHE_1,1,1,geometry
9825,S2229537__S22-29537-_-SERIAL_1,1,1,geometry
9826,S2039743__S20-39743-L-PLHE_1,1,0,geometry
9827,S2216630__S2216630--DEEP_1,0,1,geometry
9828,S2525436__S2525436_0_BP1A2021,0,0,geometry
9829,S17-42935__S17-42935,1,1,geometry
9830,S2401283__S24-01283-_-BIOPSY,0,0,geometry
9831,S18-18746__S18-18746,1,1,geometry
9832,S2516970__S25-16970____155248,1,0,geometry
9833,S20-26719__S20-26719,1,1,geometry
9834,S2424255__S2424255,0,0,geometry
9835,S2530981__S2530981_0_BP1A2021,0,0,geometry
9836,S2424255__S2424255,0,1,geometry
9837,S2237603__S22-37603-_-_1,0,1,geometry
9838,S2216630__S2216630--DEEP_1,0,0,geometry
9839,S2531985__S2531985_0_BP1A2021,0,1,geometry
9840,S2524777__S2524777_0_BP1A2021,0,0,geometry
9841,S2401283__S24-01283-_-BIOPSY,0,1,geometry
9842,S2039743__S20-39743-P-PLHE_3,1,1,geometry
9843,S2406754__S24-06754-_-DEEP_2,0,0,geometry
9844,S2229537__S22-29537-_-SERIAL_1,1,0,geometry
9845,S2039743__S20-39743-P-PLHE_3,1,0,geometry
9846,S2344462__S23-44462-_-BIOPSY,0,0,geometry
9847,S2039743__S20-39743-P-PLHE_3,1,1,geometry
9848,S2516971__S25-16971____140945,0,1,geometry
9849,S2406754__S24-06754-_-DEEP_2,0,0,geometry
9850,S2434918__S24-34918-_-BIOPSY,1,1,geometry
9851,S2513847__S25-13847_0_BP1A2021_131603,0,0,geometry
9852,S2511007__S25-11007_0_BP1A2021_052433,0,0,geometry
9853,S2521240__S2521240_0_BP1A2021,1,0,geometry
9854,S2525436__S2525436_0_BP1A2021,0,1,geometry
9855,S2128633__S2128633--DEEP,1,0,geometry
9856,S2352429__S23-52429-_-RECUT_1,0,0,geometry
9857,S2227608__S22-27608-_-SERIAL_2,1,0,geometry
9858,S19-19367__S19-19367,1,0,geometry
9859,S17-42935__S17-42935,1,1,geometry
9860,S2520402__S2520402_0_BP1A2021,0,1,geometry
9861,S2434918__S24-34918-_-BIOPSY,1,0,geometry
9862,S2513847__S25-13847_0_BP1A2021_131603,0,0,geometry
9863,S2436457__S2436457_BP1B11_C_15540_2,0,1,geometry
9864,S2423618__S24-23618-_-RECUT_2,0,0,geometry
9865,S2530985__S2530985_0_BP1A2021,0,0,geometry
9866,S2516971__S25-16971____140945,0,0,geometry
9867,S2423618__S24-23618-_-RECUT_2,0,0,geometry
9868,S2227604__S22-27604-_-BIOPSY,1,0,geometry
9869,S2515598__S25-15598_0__144202,0,0,geometry
9870,S2039743__S20-39743-C-PLHE_0,1,0,geometry
9871,S17-42935__S17-42935,1,1,geometry
9872,S2525436__S2525436_0_BP1A2021,0,1,geometry
9873,S2504719__S25-04719-_-DEEP_1,0,1,geometry
9874,S2530981__S2530981_0_BP1A2021,0,1,geometry
9875,S2521240__S2521240_0_BP1A2021,1,1,geometry
9876,S18-18746__S18-18746,1,0,geometry
9877,S2511007__S25-11007_0_BP1A2021_052433,0,0,geometry
9878,S2039743__S20-39743-P-PLHE_3,1,1,geometry
9879,S2434918__S24-34918-_-BIOPSY,1,0,geometry
9880,S2525436__S2525436_0_BP1A2021,0,1,geometry
9881,S2520402__S2520402_0_BP1A2021,0,0,geometry
9882,S2511010__S25-11010_0_BP1A2021_052642,1,0,geometry
9883,S2227608__S22-27608-_-SERIAL_2,1,0,geometry
9884,S20-26719__S20-26719,1,0,geometry
9885,S19-40063__S19-40063,0,1,geometry
9886,S2513847__S25-13847_0_BP1A2021_131603,0,0,geometry
9887,S2504719__S25-04719-_-DEEP_1,0,1,geometry
9888,S20-26719__S20-26719,1,0,geometry
9889,S20-26719__S20-26719,1,1,geometry
9890,S2525436__S2525436_0_BP1A2021,0,0,geometry
9891,S2504719__S25-04719-_-DEEP_1,0,1,geometry
9892,S2511008__S25-11008_0_BP1A2021_052339,1,0,geometry
9893,S2227608__S22-27608-_-SERIAL_1,1,0,geometry
9894,S2227608__S22-27608-_-SERIAL_1,1,0,geometry
9895,S2227608__S22-27608-_-SERIAL_2,1,1,geometry
9896,S2039743__S20-39743-C-PLHE_0,1,0,geometry
9897,S2237603__S22-37603-_-_1,0,1,geometry
9898,S2352429__S23-52429-_-RECUT_1,0,1,geometry
9899,S2409390__S2409390,0,0,geometry
9900,S2227608__S22-27608-_-SERIAL_1,1,0,geometry
9901,S2516971__S25-16971____140945,0,1,geometry
9902,S2227608__S22-27608-_-SERIAL_2,1,0,geometry
9903,S2039743__S20-39743-L-PLHE_1,1,0,geometry
9904,S2227604__S22-27604-_-BIOPSY,1,0,geometry
9905,S2434918__S24-34918-_-BIOPSY,1,0,geometry
9906,S2511859__S25-11859_0_BP1A2021_150616,0,1,geometry
9907,S2520404__S2520404_0_BP1A2021,0,0,geometry
9908,S19-19367__S19-19367,1,0,geometry
9909,S2344462__S23-44462-_-BIOPSY,0,0,geometry
9910,S2511008__S25-11008_0_BP1A2021_052339,1,1,geometry
9911,S2237601__S22-37601-_-,0,0,geometry
9912,S2039743__S20-39743-C-PLHE_0,1,1,geometry
9913,S2521240__S2521240_0_BP1A2021,1,1,geometry
9914,S2436457__S2436457_BP1B11_C_15540_2,0,1,geometry
9915,S2516971__S25-16971____155423,0,0,geometry
9916,S2531985__S2531985_0_BP1A2021,0,1,geometry
9917,S2511010__S25-11010_0_BP1A2021_052642,1,1,geometry
9918,S2128633__S2128633--DEEP,1,1,geometry
9919,S2512685__S2512685_0_,0,0,geometry
9920,S2235518__S22-35518-_-BIOPSY,0,0,geometry
9921,S2511009__S25-11009_0_BP1A2021_052542,0,1,geometry
9922,S2516970__S25-16970____155248,1,0,geometry
9923,S2434918__S24-34918-_-BIOPSY,1,0,geometry
9924,S2352429__S23-52429-_-RECUT_1,0,0,geometry
9925,S2128633__S2128633--DEEP,1,1,geometry
9926,S2434918__S24-34918-_-BIOPSY,1,1,geometry
9927,S2525436__S2525436_0_BP1A2021,0,1,geometry
9928,S2516971__S25-16971____140945,0,1,geometry
9929,S2229537__S22-29537-_-SERIAL_1,1,1,geometry
9930,S2511010__S25-11010_0_BP1A2021_052642,1,0,geometry
9931,S2528218__S2528218_0_BP1A2021,0,1,geometry
9932,S2511010__S25-11010_0_BP1A2021_052642,1,0,geometry
9933,S2516971__S25-16971____140945,0,0,geometry
9934,S2227608__S22-27608-_-SERIAL_2,1,0,geometry
9935,S2525436__S2525436_0_BP1A2021,0,1,geometry
9936,S2512685__S2512685_0_,0,0,geometry
9937,S2511008__S25-11008_0_BP1A2021_052339,1,0,geometry
9938,S2039743__S20-39743-C-PLHE_0,1,1,geometry
9939,S2227608__S22-27608-_-SERIAL_1,1,1,geometry
9940,S2352429__S23-52429-_-BIOPSY,0,0,geometry
9941,S19-19367__S19-19367,1,1,geometry
9942,S2530985__S2530985_0_BP1A2021,0,0,geometry
9943,S2521240__S2521240_0_BP1A2021,1,0,geometry
9944,S2344462__S23-44462-_-BIOPSY,0,0,geometry
9945,S2406754__S24-06754-_-SERIAL_1,0,0,geometry
9946,S2227604__S22-27604-_-BIOPSY,1,0,geometry
9947,S2344462__S23-44462-_-BIOPSY,0,1,geometry
9948,S2516970__S25-16970____155248,1,0,geometry
9949,S2237601__S22-37601-_-,0,0,geometry
9950,S2434918__S24-34918-_-BIOPSY,1,0,geometry
9951,S19-40063__S19-40063,0,1,geometry
9952,S2227604__S22-27604-_-BIOPSY,1,0,geometry
9953,S2227608__S22-27608-_-SERIAL_1,1,1,geometry
9954,S17-42935__S17-42935,1,1,geometry
9955,S17-42935__S17-42935,1,0,geometry
9956,S2406038__S2406038,0,0,geometry
9957,S20-28924__S20-28924,0,0,geometry
9958,S2227608__S22-27608-_-SERIAL_2,1,1,geometry
9959,S2039743__S20-39743-P-PLHE_3,1,1,geometry
9960,S2128633__S2128633--DEEP,1,0,geometry
9961,S2511008__S25-11008_0_BP1A2021_052339,1,0,geometry
9962,S2423618__S24-23618-_-RECUT_2,0,0,geometry
9963,S2513847__S25-13847_0_BP1A2021_131603,0,0,geometry
9964,S20-26719__S20-26719,1,0,geometry
9965,S2237601__S22-37601-_-,0,0,geometry
9966,S2521240__S2521240_0_BP1A2021,1,0,geometry
9967,S2516971__S25-16971____155423,0,1,geometry
9968,S2516971__S25-16971____155423,0,0,geometry
9969,S2516970__S25-16970____155248,1,0,geometry
9970,S2039743__S20-39743-C-PLHE_0,1,0,geometry
9971,S2128633__S2128633--DEEP,1,1,geometry
9972,S18-18746__S18-18746,1,1,geometry
9973,S2521240__S2521240_0_BP1A2021,1,1,geometry
9974,S2237601__S22-37601-_-,0,0,geometry
9975,S2423618__S24-23618-_-RECUT_2,0,0,geometry
9976,S2521240__S2521240_0_BP1A2021,1,1,geometry
9977,S2216630__S2216630--DEEP_1,0,0,geometry
9978,S2128633__S2128633--DEEP,1,1,geometry
9979,S2504719__S25-04719-_-DEEP_1,0,0,geometry
9980,S2352429__S23-52429-_-BIOPSY,0,0,geometry
9981,S2436457__S2436457_BP1B11_C_15540_2,0,1,geometry
9982,S18-18746__S18-18746,1,0,geometry
9983,S2227608__S22-27608-_-SERIAL_2,1,1,geometry
9984,S20-26719__S20-26719,1,1,geometry
9985,S2533022__S2533022_0_BP1A2021,0,1,geometry
9986,S20-28924__S20-28924,0,1,geometry
9987,S19-19367__S19-19367,1,1,geometry
9988,S2521240__S2521240_0_BP1A2021,1,1,geometry
9989,S2401283__S24-01283-_-BIOPSY,0,1,geometry
9990,S18-18746__S18-18746,1,0,geometry
9991,S2406754__S24-06754-_-SERIAL_1,0,1,geometry
9992,S2229537__S22-29537-_-SERIAL_1,1,1,geometry
9993,S2525436__S2525436_0_BP1A2021,0,0,geometry
9994,S2216630__S2216630--DEEP_1,0,1,geometry
9995,S2511859__S25-11859_0_BP1A2021_150616,0,0,geometry
9996,S2128633__S2128633--DEEP,1,0,geometry
9997,S2511009__S25-11009_0_BP1A2021_052542,0,0,geometry
9998,S2511008__S25-11008_0_BP1A2021_052339,1,1,geometry
9999,S2227604__S22-27604-_-BIOPSY,1,0,geometry
10000,S2511009__S25-11009_0_BP1A2021_052542,0,1,geometry
10001,S2409390__S2409390,0,0,geometry
10002,S20-26719__S20-26719,1,1,geometry
10003,S2434918__S24-34918-_-BIOPSY,1,0,geometry
10004,S2406754__S24-06754-_-SERIAL_1,0,0,geometry
10005,S2434918__S24-34918-_-BIOPSY,1,1,geometry
10006,S2227608__S22-27608-_-SERIAL_2,1,1,geometry
10007,S2521240__S2521240_0_BP1A2021,1,0,geometry
10008,S2512685__S2512685_0_,0,0,geometry
10009,S19-40063__S19-40063,0,0,geometry
10010,S2227608__S22-27608-_-SERIAL_1,1,1,geometry
10011,S2229537__S22-29537-_-SERIAL_1,1,1,geometry
10012,S2235518__S22-35518-_-BIOPSY,0,0,geometry
10013,S2436457__S2436457_BP1B11_C_15540_2,0,1,geometry
10014,S2344462__S23-44462-_-BIOPSY,0,0,geometry
10015,S2227604__S22-27604-_-BIOPSY,1,1,geometry
10016,S2511009__S25-11009_0_BP1A2021_052542,0,1,geometry
10017,S2533022__S2533022_0_BP1A2021,0,1,geometry
10018,S2128633__S2128633--DEEP,1,1,geometry
10019,S2522980__S2522980_0_BP1A2021,0,1,geometry
10020,S2531985__S2531985_0_BP1A2021,0,0,geometry
10021,S19-40063__S19-40063,0,0,geometry
10022,S2511008__S25-11008_0_BP1A2021_052339,1,1,geometry
10023,S2530981__S2530981_0_BP1A2021,0,0,geometry
10024,S2039743__S20-39743-C-PLHE_0,1,0,geometry
10025,S2525436__S2525436_0_BP1A2021,0,1,geometry
10026,S17-42935__S17-42935,1,0,geometry
10027,S2039743__S20-39743-L-PLHE_1,1,1,geometry
10028,S2511008__S25-11008_0_BP1A2021_052339,1,1,geometry
10029,S17-42935__S17-42935,1,0,geometry
10030,S2227604__S22-27604-_-BIOPSY,1,0,geometry
10031,S2039743__S20-39743-L-PLHE_1,1,0,geometry
10032,S2513847__S25-13847_0_BP1A2021_131603,0,1,geometry
10033,S2344462__S23-44462-_-BIOPSY,0,1,geometry
10034,S20-28924__S20-28924,0,1,geometry
10035,S2521240__S2521240_0_BP1A2021,1,0,geometry
10036,S2227608__S22-27608-_-SERIAL_1,1,0,geometry
10037,S2515598__S25-15598_0__144202,0,0,geometry
10038,S2424250__S2424250,0,0,geometry
10039,S2531985__S2531985_0_BP1A2021,0,0,geometry
10040,S2128633__S2128633--DEEP,1,0,geometry
10041,S2515598__S25-15598_0__144202,0,0,geometry
10042,S2423618__S24-23618-_-RECUT_2,0,1,geometry
10043,S2039743__S20-39743-C-PLHE_0,1,1,geometry
10044,S2531985__S2531985_0_BP1A2021,0,1,geometry
10045,S2227608__S22-27608-_-SERIAL_1,1,0,geometry
10046,S2227604__S22-27604-_-BIOPSY,1,0,geometry
10047,S2352429__S23-52429-_-BIOPSY,0,0,geometry
10048,S2531985__S2531985_0_BP1A2021,0,0,geometry
10049,S2504719__S25-04719-_-DEEP_1,0,1,geometry
10050,S20-26719__S20-26719,1,0,geometry
10051,S2344462__S23-44462-_-BIOPSY,0,1,geometry
10052,S2511008__S25-11008_0_BP1A2021_052339,1,1,geometry
10053,S2520402__S2520402_0_BP1A2021,0,0,geometry
10054,S2424250__S2424250,0,1,geometry
10055,S20-26719__S20-26719,1,1,geometry
10056,S2039743__S20-39743-C-PLHE_0,1,0,geometry
10057,S18-18746__S18-18746,1,1,geometry
10058,S2406038__S2406038,0,0,geometry
10059,S2039743__S20-39743-P-PLHE_3,1,1,geometry
10060,S2515598__S25-15598_0__144202,0,1,geometry
10061,S2227604__S22-27604-_-BIOPSY,1,1,geometry
10062,S2515598__S25-15598_0__144202,0,0,geometry
10063,S2216630__S2216630--DEEP_1,0,0,geometry
10064,S2528218__S2528218_0_BP1A2021,0,1,geometry
10065,S2434918__S24-34918-_-BIOPSY,1,1,geometry
10066,S19-19367__S19-19367,1,0,geometry
10067,S2039743__S20-39743-L-PLHE_1,1,1,geometry
10068,S2530985__S2530985_0_BP1A2021,0,0,geometry
10069,S2516970__S25-16970____155248,1,1,geometry
10070,S2235518__S22-35518-_-BIOPSY,0,1,geometry
10071,S2216630__S2216630--DEEP_1,0,0,geometry
10072,S20-26719__S20-26719,1,0,geometry
10073,S2516970__S25-16970____155248,1,0,geometry
10074,S2039743__S20-39743-P-PLHE_3,1,0,geometry
10075,S2516971__S25-16971____155423,0,0,geometry
10076,S2520404__S2520404_0_BP1A2021,0,1,geometry
10077,S2516970__S25-16970____155248,1,1,geometry
10078,S2352429__S23-52429-_-BIOPSY,0,1,geometry
10079,S2436457__S2436457_BP1B11_C_15540_2,0,0,geometry
10080,S2229537__S22-29537-_-SERIAL_1,1,1,geometry
10081,S2039743__S20-39743-C-PLHE_0,1,1,geometry
10082,S2344462__S23-44462-_-BIOPSY,0,1,geometry
10083,S2039743__S20-39743-L-PLHE_1,1,0,geometry
10084,S2344462__S23-44462-_-BIOPSY,0,1,geometry
10085,S2436457__S2436457_BP1B11_C_15540_2,0,1,geometry
10086,S2227608__S22-27608-_-SERIAL_1,1,0,geometry
10087,S2434918__S24-34918-_-BIOPSY,1,0,geometry
10088,S2406038__S2406038,0,1,geometry
10089,S2533022__S2533022_0_BP1A2021,0,0,geometry
10090,S2516970__S25-16970____155248,1,1,geometry
10091,S2227608__S22-27608-_-SERIAL_1,1,0,geometry
10092,S2504719__S25-04719-_-DEEP_1,0,0,geometry
10093,S18-18746__S18-18746,1,0,geometry
10094,S2512685__S2512685_0_,0,0,geometry
10095,S2039743__S20-39743-L-PLHE_1,1,0,geometry
10096,S2512685__S2512685_0_,0,1,geometry
10097,S2237601__S22-37601-_-,0,0,geometry
10098,S2436457__S2436457_BP1B11_C_15540_2,0,0,geometry
10099,S2229537__S22-29537-_-SERIAL_1,1,0,geometry
10100,S18-18746__S18-18746,1,1,geometry
10101,S2516971__S25-16971____155423,0,1,geometry
10102,S2530063__S2530063_0_BP1A2021,0,0,geometry
10103,S18-18746__S18-18746,1,0,geometry
10104,S2406038__S2406038,0,0,geometry
10105,S2511010__S25-11010_0_BP1A2021_052642,1,0,geometry
10106,S2406038__S2406038,0,1,geometry
10107,S2227604__S22-27604-_-BIOPSY,1,0,geometry
10108,S2511008__S25-11008_0_BP1A2021_052339,1,0,geometry
10109,S2516970__S25-16970____155248,1,0,geometry
10110,S2515598__S25-15598_0__144202,0,1,geometry
10111,S19-19367__S19-19367,1,1,geometry
10112,S2511008__S25-11008_0_BP1A2021_052339,1,1,geometry
10113,S2039743__S20-39743-P-PLHE_3,1,1,geometry
10114,S20-26719__S20-26719,1,1,geometry
10115,S18-18746__S18-18746,1,1,geometry
10116,S2039743__S20-39743-C-PLHE_0,1,0,geometry
10117,S18-18746__S18-18746,1,0,geometry
10118,S2520402__S2520402_0_BP1A2021,0,0,geometry
10119,S2406754__S24-06754-_-SERIAL_1,0,1,geometry
10120,S2039743__S20-39743-L-PLHE_1,1,0,geometry
10121,S17-42935__S17-42935,1,0,geometry
10122,S19-19367__S19-19367,1,0,geometry
10123,S2521240__S2521240_0_BP1A2021,1,1,geometry
10124,S2436457__S2436457_BP1B11_C_15540_2,0,0,geometry
10125,S2511008__S25-11008_0_BP1A2021_052339,1,0,geometry
10126,S18-18746__S18-18746,1,0,geometry
10127,S2039743__S20-39743-L-PLHE_1,1,0,geometry
10128,S2511007__S25-11007_0_BP1A2021_052433,0,0,geometry
10129,S2039743__S20-39743-C-PLHE_0,1,0,geometry
10130,S2039743__S20-39743-L-PLHE_1,1,0,geometry
10131,S2128633__S2128633--DEEP,1,0,geometry
10132,S2511859__S25-11859_0_BP1A2021_150616,0,0,geometry
10133,S2512685__S2512685_0_,0,1,geometry
10134,S2229537__S22-29537-_-SERIAL_1,1,0,geometry
10135,S2528218__S2528218_0_BP1A2021,0,0,geometry
10136,S2511008__S25-11008_0_BP1A2021_052339,1,0,geometry
10137,S2531985__S2531985_0_BP1A2021,0,1,geometry
10138,S2227608__S22-27608-_-SERIAL_1,1,0,geometry
10139,S2436457__S2436457_BP1B11_C_15540_2,0,0,geometry
10140,S2511008__S25-11008_0_BP1A2021_052339,1,0,geometry
10141,S2516971__S25-16971____155423,0,1,geometry
10142,S2235518__S22-35518-_-BIOPSY,0,1,geometry
10143,S2513847__S25-13847_0_BP1A2021_131603,0,1,geometry
10144,S2039743__S20-39743-L-PLHE_1,1,0,geometry
10145,S2511010__S25-11010_0_BP1A2021_052642,1,1,geometry
10146,S2511008__S25-11008_0_BP1A2021_052339,1,1,geometry
10147,S2352429__S23-52429-_-BIOPSY,0,0,geometry
10148,S2039743__S20-39743-L-PLHE_1,1,1,geometry
10149,S2520404__S2520404_0_BP1A2021,0,0,geometry
10150,S2039743__S20-39743-P-PLHE_3,1,1,geometry
10151,S2515598__S25-15598_0__144202,0,1,geometry
10152,S2513847__S25-13847_0_BP1A2021_131603,0,0,geometry
10153,S2521240__S2521240_0_BP1A2021,1,0,geometry
10154,S2352429__S23-52429-_-BIOPSY,0,0,geometry
10155,S2524777__S2524777_0_BP1A2021,0,1,geometry
10156,S2424250__S2424250,0,0,geometry
10157,S2326329__S23-26329-_-BIOPSY,0,0,geometry
10158,S2406754__S24-06754-_-DEEP_2,0,1,geometry
10159,S2216630__S2216630--DEEP_1,0,0,geometry
10160,S19-40063__S19-40063,0,1,geometry
10161,S2434918__S24-34918-_-BIOPSY,1,1,geometry
10162,S19-40063__S19-40063,0,1,geometry
10163,S2128633__S2128633--DEEP,1,1,geometry
10164,S2436457__S2436457_BP1B11_C_15540_2,0,0,geometry
10165,S18-18746__S18-18746,1,0,geometry
10166,S2522980__S2522980_0_BP1A2021,0,0,geometry
10167,S2352429__S23-52429-_-BIOPSY,0,0,geometry
10168,S2516971__S25-16971____155423,0,1,geometry
10169,S2406754__S24-06754-_-DEEP_2,0,1,geometry
10170,S2227604__S22-27604-_-BIOPSY,1,1,geometry
10171,S2511007__S25-11007_0_BP1A2021_052433,0,1,geometry
10172,S2530985__S2530985_0_BP1A2021,0,1,geometry
10173,S2227604__S22-27604-_-BIOPSY,1,1,geometry
10174,S2511010__S25-11010_0_BP1A2021_052642,1,0,geometry
10175,S2128633__S2128633--DEEP,1,1,geometry
10176,S2227608__S22-27608-_-SERIAL_1,1,0,geometry
10177,S2237603__S22-37603-_-_1,0,1,geometry
10178,S2401283__S24-01283-_-BIOPSY,0,1,geometry
10179,S2434918__S24-34918-_-BIOPSY,1,0,geometry
10180,S2352429__S23-52429-_-BIOPSY,0,0,geometry
10181,S20-28924__S20-28924,0,0,geometry
10182,S2227608__S22-27608-_-SERIAL_1,1,1,geometry
10183,S2515598__S25-15598_0__144202,0,0,geometry
10184,S2424250__S2424250,0,0,geometry
10185,S2227608__S22-27608-_-SERIAL_2,1,0,geometry
10186,S20-26719__S20-26719,1,0,geometry
10187,S2513847__S25-13847_0_BP1A2021_131603,0,0,geometry
10188,S2522980__S2522980_0_BP1A2021,0,0,geometry
10189,S2516970__S25-16970____155248,1,1,geometry
10190,S2436457__S2436457_BP1B11_C_15540_2,0,1,geometry
10191,S2504719__S25-04719-_-DEEP_1,0,0,geometry
10192,S17-42935__S17-42935,1,1,geometry
10193,S2344462__S23-44462-_-BIOPSY,0,0,geometry
10194,S2516970__S25-16970____155248,1,0,geometry
10195,S2401283__S24-01283-_-BIOPSY,0,0,geometry
10196,S2352429__S23-52429-_-BIOPSY,0,1,geometry
10197,S2511010__S25-11010_0_BP1A2021_052642,1,0,geometry
10198,S2516970__S25-16970____155248,1,0,geometry
10199,S2530981__S2530981_0_BP1A2021,0,1,geometry
10200,S2128633__S2128633--DEEP,1,0,geometry
10201,S20-26719__S20-26719,1,1,geometry
10202,S2352429__S23-52429-_-BIOPSY,0,0,geometry
10203,S2511010__S25-11010_0_BP1A2021_052642,1,0,geometry
10204,S2511009__S25-11009_0_BP1A2021_052542,0,1,geometry
10205,S2511859__S25-11859_0_BP1A2021_150616,0,0,geometry
10206,S2216630__S2216630--DEEP_1,0,0,geometry
10207,S2524777__S2524777_0_BP1A2021,0,1,geometry
10208,S2530063__S2530063_0_BP1A2021,0,0,geometry
10209,S2424250__S2424250,0,1,geometry
10210,S2511859__S25-11859_0_BP1A2021_150616,0,1,geometry
10211,S2039743__S20-39743-C-PLHE_0,1,1,geometry
10212,S2227604__S22-27604-_-BIOPSY,1,1,geometry
10213,S2401283__S24-01283-_-BIOPSY,0,1,geometry
10214,S2530981__S2530981_0_BP1A2021,0,0,geometry
10215,S2039743__S20-39743-P-PLHE_3,1,1,geometry
10216,S2520402__S2520402_0_BP1A2021,0,0,geometry
10217,S2423618__S24-23618-_-RECUT_2,0,1,geometry
10218,S2520402__S2520402_0_BP1A2021,0,0,geometry
10219,S2227608__S22-27608-_-SERIAL_1,1,0,geometry
10220,S2227608__S22-27608-_-SERIAL_1,1,0,geometry
10221,S20-26719__S20-26719,1,1,geometry
10222,S2530981__S2530981_0_BP1A2021,0,1,geometry
10223,S2516970__S25-16970____155248,1,0,geometry
10224,S20-26719__S20-26719,1,0,geometry
10225,S2039743__S20-39743-C-PLHE_0,1,1,geometry
10226,S2511859__S25-11859_0_BP1A2021_150616,0,0,geometry
10227,S2520402__S2520402_0_BP1A2021,0,0,geometry
10228,S2521240__S2521240_0_BP1A2021,1,0,geometry
10229,S2522980__S2522980_0_BP1A2021,0,1,geometry
10230,S2511009__S25-11009_0_BP1A2021_052542,0,1,geometry
10231,S2511010__S25-11010_0_BP1A2021_052642,1,0,geometry
10232,S2513847__S25-13847_0_BP1A2021_131603,0,0,geometry
10233,S2227608__S22-27608-_-SERIAL_1,1,0,geometry
10234,S2352429__S23-52429-_-BIOPSY,0,0,geometry
10235,S2128633__S2128633--DEEP,1,0,geometry
10236,S18-18746__S18-18746,1,1,geometry
10237,S2512685__S2512685_0_,0,0,geometry
10238,S18-18746__S18-18746,1,1,geometry
10239,S19-19367__S19-19367,1,1,geometry
10240,S2511859__S25-11859_0_BP1A2021_150616,0,0,geometry
10241,S2352429__S23-52429-_-BIOPSY,0,1,geometry
10242,S2513847__S25-13847_0_BP1A2021_131603,0,1,geometry
10243,S2128633__S2128633--DEEP,1,1,geometry
10244,S2039743__S20-39743-C-PLHE_0,1,0,geometry
10245,S2406038__S2406038,0,1,geometry
10246,S2235518__S22-35518-_-BIOPSY,0,0,geometry
10247,S2039743__S20-39743-P-PLHE_3,1,0,geometry
10248,S2039743__S20-39743-L-PLHE_1,1,1,geometry
10249,S2516971__S25-16971____140945,0,0,geometry
10250,S2520404__S2520404_0_BP1A2021,0,1,geometry
10251,S2516971__S25-16971____140945,0,1,geometry
10252,S2533022__S2533022_0_BP1A2021,0,1,geometry
10253,S2227604__S22-27604-_-BIOPSY,1,0,geometry
10254,S2516970__S25-16970____155248,1,0,geometry
10255,S2229537__S22-29537-_-SERIAL_1,1,1,geometry
10256,S17-42935__S17-42935,1,0,geometry
10257,S2235518__S22-35518-_-BIOPSY,0,1,geometry
10258,S2530981__S2530981_0_BP1A2021,0,1,geometry
10259,S2216630__S2216630--DEEP_1,0,1,geometry
10260,S2531985__S2531985_0_BP1A2021,0,0,geometry
10261,S2504719__S25-04719-_-DEEP_1,0,1,geometry
10262,S2436457__S2436457_BP1B11_C_15540_2,0,0,geometry
10263,S2520402__S2520402_0_BP1A2021,0,1,geometry
10264,S2511010__S25-11010_0_BP1A2021_052642,1,1,geometry
10265,S2524777__S2524777_0_BP1A2021,0,1,geometry
10266,S2227604__S22-27604-_-BIOPSY,1,0,geometry
10267,S2424255__S2424255,0,1,geometry
10268,S2436457__S2436457_BP1B11_C_15540_2,0,1,geometry
10269,S2352429__S23-52429-_-BIOPSY,0,0,geometry
10270,S19-19367__S19-19367,1,0,geometry
10271,S2525436__S2525436_0_BP1A2021,0,1,geometry
10272,S2424250__S2424250,0,1,geometry
10273,S2227608__S22-27608-_-SERIAL_1,1,1,geometry
10274,S19-19367__S19-19367,1,1,geometry
10275,S2406754__S24-06754-_-SERIAL_1,0,0,geometry
10276,S2511008__S25-11008_0_BP1A2021_052339,1,1,geometry
10277,S2406038__S2406038,0,0,geometry
10278,S17-42935__S17-42935,1,1,geometry
10279,S2216630__S2216630--DEEP_1,0,0,geometry
10280,S2227608__S22-27608-_-SERIAL_2,1,1,geometry
10281,S2521240__S2521240_0_BP1A2021,1,0,geometry
10282,S2352429__S23-52429-_-BIOPSY,0,0,geometry
10283,S2513847__S25-13847_0_BP1A2021_131603,0,0,geometry
10284,S17-42935__S17-42935,1,0,geometry
10285,S2520404__S2520404_0_BP1A2021,0,1,geometry
10286,S2524777__S2524777_0_BP1A2021,0,0,geometry
10287,S20-28924__S20-28924,0,0,geometry
10288,S2128633__S2128633--DEEP,1,1,geometry
10289,S2511859__S25-11859_0_BP1A2021_150616,0,0,geometry
10290,S2531985__S2531985_0_BP1A2021,0,0,geometry
10291,S2039743__S20-39743-L-PLHE_1,1,0,geometry
10292,S2406754__S24-06754-_-SERIAL_1,0,0,geometry
10293,S2533022__S2533022_0_BP1A2021,0,1,geometry
10294,S2524777__S2524777_0_BP1A2021,0,1,geometry
10295,S2039743__S20-39743-L-PLHE_1,1,0,geometry
10296,S17-42935__S17-42935,1,1,geometry
10297,S2235518__S22-35518-_-BIOPSY,0,1,geometry
10298,S2516970__S25-16970____155248,1,1,geometry
10299,S2237603__S22-37603-_-_1,0,1,geometry
10300,S2344462__S23-44462-_-BIOPSY,0,0,geometry
10301,S19-19367__S19-19367,1,0,geometry
10302,S2528218__S2528218_0_BP1A2021,0,1,geometry
10303,S2039743__S20-39743-C-PLHE_0,1,1,geometry
10304,S2227608__S22-27608-_-SERIAL_2,1,0,geometry
10305,S20-26719__S20-26719,1,0,geometry
10306,S2511010__S25-11010_0_BP1A2021_052642,1,0,geometry
10307,S2531985__S2531985_0_BP1A2021,0,1,geometry
10308,S2227608__S22-27608-_-SERIAL_2,1,1,geometry
10309,S2128633__S2128633--DEEP,1,0,geometry
10310,S18-18746__S18-18746,1,0,geometry
10311,S2533022__S2533022_0_BP1A2021,0,0,geometry
10312,S19-19367__S19-19367,1,0,geometry
10313,S2531985__S2531985_0_BP1A2021,0,0,geometry
10314,S2229537__S22-29537-_-SERIAL_1,1,0,geometry
10315,S2406038__S2406038,0,0,geometry
10316,S2516970__S25-16970____155248,1,0,geometry
10317,S20-28924__S20-28924,0,1,geometry
10318,S2406754__S24-06754-_-SERIAL_1,0,0,geometry
10319,S2513847__S25-13847_0_BP1A2021_131603,0,0,geometry
10320,S2039743__S20-39743-L-PLHE_1,1,1,geometry
10321,S2229537__S22-29537-_-SERIAL_1,1,0,geometry
10322,S2424250__S2424250,0,1,geometry
10323,S2237601__S22-37601-_-,0,1,geometry
10324,S2511010__S25-11010_0_BP1A2021_052642,1,1,geometry
10325,S2530981__S2530981_0_BP1A2021,0,0,geometry
10326,S2516971__S25-16971____140945,0,0,geometry
10327,S2229537__S22-29537-_-SERIAL_1,1,0,geometry
10328,S2434918__S24-34918-_-BIOPSY,1,1,geometry
10329,S2227608__S22-27608-_-SERIAL_1,1,1,geometry
10330,S2424255__S2424255,0,0,geometry
10331,S2237603__S22-37603-_-_1,0,1,geometry
10332,S2522980__S2522980_0_BP1A2021,0,0,geometry
10333,S2528218__S2528218_0_BP1A2021,0,1,geometry
10334,S2406754__S24-06754-_-SERIAL_1,0,1,geometry
10335,S2401283__S24-01283-_-BIOPSY,0,1,geometry
10336,S18-18746__S18-18746,1,0,geometry
10337,S2128633__S2128633--DEEP,1,1,geometry
10338,S2227608__S22-27608-_-SERIAL_2,1,1,geometry
10339,S2525436__S2525436_0_BP1A2021,0,1,geometry
10340,S2227608__S22-27608-_-SERIAL_1,1,0,geometry
10341,S17-42935__S17-42935,1,0,geometry
10342,S2533022__S2533022_0_BP1A2021,0,0,geometry
10343,S2424250__S2424250,0,1,geometry
10344,S2229537__S22-29537-_-SERIAL_1,1,0,geometry
10345,S2229537__S22-29537-_-SERIAL_1,1,1,geometry
10346,S2229537__S22-29537-_-SERIAL_1,1,0,geometry
10347,S2227604__S22-27604-_-BIOPSY,1,0,geometry
10348,S2227604__S22-27604-_-BIOPSY,1,1,geometry
10349,S2227604__S22-27604-_-BIOPSY,1,0,geometry
10350,S19-40063__S19-40063,0,1,geometry
10351,S19-40063__S19-40063,0,1,geometry
10352,S2237603__S22-37603-_-_1,0,1,geometry
10353,S2039743__S20-39743-P-PLHE_3,1,1,geometry
10354,S2229537__S22-29537-_-SERIAL_1,1,1,geometry
10355,S2424255__S2424255,0,0,geometry
10356,S18-18746__S18-18746,1,1,geometry
10357,S2530985__S2530985_0_BP1A2021,0,0,geometry
10358,S2520402__S2520402_0_BP1A2021,0,0,geometry
10359,S2344462__S23-44462-_-BIOPSY,0,1,geometry
10360,S2524777__S2524777_0_BP1A2021,0,0,geometry
10361,S2504719__S25-04719-_-DEEP_1,0,0,geometry
10362,S2039743__S20-39743-P-PLHE_3,1,0,geometry
10363,S19-19367__S19-19367,1,0,geometry
10364,S19-40063__S19-40063,0,1,geometry
10365,S2511009__S25-11009_0_BP1A2021_052542,0,0,geometry
10366,S18-18746__S18-18746,1,0,geometry
10367,S2039743__S20-39743-L-PLHE_1,1,0,geometry
10368,S2511008__S25-11008_0_BP1A2021_052339,1,1,geometry
10369,S19-19367__S19-19367,1,1,geometry
10370,S2039743__S20-39743-C-PLHE_0,1,1,geometry
10371,S2227604__S22-27604-_-BIOPSY,1,1,geometry
10372,S2039743__S20-39743-L-PLHE_1,1,0,geometry
10373,S20-26719__S20-26719,1,0,geometry
10374,S2039743__S20-39743-L-PLHE_1,1,0,geometry
10375,S2511008__S25-11008_0_BP1A2021_052339,1,0,geometry
10376,S2352429__S23-52429-_-BIOPSY,0,0,geometry
10377,S2436457__S2436457_BP1B11_C_15540_2,0,0,geometry
10378,S2530063__S2530063_0_BP1A2021,0,1,geometry
10379,S2511010__S25-11010_0_BP1A2021_052642,1,0,geometry
10380,S2511009__S25-11009_0_BP1A2021_052542,0,1,geometry
10381,S20-28924__S20-28924,0,1,geometry
10382,S19-19367__S19-19367,1,0,geometry
10383,S2352429__S23-52429-_-BIOPSY,0,0,geometry
10384,S2039743__S20-39743-P-PLHE_3,1,1,geometry
10385,S2406754__S24-06754-_-DEEP_2,0,1,geometry
10386,S2235518__S22-35518-_-BIOPSY,0,0,geometry
10387,S2530985__S2530985_0_BP1A2021,0,1,geometry
10388,S2436457__S2436457_BP1B11_C_15540_2,0,1,geometry
10389,S2227608__S22-27608-_-SERIAL_1,1,1,geometry
10390,S2423618__S24-23618-_-RECUT_2,0,1,geometry
10391,S2434918__S24-34918-_-BIOPSY,1,1,geometry
10392,S2511010__S25-11010_0_BP1A2021_052642,1,1,geometry
10393,S2344462__S23-44462-_-BIOPSY,0,0,geometry
10394,S2227608__S22-27608-_-SERIAL_1,1,0,geometry
10395,S2128633__S2128633--DEEP,1,1,geometry
10396,S2352429__S23-52429-_-BIOPSY,0,1,geometry
10397,S2522980__S2522980_0_BP1A2021,0,0,geometry
10398,S2039743__S20-39743-L-PLHE_1,1,1,geometry
10399,S2227604__S22-27604-_-BIOPSY,1,1,geometry
10400,S2326329__S23-26329-_-BIOPSY,0,0,geometry
10401,S2521240__S2521240_0_BP1A2021,1,0,geometry
10402,S2227604__S22-27604-_-BIOPSY,1,1,geometry
10403,S2516970__S25-16970____155248,1,1,geometry
10404,S2352429__S23-52429-_-RECUT_1,0,0,geometry
10405,S2511008__S25-11008_0_BP1A2021_052339,1,1,geometry
10406,S2522980__S2522980_0_BP1A2021,0,1,geometry
10407,S2516970__S25-16970____155248,1,1,geometry
10408,S18-18746__S18-18746,1,0,geometry
10409,S2039743__S20-39743-P-PLHE_3,1,1,geometry
10410,S2515598__S25-15598_0__144202,0,1,geometry
10411,S2511008__S25-11008_0_BP1A2021_052339,1,1,geometry
10412,S2516970__S25-16970____155248,1,0,geometry
10413,S2128633__S2128633--DEEP,1,1,geometry
10414,S2516970__S25-16970____155248,1,0,geometry
10415,S2235518__S22-35518-_-BIOPSY,0,0,geometry
10416,S2401283__S24-01283-_-BIOPSY,0,0,geometry
10417,S2530063__S2530063_0_BP1A2021,0,0,geometry
10418,S2436457__S2436457_BP1B11_C_15540_2,0,0,geometry
10419,S2511008__S25-11008_0_BP1A2021_052339,1,0,geometry
10420,S19-40063__S19-40063,0,0,geometry
10421,S17-42935__S17-42935,1,0,geometry
10422,S2516970__S25-16970____155248,1,0,geometry
10423,S2227608__S22-27608-_-SERIAL_1,1,1,geometry
10424,S17-42935__S17-42935,1,0,geometry
10425,S2424250__S2424250,0,1,geometry
10426,S2516970__S25-16970____155248,1,1,geometry
10427,S2128633__S2128633--DEEP,1,0,geometry
10428,S2516970__S25-16970____155248,1,1,geometry
10429,S2039743__S20-39743-C-PLHE_0,1,1,geometry
10430,S2424250__S2424250,0,0,geometry
10431,S2520404__S2520404_0_BP1A2021,0,1,geometry
10432,S2229537__S22-29537-_-SERIAL_1,1,0,geometry
10433,S2516970__S25-16970____155248,1,0,geometry
10434,S2039743__S20-39743-C-PLHE_0,1,1,geometry
10435,S2511008__S25-11008_0_BP1A2021_052339,1,0,geometry
10436,S2409390__S2409390,0,0,geometry
10437,S2511010__S25-11010_0_BP1A2021_052642,1,1,geometry
10438,S2530981__S2530981_0_BP1A2021,0,0,geometry
10439,S2516970__S25-16970____155248,1,1,geometry
10440,S2237601__S22-37601-_-,0,0,geometry
10441,S2530063__S2530063_0_BP1A2021,0,0,geometry
10442,S19-40063__S19-40063,0,0,geometry
10443,S2227608__S22-27608-_-SERIAL_1,1,0,geometry
10444,S2039743__S20-39743-P-PLHE_3,1,1,geometry
10445,S2039743__S20-39743-L-PLHE_1,1,0,geometry
10446,S2511859__S25-11859_0_BP1A2021_150616,0,0,geometry
10447,S2530981__S2530981_0_BP1A2021,0,0,geometry
10448,S2352429__S23-52429-_-BIOPSY,0,0,geometry
10449,S2128633__S2128633--DEEP,1,0,geometry
10450,S2424250__S2424250,0,0,geometry
10451,S2406754__S24-06754-_-DEEP_2,0,0,geometry
10452,S2511010__S25-11010_0_BP1A2021_052642,1,1,geometry
10453,S2229537__S22-29537-_-SERIAL_1,1,1,geometry
10454,S18-18746__S18-18746,1,0,geometry
10455,S2326329__S23-26329-_-BIOPSY,0,1,geometry
10456,S2516970__S25-16970____155248,1,0,geometry
10457,S2520404__S2520404_0_BP1A2021,0,0,geometry
10458,S2524777__S2524777_0_BP1A2021,0,1,geometry
10459,S18-18746__S18-18746,1,0,geometry
10460,S2229537__S22-29537-_-SERIAL_1,1,1,geometry
10461,S2512685__S2512685_0_,0,1,geometry
10462,S2229537__S22-29537-_-SERIAL_1,1,0,geometry
10463,S2516970__S25-16970____155248,1,0,geometry
10464,S2515598__S25-15598_0__144202,0,1,geometry
10465,S2344462__S23-44462-_-BIOPSY,0,1,geometry
10466,S2511008__S25-11008_0_BP1A2021_052339,1,0,geometry
10467,S2533022__S2533022_0_BP1A2021,0,1,geometry
10468,S2511010__S25-11010_0_BP1A2021_052642,1,0,geometry
10469,S2511008__S25-11008_0_BP1A2021_052339,1,1,geometry
10470,S2525436__S2525436_0_BP1A2021,0,0,geometry
10471,S20-26719__S20-26719,1,1,geometry
10472,S2406754__S24-06754-_-SERIAL_1,0,0,geometry
10473,S18-18746__S18-18746,1,0,geometry
10474,S18-18746__S18-18746,1,1,geometry
10475,S18-18746__S18-18746,1,0,geometry
10476,S2515598__S25-15598_0__144202,0,1,geometry
10477,S2513847__S25-13847_0_BP1A2021_131603,0,1,geometry
10478,S2227608__S22-27608-_-SERIAL_1,1,0,geometry
10479,S2511008__S25-11008_0_BP1A2021_052339,1,1,geometry
10480,S2434918__S24-34918-_-BIOPSY,1,0,geometry
10481,S2525436__S2525436_0_BP1A2021,0,0,geometry
10482,S2406754__S24-06754-_-SERIAL_1,0,1,geometry
10483,S2504719__S25-04719-_-DEEP_1,0,1,geometry
10484,S20-28924__S20-28924,0,1,geometry
10485,S2227608__S22-27608-_-SERIAL_2,1,0,geometry
10486,S2530985__S2530985_0_BP1A2021,0,0,geometry
10487,S2511010__S25-11010_0_BP1A2021_052642,1,0,geometry
10488,S2424250__S2424250,0,1,geometry
10489,S2406754__S24-06754-_-SERIAL_1,0,0,geometry
10490,S2216630__S2216630--DEEP_1,0,0,geometry
10491,S18-18746__S18-18746,1,1,geometry
10492,S2511008__S25-11008_0_BP1A2021_052339,1,0,geometry
10493,S19-40063__S19-40063,0,0,geometry
10494,S2520404__S2520404_0_BP1A2021,0,1,geometry
10495,S2511008__S25-11008_0_BP1A2021_052339,1,0,geometry
10496,S2434918__S24-34918-_-BIOPSY,1,0,geometry
10497,S2227608__S22-27608-_-SERIAL_1,1,0,geometry
10498,S2229537__S22-29537-_-SERIAL_1,1,1,geometry
10499,S2528218__S2528218_0_BP1A2021,0,1,geometry
10500,S2531985__S2531985_0_BP1A2021,0,0,geometry
10501,S2326329__S23-26329-_-BIOPSY,0,1,geometry
10502,S2511859__S25-11859_0_BP1A2021_150616,0,0,geometry
10503,S2511010__S25-11010_0_BP1A2021_052642,1,1,geometry
10504,S2524777__S2524777_0_BP1A2021,0,0,geometry
10505,S2128633__S2128633--DEEP,1,1,geometry
10506,S2326329__S23-26329-_-BIOPSY,0,1,geometry
10507,S2436457__S2436457_BP1B11_C_15540_2,0,1,geometry
10508,S2039743__S20-39743-L-PLHE_1,1,0,geometry
10509,S2522980__S2522980_0_BP1A2021,0,0,geometry
10510,S2352429__S23-52429-_-BIOPSY,0,0,geometry
10511,S2533022__S2533022_0_BP1A2021,0,0,geometry
10512,S2423618__S24-23618-_-RECUT_2,0,1,geometry
10513,S2424255__S2424255,0,0,geometry
10514,S2516970__S25-16970____155248,1,0,geometry
10515,S2524777__S2524777_0_BP1A2021,0,0,geometry
10516,S2434918__S24-34918-_-BIOPSY,1,1,geometry
10517,S2524777__S2524777_0_BP1A2021,0,0,geometry
10518,S2530063__S2530063_0_BP1A2021,0,1,geometry
10519,S2352429__S23-52429-_-BIOPSY,0,1,geometry
10520,S2530981__S2530981_0_BP1A2021,0,1,geometry
10521,S2531985__S2531985_0_BP1A2021,0,0,geometry
10522,S2522980__S2522980_0_BP1A2021,0,1,geometry
10523,S2227608__S22-27608-_-SERIAL_1,1,0,geometry
10524,S20-26719__S20-26719,1,0,geometry
10525,S20-26719__S20-26719,1,1,geometry
10526,S2434918__S24-34918-_-BIOPSY,1,0,geometry
10527,S2511009__S25-11009_0_BP1A2021_052542,0,0,geometry
10528,S2423618__S24-23618-_-RECUT_2,0,0,geometry
10529,S2434918__S24-34918-_-BIOPSY,1,1,geometry
10530,S2530985__S2530985_0_BP1A2021,0,0,geometry
10531,S17-42935__S17-42935,1,0,geometry
10532,S2516970__S25-16970____155248,1,0,geometry
10533,S2525436__S2525436_0_BP1A2021,0,1,geometry
10534,S2039743__S20-39743-L-PLHE_1,1,1,geometry
10535,S19-19367__S19-19367,1,1,geometry
10536,S2039743__S20-39743-L-PLHE_1,1,0,geometry
10537,S2216630__S2216630--DEEP_1,0,1,geometry
10538,S2513847__S25-13847_0_BP1A2021_131603,0,0,geometry
10539,S19-40063__S19-40063,0,0,geometry
10540,S2326329__S23-26329-_-BIOPSY,0,1,geometry
10541,S2530063__S2530063_0_BP1A2021,0,1,geometry
10542,S20-26719__S20-26719,1,1,geometry
10543,S2511008__S25-11008_0_BP1A2021_052339,1,0,geometry
10544,S2436457__S2436457_BP1B11_C_15540_2,0,0,geometry
10545,S2424250__S2424250,0,0,geometry
10546,S19-19367__S19-19367,1,0,geometry
10547,S2520402__S2520402_0_BP1A2021,0,0,geometry
10548,S2521240__S2521240_0_BP1A2021,1,0,geometry
10549,S18-18746__S18-18746,1,1,geometry
10550,S2524777__S2524777_0_BP1A2021,0,1,geometry
10551,S19-19367__S19-19367,1,0,geometry
10552,S2515598__S25-15598_0__144202,0,1,geometry
10553,S18-18746__S18-18746,1,1,geometry
10554,S2409390__S2409390,0,0,geometry
10555,S19-40063__S19-40063,0,0,geometry
10556,S20-26719__S20-26719,1,1,geometry
10557,S2525436__S2525436_0_BP1A2021,0,1,geometry
10558,S2406754__S24-06754-_-SERIAL_1,0,0,geometry
10559,S2512685__S2512685_0_,0,1,geometry
10560,S2434918__S24-34918-_-BIOPSY,1,1,geometry
10561,S2531985__S2531985_0_BP1A2021,0,1,geometry
10562,S19-40063__S19-40063,0,1,geometry
10563,S2039743__S20-39743-C-PLHE_0,1,0,geometry
10564,S2237603__S22-37603-_-_1,0,1,geometry
10565,S2511010__S25-11010_0_BP1A2021_052642,1,1,geometry
10566,S2409390__S2409390,0,0,geometry
10567,S20-26719__S20-26719,1,0,geometry
10568,S19-19367__S19-19367,1,1,geometry
10569,S2434918__S24-34918-_-BIOPSY,1,1,geometry
10570,S2520402__S2520402_0_BP1A2021,0,1,geometry
10571,S2434918__S24-34918-_-BIOPSY,1,1,geometry
10572,S2530985__S2530985_0_BP1A2021,0,1,geometry
10573,S2524777__S2524777_0_BP1A2021,0,0,geometry
10574,S2216630__S2216630--DEEP_1,0,0,geometry
10575,S2039743__S20-39743-P-PLHE_3,1,0,geometry
10576,S2237601__S22-37601-_-,0,1,geometry
10577,S2424250__S2424250,0,0,geometry
10578,S18-18746__S18-18746,1,1,geometry
10579,S2524777__S2524777_0_BP1A2021,0,1,geometry
10580,S19-40063__S19-40063,0,0,geometry
10581,S2528218__S2528218_0_BP1A2021,0,0,geometry
10582,S19-40063__S19-40063,0,1,geometry
10583,S2531985__S2531985_0_BP1A2021,0,0,geometry
10584,S2227604__S22-27604-_-BIOPSY,1,0,geometry
10585,S2520402__S2520402_0_BP1A2021,0,1,geometry
10586,S2521240__S2521240_0_BP1A2021,1,0,geometry
10587,S2512685__S2512685_0_,0,1,geometry
10588,S2227608__S22-27608-_-SERIAL_1,1,0,geometry
10589,S2436457__S2436457_BP1B11_C_15540_2,0,0,geometry
10590,S2227608__S22-27608-_-SERIAL_2,1,0,geometry
10591,S2434918__S24-34918-_-BIOPSY,1,0,geometry
10592,S2409390__S2409390,0,1,geometry
10593,S2237601__S22-37601-_-,0,0,geometry
10594,S19-40063__S19-40063,0,0,geometry
10595,S2511010__S25-11010_0_BP1A2021_052642,1,1,geometry
10596,S2237603__S22-37603-_-_1,0,1,geometry
10597,S2406038__S2406038,0,0,geometry
10598,S2528218__S2528218_0_BP1A2021,0,0,geometry
10599,S2511008__S25-11008_0_BP1A2021_052339,1,0,geometry
10600,S2513847__S25-13847_0_BP1A2021_131603,0,0,geometry
10601,S2516971__S25-16971____140945,0,0,geometry
10602,S2227608__S22-27608-_-SERIAL_2,1,1,geometry
10603,S2406754__S24-06754-_-SERIAL_1,0,0,geometry
10604,S2326329__S23-26329-_-BIOPSY,0,1,geometry
10605,S19-19367__S19-19367,1,0,geometry
10606,S2128633__S2128633--DEEP,1,1,geometry
10607,S2229537__S22-29537-_-SERIAL_1,1,0,geometry
10608,S2511008__S25-11008_0_BP1A2021_052339,1,0,geometry
10609,S2326329__S23-26329-_-BIOPSY,0,1,geometry
10610,S20-26719__S20-26719,1,0,geometry
10611,S20-28924__S20-28924,0,0,geometry
10612,S2326329__S23-26329-_-BIOPSY,0,0,geometry
10613,S2039743__S20-39743-C-PLHE_0,1,0,geometry
10614,S2227608__S22-27608-_-SERIAL_2,1,1,geometry
10615,S2406754__S24-06754-_-DEEP_2,0,1,geometry
10616,S2511010__S25-11010_0_BP1A2021_052642,1,1,geometry
10617,S2504719__S25-04719-_-DEEP_1,0,0,geometry
10618,S2039743__S20-39743-C-PLHE_0,1,0,geometry
10619,S2039743__S20-39743-L-PLHE_1,1,0,geometry
10620,S2039743__S20-39743-L-PLHE_1,1,0,geometry
10621,S17-42935__S17-42935,1,0,geometry
10622,S2504719__S25-04719-_-DEEP_1,0,0,geometry
10623,S20-28924__S20-28924,0,0,geometry
10624,S2237603__S22-37603-_-_1,0,0,geometry
10625,S2227608__S22-27608-_-SERIAL_1,1,1,geometry
10626,S17-42935__S17-42935,1,0,geometry
10627,S2237603__S22-37603-_-_1,0,1,geometry
10628,S2039743__S20-39743-C-PLHE_0,1,0,geometry
10629,S2406754__S24-06754-_-DEEP_2,0,0,geometry
10630,S2216630__S2216630--DEEP_1,0,1,geometry
10631,S2521240__S2521240_0_BP1A2021,1,0,geometry
10632,S2530985__S2530985_0_BP1A2021,0,1,geometry
10633,S2524777__S2524777_0_BP1A2021,0,0,geometry
10634,S2516970__S25-16970____155248,1,0,geometry
10635,S19-19367__S19-19367,1,1,geometry
10636,S2237601__S22-37601-_-,0,1,geometry
10637,S2237601__S22-37601-_-,0,0,geometry
10638,S2227608__S22-27608-_-SERIAL_2,1,0,geometry
10639,S19-19367__S19-19367,1,1,geometry
10640,S2516971__S25-16971____140945,0,0,geometry
10641,S2227608__S22-27608-_-SERIAL_2,1,0,geometry
10642,S2039743__S20-39743-L-PLHE_1,1,1,geometry
10643,S19-19367__S19-19367,1,0,geometry
10644,S2227608__S22-27608-_-SERIAL_2,1,1,geometry
10645,S2522980__S2522980_0_BP1A2021,0,0,geometry
10646,S2344462__S23-44462-_-BIOPSY,0,1,geometry
10647,S18-18746__S18-18746,1,0,geometry
10648,S2227604__S22-27604-_-BIOPSY,1,1,geometry
10649,S2528218__S2528218_0_BP1A2021,0,0,geometry
10650,S2128633__S2128633--DEEP,1,0,geometry
10651,S2516971__S25-16971____155423,0,0,geometry
10652,S2128633__S2128633--DEEP,1,0,geometry
10653,S2229537__S22-29537-_-SERIAL_1,1,1,geometry
10654,S2520402__S2520402_0_BP1A2021,0,1,geometry
10655,S19-19367__S19-19367,1,0,geometry
10656,S2516970__S25-16970____155248,1,1,geometry
10657,S2227608__S22-27608-_-SERIAL_2,1,1,geometry
10658,S2516971__S25-16971____155423,0,0,geometry
10659,S2424255__S2424255,0,0,geometry
10660,S19-19367__S19-19367,1,1,geometry
10661,S2235518__S22-35518-_-BIOPSY,0,0,geometry
10662,S2237601__S22-37601-_-,0,1,geometry
10663,S2521240__S2521240_0_BP1A2021,1,0,geometry
10664,S17-42935__S17-42935,1,0,geometry
10665,S19-19367__S19-19367,1,1,geometry
10666,S2406754__S24-06754-_-DEEP_2,0,0,geometry
10667,S20-26719__S20-26719,1,0,geometry
10668,S2406754__S24-06754-_-SERIAL_1,0,1,geometry
10669,S2409390__S2409390,0,0,geometry
10670,S2406038__S2406038,0,0,geometry
10671,S2424255__S2424255,0,0,geometry
10672,S20-28924__S20-28924,0,0,geometry
10673,S2520404__S2520404_0_BP1A2021,0,1,geometry
10674,S2401283__S24-01283-_-BIOPSY,0,1,geometry
10675,S17-42935__S17-42935,1,0,geometry
10676,S2528218__S2528218_0_BP1A2021,0,1,geometry
10677,S2227608__S22-27608-_-SERIAL_1,1,0,geometry
10678,S2504719__S25-04719-_-DEEP_1,0,0,geometry
10679,S2525436__S2525436_0_BP1A2021,0,1,geometry
10680,S2128633__S2128633--DEEP,1,0,geometry
10681,S2406038__S2406038,0,1,geometry
10682,S2344462__S23-44462-_-BIOPSY,0,0,geometry
10683,S2216630__S2216630--DEEP_1,0,1,geometry
10684,S18-18746__S18-18746,1,0,geometry
10685,S2516971__S25-16971____155423,0,0,geometry
10686,S2229537__S22-29537-_-SERIAL_1,1,0,geometry
10687,S2039743__S20-39743-L-PLHE_1,1,0,geometry
10688,S2530985__S2530985_0_BP1A2021,0,1,geometry
10689,S17-42935__S17-42935,1,0,geometry
10690,S18-18746__S18-18746,1,1,geometry
10691,S19-19367__S19-19367,1,0,geometry
10692,S20-26719__S20-26719,1,0,geometry
10693,S2424250__S2424250,0,0,geometry
10694,S2423618__S24-23618-_-RECUT_2,0,1,geometry
10695,S2515598__S25-15598_0__144202,0,1,geometry
10696,S2512685__S2512685_0_,0,0,geometry
10697,S2511859__S25-11859_0_BP1A2021_150616,0,1,geometry
10698,S2521240__S2521240_0_BP1A2021,1,0,geometry
10699,S2216630__S2216630--DEEP_1,0,1,geometry
10700,S2039743__S20-39743-L-PLHE_1,1,0,geometry
10701,S19-40063__S19-40063,0,1,geometry
10702,S2227608__S22-27608-_-SERIAL_1,1,0,geometry
10703,S2039743__S20-39743-P-PLHE_3,1,0,geometry
10704,S2227608__S22-27608-_-SERIAL_1,1,0,geometry
10705,S2401283__S24-01283-_-BIOPSY,0,0,geometry
10706,S2229537__S22-29537-_-SERIAL_1,1,0,geometry
10707,S2516970__S25-16970____155248,1,0,geometry
10708,S2530063__S2530063_0_BP1A2021,0,0,geometry
10709,S2352429__S23-52429-_-RECUT_1,0,1,geometry
10710,S2352429__S23-52429-_-RECUT_1,0,0,geometry
10711,S17-42935__S17-42935,1,0,geometry
10712,S2511008__S25-11008_0_BP1A2021_052339,1,0,geometry
10713,S2424255__S2424255,0,0,geometry
10714,S2434918__S24-34918-_-BIOPSY,1,1,geometry
10715,S2326329__S23-26329-_-BIOPSY,0,0,geometry
10716,S2511010__S25-11010_0_BP1A2021_052642,1,1,geometry
10717,S2521240__S2521240_0_BP1A2021,1,1,geometry
10718,S2513847__S25-13847_0_BP1A2021_131603,0,0,geometry
10719,S2227608__S22-27608-_-SERIAL_1,1,1,geometry
10720,S2039743__S20-39743-P-PLHE_3,1,0,geometry
10721,S2524777__S2524777_0_BP1A2021,0,1,geometry
10722,S2216630__S2216630--DEEP_1,0,0,geometry
10723,S19-19367__S19-19367,1,1,geometry
10724,S2227608__S22-27608-_-SERIAL_2,1,1,geometry
10725,S2436457__S2436457_BP1B11_C_15540_2,0,0,geometry
10726,S2511010__S25-11010_0_BP1A2021_052642,1,1,geometry
10727,S2227608__S22-27608-_-SERIAL_1,1,1,geometry
10728,S2520402__S2520402_0_BP1A2021,0,0,geometry
10729,S2530985__S2530985_0_BP1A2021,0,0,geometry
10730,S2515598__S25-15598_0__144202,0,0,geometry
10731,S2039743__S20-39743-P-PLHE_3,1,1,geometry
10732,S2424250__S2424250,0,1,geometry
10733,S2128633__S2128633--DEEP,1,1,geometry
10734,S2227604__S22-27604-_-BIOPSY,1,1,geometry
10735,S2237601__S22-37601-_-,0,0,geometry
10736,S2521240__S2521240_0_BP1A2021,1,0,geometry
10737,S2344462__S23-44462-_-BIOPSY,0,1,geometry
10738,S2436457__S2436457_BP1B11_C_15540_2,0,0,geometry
10739,S2039743__S20-39743-P-PLHE_3,1,1,geometry
10740,S2513847__S25-13847_0_BP1A2021_131603,0,0,geometry
10741,S2516971__S25-16971____140945,0,0,geometry
10742,S20-28924__S20-28924,0,1,geometry
10743,S2533022__S2533022_0_BP1A2021,0,1,geometry
10744,S2039743__S20-39743-P-PLHE_3,1,1,geometry
10745,S2511010__S25-11010_0_BP1A2021_052642,1,1,geometry
10746,S2235518__S22-35518-_-BIOPSY,0,1,geometry
10747,S2521240__S2521240_0_BP1A2021,1,1,geometry
10748,S19-19367__S19-19367,1,1,geometry
10749,S2530063__S2530063_0_BP1A2021,0,0,geometry
10750,S20-26719__S20-26719,1,0,geometry
10751,S2227608__S22-27608-_-SERIAL_1,1,1,geometry
10752,S2039743__S20-39743-C-PLHE_0,1,1,geometry
10753,S19-19367__S19-19367,1,0,geometry
10754,S2516970__S25-16970____155248,1,1,geometry
10755,S2216630__S2216630--DEEP_1,0,1,geometry
10756,S2511859__S25-11859_0_BP1A2021_150616,0,1,geometry
10757,S2227608__S22-27608-_-SERIAL_2,1,1,geometry
10758,S2352429__S23-52429-_-BIOPSY,0,0,geometry
10759,S2521240__S2521240_0_BP1A2021,1,1,geometry
10760,S2039743__S20-39743-P-PLHE_3,1,1,geometry
10761,S2531985__S2531985_0_BP1A2021,0,0,geometry
10762,S2227604__S22-27604-_-BIOPSY,1,1,geometry
10763,S2128633__S2128633--DEEP,1,1,geometry
10764,S2504719__S25-04719-_-DEEP_1,0,0,geometry
10765,S2039743__S20-39743-L-PLHE_1,1,1,geometry
10766,S2229537__S22-29537-_-SERIAL_1,1,1,geometry
10767,S2344462__S23-44462-_-BIOPSY,0,0,geometry
10768,S2039743__S20-39743-P-PLHE_3,1,0,geometry
10769,S2511008__S25-11008_0_BP1A2021_052339,1,0,geometry
10770,S2227604__S22-27604-_-BIOPSY,1,0,geometry
10771,S2513847__S25-13847_0_BP1A2021_131603,0,0,geometry
10772,S2401283__S24-01283-_-BIOPSY,0,0,geometry
10773,S2515598__S25-15598_0__144202,0,0,geometry
10774,S2511010__S25-11010_0_BP1A2021_052642,1,1,geometry
10775,S2352429__S23-52429-_-RECUT_1,0,1,geometry
10776,S2515598__S25-15598_0__144202,0,1,geometry
10777,S2512685__S2512685_0_,0,0,geometry
10778,S2227608__S22-27608-_-SERIAL_2,1,0,geometry
10779,S2531985__S2531985_0_BP1A2021,0,0,geometry
10780,S19-19367__S19-19367,1,0,geometry
10781,S2516970__S25-16970____155248,1,0,geometry
10782,S2216630__S2216630--DEEP_1,0,0,geometry
10783,S2229537__S22-29537-_-SERIAL_1,1,1,geometry
10784,S2128633__S2128633--DEEP,1,1,geometry
10785,S2128633__S2128633--DEEP,1,1,geometry
10786,S2409390__S2409390,0,1,geometry
10787,S2504719__S25-04719-_-DEEP_1,0,1,geometry
10788,S2227608__S22-27608-_-SERIAL_1,1,0,geometry
10789,S2227608__S22-27608-_-SERIAL_2,1,0,geometry
10790,S2511007__S25-11007_0_BP1A2021_052433,0,1,geometry
10791,S2504719__S25-04719-_-DEEP_1,0,1,geometry
10792,S2515598__S25-15598_0__144202,0,0,geometry
10793,S2039743__S20-39743-L-PLHE_1,1,1,geometry
10794,S2434918__S24-34918-_-BIOPSY,1,0,geometry
10795,S2424250__S2424250,0,0,geometry
10796,S2352429__S23-52429-_-BIOPSY,0,1,geometry
10797,S2511007__S25-11007_0_BP1A2021_052433,0,1,geometry
10798,S2522980__S2522980_0_BP1A2021,0,0,geometry
10799,S2128633__S2128633--DEEP,1,1,geometry
10800,S2423618__S24-23618-_-RECUT_2,0,1,geometry
10801,S2512685__S2512685_0_,0,0,geometry
10802,S2423618__S24-23618-_-RECUT_2,0,1,geometry
10803,S2227608__S22-27608-_-SERIAL_1,1,1,geometry
10804,S2530985__S2530985_0_BP1A2021,0,0,geometry
10805,S2511008__S25-11008_0_BP1A2021_052339,1,1,geometry
10806,S2530985__S2530985_0_BP1A2021,0,0,geometry
10807,S2533022__S2533022_0_BP1A2021,0,0,geometry
10808,S20-26719__S20-26719,1,1,geometry
10809,S2227604__S22-27604-_-BIOPSY,1,1,geometry
10810,S2401283__S24-01283-_-BIOPSY,0,0,geometry
10811,S2511008__S25-11008_0_BP1A2021_052339,1,1,geometry
10812,S2530063__S2530063_0_BP1A2021,0,1,geometry
10813,S2521240__S2521240_0_BP1A2021,1,0,geometry
10814,S2511010__S25-11010_0_BP1A2021_052642,1,1,geometry
10815,S2434918__S24-34918-_-BIOPSY,1,0,geometry
10816,S2511010__S25-11010_0_BP1A2021_052642,1,1,geometry
10817,S17-42935__S17-42935,1,0,geometry
10818,S2434918__S24-34918-_-BIOPSY,1,0,geometry
10819,S2227608__S22-27608-_-SERIAL_2,1,1,geometry
10820,S2406754__S24-06754-_-SERIAL_1,0,0,geometry
10821,S2530063__S2530063_0_BP1A2021,0,0,geometry
10822,S2229537__S22-29537-_-SERIAL_1,1,0,geometry
10823,S2434918__S24-34918-_-BIOPSY,1,1,geometry
10824,S2530981__S2530981_0_BP1A2021,0,1,geometry
10825,S2216630__S2216630--DEEP_1,0,0,geometry
10826,S2516971__S25-16971____140945,0,1,geometry
10827,S2511010__S25-11010_0_BP1A2021_052642,1,0,geometry
10828,S2227604__S22-27604-_-BIOPSY,1,1,geometry
10829,S2229537__S22-29537-_-SERIAL_1,1,0,geometry
10830,S17-42935__S17-42935,1,0,geometry
10831,S17-42935__S17-42935,1,0,geometry
10832,S2434918__S24-34918-_-BIOPSY,1,0,geometry
10833,S2524777__S2524777_0_BP1A2021,0,1,geometry
10834,S2227604__S22-27604-_-BIOPSY,1,0,geometry
10835,S2227608__S22-27608-_-SERIAL_1,1,0,geometry
10836,S2522980__S2522980_0_BP1A2021,0,1,geometry
10837,S2530985__S2530985_0_BP1A2021,0,1,geometry
10838,S2434918__S24-34918-_-BIOPSY,1,0,geometry
10839,S2515598__S25-15598_0__144202,0,0,geometry
10840,S19-19367__S19-19367,1,0,geometry
10841,S2436457__S2436457_BP1B11_C_15540_2,0,0,geometry
10842,S2401283__S24-01283-_-BIOPSY,0,0,geometry
10843,S2511010__S25-11010_0_BP1A2021_052642,1,0,geometry
10844,S2525436__S2525436_0_BP1A2021,0,1,geometry
10845,S19-40063__S19-40063,0,0,geometry
10846,S2511010__S25-11010_0_BP1A2021_052642,1,1,geometry
10847,S2406754__S24-06754-_-DEEP_2,0,0,geometry
10848,S2237601__S22-37601-_-,0,1,geometry
10849,S2235518__S22-35518-_-BIOPSY,0,0,geometry
10850,S2520402__S2520402_0_BP1A2021,0,1,geometry
10851,S2406754__S24-06754-_-SERIAL_1,0,1,geometry
10852,S2511010__S25-11010_0_BP1A2021_052642,1,1,geometry
10853,S19-19367__S19-19367,1,1,geometry
10854,S2524777__S2524777_0_BP1A2021,0,1,geometry
10855,S2530981__S2530981_0_BP1A2021,0,1,geometry
10856,S2511007__S25-11007_0_BP1A2021_052433,0,1,geometry
10857,S2424255__S2424255,0,0,geometry
10858,S2128633__S2128633--DEEP,1,0,geometry
10859,S2227604__S22-27604-_-BIOPSY,1,0,geometry
10860,S2039743__S20-39743-L-PLHE_1,1,1,geometry
10861,S2227608__S22-27608-_-SERIAL_1,1,0,geometry
10862,S2516971__S25-16971____155423,0,0,geometry
10863,S2511008__S25-11008_0_BP1A2021_052339,1,1,geometry
10864,S2434918__S24-34918-_-BIOPSY,1,0,geometry
10865,S2516971__S25-16971____155423,0,1,geometry
10866,S2511010__S25-11010_0_BP1A2021_052642,1,1,geometry
10867,S2530981__S2530981_0_BP1A2021,0,1,geometry
10868,S2516971__S25-16971____140945,0,1,geometry
10869,S2515598__S25-15598_0__144202,0,0,geometry
10870,S19-19367__S19-19367,1,0,geometry
10871,S2520404__S2520404_0_BP1A2021,0,0,geometry
10872,S2434918__S24-34918-_-BIOPSY,1,0,geometry
10873,S2326329__S23-26329-_-BIOPSY,0,1,geometry
10874,S2227608__S22-27608-_-SERIAL_1,1,0,geometry
10875,S2525436__S2525436_0_BP1A2021,0,0,geometry
10876,S2511859__S25-11859_0_BP1A2021_150616,0,1,geometry
10877,S19-19367__S19-19367,1,0,geometry
10878,S2039743__S20-39743-P-PLHE_3,1,0,geometry
10879,S2039743__S20-39743-C-PLHE_0,1,1,geometry
10880,S2227608__S22-27608-_-SERIAL_1,1,0,geometry
10881,S2511008__S25-11008_0_BP1A2021_052339,1,0,geometry
10882,S19-19367__S19-19367,1,1,geometry
10883,S19-40063__S19-40063,0,0,geometry
10884,S2530981__S2530981_0_BP1A2021,0,1,geometry
10885,S2237603__S22-37603-_-_1,0,0,geometry
10886,S2039743__S20-39743-P-PLHE_3,1,1,geometry
10887,S20-26719__S20-26719,1,0,geometry
10888,S2504719__S25-04719-_-DEEP_1,0,1,geometry
10889,S2227608__S22-27608-_-SERIAL_2,1,0,geometry
10890,S2227604__S22-27604-_-BIOPSY,1,0,geometry
10891,S2406754__S24-06754-_-DEEP_2,0,0,geometry
10892,S2516971__S25-16971____140945,0,0,geometry
10893,S2511008__S25-11008_0_BP1A2021_052339,1,1,geometry
10894,S2039743__S20-39743-C-PLHE_0,1,0,geometry
10895,S2326329__S23-26329-_-BIOPSY,0,1,geometry
10896,S2524777__S2524777_0_BP1A2021,0,0,geometry
10897,S17-42935__S17-42935,1,1,geometry
10898,S2409390__S2409390,0,0,geometry
10899,S2434918__S24-34918-_-BIOPSY,1,0,geometry
10900,S2524777__S2524777_0_BP1A2021,0,1,geometry
10901,S20-28924__S20-28924,0,0,geometry
10902,S2525436__S2525436_0_BP1A2021,0,1,geometry
10903,S2521240__S2521240_0_BP1A2021,1,1,geometry
10904,S2229537__S22-29537-_-SERIAL_1,1,0,geometry
10905,S2530985__S2530985_0_BP1A2021,0,0,geometry
10906,S20-26719__S20-26719,1,1,geometry
10907,S2511009__S25-11009_0_BP1A2021_052542,0,1,geometry
10908,S19-40063__S19-40063,0,1,geometry
10909,S2522980__S2522980_0_BP1A2021,0,1,geometry
10910,S2039743__S20-39743-L-PLHE_1,1,0,geometry
10911,S19-40063__S19-40063,0,0,geometry
10912,S18-18746__S18-18746,1,0,geometry
10913,S2237603__S22-37603-_-_1,0,0,geometry
10914,S20-26719__S20-26719,1,1,geometry
10915,S2516971__S25-16971____140945,0,1,geometry
10916,S2237603__S22-37603-_-_1,0,0,geometry
10917,S2530981__S2530981_0_BP1A2021,0,1,geometry
10918,S18-18746__S18-18746,1,1,geometry
10919,S2401283__S24-01283-_-BIOPSY,0,1,geometry
10920,S18-18746__S18-18746,1,0,geometry
10921,S2128633__S2128633--DEEP,1,0,geometry
10922,S2511010__S25-11010_0_BP1A2021_052642,1,1,geometry
10923,S2409390__S2409390,0,0,geometry
10924,S2409390__S2409390,0,0,geometry
10925,S2511008__S25-11008_0_BP1A2021_052339,1,0,geometry
10926,S20-28924__S20-28924,0,1,geometry
10927,S2516970__S25-16970____155248,1,1,geometry
10928,S2511007__S25-11007_0_BP1A2021_052433,0,1,geometry
10929,S2522980__S2522980_0_BP1A2021,0,0,geometry
10930,S2424250__S2424250,0,0,geometry
10931,S2229537__S22-29537-_-SERIAL_1,1,0,geometry
10932,S20-28924__S20-28924,0,0,geometry
10933,S17-42935__S17-42935,1,0,geometry
10934,S2424250__S2424250,0,1,geometry
10935,S18-18746__S18-18746,1,0,geometry
10936,S2515598__S25-15598_0__144202,0,1,geometry
10937,S2434918__S24-34918-_-BIOPSY,1,0,geometry
10938,S2229537__S22-29537-_-SERIAL_1,1,1,geometry
10939,S2511008__S25-11008_0_BP1A2021_052339,1,1,geometry
10940,S2531985__S2531985_0_BP1A2021,0,0,geometry
10941,S2344462__S23-44462-_-BIOPSY,0,1,geometry
10942,S2516970__S25-16970____155248,1,1,geometry
10943,S2521240__S2521240_0_BP1A2021,1,1,geometry
10944,S2511010__S25-11010_0_BP1A2021_052642,1,0,geometry
10945,S2326329__S23-26329-_-BIOPSY,0,0,geometry
10946,S2521240__S2521240_0_BP1A2021,1,1,geometry
10947,S2522980__S2522980_0_BP1A2021,0,0,geometry
10948,S2039743__S20-39743-P-PLHE_3,1,1,geometry
10949,S2530985__S2530985_0_BP1A2021,0,1,geometry
10950,S2516970__S25-16970____155248,1,1,geometry
10951,S2516970__S25-16970____155248,1,0,geometry
10952,S2401283__S24-01283-_-BIOPSY,0,0,geometry
10953,S2039743__S20-39743-C-PLHE_0,1,1,geometry
10954,S2409390__S2409390,0,0,geometry
10955,S2406754__S24-06754-_-DEEP_2,0,0,geometry
10956,S2511010__S25-11010_0_BP1A2021_052642,1,1,geometry
10957,S2227608__S22-27608-_-SERIAL_2,1,1,geometry
10958,S2227608__S22-27608-_-SERIAL_1,1,0,geometry
10959,S2524777__S2524777_0_BP1A2021,0,0,geometry
10960,S20-28924__S20-28924,0,1,geometry
10961,S2406038__S2406038,0,1,geometry
10962,S2516971__S25-16971____155423,0,1,geometry
10963,S2128633__S2128633--DEEP,1,0,geometry
10964,S2128633__S2128633--DEEP,1,1,geometry
10965,S2039743__S20-39743-P-PLHE_3,1,0,geometry
10966,S2229537__S22-29537-_-SERIAL_1,1,1,geometry
10967,S2504719__S25-04719-_-DEEP_1,0,0,geometry
10968,S2401283__S24-01283-_-BIOPSY,0,1,geometry
10969,S2528218__S2528218_0_BP1A2021,0,1,geometry
10970,S2039743__S20-39743-P-PLHE_3,1,1,geometry
10971,S2522980__S2522980_0_BP1A2021,0,0,geometry
10972,S2522980__S2522980_0_BP1A2021,0,1,geometry
10973,S2533022__S2533022_0_BP1A2021,0,0,geometry
10974,S2521240__S2521240_0_BP1A2021,1,1,geometry
10975,S2406754__S24-06754-_-DEEP_2,0,0,geometry
10976,S2533022__S2533022_0_BP1A2021,0,0,geometry
10977,S2039743__S20-39743-C-PLHE_0,1,1,geometry
10978,S2511010__S25-11010_0_BP1A2021_052642,1,1,geometry
10979,S2511007__S25-11007_0_BP1A2021_052433,0,1,geometry
10980,S2528218__S2528218_0_BP1A2021,0,0,geometry
10981,S2533022__S2533022_0_BP1A2021,0,0,geometry
10982,S2530063__S2530063_0_BP1A2021,0,1,geometry
10983,S2511010__S25-11010_0_BP1A2021_052642,1,1,geometry
10984,S2528218__S2528218_0_BP1A2021,0,0,geometry
10985,S17-42935__S17-42935,1,0,geometry
10986,S2530985__S2530985_0_BP1A2021,0,0,geometry
10987,S2525436__S2525436_0_BP1A2021,0,0,geometry
10988,S2528218__S2528218_0_BP1A2021,0,0,geometry
10989,S2512685__S2512685_0_,0,1,geometry
10990,S2520402__S2520402_0_BP1A2021,0,0,geometry
10991,S2504719__S25-04719-_-DEEP_1,0,1,geometry
10992,S2512685__S2512685_0_,0,0,geometry
10993,S17-42935__S17-42935,1,1,geometry
10994,S2511007__S25-11007_0_BP1A2021_052433,0,0,geometry
10995,S2039743__S20-39743-P-PLHE_3,1,0,geometry
10996,S19-19367__S19-19367,1,0,geometry
10997,S2039743__S20-39743-C-PLHE_0,1,0,geometry
10998,S2406754__S24-06754-_-SERIAL_1,0,1,geometry
10999,S2511010__S25-11010_0_BP1A2021_052642,1,0,geometry
11000,S2039743__S20-39743-L-PLHE_1,1,1,geometry
11001,S2352429__S23-52429-_-BIOPSY,0,1,geometry
11002,S2520402__S2520402_0_BP1A2021,0,1,geometry
11003,S2434918__S24-34918-_-BIOPSY,1,1,geometry
11004,S2528218__S2528218_0_BP1A2021,0,0,geometry
11005,S2516971__S25-16971____140945,0,0,geometry
11006,S19-19367__S19-19367,1,1,geometry
11007,S2352429__S23-52429-_-BIOPSY,0,0,geometry
11008,S2530981__S2530981_0_BP1A2021,0,0,geometry
11009,S2039743__S20-39743-L-PLHE_1,1,1,geometry
11010,S2039743__S20-39743-P-PLHE_3,1,1,geometry
11011,S2237601__S22-37601-_-,0,1,geometry
11012,S19-19367__S19-19367,1,1,geometry
11013,S2235518__S22-35518-_-BIOPSY,0,0,geometry
11014,S2227608__S22-27608-_-SERIAL_1,1,0,geometry
11015,S2227604__S22-27604-_-BIOPSY,1,1,geometry
11016,S2512685__S2512685_0_,0,0,geometry
11017,S18-18746__S18-18746,1,0,geometry
11018,S2237603__S22-37603-_-_1,0,1,geometry
11019,S2516971__S25-16971____140945,0,1,geometry
11020,S2227604__S22-27604-_-BIOPSY,1,0,geometry
11021,S2423618__S24-23618-_-RECUT_2,0,0,geometry
11022,S2513847__S25-13847_0_BP1A2021_131603,0,1,geometry
11023,S2520402__S2520402_0_BP1A2021,0,0,geometry
11024,S2039743__S20-39743-L-PLHE_1,1,0,geometry
11025,S18-18746__S18-18746,1,0,geometry
11026,S2216630__S2216630--DEEP_1,0,0,geometry
11027,S20-28924__S20-28924,0,1,geometry
11028,S2530063__S2530063_0_BP1A2021,0,1,geometry
11029,S2409390__S2409390,0,0,geometry
11030,S2039743__S20-39743-P-PLHE_3,1,0,geometry
11031,S20-26719__S20-26719,1,0,geometry
11032,S2424250__S2424250,0,1,geometry
11033,S2511010__S25-11010_0_BP1A2021_052642,1,0,geometry
11034,S2039743__S20-39743-P-PLHE_3,1,0,geometry
11035,S2128633__S2128633--DEEP,1,0,geometry
11036,S20-28924__S20-28924,0,0,geometry
11037,S2530981__S2530981_0_BP1A2021,0,1,geometry
11038,S2512685__S2512685_0_,0,0,geometry
11039,S2344462__S23-44462-_-BIOPSY,0,1,geometry
11040,S2235518__S22-35518-_-BIOPSY,0,0,geometry
11041,S18-18746__S18-18746,1,1,geometry
11042,S2039743__S20-39743-C-PLHE_0,1,0,geometry
11043,S2531985__S2531985_0_BP1A2021,0,1,geometry
11044,S19-19367__S19-19367,1,0,geometry
11045,S2229537__S22-29537-_-SERIAL_1,1,1,geometry
11046,S2424255__S2424255,0,0,geometry
11047,S2128633__S2128633--DEEP,1,0,geometry
11048,S2513847__S25-13847_0_BP1A2021_131603,0,0,geometry
11049,S20-28924__S20-28924,0,0,geometry
11050,S2227608__S22-27608-_-SERIAL_2,1,1,geometry
11051,S2521240__S2521240_0_BP1A2021,1,0,geometry
11052,S2511859__S25-11859_0_BP1A2021_150616,0,0,geometry
11053,S2216630__S2216630--DEEP_1,0,0,geometry
11054,S2216630__S2216630--DEEP_1,0,0,geometry
11055,S2511008__S25-11008_0_BP1A2021_052339,1,1,geometry
11056,S2039743__S20-39743-C-PLHE_0,1,1,geometry
11057,S2530063__S2530063_0_BP1A2021,0,1,geometry
11058,S2326329__S23-26329-_-BIOPSY,0,1,geometry
11059,S2237603__S22-37603-_-_1,0,0,geometry
11060,S2436457__S2436457_BP1B11_C_15540_2,0,1,geometry
11061,S2227608__S22-27608-_-SERIAL_2,1,1,geometry
11062,S19-19367__S19-19367,1,1,geometry
11063,S2511007__S25-11007_0_BP1A2021_052433,0,1,geometry
11064,S2406038__S2406038,0,0,geometry
11065,S2227608__S22-27608-_-SERIAL_1,1,1,geometry
11066,S2530981__S2530981_0_BP1A2021,0,1,geometry
11067,S17-42935__S17-42935,1,0,geometry
11068,S2511009__S25-11009_0_BP1A2021_052542,0,1,geometry
11069,S2434918__S24-34918-_-BIOPSY,1,0,geometry
11070,S2521240__S2521240_0_BP1A2021,1,1,geometry
11071,S2229537__S22-29537-_-SERIAL_1,1,1,geometry
11072,S2352429__S23-52429-_-BIOPSY,0,1,geometry
11073,S2227604__S22-27604-_-BIOPSY,1,0,geometry
11074,S2533022__S2533022_0_BP1A2021,0,0,geometry
11075,S2227608__S22-27608-_-SERIAL_2,1,1,geometry
11076,S2406038__S2406038,0,0,geometry
11077,S2511009__S25-11009_0_BP1A2021_052542,0,1,geometry
11078,S2227608__S22-27608-_-SERIAL_1,1,0,geometry
11079,S2216630__S2216630--DEEP_1,0,0,geometry
11080,S2511007__S25-11007_0_BP1A2021_052433,0,1,geometry
11081,S2237603__S22-37603-_-_1,0,0,geometry
11082,S2326329__S23-26329-_-BIOPSY,0,0,geometry
11083,S2520404__S2520404_0_BP1A2021,0,1,geometry
11084,S2423618__S24-23618-_-RECUT_2,0,1,geometry
11085,S18-18746__S18-18746,1,1,geometry
11086,S2039743__S20-39743-C-PLHE_0,1,1,geometry
11087,S19-40063__S19-40063,0,0,geometry
11088,S19-19367__S19-19367,1,0,geometry
11089,S2039743__S20-39743-P-PLHE_3,1,0,geometry
11090,S2531985__S2531985_0_BP1A2021,0,1,geometry
11091,S2227608__S22-27608-_-SERIAL_2,1,0,geometry
11092,S2520404__S2520404_0_BP1A2021,0,1,geometry
11093,S19-40063__S19-40063,0,0,geometry
11094,S2511859__S25-11859_0_BP1A2021_150616,0,0,geometry
11095,S2521240__S2521240_0_BP1A2021,1,0,geometry
11096,S2524777__S2524777_0_BP1A2021,0,0,geometry
11097,S2344462__S23-44462-_-BIOPSY,0,0,geometry
11098,S2237601__S22-37601-_-,0,0,geometry
11099,S2128633__S2128633--DEEP,1,0,geometry
11100,S2216630__S2216630--DEEP_1,0,1,geometry
11101,S2516971__S25-16971____155423,0,0,geometry
11102,S2531985__S2531985_0_BP1A2021,0,0,geometry
11103,S18-18746__S18-18746,1,0,geometry
11104,S2424250__S2424250,0,1,geometry
11105,S2237601__S22-37601-_-,0,0,geometry
11106,S2227604__S22-27604-_-BIOPSY,1,1,geometry
11107,S2227608__S22-27608-_-SERIAL_1,1,0,geometry
11108,S2504719__S25-04719-_-DEEP_1,0,1,geometry
11109,S19-19367__S19-19367,1,0,geometry
11110,S2406754__S24-06754-_-SERIAL_1,0,1,geometry
11111,S20-26719__S20-26719,1,1,geometry
11112,S19-19367__S19-19367,1,1,geometry
11113,S2039743__S20-39743-P-PLHE_3,1,0,geometry
11114,S2530985__S2530985_0_BP1A2021,0,0,geometry
11115,S2227604__S22-27604-_-BIOPSY,1,0,geometry
11116,S2434918__S24-34918-_-BIOPSY,1,1,geometry
11117,S2520402__S2520402_0_BP1A2021,0,0,geometry
11118,S2530985__S2530985_0_BP1A2021,0,1,geometry
11119,S2409390__S2409390,0,0,geometry
11120,S2516970__S25-16970____155248,1,0,geometry
11121,S2533022__S2533022_0_BP1A2021,0,1,geometry
11122,S2128633__S2128633--DEEP,1,1,geometry
11123,S17-42935__S17-42935,1,0,geometry
11124,S2434918__S24-34918-_-BIOPSY,1,1,geometry
11125,S18-18746__S18-18746,1,0,geometry
11126,S2352429__S23-52429-_-BIOPSY,0,1,geometry
11127,S2511008__S25-11008_0_BP1A2021_052339,1,0,geometry
11128,S20-26719__S20-26719,1,1,geometry
11129,S2352429__S23-52429-_-RECUT_1,0,1,geometry
11130,S2128633__S2128633--DEEP,1,0,geometry
11131,S2039743__S20-39743-C-PLHE_0,1,1,geometry
11132,S2512685__S2512685_0_,0,0,geometry
11133,S18-18746__S18-18746,1,0,geometry
11134,S2511008__S25-11008_0_BP1A2021_052339,1,1,geometry
11135,S2511008__S25-11008_0_BP1A2021_052339,1,1,geometry
11136,S2511010__S25-11010_0_BP1A2021_052642,1,0,geometry
11137,S2409390__S2409390,0,1,geometry
11138,S2516970__S25-16970____155248,1,1,geometry
11139,S2525436__S2525436_0_BP1A2021,0,1,geometry
11140,S2504719__S25-04719-_-DEEP_1,0,0,geometry
11141,S2039743__S20-39743-C-PLHE_0,1,0,geometry
11142,S2521240__S2521240_0_BP1A2021,1,0,geometry
11143,S2424255__S2424255,0,0,geometry
11144,S2511008__S25-11008_0_BP1A2021_052339,1,1,geometry
11145,S2227608__S22-27608-_-SERIAL_2,1,1,geometry
11146,S2039743__S20-39743-L-PLHE_1,1,1,geometry
11147,S2423618__S24-23618-_-RECUT_2,0,0,geometry
11148,S2520402__S2520402_0_BP1A2021,0,1,geometry
11149,S18-18746__S18-18746,1,0,geometry
11150,S2237601__S22-37601-_-,0,0,geometry
11151,S2521240__S2521240_0_BP1A2021,1,1,geometry
11152,S20-28924__S20-28924,0,1,geometry
11153,S2401283__S24-01283-_-BIOPSY,0,0,geometry
11154,S2227608__S22-27608-_-SERIAL_1,1,1,geometry
11155,S2511009__S25-11009_0_BP1A2021_052542,0,0,geometry
11156,S19-19367__S19-19367,1,1,geometry
11157,S2512685__S2512685_0_,0,1,geometry
11158,S2504719__S25-04719-_-DEEP_1,0,1,geometry
11159,S2039743__S20-39743-C-PLHE_0,1,1,geometry
11160,S2406038__S2406038,0,0,geometry
11161,S2401283__S24-01283-_-BIOPSY,0,0,geometry
11162,S2530981__S2530981_0_BP1A2021,0,1,geometry
11163,S2424255__S2424255,0,0,geometry
11164,S2352429__S23-52429-_-RECUT_1,0,0,geometry
11165,S2352429__S23-52429-_-RECUT_1,0,1,geometry
11166,S2039743__S20-39743-C-PLHE_0,1,1,geometry
11167,S2511010__S25-11010_0_BP1A2021_052642,1,0,geometry
11168,S2511008__S25-11008_0_BP1A2021_052339,1,1,geometry
11169,S2039743__S20-39743-P-PLHE_3,1,0,geometry
11170,S2352429__S23-52429-_-RECUT_1,0,1,geometry
11171,S2128633__S2128633--DEEP,1,1,geometry
11172,S2511008__S25-11008_0_BP1A2021_052339,1,1,geometry
11173,S2524777__S2524777_0_BP1A2021,0,0,geometry
11174,S18-18746__S18-18746,1,0,geometry
11175,S2229537__S22-29537-_-SERIAL_1,1,1,geometry
11176,S2434918__S24-34918-_-BIOPSY,1,1,geometry
11177,S2516970__S25-16970____155248,1,0,geometry
11178,S2528218__S2528218_0_BP1A2021,0,1,geometry
11179,S2434918__S24-34918-_-BIOPSY,1,1,geometry
11180,S2227608__S22-27608-_-SERIAL_2,1,1,geometry
11181,S2513847__S25-13847_0_BP1A2021_131603,0,1,geometry
11182,S2516971__S25-16971____155423,0,1,geometry
11183,S2511008__S25-11008_0_BP1A2021_052339,1,0,geometry
11184,S2039743__S20-39743-P-PLHE_3,1,1,geometry
11185,S2229537__S22-29537-_-SERIAL_1,1,0,geometry
11186,S2434918__S24-34918-_-BIOPSY,1,1,geometry
11187,S2530063__S2530063_0_BP1A2021,0,0,geometry
11188,S2511009__S25-11009_0_BP1A2021_052542,0,0,geometry
11189,S2512685__S2512685_0_,0,0,geometry
11190,S2515598__S25-15598_0__144202,0,1,geometry
11191,S2530985__S2530985_0_BP1A2021,0,1,geometry
11192,S2513847__S25-13847_0_BP1A2021_131603,0,0,geometry
11193,S2521240__S2521240_0_BP1A2021,1,1,geometry
11194,S2227604__S22-27604-_-BIOPSY,1,0,geometry
11195,S2524777__S2524777_0_BP1A2021,0,1,geometry
11196,S2436457__S2436457_BP1B11_C_15540_2,0,1,geometry
11197,S2352429__S23-52429-_-BIOPSY,0,0,geometry
11198,S2039743__S20-39743-L-PLHE_1,1,1,geometry
11199,S2401283__S24-01283-_-BIOPSY,0,0,geometry
