draw_index,slide_id,label,view,policy
0,S2524760__S2524760_0_BP1A2021,0,0,original
1,S2504719__S25-04719-_-DEEP_1,0,0,original
2,S2039743__S20-39743-L-PLHE_1,1,0,original
3,S2039743__S20-39743-P-PLHE_3,1,0,original
4,S19-40316__S19-40316,1,0,original
5,S2406753__S24-06753-_-SERIAL_2,0,0,original
6,S2235518__S22-35518-_-BIOPSY,0,0,original
7,S17-42935__S17-42935,1,0,original
8,S2522980__S2522980_0_BP1A2021,0,0,original
9,S2406753__S24-06753-_-SERIAL_2,0,0,original
10,S2039743__S20-39743-L-PLHE_1,1,0,original
11,S2415689__S24-15689-_-BIOPSY,1,0,original
12,S19-40063__S19-40063,0,0,original
13,S2513847__S25-13847_0_BP1A2021_131603,0,0,original
14,S2352429__S23-52429-_-BIOPSY,0,0,original
15,S2039743__S20-39743-P-PLHE_3,1,0,original
16,S2128633__S2128633--DEEP,1,0,original
17,S2515598__S25-15598_0__144202,0,0,original
18,S19-40316__S19-40316,1,0,original
19,S2409390__S2409390,0,0,original
20,S2527323__S2527323_0_BP1A2021,0,0,original
21,S2409392__S2409392,0,0,original
22,S2128633__S2128633--DEEP,1,0,original
23,S2530063__S2530063_0_BP1A2021,0,0,original
24,S2511008__S25-11008_0_BP1A2021_052339,1,0,original
25,S2346179__S23-46179-_-BIOPSY,1,0,original
26,S2425843__S24-25843-_-BIOPSY,0,0,original
27,S2423618__S24-23618-_-RECUT_2,0,0,original
28,S2531989__S2531989_0_BP1A2021,0,0,original
29,S2237603__S22-37603-_-_1,0,0,original
30,S2247860__S22-47860-_-DEEP_1,1,0,original
31,S2039743__S20-39743-L-PLHE_1,1,0,original
32,S2409392__S2409392,0,0,original
33,S2346179__S23-46179-_-BIOPSY,1,0,original
34,S2039743__S20-39743-C-PLHE_0,1,0,original
35,S2533022__S2533022_0_BP1A2021,0,0,original
36,S2415689__S24-15689-_-BIOPSY,1,0,original
37,S2427695__S24-27695-_-BIOPSY,0,0,original
38,S2522994__S2522994_0_BP1A2021,0,0,original
39,S2504719__S25-04719-_-DEEP_1,0,0,original
40,S2504719__S25-04719-_-DEEP_1,0,0,original
41,S2134277__S2134277,1,0,original
42,S2530063__S2530063_0_BP1A2021,0,0,original
43,S2425843__S24-25843-_-BIOPSY,0,0,original
44,S2526362__S2526362_0_BP1A2021,0,0,original
45,S2427695__S24-27695-_-BIOPSY,0,0,original
46,S2247860__S22-47860-_-DEEP_1,1,0,original
47,S2524760__S2524760_0_BP1A2021,0,0,original
48,S2326329__S23-26329-_-BIOPSY,0,0,original
49,S2247860__S22-47860-_-DEEP_1,1,0,original
50,S2535840__S2535840_0_BP1A2021,0,0,original
51,S2521240__S2521240_0_BP1A2021,1,0,original
52,S2406753__S24-06753-_-SERIAL_2,0,0,original
53,S2529112__S2529112_0_BP1A2021,0,0,original
54,S2039743__S20-39743-C-PLHE_0,1,0,original
55,S2039743__S20-39743-L-PLHE_1,1,0,original
56,S2409392__S2409392,0,0,original
57,S2326329__S23-26329-_-BIOPSY,0,0,original
58,S2513846__S25-13846_0_BP1A2021_161650,0,0,original
59,S2511008__S25-11008_0_BP1A2021_052339,1,0,original
60,S2521240__S2521240_0_BP1A2021,1,0,original
61,S19-19367__S19-19367,1,0,original
62,S2513848__S25-13848_0_BP1A2021_131436,0,0,original
63,S19-40316__S19-40316,1,0,original
64,S2530991__S2530991_0_BP1A2021,0,0,original
65,S2511008__S25-11008_0_BP1A2021_052339,1,0,original
66,S2406753__S24-06753-_-SERIAL_2,0,0,original
67,S2039743__S20-39743-L-PLHE_1,1,0,original
68,S19-19367__S19-19367,1,0,original
69,S2237603__S22-37603-_-_1,0,0,original
70,S2409392__S2409392,0,0,original
71,S19-19367__S19-19367,1,0,original
72,S2533022__S2533022_0_BP1A2021,0,0,original
73,S2526362__S2526362_0_BP1A2021,0,0,original
74,S2425843__S24-25843-_-BIOPSY,0,0,original
75,S2352429__S23-52429-_-BIOPSY,0,0,original
76,S19-19367__S19-19367,1,0,original
77,S2427695__S24-27695-_-BIOPSY,0,0,original
78,S2530991__S2530991_0_BP1A2021,0,0,original
79,S2513848__S25-13848_0_BP1A2021_131436,0,0,original
80,S2513846__S25-13846_0_BP1A2021_161650,0,0,original
81,S2513846__S25-13846_0_BP1A2021_161650,0,0,original
82,S2406753__S24-06753-_-SERIAL_2,0,0,original
83,S2415689__S24-15689-_-BIOPSY,1,0,original
84,S2522994__S2522994_0_BP1A2021,0,0,original
85,S19-40316__S19-40316,1,0,original
86,S19-40316__S19-40316,1,0,original
87,S2427695__S24-27695-_-BIOPSY,0,0,original
88,S2346179__S23-46179-_-BIOPSY,1,0,original
89,S2527323__S2527323_0_BP1A2021,0,0,original
90,S2409392__S2409392,0,0,original
91,S2521240__S2521240_0_BP1A2021,1,0,original
92,S2352429__S23-52429-_-BIOPSY,0,0,original
93,S2346179__S23-46179-_-BIOPSY,1,0,original
94,S2424250__S2424250,0,0,original
95,S2128633__S2128633--DEEP,1,0,original
96,S2535840__S2535840_0_BP1A2021,0,0,original
97,S2352429__S23-52429-_-RECUT_1,0,0,original
98,S2352429__S23-52429-_-RECUT_1,0,0,original
99,S2235518__S22-35518-_-BIOPSY,0,0,original
100,S2352429__S23-52429-_-BIOPSY,0,0,original
101,S2425843__S24-25843-_-BIOPSY,0,0,original
102,S2039743__S20-39743-L-PLHE_1,1,0,original
103,S2039743__S20-39743-L-PLHE_1,1,0,original
104,S2134277__S2134277,1,0,original
105,S2515598__S25-15598_0__144202,0,0,original
106,S2427695__S24-27695-_-BIOPSY,0,0,original
107,S19-40316__S19-40316,1,0,original
108,S2511008__S25-11008_0_BP1A2021_052339,1,0,original
109,S2522980__S2522980_0_BP1A2021,0,0,original
110,S2423618__S24-23618-_-RECUT_2,0,0,original
111,S2522980__S2522980_0_BP1A2021,0,0,original
112,S2511008__S25-11008_0_BP1A2021_052339,1,0,original
113,S19-40063__S19-40063,0,0,original
114,S2511859__S25-11859_0_BP1A2021_150616,0,0,original
115,S2039743__S20-39743-C-PLHE_0,1,0,original
116,S2415689__S24-15689-_-BIOPSY,1,0,original
117,S2427695__S24-27695-_-BIOPSY,0,0,original
118,S2434918__S24-34918-_-BIOPSY,1,0,original
119,S2409390__S2409390,0,0,original
120,S2237603__S22-37603-_-_1,0,0,original
121,S2352429__S23-52429-_-BIOPSY,0,0,original
122,S19-19367__S19-19367,1,0,original
123,S17-42935__S17-42935,1,0,original
124,S2511859__S25-11859_0_BP1A2021_150616,0,0,original
125,S2326329__S23-26329-_-BIOPSY,0,0,original
126,S2128633__S2128633--DEEP,1,0,original
127,S2522994__S2522994_0_BP1A2021,0,0,original
128,S16-17719__S16-17719,1,0,original
129,S19-40316__S19-40316,1,0,original
130,S2524760__S2524760_0_BP1A2021,0,0,original
131,S18-18746__S18-18746,1,0,original
132,S2531989__S2531989_0_BP1A2021,0,0,original
133,S2511008__S25-11008_0_BP1A2021_052339,1,0,original
134,S2406753__S24-06753-_-DEEP_1,0,0,original
135,S16-17719__S16-17719,1,0,original
136,S2513846__S25-13846_0_BP1A2021_161650,0,0,original
137,S19-40316__S19-40316,1,0,original
138,S2530063__S2530063_0_BP1A2021,0,0,original
139,S2434918__S24-34918-_-BIOPSY,1,0,original
140,S2526362__S2526362_0_BP1A2021,0,0,original
141,S2533022__S2533022_0_BP1A2021,0,0,original
142,S17-42935__S17-42935,1,0,original
143,S2039743__S20-39743-C-PLHE_0,1,0,original
144,S17-42935__S17-42935,1,0,original
145,S2128633__S2128633--DEEP,1,0,original
146,S2409390__S2409390,0,0,original
147,S2346179__S23-46179-_-BIOPSY,1,0,original
148,S2415689__S24-15689-_-BIOPSY,1,0,original
149,S2423618__S24-23618-_-RECUT_2,0,0,original
150,S2521240__S2521240_0_BP1A2021,1,0,original
151,S2530991__S2530991_0_BP1A2021,0,0,original
152,S2326329__S23-26329-_-BIOPSY,0,0,original
153,S2530063__S2530063_0_BP1A2021,0,0,original
154,S2415689__S24-15689-_-BIOPSY,1,0,original
155,S2530049__S2530049_0_BP1A2021,0,0,original
156,S2326329__S23-26329-_-BIOPSY,0,0,original
157,S2128633__S2128633--DEEP,1,0,original
158,S2511859__S25-11859_0_BP1A2021_150616,0,0,original
159,S19-19367__S19-19367,1,0,original
160,S2511006__S25-11006_0_BP1A2021_052242,0,0,original
161,S19-19367__S19-19367,1,0,original
162,S2128633__S2128633--DEEP,1,0,original
163,S2434918__S24-34918-_-BIOPSY,1,0,original
164,S2409390__S2409390,0,0,original
165,S2346179__S23-46179-_-BIOPSY,1,0,original
166,S2039743__S20-39743-L-PLHE_1,1,0,original
167,S2427695__S2427695_BP1B27_C_14045_3,0,0,original
168,S2235518__S22-35518-_-BIOPSY,0,0,original
169,S2039743__S20-39743-L-PLHE_1,1,0,original
170,S2434918__S24-34918-_-BIOPSY,1,0,original
171,S2530063__S2530063_0_BP1A2021,0,0,original
172,S2530991__S2530991_0_BP1A2021,0,0,original
173,S2247860__S22-47860-_-DEEP_1,1,0,original
174,S2533022__S2533022_0_BP1A2021,0,0,original
175,S2352429__S23-52429-_-BIOPSY,0,0,original
176,S19-40316__S19-40316,1,0,original
177,S2326329__S23-26329-_-BIOPSY,0,0,original
178,S2134277__S2134277,1,0,original
179,S19-40316__S19-40316,1,0,original
180,S2521240__S2521240_0_BP1A2021,1,0,original
181,S2346179__S23-46179-_-BIOPSY,1,0,original
182,S2434918__S24-34918-_-BIOPSY,1,0,original
183,S2526362__S2526362_0_BP1A2021,0,0,original
184,S18-18746__S18-18746,1,0,original
185,S17-42935__S17-42935,1,0,original
186,S2530063__S2530063_0_BP1A2021,0,0,original
187,S2039743__S20-39743-C-PLHE_0,1,0,original
188,S2513847__S25-13847_0_BP1A2021_131603,0,0,original
189,S2039743__S20-39743-C-PLHE_0,1,0,original
190,S2522980__S2522980_0_BP1A2021,0,0,original
191,S2513847__S25-13847_0_BP1A2021_131603,0,0,original
192,S18-18746__S18-18746,1,0,original
193,S2039743__S20-39743-L-PLHE_1,1,0,original
194,S2039743__S20-39743-L-PLHE_1,1,0,original
195,S2529112__S2529112_0_BP1A2021,0,0,original
196,S2511008__S25-11008_0_BP1A2021_052339,1,0,original
197,S2415689__S24-15689-_-BIOPSY,1,0,original
198,S2511008__S25-11008_0_BP1A2021_052339,1,0,original
199,S19-40316__S19-40316,1,0,original
200,S18-18746__S18-18746,1,0,original
201,S18-18746__S18-18746,1,0,original
202,S2511859__S25-11859_0_BP1A2021_150616,0,0,original
203,S2530991__S2530991_0_BP1A2021,0,0,original
204,S2352429__S23-52429-_-RECUT_1,0,0,original
205,S2346179__S23-46179-_-BIOPSY,1,0,original
206,S2515598__S25-15598_0__144202,0,0,original
207,S19-19367__S19-19367,1,0,original
208,S2247860__S22-47860-_-DEEP_1,1,0,original
209,S19-19367__S19-19367,1,0,original
210,S2039743__S20-39743-C-PLHE_0,1,0,original
211,S2530063__S2530063_0_BP1A2021,0,0,original
212,S19-19367__S19-19367,1,0,original
213,S2352429__S23-52429-_-BIOPSY,0,0,original
214,S2415689__S24-15689-_-BIOPSY,1,0,original
215,S2530991__S2530991_0_BP1A2021,0,0,original
216,S2427695__S2427695_BP1B27_C_14045_3,0,0,original
217,S19-19367__S19-19367,1,0,original
218,S19-19367__S19-19367,1,0,original
219,S2415689__S24-15689-_-BIOPSY,1,0,original
220,S2406753__S24-06753-_-DEEP_1,0,0,original
221,S2530991__S2530991_0_BP1A2021,0,0,original
222,S2346179__S23-46179-_-BIOPSY,1,0,original
223,S2415689__S24-15689-_-BIOPSY,1,0,original
224,S2039743__S20-39743-L-PLHE_1,1,0,original
225,S2530991__S2530991_0_BP1A2021,0,0,original
226,S2527323__S2527323_0_BP1A2021,0,0,original
227,S16-17719__S16-17719,1,0,original
228,S2531989__S2531989_0_BP1A2021,0,0,original
229,S2434918__S24-34918-_-BIOPSY,1,0,original
230,S2511008__S25-11008_0_BP1A2021_052339,1,0,original
231,S2128633__S2128633--DEEP,1,0,original
232,S2039743__S20-39743-P-PLHE_3,1,0,original
233,S2039743__S20-39743-C-PLHE_0,1,0,original
234,S2521240__S2521240_0_BP1A2021,1,0,original
235,S2530049__S2530049_0_BP1A2021,0,0,original
236,S2530991__S2530991_0_BP1A2021,0,0,original
237,S2511859__S25-11859_0_BP1A2021_150616,0,0,original
238,S2511008__S25-11008_0_BP1A2021_052339,1,0,original
239,S2527323__S2527323_0_BP1A2021,0,0,original
240,S2406038__S2406038,0,0,original
241,S2409392__S2409392,0,0,original
242,S17-42935__S17-42935,1,0,original
243,S2424259__S2424259,0,0,original
244,S2521239__S2521239_0_BP1A2021,0,0,original
245,S2128633__S2128633--DEEP,1,0,original
246,S2352429__S23-52429-_-BIOPSY,0,0,original
247,S2039743__S20-39743-L-PLHE_1,1,0,original
248,S2530063__S2530063_0_BP1A2021,0,0,original
249,S2434918__S24-34918-_-BIOPSY,1,0,original
250,S2511008__S25-11008_0_BP1A2021_052339,1,0,original
251,S2247860__S22-47860-_-DEEP_1,1,0,original
252,S2039743__S20-39743-L-PLHE_1,1,0,original
253,S2513847__S25-13847_0_BP1A2021_131603,0,0,original
254,S2531989__S2531989_0_BP1A2021,0,0,original
255,S2424258__S2424258,0,0,original
256,S2128633__S2128633--DEEP,1,0,original
257,S2533022__S2533022_0_BP1A2021,0,0,original
258,S2424259__S2424259,0,0,original
259,S19-40316__S19-40316,1,0,original
260,S2522994__S2522994_0_BP1A2021,0,0,original
261,S2039743__S20-39743-P-PLHE_3,1,0,original
262,S2511008__S25-11008_0_BP1A2021_052339,1,0,original
263,S2511006__S25-11006_0_BP1A2021_052242,0,0,original
264,S2434918__S24-34918-_-BIOPSY,1,0,original
265,S18-18746__S18-18746,1,0,original
266,S2326329__S23-26329-_-BIOPSY,0,0,original
267,S2039743__S20-39743-C-PLHE_0,1,0,original
268,S17-42935__S17-42935,1,0,original
269,S2530063__S2530063_0_BP1A2021,0,0,original
270,S2424259__S2424259,0,0,original
271,S2434918__S24-34918-_-BIOPSY,1,0,original
272,S2511006__S25-11006_0_BP1A2021_052242,0,0,original
273,S2039743__S20-39743-C-PLHE_0,1,0,original
274,S2415689__S24-15689-_-BIOPSY,1,0,original
275,S2235518__S22-35518-_-BIOPSY,0,0,original
276,S2039743__S20-39743-C-PLHE_0,1,0,original
277,S2531989__S2531989_0_BP1A2021,0,0,original
278,S2515598__S25-15598_0__144202,0,0,original
279,S2128633__S2128633--DEEP,1,0,original
280,S2530991__S2530991_0_BP1A2021,0,0,original
281,S19-19367__S19-19367,1,0,original
282,S16-17719__S16-17719,1,0,original
283,S2427695__S2427695_BP1B27_C_14045_3,0,0,original
284,S2415689__S24-15689-_-BIOPSY,1,0,original
285,S2425843__S24-25843-_-BIOPSY,0,0,original
286,S2511006__S25-11006_0_BP1A2021_052242,0,0,original
287,S2415689__S24-15689-_-BIOPSY,1,0,original
288,S2513847__S25-13847_0_BP1A2021_131603,0,0,original
289,S2513848__S25-13848_0_BP1A2021_131436,0,0,original
290,S2247860__S22-47860-_-DEEP_1,1,0,original
291,S2134277__S2134277,1,0,original
292,S2237603__S22-37603-_-_1,0,0,original
293,S2423618__S24-23618-_-RECUT_2,0,0,original
294,S2039743__S20-39743-C-PLHE_0,1,0,original
295,S2247860__S22-47860-_-DEEP_1,1,0,original
296,S2513847__S25-13847_0_BP1A2021_131603,0,0,original
297,S2515598__S25-15598_0__144202,0,0,original
298,S2527323__S2527323_0_BP1A2021,0,0,original
299,S16-17719__S16-17719,1,0,original
300,S2511008__S25-11008_0_BP1A2021_052339,1,0,original
301,S2039743__S20-39743-P-PLHE_3,1,0,original
302,S2406038__S2406038,0,0,original
303,S2039743__S20-39743-L-PLHE_1,1,0,original
304,S2524760__S2524760_0_BP1A2021,0,0,original
305,S2511008__S25-11008_0_BP1A2021_052339,1,0,original
306,S2513848__S25-13848_0_BP1A2021_131436,0,0,original
307,S2511008__S25-11008_0_BP1A2021_052339,1,0,original
308,S2039743__S20-39743-L-PLHE_1,1,0,original
309,S2415689__S24-15689-_-BIOPSY,1,0,original
310,S2424259__S2424259,0,0,original
311,S2529112__S2529112_0_BP1A2021,0,0,original
312,S2427695__S2427695_BP1B27_C_14045_3,0,0,original
313,S2427695__S2427695_BP1B27_C_14045_3,0,0,original
314,S2522994__S2522994_0_BP1A2021,0,0,original
315,S2039743__S20-39743-L-PLHE_1,1,0,original
316,S17-42935__S17-42935,1,0,original
317,S2530049__S2530049_0_BP1A2021,0,0,original
318,S2511859__S25-11859_0_BP1A2021_150616,0,0,original
319,S2513848__S25-13848_0_BP1A2021_131436,0,0,original
320,S19-40316__S19-40316,1,0,original
321,S2352429__S23-52429-_-BIOPSY,0,0,original
322,S2247860__S22-47860-_-DEEP_1,1,0,original
323,S2513846__S25-13846_0_BP1A2021_161650,0,0,original
324,S2535840__S2535840_0_BP1A2021,0,0,original
325,S2039743__S20-39743-L-PLHE_1,1,0,original
326,S16-17719__S16-17719,1,0,original
327,S2434918__S24-34918-_-BIOPSY,1,0,original
328,S18-18746__S18-18746,1,0,original
329,S2524760__S2524760_0_BP1A2021,0,0,original
330,S2352429__S23-52429-_-RECUT_1,0,0,original
331,S16-17719__S16-17719,1,0,original
332,S2424259__S2424259,0,0,original
333,S2524760__S2524760_0_BP1A2021,0,0,original
334,S2427695__S2427695_BP1B27_C_14045_3,0,0,original
335,S2235518__S22-35518-_-BIOPSY,0,0,original
336,S2352429__S23-52429-_-RECUT_1,0,0,original
337,S2247860__S22-47860-_-DEEP_1,1,0,original
338,S2128633__S2128633--DEEP,1,0,original
339,S2522994__S2522994_0_BP1A2021,0,0,original
340,S2511859__S25-11859_0_BP1A2021_150616,0,0,original
341,S2134277__S2134277,1,0,original
342,S2423618__S24-23618-_-RECUT_2,0,0,original
343,S2406753__S24-06753-_-SERIAL_2,0,0,original
344,S2531989__S2531989_0_BP1A2021,0,0,original
345,S19-40316__S19-40316,1,0,original
346,S2521239__S2521239_0_BP1A2021,0,0,original
347,S2511006__S25-11006_0_BP1A2021_052242,0,0,original
348,S2521240__S2521240_0_BP1A2021,1,0,original
349,S2415689__S24-15689-_-BIOPSY,1,0,original
350,S2513847__S25-13847_0_BP1A2021_131603,0,0,original
351,S19-19367__S19-19367,1,0,original
352,S2425843__S24-25843-_-BIOPSY,0,0,original
353,S2424258__S2424258,0,0,original
354,S18-18746__S18-18746,1,0,original
355,S2527323__S2527323_0_BP1A2021,0,0,original
356,S2522994__S2522994_0_BP1A2021,0,0,original
357,S17-42935__S17-42935,1,0,original
358,S2521240__S2521240_0_BP1A2021,1,0,original
359,S2346179__S23-46179-_-BIOPSY,1,0,original
360,S2529112__S2529112_0_BP1A2021,0,0,original
361,S2522980__S2522980_0_BP1A2021,0,0,original
362,S16-17719__S16-17719,1,0,original
363,S2522994__S2522994_0_BP1A2021,0,0,original
364,S2247860__S22-47860-_-DEEP_1,1,0,original
365,S2524760__S2524760_0_BP1A2021,0,0,original
366,S19-19367__S19-19367,1,0,original
367,S19-40063__S19-40063,0,0,original
368,S2434918__S24-34918-_-BIOPSY,1,0,original
369,S2235518__S22-35518-_-BIOPSY,0,0,original
370,S2527323__S2527323_0_BP1A2021,0,0,original
371,S2434918__S24-34918-_-BIOPSY,1,0,original
372,S2513848__S25-13848_0_BP1A2021_131436,0,0,original
373,S2346179__S23-46179-_-BIOPSY,1,0,original
374,S2415689__S24-15689-_-BIOPSY,1,0,original
375,S19-40316__S19-40316,1,0,original
376,S2522994__S2522994_0_BP1A2021,0,0,original
377,S2513846__S25-13846_0_BP1A2021_131523,0,0,original
378,S18-18746__S18-18746,1,0,original
379,S2530049__S2530049_0_BP1A2021,0,0,original
380,S2039743__S20-39743-C-PLHE_0,1,0,original
381,S2521239__S2521239_0_BP1A2021,0,0,original
382,S2326329__S23-26329-_-BIOPSY,0,0,original
383,S19-40316__S19-40316,1,0,original
384,S2134277__S2134277,1,0,original
385,S2415689__S24-15689-_-BIOPSY,1,0,original
386,S2511008__S25-11008_0_BP1A2021_052339,1,0,original
387,S2134277__S2134277,1,0,original
388,S19-19367__S19-19367,1,0,original
389,S2039743__S20-39743-P-PLHE_3,1,0,original
390,S19-19367__S19-19367,1,0,original
391,S2511006__S25-11006_0_BP1A2021_052242,0,0,original
392,S2128633__S2128633--DEEP,1,0,original
393,S2346179__S23-46179-_-BIOPSY,1,0,original
394,S2530063__S2530063_0_BP1A2021,0,0,original
395,S2533022__S2533022_0_BP1A2021,0,0,original
396,S2237603__S22-37603-_-_1,0,0,original
397,S2504719__S25-04719-_-DEEP_1,0,0,original
398,S2409392__S2409392,0,0,original
399,S2247860__S22-47860-_-DEEP_1,1,0,original
400,S2535840__S2535840_0_BP1A2021,0,0,original
401,S2409392__S2409392,0,0,original
402,S17-42935__S17-42935,1,0,original
403,S2513846__S25-13846_0_BP1A2021_161650,0,0,original
404,S2346179__S23-46179-_-BIOPSY,1,0,original
405,S2237603__S22-37603-_-_1,0,0,original
406,S2425843__S24-25843-_-BIOPSY,0,0,original
407,S2235518__S22-35518-_-BIOPSY,0,0,original
408,S2346179__S23-46179-_-BIOPSY,1,0,original
409,S2134277__S2134277,1,0,original
410,S2513846__S25-13846_0_BP1A2021_161650,0,0,original
411,S2513846__S25-13846_0_BP1A2021_161650,0,0,original
412,S2415689__S24-15689-_-BIOPSY,1,0,original
413,S2237603__S22-37603-_-_1,0,0,original
414,S19-40316__S19-40316,1,0,original
415,S17-42935__S17-42935,1,0,original
416,S2409392__S2409392,0,0,original
417,S2039743__S20-39743-L-PLHE_1,1,0,original
418,S2346179__S23-46179-_-BIOPSY,1,0,original
419,S2409390__S2409390,0,0,original
420,S2346179__S23-46179-_-BIOPSY,1,0,original
421,S2423618__S24-23618-_-RECUT_2,0,0,original
422,S2425843__S24-25843-_-BIOPSY,0,0,original
423,S2511859__S25-11859_0_BP1A2021_150616,0,0,original
424,S2425843__S24-25843-_-BIOPSY,0,0,original
425,S2530063__S2530063_0_BP1A2021,0,0,original
426,S2424250__S2424250,0,0,original
427,S2522980__S2522980_0_BP1A2021,0,0,original
428,S2521240__S2521240_0_BP1A2021,1,0,original
429,S2406753__S24-06753-_-SERIAL_2,0,0,original
430,S2530049__S2530049_0_BP1A2021,0,0,original
431,S2513848__S25-13848_0_BP1A2021_131436,0,0,original
432,S2424259__S2424259,0,0,original
433,S2346179__S23-46179-_-BIOPSY,1,0,original
434,S2530991__S2530991_0_BP1A2021,0,0,original
435,S2039743__S20-39743-C-PLHE_0,1,0,original
436,S2521240__S2521240_0_BP1A2021,1,0,original
437,S2039743__S20-39743-P-PLHE_3,1,0,original
438,S2513848__S25-13848_0_BP1A2021_131436,0,0,original
439,S16-17719__S16-17719,1,0,original
440,S2134277__S2134277,1,0,original
441,S2346179__S23-46179-_-BIOPSY,1,0,original
442,S2039743__S20-39743-L-PLHE_1,1,0,original
443,S2326329__S23-26329-_-BIOPSY,0,0,original
444,S2247860__S22-47860-_-DEEP_1,1,0,original
445,S2128633__S2128633--DEEP,1,0,original
446,S2526362__S2526362_0_BP1A2021,0,0,original
447,S2039743__S20-39743-C-PLHE_0,1,0,original
448,S2406753__S24-06753-_-SERIAL_2,0,0,original
449,S2039743__S20-39743-L-PLHE_1,1,0,original
450,S2434918__S24-34918-_-BIOPSY,1,0,original
451,S2530049__S2530049_0_BP1A2021,0,0,original
452,S2346179__S23-46179-_-BIOPSY,1,0,original
453,S16-17719__S16-17719,1,0,original
454,S2527323__S2527323_0_BP1A2021,0,0,original
455,S2415689__S24-15689-_-BIOPSY,1,0,original
456,S2434918__S24-34918-_-BIOPSY,1,0,original
457,S2427695__S24-27695-_-BIOPSY,0,0,original
458,S2513848__S25-13848_0_BP1A2021_131436,0,0,original
459,S2406038__S2406038,0,0,original
460,S2346179__S23-46179-_-BIOPSY,1,0,original
461,S2521239__S2521239_0_BP1A2021,0,0,original
462,S2134277__S2134277,1,0,original
463,S2515598__S25-15598_0__144202,0,0,original
464,S2513846__S25-13846_0_BP1A2021_161650,0,0,original
465,S2346179__S23-46179-_-BIOPSY,1,0,original
466,S2427695__S2427695_BP1B27_C_14045_3,0,0,original
467,S19-40316__S19-40316,1,0,original
468,S2415689__S24-15689-_-BIOPSY,1,0,original
469,S2415689__S24-15689-_-BIOPSY,1,0,original
470,S2531989__S2531989_0_BP1A2021,0,0,original
471,S2513846__S25-13846_0_BP1A2021_161650,0,0,original
472,S2039743__S20-39743-P-PLHE_3,1,0,original
473,S2352429__S23-52429-_-RECUT_1,0,0,original
474,S2521239__S2521239_0_BP1A2021,0,0,original
475,S2511008__S25-11008_0_BP1A2021_052339,1,0,original
476,S19-40063__S19-40063,0,0,original
477,S2406753__S24-06753-_-DEEP_1,0,0,original
478,S2039743__S20-39743-C-PLHE_0,1,0,original
479,S2039743__S20-39743-C-PLHE_0,1,0,original
480,S2526362__S2526362_0_BP1A2021,0,0,original
481,S16-17719__S16-17719,1,0,original
482,S2511006__S25-11006_0_BP1A2021_052242,0,0,original
483,S18-18746__S18-18746,1,0,original
484,S2529112__S2529112_0_BP1A2021,0,0,original
485,S2521239__S2521239_0_BP1A2021,0,0,original
486,S2235518__S22-35518-_-BIOPSY,0,0,original
487,S19-19367__S19-19367,1,0,original
488,S2513846__S25-13846_0_BP1A2021_161650,0,0,original
489,S17-42935__S17-42935,1,0,original
490,S2039743__S20-39743-L-PLHE_1,1,0,original
491,S2530063__S2530063_0_BP1A2021,0,0,original
492,S2527323__S2527323_0_BP1A2021,0,0,original
493,S2352429__S23-52429-_-BIOPSY,0,0,original
494,S2039743__S20-39743-C-PLHE_0,1,0,original
495,S2039743__S20-39743-L-PLHE_1,1,0,original
496,S2504719__S25-04719-_-DEEP_1,0,0,original
497,S2515598__S25-15598_0__144202,0,0,original
498,S2346179__S23-46179-_-BIOPSY,1,0,original
499,S2521240__S2521240_0_BP1A2021,1,0,original
500,S2128633__S2128633--DEEP,1,0,original
501,S2504719__S25-04719-_-DEEP_1,0,0,original
502,S19-40316__S19-40316,1,0,original
503,S2424258__S2424258,0,0,original
504,S2530991__S2530991_0_BP1A2021,0,0,original
505,S2406038__S2406038,0,0,original
506,S18-18746__S18-18746,1,0,original
507,S2524760__S2524760_0_BP1A2021,0,0,original
508,S2424258__S2424258,0,0,original
509,S16-17719__S16-17719,1,0,original
510,S2039743__S20-39743-L-PLHE_1,1,0,original
511,S17-42935__S17-42935,1,0,original
512,S2535840__S2535840_0_BP1A2021,0,0,original
513,S2513848__S25-13848_0_BP1A2021_131436,0,0,original
514,S2128633__S2128633--DEEP,1,0,original
515,S18-18746__S18-18746,1,0,original
516,S2434918__S24-34918-_-BIOPSY,1,0,original
517,S2352429__S23-52429-_-BIOPSY,0,0,original
518,S2535840__S2535840_0_BP1A2021,0,0,original
519,S2530049__S2530049_0_BP1A2021,0,0,original
520,S2237603__S22-37603-_-_1,0,0,original
521,S2533022__S2533022_0_BP1A2021,0,0,original
522,S2511008__S25-11008_0_BP1A2021_052339,1,0,original
523,S17-42935__S17-42935,1,0,original
524,S2427695__S2427695_BP1B27_C_14045_3,0,0,original
525,S2521239__S2521239_0_BP1A2021,0,0,original
526,S17-42935__S17-42935,1,0,original
527,S2247860__S22-47860-_-DEEP_1,1,0,original
528,S2530063__S2530063_0_BP1A2021,0,0,original
529,S2423618__S24-23618-_-RECUT_2,0,0,original
530,S2530991__S2530991_0_BP1A2021,0,0,original
531,S2424258__S2424258,0,0,original
532,S2521239__S2521239_0_BP1A2021,0,0,original
533,S2511008__S25-11008_0_BP1A2021_052339,1,0,original
534,S16-17719__S16-17719,1,0,original
535,S17-42935__S17-42935,1,0,original
536,S2521240__S2521240_0_BP1A2021,1,0,original
537,S19-40316__S19-40316,1,0,original
538,S2524760__S2524760_0_BP1A2021,0,0,original
539,S2511859__S25-11859_0_BP1A2021_150616,0,0,original
540,S2427695__S24-27695-_-BIOPSY,0,0,original
541,S2434918__S24-34918-_-BIOPSY,1,0,original
542,S2406753__S24-06753-_-DEEP_1,0,0,original
543,S2039743__S20-39743-C-PLHE_0,1,0,original
544,S2513846__S25-13846_0_BP1A2021_161650,0,0,original
545,S2409390__S2409390,0,0,original
546,S2424250__S2424250,0,0,original
547,S2039743__S20-39743-P-PLHE_3,1,0,original
548,S2352429__S23-52429-_-RECUT_1,0,0,original
549,S2425843__S24-25843-_-BIOPSY,0,0,original
550,S2039743__S20-39743-C-PLHE_0,1,0,original
551,S2434918__S24-34918-_-BIOPSY,1,0,original
552,S2346179__S23-46179-_-BIOPSY,1,0,original
553,S2409392__S2409392,0,0,original
554,S2415689__S24-15689-_-BIOPSY,1,0,original
555,S2513847__S25-13847_0_BP1A2021_131603,0,0,original
556,S2504719__S25-04719-_-DEEP_1,0,0,original
557,S2531989__S2531989_0_BP1A2021,0,0,original
558,S2039743__S20-39743-L-PLHE_1,1,0,original
559,S2247860__S22-47860-_-DEEP_1,1,0,original
560,S2346179__S23-46179-_-BIOPSY,1,0,original
561,S2530991__S2530991_0_BP1A2021,0,0,original
562,S19-40316__S19-40316,1,0,original
563,S2524760__S2524760_0_BP1A2021,0,0,original
564,S2039743__S20-39743-C-PLHE_0,1,0,original
565,S2530991__S2530991_0_BP1A2021,0,0,original
566,S2427695__S24-27695-_-BIOPSY,0,0,original
567,S2415689__S24-15689-_-BIOPSY,1,0,original
568,S2513848__S25-13848_0_BP1A2021_131436,0,0,original
569,S2530063__S2530063_0_BP1A2021,0,0,original
570,S2039743__S20-39743-C-PLHE_0,1,0,original
571,S2533022__S2533022_0_BP1A2021,0,0,original
572,S2434918__S24-34918-_-BIOPSY,1,0,original
573,S2039743__S20-39743-C-PLHE_0,1,0,original
574,S2513846__S25-13846_0_BP1A2021_131523,0,0,original
575,S2511008__S25-11008_0_BP1A2021_052339,1,0,original
576,S2423618__S24-23618-_-RECUT_2,0,0,original
577,S2039743__S20-39743-C-PLHE_0,1,0,original
578,S2521239__S2521239_0_BP1A2021,0,0,original
579,S2039743__S20-39743-C-PLHE_0,1,0,original
580,S2533022__S2533022_0_BP1A2021,0,0,original
581,S2039743__S20-39743-L-PLHE_1,1,0,original
582,S2352429__S23-52429-_-BIOPSY,0,0,original
583,S2423618__S24-23618-_-RECUT_2,0,0,original
584,S17-42935__S17-42935,1,0,original
585,S2511008__S25-11008_0_BP1A2021_052339,1,0,original
586,S2530049__S2530049_0_BP1A2021,0,0,original
587,S2346179__S23-46179-_-BIOPSY,1,0,original
588,S2039743__S20-39743-C-PLHE_0,1,0,original
589,S2530063__S2530063_0_BP1A2021,0,0,original
590,S2247860__S22-47860-_-DEEP_1,1,0,original
591,S2039743__S20-39743-C-PLHE_0,1,0,original
592,S2530991__S2530991_0_BP1A2021,0,0,original
593,S2530063__S2530063_0_BP1A2021,0,0,original
594,S2128633__S2128633--DEEP,1,0,original
595,S2529112__S2529112_0_BP1A2021,0,0,original
596,S2522994__S2522994_0_BP1A2021,0,0,original
597,S2521240__S2521240_0_BP1A2021,1,0,original
598,S16-17719__S16-17719,1,0,original
599,S2247860__S22-47860-_-DEEP_1,1,0,original
600,S2511006__S25-11006_0_BP1A2021_052242,0,0,original
601,S2527323__S2527323_0_BP1A2021,0,0,original
602,S2039743__S20-39743-L-PLHE_1,1,0,original
603,S2406753__S24-06753-_-DEEP_1,0,0,original
604,S2530991__S2530991_0_BP1A2021,0,0,original
605,S2535840__S2535840_0_BP1A2021,0,0,original
606,S2535840__S2535840_0_BP1A2021,0,0,original
607,S2237603__S22-37603-_-_1,0,0,original
608,S16-17719__S16-17719,1,0,original
609,S17-42935__S17-42935,1,0,original
610,S2424258__S2424258,0,0,original
611,S2415689__S24-15689-_-BIOPSY,1,0,original
612,S2352429__S23-52429-_-RECUT_1,0,0,original
613,S2039743__S20-39743-L-PLHE_1,1,0,original
614,S2522994__S2522994_0_BP1A2021,0,0,original
615,S2352429__S23-52429-_-BIOPSY,0,0,original
616,S2039743__S20-39743-P-PLHE_3,1,0,original
617,S2406753__S24-06753-_-DEEP_1,0,0,original
618,S2039743__S20-39743-C-PLHE_0,1,0,original
619,S2346179__S23-46179-_-BIOPSY,1,0,original
620,S2409390__S2409390,0,0,original
621,S2511859__S25-11859_0_BP1A2021_150616,0,0,original
622,S2352429__S23-52429-_-RECUT_1,0,0,original
623,S2423618__S24-23618-_-RECUT_2,0,0,original
624,S16-17719__S16-17719,1,0,original
625,S2128633__S2128633--DEEP,1,0,original
626,S2511008__S25-11008_0_BP1A2021_052339,1,0,original
627,S2237603__S22-37603-_-_1,0,0,original
628,S2513847__S25-13847_0_BP1A2021_131603,0,0,original
629,S2352429__S23-52429-_-BIOPSY,0,0,original
630,S2531989__S2531989_0_BP1A2021,0,0,original
631,S17-42935__S17-42935,1,0,original
632,S2352429__S23-52429-_-BIOPSY,0,0,original
633,S2521240__S2521240_0_BP1A2021,1,0,original
634,S2427695__S24-27695-_-BIOPSY,0,0,original
635,S2526362__S2526362_0_BP1A2021,0,0,original
636,S2237603__S22-37603-_-_1,0,0,original
637,S2522980__S2522980_0_BP1A2021,0,0,original
638,S2531989__S2531989_0_BP1A2021,0,0,original
639,S2415689__S24-15689-_-BIOPSY,1,0,original
640,S2415689__S24-15689-_-BIOPSY,1,0,original
641,S2511008__S25-11008_0_BP1A2021_052339,1,0,original
642,S2237603__S22-37603-_-_1,0,0,original
643,S2039743__S20-39743-L-PLHE_1,1,0,original
644,S2247860__S22-47860-_-DEEP_1,1,0,original
645,S2346179__S23-46179-_-BIOPSY,1,0,original
646,S2521240__S2521240_0_BP1A2021,1,0,original
647,S2424250__S2424250,0,0,original
648,S2530991__S2530991_0_BP1A2021,0,0,original
649,S2531989__S2531989_0_BP1A2021,0,0,original
650,S2434918__S24-34918-_-BIOPSY,1,0,original
651,S2415689__S24-15689-_-BIOPSY,1,0,original
652,S2326329__S23-26329-_-BIOPSY,0,0,original
653,S2039743__S20-39743-C-PLHE_0,1,0,original
654,S2522980__S2522980_0_BP1A2021,0,0,original
655,S2134277__S2134277,1,0,original
656,S2524760__S2524760_0_BP1A2021,0,0,original
657,S2406753__S24-06753-_-DEEP_1,0,0,original
658,S2521239__S2521239_0_BP1A2021,0,0,original
659,S2515598__S25-15598_0__144202,0,0,original
660,S2039743__S20-39743-C-PLHE_0,1,0,original
661,S2511008__S25-11008_0_BP1A2021_052339,1,0,original
662,S2511008__S25-11008_0_BP1A2021_052339,1,0,original
663,S2326329__S23-26329-_-BIOPSY,0,0,original
664,S2535840__S2535840_0_BP1A2021,0,0,original
665,S2134277__S2134277,1,0,original
666,S2424258__S2424258,0,0,original
667,S2346179__S23-46179-_-BIOPSY,1,0,original
668,S2513848__S25-13848_0_BP1A2021_131436,0,0,original
669,S2247860__S22-47860-_-DEEP_1,1,0,original
670,S2529112__S2529112_0_BP1A2021,0,0,original
671,S2415689__S24-15689-_-BIOPSY,1,0,original
672,S2511859__S25-11859_0_BP1A2021_150616,0,0,original
673,S2530991__S2530991_0_BP1A2021,0,0,original
674,S2527323__S2527323_0_BP1A2021,0,0,original
675,S19-19367__S19-19367,1,0,original
676,S2406038__S2406038,0,0,original
677,S2406038__S2406038,0,0,original
678,S19-40063__S19-40063,0,0,original
679,S19-40316__S19-40316,1,0,original
680,S17-42935__S17-42935,1,0,original
681,S2406038__S2406038,0,0,original
682,S2346179__S23-46179-_-BIOPSY,1,0,original
683,S2346179__S23-46179-_-BIOPSY,1,0,original
684,S2434918__S24-34918-_-BIOPSY,1,0,original
685,S2134277__S2134277,1,0,original
686,S2409392__S2409392,0,0,original
687,S2427695__S24-27695-_-BIOPSY,0,0,original
688,S2346179__S23-46179-_-BIOPSY,1,0,original
689,S18-18746__S18-18746,1,0,original
690,S2526362__S2526362_0_BP1A2021,0,0,original
691,S2039743__S20-39743-L-PLHE_1,1,0,original
692,S2530063__S2530063_0_BP1A2021,0,0,original
693,S2434918__S24-34918-_-BIOPSY,1,0,original
694,S2039743__S20-39743-P-PLHE_3,1,0,original
695,S2425843__S24-25843-_-BIOPSY,0,0,original
696,S2521240__S2521240_0_BP1A2021,1,0,original
697,S2346179__S23-46179-_-BIOPSY,1,0,original
698,S16-17719__S16-17719,1,0,original
699,S2235518__S22-35518-_-BIOPSY,0,0,original
700,S2533022__S2533022_0_BP1A2021,0,0,original
701,S2511859__S25-11859_0_BP1A2021_150616,0,0,original
702,S2039743__S20-39743-C-PLHE_0,1,0,original
703,S2039743__S20-39743-L-PLHE_1,1,0,original
704,S2530991__S2530991_0_BP1A2021,0,0,original
705,S17-42935__S17-42935,1,0,original
706,S2409392__S2409392,0,0,original
707,S2128633__S2128633--DEEP,1,0,original
708,S2527323__S2527323_0_BP1A2021,0,0,original
709,S2530063__S2530063_0_BP1A2021,0,0,original
710,S2352429__S23-52429-_-RECUT_1,0,0,original
711,S2128633__S2128633--DEEP,1,0,original
712,S2346179__S23-46179-_-BIOPSY,1,0,original
713,S2247860__S22-47860-_-DEEP_1,1,0,original
714,S2409392__S2409392,0,0,original
715,S2521239__S2521239_0_BP1A2021,0,0,original
716,S2530991__S2530991_0_BP1A2021,0,0,original
717,S2515598__S25-15598_0__144202,0,0,original
718,S2406038__S2406038,0,0,original
719,S2352429__S23-52429-_-BIOPSY,0,0,original
720,S2504719__S25-04719-_-DEEP_1,0,0,original
721,S2511008__S25-11008_0_BP1A2021_052339,1,0,original
722,S2521240__S2521240_0_BP1A2021,1,0,original
723,S2522980__S2522980_0_BP1A2021,0,0,original
724,S19-19367__S19-19367,1,0,original
725,S2415689__S24-15689-_-BIOPSY,1,0,original
726,S2535840__S2535840_0_BP1A2021,0,0,original
727,S2504719__S25-04719-_-DEEP_1,0,0,original
728,S2533022__S2533022_0_BP1A2021,0,0,original
729,S2326329__S23-26329-_-BIOPSY,0,0,original
730,S2513846__S25-13846_0_BP1A2021_131523,0,0,original
731,S2521240__S2521240_0_BP1A2021,1,0,original
732,S2533022__S2533022_0_BP1A2021,0,0,original
733,S2511008__S25-11008_0_BP1A2021_052339,1,0,original
734,S2513846__S25-13846_0_BP1A2021_161650,0,0,original
735,S2237603__S22-37603-_-_1,0,0,original
736,S2513846__S25-13846_0_BP1A2021_161650,0,0,original
737,S2521240__S2521240_0_BP1A2021,1,0,original
738,S2434918__S24-34918-_-BIOPSY,1,0,original
739,S2134277__S2134277,1,0,original
740,S2425843__S24-25843-_-BIOPSY,0,0,original
741,S2406038__S2406038,0,0,original
742,S2039743__S20-39743-P-PLHE_3,1,0,original
743,S19-19367__S19-19367,1,0,original
744,S2529112__S2529112_0_BP1A2021,0,0,original
745,S2529112__S2529112_0_BP1A2021,0,0,original
746,S2425843__S24-25843-_-BIOPSY,0,0,original
747,S2513846__S25-13846_0_BP1A2021_131523,0,0,original
748,S2531989__S2531989_0_BP1A2021,0,0,original
749,S2511006__S25-11006_0_BP1A2021_052242,0,0,original
750,S2128633__S2128633--DEEP,1,0,original
751,S2247860__S22-47860-_-DEEP_1,1,0,original
752,S2513846__S25-13846_0_BP1A2021_131523,0,0,original
753,S2039743__S20-39743-L-PLHE_1,1,0,original
754,S2530049__S2530049_0_BP1A2021,0,0,original
755,S2247860__S22-47860-_-DEEP_1,1,0,original
756,S2326329__S23-26329-_-BIOPSY,0,0,original
757,S19-19367__S19-19367,1,0,original
758,S2511008__S25-11008_0_BP1A2021_052339,1,0,original
759,S19-19367__S19-19367,1,0,original
760,S17-42935__S17-42935,1,0,original
761,S2352429__S23-52429-_-BIOPSY,0,0,original
762,S2424250__S2424250,0,0,original
763,S2424258__S2424258,0,0,original
764,S2434918__S24-34918-_-BIOPSY,1,0,original
765,S2527323__S2527323_0_BP1A2021,0,0,original
766,S2511008__S25-11008_0_BP1A2021_052339,1,0,original
767,S2522994__S2522994_0_BP1A2021,0,0,original
768,S2511008__S25-11008_0_BP1A2021_052339,1,0,original
769,S19-19367__S19-19367,1,0,original
770,S2522980__S2522980_0_BP1A2021,0,0,original
771,S2530063__S2530063_0_BP1A2021,0,0,original
772,S19-40063__S19-40063,0,0,original
773,S2406753__S24-06753-_-SERIAL_2,0,0,original
774,S2533022__S2533022_0_BP1A2021,0,0,original
775,S2039743__S20-39743-L-PLHE_1,1,0,original
776,S2352429__S23-52429-_-BIOPSY,0,0,original
777,S2530063__S2530063_0_BP1A2021,0,0,original
778,S2424250__S2424250,0,0,original
779,S2346179__S23-46179-_-BIOPSY,1,0,original
780,S2406038__S2406038,0,0,original
781,S2406038__S2406038,0,0,original
782,S2039743__S20-39743-C-PLHE_0,1,0,original
783,S2346179__S23-46179-_-BIOPSY,1,0,original
784,S2235518__S22-35518-_-BIOPSY,0,0,original
785,S2134277__S2134277,1,0,original
786,S17-42935__S17-42935,1,0,original
787,S2513846__S25-13846_0_BP1A2021_161650,0,0,original
788,S2521239__S2521239_0_BP1A2021,0,0,original
789,S19-40316__S19-40316,1,0,original
790,S2039743__S20-39743-L-PLHE_1,1,0,original
791,S2530063__S2530063_0_BP1A2021,0,0,original
792,S19-19367__S19-19367,1,0,original
793,S2530049__S2530049_0_BP1A2021,0,0,original
794,S2352429__S23-52429-_-RECUT_1,0,0,original
795,S2513848__S25-13848_0_BP1A2021_131436,0,0,original
796,S2511859__S25-11859_0_BP1A2021_150616,0,0,original
797,S16-17719__S16-17719,1,0,original
798,S2424259__S2424259,0,0,original
799,S19-19367__S19-19367,1,0,original
800,S2406753__S24-06753-_-DEEP_1,0,0,original
801,S2039743__S20-39743-P-PLHE_3,1,0,original
802,S2409390__S2409390,0,0,original
803,S2409392__S2409392,0,0,original
804,S2406753__S24-06753-_-SERIAL_2,0,0,original
805,S2531989__S2531989_0_BP1A2021,0,0,original
806,S2346179__S23-46179-_-BIOPSY,1,0,original
807,S19-40316__S19-40316,1,0,original
808,S2434918__S24-34918-_-BIOPSY,1,0,original
809,S2039743__S20-39743-P-PLHE_3,1,0,original
810,S2247860__S22-47860-_-DEEP_1,1,0,original
811,S2409392__S2409392,0,0,original
812,S2521240__S2521240_0_BP1A2021,1,0,original
813,S2247860__S22-47860-_-DEEP_1,1,0,original
814,S2530049__S2530049_0_BP1A2021,0,0,original
815,S2521239__S2521239_0_BP1A2021,0,0,original
816,S2513847__S25-13847_0_BP1A2021_131603,0,0,original
817,S2511006__S25-11006_0_BP1A2021_052242,0,0,original
818,S2511008__S25-11008_0_BP1A2021_052339,1,0,original
819,S2511008__S25-11008_0_BP1A2021_052339,1,0,original
820,S2128633__S2128633--DEEP,1,0,original
821,S2535840__S2535840_0_BP1A2021,0,0,original
822,S2530049__S2530049_0_BP1A2021,0,0,original
823,S17-42935__S17-42935,1,0,original
824,S2039743__S20-39743-C-PLHE_0,1,0,original
825,S2247860__S22-47860-_-DEEP_1,1,0,original
826,S18-18746__S18-18746,1,0,original
827,S2039743__S20-39743-P-PLHE_3,1,0,original
828,S2535840__S2535840_0_BP1A2021,0,0,original
829,S2513846__S25-13846_0_BP1A2021_131523,0,0,original
830,S2128633__S2128633--DEEP,1,0,original
831,S2513847__S25-13847_0_BP1A2021_131603,0,0,original
832,S2039743__S20-39743-P-PLHE_3,1,0,original
833,S2128633__S2128633--DEEP,1,0,original
834,S2533022__S2533022_0_BP1A2021,0,0,original
835,S19-40316__S19-40316,1,0,original
836,S2515598__S25-15598_0__144202,0,0,original
837,S2415689__S24-15689-_-BIOPSY,1,0,original
838,S2533022__S2533022_0_BP1A2021,0,0,original
839,S2513846__S25-13846_0_BP1A2021_131523,0,0,original
840,S2434918__S24-34918-_-BIOPSY,1,0,original
841,S2513846__S25-13846_0_BP1A2021_161650,0,0,original
842,S2530049__S2530049_0_BP1A2021,0,0,original
843,S19-40316__S19-40316,1,0,original
844,S2134277__S2134277,1,0,original
845,S17-42935__S17-42935,1,0,original
846,S2424250__S2424250,0,0,original
847,S2434918__S24-34918-_-BIOPSY,1,0,original
848,S2511008__S25-11008_0_BP1A2021_052339,1,0,original
849,S2247860__S22-47860-_-DEEP_1,1,0,original
850,S2128633__S2128633--DEEP,1,0,original
851,S2513846__S25-13846_0_BP1A2021_161650,0,0,original
852,S2527323__S2527323_0_BP1A2021,0,0,original
853,S2524760__S2524760_0_BP1A2021,0,0,original
854,S2530991__S2530991_0_BP1A2021,0,0,original
855,S2406753__S24-06753-_-SERIAL_2,0,0,original
856,S18-18746__S18-18746,1,0,original
857,S19-40063__S19-40063,0,0,original
858,S2415689__S24-15689-_-BIOPSY,1,0,original
859,S2524760__S2524760_0_BP1A2021,0,0,original
860,S2526362__S2526362_0_BP1A2021,0,0,original
861,S2352429__S23-52429-_-BIOPSY,0,0,original
862,S2247860__S22-47860-_-DEEP_1,1,0,original
863,S2530049__S2530049_0_BP1A2021,0,0,original
864,S2427695__S24-27695-_-BIOPSY,0,0,original
865,S2521240__S2521240_0_BP1A2021,1,0,original
866,S2247860__S22-47860-_-DEEP_1,1,0,original
867,S2247860__S22-47860-_-DEEP_1,1,0,original
868,S2522980__S2522980_0_BP1A2021,0,0,original
869,S2424250__S2424250,0,0,original
870,S2423618__S24-23618-_-RECUT_2,0,0,original
871,S2424259__S2424259,0,0,original
872,S2511008__S25-11008_0_BP1A2021_052339,1,0,original
873,S2511008__S25-11008_0_BP1A2021_052339,1,0,original
874,S2406038__S2406038,0,0,original
875,S2526362__S2526362_0_BP1A2021,0,0,original
876,S2039743__S20-39743-L-PLHE_1,1,0,original
877,S2415689__S24-15689-_-BIOPSY,1,0,original
878,S2039743__S20-39743-L-PLHE_1,1,0,original
879,S2406038__S2406038,0,0,original
880,S2235518__S22-35518-_-BIOPSY,0,0,original
881,S2521240__S2521240_0_BP1A2021,1,0,original
882,S2134277__S2134277,1,0,original
883,S2524760__S2524760_0_BP1A2021,0,0,original
884,S2535840__S2535840_0_BP1A2021,0,0,original
885,S2326329__S23-26329-_-BIOPSY,0,0,original
886,S2346179__S23-46179-_-BIOPSY,1,0,original
887,S2352429__S23-52429-_-RECUT_1,0,0,original
888,S2513848__S25-13848_0_BP1A2021_131436,0,0,original
889,S2039743__S20-39743-C-PLHE_0,1,0,original
890,S18-18746__S18-18746,1,0,original
891,S2511008__S25-11008_0_BP1A2021_052339,1,0,original
892,S2346179__S23-46179-_-BIOPSY,1,0,original
893,S2511008__S25-11008_0_BP1A2021_052339,1,0,original
894,S2352429__S23-52429-_-RECUT_1,0,0,original
895,S2533022__S2533022_0_BP1A2021,0,0,original
896,S2039743__S20-39743-P-PLHE_3,1,0,original
897,S2039743__S20-39743-L-PLHE_1,1,0,original
898,S2039743__S20-39743-C-PLHE_0,1,0,original
899,S2406753__S24-06753-_-DEEP_1,0,0,original
900,S2515598__S25-15598_0__144202,0,0,original
901,S2521240__S2521240_0_BP1A2021,1,0,original
902,S19-19367__S19-19367,1,0,original
903,S2247860__S22-47860-_-DEEP_1,1,0,original
904,S19-19367__S19-19367,1,0,original
905,S2424250__S2424250,0,0,original
906,S2434918__S24-34918-_-BIOPSY,1,0,original
907,S2406038__S2406038,0,0,original
908,S2521240__S2521240_0_BP1A2021,1,0,original
909,S2406038__S2406038,0,0,original
910,S18-18746__S18-18746,1,0,original
911,S2346179__S23-46179-_-BIOPSY,1,0,original
912,S2511006__S25-11006_0_BP1A2021_052242,0,0,original
913,S2346179__S23-46179-_-BIOPSY,1,0,original
914,S2515598__S25-15598_0__144202,0,0,original
915,S2039743__S20-39743-C-PLHE_0,1,0,original
916,S2529112__S2529112_0_BP1A2021,0,0,original
917,S16-17719__S16-17719,1,0,original
918,S2128633__S2128633--DEEP,1,0,original
919,S2529112__S2529112_0_BP1A2021,0,0,original
920,S2535840__S2535840_0_BP1A2021,0,0,original
921,S2511008__S25-11008_0_BP1A2021_052339,1,0,original
922,S2522994__S2522994_0_BP1A2021,0,0,original
923,S2237603__S22-37603-_-_1,0,0,original
924,S2522980__S2522980_0_BP1A2021,0,0,original
925,S2425843__S24-25843-_-BIOPSY,0,0,original
926,S2406753__S24-06753-_-DEEP_1,0,0,original
927,S2530063__S2530063_0_BP1A2021,0,0,original
928,S2513846__S25-13846_0_BP1A2021_161650,0,0,original
929,S2535840__S2535840_0_BP1A2021,0,0,original
930,S2531989__S2531989_0_BP1A2021,0,0,original
931,S2237603__S22-37603-_-_1,0,0,original
932,S19-40063__S19-40063,0,0,original
933,S2134277__S2134277,1,0,original
934,S19-40316__S19-40316,1,0,original
935,S2524760__S2524760_0_BP1A2021,0,0,original
936,S2522994__S2522994_0_BP1A2021,0,0,original
937,S2521240__S2521240_0_BP1A2021,1,0,original
938,S2527323__S2527323_0_BP1A2021,0,0,original
939,S17-42935__S17-42935,1,0,original
940,S19-40316__S19-40316,1,0,original
941,S2527323__S2527323_0_BP1A2021,0,0,original
942,S2427695__S2427695_BP1B27_C_14045_3,0,0,original
943,S2513846__S25-13846_0_BP1A2021_161650,0,0,original
944,S2247860__S22-47860-_-DEEP_1,1,0,original
945,S2346179__S23-46179-_-BIOPSY,1,0,original
946,S2424250__S2424250,0,0,original
947,S2511008__S25-11008_0_BP1A2021_052339,1,0,original
948,S2504719__S25-04719-_-DEEP_1,0,0,original
949,S17-42935__S17-42935,1,0,original
950,S2511008__S25-11008_0_BP1A2021_052339,1,0,original
951,S2531989__S2531989_0_BP1A2021,0,0,original
952,S2427695__S24-27695-_-BIOPSY,0,0,original
953,S2513846__S25-13846_0_BP1A2021_131523,0,0,original
954,S2039743__S20-39743-L-PLHE_1,1,0,original
955,S2434918__S24-34918-_-BIOPSY,1,0,original
956,S19-40316__S19-40316,1,0,original
957,S2522980__S2522980_0_BP1A2021,0,0,original
958,S2522994__S2522994_0_BP1A2021,0,0,original
959,S2530063__S2530063_0_BP1A2021,0,0,original
960,S2039743__S20-39743-L-PLHE_1,1,0,original
961,S2521239__S2521239_0_BP1A2021,0,0,original
962,S2530063__S2530063_0_BP1A2021,0,0,original
963,S2039743__S20-39743-C-PLHE_0,1,0,original
964,S2409390__S2409390,0,0,original
965,S2513848__S25-13848_0_BP1A2021_131436,0,0,original
966,S2415689__S24-15689-_-BIOPSY,1,0,original
967,S2423618__S24-23618-_-RECUT_2,0,0,original
968,S2346179__S23-46179-_-BIOPSY,1,0,original
969,S2504719__S25-04719-_-DEEP_1,0,0,original
970,S2513848__S25-13848_0_BP1A2021_131436,0,0,original
971,S2427695__S2427695_BP1B27_C_14045_3,0,0,original
972,S2531989__S2531989_0_BP1A2021,0,0,original
973,S2427695__S24-27695-_-BIOPSY,0,0,original
974,S19-19367__S19-19367,1,0,original
975,S2039743__S20-39743-C-PLHE_0,1,0,original
976,S17-42935__S17-42935,1,0,original
977,S2134277__S2134277,1,0,original
978,S2521240__S2521240_0_BP1A2021,1,0,original
979,S2513848__S25-13848_0_BP1A2021_131436,0,0,original
980,S19-40063__S19-40063,0,0,original
981,S2427695__S2427695_BP1B27_C_14045_3,0,0,original
982,S2521240__S2521240_0_BP1A2021,1,0,original
983,S2530049__S2530049_0_BP1A2021,0,0,original
984,S2235518__S22-35518-_-BIOPSY,0,0,original
985,S2346179__S23-46179-_-BIOPSY,1,0,original
986,S2521239__S2521239_0_BP1A2021,0,0,original
987,S2522994__S2522994_0_BP1A2021,0,0,original
988,S18-18746__S18-18746,1,0,original
989,S2504719__S25-04719-_-DEEP_1,0,0,original
990,S2535840__S2535840_0_BP1A2021,0,0,original
991,S2521239__S2521239_0_BP1A2021,0,0,original
992,S2521239__S2521239_0_BP1A2021,0,0,original
993,S2526362__S2526362_0_BP1A2021,0,0,original
994,S2406753__S24-06753-_-SERIAL_2,0,0,original
995,S2237603__S22-37603-_-_1,0,0,original
996,S2406753__S24-06753-_-DEEP_1,0,0,original
997,S2511859__S25-11859_0_BP1A2021_150616,0,0,original
998,S2511008__S25-11008_0_BP1A2021_052339,1,0,original
999,S2531989__S2531989_0_BP1A2021,0,0,original
1000,S2326329__S23-26329-_-BIOPSY,0,0,original
1001,S2513846__S25-13846_0_BP1A2021_161650,0,0,original
1002,S2527323__S2527323_0_BP1A2021,0,0,original
1003,S2511008__S25-11008_0_BP1A2021_052339,1,0,original
1004,S2424259__S2424259,0,0,original
1005,S2529112__S2529112_0_BP1A2021,0,0,original
1006,S16-17719__S16-17719,1,0,original
1007,S2529112__S2529112_0_BP1A2021,0,0,original
1008,S2511008__S25-11008_0_BP1A2021_052339,1,0,original
1009,S2521240__S2521240_0_BP1A2021,1,0,original
1010,S2128633__S2128633--DEEP,1,0,original
1011,S2039743__S20-39743-L-PLHE_1,1,0,original
1012,S2406753__S24-06753-_-DEEP_1,0,0,original
1013,S19-19367__S19-19367,1,0,original
1014,S2134277__S2134277,1,0,original
1015,S2134277__S2134277,1,0,original
1016,S2039743__S20-39743-C-PLHE_0,1,0,original
1017,S16-17719__S16-17719,1,0,original
1018,S2513847__S25-13847_0_BP1A2021_131603,0,0,original
1019,S2427695__S2427695_BP1B27_C_14045_3,0,0,original
1020,S16-17719__S16-17719,1,0,original
1021,S2427695__S2427695_BP1B27_C_14045_3,0,0,original
1022,S19-19367__S19-19367,1,0,original
1023,S2527323__S2527323_0_BP1A2021,0,0,original
1024,S2039743__S20-39743-L-PLHE_1,1,0,original
1025,S16-17719__S16-17719,1,0,original
1026,S2524760__S2524760_0_BP1A2021,0,0,original
1027,S2415689__S24-15689-_-BIOPSY,1,0,original
1028,S2237603__S22-37603-_-_1,0,0,original
1029,S2521240__S2521240_0_BP1A2021,1,0,original
1030,S2521240__S2521240_0_BP1A2021,1,0,original
1031,S2535840__S2535840_0_BP1A2021,0,0,original
1032,S2427695__S2427695_BP1B27_C_14045_3,0,0,original
1033,S2346179__S23-46179-_-BIOPSY,1,0,original
1034,S2434918__S24-34918-_-BIOPSY,1,0,original
1035,S2415689__S24-15689-_-BIOPSY,1,0,original
1036,S2352429__S23-52429-_-BIOPSY,0,0,original
1037,S2513848__S25-13848_0_BP1A2021_131436,0,0,original
1038,S2530991__S2530991_0_BP1A2021,0,0,original
1039,S2521240__S2521240_0_BP1A2021,1,0,original
1040,S18-18746__S18-18746,1,0,original
1041,S2134277__S2134277,1,0,original
1042,S17-42935__S17-42935,1,0,original
1043,S2326329__S23-26329-_-BIOPSY,0,0,original
1044,S2352429__S23-52429-_-RECUT_1,0,0,original
1045,S2406753__S24-06753-_-DEEP_1,0,0,original
1046,S2039743__S20-39743-P-PLHE_3,1,0,original
1047,S2423618__S24-23618-_-RECUT_2,0,0,original
1048,S2039743__S20-39743-P-PLHE_3,1,0,original
1049,S16-17719__S16-17719,1,0,original
1050,S18-18746__S18-18746,1,0,original
1051,S2511859__S25-11859_0_BP1A2021_150616,0,0,original
1052,S2346179__S23-46179-_-BIOPSY,1,0,original
1053,S2352429__S23-52429-_-RECUT_1,0,0,original
1054,S2425843__S24-25843-_-BIOPSY,0,0,original
1055,S2039743__S20-39743-L-PLHE_1,1,0,original
1056,S2513848__S25-13848_0_BP1A2021_131436,0,0,original
1057,S2424259__S2424259,0,0,original
1058,S2409390__S2409390,0,0,original
1059,S2406753__S24-06753-_-DEEP_1,0,0,original
1060,S2434918__S24-34918-_-BIOPSY,1,0,original
1061,S2235518__S22-35518-_-BIOPSY,0,0,original
1062,S2434918__S24-34918-_-BIOPSY,1,0,original
1063,S2427695__S2427695_BP1B27_C_14045_3,0,0,original
1064,S16-17719__S16-17719,1,0,original
1065,S2235518__S22-35518-_-BIOPSY,0,0,original
1066,S16-17719__S16-17719,1,0,original
1067,S2134277__S2134277,1,0,original
1068,S2237603__S22-37603-_-_1,0,0,original
1069,S2511008__S25-11008_0_BP1A2021_052339,1,0,original
1070,S2513847__S25-13847_0_BP1A2021_131603,0,0,original
1071,S2409390__S2409390,0,0,original
1072,S18-18746__S18-18746,1,0,original
1073,S2530049__S2530049_0_BP1A2021,0,0,original
1074,S2415689__S24-15689-_-BIOPSY,1,0,original
1075,S2513848__S25-13848_0_BP1A2021_131436,0,0,original
1076,S2346179__S23-46179-_-BIOPSY,1,0,original
1077,S2521240__S2521240_0_BP1A2021,1,0,original
1078,S2511006__S25-11006_0_BP1A2021_052242,0,0,original
1079,S2134277__S2134277,1,0,original
1080,S2326329__S23-26329-_-BIOPSY,0,0,original
1081,S2039743__S20-39743-P-PLHE_3,1,0,original
1082,S2530049__S2530049_0_BP1A2021,0,0,original
1083,S2128633__S2128633--DEEP,1,0,original
1084,S2424250__S2424250,0,0,original
1085,S2513848__S25-13848_0_BP1A2021_131436,0,0,original
1086,S2039743__S20-39743-L-PLHE_1,1,0,original
1087,S16-17719__S16-17719,1,0,original
1088,S2039743__S20-39743-C-PLHE_0,1,0,original
1089,S2134277__S2134277,1,0,original
1090,S2039743__S20-39743-L-PLHE_1,1,0,original
1091,S2128633__S2128633--DEEP,1,0,original
1092,S2425843__S24-25843-_-BIOPSY,0,0,original
1093,S2134277__S2134277,1,0,original
1094,S2425843__S24-25843-_-BIOPSY,0,0,original
1095,S2434918__S24-34918-_-BIOPSY,1,0,original
1096,S18-18746__S18-18746,1,0,original
1097,S2039743__S20-39743-P-PLHE_3,1,0,original
1098,S2511859__S25-11859_0_BP1A2021_150616,0,0,original
1099,S2134277__S2134277,1,0,original
1100,S2511008__S25-11008_0_BP1A2021_052339,1,0,original
1101,S17-42935__S17-42935,1,0,original
1102,S2039743__S20-39743-C-PLHE_0,1,0,original
1103,S2424250__S2424250,0,0,original
1104,S2039743__S20-39743-C-PLHE_0,1,0,original
1105,S2128633__S2128633--DEEP,1,0,original
1106,S19-19367__S19-19367,1,0,original
1107,S2427695__S2427695_BP1B27_C_14045_3,0,0,original
1108,S18-18746__S18-18746,1,0,original
1109,S2513846__S25-13846_0_BP1A2021_131523,0,0,original
1110,S2530991__S2530991_0_BP1A2021,0,0,original
1111,S2533022__S2533022_0_BP1A2021,0,0,original
1112,S2235518__S22-35518-_-BIOPSY,0,0,original
1113,S2511859__S25-11859_0_BP1A2021_150616,0,0,original
1114,S2134277__S2134277,1,0,original
1115,S2529112__S2529112_0_BP1A2021,0,0,original
1116,S18-18746__S18-18746,1,0,original
1117,S2039743__S20-39743-P-PLHE_3,1,0,original
1118,S2513846__S25-13846_0_BP1A2021_131523,0,0,original
1119,S2530063__S2530063_0_BP1A2021,0,0,original
1120,S2524760__S2524760_0_BP1A2021,0,0,original
1121,S2427695__S2427695_BP1B27_C_14045_3,0,0,original
1122,S19-40316__S19-40316,1,0,original
1123,S2427695__S2427695_BP1B27_C_14045_3,0,0,original
1124,S2039743__S20-39743-C-PLHE_0,1,0,original
1125,S17-42935__S17-42935,1,0,original
1126,S2434918__S24-34918-_-BIOPSY,1,0,original
1127,S2511008__S25-11008_0_BP1A2021_052339,1,0,original
1128,S2513847__S25-13847_0_BP1A2021_131603,0,0,original
1129,S2427695__S2427695_BP1B27_C_14045_3,0,0,original
1130,S18-18746__S18-18746,1,0,original
1131,S2513846__S25-13846_0_BP1A2021_131523,0,0,original
1132,S2427695__S2427695_BP1B27_C_14045_3,0,0,original
1133,S2409392__S2409392,0,0,original
1134,S2346179__S23-46179-_-BIOPSY,1,0,original
1135,S2513847__S25-13847_0_BP1A2021_131603,0,0,original
1136,S2424250__S2424250,0,0,original
1137,S2346179__S23-46179-_-BIOPSY,1,0,original
1138,S2424259__S2424259,0,0,original
1139,S2513848__S25-13848_0_BP1A2021_131436,0,0,original
1140,S2128633__S2128633--DEEP,1,0,original
1141,S19-40316__S19-40316,1,0,original
1142,S2415689__S24-15689-_-BIOPSY,1,0,original
1143,S2247860__S22-47860-_-DEEP_1,1,0,original
1144,S19-19367__S19-19367,1,0,original
1145,S2533022__S2533022_0_BP1A2021,0,0,original
1146,S17-42935__S17-42935,1,0,original
1147,S2423618__S24-23618-_-RECUT_2,0,0,original
1148,S2511859__S25-11859_0_BP1A2021_150616,0,0,original
1149,S2424259__S2424259,0,0,original
1150,S2415689__S24-15689-_-BIOPSY,1,0,original
1151,S2039743__S20-39743-P-PLHE_3,1,0,original
1152,S2039743__S20-39743-P-PLHE_3,1,0,original
1153,S2039743__S20-39743-C-PLHE_0,1,0,original
1154,S16-17719__S16-17719,1,0,original
1155,S2434918__S24-34918-_-BIOPSY,1,0,original
1156,S2409392__S2409392,0,0,original
1157,S2427695__S24-27695-_-BIOPSY,0,0,original
1158,S2326329__S23-26329-_-BIOPSY,0,0,original
1159,S2511006__S25-11006_0_BP1A2021_052242,0,0,original
1160,S2039743__S20-39743-P-PLHE_3,1,0,original
1161,S2039743__S20-39743-C-PLHE_0,1,0,original
1162,S2434918__S24-34918-_-BIOPSY,1,0,original
1163,S2424258__S2424258,0,0,original
1164,S18-18746__S18-18746,1,0,original
1165,S19-19367__S19-19367,1,0,original
1166,S2247860__S22-47860-_-DEEP_1,1,0,original
1167,S2434918__S24-34918-_-BIOPSY,1,0,original
1168,S2513848__S25-13848_0_BP1A2021_131436,0,0,original
1169,S2134277__S2134277,1,0,original
1170,S2427695__S24-27695-_-BIOPSY,0,0,original
1171,S2511008__S25-11008_0_BP1A2021_052339,1,0,original
1172,S2247860__S22-47860-_-DEEP_1,1,0,original
1173,S2039743__S20-39743-P-PLHE_3,1,0,original
1174,S2039743__S20-39743-P-PLHE_3,1,0,original
1175,S2128633__S2128633--DEEP,1,0,original
1176,S2535840__S2535840_0_BP1A2021,0,0,original
1177,S2522994__S2522994_0_BP1A2021,0,0,original
1178,S2521240__S2521240_0_BP1A2021,1,0,original
1179,S2504719__S25-04719-_-DEEP_1,0,0,original
1180,S2425843__S24-25843-_-BIOPSY,0,0,original
1181,S2526362__S2526362_0_BP1A2021,0,0,original
1182,S17-42935__S17-42935,1,0,original
1183,S2521240__S2521240_0_BP1A2021,1,0,original
1184,S2423618__S24-23618-_-RECUT_2,0,0,original
1185,S2530049__S2530049_0_BP1A2021,0,0,original
1186,S2039743__S20-39743-C-PLHE_0,1,0,original
1187,S2511006__S25-11006_0_BP1A2021_052242,0,0,original
1188,S2427695__S2427695_BP1B27_C_14045_3,0,0,original
1189,S2427695__S24-27695-_-BIOPSY,0,0,original
1190,S2134277__S2134277,1,0,original
1191,S2535840__S2535840_0_BP1A2021,0,0,original
1192,S2515598__S25-15598_0__144202,0,0,original
1193,S2039743__S20-39743-L-PLHE_1,1,0,original
1194,S16-17719__S16-17719,1,0,original
1195,S2406038__S2406038,0,0,original
1196,S2352429__S23-52429-_-RECUT_1,0,0,original
1197,S2128633__S2128633--DEEP,1,0,original
1198,S2346179__S23-46179-_-BIOPSY,1,0,original
1199,S2039743__S20-39743-C-PLHE_0,1,0,original
1200,S2039743__S20-39743-C-PLHE_0,1,0,original
1201,S19-19367__S19-19367,1,0,original
1202,S2425843__S24-25843-_-BIOPSY,0,0,original
1203,S2406038__S2406038,0,0,original
1204,S2511008__S25-11008_0_BP1A2021_052339,1,0,original
1205,S2406753__S24-06753-_-DEEP_1,0,0,original
1206,S2134277__S2134277,1,0,original
1207,S2434918__S24-34918-_-BIOPSY,1,0,original
1208,S2039743__S20-39743-L-PLHE_1,1,0,original
1209,S2522980__S2522980_0_BP1A2021,0,0,original
1210,S19-40316__S19-40316,1,0,original
1211,S2513846__S25-13846_0_BP1A2021_131523,0,0,original
1212,S2434918__S24-34918-_-BIOPSY,1,0,original
1213,S19-40063__S19-40063,0,0,original
1214,S19-19367__S19-19367,1,0,original
1215,S2521240__S2521240_0_BP1A2021,1,0,original
1216,S2039743__S20-39743-L-PLHE_1,1,0,original
1217,S2511008__S25-11008_0_BP1A2021_052339,1,0,original
1218,S19-40316__S19-40316,1,0,original
1219,S2513846__S25-13846_0_BP1A2021_161650,0,0,original
1220,S2423618__S24-23618-_-RECUT_2,0,0,original
1221,S2513846__S25-13846_0_BP1A2021_161650,0,0,original
1222,S2511008__S25-11008_0_BP1A2021_052339,1,0,original
1223,S2134277__S2134277,1,0,original
1224,S2511008__S25-11008_0_BP1A2021_052339,1,0,original
1225,S2531989__S2531989_0_BP1A2021,0,0,original
1226,S2524760__S2524760_0_BP1A2021,0,0,original
1227,S2134277__S2134277,1,0,original
1228,S2134277__S2134277,1,0,original
1229,S19-40063__S19-40063,0,0,original
1230,S2526362__S2526362_0_BP1A2021,0,0,original
1231,S2039743__S20-39743-L-PLHE_1,1,0,original
1232,S2406753__S24-06753-_-SERIAL_2,0,0,original
1233,S2535840__S2535840_0_BP1A2021,0,0,original
1234,S2237603__S22-37603-_-_1,0,0,original
1235,S2406753__S24-06753-_-SERIAL_2,0,0,original
1236,S17-42935__S17-42935,1,0,original
1237,S2039743__S20-39743-L-PLHE_1,1,0,original
1238,S19-19367__S19-19367,1,0,original
1239,S2406753__S24-06753-_-DEEP_1,0,0,original
1240,S19-40316__S19-40316,1,0,original
1241,S2511008__S25-11008_0_BP1A2021_052339,1,0,original
1242,S2504719__S25-04719-_-DEEP_1,0,0,original
1243,S2533022__S2533022_0_BP1A2021,0,0,original
1244,S18-18746__S18-18746,1,0,original
1245,S2039743__S20-39743-C-PLHE_0,1,0,original
1246,S2535840__S2535840_0_BP1A2021,0,0,original
1247,S2535840__S2535840_0_BP1A2021,0,0,original
1248,S2513846__S25-13846_0_BP1A2021_161650,0,0,original
1249,S2434918__S24-34918-_-BIOPSY,1,0,original
1250,S2425843__S24-25843-_-BIOPSY,0,0,original
1251,S2530991__S2530991_0_BP1A2021,0,0,original
1252,S2529112__S2529112_0_BP1A2021,0,0,original
1253,S17-42935__S17-42935,1,0,original
1254,S2425843__S24-25843-_-BIOPSY,0,0,original
1255,S19-19367__S19-19367,1,0,original
1256,S2526362__S2526362_0_BP1A2021,0,0,original
1257,S18-18746__S18-18746,1,0,original
1258,S2529112__S2529112_0_BP1A2021,0,0,original
1259,S19-40316__S19-40316,1,0,original
1260,S2529112__S2529112_0_BP1A2021,0,0,original
1261,S2511006__S25-11006_0_BP1A2021_052242,0,0,original
1262,S19-19367__S19-19367,1,0,original
1263,S2535840__S2535840_0_BP1A2021,0,0,original
1264,S2515598__S25-15598_0__144202,0,0,original
1265,S2522994__S2522994_0_BP1A2021,0,0,original
1266,S2535840__S2535840_0_BP1A2021,0,0,original
1267,S2134277__S2134277,1,0,original
1268,S2524760__S2524760_0_BP1A2021,0,0,original
1269,S2134277__S2134277,1,0,original
1270,S2346179__S23-46179-_-BIOPSY,1,0,original
1271,S2531989__S2531989_0_BP1A2021,0,0,original
1272,S17-42935__S17-42935,1,0,original
1273,S2039743__S20-39743-L-PLHE_1,1,0,original
1274,S2039743__S20-39743-L-PLHE_1,1,0,original
1275,S2409392__S2409392,0,0,original
1276,S19-40316__S19-40316,1,0,original
1277,S2513848__S25-13848_0_BP1A2021_131436,0,0,original
1278,S2415689__S24-15689-_-BIOPSY,1,0,original
1279,S2529112__S2529112_0_BP1A2021,0,0,original
1280,S2526362__S2526362_0_BP1A2021,0,0,original
1281,S2513848__S25-13848_0_BP1A2021_131436,0,0,original
1282,S2424250__S2424250,0,0,original
1283,S2427695__S2427695_BP1B27_C_14045_3,0,0,original
1284,S2521240__S2521240_0_BP1A2021,1,0,original
1285,S2235518__S22-35518-_-BIOPSY,0,0,original
1286,S2529112__S2529112_0_BP1A2021,0,0,original
1287,S2511859__S25-11859_0_BP1A2021_150616,0,0,original
1288,S2134277__S2134277,1,0,original
1289,S2409390__S2409390,0,0,original
1290,S2521240__S2521240_0_BP1A2021,1,0,original
1291,S2128633__S2128633--DEEP,1,0,original
1292,S2346179__S23-46179-_-BIOPSY,1,0,original
1293,S2039743__S20-39743-P-PLHE_3,1,0,original
1294,S17-42935__S17-42935,1,0,original
1295,S2409392__S2409392,0,0,original
1296,S2237603__S22-37603-_-_1,0,0,original
1297,S2406038__S2406038,0,0,original
1298,S2346179__S23-46179-_-BIOPSY,1,0,original
1299,S2530063__S2530063_0_BP1A2021,0,0,original
1300,S2128633__S2128633--DEEP,1,0,original
1301,S2530991__S2530991_0_BP1A2021,0,0,original
1302,S2427695__S2427695_BP1B27_C_14045_3,0,0,original
1303,S2406753__S24-06753-_-DEEP_1,0,0,original
1304,S2521240__S2521240_0_BP1A2021,1,0,original
1305,S2352429__S23-52429-_-RECUT_1,0,0,original
1306,S2326329__S23-26329-_-BIOPSY,0,0,original
1307,S2434918__S24-34918-_-BIOPSY,1,0,original
1308,S2513846__S25-13846_0_BP1A2021_161650,0,0,original
1309,S2521240__S2521240_0_BP1A2021,1,0,original
1310,S2352429__S23-52429-_-BIOPSY,0,0,original
1311,S2409390__S2409390,0,0,original
1312,S2513846__S25-13846_0_BP1A2021_131523,0,0,original
1313,S2522980__S2522980_0_BP1A2021,0,0,original
1314,S2134277__S2134277,1,0,original
1315,S2423618__S24-23618-_-RECUT_2,0,0,original
1316,S2352429__S23-52429-_-BIOPSY,0,0,original
1317,S2529112__S2529112_0_BP1A2021,0,0,original
1318,S2424258__S2424258,0,0,original
1319,S2513847__S25-13847_0_BP1A2021_131603,0,0,original
1320,S2522980__S2522980_0_BP1A2021,0,0,original
1321,S16-17719__S16-17719,1,0,original
1322,S2424258__S2424258,0,0,original
1323,S19-19367__S19-19367,1,0,original
1324,S2531989__S2531989_0_BP1A2021,0,0,original
1325,S17-42935__S17-42935,1,0,original
1326,S2039743__S20-39743-P-PLHE_3,1,0,original
1327,S2039743__S20-39743-L-PLHE_1,1,0,original
1328,S2522980__S2522980_0_BP1A2021,0,0,original
1329,S17-42935__S17-42935,1,0,original
1330,S19-19367__S19-19367,1,0,original
1331,S19-40063__S19-40063,0,0,original
1332,S2513847__S25-13847_0_BP1A2021_131603,0,0,original
1333,S16-17719__S16-17719,1,0,original
1334,S2039743__S20-39743-P-PLHE_3,1,0,original
1335,S2247860__S22-47860-_-DEEP_1,1,0,original
1336,S2529112__S2529112_0_BP1A2021,0,0,original
1337,S2522980__S2522980_0_BP1A2021,0,0,original
1338,S2522980__S2522980_0_BP1A2021,0,0,original
1339,S2415689__S24-15689-_-BIOPSY,1,0,original
1340,S19-40063__S19-40063,0,0,original
1341,S17-42935__S17-42935,1,0,original
1342,S2526362__S2526362_0_BP1A2021,0,0,original
1343,S2515598__S25-15598_0__144202,0,0,original
1344,S2511006__S25-11006_0_BP1A2021_052242,0,0,original
1345,S2134277__S2134277,1,0,original
1346,S2406753__S24-06753-_-SERIAL_2,0,0,original
1347,S2039743__S20-39743-C-PLHE_0,1,0,original
1348,S2326329__S23-26329-_-BIOPSY,0,0,original
1349,S2521240__S2521240_0_BP1A2021,1,0,original
1350,S19-40316__S19-40316,1,0,original
1351,S2415689__S24-15689-_-BIOPSY,1,0,original
1352,S2521240__S2521240_0_BP1A2021,1,0,original
1353,S2134277__S2134277,1,0,original
1354,S2039743__S20-39743-P-PLHE_3,1,0,original
1355,S2424250__S2424250,0,0,original
1356,S2513846__S25-13846_0_BP1A2021_161650,0,0,original
1357,S2434918__S24-34918-_-BIOPSY,1,0,original
1358,S2415689__S24-15689-_-BIOPSY,1,0,original
1359,S2427695__S2427695_BP1B27_C_14045_3,0,0,original
1360,S2521240__S2521240_0_BP1A2021,1,0,original
1361,S2352429__S23-52429-_-BIOPSY,0,0,original
1362,S2427695__S24-27695-_-BIOPSY,0,0,original
1363,S2526362__S2526362_0_BP1A2021,0,0,original
1364,S2406753__S24-06753-_-DEEP_1,0,0,original
1365,S2424250__S2424250,0,0,original
1366,S2527323__S2527323_0_BP1A2021,0,0,original
1367,S2530991__S2530991_0_BP1A2021,0,0,original
1368,S2237603__S22-37603-_-_1,0,0,original
1369,S19-40063__S19-40063,0,0,original
1370,S19-19367__S19-19367,1,0,original
1371,S19-40316__S19-40316,1,0,original
1372,S2326329__S23-26329-_-BIOPSY,0,0,original
1373,S2352429__S23-52429-_-RECUT_1,0,0,original
1374,S2427695__S24-27695-_-BIOPSY,0,0,original
1375,S2424259__S2424259,0,0,original
1376,S2529112__S2529112_0_BP1A2021,0,0,original
1377,S2434918__S24-34918-_-BIOPSY,1,0,original
1378,S17-42935__S17-42935,1,0,original
1379,S2134277__S2134277,1,0,original
1380,S2409392__S2409392,0,0,original
1381,S2434918__S24-34918-_-BIOPSY,1,0,original
1382,S2513846__S25-13846_0_BP1A2021_161650,0,0,original
1383,S2415689__S24-15689-_-BIOPSY,1,0,original
1384,S2427695__S24-27695-_-BIOPSY,0,0,original
1385,S19-40063__S19-40063,0,0,original
1386,S16-17719__S16-17719,1,0,original
1387,S2346179__S23-46179-_-BIOPSY,1,0,original
1388,S2515598__S25-15598_0__144202,0,0,original
1389,S2424259__S2424259,0,0,original
1390,S2424258__S2424258,0,0,original
1391,S2352429__S23-52429-_-RECUT_1,0,0,original
1392,S2521240__S2521240_0_BP1A2021,1,0,original
1393,S2527323__S2527323_0_BP1A2021,0,0,original
1394,S2247860__S22-47860-_-DEEP_1,1,0,original
1395,S2039743__S20-39743-L-PLHE_1,1,0,original
1396,S2521240__S2521240_0_BP1A2021,1,0,original
1397,S2415689__S24-15689-_-BIOPSY,1,0,original
1398,S2409390__S2409390,0,0,original
1399,S2039743__S20-39743-L-PLHE_1,1,0,original
1400,S2247860__S22-47860-_-DEEP_1,1,0,original
1401,S2530063__S2530063_0_BP1A2021,0,0,original
1402,S2511008__S25-11008_0_BP1A2021_052339,1,0,original
1403,S2511008__S25-11008_0_BP1A2021_052339,1,0,original
1404,S2515598__S25-15598_0__144202,0,0,original
1405,S2409390__S2409390,0,0,original
1406,S18-18746__S18-18746,1,0,original
1407,S2352429__S23-52429-_-RECUT_1,0,0,original
1408,S2434918__S24-34918-_-BIOPSY,1,0,original
1409,S2530049__S2530049_0_BP1A2021,0,0,original
1410,S2521240__S2521240_0_BP1A2021,1,0,original
1411,S2247860__S22-47860-_-DEEP_1,1,0,original
1412,S16-17719__S16-17719,1,0,original
1413,S19-40316__S19-40316,1,0,original
1414,S19-19367__S19-19367,1,0,original
1415,S19-40316__S19-40316,1,0,original
1416,S2513846__S25-13846_0_BP1A2021_131523,0,0,original
1417,S2134277__S2134277,1,0,original
1418,S16-17719__S16-17719,1,0,original
1419,S2530049__S2530049_0_BP1A2021,0,0,original
1420,S2533022__S2533022_0_BP1A2021,0,0,original
1421,S2530049__S2530049_0_BP1A2021,0,0,original
1422,S2504719__S25-04719-_-DEEP_1,0,0,original
1423,S2039743__S20-39743-P-PLHE_3,1,0,original
1424,S2529112__S2529112_0_BP1A2021,0,0,original
1425,S2128633__S2128633--DEEP,1,0,original
1426,S2513847__S25-13847_0_BP1A2021_131603,0,0,original
1427,S19-40063__S19-40063,0,0,original
1428,S2513846__S25-13846_0_BP1A2021_131523,0,0,original
1429,S2039743__S20-39743-L-PLHE_1,1,0,original
1430,S2530049__S2530049_0_BP1A2021,0,0,original
1431,S2511008__S25-11008_0_BP1A2021_052339,1,0,original
1432,S2346179__S23-46179-_-BIOPSY,1,0,original
1433,S2134277__S2134277,1,0,original
1434,S2513847__S25-13847_0_BP1A2021_131603,0,0,original
1435,S2039743__S20-39743-L-PLHE_1,1,0,original
1436,S2134277__S2134277,1,0,original
1437,S2415689__S24-15689-_-BIOPSY,1,0,original
1438,S2039743__S20-39743-P-PLHE_3,1,0,original
1439,S2522980__S2522980_0_BP1A2021,0,0,original
1440,S2434918__S24-34918-_-BIOPSY,1,0,original
1441,S2521240__S2521240_0_BP1A2021,1,0,original
1442,S2039743__S20-39743-P-PLHE_3,1,0,original
1443,S2424258__S2424258,0,0,original
1444,S18-18746__S18-18746,1,0,original
1445,S2406753__S24-06753-_-DEEP_1,0,0,original
1446,S2522980__S2522980_0_BP1A2021,0,0,original
1447,S2409392__S2409392,0,0,original
1448,S2424258__S2424258,0,0,original
1449,S2039743__S20-39743-L-PLHE_1,1,0,original
1450,S2527323__S2527323_0_BP1A2021,0,0,original
1451,S2511006__S25-11006_0_BP1A2021_052242,0,0,original
1452,S2513847__S25-13847_0_BP1A2021_131603,0,0,original
1453,S2352429__S23-52429-_-RECUT_1,0,0,original
1454,S2235518__S22-35518-_-BIOPSY,0,0,original
1455,S2039743__S20-39743-P-PLHE_3,1,0,original
1456,S2521240__S2521240_0_BP1A2021,1,0,original
1457,S2423618__S24-23618-_-RECUT_2,0,0,original
1458,S2326329__S23-26329-_-BIOPSY,0,0,original
1459,S2039743__S20-39743-L-PLHE_1,1,0,original
1460,S19-40316__S19-40316,1,0,original
1461,S2527323__S2527323_0_BP1A2021,0,0,original
1462,S2529112__S2529112_0_BP1A2021,0,0,original
1463,S2415689__S24-15689-_-BIOPSY,1,0,original
1464,S2128633__S2128633--DEEP,1,0,original
1465,S2522980__S2522980_0_BP1A2021,0,0,original
1466,S16-17719__S16-17719,1,0,original
1467,S19-19367__S19-19367,1,0,original
1468,S2134277__S2134277,1,0,original
1469,S2134277__S2134277,1,0,original
1470,S2352429__S23-52429-_-BIOPSY,0,0,original
1471,S19-40316__S19-40316,1,0,original
1472,S2424250__S2424250,0,0,original
1473,S2247860__S22-47860-_-DEEP_1,1,0,original
1474,S19-40063__S19-40063,0,0,original
1475,S2511008__S25-11008_0_BP1A2021_052339,1,0,original
1476,S2521239__S2521239_0_BP1A2021,0,0,original
1477,S2326329__S23-26329-_-BIOPSY,0,0,original
1478,S2530063__S2530063_0_BP1A2021,0,0,original
1479,S2237603__S22-37603-_-_1,0,0,original
1480,S17-42935__S17-42935,1,0,original
1481,S2513846__S25-13846_0_BP1A2021_131523,0,0,original
1482,S2423618__S24-23618-_-RECUT_2,0,0,original
1483,S2527323__S2527323_0_BP1A2021,0,0,original
1484,S2434918__S24-34918-_-BIOPSY,1,0,original
1485,S16-17719__S16-17719,1,0,original
1486,S2522980__S2522980_0_BP1A2021,0,0,original
1487,S2515598__S25-15598_0__144202,0,0,original
1488,S2128633__S2128633--DEEP,1,0,original
1489,S2406753__S24-06753-_-SERIAL_2,0,0,original
1490,S19-40316__S19-40316,1,0,original
1491,S2134277__S2134277,1,0,original
1492,S2346179__S23-46179-_-BIOPSY,1,0,original
1493,S2424258__S2424258,0,0,original
1494,S2235518__S22-35518-_-BIOPSY,0,0,original
1495,S2531989__S2531989_0_BP1A2021,0,0,original
1496,S19-40316__S19-40316,1,0,original
1497,S2247860__S22-47860-_-DEEP_1,1,0,original
1498,S2521239__S2521239_0_BP1A2021,0,0,original
1499,S16-17719__S16-17719,1,0,original
1500,S18-18746__S18-18746,1,0,original
1501,S2128633__S2128633--DEEP,1,0,original
1502,S2039743__S20-39743-C-PLHE_0,1,0,original
1503,S2434918__S24-34918-_-BIOPSY,1,0,original
1504,S2527323__S2527323_0_BP1A2021,0,0,original
1505,S2533022__S2533022_0_BP1A2021,0,0,original
1506,S2425843__S24-25843-_-BIOPSY,0,0,original
1507,S2511006__S25-11006_0_BP1A2021_052242,0,0,original
1508,S19-19367__S19-19367,1,0,original
1509,S2406753__S24-06753-_-DEEP_1,0,0,original
1510,S17-42935__S17-42935,1,0,original
1511,S2134277__S2134277,1,0,original
1512,S2434918__S24-34918-_-BIOPSY,1,0,original
1513,S2511006__S25-11006_0_BP1A2021_052242,0,0,original
1514,S19-19367__S19-19367,1,0,original
1515,S2425843__S24-25843-_-BIOPSY,0,0,original
1516,S2521239__S2521239_0_BP1A2021,0,0,original
1517,S16-17719__S16-17719,1,0,original
1518,S18-18746__S18-18746,1,0,original
1519,S2134277__S2134277,1,0,original
1520,S2134277__S2134277,1,0,original
1521,S2513848__S25-13848_0_BP1A2021_131436,0,0,original
1522,S2530991__S2530991_0_BP1A2021,0,0,original
1523,S2513846__S25-13846_0_BP1A2021_131523,0,0,original
1524,S2513848__S25-13848_0_BP1A2021_131436,0,0,original
1525,S2529112__S2529112_0_BP1A2021,0,0,original
1526,S2406038__S2406038,0,0,original
1527,S2352429__S23-52429-_-RECUT_1,0,0,original
1528,S2524760__S2524760_0_BP1A2021,0,0,original
1529,S16-17719__S16-17719,1,0,original
1530,S19-19367__S19-19367,1,0,original
1531,S2530991__S2530991_0_BP1A2021,0,0,original
1532,S2434918__S24-34918-_-BIOPSY,1,0,original
1533,S2415689__S24-15689-_-BIOPSY,1,0,original
1534,S2235518__S22-35518-_-BIOPSY,0,0,original
1535,S16-17719__S16-17719,1,0,original
1536,S2039743__S20-39743-L-PLHE_1,1,0,original
1537,S2530063__S2530063_0_BP1A2021,0,0,original
1538,S2530063__S2530063_0_BP1A2021,0,0,original
1539,S2531989__S2531989_0_BP1A2021,0,0,original
1540,S2511006__S25-11006_0_BP1A2021_052242,0,0,original
1541,S2423618__S24-23618-_-RECUT_2,0,0,original
1542,S19-19367__S19-19367,1,0,original
1543,S2504719__S25-04719-_-DEEP_1,0,0,original
1544,S2504719__S25-04719-_-DEEP_1,0,0,original
1545,S2511859__S25-11859_0_BP1A2021_150616,0,0,original
1546,S2526362__S2526362_0_BP1A2021,0,0,original
1547,S2346179__S23-46179-_-BIOPSY,1,0,original
1548,S2423618__S24-23618-_-RECUT_2,0,0,original
1549,S18-18746__S18-18746,1,0,original
1550,S2522980__S2522980_0_BP1A2021,0,0,original
1551,S2513846__S25-13846_0_BP1A2021_131523,0,0,original
1552,S2128633__S2128633--DEEP,1,0,original
1553,S2346179__S23-46179-_-BIOPSY,1,0,original
1554,S2434918__S24-34918-_-BIOPSY,1,0,original
1555,S2423618__S24-23618-_-RECUT_2,0,0,original
1556,S2415689__S24-15689-_-BIOPSY,1,0,original
1557,S2434918__S24-34918-_-BIOPSY,1,0,original
1558,S2515598__S25-15598_0__144202,0,0,original
1559,S2134277__S2134277,1,0,original
1560,S2247860__S22-47860-_-DEEP_1,1,0,original
1561,S2346179__S23-46179-_-BIOPSY,1,0,original
1562,S18-18746__S18-18746,1,0,original
1563,S2515598__S25-15598_0__144202,0,0,original
1564,S2434918__S24-34918-_-BIOPSY,1,0,original
1565,S2406753__S24-06753-_-SERIAL_2,0,0,original
1566,S2415689__S24-15689-_-BIOPSY,1,0,original
1567,S2039743__S20-39743-L-PLHE_1,1,0,original
1568,S2424250__S2424250,0,0,original
1569,S2515598__S25-15598_0__144202,0,0,original
1570,S2425843__S24-25843-_-BIOPSY,0,0,original
1571,S2039743__S20-39743-P-PLHE_3,1,0,original
1572,S2039743__S20-39743-L-PLHE_1,1,0,original
1573,S2530063__S2530063_0_BP1A2021,0,0,original
1574,S2346179__S23-46179-_-BIOPSY,1,0,original
1575,S18-18746__S18-18746,1,0,original
1576,S2434918__S24-34918-_-BIOPSY,1,0,original
1577,S2352429__S23-52429-_-BIOPSY,0,0,original
1578,S2415689__S24-15689-_-BIOPSY,1,0,original
1579,S2425843__S24-25843-_-BIOPSY,0,0,original
1580,S16-17719__S16-17719,1,0,original
1581,S2530991__S2530991_0_BP1A2021,0,0,original
1582,S2039743__S20-39743-C-PLHE_0,1,0,original
1583,S2427695__S2427695_BP1B27_C_14045_3,0,0,original
1584,S2511008__S25-11008_0_BP1A2021_052339,1,0,original
1585,S19-19367__S19-19367,1,0,original
1586,S19-40316__S19-40316,1,0,original
1587,S19-19367__S19-19367,1,0,original
1588,S2511008__S25-11008_0_BP1A2021_052339,1,0,original
1589,S2521240__S2521240_0_BP1A2021,1,0,original
1590,S2424259__S2424259,0,0,original
1591,S2533022__S2533022_0_BP1A2021,0,0,original
1592,S2511859__S25-11859_0_BP1A2021_150616,0,0,original
1593,S2352429__S23-52429-_-RECUT_1,0,0,original
1594,S2427695__S2427695_BP1B27_C_14045_3,0,0,original
1595,S2346179__S23-46179-_-BIOPSY,1,0,original
1596,S2530049__S2530049_0_BP1A2021,0,0,original
1597,S16-17719__S16-17719,1,0,original
1598,S17-42935__S17-42935,1,0,original
1599,S2513846__S25-13846_0_BP1A2021_161650,0,0,original
1600,S2524760__S2524760_0_BP1A2021,0,0,original
1601,S2415689__S24-15689-_-BIOPSY,1,0,original
1602,S2235518__S22-35518-_-BIOPSY,0,0,original
1603,S16-17719__S16-17719,1,0,original
1604,S2529112__S2529112_0_BP1A2021,0,0,original
1605,S2524760__S2524760_0_BP1A2021,0,0,original
1606,S2423618__S24-23618-_-RECUT_2,0,0,original
1607,S2529112__S2529112_0_BP1A2021,0,0,original
1608,S19-40316__S19-40316,1,0,original
1609,S2415689__S24-15689-_-BIOPSY,1,0,original
1610,S2409390__S2409390,0,0,original
1611,S2522994__S2522994_0_BP1A2021,0,0,original
1612,S2511859__S25-11859_0_BP1A2021_150616,0,0,original
1613,S2524760__S2524760_0_BP1A2021,0,0,original
1614,S2427695__S2427695_BP1B27_C_14045_3,0,0,original
1615,S16-17719__S16-17719,1,0,original
1616,S2415689__S24-15689-_-BIOPSY,1,0,original
1617,S2530049__S2530049_0_BP1A2021,0,0,original
1618,S18-18746__S18-18746,1,0,original
1619,S2521239__S2521239_0_BP1A2021,0,0,original
1620,S2530063__S2530063_0_BP1A2021,0,0,original
1621,S19-19367__S19-19367,1,0,original
1622,S2511008__S25-11008_0_BP1A2021_052339,1,0,original
1623,S2134277__S2134277,1,0,original
1624,S2039743__S20-39743-P-PLHE_3,1,0,original
1625,S2527323__S2527323_0_BP1A2021,0,0,original
1626,S2235518__S22-35518-_-BIOPSY,0,0,original
1627,S19-19367__S19-19367,1,0,original
1628,S16-17719__S16-17719,1,0,original
1629,S2511008__S25-11008_0_BP1A2021_052339,1,0,original
1630,S2346179__S23-46179-_-BIOPSY,1,0,original
1631,S2524760__S2524760_0_BP1A2021,0,0,original
1632,S2511006__S25-11006_0_BP1A2021_052242,0,0,original
1633,S2409392__S2409392,0,0,original
1634,S2515598__S25-15598_0__144202,0,0,original
1635,S2511008__S25-11008_0_BP1A2021_052339,1,0,original
1636,S2522980__S2522980_0_BP1A2021,0,0,original
1637,S2039743__S20-39743-L-PLHE_1,1,0,original
1638,S2406038__S2406038,0,0,original
1639,S19-40316__S19-40316,1,0,original
1640,S19-19367__S19-19367,1,0,original
1641,S2406753__S24-06753-_-SERIAL_2,0,0,original
1642,S2406038__S2406038,0,0,original
1643,S2513848__S25-13848_0_BP1A2021_131436,0,0,original
1644,S2134277__S2134277,1,0,original
1645,S19-40063__S19-40063,0,0,original
1646,S2521239__S2521239_0_BP1A2021,0,0,original
1647,S2247860__S22-47860-_-DEEP_1,1,0,original
1648,S2406753__S24-06753-_-DEEP_1,0,0,original
1649,S19-19367__S19-19367,1,0,original
1650,S2352429__S23-52429-_-BIOPSY,0,0,original
1651,S2423618__S24-23618-_-RECUT_2,0,0,original
1652,S2425843__S24-25843-_-BIOPSY,0,0,original
1653,S2424259__S2424259,0,0,original
1654,S2526362__S2526362_0_BP1A2021,0,0,original
1655,S2533022__S2533022_0_BP1A2021,0,0,original
1656,S2513848__S25-13848_0_BP1A2021_131436,0,0,original
1657,S2352429__S23-52429-_-BIOPSY,0,0,original
1658,S2521240__S2521240_0_BP1A2021,1,0,original
1659,S18-18746__S18-18746,1,0,original
1660,S2134277__S2134277,1,0,original
1661,S2352429__S23-52429-_-BIOPSY,0,0,original
1662,S2039743__S20-39743-C-PLHE_0,1,0,original
1663,S2529112__S2529112_0_BP1A2021,0,0,original
1664,S2237603__S22-37603-_-_1,0,0,original
1665,S2530991__S2530991_0_BP1A2021,0,0,original
1666,S2521240__S2521240_0_BP1A2021,1,0,original
1667,S2039743__S20-39743-L-PLHE_1,1,0,original
1668,S2530063__S2530063_0_BP1A2021,0,0,original
1669,S18-18746__S18-18746,1,0,original
1670,S2522994__S2522994_0_BP1A2021,0,0,original
1671,S2134277__S2134277,1,0,original
1672,S17-42935__S17-42935,1,0,original
1673,S2511008__S25-11008_0_BP1A2021_052339,1,0,original
1674,S2326329__S23-26329-_-BIOPSY,0,0,original
1675,S2530991__S2530991_0_BP1A2021,0,0,original
1676,S2128633__S2128633--DEEP,1,0,original
1677,S2039743__S20-39743-L-PLHE_1,1,0,original
1678,S2346179__S23-46179-_-BIOPSY,1,0,original
1679,S2406038__S2406038,0,0,original
1680,S2530063__S2530063_0_BP1A2021,0,0,original
1681,S2521240__S2521240_0_BP1A2021,1,0,original
1682,S2530063__S2530063_0_BP1A2021,0,0,original
1683,S2352429__S23-52429-_-RECUT_1,0,0,original
1684,S2424258__S2424258,0,0,original
1685,S2530049__S2530049_0_BP1A2021,0,0,original
1686,S2511008__S25-11008_0_BP1A2021_052339,1,0,original
1687,S2530063__S2530063_0_BP1A2021,0,0,original
1688,S2529112__S2529112_0_BP1A2021,0,0,original
1689,S2346179__S23-46179-_-BIOPSY,1,0,original
1690,S2247860__S22-47860-_-DEEP_1,1,0,original
1691,S2424258__S2424258,0,0,original
1692,S2134277__S2134277,1,0,original
1693,S19-40316__S19-40316,1,0,original
1694,S2039743__S20-39743-C-PLHE_0,1,0,original
1695,S2521240__S2521240_0_BP1A2021,1,0,original
1696,S2531989__S2531989_0_BP1A2021,0,0,original
1697,S2039743__S20-39743-P-PLHE_3,1,0,original
1698,S2526362__S2526362_0_BP1A2021,0,0,original
1699,S17-42935__S17-42935,1,0,original
1700,S2406038__S2406038,0,0,original
1701,S2352429__S23-52429-_-BIOPSY,0,0,original
1702,S2039743__S20-39743-L-PLHE_1,1,0,original
1703,S2521240__S2521240_0_BP1A2021,1,0,original
1704,S2039743__S20-39743-P-PLHE_3,1,0,original
1705,S2134277__S2134277,1,0,original
1706,S2511859__S25-11859_0_BP1A2021_150616,0,0,original
1707,S2434918__S24-34918-_-BIOPSY,1,0,original
1708,S2409390__S2409390,0,0,original
1709,S2128633__S2128633--DEEP,1,0,original
1710,S2513846__S25-13846_0_BP1A2021_131523,0,0,original
1711,S19-19367__S19-19367,1,0,original
1712,S2039743__S20-39743-C-PLHE_0,1,0,original
1713,S2424259__S2424259,0,0,original
1714,S2406753__S24-06753-_-SERIAL_2,0,0,original
1715,S2530991__S2530991_0_BP1A2021,0,0,original
1716,S2039743__S20-39743-P-PLHE_3,1,0,original
1717,S2346179__S23-46179-_-BIOPSY,1,0,original
1718,S2522980__S2522980_0_BP1A2021,0,0,original
1719,S17-42935__S17-42935,1,0,original
1720,S2531989__S2531989_0_BP1A2021,0,0,original
1721,S2521240__S2521240_0_BP1A2021,1,0,original
1722,S17-42935__S17-42935,1,0,original
1723,S2522980__S2522980_0_BP1A2021,0,0,original
1724,S2434918__S24-34918-_-BIOPSY,1,0,original
1725,S2409390__S2409390,0,0,original
1726,S2247860__S22-47860-_-DEEP_1,1,0,original
1727,S2134277__S2134277,1,0,original
1728,S19-40316__S19-40316,1,0,original
1729,S2346179__S23-46179-_-BIOPSY,1,0,original
1730,S2415689__S24-15689-_-BIOPSY,1,0,original
1731,S2134277__S2134277,1,0,original
1732,S16-17719__S16-17719,1,0,original
1733,S2247860__S22-47860-_-DEEP_1,1,0,original
1734,S2511008__S25-11008_0_BP1A2021_052339,1,0,original
1735,S2039743__S20-39743-L-PLHE_1,1,0,original
1736,S2326329__S23-26329-_-BIOPSY,0,0,original
1737,S2423618__S24-23618-_-RECUT_2,0,0,original
1738,S16-17719__S16-17719,1,0,original
1739,S16-17719__S16-17719,1,0,original
1740,S2423618__S24-23618-_-RECUT_2,0,0,original
1741,S2530049__S2530049_0_BP1A2021,0,0,original
1742,S2522980__S2522980_0_BP1A2021,0,0,original
1743,S2511008__S25-11008_0_BP1A2021_052339,1,0,original
1744,S19-19367__S19-19367,1,0,original
1745,S2535840__S2535840_0_BP1A2021,0,0,original
1746,S2530049__S2530049_0_BP1A2021,0,0,original
1747,S2039743__S20-39743-P-PLHE_3,1,0,original
1748,S2352429__S23-52429-_-BIOPSY,0,0,original
1749,S17-42935__S17-42935,1,0,original
1750,S2128633__S2128633--DEEP,1,0,original
1751,S2513848__S25-13848_0_BP1A2021_131436,0,0,original
1752,S2039743__S20-39743-P-PLHE_3,1,0,original
1753,S2409390__S2409390,0,0,original
1754,S2504719__S25-04719-_-DEEP_1,0,0,original
1755,S2424258__S2424258,0,0,original
1756,S2529112__S2529112_0_BP1A2021,0,0,original
1757,S19-19367__S19-19367,1,0,original
1758,S2521240__S2521240_0_BP1A2021,1,0,original
1759,S2425843__S24-25843-_-BIOPSY,0,0,original
1760,S2415689__S24-15689-_-BIOPSY,1,0,original
1761,S2504719__S25-04719-_-DEEP_1,0,0,original
1762,S2511008__S25-11008_0_BP1A2021_052339,1,0,original
1763,S19-40316__S19-40316,1,0,original
1764,S19-19367__S19-19367,1,0,original
1765,S2406038__S2406038,0,0,original
1766,S19-19367__S19-19367,1,0,original
1767,S2134277__S2134277,1,0,original
1768,S2511859__S25-11859_0_BP1A2021_150616,0,0,original
1769,S2533022__S2533022_0_BP1A2021,0,0,original
1770,S2434918__S24-34918-_-BIOPSY,1,0,original
1771,S2346179__S23-46179-_-BIOPSY,1,0,original
1772,S2521240__S2521240_0_BP1A2021,1,0,original
1773,S2531989__S2531989_0_BP1A2021,0,0,original
1774,S2134277__S2134277,1,0,original
1775,S2406038__S2406038,0,0,original
1776,S18-18746__S18-18746,1,0,original
1777,S2511008__S25-11008_0_BP1A2021_052339,1,0,original
1778,S19-40316__S19-40316,1,0,original
1779,S17-42935__S17-42935,1,0,original
1780,S2425843__S24-25843-_-BIOPSY,0,0,original
1781,S2529112__S2529112_0_BP1A2021,0,0,original
1782,S17-42935__S17-42935,1,0,original
1783,S2424250__S2424250,0,0,original
1784,S2434918__S24-34918-_-BIOPSY,1,0,original
1785,S2415689__S24-15689-_-BIOPSY,1,0,original
1786,S2530991__S2530991_0_BP1A2021,0,0,original
1787,S2424259__S2424259,0,0,original
1788,S2406753__S24-06753-_-DEEP_1,0,0,original
1789,S2409392__S2409392,0,0,original
1790,S2434918__S24-34918-_-BIOPSY,1,0,original
1791,S2521239__S2521239_0_BP1A2021,0,0,original
1792,S2531989__S2531989_0_BP1A2021,0,0,original
1793,S2530049__S2530049_0_BP1A2021,0,0,original
1794,S2530063__S2530063_0_BP1A2021,0,0,original
1795,S2522994__S2522994_0_BP1A2021,0,0,original
1796,S2424259__S2424259,0,0,original
1797,S17-42935__S17-42935,1,0,original
1798,S2513846__S25-13846_0_BP1A2021_131523,0,0,original
1799,S2352429__S23-52429-_-BIOPSY,0,0,original
1800,S2406753__S24-06753-_-DEEP_1,0,0,original
1801,S2346179__S23-46179-_-BIOPSY,1,0,original
1802,S2424250__S2424250,0,0,original
1803,S2521240__S2521240_0_BP1A2021,1,0,original
1804,S2531989__S2531989_0_BP1A2021,0,0,original
1805,S19-40316__S19-40316,1,0,original
1806,S2039743__S20-39743-L-PLHE_1,1,0,original
1807,S2434918__S24-34918-_-BIOPSY,1,0,original
1808,S2352429__S23-52429-_-BIOPSY,0,0,original
1809,S2415689__S24-15689-_-BIOPSY,1,0,original
1810,S2533022__S2533022_0_BP1A2021,0,0,original
1811,S2134277__S2134277,1,0,original
1812,S2522980__S2522980_0_BP1A2021,0,0,original
1813,S2247860__S22-47860-_-DEEP_1,1,0,original
1814,S2531989__S2531989_0_BP1A2021,0,0,original
1815,S2415689__S24-15689-_-BIOPSY,1,0,original
1816,S2415689__S24-15689-_-BIOPSY,1,0,original
1817,S2409390__S2409390,0,0,original
1818,S2511006__S25-11006_0_BP1A2021_052242,0,0,original
1819,S2237603__S22-37603-_-_1,0,0,original
1820,S2522994__S2522994_0_BP1A2021,0,0,original
1821,S19-19367__S19-19367,1,0,original
1822,S2425843__S24-25843-_-BIOPSY,0,0,original
1823,S2434918__S24-34918-_-BIOPSY,1,0,original
1824,S16-17719__S16-17719,1,0,original
1825,S2425843__S24-25843-_-BIOPSY,0,0,original
1826,S2039743__S20-39743-C-PLHE_0,1,0,original
1827,S2326329__S23-26329-_-BIOPSY,0,0,original
1828,S2521240__S2521240_0_BP1A2021,1,0,original
1829,S18-18746__S18-18746,1,0,original
1830,S2039743__S20-39743-C-PLHE_0,1,0,original
1831,S2526362__S2526362_0_BP1A2021,0,0,original
1832,S2524760__S2524760_0_BP1A2021,0,0,original
1833,S19-40063__S19-40063,0,0,original
1834,S2434918__S24-34918-_-BIOPSY,1,0,original
1835,S2134277__S2134277,1,0,original
1836,S2522980__S2522980_0_BP1A2021,0,0,original
1837,S2530049__S2530049_0_BP1A2021,0,0,original
1838,S2527323__S2527323_0_BP1A2021,0,0,original
1839,S2521239__S2521239_0_BP1A2021,0,0,original
1840,S2409390__S2409390,0,0,original
1841,S2326329__S23-26329-_-BIOPSY,0,0,original
1842,S17-42935__S17-42935,1,0,original
1843,S19-40063__S19-40063,0,0,original
1844,S2526362__S2526362_0_BP1A2021,0,0,original
1845,S2425843__S24-25843-_-BIOPSY,0,0,original
1846,S2346179__S23-46179-_-BIOPSY,1,0,original
1847,S2247860__S22-47860-_-DEEP_1,1,0,original
1848,S2406753__S24-06753-_-SERIAL_2,0,0,original
1849,S2247860__S22-47860-_-DEEP_1,1,0,original
1850,S19-19367__S19-19367,1,0,original
1851,S2511008__S25-11008_0_BP1A2021_052339,1,0,original
1852,S2425843__S24-25843-_-BIOPSY,0,0,original
1853,S2530049__S2530049_0_BP1A2021,0,0,original
1854,S2529112__S2529112_0_BP1A2021,0,0,original
1855,S19-19367__S19-19367,1,0,original
1856,S19-19367__S19-19367,1,0,original
1857,S2409390__S2409390,0,0,original
1858,S2424258__S2424258,0,0,original
1859,S2406753__S24-06753-_-DEEP_1,0,0,original
1860,S19-40063__S19-40063,0,0,original
1861,S2427695__S24-27695-_-BIOPSY,0,0,original
1862,S2128633__S2128633--DEEP,1,0,original
1863,S2406753__S24-06753-_-SERIAL_2,0,0,original
1864,S2535840__S2535840_0_BP1A2021,0,0,original
1865,S2524760__S2524760_0_BP1A2021,0,0,original
1866,S2434918__S24-34918-_-BIOPSY,1,0,original
1867,S2039743__S20-39743-L-PLHE_1,1,0,original
1868,S2346179__S23-46179-_-BIOPSY,1,0,original
1869,S2521240__S2521240_0_BP1A2021,1,0,original
1870,S2521240__S2521240_0_BP1A2021,1,0,original
1871,S2039743__S20-39743-L-PLHE_1,1,0,original
1872,S2530049__S2530049_0_BP1A2021,0,0,original
1873,S2511008__S25-11008_0_BP1A2021_052339,1,0,original
1874,S17-42935__S17-42935,1,0,original
1875,S2521240__S2521240_0_BP1A2021,1,0,original
1876,S2406753__S24-06753-_-DEEP_1,0,0,original
1877,S2128633__S2128633--DEEP,1,0,original
1878,S2530049__S2530049_0_BP1A2021,0,0,original
1879,S18-18746__S18-18746,1,0,original
1880,S2352429__S23-52429-_-BIOPSY,0,0,original
1881,S19-19367__S19-19367,1,0,original
1882,S2128633__S2128633--DEEP,1,0,original
1883,S16-17719__S16-17719,1,0,original
1884,S2346179__S23-46179-_-BIOPSY,1,0,original
1885,S18-18746__S18-18746,1,0,original
1886,S2427695__S24-27695-_-BIOPSY,0,0,original
1887,S2247860__S22-47860-_-DEEP_1,1,0,original
1888,S2434918__S24-34918-_-BIOPSY,1,0,original
1889,S2128633__S2128633--DEEP,1,0,original
1890,S2415689__S24-15689-_-BIOPSY,1,0,original
1891,S2511008__S25-11008_0_BP1A2021_052339,1,0,original
1892,S2533022__S2533022_0_BP1A2021,0,0,original
1893,S2521240__S2521240_0_BP1A2021,1,0,original
1894,S19-40316__S19-40316,1,0,original
1895,S2247860__S22-47860-_-DEEP_1,1,0,original
1896,S2424250__S2424250,0,0,original
1897,S2504719__S25-04719-_-DEEP_1,0,0,original
1898,S2522994__S2522994_0_BP1A2021,0,0,original
1899,S2247860__S22-47860-_-DEEP_1,1,0,original
1900,S2409390__S2409390,0,0,original
1901,S2521239__S2521239_0_BP1A2021,0,0,original
1902,S2521239__S2521239_0_BP1A2021,0,0,original
1903,S2237603__S22-37603-_-_1,0,0,original
1904,S2409390__S2409390,0,0,original
1905,S2039743__S20-39743-C-PLHE_0,1,0,original
1906,S2128633__S2128633--DEEP,1,0,original
1907,S16-17719__S16-17719,1,0,original
1908,S2415689__S24-15689-_-BIOPSY,1,0,original
1909,S2521239__S2521239_0_BP1A2021,0,0,original
1910,S2326329__S23-26329-_-BIOPSY,0,0,original
1911,S19-19367__S19-19367,1,0,original
1912,S2504719__S25-04719-_-DEEP_1,0,0,original
1913,S2406753__S24-06753-_-DEEP_1,0,0,original
1914,S2513846__S25-13846_0_BP1A2021_131523,0,0,original
1915,S2406038__S2406038,0,0,original
1916,S2535840__S2535840_0_BP1A2021,0,0,original
1917,S2511008__S25-11008_0_BP1A2021_052339,1,0,original
1918,S2424258__S2424258,0,0,original
1919,S2406753__S24-06753-_-DEEP_1,0,0,original
1920,S2326329__S23-26329-_-BIOPSY,0,0,original
1921,S2511006__S25-11006_0_BP1A2021_052242,0,0,original
1922,S2434918__S24-34918-_-BIOPSY,1,0,original
1923,S17-42935__S17-42935,1,0,original
1924,S2039743__S20-39743-L-PLHE_1,1,0,original
1925,S2409390__S2409390,0,0,original
1926,S2434918__S24-34918-_-BIOPSY,1,0,original
1927,S2424259__S2424259,0,0,original
1928,S2346179__S23-46179-_-BIOPSY,1,0,original
1929,S16-17719__S16-17719,1,0,original
1930,S2511008__S25-11008_0_BP1A2021_052339,1,0,original
1931,S2409392__S2409392,0,0,original
1932,S2425843__S24-25843-_-BIOPSY,0,0,original
1933,S2134277__S2134277,1,0,original
1934,S2039743__S20-39743-L-PLHE_1,1,0,original
1935,S19-40316__S19-40316,1,0,original
1936,S2039743__S20-39743-L-PLHE_1,1,0,original
1937,S17-42935__S17-42935,1,0,original
1938,S2533022__S2533022_0_BP1A2021,0,0,original
1939,S2530991__S2530991_0_BP1A2021,0,0,original
1940,S2039743__S20-39743-C-PLHE_0,1,0,original
1941,S2513846__S25-13846_0_BP1A2021_161650,0,0,original
1942,S2406753__S24-06753-_-DEEP_1,0,0,original
1943,S2406753__S24-06753-_-SERIAL_2,0,0,original
1944,S2247860__S22-47860-_-DEEP_1,1,0,original
1945,S18-18746__S18-18746,1,0,original
1946,S19-40063__S19-40063,0,0,original
1947,S2522980__S2522980_0_BP1A2021,0,0,original
1948,S2415689__S24-15689-_-BIOPSY,1,0,original
1949,S2513846__S25-13846_0_BP1A2021_161650,0,0,original
1950,S2513846__S25-13846_0_BP1A2021_131523,0,0,original
1951,S2513848__S25-13848_0_BP1A2021_131436,0,0,original
1952,S2346179__S23-46179-_-BIOPSY,1,0,original
1953,S2237603__S22-37603-_-_1,0,0,original
1954,S2424250__S2424250,0,0,original
1955,S2522994__S2522994_0_BP1A2021,0,0,original
1956,S2513846__S25-13846_0_BP1A2021_161650,0,0,original
1957,S2530049__S2530049_0_BP1A2021,0,0,original
1958,S2424258__S2424258,0,0,original
1959,S19-40316__S19-40316,1,0,original
1960,S2513846__S25-13846_0_BP1A2021_161650,0,0,original
1961,S16-17719__S16-17719,1,0,original
1962,S2346179__S23-46179-_-BIOPSY,1,0,original
1963,S2247860__S22-47860-_-DEEP_1,1,0,original
1964,S2434918__S24-34918-_-BIOPSY,1,0,original
1965,S19-40316__S19-40316,1,0,original
1966,S2522994__S2522994_0_BP1A2021,0,0,original
1967,S2406038__S2406038,0,0,original
1968,S2134277__S2134277,1,0,original
1969,S2521240__S2521240_0_BP1A2021,1,0,original
1970,S2039743__S20-39743-C-PLHE_0,1,0,original
1971,S2406038__S2406038,0,0,original
1972,S2406753__S24-06753-_-DEEP_1,0,0,original
1973,S2237603__S22-37603-_-_1,0,0,original
1974,S2406753__S24-06753-_-SERIAL_2,0,0,original
1975,S2511008__S25-11008_0_BP1A2021_052339,1,0,original
1976,S2535840__S2535840_0_BP1A2021,0,0,original
1977,S2415689__S24-15689-_-BIOPSY,1,0,original
1978,S2039743__S20-39743-P-PLHE_3,1,0,original
1979,S2504719__S25-04719-_-DEEP_1,0,0,original
1980,S2511859__S25-11859_0_BP1A2021_150616,0,0,original
1981,S2530049__S2530049_0_BP1A2021,0,0,original
1982,S2039743__S20-39743-C-PLHE_0,1,0,original
1983,S2513846__S25-13846_0_BP1A2021_131523,0,0,original
1984,S2134277__S2134277,1,0,original
1985,S2434918__S24-34918-_-BIOPSY,1,0,original
1986,S2521240__S2521240_0_BP1A2021,1,0,original
1987,S2522994__S2522994_0_BP1A2021,0,0,original
1988,S19-40316__S19-40316,1,0,original
1989,S2522980__S2522980_0_BP1A2021,0,0,original
1990,S2134277__S2134277,1,0,original
1991,S2425843__S24-25843-_-BIOPSY,0,0,original
1992,S2533022__S2533022_0_BP1A2021,0,0,original
1993,S2513846__S25-13846_0_BP1A2021_161650,0,0,original
1994,S2515598__S25-15598_0__144202,0,0,original
1995,S2511006__S25-11006_0_BP1A2021_052242,0,0,original
1996,S2424258__S2424258,0,0,original
1997,S2522994__S2522994_0_BP1A2021,0,0,original
1998,S17-42935__S17-42935,1,0,original
1999,S2128633__S2128633--DEEP,1,0,original
2000,S2039743__S20-39743-L-PLHE_1,1,0,original
2001,S2039743__S20-39743-L-PLHE_1,1,0,original
2002,S2039743__S20-39743-C-PLHE_0,1,0,original
2003,S2530063__S2530063_0_BP1A2021,0,0,original
2004,S2247860__S22-47860-_-DEEP_1,1,0,original
2005,S2434918__S24-34918-_-BIOPSY,1,0,original
2006,S2128633__S2128633--DEEP,1,0,original
2007,S2415689__S24-15689-_-BIOPSY,1,0,original
2008,S2511008__S25-11008_0_BP1A2021_052339,1,0,original
2009,S19-40316__S19-40316,1,0,original
2010,S2128633__S2128633--DEEP,1,0,original
2011,S2039743__S20-39743-L-PLHE_1,1,0,original
2012,S2511006__S25-11006_0_BP1A2021_052242,0,0,original
2013,S2235518__S22-35518-_-BIOPSY,0,0,original
2014,S2128633__S2128633--DEEP,1,0,original
2015,S2352429__S23-52429-_-RECUT_1,0,0,original
2016,S2415689__S24-15689-_-BIOPSY,1,0,original
2017,S2434918__S24-34918-_-BIOPSY,1,0,original
2018,S2434918__S24-34918-_-BIOPSY,1,0,original
2019,S2352429__S23-52429-_-BIOPSY,0,0,original
2020,S2326329__S23-26329-_-BIOPSY,0,0,original
2021,S2521240__S2521240_0_BP1A2021,1,0,original
2022,S2247860__S22-47860-_-DEEP_1,1,0,original
2023,S2530063__S2530063_0_BP1A2021,0,0,original
2024,S2521240__S2521240_0_BP1A2021,1,0,original
2025,S16-17719__S16-17719,1,0,original
2026,S2526362__S2526362_0_BP1A2021,0,0,original
2027,S19-40316__S19-40316,1,0,original
2028,S2527323__S2527323_0_BP1A2021,0,0,original
2029,S2346179__S23-46179-_-BIOPSY,1,0,original
2030,S2415689__S24-15689-_-BIOPSY,1,0,original
2031,S19-19367__S19-19367,1,0,original
2032,S2406753__S24-06753-_-DEEP_1,0,0,original
2033,S2530049__S2530049_0_BP1A2021,0,0,original
2034,S2526362__S2526362_0_BP1A2021,0,0,original
2035,S2511008__S25-11008_0_BP1A2021_052339,1,0,original
2036,S2530049__S2530049_0_BP1A2021,0,0,original
2037,S2530991__S2530991_0_BP1A2021,0,0,original
2038,S2406038__S2406038,0,0,original
2039,S2039743__S20-39743-L-PLHE_1,1,0,original
2040,S2406753__S24-06753-_-SERIAL_2,0,0,original
2041,S2128633__S2128633--DEEP,1,0,original
2042,S2434918__S24-34918-_-BIOPSY,1,0,original
2043,S19-40316__S19-40316,1,0,original
2044,S2247860__S22-47860-_-DEEP_1,1,0,original
2045,S2415689__S24-15689-_-BIOPSY,1,0,original
2046,S2134277__S2134277,1,0,original
2047,S2425843__S24-25843-_-BIOPSY,0,0,original
2048,S2134277__S2134277,1,0,original
2049,S2039743__S20-39743-P-PLHE_3,1,0,original
2050,S2326329__S23-26329-_-BIOPSY,0,0,original
2051,S2134277__S2134277,1,0,original
2052,S2521240__S2521240_0_BP1A2021,1,0,original
2053,S2511006__S25-11006_0_BP1A2021_052242,0,0,original
2054,S2434918__S24-34918-_-BIOPSY,1,0,original
2055,S2511006__S25-11006_0_BP1A2021_052242,0,0,original
2056,S2530991__S2530991_0_BP1A2021,0,0,original
2057,S2326329__S23-26329-_-BIOPSY,0,0,original
2058,S17-42935__S17-42935,1,0,original
2059,S2515598__S25-15598_0__144202,0,0,original
2060,S16-17719__S16-17719,1,0,original
2061,S2247860__S22-47860-_-DEEP_1,1,0,original
2062,S2527323__S2527323_0_BP1A2021,0,0,original
2063,S2513848__S25-13848_0_BP1A2021_131436,0,0,original
2064,S2128633__S2128633--DEEP,1,0,original
2065,S2326329__S23-26329-_-BIOPSY,0,0,original
2066,S2529112__S2529112_0_BP1A2021,0,0,original
2067,S2409392__S2409392,0,0,original
2068,S2326329__S23-26329-_-BIOPSY,0,0,original
2069,S2511008__S25-11008_0_BP1A2021_052339,1,0,original
2070,S2533022__S2533022_0_BP1A2021,0,0,original
2071,S2521240__S2521240_0_BP1A2021,1,0,original
2072,S2511008__S25-11008_0_BP1A2021_052339,1,0,original
2073,S19-19367__S19-19367,1,0,original
2074,S2346179__S23-46179-_-BIOPSY,1,0,original
2075,S2531989__S2531989_0_BP1A2021,0,0,original
2076,S2511006__S25-11006_0_BP1A2021_052242,0,0,original
2077,S2424250__S2424250,0,0,original
2078,S2513848__S25-13848_0_BP1A2021_131436,0,0,original
2079,S2521239__S2521239_0_BP1A2021,0,0,original
2080,S2513847__S25-13847_0_BP1A2021_131603,0,0,original
2081,S2406753__S24-06753-_-SERIAL_2,0,0,original
2082,S19-19367__S19-19367,1,0,original
2083,S2530063__S2530063_0_BP1A2021,0,0,original
2084,S2521240__S2521240_0_BP1A2021,1,0,original
2085,S2415689__S24-15689-_-BIOPSY,1,0,original
2086,S2521239__S2521239_0_BP1A2021,0,0,original
2087,S2424258__S2424258,0,0,original
2088,S2039743__S20-39743-L-PLHE_1,1,0,original
2089,S2527323__S2527323_0_BP1A2021,0,0,original
2090,S2134277__S2134277,1,0,original
2091,S16-17719__S16-17719,1,0,original
2092,S19-40316__S19-40316,1,0,original
2093,S2134277__S2134277,1,0,original
2094,S2247860__S22-47860-_-DEEP_1,1,0,original
2095,S16-17719__S16-17719,1,0,original
2096,S2247860__S22-47860-_-DEEP_1,1,0,original
2097,S19-19367__S19-19367,1,0,original
2098,S2533022__S2533022_0_BP1A2021,0,0,original
2099,S2039743__S20-39743-P-PLHE_3,1,0,original
2100,S2409390__S2409390,0,0,original
2101,S2427695__S2427695_BP1B27_C_14045_3,0,0,original
2102,S2511008__S25-11008_0_BP1A2021_052339,1,0,original
2103,S2406753__S24-06753-_-SERIAL_2,0,0,original
2104,S2434918__S24-34918-_-BIOPSY,1,0,original
2105,S2513847__S25-13847_0_BP1A2021_131603,0,0,original
2106,S2504719__S25-04719-_-DEEP_1,0,0,original
2107,S2513848__S25-13848_0_BP1A2021_131436,0,0,original
2108,S2235518__S22-35518-_-BIOPSY,0,0,original
2109,S2346179__S23-46179-_-BIOPSY,1,0,original
2110,S2423618__S24-23618-_-RECUT_2,0,0,original
2111,S2434918__S24-34918-_-BIOPSY,1,0,original
2112,S2521239__S2521239_0_BP1A2021,0,0,original
2113,S2513847__S25-13847_0_BP1A2021_131603,0,0,original
2114,S17-42935__S17-42935,1,0,original
2115,S2530049__S2530049_0_BP1A2021,0,0,original
2116,S16-17719__S16-17719,1,0,original
2117,S2427695__S24-27695-_-BIOPSY,0,0,original
2118,S2247860__S22-47860-_-DEEP_1,1,0,original
2119,S19-19367__S19-19367,1,0,original
2120,S2039743__S20-39743-P-PLHE_3,1,0,original
2121,S2504719__S25-04719-_-DEEP_1,0,0,original
2122,S2425843__S24-25843-_-BIOPSY,0,0,original
2123,S2521240__S2521240_0_BP1A2021,1,0,original
2124,S2346179__S23-46179-_-BIOPSY,1,0,original
2125,S2533022__S2533022_0_BP1A2021,0,0,original
2126,S19-19367__S19-19367,1,0,original
2127,S2134277__S2134277,1,0,original
2128,S2128633__S2128633--DEEP,1,0,original
2129,S2531989__S2531989_0_BP1A2021,0,0,original
2130,S2521240__S2521240_0_BP1A2021,1,0,original
2131,S2526362__S2526362_0_BP1A2021,0,0,original
2132,S2511008__S25-11008_0_BP1A2021_052339,1,0,original
2133,S2521239__S2521239_0_BP1A2021,0,0,original
2134,S2527323__S2527323_0_BP1A2021,0,0,original
2135,S2406753__S24-06753-_-SERIAL_2,0,0,original
2136,S2409392__S2409392,0,0,original
2137,S2531989__S2531989_0_BP1A2021,0,0,original
2138,S2511859__S25-11859_0_BP1A2021_150616,0,0,original
2139,S2134277__S2134277,1,0,original
2140,S2511008__S25-11008_0_BP1A2021_052339,1,0,original
2141,S2511008__S25-11008_0_BP1A2021_052339,1,0,original
2142,S2247860__S22-47860-_-DEEP_1,1,0,original
2143,S2409390__S2409390,0,0,original
2144,S2511859__S25-11859_0_BP1A2021_150616,0,0,original
2145,S2425843__S24-25843-_-BIOPSY,0,0,original
2146,S2511008__S25-11008_0_BP1A2021_052339,1,0,original
2147,S2039743__S20-39743-L-PLHE_1,1,0,original
2148,S2425843__S24-25843-_-BIOPSY,0,0,original
2149,S2128633__S2128633--DEEP,1,0,original
2150,S2424258__S2424258,0,0,original
2151,S2406753__S24-06753-_-DEEP_1,0,0,original
2152,S19-19367__S19-19367,1,0,original
2153,S2521240__S2521240_0_BP1A2021,1,0,original
2154,S19-19367__S19-19367,1,0,original
2155,S2524760__S2524760_0_BP1A2021,0,0,original
2156,S2526362__S2526362_0_BP1A2021,0,0,original
2157,S2513846__S25-13846_0_BP1A2021_161650,0,0,original
2158,S18-18746__S18-18746,1,0,original
2159,S2406753__S24-06753-_-SERIAL_2,0,0,original
2160,S2522994__S2522994_0_BP1A2021,0,0,original
2161,S2039743__S20-39743-L-PLHE_1,1,0,original
2162,S2039743__S20-39743-L-PLHE_1,1,0,original
2163,S2530063__S2530063_0_BP1A2021,0,0,original
2164,S2427695__S24-27695-_-BIOPSY,0,0,original
2165,S2513846__S25-13846_0_BP1A2021_131523,0,0,original
2166,S2039743__S20-39743-L-PLHE_1,1,0,original
2167,S2531989__S2531989_0_BP1A2021,0,0,original
2168,S2039743__S20-39743-P-PLHE_3,1,0,original
2169,S2352429__S23-52429-_-BIOPSY,0,0,original
2170,S2434918__S24-34918-_-BIOPSY,1,0,original
2171,S2134277__S2134277,1,0,original
2172,S18-18746__S18-18746,1,0,original
2173,S2511008__S25-11008_0_BP1A2021_052339,1,0,original
2174,S2039743__S20-39743-L-PLHE_1,1,0,original
2175,S2511008__S25-11008_0_BP1A2021_052339,1,0,original
2176,S2415689__S24-15689-_-BIOPSY,1,0,original
2177,S2134277__S2134277,1,0,original
2178,S2409390__S2409390,0,0,original
2179,S2247860__S22-47860-_-DEEP_1,1,0,original
2180,S2427695__S2427695_BP1B27_C_14045_3,0,0,original
2181,S2128633__S2128633--DEEP,1,0,original
2182,S2513847__S25-13847_0_BP1A2021_131603,0,0,original
2183,S19-40063__S19-40063,0,0,original
2184,S2326329__S23-26329-_-BIOPSY,0,0,original
2185,S19-40316__S19-40316,1,0,original
2186,S2039743__S20-39743-C-PLHE_0,1,0,original
2187,S2531989__S2531989_0_BP1A2021,0,0,original
2188,S18-18746__S18-18746,1,0,original
2189,S2529112__S2529112_0_BP1A2021,0,0,original
2190,S2134277__S2134277,1,0,original
2191,S2513846__S25-13846_0_BP1A2021_131523,0,0,original
2192,S2039743__S20-39743-P-PLHE_3,1,0,original
2193,S19-40316__S19-40316,1,0,original
2194,S2352429__S23-52429-_-RECUT_1,0,0,original
2195,S2530049__S2530049_0_BP1A2021,0,0,original
2196,S2530991__S2530991_0_BP1A2021,0,0,original
2197,S2406038__S2406038,0,0,original
2198,S2531989__S2531989_0_BP1A2021,0,0,original
2199,S2409392__S2409392,0,0,original
2200,S2039743__S20-39743-C-PLHE_0,1,0,original
2201,S2235518__S22-35518-_-BIOPSY,0,0,original
2202,S2415689__S24-15689-_-BIOPSY,1,0,original
2203,S2513847__S25-13847_0_BP1A2021_131603,0,0,original
2204,S2515598__S25-15598_0__144202,0,0,original
2205,S2237603__S22-37603-_-_1,0,0,original
2206,S16-17719__S16-17719,1,0,original
2207,S2237603__S22-37603-_-_1,0,0,original
2208,S2247860__S22-47860-_-DEEP_1,1,0,original
2209,S2346179__S23-46179-_-BIOPSY,1,0,original
2210,S2406038__S2406038,0,0,original
2211,S2346179__S23-46179-_-BIOPSY,1,0,original
2212,S2352429__S23-52429-_-BIOPSY,0,0,original
2213,S17-42935__S17-42935,1,0,original
2214,S2424250__S2424250,0,0,original
2215,S2039743__S20-39743-L-PLHE_1,1,0,original
2216,S2425843__S24-25843-_-BIOPSY,0,0,original
2217,S2527323__S2527323_0_BP1A2021,0,0,original
2218,S2039743__S20-39743-P-PLHE_3,1,0,original
2219,S2134277__S2134277,1,0,original
2220,S2427695__S24-27695-_-BIOPSY,0,0,original
2221,S2424250__S2424250,0,0,original
2222,S2511008__S25-11008_0_BP1A2021_052339,1,0,original
2223,S19-40316__S19-40316,1,0,original
2224,S2515598__S25-15598_0__144202,0,0,original
2225,S2039743__S20-39743-L-PLHE_1,1,0,original
2226,S2039743__S20-39743-C-PLHE_0,1,0,original
2227,S2427695__S2427695_BP1B27_C_14045_3,0,0,original
2228,S2527323__S2527323_0_BP1A2021,0,0,original
2229,S2513848__S25-13848_0_BP1A2021_131436,0,0,original
2230,S2513848__S25-13848_0_BP1A2021_131436,0,0,original
2231,S2424258__S2424258,0,0,original
2232,S2039743__S20-39743-C-PLHE_0,1,0,original
2233,S2522994__S2522994_0_BP1A2021,0,0,original
2234,S2247860__S22-47860-_-DEEP_1,1,0,original
2235,S19-40316__S19-40316,1,0,original
2236,S2424258__S2424258,0,0,original
2237,S2521239__S2521239_0_BP1A2021,0,0,original
2238,S19-40316__S19-40316,1,0,original
2239,S2529112__S2529112_0_BP1A2021,0,0,original
2240,S17-42935__S17-42935,1,0,original
2241,S2530991__S2530991_0_BP1A2021,0,0,original
2242,S2235518__S22-35518-_-BIOPSY,0,0,original
2243,S2434918__S24-34918-_-BIOPSY,1,0,original
2244,S19-40316__S19-40316,1,0,original
2245,S2513848__S25-13848_0_BP1A2021_131436,0,0,original
2246,S2039743__S20-39743-C-PLHE_0,1,0,original
2247,S2237603__S22-37603-_-_1,0,0,original
2248,S2039743__S20-39743-L-PLHE_1,1,0,original
2249,S2409390__S2409390,0,0,original
2250,S2326329__S23-26329-_-BIOPSY,0,0,original
2251,S2039743__S20-39743-C-PLHE_0,1,0,original
2252,S16-17719__S16-17719,1,0,original
2253,S2530063__S2530063_0_BP1A2021,0,0,original
2254,S2039743__S20-39743-P-PLHE_3,1,0,original
2255,S2504719__S25-04719-_-DEEP_1,0,0,original
2256,S19-40316__S19-40316,1,0,original
2257,S2513847__S25-13847_0_BP1A2021_131603,0,0,original
2258,S2406753__S24-06753-_-SERIAL_2,0,0,original
2259,S2524760__S2524760_0_BP1A2021,0,0,original
2260,S2530049__S2530049_0_BP1A2021,0,0,original
2261,S2128633__S2128633--DEEP,1,0,original
2262,S19-40316__S19-40316,1,0,original
2263,S2039743__S20-39743-L-PLHE_1,1,0,original
2264,S2521240__S2521240_0_BP1A2021,1,0,original
2265,S2521240__S2521240_0_BP1A2021,1,0,original
2266,S2424250__S2424250,0,0,original
2267,S2415689__S24-15689-_-BIOPSY,1,0,original
2268,S16-17719__S16-17719,1,0,original
2269,S2409392__S2409392,0,0,original
2270,S2424250__S2424250,0,0,original
2271,S2530063__S2530063_0_BP1A2021,0,0,original
2272,S2247860__S22-47860-_-DEEP_1,1,0,original
2273,S2535840__S2535840_0_BP1A2021,0,0,original
2274,S17-42935__S17-42935,1,0,original
2275,S2521240__S2521240_0_BP1A2021,1,0,original
2276,S2513846__S25-13846_0_BP1A2021_161650,0,0,original
2277,S2406753__S24-06753-_-SERIAL_2,0,0,original
2278,S2530991__S2530991_0_BP1A2021,0,0,original
2279,S2128633__S2128633--DEEP,1,0,original
2280,S2346179__S23-46179-_-BIOPSY,1,0,original
2281,S2513847__S25-13847_0_BP1A2021_131603,0,0,original
2282,S2039743__S20-39743-C-PLHE_0,1,0,original
2283,S2511008__S25-11008_0_BP1A2021_052339,1,0,original
2284,S2504719__S25-04719-_-DEEP_1,0,0,original
2285,S2409390__S2409390,0,0,original
2286,S2346179__S23-46179-_-BIOPSY,1,0,original
2287,S2134277__S2134277,1,0,original
2288,S2530991__S2530991_0_BP1A2021,0,0,original
2289,S2522994__S2522994_0_BP1A2021,0,0,original
2290,S2513847__S25-13847_0_BP1A2021_131603,0,0,original
2291,S2515598__S25-15598_0__144202,0,0,original
2292,S2425843__S24-25843-_-BIOPSY,0,0,original
2293,S2247860__S22-47860-_-DEEP_1,1,0,original
2294,S2128633__S2128633--DEEP,1,0,original
2295,S2247860__S22-47860-_-DEEP_1,1,0,original
2296,S2346179__S23-46179-_-BIOPSY,1,0,original
2297,S2237603__S22-37603-_-_1,0,0,original
2298,S2522980__S2522980_0_BP1A2021,0,0,original
2299,S18-18746__S18-18746,1,0,original
2300,S16-17719__S16-17719,1,0,original
2301,S2511008__S25-11008_0_BP1A2021_052339,1,0,original
2302,S19-19367__S19-19367,1,0,original
2303,S2352429__S23-52429-_-RECUT_1,0,0,original
2304,S2425843__S24-25843-_-BIOPSY,0,0,original
2305,S2406753__S24-06753-_-SERIAL_2,0,0,original
2306,S19-40316__S19-40316,1,0,original
2307,S2352429__S23-52429-_-RECUT_1,0,0,original
2308,S2521240__S2521240_0_BP1A2021,1,0,original
2309,S2134277__S2134277,1,0,original
2310,S2237603__S22-37603-_-_1,0,0,original
2311,S2513848__S25-13848_0_BP1A2021_131436,0,0,original
2312,S2128633__S2128633--DEEP,1,0,original
2313,S2434918__S24-34918-_-BIOPSY,1,0,original
2314,S2530049__S2530049_0_BP1A2021,0,0,original
2315,S19-40063__S19-40063,0,0,original
2316,S2521240__S2521240_0_BP1A2021,1,0,original
2317,S18-18746__S18-18746,1,0,original
2318,S2530063__S2530063_0_BP1A2021,0,0,original
2319,S2524760__S2524760_0_BP1A2021,0,0,original
2320,S2434918__S24-34918-_-BIOPSY,1,0,original
2321,S2134277__S2134277,1,0,original
2322,S2039743__S20-39743-C-PLHE_0,1,0,original
2323,S2513847__S25-13847_0_BP1A2021_131603,0,0,original
2324,S2039743__S20-39743-L-PLHE_1,1,0,original
2325,S2039743__S20-39743-L-PLHE_1,1,0,original
2326,S2504719__S25-04719-_-DEEP_1,0,0,original
2327,S2527323__S2527323_0_BP1A2021,0,0,original
2328,S2521239__S2521239_0_BP1A2021,0,0,original
2329,S17-42935__S17-42935,1,0,original
2330,S19-40316__S19-40316,1,0,original
2331,S2513848__S25-13848_0_BP1A2021_131436,0,0,original
2332,S2535840__S2535840_0_BP1A2021,0,0,original
2333,S2128633__S2128633--DEEP,1,0,original
2334,S2513847__S25-13847_0_BP1A2021_131603,0,0,original
2335,S2513847__S25-13847_0_BP1A2021_131603,0,0,original
2336,S17-42935__S17-42935,1,0,original
2337,S2409392__S2409392,0,0,original
2338,S2039743__S20-39743-C-PLHE_0,1,0,original
2339,S2511859__S25-11859_0_BP1A2021_150616,0,0,original
2340,S2513847__S25-13847_0_BP1A2021_131603,0,0,original
2341,S2346179__S23-46179-_-BIOPSY,1,0,original
2342,S2533022__S2533022_0_BP1A2021,0,0,original
2343,S2039743__S20-39743-C-PLHE_0,1,0,original
2344,S2415689__S24-15689-_-BIOPSY,1,0,original
2345,S2415689__S24-15689-_-BIOPSY,1,0,original
2346,S2346179__S23-46179-_-BIOPSY,1,0,original
2347,S2423618__S24-23618-_-RECUT_2,0,0,original
2348,S2424259__S2424259,0,0,original
2349,S2530049__S2530049_0_BP1A2021,0,0,original
2350,S2346179__S23-46179-_-BIOPSY,1,0,original
2351,S2409392__S2409392,0,0,original
2352,S19-19367__S19-19367,1,0,original
2353,S2237603__S22-37603-_-_1,0,0,original
2354,S2533022__S2533022_0_BP1A2021,0,0,original
2355,S2427695__S2427695_BP1B27_C_14045_3,0,0,original
2356,S2409392__S2409392,0,0,original
2357,S2409392__S2409392,0,0,original
2358,S2039743__S20-39743-C-PLHE_0,1,0,original
2359,S2530991__S2530991_0_BP1A2021,0,0,original
2360,S2526362__S2526362_0_BP1A2021,0,0,original
2361,S16-17719__S16-17719,1,0,original
2362,S18-18746__S18-18746,1,0,original
2363,S2352429__S23-52429-_-BIOPSY,0,0,original
2364,S2434918__S24-34918-_-BIOPSY,1,0,original
2365,S2346179__S23-46179-_-BIOPSY,1,0,original
2366,S2352429__S23-52429-_-BIOPSY,0,0,original
2367,S2526362__S2526362_0_BP1A2021,0,0,original
2368,S2427695__S24-27695-_-BIOPSY,0,0,original
2369,S2434918__S24-34918-_-BIOPSY,1,0,original
2370,S2128633__S2128633--DEEP,1,0,original
2371,S2526362__S2526362_0_BP1A2021,0,0,original
2372,S17-42935__S17-42935,1,0,original
2373,S2515598__S25-15598_0__144202,0,0,original
2374,S2513846__S25-13846_0_BP1A2021_161650,0,0,original
2375,S2513848__S25-13848_0_BP1A2021_131436,0,0,original
2376,S2424250__S2424250,0,0,original
2377,S2434918__S24-34918-_-BIOPSY,1,0,original
2378,S2511008__S25-11008_0_BP1A2021_052339,1,0,original
2379,S2247860__S22-47860-_-DEEP_1,1,0,original
2380,S2533022__S2533022_0_BP1A2021,0,0,original
2381,S2039743__S20-39743-C-PLHE_0,1,0,original
2382,S2406753__S24-06753-_-SERIAL_2,0,0,original
2383,S2522980__S2522980_0_BP1A2021,0,0,original
2384,S2529112__S2529112_0_BP1A2021,0,0,original
2385,S2406753__S24-06753-_-DEEP_1,0,0,original
2386,S2522980__S2522980_0_BP1A2021,0,0,original
2387,S2530063__S2530063_0_BP1A2021,0,0,original
2388,S2511859__S25-11859_0_BP1A2021_150616,0,0,original
2389,S2423618__S24-23618-_-RECUT_2,0,0,original
2390,S2039743__S20-39743-C-PLHE_0,1,0,original
2391,S2434918__S24-34918-_-BIOPSY,1,0,original
2392,S2039743__S20-39743-P-PLHE_3,1,0,original
2393,S2326329__S23-26329-_-BIOPSY,0,0,original
2394,S19-19367__S19-19367,1,0,original
2395,S2524760__S2524760_0_BP1A2021,0,0,original
2396,S2247860__S22-47860-_-DEEP_1,1,0,original
2397,S2235518__S22-35518-_-BIOPSY,0,0,original
2398,S2247860__S22-47860-_-DEEP_1,1,0,original
2399,S2424259__S2424259,0,0,original
2400,S2533022__S2533022_0_BP1A2021,0,0,original
2401,S2511008__S25-11008_0_BP1A2021_052339,1,0,original
2402,S19-40316__S19-40316,1,0,original
2403,S2237603__S22-37603-_-_1,0,0,original
2404,S2039743__S20-39743-P-PLHE_3,1,0,original
2405,S2513846__S25-13846_0_BP1A2021_161650,0,0,original
2406,S2424250__S2424250,0,0,original
2407,S16-17719__S16-17719,1,0,original
2408,S2522994__S2522994_0_BP1A2021,0,0,original
2409,S2415689__S24-15689-_-BIOPSY,1,0,original
2410,S2513846__S25-13846_0_BP1A2021_161650,0,0,original
2411,S2039743__S20-39743-P-PLHE_3,1,0,original
2412,S2415689__S24-15689-_-BIOPSY,1,0,original
2413,S2406753__S24-06753-_-DEEP_1,0,0,original
2414,S18-18746__S18-18746,1,0,original
2415,S2415689__S24-15689-_-BIOPSY,1,0,original
2416,S2511859__S25-11859_0_BP1A2021_150616,0,0,original
2417,S2409392__S2409392,0,0,original
2418,S2522980__S2522980_0_BP1A2021,0,0,original
2419,S2531989__S2531989_0_BP1A2021,0,0,original
2420,S2504719__S25-04719-_-DEEP_1,0,0,original
2421,S2522994__S2522994_0_BP1A2021,0,0,original
2422,S2039743__S20-39743-C-PLHE_0,1,0,original
2423,S2039743__S20-39743-P-PLHE_3,1,0,original
2424,S2427695__S2427695_BP1B27_C_14045_3,0,0,original
2425,S2039743__S20-39743-P-PLHE_3,1,0,original
2426,S2527323__S2527323_0_BP1A2021,0,0,original
2427,S2522980__S2522980_0_BP1A2021,0,0,original
2428,S18-18746__S18-18746,1,0,original
2429,S2346179__S23-46179-_-BIOPSY,1,0,original
2430,S2522994__S2522994_0_BP1A2021,0,0,original
2431,S2415689__S24-15689-_-BIOPSY,1,0,original
2432,S2524760__S2524760_0_BP1A2021,0,0,original
2433,S2427695__S2427695_BP1B27_C_14045_3,0,0,original
2434,S2039743__S20-39743-L-PLHE_1,1,0,original
2435,S2247860__S22-47860-_-DEEP_1,1,0,original
2436,S2521239__S2521239_0_BP1A2021,0,0,original
2437,S2039743__S20-39743-C-PLHE_0,1,0,original
2438,S2409390__S2409390,0,0,original
2439,S17-42935__S17-42935,1,0,original
2440,S2128633__S2128633--DEEP,1,0,original
2441,S2406038__S2406038,0,0,original
2442,S18-18746__S18-18746,1,0,original
2443,S2530049__S2530049_0_BP1A2021,0,0,original
2444,S2247860__S22-47860-_-DEEP_1,1,0,original
2445,S2511006__S25-11006_0_BP1A2021_052242,0,0,original
2446,S2434918__S24-34918-_-BIOPSY,1,0,original
2447,S2406038__S2406038,0,0,original
2448,S2511006__S25-11006_0_BP1A2021_052242,0,0,original
2449,S2527323__S2527323_0_BP1A2021,0,0,original
2450,S2352429__S23-52429-_-BIOPSY,0,0,original
2451,S2039743__S20-39743-C-PLHE_0,1,0,original
2452,S16-17719__S16-17719,1,0,original
2453,S2513846__S25-13846_0_BP1A2021_131523,0,0,original
2454,S2235518__S22-35518-_-BIOPSY,0,0,original
2455,S2134277__S2134277,1,0,original
2456,S18-18746__S18-18746,1,0,original
2457,S2346179__S23-46179-_-BIOPSY,1,0,original
2458,S2134277__S2134277,1,0,original
2459,S2424259__S2424259,0,0,original
2460,S2511859__S25-11859_0_BP1A2021_150616,0,0,original
2461,S17-42935__S17-42935,1,0,original
2462,S16-17719__S16-17719,1,0,original
2463,S19-40316__S19-40316,1,0,original
2464,S2522994__S2522994_0_BP1A2021,0,0,original
2465,S18-18746__S18-18746,1,0,original
2466,S2535840__S2535840_0_BP1A2021,0,0,original
2467,S2352429__S23-52429-_-RECUT_1,0,0,original
2468,S2326329__S23-26329-_-BIOPSY,0,0,original
2469,S2406753__S24-06753-_-SERIAL_2,0,0,original
2470,S2526362__S2526362_0_BP1A2021,0,0,original
2471,S2039743__S20-39743-P-PLHE_3,1,0,original
2472,S19-40063__S19-40063,0,0,original
2473,S2521239__S2521239_0_BP1A2021,0,0,original
2474,S2039743__S20-39743-C-PLHE_0,1,0,original
2475,S2346179__S23-46179-_-BIOPSY,1,0,original
2476,S2415689__S24-15689-_-BIOPSY,1,0,original
2477,S2521240__S2521240_0_BP1A2021,1,0,original
2478,S2039743__S20-39743-L-PLHE_1,1,0,original
2479,S2134277__S2134277,1,0,original
2480,S2511859__S25-11859_0_BP1A2021_150616,0,0,original
2481,S2434918__S24-34918-_-BIOPSY,1,0,original
2482,S2529112__S2529112_0_BP1A2021,0,0,original
2483,S2235518__S22-35518-_-BIOPSY,0,0,original
2484,S2524760__S2524760_0_BP1A2021,0,0,original
2485,S2521240__S2521240_0_BP1A2021,1,0,original
2486,S2409392__S2409392,0,0,original
2487,S17-42935__S17-42935,1,0,original
2488,S2427695__S24-27695-_-BIOPSY,0,0,original
2489,S19-19367__S19-19367,1,0,original
2490,S2529112__S2529112_0_BP1A2021,0,0,original
2491,S2415689__S24-15689-_-BIOPSY,1,0,original
2492,S2513848__S25-13848_0_BP1A2021_131436,0,0,original
2493,S2346179__S23-46179-_-BIOPSY,1,0,original
2494,S2521240__S2521240_0_BP1A2021,1,0,original
2495,S2529112__S2529112_0_BP1A2021,0,0,original
2496,S2511008__S25-11008_0_BP1A2021_052339,1,0,original
2497,S2423618__S24-23618-_-RECUT_2,0,0,original
2498,S2434918__S24-34918-_-BIOPSY,1,0,original
2499,S19-19367__S19-19367,1,0,original
2500,S16-17719__S16-17719,1,0,original
2501,S17-42935__S17-42935,1,0,original
2502,S2423618__S24-23618-_-RECUT_2,0,0,original
2503,S2521240__S2521240_0_BP1A2021,1,0,original
2504,S2247860__S22-47860-_-DEEP_1,1,0,original
2505,S2406038__S2406038,0,0,original
2506,S2406753__S24-06753-_-DEEP_1,0,0,original
2507,S19-19367__S19-19367,1,0,original
2508,S16-17719__S16-17719,1,0,original
2509,S2406753__S24-06753-_-SERIAL_2,0,0,original
2510,S19-40063__S19-40063,0,0,original
2511,S2134277__S2134277,1,0,original
2512,S2521239__S2521239_0_BP1A2021,0,0,original
2513,S2247860__S22-47860-_-DEEP_1,1,0,original
2514,S2424258__S2424258,0,0,original
2515,S19-19367__S19-19367,1,0,original
2516,S2247860__S22-47860-_-DEEP_1,1,0,original
2517,S2415689__S24-15689-_-BIOPSY,1,0,original
2518,S19-19367__S19-19367,1,0,original
2519,S2513846__S25-13846_0_BP1A2021_161650,0,0,original
2520,S2427695__S24-27695-_-BIOPSY,0,0,original
2521,S2513847__S25-13847_0_BP1A2021_131603,0,0,original
2522,S2511859__S25-11859_0_BP1A2021_150616,0,0,original
2523,S2434918__S24-34918-_-BIOPSY,1,0,original
2524,S2039743__S20-39743-P-PLHE_3,1,0,original
2525,S19-40063__S19-40063,0,0,original
2526,S2511008__S25-11008_0_BP1A2021_052339,1,0,original
2527,S19-40316__S19-40316,1,0,original
2528,S2406038__S2406038,0,0,original
2529,S2504719__S25-04719-_-DEEP_1,0,0,original
2530,S2346179__S23-46179-_-BIOPSY,1,0,original
2531,S2533022__S2533022_0_BP1A2021,0,0,original
2532,S2527323__S2527323_0_BP1A2021,0,0,original
2533,S19-40316__S19-40316,1,0,original
2534,S19-40316__S19-40316,1,0,original
2535,S19-40063__S19-40063,0,0,original
2536,S2424259__S2424259,0,0,original
2537,S2134277__S2134277,1,0,original
2538,S2406038__S2406038,0,0,original
2539,S2524760__S2524760_0_BP1A2021,0,0,original
2540,S19-19367__S19-19367,1,0,original
2541,S2521239__S2521239_0_BP1A2021,0,0,original
2542,S2511859__S25-11859_0_BP1A2021_150616,0,0,original
2543,S2434918__S24-34918-_-BIOPSY,1,0,original
2544,S2247860__S22-47860-_-DEEP_1,1,0,original
2545,S19-40316__S19-40316,1,0,original
2546,S17-42935__S17-42935,1,0,original
2547,S2511006__S25-11006_0_BP1A2021_052242,0,0,original
2548,S2326329__S23-26329-_-BIOPSY,0,0,original
2549,S2415689__S24-15689-_-BIOPSY,1,0,original
2550,S2039743__S20-39743-P-PLHE_3,1,0,original
2551,S2511008__S25-11008_0_BP1A2021_052339,1,0,original
2552,S2039743__S20-39743-C-PLHE_0,1,0,original
2553,S19-40316__S19-40316,1,0,original
2554,S16-17719__S16-17719,1,0,original
2555,S19-19367__S19-19367,1,0,original
2556,S2039743__S20-39743-P-PLHE_3,1,0,original
2557,S2434918__S24-34918-_-BIOPSY,1,0,original
2558,S2425843__S24-25843-_-BIOPSY,0,0,original
2559,S17-42935__S17-42935,1,0,original
2560,S2511008__S25-11008_0_BP1A2021_052339,1,0,original
2561,S2424258__S2424258,0,0,original
2562,S2039743__S20-39743-L-PLHE_1,1,0,original
2563,S2406753__S24-06753-_-SERIAL_2,0,0,original
2564,S2346179__S23-46179-_-BIOPSY,1,0,original
2565,S2424258__S2424258,0,0,original
2566,S2522980__S2522980_0_BP1A2021,0,0,original
2567,S2511859__S25-11859_0_BP1A2021_150616,0,0,original
2568,S2531989__S2531989_0_BP1A2021,0,0,original
2569,S2535840__S2535840_0_BP1A2021,0,0,original
2570,S2352429__S23-52429-_-BIOPSY,0,0,original
2571,S2427695__S2427695_BP1B27_C_14045_3,0,0,original
2572,S2529112__S2529112_0_BP1A2021,0,0,original
2573,S2128633__S2128633--DEEP,1,0,original
2574,S2530991__S2530991_0_BP1A2021,0,0,original
2575,S2521239__S2521239_0_BP1A2021,0,0,original
2576,S17-42935__S17-42935,1,0,original
2577,S19-19367__S19-19367,1,0,original
2578,S2134277__S2134277,1,0,original
2579,S2513847__S25-13847_0_BP1A2021_131603,0,0,original
2580,S19-40316__S19-40316,1,0,original
2581,S2427695__S2427695_BP1B27_C_14045_3,0,0,original
2582,S2513848__S25-13848_0_BP1A2021_131436,0,0,original
2583,S2524760__S2524760_0_BP1A2021,0,0,original
2584,S2352429__S23-52429-_-RECUT_1,0,0,original
2585,S2531989__S2531989_0_BP1A2021,0,0,original
2586,S2247860__S22-47860-_-DEEP_1,1,0,original
2587,S2521239__S2521239_0_BP1A2021,0,0,original
2588,S2511006__S25-11006_0_BP1A2021_052242,0,0,original
2589,S17-42935__S17-42935,1,0,original
2590,S2521240__S2521240_0_BP1A2021,1,0,original
2591,S2530049__S2530049_0_BP1A2021,0,0,original
2592,S2530991__S2530991_0_BP1A2021,0,0,original
2593,S19-40316__S19-40316,1,0,original
2594,S2406753__S24-06753-_-SERIAL_2,0,0,original
2595,S2434918__S24-34918-_-BIOPSY,1,0,original
2596,S2352429__S23-52429-_-BIOPSY,0,0,original
2597,S2346179__S23-46179-_-BIOPSY,1,0,original
2598,S2409390__S2409390,0,0,original
2599,S2415689__S24-15689-_-BIOPSY,1,0,original
2600,S2524760__S2524760_0_BP1A2021,0,0,original
2601,S17-42935__S17-42935,1,0,original
2602,S2526362__S2526362_0_BP1A2021,0,0,original
2603,S2521239__S2521239_0_BP1A2021,0,0,original
2604,S2427695__S24-27695-_-BIOPSY,0,0,original
2605,S2529112__S2529112_0_BP1A2021,0,0,original
2606,S2513847__S25-13847_0_BP1A2021_131603,0,0,original
2607,S2530063__S2530063_0_BP1A2021,0,0,original
2608,S2039743__S20-39743-P-PLHE_3,1,0,original
2609,S2247860__S22-47860-_-DEEP_1,1,0,original
2610,S2513846__S25-13846_0_BP1A2021_161650,0,0,original
2611,S2039743__S20-39743-C-PLHE_0,1,0,original
2612,S19-40316__S19-40316,1,0,original
2613,S2427695__S24-27695-_-BIOPSY,0,0,original
2614,S2521240__S2521240_0_BP1A2021,1,0,original
2615,S2247860__S22-47860-_-DEEP_1,1,0,original
2616,S2415689__S24-15689-_-BIOPSY,1,0,original
2617,S2346179__S23-46179-_-BIOPSY,1,0,original
2618,S2415689__S24-15689-_-BIOPSY,1,0,original
2619,S2039743__S20-39743-P-PLHE_3,1,0,original
2620,S2346179__S23-46179-_-BIOPSY,1,0,original
2621,S2522980__S2522980_0_BP1A2021,0,0,original
2622,S2511008__S25-11008_0_BP1A2021_052339,1,0,original
2623,S19-40063__S19-40063,0,0,original
2624,S2535840__S2535840_0_BP1A2021,0,0,original
2625,S2527323__S2527323_0_BP1A2021,0,0,original
2626,S2039743__S20-39743-L-PLHE_1,1,0,original
2627,S2423618__S24-23618-_-RECUT_2,0,0,original
2628,S19-19367__S19-19367,1,0,original
2629,S2424259__S2424259,0,0,original
2630,S2434918__S24-34918-_-BIOPSY,1,0,original
2631,S2526362__S2526362_0_BP1A2021,0,0,original
2632,S2530063__S2530063_0_BP1A2021,0,0,original
2633,S2247860__S22-47860-_-DEEP_1,1,0,original
2634,S2128633__S2128633--DEEP,1,0,original
2635,S2427695__S2427695_BP1B27_C_14045_3,0,0,original
2636,S19-40316__S19-40316,1,0,original
2637,S2522980__S2522980_0_BP1A2021,0,0,original
2638,S2235518__S22-35518-_-BIOPSY,0,0,original
2639,S2535840__S2535840_0_BP1A2021,0,0,original
2640,S19-19367__S19-19367,1,0,original
2641,S2513847__S25-13847_0_BP1A2021_131603,0,0,original
2642,S2039743__S20-39743-P-PLHE_3,1,0,original
2643,S2530991__S2530991_0_BP1A2021,0,0,original
2644,S2535840__S2535840_0_BP1A2021,0,0,original
2645,S19-19367__S19-19367,1,0,original
2646,S2346179__S23-46179-_-BIOPSY,1,0,original
2647,S2427695__S24-27695-_-BIOPSY,0,0,original
2648,S2515598__S25-15598_0__144202,0,0,original
2649,S2513846__S25-13846_0_BP1A2021_161650,0,0,original
2650,S2039743__S20-39743-C-PLHE_0,1,0,original
2651,S2415689__S24-15689-_-BIOPSY,1,0,original
2652,S2039743__S20-39743-C-PLHE_0,1,0,original
2653,S2247860__S22-47860-_-DEEP_1,1,0,original
2654,S2247860__S22-47860-_-DEEP_1,1,0,original
2655,S17-42935__S17-42935,1,0,original
2656,S19-19367__S19-19367,1,0,original
2657,S2522980__S2522980_0_BP1A2021,0,0,original
2658,S2424250__S2424250,0,0,original
2659,S2535840__S2535840_0_BP1A2021,0,0,original
2660,S2513848__S25-13848_0_BP1A2021_131436,0,0,original
2661,S2521240__S2521240_0_BP1A2021,1,0,original
2662,S2427695__S24-27695-_-BIOPSY,0,0,original
2663,S2128633__S2128633--DEEP,1,0,original
2664,S2521239__S2521239_0_BP1A2021,0,0,original
2665,S17-42935__S17-42935,1,0,original
2666,S2530991__S2530991_0_BP1A2021,0,0,original
2667,S19-40316__S19-40316,1,0,original
2668,S2247860__S22-47860-_-DEEP_1,1,0,original
2669,S2039743__S20-39743-P-PLHE_3,1,0,original
2670,S2415689__S24-15689-_-BIOPSY,1,0,original
2671,S16-17719__S16-17719,1,0,original
2672,S18-18746__S18-18746,1,0,original
2673,S2533022__S2533022_0_BP1A2021,0,0,original
2674,S2511008__S25-11008_0_BP1A2021_052339,1,0,original
2675,S2128633__S2128633--DEEP,1,0,original
2676,S2524760__S2524760_0_BP1A2021,0,0,original
2677,S2326329__S23-26329-_-BIOPSY,0,0,original
2678,S2039743__S20-39743-L-PLHE_1,1,0,original
2679,S18-18746__S18-18746,1,0,original
2680,S2511859__S25-11859_0_BP1A2021_150616,0,0,original
2681,S2415689__S24-15689-_-BIOPSY,1,0,original
2682,S2128633__S2128633--DEEP,1,0,original
2683,S2039743__S20-39743-L-PLHE_1,1,0,original
2684,S2521240__S2521240_0_BP1A2021,1,0,original
2685,S2409392__S2409392,0,0,original
2686,S2515598__S25-15598_0__144202,0,0,original
2687,S18-18746__S18-18746,1,0,original
2688,S2530063__S2530063_0_BP1A2021,0,0,original
2689,S2522980__S2522980_0_BP1A2021,0,0,original
2690,S2039743__S20-39743-L-PLHE_1,1,0,original
2691,S2425843__S24-25843-_-BIOPSY,0,0,original
2692,S19-40316__S19-40316,1,0,original
2693,S17-42935__S17-42935,1,0,original
2694,S2530049__S2530049_0_BP1A2021,0,0,original
2695,S19-40316__S19-40316,1,0,original
2696,S16-17719__S16-17719,1,0,original
2697,S2513848__S25-13848_0_BP1A2021_131436,0,0,original
2698,S2247860__S22-47860-_-DEEP_1,1,0,original
2699,S2511859__S25-11859_0_BP1A2021_150616,0,0,original
2700,S2352429__S23-52429-_-RECUT_1,0,0,original
2701,S2039743__S20-39743-C-PLHE_0,1,0,original
2702,S2346179__S23-46179-_-BIOPSY,1,0,original
2703,S2415689__S24-15689-_-BIOPSY,1,0,original
2704,S19-40063__S19-40063,0,0,original
2705,S18-18746__S18-18746,1,0,original
2706,S2521240__S2521240_0_BP1A2021,1,0,original
2707,S2511008__S25-11008_0_BP1A2021_052339,1,0,original
2708,S2128633__S2128633--DEEP,1,0,original
2709,S2530063__S2530063_0_BP1A2021,0,0,original
2710,S2346179__S23-46179-_-BIOPSY,1,0,original
2711,S2128633__S2128633--DEEP,1,0,original
2712,S2039743__S20-39743-L-PLHE_1,1,0,original
2713,S2039743__S20-39743-C-PLHE_0,1,0,original
2714,S2235518__S22-35518-_-BIOPSY,0,0,original
2715,S2406753__S24-06753-_-DEEP_1,0,0,original
2716,S2530049__S2530049_0_BP1A2021,0,0,original
2717,S2521240__S2521240_0_BP1A2021,1,0,original
2718,S2128633__S2128633--DEEP,1,0,original
2719,S2423618__S24-23618-_-RECUT_2,0,0,original
2720,S18-18746__S18-18746,1,0,original
2721,S2511008__S25-11008_0_BP1A2021_052339,1,0,original
2722,S2533022__S2533022_0_BP1A2021,0,0,original
2723,S2511008__S25-11008_0_BP1A2021_052339,1,0,original
2724,S2427695__S2427695_BP1B27_C_14045_3,0,0,original
2725,S2504719__S25-04719-_-DEEP_1,0,0,original
2726,S2247860__S22-47860-_-DEEP_1,1,0,original
2727,S19-19367__S19-19367,1,0,original
2728,S2247860__S22-47860-_-DEEP_1,1,0,original
2729,S2522994__S2522994_0_BP1A2021,0,0,original
2730,S2513846__S25-13846_0_BP1A2021_131523,0,0,original
2731,S19-19367__S19-19367,1,0,original
2732,S2346179__S23-46179-_-BIOPSY,1,0,original
2733,S2039743__S20-39743-P-PLHE_3,1,0,original
2734,S2134277__S2134277,1,0,original
2735,S19-19367__S19-19367,1,0,original
2736,S19-19367__S19-19367,1,0,original
2737,S2247860__S22-47860-_-DEEP_1,1,0,original
2738,S2527323__S2527323_0_BP1A2021,0,0,original
2739,S2235518__S22-35518-_-BIOPSY,0,0,original
2740,S2406038__S2406038,0,0,original
2741,S18-18746__S18-18746,1,0,original
2742,S2530063__S2530063_0_BP1A2021,0,0,original
2743,S2427695__S24-27695-_-BIOPSY,0,0,original
2744,S2522980__S2522980_0_BP1A2021,0,0,original
2745,S2511008__S25-11008_0_BP1A2021_052339,1,0,original
2746,S2346179__S23-46179-_-BIOPSY,1,0,original
2747,S2415689__S24-15689-_-BIOPSY,1,0,original
2748,S18-18746__S18-18746,1,0,original
2749,S2134277__S2134277,1,0,original
2750,S2346179__S23-46179-_-BIOPSY,1,0,original
2751,S2513846__S25-13846_0_BP1A2021_161650,0,0,original
2752,S2511006__S25-11006_0_BP1A2021_052242,0,0,original
2753,S2247860__S22-47860-_-DEEP_1,1,0,original
2754,S2406753__S24-06753-_-DEEP_1,0,0,original
2755,S2427695__S2427695_BP1B27_C_14045_3,0,0,original
2756,S2515598__S25-15598_0__144202,0,0,original
2757,S2247860__S22-47860-_-DEEP_1,1,0,original
2758,S2415689__S24-15689-_-BIOPSY,1,0,original
2759,S2039743__S20-39743-L-PLHE_1,1,0,original
2760,S2434918__S24-34918-_-BIOPSY,1,0,original
2761,S2039743__S20-39743-P-PLHE_3,1,0,original
2762,S2247860__S22-47860-_-DEEP_1,1,0,original
2763,S17-42935__S17-42935,1,0,original
2764,S2434918__S24-34918-_-BIOPSY,1,0,original
2765,S2521240__S2521240_0_BP1A2021,1,0,original
2766,S19-40316__S19-40316,1,0,original
2767,S2235518__S22-35518-_-BIOPSY,0,0,original
2768,S2128633__S2128633--DEEP,1,0,original
2769,S2521240__S2521240_0_BP1A2021,1,0,original
2770,S19-40316__S19-40316,1,0,original
2771,S2515598__S25-15598_0__144202,0,0,original
2772,S16-17719__S16-17719,1,0,original
2773,S16-17719__S16-17719,1,0,original
2774,S2039743__S20-39743-L-PLHE_1,1,0,original
2775,S2521240__S2521240_0_BP1A2021,1,0,original
2776,S17-42935__S17-42935,1,0,original
2777,S2247860__S22-47860-_-DEEP_1,1,0,original
2778,S2247860__S22-47860-_-DEEP_1,1,0,original
2779,S18-18746__S18-18746,1,0,original
2780,S2527323__S2527323_0_BP1A2021,0,0,original
2781,S2530049__S2530049_0_BP1A2021,0,0,original
2782,S2424258__S2424258,0,0,original
2783,S2530991__S2530991_0_BP1A2021,0,0,original
2784,S2521240__S2521240_0_BP1A2021,1,0,original
2785,S2134277__S2134277,1,0,original
2786,S2415689__S24-15689-_-BIOPSY,1,0,original
2787,S2513846__S25-13846_0_BP1A2021_161650,0,0,original
2788,S2415689__S24-15689-_-BIOPSY,1,0,original
2789,S2423618__S24-23618-_-RECUT_2,0,0,original
2790,S2526362__S2526362_0_BP1A2021,0,0,original
2791,S2247860__S22-47860-_-DEEP_1,1,0,original
2792,S2511006__S25-11006_0_BP1A2021_052242,0,0,original
2793,S2513847__S25-13847_0_BP1A2021_131603,0,0,original
2794,S19-40316__S19-40316,1,0,original
2795,S18-18746__S18-18746,1,0,original
2796,S2527323__S2527323_0_BP1A2021,0,0,original
2797,S18-18746__S18-18746,1,0,original
2798,S2521240__S2521240_0_BP1A2021,1,0,original
2799,S2522994__S2522994_0_BP1A2021,0,0,original
2800,S2521240__S2521240_0_BP1A2021,1,0,original
2801,S2535840__S2535840_0_BP1A2021,0,0,original
2802,S2039743__S20-39743-C-PLHE_0,1,0,original
2803,S17-42935__S17-42935,1,0,original
2804,S2521240__S2521240_0_BP1A2021,1,0,original
2805,S2524760__S2524760_0_BP1A2021,0,0,original
2806,S2531989__S2531989_0_BP1A2021,0,0,original
2807,S17-42935__S17-42935,1,0,original
2808,S2434918__S24-34918-_-BIOPSY,1,0,original
2809,S2521240__S2521240_0_BP1A2021,1,0,original
2810,S16-17719__S16-17719,1,0,original
2811,S2326329__S23-26329-_-BIOPSY,0,0,original
2812,S19-40316__S19-40316,1,0,original
2813,S2039743__S20-39743-L-PLHE_1,1,0,original
2814,S19-40316__S19-40316,1,0,original
2815,S2515598__S25-15598_0__144202,0,0,original
2816,S2434918__S24-34918-_-BIOPSY,1,0,original
2817,S2352429__S23-52429-_-RECUT_1,0,0,original
2818,S2039743__S20-39743-C-PLHE_0,1,0,original
2819,S19-40063__S19-40063,0,0,original
2820,S2424250__S2424250,0,0,original
2821,S2513846__S25-13846_0_BP1A2021_161650,0,0,original
2822,S2521239__S2521239_0_BP1A2021,0,0,original
2823,S2247860__S22-47860-_-DEEP_1,1,0,original
2824,S2247860__S22-47860-_-DEEP_1,1,0,original
2825,S2134277__S2134277,1,0,original
2826,S2427695__S2427695_BP1B27_C_14045_3,0,0,original
2827,S2326329__S23-26329-_-BIOPSY,0,0,original
2828,S17-42935__S17-42935,1,0,original
2829,S2128633__S2128633--DEEP,1,0,original
2830,S2434918__S24-34918-_-BIOPSY,1,0,original
2831,S2530991__S2530991_0_BP1A2021,0,0,original
2832,S2039743__S20-39743-L-PLHE_1,1,0,original
2833,S16-17719__S16-17719,1,0,original
2834,S2533022__S2533022_0_BP1A2021,0,0,original
2835,S17-42935__S17-42935,1,0,original
2836,S2531989__S2531989_0_BP1A2021,0,0,original
2837,S2427695__S2427695_BP1B27_C_14045_3,0,0,original
2838,S2522994__S2522994_0_BP1A2021,0,0,original
2839,S2535840__S2535840_0_BP1A2021,0,0,original
2840,S17-42935__S17-42935,1,0,original
2841,S2128633__S2128633--DEEP,1,0,original
2842,S2427695__S2427695_BP1B27_C_14045_3,0,0,original
2843,S2530991__S2530991_0_BP1A2021,0,0,original
2844,S2434918__S24-34918-_-BIOPSY,1,0,original
2845,S2513848__S25-13848_0_BP1A2021_131436,0,0,original
2846,S2530063__S2530063_0_BP1A2021,0,0,original
2847,S18-18746__S18-18746,1,0,original
2848,S2424250__S2424250,0,0,original
2849,S2522980__S2522980_0_BP1A2021,0,0,original
2850,S2521239__S2521239_0_BP1A2021,0,0,original
2851,S19-19367__S19-19367,1,0,original
2852,S2134277__S2134277,1,0,original
2853,S2434918__S24-34918-_-BIOPSY,1,0,original
2854,S16-17719__S16-17719,1,0,original
2855,S19-19367__S19-19367,1,0,original
2856,S2427695__S2427695_BP1B27_C_14045_3,0,0,original
2857,S2511006__S25-11006_0_BP1A2021_052242,0,0,original
2858,S2526362__S2526362_0_BP1A2021,0,0,original
2859,S2128633__S2128633--DEEP,1,0,original
2860,S2522980__S2522980_0_BP1A2021,0,0,original
2861,S2134277__S2134277,1,0,original
2862,S2427695__S24-27695-_-BIOPSY,0,0,original
2863,S17-42935__S17-42935,1,0,original
2864,S2039743__S20-39743-P-PLHE_3,1,0,original
2865,S19-19367__S19-19367,1,0,original
2866,S2247860__S22-47860-_-DEEP_1,1,0,original
2867,S2511006__S25-11006_0_BP1A2021_052242,0,0,original
2868,S2128633__S2128633--DEEP,1,0,original
2869,S2529112__S2529112_0_BP1A2021,0,0,original
2870,S2352429__S23-52429-_-RECUT_1,0,0,original
2871,S2134277__S2134277,1,0,original
2872,S2247860__S22-47860-_-DEEP_1,1,0,original
2873,S2237603__S22-37603-_-_1,0,0,original
2874,S2424258__S2424258,0,0,original
2875,S2511008__S25-11008_0_BP1A2021_052339,1,0,original
2876,S2134277__S2134277,1,0,original
2877,S2424258__S2424258,0,0,original
2878,S2526362__S2526362_0_BP1A2021,0,0,original
2879,S2434918__S24-34918-_-BIOPSY,1,0,original
2880,S2530991__S2530991_0_BP1A2021,0,0,original
2881,S2527323__S2527323_0_BP1A2021,0,0,original
2882,S19-40316__S19-40316,1,0,original
2883,S2513846__S25-13846_0_BP1A2021_131523,0,0,original
2884,S2039743__S20-39743-P-PLHE_3,1,0,original
2885,S2039743__S20-39743-P-PLHE_3,1,0,original
2886,S2128633__S2128633--DEEP,1,0,original
2887,S2521239__S2521239_0_BP1A2021,0,0,original
2888,S2247860__S22-47860-_-DEEP_1,1,0,original
2889,S2039743__S20-39743-C-PLHE_0,1,0,original
2890,S2515598__S25-15598_0__144202,0,0,original
2891,S2511859__S25-11859_0_BP1A2021_150616,0,0,original
2892,S2352429__S23-52429-_-BIOPSY,0,0,original
2893,S2522994__S2522994_0_BP1A2021,0,0,original
2894,S2521240__S2521240_0_BP1A2021,1,0,original
2895,S2406038__S2406038,0,0,original
2896,S19-40316__S19-40316,1,0,original
2897,S2513847__S25-13847_0_BP1A2021_131603,0,0,original
2898,S2352429__S23-52429-_-RECUT_1,0,0,original
2899,S2434918__S24-34918-_-BIOPSY,1,0,original
2900,S2406753__S24-06753-_-SERIAL_2,0,0,original
2901,S19-40316__S19-40316,1,0,original
2902,S2039743__S20-39743-L-PLHE_1,1,0,original
2903,S2513847__S25-13847_0_BP1A2021_131603,0,0,original
2904,S2531989__S2531989_0_BP1A2021,0,0,original
2905,S2427695__S2427695_BP1B27_C_14045_3,0,0,original
2906,S2039743__S20-39743-P-PLHE_3,1,0,original
2907,S17-42935__S17-42935,1,0,original
2908,S17-42935__S17-42935,1,0,original
2909,S2415689__S24-15689-_-BIOPSY,1,0,original
2910,S2247860__S22-47860-_-DEEP_1,1,0,original
2911,S2039743__S20-39743-L-PLHE_1,1,0,original
2912,S2521240__S2521240_0_BP1A2021,1,0,original
2913,S16-17719__S16-17719,1,0,original
2914,S2039743__S20-39743-L-PLHE_1,1,0,original
2915,S2522980__S2522980_0_BP1A2021,0,0,original
2916,S2352429__S23-52429-_-BIOPSY,0,0,original
2917,S2352429__S23-52429-_-BIOPSY,0,0,original
2918,S2522980__S2522980_0_BP1A2021,0,0,original
2919,S2511859__S25-11859_0_BP1A2021_150616,0,0,original
2920,S2415689__S24-15689-_-BIOPSY,1,0,original
2921,S2134277__S2134277,1,0,original
2922,S19-40316__S19-40316,1,0,original
2923,S2352429__S23-52429-_-BIOPSY,0,0,original
2924,S2524760__S2524760_0_BP1A2021,0,0,original
2925,S2134277__S2134277,1,0,original
2926,S2533022__S2533022_0_BP1A2021,0,0,original
2927,S18-18746__S18-18746,1,0,original
2928,S2511008__S25-11008_0_BP1A2021_052339,1,0,original
2929,S2521239__S2521239_0_BP1A2021,0,0,original
2930,S2415689__S24-15689-_-BIOPSY,1,0,original
2931,S2531989__S2531989_0_BP1A2021,0,0,original
2932,S2513846__S25-13846_0_BP1A2021_161650,0,0,original
2933,S2511859__S25-11859_0_BP1A2021_150616,0,0,original
2934,S2352429__S23-52429-_-RECUT_1,0,0,original
2935,S16-17719__S16-17719,1,0,original
2936,S2530063__S2530063_0_BP1A2021,0,0,original
2937,S2134277__S2134277,1,0,original
2938,S2247860__S22-47860-_-DEEP_1,1,0,original
2939,S2352429__S23-52429-_-BIOPSY,0,0,original
2940,S2513848__S25-13848_0_BP1A2021_131436,0,0,original
2941,S2425843__S24-25843-_-BIOPSY,0,0,original
2942,S2521240__S2521240_0_BP1A2021,1,0,original
2943,S2511006__S25-11006_0_BP1A2021_052242,0,0,original
2944,S2415689__S24-15689-_-BIOPSY,1,0,original
2945,S2039743__S20-39743-C-PLHE_0,1,0,original
2946,S2352429__S23-52429-_-BIOPSY,0,0,original
2947,S2247860__S22-47860-_-DEEP_1,1,0,original
2948,S19-19367__S19-19367,1,0,original
2949,S2128633__S2128633--DEEP,1,0,original
2950,S2427695__S24-27695-_-BIOPSY,0,0,original
2951,S17-42935__S17-42935,1,0,original
2952,S2530063__S2530063_0_BP1A2021,0,0,original
2953,S2530991__S2530991_0_BP1A2021,0,0,original
2954,S2352429__S23-52429-_-BIOPSY,0,0,original
2955,S2235518__S22-35518-_-BIOPSY,0,0,original
2956,S2128633__S2128633--DEEP,1,0,original
2957,S2247860__S22-47860-_-DEEP_1,1,0,original
2958,S2527323__S2527323_0_BP1A2021,0,0,original
2959,S2128633__S2128633--DEEP,1,0,original
2960,S2409390__S2409390,0,0,original
2961,S19-40316__S19-40316,1,0,original
2962,S2522980__S2522980_0_BP1A2021,0,0,original
2963,S2346179__S23-46179-_-BIOPSY,1,0,original
2964,S2039743__S20-39743-C-PLHE_0,1,0,original
2965,S2511006__S25-11006_0_BP1A2021_052242,0,0,original
2966,S2346179__S23-46179-_-BIOPSY,1,0,original
2967,S2352429__S23-52429-_-RECUT_1,0,0,original
2968,S2039743__S20-39743-C-PLHE_0,1,0,original
2969,S2504719__S25-04719-_-DEEP_1,0,0,original
2970,S2522994__S2522994_0_BP1A2021,0,0,original
2971,S17-42935__S17-42935,1,0,original
2972,S2513846__S25-13846_0_BP1A2021_131523,0,0,original
2973,S2424259__S2424259,0,0,original
2974,S2511006__S25-11006_0_BP1A2021_052242,0,0,original
2975,S18-18746__S18-18746,1,0,original
2976,S2352429__S23-52429-_-RECUT_1,0,0,original
2977,S2039743__S20-39743-L-PLHE_1,1,0,original
2978,S2530049__S2530049_0_BP1A2021,0,0,original
2979,S2527323__S2527323_0_BP1A2021,0,0,original
2980,S2039743__S20-39743-P-PLHE_3,1,0,original
2981,S2235518__S22-35518-_-BIOPSY,0,0,original
2982,S16-17719__S16-17719,1,0,original
2983,S2352429__S23-52429-_-RECUT_1,0,0,original
2984,S2352429__S23-52429-_-BIOPSY,0,0,original
2985,S2427695__S2427695_BP1B27_C_14045_3,0,0,original
2986,S18-18746__S18-18746,1,0,original
2987,S2524760__S2524760_0_BP1A2021,0,0,original
2988,S2515598__S25-15598_0__144202,0,0,original
2989,S2434918__S24-34918-_-BIOPSY,1,0,original
2990,S2521239__S2521239_0_BP1A2021,0,0,original
2991,S2533022__S2533022_0_BP1A2021,0,0,original
2992,S2128633__S2128633--DEEP,1,0,original
2993,S19-40316__S19-40316,1,0,original
2994,S16-17719__S16-17719,1,0,original
2995,S2513846__S25-13846_0_BP1A2021_131523,0,0,original
2996,S2531989__S2531989_0_BP1A2021,0,0,original
2997,S19-40063__S19-40063,0,0,original
2998,S2527323__S2527323_0_BP1A2021,0,0,original
2999,S2434918__S24-34918-_-BIOPSY,1,0,original
3000,S2504719__S25-04719-_-DEEP_1,0,0,original
3001,S2415689__S24-15689-_-BIOPSY,1,0,original
3002,S2533022__S2533022_0_BP1A2021,0,0,original
3003,S19-40316__S19-40316,1,0,original
3004,S2128633__S2128633--DEEP,1,0,original
3005,S2530049__S2530049_0_BP1A2021,0,0,original
3006,S2535840__S2535840_0_BP1A2021,0,0,original
3007,S16-17719__S16-17719,1,0,original
3008,S2521239__S2521239_0_BP1A2021,0,0,original
3009,S2434918__S24-34918-_-BIOPSY,1,0,original
3010,S2406038__S2406038,0,0,original
3011,S2039743__S20-39743-L-PLHE_1,1,0,original
3012,S16-17719__S16-17719,1,0,original
3013,S2039743__S20-39743-C-PLHE_0,1,0,original
3014,S16-17719__S16-17719,1,0,original
3015,S2521240__S2521240_0_BP1A2021,1,0,original
3016,S2423618__S24-23618-_-RECUT_2,0,0,original
3017,S2522994__S2522994_0_BP1A2021,0,0,original
3018,S2522994__S2522994_0_BP1A2021,0,0,original
3019,S2406753__S24-06753-_-DEEP_1,0,0,original
3020,S2247860__S22-47860-_-DEEP_1,1,0,original
3021,S2521240__S2521240_0_BP1A2021,1,0,original
3022,S2513848__S25-13848_0_BP1A2021_131436,0,0,original
3023,S2533022__S2533022_0_BP1A2021,0,0,original
3024,S2409390__S2409390,0,0,original
3025,S18-18746__S18-18746,1,0,original
3026,S2409390__S2409390,0,0,original
3027,S2513848__S25-13848_0_BP1A2021_131436,0,0,original
3028,S2039743__S20-39743-P-PLHE_3,1,0,original
3029,S18-18746__S18-18746,1,0,original
3030,S2235518__S22-35518-_-BIOPSY,0,0,original
3031,S16-17719__S16-17719,1,0,original
3032,S2406038__S2406038,0,0,original
3033,S19-40316__S19-40316,1,0,original
3034,S2237603__S22-37603-_-_1,0,0,original
3035,S2326329__S23-26329-_-BIOPSY,0,0,original
3036,S2409392__S2409392,0,0,original
3037,S2513847__S25-13847_0_BP1A2021_131603,0,0,original
3038,S19-19367__S19-19367,1,0,original
3039,S19-40316__S19-40316,1,0,original
3040,S2527323__S2527323_0_BP1A2021,0,0,original
3041,S2513846__S25-13846_0_BP1A2021_131523,0,0,original
3042,S2529112__S2529112_0_BP1A2021,0,0,original
3043,S2524760__S2524760_0_BP1A2021,0,0,original
3044,S18-18746__S18-18746,1,0,original
3045,S2434918__S24-34918-_-BIOPSY,1,0,original
3046,S2424259__S2424259,0,0,original
3047,S19-40316__S19-40316,1,0,original
3048,S2039743__S20-39743-P-PLHE_3,1,0,original
3049,S2425843__S24-25843-_-BIOPSY,0,0,original
3050,S2424258__S2424258,0,0,original
3051,S2522994__S2522994_0_BP1A2021,0,0,original
3052,S2039743__S20-39743-L-PLHE_1,1,0,original
3053,S2039743__S20-39743-C-PLHE_0,1,0,original
3054,S19-40316__S19-40316,1,0,original
3055,S2039743__S20-39743-L-PLHE_1,1,0,original
3056,S2535840__S2535840_0_BP1A2021,0,0,original
3057,S2128633__S2128633--DEEP,1,0,original
3058,S2530049__S2530049_0_BP1A2021,0,0,original
3059,S2409392__S2409392,0,0,original
3060,S2535840__S2535840_0_BP1A2021,0,0,original
3061,S2409390__S2409390,0,0,original
3062,S2406753__S24-06753-_-DEEP_1,0,0,original
3063,S2530063__S2530063_0_BP1A2021,0,0,original
3064,S2504719__S25-04719-_-DEEP_1,0,0,original
3065,S2427695__S24-27695-_-BIOPSY,0,0,original
3066,S2326329__S23-26329-_-BIOPSY,0,0,original
3067,S2535840__S2535840_0_BP1A2021,0,0,original
3068,S2415689__S24-15689-_-BIOPSY,1,0,original
3069,S19-19367__S19-19367,1,0,original
3070,S2511008__S25-11008_0_BP1A2021_052339,1,0,original
3071,S2530063__S2530063_0_BP1A2021,0,0,original
3072,S2409390__S2409390,0,0,original
3073,S2513847__S25-13847_0_BP1A2021_131603,0,0,original
3074,S2409392__S2409392,0,0,original
3075,S2039743__S20-39743-C-PLHE_0,1,0,original
3076,S2415689__S24-15689-_-BIOPSY,1,0,original
3077,S2134277__S2134277,1,0,original
3078,S2522980__S2522980_0_BP1A2021,0,0,original
3079,S2535840__S2535840_0_BP1A2021,0,0,original
3080,S17-42935__S17-42935,1,0,original
3081,S2527323__S2527323_0_BP1A2021,0,0,original
3082,S2531989__S2531989_0_BP1A2021,0,0,original
3083,S17-42935__S17-42935,1,0,original
3084,S2235518__S22-35518-_-BIOPSY,0,0,original
3085,S2424259__S2424259,0,0,original
3086,S18-18746__S18-18746,1,0,original
3087,S2346179__S23-46179-_-BIOPSY,1,0,original
3088,S2326329__S23-26329-_-BIOPSY,0,0,original
3089,S2513846__S25-13846_0_BP1A2021_161650,0,0,original
3090,S2521240__S2521240_0_BP1A2021,1,0,original
3091,S2128633__S2128633--DEEP,1,0,original
3092,S17-42935__S17-42935,1,0,original
3093,S2522994__S2522994_0_BP1A2021,0,0,original
3094,S2526362__S2526362_0_BP1A2021,0,0,original
3095,S2346179__S23-46179-_-BIOPSY,1,0,original
3096,S2326329__S23-26329-_-BIOPSY,0,0,original
3097,S2039743__S20-39743-C-PLHE_0,1,0,original
3098,S19-40316__S19-40316,1,0,original
3099,S2513847__S25-13847_0_BP1A2021_131603,0,0,original
3100,S2513846__S25-13846_0_BP1A2021_161650,0,0,original
3101,S2513848__S25-13848_0_BP1A2021_131436,0,0,original
3102,S2039743__S20-39743-L-PLHE_1,1,0,original
3103,S2513847__S25-13847_0_BP1A2021_131603,0,0,original
3104,S2039743__S20-39743-C-PLHE_0,1,0,original
3105,S17-42935__S17-42935,1,0,original
3106,S2406753__S24-06753-_-DEEP_1,0,0,original
3107,S2247860__S22-47860-_-DEEP_1,1,0,original
3108,S2513846__S25-13846_0_BP1A2021_131523,0,0,original
3109,S2039743__S20-39743-L-PLHE_1,1,0,original
3110,S2423618__S24-23618-_-RECUT_2,0,0,original
3111,S2128633__S2128633--DEEP,1,0,original
3112,S2513847__S25-13847_0_BP1A2021_131603,0,0,original
3113,S2039743__S20-39743-P-PLHE_3,1,0,original
3114,S2134277__S2134277,1,0,original
3115,S2326329__S23-26329-_-BIOPSY,0,0,original
3116,S2511006__S25-11006_0_BP1A2021_052242,0,0,original
3117,S19-40316__S19-40316,1,0,original
3118,S19-40316__S19-40316,1,0,original
3119,S2134277__S2134277,1,0,original
3120,S2039743__S20-39743-C-PLHE_0,1,0,original
3121,S2134277__S2134277,1,0,original
3122,S17-42935__S17-42935,1,0,original
3123,S19-40316__S19-40316,1,0,original
3124,S2504719__S25-04719-_-DEEP_1,0,0,original
3125,S16-17719__S16-17719,1,0,original
3126,S2039743__S20-39743-P-PLHE_3,1,0,original
3127,S2128633__S2128633--DEEP,1,0,original
3128,S2409390__S2409390,0,0,original
3129,S2527323__S2527323_0_BP1A2021,0,0,original
3130,S2521240__S2521240_0_BP1A2021,1,0,original
3131,S2527323__S2527323_0_BP1A2021,0,0,original
3132,S2039743__S20-39743-L-PLHE_1,1,0,original
3133,S19-19367__S19-19367,1,0,original
3134,S2535840__S2535840_0_BP1A2021,0,0,original
3135,S2128633__S2128633--DEEP,1,0,original
3136,S2513846__S25-13846_0_BP1A2021_161650,0,0,original
3137,S2530049__S2530049_0_BP1A2021,0,0,original
3138,S2409392__S2409392,0,0,original
3139,S2504719__S25-04719-_-DEEP_1,0,0,original
3140,S2511008__S25-11008_0_BP1A2021_052339,1,0,original
3141,S2529112__S2529112_0_BP1A2021,0,0,original
3142,S2511859__S25-11859_0_BP1A2021_150616,0,0,original
3143,S19-19367__S19-19367,1,0,original
3144,S2406753__S24-06753-_-DEEP_1,0,0,original
3145,S19-40063__S19-40063,0,0,original
3146,S2128633__S2128633--DEEP,1,0,original
3147,S2434918__S24-34918-_-BIOPSY,1,0,original
3148,S2415689__S24-15689-_-BIOPSY,1,0,original
3149,S19-40063__S19-40063,0,0,original
3150,S2346179__S23-46179-_-BIOPSY,1,0,original
3151,S2521240__S2521240_0_BP1A2021,1,0,original
3152,S2128633__S2128633--DEEP,1,0,original
3153,S2529112__S2529112_0_BP1A2021,0,0,original
3154,S2424259__S2424259,0,0,original
3155,S2134277__S2134277,1,0,original
3156,S2423618__S24-23618-_-RECUT_2,0,0,original
3157,S2427695__S2427695_BP1B27_C_14045_3,0,0,original
3158,S2504719__S25-04719-_-DEEP_1,0,0,original
3159,S18-18746__S18-18746,1,0,original
3160,S2039743__S20-39743-L-PLHE_1,1,0,original
3161,S2511008__S25-11008_0_BP1A2021_052339,1,0,original
3162,S2415689__S24-15689-_-BIOPSY,1,0,original
3163,S2039743__S20-39743-C-PLHE_0,1,0,original
3164,S2424259__S2424259,0,0,original
3165,S2424259__S2424259,0,0,original
3166,S2530991__S2530991_0_BP1A2021,0,0,original
3167,S2531989__S2531989_0_BP1A2021,0,0,original
3168,S2346179__S23-46179-_-BIOPSY,1,0,original
3169,S2247860__S22-47860-_-DEEP_1,1,0,original
3170,S2352429__S23-52429-_-BIOPSY,0,0,original
3171,S2346179__S23-46179-_-BIOPSY,1,0,original
3172,S2039743__S20-39743-L-PLHE_1,1,0,original
3173,S2128633__S2128633--DEEP,1,0,original
3174,S2513846__S25-13846_0_BP1A2021_161650,0,0,original
3175,S2415689__S24-15689-_-BIOPSY,1,0,original
3176,S2513847__S25-13847_0_BP1A2021_131603,0,0,original
3177,S2415689__S24-15689-_-BIOPSY,1,0,original
3178,S2039743__S20-39743-L-PLHE_1,1,0,original
3179,S2511008__S25-11008_0_BP1A2021_052339,1,0,original
3180,S2415689__S24-15689-_-BIOPSY,1,0,original
3181,S2326329__S23-26329-_-BIOPSY,0,0,original
3182,S19-19367__S19-19367,1,0,original
3183,S2247860__S22-47860-_-DEEP_1,1,0,original
3184,S2424250__S2424250,0,0,original
3185,S2406753__S24-06753-_-DEEP_1,0,0,original
3186,S2515598__S25-15598_0__144202,0,0,original
3187,S2533022__S2533022_0_BP1A2021,0,0,original
3188,S2134277__S2134277,1,0,original
3189,S2237603__S22-37603-_-_1,0,0,original
3190,S2522980__S2522980_0_BP1A2021,0,0,original
3191,S19-40316__S19-40316,1,0,original
3192,S2346179__S23-46179-_-BIOPSY,1,0,original
3193,S2434918__S24-34918-_-BIOPSY,1,0,original
3194,S2134277__S2134277,1,0,original
3195,S2521239__S2521239_0_BP1A2021,0,0,original
3196,S2521240__S2521240_0_BP1A2021,1,0,original
3197,S2511008__S25-11008_0_BP1A2021_052339,1,0,original
3198,S2128633__S2128633--DEEP,1,0,original
3199,S2128633__S2128633--DEEP,1,0,original
3200,S2326329__S23-26329-_-BIOPSY,0,0,original
3201,S2513847__S25-13847_0_BP1A2021_131603,0,0,original
3202,S2039743__S20-39743-L-PLHE_1,1,0,original
3203,S2406753__S24-06753-_-SERIAL_2,0,0,original
3204,S2039743__S20-39743-L-PLHE_1,1,0,original
3205,S2527323__S2527323_0_BP1A2021,0,0,original
3206,S2434918__S24-34918-_-BIOPSY,1,0,original
3207,S2434918__S24-34918-_-BIOPSY,1,0,original
3208,S2513847__S25-13847_0_BP1A2021_131603,0,0,original
3209,S2427695__S24-27695-_-BIOPSY,0,0,original
3210,S2039743__S20-39743-P-PLHE_3,1,0,original
3211,S2424258__S2424258,0,0,original
3212,S19-40316__S19-40316,1,0,original
3213,S19-19367__S19-19367,1,0,original
3214,S2424259__S2424259,0,0,original
3215,S2406753__S24-06753-_-DEEP_1,0,0,original
3216,S2128633__S2128633--DEEP,1,0,original
3217,S2513847__S25-13847_0_BP1A2021_131603,0,0,original
3218,S16-17719__S16-17719,1,0,original
3219,S2128633__S2128633--DEEP,1,0,original
3220,S2530063__S2530063_0_BP1A2021,0,0,original
3221,S2406038__S2406038,0,0,original
3222,S19-19367__S19-19367,1,0,original
3223,S2529112__S2529112_0_BP1A2021,0,0,original
3224,S2511008__S25-11008_0_BP1A2021_052339,1,0,original
3225,S2434918__S24-34918-_-BIOPSY,1,0,original
3226,S2247860__S22-47860-_-DEEP_1,1,0,original
3227,S2530049__S2530049_0_BP1A2021,0,0,original
3228,S19-19367__S19-19367,1,0,original
3229,S19-19367__S19-19367,1,0,original
3230,S19-40316__S19-40316,1,0,original
3231,S2434918__S24-34918-_-BIOPSY,1,0,original
3232,S2521239__S2521239_0_BP1A2021,0,0,original
3233,S2409392__S2409392,0,0,original
3234,S2237603__S22-37603-_-_1,0,0,original
3235,S2134277__S2134277,1,0,original
3236,S19-40063__S19-40063,0,0,original
3237,S2235518__S22-35518-_-BIOPSY,0,0,original
3238,S17-42935__S17-42935,1,0,original
3239,S2522980__S2522980_0_BP1A2021,0,0,original
3240,S2527323__S2527323_0_BP1A2021,0,0,original
3241,S2237603__S22-37603-_-_1,0,0,original
3242,S2409392__S2409392,0,0,original
3243,S2039743__S20-39743-P-PLHE_3,1,0,original
3244,S2346179__S23-46179-_-BIOPSY,1,0,original
3245,S2128633__S2128633--DEEP,1,0,original
3246,S16-17719__S16-17719,1,0,original
3247,S19-40063__S19-40063,0,0,original
3248,S2526362__S2526362_0_BP1A2021,0,0,original
3249,S2522980__S2522980_0_BP1A2021,0,0,original
3250,S2513846__S25-13846_0_BP1A2021_161650,0,0,original
3251,S2515598__S25-15598_0__144202,0,0,original
3252,S2415689__S24-15689-_-BIOPSY,1,0,original
3253,S2513848__S25-13848_0_BP1A2021_131436,0,0,original
3254,S2415689__S24-15689-_-BIOPSY,1,0,original
3255,S2424259__S2424259,0,0,original
3256,S2326329__S23-26329-_-BIOPSY,0,0,original
3257,S2511008__S25-11008_0_BP1A2021_052339,1,0,original
3258,S2511859__S25-11859_0_BP1A2021_150616,0,0,original
3259,S2352429__S23-52429-_-BIOPSY,0,0,original
3260,S19-40316__S19-40316,1,0,original
3261,S2409390__S2409390,0,0,original
3262,S2521240__S2521240_0_BP1A2021,1,0,original
3263,S2039743__S20-39743-L-PLHE_1,1,0,original
3264,S2346179__S23-46179-_-BIOPSY,1,0,original
3265,S2415689__S24-15689-_-BIOPSY,1,0,original
3266,S16-17719__S16-17719,1,0,original
3267,S2409392__S2409392,0,0,original
3268,S2247860__S22-47860-_-DEEP_1,1,0,original
3269,S2511008__S25-11008_0_BP1A2021_052339,1,0,original
3270,S19-19367__S19-19367,1,0,original
3271,S2515598__S25-15598_0__144202,0,0,original
3272,S2427695__S2427695_BP1B27_C_14045_3,0,0,original
3273,S2511008__S25-11008_0_BP1A2021_052339,1,0,original
3274,S2247860__S22-47860-_-DEEP_1,1,0,original
3275,S2533022__S2533022_0_BP1A2021,0,0,original
3276,S19-19367__S19-19367,1,0,original
3277,S2415689__S24-15689-_-BIOPSY,1,0,original
3278,S2235518__S22-35518-_-BIOPSY,0,0,original
3279,S2513846__S25-13846_0_BP1A2021_131523,0,0,original
3280,S2039743__S20-39743-C-PLHE_0,1,0,original
3281,S19-40316__S19-40316,1,0,original
3282,S2513846__S25-13846_0_BP1A2021_161650,0,0,original
3283,S2247860__S22-47860-_-DEEP_1,1,0,original
3284,S2247860__S22-47860-_-DEEP_1,1,0,original
3285,S19-19367__S19-19367,1,0,original
3286,S2326329__S23-26329-_-BIOPSY,0,0,original
3287,S2134277__S2134277,1,0,original
3288,S18-18746__S18-18746,1,0,original
3289,S2511008__S25-11008_0_BP1A2021_052339,1,0,original
3290,S2530049__S2530049_0_BP1A2021,0,0,original
3291,S18-18746__S18-18746,1,0,original
3292,S2039743__S20-39743-P-PLHE_3,1,0,original
3293,S2039743__S20-39743-C-PLHE_0,1,0,original
3294,S2134277__S2134277,1,0,original
3295,S19-19367__S19-19367,1,0,original
3296,S2039743__S20-39743-P-PLHE_3,1,0,original
3297,S2424250__S2424250,0,0,original
3298,S2134277__S2134277,1,0,original
3299,S2434918__S24-34918-_-BIOPSY,1,0,original
3300,S2535840__S2535840_0_BP1A2021,0,0,original
3301,S2424258__S2424258,0,0,original
3302,S2513846__S25-13846_0_BP1A2021_131523,0,0,original
3303,S2134277__S2134277,1,0,original
3304,S2513846__S25-13846_0_BP1A2021_161650,0,0,original
3305,S2406753__S24-06753-_-DEEP_1,0,0,original
3306,S2513847__S25-13847_0_BP1A2021_131603,0,0,original
3307,S19-40316__S19-40316,1,0,original
3308,S2424258__S2424258,0,0,original
3309,S2346179__S23-46179-_-BIOPSY,1,0,original
3310,S2415689__S24-15689-_-BIOPSY,1,0,original
3311,S2134277__S2134277,1,0,original
3312,S2521240__S2521240_0_BP1A2021,1,0,original
3313,S2039743__S20-39743-L-PLHE_1,1,0,original
3314,S2511008__S25-11008_0_BP1A2021_052339,1,0,original
3315,S2521240__S2521240_0_BP1A2021,1,0,original
3316,S2521240__S2521240_0_BP1A2021,1,0,original
3317,S2409390__S2409390,0,0,original
3318,S2039743__S20-39743-P-PLHE_3,1,0,original
3319,S2530063__S2530063_0_BP1A2021,0,0,original
3320,S2530049__S2530049_0_BP1A2021,0,0,original
3321,S2039743__S20-39743-P-PLHE_3,1,0,original
3322,S2134277__S2134277,1,0,original
3323,S2530991__S2530991_0_BP1A2021,0,0,original
3324,S2522980__S2522980_0_BP1A2021,0,0,original
3325,S2423618__S24-23618-_-RECUT_2,0,0,original
3326,S2427695__S24-27695-_-BIOPSY,0,0,original
3327,S2235518__S22-35518-_-BIOPSY,0,0,original
3328,S19-40316__S19-40316,1,0,original
3329,S2515598__S25-15598_0__144202,0,0,original
3330,S19-40063__S19-40063,0,0,original
3331,S2434918__S24-34918-_-BIOPSY,1,0,original
3332,S2530049__S2530049_0_BP1A2021,0,0,original
3333,S2409390__S2409390,0,0,original
3334,S2326329__S23-26329-_-BIOPSY,0,0,original
3335,S2511859__S25-11859_0_BP1A2021_150616,0,0,original
3336,S2406038__S2406038,0,0,original
3337,S2128633__S2128633--DEEP,1,0,original
3338,S2524760__S2524760_0_BP1A2021,0,0,original
3339,S2511008__S25-11008_0_BP1A2021_052339,1,0,original
3340,S2522994__S2522994_0_BP1A2021,0,0,original
3341,S19-40316__S19-40316,1,0,original
3342,S19-40316__S19-40316,1,0,original
3343,S2039743__S20-39743-L-PLHE_1,1,0,original
3344,S19-40316__S19-40316,1,0,original
3345,S2434918__S24-34918-_-BIOPSY,1,0,original
3346,S2530049__S2530049_0_BP1A2021,0,0,original
3347,S2039743__S20-39743-P-PLHE_3,1,0,original
3348,S2415689__S24-15689-_-BIOPSY,1,0,original
3349,S2409390__S2409390,0,0,original
3350,S2406038__S2406038,0,0,original
3351,S2039743__S20-39743-L-PLHE_1,1,0,original
3352,S2530991__S2530991_0_BP1A2021,0,0,original
3353,S2511859__S25-11859_0_BP1A2021_150616,0,0,original
3354,S2247860__S22-47860-_-DEEP_1,1,0,original
3355,S2247860__S22-47860-_-DEEP_1,1,0,original
3356,S2511859__S25-11859_0_BP1A2021_150616,0,0,original
3357,S2524760__S2524760_0_BP1A2021,0,0,original
3358,S16-17719__S16-17719,1,0,original
3359,S16-17719__S16-17719,1,0,original
3360,S2409390__S2409390,0,0,original
3361,S2415689__S24-15689-_-BIOPSY,1,0,original
3362,S2504719__S25-04719-_-DEEP_1,0,0,original
3363,S17-42935__S17-42935,1,0,original
3364,S2513846__S25-13846_0_BP1A2021_161650,0,0,original
3365,S17-42935__S17-42935,1,0,original
3366,S2511006__S25-11006_0_BP1A2021_052242,0,0,original
3367,S2529112__S2529112_0_BP1A2021,0,0,original
3368,S2235518__S22-35518-_-BIOPSY,0,0,original
3369,S2521239__S2521239_0_BP1A2021,0,0,original
3370,S2128633__S2128633--DEEP,1,0,original
3371,S2352429__S23-52429-_-BIOPSY,0,0,original
3372,S19-40316__S19-40316,1,0,original
3373,S2427695__S2427695_BP1B27_C_14045_3,0,0,original
3374,S19-40316__S19-40316,1,0,original
3375,S2415689__S24-15689-_-BIOPSY,1,0,original
3376,S2524760__S2524760_0_BP1A2021,0,0,original
3377,S2134277__S2134277,1,0,original
3378,S19-40316__S19-40316,1,0,original
3379,S2424250__S2424250,0,0,original
3380,S2409390__S2409390,0,0,original
3381,S2415689__S24-15689-_-BIOPSY,1,0,original
3382,S2039743__S20-39743-C-PLHE_0,1,0,original
3383,S2406038__S2406038,0,0,original
3384,S2530991__S2530991_0_BP1A2021,0,0,original
3385,S2406753__S24-06753-_-SERIAL_2,0,0,original
3386,S17-42935__S17-42935,1,0,original
3387,S2521240__S2521240_0_BP1A2021,1,0,original
3388,S2247860__S22-47860-_-DEEP_1,1,0,original
3389,S2346179__S23-46179-_-BIOPSY,1,0,original
3390,S2513848__S25-13848_0_BP1A2021_131436,0,0,original
3391,S2415689__S24-15689-_-BIOPSY,1,0,original
3392,S19-40316__S19-40316,1,0,original
3393,S2521239__S2521239_0_BP1A2021,0,0,original
3394,S2434918__S24-34918-_-BIOPSY,1,0,original
3395,S2427695__S2427695_BP1B27_C_14045_3,0,0,original
3396,S2434918__S24-34918-_-BIOPSY,1,0,original
3397,S2513846__S25-13846_0_BP1A2021_131523,0,0,original
3398,S18-18746__S18-18746,1,0,original
3399,S2039743__S20-39743-P-PLHE_3,1,0,original
3400,S2134277__S2134277,1,0,original
3401,S2247860__S22-47860-_-DEEP_1,1,0,original
3402,S2406753__S24-06753-_-SERIAL_2,0,0,original
3403,S2427695__S2427695_BP1B27_C_14045_3,0,0,original
3404,S2424250__S2424250,0,0,original
3405,S2533022__S2533022_0_BP1A2021,0,0,original
3406,S16-17719__S16-17719,1,0,original
3407,S2134277__S2134277,1,0,original
3408,S2409392__S2409392,0,0,original
3409,S2424258__S2424258,0,0,original
3410,S2521240__S2521240_0_BP1A2021,1,0,original
3411,S2134277__S2134277,1,0,original
3412,S2237603__S22-37603-_-_1,0,0,original
3413,S2515598__S25-15598_0__144202,0,0,original
3414,S2522994__S2522994_0_BP1A2021,0,0,original
3415,S2128633__S2128633--DEEP,1,0,original
3416,S2434918__S24-34918-_-BIOPSY,1,0,original
3417,S2039743__S20-39743-L-PLHE_1,1,0,original
3418,S2521239__S2521239_0_BP1A2021,0,0,original
3419,S2521240__S2521240_0_BP1A2021,1,0,original
3420,S2434918__S24-34918-_-BIOPSY,1,0,original
3421,S2427695__S2427695_BP1B27_C_14045_3,0,0,original
3422,S2511006__S25-11006_0_BP1A2021_052242,0,0,original
3423,S19-40063__S19-40063,0,0,original
3424,S2521240__S2521240_0_BP1A2021,1,0,original
3425,S2513847__S25-13847_0_BP1A2021_131603,0,0,original
3426,S2039743__S20-39743-P-PLHE_3,1,0,original
3427,S2406038__S2406038,0,0,original
3428,S18-18746__S18-18746,1,0,original
3429,S2425843__S24-25843-_-BIOPSY,0,0,original
3430,S2424259__S2424259,0,0,original
3431,S2526362__S2526362_0_BP1A2021,0,0,original
3432,S2530063__S2530063_0_BP1A2021,0,0,original
3433,S2504719__S25-04719-_-DEEP_1,0,0,original
3434,S2039743__S20-39743-P-PLHE_3,1,0,original
3435,S16-17719__S16-17719,1,0,original
3436,S2406753__S24-06753-_-SERIAL_2,0,0,original
3437,S2424250__S2424250,0,0,original
3438,S18-18746__S18-18746,1,0,original
3439,S2134277__S2134277,1,0,original
3440,S2511008__S25-11008_0_BP1A2021_052339,1,0,original
3441,S2529112__S2529112_0_BP1A2021,0,0,original
3442,S16-17719__S16-17719,1,0,original
3443,S2039743__S20-39743-L-PLHE_1,1,0,original
3444,S19-19367__S19-19367,1,0,original
3445,S2352429__S23-52429-_-RECUT_1,0,0,original
3446,S2425843__S24-25843-_-BIOPSY,0,0,original
3447,S2521240__S2521240_0_BP1A2021,1,0,original
3448,S2531989__S2531989_0_BP1A2021,0,0,original
3449,S2434918__S24-34918-_-BIOPSY,1,0,original
3450,S2128633__S2128633--DEEP,1,0,original
3451,S2235518__S22-35518-_-BIOPSY,0,0,original
3452,S2346179__S23-46179-_-BIOPSY,1,0,original
3453,S2533022__S2533022_0_BP1A2021,0,0,original
3454,S2352429__S23-52429-_-RECUT_1,0,0,original
3455,S2406753__S24-06753-_-DEEP_1,0,0,original
3456,S2039743__S20-39743-C-PLHE_0,1,0,original
3457,S18-18746__S18-18746,1,0,original
3458,S2235518__S22-35518-_-BIOPSY,0,0,original
3459,S2434918__S24-34918-_-BIOPSY,1,0,original
3460,S2039743__S20-39743-P-PLHE_3,1,0,original
3461,S2513846__S25-13846_0_BP1A2021_131523,0,0,original
3462,S2415689__S24-15689-_-BIOPSY,1,0,original
3463,S2427695__S2427695_BP1B27_C_14045_3,0,0,original
3464,S2247860__S22-47860-_-DEEP_1,1,0,original
3465,S18-18746__S18-18746,1,0,original
3466,S2424250__S2424250,0,0,original
3467,S19-19367__S19-19367,1,0,original
3468,S2511008__S25-11008_0_BP1A2021_052339,1,0,original
3469,S2531989__S2531989_0_BP1A2021,0,0,original
3470,S2406753__S24-06753-_-DEEP_1,0,0,original
3471,S2237603__S22-37603-_-_1,0,0,original
3472,S19-19367__S19-19367,1,0,original
3473,S2504719__S25-04719-_-DEEP_1,0,0,original
3474,S2406753__S24-06753-_-SERIAL_2,0,0,original
3475,S2039743__S20-39743-L-PLHE_1,1,0,original
3476,S2039743__S20-39743-P-PLHE_3,1,0,original
3477,S2237603__S22-37603-_-_1,0,0,original
3478,S2134277__S2134277,1,0,original
3479,S19-19367__S19-19367,1,0,original
3480,S2406038__S2406038,0,0,original
3481,S2524760__S2524760_0_BP1A2021,0,0,original
3482,S2424250__S2424250,0,0,original
3483,S2039743__S20-39743-L-PLHE_1,1,0,original
3484,S2039743__S20-39743-C-PLHE_0,1,0,original
3485,S2406038__S2406038,0,0,original
3486,S2524760__S2524760_0_BP1A2021,0,0,original
3487,S2415689__S24-15689-_-BIOPSY,1,0,original
3488,S2513846__S25-13846_0_BP1A2021_161650,0,0,original
3489,S2434918__S24-34918-_-BIOPSY,1,0,original
3490,S2415689__S24-15689-_-BIOPSY,1,0,original
3491,S17-42935__S17-42935,1,0,original
3492,S2521240__S2521240_0_BP1A2021,1,0,original
3493,S2039743__S20-39743-L-PLHE_1,1,0,original
3494,S2237603__S22-37603-_-_1,0,0,original
3495,S2511008__S25-11008_0_BP1A2021_052339,1,0,original
3496,S2427695__S2427695_BP1B27_C_14045_3,0,0,original
3497,S2427695__S2427695_BP1B27_C_14045_3,0,0,original
3498,S19-19367__S19-19367,1,0,original
3499,S2504719__S25-04719-_-DEEP_1,0,0,original
3500,S2531989__S2531989_0_BP1A2021,0,0,original
3501,S2513846__S25-13846_0_BP1A2021_131523,0,0,original
3502,S2423618__S24-23618-_-RECUT_2,0,0,original
3503,S2424250__S2424250,0,0,original
3504,S2530991__S2530991_0_BP1A2021,0,0,original
3505,S2424258__S2424258,0,0,original
3506,S2406753__S24-06753-_-DEEP_1,0,0,original
3507,S2434918__S24-34918-_-BIOPSY,1,0,original
3508,S2134277__S2134277,1,0,original
3509,S2434918__S24-34918-_-BIOPSY,1,0,original
3510,S2513846__S25-13846_0_BP1A2021_131523,0,0,original
3511,S19-19367__S19-19367,1,0,original
3512,S2415689__S24-15689-_-BIOPSY,1,0,original
3513,S2406753__S24-06753-_-SERIAL_2,0,0,original
3514,S2039743__S20-39743-C-PLHE_0,1,0,original
3515,S2427695__S24-27695-_-BIOPSY,0,0,original
3516,S2247860__S22-47860-_-DEEP_1,1,0,original
3517,S2406038__S2406038,0,0,original
3518,S2039743__S20-39743-P-PLHE_3,1,0,original
3519,S2346179__S23-46179-_-BIOPSY,1,0,original
3520,S17-42935__S17-42935,1,0,original
3521,S2346179__S23-46179-_-BIOPSY,1,0,original
3522,S2533022__S2533022_0_BP1A2021,0,0,original
3523,S2039743__S20-39743-P-PLHE_3,1,0,original
3524,S19-40063__S19-40063,0,0,original
3525,S2531989__S2531989_0_BP1A2021,0,0,original
3526,S19-40316__S19-40316,1,0,original
3527,S2039743__S20-39743-L-PLHE_1,1,0,original
3528,S2039743__S20-39743-P-PLHE_3,1,0,original
3529,S2524760__S2524760_0_BP1A2021,0,0,original
3530,S2235518__S22-35518-_-BIOPSY,0,0,original
3531,S2039743__S20-39743-P-PLHE_3,1,0,original
3532,S2346179__S23-46179-_-BIOPSY,1,0,original
3533,S19-40063__S19-40063,0,0,original
3534,S2521240__S2521240_0_BP1A2021,1,0,original
3535,S2531989__S2531989_0_BP1A2021,0,0,original
3536,S19-40063__S19-40063,0,0,original
3537,S2530991__S2530991_0_BP1A2021,0,0,original
3538,S2511008__S25-11008_0_BP1A2021_052339,1,0,original
3539,S2511008__S25-11008_0_BP1A2021_052339,1,0,original
3540,S2527323__S2527323_0_BP1A2021,0,0,original
3541,S2237603__S22-37603-_-_1,0,0,original
3542,S2535840__S2535840_0_BP1A2021,0,0,original
3543,S2511008__S25-11008_0_BP1A2021_052339,1,0,original
3544,S2504719__S25-04719-_-DEEP_1,0,0,original
3545,S2237603__S22-37603-_-_1,0,0,original
3546,S16-17719__S16-17719,1,0,original
3547,S2530049__S2530049_0_BP1A2021,0,0,original
3548,S2513846__S25-13846_0_BP1A2021_161650,0,0,original
3549,S16-17719__S16-17719,1,0,original
3550,S2128633__S2128633--DEEP,1,0,original
3551,S18-18746__S18-18746,1,0,original
3552,S2134277__S2134277,1,0,original
3553,S2529112__S2529112_0_BP1A2021,0,0,original
3554,S2352429__S23-52429-_-BIOPSY,0,0,original
3555,S2530063__S2530063_0_BP1A2021,0,0,original
3556,S19-19367__S19-19367,1,0,original
3557,S2511006__S25-11006_0_BP1A2021_052242,0,0,original
3558,S2346179__S23-46179-_-BIOPSY,1,0,original
3559,S2511859__S25-11859_0_BP1A2021_150616,0,0,original
3560,S2406753__S24-06753-_-SERIAL_2,0,0,original
3561,S2326329__S23-26329-_-BIOPSY,0,0,original
3562,S2522994__S2522994_0_BP1A2021,0,0,original
3563,S2235518__S22-35518-_-BIOPSY,0,0,original
3564,S2522994__S2522994_0_BP1A2021,0,0,original
3565,S2511006__S25-11006_0_BP1A2021_052242,0,0,original
3566,S2533022__S2533022_0_BP1A2021,0,0,original
3567,S2326329__S23-26329-_-BIOPSY,0,0,original
3568,S2521240__S2521240_0_BP1A2021,1,0,original
3569,S19-40316__S19-40316,1,0,original
3570,S2039743__S20-39743-P-PLHE_3,1,0,original
3571,S16-17719__S16-17719,1,0,original
3572,S2134277__S2134277,1,0,original
3573,S2530049__S2530049_0_BP1A2021,0,0,original
3574,S2521240__S2521240_0_BP1A2021,1,0,original
3575,S2424259__S2424259,0,0,original
3576,S2530991__S2530991_0_BP1A2021,0,0,original
3577,S2247860__S22-47860-_-DEEP_1,1,0,original
3578,S2128633__S2128633--DEEP,1,0,original
3579,S2427695__S2427695_BP1B27_C_14045_3,0,0,original
3580,S19-40063__S19-40063,0,0,original
3581,S2128633__S2128633--DEEP,1,0,original
3582,S2529112__S2529112_0_BP1A2021,0,0,original
3583,S2406038__S2406038,0,0,original
3584,S2424259__S2424259,0,0,original
3585,S2530063__S2530063_0_BP1A2021,0,0,original
3586,S2515598__S25-15598_0__144202,0,0,original
3587,S2530049__S2530049_0_BP1A2021,0,0,original
3588,S2529112__S2529112_0_BP1A2021,0,0,original
3589,S2247860__S22-47860-_-DEEP_1,1,0,original
3590,S2513846__S25-13846_0_BP1A2021_131523,0,0,original
3591,S2406753__S24-06753-_-DEEP_1,0,0,original
3592,S2424258__S2424258,0,0,original
3593,S2424258__S2424258,0,0,original
3594,S16-17719__S16-17719,1,0,original
3595,S2247860__S22-47860-_-DEEP_1,1,0,original
3596,S2352429__S23-52429-_-BIOPSY,0,0,original
3597,S2521240__S2521240_0_BP1A2021,1,0,original
3598,S2522980__S2522980_0_BP1A2021,0,0,original
3599,S2415689__S24-15689-_-BIOPSY,1,0,original
3600,S2526362__S2526362_0_BP1A2021,0,0,original
3601,S2346179__S23-46179-_-BIOPSY,1,0,original
3602,S2513846__S25-13846_0_BP1A2021_161650,0,0,original
3603,S2039743__S20-39743-C-PLHE_0,1,0,original
3604,S2424258__S2424258,0,0,original
3605,S2415689__S24-15689-_-BIOPSY,1,0,original
3606,S2406753__S24-06753-_-SERIAL_2,0,0,original
3607,S2522980__S2522980_0_BP1A2021,0,0,original
3608,S2513846__S25-13846_0_BP1A2021_161650,0,0,original
3609,S19-19367__S19-19367,1,0,original
3610,S2530063__S2530063_0_BP1A2021,0,0,original
3611,S2531989__S2531989_0_BP1A2021,0,0,original
3612,S2513847__S25-13847_0_BP1A2021_131603,0,0,original
3613,S2409392__S2409392,0,0,original
3614,S2515598__S25-15598_0__144202,0,0,original
3615,S2409392__S2409392,0,0,original
3616,S2504719__S25-04719-_-DEEP_1,0,0,original
3617,S2521239__S2521239_0_BP1A2021,0,0,original
3618,S18-18746__S18-18746,1,0,original
3619,S19-40316__S19-40316,1,0,original
3620,S2424258__S2424258,0,0,original
3621,S2434918__S24-34918-_-BIOPSY,1,0,original
3622,S2530049__S2530049_0_BP1A2021,0,0,original
3623,S2247860__S22-47860-_-DEEP_1,1,0,original
3624,S2352429__S23-52429-_-RECUT_1,0,0,original
3625,S17-42935__S17-42935,1,0,original
3626,S2415689__S24-15689-_-BIOPSY,1,0,original
3627,S16-17719__S16-17719,1,0,original
3628,S2415689__S24-15689-_-BIOPSY,1,0,original
3629,S2409390__S2409390,0,0,original
3630,S2346179__S23-46179-_-BIOPSY,1,0,original
3631,S2529112__S2529112_0_BP1A2021,0,0,original
3632,S2434918__S24-34918-_-BIOPSY,1,0,original
3633,S2346179__S23-46179-_-BIOPSY,1,0,original
3634,S2326329__S23-26329-_-BIOPSY,0,0,original
3635,S19-40316__S19-40316,1,0,original
3636,S2531989__S2531989_0_BP1A2021,0,0,original
3637,S2530049__S2530049_0_BP1A2021,0,0,original
3638,S2513846__S25-13846_0_BP1A2021_131523,0,0,original
3639,S18-18746__S18-18746,1,0,original
3640,S19-19367__S19-19367,1,0,original
3641,S2128633__S2128633--DEEP,1,0,original
3642,S2247860__S22-47860-_-DEEP_1,1,0,original
3643,S2415689__S24-15689-_-BIOPSY,1,0,original
3644,S19-19367__S19-19367,1,0,original
3645,S2134277__S2134277,1,0,original
3646,S2511008__S25-11008_0_BP1A2021_052339,1,0,original
3647,S2406753__S24-06753-_-SERIAL_2,0,0,original
3648,S2134277__S2134277,1,0,original
3649,S2134277__S2134277,1,0,original
3650,S2247860__S22-47860-_-DEEP_1,1,0,original
3651,S2511006__S25-11006_0_BP1A2021_052242,0,0,original
3652,S2346179__S23-46179-_-BIOPSY,1,0,original
3653,S2406753__S24-06753-_-SERIAL_2,0,0,original
3654,S2526362__S2526362_0_BP1A2021,0,0,original
3655,S2521240__S2521240_0_BP1A2021,1,0,original
3656,S2039743__S20-39743-C-PLHE_0,1,0,original
3657,S2423618__S24-23618-_-RECUT_2,0,0,original
3658,S2526362__S2526362_0_BP1A2021,0,0,original
3659,S2128633__S2128633--DEEP,1,0,original
3660,S2128633__S2128633--DEEP,1,0,original
3661,S19-40063__S19-40063,0,0,original
3662,S2530049__S2530049_0_BP1A2021,0,0,original
3663,S2513847__S25-13847_0_BP1A2021_131603,0,0,original
3664,S2434918__S24-34918-_-BIOPSY,1,0,original
3665,S2515598__S25-15598_0__144202,0,0,original
3666,S2424258__S2424258,0,0,original
3667,S17-42935__S17-42935,1,0,original
3668,S2346179__S23-46179-_-BIOPSY,1,0,original
3669,S2515598__S25-15598_0__144202,0,0,original
3670,S2513848__S25-13848_0_BP1A2021_131436,0,0,original
3671,S2352429__S23-52429-_-RECUT_1,0,0,original
3672,S2511008__S25-11008_0_BP1A2021_052339,1,0,original
3673,S2526362__S2526362_0_BP1A2021,0,0,original
3674,S2415689__S24-15689-_-BIOPSY,1,0,original
3675,S2424250__S2424250,0,0,original
3676,S16-17719__S16-17719,1,0,original
3677,S2522980__S2522980_0_BP1A2021,0,0,original
3678,S2247860__S22-47860-_-DEEP_1,1,0,original
3679,S2237603__S22-37603-_-_1,0,0,original
3680,S2529112__S2529112_0_BP1A2021,0,0,original
3681,S2522980__S2522980_0_BP1A2021,0,0,original
3682,S19-40063__S19-40063,0,0,original
3683,S2424259__S2424259,0,0,original
3684,S2247860__S22-47860-_-DEEP_1,1,0,original
3685,S2530991__S2530991_0_BP1A2021,0,0,original
3686,S2530991__S2530991_0_BP1A2021,0,0,original
3687,S2513847__S25-13847_0_BP1A2021_131603,0,0,original
3688,S2409392__S2409392,0,0,original
3689,S2039743__S20-39743-P-PLHE_3,1,0,original
3690,S2326329__S23-26329-_-BIOPSY,0,0,original
3691,S18-18746__S18-18746,1,0,original
3692,S2427695__S2427695_BP1B27_C_14045_3,0,0,original
3693,S2513847__S25-13847_0_BP1A2021_131603,0,0,original
3694,S2039743__S20-39743-C-PLHE_0,1,0,original
3695,S2415689__S24-15689-_-BIOPSY,1,0,original
3696,S19-40316__S19-40316,1,0,original
3697,S2511006__S25-11006_0_BP1A2021_052242,0,0,original
3698,S2521239__S2521239_0_BP1A2021,0,0,original
3699,S19-40063__S19-40063,0,0,original
3700,S2522980__S2522980_0_BP1A2021,0,0,original
3701,S2522980__S2522980_0_BP1A2021,0,0,original
3702,S2039743__S20-39743-L-PLHE_1,1,0,original
3703,S2039743__S20-39743-C-PLHE_0,1,0,original
3704,S2424259__S2424259,0,0,original
3705,S19-40316__S19-40316,1,0,original
3706,S2522980__S2522980_0_BP1A2021,0,0,original
3707,S2524760__S2524760_0_BP1A2021,0,0,original
3708,S2521240__S2521240_0_BP1A2021,1,0,original
3709,S2434918__S24-34918-_-BIOPSY,1,0,original
3710,S2039743__S20-39743-C-PLHE_0,1,0,original
3711,S2039743__S20-39743-P-PLHE_3,1,0,original
3712,S2526362__S2526362_0_BP1A2021,0,0,original
3713,S2527323__S2527323_0_BP1A2021,0,0,original
3714,S19-19367__S19-19367,1,0,original
3715,S2247860__S22-47860-_-DEEP_1,1,0,original
3716,S2531989__S2531989_0_BP1A2021,0,0,original
3717,S2352429__S23-52429-_-BIOPSY,0,0,original
3718,S2513847__S25-13847_0_BP1A2021_131603,0,0,original
3719,S2515598__S25-15598_0__144202,0,0,original
3720,S2521240__S2521240_0_BP1A2021,1,0,original
3721,S2134277__S2134277,1,0,original
3722,S2527323__S2527323_0_BP1A2021,0,0,original
3723,S2513846__S25-13846_0_BP1A2021_161650,0,0,original
3724,S2134277__S2134277,1,0,original
3725,S2427695__S24-27695-_-BIOPSY,0,0,original
3726,S2529112__S2529112_0_BP1A2021,0,0,original
3727,S2039743__S20-39743-C-PLHE_0,1,0,original
3728,S19-40316__S19-40316,1,0,original
3729,S2521239__S2521239_0_BP1A2021,0,0,original
3730,S18-18746__S18-18746,1,0,original
3731,S2524760__S2524760_0_BP1A2021,0,0,original
3732,S2521240__S2521240_0_BP1A2021,1,0,original
3733,S2039743__S20-39743-P-PLHE_3,1,0,original
3734,S2039743__S20-39743-L-PLHE_1,1,0,original
3735,S2039743__S20-39743-P-PLHE_3,1,0,original
3736,S2247860__S22-47860-_-DEEP_1,1,0,original
3737,S2039743__S20-39743-L-PLHE_1,1,0,original
3738,S2134277__S2134277,1,0,original
3739,S2513846__S25-13846_0_BP1A2021_131523,0,0,original
3740,S2530063__S2530063_0_BP1A2021,0,0,original
3741,S2531989__S2531989_0_BP1A2021,0,0,original
3742,S2511859__S25-11859_0_BP1A2021_150616,0,0,original
3743,S19-40063__S19-40063,0,0,original
3744,S2530063__S2530063_0_BP1A2021,0,0,original
3745,S2515598__S25-15598_0__144202,0,0,original
3746,S2530063__S2530063_0_BP1A2021,0,0,original
3747,S18-18746__S18-18746,1,0,original
3748,S2521239__S2521239_0_BP1A2021,0,0,original
3749,S2128633__S2128633--DEEP,1,0,original
3750,S2530063__S2530063_0_BP1A2021,0,0,original
3751,S19-40316__S19-40316,1,0,original
3752,S19-40316__S19-40316,1,0,original
3753,S2513847__S25-13847_0_BP1A2021_131603,0,0,original
3754,S2237603__S22-37603-_-_1,0,0,original
3755,S17-42935__S17-42935,1,0,original
3756,S2511859__S25-11859_0_BP1A2021_150616,0,0,original
3757,S2128633__S2128633--DEEP,1,0,original
3758,S2424258__S2424258,0,0,original
3759,S2237603__S22-37603-_-_1,0,0,original
3760,S2039743__S20-39743-C-PLHE_0,1,0,original
3761,S17-42935__S17-42935,1,0,original
3762,S2415689__S24-15689-_-BIOPSY,1,0,original
3763,S2409392__S2409392,0,0,original
3764,S2128633__S2128633--DEEP,1,0,original
3765,S2513847__S25-13847_0_BP1A2021_131603,0,0,original
3766,S19-40316__S19-40316,1,0,original
3767,S2134277__S2134277,1,0,original
3768,S2406753__S24-06753-_-DEEP_1,0,0,original
3769,S19-40063__S19-40063,0,0,original
3770,S2406753__S24-06753-_-DEEP_1,0,0,original
3771,S2039743__S20-39743-L-PLHE_1,1,0,original
3772,S2511008__S25-11008_0_BP1A2021_052339,1,0,original
3773,S2039743__S20-39743-P-PLHE_3,1,0,original
3774,S2513846__S25-13846_0_BP1A2021_161650,0,0,original
3775,S2524760__S2524760_0_BP1A2021,0,0,original
3776,S2235518__S22-35518-_-BIOPSY,0,0,original
3777,S2515598__S25-15598_0__144202,0,0,original
3778,S2134277__S2134277,1,0,original
3779,S2415689__S24-15689-_-BIOPSY,1,0,original
3780,S17-42935__S17-42935,1,0,original
3781,S19-40063__S19-40063,0,0,original
3782,S2511859__S25-11859_0_BP1A2021_150616,0,0,original
3783,S17-42935__S17-42935,1,0,original
3784,S2511008__S25-11008_0_BP1A2021_052339,1,0,original
3785,S2039743__S20-39743-L-PLHE_1,1,0,original
3786,S2425843__S24-25843-_-BIOPSY,0,0,original
3787,S17-42935__S17-42935,1,0,original
3788,S2128633__S2128633--DEEP,1,0,original
3789,S2134277__S2134277,1,0,original
3790,S2427695__S24-27695-_-BIOPSY,0,0,original
3791,S2409390__S2409390,0,0,original
3792,S2515598__S25-15598_0__144202,0,0,original
3793,S2346179__S23-46179-_-BIOPSY,1,0,original
3794,S2039743__S20-39743-P-PLHE_3,1,0,original
3795,S2134277__S2134277,1,0,original
3796,S2128633__S2128633--DEEP,1,0,original
3797,S2427695__S24-27695-_-BIOPSY,0,0,original
3798,S2134277__S2134277,1,0,original
3799,S2504719__S25-04719-_-DEEP_1,0,0,original
3800,S2247860__S22-47860-_-DEEP_1,1,0,original
3801,S2039743__S20-39743-P-PLHE_3,1,0,original
3802,S2511859__S25-11859_0_BP1A2021_150616,0,0,original
3803,S2513848__S25-13848_0_BP1A2021_131436,0,0,original
3804,S2128633__S2128633--DEEP,1,0,original
3805,S2513846__S25-13846_0_BP1A2021_131523,0,0,original
3806,S17-42935__S17-42935,1,0,original
3807,S2039743__S20-39743-P-PLHE_3,1,0,original
3808,S2247860__S22-47860-_-DEEP_1,1,0,original
3809,S2406038__S2406038,0,0,original
3810,S2247860__S22-47860-_-DEEP_1,1,0,original
3811,S2425843__S24-25843-_-BIOPSY,0,0,original
3812,S2406753__S24-06753-_-SERIAL_2,0,0,original
3813,S2415689__S24-15689-_-BIOPSY,1,0,original
3814,S2352429__S23-52429-_-BIOPSY,0,0,original
3815,S2128633__S2128633--DEEP,1,0,original
3816,S2529112__S2529112_0_BP1A2021,0,0,original
3817,S2039743__S20-39743-P-PLHE_3,1,0,original
3818,S2134277__S2134277,1,0,original
3819,S19-40316__S19-40316,1,0,original
3820,S2128633__S2128633--DEEP,1,0,original
3821,S2247860__S22-47860-_-DEEP_1,1,0,original
3822,S2409390__S2409390,0,0,original
3823,S2521240__S2521240_0_BP1A2021,1,0,original
3824,S2434918__S24-34918-_-BIOPSY,1,0,original
3825,S18-18746__S18-18746,1,0,original
3826,S2521239__S2521239_0_BP1A2021,0,0,original
3827,S2424258__S2424258,0,0,original
3828,S2427695__S2427695_BP1B27_C_14045_3,0,0,original
3829,S2529112__S2529112_0_BP1A2021,0,0,original
3830,S2511008__S25-11008_0_BP1A2021_052339,1,0,original
3831,S19-19367__S19-19367,1,0,original
3832,S2039743__S20-39743-L-PLHE_1,1,0,original
3833,S2039743__S20-39743-P-PLHE_3,1,0,original
3834,S2434918__S24-34918-_-BIOPSY,1,0,original
3835,S2134277__S2134277,1,0,original
3836,S2511008__S25-11008_0_BP1A2021_052339,1,0,original
3837,S2423618__S24-23618-_-RECUT_2,0,0,original
3838,S2346179__S23-46179-_-BIOPSY,1,0,original
3839,S2039743__S20-39743-C-PLHE_0,1,0,original
3840,S2423618__S24-23618-_-RECUT_2,0,0,original
3841,S2415689__S24-15689-_-BIOPSY,1,0,original
3842,S2406753__S24-06753-_-SERIAL_2,0,0,original
3843,S17-42935__S17-42935,1,0,original
3844,S19-19367__S19-19367,1,0,original
3845,S18-18746__S18-18746,1,0,original
3846,S2039743__S20-39743-C-PLHE_0,1,0,original
3847,S2533022__S2533022_0_BP1A2021,0,0,original
3848,S2504719__S25-04719-_-DEEP_1,0,0,original
3849,S2039743__S20-39743-L-PLHE_1,1,0,original
3850,S2527323__S2527323_0_BP1A2021,0,0,original
3851,S2039743__S20-39743-C-PLHE_0,1,0,original
3852,S17-42935__S17-42935,1,0,original
3853,S2513847__S25-13847_0_BP1A2021_131603,0,0,original
3854,S16-17719__S16-17719,1,0,original
3855,S2406038__S2406038,0,0,original
3856,S2529112__S2529112_0_BP1A2021,0,0,original
3857,S2423618__S24-23618-_-RECUT_2,0,0,original
3858,S2530063__S2530063_0_BP1A2021,0,0,original
3859,S2235518__S22-35518-_-BIOPSY,0,0,original
3860,S2415689__S24-15689-_-BIOPSY,1,0,original
3861,S2427695__S2427695_BP1B27_C_14045_3,0,0,original
3862,S2039743__S20-39743-L-PLHE_1,1,0,original
3863,S2134277__S2134277,1,0,original
3864,S2533022__S2533022_0_BP1A2021,0,0,original
3865,S2237603__S22-37603-_-_1,0,0,original
3866,S2128633__S2128633--DEEP,1,0,original
3867,S2434918__S24-34918-_-BIOPSY,1,0,original
3868,S17-42935__S17-42935,1,0,original
3869,S2406753__S24-06753-_-SERIAL_2,0,0,original
3870,S2504719__S25-04719-_-DEEP_1,0,0,original
3871,S19-40316__S19-40316,1,0,original
3872,S2247860__S22-47860-_-DEEP_1,1,0,original
3873,S2039743__S20-39743-C-PLHE_0,1,0,original
3874,S2425843__S24-25843-_-BIOPSY,0,0,original
3875,S2128633__S2128633--DEEP,1,0,original
3876,S2530063__S2530063_0_BP1A2021,0,0,original
3877,S2406038__S2406038,0,0,original
3878,S2511008__S25-11008_0_BP1A2021_052339,1,0,original
3879,S2128633__S2128633--DEEP,1,0,original
3880,S2134277__S2134277,1,0,original
3881,S16-17719__S16-17719,1,0,original
3882,S2352429__S23-52429-_-RECUT_1,0,0,original
3883,S19-40316__S19-40316,1,0,original
3884,S16-17719__S16-17719,1,0,original
3885,S2406753__S24-06753-_-DEEP_1,0,0,original
3886,S2529112__S2529112_0_BP1A2021,0,0,original
3887,S19-40063__S19-40063,0,0,original
3888,S2237603__S22-37603-_-_1,0,0,original
3889,S2424250__S2424250,0,0,original
3890,S2524760__S2524760_0_BP1A2021,0,0,original
3891,S17-42935__S17-42935,1,0,original
3892,S2504719__S25-04719-_-DEEP_1,0,0,original
3893,S2039743__S20-39743-C-PLHE_0,1,0,original
3894,S2039743__S20-39743-L-PLHE_1,1,0,original
3895,S18-18746__S18-18746,1,0,original
3896,S2533022__S2533022_0_BP1A2021,0,0,original
3897,S2529112__S2529112_0_BP1A2021,0,0,original
3898,S2513846__S25-13846_0_BP1A2021_161650,0,0,original
3899,S18-18746__S18-18746,1,0,original
3900,S16-17719__S16-17719,1,0,original
3901,S2522994__S2522994_0_BP1A2021,0,0,original
3902,S2530991__S2530991_0_BP1A2021,0,0,original
3903,S2424258__S2424258,0,0,original
3904,S2039743__S20-39743-C-PLHE_0,1,0,original
3905,S2530991__S2530991_0_BP1A2021,0,0,original
3906,S2346179__S23-46179-_-BIOPSY,1,0,original
3907,S2039743__S20-39743-P-PLHE_3,1,0,original
3908,S2531989__S2531989_0_BP1A2021,0,0,original
3909,S2415689__S24-15689-_-BIOPSY,1,0,original
3910,S2511006__S25-11006_0_BP1A2021_052242,0,0,original
3911,S2346179__S23-46179-_-BIOPSY,1,0,original
3912,S2513848__S25-13848_0_BP1A2021_131436,0,0,original
3913,S2237603__S22-37603-_-_1,0,0,original
3914,S16-17719__S16-17719,1,0,original
3915,S2511008__S25-11008_0_BP1A2021_052339,1,0,original
3916,S2039743__S20-39743-P-PLHE_3,1,0,original
3917,S2039743__S20-39743-C-PLHE_0,1,0,original
3918,S2409392__S2409392,0,0,original
3919,S2039743__S20-39743-C-PLHE_0,1,0,original
3920,S2134277__S2134277,1,0,original
3921,S2039743__S20-39743-L-PLHE_1,1,0,original
3922,S2424259__S2424259,0,0,original
3923,S2134277__S2134277,1,0,original
3924,S2521240__S2521240_0_BP1A2021,1,0,original
3925,S2326329__S23-26329-_-BIOPSY,0,0,original
3926,S2533022__S2533022_0_BP1A2021,0,0,original
3927,S19-19367__S19-19367,1,0,original
3928,S2511006__S25-11006_0_BP1A2021_052242,0,0,original
3929,S2530991__S2530991_0_BP1A2021,0,0,original
3930,S2513846__S25-13846_0_BP1A2021_161650,0,0,original
3931,S2134277__S2134277,1,0,original
3932,S2513848__S25-13848_0_BP1A2021_131436,0,0,original
3933,S2427695__S24-27695-_-BIOPSY,0,0,original
3934,S2511008__S25-11008_0_BP1A2021_052339,1,0,original
3935,S2247860__S22-47860-_-DEEP_1,1,0,original
3936,S2529112__S2529112_0_BP1A2021,0,0,original
3937,S2513846__S25-13846_0_BP1A2021_131523,0,0,original
3938,S2352429__S23-52429-_-RECUT_1,0,0,original
3939,S2522980__S2522980_0_BP1A2021,0,0,original
3940,S2535840__S2535840_0_BP1A2021,0,0,original
3941,S2427695__S2427695_BP1B27_C_14045_3,0,0,original
3942,S2134277__S2134277,1,0,original
3943,S2533022__S2533022_0_BP1A2021,0,0,original
3944,S2434918__S24-34918-_-BIOPSY,1,0,original
3945,S2039743__S20-39743-L-PLHE_1,1,0,original
3946,S2511006__S25-11006_0_BP1A2021_052242,0,0,original
3947,S2128633__S2128633--DEEP,1,0,original
3948,S2531989__S2531989_0_BP1A2021,0,0,original
3949,S2522994__S2522994_0_BP1A2021,0,0,original
3950,S2128633__S2128633--DEEP,1,0,original
3951,S2128633__S2128633--DEEP,1,0,original
3952,S2522980__S2522980_0_BP1A2021,0,0,original
3953,S2039743__S20-39743-P-PLHE_3,1,0,original
3954,S2247860__S22-47860-_-DEEP_1,1,0,original
3955,S2529112__S2529112_0_BP1A2021,0,0,original
3956,S2039743__S20-39743-P-PLHE_3,1,0,original
3957,S2533022__S2533022_0_BP1A2021,0,0,original
3958,S18-18746__S18-18746,1,0,original
3959,S19-40063__S19-40063,0,0,original
3960,S2134277__S2134277,1,0,original
3961,S19-19367__S19-19367,1,0,original
3962,S2039743__S20-39743-C-PLHE_0,1,0,original
3963,S17-42935__S17-42935,1,0,original
3964,S2039743__S20-39743-C-PLHE_0,1,0,original
3965,S2415689__S24-15689-_-BIOPSY,1,0,original
3966,S2039743__S20-39743-P-PLHE_3,1,0,original
3967,S2424250__S2424250,0,0,original
3968,S2531989__S2531989_0_BP1A2021,0,0,original
3969,S17-42935__S17-42935,1,0,original
3970,S2134277__S2134277,1,0,original
3971,S2415689__S24-15689-_-BIOPSY,1,0,original
3972,S2427695__S24-27695-_-BIOPSY,0,0,original
3973,S2434918__S24-34918-_-BIOPSY,1,0,original
3974,S19-19367__S19-19367,1,0,original
3975,S2039743__S20-39743-P-PLHE_3,1,0,original
3976,S2530063__S2530063_0_BP1A2021,0,0,original
3977,S2423618__S24-23618-_-RECUT_2,0,0,original
3978,S2346179__S23-46179-_-BIOPSY,1,0,original
3979,S2235518__S22-35518-_-BIOPSY,0,0,original
3980,S2504719__S25-04719-_-DEEP_1,0,0,original
3981,S18-18746__S18-18746,1,0,original
3982,S2134277__S2134277,1,0,original
3983,S2247860__S22-47860-_-DEEP_1,1,0,original
3984,S2526362__S2526362_0_BP1A2021,0,0,original
3985,S2424259__S2424259,0,0,original
3986,S2427695__S24-27695-_-BIOPSY,0,0,original
3987,S2513846__S25-13846_0_BP1A2021_131523,0,0,original
3988,S19-40063__S19-40063,0,0,original
3989,S2352429__S23-52429-_-BIOPSY,0,0,original
3990,S2409392__S2409392,0,0,original
3991,S2039743__S20-39743-L-PLHE_1,1,0,original
3992,S2524760__S2524760_0_BP1A2021,0,0,original
3993,S2526362__S2526362_0_BP1A2021,0,0,original
3994,S2352429__S23-52429-_-BIOPSY,0,0,original
3995,S2352429__S23-52429-_-RECUT_1,0,0,original
3996,S2415689__S24-15689-_-BIOPSY,1,0,original
3997,S2521240__S2521240_0_BP1A2021,1,0,original
3998,S2406753__S24-06753-_-SERIAL_2,0,0,original
3999,S2415689__S24-15689-_-BIOPSY,1,0,original
4000,S2134277__S2134277,1,0,original
4001,S2424259__S2424259,0,0,original
4002,S18-18746__S18-18746,1,0,original
4003,S2513846__S25-13846_0_BP1A2021_131523,0,0,original
4004,S17-42935__S17-42935,1,0,original
4005,S2533022__S2533022_0_BP1A2021,0,0,original
4006,S2531989__S2531989_0_BP1A2021,0,0,original
4007,S2522994__S2522994_0_BP1A2021,0,0,original
4008,S2039743__S20-39743-L-PLHE_1,1,0,original
4009,S2515598__S25-15598_0__144202,0,0,original
4010,S2533022__S2533022_0_BP1A2021,0,0,original
4011,S2128633__S2128633--DEEP,1,0,original
4012,S2522994__S2522994_0_BP1A2021,0,0,original
4013,S19-19367__S19-19367,1,0,original
4014,S2424258__S2424258,0,0,original
4015,S2515598__S25-15598_0__144202,0,0,original
4016,S2434918__S24-34918-_-BIOPSY,1,0,original
4017,S18-18746__S18-18746,1,0,original
4018,S2346179__S23-46179-_-BIOPSY,1,0,original
4019,S2039743__S20-39743-C-PLHE_0,1,0,original
4020,S2527323__S2527323_0_BP1A2021,0,0,original
4021,S2409390__S2409390,0,0,original
4022,S19-40316__S19-40316,1,0,original
4023,S2434918__S24-34918-_-BIOPSY,1,0,original
4024,S2513847__S25-13847_0_BP1A2021_131603,0,0,original
4025,S2247860__S22-47860-_-DEEP_1,1,0,original
4026,S2409390__S2409390,0,0,original
4027,S2527323__S2527323_0_BP1A2021,0,0,original
4028,S2039743__S20-39743-L-PLHE_1,1,0,original
4029,S2533022__S2533022_0_BP1A2021,0,0,original
4030,S2415689__S24-15689-_-BIOPSY,1,0,original
4031,S2522994__S2522994_0_BP1A2021,0,0,original
4032,S16-17719__S16-17719,1,0,original
4033,S2409392__S2409392,0,0,original
4034,S2346179__S23-46179-_-BIOPSY,1,0,original
4035,S2513846__S25-13846_0_BP1A2021_161650,0,0,original
4036,S2424259__S2424259,0,0,original
4037,S2424258__S2424258,0,0,original
4038,S2039743__S20-39743-L-PLHE_1,1,0,original
4039,S2039743__S20-39743-P-PLHE_3,1,0,original
4040,S2128633__S2128633--DEEP,1,0,original
4041,S2406753__S24-06753-_-SERIAL_2,0,0,original
4042,S2134277__S2134277,1,0,original
4043,S2513846__S25-13846_0_BP1A2021_161650,0,0,original
4044,S2406753__S24-06753-_-SERIAL_2,0,0,original
4045,S2406038__S2406038,0,0,original
4046,S19-19367__S19-19367,1,0,original
4047,S2527323__S2527323_0_BP1A2021,0,0,original
4048,S19-19367__S19-19367,1,0,original
4049,S19-19367__S19-19367,1,0,original
4050,S2039743__S20-39743-L-PLHE_1,1,0,original
4051,S2529112__S2529112_0_BP1A2021,0,0,original
4052,S2521239__S2521239_0_BP1A2021,0,0,original
4053,S2522994__S2522994_0_BP1A2021,0,0,original
4054,S16-17719__S16-17719,1,0,original
4055,S2039743__S20-39743-C-PLHE_0,1,0,original
4056,S2434918__S24-34918-_-BIOPSY,1,0,original
4057,S2039743__S20-39743-P-PLHE_3,1,0,original
4058,S2513846__S25-13846_0_BP1A2021_161650,0,0,original
4059,S17-42935__S17-42935,1,0,original
4060,S18-18746__S18-18746,1,0,original
4061,S2511006__S25-11006_0_BP1A2021_052242,0,0,original
4062,S2406753__S24-06753-_-SERIAL_2,0,0,original
4063,S2346179__S23-46179-_-BIOPSY,1,0,original
4064,S19-40063__S19-40063,0,0,original
4065,S2406038__S2406038,0,0,original
4066,S2235518__S22-35518-_-BIOPSY,0,0,original
4067,S2513847__S25-13847_0_BP1A2021_131603,0,0,original
4068,S2247860__S22-47860-_-DEEP_1,1,0,original
4069,S2521240__S2521240_0_BP1A2021,1,0,original
4070,S2533022__S2533022_0_BP1A2021,0,0,original
4071,S2511859__S25-11859_0_BP1A2021_150616,0,0,original
4072,S2406038__S2406038,0,0,original
4073,S2039743__S20-39743-P-PLHE_3,1,0,original
4074,S19-40063__S19-40063,0,0,original
4075,S2134277__S2134277,1,0,original
4076,S2247860__S22-47860-_-DEEP_1,1,0,original
4077,S2434918__S24-34918-_-BIOPSY,1,0,original
4078,S2134277__S2134277,1,0,original
4079,S2427695__S2427695_BP1B27_C_14045_3,0,0,original
4080,S2134277__S2134277,1,0,original
4081,S2434918__S24-34918-_-BIOPSY,1,0,original
4082,S2424259__S2424259,0,0,original
4083,S17-42935__S17-42935,1,0,original
4084,S2511859__S25-11859_0_BP1A2021_150616,0,0,original
4085,S2530063__S2530063_0_BP1A2021,0,0,original
4086,S2039743__S20-39743-L-PLHE_1,1,0,original
4087,S2406753__S24-06753-_-SERIAL_2,0,0,original
4088,S2406753__S24-06753-_-SERIAL_2,0,0,original
4089,S19-19367__S19-19367,1,0,original
4090,S2039743__S20-39743-C-PLHE_0,1,0,original
4091,S2535840__S2535840_0_BP1A2021,0,0,original
4092,S19-19367__S19-19367,1,0,original
4093,S2513846__S25-13846_0_BP1A2021_161650,0,0,original
4094,S2527323__S2527323_0_BP1A2021,0,0,original
4095,S18-18746__S18-18746,1,0,original
4096,S2515598__S25-15598_0__144202,0,0,original
4097,S2511008__S25-11008_0_BP1A2021_052339,1,0,original
4098,S17-42935__S17-42935,1,0,original
4099,S2515598__S25-15598_0__144202,0,0,original
4100,S2424250__S2424250,0,0,original
4101,S2039743__S20-39743-C-PLHE_0,1,0,original
4102,S2039743__S20-39743-C-PLHE_0,1,0,original
4103,S2247860__S22-47860-_-DEEP_1,1,0,original
4104,S2531989__S2531989_0_BP1A2021,0,0,original
4105,S19-40316__S19-40316,1,0,original
4106,S2521240__S2521240_0_BP1A2021,1,0,original
4107,S2535840__S2535840_0_BP1A2021,0,0,original
4108,S2247860__S22-47860-_-DEEP_1,1,0,original
4109,S2427695__S2427695_BP1B27_C_14045_3,0,0,original
4110,S19-19367__S19-19367,1,0,original
4111,S2134277__S2134277,1,0,original
4112,S2039743__S20-39743-C-PLHE_0,1,0,original
4113,S2352429__S23-52429-_-BIOPSY,0,0,original
4114,S19-19367__S19-19367,1,0,original
4115,S2425843__S24-25843-_-BIOPSY,0,0,original
4116,S2039743__S20-39743-L-PLHE_1,1,0,original
4117,S2515598__S25-15598_0__144202,0,0,original
4118,S2522980__S2522980_0_BP1A2021,0,0,original
4119,S2533022__S2533022_0_BP1A2021,0,0,original
4120,S2406753__S24-06753-_-DEEP_1,0,0,original
4121,S2424250__S2424250,0,0,original
4122,S2511859__S25-11859_0_BP1A2021_150616,0,0,original
4123,S2247860__S22-47860-_-DEEP_1,1,0,original
4124,S19-40316__S19-40316,1,0,original
4125,S2039743__S20-39743-C-PLHE_0,1,0,original
4126,S2247860__S22-47860-_-DEEP_1,1,0,original
4127,S2530049__S2530049_0_BP1A2021,0,0,original
4128,S2527323__S2527323_0_BP1A2021,0,0,original
4129,S2522994__S2522994_0_BP1A2021,0,0,original
4130,S2424258__S2424258,0,0,original
4131,S2531989__S2531989_0_BP1A2021,0,0,original
4132,S2427695__S2427695_BP1B27_C_14045_3,0,0,original
4133,S2039743__S20-39743-P-PLHE_3,1,0,original
4134,S19-40316__S19-40316,1,0,original
4135,S2235518__S22-35518-_-BIOPSY,0,0,original
4136,S2406753__S24-06753-_-DEEP_1,0,0,original
4137,S2039743__S20-39743-L-PLHE_1,1,0,original
4138,S2513846__S25-13846_0_BP1A2021_131523,0,0,original
4139,S18-18746__S18-18746,1,0,original
4140,S2513848__S25-13848_0_BP1A2021_131436,0,0,original
4141,S2434918__S24-34918-_-BIOPSY,1,0,original
4142,S2511859__S25-11859_0_BP1A2021_150616,0,0,original
4143,S2530063__S2530063_0_BP1A2021,0,0,original
4144,S2522994__S2522994_0_BP1A2021,0,0,original
4145,S2326329__S23-26329-_-BIOPSY,0,0,original
4146,S2521240__S2521240_0_BP1A2021,1,0,original
4147,S2415689__S24-15689-_-BIOPSY,1,0,original
4148,S19-19367__S19-19367,1,0,original
4149,S2406038__S2406038,0,0,original
4150,S2425843__S24-25843-_-BIOPSY,0,0,original
4151,S2039743__S20-39743-C-PLHE_0,1,0,original
4152,S2128633__S2128633--DEEP,1,0,original
4153,S17-42935__S17-42935,1,0,original
4154,S2424259__S2424259,0,0,original
4155,S2039743__S20-39743-L-PLHE_1,1,0,original
4156,S2039743__S20-39743-L-PLHE_1,1,0,original
4157,S18-18746__S18-18746,1,0,original
4158,S2521239__S2521239_0_BP1A2021,0,0,original
4159,S2527323__S2527323_0_BP1A2021,0,0,original
4160,S2039743__S20-39743-C-PLHE_0,1,0,original
4161,S2134277__S2134277,1,0,original
4162,S2039743__S20-39743-C-PLHE_0,1,0,original
4163,S2039743__S20-39743-L-PLHE_1,1,0,original
4164,S2533022__S2533022_0_BP1A2021,0,0,original
4165,S2406038__S2406038,0,0,original
4166,S2039743__S20-39743-C-PLHE_0,1,0,original
4167,S2247860__S22-47860-_-DEEP_1,1,0,original
4168,S2134277__S2134277,1,0,original
4169,S2134277__S2134277,1,0,original
4170,S2511008__S25-11008_0_BP1A2021_052339,1,0,original
4171,S2247860__S22-47860-_-DEEP_1,1,0,original
4172,S2409392__S2409392,0,0,original
4173,S17-42935__S17-42935,1,0,original
4174,S2039743__S20-39743-C-PLHE_0,1,0,original
4175,S17-42935__S17-42935,1,0,original
4176,S18-18746__S18-18746,1,0,original
4177,S2521240__S2521240_0_BP1A2021,1,0,original
4178,S2406038__S2406038,0,0,original
4179,S2406753__S24-06753-_-DEEP_1,0,0,original
4180,S19-40316__S19-40316,1,0,original
4181,S2513846__S25-13846_0_BP1A2021_131523,0,0,original
4182,S17-42935__S17-42935,1,0,original
4183,S2134277__S2134277,1,0,original
4184,S2247860__S22-47860-_-DEEP_1,1,0,original
4185,S2434918__S24-34918-_-BIOPSY,1,0,original
4186,S2425843__S24-25843-_-BIOPSY,0,0,original
4187,S2529112__S2529112_0_BP1A2021,0,0,original
4188,S2427695__S2427695_BP1B27_C_14045_3,0,0,original
4189,S2346179__S23-46179-_-BIOPSY,1,0,original
4190,S2521239__S2521239_0_BP1A2021,0,0,original
4191,S2434918__S24-34918-_-BIOPSY,1,0,original
4192,S2529112__S2529112_0_BP1A2021,0,0,original
4193,S2134277__S2134277,1,0,original
4194,S17-42935__S17-42935,1,0,original
4195,S19-40316__S19-40316,1,0,original
4196,S2039743__S20-39743-P-PLHE_3,1,0,original
4197,S19-19367__S19-19367,1,0,original
4198,S2039743__S20-39743-P-PLHE_3,1,0,original
4199,S2515598__S25-15598_0__144202,0,0,original
4200,S2521240__S2521240_0_BP1A2021,1,0,original
4201,S2531989__S2531989_0_BP1A2021,0,0,original
4202,S2513846__S25-13846_0_BP1A2021_131523,0,0,original
4203,S19-40063__S19-40063,0,0,original
4204,S2039743__S20-39743-C-PLHE_0,1,0,original
4205,S2521239__S2521239_0_BP1A2021,0,0,original
4206,S2134277__S2134277,1,0,original
4207,S2326329__S23-26329-_-BIOPSY,0,0,original
4208,S18-18746__S18-18746,1,0,original
4209,S2527323__S2527323_0_BP1A2021,0,0,original
4210,S2530991__S2530991_0_BP1A2021,0,0,original
4211,S2406753__S24-06753-_-SERIAL_2,0,0,original
4212,S17-42935__S17-42935,1,0,original
4213,S2346179__S23-46179-_-BIOPSY,1,0,original
4214,S2352429__S23-52429-_-BIOPSY,0,0,original
4215,S2415689__S24-15689-_-BIOPSY,1,0,original
4216,S2235518__S22-35518-_-BIOPSY,0,0,original
4217,S2326329__S23-26329-_-BIOPSY,0,0,original
4218,S2530063__S2530063_0_BP1A2021,0,0,original
4219,S2134277__S2134277,1,0,original
4220,S2424250__S2424250,0,0,original
4221,S2039743__S20-39743-L-PLHE_1,1,0,original
4222,S2235518__S22-35518-_-BIOPSY,0,0,original
4223,S2513846__S25-13846_0_BP1A2021_131523,0,0,original
4224,S19-40316__S19-40316,1,0,original
4225,S2522980__S2522980_0_BP1A2021,0,0,original
4226,S2424259__S2424259,0,0,original
4227,S19-40316__S19-40316,1,0,original
4228,S2424250__S2424250,0,0,original
4229,S2530063__S2530063_0_BP1A2021,0,0,original
4230,S2039743__S20-39743-P-PLHE_3,1,0,original
4231,S2434918__S24-34918-_-BIOPSY,1,0,original
4232,S2513848__S25-13848_0_BP1A2021_131436,0,0,original
4233,S17-42935__S17-42935,1,0,original
4234,S19-19367__S19-19367,1,0,original
4235,S17-42935__S17-42935,1,0,original
4236,S2511008__S25-11008_0_BP1A2021_052339,1,0,original
4237,S2424250__S2424250,0,0,original
4238,S2406038__S2406038,0,0,original
4239,S2128633__S2128633--DEEP,1,0,original
4240,S2511008__S25-11008_0_BP1A2021_052339,1,0,original
4241,S2427695__S2427695_BP1B27_C_14045_3,0,0,original
4242,S2522994__S2522994_0_BP1A2021,0,0,original
4243,S2526362__S2526362_0_BP1A2021,0,0,original
4244,S2434918__S24-34918-_-BIOPSY,1,0,original
4245,S2424258__S2424258,0,0,original
4246,S16-17719__S16-17719,1,0,original
4247,S2531989__S2531989_0_BP1A2021,0,0,original
4248,S2128633__S2128633--DEEP,1,0,original
4249,S2511008__S25-11008_0_BP1A2021_052339,1,0,original
4250,S2134277__S2134277,1,0,original
4251,S2526362__S2526362_0_BP1A2021,0,0,original
4252,S2511859__S25-11859_0_BP1A2021_150616,0,0,original
4253,S2522994__S2522994_0_BP1A2021,0,0,original
4254,S2128633__S2128633--DEEP,1,0,original
4255,S2415689__S24-15689-_-BIOPSY,1,0,original
4256,S2530991__S2530991_0_BP1A2021,0,0,original
4257,S19-40063__S19-40063,0,0,original
4258,S2247860__S22-47860-_-DEEP_1,1,0,original
4259,S2511008__S25-11008_0_BP1A2021_052339,1,0,original
4260,S2346179__S23-46179-_-BIOPSY,1,0,original
4261,S2346179__S23-46179-_-BIOPSY,1,0,original
4262,S2039743__S20-39743-L-PLHE_1,1,0,original
4263,S2406753__S24-06753-_-SERIAL_2,0,0,original
4264,S19-40316__S19-40316,1,0,original
4265,S19-40063__S19-40063,0,0,original
4266,S2134277__S2134277,1,0,original
4267,S2530063__S2530063_0_BP1A2021,0,0,original
4268,S2346179__S23-46179-_-BIOPSY,1,0,original
4269,S2434918__S24-34918-_-BIOPSY,1,0,original
4270,S2346179__S23-46179-_-BIOPSY,1,0,original
4271,S2346179__S23-46179-_-BIOPSY,1,0,original
4272,S2535840__S2535840_0_BP1A2021,0,0,original
4273,S2425843__S24-25843-_-BIOPSY,0,0,original
4274,S2415689__S24-15689-_-BIOPSY,1,0,original
4275,S2530063__S2530063_0_BP1A2021,0,0,original
4276,S2513846__S25-13846_0_BP1A2021_131523,0,0,original
4277,S2423618__S24-23618-_-RECUT_2,0,0,original
4278,S2406753__S24-06753-_-DEEP_1,0,0,original
4279,S2526362__S2526362_0_BP1A2021,0,0,original
4280,S2039743__S20-39743-C-PLHE_0,1,0,original
4281,S17-42935__S17-42935,1,0,original
4282,S2424250__S2424250,0,0,original
4283,S2352429__S23-52429-_-RECUT_1,0,0,original
4284,S2424250__S2424250,0,0,original
4285,S2529112__S2529112_0_BP1A2021,0,0,original
4286,S2346179__S23-46179-_-BIOPSY,1,0,original
4287,S19-40316__S19-40316,1,0,original
4288,S2134277__S2134277,1,0,original
4289,S2409390__S2409390,0,0,original
4290,S2134277__S2134277,1,0,original
4291,S2531989__S2531989_0_BP1A2021,0,0,original
4292,S2352429__S23-52429-_-RECUT_1,0,0,original
4293,S2526362__S2526362_0_BP1A2021,0,0,original
4294,S2513848__S25-13848_0_BP1A2021_131436,0,0,original
4295,S2415689__S24-15689-_-BIOPSY,1,0,original
4296,S2247860__S22-47860-_-DEEP_1,1,0,original
4297,S19-19367__S19-19367,1,0,original
4298,S2406038__S2406038,0,0,original
4299,S2521240__S2521240_0_BP1A2021,1,0,original
4300,S2039743__S20-39743-L-PLHE_1,1,0,original
4301,S2415689__S24-15689-_-BIOPSY,1,0,original
4302,S19-40063__S19-40063,0,0,original
4303,S2425843__S24-25843-_-BIOPSY,0,0,original
4304,S2511008__S25-11008_0_BP1A2021_052339,1,0,original
4305,S2521240__S2521240_0_BP1A2021,1,0,original
4306,S19-40316__S19-40316,1,0,original
4307,S2511006__S25-11006_0_BP1A2021_052242,0,0,original
4308,S2128633__S2128633--DEEP,1,0,original
4309,S2415689__S24-15689-_-BIOPSY,1,0,original
4310,S2511006__S25-11006_0_BP1A2021_052242,0,0,original
4311,S2406753__S24-06753-_-DEEP_1,0,0,original
4312,S2513847__S25-13847_0_BP1A2021_131603,0,0,original
4313,S2039743__S20-39743-P-PLHE_3,1,0,original
4314,S2521240__S2521240_0_BP1A2021,1,0,original
4315,S2134277__S2134277,1,0,original
4316,S2352429__S23-52429-_-RECUT_1,0,0,original
4317,S2511006__S25-11006_0_BP1A2021_052242,0,0,original
4318,S2427695__S24-27695-_-BIOPSY,0,0,original
4319,S2535840__S2535840_0_BP1A2021,0,0,original
4320,S18-18746__S18-18746,1,0,original
4321,S17-42935__S17-42935,1,0,original
4322,S2530049__S2530049_0_BP1A2021,0,0,original
4323,S2531989__S2531989_0_BP1A2021,0,0,original
4324,S2530991__S2530991_0_BP1A2021,0,0,original
4325,S19-40316__S19-40316,1,0,original
4326,S19-40316__S19-40316,1,0,original
4327,S2522980__S2522980_0_BP1A2021,0,0,original
4328,S2352429__S23-52429-_-BIOPSY,0,0,original
4329,S2522994__S2522994_0_BP1A2021,0,0,original
4330,S16-17719__S16-17719,1,0,original
4331,S2134277__S2134277,1,0,original
4332,S2521240__S2521240_0_BP1A2021,1,0,original
4333,S2134277__S2134277,1,0,original
4334,S18-18746__S18-18746,1,0,original
4335,S19-40316__S19-40316,1,0,original
4336,S2529112__S2529112_0_BP1A2021,0,0,original
4337,S2513847__S25-13847_0_BP1A2021_131603,0,0,original
4338,S2511006__S25-11006_0_BP1A2021_052242,0,0,original
4339,S2039743__S20-39743-C-PLHE_0,1,0,original
4340,S2406753__S24-06753-_-DEEP_1,0,0,original
4341,S16-17719__S16-17719,1,0,original
4342,S2513846__S25-13846_0_BP1A2021_161650,0,0,original
4343,S2513848__S25-13848_0_BP1A2021_131436,0,0,original
4344,S2406038__S2406038,0,0,original
4345,S2039743__S20-39743-P-PLHE_3,1,0,original
4346,S2526362__S2526362_0_BP1A2021,0,0,original
4347,S2511859__S25-11859_0_BP1A2021_150616,0,0,original
4348,S2511859__S25-11859_0_BP1A2021_150616,0,0,original
4349,S2346179__S23-46179-_-BIOPSY,1,0,original
4350,S2529112__S2529112_0_BP1A2021,0,0,original
4351,S2434918__S24-34918-_-BIOPSY,1,0,original
4352,S2522980__S2522980_0_BP1A2021,0,0,original
4353,S2529112__S2529112_0_BP1A2021,0,0,original
4354,S2039743__S20-39743-L-PLHE_1,1,0,original
4355,S2406753__S24-06753-_-DEEP_1,0,0,original
4356,S2039743__S20-39743-L-PLHE_1,1,0,original
4357,S2424250__S2424250,0,0,original
4358,S2521240__S2521240_0_BP1A2021,1,0,original
4359,S2427695__S24-27695-_-BIOPSY,0,0,original
4360,S2529112__S2529112_0_BP1A2021,0,0,original
4361,S2513847__S25-13847_0_BP1A2021_131603,0,0,original
4362,S2529112__S2529112_0_BP1A2021,0,0,original
4363,S2530991__S2530991_0_BP1A2021,0,0,original
4364,S2039743__S20-39743-C-PLHE_0,1,0,original
4365,S2424258__S2424258,0,0,original
4366,S2415689__S24-15689-_-BIOPSY,1,0,original
4367,S2511008__S25-11008_0_BP1A2021_052339,1,0,original
4368,S2530049__S2530049_0_BP1A2021,0,0,original
4369,S19-40316__S19-40316,1,0,original
4370,S17-42935__S17-42935,1,0,original
4371,S2039743__S20-39743-P-PLHE_3,1,0,original
4372,S2511008__S25-11008_0_BP1A2021_052339,1,0,original
4373,S2128633__S2128633--DEEP,1,0,original
4374,S2352429__S23-52429-_-BIOPSY,0,0,original
4375,S2424258__S2424258,0,0,original
4376,S2427695__S24-27695-_-BIOPSY,0,0,original
4377,S2424258__S2424258,0,0,original
4378,S2530991__S2530991_0_BP1A2021,0,0,original
4379,S2427695__S2427695_BP1B27_C_14045_3,0,0,original
4380,S2039743__S20-39743-C-PLHE_0,1,0,original
4381,S2522980__S2522980_0_BP1A2021,0,0,original
4382,S2039743__S20-39743-P-PLHE_3,1,0,original
4383,S2513846__S25-13846_0_BP1A2021_131523,0,0,original
4384,S19-40063__S19-40063,0,0,original
4385,S17-42935__S17-42935,1,0,original
4386,S2406038__S2406038,0,0,original
4387,S2039743__S20-39743-L-PLHE_1,1,0,original
4388,S2504719__S25-04719-_-DEEP_1,0,0,original
4389,S2427695__S2427695_BP1B27_C_14045_3,0,0,original
4390,S2326329__S23-26329-_-BIOPSY,0,0,original
4391,S2530049__S2530049_0_BP1A2021,0,0,original
4392,S2530063__S2530063_0_BP1A2021,0,0,original
4393,S2424259__S2424259,0,0,original
4394,S2039743__S20-39743-C-PLHE_0,1,0,original
4395,S18-18746__S18-18746,1,0,original
4396,S2427695__S2427695_BP1B27_C_14045_3,0,0,original
4397,S2235518__S22-35518-_-BIOPSY,0,0,original
4398,S2039743__S20-39743-L-PLHE_1,1,0,original
4399,S2513846__S25-13846_0_BP1A2021_161650,0,0,original
4400,S2039743__S20-39743-P-PLHE_3,1,0,original
4401,S2434918__S24-34918-_-BIOPSY,1,0,original
4402,S2531989__S2531989_0_BP1A2021,0,0,original
4403,S17-42935__S17-42935,1,0,original
4404,S19-19367__S19-19367,1,0,original
4405,S2530063__S2530063_0_BP1A2021,0,0,original
4406,S2352429__S23-52429-_-BIOPSY,0,0,original
4407,S2134277__S2134277,1,0,original
4408,S2039743__S20-39743-C-PLHE_0,1,0,original
4409,S2513847__S25-13847_0_BP1A2021_131603,0,0,original
4410,S2039743__S20-39743-P-PLHE_3,1,0,original
4411,S2128633__S2128633--DEEP,1,0,original
4412,S2409390__S2409390,0,0,original
4413,S2513847__S25-13847_0_BP1A2021_131603,0,0,original
4414,S2511006__S25-11006_0_BP1A2021_052242,0,0,original
4415,S19-40316__S19-40316,1,0,original
4416,S2521240__S2521240_0_BP1A2021,1,0,original
4417,S16-17719__S16-17719,1,0,original
4418,S2039743__S20-39743-P-PLHE_3,1,0,original
4419,S2521239__S2521239_0_BP1A2021,0,0,original
4420,S2533022__S2533022_0_BP1A2021,0,0,original
4421,S2425843__S24-25843-_-BIOPSY,0,0,original
4422,S2424259__S2424259,0,0,original
4423,S2039743__S20-39743-C-PLHE_0,1,0,original
4424,S2513846__S25-13846_0_BP1A2021_161650,0,0,original
4425,S2247860__S22-47860-_-DEEP_1,1,0,original
4426,S2522994__S2522994_0_BP1A2021,0,0,original
4427,S2530063__S2530063_0_BP1A2021,0,0,original
4428,S2511008__S25-11008_0_BP1A2021_052339,1,0,original
4429,S2039743__S20-39743-L-PLHE_1,1,0,original
4430,S2511006__S25-11006_0_BP1A2021_052242,0,0,original
4431,S2513848__S25-13848_0_BP1A2021_131436,0,0,original
4432,S2511008__S25-11008_0_BP1A2021_052339,1,0,original
4433,S2527323__S2527323_0_BP1A2021,0,0,original
4434,S19-19367__S19-19367,1,0,original
4435,S2247860__S22-47860-_-DEEP_1,1,0,original
4436,S2039743__S20-39743-P-PLHE_3,1,0,original
4437,S2415689__S24-15689-_-BIOPSY,1,0,original
4438,S2535840__S2535840_0_BP1A2021,0,0,original
4439,S2521240__S2521240_0_BP1A2021,1,0,original
4440,S2247860__S22-47860-_-DEEP_1,1,0,original
4441,S16-17719__S16-17719,1,0,original
4442,S2247860__S22-47860-_-DEEP_1,1,0,original
4443,S2346179__S23-46179-_-BIOPSY,1,0,original
4444,S2425843__S24-25843-_-BIOPSY,0,0,original
4445,S2522994__S2522994_0_BP1A2021,0,0,original
4446,S19-19367__S19-19367,1,0,original
4447,S2530063__S2530063_0_BP1A2021,0,0,original
4448,S2515598__S25-15598_0__144202,0,0,original
4449,S2409392__S2409392,0,0,original
4450,S2530991__S2530991_0_BP1A2021,0,0,original
4451,S2511859__S25-11859_0_BP1A2021_150616,0,0,original
4452,S19-40316__S19-40316,1,0,original
4453,S2406038__S2406038,0,0,original
4454,S2039743__S20-39743-L-PLHE_1,1,0,original
4455,S2515598__S25-15598_0__144202,0,0,original
4456,S2530991__S2530991_0_BP1A2021,0,0,original
4457,S2237603__S22-37603-_-_1,0,0,original
4458,S2522980__S2522980_0_BP1A2021,0,0,original
4459,S2039743__S20-39743-P-PLHE_3,1,0,original
4460,S2415689__S24-15689-_-BIOPSY,1,0,original
4461,S2406038__S2406038,0,0,original
4462,S2346179__S23-46179-_-BIOPSY,1,0,original
4463,S2128633__S2128633--DEEP,1,0,original
4464,S2513847__S25-13847_0_BP1A2021_131603,0,0,original
4465,S2039743__S20-39743-P-PLHE_3,1,0,original
4466,S2235518__S22-35518-_-BIOPSY,0,0,original
4467,S18-18746__S18-18746,1,0,original
4468,S2423618__S24-23618-_-RECUT_2,0,0,original
4469,S2434918__S24-34918-_-BIOPSY,1,0,original
4470,S2134277__S2134277,1,0,original
4471,S2134277__S2134277,1,0,original
4472,S2424258__S2424258,0,0,original
4473,S2247860__S22-47860-_-DEEP_1,1,0,original
4474,S19-40316__S19-40316,1,0,original
4475,S2346179__S23-46179-_-BIOPSY,1,0,original
4476,S2522980__S2522980_0_BP1A2021,0,0,original
4477,S2039743__S20-39743-P-PLHE_3,1,0,original
4478,S2346179__S23-46179-_-BIOPSY,1,0,original
4479,S2530049__S2530049_0_BP1A2021,0,0,original
4480,S2134277__S2134277,1,0,original
4481,S2039743__S20-39743-L-PLHE_1,1,0,original
4482,S2424250__S2424250,0,0,original
4483,S2406753__S24-06753-_-DEEP_1,0,0,original
4484,S2504719__S25-04719-_-DEEP_1,0,0,original
4485,S2427695__S2427695_BP1B27_C_14045_3,0,0,original
4486,S2128633__S2128633--DEEP,1,0,original
4487,S2424258__S2424258,0,0,original
4488,S2533022__S2533022_0_BP1A2021,0,0,original
4489,S19-19367__S19-19367,1,0,original
4490,S18-18746__S18-18746,1,0,original
4491,S2530049__S2530049_0_BP1A2021,0,0,original
4492,S2409392__S2409392,0,0,original
4493,S2409390__S2409390,0,0,original
4494,S19-40316__S19-40316,1,0,original
4495,S18-18746__S18-18746,1,0,original
4496,S2346179__S23-46179-_-BIOPSY,1,0,original
4497,S2425843__S24-25843-_-BIOPSY,0,0,original
4498,S16-17719__S16-17719,1,0,original
4499,S2039743__S20-39743-P-PLHE_3,1,0,original
4500,S2039743__S20-39743-L-PLHE_1,1,0,original
4501,S2128633__S2128633--DEEP,1,0,original
4502,S2128633__S2128633--DEEP,1,0,original
4503,S2427695__S24-27695-_-BIOPSY,0,0,original
4504,S2424258__S2424258,0,0,original
4505,S2511008__S25-11008_0_BP1A2021_052339,1,0,original
4506,S2511008__S25-11008_0_BP1A2021_052339,1,0,original
4507,S2406753__S24-06753-_-DEEP_1,0,0,original
4508,S2352429__S23-52429-_-BIOPSY,0,0,original
4509,S2530991__S2530991_0_BP1A2021,0,0,original
4510,S2526362__S2526362_0_BP1A2021,0,0,original
4511,S2521239__S2521239_0_BP1A2021,0,0,original
4512,S2039743__S20-39743-C-PLHE_0,1,0,original
4513,S18-18746__S18-18746,1,0,original
4514,S2424259__S2424259,0,0,original
4515,S2235518__S22-35518-_-BIOPSY,0,0,original
4516,S2535840__S2535840_0_BP1A2021,0,0,original
4517,S2513848__S25-13848_0_BP1A2021_131436,0,0,original
4518,S2521240__S2521240_0_BP1A2021,1,0,original
4519,S2522980__S2522980_0_BP1A2021,0,0,original
4520,S2406753__S24-06753-_-SERIAL_2,0,0,original
4521,S18-18746__S18-18746,1,0,original
4522,S2511008__S25-11008_0_BP1A2021_052339,1,0,original
4523,S18-18746__S18-18746,1,0,original
4524,S16-17719__S16-17719,1,0,original
4525,S2424258__S2424258,0,0,original
4526,S2530991__S2530991_0_BP1A2021,0,0,original
4527,S2527323__S2527323_0_BP1A2021,0,0,original
4528,S2134277__S2134277,1,0,original
4529,S2039743__S20-39743-P-PLHE_3,1,0,original
4530,S2522994__S2522994_0_BP1A2021,0,0,original
4531,S2521240__S2521240_0_BP1A2021,1,0,original
4532,S2352429__S23-52429-_-BIOPSY,0,0,original
4533,S2128633__S2128633--DEEP,1,0,original
4534,S2424258__S2424258,0,0,original
4535,S2237603__S22-37603-_-_1,0,0,original
4536,S2415689__S24-15689-_-BIOPSY,1,0,original
4537,S2530049__S2530049_0_BP1A2021,0,0,original
4538,S16-17719__S16-17719,1,0,original
4539,S2522994__S2522994_0_BP1A2021,0,0,original
4540,S2346179__S23-46179-_-BIOPSY,1,0,original
4541,S2529112__S2529112_0_BP1A2021,0,0,original
4542,S2511008__S25-11008_0_BP1A2021_052339,1,0,original
4543,S17-42935__S17-42935,1,0,original
4544,S2039743__S20-39743-L-PLHE_1,1,0,original
4545,S2521240__S2521240_0_BP1A2021,1,0,original
4546,S2511859__S25-11859_0_BP1A2021_150616,0,0,original
4547,S19-19367__S19-19367,1,0,original
4548,S2406753__S24-06753-_-SERIAL_2,0,0,original
4549,S2128633__S2128633--DEEP,1,0,original
4550,S2415689__S24-15689-_-BIOPSY,1,0,original
4551,S2134277__S2134277,1,0,original
4552,S16-17719__S16-17719,1,0,original
4553,S2247860__S22-47860-_-DEEP_1,1,0,original
4554,S2039743__S20-39743-C-PLHE_0,1,0,original
4555,S2247860__S22-47860-_-DEEP_1,1,0,original
4556,S16-17719__S16-17719,1,0,original
4557,S2511859__S25-11859_0_BP1A2021_150616,0,0,original
4558,S2235518__S22-35518-_-BIOPSY,0,0,original
4559,S2409390__S2409390,0,0,original
4560,S2128633__S2128633--DEEP,1,0,original
4561,S2530991__S2530991_0_BP1A2021,0,0,original
4562,S2346179__S23-46179-_-BIOPSY,1,0,original
4563,S2346179__S23-46179-_-BIOPSY,1,0,original
4564,S2409392__S2409392,0,0,original
4565,S2535840__S2535840_0_BP1A2021,0,0,original
4566,S2128633__S2128633--DEEP,1,0,original
4567,S2511008__S25-11008_0_BP1A2021_052339,1,0,original
4568,S2513846__S25-13846_0_BP1A2021_161650,0,0,original
4569,S2530049__S2530049_0_BP1A2021,0,0,original
4570,S17-42935__S17-42935,1,0,original
4571,S2346179__S23-46179-_-BIOPSY,1,0,original
4572,S2235518__S22-35518-_-BIOPSY,0,0,original
4573,S18-18746__S18-18746,1,0,original
4574,S2352429__S23-52429-_-BIOPSY,0,0,original
4575,S2511008__S25-11008_0_BP1A2021_052339,1,0,original
4576,S2134277__S2134277,1,0,original
4577,S2415689__S24-15689-_-BIOPSY,1,0,original
4578,S2522980__S2522980_0_BP1A2021,0,0,original
4579,S2424258__S2424258,0,0,original
4580,S2533022__S2533022_0_BP1A2021,0,0,original
4581,S2039743__S20-39743-P-PLHE_3,1,0,original
4582,S2511008__S25-11008_0_BP1A2021_052339,1,0,original
4583,S2521240__S2521240_0_BP1A2021,1,0,original
4584,S2526362__S2526362_0_BP1A2021,0,0,original
4585,S2409392__S2409392,0,0,original
4586,S2247860__S22-47860-_-DEEP_1,1,0,original
4587,S2134277__S2134277,1,0,original
4588,S2521240__S2521240_0_BP1A2021,1,0,original
4589,S2434918__S24-34918-_-BIOPSY,1,0,original
4590,S19-19367__S19-19367,1,0,original
4591,S2415689__S24-15689-_-BIOPSY,1,0,original
4592,S16-17719__S16-17719,1,0,original
4593,S2513848__S25-13848_0_BP1A2021_131436,0,0,original
4594,S2535840__S2535840_0_BP1A2021,0,0,original
4595,S2039743__S20-39743-C-PLHE_0,1,0,original
4596,S2235518__S22-35518-_-BIOPSY,0,0,original
4597,S2039743__S20-39743-C-PLHE_0,1,0,original
4598,S2247860__S22-47860-_-DEEP_1,1,0,original
4599,S2039743__S20-39743-L-PLHE_1,1,0,original
4600,S2530049__S2530049_0_BP1A2021,0,0,original
4601,S2504719__S25-04719-_-DEEP_1,0,0,original
4602,S18-18746__S18-18746,1,0,original
4603,S18-18746__S18-18746,1,0,original
4604,S2424258__S2424258,0,0,original
4605,S19-40316__S19-40316,1,0,original
4606,S2530063__S2530063_0_BP1A2021,0,0,original
4607,S2423618__S24-23618-_-RECUT_2,0,0,original
4608,S2237603__S22-37603-_-_1,0,0,original
4609,S2326329__S23-26329-_-BIOPSY,0,0,original
4610,S2521239__S2521239_0_BP1A2021,0,0,original
4611,S19-40316__S19-40316,1,0,original
4612,S2128633__S2128633--DEEP,1,0,original
4613,S2511008__S25-11008_0_BP1A2021_052339,1,0,original
4614,S2326329__S23-26329-_-BIOPSY,0,0,original
4615,S2526362__S2526362_0_BP1A2021,0,0,original
4616,S2039743__S20-39743-P-PLHE_3,1,0,original
4617,S2128633__S2128633--DEEP,1,0,original
4618,S2134277__S2134277,1,0,original
4619,S2247860__S22-47860-_-DEEP_1,1,0,original
4620,S2527323__S2527323_0_BP1A2021,0,0,original
4621,S2434918__S24-34918-_-BIOPSY,1,0,original
4622,S2513848__S25-13848_0_BP1A2021_131436,0,0,original
4623,S2235518__S22-35518-_-BIOPSY,0,0,original
4624,S2039743__S20-39743-P-PLHE_3,1,0,original
4625,S2511008__S25-11008_0_BP1A2021_052339,1,0,original
4626,S2235518__S22-35518-_-BIOPSY,0,0,original
4627,S2237603__S22-37603-_-_1,0,0,original
4628,S18-18746__S18-18746,1,0,original
4629,S2513846__S25-13846_0_BP1A2021_161650,0,0,original
4630,S2247860__S22-47860-_-DEEP_1,1,0,original
4631,S2128633__S2128633--DEEP,1,0,original
4632,S2530991__S2530991_0_BP1A2021,0,0,original
4633,S2039743__S20-39743-C-PLHE_0,1,0,original
4634,S2511008__S25-11008_0_BP1A2021_052339,1,0,original
4635,S2352429__S23-52429-_-BIOPSY,0,0,original
4636,S2134277__S2134277,1,0,original
4637,S2326329__S23-26329-_-BIOPSY,0,0,original
4638,S16-17719__S16-17719,1,0,original
4639,S2521239__S2521239_0_BP1A2021,0,0,original
4640,S2128633__S2128633--DEEP,1,0,original
4641,S19-19367__S19-19367,1,0,original
4642,S2039743__S20-39743-P-PLHE_3,1,0,original
4643,S18-18746__S18-18746,1,0,original
4644,S2039743__S20-39743-L-PLHE_1,1,0,original
4645,S2039743__S20-39743-L-PLHE_1,1,0,original
4646,S18-18746__S18-18746,1,0,original
4647,S2530049__S2530049_0_BP1A2021,0,0,original
4648,S17-42935__S17-42935,1,0,original
4649,S16-17719__S16-17719,1,0,original
4650,S2423618__S24-23618-_-RECUT_2,0,0,original
4651,S2039743__S20-39743-P-PLHE_3,1,0,original
4652,S2427695__S2427695_BP1B27_C_14045_3,0,0,original
4653,S2039743__S20-39743-C-PLHE_0,1,0,original
4654,S2434918__S24-34918-_-BIOPSY,1,0,original
4655,S19-19367__S19-19367,1,0,original
4656,S2511006__S25-11006_0_BP1A2021_052242,0,0,original
4657,S19-40316__S19-40316,1,0,original
4658,S2424250__S2424250,0,0,original
4659,S2522994__S2522994_0_BP1A2021,0,0,original
4660,S2427695__S2427695_BP1B27_C_14045_3,0,0,original
4661,S2533022__S2533022_0_BP1A2021,0,0,original
4662,S16-17719__S16-17719,1,0,original
4663,S2513848__S25-13848_0_BP1A2021_131436,0,0,original
4664,S2434918__S24-34918-_-BIOPSY,1,0,original
4665,S2134277__S2134277,1,0,original
4666,S2513846__S25-13846_0_BP1A2021_131523,0,0,original
4667,S2406753__S24-06753-_-SERIAL_2,0,0,original
4668,S2515598__S25-15598_0__144202,0,0,original
4669,S2039743__S20-39743-L-PLHE_1,1,0,original
4670,S2406038__S2406038,0,0,original
4671,S2427695__S2427695_BP1B27_C_14045_3,0,0,original
4672,S2039743__S20-39743-P-PLHE_3,1,0,original
4673,S2530063__S2530063_0_BP1A2021,0,0,original
4674,S2530991__S2530991_0_BP1A2021,0,0,original
4675,S2039743__S20-39743-P-PLHE_3,1,0,original
4676,S16-17719__S16-17719,1,0,original
4677,S2346179__S23-46179-_-BIOPSY,1,0,original
4678,S2406753__S24-06753-_-SERIAL_2,0,0,original
4679,S2406038__S2406038,0,0,original
4680,S2406753__S24-06753-_-DEEP_1,0,0,original
4681,S2237603__S22-37603-_-_1,0,0,original
4682,S2511859__S25-11859_0_BP1A2021_150616,0,0,original
4683,S16-17719__S16-17719,1,0,original
4684,S2530063__S2530063_0_BP1A2021,0,0,original
4685,S18-18746__S18-18746,1,0,original
4686,S2511006__S25-11006_0_BP1A2021_052242,0,0,original
4687,S2424250__S2424250,0,0,original
4688,S2425843__S24-25843-_-BIOPSY,0,0,original
4689,S2352429__S23-52429-_-BIOPSY,0,0,original
4690,S19-40316__S19-40316,1,0,original
4691,S2039743__S20-39743-L-PLHE_1,1,0,original
4692,S19-40316__S19-40316,1,0,original
4693,S18-18746__S18-18746,1,0,original
4694,S2352429__S23-52429-_-RECUT_1,0,0,original
4695,S2409390__S2409390,0,0,original
4696,S2531989__S2531989_0_BP1A2021,0,0,original
4697,S2039743__S20-39743-P-PLHE_3,1,0,original
4698,S2415689__S24-15689-_-BIOPSY,1,0,original
4699,S2434918__S24-34918-_-BIOPSY,1,0,original
4700,S2522994__S2522994_0_BP1A2021,0,0,original
4701,S2530049__S2530049_0_BP1A2021,0,0,original
4702,S2513848__S25-13848_0_BP1A2021_131436,0,0,original
4703,S2352429__S23-52429-_-RECUT_1,0,0,original
4704,S2434918__S24-34918-_-BIOPSY,1,0,original
4705,S2427695__S24-27695-_-BIOPSY,0,0,original
4706,S2434918__S24-34918-_-BIOPSY,1,0,original
4707,S2128633__S2128633--DEEP,1,0,original
4708,S2237603__S22-37603-_-_1,0,0,original
4709,S2530063__S2530063_0_BP1A2021,0,0,original
4710,S2511008__S25-11008_0_BP1A2021_052339,1,0,original
4711,S2424250__S2424250,0,0,original
4712,S2424259__S2424259,0,0,original
4713,S2128633__S2128633--DEEP,1,0,original
4714,S2522994__S2522994_0_BP1A2021,0,0,original
4715,S19-40063__S19-40063,0,0,original
4716,S2511006__S25-11006_0_BP1A2021_052242,0,0,original
4717,S2128633__S2128633--DEEP,1,0,original
4718,S19-19367__S19-19367,1,0,original
4719,S2128633__S2128633--DEEP,1,0,original
4720,S2521239__S2521239_0_BP1A2021,0,0,original
4721,S2521240__S2521240_0_BP1A2021,1,0,original
4722,S2521240__S2521240_0_BP1A2021,1,0,original
4723,S2415689__S24-15689-_-BIOPSY,1,0,original
4724,S2511008__S25-11008_0_BP1A2021_052339,1,0,original
4725,S2521240__S2521240_0_BP1A2021,1,0,original
4726,S2513848__S25-13848_0_BP1A2021_131436,0,0,original
4727,S16-17719__S16-17719,1,0,original
4728,S2134277__S2134277,1,0,original
4729,S2504719__S25-04719-_-DEEP_1,0,0,original
4730,S2530063__S2530063_0_BP1A2021,0,0,original
4731,S2511859__S25-11859_0_BP1A2021_150616,0,0,original
4732,S2039743__S20-39743-P-PLHE_3,1,0,original
4733,S2434918__S24-34918-_-BIOPSY,1,0,original
4734,S2434918__S24-34918-_-BIOPSY,1,0,original
4735,S2039743__S20-39743-C-PLHE_0,1,0,original
4736,S2434918__S24-34918-_-BIOPSY,1,0,original
4737,S2409392__S2409392,0,0,original
4738,S2511006__S25-11006_0_BP1A2021_052242,0,0,original
4739,S2352429__S23-52429-_-RECUT_1,0,0,original
4740,S2511008__S25-11008_0_BP1A2021_052339,1,0,original
4741,S2423618__S24-23618-_-RECUT_2,0,0,original
4742,S19-19367__S19-19367,1,0,original
4743,S19-40316__S19-40316,1,0,original
4744,S2134277__S2134277,1,0,original
4745,S17-42935__S17-42935,1,0,original
4746,S2511859__S25-11859_0_BP1A2021_150616,0,0,original
4747,S2237603__S22-37603-_-_1,0,0,original
4748,S18-18746__S18-18746,1,0,original
4749,S2511008__S25-11008_0_BP1A2021_052339,1,0,original
4750,S2346179__S23-46179-_-BIOPSY,1,0,original
4751,S2415689__S24-15689-_-BIOPSY,1,0,original
4752,S2237603__S22-37603-_-_1,0,0,original
4753,S2039743__S20-39743-L-PLHE_1,1,0,original
4754,S2424259__S2424259,0,0,original
4755,S2513846__S25-13846_0_BP1A2021_161650,0,0,original
4756,S2526362__S2526362_0_BP1A2021,0,0,original
4757,S2531989__S2531989_0_BP1A2021,0,0,original
4758,S2511008__S25-11008_0_BP1A2021_052339,1,0,original
4759,S2504719__S25-04719-_-DEEP_1,0,0,original
4760,S2434918__S24-34918-_-BIOPSY,1,0,original
4761,S17-42935__S17-42935,1,0,original
4762,S2415689__S24-15689-_-BIOPSY,1,0,original
4763,S2531989__S2531989_0_BP1A2021,0,0,original
4764,S2513846__S25-13846_0_BP1A2021_161650,0,0,original
4765,S2039743__S20-39743-C-PLHE_0,1,0,original
4766,S2425843__S24-25843-_-BIOPSY,0,0,original
4767,S2511008__S25-11008_0_BP1A2021_052339,1,0,original
4768,S18-18746__S18-18746,1,0,original
4769,S19-19367__S19-19367,1,0,original
4770,S2415689__S24-15689-_-BIOPSY,1,0,original
4771,S2406753__S24-06753-_-SERIAL_2,0,0,original
4772,S2524760__S2524760_0_BP1A2021,0,0,original
4773,S2531989__S2531989_0_BP1A2021,0,0,original
4774,S2434918__S24-34918-_-BIOPSY,1,0,original
4775,S2513846__S25-13846_0_BP1A2021_161650,0,0,original
4776,S2511008__S25-11008_0_BP1A2021_052339,1,0,original
4777,S2415689__S24-15689-_-BIOPSY,1,0,original
4778,S2530049__S2530049_0_BP1A2021,0,0,original
4779,S2527323__S2527323_0_BP1A2021,0,0,original
4780,S18-18746__S18-18746,1,0,original
4781,S2409392__S2409392,0,0,original
4782,S2415689__S24-15689-_-BIOPSY,1,0,original
4783,S2427695__S2427695_BP1B27_C_14045_3,0,0,original
4784,S2237603__S22-37603-_-_1,0,0,original
4785,S2039743__S20-39743-L-PLHE_1,1,0,original
4786,S2511006__S25-11006_0_BP1A2021_052242,0,0,original
4787,S19-40316__S19-40316,1,0,original
4788,S2128633__S2128633--DEEP,1,0,original
4789,S2527323__S2527323_0_BP1A2021,0,0,original
4790,S2527323__S2527323_0_BP1A2021,0,0,original
4791,S2513846__S25-13846_0_BP1A2021_161650,0,0,original
4792,S2039743__S20-39743-C-PLHE_0,1,0,original
4793,S2427695__S2427695_BP1B27_C_14045_3,0,0,original
4794,S2039743__S20-39743-C-PLHE_0,1,0,original
4795,S17-42935__S17-42935,1,0,original
4796,S2535840__S2535840_0_BP1A2021,0,0,original
4797,S17-42935__S17-42935,1,0,original
4798,S2039743__S20-39743-L-PLHE_1,1,0,original
4799,S2515598__S25-15598_0__144202,0,0,original
4800,S18-18746__S18-18746,1,0,original
4801,S2521240__S2521240_0_BP1A2021,1,0,original
4802,S2237603__S22-37603-_-_1,0,0,original
4803,S2434918__S24-34918-_-BIOPSY,1,0,original
4804,S2504719__S25-04719-_-DEEP_1,0,0,original
4805,S2513846__S25-13846_0_BP1A2021_161650,0,0,original
4806,S2247860__S22-47860-_-DEEP_1,1,0,original
4807,S2352429__S23-52429-_-BIOPSY,0,0,original
4808,S2513848__S25-13848_0_BP1A2021_131436,0,0,original
4809,S2406753__S24-06753-_-SERIAL_2,0,0,original
4810,S2039743__S20-39743-P-PLHE_3,1,0,original
4811,S2039743__S20-39743-L-PLHE_1,1,0,original
4812,S2134277__S2134277,1,0,original
4813,S2521239__S2521239_0_BP1A2021,0,0,original
4814,S2134277__S2134277,1,0,original
4815,S2415689__S24-15689-_-BIOPSY,1,0,original
4816,S2406753__S24-06753-_-SERIAL_2,0,0,original
4817,S2406753__S24-06753-_-SERIAL_2,0,0,original
4818,S17-42935__S17-42935,1,0,original
4819,S2128633__S2128633--DEEP,1,0,original
4820,S2511008__S25-11008_0_BP1A2021_052339,1,0,original
4821,S16-17719__S16-17719,1,0,original
4822,S2511008__S25-11008_0_BP1A2021_052339,1,0,original
4823,S2521240__S2521240_0_BP1A2021,1,0,original
4824,S16-17719__S16-17719,1,0,original
4825,S16-17719__S16-17719,1,0,original
4826,S16-17719__S16-17719,1,0,original
4827,S2530049__S2530049_0_BP1A2021,0,0,original
4828,S17-42935__S17-42935,1,0,original
4829,S2529112__S2529112_0_BP1A2021,0,0,original
4830,S2352429__S23-52429-_-BIOPSY,0,0,original
4831,S18-18746__S18-18746,1,0,original
4832,S2522994__S2522994_0_BP1A2021,0,0,original
4833,S2415689__S24-15689-_-BIOPSY,1,0,original
4834,S2511008__S25-11008_0_BP1A2021_052339,1,0,original
4835,S16-17719__S16-17719,1,0,original
4836,S2409392__S2409392,0,0,original
4837,S2511008__S25-11008_0_BP1A2021_052339,1,0,original
4838,S2511859__S25-11859_0_BP1A2021_150616,0,0,original
4839,S2406753__S24-06753-_-DEEP_1,0,0,original
4840,S2247860__S22-47860-_-DEEP_1,1,0,original
4841,S2039743__S20-39743-L-PLHE_1,1,0,original
4842,S2039743__S20-39743-C-PLHE_0,1,0,original
4843,S2513846__S25-13846_0_BP1A2021_131523,0,0,original
4844,S2134277__S2134277,1,0,original
4845,S2527323__S2527323_0_BP1A2021,0,0,original
4846,S16-17719__S16-17719,1,0,original
4847,S18-18746__S18-18746,1,0,original
4848,S2504719__S25-04719-_-DEEP_1,0,0,original
4849,S2406753__S24-06753-_-SERIAL_2,0,0,original
4850,S18-18746__S18-18746,1,0,original
4851,S2521240__S2521240_0_BP1A2021,1,0,original
4852,S2039743__S20-39743-L-PLHE_1,1,0,original
4853,S2522980__S2522980_0_BP1A2021,0,0,original
4854,S2522994__S2522994_0_BP1A2021,0,0,original
4855,S2526362__S2526362_0_BP1A2021,0,0,original
4856,S2521240__S2521240_0_BP1A2021,1,0,original
4857,S2504719__S25-04719-_-DEEP_1,0,0,original
4858,S2522980__S2522980_0_BP1A2021,0,0,original
4859,S2406753__S24-06753-_-SERIAL_2,0,0,original
4860,S2513848__S25-13848_0_BP1A2021_131436,0,0,original
4861,S2434918__S24-34918-_-BIOPSY,1,0,original
4862,S19-40063__S19-40063,0,0,original
4863,S2235518__S22-35518-_-BIOPSY,0,0,original
4864,S2434918__S24-34918-_-BIOPSY,1,0,original
4865,S2511859__S25-11859_0_BP1A2021_150616,0,0,original
4866,S2434918__S24-34918-_-BIOPSY,1,0,original
4867,S2527323__S2527323_0_BP1A2021,0,0,original
4868,S2531989__S2531989_0_BP1A2021,0,0,original
4869,S2039743__S20-39743-P-PLHE_3,1,0,original
4870,S2515598__S25-15598_0__144202,0,0,original
4871,S2415689__S24-15689-_-BIOPSY,1,0,original
4872,S2427695__S2427695_BP1B27_C_14045_3,0,0,original
4873,S2530049__S2530049_0_BP1A2021,0,0,original
4874,S2521240__S2521240_0_BP1A2021,1,0,original
4875,S2134277__S2134277,1,0,original
4876,S19-19367__S19-19367,1,0,original
4877,S16-17719__S16-17719,1,0,original
4878,S2527323__S2527323_0_BP1A2021,0,0,original
4879,S2427695__S2427695_BP1B27_C_14045_3,0,0,original
4880,S2427695__S24-27695-_-BIOPSY,0,0,original
4881,S17-42935__S17-42935,1,0,original
4882,S2434918__S24-34918-_-BIOPSY,1,0,original
4883,S2409392__S2409392,0,0,original
4884,S2415689__S24-15689-_-BIOPSY,1,0,original
4885,S2326329__S23-26329-_-BIOPSY,0,0,original
4886,S2424259__S2424259,0,0,original
4887,S19-19367__S19-19367,1,0,original
4888,S2513846__S25-13846_0_BP1A2021_161650,0,0,original
4889,S2039743__S20-39743-P-PLHE_3,1,0,original
4890,S2326329__S23-26329-_-BIOPSY,0,0,original
4891,S2504719__S25-04719-_-DEEP_1,0,0,original
4892,S2039743__S20-39743-P-PLHE_3,1,0,original
4893,S19-19367__S19-19367,1,0,original
4894,S2039743__S20-39743-C-PLHE_0,1,0,original
4895,S2527323__S2527323_0_BP1A2021,0,0,original
4896,S2513846__S25-13846_0_BP1A2021_131523,0,0,original
4897,S2427695__S2427695_BP1B27_C_14045_3,0,0,original
4898,S2134277__S2134277,1,0,original
4899,S2128633__S2128633--DEEP,1,0,original
4900,S2346179__S23-46179-_-BIOPSY,1,0,original
4901,S2134277__S2134277,1,0,original
4902,S2521240__S2521240_0_BP1A2021,1,0,original
4903,S2524760__S2524760_0_BP1A2021,0,0,original
4904,S2425843__S24-25843-_-BIOPSY,0,0,original
4905,S2511859__S25-11859_0_BP1A2021_150616,0,0,original
4906,S2511008__S25-11008_0_BP1A2021_052339,1,0,original
4907,S2415689__S24-15689-_-BIOPSY,1,0,original
4908,S2039743__S20-39743-L-PLHE_1,1,0,original
4909,S2039743__S20-39743-C-PLHE_0,1,0,original
4910,S2533022__S2533022_0_BP1A2021,0,0,original
4911,S19-40316__S19-40316,1,0,original
4912,S2511859__S25-11859_0_BP1A2021_150616,0,0,original
4913,S2427695__S24-27695-_-BIOPSY,0,0,original
4914,S2535840__S2535840_0_BP1A2021,0,0,original
4915,S2533022__S2533022_0_BP1A2021,0,0,original
4916,S2526362__S2526362_0_BP1A2021,0,0,original
4917,S2128633__S2128633--DEEP,1,0,original
4918,S2529112__S2529112_0_BP1A2021,0,0,original
4919,S2415689__S24-15689-_-BIOPSY,1,0,original
4920,S19-19367__S19-19367,1,0,original
4921,S17-42935__S17-42935,1,0,original
4922,S2346179__S23-46179-_-BIOPSY,1,0,original
4923,S2039743__S20-39743-L-PLHE_1,1,0,original
4924,S2237603__S22-37603-_-_1,0,0,original
4925,S2524760__S2524760_0_BP1A2021,0,0,original
4926,S2039743__S20-39743-P-PLHE_3,1,0,original
4927,S2406038__S2406038,0,0,original
4928,S2326329__S23-26329-_-BIOPSY,0,0,original
4929,S2530063__S2530063_0_BP1A2021,0,0,original
4930,S2039743__S20-39743-L-PLHE_1,1,0,original
4931,S19-40063__S19-40063,0,0,original
4932,S2522994__S2522994_0_BP1A2021,0,0,original
4933,S2406753__S24-06753-_-SERIAL_2,0,0,original
4934,S2513846__S25-13846_0_BP1A2021_161650,0,0,original
4935,S2513846__S25-13846_0_BP1A2021_131523,0,0,original
4936,S2134277__S2134277,1,0,original
4937,S19-40316__S19-40316,1,0,original
4938,S2427695__S2427695_BP1B27_C_14045_3,0,0,original
4939,S16-17719__S16-17719,1,0,original
4940,S2247860__S22-47860-_-DEEP_1,1,0,original
4941,S2039743__S20-39743-P-PLHE_3,1,0,original
4942,S2235518__S22-35518-_-BIOPSY,0,0,original
4943,S2521240__S2521240_0_BP1A2021,1,0,original
4944,S2504719__S25-04719-_-DEEP_1,0,0,original
4945,S2039743__S20-39743-L-PLHE_1,1,0,original
4946,S17-42935__S17-42935,1,0,original
4947,S2128633__S2128633--DEEP,1,0,original
4948,S2346179__S23-46179-_-BIOPSY,1,0,original
4949,S2522994__S2522994_0_BP1A2021,0,0,original
4950,S19-19367__S19-19367,1,0,original
4951,S2511008__S25-11008_0_BP1A2021_052339,1,0,original
4952,S2526362__S2526362_0_BP1A2021,0,0,original
4953,S2521239__S2521239_0_BP1A2021,0,0,original
4954,S2039743__S20-39743-L-PLHE_1,1,0,original
4955,S2247860__S22-47860-_-DEEP_1,1,0,original
4956,S2530991__S2530991_0_BP1A2021,0,0,original
4957,S2039743__S20-39743-L-PLHE_1,1,0,original
4958,S19-40316__S19-40316,1,0,original
4959,S2425843__S24-25843-_-BIOPSY,0,0,original
4960,S2039743__S20-39743-C-PLHE_0,1,0,original
4961,S2535840__S2535840_0_BP1A2021,0,0,original
4962,S2039743__S20-39743-L-PLHE_1,1,0,original
4963,S2406038__S2406038,0,0,original
4964,S2424259__S2424259,0,0,original
4965,S2521239__S2521239_0_BP1A2021,0,0,original
4966,S2415689__S24-15689-_-BIOPSY,1,0,original
4967,S18-18746__S18-18746,1,0,original
4968,S2522980__S2522980_0_BP1A2021,0,0,original
4969,S2352429__S23-52429-_-RECUT_1,0,0,original
4970,S2039743__S20-39743-P-PLHE_3,1,0,original
4971,S2039743__S20-39743-C-PLHE_0,1,0,original
4972,S2423618__S24-23618-_-RECUT_2,0,0,original
4973,S2535840__S2535840_0_BP1A2021,0,0,original
4974,S2415689__S24-15689-_-BIOPSY,1,0,original
4975,S2529112__S2529112_0_BP1A2021,0,0,original
4976,S2039743__S20-39743-L-PLHE_1,1,0,original
4977,S2346179__S23-46179-_-BIOPSY,1,0,original
4978,S2247860__S22-47860-_-DEEP_1,1,0,original
4979,S2524760__S2524760_0_BP1A2021,0,0,original
4980,S2326329__S23-26329-_-BIOPSY,0,0,original
4981,S2039743__S20-39743-L-PLHE_1,1,0,original
4982,S2524760__S2524760_0_BP1A2021,0,0,original
4983,S19-40316__S19-40316,1,0,original
4984,S19-40063__S19-40063,0,0,original
4985,S2530049__S2530049_0_BP1A2021,0,0,original
4986,S2352429__S23-52429-_-RECUT_1,0,0,original
4987,S2511859__S25-11859_0_BP1A2021_150616,0,0,original
4988,S2526362__S2526362_0_BP1A2021,0,0,original
4989,S19-19367__S19-19367,1,0,original
4990,S2511008__S25-11008_0_BP1A2021_052339,1,0,original
4991,S2427695__S24-27695-_-BIOPSY,0,0,original
4992,S2521240__S2521240_0_BP1A2021,1,0,original
4993,S2513846__S25-13846_0_BP1A2021_131523,0,0,original
4994,S2511859__S25-11859_0_BP1A2021_150616,0,0,original
4995,S2434918__S24-34918-_-BIOPSY,1,0,original
4996,S2352429__S23-52429-_-BIOPSY,0,0,original
4997,S2511008__S25-11008_0_BP1A2021_052339,1,0,original
4998,S2434918__S24-34918-_-BIOPSY,1,0,original
4999,S17-42935__S17-42935,1,0,original
5000,S2521239__S2521239_0_BP1A2021,0,0,original
5001,S2527323__S2527323_0_BP1A2021,0,0,original
5002,S2513847__S25-13847_0_BP1A2021_131603,0,0,original
5003,S18-18746__S18-18746,1,0,original
5004,S2346179__S23-46179-_-BIOPSY,1,0,original
5005,S17-42935__S17-42935,1,0,original
5006,S2529112__S2529112_0_BP1A2021,0,0,original
5007,S2424258__S2424258,0,0,original
5008,S2346179__S23-46179-_-BIOPSY,1,0,original
5009,S2039743__S20-39743-L-PLHE_1,1,0,original
5010,S2346179__S23-46179-_-BIOPSY,1,0,original
5011,S2235518__S22-35518-_-BIOPSY,0,0,original
5012,S2039743__S20-39743-C-PLHE_0,1,0,original
5013,S2039743__S20-39743-P-PLHE_3,1,0,original
5014,S2427695__S24-27695-_-BIOPSY,0,0,original
5015,S2513846__S25-13846_0_BP1A2021_131523,0,0,original
5016,S17-42935__S17-42935,1,0,original
5017,S2134277__S2134277,1,0,original
5018,S2434918__S24-34918-_-BIOPSY,1,0,original
5019,S2406753__S24-06753-_-SERIAL_2,0,0,original
5020,S2521239__S2521239_0_BP1A2021,0,0,original
5021,S2346179__S23-46179-_-BIOPSY,1,0,original
5022,S2134277__S2134277,1,0,original
5023,S17-42935__S17-42935,1,0,original
5024,S16-17719__S16-17719,1,0,original
5025,S2521239__S2521239_0_BP1A2021,0,0,original
5026,S2406038__S2406038,0,0,original
5027,S16-17719__S16-17719,1,0,original
5028,S2427695__S24-27695-_-BIOPSY,0,0,original
5029,S2134277__S2134277,1,0,original
5030,S2513846__S25-13846_0_BP1A2021_161650,0,0,original
5031,S2530991__S2530991_0_BP1A2021,0,0,original
5032,S2128633__S2128633--DEEP,1,0,original
5033,S2039743__S20-39743-L-PLHE_1,1,0,original
5034,S2434918__S24-34918-_-BIOPSY,1,0,original
5035,S2511859__S25-11859_0_BP1A2021_150616,0,0,original
5036,S2039743__S20-39743-C-PLHE_0,1,0,original
5037,S2424259__S2424259,0,0,original
5038,S2513848__S25-13848_0_BP1A2021_131436,0,0,original
5039,S2326329__S23-26329-_-BIOPSY,0,0,original
5040,S2423618__S24-23618-_-RECUT_2,0,0,original
5041,S2237603__S22-37603-_-_1,0,0,original
5042,S2424258__S2424258,0,0,original
5043,S2346179__S23-46179-_-BIOPSY,1,0,original
5044,S2529112__S2529112_0_BP1A2021,0,0,original
5045,S2128633__S2128633--DEEP,1,0,original
5046,S2415689__S24-15689-_-BIOPSY,1,0,original
5047,S19-19367__S19-19367,1,0,original
5048,S18-18746__S18-18746,1,0,original
5049,S2522994__S2522994_0_BP1A2021,0,0,original
5050,S2406753__S24-06753-_-SERIAL_2,0,0,original
5051,S2521240__S2521240_0_BP1A2021,1,0,original
5052,S2235518__S22-35518-_-BIOPSY,0,0,original
5053,S16-17719__S16-17719,1,0,original
5054,S2039743__S20-39743-L-PLHE_1,1,0,original
5055,S2352429__S23-52429-_-RECUT_1,0,0,original
5056,S2346179__S23-46179-_-BIOPSY,1,0,original
5057,S2346179__S23-46179-_-BIOPSY,1,0,original
5058,S18-18746__S18-18746,1,0,original
5059,S2533022__S2533022_0_BP1A2021,0,0,original
5060,S2424250__S2424250,0,0,original
5061,S2434918__S24-34918-_-BIOPSY,1,0,original
5062,S2352429__S23-52429-_-RECUT_1,0,0,original
5063,S2522994__S2522994_0_BP1A2021,0,0,original
5064,S2039743__S20-39743-C-PLHE_0,1,0,original
5065,S2039743__S20-39743-P-PLHE_3,1,0,original
5066,S2039743__S20-39743-L-PLHE_1,1,0,original
5067,S2511008__S25-11008_0_BP1A2021_052339,1,0,original
5068,S2128633__S2128633--DEEP,1,0,original
5069,S18-18746__S18-18746,1,0,original
5070,S2039743__S20-39743-C-PLHE_0,1,0,original
5071,S2513848__S25-13848_0_BP1A2021_131436,0,0,original
5072,S2524760__S2524760_0_BP1A2021,0,0,original
5073,S2039743__S20-39743-C-PLHE_0,1,0,original
5074,S2247860__S22-47860-_-DEEP_1,1,0,original
5075,S2513846__S25-13846_0_BP1A2021_131523,0,0,original
5076,S2128633__S2128633--DEEP,1,0,original
5077,S2247860__S22-47860-_-DEEP_1,1,0,original
5078,S16-17719__S16-17719,1,0,original
5079,S2424259__S2424259,0,0,original
5080,S2039743__S20-39743-L-PLHE_1,1,0,original
5081,S17-42935__S17-42935,1,0,original
5082,S2511008__S25-11008_0_BP1A2021_052339,1,0,original
5083,S2128633__S2128633--DEEP,1,0,original
5084,S2513847__S25-13847_0_BP1A2021_131603,0,0,original
5085,S2415689__S24-15689-_-BIOPSY,1,0,original
5086,S2527323__S2527323_0_BP1A2021,0,0,original
5087,S16-17719__S16-17719,1,0,original
5088,S2531989__S2531989_0_BP1A2021,0,0,original
5089,S2425843__S24-25843-_-BIOPSY,0,0,original
5090,S2406753__S24-06753-_-SERIAL_2,0,0,original
5091,S2535840__S2535840_0_BP1A2021,0,0,original
5092,S2247860__S22-47860-_-DEEP_1,1,0,original
5093,S2134277__S2134277,1,0,original
5094,S2527323__S2527323_0_BP1A2021,0,0,original
5095,S2326329__S23-26329-_-BIOPSY,0,0,original
5096,S2247860__S22-47860-_-DEEP_1,1,0,original
5097,S2424250__S2424250,0,0,original
5098,S2533022__S2533022_0_BP1A2021,0,0,original
5099,S2247860__S22-47860-_-DEEP_1,1,0,original
5100,S2352429__S23-52429-_-BIOPSY,0,0,original
5101,S2128633__S2128633--DEEP,1,0,original
5102,S2511008__S25-11008_0_BP1A2021_052339,1,0,original
5103,S2406753__S24-06753-_-SERIAL_2,0,0,original
5104,S2530991__S2530991_0_BP1A2021,0,0,original
5105,S2511859__S25-11859_0_BP1A2021_150616,0,0,original
5106,S2406038__S2406038,0,0,original
5107,S2434918__S24-34918-_-BIOPSY,1,0,original
5108,S19-40316__S19-40316,1,0,original
5109,S2526362__S2526362_0_BP1A2021,0,0,original
5110,S2526362__S2526362_0_BP1A2021,0,0,original
5111,S2247860__S22-47860-_-DEEP_1,1,0,original
5112,S2513847__S25-13847_0_BP1A2021_131603,0,0,original
5113,S2415689__S24-15689-_-BIOPSY,1,0,original
5114,S16-17719__S16-17719,1,0,original
5115,S19-19367__S19-19367,1,0,original
5116,S2134277__S2134277,1,0,original
5117,S2513847__S25-13847_0_BP1A2021_131603,0,0,original
5118,S2530049__S2530049_0_BP1A2021,0,0,original
5119,S2406753__S24-06753-_-DEEP_1,0,0,original
5120,S2352429__S23-52429-_-RECUT_1,0,0,original
5121,S2513848__S25-13848_0_BP1A2021_131436,0,0,original
5122,S2346179__S23-46179-_-BIOPSY,1,0,original
5123,S2425843__S24-25843-_-BIOPSY,0,0,original
5124,S2346179__S23-46179-_-BIOPSY,1,0,original
5125,S18-18746__S18-18746,1,0,original
5126,S2511008__S25-11008_0_BP1A2021_052339,1,0,original
5127,S2513846__S25-13846_0_BP1A2021_131523,0,0,original
5128,S2427695__S2427695_BP1B27_C_14045_3,0,0,original
5129,S2521240__S2521240_0_BP1A2021,1,0,original
5130,S18-18746__S18-18746,1,0,original
5131,S2434918__S24-34918-_-BIOPSY,1,0,original
5132,S19-19367__S19-19367,1,0,original
5133,S2530991__S2530991_0_BP1A2021,0,0,original
5134,S2521240__S2521240_0_BP1A2021,1,0,original
5135,S2346179__S23-46179-_-BIOPSY,1,0,original
5136,S2237603__S22-37603-_-_1,0,0,original
5137,S2424258__S2424258,0,0,original
5138,S2511008__S25-11008_0_BP1A2021_052339,1,0,original
5139,S2504719__S25-04719-_-DEEP_1,0,0,original
5140,S2427695__S2427695_BP1B27_C_14045_3,0,0,original
5141,S2513846__S25-13846_0_BP1A2021_131523,0,0,original
5142,S2406753__S24-06753-_-DEEP_1,0,0,original
5143,S19-19367__S19-19367,1,0,original
5144,S2409390__S2409390,0,0,original
5145,S16-17719__S16-17719,1,0,original
5146,S16-17719__S16-17719,1,0,original
5147,S19-40316__S19-40316,1,0,original
5148,S17-42935__S17-42935,1,0,original
5149,S19-19367__S19-19367,1,0,original
5150,S2134277__S2134277,1,0,original
5151,S2521240__S2521240_0_BP1A2021,1,0,original
5152,S2406753__S24-06753-_-SERIAL_2,0,0,original
5153,S2535840__S2535840_0_BP1A2021,0,0,original
5154,S2346179__S23-46179-_-BIOPSY,1,0,original
5155,S16-17719__S16-17719,1,0,original
5156,S2235518__S22-35518-_-BIOPSY,0,0,original
5157,S2535840__S2535840_0_BP1A2021,0,0,original
5158,S2406038__S2406038,0,0,original
5159,S2415689__S24-15689-_-BIOPSY,1,0,original
5160,S19-40316__S19-40316,1,0,original
5161,S2530063__S2530063_0_BP1A2021,0,0,original
5162,S2527323__S2527323_0_BP1A2021,0,0,original
5163,S2237603__S22-37603-_-_1,0,0,original
5164,S2346179__S23-46179-_-BIOPSY,1,0,original
5165,S2530063__S2530063_0_BP1A2021,0,0,original
5166,S2039743__S20-39743-C-PLHE_0,1,0,original
5167,S18-18746__S18-18746,1,0,original
5168,S2128633__S2128633--DEEP,1,0,original
5169,S2423618__S24-23618-_-RECUT_2,0,0,original
5170,S2504719__S25-04719-_-DEEP_1,0,0,original
5171,S2531989__S2531989_0_BP1A2021,0,0,original
5172,S2346179__S23-46179-_-BIOPSY,1,0,original
5173,S2424258__S2424258,0,0,original
5174,S2513846__S25-13846_0_BP1A2021_131523,0,0,original
5175,S2424250__S2424250,0,0,original
5176,S2352429__S23-52429-_-RECUT_1,0,0,original
5177,S2533022__S2533022_0_BP1A2021,0,0,original
5178,S18-18746__S18-18746,1,0,original
5179,S2039743__S20-39743-P-PLHE_3,1,0,original
5180,S16-17719__S16-17719,1,0,original
5181,S19-40316__S19-40316,1,0,original
5182,S2511008__S25-11008_0_BP1A2021_052339,1,0,original
5183,S2415689__S24-15689-_-BIOPSY,1,0,original
5184,S2352429__S23-52429-_-RECUT_1,0,0,original
5185,S2247860__S22-47860-_-DEEP_1,1,0,original
5186,S2511008__S25-11008_0_BP1A2021_052339,1,0,original
5187,S19-40316__S19-40316,1,0,original
5188,S2134277__S2134277,1,0,original
5189,S2415689__S24-15689-_-BIOPSY,1,0,original
5190,S2425843__S24-25843-_-BIOPSY,0,0,original
5191,S18-18746__S18-18746,1,0,original
5192,S2513846__S25-13846_0_BP1A2021_161650,0,0,original
5193,S16-17719__S16-17719,1,0,original
5194,S2039743__S20-39743-C-PLHE_0,1,0,original
5195,S2531989__S2531989_0_BP1A2021,0,0,original
5196,S2511008__S25-11008_0_BP1A2021_052339,1,0,original
5197,S2511008__S25-11008_0_BP1A2021_052339,1,0,original
5198,S2134277__S2134277,1,0,original
5199,S2513847__S25-13847_0_BP1A2021_131603,0,0,original
5200,S2522994__S2522994_0_BP1A2021,0,0,original
5201,S2423618__S24-23618-_-RECUT_2,0,0,original
5202,S17-42935__S17-42935,1,0,original
5203,S2527323__S2527323_0_BP1A2021,0,0,original
5204,S2521240__S2521240_0_BP1A2021,1,0,original
5205,S2352429__S23-52429-_-BIOPSY,0,0,original
5206,S2039743__S20-39743-C-PLHE_0,1,0,original
5207,S2513846__S25-13846_0_BP1A2021_131523,0,0,original
5208,S2409392__S2409392,0,0,original
5209,S2134277__S2134277,1,0,original
5210,S2039743__S20-39743-L-PLHE_1,1,0,original
5211,S2423618__S24-23618-_-RECUT_2,0,0,original
5212,S2511008__S25-11008_0_BP1A2021_052339,1,0,original
5213,S2521240__S2521240_0_BP1A2021,1,0,original
5214,S2524760__S2524760_0_BP1A2021,0,0,original
5215,S2522994__S2522994_0_BP1A2021,0,0,original
5216,S2530049__S2530049_0_BP1A2021,0,0,original
5217,S2511008__S25-11008_0_BP1A2021_052339,1,0,original
5218,S2039743__S20-39743-P-PLHE_3,1,0,original
5219,S2134277__S2134277,1,0,original
5220,S2409392__S2409392,0,0,original
5221,S2521240__S2521240_0_BP1A2021,1,0,original
5222,S2522980__S2522980_0_BP1A2021,0,0,original
5223,S2406038__S2406038,0,0,original
5224,S2326329__S23-26329-_-BIOPSY,0,0,original
5225,S2521240__S2521240_0_BP1A2021,1,0,original
5226,S2039743__S20-39743-L-PLHE_1,1,0,original
5227,S2128633__S2128633--DEEP,1,0,original
5228,S2406753__S24-06753-_-SERIAL_2,0,0,original
5229,S2434918__S24-34918-_-BIOPSY,1,0,original
5230,S2134277__S2134277,1,0,original
5231,S2352429__S23-52429-_-RECUT_1,0,0,original
5232,S2521239__S2521239_0_BP1A2021,0,0,original
5233,S2235518__S22-35518-_-BIOPSY,0,0,original
5234,S2427695__S24-27695-_-BIOPSY,0,0,original
5235,S2424258__S2424258,0,0,original
5236,S2527323__S2527323_0_BP1A2021,0,0,original
5237,S2526362__S2526362_0_BP1A2021,0,0,original
5238,S2527323__S2527323_0_BP1A2021,0,0,original
5239,S2535840__S2535840_0_BP1A2021,0,0,original
5240,S2406753__S24-06753-_-SERIAL_2,0,0,original
5241,S2521239__S2521239_0_BP1A2021,0,0,original
5242,S2511006__S25-11006_0_BP1A2021_052242,0,0,original
5243,S2039743__S20-39743-P-PLHE_3,1,0,original
5244,S16-17719__S16-17719,1,0,original
5245,S2247860__S22-47860-_-DEEP_1,1,0,original
5246,S17-42935__S17-42935,1,0,original
5247,S2424250__S2424250,0,0,original
5248,S2513847__S25-13847_0_BP1A2021_131603,0,0,original
5249,S2406038__S2406038,0,0,original
5250,S2039743__S20-39743-C-PLHE_0,1,0,original
5251,S2522980__S2522980_0_BP1A2021,0,0,original
5252,S16-17719__S16-17719,1,0,original
5253,S2521240__S2521240_0_BP1A2021,1,0,original
5254,S2513847__S25-13847_0_BP1A2021_131603,0,0,original
5255,S2424250__S2424250,0,0,original
5256,S2425843__S24-25843-_-BIOPSY,0,0,original
5257,S2434918__S24-34918-_-BIOPSY,1,0,original
5258,S19-19367__S19-19367,1,0,original
5259,S2434918__S24-34918-_-BIOPSY,1,0,original
5260,S2515598__S25-15598_0__144202,0,0,original
5261,S2513846__S25-13846_0_BP1A2021_131523,0,0,original
5262,S2511008__S25-11008_0_BP1A2021_052339,1,0,original
5263,S19-19367__S19-19367,1,0,original
5264,S2346179__S23-46179-_-BIOPSY,1,0,original
5265,S2513847__S25-13847_0_BP1A2021_131603,0,0,original
5266,S2511859__S25-11859_0_BP1A2021_150616,0,0,original
5267,S2128633__S2128633--DEEP,1,0,original
5268,S2128633__S2128633--DEEP,1,0,original
5269,S2535840__S2535840_0_BP1A2021,0,0,original
5270,S2529112__S2529112_0_BP1A2021,0,0,original
5271,S17-42935__S17-42935,1,0,original
5272,S2511859__S25-11859_0_BP1A2021_150616,0,0,original
5273,S2526362__S2526362_0_BP1A2021,0,0,original
5274,S2352429__S23-52429-_-RECUT_1,0,0,original
5275,S2522980__S2522980_0_BP1A2021,0,0,original
5276,S2521239__S2521239_0_BP1A2021,0,0,original
5277,S2511006__S25-11006_0_BP1A2021_052242,0,0,original
5278,S2039743__S20-39743-C-PLHE_0,1,0,original
5279,S2427695__S24-27695-_-BIOPSY,0,0,original
5280,S2427695__S24-27695-_-BIOPSY,0,0,original
5281,S2427695__S24-27695-_-BIOPSY,0,0,original
5282,S2346179__S23-46179-_-BIOPSY,1,0,original
5283,S2535840__S2535840_0_BP1A2021,0,0,original
5284,S2513848__S25-13848_0_BP1A2021_131436,0,0,original
5285,S2530991__S2530991_0_BP1A2021,0,0,original
5286,S2521240__S2521240_0_BP1A2021,1,0,original
5287,S2531989__S2531989_0_BP1A2021,0,0,original
5288,S2409390__S2409390,0,0,original
5289,S2434918__S24-34918-_-BIOPSY,1,0,original
5290,S16-17719__S16-17719,1,0,original
5291,S2513848__S25-13848_0_BP1A2021_131436,0,0,original
5292,S2533022__S2533022_0_BP1A2021,0,0,original
5293,S2511008__S25-11008_0_BP1A2021_052339,1,0,original
5294,S2128633__S2128633--DEEP,1,0,original
5295,S16-17719__S16-17719,1,0,original
5296,S16-17719__S16-17719,1,0,original
5297,S18-18746__S18-18746,1,0,original
5298,S2039743__S20-39743-L-PLHE_1,1,0,original
5299,S2531989__S2531989_0_BP1A2021,0,0,original
5300,S2039743__S20-39743-C-PLHE_0,1,0,original
5301,S2527323__S2527323_0_BP1A2021,0,0,original
5302,S2247860__S22-47860-_-DEEP_1,1,0,original
5303,S2235518__S22-35518-_-BIOPSY,0,0,original
5304,S2511008__S25-11008_0_BP1A2021_052339,1,0,original
5305,S19-19367__S19-19367,1,0,original
5306,S2039743__S20-39743-C-PLHE_0,1,0,original
5307,S2522994__S2522994_0_BP1A2021,0,0,original
5308,S16-17719__S16-17719,1,0,original
5309,S2530991__S2530991_0_BP1A2021,0,0,original
5310,S2511008__S25-11008_0_BP1A2021_052339,1,0,original
5311,S19-19367__S19-19367,1,0,original
5312,S2521239__S2521239_0_BP1A2021,0,0,original
5313,S2434918__S24-34918-_-BIOPSY,1,0,original
5314,S2415689__S24-15689-_-BIOPSY,1,0,original
5315,S2513847__S25-13847_0_BP1A2021_131603,0,0,original
5316,S2511859__S25-11859_0_BP1A2021_150616,0,0,original
5317,S16-17719__S16-17719,1,0,original
5318,S2513847__S25-13847_0_BP1A2021_131603,0,0,original
5319,S2128633__S2128633--DEEP,1,0,original
5320,S2524760__S2524760_0_BP1A2021,0,0,original
5321,S2424258__S2424258,0,0,original
5322,S2526362__S2526362_0_BP1A2021,0,0,original
5323,S18-18746__S18-18746,1,0,original
5324,S2423618__S24-23618-_-RECUT_2,0,0,original
5325,S19-19367__S19-19367,1,0,original
5326,S2247860__S22-47860-_-DEEP_1,1,0,original
5327,S2423618__S24-23618-_-RECUT_2,0,0,original
5328,S2521240__S2521240_0_BP1A2021,1,0,original
5329,S2535840__S2535840_0_BP1A2021,0,0,original
5330,S2424250__S2424250,0,0,original
5331,S19-40316__S19-40316,1,0,original
5332,S2513847__S25-13847_0_BP1A2021_131603,0,0,original
5333,S2529112__S2529112_0_BP1A2021,0,0,original
5334,S2434918__S24-34918-_-BIOPSY,1,0,original
5335,S2434918__S24-34918-_-BIOPSY,1,0,original
5336,S2521240__S2521240_0_BP1A2021,1,0,original
5337,S2522994__S2522994_0_BP1A2021,0,0,original
5338,S16-17719__S16-17719,1,0,original
5339,S2511008__S25-11008_0_BP1A2021_052339,1,0,original
5340,S2521240__S2521240_0_BP1A2021,1,0,original
5341,S2535840__S2535840_0_BP1A2021,0,0,original
5342,S2511008__S25-11008_0_BP1A2021_052339,1,0,original
5343,S2511008__S25-11008_0_BP1A2021_052339,1,0,original
5344,S2128633__S2128633--DEEP,1,0,original
5345,S2527323__S2527323_0_BP1A2021,0,0,original
5346,S2526362__S2526362_0_BP1A2021,0,0,original
5347,S2511008__S25-11008_0_BP1A2021_052339,1,0,original
5348,S2409390__S2409390,0,0,original
5349,S2434918__S24-34918-_-BIOPSY,1,0,original
5350,S18-18746__S18-18746,1,0,original
5351,S2524760__S2524760_0_BP1A2021,0,0,original
5352,S2326329__S23-26329-_-BIOPSY,0,0,original
5353,S2526362__S2526362_0_BP1A2021,0,0,original
5354,S2039743__S20-39743-P-PLHE_3,1,0,original
5355,S2352429__S23-52429-_-BIOPSY,0,0,original
5356,S2039743__S20-39743-L-PLHE_1,1,0,original
5357,S2530991__S2530991_0_BP1A2021,0,0,original
5358,S2424258__S2424258,0,0,original
5359,S2424250__S2424250,0,0,original
5360,S2352429__S23-52429-_-BIOPSY,0,0,original
5361,S2134277__S2134277,1,0,original
5362,S2039743__S20-39743-L-PLHE_1,1,0,original
5363,S2526362__S2526362_0_BP1A2021,0,0,original
5364,S2427695__S2427695_BP1B27_C_14045_3,0,0,original
5365,S2526362__S2526362_0_BP1A2021,0,0,original
5366,S18-18746__S18-18746,1,0,original
5367,S2434918__S24-34918-_-BIOPSY,1,0,original
5368,S2039743__S20-39743-L-PLHE_1,1,0,original
5369,S2039743__S20-39743-C-PLHE_0,1,0,original
5370,S2415689__S24-15689-_-BIOPSY,1,0,original
5371,S19-40316__S19-40316,1,0,original
5372,S2521240__S2521240_0_BP1A2021,1,0,original
5373,S2513846__S25-13846_0_BP1A2021_131523,0,0,original
5374,S2513846__S25-13846_0_BP1A2021_161650,0,0,original
5375,S2346179__S23-46179-_-BIOPSY,1,0,original
5376,S2513847__S25-13847_0_BP1A2021_131603,0,0,original
5377,S2521240__S2521240_0_BP1A2021,1,0,original
5378,S2406753__S24-06753-_-DEEP_1,0,0,original
5379,S2352429__S23-52429-_-BIOPSY,0,0,original
5380,S2039743__S20-39743-C-PLHE_0,1,0,original
5381,S2513848__S25-13848_0_BP1A2021_131436,0,0,original
5382,S2522980__S2522980_0_BP1A2021,0,0,original
5383,S2346179__S23-46179-_-BIOPSY,1,0,original
5384,S2522994__S2522994_0_BP1A2021,0,0,original
5385,S2415689__S24-15689-_-BIOPSY,1,0,original
5386,S2513846__S25-13846_0_BP1A2021_161650,0,0,original
5387,S2128633__S2128633--DEEP,1,0,original
5388,S2530049__S2530049_0_BP1A2021,0,0,original
5389,S2409390__S2409390,0,0,original
5390,S2247860__S22-47860-_-DEEP_1,1,0,original
5391,S2521240__S2521240_0_BP1A2021,1,0,original
5392,S2128633__S2128633--DEEP,1,0,original
5393,S19-19367__S19-19367,1,0,original
5394,S2522980__S2522980_0_BP1A2021,0,0,original
5395,S2521240__S2521240_0_BP1A2021,1,0,original
5396,S2406038__S2406038,0,0,original
5397,S2415689__S24-15689-_-BIOPSY,1,0,original
5398,S2415689__S24-15689-_-BIOPSY,1,0,original
5399,S2535840__S2535840_0_BP1A2021,0,0,original
5400,S19-19367__S19-19367,1,0,original
5401,S2352429__S23-52429-_-BIOPSY,0,0,original
5402,S16-17719__S16-17719,1,0,original
5403,S2406038__S2406038,0,0,original
5404,S2406753__S24-06753-_-DEEP_1,0,0,original
5405,S2527323__S2527323_0_BP1A2021,0,0,original
5406,S2511006__S25-11006_0_BP1A2021_052242,0,0,original
5407,S2346179__S23-46179-_-BIOPSY,1,0,original
5408,S2039743__S20-39743-C-PLHE_0,1,0,original
5409,S2235518__S22-35518-_-BIOPSY,0,0,original
5410,S2424258__S2424258,0,0,original
5411,S2247860__S22-47860-_-DEEP_1,1,0,original
5412,S2513848__S25-13848_0_BP1A2021_131436,0,0,original
5413,S2427695__S24-27695-_-BIOPSY,0,0,original
5414,S2352429__S23-52429-_-BIOPSY,0,0,original
5415,S2511008__S25-11008_0_BP1A2021_052339,1,0,original
5416,S16-17719__S16-17719,1,0,original
5417,S2039743__S20-39743-P-PLHE_3,1,0,original
5418,S2134277__S2134277,1,0,original
5419,S16-17719__S16-17719,1,0,original
5420,S19-40063__S19-40063,0,0,original
5421,S2039743__S20-39743-P-PLHE_3,1,0,original
5422,S2128633__S2128633--DEEP,1,0,original
5423,S2530049__S2530049_0_BP1A2021,0,0,original
5424,S2529112__S2529112_0_BP1A2021,0,0,original
5425,S2247860__S22-47860-_-DEEP_1,1,0,original
5426,S2434918__S24-34918-_-BIOPSY,1,0,original
5427,S2247860__S22-47860-_-DEEP_1,1,0,original
5428,S2406038__S2406038,0,0,original
5429,S2511859__S25-11859_0_BP1A2021_150616,0,0,original
5430,S19-40316__S19-40316,1,0,original
5431,S2247860__S22-47860-_-DEEP_1,1,0,original
5432,S2521240__S2521240_0_BP1A2021,1,0,original
5433,S18-18746__S18-18746,1,0,original
5434,S2247860__S22-47860-_-DEEP_1,1,0,original
5435,S2515598__S25-15598_0__144202,0,0,original
5436,S2522980__S2522980_0_BP1A2021,0,0,original
5437,S18-18746__S18-18746,1,0,original
5438,S2535840__S2535840_0_BP1A2021,0,0,original
5439,S2530049__S2530049_0_BP1A2021,0,0,original
5440,S2513848__S25-13848_0_BP1A2021_131436,0,0,original
5441,S2535840__S2535840_0_BP1A2021,0,0,original
5442,S2513847__S25-13847_0_BP1A2021_131603,0,0,original
5443,S16-17719__S16-17719,1,0,original
5444,S2526362__S2526362_0_BP1A2021,0,0,original
5445,S2128633__S2128633--DEEP,1,0,original
5446,S2128633__S2128633--DEEP,1,0,original
5447,S2039743__S20-39743-P-PLHE_3,1,0,original
5448,S2425843__S24-25843-_-BIOPSY,0,0,original
5449,S16-17719__S16-17719,1,0,original
5450,S2427695__S24-27695-_-BIOPSY,0,0,original
5451,S2513847__S25-13847_0_BP1A2021_131603,0,0,original
5452,S2513846__S25-13846_0_BP1A2021_131523,0,0,original
5453,S19-19367__S19-19367,1,0,original
5454,S2529112__S2529112_0_BP1A2021,0,0,original
5455,S2504719__S25-04719-_-DEEP_1,0,0,original
5456,S19-19367__S19-19367,1,0,original
5457,S2513847__S25-13847_0_BP1A2021_131603,0,0,original
5458,S2039743__S20-39743-C-PLHE_0,1,0,original
5459,S2326329__S23-26329-_-BIOPSY,0,0,original
5460,S2346179__S23-46179-_-BIOPSY,1,0,original
5461,S19-40316__S19-40316,1,0,original
5462,S2530991__S2530991_0_BP1A2021,0,0,original
5463,S2513846__S25-13846_0_BP1A2021_131523,0,0,original
5464,S2424259__S2424259,0,0,original
5465,S2128633__S2128633--DEEP,1,0,original
5466,S2434918__S24-34918-_-BIOPSY,1,0,original
5467,S2424259__S2424259,0,0,original
5468,S2235518__S22-35518-_-BIOPSY,0,0,original
5469,S2434918__S24-34918-_-BIOPSY,1,0,original
5470,S2235518__S22-35518-_-BIOPSY,0,0,original
5471,S2346179__S23-46179-_-BIOPSY,1,0,original
5472,S2522994__S2522994_0_BP1A2021,0,0,original
5473,S19-40316__S19-40316,1,0,original
5474,S2531989__S2531989_0_BP1A2021,0,0,original
5475,S2128633__S2128633--DEEP,1,0,original
5476,S2346179__S23-46179-_-BIOPSY,1,0,original
5477,S2526362__S2526362_0_BP1A2021,0,0,original
5478,S2128633__S2128633--DEEP,1,0,original
5479,S2406753__S24-06753-_-DEEP_1,0,0,original
5480,S16-17719__S16-17719,1,0,original
5481,S2511859__S25-11859_0_BP1A2021_150616,0,0,original
5482,S2409390__S2409390,0,0,original
5483,S2352429__S23-52429-_-RECUT_1,0,0,original
5484,S16-17719__S16-17719,1,0,original
5485,S2511006__S25-11006_0_BP1A2021_052242,0,0,original
5486,S2511859__S25-11859_0_BP1A2021_150616,0,0,original
5487,S2434918__S24-34918-_-BIOPSY,1,0,original
5488,S2535840__S2535840_0_BP1A2021,0,0,original
5489,S2406753__S24-06753-_-SERIAL_2,0,0,original
5490,S2039743__S20-39743-L-PLHE_1,1,0,original
5491,S16-17719__S16-17719,1,0,original
5492,S2513846__S25-13846_0_BP1A2021_131523,0,0,original
5493,S17-42935__S17-42935,1,0,original
5494,S18-18746__S18-18746,1,0,original
5495,S2531989__S2531989_0_BP1A2021,0,0,original
5496,S2427695__S2427695_BP1B27_C_14045_3,0,0,original
5497,S19-40063__S19-40063,0,0,original
5498,S2434918__S24-34918-_-BIOPSY,1,0,original
5499,S2521240__S2521240_0_BP1A2021,1,0,original
5500,S2039743__S20-39743-C-PLHE_0,1,0,original
5501,S17-42935__S17-42935,1,0,original
5502,S2128633__S2128633--DEEP,1,0,original
5503,S2346179__S23-46179-_-BIOPSY,1,0,original
5504,S2513846__S25-13846_0_BP1A2021_131523,0,0,original
5505,S2346179__S23-46179-_-BIOPSY,1,0,original
5506,S2424258__S2424258,0,0,original
5507,S2511859__S25-11859_0_BP1A2021_150616,0,0,original
5508,S2406038__S2406038,0,0,original
5509,S2504719__S25-04719-_-DEEP_1,0,0,original
5510,S2424258__S2424258,0,0,original
5511,S2128633__S2128633--DEEP,1,0,original
5512,S2522994__S2522994_0_BP1A2021,0,0,original
5513,S2237603__S22-37603-_-_1,0,0,original
5514,S2134277__S2134277,1,0,original
5515,S2406753__S24-06753-_-SERIAL_2,0,0,original
5516,S2409392__S2409392,0,0,original
5517,S18-18746__S18-18746,1,0,original
5518,S2524760__S2524760_0_BP1A2021,0,0,original
5519,S2427695__S24-27695-_-BIOPSY,0,0,original
5520,S2513846__S25-13846_0_BP1A2021_131523,0,0,original
5521,S2039743__S20-39743-L-PLHE_1,1,0,original
5522,S2134277__S2134277,1,0,original
5523,S2039743__S20-39743-P-PLHE_3,1,0,original
5524,S2039743__S20-39743-C-PLHE_0,1,0,original
5525,S2406753__S24-06753-_-SERIAL_2,0,0,original
5526,S17-42935__S17-42935,1,0,original
5527,S2039743__S20-39743-P-PLHE_3,1,0,original
5528,S17-42935__S17-42935,1,0,original
5529,S2409390__S2409390,0,0,original
5530,S2424250__S2424250,0,0,original
5531,S19-19367__S19-19367,1,0,original
5532,S19-19367__S19-19367,1,0,original
5533,S2424259__S2424259,0,0,original
5534,S2235518__S22-35518-_-BIOPSY,0,0,original
5535,S2531989__S2531989_0_BP1A2021,0,0,original
5536,S2424259__S2424259,0,0,original
5537,S2513846__S25-13846_0_BP1A2021_131523,0,0,original
5538,S2247860__S22-47860-_-DEEP_1,1,0,original
5539,S2346179__S23-46179-_-BIOPSY,1,0,original
5540,S2134277__S2134277,1,0,original
5541,S2406753__S24-06753-_-DEEP_1,0,0,original
5542,S2406038__S2406038,0,0,original
5543,S2237603__S22-37603-_-_1,0,0,original
5544,S2511859__S25-11859_0_BP1A2021_150616,0,0,original
5545,S2522980__S2522980_0_BP1A2021,0,0,original
5546,S16-17719__S16-17719,1,0,original
5547,S2039743__S20-39743-L-PLHE_1,1,0,original
5548,S2128633__S2128633--DEEP,1,0,original
5549,S2526362__S2526362_0_BP1A2021,0,0,original
5550,S2511006__S25-11006_0_BP1A2021_052242,0,0,original
5551,S2530049__S2530049_0_BP1A2021,0,0,original
5552,S2128633__S2128633--DEEP,1,0,original
5553,S2039743__S20-39743-L-PLHE_1,1,0,original
5554,S2134277__S2134277,1,0,original
5555,S2039743__S20-39743-P-PLHE_3,1,0,original
5556,S2527323__S2527323_0_BP1A2021,0,0,original
5557,S17-42935__S17-42935,1,0,original
5558,S16-17719__S16-17719,1,0,original
5559,S19-40063__S19-40063,0,0,original
5560,S19-40316__S19-40316,1,0,original
5561,S2039743__S20-39743-L-PLHE_1,1,0,original
5562,S2039743__S20-39743-C-PLHE_0,1,0,original
5563,S2521240__S2521240_0_BP1A2021,1,0,original
5564,S2352429__S23-52429-_-RECUT_1,0,0,original
5565,S2346179__S23-46179-_-BIOPSY,1,0,original
5566,S19-40063__S19-40063,0,0,original
5567,S2415689__S24-15689-_-BIOPSY,1,0,original
5568,S16-17719__S16-17719,1,0,original
5569,S2406753__S24-06753-_-DEEP_1,0,0,original
5570,S2425843__S24-25843-_-BIOPSY,0,0,original
5571,S19-40063__S19-40063,0,0,original
5572,S2524760__S2524760_0_BP1A2021,0,0,original
5573,S2425843__S24-25843-_-BIOPSY,0,0,original
5574,S2039743__S20-39743-P-PLHE_3,1,0,original
5575,S2039743__S20-39743-L-PLHE_1,1,0,original
5576,S2515598__S25-15598_0__144202,0,0,original
5577,S2427695__S2427695_BP1B27_C_14045_3,0,0,original
5578,S2515598__S25-15598_0__144202,0,0,original
5579,S2409392__S2409392,0,0,original
5580,S2531989__S2531989_0_BP1A2021,0,0,original
5581,S2346179__S23-46179-_-BIOPSY,1,0,original
5582,S2535840__S2535840_0_BP1A2021,0,0,original
5583,S2352429__S23-52429-_-RECUT_1,0,0,original
5584,S2128633__S2128633--DEEP,1,0,original
5585,S2039743__S20-39743-C-PLHE_0,1,0,original
5586,S2526362__S2526362_0_BP1A2021,0,0,original
5587,S2247860__S22-47860-_-DEEP_1,1,0,original
5588,S2434918__S24-34918-_-BIOPSY,1,0,original
5589,S2533022__S2533022_0_BP1A2021,0,0,original
5590,S2134277__S2134277,1,0,original
5591,S2530049__S2530049_0_BP1A2021,0,0,original
5592,S2504719__S25-04719-_-DEEP_1,0,0,original
5593,S2237603__S22-37603-_-_1,0,0,original
5594,S2039743__S20-39743-L-PLHE_1,1,0,original
5595,S2326329__S23-26329-_-BIOPSY,0,0,original
5596,S2531989__S2531989_0_BP1A2021,0,0,original
5597,S2134277__S2134277,1,0,original
5598,S19-40063__S19-40063,0,0,original
5599,S2511006__S25-11006_0_BP1A2021_052242,0,0,original
5600,S2415689__S24-15689-_-BIOPSY,1,0,original
5601,S2511008__S25-11008_0_BP1A2021_052339,1,0,original
5602,S2511859__S25-11859_0_BP1A2021_150616,0,0,original
5603,S2346179__S23-46179-_-BIOPSY,1,0,original
5604,S2039743__S20-39743-P-PLHE_3,1,0,original
5605,S2128633__S2128633--DEEP,1,0,original
5606,S2352429__S23-52429-_-RECUT_1,0,0,original
5607,S2237603__S22-37603-_-_1,0,0,original
5608,S2039743__S20-39743-C-PLHE_0,1,0,original
5609,S16-17719__S16-17719,1,0,original
5610,S2533022__S2533022_0_BP1A2021,0,0,original
5611,S2513847__S25-13847_0_BP1A2021_131603,0,0,original
5612,S19-40316__S19-40316,1,0,original
5613,S2039743__S20-39743-C-PLHE_0,1,0,original
5614,S2530063__S2530063_0_BP1A2021,0,0,original
5615,S2346179__S23-46179-_-BIOPSY,1,0,original
5616,S2427695__S24-27695-_-BIOPSY,0,0,original
5617,S2247860__S22-47860-_-DEEP_1,1,0,original
5618,S2434918__S24-34918-_-BIOPSY,1,0,original
5619,S2406038__S2406038,0,0,original
5620,S2511859__S25-11859_0_BP1A2021_150616,0,0,original
5621,S2425843__S24-25843-_-BIOPSY,0,0,original
5622,S2415689__S24-15689-_-BIOPSY,1,0,original
5623,S2352429__S23-52429-_-RECUT_1,0,0,original
5624,S2039743__S20-39743-P-PLHE_3,1,0,original
5625,S2535840__S2535840_0_BP1A2021,0,0,original
5626,S2434918__S24-34918-_-BIOPSY,1,0,original
5627,S2522980__S2522980_0_BP1A2021,0,0,original
5628,S2406038__S2406038,0,0,original
5629,S2522994__S2522994_0_BP1A2021,0,0,original
5630,S2128633__S2128633--DEEP,1,0,original
5631,S2406753__S24-06753-_-DEEP_1,0,0,original
5632,S2134277__S2134277,1,0,original
5633,S2346179__S23-46179-_-BIOPSY,1,0,original
5634,S19-19367__S19-19367,1,0,original
5635,S19-40316__S19-40316,1,0,original
5636,S2434918__S24-34918-_-BIOPSY,1,0,original
5637,S2423618__S24-23618-_-RECUT_2,0,0,original
5638,S2521240__S2521240_0_BP1A2021,1,0,original
5639,S2346179__S23-46179-_-BIOPSY,1,0,original
5640,S2247860__S22-47860-_-DEEP_1,1,0,original
5641,S2039743__S20-39743-L-PLHE_1,1,0,original
5642,S2513846__S25-13846_0_BP1A2021_131523,0,0,original
5643,S2521239__S2521239_0_BP1A2021,0,0,original
5644,S2524760__S2524760_0_BP1A2021,0,0,original
5645,S2128633__S2128633--DEEP,1,0,original
5646,S2039743__S20-39743-C-PLHE_0,1,0,original
5647,S2511008__S25-11008_0_BP1A2021_052339,1,0,original
5648,S2531989__S2531989_0_BP1A2021,0,0,original
5649,S2346179__S23-46179-_-BIOPSY,1,0,original
5650,S2535840__S2535840_0_BP1A2021,0,0,original
5651,S2039743__S20-39743-C-PLHE_0,1,0,original
5652,S2527323__S2527323_0_BP1A2021,0,0,original
5653,S2530991__S2530991_0_BP1A2021,0,0,original
5654,S2235518__S22-35518-_-BIOPSY,0,0,original
5655,S19-40316__S19-40316,1,0,original
5656,S2346179__S23-46179-_-BIOPSY,1,0,original
5657,S2511859__S25-11859_0_BP1A2021_150616,0,0,original
5658,S2247860__S22-47860-_-DEEP_1,1,0,original
5659,S2409390__S2409390,0,0,original
5660,S2533022__S2533022_0_BP1A2021,0,0,original
5661,S2326329__S23-26329-_-BIOPSY,0,0,original
5662,S2527323__S2527323_0_BP1A2021,0,0,original
5663,S2521240__S2521240_0_BP1A2021,1,0,original
5664,S2134277__S2134277,1,0,original
5665,S2504719__S25-04719-_-DEEP_1,0,0,original
5666,S16-17719__S16-17719,1,0,original
5667,S2134277__S2134277,1,0,original
5668,S2522980__S2522980_0_BP1A2021,0,0,original
5669,S2529112__S2529112_0_BP1A2021,0,0,original
5670,S2128633__S2128633--DEEP,1,0,original
5671,S2039743__S20-39743-P-PLHE_3,1,0,original
5672,S2424250__S2424250,0,0,original
5673,S2039743__S20-39743-P-PLHE_3,1,0,original
5674,S19-40063__S19-40063,0,0,original
5675,S2511006__S25-11006_0_BP1A2021_052242,0,0,original
5676,S2039743__S20-39743-L-PLHE_1,1,0,original
5677,S19-40316__S19-40316,1,0,original
5678,S2134277__S2134277,1,0,original
5679,S2352429__S23-52429-_-BIOPSY,0,0,original
5680,S2535840__S2535840_0_BP1A2021,0,0,original
5681,S2039743__S20-39743-L-PLHE_1,1,0,original
5682,S2039743__S20-39743-L-PLHE_1,1,0,original
5683,S2406753__S24-06753-_-DEEP_1,0,0,original
5684,S16-17719__S16-17719,1,0,original
5685,S2346179__S23-46179-_-BIOPSY,1,0,original
5686,S2134277__S2134277,1,0,original
5687,S2424258__S2424258,0,0,original
5688,S2530991__S2530991_0_BP1A2021,0,0,original
5689,S19-40316__S19-40316,1,0,original
5690,S2522994__S2522994_0_BP1A2021,0,0,original
5691,S18-18746__S18-18746,1,0,original
5692,S2346179__S23-46179-_-BIOPSY,1,0,original
5693,S2524760__S2524760_0_BP1A2021,0,0,original
5694,S2039743__S20-39743-P-PLHE_3,1,0,original
5695,S2326329__S23-26329-_-BIOPSY,0,0,original
5696,S2521240__S2521240_0_BP1A2021,1,0,original
5697,S2346179__S23-46179-_-BIOPSY,1,0,original
5698,S2427695__S24-27695-_-BIOPSY,0,0,original
5699,S2526362__S2526362_0_BP1A2021,0,0,original
5700,S2531989__S2531989_0_BP1A2021,0,0,original
5701,S2513847__S25-13847_0_BP1A2021_131603,0,0,original
5702,S2530049__S2530049_0_BP1A2021,0,0,original
5703,S2511008__S25-11008_0_BP1A2021_052339,1,0,original
5704,S16-17719__S16-17719,1,0,original
5705,S2533022__S2533022_0_BP1A2021,0,0,original
5706,S2352429__S23-52429-_-RECUT_1,0,0,original
5707,S2522994__S2522994_0_BP1A2021,0,0,original
5708,S2531989__S2531989_0_BP1A2021,0,0,original
5709,S2513846__S25-13846_0_BP1A2021_131523,0,0,original
5710,S2524760__S2524760_0_BP1A2021,0,0,original
5711,S2521240__S2521240_0_BP1A2021,1,0,original
5712,S2352429__S23-52429-_-BIOPSY,0,0,original
5713,S2522980__S2522980_0_BP1A2021,0,0,original
5714,S2424250__S2424250,0,0,original
5715,S2346179__S23-46179-_-BIOPSY,1,0,original
5716,S2513846__S25-13846_0_BP1A2021_131523,0,0,original
5717,S2511008__S25-11008_0_BP1A2021_052339,1,0,original
5718,S2527323__S2527323_0_BP1A2021,0,0,original
5719,S2521240__S2521240_0_BP1A2021,1,0,original
5720,S16-17719__S16-17719,1,0,original
5721,S2128633__S2128633--DEEP,1,0,original
5722,S2530063__S2530063_0_BP1A2021,0,0,original
5723,S2247860__S22-47860-_-DEEP_1,1,0,original
5724,S17-42935__S17-42935,1,0,original
5725,S2409392__S2409392,0,0,original
5726,S2521240__S2521240_0_BP1A2021,1,0,original
5727,S2409392__S2409392,0,0,original
5728,S2434918__S24-34918-_-BIOPSY,1,0,original
5729,S2326329__S23-26329-_-BIOPSY,0,0,original
5730,S16-17719__S16-17719,1,0,original
5731,S2415689__S24-15689-_-BIOPSY,1,0,original
5732,S2530063__S2530063_0_BP1A2021,0,0,original
5733,S2237603__S22-37603-_-_1,0,0,original
5734,S2424250__S2424250,0,0,original
5735,S2039743__S20-39743-P-PLHE_3,1,0,original
5736,S2434918__S24-34918-_-BIOPSY,1,0,original
5737,S2237603__S22-37603-_-_1,0,0,original
5738,S2346179__S23-46179-_-BIOPSY,1,0,original
5739,S2247860__S22-47860-_-DEEP_1,1,0,original
5740,S2237603__S22-37603-_-_1,0,0,original
5741,S2522980__S2522980_0_BP1A2021,0,0,original
5742,S2409392__S2409392,0,0,original
5743,S2039743__S20-39743-C-PLHE_0,1,0,original
5744,S2513846__S25-13846_0_BP1A2021_161650,0,0,original
5745,S2521240__S2521240_0_BP1A2021,1,0,original
5746,S2128633__S2128633--DEEP,1,0,original
5747,S2247860__S22-47860-_-DEEP_1,1,0,original
5748,S2237603__S22-37603-_-_1,0,0,original
5749,S2424258__S2424258,0,0,original
5750,S2237603__S22-37603-_-_1,0,0,original
5751,S2434918__S24-34918-_-BIOPSY,1,0,original
5752,S2504719__S25-04719-_-DEEP_1,0,0,original
5753,S2235518__S22-35518-_-BIOPSY,0,0,original
5754,S2128633__S2128633--DEEP,1,0,original
5755,S2427695__S2427695_BP1B27_C_14045_3,0,0,original
5756,S2427695__S24-27695-_-BIOPSY,0,0,original
5757,S2039743__S20-39743-L-PLHE_1,1,0,original
5758,S2434918__S24-34918-_-BIOPSY,1,0,original
5759,S2530049__S2530049_0_BP1A2021,0,0,original
5760,S2521240__S2521240_0_BP1A2021,1,0,original
5761,S2424250__S2424250,0,0,original
5762,S2515598__S25-15598_0__144202,0,0,original
5763,S2513847__S25-13847_0_BP1A2021_131603,0,0,original
5764,S2524760__S2524760_0_BP1A2021,0,0,original
5765,S2513847__S25-13847_0_BP1A2021_131603,0,0,original
5766,S18-18746__S18-18746,1,0,original
5767,S2326329__S23-26329-_-BIOPSY,0,0,original
5768,S2511008__S25-11008_0_BP1A2021_052339,1,0,original
5769,S2039743__S20-39743-P-PLHE_3,1,0,original
5770,S2409392__S2409392,0,0,original
5771,S2527323__S2527323_0_BP1A2021,0,0,original
5772,S17-42935__S17-42935,1,0,original
5773,S2527323__S2527323_0_BP1A2021,0,0,original
5774,S2346179__S23-46179-_-BIOPSY,1,0,original
5775,S2346179__S23-46179-_-BIOPSY,1,0,original
5776,S2521240__S2521240_0_BP1A2021,1,0,original
5777,S2530063__S2530063_0_BP1A2021,0,0,original
5778,S2511008__S25-11008_0_BP1A2021_052339,1,0,original
5779,S2409392__S2409392,0,0,original
5780,S2415689__S24-15689-_-BIOPSY,1,0,original
5781,S2511008__S25-11008_0_BP1A2021_052339,1,0,original
5782,S2425843__S24-25843-_-BIOPSY,0,0,original
5783,S2521239__S2521239_0_BP1A2021,0,0,original
5784,S2346179__S23-46179-_-BIOPSY,1,0,original
5785,S19-40316__S19-40316,1,0,original
5786,S2134277__S2134277,1,0,original
5787,S2409390__S2409390,0,0,original
5788,S2406038__S2406038,0,0,original
5789,S2530049__S2530049_0_BP1A2021,0,0,original
5790,S16-17719__S16-17719,1,0,original
5791,S2235518__S22-35518-_-BIOPSY,0,0,original
5792,S2406038__S2406038,0,0,original
5793,S2039743__S20-39743-C-PLHE_0,1,0,original
5794,S16-17719__S16-17719,1,0,original
5795,S2425843__S24-25843-_-BIOPSY,0,0,original
5796,S2128633__S2128633--DEEP,1,0,original
5797,S2511859__S25-11859_0_BP1A2021_150616,0,0,original
5798,S2434918__S24-34918-_-BIOPSY,1,0,original
5799,S2511006__S25-11006_0_BP1A2021_052242,0,0,original
5800,S2515598__S25-15598_0__144202,0,0,original
5801,S2533022__S2533022_0_BP1A2021,0,0,original
5802,S16-17719__S16-17719,1,0,original
5803,S2039743__S20-39743-P-PLHE_3,1,0,original
5804,S2423618__S24-23618-_-RECUT_2,0,0,original
5805,S2513846__S25-13846_0_BP1A2021_131523,0,0,original
5806,S2530063__S2530063_0_BP1A2021,0,0,original
5807,S2533022__S2533022_0_BP1A2021,0,0,original
5808,S2531989__S2531989_0_BP1A2021,0,0,original
5809,S2511006__S25-11006_0_BP1A2021_052242,0,0,original
5810,S2134277__S2134277,1,0,original
5811,S2535840__S2535840_0_BP1A2021,0,0,original
5812,S19-40063__S19-40063,0,0,original
5813,S2406753__S24-06753-_-SERIAL_2,0,0,original
5814,S2527323__S2527323_0_BP1A2021,0,0,original
5815,S2237603__S22-37603-_-_1,0,0,original
5816,S2511859__S25-11859_0_BP1A2021_150616,0,0,original
5817,S2522994__S2522994_0_BP1A2021,0,0,original
5818,S2530063__S2530063_0_BP1A2021,0,0,original
5819,S2434918__S24-34918-_-BIOPSY,1,0,original
5820,S2533022__S2533022_0_BP1A2021,0,0,original
5821,S2522994__S2522994_0_BP1A2021,0,0,original
5822,S2409390__S2409390,0,0,original
5823,S2527323__S2527323_0_BP1A2021,0,0,original
5824,S2521239__S2521239_0_BP1A2021,0,0,original
5825,S2039743__S20-39743-P-PLHE_3,1,0,original
5826,S18-18746__S18-18746,1,0,original
5827,S2513846__S25-13846_0_BP1A2021_161650,0,0,original
5828,S19-19367__S19-19367,1,0,original
5829,S2511008__S25-11008_0_BP1A2021_052339,1,0,original
5830,S2515598__S25-15598_0__144202,0,0,original
5831,S2406753__S24-06753-_-SERIAL_2,0,0,original
5832,S16-17719__S16-17719,1,0,original
5833,S2427695__S2427695_BP1B27_C_14045_3,0,0,original
5834,S2434918__S24-34918-_-BIOPSY,1,0,original
5835,S2039743__S20-39743-C-PLHE_0,1,0,original
5836,S2521240__S2521240_0_BP1A2021,1,0,original
5837,S16-17719__S16-17719,1,0,original
5838,S2039743__S20-39743-L-PLHE_1,1,0,original
5839,S2039743__S20-39743-C-PLHE_0,1,0,original
5840,S18-18746__S18-18746,1,0,original
5841,S2434918__S24-34918-_-BIOPSY,1,0,original
5842,S19-19367__S19-19367,1,0,original
5843,S17-42935__S17-42935,1,0,original
5844,S2039743__S20-39743-C-PLHE_0,1,0,original
5845,S2511006__S25-11006_0_BP1A2021_052242,0,0,original
5846,S2535840__S2535840_0_BP1A2021,0,0,original
5847,S2424258__S2424258,0,0,original
5848,S2527323__S2527323_0_BP1A2021,0,0,original
5849,S2513846__S25-13846_0_BP1A2021_161650,0,0,original
5850,S2513846__S25-13846_0_BP1A2021_131523,0,0,original
5851,S2352429__S23-52429-_-BIOPSY,0,0,original
5852,S2533022__S2533022_0_BP1A2021,0,0,original
5853,S2406753__S24-06753-_-DEEP_1,0,0,original
5854,S2511008__S25-11008_0_BP1A2021_052339,1,0,original
5855,S2039743__S20-39743-P-PLHE_3,1,0,original
5856,S2530063__S2530063_0_BP1A2021,0,0,original
5857,S2513848__S25-13848_0_BP1A2021_131436,0,0,original
5858,S2427695__S2427695_BP1B27_C_14045_3,0,0,original
5859,S2513848__S25-13848_0_BP1A2021_131436,0,0,original
5860,S19-40316__S19-40316,1,0,original
5861,S2406753__S24-06753-_-DEEP_1,0,0,original
5862,S2352429__S23-52429-_-RECUT_1,0,0,original
5863,S19-40316__S19-40316,1,0,original
5864,S2513846__S25-13846_0_BP1A2021_161650,0,0,original
5865,S2521240__S2521240_0_BP1A2021,1,0,original
5866,S2513848__S25-13848_0_BP1A2021_131436,0,0,original
5867,S2352429__S23-52429-_-RECUT_1,0,0,original
5868,S2237603__S22-37603-_-_1,0,0,original
5869,S2434918__S24-34918-_-BIOPSY,1,0,original
5870,S2531989__S2531989_0_BP1A2021,0,0,original
5871,S2134277__S2134277,1,0,original
5872,S2529112__S2529112_0_BP1A2021,0,0,original
5873,S2521240__S2521240_0_BP1A2021,1,0,original
5874,S2513848__S25-13848_0_BP1A2021_131436,0,0,original
5875,S2511859__S25-11859_0_BP1A2021_150616,0,0,original
5876,S2352429__S23-52429-_-RECUT_1,0,0,original
5877,S2526362__S2526362_0_BP1A2021,0,0,original
5878,S2039743__S20-39743-P-PLHE_3,1,0,original
5879,S2511008__S25-11008_0_BP1A2021_052339,1,0,original
5880,S2423618__S24-23618-_-RECUT_2,0,0,original
5881,S2247860__S22-47860-_-DEEP_1,1,0,original
5882,S2039743__S20-39743-C-PLHE_0,1,0,original
5883,S2511008__S25-11008_0_BP1A2021_052339,1,0,original
5884,S2515598__S25-15598_0__144202,0,0,original
5885,S2434918__S24-34918-_-BIOPSY,1,0,original
5886,S18-18746__S18-18746,1,0,original
5887,S2039743__S20-39743-C-PLHE_0,1,0,original
5888,S2134277__S2134277,1,0,original
5889,S2352429__S23-52429-_-RECUT_1,0,0,original
5890,S17-42935__S17-42935,1,0,original
5891,S2526362__S2526362_0_BP1A2021,0,0,original
5892,S19-40316__S19-40316,1,0,original
5893,S19-40316__S19-40316,1,0,original
5894,S2424259__S2424259,0,0,original
5895,S2513846__S25-13846_0_BP1A2021_131523,0,0,original
5896,S2427695__S24-27695-_-BIOPSY,0,0,original
5897,S2524760__S2524760_0_BP1A2021,0,0,original
5898,S2424259__S2424259,0,0,original
5899,S2427695__S2427695_BP1B27_C_14045_3,0,0,original
5900,S2425843__S24-25843-_-BIOPSY,0,0,original
5901,S2134277__S2134277,1,0,original
5902,S2522994__S2522994_0_BP1A2021,0,0,original
5903,S2039743__S20-39743-P-PLHE_3,1,0,original
5904,S2039743__S20-39743-P-PLHE_3,1,0,original
5905,S2427695__S24-27695-_-BIOPSY,0,0,original
5906,S2513848__S25-13848_0_BP1A2021_131436,0,0,original
5907,S18-18746__S18-18746,1,0,original
5908,S2352429__S23-52429-_-BIOPSY,0,0,original
5909,S2326329__S23-26329-_-BIOPSY,0,0,original
5910,S19-19367__S19-19367,1,0,original
5911,S19-19367__S19-19367,1,0,original
5912,S2237603__S22-37603-_-_1,0,0,original
5913,S2346179__S23-46179-_-BIOPSY,1,0,original
5914,S19-40316__S19-40316,1,0,original
5915,S2526362__S2526362_0_BP1A2021,0,0,original
5916,S2406038__S2406038,0,0,original
5917,S2346179__S23-46179-_-BIOPSY,1,0,original
5918,S2352429__S23-52429-_-RECUT_1,0,0,original
5919,S2039743__S20-39743-P-PLHE_3,1,0,original
5920,S2424250__S2424250,0,0,original
5921,S2531989__S2531989_0_BP1A2021,0,0,original
5922,S2529112__S2529112_0_BP1A2021,0,0,original
5923,S17-42935__S17-42935,1,0,original
5924,S2530049__S2530049_0_BP1A2021,0,0,original
5925,S17-42935__S17-42935,1,0,original
5926,S2039743__S20-39743-C-PLHE_0,1,0,original
5927,S2346179__S23-46179-_-BIOPSY,1,0,original
5928,S2247860__S22-47860-_-DEEP_1,1,0,original
5929,S2406753__S24-06753-_-SERIAL_2,0,0,original
5930,S2511008__S25-11008_0_BP1A2021_052339,1,0,original
5931,S2434918__S24-34918-_-BIOPSY,1,0,original
5932,S2134277__S2134277,1,0,original
5933,S2247860__S22-47860-_-DEEP_1,1,0,original
5934,S2424259__S2424259,0,0,original
5935,S2128633__S2128633--DEEP,1,0,original
5936,S2128633__S2128633--DEEP,1,0,original
5937,S16-17719__S16-17719,1,0,original
5938,S2535840__S2535840_0_BP1A2021,0,0,original
5939,S2524760__S2524760_0_BP1A2021,0,0,original
5940,S2531989__S2531989_0_BP1A2021,0,0,original
5941,S2526362__S2526362_0_BP1A2021,0,0,original
5942,S16-17719__S16-17719,1,0,original
5943,S2039743__S20-39743-L-PLHE_1,1,0,original
5944,S2521240__S2521240_0_BP1A2021,1,0,original
5945,S2424250__S2424250,0,0,original
5946,S2513846__S25-13846_0_BP1A2021_161650,0,0,original
5947,S18-18746__S18-18746,1,0,original
5948,S2039743__S20-39743-P-PLHE_3,1,0,original
5949,S2511006__S25-11006_0_BP1A2021_052242,0,0,original
5950,S2406753__S24-06753-_-DEEP_1,0,0,original
5951,S2521240__S2521240_0_BP1A2021,1,0,original
5952,S2406038__S2406038,0,0,original
5953,S2434918__S24-34918-_-BIOPSY,1,0,original
5954,S2409392__S2409392,0,0,original
5955,S2352429__S23-52429-_-RECUT_1,0,0,original
5956,S2524760__S2524760_0_BP1A2021,0,0,original
5957,S2515598__S25-15598_0__144202,0,0,original
5958,S2529112__S2529112_0_BP1A2021,0,0,original
5959,S2406753__S24-06753-_-SERIAL_2,0,0,original
5960,S2247860__S22-47860-_-DEEP_1,1,0,original
5961,S16-17719__S16-17719,1,0,original
5962,S2134277__S2134277,1,0,original
5963,S19-40316__S19-40316,1,0,original
5964,S16-17719__S16-17719,1,0,original
5965,S2530063__S2530063_0_BP1A2021,0,0,original
5966,S2128633__S2128633--DEEP,1,0,original
5967,S2526362__S2526362_0_BP1A2021,0,0,original
5968,S2409392__S2409392,0,0,original
5969,S2521240__S2521240_0_BP1A2021,1,0,original
5970,S2247860__S22-47860-_-DEEP_1,1,0,original
5971,S2427695__S24-27695-_-BIOPSY,0,0,original
5972,S2039743__S20-39743-C-PLHE_0,1,0,original
5973,S2039743__S20-39743-L-PLHE_1,1,0,original
5974,S2134277__S2134277,1,0,original
5975,S2530063__S2530063_0_BP1A2021,0,0,original
5976,S2039743__S20-39743-L-PLHE_1,1,0,original
5977,S2352429__S23-52429-_-BIOPSY,0,0,original
5978,S2530063__S2530063_0_BP1A2021,0,0,original
5979,S2529112__S2529112_0_BP1A2021,0,0,original
5980,S17-42935__S17-42935,1,0,original
5981,S2522980__S2522980_0_BP1A2021,0,0,original
5982,S2513846__S25-13846_0_BP1A2021_131523,0,0,original
5983,S2529112__S2529112_0_BP1A2021,0,0,original
5984,S2128633__S2128633--DEEP,1,0,original
5985,S16-17719__S16-17719,1,0,original
5986,S2513846__S25-13846_0_BP1A2021_131523,0,0,original
5987,S2134277__S2134277,1,0,original
5988,S2406038__S2406038,0,0,original
5989,S2531989__S2531989_0_BP1A2021,0,0,original
5990,S2434918__S24-34918-_-BIOPSY,1,0,original
5991,S2039743__S20-39743-L-PLHE_1,1,0,original
5992,S18-18746__S18-18746,1,0,original
5993,S2513846__S25-13846_0_BP1A2021_161650,0,0,original
5994,S19-40316__S19-40316,1,0,original
5995,S2409390__S2409390,0,0,original
5996,S2128633__S2128633--DEEP,1,0,original
5997,S2346179__S23-46179-_-BIOPSY,1,0,original
5998,S2424250__S2424250,0,0,original
5999,S2530063__S2530063_0_BP1A2021,0,0,original
6000,S2521239__S2521239_0_BP1A2021,0,0,original
6001,S2424250__S2424250,0,0,original
6002,S2434918__S24-34918-_-BIOPSY,1,0,original
6003,S2513848__S25-13848_0_BP1A2021_131436,0,0,original
6004,S2524760__S2524760_0_BP1A2021,0,0,original
6005,S2425843__S24-25843-_-BIOPSY,0,0,original
6006,S2513846__S25-13846_0_BP1A2021_161650,0,0,original
6007,S2424250__S2424250,0,0,original
6008,S2530049__S2530049_0_BP1A2021,0,0,original
6009,S19-19367__S19-19367,1,0,original
6010,S2511006__S25-11006_0_BP1A2021_052242,0,0,original
6011,S2423618__S24-23618-_-RECUT_2,0,0,original
6012,S2406038__S2406038,0,0,original
6013,S2511859__S25-11859_0_BP1A2021_150616,0,0,original
6014,S2423618__S24-23618-_-RECUT_2,0,0,original
6015,S19-40316__S19-40316,1,0,original
6016,S2434918__S24-34918-_-BIOPSY,1,0,original
6017,S2530063__S2530063_0_BP1A2021,0,0,original
6018,S2511008__S25-11008_0_BP1A2021_052339,1,0,original
6019,S2039743__S20-39743-P-PLHE_3,1,0,original
6020,S17-42935__S17-42935,1,0,original
6021,S2531989__S2531989_0_BP1A2021,0,0,original
6022,S17-42935__S17-42935,1,0,original
6023,S2424250__S2424250,0,0,original
6024,S2504719__S25-04719-_-DEEP_1,0,0,original
6025,S2247860__S22-47860-_-DEEP_1,1,0,original
6026,S2247860__S22-47860-_-DEEP_1,1,0,original
6027,S2511859__S25-11859_0_BP1A2021_150616,0,0,original
6028,S2533022__S2533022_0_BP1A2021,0,0,original
6029,S2039743__S20-39743-L-PLHE_1,1,0,original
6030,S2237603__S22-37603-_-_1,0,0,original
6031,S2424250__S2424250,0,0,original
6032,S16-17719__S16-17719,1,0,original
6033,S2346179__S23-46179-_-BIOPSY,1,0,original
6034,S2406038__S2406038,0,0,original
6035,S2039743__S20-39743-L-PLHE_1,1,0,original
6036,S2406753__S24-06753-_-SERIAL_2,0,0,original
6037,S16-17719__S16-17719,1,0,original
6038,S2522994__S2522994_0_BP1A2021,0,0,original
6039,S2346179__S23-46179-_-BIOPSY,1,0,original
6040,S2346179__S23-46179-_-BIOPSY,1,0,original
6041,S19-19367__S19-19367,1,0,original
6042,S16-17719__S16-17719,1,0,original
6043,S2521240__S2521240_0_BP1A2021,1,0,original
6044,S2522994__S2522994_0_BP1A2021,0,0,original
6045,S2521239__S2521239_0_BP1A2021,0,0,original
6046,S2524760__S2524760_0_BP1A2021,0,0,original
6047,S16-17719__S16-17719,1,0,original
6048,S2522994__S2522994_0_BP1A2021,0,0,original
6049,S2521240__S2521240_0_BP1A2021,1,0,original
6050,S17-42935__S17-42935,1,0,original
6051,S2406038__S2406038,0,0,original
6052,S2522980__S2522980_0_BP1A2021,0,0,original
6053,S2039743__S20-39743-L-PLHE_1,1,0,original
6054,S2531989__S2531989_0_BP1A2021,0,0,original
6055,S2521240__S2521240_0_BP1A2021,1,0,original
6056,S2522980__S2522980_0_BP1A2021,0,0,original
6057,S2511859__S25-11859_0_BP1A2021_150616,0,0,original
6058,S2415689__S24-15689-_-BIOPSY,1,0,original
6059,S2530049__S2530049_0_BP1A2021,0,0,original
6060,S2513847__S25-13847_0_BP1A2021_131603,0,0,original
6061,S2134277__S2134277,1,0,original
6062,S16-17719__S16-17719,1,0,original
6063,S2406038__S2406038,0,0,original
6064,S2504719__S25-04719-_-DEEP_1,0,0,original
6065,S2415689__S24-15689-_-BIOPSY,1,0,original
6066,S2039743__S20-39743-P-PLHE_3,1,0,original
6067,S2511859__S25-11859_0_BP1A2021_150616,0,0,original
6068,S2346179__S23-46179-_-BIOPSY,1,0,original
6069,S2524760__S2524760_0_BP1A2021,0,0,original
6070,S2427695__S24-27695-_-BIOPSY,0,0,original
6071,S2039743__S20-39743-P-PLHE_3,1,0,original
6072,S2039743__S20-39743-C-PLHE_0,1,0,original
6073,S2326329__S23-26329-_-BIOPSY,0,0,original
6074,S2039743__S20-39743-L-PLHE_1,1,0,original
6075,S2134277__S2134277,1,0,original
6076,S2530063__S2530063_0_BP1A2021,0,0,original
6077,S2527323__S2527323_0_BP1A2021,0,0,original
6078,S2346179__S23-46179-_-BIOPSY,1,0,original
6079,S2039743__S20-39743-L-PLHE_1,1,0,original
6080,S2406038__S2406038,0,0,original
6081,S2530063__S2530063_0_BP1A2021,0,0,original
6082,S2535840__S2535840_0_BP1A2021,0,0,original
6083,S2406753__S24-06753-_-SERIAL_2,0,0,original
6084,S2527323__S2527323_0_BP1A2021,0,0,original
6085,S2425843__S24-25843-_-BIOPSY,0,0,original
6086,S2415689__S24-15689-_-BIOPSY,1,0,original
6087,S2128633__S2128633--DEEP,1,0,original
6088,S2535840__S2535840_0_BP1A2021,0,0,original
6089,S19-40316__S19-40316,1,0,original
6090,S2128633__S2128633--DEEP,1,0,original
6091,S2526362__S2526362_0_BP1A2021,0,0,original
6092,S2511008__S25-11008_0_BP1A2021_052339,1,0,original
6093,S2039743__S20-39743-L-PLHE_1,1,0,original
6094,S2522994__S2522994_0_BP1A2021,0,0,original
6095,S2237603__S22-37603-_-_1,0,0,original
6096,S19-40063__S19-40063,0,0,original
6097,S2128633__S2128633--DEEP,1,0,original
6098,S2533022__S2533022_0_BP1A2021,0,0,original
6099,S16-17719__S16-17719,1,0,original
6100,S2521240__S2521240_0_BP1A2021,1,0,original
6101,S2352429__S23-52429-_-BIOPSY,0,0,original
6102,S2247860__S22-47860-_-DEEP_1,1,0,original
6103,S19-19367__S19-19367,1,0,original
6104,S2346179__S23-46179-_-BIOPSY,1,0,original
6105,S17-42935__S17-42935,1,0,original
6106,S2434918__S24-34918-_-BIOPSY,1,0,original
6107,S2424250__S2424250,0,0,original
6108,S2134277__S2134277,1,0,original
6109,S2346179__S23-46179-_-BIOPSY,1,0,original
6110,S2128633__S2128633--DEEP,1,0,original
6111,S2521240__S2521240_0_BP1A2021,1,0,original
6112,S2424250__S2424250,0,0,original
6113,S2039743__S20-39743-L-PLHE_1,1,0,original
6114,S2513846__S25-13846_0_BP1A2021_131523,0,0,original
6115,S2530063__S2530063_0_BP1A2021,0,0,original
6116,S2134277__S2134277,1,0,original
6117,S2531989__S2531989_0_BP1A2021,0,0,original
6118,S2352429__S23-52429-_-BIOPSY,0,0,original
6119,S2409392__S2409392,0,0,original
6120,S2128633__S2128633--DEEP,1,0,original
6121,S2434918__S24-34918-_-BIOPSY,1,0,original
6122,S2529112__S2529112_0_BP1A2021,0,0,original
6123,S2039743__S20-39743-P-PLHE_3,1,0,original
6124,S2427695__S2427695_BP1B27_C_14045_3,0,0,original
6125,S2237603__S22-37603-_-_1,0,0,original
6126,S2533022__S2533022_0_BP1A2021,0,0,original
6127,S19-19367__S19-19367,1,0,original
6128,S2434918__S24-34918-_-BIOPSY,1,0,original
6129,S2427695__S24-27695-_-BIOPSY,0,0,original
6130,S16-17719__S16-17719,1,0,original
6131,S16-17719__S16-17719,1,0,original
6132,S2128633__S2128633--DEEP,1,0,original
6133,S2524760__S2524760_0_BP1A2021,0,0,original
6134,S17-42935__S17-42935,1,0,original
6135,S2406753__S24-06753-_-SERIAL_2,0,0,original
6136,S2527323__S2527323_0_BP1A2021,0,0,original
6137,S2134277__S2134277,1,0,original
6138,S2039743__S20-39743-C-PLHE_0,1,0,original
6139,S2039743__S20-39743-L-PLHE_1,1,0,original
6140,S2535840__S2535840_0_BP1A2021,0,0,original
6141,S2128633__S2128633--DEEP,1,0,original
6142,S2522980__S2522980_0_BP1A2021,0,0,original
6143,S2427695__S24-27695-_-BIOPSY,0,0,original
6144,S2511006__S25-11006_0_BP1A2021_052242,0,0,original
6145,S2415689__S24-15689-_-BIOPSY,1,0,original
6146,S2526362__S2526362_0_BP1A2021,0,0,original
6147,S2511006__S25-11006_0_BP1A2021_052242,0,0,original
6148,S2434918__S24-34918-_-BIOPSY,1,0,original
6149,S18-18746__S18-18746,1,0,original
6150,S2352429__S23-52429-_-RECUT_1,0,0,original
6151,S2513846__S25-13846_0_BP1A2021_131523,0,0,original
6152,S19-19367__S19-19367,1,0,original
6153,S17-42935__S17-42935,1,0,original
6154,S2424250__S2424250,0,0,original
6155,S2406753__S24-06753-_-SERIAL_2,0,0,original
6156,S2527323__S2527323_0_BP1A2021,0,0,original
6157,S2406753__S24-06753-_-SERIAL_2,0,0,original
6158,S2134277__S2134277,1,0,original
6159,S16-17719__S16-17719,1,0,original
6160,S2409392__S2409392,0,0,original
6161,S2409392__S2409392,0,0,original
6162,S18-18746__S18-18746,1,0,original
6163,S2247860__S22-47860-_-DEEP_1,1,0,original
6164,S2511006__S25-11006_0_BP1A2021_052242,0,0,original
6165,S2134277__S2134277,1,0,original
6166,S2406753__S24-06753-_-SERIAL_2,0,0,original
6167,S18-18746__S18-18746,1,0,original
6168,S2409392__S2409392,0,0,original
6169,S2406038__S2406038,0,0,original
6170,S2423618__S24-23618-_-RECUT_2,0,0,original
6171,S2352429__S23-52429-_-RECUT_1,0,0,original
6172,S2533022__S2533022_0_BP1A2021,0,0,original
6173,S2247860__S22-47860-_-DEEP_1,1,0,original
6174,S2526362__S2526362_0_BP1A2021,0,0,original
6175,S2527323__S2527323_0_BP1A2021,0,0,original
6176,S2039743__S20-39743-C-PLHE_0,1,0,original
6177,S17-42935__S17-42935,1,0,original
6178,S2513848__S25-13848_0_BP1A2021_131436,0,0,original
6179,S2237603__S22-37603-_-_1,0,0,original
6180,S2039743__S20-39743-C-PLHE_0,1,0,original
6181,S2527323__S2527323_0_BP1A2021,0,0,original
6182,S2511008__S25-11008_0_BP1A2021_052339,1,0,original
6183,S2415689__S24-15689-_-BIOPSY,1,0,original
6184,S2039743__S20-39743-L-PLHE_1,1,0,original
6185,S2513848__S25-13848_0_BP1A2021_131436,0,0,original
6186,S19-40316__S19-40316,1,0,original
6187,S2434918__S24-34918-_-BIOPSY,1,0,original
6188,S2247860__S22-47860-_-DEEP_1,1,0,original
6189,S2039743__S20-39743-C-PLHE_0,1,0,original
6190,S2526362__S2526362_0_BP1A2021,0,0,original
6191,S2521240__S2521240_0_BP1A2021,1,0,original
6192,S2513848__S25-13848_0_BP1A2021_131436,0,0,original
6193,S2128633__S2128633--DEEP,1,0,original
6194,S2039743__S20-39743-P-PLHE_3,1,0,original
6195,S2513846__S25-13846_0_BP1A2021_131523,0,0,original
6196,S2524760__S2524760_0_BP1A2021,0,0,original
6197,S2247860__S22-47860-_-DEEP_1,1,0,original
6198,S2530063__S2530063_0_BP1A2021,0,0,original
6199,S2424259__S2424259,0,0,original
6200,S2406753__S24-06753-_-DEEP_1,0,0,original
6201,S2039743__S20-39743-L-PLHE_1,1,0,original
6202,S2427695__S2427695_BP1B27_C_14045_3,0,0,original
6203,S2511006__S25-11006_0_BP1A2021_052242,0,0,original
6204,S2513847__S25-13847_0_BP1A2021_131603,0,0,original
6205,S2511006__S25-11006_0_BP1A2021_052242,0,0,original
6206,S16-17719__S16-17719,1,0,original
6207,S2530063__S2530063_0_BP1A2021,0,0,original
6208,S2434918__S24-34918-_-BIOPSY,1,0,original
6209,S2424258__S2424258,0,0,original
6210,S2134277__S2134277,1,0,original
6211,S2526362__S2526362_0_BP1A2021,0,0,original
6212,S2039743__S20-39743-C-PLHE_0,1,0,original
6213,S2521240__S2521240_0_BP1A2021,1,0,original
6214,S19-19367__S19-19367,1,0,original
6215,S16-17719__S16-17719,1,0,original
6216,S2521239__S2521239_0_BP1A2021,0,0,original
6217,S2427695__S2427695_BP1B27_C_14045_3,0,0,original
6218,S2513846__S25-13846_0_BP1A2021_131523,0,0,original
6219,S2134277__S2134277,1,0,original
6220,S2515598__S25-15598_0__144202,0,0,original
6221,S19-19367__S19-19367,1,0,original
6222,S19-19367__S19-19367,1,0,original
6223,S2434918__S24-34918-_-BIOPSY,1,0,original
6224,S2527323__S2527323_0_BP1A2021,0,0,original
6225,S2427695__S2427695_BP1B27_C_14045_3,0,0,original
6226,S2352429__S23-52429-_-BIOPSY,0,0,original
6227,S2128633__S2128633--DEEP,1,0,original
6228,S2247860__S22-47860-_-DEEP_1,1,0,original
6229,S2134277__S2134277,1,0,original
6230,S2511859__S25-11859_0_BP1A2021_150616,0,0,original
6231,S2530063__S2530063_0_BP1A2021,0,0,original
6232,S2521239__S2521239_0_BP1A2021,0,0,original
6233,S2526362__S2526362_0_BP1A2021,0,0,original
6234,S2247860__S22-47860-_-DEEP_1,1,0,original
6235,S17-42935__S17-42935,1,0,original
6236,S2406753__S24-06753-_-SERIAL_2,0,0,original
6237,S2511859__S25-11859_0_BP1A2021_150616,0,0,original
6238,S2427695__S2427695_BP1B27_C_14045_3,0,0,original
6239,S19-19367__S19-19367,1,0,original
6240,S2039743__S20-39743-P-PLHE_3,1,0,original
6241,S2527323__S2527323_0_BP1A2021,0,0,original
6242,S2434918__S24-34918-_-BIOPSY,1,0,original
6243,S2346179__S23-46179-_-BIOPSY,1,0,original
6244,S2134277__S2134277,1,0,original
6245,S2504719__S25-04719-_-DEEP_1,0,0,original
6246,S2424250__S2424250,0,0,original
6247,S19-19367__S19-19367,1,0,original
6248,S2504719__S25-04719-_-DEEP_1,0,0,original
6249,S17-42935__S17-42935,1,0,original
6250,S2247860__S22-47860-_-DEEP_1,1,0,original
6251,S2533022__S2533022_0_BP1A2021,0,0,original
6252,S2530049__S2530049_0_BP1A2021,0,0,original
6253,S2531989__S2531989_0_BP1A2021,0,0,original
6254,S2039743__S20-39743-L-PLHE_1,1,0,original
6255,S2415689__S24-15689-_-BIOPSY,1,0,original
6256,S19-19367__S19-19367,1,0,original
6257,S2352429__S23-52429-_-BIOPSY,0,0,original
6258,S2409390__S2409390,0,0,original
6259,S19-19367__S19-19367,1,0,original
6260,S2128633__S2128633--DEEP,1,0,original
6261,S17-42935__S17-42935,1,0,original
6262,S2513847__S25-13847_0_BP1A2021_131603,0,0,original
6263,S2406753__S24-06753-_-SERIAL_2,0,0,original
6264,S2237603__S22-37603-_-_1,0,0,original
6265,S2511008__S25-11008_0_BP1A2021_052339,1,0,original
6266,S2406753__S24-06753-_-SERIAL_2,0,0,original
6267,S2527323__S2527323_0_BP1A2021,0,0,original
6268,S2235518__S22-35518-_-BIOPSY,0,0,original
6269,S17-42935__S17-42935,1,0,original
6270,S18-18746__S18-18746,1,0,original
6271,S17-42935__S17-42935,1,0,original
6272,S2406038__S2406038,0,0,original
6273,S2427695__S24-27695-_-BIOPSY,0,0,original
6274,S2513846__S25-13846_0_BP1A2021_131523,0,0,original
6275,S16-17719__S16-17719,1,0,original
6276,S2424259__S2424259,0,0,original
6277,S19-19367__S19-19367,1,0,original
6278,S2513846__S25-13846_0_BP1A2021_161650,0,0,original
6279,S2504719__S25-04719-_-DEEP_1,0,0,original
6280,S19-40316__S19-40316,1,0,original
6281,S2427695__S24-27695-_-BIOPSY,0,0,original
6282,S2415689__S24-15689-_-BIOPSY,1,0,original
6283,S2427695__S24-27695-_-BIOPSY,0,0,original
6284,S2513846__S25-13846_0_BP1A2021_161650,0,0,original
6285,S2424250__S2424250,0,0,original
6286,S2535840__S2535840_0_BP1A2021,0,0,original
6287,S2526362__S2526362_0_BP1A2021,0,0,original
6288,S2352429__S23-52429-_-RECUT_1,0,0,original
6289,S19-19367__S19-19367,1,0,original
6290,S2039743__S20-39743-P-PLHE_3,1,0,original
6291,S2415689__S24-15689-_-BIOPSY,1,0,original
6292,S2521240__S2521240_0_BP1A2021,1,0,original
6293,S19-40316__S19-40316,1,0,original
6294,S2513846__S25-13846_0_BP1A2021_131523,0,0,original
6295,S2409390__S2409390,0,0,original
6296,S2406753__S24-06753-_-DEEP_1,0,0,original
6297,S2406753__S24-06753-_-DEEP_1,0,0,original
6298,S17-42935__S17-42935,1,0,original
6299,S2406038__S2406038,0,0,original
6300,S2511859__S25-11859_0_BP1A2021_150616,0,0,original
6301,S2039743__S20-39743-C-PLHE_0,1,0,original
6302,S2425843__S24-25843-_-BIOPSY,0,0,original
6303,S2352429__S23-52429-_-RECUT_1,0,0,original
6304,S2434918__S24-34918-_-BIOPSY,1,0,original
6305,S2526362__S2526362_0_BP1A2021,0,0,original
6306,S2424250__S2424250,0,0,original
6307,S2039743__S20-39743-L-PLHE_1,1,0,original
6308,S2406038__S2406038,0,0,original
6309,S2535840__S2535840_0_BP1A2021,0,0,original
6310,S2511859__S25-11859_0_BP1A2021_150616,0,0,original
6311,S2406753__S24-06753-_-SERIAL_2,0,0,original
6312,S16-17719__S16-17719,1,0,original
6313,S2346179__S23-46179-_-BIOPSY,1,0,original
6314,S19-40063__S19-40063,0,0,original
6315,S2134277__S2134277,1,0,original
6316,S2527323__S2527323_0_BP1A2021,0,0,original
6317,S2134277__S2134277,1,0,original
6318,S2039743__S20-39743-L-PLHE_1,1,0,original
6319,S19-40316__S19-40316,1,0,original
6320,S2247860__S22-47860-_-DEEP_1,1,0,original
6321,S2513846__S25-13846_0_BP1A2021_131523,0,0,original
6322,S2128633__S2128633--DEEP,1,0,original
6323,S2424259__S2424259,0,0,original
6324,S2427695__S24-27695-_-BIOPSY,0,0,original
6325,S2128633__S2128633--DEEP,1,0,original
6326,S18-18746__S18-18746,1,0,original
6327,S2513848__S25-13848_0_BP1A2021_131436,0,0,original
6328,S2415689__S24-15689-_-BIOPSY,1,0,original
6329,S2531989__S2531989_0_BP1A2021,0,0,original
6330,S2513847__S25-13847_0_BP1A2021_131603,0,0,original
6331,S2346179__S23-46179-_-BIOPSY,1,0,original
6332,S2423618__S24-23618-_-RECUT_2,0,0,original
6333,S2434918__S24-34918-_-BIOPSY,1,0,original
6334,S2235518__S22-35518-_-BIOPSY,0,0,original
6335,S2039743__S20-39743-P-PLHE_3,1,0,original
6336,S16-17719__S16-17719,1,0,original
6337,S2039743__S20-39743-C-PLHE_0,1,0,original
6338,S2434918__S24-34918-_-BIOPSY,1,0,original
6339,S2511008__S25-11008_0_BP1A2021_052339,1,0,original
6340,S2134277__S2134277,1,0,original
6341,S2039743__S20-39743-P-PLHE_3,1,0,original
6342,S2531989__S2531989_0_BP1A2021,0,0,original
6343,S2533022__S2533022_0_BP1A2021,0,0,original
6344,S18-18746__S18-18746,1,0,original
6345,S2039743__S20-39743-P-PLHE_3,1,0,original
6346,S2522994__S2522994_0_BP1A2021,0,0,original
6347,S2039743__S20-39743-L-PLHE_1,1,0,original
6348,S2434918__S24-34918-_-BIOPSY,1,0,original
6349,S2415689__S24-15689-_-BIOPSY,1,0,original
6350,S18-18746__S18-18746,1,0,original
6351,S16-17719__S16-17719,1,0,original
6352,S2527323__S2527323_0_BP1A2021,0,0,original
6353,S2346179__S23-46179-_-BIOPSY,1,0,original
6354,S2521239__S2521239_0_BP1A2021,0,0,original
6355,S2039743__S20-39743-P-PLHE_3,1,0,original
6356,S19-40063__S19-40063,0,0,original
6357,S2434918__S24-34918-_-BIOPSY,1,0,original
6358,S2235518__S22-35518-_-BIOPSY,0,0,original
6359,S2527323__S2527323_0_BP1A2021,0,0,original
6360,S2409392__S2409392,0,0,original
6361,S18-18746__S18-18746,1,0,original
6362,S17-42935__S17-42935,1,0,original
6363,S2513847__S25-13847_0_BP1A2021_131603,0,0,original
6364,S19-19367__S19-19367,1,0,original
6365,S2527323__S2527323_0_BP1A2021,0,0,original
6366,S2521240__S2521240_0_BP1A2021,1,0,original
6367,S2521240__S2521240_0_BP1A2021,1,0,original
6368,S2522980__S2522980_0_BP1A2021,0,0,original
6369,S2406038__S2406038,0,0,original
6370,S2531989__S2531989_0_BP1A2021,0,0,original
6371,S2522994__S2522994_0_BP1A2021,0,0,original
6372,S2529112__S2529112_0_BP1A2021,0,0,original
6373,S2531989__S2531989_0_BP1A2021,0,0,original
6374,S2134277__S2134277,1,0,original
6375,S2527323__S2527323_0_BP1A2021,0,0,original
6376,S2134277__S2134277,1,0,original
6377,S2409392__S2409392,0,0,original
6378,S2530063__S2530063_0_BP1A2021,0,0,original
6379,S2424259__S2424259,0,0,original
6380,S2513846__S25-13846_0_BP1A2021_161650,0,0,original
6381,S2425843__S24-25843-_-BIOPSY,0,0,original
6382,S2039743__S20-39743-C-PLHE_0,1,0,original
6383,S2511008__S25-11008_0_BP1A2021_052339,1,0,original
6384,S2247860__S22-47860-_-DEEP_1,1,0,original
6385,S2406753__S24-06753-_-SERIAL_2,0,0,original
6386,S2522980__S2522980_0_BP1A2021,0,0,original
6387,S2406038__S2406038,0,0,original
6388,S2247860__S22-47860-_-DEEP_1,1,0,original
6389,S2134277__S2134277,1,0,original
6390,S2128633__S2128633--DEEP,1,0,original
6391,S2531989__S2531989_0_BP1A2021,0,0,original
6392,S2526362__S2526362_0_BP1A2021,0,0,original
6393,S2511008__S25-11008_0_BP1A2021_052339,1,0,original
6394,S2513847__S25-13847_0_BP1A2021_131603,0,0,original
6395,S2039743__S20-39743-C-PLHE_0,1,0,original
6396,S2513846__S25-13846_0_BP1A2021_161650,0,0,original
6397,S2511006__S25-11006_0_BP1A2021_052242,0,0,original
6398,S16-17719__S16-17719,1,0,original
6399,S2346179__S23-46179-_-BIOPSY,1,0,original
6400,S2530991__S2530991_0_BP1A2021,0,0,original
6401,S2424250__S2424250,0,0,original
6402,S2346179__S23-46179-_-BIOPSY,1,0,original
6403,S2409392__S2409392,0,0,original
6404,S2515598__S25-15598_0__144202,0,0,original
6405,S2039743__S20-39743-C-PLHE_0,1,0,original
6406,S2511008__S25-11008_0_BP1A2021_052339,1,0,original
6407,S2326329__S23-26329-_-BIOPSY,0,0,original
6408,S2134277__S2134277,1,0,original
6409,S16-17719__S16-17719,1,0,original
6410,S2247860__S22-47860-_-DEEP_1,1,0,original
6411,S2511859__S25-11859_0_BP1A2021_150616,0,0,original
6412,S2521240__S2521240_0_BP1A2021,1,0,original
6413,S2513846__S25-13846_0_BP1A2021_131523,0,0,original
6414,S2434918__S24-34918-_-BIOPSY,1,0,original
6415,S2530049__S2530049_0_BP1A2021,0,0,original
6416,S2415689__S24-15689-_-BIOPSY,1,0,original
6417,S19-40316__S19-40316,1,0,original
6418,S2511008__S25-11008_0_BP1A2021_052339,1,0,original
6419,S2529112__S2529112_0_BP1A2021,0,0,original
6420,S2535840__S2535840_0_BP1A2021,0,0,original
6421,S2513848__S25-13848_0_BP1A2021_131436,0,0,original
6422,S17-42935__S17-42935,1,0,original
6423,S2039743__S20-39743-P-PLHE_3,1,0,original
6424,S2406753__S24-06753-_-SERIAL_2,0,0,original
6425,S2346179__S23-46179-_-BIOPSY,1,0,original
6426,S2535840__S2535840_0_BP1A2021,0,0,original
6427,S18-18746__S18-18746,1,0,original
6428,S2128633__S2128633--DEEP,1,0,original
6429,S2530991__S2530991_0_BP1A2021,0,0,original
6430,S16-17719__S16-17719,1,0,original
6431,S2406753__S24-06753-_-DEEP_1,0,0,original
6432,S2247860__S22-47860-_-DEEP_1,1,0,original
6433,S2039743__S20-39743-L-PLHE_1,1,0,original
6434,S18-18746__S18-18746,1,0,original
6435,S2522980__S2522980_0_BP1A2021,0,0,original
6436,S2039743__S20-39743-C-PLHE_0,1,0,original
6437,S2530049__S2530049_0_BP1A2021,0,0,original
6438,S2409390__S2409390,0,0,original
6439,S2134277__S2134277,1,0,original
6440,S2346179__S23-46179-_-BIOPSY,1,0,original
6441,S2406753__S24-06753-_-SERIAL_2,0,0,original
6442,S2535840__S2535840_0_BP1A2021,0,0,original
6443,S2247860__S22-47860-_-DEEP_1,1,0,original
6444,S2415689__S24-15689-_-BIOPSY,1,0,original
6445,S2134277__S2134277,1,0,original
6446,S18-18746__S18-18746,1,0,original
6447,S2039743__S20-39743-L-PLHE_1,1,0,original
6448,S2235518__S22-35518-_-BIOPSY,0,0,original
6449,S2128633__S2128633--DEEP,1,0,original
6450,S2352429__S23-52429-_-RECUT_1,0,0,original
6451,S2406753__S24-06753-_-DEEP_1,0,0,original
6452,S2424259__S2424259,0,0,original
6453,S2522994__S2522994_0_BP1A2021,0,0,original
6454,S2513847__S25-13847_0_BP1A2021_131603,0,0,original
6455,S2535840__S2535840_0_BP1A2021,0,0,original
6456,S19-40316__S19-40316,1,0,original
6457,S2237603__S22-37603-_-_1,0,0,original
6458,S2039743__S20-39743-P-PLHE_3,1,0,original
6459,S2425843__S24-25843-_-BIOPSY,0,0,original
6460,S2247860__S22-47860-_-DEEP_1,1,0,original
6461,S19-40316__S19-40316,1,0,original
6462,S2521239__S2521239_0_BP1A2021,0,0,original
6463,S2415689__S24-15689-_-BIOPSY,1,0,original
6464,S2434918__S24-34918-_-BIOPSY,1,0,original
6465,S16-17719__S16-17719,1,0,original
6466,S2039743__S20-39743-C-PLHE_0,1,0,original
6467,S2521239__S2521239_0_BP1A2021,0,0,original
6468,S2424259__S2424259,0,0,original
6469,S17-42935__S17-42935,1,0,original
6470,S2513847__S25-13847_0_BP1A2021_131603,0,0,original
6471,S17-42935__S17-42935,1,0,original
6472,S2513846__S25-13846_0_BP1A2021_131523,0,0,original
6473,S2424258__S2424258,0,0,original
6474,S2415689__S24-15689-_-BIOPSY,1,0,original
6475,S2527323__S2527323_0_BP1A2021,0,0,original
6476,S2409392__S2409392,0,0,original
6477,S18-18746__S18-18746,1,0,original
6478,S2513846__S25-13846_0_BP1A2021_161650,0,0,original
6479,S17-42935__S17-42935,1,0,original
6480,S2513846__S25-13846_0_BP1A2021_131523,0,0,original
6481,S16-17719__S16-17719,1,0,original
6482,S2521239__S2521239_0_BP1A2021,0,0,original
6483,S17-42935__S17-42935,1,0,original
6484,S2434918__S24-34918-_-BIOPSY,1,0,original
6485,S2513846__S25-13846_0_BP1A2021_131523,0,0,original
6486,S2406753__S24-06753-_-DEEP_1,0,0,original
6487,S2415689__S24-15689-_-BIOPSY,1,0,original
6488,S18-18746__S18-18746,1,0,original
6489,S2530063__S2530063_0_BP1A2021,0,0,original
6490,S2423618__S24-23618-_-RECUT_2,0,0,original
6491,S18-18746__S18-18746,1,0,original
6492,S2423618__S24-23618-_-RECUT_2,0,0,original
6493,S2524760__S2524760_0_BP1A2021,0,0,original
6494,S18-18746__S18-18746,1,0,original
6495,S2128633__S2128633--DEEP,1,0,original
6496,S2423618__S24-23618-_-RECUT_2,0,0,original
6497,S2039743__S20-39743-P-PLHE_3,1,0,original
6498,S2039743__S20-39743-P-PLHE_3,1,0,original
6499,S16-17719__S16-17719,1,0,original
6500,S2535840__S2535840_0_BP1A2021,0,0,original
6501,S2039743__S20-39743-P-PLHE_3,1,0,original
6502,S2515598__S25-15598_0__144202,0,0,original
6503,S19-40063__S19-40063,0,0,original
6504,S2530991__S2530991_0_BP1A2021,0,0,original
6505,S2039743__S20-39743-C-PLHE_0,1,0,original
6506,S17-42935__S17-42935,1,0,original
6507,S2352429__S23-52429-_-BIOPSY,0,0,original
6508,S2530049__S2530049_0_BP1A2021,0,0,original
6509,S19-40316__S19-40316,1,0,original
6510,S2406038__S2406038,0,0,original
6511,S2511008__S25-11008_0_BP1A2021_052339,1,0,original
6512,S16-17719__S16-17719,1,0,original
6513,S19-40316__S19-40316,1,0,original
6514,S2513846__S25-13846_0_BP1A2021_161650,0,0,original
6515,S2409392__S2409392,0,0,original
6516,S19-40316__S19-40316,1,0,original
6517,S2511859__S25-11859_0_BP1A2021_150616,0,0,original
6518,S2247860__S22-47860-_-DEEP_1,1,0,original
6519,S17-42935__S17-42935,1,0,original
6520,S2406038__S2406038,0,0,original
6521,S2247860__S22-47860-_-DEEP_1,1,0,original
6522,S2434918__S24-34918-_-BIOPSY,1,0,original
6523,S2424250__S2424250,0,0,original
6524,S2529112__S2529112_0_BP1A2021,0,0,original
6525,S2415689__S24-15689-_-BIOPSY,1,0,original
6526,S19-19367__S19-19367,1,0,original
6527,S2039743__S20-39743-L-PLHE_1,1,0,original
6528,S2247860__S22-47860-_-DEEP_1,1,0,original
6529,S2237603__S22-37603-_-_1,0,0,original
6530,S2427695__S24-27695-_-BIOPSY,0,0,original
6531,S2039743__S20-39743-L-PLHE_1,1,0,original
6532,S2409392__S2409392,0,0,original
6533,S2434918__S24-34918-_-BIOPSY,1,0,original
6534,S2513847__S25-13847_0_BP1A2021_131603,0,0,original
6535,S2531989__S2531989_0_BP1A2021,0,0,original
6536,S2326329__S23-26329-_-BIOPSY,0,0,original
6537,S2515598__S25-15598_0__144202,0,0,original
6538,S2530991__S2530991_0_BP1A2021,0,0,original
6539,S2134277__S2134277,1,0,original
6540,S2424259__S2424259,0,0,original
6541,S2326329__S23-26329-_-BIOPSY,0,0,original
6542,S2039743__S20-39743-P-PLHE_3,1,0,original
6543,S2247860__S22-47860-_-DEEP_1,1,0,original
6544,S18-18746__S18-18746,1,0,original
6545,S17-42935__S17-42935,1,0,original
6546,S2039743__S20-39743-C-PLHE_0,1,0,original
6547,S2039743__S20-39743-P-PLHE_3,1,0,original
6548,S18-18746__S18-18746,1,0,original
6549,S2326329__S23-26329-_-BIOPSY,0,0,original
6550,S2521240__S2521240_0_BP1A2021,1,0,original
6551,S16-17719__S16-17719,1,0,original
6552,S2513848__S25-13848_0_BP1A2021_131436,0,0,original
6553,S19-40316__S19-40316,1,0,original
6554,S2424250__S2424250,0,0,original
6555,S2434918__S24-34918-_-BIOPSY,1,0,original
6556,S2427695__S24-27695-_-BIOPSY,0,0,original
6557,S17-42935__S17-42935,1,0,original
6558,S2409390__S2409390,0,0,original
6559,S18-18746__S18-18746,1,0,original
6560,S2434918__S24-34918-_-BIOPSY,1,0,original
6561,S2039743__S20-39743-C-PLHE_0,1,0,original
6562,S19-40063__S19-40063,0,0,original
6563,S2039743__S20-39743-C-PLHE_0,1,0,original
6564,S2039743__S20-39743-P-PLHE_3,1,0,original
6565,S2039743__S20-39743-L-PLHE_1,1,0,original
6566,S2530049__S2530049_0_BP1A2021,0,0,original
6567,S2039743__S20-39743-L-PLHE_1,1,0,original
6568,S2529112__S2529112_0_BP1A2021,0,0,original
6569,S19-19367__S19-19367,1,0,original
6570,S2535840__S2535840_0_BP1A2021,0,0,original
6571,S2326329__S23-26329-_-BIOPSY,0,0,original
6572,S2039743__S20-39743-L-PLHE_1,1,0,original
6573,S2513847__S25-13847_0_BP1A2021_131603,0,0,original
6574,S2513848__S25-13848_0_BP1A2021_131436,0,0,original
6575,S19-19367__S19-19367,1,0,original
6576,S2434918__S24-34918-_-BIOPSY,1,0,original
6577,S2039743__S20-39743-P-PLHE_3,1,0,original
6578,S2039743__S20-39743-L-PLHE_1,1,0,original
6579,S19-40316__S19-40316,1,0,original
6580,S2434918__S24-34918-_-BIOPSY,1,0,original
6581,S2513847__S25-13847_0_BP1A2021_131603,0,0,original
6582,S19-19367__S19-19367,1,0,original
6583,S2039743__S20-39743-L-PLHE_1,1,0,original
6584,S2521240__S2521240_0_BP1A2021,1,0,original
6585,S16-17719__S16-17719,1,0,original
6586,S2423618__S24-23618-_-RECUT_2,0,0,original
6587,S2346179__S23-46179-_-BIOPSY,1,0,original
6588,S19-40316__S19-40316,1,0,original
6589,S2424259__S2424259,0,0,original
6590,S2522980__S2522980_0_BP1A2021,0,0,original
6591,S2434918__S24-34918-_-BIOPSY,1,0,original
6592,S17-42935__S17-42935,1,0,original
6593,S2134277__S2134277,1,0,original
6594,S2529112__S2529112_0_BP1A2021,0,0,original
6595,S19-19367__S19-19367,1,0,original
6596,S19-40316__S19-40316,1,0,original
6597,S2424250__S2424250,0,0,original
6598,S2513846__S25-13846_0_BP1A2021_131523,0,0,original
6599,S2352429__S23-52429-_-BIOPSY,0,0,original
6600,S2134277__S2134277,1,0,original
6601,S2352429__S23-52429-_-BIOPSY,0,0,original
6602,S2039743__S20-39743-P-PLHE_3,1,0,original
6603,S2039743__S20-39743-P-PLHE_3,1,0,original
6604,S2526362__S2526362_0_BP1A2021,0,0,original
6605,S2424258__S2424258,0,0,original
6606,S2039743__S20-39743-L-PLHE_1,1,0,original
6607,S2511006__S25-11006_0_BP1A2021_052242,0,0,original
6608,S2504719__S25-04719-_-DEEP_1,0,0,original
6609,S2424258__S2424258,0,0,original
6610,S2326329__S23-26329-_-BIOPSY,0,0,original
6611,S16-17719__S16-17719,1,0,original
6612,S2513846__S25-13846_0_BP1A2021_131523,0,0,original
6613,S2039743__S20-39743-P-PLHE_3,1,0,original
6614,S2434918__S24-34918-_-BIOPSY,1,0,original
6615,S2424259__S2424259,0,0,original
6616,S2511008__S25-11008_0_BP1A2021_052339,1,0,original
6617,S19-19367__S19-19367,1,0,original
6618,S2346179__S23-46179-_-BIOPSY,1,0,original
6619,S18-18746__S18-18746,1,0,original
6620,S2247860__S22-47860-_-DEEP_1,1,0,original
6621,S2526362__S2526362_0_BP1A2021,0,0,original
6622,S2406753__S24-06753-_-DEEP_1,0,0,original
6623,S2521239__S2521239_0_BP1A2021,0,0,original
6624,S2521240__S2521240_0_BP1A2021,1,0,original
6625,S2424250__S2424250,0,0,original
6626,S18-18746__S18-18746,1,0,original
6627,S2530991__S2530991_0_BP1A2021,0,0,original
6628,S2134277__S2134277,1,0,original
6629,S19-19367__S19-19367,1,0,original
6630,S18-18746__S18-18746,1,0,original
6631,S2427695__S2427695_BP1B27_C_14045_3,0,0,original
6632,S2513847__S25-13847_0_BP1A2021_131603,0,0,original
6633,S2346179__S23-46179-_-BIOPSY,1,0,original
6634,S19-19367__S19-19367,1,0,original
6635,S2521240__S2521240_0_BP1A2021,1,0,original
6636,S2039743__S20-39743-L-PLHE_1,1,0,original
6637,S2039743__S20-39743-C-PLHE_0,1,0,original
6638,S2424259__S2424259,0,0,original
6639,S2039743__S20-39743-L-PLHE_1,1,0,original
6640,S2346179__S23-46179-_-BIOPSY,1,0,original
6641,S2425843__S24-25843-_-BIOPSY,0,0,original
6642,S2247860__S22-47860-_-DEEP_1,1,0,original
6643,S19-19367__S19-19367,1,0,original
6644,S2346179__S23-46179-_-BIOPSY,1,0,original
6645,S2406753__S24-06753-_-DEEP_1,0,0,original
6646,S2511008__S25-11008_0_BP1A2021_052339,1,0,original
6647,S2039743__S20-39743-P-PLHE_3,1,0,original
6648,S2326329__S23-26329-_-BIOPSY,0,0,original
6649,S2134277__S2134277,1,0,original
6650,S2039743__S20-39743-C-PLHE_0,1,0,original
6651,S2531989__S2531989_0_BP1A2021,0,0,original
6652,S2522994__S2522994_0_BP1A2021,0,0,original
6653,S16-17719__S16-17719,1,0,original
6654,S2352429__S23-52429-_-RECUT_1,0,0,original
6655,S2527323__S2527323_0_BP1A2021,0,0,original
6656,S2515598__S25-15598_0__144202,0,0,original
6657,S2406038__S2406038,0,0,original
6658,S2522994__S2522994_0_BP1A2021,0,0,original
6659,S2406753__S24-06753-_-DEEP_1,0,0,original
6660,S2504719__S25-04719-_-DEEP_1,0,0,original
6661,S2424258__S2424258,0,0,original
6662,S2406753__S24-06753-_-SERIAL_2,0,0,original
6663,S2513848__S25-13848_0_BP1A2021_131436,0,0,original
6664,S19-19367__S19-19367,1,0,original
6665,S2513848__S25-13848_0_BP1A2021_131436,0,0,original
6666,S2406753__S24-06753-_-SERIAL_2,0,0,original
6667,S2513846__S25-13846_0_BP1A2021_131523,0,0,original
6668,S2529112__S2529112_0_BP1A2021,0,0,original
6669,S2409390__S2409390,0,0,original
6670,S2511008__S25-11008_0_BP1A2021_052339,1,0,original
6671,S2326329__S23-26329-_-BIOPSY,0,0,original
6672,S2511008__S25-11008_0_BP1A2021_052339,1,0,original
6673,S2424258__S2424258,0,0,original
6674,S2522994__S2522994_0_BP1A2021,0,0,original
6675,S2406038__S2406038,0,0,original
6676,S2511859__S25-11859_0_BP1A2021_150616,0,0,original
6677,S2513847__S25-13847_0_BP1A2021_131603,0,0,original
6678,S2423618__S24-23618-_-RECUT_2,0,0,original
6679,S2346179__S23-46179-_-BIOPSY,1,0,original
6680,S2235518__S22-35518-_-BIOPSY,0,0,original
6681,S2522994__S2522994_0_BP1A2021,0,0,original
6682,S2352429__S23-52429-_-RECUT_1,0,0,original
6683,S2425843__S24-25843-_-BIOPSY,0,0,original
6684,S2424258__S2424258,0,0,original
6685,S2039743__S20-39743-P-PLHE_3,1,0,original
6686,S2515598__S25-15598_0__144202,0,0,original
6687,S2415689__S24-15689-_-BIOPSY,1,0,original
6688,S2427695__S2427695_BP1B27_C_14045_3,0,0,original
6689,S2511008__S25-11008_0_BP1A2021_052339,1,0,original
6690,S2511008__S25-11008_0_BP1A2021_052339,1,0,original
6691,S2531989__S2531989_0_BP1A2021,0,0,original
6692,S2434918__S24-34918-_-BIOPSY,1,0,original
6693,S2424258__S2424258,0,0,original
6694,S2039743__S20-39743-C-PLHE_0,1,0,original
6695,S2415689__S24-15689-_-BIOPSY,1,0,original
6696,S2530049__S2530049_0_BP1A2021,0,0,original
6697,S2247860__S22-47860-_-DEEP_1,1,0,original
6698,S2134277__S2134277,1,0,original
6699,S2434918__S24-34918-_-BIOPSY,1,0,original
6700,S2521240__S2521240_0_BP1A2021,1,0,original
6701,S19-40063__S19-40063,0,0,original
6702,S2247860__S22-47860-_-DEEP_1,1,0,original
6703,S19-19367__S19-19367,1,0,original
6704,S2039743__S20-39743-P-PLHE_3,1,0,original
6705,S19-19367__S19-19367,1,0,original
6706,S2427695__S24-27695-_-BIOPSY,0,0,original
6707,S2039743__S20-39743-C-PLHE_0,1,0,original
6708,S2521240__S2521240_0_BP1A2021,1,0,original
6709,S2521240__S2521240_0_BP1A2021,1,0,original
6710,S2346179__S23-46179-_-BIOPSY,1,0,original
6711,S2134277__S2134277,1,0,original
6712,S2039743__S20-39743-L-PLHE_1,1,0,original
6713,S17-42935__S17-42935,1,0,original
6714,S2530049__S2530049_0_BP1A2021,0,0,original
6715,S2530049__S2530049_0_BP1A2021,0,0,original
6716,S2247860__S22-47860-_-DEEP_1,1,0,original
6717,S2424258__S2424258,0,0,original
6718,S2409390__S2409390,0,0,original
6719,S2533022__S2533022_0_BP1A2021,0,0,original
6720,S16-17719__S16-17719,1,0,original
6721,S2039743__S20-39743-P-PLHE_3,1,0,original
6722,S2513848__S25-13848_0_BP1A2021_131436,0,0,original
6723,S19-19367__S19-19367,1,0,original
6724,S2039743__S20-39743-L-PLHE_1,1,0,original
6725,S2346179__S23-46179-_-BIOPSY,1,0,original
6726,S16-17719__S16-17719,1,0,original
6727,S2529112__S2529112_0_BP1A2021,0,0,original
6728,S2128633__S2128633--DEEP,1,0,original
6729,S19-19367__S19-19367,1,0,original
6730,S2511008__S25-11008_0_BP1A2021_052339,1,0,original
6731,S2039743__S20-39743-C-PLHE_0,1,0,original
6732,S2530063__S2530063_0_BP1A2021,0,0,original
6733,S2531989__S2531989_0_BP1A2021,0,0,original
6734,S2521240__S2521240_0_BP1A2021,1,0,original
6735,S2529112__S2529112_0_BP1A2021,0,0,original
6736,S2434918__S24-34918-_-BIOPSY,1,0,original
6737,S19-40316__S19-40316,1,0,original
6738,S2415689__S24-15689-_-BIOPSY,1,0,original
6739,S2515598__S25-15598_0__144202,0,0,original
6740,S2526362__S2526362_0_BP1A2021,0,0,original
6741,S2406038__S2406038,0,0,original
6742,S2128633__S2128633--DEEP,1,0,original
6743,S2527323__S2527323_0_BP1A2021,0,0,original
6744,S2128633__S2128633--DEEP,1,0,original
6745,S2406038__S2406038,0,0,original
6746,S2427695__S24-27695-_-BIOPSY,0,0,original
6747,S2415689__S24-15689-_-BIOPSY,1,0,original
6748,S2326329__S23-26329-_-BIOPSY,0,0,original
6749,S16-17719__S16-17719,1,0,original
6750,S2521240__S2521240_0_BP1A2021,1,0,original
6751,S2521240__S2521240_0_BP1A2021,1,0,original
6752,S2406753__S24-06753-_-SERIAL_2,0,0,original
6753,S2406753__S24-06753-_-SERIAL_2,0,0,original
6754,S2406038__S2406038,0,0,original
6755,S2427695__S2427695_BP1B27_C_14045_3,0,0,original
6756,S2530049__S2530049_0_BP1A2021,0,0,original
6757,S2535840__S2535840_0_BP1A2021,0,0,original
6758,S19-19367__S19-19367,1,0,original
6759,S2504719__S25-04719-_-DEEP_1,0,0,original
6760,S2531989__S2531989_0_BP1A2021,0,0,original
6761,S2524760__S2524760_0_BP1A2021,0,0,original
6762,S2247860__S22-47860-_-DEEP_1,1,0,original
6763,S2346179__S23-46179-_-BIOPSY,1,0,original
6764,S2409390__S2409390,0,0,original
6765,S2530049__S2530049_0_BP1A2021,0,0,original
6766,S2513846__S25-13846_0_BP1A2021_131523,0,0,original
6767,S2406753__S24-06753-_-DEEP_1,0,0,original
6768,S2423618__S24-23618-_-RECUT_2,0,0,original
6769,S2427695__S2427695_BP1B27_C_14045_3,0,0,original
6770,S19-19367__S19-19367,1,0,original
6771,S2434918__S24-34918-_-BIOPSY,1,0,original
6772,S2521240__S2521240_0_BP1A2021,1,0,original
6773,S2511008__S25-11008_0_BP1A2021_052339,1,0,original
6774,S2427695__S24-27695-_-BIOPSY,0,0,original
6775,S2513848__S25-13848_0_BP1A2021_131436,0,0,original
6776,S19-19367__S19-19367,1,0,original
6777,S2415689__S24-15689-_-BIOPSY,1,0,original
6778,S2530049__S2530049_0_BP1A2021,0,0,original
6779,S2247860__S22-47860-_-DEEP_1,1,0,original
6780,S2535840__S2535840_0_BP1A2021,0,0,original
6781,S2247860__S22-47860-_-DEEP_1,1,0,original
6782,S2424258__S2424258,0,0,original
6783,S2513846__S25-13846_0_BP1A2021_161650,0,0,original
6784,S2521240__S2521240_0_BP1A2021,1,0,original
6785,S2346179__S23-46179-_-BIOPSY,1,0,original
6786,S2522980__S2522980_0_BP1A2021,0,0,original
6787,S2415689__S24-15689-_-BIOPSY,1,0,original
6788,S2039743__S20-39743-C-PLHE_0,1,0,original
6789,S17-42935__S17-42935,1,0,original
6790,S2521240__S2521240_0_BP1A2021,1,0,original
6791,S2530991__S2530991_0_BP1A2021,0,0,original
6792,S2522980__S2522980_0_BP1A2021,0,0,original
6793,S2513846__S25-13846_0_BP1A2021_131523,0,0,original
6794,S16-17719__S16-17719,1,0,original
6795,S2524760__S2524760_0_BP1A2021,0,0,original
6796,S2521239__S2521239_0_BP1A2021,0,0,original
6797,S2513846__S25-13846_0_BP1A2021_131523,0,0,original
6798,S19-19367__S19-19367,1,0,original
6799,S2409390__S2409390,0,0,original
6800,S2434918__S24-34918-_-BIOPSY,1,0,original
6801,S2128633__S2128633--DEEP,1,0,original
6802,S2039743__S20-39743-P-PLHE_3,1,0,original
6803,S16-17719__S16-17719,1,0,original
6804,S2409392__S2409392,0,0,original
6805,S2427695__S2427695_BP1B27_C_14045_3,0,0,original
6806,S19-19367__S19-19367,1,0,original
6807,S2406753__S24-06753-_-SERIAL_2,0,0,original
6808,S18-18746__S18-18746,1,0,original
6809,S2513847__S25-13847_0_BP1A2021_131603,0,0,original
6810,S2511006__S25-11006_0_BP1A2021_052242,0,0,original
6811,S2424250__S2424250,0,0,original
6812,S2039743__S20-39743-P-PLHE_3,1,0,original
6813,S2522994__S2522994_0_BP1A2021,0,0,original
6814,S2406753__S24-06753-_-DEEP_1,0,0,original
6815,S2425843__S24-25843-_-BIOPSY,0,0,original
6816,S2522980__S2522980_0_BP1A2021,0,0,original
6817,S2128633__S2128633--DEEP,1,0,original
6818,S2039743__S20-39743-P-PLHE_3,1,0,original
6819,S18-18746__S18-18746,1,0,original
6820,S2409392__S2409392,0,0,original
6821,S2434918__S24-34918-_-BIOPSY,1,0,original
6822,S2513847__S25-13847_0_BP1A2021_131603,0,0,original
6823,S2039743__S20-39743-C-PLHE_0,1,0,original
6824,S2237603__S22-37603-_-_1,0,0,original
6825,S2530063__S2530063_0_BP1A2021,0,0,original
6826,S19-40316__S19-40316,1,0,original
6827,S2134277__S2134277,1,0,original
6828,S2326329__S23-26329-_-BIOPSY,0,0,original
6829,S2427695__S2427695_BP1B27_C_14045_3,0,0,original
6830,S2526362__S2526362_0_BP1A2021,0,0,original
6831,S2346179__S23-46179-_-BIOPSY,1,0,original
6832,S2513848__S25-13848_0_BP1A2021_131436,0,0,original
6833,S2434918__S24-34918-_-BIOPSY,1,0,original
6834,S2513846__S25-13846_0_BP1A2021_131523,0,0,original
6835,S2039743__S20-39743-P-PLHE_3,1,0,original
6836,S2427695__S24-27695-_-BIOPSY,0,0,original
6837,S19-40316__S19-40316,1,0,original
6838,S2128633__S2128633--DEEP,1,0,original
6839,S2513848__S25-13848_0_BP1A2021_131436,0,0,original
6840,S2039743__S20-39743-C-PLHE_0,1,0,original
6841,S2511008__S25-11008_0_BP1A2021_052339,1,0,original
6842,S2531989__S2531989_0_BP1A2021,0,0,original
6843,S19-40316__S19-40316,1,0,original
6844,S2409392__S2409392,0,0,original
6845,S2524760__S2524760_0_BP1A2021,0,0,original
6846,S2425843__S24-25843-_-BIOPSY,0,0,original
6847,S2039743__S20-39743-P-PLHE_3,1,0,original
6848,S19-19367__S19-19367,1,0,original
6849,S2039743__S20-39743-P-PLHE_3,1,0,original
6850,S2533022__S2533022_0_BP1A2021,0,0,original
6851,S2427695__S2427695_BP1B27_C_14045_3,0,0,original
6852,S19-40063__S19-40063,0,0,original
6853,S19-40063__S19-40063,0,0,original
6854,S2409390__S2409390,0,0,original
6855,S16-17719__S16-17719,1,0,original
6856,S18-18746__S18-18746,1,0,original
6857,S2511859__S25-11859_0_BP1A2021_150616,0,0,original
6858,S2406753__S24-06753-_-DEEP_1,0,0,original
6859,S19-40316__S19-40316,1,0,original
6860,S18-18746__S18-18746,1,0,original
6861,S2247860__S22-47860-_-DEEP_1,1,0,original
6862,S19-19367__S19-19367,1,0,original
6863,S2406038__S2406038,0,0,original
6864,S2513846__S25-13846_0_BP1A2021_131523,0,0,original
6865,S19-19367__S19-19367,1,0,original
6866,S2530063__S2530063_0_BP1A2021,0,0,original
6867,S2513846__S25-13846_0_BP1A2021_161650,0,0,original
6868,S2530991__S2530991_0_BP1A2021,0,0,original
6869,S2427695__S24-27695-_-BIOPSY,0,0,original
6870,S2511008__S25-11008_0_BP1A2021_052339,1,0,original
6871,S2531989__S2531989_0_BP1A2021,0,0,original
6872,S2134277__S2134277,1,0,original
6873,S2352429__S23-52429-_-BIOPSY,0,0,original
6874,S2346179__S23-46179-_-BIOPSY,1,0,original
6875,S2511008__S25-11008_0_BP1A2021_052339,1,0,original
6876,S2513848__S25-13848_0_BP1A2021_131436,0,0,original
6877,S2511008__S25-11008_0_BP1A2021_052339,1,0,original
6878,S2427695__S24-27695-_-BIOPSY,0,0,original
6879,S2237603__S22-37603-_-_1,0,0,original
6880,S2530063__S2530063_0_BP1A2021,0,0,original
6881,S2235518__S22-35518-_-BIOPSY,0,0,original
6882,S2513848__S25-13848_0_BP1A2021_131436,0,0,original
6883,S2409390__S2409390,0,0,original
6884,S2427695__S2427695_BP1B27_C_14045_3,0,0,original
6885,S2128633__S2128633--DEEP,1,0,original
6886,S2522980__S2522980_0_BP1A2021,0,0,original
6887,S2039743__S20-39743-P-PLHE_3,1,0,original
6888,S2535840__S2535840_0_BP1A2021,0,0,original
6889,S18-18746__S18-18746,1,0,original
6890,S2515598__S25-15598_0__144202,0,0,original
6891,S2409392__S2409392,0,0,original
6892,S2425843__S24-25843-_-BIOPSY,0,0,original
6893,S2346179__S23-46179-_-BIOPSY,1,0,original
6894,S2346179__S23-46179-_-BIOPSY,1,0,original
6895,S2533022__S2533022_0_BP1A2021,0,0,original
6896,S19-40316__S19-40316,1,0,original
6897,S2535840__S2535840_0_BP1A2021,0,0,original
6898,S2424259__S2424259,0,0,original
6899,S2039743__S20-39743-P-PLHE_3,1,0,original
6900,S19-19367__S19-19367,1,0,original
6901,S2515598__S25-15598_0__144202,0,0,original
6902,S2039743__S20-39743-C-PLHE_0,1,0,original
6903,S2346179__S23-46179-_-BIOPSY,1,0,original
6904,S2424250__S2424250,0,0,original
6905,S2515598__S25-15598_0__144202,0,0,original
6906,S2434918__S24-34918-_-BIOPSY,1,0,original
6907,S2415689__S24-15689-_-BIOPSY,1,0,original
6908,S2134277__S2134277,1,0,original
6909,S19-40316__S19-40316,1,0,original
6910,S2247860__S22-47860-_-DEEP_1,1,0,original
6911,S2406038__S2406038,0,0,original
6912,S2247860__S22-47860-_-DEEP_1,1,0,original
6913,S2535840__S2535840_0_BP1A2021,0,0,original
6914,S2513848__S25-13848_0_BP1A2021_131436,0,0,original
6915,S17-42935__S17-42935,1,0,original
6916,S2511008__S25-11008_0_BP1A2021_052339,1,0,original
6917,S2423618__S24-23618-_-RECUT_2,0,0,original
6918,S2039743__S20-39743-P-PLHE_3,1,0,original
6919,S2424259__S2424259,0,0,original
6920,S2521239__S2521239_0_BP1A2021,0,0,original
6921,S2511008__S25-11008_0_BP1A2021_052339,1,0,original
6922,S2039743__S20-39743-P-PLHE_3,1,0,original
6923,S2039743__S20-39743-C-PLHE_0,1,0,original
6924,S2406753__S24-06753-_-SERIAL_2,0,0,original
6925,S2128633__S2128633--DEEP,1,0,original
6926,S2409392__S2409392,0,0,original
6927,S2527323__S2527323_0_BP1A2021,0,0,original
6928,S2530063__S2530063_0_BP1A2021,0,0,original
6929,S19-40063__S19-40063,0,0,original
6930,S2504719__S25-04719-_-DEEP_1,0,0,original
6931,S2406753__S24-06753-_-SERIAL_2,0,0,original
6932,S2409392__S2409392,0,0,original
6933,S2039743__S20-39743-P-PLHE_3,1,0,original
6934,S2434918__S24-34918-_-BIOPSY,1,0,original
6935,S2513847__S25-13847_0_BP1A2021_131603,0,0,original
6936,S2513848__S25-13848_0_BP1A2021_131436,0,0,original
6937,S2247860__S22-47860-_-DEEP_1,1,0,original
6938,S2527323__S2527323_0_BP1A2021,0,0,original
6939,S2039743__S20-39743-C-PLHE_0,1,0,original
6940,S2424259__S2424259,0,0,original
6941,S2326329__S23-26329-_-BIOPSY,0,0,original
6942,S2513846__S25-13846_0_BP1A2021_131523,0,0,original
6943,S2406753__S24-06753-_-DEEP_1,0,0,original
6944,S2346179__S23-46179-_-BIOPSY,1,0,original
6945,S2427695__S24-27695-_-BIOPSY,0,0,original
6946,S2511006__S25-11006_0_BP1A2021_052242,0,0,original
6947,S16-17719__S16-17719,1,0,original
6948,S2134277__S2134277,1,0,original
6949,S2039743__S20-39743-L-PLHE_1,1,0,original
6950,S2522980__S2522980_0_BP1A2021,0,0,original
6951,S2533022__S2533022_0_BP1A2021,0,0,original
6952,S16-17719__S16-17719,1,0,original
6953,S2530049__S2530049_0_BP1A2021,0,0,original
6954,S2415689__S24-15689-_-BIOPSY,1,0,original
6955,S2511859__S25-11859_0_BP1A2021_150616,0,0,original
6956,S2521240__S2521240_0_BP1A2021,1,0,original
6957,S2409392__S2409392,0,0,original
6958,S2326329__S23-26329-_-BIOPSY,0,0,original
6959,S2521240__S2521240_0_BP1A2021,1,0,original
6960,S2424250__S2424250,0,0,original
6961,S2504719__S25-04719-_-DEEP_1,0,0,original
6962,S2511008__S25-11008_0_BP1A2021_052339,1,0,original
6963,S2424250__S2424250,0,0,original
6964,S2513848__S25-13848_0_BP1A2021_131436,0,0,original
6965,S2352429__S23-52429-_-RECUT_1,0,0,original
6966,S2513847__S25-13847_0_BP1A2021_131603,0,0,original
6967,S2406038__S2406038,0,0,original
6968,S2326329__S23-26329-_-BIOPSY,0,0,original
6969,S2039743__S20-39743-C-PLHE_0,1,0,original
6970,S2406753__S24-06753-_-SERIAL_2,0,0,original
6971,S19-19367__S19-19367,1,0,original
6972,S2434918__S24-34918-_-BIOPSY,1,0,original
6973,S2424259__S2424259,0,0,original
6974,S2530049__S2530049_0_BP1A2021,0,0,original
6975,S2530991__S2530991_0_BP1A2021,0,0,original
6976,S19-19367__S19-19367,1,0,original
6977,S2039743__S20-39743-L-PLHE_1,1,0,original
6978,S2521239__S2521239_0_BP1A2021,0,0,original
6979,S2530063__S2530063_0_BP1A2021,0,0,original
6980,S2352429__S23-52429-_-BIOPSY,0,0,original
6981,S2352429__S23-52429-_-RECUT_1,0,0,original
6982,S2039743__S20-39743-C-PLHE_0,1,0,original
6983,S2128633__S2128633--DEEP,1,0,original
6984,S2424258__S2424258,0,0,original
6985,S2409392__S2409392,0,0,original
6986,S2237603__S22-37603-_-_1,0,0,original
6987,S2427695__S24-27695-_-BIOPSY,0,0,original
6988,S2424259__S2424259,0,0,original
6989,S2511006__S25-11006_0_BP1A2021_052242,0,0,original
6990,S18-18746__S18-18746,1,0,original
6991,S2424250__S2424250,0,0,original
6992,S17-42935__S17-42935,1,0,original
6993,S2535840__S2535840_0_BP1A2021,0,0,original
6994,S2039743__S20-39743-P-PLHE_3,1,0,original
6995,S19-40316__S19-40316,1,0,original
6996,S2039743__S20-39743-C-PLHE_0,1,0,original
6997,S2530063__S2530063_0_BP1A2021,0,0,original
6998,S2039743__S20-39743-C-PLHE_0,1,0,original
6999,S18-18746__S18-18746,1,0,original
7000,S2415689__S24-15689-_-BIOPSY,1,0,original
7001,S2529112__S2529112_0_BP1A2021,0,0,original
7002,S2530049__S2530049_0_BP1A2021,0,0,original
7003,S16-17719__S16-17719,1,0,original
7004,S19-19367__S19-19367,1,0,original
7005,S2530049__S2530049_0_BP1A2021,0,0,original
7006,S2427695__S2427695_BP1B27_C_14045_3,0,0,original
7007,S2134277__S2134277,1,0,original
7008,S16-17719__S16-17719,1,0,original
7009,S2039743__S20-39743-C-PLHE_0,1,0,original
7010,S2039743__S20-39743-C-PLHE_0,1,0,original
7011,S18-18746__S18-18746,1,0,original
7012,S19-19367__S19-19367,1,0,original
7013,S2128633__S2128633--DEEP,1,0,original
7014,S2352429__S23-52429-_-BIOPSY,0,0,original
7015,S2530063__S2530063_0_BP1A2021,0,0,original
7016,S2415689__S24-15689-_-BIOPSY,1,0,original
7017,S2511008__S25-11008_0_BP1A2021_052339,1,0,original
7018,S18-18746__S18-18746,1,0,original
7019,S2039743__S20-39743-L-PLHE_1,1,0,original
7020,S2134277__S2134277,1,0,original
7021,S2513846__S25-13846_0_BP1A2021_131523,0,0,original
7022,S19-40316__S19-40316,1,0,original
7023,S2521240__S2521240_0_BP1A2021,1,0,original
7024,S2247860__S22-47860-_-DEEP_1,1,0,original
7025,S2039743__S20-39743-C-PLHE_0,1,0,original
7026,S2531989__S2531989_0_BP1A2021,0,0,original
7027,S2415689__S24-15689-_-BIOPSY,1,0,original
7028,S2039743__S20-39743-C-PLHE_0,1,0,original
7029,S2039743__S20-39743-P-PLHE_3,1,0,original
7030,S18-18746__S18-18746,1,0,original
7031,S2409390__S2409390,0,0,original
7032,S2521239__S2521239_0_BP1A2021,0,0,original
7033,S2346179__S23-46179-_-BIOPSY,1,0,original
7034,S2521239__S2521239_0_BP1A2021,0,0,original
7035,S16-17719__S16-17719,1,0,original
7036,S2406753__S24-06753-_-SERIAL_2,0,0,original
7037,S2524760__S2524760_0_BP1A2021,0,0,original
7038,S2235518__S22-35518-_-BIOPSY,0,0,original
7039,S2406753__S24-06753-_-SERIAL_2,0,0,original
7040,S2513846__S25-13846_0_BP1A2021_161650,0,0,original
7041,S19-40316__S19-40316,1,0,original
7042,S2134277__S2134277,1,0,original
7043,S2406038__S2406038,0,0,original
7044,S2039743__S20-39743-L-PLHE_1,1,0,original
7045,S19-19367__S19-19367,1,0,original
7046,S19-40063__S19-40063,0,0,original
7047,S2511008__S25-11008_0_BP1A2021_052339,1,0,original
7048,S2526362__S2526362_0_BP1A2021,0,0,original
7049,S2521239__S2521239_0_BP1A2021,0,0,original
7050,S2513847__S25-13847_0_BP1A2021_131603,0,0,original
7051,S2533022__S2533022_0_BP1A2021,0,0,original
7052,S2427695__S2427695_BP1B27_C_14045_3,0,0,original
7053,S2128633__S2128633--DEEP,1,0,original
7054,S2524760__S2524760_0_BP1A2021,0,0,original
7055,S2511859__S25-11859_0_BP1A2021_150616,0,0,original
7056,S2513847__S25-13847_0_BP1A2021_131603,0,0,original
7057,S2521240__S2521240_0_BP1A2021,1,0,original
7058,S2406753__S24-06753-_-SERIAL_2,0,0,original
7059,S2522980__S2522980_0_BP1A2021,0,0,original
7060,S2415689__S24-15689-_-BIOPSY,1,0,original
7061,S17-42935__S17-42935,1,0,original
7062,S2039743__S20-39743-P-PLHE_3,1,0,original
7063,S2134277__S2134277,1,0,original
7064,S2527323__S2527323_0_BP1A2021,0,0,original
7065,S2427695__S24-27695-_-BIOPSY,0,0,original
7066,S2524760__S2524760_0_BP1A2021,0,0,original
7067,S2529112__S2529112_0_BP1A2021,0,0,original
7068,S2530063__S2530063_0_BP1A2021,0,0,original
7069,S2511006__S25-11006_0_BP1A2021_052242,0,0,original
7070,S2134277__S2134277,1,0,original
7071,S2415689__S24-15689-_-BIOPSY,1,0,original
7072,S2039743__S20-39743-L-PLHE_1,1,0,original
7073,S2406038__S2406038,0,0,original
7074,S19-40063__S19-40063,0,0,original
7075,S2247860__S22-47860-_-DEEP_1,1,0,original
7076,S2247860__S22-47860-_-DEEP_1,1,0,original
7077,S2424259__S2424259,0,0,original
7078,S2247860__S22-47860-_-DEEP_1,1,0,original
7079,S2511859__S25-11859_0_BP1A2021_150616,0,0,original
7080,S2424258__S2424258,0,0,original
7081,S17-42935__S17-42935,1,0,original
7082,S2247860__S22-47860-_-DEEP_1,1,0,original
7083,S2524760__S2524760_0_BP1A2021,0,0,original
7084,S2513846__S25-13846_0_BP1A2021_161650,0,0,original
7085,S2039743__S20-39743-L-PLHE_1,1,0,original
7086,S16-17719__S16-17719,1,0,original
7087,S2235518__S22-35518-_-BIOPSY,0,0,original
7088,S2504719__S25-04719-_-DEEP_1,0,0,original
7089,S18-18746__S18-18746,1,0,original
7090,S19-19367__S19-19367,1,0,original
7091,S16-17719__S16-17719,1,0,original
7092,S2134277__S2134277,1,0,original
7093,S2521240__S2521240_0_BP1A2021,1,0,original
7094,S2527323__S2527323_0_BP1A2021,0,0,original
7095,S2039743__S20-39743-C-PLHE_0,1,0,original
7096,S16-17719__S16-17719,1,0,original
7097,S16-17719__S16-17719,1,0,original
7098,S2134277__S2134277,1,0,original
7099,S2039743__S20-39743-C-PLHE_0,1,0,original
7100,S2513846__S25-13846_0_BP1A2021_161650,0,0,original
7101,S2424259__S2424259,0,0,original
7102,S2039743__S20-39743-L-PLHE_1,1,0,original
7103,S2039743__S20-39743-P-PLHE_3,1,0,original
7104,S2424259__S2424259,0,0,original
7105,S2424258__S2424258,0,0,original
7106,S19-40063__S19-40063,0,0,original
7107,S2134277__S2134277,1,0,original
7108,S2504719__S25-04719-_-DEEP_1,0,0,original
7109,S19-40316__S19-40316,1,0,original
7110,S2530049__S2530049_0_BP1A2021,0,0,original
7111,S2247860__S22-47860-_-DEEP_1,1,0,original
7112,S2504719__S25-04719-_-DEEP_1,0,0,original
7113,S2134277__S2134277,1,0,original
7114,S2513846__S25-13846_0_BP1A2021_161650,0,0,original
7115,S18-18746__S18-18746,1,0,original
7116,S2515598__S25-15598_0__144202,0,0,original
7117,S2522994__S2522994_0_BP1A2021,0,0,original
7118,S2434918__S24-34918-_-BIOPSY,1,0,original
7119,S18-18746__S18-18746,1,0,original
7120,S2522980__S2522980_0_BP1A2021,0,0,original
7121,S16-17719__S16-17719,1,0,original
7122,S2521239__S2521239_0_BP1A2021,0,0,original
7123,S2530049__S2530049_0_BP1A2021,0,0,original
7124,S2039743__S20-39743-L-PLHE_1,1,0,original
7125,S18-18746__S18-18746,1,0,original
7126,S2434918__S24-34918-_-BIOPSY,1,0,original
7127,S2530049__S2530049_0_BP1A2021,0,0,original
7128,S2039743__S20-39743-L-PLHE_1,1,0,original
7129,S2434918__S24-34918-_-BIOPSY,1,0,original
7130,S2406038__S2406038,0,0,original
7131,S2039743__S20-39743-L-PLHE_1,1,0,original
7132,S2406753__S24-06753-_-DEEP_1,0,0,original
7133,S2531989__S2531989_0_BP1A2021,0,0,original
7134,S2521240__S2521240_0_BP1A2021,1,0,original
7135,S2326329__S23-26329-_-BIOPSY,0,0,original
7136,S2530063__S2530063_0_BP1A2021,0,0,original
7137,S2521240__S2521240_0_BP1A2021,1,0,original
7138,S2427695__S2427695_BP1B27_C_14045_3,0,0,original
7139,S2531989__S2531989_0_BP1A2021,0,0,original
7140,S2511859__S25-11859_0_BP1A2021_150616,0,0,original
7141,S2427695__S24-27695-_-BIOPSY,0,0,original
7142,S2511008__S25-11008_0_BP1A2021_052339,1,0,original
7143,S2237603__S22-37603-_-_1,0,0,original
7144,S2513847__S25-13847_0_BP1A2021_131603,0,0,original
7145,S2530049__S2530049_0_BP1A2021,0,0,original
7146,S2039743__S20-39743-P-PLHE_3,1,0,original
7147,S2409390__S2409390,0,0,original
7148,S16-17719__S16-17719,1,0,original
7149,S2529112__S2529112_0_BP1A2021,0,0,original
7150,S2039743__S20-39743-C-PLHE_0,1,0,original
7151,S2409390__S2409390,0,0,original
7152,S2513848__S25-13848_0_BP1A2021_131436,0,0,original
7153,S2530063__S2530063_0_BP1A2021,0,0,original
7154,S2424258__S2424258,0,0,original
7155,S19-40063__S19-40063,0,0,original
7156,S17-42935__S17-42935,1,0,original
7157,S2326329__S23-26329-_-BIOPSY,0,0,original
7158,S2409390__S2409390,0,0,original
7159,S2533022__S2533022_0_BP1A2021,0,0,original
7160,S2134277__S2134277,1,0,original
7161,S2039743__S20-39743-P-PLHE_3,1,0,original
7162,S2535840__S2535840_0_BP1A2021,0,0,original
7163,S2533022__S2533022_0_BP1A2021,0,0,original
7164,S2134277__S2134277,1,0,original
7165,S2530049__S2530049_0_BP1A2021,0,0,original
7166,S17-42935__S17-42935,1,0,original
7167,S2128633__S2128633--DEEP,1,0,original
7168,S2415689__S24-15689-_-BIOPSY,1,0,original
7169,S2530049__S2530049_0_BP1A2021,0,0,original
7170,S2521240__S2521240_0_BP1A2021,1,0,original
7171,S2039743__S20-39743-P-PLHE_3,1,0,original
7172,S2128633__S2128633--DEEP,1,0,original
7173,S2406753__S24-06753-_-SERIAL_2,0,0,original
7174,S18-18746__S18-18746,1,0,original
7175,S2521239__S2521239_0_BP1A2021,0,0,original
7176,S18-18746__S18-18746,1,0,original
7177,S2515598__S25-15598_0__144202,0,0,original
7178,S2346179__S23-46179-_-BIOPSY,1,0,original
7179,S2513846__S25-13846_0_BP1A2021_131523,0,0,original
7180,S2427695__S24-27695-_-BIOPSY,0,0,original
7181,S2134277__S2134277,1,0,original
7182,S16-17719__S16-17719,1,0,original
7183,S2521240__S2521240_0_BP1A2021,1,0,original
7184,S2415689__S24-15689-_-BIOPSY,1,0,original
7185,S2247860__S22-47860-_-DEEP_1,1,0,original
7186,S19-40063__S19-40063,0,0,original
7187,S2406753__S24-06753-_-DEEP_1,0,0,original
7188,S17-42935__S17-42935,1,0,original
7189,S2533022__S2533022_0_BP1A2021,0,0,original
7190,S2039743__S20-39743-C-PLHE_0,1,0,original
7191,S18-18746__S18-18746,1,0,original
7192,S2530991__S2530991_0_BP1A2021,0,0,original
7193,S2235518__S22-35518-_-BIOPSY,0,0,original
7194,S18-18746__S18-18746,1,0,original
7195,S2346179__S23-46179-_-BIOPSY,1,0,original
7196,S19-40316__S19-40316,1,0,original
7197,S2134277__S2134277,1,0,original
7198,S2128633__S2128633--DEEP,1,0,original
7199,S2247860__S22-47860-_-DEEP_1,1,0,original
7200,S2406038__S2406038,0,0,original
7201,S2423618__S24-23618-_-RECUT_2,0,0,original
7202,S2039743__S20-39743-L-PLHE_1,1,0,original
7203,S2522980__S2522980_0_BP1A2021,0,0,original
7204,S2524760__S2524760_0_BP1A2021,0,0,original
7205,S19-40316__S19-40316,1,0,original
7206,S19-40316__S19-40316,1,0,original
7207,S2134277__S2134277,1,0,original
7208,S2513846__S25-13846_0_BP1A2021_161650,0,0,original
7209,S2406038__S2406038,0,0,original
7210,S2415689__S24-15689-_-BIOPSY,1,0,original
7211,S2424258__S2424258,0,0,original
7212,S2039743__S20-39743-P-PLHE_3,1,0,original
7213,S17-42935__S17-42935,1,0,original
7214,S16-17719__S16-17719,1,0,original
7215,S2406753__S24-06753-_-SERIAL_2,0,0,original
7216,S2531989__S2531989_0_BP1A2021,0,0,original
7217,S2134277__S2134277,1,0,original
7218,S2423618__S24-23618-_-RECUT_2,0,0,original
7219,S17-42935__S17-42935,1,0,original
7220,S2406038__S2406038,0,0,original
7221,S16-17719__S16-17719,1,0,original
7222,S2526362__S2526362_0_BP1A2021,0,0,original
7223,S2434918__S24-34918-_-BIOPSY,1,0,original
7224,S2039743__S20-39743-L-PLHE_1,1,0,original
7225,S2513848__S25-13848_0_BP1A2021_131436,0,0,original
7226,S2346179__S23-46179-_-BIOPSY,1,0,original
7227,S18-18746__S18-18746,1,0,original
7228,S2424258__S2424258,0,0,original
7229,S2128633__S2128633--DEEP,1,0,original
7230,S2247860__S22-47860-_-DEEP_1,1,0,original
7231,S2415689__S24-15689-_-BIOPSY,1,0,original
7232,S19-40316__S19-40316,1,0,original
7233,S2533022__S2533022_0_BP1A2021,0,0,original
7234,S2427695__S24-27695-_-BIOPSY,0,0,original
7235,S2427695__S24-27695-_-BIOPSY,0,0,original
7236,S2527323__S2527323_0_BP1A2021,0,0,original
7237,S2039743__S20-39743-C-PLHE_0,1,0,original
7238,S2526362__S2526362_0_BP1A2021,0,0,original
7239,S2247860__S22-47860-_-DEEP_1,1,0,original
7240,S2521240__S2521240_0_BP1A2021,1,0,original
7241,S2511008__S25-11008_0_BP1A2021_052339,1,0,original
7242,S2504719__S25-04719-_-DEEP_1,0,0,original
7243,S2526362__S2526362_0_BP1A2021,0,0,original
7244,S2521240__S2521240_0_BP1A2021,1,0,original
7245,S18-18746__S18-18746,1,0,original
7246,S2434918__S24-34918-_-BIOPSY,1,0,original
7247,S2531989__S2531989_0_BP1A2021,0,0,original
7248,S2513848__S25-13848_0_BP1A2021_131436,0,0,original
7249,S2530063__S2530063_0_BP1A2021,0,0,original
7250,S2522994__S2522994_0_BP1A2021,0,0,original
7251,S19-40316__S19-40316,1,0,original
7252,S2529112__S2529112_0_BP1A2021,0,0,original
7253,S2128633__S2128633--DEEP,1,0,original
7254,S2434918__S24-34918-_-BIOPSY,1,0,original
7255,S2425843__S24-25843-_-BIOPSY,0,0,original
7256,S2247860__S22-47860-_-DEEP_1,1,0,original
7257,S2504719__S25-04719-_-DEEP_1,0,0,original
7258,S19-40316__S19-40316,1,0,original
7259,S17-42935__S17-42935,1,0,original
7260,S2434918__S24-34918-_-BIOPSY,1,0,original
7261,S2247860__S22-47860-_-DEEP_1,1,0,original
7262,S2434918__S24-34918-_-BIOPSY,1,0,original
7263,S17-42935__S17-42935,1,0,original
7264,S2504719__S25-04719-_-DEEP_1,0,0,original
7265,S2434918__S24-34918-_-BIOPSY,1,0,original
7266,S2406038__S2406038,0,0,original
7267,S16-17719__S16-17719,1,0,original
7268,S18-18746__S18-18746,1,0,original
7269,S2406753__S24-06753-_-SERIAL_2,0,0,original
7270,S2530063__S2530063_0_BP1A2021,0,0,original
7271,S19-19367__S19-19367,1,0,original
7272,S19-40063__S19-40063,0,0,original
7273,S19-40316__S19-40316,1,0,original
7274,S2128633__S2128633--DEEP,1,0,original
7275,S2530991__S2530991_0_BP1A2021,0,0,original
7276,S2406753__S24-06753-_-DEEP_1,0,0,original
7277,S19-40316__S19-40316,1,0,original
7278,S2533022__S2533022_0_BP1A2021,0,0,original
7279,S2352429__S23-52429-_-RECUT_1,0,0,original
7280,S2521239__S2521239_0_BP1A2021,0,0,original
7281,S19-40316__S19-40316,1,0,original
7282,S19-19367__S19-19367,1,0,original
7283,S2427695__S2427695_BP1B27_C_14045_3,0,0,original
7284,S16-17719__S16-17719,1,0,original
7285,S2039743__S20-39743-P-PLHE_3,1,0,original
7286,S2530049__S2530049_0_BP1A2021,0,0,original
7287,S2511859__S25-11859_0_BP1A2021_150616,0,0,original
7288,S2424258__S2424258,0,0,original
7289,S2346179__S23-46179-_-BIOPSY,1,0,original
7290,S2533022__S2533022_0_BP1A2021,0,0,original
7291,S2406038__S2406038,0,0,original
7292,S2415689__S24-15689-_-BIOPSY,1,0,original
7293,S2504719__S25-04719-_-DEEP_1,0,0,original
7294,S2513848__S25-13848_0_BP1A2021_131436,0,0,original
7295,S2527323__S2527323_0_BP1A2021,0,0,original
7296,S2521240__S2521240_0_BP1A2021,1,0,original
7297,S2530049__S2530049_0_BP1A2021,0,0,original
7298,S2530063__S2530063_0_BP1A2021,0,0,original
7299,S2427695__S2427695_BP1B27_C_14045_3,0,0,original
7300,S2409390__S2409390,0,0,original
7301,S2522980__S2522980_0_BP1A2021,0,0,original
7302,S19-40316__S19-40316,1,0,original
7303,S2237603__S22-37603-_-_1,0,0,original
7304,S2521239__S2521239_0_BP1A2021,0,0,original
7305,S19-19367__S19-19367,1,0,original
7306,S2424259__S2424259,0,0,original
7307,S2434918__S24-34918-_-BIOPSY,1,0,original
7308,S2406038__S2406038,0,0,original
7309,S2521240__S2521240_0_BP1A2021,1,0,original
7310,S2423618__S24-23618-_-RECUT_2,0,0,original
7311,S2134277__S2134277,1,0,original
7312,S2530063__S2530063_0_BP1A2021,0,0,original
7313,S2247860__S22-47860-_-DEEP_1,1,0,original
7314,S2424258__S2424258,0,0,original
7315,S2522980__S2522980_0_BP1A2021,0,0,original
7316,S2235518__S22-35518-_-BIOPSY,0,0,original
7317,S2134277__S2134277,1,0,original
7318,S18-18746__S18-18746,1,0,original
7319,S17-42935__S17-42935,1,0,original
7320,S2039743__S20-39743-L-PLHE_1,1,0,original
7321,S2434918__S24-34918-_-BIOPSY,1,0,original
7322,S2524760__S2524760_0_BP1A2021,0,0,original
7323,S2128633__S2128633--DEEP,1,0,original
7324,S2434918__S24-34918-_-BIOPSY,1,0,original
7325,S2513846__S25-13846_0_BP1A2021_161650,0,0,original
7326,S2521240__S2521240_0_BP1A2021,1,0,original
7327,S2521240__S2521240_0_BP1A2021,1,0,original
7328,S19-40316__S19-40316,1,0,original
7329,S2039743__S20-39743-C-PLHE_0,1,0,original
7330,S2529112__S2529112_0_BP1A2021,0,0,original
7331,S2128633__S2128633--DEEP,1,0,original
7332,S2423618__S24-23618-_-RECUT_2,0,0,original
7333,S2427695__S24-27695-_-BIOPSY,0,0,original
7334,S19-19367__S19-19367,1,0,original
7335,S2521239__S2521239_0_BP1A2021,0,0,original
7336,S2247860__S22-47860-_-DEEP_1,1,0,original
7337,S2235518__S22-35518-_-BIOPSY,0,0,original
7338,S2406753__S24-06753-_-SERIAL_2,0,0,original
7339,S2530063__S2530063_0_BP1A2021,0,0,original
7340,S2513846__S25-13846_0_BP1A2021_161650,0,0,original
7341,S19-40063__S19-40063,0,0,original
7342,S2424258__S2424258,0,0,original
7343,S18-18746__S18-18746,1,0,original
7344,S2511008__S25-11008_0_BP1A2021_052339,1,0,original
7345,S17-42935__S17-42935,1,0,original
7346,S2521239__S2521239_0_BP1A2021,0,0,original
7347,S2521239__S2521239_0_BP1A2021,0,0,original
7348,S2406038__S2406038,0,0,original
7349,S2247860__S22-47860-_-DEEP_1,1,0,original
7350,S2530049__S2530049_0_BP1A2021,0,0,original
7351,S2235518__S22-35518-_-BIOPSY,0,0,original
7352,S17-42935__S17-42935,1,0,original
7353,S2515598__S25-15598_0__144202,0,0,original
7354,S2406038__S2406038,0,0,original
7355,S2406753__S24-06753-_-SERIAL_2,0,0,original
7356,S2415689__S24-15689-_-BIOPSY,1,0,original
7357,S2511006__S25-11006_0_BP1A2021_052242,0,0,original
7358,S2434918__S24-34918-_-BIOPSY,1,0,original
7359,S2513846__S25-13846_0_BP1A2021_131523,0,0,original
7360,S2406753__S24-06753-_-DEEP_1,0,0,original
7361,S2415689__S24-15689-_-BIOPSY,1,0,original
7362,S2134277__S2134277,1,0,original
7363,S2533022__S2533022_0_BP1A2021,0,0,original
7364,S2352429__S23-52429-_-BIOPSY,0,0,original
7365,S2352429__S23-52429-_-RECUT_1,0,0,original
7366,S2427695__S24-27695-_-BIOPSY,0,0,original
7367,S2522994__S2522994_0_BP1A2021,0,0,original
7368,S19-19367__S19-19367,1,0,original
7369,S2427695__S2427695_BP1B27_C_14045_3,0,0,original
7370,S16-17719__S16-17719,1,0,original
7371,S19-19367__S19-19367,1,0,original
7372,S2522980__S2522980_0_BP1A2021,0,0,original
7373,S2247860__S22-47860-_-DEEP_1,1,0,original
7374,S2530063__S2530063_0_BP1A2021,0,0,original
7375,S18-18746__S18-18746,1,0,original
7376,S2521239__S2521239_0_BP1A2021,0,0,original
7377,S2511006__S25-11006_0_BP1A2021_052242,0,0,original
7378,S2427695__S24-27695-_-BIOPSY,0,0,original
7379,S2406753__S24-06753-_-SERIAL_2,0,0,original
7380,S2128633__S2128633--DEEP,1,0,original
7381,S2409392__S2409392,0,0,original
7382,S2039743__S20-39743-C-PLHE_0,1,0,original
7383,S2527323__S2527323_0_BP1A2021,0,0,original
7384,S2346179__S23-46179-_-BIOPSY,1,0,original
7385,S2511859__S25-11859_0_BP1A2021_150616,0,0,original
7386,S2522980__S2522980_0_BP1A2021,0,0,original
7387,S18-18746__S18-18746,1,0,original
7388,S2527323__S2527323_0_BP1A2021,0,0,original
7389,S2535840__S2535840_0_BP1A2021,0,0,original
7390,S2434918__S24-34918-_-BIOPSY,1,0,original
7391,S2039743__S20-39743-L-PLHE_1,1,0,original
7392,S2406038__S2406038,0,0,original
7393,S2530063__S2530063_0_BP1A2021,0,0,original
7394,S19-40063__S19-40063,0,0,original
7395,S2427695__S2427695_BP1B27_C_14045_3,0,0,original
7396,S2039743__S20-39743-C-PLHE_0,1,0,original
7397,S2039743__S20-39743-L-PLHE_1,1,0,original
7398,S2423618__S24-23618-_-RECUT_2,0,0,original
7399,S2427695__S2427695_BP1B27_C_14045_3,0,0,original
7400,S2530049__S2530049_0_BP1A2021,0,0,original
7401,S2039743__S20-39743-P-PLHE_3,1,0,original
7402,S2039743__S20-39743-L-PLHE_1,1,0,original
7403,S2524760__S2524760_0_BP1A2021,0,0,original
7404,S18-18746__S18-18746,1,0,original
7405,S2128633__S2128633--DEEP,1,0,original
7406,S2425843__S24-25843-_-BIOPSY,0,0,original
7407,S2515598__S25-15598_0__144202,0,0,original
7408,S2521240__S2521240_0_BP1A2021,1,0,original
7409,S19-19367__S19-19367,1,0,original
7410,S2326329__S23-26329-_-BIOPSY,0,0,original
7411,S2424259__S2424259,0,0,original
7412,S2128633__S2128633--DEEP,1,0,original
7413,S2424250__S2424250,0,0,original
7414,S2424250__S2424250,0,0,original
7415,S2521240__S2521240_0_BP1A2021,1,0,original
7416,S2511008__S25-11008_0_BP1A2021_052339,1,0,original
7417,S2415689__S24-15689-_-BIOPSY,1,0,original
7418,S2039743__S20-39743-L-PLHE_1,1,0,original
7419,S2527323__S2527323_0_BP1A2021,0,0,original
7420,S2424259__S2424259,0,0,original
7421,S2424258__S2424258,0,0,original
7422,S2415689__S24-15689-_-BIOPSY,1,0,original
7423,S2526362__S2526362_0_BP1A2021,0,0,original
7424,S2521240__S2521240_0_BP1A2021,1,0,original
7425,S2424250__S2424250,0,0,original
7426,S2039743__S20-39743-C-PLHE_0,1,0,original
7427,S2406753__S24-06753-_-DEEP_1,0,0,original
7428,S2427695__S2427695_BP1B27_C_14045_3,0,0,original
7429,S2511006__S25-11006_0_BP1A2021_052242,0,0,original
7430,S18-18746__S18-18746,1,0,original
7431,S2326329__S23-26329-_-BIOPSY,0,0,original
7432,S2039743__S20-39743-L-PLHE_1,1,0,original
7433,S2128633__S2128633--DEEP,1,0,original
7434,S2526362__S2526362_0_BP1A2021,0,0,original
7435,S2513848__S25-13848_0_BP1A2021_131436,0,0,original
7436,S2511006__S25-11006_0_BP1A2021_052242,0,0,original
7437,S18-18746__S18-18746,1,0,original
7438,S2530049__S2530049_0_BP1A2021,0,0,original
7439,S2326329__S23-26329-_-BIOPSY,0,0,original
7440,S2521240__S2521240_0_BP1A2021,1,0,original
7441,S2409392__S2409392,0,0,original
7442,S2524760__S2524760_0_BP1A2021,0,0,original
7443,S2415689__S24-15689-_-BIOPSY,1,0,original
7444,S2039743__S20-39743-L-PLHE_1,1,0,original
7445,S19-19367__S19-19367,1,0,original
7446,S2530063__S2530063_0_BP1A2021,0,0,original
7447,S2521239__S2521239_0_BP1A2021,0,0,original
7448,S2513847__S25-13847_0_BP1A2021_131603,0,0,original
7449,S17-42935__S17-42935,1,0,original
7450,S2511008__S25-11008_0_BP1A2021_052339,1,0,original
7451,S2530049__S2530049_0_BP1A2021,0,0,original
7452,S2406753__S24-06753-_-DEEP_1,0,0,original
7453,S18-18746__S18-18746,1,0,original
7454,S2406753__S24-06753-_-DEEP_1,0,0,original
7455,S19-40316__S19-40316,1,0,original
7456,S2513846__S25-13846_0_BP1A2021_161650,0,0,original
7457,S2424250__S2424250,0,0,original
7458,S2427695__S2427695_BP1B27_C_14045_3,0,0,original
7459,S2415689__S24-15689-_-BIOPSY,1,0,original
7460,S2522994__S2522994_0_BP1A2021,0,0,original
7461,S18-18746__S18-18746,1,0,original
7462,S2530991__S2530991_0_BP1A2021,0,0,original
7463,S2039743__S20-39743-P-PLHE_3,1,0,original
7464,S2527323__S2527323_0_BP1A2021,0,0,original
7465,S2039743__S20-39743-C-PLHE_0,1,0,original
7466,S2237603__S22-37603-_-_1,0,0,original
7467,S2039743__S20-39743-P-PLHE_3,1,0,original
7468,S2513848__S25-13848_0_BP1A2021_131436,0,0,original
7469,S2522980__S2522980_0_BP1A2021,0,0,original
7470,S2529112__S2529112_0_BP1A2021,0,0,original
7471,S19-19367__S19-19367,1,0,original
7472,S19-19367__S19-19367,1,0,original
7473,S2424258__S2424258,0,0,original
7474,S2530991__S2530991_0_BP1A2021,0,0,original
7475,S2134277__S2134277,1,0,original
7476,S19-19367__S19-19367,1,0,original
7477,S2511859__S25-11859_0_BP1A2021_150616,0,0,original
7478,S2346179__S23-46179-_-BIOPSY,1,0,original
7479,S17-42935__S17-42935,1,0,original
7480,S2427695__S2427695_BP1B27_C_14045_3,0,0,original
7481,S2434918__S24-34918-_-BIOPSY,1,0,original
7482,S2406038__S2406038,0,0,original
7483,S2522994__S2522994_0_BP1A2021,0,0,original
7484,S2533022__S2533022_0_BP1A2021,0,0,original
7485,S2530991__S2530991_0_BP1A2021,0,0,original
7486,S2521240__S2521240_0_BP1A2021,1,0,original
7487,S2511008__S25-11008_0_BP1A2021_052339,1,0,original
7488,S2415689__S24-15689-_-BIOPSY,1,0,original
7489,S16-17719__S16-17719,1,0,original
7490,S2039743__S20-39743-C-PLHE_0,1,0,original
7491,S17-42935__S17-42935,1,0,original
7492,S2427695__S24-27695-_-BIOPSY,0,0,original
7493,S2039743__S20-39743-C-PLHE_0,1,0,original
7494,S2346179__S23-46179-_-BIOPSY,1,0,original
7495,S16-17719__S16-17719,1,0,original
7496,S2434918__S24-34918-_-BIOPSY,1,0,original
7497,S2529112__S2529112_0_BP1A2021,0,0,original
7498,S2530063__S2530063_0_BP1A2021,0,0,original
7499,S2535840__S2535840_0_BP1A2021,0,0,original
7500,S2128633__S2128633--DEEP,1,0,original
7501,S2039743__S20-39743-L-PLHE_1,1,0,original
7502,S2515598__S25-15598_0__144202,0,0,original
7503,S2511008__S25-11008_0_BP1A2021_052339,1,0,original
7504,S17-42935__S17-42935,1,0,original
7505,S2128633__S2128633--DEEP,1,0,original
7506,S2515598__S25-15598_0__144202,0,0,original
7507,S2530991__S2530991_0_BP1A2021,0,0,original
7508,S2529112__S2529112_0_BP1A2021,0,0,original
7509,S17-42935__S17-42935,1,0,original
7510,S2423618__S24-23618-_-RECUT_2,0,0,original
7511,S2039743__S20-39743-P-PLHE_3,1,0,original
7512,S2526362__S2526362_0_BP1A2021,0,0,original
7513,S2247860__S22-47860-_-DEEP_1,1,0,original
7514,S2039743__S20-39743-L-PLHE_1,1,0,original
7515,S2346179__S23-46179-_-BIOPSY,1,0,original
7516,S2427695__S2427695_BP1B27_C_14045_3,0,0,original
7517,S2039743__S20-39743-C-PLHE_0,1,0,original
7518,S2424250__S2424250,0,0,original
7519,S2039743__S20-39743-C-PLHE_0,1,0,original
7520,S2346179__S23-46179-_-BIOPSY,1,0,original
7521,S2434918__S24-34918-_-BIOPSY,1,0,original
7522,S2247860__S22-47860-_-DEEP_1,1,0,original
7523,S2531989__S2531989_0_BP1A2021,0,0,original
7524,S2530049__S2530049_0_BP1A2021,0,0,original
7525,S2134277__S2134277,1,0,original
7526,S2529112__S2529112_0_BP1A2021,0,0,original
7527,S2423618__S24-23618-_-RECUT_2,0,0,original
7528,S2425843__S24-25843-_-BIOPSY,0,0,original
7529,S2039743__S20-39743-C-PLHE_0,1,0,original
7530,S2424259__S2424259,0,0,original
7531,S2247860__S22-47860-_-DEEP_1,1,0,original
7532,S2247860__S22-47860-_-DEEP_1,1,0,original
7533,S2515598__S25-15598_0__144202,0,0,original
7534,S2530063__S2530063_0_BP1A2021,0,0,original
7535,S2434918__S24-34918-_-BIOPSY,1,0,original
7536,S19-40316__S19-40316,1,0,original
7537,S2247860__S22-47860-_-DEEP_1,1,0,original
7538,S19-19367__S19-19367,1,0,original
7539,S2513848__S25-13848_0_BP1A2021_131436,0,0,original
7540,S2524760__S2524760_0_BP1A2021,0,0,original
7541,S2511859__S25-11859_0_BP1A2021_150616,0,0,original
7542,S2237603__S22-37603-_-_1,0,0,original
7543,S2237603__S22-37603-_-_1,0,0,original
7544,S2134277__S2134277,1,0,original
7545,S2511006__S25-11006_0_BP1A2021_052242,0,0,original
7546,S17-42935__S17-42935,1,0,original
7547,S2237603__S22-37603-_-_1,0,0,original
7548,S2511008__S25-11008_0_BP1A2021_052339,1,0,original
7549,S19-19367__S19-19367,1,0,original
7550,S2533022__S2533022_0_BP1A2021,0,0,original
7551,S2511859__S25-11859_0_BP1A2021_150616,0,0,original
7552,S19-19367__S19-19367,1,0,original
7553,S2406038__S2406038,0,0,original
7554,S2424259__S2424259,0,0,original
7555,S2513846__S25-13846_0_BP1A2021_161650,0,0,original
7556,S2423618__S24-23618-_-RECUT_2,0,0,original
7557,S16-17719__S16-17719,1,0,original
7558,S2235518__S22-35518-_-BIOPSY,0,0,original
7559,S2406753__S24-06753-_-SERIAL_2,0,0,original
7560,S2039743__S20-39743-P-PLHE_3,1,0,original
7561,S2346179__S23-46179-_-BIOPSY,1,0,original
7562,S2039743__S20-39743-C-PLHE_0,1,0,original
7563,S2513847__S25-13847_0_BP1A2021_131603,0,0,original
7564,S2039743__S20-39743-C-PLHE_0,1,0,original
7565,S2427695__S2427695_BP1B27_C_14045_3,0,0,original
7566,S2511008__S25-11008_0_BP1A2021_052339,1,0,original
7567,S2235518__S22-35518-_-BIOPSY,0,0,original
7568,S2409392__S2409392,0,0,original
7569,S19-40316__S19-40316,1,0,original
7570,S2504719__S25-04719-_-DEEP_1,0,0,original
7571,S2522994__S2522994_0_BP1A2021,0,0,original
7572,S2513848__S25-13848_0_BP1A2021_131436,0,0,original
7573,S19-19367__S19-19367,1,0,original
7574,S2530991__S2530991_0_BP1A2021,0,0,original
7575,S2527323__S2527323_0_BP1A2021,0,0,original
7576,S2039743__S20-39743-C-PLHE_0,1,0,original
7577,S2511006__S25-11006_0_BP1A2021_052242,0,0,original
7578,S2134277__S2134277,1,0,original
7579,S2039743__S20-39743-P-PLHE_3,1,0,original
7580,S2530049__S2530049_0_BP1A2021,0,0,original
7581,S2424250__S2424250,0,0,original
7582,S2346179__S23-46179-_-BIOPSY,1,0,original
7583,S2427695__S24-27695-_-BIOPSY,0,0,original
7584,S2531989__S2531989_0_BP1A2021,0,0,original
7585,S2515598__S25-15598_0__144202,0,0,original
7586,S2409390__S2409390,0,0,original
7587,S2039743__S20-39743-C-PLHE_0,1,0,original
7588,S2424258__S2424258,0,0,original
7589,S2134277__S2134277,1,0,original
7590,S2423618__S24-23618-_-RECUT_2,0,0,original
7591,S16-17719__S16-17719,1,0,original
7592,S2511859__S25-11859_0_BP1A2021_150616,0,0,original
7593,S2522980__S2522980_0_BP1A2021,0,0,original
7594,S2039743__S20-39743-L-PLHE_1,1,0,original
7595,S2352429__S23-52429-_-RECUT_1,0,0,original
7596,S19-19367__S19-19367,1,0,original
7597,S2513847__S25-13847_0_BP1A2021_131603,0,0,original
7598,S2039743__S20-39743-P-PLHE_3,1,0,original
7599,S2521240__S2521240_0_BP1A2021,1,0,original
7600,S2352429__S23-52429-_-BIOPSY,0,0,original
7601,S2533022__S2533022_0_BP1A2021,0,0,original
7602,S2521240__S2521240_0_BP1A2021,1,0,original
7603,S17-42935__S17-42935,1,0,original
7604,S2521240__S2521240_0_BP1A2021,1,0,original
7605,S2247860__S22-47860-_-DEEP_1,1,0,original
7606,S2434918__S24-34918-_-BIOPSY,1,0,original
7607,S2524760__S2524760_0_BP1A2021,0,0,original
7608,S2533022__S2533022_0_BP1A2021,0,0,original
7609,S2425843__S24-25843-_-BIOPSY,0,0,original
7610,S2511008__S25-11008_0_BP1A2021_052339,1,0,original
7611,S2530049__S2530049_0_BP1A2021,0,0,original
7612,S2521240__S2521240_0_BP1A2021,1,0,original
7613,S2424250__S2424250,0,0,original
7614,S17-42935__S17-42935,1,0,original
7615,S2434918__S24-34918-_-BIOPSY,1,0,original
7616,S2423618__S24-23618-_-RECUT_2,0,0,original
7617,S17-42935__S17-42935,1,0,original
7618,S2530049__S2530049_0_BP1A2021,0,0,original
7619,S2513848__S25-13848_0_BP1A2021_131436,0,0,original
7620,S2409392__S2409392,0,0,original
7621,S2134277__S2134277,1,0,original
7622,S2521240__S2521240_0_BP1A2021,1,0,original
7623,S2039743__S20-39743-L-PLHE_1,1,0,original
7624,S2415689__S24-15689-_-BIOPSY,1,0,original
7625,S2533022__S2533022_0_BP1A2021,0,0,original
7626,S2511008__S25-11008_0_BP1A2021_052339,1,0,original
7627,S2513847__S25-13847_0_BP1A2021_131603,0,0,original
7628,S19-40316__S19-40316,1,0,original
7629,S2237603__S22-37603-_-_1,0,0,original
7630,S2039743__S20-39743-C-PLHE_0,1,0,original
7631,S2513848__S25-13848_0_BP1A2021_131436,0,0,original
7632,S2406038__S2406038,0,0,original
7633,S2346179__S23-46179-_-BIOPSY,1,0,original
7634,S2346179__S23-46179-_-BIOPSY,1,0,original
7635,S19-40316__S19-40316,1,0,original
7636,S2424259__S2424259,0,0,original
7637,S2415689__S24-15689-_-BIOPSY,1,0,original
7638,S18-18746__S18-18746,1,0,original
7639,S2521240__S2521240_0_BP1A2021,1,0,original
7640,S2039743__S20-39743-P-PLHE_3,1,0,original
7641,S2039743__S20-39743-P-PLHE_3,1,0,original
7642,S2415689__S24-15689-_-BIOPSY,1,0,original
7643,S2515598__S25-15598_0__144202,0,0,original
7644,S2521239__S2521239_0_BP1A2021,0,0,original
7645,S2521240__S2521240_0_BP1A2021,1,0,original
7646,S2511008__S25-11008_0_BP1A2021_052339,1,0,original
7647,S2513846__S25-13846_0_BP1A2021_131523,0,0,original
7648,S2513846__S25-13846_0_BP1A2021_161650,0,0,original
7649,S2521240__S2521240_0_BP1A2021,1,0,original
7650,S2409390__S2409390,0,0,original
7651,S2039743__S20-39743-C-PLHE_0,1,0,original
7652,S2511859__S25-11859_0_BP1A2021_150616,0,0,original
7653,S2434918__S24-34918-_-BIOPSY,1,0,original
7654,S2434918__S24-34918-_-BIOPSY,1,0,original
7655,S17-42935__S17-42935,1,0,original
7656,S2511006__S25-11006_0_BP1A2021_052242,0,0,original
7657,S2529112__S2529112_0_BP1A2021,0,0,original
7658,S2513846__S25-13846_0_BP1A2021_131523,0,0,original
7659,S2535840__S2535840_0_BP1A2021,0,0,original
7660,S2424258__S2424258,0,0,original
7661,S16-17719__S16-17719,1,0,original
7662,S2434918__S24-34918-_-BIOPSY,1,0,original
7663,S2352429__S23-52429-_-RECUT_1,0,0,original
7664,S2530049__S2530049_0_BP1A2021,0,0,original
7665,S2346179__S23-46179-_-BIOPSY,1,0,original
7666,S2039743__S20-39743-P-PLHE_3,1,0,original
7667,S2434918__S24-34918-_-BIOPSY,1,0,original
7668,S2247860__S22-47860-_-DEEP_1,1,0,original
7669,S2128633__S2128633--DEEP,1,0,original
7670,S2511008__S25-11008_0_BP1A2021_052339,1,0,original
7671,S2406753__S24-06753-_-DEEP_1,0,0,original
7672,S2427695__S2427695_BP1B27_C_14045_3,0,0,original
7673,S2247860__S22-47860-_-DEEP_1,1,0,original
7674,S2511008__S25-11008_0_BP1A2021_052339,1,0,original
7675,S18-18746__S18-18746,1,0,original
7676,S2524760__S2524760_0_BP1A2021,0,0,original
7677,S2352429__S23-52429-_-RECUT_1,0,0,original
7678,S2434918__S24-34918-_-BIOPSY,1,0,original
7679,S2434918__S24-34918-_-BIOPSY,1,0,original
7680,S2504719__S25-04719-_-DEEP_1,0,0,original
7681,S2326329__S23-26329-_-BIOPSY,0,0,original
7682,S2526362__S2526362_0_BP1A2021,0,0,original
7683,S2039743__S20-39743-L-PLHE_1,1,0,original
7684,S2247860__S22-47860-_-DEEP_1,1,0,original
7685,S2511008__S25-11008_0_BP1A2021_052339,1,0,original
7686,S2247860__S22-47860-_-DEEP_1,1,0,original
7687,S18-18746__S18-18746,1,0,original
7688,S2128633__S2128633--DEEP,1,0,original
7689,S2425843__S24-25843-_-BIOPSY,0,0,original
7690,S2425843__S24-25843-_-BIOPSY,0,0,original
7691,S2524760__S2524760_0_BP1A2021,0,0,original
7692,S2535840__S2535840_0_BP1A2021,0,0,original
7693,S2434918__S24-34918-_-BIOPSY,1,0,original
7694,S17-42935__S17-42935,1,0,original
7695,S2513846__S25-13846_0_BP1A2021_131523,0,0,original
7696,S19-40316__S19-40316,1,0,original
7697,S2039743__S20-39743-L-PLHE_1,1,0,original
7698,S2526362__S2526362_0_BP1A2021,0,0,original
7699,S2415689__S24-15689-_-BIOPSY,1,0,original
7700,S2406038__S2406038,0,0,original
7701,S2352429__S23-52429-_-BIOPSY,0,0,original
7702,S2346179__S23-46179-_-BIOPSY,1,0,original
7703,S2530063__S2530063_0_BP1A2021,0,0,original
7704,S2425843__S24-25843-_-BIOPSY,0,0,original
7705,S2352429__S23-52429-_-BIOPSY,0,0,original
7706,S16-17719__S16-17719,1,0,original
7707,S2511008__S25-11008_0_BP1A2021_052339,1,0,original
7708,S2406753__S24-06753-_-SERIAL_2,0,0,original
7709,S2352429__S23-52429-_-RECUT_1,0,0,original
7710,S17-42935__S17-42935,1,0,original
7711,S2424259__S2424259,0,0,original
7712,S2427695__S24-27695-_-BIOPSY,0,0,original
7713,S2524760__S2524760_0_BP1A2021,0,0,original
7714,S2415689__S24-15689-_-BIOPSY,1,0,original
7715,S17-42935__S17-42935,1,0,original
7716,S2406753__S24-06753-_-SERIAL_2,0,0,original
7717,S2427695__S24-27695-_-BIOPSY,0,0,original
7718,S2511859__S25-11859_0_BP1A2021_150616,0,0,original
7719,S2522980__S2522980_0_BP1A2021,0,0,original
7720,S2237603__S22-37603-_-_1,0,0,original
7721,S2128633__S2128633--DEEP,1,0,original
7722,S2406753__S24-06753-_-SERIAL_2,0,0,original
7723,S2415689__S24-15689-_-BIOPSY,1,0,original
7724,S2039743__S20-39743-C-PLHE_0,1,0,original
7725,S2128633__S2128633--DEEP,1,0,original
7726,S2521240__S2521240_0_BP1A2021,1,0,original
7727,S18-18746__S18-18746,1,0,original
7728,S2524760__S2524760_0_BP1A2021,0,0,original
7729,S2535840__S2535840_0_BP1A2021,0,0,original
7730,S2039743__S20-39743-L-PLHE_1,1,0,original
7731,S2424258__S2424258,0,0,original
7732,S2425843__S24-25843-_-BIOPSY,0,0,original
7733,S2128633__S2128633--DEEP,1,0,original
7734,S2409392__S2409392,0,0,original
7735,S2346179__S23-46179-_-BIOPSY,1,0,original
7736,S2423618__S24-23618-_-RECUT_2,0,0,original
7737,S2039743__S20-39743-L-PLHE_1,1,0,original
7738,S2434918__S24-34918-_-BIOPSY,1,0,original
7739,S2247860__S22-47860-_-DEEP_1,1,0,original
7740,S19-19367__S19-19367,1,0,original
7741,S2511006__S25-11006_0_BP1A2021_052242,0,0,original
7742,S2434918__S24-34918-_-BIOPSY,1,0,original
7743,S17-42935__S17-42935,1,0,original
7744,S2346179__S23-46179-_-BIOPSY,1,0,original
7745,S2346179__S23-46179-_-BIOPSY,1,0,original
7746,S2526362__S2526362_0_BP1A2021,0,0,original
7747,S2530049__S2530049_0_BP1A2021,0,0,original
7748,S2504719__S25-04719-_-DEEP_1,0,0,original
7749,S2529112__S2529112_0_BP1A2021,0,0,original
7750,S2415689__S24-15689-_-BIOPSY,1,0,original
7751,S2346179__S23-46179-_-BIOPSY,1,0,original
7752,S2346179__S23-46179-_-BIOPSY,1,0,original
7753,S19-40063__S19-40063,0,0,original
7754,S17-42935__S17-42935,1,0,original
7755,S16-17719__S16-17719,1,0,original
7756,S2529112__S2529112_0_BP1A2021,0,0,original
7757,S2134277__S2134277,1,0,original
7758,S2513846__S25-13846_0_BP1A2021_131523,0,0,original
7759,S2346179__S23-46179-_-BIOPSY,1,0,original
7760,S2424250__S2424250,0,0,original
7761,S2039743__S20-39743-L-PLHE_1,1,0,original
7762,S19-40316__S19-40316,1,0,original
7763,S2513848__S25-13848_0_BP1A2021_131436,0,0,original
7764,S2526362__S2526362_0_BP1A2021,0,0,original
7765,S2533022__S2533022_0_BP1A2021,0,0,original
7766,S2346179__S23-46179-_-BIOPSY,1,0,original
7767,S2513846__S25-13846_0_BP1A2021_161650,0,0,original
7768,S2530049__S2530049_0_BP1A2021,0,0,original
7769,S2521240__S2521240_0_BP1A2021,1,0,original
7770,S18-18746__S18-18746,1,0,original
7771,S2524760__S2524760_0_BP1A2021,0,0,original
7772,S2522980__S2522980_0_BP1A2021,0,0,original
7773,S2511859__S25-11859_0_BP1A2021_150616,0,0,original
7774,S2529112__S2529112_0_BP1A2021,0,0,original
7775,S2415689__S24-15689-_-BIOPSY,1,0,original
7776,S2039743__S20-39743-P-PLHE_3,1,0,original
7777,S2427695__S24-27695-_-BIOPSY,0,0,original
7778,S2424258__S2424258,0,0,original
7779,S2527323__S2527323_0_BP1A2021,0,0,original
7780,S2530991__S2530991_0_BP1A2021,0,0,original
7781,S2039743__S20-39743-L-PLHE_1,1,0,original
7782,S2511006__S25-11006_0_BP1A2021_052242,0,0,original
7783,S2530991__S2530991_0_BP1A2021,0,0,original
7784,S2247860__S22-47860-_-DEEP_1,1,0,original
7785,S2521240__S2521240_0_BP1A2021,1,0,original
7786,S2530049__S2530049_0_BP1A2021,0,0,original
7787,S2039743__S20-39743-P-PLHE_3,1,0,original
7788,S2521239__S2521239_0_BP1A2021,0,0,original
7789,S2134277__S2134277,1,0,original
7790,S2039743__S20-39743-P-PLHE_3,1,0,original
7791,S2522994__S2522994_0_BP1A2021,0,0,original
7792,S2409390__S2409390,0,0,original
7793,S2406753__S24-06753-_-SERIAL_2,0,0,original
7794,S2434918__S24-34918-_-BIOPSY,1,0,original
7795,S19-40063__S19-40063,0,0,original
7796,S2039743__S20-39743-L-PLHE_1,1,0,original
7797,S19-40316__S19-40316,1,0,original
7798,S2526362__S2526362_0_BP1A2021,0,0,original
7799,S17-42935__S17-42935,1,0,original
7800,S2352429__S23-52429-_-RECUT_1,0,0,original
7801,S2406753__S24-06753-_-SERIAL_2,0,0,original
7802,S2134277__S2134277,1,0,original
7803,S2530049__S2530049_0_BP1A2021,0,0,original
7804,S19-19367__S19-19367,1,0,original
7805,S2346179__S23-46179-_-BIOPSY,1,0,original
7806,S19-19367__S19-19367,1,0,original
7807,S2134277__S2134277,1,0,original
7808,S2434918__S24-34918-_-BIOPSY,1,0,original
7809,S16-17719__S16-17719,1,0,original
7810,S2409390__S2409390,0,0,original
7811,S2247860__S22-47860-_-DEEP_1,1,0,original
7812,S2535840__S2535840_0_BP1A2021,0,0,original
7813,S2513846__S25-13846_0_BP1A2021_131523,0,0,original
7814,S2415689__S24-15689-_-BIOPSY,1,0,original
7815,S2513846__S25-13846_0_BP1A2021_161650,0,0,original
7816,S2409390__S2409390,0,0,original
7817,S2434918__S24-34918-_-BIOPSY,1,0,original
7818,S2530991__S2530991_0_BP1A2021,0,0,original
7819,S2247860__S22-47860-_-DEEP_1,1,0,original
7820,S2039743__S20-39743-L-PLHE_1,1,0,original
7821,S2515598__S25-15598_0__144202,0,0,original
7822,S2521239__S2521239_0_BP1A2021,0,0,original
7823,S2513846__S25-13846_0_BP1A2021_131523,0,0,original
7824,S2134277__S2134277,1,0,original
7825,S19-40316__S19-40316,1,0,original
7826,S16-17719__S16-17719,1,0,original
7827,S2039743__S20-39743-P-PLHE_3,1,0,original
7828,S2406753__S24-06753-_-DEEP_1,0,0,original
7829,S2427695__S2427695_BP1B27_C_14045_3,0,0,original
7830,S2409392__S2409392,0,0,original
7831,S2529112__S2529112_0_BP1A2021,0,0,original
7832,S19-19367__S19-19367,1,0,original
7833,S2434918__S24-34918-_-BIOPSY,1,0,original
7834,S18-18746__S18-18746,1,0,original
7835,S2039743__S20-39743-L-PLHE_1,1,0,original
7836,S2039743__S20-39743-P-PLHE_3,1,0,original
7837,S2406038__S2406038,0,0,original
7838,S2406038__S2406038,0,0,original
7839,S2406753__S24-06753-_-DEEP_1,0,0,original
7840,S17-42935__S17-42935,1,0,original
7841,S2529112__S2529112_0_BP1A2021,0,0,original
7842,S2352429__S23-52429-_-BIOPSY,0,0,original
7843,S19-40316__S19-40316,1,0,original
7844,S2415689__S24-15689-_-BIOPSY,1,0,original
7845,S18-18746__S18-18746,1,0,original
7846,S2406038__S2406038,0,0,original
7847,S2427695__S24-27695-_-BIOPSY,0,0,original
7848,S2039743__S20-39743-C-PLHE_0,1,0,original
7849,S2425843__S24-25843-_-BIOPSY,0,0,original
7850,S2128633__S2128633--DEEP,1,0,original
7851,S19-40316__S19-40316,1,0,original
7852,S2527323__S2527323_0_BP1A2021,0,0,original
7853,S2515598__S25-15598_0__144202,0,0,original
7854,S2134277__S2134277,1,0,original
7855,S2511008__S25-11008_0_BP1A2021_052339,1,0,original
7856,S2530049__S2530049_0_BP1A2021,0,0,original
7857,S2409392__S2409392,0,0,original
7858,S2415689__S24-15689-_-BIOPSY,1,0,original
7859,S2522994__S2522994_0_BP1A2021,0,0,original
7860,S2039743__S20-39743-P-PLHE_3,1,0,original
7861,S17-42935__S17-42935,1,0,original
7862,S2352429__S23-52429-_-RECUT_1,0,0,original
7863,S2521240__S2521240_0_BP1A2021,1,0,original
7864,S2521240__S2521240_0_BP1A2021,1,0,original
7865,S2409392__S2409392,0,0,original
7866,S2039743__S20-39743-C-PLHE_0,1,0,original
7867,S2521240__S2521240_0_BP1A2021,1,0,original
7868,S2526362__S2526362_0_BP1A2021,0,0,original
7869,S2434918__S24-34918-_-BIOPSY,1,0,original
7870,S2352429__S23-52429-_-RECUT_1,0,0,original
7871,S2535840__S2535840_0_BP1A2021,0,0,original
7872,S2134277__S2134277,1,0,original
7873,S2513846__S25-13846_0_BP1A2021_131523,0,0,original
7874,S16-17719__S16-17719,1,0,original
7875,S2513848__S25-13848_0_BP1A2021_131436,0,0,original
7876,S2039743__S20-39743-L-PLHE_1,1,0,original
7877,S19-19367__S19-19367,1,0,original
7878,S2513847__S25-13847_0_BP1A2021_131603,0,0,original
7879,S2530991__S2530991_0_BP1A2021,0,0,original
7880,S16-17719__S16-17719,1,0,original
7881,S19-40316__S19-40316,1,0,original
7882,S2352429__S23-52429-_-RECUT_1,0,0,original
7883,S2326329__S23-26329-_-BIOPSY,0,0,original
7884,S2128633__S2128633--DEEP,1,0,original
7885,S2039743__S20-39743-L-PLHE_1,1,0,original
7886,S2511006__S25-11006_0_BP1A2021_052242,0,0,original
7887,S2247860__S22-47860-_-DEEP_1,1,0,original
7888,S2247860__S22-47860-_-DEEP_1,1,0,original
7889,S2521240__S2521240_0_BP1A2021,1,0,original
7890,S2346179__S23-46179-_-BIOPSY,1,0,original
7891,S2039743__S20-39743-P-PLHE_3,1,0,original
7892,S2521240__S2521240_0_BP1A2021,1,0,original
7893,S2039743__S20-39743-L-PLHE_1,1,0,original
7894,S19-19367__S19-19367,1,0,original
7895,S2521239__S2521239_0_BP1A2021,0,0,original
7896,S2039743__S20-39743-C-PLHE_0,1,0,original
7897,S19-19367__S19-19367,1,0,original
7898,S2039743__S20-39743-L-PLHE_1,1,0,original
7899,S2247860__S22-47860-_-DEEP_1,1,0,original
7900,S18-18746__S18-18746,1,0,original
7901,S2515598__S25-15598_0__144202,0,0,original
7902,S2434918__S24-34918-_-BIOPSY,1,0,original
7903,S17-42935__S17-42935,1,0,original
7904,S2039743__S20-39743-P-PLHE_3,1,0,original
7905,S2513848__S25-13848_0_BP1A2021_131436,0,0,original
7906,S2134277__S2134277,1,0,original
7907,S2409390__S2409390,0,0,original
7908,S2415689__S24-15689-_-BIOPSY,1,0,original
7909,S19-40063__S19-40063,0,0,original
7910,S2511008__S25-11008_0_BP1A2021_052339,1,0,original
7911,S2039743__S20-39743-L-PLHE_1,1,0,original
7912,S2039743__S20-39743-C-PLHE_0,1,0,original
7913,S2521240__S2521240_0_BP1A2021,1,0,original
7914,S17-42935__S17-42935,1,0,original
7915,S2531989__S2531989_0_BP1A2021,0,0,original
7916,S2134277__S2134277,1,0,original
7917,S2128633__S2128633--DEEP,1,0,original
7918,S2039743__S20-39743-P-PLHE_3,1,0,original
7919,S2134277__S2134277,1,0,original
7920,S2530991__S2530991_0_BP1A2021,0,0,original
7921,S2247860__S22-47860-_-DEEP_1,1,0,original
7922,S2352429__S23-52429-_-RECUT_1,0,0,original
7923,S2515598__S25-15598_0__144202,0,0,original
7924,S2039743__S20-39743-C-PLHE_0,1,0,original
7925,S2352429__S23-52429-_-BIOPSY,0,0,original
7926,S19-40316__S19-40316,1,0,original
7927,S2128633__S2128633--DEEP,1,0,original
7928,S2423618__S24-23618-_-RECUT_2,0,0,original
7929,S2039743__S20-39743-P-PLHE_3,1,0,original
7930,S2424259__S2424259,0,0,original
7931,S2247860__S22-47860-_-DEEP_1,1,0,original
7932,S19-40316__S19-40316,1,0,original
7933,S2406753__S24-06753-_-DEEP_1,0,0,original
7934,S2522994__S2522994_0_BP1A2021,0,0,original
7935,S2504719__S25-04719-_-DEEP_1,0,0,original
7936,S2406753__S24-06753-_-DEEP_1,0,0,original
7937,S2522980__S2522980_0_BP1A2021,0,0,original
7938,S2247860__S22-47860-_-DEEP_1,1,0,original
7939,S2039743__S20-39743-C-PLHE_0,1,0,original
7940,S2352429__S23-52429-_-RECUT_1,0,0,original
7941,S19-40063__S19-40063,0,0,original
7942,S2424258__S2424258,0,0,original
7943,S2346179__S23-46179-_-BIOPSY,1,0,original
7944,S2521240__S2521240_0_BP1A2021,1,0,original
7945,S2039743__S20-39743-C-PLHE_0,1,0,original
7946,S2526362__S2526362_0_BP1A2021,0,0,original
7947,S16-17719__S16-17719,1,0,original
7948,S2533022__S2533022_0_BP1A2021,0,0,original
7949,S2128633__S2128633--DEEP,1,0,original
7950,S17-42935__S17-42935,1,0,original
7951,S19-40316__S19-40316,1,0,original
7952,S2521239__S2521239_0_BP1A2021,0,0,original
7953,S19-19367__S19-19367,1,0,original
7954,S2434918__S24-34918-_-BIOPSY,1,0,original
7955,S2427695__S24-27695-_-BIOPSY,0,0,original
7956,S2530049__S2530049_0_BP1A2021,0,0,original
7957,S2424259__S2424259,0,0,original
7958,S2530991__S2530991_0_BP1A2021,0,0,original
7959,S2530049__S2530049_0_BP1A2021,0,0,original
7960,S2039743__S20-39743-L-PLHE_1,1,0,original
7961,S2504719__S25-04719-_-DEEP_1,0,0,original
7962,S2434918__S24-34918-_-BIOPSY,1,0,original
7963,S18-18746__S18-18746,1,0,original
7964,S2352429__S23-52429-_-RECUT_1,0,0,original
7965,S19-19367__S19-19367,1,0,original
7966,S2434918__S24-34918-_-BIOPSY,1,0,original
7967,S2346179__S23-46179-_-BIOPSY,1,0,original
7968,S2406038__S2406038,0,0,original
7969,S2247860__S22-47860-_-DEEP_1,1,0,original
7970,S2425843__S24-25843-_-BIOPSY,0,0,original
7971,S2134277__S2134277,1,0,original
7972,S2521240__S2521240_0_BP1A2021,1,0,original
7973,S2434918__S24-34918-_-BIOPSY,1,0,original
7974,S2134277__S2134277,1,0,original
7975,S2039743__S20-39743-L-PLHE_1,1,0,original
7976,S2530049__S2530049_0_BP1A2021,0,0,original
7977,S2424250__S2424250,0,0,original
7978,S2128633__S2128633--DEEP,1,0,original
7979,S2521239__S2521239_0_BP1A2021,0,0,original
7980,S2425843__S24-25843-_-BIOPSY,0,0,original
7981,S19-40316__S19-40316,1,0,original
7982,S2526362__S2526362_0_BP1A2021,0,0,original
7983,S2434918__S24-34918-_-BIOPSY,1,0,original
7984,S16-17719__S16-17719,1,0,original
7985,S2352429__S23-52429-_-BIOPSY,0,0,original
7986,S2039743__S20-39743-C-PLHE_0,1,0,original
7987,S2415689__S24-15689-_-BIOPSY,1,0,original
7988,S2406753__S24-06753-_-SERIAL_2,0,0,original
7989,S2521239__S2521239_0_BP1A2021,0,0,original
7990,S2134277__S2134277,1,0,original
7991,S2530063__S2530063_0_BP1A2021,0,0,original
7992,S2530991__S2530991_0_BP1A2021,0,0,original
7993,S2515598__S25-15598_0__144202,0,0,original
7994,S2134277__S2134277,1,0,original
7995,S18-18746__S18-18746,1,0,original
7996,S19-19367__S19-19367,1,0,original
7997,S17-42935__S17-42935,1,0,original
7998,S2522980__S2522980_0_BP1A2021,0,0,original
7999,S2424259__S2424259,0,0,original
8000,S2530049__S2530049_0_BP1A2021,0,0,original
8001,S16-17719__S16-17719,1,0,original
8002,S17-42935__S17-42935,1,0,original
8003,S2352429__S23-52429-_-BIOPSY,0,0,original
8004,S2530049__S2530049_0_BP1A2021,0,0,original
8005,S2406753__S24-06753-_-SERIAL_2,0,0,original
8006,S16-17719__S16-17719,1,0,original
8007,S2511008__S25-11008_0_BP1A2021_052339,1,0,original
8008,S2039743__S20-39743-L-PLHE_1,1,0,original
8009,S2039743__S20-39743-L-PLHE_1,1,0,original
8010,S19-40316__S19-40316,1,0,original
8011,S2530049__S2530049_0_BP1A2021,0,0,original
8012,S2415689__S24-15689-_-BIOPSY,1,0,original
8013,S2427695__S24-27695-_-BIOPSY,0,0,original
8014,S2039743__S20-39743-L-PLHE_1,1,0,original
8015,S2134277__S2134277,1,0,original
8016,S18-18746__S18-18746,1,0,original
8017,S2524760__S2524760_0_BP1A2021,0,0,original
8018,S2513846__S25-13846_0_BP1A2021_161650,0,0,original
8019,S19-40316__S19-40316,1,0,original
8020,S2529112__S2529112_0_BP1A2021,0,0,original
8021,S2406753__S24-06753-_-DEEP_1,0,0,original
8022,S19-40316__S19-40316,1,0,original
8023,S2513847__S25-13847_0_BP1A2021_131603,0,0,original
8024,S2513848__S25-13848_0_BP1A2021_131436,0,0,original
8025,S2235518__S22-35518-_-BIOPSY,0,0,original
8026,S2423618__S24-23618-_-RECUT_2,0,0,original
8027,S16-17719__S16-17719,1,0,original
8028,S2134277__S2134277,1,0,original
8029,S2039743__S20-39743-L-PLHE_1,1,0,original
8030,S2427695__S2427695_BP1B27_C_14045_3,0,0,original
8031,S2039743__S20-39743-P-PLHE_3,1,0,original
8032,S18-18746__S18-18746,1,0,original
8033,S2247860__S22-47860-_-DEEP_1,1,0,original
8034,S2511008__S25-11008_0_BP1A2021_052339,1,0,original
8035,S2526362__S2526362_0_BP1A2021,0,0,original
8036,S2415689__S24-15689-_-BIOPSY,1,0,original
8037,S2128633__S2128633--DEEP,1,0,original
8038,S2427695__S24-27695-_-BIOPSY,0,0,original
8039,S2128633__S2128633--DEEP,1,0,original
8040,S2522980__S2522980_0_BP1A2021,0,0,original
8041,S2511006__S25-11006_0_BP1A2021_052242,0,0,original
8042,S2529112__S2529112_0_BP1A2021,0,0,original
8043,S2039743__S20-39743-P-PLHE_3,1,0,original
8044,S2409392__S2409392,0,0,original
8045,S19-40316__S19-40316,1,0,original
8046,S16-17719__S16-17719,1,0,original
8047,S2530049__S2530049_0_BP1A2021,0,0,original
8048,S2434918__S24-34918-_-BIOPSY,1,0,original
8049,S2423618__S24-23618-_-RECUT_2,0,0,original
8050,S2039743__S20-39743-P-PLHE_3,1,0,original
8051,S2134277__S2134277,1,0,original
8052,S19-19367__S19-19367,1,0,original
8053,S2406038__S2406038,0,0,original
8054,S2352429__S23-52429-_-RECUT_1,0,0,original
8055,S2039743__S20-39743-P-PLHE_3,1,0,original
8056,S2530049__S2530049_0_BP1A2021,0,0,original
8057,S2511006__S25-11006_0_BP1A2021_052242,0,0,original
8058,S2530063__S2530063_0_BP1A2021,0,0,original
8059,S16-17719__S16-17719,1,0,original
8060,S2409390__S2409390,0,0,original
8061,S2511008__S25-11008_0_BP1A2021_052339,1,0,original
8062,S19-19367__S19-19367,1,0,original
8063,S16-17719__S16-17719,1,0,original
8064,S2406753__S24-06753-_-DEEP_1,0,0,original
8065,S2039743__S20-39743-C-PLHE_0,1,0,original
8066,S2511008__S25-11008_0_BP1A2021_052339,1,0,original
8067,S2530049__S2530049_0_BP1A2021,0,0,original
8068,S17-42935__S17-42935,1,0,original
8069,S2513846__S25-13846_0_BP1A2021_161650,0,0,original
8070,S18-18746__S18-18746,1,0,original
8071,S2352429__S23-52429-_-RECUT_1,0,0,original
8072,S2415689__S24-15689-_-BIOPSY,1,0,original
8073,S19-40316__S19-40316,1,0,original
8074,S19-19367__S19-19367,1,0,original
8075,S19-40316__S19-40316,1,0,original
8076,S2352429__S23-52429-_-BIOPSY,0,0,original
8077,S2039743__S20-39743-P-PLHE_3,1,0,original
8078,S19-40316__S19-40316,1,0,original
8079,S2424259__S2424259,0,0,original
8080,S2039743__S20-39743-L-PLHE_1,1,0,original
8081,S2415689__S24-15689-_-BIOPSY,1,0,original
8082,S2039743__S20-39743-C-PLHE_0,1,0,original
8083,S2406753__S24-06753-_-DEEP_1,0,0,original
8084,S2425843__S24-25843-_-BIOPSY,0,0,original
8085,S19-19367__S19-19367,1,0,original
8086,S2039743__S20-39743-C-PLHE_0,1,0,original
8087,S2237603__S22-37603-_-_1,0,0,original
8088,S2134277__S2134277,1,0,original
8089,S2039743__S20-39743-C-PLHE_0,1,0,original
8090,S2513846__S25-13846_0_BP1A2021_131523,0,0,original
8091,S2039743__S20-39743-L-PLHE_1,1,0,original
8092,S2513846__S25-13846_0_BP1A2021_161650,0,0,original
8093,S2326329__S23-26329-_-BIOPSY,0,0,original
8094,S2039743__S20-39743-C-PLHE_0,1,0,original
8095,S2513846__S25-13846_0_BP1A2021_131523,0,0,original
8096,S2524760__S2524760_0_BP1A2021,0,0,original
8097,S2039743__S20-39743-P-PLHE_3,1,0,original
8098,S2424259__S2424259,0,0,original
8099,S2526362__S2526362_0_BP1A2021,0,0,original
8100,S17-42935__S17-42935,1,0,original
8101,S2346179__S23-46179-_-BIOPSY,1,0,original
8102,S2511008__S25-11008_0_BP1A2021_052339,1,0,original
8103,S2039743__S20-39743-P-PLHE_3,1,0,original
8104,S2513846__S25-13846_0_BP1A2021_161650,0,0,original
8105,S2128633__S2128633--DEEP,1,0,original
8106,S2530049__S2530049_0_BP1A2021,0,0,original
8107,S2247860__S22-47860-_-DEEP_1,1,0,original
8108,S2427695__S24-27695-_-BIOPSY,0,0,original
8109,S2521239__S2521239_0_BP1A2021,0,0,original
8110,S2406753__S24-06753-_-SERIAL_2,0,0,original
8111,S2434918__S24-34918-_-BIOPSY,1,0,original
8112,S2531989__S2531989_0_BP1A2021,0,0,original
8113,S2039743__S20-39743-P-PLHE_3,1,0,original
8114,S2530063__S2530063_0_BP1A2021,0,0,original
8115,S2423618__S24-23618-_-RECUT_2,0,0,original
8116,S2247860__S22-47860-_-DEEP_1,1,0,original
8117,S2527323__S2527323_0_BP1A2021,0,0,original
8118,S2039743__S20-39743-P-PLHE_3,1,0,original
8119,S2346179__S23-46179-_-BIOPSY,1,0,original
8120,S2352429__S23-52429-_-BIOPSY,0,0,original
8121,S2409392__S2409392,0,0,original
8122,S16-17719__S16-17719,1,0,original
8123,S19-40316__S19-40316,1,0,original
8124,S2039743__S20-39743-P-PLHE_3,1,0,original
8125,S2434918__S24-34918-_-BIOPSY,1,0,original
8126,S2425843__S24-25843-_-BIOPSY,0,0,original
8127,S2522980__S2522980_0_BP1A2021,0,0,original
8128,S19-40316__S19-40316,1,0,original
8129,S2128633__S2128633--DEEP,1,0,original
8130,S17-42935__S17-42935,1,0,original
8131,S2128633__S2128633--DEEP,1,0,original
8132,S2511008__S25-11008_0_BP1A2021_052339,1,0,original
8133,S2530991__S2530991_0_BP1A2021,0,0,original
8134,S2511008__S25-11008_0_BP1A2021_052339,1,0,original
8135,S2515598__S25-15598_0__144202,0,0,original
8136,S19-19367__S19-19367,1,0,original
8137,S2527323__S2527323_0_BP1A2021,0,0,original
8138,S2134277__S2134277,1,0,original
8139,S2134277__S2134277,1,0,original
8140,S19-40316__S19-40316,1,0,original
8141,S2434918__S24-34918-_-BIOPSY,1,0,original
8142,S2134277__S2134277,1,0,original
8143,S2346179__S23-46179-_-BIOPSY,1,0,original
8144,S2346179__S23-46179-_-BIOPSY,1,0,original
8145,S2039743__S20-39743-P-PLHE_3,1,0,original
8146,S2530049__S2530049_0_BP1A2021,0,0,original
8147,S19-19367__S19-19367,1,0,original
8148,S2128633__S2128633--DEEP,1,0,original
8149,S2237603__S22-37603-_-_1,0,0,original
8150,S2409392__S2409392,0,0,original
8151,S2237603__S22-37603-_-_1,0,0,original
8152,S2530991__S2530991_0_BP1A2021,0,0,original
8153,S2424259__S2424259,0,0,original
8154,S2415689__S24-15689-_-BIOPSY,1,0,original
8155,S2346179__S23-46179-_-BIOPSY,1,0,original
8156,S2039743__S20-39743-P-PLHE_3,1,0,original
8157,S2415689__S24-15689-_-BIOPSY,1,0,original
8158,S2522994__S2522994_0_BP1A2021,0,0,original
8159,S2352429__S23-52429-_-RECUT_1,0,0,original
8160,S2524760__S2524760_0_BP1A2021,0,0,original
8161,S2513846__S25-13846_0_BP1A2021_131523,0,0,original
8162,S2434918__S24-34918-_-BIOPSY,1,0,original
8163,S2409392__S2409392,0,0,original
8164,S2235518__S22-35518-_-BIOPSY,0,0,original
8165,S18-18746__S18-18746,1,0,original
8166,S2406753__S24-06753-_-SERIAL_2,0,0,original
8167,S2352429__S23-52429-_-BIOPSY,0,0,original
8168,S2434918__S24-34918-_-BIOPSY,1,0,original
8169,S2406753__S24-06753-_-SERIAL_2,0,0,original
8170,S2511859__S25-11859_0_BP1A2021_150616,0,0,original
8171,S2511859__S25-11859_0_BP1A2021_150616,0,0,original
8172,S2530991__S2530991_0_BP1A2021,0,0,original
8173,S2423618__S24-23618-_-RECUT_2,0,0,original
8174,S19-19367__S19-19367,1,0,original
8175,S2527323__S2527323_0_BP1A2021,0,0,original
8176,S2533022__S2533022_0_BP1A2021,0,0,original
8177,S2434918__S24-34918-_-BIOPSY,1,0,original
8178,S2346179__S23-46179-_-BIOPSY,1,0,original
8179,S19-40316__S19-40316,1,0,original
8180,S2530991__S2530991_0_BP1A2021,0,0,original
8181,S2530991__S2530991_0_BP1A2021,0,0,original
8182,S2326329__S23-26329-_-BIOPSY,0,0,original
8183,S2522994__S2522994_0_BP1A2021,0,0,original
8184,S16-17719__S16-17719,1,0,original
8185,S2434918__S24-34918-_-BIOPSY,1,0,original
8186,S2424250__S2424250,0,0,original
8187,S2039743__S20-39743-L-PLHE_1,1,0,original
8188,S2326329__S23-26329-_-BIOPSY,0,0,original
8189,S2521240__S2521240_0_BP1A2021,1,0,original
8190,S2039743__S20-39743-P-PLHE_3,1,0,original
8191,S2529112__S2529112_0_BP1A2021,0,0,original
8192,S2434918__S24-34918-_-BIOPSY,1,0,original
8193,S19-40316__S19-40316,1,0,original
8194,S2513848__S25-13848_0_BP1A2021_131436,0,0,original
8195,S16-17719__S16-17719,1,0,original
8196,S2427695__S24-27695-_-BIOPSY,0,0,original
8197,S19-19367__S19-19367,1,0,original
8198,S2247860__S22-47860-_-DEEP_1,1,0,original
8199,S2409392__S2409392,0,0,original
8200,S2504719__S25-04719-_-DEEP_1,0,0,original
8201,S2531989__S2531989_0_BP1A2021,0,0,original
8202,S17-42935__S17-42935,1,0,original
8203,S19-40316__S19-40316,1,0,original
8204,S16-17719__S16-17719,1,0,original
8205,S2128633__S2128633--DEEP,1,0,original
8206,S16-17719__S16-17719,1,0,original
8207,S2247860__S22-47860-_-DEEP_1,1,0,original
8208,S17-42935__S17-42935,1,0,original
8209,S2424258__S2424258,0,0,original
8210,S2522994__S2522994_0_BP1A2021,0,0,original
8211,S2529112__S2529112_0_BP1A2021,0,0,original
8212,S2415689__S24-15689-_-BIOPSY,1,0,original
8213,S2511006__S25-11006_0_BP1A2021_052242,0,0,original
8214,S2406753__S24-06753-_-DEEP_1,0,0,original
8215,S2235518__S22-35518-_-BIOPSY,0,0,original
8216,S2513848__S25-13848_0_BP1A2021_131436,0,0,original
8217,S2513847__S25-13847_0_BP1A2021_131603,0,0,original
8218,S2511008__S25-11008_0_BP1A2021_052339,1,0,original
8219,S19-19367__S19-19367,1,0,original
8220,S17-42935__S17-42935,1,0,original
8221,S2425843__S24-25843-_-BIOPSY,0,0,original
8222,S2134277__S2134277,1,0,original
8223,S19-19367__S19-19367,1,0,original
8224,S2524760__S2524760_0_BP1A2021,0,0,original
8225,S2346179__S23-46179-_-BIOPSY,1,0,original
8226,S2128633__S2128633--DEEP,1,0,original
8227,S2128633__S2128633--DEEP,1,0,original
8228,S2524760__S2524760_0_BP1A2021,0,0,original
8229,S2533022__S2533022_0_BP1A2021,0,0,original
8230,S2511008__S25-11008_0_BP1A2021_052339,1,0,original
8231,S2415689__S24-15689-_-BIOPSY,1,0,original
8232,S2513847__S25-13847_0_BP1A2021_131603,0,0,original
8233,S2128633__S2128633--DEEP,1,0,original
8234,S2039743__S20-39743-L-PLHE_1,1,0,original
8235,S2424250__S2424250,0,0,original
8236,S2415689__S24-15689-_-BIOPSY,1,0,original
8237,S2247860__S22-47860-_-DEEP_1,1,0,original
8238,S2504719__S25-04719-_-DEEP_1,0,0,original
8239,S19-40316__S19-40316,1,0,original
8240,S2326329__S23-26329-_-BIOPSY,0,0,original
8241,S2531989__S2531989_0_BP1A2021,0,0,original
8242,S2513846__S25-13846_0_BP1A2021_161650,0,0,original
8243,S18-18746__S18-18746,1,0,original
8244,S2237603__S22-37603-_-_1,0,0,original
8245,S2527323__S2527323_0_BP1A2021,0,0,original
8246,S2533022__S2533022_0_BP1A2021,0,0,original
8247,S16-17719__S16-17719,1,0,original
8248,S2039743__S20-39743-C-PLHE_0,1,0,original
8249,S2039743__S20-39743-L-PLHE_1,1,0,original
8250,S2424259__S2424259,0,0,original
8251,S2039743__S20-39743-C-PLHE_0,1,0,original
8252,S2039743__S20-39743-C-PLHE_0,1,0,original
8253,S2237603__S22-37603-_-_1,0,0,original
8254,S2425843__S24-25843-_-BIOPSY,0,0,original
8255,S2039743__S20-39743-L-PLHE_1,1,0,original
8256,S2427695__S24-27695-_-BIOPSY,0,0,original
8257,S2513846__S25-13846_0_BP1A2021_161650,0,0,original
8258,S2530991__S2530991_0_BP1A2021,0,0,original
8259,S19-19367__S19-19367,1,0,original
8260,S2522994__S2522994_0_BP1A2021,0,0,original
8261,S2530049__S2530049_0_BP1A2021,0,0,original
8262,S17-42935__S17-42935,1,0,original
8263,S19-40316__S19-40316,1,0,original
8264,S2247860__S22-47860-_-DEEP_1,1,0,original
8265,S2529112__S2529112_0_BP1A2021,0,0,original
8266,S2511859__S25-11859_0_BP1A2021_150616,0,0,original
8267,S2522980__S2522980_0_BP1A2021,0,0,original
8268,S17-42935__S17-42935,1,0,original
8269,S18-18746__S18-18746,1,0,original
8270,S2530991__S2530991_0_BP1A2021,0,0,original
8271,S16-17719__S16-17719,1,0,original
8272,S2530063__S2530063_0_BP1A2021,0,0,original
8273,S2128633__S2128633--DEEP,1,0,original
8274,S2039743__S20-39743-P-PLHE_3,1,0,original
8275,S2427695__S2427695_BP1B27_C_14045_3,0,0,original
8276,S2039743__S20-39743-P-PLHE_3,1,0,original
8277,S2527323__S2527323_0_BP1A2021,0,0,original
8278,S2526362__S2526362_0_BP1A2021,0,0,original
8279,S2039743__S20-39743-C-PLHE_0,1,0,original
8280,S2434918__S24-34918-_-BIOPSY,1,0,original
8281,S2530063__S2530063_0_BP1A2021,0,0,original
8282,S2511008__S25-11008_0_BP1A2021_052339,1,0,original
8283,S2346179__S23-46179-_-BIOPSY,1,0,original
8284,S2039743__S20-39743-C-PLHE_0,1,0,original
8285,S2415689__S24-15689-_-BIOPSY,1,0,original
8286,S2521240__S2521240_0_BP1A2021,1,0,original
8287,S2434918__S24-34918-_-BIOPSY,1,0,original
8288,S2039743__S20-39743-L-PLHE_1,1,0,original
8289,S2427695__S2427695_BP1B27_C_14045_3,0,0,original
8290,S2531989__S2531989_0_BP1A2021,0,0,original
8291,S2513848__S25-13848_0_BP1A2021_131436,0,0,original
8292,S18-18746__S18-18746,1,0,original
8293,S2513847__S25-13847_0_BP1A2021_131603,0,0,original
8294,S2427695__S24-27695-_-BIOPSY,0,0,original
8295,S2235518__S22-35518-_-BIOPSY,0,0,original
8296,S2039743__S20-39743-P-PLHE_3,1,0,original
8297,S2513846__S25-13846_0_BP1A2021_161650,0,0,original
8298,S2521240__S2521240_0_BP1A2021,1,0,original
8299,S19-19367__S19-19367,1,0,original
8300,S18-18746__S18-18746,1,0,original
8301,S2424259__S2424259,0,0,original
8302,S2039743__S20-39743-P-PLHE_3,1,0,original
8303,S19-19367__S19-19367,1,0,original
8304,S2513846__S25-13846_0_BP1A2021_161650,0,0,original
8305,S16-17719__S16-17719,1,0,original
8306,S2352429__S23-52429-_-BIOPSY,0,0,original
8307,S18-18746__S18-18746,1,0,original
8308,S2039743__S20-39743-L-PLHE_1,1,0,original
8309,S2522980__S2522980_0_BP1A2021,0,0,original
8310,S2527323__S2527323_0_BP1A2021,0,0,original
8311,S2128633__S2128633--DEEP,1,0,original
8312,S16-17719__S16-17719,1,0,original
8313,S2513848__S25-13848_0_BP1A2021_131436,0,0,original
8314,S2511859__S25-11859_0_BP1A2021_150616,0,0,original
8315,S2533022__S2533022_0_BP1A2021,0,0,original
8316,S2434918__S24-34918-_-BIOPSY,1,0,original
8317,S2425843__S24-25843-_-BIOPSY,0,0,original
8318,S2511008__S25-11008_0_BP1A2021_052339,1,0,original
8319,S2235518__S22-35518-_-BIOPSY,0,0,original
8320,S2039743__S20-39743-P-PLHE_3,1,0,original
8321,S2352429__S23-52429-_-BIOPSY,0,0,original
8322,S2039743__S20-39743-L-PLHE_1,1,0,original
8323,S2427695__S24-27695-_-BIOPSY,0,0,original
8324,S2424259__S2424259,0,0,original
8325,S2530049__S2530049_0_BP1A2021,0,0,original
8326,S2352429__S23-52429-_-BIOPSY,0,0,original
8327,S2247860__S22-47860-_-DEEP_1,1,0,original
8328,S2039743__S20-39743-L-PLHE_1,1,0,original
8329,S2134277__S2134277,1,0,original
8330,S2424259__S2424259,0,0,original
8331,S2535840__S2535840_0_BP1A2021,0,0,original
8332,S18-18746__S18-18746,1,0,original
8333,S2513847__S25-13847_0_BP1A2021_131603,0,0,original
8334,S2521240__S2521240_0_BP1A2021,1,0,original
8335,S2529112__S2529112_0_BP1A2021,0,0,original
8336,S2524760__S2524760_0_BP1A2021,0,0,original
8337,S2424258__S2424258,0,0,original
8338,S17-42935__S17-42935,1,0,original
8339,S2352429__S23-52429-_-BIOPSY,0,0,original
8340,S2346179__S23-46179-_-BIOPSY,1,0,original
8341,S2346179__S23-46179-_-BIOPSY,1,0,original
8342,S2237603__S22-37603-_-_1,0,0,original
8343,S2427695__S2427695_BP1B27_C_14045_3,0,0,original
8344,S16-17719__S16-17719,1,0,original
8345,S2415689__S24-15689-_-BIOPSY,1,0,original
8346,S2521239__S2521239_0_BP1A2021,0,0,original
8347,S2128633__S2128633--DEEP,1,0,original
8348,S2247860__S22-47860-_-DEEP_1,1,0,original
8349,S2247860__S22-47860-_-DEEP_1,1,0,original
8350,S2434918__S24-34918-_-BIOPSY,1,0,original
8351,S2530049__S2530049_0_BP1A2021,0,0,original
8352,S2527323__S2527323_0_BP1A2021,0,0,original
8353,S19-19367__S19-19367,1,0,original
8354,S2326329__S23-26329-_-BIOPSY,0,0,original
8355,S2524760__S2524760_0_BP1A2021,0,0,original
8356,S2346179__S23-46179-_-BIOPSY,1,0,original
8357,S2434918__S24-34918-_-BIOPSY,1,0,original
8358,S2524760__S2524760_0_BP1A2021,0,0,original
8359,S2513848__S25-13848_0_BP1A2021_131436,0,0,original
8360,S2406753__S24-06753-_-DEEP_1,0,0,original
8361,S19-40316__S19-40316,1,0,original
8362,S19-19367__S19-19367,1,0,original
8363,S2415689__S24-15689-_-BIOPSY,1,0,original
8364,S2434918__S24-34918-_-BIOPSY,1,0,original
8365,S17-42935__S17-42935,1,0,original
8366,S2424259__S2424259,0,0,original
8367,S19-19367__S19-19367,1,0,original
8368,S2511008__S25-11008_0_BP1A2021_052339,1,0,original
8369,S2128633__S2128633--DEEP,1,0,original
8370,S2409390__S2409390,0,0,original
8371,S2530991__S2530991_0_BP1A2021,0,0,original
8372,S19-19367__S19-19367,1,0,original
8373,S2406753__S24-06753-_-SERIAL_2,0,0,original
8374,S2524760__S2524760_0_BP1A2021,0,0,original
8375,S18-18746__S18-18746,1,0,original
8376,S2521240__S2521240_0_BP1A2021,1,0,original
8377,S2237603__S22-37603-_-_1,0,0,original
8378,S2406753__S24-06753-_-SERIAL_2,0,0,original
8379,S2423618__S24-23618-_-RECUT_2,0,0,original
8380,S2134277__S2134277,1,0,original
8381,S2415689__S24-15689-_-BIOPSY,1,0,original
8382,S2513848__S25-13848_0_BP1A2021_131436,0,0,original
8383,S2530991__S2530991_0_BP1A2021,0,0,original
8384,S2513846__S25-13846_0_BP1A2021_131523,0,0,original
8385,S2409392__S2409392,0,0,original
8386,S2511008__S25-11008_0_BP1A2021_052339,1,0,original
8387,S16-17719__S16-17719,1,0,original
8388,S2513846__S25-13846_0_BP1A2021_131523,0,0,original
8389,S2423618__S24-23618-_-RECUT_2,0,0,original
8390,S16-17719__S16-17719,1,0,original
8391,S2039743__S20-39743-L-PLHE_1,1,0,original
8392,S2521240__S2521240_0_BP1A2021,1,0,original
8393,S2527323__S2527323_0_BP1A2021,0,0,original
8394,S2535840__S2535840_0_BP1A2021,0,0,original
8395,S2415689__S24-15689-_-BIOPSY,1,0,original
8396,S2522994__S2522994_0_BP1A2021,0,0,original
8397,S2039743__S20-39743-L-PLHE_1,1,0,original
8398,S2423618__S24-23618-_-RECUT_2,0,0,original
8399,S2513847__S25-13847_0_BP1A2021_131603,0,0,original
8400,S2521239__S2521239_0_BP1A2021,0,0,original
8401,S2531989__S2531989_0_BP1A2021,0,0,original
8402,S2513847__S25-13847_0_BP1A2021_131603,0,0,original
8403,S2511859__S25-11859_0_BP1A2021_150616,0,0,original
8404,S2511859__S25-11859_0_BP1A2021_150616,0,0,original
8405,S2535840__S2535840_0_BP1A2021,0,0,original
8406,S2247860__S22-47860-_-DEEP_1,1,0,original
8407,S2424250__S2424250,0,0,original
8408,S2531989__S2531989_0_BP1A2021,0,0,original
8409,S2513846__S25-13846_0_BP1A2021_161650,0,0,original
8410,S2425843__S24-25843-_-BIOPSY,0,0,original
8411,S19-40316__S19-40316,1,0,original
8412,S2326329__S23-26329-_-BIOPSY,0,0,original
8413,S2434918__S24-34918-_-BIOPSY,1,0,original
8414,S2515598__S25-15598_0__144202,0,0,original
8415,S19-40316__S19-40316,1,0,original
8416,S18-18746__S18-18746,1,0,original
8417,S2039743__S20-39743-L-PLHE_1,1,0,original
8418,S2247860__S22-47860-_-DEEP_1,1,0,original
8419,S2346179__S23-46179-_-BIOPSY,1,0,original
8420,S2533022__S2533022_0_BP1A2021,0,0,original
8421,S2415689__S24-15689-_-BIOPSY,1,0,original
8422,S2425843__S24-25843-_-BIOPSY,0,0,original
8423,S2237603__S22-37603-_-_1,0,0,original
8424,S2511859__S25-11859_0_BP1A2021_150616,0,0,original
8425,S2346179__S23-46179-_-BIOPSY,1,0,original
8426,S2535840__S2535840_0_BP1A2021,0,0,original
8427,S2425843__S24-25843-_-BIOPSY,0,0,original
8428,S2511008__S25-11008_0_BP1A2021_052339,1,0,original
8429,S2511008__S25-11008_0_BP1A2021_052339,1,0,original
8430,S2128633__S2128633--DEEP,1,0,original
8431,S2039743__S20-39743-L-PLHE_1,1,0,original
8432,S18-18746__S18-18746,1,0,original
8433,S18-18746__S18-18746,1,0,original
8434,S2513846__S25-13846_0_BP1A2021_131523,0,0,original
8435,S2128633__S2128633--DEEP,1,0,original
8436,S2424259__S2424259,0,0,original
8437,S2247860__S22-47860-_-DEEP_1,1,0,original
8438,S2531989__S2531989_0_BP1A2021,0,0,original
8439,S2511008__S25-11008_0_BP1A2021_052339,1,0,original
8440,S2406753__S24-06753-_-SERIAL_2,0,0,original
8441,S2530049__S2530049_0_BP1A2021,0,0,original
8442,S2511859__S25-11859_0_BP1A2021_150616,0,0,original
8443,S16-17719__S16-17719,1,0,original
8444,S18-18746__S18-18746,1,0,original
8445,S2535840__S2535840_0_BP1A2021,0,0,original
8446,S19-19367__S19-19367,1,0,original
8447,S2424258__S2424258,0,0,original
8448,S2521240__S2521240_0_BP1A2021,1,0,original
8449,S19-40316__S19-40316,1,0,original
8450,S2235518__S22-35518-_-BIOPSY,0,0,original
8451,S2039743__S20-39743-P-PLHE_3,1,0,original
8452,S2425843__S24-25843-_-BIOPSY,0,0,original
8453,S2039743__S20-39743-L-PLHE_1,1,0,original
8454,S2531989__S2531989_0_BP1A2021,0,0,original
8455,S16-17719__S16-17719,1,0,original
8456,S2425843__S24-25843-_-BIOPSY,0,0,original
8457,S2513846__S25-13846_0_BP1A2021_161650,0,0,original
8458,S2531989__S2531989_0_BP1A2021,0,0,original
8459,S2527323__S2527323_0_BP1A2021,0,0,original
8460,S2511859__S25-11859_0_BP1A2021_150616,0,0,original
8461,S2039743__S20-39743-P-PLHE_3,1,0,original
8462,S2533022__S2533022_0_BP1A2021,0,0,original
8463,S2504719__S25-04719-_-DEEP_1,0,0,original
8464,S2039743__S20-39743-P-PLHE_3,1,0,original
8465,S2423618__S24-23618-_-RECUT_2,0,0,original
8466,S2530049__S2530049_0_BP1A2021,0,0,original
8467,S2237603__S22-37603-_-_1,0,0,original
8468,S19-19367__S19-19367,1,0,original
8469,S19-40316__S19-40316,1,0,original
8470,S2434918__S24-34918-_-BIOPSY,1,0,original
8471,S2513846__S25-13846_0_BP1A2021_131523,0,0,original
8472,S2511008__S25-11008_0_BP1A2021_052339,1,0,original
8473,S2409390__S2409390,0,0,original
8474,S2039743__S20-39743-L-PLHE_1,1,0,original
8475,S2521240__S2521240_0_BP1A2021,1,0,original
8476,S2134277__S2134277,1,0,original
8477,S2513848__S25-13848_0_BP1A2021_131436,0,0,original
8478,S2415689__S24-15689-_-BIOPSY,1,0,original
8479,S2511008__S25-11008_0_BP1A2021_052339,1,0,original
8480,S2406753__S24-06753-_-DEEP_1,0,0,original
8481,S2535840__S2535840_0_BP1A2021,0,0,original
8482,S19-40316__S19-40316,1,0,original
8483,S2039743__S20-39743-C-PLHE_0,1,0,original
8484,S2039743__S20-39743-P-PLHE_3,1,0,original
8485,S2406753__S24-06753-_-SERIAL_2,0,0,original
8486,S2039743__S20-39743-P-PLHE_3,1,0,original
8487,S2511008__S25-11008_0_BP1A2021_052339,1,0,original
8488,S2326329__S23-26329-_-BIOPSY,0,0,original
8489,S19-40063__S19-40063,0,0,original
8490,S2415689__S24-15689-_-BIOPSY,1,0,original
8491,S2039743__S20-39743-C-PLHE_0,1,0,original
8492,S2346179__S23-46179-_-BIOPSY,1,0,original
8493,S2427695__S24-27695-_-BIOPSY,0,0,original
8494,S2406038__S2406038,0,0,original
8495,S2352429__S23-52429-_-BIOPSY,0,0,original
8496,S2529112__S2529112_0_BP1A2021,0,0,original
8497,S2424250__S2424250,0,0,original
8498,S2521240__S2521240_0_BP1A2021,1,0,original
8499,S2352429__S23-52429-_-BIOPSY,0,0,original
8500,S2039743__S20-39743-C-PLHE_0,1,0,original
8501,S2513848__S25-13848_0_BP1A2021_131436,0,0,original
8502,S2513848__S25-13848_0_BP1A2021_131436,0,0,original
8503,S2511008__S25-11008_0_BP1A2021_052339,1,0,original
8504,S2513846__S25-13846_0_BP1A2021_161650,0,0,original
8505,S2352429__S23-52429-_-RECUT_1,0,0,original
8506,S16-17719__S16-17719,1,0,original
8507,S19-19367__S19-19367,1,0,original
8508,S2424258__S2424258,0,0,original
8509,S2513847__S25-13847_0_BP1A2021_131603,0,0,original
8510,S2434918__S24-34918-_-BIOPSY,1,0,original
8511,S2521240__S2521240_0_BP1A2021,1,0,original
8512,S2039743__S20-39743-P-PLHE_3,1,0,original
8513,S18-18746__S18-18746,1,0,original
8514,S16-17719__S16-17719,1,0,original
8515,S19-19367__S19-19367,1,0,original
8516,S2352429__S23-52429-_-RECUT_1,0,0,original
8517,S19-19367__S19-19367,1,0,original
8518,S2524760__S2524760_0_BP1A2021,0,0,original
8519,S2434918__S24-34918-_-BIOPSY,1,0,original
8520,S2530063__S2530063_0_BP1A2021,0,0,original
8521,S2424259__S2424259,0,0,original
8522,S2513847__S25-13847_0_BP1A2021_131603,0,0,original
8523,S2235518__S22-35518-_-BIOPSY,0,0,original
8524,S2513847__S25-13847_0_BP1A2021_131603,0,0,original
8525,S2521240__S2521240_0_BP1A2021,1,0,original
8526,S2425843__S24-25843-_-BIOPSY,0,0,original
8527,S2527323__S2527323_0_BP1A2021,0,0,original
8528,S2504719__S25-04719-_-DEEP_1,0,0,original
8529,S19-19367__S19-19367,1,0,original
8530,S2521240__S2521240_0_BP1A2021,1,0,original
8531,S2529112__S2529112_0_BP1A2021,0,0,original
8532,S2039743__S20-39743-P-PLHE_3,1,0,original
8533,S2515598__S25-15598_0__144202,0,0,original
8534,S19-40063__S19-40063,0,0,original
8535,S2406753__S24-06753-_-DEEP_1,0,0,original
8536,S2530063__S2530063_0_BP1A2021,0,0,original
8537,S2039743__S20-39743-L-PLHE_1,1,0,original
8538,S2504719__S25-04719-_-DEEP_1,0,0,original
8539,S2434918__S24-34918-_-BIOPSY,1,0,original
8540,S2346179__S23-46179-_-BIOPSY,1,0,original
8541,S2039743__S20-39743-P-PLHE_3,1,0,original
8542,S2524760__S2524760_0_BP1A2021,0,0,original
8543,S2039743__S20-39743-L-PLHE_1,1,0,original
8544,S2415689__S24-15689-_-BIOPSY,1,0,original
8545,S2527323__S2527323_0_BP1A2021,0,0,original
8546,S2427695__S2427695_BP1B27_C_14045_3,0,0,original
8547,S2352429__S23-52429-_-RECUT_1,0,0,original
8548,S2513846__S25-13846_0_BP1A2021_161650,0,0,original
8549,S2424250__S2424250,0,0,original
8550,S2247860__S22-47860-_-DEEP_1,1,0,original
8551,S16-17719__S16-17719,1,0,original
8552,S2128633__S2128633--DEEP,1,0,original
8553,S16-17719__S16-17719,1,0,original
8554,S2427695__S2427695_BP1B27_C_14045_3,0,0,original
8555,S2039743__S20-39743-P-PLHE_3,1,0,original
8556,S2409392__S2409392,0,0,original
8557,S2039743__S20-39743-L-PLHE_1,1,0,original
8558,S16-17719__S16-17719,1,0,original
8559,S2424258__S2424258,0,0,original
8560,S2521240__S2521240_0_BP1A2021,1,0,original
8561,S17-42935__S17-42935,1,0,original
8562,S18-18746__S18-18746,1,0,original
8563,S2535840__S2535840_0_BP1A2021,0,0,original
8564,S2521240__S2521240_0_BP1A2021,1,0,original
8565,S2406753__S24-06753-_-SERIAL_2,0,0,original
8566,S2039743__S20-39743-P-PLHE_3,1,0,original
8567,S2531989__S2531989_0_BP1A2021,0,0,original
8568,S19-40316__S19-40316,1,0,original
8569,S2535840__S2535840_0_BP1A2021,0,0,original
8570,S17-42935__S17-42935,1,0,original
8571,S2134277__S2134277,1,0,original
8572,S2039743__S20-39743-P-PLHE_3,1,0,original
8573,S19-40316__S19-40316,1,0,original
8574,S2513847__S25-13847_0_BP1A2021_131603,0,0,original
8575,S2406753__S24-06753-_-SERIAL_2,0,0,original
8576,S2352429__S23-52429-_-RECUT_1,0,0,original
8577,S2521239__S2521239_0_BP1A2021,0,0,original
8578,S2039743__S20-39743-P-PLHE_3,1,0,original
8579,S19-40316__S19-40316,1,0,original
8580,S2039743__S20-39743-P-PLHE_3,1,0,original
8581,S2134277__S2134277,1,0,original
8582,S2522980__S2522980_0_BP1A2021,0,0,original
8583,S2530049__S2530049_0_BP1A2021,0,0,original
8584,S2434918__S24-34918-_-BIOPSY,1,0,original
8585,S2039743__S20-39743-P-PLHE_3,1,0,original
8586,S18-18746__S18-18746,1,0,original
8587,S2522994__S2522994_0_BP1A2021,0,0,original
8588,S2533022__S2533022_0_BP1A2021,0,0,original
8589,S2527323__S2527323_0_BP1A2021,0,0,original
8590,S2521240__S2521240_0_BP1A2021,1,0,original
8591,S2530049__S2530049_0_BP1A2021,0,0,original
8592,S2423618__S24-23618-_-RECUT_2,0,0,original
8593,S2511008__S25-11008_0_BP1A2021_052339,1,0,original
8594,S2128633__S2128633--DEEP,1,0,original
8595,S2533022__S2533022_0_BP1A2021,0,0,original
8596,S2513847__S25-13847_0_BP1A2021_131603,0,0,original
8597,S17-42935__S17-42935,1,0,original
8598,S2406038__S2406038,0,0,original
8599,S2527323__S2527323_0_BP1A2021,0,0,original
8600,S2522980__S2522980_0_BP1A2021,0,0,original
8601,S16-17719__S16-17719,1,0,original
8602,S2424258__S2424258,0,0,original
8603,S2406038__S2406038,0,0,original
8604,S2326329__S23-26329-_-BIOPSY,0,0,original
8605,S2134277__S2134277,1,0,original
8606,S18-18746__S18-18746,1,0,original
8607,S2535840__S2535840_0_BP1A2021,0,0,original
8608,S2427695__S2427695_BP1B27_C_14045_3,0,0,original
8609,S2424258__S2424258,0,0,original
8610,S2424259__S2424259,0,0,original
8611,S16-17719__S16-17719,1,0,original
8612,S2511008__S25-11008_0_BP1A2021_052339,1,0,original
8613,S2352429__S23-52429-_-BIOPSY,0,0,original
8614,S2515598__S25-15598_0__144202,0,0,original
8615,S2530049__S2530049_0_BP1A2021,0,0,original
8616,S2039743__S20-39743-L-PLHE_1,1,0,original
8617,S2530063__S2530063_0_BP1A2021,0,0,original
8618,S2039743__S20-39743-C-PLHE_0,1,0,original
8619,S2039743__S20-39743-C-PLHE_0,1,0,original
8620,S19-40063__S19-40063,0,0,original
8621,S18-18746__S18-18746,1,0,original
8622,S2521240__S2521240_0_BP1A2021,1,0,original
8623,S2513847__S25-13847_0_BP1A2021_131603,0,0,original
8624,S2352429__S23-52429-_-BIOPSY,0,0,original
8625,S2524760__S2524760_0_BP1A2021,0,0,original
8626,S2427695__S24-27695-_-BIOPSY,0,0,original
8627,S2434918__S24-34918-_-BIOPSY,1,0,original
8628,S2434918__S24-34918-_-BIOPSY,1,0,original
8629,S17-42935__S17-42935,1,0,original
8630,S19-19367__S19-19367,1,0,original
8631,S2530063__S2530063_0_BP1A2021,0,0,original
8632,S2434918__S24-34918-_-BIOPSY,1,0,original
8633,S2535840__S2535840_0_BP1A2021,0,0,original
8634,S2039743__S20-39743-P-PLHE_3,1,0,original
8635,S2134277__S2134277,1,0,original
8636,S2513846__S25-13846_0_BP1A2021_131523,0,0,original
8637,S2415689__S24-15689-_-BIOPSY,1,0,original
8638,S2504719__S25-04719-_-DEEP_1,0,0,original
8639,S2521239__S2521239_0_BP1A2021,0,0,original
8640,S2427695__S2427695_BP1B27_C_14045_3,0,0,original
8641,S2039743__S20-39743-C-PLHE_0,1,0,original
8642,S2515598__S25-15598_0__144202,0,0,original
8643,S2521240__S2521240_0_BP1A2021,1,0,original
8644,S2531989__S2531989_0_BP1A2021,0,0,original
8645,S2424258__S2424258,0,0,original
8646,S2521239__S2521239_0_BP1A2021,0,0,original
8647,S2247860__S22-47860-_-DEEP_1,1,0,original
8648,S2247860__S22-47860-_-DEEP_1,1,0,original
8649,S2434918__S24-34918-_-BIOPSY,1,0,original
8650,S19-19367__S19-19367,1,0,original
8651,S2427695__S2427695_BP1B27_C_14045_3,0,0,original
8652,S2415689__S24-15689-_-BIOPSY,1,0,original
8653,S2346179__S23-46179-_-BIOPSY,1,0,original
8654,S2521239__S2521239_0_BP1A2021,0,0,original
8655,S2434918__S24-34918-_-BIOPSY,1,0,original
8656,S19-19367__S19-19367,1,0,original
8657,S2427695__S2427695_BP1B27_C_14045_3,0,0,original
8658,S2039743__S20-39743-L-PLHE_1,1,0,original
8659,S19-19367__S19-19367,1,0,original
8660,S2039743__S20-39743-P-PLHE_3,1,0,original
8661,S2533022__S2533022_0_BP1A2021,0,0,original
8662,S2530063__S2530063_0_BP1A2021,0,0,original
8663,S2039743__S20-39743-L-PLHE_1,1,0,original
8664,S18-18746__S18-18746,1,0,original
8665,S19-19367__S19-19367,1,0,original
8666,S2326329__S23-26329-_-BIOPSY,0,0,original
8667,S2513847__S25-13847_0_BP1A2021_131603,0,0,original
8668,S2434918__S24-34918-_-BIOPSY,1,0,original
8669,S18-18746__S18-18746,1,0,original
8670,S2326329__S23-26329-_-BIOPSY,0,0,original
8671,S2415689__S24-15689-_-BIOPSY,1,0,original
8672,S2531989__S2531989_0_BP1A2021,0,0,original
8673,S18-18746__S18-18746,1,0,original
8674,S2526362__S2526362_0_BP1A2021,0,0,original
8675,S19-19367__S19-19367,1,0,original
8676,S2524760__S2524760_0_BP1A2021,0,0,original
8677,S2039743__S20-39743-C-PLHE_0,1,0,original
8678,S2513847__S25-13847_0_BP1A2021_131603,0,0,original
8679,S2427695__S24-27695-_-BIOPSY,0,0,original
8680,S2533022__S2533022_0_BP1A2021,0,0,original
8681,S2513846__S25-13846_0_BP1A2021_161650,0,0,original
8682,S19-40063__S19-40063,0,0,original
8683,S2434918__S24-34918-_-BIOPSY,1,0,original
8684,S2134277__S2134277,1,0,original
8685,S2424250__S2424250,0,0,original
8686,S2326329__S23-26329-_-BIOPSY,0,0,original
8687,S2513848__S25-13848_0_BP1A2021_131436,0,0,original
8688,S2513846__S25-13846_0_BP1A2021_131523,0,0,original
8689,S2424259__S2424259,0,0,original
8690,S2527323__S2527323_0_BP1A2021,0,0,original
8691,S2346179__S23-46179-_-BIOPSY,1,0,original
8692,S2434918__S24-34918-_-BIOPSY,1,0,original
8693,S2039743__S20-39743-C-PLHE_0,1,0,original
8694,S2521239__S2521239_0_BP1A2021,0,0,original
8695,S18-18746__S18-18746,1,0,original
8696,S2039743__S20-39743-L-PLHE_1,1,0,original
8697,S2434918__S24-34918-_-BIOPSY,1,0,original
8698,S2247860__S22-47860-_-DEEP_1,1,0,original
8699,S2409392__S2409392,0,0,original
8700,S19-19367__S19-19367,1,0,original
8701,S2504719__S25-04719-_-DEEP_1,0,0,original
8702,S19-19367__S19-19367,1,0,original
8703,S17-42935__S17-42935,1,0,original
8704,S2434918__S24-34918-_-BIOPSY,1,0,original
8705,S2521240__S2521240_0_BP1A2021,1,0,original
8706,S2039743__S20-39743-C-PLHE_0,1,0,original
8707,S2513846__S25-13846_0_BP1A2021_131523,0,0,original
8708,S19-19367__S19-19367,1,0,original
8709,S2409390__S2409390,0,0,original
8710,S2039743__S20-39743-P-PLHE_3,1,0,original
8711,S18-18746__S18-18746,1,0,original
8712,S2511008__S25-11008_0_BP1A2021_052339,1,0,original
8713,S2128633__S2128633--DEEP,1,0,original
8714,S2513846__S25-13846_0_BP1A2021_161650,0,0,original
8715,S2511008__S25-11008_0_BP1A2021_052339,1,0,original
8716,S18-18746__S18-18746,1,0,original
8717,S2326329__S23-26329-_-BIOPSY,0,0,original
8718,S2039743__S20-39743-L-PLHE_1,1,0,original
8719,S2522994__S2522994_0_BP1A2021,0,0,original
8720,S2352429__S23-52429-_-BIOPSY,0,0,original
8721,S2530049__S2530049_0_BP1A2021,0,0,original
8722,S18-18746__S18-18746,1,0,original
8723,S2434918__S24-34918-_-BIOPSY,1,0,original
8724,S2134277__S2134277,1,0,original
8725,S2504719__S25-04719-_-DEEP_1,0,0,original
8726,S2513848__S25-13848_0_BP1A2021_131436,0,0,original
8727,S2434918__S24-34918-_-BIOPSY,1,0,original
8728,S2039743__S20-39743-P-PLHE_3,1,0,original
8729,S2415689__S24-15689-_-BIOPSY,1,0,original
8730,S2134277__S2134277,1,0,original
8731,S2434918__S24-34918-_-BIOPSY,1,0,original
8732,S16-17719__S16-17719,1,0,original
8733,S2128633__S2128633--DEEP,1,0,original
8734,S2415689__S24-15689-_-BIOPSY,1,0,original
8735,S2039743__S20-39743-P-PLHE_3,1,0,original
8736,S16-17719__S16-17719,1,0,original
8737,S2434918__S24-34918-_-BIOPSY,1,0,original
8738,S2522980__S2522980_0_BP1A2021,0,0,original
8739,S19-40316__S19-40316,1,0,original
8740,S2409390__S2409390,0,0,original
8741,S18-18746__S18-18746,1,0,original
8742,S2513846__S25-13846_0_BP1A2021_161650,0,0,original
8743,S2511859__S25-11859_0_BP1A2021_150616,0,0,original
8744,S2039743__S20-39743-P-PLHE_3,1,0,original
8745,S2247860__S22-47860-_-DEEP_1,1,0,original
8746,S2134277__S2134277,1,0,original
8747,S2521239__S2521239_0_BP1A2021,0,0,original
8748,S2511008__S25-11008_0_BP1A2021_052339,1,0,original
8749,S2128633__S2128633--DEEP,1,0,original
8750,S2513846__S25-13846_0_BP1A2021_161650,0,0,original
8751,S2530063__S2530063_0_BP1A2021,0,0,original
8752,S2039743__S20-39743-L-PLHE_1,1,0,original
8753,S2128633__S2128633--DEEP,1,0,original
8754,S2424250__S2424250,0,0,original
8755,S2346179__S23-46179-_-BIOPSY,1,0,original
8756,S2039743__S20-39743-P-PLHE_3,1,0,original
8757,S19-40316__S19-40316,1,0,original
8758,S2434918__S24-34918-_-BIOPSY,1,0,original
8759,S2513847__S25-13847_0_BP1A2021_131603,0,0,original
8760,S2409392__S2409392,0,0,original
8761,S2423618__S24-23618-_-RECUT_2,0,0,original
8762,S2513846__S25-13846_0_BP1A2021_131523,0,0,original
8763,S17-42935__S17-42935,1,0,original
8764,S18-18746__S18-18746,1,0,original
8765,S2326329__S23-26329-_-BIOPSY,0,0,original
8766,S2511859__S25-11859_0_BP1A2021_150616,0,0,original
8767,S2415689__S24-15689-_-BIOPSY,1,0,original
8768,S2526362__S2526362_0_BP1A2021,0,0,original
8769,S2425843__S24-25843-_-BIOPSY,0,0,original
8770,S2513846__S25-13846_0_BP1A2021_131523,0,0,original
8771,S2511859__S25-11859_0_BP1A2021_150616,0,0,original
8772,S2235518__S22-35518-_-BIOPSY,0,0,original
8773,S18-18746__S18-18746,1,0,original
8774,S2352429__S23-52429-_-BIOPSY,0,0,original
8775,S2039743__S20-39743-L-PLHE_1,1,0,original
8776,S19-40063__S19-40063,0,0,original
8777,S2134277__S2134277,1,0,original
8778,S2529112__S2529112_0_BP1A2021,0,0,original
8779,S2521240__S2521240_0_BP1A2021,1,0,original
8780,S2423618__S24-23618-_-RECUT_2,0,0,original
8781,S2522980__S2522980_0_BP1A2021,0,0,original
8782,S2513847__S25-13847_0_BP1A2021_131603,0,0,original
8783,S2346179__S23-46179-_-BIOPSY,1,0,original
8784,S2406038__S2406038,0,0,original
8785,S2513847__S25-13847_0_BP1A2021_131603,0,0,original
8786,S2247860__S22-47860-_-DEEP_1,1,0,original
8787,S16-17719__S16-17719,1,0,original
8788,S2535840__S2535840_0_BP1A2021,0,0,original
8789,S2515598__S25-15598_0__144202,0,0,original
8790,S2406753__S24-06753-_-DEEP_1,0,0,original
8791,S17-42935__S17-42935,1,0,original
8792,S2039743__S20-39743-L-PLHE_1,1,0,original
8793,S2039743__S20-39743-C-PLHE_0,1,0,original
8794,S19-19367__S19-19367,1,0,original
8795,S2039743__S20-39743-L-PLHE_1,1,0,original
8796,S18-18746__S18-18746,1,0,original
8797,S2039743__S20-39743-C-PLHE_0,1,0,original
8798,S2134277__S2134277,1,0,original
8799,S17-42935__S17-42935,1,0,original
8800,S2521240__S2521240_0_BP1A2021,1,0,original
8801,S2134277__S2134277,1,0,original
8802,S2235518__S22-35518-_-BIOPSY,0,0,original
8803,S2530049__S2530049_0_BP1A2021,0,0,original
8804,S16-17719__S16-17719,1,0,original
8805,S2424258__S2424258,0,0,original
8806,S19-40316__S19-40316,1,0,original
8807,S2424258__S2424258,0,0,original
8808,S2424258__S2424258,0,0,original
8809,S2247860__S22-47860-_-DEEP_1,1,0,original
8810,S16-17719__S16-17719,1,0,original
8811,S2247860__S22-47860-_-DEEP_1,1,0,original
8812,S19-40063__S19-40063,0,0,original
8813,S2352429__S23-52429-_-RECUT_1,0,0,original
8814,S2434918__S24-34918-_-BIOPSY,1,0,original
8815,S2513848__S25-13848_0_BP1A2021_131436,0,0,original
8816,S2527323__S2527323_0_BP1A2021,0,0,original
8817,S2526362__S2526362_0_BP1A2021,0,0,original
8818,S2527323__S2527323_0_BP1A2021,0,0,original
8819,S2128633__S2128633--DEEP,1,0,original
8820,S2039743__S20-39743-C-PLHE_0,1,0,original
8821,S2529112__S2529112_0_BP1A2021,0,0,original
8822,S2522980__S2522980_0_BP1A2021,0,0,original
8823,S2511008__S25-11008_0_BP1A2021_052339,1,0,original
8824,S19-40316__S19-40316,1,0,original
8825,S2237603__S22-37603-_-_1,0,0,original
8826,S2247860__S22-47860-_-DEEP_1,1,0,original
8827,S2527323__S2527323_0_BP1A2021,0,0,original
8828,S2409392__S2409392,0,0,original
8829,S2531989__S2531989_0_BP1A2021,0,0,original
8830,S2406038__S2406038,0,0,original
8831,S2530049__S2530049_0_BP1A2021,0,0,original
8832,S2504719__S25-04719-_-DEEP_1,0,0,original
8833,S2511006__S25-11006_0_BP1A2021_052242,0,0,original
8834,S2527323__S2527323_0_BP1A2021,0,0,original
8835,S19-40316__S19-40316,1,0,original
8836,S19-40316__S19-40316,1,0,original
8837,S2513848__S25-13848_0_BP1A2021_131436,0,0,original
8838,S2424258__S2424258,0,0,original
8839,S2128633__S2128633--DEEP,1,0,original
8840,S2409390__S2409390,0,0,original
8841,S2434918__S24-34918-_-BIOPSY,1,0,original
8842,S2513848__S25-13848_0_BP1A2021_131436,0,0,original
8843,S2530991__S2530991_0_BP1A2021,0,0,original
8844,S2235518__S22-35518-_-BIOPSY,0,0,original
8845,S2039743__S20-39743-L-PLHE_1,1,0,original
8846,S2522980__S2522980_0_BP1A2021,0,0,original
8847,S2524760__S2524760_0_BP1A2021,0,0,original
8848,S16-17719__S16-17719,1,0,original
8849,S2524760__S2524760_0_BP1A2021,0,0,original
8850,S2521240__S2521240_0_BP1A2021,1,0,original
8851,S2524760__S2524760_0_BP1A2021,0,0,original
8852,S2530063__S2530063_0_BP1A2021,0,0,original
8853,S19-19367__S19-19367,1,0,original
8854,S2128633__S2128633--DEEP,1,0,original
8855,S19-19367__S19-19367,1,0,original
8856,S19-40316__S19-40316,1,0,original
8857,S2535840__S2535840_0_BP1A2021,0,0,original
8858,S2326329__S23-26329-_-BIOPSY,0,0,original
8859,S2427695__S24-27695-_-BIOPSY,0,0,original
8860,S2415689__S24-15689-_-BIOPSY,1,0,original
8861,S2235518__S22-35518-_-BIOPSY,0,0,original
8862,S2513847__S25-13847_0_BP1A2021_131603,0,0,original
8863,S2524760__S2524760_0_BP1A2021,0,0,original
8864,S2134277__S2134277,1,0,original
8865,S2039743__S20-39743-C-PLHE_0,1,0,original
8866,S2424250__S2424250,0,0,original
8867,S2521240__S2521240_0_BP1A2021,1,0,original
8868,S2524760__S2524760_0_BP1A2021,0,0,original
8869,S2039743__S20-39743-P-PLHE_3,1,0,original
8870,S17-42935__S17-42935,1,0,original
8871,S2039743__S20-39743-C-PLHE_0,1,0,original
8872,S2423618__S24-23618-_-RECUT_2,0,0,original
8873,S2530991__S2530991_0_BP1A2021,0,0,original
8874,S2434918__S24-34918-_-BIOPSY,1,0,original
8875,S2530049__S2530049_0_BP1A2021,0,0,original
8876,S2527323__S2527323_0_BP1A2021,0,0,original
8877,S2434918__S24-34918-_-BIOPSY,1,0,original
8878,S2346179__S23-46179-_-BIOPSY,1,0,original
8879,S2531989__S2531989_0_BP1A2021,0,0,original
8880,S18-18746__S18-18746,1,0,original
8881,S2511006__S25-11006_0_BP1A2021_052242,0,0,original
8882,S2533022__S2533022_0_BP1A2021,0,0,original
8883,S2427695__S2427695_BP1B27_C_14045_3,0,0,original
8884,S2039743__S20-39743-C-PLHE_0,1,0,original
8885,S16-17719__S16-17719,1,0,original
8886,S2535840__S2535840_0_BP1A2021,0,0,original
8887,S2515598__S25-15598_0__144202,0,0,original
8888,S17-42935__S17-42935,1,0,original
8889,S2237603__S22-37603-_-_1,0,0,original
8890,S2406753__S24-06753-_-DEEP_1,0,0,original
8891,S2406753__S24-06753-_-SERIAL_2,0,0,original
8892,S2533022__S2533022_0_BP1A2021,0,0,original
8893,S2530049__S2530049_0_BP1A2021,0,0,original
8894,S2521239__S2521239_0_BP1A2021,0,0,original
8895,S2515598__S25-15598_0__144202,0,0,original
8896,S2406753__S24-06753-_-SERIAL_2,0,0,original
8897,S19-40316__S19-40316,1,0,original
8898,S2530991__S2530991_0_BP1A2021,0,0,original
8899,S2039743__S20-39743-P-PLHE_3,1,0,original
8900,S19-40316__S19-40316,1,0,original
8901,S2522980__S2522980_0_BP1A2021,0,0,original
8902,S2346179__S23-46179-_-BIOPSY,1,0,original
8903,S2128633__S2128633--DEEP,1,0,original
8904,S2513846__S25-13846_0_BP1A2021_131523,0,0,original
8905,S2326329__S23-26329-_-BIOPSY,0,0,original
8906,S2235518__S22-35518-_-BIOPSY,0,0,original
8907,S2134277__S2134277,1,0,original
8908,S2409390__S2409390,0,0,original
8909,S2511006__S25-11006_0_BP1A2021_052242,0,0,original
8910,S2521240__S2521240_0_BP1A2021,1,0,original
8911,S2424258__S2424258,0,0,original
8912,S18-18746__S18-18746,1,0,original
8913,S2529112__S2529112_0_BP1A2021,0,0,original
8914,S2522980__S2522980_0_BP1A2021,0,0,original
8915,S2530991__S2530991_0_BP1A2021,0,0,original
8916,S2423618__S24-23618-_-RECUT_2,0,0,original
8917,S19-40316__S19-40316,1,0,original
8918,S2039743__S20-39743-C-PLHE_0,1,0,original
8919,S19-40316__S19-40316,1,0,original
8920,S2346179__S23-46179-_-BIOPSY,1,0,original
8921,S2128633__S2128633--DEEP,1,0,original
8922,S2513847__S25-13847_0_BP1A2021_131603,0,0,original
8923,S19-19367__S19-19367,1,0,original
8924,S2527323__S2527323_0_BP1A2021,0,0,original
8925,S2434918__S24-34918-_-BIOPSY,1,0,original
8926,S2424250__S2424250,0,0,original
8927,S2406753__S24-06753-_-SERIAL_2,0,0,original
8928,S2524760__S2524760_0_BP1A2021,0,0,original
8929,S2521240__S2521240_0_BP1A2021,1,0,original
8930,S2326329__S23-26329-_-BIOPSY,0,0,original
8931,S2513846__S25-13846_0_BP1A2021_131523,0,0,original
8932,S2521239__S2521239_0_BP1A2021,0,0,original
8933,S2235518__S22-35518-_-BIOPSY,0,0,original
8934,S2511008__S25-11008_0_BP1A2021_052339,1,0,original
8935,S2531989__S2531989_0_BP1A2021,0,0,original
8936,S2406753__S24-06753-_-SERIAL_2,0,0,original
8937,S18-18746__S18-18746,1,0,original
8938,S2530063__S2530063_0_BP1A2021,0,0,original
8939,S2415689__S24-15689-_-BIOPSY,1,0,original
8940,S2128633__S2128633--DEEP,1,0,original
8941,S2247860__S22-47860-_-DEEP_1,1,0,original
8942,S2039743__S20-39743-C-PLHE_0,1,0,original
8943,S18-18746__S18-18746,1,0,original
8944,S2513847__S25-13847_0_BP1A2021_131603,0,0,original
8945,S2513846__S25-13846_0_BP1A2021_131523,0,0,original
8946,S2039743__S20-39743-C-PLHE_0,1,0,original
8947,S19-19367__S19-19367,1,0,original
8948,S2039743__S20-39743-L-PLHE_1,1,0,original
8949,S2409390__S2409390,0,0,original
8950,S2529112__S2529112_0_BP1A2021,0,0,original
8951,S2527323__S2527323_0_BP1A2021,0,0,original
8952,S16-17719__S16-17719,1,0,original
8953,S2530049__S2530049_0_BP1A2021,0,0,original
8954,S18-18746__S18-18746,1,0,original
8955,S2039743__S20-39743-L-PLHE_1,1,0,original
8956,S2511008__S25-11008_0_BP1A2021_052339,1,0,original
8957,S2326329__S23-26329-_-BIOPSY,0,0,original
8958,S2039743__S20-39743-C-PLHE_0,1,0,original
8959,S2247860__S22-47860-_-DEEP_1,1,0,original
8960,S2434918__S24-34918-_-BIOPSY,1,0,original
8961,S2406753__S24-06753-_-DEEP_1,0,0,original
8962,S17-42935__S17-42935,1,0,original
8963,S2128633__S2128633--DEEP,1,0,original
8964,S2522994__S2522994_0_BP1A2021,0,0,original
8965,S2039743__S20-39743-L-PLHE_1,1,0,original
8966,S2521240__S2521240_0_BP1A2021,1,0,original
8967,S2039743__S20-39743-P-PLHE_3,1,0,original
8968,S17-42935__S17-42935,1,0,original
8969,S2524760__S2524760_0_BP1A2021,0,0,original
8970,S2522994__S2522994_0_BP1A2021,0,0,original
8971,S19-19367__S19-19367,1,0,original
8972,S2425843__S24-25843-_-BIOPSY,0,0,original
8973,S2529112__S2529112_0_BP1A2021,0,0,original
8974,S2409392__S2409392,0,0,original
8975,S2039743__S20-39743-C-PLHE_0,1,0,original
8976,S2511859__S25-11859_0_BP1A2021_150616,0,0,original
8977,S2530991__S2530991_0_BP1A2021,0,0,original
8978,S2134277__S2134277,1,0,original
8979,S2533022__S2533022_0_BP1A2021,0,0,original
8980,S2504719__S25-04719-_-DEEP_1,0,0,original
8981,S2511008__S25-11008_0_BP1A2021_052339,1,0,original
8982,S2522994__S2522994_0_BP1A2021,0,0,original
8983,S2504719__S25-04719-_-DEEP_1,0,0,original
8984,S2434918__S24-34918-_-BIOPSY,1,0,original
8985,S19-19367__S19-19367,1,0,original
8986,S2128633__S2128633--DEEP,1,0,original
8987,S18-18746__S18-18746,1,0,original
8988,S2427695__S2427695_BP1B27_C_14045_3,0,0,original
8989,S2406038__S2406038,0,0,original
8990,S2128633__S2128633--DEEP,1,0,original
8991,S2039743__S20-39743-C-PLHE_0,1,0,original
8992,S2522980__S2522980_0_BP1A2021,0,0,original
8993,S2513846__S25-13846_0_BP1A2021_161650,0,0,original
8994,S2237603__S22-37603-_-_1,0,0,original
8995,S2521239__S2521239_0_BP1A2021,0,0,original
8996,S2346179__S23-46179-_-BIOPSY,1,0,original
8997,S2406753__S24-06753-_-SERIAL_2,0,0,original
8998,S2415689__S24-15689-_-BIOPSY,1,0,original
8999,S2346179__S23-46179-_-BIOPSY,1,0,original
9000,S2406753__S24-06753-_-DEEP_1,0,0,original
9001,S2039743__S20-39743-C-PLHE_0,1,0,original
9002,S2522994__S2522994_0_BP1A2021,0,0,original
9003,S2346179__S23-46179-_-BIOPSY,1,0,original
9004,S2521240__S2521240_0_BP1A2021,1,0,original
9005,S19-40316__S19-40316,1,0,original
9006,S2237603__S22-37603-_-_1,0,0,original
9007,S2515598__S25-15598_0__144202,0,0,original
9008,S2531989__S2531989_0_BP1A2021,0,0,original
9009,S2409392__S2409392,0,0,original
9010,S2504719__S25-04719-_-DEEP_1,0,0,original
9011,S2423618__S24-23618-_-RECUT_2,0,0,original
9012,S2423618__S24-23618-_-RECUT_2,0,0,original
9013,S2235518__S22-35518-_-BIOPSY,0,0,original
9014,S2415689__S24-15689-_-BIOPSY,1,0,original
9015,S2521240__S2521240_0_BP1A2021,1,0,original
9016,S17-42935__S17-42935,1,0,original
9017,S2409392__S2409392,0,0,original
9018,S2513848__S25-13848_0_BP1A2021_131436,0,0,original
9019,S2511008__S25-11008_0_BP1A2021_052339,1,0,original
9020,S2326329__S23-26329-_-BIOPSY,0,0,original
9021,S2424258__S2424258,0,0,original
9022,S2039743__S20-39743-L-PLHE_1,1,0,original
9023,S2521239__S2521239_0_BP1A2021,0,0,original
9024,S2504719__S25-04719-_-DEEP_1,0,0,original
9025,S2434918__S24-34918-_-BIOPSY,1,0,original
9026,S2346179__S23-46179-_-BIOPSY,1,0,original
9027,S2434918__S24-34918-_-BIOPSY,1,0,original
9028,S2039743__S20-39743-P-PLHE_3,1,0,original
9029,S2425843__S24-25843-_-BIOPSY,0,0,original
9030,S16-17719__S16-17719,1,0,original
9031,S2346179__S23-46179-_-BIOPSY,1,0,original
9032,S2511859__S25-11859_0_BP1A2021_150616,0,0,original
9033,S2039743__S20-39743-P-PLHE_3,1,0,original
9034,S2535840__S2535840_0_BP1A2021,0,0,original
9035,S2531989__S2531989_0_BP1A2021,0,0,original
9036,S2521240__S2521240_0_BP1A2021,1,0,original
9037,S2530063__S2530063_0_BP1A2021,0,0,original
9038,S2515598__S25-15598_0__144202,0,0,original
9039,S2504719__S25-04719-_-DEEP_1,0,0,original
9040,S2039743__S20-39743-C-PLHE_0,1,0,original
9041,S2425843__S24-25843-_-BIOPSY,0,0,original
9042,S2529112__S2529112_0_BP1A2021,0,0,original
9043,S2513848__S25-13848_0_BP1A2021_131436,0,0,original
9044,S2039743__S20-39743-C-PLHE_0,1,0,original
9045,S16-17719__S16-17719,1,0,original
9046,S2511008__S25-11008_0_BP1A2021_052339,1,0,original
9047,S2409390__S2409390,0,0,original
9048,S2424258__S2424258,0,0,original
9049,S2513848__S25-13848_0_BP1A2021_131436,0,0,original
9050,S2134277__S2134277,1,0,original
9051,S2522980__S2522980_0_BP1A2021,0,0,original
9052,S18-18746__S18-18746,1,0,original
9053,S2039743__S20-39743-L-PLHE_1,1,0,original
9054,S2511008__S25-11008_0_BP1A2021_052339,1,0,original
9055,S2247860__S22-47860-_-DEEP_1,1,0,original
9056,S2515598__S25-15598_0__144202,0,0,original
9057,S2326329__S23-26329-_-BIOPSY,0,0,original
9058,S2530063__S2530063_0_BP1A2021,0,0,original
9059,S2134277__S2134277,1,0,original
9060,S2533022__S2533022_0_BP1A2021,0,0,original
9061,S2511006__S25-11006_0_BP1A2021_052242,0,0,original
9062,S19-40063__S19-40063,0,0,original
9063,S2513847__S25-13847_0_BP1A2021_131603,0,0,original
9064,S2535840__S2535840_0_BP1A2021,0,0,original
9065,S18-18746__S18-18746,1,0,original
9066,S2513847__S25-13847_0_BP1A2021_131603,0,0,original
9067,S2511006__S25-11006_0_BP1A2021_052242,0,0,original
9068,S2530049__S2530049_0_BP1A2021,0,0,original
9069,S2427695__S2427695_BP1B27_C_14045_3,0,0,original
9070,S2511008__S25-11008_0_BP1A2021_052339,1,0,original
9071,S2511008__S25-11008_0_BP1A2021_052339,1,0,original
9072,S2513846__S25-13846_0_BP1A2021_161650,0,0,original
9073,S2409390__S2409390,0,0,original
9074,S2235518__S22-35518-_-BIOPSY,0,0,original
9075,S2535840__S2535840_0_BP1A2021,0,0,original
9076,S2134277__S2134277,1,0,original
9077,S17-42935__S17-42935,1,0,original
9078,S2530049__S2530049_0_BP1A2021,0,0,original
9079,S2039743__S20-39743-P-PLHE_3,1,0,original
9080,S2326329__S23-26329-_-BIOPSY,0,0,original
9081,S2521239__S2521239_0_BP1A2021,0,0,original
9082,S2346179__S23-46179-_-BIOPSY,1,0,original
9083,S2415689__S24-15689-_-BIOPSY,1,0,original
9084,S2237603__S22-37603-_-_1,0,0,original
9085,S2326329__S23-26329-_-BIOPSY,0,0,original
9086,S2529112__S2529112_0_BP1A2021,0,0,original
9087,S2415689__S24-15689-_-BIOPSY,1,0,original
9088,S2424259__S2424259,0,0,original
9089,S19-40316__S19-40316,1,0,original
9090,S2524760__S2524760_0_BP1A2021,0,0,original
9091,S2346179__S23-46179-_-BIOPSY,1,0,original
9092,S2527323__S2527323_0_BP1A2021,0,0,original
9093,S2521239__S2521239_0_BP1A2021,0,0,original
9094,S2346179__S23-46179-_-BIOPSY,1,0,original
9095,S19-40316__S19-40316,1,0,original
9096,S2134277__S2134277,1,0,original
9097,S2424259__S2424259,0,0,original
9098,S2326329__S23-26329-_-BIOPSY,0,0,original
9099,S2134277__S2134277,1,0,original
9100,S2515598__S25-15598_0__144202,0,0,original
9101,S2039743__S20-39743-L-PLHE_1,1,0,original
9102,S19-40063__S19-40063,0,0,original
9103,S2530049__S2530049_0_BP1A2021,0,0,original
9104,S2425843__S24-25843-_-BIOPSY,0,0,original
9105,S2424259__S2424259,0,0,original
9106,S2415689__S24-15689-_-BIOPSY,1,0,original
9107,S2134277__S2134277,1,0,original
9108,S19-40063__S19-40063,0,0,original
9109,S2326329__S23-26329-_-BIOPSY,0,0,original
9110,S2352429__S23-52429-_-RECUT_1,0,0,original
9111,S2521239__S2521239_0_BP1A2021,0,0,original
9112,S18-18746__S18-18746,1,0,original
9113,S2039743__S20-39743-P-PLHE_3,1,0,original
9114,S2424259__S2424259,0,0,original
9115,S2424258__S2424258,0,0,original
9116,S2039743__S20-39743-C-PLHE_0,1,0,original
9117,S2352429__S23-52429-_-RECUT_1,0,0,original
9118,S19-40316__S19-40316,1,0,original
9119,S2521240__S2521240_0_BP1A2021,1,0,original
9120,S2128633__S2128633--DEEP,1,0,original
9121,S2521240__S2521240_0_BP1A2021,1,0,original
9122,S2511859__S25-11859_0_BP1A2021_150616,0,0,original
9123,S2521239__S2521239_0_BP1A2021,0,0,original
9124,S2134277__S2134277,1,0,original
9125,S16-17719__S16-17719,1,0,original
9126,S2039743__S20-39743-L-PLHE_1,1,0,original
9127,S19-40316__S19-40316,1,0,original
9128,S2504719__S25-04719-_-DEEP_1,0,0,original
9129,S2521240__S2521240_0_BP1A2021,1,0,original
9130,S19-19367__S19-19367,1,0,original
9131,S2409390__S2409390,0,0,original
9132,S2526362__S2526362_0_BP1A2021,0,0,original
9133,S2427695__S2427695_BP1B27_C_14045_3,0,0,original
9134,S2128633__S2128633--DEEP,1,0,original
9135,S2346179__S23-46179-_-BIOPSY,1,0,original
9136,S2524760__S2524760_0_BP1A2021,0,0,original
9137,S2521239__S2521239_0_BP1A2021,0,0,original
9138,S2513846__S25-13846_0_BP1A2021_131523,0,0,original
9139,S2434918__S24-34918-_-BIOPSY,1,0,original
9140,S2039743__S20-39743-C-PLHE_0,1,0,original
9141,S2511008__S25-11008_0_BP1A2021_052339,1,0,original
9142,S2406753__S24-06753-_-DEEP_1,0,0,original
9143,S17-42935__S17-42935,1,0,original
9144,S2521240__S2521240_0_BP1A2021,1,0,original
9145,S2511006__S25-11006_0_BP1A2021_052242,0,0,original
9146,S2415689__S24-15689-_-BIOPSY,1,0,original
9147,S2352429__S23-52429-_-RECUT_1,0,0,original
9148,S2039743__S20-39743-L-PLHE_1,1,0,original
9149,S2511008__S25-11008_0_BP1A2021_052339,1,0,original
9150,S2533022__S2533022_0_BP1A2021,0,0,original
9151,S2521240__S2521240_0_BP1A2021,1,0,original
9152,S2434918__S24-34918-_-BIOPSY,1,0,original
9153,S2424259__S2424259,0,0,original
9154,S2530049__S2530049_0_BP1A2021,0,0,original
9155,S2039743__S20-39743-P-PLHE_3,1,0,original
9156,S17-42935__S17-42935,1,0,original
9157,S2521239__S2521239_0_BP1A2021,0,0,original
9158,S2134277__S2134277,1,0,original
9159,S2039743__S20-39743-P-PLHE_3,1,0,original
9160,S19-40316__S19-40316,1,0,original
9161,S2504719__S25-04719-_-DEEP_1,0,0,original
9162,S2039743__S20-39743-L-PLHE_1,1,0,original
9163,S2522994__S2522994_0_BP1A2021,0,0,original
9164,S2247860__S22-47860-_-DEEP_1,1,0,original
9165,S2247860__S22-47860-_-DEEP_1,1,0,original
9166,S2521240__S2521240_0_BP1A2021,1,0,original
9167,S2326329__S23-26329-_-BIOPSY,0,0,original
9168,S2522980__S2522980_0_BP1A2021,0,0,original
9169,S2530063__S2530063_0_BP1A2021,0,0,original
9170,S2530063__S2530063_0_BP1A2021,0,0,original
9171,S2511859__S25-11859_0_BP1A2021_150616,0,0,original
9172,S2511006__S25-11006_0_BP1A2021_052242,0,0,original
9173,S2128633__S2128633--DEEP,1,0,original
9174,S2415689__S24-15689-_-BIOPSY,1,0,original
9175,S2134277__S2134277,1,0,original
9176,S2406753__S24-06753-_-DEEP_1,0,0,original
9177,S18-18746__S18-18746,1,0,original
9178,S18-18746__S18-18746,1,0,original
9179,S2424250__S2424250,0,0,original
9180,S2352429__S23-52429-_-BIOPSY,0,0,original
9181,S2424259__S2424259,0,0,original
9182,S2424258__S2424258,0,0,original
9183,S19-40316__S19-40316,1,0,original
9184,S2513848__S25-13848_0_BP1A2021_131436,0,0,original
9185,S2521240__S2521240_0_BP1A2021,1,0,original
9186,S2424258__S2424258,0,0,original
9187,S2424259__S2424259,0,0,original
9188,S16-17719__S16-17719,1,0,original
9189,S17-42935__S17-42935,1,0,original
9190,S2530049__S2530049_0_BP1A2021,0,0,original
9191,S2513846__S25-13846_0_BP1A2021_161650,0,0,original
9192,S2415689__S24-15689-_-BIOPSY,1,0,original
9193,S2128633__S2128633--DEEP,1,0,original
9194,S2527323__S2527323_0_BP1A2021,0,0,original
9195,S2524760__S2524760_0_BP1A2021,0,0,original
9196,S2346179__S23-46179-_-BIOPSY,1,0,original
9197,S2346179__S23-46179-_-BIOPSY,1,0,original
9198,S2531989__S2531989_0_BP1A2021,0,0,original
9199,S19-40316__S19-40316,1,0,original
9200,S2409392__S2409392,0,0,original
9201,S2434918__S24-34918-_-BIOPSY,1,0,original
9202,S2352429__S23-52429-_-BIOPSY,0,0,original
9203,S2039743__S20-39743-L-PLHE_1,1,0,original
9204,S2039743__S20-39743-L-PLHE_1,1,0,original
9205,S2424259__S2424259,0,0,original
9206,S17-42935__S17-42935,1,0,original
9207,S17-42935__S17-42935,1,0,original
9208,S2406753__S24-06753-_-SERIAL_2,0,0,original
9209,S2530049__S2530049_0_BP1A2021,0,0,original
9210,S2434918__S24-34918-_-BIOPSY,1,0,original
9211,S2134277__S2134277,1,0,original
9212,S2346179__S23-46179-_-BIOPSY,1,0,original
9213,S2521239__S2521239_0_BP1A2021,0,0,original
9214,S17-42935__S17-42935,1,0,original
9215,S2352429__S23-52429-_-RECUT_1,0,0,original
9216,S2515598__S25-15598_0__144202,0,0,original
9217,S2526362__S2526362_0_BP1A2021,0,0,original
9218,S2427695__S2427695_BP1B27_C_14045_3,0,0,original
9219,S17-42935__S17-42935,1,0,original
9220,S2521239__S2521239_0_BP1A2021,0,0,original
9221,S2513848__S25-13848_0_BP1A2021_131436,0,0,original
9222,S2128633__S2128633--DEEP,1,0,original
9223,S2415689__S24-15689-_-BIOPSY,1,0,original
9224,S17-42935__S17-42935,1,0,original
9225,S2409390__S2409390,0,0,original
9226,S2529112__S2529112_0_BP1A2021,0,0,original
9227,S2434918__S24-34918-_-BIOPSY,1,0,original
9228,S2513846__S25-13846_0_BP1A2021_161650,0,0,original
9229,S2511008__S25-11008_0_BP1A2021_052339,1,0,original
9230,S2530049__S2530049_0_BP1A2021,0,0,original
9231,S2039743__S20-39743-P-PLHE_3,1,0,original
9232,S2346179__S23-46179-_-BIOPSY,1,0,original
9233,S2515598__S25-15598_0__144202,0,0,original
9234,S19-40063__S19-40063,0,0,original
9235,S2515598__S25-15598_0__144202,0,0,original
9236,S2521240__S2521240_0_BP1A2021,1,0,original
9237,S2039743__S20-39743-C-PLHE_0,1,0,original
9238,S19-40316__S19-40316,1,0,original
9239,S18-18746__S18-18746,1,0,original
9240,S2134277__S2134277,1,0,original
9241,S2511006__S25-11006_0_BP1A2021_052242,0,0,original
9242,S2511008__S25-11008_0_BP1A2021_052339,1,0,original
9243,S2504719__S25-04719-_-DEEP_1,0,0,original
9244,S16-17719__S16-17719,1,0,original
9245,S2513846__S25-13846_0_BP1A2021_161650,0,0,original
9246,S2039743__S20-39743-L-PLHE_1,1,0,original
9247,S2352429__S23-52429-_-BIOPSY,0,0,original
9248,S2039743__S20-39743-L-PLHE_1,1,0,original
9249,S2527323__S2527323_0_BP1A2021,0,0,original
9250,S19-19367__S19-19367,1,0,original
9251,S2134277__S2134277,1,0,original
9252,S2424258__S2424258,0,0,original
9253,S2521240__S2521240_0_BP1A2021,1,0,original
9254,S2039743__S20-39743-P-PLHE_3,1,0,original
9255,S2039743__S20-39743-P-PLHE_3,1,0,original
9256,S2535840__S2535840_0_BP1A2021,0,0,original
9257,S2533022__S2533022_0_BP1A2021,0,0,original
9258,S2415689__S24-15689-_-BIOPSY,1,0,original
9259,S2529112__S2529112_0_BP1A2021,0,0,original
9260,S2513846__S25-13846_0_BP1A2021_131523,0,0,original
9261,S2511008__S25-11008_0_BP1A2021_052339,1,0,original
9262,S2235518__S22-35518-_-BIOPSY,0,0,original
9263,S2511859__S25-11859_0_BP1A2021_150616,0,0,original
9264,S2522994__S2522994_0_BP1A2021,0,0,original
9265,S2513846__S25-13846_0_BP1A2021_161650,0,0,original
9266,S2529112__S2529112_0_BP1A2021,0,0,original
9267,S2415689__S24-15689-_-BIOPSY,1,0,original
9268,S2529112__S2529112_0_BP1A2021,0,0,original
9269,S2521240__S2521240_0_BP1A2021,1,0,original
9270,S2406753__S24-06753-_-SERIAL_2,0,0,original
9271,S2128633__S2128633--DEEP,1,0,original
9272,S2434918__S24-34918-_-BIOPSY,1,0,original
9273,S2423618__S24-23618-_-RECUT_2,0,0,original
9274,S19-40316__S19-40316,1,0,original
9275,S2409392__S2409392,0,0,original
9276,S2511008__S25-11008_0_BP1A2021_052339,1,0,original
9277,S2522980__S2522980_0_BP1A2021,0,0,original
9278,S2039743__S20-39743-L-PLHE_1,1,0,original
9279,S19-40316__S19-40316,1,0,original
9280,S16-17719__S16-17719,1,0,original
9281,S2346179__S23-46179-_-BIOPSY,1,0,original
9282,S2406038__S2406038,0,0,original
9283,S2530063__S2530063_0_BP1A2021,0,0,original
9284,S2326329__S23-26329-_-BIOPSY,0,0,original
9285,S2424259__S2424259,0,0,original
9286,S2424250__S2424250,0,0,original
9287,S2352429__S23-52429-_-BIOPSY,0,0,original
9288,S17-42935__S17-42935,1,0,original
9289,S2522980__S2522980_0_BP1A2021,0,0,original
9290,S18-18746__S18-18746,1,0,original
9291,S2128633__S2128633--DEEP,1,0,original
9292,S19-19367__S19-19367,1,0,original
9293,S19-40063__S19-40063,0,0,original
9294,S2524760__S2524760_0_BP1A2021,0,0,original
9295,S2504719__S25-04719-_-DEEP_1,0,0,original
9296,S2237603__S22-37603-_-_1,0,0,original
9297,S2434918__S24-34918-_-BIOPSY,1,0,original
9298,S2530991__S2530991_0_BP1A2021,0,0,original
9299,S2521240__S2521240_0_BP1A2021,1,0,original
9300,S2530991__S2530991_0_BP1A2021,0,0,original
9301,S2039743__S20-39743-P-PLHE_3,1,0,original
9302,S2247860__S22-47860-_-DEEP_1,1,0,original
9303,S18-18746__S18-18746,1,0,original
9304,S2237603__S22-37603-_-_1,0,0,original
9305,S18-18746__S18-18746,1,0,original
9306,S2039743__S20-39743-L-PLHE_1,1,0,original
9307,S2247860__S22-47860-_-DEEP_1,1,0,original
9308,S16-17719__S16-17719,1,0,original
9309,S2406038__S2406038,0,0,original
9310,S2039743__S20-39743-L-PLHE_1,1,0,original
9311,S2346179__S23-46179-_-BIOPSY,1,0,original
9312,S2424259__S2424259,0,0,original
9313,S2521240__S2521240_0_BP1A2021,1,0,original
9314,S2424258__S2424258,0,0,original
9315,S19-19367__S19-19367,1,0,original
9316,S2406753__S24-06753-_-DEEP_1,0,0,original
9317,S2237603__S22-37603-_-_1,0,0,original
9318,S2039743__S20-39743-C-PLHE_0,1,0,original
9319,S2423618__S24-23618-_-RECUT_2,0,0,original
9320,S16-17719__S16-17719,1,0,original
9321,S2513846__S25-13846_0_BP1A2021_131523,0,0,original
9322,S2427695__S24-27695-_-BIOPSY,0,0,original
9323,S17-42935__S17-42935,1,0,original
9324,S2128633__S2128633--DEEP,1,0,original
9325,S2039743__S20-39743-L-PLHE_1,1,0,original
9326,S2247860__S22-47860-_-DEEP_1,1,0,original
9327,S2515598__S25-15598_0__144202,0,0,original
9328,S2511008__S25-11008_0_BP1A2021_052339,1,0,original
9329,S2128633__S2128633--DEEP,1,0,original
9330,S2346179__S23-46179-_-BIOPSY,1,0,original
9331,S2511006__S25-11006_0_BP1A2021_052242,0,0,original
9332,S2522980__S2522980_0_BP1A2021,0,0,original
9333,S2039743__S20-39743-P-PLHE_3,1,0,original
9334,S18-18746__S18-18746,1,0,original
9335,S2346179__S23-46179-_-BIOPSY,1,0,original
9336,S2531989__S2531989_0_BP1A2021,0,0,original
9337,S2134277__S2134277,1,0,original
9338,S2527323__S2527323_0_BP1A2021,0,0,original
9339,S2521240__S2521240_0_BP1A2021,1,0,original
9340,S2247860__S22-47860-_-DEEP_1,1,0,original
9341,S2415689__S24-15689-_-BIOPSY,1,0,original
9342,S2424258__S2424258,0,0,original
9343,S2039743__S20-39743-C-PLHE_0,1,0,original
9344,S2346179__S23-46179-_-BIOPSY,1,0,original
9345,S2533022__S2533022_0_BP1A2021,0,0,original
9346,S2504719__S25-04719-_-DEEP_1,0,0,original
9347,S18-18746__S18-18746,1,0,original
9348,S2427695__S24-27695-_-BIOPSY,0,0,original
9349,S2434918__S24-34918-_-BIOPSY,1,0,original
9350,S2128633__S2128633--DEEP,1,0,original
9351,S2530063__S2530063_0_BP1A2021,0,0,original
9352,S2513847__S25-13847_0_BP1A2021_131603,0,0,original
9353,S2346179__S23-46179-_-BIOPSY,1,0,original
9354,S2522994__S2522994_0_BP1A2021,0,0,original
9355,S2511859__S25-11859_0_BP1A2021_150616,0,0,original
9356,S2247860__S22-47860-_-DEEP_1,1,0,original
9357,S2522994__S2522994_0_BP1A2021,0,0,original
9358,S2406753__S24-06753-_-DEEP_1,0,0,original
9359,S2039743__S20-39743-L-PLHE_1,1,0,original
9360,S2237603__S22-37603-_-_1,0,0,original
9361,S2524760__S2524760_0_BP1A2021,0,0,original
9362,S18-18746__S18-18746,1,0,original
9363,S2526362__S2526362_0_BP1A2021,0,0,original
9364,S2352429__S23-52429-_-BIOPSY,0,0,original
9365,S18-18746__S18-18746,1,0,original
9366,S2247860__S22-47860-_-DEEP_1,1,0,original
9367,S2424259__S2424259,0,0,original
9368,S2531989__S2531989_0_BP1A2021,0,0,original
9369,S2247860__S22-47860-_-DEEP_1,1,0,original
9370,S2423618__S24-23618-_-RECUT_2,0,0,original
9371,S19-40316__S19-40316,1,0,original
9372,S2521240__S2521240_0_BP1A2021,1,0,original
9373,S19-40316__S19-40316,1,0,original
9374,S2352429__S23-52429-_-RECUT_1,0,0,original
9375,S19-19367__S19-19367,1,0,original
9376,S2526362__S2526362_0_BP1A2021,0,0,original
9377,S2424259__S2424259,0,0,original
9378,S2530991__S2530991_0_BP1A2021,0,0,original
9379,S2511008__S25-11008_0_BP1A2021_052339,1,0,original
9380,S2039743__S20-39743-C-PLHE_0,1,0,original
9381,S2511859__S25-11859_0_BP1A2021_150616,0,0,original
9382,S2128633__S2128633--DEEP,1,0,original
9383,S2530063__S2530063_0_BP1A2021,0,0,original
9384,S2511008__S25-11008_0_BP1A2021_052339,1,0,original
9385,S16-17719__S16-17719,1,0,original
9386,S2513848__S25-13848_0_BP1A2021_131436,0,0,original
9387,S2424259__S2424259,0,0,original
9388,S19-40063__S19-40063,0,0,original
9389,S16-17719__S16-17719,1,0,original
9390,S2425843__S24-25843-_-BIOPSY,0,0,original
9391,S2247860__S22-47860-_-DEEP_1,1,0,original
9392,S2531989__S2531989_0_BP1A2021,0,0,original
9393,S2039743__S20-39743-L-PLHE_1,1,0,original
9394,S2424258__S2424258,0,0,original
9395,S2039743__S20-39743-L-PLHE_1,1,0,original
9396,S17-42935__S17-42935,1,0,original
9397,S2039743__S20-39743-C-PLHE_0,1,0,original
9398,S2530063__S2530063_0_BP1A2021,0,0,original
9399,S2039743__S20-39743-P-PLHE_3,1,0,original
9400,S2526362__S2526362_0_BP1A2021,0,0,original
9401,S16-17719__S16-17719,1,0,original
9402,S2424259__S2424259,0,0,original
9403,S2424258__S2424258,0,0,original
9404,S2039743__S20-39743-C-PLHE_0,1,0,original
9405,S2424250__S2424250,0,0,original
9406,S2039743__S20-39743-C-PLHE_0,1,0,original
9407,S2434918__S24-34918-_-BIOPSY,1,0,original
9408,S2434918__S24-34918-_-BIOPSY,1,0,original
9409,S2521239__S2521239_0_BP1A2021,0,0,original
9410,S2522994__S2522994_0_BP1A2021,0,0,original
9411,S2128633__S2128633--DEEP,1,0,original
9412,S2415689__S24-15689-_-BIOPSY,1,0,original
9413,S2427695__S2427695_BP1B27_C_14045_3,0,0,original
9414,S2406753__S24-06753-_-DEEP_1,0,0,original
9415,S2513846__S25-13846_0_BP1A2021_161650,0,0,original
9416,S2521240__S2521240_0_BP1A2021,1,0,original
9417,S2434918__S24-34918-_-BIOPSY,1,0,original
9418,S2535840__S2535840_0_BP1A2021,0,0,original
9419,S2406038__S2406038,0,0,original
9420,S18-18746__S18-18746,1,0,original
9421,S2039743__S20-39743-L-PLHE_1,1,0,original
9422,S2409392__S2409392,0,0,original
9423,S2039743__S20-39743-C-PLHE_0,1,0,original
9424,S2425843__S24-25843-_-BIOPSY,0,0,original
9425,S19-40063__S19-40063,0,0,original
9426,S2527323__S2527323_0_BP1A2021,0,0,original
9427,S2513846__S25-13846_0_BP1A2021_161650,0,0,original
9428,S16-17719__S16-17719,1,0,original
9429,S2522994__S2522994_0_BP1A2021,0,0,original
9430,S2039743__S20-39743-C-PLHE_0,1,0,original
9431,S2511008__S25-11008_0_BP1A2021_052339,1,0,original
9432,S18-18746__S18-18746,1,0,original
9433,S2424250__S2424250,0,0,original
9434,S19-19367__S19-19367,1,0,original
9435,S2237603__S22-37603-_-_1,0,0,original
9436,S2515598__S25-15598_0__144202,0,0,original
9437,S2529112__S2529112_0_BP1A2021,0,0,original
9438,S19-19367__S19-19367,1,0,original
9439,S2521239__S2521239_0_BP1A2021,0,0,original
9440,S2134277__S2134277,1,0,original
9441,S2352429__S23-52429-_-BIOPSY,0,0,original
9442,S2237603__S22-37603-_-_1,0,0,original
9443,S2247860__S22-47860-_-DEEP_1,1,0,original
9444,S2128633__S2128633--DEEP,1,0,original
9445,S2406753__S24-06753-_-DEEP_1,0,0,original
9446,S2346179__S23-46179-_-BIOPSY,1,0,original
9447,S18-18746__S18-18746,1,0,original
9448,S2039743__S20-39743-L-PLHE_1,1,0,original
9449,S2511008__S25-11008_0_BP1A2021_052339,1,0,original
9450,S2406753__S24-06753-_-DEEP_1,0,0,original
9451,S2406753__S24-06753-_-DEEP_1,0,0,original
9452,S2415689__S24-15689-_-BIOPSY,1,0,original
9453,S2513848__S25-13848_0_BP1A2021_131436,0,0,original
9454,S2039743__S20-39743-P-PLHE_3,1,0,original
9455,S2039743__S20-39743-C-PLHE_0,1,0,original
9456,S18-18746__S18-18746,1,0,original
9457,S2530063__S2530063_0_BP1A2021,0,0,original
9458,S2134277__S2134277,1,0,original
9459,S2434918__S24-34918-_-BIOPSY,1,0,original
9460,S17-42935__S17-42935,1,0,original
9461,S2424259__S2424259,0,0,original
9462,S19-19367__S19-19367,1,0,original
9463,S2529112__S2529112_0_BP1A2021,0,0,original
9464,S2134277__S2134277,1,0,original
9465,S2526362__S2526362_0_BP1A2021,0,0,original
9466,S2406753__S24-06753-_-SERIAL_2,0,0,original
9467,S2524760__S2524760_0_BP1A2021,0,0,original
9468,S2406753__S24-06753-_-SERIAL_2,0,0,original
9469,S19-40316__S19-40316,1,0,original
9470,S19-40063__S19-40063,0,0,original
9471,S2524760__S2524760_0_BP1A2021,0,0,original
9472,S2521240__S2521240_0_BP1A2021,1,0,original
9473,S2039743__S20-39743-P-PLHE_3,1,0,original
9474,S2535840__S2535840_0_BP1A2021,0,0,original
9475,S2513846__S25-13846_0_BP1A2021_131523,0,0,original
9476,S2424258__S2424258,0,0,original
9477,S2039743__S20-39743-P-PLHE_3,1,0,original
9478,S2427695__S2427695_BP1B27_C_14045_3,0,0,original
9479,S2415689__S24-15689-_-BIOPSY,1,0,original
9480,S2039743__S20-39743-P-PLHE_3,1,0,original
9481,S16-17719__S16-17719,1,0,original
9482,S2521240__S2521240_0_BP1A2021,1,0,original
9483,S2521239__S2521239_0_BP1A2021,0,0,original
9484,S19-19367__S19-19367,1,0,original
9485,S2522980__S2522980_0_BP1A2021,0,0,original
9486,S2406038__S2406038,0,0,original
9487,S17-42935__S17-42935,1,0,original
9488,S2128633__S2128633--DEEP,1,0,original
9489,S2425843__S24-25843-_-BIOPSY,0,0,original
9490,S2134277__S2134277,1,0,original
9491,S2409392__S2409392,0,0,original
9492,S16-17719__S16-17719,1,0,original
9493,S2406038__S2406038,0,0,original
9494,S2326329__S23-26329-_-BIOPSY,0,0,original
9495,S2247860__S22-47860-_-DEEP_1,1,0,original
9496,S2247860__S22-47860-_-DEEP_1,1,0,original
9497,S2522994__S2522994_0_BP1A2021,0,0,original
9498,S2423618__S24-23618-_-RECUT_2,0,0,original
9499,S19-40316__S19-40316,1,0,original
9500,S2039743__S20-39743-L-PLHE_1,1,0,original
9501,S2039743__S20-39743-P-PLHE_3,1,0,original
9502,S2237603__S22-37603-_-_1,0,0,original
9503,S2352429__S23-52429-_-RECUT_1,0,0,original
9504,S2039743__S20-39743-C-PLHE_0,1,0,original
9505,S2039743__S20-39743-P-PLHE_3,1,0,original
9506,S2425843__S24-25843-_-BIOPSY,0,0,original
9507,S2530049__S2530049_0_BP1A2021,0,0,original
9508,S2409390__S2409390,0,0,original
9509,S2513846__S25-13846_0_BP1A2021_161650,0,0,original
9510,S17-42935__S17-42935,1,0,original
9511,S2415689__S24-15689-_-BIOPSY,1,0,original
9512,S2134277__S2134277,1,0,original
9513,S2247860__S22-47860-_-DEEP_1,1,0,original
9514,S2235518__S22-35518-_-BIOPSY,0,0,original
9515,S2530991__S2530991_0_BP1A2021,0,0,original
9516,S2533022__S2533022_0_BP1A2021,0,0,original
9517,S2511859__S25-11859_0_BP1A2021_150616,0,0,original
9518,S2237603__S22-37603-_-_1,0,0,original
9519,S2521239__S2521239_0_BP1A2021,0,0,original
9520,S19-40316__S19-40316,1,0,original
9521,S2530049__S2530049_0_BP1A2021,0,0,original
9522,S2530991__S2530991_0_BP1A2021,0,0,original
9523,S2424259__S2424259,0,0,original
9524,S2513848__S25-13848_0_BP1A2021_131436,0,0,original
9525,S2521240__S2521240_0_BP1A2021,1,0,original
9526,S2521240__S2521240_0_BP1A2021,1,0,original
9527,S2352429__S23-52429-_-RECUT_1,0,0,original
9528,S2415689__S24-15689-_-BIOPSY,1,0,original
9529,S2531989__S2531989_0_BP1A2021,0,0,original
9530,S2521240__S2521240_0_BP1A2021,1,0,original
9531,S2237603__S22-37603-_-_1,0,0,original
9532,S2504719__S25-04719-_-DEEP_1,0,0,original
9533,S2524760__S2524760_0_BP1A2021,0,0,original
9534,S2352429__S23-52429-_-RECUT_1,0,0,original
9535,S2521240__S2521240_0_BP1A2021,1,0,original
9536,S19-19367__S19-19367,1,0,original
9537,S2526362__S2526362_0_BP1A2021,0,0,original
9538,S2039743__S20-39743-P-PLHE_3,1,0,original
9539,S2533022__S2533022_0_BP1A2021,0,0,original
9540,S2535840__S2535840_0_BP1A2021,0,0,original
9541,S2128633__S2128633--DEEP,1,0,original
9542,S2424259__S2424259,0,0,original
9543,S2409390__S2409390,0,0,original
9544,S2039743__S20-39743-L-PLHE_1,1,0,original
9545,S2128633__S2128633--DEEP,1,0,original
9546,S2134277__S2134277,1,0,original
9547,S2134277__S2134277,1,0,original
9548,S2533022__S2533022_0_BP1A2021,0,0,original
9549,S2530049__S2530049_0_BP1A2021,0,0,original
9550,S2530991__S2530991_0_BP1A2021,0,0,original
9551,S2521240__S2521240_0_BP1A2021,1,0,original
9552,S2521239__S2521239_0_BP1A2021,0,0,original
9553,S2039743__S20-39743-P-PLHE_3,1,0,original
9554,S19-40316__S19-40316,1,0,original
9555,S2533022__S2533022_0_BP1A2021,0,0,original
9556,S2039743__S20-39743-C-PLHE_0,1,0,original
9557,S2134277__S2134277,1,0,original
9558,S17-42935__S17-42935,1,0,original
9559,S2346179__S23-46179-_-BIOPSY,1,0,original
9560,S2415689__S24-15689-_-BIOPSY,1,0,original
9561,S2511006__S25-11006_0_BP1A2021_052242,0,0,original
9562,S2511008__S25-11008_0_BP1A2021_052339,1,0,original
9563,S2237603__S22-37603-_-_1,0,0,original
9564,S2409392__S2409392,0,0,original
9565,S2039743__S20-39743-L-PLHE_1,1,0,original
9566,S18-18746__S18-18746,1,0,original
9567,S18-18746__S18-18746,1,0,original
9568,S2352429__S23-52429-_-BIOPSY,0,0,original
9569,S2511008__S25-11008_0_BP1A2021_052339,1,0,original
9570,S2039743__S20-39743-L-PLHE_1,1,0,original
9571,S2434918__S24-34918-_-BIOPSY,1,0,original
9572,S2128633__S2128633--DEEP,1,0,original
9573,S2504719__S25-04719-_-DEEP_1,0,0,original
9574,S2039743__S20-39743-P-PLHE_3,1,0,original
9575,S2522980__S2522980_0_BP1A2021,0,0,original
9576,S2526362__S2526362_0_BP1A2021,0,0,original
9577,S19-40316__S19-40316,1,0,original
9578,S19-40316__S19-40316,1,0,original
9579,S2406038__S2406038,0,0,original
9580,S2039743__S20-39743-L-PLHE_1,1,0,original
9581,S2513847__S25-13847_0_BP1A2021_131603,0,0,original
9582,S2235518__S22-35518-_-BIOPSY,0,0,original
9583,S2513847__S25-13847_0_BP1A2021_131603,0,0,original
9584,S19-19367__S19-19367,1,0,original
9585,S2326329__S23-26329-_-BIOPSY,0,0,original
9586,S2409390__S2409390,0,0,original
9587,S2237603__S22-37603-_-_1,0,0,original
9588,S2247860__S22-47860-_-DEEP_1,1,0,original
9589,S2513848__S25-13848_0_BP1A2021_131436,0,0,original
9590,S2511008__S25-11008_0_BP1A2021_052339,1,0,original
9591,S2039743__S20-39743-C-PLHE_0,1,0,original
9592,S2434918__S24-34918-_-BIOPSY,1,0,original
9593,S19-40316__S19-40316,1,0,original
9594,S2039743__S20-39743-C-PLHE_0,1,0,original
9595,S2425843__S24-25843-_-BIOPSY,0,0,original
9596,S2522980__S2522980_0_BP1A2021,0,0,original
9597,S19-40316__S19-40316,1,0,original
9598,S2513848__S25-13848_0_BP1A2021_131436,0,0,original
9599,S2424250__S2424250,0,0,original
9600,S19-40316__S19-40316,1,0,original
9601,S2039743__S20-39743-L-PLHE_1,1,0,original
9602,S16-17719__S16-17719,1,0,original
9603,S2235518__S22-35518-_-BIOPSY,0,0,original
9604,S2424259__S2424259,0,0,original
9605,S2427695__S2427695_BP1B27_C_14045_3,0,0,original
9606,S18-18746__S18-18746,1,0,original
9607,S2522980__S2522980_0_BP1A2021,0,0,original
9608,S2406753__S24-06753-_-DEEP_1,0,0,original
9609,S2524760__S2524760_0_BP1A2021,0,0,original
9610,S2039743__S20-39743-L-PLHE_1,1,0,original
9611,S2409392__S2409392,0,0,original
9612,S2235518__S22-35518-_-BIOPSY,0,0,original
9613,S2513847__S25-13847_0_BP1A2021_131603,0,0,original
9614,S2039743__S20-39743-P-PLHE_3,1,0,original
9615,S2415689__S24-15689-_-BIOPSY,1,0,original
9616,S2039743__S20-39743-L-PLHE_1,1,0,original
9617,S18-18746__S18-18746,1,0,original
9618,S2521240__S2521240_0_BP1A2021,1,0,original
9619,S2513846__S25-13846_0_BP1A2021_161650,0,0,original
9620,S17-42935__S17-42935,1,0,original
9621,S2039743__S20-39743-L-PLHE_1,1,0,original
9622,S2247860__S22-47860-_-DEEP_1,1,0,original
9623,S2039743__S20-39743-L-PLHE_1,1,0,original
9624,S19-40316__S19-40316,1,0,original
9625,S2406753__S24-06753-_-DEEP_1,0,0,original
9626,S2406038__S2406038,0,0,original
9627,S2531989__S2531989_0_BP1A2021,0,0,original
9628,S19-40316__S19-40316,1,0,original
9629,S19-19367__S19-19367,1,0,original
9630,S2039743__S20-39743-P-PLHE_3,1,0,original
9631,S18-18746__S18-18746,1,0,original
9632,S2039743__S20-39743-L-PLHE_1,1,0,original
9633,S2527323__S2527323_0_BP1A2021,0,0,original
9634,S2423618__S24-23618-_-RECUT_2,0,0,original
9635,S2424250__S2424250,0,0,original
9636,S2346179__S23-46179-_-BIOPSY,1,0,original
9637,S2533022__S2533022_0_BP1A2021,0,0,original
9638,S2427695__S2427695_BP1B27_C_14045_3,0,0,original
9639,S2424258__S2424258,0,0,original
9640,S2423618__S24-23618-_-RECUT_2,0,0,original
9641,S2521239__S2521239_0_BP1A2021,0,0,original
9642,S2434918__S24-34918-_-BIOPSY,1,0,original
9643,S2039743__S20-39743-P-PLHE_3,1,0,original
9644,S2406753__S24-06753-_-SERIAL_2,0,0,original
9645,S2530063__S2530063_0_BP1A2021,0,0,original
9646,S2409392__S2409392,0,0,original
9647,S2424250__S2424250,0,0,original
9648,S2515598__S25-15598_0__144202,0,0,original
9649,S2247860__S22-47860-_-DEEP_1,1,0,original
9650,S2346179__S23-46179-_-BIOPSY,1,0,original
9651,S2128633__S2128633--DEEP,1,0,original
9652,S2346179__S23-46179-_-BIOPSY,1,0,original
9653,S2424259__S2424259,0,0,original
9654,S2326329__S23-26329-_-BIOPSY,0,0,original
9655,S2406753__S24-06753-_-DEEP_1,0,0,original
9656,S2521240__S2521240_0_BP1A2021,1,0,original
9657,S2247860__S22-47860-_-DEEP_1,1,0,original
9658,S2039743__S20-39743-P-PLHE_3,1,0,original
9659,S2427695__S2427695_BP1B27_C_14045_3,0,0,original
9660,S2434918__S24-34918-_-BIOPSY,1,0,original
9661,S17-42935__S17-42935,1,0,original
9662,S2128633__S2128633--DEEP,1,0,original
9663,S2427695__S24-27695-_-BIOPSY,0,0,original
9664,S19-40316__S19-40316,1,0,original
9665,S2247860__S22-47860-_-DEEP_1,1,0,original
9666,S2424259__S2424259,0,0,original
9667,S2526362__S2526362_0_BP1A2021,0,0,original
9668,S2521240__S2521240_0_BP1A2021,1,0,original
9669,S2247860__S22-47860-_-DEEP_1,1,0,original
9670,S2346179__S23-46179-_-BIOPSY,1,0,original
9671,S2352429__S23-52429-_-RECUT_1,0,0,original
9672,S2406753__S24-06753-_-DEEP_1,0,0,original
9673,S2409390__S2409390,0,0,original
9674,S2513846__S25-13846_0_BP1A2021_131523,0,0,original
9675,S2427695__S24-27695-_-BIOPSY,0,0,original
9676,S2504719__S25-04719-_-DEEP_1,0,0,original
9677,S2424250__S2424250,0,0,original
9678,S2352429__S23-52429-_-BIOPSY,0,0,original
9679,S2425843__S24-25843-_-BIOPSY,0,0,original
9680,S2513847__S25-13847_0_BP1A2021_131603,0,0,original
9681,S2535840__S2535840_0_BP1A2021,0,0,original
9682,S2535840__S2535840_0_BP1A2021,0,0,original
9683,S2522994__S2522994_0_BP1A2021,0,0,original
9684,S2134277__S2134277,1,0,original
9685,S2535840__S2535840_0_BP1A2021,0,0,original
9686,S2039743__S20-39743-P-PLHE_3,1,0,original
9687,S2533022__S2533022_0_BP1A2021,0,0,original
9688,S2425843__S24-25843-_-BIOPSY,0,0,original
9689,S2424259__S2424259,0,0,original
9690,S2128633__S2128633--DEEP,1,0,original
9691,S2511006__S25-11006_0_BP1A2021_052242,0,0,original
9692,S2346179__S23-46179-_-BIOPSY,1,0,original
9693,S19-40063__S19-40063,0,0,original
9694,S19-40316__S19-40316,1,0,original
9695,S19-19367__S19-19367,1,0,original
9696,S2247860__S22-47860-_-DEEP_1,1,0,original
9697,S2522980__S2522980_0_BP1A2021,0,0,original
9698,S2415689__S24-15689-_-BIOPSY,1,0,original
9699,S2247860__S22-47860-_-DEEP_1,1,0,original
9700,S2515598__S25-15598_0__144202,0,0,original
9701,S17-42935__S17-42935,1,0,original
9702,S2247860__S22-47860-_-DEEP_1,1,0,original
9703,S2346179__S23-46179-_-BIOPSY,1,0,original
9704,S2247860__S22-47860-_-DEEP_1,1,0,original
9705,S2427695__S2427695_BP1B27_C_14045_3,0,0,original
9706,S19-19367__S19-19367,1,0,original
9707,S2128633__S2128633--DEEP,1,0,original
9708,S2424258__S2424258,0,0,original
9709,S2427695__S2427695_BP1B27_C_14045_3,0,0,original
9710,S2039743__S20-39743-C-PLHE_0,1,0,original
9711,S2425843__S24-25843-_-BIOPSY,0,0,original
9712,S2427695__S2427695_BP1B27_C_14045_3,0,0,original
9713,S2530063__S2530063_0_BP1A2021,0,0,original
9714,S16-17719__S16-17719,1,0,original
9715,S2531989__S2531989_0_BP1A2021,0,0,original
9716,S17-42935__S17-42935,1,0,original
9717,S2511008__S25-11008_0_BP1A2021_052339,1,0,original
9718,S2513847__S25-13847_0_BP1A2021_131603,0,0,original
9719,S2515598__S25-15598_0__144202,0,0,original
9720,S2415689__S24-15689-_-BIOPSY,1,0,original
9721,S2531989__S2531989_0_BP1A2021,0,0,original
9722,S2425843__S24-25843-_-BIOPSY,0,0,original
9723,S2527323__S2527323_0_BP1A2021,0,0,original
9724,S2237603__S22-37603-_-_1,0,0,original
9725,S2326329__S23-26329-_-BIOPSY,0,0,original
9726,S17-42935__S17-42935,1,0,original
9727,S18-18746__S18-18746,1,0,original
9728,S2529112__S2529112_0_BP1A2021,0,0,original
9729,S2434918__S24-34918-_-BIOPSY,1,0,original
9730,S2511008__S25-11008_0_BP1A2021_052339,1,0,original
9731,S2415689__S24-15689-_-BIOPSY,1,0,original
9732,S2425843__S24-25843-_-BIOPSY,0,0,original
9733,S2530063__S2530063_0_BP1A2021,0,0,original
9734,S2409390__S2409390,0,0,original
9735,S2504719__S25-04719-_-DEEP_1,0,0,original
9736,S19-19367__S19-19367,1,0,original
9737,S16-17719__S16-17719,1,0,original
9738,S19-40316__S19-40316,1,0,original
9739,S2527323__S2527323_0_BP1A2021,0,0,original
9740,S2526362__S2526362_0_BP1A2021,0,0,original
9741,S2511006__S25-11006_0_BP1A2021_052242,0,0,original
9742,S2415689__S24-15689-_-BIOPSY,1,0,original
9743,S2522994__S2522994_0_BP1A2021,0,0,original
9744,S2406038__S2406038,0,0,original
9745,S2522994__S2522994_0_BP1A2021,0,0,original
9746,S2434918__S24-34918-_-BIOPSY,1,0,original
9747,S2434918__S24-34918-_-BIOPSY,1,0,original
9748,S2415689__S24-15689-_-BIOPSY,1,0,original
9749,S2237603__S22-37603-_-_1,0,0,original
9750,S2409392__S2409392,0,0,original
9751,S19-40316__S19-40316,1,0,original
9752,S2346179__S23-46179-_-BIOPSY,1,0,original
9753,S2513846__S25-13846_0_BP1A2021_161650,0,0,original
9754,S16-17719__S16-17719,1,0,original
9755,S2352429__S23-52429-_-BIOPSY,0,0,original
9756,S2526362__S2526362_0_BP1A2021,0,0,original
9757,S2409392__S2409392,0,0,original
9758,S2134277__S2134277,1,0,original
9759,S2521240__S2521240_0_BP1A2021,1,0,original
9760,S2530991__S2530991_0_BP1A2021,0,0,original
9761,S2134277__S2134277,1,0,original
9762,S2513848__S25-13848_0_BP1A2021_131436,0,0,original
9763,S2352429__S23-52429-_-BIOPSY,0,0,original
9764,S2434918__S24-34918-_-BIOPSY,1,0,original
9765,S2530991__S2530991_0_BP1A2021,0,0,original
9766,S2409392__S2409392,0,0,original
9767,S2039743__S20-39743-P-PLHE_3,1,0,original
9768,S2128633__S2128633--DEEP,1,0,original
9769,S2134277__S2134277,1,0,original
9770,S2128633__S2128633--DEEP,1,0,original
9771,S16-17719__S16-17719,1,0,original
9772,S16-17719__S16-17719,1,0,original
9773,S2039743__S20-39743-P-PLHE_3,1,0,original
9774,S2128633__S2128633--DEEP,1,0,original
9775,S2352429__S23-52429-_-RECUT_1,0,0,original
9776,S19-19367__S19-19367,1,0,original
9777,S2527323__S2527323_0_BP1A2021,0,0,original
9778,S2128633__S2128633--DEEP,1,0,original
9779,S2039743__S20-39743-P-PLHE_3,1,0,original
9780,S17-42935__S17-42935,1,0,original
9781,S2424259__S2424259,0,0,original
9782,S19-19367__S19-19367,1,0,original
9783,S2415689__S24-15689-_-BIOPSY,1,0,original
9784,S2352429__S23-52429-_-BIOPSY,0,0,original
9785,S2535840__S2535840_0_BP1A2021,0,0,original
9786,S2524760__S2524760_0_BP1A2021,0,0,original
9787,S19-40316__S19-40316,1,0,original
9788,S2513847__S25-13847_0_BP1A2021_131603,0,0,original
9789,S2128633__S2128633--DEEP,1,0,original
9790,S18-18746__S18-18746,1,0,original
9791,S2524760__S2524760_0_BP1A2021,0,0,original
9792,S16-17719__S16-17719,1,0,original
9793,S2352429__S23-52429-_-RECUT_1,0,0,original
9794,S2134277__S2134277,1,0,original
9795,S2424250__S2424250,0,0,original
9796,S2515598__S25-15598_0__144202,0,0,original
9797,S2425843__S24-25843-_-BIOPSY,0,0,original
9798,S2039743__S20-39743-P-PLHE_3,1,0,original
9799,S2531989__S2531989_0_BP1A2021,0,0,original
9800,S18-18746__S18-18746,1,0,original
9801,S2521240__S2521240_0_BP1A2021,1,0,original
9802,S19-40316__S19-40316,1,0,original
9803,S2415689__S24-15689-_-BIOPSY,1,0,original
9804,S2535840__S2535840_0_BP1A2021,0,0,original
9805,S2527323__S2527323_0_BP1A2021,0,0,original
9806,S2346179__S23-46179-_-BIOPSY,1,0,original
9807,S2511008__S25-11008_0_BP1A2021_052339,1,0,original
9808,S2346179__S23-46179-_-BIOPSY,1,0,original
9809,S2352429__S23-52429-_-RECUT_1,0,0,original
9810,S2406753__S24-06753-_-DEEP_1,0,0,original
9811,S19-40316__S19-40316,1,0,original
9812,S2434918__S24-34918-_-BIOPSY,1,0,original
9813,S2424258__S2424258,0,0,original
9814,S2409392__S2409392,0,0,original
9815,S2521240__S2521240_0_BP1A2021,1,0,original
9816,S2128633__S2128633--DEEP,1,0,original
9817,S2406038__S2406038,0,0,original
9818,S2039743__S20-39743-P-PLHE_3,1,0,original
9819,S2521240__S2521240_0_BP1A2021,1,0,original
9820,S2039743__S20-39743-P-PLHE_3,1,0,original
9821,S2530991__S2530991_0_BP1A2021,0,0,original
9822,S17-42935__S17-42935,1,0,original
9823,S2346179__S23-46179-_-BIOPSY,1,0,original
9824,S2427695__S2427695_BP1B27_C_14045_3,0,0,original
9825,S18-18746__S18-18746,1,0,original
9826,S2406038__S2406038,0,0,original
9827,S2527323__S2527323_0_BP1A2021,0,0,original
9828,S2513848__S25-13848_0_BP1A2021_131436,0,0,original
9829,S17-42935__S17-42935,1,0,original
9830,S2513848__S25-13848_0_BP1A2021_131436,0,0,original
9831,S2415689__S24-15689-_-BIOPSY,1,0,original
9832,S2535840__S2535840_0_BP1A2021,0,0,original
9833,S2352429__S23-52429-_-BIOPSY,0,0,original
9834,S2352429__S23-52429-_-RECUT_1,0,0,original
9835,S2427695__S2427695_BP1B27_C_14045_3,0,0,original
9836,S2134277__S2134277,1,0,original
9837,S2424258__S2424258,0,0,original
9838,S2513846__S25-13846_0_BP1A2021_131523,0,0,original
9839,S2134277__S2134277,1,0,original
9840,S2425843__S24-25843-_-BIOPSY,0,0,original
9841,S2134277__S2134277,1,0,original
9842,S2423618__S24-23618-_-RECUT_2,0,0,original
9843,S2424258__S2424258,0,0,original
9844,S2434918__S24-34918-_-BIOPSY,1,0,original
9845,S2515598__S25-15598_0__144202,0,0,original
9846,S17-42935__S17-42935,1,0,original
9847,S19-19367__S19-19367,1,0,original
9848,S2346179__S23-46179-_-BIOPSY,1,0,original
9849,S2521240__S2521240_0_BP1A2021,1,0,original
9850,S2522994__S2522994_0_BP1A2021,0,0,original
9851,S2504719__S25-04719-_-DEEP_1,0,0,original
9852,S2521239__S2521239_0_BP1A2021,0,0,original
9853,S2346179__S23-46179-_-BIOPSY,1,0,original
9854,S17-42935__S17-42935,1,0,original
9855,S2434918__S24-34918-_-BIOPSY,1,0,original
9856,S2247860__S22-47860-_-DEEP_1,1,0,original
9857,S2529112__S2529112_0_BP1A2021,0,0,original
9858,S2522980__S2522980_0_BP1A2021,0,0,original
9859,S2406753__S24-06753-_-DEEP_1,0,0,original
9860,S2423618__S24-23618-_-RECUT_2,0,0,original
9861,S2522980__S2522980_0_BP1A2021,0,0,original
9862,S2039743__S20-39743-C-PLHE_0,1,0,original
9863,S2515598__S25-15598_0__144202,0,0,original
9864,S2039743__S20-39743-L-PLHE_1,1,0,original
9865,S2346179__S23-46179-_-BIOPSY,1,0,original
9866,S17-42935__S17-42935,1,0,original
9867,S2424259__S2424259,0,0,original
9868,S17-42935__S17-42935,1,0,original
9869,S2515598__S25-15598_0__144202,0,0,original
9870,S18-18746__S18-18746,1,0,original
9871,S2409392__S2409392,0,0,original
9872,S2134277__S2134277,1,0,original
9873,S2434918__S24-34918-_-BIOPSY,1,0,original
9874,S17-42935__S17-42935,1,0,original
9875,S2326329__S23-26329-_-BIOPSY,0,0,original
9876,S2530063__S2530063_0_BP1A2021,0,0,original
9877,S2128633__S2128633--DEEP,1,0,original
9878,S2527323__S2527323_0_BP1A2021,0,0,original
9879,S19-40063__S19-40063,0,0,original
9880,S2247860__S22-47860-_-DEEP_1,1,0,original
9881,S2424259__S2424259,0,0,original
9882,S2530991__S2530991_0_BP1A2021,0,0,original
9883,S19-40316__S19-40316,1,0,original
9884,S17-42935__S17-42935,1,0,original
9885,S2406753__S24-06753-_-DEEP_1,0,0,original
9886,S2511008__S25-11008_0_BP1A2021_052339,1,0,original
9887,S2128633__S2128633--DEEP,1,0,original
9888,S2128633__S2128633--DEEP,1,0,original
9889,S2424250__S2424250,0,0,original
9890,S2039743__S20-39743-L-PLHE_1,1,0,original
9891,S2415689__S24-15689-_-BIOPSY,1,0,original
9892,S2522994__S2522994_0_BP1A2021,0,0,original
9893,S2530049__S2530049_0_BP1A2021,0,0,original
9894,S2535840__S2535840_0_BP1A2021,0,0,original
9895,S2423618__S24-23618-_-RECUT_2,0,0,original
9896,S2504719__S25-04719-_-DEEP_1,0,0,original
9897,S2039743__S20-39743-P-PLHE_3,1,0,original
9898,S2039743__S20-39743-C-PLHE_0,1,0,original
9899,S2434918__S24-34918-_-BIOPSY,1,0,original
9900,S2235518__S22-35518-_-BIOPSY,0,0,original
9901,S2425843__S24-25843-_-BIOPSY,0,0,original
9902,S2511008__S25-11008_0_BP1A2021_052339,1,0,original
9903,S2415689__S24-15689-_-BIOPSY,1,0,original
9904,S17-42935__S17-42935,1,0,original
9905,S2346179__S23-46179-_-BIOPSY,1,0,original
9906,S2039743__S20-39743-L-PLHE_1,1,0,original
9907,S2521240__S2521240_0_BP1A2021,1,0,original
9908,S2529112__S2529112_0_BP1A2021,0,0,original
9909,S2513847__S25-13847_0_BP1A2021_131603,0,0,original
9910,S2352429__S23-52429-_-BIOPSY,0,0,original
9911,S2530063__S2530063_0_BP1A2021,0,0,original
9912,S2531989__S2531989_0_BP1A2021,0,0,original
9913,S2326329__S23-26329-_-BIOPSY,0,0,original
9914,S2415689__S24-15689-_-BIOPSY,1,0,original
9915,S16-17719__S16-17719,1,0,original
9916,S2406038__S2406038,0,0,original
9917,S2434918__S24-34918-_-BIOPSY,1,0,original
9918,S2526362__S2526362_0_BP1A2021,0,0,original
9919,S2531989__S2531989_0_BP1A2021,0,0,original
9920,S2434918__S24-34918-_-BIOPSY,1,0,original
9921,S17-42935__S17-42935,1,0,original
9922,S2423618__S24-23618-_-RECUT_2,0,0,original
9923,S2521240__S2521240_0_BP1A2021,1,0,original
9924,S2409390__S2409390,0,0,original
9925,S2513847__S25-13847_0_BP1A2021_131603,0,0,original
9926,S2533022__S2533022_0_BP1A2021,0,0,original
9927,S2423618__S24-23618-_-RECUT_2,0,0,original
9928,S2504719__S25-04719-_-DEEP_1,0,0,original
9929,S17-42935__S17-42935,1,0,original
9930,S2326329__S23-26329-_-BIOPSY,0,0,original
9931,S2511008__S25-11008_0_BP1A2021_052339,1,0,original
9932,S2039743__S20-39743-L-PLHE_1,1,0,original
9933,S2128633__S2128633--DEEP,1,0,original
9934,S2522994__S2522994_0_BP1A2021,0,0,original
9935,S2235518__S22-35518-_-BIOPSY,0,0,original
9936,S2406753__S24-06753-_-DEEP_1,0,0,original
9937,S2521240__S2521240_0_BP1A2021,1,0,original
9938,S2425843__S24-25843-_-BIOPSY,0,0,original
9939,S2346179__S23-46179-_-BIOPSY,1,0,original
9940,S2039743__S20-39743-C-PLHE_0,1,0,original
9941,S2425843__S24-25843-_-BIOPSY,0,0,original
9942,S2406038__S2406038,0,0,original
9943,S2415689__S24-15689-_-BIOPSY,1,0,original
9944,S2434918__S24-34918-_-BIOPSY,1,0,original
9945,S19-40063__S19-40063,0,0,original
9946,S2039743__S20-39743-C-PLHE_0,1,0,original
9947,S2128633__S2128633--DEEP,1,0,original
9948,S2346179__S23-46179-_-BIOPSY,1,0,original
9949,S2346179__S23-46179-_-BIOPSY,1,0,original
9950,S2526362__S2526362_0_BP1A2021,0,0,original
9951,S2427695__S24-27695-_-BIOPSY,0,0,original
9952,S2424250__S2424250,0,0,original
9953,S2039743__S20-39743-P-PLHE_3,1,0,original
9954,S19-19367__S19-19367,1,0,original
9955,S2247860__S22-47860-_-DEEP_1,1,0,original
9956,S19-40316__S19-40316,1,0,original
9957,S2513846__S25-13846_0_BP1A2021_161650,0,0,original
9958,S2521240__S2521240_0_BP1A2021,1,0,original
9959,S2513847__S25-13847_0_BP1A2021_131603,0,0,original
9960,S2504719__S25-04719-_-DEEP_1,0,0,original
9961,S2247860__S22-47860-_-DEEP_1,1,0,original
9962,S2513847__S25-13847_0_BP1A2021_131603,0,0,original
9963,S2352429__S23-52429-_-RECUT_1,0,0,original
9964,S2039743__S20-39743-L-PLHE_1,1,0,original
9965,S19-19367__S19-19367,1,0,original
9966,S18-18746__S18-18746,1,0,original
9967,S2521240__S2521240_0_BP1A2021,1,0,original
9968,S2415689__S24-15689-_-BIOPSY,1,0,original
9969,S2522980__S2522980_0_BP1A2021,0,0,original
9970,S2521240__S2521240_0_BP1A2021,1,0,original
9971,S2535840__S2535840_0_BP1A2021,0,0,original
9972,S19-19367__S19-19367,1,0,original
9973,S2406753__S24-06753-_-DEEP_1,0,0,original
9974,S2522994__S2522994_0_BP1A2021,0,0,original
9975,S2529112__S2529112_0_BP1A2021,0,0,original
9976,S18-18746__S18-18746,1,0,original
9977,S2504719__S25-04719-_-DEEP_1,0,0,original
9978,S2530991__S2530991_0_BP1A2021,0,0,original
9979,S2524760__S2524760_0_BP1A2021,0,0,original
9980,S2427695__S24-27695-_-BIOPSY,0,0,original
9981,S2237603__S22-37603-_-_1,0,0,original
9982,S2521240__S2521240_0_BP1A2021,1,0,original
9983,S2427695__S2427695_BP1B27_C_14045_3,0,0,original
9984,S18-18746__S18-18746,1,0,original
9985,S2346179__S23-46179-_-BIOPSY,1,0,original
9986,S2513846__S25-13846_0_BP1A2021_131523,0,0,original
9987,S17-42935__S17-42935,1,0,original
9988,S2535840__S2535840_0_BP1A2021,0,0,original
9989,S2247860__S22-47860-_-DEEP_1,1,0,original
9990,S19-19367__S19-19367,1,0,original
9991,S16-17719__S16-17719,1,0,original
9992,S2134277__S2134277,1,0,original
9993,S2039743__S20-39743-C-PLHE_0,1,0,original
9994,S16-17719__S16-17719,1,0,original
9995,S2511006__S25-11006_0_BP1A2021_052242,0,0,original
9996,S2527323__S2527323_0_BP1A2021,0,0,original
9997,S2434918__S24-34918-_-BIOPSY,1,0,original
9998,S2346179__S23-46179-_-BIOPSY,1,0,original
9999,S2434918__S24-34918-_-BIOPSY,1,0,original
10000,S2424250__S2424250,0,0,original
10001,S2521240__S2521240_0_BP1A2021,1,0,original
10002,S2326329__S23-26329-_-BIOPSY,0,0,original
10003,S19-40063__S19-40063,0,0,original
10004,S2128633__S2128633--DEEP,1,0,original
10005,S2513846__S25-13846_0_BP1A2021_131523,0,0,original
10006,S2415689__S24-15689-_-BIOPSY,1,0,original
10007,S2529112__S2529112_0_BP1A2021,0,0,original
10008,S2425843__S24-25843-_-BIOPSY,0,0,original
10009,S2039743__S20-39743-C-PLHE_0,1,0,original
10010,S19-19367__S19-19367,1,0,original
10011,S2434918__S24-34918-_-BIOPSY,1,0,original
10012,S2406753__S24-06753-_-SERIAL_2,0,0,original
10013,S19-40063__S19-40063,0,0,original
10014,S2511008__S25-11008_0_BP1A2021_052339,1,0,original
10015,S17-42935__S17-42935,1,0,original
10016,S2511859__S25-11859_0_BP1A2021_150616,0,0,original
10017,S2513848__S25-13848_0_BP1A2021_131436,0,0,original
10018,S2039743__S20-39743-L-PLHE_1,1,0,original
10019,S17-42935__S17-42935,1,0,original
10020,S2346179__S23-46179-_-BIOPSY,1,0,original
10021,S2039743__S20-39743-P-PLHE_3,1,0,original
10022,S2511008__S25-11008_0_BP1A2021_052339,1,0,original
10023,S2346179__S23-46179-_-BIOPSY,1,0,original
10024,S2039743__S20-39743-C-PLHE_0,1,0,original
10025,S2039743__S20-39743-P-PLHE_3,1,0,original
10026,S2247860__S22-47860-_-DEEP_1,1,0,original
10027,S2425843__S24-25843-_-BIOPSY,0,0,original
10028,S2427695__S24-27695-_-BIOPSY,0,0,original
10029,S2521240__S2521240_0_BP1A2021,1,0,original
10030,S2128633__S2128633--DEEP,1,0,original
10031,S2515598__S25-15598_0__144202,0,0,original
10032,S19-19367__S19-19367,1,0,original
10033,S2406753__S24-06753-_-SERIAL_2,0,0,original
10034,S2531989__S2531989_0_BP1A2021,0,0,original
10035,S2511008__S25-11008_0_BP1A2021_052339,1,0,original
10036,S2522980__S2522980_0_BP1A2021,0,0,original
10037,S2039743__S20-39743-L-PLHE_1,1,0,original
10038,S2406753__S24-06753-_-SERIAL_2,0,0,original
10039,S2128633__S2128633--DEEP,1,0,original
10040,S2039743__S20-39743-C-PLHE_0,1,0,original
10041,S2521239__S2521239_0_BP1A2021,0,0,original
10042,S2406753__S24-06753-_-SERIAL_2,0,0,original
10043,S2424259__S2424259,0,0,original
10044,S2527323__S2527323_0_BP1A2021,0,0,original
10045,S2425843__S24-25843-_-BIOPSY,0,0,original
10046,S2511008__S25-11008_0_BP1A2021_052339,1,0,original
10047,S17-42935__S17-42935,1,0,original
10048,S19-19367__S19-19367,1,0,original
10049,S2530991__S2530991_0_BP1A2021,0,0,original
10050,S2039743__S20-39743-L-PLHE_1,1,0,original
10051,S18-18746__S18-18746,1,0,original
10052,S2530049__S2530049_0_BP1A2021,0,0,original
10053,S2134277__S2134277,1,0,original
10054,S2515598__S25-15598_0__144202,0,0,original
10055,S2039743__S20-39743-C-PLHE_0,1,0,original
10056,S2511008__S25-11008_0_BP1A2021_052339,1,0,original
10057,S2535840__S2535840_0_BP1A2021,0,0,original
10058,S2511859__S25-11859_0_BP1A2021_150616,0,0,original
10059,S2434918__S24-34918-_-BIOPSY,1,0,original
10060,S2235518__S22-35518-_-BIOPSY,0,0,original
10061,S2039743__S20-39743-P-PLHE_3,1,0,original
10062,S2406753__S24-06753-_-DEEP_1,0,0,original
10063,S2406038__S2406038,0,0,original
10064,S2415689__S24-15689-_-BIOPSY,1,0,original
10065,S2352429__S23-52429-_-RECUT_1,0,0,original
10066,S2134277__S2134277,1,0,original
10067,S2513847__S25-13847_0_BP1A2021_131603,0,0,original
10068,S19-40316__S19-40316,1,0,original
10069,S2352429__S23-52429-_-RECUT_1,0,0,original
10070,S2521239__S2521239_0_BP1A2021,0,0,original
10071,S2529112__S2529112_0_BP1A2021,0,0,original
10072,S19-40063__S19-40063,0,0,original
10073,S2352429__S23-52429-_-BIOPSY,0,0,original
10074,S2513846__S25-13846_0_BP1A2021_161650,0,0,original
10075,S2039743__S20-39743-L-PLHE_1,1,0,original
10076,S2425843__S24-25843-_-BIOPSY,0,0,original
10077,S2039743__S20-39743-P-PLHE_3,1,0,original
10078,S2425843__S24-25843-_-BIOPSY,0,0,original
10079,S2529112__S2529112_0_BP1A2021,0,0,original
10080,S2128633__S2128633--DEEP,1,0,original
10081,S2434918__S24-34918-_-BIOPSY,1,0,original
10082,S2526362__S2526362_0_BP1A2021,0,0,original
10083,S2524760__S2524760_0_BP1A2021,0,0,original
10084,S2409390__S2409390,0,0,original
10085,S2128633__S2128633--DEEP,1,0,original
10086,S2406753__S24-06753-_-DEEP_1,0,0,original
10087,S18-18746__S18-18746,1,0,original
10088,S16-17719__S16-17719,1,0,original
10089,S2039743__S20-39743-P-PLHE_3,1,0,original
10090,S2326329__S23-26329-_-BIOPSY,0,0,original
10091,S2513846__S25-13846_0_BP1A2021_161650,0,0,original
10092,S2529112__S2529112_0_BP1A2021,0,0,original
10093,S2521240__S2521240_0_BP1A2021,1,0,original
10094,S18-18746__S18-18746,1,0,original
10095,S2513847__S25-13847_0_BP1A2021_131603,0,0,original
10096,S2513848__S25-13848_0_BP1A2021_131436,0,0,original
10097,S18-18746__S18-18746,1,0,original
10098,S2526362__S2526362_0_BP1A2021,0,0,original
10099,S2530063__S2530063_0_BP1A2021,0,0,original
10100,S2530049__S2530049_0_BP1A2021,0,0,original
10101,S2039743__S20-39743-C-PLHE_0,1,0,original
10102,S2511008__S25-11008_0_BP1A2021_052339,1,0,original
10103,S2406038__S2406038,0,0,original
10104,S2515598__S25-15598_0__144202,0,0,original
10105,S2521239__S2521239_0_BP1A2021,0,0,original
10106,S2511008__S25-11008_0_BP1A2021_052339,1,0,original
10107,S2039743__S20-39743-P-PLHE_3,1,0,original
10108,S19-40316__S19-40316,1,0,original
10109,S18-18746__S18-18746,1,0,original
10110,S2039743__S20-39743-L-PLHE_1,1,0,original
10111,S18-18746__S18-18746,1,0,original
10112,S2326329__S23-26329-_-BIOPSY,0,0,original
10113,S2346179__S23-46179-_-BIOPSY,1,0,original
10114,S2039743__S20-39743-P-PLHE_3,1,0,original
10115,S2346179__S23-46179-_-BIOPSY,1,0,original
10116,S2235518__S22-35518-_-BIOPSY,0,0,original
10117,S2521240__S2521240_0_BP1A2021,1,0,original
10118,S2529112__S2529112_0_BP1A2021,0,0,original
10119,S2511008__S25-11008_0_BP1A2021_052339,1,0,original
10120,S2409392__S2409392,0,0,original
10121,S2039743__S20-39743-L-PLHE_1,1,0,original
10122,S2039743__S20-39743-P-PLHE_3,1,0,original
10123,S19-19367__S19-19367,1,0,original
10124,S2247860__S22-47860-_-DEEP_1,1,0,original
10125,S2326329__S23-26329-_-BIOPSY,0,0,original
10126,S2513846__S25-13846_0_BP1A2021_161650,0,0,original
10127,S2511859__S25-11859_0_BP1A2021_150616,0,0,original
10128,S2427695__S24-27695-_-BIOPSY,0,0,original
10129,S2247860__S22-47860-_-DEEP_1,1,0,original
10130,S2511008__S25-11008_0_BP1A2021_052339,1,0,original
10131,S2406753__S24-06753-_-SERIAL_2,0,0,original
10132,S2128633__S2128633--DEEP,1,0,original
10133,S2529112__S2529112_0_BP1A2021,0,0,original
10134,S2511008__S25-11008_0_BP1A2021_052339,1,0,original
10135,S2513847__S25-13847_0_BP1A2021_131603,0,0,original
10136,S2415689__S24-15689-_-BIOPSY,1,0,original
10137,S2247860__S22-47860-_-DEEP_1,1,0,original
10138,S2039743__S20-39743-P-PLHE_3,1,0,original
10139,S2409390__S2409390,0,0,original
10140,S2511008__S25-11008_0_BP1A2021_052339,1,0,original
10141,S2521239__S2521239_0_BP1A2021,0,0,original
10142,S2039743__S20-39743-P-PLHE_3,1,0,original
10143,S19-40316__S19-40316,1,0,original
10144,S2134277__S2134277,1,0,original
10145,S2511008__S25-11008_0_BP1A2021_052339,1,0,original
10146,S2247860__S22-47860-_-DEEP_1,1,0,original
10147,S2521240__S2521240_0_BP1A2021,1,0,original
10148,S2521239__S2521239_0_BP1A2021,0,0,original
10149,S2352429__S23-52429-_-RECUT_1,0,0,original
10150,S2424259__S2424259,0,0,original
10151,S19-40316__S19-40316,1,0,original
10152,S2424258__S2424258,0,0,original
10153,S2535840__S2535840_0_BP1A2021,0,0,original
10154,S19-40063__S19-40063,0,0,original
10155,S2434918__S24-34918-_-BIOPSY,1,0,original
10156,S19-40063__S19-40063,0,0,original
10157,S19-19367__S19-19367,1,0,original
10158,S2529112__S2529112_0_BP1A2021,0,0,original
10159,S18-18746__S18-18746,1,0,original
10160,S2247860__S22-47860-_-DEEP_1,1,0,original
10161,S2522994__S2522994_0_BP1A2021,0,0,original
10162,S2513847__S25-13847_0_BP1A2021_131603,0,0,original
10163,S2424258__S2424258,0,0,original
10164,S2039743__S20-39743-C-PLHE_0,1,0,original
10165,S2409392__S2409392,0,0,original
10166,S2406753__S24-06753-_-DEEP_1,0,0,original
10167,S2039743__S20-39743-C-PLHE_0,1,0,original
10168,S2533022__S2533022_0_BP1A2021,0,0,original
10169,S2531989__S2531989_0_BP1A2021,0,0,original
10170,S2128633__S2128633--DEEP,1,0,original
10171,S2415689__S24-15689-_-BIOPSY,1,0,original
10172,S2427695__S2427695_BP1B27_C_14045_3,0,0,original
10173,S2434918__S24-34918-_-BIOPSY,1,0,original
10174,S2522994__S2522994_0_BP1A2021,0,0,original
10175,S2511008__S25-11008_0_BP1A2021_052339,1,0,original
10176,S19-19367__S19-19367,1,0,original
10177,S2424250__S2424250,0,0,original
10178,S19-40316__S19-40316,1,0,original
10179,S2247860__S22-47860-_-DEEP_1,1,0,original
10180,S2247860__S22-47860-_-DEEP_1,1,0,original
10181,S2409390__S2409390,0,0,original
10182,S2529112__S2529112_0_BP1A2021,0,0,original
10183,S2406753__S24-06753-_-DEEP_1,0,0,original
10184,S2247860__S22-47860-_-DEEP_1,1,0,original
10185,S19-40316__S19-40316,1,0,original
10186,S2346179__S23-46179-_-BIOPSY,1,0,original
10187,S2425843__S24-25843-_-BIOPSY,0,0,original
10188,S2406038__S2406038,0,0,original
10189,S2427695__S2427695_BP1B27_C_14045_3,0,0,original
10190,S2521239__S2521239_0_BP1A2021,0,0,original
10191,S2533022__S2533022_0_BP1A2021,0,0,original
10192,S2406038__S2406038,0,0,original
10193,S17-42935__S17-42935,1,0,original
10194,S19-19367__S19-19367,1,0,original
10195,S2527323__S2527323_0_BP1A2021,0,0,original
10196,S2522994__S2522994_0_BP1A2021,0,0,original
10197,S2530063__S2530063_0_BP1A2021,0,0,original
10198,S16-17719__S16-17719,1,0,original
10199,S2247860__S22-47860-_-DEEP_1,1,0,original
10200,S2530991__S2530991_0_BP1A2021,0,0,original
10201,S2352429__S23-52429-_-BIOPSY,0,0,original
10202,S2524760__S2524760_0_BP1A2021,0,0,original
10203,S2424259__S2424259,0,0,original
10204,S2247860__S22-47860-_-DEEP_1,1,0,original
10205,S2039743__S20-39743-L-PLHE_1,1,0,original
10206,S2039743__S20-39743-C-PLHE_0,1,0,original
10207,S2427695__S2427695_BP1B27_C_14045_3,0,0,original
10208,S17-42935__S17-42935,1,0,original
10209,S2134277__S2134277,1,0,original
10210,S17-42935__S17-42935,1,0,original
10211,S2522980__S2522980_0_BP1A2021,0,0,original
10212,S2326329__S23-26329-_-BIOPSY,0,0,original
10213,S2128633__S2128633--DEEP,1,0,original
10214,S2128633__S2128633--DEEP,1,0,original
10215,S2527323__S2527323_0_BP1A2021,0,0,original
10216,S17-42935__S17-42935,1,0,original
10217,S2406038__S2406038,0,0,original
10218,S19-40316__S19-40316,1,0,original
10219,S2039743__S20-39743-L-PLHE_1,1,0,original
10220,S2247860__S22-47860-_-DEEP_1,1,0,original
10221,S17-42935__S17-42935,1,0,original
10222,S2521240__S2521240_0_BP1A2021,1,0,original
10223,S2247860__S22-47860-_-DEEP_1,1,0,original
10224,S16-17719__S16-17719,1,0,original
10225,S2409390__S2409390,0,0,original
10226,S2247860__S22-47860-_-DEEP_1,1,0,original
10227,S2128633__S2128633--DEEP,1,0,original
10228,S2522994__S2522994_0_BP1A2021,0,0,original
10229,S19-19367__S19-19367,1,0,original
10230,S18-18746__S18-18746,1,0,original
10231,S2235518__S22-35518-_-BIOPSY,0,0,original
10232,S2247860__S22-47860-_-DEEP_1,1,0,original
10233,S2522994__S2522994_0_BP1A2021,0,0,original
10234,S2247860__S22-47860-_-DEEP_1,1,0,original
10235,S2531989__S2531989_0_BP1A2021,0,0,original
10236,S2039743__S20-39743-L-PLHE_1,1,0,original
10237,S2530049__S2530049_0_BP1A2021,0,0,original
10238,S2415689__S24-15689-_-BIOPSY,1,0,original
10239,S2134277__S2134277,1,0,original
10240,S2529112__S2529112_0_BP1A2021,0,0,original
10241,S2511008__S25-11008_0_BP1A2021_052339,1,0,original
10242,S2039743__S20-39743-P-PLHE_3,1,0,original
10243,S2423618__S24-23618-_-RECUT_2,0,0,original
10244,S19-40316__S19-40316,1,0,original
10245,S2423618__S24-23618-_-RECUT_2,0,0,original
10246,S2531989__S2531989_0_BP1A2021,0,0,original
10247,S2039743__S20-39743-C-PLHE_0,1,0,original
10248,S2406038__S2406038,0,0,original
10249,S2521240__S2521240_0_BP1A2021,1,0,original
10250,S2346179__S23-46179-_-BIOPSY,1,0,original
10251,S2415689__S24-15689-_-BIOPSY,1,0,original
10252,S17-42935__S17-42935,1,0,original
10253,S2535840__S2535840_0_BP1A2021,0,0,original
10254,S2406753__S24-06753-_-SERIAL_2,0,0,original
10255,S2424259__S2424259,0,0,original
10256,S2529112__S2529112_0_BP1A2021,0,0,original
10257,S17-42935__S17-42935,1,0,original
10258,S2530063__S2530063_0_BP1A2021,0,0,original
10259,S2352429__S23-52429-_-BIOPSY,0,0,original
10260,S2039743__S20-39743-C-PLHE_0,1,0,original
10261,S2511006__S25-11006_0_BP1A2021_052242,0,0,original
10262,S2529112__S2529112_0_BP1A2021,0,0,original
10263,S2522994__S2522994_0_BP1A2021,0,0,original
10264,S2521239__S2521239_0_BP1A2021,0,0,original
10265,S17-42935__S17-42935,1,0,original
10266,S19-19367__S19-19367,1,0,original
10267,S2128633__S2128633--DEEP,1,0,original
10268,S2521239__S2521239_0_BP1A2021,0,0,original
10269,S2346179__S23-46179-_-BIOPSY,1,0,original
10270,S2511008__S25-11008_0_BP1A2021_052339,1,0,original
10271,S2526362__S2526362_0_BP1A2021,0,0,original
10272,S16-17719__S16-17719,1,0,original
10273,S2535840__S2535840_0_BP1A2021,0,0,original
10274,S2424250__S2424250,0,0,original
10275,S2521240__S2521240_0_BP1A2021,1,0,original
10276,S2522994__S2522994_0_BP1A2021,0,0,original
10277,S2247860__S22-47860-_-DEEP_1,1,0,original
10278,S16-17719__S16-17719,1,0,original
10279,S19-40316__S19-40316,1,0,original
10280,S2352429__S23-52429-_-BIOPSY,0,0,original
10281,S2427695__S24-27695-_-BIOPSY,0,0,original
10282,S2531989__S2531989_0_BP1A2021,0,0,original
10283,S2247860__S22-47860-_-DEEP_1,1,0,original
10284,S2352429__S23-52429-_-BIOPSY,0,0,original
10285,S2531989__S2531989_0_BP1A2021,0,0,original
10286,S2352429__S23-52429-_-RECUT_1,0,0,original
10287,S2039743__S20-39743-P-PLHE_3,1,0,original
10288,S16-17719__S16-17719,1,0,original
10289,S2415689__S24-15689-_-BIOPSY,1,0,original
10290,S2409390__S2409390,0,0,original
10291,S2415689__S24-15689-_-BIOPSY,1,0,original
10292,S2425843__S24-25843-_-BIOPSY,0,0,original
10293,S2235518__S22-35518-_-BIOPSY,0,0,original
10294,S2513847__S25-13847_0_BP1A2021_131603,0,0,original
10295,S2039743__S20-39743-L-PLHE_1,1,0,original
10296,S17-42935__S17-42935,1,0,original
10297,S2530063__S2530063_0_BP1A2021,0,0,original
10298,S2424250__S2424250,0,0,original
10299,S2530991__S2530991_0_BP1A2021,0,0,original
10300,S2530063__S2530063_0_BP1A2021,0,0,original
10301,S2406753__S24-06753-_-SERIAL_2,0,0,original
10302,S2424250__S2424250,0,0,original
10303,S19-19367__S19-19367,1,0,original
10304,S18-18746__S18-18746,1,0,original
10305,S2531989__S2531989_0_BP1A2021,0,0,original
10306,S2237603__S22-37603-_-_1,0,0,original
10307,S2406753__S24-06753-_-SERIAL_2,0,0,original
10308,S2513846__S25-13846_0_BP1A2021_131523,0,0,original
10309,S2530049__S2530049_0_BP1A2021,0,0,original
10310,S2352429__S23-52429-_-RECUT_1,0,0,original
10311,S2427695__S24-27695-_-BIOPSY,0,0,original
10312,S2346179__S23-46179-_-BIOPSY,1,0,original
10313,S2247860__S22-47860-_-DEEP_1,1,0,original
10314,S2039743__S20-39743-P-PLHE_3,1,0,original
10315,S2513846__S25-13846_0_BP1A2021_161650,0,0,original
10316,S19-19367__S19-19367,1,0,original
10317,S2415689__S24-15689-_-BIOPSY,1,0,original
10318,S2533022__S2533022_0_BP1A2021,0,0,original
10319,S17-42935__S17-42935,1,0,original
10320,S2423618__S24-23618-_-RECUT_2,0,0,original
10321,S2513846__S25-13846_0_BP1A2021_131523,0,0,original
10322,S2434918__S24-34918-_-BIOPSY,1,0,original
10323,S2128633__S2128633--DEEP,1,0,original
10324,S2511006__S25-11006_0_BP1A2021_052242,0,0,original
10325,S2415689__S24-15689-_-BIOPSY,1,0,original
10326,S2247860__S22-47860-_-DEEP_1,1,0,original
10327,S2511859__S25-11859_0_BP1A2021_150616,0,0,original
10328,S2346179__S23-46179-_-BIOPSY,1,0,original
10329,S2427695__S2427695_BP1B27_C_14045_3,0,0,original
10330,S18-18746__S18-18746,1,0,original
10331,S19-19367__S19-19367,1,0,original
10332,S2424250__S2424250,0,0,original
10333,S17-42935__S17-42935,1,0,original
10334,S2128633__S2128633--DEEP,1,0,original
10335,S2346179__S23-46179-_-BIOPSY,1,0,original
10336,S2524760__S2524760_0_BP1A2021,0,0,original
10337,S2424259__S2424259,0,0,original
10338,S2513846__S25-13846_0_BP1A2021_131523,0,0,original
10339,S2513846__S25-13846_0_BP1A2021_161650,0,0,original
10340,S2039743__S20-39743-C-PLHE_0,1,0,original
10341,S2039743__S20-39743-C-PLHE_0,1,0,original
10342,S19-40063__S19-40063,0,0,original
10343,S19-40063__S19-40063,0,0,original
10344,S2415689__S24-15689-_-BIOPSY,1,0,original
10345,S2134277__S2134277,1,0,original
10346,S2513846__S25-13846_0_BP1A2021_161650,0,0,original
10347,S2511006__S25-11006_0_BP1A2021_052242,0,0,original
10348,S18-18746__S18-18746,1,0,original
10349,S2406753__S24-06753-_-SERIAL_2,0,0,original
10350,S2326329__S23-26329-_-BIOPSY,0,0,original
10351,S2425843__S24-25843-_-BIOPSY,0,0,original
10352,S17-42935__S17-42935,1,0,original
10353,S2235518__S22-35518-_-BIOPSY,0,0,original
10354,S2352429__S23-52429-_-RECUT_1,0,0,original
10355,S2424259__S2424259,0,0,original
10356,S2134277__S2134277,1,0,original
10357,S2237603__S22-37603-_-_1,0,0,original
10358,S19-40063__S19-40063,0,0,original
10359,S16-17719__S16-17719,1,0,original
10360,S18-18746__S18-18746,1,0,original
10361,S2039743__S20-39743-P-PLHE_3,1,0,original
10362,S2511008__S25-11008_0_BP1A2021_052339,1,0,original
10363,S2521239__S2521239_0_BP1A2021,0,0,original
10364,S2039743__S20-39743-L-PLHE_1,1,0,original
10365,S2039743__S20-39743-C-PLHE_0,1,0,original
10366,S2039743__S20-39743-P-PLHE_3,1,0,original
10367,S2527323__S2527323_0_BP1A2021,0,0,original
10368,S2039743__S20-39743-P-PLHE_3,1,0,original
10369,S2134277__S2134277,1,0,original
10370,S2522994__S2522994_0_BP1A2021,0,0,original
10371,S2529112__S2529112_0_BP1A2021,0,0,original
10372,S2524760__S2524760_0_BP1A2021,0,0,original
10373,S2409390__S2409390,0,0,original
10374,S16-17719__S16-17719,1,0,original
10375,S2427695__S24-27695-_-BIOPSY,0,0,original
10376,S2235518__S22-35518-_-BIOPSY,0,0,original
10377,S2522994__S2522994_0_BP1A2021,0,0,original
10378,S2134277__S2134277,1,0,original
10379,S2424258__S2424258,0,0,original
10380,S2415689__S24-15689-_-BIOPSY,1,0,original
10381,S2406753__S24-06753-_-SERIAL_2,0,0,original
10382,S2529112__S2529112_0_BP1A2021,0,0,original
10383,S2128633__S2128633--DEEP,1,0,original
10384,S2522980__S2522980_0_BP1A2021,0,0,original
10385,S2434918__S24-34918-_-BIOPSY,1,0,original
10386,S2533022__S2533022_0_BP1A2021,0,0,original
10387,S2425843__S24-25843-_-BIOPSY,0,0,original
10388,S2128633__S2128633--DEEP,1,0,original
10389,S19-19367__S19-19367,1,0,original
10390,S2522994__S2522994_0_BP1A2021,0,0,original
10391,S2247860__S22-47860-_-DEEP_1,1,0,original
10392,S2039743__S20-39743-P-PLHE_3,1,0,original
10393,S2039743__S20-39743-C-PLHE_0,1,0,original
10394,S19-40316__S19-40316,1,0,original
10395,S2352429__S23-52429-_-RECUT_1,0,0,original
10396,S2526362__S2526362_0_BP1A2021,0,0,original
10397,S2511008__S25-11008_0_BP1A2021_052339,1,0,original
10398,S2247860__S22-47860-_-DEEP_1,1,0,original
10399,S2406038__S2406038,0,0,original
10400,S18-18746__S18-18746,1,0,original
10401,S2134277__S2134277,1,0,original
10402,S2511008__S25-11008_0_BP1A2021_052339,1,0,original
10403,S2511008__S25-11008_0_BP1A2021_052339,1,0,original
10404,S2352429__S23-52429-_-RECUT_1,0,0,original
10405,S19-19367__S19-19367,1,0,original
10406,S2409390__S2409390,0,0,original
10407,S2415689__S24-15689-_-BIOPSY,1,0,original
10408,S2521240__S2521240_0_BP1A2021,1,0,original
10409,S2128633__S2128633--DEEP,1,0,original
10410,S2427695__S2427695_BP1B27_C_14045_3,0,0,original
10411,S2524760__S2524760_0_BP1A2021,0,0,original
10412,S2529112__S2529112_0_BP1A2021,0,0,original
10413,S2134277__S2134277,1,0,original
10414,S19-40063__S19-40063,0,0,original
10415,S2346179__S23-46179-_-BIOPSY,1,0,original
10416,S2406038__S2406038,0,0,original
10417,S2128633__S2128633--DEEP,1,0,original
10418,S2346179__S23-46179-_-BIOPSY,1,0,original
10419,S19-19367__S19-19367,1,0,original
10420,S2406038__S2406038,0,0,original
10421,S19-19367__S19-19367,1,0,original
10422,S2406038__S2406038,0,0,original
10423,S2039743__S20-39743-L-PLHE_1,1,0,original
10424,S2424259__S2424259,0,0,original
10425,S19-40316__S19-40316,1,0,original
10426,S2513846__S25-13846_0_BP1A2021_161650,0,0,original
10427,S2409390__S2409390,0,0,original
10428,S2039743__S20-39743-L-PLHE_1,1,0,original
10429,S2511008__S25-11008_0_BP1A2021_052339,1,0,original
10430,S2511006__S25-11006_0_BP1A2021_052242,0,0,original
10431,S2533022__S2533022_0_BP1A2021,0,0,original
10432,S17-42935__S17-42935,1,0,original
10433,S2409390__S2409390,0,0,original
10434,S2513846__S25-13846_0_BP1A2021_161650,0,0,original
10435,S2513848__S25-13848_0_BP1A2021_131436,0,0,original
10436,S19-40063__S19-40063,0,0,original
10437,S2128633__S2128633--DEEP,1,0,original
10438,S2039743__S20-39743-P-PLHE_3,1,0,original
10439,S2039743__S20-39743-P-PLHE_3,1,0,original
10440,S2247860__S22-47860-_-DEEP_1,1,0,original
10441,S17-42935__S17-42935,1,0,original
10442,S2522994__S2522994_0_BP1A2021,0,0,original
10443,S19-19367__S19-19367,1,0,original
10444,S2424259__S2424259,0,0,original
10445,S2424258__S2424258,0,0,original
10446,S2530063__S2530063_0_BP1A2021,0,0,original
10447,S2513846__S25-13846_0_BP1A2021_161650,0,0,original
10448,S18-18746__S18-18746,1,0,original
10449,S19-40316__S19-40316,1,0,original
10450,S2352429__S23-52429-_-BIOPSY,0,0,original
10451,S18-18746__S18-18746,1,0,original
10452,S2513846__S25-13846_0_BP1A2021_161650,0,0,original
10453,S16-17719__S16-17719,1,0,original
10454,S2513846__S25-13846_0_BP1A2021_161650,0,0,original
10455,S2352429__S23-52429-_-RECUT_1,0,0,original
10456,S2515598__S25-15598_0__144202,0,0,original
10457,S2425843__S24-25843-_-BIOPSY,0,0,original
10458,S2511008__S25-11008_0_BP1A2021_052339,1,0,original
10459,S2531989__S2531989_0_BP1A2021,0,0,original
10460,S2533022__S2533022_0_BP1A2021,0,0,original
10461,S2134277__S2134277,1,0,original
10462,S17-42935__S17-42935,1,0,original
10463,S2530991__S2530991_0_BP1A2021,0,0,original
10464,S2134277__S2134277,1,0,original
10465,S2531989__S2531989_0_BP1A2021,0,0,original
10466,S2346179__S23-46179-_-BIOPSY,1,0,original
10467,S18-18746__S18-18746,1,0,original
10468,S18-18746__S18-18746,1,0,original
10469,S18-18746__S18-18746,1,0,original
10470,S2511008__S25-11008_0_BP1A2021_052339,1,0,original
10471,S2247860__S22-47860-_-DEEP_1,1,0,original
10472,S2128633__S2128633--DEEP,1,0,original
10473,S2511008__S25-11008_0_BP1A2021_052339,1,0,original
10474,S2039743__S20-39743-C-PLHE_0,1,0,original
10475,S17-42935__S17-42935,1,0,original
10476,S2346179__S23-46179-_-BIOPSY,1,0,original
10477,S2406753__S24-06753-_-DEEP_1,0,0,original
10478,S2427695__S24-27695-_-BIOPSY,0,0,original
10479,S2424250__S2424250,0,0,original
10480,S2406753__S24-06753-_-DEEP_1,0,0,original
10481,S2530063__S2530063_0_BP1A2021,0,0,original
10482,S19-19367__S19-19367,1,0,original
10483,S2346179__S23-46179-_-BIOPSY,1,0,original
10484,S2535840__S2535840_0_BP1A2021,0,0,original
10485,S18-18746__S18-18746,1,0,original
10486,S2511008__S25-11008_0_BP1A2021_052339,1,0,original
10487,S19-40063__S19-40063,0,0,original
10488,S19-40316__S19-40316,1,0,original
10489,S2511008__S25-11008_0_BP1A2021_052339,1,0,original
10490,S2434918__S24-34918-_-BIOPSY,1,0,original
10491,S2128633__S2128633--DEEP,1,0,original
10492,S2513846__S25-13846_0_BP1A2021_131523,0,0,original
10493,S2511859__S25-11859_0_BP1A2021_150616,0,0,original
10494,S2352429__S23-52429-_-BIOPSY,0,0,original
10495,S19-40316__S19-40316,1,0,original
10496,S2247860__S22-47860-_-DEEP_1,1,0,original
10497,S2530063__S2530063_0_BP1A2021,0,0,original
10498,S2352429__S23-52429-_-RECUT_1,0,0,original
10499,S19-19367__S19-19367,1,0,original
10500,S19-40316__S19-40316,1,0,original
10501,S2529112__S2529112_0_BP1A2021,0,0,original
10502,S2039743__S20-39743-P-PLHE_3,1,0,original
10503,S2247860__S22-47860-_-DEEP_1,1,0,original
10504,S2522994__S2522994_0_BP1A2021,0,0,original
10505,S2511006__S25-11006_0_BP1A2021_052242,0,0,original
10506,S2406038__S2406038,0,0,original
10507,S2352429__S23-52429-_-RECUT_1,0,0,original
10508,S2039743__S20-39743-C-PLHE_0,1,0,original
10509,S2352429__S23-52429-_-BIOPSY,0,0,original
10510,S2524760__S2524760_0_BP1A2021,0,0,original
10511,S2522994__S2522994_0_BP1A2021,0,0,original
10512,S17-42935__S17-42935,1,0,original
10513,S2352429__S23-52429-_-BIOPSY,0,0,original
10514,S2434918__S24-34918-_-BIOPSY,1,0,original
10515,S2128633__S2128633--DEEP,1,0,original
10516,S2527323__S2527323_0_BP1A2021,0,0,original
10517,S19-40316__S19-40316,1,0,original
10518,S2434918__S24-34918-_-BIOPSY,1,0,original
10519,S16-17719__S16-17719,1,0,original
10520,S2039743__S20-39743-P-PLHE_3,1,0,original
10521,S2039743__S20-39743-C-PLHE_0,1,0,original
10522,S2522980__S2522980_0_BP1A2021,0,0,original
10523,S2039743__S20-39743-C-PLHE_0,1,0,original
10524,S2406753__S24-06753-_-DEEP_1,0,0,original
10525,S2346179__S23-46179-_-BIOPSY,1,0,original
10526,S2409390__S2409390,0,0,original
10527,S17-42935__S17-42935,1,0,original
10528,S2039743__S20-39743-P-PLHE_3,1,0,original
10529,S2235518__S22-35518-_-BIOPSY,0,0,original
10530,S2039743__S20-39743-P-PLHE_3,1,0,original
10531,S2535840__S2535840_0_BP1A2021,0,0,original
10532,S2247860__S22-47860-_-DEEP_1,1,0,original
10533,S19-40063__S19-40063,0,0,original
10534,S19-40316__S19-40316,1,0,original
10535,S2513848__S25-13848_0_BP1A2021_131436,0,0,original
10536,S2530991__S2530991_0_BP1A2021,0,0,original
10537,S2511008__S25-11008_0_BP1A2021_052339,1,0,original
10538,S2529112__S2529112_0_BP1A2021,0,0,original
10539,S19-19367__S19-19367,1,0,original
10540,S2237603__S22-37603-_-_1,0,0,original
10541,S17-42935__S17-42935,1,0,original
10542,S2515598__S25-15598_0__144202,0,0,original
10543,S18-18746__S18-18746,1,0,original
10544,S2352429__S23-52429-_-RECUT_1,0,0,original
10545,S2237603__S22-37603-_-_1,0,0,original
10546,S2515598__S25-15598_0__144202,0,0,original
10547,S18-18746__S18-18746,1,0,original
10548,S2511006__S25-11006_0_BP1A2021_052242,0,0,original
10549,S19-40063__S19-40063,0,0,original
10550,S2530991__S2530991_0_BP1A2021,0,0,original
10551,S17-42935__S17-42935,1,0,original
10552,S2346179__S23-46179-_-BIOPSY,1,0,original
10553,S2326329__S23-26329-_-BIOPSY,0,0,original
10554,S2434918__S24-34918-_-BIOPSY,1,0,original
10555,S2406753__S24-06753-_-SERIAL_2,0,0,original
10556,S19-40063__S19-40063,0,0,original
10557,S2039743__S20-39743-L-PLHE_1,1,0,original
10558,S2415689__S24-15689-_-BIOPSY,1,0,original
10559,S2533022__S2533022_0_BP1A2021,0,0,original
10560,S2521239__S2521239_0_BP1A2021,0,0,original
10561,S2039743__S20-39743-C-PLHE_0,1,0,original
10562,S17-42935__S17-42935,1,0,original
10563,S2434918__S24-34918-_-BIOPSY,1,0,original
10564,S2406753__S24-06753-_-DEEP_1,0,0,original
10565,S2352429__S23-52429-_-BIOPSY,0,0,original
10566,S2535840__S2535840_0_BP1A2021,0,0,original
10567,S2134277__S2134277,1,0,original
10568,S2415689__S24-15689-_-BIOPSY,1,0,original
10569,S19-19367__S19-19367,1,0,original
10570,S18-18746__S18-18746,1,0,original
10571,S2352429__S23-52429-_-BIOPSY,0,0,original
10572,S19-40063__S19-40063,0,0,original
10573,S2513847__S25-13847_0_BP1A2021_131603,0,0,original
10574,S19-40063__S19-40063,0,0,original
10575,S2406753__S24-06753-_-SERIAL_2,0,0,original
10576,S2427695__S2427695_BP1B27_C_14045_3,0,0,original
10577,S2346179__S23-46179-_-BIOPSY,1,0,original
10578,S2039743__S20-39743-C-PLHE_0,1,0,original
10579,S2326329__S23-26329-_-BIOPSY,0,0,original
10580,S2521240__S2521240_0_BP1A2021,1,0,original
10581,S2326329__S23-26329-_-BIOPSY,0,0,original
10582,S2128633__S2128633--DEEP,1,0,original
10583,S2529112__S2529112_0_BP1A2021,0,0,original
10584,S2128633__S2128633--DEEP,1,0,original
10585,S2434918__S24-34918-_-BIOPSY,1,0,original
10586,S2511006__S25-11006_0_BP1A2021_052242,0,0,original
10587,S2513846__S25-13846_0_BP1A2021_161650,0,0,original
10588,S19-40063__S19-40063,0,0,original
10589,S2530063__S2530063_0_BP1A2021,0,0,original
10590,S2415689__S24-15689-_-BIOPSY,1,0,original
10591,S2530049__S2530049_0_BP1A2021,0,0,original
10592,S2511859__S25-11859_0_BP1A2021_150616,0,0,original
10593,S2511008__S25-11008_0_BP1A2021_052339,1,0,original
10594,S2247860__S22-47860-_-DEEP_1,1,0,original
10595,S2423618__S24-23618-_-RECUT_2,0,0,original
10596,S2128633__S2128633--DEEP,1,0,original
10597,S2346179__S23-46179-_-BIOPSY,1,0,original
10598,S19-40316__S19-40316,1,0,original
10599,S2237603__S22-37603-_-_1,0,0,original
10600,S19-19367__S19-19367,1,0,original
10601,S2513846__S25-13846_0_BP1A2021_161650,0,0,original
10602,S2134277__S2134277,1,0,original
10603,S19-40316__S19-40316,1,0,original
10604,S2530991__S2530991_0_BP1A2021,0,0,original
10605,S2427695__S24-27695-_-BIOPSY,0,0,original
10606,S19-40316__S19-40316,1,0,original
10607,S2039743__S20-39743-L-PLHE_1,1,0,original
10608,S2424250__S2424250,0,0,original
10609,S2424258__S2424258,0,0,original
10610,S2530063__S2530063_0_BP1A2021,0,0,original
10611,S2406753__S24-06753-_-DEEP_1,0,0,original
10612,S2039743__S20-39743-L-PLHE_1,1,0,original
10613,S2039743__S20-39743-P-PLHE_3,1,0,original
10614,S2039743__S20-39743-P-PLHE_3,1,0,original
10615,S2427695__S24-27695-_-BIOPSY,0,0,original
10616,S2415689__S24-15689-_-BIOPSY,1,0,original
10617,S2128633__S2128633--DEEP,1,0,original
10618,S2346179__S23-46179-_-BIOPSY,1,0,original
10619,S2415689__S24-15689-_-BIOPSY,1,0,original
10620,S2039743__S20-39743-L-PLHE_1,1,0,original
10621,S2424258__S2424258,0,0,original
10622,S2535840__S2535840_0_BP1A2021,0,0,original
10623,S2521240__S2521240_0_BP1A2021,1,0,original
10624,S2406753__S24-06753-_-DEEP_1,0,0,original
10625,S2352429__S23-52429-_-RECUT_1,0,0,original
10626,S2352429__S23-52429-_-RECUT_1,0,0,original
10627,S2235518__S22-35518-_-BIOPSY,0,0,original
10628,S2415689__S24-15689-_-BIOPSY,1,0,original
10629,S2513846__S25-13846_0_BP1A2021_161650,0,0,original
10630,S2504719__S25-04719-_-DEEP_1,0,0,original
10631,S2521239__S2521239_0_BP1A2021,0,0,original
10632,S19-40316__S19-40316,1,0,original
10633,S2039743__S20-39743-L-PLHE_1,1,0,original
10634,S18-18746__S18-18746,1,0,original
10635,S2504719__S25-04719-_-DEEP_1,0,0,original
10636,S2039743__S20-39743-P-PLHE_3,1,0,original
10637,S2237603__S22-37603-_-_1,0,0,original
10638,S2504719__S25-04719-_-DEEP_1,0,0,original
10639,S2247860__S22-47860-_-DEEP_1,1,0,original
10640,S2425843__S24-25843-_-BIOPSY,0,0,original
10641,S18-18746__S18-18746,1,0,original
10642,S2039743__S20-39743-L-PLHE_1,1,0,original
10643,S2511859__S25-11859_0_BP1A2021_150616,0,0,original
10644,S2531989__S2531989_0_BP1A2021,0,0,original
10645,S2513847__S25-13847_0_BP1A2021_131603,0,0,original
10646,S2531989__S2531989_0_BP1A2021,0,0,original
10647,S2521240__S2521240_0_BP1A2021,1,0,original
10648,S2326329__S23-26329-_-BIOPSY,0,0,original
10649,S2235518__S22-35518-_-BIOPSY,0,0,original
10650,S2352429__S23-52429-_-RECUT_1,0,0,original
10651,S2504719__S25-04719-_-DEEP_1,0,0,original
10652,S2513847__S25-13847_0_BP1A2021_131603,0,0,original
10653,S2513848__S25-13848_0_BP1A2021_131436,0,0,original
10654,S2235518__S22-35518-_-BIOPSY,0,0,original
10655,S2415689__S24-15689-_-BIOPSY,1,0,original
10656,S2415689__S24-15689-_-BIOPSY,1,0,original
10657,S2521240__S2521240_0_BP1A2021,1,0,original
10658,S2346179__S23-46179-_-BIOPSY,1,0,original
10659,S2237603__S22-37603-_-_1,0,0,original
10660,S2424258__S2424258,0,0,original
10661,S2530991__S2530991_0_BP1A2021,0,0,original
10662,S2346179__S23-46179-_-BIOPSY,1,0,original
10663,S2511006__S25-11006_0_BP1A2021_052242,0,0,original
10664,S2530049__S2530049_0_BP1A2021,0,0,original
10665,S2511006__S25-11006_0_BP1A2021_052242,0,0,original
10666,S2427695__S24-27695-_-BIOPSY,0,0,original
10667,S19-40316__S19-40316,1,0,original
10668,S2427695__S2427695_BP1B27_C_14045_3,0,0,original
10669,S2346179__S23-46179-_-BIOPSY,1,0,original
10670,S2424259__S2424259,0,0,original
10671,S17-42935__S17-42935,1,0,original
10672,S2531989__S2531989_0_BP1A2021,0,0,original
10673,S2530049__S2530049_0_BP1A2021,0,0,original
10674,S2425843__S24-25843-_-BIOPSY,0,0,original
10675,S2535840__S2535840_0_BP1A2021,0,0,original
10676,S18-18746__S18-18746,1,0,original
10677,S2513847__S25-13847_0_BP1A2021_131603,0,0,original
10678,S2513846__S25-13846_0_BP1A2021_161650,0,0,original
10679,S2039743__S20-39743-P-PLHE_3,1,0,original
10680,S2406753__S24-06753-_-DEEP_1,0,0,original
10681,S2346179__S23-46179-_-BIOPSY,1,0,original
10682,S18-18746__S18-18746,1,0,original
10683,S2235518__S22-35518-_-BIOPSY,0,0,original
10684,S2530991__S2530991_0_BP1A2021,0,0,original
10685,S2424259__S2424259,0,0,original
10686,S2522980__S2522980_0_BP1A2021,0,0,original
10687,S2515598__S25-15598_0__144202,0,0,original
10688,S18-18746__S18-18746,1,0,original
10689,S2039743__S20-39743-L-PLHE_1,1,0,original
10690,S16-17719__S16-17719,1,0,original
10691,S2247860__S22-47860-_-DEEP_1,1,0,original
10692,S2521240__S2521240_0_BP1A2021,1,0,original
10693,S2535840__S2535840_0_BP1A2021,0,0,original
10694,S2039743__S20-39743-P-PLHE_3,1,0,original
10695,S19-40063__S19-40063,0,0,original
10696,S2128633__S2128633--DEEP,1,0,original
10697,S2134277__S2134277,1,0,original
10698,S2128633__S2128633--DEEP,1,0,original
10699,S2427695__S2427695_BP1B27_C_14045_3,0,0,original
10700,S2513846__S25-13846_0_BP1A2021_161650,0,0,original
10701,S2352429__S23-52429-_-RECUT_1,0,0,original
10702,S2513848__S25-13848_0_BP1A2021_131436,0,0,original
10703,S2526362__S2526362_0_BP1A2021,0,0,original
10704,S2526362__S2526362_0_BP1A2021,0,0,original
10705,S16-17719__S16-17719,1,0,original
10706,S2511008__S25-11008_0_BP1A2021_052339,1,0,original
10707,S2513848__S25-13848_0_BP1A2021_131436,0,0,original
10708,S2434918__S24-34918-_-BIOPSY,1,0,original
10709,S19-40316__S19-40316,1,0,original
10710,S2533022__S2533022_0_BP1A2021,0,0,original
10711,S2521240__S2521240_0_BP1A2021,1,0,original
10712,S2247860__S22-47860-_-DEEP_1,1,0,original
10713,S2128633__S2128633--DEEP,1,0,original
10714,S2134277__S2134277,1,0,original
10715,S2352429__S23-52429-_-BIOPSY,0,0,original
10716,S2530991__S2530991_0_BP1A2021,0,0,original
10717,S2237603__S22-37603-_-_1,0,0,original
10718,S2424250__S2424250,0,0,original
10719,S2529112__S2529112_0_BP1A2021,0,0,original
10720,S2530063__S2530063_0_BP1A2021,0,0,original
10721,S2128633__S2128633--DEEP,1,0,original
10722,S2326329__S23-26329-_-BIOPSY,0,0,original
10723,S2406753__S24-06753-_-DEEP_1,0,0,original
10724,S2515598__S25-15598_0__144202,0,0,original
10725,S19-19367__S19-19367,1,0,original
10726,S2039743__S20-39743-C-PLHE_0,1,0,original
10727,S2415689__S24-15689-_-BIOPSY,1,0,original
10728,S2515598__S25-15598_0__144202,0,0,original
10729,S2425843__S24-25843-_-BIOPSY,0,0,original
10730,S2529112__S2529112_0_BP1A2021,0,0,original
10731,S2039743__S20-39743-P-PLHE_3,1,0,original
10732,S2247860__S22-47860-_-DEEP_1,1,0,original
10733,S2423618__S24-23618-_-RECUT_2,0,0,original
10734,S2427695__S24-27695-_-BIOPSY,0,0,original
10735,S2531989__S2531989_0_BP1A2021,0,0,original
10736,S2134277__S2134277,1,0,original
10737,S2530063__S2530063_0_BP1A2021,0,0,original
10738,S2415689__S24-15689-_-BIOPSY,1,0,original
10739,S2521240__S2521240_0_BP1A2021,1,0,original
10740,S2235518__S22-35518-_-BIOPSY,0,0,original
10741,S2524760__S2524760_0_BP1A2021,0,0,original
10742,S2530991__S2530991_0_BP1A2021,0,0,original
10743,S2128633__S2128633--DEEP,1,0,original
10744,S2424259__S2424259,0,0,original
10745,S2424250__S2424250,0,0,original
10746,S2039743__S20-39743-L-PLHE_1,1,0,original
10747,S2235518__S22-35518-_-BIOPSY,0,0,original
10748,S2409390__S2409390,0,0,original
10749,S2535840__S2535840_0_BP1A2021,0,0,original
10750,S2247860__S22-47860-_-DEEP_1,1,0,original
10751,S2504719__S25-04719-_-DEEP_1,0,0,original
10752,S2521239__S2521239_0_BP1A2021,0,0,original
10753,S2521240__S2521240_0_BP1A2021,1,0,original
10754,S2134277__S2134277,1,0,original
10755,S2406753__S24-06753-_-SERIAL_2,0,0,original
10756,S2039743__S20-39743-C-PLHE_0,1,0,original
10757,S19-19367__S19-19367,1,0,original
10758,S2406753__S24-06753-_-DEEP_1,0,0,original
10759,S2039743__S20-39743-P-PLHE_3,1,0,original
10760,S2513846__S25-13846_0_BP1A2021_161650,0,0,original
10761,S2425843__S24-25843-_-BIOPSY,0,0,original
10762,S2134277__S2134277,1,0,original
10763,S2511008__S25-11008_0_BP1A2021_052339,1,0,original
10764,S2039743__S20-39743-C-PLHE_0,1,0,original
10765,S2247860__S22-47860-_-DEEP_1,1,0,original
10766,S2427695__S2427695_BP1B27_C_14045_3,0,0,original
10767,S2511008__S25-11008_0_BP1A2021_052339,1,0,original
10768,S2530063__S2530063_0_BP1A2021,0,0,original
10769,S2526362__S2526362_0_BP1A2021,0,0,original
10770,S2511008__S25-11008_0_BP1A2021_052339,1,0,original
10771,S16-17719__S16-17719,1,0,original
10772,S2128633__S2128633--DEEP,1,0,original
10773,S2406753__S24-06753-_-SERIAL_2,0,0,original
10774,S2237603__S22-37603-_-_1,0,0,original
10775,S2352429__S23-52429-_-RECUT_1,0,0,original
10776,S2535840__S2535840_0_BP1A2021,0,0,original
10777,S2513846__S25-13846_0_BP1A2021_131523,0,0,original
10778,S19-19367__S19-19367,1,0,original
10779,S2531989__S2531989_0_BP1A2021,0,0,original
10780,S2128633__S2128633--DEEP,1,0,original
10781,S2128633__S2128633--DEEP,1,0,original
10782,S2409392__S2409392,0,0,original
10783,S2424259__S2424259,0,0,original
10784,S2515598__S25-15598_0__144202,0,0,original
10785,S2039743__S20-39743-P-PLHE_3,1,0,original
10786,S2434918__S24-34918-_-BIOPSY,1,0,original
10787,S19-19367__S19-19367,1,0,original
10788,S2522994__S2522994_0_BP1A2021,0,0,original
10789,S2409392__S2409392,0,0,original
10790,S2247860__S22-47860-_-DEEP_1,1,0,original
10791,S19-19367__S19-19367,1,0,original
10792,S2522980__S2522980_0_BP1A2021,0,0,original
10793,S16-17719__S16-17719,1,0,original
10794,S2511859__S25-11859_0_BP1A2021_150616,0,0,original
10795,S2128633__S2128633--DEEP,1,0,original
10796,S2406753__S24-06753-_-SERIAL_2,0,0,original
10797,S2511008__S25-11008_0_BP1A2021_052339,1,0,original
10798,S2406753__S24-06753-_-DEEP_1,0,0,original
10799,S2524760__S2524760_0_BP1A2021,0,0,original
10800,S2515598__S25-15598_0__144202,0,0,original
10801,S2039743__S20-39743-L-PLHE_1,1,0,original
10802,S2530991__S2530991_0_BP1A2021,0,0,original
10803,S2039743__S20-39743-C-PLHE_0,1,0,original
10804,S2427695__S2427695_BP1B27_C_14045_3,0,0,original
10805,S2511008__S25-11008_0_BP1A2021_052339,1,0,original
10806,S2524760__S2524760_0_BP1A2021,0,0,original
10807,S2521240__S2521240_0_BP1A2021,1,0,original
10808,S2530063__S2530063_0_BP1A2021,0,0,original
10809,S2434918__S24-34918-_-BIOPSY,1,0,original
10810,S2533022__S2533022_0_BP1A2021,0,0,original
10811,S16-17719__S16-17719,1,0,original
10812,S2434918__S24-34918-_-BIOPSY,1,0,original
10813,S2424250__S2424250,0,0,original
10814,S2346179__S23-46179-_-BIOPSY,1,0,original
10815,S2513848__S25-13848_0_BP1A2021_131436,0,0,original
10816,S2521240__S2521240_0_BP1A2021,1,0,original
10817,S2434918__S24-34918-_-BIOPSY,1,0,original
10818,S17-42935__S17-42935,1,0,original
10819,S2535840__S2535840_0_BP1A2021,0,0,original
10820,S18-18746__S18-18746,1,0,original
10821,S2409390__S2409390,0,0,original
10822,S2039743__S20-39743-C-PLHE_0,1,0,original
10823,S2513846__S25-13846_0_BP1A2021_131523,0,0,original
10824,S2346179__S23-46179-_-BIOPSY,1,0,original
10825,S16-17719__S16-17719,1,0,original
10826,S2434918__S24-34918-_-BIOPSY,1,0,original
10827,S2352429__S23-52429-_-RECUT_1,0,0,original
10828,S2039743__S20-39743-C-PLHE_0,1,0,original
10829,S2128633__S2128633--DEEP,1,0,original
10830,S2434918__S24-34918-_-BIOPSY,1,0,original
10831,S2406753__S24-06753-_-DEEP_1,0,0,original
10832,S2434918__S24-34918-_-BIOPSY,1,0,original
10833,S2511008__S25-11008_0_BP1A2021_052339,1,0,original
10834,S2237603__S22-37603-_-_1,0,0,original
10835,S2530063__S2530063_0_BP1A2021,0,0,original
10836,S17-42935__S17-42935,1,0,original
10837,S19-40063__S19-40063,0,0,original
10838,S2530063__S2530063_0_BP1A2021,0,0,original
10839,S2424258__S2424258,0,0,original
10840,S2415689__S24-15689-_-BIOPSY,1,0,original
10841,S2415689__S24-15689-_-BIOPSY,1,0,original
10842,S17-42935__S17-42935,1,0,original
10843,S2346179__S23-46179-_-BIOPSY,1,0,original
10844,S2533022__S2533022_0_BP1A2021,0,0,original
10845,S2235518__S22-35518-_-BIOPSY,0,0,original
10846,S2352429__S23-52429-_-RECUT_1,0,0,original
10847,S17-42935__S17-42935,1,0,original
10848,S2409392__S2409392,0,0,original
10849,S2511006__S25-11006_0_BP1A2021_052242,0,0,original
10850,S19-19367__S19-19367,1,0,original
10851,S2039743__S20-39743-C-PLHE_0,1,0,original
10852,S2039743__S20-39743-P-PLHE_3,1,0,original
10853,S2128633__S2128633--DEEP,1,0,original
10854,S2513847__S25-13847_0_BP1A2021_131603,0,0,original
10855,S2511008__S25-11008_0_BP1A2021_052339,1,0,original
10856,S16-17719__S16-17719,1,0,original
10857,S2513846__S25-13846_0_BP1A2021_161650,0,0,original
10858,S2039743__S20-39743-C-PLHE_0,1,0,original
10859,S2513847__S25-13847_0_BP1A2021_131603,0,0,original
10860,S2533022__S2533022_0_BP1A2021,0,0,original
10861,S17-42935__S17-42935,1,0,original
10862,S2423618__S24-23618-_-RECUT_2,0,0,original
10863,S2515598__S25-15598_0__144202,0,0,original
10864,S2235518__S22-35518-_-BIOPSY,0,0,original
10865,S19-40316__S19-40316,1,0,original
10866,S2434918__S24-34918-_-BIOPSY,1,0,original
10867,S19-40316__S19-40316,1,0,original
10868,S2128633__S2128633--DEEP,1,0,original
10869,S17-42935__S17-42935,1,0,original
10870,S2247860__S22-47860-_-DEEP_1,1,0,original
10871,S2237603__S22-37603-_-_1,0,0,original
10872,S2134277__S2134277,1,0,original
10873,S2039743__S20-39743-L-PLHE_1,1,0,original
10874,S2128633__S2128633--DEEP,1,0,original
10875,S2511008__S25-11008_0_BP1A2021_052339,1,0,original
10876,S2235518__S22-35518-_-BIOPSY,0,0,original
10877,S19-40063__S19-40063,0,0,original
10878,S17-42935__S17-42935,1,0,original
10879,S2415689__S24-15689-_-BIOPSY,1,0,original
10880,S2134277__S2134277,1,0,original
10881,S2530991__S2530991_0_BP1A2021,0,0,original
10882,S2406753__S24-06753-_-DEEP_1,0,0,original
10883,S2504719__S25-04719-_-DEEP_1,0,0,original
10884,S2039743__S20-39743-C-PLHE_0,1,0,original
10885,S2424258__S2424258,0,0,original
10886,S2423618__S24-23618-_-RECUT_2,0,0,original
10887,S2511008__S25-11008_0_BP1A2021_052339,1,0,original
10888,S2039743__S20-39743-L-PLHE_1,1,0,original
10889,S19-40316__S19-40316,1,0,original
10890,S2530049__S2530049_0_BP1A2021,0,0,original
10891,S2434918__S24-34918-_-BIOPSY,1,0,original
10892,S2352429__S23-52429-_-RECUT_1,0,0,original
10893,S2427695__S24-27695-_-BIOPSY,0,0,original
10894,S17-42935__S17-42935,1,0,original
10895,S2521240__S2521240_0_BP1A2021,1,0,original
10896,S2513846__S25-13846_0_BP1A2021_131523,0,0,original
10897,S2406753__S24-06753-_-DEEP_1,0,0,original
10898,S2527323__S2527323_0_BP1A2021,0,0,original
10899,S16-17719__S16-17719,1,0,original
10900,S19-40063__S19-40063,0,0,original
10901,S2434918__S24-34918-_-BIOPSY,1,0,original
10902,S2039743__S20-39743-P-PLHE_3,1,0,original
10903,S19-40063__S19-40063,0,0,original
10904,S18-18746__S18-18746,1,0,original
10905,S2415689__S24-15689-_-BIOPSY,1,0,original
10906,S2530991__S2530991_0_BP1A2021,0,0,original
10907,S2423618__S24-23618-_-RECUT_2,0,0,original
10908,S2415689__S24-15689-_-BIOPSY,1,0,original
10909,S17-42935__S17-42935,1,0,original
10910,S18-18746__S18-18746,1,0,original
10911,S2427695__S2427695_BP1B27_C_14045_3,0,0,original
10912,S2521240__S2521240_0_BP1A2021,1,0,original
10913,S2326329__S23-26329-_-BIOPSY,0,0,original
10914,S18-18746__S18-18746,1,0,original
10915,S19-19367__S19-19367,1,0,original
10916,S2409390__S2409390,0,0,original
10917,S2530049__S2530049_0_BP1A2021,0,0,original
10918,S2511006__S25-11006_0_BP1A2021_052242,0,0,original
10919,S2134277__S2134277,1,0,original
10920,S2427695__S24-27695-_-BIOPSY,0,0,original
10921,S2406038__S2406038,0,0,original
10922,S2409392__S2409392,0,0,original
10923,S2434918__S24-34918-_-BIOPSY,1,0,original
10924,S19-19367__S19-19367,1,0,original
10925,S2513846__S25-13846_0_BP1A2021_131523,0,0,original
10926,S2427695__S24-27695-_-BIOPSY,0,0,original
10927,S16-17719__S16-17719,1,0,original
10928,S2424259__S2424259,0,0,original
10929,S18-18746__S18-18746,1,0,original
10930,S2515598__S25-15598_0__144202,0,0,original
10931,S2434918__S24-34918-_-BIOPSY,1,0,original
10932,S2513846__S25-13846_0_BP1A2021_131523,0,0,original
10933,S2511008__S25-11008_0_BP1A2021_052339,1,0,original
10934,S2406753__S24-06753-_-SERIAL_2,0,0,original
10935,S2425843__S24-25843-_-BIOPSY,0,0,original
10936,S2409390__S2409390,0,0,original
10937,S2521240__S2521240_0_BP1A2021,1,0,original
10938,S2530063__S2530063_0_BP1A2021,0,0,original
10939,S19-40316__S19-40316,1,0,original
10940,S2521240__S2521240_0_BP1A2021,1,0,original
10941,S2247860__S22-47860-_-DEEP_1,1,0,original
10942,S2134277__S2134277,1,0,original
10943,S2406753__S24-06753-_-SERIAL_2,0,0,original
10944,S2409390__S2409390,0,0,original
10945,S2039743__S20-39743-L-PLHE_1,1,0,original
10946,S2511006__S25-11006_0_BP1A2021_052242,0,0,original
10947,S2424258__S2424258,0,0,original
10948,S2533022__S2533022_0_BP1A2021,0,0,original
10949,S2424250__S2424250,0,0,original
10950,S2128633__S2128633--DEEP,1,0,original
10951,S2352429__S23-52429-_-RECUT_1,0,0,original
10952,S2427695__S24-27695-_-BIOPSY,0,0,original
10953,S2530049__S2530049_0_BP1A2021,0,0,original
10954,S2423618__S24-23618-_-RECUT_2,0,0,original
10955,S2531989__S2531989_0_BP1A2021,0,0,original
10956,S2531989__S2531989_0_BP1A2021,0,0,original
10957,S2134277__S2134277,1,0,original
10958,S2521240__S2521240_0_BP1A2021,1,0,original
10959,S2424259__S2424259,0,0,original
10960,S2427695__S2427695_BP1B27_C_14045_3,0,0,original
10961,S2511859__S25-11859_0_BP1A2021_150616,0,0,original
10962,S2134277__S2134277,1,0,original
10963,S2247860__S22-47860-_-DEEP_1,1,0,original
10964,S2247860__S22-47860-_-DEEP_1,1,0,original
10965,S2524760__S2524760_0_BP1A2021,0,0,original
10966,S2515598__S25-15598_0__144202,0,0,original
10967,S2424258__S2424258,0,0,original
10968,S2515598__S25-15598_0__144202,0,0,original
10969,S2427695__S2427695_BP1B27_C_14045_3,0,0,original
10970,S2524760__S2524760_0_BP1A2021,0,0,original
10971,S2039743__S20-39743-L-PLHE_1,1,0,original
10972,S2533022__S2533022_0_BP1A2021,0,0,original
10973,S2409392__S2409392,0,0,original
10974,S2511859__S25-11859_0_BP1A2021_150616,0,0,original
10975,S2524760__S2524760_0_BP1A2021,0,0,original
10976,S2513848__S25-13848_0_BP1A2021_131436,0,0,original
10977,S2409390__S2409390,0,0,original
10978,S2511859__S25-11859_0_BP1A2021_150616,0,0,original
10979,S2346179__S23-46179-_-BIOPSY,1,0,original
10980,S2406753__S24-06753-_-DEEP_1,0,0,original
10981,S17-42935__S17-42935,1,0,original
10982,S2513847__S25-13847_0_BP1A2021_131603,0,0,original
10983,S2326329__S23-26329-_-BIOPSY,0,0,original
10984,S2326329__S23-26329-_-BIOPSY,0,0,original
10985,S2406753__S24-06753-_-DEEP_1,0,0,original
10986,S16-17719__S16-17719,1,0,original
10987,S16-17719__S16-17719,1,0,original
10988,S2409392__S2409392,0,0,original
10989,S2134277__S2134277,1,0,original
10990,S2237603__S22-37603-_-_1,0,0,original
10991,S2039743__S20-39743-L-PLHE_1,1,0,original
10992,S2346179__S23-46179-_-BIOPSY,1,0,original
10993,S2533022__S2533022_0_BP1A2021,0,0,original
10994,S2039743__S20-39743-P-PLHE_3,1,0,original
10995,S2522994__S2522994_0_BP1A2021,0,0,original
10996,S2326329__S23-26329-_-BIOPSY,0,0,original
10997,S2434918__S24-34918-_-BIOPSY,1,0,original
10998,S2511859__S25-11859_0_BP1A2021_150616,0,0,original
10999,S2423618__S24-23618-_-RECUT_2,0,0,original
