draw_index,slide_id,label,view,policy
0,S2346179__S23-46179-_-BIOPSY,1,1,geometry
1,S2227608__S22-27608-_-SERIAL_2,1,1,geometry
2,S2415689__S24-15689-_-BIOPSY,1,0,geometry
3,S2229537__S22-29537-_-SERIAL_1,1,1,geometry
4,S2520404__S2520404_0_BP1A2021,0,1,geometry
5,S16-17719__S16-17719,1,1,geometry
6,S19-40316__S19-40316,1,1,geometry
7,S2511007__S25-11007_0_BP1A2021_052433,0,0,geometry
8,S2227604__S22-27604-_-BIOPSY,1,0,geometry
9,S2516970__S25-16970____155248,1,1,geometry
10,S2415689__S24-15689-_-BIOPSY,1,1,geometry
11,S19-40316__S19-40316,1,1,geometry
12,S20-28924__S20-28924,0,1,geometry
13,S2247860__S22-47860-_-DEEP_1,1,1,geometry
14,S2516970__S25-16970____155248,1,1,geometry
15,S2229537__S22-29537-_-SERIAL_1,1,1,geometry
16,S2227608__S22-27608-_-SERIAL_1,1,0,geometry
17,S2511006__S25-11006_0_BP1A2021_052242,0,1,geometry
18,S20-26719__S20-26719,1,0,geometry
19,S2511010__S25-11010_0_BP1A2021_052642,1,0,geometry
20,S20-26719__S20-26719,1,0,geometry
21,S2425843__S24-25843-_-BIOPSY,0,1,geometry
22,S2227608__S22-27608-_-SERIAL_1,1,0,geometry
23,S2511010__S25-11010_0_BP1A2021_052642,1,0,geometry
24,S2522994__S2522994_0_BP1A2021,0,1,geometry
25,S2406754__S24-06754-_-SERIAL_1,0,1,geometry
26,S2427695__S24-27695-_-BIOPSY,0,0,geometry
27,S2247860__S22-47860-_-DEEP_1,1,1,geometry
28,S2346179__S23-46179-_-BIOPSY,1,0,geometry
29,S19-40316__S19-40316,1,0,geometry
30,S2134277__S2134277,1,1,geometry
31,S2415689__S24-15689-_-BIOPSY,1,1,geometry
32,S2425843__S24-25843-_-BIOPSY,0,0,geometry
33,S2406754__S24-06754-_-DEEP_2,0,1,geometry
34,S2513846__S25-13846_0_BP1A2021_161650,0,1,geometry
35,S2520404__S2520404_0_BP1A2021,0,0,geometry
36,S2424255__S2424255,0,1,geometry
37,S2427695__S2427695_BP1B27_C_14045_3,0,1,geometry
38,S2530991__S2530991_0_BP1A2021,0,1,geometry
39,S2227608__S22-27608-_-SERIAL_2,1,0,geometry
40,S2227608__S22-27608-_-SERIAL_2,1,0,geometry
41,S2521239__S2521239_0_BP1A2021,0,0,geometry
42,S2511010__S25-11010_0_BP1A2021_052642,1,0,geometry
43,S2427695__S24-27695-_-BIOPSY,0,1,geometry
44,S2535840__S2535840_0_BP1A2021,0,0,geometry
45,S2427695__S2427695_BP1B27_C_14045_3,0,1,geometry
46,S2227604__S22-27604-_-BIOPSY,1,0,geometry
47,S2346179__S23-46179-_-BIOPSY,1,0,geometry
48,S2530981__S2530981_0_BP1A2021,0,0,geometry
49,S2227604__S22-27604-_-BIOPSY,1,0,geometry
50,S2227608__S22-27608-_-SERIAL_1,1,0,geometry
51,S2511006__S25-11006_0_BP1A2021_052242,0,0,geometry
52,S16-17719__S16-17719,1,0,geometry
53,S2401283__S24-01283-_-BIOPSY,0,1,geometry
54,S2513846__S25-13846_0_BP1A2021_161650,0,1,geometry
55,S2406753__S24-06753-_-SERIAL_2,0,1,geometry
56,S20-26719__S20-26719,1,1,geometry
57,S2409392__S2409392,0,0,geometry
58,S2424259__S2424259,0,0,geometry
59,S2530049__S2530049_0_BP1A2021,0,1,geometry
60,S2513848__S25-13848_0_BP1A2021_131436,0,1,geometry
61,S2346179__S23-46179-_-BIOPSY,1,0,geometry
62,S2424258__S2424258,0,0,geometry
63,S2520404__S2520404_0_BP1A2021,0,1,geometry
64,S2227608__S22-27608-_-SERIAL_1,1,0,geometry
65,S2522994__S2522994_0_BP1A2021,0,0,geometry
66,S2516970__S25-16970____155248,1,1,geometry
67,S2415689__S24-15689-_-BIOPSY,1,0,geometry
68,S2346179__S23-46179-_-BIOPSY,1,0,geometry
69,S19-40316__S19-40316,1,0,geometry
70,S2425843__S24-25843-_-BIOPSY,0,1,geometry
71,S2346179__S23-46179-_-BIOPSY,1,1,geometry
72,S2520404__S2520404_0_BP1A2021,0,1,geometry
73,S2535840__S2535840_0_BP1A2021,0,1,geometry
74,S2427695__S2427695_BP1B27_C_14045_3,0,1,geometry
75,S2516970__S25-16970____155248,1,1,geometry
76,S2524777__S2524777_0_BP1A2021,0,0,geometry
77,S2529112__S2529112_0_BP1A2021,0,0,geometry
78,S2216630__S2216630--DEEP_1,0,0,geometry
79,S2424258__S2424258,0,0,geometry
80,S2406753__S24-06753-_-DEEP_1,0,0,geometry
81,S2424259__S2424259,0,1,geometry
82,S2516970__S25-16970____155248,1,1,geometry
83,S2424255__S2424255,0,0,geometry
84,S2530991__S2530991_0_BP1A2021,0,1,geometry
85,S20-26719__S20-26719,1,0,geometry
86,S2520404__S2520404_0_BP1A2021,0,0,geometry
87,S2529112__S2529112_0_BP1A2021,0,1,geometry
88,S2511009__S25-11009_0_BP1A2021_052542,0,1,geometry
89,S20-26719__S20-26719,1,0,geometry
90,S2425843__S24-25843-_-BIOPSY,0,0,geometry
91,S2511006__S25-11006_0_BP1A2021_052242,0,0,geometry
92,S2516970__S25-16970____155248,1,0,geometry
93,S2511009__S25-11009_0_BP1A2021_052542,0,0,geometry
94,S2227608__S22-27608-_-SERIAL_2,1,0,geometry
95,S2227608__S22-27608-_-SERIAL_1,1,0,geometry
96,S2227608__S22-27608-_-SERIAL_1,1,1,geometry
97,S2516970__S25-16970____155248,1,1,geometry
98,S2516970__S25-16970____155248,1,1,geometry
99,S19-40316__S19-40316,1,1,geometry
100,S2516970__S25-16970____155248,1,0,geometry
101,S2427695__S24-27695-_-BIOPSY,0,0,geometry
102,S2415689__S24-15689-_-BIOPSY,1,1,geometry
103,S2415689__S24-15689-_-BIOPSY,1,1,geometry
104,S2521239__S2521239_0_BP1A2021,0,1,geometry
105,S2530049__S2530049_0_BP1A2021,0,1,geometry
106,S2529112__S2529112_0_BP1A2021,0,0,geometry
107,S20-26719__S20-26719,1,0,geometry
108,S2522994__S2522994_0_BP1A2021,0,1,geometry
109,S2227604__S22-27604-_-BIOPSY,1,1,geometry
110,S2531985__S2531985_0_BP1A2021,0,0,geometry
111,S2134277__S2134277,1,0,geometry
112,S2247860__S22-47860-_-DEEP_1,1,1,geometry
113,S2227604__S22-27604-_-BIOPSY,1,1,geometry
114,S2247860__S22-47860-_-DEEP_1,1,1,geometry
115,S2415689__S24-15689-_-BIOPSY,1,0,geometry
116,S2406753__S24-06753-_-SERIAL_2,0,1,geometry
117,S2427695__S2427695_BP1B27_C_14045_3,0,1,geometry
118,S2134277__S2134277,1,0,geometry
119,S2511010__S25-11010_0_BP1A2021_052642,1,1,geometry
120,S19-40316__S19-40316,1,1,geometry
121,S2516970__S25-16970____155248,1,1,geometry
122,S16-17719__S16-17719,1,1,geometry
123,S2409392__S2409392,0,1,geometry
124,S2247860__S22-47860-_-DEEP_1,1,0,geometry
125,S2409392__S2409392,0,1,geometry
126,S2227608__S22-27608-_-SERIAL_1,1,0,geometry
127,S2530991__S2530991_0_BP1A2021,0,0,geometry
128,S2520402__S2520402_0_BP1A2021,0,1,geometry
129,S20-26719__S20-26719,1,0,geometry
130,S2346179__S23-46179-_-BIOPSY,1,1,geometry
131,S2516971__S25-16971____140945,0,1,geometry
132,S2346179__S23-46179-_-BIOPSY,1,1,geometry
133,S2522994__S2522994_0_BP1A2021,0,1,geometry
134,S16-17719__S16-17719,1,0,geometry
135,S2525436__S2525436_0_BP1A2021,0,1,geometry
136,S2406753__S24-06753-_-DEEP_1,0,0,geometry
137,S20-26719__S20-26719,1,0,geometry
138,S2511010__S25-11010_0_BP1A2021_052642,1,1,geometry
139,S2134277__S2134277,1,0,geometry
140,S2530991__S2530991_0_BP1A2021,0,0,geometry
141,S2520404__S2520404_0_BP1A2021,0,0,geometry
142,S2344462__S23-44462-_-BIOPSY,0,0,geometry
143,S2134277__S2134277,1,1,geometry
144,S2344462__S23-44462-_-BIOPSY,0,1,geometry
145,S2227608__S22-27608-_-SERIAL_1,1,1,geometry
146,S2511010__S25-11010_0_BP1A2021_052642,1,0,geometry
147,S2512685__S2512685_0_,0,0,geometry
148,S2424255__S2424255,0,0,geometry
149,S2247860__S22-47860-_-DEEP_1,1,1,geometry
150,S2513848__S25-13848_0_BP1A2021_131436,0,1,geometry
151,S2227608__S22-27608-_-SERIAL_1,1,0,geometry
152,S2409392__S2409392,0,0,geometry
153,S2511010__S25-11010_0_BP1A2021_052642,1,0,geometry
154,S2424255__S2424255,0,1,geometry
155,S2530985__S2530985_0_BP1A2021,0,0,geometry
156,S2530981__S2530981_0_BP1A2021,0,1,geometry
157,S2227608__S22-27608-_-SERIAL_1,1,0,geometry
158,S2247860__S22-47860-_-DEEP_1,1,0,geometry
159,S16-17719__S16-17719,1,1,geometry
160,S2531985__S2531985_0_BP1A2021,0,1,geometry
161,S2346179__S23-46179-_-BIOPSY,1,1,geometry
162,S2227608__S22-27608-_-SERIAL_2,1,1,geometry
163,S2134277__S2134277,1,1,geometry
164,S2511010__S25-11010_0_BP1A2021_052642,1,0,geometry
165,S2516971__S25-16971____155423,0,1,geometry
166,S2516971__S25-16971____155423,0,0,geometry
167,S2512685__S2512685_0_,0,1,geometry
168,S2415689__S24-15689-_-BIOPSY,1,0,geometry
169,S2401283__S24-01283-_-BIOPSY,0,1,geometry
170,S19-40316__S19-40316,1,0,geometry
171,S2511010__S25-11010_0_BP1A2021_052642,1,1,geometry
172,S2216630__S2216630--DEEP_1,0,0,geometry
173,S2227604__S22-27604-_-BIOPSY,1,0,geometry
174,S2520404__S2520404_0_BP1A2021,0,0,geometry
175,S2516970__S25-16970____155248,1,0,geometry
176,S20-26719__S20-26719,1,0,geometry
177,S2530981__S2530981_0_BP1A2021,0,1,geometry
178,S2237601__S22-37601-_-,0,1,geometry
179,S20-26719__S20-26719,1,0,geometry
180,S2513848__S25-13848_0_BP1A2021_131436,0,0,geometry
181,S2511009__S25-11009_0_BP1A2021_052542,0,0,geometry
182,S2134277__S2134277,1,0,geometry
183,S2535840__S2535840_0_BP1A2021,0,1,geometry
184,S2516971__S25-16971____155423,0,1,geometry
185,S2409392__S2409392,0,1,geometry
186,S2511010__S25-11010_0_BP1A2021_052642,1,0,geometry
187,S2134277__S2134277,1,1,geometry
188,S2247860__S22-47860-_-DEEP_1,1,0,geometry
189,S2134277__S2134277,1,1,geometry
190,S2227604__S22-27604-_-BIOPSY,1,0,geometry
191,S2247860__S22-47860-_-DEEP_1,1,0,geometry
192,S2516971__S25-16971____155423,0,1,geometry
193,S2415689__S24-15689-_-BIOPSY,1,0,geometry
194,S2415689__S24-15689-_-BIOPSY,1,1,geometry
195,S2436457__S2436457_BP1B11_C_15540_2,0,1,geometry
196,S2526362__S2526362_0_BP1A2021,0,0,geometry
197,S2424255__S2424255,0,1,geometry
198,S2522994__S2522994_0_BP1A2021,0,1,geometry
199,S20-26719__S20-26719,1,0,geometry
200,S2516971__S25-16971____155423,0,0,geometry
201,S2516971__S25-16971____140945,0,0,geometry
202,S2247860__S22-47860-_-DEEP_1,1,1,geometry
203,S2216630__S2216630--DEEP_1,0,0,geometry
204,S2516970__S25-16970____155248,1,1,geometry
205,S2511009__S25-11009_0_BP1A2021_052542,0,0,geometry
206,S2511006__S25-11006_0_BP1A2021_052242,0,0,geometry
207,S16-17719__S16-17719,1,1,geometry
208,S2227604__S22-27604-_-BIOPSY,1,0,geometry
209,S2524777__S2524777_0_BP1A2021,0,1,geometry
210,S2513846__S25-13846_0_BP1A2021_161650,0,0,geometry
211,S2511010__S25-11010_0_BP1A2021_052642,1,1,geometry
212,S2346179__S23-46179-_-BIOPSY,1,0,geometry
213,S2516970__S25-16970____155248,1,1,geometry
214,S2406753__S24-06753-_-SERIAL_2,0,1,geometry
215,S2216630__S2216630--DEEP_1,0,0,geometry
216,S2529112__S2529112_0_BP1A2021,0,1,geometry
217,S16-17719__S16-17719,1,1,geometry
218,S2346179__S23-46179-_-BIOPSY,1,0,geometry
219,S2406753__S24-06753-_-SERIAL_2,0,1,geometry
220,S20-26719__S20-26719,1,1,geometry
221,S2530991__S2530991_0_BP1A2021,0,0,geometry
222,S16-17719__S16-17719,1,1,geometry
223,S2227608__S22-27608-_-SERIAL_1,1,0,geometry
224,S2511009__S25-11009_0_BP1A2021_052542,0,1,geometry
225,S2406753__S24-06753-_-SERIAL_2,0,1,geometry
226,S2415689__S24-15689-_-BIOPSY,1,1,geometry
227,S2216630__S2216630--DEEP_1,0,0,geometry
228,S2346179__S23-46179-_-BIOPSY,1,0,geometry
229,S2134277__S2134277,1,1,geometry
230,S2522994__S2522994_0_BP1A2021,0,0,geometry
231,S2227608__S22-27608-_-SERIAL_2,1,1,geometry
232,S2229537__S22-29537-_-SERIAL_1,1,0,geometry
233,S2513846__S25-13846_0_BP1A2021_131523,0,1,geometry
234,S2531989__S2531989_0_BP1A2021,0,0,geometry
235,S2530985__S2530985_0_BP1A2021,0,0,geometry
236,S2216630__S2216630--DEEP_1,0,1,geometry
237,S2247860__S22-47860-_-DEEP_1,1,1,geometry
238,S2522994__S2522994_0_BP1A2021,0,1,geometry
239,S20-26719__S20-26719,1,1,geometry
240,S2511010__S25-11010_0_BP1A2021_052642,1,0,geometry
241,S2427695__S24-27695-_-BIOPSY,0,1,geometry
242,S20-28924__S20-28924,0,0,geometry
243,S16-17719__S16-17719,1,0,geometry
244,S2527323__S2527323_0_BP1A2021,0,1,geometry
245,S2227608__S22-27608-_-SERIAL_2,1,0,geometry
246,S2516970__S25-16970____155248,1,0,geometry
247,S2415689__S24-15689-_-BIOPSY,1,0,geometry
248,S2511010__S25-11010_0_BP1A2021_052642,1,0,geometry
249,S2134277__S2134277,1,0,geometry
250,S2522994__S2522994_0_BP1A2021,0,0,geometry
251,S2227604__S22-27604-_-BIOPSY,1,0,geometry
252,S2415689__S24-15689-_-BIOPSY,1,0,geometry
253,S2247860__S22-47860-_-DEEP_1,1,1,geometry
254,S2346179__S23-46179-_-BIOPSY,1,0,geometry
255,S2406754__S24-06754-_-DEEP_2,0,1,geometry
256,S2227608__S22-27608-_-SERIAL_2,1,0,geometry
257,S2520404__S2520404_0_BP1A2021,0,1,geometry
258,S16-17719__S16-17719,1,0,geometry
259,S20-26719__S20-26719,1,1,geometry
260,S2530991__S2530991_0_BP1A2021,0,0,geometry
261,S2415689__S24-15689-_-BIOPSY,1,1,geometry
262,S2530049__S2530049_0_BP1A2021,0,0,geometry
263,S2531985__S2531985_0_BP1A2021,0,0,geometry
264,S2134277__S2134277,1,0,geometry
265,S2528218__S2528218_0_BP1A2021,0,1,geometry
266,S2409392__S2409392,0,0,geometry
267,S2513846__S25-13846_0_BP1A2021_161650,0,1,geometry
268,S20-28924__S20-28924,0,1,geometry
269,S2511010__S25-11010_0_BP1A2021_052642,1,1,geometry
270,S16-17719__S16-17719,1,1,geometry
271,S2134277__S2134277,1,0,geometry
272,S2531985__S2531985_0_BP1A2021,0,0,geometry
273,S2513846__S25-13846_0_BP1A2021_161650,0,1,geometry
274,S19-40316__S19-40316,1,0,geometry
275,S2524777__S2524777_0_BP1A2021,0,0,geometry
276,S2346179__S23-46179-_-BIOPSY,1,0,geometry
277,S19-40316__S19-40316,1,1,geometry
278,S2134277__S2134277,1,0,geometry
279,S2346179__S23-46179-_-BIOPSY,1,1,geometry
280,S2511006__S25-11006_0_BP1A2021_052242,0,0,geometry
281,S2227608__S22-27608-_-SERIAL_1,1,0,geometry
282,S2216630__S2216630--DEEP_1,0,1,geometry
283,S16-17719__S16-17719,1,0,geometry
284,S2530981__S2530981_0_BP1A2021,0,1,geometry
285,S2427695__S2427695_BP1B27_C_14045_3,0,0,geometry
286,S2531985__S2531985_0_BP1A2021,0,0,geometry
287,S2424255__S2424255,0,1,geometry
288,S2247860__S22-47860-_-DEEP_1,1,1,geometry
289,S2424258__S2424258,0,0,geometry
290,S2227604__S22-27604-_-BIOPSY,1,1,geometry
291,S2521239__S2521239_0_BP1A2021,0,1,geometry
292,S19-40316__S19-40316,1,1,geometry
293,S2528218__S2528218_0_BP1A2021,0,0,geometry
294,S2513846__S25-13846_0_BP1A2021_161650,0,0,geometry
295,S2227604__S22-27604-_-BIOPSY,1,0,geometry
296,S2247860__S22-47860-_-DEEP_1,1,1,geometry
297,S2511006__S25-11006_0_BP1A2021_052242,0,0,geometry
298,S2216630__S2216630--DEEP_1,0,0,geometry
299,S2520402__S2520402_0_BP1A2021,0,0,geometry
300,S2522994__S2522994_0_BP1A2021,0,0,geometry
301,S2229537__S22-29537-_-SERIAL_1,1,1,geometry
302,S2511010__S25-11010_0_BP1A2021_052642,1,0,geometry
303,S2415689__S24-15689-_-BIOPSY,1,1,geometry
304,S2346179__S23-46179-_-BIOPSY,1,1,geometry
305,S2526362__S2526362_0_BP1A2021,0,1,geometry
306,S2424258__S2424258,0,0,geometry
307,S2522994__S2522994_0_BP1A2021,0,1,geometry
308,S2415689__S24-15689-_-BIOPSY,1,1,geometry
309,S2406753__S24-06753-_-SERIAL_2,0,1,geometry
310,S16-17719__S16-17719,1,1,geometry
311,S2436457__S2436457_BP1B11_C_15540_2,0,1,geometry
312,S2401283__S24-01283-_-BIOPSY,0,0,geometry
313,S2401283__S24-01283-_-BIOPSY,0,1,geometry
314,S2530991__S2530991_0_BP1A2021,0,0,geometry
315,S2415689__S24-15689-_-BIOPSY,1,1,geometry
316,S2511007__S25-11007_0_BP1A2021_052433,0,0,geometry
317,S2530985__S2530985_0_BP1A2021,0,1,geometry
318,S2247860__S22-47860-_-DEEP_1,1,0,geometry
319,S2424258__S2424258,0,0,geometry
320,S20-26719__S20-26719,1,1,geometry
321,S2516970__S25-16970____155248,1,0,geometry
322,S2227604__S22-27604-_-BIOPSY,1,1,geometry
323,S2424259__S2424259,0,1,geometry
324,S2227608__S22-27608-_-SERIAL_1,1,0,geometry
325,S2415689__S24-15689-_-BIOPSY,1,0,geometry
326,S2525436__S2525436_0_BP1A2021,0,1,geometry
327,S2134277__S2134277,1,1,geometry
328,S2516971__S25-16971____155423,0,1,geometry
329,S2346179__S23-46179-_-BIOPSY,1,0,geometry
330,S2409392__S2409392,0,1,geometry
331,S2229537__S22-29537-_-SERIAL_1,1,0,geometry
332,S2516970__S25-16970____155248,1,0,geometry
333,S2520402__S2520402_0_BP1A2021,0,1,geometry
334,S16-17719__S16-17719,1,1,geometry
335,S2346179__S23-46179-_-BIOPSY,1,0,geometry
336,S2401283__S24-01283-_-BIOPSY,0,0,geometry
337,S19-40316__S19-40316,1,0,geometry
338,S2516970__S25-16970____155248,1,0,geometry
339,S2227604__S22-27604-_-BIOPSY,1,1,geometry
340,S2227608__S22-27608-_-SERIAL_2,1,0,geometry
341,S2527323__S2527323_0_BP1A2021,0,0,geometry
342,S2247860__S22-47860-_-DEEP_1,1,0,geometry
343,S2516970__S25-16970____155248,1,0,geometry
344,S2346179__S23-46179-_-BIOPSY,1,0,geometry
345,S20-26719__S20-26719,1,1,geometry
346,S19-40316__S19-40316,1,0,geometry
347,S2531985__S2531985_0_BP1A2021,0,1,geometry
348,S2513848__S25-13848_0_BP1A2021_131436,0,1,geometry
349,S2424255__S2424255,0,1,geometry
350,S2247860__S22-47860-_-DEEP_1,1,1,geometry
351,S16-17719__S16-17719,1,0,geometry
352,S2427695__S24-27695-_-BIOPSY,0,0,geometry
353,S2406754__S24-06754-_-DEEP_2,0,1,geometry
354,S2516971__S25-16971____140945,0,0,geometry
355,S20-26719__S20-26719,1,1,geometry
356,S2530991__S2530991_0_BP1A2021,0,1,geometry
357,S2344462__S23-44462-_-BIOPSY,0,0,geometry
358,S2513848__S25-13848_0_BP1A2021_131436,0,1,geometry
359,S2406754__S24-06754-_-DEEP_2,0,0,geometry
360,S2436457__S2436457_BP1B11_C_15540_2,0,0,geometry
361,S2227604__S22-27604-_-BIOPSY,1,0,geometry
362,S2520402__S2520402_0_BP1A2021,0,0,geometry
363,S2527323__S2527323_0_BP1A2021,0,0,geometry
364,S2227604__S22-27604-_-BIOPSY,1,1,geometry
365,S2346179__S23-46179-_-BIOPSY,1,1,geometry
366,S2346179__S23-46179-_-BIOPSY,1,0,geometry
367,S20-28924__S20-28924,0,0,geometry
368,S2134277__S2134277,1,1,geometry
369,S19-40316__S19-40316,1,0,geometry
370,S20-26719__S20-26719,1,0,geometry
371,S2134277__S2134277,1,1,geometry
372,S2424258__S2424258,0,0,geometry
373,S2406754__S24-06754-_-SERIAL_1,0,1,geometry
374,S19-40316__S19-40316,1,1,geometry
375,S20-26719__S20-26719,1,1,geometry
376,S2527323__S2527323_0_BP1A2021,0,0,geometry
377,S2531989__S2531989_0_BP1A2021,0,0,geometry
378,S2516971__S25-16971____155423,0,1,geometry
379,S2530985__S2530985_0_BP1A2021,0,1,geometry
380,S2513846__S25-13846_0_BP1A2021_131523,0,1,geometry
381,S2527323__S2527323_0_BP1A2021,0,1,geometry
382,S2530981__S2530981_0_BP1A2021,0,1,geometry
383,S20-26719__S20-26719,1,1,geometry
384,S2521239__S2521239_0_BP1A2021,0,0,geometry
385,S19-40316__S19-40316,1,0,geometry
386,S2227604__S22-27604-_-BIOPSY,1,0,geometry
387,S2424255__S2424255,0,1,geometry
388,S2530049__S2530049_0_BP1A2021,0,0,geometry
389,S2521239__S2521239_0_BP1A2021,0,1,geometry
390,S16-17719__S16-17719,1,1,geometry
391,S2229537__S22-29537-_-SERIAL_1,1,0,geometry
392,S16-17719__S16-17719,1,0,geometry
393,S2531985__S2531985_0_BP1A2021,0,0,geometry
394,S2227608__S22-27608-_-SERIAL_1,1,1,geometry
395,S2512685__S2512685_0_,0,1,geometry
396,S2511010__S25-11010_0_BP1A2021_052642,1,1,geometry
397,S2511010__S25-11010_0_BP1A2021_052642,1,1,geometry
398,S19-40316__S19-40316,1,0,geometry
399,S2227604__S22-27604-_-BIOPSY,1,1,geometry
400,S2227608__S22-27608-_-SERIAL_1,1,1,geometry
401,S2425843__S24-25843-_-BIOPSY,0,1,geometry
402,S2511007__S25-11007_0_BP1A2021_052433,0,1,geometry
403,S2406753__S24-06753-_-DEEP_1,0,1,geometry
404,S2511009__S25-11009_0_BP1A2021_052542,0,1,geometry
405,S19-40316__S19-40316,1,1,geometry
406,S2427695__S24-27695-_-BIOPSY,0,0,geometry
407,S19-40316__S19-40316,1,1,geometry
408,S2406754__S24-06754-_-SERIAL_1,0,0,geometry
409,S2521239__S2521239_0_BP1A2021,0,1,geometry
410,S2406753__S24-06753-_-DEEP_1,0,1,geometry
411,S2424259__S2424259,0,0,geometry
412,S2424255__S2424255,0,1,geometry
413,S19-40316__S19-40316,1,1,geometry
414,S20-26719__S20-26719,1,1,geometry
415,S20-28924__S20-28924,0,1,geometry
416,S2425843__S24-25843-_-BIOPSY,0,1,geometry
417,S2415689__S24-15689-_-BIOPSY,1,1,geometry
418,S2511009__S25-11009_0_BP1A2021_052542,0,1,geometry
419,S2511010__S25-11010_0_BP1A2021_052642,1,0,geometry
420,S2512685__S2512685_0_,0,0,geometry
421,S2247860__S22-47860-_-DEEP_1,1,1,geometry
422,S2427695__S2427695_BP1B27_C_14045_3,0,1,geometry
423,S2247860__S22-47860-_-DEEP_1,1,1,geometry
424,S2427695__S24-27695-_-BIOPSY,0,0,geometry
425,S2511010__S25-11010_0_BP1A2021_052642,1,1,geometry
426,S2227608__S22-27608-_-SERIAL_2,1,1,geometry
427,S2227604__S22-27604-_-BIOPSY,1,0,geometry
428,S2513848__S25-13848_0_BP1A2021_131436,0,1,geometry
429,S2516970__S25-16970____155248,1,0,geometry
430,S2535840__S2535840_0_BP1A2021,0,1,geometry
431,S2424258__S2424258,0,1,geometry
432,S16-17719__S16-17719,1,1,geometry
433,S2511009__S25-11009_0_BP1A2021_052542,0,0,geometry
434,S2227608__S22-27608-_-SERIAL_1,1,1,geometry
435,S2134277__S2134277,1,0,geometry
436,S2511006__S25-11006_0_BP1A2021_052242,0,0,geometry
437,S2229537__S22-29537-_-SERIAL_1,1,1,geometry
438,S2424258__S2424258,0,0,geometry
439,S2520402__S2520402_0_BP1A2021,0,1,geometry
440,S2530049__S2530049_0_BP1A2021,0,1,geometry
441,S20-26719__S20-26719,1,0,geometry
442,S2237601__S22-37601-_-,0,1,geometry
443,S2512685__S2512685_0_,0,1,geometry
444,S2415689__S24-15689-_-BIOPSY,1,0,geometry
445,S2409392__S2409392,0,1,geometry
446,S2134277__S2134277,1,0,geometry
447,S2227608__S22-27608-_-SERIAL_1,1,1,geometry
448,S2535840__S2535840_0_BP1A2021,0,0,geometry
449,S2513846__S25-13846_0_BP1A2021_161650,0,1,geometry
450,S16-17719__S16-17719,1,0,geometry
451,S2415689__S24-15689-_-BIOPSY,1,1,geometry
452,S2134277__S2134277,1,1,geometry
453,S2530985__S2530985_0_BP1A2021,0,0,geometry
454,S2512685__S2512685_0_,0,0,geometry
455,S2525436__S2525436_0_BP1A2021,0,0,geometry
456,S2134277__S2134277,1,1,geometry
457,S2529112__S2529112_0_BP1A2021,0,0,geometry
458,S2424258__S2424258,0,1,geometry
459,S2511010__S25-11010_0_BP1A2021_052642,1,0,geometry
460,S2406754__S24-06754-_-SERIAL_1,0,0,geometry
461,S19-40316__S19-40316,1,0,geometry
462,S2229537__S22-29537-_-SERIAL_1,1,0,geometry
463,S2530049__S2530049_0_BP1A2021,0,0,geometry
464,S2406753__S24-06753-_-DEEP_1,0,1,geometry
465,S2511009__S25-11009_0_BP1A2021_052542,0,1,geometry
466,S2529112__S2529112_0_BP1A2021,0,1,geometry
467,S20-26719__S20-26719,1,1,geometry
468,S19-40316__S19-40316,1,1,geometry
469,S2406753__S24-06753-_-SERIAL_2,0,1,geometry
470,S2346179__S23-46179-_-BIOPSY,1,1,geometry
471,S2406753__S24-06753-_-DEEP_1,0,0,geometry
472,S2229537__S22-29537-_-SERIAL_1,1,0,geometry
473,S2516970__S25-16970____155248,1,1,geometry
474,S19-40316__S19-40316,1,1,geometry
475,S2526362__S2526362_0_BP1A2021,0,0,geometry
476,S20-28924__S20-28924,0,0,geometry
477,S16-17719__S16-17719,1,1,geometry
478,S2513846__S25-13846_0_BP1A2021_131523,0,0,geometry
479,S2513846__S25-13846_0_BP1A2021_131523,0,0,geometry
480,S2535840__S2535840_0_BP1A2021,0,0,geometry
481,S2530981__S2530981_0_BP1A2021,0,1,geometry
482,S2531985__S2531985_0_BP1A2021,0,0,geometry
483,S2528218__S2528218_0_BP1A2021,0,1,geometry
484,S2436457__S2436457_BP1B11_C_15540_2,0,0,geometry
485,S2527323__S2527323_0_BP1A2021,0,1,geometry
486,S19-40316__S19-40316,1,1,geometry
487,S2524777__S2524777_0_BP1A2021,0,0,geometry
488,S2406753__S24-06753-_-DEEP_1,0,1,geometry
489,S2344462__S23-44462-_-BIOPSY,0,1,geometry
490,S2415689__S24-15689-_-BIOPSY,1,1,geometry
491,S2511010__S25-11010_0_BP1A2021_052642,1,0,geometry
492,S20-26719__S20-26719,1,0,geometry
493,S2516970__S25-16970____155248,1,0,geometry
494,S2134277__S2134277,1,1,geometry
495,S2227604__S22-27604-_-BIOPSY,1,0,geometry
496,S20-26719__S20-26719,1,0,geometry
497,S2415689__S24-15689-_-BIOPSY,1,0,geometry
498,S2227608__S22-27608-_-SERIAL_2,1,0,geometry
499,S2511006__S25-11006_0_BP1A2021_052242,0,0,geometry
500,S2511009__S25-11009_0_BP1A2021_052542,0,1,geometry
501,S2524760__S2524760_0_BP1A2021,0,1,geometry
502,S2227608__S22-27608-_-SERIAL_1,1,1,geometry
503,S2227608__S22-27608-_-SERIAL_2,1,1,geometry
504,S20-26719__S20-26719,1,1,geometry
505,S2406754__S24-06754-_-DEEP_2,0,0,geometry
506,S2216630__S2216630--DEEP_1,0,1,geometry
507,S2516970__S25-16970____155248,1,0,geometry
508,S2516971__S25-16971____140945,0,0,geometry
509,S2346179__S23-46179-_-BIOPSY,1,1,geometry
510,S2406754__S24-06754-_-DEEP_2,0,0,geometry
511,S2520402__S2520402_0_BP1A2021,0,1,geometry
512,S2415689__S24-15689-_-BIOPSY,1,1,geometry
513,S2424258__S2424258,0,0,geometry
514,S2227608__S22-27608-_-SERIAL_2,1,1,geometry
515,S2516971__S25-16971____140945,0,1,geometry
516,S2134277__S2134277,1,0,geometry
517,S2516970__S25-16970____155248,1,1,geometry
518,S2227608__S22-27608-_-SERIAL_1,1,1,geometry
519,S2535840__S2535840_0_BP1A2021,0,1,geometry
520,S19-40316__S19-40316,1,1,geometry
521,S2511010__S25-11010_0_BP1A2021_052642,1,1,geometry
522,S2530049__S2530049_0_BP1A2021,0,0,geometry
523,S2511007__S25-11007_0_BP1A2021_052433,0,0,geometry
524,S2401283__S24-01283-_-BIOPSY,0,1,geometry
525,S19-40316__S19-40316,1,0,geometry
526,S2409392__S2409392,0,0,geometry
527,S2227604__S22-27604-_-BIOPSY,1,0,geometry
528,S2511010__S25-11010_0_BP1A2021_052642,1,1,geometry
529,S2247860__S22-47860-_-DEEP_1,1,0,geometry
530,S2216630__S2216630--DEEP_1,0,0,geometry
531,S2227608__S22-27608-_-SERIAL_2,1,0,geometry
532,S2527323__S2527323_0_BP1A2021,0,1,geometry
533,S2522994__S2522994_0_BP1A2021,0,0,geometry
534,S2520402__S2520402_0_BP1A2021,0,1,geometry
535,S20-28924__S20-28924,0,1,geometry
536,S2524760__S2524760_0_BP1A2021,0,1,geometry
537,S20-26719__S20-26719,1,1,geometry
538,S2346179__S23-46179-_-BIOPSY,1,1,geometry
539,S2247860__S22-47860-_-DEEP_1,1,1,geometry
540,S2529112__S2529112_0_BP1A2021,0,0,geometry
541,S2134277__S2134277,1,1,geometry
542,S16-17719__S16-17719,1,0,geometry
543,S2134277__S2134277,1,0,geometry
544,S2406753__S24-06753-_-DEEP_1,0,0,geometry
545,S2511010__S25-11010_0_BP1A2021_052642,1,1,geometry
546,S2227608__S22-27608-_-SERIAL_2,1,1,geometry
547,S2229537__S22-29537-_-SERIAL_1,1,1,geometry
548,S2516970__S25-16970____155248,1,0,geometry
549,S2427695__S2427695_BP1B27_C_14045_3,0,0,geometry
550,S2406754__S24-06754-_-DEEP_2,0,1,geometry
551,S2436457__S2436457_BP1B11_C_15540_2,0,1,geometry
552,S2513846__S25-13846_0_BP1A2021_161650,0,0,geometry
553,S2134277__S2134277,1,0,geometry
554,S2511009__S25-11009_0_BP1A2021_052542,0,0,geometry
555,S2425843__S24-25843-_-BIOPSY,0,1,geometry
556,S2424255__S2424255,0,0,geometry
557,S2247860__S22-47860-_-DEEP_1,1,0,geometry
558,S2227608__S22-27608-_-SERIAL_2,1,1,geometry
559,S2346179__S23-46179-_-BIOPSY,1,0,geometry
560,S2415689__S24-15689-_-BIOPSY,1,0,geometry
561,S2227604__S22-27604-_-BIOPSY,1,1,geometry
562,S2511009__S25-11009_0_BP1A2021_052542,0,0,geometry
563,S2216630__S2216630--DEEP_1,0,0,geometry
564,S20-26719__S20-26719,1,1,geometry
565,S2346179__S23-46179-_-BIOPSY,1,1,geometry
566,S2513846__S25-13846_0_BP1A2021_161650,0,0,geometry
567,S2216630__S2216630--DEEP_1,0,1,geometry
568,S2427695__S2427695_BP1B27_C_14045_3,0,0,geometry
569,S2424255__S2424255,0,0,geometry
570,S2513846__S25-13846_0_BP1A2021_161650,0,0,geometry
571,S2511010__S25-11010_0_BP1A2021_052642,1,1,geometry
572,S2134277__S2134277,1,1,geometry
573,S2513846__S25-13846_0_BP1A2021_131523,0,0,geometry
574,S2531989__S2531989_0_BP1A2021,0,1,geometry
575,S2522994__S2522994_0_BP1A2021,0,0,geometry
576,S2528218__S2528218_0_BP1A2021,0,1,geometry
577,S2513846__S25-13846_0_BP1A2021_161650,0,0,geometry
578,S19-40316__S19-40316,1,1,geometry
579,S2513846__S25-13846_0_BP1A2021_161650,0,1,geometry
580,S2511010__S25-11010_0_BP1A2021_052642,1,0,geometry
581,S2415689__S24-15689-_-BIOPSY,1,0,geometry
582,S2516970__S25-16970____155248,1,1,geometry
583,S2247860__S22-47860-_-DEEP_1,1,0,geometry
584,S2511007__S25-11007_0_BP1A2021_052433,0,0,geometry
585,S2522994__S2522994_0_BP1A2021,0,1,geometry
586,S2530985__S2530985_0_BP1A2021,0,1,geometry
587,S2406754__S24-06754-_-DEEP_2,0,1,geometry
588,S2513846__S25-13846_0_BP1A2021_161650,0,0,geometry
589,S2511010__S25-11010_0_BP1A2021_052642,1,1,geometry
590,S2227604__S22-27604-_-BIOPSY,1,0,geometry
591,S2513846__S25-13846_0_BP1A2021_131523,0,0,geometry
592,S2216630__S2216630--DEEP_1,0,0,geometry
593,S2511010__S25-11010_0_BP1A2021_052642,1,0,geometry
594,S2227608__S22-27608-_-SERIAL_2,1,0,geometry
595,S2436457__S2436457_BP1B11_C_15540_2,0,1,geometry
596,S2530991__S2530991_0_BP1A2021,0,0,geometry
597,S2513848__S25-13848_0_BP1A2021_131436,0,0,geometry
598,S2525436__S2525436_0_BP1A2021,0,1,geometry
599,S2227604__S22-27604-_-BIOPSY,1,0,geometry
600,S2531985__S2531985_0_BP1A2021,0,1,geometry
601,S20-26719__S20-26719,1,0,geometry
602,S2415689__S24-15689-_-BIOPSY,1,0,geometry
603,S16-17719__S16-17719,1,0,geometry
604,S2227608__S22-27608-_-SERIAL_1,1,0,geometry
605,S16-17719__S16-17719,1,0,geometry
606,S2229537__S22-29537-_-SERIAL_1,1,1,geometry
607,S2227608__S22-27608-_-SERIAL_1,1,1,geometry
608,S2227608__S22-27608-_-SERIAL_1,1,1,geometry
609,S19-40316__S19-40316,1,0,geometry
610,S2525436__S2525436_0_BP1A2021,0,0,geometry
611,S2511007__S25-11007_0_BP1A2021_052433,0,0,geometry
612,S2406754__S24-06754-_-DEEP_2,0,1,geometry
613,S2406753__S24-06753-_-SERIAL_2,0,1,geometry
614,S2516970__S25-16970____155248,1,1,geometry
615,S2415689__S24-15689-_-BIOPSY,1,0,geometry
616,S2527323__S2527323_0_BP1A2021,0,1,geometry
617,S2516970__S25-16970____155248,1,1,geometry
618,S2229537__S22-29537-_-SERIAL_1,1,1,geometry
619,S16-17719__S16-17719,1,1,geometry
620,S2513846__S25-13846_0_BP1A2021_161650,0,1,geometry
621,S2406754__S24-06754-_-SERIAL_1,0,1,geometry
622,S2511010__S25-11010_0_BP1A2021_052642,1,0,geometry
623,S2247860__S22-47860-_-DEEP_1,1,1,geometry
624,S2516970__S25-16970____155248,1,1,geometry
625,S2247860__S22-47860-_-DEEP_1,1,0,geometry
626,S2520402__S2520402_0_BP1A2021,0,1,geometry
627,S19-40316__S19-40316,1,0,geometry
628,S2247860__S22-47860-_-DEEP_1,1,0,geometry
629,S2516970__S25-16970____155248,1,1,geometry
630,S2346179__S23-46179-_-BIOPSY,1,0,geometry
631,S2344462__S23-44462-_-BIOPSY,0,0,geometry
632,S2516970__S25-16970____155248,1,1,geometry
633,S2531989__S2531989_0_BP1A2021,0,1,geometry
634,S2529112__S2529112_0_BP1A2021,0,1,geometry
635,S2535840__S2535840_0_BP1A2021,0,0,geometry
636,S19-40316__S19-40316,1,0,geometry
637,S2227604__S22-27604-_-BIOPSY,1,1,geometry
638,S2346179__S23-46179-_-BIOPSY,1,0,geometry
639,S2424255__S2424255,0,1,geometry
640,S2406753__S24-06753-_-DEEP_1,0,0,geometry
641,S2522994__S2522994_0_BP1A2021,0,0,geometry
642,S19-40316__S19-40316,1,1,geometry
643,S2415689__S24-15689-_-BIOPSY,1,1,geometry
644,S2227604__S22-27604-_-BIOPSY,1,1,geometry
645,S2511009__S25-11009_0_BP1A2021_052542,0,1,geometry
646,S2511006__S25-11006_0_BP1A2021_052242,0,0,geometry
647,S2227608__S22-27608-_-SERIAL_2,1,0,geometry
648,S2216630__S2216630--DEEP_1,0,1,geometry
649,S2346179__S23-46179-_-BIOPSY,1,1,geometry
650,S2134277__S2134277,1,1,geometry
651,S2424255__S2424255,0,1,geometry
652,S2530981__S2530981_0_BP1A2021,0,1,geometry
653,S2134277__S2134277,1,0,geometry
654,S2227604__S22-27604-_-BIOPSY,1,0,geometry
655,S2237601__S22-37601-_-,0,1,geometry
656,S2346179__S23-46179-_-BIOPSY,1,1,geometry
657,S16-17719__S16-17719,1,0,geometry
658,S2527323__S2527323_0_BP1A2021,0,0,geometry
659,S2511006__S25-11006_0_BP1A2021_052242,0,0,geometry
660,S2512685__S2512685_0_,0,1,geometry
661,S2247860__S22-47860-_-DEEP_1,1,0,geometry
662,S2134277__S2134277,1,1,geometry
663,S2530049__S2530049_0_BP1A2021,0,0,geometry
664,S2522994__S2522994_0_BP1A2021,0,1,geometry
665,S2530981__S2530981_0_BP1A2021,0,1,geometry
666,S2227608__S22-27608-_-SERIAL_1,1,0,geometry
667,S2237601__S22-37601-_-,0,0,geometry
668,S2406754__S24-06754-_-DEEP_2,0,0,geometry
669,S2512685__S2512685_0_,0,1,geometry
670,S2424258__S2424258,0,0,geometry
671,S2227604__S22-27604-_-BIOPSY,1,0,geometry
672,S2436457__S2436457_BP1B11_C_15540_2,0,0,geometry
673,S2424255__S2424255,0,0,geometry
674,S2247860__S22-47860-_-DEEP_1,1,0,geometry
675,S2227608__S22-27608-_-SERIAL_1,1,1,geometry
676,S2216630__S2216630--DEEP_1,0,1,geometry
677,S2346179__S23-46179-_-BIOPSY,1,0,geometry
678,S2511010__S25-11010_0_BP1A2021_052642,1,0,geometry
679,S2516970__S25-16970____155248,1,0,geometry
680,S20-28924__S20-28924,0,0,geometry
681,S20-26719__S20-26719,1,1,geometry
682,S2344462__S23-44462-_-BIOPSY,0,1,geometry
683,S2511010__S25-11010_0_BP1A2021_052642,1,1,geometry
684,S2134277__S2134277,1,1,geometry
685,S2229537__S22-29537-_-SERIAL_1,1,1,geometry
686,S2425843__S24-25843-_-BIOPSY,0,0,geometry
687,S2529112__S2529112_0_BP1A2021,0,0,geometry
688,S2511009__S25-11009_0_BP1A2021_052542,0,0,geometry
689,S2516971__S25-16971____155423,0,0,geometry
690,S2530991__S2530991_0_BP1A2021,0,1,geometry
691,S2415689__S24-15689-_-BIOPSY,1,0,geometry
692,S2511010__S25-11010_0_BP1A2021_052642,1,1,geometry
693,S2134277__S2134277,1,0,geometry
694,S2229537__S22-29537-_-SERIAL_1,1,0,geometry
695,S2427695__S24-27695-_-BIOPSY,0,0,geometry
696,S2524760__S2524760_0_BP1A2021,0,0,geometry
697,S2511009__S25-11009_0_BP1A2021_052542,0,0,geometry
698,S2525436__S2525436_0_BP1A2021,0,1,geometry
699,S19-40316__S19-40316,1,0,geometry
700,S2520404__S2520404_0_BP1A2021,0,0,geometry
701,S2247860__S22-47860-_-DEEP_1,1,1,geometry
702,S2513846__S25-13846_0_BP1A2021_161650,0,1,geometry
703,S2415689__S24-15689-_-BIOPSY,1,1,geometry
704,S2216630__S2216630--DEEP_1,0,0,geometry
705,S2344462__S23-44462-_-BIOPSY,0,1,geometry
706,S2425843__S24-25843-_-BIOPSY,0,0,geometry
707,S2227608__S22-27608-_-SERIAL_1,1,0,geometry
708,S20-26719__S20-26719,1,0,geometry
709,S2511010__S25-11010_0_BP1A2021_052642,1,1,geometry
710,S2516970__S25-16970____155248,1,0,geometry
711,S2227608__S22-27608-_-SERIAL_1,1,0,geometry
712,S2511009__S25-11009_0_BP1A2021_052542,0,0,geometry
713,S2227604__S22-27604-_-BIOPSY,1,1,geometry
714,S2427695__S24-27695-_-BIOPSY,0,1,geometry
715,S2530991__S2530991_0_BP1A2021,0,1,geometry
716,S16-17719__S16-17719,1,0,geometry
717,S2527323__S2527323_0_BP1A2021,0,1,geometry
718,S2216630__S2216630--DEEP_1,0,0,geometry
719,S2511006__S25-11006_0_BP1A2021_052242,0,1,geometry
720,S2511010__S25-11010_0_BP1A2021_052642,1,1,geometry
721,S2516970__S25-16970____155248,1,0,geometry
722,S2227608__S22-27608-_-SERIAL_2,1,0,geometry
723,S2522994__S2522994_0_BP1A2021,0,1,geometry
724,S2513848__S25-13848_0_BP1A2021_131436,0,0,geometry
725,S2227604__S22-27604-_-BIOPSY,1,0,geometry
726,S2524777__S2524777_0_BP1A2021,0,0,geometry
727,S2406753__S24-06753-_-DEEP_1,0,1,geometry
728,S2227608__S22-27608-_-SERIAL_1,1,0,geometry
729,S2227608__S22-27608-_-SERIAL_2,1,0,geometry
730,S2520404__S2520404_0_BP1A2021,0,1,geometry
731,S2530981__S2530981_0_BP1A2021,0,1,geometry
732,S2531989__S2531989_0_BP1A2021,0,0,geometry
733,S2513848__S25-13848_0_BP1A2021_131436,0,1,geometry
734,S2520404__S2520404_0_BP1A2021,0,0,geometry
735,S2530049__S2530049_0_BP1A2021,0,0,geometry
736,S2406753__S24-06753-_-DEEP_1,0,0,geometry
737,S19-40316__S19-40316,1,0,geometry
738,S2406753__S24-06753-_-DEEP_1,0,0,geometry
739,S2524760__S2524760_0_BP1A2021,0,0,geometry
740,S2134277__S2134277,1,0,geometry
741,S2511010__S25-11010_0_BP1A2021_052642,1,1,geometry
742,S2229537__S22-29537-_-SERIAL_1,1,0,geometry
743,S2346179__S23-46179-_-BIOPSY,1,1,geometry
744,S2436457__S2436457_BP1B11_C_15540_2,0,1,geometry
745,S2436457__S2436457_BP1B11_C_15540_2,0,1,geometry
746,S2427695__S24-27695-_-BIOPSY,0,1,geometry
747,S2424259__S2424259,0,1,geometry
748,S2346179__S23-46179-_-BIOPSY,1,0,geometry
749,S2531985__S2531985_0_BP1A2021,0,0,geometry
750,S2227608__S22-27608-_-SERIAL_1,1,1,geometry
751,S2227604__S22-27604-_-BIOPSY,1,1,geometry
752,S2531989__S2531989_0_BP1A2021,0,1,geometry
753,S2415689__S24-15689-_-BIOPSY,1,0,geometry
754,S2530985__S2530985_0_BP1A2021,0,1,geometry
755,S2227604__S22-27604-_-BIOPSY,1,1,geometry
756,S2530981__S2530981_0_BP1A2021,0,1,geometry
757,S2346179__S23-46179-_-BIOPSY,1,1,geometry
758,S2522994__S2522994_0_BP1A2021,0,1,geometry
759,S2346179__S23-46179-_-BIOPSY,1,1,geometry
760,S2344462__S23-44462-_-BIOPSY,0,0,geometry
761,S2516970__S25-16970____155248,1,0,geometry
762,S2227608__S22-27608-_-SERIAL_2,1,1,geometry
763,S2406754__S24-06754-_-DEEP_2,0,0,geometry
764,S2134277__S2134277,1,0,geometry
765,S20-26719__S20-26719,1,0,geometry
766,S2526362__S2526362_0_BP1A2021,0,0,geometry
767,S2530991__S2530991_0_BP1A2021,0,1,geometry
768,S2522994__S2522994_0_BP1A2021,0,1,geometry
769,S16-17719__S16-17719,1,1,geometry
770,S2424255__S2424255,0,0,geometry
771,S2436457__S2436457_BP1B11_C_15540_2,0,0,geometry
772,S2247860__S22-47860-_-DEEP_1,1,0,geometry
773,S2511010__S25-11010_0_BP1A2021_052642,1,0,geometry
774,S2425843__S24-25843-_-BIOPSY,0,0,geometry
775,S2516970__S25-16970____155248,1,1,geometry
776,S2520404__S2520404_0_BP1A2021,0,1,geometry
777,S2415689__S24-15689-_-BIOPSY,1,1,geometry
778,S2516970__S25-16970____155248,1,0,geometry
779,S2511010__S25-11010_0_BP1A2021_052642,1,0,geometry
780,S2227608__S22-27608-_-SERIAL_2,1,1,geometry
781,S2406754__S24-06754-_-SERIAL_1,0,1,geometry
782,S2516970__S25-16970____155248,1,0,geometry
783,S2511010__S25-11010_0_BP1A2021_052642,1,1,geometry
784,S2415689__S24-15689-_-BIOPSY,1,0,geometry
785,S2511009__S25-11009_0_BP1A2021_052542,0,0,geometry
786,S19-40316__S19-40316,1,0,geometry
787,S2521239__S2521239_0_BP1A2021,0,1,geometry
788,S2409392__S2409392,0,1,geometry
789,S2406753__S24-06753-_-DEEP_1,0,1,geometry
790,S19-40316__S19-40316,1,1,geometry
791,S20-26719__S20-26719,1,1,geometry
792,S2415689__S24-15689-_-BIOPSY,1,0,geometry
793,S2511010__S25-11010_0_BP1A2021_052642,1,0,geometry
794,S2346179__S23-46179-_-BIOPSY,1,1,geometry
795,S2530985__S2530985_0_BP1A2021,0,0,geometry
796,S2516970__S25-16970____155248,1,0,geometry
797,S2424258__S2424258,0,0,geometry
798,S16-17719__S16-17719,1,0,geometry
799,S2524777__S2524777_0_BP1A2021,0,0,geometry
800,S16-17719__S16-17719,1,1,geometry
801,S2415689__S24-15689-_-BIOPSY,1,1,geometry
802,S2511010__S25-11010_0_BP1A2021_052642,1,1,geometry
803,S2427695__S24-27695-_-BIOPSY,0,1,geometry
804,S16-17719__S16-17719,1,1,geometry
805,S2346179__S23-46179-_-BIOPSY,1,1,geometry
806,S2406754__S24-06754-_-SERIAL_1,0,1,geometry
807,S20-26719__S20-26719,1,0,geometry
808,S2134277__S2134277,1,0,geometry
809,S2229537__S22-29537-_-SERIAL_1,1,1,geometry
810,S2227604__S22-27604-_-BIOPSY,1,0,geometry
811,S2425843__S24-25843-_-BIOPSY,0,0,geometry
812,S2513848__S25-13848_0_BP1A2021_131436,0,0,geometry
813,S2134277__S2134277,1,0,geometry
814,S2530985__S2530985_0_BP1A2021,0,0,geometry
815,S2527323__S2527323_0_BP1A2021,0,1,geometry
816,S2247860__S22-47860-_-DEEP_1,1,0,geometry
817,S2531985__S2531985_0_BP1A2021,0,0,geometry
818,S2522994__S2522994_0_BP1A2021,0,0,geometry
819,S2522994__S2522994_0_BP1A2021,0,0,geometry
820,S2227608__S22-27608-_-SERIAL_2,1,1,geometry
821,S2227608__S22-27608-_-SERIAL_1,1,1,geometry
822,S2535840__S2535840_0_BP1A2021,0,1,geometry
823,S2409392__S2409392,0,1,geometry
824,S2513846__S25-13846_0_BP1A2021_161650,0,1,geometry
825,S19-40316__S19-40316,1,1,geometry
826,S2511010__S25-11010_0_BP1A2021_052642,1,1,geometry
827,S2227604__S22-27604-_-BIOPSY,1,0,geometry
828,S2516971__S25-16971____155423,0,1,geometry
829,S2229537__S22-29537-_-SERIAL_1,1,1,geometry
830,S2227608__S22-27608-_-SERIAL_1,1,1,geometry
831,S2424259__S2424259,0,0,geometry
832,S2227608__S22-27608-_-SERIAL_2,1,0,geometry
833,S2247860__S22-47860-_-DEEP_1,1,0,geometry
834,S2229537__S22-29537-_-SERIAL_1,1,1,geometry
835,S2227608__S22-27608-_-SERIAL_2,1,0,geometry
836,S2520404__S2520404_0_BP1A2021,0,1,geometry
837,S20-26719__S20-26719,1,1,geometry
838,S2530049__S2530049_0_BP1A2021,0,1,geometry
839,S19-40316__S19-40316,1,0,geometry
840,S2511010__S25-11010_0_BP1A2021_052642,1,0,geometry
841,S2531989__S2531989_0_BP1A2021,0,0,geometry
842,S2134277__S2134277,1,0,geometry
843,S2406753__S24-06753-_-DEEP_1,0,1,geometry
844,S2535840__S2535840_0_BP1A2021,0,0,geometry
845,S20-26719__S20-26719,1,0,geometry
846,S2229537__S22-29537-_-SERIAL_1,1,0,geometry
847,S2409392__S2409392,0,1,geometry
848,S2227608__S22-27608-_-SERIAL_2,1,1,geometry
849,S2134277__S2134277,1,0,geometry
850,S2530049__S2530049_0_BP1A2021,0,1,geometry
851,S2227604__S22-27604-_-BIOPSY,1,0,geometry
852,S2227608__S22-27608-_-SERIAL_1,1,0,geometry
853,S2406753__S24-06753-_-DEEP_1,0,0,geometry
854,S2216630__S2216630--DEEP_1,0,0,geometry
855,S2516970__S25-16970____155248,1,0,geometry
856,S2516971__S25-16971____155423,0,0,geometry
857,S20-28924__S20-28924,0,0,geometry
858,S2406753__S24-06753-_-DEEP_1,0,1,geometry
859,S2346179__S23-46179-_-BIOPSY,1,0,geometry
860,S2535840__S2535840_0_BP1A2021,0,1,geometry
861,S2516970__S25-16970____155248,1,0,geometry
862,S2227604__S22-27604-_-BIOPSY,1,0,geometry
863,S2530985__S2530985_0_BP1A2021,0,1,geometry
864,S2427695__S2427695_BP1B27_C_14045_3,0,1,geometry
865,S2531989__S2531989_0_BP1A2021,0,0,geometry
866,S2227604__S22-27604-_-BIOPSY,1,1,geometry
867,S2134277__S2134277,1,1,geometry
868,S2227604__S22-27604-_-BIOPSY,1,0,geometry
869,S2227608__S22-27608-_-SERIAL_2,1,1,geometry
870,S2247860__S22-47860-_-DEEP_1,1,0,geometry
871,S16-17719__S16-17719,1,1,geometry
872,S2521239__S2521239_0_BP1A2021,0,1,geometry
873,S2530049__S2530049_0_BP1A2021,0,0,geometry
874,S2511010__S25-11010_0_BP1A2021_052642,1,1,geometry
875,S2535840__S2535840_0_BP1A2021,0,1,geometry
876,S2415689__S24-15689-_-BIOPSY,1,0,geometry
877,S2406753__S24-06753-_-SERIAL_2,0,0,geometry
878,S2415689__S24-15689-_-BIOPSY,1,0,geometry
879,S2511010__S25-11010_0_BP1A2021_052642,1,1,geometry
880,S16-17719__S16-17719,1,1,geometry
881,S2406753__S24-06753-_-DEEP_1,0,0,geometry
882,S19-40316__S19-40316,1,1,geometry
883,S2524760__S2524760_0_BP1A2021,0,0,geometry
884,S2521239__S2521239_0_BP1A2021,0,0,geometry
885,S2346179__S23-46179-_-BIOPSY,1,0,geometry
886,S2227608__S22-27608-_-SERIAL_1,1,1,geometry
887,S2530981__S2530981_0_BP1A2021,0,0,geometry
888,S2406754__S24-06754-_-SERIAL_1,0,0,geometry
889,S2516970__S25-16970____155248,1,0,geometry
890,S2346179__S23-46179-_-BIOPSY,1,1,geometry
891,S2513846__S25-13846_0_BP1A2021_131523,0,1,geometry
892,S2516971__S25-16971____140945,0,1,geometry
893,S2530049__S2530049_0_BP1A2021,0,0,geometry
894,S2512685__S2512685_0_,0,0,geometry
895,S2526362__S2526362_0_BP1A2021,0,1,geometry
896,S2516970__S25-16970____155248,1,1,geometry
897,S2520404__S2520404_0_BP1A2021,0,1,geometry
898,S2415689__S24-15689-_-BIOPSY,1,1,geometry
899,S2415689__S24-15689-_-BIOPSY,1,0,geometry
900,S2513846__S25-13846_0_BP1A2021_131523,0,1,geometry
901,S16-17719__S16-17719,1,1,geometry
902,S2530049__S2530049_0_BP1A2021,0,1,geometry
903,S2513848__S25-13848_0_BP1A2021_131436,0,1,geometry
904,S16-17719__S16-17719,1,0,geometry
905,S2134277__S2134277,1,0,geometry
906,S2524777__S2524777_0_BP1A2021,0,0,geometry
907,S2227608__S22-27608-_-SERIAL_2,1,1,geometry
908,S2134277__S2134277,1,0,geometry
909,S2511010__S25-11010_0_BP1A2021_052642,1,1,geometry
910,S2513848__S25-13848_0_BP1A2021_131436,0,1,geometry
911,S2511010__S25-11010_0_BP1A2021_052642,1,0,geometry
912,S2531985__S2531985_0_BP1A2021,0,1,geometry
913,S2406754__S24-06754-_-DEEP_2,0,1,geometry
914,S2511006__S25-11006_0_BP1A2021_052242,0,0,geometry
915,S2513846__S25-13846_0_BP1A2021_161650,0,0,geometry
916,S2436457__S2436457_BP1B11_C_15540_2,0,0,geometry
917,S2530981__S2530981_0_BP1A2021,0,0,geometry
918,S2227608__S22-27608-_-SERIAL_1,1,0,geometry
919,S2436457__S2436457_BP1B11_C_15540_2,0,0,geometry
920,S2227608__S22-27608-_-SERIAL_1,1,1,geometry
921,S2522994__S2522994_0_BP1A2021,0,1,geometry
922,S2527323__S2527323_0_BP1A2021,0,0,geometry
923,S19-40316__S19-40316,1,0,geometry
924,S2227604__S22-27604-_-BIOPSY,1,1,geometry
925,S2427695__S2427695_BP1B27_C_14045_3,0,1,geometry
926,S16-17719__S16-17719,1,1,geometry
927,S2511010__S25-11010_0_BP1A2021_052642,1,0,geometry
928,S2406753__S24-06753-_-DEEP_1,0,1,geometry
929,S2227608__S22-27608-_-SERIAL_1,1,1,geometry
930,S2346179__S23-46179-_-BIOPSY,1,1,geometry
931,S19-40316__S19-40316,1,1,geometry
932,S20-28924__S20-28924,0,0,geometry
933,S2521239__S2521239_0_BP1A2021,0,1,geometry
934,S20-26719__S20-26719,1,1,geometry
935,S16-17719__S16-17719,1,0,geometry
936,S2424255__S2424255,0,0,geometry
937,S2346179__S23-46179-_-BIOPSY,1,1,geometry
938,S2527323__S2527323_0_BP1A2021,0,0,geometry
939,S2513848__S25-13848_0_BP1A2021_131436,0,0,geometry
940,S20-26719__S20-26719,1,0,geometry
941,S2344462__S23-44462-_-BIOPSY,0,1,geometry
942,S20-26719__S20-26719,1,0,geometry
943,S20-26719__S20-26719,1,0,geometry
944,S2529112__S2529112_0_BP1A2021,0,0,geometry
945,S2424259__S2424259,0,0,geometry
946,S2227604__S22-27604-_-BIOPSY,1,0,geometry
947,S2511009__S25-11009_0_BP1A2021_052542,0,1,geometry
948,S2227608__S22-27608-_-SERIAL_2,1,0,geometry
949,S2521239__S2521239_0_BP1A2021,0,0,geometry
950,S2227608__S22-27608-_-SERIAL_2,1,1,geometry
951,S2511007__S25-11007_0_BP1A2021_052433,0,1,geometry
952,S2530049__S2530049_0_BP1A2021,0,1,geometry
953,S2346179__S23-46179-_-BIOPSY,1,1,geometry
954,S2427695__S2427695_BP1B27_C_14045_3,0,1,geometry
955,S2531989__S2531989_0_BP1A2021,0,1,geometry
956,S2415689__S24-15689-_-BIOPSY,1,0,geometry
957,S2134277__S2134277,1,0,geometry
958,S20-26719__S20-26719,1,1,geometry
959,S2227604__S22-27604-_-BIOPSY,1,1,geometry
960,S2530991__S2530991_0_BP1A2021,0,1,geometry
961,S2511010__S25-11010_0_BP1A2021_052642,1,1,geometry
962,S2415689__S24-15689-_-BIOPSY,1,1,geometry
963,S19-40316__S19-40316,1,1,geometry
964,S2511010__S25-11010_0_BP1A2021_052642,1,0,geometry
965,S2415689__S24-15689-_-BIOPSY,1,0,geometry
966,S2511010__S25-11010_0_BP1A2021_052642,1,1,geometry
967,S2424258__S2424258,0,1,geometry
968,S2424255__S2424255,0,1,geometry
969,S2227608__S22-27608-_-SERIAL_2,1,1,geometry
970,S2424258__S2424258,0,1,geometry
971,S2401283__S24-01283-_-BIOPSY,0,0,geometry
972,S2346179__S23-46179-_-BIOPSY,1,1,geometry
973,S2529112__S2529112_0_BP1A2021,0,0,geometry
974,S16-17719__S16-17719,1,1,geometry
975,S2415689__S24-15689-_-BIOPSY,1,1,geometry
976,S2409392__S2409392,0,0,geometry
977,S2229537__S22-29537-_-SERIAL_1,1,1,geometry
978,S2513848__S25-13848_0_BP1A2021_131436,0,1,geometry
979,S2424258__S2424258,0,1,geometry
980,S20-28924__S20-28924,0,0,geometry
981,S2401283__S24-01283-_-BIOPSY,0,1,geometry
982,S2513848__S25-13848_0_BP1A2021_131436,0,1,geometry
983,S2535840__S2535840_0_BP1A2021,0,1,geometry
984,S19-40316__S19-40316,1,0,geometry
985,S2512685__S2512685_0_,0,1,geometry
986,S2527323__S2527323_0_BP1A2021,0,0,geometry
987,S2530991__S2530991_0_BP1A2021,0,0,geometry
988,S2516971__S25-16971____155423,0,1,geometry
989,S2227608__S22-27608-_-SERIAL_2,1,1,geometry
990,S2531989__S2531989_0_BP1A2021,0,1,geometry
991,S16-17719__S16-17719,1,1,geometry
992,S2227608__S22-27608-_-SERIAL_1,1,1,geometry
993,S19-40316__S19-40316,1,0,geometry
994,S19-40316__S19-40316,1,0,geometry
995,S2530991__S2530991_0_BP1A2021,0,0,geometry
996,S16-17719__S16-17719,1,1,geometry
997,S19-40316__S19-40316,1,0,geometry
998,S16-17719__S16-17719,1,0,geometry
999,S2247860__S22-47860-_-DEEP_1,1,1,geometry
1000,S2526362__S2526362_0_BP1A2021,0,1,geometry
1001,S2346179__S23-46179-_-BIOPSY,1,0,geometry
1002,S2530981__S2530981_0_BP1A2021,0,1,geometry
1003,S2406753__S24-06753-_-DEEP_1,0,1,geometry
1004,S20-26719__S20-26719,1,0,geometry
1005,S2530049__S2530049_0_BP1A2021,0,1,geometry
1006,S16-17719__S16-17719,1,0,geometry
1007,S2436457__S2436457_BP1B11_C_15540_2,0,1,geometry
1008,S2520402__S2520402_0_BP1A2021,0,0,geometry
1009,S2436457__S2436457_BP1B11_C_15540_2,0,1,geometry
1010,S2522994__S2522994_0_BP1A2021,0,0,geometry
1011,S2513848__S25-13848_0_BP1A2021_131436,0,0,geometry
1012,S2227608__S22-27608-_-SERIAL_1,1,0,geometry
1013,S2415689__S24-15689-_-BIOPSY,1,1,geometry
1014,S16-17719__S16-17719,1,1,geometry
1015,S2524777__S2524777_0_BP1A2021,0,1,geometry
1016,S2237601__S22-37601-_-,0,0,geometry
1017,S2229537__S22-29537-_-SERIAL_1,1,0,geometry
1018,S2513846__S25-13846_0_BP1A2021_131523,0,1,geometry
1019,S2525436__S2525436_0_BP1A2021,0,0,geometry
1020,S2247860__S22-47860-_-DEEP_1,1,0,geometry
1021,S2529112__S2529112_0_BP1A2021,0,0,geometry
1022,S2525436__S2525436_0_BP1A2021,0,1,geometry
1023,S2401283__S24-01283-_-BIOPSY,0,1,geometry
1024,S16-17719__S16-17719,1,0,geometry
1025,S2216630__S2216630--DEEP_1,0,0,geometry
1026,S2346179__S23-46179-_-BIOPSY,1,1,geometry
1027,S2406753__S24-06753-_-SERIAL_2,0,1,geometry
1028,S19-40316__S19-40316,1,0,geometry
1029,S2513848__S25-13848_0_BP1A2021_131436,0,1,geometry
1030,S2513848__S25-13848_0_BP1A2021_131436,0,1,geometry
1031,S2227608__S22-27608-_-SERIAL_1,1,1,geometry
1032,S2401283__S24-01283-_-BIOPSY,0,1,geometry
1033,S2406754__S24-06754-_-SERIAL_1,0,0,geometry
1034,S2134277__S2134277,1,1,geometry
1035,S2406753__S24-06753-_-SERIAL_2,0,0,geometry
1036,S2516970__S25-16970____155248,1,1,geometry
1037,S2424258__S2424258,0,1,geometry
1038,S2216630__S2216630--DEEP_1,0,1,geometry
1039,S2524760__S2524760_0_BP1A2021,0,1,geometry
1040,S2516971__S25-16971____140945,0,1,geometry
1041,S2521239__S2521239_0_BP1A2021,0,1,geometry
1042,S2409392__S2409392,0,1,geometry
1043,S2530981__S2530981_0_BP1A2021,0,1,geometry
1044,S2516970__S25-16970____155248,1,1,geometry
1045,S2511010__S25-11010_0_BP1A2021_052642,1,0,geometry
1046,S2530049__S2530049_0_BP1A2021,0,0,geometry
1047,S16-17719__S16-17719,1,0,geometry
1048,S2229537__S22-29537-_-SERIAL_1,1,0,geometry
1049,S2247860__S22-47860-_-DEEP_1,1,1,geometry
1050,S2229537__S22-29537-_-SERIAL_1,1,1,geometry
1051,S2520402__S2520402_0_BP1A2021,0,1,geometry
1052,S2516971__S25-16971____155423,0,0,geometry
1053,S2247860__S22-47860-_-DEEP_1,1,0,geometry
1054,S2406754__S24-06754-_-SERIAL_1,0,0,geometry
1055,S2516970__S25-16970____155248,1,0,geometry
1056,S2427695__S24-27695-_-BIOPSY,0,1,geometry
1057,S2415689__S24-15689-_-BIOPSY,1,0,geometry
1058,S2424258__S2424258,0,1,geometry
1059,S16-17719__S16-17719,1,1,geometry
1060,S2511010__S25-11010_0_BP1A2021_052642,1,0,geometry
1061,S16-17719__S16-17719,1,1,geometry
1062,S2134277__S2134277,1,0,geometry
1063,S19-40316__S19-40316,1,0,geometry
1064,S2134277__S2134277,1,0,geometry
1065,S2401283__S24-01283-_-BIOPSY,0,0,geometry
1066,S2512685__S2512685_0_,0,1,geometry
1067,S19-40316__S19-40316,1,1,geometry
1068,S2525436__S2525436_0_BP1A2021,0,1,geometry
1069,S2229537__S22-29537-_-SERIAL_1,1,1,geometry
1070,S19-40316__S19-40316,1,0,geometry
1071,S2522994__S2522994_0_BP1A2021,0,1,geometry
1072,S2247860__S22-47860-_-DEEP_1,1,0,geometry
1073,S2511010__S25-11010_0_BP1A2021_052642,1,0,geometry
1074,S2528218__S2528218_0_BP1A2021,0,1,geometry
1075,S2530985__S2530985_0_BP1A2021,0,1,geometry
1076,S2406753__S24-06753-_-SERIAL_2,0,1,geometry
1077,S2424258__S2424258,0,1,geometry
1078,S2406754__S24-06754-_-DEEP_2,0,0,geometry
1079,S2513848__S25-13848_0_BP1A2021_131436,0,1,geometry
1080,S2531985__S2531985_0_BP1A2021,0,0,geometry
1081,S2229537__S22-29537-_-SERIAL_1,1,0,geometry
1082,S2530981__S2530981_0_BP1A2021,0,0,geometry
1083,S2227608__S22-27608-_-SERIAL_2,1,1,geometry
1084,S2227608__S22-27608-_-SERIAL_2,1,1,geometry
1085,S2424258__S2424258,0,1,geometry
1086,S2415689__S24-15689-_-BIOPSY,1,0,geometry
1087,S2530981__S2530981_0_BP1A2021,0,1,geometry
1088,S2415689__S24-15689-_-BIOPSY,1,0,geometry
1089,S2521239__S2521239_0_BP1A2021,0,1,geometry
1090,S2415689__S24-15689-_-BIOPSY,1,0,geometry
1091,S2227608__S22-27608-_-SERIAL_1,1,1,geometry
1092,S2427695__S24-27695-_-BIOPSY,0,1,geometry
1093,S2237601__S22-37601-_-,0,1,geometry
1094,S2427695__S24-27695-_-BIOPSY,0,0,geometry
1095,S2134277__S2134277,1,0,geometry
1096,S2516971__S25-16971____155423,0,0,geometry
1097,S2229537__S22-29537-_-SERIAL_1,1,0,geometry
1098,S2247860__S22-47860-_-DEEP_1,1,1,geometry
1099,S2229537__S22-29537-_-SERIAL_1,1,1,geometry
1100,S16-17719__S16-17719,1,0,geometry
1101,S2216630__S2216630--DEEP_1,0,0,geometry
1102,S2526362__S2526362_0_BP1A2021,0,0,geometry
1103,S2511007__S25-11007_0_BP1A2021_052433,0,1,geometry
1104,S2513846__S25-13846_0_BP1A2021_131523,0,0,geometry
1105,S2227608__S22-27608-_-SERIAL_2,1,0,geometry
1106,S2513846__S25-13846_0_BP1A2021_131523,0,0,geometry
1107,S2227608__S22-27608-_-SERIAL_2,1,1,geometry
1108,S16-17719__S16-17719,1,1,geometry
1109,S2529112__S2529112_0_BP1A2021,0,0,geometry
1110,S2528218__S2528218_0_BP1A2021,0,1,geometry
1111,S2531989__S2531989_0_BP1A2021,0,0,geometry
1112,S2216630__S2216630--DEEP_1,0,1,geometry
1113,S2511010__S25-11010_0_BP1A2021_052642,1,1,geometry
1114,S19-40316__S19-40316,1,1,geometry
1115,S2247860__S22-47860-_-DEEP_1,1,1,geometry
1116,S2237601__S22-37601-_-,0,0,geometry
1117,S2436457__S2436457_BP1B11_C_15540_2,0,0,geometry
1118,S2516971__S25-16971____155423,0,0,geometry
1119,S2229537__S22-29537-_-SERIAL_1,1,0,geometry
1120,S2531989__S2531989_0_BP1A2021,0,0,geometry
1121,S2511010__S25-11010_0_BP1A2021_052642,1,1,geometry
1122,S2346179__S23-46179-_-BIOPSY,1,0,geometry
1123,S2401283__S24-01283-_-BIOPSY,0,0,geometry
1124,S20-26719__S20-26719,1,0,geometry
1125,S2401283__S24-01283-_-BIOPSY,0,0,geometry
1126,S2134277__S2134277,1,0,geometry
1127,S2511007__S25-11007_0_BP1A2021_052433,0,0,geometry
1128,S2134277__S2134277,1,0,geometry
1129,S2526362__S2526362_0_BP1A2021,0,1,geometry
1130,S2247860__S22-47860-_-DEEP_1,1,1,geometry
1131,S2529112__S2529112_0_BP1A2021,0,0,geometry
1132,S2516971__S25-16971____140945,0,1,geometry
1133,S2424259__S2424259,0,0,geometry
1134,S2401283__S24-01283-_-BIOPSY,0,0,geometry
1135,S2427695__S24-27695-_-BIOPSY,0,0,geometry
1136,S2512685__S2512685_0_,0,0,geometry
1137,S2247860__S22-47860-_-DEEP_1,1,1,geometry
1138,S2227608__S22-27608-_-SERIAL_2,1,1,geometry
1139,S2406754__S24-06754-_-DEEP_2,0,1,geometry
1140,S2227608__S22-27608-_-SERIAL_2,1,0,geometry
1141,S20-26719__S20-26719,1,1,geometry
1142,S2406753__S24-06753-_-SERIAL_2,0,1,geometry
1143,S2227604__S22-27604-_-BIOPSY,1,0,geometry
1144,S2346179__S23-46179-_-BIOPSY,1,1,geometry
1145,S2511010__S25-11010_0_BP1A2021_052642,1,0,geometry
1146,S2511007__S25-11007_0_BP1A2021_052433,0,0,geometry
1147,S2247860__S22-47860-_-DEEP_1,1,1,geometry
1148,S2247860__S22-47860-_-DEEP_1,1,0,geometry
1149,S16-17719__S16-17719,1,1,geometry
1150,S19-40316__S19-40316,1,1,geometry
1151,S2229537__S22-29537-_-SERIAL_1,1,0,geometry
1152,S2229537__S22-29537-_-SERIAL_1,1,1,geometry
1153,S2513846__S25-13846_0_BP1A2021_161650,0,1,geometry
1154,S2525436__S2525436_0_BP1A2021,0,0,geometry
1155,S2346179__S23-46179-_-BIOPSY,1,0,geometry
1156,S2520404__S2520404_0_BP1A2021,0,1,geometry
1157,S2134277__S2134277,1,0,geometry
1158,S2425843__S24-25843-_-BIOPSY,0,1,geometry
1159,S2427695__S2427695_BP1B27_C_14045_3,0,1,geometry
1160,S2530981__S2530981_0_BP1A2021,0,1,geometry
1161,S2531985__S2531985_0_BP1A2021,0,1,geometry
1162,S2229537__S22-29537-_-SERIAL_1,1,1,geometry
1163,S2415689__S24-15689-_-BIOPSY,1,1,geometry
1164,S2134277__S2134277,1,0,geometry
1165,S2406754__S24-06754-_-DEEP_2,0,1,geometry
1166,S2516971__S25-16971____155423,0,1,geometry
1167,S2524777__S2524777_0_BP1A2021,0,0,geometry
1168,S2227604__S22-27604-_-BIOPSY,1,1,geometry
1169,S2134277__S2134277,1,1,geometry
1170,S2424258__S2424258,0,0,geometry
1171,S2521239__S2521239_0_BP1A2021,0,0,geometry
1172,S2529112__S2529112_0_BP1A2021,0,1,geometry
1173,S2522994__S2522994_0_BP1A2021,0,0,geometry
1174,S2227604__S22-27604-_-BIOPSY,1,1,geometry
1175,S2229537__S22-29537-_-SERIAL_1,1,1,geometry
1176,S2415689__S24-15689-_-BIOPSY,1,0,geometry
1177,S2227608__S22-27608-_-SERIAL_1,1,0,geometry
1178,S2227608__S22-27608-_-SERIAL_1,1,0,geometry
1179,S2530991__S2530991_0_BP1A2021,0,0,geometry
1180,S2524760__S2524760_0_BP1A2021,0,0,geometry
1181,S2227608__S22-27608-_-SERIAL_2,1,1,geometry
1182,S2427695__S2427695_BP1B27_C_14045_3,0,0,geometry
1183,S2535840__S2535840_0_BP1A2021,0,0,geometry
1184,S2344462__S23-44462-_-BIOPSY,0,1,geometry
1185,S2513848__S25-13848_0_BP1A2021_131436,0,0,geometry
1186,S2247860__S22-47860-_-DEEP_1,1,1,geometry
1187,S2530985__S2530985_0_BP1A2021,0,0,geometry
1188,S2513846__S25-13846_0_BP1A2021_131523,0,1,geometry
1189,S2531985__S2531985_0_BP1A2021,0,0,geometry
1190,S2401283__S24-01283-_-BIOPSY,0,1,geometry
1191,S2427695__S2427695_BP1B27_C_14045_3,0,0,geometry
1192,S2521239__S2521239_0_BP1A2021,0,0,geometry
1193,S2227608__S22-27608-_-SERIAL_1,1,1,geometry
1194,S2530049__S2530049_0_BP1A2021,0,0,geometry
1195,S2415689__S24-15689-_-BIOPSY,1,0,geometry
1196,S2525436__S2525436_0_BP1A2021,0,1,geometry
1197,S2227608__S22-27608-_-SERIAL_1,1,0,geometry
1198,S2512685__S2512685_0_,0,0,geometry
1199,S2513846__S25-13846_0_BP1A2021_161650,0,0,geometry
1200,S2513846__S25-13846_0_BP1A2021_161650,0,0,geometry
1201,S2524777__S2524777_0_BP1A2021,0,0,geometry
1202,S2427695__S2427695_BP1B27_C_14045_3,0,0,geometry
1203,S2511010__S25-11010_0_BP1A2021_052642,1,1,geometry
1204,S2522994__S2522994_0_BP1A2021,0,1,geometry
1205,S16-17719__S16-17719,1,1,geometry
1206,S2521239__S2521239_0_BP1A2021,0,0,geometry
1207,S2134277__S2134277,1,1,geometry
1208,S2415689__S24-15689-_-BIOPSY,1,0,geometry
1209,S2227604__S22-27604-_-BIOPSY,1,1,geometry
1210,S19-40316__S19-40316,1,0,geometry
1211,S2531985__S2531985_0_BP1A2021,0,1,geometry
1212,S20-26719__S20-26719,1,0,geometry
1213,S2531989__S2531989_0_BP1A2021,0,1,geometry
1214,S2134277__S2134277,1,0,geometry
1215,S20-28924__S20-28924,0,0,geometry
1216,S2346179__S23-46179-_-BIOPSY,1,1,geometry
1217,S2524760__S2524760_0_BP1A2021,0,1,geometry
1218,S2415689__S24-15689-_-BIOPSY,1,1,geometry
1219,S2526362__S2526362_0_BP1A2021,0,0,geometry
1220,S20-26719__S20-26719,1,0,geometry
1221,S2424259__S2424259,0,1,geometry
1222,S2247860__S22-47860-_-DEEP_1,1,1,geometry
1223,S2406753__S24-06753-_-DEEP_1,0,0,geometry
1224,S2521239__S2521239_0_BP1A2021,0,0,geometry
1225,S2237601__S22-37601-_-,0,0,geometry
1226,S2526362__S2526362_0_BP1A2021,0,0,geometry
1227,S2346179__S23-46179-_-BIOPSY,1,1,geometry
1228,S2346179__S23-46179-_-BIOPSY,1,1,geometry
1229,S2237601__S22-37601-_-,0,1,geometry
1230,S2229537__S22-29537-_-SERIAL_1,1,1,geometry
1231,S2425843__S24-25843-_-BIOPSY,0,0,geometry
1232,S2535840__S2535840_0_BP1A2021,0,1,geometry
1233,S2415689__S24-15689-_-BIOPSY,1,0,geometry
1234,S2516970__S25-16970____155248,1,1,geometry
1235,S2227608__S22-27608-_-SERIAL_1,1,1,geometry
1236,S19-40316__S19-40316,1,0,geometry
1237,S16-17719__S16-17719,1,0,geometry
1238,S2344462__S23-44462-_-BIOPSY,0,1,geometry
1239,S2415689__S24-15689-_-BIOPSY,1,0,geometry
1240,S2524777__S2524777_0_BP1A2021,0,0,geometry
1241,S16-17719__S16-17719,1,0,geometry
1242,S20-26719__S20-26719,1,0,geometry
1243,S2522994__S2522994_0_BP1A2021,0,0,geometry
1244,S2227608__S22-27608-_-SERIAL_2,1,0,geometry
1245,S2520404__S2520404_0_BP1A2021,0,0,geometry
1246,S2516971__S25-16971____155423,0,1,geometry
1247,S2513846__S25-13846_0_BP1A2021_131523,0,1,geometry
1248,S2227608__S22-27608-_-SERIAL_1,1,1,geometry
1249,S2227608__S22-27608-_-SERIAL_1,1,1,geometry
1250,S2424259__S2424259,0,1,geometry
1251,S2134277__S2134277,1,0,geometry
1252,S2427695__S24-27695-_-BIOPSY,0,0,geometry
1253,S2227608__S22-27608-_-SERIAL_1,1,1,geometry
1254,S2427695__S2427695_BP1B27_C_14045_3,0,1,geometry
1255,S2524777__S2524777_0_BP1A2021,0,0,geometry
1256,S2535840__S2535840_0_BP1A2021,0,0,geometry
1257,S2516971__S25-16971____140945,0,1,geometry
1258,S2401283__S24-01283-_-BIOPSY,0,1,geometry
1259,S20-26719__S20-26719,1,0,geometry
1260,S2436457__S2436457_BP1B11_C_15540_2,0,0,geometry
1261,S2531985__S2531985_0_BP1A2021,0,1,geometry
1262,S2524777__S2524777_0_BP1A2021,0,0,geometry
1263,S2227608__S22-27608-_-SERIAL_1,1,0,geometry
1264,S2511006__S25-11006_0_BP1A2021_052242,0,0,geometry
1265,S2415689__S24-15689-_-BIOPSY,1,1,geometry
1266,S2134277__S2134277,1,0,geometry
1267,S2527323__S2527323_0_BP1A2021,0,0,geometry
1268,S2227608__S22-27608-_-SERIAL_1,1,1,geometry
1269,S2229537__S22-29537-_-SERIAL_1,1,0,geometry
1270,S2346179__S23-46179-_-BIOPSY,1,1,geometry
1271,S2521239__S2521239_0_BP1A2021,0,0,geometry
1272,S2406754__S24-06754-_-SERIAL_1,0,0,geometry
1273,S2346179__S23-46179-_-BIOPSY,1,1,geometry
1274,S2344462__S23-44462-_-BIOPSY,0,1,geometry
1275,S2415689__S24-15689-_-BIOPSY,1,1,geometry
1276,S2415689__S24-15689-_-BIOPSY,1,0,geometry
1277,S2425843__S24-25843-_-BIOPSY,0,0,geometry
1278,S2520404__S2520404_0_BP1A2021,0,0,geometry
1279,S2424258__S2424258,0,0,geometry
1280,S2406753__S24-06753-_-SERIAL_2,0,0,geometry
1281,S2436457__S2436457_BP1B11_C_15540_2,0,0,geometry
1282,S2535840__S2535840_0_BP1A2021,0,0,geometry
1283,S2424258__S2424258,0,1,geometry
1284,S2227608__S22-27608-_-SERIAL_2,1,1,geometry
1285,S2401283__S24-01283-_-BIOPSY,0,1,geometry
1286,S2524760__S2524760_0_BP1A2021,0,0,geometry
1287,S19-40316__S19-40316,1,1,geometry
1288,S2436457__S2436457_BP1B11_C_15540_2,0,0,geometry
1289,S2247860__S22-47860-_-DEEP_1,1,1,geometry
1290,S2237601__S22-37601-_-,0,0,geometry
1291,S2511010__S25-11010_0_BP1A2021_052642,1,0,geometry
1292,S2531989__S2531989_0_BP1A2021,0,0,geometry
1293,S2227608__S22-27608-_-SERIAL_1,1,1,geometry
1294,S2511009__S25-11009_0_BP1A2021_052542,0,1,geometry
1295,S2415689__S24-15689-_-BIOPSY,1,1,geometry
1296,S2511007__S25-11007_0_BP1A2021_052433,0,1,geometry
1297,S2427695__S24-27695-_-BIOPSY,0,0,geometry
1298,S19-40316__S19-40316,1,1,geometry
1299,S2511010__S25-11010_0_BP1A2021_052642,1,1,geometry
1300,S2512685__S2512685_0_,0,0,geometry
1301,S2511010__S25-11010_0_BP1A2021_052642,1,0,geometry
1302,S2227608__S22-27608-_-SERIAL_2,1,0,geometry
1303,S2227608__S22-27608-_-SERIAL_1,1,0,geometry
1304,S2401283__S24-01283-_-BIOPSY,0,0,geometry
1305,S16-17719__S16-17719,1,1,geometry
1306,S2513848__S25-13848_0_BP1A2021_131436,0,1,geometry
1307,S2516970__S25-16970____155248,1,0,geometry
1308,S2530981__S2530981_0_BP1A2021,0,1,geometry
1309,S2134277__S2134277,1,0,geometry
1310,S2424259__S2424259,0,1,geometry
1311,S2511010__S25-11010_0_BP1A2021_052642,1,0,geometry
1312,S2424259__S2424259,0,1,geometry
1313,S2227604__S22-27604-_-BIOPSY,1,0,geometry
1314,S2229537__S22-29537-_-SERIAL_1,1,1,geometry
1315,S2528218__S2528218_0_BP1A2021,0,0,geometry
1316,S2516970__S25-16970____155248,1,1,geometry
1317,S2436457__S2436457_BP1B11_C_15540_2,0,1,geometry
1318,S2406754__S24-06754-_-DEEP_2,0,0,geometry
1319,S2247860__S22-47860-_-DEEP_1,1,0,geometry
1320,S2247860__S22-47860-_-DEEP_1,1,0,geometry
1321,S20-26719__S20-26719,1,1,geometry
1322,S2247860__S22-47860-_-DEEP_1,1,0,geometry
1323,S2520402__S2520402_0_BP1A2021,0,0,geometry
1324,S2406754__S24-06754-_-DEEP_2,0,1,geometry
1325,S2524777__S2524777_0_BP1A2021,0,0,geometry
1326,S2346179__S23-46179-_-BIOPSY,1,1,geometry
1327,S20-28924__S20-28924,0,0,geometry
1328,S2229537__S22-29537-_-SERIAL_1,1,0,geometry
1329,S2415689__S24-15689-_-BIOPSY,1,1,geometry
1330,S2247860__S22-47860-_-DEEP_1,1,1,geometry
1331,S2344462__S23-44462-_-BIOPSY,0,1,geometry
1332,S2524777__S2524777_0_BP1A2021,0,1,geometry
1333,S2425843__S24-25843-_-BIOPSY,0,0,geometry
1334,S2247860__S22-47860-_-DEEP_1,1,0,geometry
1335,S2525436__S2525436_0_BP1A2021,0,0,geometry
1336,S2229537__S22-29537-_-SERIAL_1,1,0,geometry
1337,S2227604__S22-27604-_-BIOPSY,1,0,geometry
1338,S2436457__S2436457_BP1B11_C_15540_2,0,1,geometry
1339,S2247860__S22-47860-_-DEEP_1,1,1,geometry
1340,S2227604__S22-27604-_-BIOPSY,1,1,geometry
1341,S2424255__S2424255,0,0,geometry
1342,S20-28924__S20-28924,0,1,geometry
1343,S2511007__S25-11007_0_BP1A2021_052433,0,1,geometry
1344,S2535840__S2535840_0_BP1A2021,0,0,geometry
1345,S2511006__S25-11006_0_BP1A2021_052242,0,1,geometry
1346,S2531985__S2531985_0_BP1A2021,0,1,geometry
1347,S2521239__S2521239_0_BP1A2021,0,0,geometry
1348,S16-17719__S16-17719,1,1,geometry
1349,S2415689__S24-15689-_-BIOPSY,1,1,geometry
1350,S2409392__S2409392,0,0,geometry
1351,S2524760__S2524760_0_BP1A2021,0,1,geometry
1352,S20-26719__S20-26719,1,1,geometry
1353,S2424255__S2424255,0,1,geometry
1354,S2524760__S2524760_0_BP1A2021,0,0,geometry
1355,S2229537__S22-29537-_-SERIAL_1,1,1,geometry
1356,S2415689__S24-15689-_-BIOPSY,1,0,geometry
1357,S2227608__S22-27608-_-SERIAL_2,1,1,geometry
1358,S2406753__S24-06753-_-DEEP_1,0,0,geometry
1359,S2134277__S2134277,1,0,geometry
1360,S2424255__S2424255,0,1,geometry
1361,S2529112__S2529112_0_BP1A2021,0,0,geometry
1362,S2524760__S2524760_0_BP1A2021,0,1,geometry
1363,S2516970__S25-16970____155248,1,1,geometry
1364,S2427695__S2427695_BP1B27_C_14045_3,0,1,geometry
1365,S2535840__S2535840_0_BP1A2021,0,0,geometry
1366,S16-17719__S16-17719,1,1,geometry
1367,S2227608__S22-27608-_-SERIAL_2,1,1,geometry
1368,S19-40316__S19-40316,1,1,geometry
1369,S20-28924__S20-28924,0,1,geometry
1370,S2524777__S2524777_0_BP1A2021,0,1,geometry
1371,S20-26719__S20-26719,1,0,geometry
1372,S2530981__S2530981_0_BP1A2021,0,0,geometry
1373,S2516970__S25-16970____155248,1,0,geometry
1374,S2427695__S2427695_BP1B27_C_14045_3,0,1,geometry
1375,S2229537__S22-29537-_-SERIAL_1,1,1,geometry
1376,S2227608__S22-27608-_-SERIAL_2,1,1,geometry
1377,S16-17719__S16-17719,1,0,geometry
1378,S2436457__S2436457_BP1B11_C_15540_2,0,1,geometry
1379,S2134277__S2134277,1,0,geometry
1380,S2409392__S2409392,0,0,geometry
1381,S2229537__S22-29537-_-SERIAL_1,1,1,geometry
1382,S2425843__S24-25843-_-BIOPSY,0,0,geometry
1383,S2134277__S2134277,1,0,geometry
1384,S2424259__S2424259,0,1,geometry
1385,S2424255__S2424255,0,0,geometry
1386,S2529112__S2529112_0_BP1A2021,0,1,geometry
1387,S2425843__S24-25843-_-BIOPSY,0,0,geometry
1388,S2512685__S2512685_0_,0,0,geometry
1389,S2511009__S25-11009_0_BP1A2021_052542,0,0,geometry
1390,S2511006__S25-11006_0_BP1A2021_052242,0,0,geometry
1391,S16-17719__S16-17719,1,1,geometry
1392,S2227608__S22-27608-_-SERIAL_2,1,1,geometry
1393,S2516970__S25-16970____155248,1,0,geometry
1394,S2513848__S25-13848_0_BP1A2021_131436,0,0,geometry
1395,S20-26719__S20-26719,1,0,geometry
1396,S2227604__S22-27604-_-BIOPSY,1,1,geometry
1397,S2415689__S24-15689-_-BIOPSY,1,0,geometry
1398,S2511006__S25-11006_0_BP1A2021_052242,0,1,geometry
1399,S2406753__S24-06753-_-SERIAL_2,0,0,geometry
1400,S2511010__S25-11010_0_BP1A2021_052642,1,0,geometry
1401,S2415689__S24-15689-_-BIOPSY,1,1,geometry
1402,S2227604__S22-27604-_-BIOPSY,1,1,geometry
1403,S2511010__S25-11010_0_BP1A2021_052642,1,0,geometry
1404,S2522994__S2522994_0_BP1A2021,0,0,geometry
1405,S2526362__S2526362_0_BP1A2021,0,0,geometry
1406,S2511006__S25-11006_0_BP1A2021_052242,0,1,geometry
1407,S2511010__S25-11010_0_BP1A2021_052642,1,0,geometry
1408,S2528218__S2528218_0_BP1A2021,0,0,geometry
1409,S2516970__S25-16970____155248,1,0,geometry
1410,S2134277__S2134277,1,1,geometry
1411,S2530985__S2530985_0_BP1A2021,0,0,geometry
1412,S2531989__S2531989_0_BP1A2021,0,0,geometry
1413,S2227604__S22-27604-_-BIOPSY,1,0,geometry
1414,S2525436__S2525436_0_BP1A2021,0,1,geometry
1415,S20-26719__S20-26719,1,1,geometry
1416,S2524777__S2524777_0_BP1A2021,0,0,geometry
1417,S20-26719__S20-26719,1,0,geometry
1418,S2424259__S2424259,0,1,geometry
1419,S2521239__S2521239_0_BP1A2021,0,0,geometry
1420,S2525436__S2525436_0_BP1A2021,0,1,geometry
1421,S2535840__S2535840_0_BP1A2021,0,0,geometry
1422,S2511010__S25-11010_0_BP1A2021_052642,1,0,geometry
1423,S2530985__S2530985_0_BP1A2021,0,1,geometry
1424,S2227608__S22-27608-_-SERIAL_2,1,1,geometry
1425,S2227608__S22-27608-_-SERIAL_1,1,0,geometry
1426,S2247860__S22-47860-_-DEEP_1,1,1,geometry
1427,S2425843__S24-25843-_-BIOPSY,0,1,geometry
1428,S2424259__S2424259,0,1,geometry
1429,S2415689__S24-15689-_-BIOPSY,1,1,geometry
1430,S2216630__S2216630--DEEP_1,0,0,geometry
1431,S2528218__S2528218_0_BP1A2021,0,0,geometry
1432,S2530985__S2530985_0_BP1A2021,0,0,geometry
1433,S2530049__S2530049_0_BP1A2021,0,0,geometry
1434,S2406754__S24-06754-_-SERIAL_1,0,1,geometry
1435,S2521239__S2521239_0_BP1A2021,0,1,geometry
1436,S2247860__S22-47860-_-DEEP_1,1,0,geometry
1437,S2415689__S24-15689-_-BIOPSY,1,1,geometry
1438,S2237601__S22-37601-_-,0,1,geometry
1439,S2406753__S24-06753-_-SERIAL_2,0,0,geometry
1440,S2229537__S22-29537-_-SERIAL_1,1,0,geometry
1441,S2227604__S22-27604-_-BIOPSY,1,1,geometry
1442,S2134277__S2134277,1,1,geometry
1443,S2531989__S2531989_0_BP1A2021,0,0,geometry
1444,S2229537__S22-29537-_-SERIAL_1,1,0,geometry
1445,S2227608__S22-27608-_-SERIAL_2,1,0,geometry
1446,S2516971__S25-16971____155423,0,1,geometry
1447,S16-17719__S16-17719,1,0,geometry
1448,S2227604__S22-27604-_-BIOPSY,1,1,geometry
1449,S2425843__S24-25843-_-BIOPSY,0,0,geometry
1450,S2406754__S24-06754-_-DEEP_2,0,0,geometry
1451,S2415689__S24-15689-_-BIOPSY,1,0,geometry
1452,S20-26719__S20-26719,1,1,geometry
1453,S2530985__S2530985_0_BP1A2021,0,1,geometry
1454,S2247860__S22-47860-_-DEEP_1,1,1,geometry
1455,S2516970__S25-16970____155248,1,1,geometry
1456,S19-40316__S19-40316,1,0,geometry
1457,S2229537__S22-29537-_-SERIAL_1,1,1,geometry
1458,S2531989__S2531989_0_BP1A2021,0,0,geometry
1459,S2528218__S2528218_0_BP1A2021,0,0,geometry
1460,S2409392__S2409392,0,1,geometry
1461,S2415689__S24-15689-_-BIOPSY,1,1,geometry
1462,S20-26719__S20-26719,1,0,geometry
1463,S20-26719__S20-26719,1,1,geometry
1464,S2436457__S2436457_BP1B11_C_15540_2,0,1,geometry
1465,S2406753__S24-06753-_-SERIAL_2,0,0,geometry
1466,S2227608__S22-27608-_-SERIAL_1,1,1,geometry
1467,S2227604__S22-27604-_-BIOPSY,1,1,geometry
1468,S2525436__S2525436_0_BP1A2021,0,0,geometry
1469,S2524777__S2524777_0_BP1A2021,0,0,geometry
1470,S2521239__S2521239_0_BP1A2021,0,1,geometry
1471,S2237601__S22-37601-_-,0,0,geometry
1472,S2516970__S25-16970____155248,1,1,geometry
1473,S20-26719__S20-26719,1,0,geometry
1474,S2227608__S22-27608-_-SERIAL_2,1,0,geometry
1475,S2227604__S22-27604-_-BIOPSY,1,1,geometry
1476,S20-28924__S20-28924,0,1,geometry
1477,S2530049__S2530049_0_BP1A2021,0,1,geometry
1478,S19-40316__S19-40316,1,1,geometry
1479,S2530981__S2530981_0_BP1A2021,0,0,geometry
1480,S2511010__S25-11010_0_BP1A2021_052642,1,0,geometry
1481,S19-40316__S19-40316,1,0,geometry
1482,S2528218__S2528218_0_BP1A2021,0,1,geometry
1483,S20-26719__S20-26719,1,1,geometry
1484,S2134277__S2134277,1,1,geometry
1485,S2529112__S2529112_0_BP1A2021,0,1,geometry
1486,S2513848__S25-13848_0_BP1A2021_131436,0,0,geometry
1487,S2520402__S2520402_0_BP1A2021,0,1,geometry
1488,S2227604__S22-27604-_-BIOPSY,1,1,geometry
1489,S2511006__S25-11006_0_BP1A2021_052242,0,0,geometry
1490,S2227608__S22-27608-_-SERIAL_1,1,1,geometry
1491,S2516970__S25-16970____155248,1,1,geometry
1492,S20-26719__S20-26719,1,0,geometry
1493,S2237601__S22-37601-_-,0,0,geometry
1494,S2512685__S2512685_0_,0,1,geometry
1495,S2406754__S24-06754-_-DEEP_2,0,0,geometry
1496,S19-40316__S19-40316,1,0,geometry
1497,S2346179__S23-46179-_-BIOPSY,1,1,geometry
1498,S20-26719__S20-26719,1,1,geometry
1499,S2227604__S22-27604-_-BIOPSY,1,0,geometry
1500,S2527323__S2527323_0_BP1A2021,0,1,geometry
1501,S2530981__S2530981_0_BP1A2021,0,1,geometry
1502,S2516971__S25-16971____155423,0,1,geometry
1503,S2227608__S22-27608-_-SERIAL_2,1,0,geometry
1504,S2513846__S25-13846_0_BP1A2021_161650,0,1,geometry
1505,S2134277__S2134277,1,0,geometry
1506,S20-26719__S20-26719,1,0,geometry
1507,S2520404__S2520404_0_BP1A2021,0,0,geometry
1508,S2427695__S24-27695-_-BIOPSY,0,0,geometry
1509,S2531985__S2531985_0_BP1A2021,0,0,geometry
1510,S2524777__S2524777_0_BP1A2021,0,0,geometry
1511,S16-17719__S16-17719,1,0,geometry
1512,S2511007__S25-11007_0_BP1A2021_052433,0,0,geometry
1513,S2237601__S22-37601-_-,0,1,geometry
1514,S2134277__S2134277,1,0,geometry
1515,S2531985__S2531985_0_BP1A2021,0,0,geometry
1516,S2524777__S2524777_0_BP1A2021,0,1,geometry
1517,S2427695__S24-27695-_-BIOPSY,0,0,geometry
1518,S19-40316__S19-40316,1,1,geometry
1519,S2512685__S2512685_0_,0,0,geometry
1520,S2516971__S25-16971____140945,0,0,geometry
1521,S2229537__S22-29537-_-SERIAL_1,1,0,geometry
1522,S2521239__S2521239_0_BP1A2021,0,1,geometry
1523,S2346179__S23-46179-_-BIOPSY,1,1,geometry
1524,S2216630__S2216630--DEEP_1,0,1,geometry
1525,S2424259__S2424259,0,1,geometry
1526,S2424258__S2424258,0,0,geometry
1527,S2436457__S2436457_BP1B11_C_15540_2,0,0,geometry
1528,S2511010__S25-11010_0_BP1A2021_052642,1,0,geometry
1529,S2516970__S25-16970____155248,1,1,geometry
1530,S2346179__S23-46179-_-BIOPSY,1,0,geometry
1531,S2525436__S2525436_0_BP1A2021,0,1,geometry
1532,S2346179__S23-46179-_-BIOPSY,1,1,geometry
1533,S2227608__S22-27608-_-SERIAL_1,1,1,geometry
1534,S2134277__S2134277,1,1,geometry
1535,S2406753__S24-06753-_-SERIAL_2,0,0,geometry
1536,S19-40316__S19-40316,1,0,geometry
1537,S2525436__S2525436_0_BP1A2021,0,1,geometry
1538,S2415689__S24-15689-_-BIOPSY,1,0,geometry
1539,S2346179__S23-46179-_-BIOPSY,1,1,geometry
1540,S2520404__S2520404_0_BP1A2021,0,1,geometry
1541,S2535840__S2535840_0_BP1A2021,0,0,geometry
1542,S2531985__S2531985_0_BP1A2021,0,1,geometry
1543,S2247860__S22-47860-_-DEEP_1,1,0,geometry
1544,S2524777__S2524777_0_BP1A2021,0,0,geometry
1545,S2227608__S22-27608-_-SERIAL_2,1,1,geometry
1546,S2227608__S22-27608-_-SERIAL_2,1,0,geometry
1547,S2247860__S22-47860-_-DEEP_1,1,1,geometry
1548,S2530991__S2530991_0_BP1A2021,0,0,geometry
1549,S2406754__S24-06754-_-DEEP_2,0,0,geometry
1550,S2528218__S2528218_0_BP1A2021,0,0,geometry
1551,S2528218__S2528218_0_BP1A2021,0,0,geometry
1552,S2227604__S22-27604-_-BIOPSY,1,0,geometry
1553,S2531989__S2531989_0_BP1A2021,0,1,geometry
1554,S2227608__S22-27608-_-SERIAL_1,1,1,geometry
1555,S2406754__S24-06754-_-DEEP_2,0,1,geometry
1556,S2134277__S2134277,1,0,geometry
1557,S2247860__S22-47860-_-DEEP_1,1,0,geometry
1558,S2406753__S24-06753-_-SERIAL_2,0,0,geometry
1559,S2134277__S2134277,1,0,geometry
1560,S2511006__S25-11006_0_BP1A2021_052242,0,1,geometry
1561,S2229537__S22-29537-_-SERIAL_1,1,0,geometry
1562,S2227604__S22-27604-_-BIOPSY,1,0,geometry
1563,S2406754__S24-06754-_-SERIAL_1,0,1,geometry
1564,S2528218__S2528218_0_BP1A2021,0,0,geometry
1565,S2530049__S2530049_0_BP1A2021,0,1,geometry
1566,S2134277__S2134277,1,0,geometry
1567,S16-17719__S16-17719,1,1,geometry
1568,S2406753__S24-06753-_-SERIAL_2,0,1,geometry
1569,S2415689__S24-15689-_-BIOPSY,1,0,geometry
1570,S2227608__S22-27608-_-SERIAL_2,1,0,geometry
1571,S2511006__S25-11006_0_BP1A2021_052242,0,0,geometry
1572,S2427695__S24-27695-_-BIOPSY,0,1,geometry
1573,S2415689__S24-15689-_-BIOPSY,1,1,geometry
1574,S2415689__S24-15689-_-BIOPSY,1,1,geometry
1575,S2511010__S25-11010_0_BP1A2021_052642,1,0,geometry
1576,S2512685__S2512685_0_,0,0,geometry
1577,S2528218__S2528218_0_BP1A2021,0,0,geometry
1578,S2134277__S2134277,1,0,geometry
1579,S2516970__S25-16970____155248,1,0,geometry
1580,S2424255__S2424255,0,1,geometry
1581,S2427695__S2427695_BP1B27_C_14045_3,0,0,geometry
1582,S2525436__S2525436_0_BP1A2021,0,0,geometry
1583,S2216630__S2216630--DEEP_1,0,0,geometry
1584,S2513846__S25-13846_0_BP1A2021_161650,0,0,geometry
1585,S2401283__S24-01283-_-BIOPSY,0,0,geometry
1586,S2526362__S2526362_0_BP1A2021,0,1,geometry
1587,S2524777__S2524777_0_BP1A2021,0,1,geometry
1588,S20-26719__S20-26719,1,0,geometry
1589,S2346179__S23-46179-_-BIOPSY,1,0,geometry
1590,S2526362__S2526362_0_BP1A2021,0,1,geometry
1591,S2524760__S2524760_0_BP1A2021,0,0,geometry
1592,S16-17719__S16-17719,1,0,geometry
1593,S2520404__S2520404_0_BP1A2021,0,1,geometry
1594,S2247860__S22-47860-_-DEEP_1,1,0,geometry
1595,S2516970__S25-16970____155248,1,1,geometry
1596,S2511009__S25-11009_0_BP1A2021_052542,0,0,geometry
1597,S2406754__S24-06754-_-SERIAL_1,0,1,geometry
1598,S2530985__S2530985_0_BP1A2021,0,0,geometry
1599,S2520402__S2520402_0_BP1A2021,0,0,geometry
1600,S20-28924__S20-28924,0,0,geometry
1601,S2406753__S24-06753-_-DEEP_1,0,1,geometry
1602,S2346179__S23-46179-_-BIOPSY,1,1,geometry
1603,S2424255__S2424255,0,0,geometry
1604,S19-40316__S19-40316,1,0,geometry
1605,S2530981__S2530981_0_BP1A2021,0,0,geometry
1606,S2436457__S2436457_BP1B11_C_15540_2,0,0,geometry
1607,S2346179__S23-46179-_-BIOPSY,1,1,geometry
1608,S2247860__S22-47860-_-DEEP_1,1,1,geometry
1609,S2436457__S2436457_BP1B11_C_15540_2,0,0,geometry
1610,S20-26719__S20-26719,1,1,geometry
1611,S19-40316__S19-40316,1,1,geometry
1612,S2511010__S25-11010_0_BP1A2021_052642,1,1,geometry
1613,S2527323__S2527323_0_BP1A2021,0,0,geometry
1614,S2247860__S22-47860-_-DEEP_1,1,0,geometry
1615,S2346179__S23-46179-_-BIOPSY,1,0,geometry
1616,S2401283__S24-01283-_-BIOPSY,0,0,geometry
1617,S2520402__S2520402_0_BP1A2021,0,1,geometry
1618,S2406753__S24-06753-_-SERIAL_2,0,1,geometry
1619,S2530985__S2530985_0_BP1A2021,0,1,geometry
1620,S2516971__S25-16971____140945,0,1,geometry
1621,S19-40316__S19-40316,1,1,geometry
1622,S2511010__S25-11010_0_BP1A2021_052642,1,1,geometry
1623,S2524777__S2524777_0_BP1A2021,0,1,geometry
1624,S2522994__S2522994_0_BP1A2021,0,0,geometry
1625,S2237601__S22-37601-_-,0,0,geometry
1626,S2229537__S22-29537-_-SERIAL_1,1,1,geometry
1627,S2216630__S2216630--DEEP_1,0,1,geometry
1628,S19-40316__S19-40316,1,1,geometry
1629,S2346179__S23-46179-_-BIOPSY,1,1,geometry
1630,S2525436__S2525436_0_BP1A2021,0,1,geometry
1631,S2526362__S2526362_0_BP1A2021,0,0,geometry
1632,S2406754__S24-06754-_-SERIAL_1,0,0,geometry
1633,S2346179__S23-46179-_-BIOPSY,1,0,geometry
1634,S2531985__S2531985_0_BP1A2021,0,1,geometry
1635,S2427695__S24-27695-_-BIOPSY,0,1,geometry
1636,S2530049__S2530049_0_BP1A2021,0,0,geometry
1637,S2526362__S2526362_0_BP1A2021,0,0,geometry
1638,S2227604__S22-27604-_-BIOPSY,1,1,geometry
1639,S2415689__S24-15689-_-BIOPSY,1,0,geometry
1640,S2511010__S25-11010_0_BP1A2021_052642,1,0,geometry
1641,S20-26719__S20-26719,1,0,geometry
1642,S2524777__S2524777_0_BP1A2021,0,0,geometry
1643,S2516970__S25-16970____155248,1,1,geometry
1644,S2516970__S25-16970____155248,1,1,geometry
1645,S2424258__S2424258,0,1,geometry
1646,S2237601__S22-37601-_-,0,0,geometry
1647,S20-28924__S20-28924,0,1,geometry
1648,S19-40316__S19-40316,1,0,geometry
1649,S2227604__S22-27604-_-BIOPSY,1,0,geometry
1650,S16-17719__S16-17719,1,0,geometry
1651,S2524777__S2524777_0_BP1A2021,0,1,geometry
1652,S19-40316__S19-40316,1,0,geometry
1653,S2247860__S22-47860-_-DEEP_1,1,0,geometry
1654,S2427695__S24-27695-_-BIOPSY,0,1,geometry
1655,S16-17719__S16-17719,1,1,geometry
1656,S2535840__S2535840_0_BP1A2021,0,1,geometry
1657,S2520404__S2520404_0_BP1A2021,0,1,geometry
1658,S2346179__S23-46179-_-BIOPSY,1,0,geometry
1659,S2516970__S25-16970____155248,1,1,geometry
1660,S2513848__S25-13848_0_BP1A2021_131436,0,0,geometry
1661,S2516971__S25-16971____140945,0,1,geometry
1662,S2237601__S22-37601-_-,0,0,geometry
1663,S2516970__S25-16970____155248,1,1,geometry
1664,S2513846__S25-13846_0_BP1A2021_161650,0,0,geometry
1665,S2436457__S2436457_BP1B11_C_15540_2,0,0,geometry
1666,S19-40316__S19-40316,1,0,geometry
1667,S2216630__S2216630--DEEP_1,0,1,geometry
1668,S2524760__S2524760_0_BP1A2021,0,0,geometry
1669,S2415689__S24-15689-_-BIOPSY,1,0,geometry
1670,S2511010__S25-11010_0_BP1A2021_052642,1,1,geometry
1671,S2516971__S25-16971____140945,0,1,geometry
1672,S2527323__S2527323_0_BP1A2021,0,0,geometry
1673,S2237601__S22-37601-_-,0,0,geometry
1674,S2511007__S25-11007_0_BP1A2021_052433,0,0,geometry
1675,S2530049__S2530049_0_BP1A2021,0,1,geometry
1676,S2530981__S2530981_0_BP1A2021,0,1,geometry
1677,S2216630__S2216630--DEEP_1,0,1,geometry
1678,S2227608__S22-27608-_-SERIAL_1,1,1,geometry
1679,S2415689__S24-15689-_-BIOPSY,1,1,geometry
1680,S2406754__S24-06754-_-SERIAL_1,0,1,geometry
1681,S2516970__S25-16970____155248,1,1,geometry
1682,S2511010__S25-11010_0_BP1A2021_052642,1,0,geometry
1683,S2513848__S25-13848_0_BP1A2021_131436,0,0,geometry
1684,S2511010__S25-11010_0_BP1A2021_052642,1,1,geometry
1685,S2516970__S25-16970____155248,1,0,geometry
1686,S2227608__S22-27608-_-SERIAL_2,1,0,geometry
1687,S2530985__S2530985_0_BP1A2021,0,1,geometry
1688,S2522994__S2522994_0_BP1A2021,0,1,geometry
1689,S2511010__S25-11010_0_BP1A2021_052642,1,0,geometry
1690,S2436457__S2436457_BP1B11_C_15540_2,0,0,geometry
1691,S2511009__S25-11009_0_BP1A2021_052542,0,0,geometry
1692,S2227604__S22-27604-_-BIOPSY,1,0,geometry
1693,S2406754__S24-06754-_-DEEP_2,0,0,geometry
1694,S2237601__S22-37601-_-,0,1,geometry
1695,S20-26719__S20-26719,1,1,geometry
1696,S2513846__S25-13846_0_BP1A2021_131523,0,1,geometry
1697,S2513848__S25-13848_0_BP1A2021_131436,0,1,geometry
1698,S2346179__S23-46179-_-BIOPSY,1,0,geometry
1699,S2229537__S22-29537-_-SERIAL_1,1,0,geometry
1700,S2530991__S2530991_0_BP1A2021,0,0,geometry
1701,S2511007__S25-11007_0_BP1A2021_052433,0,0,geometry
1702,S2516970__S25-16970____155248,1,1,geometry
1703,S2516970__S25-16970____155248,1,0,geometry
1704,S2415689__S24-15689-_-BIOPSY,1,0,geometry
1705,S2513848__S25-13848_0_BP1A2021_131436,0,1,geometry
1706,S2229537__S22-29537-_-SERIAL_1,1,1,geometry
1707,S2513848__S25-13848_0_BP1A2021_131436,0,1,geometry
1708,S2227608__S22-27608-_-SERIAL_1,1,1,geometry
1709,S2229537__S22-29537-_-SERIAL_1,1,0,geometry
1710,S2511010__S25-11010_0_BP1A2021_052642,1,0,geometry
1711,S2227608__S22-27608-_-SERIAL_1,1,0,geometry
1712,S2424259__S2424259,0,1,geometry
1713,S2346179__S23-46179-_-BIOPSY,1,1,geometry
1714,S2134277__S2134277,1,0,geometry
1715,S16-17719__S16-17719,1,0,geometry
1716,S16-17719__S16-17719,1,1,geometry
1717,S2216630__S2216630--DEEP_1,0,0,geometry
1718,S2229537__S22-29537-_-SERIAL_1,1,0,geometry
1719,S2406754__S24-06754-_-DEEP_2,0,1,geometry
1720,S2227604__S22-27604-_-BIOPSY,1,1,geometry
1721,S2344462__S23-44462-_-BIOPSY,0,1,geometry
1722,S2346179__S23-46179-_-BIOPSY,1,0,geometry
1723,S2513848__S25-13848_0_BP1A2021_131436,0,0,geometry
1724,S2511007__S25-11007_0_BP1A2021_052433,0,0,geometry
1725,S2247860__S22-47860-_-DEEP_1,1,1,geometry
1726,S2134277__S2134277,1,1,geometry
1727,S2511010__S25-11010_0_BP1A2021_052642,1,1,geometry
1728,S2227604__S22-27604-_-BIOPSY,1,0,geometry
1729,S2229537__S22-29537-_-SERIAL_1,1,0,geometry
1730,S20-26719__S20-26719,1,1,geometry
1731,S2512685__S2512685_0_,0,1,geometry
1732,S19-40316__S19-40316,1,1,geometry
1733,S2229537__S22-29537-_-SERIAL_1,1,1,geometry
1734,S2525436__S2525436_0_BP1A2021,0,1,geometry
1735,S2227604__S22-27604-_-BIOPSY,1,1,geometry
1736,S2526362__S2526362_0_BP1A2021,0,0,geometry
1737,S2415689__S24-15689-_-BIOPSY,1,0,geometry
1738,S2530981__S2530981_0_BP1A2021,0,1,geometry
1739,S2247860__S22-47860-_-DEEP_1,1,1,geometry
1740,S2525436__S2525436_0_BP1A2021,0,0,geometry
1741,S2525436__S2525436_0_BP1A2021,0,0,geometry
1742,S2247860__S22-47860-_-DEEP_1,1,0,geometry
1743,S2535840__S2535840_0_BP1A2021,0,0,geometry
1744,S2227604__S22-27604-_-BIOPSY,1,0,geometry
1745,S2530049__S2530049_0_BP1A2021,0,0,geometry
1746,S2524777__S2524777_0_BP1A2021,0,0,geometry
1747,S2227608__S22-27608-_-SERIAL_1,1,1,geometry
1748,S2535840__S2535840_0_BP1A2021,0,1,geometry
1749,S2229537__S22-29537-_-SERIAL_1,1,0,geometry
1750,S2516970__S25-16970____155248,1,0,geometry
1751,S2511007__S25-11007_0_BP1A2021_052433,0,1,geometry
1752,S2227608__S22-27608-_-SERIAL_1,1,0,geometry
1753,S2424258__S2424258,0,0,geometry
1754,S2229537__S22-29537-_-SERIAL_1,1,1,geometry
1755,S2511010__S25-11010_0_BP1A2021_052642,1,0,geometry
1756,S2227608__S22-27608-_-SERIAL_2,1,0,geometry
1757,S2406754__S24-06754-_-DEEP_2,0,1,geometry
1758,S2436457__S2436457_BP1B11_C_15540_2,0,0,geometry
1759,S2524777__S2524777_0_BP1A2021,0,1,geometry
1760,S2513848__S25-13848_0_BP1A2021_131436,0,1,geometry
1761,S2427695__S24-27695-_-BIOPSY,0,1,geometry
1762,S19-40316__S19-40316,1,1,geometry
1763,S2406754__S24-06754-_-DEEP_2,0,0,geometry
1764,S2406753__S24-06753-_-SERIAL_2,0,0,geometry
1765,S2227608__S22-27608-_-SERIAL_2,1,1,geometry
1766,S2522994__S2522994_0_BP1A2021,0,0,geometry
1767,S2511010__S25-11010_0_BP1A2021_052642,1,0,geometry
1768,S2346179__S23-46179-_-BIOPSY,1,1,geometry
1769,S2237601__S22-37601-_-,0,1,geometry
1770,S2247860__S22-47860-_-DEEP_1,1,0,geometry
1771,S2520404__S2520404_0_BP1A2021,0,0,geometry
1772,S2134277__S2134277,1,0,geometry
1773,S2406754__S24-06754-_-DEEP_2,0,0,geometry
1774,S2531989__S2531989_0_BP1A2021,0,0,geometry
1775,S2346179__S23-46179-_-BIOPSY,1,0,geometry
1776,S2229537__S22-29537-_-SERIAL_1,1,1,geometry
1777,S2516970__S25-16970____155248,1,0,geometry
1778,S2516971__S25-16971____155423,0,0,geometry
1779,S2530049__S2530049_0_BP1A2021,0,1,geometry
1780,S20-26719__S20-26719,1,0,geometry
1781,S2409392__S2409392,0,0,geometry
1782,S2427695__S2427695_BP1B27_C_14045_3,0,1,geometry
1783,S2401283__S24-01283-_-BIOPSY,0,0,geometry
1784,S2344462__S23-44462-_-BIOPSY,0,0,geometry
1785,S2227608__S22-27608-_-SERIAL_2,1,1,geometry
1786,S2134277__S2134277,1,0,geometry
1787,S2406753__S24-06753-_-DEEP_1,0,1,geometry
1788,S2227608__S22-27608-_-SERIAL_1,1,0,geometry
1789,S16-17719__S16-17719,1,0,geometry
1790,S16-17719__S16-17719,1,0,geometry
1791,S2427695__S24-27695-_-BIOPSY,0,1,geometry
1792,S2134277__S2134277,1,0,geometry
1793,S19-40316__S19-40316,1,0,geometry
1794,S2346179__S23-46179-_-BIOPSY,1,1,geometry
1795,S2530985__S2530985_0_BP1A2021,0,1,geometry
1796,S2511010__S25-11010_0_BP1A2021_052642,1,0,geometry
1797,S2527323__S2527323_0_BP1A2021,0,1,geometry
1798,S16-17719__S16-17719,1,1,geometry
1799,S2344462__S23-44462-_-BIOPSY,0,1,geometry
1800,S2424259__S2424259,0,1,geometry
1801,S2516970__S25-16970____155248,1,0,geometry
1802,S16-17719__S16-17719,1,0,geometry
1803,S2512685__S2512685_0_,0,1,geometry
1804,S2227608__S22-27608-_-SERIAL_2,1,1,geometry
1805,S2513848__S25-13848_0_BP1A2021_131436,0,1,geometry
1806,S2346179__S23-46179-_-BIOPSY,1,0,geometry
1807,S20-26719__S20-26719,1,1,geometry
1808,S2415689__S24-15689-_-BIOPSY,1,1,geometry
1809,S2134277__S2134277,1,0,geometry
1810,S2516970__S25-16970____155248,1,0,geometry
1811,S2406753__S24-06753-_-SERIAL_2,0,0,geometry
1812,S2520404__S2520404_0_BP1A2021,0,1,geometry
1813,S2521239__S2521239_0_BP1A2021,0,1,geometry
1814,S2227604__S22-27604-_-BIOPSY,1,1,geometry
1815,S2227604__S22-27604-_-BIOPSY,1,1,geometry
1816,S2346179__S23-46179-_-BIOPSY,1,1,geometry
1817,S2134277__S2134277,1,1,geometry
1818,S2415689__S24-15689-_-BIOPSY,1,0,geometry
1819,S19-40316__S19-40316,1,0,geometry
1820,S2406753__S24-06753-_-SERIAL_2,0,1,geometry
1821,S2511010__S25-11010_0_BP1A2021_052642,1,0,geometry
1822,S2531985__S2531985_0_BP1A2021,0,0,geometry
1823,S19-40316__S19-40316,1,1,geometry
1824,S2427695__S24-27695-_-BIOPSY,0,1,geometry
1825,S2134277__S2134277,1,1,geometry
1826,S2525436__S2525436_0_BP1A2021,0,0,geometry
1827,S2427695__S2427695_BP1B27_C_14045_3,0,0,geometry
1828,S2513846__S25-13846_0_BP1A2021_161650,0,0,geometry
1829,S2530981__S2530981_0_BP1A2021,0,0,geometry
1830,S2513848__S25-13848_0_BP1A2021_131436,0,1,geometry
1831,S2516971__S25-16971____140945,0,0,geometry
1832,S2513846__S25-13846_0_BP1A2021_161650,0,1,geometry
1833,S2530991__S2530991_0_BP1A2021,0,1,geometry
1834,S2346179__S23-46179-_-BIOPSY,1,1,geometry
1835,S2425843__S24-25843-_-BIOPSY,0,0,geometry
1836,S2134277__S2134277,1,1,geometry
1837,S2521239__S2521239_0_BP1A2021,0,1,geometry
1838,S2227604__S22-27604-_-BIOPSY,1,0,geometry
1839,S2530985__S2530985_0_BP1A2021,0,1,geometry
1840,S20-26719__S20-26719,1,0,geometry
1841,S2527323__S2527323_0_BP1A2021,0,0,geometry
1842,S2511010__S25-11010_0_BP1A2021_052642,1,0,geometry
1843,S2530981__S2530981_0_BP1A2021,0,1,geometry
1844,S2344462__S23-44462-_-BIOPSY,0,1,geometry
1845,S20-28924__S20-28924,0,1,geometry
1846,S2535840__S2535840_0_BP1A2021,0,1,geometry
1847,S2427695__S24-27695-_-BIOPSY,0,1,geometry
1848,S2512685__S2512685_0_,0,0,geometry
1849,S2227604__S22-27604-_-BIOPSY,1,0,geometry
1850,S2516970__S25-16970____155248,1,0,geometry
1851,S2134277__S2134277,1,1,geometry
1852,S2524777__S2524777_0_BP1A2021,0,0,geometry
1853,S2530049__S2530049_0_BP1A2021,0,1,geometry
1854,S2427695__S24-27695-_-BIOPSY,0,0,geometry
1855,S2530985__S2530985_0_BP1A2021,0,1,geometry
1856,S2436457__S2436457_BP1B11_C_15540_2,0,0,geometry
1857,S2524777__S2524777_0_BP1A2021,0,0,geometry
1858,S16-17719__S16-17719,1,0,geometry
1859,S2511010__S25-11010_0_BP1A2021_052642,1,1,geometry
1860,S2406754__S24-06754-_-DEEP_2,0,0,geometry
1861,S16-17719__S16-17719,1,0,geometry
1862,S2425843__S24-25843-_-BIOPSY,0,0,geometry
1863,S2427695__S2427695_BP1B27_C_14045_3,0,0,geometry
1864,S2227608__S22-27608-_-SERIAL_2,1,0,geometry
1865,S2516970__S25-16970____155248,1,0,geometry
1866,S2227608__S22-27608-_-SERIAL_1,1,1,geometry
1867,S2346179__S23-46179-_-BIOPSY,1,0,geometry
1868,S2134277__S2134277,1,1,geometry
1869,S2415689__S24-15689-_-BIOPSY,1,1,geometry
1870,S2511009__S25-11009_0_BP1A2021_052542,0,1,geometry
1871,S2524760__S2524760_0_BP1A2021,0,0,geometry
1872,S2247860__S22-47860-_-DEEP_1,1,1,geometry
1873,S2516971__S25-16971____155423,0,1,geometry
1874,S2524760__S2524760_0_BP1A2021,0,0,geometry
1875,S2415689__S24-15689-_-BIOPSY,1,1,geometry
1876,S2530985__S2530985_0_BP1A2021,0,1,geometry
1877,S2521239__S2521239_0_BP1A2021,0,0,geometry
1878,S2409392__S2409392,0,1,geometry
1879,S2524760__S2524760_0_BP1A2021,0,0,geometry
1880,S16-17719__S16-17719,1,1,geometry
1881,S2516971__S25-16971____155423,0,0,geometry
1882,S2516970__S25-16970____155248,1,0,geometry
1883,S2346179__S23-46179-_-BIOPSY,1,0,geometry
1884,S2227608__S22-27608-_-SERIAL_1,1,1,geometry
1885,S2520402__S2520402_0_BP1A2021,0,0,geometry
1886,S2406754__S24-06754-_-SERIAL_1,0,0,geometry
1887,S2528218__S2528218_0_BP1A2021,0,1,geometry
1888,S2529112__S2529112_0_BP1A2021,0,0,geometry
1889,S2227604__S22-27604-_-BIOPSY,1,1,geometry
1890,S2134277__S2134277,1,0,geometry
1891,S2227608__S22-27608-_-SERIAL_2,1,0,geometry
1892,S2406753__S24-06753-_-SERIAL_2,0,1,geometry
1893,S2522994__S2522994_0_BP1A2021,0,0,geometry
1894,S2511010__S25-11010_0_BP1A2021_052642,1,1,geometry
1895,S2513848__S25-13848_0_BP1A2021_131436,0,0,geometry
1896,S20-26719__S20-26719,1,0,geometry
1897,S2227604__S22-27604-_-BIOPSY,1,0,geometry
1898,S2227608__S22-27608-_-SERIAL_2,1,0,geometry
1899,S2227608__S22-27608-_-SERIAL_2,1,1,geometry
1900,S2530991__S2530991_0_BP1A2021,0,1,geometry
1901,S2227604__S22-27604-_-BIOPSY,1,0,geometry
1902,S2511010__S25-11010_0_BP1A2021_052642,1,0,geometry
1903,S2527323__S2527323_0_BP1A2021,0,0,geometry
1904,S2527323__S2527323_0_BP1A2021,0,0,geometry
1905,S19-40316__S19-40316,1,0,geometry
1906,S2511010__S25-11010_0_BP1A2021_052642,1,0,geometry
1907,S2513846__S25-13846_0_BP1A2021_161650,0,1,geometry
1908,S2227608__S22-27608-_-SERIAL_1,1,1,geometry
1909,S2520402__S2520402_0_BP1A2021,0,1,geometry
1910,S2424255__S2424255,0,1,geometry
1911,S2527323__S2527323_0_BP1A2021,0,1,geometry
1912,S2530981__S2530981_0_BP1A2021,0,1,geometry
1913,S2346179__S23-46179-_-BIOPSY,1,0,geometry
1914,S2227608__S22-27608-_-SERIAL_2,1,1,geometry
1915,S16-17719__S16-17719,1,1,geometry
1916,S2531989__S2531989_0_BP1A2021,0,0,geometry
1917,S2511010__S25-11010_0_BP1A2021_052642,1,0,geometry
1918,S2227608__S22-27608-_-SERIAL_1,1,1,geometry
1919,S2530049__S2530049_0_BP1A2021,0,0,geometry
1920,S2406754__S24-06754-_-DEEP_2,0,0,geometry
1921,S16-17719__S16-17719,1,1,geometry
1922,S2409392__S2409392,0,0,geometry
1923,S2531985__S2531985_0_BP1A2021,0,0,geometry
1924,S2134277__S2134277,1,1,geometry
1925,S2511007__S25-11007_0_BP1A2021_052433,0,0,geometry
1926,S2415689__S24-15689-_-BIOPSY,1,0,geometry
1927,S2415689__S24-15689-_-BIOPSY,1,0,geometry
1928,S16-17719__S16-17719,1,0,geometry
1929,S2511010__S25-11010_0_BP1A2021_052642,1,1,geometry
1930,S2134277__S2134277,1,1,geometry
1931,S16-17719__S16-17719,1,1,geometry
1932,S2512685__S2512685_0_,0,1,geometry
1933,S2520402__S2520402_0_BP1A2021,0,1,geometry
1934,S2526362__S2526362_0_BP1A2021,0,0,geometry
1935,S2427695__S24-27695-_-BIOPSY,0,0,geometry
1936,S2427695__S2427695_BP1B27_C_14045_3,0,1,geometry
1937,S2229537__S22-29537-_-SERIAL_1,1,1,geometry
1938,S2415689__S24-15689-_-BIOPSY,1,0,geometry
1939,S2511007__S25-11007_0_BP1A2021_052433,0,1,geometry
1940,S2520404__S2520404_0_BP1A2021,0,0,geometry
1941,S2216630__S2216630--DEEP_1,0,0,geometry
1942,S2513846__S25-13846_0_BP1A2021_161650,0,1,geometry
1943,S2424259__S2424259,0,0,geometry
1944,S16-17719__S16-17719,1,1,geometry
1945,S2516970__S25-16970____155248,1,1,geometry
1946,S2227604__S22-27604-_-BIOPSY,1,0,geometry
1947,S2516971__S25-16971____155423,0,0,geometry
1948,S2425843__S24-25843-_-BIOPSY,0,0,geometry
1949,S2247860__S22-47860-_-DEEP_1,1,1,geometry
1950,S2424255__S2424255,0,0,geometry
1951,S2424259__S2424259,0,1,geometry
1952,S2531989__S2531989_0_BP1A2021,0,0,geometry
1953,S2424258__S2424258,0,1,geometry
1954,S2511009__S25-11009_0_BP1A2021_052542,0,0,geometry
1955,S19-40316__S19-40316,1,1,geometry
1956,S2227608__S22-27608-_-SERIAL_2,1,0,geometry
1957,S2527323__S2527323_0_BP1A2021,0,1,geometry
1958,S2424259__S2424259,0,1,geometry
1959,S2530985__S2530985_0_BP1A2021,0,0,geometry
1960,S2406754__S24-06754-_-DEEP_2,0,0,geometry
1961,S20-26719__S20-26719,1,1,geometry
1962,S2406753__S24-06753-_-DEEP_1,0,1,geometry
1963,S2512685__S2512685_0_,0,1,geometry
1964,S2511009__S25-11009_0_BP1A2021_052542,0,1,geometry
1965,S2227604__S22-27604-_-BIOPSY,1,1,geometry
1966,S2134277__S2134277,1,1,geometry
1967,S2520404__S2520404_0_BP1A2021,0,0,geometry
1968,S2527323__S2527323_0_BP1A2021,0,0,geometry
1969,S2516970__S25-16970____155248,1,0,geometry
1970,S2229537__S22-29537-_-SERIAL_1,1,1,geometry
1971,S2513848__S25-13848_0_BP1A2021_131436,0,0,geometry
1972,S2513846__S25-13846_0_BP1A2021_161650,0,0,geometry
1973,S2516970__S25-16970____155248,1,1,geometry
1974,S16-17719__S16-17719,1,1,geometry
1975,S19-40316__S19-40316,1,0,geometry
1976,S16-17719__S16-17719,1,1,geometry
1977,S2521239__S2521239_0_BP1A2021,0,1,geometry
1978,S2227608__S22-27608-_-SERIAL_1,1,1,geometry
1979,S19-40316__S19-40316,1,1,geometry
1980,S2229537__S22-29537-_-SERIAL_1,1,0,geometry
1981,S2227608__S22-27608-_-SERIAL_2,1,0,geometry
1982,S2247860__S22-47860-_-DEEP_1,1,1,geometry
1983,S2415689__S24-15689-_-BIOPSY,1,0,geometry
1984,S2247860__S22-47860-_-DEEP_1,1,0,geometry
1985,S2535840__S2535840_0_BP1A2021,0,1,geometry
1986,S2513846__S25-13846_0_BP1A2021_161650,0,1,geometry
1987,S2531989__S2531989_0_BP1A2021,0,0,geometry
1988,S2229537__S22-29537-_-SERIAL_1,1,1,geometry
1989,S2134277__S2134277,1,0,geometry
1990,S2531989__S2531989_0_BP1A2021,0,1,geometry
1991,S2527323__S2527323_0_BP1A2021,0,1,geometry
1992,S20-26719__S20-26719,1,0,geometry
1993,S2227604__S22-27604-_-BIOPSY,1,1,geometry
1994,S2229537__S22-29537-_-SERIAL_1,1,0,geometry
1995,S2424259__S2424259,0,1,geometry
1996,S2530049__S2530049_0_BP1A2021,0,1,geometry
1997,S2531985__S2531985_0_BP1A2021,0,1,geometry
1998,S2406754__S24-06754-_-DEEP_2,0,0,geometry
1999,S2530991__S2530991_0_BP1A2021,0,1,geometry
2000,S2409392__S2409392,0,0,geometry
2001,S2227608__S22-27608-_-SERIAL_1,1,1,geometry
2002,S2415689__S24-15689-_-BIOPSY,1,0,geometry
2003,S2415689__S24-15689-_-BIOPSY,1,1,geometry
2004,S2513846__S25-13846_0_BP1A2021_161650,0,0,geometry
2005,S2511010__S25-11010_0_BP1A2021_052642,1,1,geometry
2006,S2227604__S22-27604-_-BIOPSY,1,0,geometry
2007,S2134277__S2134277,1,1,geometry
2008,S2227608__S22-27608-_-SERIAL_1,1,1,geometry
2009,S19-40316__S19-40316,1,0,geometry
2010,S2530049__S2530049_0_BP1A2021,0,0,geometry
2011,S20-26719__S20-26719,1,0,geometry
2012,S2227608__S22-27608-_-SERIAL_2,1,1,geometry
2013,S2415689__S24-15689-_-BIOPSY,1,0,geometry
2014,S2530985__S2530985_0_BP1A2021,0,0,geometry
2015,S19-40316__S19-40316,1,1,geometry
2016,S2227608__S22-27608-_-SERIAL_2,1,0,geometry
2017,S2516970__S25-16970____155248,1,0,geometry
2018,S2406753__S24-06753-_-SERIAL_2,0,1,geometry
2019,S2134277__S2134277,1,0,geometry
2020,S2134277__S2134277,1,0,geometry
2021,S2516970__S25-16970____155248,1,0,geometry
2022,S2409392__S2409392,0,1,geometry
2023,S2513848__S25-13848_0_BP1A2021_131436,0,1,geometry
2024,S2227604__S22-27604-_-BIOPSY,1,0,geometry
2025,S2511010__S25-11010_0_BP1A2021_052642,1,1,geometry
2026,S2531989__S2531989_0_BP1A2021,0,0,geometry
2027,S2525436__S2525436_0_BP1A2021,0,1,geometry
2028,S2535840__S2535840_0_BP1A2021,0,0,geometry
2029,S20-26719__S20-26719,1,1,geometry
2030,S20-26719__S20-26719,1,1,geometry
2031,S2406754__S24-06754-_-SERIAL_1,0,1,geometry
2032,S2406753__S24-06753-_-SERIAL_2,0,0,geometry
2033,S2524777__S2524777_0_BP1A2021,0,0,geometry
2034,S16-17719__S16-17719,1,0,geometry
2035,S2530985__S2530985_0_BP1A2021,0,1,geometry
2036,S2530991__S2530991_0_BP1A2021,0,1,geometry
2037,S2511009__S25-11009_0_BP1A2021_052542,0,1,geometry
2038,S2406754__S24-06754-_-DEEP_2,0,0,geometry
2039,S2522994__S2522994_0_BP1A2021,0,0,geometry
2040,S2530985__S2530985_0_BP1A2021,0,0,geometry
2041,S2216630__S2216630--DEEP_1,0,1,geometry
2042,S2511010__S25-11010_0_BP1A2021_052642,1,1,geometry
2043,S2415689__S24-15689-_-BIOPSY,1,0,geometry
2044,S2516970__S25-16970____155248,1,0,geometry
2045,S2227608__S22-27608-_-SERIAL_1,1,1,geometry
2046,S2134277__S2134277,1,1,geometry
2047,S20-26719__S20-26719,1,1,geometry
2048,S2227604__S22-27604-_-BIOPSY,1,0,geometry
2049,S2406753__S24-06753-_-SERIAL_2,0,0,geometry
2050,S2237601__S22-37601-_-,0,1,geometry
2051,S2427695__S24-27695-_-BIOPSY,0,0,geometry
2052,S2409392__S2409392,0,1,geometry
2053,S2229537__S22-29537-_-SERIAL_1,1,1,geometry
2054,S2511006__S25-11006_0_BP1A2021_052242,0,0,geometry
2055,S2531985__S2531985_0_BP1A2021,0,1,geometry
2056,S2134277__S2134277,1,1,geometry
2057,S2531985__S2531985_0_BP1A2021,0,0,geometry
2058,S2227608__S22-27608-_-SERIAL_1,1,1,geometry
2059,S2530981__S2530981_0_BP1A2021,0,0,geometry
2060,S2511007__S25-11007_0_BP1A2021_052433,0,0,geometry
2061,S2511006__S25-11006_0_BP1A2021_052242,0,0,geometry
2062,S2530981__S2530981_0_BP1A2021,0,0,geometry
2063,S2134277__S2134277,1,0,geometry
2064,S2216630__S2216630--DEEP_1,0,1,geometry
2065,S2424258__S2424258,0,0,geometry
2066,S2227608__S22-27608-_-SERIAL_2,1,1,geometry
2067,S2530981__S2530981_0_BP1A2021,0,1,geometry
2068,S2436457__S2436457_BP1B11_C_15540_2,0,1,geometry
2069,S2427695__S24-27695-_-BIOPSY,0,0,geometry
2070,S2409392__S2409392,0,0,geometry
2071,S2530049__S2530049_0_BP1A2021,0,1,geometry
2072,S2511010__S25-11010_0_BP1A2021_052642,1,0,geometry
2073,S2513848__S25-13848_0_BP1A2021_131436,0,1,geometry
2074,S2522994__S2522994_0_BP1A2021,0,0,geometry
2075,S16-17719__S16-17719,1,1,geometry
2076,S2512685__S2512685_0_,0,0,geometry
2077,S2346179__S23-46179-_-BIOPSY,1,0,geometry
2078,S2531985__S2531985_0_BP1A2021,0,1,geometry
2079,S2227608__S22-27608-_-SERIAL_2,1,1,geometry
2080,S2424258__S2424258,0,0,geometry
2081,S19-40316__S19-40316,1,1,geometry
2082,S2247860__S22-47860-_-DEEP_1,1,0,geometry
2083,S16-17719__S16-17719,1,1,geometry
2084,S16-17719__S16-17719,1,0,geometry
2085,S2511010__S25-11010_0_BP1A2021_052642,1,0,geometry
2086,S2513848__S25-13848_0_BP1A2021_131436,0,1,geometry
2087,S2424255__S2424255,0,0,geometry
2088,S2527323__S2527323_0_BP1A2021,0,1,geometry
2089,S2406754__S24-06754-_-DEEP_2,0,1,geometry
2090,S2415689__S24-15689-_-BIOPSY,1,0,geometry
2091,S20-26719__S20-26719,1,1,geometry
2092,S2512685__S2512685_0_,0,0,geometry
2093,S2528218__S2528218_0_BP1A2021,0,1,geometry
2094,S2229537__S22-29537-_-SERIAL_1,1,0,geometry
2095,S2512685__S2512685_0_,0,0,geometry
2096,S20-26719__S20-26719,1,1,geometry
2097,S2237601__S22-37601-_-,0,1,geometry
2098,S2134277__S2134277,1,1,geometry
2099,S2512685__S2512685_0_,0,0,geometry
2100,S2227604__S22-27604-_-BIOPSY,1,0,geometry
2101,S16-17719__S16-17719,1,1,geometry
2102,S2511010__S25-11010_0_BP1A2021_052642,1,1,geometry
2103,S2229537__S22-29537-_-SERIAL_1,1,0,geometry
2104,S2511010__S25-11010_0_BP1A2021_052642,1,0,geometry
2105,S2529112__S2529112_0_BP1A2021,0,1,geometry
2106,S2522994__S2522994_0_BP1A2021,0,1,geometry
2107,S2516970__S25-16970____155248,1,0,geometry
2108,S2134277__S2134277,1,1,geometry
2109,S2346179__S23-46179-_-BIOPSY,1,1,geometry
2110,S19-40316__S19-40316,1,0,geometry
2111,S2512685__S2512685_0_,0,1,geometry
2112,S2247860__S22-47860-_-DEEP_1,1,1,geometry
2113,S2134277__S2134277,1,0,geometry
2114,S2527323__S2527323_0_BP1A2021,0,0,geometry
2115,S2247860__S22-47860-_-DEEP_1,1,0,geometry
2116,S2409392__S2409392,0,0,geometry
2117,S2530985__S2530985_0_BP1A2021,0,1,geometry
2118,S2520402__S2520402_0_BP1A2021,0,1,geometry
2119,S2427695__S2427695_BP1B27_C_14045_3,0,0,geometry
2120,S2227604__S22-27604-_-BIOPSY,1,1,geometry
2121,S16-17719__S16-17719,1,0,geometry
2122,S2229537__S22-29537-_-SERIAL_1,1,1,geometry
2123,S2227608__S22-27608-_-SERIAL_2,1,0,geometry
2124,S2427695__S24-27695-_-BIOPSY,0,0,geometry
2125,S2511006__S25-11006_0_BP1A2021_052242,0,0,geometry
2126,S2512685__S2512685_0_,0,1,geometry
2127,S2520404__S2520404_0_BP1A2021,0,1,geometry
2128,S16-17719__S16-17719,1,1,geometry
2129,S2521239__S2521239_0_BP1A2021,0,1,geometry
2130,S2227608__S22-27608-_-SERIAL_2,1,1,geometry
2131,S2346179__S23-46179-_-BIOPSY,1,1,geometry
2132,S2513848__S25-13848_0_BP1A2021_131436,0,1,geometry
2133,S2535840__S2535840_0_BP1A2021,0,0,geometry
2134,S2530049__S2530049_0_BP1A2021,0,1,geometry
2135,S19-40316__S19-40316,1,0,geometry
2136,S20-26719__S20-26719,1,0,geometry
2137,S16-17719__S16-17719,1,0,geometry
2138,S2425843__S24-25843-_-BIOPSY,0,0,geometry
2139,S2346179__S23-46179-_-BIOPSY,1,1,geometry
2140,S2247860__S22-47860-_-DEEP_1,1,0,geometry
2141,S2229537__S22-29537-_-SERIAL_1,1,0,geometry
2142,S2522994__S2522994_0_BP1A2021,0,0,geometry
2143,S2522994__S2522994_0_BP1A2021,0,1,geometry
2144,S2227604__S22-27604-_-BIOPSY,1,0,geometry
2145,S2511010__S25-11010_0_BP1A2021_052642,1,1,geometry
2146,S2247860__S22-47860-_-DEEP_1,1,1,geometry
2147,S2516970__S25-16970____155248,1,0,geometry
2148,S2527323__S2527323_0_BP1A2021,0,1,geometry
2149,S2427695__S2427695_BP1B27_C_14045_3,0,1,geometry
2150,S2526362__S2526362_0_BP1A2021,0,0,geometry
2151,S2415689__S24-15689-_-BIOPSY,1,1,geometry
2152,S2427695__S2427695_BP1B27_C_14045_3,0,0,geometry
2153,S2227608__S22-27608-_-SERIAL_1,1,0,geometry
2154,S2406754__S24-06754-_-DEEP_2,0,1,geometry
2155,S16-17719__S16-17719,1,0,geometry
2156,S16-17719__S16-17719,1,1,geometry
2157,S2524760__S2524760_0_BP1A2021,0,0,geometry
2158,S2346179__S23-46179-_-BIOPSY,1,0,geometry
2159,S2346179__S23-46179-_-BIOPSY,1,0,geometry
2160,S2530991__S2530991_0_BP1A2021,0,0,geometry
2161,S2406753__S24-06753-_-DEEP_1,0,0,geometry
2162,S2516971__S25-16971____155423,0,1,geometry
2163,S2516970__S25-16970____155248,1,1,geometry
2164,S2530991__S2530991_0_BP1A2021,0,0,geometry
2165,S2415689__S24-15689-_-BIOPSY,1,0,geometry
2166,S2529112__S2529112_0_BP1A2021,0,0,geometry
2167,S2424259__S2424259,0,0,geometry
2168,S2415689__S24-15689-_-BIOPSY,1,1,geometry
2169,S2346179__S23-46179-_-BIOPSY,1,0,geometry
2170,S2229537__S22-29537-_-SERIAL_1,1,1,geometry
2171,S2516970__S25-16970____155248,1,0,geometry
2172,S2134277__S2134277,1,1,geometry
2173,S2237601__S22-37601-_-,0,0,geometry
2174,S2528218__S2528218_0_BP1A2021,0,1,geometry
2175,S2530049__S2530049_0_BP1A2021,0,1,geometry
2176,S2415689__S24-15689-_-BIOPSY,1,1,geometry
2177,S2526362__S2526362_0_BP1A2021,0,1,geometry
2178,S2424255__S2424255,0,1,geometry
2179,S2237601__S22-37601-_-,0,0,geometry
2180,S2511010__S25-11010_0_BP1A2021_052642,1,0,geometry
2181,S2227604__S22-27604-_-BIOPSY,1,0,geometry
2182,S2401283__S24-01283-_-BIOPSY,0,0,geometry
2183,S2227608__S22-27608-_-SERIAL_2,1,1,geometry
2184,S2247860__S22-47860-_-DEEP_1,1,1,geometry
2185,S2425843__S24-25843-_-BIOPSY,0,1,geometry
2186,S2530981__S2530981_0_BP1A2021,0,1,geometry
2187,S20-26719__S20-26719,1,1,geometry
2188,S2415689__S24-15689-_-BIOPSY,1,1,geometry
2189,S2346179__S23-46179-_-BIOPSY,1,0,geometry
2190,S2516971__S25-16971____155423,0,1,geometry
2191,S2401283__S24-01283-_-BIOPSY,0,0,geometry
2192,S2521239__S2521239_0_BP1A2021,0,0,geometry
2193,S2531989__S2531989_0_BP1A2021,0,1,geometry
2194,S2229537__S22-29537-_-SERIAL_1,1,0,geometry
2195,S20-26719__S20-26719,1,0,geometry
2196,S2516970__S25-16970____155248,1,0,geometry
2197,S2530985__S2530985_0_BP1A2021,0,0,geometry
2198,S2216630__S2216630--DEEP_1,0,0,geometry
2199,S2511010__S25-11010_0_BP1A2021_052642,1,1,geometry
2200,S2346179__S23-46179-_-BIOPSY,1,1,geometry
2201,S2427695__S24-27695-_-BIOPSY,0,0,geometry
2202,S2227608__S22-27608-_-SERIAL_1,1,1,geometry
2203,S2406753__S24-06753-_-SERIAL_2,0,1,geometry
2204,S2513846__S25-13846_0_BP1A2021_131523,0,0,geometry
2205,S19-40316__S19-40316,1,1,geometry
2206,S2406753__S24-06753-_-SERIAL_2,0,1,geometry
2207,S2247860__S22-47860-_-DEEP_1,1,1,geometry
2208,S2530049__S2530049_0_BP1A2021,0,0,geometry
2209,S19-40316__S19-40316,1,0,geometry
2210,S2525436__S2525436_0_BP1A2021,0,0,geometry
2211,S19-40316__S19-40316,1,1,geometry
2212,S2227604__S22-27604-_-BIOPSY,1,1,geometry
2213,S2511009__S25-11009_0_BP1A2021_052542,0,1,geometry
2214,S2511010__S25-11010_0_BP1A2021_052642,1,0,geometry
2215,S2511009__S25-11009_0_BP1A2021_052542,0,0,geometry
2216,S2516970__S25-16970____155248,1,0,geometry
2217,S2409392__S2409392,0,1,geometry
2218,S2227608__S22-27608-_-SERIAL_2,1,1,geometry
2219,S2415689__S24-15689-_-BIOPSY,1,0,geometry
2220,S2427695__S2427695_BP1B27_C_14045_3,0,0,geometry
2221,S20-26719__S20-26719,1,1,geometry
2222,S2229537__S22-29537-_-SERIAL_1,1,0,geometry
2223,S2227608__S22-27608-_-SERIAL_2,1,0,geometry
2224,S2526362__S2526362_0_BP1A2021,0,1,geometry
2225,S20-26719__S20-26719,1,0,geometry
2226,S2511006__S25-11006_0_BP1A2021_052242,0,1,geometry
2227,S2415689__S24-15689-_-BIOPSY,1,0,geometry
2228,S2513846__S25-13846_0_BP1A2021_161650,0,1,geometry
2229,S2401283__S24-01283-_-BIOPSY,0,1,geometry
2230,S20-26719__S20-26719,1,1,geometry
2231,S2424258__S2424258,0,1,geometry
2232,S2424258__S2424258,0,1,geometry
2233,S2406754__S24-06754-_-DEEP_2,0,0,geometry
2234,S2513846__S25-13846_0_BP1A2021_161650,0,0,geometry
2235,S2527323__S2527323_0_BP1A2021,0,1,geometry
2236,S2227604__S22-27604-_-BIOPSY,1,1,geometry
2237,S20-26719__S20-26719,1,1,geometry
2238,S2406754__S24-06754-_-DEEP_2,0,0,geometry
2239,S19-40316__S19-40316,1,1,geometry
2240,S20-26719__S20-26719,1,0,geometry
2241,S2436457__S2436457_BP1B11_C_15540_2,0,0,geometry
2242,S2409392__S2409392,0,1,geometry
2243,S2227608__S22-27608-_-SERIAL_1,1,1,geometry
2244,S19-40316__S19-40316,1,1,geometry
2245,S2134277__S2134277,1,0,geometry
2246,S20-26719__S20-26719,1,1,geometry
2247,S2424258__S2424258,0,1,geometry
2248,S2513846__S25-13846_0_BP1A2021_131523,0,0,geometry
2249,S19-40316__S19-40316,1,1,geometry
2250,S2415689__S24-15689-_-BIOPSY,1,1,geometry
2251,S2511010__S25-11010_0_BP1A2021_052642,1,1,geometry
2252,S2530981__S2530981_0_BP1A2021,0,1,geometry
2253,S2513846__S25-13846_0_BP1A2021_131523,0,0,geometry
2254,S2530981__S2530981_0_BP1A2021,0,0,geometry
2255,S2511010__S25-11010_0_BP1A2021_052642,1,1,geometry
2256,S2229537__S22-29537-_-SERIAL_1,1,0,geometry
2257,S2425843__S24-25843-_-BIOPSY,0,1,geometry
2258,S2229537__S22-29537-_-SERIAL_1,1,1,geometry
2259,S2227608__S22-27608-_-SERIAL_2,1,0,geometry
2260,S20-26719__S20-26719,1,0,geometry
2261,S2247860__S22-47860-_-DEEP_1,1,1,geometry
2262,S16-17719__S16-17719,1,0,geometry
2263,S2346179__S23-46179-_-BIOPSY,1,0,geometry
2264,S2530985__S2530985_0_BP1A2021,0,0,geometry
2265,S2227608__S22-27608-_-SERIAL_1,1,0,geometry
2266,S20-26719__S20-26719,1,0,geometry
2267,S2415689__S24-15689-_-BIOPSY,1,0,geometry
2268,S2524760__S2524760_0_BP1A2021,0,1,geometry
2269,S2531989__S2531989_0_BP1A2021,0,0,geometry
2270,S2227608__S22-27608-_-SERIAL_2,1,1,geometry
2271,S19-40316__S19-40316,1,1,geometry
2272,S2520402__S2520402_0_BP1A2021,0,1,geometry
2273,S2425843__S24-25843-_-BIOPSY,0,0,geometry
2274,S2227608__S22-27608-_-SERIAL_2,1,1,geometry
2275,S2511010__S25-11010_0_BP1A2021_052642,1,1,geometry
2276,S2227604__S22-27604-_-BIOPSY,1,0,geometry
2277,S2227608__S22-27608-_-SERIAL_1,1,0,geometry
2278,S2344462__S23-44462-_-BIOPSY,0,0,geometry
2279,S2531989__S2531989_0_BP1A2021,0,1,geometry
2280,S2216630__S2216630--DEEP_1,0,0,geometry
2281,S2227608__S22-27608-_-SERIAL_2,1,1,geometry
2282,S2406754__S24-06754-_-SERIAL_1,0,0,geometry
2283,S2247860__S22-47860-_-DEEP_1,1,0,geometry
2284,S2513846__S25-13846_0_BP1A2021_161650,0,0,geometry
2285,S2526362__S2526362_0_BP1A2021,0,1,geometry
2286,S2227608__S22-27608-_-SERIAL_2,1,0,geometry
2287,S2511010__S25-11010_0_BP1A2021_052642,1,0,geometry
2288,S2512685__S2512685_0_,0,1,geometry
2289,S2237601__S22-37601-_-,0,0,geometry
2290,S2227608__S22-27608-_-SERIAL_1,1,0,geometry
2291,S2530991__S2530991_0_BP1A2021,0,1,geometry
2292,S2247860__S22-47860-_-DEEP_1,1,0,geometry
2293,S2511006__S25-11006_0_BP1A2021_052242,0,1,geometry
2294,S2427695__S2427695_BP1B27_C_14045_3,0,0,geometry
2295,S2227604__S22-27604-_-BIOPSY,1,1,geometry
2296,S2227608__S22-27608-_-SERIAL_1,1,0,geometry
2297,S2227604__S22-27604-_-BIOPSY,1,1,geometry
2298,S2512685__S2512685_0_,0,1,geometry
2299,S19-40316__S19-40316,1,0,geometry
2300,S2227604__S22-27604-_-BIOPSY,1,1,geometry
2301,S2516971__S25-16971____155423,0,0,geometry
2302,S2530981__S2530981_0_BP1A2021,0,1,geometry
2303,S2522994__S2522994_0_BP1A2021,0,0,geometry
2304,S2524777__S2524777_0_BP1A2021,0,0,geometry
2305,S2516970__S25-16970____155248,1,0,geometry
2306,S2427695__S2427695_BP1B27_C_14045_3,0,0,geometry
2307,S16-17719__S16-17719,1,0,geometry
2308,S20-26719__S20-26719,1,0,geometry
2309,S2516970__S25-16970____155248,1,0,geometry
2310,S2531989__S2531989_0_BP1A2021,0,0,geometry
2311,S2229537__S22-29537-_-SERIAL_1,1,1,geometry
2312,S2247860__S22-47860-_-DEEP_1,1,1,geometry
2313,S20-26719__S20-26719,1,1,geometry
2314,S19-40316__S19-40316,1,0,geometry
2315,S2424258__S2424258,0,1,geometry
2316,S2227608__S22-27608-_-SERIAL_2,1,0,geometry
2317,S2134277__S2134277,1,0,geometry
2318,S2530985__S2530985_0_BP1A2021,0,1,geometry
2319,S20-28924__S20-28924,0,1,geometry
2320,S2524760__S2524760_0_BP1A2021,0,0,geometry
2321,S2516971__S25-16971____140945,0,0,geometry
2322,S2511010__S25-11010_0_BP1A2021_052642,1,1,geometry
2323,S2346179__S23-46179-_-BIOPSY,1,1,geometry
2324,S2134277__S2134277,1,0,geometry
2325,S2521239__S2521239_0_BP1A2021,0,0,geometry
2326,S2513846__S25-13846_0_BP1A2021_131523,0,1,geometry
2327,S2247860__S22-47860-_-DEEP_1,1,0,geometry
2328,S2415689__S24-15689-_-BIOPSY,1,1,geometry
2329,S2415689__S24-15689-_-BIOPSY,1,0,geometry
2330,S2227608__S22-27608-_-SERIAL_2,1,1,geometry
2331,S20-26719__S20-26719,1,1,geometry
2332,S19-40316__S19-40316,1,0,geometry
2333,S2344462__S23-44462-_-BIOPSY,0,0,geometry
2334,S20-26719__S20-26719,1,1,geometry
2335,S2424258__S2424258,0,1,geometry
2336,S2227608__S22-27608-_-SERIAL_1,1,1,geometry
2337,S2247860__S22-47860-_-DEEP_1,1,0,geometry
2338,S2344462__S23-44462-_-BIOPSY,0,1,geometry
2339,S2425843__S24-25843-_-BIOPSY,0,0,geometry
2340,S2513846__S25-13846_0_BP1A2021_131523,0,1,geometry
2341,S2247860__S22-47860-_-DEEP_1,1,1,geometry
2342,S2247860__S22-47860-_-DEEP_1,1,1,geometry
2343,S2511009__S25-11009_0_BP1A2021_052542,0,0,geometry
2344,S2520404__S2520404_0_BP1A2021,0,1,geometry
2345,S2134277__S2134277,1,1,geometry
2346,S2424255__S2424255,0,1,geometry
2347,S2424255__S2424255,0,1,geometry
2348,S2512685__S2512685_0_,0,1,geometry
2349,S2247860__S22-47860-_-DEEP_1,1,0,geometry
2350,S16-17719__S16-17719,1,1,geometry
2351,S2530985__S2530985_0_BP1A2021,0,1,geometry
2352,S2512685__S2512685_0_,0,1,geometry
2353,S2425843__S24-25843-_-BIOPSY,0,0,geometry
2354,S2524777__S2524777_0_BP1A2021,0,0,geometry
2355,S19-40316__S19-40316,1,0,geometry
2356,S2511010__S25-11010_0_BP1A2021_052642,1,1,geometry
2357,S2401283__S24-01283-_-BIOPSY,0,1,geometry
2358,S2427695__S24-27695-_-BIOPSY,0,1,geometry
2359,S2425843__S24-25843-_-BIOPSY,0,0,geometry
2360,S2415689__S24-15689-_-BIOPSY,1,1,geometry
2361,S2227608__S22-27608-_-SERIAL_1,1,0,geometry
2362,S2535840__S2535840_0_BP1A2021,0,0,geometry
2363,S2520402__S2520402_0_BP1A2021,0,1,geometry
2364,S2516971__S25-16971____155423,0,1,geometry
2365,S2516970__S25-16970____155248,1,0,geometry
2366,S2134277__S2134277,1,0,geometry
2367,S2229537__S22-29537-_-SERIAL_1,1,0,geometry
2368,S2516970__S25-16970____155248,1,1,geometry
2369,S2511009__S25-11009_0_BP1A2021_052542,0,1,geometry
2370,S2516970__S25-16970____155248,1,0,geometry
2371,S2535840__S2535840_0_BP1A2021,0,1,geometry
2372,S2529112__S2529112_0_BP1A2021,0,0,geometry
2373,S2134277__S2134277,1,1,geometry
2374,S2227608__S22-27608-_-SERIAL_1,1,0,geometry
2375,S2530991__S2530991_0_BP1A2021,0,1,geometry
2376,S20-28924__S20-28924,0,1,geometry
2377,S2511006__S25-11006_0_BP1A2021_052242,0,0,geometry
2378,S2424259__S2424259,0,0,geometry
2379,S2424258__S2424258,0,0,geometry
2380,S2227608__S22-27608-_-SERIAL_2,1,1,geometry
2381,S2134277__S2134277,1,0,geometry
2382,S2522994__S2522994_0_BP1A2021,0,0,geometry
2383,S2227604__S22-27604-_-BIOPSY,1,1,geometry
2384,S2520404__S2520404_0_BP1A2021,0,0,geometry
2385,S2134277__S2134277,1,0,geometry
2386,S2516970__S25-16970____155248,1,0,geometry
2387,S2227604__S22-27604-_-BIOPSY,1,1,geometry
2388,S2436457__S2436457_BP1B11_C_15540_2,0,1,geometry
2389,S16-17719__S16-17719,1,0,geometry
2390,S2227604__S22-27604-_-BIOPSY,1,0,geometry
2391,S2511010__S25-11010_0_BP1A2021_052642,1,1,geometry
2392,S2247860__S22-47860-_-DEEP_1,1,0,geometry
2393,S2247860__S22-47860-_-DEEP_1,1,0,geometry
2394,S2229537__S22-29537-_-SERIAL_1,1,1,geometry
2395,S2530981__S2530981_0_BP1A2021,0,1,geometry
2396,S2346179__S23-46179-_-BIOPSY,1,1,geometry
2397,S2346179__S23-46179-_-BIOPSY,1,1,geometry
2398,S2227604__S22-27604-_-BIOPSY,1,1,geometry
2399,S19-40316__S19-40316,1,0,geometry
2400,S2227604__S22-27604-_-BIOPSY,1,1,geometry
2401,S16-17719__S16-17719,1,0,geometry
2402,S2511010__S25-11010_0_BP1A2021_052642,1,0,geometry
2403,S2522994__S2522994_0_BP1A2021,0,1,geometry
2404,S20-26719__S20-26719,1,0,geometry
2405,S19-40316__S19-40316,1,1,geometry
2406,S2229537__S22-29537-_-SERIAL_1,1,1,geometry
2407,S2406753__S24-06753-_-DEEP_1,0,0,geometry
2408,S2227608__S22-27608-_-SERIAL_2,1,1,geometry
2409,S2520402__S2520402_0_BP1A2021,0,1,geometry
2410,S2530991__S2530991_0_BP1A2021,0,1,geometry
2411,S2424255__S2424255,0,1,geometry
2412,S2406753__S24-06753-_-DEEP_1,0,0,geometry
2413,S2229537__S22-29537-_-SERIAL_1,1,1,geometry
2414,S2406753__S24-06753-_-SERIAL_2,0,0,geometry
2415,S16-17719__S16-17719,1,0,geometry
2416,S2528218__S2528218_0_BP1A2021,0,0,geometry
2417,S2406753__S24-06753-_-SERIAL_2,0,0,geometry
2418,S2247860__S22-47860-_-DEEP_1,1,0,geometry
2419,S2427695__S24-27695-_-BIOPSY,0,1,geometry
2420,S2227604__S22-27604-_-BIOPSY,1,0,geometry
2421,S2346179__S23-46179-_-BIOPSY,1,0,geometry
2422,S2344462__S23-44462-_-BIOPSY,0,0,geometry
2423,S2406753__S24-06753-_-SERIAL_2,0,1,geometry
2424,S2227608__S22-27608-_-SERIAL_2,1,0,geometry
2425,S2527323__S2527323_0_BP1A2021,0,0,geometry
2426,S2513846__S25-13846_0_BP1A2021_131523,0,1,geometry
2427,S2229537__S22-29537-_-SERIAL_1,1,1,geometry
2428,S2401283__S24-01283-_-BIOPSY,0,0,geometry
2429,S2229537__S22-29537-_-SERIAL_1,1,0,geometry
2430,S2216630__S2216630--DEEP_1,0,1,geometry
2431,S2247860__S22-47860-_-DEEP_1,1,1,geometry
2432,S2516971__S25-16971____140945,0,1,geometry
2433,S2406754__S24-06754-_-SERIAL_1,0,0,geometry
2434,S2530991__S2530991_0_BP1A2021,0,0,geometry
2435,S2406753__S24-06753-_-SERIAL_2,0,0,geometry
2436,S2346179__S23-46179-_-BIOPSY,1,1,geometry
2437,S2401283__S24-01283-_-BIOPSY,0,0,geometry
2438,S2415689__S24-15689-_-BIOPSY,1,1,geometry
2439,S2227604__S22-27604-_-BIOPSY,1,1,geometry
2440,S19-40316__S19-40316,1,0,geometry
2441,S2513846__S25-13846_0_BP1A2021_131523,0,1,geometry
2442,S2511010__S25-11010_0_BP1A2021_052642,1,0,geometry
2443,S2344462__S23-44462-_-BIOPSY,0,0,geometry
2444,S2227608__S22-27608-_-SERIAL_2,1,0,geometry
2445,S2511010__S25-11010_0_BP1A2021_052642,1,1,geometry
2446,S2516971__S25-16971____140945,0,1,geometry
2447,S2530985__S2530985_0_BP1A2021,0,0,geometry
2448,S2227604__S22-27604-_-BIOPSY,1,1,geometry
2449,S2531985__S2531985_0_BP1A2021,0,0,geometry
2450,S2134277__S2134277,1,0,geometry
2451,S2216630__S2216630--DEEP_1,0,0,geometry
2452,S2516970__S25-16970____155248,1,0,geometry
2453,S2513846__S25-13846_0_BP1A2021_161650,0,0,geometry
2454,S2525436__S2525436_0_BP1A2021,0,1,geometry
2455,S2531989__S2531989_0_BP1A2021,0,0,geometry
2456,S19-40316__S19-40316,1,1,geometry
2457,S2521239__S2521239_0_BP1A2021,0,0,geometry
2458,S2528218__S2528218_0_BP1A2021,0,1,geometry
2459,S2406754__S24-06754-_-SERIAL_1,0,1,geometry
2460,S2521239__S2521239_0_BP1A2021,0,1,geometry
2461,S16-17719__S16-17719,1,1,geometry
2462,S2247860__S22-47860-_-DEEP_1,1,1,geometry
2463,S2511007__S25-11007_0_BP1A2021_052433,0,1,geometry
2464,S2525436__S2525436_0_BP1A2021,0,0,geometry
2465,S20-26719__S20-26719,1,1,geometry
2466,S2530991__S2530991_0_BP1A2021,0,1,geometry
2467,S2516971__S25-16971____140945,0,1,geometry
2468,S2227608__S22-27608-_-SERIAL_1,1,1,geometry
2469,S2516970__S25-16970____155248,1,0,geometry
2470,S2530981__S2530981_0_BP1A2021,0,1,geometry
2471,S2516970__S25-16970____155248,1,0,geometry
2472,S2530991__S2530991_0_BP1A2021,0,0,geometry
2473,S2229537__S22-29537-_-SERIAL_1,1,1,geometry
2474,S20-28924__S20-28924,0,0,geometry
2475,S2527323__S2527323_0_BP1A2021,0,0,geometry
2476,S2513846__S25-13846_0_BP1A2021_131523,0,0,geometry
2477,S2511010__S25-11010_0_BP1A2021_052642,1,1,geometry
2478,S2346179__S23-46179-_-BIOPSY,1,0,geometry
2479,S2406754__S24-06754-_-SERIAL_1,0,1,geometry
2480,S19-40316__S19-40316,1,0,geometry
2481,S2531989__S2531989_0_BP1A2021,0,1,geometry
2482,S2415689__S24-15689-_-BIOPSY,1,1,geometry
2483,S2237601__S22-37601-_-,0,1,geometry
2484,S2247860__S22-47860-_-DEEP_1,1,1,geometry
2485,S2134277__S2134277,1,0,geometry
2486,S2436457__S2436457_BP1B11_C_15540_2,0,1,geometry
2487,S19-40316__S19-40316,1,1,geometry
2488,S2346179__S23-46179-_-BIOPSY,1,0,geometry
2489,S2513848__S25-13848_0_BP1A2021_131436,0,1,geometry
2490,S2427695__S24-27695-_-BIOPSY,0,1,geometry
2491,S2409392__S2409392,0,1,geometry
2492,S2529112__S2529112_0_BP1A2021,0,0,geometry
2493,S2346179__S23-46179-_-BIOPSY,1,0,geometry
2494,S2436457__S2436457_BP1B11_C_15540_2,0,0,geometry
2495,S2406753__S24-06753-_-SERIAL_2,0,0,geometry
2496,S2424258__S2424258,0,1,geometry
2497,S2512685__S2512685_0_,0,1,geometry
2498,S2513848__S25-13848_0_BP1A2021_131436,0,1,geometry
2499,S2436457__S2436457_BP1B11_C_15540_2,0,0,geometry
2500,S2530049__S2530049_0_BP1A2021,0,1,geometry
2501,S2247860__S22-47860-_-DEEP_1,1,1,geometry
2502,S2134277__S2134277,1,0,geometry
2503,S16-17719__S16-17719,1,0,geometry
2504,S2525436__S2525436_0_BP1A2021,0,1,geometry
2505,S2511007__S25-11007_0_BP1A2021_052433,0,1,geometry
2506,S2247860__S22-47860-_-DEEP_1,1,0,geometry
2507,S2531989__S2531989_0_BP1A2021,0,0,geometry
2508,S16-17719__S16-17719,1,1,geometry
2509,S2346179__S23-46179-_-BIOPSY,1,1,geometry
2510,S2525436__S2525436_0_BP1A2021,0,0,geometry
2511,S2516970__S25-16970____155248,1,0,geometry
2512,S20-28924__S20-28924,0,1,geometry
2513,S2521239__S2521239_0_BP1A2021,0,0,geometry
2514,S2527323__S2527323_0_BP1A2021,0,1,geometry
2515,S2227604__S22-27604-_-BIOPSY,1,1,geometry
2516,S2406754__S24-06754-_-DEEP_2,0,0,geometry
2517,S2346179__S23-46179-_-BIOPSY,1,0,geometry
2518,S2134277__S2134277,1,1,geometry
2519,S2406753__S24-06753-_-SERIAL_2,0,0,geometry
2520,S2346179__S23-46179-_-BIOPSY,1,1,geometry
2521,S2406753__S24-06753-_-DEEP_1,0,1,geometry
2522,S2427695__S2427695_BP1B27_C_14045_3,0,0,geometry
2523,S2247860__S22-47860-_-DEEP_1,1,1,geometry
2524,S2247860__S22-47860-_-DEEP_1,1,0,geometry
2525,S2134277__S2134277,1,0,geometry
2526,S2229537__S22-29537-_-SERIAL_1,1,0,geometry
2527,S2425843__S24-25843-_-BIOPSY,0,0,geometry
2528,S2530049__S2530049_0_BP1A2021,0,1,geometry
2529,S20-26719__S20-26719,1,1,geometry
2530,S2516970__S25-16970____155248,1,1,geometry
2531,S2227608__S22-27608-_-SERIAL_2,1,0,geometry
2532,S2521239__S2521239_0_BP1A2021,0,0,geometry
2533,S2134277__S2134277,1,0,geometry
2534,S2512685__S2512685_0_,0,1,geometry
2535,S2511010__S25-11010_0_BP1A2021_052642,1,1,geometry
2536,S20-26719__S20-26719,1,1,geometry
2537,S2520404__S2520404_0_BP1A2021,0,1,geometry
2538,S2520404__S2520404_0_BP1A2021,0,0,geometry
2539,S20-28924__S20-28924,0,0,geometry
2540,S16-17719__S16-17719,1,0,geometry
2541,S2229537__S22-29537-_-SERIAL_1,1,1,geometry
2542,S2516970__S25-16970____155248,1,0,geometry
2543,S2346179__S23-46179-_-BIOPSY,1,0,geometry
2544,S2524777__S2524777_0_BP1A2021,0,1,geometry
2545,S2527323__S2527323_0_BP1A2021,0,0,geometry
2546,S2247860__S22-47860-_-DEEP_1,1,0,geometry
2547,S2134277__S2134277,1,0,geometry
2548,S2227604__S22-27604-_-BIOPSY,1,0,geometry
2549,S20-26719__S20-26719,1,0,geometry
2550,S2409392__S2409392,0,0,geometry
2551,S2531985__S2531985_0_BP1A2021,0,1,geometry
2552,S2409392__S2409392,0,1,geometry
2553,S2406753__S24-06753-_-SERIAL_2,0,1,geometry
2554,S2229537__S22-29537-_-SERIAL_1,1,0,geometry
2555,S2526362__S2526362_0_BP1A2021,0,0,geometry
2556,S2513846__S25-13846_0_BP1A2021_131523,0,1,geometry
2557,S20-26719__S20-26719,1,0,geometry
2558,S2525436__S2525436_0_BP1A2021,0,0,geometry
2559,S2346179__S23-46179-_-BIOPSY,1,0,geometry
2560,S2229537__S22-29537-_-SERIAL_1,1,1,geometry
2561,S2134277__S2134277,1,1,geometry
2562,S2427695__S24-27695-_-BIOPSY,0,1,geometry
2563,S2344462__S23-44462-_-BIOPSY,0,0,geometry
2564,S2526362__S2526362_0_BP1A2021,0,0,geometry
2565,S2516970__S25-16970____155248,1,0,geometry
2566,S2406754__S24-06754-_-SERIAL_1,0,0,geometry
2567,S2227608__S22-27608-_-SERIAL_2,1,1,geometry
2568,S2227604__S22-27604-_-BIOPSY,1,0,geometry
2569,S2247860__S22-47860-_-DEEP_1,1,1,geometry
2570,S2346179__S23-46179-_-BIOPSY,1,1,geometry
2571,S2227608__S22-27608-_-SERIAL_1,1,0,geometry
2572,S2516970__S25-16970____155248,1,0,geometry
2573,S2401283__S24-01283-_-BIOPSY,0,0,geometry
2574,S2436457__S2436457_BP1B11_C_15540_2,0,0,geometry
2575,S2227608__S22-27608-_-SERIAL_1,1,0,geometry
2576,S2216630__S2216630--DEEP_1,0,1,geometry
2577,S19-40316__S19-40316,1,0,geometry
2578,S2511007__S25-11007_0_BP1A2021_052433,0,1,geometry
2579,S2524777__S2524777_0_BP1A2021,0,1,geometry
2580,S2521239__S2521239_0_BP1A2021,0,1,geometry
2581,S2247860__S22-47860-_-DEEP_1,1,0,geometry
2582,S2520404__S2520404_0_BP1A2021,0,1,geometry
2583,S2401283__S24-01283-_-BIOPSY,0,1,geometry
2584,S2424258__S2424258,0,0,geometry
2585,S2346179__S23-46179-_-BIOPSY,1,0,geometry
2586,S2516970__S25-16970____155248,1,0,geometry
2587,S2406753__S24-06753-_-DEEP_1,0,1,geometry
2588,S2513846__S25-13846_0_BP1A2021_131523,0,0,geometry
2589,S2346179__S23-46179-_-BIOPSY,1,0,geometry
2590,S2227604__S22-27604-_-BIOPSY,1,0,geometry
2591,S2527323__S2527323_0_BP1A2021,0,0,geometry
2592,S2531985__S2531985_0_BP1A2021,0,1,geometry
2593,S2511007__S25-11007_0_BP1A2021_052433,0,0,geometry
2594,S2513848__S25-13848_0_BP1A2021_131436,0,1,geometry
2595,S2530985__S2530985_0_BP1A2021,0,1,geometry
2596,S2216630__S2216630--DEEP_1,0,1,geometry
2597,S20-26719__S20-26719,1,1,geometry
2598,S16-17719__S16-17719,1,1,geometry
2599,S2134277__S2134277,1,1,geometry
2600,S2516970__S25-16970____155248,1,1,geometry
2601,S2406754__S24-06754-_-SERIAL_1,0,0,geometry
2602,S2511010__S25-11010_0_BP1A2021_052642,1,1,geometry
2603,S2424255__S2424255,0,0,geometry
2604,S2346179__S23-46179-_-BIOPSY,1,0,geometry
2605,S2344462__S23-44462-_-BIOPSY,0,1,geometry
2606,S2535840__S2535840_0_BP1A2021,0,1,geometry
2607,S19-40316__S19-40316,1,0,geometry
2608,S2427695__S2427695_BP1B27_C_14045_3,0,0,geometry
2609,S2436457__S2436457_BP1B11_C_15540_2,0,1,geometry
2610,S2247860__S22-47860-_-DEEP_1,1,1,geometry
2611,S2511010__S25-11010_0_BP1A2021_052642,1,0,geometry
2612,S2229537__S22-29537-_-SERIAL_1,1,0,geometry
2613,S2227604__S22-27604-_-BIOPSY,1,0,geometry
2614,S2424259__S2424259,0,1,geometry
2615,S2513846__S25-13846_0_BP1A2021_131523,0,0,geometry
2616,S20-26719__S20-26719,1,1,geometry
2617,S2427695__S2427695_BP1B27_C_14045_3,0,0,geometry
2618,S2531989__S2531989_0_BP1A2021,0,0,geometry
2619,S2227604__S22-27604-_-BIOPSY,1,0,geometry
2620,S2424255__S2424255,0,1,geometry
2621,S2512685__S2512685_0_,0,0,geometry
2622,S2406754__S24-06754-_-DEEP_2,0,1,geometry
2623,S2227604__S22-27604-_-BIOPSY,1,1,geometry
2624,S2522994__S2522994_0_BP1A2021,0,0,geometry
2625,S20-28924__S20-28924,0,1,geometry
2626,S2227608__S22-27608-_-SERIAL_1,1,1,geometry
2627,S20-26719__S20-26719,1,1,geometry
2628,S2415689__S24-15689-_-BIOPSY,1,0,geometry
2629,S2247860__S22-47860-_-DEEP_1,1,1,geometry
2630,S2346179__S23-46179-_-BIOPSY,1,1,geometry
2631,S16-17719__S16-17719,1,0,geometry
2632,S2134277__S2134277,1,1,geometry
2633,S2535840__S2535840_0_BP1A2021,0,1,geometry
2634,S2511010__S25-11010_0_BP1A2021_052642,1,0,geometry
2635,S2227604__S22-27604-_-BIOPSY,1,0,geometry
2636,S2227608__S22-27608-_-SERIAL_2,1,0,geometry
2637,S2529112__S2529112_0_BP1A2021,0,0,geometry
2638,S20-26719__S20-26719,1,1,geometry
2639,S2247860__S22-47860-_-DEEP_1,1,0,geometry
2640,S19-40316__S19-40316,1,0,geometry
2641,S2227608__S22-27608-_-SERIAL_1,1,1,geometry
2642,S2516971__S25-16971____140945,0,0,geometry
2643,S2531985__S2531985_0_BP1A2021,0,0,geometry
2644,S16-17719__S16-17719,1,1,geometry
2645,S2247860__S22-47860-_-DEEP_1,1,0,geometry
2646,S2229537__S22-29537-_-SERIAL_1,1,0,geometry
2647,S2227608__S22-27608-_-SERIAL_1,1,0,geometry
2648,S2227608__S22-27608-_-SERIAL_1,1,1,geometry
2649,S2346179__S23-46179-_-BIOPSY,1,0,geometry
2650,S2512685__S2512685_0_,0,1,geometry
2651,S2529112__S2529112_0_BP1A2021,0,0,geometry
2652,S2530049__S2530049_0_BP1A2021,0,1,geometry
2653,S2424259__S2424259,0,0,geometry
2654,S2513846__S25-13846_0_BP1A2021_161650,0,1,geometry
2655,S19-40316__S19-40316,1,0,geometry
2656,S2513846__S25-13846_0_BP1A2021_131523,0,0,geometry
2657,S2227604__S22-27604-_-BIOPSY,1,0,geometry
2658,S2227604__S22-27604-_-BIOPSY,1,1,geometry
2659,S2344462__S23-44462-_-BIOPSY,0,0,geometry
2660,S2346179__S23-46179-_-BIOPSY,1,1,geometry
2661,S2227604__S22-27604-_-BIOPSY,1,1,geometry
2662,S2227608__S22-27608-_-SERIAL_2,1,1,geometry
2663,S2227608__S22-27608-_-SERIAL_1,1,0,geometry
2664,S2424258__S2424258,0,0,geometry
2665,S2513848__S25-13848_0_BP1A2021_131436,0,0,geometry
2666,S2427695__S2427695_BP1B27_C_14045_3,0,0,geometry
2667,S2227608__S22-27608-_-SERIAL_1,1,1,geometry
2668,S2527323__S2527323_0_BP1A2021,0,1,geometry
2669,S2409392__S2409392,0,1,geometry
2670,S2227608__S22-27608-_-SERIAL_1,1,0,geometry
2671,S2520404__S2520404_0_BP1A2021,0,0,geometry
2672,S2227604__S22-27604-_-BIOPSY,1,0,geometry
2673,S2229537__S22-29537-_-SERIAL_1,1,1,geometry
2674,S2406753__S24-06753-_-SERIAL_2,0,0,geometry
2675,S2525436__S2525436_0_BP1A2021,0,1,geometry
2676,S2516971__S25-16971____140945,0,1,geometry
2677,S2511010__S25-11010_0_BP1A2021_052642,1,1,geometry
2678,S2530049__S2530049_0_BP1A2021,0,1,geometry
2679,S2530981__S2530981_0_BP1A2021,0,1,geometry
2680,S2415689__S24-15689-_-BIOPSY,1,1,geometry
2681,S2516971__S25-16971____140945,0,0,geometry
2682,S2247860__S22-47860-_-DEEP_1,1,1,geometry
2683,S19-40316__S19-40316,1,0,geometry
2684,S2227608__S22-27608-_-SERIAL_2,1,1,geometry
2685,S2415689__S24-15689-_-BIOPSY,1,1,geometry
2686,S2513848__S25-13848_0_BP1A2021_131436,0,0,geometry
2687,S2427695__S24-27695-_-BIOPSY,0,0,geometry
2688,S2530049__S2530049_0_BP1A2021,0,0,geometry
2689,S2516971__S25-16971____140945,0,0,geometry
2690,S2511010__S25-11010_0_BP1A2021_052642,1,0,geometry
2691,S2227604__S22-27604-_-BIOPSY,1,1,geometry
2692,S2415689__S24-15689-_-BIOPSY,1,1,geometry
2693,S2427695__S24-27695-_-BIOPSY,0,0,geometry
2694,S2520404__S2520404_0_BP1A2021,0,1,geometry
2695,S2344462__S23-44462-_-BIOPSY,0,1,geometry
2696,S2535840__S2535840_0_BP1A2021,0,1,geometry
2697,S2527323__S2527323_0_BP1A2021,0,1,geometry
2698,S2516970__S25-16970____155248,1,0,geometry
2699,S20-26719__S20-26719,1,0,geometry
2700,S2512685__S2512685_0_,0,0,geometry
2701,S2346179__S23-46179-_-BIOPSY,1,0,geometry
2702,S2227604__S22-27604-_-BIOPSY,1,0,geometry
2703,S2247860__S22-47860-_-DEEP_1,1,1,geometry
2704,S2516970__S25-16970____155248,1,0,geometry
2705,S2415689__S24-15689-_-BIOPSY,1,0,geometry
2706,S2406754__S24-06754-_-SERIAL_1,0,1,geometry
2707,S2424255__S2424255,0,0,geometry
2708,S20-28924__S20-28924,0,0,geometry
2709,S2516971__S25-16971____140945,0,1,geometry
2710,S2513848__S25-13848_0_BP1A2021_131436,0,1,geometry
2711,S2522994__S2522994_0_BP1A2021,0,1,geometry
2712,S2227608__S22-27608-_-SERIAL_1,1,0,geometry
2713,S2511010__S25-11010_0_BP1A2021_052642,1,1,geometry
2714,S2512685__S2512685_0_,0,1,geometry
2715,S2227608__S22-27608-_-SERIAL_1,1,1,geometry
2716,S2415689__S24-15689-_-BIOPSY,1,1,geometry
2717,S2513846__S25-13846_0_BP1A2021_161650,0,1,geometry
2718,S19-40316__S19-40316,1,1,geometry
2719,S16-17719__S16-17719,1,1,geometry
2720,S2530985__S2530985_0_BP1A2021,0,0,geometry
2721,S2524760__S2524760_0_BP1A2021,0,0,geometry
2722,S2227608__S22-27608-_-SERIAL_2,1,0,geometry
2723,S2247860__S22-47860-_-DEEP_1,1,0,geometry
2724,S2516971__S25-16971____140945,0,1,geometry
2725,S2526362__S2526362_0_BP1A2021,0,1,geometry
2726,S2520404__S2520404_0_BP1A2021,0,1,geometry
2727,S2522994__S2522994_0_BP1A2021,0,1,geometry
2728,S2529112__S2529112_0_BP1A2021,0,1,geometry
2729,S2227608__S22-27608-_-SERIAL_2,1,0,geometry
2730,S2227604__S22-27604-_-BIOPSY,1,1,geometry
2731,S2524777__S2524777_0_BP1A2021,0,0,geometry
2732,S2134277__S2134277,1,1,geometry
2733,S2527323__S2527323_0_BP1A2021,0,1,geometry
2734,S2531989__S2531989_0_BP1A2021,0,1,geometry
2735,S16-17719__S16-17719,1,0,geometry
2736,S2521239__S2521239_0_BP1A2021,0,1,geometry
2737,S16-17719__S16-17719,1,0,geometry
2738,S2346179__S23-46179-_-BIOPSY,1,1,geometry
2739,S2227604__S22-27604-_-BIOPSY,1,0,geometry
2740,S2216630__S2216630--DEEP_1,0,1,geometry
2741,S19-40316__S19-40316,1,1,geometry
2742,S2516970__S25-16970____155248,1,1,geometry
2743,S2516971__S25-16971____140945,0,0,geometry
2744,S2511010__S25-11010_0_BP1A2021_052642,1,1,geometry
2745,S2529112__S2529112_0_BP1A2021,0,1,geometry
2746,S2227604__S22-27604-_-BIOPSY,1,1,geometry
2747,S2522994__S2522994_0_BP1A2021,0,0,geometry
2748,S2406754__S24-06754-_-SERIAL_1,0,0,geometry
2749,S19-40316__S19-40316,1,1,geometry
2750,S2528218__S2528218_0_BP1A2021,0,1,geometry
2751,S2237601__S22-37601-_-,0,0,geometry
2752,S2516971__S25-16971____155423,0,1,geometry
2753,S20-26719__S20-26719,1,0,geometry
2754,S2511009__S25-11009_0_BP1A2021_052542,0,0,geometry
2755,S2424259__S2424259,0,1,geometry
2756,S2530985__S2530985_0_BP1A2021,0,1,geometry
2757,S2227604__S22-27604-_-BIOPSY,1,0,geometry
2758,S16-17719__S16-17719,1,1,geometry
2759,S2401283__S24-01283-_-BIOPSY,0,0,geometry
2760,S2511006__S25-11006_0_BP1A2021_052242,0,0,geometry
2761,S2227604__S22-27604-_-BIOPSY,1,1,geometry
2762,S2406753__S24-06753-_-SERIAL_2,0,0,geometry
2763,S2415689__S24-15689-_-BIOPSY,1,0,geometry
2764,S2134277__S2134277,1,1,geometry
2765,S2229537__S22-29537-_-SERIAL_1,1,0,geometry
2766,S2227604__S22-27604-_-BIOPSY,1,1,geometry
2767,S2511007__S25-11007_0_BP1A2021_052433,0,1,geometry
2768,S2134277__S2134277,1,0,geometry
2769,S2513848__S25-13848_0_BP1A2021_131436,0,1,geometry
2770,S20-26719__S20-26719,1,1,geometry
2771,S19-40316__S19-40316,1,0,geometry
2772,S2227608__S22-27608-_-SERIAL_2,1,1,geometry
2773,S2513848__S25-13848_0_BP1A2021_131436,0,1,geometry
2774,S20-26719__S20-26719,1,0,geometry
2775,S2530049__S2530049_0_BP1A2021,0,0,geometry
2776,S2525436__S2525436_0_BP1A2021,0,1,geometry
2777,S2520402__S2520402_0_BP1A2021,0,1,geometry
2778,S2415689__S24-15689-_-BIOPSY,1,1,geometry
2779,S2524760__S2524760_0_BP1A2021,0,0,geometry
2780,S20-28924__S20-28924,0,0,geometry
2781,S2227604__S22-27604-_-BIOPSY,1,1,geometry
2782,S2134277__S2134277,1,0,geometry
2783,S2516971__S25-16971____140945,0,1,geometry
2784,S2216630__S2216630--DEEP_1,0,1,geometry
2785,S2530985__S2530985_0_BP1A2021,0,1,geometry
2786,S2406754__S24-06754-_-DEEP_2,0,0,geometry
2787,S2216630__S2216630--DEEP_1,0,0,geometry
2788,S2524760__S2524760_0_BP1A2021,0,1,geometry
2789,S2229537__S22-29537-_-SERIAL_1,1,0,geometry
2790,S19-40316__S19-40316,1,0,geometry
2791,S2424259__S2424259,0,0,geometry
2792,S2406753__S24-06753-_-SERIAL_2,0,1,geometry
2793,S2227604__S22-27604-_-BIOPSY,1,1,geometry
2794,S2531985__S2531985_0_BP1A2021,0,1,geometry
2795,S2247860__S22-47860-_-DEEP_1,1,1,geometry
2796,S20-26719__S20-26719,1,1,geometry
2797,S2516971__S25-16971____140945,0,0,geometry
2798,S20-26719__S20-26719,1,1,geometry
2799,S2516971__S25-16971____155423,0,1,geometry
2800,S2531989__S2531989_0_BP1A2021,0,0,geometry
2801,S2527323__S2527323_0_BP1A2021,0,1,geometry
2802,S2513848__S25-13848_0_BP1A2021_131436,0,1,geometry
2803,S2227608__S22-27608-_-SERIAL_1,1,0,geometry
2804,S2513846__S25-13846_0_BP1A2021_131523,0,1,geometry
2805,S2511007__S25-11007_0_BP1A2021_052433,0,0,geometry
2806,S2531989__S2531989_0_BP1A2021,0,1,geometry
2807,S2530985__S2530985_0_BP1A2021,0,0,geometry
2808,S2513846__S25-13846_0_BP1A2021_161650,0,0,geometry
2809,S2346179__S23-46179-_-BIOPSY,1,0,geometry
2810,S2346179__S23-46179-_-BIOPSY,1,1,geometry
2811,S2344462__S23-44462-_-BIOPSY,0,1,geometry
2812,S2134277__S2134277,1,0,geometry
2813,S2513848__S25-13848_0_BP1A2021_131436,0,0,geometry
2814,S2520402__S2520402_0_BP1A2021,0,0,geometry
2815,S2409392__S2409392,0,0,geometry
2816,S20-26719__S20-26719,1,0,geometry
2817,S2415689__S24-15689-_-BIOPSY,1,1,geometry
2818,S20-26719__S20-26719,1,1,geometry
2819,S2530049__S2530049_0_BP1A2021,0,0,geometry
2820,S2134277__S2134277,1,0,geometry
2821,S2516970__S25-16970____155248,1,1,geometry
2822,S2513846__S25-13846_0_BP1A2021_131523,0,1,geometry
2823,S20-28924__S20-28924,0,1,geometry
2824,S2227608__S22-27608-_-SERIAL_2,1,1,geometry
2825,S2424259__S2424259,0,0,geometry
2826,S19-40316__S19-40316,1,0,geometry
2827,S2227604__S22-27604-_-BIOPSY,1,0,geometry
2828,S2227604__S22-27604-_-BIOPSY,1,1,geometry
2829,S2521239__S2521239_0_BP1A2021,0,1,geometry
2830,S2401283__S24-01283-_-BIOPSY,0,1,geometry
2831,S2409392__S2409392,0,0,geometry
2832,S2344462__S23-44462-_-BIOPSY,0,0,geometry
2833,S2227608__S22-27608-_-SERIAL_1,1,1,geometry
2834,S2134277__S2134277,1,1,geometry
2835,S2216630__S2216630--DEEP_1,0,1,geometry
2836,S2415689__S24-15689-_-BIOPSY,1,1,geometry
2837,S2520402__S2520402_0_BP1A2021,0,1,geometry
2838,S2520404__S2520404_0_BP1A2021,0,1,geometry
2839,S2511007__S25-11007_0_BP1A2021_052433,0,0,geometry
2840,S2346179__S23-46179-_-BIOPSY,1,0,geometry
2841,S2401283__S24-01283-_-BIOPSY,0,0,geometry
2842,S2530991__S2530991_0_BP1A2021,0,1,geometry
2843,S2227608__S22-27608-_-SERIAL_1,1,0,geometry
2844,S2344462__S23-44462-_-BIOPSY,0,0,geometry
2845,S2227608__S22-27608-_-SERIAL_1,1,0,geometry
2846,S2529112__S2529112_0_BP1A2021,0,0,geometry
2847,S2227608__S22-27608-_-SERIAL_1,1,1,geometry
2848,S2134277__S2134277,1,1,geometry
2849,S2424258__S2424258,0,1,geometry
2850,S2227608__S22-27608-_-SERIAL_2,1,0,geometry
2851,S2247860__S22-47860-_-DEEP_1,1,0,geometry
2852,S2527323__S2527323_0_BP1A2021,0,1,geometry
2853,S2524777__S2524777_0_BP1A2021,0,0,geometry
2854,S2229537__S22-29537-_-SERIAL_1,1,0,geometry
2855,S2134277__S2134277,1,0,geometry
2856,S2520402__S2520402_0_BP1A2021,0,1,geometry
2857,S2346179__S23-46179-_-BIOPSY,1,0,geometry
2858,S2401283__S24-01283-_-BIOPSY,0,1,geometry
2859,S2531985__S2531985_0_BP1A2021,0,0,geometry
2860,S2535840__S2535840_0_BP1A2021,0,1,geometry
2861,S2227608__S22-27608-_-SERIAL_2,1,1,geometry
2862,S2415689__S24-15689-_-BIOPSY,1,0,geometry
2863,S2516970__S25-16970____155248,1,1,geometry
2864,S2227604__S22-27604-_-BIOPSY,1,1,geometry
2865,S2521239__S2521239_0_BP1A2021,0,1,geometry
2866,S2529112__S2529112_0_BP1A2021,0,0,geometry
2867,S2344462__S23-44462-_-BIOPSY,0,0,geometry
2868,S2229537__S22-29537-_-SERIAL_1,1,0,geometry
2869,S2524777__S2524777_0_BP1A2021,0,1,geometry
2870,S2227604__S22-27604-_-BIOPSY,1,1,geometry
2871,S2531985__S2531985_0_BP1A2021,0,1,geometry
2872,S2227608__S22-27608-_-SERIAL_1,1,1,geometry
2873,S2436457__S2436457_BP1B11_C_15540_2,0,1,geometry
2874,S2516970__S25-16970____155248,1,0,geometry
2875,S2229537__S22-29537-_-SERIAL_1,1,0,geometry
2876,S2227604__S22-27604-_-BIOPSY,1,0,geometry
2877,S19-40316__S19-40316,1,1,geometry
2878,S2406754__S24-06754-_-DEEP_2,0,1,geometry
2879,S2526362__S2526362_0_BP1A2021,0,1,geometry
2880,S2229537__S22-29537-_-SERIAL_1,1,0,geometry
2881,S2406754__S24-06754-_-DEEP_2,0,1,geometry
2882,S2535840__S2535840_0_BP1A2021,0,1,geometry
2883,S2134277__S2134277,1,0,geometry
2884,S2227608__S22-27608-_-SERIAL_1,1,1,geometry
2885,S2216630__S2216630--DEEP_1,0,1,geometry
2886,S2520404__S2520404_0_BP1A2021,0,0,geometry
2887,S2531989__S2531989_0_BP1A2021,0,1,geometry
2888,S2229537__S22-29537-_-SERIAL_1,1,1,geometry
2889,S2229537__S22-29537-_-SERIAL_1,1,0,geometry
2890,S2227608__S22-27608-_-SERIAL_1,1,1,geometry
2891,S19-40316__S19-40316,1,0,geometry
2892,S2227604__S22-27604-_-BIOPSY,1,1,geometry
2893,S2513846__S25-13846_0_BP1A2021_161650,0,0,geometry
2894,S2511006__S25-11006_0_BP1A2021_052242,0,1,geometry
2895,S2247860__S22-47860-_-DEEP_1,1,1,geometry
2896,S2516970__S25-16970____155248,1,0,geometry
2897,S2527323__S2527323_0_BP1A2021,0,1,geometry
2898,S2524760__S2524760_0_BP1A2021,0,1,geometry
2899,S2511010__S25-11010_0_BP1A2021_052642,1,0,geometry
2900,S20-26719__S20-26719,1,1,geometry
2901,S2247860__S22-47860-_-DEEP_1,1,1,geometry
2902,S2516970__S25-16970____155248,1,1,geometry
2903,S2134277__S2134277,1,0,geometry
2904,S2516970__S25-16970____155248,1,0,geometry
2905,S20-26719__S20-26719,1,0,geometry
2906,S2415689__S24-15689-_-BIOPSY,1,0,geometry
2907,S2529112__S2529112_0_BP1A2021,0,1,geometry
2908,S2229537__S22-29537-_-SERIAL_1,1,0,geometry
2909,S2511007__S25-11007_0_BP1A2021_052433,0,0,geometry
2910,S2511007__S25-11007_0_BP1A2021_052433,0,1,geometry
2911,S19-40316__S19-40316,1,0,geometry
2912,S2134277__S2134277,1,0,geometry
2913,S2415689__S24-15689-_-BIOPSY,1,1,geometry
2914,S2524760__S2524760_0_BP1A2021,0,0,geometry
2915,S2525436__S2525436_0_BP1A2021,0,1,geometry
2916,S2415689__S24-15689-_-BIOPSY,1,0,geometry
2917,S2424259__S2424259,0,0,geometry
2918,S2134277__S2134277,1,1,geometry
2919,S2227604__S22-27604-_-BIOPSY,1,0,geometry
2920,S2516970__S25-16970____155248,1,1,geometry
2921,S2516970__S25-16970____155248,1,0,geometry
2922,S2247860__S22-47860-_-DEEP_1,1,1,geometry
2923,S2247860__S22-47860-_-DEEP_1,1,0,geometry
2924,S2406753__S24-06753-_-SERIAL_2,0,1,geometry
2925,S2229537__S22-29537-_-SERIAL_1,1,0,geometry
2926,S20-26719__S20-26719,1,1,geometry
2927,S2516970__S25-16970____155248,1,1,geometry
2928,S2346179__S23-46179-_-BIOPSY,1,0,geometry
2929,S2521239__S2521239_0_BP1A2021,0,0,geometry
2930,S2520404__S2520404_0_BP1A2021,0,0,geometry
2931,S2528218__S2528218_0_BP1A2021,0,0,geometry
2932,S2522994__S2522994_0_BP1A2021,0,1,geometry
2933,S2527323__S2527323_0_BP1A2021,0,1,geometry
2934,S2424255__S2424255,0,0,geometry
2935,S2346179__S23-46179-_-BIOPSY,1,1,geometry
2936,S2406753__S24-06753-_-DEEP_1,0,0,geometry
2937,S2247860__S22-47860-_-DEEP_1,1,1,geometry
2938,S2516970__S25-16970____155248,1,1,geometry
2939,S2525436__S2525436_0_BP1A2021,0,0,geometry
2940,S2511010__S25-11010_0_BP1A2021_052642,1,1,geometry
2941,S2237601__S22-37601-_-,0,1,geometry
2942,S2227604__S22-27604-_-BIOPSY,1,1,geometry
2943,S2516970__S25-16970____155248,1,1,geometry
2944,S2346179__S23-46179-_-BIOPSY,1,0,geometry
2945,S2427695__S2427695_BP1B27_C_14045_3,0,0,geometry
2946,S2524760__S2524760_0_BP1A2021,0,1,geometry
2947,S2531985__S2531985_0_BP1A2021,0,0,geometry
2948,S19-40316__S19-40316,1,0,geometry
2949,S2415689__S24-15689-_-BIOPSY,1,0,geometry
2950,S2516970__S25-16970____155248,1,0,geometry
2951,S2227604__S22-27604-_-BIOPSY,1,1,geometry
2952,S2524777__S2524777_0_BP1A2021,0,0,geometry
2953,S2227608__S22-27608-_-SERIAL_1,1,1,geometry
2954,S2529112__S2529112_0_BP1A2021,0,0,geometry
2955,S2511007__S25-11007_0_BP1A2021_052433,0,0,geometry
2956,S2511010__S25-11010_0_BP1A2021_052642,1,0,geometry
2957,S2216630__S2216630--DEEP_1,0,0,geometry
2958,S2516970__S25-16970____155248,1,1,geometry
2959,S19-40316__S19-40316,1,0,geometry
2960,S2227608__S22-27608-_-SERIAL_1,1,0,geometry
2961,S2227604__S22-27604-_-BIOPSY,1,1,geometry
2962,S20-26719__S20-26719,1,0,geometry
2963,S2227608__S22-27608-_-SERIAL_1,1,1,geometry
2964,S2227604__S22-27604-_-BIOPSY,1,0,geometry
2965,S2406754__S24-06754-_-SERIAL_1,0,0,geometry
2966,S2513846__S25-13846_0_BP1A2021_131523,0,1,geometry
2967,S2531985__S2531985_0_BP1A2021,0,0,geometry
2968,S2511009__S25-11009_0_BP1A2021_052542,0,0,geometry
2969,S2516970__S25-16970____155248,1,1,geometry
2970,S2513846__S25-13846_0_BP1A2021_161650,0,0,geometry
2971,S2227608__S22-27608-_-SERIAL_2,1,0,geometry
2972,S2346179__S23-46179-_-BIOPSY,1,0,geometry
2973,S2520404__S2520404_0_BP1A2021,0,0,geometry
2974,S2530991__S2530991_0_BP1A2021,0,0,geometry
2975,S2409392__S2409392,0,1,geometry
2976,S2531989__S2531989_0_BP1A2021,0,1,geometry
2977,S16-17719__S16-17719,1,0,geometry
2978,S2530985__S2530985_0_BP1A2021,0,1,geometry
2979,S2516971__S25-16971____140945,0,1,geometry
2980,S2516970__S25-16970____155248,1,1,geometry
2981,S2415689__S24-15689-_-BIOPSY,1,1,geometry
2982,S2530985__S2530985_0_BP1A2021,0,1,geometry
2983,S20-26719__S20-26719,1,0,geometry
2984,S2229537__S22-29537-_-SERIAL_1,1,0,geometry
2985,S19-40316__S19-40316,1,1,geometry
2986,S2512685__S2512685_0_,0,1,geometry
2987,S2516970__S25-16970____155248,1,1,geometry
2988,S2516970__S25-16970____155248,1,0,geometry
2989,S2401283__S24-01283-_-BIOPSY,0,0,geometry
2990,S2516971__S25-16971____155423,0,0,geometry
2991,S2346179__S23-46179-_-BIOPSY,1,0,geometry
2992,S2511006__S25-11006_0_BP1A2021_052242,0,1,geometry
2993,S2134277__S2134277,1,1,geometry
2994,S19-40316__S19-40316,1,0,geometry
2995,S2520404__S2520404_0_BP1A2021,0,0,geometry
2996,S2227608__S22-27608-_-SERIAL_2,1,0,geometry
2997,S20-26719__S20-26719,1,1,geometry
2998,S2512685__S2512685_0_,0,0,geometry
2999,S2424259__S2424259,0,1,geometry
3000,S2346179__S23-46179-_-BIOPSY,1,1,geometry
3001,S2425843__S24-25843-_-BIOPSY,0,0,geometry
3002,S20-26719__S20-26719,1,1,geometry
3003,S2134277__S2134277,1,1,geometry
3004,S2227608__S22-27608-_-SERIAL_2,1,0,geometry
3005,S2406753__S24-06753-_-DEEP_1,0,1,geometry
3006,S2520404__S2520404_0_BP1A2021,0,1,geometry
3007,S20-26719__S20-26719,1,0,geometry
3008,S2227608__S22-27608-_-SERIAL_1,1,0,geometry
3009,S2530985__S2530985_0_BP1A2021,0,1,geometry
3010,S2227608__S22-27608-_-SERIAL_1,1,0,geometry
3011,S2520402__S2520402_0_BP1A2021,0,0,geometry
3012,S2527323__S2527323_0_BP1A2021,0,1,geometry
3013,S2134277__S2134277,1,0,geometry
3014,S2511010__S25-11010_0_BP1A2021_052642,1,0,geometry
3015,S2415689__S24-15689-_-BIOPSY,1,1,geometry
3016,S2520402__S2520402_0_BP1A2021,0,0,geometry
3017,S2513846__S25-13846_0_BP1A2021_131523,0,1,geometry
3018,S2520402__S2520402_0_BP1A2021,0,1,geometry
3019,S2513848__S25-13848_0_BP1A2021_131436,0,0,geometry
3020,S2247860__S22-47860-_-DEEP_1,1,1,geometry
3021,S16-17719__S16-17719,1,0,geometry
3022,S2227604__S22-27604-_-BIOPSY,1,0,geometry
3023,S2513848__S25-13848_0_BP1A2021_131436,0,1,geometry
3024,S2346179__S23-46179-_-BIOPSY,1,0,geometry
3025,S2511010__S25-11010_0_BP1A2021_052642,1,0,geometry
3026,S2511010__S25-11010_0_BP1A2021_052642,1,1,geometry
3027,S2530991__S2530991_0_BP1A2021,0,1,geometry
3028,S2227608__S22-27608-_-SERIAL_1,1,0,geometry
3029,S2528218__S2528218_0_BP1A2021,0,1,geometry
3030,S2511010__S25-11010_0_BP1A2021_052642,1,1,geometry
3031,S2424258__S2424258,0,0,geometry
3032,S2229537__S22-29537-_-SERIAL_1,1,1,geometry
3033,S2516971__S25-16971____140945,0,1,geometry
3034,S19-40316__S19-40316,1,1,geometry
3035,S2512685__S2512685_0_,0,0,geometry
3036,S2511010__S25-11010_0_BP1A2021_052642,1,0,geometry
3037,S20-26719__S20-26719,1,1,geometry
3038,S19-40316__S19-40316,1,1,geometry
3039,S2530981__S2530981_0_BP1A2021,0,1,geometry
3040,S2427695__S24-27695-_-BIOPSY,0,0,geometry
3041,S2247860__S22-47860-_-DEEP_1,1,1,geometry
3042,S2524777__S2524777_0_BP1A2021,0,0,geometry
3043,S2520404__S2520404_0_BP1A2021,0,1,geometry
3044,S2216630__S2216630--DEEP_1,0,0,geometry
3045,S2531989__S2531989_0_BP1A2021,0,0,geometry
3046,S2436457__S2436457_BP1B11_C_15540_2,0,0,geometry
3047,S2346179__S23-46179-_-BIOPSY,1,1,geometry
3048,S2516971__S25-16971____155423,0,0,geometry
3049,S2134277__S2134277,1,1,geometry
3050,S16-17719__S16-17719,1,1,geometry
3051,S20-26719__S20-26719,1,1,geometry
3052,S2229537__S22-29537-_-SERIAL_1,1,1,geometry
3053,S2427695__S2427695_BP1B27_C_14045_3,0,0,geometry
3054,S2406754__S24-06754-_-DEEP_2,0,1,geometry
3055,S2530991__S2530991_0_BP1A2021,0,1,geometry
3056,S2415689__S24-15689-_-BIOPSY,1,0,geometry
3057,S2513846__S25-13846_0_BP1A2021_131523,0,0,geometry
3058,S20-26719__S20-26719,1,1,geometry
3059,S2415689__S24-15689-_-BIOPSY,1,0,geometry
3060,S2227608__S22-27608-_-SERIAL_1,1,0,geometry
3061,S2227608__S22-27608-_-SERIAL_2,1,0,geometry
3062,S2535840__S2535840_0_BP1A2021,0,0,geometry
3063,S2427695__S24-27695-_-BIOPSY,0,1,geometry
3064,S2227608__S22-27608-_-SERIAL_1,1,1,geometry
3065,S2511010__S25-11010_0_BP1A2021_052642,1,0,geometry
3066,S16-17719__S16-17719,1,1,geometry
3067,S2511010__S25-11010_0_BP1A2021_052642,1,0,geometry
3068,S2227608__S22-27608-_-SERIAL_2,1,1,geometry
3069,S2427695__S2427695_BP1B27_C_14045_3,0,1,geometry
3070,S2530981__S2530981_0_BP1A2021,0,0,geometry
3071,S2227608__S22-27608-_-SERIAL_1,1,1,geometry
3072,S2406753__S24-06753-_-SERIAL_2,0,0,geometry
3073,S16-17719__S16-17719,1,0,geometry
3074,S2526362__S2526362_0_BP1A2021,0,0,geometry
3075,S2511010__S25-11010_0_BP1A2021_052642,1,0,geometry
3076,S2511010__S25-11010_0_BP1A2021_052642,1,0,geometry
3077,S2247860__S22-47860-_-DEEP_1,1,1,geometry
3078,S2406753__S24-06753-_-SERIAL_2,0,0,geometry
3079,S2237601__S22-37601-_-,0,0,geometry
3080,S2247860__S22-47860-_-DEEP_1,1,1,geometry
3081,S2227608__S22-27608-_-SERIAL_1,1,0,geometry
3082,S2424259__S2424259,0,1,geometry
3083,S2529112__S2529112_0_BP1A2021,0,1,geometry
3084,S2344462__S23-44462-_-BIOPSY,0,1,geometry
3085,S20-26719__S20-26719,1,1,geometry
3086,S2346179__S23-46179-_-BIOPSY,1,1,geometry
3087,S2409392__S2409392,0,1,geometry
3088,S19-40316__S19-40316,1,1,geometry
3089,S16-17719__S16-17719,1,0,geometry
3090,S2516971__S25-16971____140945,0,0,geometry
3091,S2512685__S2512685_0_,0,1,geometry
3092,S2530981__S2530981_0_BP1A2021,0,0,geometry
3093,S2424259__S2424259,0,0,geometry
3094,S2524760__S2524760_0_BP1A2021,0,1,geometry
3095,S2227608__S22-27608-_-SERIAL_1,1,0,geometry
3096,S2344462__S23-44462-_-BIOPSY,0,1,geometry
3097,S2527323__S2527323_0_BP1A2021,0,0,geometry
3098,S2535840__S2535840_0_BP1A2021,0,0,geometry
3099,S2511009__S25-11009_0_BP1A2021_052542,0,0,geometry
3100,S2530981__S2530981_0_BP1A2021,0,1,geometry
3101,S2513846__S25-13846_0_BP1A2021_161650,0,0,geometry
3102,S20-26719__S20-26719,1,0,geometry
3103,S2247860__S22-47860-_-DEEP_1,1,1,geometry
3104,S2424259__S2424259,0,1,geometry
3105,S2424258__S2424258,0,1,geometry
3106,S2415689__S24-15689-_-BIOPSY,1,0,geometry
3107,S2247860__S22-47860-_-DEEP_1,1,1,geometry
3108,S2513846__S25-13846_0_BP1A2021_131523,0,0,geometry
3109,S2344462__S23-44462-_-BIOPSY,0,0,geometry
3110,S16-17719__S16-17719,1,0,geometry
3111,S2227604__S22-27604-_-BIOPSY,1,1,geometry
3112,S2531989__S2531989_0_BP1A2021,0,1,geometry
3113,S2415689__S24-15689-_-BIOPSY,1,0,geometry
3114,S2247860__S22-47860-_-DEEP_1,1,0,geometry
3115,S2227608__S22-27608-_-SERIAL_1,1,0,geometry
3116,S2247860__S22-47860-_-DEEP_1,1,0,geometry
3117,S2229537__S22-29537-_-SERIAL_1,1,1,geometry
3118,S2521239__S2521239_0_BP1A2021,0,1,geometry
3119,S2530981__S2530981_0_BP1A2021,0,0,geometry
3120,S2531985__S2531985_0_BP1A2021,0,0,geometry
3121,S20-26719__S20-26719,1,1,geometry
3122,S20-26719__S20-26719,1,1,geometry
3123,S2237601__S22-37601-_-,0,0,geometry
3124,S2513846__S25-13846_0_BP1A2021_131523,0,1,geometry
3125,S2521239__S2521239_0_BP1A2021,0,1,geometry
3126,S2344462__S23-44462-_-BIOPSY,0,1,geometry
3127,S20-26719__S20-26719,1,1,geometry
3128,S2227608__S22-27608-_-SERIAL_2,1,1,geometry
3129,S2512685__S2512685_0_,0,0,geometry
3130,S2229537__S22-29537-_-SERIAL_1,1,1,geometry
3131,S2227608__S22-27608-_-SERIAL_2,1,1,geometry
3132,S2511010__S25-11010_0_BP1A2021_052642,1,1,geometry
3133,S20-26719__S20-26719,1,0,geometry
3134,S2524760__S2524760_0_BP1A2021,0,0,geometry
3135,S16-17719__S16-17719,1,0,geometry
3136,S2227608__S22-27608-_-SERIAL_1,1,0,geometry
3137,S2134277__S2134277,1,0,geometry
3138,S2229537__S22-29537-_-SERIAL_1,1,1,geometry
3139,S2227608__S22-27608-_-SERIAL_2,1,1,geometry
3140,S2424259__S2424259,0,1,geometry
3141,S2530985__S2530985_0_BP1A2021,0,1,geometry
3142,S2425843__S24-25843-_-BIOPSY,0,0,geometry
3143,S2227608__S22-27608-_-SERIAL_2,1,1,geometry
3144,S2522994__S2522994_0_BP1A2021,0,1,geometry
3145,S2436457__S2436457_BP1B11_C_15540_2,0,0,geometry
3146,S2247860__S22-47860-_-DEEP_1,1,0,geometry
3147,S16-17719__S16-17719,1,0,geometry
3148,S16-17719__S16-17719,1,1,geometry
3149,S2425843__S24-25843-_-BIOPSY,0,0,geometry
3150,S2227608__S22-27608-_-SERIAL_1,1,0,geometry
3151,S2134277__S2134277,1,0,geometry
3152,S2424255__S2424255,0,1,geometry
3153,S20-28924__S20-28924,0,1,geometry
3154,S2511009__S25-11009_0_BP1A2021_052542,0,0,geometry
3155,S2513848__S25-13848_0_BP1A2021_131436,0,0,geometry
3156,S2227608__S22-27608-_-SERIAL_2,1,0,geometry
3157,S2436457__S2436457_BP1B11_C_15540_2,0,0,geometry
3158,S16-17719__S16-17719,1,0,geometry
3159,S2237601__S22-37601-_-,0,1,geometry
3160,S2247860__S22-47860-_-DEEP_1,1,1,geometry
3161,S2529112__S2529112_0_BP1A2021,0,1,geometry
3162,S2227608__S22-27608-_-SERIAL_2,1,0,geometry
3163,S2516971__S25-16971____140945,0,1,geometry
3164,S2415689__S24-15689-_-BIOPSY,1,0,geometry
3165,S2522994__S2522994_0_BP1A2021,0,1,geometry
3166,S2406753__S24-06753-_-SERIAL_2,0,0,geometry
3167,S2513846__S25-13846_0_BP1A2021_161650,0,1,geometry
3168,S16-17719__S16-17719,1,0,geometry
3169,S16-17719__S16-17719,1,0,geometry
3170,S2216630__S2216630--DEEP_1,0,1,geometry
3171,S2346179__S23-46179-_-BIOPSY,1,0,geometry
3172,S2511009__S25-11009_0_BP1A2021_052542,0,1,geometry
3173,S2227604__S22-27604-_-BIOPSY,1,1,geometry
3174,S2516970__S25-16970____155248,1,0,geometry
3175,S2511009__S25-11009_0_BP1A2021_052542,0,1,geometry
3176,S2415689__S24-15689-_-BIOPSY,1,0,geometry
3177,S2227608__S22-27608-_-SERIAL_1,1,0,geometry
3178,S2406753__S24-06753-_-DEEP_1,0,0,geometry
3179,S2424255__S2424255,0,0,geometry
3180,S2247860__S22-47860-_-DEEP_1,1,1,geometry
3181,S19-40316__S19-40316,1,0,geometry
3182,S2415689__S24-15689-_-BIOPSY,1,1,geometry
3183,S2522994__S2522994_0_BP1A2021,0,0,geometry
3184,S19-40316__S19-40316,1,0,geometry
3185,S2409392__S2409392,0,1,geometry
3186,S2524777__S2524777_0_BP1A2021,0,0,geometry
3187,S2227604__S22-27604-_-BIOPSY,1,1,geometry
3188,S2227608__S22-27608-_-SERIAL_2,1,0,geometry
3189,S16-17719__S16-17719,1,0,geometry
3190,S2511006__S25-11006_0_BP1A2021_052242,0,0,geometry
3191,S2520404__S2520404_0_BP1A2021,0,0,geometry
3192,S2344462__S23-44462-_-BIOPSY,0,0,geometry
3193,S2530049__S2530049_0_BP1A2021,0,1,geometry
3194,S2227604__S22-27604-_-BIOPSY,1,0,geometry
3195,S20-26719__S20-26719,1,0,geometry
3196,S2511009__S25-11009_0_BP1A2021_052542,0,0,geometry
3197,S2134277__S2134277,1,0,geometry
3198,S2237601__S22-37601-_-,0,1,geometry
3199,S2527323__S2527323_0_BP1A2021,0,0,geometry
3200,S2513848__S25-13848_0_BP1A2021_131436,0,0,geometry
3201,S2526362__S2526362_0_BP1A2021,0,1,geometry
3202,S2227608__S22-27608-_-SERIAL_1,1,0,geometry
3203,S2227608__S22-27608-_-SERIAL_2,1,0,geometry
3204,S2409392__S2409392,0,1,geometry
3205,S2247860__S22-47860-_-DEEP_1,1,0,geometry
3206,S2415689__S24-15689-_-BIOPSY,1,1,geometry
3207,S2516970__S25-16970____155248,1,1,geometry
3208,S2415689__S24-15689-_-BIOPSY,1,1,geometry
3209,S20-26719__S20-26719,1,1,geometry
3210,S2134277__S2134277,1,1,geometry
3211,S2134277__S2134277,1,1,geometry
3212,S2247860__S22-47860-_-DEEP_1,1,1,geometry
3213,S2529112__S2529112_0_BP1A2021,0,0,geometry
3214,S2229537__S22-29537-_-SERIAL_1,1,0,geometry
3215,S2406754__S24-06754-_-DEEP_2,0,1,geometry
3216,S2520404__S2520404_0_BP1A2021,0,0,geometry
3217,S2524777__S2524777_0_BP1A2021,0,1,geometry
3218,S16-17719__S16-17719,1,0,geometry
3219,S16-17719__S16-17719,1,0,geometry
3220,S2227608__S22-27608-_-SERIAL_1,1,0,geometry
3221,S2247860__S22-47860-_-DEEP_1,1,0,geometry
3222,S2520402__S2520402_0_BP1A2021,0,1,geometry
3223,S2227608__S22-27608-_-SERIAL_2,1,0,geometry
3224,S2511010__S25-11010_0_BP1A2021_052642,1,1,geometry
3225,S2511010__S25-11010_0_BP1A2021_052642,1,0,geometry
3226,S2524777__S2524777_0_BP1A2021,0,0,geometry
3227,S2436457__S2436457_BP1B11_C_15540_2,0,0,geometry
3228,S2522994__S2522994_0_BP1A2021,0,0,geometry
3229,S2134277__S2134277,1,0,geometry
3230,S2227604__S22-27604-_-BIOPSY,1,0,geometry
3231,S2530985__S2530985_0_BP1A2021,0,0,geometry
3232,S2524777__S2524777_0_BP1A2021,0,0,geometry
3233,S2524777__S2524777_0_BP1A2021,0,0,geometry
3234,S2520404__S2520404_0_BP1A2021,0,0,geometry
3235,S2134277__S2134277,1,1,geometry
3236,S19-40316__S19-40316,1,1,geometry
3237,S2427695__S24-27695-_-BIOPSY,0,1,geometry
3238,S19-40316__S19-40316,1,0,geometry
3239,S2237601__S22-37601-_-,0,1,geometry
3240,S2425843__S24-25843-_-BIOPSY,0,1,geometry
3241,S19-40316__S19-40316,1,0,geometry
3242,S2511007__S25-11007_0_BP1A2021_052433,0,1,geometry
3243,S2227604__S22-27604-_-BIOPSY,1,0,geometry
3244,S20-26719__S20-26719,1,1,geometry
3245,S19-40316__S19-40316,1,1,geometry
3246,S2425843__S24-25843-_-BIOPSY,0,1,geometry
3247,S2229537__S22-29537-_-SERIAL_1,1,1,geometry
3248,S2512685__S2512685_0_,0,1,geometry
3249,S2227608__S22-27608-_-SERIAL_1,1,0,geometry
3250,S2525436__S2525436_0_BP1A2021,0,1,geometry
3251,S20-28924__S20-28924,0,0,geometry
3252,S2535840__S2535840_0_BP1A2021,0,1,geometry
3253,S2227604__S22-27604-_-BIOPSY,1,1,geometry
3254,S2424259__S2424259,0,0,geometry
3255,S2511006__S25-11006_0_BP1A2021_052242,0,0,geometry
3256,S2406753__S24-06753-_-SERIAL_2,0,0,geometry
3257,S2424258__S2424258,0,0,geometry
3258,S2424255__S2424255,0,1,geometry
3259,S16-17719__S16-17719,1,1,geometry
3260,S2409392__S2409392,0,0,geometry
3261,S2526362__S2526362_0_BP1A2021,0,0,geometry
3262,S2247860__S22-47860-_-DEEP_1,1,0,geometry
3263,S2516970__S25-16970____155248,1,1,geometry
3264,S20-26719__S20-26719,1,1,geometry
3265,S2511010__S25-11010_0_BP1A2021_052642,1,1,geometry
3266,S2524760__S2524760_0_BP1A2021,0,0,geometry
3267,S2415689__S24-15689-_-BIOPSY,1,1,geometry
3268,S2511009__S25-11009_0_BP1A2021_052542,0,0,geometry
3269,S2406753__S24-06753-_-SERIAL_2,0,0,geometry
3270,S2520402__S2520402_0_BP1A2021,0,0,geometry
3271,S2425843__S24-25843-_-BIOPSY,0,1,geometry
3272,S2227604__S22-27604-_-BIOPSY,1,1,geometry
3273,S2522994__S2522994_0_BP1A2021,0,1,geometry
3274,S2524777__S2524777_0_BP1A2021,0,0,geometry
3275,S2530049__S2530049_0_BP1A2021,0,1,geometry
3276,S2529112__S2529112_0_BP1A2021,0,0,geometry
3277,S2522994__S2522994_0_BP1A2021,0,0,geometry
3278,S2227604__S22-27604-_-BIOPSY,1,0,geometry
3279,S2511010__S25-11010_0_BP1A2021_052642,1,0,geometry
3280,S2524777__S2524777_0_BP1A2021,0,0,geometry
3281,S19-40316__S19-40316,1,0,geometry
3282,S19-40316__S19-40316,1,0,geometry
3283,S2531989__S2531989_0_BP1A2021,0,1,geometry
3284,S2513846__S25-13846_0_BP1A2021_161650,0,1,geometry
3285,S20-26719__S20-26719,1,1,geometry
3286,S2424259__S2424259,0,1,geometry
3287,S2227604__S22-27604-_-BIOPSY,1,0,geometry
3288,S2227604__S22-27604-_-BIOPSY,1,0,geometry
3289,S2524777__S2524777_0_BP1A2021,0,0,geometry
3290,S2409392__S2409392,0,0,geometry
3291,S2229537__S22-29537-_-SERIAL_1,1,0,geometry
3292,S2516971__S25-16971____140945,0,0,geometry
3293,S2522994__S2522994_0_BP1A2021,0,1,geometry
3294,S2530985__S2530985_0_BP1A2021,0,0,geometry
3295,S2516971__S25-16971____140945,0,0,geometry
3296,S2229537__S22-29537-_-SERIAL_1,1,1,geometry
3297,S2513846__S25-13846_0_BP1A2021_131523,0,0,geometry
3298,S2229537__S22-29537-_-SERIAL_1,1,1,geometry
3299,S2346179__S23-46179-_-BIOPSY,1,0,geometry
3300,S2229537__S22-29537-_-SERIAL_1,1,0,geometry
3301,S2227608__S22-27608-_-SERIAL_2,1,0,geometry
3302,S2237601__S22-37601-_-,0,1,geometry
3303,S2134277__S2134277,1,1,geometry
3304,S2247860__S22-47860-_-DEEP_1,1,1,geometry
3305,S2415689__S24-15689-_-BIOPSY,1,0,geometry
3306,S2531989__S2531989_0_BP1A2021,0,0,geometry
3307,S2237601__S22-37601-_-,0,1,geometry
3308,S2424259__S2424259,0,0,geometry
3309,S16-17719__S16-17719,1,0,geometry
3310,S2247860__S22-47860-_-DEEP_1,1,0,geometry
3311,S20-26719__S20-26719,1,1,geometry
3312,S2406754__S24-06754-_-DEEP_2,0,1,geometry
3313,S2406754__S24-06754-_-SERIAL_1,0,0,geometry
3314,S19-40316__S19-40316,1,0,geometry
3315,S2237601__S22-37601-_-,0,1,geometry
3316,S2531989__S2531989_0_BP1A2021,0,1,geometry
3317,S2415689__S24-15689-_-BIOPSY,1,0,geometry
3318,S2526362__S2526362_0_BP1A2021,0,1,geometry
3319,S2524760__S2524760_0_BP1A2021,0,1,geometry
3320,S2531989__S2531989_0_BP1A2021,0,1,geometry
3321,S2511010__S25-11010_0_BP1A2021_052642,1,1,geometry
3322,S2229537__S22-29537-_-SERIAL_1,1,1,geometry
3323,S2511010__S25-11010_0_BP1A2021_052642,1,0,geometry
3324,S2530985__S2530985_0_BP1A2021,0,0,geometry
3325,S2415689__S24-15689-_-BIOPSY,1,0,geometry
3326,S2229537__S22-29537-_-SERIAL_1,1,1,geometry
3327,S2216630__S2216630--DEEP_1,0,1,geometry
3328,S2227604__S22-27604-_-BIOPSY,1,1,geometry
3329,S2247860__S22-47860-_-DEEP_1,1,0,geometry
3330,S2427695__S2427695_BP1B27_C_14045_3,0,0,geometry
3331,S19-40316__S19-40316,1,0,geometry
3332,S20-26719__S20-26719,1,0,geometry
3333,S2530049__S2530049_0_BP1A2021,0,0,geometry
3334,S20-28924__S20-28924,0,0,geometry
3335,S2134277__S2134277,1,1,geometry
3336,S2530985__S2530985_0_BP1A2021,0,1,geometry
3337,S2511010__S25-11010_0_BP1A2021_052642,1,0,geometry
3338,S2409392__S2409392,0,1,geometry
3339,S2247860__S22-47860-_-DEEP_1,1,1,geometry
3340,S2511010__S25-11010_0_BP1A2021_052642,1,0,geometry
3341,S2227608__S22-27608-_-SERIAL_1,1,1,geometry
3342,S2346179__S23-46179-_-BIOPSY,1,0,geometry
3343,S2526362__S2526362_0_BP1A2021,0,0,geometry
3344,S2527323__S2527323_0_BP1A2021,0,1,geometry
3345,S20-26719__S20-26719,1,1,geometry
3346,S20-26719__S20-26719,1,1,geometry
3347,S2415689__S24-15689-_-BIOPSY,1,0,geometry
3348,S2520404__S2520404_0_BP1A2021,0,0,geometry
3349,S2134277__S2134277,1,1,geometry
3350,S2530985__S2530985_0_BP1A2021,0,1,geometry
3351,S2229537__S22-29537-_-SERIAL_1,1,1,geometry
3352,S2406753__S24-06753-_-SERIAL_2,0,0,geometry
3353,S2511010__S25-11010_0_BP1A2021_052642,1,0,geometry
3354,S2516970__S25-16970____155248,1,0,geometry
3355,S2415689__S24-15689-_-BIOPSY,1,1,geometry
3356,S2216630__S2216630--DEEP_1,0,1,geometry
3357,S2247860__S22-47860-_-DEEP_1,1,1,geometry
3358,S2227604__S22-27604-_-BIOPSY,1,0,geometry
3359,S2516971__S25-16971____140945,0,0,geometry
3360,S2511010__S25-11010_0_BP1A2021_052642,1,1,geometry
3361,S2227604__S22-27604-_-BIOPSY,1,0,geometry
3362,S2247860__S22-47860-_-DEEP_1,1,0,geometry
3363,S2512685__S2512685_0_,0,1,geometry
3364,S2511010__S25-11010_0_BP1A2021_052642,1,1,geometry
3365,S2406753__S24-06753-_-SERIAL_2,0,1,geometry
3366,S2227608__S22-27608-_-SERIAL_2,1,0,geometry
3367,S2344462__S23-44462-_-BIOPSY,0,1,geometry
3368,S2406753__S24-06753-_-DEEP_1,0,0,geometry
3369,S2511007__S25-11007_0_BP1A2021_052433,0,0,geometry
3370,S2531985__S2531985_0_BP1A2021,0,1,geometry
3371,S2436457__S2436457_BP1B11_C_15540_2,0,1,geometry
3372,S19-40316__S19-40316,1,0,geometry
3373,S19-40316__S19-40316,1,0,geometry
3374,S2227608__S22-27608-_-SERIAL_1,1,1,geometry
3375,S2516970__S25-16970____155248,1,0,geometry
3376,S20-26719__S20-26719,1,1,geometry
3377,S2401283__S24-01283-_-BIOPSY,0,0,geometry
3378,S20-26719__S20-26719,1,1,geometry
3379,S2424255__S2424255,0,0,geometry
3380,S2346179__S23-46179-_-BIOPSY,1,1,geometry
3381,S2521239__S2521239_0_BP1A2021,0,1,geometry
3382,S20-26719__S20-26719,1,1,geometry
3383,S2227608__S22-27608-_-SERIAL_2,1,0,geometry
3384,S2511010__S25-11010_0_BP1A2021_052642,1,0,geometry
3385,S2406753__S24-06753-_-SERIAL_2,0,0,geometry
3386,S2513846__S25-13846_0_BP1A2021_131523,0,0,geometry
3387,S2511010__S25-11010_0_BP1A2021_052642,1,1,geometry
3388,S2227608__S22-27608-_-SERIAL_1,1,1,geometry
3389,S2516970__S25-16970____155248,1,1,geometry
3390,S2409392__S2409392,0,1,geometry
3391,S2513848__S25-13848_0_BP1A2021_131436,0,0,geometry
3392,S2227604__S22-27604-_-BIOPSY,1,0,geometry
3393,S2511009__S25-11009_0_BP1A2021_052542,0,1,geometry
3394,S2424258__S2424258,0,0,geometry
3395,S2406753__S24-06753-_-SERIAL_2,0,1,geometry
3396,S20-26719__S20-26719,1,1,geometry
3397,S19-40316__S19-40316,1,0,geometry
3398,S2134277__S2134277,1,0,geometry
3399,S2529112__S2529112_0_BP1A2021,0,0,geometry
3400,S2134277__S2134277,1,1,geometry
3401,S2424259__S2424259,0,0,geometry
3402,S2516971__S25-16971____140945,0,1,geometry
3403,S2229537__S22-29537-_-SERIAL_1,1,0,geometry
3404,S2521239__S2521239_0_BP1A2021,0,0,geometry
3405,S2227604__S22-27604-_-BIOPSY,1,1,geometry
3406,S16-17719__S16-17719,1,0,geometry
3407,S2401283__S24-01283-_-BIOPSY,0,1,geometry
3408,S2227608__S22-27608-_-SERIAL_2,1,0,geometry
3409,S2520404__S2520404_0_BP1A2021,0,0,geometry
3410,S2520402__S2520402_0_BP1A2021,0,0,geometry
3411,S2237601__S22-37601-_-,0,1,geometry
3412,S2425843__S24-25843-_-BIOPSY,0,0,geometry
3413,S2406754__S24-06754-_-DEEP_2,0,1,geometry
3414,S2512685__S2512685_0_,0,1,geometry
3415,S2406753__S24-06753-_-SERIAL_2,0,0,geometry
3416,S2513848__S25-13848_0_BP1A2021_131436,0,0,geometry
3417,S2237601__S22-37601-_-,0,0,geometry
3418,S19-40316__S19-40316,1,0,geometry
3419,S2511006__S25-11006_0_BP1A2021_052242,0,1,geometry
3420,S2134277__S2134277,1,0,geometry
3421,S2415689__S24-15689-_-BIOPSY,1,0,geometry
3422,S19-40316__S19-40316,1,1,geometry
3423,S2511006__S25-11006_0_BP1A2021_052242,0,1,geometry
3424,S2134277__S2134277,1,1,geometry
3425,S2401283__S24-01283-_-BIOPSY,0,1,geometry
3426,S2531985__S2531985_0_BP1A2021,0,1,geometry
3427,S20-28924__S20-28924,0,0,geometry
3428,S2524760__S2524760_0_BP1A2021,0,1,geometry
3429,S2247860__S22-47860-_-DEEP_1,1,0,geometry
3430,S2229537__S22-29537-_-SERIAL_1,1,0,geometry
3431,S2511010__S25-11010_0_BP1A2021_052642,1,0,geometry
3432,S2516971__S25-16971____155423,0,1,geometry
3433,S2427695__S2427695_BP1B27_C_14045_3,0,1,geometry
3434,S16-17719__S16-17719,1,1,geometry
3435,S2535840__S2535840_0_BP1A2021,0,0,geometry
3436,S2511010__S25-11010_0_BP1A2021_052642,1,1,geometry
3437,S2227608__S22-27608-_-SERIAL_2,1,1,geometry
3438,S2229537__S22-29537-_-SERIAL_1,1,0,geometry
3439,S2525436__S2525436_0_BP1A2021,0,0,geometry
3440,S16-17719__S16-17719,1,1,geometry
3441,S2227608__S22-27608-_-SERIAL_2,1,0,geometry
3442,S2528218__S2528218_0_BP1A2021,0,0,geometry
3443,S2521239__S2521239_0_BP1A2021,0,0,geometry
3444,S2522994__S2522994_0_BP1A2021,0,1,geometry
3445,S2436457__S2436457_BP1B11_C_15540_2,0,0,geometry
3446,S2520402__S2520402_0_BP1A2021,0,1,geometry
3447,S2415689__S24-15689-_-BIOPSY,1,1,geometry
3448,S16-17719__S16-17719,1,1,geometry
3449,S2516970__S25-16970____155248,1,0,geometry
3450,S2427695__S2427695_BP1B27_C_14045_3,0,1,geometry
3451,S2511006__S25-11006_0_BP1A2021_052242,0,1,geometry
3452,S2346179__S23-46179-_-BIOPSY,1,1,geometry
3453,S2134277__S2134277,1,1,geometry
3454,S2227608__S22-27608-_-SERIAL_1,1,1,geometry
3455,S19-40316__S19-40316,1,0,geometry
3456,S2512685__S2512685_0_,0,0,geometry
3457,S2520404__S2520404_0_BP1A2021,0,1,geometry
3458,S2516970__S25-16970____155248,1,0,geometry
3459,S16-17719__S16-17719,1,0,geometry
3460,S2513846__S25-13846_0_BP1A2021_131523,0,1,geometry
3461,S2516971__S25-16971____155423,0,1,geometry
3462,S19-40316__S19-40316,1,1,geometry
3463,S2134277__S2134277,1,0,geometry
3464,S2229537__S22-29537-_-SERIAL_1,1,0,geometry
3465,S2424259__S2424259,0,1,geometry
3466,S2424255__S2424255,0,1,geometry
3467,S2401283__S24-01283-_-BIOPSY,0,1,geometry
3468,S2227604__S22-27604-_-BIOPSY,1,1,geometry
3469,S2427695__S24-27695-_-BIOPSY,0,1,geometry
3470,S2227604__S22-27604-_-BIOPSY,1,0,geometry
3471,S2516971__S25-16971____155423,0,0,geometry
3472,S2227608__S22-27608-_-SERIAL_2,1,1,geometry
3473,S2524777__S2524777_0_BP1A2021,0,0,geometry
3474,S2530049__S2530049_0_BP1A2021,0,0,geometry
3475,S2346179__S23-46179-_-BIOPSY,1,1,geometry
3476,S16-17719__S16-17719,1,0,geometry
3477,S2227608__S22-27608-_-SERIAL_2,1,1,geometry
3478,S2516970__S25-16970____155248,1,1,geometry
3479,S2415689__S24-15689-_-BIOPSY,1,1,geometry
3480,S2229537__S22-29537-_-SERIAL_1,1,1,geometry
3481,S19-40316__S19-40316,1,0,geometry
3482,S2229537__S22-29537-_-SERIAL_1,1,1,geometry
3483,S2346179__S23-46179-_-BIOPSY,1,0,geometry
3484,S2511010__S25-11010_0_BP1A2021_052642,1,0,geometry
3485,S2346179__S23-46179-_-BIOPSY,1,1,geometry
3486,S2227608__S22-27608-_-SERIAL_2,1,0,geometry
3487,S2415689__S24-15689-_-BIOPSY,1,1,geometry
3488,S2513846__S25-13846_0_BP1A2021_161650,0,1,geometry
3489,S2511010__S25-11010_0_BP1A2021_052642,1,1,geometry
3490,S2346179__S23-46179-_-BIOPSY,1,0,geometry
3491,S2406753__S24-06753-_-SERIAL_2,0,1,geometry
3492,S2406753__S24-06753-_-DEEP_1,0,1,geometry
3493,S2134277__S2134277,1,1,geometry
3494,S2424255__S2424255,0,1,geometry
3495,S2511007__S25-11007_0_BP1A2021_052433,0,1,geometry
3496,S2524760__S2524760_0_BP1A2021,0,1,geometry
3497,S2415689__S24-15689-_-BIOPSY,1,0,geometry
3498,S19-40316__S19-40316,1,1,geometry
3499,S2530049__S2530049_0_BP1A2021,0,1,geometry
3500,S2401283__S24-01283-_-BIOPSY,0,1,geometry
3501,S2401283__S24-01283-_-BIOPSY,0,1,geometry
3502,S2524777__S2524777_0_BP1A2021,0,1,geometry
3503,S2227608__S22-27608-_-SERIAL_2,1,0,geometry
3504,S2346179__S23-46179-_-BIOPSY,1,1,geometry
3505,S2424259__S2424259,0,0,geometry
3506,S2528218__S2528218_0_BP1A2021,0,0,geometry
3507,S2227608__S22-27608-_-SERIAL_2,1,0,geometry
3508,S2216630__S2216630--DEEP_1,0,1,geometry
3509,S2406754__S24-06754-_-DEEP_2,0,0,geometry
3510,S16-17719__S16-17719,1,1,geometry
3511,S2134277__S2134277,1,1,geometry
3512,S2237601__S22-37601-_-,0,0,geometry
3513,S2134277__S2134277,1,1,geometry
3514,S2531989__S2531989_0_BP1A2021,0,1,geometry
3515,S2346179__S23-46179-_-BIOPSY,1,0,geometry
3516,S2406753__S24-06753-_-DEEP_1,0,0,geometry
3517,S2516970__S25-16970____155248,1,1,geometry
3518,S2513846__S25-13846_0_BP1A2021_161650,0,1,geometry
3519,S2529112__S2529112_0_BP1A2021,0,1,geometry
3520,S2227604__S22-27604-_-BIOPSY,1,0,geometry
3521,S2511010__S25-11010_0_BP1A2021_052642,1,0,geometry
3522,S2229537__S22-29537-_-SERIAL_1,1,1,geometry
3523,S2406754__S24-06754-_-SERIAL_1,0,1,geometry
3524,S2427695__S2427695_BP1B27_C_14045_3,0,0,geometry
3525,S2424258__S2424258,0,0,geometry
3526,S2511007__S25-11007_0_BP1A2021_052433,0,1,geometry
3527,S2406754__S24-06754-_-SERIAL_1,0,0,geometry
3528,S2520404__S2520404_0_BP1A2021,0,0,geometry
3529,S2229537__S22-29537-_-SERIAL_1,1,1,geometry
3530,S2425843__S24-25843-_-BIOPSY,0,1,geometry
3531,S2346179__S23-46179-_-BIOPSY,1,0,geometry
3532,S20-26719__S20-26719,1,1,geometry
3533,S2415689__S24-15689-_-BIOPSY,1,0,geometry
3534,S19-40316__S19-40316,1,0,geometry
3535,S2229537__S22-29537-_-SERIAL_1,1,0,geometry
3536,S2511009__S25-11009_0_BP1A2021_052542,0,1,geometry
3537,S20-28924__S20-28924,0,1,geometry
3538,S2531989__S2531989_0_BP1A2021,0,0,geometry
3539,S2346179__S23-46179-_-BIOPSY,1,1,geometry
3540,S20-28924__S20-28924,0,1,geometry
3541,S2216630__S2216630--DEEP_1,0,0,geometry
3542,S2522994__S2522994_0_BP1A2021,0,1,geometry
3543,S2522994__S2522994_0_BP1A2021,0,0,geometry
3544,S20-26719__S20-26719,1,1,geometry
3545,S19-40316__S19-40316,1,1,geometry
3546,S2227608__S22-27608-_-SERIAL_1,1,0,geometry
3547,S2526362__S2526362_0_BP1A2021,0,0,geometry
3548,S2227608__S22-27608-_-SERIAL_2,1,0,geometry
3549,S19-40316__S19-40316,1,1,geometry
3550,S2525436__S2525436_0_BP1A2021,0,0,geometry
3551,S2530985__S2530985_0_BP1A2021,0,0,geometry
3552,S2424259__S2424259,0,0,geometry
3553,S2530981__S2530981_0_BP1A2021,0,0,geometry
3554,S2227608__S22-27608-_-SERIAL_2,1,0,geometry
3555,S2516971__S25-16971____155423,0,1,geometry
3556,S2237601__S22-37601-_-,0,1,geometry
3557,S2436457__S2436457_BP1B11_C_15540_2,0,0,geometry
3558,S2516970__S25-16970____155248,1,1,geometry
3559,S2511010__S25-11010_0_BP1A2021_052642,1,0,geometry
3560,S2346179__S23-46179-_-BIOPSY,1,1,geometry
3561,S2531985__S2531985_0_BP1A2021,0,1,geometry
3562,S2511009__S25-11009_0_BP1A2021_052542,0,0,geometry
3563,S2247860__S22-47860-_-DEEP_1,1,0,geometry
3564,S16-17719__S16-17719,1,0,geometry
3565,S2530981__S2530981_0_BP1A2021,0,1,geometry
3566,S2527323__S2527323_0_BP1A2021,0,1,geometry
3567,S19-40316__S19-40316,1,1,geometry
3568,S2527323__S2527323_0_BP1A2021,0,1,geometry
3569,S2530985__S2530985_0_BP1A2021,0,0,geometry
3570,S2511010__S25-11010_0_BP1A2021_052642,1,1,geometry
3571,S2409392__S2409392,0,0,geometry
3572,S2513848__S25-13848_0_BP1A2021_131436,0,0,geometry
3573,S20-26719__S20-26719,1,1,geometry
3574,S2229537__S22-29537-_-SERIAL_1,1,0,geometry
3575,S2512685__S2512685_0_,0,0,geometry
3576,S2237601__S22-37601-_-,0,0,geometry
3577,S2530985__S2530985_0_BP1A2021,0,0,geometry
3578,S2531989__S2531989_0_BP1A2021,0,0,geometry
3579,S2229537__S22-29537-_-SERIAL_1,1,0,geometry
3580,S2520404__S2520404_0_BP1A2021,0,1,geometry
3581,S16-17719__S16-17719,1,0,geometry
3582,S2227608__S22-27608-_-SERIAL_1,1,1,geometry
3583,S2227604__S22-27604-_-BIOPSY,1,0,geometry
3584,S2227608__S22-27608-_-SERIAL_1,1,1,geometry
3585,S2529112__S2529112_0_BP1A2021,0,0,geometry
3586,S20-28924__S20-28924,0,1,geometry
3587,S2227608__S22-27608-_-SERIAL_1,1,1,geometry
3588,S2436457__S2436457_BP1B11_C_15540_2,0,1,geometry
3589,S2511010__S25-11010_0_BP1A2021_052642,1,1,geometry
3590,S16-17719__S16-17719,1,1,geometry
3591,S2530985__S2530985_0_BP1A2021,0,0,geometry
3592,S2436457__S2436457_BP1B11_C_15540_2,0,1,geometry
3593,S2227604__S22-27604-_-BIOPSY,1,0,geometry
3594,S2531989__S2531989_0_BP1A2021,0,1,geometry
3595,S16-17719__S16-17719,1,1,geometry
3596,S2406754__S24-06754-_-DEEP_2,0,0,geometry
3597,S2406754__S24-06754-_-DEEP_2,0,1,geometry
3598,S2530981__S2530981_0_BP1A2021,0,0,geometry
3599,S2227604__S22-27604-_-BIOPSY,1,0,geometry
3600,S2516970__S25-16970____155248,1,1,geometry
3601,S2524760__S2524760_0_BP1A2021,0,1,geometry
3602,S2227604__S22-27604-_-BIOPSY,1,1,geometry
3603,S19-40316__S19-40316,1,0,geometry
3604,S2535840__S2535840_0_BP1A2021,0,1,geometry
3605,S2406754__S24-06754-_-DEEP_2,0,1,geometry
3606,S2424259__S2424259,0,0,geometry
3607,S2513846__S25-13846_0_BP1A2021_161650,0,1,geometry
3608,S2406754__S24-06754-_-DEEP_2,0,1,geometry
3609,S19-40316__S19-40316,1,0,geometry
3610,S2516970__S25-16970____155248,1,1,geometry
3611,S2227604__S22-27604-_-BIOPSY,1,0,geometry
3612,S2406753__S24-06753-_-DEEP_1,0,1,geometry
3613,S2524777__S2524777_0_BP1A2021,0,0,geometry
3614,S2511010__S25-11010_0_BP1A2021_052642,1,1,geometry
3615,S2346179__S23-46179-_-BIOPSY,1,0,geometry
3616,S2247860__S22-47860-_-DEEP_1,1,0,geometry
3617,S2427695__S24-27695-_-BIOPSY,0,1,geometry
3618,S2511006__S25-11006_0_BP1A2021_052242,0,1,geometry
3619,S2425843__S24-25843-_-BIOPSY,0,1,geometry
3620,S2227608__S22-27608-_-SERIAL_2,1,0,geometry
3621,S2527323__S2527323_0_BP1A2021,0,0,geometry
3622,S2516971__S25-16971____140945,0,0,geometry
3623,S20-26719__S20-26719,1,0,geometry
3624,S2406754__S24-06754-_-DEEP_2,0,1,geometry
3625,S2134277__S2134277,1,0,geometry
3626,S2530985__S2530985_0_BP1A2021,0,0,geometry
3627,S2227604__S22-27604-_-BIOPSY,1,0,geometry
3628,S2516970__S25-16970____155248,1,1,geometry
3629,S2511007__S25-11007_0_BP1A2021_052433,0,1,geometry
3630,S2406753__S24-06753-_-SERIAL_2,0,1,geometry
3631,S2512685__S2512685_0_,0,1,geometry
3632,S2424255__S2424255,0,1,geometry
3633,S2511010__S25-11010_0_BP1A2021_052642,1,1,geometry
3634,S2520404__S2520404_0_BP1A2021,0,1,geometry
3635,S20-26719__S20-26719,1,1,geometry
3636,S2511009__S25-11009_0_BP1A2021_052542,0,0,geometry
3637,S2401283__S24-01283-_-BIOPSY,0,1,geometry
3638,S2134277__S2134277,1,0,geometry
3639,S2511009__S25-11009_0_BP1A2021_052542,0,1,geometry
3640,S2530981__S2530981_0_BP1A2021,0,1,geometry
3641,S20-26719__S20-26719,1,1,geometry
3642,S2346179__S23-46179-_-BIOPSY,1,0,geometry
3643,S2530985__S2530985_0_BP1A2021,0,0,geometry
3644,S2424259__S2424259,0,0,geometry
3645,S2516971__S25-16971____140945,0,1,geometry
3646,S2524777__S2524777_0_BP1A2021,0,1,geometry
3647,S2227608__S22-27608-_-SERIAL_2,1,0,geometry
3648,S2346179__S23-46179-_-BIOPSY,1,0,geometry
3649,S2229537__S22-29537-_-SERIAL_1,1,0,geometry
3650,S2522994__S2522994_0_BP1A2021,0,0,geometry
3651,S2516970__S25-16970____155248,1,1,geometry
3652,S2229537__S22-29537-_-SERIAL_1,1,0,geometry
3653,S2521239__S2521239_0_BP1A2021,0,0,geometry
3654,S2227604__S22-27604-_-BIOPSY,1,0,geometry
3655,S2530985__S2530985_0_BP1A2021,0,0,geometry
3656,S2511009__S25-11009_0_BP1A2021_052542,0,1,geometry
3657,S2516970__S25-16970____155248,1,1,geometry
3658,S2535840__S2535840_0_BP1A2021,0,0,geometry
3659,S2513848__S25-13848_0_BP1A2021_131436,0,0,geometry
3660,S2513846__S25-13846_0_BP1A2021_131523,0,1,geometry
3661,S2247860__S22-47860-_-DEEP_1,1,0,geometry
3662,S2535840__S2535840_0_BP1A2021,0,0,geometry
3663,S2227608__S22-27608-_-SERIAL_1,1,0,geometry
3664,S2227608__S22-27608-_-SERIAL_1,1,1,geometry
3665,S2425843__S24-25843-_-BIOPSY,0,1,geometry
3666,S2530985__S2530985_0_BP1A2021,0,0,geometry
3667,S2247860__S22-47860-_-DEEP_1,1,1,geometry
3668,S2134277__S2134277,1,1,geometry
3669,S2511006__S25-11006_0_BP1A2021_052242,0,0,geometry
3670,S2406754__S24-06754-_-DEEP_2,0,0,geometry
3671,S2344462__S23-44462-_-BIOPSY,0,1,geometry
3672,S2406754__S24-06754-_-SERIAL_1,0,1,geometry
3673,S2530049__S2530049_0_BP1A2021,0,0,geometry
3674,S2424258__S2424258,0,0,geometry
3675,S2516970__S25-16970____155248,1,1,geometry
3676,S2522994__S2522994_0_BP1A2021,0,0,geometry
3677,S2530991__S2530991_0_BP1A2021,0,1,geometry
3678,S19-40316__S19-40316,1,0,geometry
3679,S2227608__S22-27608-_-SERIAL_2,1,0,geometry
3680,S2525436__S2525436_0_BP1A2021,0,0,geometry
3681,S2227604__S22-27604-_-BIOPSY,1,1,geometry
3682,S2227604__S22-27604-_-BIOPSY,1,1,geometry
3683,S19-40316__S19-40316,1,0,geometry
3684,S2436457__S2436457_BP1B11_C_15540_2,0,0,geometry
3685,S2227604__S22-27604-_-BIOPSY,1,1,geometry
3686,S20-28924__S20-28924,0,0,geometry
3687,S16-17719__S16-17719,1,1,geometry
3688,S2227604__S22-27604-_-BIOPSY,1,0,geometry
3689,S2415689__S24-15689-_-BIOPSY,1,0,geometry
3690,S2227604__S22-27604-_-BIOPSY,1,0,geometry
3691,S2216630__S2216630--DEEP_1,0,1,geometry
3692,S2216630__S2216630--DEEP_1,0,0,geometry
3693,S2247860__S22-47860-_-DEEP_1,1,0,geometry
3694,S2427695__S24-27695-_-BIOPSY,0,1,geometry
3695,S2229537__S22-29537-_-SERIAL_1,1,1,geometry
3696,S2530981__S2530981_0_BP1A2021,0,1,geometry
3697,S2516971__S25-16971____140945,0,0,geometry
3698,S2401283__S24-01283-_-BIOPSY,0,1,geometry
3699,S2247860__S22-47860-_-DEEP_1,1,0,geometry
3700,S2415689__S24-15689-_-BIOPSY,1,0,geometry
3701,S2406753__S24-06753-_-SERIAL_2,0,1,geometry
3702,S20-26719__S20-26719,1,1,geometry
3703,S2531985__S2531985_0_BP1A2021,0,0,geometry
3704,S19-40316__S19-40316,1,0,geometry
3705,S2247860__S22-47860-_-DEEP_1,1,1,geometry
3706,S2415689__S24-15689-_-BIOPSY,1,0,geometry
3707,S2513846__S25-13846_0_BP1A2021_131523,0,0,geometry
3708,S16-17719__S16-17719,1,1,geometry
3709,S2520404__S2520404_0_BP1A2021,0,0,geometry
3710,S2227604__S22-27604-_-BIOPSY,1,1,geometry
3711,S2346179__S23-46179-_-BIOPSY,1,1,geometry
3712,S2524760__S2524760_0_BP1A2021,0,0,geometry
3713,S2134277__S2134277,1,1,geometry
3714,S2513846__S25-13846_0_BP1A2021_161650,0,1,geometry
3715,S2229537__S22-29537-_-SERIAL_1,1,0,geometry
3716,S2530991__S2530991_0_BP1A2021,0,1,geometry
3717,S20-26719__S20-26719,1,0,geometry
3718,S2346179__S23-46179-_-BIOPSY,1,1,geometry
3719,S2227604__S22-27604-_-BIOPSY,1,1,geometry
3720,S2346179__S23-46179-_-BIOPSY,1,0,geometry
3721,S2516970__S25-16970____155248,1,1,geometry
3722,S2247860__S22-47860-_-DEEP_1,1,1,geometry
3723,S2511006__S25-11006_0_BP1A2021_052242,0,0,geometry
3724,S2513848__S25-13848_0_BP1A2021_131436,0,1,geometry
3725,S2521239__S2521239_0_BP1A2021,0,0,geometry
3726,S20-26719__S20-26719,1,1,geometry
3727,S2424259__S2424259,0,1,geometry
3728,S2237601__S22-37601-_-,0,1,geometry
3729,S2529112__S2529112_0_BP1A2021,0,0,geometry
3730,S2436457__S2436457_BP1B11_C_15540_2,0,1,geometry
3731,S2513846__S25-13846_0_BP1A2021_131523,0,1,geometry
3732,S20-26719__S20-26719,1,0,geometry
3733,S2527323__S2527323_0_BP1A2021,0,0,geometry
3734,S2516971__S25-16971____155423,0,0,geometry
3735,S2346179__S23-46179-_-BIOPSY,1,1,geometry
3736,S2531989__S2531989_0_BP1A2021,0,0,geometry
3737,S2229537__S22-29537-_-SERIAL_1,1,1,geometry
3738,S2415689__S24-15689-_-BIOPSY,1,0,geometry
3739,S2415689__S24-15689-_-BIOPSY,1,1,geometry
3740,S2227604__S22-27604-_-BIOPSY,1,1,geometry
3741,S2415689__S24-15689-_-BIOPSY,1,1,geometry
3742,S2229537__S22-29537-_-SERIAL_1,1,1,geometry
3743,S2424259__S2424259,0,1,geometry
3744,S2406753__S24-06753-_-SERIAL_2,0,0,geometry
3745,S2516970__S25-16970____155248,1,0,geometry
3746,S2511010__S25-11010_0_BP1A2021_052642,1,1,geometry
3747,S2346179__S23-46179-_-BIOPSY,1,1,geometry
3748,S2247860__S22-47860-_-DEEP_1,1,1,geometry
3749,S20-28924__S20-28924,0,1,geometry
3750,S2511010__S25-11010_0_BP1A2021_052642,1,0,geometry
3751,S2530049__S2530049_0_BP1A2021,0,1,geometry
3752,S2511010__S25-11010_0_BP1A2021_052642,1,0,geometry
3753,S2528218__S2528218_0_BP1A2021,0,1,geometry
3754,S19-40316__S19-40316,1,1,geometry
3755,S2227608__S22-27608-_-SERIAL_1,1,0,geometry
3756,S2511010__S25-11010_0_BP1A2021_052642,1,0,geometry
3757,S20-26719__S20-26719,1,1,geometry
3758,S20-26719__S20-26719,1,1,geometry
3759,S2247860__S22-47860-_-DEEP_1,1,0,geometry
3760,S19-40316__S19-40316,1,1,geometry
3761,S2511007__S25-11007_0_BP1A2021_052433,0,1,geometry
3762,S2406754__S24-06754-_-DEEP_2,0,1,geometry
3763,S19-40316__S19-40316,1,0,geometry
3764,S2513846__S25-13846_0_BP1A2021_131523,0,1,geometry
3765,S2409392__S2409392,0,1,geometry
3766,S19-40316__S19-40316,1,1,geometry
3767,S2425843__S24-25843-_-BIOPSY,0,1,geometry
3768,S2227608__S22-27608-_-SERIAL_1,1,1,geometry
3769,S2247860__S22-47860-_-DEEP_1,1,1,geometry
3770,S20-26719__S20-26719,1,0,geometry
3771,S2521239__S2521239_0_BP1A2021,0,0,geometry
3772,S16-17719__S16-17719,1,1,geometry
3773,S20-28924__S20-28924,0,1,geometry
3774,S16-17719__S16-17719,1,1,geometry
3775,S2415689__S24-15689-_-BIOPSY,1,0,geometry
3776,S2522994__S2522994_0_BP1A2021,0,1,geometry
3777,S2229537__S22-29537-_-SERIAL_1,1,0,geometry
3778,S2424259__S2424259,0,0,geometry
3779,S2346179__S23-46179-_-BIOPSY,1,0,geometry
3780,S19-40316__S19-40316,1,1,geometry
3781,S2530049__S2530049_0_BP1A2021,0,0,geometry
3782,S2229537__S22-29537-_-SERIAL_1,1,0,geometry
3783,S2406753__S24-06753-_-SERIAL_2,0,0,geometry
3784,S2344462__S23-44462-_-BIOPSY,0,0,geometry
3785,S20-28924__S20-28924,0,0,geometry
3786,S2247860__S22-47860-_-DEEP_1,1,1,geometry
3787,S2409392__S2409392,0,0,geometry
3788,S2526362__S2526362_0_BP1A2021,0,0,geometry
3789,S2415689__S24-15689-_-BIOPSY,1,0,geometry
3790,S2427695__S2427695_BP1B27_C_14045_3,0,0,geometry
3791,S2409392__S2409392,0,0,geometry
3792,S2227608__S22-27608-_-SERIAL_1,1,0,geometry
3793,S2237601__S22-37601-_-,0,0,geometry
3794,S2529112__S2529112_0_BP1A2021,0,1,geometry
3795,S2511010__S25-11010_0_BP1A2021_052642,1,1,geometry
3796,S2530049__S2530049_0_BP1A2021,0,1,geometry
3797,S2406754__S24-06754-_-SERIAL_1,0,0,geometry
3798,S2229537__S22-29537-_-SERIAL_1,1,0,geometry
3799,S2522994__S2522994_0_BP1A2021,0,0,geometry
3800,S2526362__S2526362_0_BP1A2021,0,1,geometry
3801,S2229537__S22-29537-_-SERIAL_1,1,1,geometry
3802,S2227608__S22-27608-_-SERIAL_1,1,0,geometry
3803,S2529112__S2529112_0_BP1A2021,0,0,geometry
3804,S2229537__S22-29537-_-SERIAL_1,1,1,geometry
3805,S2227608__S22-27608-_-SERIAL_2,1,0,geometry
3806,S2227604__S22-27604-_-BIOPSY,1,0,geometry
3807,S2229537__S22-29537-_-SERIAL_1,1,0,geometry
3808,S2247860__S22-47860-_-DEEP_1,1,1,geometry
3809,S2424258__S2424258,0,0,geometry
3810,S2227608__S22-27608-_-SERIAL_1,1,1,geometry
3811,S2531989__S2531989_0_BP1A2021,0,0,geometry
3812,S2344462__S23-44462-_-BIOPSY,0,1,geometry
3813,S2415689__S24-15689-_-BIOPSY,1,1,geometry
3814,S2227604__S22-27604-_-BIOPSY,1,0,geometry
3815,S2511010__S25-11010_0_BP1A2021_052642,1,0,geometry
3816,S2227604__S22-27604-_-BIOPSY,1,0,geometry
3817,S2427695__S24-27695-_-BIOPSY,0,0,geometry
3818,S2516970__S25-16970____155248,1,0,geometry
3819,S2227608__S22-27608-_-SERIAL_1,1,0,geometry
3820,S2436457__S2436457_BP1B11_C_15540_2,0,0,geometry
3821,S2229537__S22-29537-_-SERIAL_1,1,0,geometry
3822,S2229537__S22-29537-_-SERIAL_1,1,1,geometry
3823,S20-26719__S20-26719,1,0,geometry
3824,S2227608__S22-27608-_-SERIAL_1,1,0,geometry
3825,S2227604__S22-27604-_-BIOPSY,1,1,geometry
3826,S2511010__S25-11010_0_BP1A2021_052642,1,1,geometry
3827,S2524760__S2524760_0_BP1A2021,0,1,geometry
3828,S2134277__S2134277,1,0,geometry
3829,S2528218__S2528218_0_BP1A2021,0,0,geometry
3830,S19-40316__S19-40316,1,1,geometry
3831,S2406754__S24-06754-_-DEEP_2,0,0,geometry
3832,S2529112__S2529112_0_BP1A2021,0,1,geometry
3833,S2436457__S2436457_BP1B11_C_15540_2,0,1,geometry
3834,S2522994__S2522994_0_BP1A2021,0,1,geometry
3835,S2346179__S23-46179-_-BIOPSY,1,1,geometry
3836,S2415689__S24-15689-_-BIOPSY,1,1,geometry
3837,S2229537__S22-29537-_-SERIAL_1,1,0,geometry
3838,S2134277__S2134277,1,0,geometry
3839,S2237601__S22-37601-_-,0,0,geometry
3840,S2521239__S2521239_0_BP1A2021,0,1,geometry
3841,S2528218__S2528218_0_BP1A2021,0,1,geometry
3842,S2406754__S24-06754-_-DEEP_2,0,1,geometry
3843,S2513846__S25-13846_0_BP1A2021_161650,0,1,geometry
3844,S2247860__S22-47860-_-DEEP_1,1,1,geometry
3845,S2406753__S24-06753-_-SERIAL_2,0,0,geometry
3846,S2516970__S25-16970____155248,1,0,geometry
3847,S2344462__S23-44462-_-BIOPSY,0,1,geometry
3848,S16-17719__S16-17719,1,0,geometry
3849,S2516971__S25-16971____155423,0,0,geometry
3850,S2513846__S25-13846_0_BP1A2021_131523,0,0,geometry
3851,S2520404__S2520404_0_BP1A2021,0,0,geometry
3852,S2227608__S22-27608-_-SERIAL_2,1,1,geometry
3853,S2415689__S24-15689-_-BIOPSY,1,0,geometry
3854,S2531985__S2531985_0_BP1A2021,0,1,geometry
3855,S2513846__S25-13846_0_BP1A2021_161650,0,1,geometry
3856,S20-26719__S20-26719,1,1,geometry
3857,S2513846__S25-13846_0_BP1A2021_161650,0,0,geometry
3858,S2511007__S25-11007_0_BP1A2021_052433,0,1,geometry
3859,S2247860__S22-47860-_-DEEP_1,1,1,geometry
3860,S2520402__S2520402_0_BP1A2021,0,0,geometry
3861,S2511010__S25-11010_0_BP1A2021_052642,1,1,geometry
3862,S2436457__S2436457_BP1B11_C_15540_2,0,0,geometry
3863,S2247860__S22-47860-_-DEEP_1,1,0,geometry
3864,S2511010__S25-11010_0_BP1A2021_052642,1,1,geometry
3865,S19-40316__S19-40316,1,1,geometry
3866,S2406753__S24-06753-_-SERIAL_2,0,1,geometry
3867,S2401283__S24-01283-_-BIOPSY,0,0,geometry
3868,S2415689__S24-15689-_-BIOPSY,1,0,geometry
3869,S2229537__S22-29537-_-SERIAL_1,1,1,geometry
3870,S2520404__S2520404_0_BP1A2021,0,1,geometry
3871,S19-40316__S19-40316,1,0,geometry
3872,S2227608__S22-27608-_-SERIAL_2,1,0,geometry
3873,S2134277__S2134277,1,0,geometry
3874,S2344462__S23-44462-_-BIOPSY,0,0,geometry
3875,S16-17719__S16-17719,1,1,geometry
3876,S2227604__S22-27604-_-BIOPSY,1,1,geometry
3877,S2513846__S25-13846_0_BP1A2021_131523,0,1,geometry
3878,S2427695__S2427695_BP1B27_C_14045_3,0,0,geometry
3879,S2227608__S22-27608-_-SERIAL_1,1,1,geometry
3880,S2511010__S25-11010_0_BP1A2021_052642,1,0,geometry
3881,S2511010__S25-11010_0_BP1A2021_052642,1,1,geometry
3882,S2526362__S2526362_0_BP1A2021,0,0,geometry
3883,S2227608__S22-27608-_-SERIAL_2,1,0,geometry
3884,S2237601__S22-37601-_-,0,0,geometry
3885,S2520402__S2520402_0_BP1A2021,0,1,geometry
3886,S2516970__S25-16970____155248,1,0,geometry
3887,S20-26719__S20-26719,1,0,geometry
3888,S2520402__S2520402_0_BP1A2021,0,1,geometry
3889,S16-17719__S16-17719,1,1,geometry
3890,S2436457__S2436457_BP1B11_C_15540_2,0,1,geometry
3891,S20-28924__S20-28924,0,1,geometry
3892,S19-40316__S19-40316,1,1,geometry
3893,S2227608__S22-27608-_-SERIAL_2,1,0,geometry
3894,S2346179__S23-46179-_-BIOPSY,1,0,geometry
3895,S2409392__S2409392,0,0,geometry
3896,S2227608__S22-27608-_-SERIAL_2,1,0,geometry
3897,S2513846__S25-13846_0_BP1A2021_131523,0,0,geometry
3898,S2415689__S24-15689-_-BIOPSY,1,1,geometry
3899,S2528218__S2528218_0_BP1A2021,0,1,geometry
3900,S2520404__S2520404_0_BP1A2021,0,0,geometry
3901,S2436457__S2436457_BP1B11_C_15540_2,0,1,geometry
3902,S2406753__S24-06753-_-DEEP_1,0,1,geometry
3903,S2516971__S25-16971____155423,0,0,geometry
3904,S2525436__S2525436_0_BP1A2021,0,1,geometry
3905,S2527323__S2527323_0_BP1A2021,0,0,geometry
3906,S2216630__S2216630--DEEP_1,0,0,geometry
3907,S2406754__S24-06754-_-DEEP_2,0,0,geometry
3908,S2513846__S25-13846_0_BP1A2021_131523,0,1,geometry
3909,S2227608__S22-27608-_-SERIAL_1,1,0,geometry
3910,S2229537__S22-29537-_-SERIAL_1,1,1,geometry
3911,S2216630__S2216630--DEEP_1,0,1,geometry
3912,S2406754__S24-06754-_-SERIAL_1,0,0,geometry
3913,S2229537__S22-29537-_-SERIAL_1,1,1,geometry
3914,S2346179__S23-46179-_-BIOPSY,1,0,geometry
3915,S19-40316__S19-40316,1,0,geometry
3916,S2531985__S2531985_0_BP1A2021,0,0,geometry
3917,S2406754__S24-06754-_-SERIAL_1,0,0,geometry
3918,S2424258__S2424258,0,0,geometry
3919,S19-40316__S19-40316,1,0,geometry
3920,S2530981__S2530981_0_BP1A2021,0,0,geometry
3921,S2526362__S2526362_0_BP1A2021,0,0,geometry
3922,S2229537__S22-29537-_-SERIAL_1,1,0,geometry
3923,S2513846__S25-13846_0_BP1A2021_161650,0,0,geometry
3924,S2427695__S24-27695-_-BIOPSY,0,0,geometry
3925,S2134277__S2134277,1,0,geometry
3926,S2229537__S22-29537-_-SERIAL_1,1,0,geometry
3927,S2415689__S24-15689-_-BIOPSY,1,0,geometry
3928,S16-17719__S16-17719,1,1,geometry
3929,S2237601__S22-37601-_-,0,0,geometry
3930,S2531989__S2531989_0_BP1A2021,0,0,geometry
3931,S2409392__S2409392,0,0,geometry
3932,S2511010__S25-11010_0_BP1A2021_052642,1,1,geometry
3933,S2227608__S22-27608-_-SERIAL_1,1,1,geometry
3934,S2406753__S24-06753-_-DEEP_1,0,1,geometry
3935,S2237601__S22-37601-_-,0,1,geometry
3936,S2424258__S2424258,0,1,geometry
3937,S2529112__S2529112_0_BP1A2021,0,0,geometry
3938,S2526362__S2526362_0_BP1A2021,0,1,geometry
3939,S2227604__S22-27604-_-BIOPSY,1,0,geometry
3940,S2436457__S2436457_BP1B11_C_15540_2,0,0,geometry
3941,S2424259__S2424259,0,0,geometry
3942,S2516970__S25-16970____155248,1,0,geometry
3943,S2227604__S22-27604-_-BIOPSY,1,0,geometry
3944,S2227608__S22-27608-_-SERIAL_1,1,0,geometry
3945,S2529112__S2529112_0_BP1A2021,0,0,geometry
3946,S2229537__S22-29537-_-SERIAL_1,1,0,geometry
3947,S2520404__S2520404_0_BP1A2021,0,0,geometry
3948,S2134277__S2134277,1,1,geometry
3949,S2415689__S24-15689-_-BIOPSY,1,0,geometry
3950,S2531985__S2531985_0_BP1A2021,0,0,geometry
3951,S2227608__S22-27608-_-SERIAL_1,1,1,geometry
3952,S2346179__S23-46179-_-BIOPSY,1,1,geometry
3953,S2530991__S2530991_0_BP1A2021,0,1,geometry
3954,S2227608__S22-27608-_-SERIAL_1,1,0,geometry
3955,S2227608__S22-27608-_-SERIAL_2,1,1,geometry
3956,S2227604__S22-27604-_-BIOPSY,1,1,geometry
3957,S2229537__S22-29537-_-SERIAL_1,1,0,geometry
3958,S2227604__S22-27604-_-BIOPSY,1,0,geometry
3959,S2436457__S2436457_BP1B11_C_15540_2,0,0,geometry
3960,S2229537__S22-29537-_-SERIAL_1,1,1,geometry
3961,S2520404__S2520404_0_BP1A2021,0,1,geometry
3962,S2516971__S25-16971____155423,0,0,geometry
3963,S20-28924__S20-28924,0,0,geometry
3964,S2424255__S2424255,0,0,geometry
3965,S2528218__S2528218_0_BP1A2021,0,1,geometry
3966,S2521239__S2521239_0_BP1A2021,0,1,geometry
3967,S2346179__S23-46179-_-BIOPSY,1,0,geometry
3968,S2134277__S2134277,1,1,geometry
3969,S2344462__S23-44462-_-BIOPSY,0,0,geometry
3970,S2513846__S25-13846_0_BP1A2021_131523,0,0,geometry
3971,S2406753__S24-06753-_-SERIAL_2,0,1,geometry
3972,S2229537__S22-29537-_-SERIAL_1,1,1,geometry
3973,S2227608__S22-27608-_-SERIAL_2,1,0,geometry
3974,S2346179__S23-46179-_-BIOPSY,1,0,geometry
3975,S2344462__S23-44462-_-BIOPSY,0,0,geometry
3976,S2229537__S22-29537-_-SERIAL_1,1,1,geometry
3977,S2406753__S24-06753-_-SERIAL_2,0,1,geometry
3978,S2529112__S2529112_0_BP1A2021,0,0,geometry
3979,S2134277__S2134277,1,0,geometry
3980,S2346179__S23-46179-_-BIOPSY,1,1,geometry
3981,S2229537__S22-29537-_-SERIAL_1,1,1,geometry
3982,S2511010__S25-11010_0_BP1A2021_052642,1,0,geometry
3983,S2528218__S2528218_0_BP1A2021,0,0,geometry
3984,S2406754__S24-06754-_-SERIAL_1,0,1,geometry
3985,S19-40316__S19-40316,1,1,geometry
3986,S2227608__S22-27608-_-SERIAL_2,1,0,geometry
3987,S2516971__S25-16971____140945,0,1,geometry
3988,S2237601__S22-37601-_-,0,1,geometry
3989,S2227604__S22-27604-_-BIOPSY,1,1,geometry
3990,S2427695__S2427695_BP1B27_C_14045_3,0,0,geometry
3991,S2424259__S2424259,0,0,geometry
3992,S20-28924__S20-28924,0,0,geometry
3993,S2516970__S25-16970____155248,1,0,geometry
3994,S2427695__S24-27695-_-BIOPSY,0,1,geometry
3995,S2415689__S24-15689-_-BIOPSY,1,0,geometry
3996,S2346179__S23-46179-_-BIOPSY,1,0,geometry
3997,S2535840__S2535840_0_BP1A2021,0,1,geometry
3998,S2516970__S25-16970____155248,1,1,geometry
3999,S2516970__S25-16970____155248,1,1,geometry
4000,S19-40316__S19-40316,1,0,geometry
4001,S2524760__S2524760_0_BP1A2021,0,0,geometry
4002,S2516970__S25-16970____155248,1,0,geometry
4003,S2406753__S24-06753-_-SERIAL_2,0,1,geometry
4004,S2229537__S22-29537-_-SERIAL_1,1,1,geometry
4005,S16-17719__S16-17719,1,0,geometry
4006,S2516971__S25-16971____140945,0,1,geometry
4007,S2531989__S2531989_0_BP1A2021,0,0,geometry
4008,S2344462__S23-44462-_-BIOPSY,0,0,geometry
4009,S2520404__S2520404_0_BP1A2021,0,1,geometry
4010,S2346179__S23-46179-_-BIOPSY,1,1,geometry
4011,S2527323__S2527323_0_BP1A2021,0,1,geometry
4012,S2415689__S24-15689-_-BIOPSY,1,0,geometry
4013,S2511006__S25-11006_0_BP1A2021_052242,0,1,geometry
4014,S2511010__S25-11010_0_BP1A2021_052642,1,1,geometry
4015,S2227608__S22-27608-_-SERIAL_1,1,0,geometry
4016,S2527323__S2527323_0_BP1A2021,0,1,geometry
4017,S2524777__S2524777_0_BP1A2021,0,0,geometry
4018,S2406754__S24-06754-_-DEEP_2,0,0,geometry
4019,S2513848__S25-13848_0_BP1A2021_131436,0,1,geometry
4020,S2530981__S2530981_0_BP1A2021,0,1,geometry
4021,S2511006__S25-11006_0_BP1A2021_052242,0,0,geometry
4022,S2134277__S2134277,1,0,geometry
4023,S2528218__S2528218_0_BP1A2021,0,1,geometry
4024,S2511009__S25-11009_0_BP1A2021_052542,0,0,geometry
4025,S2134277__S2134277,1,1,geometry
4026,S20-26719__S20-26719,1,1,geometry
4027,S2511010__S25-11010_0_BP1A2021_052642,1,1,geometry
4028,S20-26719__S20-26719,1,1,geometry
4029,S2134277__S2134277,1,0,geometry
4030,S2247860__S22-47860-_-DEEP_1,1,1,geometry
4031,S2227604__S22-27604-_-BIOPSY,1,0,geometry
4032,S2511010__S25-11010_0_BP1A2021_052642,1,0,geometry
4033,S20-26719__S20-26719,1,0,geometry
4034,S2415689__S24-15689-_-BIOPSY,1,0,geometry
4035,S2511010__S25-11010_0_BP1A2021_052642,1,1,geometry
4036,S2406753__S24-06753-_-DEEP_1,0,1,geometry
4037,S2530991__S2530991_0_BP1A2021,0,1,geometry
4038,S2520402__S2520402_0_BP1A2021,0,1,geometry
4039,S2427695__S24-27695-_-BIOPSY,0,1,geometry
4040,S2511009__S25-11009_0_BP1A2021_052542,0,1,geometry
4041,S2406753__S24-06753-_-DEEP_1,0,1,geometry
4042,S16-17719__S16-17719,1,1,geometry
4043,S2227608__S22-27608-_-SERIAL_2,1,1,geometry
4044,S2415689__S24-15689-_-BIOPSY,1,1,geometry
4045,S2229537__S22-29537-_-SERIAL_1,1,0,geometry
4046,S2227608__S22-27608-_-SERIAL_1,1,1,geometry
4047,S2406753__S24-06753-_-DEEP_1,0,1,geometry
4048,S16-17719__S16-17719,1,1,geometry
4049,S2511010__S25-11010_0_BP1A2021_052642,1,0,geometry
4050,S2524777__S2524777_0_BP1A2021,0,1,geometry
4051,S20-26719__S20-26719,1,1,geometry
4052,S16-17719__S16-17719,1,1,geometry
4053,S2346179__S23-46179-_-BIOPSY,1,1,geometry
4054,S2415689__S24-15689-_-BIOPSY,1,1,geometry
4055,S2436457__S2436457_BP1B11_C_15540_2,0,0,geometry
4056,S19-40316__S19-40316,1,1,geometry
4057,S2530991__S2530991_0_BP1A2021,0,0,geometry
4058,S2525436__S2525436_0_BP1A2021,0,1,geometry
4059,S2513846__S25-13846_0_BP1A2021_161650,0,0,geometry
4060,S2134277__S2134277,1,0,geometry
4061,S2229537__S22-29537-_-SERIAL_1,1,1,geometry
4062,S2406753__S24-06753-_-DEEP_1,0,1,geometry
4063,S2344462__S23-44462-_-BIOPSY,0,1,geometry
4064,S2516971__S25-16971____140945,0,0,geometry
4065,S2530985__S2530985_0_BP1A2021,0,1,geometry
4066,S2516970__S25-16970____155248,1,0,geometry
4067,S2511009__S25-11009_0_BP1A2021_052542,0,1,geometry
4068,S20-28924__S20-28924,0,0,geometry
4069,S2511010__S25-11010_0_BP1A2021_052642,1,1,geometry
4070,S19-40316__S19-40316,1,1,geometry
4071,S2247860__S22-47860-_-DEEP_1,1,0,geometry
4072,S2227604__S22-27604-_-BIOPSY,1,1,geometry
4073,S2513848__S25-13848_0_BP1A2021_131436,0,1,geometry
4074,S20-28924__S20-28924,0,1,geometry
4075,S2424259__S2424259,0,0,geometry
4076,S2511010__S25-11010_0_BP1A2021_052642,1,1,geometry
4077,S2247860__S22-47860-_-DEEP_1,1,0,geometry
4078,S2516970__S25-16970____155248,1,0,geometry
4079,S2229537__S22-29537-_-SERIAL_1,1,0,geometry
4080,S2425843__S24-25843-_-BIOPSY,0,0,geometry
4081,S2521239__S2521239_0_BP1A2021,0,1,geometry
4082,S2227604__S22-27604-_-BIOPSY,1,0,geometry
4083,S2134277__S2134277,1,1,geometry
4084,S2229537__S22-29537-_-SERIAL_1,1,1,geometry
4085,S2401283__S24-01283-_-BIOPSY,0,0,geometry
4086,S2237601__S22-37601-_-,0,0,geometry
4087,S2134277__S2134277,1,0,geometry
4088,S16-17719__S16-17719,1,1,geometry
4089,S2344462__S23-44462-_-BIOPSY,0,0,geometry
4090,S2247860__S22-47860-_-DEEP_1,1,1,geometry
4091,S2511010__S25-11010_0_BP1A2021_052642,1,1,geometry
4092,S2415689__S24-15689-_-BIOPSY,1,0,geometry
4093,S2516970__S25-16970____155248,1,1,geometry
4094,S2516970__S25-16970____155248,1,1,geometry
4095,S2346179__S23-46179-_-BIOPSY,1,1,geometry
4096,S2134277__S2134277,1,0,geometry
4097,S2227608__S22-27608-_-SERIAL_1,1,1,geometry
4098,S2346179__S23-46179-_-BIOPSY,1,1,geometry
4099,S2406753__S24-06753-_-DEEP_1,0,1,geometry
4100,S20-26719__S20-26719,1,1,geometry
4101,S2516971__S25-16971____140945,0,1,geometry
4102,S2530049__S2530049_0_BP1A2021,0,1,geometry
4103,S2530049__S2530049_0_BP1A2021,0,1,geometry
4104,S2227608__S22-27608-_-SERIAL_2,1,1,geometry
4105,S2134277__S2134277,1,0,geometry
4106,S2513846__S25-13846_0_BP1A2021_161650,0,1,geometry
4107,S2134277__S2134277,1,0,geometry
4108,S2346179__S23-46179-_-BIOPSY,1,1,geometry
4109,S20-26719__S20-26719,1,1,geometry
4110,S2524760__S2524760_0_BP1A2021,0,0,geometry
4111,S2227608__S22-27608-_-SERIAL_1,1,1,geometry
4112,S2227604__S22-27604-_-BIOPSY,1,0,geometry
4113,S2529112__S2529112_0_BP1A2021,0,0,geometry
4114,S2346179__S23-46179-_-BIOPSY,1,1,geometry
4115,S2521239__S2521239_0_BP1A2021,0,1,geometry
4116,S2513846__S25-13846_0_BP1A2021_161650,0,0,geometry
4117,S2516970__S25-16970____155248,1,1,geometry
4118,S2346179__S23-46179-_-BIOPSY,1,1,geometry
4119,S2427695__S2427695_BP1B27_C_14045_3,0,0,geometry
4120,S2415689__S24-15689-_-BIOPSY,1,1,geometry
4121,S2511006__S25-11006_0_BP1A2021_052242,0,0,geometry
4122,S2227604__S22-27604-_-BIOPSY,1,1,geometry
4123,S2520404__S2520404_0_BP1A2021,0,0,geometry
4124,S16-17719__S16-17719,1,0,geometry
4125,S2227608__S22-27608-_-SERIAL_2,1,0,geometry
4126,S2247860__S22-47860-_-DEEP_1,1,0,geometry
4127,S2227604__S22-27604-_-BIOPSY,1,0,geometry
4128,S20-26719__S20-26719,1,0,geometry
4129,S2227608__S22-27608-_-SERIAL_2,1,0,geometry
4130,S2424258__S2424258,0,0,geometry
4131,S2513846__S25-13846_0_BP1A2021_161650,0,1,geometry
4132,S2227604__S22-27604-_-BIOPSY,1,0,geometry
4133,S2535840__S2535840_0_BP1A2021,0,1,geometry
4134,S20-26719__S20-26719,1,0,geometry
4135,S2530991__S2530991_0_BP1A2021,0,1,geometry
4136,S2406754__S24-06754-_-DEEP_2,0,1,geometry
4137,S2346179__S23-46179-_-BIOPSY,1,0,geometry
4138,S2401283__S24-01283-_-BIOPSY,0,0,geometry
4139,S2229537__S22-29537-_-SERIAL_1,1,0,geometry
4140,S20-26719__S20-26719,1,1,geometry
4141,S19-40316__S19-40316,1,0,geometry
4142,S16-17719__S16-17719,1,0,geometry
4143,S2415689__S24-15689-_-BIOPSY,1,0,geometry
4144,S2531989__S2531989_0_BP1A2021,0,1,geometry
4145,S2516971__S25-16971____140945,0,0,geometry
4146,S2424258__S2424258,0,1,geometry
4147,S2134277__S2134277,1,0,geometry
4148,S2247860__S22-47860-_-DEEP_1,1,0,geometry
4149,S2511010__S25-11010_0_BP1A2021_052642,1,0,geometry
4150,S2527323__S2527323_0_BP1A2021,0,1,geometry
4151,S2530981__S2530981_0_BP1A2021,0,1,geometry
4152,S2531989__S2531989_0_BP1A2021,0,0,geometry
4153,S2424255__S2424255,0,1,geometry
4154,S2524777__S2524777_0_BP1A2021,0,1,geometry
4155,S2511010__S25-11010_0_BP1A2021_052642,1,0,geometry
4156,S2427695__S2427695_BP1B27_C_14045_3,0,1,geometry
4157,S2134277__S2134277,1,1,geometry
4158,S2227608__S22-27608-_-SERIAL_1,1,1,geometry
4159,S2344462__S23-44462-_-BIOPSY,0,0,geometry
4160,S16-17719__S16-17719,1,0,geometry
4161,S2516971__S25-16971____140945,0,1,geometry
4162,S19-40316__S19-40316,1,0,geometry
4163,S20-26719__S20-26719,1,1,geometry
4164,S2134277__S2134277,1,1,geometry
4165,S2237601__S22-37601-_-,0,1,geometry
4166,S2415689__S24-15689-_-BIOPSY,1,0,geometry
4167,S2415689__S24-15689-_-BIOPSY,1,1,geometry
4168,S2520404__S2520404_0_BP1A2021,0,0,geometry
4169,S2516970__S25-16970____155248,1,0,geometry
4170,S2513846__S25-13846_0_BP1A2021_131523,0,1,geometry
4171,S2227604__S22-27604-_-BIOPSY,1,0,geometry
4172,S2237601__S22-37601-_-,0,1,geometry
4173,S2521239__S2521239_0_BP1A2021,0,0,geometry
4174,S2526362__S2526362_0_BP1A2021,0,1,geometry
4175,S2227604__S22-27604-_-BIOPSY,1,1,geometry
4176,S2425843__S24-25843-_-BIOPSY,0,0,geometry
4177,S2511007__S25-11007_0_BP1A2021_052433,0,1,geometry
4178,S2134277__S2134277,1,0,geometry
4179,S2409392__S2409392,0,0,geometry
4180,S2516971__S25-16971____140945,0,0,geometry
4181,S2513848__S25-13848_0_BP1A2021_131436,0,1,geometry
4182,S2511010__S25-11010_0_BP1A2021_052642,1,1,geometry
4183,S16-17719__S16-17719,1,1,geometry
4184,S20-26719__S20-26719,1,0,geometry
4185,S2516970__S25-16970____155248,1,1,geometry
4186,S20-26719__S20-26719,1,1,geometry
4187,S2531989__S2531989_0_BP1A2021,0,0,geometry
4188,S2344462__S23-44462-_-BIOPSY,0,1,geometry
4189,S2237601__S22-37601-_-,0,1,geometry
4190,S2227604__S22-27604-_-BIOPSY,1,1,geometry
4191,S2134277__S2134277,1,0,geometry
4192,S2427695__S2427695_BP1B27_C_14045_3,0,1,geometry
4193,S2401283__S24-01283-_-BIOPSY,0,0,geometry
4194,S2401283__S24-01283-_-BIOPSY,0,1,geometry
4195,S2511009__S25-11009_0_BP1A2021_052542,0,0,geometry
4196,S19-40316__S19-40316,1,0,geometry
4197,S2134277__S2134277,1,0,geometry
4198,S2436457__S2436457_BP1B11_C_15540_2,0,0,geometry
4199,S2521239__S2521239_0_BP1A2021,0,1,geometry
4200,S2511007__S25-11007_0_BP1A2021_052433,0,0,geometry
4201,S20-26719__S20-26719,1,1,geometry
4202,S2229537__S22-29537-_-SERIAL_1,1,0,geometry
4203,S2524777__S2524777_0_BP1A2021,0,0,geometry
4204,S2229537__S22-29537-_-SERIAL_1,1,1,geometry
4205,S2511006__S25-11006_0_BP1A2021_052242,0,1,geometry
4206,S2513848__S25-13848_0_BP1A2021_131436,0,0,geometry
4207,S2346179__S23-46179-_-BIOPSY,1,0,geometry
4208,S2424259__S2424259,0,0,geometry
4209,S2425843__S24-25843-_-BIOPSY,0,0,geometry
4210,S2513846__S25-13846_0_BP1A2021_161650,0,1,geometry
4211,S2527323__S2527323_0_BP1A2021,0,1,geometry
4212,S2237601__S22-37601-_-,0,0,geometry
4213,S2530981__S2530981_0_BP1A2021,0,0,geometry
4214,S2516971__S25-16971____155423,0,1,geometry
4215,S2216630__S2216630--DEEP_1,0,0,geometry
4216,S2216630__S2216630--DEEP_1,0,0,geometry
4217,S2516970__S25-16970____155248,1,1,geometry
4218,S2516970__S25-16970____155248,1,1,geometry
4219,S19-40316__S19-40316,1,1,geometry
4220,S19-40316__S19-40316,1,0,geometry
4221,S2530981__S2530981_0_BP1A2021,0,0,geometry
4222,S2511010__S25-11010_0_BP1A2021_052642,1,1,geometry
4223,S2229537__S22-29537-_-SERIAL_1,1,0,geometry
4224,S2227608__S22-27608-_-SERIAL_2,1,1,geometry
4225,S2415689__S24-15689-_-BIOPSY,1,0,geometry
4226,S19-40316__S19-40316,1,1,geometry
4227,S2424259__S2424259,0,1,geometry
4228,S2520404__S2520404_0_BP1A2021,0,1,geometry
4229,S2247860__S22-47860-_-DEEP_1,1,0,geometry
4230,S16-17719__S16-17719,1,0,geometry
4231,S2520404__S2520404_0_BP1A2021,0,1,geometry
4232,S2227608__S22-27608-_-SERIAL_2,1,1,geometry
4233,S2511010__S25-11010_0_BP1A2021_052642,1,0,geometry
4234,S2229537__S22-29537-_-SERIAL_1,1,0,geometry
4235,S2134277__S2134277,1,1,geometry
4236,S2346179__S23-46179-_-BIOPSY,1,0,geometry
4237,S2344462__S23-44462-_-BIOPSY,0,0,geometry
4238,S2524777__S2524777_0_BP1A2021,0,0,geometry
4239,S2512685__S2512685_0_,0,0,geometry
4240,S20-26719__S20-26719,1,0,geometry
4241,S2344462__S23-44462-_-BIOPSY,0,1,geometry
4242,S2526362__S2526362_0_BP1A2021,0,1,geometry
4243,S2227608__S22-27608-_-SERIAL_2,1,1,geometry
4244,S2511010__S25-11010_0_BP1A2021_052642,1,0,geometry
4245,S2227608__S22-27608-_-SERIAL_1,1,0,geometry
4246,S2522994__S2522994_0_BP1A2021,0,1,geometry
4247,S2401283__S24-01283-_-BIOPSY,0,1,geometry
4248,S2530991__S2530991_0_BP1A2021,0,1,geometry
4249,S2535840__S2535840_0_BP1A2021,0,0,geometry
4250,S2134277__S2134277,1,1,geometry
4251,S2406754__S24-06754-_-DEEP_2,0,1,geometry
4252,S2520402__S2520402_0_BP1A2021,0,0,geometry
4253,S2346179__S23-46179-_-BIOPSY,1,1,geometry
4254,S2227608__S22-27608-_-SERIAL_1,1,0,geometry
4255,S2530049__S2530049_0_BP1A2021,0,1,geometry
4256,S2229537__S22-29537-_-SERIAL_1,1,0,geometry
4257,S2535840__S2535840_0_BP1A2021,0,0,geometry
4258,S2247860__S22-47860-_-DEEP_1,1,1,geometry
4259,S2530991__S2530991_0_BP1A2021,0,0,geometry
4260,S2227608__S22-27608-_-SERIAL_1,1,1,geometry
4261,S2406753__S24-06753-_-SERIAL_2,0,1,geometry
4262,S2216630__S2216630--DEEP_1,0,1,geometry
4263,S20-28924__S20-28924,0,1,geometry
4264,S2227604__S22-27604-_-BIOPSY,1,0,geometry
4265,S2522994__S2522994_0_BP1A2021,0,0,geometry
4266,S2512685__S2512685_0_,0,1,geometry
4267,S2406754__S24-06754-_-SERIAL_1,0,0,geometry
4268,S2415689__S24-15689-_-BIOPSY,1,0,geometry
4269,S16-17719__S16-17719,1,1,geometry
4270,S20-26719__S20-26719,1,0,geometry
4271,S20-28924__S20-28924,0,1,geometry
4272,S2229537__S22-29537-_-SERIAL_1,1,1,geometry
4273,S2511010__S25-11010_0_BP1A2021_052642,1,0,geometry
4274,S2406754__S24-06754-_-DEEP_2,0,1,geometry
4275,S2511009__S25-11009_0_BP1A2021_052542,0,1,geometry
4276,S2227608__S22-27608-_-SERIAL_1,1,0,geometry
4277,S2427695__S24-27695-_-BIOPSY,0,1,geometry
4278,S19-40316__S19-40316,1,0,geometry
4279,S2511010__S25-11010_0_BP1A2021_052642,1,0,geometry
4280,S2424259__S2424259,0,1,geometry
4281,S2247860__S22-47860-_-DEEP_1,1,1,geometry
4282,S16-17719__S16-17719,1,0,geometry
4283,S2535840__S2535840_0_BP1A2021,0,0,geometry
4284,S2513846__S25-13846_0_BP1A2021_161650,0,0,geometry
4285,S2344462__S23-44462-_-BIOPSY,0,0,geometry
4286,S2227608__S22-27608-_-SERIAL_2,1,1,geometry
4287,S2516970__S25-16970____155248,1,1,geometry
4288,S2227608__S22-27608-_-SERIAL_2,1,0,geometry
4289,S2436457__S2436457_BP1B11_C_15540_2,0,1,geometry
4290,S2406754__S24-06754-_-DEEP_2,0,1,geometry
4291,S20-26719__S20-26719,1,0,geometry
4292,S2521239__S2521239_0_BP1A2021,0,0,geometry
4293,S2511010__S25-11010_0_BP1A2021_052642,1,1,geometry
4294,S2427695__S24-27695-_-BIOPSY,0,1,geometry
4295,S2229537__S22-29537-_-SERIAL_1,1,0,geometry
4296,S2229537__S22-29537-_-SERIAL_1,1,1,geometry
4297,S2346179__S23-46179-_-BIOPSY,1,1,geometry
4298,S2516970__S25-16970____155248,1,1,geometry
4299,S2535840__S2535840_0_BP1A2021,0,1,geometry
4300,S2424258__S2424258,0,1,geometry
4301,S2406753__S24-06753-_-SERIAL_2,0,0,geometry
4302,S2227604__S22-27604-_-BIOPSY,1,0,geometry
4303,S2346179__S23-46179-_-BIOPSY,1,0,geometry
4304,S2511010__S25-11010_0_BP1A2021_052642,1,0,geometry
4305,S2513848__S25-13848_0_BP1A2021_131436,0,1,geometry
4306,S2415689__S24-15689-_-BIOPSY,1,0,geometry
4307,S2424255__S2424255,0,1,geometry
4308,S20-28924__S20-28924,0,1,geometry
4309,S2427695__S24-27695-_-BIOPSY,0,1,geometry
4310,S2522994__S2522994_0_BP1A2021,0,0,geometry
4311,S2513848__S25-13848_0_BP1A2021_131436,0,0,geometry
4312,S20-26719__S20-26719,1,0,geometry
4313,S2531985__S2531985_0_BP1A2021,0,0,geometry
4314,S2227608__S22-27608-_-SERIAL_2,1,0,geometry
4315,S2406753__S24-06753-_-SERIAL_2,0,1,geometry
4316,S2531985__S2531985_0_BP1A2021,0,1,geometry
4317,S16-17719__S16-17719,1,0,geometry
4318,S2247860__S22-47860-_-DEEP_1,1,0,geometry
4319,S2229537__S22-29537-_-SERIAL_1,1,0,geometry
4320,S2524760__S2524760_0_BP1A2021,0,0,geometry
4321,S2521239__S2521239_0_BP1A2021,0,0,geometry
4322,S2516970__S25-16970____155248,1,1,geometry
4323,S2531985__S2531985_0_BP1A2021,0,1,geometry
4324,S2427695__S2427695_BP1B27_C_14045_3,0,1,geometry
4325,S2227608__S22-27608-_-SERIAL_1,1,0,geometry
4326,S2516971__S25-16971____140945,0,0,geometry
4327,S2409392__S2409392,0,0,geometry
4328,S2535840__S2535840_0_BP1A2021,0,0,geometry
4329,S2346179__S23-46179-_-BIOPSY,1,0,geometry
4330,S2216630__S2216630--DEEP_1,0,0,geometry
4331,S20-26719__S20-26719,1,1,geometry
4332,S2516970__S25-16970____155248,1,0,geometry
4333,S2530991__S2530991_0_BP1A2021,0,1,geometry
4334,S2520402__S2520402_0_BP1A2021,0,0,geometry
4335,S2237601__S22-37601-_-,0,1,geometry
4336,S2511006__S25-11006_0_BP1A2021_052242,0,0,geometry
4337,S2229537__S22-29537-_-SERIAL_1,1,0,geometry
4338,S2516971__S25-16971____155423,0,1,geometry
4339,S20-26719__S20-26719,1,1,geometry
4340,S2436457__S2436457_BP1B11_C_15540_2,0,1,geometry
4341,S2247860__S22-47860-_-DEEP_1,1,0,geometry
4342,S2531985__S2531985_0_BP1A2021,0,1,geometry
4343,S2415689__S24-15689-_-BIOPSY,1,1,geometry
4344,S16-17719__S16-17719,1,1,geometry
4345,S2525436__S2525436_0_BP1A2021,0,0,geometry
4346,S2424259__S2424259,0,1,geometry
4347,S2346179__S23-46179-_-BIOPSY,1,0,geometry
4348,S2516970__S25-16970____155248,1,1,geometry
4349,S2527323__S2527323_0_BP1A2021,0,0,geometry
4350,S2415689__S24-15689-_-BIOPSY,1,1,geometry
4351,S2229537__S22-29537-_-SERIAL_1,1,1,geometry
4352,S2535840__S2535840_0_BP1A2021,0,1,geometry
4353,S2247860__S22-47860-_-DEEP_1,1,0,geometry
4354,S2247860__S22-47860-_-DEEP_1,1,0,geometry
4355,S2511009__S25-11009_0_BP1A2021_052542,0,0,geometry
4356,S2436457__S2436457_BP1B11_C_15540_2,0,0,geometry
4357,S2134277__S2134277,1,1,geometry
4358,S2227604__S22-27604-_-BIOPSY,1,1,geometry
4359,S2436457__S2436457_BP1B11_C_15540_2,0,0,geometry
4360,S2415689__S24-15689-_-BIOPSY,1,1,geometry
4361,S16-17719__S16-17719,1,1,geometry
4362,S2415689__S24-15689-_-BIOPSY,1,1,geometry
4363,S2227608__S22-27608-_-SERIAL_2,1,0,geometry
4364,S2513848__S25-13848_0_BP1A2021_131436,0,1,geometry
4365,S2529112__S2529112_0_BP1A2021,0,0,geometry
4366,S2436457__S2436457_BP1B11_C_15540_2,0,0,geometry
4367,S2247860__S22-47860-_-DEEP_1,1,1,geometry
4368,S2401283__S24-01283-_-BIOPSY,0,0,geometry
4369,S2216630__S2216630--DEEP_1,0,1,geometry
4370,S2513846__S25-13846_0_BP1A2021_161650,0,1,geometry
4371,S2406754__S24-06754-_-DEEP_2,0,1,geometry
4372,S2406753__S24-06753-_-SERIAL_2,0,1,geometry
4373,S2526362__S2526362_0_BP1A2021,0,1,geometry
4374,S2530985__S2530985_0_BP1A2021,0,0,geometry
4375,S20-26719__S20-26719,1,1,geometry
4376,S2344462__S23-44462-_-BIOPSY,0,0,geometry
4377,S2229537__S22-29537-_-SERIAL_1,1,1,geometry
4378,S2530049__S2530049_0_BP1A2021,0,0,geometry
4379,S2227608__S22-27608-_-SERIAL_1,1,0,geometry
4380,S2516970__S25-16970____155248,1,0,geometry
4381,S2227608__S22-27608-_-SERIAL_2,1,0,geometry
4382,S2529112__S2529112_0_BP1A2021,0,1,geometry
4383,S2406754__S24-06754-_-DEEP_2,0,0,geometry
4384,S2216630__S2216630--DEEP_1,0,1,geometry
4385,S2401283__S24-01283-_-BIOPSY,0,1,geometry
4386,S2513846__S25-13846_0_BP1A2021_161650,0,0,geometry
4387,S2227604__S22-27604-_-BIOPSY,1,1,geometry
4388,S2229537__S22-29537-_-SERIAL_1,1,1,geometry
4389,S2511007__S25-11007_0_BP1A2021_052433,0,0,geometry
4390,S2511010__S25-11010_0_BP1A2021_052642,1,0,geometry
4391,S2415689__S24-15689-_-BIOPSY,1,0,geometry
4392,S2227608__S22-27608-_-SERIAL_2,1,0,geometry
4393,S2401283__S24-01283-_-BIOPSY,0,0,geometry
4394,S2409392__S2409392,0,0,geometry
4395,S2530985__S2530985_0_BP1A2021,0,1,geometry
4396,S2511010__S25-11010_0_BP1A2021_052642,1,0,geometry
4397,S16-17719__S16-17719,1,0,geometry
4398,S2513846__S25-13846_0_BP1A2021_161650,0,0,geometry
4399,S2528218__S2528218_0_BP1A2021,0,1,geometry
4400,S2401283__S24-01283-_-BIOPSY,0,1,geometry
4401,S19-40316__S19-40316,1,1,geometry
4402,S2415689__S24-15689-_-BIOPSY,1,1,geometry
4403,S2406753__S24-06753-_-DEEP_1,0,1,geometry
4404,S2227604__S22-27604-_-BIOPSY,1,0,geometry
4405,S2512685__S2512685_0_,0,1,geometry
4406,S2229537__S22-29537-_-SERIAL_1,1,0,geometry
4407,S2134277__S2134277,1,0,geometry
4408,S2346179__S23-46179-_-BIOPSY,1,1,geometry
4409,S2344462__S23-44462-_-BIOPSY,0,0,geometry
4410,S2524777__S2524777_0_BP1A2021,0,1,geometry
4411,S2511010__S25-11010_0_BP1A2021_052642,1,1,geometry
4412,S2516970__S25-16970____155248,1,1,geometry
4413,S2229537__S22-29537-_-SERIAL_1,1,1,geometry
4414,S2513846__S25-13846_0_BP1A2021_131523,0,1,geometry
4415,S2247860__S22-47860-_-DEEP_1,1,0,geometry
4416,S2415689__S24-15689-_-BIOPSY,1,1,geometry
4417,S2227608__S22-27608-_-SERIAL_1,1,0,geometry
4418,S2511010__S25-11010_0_BP1A2021_052642,1,1,geometry
4419,S2247860__S22-47860-_-DEEP_1,1,0,geometry
4420,S2531985__S2531985_0_BP1A2021,0,1,geometry
4421,S20-26719__S20-26719,1,0,geometry
4422,S2524760__S2524760_0_BP1A2021,0,1,geometry
4423,S2520402__S2520402_0_BP1A2021,0,0,geometry
4424,S2229537__S22-29537-_-SERIAL_1,1,0,geometry
4425,S2527323__S2527323_0_BP1A2021,0,0,geometry
4426,S2511010__S25-11010_0_BP1A2021_052642,1,0,geometry
4427,S2427695__S2427695_BP1B27_C_14045_3,0,0,geometry
4428,S16-17719__S16-17719,1,1,geometry
4429,S2134277__S2134277,1,0,geometry
4430,S2406753__S24-06753-_-DEEP_1,0,1,geometry
4431,S2227604__S22-27604-_-BIOPSY,1,0,geometry
4432,S2530991__S2530991_0_BP1A2021,0,1,geometry
4433,S2511010__S25-11010_0_BP1A2021_052642,1,1,geometry
4434,S2522994__S2522994_0_BP1A2021,0,1,geometry
4435,S2415689__S24-15689-_-BIOPSY,1,0,geometry
4436,S2531985__S2531985_0_BP1A2021,0,1,geometry
4437,S2531985__S2531985_0_BP1A2021,0,1,geometry
4438,S2522994__S2522994_0_BP1A2021,0,0,geometry
4439,S20-26719__S20-26719,1,1,geometry
4440,S2524777__S2524777_0_BP1A2021,0,0,geometry
4441,S2227604__S22-27604-_-BIOPSY,1,1,geometry
4442,S2229537__S22-29537-_-SERIAL_1,1,0,geometry
4443,S2424255__S2424255,0,0,geometry
4444,S2227608__S22-27608-_-SERIAL_1,1,1,geometry
4445,S2524760__S2524760_0_BP1A2021,0,1,geometry
4446,S2227604__S22-27604-_-BIOPSY,1,1,geometry
4447,S2406754__S24-06754-_-SERIAL_1,0,0,geometry
4448,S2427695__S24-27695-_-BIOPSY,0,0,geometry
4449,S2530991__S2530991_0_BP1A2021,0,0,geometry
4450,S2346179__S23-46179-_-BIOPSY,1,0,geometry
4451,S2511010__S25-11010_0_BP1A2021_052642,1,1,geometry
4452,S2530049__S2530049_0_BP1A2021,0,0,geometry
4453,S2425843__S24-25843-_-BIOPSY,0,1,geometry
4454,S2216630__S2216630--DEEP_1,0,0,geometry
4455,S2247860__S22-47860-_-DEEP_1,1,0,geometry
4456,S20-26719__S20-26719,1,1,geometry
4457,S2516970__S25-16970____155248,1,0,geometry
4458,S2415689__S24-15689-_-BIOPSY,1,1,geometry
4459,S2530985__S2530985_0_BP1A2021,0,0,geometry
4460,S16-17719__S16-17719,1,0,geometry
4461,S2530049__S2530049_0_BP1A2021,0,0,geometry
4462,S2216630__S2216630--DEEP_1,0,0,geometry
4463,S19-40316__S19-40316,1,0,geometry
4464,S2227604__S22-27604-_-BIOPSY,1,1,geometry
4465,S2229537__S22-29537-_-SERIAL_1,1,1,geometry
4466,S2406753__S24-06753-_-SERIAL_2,0,0,geometry
4467,S2511010__S25-11010_0_BP1A2021_052642,1,0,geometry
4468,S2406754__S24-06754-_-SERIAL_1,0,1,geometry
4469,S2227608__S22-27608-_-SERIAL_2,1,0,geometry
4470,S2247860__S22-47860-_-DEEP_1,1,1,geometry
4471,S2229537__S22-29537-_-SERIAL_1,1,1,geometry
4472,S19-40316__S19-40316,1,0,geometry
4473,S2516971__S25-16971____140945,0,1,geometry
4474,S2528218__S2528218_0_BP1A2021,0,0,geometry
4475,S2134277__S2134277,1,0,geometry
4476,S2521239__S2521239_0_BP1A2021,0,0,geometry
4477,S2229537__S22-29537-_-SERIAL_1,1,0,geometry
4478,S2406754__S24-06754-_-DEEP_2,0,0,geometry
4479,S2227604__S22-27604-_-BIOPSY,1,0,geometry
4480,S20-26719__S20-26719,1,1,geometry
4481,S2511009__S25-11009_0_BP1A2021_052542,0,1,geometry
4482,S2247860__S22-47860-_-DEEP_1,1,1,geometry
4483,S2229537__S22-29537-_-SERIAL_1,1,0,geometry
4484,S2511009__S25-11009_0_BP1A2021_052542,0,1,geometry
4485,S2530985__S2530985_0_BP1A2021,0,1,geometry
4486,S2521239__S2521239_0_BP1A2021,0,1,geometry
4487,S2415689__S24-15689-_-BIOPSY,1,1,geometry
4488,S2227608__S22-27608-_-SERIAL_2,1,0,geometry
4489,S16-17719__S16-17719,1,1,geometry
4490,S2227608__S22-27608-_-SERIAL_2,1,1,geometry
4491,S2401283__S24-01283-_-BIOPSY,0,1,geometry
4492,S2227608__S22-27608-_-SERIAL_1,1,1,geometry
4493,S2227608__S22-27608-_-SERIAL_2,1,0,geometry
4494,S2511010__S25-11010_0_BP1A2021_052642,1,0,geometry
4495,S2346179__S23-46179-_-BIOPSY,1,1,geometry
4496,S2516971__S25-16971____140945,0,0,geometry
4497,S2530985__S2530985_0_BP1A2021,0,0,geometry
4498,S2427695__S24-27695-_-BIOPSY,0,0,geometry
4499,S2511010__S25-11010_0_BP1A2021_052642,1,1,geometry
4500,S20-26719__S20-26719,1,0,geometry
4501,S2528218__S2528218_0_BP1A2021,0,0,geometry
4502,S2512685__S2512685_0_,0,1,geometry
4503,S2229537__S22-29537-_-SERIAL_1,1,1,geometry
4504,S2415689__S24-15689-_-BIOPSY,1,0,geometry
4505,S2227608__S22-27608-_-SERIAL_2,1,1,geometry
4506,S2227608__S22-27608-_-SERIAL_1,1,0,geometry
4507,S2529112__S2529112_0_BP1A2021,0,1,geometry
4508,S2406754__S24-06754-_-DEEP_2,0,1,geometry
4509,S2526362__S2526362_0_BP1A2021,0,1,geometry
4510,S2522994__S2522994_0_BP1A2021,0,1,geometry
4511,S16-17719__S16-17719,1,1,geometry
4512,S2516970__S25-16970____155248,1,1,geometry
4513,S2227608__S22-27608-_-SERIAL_1,1,0,geometry
4514,S2247860__S22-47860-_-DEEP_1,1,0,geometry
4515,S2401283__S24-01283-_-BIOPSY,0,0,geometry
4516,S2535840__S2535840_0_BP1A2021,0,0,geometry
4517,S19-40316__S19-40316,1,0,geometry
4518,S2513846__S25-13846_0_BP1A2021_131523,0,1,geometry
4519,S2516971__S25-16971____140945,0,1,geometry
4520,S16-17719__S16-17719,1,0,geometry
4521,S19-40316__S19-40316,1,1,geometry
4522,S2227608__S22-27608-_-SERIAL_1,1,1,geometry
4523,S2424258__S2424258,0,1,geometry
4524,S2513848__S25-13848_0_BP1A2021_131436,0,0,geometry
4525,S2247860__S22-47860-_-DEEP_1,1,0,geometry
4526,S2516970__S25-16970____155248,1,0,geometry
4527,S2516971__S25-16971____140945,0,1,geometry
4528,S2526362__S2526362_0_BP1A2021,0,0,geometry
4529,S2528218__S2528218_0_BP1A2021,0,1,geometry
4530,S2525436__S2525436_0_BP1A2021,0,1,geometry
4531,S2406754__S24-06754-_-DEEP_2,0,0,geometry
4532,S2216630__S2216630--DEEP_1,0,0,geometry
4533,S2216630__S2216630--DEEP_1,0,1,geometry
4534,S2521239__S2521239_0_BP1A2021,0,0,geometry
4535,S2229537__S22-29537-_-SERIAL_1,1,0,geometry
4536,S2530991__S2530991_0_BP1A2021,0,1,geometry
4537,S2513848__S25-13848_0_BP1A2021_131436,0,0,geometry
4538,S2516970__S25-16970____155248,1,1,geometry
4539,S2227608__S22-27608-_-SERIAL_1,1,1,geometry
4540,S2406754__S24-06754-_-DEEP_2,0,0,geometry
4541,S19-40316__S19-40316,1,0,geometry
4542,S19-40316__S19-40316,1,0,geometry
4543,S2530985__S2530985_0_BP1A2021,0,0,geometry
4544,S2512685__S2512685_0_,0,1,geometry
4545,S2530991__S2530991_0_BP1A2021,0,1,geometry
4546,S2511009__S25-11009_0_BP1A2021_052542,0,0,geometry
4547,S2436457__S2436457_BP1B11_C_15540_2,0,0,geometry
4548,S2521239__S2521239_0_BP1A2021,0,1,geometry
4549,S2344462__S23-44462-_-BIOPSY,0,1,geometry
4550,S2415689__S24-15689-_-BIOPSY,1,1,geometry
4551,S2513848__S25-13848_0_BP1A2021_131436,0,0,geometry
4552,S2247860__S22-47860-_-DEEP_1,1,1,geometry
4553,S2524777__S2524777_0_BP1A2021,0,1,geometry
4554,S16-17719__S16-17719,1,1,geometry
4555,S2227608__S22-27608-_-SERIAL_1,1,1,geometry
4556,S2406753__S24-06753-_-DEEP_1,0,0,geometry
4557,S2237601__S22-37601-_-,0,1,geometry
4558,S2530981__S2530981_0_BP1A2021,0,0,geometry
4559,S2227604__S22-27604-_-BIOPSY,1,1,geometry
4560,S2520402__S2520402_0_BP1A2021,0,0,geometry
4561,S2247860__S22-47860-_-DEEP_1,1,1,geometry
4562,S19-40316__S19-40316,1,0,geometry
4563,S2511010__S25-11010_0_BP1A2021_052642,1,1,geometry
4564,S2227608__S22-27608-_-SERIAL_2,1,0,geometry
4565,S2216630__S2216630--DEEP_1,0,0,geometry
4566,S2511009__S25-11009_0_BP1A2021_052542,0,0,geometry
4567,S2511009__S25-11009_0_BP1A2021_052542,0,0,geometry
4568,S2425843__S24-25843-_-BIOPSY,0,0,geometry
4569,S2227608__S22-27608-_-SERIAL_1,1,0,geometry
4570,S2227608__S22-27608-_-SERIAL_1,1,1,geometry
4571,S2227608__S22-27608-_-SERIAL_1,1,1,geometry
4572,S2227608__S22-27608-_-SERIAL_1,1,1,geometry
4573,S2522994__S2522994_0_BP1A2021,0,1,geometry
4574,S2406753__S24-06753-_-DEEP_1,0,1,geometry
4575,S2535840__S2535840_0_BP1A2021,0,0,geometry
4576,S2511007__S25-11007_0_BP1A2021_052433,0,1,geometry
4577,S2511009__S25-11009_0_BP1A2021_052542,0,1,geometry
4578,S19-40316__S19-40316,1,0,geometry
4579,S2516971__S25-16971____140945,0,0,geometry
4580,S2516970__S25-16970____155248,1,0,geometry
4581,S2526362__S2526362_0_BP1A2021,0,1,geometry
4582,S2237601__S22-37601-_-,0,1,geometry
4583,S2424255__S2424255,0,0,geometry
4584,S2227604__S22-27604-_-BIOPSY,1,0,geometry
4585,S2406754__S24-06754-_-DEEP_2,0,0,geometry
4586,S2520404__S2520404_0_BP1A2021,0,1,geometry
4587,S2229537__S22-29537-_-SERIAL_1,1,0,geometry
4588,S2526362__S2526362_0_BP1A2021,0,0,geometry
4589,S2513848__S25-13848_0_BP1A2021_131436,0,0,geometry
4590,S2530991__S2530991_0_BP1A2021,0,1,geometry
4591,S2425843__S24-25843-_-BIOPSY,0,1,geometry
4592,S2227604__S22-27604-_-BIOPSY,1,0,geometry
4593,S2521239__S2521239_0_BP1A2021,0,1,geometry
4594,S2524760__S2524760_0_BP1A2021,0,1,geometry
4595,S2134277__S2134277,1,1,geometry
4596,S16-17719__S16-17719,1,1,geometry
4597,S2424255__S2424255,0,1,geometry
4598,S2525436__S2525436_0_BP1A2021,0,0,geometry
4599,S2424258__S2424258,0,1,geometry
4600,S2227608__S22-27608-_-SERIAL_1,1,1,geometry
4601,S2134277__S2134277,1,0,geometry
4602,S19-40316__S19-40316,1,1,geometry
4603,S2134277__S2134277,1,1,geometry
4604,S2227604__S22-27604-_-BIOPSY,1,1,geometry
4605,S2415689__S24-15689-_-BIOPSY,1,0,geometry
4606,S2530985__S2530985_0_BP1A2021,0,0,geometry
4607,S2227608__S22-27608-_-SERIAL_2,1,0,geometry
4608,S2516971__S25-16971____140945,0,1,geometry
4609,S2528218__S2528218_0_BP1A2021,0,0,geometry
4610,S2227608__S22-27608-_-SERIAL_2,1,1,geometry
4611,S20-26719__S20-26719,1,1,geometry
4612,S2511010__S25-11010_0_BP1A2021_052642,1,0,geometry
4613,S2247860__S22-47860-_-DEEP_1,1,0,geometry
4614,S19-40316__S19-40316,1,1,geometry
4615,S2530981__S2530981_0_BP1A2021,0,1,geometry
4616,S2527323__S2527323_0_BP1A2021,0,1,geometry
4617,S2526362__S2526362_0_BP1A2021,0,1,geometry
4618,S2409392__S2409392,0,0,geometry
4619,S2535840__S2535840_0_BP1A2021,0,1,geometry
4620,S2229537__S22-29537-_-SERIAL_1,1,1,geometry
4621,S2227608__S22-27608-_-SERIAL_1,1,1,geometry
4622,S2229537__S22-29537-_-SERIAL_1,1,0,geometry
4623,S2227604__S22-27604-_-BIOPSY,1,0,geometry
4624,S2406754__S24-06754-_-SERIAL_1,0,0,geometry
4625,S2415689__S24-15689-_-BIOPSY,1,1,geometry
4626,S20-26719__S20-26719,1,0,geometry
4627,S2134277__S2134277,1,0,geometry
4628,S2424258__S2424258,0,1,geometry
4629,S19-40316__S19-40316,1,0,geometry
4630,S2229537__S22-29537-_-SERIAL_1,1,0,geometry
4631,S2526362__S2526362_0_BP1A2021,0,1,geometry
4632,S19-40316__S19-40316,1,1,geometry
4633,S19-40316__S19-40316,1,0,geometry
4634,S2516971__S25-16971____140945,0,1,geometry
4635,S2406753__S24-06753-_-DEEP_1,0,0,geometry
4636,S2227604__S22-27604-_-BIOPSY,1,1,geometry
4637,S2227608__S22-27608-_-SERIAL_1,1,0,geometry
4638,S2216630__S2216630--DEEP_1,0,1,geometry
4639,S2513846__S25-13846_0_BP1A2021_161650,0,1,geometry
4640,S2526362__S2526362_0_BP1A2021,0,1,geometry
4641,S2516970__S25-16970____155248,1,0,geometry
4642,S2521239__S2521239_0_BP1A2021,0,1,geometry
4643,S2530981__S2530981_0_BP1A2021,0,1,geometry
4644,S2512685__S2512685_0_,0,1,geometry
4645,S19-40316__S19-40316,1,0,geometry
4646,S2227608__S22-27608-_-SERIAL_1,1,1,geometry
4647,S16-17719__S16-17719,1,0,geometry
4648,S2229537__S22-29537-_-SERIAL_1,1,1,geometry
4649,S2516971__S25-16971____155423,0,0,geometry
4650,S2415689__S24-15689-_-BIOPSY,1,1,geometry
4651,S2415689__S24-15689-_-BIOPSY,1,0,geometry
4652,S2516971__S25-16971____140945,0,1,geometry
4653,S2530985__S2530985_0_BP1A2021,0,0,geometry
4654,S2511007__S25-11007_0_BP1A2021_052433,0,0,geometry
4655,S2520402__S2520402_0_BP1A2021,0,1,geometry
4656,S2247860__S22-47860-_-DEEP_1,1,1,geometry
4657,S2229537__S22-29537-_-SERIAL_1,1,1,geometry
4658,S2401283__S24-01283-_-BIOPSY,0,1,geometry
4659,S2415689__S24-15689-_-BIOPSY,1,1,geometry
4660,S2134277__S2134277,1,0,geometry
4661,S2346179__S23-46179-_-BIOPSY,1,0,geometry
4662,S2531985__S2531985_0_BP1A2021,0,0,geometry
4663,S20-26719__S20-26719,1,1,geometry
4664,S2227608__S22-27608-_-SERIAL_2,1,1,geometry
4665,S2530991__S2530991_0_BP1A2021,0,0,geometry
4666,S2401283__S24-01283-_-BIOPSY,0,1,geometry
4667,S2520404__S2520404_0_BP1A2021,0,0,geometry
4668,S2520402__S2520402_0_BP1A2021,0,0,geometry
4669,S2424258__S2424258,0,0,geometry
4670,S2134277__S2134277,1,0,geometry
4671,S2237601__S22-37601-_-,0,0,geometry
4672,S2424259__S2424259,0,1,geometry
4673,S2516970__S25-16970____155248,1,0,geometry
4674,S2511010__S25-11010_0_BP1A2021_052642,1,0,geometry
4675,S2529112__S2529112_0_BP1A2021,0,1,geometry
4676,S2229537__S22-29537-_-SERIAL_1,1,1,geometry
4677,S2511010__S25-11010_0_BP1A2021_052642,1,0,geometry
4678,S2216630__S2216630--DEEP_1,0,0,geometry
4679,S2511006__S25-11006_0_BP1A2021_052242,0,0,geometry
4680,S19-40316__S19-40316,1,1,geometry
4681,S2229537__S22-29537-_-SERIAL_1,1,0,geometry
4682,S2520402__S2520402_0_BP1A2021,0,0,geometry
4683,S2406754__S24-06754-_-SERIAL_1,0,0,geometry
4684,S2516970__S25-16970____155248,1,0,geometry
4685,S2511010__S25-11010_0_BP1A2021_052642,1,0,geometry
4686,S16-17719__S16-17719,1,1,geometry
4687,S19-40316__S19-40316,1,1,geometry
4688,S2247860__S22-47860-_-DEEP_1,1,0,geometry
4689,S2520402__S2520402_0_BP1A2021,0,1,geometry
4690,S2511010__S25-11010_0_BP1A2021_052642,1,1,geometry
4691,S2528218__S2528218_0_BP1A2021,0,1,geometry
4692,S2531985__S2531985_0_BP1A2021,0,1,geometry
4693,S2227608__S22-27608-_-SERIAL_2,1,1,geometry
4694,S2427695__S2427695_BP1B27_C_14045_3,0,0,geometry
4695,S2516970__S25-16970____155248,1,1,geometry
4696,S20-26719__S20-26719,1,0,geometry
4697,S2415689__S24-15689-_-BIOPSY,1,1,geometry
4698,S20-26719__S20-26719,1,1,geometry
4699,S2528218__S2528218_0_BP1A2021,0,1,geometry
4700,S2516970__S25-16970____155248,1,0,geometry
4701,S2511010__S25-11010_0_BP1A2021_052642,1,0,geometry
4702,S2346179__S23-46179-_-BIOPSY,1,0,geometry
4703,S2229537__S22-29537-_-SERIAL_1,1,0,geometry
4704,S2424255__S2424255,0,0,geometry
4705,S2134277__S2134277,1,1,geometry
4706,S2530991__S2530991_0_BP1A2021,0,1,geometry
4707,S2530985__S2530985_0_BP1A2021,0,1,geometry
4708,S2424258__S2424258,0,1,geometry
4709,S2516970__S25-16970____155248,1,0,geometry
4710,S2134277__S2134277,1,0,geometry
4711,S2529112__S2529112_0_BP1A2021,0,0,geometry
4712,S2134277__S2134277,1,0,geometry
4713,S2227608__S22-27608-_-SERIAL_1,1,1,geometry
4714,S19-40316__S19-40316,1,0,geometry
4715,S2511010__S25-11010_0_BP1A2021_052642,1,1,geometry
4716,S2526362__S2526362_0_BP1A2021,0,0,geometry
4717,S2227608__S22-27608-_-SERIAL_2,1,1,geometry
4718,S16-17719__S16-17719,1,1,geometry
4719,S2227608__S22-27608-_-SERIAL_1,1,1,geometry
4720,S2530991__S2530991_0_BP1A2021,0,1,geometry
4721,S2425843__S24-25843-_-BIOPSY,0,0,geometry
4722,S2531985__S2531985_0_BP1A2021,0,0,geometry
4723,S2227608__S22-27608-_-SERIAL_1,1,1,geometry
4724,S16-17719__S16-17719,1,0,geometry
4725,S2227608__S22-27608-_-SERIAL_2,1,0,geometry
4726,S19-40316__S19-40316,1,1,geometry
4727,S2511006__S25-11006_0_BP1A2021_052242,0,1,geometry
4728,S2524760__S2524760_0_BP1A2021,0,0,geometry
4729,S2406753__S24-06753-_-SERIAL_2,0,0,geometry
4730,S2526362__S2526362_0_BP1A2021,0,0,geometry
4731,S2525436__S2525436_0_BP1A2021,0,1,geometry
4732,S2521239__S2521239_0_BP1A2021,0,0,geometry
4733,S2227608__S22-27608-_-SERIAL_2,1,1,geometry
4734,S2227608__S22-27608-_-SERIAL_2,1,1,geometry
4735,S2513846__S25-13846_0_BP1A2021_161650,0,1,geometry
4736,S2511010__S25-11010_0_BP1A2021_052642,1,1,geometry
4737,S2247860__S22-47860-_-DEEP_1,1,1,geometry
4738,S2229537__S22-29537-_-SERIAL_1,1,1,geometry
4739,S2134277__S2134277,1,0,geometry
4740,S2134277__S2134277,1,1,geometry
4741,S2513846__S25-13846_0_BP1A2021_161650,0,0,geometry
4742,S2134277__S2134277,1,0,geometry
4743,S2425843__S24-25843-_-BIOPSY,0,1,geometry
4744,S2531985__S2531985_0_BP1A2021,0,0,geometry
4745,S2516970__S25-16970____155248,1,0,geometry
4746,S2522994__S2522994_0_BP1A2021,0,0,geometry
4747,S2247860__S22-47860-_-DEEP_1,1,0,geometry
4748,S16-17719__S16-17719,1,0,geometry
4749,S20-26719__S20-26719,1,0,geometry
4750,S2237601__S22-37601-_-,0,1,geometry
4751,S2511007__S25-11007_0_BP1A2021_052433,0,0,geometry
4752,S2247860__S22-47860-_-DEEP_1,1,1,geometry
4753,S19-40316__S19-40316,1,1,geometry
4754,S2528218__S2528218_0_BP1A2021,0,1,geometry
4755,S2522994__S2522994_0_BP1A2021,0,0,geometry
4756,S2512685__S2512685_0_,0,1,geometry
4757,S2406753__S24-06753-_-DEEP_1,0,1,geometry
4758,S19-40316__S19-40316,1,1,geometry
4759,S2415689__S24-15689-_-BIOPSY,1,1,geometry
4760,S16-17719__S16-17719,1,0,geometry
4761,S2406753__S24-06753-_-DEEP_1,0,0,geometry
4762,S2535840__S2535840_0_BP1A2021,0,0,geometry
4763,S2346179__S23-46179-_-BIOPSY,1,1,geometry
4764,S2521239__S2521239_0_BP1A2021,0,1,geometry
4765,S2227608__S22-27608-_-SERIAL_2,1,1,geometry
4766,S2134277__S2134277,1,1,geometry
4767,S2511007__S25-11007_0_BP1A2021_052433,0,0,geometry
4768,S2406753__S24-06753-_-SERIAL_2,0,1,geometry
4769,S2346179__S23-46179-_-BIOPSY,1,0,geometry
4770,S2406753__S24-06753-_-DEEP_1,0,0,geometry
4771,S2513846__S25-13846_0_BP1A2021_131523,0,1,geometry
4772,S2427695__S2427695_BP1B27_C_14045_3,0,1,geometry
4773,S2526362__S2526362_0_BP1A2021,0,1,geometry
4774,S2528218__S2528218_0_BP1A2021,0,0,geometry
4775,S16-17719__S16-17719,1,0,geometry
4776,S2406753__S24-06753-_-SERIAL_2,0,1,geometry
4777,S2516970__S25-16970____155248,1,0,geometry
4778,S2346179__S23-46179-_-BIOPSY,1,0,geometry
4779,S2346179__S23-46179-_-BIOPSY,1,0,geometry
4780,S2134277__S2134277,1,0,geometry
4781,S2406753__S24-06753-_-DEEP_1,0,0,geometry
4782,S2526362__S2526362_0_BP1A2021,0,1,geometry
4783,S2406753__S24-06753-_-DEEP_1,0,0,geometry
4784,S2530985__S2530985_0_BP1A2021,0,0,geometry
4785,S20-26719__S20-26719,1,0,geometry
4786,S2528218__S2528218_0_BP1A2021,0,0,geometry
4787,S2425843__S24-25843-_-BIOPSY,0,0,geometry
4788,S19-40316__S19-40316,1,0,geometry
4789,S2530991__S2530991_0_BP1A2021,0,1,geometry
4790,S2511010__S25-11010_0_BP1A2021_052642,1,0,geometry
4791,S2415689__S24-15689-_-BIOPSY,1,1,geometry
4792,S2531985__S2531985_0_BP1A2021,0,0,geometry
4793,S2520404__S2520404_0_BP1A2021,0,1,geometry
4794,S2227608__S22-27608-_-SERIAL_1,1,1,geometry
4795,S20-26719__S20-26719,1,0,geometry
4796,S2216630__S2216630--DEEP_1,0,0,geometry
4797,S2406753__S24-06753-_-DEEP_1,0,1,geometry
4798,S2134277__S2134277,1,0,geometry
4799,S2401283__S24-01283-_-BIOPSY,0,0,geometry
4800,S2513846__S25-13846_0_BP1A2021_131523,0,0,geometry
4801,S2511007__S25-11007_0_BP1A2021_052433,0,1,geometry
4802,S2227608__S22-27608-_-SERIAL_1,1,0,geometry
4803,S2344462__S23-44462-_-BIOPSY,0,1,geometry
4804,S2415689__S24-15689-_-BIOPSY,1,1,geometry
4805,S2511006__S25-11006_0_BP1A2021_052242,0,1,geometry
4806,S2528218__S2528218_0_BP1A2021,0,1,geometry
4807,S2513848__S25-13848_0_BP1A2021_131436,0,1,geometry
4808,S19-40316__S19-40316,1,1,geometry
4809,S2134277__S2134277,1,1,geometry
4810,S2227608__S22-27608-_-SERIAL_2,1,0,geometry
4811,S2424259__S2424259,0,0,geometry
4812,S2227604__S22-27604-_-BIOPSY,1,0,geometry
4813,S2516970__S25-16970____155248,1,0,geometry
4814,S2424258__S2424258,0,0,geometry
4815,S16-17719__S16-17719,1,1,geometry
4816,S2229537__S22-29537-_-SERIAL_1,1,1,geometry
4817,S2415689__S24-15689-_-BIOPSY,1,1,geometry
4818,S2237601__S22-37601-_-,0,0,geometry
4819,S2527323__S2527323_0_BP1A2021,0,0,geometry
4820,S2229537__S22-29537-_-SERIAL_1,1,1,geometry
4821,S19-40316__S19-40316,1,0,geometry
4822,S2516970__S25-16970____155248,1,1,geometry
4823,S16-17719__S16-17719,1,1,geometry
4824,S2344462__S23-44462-_-BIOPSY,0,1,geometry
4825,S2227608__S22-27608-_-SERIAL_2,1,0,geometry
4826,S2530049__S2530049_0_BP1A2021,0,1,geometry
4827,S2525436__S2525436_0_BP1A2021,0,0,geometry
4828,S2530049__S2530049_0_BP1A2021,0,1,geometry
4829,S2513848__S25-13848_0_BP1A2021_131436,0,1,geometry
4830,S2512685__S2512685_0_,0,0,geometry
4831,S2520402__S2520402_0_BP1A2021,0,0,geometry
4832,S2520402__S2520402_0_BP1A2021,0,0,geometry
4833,S2530985__S2530985_0_BP1A2021,0,1,geometry
4834,S20-28924__S20-28924,0,0,geometry
4835,S2436457__S2436457_BP1B11_C_15540_2,0,1,geometry
4836,S2516970__S25-16970____155248,1,0,geometry
4837,S2516971__S25-16971____155423,0,0,geometry
4838,S2530991__S2530991_0_BP1A2021,0,1,geometry
4839,S19-40316__S19-40316,1,0,geometry
4840,S2522994__S2522994_0_BP1A2021,0,0,geometry
4841,S2525436__S2525436_0_BP1A2021,0,0,geometry
4842,S2425843__S24-25843-_-BIOPSY,0,1,geometry
4843,S2522994__S2522994_0_BP1A2021,0,0,geometry
4844,S2247860__S22-47860-_-DEEP_1,1,1,geometry
4845,S2227604__S22-27604-_-BIOPSY,1,0,geometry
4846,S2227604__S22-27604-_-BIOPSY,1,0,geometry
4847,S2415689__S24-15689-_-BIOPSY,1,1,geometry
4848,S2415689__S24-15689-_-BIOPSY,1,1,geometry
4849,S2531989__S2531989_0_BP1A2021,0,1,geometry
4850,S2521239__S2521239_0_BP1A2021,0,1,geometry
4851,S20-26719__S20-26719,1,0,geometry
4852,S2520402__S2520402_0_BP1A2021,0,0,geometry
4853,S2528218__S2528218_0_BP1A2021,0,0,geometry
4854,S2227608__S22-27608-_-SERIAL_2,1,1,geometry
4855,S16-17719__S16-17719,1,1,geometry
4856,S2516971__S25-16971____140945,0,1,geometry
4857,S2513848__S25-13848_0_BP1A2021_131436,0,1,geometry
4858,S2415689__S24-15689-_-BIOPSY,1,1,geometry
4859,S2227604__S22-27604-_-BIOPSY,1,1,geometry
4860,S2530991__S2530991_0_BP1A2021,0,1,geometry
4861,S2530991__S2530991_0_BP1A2021,0,0,geometry
4862,S2513848__S25-13848_0_BP1A2021_131436,0,0,geometry
4863,S2227608__S22-27608-_-SERIAL_2,1,1,geometry
4864,S2227604__S22-27604-_-BIOPSY,1,0,geometry
4865,S2516970__S25-16970____155248,1,0,geometry
4866,S2424258__S2424258,0,1,geometry
4867,S2134277__S2134277,1,0,geometry
4868,S20-28924__S20-28924,0,1,geometry
4869,S19-40316__S19-40316,1,0,geometry
4870,S2134277__S2134277,1,0,geometry
4871,S2247860__S22-47860-_-DEEP_1,1,0,geometry
4872,S2134277__S2134277,1,0,geometry
4873,S20-26719__S20-26719,1,1,geometry
4874,S2346179__S23-46179-_-BIOPSY,1,1,geometry
4875,S2415689__S24-15689-_-BIOPSY,1,0,geometry
4876,S2530049__S2530049_0_BP1A2021,0,1,geometry
4877,S2406753__S24-06753-_-DEEP_1,0,1,geometry
4878,S2529112__S2529112_0_BP1A2021,0,1,geometry
4879,S2530985__S2530985_0_BP1A2021,0,1,geometry
4880,S2513848__S25-13848_0_BP1A2021_131436,0,0,geometry
4881,S2521239__S2521239_0_BP1A2021,0,0,geometry
4882,S16-17719__S16-17719,1,1,geometry
4883,S2525436__S2525436_0_BP1A2021,0,1,geometry
4884,S2216630__S2216630--DEEP_1,0,0,geometry
4885,S2401283__S24-01283-_-BIOPSY,0,0,geometry
4886,S2529112__S2529112_0_BP1A2021,0,1,geometry
4887,S2409392__S2409392,0,1,geometry
4888,S2134277__S2134277,1,1,geometry
4889,S2425843__S24-25843-_-BIOPSY,0,0,geometry
4890,S2406753__S24-06753-_-SERIAL_2,0,1,geometry
4891,S2530981__S2530981_0_BP1A2021,0,1,geometry
4892,S16-17719__S16-17719,1,0,geometry
4893,S2346179__S23-46179-_-BIOPSY,1,0,geometry
4894,S2406753__S24-06753-_-DEEP_1,0,1,geometry
4895,S2229537__S22-29537-_-SERIAL_1,1,1,geometry
4896,S2530981__S2530981_0_BP1A2021,0,0,geometry
4897,S2227608__S22-27608-_-SERIAL_2,1,1,geometry
4898,S2229537__S22-29537-_-SERIAL_1,1,0,geometry
4899,S16-17719__S16-17719,1,1,geometry
4900,S2513846__S25-13846_0_BP1A2021_161650,0,0,geometry
4901,S19-40316__S19-40316,1,1,geometry
4902,S2424259__S2424259,0,0,geometry
4903,S2401283__S24-01283-_-BIOPSY,0,0,geometry
4904,S2229537__S22-29537-_-SERIAL_1,1,1,geometry
4905,S2227608__S22-27608-_-SERIAL_2,1,1,geometry
4906,S2512685__S2512685_0_,0,0,geometry
4907,S2237601__S22-37601-_-,0,0,geometry
4908,S2513848__S25-13848_0_BP1A2021_131436,0,0,geometry
4909,S2346179__S23-46179-_-BIOPSY,1,1,geometry
4910,S2427695__S24-27695-_-BIOPSY,0,1,geometry
4911,S2247860__S22-47860-_-DEEP_1,1,1,geometry
4912,S2530049__S2530049_0_BP1A2021,0,0,geometry
4913,S2406753__S24-06753-_-DEEP_1,0,0,geometry
4914,S2415689__S24-15689-_-BIOPSY,1,1,geometry
4915,S2513846__S25-13846_0_BP1A2021_161650,0,1,geometry
4916,S2520404__S2520404_0_BP1A2021,0,0,geometry
4917,S20-26719__S20-26719,1,1,geometry
4918,S2247860__S22-47860-_-DEEP_1,1,1,geometry
4919,S2529112__S2529112_0_BP1A2021,0,0,geometry
4920,S2227608__S22-27608-_-SERIAL_1,1,0,geometry
4921,S2520404__S2520404_0_BP1A2021,0,1,geometry
4922,S2530991__S2530991_0_BP1A2021,0,1,geometry
4923,S2227608__S22-27608-_-SERIAL_1,1,1,geometry
4924,S2436457__S2436457_BP1B11_C_15540_2,0,1,geometry
4925,S19-40316__S19-40316,1,0,geometry
4926,S2524777__S2524777_0_BP1A2021,0,0,geometry
4927,S2511007__S25-11007_0_BP1A2021_052433,0,1,geometry
4928,S2512685__S2512685_0_,0,1,geometry
4929,S2415689__S24-15689-_-BIOPSY,1,1,geometry
4930,S19-40316__S19-40316,1,1,geometry
4931,S2346179__S23-46179-_-BIOPSY,1,1,geometry
4932,S2229537__S22-29537-_-SERIAL_1,1,0,geometry
4933,S2516970__S25-16970____155248,1,1,geometry
4934,S2530981__S2530981_0_BP1A2021,0,1,geometry
4935,S2511010__S25-11010_0_BP1A2021_052642,1,0,geometry
4936,S2415689__S24-15689-_-BIOPSY,1,1,geometry
4937,S20-28924__S20-28924,0,1,geometry
4938,S2527323__S2527323_0_BP1A2021,0,0,geometry
4939,S16-17719__S16-17719,1,0,geometry
4940,S2406753__S24-06753-_-DEEP_1,0,1,geometry
4941,S2424259__S2424259,0,1,geometry
4942,S2237601__S22-37601-_-,0,0,geometry
4943,S20-26719__S20-26719,1,1,geometry
4944,S2401283__S24-01283-_-BIOPSY,0,1,geometry
4945,S2525436__S2525436_0_BP1A2021,0,1,geometry
4946,S2227604__S22-27604-_-BIOPSY,1,1,geometry
4947,S2229537__S22-29537-_-SERIAL_1,1,1,geometry
4948,S19-40316__S19-40316,1,1,geometry
4949,S2513848__S25-13848_0_BP1A2021_131436,0,1,geometry
4950,S2227608__S22-27608-_-SERIAL_2,1,1,geometry
4951,S2415689__S24-15689-_-BIOPSY,1,1,geometry
4952,S2344462__S23-44462-_-BIOPSY,0,0,geometry
4953,S2227608__S22-27608-_-SERIAL_1,1,1,geometry
4954,S2406754__S24-06754-_-DEEP_2,0,1,geometry
4955,S2527323__S2527323_0_BP1A2021,0,0,geometry
4956,S2526362__S2526362_0_BP1A2021,0,1,geometry
4957,S2530049__S2530049_0_BP1A2021,0,0,geometry
4958,S2346179__S23-46179-_-BIOPSY,1,0,geometry
4959,S2527323__S2527323_0_BP1A2021,0,1,geometry
4960,S2415689__S24-15689-_-BIOPSY,1,0,geometry
4961,S2227604__S22-27604-_-BIOPSY,1,0,geometry
4962,S2216630__S2216630--DEEP_1,0,1,geometry
4963,S2415689__S24-15689-_-BIOPSY,1,1,geometry
4964,S20-26719__S20-26719,1,1,geometry
4965,S2427695__S2427695_BP1B27_C_14045_3,0,0,geometry
4966,S2513846__S25-13846_0_BP1A2021_161650,0,1,geometry
4967,S2227608__S22-27608-_-SERIAL_1,1,0,geometry
4968,S2415689__S24-15689-_-BIOPSY,1,1,geometry
4969,S2511010__S25-11010_0_BP1A2021_052642,1,1,geometry
4970,S16-17719__S16-17719,1,1,geometry
4971,S19-40316__S19-40316,1,1,geometry
4972,S2406753__S24-06753-_-SERIAL_2,0,0,geometry
4973,S2516971__S25-16971____140945,0,0,geometry
4974,S2227604__S22-27604-_-BIOPSY,1,1,geometry
4975,S2516970__S25-16970____155248,1,1,geometry
4976,S2415689__S24-15689-_-BIOPSY,1,1,geometry
4977,S2513846__S25-13846_0_BP1A2021_161650,0,0,geometry
4978,S2247860__S22-47860-_-DEEP_1,1,1,geometry
4979,S2227608__S22-27608-_-SERIAL_1,1,1,geometry
4980,S2424255__S2424255,0,1,geometry
4981,S2436457__S2436457_BP1B11_C_15540_2,0,0,geometry
4982,S2415689__S24-15689-_-BIOPSY,1,0,geometry
4983,S2511009__S25-11009_0_BP1A2021_052542,0,1,geometry
4984,S2227604__S22-27604-_-BIOPSY,1,0,geometry
4985,S2346179__S23-46179-_-BIOPSY,1,0,geometry
4986,S2530981__S2530981_0_BP1A2021,0,1,geometry
4987,S2415689__S24-15689-_-BIOPSY,1,1,geometry
4988,S2346179__S23-46179-_-BIOPSY,1,1,geometry
4989,S20-26719__S20-26719,1,0,geometry
4990,S20-28924__S20-28924,0,0,geometry
4991,S2535840__S2535840_0_BP1A2021,0,1,geometry
4992,S2516970__S25-16970____155248,1,0,geometry
4993,S2247860__S22-47860-_-DEEP_1,1,0,geometry
4994,S2530991__S2530991_0_BP1A2021,0,0,geometry
4995,S16-17719__S16-17719,1,0,geometry
4996,S2522994__S2522994_0_BP1A2021,0,0,geometry
4997,S2427695__S2427695_BP1B27_C_14045_3,0,1,geometry
4998,S2524760__S2524760_0_BP1A2021,0,1,geometry
4999,S2531989__S2531989_0_BP1A2021,0,0,geometry
5000,S2247860__S22-47860-_-DEEP_1,1,1,geometry
5001,S2134277__S2134277,1,0,geometry
5002,S2516970__S25-16970____155248,1,1,geometry
5003,S2530049__S2530049_0_BP1A2021,0,0,geometry
5004,S2134277__S2134277,1,1,geometry
5005,S2344462__S23-44462-_-BIOPSY,0,0,geometry
5006,S19-40316__S19-40316,1,1,geometry
5007,S2216630__S2216630--DEEP_1,0,1,geometry
5008,S2247860__S22-47860-_-DEEP_1,1,1,geometry
5009,S2516971__S25-16971____155423,0,1,geometry
5010,S2406754__S24-06754-_-DEEP_2,0,1,geometry
5011,S16-17719__S16-17719,1,1,geometry
5012,S2524760__S2524760_0_BP1A2021,0,1,geometry
5013,S2344462__S23-44462-_-BIOPSY,0,1,geometry
5014,S2436457__S2436457_BP1B11_C_15540_2,0,1,geometry
5015,S2227608__S22-27608-_-SERIAL_2,1,0,geometry
5016,S2511009__S25-11009_0_BP1A2021_052542,0,0,geometry
5017,S19-40316__S19-40316,1,0,geometry
5018,S2513846__S25-13846_0_BP1A2021_131523,0,0,geometry
5019,S2229537__S22-29537-_-SERIAL_1,1,1,geometry
5020,S2529112__S2529112_0_BP1A2021,0,1,geometry
5021,S2424259__S2424259,0,0,geometry
5022,S2409392__S2409392,0,0,geometry
5023,S2229537__S22-29537-_-SERIAL_1,1,1,geometry
5024,S2134277__S2134277,1,0,geometry
5025,S16-17719__S16-17719,1,1,geometry
5026,S19-40316__S19-40316,1,1,geometry
5027,S2512685__S2512685_0_,0,1,geometry
5028,S2229537__S22-29537-_-SERIAL_1,1,1,geometry
5029,S2409392__S2409392,0,0,geometry
5030,S2525436__S2525436_0_BP1A2021,0,1,geometry
5031,S19-40316__S19-40316,1,0,geometry
5032,S2511010__S25-11010_0_BP1A2021_052642,1,1,geometry
5033,S2520402__S2520402_0_BP1A2021,0,0,geometry
5034,S2427695__S2427695_BP1B27_C_14045_3,0,0,geometry
5035,S2237601__S22-37601-_-,0,1,geometry
5036,S2424259__S2424259,0,0,geometry
5037,S2216630__S2216630--DEEP_1,0,1,geometry
5038,S2227608__S22-27608-_-SERIAL_1,1,1,geometry
5039,S2415689__S24-15689-_-BIOPSY,1,0,geometry
5040,S2134277__S2134277,1,0,geometry
5041,S2247860__S22-47860-_-DEEP_1,1,1,geometry
5042,S2513846__S25-13846_0_BP1A2021_131523,0,1,geometry
5043,S16-17719__S16-17719,1,1,geometry
5044,S2424258__S2424258,0,0,geometry
5045,S2409392__S2409392,0,0,geometry
5046,S2528218__S2528218_0_BP1A2021,0,1,geometry
5047,S19-40316__S19-40316,1,0,geometry
5048,S2406754__S24-06754-_-DEEP_2,0,1,geometry
5049,S2512685__S2512685_0_,0,0,geometry
5050,S2436457__S2436457_BP1B11_C_15540_2,0,0,geometry
5051,S2227608__S22-27608-_-SERIAL_1,1,0,geometry
5052,S2406753__S24-06753-_-DEEP_1,0,0,geometry
5053,S16-17719__S16-17719,1,1,geometry
5054,S2516971__S25-16971____155423,0,0,geometry
5055,S2530991__S2530991_0_BP1A2021,0,0,geometry
5056,S2516970__S25-16970____155248,1,0,geometry
5057,S2513848__S25-13848_0_BP1A2021_131436,0,0,geometry
5058,S19-40316__S19-40316,1,1,geometry
5059,S2525436__S2525436_0_BP1A2021,0,0,geometry
5060,S2415689__S24-15689-_-BIOPSY,1,1,geometry
5061,S2516970__S25-16970____155248,1,1,geometry
5062,S2406754__S24-06754-_-SERIAL_1,0,1,geometry
5063,S2511009__S25-11009_0_BP1A2021_052542,0,1,geometry
5064,S2528218__S2528218_0_BP1A2021,0,0,geometry
5065,S2520404__S2520404_0_BP1A2021,0,0,geometry
5066,S2227608__S22-27608-_-SERIAL_2,1,1,geometry
5067,S2513846__S25-13846_0_BP1A2021_161650,0,1,geometry
5068,S2227608__S22-27608-_-SERIAL_2,1,1,geometry
5069,S2134277__S2134277,1,0,geometry
5070,S2516970__S25-16970____155248,1,1,geometry
5071,S2530991__S2530991_0_BP1A2021,0,1,geometry
5072,S2134277__S2134277,1,0,geometry
5073,S2530049__S2530049_0_BP1A2021,0,0,geometry
5074,S2227608__S22-27608-_-SERIAL_1,1,0,geometry
5075,S2516971__S25-16971____155423,0,1,geometry
5076,S2513846__S25-13846_0_BP1A2021_161650,0,0,geometry
5077,S2424258__S2424258,0,0,geometry
5078,S2346179__S23-46179-_-BIOPSY,1,0,geometry
5079,S2513846__S25-13846_0_BP1A2021_161650,0,0,geometry
5080,S2227604__S22-27604-_-BIOPSY,1,0,geometry
5081,S2424259__S2424259,0,1,geometry
5082,S2227608__S22-27608-_-SERIAL_1,1,1,geometry
5083,S2227604__S22-27604-_-BIOPSY,1,0,geometry
5084,S2525436__S2525436_0_BP1A2021,0,1,geometry
5085,S16-17719__S16-17719,1,1,geometry
5086,S2415689__S24-15689-_-BIOPSY,1,1,geometry
5087,S2511007__S25-11007_0_BP1A2021_052433,0,0,geometry
5088,S2526362__S2526362_0_BP1A2021,0,0,geometry
5089,S2227608__S22-27608-_-SERIAL_2,1,1,geometry
5090,S2247860__S22-47860-_-DEEP_1,1,1,geometry
5091,S2424255__S2424255,0,1,geometry
5092,S20-26719__S20-26719,1,0,geometry
5093,S2512685__S2512685_0_,0,0,geometry
5094,S2346179__S23-46179-_-BIOPSY,1,0,geometry
5095,S2427695__S2427695_BP1B27_C_14045_3,0,0,geometry
5096,S16-17719__S16-17719,1,1,geometry
5097,S2227608__S22-27608-_-SERIAL_1,1,1,geometry
5098,S2227604__S22-27604-_-BIOPSY,1,0,geometry
5099,S2229537__S22-29537-_-SERIAL_1,1,1,geometry
5100,S20-26719__S20-26719,1,0,geometry
5101,S2530981__S2530981_0_BP1A2021,0,0,geometry
5102,S2227604__S22-27604-_-BIOPSY,1,1,geometry
5103,S2227608__S22-27608-_-SERIAL_2,1,0,geometry
5104,S2520404__S2520404_0_BP1A2021,0,0,geometry
5105,S2227604__S22-27604-_-BIOPSY,1,1,geometry
5106,S2516970__S25-16970____155248,1,0,geometry
5107,S2227608__S22-27608-_-SERIAL_1,1,0,geometry
5108,S2530049__S2530049_0_BP1A2021,0,1,geometry
5109,S16-17719__S16-17719,1,0,geometry
5110,S2227608__S22-27608-_-SERIAL_1,1,1,geometry
5111,S2247860__S22-47860-_-DEEP_1,1,0,geometry
5112,S2516970__S25-16970____155248,1,0,geometry
5113,S2134277__S2134277,1,0,geometry
5114,S2520404__S2520404_0_BP1A2021,0,1,geometry
5115,S2535840__S2535840_0_BP1A2021,0,0,geometry
5116,S2535840__S2535840_0_BP1A2021,0,1,geometry
5117,S2227604__S22-27604-_-BIOPSY,1,0,geometry
5118,S2247860__S22-47860-_-DEEP_1,1,0,geometry
5119,S2424255__S2424255,0,0,geometry
5120,S2520402__S2520402_0_BP1A2021,0,0,geometry
5121,S2134277__S2134277,1,1,geometry
5122,S2406754__S24-06754-_-SERIAL_1,0,1,geometry
5123,S2346179__S23-46179-_-BIOPSY,1,0,geometry
5124,S2521239__S2521239_0_BP1A2021,0,1,geometry
5125,S2247860__S22-47860-_-DEEP_1,1,0,geometry
5126,S2535840__S2535840_0_BP1A2021,0,0,geometry
5127,S16-17719__S16-17719,1,0,geometry
5128,S2516970__S25-16970____155248,1,1,geometry
5129,S2424258__S2424258,0,1,geometry
5130,S2511009__S25-11009_0_BP1A2021_052542,0,1,geometry
5131,S2528218__S2528218_0_BP1A2021,0,0,geometry
5132,S2526362__S2526362_0_BP1A2021,0,0,geometry
5133,S2424259__S2424259,0,0,geometry
5134,S2401283__S24-01283-_-BIOPSY,0,0,geometry
5135,S2524760__S2524760_0_BP1A2021,0,1,geometry
5136,S2528218__S2528218_0_BP1A2021,0,1,geometry
5137,S2134277__S2134277,1,1,geometry
5138,S2346179__S23-46179-_-BIOPSY,1,1,geometry
5139,S2216630__S2216630--DEEP_1,0,0,geometry
5140,S2531989__S2531989_0_BP1A2021,0,1,geometry
5141,S2406754__S24-06754-_-SERIAL_1,0,1,geometry
5142,S19-40316__S19-40316,1,1,geometry
5143,S2227608__S22-27608-_-SERIAL_2,1,0,geometry
5144,S2530049__S2530049_0_BP1A2021,0,1,geometry
5145,S2227608__S22-27608-_-SERIAL_2,1,1,geometry
5146,S2529112__S2529112_0_BP1A2021,0,1,geometry
5147,S2424259__S2424259,0,0,geometry
5148,S16-17719__S16-17719,1,0,geometry
5149,S2524777__S2524777_0_BP1A2021,0,0,geometry
5150,S2511010__S25-11010_0_BP1A2021_052642,1,0,geometry
5151,S2530981__S2530981_0_BP1A2021,0,0,geometry
5152,S2525436__S2525436_0_BP1A2021,0,0,geometry
5153,S20-26719__S20-26719,1,0,geometry
5154,S2511007__S25-11007_0_BP1A2021_052433,0,0,geometry
5155,S2524777__S2524777_0_BP1A2021,0,1,geometry
5156,S2521239__S2521239_0_BP1A2021,0,0,geometry
5157,S2524760__S2524760_0_BP1A2021,0,1,geometry
5158,S2516970__S25-16970____155248,1,0,geometry
5159,S2227608__S22-27608-_-SERIAL_1,1,1,geometry
5160,S2512685__S2512685_0_,0,0,geometry
5161,S2525436__S2525436_0_BP1A2021,0,1,geometry
5162,S19-40316__S19-40316,1,0,geometry
5163,S2227608__S22-27608-_-SERIAL_1,1,1,geometry
5164,S2516970__S25-16970____155248,1,0,geometry
5165,S19-40316__S19-40316,1,1,geometry
5166,S20-26719__S20-26719,1,0,geometry
5167,S2511010__S25-11010_0_BP1A2021_052642,1,0,geometry
5168,S2216630__S2216630--DEEP_1,0,1,geometry
5169,S19-40316__S19-40316,1,0,geometry
5170,S2511009__S25-11009_0_BP1A2021_052542,0,1,geometry
5171,S2511010__S25-11010_0_BP1A2021_052642,1,0,geometry
5172,S2513846__S25-13846_0_BP1A2021_131523,0,1,geometry
5173,S2516971__S25-16971____155423,0,0,geometry
5174,S2227608__S22-27608-_-SERIAL_1,1,1,geometry
5175,S2247860__S22-47860-_-DEEP_1,1,1,geometry
5176,S20-26719__S20-26719,1,0,geometry
5177,S2227608__S22-27608-_-SERIAL_1,1,1,geometry
5178,S2227608__S22-27608-_-SERIAL_2,1,1,geometry
5179,S2346179__S23-46179-_-BIOPSY,1,0,geometry
5180,S2512685__S2512685_0_,0,0,geometry
5181,S2406754__S24-06754-_-DEEP_2,0,0,geometry
5182,S2424259__S2424259,0,1,geometry
5183,S2227608__S22-27608-_-SERIAL_2,1,1,geometry
5184,S2516970__S25-16970____155248,1,1,geometry
5185,S2511010__S25-11010_0_BP1A2021_052642,1,1,geometry
5186,S2516971__S25-16971____140945,0,0,geometry
5187,S20-26719__S20-26719,1,0,geometry
5188,S2530049__S2530049_0_BP1A2021,0,0,geometry
5189,S2406753__S24-06753-_-DEEP_1,0,1,geometry
5190,S2516970__S25-16970____155248,1,0,geometry
5191,S2227604__S22-27604-_-BIOPSY,1,1,geometry
5192,S2522994__S2522994_0_BP1A2021,0,1,geometry
5193,S20-26719__S20-26719,1,1,geometry
5194,S2237601__S22-37601-_-,0,1,geometry
5195,S2424255__S2424255,0,1,geometry
5196,S2427695__S2427695_BP1B27_C_14045_3,0,0,geometry
5197,S2516971__S25-16971____155423,0,0,geometry
5198,S2406753__S24-06753-_-DEEP_1,0,1,geometry
5199,S2520402__S2520402_0_BP1A2021,0,0,geometry
5200,S2415689__S24-15689-_-BIOPSY,1,0,geometry
5201,S2346179__S23-46179-_-BIOPSY,1,1,geometry
5202,S2526362__S2526362_0_BP1A2021,0,1,geometry
5203,S2521239__S2521239_0_BP1A2021,0,0,geometry
5204,S2521239__S2521239_0_BP1A2021,0,0,geometry
5205,S2247860__S22-47860-_-DEEP_1,1,1,geometry
5206,S2530991__S2530991_0_BP1A2021,0,1,geometry
5207,S2528218__S2528218_0_BP1A2021,0,0,geometry
5208,S2344462__S23-44462-_-BIOPSY,0,1,geometry
5209,S20-26719__S20-26719,1,1,geometry
5210,S2524760__S2524760_0_BP1A2021,0,1,geometry
5211,S2516970__S25-16970____155248,1,0,geometry
5212,S2513846__S25-13846_0_BP1A2021_161650,0,0,geometry
5213,S2531989__S2531989_0_BP1A2021,0,0,geometry
5214,S2427695__S24-27695-_-BIOPSY,0,1,geometry
5215,S2237601__S22-37601-_-,0,1,geometry
5216,S2415689__S24-15689-_-BIOPSY,1,0,geometry
5217,S2247860__S22-47860-_-DEEP_1,1,1,geometry
5218,S2521239__S2521239_0_BP1A2021,0,1,geometry
5219,S2513848__S25-13848_0_BP1A2021_131436,0,0,geometry
5220,S2346179__S23-46179-_-BIOPSY,1,1,geometry
5221,S2527323__S2527323_0_BP1A2021,0,1,geometry
5222,S2530985__S2530985_0_BP1A2021,0,0,geometry
5223,S2522994__S2522994_0_BP1A2021,0,0,geometry
5224,S2415689__S24-15689-_-BIOPSY,1,0,geometry
5225,S2521239__S2521239_0_BP1A2021,0,1,geometry
5226,S2425843__S24-25843-_-BIOPSY,0,1,geometry
5227,S2531989__S2531989_0_BP1A2021,0,0,geometry
5228,S2247860__S22-47860-_-DEEP_1,1,0,geometry
5229,S2511010__S25-11010_0_BP1A2021_052642,1,1,geometry
5230,S2530981__S2530981_0_BP1A2021,0,0,geometry
5231,S2511010__S25-11010_0_BP1A2021_052642,1,0,geometry
5232,S2513846__S25-13846_0_BP1A2021_161650,0,0,geometry
5233,S2531989__S2531989_0_BP1A2021,0,1,geometry
5234,S2415689__S24-15689-_-BIOPSY,1,0,geometry
5235,S2227608__S22-27608-_-SERIAL_1,1,1,geometry
5236,S2516970__S25-16970____155248,1,0,geometry
5237,S2134277__S2134277,1,0,geometry
5238,S2237601__S22-37601-_-,0,0,geometry
5239,S2516970__S25-16970____155248,1,1,geometry
5240,S19-40316__S19-40316,1,0,geometry
5241,S19-40316__S19-40316,1,0,geometry
5242,S2529112__S2529112_0_BP1A2021,0,0,geometry
5243,S2227608__S22-27608-_-SERIAL_2,1,0,geometry
5244,S20-26719__S20-26719,1,1,geometry
5245,S2227608__S22-27608-_-SERIAL_1,1,1,geometry
5246,S16-17719__S16-17719,1,0,geometry
5247,S2527323__S2527323_0_BP1A2021,0,0,geometry
5248,S2531985__S2531985_0_BP1A2021,0,0,geometry
5249,S2229537__S22-29537-_-SERIAL_1,1,0,geometry
5250,S2520402__S2520402_0_BP1A2021,0,0,geometry
5251,S2227604__S22-27604-_-BIOPSY,1,0,geometry
5252,S20-28924__S20-28924,0,0,geometry
5253,S2227608__S22-27608-_-SERIAL_2,1,1,geometry
5254,S2247860__S22-47860-_-DEEP_1,1,0,geometry
5255,S2516970__S25-16970____155248,1,1,geometry
5256,S2513846__S25-13846_0_BP1A2021_161650,0,1,geometry
5257,S2227604__S22-27604-_-BIOPSY,1,0,geometry
5258,S2512685__S2512685_0_,0,0,geometry
5259,S2513848__S25-13848_0_BP1A2021_131436,0,1,geometry
5260,S2247860__S22-47860-_-DEEP_1,1,1,geometry
5261,S2227608__S22-27608-_-SERIAL_2,1,1,geometry
5262,S2427695__S2427695_BP1B27_C_14045_3,0,0,geometry
5263,S2134277__S2134277,1,0,geometry
5264,S2346179__S23-46179-_-BIOPSY,1,0,geometry
5265,S2134277__S2134277,1,1,geometry
5266,S2511006__S25-11006_0_BP1A2021_052242,0,0,geometry
5267,S2531989__S2531989_0_BP1A2021,0,1,geometry
5268,S2526362__S2526362_0_BP1A2021,0,0,geometry
5269,S2346179__S23-46179-_-BIOPSY,1,0,geometry
5270,S2406754__S24-06754-_-SERIAL_1,0,1,geometry
5271,S2247860__S22-47860-_-DEEP_1,1,1,geometry
5272,S2247860__S22-47860-_-DEEP_1,1,1,geometry
5273,S2227608__S22-27608-_-SERIAL_2,1,0,geometry
5274,S2227608__S22-27608-_-SERIAL_1,1,0,geometry
5275,S2227608__S22-27608-_-SERIAL_1,1,1,geometry
5276,S2436457__S2436457_BP1B11_C_15540_2,0,1,geometry
5277,S2344462__S23-44462-_-BIOPSY,0,0,geometry
5278,S2247860__S22-47860-_-DEEP_1,1,0,geometry
5279,S2535840__S2535840_0_BP1A2021,0,0,geometry
5280,S2516970__S25-16970____155248,1,1,geometry
5281,S2227604__S22-27604-_-BIOPSY,1,0,geometry
5282,S2527323__S2527323_0_BP1A2021,0,1,geometry
5283,S2530985__S2530985_0_BP1A2021,0,1,geometry
5284,S2513846__S25-13846_0_BP1A2021_131523,0,0,geometry
5285,S2529112__S2529112_0_BP1A2021,0,0,geometry
5286,S2531989__S2531989_0_BP1A2021,0,1,geometry
5287,S2511007__S25-11007_0_BP1A2021_052433,0,0,geometry
5288,S2529112__S2529112_0_BP1A2021,0,0,geometry
5289,S2427695__S2427695_BP1B27_C_14045_3,0,1,geometry
5290,S2406754__S24-06754-_-SERIAL_1,0,0,geometry
5291,S2227608__S22-27608-_-SERIAL_1,1,0,geometry
5292,S2424258__S2424258,0,1,geometry
5293,S2216630__S2216630--DEEP_1,0,0,geometry
5294,S2513848__S25-13848_0_BP1A2021_131436,0,0,geometry
5295,S2346179__S23-46179-_-BIOPSY,1,0,geometry
5296,S2511010__S25-11010_0_BP1A2021_052642,1,1,geometry
5297,S2134277__S2134277,1,1,geometry
5298,S2530981__S2530981_0_BP1A2021,0,1,geometry
5299,S2424258__S2424258,0,1,geometry
5300,S2520404__S2520404_0_BP1A2021,0,0,geometry
5301,S2525436__S2525436_0_BP1A2021,0,1,geometry
5302,S2530981__S2530981_0_BP1A2021,0,1,geometry
5303,S2516971__S25-16971____155423,0,0,geometry
5304,S2415689__S24-15689-_-BIOPSY,1,1,geometry
5305,S2346179__S23-46179-_-BIOPSY,1,0,geometry
5306,S2513846__S25-13846_0_BP1A2021_131523,0,0,geometry
5307,S2216630__S2216630--DEEP_1,0,1,geometry
5308,S2227604__S22-27604-_-BIOPSY,1,1,geometry
5309,S19-40316__S19-40316,1,1,geometry
5310,S2522994__S2522994_0_BP1A2021,0,1,geometry
5311,S2524777__S2524777_0_BP1A2021,0,1,geometry
5312,S2513846__S25-13846_0_BP1A2021_161650,0,0,geometry
5313,S2527323__S2527323_0_BP1A2021,0,1,geometry
5314,S2525436__S2525436_0_BP1A2021,0,0,geometry
5315,S2216630__S2216630--DEEP_1,0,1,geometry
5316,S2522994__S2522994_0_BP1A2021,0,0,geometry
5317,S16-17719__S16-17719,1,0,geometry
5318,S19-40316__S19-40316,1,1,geometry
5319,S2134277__S2134277,1,0,geometry
5320,S2424255__S2424255,0,0,geometry
5321,S2247860__S22-47860-_-DEEP_1,1,0,geometry
5322,S2247860__S22-47860-_-DEEP_1,1,0,geometry
5323,S2520402__S2520402_0_BP1A2021,0,1,geometry
5324,S2247860__S22-47860-_-DEEP_1,1,0,geometry
5325,S2227608__S22-27608-_-SERIAL_1,1,0,geometry
5326,S2346179__S23-46179-_-BIOPSY,1,1,geometry
5327,S2406754__S24-06754-_-DEEP_2,0,1,geometry
5328,S2530991__S2530991_0_BP1A2021,0,1,geometry
5329,S2528218__S2528218_0_BP1A2021,0,1,geometry
5330,S2247860__S22-47860-_-DEEP_1,1,1,geometry
5331,S2346179__S23-46179-_-BIOPSY,1,1,geometry
5332,S2227604__S22-27604-_-BIOPSY,1,0,geometry
5333,S2247860__S22-47860-_-DEEP_1,1,1,geometry
5334,S2513848__S25-13848_0_BP1A2021_131436,0,0,geometry
5335,S2227608__S22-27608-_-SERIAL_1,1,1,geometry
5336,S2227608__S22-27608-_-SERIAL_2,1,0,geometry
5337,S20-26719__S20-26719,1,0,geometry
5338,S2247860__S22-47860-_-DEEP_1,1,0,geometry
5339,S2401283__S24-01283-_-BIOPSY,0,1,geometry
5340,S2134277__S2134277,1,1,geometry
5341,S2516970__S25-16970____155248,1,1,geometry
5342,S2227608__S22-27608-_-SERIAL_1,1,0,geometry
5343,S2134277__S2134277,1,0,geometry
5344,S2511006__S25-11006_0_BP1A2021_052242,0,0,geometry
5345,S2527323__S2527323_0_BP1A2021,0,0,geometry
5346,S2520402__S2520402_0_BP1A2021,0,0,geometry
5347,S2522994__S2522994_0_BP1A2021,0,1,geometry
5348,S2524760__S2524760_0_BP1A2021,0,1,geometry
5349,S2227608__S22-27608-_-SERIAL_1,1,1,geometry
5350,S2522994__S2522994_0_BP1A2021,0,0,geometry
5351,S2522994__S2522994_0_BP1A2021,0,0,geometry
5352,S2227608__S22-27608-_-SERIAL_1,1,0,geometry
5353,S20-26719__S20-26719,1,0,geometry
5354,S2530991__S2530991_0_BP1A2021,0,1,geometry
5355,S2522994__S2522994_0_BP1A2021,0,0,geometry
5356,S2511010__S25-11010_0_BP1A2021_052642,1,0,geometry
5357,S2134277__S2134277,1,1,geometry
5358,S2409392__S2409392,0,1,geometry
5359,S2535840__S2535840_0_BP1A2021,0,1,geometry
5360,S2229537__S22-29537-_-SERIAL_1,1,0,geometry
5361,S2516970__S25-16970____155248,1,0,geometry
5362,S2415689__S24-15689-_-BIOPSY,1,1,geometry
5363,S2227608__S22-27608-_-SERIAL_1,1,1,geometry
5364,S2406754__S24-06754-_-DEEP_2,0,1,geometry
5365,S2227608__S22-27608-_-SERIAL_2,1,1,geometry
5366,S2516970__S25-16970____155248,1,0,geometry
5367,S2229537__S22-29537-_-SERIAL_1,1,1,geometry
5368,S2415689__S24-15689-_-BIOPSY,1,1,geometry
5369,S2535840__S2535840_0_BP1A2021,0,1,geometry
5370,S2401283__S24-01283-_-BIOPSY,0,0,geometry
5371,S2530991__S2530991_0_BP1A2021,0,0,geometry
5372,S2516971__S25-16971____155423,0,1,geometry
5373,S2134277__S2134277,1,1,geometry
5374,S2415689__S24-15689-_-BIOPSY,1,0,geometry
5375,S2513846__S25-13846_0_BP1A2021_161650,0,1,geometry
5376,S2424255__S2424255,0,0,geometry
5377,S20-26719__S20-26719,1,1,geometry
5378,S2511006__S25-11006_0_BP1A2021_052242,0,0,geometry
5379,S2424259__S2424259,0,0,geometry
5380,S2406753__S24-06753-_-DEEP_1,0,1,geometry
5381,S2512685__S2512685_0_,0,1,geometry
5382,S2247860__S22-47860-_-DEEP_1,1,1,geometry
5383,S2524760__S2524760_0_BP1A2021,0,0,geometry
5384,S16-17719__S16-17719,1,1,geometry
5385,S2516970__S25-16970____155248,1,0,geometry
5386,S2513846__S25-13846_0_BP1A2021_131523,0,1,geometry
5387,S2424258__S2424258,0,0,geometry
5388,S2247860__S22-47860-_-DEEP_1,1,1,geometry
5389,S2512685__S2512685_0_,0,0,geometry
5390,S2530991__S2530991_0_BP1A2021,0,1,geometry
5391,S2424255__S2424255,0,0,geometry
5392,S2424259__S2424259,0,0,geometry
5393,S2227608__S22-27608-_-SERIAL_1,1,0,geometry
5394,S2535840__S2535840_0_BP1A2021,0,1,geometry
5395,S2511010__S25-11010_0_BP1A2021_052642,1,1,geometry
5396,S2415689__S24-15689-_-BIOPSY,1,1,geometry
5397,S2227604__S22-27604-_-BIOPSY,1,1,geometry
5398,S2227604__S22-27604-_-BIOPSY,1,0,geometry
5399,S2513848__S25-13848_0_BP1A2021_131436,0,1,geometry
5400,S2227608__S22-27608-_-SERIAL_1,1,1,geometry
5401,S2346179__S23-46179-_-BIOPSY,1,1,geometry
5402,S2227604__S22-27604-_-BIOPSY,1,0,geometry
5403,S2524760__S2524760_0_BP1A2021,0,0,geometry
5404,S2516970__S25-16970____155248,1,1,geometry
5405,S2424255__S2424255,0,1,geometry
5406,S2424255__S2424255,0,1,geometry
5407,S2227608__S22-27608-_-SERIAL_1,1,1,geometry
5408,S2524777__S2524777_0_BP1A2021,0,0,geometry
5409,S2516970__S25-16970____155248,1,1,geometry
5410,S2525436__S2525436_0_BP1A2021,0,1,geometry
5411,S2511010__S25-11010_0_BP1A2021_052642,1,0,geometry
5412,S16-17719__S16-17719,1,0,geometry
5413,S20-26719__S20-26719,1,1,geometry
5414,S2531985__S2531985_0_BP1A2021,0,0,geometry
5415,S19-40316__S19-40316,1,1,geometry
5416,S2406754__S24-06754-_-DEEP_2,0,0,geometry
5417,S2227604__S22-27604-_-BIOPSY,1,0,geometry
5418,S2424258__S2424258,0,1,geometry
5419,S2427695__S2427695_BP1B27_C_14045_3,0,0,geometry
5420,S2516970__S25-16970____155248,1,0,geometry
5421,S2521239__S2521239_0_BP1A2021,0,1,geometry
5422,S2530981__S2530981_0_BP1A2021,0,0,geometry
5423,S2229537__S22-29537-_-SERIAL_1,1,1,geometry
5424,S2229537__S22-29537-_-SERIAL_1,1,1,geometry
5425,S2525436__S2525436_0_BP1A2021,0,1,geometry
5426,S20-28924__S20-28924,0,1,geometry
5427,S2229537__S22-29537-_-SERIAL_1,1,0,geometry
5428,S2227608__S22-27608-_-SERIAL_1,1,1,geometry
5429,S2535840__S2535840_0_BP1A2021,0,0,geometry
5430,S2436457__S2436457_BP1B11_C_15540_2,0,0,geometry
5431,S2227604__S22-27604-_-BIOPSY,1,0,geometry
5432,S2134277__S2134277,1,0,geometry
5433,S2227604__S22-27604-_-BIOPSY,1,1,geometry
5434,S2511010__S25-11010_0_BP1A2021_052642,1,0,geometry
5435,S2247860__S22-47860-_-DEEP_1,1,1,geometry
5436,S20-26719__S20-26719,1,0,geometry
5437,S2227604__S22-27604-_-BIOPSY,1,0,geometry
5438,S2524760__S2524760_0_BP1A2021,0,0,geometry
5439,S2516971__S25-16971____140945,0,0,geometry
5440,S2227604__S22-27604-_-BIOPSY,1,1,geometry
5441,S2511006__S25-11006_0_BP1A2021_052242,0,0,geometry
5442,S2227604__S22-27604-_-BIOPSY,1,1,geometry
5443,S2516971__S25-16971____140945,0,1,geometry
5444,S2227608__S22-27608-_-SERIAL_1,1,1,geometry
5445,S2535840__S2535840_0_BP1A2021,0,0,geometry
5446,S2424258__S2424258,0,0,geometry
5447,S2227608__S22-27608-_-SERIAL_1,1,1,geometry
5448,S2247860__S22-47860-_-DEEP_1,1,0,geometry
5449,S2520402__S2520402_0_BP1A2021,0,1,geometry
5450,S2535840__S2535840_0_BP1A2021,0,0,geometry
5451,S2511010__S25-11010_0_BP1A2021_052642,1,0,geometry
5452,S16-17719__S16-17719,1,0,geometry
5453,S2227608__S22-27608-_-SERIAL_1,1,1,geometry
5454,S2227608__S22-27608-_-SERIAL_2,1,1,geometry
5455,S2229537__S22-29537-_-SERIAL_1,1,0,geometry
5456,S2427695__S24-27695-_-BIOPSY,0,1,geometry
5457,S2525436__S2525436_0_BP1A2021,0,1,geometry
5458,S2529112__S2529112_0_BP1A2021,0,0,geometry
5459,S2247860__S22-47860-_-DEEP_1,1,0,geometry
5460,S2424259__S2424259,0,1,geometry
5461,S16-17719__S16-17719,1,1,geometry
5462,S2401283__S24-01283-_-BIOPSY,0,0,geometry
5463,S2227608__S22-27608-_-SERIAL_2,1,1,geometry
5464,S2524777__S2524777_0_BP1A2021,0,1,geometry
5465,S2247860__S22-47860-_-DEEP_1,1,1,geometry
5466,S2513846__S25-13846_0_BP1A2021_161650,0,1,geometry
5467,S2530981__S2530981_0_BP1A2021,0,1,geometry
5468,S2512685__S2512685_0_,0,0,geometry
5469,S20-26719__S20-26719,1,1,geometry
5470,S2216630__S2216630--DEEP_1,0,1,geometry
5471,S2531989__S2531989_0_BP1A2021,0,1,geometry
5472,S2134277__S2134277,1,0,geometry
5473,S16-17719__S16-17719,1,0,geometry
5474,S19-40316__S19-40316,1,1,geometry
5475,S2134277__S2134277,1,1,geometry
5476,S19-40316__S19-40316,1,0,geometry
5477,S2406754__S24-06754-_-SERIAL_1,0,1,geometry
5478,S2530991__S2530991_0_BP1A2021,0,0,geometry
5479,S2520404__S2520404_0_BP1A2021,0,1,geometry
5480,S2346179__S23-46179-_-BIOPSY,1,0,geometry
5481,S2227608__S22-27608-_-SERIAL_1,1,1,geometry
5482,S2406754__S24-06754-_-SERIAL_1,0,1,geometry
5483,S2535840__S2535840_0_BP1A2021,0,0,geometry
5484,S2227608__S22-27608-_-SERIAL_2,1,1,geometry
5485,S16-17719__S16-17719,1,1,geometry
5486,S2520402__S2520402_0_BP1A2021,0,0,geometry
5487,S2247860__S22-47860-_-DEEP_1,1,0,geometry
5488,S2511010__S25-11010_0_BP1A2021_052642,1,1,geometry
5489,S2516970__S25-16970____155248,1,0,geometry
5490,S2525436__S2525436_0_BP1A2021,0,1,geometry
5491,S2531985__S2531985_0_BP1A2021,0,1,geometry
5492,S2247860__S22-47860-_-DEEP_1,1,1,geometry
5493,S2134277__S2134277,1,0,geometry
5494,S2227608__S22-27608-_-SERIAL_1,1,1,geometry
5495,S16-17719__S16-17719,1,0,geometry
5496,S2415689__S24-15689-_-BIOPSY,1,0,geometry
5497,S2525436__S2525436_0_BP1A2021,0,0,geometry
5498,S2531989__S2531989_0_BP1A2021,0,1,geometry
5499,S2511007__S25-11007_0_BP1A2021_052433,0,0,geometry
5500,S2516971__S25-16971____155423,0,0,geometry
5501,S2346179__S23-46179-_-BIOPSY,1,0,geometry
5502,S2401283__S24-01283-_-BIOPSY,0,0,geometry
5503,S20-28924__S20-28924,0,0,geometry
5504,S2134277__S2134277,1,0,geometry
5505,S2531989__S2531989_0_BP1A2021,0,0,geometry
5506,S2530991__S2530991_0_BP1A2021,0,0,geometry
5507,S2520404__S2520404_0_BP1A2021,0,0,geometry
5508,S2134277__S2134277,1,0,geometry
5509,S2409392__S2409392,0,1,geometry
5510,S2227608__S22-27608-_-SERIAL_1,1,1,geometry
5511,S2512685__S2512685_0_,0,0,geometry
5512,S2531989__S2531989_0_BP1A2021,0,0,geometry
5513,S2512685__S2512685_0_,0,0,geometry
5514,S2406754__S24-06754-_-DEEP_2,0,1,geometry
5515,S2247860__S22-47860-_-DEEP_1,1,1,geometry
5516,S2511010__S25-11010_0_BP1A2021_052642,1,0,geometry
5517,S2227608__S22-27608-_-SERIAL_2,1,1,geometry
5518,S2406754__S24-06754-_-DEEP_2,0,0,geometry
5519,S2227608__S22-27608-_-SERIAL_1,1,0,geometry
5520,S2530991__S2530991_0_BP1A2021,0,1,geometry
5521,S19-40316__S19-40316,1,0,geometry
5522,S2521239__S2521239_0_BP1A2021,0,1,geometry
5523,S2516970__S25-16970____155248,1,0,geometry
5524,S2425843__S24-25843-_-BIOPSY,0,1,geometry
5525,S2516971__S25-16971____155423,0,1,geometry
5526,S2346179__S23-46179-_-BIOPSY,1,1,geometry
5527,S2427695__S2427695_BP1B27_C_14045_3,0,0,geometry
5528,S2531989__S2531989_0_BP1A2021,0,0,geometry
5529,S2229537__S22-29537-_-SERIAL_1,1,0,geometry
5530,S2513846__S25-13846_0_BP1A2021_161650,0,0,geometry
5531,S2516970__S25-16970____155248,1,1,geometry
5532,S2409392__S2409392,0,0,geometry
5533,S2229537__S22-29537-_-SERIAL_1,1,1,geometry
5534,S20-28924__S20-28924,0,0,geometry
5535,S2511010__S25-11010_0_BP1A2021_052642,1,1,geometry
5536,S2227608__S22-27608-_-SERIAL_2,1,0,geometry
5537,S16-17719__S16-17719,1,1,geometry
5538,S16-17719__S16-17719,1,1,geometry
5539,S16-17719__S16-17719,1,0,geometry
5540,S19-40316__S19-40316,1,1,geometry
5541,S2346179__S23-46179-_-BIOPSY,1,1,geometry
5542,S16-17719__S16-17719,1,0,geometry
5543,S2531989__S2531989_0_BP1A2021,0,1,geometry
5544,S2227604__S22-27604-_-BIOPSY,1,0,geometry
5545,S2406754__S24-06754-_-SERIAL_1,0,0,geometry
5546,S2229537__S22-29537-_-SERIAL_1,1,0,geometry
5547,S16-17719__S16-17719,1,1,geometry
5548,S2511010__S25-11010_0_BP1A2021_052642,1,1,geometry
5549,S19-40316__S19-40316,1,0,geometry
5550,S2247860__S22-47860-_-DEEP_1,1,0,geometry
5551,S2227604__S22-27604-_-BIOPSY,1,1,geometry
5552,S2525436__S2525436_0_BP1A2021,0,1,geometry
5553,S2415689__S24-15689-_-BIOPSY,1,0,geometry
5554,S2227608__S22-27608-_-SERIAL_2,1,1,geometry
5555,S2530991__S2530991_0_BP1A2021,0,0,geometry
5556,S2531985__S2531985_0_BP1A2021,0,0,geometry
5557,S2535840__S2535840_0_BP1A2021,0,1,geometry
5558,S2227608__S22-27608-_-SERIAL_2,1,0,geometry
5559,S2415689__S24-15689-_-BIOPSY,1,1,geometry
5560,S2521239__S2521239_0_BP1A2021,0,0,geometry
5561,S2134277__S2134277,1,0,geometry
5562,S2520404__S2520404_0_BP1A2021,0,0,geometry
5563,S2229537__S22-29537-_-SERIAL_1,1,1,geometry
5564,S20-26719__S20-26719,1,1,geometry
5565,S2344462__S23-44462-_-BIOPSY,0,0,geometry
5566,S2520402__S2520402_0_BP1A2021,0,1,geometry
5567,S20-28924__S20-28924,0,0,geometry
5568,S20-26719__S20-26719,1,1,geometry
5569,S2415689__S24-15689-_-BIOPSY,1,1,geometry
5570,S2134277__S2134277,1,1,geometry
5571,S2511006__S25-11006_0_BP1A2021_052242,0,0,geometry
5572,S2516970__S25-16970____155248,1,0,geometry
5573,S2512685__S2512685_0_,0,0,geometry
5574,S20-28924__S20-28924,0,1,geometry
5575,S2406753__S24-06753-_-DEEP_1,0,0,geometry
5576,S2525436__S2525436_0_BP1A2021,0,0,geometry
5577,S16-17719__S16-17719,1,1,geometry
5578,S2427695__S24-27695-_-BIOPSY,0,1,geometry
5579,S2425843__S24-25843-_-BIOPSY,0,1,geometry
5580,S2346179__S23-46179-_-BIOPSY,1,0,geometry
5581,S2427695__S2427695_BP1B27_C_14045_3,0,0,geometry
5582,S2229537__S22-29537-_-SERIAL_1,1,0,geometry
5583,S2415689__S24-15689-_-BIOPSY,1,1,geometry
5584,S2511006__S25-11006_0_BP1A2021_052242,0,0,geometry
5585,S2401283__S24-01283-_-BIOPSY,0,1,geometry
5586,S2346179__S23-46179-_-BIOPSY,1,1,geometry
5587,S2511009__S25-11009_0_BP1A2021_052542,0,1,geometry
5588,S2227608__S22-27608-_-SERIAL_1,1,0,geometry
5589,S2516970__S25-16970____155248,1,0,geometry
5590,S2227608__S22-27608-_-SERIAL_2,1,0,geometry
5591,S2513846__S25-13846_0_BP1A2021_131523,0,0,geometry
5592,S2535840__S2535840_0_BP1A2021,0,0,geometry
5593,S2227604__S22-27604-_-BIOPSY,1,0,geometry
5594,S2134277__S2134277,1,0,geometry
5595,S2520404__S2520404_0_BP1A2021,0,0,geometry
5596,S2521239__S2521239_0_BP1A2021,0,0,geometry
5597,S2535840__S2535840_0_BP1A2021,0,0,geometry
5598,S2227608__S22-27608-_-SERIAL_2,1,1,geometry
5599,S19-40316__S19-40316,1,0,geometry
5600,S2415689__S24-15689-_-BIOPSY,1,0,geometry
5601,S2530981__S2530981_0_BP1A2021,0,1,geometry
5602,S2346179__S23-46179-_-BIOPSY,1,1,geometry
5603,S2521239__S2521239_0_BP1A2021,0,0,geometry
5604,S20-28924__S20-28924,0,1,geometry
5605,S2531985__S2531985_0_BP1A2021,0,1,geometry
5606,S2406753__S24-06753-_-SERIAL_2,0,0,geometry
5607,S2522994__S2522994_0_BP1A2021,0,0,geometry
5608,S2247860__S22-47860-_-DEEP_1,1,0,geometry
5609,S2406754__S24-06754-_-SERIAL_1,0,1,geometry
5610,S2229537__S22-29537-_-SERIAL_1,1,1,geometry
5611,S2227608__S22-27608-_-SERIAL_1,1,0,geometry
5612,S2516970__S25-16970____155248,1,0,geometry
5613,S19-40316__S19-40316,1,1,geometry
5614,S2513846__S25-13846_0_BP1A2021_161650,0,0,geometry
5615,S2520402__S2520402_0_BP1A2021,0,1,geometry
5616,S2521239__S2521239_0_BP1A2021,0,0,geometry
5617,S2524760__S2524760_0_BP1A2021,0,1,geometry
5618,S2520404__S2520404_0_BP1A2021,0,0,geometry
5619,S2247860__S22-47860-_-DEEP_1,1,1,geometry
5620,S20-26719__S20-26719,1,0,geometry
5621,S2513846__S25-13846_0_BP1A2021_161650,0,0,geometry
5622,S2511010__S25-11010_0_BP1A2021_052642,1,0,geometry
5623,S2511009__S25-11009_0_BP1A2021_052542,0,0,geometry
5624,S2427695__S2427695_BP1B27_C_14045_3,0,0,geometry
5625,S2227604__S22-27604-_-BIOPSY,1,1,geometry
5626,S2134277__S2134277,1,1,geometry
5627,S2516970__S25-16970____155248,1,0,geometry
5628,S2247860__S22-47860-_-DEEP_1,1,0,geometry
5629,S2427695__S2427695_BP1B27_C_14045_3,0,1,geometry
5630,S2406753__S24-06753-_-DEEP_1,0,1,geometry
5631,S2516970__S25-16970____155248,1,1,geometry
5632,S2229537__S22-29537-_-SERIAL_1,1,0,geometry
5633,S2227608__S22-27608-_-SERIAL_1,1,1,geometry
5634,S2134277__S2134277,1,1,geometry
5635,S2247860__S22-47860-_-DEEP_1,1,0,geometry
5636,S2511010__S25-11010_0_BP1A2021_052642,1,1,geometry
5637,S2530991__S2530991_0_BP1A2021,0,1,geometry
5638,S2227608__S22-27608-_-SERIAL_1,1,0,geometry
5639,S16-17719__S16-17719,1,0,geometry
5640,S2229537__S22-29537-_-SERIAL_1,1,0,geometry
5641,S2512685__S2512685_0_,0,1,geometry
5642,S16-17719__S16-17719,1,0,geometry
5643,S2528218__S2528218_0_BP1A2021,0,0,geometry
5644,S2513848__S25-13848_0_BP1A2021_131436,0,0,geometry
5645,S2511009__S25-11009_0_BP1A2021_052542,0,0,geometry
5646,S2227604__S22-27604-_-BIOPSY,1,0,geometry
5647,S2415689__S24-15689-_-BIOPSY,1,1,geometry
5648,S2531989__S2531989_0_BP1A2021,0,0,geometry
5649,S19-40316__S19-40316,1,1,geometry
5650,S2346179__S23-46179-_-BIOPSY,1,1,geometry
5651,S2227608__S22-27608-_-SERIAL_2,1,0,geometry
5652,S2513846__S25-13846_0_BP1A2021_161650,0,0,geometry
5653,S2526362__S2526362_0_BP1A2021,0,1,geometry
5654,S2346179__S23-46179-_-BIOPSY,1,0,geometry
5655,S2511009__S25-11009_0_BP1A2021_052542,0,1,geometry
5656,S2227608__S22-27608-_-SERIAL_1,1,1,geometry
5657,S2513846__S25-13846_0_BP1A2021_161650,0,0,geometry
5658,S20-26719__S20-26719,1,1,geometry
5659,S2227608__S22-27608-_-SERIAL_1,1,1,geometry
5660,S19-40316__S19-40316,1,0,geometry
5661,S20-26719__S20-26719,1,0,geometry
5662,S2511009__S25-11009_0_BP1A2021_052542,0,0,geometry
5663,S2247860__S22-47860-_-DEEP_1,1,1,geometry
5664,S2227604__S22-27604-_-BIOPSY,1,1,geometry
5665,S2511010__S25-11010_0_BP1A2021_052642,1,1,geometry
5666,S2520404__S2520404_0_BP1A2021,0,1,geometry
5667,S2530981__S2530981_0_BP1A2021,0,0,geometry
5668,S2216630__S2216630--DEEP_1,0,1,geometry
5669,S2524760__S2524760_0_BP1A2021,0,1,geometry
5670,S2229537__S22-29537-_-SERIAL_1,1,1,geometry
5671,S2247860__S22-47860-_-DEEP_1,1,0,geometry
5672,S2227608__S22-27608-_-SERIAL_2,1,1,geometry
5673,S2227608__S22-27608-_-SERIAL_2,1,1,geometry
5674,S2520402__S2520402_0_BP1A2021,0,1,geometry
5675,S2521239__S2521239_0_BP1A2021,0,0,geometry
5676,S2227604__S22-27604-_-BIOPSY,1,1,geometry
5677,S2436457__S2436457_BP1B11_C_15540_2,0,1,geometry
5678,S2227608__S22-27608-_-SERIAL_1,1,0,geometry
5679,S2229537__S22-29537-_-SERIAL_1,1,1,geometry
5680,S2227608__S22-27608-_-SERIAL_2,1,0,geometry
5681,S2229537__S22-29537-_-SERIAL_1,1,1,geometry
5682,S2425843__S24-25843-_-BIOPSY,0,1,geometry
5683,S2531985__S2531985_0_BP1A2021,0,1,geometry
5684,S2415689__S24-15689-_-BIOPSY,1,1,geometry
5685,S20-26719__S20-26719,1,0,geometry
5686,S2237601__S22-37601-_-,0,0,geometry
5687,S2516970__S25-16970____155248,1,1,geometry
5688,S2227608__S22-27608-_-SERIAL_1,1,1,geometry
5689,S2415689__S24-15689-_-BIOPSY,1,1,geometry
5690,S2415689__S24-15689-_-BIOPSY,1,1,geometry
5691,S16-17719__S16-17719,1,0,geometry
5692,S2512685__S2512685_0_,0,1,geometry
5693,S2406754__S24-06754-_-SERIAL_1,0,1,geometry
5694,S2229537__S22-29537-_-SERIAL_1,1,1,geometry
5695,S2406754__S24-06754-_-DEEP_2,0,1,geometry
5696,S2227608__S22-27608-_-SERIAL_1,1,1,geometry
5697,S2520404__S2520404_0_BP1A2021,0,1,geometry
5698,S2527323__S2527323_0_BP1A2021,0,1,geometry
5699,S2516971__S25-16971____140945,0,0,geometry
5700,S2229537__S22-29537-_-SERIAL_1,1,0,geometry
5701,S2530981__S2530981_0_BP1A2021,0,1,geometry
5702,S2524760__S2524760_0_BP1A2021,0,1,geometry
5703,S2511009__S25-11009_0_BP1A2021_052542,0,0,geometry
5704,S2427695__S2427695_BP1B27_C_14045_3,0,0,geometry
5705,S2530991__S2530991_0_BP1A2021,0,0,geometry
5706,S2346179__S23-46179-_-BIOPSY,1,0,geometry
5707,S2247860__S22-47860-_-DEEP_1,1,1,geometry
5708,S2530985__S2530985_0_BP1A2021,0,0,geometry
5709,S2526362__S2526362_0_BP1A2021,0,1,geometry
5710,S2520402__S2520402_0_BP1A2021,0,1,geometry
5711,S2520404__S2520404_0_BP1A2021,0,0,geometry
5712,S2516970__S25-16970____155248,1,0,geometry
5713,S2530991__S2530991_0_BP1A2021,0,0,geometry
5714,S2346179__S23-46179-_-BIOPSY,1,0,geometry
5715,S2531989__S2531989_0_BP1A2021,0,1,geometry
5716,S2346179__S23-46179-_-BIOPSY,1,0,geometry
5717,S2531989__S2531989_0_BP1A2021,0,0,geometry
5718,S2516970__S25-16970____155248,1,0,geometry
5719,S2227604__S22-27604-_-BIOPSY,1,0,geometry
5720,S2227608__S22-27608-_-SERIAL_2,1,1,geometry
5721,S2406754__S24-06754-_-SERIAL_1,0,0,geometry
5722,S2531989__S2531989_0_BP1A2021,0,1,geometry
5723,S2526362__S2526362_0_BP1A2021,0,1,geometry
5724,S2216630__S2216630--DEEP_1,0,0,geometry
5725,S2524760__S2524760_0_BP1A2021,0,1,geometry
5726,S2346179__S23-46179-_-BIOPSY,1,0,geometry
5727,S2134277__S2134277,1,0,geometry
5728,S2512685__S2512685_0_,0,1,geometry
5729,S2227608__S22-27608-_-SERIAL_2,1,1,geometry
5730,S2511010__S25-11010_0_BP1A2021_052642,1,0,geometry
5731,S2227604__S22-27604-_-BIOPSY,1,1,geometry
5732,S2409392__S2409392,0,0,geometry
5733,S2425843__S24-25843-_-BIOPSY,0,0,geometry
5734,S2524760__S2524760_0_BP1A2021,0,1,geometry
5735,S2425843__S24-25843-_-BIOPSY,0,1,geometry
5736,S2134277__S2134277,1,1,geometry
5737,S2409392__S2409392,0,0,geometry
5738,S2525436__S2525436_0_BP1A2021,0,0,geometry
5739,S2424255__S2424255,0,0,geometry
5740,S2511010__S25-11010_0_BP1A2021_052642,1,1,geometry
5741,S19-40316__S19-40316,1,1,geometry
5742,S2227608__S22-27608-_-SERIAL_2,1,0,geometry
5743,S2415689__S24-15689-_-BIOPSY,1,1,geometry
5744,S2134277__S2134277,1,1,geometry
5745,S19-40316__S19-40316,1,1,geometry
5746,S2512685__S2512685_0_,0,0,geometry
5747,S2227604__S22-27604-_-BIOPSY,1,0,geometry
5748,S19-40316__S19-40316,1,0,geometry
5749,S2247860__S22-47860-_-DEEP_1,1,0,geometry
5750,S2427695__S24-27695-_-BIOPSY,0,1,geometry
5751,S2513846__S25-13846_0_BP1A2021_131523,0,0,geometry
5752,S2406753__S24-06753-_-DEEP_1,0,0,geometry
5753,S2531989__S2531989_0_BP1A2021,0,0,geometry
5754,S2227608__S22-27608-_-SERIAL_2,1,1,geometry
5755,S2227604__S22-27604-_-BIOPSY,1,0,geometry
5756,S19-40316__S19-40316,1,1,geometry
5757,S2134277__S2134277,1,1,geometry
5758,S2227608__S22-27608-_-SERIAL_2,1,1,geometry
5759,S19-40316__S19-40316,1,1,geometry
5760,S2227608__S22-27608-_-SERIAL_1,1,0,geometry
5761,S2401283__S24-01283-_-BIOPSY,0,1,geometry
5762,S2427695__S2427695_BP1B27_C_14045_3,0,1,geometry
5763,S2415689__S24-15689-_-BIOPSY,1,0,geometry
5764,S2134277__S2134277,1,1,geometry
5765,S2530985__S2530985_0_BP1A2021,0,1,geometry
5766,S2531989__S2531989_0_BP1A2021,0,1,geometry
5767,S2227608__S22-27608-_-SERIAL_2,1,0,geometry
5768,S2530049__S2530049_0_BP1A2021,0,0,geometry
5769,S2247860__S22-47860-_-DEEP_1,1,1,geometry
5770,S2346179__S23-46179-_-BIOPSY,1,0,geometry
5771,S2247860__S22-47860-_-DEEP_1,1,0,geometry
5772,S2516971__S25-16971____155423,0,1,geometry
5773,S2409392__S2409392,0,1,geometry
5774,S2526362__S2526362_0_BP1A2021,0,1,geometry
5775,S2415689__S24-15689-_-BIOPSY,1,1,geometry
5776,S2425843__S24-25843-_-BIOPSY,0,0,geometry
5777,S20-26719__S20-26719,1,1,geometry
5778,S2409392__S2409392,0,1,geometry
5779,S20-26719__S20-26719,1,1,geometry
5780,S2406754__S24-06754-_-SERIAL_1,0,1,geometry
5781,S2424258__S2424258,0,1,geometry
5782,S2531985__S2531985_0_BP1A2021,0,0,geometry
5783,S2406754__S24-06754-_-SERIAL_1,0,1,geometry
5784,S2513848__S25-13848_0_BP1A2021_131436,0,1,geometry
5785,S2511010__S25-11010_0_BP1A2021_052642,1,0,geometry
5786,S2530049__S2530049_0_BP1A2021,0,0,geometry
5787,S2427695__S24-27695-_-BIOPSY,0,0,geometry
5788,S2424255__S2424255,0,0,geometry
5789,S2522994__S2522994_0_BP1A2021,0,0,geometry
5790,S2427695__S24-27695-_-BIOPSY,0,0,geometry
5791,S2527323__S2527323_0_BP1A2021,0,1,geometry
5792,S2512685__S2512685_0_,0,1,geometry
5793,S20-26719__S20-26719,1,0,geometry
5794,S2229537__S22-29537-_-SERIAL_1,1,0,geometry
5795,S2511010__S25-11010_0_BP1A2021_052642,1,0,geometry
5796,S2511010__S25-11010_0_BP1A2021_052642,1,1,geometry
5797,S2535840__S2535840_0_BP1A2021,0,0,geometry
5798,S2525436__S2525436_0_BP1A2021,0,0,geometry
5799,S19-40316__S19-40316,1,0,geometry
5800,S2511010__S25-11010_0_BP1A2021_052642,1,1,geometry
5801,S2513846__S25-13846_0_BP1A2021_131523,0,1,geometry
5802,S2525436__S2525436_0_BP1A2021,0,1,geometry
5803,S2427695__S24-27695-_-BIOPSY,0,1,geometry
5804,S2227608__S22-27608-_-SERIAL_1,1,0,geometry
5805,S2247860__S22-47860-_-DEEP_1,1,1,geometry
5806,S2134277__S2134277,1,0,geometry
5807,S2531985__S2531985_0_BP1A2021,0,0,geometry
5808,S2511006__S25-11006_0_BP1A2021_052242,0,1,geometry
5809,S2520404__S2520404_0_BP1A2021,0,0,geometry
5810,S2525436__S2525436_0_BP1A2021,0,0,geometry
5811,S2229537__S22-29537-_-SERIAL_1,1,0,geometry
5812,S2247860__S22-47860-_-DEEP_1,1,1,geometry
5813,S2424259__S2424259,0,0,geometry
5814,S2346179__S23-46179-_-BIOPSY,1,0,geometry
5815,S2530985__S2530985_0_BP1A2021,0,1,geometry
5816,S2237601__S22-37601-_-,0,1,geometry
5817,S2227608__S22-27608-_-SERIAL_1,1,0,geometry
5818,S20-28924__S20-28924,0,0,geometry
5819,S16-17719__S16-17719,1,1,geometry
5820,S20-26719__S20-26719,1,0,geometry
5821,S19-40316__S19-40316,1,1,geometry
5822,S2247860__S22-47860-_-DEEP_1,1,0,geometry
5823,S2530991__S2530991_0_BP1A2021,0,0,geometry
5824,S2511010__S25-11010_0_BP1A2021_052642,1,0,geometry
5825,S2134277__S2134277,1,0,geometry
5826,S2520404__S2520404_0_BP1A2021,0,1,geometry
5827,S2527323__S2527323_0_BP1A2021,0,0,geometry
5828,S2511010__S25-11010_0_BP1A2021_052642,1,1,geometry
5829,S20-26719__S20-26719,1,1,geometry
5830,S2527323__S2527323_0_BP1A2021,0,1,geometry
5831,S2229537__S22-29537-_-SERIAL_1,1,0,geometry
5832,S2516971__S25-16971____155423,0,1,geometry
5833,S2424259__S2424259,0,1,geometry
5834,S2524777__S2524777_0_BP1A2021,0,1,geometry
5835,S2522994__S2522994_0_BP1A2021,0,1,geometry
5836,S2516970__S25-16970____155248,1,1,geometry
5837,S2237601__S22-37601-_-,0,1,geometry
5838,S2511006__S25-11006_0_BP1A2021_052242,0,1,geometry
5839,S2516970__S25-16970____155248,1,0,geometry
5840,S2525436__S2525436_0_BP1A2021,0,0,geometry
5841,S2401283__S24-01283-_-BIOPSY,0,1,geometry
5842,S2134277__S2134277,1,1,geometry
5843,S2513846__S25-13846_0_BP1A2021_131523,0,1,geometry
5844,S2513848__S25-13848_0_BP1A2021_131436,0,1,geometry
5845,S2530981__S2530981_0_BP1A2021,0,0,geometry
5846,S2415689__S24-15689-_-BIOPSY,1,1,geometry
5847,S2513846__S25-13846_0_BP1A2021_131523,0,0,geometry
5848,S2528218__S2528218_0_BP1A2021,0,1,geometry
5849,S2134277__S2134277,1,0,geometry
5850,S16-17719__S16-17719,1,0,geometry
5851,S2511007__S25-11007_0_BP1A2021_052433,0,0,geometry
5852,S2513846__S25-13846_0_BP1A2021_161650,0,1,geometry
5853,S2531985__S2531985_0_BP1A2021,0,1,geometry
5854,S2227608__S22-27608-_-SERIAL_1,1,1,geometry
5855,S2406754__S24-06754-_-DEEP_2,0,0,geometry
5856,S2216630__S2216630--DEEP_1,0,1,geometry
5857,S2406753__S24-06753-_-DEEP_1,0,0,geometry
5858,S2531989__S2531989_0_BP1A2021,0,0,geometry
5859,S2516970__S25-16970____155248,1,0,geometry
5860,S2520404__S2520404_0_BP1A2021,0,0,geometry
5861,S16-17719__S16-17719,1,1,geometry
5862,S2526362__S2526362_0_BP1A2021,0,1,geometry
5863,S2229537__S22-29537-_-SERIAL_1,1,1,geometry
5864,S2511010__S25-11010_0_BP1A2021_052642,1,1,geometry
5865,S2424258__S2424258,0,1,geometry
5866,S2401283__S24-01283-_-BIOPSY,0,1,geometry
5867,S2424258__S2424258,0,1,geometry
5868,S20-26719__S20-26719,1,0,geometry
5869,S16-17719__S16-17719,1,0,geometry
5870,S2516970__S25-16970____155248,1,0,geometry
5871,S2511006__S25-11006_0_BP1A2021_052242,0,1,geometry
5872,S2424258__S2424258,0,0,geometry
5873,S2516970__S25-16970____155248,1,1,geometry
5874,S19-40316__S19-40316,1,0,geometry
5875,S2134277__S2134277,1,1,geometry
5876,S2346179__S23-46179-_-BIOPSY,1,1,geometry
5877,S2521239__S2521239_0_BP1A2021,0,1,geometry
5878,S2436457__S2436457_BP1B11_C_15540_2,0,1,geometry
5879,S2511006__S25-11006_0_BP1A2021_052242,0,1,geometry
5880,S2424258__S2424258,0,1,geometry
5881,S2247860__S22-47860-_-DEEP_1,1,0,geometry
5882,S2516970__S25-16970____155248,1,1,geometry
5883,S2530991__S2530991_0_BP1A2021,0,0,geometry
5884,S2229537__S22-29537-_-SERIAL_1,1,0,geometry
5885,S2530049__S2530049_0_BP1A2021,0,0,geometry
5886,S2247860__S22-47860-_-DEEP_1,1,0,geometry
5887,S2134277__S2134277,1,1,geometry
5888,S2513846__S25-13846_0_BP1A2021_161650,0,1,geometry
5889,S2521239__S2521239_0_BP1A2021,0,0,geometry
5890,S2511006__S25-11006_0_BP1A2021_052242,0,0,geometry
5891,S2516970__S25-16970____155248,1,0,geometry
5892,S2513846__S25-13846_0_BP1A2021_161650,0,0,geometry
5893,S2134277__S2134277,1,1,geometry
5894,S2516971__S25-16971____155423,0,0,geometry
5895,S2513846__S25-13846_0_BP1A2021_161650,0,1,geometry
5896,S2521239__S2521239_0_BP1A2021,0,1,geometry
5897,S2516970__S25-16970____155248,1,0,geometry
5898,S2344462__S23-44462-_-BIOPSY,0,0,geometry
5899,S2535840__S2535840_0_BP1A2021,0,1,geometry
5900,S20-26719__S20-26719,1,0,geometry
5901,S2520404__S2520404_0_BP1A2021,0,0,geometry
5902,S16-17719__S16-17719,1,1,geometry
5903,S2424259__S2424259,0,0,geometry
5904,S2529112__S2529112_0_BP1A2021,0,1,geometry
5905,S2346179__S23-46179-_-BIOPSY,1,1,geometry
5906,S16-17719__S16-17719,1,1,geometry
5907,S2401283__S24-01283-_-BIOPSY,0,1,geometry
5908,S2427695__S24-27695-_-BIOPSY,0,1,geometry
5909,S2237601__S22-37601-_-,0,1,geometry
5910,S2527323__S2527323_0_BP1A2021,0,0,geometry
5911,S2229537__S22-29537-_-SERIAL_1,1,0,geometry
5912,S2229537__S22-29537-_-SERIAL_1,1,0,geometry
5913,S2529112__S2529112_0_BP1A2021,0,1,geometry
5914,S2424258__S2424258,0,1,geometry
5915,S2516971__S25-16971____155423,0,0,geometry
5916,S2516970__S25-16970____155248,1,1,geometry
5917,S2409392__S2409392,0,1,geometry
5918,S16-17719__S16-17719,1,1,geometry
5919,S2346179__S23-46179-_-BIOPSY,1,1,geometry
5920,S19-40316__S19-40316,1,0,geometry
5921,S2406754__S24-06754-_-SERIAL_1,0,0,geometry
5922,S20-26719__S20-26719,1,0,geometry
5923,S2535840__S2535840_0_BP1A2021,0,0,geometry
5924,S2516970__S25-16970____155248,1,1,geometry
5925,S2512685__S2512685_0_,0,0,geometry
5926,S2516970__S25-16970____155248,1,0,geometry
5927,S2229537__S22-29537-_-SERIAL_1,1,0,geometry
5928,S2436457__S2436457_BP1B11_C_15540_2,0,1,geometry
5929,S2511007__S25-11007_0_BP1A2021_052433,0,0,geometry
5930,S2535840__S2535840_0_BP1A2021,0,1,geometry
5931,S2344462__S23-44462-_-BIOPSY,0,1,geometry
5932,S2415689__S24-15689-_-BIOPSY,1,0,geometry
5933,S2511009__S25-11009_0_BP1A2021_052542,0,1,geometry
5934,S2227604__S22-27604-_-BIOPSY,1,0,geometry
5935,S2516970__S25-16970____155248,1,1,geometry
5936,S2522994__S2522994_0_BP1A2021,0,1,geometry
5937,S2134277__S2134277,1,1,geometry
5938,S2237601__S22-37601-_-,0,0,geometry
5939,S2227604__S22-27604-_-BIOPSY,1,0,geometry
5940,S16-17719__S16-17719,1,0,geometry
5941,S2227608__S22-27608-_-SERIAL_2,1,0,geometry
5942,S2227608__S22-27608-_-SERIAL_1,1,0,geometry
5943,S2512685__S2512685_0_,0,1,geometry
5944,S2227608__S22-27608-_-SERIAL_1,1,0,geometry
5945,S2346179__S23-46179-_-BIOPSY,1,0,geometry
5946,S2227608__S22-27608-_-SERIAL_2,1,0,geometry
5947,S2530049__S2530049_0_BP1A2021,0,0,geometry
5948,S2346179__S23-46179-_-BIOPSY,1,0,geometry
5949,S2535840__S2535840_0_BP1A2021,0,0,geometry
5950,S2525436__S2525436_0_BP1A2021,0,0,geometry
5951,S2415689__S24-15689-_-BIOPSY,1,1,geometry
5952,S2524760__S2524760_0_BP1A2021,0,0,geometry
5953,S2227608__S22-27608-_-SERIAL_2,1,1,geometry
5954,S2406753__S24-06753-_-DEEP_1,0,0,geometry
5955,S2516971__S25-16971____140945,0,0,geometry
5956,S2229537__S22-29537-_-SERIAL_1,1,1,geometry
5957,S2531985__S2531985_0_BP1A2021,0,0,geometry
5958,S16-17719__S16-17719,1,1,geometry
5959,S2524760__S2524760_0_BP1A2021,0,0,geometry
5960,S2516970__S25-16970____155248,1,0,geometry
5961,S2134277__S2134277,1,0,geometry
5962,S2425843__S24-25843-_-BIOPSY,0,0,geometry
5963,S2516970__S25-16970____155248,1,1,geometry
5964,S2346179__S23-46179-_-BIOPSY,1,1,geometry
5965,S2530049__S2530049_0_BP1A2021,0,1,geometry
5966,S2436457__S2436457_BP1B11_C_15540_2,0,1,geometry
5967,S2516970__S25-16970____155248,1,1,geometry
5968,S2227604__S22-27604-_-BIOPSY,1,0,geometry
5969,S2525436__S2525436_0_BP1A2021,0,1,geometry
5970,S2521239__S2521239_0_BP1A2021,0,1,geometry
5971,S20-26719__S20-26719,1,1,geometry
5972,S2525436__S2525436_0_BP1A2021,0,1,geometry
5973,S2511010__S25-11010_0_BP1A2021_052642,1,0,geometry
5974,S2227608__S22-27608-_-SERIAL_1,1,0,geometry
5975,S2530991__S2530991_0_BP1A2021,0,0,geometry
5976,S2425843__S24-25843-_-BIOPSY,0,0,geometry
5977,S2513848__S25-13848_0_BP1A2021_131436,0,0,geometry
5978,S2227604__S22-27604-_-BIOPSY,1,0,geometry
5979,S2529112__S2529112_0_BP1A2021,0,1,geometry
5980,S2513846__S25-13846_0_BP1A2021_161650,0,1,geometry
5981,S2415689__S24-15689-_-BIOPSY,1,1,geometry
5982,S2229537__S22-29537-_-SERIAL_1,1,0,geometry
5983,S2511010__S25-11010_0_BP1A2021_052642,1,0,geometry
5984,S2415689__S24-15689-_-BIOPSY,1,0,geometry
5985,S2436457__S2436457_BP1B11_C_15540_2,0,1,geometry
5986,S2511007__S25-11007_0_BP1A2021_052433,0,1,geometry
5987,S2227604__S22-27604-_-BIOPSY,1,1,geometry
5988,S2424259__S2424259,0,0,geometry
5989,S2436457__S2436457_BP1B11_C_15540_2,0,1,geometry
5990,S2227608__S22-27608-_-SERIAL_2,1,0,geometry
5991,S2525436__S2525436_0_BP1A2021,0,1,geometry
5992,S2531989__S2531989_0_BP1A2021,0,1,geometry
5993,S2237601__S22-37601-_-,0,0,geometry
5994,S2511010__S25-11010_0_BP1A2021_052642,1,0,geometry
5995,S2346179__S23-46179-_-BIOPSY,1,1,geometry
5996,S2134277__S2134277,1,1,geometry
5997,S2415689__S24-15689-_-BIOPSY,1,1,geometry
5998,S2516971__S25-16971____140945,0,1,geometry
5999,S2424259__S2424259,0,0,geometry
6000,S20-26719__S20-26719,1,0,geometry
6001,S2512685__S2512685_0_,0,0,geometry
6002,S2511006__S25-11006_0_BP1A2021_052242,0,1,geometry
6003,S2511010__S25-11010_0_BP1A2021_052642,1,1,geometry
6004,S2227608__S22-27608-_-SERIAL_2,1,0,geometry
6005,S2512685__S2512685_0_,0,1,geometry
6006,S2227608__S22-27608-_-SERIAL_2,1,1,geometry
6007,S2511010__S25-11010_0_BP1A2021_052642,1,0,geometry
6008,S2527323__S2527323_0_BP1A2021,0,0,geometry
6009,S2227608__S22-27608-_-SERIAL_2,1,0,geometry
6010,S2134277__S2134277,1,1,geometry
6011,S2424258__S2424258,0,0,geometry
6012,S2346179__S23-46179-_-BIOPSY,1,0,geometry
6013,S2427695__S24-27695-_-BIOPSY,0,1,geometry
6014,S2424259__S2424259,0,1,geometry
6015,S2227608__S22-27608-_-SERIAL_2,1,1,geometry
6016,S2530985__S2530985_0_BP1A2021,0,0,geometry
6017,S2346179__S23-46179-_-BIOPSY,1,1,geometry
6018,S2530985__S2530985_0_BP1A2021,0,1,geometry
6019,S2247860__S22-47860-_-DEEP_1,1,1,geometry
6020,S2511010__S25-11010_0_BP1A2021_052642,1,1,geometry
6021,S2247860__S22-47860-_-DEEP_1,1,1,geometry
6022,S2247860__S22-47860-_-DEEP_1,1,0,geometry
6023,S20-26719__S20-26719,1,0,geometry
6024,S2134277__S2134277,1,1,geometry
6025,S2511010__S25-11010_0_BP1A2021_052642,1,0,geometry
6026,S2521239__S2521239_0_BP1A2021,0,0,geometry
6027,S2229537__S22-29537-_-SERIAL_1,1,0,geometry
6028,S20-28924__S20-28924,0,1,geometry
6029,S2346179__S23-46179-_-BIOPSY,1,0,geometry
6030,S2409392__S2409392,0,0,geometry
6031,S2227608__S22-27608-_-SERIAL_2,1,1,geometry
6032,S2227608__S22-27608-_-SERIAL_2,1,0,geometry
6033,S2227604__S22-27604-_-BIOPSY,1,0,geometry
6034,S2227604__S22-27604-_-BIOPSY,1,1,geometry
6035,S2247860__S22-47860-_-DEEP_1,1,1,geometry
6036,S2520404__S2520404_0_BP1A2021,0,1,geometry
6037,S2415689__S24-15689-_-BIOPSY,1,1,geometry
6038,S19-40316__S19-40316,1,0,geometry
6039,S2227608__S22-27608-_-SERIAL_2,1,1,geometry
6040,S2525436__S2525436_0_BP1A2021,0,0,geometry
6041,S2511009__S25-11009_0_BP1A2021_052542,0,0,geometry
6042,S2516970__S25-16970____155248,1,1,geometry
6043,S2512685__S2512685_0_,0,0,geometry
6044,S2527323__S2527323_0_BP1A2021,0,0,geometry
6045,S2512685__S2512685_0_,0,0,geometry
6046,S2512685__S2512685_0_,0,1,geometry
6047,S16-17719__S16-17719,1,0,geometry
6048,S2520402__S2520402_0_BP1A2021,0,0,geometry
6049,S2513848__S25-13848_0_BP1A2021_131436,0,0,geometry
6050,S2530991__S2530991_0_BP1A2021,0,1,geometry
6051,S2527323__S2527323_0_BP1A2021,0,0,geometry
6052,S2346179__S23-46179-_-BIOPSY,1,1,geometry
6053,S2525436__S2525436_0_BP1A2021,0,1,geometry
6054,S2530991__S2530991_0_BP1A2021,0,0,geometry
6055,S2513848__S25-13848_0_BP1A2021_131436,0,0,geometry
6056,S2406754__S24-06754-_-DEEP_2,0,0,geometry
6057,S2427695__S24-27695-_-BIOPSY,0,1,geometry
6058,S2511007__S25-11007_0_BP1A2021_052433,0,0,geometry
6059,S2511010__S25-11010_0_BP1A2021_052642,1,0,geometry
6060,S2227604__S22-27604-_-BIOPSY,1,1,geometry
6061,S2415689__S24-15689-_-BIOPSY,1,1,geometry
6062,S2346179__S23-46179-_-BIOPSY,1,1,geometry
6063,S2513848__S25-13848_0_BP1A2021_131436,0,1,geometry
6064,S2227604__S22-27604-_-BIOPSY,1,0,geometry
6065,S2247860__S22-47860-_-DEEP_1,1,1,geometry
6066,S2406753__S24-06753-_-SERIAL_2,0,1,geometry
6067,S2530985__S2530985_0_BP1A2021,0,1,geometry
6068,S2247860__S22-47860-_-DEEP_1,1,1,geometry
6069,S2521239__S2521239_0_BP1A2021,0,0,geometry
6070,S2525436__S2525436_0_BP1A2021,0,1,geometry
6071,S2511010__S25-11010_0_BP1A2021_052642,1,0,geometry
6072,S2227608__S22-27608-_-SERIAL_2,1,1,geometry
6073,S2424255__S2424255,0,0,geometry
6074,S2229537__S22-29537-_-SERIAL_1,1,1,geometry
6075,S2247860__S22-47860-_-DEEP_1,1,1,geometry
6076,S2511009__S25-11009_0_BP1A2021_052542,0,0,geometry
6077,S2346179__S23-46179-_-BIOPSY,1,0,geometry
6078,S2427695__S2427695_BP1B27_C_14045_3,0,0,geometry
6079,S2229537__S22-29537-_-SERIAL_1,1,1,geometry
6080,S2513846__S25-13846_0_BP1A2021_161650,0,1,geometry
6081,S2530981__S2530981_0_BP1A2021,0,0,geometry
6082,S2415689__S24-15689-_-BIOPSY,1,1,geometry
6083,S2229537__S22-29537-_-SERIAL_1,1,0,geometry
6084,S2511010__S25-11010_0_BP1A2021_052642,1,1,geometry
6085,S2216630__S2216630--DEEP_1,0,1,geometry
6086,S2511009__S25-11009_0_BP1A2021_052542,0,0,geometry
6087,S2415689__S24-15689-_-BIOPSY,1,1,geometry
6088,S2511010__S25-11010_0_BP1A2021_052642,1,0,geometry
6089,S2511010__S25-11010_0_BP1A2021_052642,1,1,geometry
6090,S2227608__S22-27608-_-SERIAL_1,1,1,geometry
6091,S16-17719__S16-17719,1,1,geometry
6092,S20-26719__S20-26719,1,1,geometry
6093,S2427695__S24-27695-_-BIOPSY,0,0,geometry
6094,S2424255__S2424255,0,0,geometry
6095,S2227608__S22-27608-_-SERIAL_1,1,0,geometry
6096,S2227608__S22-27608-_-SERIAL_1,1,1,geometry
6097,S20-26719__S20-26719,1,1,geometry
6098,S2227608__S22-27608-_-SERIAL_1,1,0,geometry
6099,S2415689__S24-15689-_-BIOPSY,1,1,geometry
6100,S2530991__S2530991_0_BP1A2021,0,1,geometry
6101,S19-40316__S19-40316,1,0,geometry
6102,S2425843__S24-25843-_-BIOPSY,0,1,geometry
6103,S2227608__S22-27608-_-SERIAL_1,1,1,geometry
6104,S2520404__S2520404_0_BP1A2021,0,1,geometry
6105,S2520402__S2520402_0_BP1A2021,0,1,geometry
6106,S2524760__S2524760_0_BP1A2021,0,1,geometry
6107,S2516970__S25-16970____155248,1,1,geometry
6108,S2227604__S22-27604-_-BIOPSY,1,1,geometry
6109,S2346179__S23-46179-_-BIOPSY,1,0,geometry
6110,S2512685__S2512685_0_,0,1,geometry
6111,S2424255__S2424255,0,0,geometry
6112,S2346179__S23-46179-_-BIOPSY,1,0,geometry
6113,S2511007__S25-11007_0_BP1A2021_052433,0,0,geometry
6114,S2134277__S2134277,1,0,geometry
6115,S2227608__S22-27608-_-SERIAL_2,1,1,geometry
6116,S2521239__S2521239_0_BP1A2021,0,0,geometry
6117,S2512685__S2512685_0_,0,1,geometry
6118,S2227608__S22-27608-_-SERIAL_2,1,0,geometry
6119,S2524760__S2524760_0_BP1A2021,0,1,geometry
6120,S2227608__S22-27608-_-SERIAL_2,1,1,geometry
6121,S2415689__S24-15689-_-BIOPSY,1,1,geometry
6122,S2531989__S2531989_0_BP1A2021,0,1,geometry
6123,S2511010__S25-11010_0_BP1A2021_052642,1,0,geometry
6124,S2237601__S22-37601-_-,0,0,geometry
6125,S2346179__S23-46179-_-BIOPSY,1,0,geometry
6126,S2516970__S25-16970____155248,1,1,geometry
6127,S2425843__S24-25843-_-BIOPSY,0,0,geometry
6128,S2227608__S22-27608-_-SERIAL_1,1,1,geometry
6129,S2134277__S2134277,1,0,geometry
6130,S2436457__S2436457_BP1B11_C_15540_2,0,1,geometry
6131,S2229537__S22-29537-_-SERIAL_1,1,0,geometry
6132,S2529112__S2529112_0_BP1A2021,0,1,geometry
6133,S19-40316__S19-40316,1,1,geometry
6134,S2511010__S25-11010_0_BP1A2021_052642,1,0,geometry
6135,S16-17719__S16-17719,1,0,geometry
6136,S2134277__S2134277,1,0,geometry
6137,S2427695__S2427695_BP1B27_C_14045_3,0,0,geometry
6138,S2520402__S2520402_0_BP1A2021,0,0,geometry
6139,S2512685__S2512685_0_,0,1,geometry
6140,S2227608__S22-27608-_-SERIAL_1,1,0,geometry
6141,S2346179__S23-46179-_-BIOPSY,1,1,geometry
6142,S2344462__S23-44462-_-BIOPSY,0,1,geometry
6143,S16-17719__S16-17719,1,1,geometry
6144,S20-26719__S20-26719,1,0,geometry
6145,S2229537__S22-29537-_-SERIAL_1,1,0,geometry
6146,S2513846__S25-13846_0_BP1A2021_161650,0,0,geometry
6147,S2415689__S24-15689-_-BIOPSY,1,1,geometry
6148,S2227608__S22-27608-_-SERIAL_1,1,0,geometry
6149,S2227608__S22-27608-_-SERIAL_2,1,1,geometry
6150,S2227604__S22-27604-_-BIOPSY,1,1,geometry
6151,S2427695__S2427695_BP1B27_C_14045_3,0,1,geometry
6152,S2531985__S2531985_0_BP1A2021,0,1,geometry
6153,S2406753__S24-06753-_-SERIAL_2,0,1,geometry
6154,S2530991__S2530991_0_BP1A2021,0,1,geometry
6155,S2531985__S2531985_0_BP1A2021,0,1,geometry
6156,S2516970__S25-16970____155248,1,0,geometry
6157,S2424259__S2424259,0,0,geometry
6158,S2524777__S2524777_0_BP1A2021,0,0,geometry
6159,S20-28924__S20-28924,0,1,geometry
6160,S2227608__S22-27608-_-SERIAL_2,1,0,geometry
6161,S2516970__S25-16970____155248,1,1,geometry
6162,S2216630__S2216630--DEEP_1,0,1,geometry
6163,S16-17719__S16-17719,1,1,geometry
6164,S2229537__S22-29537-_-SERIAL_1,1,1,geometry
6165,S2512685__S2512685_0_,0,1,geometry
6166,S2511009__S25-11009_0_BP1A2021_052542,0,0,geometry
6167,S2346179__S23-46179-_-BIOPSY,1,0,geometry
6168,S2425843__S24-25843-_-BIOPSY,0,0,geometry
6169,S2425843__S24-25843-_-BIOPSY,0,1,geometry
6170,S2516971__S25-16971____155423,0,0,geometry
6171,S2227604__S22-27604-_-BIOPSY,1,1,geometry
6172,S2531985__S2531985_0_BP1A2021,0,0,geometry
6173,S2237601__S22-37601-_-,0,0,geometry
6174,S2516970__S25-16970____155248,1,0,geometry
6175,S2516971__S25-16971____140945,0,1,geometry
6176,S2427695__S24-27695-_-BIOPSY,0,0,geometry
6177,S2516970__S25-16970____155248,1,0,geometry
6178,S2247860__S22-47860-_-DEEP_1,1,1,geometry
6179,S2516970__S25-16970____155248,1,0,geometry
6180,S2520404__S2520404_0_BP1A2021,0,1,geometry
6181,S2227604__S22-27604-_-BIOPSY,1,0,geometry
6182,S2535840__S2535840_0_BP1A2021,0,0,geometry
6183,S20-26719__S20-26719,1,1,geometry
6184,S2513846__S25-13846_0_BP1A2021_161650,0,0,geometry
6185,S2409392__S2409392,0,1,geometry
6186,S2424258__S2424258,0,1,geometry
6187,S19-40316__S19-40316,1,1,geometry
6188,S2415689__S24-15689-_-BIOPSY,1,0,geometry
6189,S20-26719__S20-26719,1,0,geometry
6190,S2526362__S2526362_0_BP1A2021,0,0,geometry
6191,S19-40316__S19-40316,1,1,geometry
6192,S2415689__S24-15689-_-BIOPSY,1,0,geometry
6193,S2424258__S2424258,0,1,geometry
6194,S20-26719__S20-26719,1,1,geometry
6195,S2134277__S2134277,1,1,geometry
6196,S2227604__S22-27604-_-BIOPSY,1,1,geometry
6197,S2134277__S2134277,1,1,geometry
6198,S2530991__S2530991_0_BP1A2021,0,0,geometry
6199,S2531989__S2531989_0_BP1A2021,0,0,geometry
6200,S2424258__S2424258,0,1,geometry
6201,S2227608__S22-27608-_-SERIAL_2,1,1,geometry
6202,S2415689__S24-15689-_-BIOPSY,1,1,geometry
6203,S2424259__S2424259,0,1,geometry
6204,S2346179__S23-46179-_-BIOPSY,1,1,geometry
6205,S2227604__S22-27604-_-BIOPSY,1,1,geometry
6206,S2511010__S25-11010_0_BP1A2021_052642,1,1,geometry
6207,S16-17719__S16-17719,1,1,geometry
6208,S16-17719__S16-17719,1,1,geometry
6209,S2415689__S24-15689-_-BIOPSY,1,1,geometry
6210,S2401283__S24-01283-_-BIOPSY,0,1,geometry
6211,S2531985__S2531985_0_BP1A2021,0,0,geometry
6212,S2247860__S22-47860-_-DEEP_1,1,1,geometry
6213,S2511010__S25-11010_0_BP1A2021_052642,1,0,geometry
6214,S2134277__S2134277,1,0,geometry
6215,S2227608__S22-27608-_-SERIAL_2,1,1,geometry
6216,S2521239__S2521239_0_BP1A2021,0,0,geometry
6217,S2535840__S2535840_0_BP1A2021,0,0,geometry
6218,S2513846__S25-13846_0_BP1A2021_161650,0,0,geometry
6219,S2524760__S2524760_0_BP1A2021,0,1,geometry
6220,S2346179__S23-46179-_-BIOPSY,1,1,geometry
6221,S2530049__S2530049_0_BP1A2021,0,0,geometry
6222,S2511007__S25-11007_0_BP1A2021_052433,0,0,geometry
6223,S2525436__S2525436_0_BP1A2021,0,1,geometry
6224,S2527323__S2527323_0_BP1A2021,0,1,geometry
6225,S2401283__S24-01283-_-BIOPSY,0,1,geometry
6226,S2531989__S2531989_0_BP1A2021,0,0,geometry
6227,S2229537__S22-29537-_-SERIAL_1,1,1,geometry
6228,S2511006__S25-11006_0_BP1A2021_052242,0,1,geometry
6229,S2524777__S2524777_0_BP1A2021,0,0,geometry
6230,S16-17719__S16-17719,1,0,geometry
6231,S2134277__S2134277,1,0,geometry
6232,S20-26719__S20-26719,1,1,geometry
6233,S2401283__S24-01283-_-BIOPSY,0,1,geometry
6234,S2516970__S25-16970____155248,1,0,geometry
6235,S2227608__S22-27608-_-SERIAL_2,1,1,geometry
6236,S2227604__S22-27604-_-BIOPSY,1,1,geometry
6237,S2521239__S2521239_0_BP1A2021,0,0,geometry
6238,S2247860__S22-47860-_-DEEP_1,1,0,geometry
6239,S2511010__S25-11010_0_BP1A2021_052642,1,1,geometry
6240,S19-40316__S19-40316,1,1,geometry
6241,S2535840__S2535840_0_BP1A2021,0,0,geometry
6242,S2227604__S22-27604-_-BIOPSY,1,1,geometry
6243,S2511007__S25-11007_0_BP1A2021_052433,0,0,geometry
6244,S2516970__S25-16970____155248,1,1,geometry
6245,S2247860__S22-47860-_-DEEP_1,1,1,geometry
6246,S2401283__S24-01283-_-BIOPSY,0,0,geometry
6247,S2524777__S2524777_0_BP1A2021,0,0,geometry
6248,S2229537__S22-29537-_-SERIAL_1,1,0,geometry
6249,S20-26719__S20-26719,1,1,geometry
6250,S2134277__S2134277,1,1,geometry
6251,S2406754__S24-06754-_-SERIAL_1,0,1,geometry
6252,S2229537__S22-29537-_-SERIAL_1,1,1,geometry
6253,S2227608__S22-27608-_-SERIAL_2,1,0,geometry
6254,S2227608__S22-27608-_-SERIAL_2,1,1,geometry
6255,S2524777__S2524777_0_BP1A2021,0,0,geometry
6256,S2227608__S22-27608-_-SERIAL_2,1,1,geometry
6257,S2409392__S2409392,0,0,geometry
6258,S2227604__S22-27604-_-BIOPSY,1,1,geometry
6259,S2511010__S25-11010_0_BP1A2021_052642,1,0,geometry
6260,S2530985__S2530985_0_BP1A2021,0,0,geometry
6261,S2346179__S23-46179-_-BIOPSY,1,0,geometry
6262,S2415689__S24-15689-_-BIOPSY,1,0,geometry
6263,S2424255__S2424255,0,0,geometry
6264,S2524777__S2524777_0_BP1A2021,0,1,geometry
6265,S2516970__S25-16970____155248,1,1,geometry
6266,S2511010__S25-11010_0_BP1A2021_052642,1,1,geometry
6267,S16-17719__S16-17719,1,1,geometry
6268,S2227608__S22-27608-_-SERIAL_1,1,0,geometry
6269,S20-28924__S20-28924,0,1,geometry
6270,S19-40316__S19-40316,1,0,geometry
6271,S2522994__S2522994_0_BP1A2021,0,0,geometry
6272,S16-17719__S16-17719,1,1,geometry
6273,S20-26719__S20-26719,1,0,geometry
6274,S19-40316__S19-40316,1,1,geometry
6275,S2511007__S25-11007_0_BP1A2021_052433,0,0,geometry
6276,S2511009__S25-11009_0_BP1A2021_052542,0,0,geometry
6277,S2530991__S2530991_0_BP1A2021,0,0,geometry
6278,S2516971__S25-16971____155423,0,1,geometry
6279,S2409392__S2409392,0,0,geometry
6280,S2511010__S25-11010_0_BP1A2021_052642,1,1,geometry
6281,S2427695__S2427695_BP1B27_C_14045_3,0,1,geometry
6282,S2424259__S2424259,0,1,geometry
6283,S2525436__S2525436_0_BP1A2021,0,0,geometry
6284,S16-17719__S16-17719,1,1,geometry
6285,S16-17719__S16-17719,1,0,geometry
6286,S2424259__S2424259,0,1,geometry
6287,S2227608__S22-27608-_-SERIAL_2,1,1,geometry
6288,S20-26719__S20-26719,1,0,geometry
6289,S2427695__S2427695_BP1B27_C_14045_3,0,1,geometry
6290,S2424255__S2424255,0,0,geometry
6291,S2529112__S2529112_0_BP1A2021,0,1,geometry
6292,S2406753__S24-06753-_-DEEP_1,0,0,geometry
6293,S2227608__S22-27608-_-SERIAL_2,1,0,geometry
6294,S2227608__S22-27608-_-SERIAL_1,1,1,geometry
6295,S2535840__S2535840_0_BP1A2021,0,0,geometry
6296,S2516970__S25-16970____155248,1,1,geometry
6297,S2524777__S2524777_0_BP1A2021,0,1,geometry
6298,S2229537__S22-29537-_-SERIAL_1,1,0,geometry
6299,S2424255__S2424255,0,0,geometry
6300,S2511006__S25-11006_0_BP1A2021_052242,0,1,geometry
6301,S20-26719__S20-26719,1,0,geometry
6302,S2424259__S2424259,0,0,geometry
6303,S2511010__S25-11010_0_BP1A2021_052642,1,1,geometry
6304,S16-17719__S16-17719,1,0,geometry
6305,S16-17719__S16-17719,1,1,geometry
6306,S2511007__S25-11007_0_BP1A2021_052433,0,0,geometry
6307,S2511010__S25-11010_0_BP1A2021_052642,1,1,geometry
6308,S2247860__S22-47860-_-DEEP_1,1,0,geometry
6309,S2513846__S25-13846_0_BP1A2021_161650,0,1,geometry
6310,S2427695__S2427695_BP1B27_C_14045_3,0,0,geometry
6311,S2516970__S25-16970____155248,1,1,geometry
6312,S2134277__S2134277,1,1,geometry
6313,S2530991__S2530991_0_BP1A2021,0,0,geometry
6314,S2227608__S22-27608-_-SERIAL_2,1,0,geometry
6315,S2415689__S24-15689-_-BIOPSY,1,1,geometry
6316,S2511010__S25-11010_0_BP1A2021_052642,1,1,geometry
6317,S2227608__S22-27608-_-SERIAL_1,1,1,geometry
6318,S2247860__S22-47860-_-DEEP_1,1,0,geometry
6319,S16-17719__S16-17719,1,1,geometry
6320,S2525436__S2525436_0_BP1A2021,0,1,geometry
6321,S2511009__S25-11009_0_BP1A2021_052542,0,1,geometry
6322,S20-28924__S20-28924,0,0,geometry
6323,S2237601__S22-37601-_-,0,1,geometry
6324,S20-26719__S20-26719,1,0,geometry
6325,S2237601__S22-37601-_-,0,1,geometry
6326,S2415689__S24-15689-_-BIOPSY,1,0,geometry
6327,S2424259__S2424259,0,1,geometry
6328,S2227608__S22-27608-_-SERIAL_1,1,1,geometry
6329,S16-17719__S16-17719,1,0,geometry
6330,S2529112__S2529112_0_BP1A2021,0,1,geometry
6331,S20-26719__S20-26719,1,0,geometry
6332,S2513846__S25-13846_0_BP1A2021_161650,0,0,geometry
6333,S2227608__S22-27608-_-SERIAL_2,1,1,geometry
6334,S2516971__S25-16971____140945,0,0,geometry
6335,S2424258__S2424258,0,1,geometry
6336,S2424255__S2424255,0,1,geometry
6337,S2346179__S23-46179-_-BIOPSY,1,0,geometry
6338,S2247860__S22-47860-_-DEEP_1,1,0,geometry
6339,S2511009__S25-11009_0_BP1A2021_052542,0,1,geometry
6340,S2528218__S2528218_0_BP1A2021,0,1,geometry
6341,S2134277__S2134277,1,1,geometry
6342,S19-40316__S19-40316,1,1,geometry
6343,S2229537__S22-29537-_-SERIAL_1,1,1,geometry
6344,S2520402__S2520402_0_BP1A2021,0,0,geometry
6345,S2513846__S25-13846_0_BP1A2021_131523,0,0,geometry
6346,S2134277__S2134277,1,0,geometry
6347,S2526362__S2526362_0_BP1A2021,0,0,geometry
6348,S2237601__S22-37601-_-,0,1,geometry
6349,S2229537__S22-29537-_-SERIAL_1,1,1,geometry
6350,S2346179__S23-46179-_-BIOPSY,1,1,geometry
6351,S2520404__S2520404_0_BP1A2021,0,0,geometry
6352,S2516971__S25-16971____140945,0,0,geometry
6353,S2229537__S22-29537-_-SERIAL_1,1,1,geometry
6354,S2527323__S2527323_0_BP1A2021,0,0,geometry
6355,S2415689__S24-15689-_-BIOPSY,1,1,geometry
6356,S2134277__S2134277,1,1,geometry
6357,S2424255__S2424255,0,1,geometry
6358,S2516971__S25-16971____140945,0,0,geometry
6359,S2520402__S2520402_0_BP1A2021,0,1,geometry
6360,S20-26719__S20-26719,1,0,geometry
6361,S2511009__S25-11009_0_BP1A2021_052542,0,1,geometry
6362,S19-40316__S19-40316,1,1,geometry
6363,S2229537__S22-29537-_-SERIAL_1,1,0,geometry
6364,S20-28924__S20-28924,0,1,geometry
6365,S2134277__S2134277,1,1,geometry
6366,S19-40316__S19-40316,1,0,geometry
6367,S2216630__S2216630--DEEP_1,0,0,geometry
6368,S2427695__S24-27695-_-BIOPSY,0,1,geometry
6369,S2516971__S25-16971____155423,0,0,geometry
6370,S2344462__S23-44462-_-BIOPSY,0,0,geometry
6371,S2247860__S22-47860-_-DEEP_1,1,1,geometry
6372,S2524777__S2524777_0_BP1A2021,0,0,geometry
6373,S20-26719__S20-26719,1,0,geometry
6374,S2513848__S25-13848_0_BP1A2021_131436,0,1,geometry
6375,S2513848__S25-13848_0_BP1A2021_131436,0,1,geometry
6376,S2247860__S22-47860-_-DEEP_1,1,1,geometry
6377,S2511010__S25-11010_0_BP1A2021_052642,1,0,geometry
6378,S2346179__S23-46179-_-BIOPSY,1,1,geometry
6379,S2527323__S2527323_0_BP1A2021,0,0,geometry
6380,S2436457__S2436457_BP1B11_C_15540_2,0,0,geometry
6381,S2346179__S23-46179-_-BIOPSY,1,1,geometry
6382,S2229537__S22-29537-_-SERIAL_1,1,0,geometry
6383,S20-26719__S20-26719,1,0,geometry
6384,S2511010__S25-11010_0_BP1A2021_052642,1,0,geometry
6385,S16-17719__S16-17719,1,1,geometry
6386,S2229537__S22-29537-_-SERIAL_1,1,0,geometry
6387,S2227608__S22-27608-_-SERIAL_2,1,0,geometry
6388,S2406753__S24-06753-_-DEEP_1,0,1,geometry
6389,S2427695__S24-27695-_-BIOPSY,0,1,geometry
6390,S2513846__S25-13846_0_BP1A2021_161650,0,0,geometry
6391,S2526362__S2526362_0_BP1A2021,0,1,geometry
6392,S2227604__S22-27604-_-BIOPSY,1,1,geometry
6393,S2516970__S25-16970____155248,1,1,geometry
6394,S2227604__S22-27604-_-BIOPSY,1,1,geometry
6395,S2511010__S25-11010_0_BP1A2021_052642,1,1,geometry
6396,S2227604__S22-27604-_-BIOPSY,1,0,geometry
6397,S2237601__S22-37601-_-,0,0,geometry
6398,S2227608__S22-27608-_-SERIAL_1,1,1,geometry
6399,S2346179__S23-46179-_-BIOPSY,1,1,geometry
6400,S2535840__S2535840_0_BP1A2021,0,1,geometry
6401,S2530049__S2530049_0_BP1A2021,0,1,geometry
6402,S2247860__S22-47860-_-DEEP_1,1,1,geometry
6403,S2415689__S24-15689-_-BIOPSY,1,0,geometry
6404,S2406753__S24-06753-_-DEEP_1,0,0,geometry
6405,S2531985__S2531985_0_BP1A2021,0,1,geometry
6406,S2530981__S2530981_0_BP1A2021,0,0,geometry
6407,S2512685__S2512685_0_,0,1,geometry
6408,S2216630__S2216630--DEEP_1,0,0,geometry
6409,S2227608__S22-27608-_-SERIAL_2,1,1,geometry
6410,S2511009__S25-11009_0_BP1A2021_052542,0,0,geometry
6411,S2427695__S24-27695-_-BIOPSY,0,1,geometry
6412,S2530049__S2530049_0_BP1A2021,0,1,geometry
6413,S2415689__S24-15689-_-BIOPSY,1,1,geometry
6414,S2526362__S2526362_0_BP1A2021,0,1,geometry
6415,S2530981__S2530981_0_BP1A2021,0,1,geometry
6416,S2237601__S22-37601-_-,0,0,geometry
6417,S2530981__S2530981_0_BP1A2021,0,0,geometry
6418,S2227604__S22-27604-_-BIOPSY,1,1,geometry
6419,S2247860__S22-47860-_-DEEP_1,1,1,geometry
6420,S2513848__S25-13848_0_BP1A2021_131436,0,1,geometry
6421,S2424259__S2424259,0,1,geometry
6422,S2134277__S2134277,1,0,geometry
6423,S2530985__S2530985_0_BP1A2021,0,1,geometry
6424,S2424255__S2424255,0,1,geometry
6425,S20-26719__S20-26719,1,1,geometry
6426,S2522994__S2522994_0_BP1A2021,0,0,geometry
6427,S2436457__S2436457_BP1B11_C_15540_2,0,1,geometry
6428,S2227608__S22-27608-_-SERIAL_1,1,0,geometry
6429,S2424258__S2424258,0,0,geometry
6430,S2409392__S2409392,0,1,geometry
6431,S2229537__S22-29537-_-SERIAL_1,1,0,geometry
6432,S2516970__S25-16970____155248,1,1,geometry
6433,S2406754__S24-06754-_-SERIAL_1,0,0,geometry
6434,S2227608__S22-27608-_-SERIAL_1,1,0,geometry
6435,S2516971__S25-16971____155423,0,1,geometry
6436,S2227608__S22-27608-_-SERIAL_1,1,1,geometry
6437,S2216630__S2216630--DEEP_1,0,0,geometry
6438,S2520402__S2520402_0_BP1A2021,0,1,geometry
6439,S16-17719__S16-17719,1,1,geometry
6440,S2227604__S22-27604-_-BIOPSY,1,1,geometry
6441,S2427695__S2427695_BP1B27_C_14045_3,0,0,geometry
6442,S2344462__S23-44462-_-BIOPSY,0,0,geometry
6443,S2247860__S22-47860-_-DEEP_1,1,1,geometry
6444,S2513846__S25-13846_0_BP1A2021_161650,0,0,geometry
6445,S2535840__S2535840_0_BP1A2021,0,1,geometry
6446,S2511010__S25-11010_0_BP1A2021_052642,1,1,geometry
6447,S2237601__S22-37601-_-,0,1,geometry
6448,S2406754__S24-06754-_-SERIAL_1,0,0,geometry
6449,S2516970__S25-16970____155248,1,1,geometry
6450,S2227608__S22-27608-_-SERIAL_1,1,0,geometry
6451,S2227604__S22-27604-_-BIOPSY,1,1,geometry
6452,S2424255__S2424255,0,0,geometry
6453,S2229537__S22-29537-_-SERIAL_1,1,1,geometry
6454,S2528218__S2528218_0_BP1A2021,0,0,geometry
6455,S2415689__S24-15689-_-BIOPSY,1,0,geometry
6456,S19-40316__S19-40316,1,1,geometry
6457,S2227608__S22-27608-_-SERIAL_1,1,0,geometry
6458,S2516970__S25-16970____155248,1,0,geometry
6459,S16-17719__S16-17719,1,1,geometry
6460,S16-17719__S16-17719,1,1,geometry
6461,S2527323__S2527323_0_BP1A2021,0,0,geometry
6462,S2247860__S22-47860-_-DEEP_1,1,0,geometry
6463,S2227608__S22-27608-_-SERIAL_1,1,0,geometry
6464,S20-26719__S20-26719,1,0,geometry
6465,S19-40316__S19-40316,1,1,geometry
6466,S2229537__S22-29537-_-SERIAL_1,1,0,geometry
6467,S2427695__S24-27695-_-BIOPSY,0,0,geometry
6468,S2227604__S22-27604-_-BIOPSY,1,0,geometry
6469,S20-26719__S20-26719,1,1,geometry
6470,S2527323__S2527323_0_BP1A2021,0,1,geometry
6471,S2424255__S2424255,0,0,geometry
6472,S2134277__S2134277,1,0,geometry
6473,S2530981__S2530981_0_BP1A2021,0,0,geometry
6474,S2513846__S25-13846_0_BP1A2021_131523,0,1,geometry
6475,S2527323__S2527323_0_BP1A2021,0,1,geometry
6476,S16-17719__S16-17719,1,1,geometry
6477,S2511007__S25-11007_0_BP1A2021_052433,0,0,geometry
6478,S2247860__S22-47860-_-DEEP_1,1,1,geometry
6479,S2511007__S25-11007_0_BP1A2021_052433,0,0,geometry
6480,S2424259__S2424259,0,1,geometry
6481,S2227608__S22-27608-_-SERIAL_2,1,1,geometry
6482,S2406753__S24-06753-_-DEEP_1,0,0,geometry
6483,S20-26719__S20-26719,1,0,geometry
6484,S2425843__S24-25843-_-BIOPSY,0,0,geometry
6485,S2528218__S2528218_0_BP1A2021,0,1,geometry
6486,S2406753__S24-06753-_-DEEP_1,0,1,geometry
6487,S2511007__S25-11007_0_BP1A2021_052433,0,0,geometry
6488,S2424259__S2424259,0,1,geometry
6489,S2520402__S2520402_0_BP1A2021,0,0,geometry
6490,S19-40316__S19-40316,1,0,geometry
6491,S2344462__S23-44462-_-BIOPSY,0,0,geometry
6492,S2134277__S2134277,1,0,geometry
6493,S2531989__S2531989_0_BP1A2021,0,1,geometry
6494,S16-17719__S16-17719,1,0,geometry
6495,S2406753__S24-06753-_-DEEP_1,0,1,geometry
6496,S2528218__S2528218_0_BP1A2021,0,0,geometry
6497,S2511010__S25-11010_0_BP1A2021_052642,1,1,geometry
6498,S2247860__S22-47860-_-DEEP_1,1,1,geometry
6499,S2516971__S25-16971____140945,0,0,geometry
6500,S2247860__S22-47860-_-DEEP_1,1,1,geometry
6501,S2346179__S23-46179-_-BIOPSY,1,1,geometry
6502,S2516971__S25-16971____140945,0,1,geometry
6503,S2227608__S22-27608-_-SERIAL_2,1,1,geometry
6504,S2247860__S22-47860-_-DEEP_1,1,0,geometry
6505,S2229537__S22-29537-_-SERIAL_1,1,0,geometry
6506,S2229537__S22-29537-_-SERIAL_1,1,0,geometry
6507,S2525436__S2525436_0_BP1A2021,0,1,geometry
6508,S2227608__S22-27608-_-SERIAL_1,1,1,geometry
6509,S2229537__S22-29537-_-SERIAL_1,1,0,geometry
6510,S2530049__S2530049_0_BP1A2021,0,1,geometry
6511,S20-28924__S20-28924,0,0,geometry
6512,S2216630__S2216630--DEEP_1,0,1,geometry
6513,S2513846__S25-13846_0_BP1A2021_131523,0,1,geometry
6514,S2511007__S25-11007_0_BP1A2021_052433,0,1,geometry
6515,S2516970__S25-16970____155248,1,1,geometry
6516,S2530985__S2530985_0_BP1A2021,0,0,geometry
6517,S20-26719__S20-26719,1,1,geometry
6518,S2511010__S25-11010_0_BP1A2021_052642,1,0,geometry
6519,S2526362__S2526362_0_BP1A2021,0,1,geometry
6520,S2520402__S2520402_0_BP1A2021,0,1,geometry
6521,S2520404__S2520404_0_BP1A2021,0,0,geometry
6522,S2424259__S2424259,0,0,geometry
6523,S2427695__S24-27695-_-BIOPSY,0,0,geometry
6524,S20-26719__S20-26719,1,0,geometry
6525,S2247860__S22-47860-_-DEEP_1,1,0,geometry
6526,S2227604__S22-27604-_-BIOPSY,1,0,geometry
6527,S2511007__S25-11007_0_BP1A2021_052433,0,0,geometry
6528,S2511010__S25-11010_0_BP1A2021_052642,1,0,geometry
6529,S2227604__S22-27604-_-BIOPSY,1,0,geometry
6530,S2134277__S2134277,1,0,geometry
6531,S2227608__S22-27608-_-SERIAL_2,1,0,geometry
6532,S2436457__S2436457_BP1B11_C_15540_2,0,1,geometry
6533,S2406753__S24-06753-_-SERIAL_2,0,0,geometry
6534,S2524777__S2524777_0_BP1A2021,0,1,geometry
6535,S2415689__S24-15689-_-BIOPSY,1,0,geometry
6536,S2227604__S22-27604-_-BIOPSY,1,1,geometry
6537,S19-40316__S19-40316,1,0,geometry
6538,S2427695__S2427695_BP1B27_C_14045_3,0,0,geometry
6539,S2415689__S24-15689-_-BIOPSY,1,1,geometry
6540,S2425843__S24-25843-_-BIOPSY,0,1,geometry
6541,S2134277__S2134277,1,0,geometry
6542,S2247860__S22-47860-_-DEEP_1,1,0,geometry
6543,S2346179__S23-46179-_-BIOPSY,1,0,geometry
6544,S2530981__S2530981_0_BP1A2021,0,1,geometry
6545,S2530049__S2530049_0_BP1A2021,0,0,geometry
6546,S2216630__S2216630--DEEP_1,0,0,geometry
6547,S2229537__S22-29537-_-SERIAL_1,1,0,geometry
6548,S16-17719__S16-17719,1,1,geometry
6549,S2409392__S2409392,0,0,geometry
6550,S2229537__S22-29537-_-SERIAL_1,1,0,geometry
6551,S2227604__S22-27604-_-BIOPSY,1,0,geometry
6552,S2516971__S25-16971____155423,0,0,geometry
6553,S2531989__S2531989_0_BP1A2021,0,1,geometry
6554,S2227608__S22-27608-_-SERIAL_2,1,0,geometry
6555,S2229537__S22-29537-_-SERIAL_1,1,0,geometry
6556,S2516971__S25-16971____155423,0,0,geometry
6557,S2530981__S2530981_0_BP1A2021,0,0,geometry
6558,S2524760__S2524760_0_BP1A2021,0,1,geometry
6559,S2525436__S2525436_0_BP1A2021,0,0,geometry
6560,S2424258__S2424258,0,0,geometry
6561,S20-26719__S20-26719,1,0,geometry
6562,S2227608__S22-27608-_-SERIAL_2,1,1,geometry
6563,S2134277__S2134277,1,0,geometry
6564,S2529112__S2529112_0_BP1A2021,0,0,geometry
6565,S20-28924__S20-28924,0,0,geometry
6566,S2511010__S25-11010_0_BP1A2021_052642,1,0,geometry
6567,S2516971__S25-16971____155423,0,0,geometry
6568,S2134277__S2134277,1,1,geometry
6569,S2134277__S2134277,1,0,geometry
6570,S2425843__S24-25843-_-BIOPSY,0,0,geometry
6571,S2134277__S2134277,1,1,geometry
6572,S2229537__S22-29537-_-SERIAL_1,1,1,geometry
6573,S2415689__S24-15689-_-BIOPSY,1,1,geometry
6574,S2535840__S2535840_0_BP1A2021,0,0,geometry
6575,S2415689__S24-15689-_-BIOPSY,1,0,geometry
6576,S2436457__S2436457_BP1B11_C_15540_2,0,1,geometry
6577,S2346179__S23-46179-_-BIOPSY,1,1,geometry
6578,S2227608__S22-27608-_-SERIAL_1,1,1,geometry
6579,S2530981__S2530981_0_BP1A2021,0,0,geometry
6580,S2415689__S24-15689-_-BIOPSY,1,1,geometry
6581,S2247860__S22-47860-_-DEEP_1,1,1,geometry
6582,S2424258__S2424258,0,0,geometry
6583,S2524777__S2524777_0_BP1A2021,0,1,geometry
6584,S2134277__S2134277,1,1,geometry
6585,S2415689__S24-15689-_-BIOPSY,1,1,geometry
6586,S2415689__S24-15689-_-BIOPSY,1,1,geometry
6587,S20-26719__S20-26719,1,0,geometry
6588,S2134277__S2134277,1,1,geometry
6589,S2247860__S22-47860-_-DEEP_1,1,1,geometry
6590,S2524777__S2524777_0_BP1A2021,0,1,geometry
6591,S2415689__S24-15689-_-BIOPSY,1,0,geometry
6592,S2511006__S25-11006_0_BP1A2021_052242,0,0,geometry
6593,S2520402__S2520402_0_BP1A2021,0,0,geometry
6594,S2247860__S22-47860-_-DEEP_1,1,0,geometry
6595,S2406754__S24-06754-_-SERIAL_1,0,1,geometry
6596,S20-26719__S20-26719,1,0,geometry
6597,S16-17719__S16-17719,1,1,geometry
6598,S2227604__S22-27604-_-BIOPSY,1,0,geometry
6599,S2134277__S2134277,1,1,geometry
6600,S2511007__S25-11007_0_BP1A2021_052433,0,1,geometry
6601,S2521239__S2521239_0_BP1A2021,0,1,geometry
6602,S2436457__S2436457_BP1B11_C_15540_2,0,0,geometry
6603,S2524777__S2524777_0_BP1A2021,0,1,geometry
6604,S20-26719__S20-26719,1,1,geometry
6605,S2227608__S22-27608-_-SERIAL_2,1,0,geometry
6606,S2531989__S2531989_0_BP1A2021,0,0,geometry
6607,S2516970__S25-16970____155248,1,0,geometry
6608,S2427695__S24-27695-_-BIOPSY,0,1,geometry
6609,S2425843__S24-25843-_-BIOPSY,0,0,geometry
6610,S2237601__S22-37601-_-,0,1,geometry
6611,S2516970__S25-16970____155248,1,1,geometry
6612,S2535840__S2535840_0_BP1A2021,0,1,geometry
6613,S2227608__S22-27608-_-SERIAL_2,1,0,geometry
6614,S2415689__S24-15689-_-BIOPSY,1,1,geometry
6615,S2531985__S2531985_0_BP1A2021,0,0,geometry
6616,S2227608__S22-27608-_-SERIAL_2,1,0,geometry
6617,S2227608__S22-27608-_-SERIAL_2,1,0,geometry
6618,S2530981__S2530981_0_BP1A2021,0,1,geometry
6619,S2520402__S2520402_0_BP1A2021,0,1,geometry
6620,S2531989__S2531989_0_BP1A2021,0,0,geometry
6621,S2415689__S24-15689-_-BIOPSY,1,1,geometry
6622,S2134277__S2134277,1,1,geometry
6623,S16-17719__S16-17719,1,1,geometry
6624,S2530049__S2530049_0_BP1A2021,0,0,geometry
6625,S2346179__S23-46179-_-BIOPSY,1,1,geometry
6626,S2406754__S24-06754-_-SERIAL_1,0,1,geometry
6627,S2516971__S25-16971____140945,0,0,geometry
6628,S2227604__S22-27604-_-BIOPSY,1,0,geometry
6629,S2535840__S2535840_0_BP1A2021,0,0,geometry
6630,S16-17719__S16-17719,1,0,geometry
6631,S2527323__S2527323_0_BP1A2021,0,0,geometry
6632,S2513848__S25-13848_0_BP1A2021_131436,0,0,geometry
6633,S2227608__S22-27608-_-SERIAL_2,1,1,geometry
6634,S2516971__S25-16971____155423,0,1,geometry
6635,S2216630__S2216630--DEEP_1,0,1,geometry
6636,S2237601__S22-37601-_-,0,0,geometry
6637,S16-17719__S16-17719,1,1,geometry
6638,S2528218__S2528218_0_BP1A2021,0,1,geometry
6639,S2401283__S24-01283-_-BIOPSY,0,1,geometry
6640,S2247860__S22-47860-_-DEEP_1,1,1,geometry
6641,S2512685__S2512685_0_,0,0,geometry
6642,S2346179__S23-46179-_-BIOPSY,1,0,geometry
6643,S2524760__S2524760_0_BP1A2021,0,0,geometry
6644,S2415689__S24-15689-_-BIOPSY,1,1,geometry
6645,S2513846__S25-13846_0_BP1A2021_131523,0,1,geometry
6646,S16-17719__S16-17719,1,1,geometry
6647,S2415689__S24-15689-_-BIOPSY,1,0,geometry
6648,S2511009__S25-11009_0_BP1A2021_052542,0,0,geometry
6649,S2427695__S2427695_BP1B27_C_14045_3,0,0,geometry
6650,S2227604__S22-27604-_-BIOPSY,1,1,geometry
6651,S16-17719__S16-17719,1,0,geometry
6652,S2406754__S24-06754-_-SERIAL_1,0,1,geometry
6653,S16-17719__S16-17719,1,1,geometry
6654,S2530049__S2530049_0_BP1A2021,0,0,geometry
6655,S2229537__S22-29537-_-SERIAL_1,1,0,geometry
6656,S2530981__S2530981_0_BP1A2021,0,0,geometry
6657,S2237601__S22-37601-_-,0,1,geometry
6658,S2415689__S24-15689-_-BIOPSY,1,1,geometry
6659,S2346179__S23-46179-_-BIOPSY,1,0,geometry
6660,S2530991__S2530991_0_BP1A2021,0,1,geometry
6661,S2520402__S2520402_0_BP1A2021,0,1,geometry
6662,S2516970__S25-16970____155248,1,0,geometry
6663,S2531985__S2531985_0_BP1A2021,0,0,geometry
6664,S2415689__S24-15689-_-BIOPSY,1,0,geometry
6665,S20-26719__S20-26719,1,0,geometry
6666,S2530049__S2530049_0_BP1A2021,0,0,geometry
6667,S2511010__S25-11010_0_BP1A2021_052642,1,0,geometry
6668,S2530991__S2530991_0_BP1A2021,0,0,geometry
6669,S2406754__S24-06754-_-DEEP_2,0,1,geometry
6670,S2516970__S25-16970____155248,1,0,geometry
6671,S2424258__S2424258,0,1,geometry
6672,S16-17719__S16-17719,1,0,geometry
6673,S2424258__S2424258,0,0,geometry
6674,S2516970__S25-16970____155248,1,1,geometry
6675,S2424259__S2424259,0,1,geometry
6676,S2436457__S2436457_BP1B11_C_15540_2,0,0,geometry
6677,S2511010__S25-11010_0_BP1A2021_052642,1,1,geometry
6678,S2522994__S2522994_0_BP1A2021,0,1,geometry
6679,S2409392__S2409392,0,1,geometry
6680,S2521239__S2521239_0_BP1A2021,0,1,geometry
6681,S2406754__S24-06754-_-DEEP_2,0,0,geometry
6682,S2530991__S2530991_0_BP1A2021,0,0,geometry
6683,S2516970__S25-16970____155248,1,1,geometry
6684,S2247860__S22-47860-_-DEEP_1,1,0,geometry
6685,S2247860__S22-47860-_-DEEP_1,1,1,geometry
6686,S2247860__S22-47860-_-DEEP_1,1,0,geometry
6687,S2406754__S24-06754-_-SERIAL_1,0,1,geometry
6688,S19-40316__S19-40316,1,1,geometry
6689,S2530991__S2530991_0_BP1A2021,0,1,geometry
6690,S2516970__S25-16970____155248,1,1,geometry
6691,S2427695__S2427695_BP1B27_C_14045_3,0,0,geometry
6692,S2406754__S24-06754-_-DEEP_2,0,1,geometry
6693,S2229537__S22-29537-_-SERIAL_1,1,1,geometry
6694,S2511006__S25-11006_0_BP1A2021_052242,0,0,geometry
6695,S2406753__S24-06753-_-SERIAL_2,0,1,geometry
6696,S2529112__S2529112_0_BP1A2021,0,1,geometry
6697,S2530049__S2530049_0_BP1A2021,0,0,geometry
6698,S2522994__S2522994_0_BP1A2021,0,0,geometry
6699,S2346179__S23-46179-_-BIOPSY,1,0,geometry
6700,S2134277__S2134277,1,1,geometry
6701,S2406754__S24-06754-_-DEEP_2,0,1,geometry
6702,S2513846__S25-13846_0_BP1A2021_131523,0,0,geometry
6703,S2424255__S2424255,0,0,geometry
6704,S2530985__S2530985_0_BP1A2021,0,0,geometry
6705,S2227604__S22-27604-_-BIOPSY,1,0,geometry
6706,S2229537__S22-29537-_-SERIAL_1,1,1,geometry
6707,S2134277__S2134277,1,0,geometry
6708,S2524760__S2524760_0_BP1A2021,0,1,geometry
6709,S20-28924__S20-28924,0,1,geometry
6710,S2227604__S22-27604-_-BIOPSY,1,0,geometry
6711,S2524777__S2524777_0_BP1A2021,0,1,geometry
6712,S2229537__S22-29537-_-SERIAL_1,1,1,geometry
6713,S2524777__S2524777_0_BP1A2021,0,0,geometry
6714,S2529112__S2529112_0_BP1A2021,0,0,geometry
6715,S2513846__S25-13846_0_BP1A2021_161650,0,1,geometry
6716,S2524760__S2524760_0_BP1A2021,0,0,geometry
6717,S2524760__S2524760_0_BP1A2021,0,0,geometry
6718,S16-17719__S16-17719,1,0,geometry
6719,S2247860__S22-47860-_-DEEP_1,1,1,geometry
6720,S2406754__S24-06754-_-SERIAL_1,0,0,geometry
6721,S2229537__S22-29537-_-SERIAL_1,1,0,geometry
6722,S2415689__S24-15689-_-BIOPSY,1,1,geometry
6723,S20-28924__S20-28924,0,1,geometry
6724,S2530985__S2530985_0_BP1A2021,0,0,geometry
6725,S2535840__S2535840_0_BP1A2021,0,1,geometry
6726,S2511010__S25-11010_0_BP1A2021_052642,1,0,geometry
6727,S2520404__S2520404_0_BP1A2021,0,0,geometry
6728,S2525436__S2525436_0_BP1A2021,0,0,geometry
6729,S2229537__S22-29537-_-SERIAL_1,1,0,geometry
6730,S2424258__S2424258,0,1,geometry
6731,S2346179__S23-46179-_-BIOPSY,1,1,geometry
6732,S2415689__S24-15689-_-BIOPSY,1,0,geometry
6733,S2511009__S25-11009_0_BP1A2021_052542,0,0,geometry
6734,S2512685__S2512685_0_,0,0,geometry
6735,S2436457__S2436457_BP1B11_C_15540_2,0,0,geometry
6736,S2227608__S22-27608-_-SERIAL_2,1,1,geometry
6737,S2346179__S23-46179-_-BIOPSY,1,1,geometry
6738,S2526362__S2526362_0_BP1A2021,0,1,geometry
6739,S2513846__S25-13846_0_BP1A2021_161650,0,1,geometry
6740,S2511010__S25-11010_0_BP1A2021_052642,1,1,geometry
6741,S2346179__S23-46179-_-BIOPSY,1,1,geometry
6742,S2524760__S2524760_0_BP1A2021,0,0,geometry
6743,S2436457__S2436457_BP1B11_C_15540_2,0,1,geometry
6744,S2134277__S2134277,1,1,geometry
6745,S20-26719__S20-26719,1,1,geometry
6746,S2406753__S24-06753-_-SERIAL_2,0,1,geometry
6747,S2530049__S2530049_0_BP1A2021,0,1,geometry
6748,S2530991__S2530991_0_BP1A2021,0,0,geometry
6749,S2516970__S25-16970____155248,1,1,geometry
6750,S2227608__S22-27608-_-SERIAL_2,1,0,geometry
6751,S20-26719__S20-26719,1,1,geometry
6752,S2227608__S22-27608-_-SERIAL_2,1,0,geometry
6753,S2511010__S25-11010_0_BP1A2021_052642,1,0,geometry
6754,S2529112__S2529112_0_BP1A2021,0,1,geometry
6755,S2406753__S24-06753-_-SERIAL_2,0,1,geometry
6756,S2409392__S2409392,0,0,geometry
6757,S2525436__S2525436_0_BP1A2021,0,0,geometry
6758,S2524760__S2524760_0_BP1A2021,0,1,geometry
6759,S2524760__S2524760_0_BP1A2021,0,0,geometry
6760,S2516970__S25-16970____155248,1,0,geometry
6761,S2516970__S25-16970____155248,1,0,geometry
6762,S2511010__S25-11010_0_BP1A2021_052642,1,1,geometry
6763,S2401283__S24-01283-_-BIOPSY,0,1,geometry
6764,S2530985__S2530985_0_BP1A2021,0,0,geometry
6765,S2227608__S22-27608-_-SERIAL_1,1,0,geometry
6766,S16-17719__S16-17719,1,1,geometry
6767,S2227608__S22-27608-_-SERIAL_2,1,0,geometry
6768,S2346179__S23-46179-_-BIOPSY,1,0,geometry
6769,S2346179__S23-46179-_-BIOPSY,1,0,geometry
6770,S2227604__S22-27604-_-BIOPSY,1,1,geometry
6771,S2511009__S25-11009_0_BP1A2021_052542,0,0,geometry
6772,S2511010__S25-11010_0_BP1A2021_052642,1,1,geometry
6773,S2415689__S24-15689-_-BIOPSY,1,0,geometry
6774,S19-40316__S19-40316,1,1,geometry
6775,S2530985__S2530985_0_BP1A2021,0,1,geometry
6776,S2531989__S2531989_0_BP1A2021,0,0,geometry
6777,S16-17719__S16-17719,1,0,geometry
6778,S2247860__S22-47860-_-DEEP_1,1,0,geometry
6779,S2529112__S2529112_0_BP1A2021,0,0,geometry
6780,S16-17719__S16-17719,1,1,geometry
6781,S2134277__S2134277,1,1,geometry
6782,S2513848__S25-13848_0_BP1A2021_131436,0,0,geometry
6783,S2424258__S2424258,0,0,geometry
6784,S16-17719__S16-17719,1,0,geometry
6785,S2406753__S24-06753-_-SERIAL_2,0,0,geometry
6786,S2530985__S2530985_0_BP1A2021,0,0,geometry
6787,S2227604__S22-27604-_-BIOPSY,1,1,geometry
6788,S2227608__S22-27608-_-SERIAL_1,1,1,geometry
6789,S2134277__S2134277,1,0,geometry
6790,S2227608__S22-27608-_-SERIAL_2,1,1,geometry
6791,S2406753__S24-06753-_-DEEP_1,0,0,geometry
6792,S2513848__S25-13848_0_BP1A2021_131436,0,0,geometry
6793,S2406754__S24-06754-_-SERIAL_1,0,0,geometry
6794,S2227604__S22-27604-_-BIOPSY,1,1,geometry
6795,S2424255__S2424255,0,1,geometry
6796,S2513846__S25-13846_0_BP1A2021_161650,0,1,geometry
6797,S2511007__S25-11007_0_BP1A2021_052433,0,0,geometry
6798,S2531989__S2531989_0_BP1A2021,0,0,geometry
6799,S2227608__S22-27608-_-SERIAL_1,1,0,geometry
6800,S2247860__S22-47860-_-DEEP_1,1,0,geometry
6801,S2531989__S2531989_0_BP1A2021,0,1,geometry
6802,S2525436__S2525436_0_BP1A2021,0,1,geometry
6803,S2346179__S23-46179-_-BIOPSY,1,0,geometry
6804,S2527323__S2527323_0_BP1A2021,0,0,geometry
6805,S2531989__S2531989_0_BP1A2021,0,1,geometry
6806,S2524777__S2524777_0_BP1A2021,0,0,geometry
6807,S2511010__S25-11010_0_BP1A2021_052642,1,0,geometry
6808,S2134277__S2134277,1,0,geometry
6809,S2227608__S22-27608-_-SERIAL_2,1,0,geometry
6810,S2229537__S22-29537-_-SERIAL_1,1,1,geometry
6811,S2520402__S2520402_0_BP1A2021,0,0,geometry
6812,S2425843__S24-25843-_-BIOPSY,0,0,geometry
6813,S2529112__S2529112_0_BP1A2021,0,1,geometry
6814,S2524777__S2524777_0_BP1A2021,0,0,geometry
6815,S16-17719__S16-17719,1,1,geometry
6816,S2516971__S25-16971____140945,0,0,geometry
6817,S2247860__S22-47860-_-DEEP_1,1,1,geometry
6818,S2531985__S2531985_0_BP1A2021,0,0,geometry
6819,S2227608__S22-27608-_-SERIAL_2,1,1,geometry
6820,S2229537__S22-29537-_-SERIAL_1,1,1,geometry
6821,S2527323__S2527323_0_BP1A2021,0,0,geometry
6822,S16-17719__S16-17719,1,1,geometry
6823,S2427695__S2427695_BP1B27_C_14045_3,0,0,geometry
6824,S2247860__S22-47860-_-DEEP_1,1,0,geometry
6825,S2227608__S22-27608-_-SERIAL_2,1,1,geometry
6826,S2229537__S22-29537-_-SERIAL_1,1,1,geometry
6827,S2516971__S25-16971____155423,0,0,geometry
6828,S20-26719__S20-26719,1,1,geometry
6829,S2344462__S23-44462-_-BIOPSY,0,0,geometry
6830,S2427695__S24-27695-_-BIOPSY,0,1,geometry
6831,S2134277__S2134277,1,0,geometry
6832,S2247860__S22-47860-_-DEEP_1,1,0,geometry
6833,S2513846__S25-13846_0_BP1A2021_161650,0,0,geometry
6834,S19-40316__S19-40316,1,1,geometry
6835,S2511010__S25-11010_0_BP1A2021_052642,1,1,geometry
6836,S20-26719__S20-26719,1,0,geometry
6837,S2521239__S2521239_0_BP1A2021,0,0,geometry
6838,S2409392__S2409392,0,0,geometry
6839,S2401283__S24-01283-_-BIOPSY,0,0,geometry
6840,S2424258__S2424258,0,0,geometry
6841,S2134277__S2134277,1,0,geometry
6842,S2531989__S2531989_0_BP1A2021,0,1,geometry
6843,S2229537__S22-29537-_-SERIAL_1,1,0,geometry
6844,S2529112__S2529112_0_BP1A2021,0,0,geometry
6845,S20-26719__S20-26719,1,1,geometry
6846,S2227608__S22-27608-_-SERIAL_1,1,0,geometry
6847,S2424258__S2424258,0,1,geometry
6848,S2134277__S2134277,1,1,geometry
6849,S2522994__S2522994_0_BP1A2021,0,1,geometry
6850,S2346179__S23-46179-_-BIOPSY,1,1,geometry
6851,S20-26719__S20-26719,1,1,geometry
6852,S2425843__S24-25843-_-BIOPSY,0,0,geometry
6853,S2346179__S23-46179-_-BIOPSY,1,0,geometry
6854,S2427695__S24-27695-_-BIOPSY,0,1,geometry
6855,S2229537__S22-29537-_-SERIAL_1,1,1,geometry
6856,S16-17719__S16-17719,1,1,geometry
6857,S2229537__S22-29537-_-SERIAL_1,1,1,geometry
6858,S2511010__S25-11010_0_BP1A2021_052642,1,1,geometry
6859,S2401283__S24-01283-_-BIOPSY,0,1,geometry
6860,S20-28924__S20-28924,0,1,geometry
6861,S20-28924__S20-28924,0,1,geometry
6862,S2511010__S25-11010_0_BP1A2021_052642,1,0,geometry
6863,S2520402__S2520402_0_BP1A2021,0,0,geometry
6864,S2516971__S25-16971____155423,0,1,geometry
6865,S2247860__S22-47860-_-DEEP_1,1,1,geometry
6866,S16-17719__S16-17719,1,0,geometry
6867,S20-26719__S20-26719,1,1,geometry
6868,S2528218__S2528218_0_BP1A2021,0,1,geometry
6869,S2227604__S22-27604-_-BIOPSY,1,1,geometry
6870,S2524777__S2524777_0_BP1A2021,0,1,geometry
6871,S2511010__S25-11010_0_BP1A2021_052642,1,0,geometry
6872,S2424259__S2424259,0,0,geometry
6873,S2346179__S23-46179-_-BIOPSY,1,1,geometry
6874,S2511010__S25-11010_0_BP1A2021_052642,1,1,geometry
6875,S2424259__S2424259,0,1,geometry
6876,S2216630__S2216630--DEEP_1,0,0,geometry
6877,S2529112__S2529112_0_BP1A2021,0,0,geometry
6878,S2526362__S2526362_0_BP1A2021,0,0,geometry
6879,S2346179__S23-46179-_-BIOPSY,1,0,geometry
6880,S2229537__S22-29537-_-SERIAL_1,1,0,geometry
6881,S2516970__S25-16970____155248,1,1,geometry
6882,S2406754__S24-06754-_-SERIAL_1,0,0,geometry
6883,S2511010__S25-11010_0_BP1A2021_052642,1,0,geometry
6884,S2520404__S2520404_0_BP1A2021,0,1,geometry
6885,S2526362__S2526362_0_BP1A2021,0,1,geometry
6886,S2424258__S2424258,0,0,geometry
6887,S2526362__S2526362_0_BP1A2021,0,1,geometry
6888,S2529112__S2529112_0_BP1A2021,0,0,geometry
6889,S19-40316__S19-40316,1,1,geometry
6890,S2511010__S25-11010_0_BP1A2021_052642,1,0,geometry
6891,S19-40316__S19-40316,1,1,geometry
6892,S2424258__S2424258,0,0,geometry
6893,S2511010__S25-11010_0_BP1A2021_052642,1,1,geometry
6894,S2401283__S24-01283-_-BIOPSY,0,0,geometry
6895,S2227608__S22-27608-_-SERIAL_1,1,1,geometry
6896,S2247860__S22-47860-_-DEEP_1,1,0,geometry
6897,S2516971__S25-16971____140945,0,1,geometry
6898,S2530049__S2530049_0_BP1A2021,0,1,geometry
6899,S2425843__S24-25843-_-BIOPSY,0,0,geometry
6900,S2427695__S2427695_BP1B27_C_14045_3,0,0,geometry
6901,S2512685__S2512685_0_,0,0,geometry
6902,S2512685__S2512685_0_,0,1,geometry
6903,S2520404__S2520404_0_BP1A2021,0,0,geometry
6904,S20-26719__S20-26719,1,1,geometry
6905,S2227608__S22-27608-_-SERIAL_1,1,0,geometry
6906,S16-17719__S16-17719,1,1,geometry
6907,S2229537__S22-29537-_-SERIAL_1,1,1,geometry
6908,S16-17719__S16-17719,1,1,geometry
6909,S2511006__S25-11006_0_BP1A2021_052242,0,0,geometry
6910,S2513846__S25-13846_0_BP1A2021_131523,0,1,geometry
6911,S2406754__S24-06754-_-SERIAL_1,0,0,geometry
6912,S2227608__S22-27608-_-SERIAL_2,1,1,geometry
6913,S2511006__S25-11006_0_BP1A2021_052242,0,0,geometry
6914,S2134277__S2134277,1,1,geometry
6915,S2424255__S2424255,0,0,geometry
6916,S2237601__S22-37601-_-,0,1,geometry
6917,S20-26719__S20-26719,1,0,geometry
6918,S2227604__S22-27604-_-BIOPSY,1,1,geometry
6919,S2511010__S25-11010_0_BP1A2021_052642,1,1,geometry
6920,S2227604__S22-27604-_-BIOPSY,1,1,geometry
6921,S2227608__S22-27608-_-SERIAL_1,1,1,geometry
6922,S2424258__S2424258,0,1,geometry
6923,S2511007__S25-11007_0_BP1A2021_052433,0,1,geometry
6924,S2521239__S2521239_0_BP1A2021,0,0,geometry
6925,S2247860__S22-47860-_-DEEP_1,1,0,geometry
6926,S2229537__S22-29537-_-SERIAL_1,1,1,geometry
6927,S16-17719__S16-17719,1,0,geometry
6928,S19-40316__S19-40316,1,1,geometry
6929,S2521239__S2521239_0_BP1A2021,0,0,geometry
6930,S2229537__S22-29537-_-SERIAL_1,1,0,geometry
6931,S2513846__S25-13846_0_BP1A2021_131523,0,1,geometry
6932,S2516970__S25-16970____155248,1,1,geometry
6933,S2227608__S22-27608-_-SERIAL_1,1,1,geometry
6934,S2427695__S24-27695-_-BIOPSY,0,0,geometry
6935,S20-26719__S20-26719,1,1,geometry
6936,S2511010__S25-11010_0_BP1A2021_052642,1,0,geometry
6937,S20-28924__S20-28924,0,1,geometry
6938,S2424255__S2424255,0,0,geometry
6939,S2530985__S2530985_0_BP1A2021,0,1,geometry
6940,S2227608__S22-27608-_-SERIAL_2,1,0,geometry
6941,S2516970__S25-16970____155248,1,1,geometry
6942,S2425843__S24-25843-_-BIOPSY,0,0,geometry
6943,S2229537__S22-29537-_-SERIAL_1,1,1,geometry
6944,S2134277__S2134277,1,1,geometry
6945,S2247860__S22-47860-_-DEEP_1,1,1,geometry
6946,S2424258__S2424258,0,0,geometry
6947,S2227604__S22-27604-_-BIOPSY,1,0,geometry
6948,S20-26719__S20-26719,1,1,geometry
6949,S2513846__S25-13846_0_BP1A2021_161650,0,0,geometry
6950,S16-17719__S16-17719,1,1,geometry
6951,S2409392__S2409392,0,1,geometry
6952,S2424259__S2424259,0,1,geometry
6953,S16-17719__S16-17719,1,1,geometry
6954,S2531985__S2531985_0_BP1A2021,0,1,geometry
6955,S2525436__S2525436_0_BP1A2021,0,1,geometry
6956,S2229537__S22-29537-_-SERIAL_1,1,1,geometry
6957,S2415689__S24-15689-_-BIOPSY,1,1,geometry
6958,S2247860__S22-47860-_-DEEP_1,1,0,geometry
6959,S2520404__S2520404_0_BP1A2021,0,0,geometry
6960,S2520402__S2520402_0_BP1A2021,0,0,geometry
6961,S2530985__S2530985_0_BP1A2021,0,1,geometry
6962,S2424255__S2424255,0,0,geometry
6963,S2247860__S22-47860-_-DEEP_1,1,1,geometry
6964,S2524760__S2524760_0_BP1A2021,0,1,geometry
6965,S2427695__S24-27695-_-BIOPSY,0,1,geometry
6966,S2530981__S2530981_0_BP1A2021,0,1,geometry
6967,S2513848__S25-13848_0_BP1A2021_131436,0,0,geometry
6968,S2227608__S22-27608-_-SERIAL_2,1,1,geometry
6969,S2227608__S22-27608-_-SERIAL_2,1,0,geometry
6970,S2526362__S2526362_0_BP1A2021,0,1,geometry
6971,S2227608__S22-27608-_-SERIAL_2,1,1,geometry
6972,S2424258__S2424258,0,1,geometry
6973,S2516970__S25-16970____155248,1,0,geometry
6974,S2247860__S22-47860-_-DEEP_1,1,1,geometry
6975,S2511010__S25-11010_0_BP1A2021_052642,1,1,geometry
6976,S2530981__S2530981_0_BP1A2021,0,0,geometry
6977,S2513846__S25-13846_0_BP1A2021_131523,0,1,geometry
6978,S2516970__S25-16970____155248,1,1,geometry
6979,S2346179__S23-46179-_-BIOPSY,1,0,geometry
6980,S2134277__S2134277,1,1,geometry
6981,S16-17719__S16-17719,1,1,geometry
6982,S2530985__S2530985_0_BP1A2021,0,1,geometry
6983,S2216630__S2216630--DEEP_1,0,1,geometry
6984,S2346179__S23-46179-_-BIOPSY,1,1,geometry
6985,S2415689__S24-15689-_-BIOPSY,1,1,geometry
6986,S2527323__S2527323_0_BP1A2021,0,0,geometry
6987,S2511010__S25-11010_0_BP1A2021_052642,1,1,geometry
6988,S2516970__S25-16970____155248,1,0,geometry
6989,S2516970__S25-16970____155248,1,0,geometry
6990,S2513846__S25-13846_0_BP1A2021_161650,0,0,geometry
6991,S2227608__S22-27608-_-SERIAL_1,1,0,geometry
6992,S2227608__S22-27608-_-SERIAL_2,1,0,geometry
6993,S2227608__S22-27608-_-SERIAL_2,1,1,geometry
6994,S16-17719__S16-17719,1,1,geometry
6995,S2427695__S24-27695-_-BIOPSY,0,1,geometry
6996,S19-40316__S19-40316,1,0,geometry
6997,S2529112__S2529112_0_BP1A2021,0,1,geometry
6998,S16-17719__S16-17719,1,1,geometry
6999,S2531985__S2531985_0_BP1A2021,0,0,geometry
7000,S2516971__S25-16971____155423,0,1,geometry
7001,S2227608__S22-27608-_-SERIAL_2,1,0,geometry
7002,S2409392__S2409392,0,0,geometry
7003,S2227608__S22-27608-_-SERIAL_1,1,0,geometry
7004,S2229537__S22-29537-_-SERIAL_1,1,0,geometry
7005,S20-26719__S20-26719,1,0,geometry
7006,S2513846__S25-13846_0_BP1A2021_131523,0,0,geometry
7007,S2511010__S25-11010_0_BP1A2021_052642,1,1,geometry
7008,S2513846__S25-13846_0_BP1A2021_161650,0,1,geometry
7009,S2516971__S25-16971____155423,0,1,geometry
7010,S2424255__S2424255,0,1,geometry
7011,S2520402__S2520402_0_BP1A2021,0,1,geometry
7012,S16-17719__S16-17719,1,0,geometry
7013,S2530985__S2530985_0_BP1A2021,0,1,geometry
7014,S2401283__S24-01283-_-BIOPSY,0,1,geometry
7015,S2521239__S2521239_0_BP1A2021,0,1,geometry
7016,S2530981__S2530981_0_BP1A2021,0,1,geometry
7017,S2513846__S25-13846_0_BP1A2021_131523,0,1,geometry
7018,S2513846__S25-13846_0_BP1A2021_131523,0,1,geometry
7019,S2528218__S2528218_0_BP1A2021,0,1,geometry
7020,S2524777__S2524777_0_BP1A2021,0,0,geometry
7021,S2227608__S22-27608-_-SERIAL_1,1,0,geometry
7022,S2516970__S25-16970____155248,1,1,geometry
7023,S2511010__S25-11010_0_BP1A2021_052642,1,0,geometry
7024,S2424255__S2424255,0,0,geometry
7025,S2526362__S2526362_0_BP1A2021,0,1,geometry
7026,S2516971__S25-16971____155423,0,1,geometry
7027,S2415689__S24-15689-_-BIOPSY,1,0,geometry
7028,S2237601__S22-37601-_-,0,0,geometry
7029,S2424259__S2424259,0,1,geometry
7030,S20-26719__S20-26719,1,1,geometry
7031,S2513848__S25-13848_0_BP1A2021_131436,0,0,geometry
7032,S2227604__S22-27604-_-BIOPSY,1,1,geometry
7033,S2513846__S25-13846_0_BP1A2021_131523,0,1,geometry
7034,S2346179__S23-46179-_-BIOPSY,1,0,geometry
7035,S2424255__S2424255,0,0,geometry
7036,S2513846__S25-13846_0_BP1A2021_131523,0,1,geometry
7037,S2229537__S22-29537-_-SERIAL_1,1,1,geometry
7038,S2516971__S25-16971____155423,0,1,geometry
7039,S2511010__S25-11010_0_BP1A2021_052642,1,1,geometry
7040,S2527323__S2527323_0_BP1A2021,0,0,geometry
7041,S2512685__S2512685_0_,0,1,geometry
7042,S19-40316__S19-40316,1,1,geometry
7043,S2530981__S2530981_0_BP1A2021,0,1,geometry
7044,S2516970__S25-16970____155248,1,0,geometry
7045,S2346179__S23-46179-_-BIOPSY,1,0,geometry
7046,S19-40316__S19-40316,1,0,geometry
7047,S2516970__S25-16970____155248,1,1,geometry
7048,S2237601__S22-37601-_-,0,1,geometry
7049,S2524777__S2524777_0_BP1A2021,0,1,geometry
7050,S2424259__S2424259,0,0,geometry
7051,S20-26719__S20-26719,1,1,geometry
7052,S2237601__S22-37601-_-,0,1,geometry
7053,S2516970__S25-16970____155248,1,0,geometry
7054,S2415689__S24-15689-_-BIOPSY,1,0,geometry
7055,S2346179__S23-46179-_-BIOPSY,1,0,geometry
7056,S20-28924__S20-28924,0,0,geometry
7057,S2522994__S2522994_0_BP1A2021,0,0,geometry
7058,S2535840__S2535840_0_BP1A2021,0,1,geometry
7059,S2527323__S2527323_0_BP1A2021,0,0,geometry
7060,S2247860__S22-47860-_-DEEP_1,1,1,geometry
7061,S2511010__S25-11010_0_BP1A2021_052642,1,1,geometry
7062,S2401283__S24-01283-_-BIOPSY,0,1,geometry
7063,S2227608__S22-27608-_-SERIAL_1,1,0,geometry
7064,S2346179__S23-46179-_-BIOPSY,1,1,geometry
7065,S2247860__S22-47860-_-DEEP_1,1,1,geometry
7066,S2247860__S22-47860-_-DEEP_1,1,1,geometry
7067,S2513848__S25-13848_0_BP1A2021_131436,0,1,geometry
7068,S2406753__S24-06753-_-DEEP_1,0,1,geometry
7069,S2344462__S23-44462-_-BIOPSY,0,0,geometry
7070,S2229537__S22-29537-_-SERIAL_1,1,1,geometry
7071,S2229537__S22-29537-_-SERIAL_1,1,1,geometry
7072,S20-26719__S20-26719,1,1,geometry
7073,S2529112__S2529112_0_BP1A2021,0,1,geometry
7074,S2346179__S23-46179-_-BIOPSY,1,0,geometry
7075,S2436457__S2436457_BP1B11_C_15540_2,0,0,geometry
7076,S2511010__S25-11010_0_BP1A2021_052642,1,1,geometry
7077,S2531985__S2531985_0_BP1A2021,0,1,geometry
7078,S2229537__S22-29537-_-SERIAL_1,1,0,geometry
7079,S2424255__S2424255,0,1,geometry
7080,S2415689__S24-15689-_-BIOPSY,1,1,geometry
7081,S2511010__S25-11010_0_BP1A2021_052642,1,0,geometry
7082,S2425843__S24-25843-_-BIOPSY,0,1,geometry
7083,S2227604__S22-27604-_-BIOPSY,1,1,geometry
7084,S2227604__S22-27604-_-BIOPSY,1,0,geometry
7085,S16-17719__S16-17719,1,0,geometry
7086,S2227604__S22-27604-_-BIOPSY,1,0,geometry
7087,S2247860__S22-47860-_-DEEP_1,1,0,geometry
7088,S2406754__S24-06754-_-DEEP_2,0,0,geometry
7089,S2511007__S25-11007_0_BP1A2021_052433,0,1,geometry
7090,S2227604__S22-27604-_-BIOPSY,1,1,geometry
7091,S2346179__S23-46179-_-BIOPSY,1,1,geometry
7092,S2424259__S2424259,0,1,geometry
7093,S2415689__S24-15689-_-BIOPSY,1,1,geometry
7094,S2520402__S2520402_0_BP1A2021,0,1,geometry
7095,S19-40316__S19-40316,1,0,geometry
7096,S2227608__S22-27608-_-SERIAL_2,1,1,geometry
7097,S2516971__S25-16971____140945,0,1,geometry
7098,S2346179__S23-46179-_-BIOPSY,1,0,geometry
7099,S2525436__S2525436_0_BP1A2021,0,0,geometry
7100,S2521239__S2521239_0_BP1A2021,0,1,geometry
7101,S2531989__S2531989_0_BP1A2021,0,1,geometry
7102,S2216630__S2216630--DEEP_1,0,1,geometry
7103,S2227604__S22-27604-_-BIOPSY,1,0,geometry
7104,S2346179__S23-46179-_-BIOPSY,1,0,geometry
7105,S2415689__S24-15689-_-BIOPSY,1,1,geometry
7106,S2520402__S2520402_0_BP1A2021,0,0,geometry
7107,S2520402__S2520402_0_BP1A2021,0,0,geometry
7108,S2521239__S2521239_0_BP1A2021,0,0,geometry
7109,S2134277__S2134277,1,0,geometry
7110,S2406753__S24-06753-_-DEEP_1,0,1,geometry
7111,S16-17719__S16-17719,1,0,geometry
7112,S2415689__S24-15689-_-BIOPSY,1,0,geometry
7113,S2229537__S22-29537-_-SERIAL_1,1,0,geometry
7114,S16-17719__S16-17719,1,1,geometry
7115,S2406754__S24-06754-_-DEEP_2,0,1,geometry
7116,S20-28924__S20-28924,0,1,geometry
7117,S2229537__S22-29537-_-SERIAL_1,1,0,geometry
7118,S2227608__S22-27608-_-SERIAL_2,1,1,geometry
7119,S20-26719__S20-26719,1,1,geometry
7120,S2530985__S2530985_0_BP1A2021,0,0,geometry
7121,S2227604__S22-27604-_-BIOPSY,1,0,geometry
7122,S2227608__S22-27608-_-SERIAL_2,1,1,geometry
7123,S2237601__S22-37601-_-,0,1,geometry
7124,S2406753__S24-06753-_-DEEP_1,0,0,geometry
7125,S2530991__S2530991_0_BP1A2021,0,0,geometry
7126,S2134277__S2134277,1,1,geometry
7127,S2528218__S2528218_0_BP1A2021,0,0,geometry
7128,S2227604__S22-27604-_-BIOPSY,1,0,geometry
7129,S2525436__S2525436_0_BP1A2021,0,0,geometry
7130,S2527323__S2527323_0_BP1A2021,0,0,geometry
7131,S2535840__S2535840_0_BP1A2021,0,0,geometry
7132,S2415689__S24-15689-_-BIOPSY,1,1,geometry
7133,S2516971__S25-16971____155423,0,0,geometry
7134,S2134277__S2134277,1,0,geometry
7135,S2530985__S2530985_0_BP1A2021,0,0,geometry
7136,S2415689__S24-15689-_-BIOPSY,1,1,geometry
7137,S2134277__S2134277,1,1,geometry
7138,S2511010__S25-11010_0_BP1A2021_052642,1,0,geometry
7139,S2415689__S24-15689-_-BIOPSY,1,1,geometry
7140,S16-17719__S16-17719,1,1,geometry
7141,S2346179__S23-46179-_-BIOPSY,1,1,geometry
7142,S2531989__S2531989_0_BP1A2021,0,0,geometry
7143,S2409392__S2409392,0,0,geometry
7144,S2511010__S25-11010_0_BP1A2021_052642,1,0,geometry
7145,S2524760__S2524760_0_BP1A2021,0,0,geometry
7146,S2401283__S24-01283-_-BIOPSY,0,0,geometry
7147,S2346179__S23-46179-_-BIOPSY,1,1,geometry
7148,S2247860__S22-47860-_-DEEP_1,1,1,geometry
7149,S2529112__S2529112_0_BP1A2021,0,0,geometry
7150,S2530049__S2530049_0_BP1A2021,0,1,geometry
7151,S19-40316__S19-40316,1,0,geometry
7152,S2247860__S22-47860-_-DEEP_1,1,0,geometry
7153,S2535840__S2535840_0_BP1A2021,0,0,geometry
7154,S2229537__S22-29537-_-SERIAL_1,1,0,geometry
7155,S2511010__S25-11010_0_BP1A2021_052642,1,0,geometry
7156,S2525436__S2525436_0_BP1A2021,0,0,geometry
7157,S2436457__S2436457_BP1B11_C_15540_2,0,0,geometry
7158,S20-28924__S20-28924,0,0,geometry
7159,S2516970__S25-16970____155248,1,1,geometry
7160,S2513846__S25-13846_0_BP1A2021_161650,0,1,geometry
7161,S2511010__S25-11010_0_BP1A2021_052642,1,1,geometry
7162,S2424258__S2424258,0,0,geometry
7163,S2511010__S25-11010_0_BP1A2021_052642,1,1,geometry
7164,S2227608__S22-27608-_-SERIAL_2,1,1,geometry
7165,S20-28924__S20-28924,0,0,geometry
7166,S2344462__S23-44462-_-BIOPSY,0,0,geometry
7167,S2409392__S2409392,0,1,geometry
7168,S2511010__S25-11010_0_BP1A2021_052642,1,1,geometry
7169,S2520404__S2520404_0_BP1A2021,0,0,geometry
7170,S2521239__S2521239_0_BP1A2021,0,0,geometry
7171,S2229537__S22-29537-_-SERIAL_1,1,0,geometry
7172,S2227608__S22-27608-_-SERIAL_1,1,1,geometry
7173,S2520404__S2520404_0_BP1A2021,0,1,geometry
7174,S2521239__S2521239_0_BP1A2021,0,1,geometry
7175,S2530985__S2530985_0_BP1A2021,0,1,geometry
7176,S2511007__S25-11007_0_BP1A2021_052433,0,0,geometry
7177,S2227608__S22-27608-_-SERIAL_1,1,0,geometry
7178,S2424255__S2424255,0,0,geometry
7179,S2530985__S2530985_0_BP1A2021,0,0,geometry
7180,S2524760__S2524760_0_BP1A2021,0,0,geometry
7181,S2229537__S22-29537-_-SERIAL_1,1,1,geometry
7182,S2528218__S2528218_0_BP1A2021,0,0,geometry
7183,S2527323__S2527323_0_BP1A2021,0,0,geometry
7184,S2516971__S25-16971____140945,0,1,geometry
7185,S2511006__S25-11006_0_BP1A2021_052242,0,1,geometry
7186,S2512685__S2512685_0_,0,1,geometry
7187,S2531989__S2531989_0_BP1A2021,0,1,geometry
7188,S2529112__S2529112_0_BP1A2021,0,1,geometry
7189,S2521239__S2521239_0_BP1A2021,0,1,geometry
7190,S2520402__S2520402_0_BP1A2021,0,1,geometry
7191,S2511006__S25-11006_0_BP1A2021_052242,0,1,geometry
7192,S2406753__S24-06753-_-SERIAL_2,0,0,geometry
7193,S2227604__S22-27604-_-BIOPSY,1,1,geometry
7194,S20-28924__S20-28924,0,1,geometry
7195,S16-17719__S16-17719,1,1,geometry
7196,S2409392__S2409392,0,1,geometry
7197,S2520404__S2520404_0_BP1A2021,0,1,geometry
7198,S2513846__S25-13846_0_BP1A2021_131523,0,0,geometry
7199,S2516971__S25-16971____155423,0,1,geometry
7200,S2227608__S22-27608-_-SERIAL_1,1,1,geometry
7201,S19-40316__S19-40316,1,1,geometry
7202,S2528218__S2528218_0_BP1A2021,0,0,geometry
7203,S2512685__S2512685_0_,0,1,geometry
7204,S20-26719__S20-26719,1,0,geometry
7205,S2521239__S2521239_0_BP1A2021,0,1,geometry
7206,S2227608__S22-27608-_-SERIAL_2,1,1,geometry
7207,S2227604__S22-27604-_-BIOPSY,1,0,geometry
7208,S2511010__S25-11010_0_BP1A2021_052642,1,1,geometry
7209,S2247860__S22-47860-_-DEEP_1,1,0,geometry
7210,S2415689__S24-15689-_-BIOPSY,1,1,geometry
7211,S2227604__S22-27604-_-BIOPSY,1,1,geometry
7212,S2346179__S23-46179-_-BIOPSY,1,1,geometry
7213,S2516971__S25-16971____155423,0,0,geometry
7214,S2516970__S25-16970____155248,1,1,geometry
7215,S20-26719__S20-26719,1,1,geometry
7216,S20-26719__S20-26719,1,0,geometry
7217,S2237601__S22-37601-_-,0,0,geometry
7218,S2406753__S24-06753-_-DEEP_1,0,0,geometry
7219,S2516970__S25-16970____155248,1,0,geometry
7220,S2406753__S24-06753-_-SERIAL_2,0,0,geometry
7221,S2406754__S24-06754-_-DEEP_2,0,0,geometry
7222,S2229537__S22-29537-_-SERIAL_1,1,0,geometry
7223,S2344462__S23-44462-_-BIOPSY,0,1,geometry
7224,S2520402__S2520402_0_BP1A2021,0,1,geometry
7225,S16-17719__S16-17719,1,1,geometry
7226,S2346179__S23-46179-_-BIOPSY,1,1,geometry
7227,S2521239__S2521239_0_BP1A2021,0,1,geometry
7228,S2247860__S22-47860-_-DEEP_1,1,1,geometry
7229,S2511007__S25-11007_0_BP1A2021_052433,0,0,geometry
7230,S2516970__S25-16970____155248,1,1,geometry
7231,S2525436__S2525436_0_BP1A2021,0,0,geometry
7232,S2535840__S2535840_0_BP1A2021,0,1,geometry
7233,S2134277__S2134277,1,1,geometry
7234,S2415689__S24-15689-_-BIOPSY,1,1,geometry
7235,S2424258__S2424258,0,0,geometry
7236,S2406754__S24-06754-_-SERIAL_1,0,0,geometry
7237,S2528218__S2528218_0_BP1A2021,0,1,geometry
7238,S2406754__S24-06754-_-DEEP_2,0,0,geometry
7239,S2406753__S24-06753-_-SERIAL_2,0,0,geometry
7240,S20-26719__S20-26719,1,1,geometry
7241,S2520404__S2520404_0_BP1A2021,0,0,geometry
7242,S2427695__S2427695_BP1B27_C_14045_3,0,0,geometry
7243,S2529112__S2529112_0_BP1A2021,0,1,geometry
7244,S20-26719__S20-26719,1,1,geometry
7245,S2513846__S25-13846_0_BP1A2021_131523,0,0,geometry
7246,S2535840__S2535840_0_BP1A2021,0,0,geometry
7247,S2227604__S22-27604-_-BIOPSY,1,0,geometry
7248,S2531989__S2531989_0_BP1A2021,0,0,geometry
7249,S2522994__S2522994_0_BP1A2021,0,0,geometry
7250,S2227608__S22-27608-_-SERIAL_2,1,1,geometry
7251,S2535840__S2535840_0_BP1A2021,0,1,geometry
7252,S2531989__S2531989_0_BP1A2021,0,0,geometry
7253,S2516971__S25-16971____140945,0,0,geometry
7254,S2134277__S2134277,1,0,geometry
7255,S2346179__S23-46179-_-BIOPSY,1,1,geometry
7256,S2424258__S2424258,0,0,geometry
7257,S2511010__S25-11010_0_BP1A2021_052642,1,0,geometry
7258,S2530991__S2530991_0_BP1A2021,0,0,geometry
7259,S2520404__S2520404_0_BP1A2021,0,0,geometry
7260,S2436457__S2436457_BP1B11_C_15540_2,0,1,geometry
7261,S2227608__S22-27608-_-SERIAL_2,1,1,geometry
7262,S2134277__S2134277,1,1,geometry
7263,S2427695__S24-27695-_-BIOPSY,0,0,geometry
7264,S2227604__S22-27604-_-BIOPSY,1,0,geometry
7265,S2227608__S22-27608-_-SERIAL_2,1,0,geometry
7266,S20-26719__S20-26719,1,0,geometry
7267,S20-28924__S20-28924,0,0,geometry
7268,S2520402__S2520402_0_BP1A2021,0,1,geometry
7269,S2511006__S25-11006_0_BP1A2021_052242,0,0,geometry
7270,S2134277__S2134277,1,1,geometry
7271,S2227604__S22-27604-_-BIOPSY,1,0,geometry
7272,S2134277__S2134277,1,1,geometry
7273,S2344462__S23-44462-_-BIOPSY,0,1,geometry
7274,S2227608__S22-27608-_-SERIAL_2,1,0,geometry
7275,S2134277__S2134277,1,1,geometry
7276,S2511010__S25-11010_0_BP1A2021_052642,1,0,geometry
7277,S2525436__S2525436_0_BP1A2021,0,0,geometry
7278,S2516971__S25-16971____140945,0,1,geometry
7279,S2516970__S25-16970____155248,1,0,geometry
7280,S2511010__S25-11010_0_BP1A2021_052642,1,0,geometry
7281,S16-17719__S16-17719,1,1,geometry
7282,S20-28924__S20-28924,0,0,geometry
7283,S20-26719__S20-26719,1,0,geometry
7284,S2227608__S22-27608-_-SERIAL_1,1,0,geometry
7285,S2216630__S2216630--DEEP_1,0,1,geometry
7286,S16-17719__S16-17719,1,1,geometry
7287,S20-26719__S20-26719,1,0,geometry
7288,S2520404__S2520404_0_BP1A2021,0,0,geometry
7289,S2516970__S25-16970____155248,1,1,geometry
7290,S2527323__S2527323_0_BP1A2021,0,0,geometry
7291,S20-26719__S20-26719,1,0,geometry
7292,S2524777__S2524777_0_BP1A2021,0,1,geometry
7293,S2401283__S24-01283-_-BIOPSY,0,0,geometry
7294,S2512685__S2512685_0_,0,1,geometry
7295,S2229537__S22-29537-_-SERIAL_1,1,1,geometry
7296,S2227608__S22-27608-_-SERIAL_2,1,1,geometry
7297,S2406754__S24-06754-_-DEEP_2,0,1,geometry
7298,S2520404__S2520404_0_BP1A2021,0,1,geometry
7299,S2516970__S25-16970____155248,1,0,geometry
7300,S2424255__S2424255,0,0,geometry
7301,S2227608__S22-27608-_-SERIAL_2,1,1,geometry
7302,S2424258__S2424258,0,1,geometry
7303,S20-26719__S20-26719,1,0,geometry
7304,S2513848__S25-13848_0_BP1A2021_131436,0,1,geometry
7305,S2530985__S2530985_0_BP1A2021,0,1,geometry
7306,S2511010__S25-11010_0_BP1A2021_052642,1,0,geometry
7307,S2401283__S24-01283-_-BIOPSY,0,0,geometry
7308,S2511010__S25-11010_0_BP1A2021_052642,1,1,geometry
7309,S2227604__S22-27604-_-BIOPSY,1,0,geometry
7310,S20-26719__S20-26719,1,0,geometry
7311,S19-40316__S19-40316,1,1,geometry
7312,S2527323__S2527323_0_BP1A2021,0,0,geometry
7313,S16-17719__S16-17719,1,0,geometry
7314,S16-17719__S16-17719,1,1,geometry
7315,S2134277__S2134277,1,0,geometry
7316,S2511010__S25-11010_0_BP1A2021_052642,1,1,geometry
7317,S2524760__S2524760_0_BP1A2021,0,1,geometry
7318,S2528218__S2528218_0_BP1A2021,0,0,geometry
7319,S2229537__S22-29537-_-SERIAL_1,1,0,geometry
7320,S2511010__S25-11010_0_BP1A2021_052642,1,1,geometry
7321,S2227604__S22-27604-_-BIOPSY,1,1,geometry
7322,S2227608__S22-27608-_-SERIAL_2,1,0,geometry
7323,S2427695__S2427695_BP1B27_C_14045_3,0,1,geometry
7324,S2511007__S25-11007_0_BP1A2021_052433,0,1,geometry
7325,S2247860__S22-47860-_-DEEP_1,1,0,geometry
7326,S19-40316__S19-40316,1,0,geometry
7327,S2521239__S2521239_0_BP1A2021,0,1,geometry
7328,S2516971__S25-16971____155423,0,1,geometry
7329,S2344462__S23-44462-_-BIOPSY,0,0,geometry
7330,S2415689__S24-15689-_-BIOPSY,1,0,geometry
7331,S2134277__S2134277,1,1,geometry
7332,S2346179__S23-46179-_-BIOPSY,1,0,geometry
7333,S2227608__S22-27608-_-SERIAL_1,1,0,geometry
7334,S2134277__S2134277,1,0,geometry
7335,S2406753__S24-06753-_-DEEP_1,0,1,geometry
7336,S2511006__S25-11006_0_BP1A2021_052242,0,1,geometry
7337,S2524760__S2524760_0_BP1A2021,0,0,geometry
7338,S20-26719__S20-26719,1,0,geometry
7339,S2513846__S25-13846_0_BP1A2021_131523,0,1,geometry
7340,S2436457__S2436457_BP1B11_C_15540_2,0,1,geometry
7341,S2227608__S22-27608-_-SERIAL_1,1,1,geometry
7342,S2247860__S22-47860-_-DEEP_1,1,1,geometry
7343,S2427695__S2427695_BP1B27_C_14045_3,0,1,geometry
7344,S16-17719__S16-17719,1,1,geometry
7345,S2527323__S2527323_0_BP1A2021,0,0,geometry
7346,S2227604__S22-27604-_-BIOPSY,1,0,geometry
7347,S19-40316__S19-40316,1,1,geometry
7348,S16-17719__S16-17719,1,0,geometry
7349,S2511010__S25-11010_0_BP1A2021_052642,1,1,geometry
7350,S2406753__S24-06753-_-DEEP_1,0,1,geometry
7351,S20-28924__S20-28924,0,1,geometry
7352,S2227608__S22-27608-_-SERIAL_2,1,1,geometry
7353,S2409392__S2409392,0,1,geometry
7354,S19-40316__S19-40316,1,1,geometry
7355,S19-40316__S19-40316,1,0,geometry
7356,S2511010__S25-11010_0_BP1A2021_052642,1,0,geometry
7357,S2227604__S22-27604-_-BIOPSY,1,0,geometry
7358,S2530985__S2530985_0_BP1A2021,0,1,geometry
7359,S19-40316__S19-40316,1,1,geometry
7360,S2511007__S25-11007_0_BP1A2021_052433,0,1,geometry
7361,S2511006__S25-11006_0_BP1A2021_052242,0,1,geometry
7362,S2516970__S25-16970____155248,1,0,geometry
7363,S2516970__S25-16970____155248,1,1,geometry
7364,S2406753__S24-06753-_-DEEP_1,0,0,geometry
7365,S2531985__S2531985_0_BP1A2021,0,0,geometry
7366,S2134277__S2134277,1,0,geometry
7367,S2531989__S2531989_0_BP1A2021,0,0,geometry
7368,S16-17719__S16-17719,1,1,geometry
7369,S2406753__S24-06753-_-SERIAL_2,0,1,geometry
7370,S2237601__S22-37601-_-,0,0,geometry
7371,S2520404__S2520404_0_BP1A2021,0,0,geometry
7372,S2516970__S25-16970____155248,1,0,geometry
7373,S2516970__S25-16970____155248,1,0,geometry
7374,S2529112__S2529112_0_BP1A2021,0,0,geometry
7375,S2530991__S2530991_0_BP1A2021,0,1,geometry
7376,S2346179__S23-46179-_-BIOPSY,1,0,geometry
7377,S2401283__S24-01283-_-BIOPSY,0,1,geometry
7378,S2344462__S23-44462-_-BIOPSY,0,0,geometry
7379,S2406754__S24-06754-_-DEEP_2,0,0,geometry
7380,S2530981__S2530981_0_BP1A2021,0,1,geometry
7381,S16-17719__S16-17719,1,1,geometry
7382,S2247860__S22-47860-_-DEEP_1,1,0,geometry
7383,S2227604__S22-27604-_-BIOPSY,1,0,geometry
7384,S2511010__S25-11010_0_BP1A2021_052642,1,0,geometry
7385,S2528218__S2528218_0_BP1A2021,0,0,geometry
7386,S2527323__S2527323_0_BP1A2021,0,1,geometry
7387,S2530985__S2530985_0_BP1A2021,0,1,geometry
7388,S2529112__S2529112_0_BP1A2021,0,1,geometry
7389,S2516970__S25-16970____155248,1,1,geometry
7390,S2227608__S22-27608-_-SERIAL_1,1,0,geometry
7391,S2427695__S24-27695-_-BIOPSY,0,0,geometry
7392,S2513846__S25-13846_0_BP1A2021_161650,0,0,geometry
7393,S20-26719__S20-26719,1,0,geometry
7394,S2511009__S25-11009_0_BP1A2021_052542,0,0,geometry
7395,S2247860__S22-47860-_-DEEP_1,1,1,geometry
7396,S2227604__S22-27604-_-BIOPSY,1,1,geometry
7397,S2516971__S25-16971____140945,0,0,geometry
7398,S20-26719__S20-26719,1,0,geometry
7399,S2227608__S22-27608-_-SERIAL_1,1,1,geometry
7400,S2134277__S2134277,1,0,geometry
7401,S2415689__S24-15689-_-BIOPSY,1,1,geometry
7402,S2511010__S25-11010_0_BP1A2021_052642,1,0,geometry
7403,S2511010__S25-11010_0_BP1A2021_052642,1,1,geometry
7404,S20-28924__S20-28924,0,1,geometry
7405,S2529112__S2529112_0_BP1A2021,0,1,geometry
7406,S2134277__S2134277,1,1,geometry
7407,S2415689__S24-15689-_-BIOPSY,1,0,geometry
7408,S2247860__S22-47860-_-DEEP_1,1,0,geometry
7409,S2401283__S24-01283-_-BIOPSY,0,1,geometry
7410,S2415689__S24-15689-_-BIOPSY,1,0,geometry
7411,S2346179__S23-46179-_-BIOPSY,1,1,geometry
7412,S2516971__S25-16971____155423,0,0,geometry
7413,S2227608__S22-27608-_-SERIAL_1,1,0,geometry
7414,S2427695__S2427695_BP1B27_C_14045_3,0,1,geometry
7415,S2511006__S25-11006_0_BP1A2021_052242,0,0,geometry
7416,S2513848__S25-13848_0_BP1A2021_131436,0,0,geometry
7417,S16-17719__S16-17719,1,0,geometry
7418,S2409392__S2409392,0,0,geometry
7419,S16-17719__S16-17719,1,1,geometry
7420,S2227608__S22-27608-_-SERIAL_1,1,0,geometry
7421,S2227608__S22-27608-_-SERIAL_2,1,1,geometry
7422,S2227608__S22-27608-_-SERIAL_2,1,0,geometry
7423,S2524760__S2524760_0_BP1A2021,0,0,geometry
7424,S2522994__S2522994_0_BP1A2021,0,1,geometry
7425,S19-40316__S19-40316,1,1,geometry
7426,S2415689__S24-15689-_-BIOPSY,1,1,geometry
7427,S20-26719__S20-26719,1,1,geometry
7428,S16-17719__S16-17719,1,0,geometry
7429,S2406754__S24-06754-_-DEEP_2,0,0,geometry
7430,S2406753__S24-06753-_-SERIAL_2,0,0,geometry
7431,S2530991__S2530991_0_BP1A2021,0,1,geometry
7432,S2531989__S2531989_0_BP1A2021,0,0,geometry
7433,S16-17719__S16-17719,1,1,geometry
7434,S2229537__S22-29537-_-SERIAL_1,1,1,geometry
7435,S2227608__S22-27608-_-SERIAL_2,1,0,geometry
7436,S2134277__S2134277,1,0,geometry
7437,S16-17719__S16-17719,1,1,geometry
7438,S2401283__S24-01283-_-BIOPSY,0,0,geometry
7439,S2531985__S2531985_0_BP1A2021,0,0,geometry
7440,S2528218__S2528218_0_BP1A2021,0,1,geometry
7441,S2530981__S2530981_0_BP1A2021,0,0,geometry
7442,S2415689__S24-15689-_-BIOPSY,1,0,geometry
7443,S2227608__S22-27608-_-SERIAL_1,1,0,geometry
7444,S2535840__S2535840_0_BP1A2021,0,0,geometry
7445,S2424258__S2424258,0,1,geometry
7446,S2531985__S2531985_0_BP1A2021,0,1,geometry
7447,S2516971__S25-16971____155423,0,0,geometry
7448,S2530985__S2530985_0_BP1A2021,0,0,geometry
7449,S2530981__S2530981_0_BP1A2021,0,1,geometry
7450,S2511006__S25-11006_0_BP1A2021_052242,0,0,geometry
7451,S2427695__S24-27695-_-BIOPSY,0,1,geometry
7452,S2346179__S23-46179-_-BIOPSY,1,1,geometry
7453,S2424255__S2424255,0,0,geometry
7454,S2415689__S24-15689-_-BIOPSY,1,0,geometry
7455,S2346179__S23-46179-_-BIOPSY,1,0,geometry
7456,S2511010__S25-11010_0_BP1A2021_052642,1,1,geometry
7457,S19-40316__S19-40316,1,1,geometry
7458,S2247860__S22-47860-_-DEEP_1,1,1,geometry
7459,S2409392__S2409392,0,1,geometry
7460,S2522994__S2522994_0_BP1A2021,0,1,geometry
7461,S2530985__S2530985_0_BP1A2021,0,0,geometry
7462,S16-17719__S16-17719,1,0,geometry
7463,S2516971__S25-16971____140945,0,1,geometry
7464,S16-17719__S16-17719,1,0,geometry
7465,S20-26719__S20-26719,1,0,geometry
7466,S2406753__S24-06753-_-DEEP_1,0,0,geometry
7467,S2406753__S24-06753-_-DEEP_1,0,0,geometry
7468,S2527323__S2527323_0_BP1A2021,0,1,geometry
7469,S2516971__S25-16971____155423,0,1,geometry
7470,S2216630__S2216630--DEEP_1,0,1,geometry
7471,S2229537__S22-29537-_-SERIAL_1,1,1,geometry
7472,S20-26719__S20-26719,1,0,geometry
7473,S2513846__S25-13846_0_BP1A2021_131523,0,0,geometry
7474,S19-40316__S19-40316,1,1,geometry
7475,S2415689__S24-15689-_-BIOPSY,1,1,geometry
7476,S2424258__S2424258,0,1,geometry
7477,S2247860__S22-47860-_-DEEP_1,1,1,geometry
7478,S2436457__S2436457_BP1B11_C_15540_2,0,1,geometry
7479,S2524777__S2524777_0_BP1A2021,0,0,geometry
7480,S2524777__S2524777_0_BP1A2021,0,1,geometry
7481,S2406754__S24-06754-_-DEEP_2,0,0,geometry
7482,S2227608__S22-27608-_-SERIAL_1,1,1,geometry
7483,S2237601__S22-37601-_-,0,0,geometry
7484,S16-17719__S16-17719,1,1,geometry
7485,S2247860__S22-47860-_-DEEP_1,1,0,geometry
7486,S2511009__S25-11009_0_BP1A2021_052542,0,1,geometry
7487,S2511007__S25-11007_0_BP1A2021_052433,0,1,geometry
7488,S2415689__S24-15689-_-BIOPSY,1,1,geometry
7489,S20-26719__S20-26719,1,0,geometry
7490,S2529112__S2529112_0_BP1A2021,0,0,geometry
7491,S2134277__S2134277,1,0,geometry
7492,S2511010__S25-11010_0_BP1A2021_052642,1,0,geometry
7493,S2527323__S2527323_0_BP1A2021,0,1,geometry
7494,S2511010__S25-11010_0_BP1A2021_052642,1,1,geometry
7495,S2216630__S2216630--DEEP_1,0,1,geometry
7496,S2524760__S2524760_0_BP1A2021,0,0,geometry
7497,S2522994__S2522994_0_BP1A2021,0,1,geometry
7498,S2424255__S2424255,0,1,geometry
7499,S2530981__S2530981_0_BP1A2021,0,0,geometry
7500,S2415689__S24-15689-_-BIOPSY,1,0,geometry
7501,S2409392__S2409392,0,0,geometry
7502,S2427695__S2427695_BP1B27_C_14045_3,0,1,geometry
7503,S2415689__S24-15689-_-BIOPSY,1,1,geometry
7504,S2406754__S24-06754-_-SERIAL_1,0,1,geometry
7505,S2525436__S2525436_0_BP1A2021,0,1,geometry
7506,S2134277__S2134277,1,1,geometry
7507,S2436457__S2436457_BP1B11_C_15540_2,0,0,geometry
7508,S2511010__S25-11010_0_BP1A2021_052642,1,1,geometry
7509,S2227608__S22-27608-_-SERIAL_1,1,0,geometry
7510,S2227608__S22-27608-_-SERIAL_2,1,0,geometry
7511,S2415689__S24-15689-_-BIOPSY,1,0,geometry
7512,S2511006__S25-11006_0_BP1A2021_052242,0,0,geometry
7513,S2522994__S2522994_0_BP1A2021,0,1,geometry
7514,S2409392__S2409392,0,1,geometry
7515,S2227608__S22-27608-_-SERIAL_2,1,1,geometry
7516,S2511006__S25-11006_0_BP1A2021_052242,0,1,geometry
7517,S2216630__S2216630--DEEP_1,0,0,geometry
7518,S2401283__S24-01283-_-BIOPSY,0,0,geometry
7519,S2409392__S2409392,0,1,geometry
7520,S2247860__S22-47860-_-DEEP_1,1,1,geometry
7521,S2229537__S22-29537-_-SERIAL_1,1,1,geometry
7522,S2535840__S2535840_0_BP1A2021,0,1,geometry
7523,S2227604__S22-27604-_-BIOPSY,1,1,geometry
7524,S2401283__S24-01283-_-BIOPSY,0,0,geometry
7525,S2513846__S25-13846_0_BP1A2021_131523,0,1,geometry
7526,S2227608__S22-27608-_-SERIAL_2,1,1,geometry
7527,S2513846__S25-13846_0_BP1A2021_131523,0,0,geometry
7528,S2512685__S2512685_0_,0,0,geometry
7529,S2134277__S2134277,1,0,geometry
7530,S2227604__S22-27604-_-BIOPSY,1,1,geometry
7531,S2346179__S23-46179-_-BIOPSY,1,1,geometry
7532,S2535840__S2535840_0_BP1A2021,0,1,geometry
7533,S2521239__S2521239_0_BP1A2021,0,1,geometry
7534,S2401283__S24-01283-_-BIOPSY,0,1,geometry
7535,S2247860__S22-47860-_-DEEP_1,1,0,geometry
7536,S2427695__S2427695_BP1B27_C_14045_3,0,1,geometry
7537,S2513846__S25-13846_0_BP1A2021_161650,0,0,geometry
7538,S16-17719__S16-17719,1,1,geometry
7539,S2227604__S22-27604-_-BIOPSY,1,0,geometry
7540,S2227604__S22-27604-_-BIOPSY,1,0,geometry
7541,S2530049__S2530049_0_BP1A2021,0,1,geometry
7542,S2511010__S25-11010_0_BP1A2021_052642,1,1,geometry
7543,S2415689__S24-15689-_-BIOPSY,1,0,geometry
7544,S2229537__S22-29537-_-SERIAL_1,1,1,geometry
7545,S2134277__S2134277,1,0,geometry
7546,S20-26719__S20-26719,1,1,geometry
7547,S2134277__S2134277,1,0,geometry
7548,S2346179__S23-46179-_-BIOPSY,1,1,geometry
7549,S2346179__S23-46179-_-BIOPSY,1,0,geometry
7550,S2346179__S23-46179-_-BIOPSY,1,0,geometry
7551,S2247860__S22-47860-_-DEEP_1,1,1,geometry
7552,S19-40316__S19-40316,1,1,geometry
7553,S19-40316__S19-40316,1,0,geometry
7554,S2229537__S22-29537-_-SERIAL_1,1,0,geometry
7555,S2531985__S2531985_0_BP1A2021,0,0,geometry
7556,S2511007__S25-11007_0_BP1A2021_052433,0,1,geometry
7557,S19-40316__S19-40316,1,0,geometry
7558,S2522994__S2522994_0_BP1A2021,0,1,geometry
7559,S2346179__S23-46179-_-BIOPSY,1,1,geometry
7560,S2520404__S2520404_0_BP1A2021,0,0,geometry
7561,S2247860__S22-47860-_-DEEP_1,1,1,geometry
7562,S2346179__S23-46179-_-BIOPSY,1,0,geometry
7563,S2511010__S25-11010_0_BP1A2021_052642,1,0,geometry
7564,S16-17719__S16-17719,1,1,geometry
7565,S2424259__S2424259,0,0,geometry
7566,S2247860__S22-47860-_-DEEP_1,1,0,geometry
7567,S2525436__S2525436_0_BP1A2021,0,0,geometry
7568,S19-40316__S19-40316,1,0,geometry
7569,S2516970__S25-16970____155248,1,1,geometry
7570,S2229537__S22-29537-_-SERIAL_1,1,1,geometry
7571,S2511009__S25-11009_0_BP1A2021_052542,0,0,geometry
7572,S2513846__S25-13846_0_BP1A2021_131523,0,0,geometry
7573,S2247860__S22-47860-_-DEEP_1,1,0,geometry
7574,S2134277__S2134277,1,0,geometry
7575,S2401283__S24-01283-_-BIOPSY,0,1,geometry
7576,S2522994__S2522994_0_BP1A2021,0,0,geometry
7577,S19-40316__S19-40316,1,0,geometry
7578,S2425843__S24-25843-_-BIOPSY,0,0,geometry
7579,S20-26719__S20-26719,1,0,geometry
7580,S2227608__S22-27608-_-SERIAL_2,1,0,geometry
7581,S2346179__S23-46179-_-BIOPSY,1,0,geometry
7582,S2216630__S2216630--DEEP_1,0,1,geometry
7583,S20-26719__S20-26719,1,1,geometry
7584,S2513846__S25-13846_0_BP1A2021_161650,0,0,geometry
7585,S2531985__S2531985_0_BP1A2021,0,1,geometry
7586,S2229537__S22-29537-_-SERIAL_1,1,1,geometry
7587,S2229537__S22-29537-_-SERIAL_1,1,1,geometry
7588,S2535840__S2535840_0_BP1A2021,0,1,geometry
7589,S2227608__S22-27608-_-SERIAL_2,1,1,geometry
7590,S2511009__S25-11009_0_BP1A2021_052542,0,0,geometry
7591,S2529112__S2529112_0_BP1A2021,0,1,geometry
7592,S2346179__S23-46179-_-BIOPSY,1,0,geometry
7593,S2511006__S25-11006_0_BP1A2021_052242,0,1,geometry
7594,S2511010__S25-11010_0_BP1A2021_052642,1,1,geometry
7595,S2513846__S25-13846_0_BP1A2021_161650,0,0,geometry
7596,S2227608__S22-27608-_-SERIAL_2,1,1,geometry
7597,S2237601__S22-37601-_-,0,0,geometry
7598,S2531985__S2531985_0_BP1A2021,0,0,geometry
7599,S2521239__S2521239_0_BP1A2021,0,1,geometry
7600,S2247860__S22-47860-_-DEEP_1,1,0,geometry
7601,S2525436__S2525436_0_BP1A2021,0,0,geometry
7602,S2247860__S22-47860-_-DEEP_1,1,0,geometry
7603,S2227604__S22-27604-_-BIOPSY,1,0,geometry
7604,S2415689__S24-15689-_-BIOPSY,1,1,geometry
7605,S2516970__S25-16970____155248,1,0,geometry
7606,S2346179__S23-46179-_-BIOPSY,1,0,geometry
7607,S2247860__S22-47860-_-DEEP_1,1,1,geometry
7608,S2229537__S22-29537-_-SERIAL_1,1,1,geometry
7609,S2531989__S2531989_0_BP1A2021,0,1,geometry
7610,S2516970__S25-16970____155248,1,0,geometry
7611,S2520404__S2520404_0_BP1A2021,0,0,geometry
7612,S2511006__S25-11006_0_BP1A2021_052242,0,0,geometry
7613,S2344462__S23-44462-_-BIOPSY,0,1,geometry
7614,S2531989__S2531989_0_BP1A2021,0,0,geometry
7615,S2227604__S22-27604-_-BIOPSY,1,0,geometry
7616,S2134277__S2134277,1,1,geometry
7617,S2346179__S23-46179-_-BIOPSY,1,0,geometry
7618,S2520404__S2520404_0_BP1A2021,0,0,geometry
7619,S2427695__S2427695_BP1B27_C_14045_3,0,0,geometry
7620,S2522994__S2522994_0_BP1A2021,0,0,geometry
7621,S2535840__S2535840_0_BP1A2021,0,0,geometry
7622,S2511006__S25-11006_0_BP1A2021_052242,0,1,geometry
7623,S2227608__S22-27608-_-SERIAL_2,1,0,geometry
7624,S20-28924__S20-28924,0,1,geometry
7625,S2134277__S2134277,1,0,geometry
7626,S2247860__S22-47860-_-DEEP_1,1,1,geometry
7627,S2344462__S23-44462-_-BIOPSY,0,1,geometry
7628,S2530985__S2530985_0_BP1A2021,0,1,geometry
7629,S2424258__S2424258,0,1,geometry
7630,S2425843__S24-25843-_-BIOPSY,0,0,geometry
7631,S2521239__S2521239_0_BP1A2021,0,1,geometry
7632,S2513848__S25-13848_0_BP1A2021_131436,0,0,geometry
7633,S2415689__S24-15689-_-BIOPSY,1,1,geometry
7634,S2406753__S24-06753-_-SERIAL_2,0,1,geometry
7635,S2520404__S2520404_0_BP1A2021,0,0,geometry
7636,S2522994__S2522994_0_BP1A2021,0,0,geometry
7637,S2247860__S22-47860-_-DEEP_1,1,1,geometry
7638,S2415689__S24-15689-_-BIOPSY,1,0,geometry
7639,S2424258__S2424258,0,1,geometry
7640,S2516970__S25-16970____155248,1,0,geometry
7641,S2511009__S25-11009_0_BP1A2021_052542,0,1,geometry
7642,S2512685__S2512685_0_,0,0,geometry
7643,S20-26719__S20-26719,1,0,geometry
7644,S16-17719__S16-17719,1,1,geometry
7645,S2406753__S24-06753-_-SERIAL_2,0,1,geometry
7646,S2516971__S25-16971____155423,0,1,geometry
7647,S2513848__S25-13848_0_BP1A2021_131436,0,0,geometry
7648,S2229537__S22-29537-_-SERIAL_1,1,1,geometry
7649,S2229537__S22-29537-_-SERIAL_1,1,0,geometry
7650,S2406753__S24-06753-_-SERIAL_2,0,1,geometry
7651,S2511006__S25-11006_0_BP1A2021_052242,0,1,geometry
7652,S19-40316__S19-40316,1,0,geometry
7653,S2346179__S23-46179-_-BIOPSY,1,1,geometry
7654,S2513846__S25-13846_0_BP1A2021_131523,0,0,geometry
7655,S2513848__S25-13848_0_BP1A2021_131436,0,1,geometry
7656,S2526362__S2526362_0_BP1A2021,0,0,geometry
7657,S2424259__S2424259,0,1,geometry
7658,S2406753__S24-06753-_-DEEP_1,0,1,geometry
7659,S2524760__S2524760_0_BP1A2021,0,0,geometry
7660,S2511010__S25-11010_0_BP1A2021_052642,1,0,geometry
7661,S2513846__S25-13846_0_BP1A2021_131523,0,0,geometry
7662,S2247860__S22-47860-_-DEEP_1,1,1,geometry
7663,S2134277__S2134277,1,1,geometry
7664,S2134277__S2134277,1,1,geometry
7665,S20-28924__S20-28924,0,0,geometry
7666,S2531985__S2531985_0_BP1A2021,0,1,geometry
7667,S2436457__S2436457_BP1B11_C_15540_2,0,0,geometry
7668,S2531989__S2531989_0_BP1A2021,0,1,geometry
7669,S2227608__S22-27608-_-SERIAL_1,1,0,geometry
7670,S2406754__S24-06754-_-DEEP_2,0,1,geometry
7671,S2520402__S2520402_0_BP1A2021,0,0,geometry
7672,S2134277__S2134277,1,0,geometry
7673,S2516970__S25-16970____155248,1,0,geometry
7674,S2530985__S2530985_0_BP1A2021,0,0,geometry
7675,S2512685__S2512685_0_,0,1,geometry
7676,S2229537__S22-29537-_-SERIAL_1,1,1,geometry
7677,S2134277__S2134277,1,0,geometry
7678,S2227604__S22-27604-_-BIOPSY,1,0,geometry
7679,S2227608__S22-27608-_-SERIAL_1,1,1,geometry
7680,S2530049__S2530049_0_BP1A2021,0,0,geometry
7681,S16-17719__S16-17719,1,1,geometry
7682,S2401283__S24-01283-_-BIOPSY,0,0,geometry
7683,S2227604__S22-27604-_-BIOPSY,1,0,geometry
7684,S2530049__S2530049_0_BP1A2021,0,1,geometry
7685,S2528218__S2528218_0_BP1A2021,0,0,geometry
7686,S2346179__S23-46179-_-BIOPSY,1,1,geometry
7687,S2516970__S25-16970____155248,1,0,geometry
7688,S2134277__S2134277,1,0,geometry
7689,S2134277__S2134277,1,1,geometry
7690,S2227608__S22-27608-_-SERIAL_2,1,1,geometry
7691,S2530981__S2530981_0_BP1A2021,0,0,geometry
7692,S2535840__S2535840_0_BP1A2021,0,0,geometry
7693,S2415689__S24-15689-_-BIOPSY,1,1,geometry
7694,S2134277__S2134277,1,0,geometry
7695,S2516971__S25-16971____155423,0,0,geometry
7696,S2227608__S22-27608-_-SERIAL_1,1,0,geometry
7697,S2427695__S2427695_BP1B27_C_14045_3,0,1,geometry
7698,S2427695__S24-27695-_-BIOPSY,0,0,geometry
7699,S2346179__S23-46179-_-BIOPSY,1,0,geometry
7700,S2227608__S22-27608-_-SERIAL_1,1,1,geometry
7701,S2134277__S2134277,1,0,geometry
7702,S2409392__S2409392,0,1,geometry
7703,S2424259__S2424259,0,1,geometry
7704,S20-26719__S20-26719,1,0,geometry
7705,S2415689__S24-15689-_-BIOPSY,1,1,geometry
7706,S2535840__S2535840_0_BP1A2021,0,0,geometry
7707,S2424255__S2424255,0,1,geometry
7708,S16-17719__S16-17719,1,1,geometry
7709,S2511010__S25-11010_0_BP1A2021_052642,1,1,geometry
7710,S2516970__S25-16970____155248,1,1,geometry
7711,S2516970__S25-16970____155248,1,0,geometry
7712,S2511009__S25-11009_0_BP1A2021_052542,0,0,geometry
7713,S2511010__S25-11010_0_BP1A2021_052642,1,1,geometry
7714,S2427695__S24-27695-_-BIOPSY,0,0,geometry
7715,S2516970__S25-16970____155248,1,0,geometry
7716,S2520402__S2520402_0_BP1A2021,0,0,geometry
7717,S2522994__S2522994_0_BP1A2021,0,1,geometry
7718,S2516970__S25-16970____155248,1,1,geometry
7719,S2516970__S25-16970____155248,1,0,geometry
7720,S2511007__S25-11007_0_BP1A2021_052433,0,0,geometry
7721,S16-17719__S16-17719,1,1,geometry
7722,S2427695__S2427695_BP1B27_C_14045_3,0,0,geometry
7723,S2346179__S23-46179-_-BIOPSY,1,0,geometry
7724,S2406753__S24-06753-_-SERIAL_2,0,1,geometry
7725,S2511007__S25-11007_0_BP1A2021_052433,0,0,geometry
7726,S2516970__S25-16970____155248,1,1,geometry
7727,S2427695__S2427695_BP1B27_C_14045_3,0,0,geometry
7728,S2247860__S22-47860-_-DEEP_1,1,0,geometry
7729,S2227604__S22-27604-_-BIOPSY,1,0,geometry
7730,S19-40316__S19-40316,1,0,geometry
7731,S2227608__S22-27608-_-SERIAL_2,1,0,geometry
7732,S2516970__S25-16970____155248,1,0,geometry
7733,S2406753__S24-06753-_-SERIAL_2,0,0,geometry
7734,S2513846__S25-13846_0_BP1A2021_161650,0,1,geometry
7735,S2227608__S22-27608-_-SERIAL_1,1,1,geometry
7736,S2531989__S2531989_0_BP1A2021,0,1,geometry
7737,S2516971__S25-16971____155423,0,1,geometry
7738,S2346179__S23-46179-_-BIOPSY,1,0,geometry
7739,S2227608__S22-27608-_-SERIAL_1,1,0,geometry
7740,S2415689__S24-15689-_-BIOPSY,1,1,geometry
7741,S2227608__S22-27608-_-SERIAL_2,1,0,geometry
7742,S2427695__S2427695_BP1B27_C_14045_3,0,0,geometry
7743,S2227608__S22-27608-_-SERIAL_2,1,0,geometry
7744,S2425843__S24-25843-_-BIOPSY,0,0,geometry
7745,S2406754__S24-06754-_-SERIAL_1,0,0,geometry
7746,S2247860__S22-47860-_-DEEP_1,1,1,geometry
7747,S2415689__S24-15689-_-BIOPSY,1,0,geometry
7748,S2134277__S2134277,1,0,geometry
7749,S2227604__S22-27604-_-BIOPSY,1,1,geometry
7750,S2524777__S2524777_0_BP1A2021,0,1,geometry
7751,S2531985__S2531985_0_BP1A2021,0,1,geometry
7752,S2512685__S2512685_0_,0,0,geometry
7753,S2511009__S25-11009_0_BP1A2021_052542,0,0,geometry
7754,S2535840__S2535840_0_BP1A2021,0,0,geometry
7755,S2530985__S2530985_0_BP1A2021,0,0,geometry
7756,S2227608__S22-27608-_-SERIAL_2,1,0,geometry
7757,S2436457__S2436457_BP1B11_C_15540_2,0,1,geometry
7758,S2406753__S24-06753-_-SERIAL_2,0,0,geometry
7759,S2512685__S2512685_0_,0,0,geometry
7760,S2406754__S24-06754-_-SERIAL_1,0,0,geometry
7761,S20-28924__S20-28924,0,1,geometry
7762,S2511007__S25-11007_0_BP1A2021_052433,0,1,geometry
7763,S2511009__S25-11009_0_BP1A2021_052542,0,0,geometry
7764,S16-17719__S16-17719,1,0,geometry
7765,S2525436__S2525436_0_BP1A2021,0,0,geometry
7766,S2436457__S2436457_BP1B11_C_15540_2,0,0,geometry
7767,S2229537__S22-29537-_-SERIAL_1,1,0,geometry
7768,S2531989__S2531989_0_BP1A2021,0,1,geometry
7769,S2511009__S25-11009_0_BP1A2021_052542,0,1,geometry
7770,S2227608__S22-27608-_-SERIAL_2,1,0,geometry
7771,S2415689__S24-15689-_-BIOPSY,1,0,geometry
7772,S20-26719__S20-26719,1,1,geometry
7773,S2424258__S2424258,0,1,geometry
7774,S2530991__S2530991_0_BP1A2021,0,0,geometry
7775,S2520404__S2520404_0_BP1A2021,0,1,geometry
7776,S2406754__S24-06754-_-SERIAL_1,0,1,geometry
7777,S2406753__S24-06753-_-DEEP_1,0,0,geometry
7778,S2530985__S2530985_0_BP1A2021,0,1,geometry
7779,S2513848__S25-13848_0_BP1A2021_131436,0,0,geometry
7780,S2528218__S2528218_0_BP1A2021,0,0,geometry
7781,S2346179__S23-46179-_-BIOPSY,1,1,geometry
7782,S2227604__S22-27604-_-BIOPSY,1,0,geometry
7783,S2247860__S22-47860-_-DEEP_1,1,1,geometry
7784,S2401283__S24-01283-_-BIOPSY,0,1,geometry
7785,S19-40316__S19-40316,1,1,geometry
7786,S2229537__S22-29537-_-SERIAL_1,1,1,geometry
7787,S2529112__S2529112_0_BP1A2021,0,1,geometry
7788,S2406754__S24-06754-_-DEEP_2,0,1,geometry
7789,S20-26719__S20-26719,1,0,geometry
7790,S2216630__S2216630--DEEP_1,0,1,geometry
7791,S2415689__S24-15689-_-BIOPSY,1,1,geometry
7792,S2531985__S2531985_0_BP1A2021,0,0,geometry
7793,S2216630__S2216630--DEEP_1,0,1,geometry
7794,S2227604__S22-27604-_-BIOPSY,1,1,geometry
7795,S2511006__S25-11006_0_BP1A2021_052242,0,1,geometry
7796,S2535840__S2535840_0_BP1A2021,0,1,geometry
7797,S2229537__S22-29537-_-SERIAL_1,1,0,geometry
7798,S19-40316__S19-40316,1,1,geometry
7799,S2237601__S22-37601-_-,0,0,geometry
7800,S2229537__S22-29537-_-SERIAL_1,1,0,geometry
7801,S2527323__S2527323_0_BP1A2021,0,1,geometry
7802,S2511010__S25-11010_0_BP1A2021_052642,1,1,geometry
7803,S2516970__S25-16970____155248,1,1,geometry
7804,S2134277__S2134277,1,1,geometry
7805,S2425843__S24-25843-_-BIOPSY,0,1,geometry
7806,S2415689__S24-15689-_-BIOPSY,1,0,geometry
7807,S20-26719__S20-26719,1,1,geometry
7808,S2535840__S2535840_0_BP1A2021,0,0,geometry
7809,S2516970__S25-16970____155248,1,1,geometry
7810,S2237601__S22-37601-_-,0,1,geometry
7811,S2530985__S2530985_0_BP1A2021,0,0,geometry
7812,S2346179__S23-46179-_-BIOPSY,1,1,geometry
7813,S2512685__S2512685_0_,0,1,geometry
7814,S2346179__S23-46179-_-BIOPSY,1,1,geometry
7815,S2521239__S2521239_0_BP1A2021,0,1,geometry
7816,S2134277__S2134277,1,1,geometry
7817,S2512685__S2512685_0_,0,0,geometry
7818,S16-17719__S16-17719,1,1,geometry
7819,S2227608__S22-27608-_-SERIAL_2,1,1,geometry
7820,S2511010__S25-11010_0_BP1A2021_052642,1,0,geometry
7821,S2227604__S22-27604-_-BIOPSY,1,0,geometry
7822,S2227608__S22-27608-_-SERIAL_1,1,0,geometry
7823,S2424259__S2424259,0,1,geometry
7824,S2424255__S2424255,0,0,geometry
7825,S2424259__S2424259,0,1,geometry
7826,S2511010__S25-11010_0_BP1A2021_052642,1,1,geometry
7827,S2134277__S2134277,1,1,geometry
7828,S2227608__S22-27608-_-SERIAL_1,1,1,geometry
7829,S2227604__S22-27604-_-BIOPSY,1,1,geometry
7830,S2415689__S24-15689-_-BIOPSY,1,0,geometry
7831,S2511006__S25-11006_0_BP1A2021_052242,0,0,geometry
7832,S2527323__S2527323_0_BP1A2021,0,0,geometry
7833,S2531989__S2531989_0_BP1A2021,0,1,geometry
7834,S2521239__S2521239_0_BP1A2021,0,1,geometry
7835,S20-26719__S20-26719,1,0,geometry
7836,S2520402__S2520402_0_BP1A2021,0,1,geometry
7837,S2229537__S22-29537-_-SERIAL_1,1,0,geometry
7838,S16-17719__S16-17719,1,1,geometry
7839,S2401283__S24-01283-_-BIOPSY,0,1,geometry
7840,S2427695__S24-27695-_-BIOPSY,0,1,geometry
7841,S2436457__S2436457_BP1B11_C_15540_2,0,1,geometry
7842,S16-17719__S16-17719,1,1,geometry
7843,S2134277__S2134277,1,0,geometry
7844,S2528218__S2528218_0_BP1A2021,0,0,geometry
7845,S2415689__S24-15689-_-BIOPSY,1,1,geometry
7846,S2415689__S24-15689-_-BIOPSY,1,1,geometry
7847,S2511010__S25-11010_0_BP1A2021_052642,1,0,geometry
7848,S2511010__S25-11010_0_BP1A2021_052642,1,0,geometry
7849,S16-17719__S16-17719,1,1,geometry
7850,S20-28924__S20-28924,0,0,geometry
7851,S2436457__S2436457_BP1B11_C_15540_2,0,1,geometry
7852,S2516970__S25-16970____155248,1,1,geometry
7853,S20-26719__S20-26719,1,0,geometry
7854,S19-40316__S19-40316,1,0,geometry
7855,S2528218__S2528218_0_BP1A2021,0,0,geometry
7856,S2511010__S25-11010_0_BP1A2021_052642,1,0,geometry
7857,S2529112__S2529112_0_BP1A2021,0,1,geometry
7858,S2513846__S25-13846_0_BP1A2021_161650,0,0,geometry
7859,S2427695__S2427695_BP1B27_C_14045_3,0,1,geometry
7860,S2227608__S22-27608-_-SERIAL_1,1,0,geometry
7861,S20-26719__S20-26719,1,1,geometry
7862,S2216630__S2216630--DEEP_1,0,1,geometry
7863,S2530049__S2530049_0_BP1A2021,0,1,geometry
7864,S2229537__S22-29537-_-SERIAL_1,1,1,geometry
7865,S2522994__S2522994_0_BP1A2021,0,0,geometry
7866,S2424255__S2424255,0,0,geometry
7867,S2530991__S2530991_0_BP1A2021,0,1,geometry
7868,S2229537__S22-29537-_-SERIAL_1,1,0,geometry
7869,S20-28924__S20-28924,0,1,geometry
7870,S2516970__S25-16970____155248,1,0,geometry
7871,S2524760__S2524760_0_BP1A2021,0,1,geometry
7872,S2524760__S2524760_0_BP1A2021,0,1,geometry
7873,S2511006__S25-11006_0_BP1A2021_052242,0,0,geometry
7874,S2424258__S2424258,0,0,geometry
7875,S2425843__S24-25843-_-BIOPSY,0,1,geometry
7876,S2513846__S25-13846_0_BP1A2021_131523,0,1,geometry
7877,S2524760__S2524760_0_BP1A2021,0,0,geometry
7878,S2530991__S2530991_0_BP1A2021,0,1,geometry
7879,S2134277__S2134277,1,0,geometry
7880,S2516970__S25-16970____155248,1,0,geometry
7881,S2227608__S22-27608-_-SERIAL_1,1,1,geometry
7882,S2229537__S22-29537-_-SERIAL_1,1,1,geometry
7883,S2424259__S2424259,0,0,geometry
7884,S2525436__S2525436_0_BP1A2021,0,0,geometry
7885,S2424258__S2424258,0,0,geometry
7886,S2415689__S24-15689-_-BIOPSY,1,0,geometry
7887,S16-17719__S16-17719,1,1,geometry
7888,S2247860__S22-47860-_-DEEP_1,1,1,geometry
7889,S2216630__S2216630--DEEP_1,0,0,geometry
7890,S2525436__S2525436_0_BP1A2021,0,1,geometry
7891,S20-26719__S20-26719,1,1,geometry
7892,S2516970__S25-16970____155248,1,0,geometry
7893,S2409392__S2409392,0,0,geometry
7894,S2227608__S22-27608-_-SERIAL_1,1,0,geometry
7895,S2415689__S24-15689-_-BIOPSY,1,1,geometry
7896,S2531985__S2531985_0_BP1A2021,0,0,geometry
7897,S2227604__S22-27604-_-BIOPSY,1,0,geometry
7898,S2227604__S22-27604-_-BIOPSY,1,1,geometry
7899,S2531989__S2531989_0_BP1A2021,0,0,geometry
7900,S2406754__S24-06754-_-SERIAL_1,0,0,geometry
7901,S2229537__S22-29537-_-SERIAL_1,1,1,geometry
7902,S2524760__S2524760_0_BP1A2021,0,1,geometry
7903,S2415689__S24-15689-_-BIOPSY,1,1,geometry
7904,S2524777__S2524777_0_BP1A2021,0,1,geometry
7905,S2527323__S2527323_0_BP1A2021,0,1,geometry
7906,S2513846__S25-13846_0_BP1A2021_131523,0,0,geometry
7907,S16-17719__S16-17719,1,0,geometry
7908,S2415689__S24-15689-_-BIOPSY,1,0,geometry
7909,S2227604__S22-27604-_-BIOPSY,1,0,geometry
7910,S2516971__S25-16971____155423,0,1,geometry
7911,S2511006__S25-11006_0_BP1A2021_052242,0,1,geometry
7912,S2134277__S2134277,1,1,geometry
7913,S2511007__S25-11007_0_BP1A2021_052433,0,1,geometry
7914,S2229537__S22-29537-_-SERIAL_1,1,0,geometry
7915,S2424258__S2424258,0,1,geometry
7916,S2229537__S22-29537-_-SERIAL_1,1,0,geometry
7917,S2511010__S25-11010_0_BP1A2021_052642,1,0,geometry
7918,S19-40316__S19-40316,1,1,geometry
7919,S20-28924__S20-28924,0,1,geometry
7920,S2522994__S2522994_0_BP1A2021,0,0,geometry
7921,S2415689__S24-15689-_-BIOPSY,1,0,geometry
7922,S2513846__S25-13846_0_BP1A2021_161650,0,0,geometry
7923,S2346179__S23-46179-_-BIOPSY,1,1,geometry
7924,S2237601__S22-37601-_-,0,0,geometry
7925,S2227608__S22-27608-_-SERIAL_1,1,1,geometry
7926,S2229537__S22-29537-_-SERIAL_1,1,0,geometry
7927,S2237601__S22-37601-_-,0,0,geometry
7928,S16-17719__S16-17719,1,0,geometry
7929,S2406754__S24-06754-_-DEEP_2,0,1,geometry
7930,S2216630__S2216630--DEEP_1,0,0,geometry
7931,S2227604__S22-27604-_-BIOPSY,1,0,geometry
7932,S2516970__S25-16970____155248,1,1,geometry
7933,S2530049__S2530049_0_BP1A2021,0,0,geometry
7934,S2513846__S25-13846_0_BP1A2021_161650,0,0,geometry
7935,S2516970__S25-16970____155248,1,1,geometry
7936,S20-26719__S20-26719,1,0,geometry
7937,S2227608__S22-27608-_-SERIAL_1,1,0,geometry
7938,S2247860__S22-47860-_-DEEP_1,1,1,geometry
7939,S2415689__S24-15689-_-BIOPSY,1,1,geometry
7940,S16-17719__S16-17719,1,1,geometry
7941,S2227604__S22-27604-_-BIOPSY,1,0,geometry
7942,S20-26719__S20-26719,1,0,geometry
7943,S16-17719__S16-17719,1,0,geometry
7944,S2530991__S2530991_0_BP1A2021,0,0,geometry
7945,S2227608__S22-27608-_-SERIAL_2,1,1,geometry
7946,S16-17719__S16-17719,1,1,geometry
7947,S2227604__S22-27604-_-BIOPSY,1,1,geometry
7948,S2227604__S22-27604-_-BIOPSY,1,1,geometry
7949,S2134277__S2134277,1,0,geometry
7950,S2516970__S25-16970____155248,1,0,geometry
7951,S20-28924__S20-28924,0,1,geometry
7952,S2406754__S24-06754-_-DEEP_2,0,1,geometry
7953,S2511009__S25-11009_0_BP1A2021_052542,0,1,geometry
7954,S2524760__S2524760_0_BP1A2021,0,1,geometry
7955,S2513846__S25-13846_0_BP1A2021_131523,0,0,geometry
7956,S2535840__S2535840_0_BP1A2021,0,0,geometry
7957,S2525436__S2525436_0_BP1A2021,0,1,geometry
7958,S2511010__S25-11010_0_BP1A2021_052642,1,1,geometry
7959,S2227608__S22-27608-_-SERIAL_1,1,0,geometry
7960,S2409392__S2409392,0,1,geometry
7961,S2520404__S2520404_0_BP1A2021,0,1,geometry
7962,S2527323__S2527323_0_BP1A2021,0,1,geometry
7963,S2524777__S2524777_0_BP1A2021,0,0,geometry
7964,S2134277__S2134277,1,1,geometry
7965,S2529112__S2529112_0_BP1A2021,0,1,geometry
7966,S2530985__S2530985_0_BP1A2021,0,0,geometry
7967,S16-17719__S16-17719,1,1,geometry
7968,S2216630__S2216630--DEEP_1,0,0,geometry
7969,S2535840__S2535840_0_BP1A2021,0,1,geometry
7970,S2415689__S24-15689-_-BIOPSY,1,0,geometry
7971,S2227608__S22-27608-_-SERIAL_2,1,1,geometry
7972,S2134277__S2134277,1,1,geometry
7973,S2516971__S25-16971____140945,0,0,geometry
7974,S2516970__S25-16970____155248,1,0,geometry
7975,S16-17719__S16-17719,1,0,geometry
7976,S2134277__S2134277,1,1,geometry
7977,S2511009__S25-11009_0_BP1A2021_052542,0,1,geometry
7978,S2511010__S25-11010_0_BP1A2021_052642,1,1,geometry
7979,S2227604__S22-27604-_-BIOPSY,1,0,geometry
7980,S2531989__S2531989_0_BP1A2021,0,0,geometry
7981,S2134277__S2134277,1,1,geometry
7982,S2521239__S2521239_0_BP1A2021,0,1,geometry
7983,S2247860__S22-47860-_-DEEP_1,1,1,geometry
7984,S2527323__S2527323_0_BP1A2021,0,0,geometry
7985,S2415689__S24-15689-_-BIOPSY,1,0,geometry
7986,S2535840__S2535840_0_BP1A2021,0,0,geometry
7987,S2227608__S22-27608-_-SERIAL_2,1,1,geometry
7988,S2227608__S22-27608-_-SERIAL_1,1,1,geometry
7989,S19-40316__S19-40316,1,0,geometry
7990,S2427695__S2427695_BP1B27_C_14045_3,0,0,geometry
7991,S20-26719__S20-26719,1,0,geometry
7992,S2535840__S2535840_0_BP1A2021,0,0,geometry
7993,S2134277__S2134277,1,1,geometry
7994,S2512685__S2512685_0_,0,0,geometry
7995,S2516970__S25-16970____155248,1,0,geometry
7996,S2513846__S25-13846_0_BP1A2021_131523,0,0,geometry
7997,S2406753__S24-06753-_-SERIAL_2,0,1,geometry
7998,S2516970__S25-16970____155248,1,0,geometry
7999,S2527323__S2527323_0_BP1A2021,0,0,geometry
8000,S2521239__S2521239_0_BP1A2021,0,1,geometry
8001,S2511010__S25-11010_0_BP1A2021_052642,1,1,geometry
8002,S2216630__S2216630--DEEP_1,0,0,geometry
8003,S2511006__S25-11006_0_BP1A2021_052242,0,0,geometry
8004,S2237601__S22-37601-_-,0,1,geometry
8005,S2516971__S25-16971____140945,0,1,geometry
8006,S2524777__S2524777_0_BP1A2021,0,1,geometry
8007,S2344462__S23-44462-_-BIOPSY,0,1,geometry
8008,S2247860__S22-47860-_-DEEP_1,1,1,geometry
8009,S16-17719__S16-17719,1,0,geometry
8010,S2530985__S2530985_0_BP1A2021,0,1,geometry
8011,S2512685__S2512685_0_,0,0,geometry
8012,S2511007__S25-11007_0_BP1A2021_052433,0,0,geometry
8013,S2516970__S25-16970____155248,1,0,geometry
8014,S2535840__S2535840_0_BP1A2021,0,0,geometry
8015,S2516970__S25-16970____155248,1,0,geometry
8016,S2520402__S2520402_0_BP1A2021,0,0,geometry
8017,S2522994__S2522994_0_BP1A2021,0,1,geometry
8018,S2415689__S24-15689-_-BIOPSY,1,1,geometry
8019,S2415689__S24-15689-_-BIOPSY,1,0,geometry
8020,S20-26719__S20-26719,1,0,geometry
8021,S2530985__S2530985_0_BP1A2021,0,1,geometry
8022,S2406753__S24-06753-_-DEEP_1,0,0,geometry
8023,S2529112__S2529112_0_BP1A2021,0,1,geometry
8024,S2415689__S24-15689-_-BIOPSY,1,0,geometry
8025,S2237601__S22-37601-_-,0,1,geometry
8026,S2516971__S25-16971____140945,0,0,geometry
8027,S2346179__S23-46179-_-BIOPSY,1,1,geometry
8028,S2406753__S24-06753-_-DEEP_1,0,1,geometry
8029,S20-26719__S20-26719,1,1,geometry
8030,S2401283__S24-01283-_-BIOPSY,0,1,geometry
8031,S16-17719__S16-17719,1,0,geometry
8032,S20-26719__S20-26719,1,1,geometry
8033,S2247860__S22-47860-_-DEEP_1,1,0,geometry
8034,S2424258__S2424258,0,1,geometry
8035,S19-40316__S19-40316,1,1,geometry
8036,S2247860__S22-47860-_-DEEP_1,1,0,geometry
8037,S2415689__S24-15689-_-BIOPSY,1,0,geometry
8038,S2344462__S23-44462-_-BIOPSY,0,0,geometry
8039,S2409392__S2409392,0,1,geometry
8040,S2401283__S24-01283-_-BIOPSY,0,0,geometry
8041,S2229537__S22-29537-_-SERIAL_1,1,0,geometry
8042,S2516971__S25-16971____140945,0,1,geometry
8043,S2227604__S22-27604-_-BIOPSY,1,0,geometry
8044,S2530049__S2530049_0_BP1A2021,0,0,geometry
8045,S2530991__S2530991_0_BP1A2021,0,0,geometry
8046,S2406753__S24-06753-_-SERIAL_2,0,1,geometry
8047,S2227608__S22-27608-_-SERIAL_2,1,1,geometry
8048,S2529112__S2529112_0_BP1A2021,0,1,geometry
8049,S2227608__S22-27608-_-SERIAL_1,1,0,geometry
8050,S2227604__S22-27604-_-BIOPSY,1,1,geometry
8051,S2531985__S2531985_0_BP1A2021,0,0,geometry
8052,S2436457__S2436457_BP1B11_C_15540_2,0,0,geometry
8053,S2229537__S22-29537-_-SERIAL_1,1,0,geometry
8054,S2425843__S24-25843-_-BIOPSY,0,0,geometry
8055,S20-26719__S20-26719,1,1,geometry
8056,S2530981__S2530981_0_BP1A2021,0,1,geometry
8057,S2530985__S2530985_0_BP1A2021,0,0,geometry
8058,S2134277__S2134277,1,0,geometry
8059,S2247860__S22-47860-_-DEEP_1,1,0,geometry
8060,S2229537__S22-29537-_-SERIAL_1,1,0,geometry
8061,S2229537__S22-29537-_-SERIAL_1,1,1,geometry
8062,S2524777__S2524777_0_BP1A2021,0,1,geometry
8063,S2511010__S25-11010_0_BP1A2021_052642,1,0,geometry
8064,S2516970__S25-16970____155248,1,0,geometry
8065,S2229537__S22-29537-_-SERIAL_1,1,1,geometry
8066,S2530985__S2530985_0_BP1A2021,0,0,geometry
8067,S2531985__S2531985_0_BP1A2021,0,1,geometry
8068,S2511010__S25-11010_0_BP1A2021_052642,1,1,geometry
8069,S2520402__S2520402_0_BP1A2021,0,0,geometry
8070,S2511010__S25-11010_0_BP1A2021_052642,1,1,geometry
8071,S2526362__S2526362_0_BP1A2021,0,1,geometry
8072,S16-17719__S16-17719,1,1,geometry
8073,S2525436__S2525436_0_BP1A2021,0,0,geometry
8074,S16-17719__S16-17719,1,1,geometry
8075,S2513846__S25-13846_0_BP1A2021_161650,0,1,geometry
8076,S2526362__S2526362_0_BP1A2021,0,0,geometry
8077,S2530985__S2530985_0_BP1A2021,0,0,geometry
8078,S2409392__S2409392,0,1,geometry
8079,S2406753__S24-06753-_-DEEP_1,0,0,geometry
8080,S2516971__S25-16971____140945,0,1,geometry
8081,S2516970__S25-16970____155248,1,1,geometry
8082,S2424255__S2424255,0,0,geometry
8083,S20-26719__S20-26719,1,0,geometry
8084,S2346179__S23-46179-_-BIOPSY,1,1,geometry
8085,S20-26719__S20-26719,1,0,geometry
8086,S2516970__S25-16970____155248,1,0,geometry
8087,S2229537__S22-29537-_-SERIAL_1,1,1,geometry
8088,S20-26719__S20-26719,1,0,geometry
8089,S16-17719__S16-17719,1,0,geometry
8090,S2415689__S24-15689-_-BIOPSY,1,1,geometry
8091,S2406753__S24-06753-_-DEEP_1,0,0,geometry
8092,S2415689__S24-15689-_-BIOPSY,1,1,geometry
8093,S16-17719__S16-17719,1,0,geometry
8094,S2415689__S24-15689-_-BIOPSY,1,0,geometry
8095,S16-17719__S16-17719,1,1,geometry
8096,S2513846__S25-13846_0_BP1A2021_161650,0,0,geometry
8097,S19-40316__S19-40316,1,1,geometry
8098,S2229537__S22-29537-_-SERIAL_1,1,0,geometry
8099,S2513846__S25-13846_0_BP1A2021_131523,0,1,geometry
8100,S2531989__S2531989_0_BP1A2021,0,1,geometry
8101,S2415689__S24-15689-_-BIOPSY,1,0,geometry
8102,S2406753__S24-06753-_-DEEP_1,0,0,geometry
8103,S2530981__S2530981_0_BP1A2021,0,1,geometry
8104,S2513846__S25-13846_0_BP1A2021_161650,0,1,geometry
8105,S2531989__S2531989_0_BP1A2021,0,0,geometry
8106,S2346179__S23-46179-_-BIOPSY,1,1,geometry
8107,S2229537__S22-29537-_-SERIAL_1,1,0,geometry
8108,S16-17719__S16-17719,1,0,geometry
8109,S2535840__S2535840_0_BP1A2021,0,1,geometry
8110,S2409392__S2409392,0,1,geometry
8111,S2406754__S24-06754-_-SERIAL_1,0,1,geometry
8112,S2526362__S2526362_0_BP1A2021,0,0,geometry
8113,S2229537__S22-29537-_-SERIAL_1,1,0,geometry
8114,S2406753__S24-06753-_-DEEP_1,0,1,geometry
8115,S2227608__S22-27608-_-SERIAL_1,1,0,geometry
8116,S2535840__S2535840_0_BP1A2021,0,0,geometry
8117,S2227604__S22-27604-_-BIOPSY,1,1,geometry
8118,S2427695__S2427695_BP1B27_C_14045_3,0,0,geometry
8119,S19-40316__S19-40316,1,0,geometry
8120,S2516970__S25-16970____155248,1,0,geometry
8121,S2134277__S2134277,1,1,geometry
8122,S2346179__S23-46179-_-BIOPSY,1,1,geometry
8123,S2229537__S22-29537-_-SERIAL_1,1,1,geometry
8124,S2511010__S25-11010_0_BP1A2021_052642,1,1,geometry
8125,S2247860__S22-47860-_-DEEP_1,1,1,geometry
8126,S2227604__S22-27604-_-BIOPSY,1,1,geometry
8127,S20-26719__S20-26719,1,0,geometry
8128,S2229537__S22-29537-_-SERIAL_1,1,1,geometry
8129,S2511009__S25-11009_0_BP1A2021_052542,0,1,geometry
8130,S2516970__S25-16970____155248,1,1,geometry
8131,S2425843__S24-25843-_-BIOPSY,0,1,geometry
8132,S2525436__S2525436_0_BP1A2021,0,1,geometry
8133,S20-26719__S20-26719,1,0,geometry
8134,S2229537__S22-29537-_-SERIAL_1,1,0,geometry
8135,S2134277__S2134277,1,1,geometry
8136,S2427695__S24-27695-_-BIOPSY,0,1,geometry
8137,S2227604__S22-27604-_-BIOPSY,1,1,geometry
8138,S20-26719__S20-26719,1,0,geometry
8139,S2227608__S22-27608-_-SERIAL_1,1,1,geometry
8140,S2344462__S23-44462-_-BIOPSY,0,0,geometry
8141,S2227608__S22-27608-_-SERIAL_1,1,1,geometry
8142,S2522994__S2522994_0_BP1A2021,0,0,geometry
8143,S2227608__S22-27608-_-SERIAL_1,1,0,geometry
8144,S2526362__S2526362_0_BP1A2021,0,0,geometry
8145,S2511006__S25-11006_0_BP1A2021_052242,0,0,geometry
8146,S16-17719__S16-17719,1,0,geometry
8147,S2216630__S2216630--DEEP_1,0,0,geometry
8148,S2521239__S2521239_0_BP1A2021,0,0,geometry
8149,S2521239__S2521239_0_BP1A2021,0,1,geometry
8150,S19-40316__S19-40316,1,1,geometry
8151,S2134277__S2134277,1,0,geometry
8152,S2237601__S22-37601-_-,0,0,geometry
8153,S2512685__S2512685_0_,0,1,geometry
8154,S2512685__S2512685_0_,0,0,geometry
8155,S2229537__S22-29537-_-SERIAL_1,1,1,geometry
8156,S2530985__S2530985_0_BP1A2021,0,0,geometry
8157,S16-17719__S16-17719,1,0,geometry
8158,S2227608__S22-27608-_-SERIAL_1,1,0,geometry
8159,S19-40316__S19-40316,1,1,geometry
8160,S2425843__S24-25843-_-BIOPSY,0,1,geometry
8161,S19-40316__S19-40316,1,0,geometry
8162,S2216630__S2216630--DEEP_1,0,1,geometry
8163,S16-17719__S16-17719,1,0,geometry
8164,S2406753__S24-06753-_-SERIAL_2,0,1,geometry
8165,S2511009__S25-11009_0_BP1A2021_052542,0,1,geometry
8166,S2229537__S22-29537-_-SERIAL_1,1,1,geometry
8167,S2424255__S2424255,0,1,geometry
8168,S2530991__S2530991_0_BP1A2021,0,1,geometry
8169,S2516970__S25-16970____155248,1,0,geometry
8170,S2346179__S23-46179-_-BIOPSY,1,0,geometry
8171,S2531989__S2531989_0_BP1A2021,0,0,geometry
8172,S2134277__S2134277,1,0,geometry
8173,S2425843__S24-25843-_-BIOPSY,0,1,geometry
8174,S19-40316__S19-40316,1,1,geometry
8175,S2516971__S25-16971____140945,0,1,geometry
8176,S2516970__S25-16970____155248,1,1,geometry
8177,S2516970__S25-16970____155248,1,1,geometry
8178,S2134277__S2134277,1,0,geometry
8179,S16-17719__S16-17719,1,0,geometry
8180,S2247860__S22-47860-_-DEEP_1,1,1,geometry
8181,S2247860__S22-47860-_-DEEP_1,1,1,geometry
8182,S2216630__S2216630--DEEP_1,0,0,geometry
8183,S2247860__S22-47860-_-DEEP_1,1,1,geometry
8184,S2346179__S23-46179-_-BIOPSY,1,1,geometry
8185,S20-26719__S20-26719,1,0,geometry
8186,S2520404__S2520404_0_BP1A2021,0,1,geometry
8187,S2134277__S2134277,1,1,geometry
8188,S2406754__S24-06754-_-SERIAL_1,0,1,geometry
8189,S20-26719__S20-26719,1,0,geometry
8190,S2216630__S2216630--DEEP_1,0,1,geometry
8191,S2227608__S22-27608-_-SERIAL_1,1,0,geometry
8192,S2530981__S2530981_0_BP1A2021,0,0,geometry
8193,S2530991__S2530991_0_BP1A2021,0,1,geometry
8194,S2525436__S2525436_0_BP1A2021,0,0,geometry
8195,S2134277__S2134277,1,1,geometry
8196,S2227608__S22-27608-_-SERIAL_2,1,1,geometry
8197,S2415689__S24-15689-_-BIOPSY,1,1,geometry
8198,S2530981__S2530981_0_BP1A2021,0,1,geometry
8199,S2513848__S25-13848_0_BP1A2021_131436,0,1,geometry
8200,S2229537__S22-29537-_-SERIAL_1,1,0,geometry
8201,S2436457__S2436457_BP1B11_C_15540_2,0,1,geometry
8202,S2134277__S2134277,1,0,geometry
8203,S20-26719__S20-26719,1,1,geometry
8204,S2424258__S2424258,0,0,geometry
8205,S2531989__S2531989_0_BP1A2021,0,0,geometry
8206,S2346179__S23-46179-_-BIOPSY,1,1,geometry
8207,S2525436__S2525436_0_BP1A2021,0,1,geometry
8208,S2227604__S22-27604-_-BIOPSY,1,0,geometry
8209,S2427695__S24-27695-_-BIOPSY,0,1,geometry
8210,S2227608__S22-27608-_-SERIAL_2,1,1,geometry
8211,S2346179__S23-46179-_-BIOPSY,1,0,geometry
8212,S2344462__S23-44462-_-BIOPSY,0,0,geometry
8213,S20-26719__S20-26719,1,1,geometry
8214,S2520402__S2520402_0_BP1A2021,0,0,geometry
8215,S2227608__S22-27608-_-SERIAL_1,1,0,geometry
8216,S2520402__S2520402_0_BP1A2021,0,1,geometry
8217,S2227604__S22-27604-_-BIOPSY,1,1,geometry
8218,S2344462__S23-44462-_-BIOPSY,0,1,geometry
8219,S2227608__S22-27608-_-SERIAL_2,1,1,geometry
8220,S2530991__S2530991_0_BP1A2021,0,1,geometry
8221,S2436457__S2436457_BP1B11_C_15540_2,0,1,geometry
8222,S2406753__S24-06753-_-SERIAL_2,0,1,geometry
8223,S2531985__S2531985_0_BP1A2021,0,0,geometry
8224,S16-17719__S16-17719,1,1,geometry
8225,S19-40316__S19-40316,1,1,geometry
8226,S2346179__S23-46179-_-BIOPSY,1,0,geometry
8227,S2247860__S22-47860-_-DEEP_1,1,0,geometry
8228,S2522994__S2522994_0_BP1A2021,0,1,geometry
8229,S16-17719__S16-17719,1,1,geometry
8230,S2409392__S2409392,0,0,geometry
8231,S2427695__S24-27695-_-BIOPSY,0,0,geometry
8232,S2237601__S22-37601-_-,0,1,geometry
8233,S2346179__S23-46179-_-BIOPSY,1,1,geometry
8234,S2346179__S23-46179-_-BIOPSY,1,1,geometry
8235,S2406754__S24-06754-_-SERIAL_1,0,1,geometry
8236,S2227608__S22-27608-_-SERIAL_1,1,0,geometry
8237,S2227608__S22-27608-_-SERIAL_1,1,0,geometry
8238,S2346179__S23-46179-_-BIOPSY,1,0,geometry
8239,S2511010__S25-11010_0_BP1A2021_052642,1,0,geometry
8240,S2530049__S2530049_0_BP1A2021,0,0,geometry
8241,S19-40316__S19-40316,1,0,geometry
8242,S2247860__S22-47860-_-DEEP_1,1,0,geometry
8243,S2227608__S22-27608-_-SERIAL_1,1,0,geometry
8244,S2415689__S24-15689-_-BIOPSY,1,0,geometry
8245,S2227608__S22-27608-_-SERIAL_2,1,1,geometry
8246,S19-40316__S19-40316,1,1,geometry
8247,S2227604__S22-27604-_-BIOPSY,1,1,geometry
8248,S2227608__S22-27608-_-SERIAL_2,1,1,geometry
8249,S20-26719__S20-26719,1,1,geometry
8250,S2409392__S2409392,0,0,geometry
8251,S2346179__S23-46179-_-BIOPSY,1,0,geometry
8252,S2406753__S24-06753-_-DEEP_1,0,1,geometry
8253,S2516971__S25-16971____140945,0,1,geometry
8254,S19-40316__S19-40316,1,0,geometry
8255,S20-26719__S20-26719,1,0,geometry
8256,S2520404__S2520404_0_BP1A2021,0,1,geometry
8257,S2525436__S2525436_0_BP1A2021,0,0,geometry
8258,S2513846__S25-13846_0_BP1A2021_131523,0,0,geometry
8259,S2415689__S24-15689-_-BIOPSY,1,0,geometry
8260,S16-17719__S16-17719,1,1,geometry
8261,S2531989__S2531989_0_BP1A2021,0,0,geometry
8262,S16-17719__S16-17719,1,0,geometry
8263,S2513846__S25-13846_0_BP1A2021_131523,0,1,geometry
8264,S2513846__S25-13846_0_BP1A2021_161650,0,1,geometry
8265,S2415689__S24-15689-_-BIOPSY,1,1,geometry
8266,S2427695__S2427695_BP1B27_C_14045_3,0,0,geometry
8267,S2406753__S24-06753-_-DEEP_1,0,1,geometry
8268,S2227608__S22-27608-_-SERIAL_1,1,1,geometry
8269,S2346179__S23-46179-_-BIOPSY,1,0,geometry
8270,S2530991__S2530991_0_BP1A2021,0,1,geometry
8271,S2530985__S2530985_0_BP1A2021,0,0,geometry
8272,S2409392__S2409392,0,0,geometry
8273,S20-26719__S20-26719,1,1,geometry
8274,S2227604__S22-27604-_-BIOPSY,1,0,geometry
8275,S2436457__S2436457_BP1B11_C_15540_2,0,0,geometry
8276,S2247860__S22-47860-_-DEEP_1,1,1,geometry
8277,S2247860__S22-47860-_-DEEP_1,1,0,geometry
8278,S2344462__S23-44462-_-BIOPSY,0,0,geometry
8279,S2516971__S25-16971____140945,0,1,geometry
8280,S2216630__S2216630--DEEP_1,0,1,geometry
8281,S2520402__S2520402_0_BP1A2021,0,0,geometry
8282,S2511010__S25-11010_0_BP1A2021_052642,1,1,geometry
8283,S2227608__S22-27608-_-SERIAL_2,1,0,geometry
8284,S2229537__S22-29537-_-SERIAL_1,1,1,geometry
8285,S2401283__S24-01283-_-BIOPSY,0,1,geometry
8286,S2229537__S22-29537-_-SERIAL_1,1,0,geometry
8287,S20-26719__S20-26719,1,1,geometry
8288,S2530991__S2530991_0_BP1A2021,0,0,geometry
8289,S2513846__S25-13846_0_BP1A2021_161650,0,1,geometry
8290,S2134277__S2134277,1,0,geometry
8291,S2511010__S25-11010_0_BP1A2021_052642,1,1,geometry
8292,S2526362__S2526362_0_BP1A2021,0,0,geometry
8293,S2406754__S24-06754-_-SERIAL_1,0,1,geometry
8294,S2513846__S25-13846_0_BP1A2021_161650,0,0,geometry
8295,S2424255__S2424255,0,1,geometry
8296,S2524760__S2524760_0_BP1A2021,0,0,geometry
8297,S2134277__S2134277,1,0,geometry
8298,S2415689__S24-15689-_-BIOPSY,1,0,geometry
8299,S2401283__S24-01283-_-BIOPSY,0,1,geometry
8300,S2346179__S23-46179-_-BIOPSY,1,1,geometry
8301,S2424258__S2424258,0,0,geometry
8302,S2528218__S2528218_0_BP1A2021,0,1,geometry
8303,S2247860__S22-47860-_-DEEP_1,1,0,geometry
8304,S2427695__S2427695_BP1B27_C_14045_3,0,1,geometry
8305,S19-40316__S19-40316,1,1,geometry
8306,S2229537__S22-29537-_-SERIAL_1,1,0,geometry
8307,S2406753__S24-06753-_-DEEP_1,0,1,geometry
8308,S2513848__S25-13848_0_BP1A2021_131436,0,0,geometry
8309,S16-17719__S16-17719,1,1,geometry
8310,S2516971__S25-16971____140945,0,0,geometry
8311,S16-17719__S16-17719,1,1,geometry
8312,S2229537__S22-29537-_-SERIAL_1,1,1,geometry
8313,S2346179__S23-46179-_-BIOPSY,1,0,geometry
8314,S2406753__S24-06753-_-DEEP_1,0,1,geometry
8315,S2511009__S25-11009_0_BP1A2021_052542,0,0,geometry
8316,S2227604__S22-27604-_-BIOPSY,1,0,geometry
8317,S2520402__S2520402_0_BP1A2021,0,0,geometry
8318,S2516970__S25-16970____155248,1,1,geometry
8319,S2516971__S25-16971____155423,0,1,geometry
8320,S2415689__S24-15689-_-BIOPSY,1,1,geometry
8321,S2227604__S22-27604-_-BIOPSY,1,0,geometry
8322,S2520402__S2520402_0_BP1A2021,0,0,geometry
8323,S2424258__S2424258,0,1,geometry
8324,S2247860__S22-47860-_-DEEP_1,1,1,geometry
8325,S2520404__S2520404_0_BP1A2021,0,0,geometry
8326,S2134277__S2134277,1,1,geometry
8327,S2427695__S2427695_BP1B27_C_14045_3,0,0,geometry
8328,S2530049__S2530049_0_BP1A2021,0,0,geometry
8329,S19-40316__S19-40316,1,1,geometry
8330,S2229537__S22-29537-_-SERIAL_1,1,0,geometry
8331,S2516970__S25-16970____155248,1,0,geometry
8332,S2415689__S24-15689-_-BIOPSY,1,0,geometry
8333,S2529112__S2529112_0_BP1A2021,0,1,geometry
8334,S16-17719__S16-17719,1,1,geometry
8335,S2530985__S2530985_0_BP1A2021,0,1,geometry
8336,S2516970__S25-16970____155248,1,1,geometry
8337,S2227604__S22-27604-_-BIOPSY,1,0,geometry
8338,S2415689__S24-15689-_-BIOPSY,1,0,geometry
8339,S2521239__S2521239_0_BP1A2021,0,0,geometry
8340,S16-17719__S16-17719,1,1,geometry
8341,S2227608__S22-27608-_-SERIAL_1,1,0,geometry
8342,S2516971__S25-16971____140945,0,0,geometry
8343,S2247860__S22-47860-_-DEEP_1,1,1,geometry
8344,S2524760__S2524760_0_BP1A2021,0,0,geometry
8345,S2436457__S2436457_BP1B11_C_15540_2,0,0,geometry
8346,S2346179__S23-46179-_-BIOPSY,1,0,geometry
8347,S2406754__S24-06754-_-DEEP_2,0,0,geometry
8348,S2511007__S25-11007_0_BP1A2021_052433,0,1,geometry
8349,S2516970__S25-16970____155248,1,1,geometry
8350,S2406754__S24-06754-_-SERIAL_1,0,1,geometry
8351,S2406754__S24-06754-_-SERIAL_1,0,1,geometry
8352,S19-40316__S19-40316,1,1,geometry
8353,S2401283__S24-01283-_-BIOPSY,0,0,geometry
8354,S2525436__S2525436_0_BP1A2021,0,0,geometry
8355,S19-40316__S19-40316,1,0,geometry
8356,S2527323__S2527323_0_BP1A2021,0,0,geometry
8357,S2227608__S22-27608-_-SERIAL_1,1,0,geometry
8358,S2227604__S22-27604-_-BIOPSY,1,1,geometry
8359,S2227604__S22-27604-_-BIOPSY,1,0,geometry
8360,S2134277__S2134277,1,1,geometry
8361,S2530985__S2530985_0_BP1A2021,0,1,geometry
8362,S20-26719__S20-26719,1,1,geometry
8363,S2346179__S23-46179-_-BIOPSY,1,0,geometry
8364,S2530981__S2530981_0_BP1A2021,0,1,geometry
8365,S2346179__S23-46179-_-BIOPSY,1,1,geometry
8366,S2406754__S24-06754-_-SERIAL_1,0,0,geometry
8367,S2134277__S2134277,1,1,geometry
8368,S2346179__S23-46179-_-BIOPSY,1,0,geometry
8369,S2424258__S2424258,0,1,geometry
8370,S2229537__S22-29537-_-SERIAL_1,1,1,geometry
8371,S20-28924__S20-28924,0,1,geometry
8372,S16-17719__S16-17719,1,0,geometry
8373,S20-26719__S20-26719,1,0,geometry
8374,S2346179__S23-46179-_-BIOPSY,1,1,geometry
8375,S2424255__S2424255,0,1,geometry
8376,S2134277__S2134277,1,1,geometry
8377,S2344462__S23-44462-_-BIOPSY,0,0,geometry
8378,S16-17719__S16-17719,1,1,geometry
8379,S2227608__S22-27608-_-SERIAL_2,1,1,geometry
8380,S2511010__S25-11010_0_BP1A2021_052642,1,0,geometry
8381,S2216630__S2216630--DEEP_1,0,1,geometry
8382,S2524777__S2524777_0_BP1A2021,0,1,geometry
8383,S2516970__S25-16970____155248,1,0,geometry
8384,S2346179__S23-46179-_-BIOPSY,1,1,geometry
8385,S2516971__S25-16971____155423,0,1,geometry
8386,S2511006__S25-11006_0_BP1A2021_052242,0,1,geometry
8387,S19-40316__S19-40316,1,1,geometry
8388,S16-17719__S16-17719,1,1,geometry
8389,S2528218__S2528218_0_BP1A2021,0,0,geometry
8390,S2237601__S22-37601-_-,0,0,geometry
8391,S2406753__S24-06753-_-SERIAL_2,0,1,geometry
8392,S2424258__S2424258,0,0,geometry
8393,S2216630__S2216630--DEEP_1,0,0,geometry
8394,S2531989__S2531989_0_BP1A2021,0,0,geometry
8395,S2427695__S24-27695-_-BIOPSY,0,1,geometry
8396,S2526362__S2526362_0_BP1A2021,0,1,geometry
8397,S2512685__S2512685_0_,0,1,geometry
8398,S2531989__S2531989_0_BP1A2021,0,0,geometry
8399,S2247860__S22-47860-_-DEEP_1,1,1,geometry
8400,S2520402__S2520402_0_BP1A2021,0,0,geometry
8401,S2415689__S24-15689-_-BIOPSY,1,0,geometry
8402,S2531989__S2531989_0_BP1A2021,0,0,geometry
8403,S20-26719__S20-26719,1,0,geometry
8404,S2227608__S22-27608-_-SERIAL_1,1,1,geometry
8405,S2406753__S24-06753-_-SERIAL_2,0,0,geometry
8406,S2527323__S2527323_0_BP1A2021,0,1,geometry
8407,S2415689__S24-15689-_-BIOPSY,1,0,geometry
8408,S2528218__S2528218_0_BP1A2021,0,0,geometry
8409,S2247860__S22-47860-_-DEEP_1,1,0,geometry
8410,S19-40316__S19-40316,1,1,geometry
8411,S2346179__S23-46179-_-BIOPSY,1,0,geometry
8412,S2247860__S22-47860-_-DEEP_1,1,0,geometry
8413,S2247860__S22-47860-_-DEEP_1,1,1,geometry
8414,S2247860__S22-47860-_-DEEP_1,1,0,geometry
8415,S2227608__S22-27608-_-SERIAL_1,1,1,geometry
8416,S2227604__S22-27604-_-BIOPSY,1,1,geometry
8417,S2227608__S22-27608-_-SERIAL_2,1,1,geometry
8418,S2346179__S23-46179-_-BIOPSY,1,1,geometry
8419,S2406753__S24-06753-_-DEEP_1,0,0,geometry
8420,S2427695__S2427695_BP1B27_C_14045_3,0,1,geometry
8421,S20-26719__S20-26719,1,0,geometry
8422,S2530981__S2530981_0_BP1A2021,0,0,geometry
8423,S2134277__S2134277,1,0,geometry
8424,S2530049__S2530049_0_BP1A2021,0,0,geometry
8425,S2520402__S2520402_0_BP1A2021,0,1,geometry
8426,S2247860__S22-47860-_-DEEP_1,1,1,geometry
8427,S20-26719__S20-26719,1,1,geometry
8428,S2516971__S25-16971____140945,0,0,geometry
8429,S2415689__S24-15689-_-BIOPSY,1,1,geometry
8430,S2227604__S22-27604-_-BIOPSY,1,0,geometry
8431,S2406754__S24-06754-_-SERIAL_1,0,1,geometry
8432,S2520404__S2520404_0_BP1A2021,0,1,geometry
8433,S2424255__S2424255,0,1,geometry
8434,S2427695__S2427695_BP1B27_C_14045_3,0,0,geometry
8435,S19-40316__S19-40316,1,0,geometry
8436,S2227608__S22-27608-_-SERIAL_1,1,0,geometry
8437,S2427695__S2427695_BP1B27_C_14045_3,0,1,geometry
8438,S2530049__S2530049_0_BP1A2021,0,0,geometry
8439,S2526362__S2526362_0_BP1A2021,0,1,geometry
8440,S2227608__S22-27608-_-SERIAL_1,1,0,geometry
8441,S2415689__S24-15689-_-BIOPSY,1,0,geometry
8442,S2516971__S25-16971____140945,0,1,geometry
8443,S2516971__S25-16971____155423,0,1,geometry
8444,S2424259__S2424259,0,0,geometry
8445,S2227608__S22-27608-_-SERIAL_1,1,0,geometry
8446,S16-17719__S16-17719,1,1,geometry
8447,S2227604__S22-27604-_-BIOPSY,1,1,geometry
8448,S2346179__S23-46179-_-BIOPSY,1,1,geometry
8449,S2522994__S2522994_0_BP1A2021,0,0,geometry
8450,S16-17719__S16-17719,1,1,geometry
8451,S2530985__S2530985_0_BP1A2021,0,0,geometry
8452,S2247860__S22-47860-_-DEEP_1,1,1,geometry
8453,S2520402__S2520402_0_BP1A2021,0,1,geometry
8454,S2528218__S2528218_0_BP1A2021,0,1,geometry
8455,S2227608__S22-27608-_-SERIAL_1,1,0,geometry
8456,S16-17719__S16-17719,1,1,geometry
8457,S2227608__S22-27608-_-SERIAL_2,1,1,geometry
8458,S2513848__S25-13848_0_BP1A2021_131436,0,1,geometry
8459,S20-26719__S20-26719,1,0,geometry
8460,S19-40316__S19-40316,1,1,geometry
8461,S2229537__S22-29537-_-SERIAL_1,1,1,geometry
8462,S2427695__S2427695_BP1B27_C_14045_3,0,1,geometry
8463,S2415689__S24-15689-_-BIOPSY,1,0,geometry
8464,S2346179__S23-46179-_-BIOPSY,1,0,geometry
8465,S2525436__S2525436_0_BP1A2021,0,0,geometry
8466,S2427695__S24-27695-_-BIOPSY,0,1,geometry
8467,S2424259__S2424259,0,0,geometry
8468,S2346179__S23-46179-_-BIOPSY,1,0,geometry
8469,S20-26719__S20-26719,1,1,geometry
8470,S2247860__S22-47860-_-DEEP_1,1,0,geometry
8471,S2415689__S24-15689-_-BIOPSY,1,0,geometry
8472,S2511010__S25-11010_0_BP1A2021_052642,1,1,geometry
8473,S2227608__S22-27608-_-SERIAL_2,1,0,geometry
8474,S2229537__S22-29537-_-SERIAL_1,1,1,geometry
8475,S2247860__S22-47860-_-DEEP_1,1,1,geometry
8476,S2530985__S2530985_0_BP1A2021,0,0,geometry
8477,S19-40316__S19-40316,1,1,geometry
8478,S16-17719__S16-17719,1,1,geometry
8479,S20-26719__S20-26719,1,1,geometry
8480,S20-26719__S20-26719,1,1,geometry
8481,S2415689__S24-15689-_-BIOPSY,1,1,geometry
8482,S2134277__S2134277,1,0,geometry
8483,S2531989__S2531989_0_BP1A2021,0,1,geometry
8484,S2530049__S2530049_0_BP1A2021,0,1,geometry
8485,S2511010__S25-11010_0_BP1A2021_052642,1,0,geometry
8486,S2415689__S24-15689-_-BIOPSY,1,0,geometry
8487,S2531989__S2531989_0_BP1A2021,0,1,geometry
8488,S2237601__S22-37601-_-,0,1,geometry
8489,S2424258__S2424258,0,0,geometry
8490,S2424255__S2424255,0,1,geometry
8491,S2530049__S2530049_0_BP1A2021,0,0,geometry
8492,S16-17719__S16-17719,1,0,geometry
8493,S2134277__S2134277,1,1,geometry
8494,S2229537__S22-29537-_-SERIAL_1,1,0,geometry
8495,S2516970__S25-16970____155248,1,1,geometry
8496,S2229537__S22-29537-_-SERIAL_1,1,0,geometry
8497,S2522994__S2522994_0_BP1A2021,0,1,geometry
8498,S2530981__S2530981_0_BP1A2021,0,1,geometry
8499,S20-28924__S20-28924,0,0,geometry
8500,S19-40316__S19-40316,1,0,geometry
8501,S2513846__S25-13846_0_BP1A2021_131523,0,1,geometry
8502,S2512685__S2512685_0_,0,0,geometry
8503,S2529112__S2529112_0_BP1A2021,0,0,geometry
8504,S2516970__S25-16970____155248,1,1,geometry
8505,S2516970__S25-16970____155248,1,1,geometry
8506,S2436457__S2436457_BP1B11_C_15540_2,0,1,geometry
8507,S2227608__S22-27608-_-SERIAL_2,1,0,geometry
8508,S2524760__S2524760_0_BP1A2021,0,0,geometry
8509,S2516970__S25-16970____155248,1,0,geometry
8510,S2134277__S2134277,1,0,geometry
8511,S2346179__S23-46179-_-BIOPSY,1,0,geometry
8512,S2346179__S23-46179-_-BIOPSY,1,0,geometry
8513,S2526362__S2526362_0_BP1A2021,0,0,geometry
8514,S2406753__S24-06753-_-DEEP_1,0,1,geometry
8515,S2516970__S25-16970____155248,1,1,geometry
8516,S2525436__S2525436_0_BP1A2021,0,0,geometry
8517,S16-17719__S16-17719,1,0,geometry
8518,S2227608__S22-27608-_-SERIAL_2,1,0,geometry
8519,S2247860__S22-47860-_-DEEP_1,1,1,geometry
8520,S2134277__S2134277,1,0,geometry
8521,S2524760__S2524760_0_BP1A2021,0,1,geometry
8522,S2229537__S22-29537-_-SERIAL_1,1,0,geometry
8523,S2516971__S25-16971____140945,0,1,geometry
8524,S2525436__S2525436_0_BP1A2021,0,1,geometry
8525,S2524777__S2524777_0_BP1A2021,0,0,geometry
8526,S2516970__S25-16970____155248,1,0,geometry
8527,S2346179__S23-46179-_-BIOPSY,1,1,geometry
8528,S2346179__S23-46179-_-BIOPSY,1,0,geometry
8529,S2134277__S2134277,1,1,geometry
8530,S2511010__S25-11010_0_BP1A2021_052642,1,1,geometry
8531,S16-17719__S16-17719,1,0,geometry
8532,S2247860__S22-47860-_-DEEP_1,1,0,geometry
8533,S19-40316__S19-40316,1,0,geometry
8534,S2247860__S22-47860-_-DEEP_1,1,1,geometry
8535,S2528218__S2528218_0_BP1A2021,0,1,geometry
8536,S2227608__S22-27608-_-SERIAL_2,1,0,geometry
8537,S2513848__S25-13848_0_BP1A2021_131436,0,1,geometry
8538,S2427695__S24-27695-_-BIOPSY,0,1,geometry
8539,S20-26719__S20-26719,1,0,geometry
8540,S2227608__S22-27608-_-SERIAL_2,1,1,geometry
8541,S2346179__S23-46179-_-BIOPSY,1,0,geometry
8542,S2524760__S2524760_0_BP1A2021,0,0,geometry
8543,S2401283__S24-01283-_-BIOPSY,0,1,geometry
8544,S2229537__S22-29537-_-SERIAL_1,1,1,geometry
8545,S2530049__S2530049_0_BP1A2021,0,0,geometry
8546,S2425843__S24-25843-_-BIOPSY,0,1,geometry
8547,S16-17719__S16-17719,1,0,geometry
8548,S2511010__S25-11010_0_BP1A2021_052642,1,0,geometry
8549,S2415689__S24-15689-_-BIOPSY,1,0,geometry
8550,S2406754__S24-06754-_-DEEP_2,0,1,geometry
8551,S2229537__S22-29537-_-SERIAL_1,1,1,geometry
8552,S2346179__S23-46179-_-BIOPSY,1,1,geometry
8553,S2415689__S24-15689-_-BIOPSY,1,0,geometry
8554,S2406753__S24-06753-_-DEEP_1,0,1,geometry
8555,S2216630__S2216630--DEEP_1,0,0,geometry
8556,S2401283__S24-01283-_-BIOPSY,0,0,geometry
8557,S2516970__S25-16970____155248,1,0,geometry
8558,S2406753__S24-06753-_-DEEP_1,0,1,geometry
8559,S2227608__S22-27608-_-SERIAL_2,1,1,geometry
8560,S2227604__S22-27604-_-BIOPSY,1,1,geometry
8561,S2520402__S2520402_0_BP1A2021,0,1,geometry
8562,S2227608__S22-27608-_-SERIAL_1,1,0,geometry
8563,S2520402__S2520402_0_BP1A2021,0,1,geometry
8564,S2401283__S24-01283-_-BIOPSY,0,0,geometry
8565,S2229537__S22-29537-_-SERIAL_1,1,0,geometry
8566,S2425843__S24-25843-_-BIOPSY,0,1,geometry
8567,S2415689__S24-15689-_-BIOPSY,1,1,geometry
8568,S2525436__S2525436_0_BP1A2021,0,1,geometry
8569,S2406754__S24-06754-_-DEEP_2,0,1,geometry
8570,S2531989__S2531989_0_BP1A2021,0,0,geometry
8571,S2511007__S25-11007_0_BP1A2021_052433,0,1,geometry
8572,S2516971__S25-16971____155423,0,0,geometry
8573,S2227608__S22-27608-_-SERIAL_1,1,0,geometry
8574,S2531989__S2531989_0_BP1A2021,0,1,geometry
8575,S16-17719__S16-17719,1,1,geometry
8576,S2415689__S24-15689-_-BIOPSY,1,0,geometry
8577,S2346179__S23-46179-_-BIOPSY,1,0,geometry
8578,S20-26719__S20-26719,1,0,geometry
8579,S2227608__S22-27608-_-SERIAL_1,1,1,geometry
8580,S2344462__S23-44462-_-BIOPSY,0,1,geometry
8581,S2237601__S22-37601-_-,0,0,geometry
8582,S2229537__S22-29537-_-SERIAL_1,1,1,geometry
8583,S20-26719__S20-26719,1,0,geometry
8584,S2247860__S22-47860-_-DEEP_1,1,1,geometry
8585,S2516970__S25-16970____155248,1,1,geometry
8586,S2516970__S25-16970____155248,1,0,geometry
8587,S19-40316__S19-40316,1,1,geometry
8588,S2229537__S22-29537-_-SERIAL_1,1,1,geometry
8589,S20-26719__S20-26719,1,0,geometry
8590,S16-17719__S16-17719,1,0,geometry
8591,S20-26719__S20-26719,1,1,geometry
8592,S2229537__S22-29537-_-SERIAL_1,1,0,geometry
8593,S2521239__S2521239_0_BP1A2021,0,0,geometry
8594,S2227604__S22-27604-_-BIOPSY,1,1,geometry
8595,S2530985__S2530985_0_BP1A2021,0,1,geometry
8596,S2134277__S2134277,1,1,geometry
8597,S2229537__S22-29537-_-SERIAL_1,1,0,geometry
8598,S2528218__S2528218_0_BP1A2021,0,1,geometry
8599,S2527323__S2527323_0_BP1A2021,0,0,geometry
8600,S2520404__S2520404_0_BP1A2021,0,0,geometry
8601,S20-26719__S20-26719,1,1,geometry
8602,S2531989__S2531989_0_BP1A2021,0,0,geometry
8603,S2530985__S2530985_0_BP1A2021,0,0,geometry
8604,S2528218__S2528218_0_BP1A2021,0,1,geometry
8605,S2522994__S2522994_0_BP1A2021,0,0,geometry
8606,S2227608__S22-27608-_-SERIAL_1,1,1,geometry
8607,S2511007__S25-11007_0_BP1A2021_052433,0,1,geometry
8608,S2511010__S25-11010_0_BP1A2021_052642,1,1,geometry
8609,S20-26719__S20-26719,1,0,geometry
8610,S2227604__S22-27604-_-BIOPSY,1,0,geometry
8611,S2525436__S2525436_0_BP1A2021,0,0,geometry
8612,S2406754__S24-06754-_-DEEP_2,0,1,geometry
8613,S2516970__S25-16970____155248,1,1,geometry
8614,S2530981__S2530981_0_BP1A2021,0,1,geometry
8615,S2229537__S22-29537-_-SERIAL_1,1,0,geometry
8616,S2516971__S25-16971____140945,0,0,geometry
8617,S2227608__S22-27608-_-SERIAL_1,1,0,geometry
8618,S2401283__S24-01283-_-BIOPSY,0,1,geometry
8619,S2406754__S24-06754-_-DEEP_2,0,0,geometry
8620,S16-17719__S16-17719,1,1,geometry
8621,S2530981__S2530981_0_BP1A2021,0,0,geometry
8622,S2522994__S2522994_0_BP1A2021,0,0,geometry
8623,S2516970__S25-16970____155248,1,1,geometry
8624,S2511006__S25-11006_0_BP1A2021_052242,0,0,geometry
8625,S2530985__S2530985_0_BP1A2021,0,0,geometry
8626,S2415689__S24-15689-_-BIOPSY,1,1,geometry
8627,S2511010__S25-11010_0_BP1A2021_052642,1,1,geometry
8628,S2415689__S24-15689-_-BIOPSY,1,1,geometry
8629,S2415689__S24-15689-_-BIOPSY,1,0,geometry
8630,S20-28924__S20-28924,0,1,geometry
8631,S2516971__S25-16971____140945,0,0,geometry
8632,S2531989__S2531989_0_BP1A2021,0,0,geometry
8633,S2247860__S22-47860-_-DEEP_1,1,0,geometry
8634,S2516970__S25-16970____155248,1,0,geometry
8635,S2346179__S23-46179-_-BIOPSY,1,0,geometry
8636,S2427695__S2427695_BP1B27_C_14045_3,0,0,geometry
8637,S2134277__S2134277,1,0,geometry
8638,S2134277__S2134277,1,1,geometry
8639,S2344462__S23-44462-_-BIOPSY,0,1,geometry
8640,S16-17719__S16-17719,1,0,geometry
8641,S2511010__S25-11010_0_BP1A2021_052642,1,1,geometry
8642,S2134277__S2134277,1,1,geometry
8643,S2227608__S22-27608-_-SERIAL_1,1,0,geometry
8644,S2229537__S22-29537-_-SERIAL_1,1,0,geometry
8645,S2513846__S25-13846_0_BP1A2021_131523,0,0,geometry
8646,S2530991__S2530991_0_BP1A2021,0,0,geometry
8647,S2237601__S22-37601-_-,0,0,geometry
8648,S2424259__S2424259,0,0,geometry
8649,S2406753__S24-06753-_-SERIAL_2,0,0,geometry
8650,S2227608__S22-27608-_-SERIAL_2,1,0,geometry
8651,S19-40316__S19-40316,1,0,geometry
8652,S2401283__S24-01283-_-BIOPSY,0,1,geometry
8653,S2513846__S25-13846_0_BP1A2021_131523,0,0,geometry
8654,S2511006__S25-11006_0_BP1A2021_052242,0,0,geometry
8655,S2524760__S2524760_0_BP1A2021,0,0,geometry
8656,S2346179__S23-46179-_-BIOPSY,1,0,geometry
8657,S2406754__S24-06754-_-DEEP_2,0,1,geometry
8658,S19-40316__S19-40316,1,1,geometry
8659,S2227604__S22-27604-_-BIOPSY,1,1,geometry
8660,S2227604__S22-27604-_-BIOPSY,1,1,geometry
8661,S2134277__S2134277,1,1,geometry
8662,S2524777__S2524777_0_BP1A2021,0,0,geometry
8663,S2401283__S24-01283-_-BIOPSY,0,1,geometry
8664,S19-40316__S19-40316,1,0,geometry
8665,S2134277__S2134277,1,1,geometry
8666,S16-17719__S16-17719,1,0,geometry
8667,S2401283__S24-01283-_-BIOPSY,0,1,geometry
8668,S2415689__S24-15689-_-BIOPSY,1,0,geometry
8669,S2346179__S23-46179-_-BIOPSY,1,0,geometry
8670,S2229537__S22-29537-_-SERIAL_1,1,0,geometry
8671,S2520404__S2520404_0_BP1A2021,0,0,geometry
8672,S2511010__S25-11010_0_BP1A2021_052642,1,1,geometry
8673,S2415689__S24-15689-_-BIOPSY,1,0,geometry
8674,S2516971__S25-16971____140945,0,1,geometry
8675,S2346179__S23-46179-_-BIOPSY,1,1,geometry
8676,S2530981__S2530981_0_BP1A2021,0,1,geometry
8677,S2247860__S22-47860-_-DEEP_1,1,1,geometry
8678,S2134277__S2134277,1,1,geometry
8679,S2516971__S25-16971____140945,0,0,geometry
8680,S2530981__S2530981_0_BP1A2021,0,1,geometry
8681,S2406753__S24-06753-_-SERIAL_2,0,0,geometry
8682,S2346179__S23-46179-_-BIOPSY,1,1,geometry
8683,S2516971__S25-16971____155423,0,1,geometry
8684,S2530991__S2530991_0_BP1A2021,0,0,geometry
8685,S2524777__S2524777_0_BP1A2021,0,1,geometry
8686,S2346179__S23-46179-_-BIOPSY,1,0,geometry
8687,S2513846__S25-13846_0_BP1A2021_161650,0,1,geometry
8688,S2247860__S22-47860-_-DEEP_1,1,0,geometry
8689,S2529112__S2529112_0_BP1A2021,0,0,geometry
8690,S2520404__S2520404_0_BP1A2021,0,0,geometry
8691,S2406753__S24-06753-_-DEEP_1,0,1,geometry
8692,S20-28924__S20-28924,0,0,geometry
8693,S2134277__S2134277,1,0,geometry
8694,S2229537__S22-29537-_-SERIAL_1,1,0,geometry
8695,S2227608__S22-27608-_-SERIAL_2,1,1,geometry
8696,S2409392__S2409392,0,0,geometry
8697,S2424258__S2424258,0,1,geometry
8698,S2424259__S2424259,0,1,geometry
8699,S16-17719__S16-17719,1,0,geometry
8700,S2511010__S25-11010_0_BP1A2021_052642,1,1,geometry
8701,S2401283__S24-01283-_-BIOPSY,0,1,geometry
8702,S2216630__S2216630--DEEP_1,0,0,geometry
8703,S2512685__S2512685_0_,0,1,geometry
8704,S2134277__S2134277,1,1,geometry
8705,S2415689__S24-15689-_-BIOPSY,1,0,geometry
8706,S19-40316__S19-40316,1,0,geometry
8707,S2516971__S25-16971____155423,0,0,geometry
8708,S2415689__S24-15689-_-BIOPSY,1,1,geometry
8709,S2134277__S2134277,1,0,geometry
8710,S2227604__S22-27604-_-BIOPSY,1,0,geometry
8711,S2425843__S24-25843-_-BIOPSY,0,0,geometry
8712,S2346179__S23-46179-_-BIOPSY,1,0,geometry
8713,S2227608__S22-27608-_-SERIAL_2,1,1,geometry
8714,S2346179__S23-46179-_-BIOPSY,1,1,geometry
8715,S2511007__S25-11007_0_BP1A2021_052433,0,1,geometry
8716,S2134277__S2134277,1,0,geometry
8717,S2511006__S25-11006_0_BP1A2021_052242,0,1,geometry
8718,S2513846__S25-13846_0_BP1A2021_131523,0,1,geometry
8719,S2424259__S2424259,0,1,geometry
8720,S2524777__S2524777_0_BP1A2021,0,0,geometry
8721,S2516971__S25-16971____155423,0,0,geometry
8722,S2526362__S2526362_0_BP1A2021,0,0,geometry
8723,S2227608__S22-27608-_-SERIAL_1,1,1,geometry
8724,S2406753__S24-06753-_-DEEP_1,0,0,geometry
8725,S2526362__S2526362_0_BP1A2021,0,0,geometry
8726,S2516971__S25-16971____140945,0,0,geometry
8727,S2530981__S2530981_0_BP1A2021,0,1,geometry
8728,S2415689__S24-15689-_-BIOPSY,1,0,geometry
8729,S2530991__S2530991_0_BP1A2021,0,0,geometry
8730,S2516970__S25-16970____155248,1,0,geometry
8731,S2535840__S2535840_0_BP1A2021,0,0,geometry
8732,S2516971__S25-16971____140945,0,0,geometry
8733,S2134277__S2134277,1,0,geometry
8734,S2229537__S22-29537-_-SERIAL_1,1,1,geometry
8735,S2227608__S22-27608-_-SERIAL_2,1,0,geometry
8736,S2346179__S23-46179-_-BIOPSY,1,0,geometry
8737,S2134277__S2134277,1,0,geometry
8738,S2229537__S22-29537-_-SERIAL_1,1,1,geometry
8739,S2424255__S2424255,0,0,geometry
8740,S2521239__S2521239_0_BP1A2021,0,1,geometry
8741,S2134277__S2134277,1,0,geometry
8742,S2525436__S2525436_0_BP1A2021,0,1,geometry
8743,S2227608__S22-27608-_-SERIAL_1,1,1,geometry
8744,S2406753__S24-06753-_-SERIAL_2,0,1,geometry
8745,S2415689__S24-15689-_-BIOPSY,1,0,geometry
8746,S2520402__S2520402_0_BP1A2021,0,0,geometry
8747,S2134277__S2134277,1,0,geometry
8748,S2227604__S22-27604-_-BIOPSY,1,0,geometry
8749,S20-26719__S20-26719,1,0,geometry
8750,S2511010__S25-11010_0_BP1A2021_052642,1,0,geometry
8751,S2516971__S25-16971____140945,0,1,geometry
8752,S2424259__S2424259,0,1,geometry
8753,S2247860__S22-47860-_-DEEP_1,1,0,geometry
8754,S2229537__S22-29537-_-SERIAL_1,1,0,geometry
8755,S2511007__S25-11007_0_BP1A2021_052433,0,1,geometry
8756,S20-26719__S20-26719,1,1,geometry
8757,S2227604__S22-27604-_-BIOPSY,1,0,geometry
8758,S2237601__S22-37601-_-,0,1,geometry
8759,S2527323__S2527323_0_BP1A2021,0,1,geometry
8760,S2522994__S2522994_0_BP1A2021,0,1,geometry
8761,S2227608__S22-27608-_-SERIAL_1,1,1,geometry
8762,S2406753__S24-06753-_-DEEP_1,0,1,geometry
8763,S2511010__S25-11010_0_BP1A2021_052642,1,0,geometry
8764,S2415689__S24-15689-_-BIOPSY,1,1,geometry
8765,S2227608__S22-27608-_-SERIAL_1,1,1,geometry
8766,S2227608__S22-27608-_-SERIAL_2,1,1,geometry
8767,S2511009__S25-11009_0_BP1A2021_052542,0,1,geometry
8768,S2229537__S22-29537-_-SERIAL_1,1,1,geometry
8769,S20-26719__S20-26719,1,0,geometry
8770,S2134277__S2134277,1,0,geometry
8771,S2247860__S22-47860-_-DEEP_1,1,1,geometry
8772,S2427695__S24-27695-_-BIOPSY,0,0,geometry
8773,S2247860__S22-47860-_-DEEP_1,1,1,geometry
8774,S2424259__S2424259,0,1,geometry
8775,S2344462__S23-44462-_-BIOPSY,0,1,geometry
8776,S2516971__S25-16971____155423,0,1,geometry
8777,S2530981__S2530981_0_BP1A2021,0,0,geometry
8778,S2535840__S2535840_0_BP1A2021,0,0,geometry
8779,S2427695__S2427695_BP1B27_C_14045_3,0,0,geometry
8780,S2424259__S2424259,0,0,geometry
8781,S2247860__S22-47860-_-DEEP_1,1,0,geometry
8782,S19-40316__S19-40316,1,0,geometry
8783,S2516971__S25-16971____140945,0,0,geometry
8784,S2516970__S25-16970____155248,1,0,geometry
8785,S2415689__S24-15689-_-BIOPSY,1,0,geometry
8786,S20-28924__S20-28924,0,0,geometry
8787,S2237601__S22-37601-_-,0,1,geometry
8788,S2436457__S2436457_BP1B11_C_15540_2,0,1,geometry
8789,S2524760__S2524760_0_BP1A2021,0,1,geometry
8790,S2247860__S22-47860-_-DEEP_1,1,1,geometry
8791,S2247860__S22-47860-_-DEEP_1,1,0,geometry
8792,S2247860__S22-47860-_-DEEP_1,1,0,geometry
8793,S2511009__S25-11009_0_BP1A2021_052542,0,1,geometry
8794,S2511010__S25-11010_0_BP1A2021_052642,1,0,geometry
8795,S2247860__S22-47860-_-DEEP_1,1,0,geometry
8796,S2227604__S22-27604-_-BIOPSY,1,0,geometry
8797,S2525436__S2525436_0_BP1A2021,0,1,geometry
8798,S2227608__S22-27608-_-SERIAL_1,1,1,geometry
8799,S2511006__S25-11006_0_BP1A2021_052242,0,1,geometry
8800,S16-17719__S16-17719,1,1,geometry
8801,S2344462__S23-44462-_-BIOPSY,0,0,geometry
8802,S2415689__S24-15689-_-BIOPSY,1,0,geometry
8803,S2513846__S25-13846_0_BP1A2021_161650,0,1,geometry
8804,S2346179__S23-46179-_-BIOPSY,1,1,geometry
8805,S2415689__S24-15689-_-BIOPSY,1,1,geometry
8806,S2516971__S25-16971____155423,0,1,geometry
8807,S2513846__S25-13846_0_BP1A2021_131523,0,1,geometry
8808,S2521239__S2521239_0_BP1A2021,0,1,geometry
8809,S2344462__S23-44462-_-BIOPSY,0,0,geometry
8810,S2513848__S25-13848_0_BP1A2021_131436,0,0,geometry
8811,S2427695__S2427695_BP1B27_C_14045_3,0,1,geometry
8812,S2513848__S25-13848_0_BP1A2021_131436,0,1,geometry
8813,S2521239__S2521239_0_BP1A2021,0,1,geometry
8814,S19-40316__S19-40316,1,1,geometry
8815,S2530985__S2530985_0_BP1A2021,0,0,geometry
8816,S2512685__S2512685_0_,0,0,geometry
8817,S2406754__S24-06754-_-DEEP_2,0,0,geometry
8818,S20-26719__S20-26719,1,1,geometry
8819,S2406754__S24-06754-_-DEEP_2,0,1,geometry
8820,S2227608__S22-27608-_-SERIAL_2,1,1,geometry
8821,S2227604__S22-27604-_-BIOPSY,1,0,geometry
8822,S2525436__S2525436_0_BP1A2021,0,0,geometry
8823,S2134277__S2134277,1,1,geometry
8824,S20-28924__S20-28924,0,0,geometry
8825,S2516970__S25-16970____155248,1,0,geometry
8826,S2134277__S2134277,1,0,geometry
8827,S2424258__S2424258,0,1,geometry
8828,S2216630__S2216630--DEEP_1,0,1,geometry
8829,S2530991__S2530991_0_BP1A2021,0,0,geometry
8830,S20-26719__S20-26719,1,0,geometry
8831,S2227608__S22-27608-_-SERIAL_1,1,0,geometry
8832,S2513846__S25-13846_0_BP1A2021_161650,0,1,geometry
8833,S2436457__S2436457_BP1B11_C_15540_2,0,1,geometry
8834,S2227604__S22-27604-_-BIOPSY,1,1,geometry
8835,S19-40316__S19-40316,1,0,geometry
8836,S2227604__S22-27604-_-BIOPSY,1,1,geometry
8837,S20-26719__S20-26719,1,0,geometry
8838,S2425843__S24-25843-_-BIOPSY,0,0,geometry
8839,S2346179__S23-46179-_-BIOPSY,1,1,geometry
8840,S2516970__S25-16970____155248,1,0,geometry
8841,S2530985__S2530985_0_BP1A2021,0,0,geometry
8842,S2227608__S22-27608-_-SERIAL_2,1,1,geometry
8843,S2531985__S2531985_0_BP1A2021,0,1,geometry
8844,S20-26719__S20-26719,1,1,geometry
8845,S2520404__S2520404_0_BP1A2021,0,1,geometry
8846,S20-26719__S20-26719,1,0,geometry
8847,S2424258__S2424258,0,0,geometry
8848,S2406754__S24-06754-_-DEEP_2,0,1,geometry
8849,S2227608__S22-27608-_-SERIAL_1,1,1,geometry
8850,S2511010__S25-11010_0_BP1A2021_052642,1,1,geometry
8851,S2134277__S2134277,1,1,geometry
8852,S2424258__S2424258,0,1,geometry
8853,S2216630__S2216630--DEEP_1,0,1,geometry
8854,S19-40316__S19-40316,1,0,geometry
8855,S2415689__S24-15689-_-BIOPSY,1,1,geometry
8856,S2247860__S22-47860-_-DEEP_1,1,0,geometry
8857,S2346179__S23-46179-_-BIOPSY,1,1,geometry
8858,S2525436__S2525436_0_BP1A2021,0,0,geometry
8859,S2346179__S23-46179-_-BIOPSY,1,1,geometry
8860,S2513848__S25-13848_0_BP1A2021_131436,0,1,geometry
8861,S2346179__S23-46179-_-BIOPSY,1,1,geometry
8862,S2511010__S25-11010_0_BP1A2021_052642,1,0,geometry
8863,S16-17719__S16-17719,1,0,geometry
8864,S2227608__S22-27608-_-SERIAL_1,1,0,geometry
8865,S16-17719__S16-17719,1,0,geometry
8866,S2415689__S24-15689-_-BIOPSY,1,0,geometry
8867,S2524777__S2524777_0_BP1A2021,0,0,geometry
8868,S20-26719__S20-26719,1,0,geometry
8869,S2227608__S22-27608-_-SERIAL_1,1,1,geometry
8870,S2530981__S2530981_0_BP1A2021,0,0,geometry
8871,S2529112__S2529112_0_BP1A2021,0,1,geometry
8872,S2406753__S24-06753-_-SERIAL_2,0,1,geometry
8873,S19-40316__S19-40316,1,0,geometry
8874,S2247860__S22-47860-_-DEEP_1,1,0,geometry
8875,S2346179__S23-46179-_-BIOPSY,1,1,geometry
8876,S2229537__S22-29537-_-SERIAL_1,1,0,geometry
8877,S2513846__S25-13846_0_BP1A2021_161650,0,1,geometry
8878,S2227608__S22-27608-_-SERIAL_2,1,0,geometry
8879,S2524760__S2524760_0_BP1A2021,0,1,geometry
8880,S2346179__S23-46179-_-BIOPSY,1,0,geometry
8881,S2229537__S22-29537-_-SERIAL_1,1,1,geometry
8882,S2511007__S25-11007_0_BP1A2021_052433,0,1,geometry
8883,S2415689__S24-15689-_-BIOPSY,1,0,geometry
8884,S2528218__S2528218_0_BP1A2021,0,1,geometry
8885,S2216630__S2216630--DEEP_1,0,1,geometry
8886,S2134277__S2134277,1,1,geometry
8887,S2530985__S2530985_0_BP1A2021,0,1,geometry
8888,S20-26719__S20-26719,1,1,geometry
8889,S2134277__S2134277,1,1,geometry
8890,S2406754__S24-06754-_-SERIAL_1,0,0,geometry
8891,S2346179__S23-46179-_-BIOPSY,1,0,geometry
8892,S2511010__S25-11010_0_BP1A2021_052642,1,0,geometry
8893,S2529112__S2529112_0_BP1A2021,0,0,geometry
8894,S2513846__S25-13846_0_BP1A2021_131523,0,0,geometry
8895,S2520402__S2520402_0_BP1A2021,0,0,geometry
8896,S2227608__S22-27608-_-SERIAL_1,1,0,geometry
8897,S2530049__S2530049_0_BP1A2021,0,0,geometry
8898,S2511007__S25-11007_0_BP1A2021_052433,0,0,geometry
8899,S19-40316__S19-40316,1,0,geometry
8900,S16-17719__S16-17719,1,0,geometry
8901,S16-17719__S16-17719,1,0,geometry
8902,S2511010__S25-11010_0_BP1A2021_052642,1,0,geometry
8903,S2530985__S2530985_0_BP1A2021,0,0,geometry
8904,S2527323__S2527323_0_BP1A2021,0,1,geometry
8905,S2530049__S2530049_0_BP1A2021,0,1,geometry
8906,S2516970__S25-16970____155248,1,0,geometry
8907,S2520404__S2520404_0_BP1A2021,0,0,geometry
8908,S2216630__S2216630--DEEP_1,0,0,geometry
8909,S2229537__S22-29537-_-SERIAL_1,1,0,geometry
8910,S20-26719__S20-26719,1,1,geometry
8911,S2227604__S22-27604-_-BIOPSY,1,0,geometry
8912,S2511009__S25-11009_0_BP1A2021_052542,0,0,geometry
8913,S2227608__S22-27608-_-SERIAL_2,1,0,geometry
8914,S2531989__S2531989_0_BP1A2021,0,0,geometry
8915,S2530981__S2530981_0_BP1A2021,0,0,geometry
8916,S19-40316__S19-40316,1,0,geometry
8917,S2229537__S22-29537-_-SERIAL_1,1,0,geometry
8918,S2511010__S25-11010_0_BP1A2021_052642,1,0,geometry
8919,S2531985__S2531985_0_BP1A2021,0,1,geometry
8920,S19-40316__S19-40316,1,0,geometry
8921,S2427695__S2427695_BP1B27_C_14045_3,0,0,geometry
8922,S2531989__S2531989_0_BP1A2021,0,0,geometry
8923,S2406754__S24-06754-_-DEEP_2,0,1,geometry
8924,S2516971__S25-16971____155423,0,0,geometry
8925,S2401283__S24-01283-_-BIOPSY,0,0,geometry
8926,S2227604__S22-27604-_-BIOPSY,1,1,geometry
8927,S2216630__S2216630--DEEP_1,0,1,geometry
8928,S2528218__S2528218_0_BP1A2021,0,1,geometry
8929,S20-26719__S20-26719,1,1,geometry
8930,S2513846__S25-13846_0_BP1A2021_161650,0,1,geometry
8931,S20-26719__S20-26719,1,0,geometry
8932,S2511009__S25-11009_0_BP1A2021_052542,0,1,geometry
8933,S2227608__S22-27608-_-SERIAL_1,1,0,geometry
8934,S2247860__S22-47860-_-DEEP_1,1,0,geometry
8935,S2346179__S23-46179-_-BIOPSY,1,1,geometry
8936,S2216630__S2216630--DEEP_1,0,1,geometry
8937,S2134277__S2134277,1,0,geometry
8938,S2227608__S22-27608-_-SERIAL_2,1,0,geometry
8939,S2516970__S25-16970____155248,1,1,geometry
8940,S2346179__S23-46179-_-BIOPSY,1,1,geometry
8941,S2524760__S2524760_0_BP1A2021,0,1,geometry
8942,S2530981__S2530981_0_BP1A2021,0,1,geometry
8943,S2531989__S2531989_0_BP1A2021,0,0,geometry
8944,S2527323__S2527323_0_BP1A2021,0,0,geometry
8945,S19-40316__S19-40316,1,0,geometry
8946,S2526362__S2526362_0_BP1A2021,0,1,geometry
8947,S2346179__S23-46179-_-BIOPSY,1,0,geometry
8948,S2516970__S25-16970____155248,1,0,geometry
8949,S19-40316__S19-40316,1,0,geometry
8950,S2227608__S22-27608-_-SERIAL_2,1,1,geometry
8951,S2227604__S22-27604-_-BIOPSY,1,1,geometry
8952,S2513846__S25-13846_0_BP1A2021_161650,0,0,geometry
8953,S2528218__S2528218_0_BP1A2021,0,1,geometry
8954,S2247860__S22-47860-_-DEEP_1,1,0,geometry
8955,S2531989__S2531989_0_BP1A2021,0,1,geometry
8956,S2513846__S25-13846_0_BP1A2021_131523,0,1,geometry
8957,S2524777__S2524777_0_BP1A2021,0,1,geometry
8958,S2415689__S24-15689-_-BIOPSY,1,0,geometry
8959,S2511010__S25-11010_0_BP1A2021_052642,1,1,geometry
8960,S2436457__S2436457_BP1B11_C_15540_2,0,1,geometry
8961,S20-26719__S20-26719,1,1,geometry
8962,S2520402__S2520402_0_BP1A2021,0,1,geometry
8963,S2535840__S2535840_0_BP1A2021,0,0,geometry
8964,S2516971__S25-16971____140945,0,1,geometry
8965,S2415689__S24-15689-_-BIOPSY,1,0,geometry
8966,S2526362__S2526362_0_BP1A2021,0,1,geometry
8967,S2409392__S2409392,0,0,geometry
8968,S2513846__S25-13846_0_BP1A2021_131523,0,0,geometry
8969,S2227604__S22-27604-_-BIOPSY,1,0,geometry
8970,S2134277__S2134277,1,0,geometry
8971,S16-17719__S16-17719,1,0,geometry
8972,S2344462__S23-44462-_-BIOPSY,0,0,geometry
8973,S2227608__S22-27608-_-SERIAL_2,1,1,geometry
8974,S2530991__S2530991_0_BP1A2021,0,0,geometry
8975,S2427695__S24-27695-_-BIOPSY,0,1,geometry
8976,S2513846__S25-13846_0_BP1A2021_161650,0,0,geometry
8977,S2415689__S24-15689-_-BIOPSY,1,1,geometry
8978,S2513848__S25-13848_0_BP1A2021_131436,0,0,geometry
8979,S2229537__S22-29537-_-SERIAL_1,1,0,geometry
8980,S2344462__S23-44462-_-BIOPSY,0,0,geometry
8981,S2346179__S23-46179-_-BIOPSY,1,1,geometry
8982,S2530991__S2530991_0_BP1A2021,0,1,geometry
8983,S2524777__S2524777_0_BP1A2021,0,1,geometry
8984,S2427695__S2427695_BP1B27_C_14045_3,0,0,geometry
8985,S2436457__S2436457_BP1B11_C_15540_2,0,1,geometry
8986,S2425843__S24-25843-_-BIOPSY,0,1,geometry
8987,S2513846__S25-13846_0_BP1A2021_161650,0,0,geometry
8988,S2247860__S22-47860-_-DEEP_1,1,0,geometry
8989,S2227608__S22-27608-_-SERIAL_1,1,1,geometry
8990,S2521239__S2521239_0_BP1A2021,0,0,geometry
8991,S2511010__S25-11010_0_BP1A2021_052642,1,0,geometry
8992,S2227608__S22-27608-_-SERIAL_2,1,0,geometry
8993,S2530049__S2530049_0_BP1A2021,0,0,geometry
8994,S2530991__S2530991_0_BP1A2021,0,1,geometry
8995,S2227608__S22-27608-_-SERIAL_2,1,1,geometry
8996,S2134277__S2134277,1,0,geometry
8997,S2524777__S2524777_0_BP1A2021,0,0,geometry
8998,S2227608__S22-27608-_-SERIAL_1,1,1,geometry
8999,S2516971__S25-16971____140945,0,0,geometry
9000,S2401283__S24-01283-_-BIOPSY,0,1,geometry
9001,S2511010__S25-11010_0_BP1A2021_052642,1,1,geometry
9002,S2227608__S22-27608-_-SERIAL_1,1,0,geometry
9003,S2513846__S25-13846_0_BP1A2021_131523,0,1,geometry
9004,S2227604__S22-27604-_-BIOPSY,1,1,geometry
9005,S2424259__S2424259,0,0,geometry
9006,S2511009__S25-11009_0_BP1A2021_052542,0,0,geometry
9007,S16-17719__S16-17719,1,0,geometry
9008,S2424255__S2424255,0,0,geometry
9009,S2511009__S25-11009_0_BP1A2021_052542,0,0,geometry
9010,S16-17719__S16-17719,1,1,geometry
9011,S2513846__S25-13846_0_BP1A2021_161650,0,0,geometry
9012,S2530991__S2530991_0_BP1A2021,0,0,geometry
9013,S2406754__S24-06754-_-SERIAL_1,0,0,geometry
9014,S2513848__S25-13848_0_BP1A2021_131436,0,1,geometry
9015,S20-26719__S20-26719,1,0,geometry
9016,S19-40316__S19-40316,1,0,geometry
9017,S2530049__S2530049_0_BP1A2021,0,1,geometry
9018,S2346179__S23-46179-_-BIOPSY,1,1,geometry
9019,S2427695__S24-27695-_-BIOPSY,0,1,geometry
9020,S2227608__S22-27608-_-SERIAL_2,1,1,geometry
9021,S2247860__S22-47860-_-DEEP_1,1,1,geometry
9022,S2528218__S2528218_0_BP1A2021,0,1,geometry
9023,S19-40316__S19-40316,1,1,geometry
9024,S2424255__S2424255,0,0,geometry
9025,S2511006__S25-11006_0_BP1A2021_052242,0,0,geometry
9026,S2511007__S25-11007_0_BP1A2021_052433,0,1,geometry
9027,S2425843__S24-25843-_-BIOPSY,0,0,geometry
9028,S2424258__S2424258,0,0,geometry
9029,S2526362__S2526362_0_BP1A2021,0,1,geometry
9030,S2346179__S23-46179-_-BIOPSY,1,1,geometry
9031,S2425843__S24-25843-_-BIOPSY,0,1,geometry
9032,S2409392__S2409392,0,0,geometry
9033,S2406754__S24-06754-_-DEEP_2,0,0,geometry
9034,S2415689__S24-15689-_-BIOPSY,1,1,geometry
9035,S2527323__S2527323_0_BP1A2021,0,1,geometry
9036,S2227608__S22-27608-_-SERIAL_2,1,1,geometry
9037,S2134277__S2134277,1,1,geometry
9038,S2406754__S24-06754-_-SERIAL_1,0,0,geometry
9039,S2134277__S2134277,1,0,geometry
9040,S2229537__S22-29537-_-SERIAL_1,1,0,geometry
9041,S2427695__S2427695_BP1B27_C_14045_3,0,1,geometry
9042,S2520402__S2520402_0_BP1A2021,0,0,geometry
9043,S2511009__S25-11009_0_BP1A2021_052542,0,1,geometry
9044,S2247860__S22-47860-_-DEEP_1,1,0,geometry
9045,S2415689__S24-15689-_-BIOPSY,1,1,geometry
9046,S2227608__S22-27608-_-SERIAL_1,1,1,geometry
9047,S2346179__S23-46179-_-BIOPSY,1,1,geometry
9048,S2513848__S25-13848_0_BP1A2021_131436,0,1,geometry
9049,S2511010__S25-11010_0_BP1A2021_052642,1,1,geometry
9050,S2511006__S25-11006_0_BP1A2021_052242,0,0,geometry
9051,S2227608__S22-27608-_-SERIAL_2,1,1,geometry
9052,S2513846__S25-13846_0_BP1A2021_131523,0,1,geometry
9053,S2427695__S24-27695-_-BIOPSY,0,0,geometry
9054,S2436457__S2436457_BP1B11_C_15540_2,0,1,geometry
9055,S2424258__S2424258,0,0,geometry
9056,S2134277__S2134277,1,1,geometry
9057,S2525436__S2525436_0_BP1A2021,0,1,geometry
9058,S2530049__S2530049_0_BP1A2021,0,1,geometry
9059,S2511010__S25-11010_0_BP1A2021_052642,1,0,geometry
9060,S2406754__S24-06754-_-DEEP_2,0,1,geometry
9061,S2424258__S2424258,0,1,geometry
9062,S2229537__S22-29537-_-SERIAL_1,1,0,geometry
9063,S2415689__S24-15689-_-BIOPSY,1,0,geometry
9064,S2526362__S2526362_0_BP1A2021,0,1,geometry
9065,S2227604__S22-27604-_-BIOPSY,1,1,geometry
9066,S2530049__S2530049_0_BP1A2021,0,0,geometry
9067,S2409392__S2409392,0,1,geometry
9068,S2511010__S25-11010_0_BP1A2021_052642,1,0,geometry
9069,S2229537__S22-29537-_-SERIAL_1,1,0,geometry
9070,S2520404__S2520404_0_BP1A2021,0,0,geometry
9071,S2531985__S2531985_0_BP1A2021,0,1,geometry
9072,S20-28924__S20-28924,0,0,geometry
9073,S2247860__S22-47860-_-DEEP_1,1,1,geometry
9074,S2227608__S22-27608-_-SERIAL_1,1,1,geometry
9075,S2516971__S25-16971____155423,0,1,geometry
9076,S2247860__S22-47860-_-DEEP_1,1,0,geometry
9077,S2531985__S2531985_0_BP1A2021,0,0,geometry
9078,S2530985__S2530985_0_BP1A2021,0,0,geometry
9079,S2529112__S2529112_0_BP1A2021,0,1,geometry
9080,S2526362__S2526362_0_BP1A2021,0,0,geometry
9081,S2522994__S2522994_0_BP1A2021,0,1,geometry
9082,S2424259__S2424259,0,1,geometry
9083,S2511010__S25-11010_0_BP1A2021_052642,1,0,geometry
9084,S19-40316__S19-40316,1,1,geometry
9085,S2520404__S2520404_0_BP1A2021,0,0,geometry
9086,S2513846__S25-13846_0_BP1A2021_131523,0,0,geometry
9087,S2227608__S22-27608-_-SERIAL_1,1,1,geometry
9088,S2237601__S22-37601-_-,0,0,geometry
9089,S2344462__S23-44462-_-BIOPSY,0,1,geometry
9090,S2535840__S2535840_0_BP1A2021,0,1,geometry
9091,S2229537__S22-29537-_-SERIAL_1,1,1,geometry
9092,S2409392__S2409392,0,1,geometry
9093,S19-40316__S19-40316,1,0,geometry
9094,S2406754__S24-06754-_-SERIAL_1,0,1,geometry
9095,S2424255__S2424255,0,0,geometry
9096,S19-40316__S19-40316,1,1,geometry
9097,S2530981__S2530981_0_BP1A2021,0,0,geometry
9098,S2436457__S2436457_BP1B11_C_15540_2,0,0,geometry
9099,S2406753__S24-06753-_-DEEP_1,0,0,geometry
9100,S16-17719__S16-17719,1,1,geometry
9101,S20-26719__S20-26719,1,1,geometry
9102,S2346179__S23-46179-_-BIOPSY,1,1,geometry
9103,S2511009__S25-11009_0_BP1A2021_052542,0,1,geometry
9104,S20-26719__S20-26719,1,0,geometry
9105,S2527323__S2527323_0_BP1A2021,0,1,geometry
9106,S2406754__S24-06754-_-SERIAL_1,0,1,geometry
9107,S20-26719__S20-26719,1,0,geometry
9108,S2521239__S2521239_0_BP1A2021,0,0,geometry
9109,S16-17719__S16-17719,1,1,geometry
9110,S2409392__S2409392,0,1,geometry
9111,S2237601__S22-37601-_-,0,1,geometry
9112,S2530049__S2530049_0_BP1A2021,0,0,geometry
9113,S2415689__S24-15689-_-BIOPSY,1,1,geometry
9114,S2425843__S24-25843-_-BIOPSY,0,0,geometry
9115,S2530985__S2530985_0_BP1A2021,0,0,geometry
9116,S2427695__S24-27695-_-BIOPSY,0,1,geometry
9117,S16-17719__S16-17719,1,1,geometry
9118,S2406753__S24-06753-_-SERIAL_2,0,1,geometry
9119,S2229537__S22-29537-_-SERIAL_1,1,0,geometry
9120,S2516970__S25-16970____155248,1,0,geometry
9121,S2527323__S2527323_0_BP1A2021,0,0,geometry
9122,S2516971__S25-16971____140945,0,1,geometry
9123,S2229537__S22-29537-_-SERIAL_1,1,0,geometry
9124,S16-17719__S16-17719,1,0,geometry
9125,S2227608__S22-27608-_-SERIAL_2,1,1,geometry
9126,S2513846__S25-13846_0_BP1A2021_131523,0,1,geometry
9127,S2516970__S25-16970____155248,1,0,geometry
9128,S20-26719__S20-26719,1,1,geometry
9129,S2524760__S2524760_0_BP1A2021,0,1,geometry
9130,S2227608__S22-27608-_-SERIAL_2,1,0,geometry
9131,S2511006__S25-11006_0_BP1A2021_052242,0,1,geometry
9132,S2247860__S22-47860-_-DEEP_1,1,0,geometry
9133,S19-40316__S19-40316,1,0,geometry
9134,S2229537__S22-29537-_-SERIAL_1,1,1,geometry
9135,S2520402__S2520402_0_BP1A2021,0,1,geometry
9136,S2415689__S24-15689-_-BIOPSY,1,1,geometry
9137,S20-26719__S20-26719,1,0,geometry
9138,S2227608__S22-27608-_-SERIAL_2,1,1,geometry
9139,S2524760__S2524760_0_BP1A2021,0,1,geometry
9140,S2134277__S2134277,1,0,geometry
9141,S2512685__S2512685_0_,0,1,geometry
9142,S2346179__S23-46179-_-BIOPSY,1,0,geometry
9143,S2511010__S25-11010_0_BP1A2021_052642,1,1,geometry
9144,S2535840__S2535840_0_BP1A2021,0,1,geometry
9145,S2401283__S24-01283-_-BIOPSY,0,1,geometry
9146,S2227608__S22-27608-_-SERIAL_1,1,1,geometry
9147,S2406754__S24-06754-_-DEEP_2,0,1,geometry
9148,S2346179__S23-46179-_-BIOPSY,1,1,geometry
9149,S2527323__S2527323_0_BP1A2021,0,1,geometry
9150,S2531989__S2531989_0_BP1A2021,0,0,geometry
9151,S2134277__S2134277,1,1,geometry
9152,S2513846__S25-13846_0_BP1A2021_161650,0,1,geometry
9153,S2530049__S2530049_0_BP1A2021,0,0,geometry
9154,S16-17719__S16-17719,1,0,geometry
9155,S2409392__S2409392,0,1,geometry
9156,S2513848__S25-13848_0_BP1A2021_131436,0,0,geometry
9157,S2531985__S2531985_0_BP1A2021,0,0,geometry
9158,S2406753__S24-06753-_-SERIAL_2,0,0,geometry
9159,S2516970__S25-16970____155248,1,1,geometry
9160,S2415689__S24-15689-_-BIOPSY,1,1,geometry
9161,S2522994__S2522994_0_BP1A2021,0,1,geometry
9162,S2520404__S2520404_0_BP1A2021,0,1,geometry
9163,S2524760__S2524760_0_BP1A2021,0,0,geometry
9164,S2134277__S2134277,1,0,geometry
9165,S16-17719__S16-17719,1,1,geometry
9166,S2530985__S2530985_0_BP1A2021,0,1,geometry
9167,S2229537__S22-29537-_-SERIAL_1,1,0,geometry
9168,S2344462__S23-44462-_-BIOPSY,0,1,geometry
9169,S19-40316__S19-40316,1,0,geometry
9170,S2521239__S2521239_0_BP1A2021,0,1,geometry
9171,S2229537__S22-29537-_-SERIAL_1,1,1,geometry
9172,S20-26719__S20-26719,1,1,geometry
9173,S2227608__S22-27608-_-SERIAL_2,1,0,geometry
9174,S2415689__S24-15689-_-BIOPSY,1,1,geometry
9175,S2530991__S2530991_0_BP1A2021,0,1,geometry
9176,S2227604__S22-27604-_-BIOPSY,1,0,geometry
9177,S2530981__S2530981_0_BP1A2021,0,0,geometry
9178,S2227604__S22-27604-_-BIOPSY,1,0,geometry
9179,S2511010__S25-11010_0_BP1A2021_052642,1,0,geometry
9180,S2511010__S25-11010_0_BP1A2021_052642,1,0,geometry
9181,S2247860__S22-47860-_-DEEP_1,1,0,geometry
9182,S2531985__S2531985_0_BP1A2021,0,0,geometry
9183,S2227608__S22-27608-_-SERIAL_2,1,1,geometry
9184,S19-40316__S19-40316,1,0,geometry
9185,S2229537__S22-29537-_-SERIAL_1,1,1,geometry
9186,S16-17719__S16-17719,1,0,geometry
9187,S2516971__S25-16971____155423,0,0,geometry
9188,S2516971__S25-16971____155423,0,0,geometry
9189,S2227608__S22-27608-_-SERIAL_2,1,1,geometry
9190,S2516970__S25-16970____155248,1,0,geometry
9191,S16-17719__S16-17719,1,1,geometry
9192,S2227608__S22-27608-_-SERIAL_2,1,1,geometry
9193,S20-26719__S20-26719,1,0,geometry
9194,S2424258__S2424258,0,1,geometry
9195,S2406753__S24-06753-_-SERIAL_2,0,1,geometry
9196,S2513846__S25-13846_0_BP1A2021_161650,0,0,geometry
9197,S2531989__S2531989_0_BP1A2021,0,0,geometry
9198,S2406754__S24-06754-_-DEEP_2,0,1,geometry
9199,S16-17719__S16-17719,1,1,geometry
9200,S2530981__S2530981_0_BP1A2021,0,1,geometry
9201,S2409392__S2409392,0,1,geometry
9202,S2535840__S2535840_0_BP1A2021,0,1,geometry
9203,S2424259__S2424259,0,1,geometry
9204,S2406753__S24-06753-_-SERIAL_2,0,1,geometry
9205,S2227608__S22-27608-_-SERIAL_1,1,0,geometry
9206,S20-26719__S20-26719,1,1,geometry
9207,S2346179__S23-46179-_-BIOPSY,1,1,geometry
9208,S2512685__S2512685_0_,0,0,geometry
9209,S2406754__S24-06754-_-SERIAL_1,0,0,geometry
9210,S2346179__S23-46179-_-BIOPSY,1,1,geometry
9211,S20-26719__S20-26719,1,0,geometry
9212,S2427695__S24-27695-_-BIOPSY,0,0,geometry
9213,S2134277__S2134277,1,0,geometry
9214,S2516970__S25-16970____155248,1,1,geometry
9215,S2415689__S24-15689-_-BIOPSY,1,1,geometry
9216,S2415689__S24-15689-_-BIOPSY,1,0,geometry
9217,S16-17719__S16-17719,1,0,geometry
9218,S2409392__S2409392,0,0,geometry
9219,S2511007__S25-11007_0_BP1A2021_052433,0,0,geometry
9220,S2516970__S25-16970____155248,1,0,geometry
9221,S2530985__S2530985_0_BP1A2021,0,1,geometry
9222,S2134277__S2134277,1,1,geometry
9223,S2237601__S22-37601-_-,0,1,geometry
9224,S2511009__S25-11009_0_BP1A2021_052542,0,0,geometry
9225,S19-40316__S19-40316,1,0,geometry
9226,S2344462__S23-44462-_-BIOPSY,0,0,geometry
9227,S2516970__S25-16970____155248,1,0,geometry
9228,S2511006__S25-11006_0_BP1A2021_052242,0,1,geometry
9229,S2535840__S2535840_0_BP1A2021,0,0,geometry
9230,S2401283__S24-01283-_-BIOPSY,0,0,geometry
9231,S2511007__S25-11007_0_BP1A2021_052433,0,1,geometry
9232,S2527323__S2527323_0_BP1A2021,0,0,geometry
9233,S2424258__S2424258,0,1,geometry
9234,S20-28924__S20-28924,0,0,geometry
9235,S2511010__S25-11010_0_BP1A2021_052642,1,0,geometry
9236,S2436457__S2436457_BP1B11_C_15540_2,0,1,geometry
9237,S2134277__S2134277,1,1,geometry
9238,S2424259__S2424259,0,1,geometry
9239,S2522994__S2522994_0_BP1A2021,0,1,geometry
9240,S2530985__S2530985_0_BP1A2021,0,1,geometry
9241,S2229537__S22-29537-_-SERIAL_1,1,1,geometry
9242,S2406754__S24-06754-_-SERIAL_1,0,1,geometry
9243,S2530049__S2530049_0_BP1A2021,0,1,geometry
9244,S2425843__S24-25843-_-BIOPSY,0,0,geometry
9245,S2511006__S25-11006_0_BP1A2021_052242,0,0,geometry
9246,S2513848__S25-13848_0_BP1A2021_131436,0,0,geometry
9247,S2513846__S25-13846_0_BP1A2021_131523,0,1,geometry
9248,S20-26719__S20-26719,1,1,geometry
9249,S2516971__S25-16971____140945,0,1,geometry
9250,S2227608__S22-27608-_-SERIAL_2,1,0,geometry
9251,S2524777__S2524777_0_BP1A2021,0,1,geometry
9252,S2237601__S22-37601-_-,0,0,geometry
9253,S2531985__S2531985_0_BP1A2021,0,0,geometry
9254,S2526362__S2526362_0_BP1A2021,0,0,geometry
9255,S2227608__S22-27608-_-SERIAL_2,1,0,geometry
9256,S2520402__S2520402_0_BP1A2021,0,0,geometry
9257,S2424259__S2424259,0,1,geometry
9258,S2415689__S24-15689-_-BIOPSY,1,0,geometry
9259,S2516970__S25-16970____155248,1,1,geometry
9260,S2415689__S24-15689-_-BIOPSY,1,1,geometry
9261,S20-26719__S20-26719,1,1,geometry
9262,S16-17719__S16-17719,1,1,geometry
9263,S2237601__S22-37601-_-,0,0,geometry
9264,S2406754__S24-06754-_-DEEP_2,0,0,geometry
9265,S2524760__S2524760_0_BP1A2021,0,0,geometry
9266,S2229537__S22-29537-_-SERIAL_1,1,1,geometry
9267,S2229537__S22-29537-_-SERIAL_1,1,1,geometry
9268,S2227608__S22-27608-_-SERIAL_1,1,0,geometry
9269,S2511010__S25-11010_0_BP1A2021_052642,1,0,geometry
9270,S2406753__S24-06753-_-SERIAL_2,0,0,geometry
9271,S2436457__S2436457_BP1B11_C_15540_2,0,0,geometry
9272,S2531989__S2531989_0_BP1A2021,0,0,geometry
9273,S2530049__S2530049_0_BP1A2021,0,1,geometry
9274,S19-40316__S19-40316,1,1,geometry
9275,S2247860__S22-47860-_-DEEP_1,1,1,geometry
9276,S2530991__S2530991_0_BP1A2021,0,0,geometry
9277,S2406753__S24-06753-_-DEEP_1,0,0,geometry
9278,S2436457__S2436457_BP1B11_C_15540_2,0,0,geometry
9279,S2406753__S24-06753-_-SERIAL_2,0,0,geometry
9280,S2436457__S2436457_BP1B11_C_15540_2,0,0,geometry
9281,S2524760__S2524760_0_BP1A2021,0,0,geometry
9282,S2516970__S25-16970____155248,1,1,geometry
9283,S2227608__S22-27608-_-SERIAL_2,1,1,geometry
9284,S2134277__S2134277,1,0,geometry
9285,S2528218__S2528218_0_BP1A2021,0,1,geometry
9286,S20-26719__S20-26719,1,1,geometry
9287,S2427695__S24-27695-_-BIOPSY,0,0,geometry
9288,S2530049__S2530049_0_BP1A2021,0,1,geometry
9289,S2247860__S22-47860-_-DEEP_1,1,1,geometry
9290,S2415689__S24-15689-_-BIOPSY,1,0,geometry
9291,S2511009__S25-11009_0_BP1A2021_052542,0,1,geometry
9292,S2511010__S25-11010_0_BP1A2021_052642,1,1,geometry
9293,S2511010__S25-11010_0_BP1A2021_052642,1,0,geometry
9294,S2530981__S2530981_0_BP1A2021,0,0,geometry
9295,S16-17719__S16-17719,1,1,geometry
9296,S2227608__S22-27608-_-SERIAL_2,1,0,geometry
9297,S2516970__S25-16970____155248,1,0,geometry
9298,S2511007__S25-11007_0_BP1A2021_052433,0,1,geometry
9299,S2247860__S22-47860-_-DEEP_1,1,0,geometry
9300,S2528218__S2528218_0_BP1A2021,0,0,geometry
9301,S2227608__S22-27608-_-SERIAL_1,1,0,geometry
9302,S2524777__S2524777_0_BP1A2021,0,1,geometry
9303,S2425843__S24-25843-_-BIOPSY,0,1,geometry
9304,S2346179__S23-46179-_-BIOPSY,1,0,geometry
9305,S16-17719__S16-17719,1,0,geometry
9306,S2511010__S25-11010_0_BP1A2021_052642,1,0,geometry
9307,S2227608__S22-27608-_-SERIAL_2,1,0,geometry
9308,S19-40316__S19-40316,1,0,geometry
9309,S2134277__S2134277,1,0,geometry
9310,S2216630__S2216630--DEEP_1,0,1,geometry
9311,S2511006__S25-11006_0_BP1A2021_052242,0,1,geometry
9312,S2216630__S2216630--DEEP_1,0,0,geometry
9313,S2229537__S22-29537-_-SERIAL_1,1,1,geometry
9314,S2227604__S22-27604-_-BIOPSY,1,1,geometry
9315,S2516971__S25-16971____140945,0,0,geometry
9316,S19-40316__S19-40316,1,0,geometry
9317,S2528218__S2528218_0_BP1A2021,0,1,geometry
9318,S2415689__S24-15689-_-BIOPSY,1,1,geometry
9319,S2227604__S22-27604-_-BIOPSY,1,1,geometry
9320,S2530981__S2530981_0_BP1A2021,0,1,geometry
9321,S2516970__S25-16970____155248,1,0,geometry
9322,S2415689__S24-15689-_-BIOPSY,1,1,geometry
9323,S2511009__S25-11009_0_BP1A2021_052542,0,1,geometry
9324,S16-17719__S16-17719,1,0,geometry
9325,S2513848__S25-13848_0_BP1A2021_131436,0,0,geometry
9326,S2406754__S24-06754-_-DEEP_2,0,1,geometry
9327,S2346179__S23-46179-_-BIOPSY,1,1,geometry
9328,S16-17719__S16-17719,1,0,geometry
9329,S19-40316__S19-40316,1,1,geometry
9330,S2415689__S24-15689-_-BIOPSY,1,0,geometry
9331,S2247860__S22-47860-_-DEEP_1,1,0,geometry
9332,S2520402__S2520402_0_BP1A2021,0,1,geometry
9333,S2531989__S2531989_0_BP1A2021,0,1,geometry
9334,S2529112__S2529112_0_BP1A2021,0,1,geometry
9335,S2511007__S25-11007_0_BP1A2021_052433,0,0,geometry
9336,S2227608__S22-27608-_-SERIAL_1,1,0,geometry
9337,S2415689__S24-15689-_-BIOPSY,1,1,geometry
9338,S2227604__S22-27604-_-BIOPSY,1,0,geometry
9339,S2511006__S25-11006_0_BP1A2021_052242,0,0,geometry
9340,S2522994__S2522994_0_BP1A2021,0,0,geometry
9341,S2227608__S22-27608-_-SERIAL_1,1,1,geometry
9342,S2406754__S24-06754-_-SERIAL_1,0,1,geometry
9343,S2531985__S2531985_0_BP1A2021,0,1,geometry
9344,S2227604__S22-27604-_-BIOPSY,1,1,geometry
9345,S2229537__S22-29537-_-SERIAL_1,1,1,geometry
9346,S2516971__S25-16971____140945,0,0,geometry
9347,S2512685__S2512685_0_,0,0,geometry
9348,S20-26719__S20-26719,1,0,geometry
9349,S2531989__S2531989_0_BP1A2021,0,1,geometry
9350,S2227604__S22-27604-_-BIOPSY,1,1,geometry
9351,S2406753__S24-06753-_-SERIAL_2,0,1,geometry
9352,S2406754__S24-06754-_-DEEP_2,0,1,geometry
9353,S2513846__S25-13846_0_BP1A2021_161650,0,1,geometry
9354,S2512685__S2512685_0_,0,1,geometry
9355,S2520404__S2520404_0_BP1A2021,0,0,geometry
9356,S2227608__S22-27608-_-SERIAL_2,1,1,geometry
9357,S2516971__S25-16971____155423,0,0,geometry
9358,S2529112__S2529112_0_BP1A2021,0,0,geometry
9359,S2134277__S2134277,1,1,geometry
9360,S2516970__S25-16970____155248,1,1,geometry
9361,S2531989__S2531989_0_BP1A2021,0,1,geometry
9362,S2227608__S22-27608-_-SERIAL_1,1,0,geometry
9363,S2511010__S25-11010_0_BP1A2021_052642,1,0,geometry
9364,S2247860__S22-47860-_-DEEP_1,1,0,geometry
9365,S2406754__S24-06754-_-SERIAL_1,0,0,geometry
9366,S2530991__S2530991_0_BP1A2021,0,1,geometry
9367,S2247860__S22-47860-_-DEEP_1,1,0,geometry
9368,S2227604__S22-27604-_-BIOPSY,1,0,geometry
9369,S2527323__S2527323_0_BP1A2021,0,1,geometry
9370,S16-17719__S16-17719,1,0,geometry
9371,S2415689__S24-15689-_-BIOPSY,1,1,geometry
9372,S19-40316__S19-40316,1,0,geometry
9373,S2346179__S23-46179-_-BIOPSY,1,1,geometry
9374,S2516971__S25-16971____155423,0,1,geometry
9375,S2535840__S2535840_0_BP1A2021,0,1,geometry
9376,S2516970__S25-16970____155248,1,1,geometry
9377,S2516971__S25-16971____140945,0,1,geometry
9378,S2227604__S22-27604-_-BIOPSY,1,0,geometry
9379,S16-17719__S16-17719,1,1,geometry
9380,S2346179__S23-46179-_-BIOPSY,1,1,geometry
9381,S2227604__S22-27604-_-BIOPSY,1,1,geometry
9382,S2247860__S22-47860-_-DEEP_1,1,0,geometry
9383,S20-26719__S20-26719,1,0,geometry
9384,S2513848__S25-13848_0_BP1A2021_131436,0,1,geometry
9385,S20-26719__S20-26719,1,0,geometry
9386,S2516970__S25-16970____155248,1,0,geometry
9387,S2346179__S23-46179-_-BIOPSY,1,0,geometry
9388,S2535840__S2535840_0_BP1A2021,0,0,geometry
9389,S16-17719__S16-17719,1,1,geometry
9390,S2227608__S22-27608-_-SERIAL_1,1,1,geometry
9391,S2522994__S2522994_0_BP1A2021,0,0,geometry
9392,S2513846__S25-13846_0_BP1A2021_161650,0,0,geometry
9393,S2247860__S22-47860-_-DEEP_1,1,1,geometry
9394,S2227608__S22-27608-_-SERIAL_1,1,1,geometry
9395,S2511010__S25-11010_0_BP1A2021_052642,1,1,geometry
9396,S2521239__S2521239_0_BP1A2021,0,1,geometry
9397,S2525436__S2525436_0_BP1A2021,0,1,geometry
9398,S2424258__S2424258,0,1,geometry
9399,S16-17719__S16-17719,1,1,geometry
9400,S2425843__S24-25843-_-BIOPSY,0,1,geometry
9401,S2520402__S2520402_0_BP1A2021,0,1,geometry
9402,S2427695__S2427695_BP1B27_C_14045_3,0,0,geometry
9403,S2227604__S22-27604-_-BIOPSY,1,1,geometry
9404,S2346179__S23-46179-_-BIOPSY,1,0,geometry
9405,S2415689__S24-15689-_-BIOPSY,1,1,geometry
9406,S2409392__S2409392,0,1,geometry
9407,S2513846__S25-13846_0_BP1A2021_131523,0,1,geometry
9408,S2511010__S25-11010_0_BP1A2021_052642,1,1,geometry
9409,S2229537__S22-29537-_-SERIAL_1,1,0,geometry
9410,S2530991__S2530991_0_BP1A2021,0,1,geometry
9411,S2512685__S2512685_0_,0,1,geometry
9412,S16-17719__S16-17719,1,0,geometry
9413,S2406754__S24-06754-_-DEEP_2,0,1,geometry
9414,S2513846__S25-13846_0_BP1A2021_161650,0,1,geometry
9415,S2425843__S24-25843-_-BIOPSY,0,0,geometry
9416,S2513846__S25-13846_0_BP1A2021_131523,0,1,geometry
9417,S2227608__S22-27608-_-SERIAL_2,1,1,geometry
9418,S2513846__S25-13846_0_BP1A2021_131523,0,0,geometry
9419,S2134277__S2134277,1,1,geometry
9420,S2134277__S2134277,1,1,geometry
9421,S19-40316__S19-40316,1,1,geometry
9422,S2527323__S2527323_0_BP1A2021,0,1,geometry
9423,S2227608__S22-27608-_-SERIAL_2,1,1,geometry
9424,S2424255__S2424255,0,1,geometry
9425,S2401283__S24-01283-_-BIOPSY,0,1,geometry
9426,S16-17719__S16-17719,1,0,geometry
9427,S2406753__S24-06753-_-DEEP_1,0,0,geometry
9428,S2513848__S25-13848_0_BP1A2021_131436,0,0,geometry
9429,S2134277__S2134277,1,0,geometry
9430,S2227608__S22-27608-_-SERIAL_1,1,1,geometry
9431,S2511010__S25-11010_0_BP1A2021_052642,1,1,geometry
9432,S2528218__S2528218_0_BP1A2021,0,0,geometry
9433,S2415689__S24-15689-_-BIOPSY,1,1,geometry
9434,S2425843__S24-25843-_-BIOPSY,0,1,geometry
9435,S2513846__S25-13846_0_BP1A2021_161650,0,1,geometry
9436,S2427695__S24-27695-_-BIOPSY,0,1,geometry
9437,S20-28924__S20-28924,0,1,geometry
9438,S2216630__S2216630--DEEP_1,0,0,geometry
9439,S2424259__S2424259,0,1,geometry
9440,S2520402__S2520402_0_BP1A2021,0,0,geometry
9441,S2530991__S2530991_0_BP1A2021,0,1,geometry
9442,S2513846__S25-13846_0_BP1A2021_161650,0,0,geometry
9443,S2526362__S2526362_0_BP1A2021,0,0,geometry
9444,S2516971__S25-16971____140945,0,1,geometry
9445,S2227608__S22-27608-_-SERIAL_2,1,0,geometry
9446,S2524777__S2524777_0_BP1A2021,0,1,geometry
9447,S19-40316__S19-40316,1,1,geometry
9448,S2530049__S2530049_0_BP1A2021,0,1,geometry
9449,S2436457__S2436457_BP1B11_C_15540_2,0,1,geometry
9450,S2346179__S23-46179-_-BIOPSY,1,1,geometry
9451,S2527323__S2527323_0_BP1A2021,0,1,geometry
9452,S2237601__S22-37601-_-,0,1,geometry
9453,S2516970__S25-16970____155248,1,0,geometry
9454,S19-40316__S19-40316,1,1,geometry
9455,S2227604__S22-27604-_-BIOPSY,1,0,geometry
9456,S2227608__S22-27608-_-SERIAL_1,1,1,geometry
9457,S16-17719__S16-17719,1,1,geometry
9458,S2406754__S24-06754-_-SERIAL_1,0,1,geometry
9459,S2516971__S25-16971____155423,0,0,geometry
9460,S2415689__S24-15689-_-BIOPSY,1,1,geometry
9461,S2526362__S2526362_0_BP1A2021,0,1,geometry
9462,S2406753__S24-06753-_-SERIAL_2,0,0,geometry
9463,S2424258__S2424258,0,1,geometry
9464,S2229537__S22-29537-_-SERIAL_1,1,1,geometry
9465,S2134277__S2134277,1,1,geometry
9466,S2516971__S25-16971____155423,0,0,geometry
9467,S2511010__S25-11010_0_BP1A2021_052642,1,0,geometry
9468,S2229537__S22-29537-_-SERIAL_1,1,1,geometry
9469,S2134277__S2134277,1,1,geometry
9470,S2516971__S25-16971____140945,0,1,geometry
9471,S2511010__S25-11010_0_BP1A2021_052642,1,0,geometry
9472,S2511007__S25-11007_0_BP1A2021_052433,0,1,geometry
9473,S16-17719__S16-17719,1,0,geometry
9474,S2524777__S2524777_0_BP1A2021,0,0,geometry
9475,S2436457__S2436457_BP1B11_C_15540_2,0,1,geometry
9476,S2521239__S2521239_0_BP1A2021,0,1,geometry
9477,S2530991__S2530991_0_BP1A2021,0,0,geometry
9478,S2516970__S25-16970____155248,1,0,geometry
9479,S2346179__S23-46179-_-BIOPSY,1,1,geometry
9480,S2516970__S25-16970____155248,1,1,geometry
9481,S20-26719__S20-26719,1,1,geometry
9482,S20-28924__S20-28924,0,1,geometry
9483,S2346179__S23-46179-_-BIOPSY,1,0,geometry
9484,S2531989__S2531989_0_BP1A2021,0,1,geometry
9485,S2229537__S22-29537-_-SERIAL_1,1,1,geometry
9486,S2227608__S22-27608-_-SERIAL_1,1,0,geometry
9487,S2424259__S2424259,0,0,geometry
9488,S2406754__S24-06754-_-DEEP_2,0,1,geometry
9489,S2229537__S22-29537-_-SERIAL_1,1,0,geometry
9490,S2401283__S24-01283-_-BIOPSY,0,0,geometry
9491,S2406753__S24-06753-_-SERIAL_2,0,1,geometry
9492,S2229537__S22-29537-_-SERIAL_1,1,1,geometry
9493,S2512685__S2512685_0_,0,1,geometry
9494,S2513848__S25-13848_0_BP1A2021_131436,0,0,geometry
9495,S19-40316__S19-40316,1,0,geometry
9496,S2346179__S23-46179-_-BIOPSY,1,1,geometry
9497,S2227604__S22-27604-_-BIOPSY,1,0,geometry
9498,S2516970__S25-16970____155248,1,1,geometry
9499,S2511007__S25-11007_0_BP1A2021_052433,0,0,geometry
9500,S2227608__S22-27608-_-SERIAL_2,1,1,geometry
9501,S2427695__S24-27695-_-BIOPSY,0,1,geometry
9502,S2229537__S22-29537-_-SERIAL_1,1,1,geometry
9503,S2425843__S24-25843-_-BIOPSY,0,0,geometry
9504,S2520402__S2520402_0_BP1A2021,0,1,geometry
9505,S2511010__S25-11010_0_BP1A2021_052642,1,1,geometry
9506,S2530981__S2530981_0_BP1A2021,0,1,geometry
9507,S2227604__S22-27604-_-BIOPSY,1,0,geometry
9508,S2134277__S2134277,1,1,geometry
9509,S2527323__S2527323_0_BP1A2021,0,0,geometry
9510,S2247860__S22-47860-_-DEEP_1,1,0,geometry
9511,S20-26719__S20-26719,1,0,geometry
9512,S2415689__S24-15689-_-BIOPSY,1,1,geometry
9513,S2229537__S22-29537-_-SERIAL_1,1,1,geometry
9514,S19-40316__S19-40316,1,1,geometry
9515,S2516970__S25-16970____155248,1,0,geometry
9516,S2513846__S25-13846_0_BP1A2021_161650,0,0,geometry
9517,S2229537__S22-29537-_-SERIAL_1,1,0,geometry
9518,S2427695__S24-27695-_-BIOPSY,0,0,geometry
9519,S2406753__S24-06753-_-DEEP_1,0,1,geometry
9520,S20-28924__S20-28924,0,0,geometry
9521,S2406753__S24-06753-_-SERIAL_2,0,1,geometry
9522,S2237601__S22-37601-_-,0,1,geometry
9523,S2227604__S22-27604-_-BIOPSY,1,0,geometry
9524,S19-40316__S19-40316,1,1,geometry
9525,S2346179__S23-46179-_-BIOPSY,1,1,geometry
9526,S2513848__S25-13848_0_BP1A2021_131436,0,0,geometry
9527,S2216630__S2216630--DEEP_1,0,0,geometry
9528,S2520404__S2520404_0_BP1A2021,0,0,geometry
9529,S2247860__S22-47860-_-DEEP_1,1,0,geometry
9530,S19-40316__S19-40316,1,1,geometry
9531,S2527323__S2527323_0_BP1A2021,0,0,geometry
9532,S20-26719__S20-26719,1,1,geometry
9533,S2535840__S2535840_0_BP1A2021,0,1,geometry
9534,S2216630__S2216630--DEEP_1,0,1,geometry
9535,S16-17719__S16-17719,1,0,geometry
9536,S2424258__S2424258,0,0,geometry
9537,S2531989__S2531989_0_BP1A2021,0,0,geometry
9538,S2513848__S25-13848_0_BP1A2021_131436,0,1,geometry
9539,S2516970__S25-16970____155248,1,1,geometry
9540,S2424255__S2424255,0,1,geometry
9541,S2346179__S23-46179-_-BIOPSY,1,1,geometry
9542,S2513848__S25-13848_0_BP1A2021_131436,0,0,geometry
9543,S19-40316__S19-40316,1,1,geometry
9544,S2227608__S22-27608-_-SERIAL_2,1,0,geometry
9545,S2346179__S23-46179-_-BIOPSY,1,0,geometry
9546,S2516970__S25-16970____155248,1,1,geometry
9547,S2513848__S25-13848_0_BP1A2021_131436,0,0,geometry
9548,S16-17719__S16-17719,1,0,geometry
9549,S2530991__S2530991_0_BP1A2021,0,1,geometry
9550,S2229537__S22-29537-_-SERIAL_1,1,1,geometry
9551,S2511010__S25-11010_0_BP1A2021_052642,1,1,geometry
9552,S2227608__S22-27608-_-SERIAL_1,1,1,geometry
9553,S2227608__S22-27608-_-SERIAL_1,1,0,geometry
9554,S16-17719__S16-17719,1,0,geometry
9555,S2511010__S25-11010_0_BP1A2021_052642,1,0,geometry
9556,S2415689__S24-15689-_-BIOPSY,1,1,geometry
9557,S2227608__S22-27608-_-SERIAL_1,1,0,geometry
9558,S2237601__S22-37601-_-,0,0,geometry
9559,S2237601__S22-37601-_-,0,1,geometry
9560,S2520404__S2520404_0_BP1A2021,0,0,geometry
9561,S2535840__S2535840_0_BP1A2021,0,0,geometry
9562,S2216630__S2216630--DEEP_1,0,0,geometry
9563,S2524760__S2524760_0_BP1A2021,0,0,geometry
9564,S2527323__S2527323_0_BP1A2021,0,1,geometry
9565,S2229537__S22-29537-_-SERIAL_1,1,1,geometry
9566,S20-26719__S20-26719,1,1,geometry
9567,S2520404__S2520404_0_BP1A2021,0,1,geometry
9568,S2513846__S25-13846_0_BP1A2021_131523,0,1,geometry
9569,S2521239__S2521239_0_BP1A2021,0,1,geometry
9570,S2511007__S25-11007_0_BP1A2021_052433,0,1,geometry
9571,S2406754__S24-06754-_-SERIAL_1,0,1,geometry
9572,S2424255__S2424255,0,0,geometry
9573,S2531985__S2531985_0_BP1A2021,0,0,geometry
9574,S2522994__S2522994_0_BP1A2021,0,1,geometry
9575,S19-40316__S19-40316,1,0,geometry
9576,S2516971__S25-16971____155423,0,1,geometry
9577,S2516971__S25-16971____140945,0,0,geometry
9578,S2516970__S25-16970____155248,1,1,geometry
9579,S2526362__S2526362_0_BP1A2021,0,1,geometry
9580,S2516970__S25-16970____155248,1,0,geometry
9581,S2427695__S24-27695-_-BIOPSY,0,1,geometry
9582,S2415689__S24-15689-_-BIOPSY,1,0,geometry
9583,S2134277__S2134277,1,1,geometry
9584,S2227608__S22-27608-_-SERIAL_2,1,1,geometry
9585,S2227608__S22-27608-_-SERIAL_2,1,1,geometry
9586,S2229537__S22-29537-_-SERIAL_1,1,1,geometry
9587,S2247860__S22-47860-_-DEEP_1,1,1,geometry
9588,S2535840__S2535840_0_BP1A2021,0,1,geometry
9589,S2520404__S2520404_0_BP1A2021,0,0,geometry
9590,S20-26719__S20-26719,1,0,geometry
9591,S2511010__S25-11010_0_BP1A2021_052642,1,1,geometry
9592,S2415689__S24-15689-_-BIOPSY,1,1,geometry
9593,S2247860__S22-47860-_-DEEP_1,1,0,geometry
9594,S19-40316__S19-40316,1,0,geometry
9595,S2247860__S22-47860-_-DEEP_1,1,1,geometry
9596,S2524777__S2524777_0_BP1A2021,0,0,geometry
9597,S2530981__S2530981_0_BP1A2021,0,1,geometry
9598,S2511010__S25-11010_0_BP1A2021_052642,1,1,geometry
9599,S19-40316__S19-40316,1,1,geometry
9600,S2227604__S22-27604-_-BIOPSY,1,1,geometry
9601,S2424258__S2424258,0,0,geometry
9602,S2522994__S2522994_0_BP1A2021,0,1,geometry
9603,S2513846__S25-13846_0_BP1A2021_161650,0,1,geometry
9604,S2134277__S2134277,1,1,geometry
9605,S20-26719__S20-26719,1,1,geometry
9606,S2513846__S25-13846_0_BP1A2021_131523,0,1,geometry
9607,S2427695__S24-27695-_-BIOPSY,0,0,geometry
9608,S2227604__S22-27604-_-BIOPSY,1,0,geometry
9609,S20-26719__S20-26719,1,0,geometry
9610,S2424258__S2424258,0,0,geometry
9611,S2227608__S22-27608-_-SERIAL_2,1,1,geometry
9612,S2520404__S2520404_0_BP1A2021,0,0,geometry
9613,S2415689__S24-15689-_-BIOPSY,1,0,geometry
9614,S2525436__S2525436_0_BP1A2021,0,0,geometry
9615,S19-40316__S19-40316,1,0,geometry
9616,S16-17719__S16-17719,1,0,geometry
9617,S2401283__S24-01283-_-BIOPSY,0,0,geometry
9618,S2516971__S25-16971____155423,0,0,geometry
9619,S2227604__S22-27604-_-BIOPSY,1,0,geometry
9620,S16-17719__S16-17719,1,0,geometry
9621,S2346179__S23-46179-_-BIOPSY,1,1,geometry
9622,S2415689__S24-15689-_-BIOPSY,1,1,geometry
9623,S2425843__S24-25843-_-BIOPSY,0,1,geometry
9624,S19-40316__S19-40316,1,0,geometry
9625,S2247860__S22-47860-_-DEEP_1,1,1,geometry
9626,S2415689__S24-15689-_-BIOPSY,1,1,geometry
9627,S2424255__S2424255,0,0,geometry
9628,S2415689__S24-15689-_-BIOPSY,1,0,geometry
9629,S2516971__S25-16971____155423,0,1,geometry
9630,S2531989__S2531989_0_BP1A2021,0,1,geometry
9631,S2424259__S2424259,0,1,geometry
9632,S2511007__S25-11007_0_BP1A2021_052433,0,1,geometry
9633,S2415689__S24-15689-_-BIOPSY,1,0,geometry
9634,S20-26719__S20-26719,1,1,geometry
9635,S2520402__S2520402_0_BP1A2021,0,0,geometry
9636,S2346179__S23-46179-_-BIOPSY,1,0,geometry
9637,S16-17719__S16-17719,1,0,geometry
9638,S2516970__S25-16970____155248,1,0,geometry
9639,S2346179__S23-46179-_-BIOPSY,1,0,geometry
9640,S2520404__S2520404_0_BP1A2021,0,1,geometry
9641,S2346179__S23-46179-_-BIOPSY,1,1,geometry
9642,S2229537__S22-29537-_-SERIAL_1,1,0,geometry
9643,S2516971__S25-16971____140945,0,0,geometry
9644,S2415689__S24-15689-_-BIOPSY,1,1,geometry
9645,S20-26719__S20-26719,1,0,geometry
9646,S2528218__S2528218_0_BP1A2021,0,1,geometry
9647,S2227608__S22-27608-_-SERIAL_2,1,1,geometry
9648,S2406754__S24-06754-_-SERIAL_1,0,0,geometry
9649,S2511010__S25-11010_0_BP1A2021_052642,1,1,geometry
9650,S2401283__S24-01283-_-BIOPSY,0,1,geometry
9651,S2227608__S22-27608-_-SERIAL_2,1,0,geometry
9652,S2528218__S2528218_0_BP1A2021,0,0,geometry
9653,S19-40316__S19-40316,1,0,geometry
9654,S2134277__S2134277,1,0,geometry
9655,S2229537__S22-29537-_-SERIAL_1,1,1,geometry
9656,S2516970__S25-16970____155248,1,0,geometry
9657,S2511010__S25-11010_0_BP1A2021_052642,1,0,geometry
9658,S2425843__S24-25843-_-BIOPSY,0,0,geometry
9659,S2227608__S22-27608-_-SERIAL_2,1,1,geometry
9660,S2530049__S2530049_0_BP1A2021,0,1,geometry
9661,S2227604__S22-27604-_-BIOPSY,1,1,geometry
9662,S2512685__S2512685_0_,0,0,geometry
9663,S2227608__S22-27608-_-SERIAL_1,1,0,geometry
9664,S2406754__S24-06754-_-SERIAL_1,0,0,geometry
9665,S16-17719__S16-17719,1,1,geometry
9666,S2530981__S2530981_0_BP1A2021,0,1,geometry
9667,S16-17719__S16-17719,1,0,geometry
9668,S2531989__S2531989_0_BP1A2021,0,0,geometry
9669,S2227604__S22-27604-_-BIOPSY,1,1,geometry
9670,S2229537__S22-29537-_-SERIAL_1,1,1,geometry
9671,S2401283__S24-01283-_-BIOPSY,0,0,geometry
9672,S2134277__S2134277,1,0,geometry
9673,S2511007__S25-11007_0_BP1A2021_052433,0,0,geometry
9674,S2227608__S22-27608-_-SERIAL_1,1,0,geometry
9675,S2529112__S2529112_0_BP1A2021,0,0,geometry
9676,S20-26719__S20-26719,1,1,geometry
9677,S2227604__S22-27604-_-BIOPSY,1,1,geometry
9678,S16-17719__S16-17719,1,0,geometry
9679,S2535840__S2535840_0_BP1A2021,0,1,geometry
9680,S2513848__S25-13848_0_BP1A2021_131436,0,1,geometry
9681,S2227604__S22-27604-_-BIOPSY,1,1,geometry
9682,S2406754__S24-06754-_-SERIAL_1,0,0,geometry
9683,S2516970__S25-16970____155248,1,1,geometry
9684,S16-17719__S16-17719,1,1,geometry
9685,S2511010__S25-11010_0_BP1A2021_052642,1,1,geometry
9686,S2424259__S2424259,0,0,geometry
9687,S2427695__S2427695_BP1B27_C_14045_3,0,1,geometry
9688,S2227608__S22-27608-_-SERIAL_2,1,0,geometry
9689,S2227608__S22-27608-_-SERIAL_2,1,0,geometry
9690,S2520404__S2520404_0_BP1A2021,0,1,geometry
9691,S2227604__S22-27604-_-BIOPSY,1,1,geometry
9692,S2247860__S22-47860-_-DEEP_1,1,0,geometry
9693,S2227608__S22-27608-_-SERIAL_1,1,0,geometry
9694,S2227608__S22-27608-_-SERIAL_1,1,0,geometry
9695,S2527323__S2527323_0_BP1A2021,0,1,geometry
9696,S2237601__S22-37601-_-,0,1,geometry
9697,S2227608__S22-27608-_-SERIAL_1,1,0,geometry
9698,S2229537__S22-29537-_-SERIAL_1,1,1,geometry
9699,S2520404__S2520404_0_BP1A2021,0,1,geometry
9700,S2427695__S2427695_BP1B27_C_14045_3,0,1,geometry
9701,S16-17719__S16-17719,1,1,geometry
9702,S2227608__S22-27608-_-SERIAL_1,1,1,geometry
9703,S2531985__S2531985_0_BP1A2021,0,1,geometry
9704,S2406754__S24-06754-_-SERIAL_1,0,0,geometry
9705,S2425843__S24-25843-_-BIOPSY,0,1,geometry
9706,S20-26719__S20-26719,1,0,geometry
9707,S2346179__S23-46179-_-BIOPSY,1,1,geometry
9708,S2227604__S22-27604-_-BIOPSY,1,0,geometry
9709,S2227604__S22-27604-_-BIOPSY,1,1,geometry
9710,S2406753__S24-06753-_-SERIAL_2,0,1,geometry
9711,S2227604__S22-27604-_-BIOPSY,1,1,geometry
9712,S2511006__S25-11006_0_BP1A2021_052242,0,0,geometry
9713,S2409392__S2409392,0,0,geometry
9714,S2227604__S22-27604-_-BIOPSY,1,0,geometry
9715,S2406754__S24-06754-_-SERIAL_1,0,1,geometry
9716,S2227604__S22-27604-_-BIOPSY,1,1,geometry
9717,S2401283__S24-01283-_-BIOPSY,0,0,geometry
9718,S2524777__S2524777_0_BP1A2021,0,1,geometry
9719,S2227608__S22-27608-_-SERIAL_2,1,1,geometry
9720,S2406754__S24-06754-_-DEEP_2,0,1,geometry
9721,S2401283__S24-01283-_-BIOPSY,0,0,geometry
9722,S2513846__S25-13846_0_BP1A2021_131523,0,0,geometry
9723,S2427695__S24-27695-_-BIOPSY,0,0,geometry
9724,S2401283__S24-01283-_-BIOPSY,0,0,geometry
9725,S2511010__S25-11010_0_BP1A2021_052642,1,1,geometry
9726,S2520402__S2520402_0_BP1A2021,0,0,geometry
9727,S2346179__S23-46179-_-BIOPSY,1,0,geometry
9728,S2511007__S25-11007_0_BP1A2021_052433,0,0,geometry
9729,S2522994__S2522994_0_BP1A2021,0,0,geometry
9730,S2247860__S22-47860-_-DEEP_1,1,0,geometry
9731,S2511006__S25-11006_0_BP1A2021_052242,0,0,geometry
9732,S2406753__S24-06753-_-SERIAL_2,0,1,geometry
9733,S2346179__S23-46179-_-BIOPSY,1,0,geometry
9734,S2427695__S2427695_BP1B27_C_14045_3,0,1,geometry
9735,S20-26719__S20-26719,1,0,geometry
9736,S19-40316__S19-40316,1,0,geometry
9737,S2409392__S2409392,0,0,geometry
9738,S2511007__S25-11007_0_BP1A2021_052433,0,1,geometry
9739,S2528218__S2528218_0_BP1A2021,0,0,geometry
9740,S2436457__S2436457_BP1B11_C_15540_2,0,1,geometry
9741,S2134277__S2134277,1,0,geometry
9742,S2522994__S2522994_0_BP1A2021,0,0,geometry
9743,S2406753__S24-06753-_-SERIAL_2,0,1,geometry
9744,S2427695__S2427695_BP1B27_C_14045_3,0,0,geometry
9745,S2511010__S25-11010_0_BP1A2021_052642,1,0,geometry
9746,S2511010__S25-11010_0_BP1A2021_052642,1,0,geometry
9747,S2227608__S22-27608-_-SERIAL_2,1,0,geometry
9748,S16-17719__S16-17719,1,1,geometry
9749,S2520402__S2520402_0_BP1A2021,0,0,geometry
9750,S20-26719__S20-26719,1,1,geometry
9751,S20-26719__S20-26719,1,1,geometry
9752,S2530991__S2530991_0_BP1A2021,0,0,geometry
9753,S2530985__S2530985_0_BP1A2021,0,0,geometry
9754,S2406753__S24-06753-_-SERIAL_2,0,0,geometry
9755,S2527323__S2527323_0_BP1A2021,0,1,geometry
9756,S2511010__S25-11010_0_BP1A2021_052642,1,1,geometry
9757,S2530991__S2530991_0_BP1A2021,0,1,geometry
9758,S2134277__S2134277,1,0,geometry
9759,S2134277__S2134277,1,1,geometry
9760,S2406753__S24-06753-_-DEEP_1,0,1,geometry
9761,S19-40316__S19-40316,1,0,geometry
9762,S2427695__S24-27695-_-BIOPSY,0,0,geometry
9763,S20-26719__S20-26719,1,1,geometry
9764,S2406754__S24-06754-_-SERIAL_1,0,0,geometry
9765,S2406753__S24-06753-_-DEEP_1,0,0,geometry
9766,S2525436__S2525436_0_BP1A2021,0,1,geometry
9767,S2516970__S25-16970____155248,1,0,geometry
9768,S2530991__S2530991_0_BP1A2021,0,1,geometry
9769,S2425843__S24-25843-_-BIOPSY,0,0,geometry
9770,S2237601__S22-37601-_-,0,1,geometry
9771,S2524760__S2524760_0_BP1A2021,0,1,geometry
9772,S2227608__S22-27608-_-SERIAL_1,1,0,geometry
9773,S2237601__S22-37601-_-,0,0,geometry
9774,S2424258__S2424258,0,0,geometry
9775,S2516970__S25-16970____155248,1,0,geometry
9776,S2134277__S2134277,1,1,geometry
9777,S2216630__S2216630--DEEP_1,0,0,geometry
9778,S2425843__S24-25843-_-BIOPSY,0,1,geometry
9779,S2229537__S22-29537-_-SERIAL_1,1,0,geometry
9780,S2227608__S22-27608-_-SERIAL_1,1,1,geometry
9781,S2229537__S22-29537-_-SERIAL_1,1,0,geometry
9782,S2227608__S22-27608-_-SERIAL_2,1,0,geometry
9783,S2520402__S2520402_0_BP1A2021,0,1,geometry
9784,S2520402__S2520402_0_BP1A2021,0,0,geometry
9785,S2229537__S22-29537-_-SERIAL_1,1,1,geometry
9786,S2227608__S22-27608-_-SERIAL_1,1,1,geometry
9787,S2516970__S25-16970____155248,1,0,geometry
9788,S16-17719__S16-17719,1,1,geometry
9789,S20-26719__S20-26719,1,0,geometry
9790,S2227608__S22-27608-_-SERIAL_1,1,1,geometry
9791,S2229537__S22-29537-_-SERIAL_1,1,0,geometry
9792,S2511007__S25-11007_0_BP1A2021_052433,0,1,geometry
9793,S16-17719__S16-17719,1,1,geometry
9794,S2346179__S23-46179-_-BIOPSY,1,0,geometry
9795,S2406753__S24-06753-_-SERIAL_2,0,0,geometry
9796,S2516970__S25-16970____155248,1,1,geometry
9797,S2227608__S22-27608-_-SERIAL_1,1,1,geometry
9798,S2346179__S23-46179-_-BIOPSY,1,1,geometry
9799,S20-26719__S20-26719,1,1,geometry
9800,S2247860__S22-47860-_-DEEP_1,1,1,geometry
9801,S2227608__S22-27608-_-SERIAL_1,1,1,geometry
9802,S2511010__S25-11010_0_BP1A2021_052642,1,0,geometry
9803,S2134277__S2134277,1,1,geometry
9804,S2525436__S2525436_0_BP1A2021,0,1,geometry
9805,S2516970__S25-16970____155248,1,1,geometry
9806,S2521239__S2521239_0_BP1A2021,0,1,geometry
9807,S2227608__S22-27608-_-SERIAL_2,1,1,geometry
9808,S2511006__S25-11006_0_BP1A2021_052242,0,1,geometry
9809,S2427695__S2427695_BP1B27_C_14045_3,0,1,geometry
9810,S2229537__S22-29537-_-SERIAL_1,1,0,geometry
9811,S2346179__S23-46179-_-BIOPSY,1,1,geometry
9812,S2528218__S2528218_0_BP1A2021,0,1,geometry
9813,S2513848__S25-13848_0_BP1A2021_131436,0,1,geometry
9814,S20-26719__S20-26719,1,0,geometry
9815,S2424255__S2424255,0,0,geometry
9816,S2227608__S22-27608-_-SERIAL_1,1,1,geometry
9817,S2216630__S2216630--DEEP_1,0,1,geometry
9818,S2512685__S2512685_0_,0,0,geometry
9819,S2530049__S2530049_0_BP1A2021,0,1,geometry
9820,S2511009__S25-11009_0_BP1A2021_052542,0,1,geometry
9821,S2516970__S25-16970____155248,1,0,geometry
9822,S16-17719__S16-17719,1,0,geometry
9823,S20-26719__S20-26719,1,0,geometry
9824,S2134277__S2134277,1,1,geometry
9825,S2406754__S24-06754-_-DEEP_2,0,1,geometry
9826,S2425843__S24-25843-_-BIOPSY,0,1,geometry
9827,S2513848__S25-13848_0_BP1A2021_131436,0,1,geometry
9828,S2227608__S22-27608-_-SERIAL_1,1,1,geometry
9829,S2511010__S25-11010_0_BP1A2021_052642,1,1,geometry
9830,S2229537__S22-29537-_-SERIAL_1,1,1,geometry
9831,S2531989__S2531989_0_BP1A2021,0,1,geometry
9832,S2229537__S22-29537-_-SERIAL_1,1,1,geometry
9833,S2227608__S22-27608-_-SERIAL_1,1,1,geometry
9834,S2511007__S25-11007_0_BP1A2021_052433,0,0,geometry
9835,S2511009__S25-11009_0_BP1A2021_052542,0,1,geometry
9836,S2529112__S2529112_0_BP1A2021,0,0,geometry
9837,S2516971__S25-16971____155423,0,1,geometry
9838,S2511010__S25-11010_0_BP1A2021_052642,1,1,geometry
9839,S20-26719__S20-26719,1,1,geometry
9840,S2424258__S2424258,0,1,geometry
9841,S2344462__S23-44462-_-BIOPSY,0,1,geometry
9842,S2424258__S2424258,0,0,geometry
9843,S2406753__S24-06753-_-SERIAL_2,0,1,geometry
9844,S2227608__S22-27608-_-SERIAL_1,1,0,geometry
9845,S2516970__S25-16970____155248,1,0,geometry
9846,S2516970__S25-16970____155248,1,1,geometry
9847,S2401283__S24-01283-_-BIOPSY,0,1,geometry
9848,S2237601__S22-37601-_-,0,0,geometry
9849,S2406754__S24-06754-_-DEEP_2,0,0,geometry
9850,S2424259__S2424259,0,0,geometry
9851,S2237601__S22-37601-_-,0,0,geometry
9852,S2427695__S2427695_BP1B27_C_14045_3,0,0,geometry
9853,S2229537__S22-29537-_-SERIAL_1,1,0,geometry
9854,S2247860__S22-47860-_-DEEP_1,1,0,geometry
9855,S2406754__S24-06754-_-DEEP_2,0,0,geometry
9856,S2134277__S2134277,1,1,geometry
9857,S2227604__S22-27604-_-BIOPSY,1,1,geometry
9858,S2427695__S24-27695-_-BIOPSY,0,1,geometry
9859,S2511006__S25-11006_0_BP1A2021_052242,0,1,geometry
9860,S2511007__S25-11007_0_BP1A2021_052433,0,1,geometry
9861,S2524760__S2524760_0_BP1A2021,0,0,geometry
9862,S2530991__S2530991_0_BP1A2021,0,1,geometry
9863,S2227608__S22-27608-_-SERIAL_2,1,0,geometry
9864,S19-40316__S19-40316,1,0,geometry
9865,S2511009__S25-11009_0_BP1A2021_052542,0,0,geometry
9866,S2409392__S2409392,0,0,geometry
9867,S2134277__S2134277,1,0,geometry
9868,S2227604__S22-27604-_-BIOPSY,1,1,geometry
9869,S2436457__S2436457_BP1B11_C_15540_2,0,0,geometry
9870,S2227604__S22-27604-_-BIOPSY,1,1,geometry
9871,S16-17719__S16-17719,1,0,geometry
9872,S2528218__S2528218_0_BP1A2021,0,0,geometry
9873,S2247860__S22-47860-_-DEEP_1,1,0,geometry
9874,S2513846__S25-13846_0_BP1A2021_161650,0,0,geometry
9875,S2530049__S2530049_0_BP1A2021,0,0,geometry
9876,S2415689__S24-15689-_-BIOPSY,1,1,geometry
9877,S2511009__S25-11009_0_BP1A2021_052542,0,0,geometry
9878,S2511007__S25-11007_0_BP1A2021_052433,0,1,geometry
9879,S16-17719__S16-17719,1,1,geometry
9880,S2344462__S23-44462-_-BIOPSY,0,1,geometry
9881,S2511006__S25-11006_0_BP1A2021_052242,0,0,geometry
9882,S2516971__S25-16971____155423,0,0,geometry
9883,S2427695__S24-27695-_-BIOPSY,0,0,geometry
9884,S2237601__S22-37601-_-,0,0,geometry
9885,S2134277__S2134277,1,0,geometry
9886,S2344462__S23-44462-_-BIOPSY,0,0,geometry
9887,S2409392__S2409392,0,1,geometry
9888,S2511010__S25-11010_0_BP1A2021_052642,1,0,geometry
9889,S2227608__S22-27608-_-SERIAL_2,1,1,geometry
9890,S20-26719__S20-26719,1,0,geometry
9891,S20-28924__S20-28924,0,1,geometry
9892,S2227604__S22-27604-_-BIOPSY,1,0,geometry
9893,S16-17719__S16-17719,1,1,geometry
9894,S2216630__S2216630--DEEP_1,0,1,geometry
9895,S20-26719__S20-26719,1,0,geometry
9896,S2511007__S25-11007_0_BP1A2021_052433,0,1,geometry
9897,S16-17719__S16-17719,1,0,geometry
9898,S2526362__S2526362_0_BP1A2021,0,0,geometry
9899,S2227608__S22-27608-_-SERIAL_1,1,1,geometry
9900,S2227608__S22-27608-_-SERIAL_1,1,1,geometry
9901,S2227608__S22-27608-_-SERIAL_2,1,1,geometry
9902,S2415689__S24-15689-_-BIOPSY,1,0,geometry
9903,S2424255__S2424255,0,0,geometry
9904,S2530991__S2530991_0_BP1A2021,0,1,geometry
9905,S2530985__S2530985_0_BP1A2021,0,1,geometry
9906,S2227608__S22-27608-_-SERIAL_1,1,1,geometry
9907,S2247860__S22-47860-_-DEEP_1,1,0,geometry
9908,S2227608__S22-27608-_-SERIAL_2,1,0,geometry
9909,S2229537__S22-29537-_-SERIAL_1,1,0,geometry
9910,S2513846__S25-13846_0_BP1A2021_131523,0,0,geometry
9911,S2134277__S2134277,1,1,geometry
9912,S2227604__S22-27604-_-BIOPSY,1,1,geometry
9913,S20-26719__S20-26719,1,0,geometry
9914,S19-40316__S19-40316,1,0,geometry
9915,S2427695__S2427695_BP1B27_C_14045_3,0,1,geometry
9916,S2526362__S2526362_0_BP1A2021,0,1,geometry
9917,S2406753__S24-06753-_-DEEP_1,0,0,geometry
9918,S2415689__S24-15689-_-BIOPSY,1,1,geometry
9919,S2513848__S25-13848_0_BP1A2021_131436,0,0,geometry
9920,S2436457__S2436457_BP1B11_C_15540_2,0,1,geometry
9921,S2247860__S22-47860-_-DEEP_1,1,1,geometry
9922,S2516970__S25-16970____155248,1,0,geometry
9923,S2511010__S25-11010_0_BP1A2021_052642,1,0,geometry
9924,S2346179__S23-46179-_-BIOPSY,1,1,geometry
9925,S2530981__S2530981_0_BP1A2021,0,0,geometry
9926,S2424255__S2424255,0,0,geometry
9927,S2525436__S2525436_0_BP1A2021,0,0,geometry
9928,S2511010__S25-11010_0_BP1A2021_052642,1,1,geometry
9929,S2134277__S2134277,1,0,geometry
9930,S2530991__S2530991_0_BP1A2021,0,1,geometry
9931,S2346179__S23-46179-_-BIOPSY,1,0,geometry
9932,S2134277__S2134277,1,0,geometry
9933,S2511007__S25-11007_0_BP1A2021_052433,0,0,geometry
9934,S2528218__S2528218_0_BP1A2021,0,1,geometry
9935,S2531989__S2531989_0_BP1A2021,0,1,geometry
9936,S2511010__S25-11010_0_BP1A2021_052642,1,0,geometry
9937,S2247860__S22-47860-_-DEEP_1,1,0,geometry
9938,S2520404__S2520404_0_BP1A2021,0,1,geometry
9939,S2247860__S22-47860-_-DEEP_1,1,1,geometry
9940,S2227608__S22-27608-_-SERIAL_2,1,1,geometry
9941,S2409392__S2409392,0,0,geometry
9942,S2530981__S2530981_0_BP1A2021,0,0,geometry
9943,S2522994__S2522994_0_BP1A2021,0,1,geometry
9944,S2415689__S24-15689-_-BIOPSY,1,1,geometry
9945,S2227608__S22-27608-_-SERIAL_2,1,0,geometry
9946,S2527323__S2527323_0_BP1A2021,0,1,geometry
9947,S19-40316__S19-40316,1,0,geometry
9948,S16-17719__S16-17719,1,0,geometry
9949,S2513848__S25-13848_0_BP1A2021_131436,0,0,geometry
9950,S2427695__S24-27695-_-BIOPSY,0,0,geometry
9951,S2406754__S24-06754-_-SERIAL_1,0,1,geometry
9952,S2415689__S24-15689-_-BIOPSY,1,0,geometry
9953,S2427695__S24-27695-_-BIOPSY,0,1,geometry
9954,S2511010__S25-11010_0_BP1A2021_052642,1,0,geometry
9955,S2406753__S24-06753-_-DEEP_1,0,1,geometry
9956,S2134277__S2134277,1,1,geometry
9957,S2425843__S24-25843-_-BIOPSY,0,1,geometry
9958,S2415689__S24-15689-_-BIOPSY,1,0,geometry
9959,S2227608__S22-27608-_-SERIAL_1,1,1,geometry
9960,S2511009__S25-11009_0_BP1A2021_052542,0,1,geometry
9961,S2511009__S25-11009_0_BP1A2021_052542,0,1,geometry
9962,S2535840__S2535840_0_BP1A2021,0,0,geometry
9963,S2529112__S2529112_0_BP1A2021,0,1,geometry
9964,S2227608__S22-27608-_-SERIAL_2,1,0,geometry
9965,S2229537__S22-29537-_-SERIAL_1,1,0,geometry
9966,S2346179__S23-46179-_-BIOPSY,1,0,geometry
9967,S2526362__S2526362_0_BP1A2021,0,0,geometry
9968,S2227604__S22-27604-_-BIOPSY,1,0,geometry
9969,S2227604__S22-27604-_-BIOPSY,1,0,geometry
9970,S20-26719__S20-26719,1,0,geometry
9971,S2406753__S24-06753-_-DEEP_1,0,1,geometry
9972,S2511006__S25-11006_0_BP1A2021_052242,0,1,geometry
9973,S2247860__S22-47860-_-DEEP_1,1,1,geometry
9974,S2227608__S22-27608-_-SERIAL_2,1,1,geometry
9975,S2516970__S25-16970____155248,1,0,geometry
9976,S2415689__S24-15689-_-BIOPSY,1,0,geometry
9977,S2346179__S23-46179-_-BIOPSY,1,1,geometry
9978,S2516971__S25-16971____155423,0,1,geometry
9979,S2513848__S25-13848_0_BP1A2021_131436,0,0,geometry
9980,S2406753__S24-06753-_-SERIAL_2,0,0,geometry
9981,S2227604__S22-27604-_-BIOPSY,1,0,geometry
9982,S2524760__S2524760_0_BP1A2021,0,1,geometry
9983,S2227608__S22-27608-_-SERIAL_1,1,1,geometry
9984,S2346179__S23-46179-_-BIOPSY,1,0,geometry
9985,S16-17719__S16-17719,1,0,geometry
9986,S2527323__S2527323_0_BP1A2021,0,0,geometry
9987,S2436457__S2436457_BP1B11_C_15540_2,0,0,geometry
9988,S2528218__S2528218_0_BP1A2021,0,1,geometry
9989,S2227608__S22-27608-_-SERIAL_2,1,0,geometry
9990,S2216630__S2216630--DEEP_1,0,0,geometry
9991,S2346179__S23-46179-_-BIOPSY,1,0,geometry
9992,S2529112__S2529112_0_BP1A2021,0,0,geometry
9993,S19-40316__S19-40316,1,0,geometry
9994,S2524760__S2524760_0_BP1A2021,0,1,geometry
9995,S2529112__S2529112_0_BP1A2021,0,0,geometry
9996,S2528218__S2528218_0_BP1A2021,0,1,geometry
9997,S2406754__S24-06754-_-SERIAL_1,0,0,geometry
9998,S2424259__S2424259,0,0,geometry
9999,S2511007__S25-11007_0_BP1A2021_052433,0,1,geometry
10000,S2227608__S22-27608-_-SERIAL_1,1,0,geometry
10001,S2227604__S22-27604-_-BIOPSY,1,0,geometry
10002,S2346179__S23-46179-_-BIOPSY,1,1,geometry
10003,S2520402__S2520402_0_BP1A2021,0,1,geometry
10004,S2521239__S2521239_0_BP1A2021,0,0,geometry
10005,S2513846__S25-13846_0_BP1A2021_131523,0,0,geometry
10006,S2520402__S2520402_0_BP1A2021,0,1,geometry
10007,S2531985__S2531985_0_BP1A2021,0,0,geometry
10008,S2216630__S2216630--DEEP_1,0,1,geometry
10009,S2134277__S2134277,1,0,geometry
10010,S2406754__S24-06754-_-SERIAL_1,0,1,geometry
10011,S2134277__S2134277,1,0,geometry
10012,S2227608__S22-27608-_-SERIAL_2,1,1,geometry
10013,S2511006__S25-11006_0_BP1A2021_052242,0,0,geometry
10014,S2530981__S2530981_0_BP1A2021,0,1,geometry
10015,S20-28924__S20-28924,0,1,geometry
10016,S2227608__S22-27608-_-SERIAL_1,1,0,geometry
10017,S2424259__S2424259,0,1,geometry
10018,S19-40316__S19-40316,1,0,geometry
10019,S2436457__S2436457_BP1B11_C_15540_2,0,1,geometry
10020,S2427695__S24-27695-_-BIOPSY,0,1,geometry
10021,S2513846__S25-13846_0_BP1A2021_131523,0,1,geometry
10022,S2525436__S2525436_0_BP1A2021,0,0,geometry
10023,S2346179__S23-46179-_-BIOPSY,1,1,geometry
10024,S2524777__S2524777_0_BP1A2021,0,1,geometry
10025,S2134277__S2134277,1,0,geometry
10026,S2516970__S25-16970____155248,1,0,geometry
10027,S20-28924__S20-28924,0,1,geometry
10028,S2526362__S2526362_0_BP1A2021,0,0,geometry
10029,S2344462__S23-44462-_-BIOPSY,0,0,geometry
10030,S2247860__S22-47860-_-DEEP_1,1,0,geometry
10031,S2424258__S2424258,0,1,geometry
10032,S2511009__S25-11009_0_BP1A2021_052542,0,1,geometry
10033,S2229537__S22-29537-_-SERIAL_1,1,1,geometry
10034,S2522994__S2522994_0_BP1A2021,0,1,geometry
10035,S2512685__S2512685_0_,0,0,geometry
10036,S2513846__S25-13846_0_BP1A2021_131523,0,1,geometry
10037,S2229537__S22-29537-_-SERIAL_1,1,0,geometry
10038,S2227604__S22-27604-_-BIOPSY,1,1,geometry
10039,S2427695__S2427695_BP1B27_C_14045_3,0,1,geometry
10040,S2427695__S2427695_BP1B27_C_14045_3,0,0,geometry
10041,S2513848__S25-13848_0_BP1A2021_131436,0,0,geometry
10042,S2227608__S22-27608-_-SERIAL_1,1,0,geometry
10043,S2511006__S25-11006_0_BP1A2021_052242,0,0,geometry
10044,S16-17719__S16-17719,1,0,geometry
10045,S2516970__S25-16970____155248,1,1,geometry
10046,S2346179__S23-46179-_-BIOPSY,1,1,geometry
10047,S2530049__S2530049_0_BP1A2021,0,1,geometry
10048,S2227604__S22-27604-_-BIOPSY,1,1,geometry
10049,S2415689__S24-15689-_-BIOPSY,1,0,geometry
10050,S2516970__S25-16970____155248,1,0,geometry
10051,S2227608__S22-27608-_-SERIAL_1,1,0,geometry
10052,S2415689__S24-15689-_-BIOPSY,1,1,geometry
10053,S2527323__S2527323_0_BP1A2021,0,0,geometry
10054,S2516970__S25-16970____155248,1,0,geometry
10055,S16-17719__S16-17719,1,0,geometry
10056,S20-26719__S20-26719,1,0,geometry
10057,S2427695__S2427695_BP1B27_C_14045_3,0,1,geometry
10058,S2522994__S2522994_0_BP1A2021,0,0,geometry
10059,S2409392__S2409392,0,1,geometry
10060,S16-17719__S16-17719,1,0,geometry
10061,S2216630__S2216630--DEEP_1,0,1,geometry
10062,S2415689__S24-15689-_-BIOPSY,1,1,geometry
10063,S2516971__S25-16971____140945,0,0,geometry
10064,S2535840__S2535840_0_BP1A2021,0,0,geometry
10065,S2521239__S2521239_0_BP1A2021,0,0,geometry
10066,S2511006__S25-11006_0_BP1A2021_052242,0,1,geometry
10067,S2513846__S25-13846_0_BP1A2021_131523,0,0,geometry
10068,S2530049__S2530049_0_BP1A2021,0,1,geometry
10069,S2227608__S22-27608-_-SERIAL_1,1,0,geometry
10070,S2247860__S22-47860-_-DEEP_1,1,1,geometry
10071,S2134277__S2134277,1,0,geometry
10072,S19-40316__S19-40316,1,0,geometry
10073,S2229537__S22-29537-_-SERIAL_1,1,1,geometry
10074,S16-17719__S16-17719,1,1,geometry
10075,S2511010__S25-11010_0_BP1A2021_052642,1,1,geometry
10076,S2424255__S2424255,0,1,geometry
10077,S2227608__S22-27608-_-SERIAL_1,1,1,geometry
10078,S20-26719__S20-26719,1,1,geometry
10079,S2516970__S25-16970____155248,1,1,geometry
10080,S2237601__S22-37601-_-,0,1,geometry
10081,S2247860__S22-47860-_-DEEP_1,1,1,geometry
10082,S20-26719__S20-26719,1,0,geometry
10083,S2516970__S25-16970____155248,1,0,geometry
10084,S2527323__S2527323_0_BP1A2021,0,0,geometry
10085,S2436457__S2436457_BP1B11_C_15540_2,0,1,geometry
10086,S20-28924__S20-28924,0,1,geometry
10087,S2516970__S25-16970____155248,1,1,geometry
10088,S2406753__S24-06753-_-DEEP_1,0,1,geometry
10089,S2229537__S22-29537-_-SERIAL_1,1,0,geometry
10090,S2427695__S2427695_BP1B27_C_14045_3,0,0,geometry
10091,S2436457__S2436457_BP1B11_C_15540_2,0,1,geometry
10092,S2227608__S22-27608-_-SERIAL_1,1,0,geometry
10093,S2134277__S2134277,1,0,geometry
10094,S2535840__S2535840_0_BP1A2021,0,1,geometry
10095,S2346179__S23-46179-_-BIOPSY,1,1,geometry
10096,S2511010__S25-11010_0_BP1A2021_052642,1,1,geometry
10097,S2227608__S22-27608-_-SERIAL_2,1,0,geometry
10098,S16-17719__S16-17719,1,0,geometry
10099,S2516971__S25-16971____155423,0,0,geometry
10100,S2530981__S2530981_0_BP1A2021,0,0,geometry
10101,S2229537__S22-29537-_-SERIAL_1,1,1,geometry
10102,S2530981__S2530981_0_BP1A2021,0,1,geometry
10103,S2406753__S24-06753-_-DEEP_1,0,0,geometry
10104,S2436457__S2436457_BP1B11_C_15540_2,0,0,geometry
10105,S2531989__S2531989_0_BP1A2021,0,1,geometry
10106,S2516971__S25-16971____140945,0,1,geometry
10107,S2247860__S22-47860-_-DEEP_1,1,1,geometry
10108,S2424258__S2424258,0,0,geometry
10109,S2528218__S2528218_0_BP1A2021,0,1,geometry
10110,S2535840__S2535840_0_BP1A2021,0,1,geometry
10111,S2511010__S25-11010_0_BP1A2021_052642,1,1,geometry
10112,S2530985__S2530985_0_BP1A2021,0,0,geometry
10113,S2513846__S25-13846_0_BP1A2021_161650,0,1,geometry
10114,S2522994__S2522994_0_BP1A2021,0,0,geometry
10115,S2516970__S25-16970____155248,1,0,geometry
10116,S2530049__S2530049_0_BP1A2021,0,0,geometry
10117,S19-40316__S19-40316,1,1,geometry
10118,S2526362__S2526362_0_BP1A2021,0,1,geometry
10119,S2229537__S22-29537-_-SERIAL_1,1,1,geometry
10120,S20-26719__S20-26719,1,0,geometry
10121,S2516971__S25-16971____140945,0,0,geometry
10122,S2415689__S24-15689-_-BIOPSY,1,0,geometry
10123,S2516971__S25-16971____155423,0,1,geometry
10124,S2530981__S2530981_0_BP1A2021,0,0,geometry
10125,S2406754__S24-06754-_-SERIAL_1,0,0,geometry
10126,S2229537__S22-29537-_-SERIAL_1,1,1,geometry
10127,S2511009__S25-11009_0_BP1A2021_052542,0,0,geometry
10128,S19-40316__S19-40316,1,0,geometry
10129,S2513848__S25-13848_0_BP1A2021_131436,0,1,geometry
10130,S2401283__S24-01283-_-BIOPSY,0,1,geometry
10131,S2526362__S2526362_0_BP1A2021,0,0,geometry
10132,S2516971__S25-16971____140945,0,1,geometry
10133,S2229537__S22-29537-_-SERIAL_1,1,0,geometry
10134,S2425843__S24-25843-_-BIOPSY,0,0,geometry
10135,S2415689__S24-15689-_-BIOPSY,1,0,geometry
10136,S2229537__S22-29537-_-SERIAL_1,1,1,geometry
10137,S2524777__S2524777_0_BP1A2021,0,1,geometry
10138,S2227604__S22-27604-_-BIOPSY,1,0,geometry
10139,S2530981__S2530981_0_BP1A2021,0,0,geometry
10140,S2406753__S24-06753-_-DEEP_1,0,1,geometry
10141,S2247860__S22-47860-_-DEEP_1,1,0,geometry
10142,S2529112__S2529112_0_BP1A2021,0,1,geometry
10143,S2227604__S22-27604-_-BIOPSY,1,1,geometry
10144,S2522994__S2522994_0_BP1A2021,0,0,geometry
10145,S2516970__S25-16970____155248,1,1,geometry
10146,S2526362__S2526362_0_BP1A2021,0,1,geometry
10147,S2247860__S22-47860-_-DEEP_1,1,1,geometry
10148,S19-40316__S19-40316,1,1,geometry
10149,S2227604__S22-27604-_-BIOPSY,1,1,geometry
10150,S2229537__S22-29537-_-SERIAL_1,1,0,geometry
10151,S2511010__S25-11010_0_BP1A2021_052642,1,0,geometry
10152,S2522994__S2522994_0_BP1A2021,0,1,geometry
10153,S2527323__S2527323_0_BP1A2021,0,0,geometry
10154,S2229537__S22-29537-_-SERIAL_1,1,1,geometry
10155,S20-26719__S20-26719,1,0,geometry
10156,S2229537__S22-29537-_-SERIAL_1,1,0,geometry
10157,S2530049__S2530049_0_BP1A2021,0,1,geometry
10158,S2227604__S22-27604-_-BIOPSY,1,1,geometry
10159,S2513848__S25-13848_0_BP1A2021_131436,0,1,geometry
10160,S2527323__S2527323_0_BP1A2021,0,1,geometry
10161,S2516970__S25-16970____155248,1,1,geometry
10162,S16-17719__S16-17719,1,1,geometry
10163,S20-26719__S20-26719,1,0,geometry
10164,S2406754__S24-06754-_-DEEP_2,0,0,geometry
10165,S2227608__S22-27608-_-SERIAL_1,1,0,geometry
10166,S20-28924__S20-28924,0,1,geometry
10167,S2134277__S2134277,1,1,geometry
10168,S20-28924__S20-28924,0,1,geometry
10169,S2346179__S23-46179-_-BIOPSY,1,0,geometry
10170,S2436457__S2436457_BP1B11_C_15540_2,0,1,geometry
10171,S2528218__S2528218_0_BP1A2021,0,0,geometry
10172,S2134277__S2134277,1,1,geometry
10173,S2527323__S2527323_0_BP1A2021,0,0,geometry
10174,S2247860__S22-47860-_-DEEP_1,1,0,geometry
10175,S2406754__S24-06754-_-DEEP_2,0,0,geometry
10176,S2513846__S25-13846_0_BP1A2021_161650,0,1,geometry
10177,S2427695__S24-27695-_-BIOPSY,0,1,geometry
10178,S16-17719__S16-17719,1,0,geometry
10179,S2513846__S25-13846_0_BP1A2021_161650,0,0,geometry
10180,S2520404__S2520404_0_BP1A2021,0,1,geometry
10181,S2346179__S23-46179-_-BIOPSY,1,0,geometry
10182,S2227608__S22-27608-_-SERIAL_1,1,0,geometry
10183,S2424255__S2424255,0,0,geometry
10184,S2401283__S24-01283-_-BIOPSY,0,1,geometry
10185,S2134277__S2134277,1,1,geometry
10186,S2527323__S2527323_0_BP1A2021,0,1,geometry
10187,S2529112__S2529112_0_BP1A2021,0,0,geometry
10188,S2227608__S22-27608-_-SERIAL_1,1,1,geometry
10189,S2530049__S2530049_0_BP1A2021,0,0,geometry
10190,S16-17719__S16-17719,1,0,geometry
10191,S2227608__S22-27608-_-SERIAL_2,1,1,geometry
10192,S20-26719__S20-26719,1,0,geometry
10193,S2227604__S22-27604-_-BIOPSY,1,1,geometry
10194,S2134277__S2134277,1,0,geometry
10195,S2511010__S25-11010_0_BP1A2021_052642,1,0,geometry
10196,S2436457__S2436457_BP1B11_C_15540_2,0,1,geometry
10197,S16-17719__S16-17719,1,1,geometry
10198,S2227604__S22-27604-_-BIOPSY,1,1,geometry
10199,S20-26719__S20-26719,1,1,geometry
10200,S2512685__S2512685_0_,0,1,geometry
10201,S2427695__S2427695_BP1B27_C_14045_3,0,1,geometry
10202,S2511010__S25-11010_0_BP1A2021_052642,1,0,geometry
10203,S2511010__S25-11010_0_BP1A2021_052642,1,0,geometry
10204,S2516970__S25-16970____155248,1,1,geometry
10205,S2344462__S23-44462-_-BIOPSY,0,1,geometry
10206,S2346179__S23-46179-_-BIOPSY,1,1,geometry
10207,S20-26719__S20-26719,1,0,geometry
10208,S2527323__S2527323_0_BP1A2021,0,1,geometry
10209,S2511010__S25-11010_0_BP1A2021_052642,1,0,geometry
10210,S2525436__S2525436_0_BP1A2021,0,0,geometry
10211,S2227604__S22-27604-_-BIOPSY,1,1,geometry
10212,S2227608__S22-27608-_-SERIAL_1,1,0,geometry
10213,S2516970__S25-16970____155248,1,1,geometry
10214,S2346179__S23-46179-_-BIOPSY,1,1,geometry
10215,S16-17719__S16-17719,1,1,geometry
10216,S2227604__S22-27604-_-BIOPSY,1,1,geometry
10217,S2415689__S24-15689-_-BIOPSY,1,1,geometry
10218,S2513846__S25-13846_0_BP1A2021_131523,0,1,geometry
10219,S2401283__S24-01283-_-BIOPSY,0,0,geometry
10220,S2344462__S23-44462-_-BIOPSY,0,1,geometry
10221,S2229537__S22-29537-_-SERIAL_1,1,0,geometry
10222,S2409392__S2409392,0,1,geometry
10223,S2247860__S22-47860-_-DEEP_1,1,0,geometry
10224,S2409392__S2409392,0,0,geometry
10225,S2227608__S22-27608-_-SERIAL_1,1,1,geometry
10226,S2227608__S22-27608-_-SERIAL_2,1,1,geometry
10227,S2216630__S2216630--DEEP_1,0,1,geometry
10228,S2344462__S23-44462-_-BIOPSY,0,0,geometry
10229,S2516970__S25-16970____155248,1,0,geometry
10230,S20-26719__S20-26719,1,1,geometry
10231,S2415689__S24-15689-_-BIOPSY,1,1,geometry
10232,S2227604__S22-27604-_-BIOPSY,1,1,geometry
10233,S2409392__S2409392,0,0,geometry
10234,S2511006__S25-11006_0_BP1A2021_052242,0,0,geometry
10235,S2227604__S22-27604-_-BIOPSY,1,0,geometry
10236,S2525436__S2525436_0_BP1A2021,0,1,geometry
10237,S2511010__S25-11010_0_BP1A2021_052642,1,1,geometry
10238,S2227604__S22-27604-_-BIOPSY,1,0,geometry
10239,S2227608__S22-27608-_-SERIAL_1,1,1,geometry
10240,S2527323__S2527323_0_BP1A2021,0,0,geometry
10241,S2524777__S2524777_0_BP1A2021,0,0,geometry
10242,S2516971__S25-16971____140945,0,1,geometry
10243,S2530981__S2530981_0_BP1A2021,0,1,geometry
10244,S2516971__S25-16971____140945,0,0,geometry
10245,S19-40316__S19-40316,1,0,geometry
10246,S2227604__S22-27604-_-BIOPSY,1,1,geometry
10247,S2527323__S2527323_0_BP1A2021,0,0,geometry
10248,S2227604__S22-27604-_-BIOPSY,1,0,geometry
10249,S2346179__S23-46179-_-BIOPSY,1,1,geometry
10250,S2415689__S24-15689-_-BIOPSY,1,1,geometry
10251,S2530985__S2530985_0_BP1A2021,0,0,geometry
10252,S2424255__S2424255,0,0,geometry
10253,S2237601__S22-37601-_-,0,1,geometry
10254,S2436457__S2436457_BP1B11_C_15540_2,0,1,geometry
10255,S2526362__S2526362_0_BP1A2021,0,0,geometry
10256,S2229537__S22-29537-_-SERIAL_1,1,0,geometry
10257,S2528218__S2528218_0_BP1A2021,0,1,geometry
10258,S20-26719__S20-26719,1,1,geometry
10259,S2247860__S22-47860-_-DEEP_1,1,0,geometry
10260,S2511010__S25-11010_0_BP1A2021_052642,1,1,geometry
10261,S2531989__S2531989_0_BP1A2021,0,0,geometry
10262,S2511009__S25-11009_0_BP1A2021_052542,0,1,geometry
10263,S19-40316__S19-40316,1,1,geometry
10264,S2344462__S23-44462-_-BIOPSY,0,1,geometry
10265,S2227608__S22-27608-_-SERIAL_1,1,1,geometry
10266,S2516970__S25-16970____155248,1,1,geometry
10267,S16-17719__S16-17719,1,1,geometry
10268,S2436457__S2436457_BP1B11_C_15540_2,0,1,geometry
10269,S2409392__S2409392,0,0,geometry
10270,S2511010__S25-11010_0_BP1A2021_052642,1,1,geometry
10271,S2516970__S25-16970____155248,1,1,geometry
10272,S2513846__S25-13846_0_BP1A2021_131523,0,1,geometry
10273,S2531985__S2531985_0_BP1A2021,0,0,geometry
10274,S2436457__S2436457_BP1B11_C_15540_2,0,1,geometry
10275,S2527323__S2527323_0_BP1A2021,0,0,geometry
10276,S19-40316__S19-40316,1,0,geometry
10277,S2511007__S25-11007_0_BP1A2021_052433,0,0,geometry
10278,S16-17719__S16-17719,1,0,geometry
10279,S2227608__S22-27608-_-SERIAL_1,1,0,geometry
10280,S19-40316__S19-40316,1,0,geometry
10281,S2406754__S24-06754-_-SERIAL_1,0,0,geometry
10282,S2522994__S2522994_0_BP1A2021,0,1,geometry
10283,S2535840__S2535840_0_BP1A2021,0,1,geometry
10284,S2512685__S2512685_0_,0,1,geometry
10285,S2227608__S22-27608-_-SERIAL_1,1,0,geometry
10286,S2227608__S22-27608-_-SERIAL_2,1,1,geometry
10287,S2524760__S2524760_0_BP1A2021,0,0,geometry
10288,S2527323__S2527323_0_BP1A2021,0,0,geometry
10289,S2227604__S22-27604-_-BIOPSY,1,1,geometry
10290,S2512685__S2512685_0_,0,0,geometry
10291,S20-26719__S20-26719,1,1,geometry
10292,S2516970__S25-16970____155248,1,0,geometry
10293,S2529112__S2529112_0_BP1A2021,0,1,geometry
10294,S2346179__S23-46179-_-BIOPSY,1,0,geometry
10295,S2227604__S22-27604-_-BIOPSY,1,0,geometry
10296,S2516970__S25-16970____155248,1,1,geometry
10297,S2229537__S22-29537-_-SERIAL_1,1,0,geometry
10298,S2406754__S24-06754-_-SERIAL_1,0,1,geometry
10299,S2346179__S23-46179-_-BIOPSY,1,0,geometry
10300,S2516970__S25-16970____155248,1,0,geometry
10301,S2229537__S22-29537-_-SERIAL_1,1,0,geometry
10302,S2520402__S2520402_0_BP1A2021,0,0,geometry
10303,S19-40316__S19-40316,1,0,geometry
10304,S2511010__S25-11010_0_BP1A2021_052642,1,1,geometry
10305,S2406753__S24-06753-_-SERIAL_2,0,1,geometry
10306,S2427695__S24-27695-_-BIOPSY,0,0,geometry
10307,S19-40316__S19-40316,1,0,geometry
10308,S2247860__S22-47860-_-DEEP_1,1,1,geometry
10309,S2415689__S24-15689-_-BIOPSY,1,1,geometry
10310,S2344462__S23-44462-_-BIOPSY,0,0,geometry
10311,S2511010__S25-11010_0_BP1A2021_052642,1,1,geometry
10312,S2227608__S22-27608-_-SERIAL_2,1,1,geometry
10313,S2216630__S2216630--DEEP_1,0,1,geometry
10314,S2511010__S25-11010_0_BP1A2021_052642,1,0,geometry
10315,S2516970__S25-16970____155248,1,1,geometry
10316,S2227608__S22-27608-_-SERIAL_2,1,0,geometry
10317,S2346179__S23-46179-_-BIOPSY,1,0,geometry
10318,S19-40316__S19-40316,1,0,geometry
10319,S2516970__S25-16970____155248,1,1,geometry
10320,S2531989__S2531989_0_BP1A2021,0,1,geometry
10321,S2530985__S2530985_0_BP1A2021,0,0,geometry
10322,S2516970__S25-16970____155248,1,1,geometry
10323,S2529112__S2529112_0_BP1A2021,0,1,geometry
10324,S2406754__S24-06754-_-SERIAL_1,0,0,geometry
10325,S2227604__S22-27604-_-BIOPSY,1,0,geometry
10326,S2229537__S22-29537-_-SERIAL_1,1,1,geometry
10327,S2406753__S24-06753-_-DEEP_1,0,0,geometry
10328,S16-17719__S16-17719,1,1,geometry
10329,S2406753__S24-06753-_-SERIAL_2,0,0,geometry
10330,S2520404__S2520404_0_BP1A2021,0,0,geometry
10331,S2344462__S23-44462-_-BIOPSY,0,1,geometry
10332,S2528218__S2528218_0_BP1A2021,0,0,geometry
10333,S2531989__S2531989_0_BP1A2021,0,0,geometry
10334,S2134277__S2134277,1,0,geometry
10335,S2227608__S22-27608-_-SERIAL_1,1,0,geometry
10336,S2531985__S2531985_0_BP1A2021,0,0,geometry
10337,S2424255__S2424255,0,0,geometry
10338,S2227604__S22-27604-_-BIOPSY,1,0,geometry
10339,S2247860__S22-47860-_-DEEP_1,1,0,geometry
10340,S2406754__S24-06754-_-SERIAL_1,0,1,geometry
10341,S2401283__S24-01283-_-BIOPSY,0,1,geometry
10342,S2516971__S25-16971____155423,0,0,geometry
10343,S2346179__S23-46179-_-BIOPSY,1,0,geometry
10344,S2227608__S22-27608-_-SERIAL_2,1,0,geometry
10345,S2511007__S25-11007_0_BP1A2021_052433,0,1,geometry
10346,S2227608__S22-27608-_-SERIAL_1,1,1,geometry
10347,S2512685__S2512685_0_,0,0,geometry
10348,S2346179__S23-46179-_-BIOPSY,1,0,geometry
10349,S16-17719__S16-17719,1,1,geometry
10350,S2531989__S2531989_0_BP1A2021,0,1,geometry
10351,S2424259__S2424259,0,1,geometry
10352,S2531989__S2531989_0_BP1A2021,0,0,geometry
10353,S2513846__S25-13846_0_BP1A2021_131523,0,1,geometry
10354,S2513846__S25-13846_0_BP1A2021_131523,0,1,geometry
10355,S2513846__S25-13846_0_BP1A2021_161650,0,0,geometry
10356,S20-28924__S20-28924,0,1,geometry
10357,S2425843__S24-25843-_-BIOPSY,0,1,geometry
10358,S2424255__S2424255,0,0,geometry
10359,S2237601__S22-37601-_-,0,0,geometry
10360,S2406753__S24-06753-_-DEEP_1,0,1,geometry
10361,S2531985__S2531985_0_BP1A2021,0,0,geometry
10362,S2516971__S25-16971____155423,0,1,geometry
10363,S16-17719__S16-17719,1,1,geometry
10364,S2530981__S2530981_0_BP1A2021,0,1,geometry
10365,S2427695__S2427695_BP1B27_C_14045_3,0,0,geometry
10366,S2344462__S23-44462-_-BIOPSY,0,0,geometry
10367,S19-40316__S19-40316,1,0,geometry
10368,S2516970__S25-16970____155248,1,0,geometry
10369,S16-17719__S16-17719,1,0,geometry
10370,S2237601__S22-37601-_-,0,0,geometry
10371,S19-40316__S19-40316,1,0,geometry
10372,S20-28924__S20-28924,0,0,geometry
10373,S2525436__S2525436_0_BP1A2021,0,0,geometry
10374,S2522994__S2522994_0_BP1A2021,0,1,geometry
10375,S19-40316__S19-40316,1,0,geometry
10376,S2415689__S24-15689-_-BIOPSY,1,1,geometry
10377,S2513846__S25-13846_0_BP1A2021_161650,0,0,geometry
10378,S2229537__S22-29537-_-SERIAL_1,1,1,geometry
10379,S20-26719__S20-26719,1,1,geometry
10380,S2229537__S22-29537-_-SERIAL_1,1,1,geometry
10381,S2521239__S2521239_0_BP1A2021,0,1,geometry
10382,S2527323__S2527323_0_BP1A2021,0,0,geometry
10383,S2436457__S2436457_BP1B11_C_15540_2,0,0,geometry
10384,S2346179__S23-46179-_-BIOPSY,1,0,geometry
10385,S2511010__S25-11010_0_BP1A2021_052642,1,0,geometry
10386,S2525436__S2525436_0_BP1A2021,0,0,geometry
10387,S2427695__S2427695_BP1B27_C_14045_3,0,1,geometry
10388,S19-40316__S19-40316,1,1,geometry
10389,S2527323__S2527323_0_BP1A2021,0,0,geometry
10390,S2229537__S22-29537-_-SERIAL_1,1,0,geometry
10391,S2227608__S22-27608-_-SERIAL_2,1,1,geometry
10392,S19-40316__S19-40316,1,1,geometry
10393,S16-17719__S16-17719,1,1,geometry
10394,S2436457__S2436457_BP1B11_C_15540_2,0,0,geometry
10395,S2227608__S22-27608-_-SERIAL_2,1,0,geometry
10396,S2227604__S22-27604-_-BIOPSY,1,1,geometry
10397,S2134277__S2134277,1,0,geometry
10398,S2511010__S25-11010_0_BP1A2021_052642,1,1,geometry
10399,S2427695__S2427695_BP1B27_C_14045_3,0,1,geometry
10400,S2227608__S22-27608-_-SERIAL_1,1,1,geometry
10401,S2346179__S23-46179-_-BIOPSY,1,1,geometry
10402,S2527323__S2527323_0_BP1A2021,0,1,geometry
10403,S2227604__S22-27604-_-BIOPSY,1,0,geometry
10404,S2229537__S22-29537-_-SERIAL_1,1,0,geometry
10405,S2415689__S24-15689-_-BIOPSY,1,1,geometry
10406,S20-26719__S20-26719,1,1,geometry
10407,S2513848__S25-13848_0_BP1A2021_131436,0,0,geometry
10408,S2415689__S24-15689-_-BIOPSY,1,1,geometry
10409,S2516970__S25-16970____155248,1,0,geometry
10410,S2535840__S2535840_0_BP1A2021,0,1,geometry
10411,S2526362__S2526362_0_BP1A2021,0,0,geometry
10412,S2227604__S22-27604-_-BIOPSY,1,0,geometry
10413,S2511010__S25-11010_0_BP1A2021_052642,1,0,geometry
10414,S2516971__S25-16971____140945,0,1,geometry
10415,S2229537__S22-29537-_-SERIAL_1,1,0,geometry
10416,S2530049__S2530049_0_BP1A2021,0,1,geometry
10417,S2522994__S2522994_0_BP1A2021,0,1,geometry
10418,S2516970__S25-16970____155248,1,0,geometry
10419,S2524777__S2524777_0_BP1A2021,0,0,geometry
10420,S2511010__S25-11010_0_BP1A2021_052642,1,0,geometry
10421,S19-40316__S19-40316,1,1,geometry
10422,S2531989__S2531989_0_BP1A2021,0,0,geometry
10423,S2227608__S22-27608-_-SERIAL_2,1,1,geometry
10424,S2529112__S2529112_0_BP1A2021,0,0,geometry
10425,S2346179__S23-46179-_-BIOPSY,1,1,geometry
10426,S2436457__S2436457_BP1B11_C_15540_2,0,1,geometry
10427,S2521239__S2521239_0_BP1A2021,0,0,geometry
10428,S20-28924__S20-28924,0,1,geometry
10429,S2512685__S2512685_0_,0,1,geometry
10430,S2511010__S25-11010_0_BP1A2021_052642,1,1,geometry
10431,S16-17719__S16-17719,1,0,geometry
10432,S2511010__S25-11010_0_BP1A2021_052642,1,1,geometry
10433,S16-17719__S16-17719,1,0,geometry
10434,S2511010__S25-11010_0_BP1A2021_052642,1,1,geometry
10435,S2415689__S24-15689-_-BIOPSY,1,1,geometry
10436,S16-17719__S16-17719,1,0,geometry
10437,S20-26719__S20-26719,1,0,geometry
10438,S2424259__S2424259,0,1,geometry
10439,S2511010__S25-11010_0_BP1A2021_052642,1,0,geometry
10440,S2415689__S24-15689-_-BIOPSY,1,0,geometry
10441,S2530049__S2530049_0_BP1A2021,0,1,geometry
10442,S2531985__S2531985_0_BP1A2021,0,1,geometry
10443,S2520404__S2520404_0_BP1A2021,0,0,geometry
10444,S20-28924__S20-28924,0,0,geometry
10445,S2511010__S25-11010_0_BP1A2021_052642,1,1,geometry
10446,S2406753__S24-06753-_-DEEP_1,0,0,geometry
10447,S2346179__S23-46179-_-BIOPSY,1,1,geometry
10448,S20-28924__S20-28924,0,1,geometry
10449,S2227608__S22-27608-_-SERIAL_1,1,1,geometry
10450,S2229537__S22-29537-_-SERIAL_1,1,0,geometry
10451,S2229537__S22-29537-_-SERIAL_1,1,1,geometry
10452,S2227604__S22-27604-_-BIOPSY,1,1,geometry
10453,S2344462__S23-44462-_-BIOPSY,0,0,geometry
10454,S2527323__S2527323_0_BP1A2021,0,0,geometry
10455,S2524777__S2524777_0_BP1A2021,0,0,geometry
10456,S16-17719__S16-17719,1,0,geometry
10457,S2227608__S22-27608-_-SERIAL_2,1,0,geometry
10458,S2511010__S25-11010_0_BP1A2021_052642,1,1,geometry
10459,S2406753__S24-06753-_-DEEP_1,0,1,geometry
10460,S2516971__S25-16971____140945,0,1,geometry
10461,S20-26719__S20-26719,1,0,geometry
10462,S2511010__S25-11010_0_BP1A2021_052642,1,0,geometry
10463,S2520404__S2520404_0_BP1A2021,0,0,geometry
10464,S2516970__S25-16970____155248,1,0,geometry
10465,S2516971__S25-16971____140945,0,0,geometry
10466,S2424259__S2424259,0,0,geometry
10467,S2530981__S2530981_0_BP1A2021,0,0,geometry
10468,S2424259__S2424259,0,1,geometry
10469,S2516970__S25-16970____155248,1,0,geometry
10470,S2530049__S2530049_0_BP1A2021,0,1,geometry
10471,S2427695__S24-27695-_-BIOPSY,0,1,geometry
10472,S2526362__S2526362_0_BP1A2021,0,1,geometry
10473,S2346179__S23-46179-_-BIOPSY,1,0,geometry
10474,S2511010__S25-11010_0_BP1A2021_052642,1,1,geometry
10475,S2521239__S2521239_0_BP1A2021,0,0,geometry
10476,S2511007__S25-11007_0_BP1A2021_052433,0,0,geometry
10477,S2227608__S22-27608-_-SERIAL_1,1,1,geometry
10478,S2521239__S2521239_0_BP1A2021,0,1,geometry
10479,S2346179__S23-46179-_-BIOPSY,1,0,geometry
10480,S2406754__S24-06754-_-SERIAL_1,0,0,geometry
10481,S2516971__S25-16971____155423,0,0,geometry
10482,S2516971__S25-16971____140945,0,0,geometry
10483,S2516971__S25-16971____155423,0,0,geometry
10484,S2530049__S2530049_0_BP1A2021,0,1,geometry
10485,S2227604__S22-27604-_-BIOPSY,1,0,geometry
10486,S2227608__S22-27608-_-SERIAL_1,1,0,geometry
10487,S2526362__S2526362_0_BP1A2021,0,0,geometry
10488,S2406754__S24-06754-_-SERIAL_1,0,0,geometry
10489,S16-17719__S16-17719,1,0,geometry
10490,S2427695__S2427695_BP1B27_C_14045_3,0,1,geometry
10491,S2227608__S22-27608-_-SERIAL_2,1,0,geometry
10492,S16-17719__S16-17719,1,0,geometry
10493,S2511010__S25-11010_0_BP1A2021_052642,1,0,geometry
10494,S16-17719__S16-17719,1,1,geometry
10495,S2406754__S24-06754-_-DEEP_2,0,0,geometry
10496,S2227608__S22-27608-_-SERIAL_1,1,0,geometry
10497,S2528218__S2528218_0_BP1A2021,0,0,geometry
10498,S2526362__S2526362_0_BP1A2021,0,0,geometry
10499,S20-28924__S20-28924,0,0,geometry
10500,S2520404__S2520404_0_BP1A2021,0,0,geometry
10501,S2526362__S2526362_0_BP1A2021,0,0,geometry
10502,S2134277__S2134277,1,0,geometry
10503,S2227608__S22-27608-_-SERIAL_1,1,0,geometry
10504,S2531989__S2531989_0_BP1A2021,0,1,geometry
10505,S2247860__S22-47860-_-DEEP_1,1,0,geometry
10506,S2516970__S25-16970____155248,1,1,geometry
10507,S20-26719__S20-26719,1,1,geometry
10508,S2227604__S22-27604-_-BIOPSY,1,1,geometry
10509,S2511010__S25-11010_0_BP1A2021_052642,1,0,geometry
10510,S2516970__S25-16970____155248,1,0,geometry
10511,S2346179__S23-46179-_-BIOPSY,1,1,geometry
10512,S20-26719__S20-26719,1,0,geometry
10513,S2436457__S2436457_BP1B11_C_15540_2,0,1,geometry
10514,S2229537__S22-29537-_-SERIAL_1,1,0,geometry
10515,S2227604__S22-27604-_-BIOPSY,1,0,geometry
10516,S2527323__S2527323_0_BP1A2021,0,1,geometry
10517,S2346179__S23-46179-_-BIOPSY,1,1,geometry
10518,S2227604__S22-27604-_-BIOPSY,1,1,geometry
10519,S2531985__S2531985_0_BP1A2021,0,1,geometry
10520,S2511010__S25-11010_0_BP1A2021_052642,1,1,geometry
10521,S2516970__S25-16970____155248,1,0,geometry
10522,S2134277__S2134277,1,0,geometry
10523,S2516970__S25-16970____155248,1,1,geometry
10524,S2346179__S23-46179-_-BIOPSY,1,1,geometry
10525,S2527323__S2527323_0_BP1A2021,0,0,geometry
10526,S2344462__S23-44462-_-BIOPSY,0,1,geometry
10527,S2516970__S25-16970____155248,1,1,geometry
10528,S2134277__S2134277,1,0,geometry
10529,S2227608__S22-27608-_-SERIAL_1,1,0,geometry
10530,S2216630__S2216630--DEEP_1,0,1,geometry
10531,S20-26719__S20-26719,1,1,geometry
10532,S2134277__S2134277,1,1,geometry
10533,S2520402__S2520402_0_BP1A2021,0,0,geometry
10534,S2229537__S22-29537-_-SERIAL_1,1,0,geometry
10535,S2513846__S25-13846_0_BP1A2021_161650,0,1,geometry
10536,S2227604__S22-27604-_-BIOPSY,1,1,geometry
10537,S2134277__S2134277,1,0,geometry
10538,S16-17719__S16-17719,1,1,geometry
10539,S2512685__S2512685_0_,0,0,geometry
10540,S2511010__S25-11010_0_BP1A2021_052642,1,0,geometry
10541,S2511007__S25-11007_0_BP1A2021_052433,0,0,geometry
10542,S2415689__S24-15689-_-BIOPSY,1,0,geometry
10543,S19-40316__S19-40316,1,1,geometry
10544,S2229537__S22-29537-_-SERIAL_1,1,1,geometry
10545,S20-28924__S20-28924,0,1,geometry
10546,S20-26719__S20-26719,1,0,geometry
10547,S2346179__S23-46179-_-BIOPSY,1,0,geometry
10548,S2216630__S2216630--DEEP_1,0,0,geometry
10549,S2522994__S2522994_0_BP1A2021,0,0,geometry
10550,S2436457__S2436457_BP1B11_C_15540_2,0,0,geometry
10551,S16-17719__S16-17719,1,1,geometry
10552,S19-40316__S19-40316,1,0,geometry
10553,S2409392__S2409392,0,1,geometry
10554,S2511006__S25-11006_0_BP1A2021_052242,0,0,geometry
10555,S2528218__S2528218_0_BP1A2021,0,1,geometry
10556,S2516970__S25-16970____155248,1,1,geometry
10557,S19-40316__S19-40316,1,0,geometry
10558,S2530049__S2530049_0_BP1A2021,0,1,geometry
10559,S2516971__S25-16971____155423,0,0,geometry
10560,S2531985__S2531985_0_BP1A2021,0,1,geometry
10561,S20-28924__S20-28924,0,0,geometry
10562,S2227608__S22-27608-_-SERIAL_1,1,0,geometry
10563,S2511007__S25-11007_0_BP1A2021_052433,0,1,geometry
10564,S2406754__S24-06754-_-SERIAL_1,0,0,geometry
10565,S2530981__S2530981_0_BP1A2021,0,1,geometry
10566,S2134277__S2134277,1,0,geometry
10567,S2516970__S25-16970____155248,1,0,geometry
10568,S20-28924__S20-28924,0,0,geometry
10569,S2415689__S24-15689-_-BIOPSY,1,1,geometry
10570,S2424255__S2424255,0,0,geometry
10571,S2511010__S25-11010_0_BP1A2021_052642,1,1,geometry
10572,S2531985__S2531985_0_BP1A2021,0,1,geometry
10573,S20-26719__S20-26719,1,1,geometry
10574,S19-40316__S19-40316,1,0,geometry
10575,S2134277__S2134277,1,0,geometry
10576,S2409392__S2409392,0,0,geometry
10577,S2134277__S2134277,1,0,geometry
10578,S16-17719__S16-17719,1,1,geometry
10579,S2516970__S25-16970____155248,1,1,geometry
10580,S2227608__S22-27608-_-SERIAL_1,1,0,geometry
10581,S2237601__S22-37601-_-,0,0,geometry
10582,S2406753__S24-06753-_-SERIAL_2,0,0,geometry
10583,S16-17719__S16-17719,1,1,geometry
10584,S2528218__S2528218_0_BP1A2021,0,1,geometry
10585,S2516970__S25-16970____155248,1,0,geometry
10586,S2425843__S24-25843-_-BIOPSY,0,0,geometry
10587,S2247860__S22-47860-_-DEEP_1,1,0,geometry
10588,S20-28924__S20-28924,0,1,geometry
10589,S2516970__S25-16970____155248,1,0,geometry
10590,S2401283__S24-01283-_-BIOPSY,0,1,geometry
10591,S2406754__S24-06754-_-SERIAL_1,0,0,geometry
10592,S2513846__S25-13846_0_BP1A2021_161650,0,0,geometry
10593,S2409392__S2409392,0,1,geometry
10594,S2513848__S25-13848_0_BP1A2021_131436,0,1,geometry
10595,S2530981__S2530981_0_BP1A2021,0,1,geometry
10596,S2227608__S22-27608-_-SERIAL_1,1,1,geometry
10597,S2436457__S2436457_BP1B11_C_15540_2,0,0,geometry
10598,S2227608__S22-27608-_-SERIAL_2,1,1,geometry
10599,S2134277__S2134277,1,1,geometry
10600,S2530985__S2530985_0_BP1A2021,0,0,geometry
10601,S2406753__S24-06753-_-DEEP_1,0,0,geometry
10602,S2424255__S2424255,0,0,geometry
10603,S2530985__S2530985_0_BP1A2021,0,1,geometry
10604,S2247860__S22-47860-_-DEEP_1,1,0,geometry
10605,S2522994__S2522994_0_BP1A2021,0,0,geometry
10606,S2227604__S22-27604-_-BIOPSY,1,0,geometry
10607,S2247860__S22-47860-_-DEEP_1,1,1,geometry
10608,S2227608__S22-27608-_-SERIAL_2,1,1,geometry
10609,S2406754__S24-06754-_-SERIAL_1,0,1,geometry
10610,S20-26719__S20-26719,1,1,geometry
10611,S19-40316__S19-40316,1,1,geometry
10612,S2346179__S23-46179-_-BIOPSY,1,1,geometry
10613,S2406753__S24-06753-_-DEEP_1,0,0,geometry
10614,S2521239__S2521239_0_BP1A2021,0,1,geometry
10615,S20-26719__S20-26719,1,0,geometry
10616,S2216630__S2216630--DEEP_1,0,1,geometry
10617,S2529112__S2529112_0_BP1A2021,0,1,geometry
10618,S20-26719__S20-26719,1,1,geometry
10619,S2415689__S24-15689-_-BIOPSY,1,1,geometry
10620,S2227608__S22-27608-_-SERIAL_2,1,0,geometry
10621,S2406754__S24-06754-_-DEEP_2,0,1,geometry
10622,S2511010__S25-11010_0_BP1A2021_052642,1,1,geometry
10623,S16-17719__S16-17719,1,1,geometry
10624,S2415689__S24-15689-_-BIOPSY,1,1,geometry
10625,S2229537__S22-29537-_-SERIAL_1,1,0,geometry
10626,S2229537__S22-29537-_-SERIAL_1,1,0,geometry
10627,S2512685__S2512685_0_,0,0,geometry
10628,S16-17719__S16-17719,1,1,geometry
10629,S2529112__S2529112_0_BP1A2021,0,1,geometry
10630,S2424255__S2424255,0,0,geometry
10631,S2227608__S22-27608-_-SERIAL_1,1,0,geometry
10632,S2512685__S2512685_0_,0,1,geometry
10633,S2406753__S24-06753-_-SERIAL_2,0,0,geometry
10634,S2415689__S24-15689-_-BIOPSY,1,1,geometry
10635,S2406754__S24-06754-_-DEEP_2,0,0,geometry
10636,S2227608__S22-27608-_-SERIAL_1,1,0,geometry
10637,S2511006__S25-11006_0_BP1A2021_052242,0,0,geometry
10638,S16-17719__S16-17719,1,0,geometry
10639,S2516970__S25-16970____155248,1,1,geometry
10640,S2516970__S25-16970____155248,1,1,geometry
10641,S19-40316__S19-40316,1,1,geometry
10642,S2406753__S24-06753-_-SERIAL_2,0,0,geometry
10643,S2406753__S24-06753-_-DEEP_1,0,0,geometry
10644,S2227608__S22-27608-_-SERIAL_2,1,1,geometry
10645,S19-40316__S19-40316,1,1,geometry
10646,S20-26719__S20-26719,1,0,geometry
10647,S2415689__S24-15689-_-BIOPSY,1,1,geometry
10648,S2528218__S2528218_0_BP1A2021,0,1,geometry
10649,S2227608__S22-27608-_-SERIAL_2,1,0,geometry
10650,S2229537__S22-29537-_-SERIAL_1,1,1,geometry
10651,S19-40316__S19-40316,1,1,geometry
10652,S2227608__S22-27608-_-SERIAL_2,1,1,geometry
10653,S2227604__S22-27604-_-BIOPSY,1,1,geometry
10654,S2427695__S2427695_BP1B27_C_14045_3,0,0,geometry
10655,S2516971__S25-16971____140945,0,0,geometry
10656,S2415689__S24-15689-_-BIOPSY,1,1,geometry
10657,S2247860__S22-47860-_-DEEP_1,1,0,geometry
10658,S2346179__S23-46179-_-BIOPSY,1,0,geometry
10659,S2531989__S2531989_0_BP1A2021,0,0,geometry
10660,S2409392__S2409392,0,0,geometry
10661,S19-40316__S19-40316,1,0,geometry
10662,S2516970__S25-16970____155248,1,0,geometry
10663,S2227608__S22-27608-_-SERIAL_2,1,0,geometry
10664,S2247860__S22-47860-_-DEEP_1,1,1,geometry
10665,S2424258__S2424258,0,1,geometry
10666,S19-40316__S19-40316,1,0,geometry
10667,S2424255__S2424255,0,1,geometry
10668,S2406753__S24-06753-_-SERIAL_2,0,0,geometry
10669,S2524760__S2524760_0_BP1A2021,0,0,geometry
10670,S2512685__S2512685_0_,0,0,geometry
10671,S19-40316__S19-40316,1,0,geometry
10672,S2406754__S24-06754-_-DEEP_2,0,1,geometry
10673,S2216630__S2216630--DEEP_1,0,0,geometry
10674,S2406754__S24-06754-_-SERIAL_1,0,0,geometry
10675,S2530985__S2530985_0_BP1A2021,0,0,geometry
10676,S2530985__S2530985_0_BP1A2021,0,1,geometry
10677,S2531985__S2531985_0_BP1A2021,0,0,geometry
10678,S2427695__S2427695_BP1B27_C_14045_3,0,1,geometry
10679,S20-26719__S20-26719,1,0,geometry
10680,S2529112__S2529112_0_BP1A2021,0,0,geometry
10681,S2511009__S25-11009_0_BP1A2021_052542,0,0,geometry
10682,S2247860__S22-47860-_-DEEP_1,1,1,geometry
10683,S2227608__S22-27608-_-SERIAL_1,1,1,geometry
10684,S16-17719__S16-17719,1,0,geometry
10685,S2511007__S25-11007_0_BP1A2021_052433,0,1,geometry
10686,S2346179__S23-46179-_-BIOPSY,1,0,geometry
10687,S2535840__S2535840_0_BP1A2021,0,1,geometry
10688,S2427695__S24-27695-_-BIOPSY,0,1,geometry
10689,S2227608__S22-27608-_-SERIAL_1,1,1,geometry
10690,S2516971__S25-16971____140945,0,1,geometry
10691,S2247860__S22-47860-_-DEEP_1,1,1,geometry
10692,S2406753__S24-06753-_-DEEP_1,0,1,geometry
10693,S2229537__S22-29537-_-SERIAL_1,1,0,geometry
10694,S16-17719__S16-17719,1,0,geometry
10695,S2512685__S2512685_0_,0,0,geometry
10696,S2516971__S25-16971____140945,0,0,geometry
10697,S19-40316__S19-40316,1,0,geometry
10698,S2227608__S22-27608-_-SERIAL_1,1,0,geometry
10699,S16-17719__S16-17719,1,0,geometry
10700,S2247860__S22-47860-_-DEEP_1,1,1,geometry
10701,S2530049__S2530049_0_BP1A2021,0,1,geometry
10702,S2528218__S2528218_0_BP1A2021,0,1,geometry
10703,S2415689__S24-15689-_-BIOPSY,1,1,geometry
10704,S2530981__S2530981_0_BP1A2021,0,0,geometry
10705,S2227604__S22-27604-_-BIOPSY,1,1,geometry
10706,S2513848__S25-13848_0_BP1A2021_131436,0,0,geometry
10707,S2227608__S22-27608-_-SERIAL_1,1,1,geometry
10708,S2229537__S22-29537-_-SERIAL_1,1,1,geometry
10709,S20-28924__S20-28924,0,1,geometry
10710,S2227608__S22-27608-_-SERIAL_1,1,1,geometry
10711,S2237601__S22-37601-_-,0,0,geometry
10712,S2227608__S22-27608-_-SERIAL_1,1,0,geometry
10713,S2401283__S24-01283-_-BIOPSY,0,1,geometry
10714,S2424259__S2424259,0,1,geometry
10715,S2516970__S25-16970____155248,1,0,geometry
10716,S2535840__S2535840_0_BP1A2021,0,1,geometry
10717,S2520402__S2520402_0_BP1A2021,0,1,geometry
10718,S2526362__S2526362_0_BP1A2021,0,0,geometry
10719,S2424258__S2424258,0,1,geometry
10720,S2134277__S2134277,1,1,geometry
10721,S20-26719__S20-26719,1,1,geometry
10722,S2520404__S2520404_0_BP1A2021,0,0,geometry
10723,S2513848__S25-13848_0_BP1A2021_131436,0,1,geometry
10724,S2227604__S22-27604-_-BIOPSY,1,0,geometry
10725,S2227608__S22-27608-_-SERIAL_2,1,0,geometry
10726,S2237601__S22-37601-_-,0,0,geometry
10727,S2516970__S25-16970____155248,1,1,geometry
10728,S2227608__S22-27608-_-SERIAL_1,1,0,geometry
10729,S19-40316__S19-40316,1,1,geometry
10730,S2227608__S22-27608-_-SERIAL_2,1,0,geometry
10731,S2401283__S24-01283-_-BIOPSY,0,0,geometry
10732,S2511010__S25-11010_0_BP1A2021_052642,1,0,geometry
10733,S2227608__S22-27608-_-SERIAL_1,1,1,geometry
10734,S2409392__S2409392,0,0,geometry
10735,S16-17719__S16-17719,1,0,geometry
10736,S2530049__S2530049_0_BP1A2021,0,1,geometry
10737,S2229537__S22-29537-_-SERIAL_1,1,0,geometry
10738,S16-17719__S16-17719,1,0,geometry
10739,S2346179__S23-46179-_-BIOPSY,1,1,geometry
10740,S2513846__S25-13846_0_BP1A2021_161650,0,1,geometry
10741,S2406753__S24-06753-_-SERIAL_2,0,1,geometry
10742,S2511006__S25-11006_0_BP1A2021_052242,0,1,geometry
10743,S2427695__S2427695_BP1B27_C_14045_3,0,1,geometry
10744,S2436457__S2436457_BP1B11_C_15540_2,0,0,geometry
10745,S2229537__S22-29537-_-SERIAL_1,1,1,geometry
10746,S2227604__S22-27604-_-BIOPSY,1,0,geometry
10747,S2528218__S2528218_0_BP1A2021,0,0,geometry
10748,S2529112__S2529112_0_BP1A2021,0,1,geometry
10749,S2346179__S23-46179-_-BIOPSY,1,1,geometry
10750,S2229537__S22-29537-_-SERIAL_1,1,0,geometry
10751,S2511010__S25-11010_0_BP1A2021_052642,1,1,geometry
10752,S19-40316__S19-40316,1,1,geometry
10753,S2513848__S25-13848_0_BP1A2021_131436,0,1,geometry
10754,S19-40316__S19-40316,1,1,geometry
10755,S2346179__S23-46179-_-BIOPSY,1,0,geometry
10756,S2216630__S2216630--DEEP_1,0,0,geometry
10757,S2227608__S22-27608-_-SERIAL_1,1,0,geometry
10758,S16-17719__S16-17719,1,0,geometry
10759,S2227608__S22-27608-_-SERIAL_2,1,1,geometry
10760,S2415689__S24-15689-_-BIOPSY,1,0,geometry
10761,S19-40316__S19-40316,1,0,geometry
10762,S2511010__S25-11010_0_BP1A2021_052642,1,1,geometry
10763,S2227608__S22-27608-_-SERIAL_1,1,1,geometry
10764,S2227604__S22-27604-_-BIOPSY,1,1,geometry
10765,S2227608__S22-27608-_-SERIAL_2,1,1,geometry
10766,S2527323__S2527323_0_BP1A2021,0,1,geometry
10767,S2524760__S2524760_0_BP1A2021,0,1,geometry
10768,S2229537__S22-29537-_-SERIAL_1,1,1,geometry
10769,S2516970__S25-16970____155248,1,1,geometry
10770,S2513846__S25-13846_0_BP1A2021_131523,0,0,geometry
10771,S2524777__S2524777_0_BP1A2021,0,0,geometry
10772,S16-17719__S16-17719,1,0,geometry
10773,S2427695__S24-27695-_-BIOPSY,0,1,geometry
10774,S2229537__S22-29537-_-SERIAL_1,1,1,geometry
10775,S2526362__S2526362_0_BP1A2021,0,1,geometry
10776,S2513846__S25-13846_0_BP1A2021_131523,0,1,geometry
10777,S2227604__S22-27604-_-BIOPSY,1,0,geometry
10778,S2401283__S24-01283-_-BIOPSY,0,1,geometry
10779,S2530049__S2530049_0_BP1A2021,0,0,geometry
10780,S2511010__S25-11010_0_BP1A2021_052642,1,1,geometry
10781,S2535840__S2535840_0_BP1A2021,0,1,geometry
10782,S2530049__S2530049_0_BP1A2021,0,0,geometry
10783,S2530981__S2530981_0_BP1A2021,0,1,geometry
10784,S2227608__S22-27608-_-SERIAL_2,1,1,geometry
10785,S2516970__S25-16970____155248,1,0,geometry
10786,S19-40316__S19-40316,1,1,geometry
10787,S2516970__S25-16970____155248,1,1,geometry
10788,S2227608__S22-27608-_-SERIAL_1,1,0,geometry
10789,S2424259__S2424259,0,0,geometry
10790,S2524777__S2524777_0_BP1A2021,0,0,geometry
10791,S2346179__S23-46179-_-BIOPSY,1,1,geometry
10792,S2530985__S2530985_0_BP1A2021,0,0,geometry
10793,S16-17719__S16-17719,1,1,geometry
10794,S2227608__S22-27608-_-SERIAL_1,1,1,geometry
10795,S2227608__S22-27608-_-SERIAL_2,1,0,geometry
10796,S2425843__S24-25843-_-BIOPSY,0,0,geometry
10797,S16-17719__S16-17719,1,1,geometry
10798,S2530049__S2530049_0_BP1A2021,0,0,geometry
10799,S2229537__S22-29537-_-SERIAL_1,1,0,geometry
10800,S2134277__S2134277,1,0,geometry
10801,S16-17719__S16-17719,1,1,geometry
10802,S2527323__S2527323_0_BP1A2021,0,1,geometry
10803,S2425843__S24-25843-_-BIOPSY,0,0,geometry
10804,S2227604__S22-27604-_-BIOPSY,1,0,geometry
10805,S2346179__S23-46179-_-BIOPSY,1,1,geometry
10806,S2247860__S22-47860-_-DEEP_1,1,1,geometry
10807,S2525436__S2525436_0_BP1A2021,0,0,geometry
10808,S2247860__S22-47860-_-DEEP_1,1,0,geometry
10809,S2227608__S22-27608-_-SERIAL_2,1,1,geometry
10810,S16-17719__S16-17719,1,1,geometry
10811,S2522994__S2522994_0_BP1A2021,0,1,geometry
10812,S16-17719__S16-17719,1,0,geometry
10813,S2346179__S23-46179-_-BIOPSY,1,0,geometry
10814,S2530049__S2530049_0_BP1A2021,0,1,geometry
10815,S2415689__S24-15689-_-BIOPSY,1,0,geometry
10816,S2227608__S22-27608-_-SERIAL_1,1,1,geometry
10817,S2513846__S25-13846_0_BP1A2021_161650,0,0,geometry
10818,S2401283__S24-01283-_-BIOPSY,0,0,geometry
10819,S2526362__S2526362_0_BP1A2021,0,1,geometry
10820,S2346179__S23-46179-_-BIOPSY,1,0,geometry
10821,S2524760__S2524760_0_BP1A2021,0,0,geometry
10822,S2511010__S25-11010_0_BP1A2021_052642,1,0,geometry
10823,S2134277__S2134277,1,0,geometry
10824,S2520404__S2520404_0_BP1A2021,0,1,geometry
10825,S2512685__S2512685_0_,0,1,geometry
10826,S2134277__S2134277,1,0,geometry
10827,S2227608__S22-27608-_-SERIAL_2,1,1,geometry
10828,S2406754__S24-06754-_-SERIAL_1,0,1,geometry
10829,S2424258__S2424258,0,0,geometry
10830,S2344462__S23-44462-_-BIOPSY,0,1,geometry
10831,S2227608__S22-27608-_-SERIAL_1,1,0,geometry
10832,S2528218__S2528218_0_BP1A2021,0,0,geometry
10833,S2511010__S25-11010_0_BP1A2021_052642,1,0,geometry
10834,S2513846__S25-13846_0_BP1A2021_161650,0,1,geometry
10835,S2531989__S2531989_0_BP1A2021,0,1,geometry
10836,S2511009__S25-11009_0_BP1A2021_052542,0,1,geometry
10837,S2512685__S2512685_0_,0,1,geometry
10838,S2134277__S2134277,1,0,geometry
10839,S2516970__S25-16970____155248,1,0,geometry
10840,S2513846__S25-13846_0_BP1A2021_161650,0,1,geometry
10841,S2227608__S22-27608-_-SERIAL_2,1,0,geometry
10842,S2134277__S2134277,1,1,geometry
10843,S16-17719__S16-17719,1,0,geometry
10844,S2134277__S2134277,1,1,geometry
10845,S2530049__S2530049_0_BP1A2021,0,0,geometry
10846,S19-40316__S19-40316,1,0,geometry
10847,S2436457__S2436457_BP1B11_C_15540_2,0,0,geometry
10848,S2401283__S24-01283-_-BIOPSY,0,1,geometry
10849,S2511010__S25-11010_0_BP1A2021_052642,1,0,geometry
10850,S2511007__S25-11007_0_BP1A2021_052433,0,1,geometry
10851,S20-28924__S20-28924,0,0,geometry
10852,S2511010__S25-11010_0_BP1A2021_052642,1,0,geometry
10853,S2406754__S24-06754-_-DEEP_2,0,1,geometry
10854,S2406753__S24-06753-_-DEEP_1,0,0,geometry
10855,S19-40316__S19-40316,1,0,geometry
10856,S2409392__S2409392,0,1,geometry
10857,S2406754__S24-06754-_-DEEP_2,0,1,geometry
10858,S2520404__S2520404_0_BP1A2021,0,1,geometry
10859,S19-40316__S19-40316,1,1,geometry
10860,S2516970__S25-16970____155248,1,0,geometry
10861,S2344462__S23-44462-_-BIOPSY,0,0,geometry
10862,S2425843__S24-25843-_-BIOPSY,0,0,geometry
10863,S2531985__S2531985_0_BP1A2021,0,1,geometry
10864,S2524777__S2524777_0_BP1A2021,0,0,geometry
10865,S2513846__S25-13846_0_BP1A2021_161650,0,1,geometry
10866,S2415689__S24-15689-_-BIOPSY,1,0,geometry
10867,S2227608__S22-27608-_-SERIAL_2,1,0,geometry
10868,S2247860__S22-47860-_-DEEP_1,1,1,geometry
10869,S2526362__S2526362_0_BP1A2021,0,1,geometry
10870,S2530981__S2530981_0_BP1A2021,0,0,geometry
10871,S2406753__S24-06753-_-DEEP_1,0,1,geometry
10872,S2134277__S2134277,1,1,geometry
10873,S2247860__S22-47860-_-DEEP_1,1,0,geometry
10874,S2520404__S2520404_0_BP1A2021,0,1,geometry
10875,S20-28924__S20-28924,0,0,geometry
10876,S2528218__S2528218_0_BP1A2021,0,0,geometry
10877,S2530049__S2530049_0_BP1A2021,0,1,geometry
10878,S19-40316__S19-40316,1,1,geometry
10879,S2520404__S2520404_0_BP1A2021,0,1,geometry
10880,S2134277__S2134277,1,1,geometry
10881,S20-26719__S20-26719,1,0,geometry
10882,S2227608__S22-27608-_-SERIAL_1,1,1,geometry
10883,S2511007__S25-11007_0_BP1A2021_052433,0,1,geometry
10884,S2227604__S22-27604-_-BIOPSY,1,1,geometry
10885,S19-40316__S19-40316,1,0,geometry
10886,S2521239__S2521239_0_BP1A2021,0,1,geometry
10887,S2522994__S2522994_0_BP1A2021,0,1,geometry
10888,S19-40316__S19-40316,1,0,geometry
10889,S20-28924__S20-28924,0,1,geometry
10890,S2344462__S23-44462-_-BIOPSY,0,0,geometry
10891,S2406753__S24-06753-_-SERIAL_2,0,0,geometry
10892,S2229537__S22-29537-_-SERIAL_1,1,1,geometry
10893,S2216630__S2216630--DEEP_1,0,1,geometry
10894,S16-17719__S16-17719,1,0,geometry
10895,S2227608__S22-27608-_-SERIAL_2,1,0,geometry
10896,S2513846__S25-13846_0_BP1A2021_131523,0,0,geometry
10897,S2227608__S22-27608-_-SERIAL_2,1,0,geometry
10898,S2528218__S2528218_0_BP1A2021,0,1,geometry
10899,S2526362__S2526362_0_BP1A2021,0,1,geometry
10900,S2415689__S24-15689-_-BIOPSY,1,0,geometry
10901,S20-26719__S20-26719,1,1,geometry
10902,S2516970__S25-16970____155248,1,0,geometry
10903,S2512685__S2512685_0_,0,1,geometry
10904,S2530985__S2530985_0_BP1A2021,0,1,geometry
10905,S2134277__S2134277,1,0,geometry
10906,S2516970__S25-16970____155248,1,1,geometry
10907,S2529112__S2529112_0_BP1A2021,0,1,geometry
10908,S2511007__S25-11007_0_BP1A2021_052433,0,1,geometry
10909,S2511006__S25-11006_0_BP1A2021_052242,0,1,geometry
10910,S2531989__S2531989_0_BP1A2021,0,0,geometry
10911,S16-17719__S16-17719,1,1,geometry
10912,S20-26719__S20-26719,1,1,geometry
10913,S2525436__S2525436_0_BP1A2021,0,1,geometry
10914,S20-28924__S20-28924,0,1,geometry
10915,S2134277__S2134277,1,0,geometry
10916,S2229537__S22-29537-_-SERIAL_1,1,1,geometry
10917,S20-28924__S20-28924,0,1,geometry
10918,S2516971__S25-16971____155423,0,1,geometry
10919,S2424255__S2424255,0,0,geometry
10920,S2216630__S2216630--DEEP_1,0,0,geometry
10921,S2528218__S2528218_0_BP1A2021,0,1,geometry
10922,S2424255__S2424255,0,1,geometry
10923,S2344462__S23-44462-_-BIOPSY,0,0,geometry
10924,S2516971__S25-16971____155423,0,0,geometry
10925,S2401283__S24-01283-_-BIOPSY,0,0,geometry
10926,S2511006__S25-11006_0_BP1A2021_052242,0,1,geometry
10927,S2530981__S2530981_0_BP1A2021,0,0,geometry
10928,S2516971__S25-16971____155423,0,0,geometry
10929,S2524777__S2524777_0_BP1A2021,0,0,geometry
10930,S2511010__S25-11010_0_BP1A2021_052642,1,1,geometry
10931,S2530985__S2530985_0_BP1A2021,0,0,geometry
10932,S2531985__S2531985_0_BP1A2021,0,1,geometry
10933,S2521239__S2521239_0_BP1A2021,0,1,geometry
10934,S2529112__S2529112_0_BP1A2021,0,1,geometry
10935,S2511010__S25-11010_0_BP1A2021_052642,1,1,geometry
10936,S2425843__S24-25843-_-BIOPSY,0,0,geometry
10937,S2134277__S2134277,1,0,geometry
10938,S16-17719__S16-17719,1,1,geometry
10939,S2531989__S2531989_0_BP1A2021,0,0,geometry
10940,S2427695__S2427695_BP1B27_C_14045_3,0,1,geometry
10941,S2512685__S2512685_0_,0,0,geometry
10942,S16-17719__S16-17719,1,1,geometry
10943,S2516971__S25-16971____155423,0,1,geometry
10944,S2531989__S2531989_0_BP1A2021,0,1,geometry
10945,S2526362__S2526362_0_BP1A2021,0,1,geometry
10946,S2516970__S25-16970____155248,1,0,geometry
10947,S2427695__S2427695_BP1B27_C_14045_3,0,1,geometry
10948,S2511010__S25-11010_0_BP1A2021_052642,1,1,geometry
10949,S2524760__S2524760_0_BP1A2021,0,0,geometry
10950,S2511010__S25-11010_0_BP1A2021_052642,1,1,geometry
10951,S20-26719__S20-26719,1,0,geometry
10952,S2511006__S25-11006_0_BP1A2021_052242,0,0,geometry
10953,S2227604__S22-27604-_-BIOPSY,1,1,geometry
10954,S2229537__S22-29537-_-SERIAL_1,1,1,geometry
10955,S16-17719__S16-17719,1,0,geometry
10956,S2511010__S25-11010_0_BP1A2021_052642,1,0,geometry
10957,S2516970__S25-16970____155248,1,1,geometry
10958,S2401283__S24-01283-_-BIOPSY,0,0,geometry
10959,S2415689__S24-15689-_-BIOPSY,1,0,geometry
10960,S2531985__S2531985_0_BP1A2021,0,1,geometry
10961,S2406754__S24-06754-_-DEEP_2,0,0,geometry
10962,S2520404__S2520404_0_BP1A2021,0,1,geometry
10963,S2227608__S22-27608-_-SERIAL_2,1,0,geometry
10964,S2227608__S22-27608-_-SERIAL_1,1,0,geometry
10965,S2516970__S25-16970____155248,1,0,geometry
10966,S2529112__S2529112_0_BP1A2021,0,1,geometry
10967,S2530985__S2530985_0_BP1A2021,0,1,geometry
10968,S2247860__S22-47860-_-DEEP_1,1,1,geometry
10969,S2346179__S23-46179-_-BIOPSY,1,1,geometry
10970,S2346179__S23-46179-_-BIOPSY,1,1,geometry
10971,S2237601__S22-37601-_-,0,1,geometry
10972,S2531989__S2531989_0_BP1A2021,0,1,geometry
10973,S16-17719__S16-17719,1,0,geometry
10974,S2401283__S24-01283-_-BIOPSY,0,0,geometry
10975,S2247860__S22-47860-_-DEEP_1,1,1,geometry
10976,S2237601__S22-37601-_-,0,1,geometry
10977,S2227604__S22-27604-_-BIOPSY,1,1,geometry
10978,S2227604__S22-27604-_-BIOPSY,1,0,geometry
10979,S2346179__S23-46179-_-BIOPSY,1,1,geometry
10980,S2511006__S25-11006_0_BP1A2021_052242,0,0,geometry
10981,S2406754__S24-06754-_-DEEP_2,0,1,geometry
10982,S2511006__S25-11006_0_BP1A2021_052242,0,1,geometry
10983,S2529112__S2529112_0_BP1A2021,0,1,geometry
10984,S2346179__S23-46179-_-BIOPSY,1,0,geometry
10985,S2415689__S24-15689-_-BIOPSY,1,0,geometry
10986,S2520404__S2520404_0_BP1A2021,0,0,geometry
10987,S2425843__S24-25843-_-BIOPSY,0,0,geometry
10988,S2247860__S22-47860-_-DEEP_1,1,1,geometry
10989,S2346179__S23-46179-_-BIOPSY,1,1,geometry
10990,S2424258__S2424258,0,0,geometry
10991,S2511010__S25-11010_0_BP1A2021_052642,1,0,geometry
10992,S2247860__S22-47860-_-DEEP_1,1,1,geometry
10993,S2512685__S2512685_0_,0,0,geometry
10994,S16-17719__S16-17719,1,1,geometry
10995,S2511007__S25-11007_0_BP1A2021_052433,0,1,geometry
10996,S2247860__S22-47860-_-DEEP_1,1,1,geometry
10997,S2530981__S2530981_0_BP1A2021,0,0,geometry
10998,S2409392__S2409392,0,1,geometry
10999,S16-17719__S16-17719,1,1,geometry
11000,S2525436__S2525436_0_BP1A2021,0,1,geometry
11001,S2521239__S2521239_0_BP1A2021,0,0,geometry
11002,S19-40316__S19-40316,1,1,geometry
11003,S2415689__S24-15689-_-BIOPSY,1,1,geometry
11004,S2406754__S24-06754-_-SERIAL_1,0,0,geometry
11005,S2520404__S2520404_0_BP1A2021,0,1,geometry
11006,S2229537__S22-29537-_-SERIAL_1,1,1,geometry
11007,S2527323__S2527323_0_BP1A2021,0,0,geometry
11008,S2409392__S2409392,0,0,geometry
11009,S2134277__S2134277,1,0,geometry
11010,S2247860__S22-47860-_-DEEP_1,1,1,geometry
11011,S2247860__S22-47860-_-DEEP_1,1,1,geometry
11012,S19-40316__S19-40316,1,1,geometry
11013,S2530991__S2530991_0_BP1A2021,0,0,geometry
11014,S2344462__S23-44462-_-BIOPSY,0,1,geometry
11015,S2229537__S22-29537-_-SERIAL_1,1,0,geometry
11016,S2229537__S22-29537-_-SERIAL_1,1,0,geometry
11017,S2406753__S24-06753-_-DEEP_1,0,0,geometry
11018,S19-40316__S19-40316,1,0,geometry
11019,S19-40316__S19-40316,1,1,geometry
11020,S2227608__S22-27608-_-SERIAL_2,1,0,geometry
11021,S2415689__S24-15689-_-BIOPSY,1,1,geometry
11022,S2530981__S2530981_0_BP1A2021,0,1,geometry
11023,S2516971__S25-16971____140945,0,0,geometry
11024,S2424255__S2424255,0,0,geometry
11025,S2247860__S22-47860-_-DEEP_1,1,1,geometry
11026,S2513846__S25-13846_0_BP1A2021_161650,0,1,geometry
11027,S2247860__S22-47860-_-DEEP_1,1,1,geometry
11028,S2227604__S22-27604-_-BIOPSY,1,0,geometry
11029,S2530981__S2530981_0_BP1A2021,0,1,geometry
11030,S2229537__S22-29537-_-SERIAL_1,1,1,geometry
11031,S2516971__S25-16971____155423,0,0,geometry
11032,S2227608__S22-27608-_-SERIAL_1,1,0,geometry
11033,S2529112__S2529112_0_BP1A2021,0,0,geometry
11034,S2346179__S23-46179-_-BIOPSY,1,1,geometry
11035,S2530985__S2530985_0_BP1A2021,0,0,geometry
11036,S2237601__S22-37601-_-,0,0,geometry
11037,S2227608__S22-27608-_-SERIAL_1,1,1,geometry
11038,S2511010__S25-11010_0_BP1A2021_052642,1,1,geometry
11039,S2513846__S25-13846_0_BP1A2021_131523,0,1,geometry
11040,S16-17719__S16-17719,1,0,geometry
11041,S2511010__S25-11010_0_BP1A2021_052642,1,0,geometry
11042,S2237601__S22-37601-_-,0,0,geometry
11043,S2346179__S23-46179-_-BIOPSY,1,1,geometry
11044,S2529112__S2529112_0_BP1A2021,0,1,geometry
11045,S2344462__S23-44462-_-BIOPSY,0,1,geometry
11046,S2530981__S2530981_0_BP1A2021,0,1,geometry
11047,S2427695__S24-27695-_-BIOPSY,0,0,geometry
11048,S19-40316__S19-40316,1,0,geometry
11049,S2516971__S25-16971____155423,0,1,geometry
11050,S2415689__S24-15689-_-BIOPSY,1,1,geometry
11051,S2516970__S25-16970____155248,1,1,geometry
11052,S19-40316__S19-40316,1,0,geometry
11053,S2406753__S24-06753-_-DEEP_1,0,1,geometry
11054,S2424258__S2424258,0,0,geometry
11055,S2346179__S23-46179-_-BIOPSY,1,1,geometry
11056,S2227604__S22-27604-_-BIOPSY,1,0,geometry
11057,S2529112__S2529112_0_BP1A2021,0,0,geometry
11058,S2227604__S22-27604-_-BIOPSY,1,0,geometry
11059,S2227608__S22-27608-_-SERIAL_1,1,0,geometry
11060,S2227608__S22-27608-_-SERIAL_1,1,0,geometry
11061,S2526362__S2526362_0_BP1A2021,0,1,geometry
11062,S2415689__S24-15689-_-BIOPSY,1,0,geometry
11063,S2346179__S23-46179-_-BIOPSY,1,1,geometry
11064,S20-26719__S20-26719,1,0,geometry
11065,S2406753__S24-06753-_-SERIAL_2,0,0,geometry
11066,S2436457__S2436457_BP1B11_C_15540_2,0,1,geometry
11067,S2227608__S22-27608-_-SERIAL_2,1,0,geometry
11068,S19-40316__S19-40316,1,0,geometry
11069,S2427695__S24-27695-_-BIOPSY,0,0,geometry
11070,S2530985__S2530985_0_BP1A2021,0,1,geometry
11071,S2227608__S22-27608-_-SERIAL_1,1,0,geometry
11072,S20-28924__S20-28924,0,1,geometry
11073,S2511009__S25-11009_0_BP1A2021_052542,0,1,geometry
11074,S2520402__S2520402_0_BP1A2021,0,1,geometry
11075,S2134277__S2134277,1,1,geometry
11076,S2511006__S25-11006_0_BP1A2021_052242,0,0,geometry
11077,S2424259__S2424259,0,1,geometry
11078,S2530991__S2530991_0_BP1A2021,0,1,geometry
11079,S2513846__S25-13846_0_BP1A2021_131523,0,0,geometry
11080,S2346179__S23-46179-_-BIOPSY,1,0,geometry
11081,S2227608__S22-27608-_-SERIAL_2,1,1,geometry
11082,S2535840__S2535840_0_BP1A2021,0,0,geometry
11083,S2525436__S2525436_0_BP1A2021,0,0,geometry
11084,S2227608__S22-27608-_-SERIAL_1,1,0,geometry
11085,S2227608__S22-27608-_-SERIAL_1,1,1,geometry
11086,S2427695__S24-27695-_-BIOPSY,0,1,geometry
11087,S2424255__S2424255,0,0,geometry
11088,S20-26719__S20-26719,1,0,geometry
11089,S2520404__S2520404_0_BP1A2021,0,1,geometry
11090,S2247860__S22-47860-_-DEEP_1,1,0,geometry
11091,S2516971__S25-16971____140945,0,0,geometry
11092,S2415689__S24-15689-_-BIOPSY,1,0,geometry
11093,S20-28924__S20-28924,0,0,geometry
11094,S19-40316__S19-40316,1,0,geometry
11095,S2227608__S22-27608-_-SERIAL_1,1,1,geometry
11096,S19-40316__S19-40316,1,1,geometry
11097,S2229537__S22-29537-_-SERIAL_1,1,0,geometry
11098,S2516970__S25-16970____155248,1,1,geometry
11099,S2227608__S22-27608-_-SERIAL_2,1,1,geometry
11100,S20-26719__S20-26719,1,1,geometry
11101,S20-28924__S20-28924,0,0,geometry
11102,S2227604__S22-27604-_-BIOPSY,1,1,geometry
11103,S2511006__S25-11006_0_BP1A2021_052242,0,0,geometry
11104,S2516970__S25-16970____155248,1,1,geometry
11105,S2427695__S24-27695-_-BIOPSY,0,0,geometry
11106,S2406753__S24-06753-_-SERIAL_2,0,1,geometry
11107,S2346179__S23-46179-_-BIOPSY,1,0,geometry
11108,S2227608__S22-27608-_-SERIAL_1,1,1,geometry
11109,S2247860__S22-47860-_-DEEP_1,1,1,geometry
11110,S2516970__S25-16970____155248,1,0,geometry
11111,S2516971__S25-16971____140945,0,1,geometry
11112,S16-17719__S16-17719,1,1,geometry
11113,S2406753__S24-06753-_-DEEP_1,0,0,geometry
11114,S2513846__S25-13846_0_BP1A2021_161650,0,1,geometry
11115,S19-40316__S19-40316,1,0,geometry
11116,S2406754__S24-06754-_-SERIAL_1,0,0,geometry
11117,S2216630__S2216630--DEEP_1,0,1,geometry
11118,S19-40316__S19-40316,1,1,geometry
11119,S2237601__S22-37601-_-,0,0,geometry
11120,S16-17719__S16-17719,1,0,geometry
11121,S2513846__S25-13846_0_BP1A2021_131523,0,1,geometry
11122,S2134277__S2134277,1,1,geometry
11123,S2409392__S2409392,0,1,geometry
11124,S16-17719__S16-17719,1,1,geometry
11125,S2530985__S2530985_0_BP1A2021,0,1,geometry
11126,S2511010__S25-11010_0_BP1A2021_052642,1,1,geometry
11127,S2346179__S23-46179-_-BIOPSY,1,0,geometry
11128,S2346179__S23-46179-_-BIOPSY,1,1,geometry
11129,S2520402__S2520402_0_BP1A2021,0,0,geometry
11130,S2134277__S2134277,1,1,geometry
11131,S2516971__S25-16971____155423,0,1,geometry
11132,S2527323__S2527323_0_BP1A2021,0,1,geometry
11133,S2521239__S2521239_0_BP1A2021,0,0,geometry
11134,S2216630__S2216630--DEEP_1,0,1,geometry
11135,S2530991__S2530991_0_BP1A2021,0,0,geometry
11136,S2524777__S2524777_0_BP1A2021,0,0,geometry
11137,S2415689__S24-15689-_-BIOPSY,1,0,geometry
11138,S2530981__S2530981_0_BP1A2021,0,1,geometry
11139,S2516971__S25-16971____155423,0,1,geometry
11140,S2526362__S2526362_0_BP1A2021,0,1,geometry
11141,S2521239__S2521239_0_BP1A2021,0,1,geometry
11142,S2520404__S2520404_0_BP1A2021,0,0,geometry
11143,S2531985__S2531985_0_BP1A2021,0,1,geometry
11144,S2511010__S25-11010_0_BP1A2021_052642,1,1,geometry
11145,S2344462__S23-44462-_-BIOPSY,0,1,geometry
11146,S16-17719__S16-17719,1,0,geometry
11147,S2415689__S24-15689-_-BIOPSY,1,1,geometry
11148,S2511006__S25-11006_0_BP1A2021_052242,0,0,geometry
11149,S2424258__S2424258,0,0,geometry
11150,S2227604__S22-27604-_-BIOPSY,1,1,geometry
11151,S2409392__S2409392,0,1,geometry
11152,S2526362__S2526362_0_BP1A2021,0,1,geometry
11153,S2227608__S22-27608-_-SERIAL_2,1,0,geometry
11154,S2229537__S22-29537-_-SERIAL_1,1,1,geometry
11155,S2247860__S22-47860-_-DEEP_1,1,0,geometry
11156,S2409392__S2409392,0,1,geometry
11157,S2516971__S25-16971____140945,0,0,geometry
11158,S2406753__S24-06753-_-DEEP_1,0,0,geometry
11159,S2513848__S25-13848_0_BP1A2021_131436,0,0,geometry
11160,S2529112__S2529112_0_BP1A2021,0,1,geometry
11161,S2401283__S24-01283-_-BIOPSY,0,1,geometry
11162,S2227608__S22-27608-_-SERIAL_1,1,0,geometry
11163,S2520402__S2520402_0_BP1A2021,0,1,geometry
11164,S19-40316__S19-40316,1,0,geometry
11165,S2530981__S2530981_0_BP1A2021,0,0,geometry
11166,S16-17719__S16-17719,1,0,geometry
11167,S2415689__S24-15689-_-BIOPSY,1,0,geometry
11168,S2535840__S2535840_0_BP1A2021,0,0,geometry
11169,S2401283__S24-01283-_-BIOPSY,0,1,geometry
11170,S2344462__S23-44462-_-BIOPSY,0,1,geometry
11171,S2424258__S2424258,0,0,geometry
11172,S2415689__S24-15689-_-BIOPSY,1,0,geometry
11173,S2511010__S25-11010_0_BP1A2021_052642,1,0,geometry
11174,S2530049__S2530049_0_BP1A2021,0,1,geometry
11175,S2229537__S22-29537-_-SERIAL_1,1,1,geometry
11176,S2530991__S2530991_0_BP1A2021,0,0,geometry
11177,S2346179__S23-46179-_-BIOPSY,1,0,geometry
11178,S2522994__S2522994_0_BP1A2021,0,0,geometry
11179,S2516970__S25-16970____155248,1,1,geometry
11180,S2516971__S25-16971____140945,0,0,geometry
11181,S2406753__S24-06753-_-DEEP_1,0,1,geometry
11182,S2134277__S2134277,1,1,geometry
11183,S2511010__S25-11010_0_BP1A2021_052642,1,0,geometry
11184,S2247860__S22-47860-_-DEEP_1,1,1,geometry
11185,S2134277__S2134277,1,1,geometry
11186,S2227608__S22-27608-_-SERIAL_2,1,0,geometry
11187,S2227604__S22-27604-_-BIOPSY,1,0,geometry
11188,S2247860__S22-47860-_-DEEP_1,1,1,geometry
11189,S2522994__S2522994_0_BP1A2021,0,1,geometry
11190,S2237601__S22-37601-_-,0,0,geometry
11191,S2531989__S2531989_0_BP1A2021,0,0,geometry
11192,S2134277__S2134277,1,1,geometry
11193,S2346179__S23-46179-_-BIOPSY,1,0,geometry
11194,S2525436__S2525436_0_BP1A2021,0,0,geometry
11195,S2530981__S2530981_0_BP1A2021,0,0,geometry
11196,S2530049__S2530049_0_BP1A2021,0,1,geometry
11197,S16-17719__S16-17719,1,1,geometry
11198,S2227604__S22-27604-_-BIOPSY,1,0,geometry
11199,S2511006__S25-11006_0_BP1A2021_052242,0,0,geometry
11200,S2513846__S25-13846_0_BP1A2021_161650,0,0,geometry
11201,S2516970__S25-16970____155248,1,0,geometry
11202,S2436457__S2436457_BP1B11_C_15540_2,0,1,geometry
11203,S2527323__S2527323_0_BP1A2021,0,0,geometry
11204,S2229537__S22-29537-_-SERIAL_1,1,0,geometry
11205,S2401283__S24-01283-_-BIOPSY,0,1,geometry
11206,S2516971__S25-16971____140945,0,1,geometry
11207,S2511010__S25-11010_0_BP1A2021_052642,1,0,geometry
11208,S2227608__S22-27608-_-SERIAL_1,1,0,geometry
11209,S2229537__S22-29537-_-SERIAL_1,1,1,geometry
11210,S20-26719__S20-26719,1,1,geometry
11211,S2406753__S24-06753-_-DEEP_1,0,0,geometry
11212,S2247860__S22-47860-_-DEEP_1,1,1,geometry
11213,S2427695__S2427695_BP1B27_C_14045_3,0,1,geometry
11214,S16-17719__S16-17719,1,1,geometry
11215,S16-17719__S16-17719,1,0,geometry
11216,S2216630__S2216630--DEEP_1,0,0,geometry
11217,S2229537__S22-29537-_-SERIAL_1,1,0,geometry
11218,S2524760__S2524760_0_BP1A2021,0,1,geometry
11219,S2227608__S22-27608-_-SERIAL_2,1,0,geometry
11220,S2134277__S2134277,1,0,geometry
11221,S2229537__S22-29537-_-SERIAL_1,1,1,geometry
11222,S2530991__S2530991_0_BP1A2021,0,0,geometry
11223,S2511009__S25-11009_0_BP1A2021_052542,0,0,geometry
11224,S2529112__S2529112_0_BP1A2021,0,0,geometry
11225,S2511010__S25-11010_0_BP1A2021_052642,1,0,geometry
11226,S2227608__S22-27608-_-SERIAL_2,1,0,geometry
11227,S20-28924__S20-28924,0,1,geometry
11228,S2436457__S2436457_BP1B11_C_15540_2,0,0,geometry
11229,S2406753__S24-06753-_-DEEP_1,0,1,geometry
11230,S2427695__S24-27695-_-BIOPSY,0,1,geometry
11231,S2525436__S2525436_0_BP1A2021,0,0,geometry
11232,S2409392__S2409392,0,0,geometry
11233,S2227604__S22-27604-_-BIOPSY,1,0,geometry
11234,S2526362__S2526362_0_BP1A2021,0,0,geometry
11235,S20-28924__S20-28924,0,0,geometry
11236,S20-26719__S20-26719,1,0,geometry
11237,S2526362__S2526362_0_BP1A2021,0,1,geometry
11238,S2527323__S2527323_0_BP1A2021,0,1,geometry
11239,S2516970__S25-16970____155248,1,0,geometry
11240,S2247860__S22-47860-_-DEEP_1,1,1,geometry
11241,S2415689__S24-15689-_-BIOPSY,1,0,geometry
11242,S2525436__S2525436_0_BP1A2021,0,0,geometry
11243,S2424255__S2424255,0,1,geometry
11244,S16-17719__S16-17719,1,0,geometry
11245,S2530985__S2530985_0_BP1A2021,0,1,geometry
11246,S2247860__S22-47860-_-DEEP_1,1,1,geometry
11247,S2524777__S2524777_0_BP1A2021,0,0,geometry
11248,S2346179__S23-46179-_-BIOPSY,1,1,geometry
11249,S2511007__S25-11007_0_BP1A2021_052433,0,1,geometry
11250,S2516970__S25-16970____155248,1,1,geometry
11251,S19-40316__S19-40316,1,1,geometry
11252,S2524760__S2524760_0_BP1A2021,0,1,geometry
11253,S2346179__S23-46179-_-BIOPSY,1,1,geometry
11254,S19-40316__S19-40316,1,1,geometry
11255,S2516970__S25-16970____155248,1,0,geometry
11256,S2346179__S23-46179-_-BIOPSY,1,0,geometry
11257,S2531989__S2531989_0_BP1A2021,0,0,geometry
11258,S2247860__S22-47860-_-DEEP_1,1,0,geometry
11259,S2522994__S2522994_0_BP1A2021,0,0,geometry
11260,S2436457__S2436457_BP1B11_C_15540_2,0,0,geometry
11261,S2520404__S2520404_0_BP1A2021,0,0,geometry
11262,S2424258__S2424258,0,0,geometry
11263,S2516970__S25-16970____155248,1,0,geometry
11264,S2511007__S25-11007_0_BP1A2021_052433,0,1,geometry
11265,S2424259__S2424259,0,1,geometry
11266,S2227608__S22-27608-_-SERIAL_1,1,1,geometry
11267,S2227608__S22-27608-_-SERIAL_1,1,0,geometry
11268,S2227604__S22-27604-_-BIOPSY,1,1,geometry
11269,S2409392__S2409392,0,1,geometry
11270,S2516971__S25-16971____140945,0,1,geometry
11271,S2134277__S2134277,1,0,geometry
11272,S16-17719__S16-17719,1,1,geometry
11273,S2528218__S2528218_0_BP1A2021,0,0,geometry
11274,S2530981__S2530981_0_BP1A2021,0,1,geometry
11275,S2406754__S24-06754-_-DEEP_2,0,1,geometry
11276,S2227604__S22-27604-_-BIOPSY,1,1,geometry
11277,S2530981__S2530981_0_BP1A2021,0,1,geometry
11278,S2227604__S22-27604-_-BIOPSY,1,0,geometry
11279,S2427695__S24-27695-_-BIOPSY,0,0,geometry
11280,S2247860__S22-47860-_-DEEP_1,1,0,geometry
11281,S2511010__S25-11010_0_BP1A2021_052642,1,0,geometry
11282,S2511010__S25-11010_0_BP1A2021_052642,1,0,geometry
11283,S2227608__S22-27608-_-SERIAL_2,1,0,geometry
11284,S2415689__S24-15689-_-BIOPSY,1,0,geometry
11285,S2531985__S2531985_0_BP1A2021,0,1,geometry
11286,S16-17719__S16-17719,1,1,geometry
11287,S2427695__S24-27695-_-BIOPSY,0,1,geometry
11288,S2237601__S22-37601-_-,0,0,geometry
11289,S2520402__S2520402_0_BP1A2021,0,0,geometry
11290,S2513846__S25-13846_0_BP1A2021_161650,0,1,geometry
11291,S2531989__S2531989_0_BP1A2021,0,1,geometry
11292,S2527323__S2527323_0_BP1A2021,0,0,geometry
11293,S2520402__S2520402_0_BP1A2021,0,0,geometry
11294,S2516970__S25-16970____155248,1,0,geometry
11295,S2528218__S2528218_0_BP1A2021,0,0,geometry
11296,S2513846__S25-13846_0_BP1A2021_161650,0,1,geometry
11297,S2227608__S22-27608-_-SERIAL_2,1,0,geometry
11298,S2415689__S24-15689-_-BIOPSY,1,1,geometry
11299,S2513848__S25-13848_0_BP1A2021_131436,0,1,geometry
11300,S20-26719__S20-26719,1,1,geometry
11301,S2529112__S2529112_0_BP1A2021,0,1,geometry
11302,S2134277__S2134277,1,1,geometry
11303,S2524760__S2524760_0_BP1A2021,0,0,geometry
11304,S2227604__S22-27604-_-BIOPSY,1,1,geometry
11305,S2229537__S22-29537-_-SERIAL_1,1,1,geometry
11306,S2415689__S24-15689-_-BIOPSY,1,0,geometry
11307,S2424259__S2424259,0,0,geometry
11308,S2526362__S2526362_0_BP1A2021,0,0,geometry
11309,S2247860__S22-47860-_-DEEP_1,1,1,geometry
11310,S16-17719__S16-17719,1,1,geometry
11311,S2425843__S24-25843-_-BIOPSY,0,1,geometry
11312,S2516970__S25-16970____155248,1,0,geometry
11313,S2346179__S23-46179-_-BIOPSY,1,0,geometry
11314,S2346179__S23-46179-_-BIOPSY,1,1,geometry
11315,S2227604__S22-27604-_-BIOPSY,1,0,geometry
11316,S2526362__S2526362_0_BP1A2021,0,0,geometry
11317,S2516970__S25-16970____155248,1,1,geometry
11318,S2229537__S22-29537-_-SERIAL_1,1,0,geometry
11319,S2424255__S2424255,0,0,geometry
11320,S2216630__S2216630--DEEP_1,0,1,geometry
11321,S2346179__S23-46179-_-BIOPSY,1,1,geometry
11322,S2521239__S2521239_0_BP1A2021,0,1,geometry
11323,S2229537__S22-29537-_-SERIAL_1,1,0,geometry
11324,S2424255__S2424255,0,1,geometry
11325,S20-26719__S20-26719,1,1,geometry
11326,S2516970__S25-16970____155248,1,0,geometry
11327,S2516970__S25-16970____155248,1,1,geometry
11328,S2216630__S2216630--DEEP_1,0,1,geometry
11329,S19-40316__S19-40316,1,1,geometry
11330,S2424258__S2424258,0,0,geometry
11331,S16-17719__S16-17719,1,0,geometry
11332,S2346179__S23-46179-_-BIOPSY,1,1,geometry
11333,S2229537__S22-29537-_-SERIAL_1,1,0,geometry
11334,S2227608__S22-27608-_-SERIAL_2,1,0,geometry
11335,S2406753__S24-06753-_-SERIAL_2,0,1,geometry
11336,S2346179__S23-46179-_-BIOPSY,1,1,geometry
11337,S2227608__S22-27608-_-SERIAL_2,1,0,geometry
11338,S19-40316__S19-40316,1,0,geometry
11339,S16-17719__S16-17719,1,1,geometry
11340,S2227608__S22-27608-_-SERIAL_2,1,0,geometry
11341,S2346179__S23-46179-_-BIOPSY,1,0,geometry
11342,S2406753__S24-06753-_-SERIAL_2,0,0,geometry
11343,S2511010__S25-11010_0_BP1A2021_052642,1,1,geometry
11344,S2531985__S2531985_0_BP1A2021,0,0,geometry
11345,S2346179__S23-46179-_-BIOPSY,1,0,geometry
11346,S2406753__S24-06753-_-SERIAL_2,0,1,geometry
11347,S19-40316__S19-40316,1,1,geometry
11348,S2134277__S2134277,1,1,geometry
11349,S2415689__S24-15689-_-BIOPSY,1,1,geometry
11350,S2525436__S2525436_0_BP1A2021,0,0,geometry
11351,S2530049__S2530049_0_BP1A2021,0,1,geometry
11352,S2530981__S2530981_0_BP1A2021,0,0,geometry
11353,S16-17719__S16-17719,1,1,geometry
11354,S2526362__S2526362_0_BP1A2021,0,1,geometry
11355,S2531985__S2531985_0_BP1A2021,0,1,geometry
11356,S2229537__S22-29537-_-SERIAL_1,1,0,geometry
11357,S2520402__S2520402_0_BP1A2021,0,0,geometry
11358,S2415689__S24-15689-_-BIOPSY,1,0,geometry
11359,S2427695__S24-27695-_-BIOPSY,0,0,geometry
11360,S2511007__S25-11007_0_BP1A2021_052433,0,0,geometry
11361,S2516970__S25-16970____155248,1,0,geometry
11362,S2229537__S22-29537-_-SERIAL_1,1,1,geometry
11363,S2521239__S2521239_0_BP1A2021,0,0,geometry
11364,S2513848__S25-13848_0_BP1A2021_131436,0,0,geometry
11365,S2531985__S2531985_0_BP1A2021,0,0,geometry
11366,S2516970__S25-16970____155248,1,1,geometry
11367,S2511010__S25-11010_0_BP1A2021_052642,1,1,geometry
11368,S2530991__S2530991_0_BP1A2021,0,1,geometry
11369,S2227608__S22-27608-_-SERIAL_1,1,1,geometry
11370,S2530991__S2530991_0_BP1A2021,0,1,geometry
11371,S2134277__S2134277,1,0,geometry
11372,S2216630__S2216630--DEEP_1,0,1,geometry
11373,S2227608__S22-27608-_-SERIAL_2,1,0,geometry
11374,S2424258__S2424258,0,0,geometry
11375,S2530981__S2530981_0_BP1A2021,0,1,geometry
11376,S2406753__S24-06753-_-DEEP_1,0,1,geometry
11377,S2344462__S23-44462-_-BIOPSY,0,0,geometry
11378,S2424255__S2424255,0,1,geometry
11379,S2513846__S25-13846_0_BP1A2021_161650,0,1,geometry
11380,S2511010__S25-11010_0_BP1A2021_052642,1,1,geometry
11381,S2227608__S22-27608-_-SERIAL_2,1,1,geometry
11382,S2527323__S2527323_0_BP1A2021,0,1,geometry
11383,S2424255__S2424255,0,0,geometry
11384,S2530049__S2530049_0_BP1A2021,0,0,geometry
11385,S2527323__S2527323_0_BP1A2021,0,1,geometry
11386,S20-26719__S20-26719,1,0,geometry
11387,S2424258__S2424258,0,0,geometry
11388,S2229537__S22-29537-_-SERIAL_1,1,1,geometry
11389,S2525436__S2525436_0_BP1A2021,0,1,geometry
11390,S20-26719__S20-26719,1,1,geometry
11391,S16-17719__S16-17719,1,0,geometry
11392,S2511010__S25-11010_0_BP1A2021_052642,1,1,geometry
11393,S2415689__S24-15689-_-BIOPSY,1,1,geometry
11394,S2516971__S25-16971____140945,0,0,geometry
11395,S2525436__S2525436_0_BP1A2021,0,0,geometry
11396,S2415689__S24-15689-_-BIOPSY,1,0,geometry
11397,S2424259__S2424259,0,0,geometry
11398,S2227608__S22-27608-_-SERIAL_2,1,0,geometry
11399,S2520402__S2520402_0_BP1A2021,0,0,geometry
