family,group,task,scale,seed,events,positive_events,prevalence,auroc,pr_auc,pr_auc_lift,threshold,tp,fp,tn,fn,precision,f1,mcc,sensitivity,specificity,balanced_accuracy,sensitivity_at_specificity_90,sensitivity_at_specificity_95,patients,positive_patients,f2,npv,brier,brier_positive,brier_negative,balanced_brier,log_loss
previous,previous_agnostic,acr_high,40x,1,575,14,0.02434782608695652,0.8832442067736186,0.2523487625041336,10.364324174276915,0.5,4,12,549,10,0.25,0.26666666666666666,0.24769429590776054,0.2857142857142857,0.9786096256684492,0.6321619556913675,0.7142857142857143,0.5714285714285714,133,11,0.2777777777777778,0.9821109123434705,0.02993600084484814,0.5206679165777657,0.017689571575220966,0.26917874407649334,0.13277689367229997
previous,previous_agnostic,acr_high,40x,11,575,14,0.02434782608695652,0.9433409727527375,0.27315515648969324,11.21887249868383,0.5,4,12,549,10,0.25,0.26666666666666666,0.24769429590776054,0.2857142857142857,0.9786096256684492,0.6321619556913675,0.8571428571428571,0.5714285714285714,133,11,0.2777777777777778,0.9821109123434705,0.028998469528279232,0.49882735560155733,0.017273684492582455,0.2580505200470699,0.13399456733619416
previous,previous_agnostic,acr_high,40x,21,575,14,0.02434782608695652,0.8901196842373313,0.3708813006715376,15.232624849009579,0.5,4,7,554,10,0.36363636363636365,0.32,0.30743150745591935,0.2857142857142857,0.9875222816399287,0.6366182836771073,0.6428571428571429,0.5714285714285714,133,11,0.29850746268656714,0.9822695035460993,0.0242577996094486,0.5994482551567345,0.009903670594008308,0.3046759628753714,0.10690655825682971
previous,previous_agnostic,acr_high,40x,31,575,14,0.02434782608695652,0.8353705118411001,0.16624197054771153,6.827795218923867,0.5,2,8,553,12,0.2,0.16666666666666666,0.15161832742078615,0.14285714285714285,0.9857397504456328,0.5642984466513878,0.5714285714285714,0.5714285714285714,133,11,0.15151515151515152,0.9787610619469026,0.028618507700165698,0.7005886185688689,0.011849200120554576,0.35621890934471173,0.11470146499538254
previous,previous_agnostic,acr_high,40x,41,575,14,0.02434782608695652,0.8668194550547491,0.1688894801083098,6.936532218734152,0.5,2,8,553,12,0.2,0.16666666666666666,0.15161832742078615,0.14285714285714285,0.9857397504456328,0.5642984466513878,0.6428571428571429,0.42857142857142855,133,11,0.15151515151515152,0.9787610619469026,0.029689159711600716,0.6194573190554377,0.014971237731540613,0.31721427839348915,0.13042739427871855
previous,previous_nomask,acr_high,40x,1,575,14,0.02434782608695652,0.8922841864018335,0.29302723067541486,12.035046974168825,0.5,5,9,552,9,0.35714285714285715,0.35714285714285715,0.34110007639419404,0.35714285714285715,0.983957219251337,0.670550038197097,0.8571428571428571,0.7857142857142857,133,11,0.35714285714285715,0.983957219251337,0.027077997249895104,0.467198332162733,0.016094602082729805,0.24164646712273138,0.13423995005222986
previous,previous_nomask,acr_high,40x,11,575,14,0.02434782608695652,0.8715304303539598,0.31667217177400137,13.006178483575056,0.5,5,6,555,9,0.45454545454545453,0.4,0.3898048144396815,0.35714285714285715,0.9893048128342246,0.6732238349885409,0.7857142857142857,0.7142857142857143,133,11,0.373134328358209,0.9840425531914894,0.022420745052227003,0.5036076890373239,0.010412514721048116,0.257010101879186,0.1316765782875534
previous,previous_nomask,acr_high,40x,21,575,14,0.02434782608695652,0.8712757830404889,0.39754719335397243,16.327831155609584,0.5,4,6,555,10,0.4,0.3333333333333333,0.32425305666227533,0.2857142857142857,0.9893048128342246,0.6375095492742551,0.7857142857142857,0.7142857142857143,133,11,0.30303030303030304,0.9823008849557522,0.021054122806793786,0.5626215160116816,0.007539071995976616,0.2850802940038291,0.09986884790216015
previous,previous_nomask,acr_high,40x,31,575,14,0.02434782608695652,0.9056531703590528,0.44951659002762406,18.462288518991702,0.5,8,6,555,6,0.5714285714285714,0.5714285714285714,0.5607333842627961,0.5714285714285714,0.9893048128342246,0.780366692131398,0.8571428571428571,0.8571428571428571,133,11,0.5714285714285714,0.9893048128342246,0.017532117787865006,0.39806424476326097,0.00803577237314924,0.2030500085682051,0.0907222092706848
previous,previous_nomask,acr_high,40x,41,575,14,0.02434782608695652,0.890628978864273,0.28277781683473613,11.614088905712377,0.5,4,6,555,10,0.4,0.3333333333333333,0.32425305666227533,0.2857142857142857,0.9893048128342246,0.6375095492742551,0.7142857142857143,0.6428571428571429,133,11,0.30303030303030304,0.9823008849557522,0.02313516654859929,0.5756909479201177,0.009345895712233415,0.29251842181617554,0.10711220591334708
previous,previous_aware,acr_high,40x,1,575,14,0.02434782608695652,0.8730583142347849,0.3775890514595912,15.508121756376068,0.5,7,9,552,7,0.4375,0.4666666666666667,0.4535096429409431,0.5,0.983957219251337,0.7419786096256684,0.7857142857142857,0.7857142857142857,133,11,0.4861111111111111,0.9874776386404294,0.023415424845687073,0.3905872747169081,0.014252490980808117,0.2024198828488581,0.11993745410059505
previous,previous_aware,acr_high,40x,11,575,14,0.02434782608695652,0.8750954927425516,0.22769540812132932,9.351775690697455,0.5,3,3,558,11,0.5,0.3,0.3169066657856422,0.21428571428571427,0.9946524064171123,0.6044690603514132,0.5714285714285714,0.5,133,11,0.24193548387096775,0.9806678383128296,0.023368745364095573,0.6863510701923831,0.006823731910270215,0.3465874010513266,0.11181214190023966
previous,previous_aware,acr_high,40x,21,575,14,0.02434782608695652,0.9307359307359306,0.2852918731595202,11.717344790480293,0.5,6,11,550,8,0.35294117647058826,0.3870967741935484,0.37212472608823155,0.42857142857142855,0.9803921568627451,0.7044817927170868,0.7857142857142857,0.6428571428571429,133,11,0.410958904109589,0.985663082437276,0.0258430720480295,0.5146632935029138,0.013644349943986037,0.2641538217234499,0.10437423443475555
previous,previous_aware,acr_high,40x,31,575,14,0.02434782608695652,0.8925388337153043,0.2974838941073134,12.218088507978944,0.5,3,13,548,11,0.1875,0.2,0.17908918023003303,0.21428571428571427,0.9768270944741533,0.5955564043799337,0.7857142857142857,0.7857142857142857,133,11,0.20833333333333334,0.9803220035778175,0.02788641572114485,0.5518885163894675,0.01480971445669473,0.2833491154230811,0.10818554492610494
previous,previous_aware,acr_high,40x,41,575,14,0.02434782608695652,0.8962312197606315,0.2710065913397108,11.130627858595265,0.5,4,10,551,10,0.2857142857142857,0.2857142857142857,0.2678889737713267,0.2857142857142857,0.982174688057041,0.6339444868856634,0.8571428571428571,0.6428571428571429,133,11,0.2857142857142857,0.982174688057041,0.027567794750215605,0.5762193786372245,0.013875954867117339,0.2950476667521709,0.11338123247879693
presence,presence_zero,acr_high,40x,1,575,14,0.02434782608695652,0.875859434682964,0.25018134169181205,10.275305105199424,0.5,4,8,553,10,0.3333333333333333,0.3076923076923077,0.2926826182448124,0.2857142857142857,0.9857397504456328,0.6357270180799592,0.7857142857142857,0.5714285714285714,133,11,0.29411764705882354,0.9822380106571936,0.027716301731634852,0.6362869482587948,0.012529155472490044,0.3244080518656424,0.16094102584303543
presence,presence_zero,acr_high,40x,11,575,14,0.02434782608695652,0.8964858670741023,0.276744064025266,11.366274058180569,0.5,5,13,548,9,0.2777777777777778,0.3125,0.29558949258053707,0.35714285714285715,0.9768270944741533,0.6669849758085052,0.7142857142857143,0.7142857142857143,133,11,0.33783783783783783,0.9838420107719928,0.02705598953073618,0.5218767634490883,0.014707521019404753,0.2682921422342465,0.11075388593092274
presence,presence_zero,acr_high,40x,21,575,14,0.02434782608695652,0.8724216959511077,0.31906260017370736,13.104356792848694,0.5,4,9,552,10,0.3076923076923077,0.2962962962962963,0.2796022573701254,0.2857142857142857,0.983957219251337,0.6348357524828113,0.7142857142857143,0.5714285714285714,133,11,0.2898550724637681,0.9822064056939501,0.027744074998830966,0.5527076165898376,0.014643380556274654,0.28367549857305613,0.11411797022040883
presence,presence_zero,acr_high,40x,31,575,14,0.02434782608695652,0.8703845174433411,0.27647610299502323,11.355268515867026,0.5,4,8,553,10,0.3333333333333333,0.3076923076923077,0.2926826182448124,0.2857142857142857,0.9857397504456328,0.6357270180799592,0.7142857142857143,0.6428571428571429,133,11,0.29411764705882354,0.9822380106571936,0.02583547081169154,0.587868654743354,0.011809687255464668,0.2998391709994094,0.11114840448674329
presence,presence_zero,acr_high,40x,41,575,14,0.02434782608695652,0.9135472370766489,0.37347229088023703,15.33904051829545,0.5,7,6,555,7,0.5384615384615384,0.5185185185185185,0.5073236426219981,0.5,0.9893048128342246,0.7446524064171123,0.7857142857142857,0.5714285714285714,133,11,0.5072463768115942,0.9875444839857651,0.021664884951997015,0.4282396292282506,0.01151863464920281,0.2198791319387267,0.10440927525242347
presence,presence_aware,acr_high,40x,1,575,14,0.02434782608695652,0.8971224853577795,0.2853343500829006,11.719089378404846,0.5,5,9,552,9,0.35714285714285715,0.35714285714285715,0.34110007639419404,0.35714285714285715,0.983957219251337,0.670550038197097,0.6428571428571429,0.5714285714285714,133,11,0.35714285714285715,0.983957219251337,0.026643269074957506,0.5309430100616223,0.01405824880078049,0.27250062943120135,0.1309776681881602
presence,presence_aware,acr_high,40x,11,575,14,0.02434782608695652,0.9239877769289533,0.29238337215163024,12.0086027847991,0.5,4,10,551,10,0.2857142857142857,0.2857142857142857,0.2678889737713267,0.2857142857142857,0.982174688057041,0.6339444868856634,0.8571428571428571,0.6428571428571429,133,11,0.2857142857142857,0.982174688057041,0.026627083219073384,0.5090531909800987,0.014587929014698424,0.26182055999739856,0.10642099431302993
presence,presence_aware,acr_high,40x,21,575,14,0.02434782608695652,0.899414311179017,0.3059477021461343,12.56570919528766,0.5,4,7,554,10,0.36363636363636365,0.32,0.30743150745591935,0.2857142857142857,0.9875222816399287,0.6366182836771073,0.7857142857142857,0.6428571428571429,133,11,0.29850746268656714,0.9822695035460993,0.023046926796640936,0.5279379827832873,0.010447149998400209,0.26919256639084377,0.09777979839485508
presence,presence_aware,acr_high,40x,31,575,14,0.02434782608695652,0.9201680672268907,0.36330831792436336,14.921591629036353,0.5,5,12,549,9,0.29411764705882354,0.3225806451612903,0.30550837568327105,0.35714285714285715,0.9786096256684492,0.6678762414056532,0.8571428571428571,0.7857142857142857,133,11,0.3424657534246575,0.9838709677419355,0.02719887192830355,0.4792241258704978,0.015918384307642728,0.24757125508907027,0.09842009334240223
presence,presence_aware,acr_high,40x,41,575,14,0.02434782608695652,0.8593073593073594,0.2110805680497837,8.66938047347326,0.5,5,8,553,9,0.38461538461538464,0.37037037037037035,0.3555093857874163,0.35714285714285715,0.9857397504456328,0.6714413037942449,0.5714285714285714,0.35714285714285715,133,11,0.36231884057971014,0.9839857651245552,0.027230062865438602,0.6122355168657253,0.012630996277196157,0.3124332565714607,0.12004732481885032
patch,patch_cap2048,acr_high,40x,1,575,14,0.02434782608695652,0.8603259485612427,0.3490582567187541,14.336321258091687,0.5,5,8,553,9,0.38461538461538464,0.37037037037037035,0.3555093857874163,0.35714285714285715,0.9857397504456328,0.6714413037942449,0.7857142857142857,0.7142857142857143,133,11,0.36231884057971014,0.9839857651245552,0.024503312477504577,0.5677147058942946,0.010947234923431387,0.289330970408863,0.12745593970024705
patch,patch_cap2048,acr_high,40x,11,575,14,0.02434782608695652,0.9055258467023172,0.343733251690294,14.11761569442279,0.5,5,8,553,9,0.38461538461538464,0.37037037037037035,0.3555093857874163,0.35714285714285715,0.9857397504456328,0.6714413037942449,0.8571428571428571,0.8571428571428571,133,11,0.36231884057971014,0.9839857651245552,0.022948961634326654,0.5260041214111698,0.01039500042777442,0.2681995609194721,0.120362904882429
patch,patch_cap2048,acr_high,40x,21,575,14,0.02434782608695652,0.812070282658518,0.31106375731021146,12.775832889526543,0.5,5,9,552,9,0.35714285714285715,0.35714285714285715,0.34110007639419404,0.35714285714285715,0.983957219251337,0.670550038197097,0.6428571428571429,0.5714285714285714,133,11,0.35714285714285715,0.983957219251337,0.025039483356011343,0.5223243281181863,0.012629522880662951,0.26747692549942464,0.11522349923431596
patch,patch_cap2048,acr_high,40x,31,575,14,0.02434782608695652,0.8996689584924878,0.33944332848523817,13.941422419929426,0.5,4,6,555,10,0.4,0.3333333333333333,0.32425305666227533,0.2857142857142857,0.9893048128342246,0.6375095492742551,0.7857142857142857,0.6428571428571429,133,11,0.30303030303030304,0.9823008849557522,0.022313792925247527,0.5709775735458186,0.008621648667336662,0.2897996111065776,0.11205281763411194
patch,patch_cap2048,acr_high,40x,41,575,14,0.02434782608695652,0.8537051184110008,0.32843568698358305,13.489322858254305,0.5,4,8,553,10,0.3333333333333333,0.3076923076923077,0.2926826182448124,0.2857142857142857,0.9857397504456328,0.6357270180799592,0.6428571428571429,0.42857142857142855,133,11,0.29411764705882354,0.9822380106571936,0.025683330646928484,0.5766989218360778,0.011932495929195703,0.29431570888263675,0.10960787309313506
patch,patch_cap4096,acr_high,40x,1,575,14,0.02434782608695652,0.8248026483320602,0.27036413212088767,11.104241140679315,0.5,5,13,548,9,0.2777777777777778,0.3125,0.29558949258053707,0.35714285714285715,0.9768270944741533,0.6669849758085052,0.5714285714285714,0.5714285714285714,133,11,0.33783783783783783,0.9838420107719928,0.032660663881841065,0.541803697826024,0.019954777116745585,0.28087923747138477,0.15332388332302793
patch,patch_cap4096,acr_high,40x,11,575,14,0.02434782608695652,0.893684746625923,0.3101619402635033,12.738793975108171,0.5,3,7,554,11,0.3,0.25,0.23793569204153073,0.21428571428571427,0.9875222816399287,0.6009039979628215,0.7857142857142857,0.7142857142857143,133,11,0.22727272727272727,0.9805309734513274,0.023798392652643108,0.5944993769980087,0.009556300351689237,0.30202783867484895,0.11753704845502319
patch,patch_cap4096,acr_high,40x,21,575,14,0.02434782608695652,0.8838808250572956,0.30311267313173834,12.449270503624968,0.5,6,8,553,8,0.42857142857142855,0.42857142857142855,0.4143111790170614,0.42857142857142855,0.9857397504456328,0.7071555895085306,0.7142857142857143,0.6428571428571429,133,11,0.42857142857142855,0.9857397504456328,0.024489663983874643,0.5370630286155105,0.011698171818379273,0.2743806002169449,0.11110984873746745
patch,patch_cap4096,acr_high,40x,31,575,14,0.02434782608695652,0.8758594346829641,0.33902591741180044,13.924278750841804,0.5,5,9,552,9,0.35714285714285715,0.35714285714285715,0.34110007639419404,0.35714285714285715,0.983957219251337,0.670550038197097,0.7142857142857143,0.7142857142857143,133,11,0.35714285714285715,0.983957219251337,0.02398235587790263,0.5216493076040833,0.011562859756393661,0.2666060836802385,0.11396744626916629
patch,patch_cap4096,acr_high,40x,41,575,14,0.02434782608695652,0.914183855360326,0.33296555901591174,13.675371173867804,0.5,5,4,557,9,0.5555555555555556,0.43478260869565216,0.434610106299984,0.35714285714285715,0.9928698752228164,0.6750063661828368,0.8571428571428571,0.5714285714285714,133,11,0.38461538461538464,0.9840989399293286,0.02018327025878638,0.5151956187001547,0.007830020921568636,0.26151281981086166,0.09270193133881556
historical_gold,historical_gold_acr_high_40x_agnostic,acr_high,40x,1,578,17,0.029411764705882353,0.8758519450560973,0.4901698012832503,16.66577324363051,0.5,8,7,554,9,0.5333333333333333,0.5,0.48682887170323247,0.47058823529411764,0.9875222816399287,0.7290552584670231,0.7647058823529411,0.7058823529411765,136,14,0.4819277108433735,0.9840142095914742,0.02313689485904802,0.37266976314762656,0.012544989759394122,0.19260737645351034,0.11167829331882652
historical_gold_current_eval,historical_gold_current_eval_acr_high_40x_agnostic,acr_high,40x,1,575,14,0.02434782608695652,0.8496307613954672,0.33960610781605144,13.948107999587828,0.5,5,7,554,9,0.4166666666666667,0.38461538461538464,0.3716190654731272,0.35714285714285715,0.9875222816399287,0.672332569391393,0.7142857142857143,0.6428571428571429,133,11,0.36764705882352944,0.9840142095914742,0.023257064680820196,0.4525052097465364,0.012544989759394122,0.23252509975296526,0.11221965331780938
historical_gold,historical_gold_acr_high_40x_agnostic,acr_high,40x,11,578,17,0.029411764705882353,0.9383978190206564,0.4400885384261694,14.96301030648976,0.5,8,8,553,9,0.5,0.48484848484848486,0.4699534544250103,0.47058823529411764,0.9857397504456328,0.7281639928698752,0.9411764705882353,0.7058823529411765,136,14,0.47619047619047616,0.9839857651245552,0.023868399994172187,0.42030981229605774,0.011855023863812016,0.2160824180799349,0.12952294993478172
historical_gold_current_eval,historical_gold_current_eval_acr_high_40x_agnostic,acr_high,40x,11,575,14,0.02434782608695652,0.9258976317799849,0.32159257158312676,13.20826633287842,0.5,5,8,553,9,0.38461538461538464,0.37037037037037035,0.3555093857874163,0.35714285714285715,0.9857397504456328,0.6714413037942449,0.9285714285714286,0.6428571428571429,133,11,0.36231884057971014,0.9839857651245552,0.023992827792851508,0.5103719709493626,0.011855023863812016,0.2611134974065873,0.13018163376727512
historical_gold,historical_gold_acr_high_40x_agnostic,acr_high,40x,21,578,17,0.029411764705882353,0.9351997483485373,0.42082831074535576,14.308162565342096,0.5,8,9,552,9,0.47058823529411764,0.47058823529411764,0.45454545454545453,0.47058823529411764,0.983957219251337,0.7272727272727273,0.7647058823529411,0.7647058823529411,136,14,0.47058823529411764,0.983957219251337,0.024566985878647064,0.41812970997617654,0.012640842724176472,0.2153852763501765,0.10578143711986433
historical_gold_current_eval,historical_gold_current_eval_acr_high_40x_agnostic,acr_high,40x,21,575,14,0.02434782608695652,0.9218232747644511,0.2823466048493713,11.596378413456321,0.5,5,9,552,9,0.35714285714285715,0.35714285714285715,0.34110007639419404,0.35714285714285715,0.983957219251337,0.670550038197097,0.7142857142857143,0.7142857142857143,133,11,0.35714285714285715,0.983957219251337,0.02469257085510113,0.5076225338157249,0.012640842724176472,0.26013168826995064,0.10623015840870718
historical_gold,historical_gold_acr_high_40x_agnostic,acr_high,40x,31,578,17,0.029411764705882353,0.9436929852154765,0.48666016185331484,16.546445503012706,0.5,9,6,555,8,0.6,0.5625,0.5512342477262282,0.5294117647058824,0.9893048128342246,0.7593582887700534,0.8823529411764706,0.7058823529411765,136,14,0.5421686746987951,0.9857904085257548,0.02243951909939753,0.41771745043355635,0.010461399968059388,0.21408942520080787,0.10839083516684203
historical_gold_current_eval,historical_gold_current_eval_acr_high_40x_agnostic,acr_high,40x,31,575,14,0.02434782608695652,0.9321364909600204,0.33052967600828453,13.575325978911687,0.5,6,6,555,8,0.5,0.46153846153846156,0.45055551270144195,0.42857142857142855,0.9893048128342246,0.7089381207028266,0.8571428571428571,0.6428571428571429,133,11,0.4411764705882353,0.9857904085257548,0.0225564872712455,0.5072239142060603,0.010461399968059388,0.25884265708705984,0.10894114575447397
historical_gold,historical_gold_acr_high_40x_agnostic,acr_high,40x,41,578,17,0.029411764705882353,0.8981860123728637,0.4201403029025063,14.284770298685215,0.5,8,6,555,9,0.5714285714285714,0.5161290322580645,0.5054278471243923,0.47058823529411764,0.9893048128342246,0.7299465240641712,0.6470588235294118,0.5882352941176471,136,14,0.4878048780487805,0.9840425531914894,0.024116018063949304,0.442938451255737,0.01142442917934967,0.22718144021754333,0.11573538299961732
historical_gold_current_eval,historical_gold_current_eval_acr_high_40x_agnostic,acr_high,40x,41,575,14,0.02434782608695652,0.876750700280112,0.28010147470341507,11.50416771103312,0.5,5,6,555,9,0.45454545454545453,0.4,0.3898048144396815,0.35714285714285715,0.9893048128342246,0.6732238349885409,0.5714285714285714,0.5,133,11,0.373134328358209,0.9840425531914894,0.02424183675531983,0.5378536689066956,0.01142442917934967,0.27463904904302266,0.11633522560947639
historical_gold,historical_gold_acr_high_40x_nomask,acr_high,40x,1,578,17,0.029411764705882353,0.9298521547656496,0.47062571255459423,16.001274226856204,0.5,9,11,550,8,0.45,0.4864864864864865,0.47127778210859833,0.5294117647058824,0.9803921568627451,0.7549019607843137,0.8235294117647058,0.7647058823529411,136,14,0.5113636363636364,0.985663082437276,0.02424308399362403,0.35804823250422,0.014127776462999907,0.18608800448360996,0.1160019603034983
historical_gold_current_eval,historical_gold_current_eval_acr_high_40x_nomask,acr_high,40x,1,575,14,0.02434782608695652,0.9154570919276802,0.3586559190384746,14.730510960508779,0.5,6,11,550,8,0.35294117647058826,0.3870967741935484,0.37212472608823155,0.42857142857142855,0.9803921568627451,0.7044817927170868,0.7857142857142857,0.7142857142857143,133,11,0.410958904109589,0.985663082437276,0.024367923301512582,0.43470523590191334,0.014127776462999907,0.22441650618245662,0.11654337047683298
historical_gold,historical_gold_acr_high_40x_nomask,acr_high,40x,11,578,17,0.029411764705882353,0.9487260144699591,0.4846131001522932,16.47684540517797,0.5,8,5,556,9,0.6153846153846154,0.5333333333333333,0.5260740675432835,0.47058823529411764,0.9910873440285205,0.7308377896613191,0.9411764705882353,0.7058823529411765,136,14,0.49382716049382713,0.984070796460177,0.022856714611915064,0.4113989179094026,0.011082708451385138,0.21124081318039387,0.11167163774873454
historical_gold_current_eval,historical_gold_current_eval_acr_high_40x_nomask,acr_high,40x,11,575,14,0.02434782608695652,0.9382480264833206,0.3326865132589949,13.663910365994434,0.5,5,5,556,9,0.5,0.4166666666666667,0.4105704212830199,0.35714285714285715,0.9910873440285205,0.6741151005856888,0.9285714285714286,0.6428571428571429,133,11,0.3787878787878788,0.984070796460177,0.02297585908822454,0.4995513953215749,0.011082708451385138,0.25531705188648,0.11223619507077205
historical_gold,historical_gold_acr_high_40x_nomask,acr_high,40x,21,578,17,0.029411764705882353,0.9310055573031352,0.5502591019845045,18.708809467473152,0.5,11,12,549,6,0.4782608695652174,0.55,0.540803802999127,0.6470588235294118,0.9786096256684492,0.8128342245989305,0.8235294117647058,0.8235294117647058,136,14,0.6043956043956044,0.9891891891891892,0.025415210054724684,0.29169388448427896,0.017346159314435155,0.15452002189935707,0.10272604865690231
historical_gold_current_eval,historical_gold_current_eval_acr_high_40x_nomask,acr_high,40x,21,575,14,0.02434782608695652,0.9164756811815635,0.3795188175175241,15.587380005184025,0.5,8,12,549,6,0.4,0.47058823529411764,0.46267582598540086,0.5714285714285714,0.9786096256684492,0.7750190985485104,0.7857142857142857,0.7857142857142857,133,11,0.5263157894736842,0.9891891891891892,0.025547596910807064,0.35419091773685263,0.017346159314435155,0.1857685385256439,0.10324075604850017
historical_gold,historical_gold_acr_high_40x_nomask,acr_high,40x,31,578,17,0.029411764705882353,0.9235608681975463,0.5472355432989202,18.60600847216329,0.5,8,7,554,9,0.5333333333333333,0.5,0.48682887170323247,0.47058823529411764,0.9875222816399287,0.7290552584670231,0.8235294117647058,0.7058823529411765,136,14,0.4819277108433735,0.9840142095914742,0.022970048073500317,0.4005904250567986,0.011527006346733705,0.20605871570176615,0.10121968672080593
historical_gold_current_eval,historical_gold_current_eval_acr_high_40x_nomask,acr_high,40x,31,575,14,0.02434782608695652,0.9073083778966132,0.38034207326668235,15.621192294881597,0.5,5,7,554,9,0.4166666666666667,0.38461538461538464,0.3716190654731272,0.35714285714285715,0.9875222816399287,0.672332569391393,0.7857142857142857,0.6428571428571429,133,11,0.36764705882352944,0.9840142095914742,0.02308947541168818,0.4864141286573638,0.011527006346733705,0.24897056750204874,0.10172049989831845
historical_gold,historical_gold_acr_high_40x_nomask,acr_high,40x,41,578,17,0.029411764705882353,0.9162210338680927,0.5204715522462654,17.696032776373023,0.5,8,4,557,9,0.6666666666666666,0.5517241379310345,0.5491835744287937,0.47058823529411764,0.9928698752228164,0.731729055258467,0.7647058823529411,0.6470588235294118,136,14,0.5,0.9840989399293286,0.021667202609670613,0.43149897906397566,0.009248057868631063,0.22037351846630338,0.10551376589817701
historical_gold_current_eval,historical_gold_current_eval_acr_high_40x_nomask,acr_high,40x,41,575,14,0.02434782608695652,0.8982683982683983,0.3207163092187229,13.172276985768976,0.5,5,4,557,9,0.5555555555555556,0.43478260869565216,0.434610106299984,0.35714285714285715,0.9928698752228164,0.6750063661828368,0.7142857142857143,0.5714285714285714,133,11,0.38461538461538464,0.9840989399293286,0.021780248884129997,0.5239630460051945,0.009248057868631063,0.26660555193691277,0.10606426338074806
historical_gold,historical_gold_acr_high_40x_aware,acr_high,40x,1,578,17,0.029411764705882353,0.9109782950613401,0.49727747268956324,16.90743407144515,0.5,10,11,550,7,0.47619047619047616,0.5263157894736842,0.5134480019461165,0.5882352941176471,0.9803921568627451,0.7843137254901961,0.8235294117647058,0.8235294117647058,136,14,0.5617977528089888,0.9874326750448833,0.023229826652991795,0.31243654076433514,0.014465986831435932,0.16345126379788552,0.11061146932399853
historical_gold_current_eval,historical_gold_current_eval_acr_high_40x_aware,acr_high,40x,1,575,14,0.02434782608695652,0.8925388337153043,0.38948277925562486,15.996614147998878,0.5,7,11,550,7,0.3888888888888889,0.4375,0.4251845808259117,0.5,0.9803921568627451,0.7401960784313726,0.7857142857142857,0.7857142857142857,133,11,0.47297297297297297,0.9874326750448833,0.02335085413977738,0.3793801798526025,0.014465986831435932,0.1969230833420192,0.1111642716813833
historical_gold,historical_gold_acr_high_40x_aware,acr_high,40x,11,578,17,0.029411764705882353,0.912970535807906,0.3829210435326275,13.019315480109336,0.5,8,8,553,9,0.5,0.48484848484848486,0.4699534544250103,0.47058823529411764,0.9857397504456328,0.7281639928698752,0.7058823529411765,0.47058823529411764,136,14,0.47619047619047616,0.9839857651245552,0.028000161931875173,0.4595577892671893,0.014922658073229293,0.2372402236702093,0.12232697186317432
historical_gold_current_eval,historical_gold_current_eval_acr_high_40x_aware,acr_high,40x,11,575,14,0.02434782608695652,0.8949579831932772,0.22928019872879124,9.416865304932498,0.5,5,8,553,9,0.38461538461538464,0.37037037037037035,0.3555093857874163,0.35714285714285715,0.9857397504456328,0.6714413037942449,0.6428571428571429,0.35714285714285715,133,11,0.36231884057971014,0.9839857651245552,0.028145277033262927,0.5579945082174679,0.014922658073229293,0.2864585831453486,0.12291097179634065
historical_gold,historical_gold_acr_high_40x_aware,acr_high,40x,21,578,17,0.029411764705882353,0.8827723602810108,0.553714781015136,18.826302554514626,0.5,9,4,557,8,0.6923076923076923,0.6,0.5951339837458767,0.5294117647058824,0.9928698752228164,0.7611408199643495,0.8235294117647058,0.8235294117647058,136,14,0.5555555555555556,0.9858407079646018,0.01928040155713896,0.40930493968320164,0.007461476159379482,0.20838320792129056,0.11088910349954564
historical_gold_current_eval,historical_gold_current_eval_acr_high_40x_aware,acr_high,40x,21,575,14,0.02434782608695652,0.8580341227400051,0.43832113516944876,18.002475194459503,0.5,6,4,557,8,0.6,0.5,0.4968877859037645,0.42857142857142855,0.9928698752228164,0.7107206518971225,0.7857142857142857,0.7857142857142857,133,11,0.45454545454545453,0.9858407079646018,0.019380989295972772,0.49701290855517527,0.007461476159379482,0.2522371923572774,0.11146233712478089
historical_gold,historical_gold_acr_high_40x_aware,acr_high,40x,31,578,17,0.029411764705882353,0.9199958058089546,0.466719425504331,15.868460467147253,0.5,7,10,551,10,0.4117647058823529,0.4117647058823529,0.3939393939393939,0.4117647058823529,0.982174688057041,0.696969696969697,0.8235294117647058,0.7647058823529411,136,14,0.4117647058823529,0.982174688057041,0.026704422264163974,0.42859604470710905,0.014525888250741395,0.22156096647892523,0.11195719650777008
historical_gold_current_eval,historical_gold_current_eval_acr_high_40x_aware,acr_high,40x,31,575,14,0.02434782608695652,0.9033613445378151,0.31405362497757366,12.898631025864633,0.5,4,10,551,10,0.2857142857142857,0.2857142857142857,0.2678889737713267,0.2857142857142857,0.982174688057041,0.6339444868856634,0.7857142857142857,0.7142857142857143,133,11,0.2857142857142857,0.982174688057041,0.026841209699931336,0.5203337334853283,0.014525888250741395,0.26742981086803486,0.1124707514696035
historical_gold,historical_gold_acr_high_40x_aware,acr_high,40x,41,578,17,0.029411764705882353,0.8959840620740274,0.39815529776082326,13.53728012386799,0.5,8,6,555,9,0.5714285714285714,0.5161290322580645,0.5054278471243923,0.47058823529411764,0.9893048128342246,0.7299465240641712,0.7647058823529411,0.6470588235294118,136,14,0.4878048780487805,0.9840425531914894,0.023199913304388857,0.44056815987134657,0.010552390681147716,0.22556027527624714,0.12447017828280992
historical_gold_current_eval,historical_gold_current_eval_acr_high_40x_aware,acr_high,40x,41,575,14,0.02434782608695652,0.8744588744588746,0.28250059639621855,11.602703066273262,0.5,5,6,555,9,0.45454545454545453,0.4,0.3898048144396815,0.35714285714285715,0.9893048128342246,0.6732238349885409,0.7142857142857143,0.5714285714285714,133,11,0.373134328358209,0.9840425531914894,0.023320112316340104,0.5349409578408352,0.010552390681147716,0.2727466742609914,0.1250563875120732
historical_gold,historical_gold_acr_high_20x_aware,acr_high,20x,1,578,17,0.029411764705882353,0.8889587920729789,0.38793955550495235,13.18994488716838,0.5,7,10,551,10,0.4117647058823529,0.4117647058823529,0.3939393939393939,0.4117647058823529,0.982174688057041,0.696969696969697,0.7647058823529411,0.7647058823529411,136,14,0.4117647058823529,0.982174688057041,0.029650419124445302,0.4643870028407937,0.016476583254252924,0.24043179304752332,0.1346217652351377
historical_gold_current_eval,historical_gold_current_eval_acr_high_20x_aware,acr_high,20x,1,575,14,0.02434782608695652,0.865546218487395,0.23655002859094024,9.715447602842188,0.5,4,10,551,10,0.2857142857142857,0.2857142857142857,0.2678889737713267,0.2857142857142857,0.982174688057041,0.6339444868856634,0.7142857142857143,0.7142857142857143,133,11,0.2857142857142857,0.982174688057041,0.029805094188502124,0.5638975680537739,0.016476583254252924,0.2901870756540134,0.13531430852034337
historical_gold,historical_gold_acr_high_20x_aware,acr_high,20x,11,578,17,0.029411764705882353,0.9430638565586663,0.4552633543653229,15.478954048420979,0.5,6,7,554,11,0.46153846153846156,0.4,0.38795423513809707,0.35294117647058826,0.9875222816399287,0.6702317290552585,0.8823529411764706,0.8823529411764706,136,14,0.37037037037037035,0.9805309734513274,0.025527636337361704,0.5193361761364914,0.010563741191933533,0.26494995866421245,0.11031230641597659
historical_gold_current_eval,historical_gold_current_eval_acr_high_20x_aware,acr_high,20x,11,575,14,0.02434782608695652,0.9314998726763433,0.30365628286551516,12.471597331976517,0.5,3,7,554,11,0.3,0.25,0.23793569204153073,0.21428571428571427,0.9875222816399287,0.6009039979628215,0.8571428571428571,0.8571428571428571,133,11,0.22727272727272727,0.9805309734513274,0.025657586526837802,0.6304895317326443,0.010563741191933533,0.3205266364622889,0.11079254060784624
historical_gold,historical_gold_acr_high_20x_aware,acr_high,20x,21,578,17,0.029411764705882353,0.9237705777498164,0.4363988122553237,14.837559616681006,0.5,8,7,554,9,0.5333333333333333,0.5,0.48682887170323247,0.47058823529411764,0.9875222816399287,0.7290552584670231,0.8235294117647058,0.7647058823529411,136,14,0.4819277108433735,0.9840142095914742,0.023491275163221415,0.4837342776364171,0.009544517512518516,0.2466393975744678,0.10990439045948545
historical_gold_current_eval,historical_gold_current_eval_acr_high_20x_aware,acr_high,20x,21,575,14,0.02434782608695652,0.9081996434937611,0.32879938029269073,13.504260262021226,0.5,5,7,554,9,0.4166666666666667,0.38461538461538464,0.3716190654731272,0.35714285714285715,0.9875222816399287,0.672332569391393,0.7857142857142857,0.7142857142857143,133,11,0.36764705882352944,0.9840142095914742,0.0236121838951798,0.5873236725146785,0.009544517512518516,0.2984340950135985,0.1103973103375422
historical_gold,historical_gold_acr_high_20x_aware,acr_high,20x,31,578,17,0.029411764705882353,0.879207297892419,0.4410336751903248,14.995144956471044,0.5,8,8,553,9,0.5,0.48484848484848486,0.4699534544250103,0.47058823529411764,0.9857397504456328,0.7281639928698752,0.8823529411764706,0.7647058823529411,136,14,0.47619047619047616,0.9839857651245552,0.025629686843991528,0.4594155497150721,0.012484660696383026,0.23595010520572757,0.11596101600084673
historical_gold_current_eval,historical_gold_current_eval_acr_high_20x_aware,acr_high,20x,31,575,14,0.02434782608695652,0.8537051184110007,0.3059106243312933,12.564186356463832,0.5,5,8,553,9,0.38461538461538464,0.37037037037037035,0.3555093857874163,0.35714285714285715,0.9857397504456328,0.6714413037942449,0.8571428571428571,0.7142857142857143,133,11,0.36231884057971014,0.9839857651245552,0.025760470307238187,0.5577411268565057,0.012484660696383026,0.28511289377644433,0.11645316939905492
historical_gold,historical_gold_acr_high_20x_aware,acr_high,20x,41,578,17,0.029411764705882353,0.9297472999895144,0.41480391720731724,14.103333185048786,0.5,6,4,557,11,0.6,0.4444444444444444,0.4480955099092755,0.35294117647058826,0.9928698752228164,0.6729055258467024,0.7058823529411765,0.7058823529411765,136,14,0.38461538461538464,0.9806338028169014,0.02369245194527534,0.5416851254908027,0.007995704262077541,0.2748404148764401,0.10658968924361456
historical_gold_current_eval,historical_gold_current_eval_acr_high_20x_aware,acr_high,20x,41,575,14,0.02434782608695652,0.9158390628978864,0.313370837388425,12.870587964167457,0.5,3,4,557,11,0.42857142857142855,0.2857142857142857,0.29115142269654837,0.21428571428571427,0.9928698752228164,0.6035777947542653,0.6428571428571429,0.6428571428571429,133,11,0.23809523809523808,0.9806338028169014,0.02373572987660889,0.6544610420017578,0.007995704262077541,0.33122837313191766,0.10656043538292913
historical_gold,historical_gold_acr_high_10x_aware,acr_high,10x,1,578,17,0.029411764705882353,0.8992345601342141,0.362663675974093,12.330564983119162,0.5,7,12,549,10,0.3684210526315789,0.3888888888888889,0.3699171279007287,0.4117647058823529,0.9786096256684492,0.6951871657754011,0.7647058823529411,0.5882352941176471,136,14,0.40229885057471265,0.9821109123434705,0.02952572872434331,0.4873347416030088,0.01565272833408072,0.25149373496854477,0.1399476254333767
historical_gold_current_eval,historical_gold_current_eval_acr_high_10x_aware,acr_high,10x,1,575,14,0.02434782608695652,0.8782785841609371,0.23098522289215845,9.486893083070793,0.5,4,12,549,10,0.25,0.26666666666666666,0.24769429590776054,0.2857142857142857,0.9786096256684492,0.6321619556913675,0.7142857142857143,0.5,133,11,0.2777777777777778,0.9821109123434705,0.02967959127045764,0.5917560275067044,0.01565272833408072,0.30370437792039257,0.1406554942323416
historical_gold,historical_gold_acr_high_10x_aware,acr_high,10x,11,578,17,0.029411764705882353,0.8983957219251337,0.4344420951981505,14.771031236737118,0.5,8,10,551,9,0.4444444444444444,0.45714285714285713,0.4403991586633868,0.47058823529411764,0.982174688057041,0.7263814616755793,0.8235294117647058,0.6470588235294118,136,14,0.46511627906976744,0.9839285714285714,0.0277729707198447,0.495305450452742,0.013605319818847807,0.2544553851357949,0.13129948852081066
historical_gold_current_eval,historical_gold_current_eval_acr_high_10x_aware,acr_high,10x,11,575,14,0.02434782608695652,0.8771326712503182,0.27637323782431156,11.351043696355653,0.5,5,10,551,9,0.3333333333333333,0.3448275862068966,0.3281044509135062,0.35714285714285715,0.982174688057041,0.6696587725999491,0.7857142857142857,0.5714285714285714,133,11,0.352112676056338,0.9839285714285714,0.027917750803661486,0.6014373066951239,0.013605319818847807,0.30752131325698584,0.131966404810938
historical_gold,historical_gold_acr_high_10x_aware,acr_high,10x,21,578,17,0.029411764705882353,0.9482017405892837,0.5250997077180358,17.85339006241322,0.5,7,8,553,10,0.4666666666666667,0.4375,0.42242349568023674,0.4117647058823529,0.9857397504456328,0.6987522281639929,0.8823529411764706,0.7647058823529411,136,14,0.42168674698795183,0.9822380106571936,0.024594261649737367,0.467784601496686,0.01116425135134498,0.23947442642401548,0.09380979354981711
historical_gold_current_eval,historical_gold_current_eval_acr_high_10x_aware,acr_high,10x,21,575,14,0.02434782608695652,0.9372294372294372,0.36165433525535345,14.85366019798773,0.5,4,8,553,10,0.3333333333333333,0.3076923076923077,0.2926826182448124,0.2857142857142857,0.9857397504456328,0.6357270180799592,0.8571428571428571,0.7142857142857143,133,11,0.29411764705882354,0.9822380106571936,0.0247224312597297,0.5680180690171459,0.01116425135134498,0.28959116018424547,0.09427682276786914
historical_gold,historical_gold_acr_high_10x_aware,acr_high,10x,31,578,17,0.029411764705882353,0.9238754325259515,0.5857374053275137,19.915071781135467,0.5,9,5,556,8,0.6428571428571429,0.5806451612903226,0.5720346176756688,0.5294117647058824,0.9910873440285205,0.7602495543672014,0.7647058823529411,0.7647058823529411,136,14,0.5487804878048781,0.9858156028368794,0.018227549446751097,0.4259049415104515,0.005873689081184421,0.21588931529581795,0.08486466037329111
historical_gold_current_eval,historical_gold_current_eval_acr_high_10x_aware,acr_high,10x,31,575,14,0.02434782608695652,0.9078176725235549,0.46804041863309104,19.223088622430524,0.5,6,5,556,8,0.5454545454545454,0.48,0.4721781214234437,0.42857142857142855,0.9910873440285205,0.7098293862999745,0.7142857142857143,0.7142857142857143,133,11,0.44776119402985076,0.9858156028368794,0.018322516168962456,0.5171648016149251,0.005873689081184421,0.26151924534805476,0.08528582577354406
historical_gold,historical_gold_acr_high_10x_aware,acr_high,10x,41,578,17,0.029411764705882353,0.8866519869980077,0.4416967863980903,15.01769073753507,0.5,6,10,551,11,0.375,0.36363636363636365,0.34512206809336693,0.35294117647058826,0.982174688057041,0.6675579322638147,0.6470588235294118,0.6470588235294118,136,14,0.35714285714285715,0.9804270462633452,0.025068564690274395,0.4781351626476404,0.011339273843081487,0.24473721824536093,0.1175820693354471
historical_gold_current_eval,historical_gold_current_eval_acr_high_10x_aware,acr_high,10x,41,575,14,0.02434782608695652,0.863127069009422,0.3404918605611885,13.984487130191672,0.5,3,10,551,11,0.23076923076923078,0.2222222222222222,0.2036951289528345,0.21428571428571427,0.982174688057041,0.5982302011713776,0.5714285714285714,0.5714285714285714,133,11,0.21739130434782608,0.9804270462633452,0.025194439448636405,0.5803907183569442,0.011339273843081487,0.2958649961000129,0.1180368074399322
historical_gold,historical_gold_acr_high_5x_aware,acr_high,5x,1,578,17,0.029411764705882353,0.8836111984900912,0.34863857981829965,11.853711713822188,0.5,8,12,549,9,0.4,0.43243243243243246,0.41525175206771603,0.47058823529411764,0.9786096256684492,0.7245989304812834,0.5882352941176471,0.5294117647058824,136,14,0.45454545454545453,0.9838709677419355,0.03183088061880359,0.47562006920934635,0.01838272338878714,0.24700139629906676,0.13749716463209988
historical_gold_current_eval,historical_gold_current_eval_acr_high_5x_aware,acr_high,5x,1,575,14,0.02434782608695652,0.8594346829640946,0.22926924708428215,9.416415505247302,0.5,5,12,549,9,0.29411764705882354,0.3225806451612903,0.30550837568327105,0.35714285714285715,0.9786096256684492,0.6678762414056532,0.5,0.42857142857142855,133,11,0.3424657534246575,0.9838709677419355,0.031993906210186045,0.5774134464105278,0.01838272338878714,0.29789808489965747,0.13813473792449896
historical_gold,historical_gold_acr_high_5x_aware,acr_high,5x,11,578,17,0.029411764705882353,0.8686169655027787,0.40042376824703546,13.614408120399206,0.5,8,8,553,9,0.5,0.48484848484848486,0.4699534544250103,0.47058823529411764,0.9857397504456328,0.7281639928698752,0.6470588235294118,0.5882352941176471,136,14,0.47619047619047616,0.9839857651245552,0.026231567849128043,0.46274679432180704,0.013003833713592315,0.23787531401769968,0.11851077737845739
historical_gold_current_eval,historical_gold_current_eval_acr_high_5x_aware,acr_high,5x,11,575,14,0.02434782608695652,0.841100076394194,0.25127432028493846,10.320195297417115,0.5,5,8,553,9,0.38461538461538464,0.37037037037037035,0.3555093857874163,0.35714285714285715,0.9857397504456328,0.6714413037942449,0.5714285714285714,0.5,133,11,0.36231884057971014,0.9839857651245552,0.026357094823469006,0.5614413435835278,0.013003833713592315,0.28722258864856004,0.11894299978516054
historical_gold,historical_gold_acr_high_5x_aware,acr_high,5x,21,578,17,0.029411764705882353,0.8585509069938135,0.5343790048912945,18.168886166304013,0.5,8,5,556,9,0.6153846153846154,0.5333333333333333,0.5260740675432835,0.47058823529411764,0.9910873440285205,0.7308377896613191,0.7058823529411765,0.7058823529411765,136,14,0.49382716049382713,0.984070796460177,0.019523264738759726,0.438254153168822,0.006834449937848748,0.22254430155333538,0.11173616752316912
historical_gold_current_eval,historical_gold_current_eval_acr_high_5x_aware,acr_high,5x,21,575,14,0.02434782608695652,0.8283677107206517,0.357027175317274,14.663616129102326,0.5,5,5,556,9,0.5,0.4166666666666667,0.4105704212830199,0.35714285714285715,0.9910873440285205,0.6741151005856888,0.6428571428571429,0.6428571428571429,133,11,0.3787878787878788,0.984070796460177,0.01962504407313401,0.5321624233513507,0.006834449937848748,0.2694984366445997,0.11230151441524626
historical_gold,historical_gold_acr_high_5x_aware,acr_high,5x,31,578,17,0.029411764705882353,0.8560343923665722,0.4920382482887932,16.72930044181897,0.5,8,4,557,9,0.6666666666666666,0.5517241379310345,0.5491835744287937,0.47058823529411764,0.9928698752228164,0.731729055258467,0.6470588235294118,0.6470588235294118,136,14,0.5,0.9840989399293286,0.020612217961770655,0.4620660507064073,0.007234829090721062,0.23465043989856418,0.09450295688990018
historical_gold_current_eval,historical_gold_current_eval_acr_high_5x_aware,acr_high,5x,31,575,14,0.02434782608695652,0.8254392666157372,0.34550118244164957,14.190227135996322,0.5,5,4,557,9,0.5555555555555556,0.43478260869565216,0.434610106299984,0.35714285714285715,0.9928698752228164,0.6750063661828368,0.5714285714285714,0.5714285714285714,133,11,0.38461538461538464,0.9840989399293286,0.020719630737691112,0.5610748967341338,0.007234829090721062,0.2841548629124274,0.09497429099661328
historical_gold,historical_gold_acr_high_5x_aware,acr_high,5x,41,578,17,0.029411764705882353,0.9162210338680926,0.36989046490541205,12.57627580678401,0.5,10,7,554,7,0.5882352941176471,0.5882352941176471,0.5757575757575758,0.5882352941176471,0.9875222816399287,0.7878787878787878,0.7647058823529411,0.5882352941176471,136,14,0.5882352941176471,0.9875222816399287,0.025355948538191366,0.3845561405924962,0.014471094233515462,0.19951361741300583,0.11493035955151654
historical_gold_current_eval,historical_gold_current_eval_acr_high_5x_aware,acr_high,5x,41,575,14,0.02434782608695652,0.9001782531194296,0.2966411345291977,12.183475168163477,0.5,7,7,554,7,0.5,0.5,0.4875222816399287,0.5,0.9875222816399287,0.7437611408199644,0.7142857142857143,0.5,133,11,0.5,0.9875222816399287,0.025400012169772168,0.46333736661548725,0.014471094233515462,0.23890423042450135,0.11482782129041513
historical_gold,historical_gold_amr_positive_40x_agnostic,amr_positive,40x,1,578,19,0.0328719723183391,0.9114960926466434,0.2492108493646046,7.58125636488113,0.5,6,25,534,13,0.1935483870967742,0.24,0.21452823040329677,0.3157894736842105,0.9552772808586762,0.6355333772714433,0.631578947368421,0.42105263157894735,136,14,0.2803738317757009,0.9762340036563071,0.046889681804741304,0.5093951471273952,0.031169460264257546,0.2702823036958264,0.1649845661771393
historical_gold,historical_gold_amr_positive_40x_agnostic,amr_positive,40x,11,578,19,0.0328719723183391,0.9170511251294605,0.3331141748067274,10.133683844120444,0.5,9,11,548,10,0.45,0.46153846153846156,0.4429068573257144,0.47368421052631576,0.9803220035778175,0.7270031070520666,0.631578947368421,0.631578947368421,136,14,0.46875,0.982078853046595,0.03127569460869605,0.4772778964752925,0.016116406888722287,0.2466971516820074,0.13501744538591023
historical_gold,historical_gold_amr_positive_40x_agnostic,amr_positive,40x,21,578,19,0.0328719723183391,0.9016100178890876,0.37141847802223005,11.29894106825521,0.5,8,11,548,11,0.42105263157894735,0.42105263157894735,0.4013746351567649,0.42105263157894735,0.9803220035778175,0.7006873175783824,0.6842105263157895,0.5263157894736842,136,14,0.42105263157894735,0.9803220035778175,0.031664466554526274,0.49574863039289363,0.015890586209393934,0.2558196083011438,0.14471308776515107
historical_gold,historical_gold_amr_positive_40x_agnostic,amr_positive,40x,31,578,19,0.0328719723183391,0.9219470859617738,0.4340149636695406,13.20319205268392,0.5,13,38,521,6,0.2549019607843137,0.37142857142857144,0.3873794255617634,0.6842105263157895,0.9320214669051878,0.8081159966104887,0.6842105263157895,0.631578947368421,136,14,0.5118110236220472,0.9886148007590133,0.04515952851163712,0.32467690281053285,0.035658937971960875,0.18016792039124685,0.158040550270897
historical_gold,historical_gold_amr_positive_40x_agnostic,amr_positive,40x,41,578,19,0.0328719723183391,0.9232652292627812,0.41374465229307134,12.586547843441856,0.5,9,12,547,10,0.42857142857142855,0.45,0.4309160172984128,0.47368421052631576,0.9785330948121646,0.7261086526692402,0.7368421052631579,0.631578947368421,136,14,0.4639175257731959,0.9820466786355476,0.0311329920999367,0.4435295351725277,0.01711593607421357,0.23032273562337063,0.14296745864188914
historical_gold,historical_gold_amr_positive_40x_nomask,amr_positive,40x,1,578,19,0.0328719723183391,0.8247810940589398,0.22167888564592855,6.743705047544564,0.5,10,25,534,9,0.2857142857142857,0.37037037037037035,0.3600219639262872,0.5263157894736842,0.9552772808586762,0.7407965351661803,0.6842105263157895,0.5789473684210527,136,14,0.45045045045045046,0.9834254143646409,0.04789343819636185,0.40399608316523133,0.03578977047827863,0.21989292682175499,0.1871376506509064
historical_gold,historical_gold_amr_positive_40x_nomask,amr_positive,40x,11,578,19,0.0328719723183391,0.8160248564165332,0.35512286065839954,10.80321123476605,0.5,7,17,542,12,0.2916666666666667,0.32558139534883723,0.3021003587027114,0.3684210526315789,0.9695885509838998,0.6690048018077394,0.631578947368421,0.47368421052631576,136,14,0.35,0.9783393501805054,0.039030497510321206,0.532839853478888,0.02224627968670266,0.2775430665827953,0.17636432021778878
historical_gold,historical_gold_amr_positive_40x_nomask,amr_positive,40x,21,578,19,0.0328719723183391,0.7630166650974485,0.32298162104427375,9.82544089282054,0.5,8,14,545,11,0.36363636363636365,0.3902439024390244,0.36900973849570917,0.42105263157894735,0.9749552772808586,0.698003954429903,0.6842105263157895,0.5789473684210527,136,14,0.40816326530612246,0.9802158273381295,0.03518202504382419,0.4955940229054181,0.019532958926882726,0.2575634909161504,0.1826982968651174
historical_gold,historical_gold_amr_positive_40x_nomask,amr_positive,40x,31,578,19,0.0328719723183391,0.8759062235194426,0.2800985429639534,8.520892517535005,0.5,11,32,527,8,0.2558139534883721,0.3548387096774194,0.3544821139487398,0.5789473684210527,0.9427549194991055,0.7608511439600791,0.7368421052631579,0.5789473684210527,136,14,0.46218487394957986,0.9850467289719627,0.04694390087819678,0.3509755141915329,0.03661008933445191,0.1937928017629924,0.17075678429761684
historical_gold,historical_gold_amr_positive_40x_nomask,amr_positive,40x,41,578,19,0.0328719723183391,0.8583937482346294,0.37083930717485264,11.281322081424465,0.5,9,23,536,10,0.28125,0.35294117647058826,0.3372383656524587,0.47368421052631576,0.9588550983899821,0.7162696544581489,0.631578947368421,0.5789473684210527,136,14,0.4166666666666667,0.9816849816849816,0.039343597996973984,0.44288757671626533,0.025627434140683223,0.2342575054284743,0.15730092601336454
historical_gold,historical_gold_amr_positive_40x_aware,amr_positive,40x,1,578,19,0.0328719723183391,0.9064118256284719,0.2790427303741764,8.488773587172314,0.5,11,41,518,8,0.21153846153846154,0.30985915492957744,0.31506273403539903,0.5789473684210527,0.9266547406082289,0.7528010545146409,0.5789473684210527,0.3684210526315789,136,14,0.4296875,0.9847908745247148,0.05250548581370651,0.320688454764617,0.04339014339855929,0.18203929908158814,0.15921125431304445
historical_gold,historical_gold_amr_positive_40x_aware,amr_positive,40x,11,578,19,0.0328719723183391,0.872705018359853,0.3529206762950901,10.736218468345374,0.5,10,39,520,9,0.20408163265306123,0.29411764705882354,0.2922426542687699,0.5263157894736842,0.9302325581395349,0.7282741738066095,0.7368421052631579,0.3684210526315789,136,14,0.4,0.9829867674858223,0.053374339770608105,0.3739800101585984,0.04247718818318088,0.20822859917088962,0.17403014393123434
historical_gold,historical_gold_amr_positive_40x_aware,amr_positive,40x,21,578,19,0.0328719723183391,0.7798700687317579,0.3633082391837166,11.052219065694116,0.5,9,11,548,10,0.45,0.46153846153846156,0.4429068573257144,0.47368421052631576,0.9803220035778175,0.7270031070520666,0.6842105263157895,0.631578947368421,136,14,0.46875,0.982078853046595,0.03261979732653336,0.45379950686623305,0.018304207914629434,0.23605185739043125,0.1875102212386391
historical_gold,historical_gold_amr_positive_40x_aware,amr_positive,40x,31,578,19,0.0328719723183391,0.798418228038791,0.25606130312534453,7.789654379286797,0.5,8,18,541,11,0.3076923076923077,0.35555555555555557,0.33451156288103956,0.42105263157894735,0.9677996422182469,0.6944261368985971,0.631578947368421,0.5789473684210527,136,14,0.39215686274509803,0.980072463768116,0.04166177473080311,0.4725026015977644,0.02701781102691712,0.24976020631234078,0.1823482873886782
historical_gold,historical_gold_amr_positive_40x_aware,amr_positive,40x,41,578,19,0.0328719723183391,0.8069861594953394,0.3023845453511462,9.198856169103289,0.5,8,23,536,11,0.25806451612903225,0.32,0.3006673878698515,0.42105263157894735,0.9588550983899821,0.6899538649844648,0.5789473684210527,0.42105263157894735,136,14,0.37383177570093457,0.979890310786106,0.047656640775065456,0.5328690396569881,0.031164627217361473,0.28201683343717476,0.18408848520601914
historical_gold,historical_gold_amr_positive_20x_aware,amr_positive,20x,1,578,19,0.0328719723183391,0.8180020713680445,0.32370820345933643,9.84754429471034,0.5,9,12,547,10,0.42857142857142855,0.45,0.4309160172984128,0.47368421052631576,0.9785330948121646,0.7261086526692402,0.5789473684210527,0.5789473684210527,136,14,0.4639175257731959,0.9820466786355476,0.032722390543361256,0.47659139722601296,0.01763560856309224,0.2471135028945526,0.15464885298719977
historical_gold,historical_gold_amr_positive_20x_aware,amr_positive,20x,11,578,19,0.0328719723183391,0.8628189436022973,0.413645966118103,12.583545706119134,0.5,9,20,539,10,0.3103448275862069,0.375,0.3576666639251063,0.47368421052631576,0.964221824686941,0.7189530176066283,0.631578947368421,0.5263157894736842,136,14,0.42857142857142855,0.9817850637522769,0.03721103511251323,0.4752885795966753,0.0223211006846079,0.2488048401406416,0.14769193579689663
historical_gold,historical_gold_amr_positive_20x_aware,amr_positive,20x,21,578,19,0.0328719723183391,0.8388099049053761,0.4083848045988209,12.423495634637817,0.5,7,9,550,12,0.4375,0.4,0.38290666830192865,0.3684210526315789,0.9838998211091234,0.6761604368703512,0.631578947368421,0.5789473684210527,136,14,0.3804347826086957,0.9786476868327402,0.02983930762034656,0.49337120711035753,0.01408419833535514,0.25372770272285633,0.14532759218845082
historical_gold,historical_gold_amr_positive_20x_aware,amr_positive,20x,31,578,19,0.0328719723183391,0.7943696450428396,0.3602016924266789,10.95771464329581,0.5,7,8,551,12,0.4666666666666667,0.4117647058823529,0.3971191242141651,0.3684210526315789,0.9856887298747764,0.6770548912531776,0.631578947368421,0.47368421052631576,136,14,0.38461538461538464,0.9786856127886323,0.03165158808514498,0.54439027906587,0.014223976048233038,0.2793071275570515,0.15485525089881505
historical_gold,historical_gold_amr_positive_20x_aware,amr_positive,20x,41,578,19,0.0328719723183391,0.8233687976650034,0.3824308874597778,11.633950155355347,0.5,9,21,538,10,0.3,0.3673469387755102,0.3505378670140855,0.47368421052631576,0.962432915921288,0.7180585632238019,0.6842105263157895,0.5789473684210527,136,14,0.42452830188679247,0.9817518248175182,0.040435910540781245,0.43864281648392806,0.026901149873661764,0.2327719831787949,0.16882608595539675
historical_gold,historical_gold_amr_positive_10x_aware,amr_positive,10x,1,578,19,0.0328719723183391,0.8787308163073158,0.39201506796346625,11.925511014888606,0.5,7,23,536,12,0.23333333333333334,0.2857142857142857,0.2630547551254234,0.3684210526315789,0.9588550983899821,0.6636380755107805,0.631578947368421,0.42105263157894735,136,14,0.330188679245283,0.9781021897810219,0.04431219950671594,0.5438399016541502,0.027333619290613523,0.28558676047238185,0.16992338283311026
historical_gold,historical_gold_amr_positive_10x_aware,amr_positive,10x,11,578,19,0.0328719723183391,0.8389982110912343,0.440965783405794,13.414643305713103,0.5,9,18,541,10,0.3333333333333333,0.391304347826087,0.37302663862999996,0.47368421052631576,0.9677996422182469,0.7207419263722813,0.7368421052631579,0.47368421052631576,136,14,0.4368932038834951,0.9818511796733213,0.03727245573714584,0.4506757244141112,0.02322118184651553,0.23694845313031335,0.14750338615664305
historical_gold,historical_gold_amr_positive_10x_aware,amr_positive,10x,21,578,19,0.0328719723183391,0.7832595800772055,0.3793735096114736,11.54094150291746,0.5,10,18,541,9,0.35714285714285715,0.425531914893617,0.41034652647118214,0.5263157894736842,0.9677996422182469,0.7470577158459655,0.631578947368421,0.5789473684210527,136,14,0.4807692307692308,0.9836363636363636,0.03747195055129477,0.45266465260215744,0.02335985513275024,0.23801225386745384,0.17904400667633677
historical_gold,historical_gold_amr_positive_10x_aware,amr_positive,10x,31,578,19,0.0328719723183391,0.9113077864607853,0.35854000428472593,10.907164340872189,0.5,10,19,540,9,0.3448275862068966,0.4166666666666667,0.40211545595880044,0.5263157894736842,0.9660107334525939,0.746163261463139,0.6842105263157895,0.631578947368421,136,14,0.47619047619047616,0.9836065573770492,0.037499923141529466,0.37885683196638015,0.025897452179683016,0.2023771420730316,0.15439760968305102
historical_gold,historical_gold_amr_positive_10x_aware,amr_positive,10x,41,578,19,0.0328719723183391,0.7573674795217022,0.22509570343746232,6.847648241413328,0.5,3,12,547,16,0.2,0.17647058823529413,0.15299803535929946,0.15789473684210525,0.9785330948121646,0.5682139158271349,0.5789473684210527,0.3684210526315789,136,14,0.16483516483516483,0.9715808170515098,0.03991046497637363,0.6977486169718831,0.01755102868314522,0.3576498228275141,0.1770327529031434
historical_gold,historical_gold_amr_positive_5x_aware,amr_positive,5x,1,578,19,0.0328719723183391,0.8420111100649657,0.23757864290839387,7.227392400055351,0.5,9,31,528,10,0.225,0.3050847457627119,0.2938155090530925,0.47368421052631576,0.9445438282647585,0.7091140193955371,0.6842105263157895,0.47368421052631576,136,14,0.3879310344827586,0.9814126394052045,0.05170899901478364,0.3939574248302602,0.04007622604431127,0.21701682543728573,0.18953916017470276
historical_gold,historical_gold_amr_positive_5x_aware,amr_positive,5x,11,578,19,0.0328719723183391,0.8535919404952452,0.2550883261534026,7.760055395614038,0.5,7,28,531,12,0.2,0.25925925925925924,0.23797346237239045,0.3684210526315789,0.9499105545617174,0.6591658035966481,0.631578947368421,0.3684210526315789,136,14,0.3153153153153153,0.9779005524861878,0.04711474971965585,0.4917729858898998,0.032001142407965984,0.2618870641489329,0.18032158956428168
historical_gold,historical_gold_amr_positive_5x_aware,amr_positive,5x,21,578,19,0.0328719723183391,0.7677243197439036,0.35329957510874427,10.74774496909759,0.5,9,28,531,10,0.24324324324324326,0.32142857142857145,0.30855585668944985,0.47368421052631576,0.9499105545617174,0.7117973825440166,0.631578947368421,0.47368421052631576,136,14,0.39823008849557523,0.9815157116451017,0.046663102790036354,0.44530335767557255,0.03311361291020597,0.23920848529288927,0.19117440862207605
historical_gold,historical_gold_amr_positive_5x_aware,amr_positive,5x,31,578,19,0.0328719723183391,0.8257226249882308,0.30930649740470706,9.409429236837932,0.5,6,19,540,13,0.24,0.2727272727272727,0.24699686580003805,0.3157894736842105,0.9660107334525939,0.6409001035684022,0.631578947368421,0.42105263157894735,136,14,0.297029702970297,0.976491862567812,0.043152443812971945,0.5395564775142686,0.026280034796291023,0.2829182561552798,0.1693138377537469
historical_gold,historical_gold_amr_positive_5x_aware,amr_positive,5x,41,578,19,0.0328719723183391,0.7857075604933622,0.27588075395413814,8.392582936078519,0.5,5,29,530,14,0.14705882352941177,0.18867924528301888,0.16010365251907346,0.2631578947368421,0.9481216457960644,0.6056397702664532,0.42105263157894735,0.2631578947368421,136,14,0.22727272727272727,0.9742647058823529,0.04906811370728884,0.5302172631817308,0.0327142070167443,0.28146573509923756,0.18959277520773227
historical_gold,historical_gold_significant_rejection_40x_agnostic,significant_rejection,40x,1,578,36,0.06228373702422145,0.8773575235752358,0.31576735303364867,5.069820279262471,0.5,14,31,511,22,0.3111111111111111,0.345679012345679,0.29916980168355495,0.3888888888888889,0.9428044280442804,0.6658466584665846,0.3888888888888889,0.3888888888888889,136,28,0.37037037037037035,0.9587242026266416,0.06923699382476255,0.5222712794440889,0.03914615566554531,0.28070871755481713,0.2309331648544386
historical_gold,historical_gold_significant_rejection_40x_agnostic,significant_rejection,40x,11,578,36,0.06228373702422145,0.8912976629766297,0.4103537769131275,6.58845786266077,0.5,18,38,504,18,0.32142857142857145,0.391304347826087,0.3512192111605787,0.5,0.9298892988929889,0.7149446494464944,0.6388888888888888,0.4722222222222222,136,28,0.45,0.9655172413793104,0.06739067724261322,0.3744698757311901,0.046994272914958654,0.2107320743230744,0.23360340982836483
historical_gold,historical_gold_significant_rejection_40x_agnostic,significant_rejection,40x,21,578,36,0.06228373702422145,0.8710537105371053,0.30876618849275195,4.957412693022517,0.5,15,49,493,21,0.234375,0.3,0.2512720564708463,0.4166666666666667,0.9095940959409594,0.6631303813038131,0.4722222222222222,0.2777777777777778,136,28,0.3605769230769231,0.9591439688715954,0.0799433550958308,0.46071035502529445,0.05465255805254538,0.25768145653891994,0.25444762581784985
historical_gold,historical_gold_significant_rejection_40x_agnostic,significant_rejection,40x,31,578,36,0.06228373702422145,0.8764350143501435,0.35640376236160654,5.722260406805794,0.5,17,35,507,19,0.3269230769230769,0.38636363636363635,0.34430247855502044,0.4722222222222222,0.9354243542435424,0.7038232882328823,0.5833333333333334,0.4444444444444444,136,28,0.4336734693877551,0.9638783269961977,0.07032139427924462,0.4127482078179643,0.047577177881838885,0.2301626928499016,0.254568025636745
historical_gold,historical_gold_significant_rejection_40x_agnostic,significant_rejection,40x,41,578,36,0.06228373702422145,0.873359983599836,0.32338494294910963,5.192124917349594,0.5,16,24,518,20,0.4,0.42105263157894735,0.3810375512530594,0.4444444444444444,0.955719557195572,0.7000820008200082,0.6388888888888888,0.4444444444444444,136,28,0.43478260869565216,0.9628252788104089,0.06259273178310817,0.4232737480016229,0.038636059119147796,0.23095490356038534,0.2597440350863779
historical_gold,historical_gold_significant_rejection_40x_nomask,significant_rejection,40x,1,578,36,0.06228373702422145,0.8152419024190242,0.43023278026880707,6.907626305426958,0.5,17,30,512,19,0.3617021276595745,0.40963855421686746,0.3686014887008923,0.4722222222222222,0.9446494464944649,0.7084358343583436,0.6388888888888888,0.4444444444444444,136,28,0.44502617801047123,0.9642184557438794,0.06336903050610244,0.3843346382027944,0.04205028165539965,0.21319245992909702,0.25881954985910455
historical_gold,historical_gold_significant_rejection_40x_nomask,significant_rejection,40x,11,578,36,0.06228373702422145,0.8578823288232882,0.4142424360159501,6.650892444922755,0.5,15,29,513,21,0.3409090909090909,0.375,0.33094306715182,0.4166666666666667,0.9464944649446494,0.6815805658056581,0.5833333333333334,0.4166666666666667,136,28,0.39893617021276595,0.9606741573033708,0.06259828696021229,0.4669164013722696,0.03574320925018634,0.25132980531122795,0.2384839356735561
historical_gold,historical_gold_significant_rejection_40x_nomask,significant_rejection,40x,21,578,36,0.06228373702422145,0.8175994259942599,0.37663745123763415,6.047123522648682,0.5,19,28,514,17,0.40425531914893614,0.4578313253012048,0.4209869473852089,0.5277777777777778,0.948339483394834,0.7380586305863059,0.5555555555555556,0.5,136,28,0.4973821989528796,0.967984934086629,0.06460065562953093,0.43988230029474074,0.039674199526306665,0.2397782499105237,0.2567945882253539
historical_gold,historical_gold_significant_rejection_40x_nomask,significant_rejection,40x,31,578,36,0.06228373702422145,0.8079643296432965,0.4389651217232051,7.0478288987781275,0.5,19,49,493,17,0.27941176470588236,0.36538461538461536,0.3280667380445318,0.5277777777777778,0.9095940959409594,0.7186859368593685,0.5833333333333334,0.4166666666666667,136,28,0.4481132075471698,0.9666666666666667,0.07450627522306644,0.3772738927951018,0.05439624896366925,0.21583507087938553,0.25884302192128095
historical_gold,historical_gold_significant_rejection_40x_nomask,significant_rejection,40x,41,578,36,0.06228373702422145,0.8029417794177942,0.3411151279474214,5.476792887600266,0.5,18,27,515,18,0.4,0.4444444444444444,0.4060425738548125,0.5,0.9501845018450185,0.7250922509225093,0.5555555555555556,0.5,136,28,0.47619047619047616,0.9662288930581614,0.06282021634701641,0.44276944808095486,0.03758373601044486,0.24017659204569985,0.278967422326432
historical_gold,historical_gold_significant_rejection_40x_aware,significant_rejection,40x,1,578,36,0.06228373702422145,0.7948954489544895,0.2946095785314084,4.7301204553098355,0.5,18,35,507,18,0.33962264150943394,0.4044943820224719,0.36462464859509386,0.5,0.9354243542435424,0.7177121771217712,0.5833333333333334,0.3055555555555556,136,28,0.45685279187817257,0.9657142857142857,0.06845077337707954,0.4428404744170215,0.04358356076188045,0.243212017589451,0.2673025441080181
historical_gold,historical_gold_significant_rejection_40x_aware,significant_rejection,40x,11,578,36,0.06228373702422145,0.8503485034850349,0.3809410991611686,6.11622098097654,0.5,17,25,517,19,0.40476190476190477,0.4358974358974359,0.3966907616189193,0.4722222222222222,0.9538745387453874,0.7130483804838048,0.6388888888888888,0.4722222222222222,136,28,0.45698924731182794,0.9645522388059702,0.06021202746425081,0.40283447871100053,0.03745481668033386,0.2201446476956672,0.22215951585908547
historical_gold,historical_gold_significant_rejection_40x_aware,significant_rejection,40x,21,578,36,0.06228373702422145,0.8622898728987289,0.39778712807575506,6.386693334105178,0.5,16,21,521,20,0.43243243243243246,0.4383561643835616,0.4005487652465404,0.4444444444444444,0.9612546125461254,0.7028495284952849,0.6388888888888888,0.4722222222222222,136,28,0.4419889502762431,0.9630314232902033,0.056126681456524226,0.47271070543941485,0.028456893885704916,0.2505837996625599,0.24230057284173157
historical_gold,historical_gold_significant_rejection_40x_aware,significant_rejection,40x,31,578,36,0.06228373702422145,0.787310373103731,0.355397319185469,5.706101402477809,0.5,16,38,504,20,0.2962962962962963,0.35555555555555557,0.31084747750944136,0.4444444444444444,0.9298892988929889,0.6871668716687167,0.5,0.4166666666666667,136,28,0.40404040404040403,0.9618320610687023,0.07315483739321477,0.4677160078067711,0.046947822384196286,0.2573319150954837,0.2972596393847803
historical_gold,historical_gold_significant_rejection_40x_aware,significant_rejection,40x,41,578,36,0.06228373702422145,0.7792640426404264,0.28072055823383685,4.507124518309936,0.5,16,39,503,20,0.2909090909090909,0.3516483516483517,0.30678338551442247,0.4444444444444444,0.9280442804428044,0.6862443624436244,0.5,0.3611111111111111,136,28,0.4020100502512563,0.9617590822179732,0.08124305345734555,0.4593564366681559,0.056128511399062934,0.2577424740336094,0.32548781588343023
historical_gold,historical_gold_significant_rejection_20x_aware,significant_rejection,20x,1,578,36,0.06228373702422145,0.8322570725707258,0.48139670542659657,7.729091548238134,0.5,21,24,518,15,0.4666666666666667,0.5185185185185185,0.4861971529832557,0.5833333333333334,0.955719557195572,0.7695264452644527,0.6666666666666666,0.5833333333333334,136,28,0.5555555555555556,0.9718574108818011,0.05170094934198727,0.3735289822869182,0.030324917633467854,0.20192694996019303,0.20695772167932952
historical_gold,historical_gold_significant_rejection_20x_aware,significant_rejection,20x,11,578,36,0.06228373702422145,0.8694649446494465,0.48075705681932074,7.718821634487983,0.5,18,18,524,18,0.5,0.5,0.466789667896679,0.5,0.966789667896679,0.7333948339483395,0.6388888888888888,0.5277777777777778,136,28,0.5,0.966789667896679,0.04727324476794209,0.4180986600866188,0.022642774377771686,0.22037071723219523,0.19170308720003446
historical_gold,historical_gold_significant_rejection_20x_aware,significant_rejection,20x,21,578,36,0.06228373702422145,0.8519372693726937,0.4250838546658162,6.824957444356716,0.5,15,26,516,21,0.36585365853658536,0.38961038961038963,0.34708869507306334,0.4166666666666667,0.9520295202952029,0.6843480934809348,0.6944444444444444,0.4444444444444444,136,28,0.40540540540540543,0.9608938547486033,0.060355800810146513,0.4843047135566833,0.0321968324358378,0.25825077299626054,0.24471063162948795
historical_gold,historical_gold_significant_rejection_20x_aware,significant_rejection,20x,31,578,36,0.06228373702422145,0.8279520295202951,0.4800150058694023,7.706907594236515,0.5,18,20,522,18,0.47368421052631576,0.4864864864864865,0.4515820288020457,0.5,0.9630996309963099,0.731549815498155,0.5833333333333334,0.5277777777777778,136,28,0.4945054945054945,0.9666666666666667,0.05356909058813472,0.43623677778102116,0.028152048634363658,0.2321944132076924,0.20727596112371824
historical_gold,historical_gold_significant_rejection_20x_aware,significant_rejection,20x,41,578,36,0.06228373702422145,0.8104756047560476,0.40436365904633664,6.492283192466183,0.5,19,30,512,17,0.3877551020408163,0.4470588235294118,0.40988302631864465,0.5277777777777778,0.9446494464944649,0.7362136121361214,0.5833333333333334,0.5277777777777778,136,28,0.49222797927461137,0.9678638941398866,0.06102562653684066,0.413642718508292,0.037604565077482284,0.22562364179288713,0.2700851104722455
historical_gold,historical_gold_significant_rejection_10x_aware,significant_rejection,10x,1,578,36,0.06228373702422145,0.8101681016810168,0.38126692402364865,6.12145228015747,0.5,15,22,520,21,0.40540540540540543,0.410958904109589,0.3713020261974625,0.4166666666666667,0.959409594095941,0.6880381303813038,0.5277777777777778,0.4166666666666667,136,28,0.4143646408839779,0.9611829944547134,0.06433337163258748,0.4752649834373813,0.03703902103300707,0.2561520022351942,0.24671855656328084
historical_gold,historical_gold_significant_rejection_10x_aware,significant_rejection,10x,11,578,36,0.06228373702422145,0.8408159081590816,0.4406409542522856,7.074735321050586,0.5,18,30,512,18,0.375,0.42857142857142855,0.38941268659226885,0.5,0.9446494464944649,0.7223247232472325,0.6666666666666666,0.4722222222222222,136,28,0.46875,0.9660377358490566,0.059223111920208814,0.40965580098233256,0.03594713995298286,0.22280147046765772,0.22660422676317443
historical_gold,historical_gold_significant_rejection_10x_aware,significant_rejection,10x,21,578,36,0.06228373702422145,0.8454284542845429,0.37103244968224125,5.957132108787096,0.5,15,24,518,21,0.38461538461538464,0.4,0.35877139872040353,0.4166666666666667,0.955719557195572,0.6861931119311193,0.6666666666666666,0.4444444444444444,136,28,0.4098360655737705,0.961038961038961,0.06229716655039672,0.48094763586547795,0.03449012430806661,0.2577188800867723,0.2412057969142746
historical_gold,historical_gold_significant_rejection_10x_aware,significant_rejection,10x,31,578,36,0.06228373702422145,0.7761377613776137,0.3083982651283294,4.951505479004845,0.5,16,30,512,20,0.34782608695652173,0.3902439024390244,0.34743260592386416,0.4444444444444444,0.9446494464944649,0.6945469454694546,0.5277777777777778,0.4444444444444444,136,28,0.42105263157894735,0.9624060150375939,0.06830088749272463,0.503157977467285,0.039417390741646824,0.2712876841044659,0.27606237529816835
historical_gold,historical_gold_significant_rejection_10x_aware,significant_rejection,10x,41,578,36,0.06228373702422145,0.7845428454284542,0.2942642437790178,4.724575914007564,0.5,17,38,504,19,0.3090909090909091,0.37362637362637363,0.33118085343232784,0.4722222222222222,0.9298892988929889,0.7010557605576055,0.5277777777777778,0.3888888888888889,136,28,0.4271356783919598,0.9636711281070746,0.073570761317914,0.4488381604987404,0.04864525140922441,0.24874170595398243,0.3078371632145683
historical_gold,historical_gold_significant_rejection_5x_aware,significant_rejection,5x,1,578,36,0.06228373702422145,0.8222632226322263,0.3169982444026766,5.089582924020752,0.5,18,40,502,18,0.3103448275862069,0.3829787234042553,0.34280560833189505,0.5,0.9261992619926199,0.71309963099631,0.5277777777777778,0.4444444444444444,136,28,0.44554455445544555,0.9653846153846154,0.07360497398044952,0.38937147080230183,0.05263155352733756,0.2210015121648197,0.28317150192570845
historical_gold,historical_gold_significant_rejection_5x_aware,significant_rejection,5x,11,578,36,0.06228373702422145,0.8331283312833129,0.4020873993094905,6.455736577802376,0.5,16,25,517,20,0.3902439024390244,0.4155844155844156,0.3749754431620584,0.4444444444444444,0.9538745387453874,0.699159491594916,0.6111111111111112,0.4722222222222222,136,28,0.43243243243243246,0.962756052141527,0.06149416946349024,0.4484119862533675,0.03579483107892275,0.2421034086661451,0.2528215871808798
historical_gold,historical_gold_significant_rejection_5x_aware,significant_rejection,5x,21,578,36,0.06228373702422145,0.849118491184912,0.3526143945879902,5.661420001996065,0.5,19,26,516,17,0.4222222222222222,0.4691358024691358,0.43276076689762694,0.5277777777777778,0.9520295202952029,0.7399036490364903,0.6666666666666666,0.5277777777777778,136,28,0.5026455026455027,0.9681050656660413,0.0607234510470306,0.39140933258032407,0.0387590751518303,0.21508420386607718,0.229806529182854
historical_gold,historical_gold_significant_rejection_5x_aware,significant_rejection,5x,31,578,36,0.06228373702422145,0.7970479704797048,0.3403421046538878,5.464381569165199,0.5,16,39,503,20,0.2909090909090909,0.3516483516483517,0.30678338551442247,0.4444444444444444,0.9280442804428044,0.6862443624436244,0.4722222222222222,0.4166666666666667,136,28,0.4020100502512563,0.9617590822179732,0.07961126647244639,0.4777821192891831,0.0531644939606336,0.26547330662490837,0.30485515410750097
historical_gold,historical_gold_significant_rejection_5x_aware,significant_rejection,5x,41,578,36,0.06228373702422145,0.766861418614186,0.34066421396422486,5.4695532130922775,0.5,18,41,501,18,0.3050847457627119,0.37894736842105264,0.3387425545884769,0.5,0.9243542435424354,0.7121771217712177,0.5555555555555556,0.4444444444444444,136,28,0.4433497536945813,0.9653179190751445,0.07393068561302277,0.4300177135632905,0.050279148701196874,0.24014843113224368,0.29250987747804125
historical_slide,historical_slide_acr_high_10x,acr_high,10x,11,578,17,0.029411764705882353,0.8874908252070882,0.24528716800576655,8.339763712196063,0.5,5,5,556,12,0.5,0.37037037037037035,0.3695633071416705,0.29411764705882354,0.9910873440285205,0.642602495543672,0.5882352941176471,0.4117647058823529,136,14,0.32051282051282054,0.9788732394366197,0.028545238624556622,0.5999155028770188,0.011230988192663821,0.3055732455348413,0.12717083068663895
historical_slide_current_eval,historical_slide_current_eval_acr_high_10x,acr_high,10x,11,575,14,0.02434782608695652,0.8647822765469825,0.14707240723144038,6.040473868434159,0.5,2,5,556,12,0.2857142857142857,0.19047619047619047,0.18825525302813087,0.14285714285714285,0.9910873440285205,0.5669722434428317,0.5,0.2857142857142857,133,11,0.15873015873015872,0.9788732394366197,0.028665372729076544,0.7272860673667577,0.011230988192663821,0.36925852777971074,0.12750321328796405
historical_slide,historical_slide_acr_high_10x,acr_high,10x,1,578,17,0.029411764705882353,0.9045821537171018,0.4339343923266517,14.753769339106158,0.5,5,4,557,12,0.5555555555555556,0.38461538461538464,0.3916440366606331,0.29411764705882354,0.9928698752228164,0.64349376114082,0.8235294117647058,0.7647058823529411,136,14,0.3246753246753247,0.9789103690685413,0.0225856828682084,0.47149732321898813,0.008982299827275678,0.2402398115231319,0.0956984062085047
historical_slide_current_eval,historical_slide_current_eval_acr_high_10x,acr_high,10x,1,575,14,0.02434782608695652,0.8845174433409727,0.2634169771580103,10.818911561846853,0.5,2,4,557,12,0.3333333333333333,0.2,0.20586380604966154,0.14285714285714285,0.9928698752228164,0.5678635090399796,0.7857142857142857,0.7142857142857143,133,11,0.16129032258064516,0.9789103690685413,0.022696045322230976,0.5722254183700828,0.008982299827275678,0.29060385909867925,0.09603682719369343
historical_slide,historical_slide_acr_high_10x,acr_high,10x,21,578,17,0.029411764705882353,0.8718674635629653,0.3319708029581201,11.287007300576084,0.5,5,3,558,12,0.625,0.4,0.41761455180057855,0.29411764705882354,0.9946524064171123,0.6443850267379679,0.5882352941176471,0.47058823529411764,136,14,0.32894736842105265,0.9789473684210527,0.026327940572756017,0.5913296720108817,0.009206675983721907,0.3002681739973018,0.1152126352359999
historical_slide_current_eval,historical_slide_current_eval_acr_high_10x,acr_high,10x,21,575,14,0.02434782608695652,0.8449197860962567,0.16863196528235103,6.925955716953703,0.5,2,3,558,12,0.4,0.21052631578947367,0.22827369938353403,0.14285714285714285,0.9946524064171123,0.5687547746371275,0.5,0.35714285714285715,133,11,0.16393442622950818,0.9789473684210527,0.026452732831774645,0.7175268679573167,0.009206675983721907,0.3633667719705193,0.11561381984626398
historical_slide,historical_slide_acr_high_10x,acr_high,10x,31,578,17,0.029411764705882353,0.8927335640138407,0.3150694628183295,10.712361735823203,0.5,5,16,545,12,0.23809523809523808,0.2631578947368421,0.23982367489019238,0.29411764705882354,0.9714795008912656,0.6327985739750446,0.6470588235294118,0.4117647058823529,136,14,0.2808988764044944,0.9784560143626571,0.0368522339365981,0.5296426603357729,0.021919190712380684,0.2757809255240768,0.1402815550654442
historical_slide_current_eval,historical_slide_current_eval_acr_high_10x,acr_high,10x,31,575,14,0.02434782608695652,0.8701298701298702,0.14299239579218312,5.872901970036092,0.5,2,16,545,12,0.1111111111111111,0.125,0.10119686021247515,0.14285714285714285,0.9714795008912656,0.5571683218742042,0.5714285714285714,0.2857142857142857,133,11,0.13513513513513514,0.9784560143626571,0.03704404499067057,0.6431185628564297,0.021919190712380684,0.33251887678440517,0.14097983844811268
historical_slide,historical_slide_acr_high_10x,acr_high,10x,41,578,17,0.029411764705882353,0.9121316975988256,0.3269113543999806,11.11498604959934,0.5,4,6,555,13,0.4,0.2962962962962963,0.29103110437406554,0.23529411764705882,0.9893048128342246,0.6122994652406417,0.7058823529411765,0.5882352941176471,136,14,0.2564102564102564,0.977112676056338,0.026352438710145563,0.5567697776760784,0.010279186014208198,0.2835244818451433,0.11437282133120685
historical_slide_current_eval,historical_slide_current_eval_acr_high_10x,acr_high,10x,41,575,14,0.02434782608695652,0.8938120702826585,0.18244385337762428,7.493229692295283,0.5,1,6,555,13,0.14285714285714285,0.09523809523809523,0.08535908335971333,0.07142857142857142,0.9893048128342246,0.530366692131398,0.6428571428571429,0.5,133,11,0.07936507936507936,0.977112676056338,0.02648974236528586,0.6760698932906121,0.010279186014208198,0.3431745396524101,0.11495046546425004
historical_slide,historical_slide_acr_high_20x,acr_high,20x,11,578,17,0.029411764705882353,0.7990982489252385,0.3384723819185903,11.50806098523207,0.5,5,5,556,12,0.5,0.37037037037037035,0.3695633071416705,0.29411764705882354,0.9910873440285205,0.642602495543672,0.6470588235294118,0.4117647058823529,136,14,0.32051282051282054,0.9788732394366197,0.028057965171443783,0.6697596220548399,0.008612460417401482,0.3391860412361207,0.1453267412503557
historical_slide_current_eval,historical_slide_current_eval_acr_high_20x,acr_high,20x,11,575,14,0.02434782608695652,0.7560478736949325,0.12367774733018926,5.079621765347059,0.5,2,5,556,12,0.2857142857142857,0.19047619047619047,0.18825525302813087,0.14285714285714285,0.9910873440285205,0.5669722434428317,0.5714285714285714,0.2857142857142857,133,11,0.15873015873015872,0.9788732394366197,0.02820433697966836,0.813278819224791,0.008612460417401482,0.4109456398210962,0.14607736746869415
historical_slide,historical_slide_acr_high_20x,acr_high,20x,1,578,17,0.029411764705882353,0.9031141868512109,0.44500399038800026,15.13013567319201,0.5,5,3,558,12,0.625,0.4,0.41761455180057855,0.29411764705882354,0.9946524064171123,0.6443850267379679,0.7058823529411765,0.47058823529411764,136,14,0.32894736842105265,0.9789473684210527,0.023684386184266364,0.5408234014001206,0.008013506935301087,0.2744184541677109,0.09284093467195147
historical_slide_current_eval,historical_slide_current_eval_acr_high_20x,acr_high,20x,1,575,14,0.02434782608695652,0.8823529411764706,0.27734375252394655,11.390904121519233,0.5,2,3,558,12,0.4,0.21052631578947367,0.22827369938353403,0.14285714285714285,0.9946524064171123,0.5687547746371275,0.6428571428571429,0.35714285714285715,133,11,0.16393442622950818,0.9789473684210527,0.02380573958638645,0.6566230622477356,0.008013506935301087,0.33231828459151835,0.09325367993830685
historical_slide,historical_slide_acr_high_20x,acr_high,20x,21,578,17,0.029411764705882353,0.9123414071510958,0.3627870270237049,12.334758918805967,0.5,4,7,554,13,0.36363636363636365,0.2857142857142857,0.2755276391868591,0.23529411764705882,0.9875222816399287,0.6114081996434938,0.7058823529411765,0.5882352941176471,136,14,0.25316455696202533,0.9770723104056437,0.027655769193443865,0.5427579800924918,0.01204661128741211,0.27740229568995195,0.1041487767561626
historical_slide_current_eval,historical_slide_current_eval_acr_high_20x,acr_high,20x,21,575,14,0.02434782608695652,0.8940667175961293,0.19745251236323513,8.10965675777573,0.5,1,7,554,13,0.125,0.09090909090909091,0.07757093381599477,0.07142857142857142,0.9875222816399287,0.5294754265342501,0.6428571428571429,0.5,133,11,0.078125,0.9770723104056437,0.027762790557985053,0.657532545614515,0.01204661128741211,0.3347895784509636,0.10439058582023766
historical_slide,historical_slide_acr_high_20x,acr_high,20x,31,578,17,0.029411764705882353,0.8589703260983538,0.3271174258574153,11.121992479152121,0.5,4,10,551,13,0.2857142857142857,0.25806451612903225,0.23900076491928626,0.23529411764705882,0.982174688057041,0.6087344028520499,0.6470588235294118,0.35294117647058826,136,14,0.24390243902439024,0.9769503546099291,0.03358739725718992,0.5729960367844712,0.01724168090787836,0.2951188588461748,0.13349989905352058
historical_slide_current_eval,historical_slide_current_eval_acr_high_20x,acr_high,20x,31,575,14,0.02434782608695652,0.829004329004329,0.16516934235170644,6.783740846587943,0.5,1,10,551,13,0.09090909090909091,0.08,0.06031158650463282,0.07142857142857142,0.982174688057041,0.5268016297428062,0.5714285714285714,0.21428571428571427,133,11,0.07462686567164178,0.9769503546099291,0.033761641722733694,0.6957400715180083,0.01724168090787836,0.35649087621294334,0.13414529088162247
historical_slide,historical_slide_acr_high_20x,acr_high,20x,41,578,17,0.029411764705882353,0.9207297892419,0.3790968712500565,12.88929362250192,0.5,5,7,554,12,0.4166666666666667,0.3448275862068966,0.3337346336913439,0.29411764705882354,0.9875222816399287,0.6408199643493762,0.7058823529411765,0.5294117647058824,136,14,0.3125,0.9787985865724381,0.028870329088151833,0.5855681567284362,0.012000697947537163,0.29878442733798666,0.11408812161067049
historical_slide_current_eval,historical_slide_current_eval_acr_high_20x,acr_high,20x,41,575,14,0.02434782608695652,0.9039979628214923,0.21782580777961164,8.94641710523405,0.5,2,7,554,12,0.2222222222222222,0.17391304347826086,0.16189186935292235,0.14285714285714285,0.9875222816399287,0.5651897122485358,0.6428571428571429,0.42857142857142855,133,11,0.15384615384615385,0.9787985865724381,0.02902093886291921,0.711046306972157,0.012000697947537163,0.36152350245984705,0.11467545417883546
historical_slide,historical_slide_acr_high_40x,acr_high,40x,11,578,17,0.029411764705882353,0.9254482541679773,0.3421744022103086,11.633929675150492,0.5,4,8,553,13,0.3333333333333333,0.27586206896551724,0.2619183201121939,0.23529411764705882,0.9857397504456328,0.6105169340463458,0.7647058823529411,0.6470588235294118,136,14,0.25,0.9770318021201413,0.02632843438160227,0.5570480199758263,0.010246022696928814,0.28364702133637754,0.1217722141523276
historical_slide_current_eval,historical_slide_current_eval_acr_high_40x,acr_high,40x,11,575,14,0.02434782608695652,0.9101094983447924,0.20825784626903276,8.553447257478132,0.5,1,8,553,13,0.1111111111111111,0.08695652173913043,0.0709857903705685,0.07142857142857142,0.9857397504456328,0.5285841609371021,0.7142857142857143,0.5714285714285714,133,11,0.07692307692307693,0.9770318021201413,0.02646405285307672,0.6763436898244323,0.010246022696928814,0.34329485626068057,0.1223301073099687
historical_slide,historical_slide_acr_high_40x,acr_high,40x,1,578,17,0.029411764705882353,0.8966131907308379,0.38215903563784176,12.99340721168662,0.5,5,3,558,12,0.625,0.4,0.41761455180057855,0.29411764705882354,0.9946524064171123,0.6443850267379679,0.7058823529411765,0.5294117647058824,136,14,0.32894736842105265,0.9789473684210527,0.025030516855177397,0.5594418904995812,0.008836232805346981,0.28413906165246405,0.12635403161686773
historical_slide_current_eval,historical_slide_current_eval_acr_high_40x,acr_high,40x,1,575,14,0.02434782608695652,0.8748408454290808,0.21076276985652168,8.656328047678569,0.5,2,3,558,12,0.4,0.21052631578947367,0.22827369938353403,0.14285714285714285,0.9946524064171123,0.5687547746371275,0.6428571428571429,0.42857142857142855,133,11,0.16393442622950818,0.9789473684210527,0.02516110259809583,0.6793219564361035,0.008836232805346981,0.3440790946207252,0.12700908093605434
historical_slide,historical_slide_acr_high_40x,acr_high,40x,21,578,17,0.029411764705882353,0.9099297472999894,0.32895359312755224,11.184422166336777,0.5,6,15,546,11,0.2857142857142857,0.3157894736842105,0.2945485403013772,0.35294117647058826,0.9732620320855615,0.6631016042780749,0.7058823529411765,0.47058823529411764,136,14,0.33707865168539325,0.9802513464991023,0.03464589175285893,0.4991938774781042,0.02056868006421514,0.25988127877115963,0.13158831929543072
historical_slide_current_eval,historical_slide_current_eval_acr_high_40x,acr_high,40x,21,575,14,0.02434782608695652,0.8910109498344791,0.180631668980685,7.418800690278134,0.5,3,15,546,11,0.16666666666666666,0.1875,0.16599440433516247,0.21428571428571427,0.9732620320855615,0.5937738731856379,0.6428571428571429,0.35714285714285715,133,11,0.20270270270270271,0.9802513464991023,0.034826466485994696,0.6061563366730182,0.02056868006421514,0.3133625083686167,0.1322448741712472
historical_slide,historical_slide_acr_high_40x,acr_high,40x,31,578,17,0.029411764705882353,0.9293278808849744,0.40794840242762814,13.870245682539357,0.5,5,8,553,12,0.38461538461538464,0.3333333333333333,0.31889431893550385,0.29411764705882354,0.9857397504456328,0.6399286987522281,0.7647058823529411,0.7058823529411765,136,14,0.30864197530864196,0.9787610619469026,0.024650008398262337,0.47634021649724234,0.010962426334656883,0.2436513214159496,0.10362867857193246
historical_slide_current_eval,historical_slide_current_eval_acr_high_40x,acr_high,40x,31,575,14,0.02434782608695652,0.9145658263305323,0.26133873247013756,10.733555083594936,0.5,2,8,553,12,0.2,0.16666666666666666,0.15161832742078615,0.14285714285714285,0.9857397504456328,0.5642984466513878,0.7142857142857143,0.6428571428571429,133,11,0.15151515151515152,0.9787610619469026,0.024778525384839392,0.5784093516100096,0.010962426334656883,0.2946858889723333,0.10415488677481446
historical_slide,historical_slide_acr_high_40x,acr_high,40x,41,578,17,0.029411764705882353,0.9284890426758938,0.3067231783521841,10.42858806397426,0.5,6,9,552,11,0.4,0.375,0.358018119657241,0.35294117647058826,0.983957219251337,0.6684491978609626,0.6470588235294118,0.4117647058823529,136,14,0.3614457831325301,0.9804618117229129,0.032083581843684296,0.540398630438224,0.016680095522637644,0.2785393629804308,0.12631474191442887
historical_slide_current_eval,historical_slide_current_eval_acr_high_40x,acr_high,40x,41,575,14,0.02434782608695652,0.9140565317035906,0.1598072070134495,6.56351028805239,0.5,3,9,552,11,0.25,0.23076923076923078,0.2137461710164976,0.21428571428571427,0.983957219251337,0.5991214667685256,0.5714285714285714,0.2857142857142857,133,11,0.22058823529411764,0.9804618117229129,0.03223394228073625,0.6554988016588306,0.016680095522637644,0.3360894485907341,0.12677440553226751
historical_slide,historical_slide_acr_high_5x,acr_high,5x,11,578,17,0.029411764705882353,0.9510328195449302,0.423464989588435,14.39780964600679,0.5,5,3,558,12,0.625,0.4,0.41761455180057855,0.29411764705882354,0.9946524064171123,0.6443850267379679,0.8823529411764706,0.7647058823529411,136,14,0.32894736842105265,0.9789473684210527,0.02405851951106821,0.578658473493789,0.007252460299470617,0.29295546689662977,0.10230488255461516
historical_slide_current_eval,historical_slide_current_eval_acr_high_5x,acr_high,5x,11,575,14,0.02434782608695652,0.9410491469314999,0.25836198797434434,10.611295934660571,0.5,2,3,558,12,0.4,0.21052631578947367,0.22827369938353403,0.14285714285714285,0.9946524064171123,0.5687547746371275,0.8571428571428571,0.7142857142857143,133,11,0.16393442622950818,0.9789473684210527,0.02396331426779926,0.6935911054272543,0.007252460299470617,0.35042178286336245,0.10207141727765917
historical_slide,historical_slide_acr_high_5x,acr_high,5x,1,578,17,0.029411764705882353,0.8715528992345601,0.30994521937535774,10.538137458762163,0.5,4,8,553,13,0.3333333333333333,0.27586206896551724,0.2619183201121939,0.23529411764705882,0.9857397504456328,0.6105169340463458,0.6470588235294118,0.47058823529411764,136,14,0.25,0.9770318021201413,0.03140837477069576,0.5394067261798264,0.016014485334055435,0.27771060575694095,0.14617827862275096
historical_slide_current_eval,historical_slide_current_eval_acr_high_5x,acr_high,5x,1,575,14,0.02434782608695652,0.844410491469315,0.14375908695668427,5.9043910714352466,0.5,1,8,553,13,0.1111111111111111,0.08695652173913043,0.0709857903705685,0.07142857142857142,0.9857397504456328,0.5285841609371021,0.5714285714285714,0.35714285714285715,133,11,0.07692307692307693,0.9770318021201413,0.03157124425596734,0.6549527981982944,0.016014485334055435,0.33548364176617496,0.14689443128398877
historical_slide,historical_slide_acr_high_5x,acr_high,5x,21,578,17,0.029411764705882353,0.9262870923770579,0.4051977850210907,13.776724690717085,0.5,5,8,553,12,0.38461538461538464,0.3333333333333333,0.31889431893550385,0.29411764705882354,0.9857397504456328,0.6399286987522281,0.8235294117647058,0.7058823529411765,136,14,0.30864197530864196,0.9787610619469026,0.027782530294181713,0.5021348830133946,0.013408216575417686,0.25777154979440614,0.10528613309910405
historical_slide_current_eval,historical_slide_current_eval_acr_high_5x,acr_high,5x,21,575,14,0.02434782608695652,0.910873440285205,0.22181641078103292,9.110316871363853,0.5,2,8,553,12,0.2,0.16666666666666666,0.15161832742078615,0.14285714285714285,0.9857397504456328,0.5642984466513878,0.7857142857142857,0.6428571428571429,133,11,0.15151515151515152,0.9787610619469026,0.027922271048090207,0.6095211681316107,0.013408216575417686,0.3114646923535142,0.10570102421976964
historical_slide,historical_slide_acr_high_5x,acr_high,5x,31,578,17,0.029411764705882353,0.9035336059557513,0.3641424767739918,12.380844210315722,0.5,4,8,553,13,0.3333333333333333,0.27586206896551724,0.2619183201121939,0.23529411764705882,0.9857397504456328,0.6105169340463458,0.6470588235294118,0.5294117647058824,136,14,0.25,0.9770318021201413,0.026883459794425624,0.5831560328578057,0.010026715156141373,0.29659137400697355,0.11669590220394355
historical_slide_current_eval,historical_slide_current_eval_acr_high_5x,acr_high,5x,31,575,14,0.02434782608695652,0.8831168831168832,0.17074008258540052,7.012539106186093,0.5,1,8,553,13,0.1111111111111111,0.08695652173913043,0.0709857903705685,0.07142857142857142,0.9857397504456328,0.5285841609371021,0.5714285714285714,0.42857142857142855,133,11,0.07692307692307693,0.9770318021201413,0.02702333030541078,0.7081019802154206,0.010026715156141373,0.359064347685781,0.117275136454377
historical_slide,historical_slide_acr_high_5x,acr_high,5x,41,578,17,0.029411764705882353,0.895250078641082,0.3521255655820835,11.97226922979084,0.5,4,10,551,13,0.2857142857142857,0.25806451612903225,0.23900076491928626,0.23529411764705882,0.982174688057041,0.6087344028520499,0.7058823529411765,0.6470588235294118,136,14,0.24390243902439024,0.9769503546099291,0.02697568804968655,0.5510834664154441,0.011093634159815112,0.28108855028762963,0.11264498125841131
historical_slide_current_eval,historical_slide_current_eval_acr_high_5x,acr_high,5x,41,575,14,0.02434782608695652,0.8734402852049911,0.18990821007039901,7.799801485034245,0.5,1,10,551,13,0.09090909090909091,0.08,0.06031158650463282,0.07142857142857142,0.982174688057041,0.5268016297428062,0.6428571428571429,0.5714285714285714,133,11,0.07462686567164178,0.9769503546099291,0.02691216170292625,0.6607831582518796,0.011093634159815112,0.33593839620584737,0.11249094744527136
historical_slide,historical_slide_amr_positive_10x,amr_positive,10x,11,578,19,0.0328719723183391,0.824969400244798,0.12421320148491165,3.778696339909418,0.5,2,17,542,17,0.10526315789473684,0.10526315789473684,0.07485170887863667,0.10526315789473684,0.9695885509838998,0.5374258544393183,0.42105263157894735,0.3157894736842105,136,14,0.10526315789473684,0.9695885509838998,0.04644609156744704,0.5923901269466497,0.027889854228976826,0.3101399905878133,0.1663605010854941
historical_slide,historical_slide_amr_positive_10x,amr_positive,10x,1,578,19,0.0328719723183391,0.8288296770548912,0.21222312988249334,6.456051003793745,0.5,8,21,538,11,0.27586206896551724,0.3333333333333333,0.31321787189141215,0.42105263157894735,0.962432915921288,0.6917427737501176,0.5789473684210527,0.42105263157894735,136,14,0.38095238095238093,0.9799635701275046,0.048050661214207306,0.4669416418254445,0.033812864019907636,0.2503772529226761,0.1789564907869877
historical_slide,historical_slide_amr_positive_10x,amr_positive,10x,21,578,19,0.0328719723183391,0.8168722342528952,0.16968517488183074,5.162001635878852,0.5,3,17,542,16,0.15,0.15384615384615385,0.12436662895458675,0.15789473684210525,0.9695885509838998,0.5637416439130025,0.42105263157894735,0.15789473684210525,136,14,0.15625,0.9713261648745519,0.04665108034323445,0.5450625289408567,0.029710440766571082,0.2873864848537139,0.17192673026730557
historical_slide,historical_slide_amr_positive_10x,amr_positive,10x,31,578,19,0.0328719723183391,0.8280764523114583,0.14193677205144237,4.317866012933353,0.5,4,20,539,15,0.16666666666666666,0.18604651162790697,0.15618336093376947,0.21052631578947367,0.964221824686941,0.5873740702382073,0.47368421052631576,0.21052631578947367,136,14,0.2,0.9729241877256317,0.04729127670228278,0.5459471800025456,0.0303423282895726,0.2881447541460591,0.17143115225608122
historical_slide,historical_slide_amr_positive_10x,amr_positive,10x,41,578,19,0.0328719723183391,0.7996422182468694,0.13477634963373636,4.10003842569998,0.5,2,12,547,17,0.14285714285714285,0.12121212121212122,0.09718600552211341,0.10526315789473684,0.9785330948121646,0.5418981263534507,0.42105263157894735,0.3684210526315789,136,14,0.1111111111111111,0.9698581560283688,0.0404587159300644,0.673093136012441,0.018955935998820832,0.34602453600563093,0.1621008435891889
historical_slide,historical_slide_amr_positive_20x,amr_positive,20x,11,578,19,0.0328719723183391,0.8374917616043687,0.18039023801989554,5.487660925026296,0.5,3,12,547,16,0.2,0.17647058823529413,0.15299803535929946,0.15789473684210525,0.9785330948121646,0.5682139158271349,0.5789473684210527,0.42105263157894735,136,14,0.16483516483516483,0.9715808170515098,0.04312855984104673,0.5366676801858454,0.026353527128075035,0.28151060365696023,0.1722924290870987
historical_slide,historical_slide_amr_positive_20x,amr_positive,20x,1,578,19,0.0328719723183391,0.8444590904811223,0.14723559307163037,4.479061726073809,0.5,4,17,542,15,0.19047619047619047,0.2,0.17163071852839135,0.21052631578947367,0.9695885509838998,0.5900574333866868,0.5263157894736842,0.3157894736842105,136,14,0.20618556701030927,0.9730700179533214,0.044929499435913955,0.5502034223722518,0.02775560938977725,0.28897951588101456,0.1566888616480545
historical_slide,historical_slide_amr_positive_20x,amr_positive,20x,21,578,19,0.0328719723183391,0.8327841069579135,0.12086255990046971,3.6767662959195526,0.5,5,29,530,14,0.14705882352941177,0.18867924528301888,0.16010365251907346,0.2631578947368421,0.9481216457960644,0.6056397702664532,0.47368421052631576,0.2631578947368421,136,14,0.22727272727272727,0.9742647058823529,0.055897345378499774,0.4919654417010174,0.04107571061977377,0.2665205761603956,0.192063341441201
historical_slide,historical_slide_amr_positive_20x,amr_positive,20x,31,578,19,0.0328719723183391,0.837774220883156,0.15908721314821345,4.83960048419302,0.5,3,13,546,16,0.1875,0.17142857142857143,0.1463272409598498,0.15789473684210525,0.9767441860465116,0.5673194614443084,0.5263157894736842,0.47368421052631576,136,14,0.16304347826086957,0.9715302491103203,0.040611607916706996,0.5993981454746379,0.021618863348548355,0.3105085044115931,0.15679059188173958
historical_slide,historical_slide_amr_positive_20x,amr_positive,20x,41,578,19,0.0328719723183391,0.8843800018830619,0.1807053670474015,5.497247481757793,0.5,5,13,546,14,0.2777777777777778,0.2702702702702703,0.24625579153530802,0.2631578947368421,0.9767441860465116,0.6199510403916768,0.631578947368421,0.3157894736842105,136,14,0.26595744680851063,0.975,0.04158584484407223,0.5153344735067678,0.02548347642798777,0.27040897496737776,0.14820653937660921
historical_slide,historical_slide_amr_positive_40x,amr_positive,40x,11,578,19,0.0328719723183391,0.8397514358346672,0.15045696473648257,4.577059243036154,0.5,3,18,541,16,0.14285714285714285,0.15,0.11977365877438706,0.15789473684210525,0.9677996422182469,0.5628471895301761,0.5789473684210527,0.47368421052631576,136,14,0.15463917525773196,0.9712746858168761,0.04932130118957817,0.52676040218488,0.03309349632569493,0.27992694925528744,0.18177980479466724
historical_slide,historical_slide_amr_positive_40x,amr_positive,40x,1,578,19,0.0328719723183391,0.8891818096224462,0.23450556676918333,7.133906189083578,0.5,7,17,542,12,0.2916666666666667,0.32558139534883723,0.3021003587027114,0.3684210526315789,0.9695885509838998,0.6690048018077394,0.5789473684210527,0.47368421052631576,136,14,0.35,0.9783393501805054,0.038805324740972875,0.47277729169632876,0.02405493588202518,0.24841611378917697,0.13422571902587185
historical_slide,historical_slide_amr_positive_40x,amr_positive,40x,21,578,19,0.0328719723183391,0.8580171358629132,0.15634742239369392,4.756253165450269,0.5,3,15,544,16,0.16666666666666666,0.16216216216216217,0.13453220636465807,0.15789473684210525,0.9731663685152058,0.5655305526786555,0.47368421052631576,0.3157894736842105,136,14,0.1595744680851064,0.9714285714285714,0.0407934146010091,0.5803170012060174,0.02245540360727894,0.30138620240664815,0.1447607064599706
historical_slide,historical_slide_amr_positive_40x,amr_positive,40x,31,578,19,0.0328719723183391,0.7602862254025045,0.13406298887503243,4.078337240514145,0.5,7,19,540,12,0.2692307692307692,0.3111111111111111,0.2876961431848553,0.3684210526315789,0.9660107334525939,0.6672158930420864,0.42105263157894735,0.3684210526315789,136,14,0.3431372549019608,0.9782608695652174,0.05313297866745018,0.5573196180423463,0.035996044592095926,0.2966578313172211,0.20505356217552878
historical_slide,historical_slide_amr_positive_40x,amr_positive,40x,41,578,19,0.0328719723183391,0.8777892853780246,0.2145800745103848,6.527751740368549,0.5,5,18,541,14,0.21739130434782608,0.23809523809523808,0.21067084354621227,0.2631578947368421,0.9677996422182469,0.6154787684775445,0.6842105263157895,0.47368421052631576,136,14,0.25252525252525254,0.9747747747747748,0.03801226893309906,0.4762015845494171,0.02311853548639058,0.24966006001790383,0.13623830880263033
historical_slide,historical_slide_amr_positive_5x,amr_positive,5x,11,578,19,0.0328719723183391,0.8126353450710855,0.2500605249372017,7.607104390194873,0.5,7,12,547,12,0.3684210526315789,0.3684210526315789,0.34695414744374353,0.3684210526315789,0.9785330948121646,0.6734770737218717,0.631578947368421,0.5263157894736842,136,14,0.3684210526315789,0.9785330948121646,0.03853281813033127,0.4747158799182353,0.023707275779758508,0.2492115778489969,0.15657786473056076
historical_slide,historical_slide_amr_positive_5x,amr_positive,5x,1,578,19,0.0328719723183391,0.8045381790791827,0.15686506579411513,4.772000422578872,0.5,6,21,538,13,0.2222222222222222,0.2608695652173913,0.235080767146865,0.3157894736842105,0.962432915921288,0.6391111948027492,0.42105263157894735,0.3684210526315789,136,14,0.2912621359223301,0.9764065335753176,0.048770173913786026,0.5098396704852961,0.03309875989793863,0.2714692151916174,0.18098444363786023
historical_slide,historical_slide_amr_positive_5x,amr_positive,5x,21,578,19,0.0328719723183391,0.7994539120610112,0.12675466469837993,3.8560103260875582,0.5,5,23,536,14,0.17857142857142858,0.2127659574468085,0.1843744492033246,0.2631578947368421,0.9588550983899821,0.6110064965634121,0.47368421052631576,0.2631578947368421,136,14,0.2403846153846154,0.9745454545454545,0.05051998279317604,0.5386798115739234,0.033927788255011096,0.28630379991446725,0.18744277052785455
historical_slide,historical_slide_amr_positive_5x,amr_positive,5x,31,578,19,0.0328719723183391,0.8463421523397043,0.17827269178675312,5.423242939618069,0.5,5,13,546,14,0.2777777777777778,0.2702702702702703,0.24625579153530802,0.2631578947368421,0.9767441860465116,0.6199510403916768,0.5789473684210527,0.3684210526315789,136,14,0.26595744680851063,0.975,0.04026881216159784,0.5559847567624815,0.022740005457811102,0.2893623811101463,0.1494890792127263
historical_slide,historical_slide_amr_positive_5x,amr_positive,5x,41,578,19,0.0328719723183391,0.7316636851520573,0.17079399327421968,5.1957330585525785,0.5,5,14,545,14,0.2631578947368421,0.2631578947368421,0.23811317201770077,0.2631578947368421,0.9749552772808586,0.6190565860088504,0.42105263157894735,0.3157894736842105,136,14,0.2631578947368421,0.9749552772808586,0.044730701095437815,0.6066774224774253,0.02563054419694449,0.31615398333718486,0.17954440698259544
historical_slide,historical_slide_significant_rejection_10x,significant_rejection,10x,11,578,36,0.06228373702422145,0.7839278392783928,0.2660167245838664,4.271046300263189,0.5,9,39,503,27,0.1875,0.21428571428571427,0.15592665666453917,0.25,0.9280442804428044,0.5890221402214022,0.3611111111111111,0.2222222222222222,136,28,0.234375,0.9490566037735849,0.08310777276651131,0.4562232549391324,0.058325194614824306,0.25727422477697837,0.27516012702349907
historical_slide,historical_slide_significant_rejection_10x,significant_rejection,10x,1,578,36,0.06228373702422145,0.8174456744567445,0.2644141824980316,4.245316596773952,0.5,12,34,508,24,0.2608695652173913,0.2926829268292683,0.24162857735484758,0.3333333333333333,0.9372693726937269,0.6353013530135301,0.5,0.2777777777777778,136,28,0.3157894736842105,0.9548872180451128,0.06909445949910545,0.42965066029423826,0.045146077158469314,0.23739836872635378,0.24223057227899386
historical_slide,historical_slide_significant_rejection_10x,significant_rejection,10x,21,578,36,0.06228373702422145,0.8678761787617877,0.3073290733840847,4.934339011555583,0.5,13,23,519,23,0.3611111111111111,0.3611111111111111,0.3186756867568676,0.3611111111111111,0.9575645756457565,0.6593378433784338,0.6666666666666666,0.4166666666666667,136,28,0.3611111111111111,0.9575645756457565,0.0638194777707993,0.3999960624020323,0.04149040572887239,0.22074323406545232,0.22375366638459307
historical_slide,historical_slide_significant_rejection_10x,significant_rejection,10x,31,578,36,0.06228373702422145,0.8308733087330873,0.2714146229897819,4.35771255800261,0.5,10,16,526,26,0.38461538461538464,0.3225806451612903,0.2894656454943081,0.2777777777777778,0.9704797047970479,0.6241287412874128,0.4722222222222222,0.3055555555555556,136,28,0.29411764705882354,0.9528985507246377,0.061722911773217544,0.5692491660334437,0.028012680862944228,0.298630923448194,0.23139430671707784
historical_slide,historical_slide_significant_rejection_10x,significant_rejection,10x,41,578,36,0.06228373702422145,0.7422611726117261,0.17515217202491234,2.8121654286222038,0.5,11,44,498,25,0.2,0.24175824175824176,0.18479604592489565,0.3055555555555556,0.9188191881918819,0.6121873718737187,0.3611111111111111,0.2222222222222222,136,28,0.27638190954773867,0.9521988527724665,0.0962163622987689,0.45069557679004546,0.07267161742480954,0.2616835971074275,0.33653357590494176
historical_slide,historical_slide_significant_rejection_20x,significant_rejection,20x,11,578,36,0.06228373702422145,0.8036080360803608,0.2747334291484189,4.410997834660726,0.5,11,34,508,25,0.24444444444444444,0.2716049382716049,0.21901522255511177,0.3055555555555556,0.9372693726937269,0.6214124641246412,0.5277777777777778,0.25,136,28,0.291005291005291,0.9530956848030019,0.07974064004020293,0.4212110009813028,0.05705995185961325,0.23913547642045804,0.26709516921542154
historical_slide,historical_slide_significant_rejection_20x,significant_rejection,20x,1,578,36,0.06228373702422145,0.867209922099221,0.3745657615407435,6.0138613936263825,0.5,14,22,520,22,0.3888888888888889,0.3888888888888889,0.34829848298482985,0.3888888888888889,0.959409594095941,0.674149241492415,0.5277777777777778,0.3888888888888889,136,28,0.3888888888888889,0.959409594095941,0.058817875400151036,0.41518419104724996,0.035147788013996865,0.22516598953062342,0.20539033363870152
historical_slide,historical_slide_significant_rejection_20x,significant_rejection,20x,21,578,36,0.06228373702422145,0.8108343583435835,0.28725054594376676,4.611967098763811,0.5,14,29,513,22,0.32558139534883723,0.35443037974683544,0.3088739472672344,0.3888888888888889,0.9464944649446494,0.6676916769167691,0.5555555555555556,0.3611111111111111,136,28,0.37433155080213903,0.9588785046728971,0.07104155940278276,0.45412421715785467,0.04559695482864515,0.2498605859932499,0.25061593492175094
historical_slide,historical_slide_significant_rejection_20x,significant_rejection,20x,31,578,36,0.06228373702422145,0.8121156211562115,0.2676014624463799,4.296490147055766,0.5,14,32,510,22,0.30434782608695654,0.34146341463414637,0.29453059163935585,0.3888888888888889,0.940959409594096,0.6649241492414925,0.5,0.3333333333333333,136,28,0.3684210526315789,0.9586466165413534,0.0718582109322373,0.47746889431486295,0.04491727993265331,0.2611930871237581,0.26092316209640054
historical_slide,historical_slide_significant_rejection_20x,significant_rejection,20x,41,578,36,0.06228373702422145,0.831129561295613,0.26414234638649386,4.240952116983152,0.5,13,33,509,23,0.2826086956521739,0.3170731707317073,0.26807958449710173,0.3611111111111111,0.9391143911439115,0.6501127511275113,0.4722222222222222,0.3333333333333333,136,28,0.34210526315789475,0.956766917293233,0.07458611552971776,0.39120564753267,0.0535560359132855,0.22238084172297776,0.26398155760258246
historical_slide,historical_slide_significant_rejection_40x,significant_rejection,40x,11,578,36,0.06228373702422145,0.8131918819188191,0.33362224011027125,5.356490410659355,0.5,14,25,517,22,0.358974358974359,0.37333333333333335,0.33023164253262577,0.3888888888888889,0.9538745387453874,0.6713817138171382,0.4722222222222222,0.3888888888888889,136,28,0.3825136612021858,0.9591836734693877,0.07629485330631541,0.39106948023364113,0.05538731351040449,0.2232283968720228,0.2636034846298248
historical_slide,historical_slide_significant_rejection_40x,significant_rejection,40x,1,578,36,0.06228373702422145,0.8603936039360394,0.41639993779453033,6.6855323345899595,0.5,16,29,513,20,0.35555555555555557,0.3950617283950617,0.35260618776918373,0.4444444444444444,0.9464944649446494,0.6954694546945469,0.6111111111111112,0.3888888888888889,136,28,0.42328042328042326,0.9624765478424016,0.06468833252144546,0.36108354305932266,0.04500156576985213,0.2030425544145874,0.22633267119692216
historical_slide,historical_slide_significant_rejection_40x,significant_rejection,40x,21,578,36,0.06228373702422145,0.8596248462484625,0.3452819545614746,5.543693603792565,0.5,12,24,518,24,0.3333333333333333,0.3333333333333333,0.2890528905289053,0.3333333333333333,0.955719557195572,0.6445264452644527,0.5,0.3333333333333333,136,28,0.3333333333333333,0.955719557195572,0.06456521208753026,0.4427649560683132,0.03944493388954468,0.24110494497892893,0.21486833178680773
historical_slide,historical_slide_significant_rejection_40x,significant_rejection,40x,31,578,36,0.06228373702422145,0.8122693726937269,0.27201206360969754,4.367304799066811,0.5,11,32,510,25,0.2558139534883721,0.27848101265822783,0.22702990317166832,0.3055555555555556,0.940959409594096,0.6232574825748258,0.4166666666666667,0.2777777777777778,136,28,0.29411764705882354,0.9532710280373832,0.07298324406181783,0.5081977847378037,0.044076005197730195,0.27613689496776694,0.2576260273500258
historical_slide,historical_slide_significant_rejection_40x,significant_rejection,40x,41,578,36,0.06228373702422145,0.8191881918819188,0.29520610346611803,4.739697994539339,0.5,16,26,516,20,0.38095238095238093,0.41025641025641024,0.3691123083815203,0.4444444444444444,0.9520295202952029,0.6982369823698237,0.5277777777777778,0.4444444444444444,136,28,0.43010752688172044,0.9626865671641791,0.07612040629952346,0.3753004157707692,0.056248671353093846,0.21577454356193154,0.2820502277378344
historical_slide,historical_slide_significant_rejection_5x,significant_rejection,5x,11,578,36,0.06228373702422145,0.8359983599835998,0.2896792728603052,4.650961658701567,0.5,12,25,517,24,0.32432432432432434,0.3287671232876712,0.28356180905022893,0.3333333333333333,0.9538745387453874,0.6436039360393604,0.5,0.3333333333333333,136,28,0.3314917127071823,0.955637707948244,0.07129153647810686,0.4454779373599551,0.04643782719444166,0.2459578822771984,0.2374925122464059
historical_slide,historical_slide_significant_rejection_5x,significant_rejection,5x,1,578,36,0.06228373702422145,0.7990979909799099,0.2625742415090974,4.215775322007175,0.5,11,43,499,25,0.2037037037037037,0.24444444444444444,0.1878533359428634,0.3055555555555556,0.9206642066420664,0.6131098810988109,0.4166666666666667,0.2777777777777778,136,28,0.2777777777777778,0.9522900763358778,0.0813240033949939,0.4005922563195901,0.06011799397564802,0.23035512514761908,0.27526947307800015
historical_slide,historical_slide_significant_rejection_5x,significant_rejection,5x,21,578,36,0.06228373702422145,0.8608036080360804,0.3419388275960771,5.490017843070349,0.5,13,34,508,23,0.2765957446808511,0.3132530120481928,0.263830571332259,0.3611111111111111,0.9372693726937269,0.649190241902419,0.5277777777777778,0.3333333333333333,136,28,0.3403141361256545,0.9566854990583804,0.07694947607807336,0.3234336296356404,0.06057783488236781,0.19200573225900408,0.2678564173325645
historical_slide,historical_slide_significant_rejection_5x,significant_rejection,5x,31,578,36,0.06228373702422145,0.8252870028700288,0.33610255618640644,5.396313263215082,0.5,15,26,516,21,0.36585365853658536,0.38961038961038963,0.34708869507306334,0.4166666666666667,0.9520295202952029,0.6843480934809348,0.6111111111111112,0.4166666666666667,136,28,0.40540540540540543,0.9608938547486033,0.06825726818990342,0.407885572706308,0.04569893062054814,0.22679225166342806,0.2429484128891037
historical_slide,historical_slide_significant_rejection_5x,significant_rejection,5x,41,578,36,0.06228373702422145,0.7792127921279213,0.18643011796749442,2.9932391162558827,0.5,10,29,513,26,0.2564102564102564,0.26666666666666666,0.2160726177815147,0.2777777777777778,0.9464944649446494,0.6121361213612135,0.3611111111111111,0.2222222222222222,136,28,0.273224043715847,0.9517625231910947,0.0793082433114424,0.48732144682778533,0.05220773532880707,0.2697645910782962,0.271862596101524
