epoch,step,event_id,label
1,0,S2330983,0
1,1,S2134279,1
1,2,S2244730,0
1,3,S2134277,1
1,4,S2140148,0
1,5,S2402481,0
1,6,S2237601,0
1,7,S2210209,1
1,8,S2134277,1
1,9,S2315840,0
1,10,S1940316,1
1,11,S2107860,0
1,12,S2312323,0
1,13,S2134279,1
1,14,S2205208,0
1,15,S2128633,1
1,16,S1940316,1
1,17,S2247859,0
1,18,S2215454,0
1,19,S2026719,1
1,20,S2320993,1
1,21,S2128633,1
1,22,S2247860,1
1,23,S2148221,1
1,24,S2237601,0
1,25,S2350730,1
1,26,S2427693,0
1,27,S2130897,0
1,28,S2252333,0
1,29,S2210206,0
1,30,S2135432,0
1,31,S2327485,0
1,32,S1940316,1
1,33,S2028919,0
1,34,S2142815,0
1,35,S2247860,1
1,36,S2148221,1
1,37,S2350730,1
1,38,S2236496,0
1,39,S2229971,0
1,40,S2134279,1
1,41,S2343312,0
1,42,S2247860,1
1,43,S1940316,1
1,44,S2128633,1
1,45,S2028924,0
1,46,S2344458,0
1,47,S2320993,1
1,48,S2320993,1
1,49,S2350730,1
1,50,S2210209,1
1,51,S2247860,1
1,52,S2220927,0
1,53,S2134277,1
1,54,S2503128,0
1,55,S2238299,0
1,56,S2210202,0
1,57,S2247859,0
1,58,S2134279,1
1,59,S2530981,0
1,60,S2128633,1
1,61,S2134279,1
1,62,S2206287,0
1,63,S2320993,1
1,64,S2350730,1
1,65,S2242501,0
1,66,S2234199,0
1,67,S2026719,1
1,68,S1940316,1
1,69,S2338781,0
1,70,S2134279,1
1,71,S2148221,1
1,72,S2320993,1
1,73,S2135432,0
1,74,S1940316,1
1,75,S2320993,1
1,76,S2134277,1
1,77,S2406754,0
1,78,S2210209,1
1,79,S2342677,0
1,80,S2128633,1
1,81,S2134279,1
1,82,S2350730,1
1,83,S2206289,0
1,84,S2247860,1
1,85,S2426614,0
1,86,S2323104,0
1,87,S2424259,0
1,88,S2515598,0
1,89,S2210209,1
1,90,S2210202,0
1,91,S2244730,0
1,92,S2327690,0
1,93,S2410453,0
1,94,S2135432,0
1,95,S2210209,1
1,96,S2422139,0
1,97,S2338781,0
1,98,S2134277,1
1,99,S2244728,0
1,100,S2148221,1
1,101,S2134279,1
1,102,S1940316,1
1,103,S2134279,1
1,104,S2210203,0
1,105,S2306848,0
1,106,S2350730,1
1,107,S2026719,1
1,108,S2134279,1
1,109,S2316899,0
1,110,S1940316,1
1,111,S2323108,0
1,112,S2231089,0
1,113,S2148221,1
1,114,S2250151,0
1,115,S2247860,1
1,116,S2219754,0
1,117,S2240720,0
1,118,S2350730,1
1,119,S2215454,0
1,120,S2134277,1
1,121,S2406754,0
1,122,S2252333,0
1,123,S2429677,0
1,124,S1940316,1
1,125,S2134277,1
1,126,S2408486,0
1,127,S2128633,1
1,128,S2435852,0
1,129,S2425034,0
1,130,S2213275,0
1,131,S2306848,0
1,132,S2327489,0
1,133,S2148221,1
1,134,S2511008,0
1,135,S2312317,0
1,136,S2320993,1
1,137,S1940316,1
1,138,S2412060,0
1,139,S2210202,0
1,140,S2134279,1
1,141,S2414957,0
1,142,S2248988,0
1,143,S2228788,0
1,144,S2212213,0
1,145,S2511010,0
1,146,S2148221,1
1,147,S2202569,0
1,148,S2320993,1
1,149,S1940316,1
1,150,S2320993,1
1,151,S2401283,0
1,152,S2310079,0
1,153,S2253528,0
1,154,S2320993,1
1,155,S2128633,1
1,156,S2128633,1
1,157,S2134279,1
1,158,S2320993,1
1,159,S2433342,0
1,160,S2128633,1
1,161,S2350730,1
1,162,S2300361,0
1,163,S2239522,0
1,164,S2423619,0
1,165,S2026719,1
1,166,S2410453,0
1,167,S2128633,1
1,168,S2320993,1
1,169,S2148221,1
1,170,S2247860,1
1,171,S2247860,1
1,172,S2134279,1
1,173,S2247860,1
1,174,S2148221,1
1,175,S2327486,0
1,176,S2210209,1
1,177,S2128633,1
1,178,S2320993,1
1,179,S1940316,1
1,180,S2129803,0
1,181,S2242500,0
1,182,S2247860,1
1,183,S2148221,1
1,184,S1940316,1
1,185,S2128633,1
1,186,S2246786,0
1,187,S2343311,0
1,188,S2247860,1
1,189,S2134277,1
1,190,S2330983,0
1,191,S2323108,0
1,192,S2148221,1
1,193,S2350730,1
1,194,S2323108,0
1,195,S2415690,0
1,196,S2134279,1
1,197,S2148221,1
1,198,S2148221,1
1,199,S2134279,1
1,200,S2128633,1
1,201,S1940316,1
1,202,S2026719,1
1,203,S2026719,1
1,204,S2128633,1
1,205,S2026719,1
1,206,S2247860,1
1,207,S2210209,1
1,208,S2032124,0
1,209,S2128633,1
1,210,S2247860,1
1,211,S2247860,1
1,212,S2222061,0
1,213,S2410460,0
1,214,S2436453,0
1,215,S2028924,0
1,216,S2148221,1
1,217,S2433346,0
1,218,S2026719,1
1,219,S2322861,0
1,220,S2436453,0
1,221,S2210209,1
1,222,S2320993,1
1,223,S2244727,0
1,224,S2206289,0
1,225,S2026719,1
1,226,S2320993,1
1,227,S2340935,0
1,228,S2026719,1
1,229,S2350730,1
1,230,S2406753,0
1,231,S2214323,0
1,232,S2214324,0
1,233,S1940316,1
1,234,S2026719,1
1,235,S2148221,1
1,236,S2350730,1
1,237,S2304564,0
1,238,S2134279,1
1,239,S2134279,1
1,240,S2026719,1
1,241,S1940316,1
1,242,S2513848,0
1,243,S2026719,1
1,244,S1940316,1
1,245,S2148221,1
1,246,S2504721,0
1,247,S2253529,0
1,248,S2247860,1
1,249,S2239524,0
1,250,S2414950,0
1,251,S2437882,0
1,252,S2334388,0
1,253,S2351751,0
1,254,S2130898,0
1,255,S2148221,1
1,256,S2133159,0
1,257,S2412061,0
1,258,S2148221,1
1,259,S2320993,1
1,260,S2323104,0
1,261,S2128633,1
1,262,S2515598,0
1,263,S2134277,1
1,264,S2222061,0
1,265,S2232191,0
1,266,S2134279,1
1,267,S2134277,1
1,268,S2210209,1
1,269,S2244730,0
1,270,S2416977,0
1,271,S2339820,0
1,272,S2148221,1
1,273,S1940316,1
1,274,S2214323,0
1,275,S2210209,1
1,276,S2350730,1
1,277,S2026719,1
1,278,S2128633,1
1,279,S2210209,1
1,280,S2320993,1
1,281,S2212213,0
1,282,S2247860,1
1,283,S2134279,1
1,284,S2148221,1
1,285,S2026719,1
1,286,S2220927,0
1,287,S2251252,0
1,288,S2315840,0
1,289,S2129803,0
1,290,S1940316,1
1,291,S2128633,1
1,292,S2320993,1
1,293,S2210209,1
1,294,S2133157,0
1,295,S2228788,0
1,296,S2304560,0
1,297,S2148221,1
1,298,S2533022,0
1,299,S2350730,1
1,300,S2338784,0
1,301,S2229537,0
1,302,S2148221,1
1,303,S2333274,0
1,304,S2320993,1
1,305,S2320993,1
1,306,S2320993,1
1,307,S1940316,1
1,308,S2215450,0
1,309,S2140145,0
1,310,S2140148,0
1,311,S2506961,0
1,312,S2227621,0
1,313,S2228790,0
1,314,S2026719,1
1,315,S2243621,0
1,316,S2320992,0
1,317,S2134277,1
1,318,S2320993,1
1,319,S2214324,0
1,320,S2026719,1
1,321,S2247860,1
1,322,S2412714,0
1,323,S2138905,0
1,324,S2210209,1
1,325,S2420601,0
1,326,S2315840,0
1,327,S2026719,1
1,328,S2350730,1
1,329,S2026719,1
1,330,S2437880,0
1,331,S2231091,0
1,332,S2320993,1
1,333,S2247860,1
1,334,S2134277,1
1,335,S2320993,1
1,336,S2325143,0
1,337,S2148221,1
1,338,S2216631,0
1,339,S2247860,1
1,340,S2026719,1
1,341,S2235317,0
1,342,S2234199,0
1,343,S2130898,0
1,344,S2209236,0
1,345,S2143764,0
1,346,S2328623,0
1,347,S2149393,0
1,348,S2407939,0
1,349,S2508630,0
1,350,S2426614,0
1,351,S2408480,0
1,352,S2412060,0
1,353,S2320993,1
1,354,S2128633,1
1,355,S2202568,0
1,356,S2337812,0
1,357,S2247860,1
1,358,S2148221,1
1,359,S2202568,0
1,360,S1940316,1
1,361,S2148221,1
1,362,S2423616,0
1,363,S2350730,1
1,364,S1940316,1
1,365,S2420601,0
1,366,S2026719,1
1,367,S2520402,0
1,368,S2353995,0
1,369,S2403700,0
1,370,S2134277,1
2,0,S2148221,1
2,1,S2148221,1
2,2,S2210209,1
2,3,S2134279,1
2,4,S2407940,0
2,5,S2134277,1
2,6,S2219754,0
2,7,S2334388,0
2,8,S2251252,0
2,9,S2524760,0
2,10,S2128633,1
2,11,S2210209,1
2,12,S2210209,1
2,13,S2134279,1
2,14,S2520404,0
2,15,S2338786,0
2,16,S2210209,1
2,17,S2130897,0
2,18,S2423616,0
2,19,S2148221,1
2,20,S2417717,0
2,21,S2350730,1
2,22,S2128633,1
2,23,S2310079,0
2,24,S2232194,0
2,25,S1940316,1
2,26,S2134279,1
2,27,S2314588,0
2,28,S2346543,0
2,29,S2530063,0
2,30,S2235315,0
2,31,S2140148,0
2,32,S2219753,0
2,33,S2419850,0
2,34,S2148221,1
2,35,S2320993,1
2,36,S2134277,1
2,37,S2240726,0
2,38,S2134277,1
2,39,S2128633,1
2,40,S2417717,0
2,41,S2128633,1
2,42,S2210209,1
2,43,S2142815,0
2,44,S2247860,1
2,45,S2350730,1
2,46,S2206286,0
2,47,S2350730,1
2,48,S2148221,1
2,49,S2138905,0
2,50,S2128633,1
2,51,S2244728,0
2,52,S2134279,1
2,53,S2148221,1
2,54,S2148221,1
2,55,S2134277,1
2,56,S2203739,0
2,57,S2318025,0
2,58,S2232191,0
2,59,S2134277,1
2,60,S2148221,1
2,61,S2026719,1
2,62,S2134279,1
2,63,S2350730,1
2,64,S2148221,1
2,65,S2414957,0
2,66,S2320993,1
2,67,S2210209,1
2,68,S2128633,1
2,69,S2426614,0
2,70,S2148221,1
2,71,S2320993,1
2,72,S2526362,0
2,73,S2148221,1
2,74,S2239525,0
2,75,S2326330,0
2,76,S2148221,1
2,77,S2026719,1
2,78,S2232190,0
2,79,S2026719,1
2,80,S2503127,0
2,81,S2026719,1
2,82,S2247860,1
2,83,S2350730,1
2,84,S2026719,1
2,85,S2437880,0
2,86,S2134279,1
2,87,S2026719,1
2,88,S2429063,0
2,89,S2504720,0
2,90,S2429676,0
2,91,S2306847,0
2,92,S2330984,0
2,93,S2210209,1
2,94,S2238299,0
2,95,S2314588,0
2,96,S2253529,0
2,97,S2511010,0
2,98,S2128633,1
2,99,S2108731,0
2,100,S2232191,0
2,101,S2134279,1
2,102,S2422139,0
2,103,S2134279,1
2,104,S2236496,0
2,105,S2026719,1
2,106,S2308041,0
2,107,S2421430,0
2,108,S2247860,1
2,109,S2225223,0
2,110,S2420602,0
2,111,S2350730,1
2,112,S2144967,0
2,113,S2229537,0
2,114,S2330980,0
2,115,S2215453,0
2,116,S2318025,0
2,117,S2210209,1
2,118,S2253524,0
2,119,S2210209,1
2,120,S2235315,0
2,121,S2134277,1
2,122,S2210207,0
2,123,S2253528,0
2,124,S2134277,1
2,125,S2247860,1
2,126,S2408482,0
2,127,S2330985,0
2,128,S2236493,0
2,129,S2148221,1
2,130,S2306847,0
2,131,S2154957,0
2,132,S2210209,1
2,133,S2026719,1
2,134,S2242501,0
2,135,S1940316,1
2,136,S2134279,1
2,137,S2340935,0
2,138,S2203737,0
2,139,S2311235,0
2,140,S2521240,0
2,141,S2134279,1
2,142,S2212213,0
2,143,S2322861,0
2,144,S2350730,1
2,145,S1940316,1
2,146,S2247860,1
2,147,S2414954,0
2,148,S2312320,0
2,149,S2436454,0
2,150,S2350730,1
2,151,S2210209,1
2,152,S2422845,0
2,153,S2108731,0
2,154,S2227621,0
2,155,S2210209,1
2,156,S2320993,1
2,157,S2315840,0
2,158,S2026723,0
2,159,S2238299,0
2,160,S2320993,1
2,161,S2505506,0
2,162,S2147204,0
2,163,S1940316,1
2,164,S2134279,1
2,165,S2128633,1
2,166,S2215449,0
2,167,S2227621,0
2,168,S2133159,0
2,169,S2212215,0
2,170,S2108731,0
2,171,S1940316,1
2,172,S2247860,1
2,173,S2533022,0
2,174,S2210209,1
2,175,S2306015,0
2,176,S2148221,1
2,177,S2210209,1
2,178,S2243622,0
2,179,S2248988,0
2,180,S2134279,1
2,181,S2202567,0
2,182,S1940316,1
2,183,S2210209,1
2,184,S2134279,1
2,185,S2210209,1
2,186,S2350730,1
2,187,S2247860,1
2,188,S2524760,0
2,189,S2327690,0
2,190,S2350730,1
2,191,S2320993,1
2,192,S2247860,1
2,193,S2217673,0
2,194,S2247860,1
2,195,S2410460,0
2,196,S1940316,1
2,197,S2210209,1
2,198,S2241828,0
2,199,S2350730,1
2,200,S2142818,0
2,201,S2141807,0
2,202,S2028919,0
2,203,S2225223,0
2,204,S2128633,1
2,205,S2128633,1
2,206,S2429063,0
2,207,S2210209,1
2,208,S2134277,1
2,209,S2337812,0
2,210,S1940316,1
2,211,S2247860,1
2,212,S2234199,0
2,213,S2026719,1
2,214,S2128633,1
2,215,S2148221,1
2,216,S2140143,0
2,217,S2205208,0
2,218,S2210209,1
2,219,S2320993,1
2,220,S2310074,0
2,221,S2247860,1
2,222,S2210209,1
2,223,S2320993,1
2,224,S2320993,1
2,225,S1940316,1
2,226,S1940316,1
2,227,S2436454,0
2,228,S2320993,1
2,229,S2128633,1
2,230,S2148221,1
2,231,S2320993,1
2,232,S2224010,0
2,233,S1940316,1
2,234,S2148221,1
2,235,S2134279,1
2,236,S2026719,1
2,237,S2148221,1
2,238,S2148221,1
2,239,S2408484,0
2,240,S2350730,1
2,241,S2210209,1
2,242,S2210209,1
2,243,S2320993,1
2,244,S2350730,1
2,245,S2424258,0
2,246,S2220927,0
2,247,S2210209,1
2,248,S2205208,0
2,249,S2239522,0
2,250,S2424259,0
2,251,S2425843,0
2,252,S2225223,0
2,253,S2313440,0
2,254,S2134279,1
2,255,S2140148,0
2,256,S2423619,0
2,257,S2224010,0
2,258,S2134279,1
2,259,S2350730,1
2,260,S2526362,0
2,261,S2026719,1
2,262,S2511009,0
2,263,S2320993,1
2,264,S2026719,1
2,265,S1940316,1
2,266,S2334388,0
2,267,S2346179,0
2,268,S2240720,0
2,269,S2304560,0
2,270,S2247860,1
2,271,S2504721,0
2,272,S2330987,0
2,273,S2350728,0
2,274,S2148221,1
2,275,S2210209,1
2,276,S2134279,1
2,277,S2134277,1
2,278,S2350730,1
2,279,S2247860,1
2,280,S2242501,0
2,281,S2206287,0
2,282,S2245753,0
2,283,S2300363,0
2,284,S2406264,0
2,285,S2320993,1
2,286,S2415690,0
2,287,S2350730,1
2,288,S2350730,1
2,289,S2134277,1
2,290,S2142838,0
2,291,S2300361,0
2,292,S2334386,0
2,293,S1940316,1
2,294,S2320993,1
2,295,S2330980,0
2,296,S2148221,1
2,297,S2128633,1
2,298,S2350730,1
2,299,S2142818,0
2,300,S2320993,1
2,301,S2210209,1
2,302,S2247860,1
2,303,S2228789,0
2,304,S2148221,1
2,305,S2026719,1
2,306,S2026719,1
2,307,S2026719,1
2,308,S2134279,1
2,309,S2210209,1
2,310,S2202569,0
2,311,S2134279,1
2,312,S1940316,1
2,313,S2253525,0
2,314,S2150493,0
2,315,S1940316,1
2,316,S2244727,0
2,317,S2308042,0
2,318,S2306848,0
2,319,S2134277,1
2,320,S2128633,1
2,321,S2308043,0
2,322,S2134277,1
2,323,S2222945,0
2,324,S2403700,0
2,325,S2225224,0
2,326,S2350730,1
2,327,S2345468,0
2,328,S2411030,0
2,329,S2414957,0
2,330,S2142818,0
2,331,S2140144,0
2,332,S2247860,1
2,333,S2026719,1
2,334,S2026719,1
2,335,S2026719,1
2,336,S2026719,1
2,337,S2128633,1
2,338,S2437880,0
2,339,S2345468,0
2,340,S2228790,0
2,341,S2424258,0
2,342,S2228788,0
2,343,S2026719,1
2,344,S2310074,0
2,345,S2210209,1
2,346,S2134279,1
2,347,S2413340,0
2,348,S2134279,1
2,349,S2247860,1
2,350,S2323108,0
2,351,S2026719,1
2,352,S2207350,0
2,353,S2214323,0
2,354,S2320993,1
2,355,S1940316,1
2,356,S2148221,1
2,357,S2128633,1
2,358,S2247860,1
2,359,S2423618,0
2,360,S2414954,0
2,361,S2128633,1
2,362,S2353999,0
2,363,S2511008,0
2,364,S1940316,1
2,365,S2316899,0
2,366,S2346179,0
2,367,S1940316,1
2,368,S2214324,0
2,369,S2134279,1
2,370,S2350730,1
3,0,S2340935,0
3,1,S2206286,0
3,2,S2529112,0
3,3,S2212215,0
3,4,S2326330,0
3,5,S2210209,1
3,6,S2134279,1
3,7,S2134279,1
3,8,S2210209,1
3,9,S2426614,0
3,10,S2210209,1
3,11,S2247860,1
3,12,S2424259,0
3,13,S1940316,1
3,14,S2134279,1
3,15,S2501301,0
3,16,S2134279,1
3,17,S2134277,1
3,18,S2210209,1
3,19,S2128633,1
3,20,S2508630,0
3,21,S2350730,1
3,22,S1940316,1
3,23,S2134277,1
3,24,S2300361,0
3,25,S2429677,0
3,26,S2108730,0
3,27,S2209232,0
3,28,S2215449,0
3,29,S2107860,0
3,30,S2350730,1
3,31,S2148221,1
3,32,S2350730,1
3,33,S2148221,1
3,34,S2247860,1
3,35,S2241562,0
3,36,S2506961,0
3,37,S2229971,0
3,38,S2511009,0
3,39,S2134277,1
3,40,S2408486,0
3,41,S2128633,1
3,42,S2148221,1
3,43,S2243621,0
3,44,S2239525,0
3,45,S2134277,1
3,46,S2320993,1
3,47,S2502090,0
3,48,S2247860,1
3,49,S2148221,1
3,50,S2524760,0
3,51,S2210209,1
3,52,S2320993,1
3,53,S2351751,0
3,54,S2320993,1
3,55,S2216605,0
3,56,S2148221,1
3,57,S1940316,1
3,58,S2210209,1
3,59,S2245753,0
3,60,S2128633,1
3,61,S2133157,0
3,62,S2206289,0
3,63,S2247860,1
3,64,S2350730,1
3,65,S2225225,0
3,66,S2416977,0
3,67,S2247860,1
3,68,S2504721,0
3,69,S2210203,0
3,70,S2406264,0
3,71,S2134279,1
3,72,S2320993,1
3,73,S2148221,1
3,74,S2320993,1
3,75,S2147204,0
3,76,S2128633,1
3,77,S2128633,1
3,78,S2310074,0
3,79,S2026719,1
3,80,S1940316,1
3,81,S2320993,1
3,82,S2247860,1
3,83,S2222945,0
3,84,S2433346,0
3,85,S2147204,0
3,86,S2128633,1
3,87,S2419119,0
3,88,S2247860,1
3,89,S2128633,1
3,90,S2338781,0
3,91,S2128633,1
3,92,S2410460,0
3,93,S2130898,0
3,94,S2210209,1
3,95,S2314590,0
3,96,S2128633,1
3,97,S2128633,1
3,98,S2406753,0
3,99,S2320993,1
3,100,S2350730,1
3,101,S2134277,1
3,102,S2408486,0
3,103,S2533022,0
3,104,S2224010,0
3,105,S2148221,1
3,106,S2315841,0
3,107,S2039743,0
3,108,S2203739,0
3,109,S2134277,1
3,110,S2028924,0
3,111,S2134277,1
3,112,S2134279,1
3,113,S2026719,1
3,114,S2128633,1
3,115,S2144967,0
3,116,S2408484,0
3,117,S2247860,1
3,118,S2210209,1
3,119,S2239522,0
3,120,S2350730,1
3,121,S1940316,1
3,122,S2330983,0
3,123,S2320992,0
3,124,S2248983,0
3,125,S2026719,1
3,126,S2337812,0
3,127,S2247859,0
3,128,S2134279,1
3,129,S2408484,0
3,130,S2215450,0
3,131,S2312320,0
3,132,S2225224,0
3,133,S2240726,0
3,134,S2300361,0
3,135,S2203739,0
3,136,S2148221,1
3,137,S2253527,0
3,138,S2026719,1
3,139,S2134279,1
3,140,S2108730,0
3,141,S2333274,0
3,142,S2130897,0
3,143,S2134277,1
3,144,S2421430,0
3,145,S1940316,1
3,146,S2210209,1
3,147,S2350730,1
3,148,S2026719,1
3,149,S2026719,1
3,150,S2320993,1
3,151,S2247860,1
3,152,S2343312,0
3,153,S2026719,1
3,154,S2026719,1
3,155,S2353995,0
3,156,S2350730,1
3,157,S2134277,1
3,158,S2134279,1
3,159,S2227621,0
3,160,S2238299,0
3,161,S1940316,1
3,162,S2402484,0
3,163,S2026719,1
3,164,S2210209,1
3,165,S2320993,1
3,166,S2134279,1
3,167,S2246786,0
3,168,S2210209,1
3,169,S2128633,1
3,170,S2128633,1
3,171,S2128633,1
3,172,S2210209,1
3,173,S2320993,1
3,174,S2320993,1
3,175,S2320993,1
3,176,S2248988,0
3,177,S2134279,1
3,178,S2128633,1
3,179,S2240720,0
3,180,S2135432,0
3,181,S2401283,0
3,182,S2210209,1
3,183,S2225224,0
3,184,S2300363,0
3,185,S2408486,0
3,186,S2134279,1
3,187,S2348398,0
3,188,S2134279,1
3,189,S2210209,1
3,190,S2244728,0
3,191,S2338786,0
3,192,S2148221,1
3,193,S2511008,0
3,194,S2209229,0
3,195,S2247860,1
3,196,S2247860,1
3,197,S2314588,0
3,198,S2148221,1
3,199,S2320993,1
3,200,S2530985,0
3,201,S2026719,1
3,202,S2247860,1
3,203,S1940316,1
3,204,S2134279,1
3,205,S2320993,1
3,206,S2352825,0
3,207,S2128633,1
3,208,S2408482,0
3,209,S2026719,1
3,210,S2306848,0
3,211,S2134277,1
3,212,S2203737,0
3,213,S2241565,0
3,214,S2148221,1
3,215,S2026719,1
3,216,S2312323,0
3,217,S1940316,1
3,218,S2148221,1
3,219,S2312323,0
3,220,S2304564,0
3,221,S2200310,0
3,222,S2308043,0
3,223,S2511010,0
3,224,S2217673,0
3,225,S2247860,1
3,226,S2409392,0
3,227,S2134279,1
3,228,S2350730,1
3,229,S2506961,0
3,230,S2350730,1
3,231,S2338786,0
3,232,S1940316,1
3,233,S2426614,0
3,234,S2148221,1
3,235,S2413769,0
3,236,S2308043,0
3,237,S2502090,0
3,238,S2148221,1
3,239,S2128633,1
3,240,S2128633,1
3,241,S2026723,0
3,242,S2026719,1
3,243,S2135432,0
3,244,S2134279,1
3,245,S2333273,0
3,246,S2429063,0
3,247,S2128633,1
3,248,S2308043,0
3,249,S2134277,1
3,250,S2402484,0
3,251,S1940316,1
3,252,S2128633,1
3,253,S1940316,1
3,254,S2350730,1
3,255,S2148221,1
3,256,S2339819,0
3,257,S2512685,0
3,258,S2128633,1
3,259,S2343311,0
3,260,S2148221,1
3,261,S2128633,1
3,262,S2148221,1
3,263,S2148221,1
3,264,S2243622,0
3,265,S2210209,1
3,266,S2430053,0
3,267,S2107860,0
3,268,S2352825,0
3,269,S2148221,1
3,270,S2243621,0
3,271,S1940316,1
3,272,S2254886,0
3,273,S2026719,1
3,274,S2315841,0
3,275,S2222061,0
3,276,S2420603,0
3,277,S2350730,1
3,278,S2350730,1
3,279,S1940316,1
3,280,S2135429,0
3,281,S2308044,0
3,282,S2134277,1
3,283,S2134277,1
3,284,S2210203,0
3,285,S2241565,0
3,286,S1940316,1
3,287,S2135430,0
3,288,S2128633,1
3,289,S2322861,0
3,290,S2437880,0
3,291,S2504720,0
3,292,S2026719,1
3,293,S2134277,1
3,294,S2026719,1
3,295,S2128633,1
3,296,S2144969,0
3,297,S2134277,1
3,298,S2026719,1
3,299,S2350730,1
3,300,S2148221,1
3,301,S2350730,1
3,302,S2422139,0
3,303,S2350730,1
3,304,S2026719,1
3,305,S2210209,1
3,306,S2345468,0
3,307,S2350730,1
3,308,S2148221,1
3,309,S2245753,0
3,310,S2314588,0
3,311,S2350730,1
3,312,S2350730,1
3,313,S2420603,0
3,314,S2026719,1
3,315,S2026719,1
3,316,S2408486,0
3,317,S2216631,0
3,318,S2239525,0
3,319,S2244728,0
3,320,S2320993,1
3,321,S2342677,0
3,322,S2350730,1
3,323,S2140145,0
3,324,S2325142,0
3,325,S2350730,1
3,326,S2349547,0
3,327,S2134277,1
3,328,S2134277,1
3,329,S2247860,1
3,330,S2148221,1
3,331,S2148221,1
3,332,S2241565,0
3,333,S1940316,1
3,334,S2511006,0
3,335,S1940316,1
3,336,S2015922,0
3,337,S2134277,1
3,338,S2026719,1
3,339,S2420603,0
3,340,S2224008,0
3,341,S2148221,1
3,342,S2141806,0
3,343,S2148221,1
3,344,S2247860,1
3,345,S2326330,0
3,346,S1940316,1
3,347,S2134279,1
3,348,S2028919,0
3,349,S1940316,1
3,350,S2433342,0
3,351,S2141806,0
3,352,S2026719,1
3,353,S2526362,0
3,354,S2242500,0
3,355,S2408480,0
3,356,S2243621,0
3,357,S2320993,1
3,358,S2128633,1
3,359,S2128633,1
3,360,S2130900,0
3,361,S2412714,0
3,362,S2026719,1
3,363,S2134277,1
3,364,S2350730,1
3,365,S2304564,0
3,366,S2237603,0
3,367,S2350730,1
3,368,S2210202,0
3,369,S2350730,1
3,370,S2320993,1
4,0,S2148221,1
4,1,S2506960,0
4,2,S2408481,0
4,3,S2530049,0
4,4,S2203739,0
4,5,S2108730,0
4,6,S2148221,1
4,7,S2140143,0
4,8,S2134279,1
4,9,S2423619,0
4,10,S2512685,0
4,11,S2244727,0
4,12,S2028920,0
4,13,S2134279,1
4,14,S2148221,1
4,15,S2150490,0
4,16,S2134279,1
4,17,S2134277,1
4,18,S2342016,0
4,19,S2108731,0
4,20,S2512685,0
4,21,S2142815,0
4,22,S2148221,1
4,23,S2234197,0
4,24,S2350730,1
4,25,S2320993,1
4,26,S2148221,1
4,27,S2436454,0
4,28,S2222061,0
4,29,S2350730,1
4,30,S2209229,0
4,31,S2210209,1
4,32,S2240720,0
4,33,S2353996,0
4,34,S2108730,0
4,35,S2520402,0
4,36,S2320993,1
4,37,S1940316,1
4,38,S2226370,0
4,39,S1940316,1
4,40,S2134279,1
4,41,S2427695,0
4,42,S2241563,0
4,43,S2350730,1
4,44,S2415070,0
4,45,S1940316,1
4,46,S2524760,0
4,47,S2134277,1
4,48,S2320993,1
4,49,S2232192,0
4,50,S2026719,1
4,51,S2325143,0
4,52,S2234199,0
4,53,S2336496,0
4,54,S2320992,0
4,55,S2320993,1
4,56,S2214323,0
4,57,S2134279,1
4,58,S2215453,0
4,59,S2213274,0
4,60,S2134279,1
4,61,S2244728,0
4,62,S2424258,0
4,63,S2241562,0
4,64,S2148221,1
4,65,S2026719,1
4,66,S2032124,0
4,67,S2032124,0
4,68,S2241565,0
4,69,S2308042,0
4,70,S2128633,1
4,71,S2210209,1
4,72,S2203737,0
4,73,S2015922,0
4,74,S2134277,1
4,75,S2130898,0
4,76,S2244728,0
4,77,S2210209,1
4,78,S2026719,1
4,79,S2409391,0
4,80,S2415689,0
4,81,S2328623,0
4,82,S2134277,1
4,83,S2420602,0
4,84,S2531989,0
4,85,S2419850,0
4,86,S2128633,1
4,87,S2134279,1
4,88,S2134277,1
4,89,S2436457,0
4,90,S2408481,0
4,91,S2516970,0
4,92,S2026719,1
4,93,S2128633,1
4,94,S1940316,1
4,95,S2209229,0
4,96,S2415689,0
4,97,S2148221,1
4,98,S2531989,0
4,99,S2026719,1
4,100,S2247860,1
4,101,S2148221,1
4,102,S2241563,0
4,103,S2148221,1
4,104,S2350730,1
4,105,S2210209,1
4,106,S2515598,0
4,107,S2210209,1
4,108,S2350730,1
4,109,S2210206,0
4,110,S2148221,1
4,111,S2244727,0
4,112,S2407940,0
4,113,S2207350,0
4,114,S2026719,1
4,115,S2311235,0
4,116,S2232193,0
4,117,S2408484,0
4,118,S2247860,1
4,119,S1940316,1
4,120,S2350730,1
4,121,S2330987,0
4,122,S2320993,1
4,123,S2320993,1
4,124,S2222833,0
4,125,S2210209,1
4,126,S2134277,1
4,127,S1940316,1
4,128,S1940316,1
4,129,S2026719,1
4,130,S2026719,1
4,131,S2505508,0
4,132,S2143764,0
4,133,S2210209,1
4,134,S2308044,0
4,135,S2352825,0
4,136,S2210209,1
4,137,S2521240,0
4,138,S2330980,0
4,139,S2212215,0
4,140,S2525436,0
4,141,S2251252,0
4,142,S2134279,1
4,143,S2352827,0
4,144,S2530985,0
4,145,S2026719,1
4,146,S2429677,0
4,147,S2254886,0
4,148,S2231090,0
4,149,S2026719,1
4,150,S2320993,1
4,151,S2424259,0
4,152,S2047227,0
4,153,S2401283,0
4,154,S1940316,1
4,155,S1940316,1
4,156,S2322861,0
4,157,S2140143,0
4,158,S2128633,1
4,159,S2247860,1
4,160,S2128633,1
4,161,S2209229,0
4,162,S2202569,0
4,163,S2026719,1
4,164,S2134277,1
4,165,S2248988,0
4,166,S2506961,0
4,167,S2530049,0
4,168,S2244730,0
4,169,S2330980,0
4,170,S2148221,1
4,171,S2133159,0
4,172,S2143764,0
4,173,S2320993,1
4,174,S2148221,1
4,175,S2320993,1
4,176,S2134279,1
4,177,S2026719,1
4,178,S2026719,1
4,179,S2134279,1
4,180,S2026719,1
4,181,S2313440,0
4,182,S1940316,1
4,183,S2311235,0
4,184,S2134277,1
4,185,S2247860,1
4,186,S1940316,1
4,187,S2232194,0
4,188,S2320993,1
4,189,S2128633,1
4,190,S2306850,0
4,191,S1940316,1
4,192,S2350730,1
4,193,S2247860,1
4,194,S2350730,1
4,195,S1940316,1
4,196,S2225225,0
4,197,S2026719,1
4,198,S2148221,1
4,199,S2406753,0
4,200,S2522994,0
4,201,S2225225,0
4,202,S2350730,1
4,203,S2148221,1
4,204,S2026719,1
4,205,S2206286,0
4,206,S2343314,0
4,207,S2320993,1
4,208,S2349547,0
4,209,S2408480,0
4,210,S2409391,0
4,211,S2402481,0
4,212,S2134277,1
4,213,S2350730,1
4,214,S2148221,1
4,215,S2210209,1
4,216,S2142838,0
4,217,S2424259,0
4,218,S2134277,1
4,219,S2425034,0
4,220,S2215449,0
4,221,S2436453,0
4,222,S2141806,0
4,223,S2148221,1
4,224,S2244728,0
4,225,S2436454,0
4,226,S2334411,0
4,227,S2148221,1
4,228,S2247860,1
4,229,S2214323,0
4,230,S2247860,1
4,231,S2134277,1
4,232,S2345468,0
4,233,S1940316,1
4,234,S2350730,1
4,235,S2320993,1
4,236,S2128633,1
4,237,S2148221,1
4,238,S2247860,1
4,239,S2134277,1
4,240,S2323102,0
4,241,S2300331,0
4,242,S2148221,1
4,243,S2134279,1
4,244,S2529112,0
4,245,S1940316,1
4,246,S2210209,1
4,247,S2210206,0
4,248,S2210209,1
4,249,S2202568,0
4,250,S2032124,0
4,251,S2338784,0
4,252,S2140143,0
4,253,S2128633,1
4,254,S2300331,0
4,255,S2320993,1
4,256,S2134277,1
4,257,S2422845,0
4,258,S2247860,1
4,259,S2240720,0
4,260,S2350730,1
4,261,S2203734,0
4,262,S1940316,1
4,263,S2521240,0
4,264,S2128633,1
4,265,S2140145,0
4,266,S2134279,1
4,267,S2247860,1
4,268,S2225225,0
4,269,S2128633,1
4,270,S2408484,0
4,271,S2219753,0
4,272,S2229537,0
4,273,S2134277,1
4,274,S2128633,1
4,275,S2225225,0
4,276,S2350730,1
4,277,S2320993,1
4,278,S2206286,0
4,279,S2220927,0
4,280,S2434134,0
4,281,S2134279,1
4,282,S2427693,0
4,283,S2147204,0
4,284,S2350730,1
4,285,S2327489,0
4,286,S2350730,1
4,287,S2148221,1
4,288,S2415690,0
4,289,S2208362,0
4,290,S2320993,1
4,291,S2134279,1
4,292,S2412061,0
4,293,S2306015,0
4,294,S2530981,0
4,295,S2148221,1
4,296,S1940316,1
4,297,S2134277,1
4,298,S2148221,1
4,299,S2148221,1
4,300,S2134277,1
4,301,S2026719,1
4,302,S2026719,1
4,303,S2533022,0
4,304,S2212215,0
4,305,S2134279,1
4,306,S2425843,0
4,307,S2247860,1
4,308,S2320993,1
4,309,S2128633,1
4,310,S2323102,0
4,311,S2524777,0
4,312,S2134279,1
4,313,S2320993,1
4,314,S2134279,1
4,315,S2026719,1
4,316,S2210209,1
4,317,S2026719,1
4,318,S2350730,1
4,319,S2300360,0
4,320,S2026719,1
4,321,S2423619,0
4,322,S2215450,0
4,323,S2240726,0
4,324,S2240726,0
4,325,S2437880,0
4,326,S1940316,1
4,327,S2308044,0
4,328,S2148221,1
4,329,S2340935,0
4,330,S2244730,0
4,331,S2430053,0
4,332,S2032124,0
4,333,S2338784,0
4,334,S2148221,1
4,335,S2128633,1
4,336,S2128633,1
4,337,S2247860,1
4,338,S2522994,0
4,339,S1940316,1
4,340,S2134277,1
4,341,S2148221,1
4,342,S2134279,1
4,343,S2134279,1
4,344,S2134279,1
4,345,S2128633,1
4,346,S2210209,1
4,347,S2343311,0
4,348,S2134277,1
4,349,S2148221,1
4,350,S2320993,1
4,351,S2134277,1
4,352,S2232190,0
4,353,S2247860,1
4,354,S2342016,0
4,355,S2326332,0
4,356,S2338784,0
4,357,S2408486,0
4,358,S2247860,1
4,359,S2312320,0
4,360,S2350730,1
4,361,S2337812,0
4,362,S2148221,1
4,363,S2433341,0
4,364,S2506960,0
4,365,S2407940,0
4,366,S2248988,0
4,367,S2209229,0
4,368,S2134277,1
4,369,S2251251,0
4,370,S2128633,1
5,0,S2210209,1
5,1,S2210209,1
5,2,S2026719,1
5,3,S2148221,1
5,4,S2512685,0
5,5,S2237601,0
5,6,S2213275,0
5,7,S2513848,0
5,8,S2134279,1
5,9,S2128633,1
5,10,S2437882,0
5,11,S2247860,1
5,12,S1940316,1
5,13,S2250152,0
5,14,S2210209,1
5,15,S2213274,0
5,16,S2225223,0
5,17,S2407940,0
5,18,S1940316,1
5,19,S2149398,0
5,20,S2219751,0
5,21,S2026719,1
5,22,S2015087,0
5,23,S2026719,1
5,24,S2134279,1
5,25,S2408482,0
5,26,S2134277,1
5,27,S2506961,0
5,28,S2241828,0
5,29,S2327486,0
5,30,S2134279,1
5,31,S2524760,0
5,32,S2241564,0
5,33,S2251251,0
5,34,S2026719,1
5,35,S2414950,0
5,36,S2134279,1
5,37,S2533022,0
5,38,S2247860,1
5,39,S2128633,1
5,40,S2134277,1
5,41,S2229537,0
5,42,S2330984,0
5,43,S1940316,1
5,44,S2148221,1
5,45,S2247860,1
5,46,S2311236,0
5,47,S2403700,0
5,48,S2148221,1
5,49,S2424259,0
5,50,S2349547,0
5,51,S2501301,0
5,52,S2210209,1
5,53,S2323102,0
5,54,S2516970,0
5,55,S2134277,1
5,56,S2231089,0
5,57,S2026719,1
5,58,S2134277,1
5,59,S2511006,0
5,60,S2320993,1
5,61,S2247860,1
5,62,S2530985,0
5,63,S2148221,1
5,64,S2134277,1
5,65,S2236496,0
5,66,S1940316,1
5,67,S2210209,1
5,68,S2028920,0
5,69,S2015087,0
5,70,S2315838,0
5,71,S2026719,1
5,72,S2148221,1
5,73,S2134277,1
5,74,S2148221,1
5,75,S2134277,1
5,76,S2516970,0
5,77,S2219753,0
5,78,S2247860,1
5,79,S1940316,1
5,80,S2211179,0
5,81,S2511009,0
5,82,S2210209,1
5,83,S2026719,1
5,84,S2333274,0
5,85,S2134277,1
5,86,S1940316,1
5,87,S2148221,1
5,88,S2323108,0
5,89,S2408482,0
5,90,S2026719,1
5,91,S2406754,0
5,92,S2043434,0
5,93,S2338784,0
5,94,S2216605,0
5,95,S2350730,1
5,96,S2026719,1
5,97,S2026719,1
5,98,S2312323,0
5,99,S2350730,1
5,100,S2415070,0
5,101,S1940316,1
5,102,S2231091,0
5,103,S2026719,1
5,104,S2148221,1
5,105,S1940316,1
5,106,S2140143,0
5,107,S2043434,0
5,108,S2410460,0
5,109,S2128633,1
5,110,S2247860,1
5,111,S2148221,1
5,112,S2327689,0
5,113,S2128633,1
5,114,S2210209,1
5,115,S2148221,1
5,116,S2339820,0
5,117,S2350730,1
5,118,S2134277,1
5,119,S2210209,1
5,120,S2350730,1
5,121,S2300363,0
5,122,S2210209,1
5,123,S2511010,0
5,124,S2241562,0
5,125,S2128633,1
5,126,S2148221,1
5,127,S2327485,0
5,128,S2206288,0
5,129,S2128633,1
5,130,S2310074,0
5,131,S2134279,1
5,132,S2353995,0
5,133,S2128633,1
5,134,S2239525,0
5,135,S2151614,0
5,136,S2320993,1
5,137,S2342016,0
5,138,S2134277,1
5,139,S2402481,0
5,140,S2407939,0
5,141,S2350730,1
5,142,S2247860,1
5,143,S2436457,0
5,144,S2247860,1
5,145,S2210209,1
5,146,S2351751,0
5,147,S2320993,1
5,148,S2210209,1
5,149,S2244730,0
5,150,S2407939,0
5,151,S2403700,0
5,152,S2215454,0
5,153,S2350730,1
5,154,S2134279,1
5,155,S2148221,1
5,156,S2247860,1
5,157,S2350730,1
5,158,S2128633,1
5,159,S2350730,1
5,160,S2128633,1
5,161,S2134279,1
5,162,S2210209,1
5,163,S2314590,0
5,164,S2210209,1
5,165,S2312317,0
5,166,S2306850,0
5,167,S2128633,1
5,168,S2207350,0
5,169,S2242501,0
5,170,S2134279,1
5,171,S2026719,1
5,172,S2320993,1
5,173,S2350730,1
5,174,S1940316,1
5,175,S2350730,1
5,176,S2437880,0
5,177,S2217673,0
5,178,S2320993,1
5,179,S2513847,0
5,180,S2423616,0
5,181,S2210209,1
5,182,S2134277,1
5,183,S2026719,1
5,184,S2350730,1
5,185,S2339820,0
5,186,S2151614,0
5,187,S2323108,0
5,188,S2026719,1
5,189,S2350730,1
5,190,S2213275,0
5,191,S2248983,0
5,192,S2039743,0
5,193,S1940316,1
5,194,S2400070,0
5,195,S2343314,0
5,196,S2150490,0
5,197,S2352827,0
5,198,S2203737,0
5,199,S2247860,1
5,200,S2148221,1
5,201,S2348398,0
5,202,S2134277,1
5,203,S2130897,0
5,204,S2352825,0
5,205,S2247860,1
5,206,S2028920,0
5,207,S2247860,1
5,208,S2520402,0
5,209,S2134277,1
5,210,S2252333,0
5,211,S2348398,0
5,212,S2141807,0
5,213,S2247859,0
5,214,S2215450,0
5,215,S1940316,1
5,216,S2402481,0
5,217,S2320993,1
5,218,S2149393,0
5,219,S2148221,1
5,220,S2142818,0
5,221,S2306850,0
5,222,S2135432,0
5,223,S2148221,1
5,224,S2318025,0
5,225,S2232192,0
5,226,S2434133,0
5,227,S2134277,1
5,228,S2134277,1
5,229,S2224008,0
5,230,S2210209,1
5,231,S2225224,0
5,232,S2524760,0
5,233,S2147204,0
5,234,S2026719,1
5,235,S2342677,0
5,236,S2245753,0
5,237,S2320993,1
5,238,S2350730,1
5,239,S2134279,1
5,240,S2148221,1
5,241,S2134279,1
5,242,S2410453,0
5,243,S2323102,0
5,244,S1940316,1
5,245,S2434133,0
5,246,S2026719,1
5,247,S2252333,0
5,248,S2215450,0
5,249,S2314590,0
5,250,S2308042,0
5,251,S2215454,0
5,252,S2206289,0
5,253,S2320993,1
5,254,S2350730,1
5,255,S2026719,1
5,256,S2128633,1
5,257,S2134277,1
5,258,S2222833,0
5,259,S2032124,0
5,260,S2134277,1
5,261,S2338786,0
5,262,S2316899,0
5,263,S2134279,1
5,264,S2144967,0
5,265,S1940316,1
5,266,S2436453,0
5,267,S2210209,1
5,268,S2330984,0
5,269,S2247860,1
5,270,S2148221,1
5,271,S2134277,1
5,272,S2350730,1
5,273,S2300331,0
5,274,S2210209,1
5,275,S2203737,0
5,276,S2150490,0
5,277,S2134277,1
5,278,S2247860,1
5,279,S2026719,1
5,280,S2128633,1
5,281,S2320993,1
5,282,S2247860,1
5,283,S2429063,0
5,284,S2232193,0
5,285,S2142818,0
5,286,S2232192,0
5,287,S2511009,0
5,288,S2140143,0
5,289,S2143767,0
5,290,S2148221,1
5,291,S2142815,0
5,292,S2333273,0
5,293,S1940316,1
5,294,S2134277,1
5,295,S2247860,1
5,296,S2505508,0
5,297,S2320993,1
5,298,S2225224,0
5,299,S1940316,1
5,300,S2352827,0
5,301,S2212213,0
5,302,S2210209,1
5,303,S2350730,1
5,304,S2516970,0
5,305,S2406753,0
5,306,S2320993,1
5,307,S2026719,1
5,308,S2206288,0
5,309,S2225224,0
5,310,S2134279,1
5,311,S2420603,0
5,312,S2247860,1
5,313,S2320993,1
5,314,S2412713,0
5,315,S2026719,1
5,316,S2313440,0
5,317,S2135429,0
5,318,S1940316,1
5,319,S2026719,1
5,320,S2026719,1
5,321,S2134277,1
5,322,S2026719,1
5,323,S2350730,1
5,324,S2151614,0
5,325,S2343311,0
5,326,S2225224,0
5,327,S2423618,0
5,328,S2429063,0
5,329,S2408486,0
5,330,S2234197,0
5,331,S2134277,1
5,332,S2148221,1
5,333,S2414957,0
5,334,S2134279,1
5,335,S2128633,1
5,336,S2339819,0
5,337,S2039743,0
5,338,S2350730,1
5,339,S2350730,1
5,340,S2206289,0
5,341,S2028920,0
5,342,S2320993,1
5,343,S2026719,1
5,344,S2128633,1
5,345,S2144970,0
5,346,S2406264,0
5,347,S2410463,0
5,348,S2320993,1
5,349,S2026719,1
5,350,S2210209,1
5,351,S2350730,1
5,352,S2343312,0
5,353,S2144969,0
5,354,S2422139,0
5,355,S2134277,1
5,356,S2320993,1
5,357,S2429676,0
5,358,S2026719,1
5,359,S2320993,1
5,360,S1940316,1
5,361,S2026719,1
5,362,S1940316,1
5,363,S2313440,0
5,364,S2243621,0
5,365,S2026719,1
5,366,S2327486,0
5,367,S2234197,0
5,368,S2427693,0
5,369,S2334385,0
5,370,S2225225,0
6,0,S2210209,1
6,1,S2026719,1
6,2,S2222833,0
6,3,S2210209,1
6,4,S2320993,1
6,5,S2134277,1
6,6,S2350730,1
6,7,S2217673,0
6,8,S2134277,1
6,9,S2350730,1
6,10,S2308041,0
6,11,S2215450,0
6,12,S2414950,0
6,13,S2148221,1
6,14,S2210209,1
6,15,S2350730,1
6,16,S2209236,0
6,17,S2142816,0
6,18,S2134277,1
6,19,S2253525,0
6,20,S2134277,1
6,21,S2210209,1
6,22,S2224008,0
6,23,S2402484,0
6,24,S2148221,1
6,25,S2227621,0
6,26,S2231091,0
6,27,S2026719,1
6,28,S2202569,0
6,29,S2408486,0
6,30,S2350730,1
6,31,S2247860,1
6,32,S2134277,1
6,33,S2026719,1
6,34,S2247860,1
6,35,S2128633,1
6,36,S2320993,1
6,37,S2332144,0
6,38,S2026719,1
6,39,S2408486,0
6,40,S2236496,0
6,41,S2350730,1
6,42,S2222945,0
6,43,S2247860,1
6,44,S2521240,0
6,45,S2420603,0
6,46,S2419849,0
6,47,S2524760,0
6,48,S2420604,0
6,49,S2026719,1
6,50,S2210209,1
6,51,S2253525,0
6,52,S1940316,1
6,53,S2210209,1
6,54,S2306850,0
6,55,S2134279,1
6,56,S2128633,1
6,57,S2245753,0
6,58,S2108730,0
6,59,S2320993,1
6,60,S2311235,0
6,61,S2350730,1
6,62,S2128633,1
6,63,S2338783,0
6,64,S2320993,1
6,65,S2128633,1
6,66,S2406753,0
6,67,S2244730,0
6,68,S2411030,0
6,69,S2350730,1
6,70,S2320993,1
6,71,S2215449,0
6,72,S2408480,0
6,73,S2310074,0
6,74,S2108731,0
6,75,S2405217,0
6,76,S2209236,0
6,77,S1940316,1
6,78,S2232190,0
6,79,S2128633,1
6,80,S2148221,1
6,81,S2026719,1
6,82,S2148221,1
6,83,S2026719,1
6,84,S2524777,0
6,85,S2128633,1
6,86,S2134277,1
6,87,S2134279,1
6,88,S2026719,1
6,89,S2128633,1
6,90,S2128633,1
6,91,S2148221,1
6,92,S2202568,0
6,93,S2128633,1
6,94,S2148221,1
6,95,S2222061,0
6,96,S2350730,1
6,97,S2026719,1
6,98,S2340935,0
6,99,S2026719,1
6,100,S2410463,0
6,101,S2026719,1
6,102,S1940316,1
6,103,S2144970,0
6,104,S2524777,0
6,105,S2128633,1
6,106,S2423618,0
6,107,S2525436,0
6,108,S2232190,0
6,109,S2338783,0
6,110,S2240726,0
6,111,S2310074,0
6,112,S2524760,0
6,113,S2323108,0
6,114,S2134279,1
6,115,S2241562,0
6,116,S1940316,1
6,117,S2134277,1
6,118,S2134279,1
6,119,S2350730,1
6,120,S1940316,1
6,121,S2128633,1
6,122,S2128633,1
6,123,S2039743,0
6,124,S2231089,0
6,125,S2513848,0
6,126,S1940316,1
6,127,S2350730,1
6,128,S2251250,0
6,129,S2513848,0
6,130,S1940316,1
6,131,S2210209,1
6,132,S2134279,1
6,133,S2350730,1
6,134,S2231091,0
6,135,S2148221,1
6,136,S2128633,1
6,137,S2247860,1
6,138,S2151614,0
6,139,S2530063,0
6,140,S2206287,0
6,141,S2026719,1
6,142,S1940316,1
6,143,S2148221,1
6,144,S1940316,1
6,145,S2504721,0
6,146,S2247860,1
6,147,S2350730,1
6,148,S2422139,0
6,149,S2235315,0
6,150,S1940316,1
6,151,S2436457,0
6,152,S2246786,0
6,153,S2210209,1
6,154,S2320993,1
6,155,S1940316,1
6,156,S2320993,1
6,157,S2424258,0
6,158,S2148221,1
6,159,S2210209,1
6,160,S2320993,1
6,161,S2247860,1
6,162,S1940316,1
6,163,S2134279,1
6,164,S2210209,1
6,165,S2247860,1
6,166,S2026719,1
6,167,S2232190,0
6,168,S2407940,0
6,169,S2320993,1
6,170,S1940316,1
6,171,S2140144,0
6,172,S2134277,1
6,173,S2315838,0
6,174,S2350730,1
6,175,S2232193,0
6,176,S2142815,0
6,177,S2501301,0
6,178,S2408480,0
6,179,S2433346,0
6,180,S2252333,0
6,181,S1940316,1
6,182,S2210203,0
6,183,S2520404,0
6,184,S2336494,0
6,185,S2247859,0
6,186,S2154957,0
6,187,S2247860,1
6,188,S2210209,1
6,189,S2129803,0
6,190,S2337812,0
6,191,S2330982,0
6,192,S2515598,0
6,193,S2434571,0
6,194,S2350730,1
6,195,S2134279,1
6,196,S2433342,0
6,197,S2247860,1
6,198,S2330983,0
6,199,S2333274,0
6,200,S2210209,1
6,201,S2333273,0
6,202,S2148221,1
6,203,S2141807,0
6,204,S2350730,1
6,205,S2039743,0
6,206,S2320993,1
6,207,S2521240,0
6,208,S2208362,0
6,209,S2515598,0
6,210,S2247860,1
6,211,S2128633,1
6,212,S2026719,1
6,213,S1940316,1
6,214,S2134279,1
6,215,S2504720,0
6,216,S2253528,0
6,217,S2246786,0
6,218,S2247860,1
6,219,S2148221,1
6,220,S2513847,0
6,221,S2530049,0
6,222,S2210209,1
6,223,S2320993,1
6,224,S2337812,0
6,225,S2328623,0
6,226,S2407939,0
6,227,S1940316,1
6,228,S2320993,1
6,229,S2348398,0
6,230,S2215450,0
6,231,S2215450,0
6,232,S2140148,0
6,233,S2214324,0
6,234,S2530049,0
6,235,S2434134,0
6,236,S2338781,0
6,237,S2210209,1
6,238,S2149398,0
6,239,S2210209,1
6,240,S2350730,1
6,241,S2247860,1
6,242,S2247860,1
6,243,S2247860,1
6,244,S2425034,0
6,245,S2306848,0
6,246,S2232192,0
6,247,S2148221,1
6,248,S2148221,1
6,249,S2128633,1
6,250,S2130897,0
6,251,S2326332,0
6,252,S2134277,1
6,253,S2408481,0
6,254,S2134277,1
6,255,S2210209,1
6,256,S2253528,0
6,257,S2327486,0
6,258,S2219751,0
6,259,S2149398,0
6,260,S2245753,0
6,261,S1940316,1
6,262,S2134279,1
6,263,S2210209,1
6,264,S2128633,1
6,265,S2129803,0
6,266,S2406755,0
6,267,S2300331,0
6,268,S2026719,1
6,269,S2333273,0
6,270,S2320993,1
6,271,S2344458,0
6,272,S2147204,0
6,273,S2143769,0
6,274,S2311235,0
6,275,S2134277,1
6,276,S2134279,1
6,277,S2436453,0
6,278,S2228789,0
6,279,S2219754,0
6,280,S2217673,0
6,281,S2149396,0
6,282,S2506961,0
6,283,S2032124,0
6,284,S2436454,0
6,285,S2320993,1
6,286,S2026719,1
6,287,S2026719,1
6,288,S2254886,0
6,289,S2134279,1
6,290,S2225225,0
6,291,S2240720,0
6,292,S2320993,1
6,293,S2350730,1
6,294,S2134279,1
6,295,S2326330,0
6,296,S2434571,0
6,297,S2142815,0
6,298,S2130898,0
6,299,S2320993,1
6,300,S2213274,0
6,301,S2351751,0
6,302,S2219753,0
6,303,S2423619,0
6,304,S2247860,1
6,305,S2130897,0
6,306,S2232192,0
6,307,S2210209,1
6,308,S2247860,1
6,309,S2026723,0
6,310,S1940316,1
6,311,S2147204,0
6,312,S2247860,1
6,313,S2148221,1
6,314,S2403700,0
6,315,S2247860,1
6,316,S2135433,0
6,317,S2134277,1
6,318,S2128633,1
6,319,S2350730,1
6,320,S2150490,0
6,321,S1940316,1
6,322,S2215450,0
6,323,S2130898,0
6,324,S1940316,1
6,325,S2407940,0
6,326,S2247860,1
6,327,S2134277,1
6,328,S2143769,0
6,329,S2430053,0
6,330,S2306847,0
6,331,S2210207,0
6,332,S2427695,0
6,333,S2134277,1
6,334,S2134279,1
6,335,S2338786,0
6,336,S2311236,0
6,337,S2028924,0
6,338,S2215453,0
6,339,S2213275,0
6,340,S2320993,1
6,341,S2247860,1
6,342,S2128633,1
6,343,S2128633,1
6,344,S2229537,0
6,345,S2203734,0
6,346,S2202569,0
6,347,S2350730,1
6,348,S2202568,0
6,349,S2134279,1
6,350,S2134277,1
6,351,S2229537,0
6,352,S2210209,1
6,353,S2202564,0
6,354,S1940316,1
6,355,S2506960,0
6,356,S2501301,0
6,357,S2210209,1
6,358,S1940316,1
6,359,S2134279,1
6,360,S2253529,0
6,361,S2043434,0
6,362,S2511006,0
6,363,S2015922,0
6,364,S2026719,1
6,365,S2410460,0
6,366,S2322861,0
6,367,S2142838,0
6,368,S2315841,0
6,369,S2134279,1
6,370,S2242501,0
7,0,S2148221,1
7,1,S2334388,0
7,2,S2234199,0
7,3,S2332144,0
7,4,S2210209,1
7,5,S2350730,1
7,6,S2350730,1
7,7,S2300361,0
7,8,S2134277,1
7,9,S2411030,0
7,10,S2202564,0
7,11,S2333274,0
7,12,S2427695,0
7,13,S2310079,0
7,14,S2134279,1
7,15,S2338783,0
7,16,S2320993,1
7,17,S2423619,0
7,18,S2350730,1
7,19,S2350730,1
7,20,S2244728,0
7,21,S2247860,1
7,22,S2308044,0
7,23,S2247860,1
7,24,S2422845,0
7,25,S2140144,0
7,26,S2414954,0
7,27,S2026719,1
7,28,S2219754,0
7,29,S2247860,1
7,30,S2415689,0
7,31,S2215454,0
7,32,S2241562,0
7,33,S2134277,1
7,34,S2414954,0
7,35,S1940316,1
7,36,S2320993,1
7,37,S2134277,1
7,38,S2350730,1
7,39,S2241563,0
7,40,S2210209,1
7,41,S2241562,0
7,42,S2304560,0
7,43,S2511008,0
7,44,S2134279,1
7,45,S2253527,0
7,46,S2318025,0
7,47,S1940316,1
7,48,S2148221,1
7,49,S2529112,0
7,50,S2529112,0
7,51,S1940316,1
7,52,S1940316,1
7,53,S2134279,1
7,54,S2134277,1
7,55,S2128633,1
7,56,S2318025,0
7,57,S2530049,0
7,58,S1940316,1
7,59,S2350730,1
7,60,S2134277,1
7,61,S2134279,1
7,62,S2134277,1
7,63,S2128633,1
7,64,S2433341,0
7,65,S2150490,0
7,66,S2345468,0
7,67,S2350730,1
7,68,S1940316,1
7,69,S1940316,1
7,70,S2414957,0
7,71,S2149398,0
7,72,S2424259,0
7,73,S2511009,0
7,74,S2422845,0
7,75,S2437880,0
7,76,S2210209,1
7,77,S2210209,1
7,78,S2419850,0
7,79,S2148221,1
7,80,S2522994,0
7,81,S2320993,1
7,82,S2413340,0
7,83,S2231091,0
7,84,S2515598,0
7,85,S2236493,0
7,86,S2516970,0
7,87,S2128633,1
7,88,S2026719,1
7,89,S2134277,1
7,90,S2433342,0
7,91,S2433346,0
7,92,S2210209,1
7,93,S2320993,1
7,94,S2015922,0
7,95,S2134279,1
7,96,S2026719,1
7,97,S2128633,1
7,98,S2247860,1
7,99,S2325142,0
7,100,S2215454,0
7,101,S2320993,1
7,102,S1940316,1
7,103,S2144969,0
7,104,S2210209,1
7,105,S2348398,0
7,106,S2247860,1
7,107,S2026719,1
7,108,S2134279,1
7,109,S2344458,0
7,110,S2227605,0
7,111,S2320993,1
7,112,S2210209,1
7,113,S2134279,1
7,114,S2134277,1
7,115,S2134277,1
7,116,S2350730,1
7,117,S2148221,1
7,118,S2134277,1
7,119,S2434134,0
7,120,S2350730,1
7,121,S2320993,1
7,122,S2350730,1
7,123,S2234200,0
7,124,S2243621,0
7,125,S2140143,0
7,126,S2320993,1
7,127,S2308042,0
7,128,S2142815,0
7,129,S2148221,1
7,130,S2202564,0
7,131,S2026719,1
7,132,S2247860,1
7,133,S1940316,1
7,134,S2135429,0
7,135,S2210209,1
7,136,S2148221,1
7,137,S2320993,1
7,138,S2210209,1
7,139,S2134277,1
7,140,S2316899,0
7,141,S2300361,0
7,142,S2026719,1
7,143,S2353995,0
7,144,S2128633,1
7,145,S2350730,1
7,146,S2128633,1
7,147,S2149393,0
7,148,S1940316,1
7,149,S2217673,0
7,150,S1940316,1
7,151,S2247860,1
7,152,S2210209,1
7,153,S2134279,1
7,154,S2402481,0
7,155,S1940316,1
7,156,S2134277,1
7,157,S2026719,1
7,158,S2413769,0
7,159,S2409391,0
7,160,S2210209,1
7,161,S2254886,0
7,162,S2210209,1
7,163,S2134277,1
7,164,S2210209,1
7,165,S2408481,0
7,166,S2308041,0
7,167,S2232193,0
7,168,S2320993,1
7,169,S2227621,0
7,170,S2134277,1
7,171,S2148221,1
7,172,S2247860,1
7,173,S2320993,1
7,174,S2134277,1
7,175,S2209229,0
7,176,S2320993,1
7,177,S2134279,1
7,178,S2320993,1
7,179,S2134279,1
7,180,S2210209,1
7,181,S2134277,1
7,182,S2350730,1
7,183,S2415690,0
7,184,S2247860,1
7,185,S2320993,1
7,186,S2415690,0
7,187,S2128633,1
7,188,S1940316,1
7,189,S2412725,0
7,190,S1940316,1
7,191,S2213274,0
7,192,S2350730,1
7,193,S2128633,1
7,194,S1940316,1
7,195,S2419119,0
7,196,S2350730,1
7,197,S2346543,0
7,198,S2134277,1
7,199,S2134279,1
7,200,S2228790,0
7,201,S2026719,1
7,202,S2205211,0
7,203,S2134277,1
7,204,S2134279,1
7,205,S2039743,0
7,206,S2134277,1
7,207,S2207350,0
7,208,S2130900,0
7,209,S2315840,0
7,210,S1940316,1
7,211,S2237601,0
7,212,S2325142,0
7,213,S2320993,1
7,214,S2304560,0
7,215,S2210209,1
7,216,S2236493,0
7,217,S2026719,1
7,218,S2148221,1
7,219,S2332144,0
7,220,S2252333,0
7,221,S2134277,1
7,222,S2237603,0
7,223,S2402484,0
7,224,S2212215,0
7,225,S2134279,1
7,226,S2206289,0
7,227,S2402481,0
7,228,S2026719,1
7,229,S2350730,1
7,230,S2141806,0
7,231,S2134279,1
7,232,S2128633,1
7,233,S2143767,0
7,234,S2134279,1
7,235,S2416977,0
7,236,S2134279,1
7,237,S2039743,0
7,238,S2135433,0
7,239,S2138905,0
7,240,S2208362,0
7,241,S2436454,0
7,242,S2503127,0
7,243,S1940316,1
7,244,S2128633,1
7,245,S2210209,1
7,246,S2342016,0
7,247,S2212213,0
7,248,S2202568,0
7,249,S2320993,1
7,250,S2342016,0
7,251,S2224008,0
7,252,S2134277,1
7,253,S2246786,0
7,254,S2419119,0
7,255,S2026719,1
7,256,S2128633,1
7,257,S2210209,1
7,258,S2247860,1
7,259,S2227621,0
7,260,S2213275,0
7,261,S2244728,0
7,262,S2148221,1
7,263,S2350730,1
7,264,S2134277,1
7,265,S2134277,1
7,266,S2206287,0
7,267,S2026719,1
7,268,S2338783,0
7,269,S2213274,0
7,270,S2323102,0
7,271,S2026719,1
7,272,S2026719,1
7,273,S2350730,1
7,274,S1940316,1
7,275,S2210209,1
7,276,S2332144,0
7,277,S1940316,1
7,278,S2206286,0
7,279,S2320993,1
7,280,S1940316,1
7,281,S2219753,0
7,282,S2229971,0
7,283,S2525436,0
7,284,S2346179,0
7,285,S2026719,1
7,286,S2314588,0
7,287,S2154958,0
7,288,S2225223,0
7,289,S2247860,1
7,290,S2026719,1
7,291,S2235315,0
7,292,S2141807,0
7,293,S2412060,0
7,294,S2235518,0
7,295,S2128633,1
7,296,S2320993,1
7,297,S2142818,0
7,298,S2240726,0
7,299,S2236496,0
7,300,S2504720,0
7,301,S1940316,1
7,302,S2148221,1
7,303,S2215454,0
7,304,S2352825,0
7,305,S2026719,1
7,306,S2353999,0
7,307,S2128633,1
7,308,S2338783,0
7,309,S2327689,0
7,310,S1940316,1
7,311,S2147204,0
7,312,S2026719,1
7,313,S2247860,1
7,314,S2206286,0
7,315,S2134279,1
7,316,S2320993,1
7,317,S2433341,0
7,318,S2148221,1
7,319,S2254886,0
7,320,S2421430,0
7,321,S2210209,1
7,322,S2314588,0
7,323,S2433342,0
7,324,S2128633,1
7,325,S2134277,1
7,326,S2235315,0
7,327,S2134279,1
7,328,S2210209,1
7,329,S2529112,0
7,330,S2433346,0
7,331,S2026719,1
7,332,S2207350,0
7,333,S2247860,1
7,334,S2247860,1
7,335,S2210209,1
7,336,S2409391,0
7,337,S2343312,0
7,338,S2350730,1
7,339,S2330983,0
7,340,S2128633,1
7,341,S2026719,1
7,342,S2425843,0
7,343,S2318025,0
7,344,S2134279,1
7,345,S2304564,0
7,346,S2247860,1
7,347,S2128633,1
7,348,S2225224,0
7,349,S2128633,1
7,350,S2351751,0
7,351,S2503127,0
7,352,S1940316,1
7,353,S2320993,1
7,354,S2148221,1
7,355,S2210209,1
7,356,S2026719,1
7,357,S2210209,1
7,358,S2210209,1
7,359,S2134277,1
7,360,S2411029,0
7,361,S2350730,1
7,362,S2420602,0
7,363,S2128633,1
7,364,S2210209,1
7,365,S2026719,1
7,366,S2224008,0
7,367,S2327489,0
7,368,S2134279,1
7,369,S2433341,0
7,370,S2334385,0
8,0,S2247860,1
8,1,S2350730,1
8,2,S2323102,0
8,3,S2134277,1
8,4,S2026719,1
8,5,S2148221,1
8,6,S2128633,1
8,7,S2350730,1
8,8,S2434133,0
8,9,S2210209,1
8,10,S2210209,1
8,11,S2247860,1
8,12,S2203739,0
8,13,S2148221,1
8,14,S2134279,1
8,15,S2241564,0
8,16,S2134277,1
8,17,S2149396,0
8,18,S2148221,1
8,19,S2318025,0
8,20,S2026719,1
8,21,S2330984,0
8,22,S2304564,0
8,23,S2247860,1
8,24,S1940316,1
8,25,S2128633,1
8,26,S2210209,1
8,27,S2026719,1
8,28,S2210209,1
8,29,S2134277,1
8,30,S2339819,0
8,31,S2134277,1
8,32,S2226370,0
8,33,S2504720,0
8,34,S2148221,1
8,35,S2320993,1
8,36,S2231089,0
8,37,S2420602,0
8,38,S2026719,1
8,39,S2343314,0
8,40,S2247860,1
8,41,S2320993,1
8,42,S2026719,1
8,43,S2348398,0
8,44,S1940316,1
8,45,S2408480,0
8,46,S2210209,1
8,47,S2247860,1
8,48,S2241564,0
8,49,S2300360,0
8,50,S2026719,1
8,51,S2149393,0
8,52,S2247860,1
8,53,S2315841,0
8,54,S2533022,0
8,55,S2148221,1
8,56,S1940316,1
8,57,S2429676,0
8,58,S2350730,1
8,59,S2015922,0
8,60,S2409391,0
8,61,S2149396,0
8,62,S2330987,0
8,63,S2210206,0
8,64,S2327690,0
8,65,S2244730,0
8,66,S2348398,0
8,67,S2240726,0
8,68,S2134279,1
8,69,S2332144,0
8,70,S2437882,0
8,71,S2254886,0
8,72,S2300331,0
8,73,S2236493,0
8,74,S2333274,0
8,75,S2026719,1
8,76,S2134277,1
8,77,S2134277,1
8,78,S2350730,1
8,79,S2338786,0
8,80,S2236493,0
8,81,S2202567,0
8,82,S2320993,1
8,83,S2338781,0
8,84,S2210203,0
8,85,S2026719,1
8,86,S2320993,1
8,87,S2421430,0
8,88,S2417717,0
8,89,S2149393,0
8,90,S2210209,1
8,91,S2427693,0
8,92,S1940316,1
8,93,S2406755,0
8,94,S2150493,0
8,95,S2140148,0
8,96,S2433346,0
8,97,S2148221,1
8,98,S2134277,1
8,99,S2313440,0
8,100,S2323108,0
8,101,S2227621,0
8,102,S2148221,1
8,103,S2142818,0
8,104,S2228788,0
8,105,S2503128,0
8,106,S2134277,1
8,107,S2253529,0
8,108,S2352827,0
8,109,S2134277,1
8,110,S2209229,0
8,111,S2320993,1
8,112,S2148221,1
8,113,S2026719,1
8,114,S2143769,0
8,115,S2336494,0
8,116,S2245753,0
8,117,S2327486,0
8,118,S2134277,1
8,119,S2205208,0
8,120,S2327689,0
8,121,S2210209,1
8,122,S2351751,0
8,123,S2134279,1
8,124,S2229537,0
8,125,S2412060,0
8,126,S2412714,0
8,127,S1940316,1
8,128,S2320993,1
8,129,S2026719,1
8,130,S2236493,0
8,131,S2143769,0
8,132,S2410463,0
8,133,S2026719,1
8,134,S2524777,0
8,135,S2026719,1
8,136,S2228788,0
8,137,S2409391,0
8,138,S2148221,1
8,139,S2408484,0
8,140,S2247860,1
8,141,S1940316,1
8,142,S2412714,0
8,143,S2406754,0
8,144,S2320993,1
8,145,S2320993,1
8,146,S2134277,1
8,147,S2406754,0
8,148,S2229971,0
8,149,S2134277,1
8,150,S2134277,1
8,151,S2210209,1
8,152,S2417717,0
8,153,S1940316,1
8,154,S2320993,1
8,155,S2410463,0
8,156,S2210203,0
8,157,S2413340,0
8,158,S2350730,1
8,159,S2210209,1
8,160,S2318025,0
8,161,S1940316,1
8,162,S2412714,0
8,163,S2248983,0
8,164,S2433342,0
8,165,S1940316,1
8,166,S2327689,0
8,167,S2210209,1
8,168,S2128633,1
8,169,S2128633,1
8,170,S2422139,0
8,171,S2350730,1
8,172,S2134279,1
8,173,S2419849,0
8,174,S2128633,1
8,175,S2503128,0
8,176,S1940316,1
8,177,S2426614,0
8,178,S2253524,0
8,179,S2210209,1
8,180,S2108730,0
8,181,S1940316,1
8,182,S2308041,0
8,183,S2314590,0
8,184,S2250151,0
8,185,S2134279,1
8,186,S2511009,0
8,187,S2413769,0
8,188,S2252333,0
8,189,S2352825,0
8,190,S2026719,1
8,191,S2228788,0
8,192,S2129803,0
8,193,S2210209,1
8,194,S1940316,1
8,195,S2134277,1
8,196,S2210209,1
8,197,S2219751,0
8,198,S2134279,1
8,199,S2148221,1
8,200,S2210209,1
8,201,S2511006,0
8,202,S2210209,1
8,203,S2134279,1
8,204,S2251252,0
8,205,S2248983,0
8,206,S2253524,0
8,207,S2320993,1
8,208,S2434134,0
8,209,S2138905,0
8,210,S2134279,1
8,211,S2210209,1
8,212,S2148221,1
8,213,S1940316,1
8,214,S2410453,0
8,215,S2240726,0
8,216,S2231090,0
8,217,S2424259,0
8,218,S2340935,0
8,219,S2401283,0
8,220,S2420604,0
8,221,S2148221,1
8,222,S2130898,0
8,223,S2231090,0
8,224,S2135429,0
8,225,S2323108,0
8,226,S2436457,0
8,227,S2350730,1
8,228,S2026719,1
8,229,S2430053,0
8,230,S2343312,0
8,231,S2134279,1
8,232,S2148221,1
8,233,S1940316,1
8,234,S2408480,0
8,235,S2128633,1
8,236,S2247860,1
8,237,S2225223,0
8,238,S2026719,1
8,239,S2247860,1
8,240,S2134277,1
8,241,S1940316,1
8,242,S1940316,1
8,243,S2247860,1
8,244,S2337812,0
8,245,S2148221,1
8,246,S2350730,1
8,247,S2134279,1
8,248,S2526362,0
8,249,S2506960,0
8,250,S1940316,1
8,251,S2210209,1
8,252,S2338783,0
8,253,S2342016,0
8,254,S2350730,1
8,255,S2326332,0
8,256,S2148221,1
8,257,S2134279,1
8,258,S2412060,0
8,259,S2134277,1
8,260,S2433346,0
8,261,S2336494,0
8,262,S1940316,1
8,263,S2247860,1
8,264,S2348398,0
8,265,S2134277,1
8,266,S2039743,0
8,267,S2247860,1
8,268,S2210209,1
8,269,S2237603,0
8,270,S2247860,1
8,271,S2423616,0
8,272,S2026719,1
8,273,S2350730,1
8,274,S2134277,1
8,275,S2408482,0
8,276,S2209236,0
8,277,S2419850,0
8,278,S2134277,1
8,279,S2144970,0
8,280,S2203734,0
8,281,S2234197,0
8,282,S2148221,1
8,283,S2026719,1
8,284,S2128633,1
8,285,S2203734,0
8,286,S2143767,0
8,287,S2206288,0
8,288,S2205211,0
8,289,S2148221,1
8,290,S2215450,0
8,291,S2338781,0
8,292,S2210209,1
8,293,S2212215,0
8,294,S2409391,0
8,295,S2232190,0
8,296,S2222062,0
8,297,S2349547,0
8,298,S2219753,0
8,299,S2433341,0
8,300,S2247860,1
8,301,S2247860,1
8,302,S2148221,1
8,303,S2419119,0
8,304,S2128633,1
8,305,S2320993,1
8,306,S2144967,0
8,307,S2148221,1
8,308,S2320993,1
8,309,S2512685,0
8,310,S2242500,0
8,311,S2304564,0
8,312,S2300363,0
8,313,S2148221,1
8,314,S2134279,1
8,315,S2247860,1
8,316,S2134279,1
8,317,S2026719,1
8,318,S2210206,0
8,319,S2219751,0
8,320,S2144967,0
8,321,S2353995,0
8,322,S2337812,0
8,323,S2128633,1
8,324,S2405217,0
8,325,S2425034,0
8,326,S2210209,1
8,327,S2320993,1
8,328,S2026719,1
8,329,S2026719,1
8,330,S2015922,0
8,331,S2308043,0
8,332,S2247860,1
8,333,S2026719,1
8,334,S2332144,0
8,335,S2129801,0
8,336,S2406754,0
8,337,S2338784,0
8,338,S2352825,0
8,339,S2247860,1
8,340,S2128633,1
8,341,S2210209,1
8,342,S2247860,1
8,343,S2210202,0
8,344,S2026719,1
8,345,S2026719,1
8,346,S2247860,1
8,347,S2134277,1
8,348,S2512685,0
8,349,S2320993,1
8,350,S2420603,0
8,351,S2320993,1
8,352,S2128633,1
8,353,S2513848,0
8,354,S2437880,0
8,355,S2209236,0
8,356,S2227605,0
8,357,S2128633,1
8,358,S2420604,0
8,359,S2134277,1
8,360,S2300363,0
8,361,S2350730,1
8,362,S2504720,0
8,363,S2128633,1
8,364,S2412725,0
8,365,S1940316,1
8,366,S2350730,1
8,367,S2231090,0
8,368,S2134279,1
8,369,S2336494,0
8,370,S2247860,1
9,0,S2134277,1
9,1,S2334388,0
9,2,S2342677,0
9,3,S2134277,1
9,4,S2209229,0
9,5,S2348398,0
9,6,S1940316,1
9,7,S2433342,0
9,8,S2320993,1
9,9,S2410453,0
9,10,S2412725,0
9,11,S2306848,0
9,12,S2232194,0
9,13,S2134279,1
9,14,S2504720,0
9,15,S2350730,1
9,16,S2128633,1
9,17,S2148221,1
9,18,S2210209,1
9,19,S2210202,0
9,20,S2234197,0
9,21,S2319878,0
9,22,S2412060,0
9,23,S2214323,0
9,24,S2241564,0
9,25,S2134279,1
9,26,S2210209,1
9,27,S2320993,1
9,28,S2310079,0
9,29,S2350730,1
9,30,S2206287,0
9,31,S2212215,0
9,32,S1940316,1
9,33,S2144967,0
9,34,S2210209,1
9,35,S2320993,1
9,36,S2530981,0
9,37,S2424259,0
9,38,S2232191,0
9,39,S2026719,1
9,40,S2128633,1
9,41,S2134279,1
9,42,S2134277,1
9,43,S2148221,1
9,44,S2353995,0
9,45,S2350730,1
9,46,S2506961,0
9,47,S2026719,1
9,48,S2128633,1
9,49,S2334388,0
9,50,S2350730,1
9,51,S2520404,0
9,52,S1940316,1
9,53,S2220927,0
9,54,S2327486,0
9,55,S2425843,0
9,56,S2134277,1
9,57,S2521240,0
9,58,S2129803,0
9,59,S2134279,1
9,60,S2026719,1
9,61,S2350730,1
9,62,S2320993,1
9,63,S2406755,0
9,64,S2148221,1
9,65,S2320993,1
9,66,S2134279,1
9,67,S2134277,1
9,68,S2138905,0
9,69,S2210209,1
9,70,S2343312,0
9,71,S2134277,1
9,72,S2320993,1
9,73,S2222945,0
9,74,S2501301,0
9,75,S2225225,0
9,76,S2353996,0
9,77,S2026719,1
9,78,S2320993,1
9,79,S2210209,1
9,80,S2134277,1
9,81,S2350730,1
9,82,S2134277,1
9,83,S2135429,0
9,84,S2350728,0
9,85,S2424258,0
9,86,S1940316,1
9,87,S2522994,0
9,88,S2134277,1
9,89,S2134277,1
9,90,S2210209,1
9,91,S2134279,1
9,92,S2128633,1
9,93,S2504720,0
9,94,S2235317,0
9,95,S2350730,1
9,96,S2237601,0
9,97,S2247860,1
9,98,S2353999,0
9,99,S2150493,0
9,100,S2522994,0
9,101,S2411029,0
9,102,S2128633,1
9,103,S2134279,1
9,104,S2210209,1
9,105,S2420602,0
9,106,S2148221,1
9,107,S2350730,1
9,108,S2148221,1
9,109,S2026719,1
9,110,S2247860,1
9,111,S2312320,0
9,112,S2407940,0
9,113,S1940316,1
9,114,S2210209,1
9,115,S2247860,1
9,116,S2350730,1
9,117,S2128633,1
9,118,S2327485,0
9,119,S2247860,1
9,120,S2310079,0
9,121,S2128633,1
9,122,S1940316,1
9,123,S2320993,1
9,124,S2247860,1
9,125,S1940316,1
9,126,S2323102,0
9,127,S2244730,0
9,128,S2206286,0
9,129,S2140143,0
9,130,S2210209,1
9,131,S2252333,0
9,132,S2154958,0
9,133,S2232190,0
9,134,S2339819,0
9,135,S2320993,1
9,136,S2210209,1
9,137,S2026719,1
9,138,S2134279,1
9,139,S2501301,0
9,140,S2422845,0
9,141,S2247860,1
9,142,S2435852,0
9,143,S2320993,1
9,144,S2026719,1
9,145,S2134279,1
9,146,S2320993,1
9,147,S2415070,0
9,148,S2325143,0
9,149,S2150493,0
9,150,S2351751,0
9,151,S2134279,1
9,152,S2134279,1
9,153,S2525436,0
9,154,S2134277,1
9,155,S2210209,1
9,156,S2143764,0
9,157,S2247860,1
9,158,S2320993,1
9,159,S2504721,0
9,160,S1940316,1
9,161,S2306847,0
9,162,S2210209,1
9,163,S2128633,1
9,164,S2134277,1
9,165,S2134277,1
9,166,S2251251,0
9,167,S2320993,1
9,168,S2306848,0
9,169,S2026723,0
9,170,S2520404,0
9,171,S2320993,1
9,172,S2128633,1
9,173,S2320993,1
9,174,S2350730,1
9,175,S2332144,0
9,176,S2531985,0
9,177,S2236493,0
9,178,S2026719,1
9,179,S2320993,1
9,180,S2524760,0
9,181,S2134277,1
9,182,S2437882,0
9,183,S2235315,0
9,184,S2529112,0
9,185,S1940316,1
9,186,S2530981,0
9,187,S2028924,0
9,188,S2134279,1
9,189,S2247860,1
9,190,S2203739,0
9,191,S2210209,1
9,192,S2520402,0
9,193,S2320993,1
9,194,S2148221,1
9,195,S2210209,1
9,196,S2134279,1
9,197,S2334388,0
9,198,S2408481,0
9,199,S2524760,0
9,200,S2134279,1
9,201,S2312323,0
9,202,S2316899,0
9,203,S2420601,0
9,204,S2239524,0
9,205,S2238299,0
9,206,S2237603,0
9,207,S2128633,1
9,208,S2134277,1
9,209,S2339820,0
9,210,S2408480,0
9,211,S2247860,1
9,212,S2247860,1
9,213,S2134279,1
9,214,S2210209,1
9,215,S2215454,0
9,216,S2234199,0
9,217,S2239524,0
9,218,S2401283,0
9,219,S2320993,1
9,220,S2147204,0
9,221,S2134279,1
9,222,S1940316,1
9,223,S2521240,0
9,224,S2134277,1
9,225,S2026719,1
9,226,S2210209,1
9,227,S2247860,1
9,228,S2134277,1
9,229,S2239524,0
9,230,S2210209,1
9,231,S2350730,1
9,232,S2350730,1
9,233,S2247860,1
9,234,S2247860,1
9,235,S2352825,0
9,236,S2026719,1
9,237,S2433346,0
9,238,S2215453,0
9,239,S2148221,1
9,240,S2320993,1
9,241,S2511010,0
9,242,S2128633,1
9,243,S2336494,0
9,244,S2348398,0
9,245,S2314588,0
9,246,S2148221,1
9,247,S2247860,1
9,248,S1940316,1
9,249,S2134279,1
9,250,S2320993,1
9,251,S2210209,1
9,252,S2531985,0
9,253,S2323108,0
9,254,S1940316,1
9,255,S2320993,1
9,256,S2513847,0
9,257,S2350730,1
9,258,S2220927,0
9,259,S2134277,1
9,260,S2130900,0
9,261,S2148221,1
9,262,S2026719,1
9,263,S1940316,1
9,264,S2133157,0
9,265,S2320993,1
9,266,S2231091,0
9,267,S2524760,0
9,268,S2402484,0
9,269,S2350730,1
9,270,S2320993,1
9,271,S2237603,0
9,272,S2128633,1
9,273,S2300360,0
9,274,S2236496,0
9,275,S2520402,0
9,276,S2247860,1
9,277,S2108730,0
9,278,S2247860,1
9,279,S2247860,1
9,280,S2436453,0
9,281,S2202568,0
9,282,S2134279,1
9,283,S2134277,1
9,284,S2229537,0
9,285,S2330980,0
9,286,S2350730,1
9,287,S2220927,0
9,288,S2415690,0
9,289,S2134279,1
9,290,S2350730,1
9,291,S2239525,0
9,292,S2407939,0
9,293,S2209229,0
9,294,S2148221,1
9,295,S2134277,1
9,296,S2026719,1
9,297,S2224008,0
9,298,S2320993,1
9,299,S1940316,1
9,300,S2210209,1
9,301,S2212215,0
9,302,S2148221,1
9,303,S2207350,0
9,304,S2251252,0
9,305,S1940316,1
9,306,S2210209,1
9,307,S1940316,1
9,308,S2026719,1
9,309,S2247860,1
9,310,S2350730,1
9,311,S2320993,1
9,312,S2231090,0
9,313,S2247859,0
9,314,S2327690,0
9,315,S2350730,1
9,316,S2210207,0
9,317,S2511009,0
9,318,S2242500,0
9,319,S2026719,1
9,320,S2320993,1
9,321,S2247860,1
9,322,S2323104,0
9,323,S2340935,0
9,324,S2128633,1
9,325,S2343311,0
9,326,S2320993,1
9,327,S2210209,1
9,328,S2222062,0
9,329,S2412725,0
9,330,S1940316,1
9,331,S2247860,1
9,332,S2210209,1
9,333,S2320992,0
9,334,S2134279,1
9,335,S2515598,0
9,336,S2141807,0
9,337,S2350730,1
9,338,S2313440,0
9,339,S2320993,1
9,340,S2128633,1
9,341,S2350730,1
9,342,S2409391,0
9,343,S2134277,1
9,344,S2531989,0
9,345,S2320993,1
9,346,S2134277,1
9,347,S2350730,1
9,348,S2251251,0
9,349,S2128633,1
9,350,S2406264,0
9,351,S2350730,1
9,352,S2150490,0
9,353,S2327486,0
9,354,S2330983,0
9,355,S2407940,0
9,356,S2336496,0
9,357,S2147204,0
9,358,S2434571,0
9,359,S2147204,0
9,360,S2312320,0
9,361,S2135433,0
9,362,S1940316,1
9,363,S1940316,1
9,364,S2244730,0
9,365,S2250151,0
9,366,S2148221,1
9,367,S2210209,1
9,368,S2420603,0
9,369,S2313440,0
9,370,S2215449,0
10,0,S2148221,1
10,1,S2349547,0
10,2,S2351751,0
10,3,S2314588,0
10,4,S2244728,0
10,5,S2134277,1
10,6,S2251252,0
10,7,S2134279,1
10,8,S2320993,1
10,9,S2134277,1
10,10,S2530985,0
10,11,S2505506,0
10,12,S2427693,0
10,13,S2134277,1
10,14,S2237601,0
10,15,S2134277,1
10,16,S2210209,1
10,17,S2350730,1
10,18,S2134279,1
10,19,S2416977,0
10,20,S2531989,0
10,21,S2135430,0
10,22,S2350730,1
10,23,S2247860,1
10,24,S2350730,1
10,25,S2210209,1
10,26,S2231090,0
10,27,S2236493,0
10,28,S2228790,0
10,29,S2210209,1
10,30,S2511010,0
10,31,S2134277,1
10,32,S2238299,0
10,33,S2026719,1
10,34,S2148221,1
10,35,S2228788,0
10,36,S2350730,1
10,37,S2134277,1
10,38,S2026719,1
10,39,S2402481,0
10,40,S2232191,0
10,41,S2206287,0
10,42,S2134277,1
10,43,S2336494,0
10,44,S2436457,0
10,45,S2520402,0
10,46,S2515598,0
10,47,S2210209,1
10,48,S2342016,0
10,49,S2403700,0
10,50,S1940316,1
10,51,S2333274,0
10,52,S2350730,1
10,53,S1940316,1
10,54,S2350730,1
10,55,S2210209,1
10,56,S2436453,0
10,57,S2350730,1
10,58,S2128633,1
10,59,S2424259,0
10,60,S2148221,1
10,61,S2332144,0
10,62,S2210209,1
10,63,S2134279,1
10,64,S2350730,1
10,65,S2210209,1
10,66,S2138905,0
10,67,S2350730,1
10,68,S2202564,0
10,69,S2320992,0
10,70,S2246786,0
10,71,S2513847,0
10,72,S2320993,1
10,73,S2511008,0
10,74,S2134277,1
10,75,S2429677,0
10,76,S2210209,1
10,77,S2134277,1
10,78,S1940316,1
10,79,S2208362,0
10,80,S2134279,1
10,81,S2148221,1
10,82,S1940316,1
10,83,S2134279,1
10,84,S2414954,0
10,85,S2232191,0
10,86,S2134277,1
10,87,S2210209,1
10,88,S2247860,1
10,89,S2128633,1
10,90,S2026719,1
10,91,S2436454,0
10,92,S2210209,1
10,93,S2251251,0
10,94,S2219754,0
10,95,S2513847,0
10,96,S2320993,1
10,97,S2320993,1
10,98,S2345468,0
10,99,S2406755,0
10,100,S2247860,1
10,101,S2346543,0
10,102,S2148221,1
10,103,S2215454,0
10,104,S2253525,0
10,105,S2134279,1
10,106,S2526362,0
10,107,S1940316,1
10,108,S2232193,0
10,109,S2215450,0
10,110,S2210209,1
10,111,S2026719,1
10,112,S2409392,0
10,113,S2225225,0
10,114,S2026719,1
10,115,S2253525,0
10,116,S2128633,1
10,117,S2128633,1
10,118,S2410453,0
10,119,S2210209,1
10,120,S2134277,1
10,121,S2148221,1
10,122,S2319878,0
10,123,S2410460,0
10,124,S2134279,1
10,125,S2128633,1
10,126,S2506960,0
10,127,S2332144,0
10,128,S2350730,1
10,129,S2247860,1
10,130,S2128633,1
10,131,S2320993,1
10,132,S1940316,1
10,133,S2412725,0
10,134,S2351751,0
10,135,S2149396,0
10,136,S2134277,1
10,137,S2412714,0
10,138,S2026719,1
10,139,S2227605,0
10,140,S2148221,1
10,141,S2505506,0
10,142,S2410453,0
10,143,S2421430,0
10,144,S2503128,0
10,145,S2210209,1
10,146,S2210209,1
10,147,S2209232,0
10,148,S2412060,0
10,149,S2236496,0
10,150,S2134277,1
10,151,S2239522,0
10,152,S2327485,0
10,153,S2026719,1
10,154,S2239525,0
10,155,S2134279,1
10,156,S2026719,1
10,157,S2411029,0
10,158,S2210209,1
10,159,S2128633,1
10,160,S2128633,1
10,161,S2134279,1
10,162,S2148221,1
10,163,S2144969,0
10,164,S2213275,0
10,165,S2308043,0
10,166,S2306848,0
10,167,S2026719,1
10,168,S2247860,1
10,169,S2134279,1
10,170,S2134279,1
10,171,S2134277,1
10,172,S2150493,0
10,173,S2320993,1
10,174,S2313440,0
10,175,S2206287,0
10,176,S2320993,1
10,177,S1940316,1
10,178,S2503128,0
10,179,S2338781,0
10,180,S2350730,1
10,181,S2026719,1
10,182,S2134277,1
10,183,S2350730,1
10,184,S2210209,1
10,185,S2320993,1
10,186,S2216631,0
10,187,S2210209,1
10,188,S2148221,1
10,189,S2222833,0
10,190,S2134277,1
10,191,S2232193,0
10,192,S2222945,0
10,193,S2232191,0
10,194,S2239524,0
10,195,S2210209,1
10,196,S2434571,0
10,197,S2026719,1
10,198,S2338786,0
10,199,S2135433,0
10,200,S2414957,0
10,201,S2350730,1
10,202,S2339820,0
10,203,S2134277,1
10,204,S2224010,0
10,205,S2141806,0
10,206,S2211179,0
10,207,S2420604,0
10,208,S2128633,1
10,209,S2232192,0
10,210,S2314590,0
10,211,S2322861,0
10,212,S2350730,1
10,213,S2308043,0
10,214,S2134277,1
10,215,S2140143,0
10,216,S2210209,1
10,217,S2243621,0
10,218,S2247860,1
10,219,S2026719,1
10,220,S2330984,0
10,221,S2210202,0
10,222,S1940316,1
10,223,S2213274,0
10,224,S2248988,0
10,225,S2408484,0
10,226,S2148221,1
10,227,S2247860,1
10,228,S2148221,1
10,229,S2511009,0
10,230,S2148221,1
10,231,S1940316,1
10,232,S2304564,0
10,233,S2326332,0
10,234,S2254886,0
10,235,S2212215,0
10,236,S2247860,1
10,237,S2128633,1
10,238,S2133157,0
10,239,S2320993,1
10,240,S2128633,1
10,241,S2026719,1
10,242,S2337812,0
10,243,S2247860,1
10,244,S2148221,1
10,245,S2026719,1
10,246,S2026719,1
10,247,S1940316,1
10,248,S2128633,1
10,249,S2140148,0
10,250,S2350730,1
10,251,S2227605,0
10,252,S2141807,0
10,253,S2420604,0
10,254,S2148221,1
10,255,S2026719,1
10,256,S2430053,0
10,257,S2128633,1
10,258,S2128633,1
10,259,S2413340,0
10,260,S2231090,0
10,261,S2430053,0
10,262,S2028924,0
10,263,S2225223,0
10,264,S2148221,1
10,265,S2419849,0
10,266,S2423618,0
10,267,S2128633,1
10,268,S2130898,0
10,269,S2213275,0
10,270,S2247860,1
10,271,S2350730,1
10,272,S2210209,1
10,273,S2210209,1
10,274,S2406753,0
10,275,S2248988,0
10,276,S2140148,0
10,277,S2142816,0
10,278,S2247860,1
10,279,S2320993,1
10,280,S2026719,1
10,281,S2350730,1
10,282,S2133159,0
10,283,S2406755,0
10,284,S2237603,0
10,285,S2247860,1
10,286,S2134277,1
10,287,S2026719,1
10,288,S2219754,0
10,289,S2228790,0
10,290,S2210209,1
10,291,S2026719,1
10,292,S2202569,0
10,293,S2212215,0
10,294,S2128633,1
10,295,S2148221,1
10,296,S2339819,0
10,297,S2504720,0
10,298,S2128633,1
10,299,S2408482,0
10,300,S2210209,1
10,301,S2530985,0
10,302,S2026719,1
10,303,S2208362,0
10,304,S2128633,1
10,305,S1940316,1
10,306,S2232192,0
10,307,S2247860,1
10,308,S2436457,0
10,309,S2210209,1
10,310,S2420602,0
10,311,S2350730,1
10,312,S2350730,1
10,313,S2128633,1
10,314,S2253525,0
10,315,S2515598,0
10,316,S2150490,0
10,317,S2134279,1
10,318,S2320993,1
10,319,S2511010,0
10,320,S2436454,0
10,321,S2350730,1
10,322,S2234197,0
10,323,S2026719,1
10,324,S2148221,1
10,325,S2247860,1
10,326,S2320993,1
10,327,S2320993,1
10,328,S2413340,0
10,329,S2239524,0
10,330,S2350730,1
10,331,S2134277,1
10,332,S2134279,1
10,333,S2128633,1
10,334,S2320993,1
10,335,S2209229,0
10,336,S2350730,1
10,337,S2134279,1
10,338,S2130897,0
10,339,S2202567,0
10,340,S2320993,1
10,341,S2128633,1
10,342,S2413340,0
10,343,S2308041,0
10,344,S2210209,1
10,345,S2247860,1
10,346,S2247860,1
10,347,S2422845,0
10,348,S2403700,0
10,349,S2327690,0
10,350,S2148221,1
10,351,S2339820,0
10,352,S2026719,1
10,353,S2026719,1
10,354,S2032124,0
10,355,S2128633,1
10,356,S2247860,1
10,357,S2032124,0
10,358,S2320993,1
10,359,S2241564,0
10,360,S2232191,0
10,361,S2148221,1
10,362,S2423618,0
10,363,S2312323,0
10,364,S2247860,1
10,365,S2247860,1
10,366,S2144969,0
10,367,S2247860,1
10,368,S2239522,0
10,369,S2300361,0
10,370,S2320993,1
11,0,S2148221,1
11,1,S2148221,1
11,2,S2134279,1
11,3,S2247860,1
11,4,S2128633,1
11,5,S2154958,0
11,6,S2134277,1
11,7,S2513847,0
11,8,S2210209,1
11,9,S2134277,1
11,10,S2026719,1
11,11,S2336494,0
11,12,S2247860,1
11,13,S2434133,0
11,14,S2327485,0
11,15,S2239522,0
11,16,S2308042,0
11,17,S2134279,1
11,18,S2210209,1
11,19,S2222062,0
11,20,S2353995,0
11,21,S2028920,0
11,22,S2312317,0
11,23,S2247860,1
11,24,S2320993,1
11,25,S2134277,1
11,26,S1940316,1
11,27,S2312320,0
11,28,S2420604,0
11,29,S2210207,0
11,30,S2320993,1
11,31,S2028924,0
11,32,S2229971,0
11,33,S2210209,1
11,34,S2247860,1
11,35,S2520404,0
11,36,S2406753,0
11,37,S2406753,0
11,38,S2413769,0
11,39,S2134279,1
11,40,S2229537,0
11,41,S2513848,0
11,42,S2134279,1
11,43,S2150490,0
11,44,S2320993,1
11,45,S2140145,0
11,46,S2134277,1
11,47,S2336496,0
11,48,S2247860,1
11,49,S2148221,1
11,50,S2134279,1
11,51,S2239525,0
11,52,S2210209,1
11,53,S2026719,1
11,54,S2215453,0
11,55,S2350730,1
11,56,S1940316,1
11,57,S2320993,1
11,58,S2202568,0
11,59,S2515598,0
11,60,S2148221,1
11,61,S2212215,0
11,62,S2320993,1
11,63,S1940316,1
11,64,S2312320,0
11,65,S2134277,1
11,66,S1940316,1
11,67,S2228789,0
11,68,S2411029,0
11,69,S2202564,0
11,70,S2133157,0
11,71,S2026719,1
11,72,S2327489,0
11,73,S2210209,1
11,74,S2413340,0
11,75,S2253528,0
11,76,S2320993,1
11,77,S2247860,1
11,78,S2320993,1
11,79,S2148221,1
11,80,S2336494,0
11,81,S2247859,0
11,82,S2420604,0
11,83,S2148221,1
11,84,S2320993,1
11,85,S2026719,1
11,86,S2234197,0
11,87,S2210209,1
11,88,S2323108,0
11,89,S2320993,1
11,90,S2215449,0
11,91,S2134277,1
11,92,S2350730,1
11,93,S2241563,0
11,94,S1940316,1
11,95,S2513848,0
11,96,S2522994,0
11,97,S2524760,0
11,98,S2437880,0
11,99,S2320993,1
11,100,S2231089,0
11,101,S2247860,1
11,102,S2134277,1
11,103,S2213274,0
11,104,S2134277,1
11,105,S2247859,0
11,106,S2320993,1
11,107,S2213274,0
11,108,S2247860,1
11,109,S2134279,1
11,110,S2210209,1
11,111,S2148221,1
11,112,S2209236,0
11,113,S2350730,1
11,114,S2254886,0
11,115,S2210209,1
11,116,S2015922,0
11,117,S2209229,0
11,118,S2410460,0
11,119,S2434134,0
11,120,S2508630,0
11,121,S2026723,0
11,122,S2026719,1
11,123,S2148221,1
11,124,S2015922,0
11,125,S2148221,1
11,126,S2247860,1
11,127,S2128633,1
11,128,S2400070,0
11,129,S2241562,0
11,130,S2222062,0
11,131,S2247860,1
11,132,S2026719,1
11,133,S2243621,0
11,134,S2228788,0
11,135,S2235518,0
11,136,S2210209,1
11,137,S2251250,0
11,138,S2219751,0
11,139,S2420602,0
11,140,S2128633,1
11,141,S2210209,1
11,142,S2306850,0
11,143,S2134279,1
11,144,S2225224,0
11,145,S2414957,0
11,146,S2148221,1
11,147,S2108730,0
11,148,S2026719,1
11,149,S2250151,0
11,150,S2210209,1
11,151,S2236493,0
11,152,S1940316,1
11,153,S2128633,1
11,154,S2253525,0
11,155,S1940316,1
11,156,S2350730,1
11,157,S2128633,1
11,158,S2304560,0
11,159,S2408481,0
11,160,S2423616,0
11,161,S2345468,0
11,162,S2148221,1
11,163,S2320993,1
11,164,S2134279,1
11,165,S2148221,1
11,166,S2148221,1
11,167,S2202569,0
11,168,S2247860,1
11,169,S2134279,1
11,170,S2128633,1
11,171,S2219753,0
11,172,S2143767,0
11,173,S2226370,0
11,174,S1940316,1
11,175,S2232194,0
11,176,S2333273,0
11,177,S2320993,1
11,178,S2217673,0
11,179,S2247860,1
11,180,S2148221,1
11,181,S2148221,1
11,182,S2134277,1
11,183,S2425034,0
11,184,S2346179,0
11,185,S2128633,1
11,186,S2325142,0
11,187,S2128633,1
11,188,S2148221,1
11,189,S2210209,1
11,190,S2140144,0
11,191,S2203737,0
11,192,S2134279,1
11,193,S2151614,0
11,194,S2225225,0
11,195,S2134277,1
11,196,S2215449,0
11,197,S2247860,1
11,198,S2128633,1
11,199,S2411029,0
11,200,S2134277,1
11,201,S2134279,1
11,202,S2350730,1
11,203,S2135429,0
11,204,S2202567,0
11,205,S2412714,0
11,206,S2134277,1
11,207,S2350730,1
11,208,S2134277,1
11,209,S2134279,1
11,210,S2320993,1
11,211,S2128633,1
11,212,S2209236,0
11,213,S2134279,1
11,214,S2026719,1
11,215,S2236496,0
11,216,S2350728,0
11,217,S2128633,1
11,218,S2134277,1
11,219,S2128633,1
11,220,S2134277,1
11,221,S2128633,1
11,222,S2338783,0
11,223,S2320993,1
11,224,S2251252,0
11,225,S2236496,0
11,226,S2224008,0
11,227,S2154957,0
11,228,S2515598,0
11,229,S2521239,0
11,230,S2320993,1
11,231,S2330980,0
11,232,S2330983,0
11,233,S2320993,1
11,234,S2206287,0
11,235,S2247860,1
11,236,S2247860,1
11,237,S2313440,0
11,238,S2525436,0
11,239,S2108730,0
11,240,S2108730,0
11,241,S2411030,0
11,242,S2128633,1
11,243,S2210209,1
11,244,S2210209,1
11,245,S2134279,1
11,246,S2521239,0
11,247,S2306847,0
11,248,S2026719,1
11,249,S2247860,1
11,250,S2128633,1
11,251,S2247860,1
11,252,S2231090,0
11,253,S2210209,1
11,254,S2134279,1
11,255,S2344458,0
11,256,S2134279,1
11,257,S2202567,0
11,258,S2134277,1
11,259,S2353995,0
11,260,S1940316,1
11,261,S2026719,1
11,262,S2521239,0
11,263,S2134279,1
11,264,S2247860,1
11,265,S2244728,0
11,266,S2026719,1
11,267,S2222061,0
11,268,S2414954,0
11,269,S2026719,1
11,270,S2320993,1
11,271,S2134277,1
11,272,S2511009,0
11,273,S2503128,0
11,274,S2513848,0
11,275,S2149396,0
11,276,S2339820,0
11,277,S2148221,1
11,278,S2415689,0
11,279,S2128633,1
11,280,S2210209,1
11,281,S2128633,1
11,282,S1940316,1
11,283,S2411030,0
11,284,S2128633,1
11,285,S2225224,0
11,286,S2133159,0
11,287,S2511006,0
11,288,S2330983,0
11,289,S1940316,1
11,290,S2316899,0
11,291,S2134279,1
11,292,S2134279,1
11,293,S2026719,1
11,294,S2408482,0
11,295,S2402481,0
11,296,S2427693,0
11,297,S2134279,1
11,298,S2420604,0
11,299,S2128633,1
11,300,S2134279,1
11,301,S2240726,0
11,302,S1940316,1
11,303,S2134279,1
11,304,S2247860,1
11,305,S2234200,0
11,306,S2320993,1
11,307,S2212213,0
11,308,S2247860,1
11,309,S2241565,0
11,310,S2320993,1
11,311,S2310074,0
11,312,S2237603,0
11,313,S2149396,0
11,314,S2135430,0
11,315,S2148221,1
11,316,S2128633,1
11,317,S2415070,0
11,318,S2026719,1
11,319,S2134279,1
11,320,S2334411,0
11,321,S2134279,1
11,322,S2043434,0
11,323,S2350728,0
11,324,S2134279,1
11,325,S2350730,1
11,326,S2320993,1
11,327,S2128633,1
11,328,S2026719,1
11,329,S2026719,1
11,330,S2250151,0
11,331,S2247860,1
11,332,S2215453,0
11,333,S2213274,0
11,334,S2212213,0
11,335,S2506961,0
11,336,S2419849,0
11,337,S2521240,0
11,338,S2414954,0
11,339,S2026719,1
11,340,S2306848,0
11,341,S2350730,1
11,342,S2148221,1
11,343,S2234199,0
11,344,S2015087,0
11,345,S2402484,0
11,346,S2026719,1
11,347,S2200310,0
11,348,S2147204,0
11,349,S2314590,0
11,350,S2251252,0
11,351,S2134279,1
11,352,S2210209,1
11,353,S2130898,0
11,354,S2247860,1
11,355,S2320993,1
11,356,S2513847,0
11,357,S2134279,1
11,358,S2134277,1
11,359,S2320993,1
11,360,S2350730,1
11,361,S2148221,1
11,362,S2424258,0
11,363,S2253529,0
11,364,S2320993,1
11,365,S2350730,1
11,366,S2247860,1
11,367,S2210209,1
11,368,S1940316,1
11,369,S1940316,1
11,370,S2134279,1
12,0,S2330982,0
12,1,S2026719,1
12,2,S1940316,1
12,3,S2210209,1
12,4,S2026719,1
12,5,S2134279,1
12,6,S2413340,0
12,7,S2015922,0
12,8,S2134279,1
12,9,S2306847,0
12,10,S2148221,1
12,11,S2333273,0
12,12,S2350730,1
12,13,S2320993,1
12,14,S2202568,0
12,15,S2142816,0
12,16,S2134277,1
12,17,S2215450,0
12,18,S2326332,0
12,19,S2419119,0
12,20,S2210209,1
12,21,S2409392,0
12,22,S2320993,1
12,23,S2350730,1
12,24,S2134279,1
12,25,S2128633,1
12,26,S2210207,0
12,27,S2026719,1
12,28,S2422845,0
12,29,S2148221,1
12,30,S2143767,0
12,31,S2144967,0
12,32,S2516970,0
12,33,S2352827,0
12,34,S2253527,0
12,35,S2133157,0
12,36,S2320993,1
12,37,S2437882,0
12,38,S2026719,1
12,39,S2130897,0
12,40,S2134277,1
12,41,S2134279,1
12,42,S2522994,0
12,43,S2026719,1
12,44,S2210209,1
12,45,S2320993,1
12,46,S2253524,0
12,47,S2320993,1
12,48,S2210209,1
12,49,S2434134,0
12,50,S2334388,0
12,51,S2222945,0
12,52,S2320993,1
12,53,S1940316,1
12,54,S2513847,0
12,55,S2148221,1
12,56,S2241563,0
12,57,S2247860,1
12,58,S2210209,1
12,59,S2308044,0
12,60,S2134277,1
12,61,S2522994,0
12,62,S2526362,0
12,63,S2330984,0
12,64,S2148221,1
12,65,S2253524,0
12,66,S2149396,0
12,67,S2225223,0
12,68,S2350730,1
12,69,S2210209,1
12,70,S2406264,0
12,71,S2225225,0
12,72,S2148221,1
12,73,S2209229,0
12,74,S2526362,0
12,75,S2148221,1
12,76,S2210209,1
12,77,S2134277,1
12,78,S2128633,1
12,79,S2148221,1
12,80,S2320993,1
12,81,S2134277,1
12,82,S1940316,1
12,83,S2342677,0
12,84,S2243622,0
12,85,S2134279,1
12,86,S2414957,0
12,87,S2247860,1
12,88,S2320993,1
12,89,S2215450,0
12,90,S2205208,0
12,91,S2423618,0
12,92,S1940316,1
12,93,S2026719,1
12,94,S2128633,1
12,95,S2148221,1
12,96,S2408486,0
12,97,S2300363,0
12,98,S2148221,1
12,99,S2247860,1
12,100,S2148221,1
12,101,S2247860,1
12,102,S2529112,0
12,103,S2128633,1
12,104,S2337812,0
12,105,S2406755,0
12,106,S2130900,0
12,107,S2026719,1
12,108,S2320993,1
12,109,S2339820,0
12,110,S2128633,1
12,111,S2150490,0
12,112,S2210209,1
12,113,S2128633,1
12,114,S2247860,1
12,115,S2128633,1
12,116,S2326330,0
12,117,S2128633,1
12,118,S2412060,0
12,119,S2202568,0
12,120,S2210209,1
12,121,S2420602,0
12,122,S2026719,1
12,123,S2210209,1
12,124,S2247860,1
12,125,S2408482,0
12,126,S2328623,0
12,127,S2413340,0
12,128,S2530985,0
12,129,S2134277,1
12,130,S2342677,0
12,131,S2252333,0
12,132,S2128633,1
12,133,S2515598,0
12,134,S2222945,0
12,135,S2202567,0
12,136,S2516970,0
12,137,S2202569,0
12,138,S2135429,0
12,139,S2304560,0
12,140,S2148221,1
12,141,S2334384,0
12,142,S2247860,1
12,143,S2134279,1
12,144,S2210209,1
12,145,S1940316,1
12,146,S2134277,1
12,147,S2134277,1
12,148,S2253528,0
12,149,S2142815,0
12,150,S2350730,1
12,151,S2026719,1
12,152,S2148221,1
12,153,S2148221,1
12,154,S2334384,0
12,155,S2252333,0
12,156,S2330983,0
12,157,S2350730,1
12,158,S2026719,1
12,159,S2144967,0
12,160,S2222061,0
12,161,S2414950,0
12,162,S2026719,1
12,163,S2134277,1
12,164,S2247860,1
12,165,S2210209,1
12,166,S2350730,1
12,167,S2422139,0
12,168,S1940316,1
12,169,S2350730,1
12,170,S2135432,0
12,171,S2134277,1
12,172,S2134277,1
12,173,S2511008,0
12,174,S2334386,0
12,175,S2028920,0
12,176,S2502090,0
12,177,S2026719,1
12,178,S2142818,0
12,179,S2429676,0
12,180,S2320993,1
12,181,S2224010,0
12,182,S2311235,0
12,183,S2026719,1
12,184,S2506960,0
12,185,S2427695,0
12,186,S2422845,0
12,187,S2202567,0
12,188,S2241562,0
12,189,S2135433,0
12,190,S2134277,1
12,191,S2337812,0
12,192,S2430053,0
12,193,S2134279,1
12,194,S2210209,1
12,195,S1940316,1
12,196,S2210209,1
12,197,S2154957,0
12,198,S2134279,1
12,199,S2247860,1
12,200,S2330983,0
12,201,S2425843,0
12,202,S2247860,1
12,203,S2129803,0
12,204,S2515598,0
12,205,S2143764,0
12,206,S2200310,0
12,207,S2241565,0
12,208,S2231089,0
12,209,S2026719,1
12,210,S2410453,0
12,211,S2134277,1
12,212,S2414950,0
12,213,S2210209,1
12,214,S2350730,1
12,215,S2134277,1
12,216,S2524760,0
12,217,S2237601,0
12,218,S2318025,0
12,219,S2213274,0
12,220,S1940316,1
12,221,S2134277,1
12,222,S2325143,0
12,223,S2210209,1
12,224,S2142838,0
12,225,S2134277,1
12,226,S2427693,0
12,227,S2226370,0
12,228,S2323108,0
12,229,S2226370,0
12,230,S2140144,0
12,231,S1940316,1
12,232,S2530985,0
12,233,S2241828,0
12,234,S2530063,0
12,235,S2134277,1
12,236,S2026719,1
12,237,S2128633,1
12,238,S2320992,0
12,239,S2026719,1
12,240,S2349547,0
12,241,S2334411,0
12,242,S2243622,0
12,243,S2205211,0
12,244,S2425034,0
12,245,S2247860,1
12,246,S2350728,0
12,247,S2128633,1
12,248,S2253529,0
12,249,S2026719,1
12,250,S2413340,0
12,251,S2520404,0
12,252,S2148221,1
12,253,S2238299,0
12,254,S2336496,0
12,255,S2134277,1
12,256,S2210209,1
12,257,S2026719,1
12,258,S2228788,0
12,259,S2134279,1
12,260,S2210209,1
12,261,S2202564,0
12,262,S2506960,0
12,263,S2210209,1
12,264,S2308044,0
12,265,S2436453,0
12,266,S2315838,0
12,267,S2310079,0
12,268,S2409392,0
12,269,S2134277,1
12,270,S2254886,0
12,271,S2504720,0
12,272,S2350730,1
12,273,S2149396,0
12,274,S1940316,1
12,275,S2134277,1
12,276,S2216631,0
12,277,S1940316,1
12,278,S2134279,1
12,279,S2148221,1
12,280,S2232191,0
12,281,S2408482,0
12,282,S2325142,0
12,283,S2436454,0
12,284,S1940316,1
12,285,S2134279,1
12,286,S2320993,1
12,287,S2134277,1
12,288,S2208362,0
12,289,S2148221,1
12,290,S2350730,1
12,291,S2425843,0
12,292,S2134277,1
12,293,S2247860,1
12,294,S2313440,0
12,295,S2247860,1
12,296,S2210209,1
12,297,S2516970,0
12,298,S2148221,1
12,299,S2134277,1
12,300,S2128633,1
12,301,S2412060,0
12,302,S2427693,0
12,303,S1940316,1
12,304,S2421430,0
12,305,S2245753,0
12,306,S2402481,0
12,307,S2406264,0
12,308,S2513847,0
12,309,S2350730,1
12,310,S2409392,0
12,311,S2330987,0
12,312,S2134277,1
12,313,S2237603,0
12,314,S2506960,0
12,315,S2412061,0
12,316,S2310079,0
12,317,S2134279,1
12,318,S2210209,1
12,319,S2148221,1
12,320,S2148221,1
12,321,S1940316,1
12,322,S1940316,1
12,323,S2243622,0
12,324,S2415690,0
12,325,S2235317,0
12,326,S2235518,0
12,327,S2134277,1
12,328,S2202567,0
12,329,S2408481,0
12,330,S2247860,1
12,331,S2148221,1
12,332,S2134277,1
12,333,S2320993,1
12,334,S2210209,1
12,335,S2405217,0
12,336,S2231090,0
12,337,S2247860,1
12,338,S2411030,0
12,339,S2505506,0
12,340,S2311235,0
12,341,S2315841,0
12,342,S2134279,1
12,343,S2128633,1
12,344,S2235315,0
12,345,S2148221,1
12,346,S2134279,1
12,347,S2253528,0
12,348,S2210209,1
12,349,S2320993,1
12,350,S2320993,1
12,351,S2134279,1
12,352,S2430053,0
12,353,S2322861,0
12,354,S2308042,0
12,355,S2350730,1
12,356,S2224010,0
12,357,S2130900,0
12,358,S2150493,0
12,359,S1940316,1
12,360,S2350728,0
12,361,S2330987,0
12,362,S2133159,0
12,363,S2350730,1
12,364,S2226370,0
12,365,S2227621,0
12,366,S1940316,1
12,367,S2352825,0
12,368,S2134277,1
12,369,S2148221,1
12,370,S2330984,0
13,0,S2531989,0
13,1,S2247860,1
13,2,S2210207,0
13,3,S2327690,0
13,4,S2316899,0
13,5,S2148221,1
13,6,S2215450,0
13,7,S2026719,1
13,8,S2330982,0
13,9,S2134277,1
13,10,S2210209,1
13,11,S2436453,0
13,12,S2342016,0
13,13,S2209229,0
13,14,S2350730,1
13,15,S2141807,0
13,16,S2508630,0
13,17,S2154957,0
13,18,S2238299,0
13,19,S2343312,0
13,20,S2134277,1
13,21,S2015087,0
13,22,S2420604,0
13,23,S2353996,0
13,24,S2315841,0
13,25,S2350730,1
13,26,S2236493,0
13,27,S2232190,0
13,28,S2128633,1
13,29,S2140148,0
13,30,S1940316,1
13,31,S2320993,1
13,32,S2134277,1
13,33,S2026719,1
13,34,S2134277,1
13,35,S2148221,1
13,36,S2320993,1
13,37,S2128633,1
13,38,S2032124,0
13,39,S1940316,1
13,40,S2308043,0
13,41,S2134277,1
13,42,S2413769,0
13,43,S1940316,1
13,44,S2028920,0
13,45,S2350730,1
13,46,S2235315,0
13,47,S2247860,1
13,48,S2313440,0
13,49,S2135430,0
13,50,S2134279,1
13,51,S2149398,0
13,52,S2026719,1
13,53,S2232193,0
13,54,S2240726,0
13,55,S2429063,0
13,56,S2353999,0
13,57,S2128633,1
13,58,S2210209,1
13,59,S2350730,1
13,60,S2511010,0
13,61,S2504721,0
13,62,S2134277,1
13,63,S2128633,1
13,64,S2148221,1
13,65,S2134277,1
13,66,S2134277,1
13,67,S2434133,0
13,68,S2211179,0
13,69,S2306848,0
13,70,S2415070,0
13,71,S2135432,0
13,72,S2026719,1
13,73,S2134277,1
13,74,S2425034,0
13,75,S2247860,1
13,76,S2134277,1
13,77,S2350730,1
13,78,S2420602,0
13,79,S2026719,1
13,80,S2128633,1
13,81,S2308042,0
13,82,S2320993,1
13,83,S1940316,1
13,84,S2026719,1
13,85,S2238299,0
13,86,S2350730,1
13,87,S2350730,1
13,88,S2128633,1
13,89,S1940316,1
13,90,S2433342,0
13,91,S2134277,1
13,92,S2129801,0
13,93,S2134279,1
13,94,S2434134,0
13,95,S2320993,1
13,96,S2427695,0
13,97,S2352827,0
13,98,S2148221,1
13,99,S2244728,0
13,100,S2210209,1
13,101,S2247860,1
13,102,S2406754,0
13,103,S2210209,1
13,104,S2134279,1
13,105,S2320993,1
13,106,S2143769,0
13,107,S2251251,0
13,108,S2513847,0
13,109,S2350730,1
13,110,S2128633,1
13,111,S2320993,1
13,112,S2148221,1
13,113,S2350730,1
13,114,S2350730,1
13,115,S2202569,0
13,116,S2250152,0
13,117,S2253527,0
13,118,S2210209,1
13,119,S2134277,1
13,120,S2206287,0
13,121,S2210209,1
13,122,S2350730,1
13,123,S2142815,0
13,124,S2210209,1
13,125,S2134277,1
13,126,S2128633,1
13,127,S2128633,1
13,128,S2330983,0
13,129,S2247860,1
13,130,S1940316,1
13,131,S2320993,1
13,132,S2350730,1
13,133,S2250151,0
13,134,S1940316,1
13,135,S2148221,1
13,136,S2205211,0
13,137,S2026719,1
13,138,S2128633,1
13,139,S2134277,1
13,140,S2214323,0
13,141,S2350730,1
13,142,S1940316,1
13,143,S2210202,0
13,144,S2315840,0
13,145,S2434134,0
13,146,S2502090,0
13,147,S2247860,1
13,148,S2320993,1
13,149,S2412714,0
13,150,S2408482,0
13,151,S2247860,1
13,152,S2147204,0
13,153,S2128633,1
13,154,S2134279,1
13,155,S2211179,0
13,156,S2247860,1
13,157,S2237603,0
13,158,S2128633,1
13,159,S2501301,0
13,160,S2134279,1
13,161,S2148221,1
13,162,S2206286,0
13,163,S2320993,1
13,164,S2232190,0
13,165,S2320993,1
13,166,S2237601,0
13,167,S2502090,0
13,168,S2209232,0
13,169,S2026719,1
13,170,S2210209,1
13,171,S2336494,0
13,172,S2210209,1
13,173,S2247860,1
13,174,S2134279,1
13,175,S2323102,0
13,176,S2026719,1
13,177,S2429063,0
13,178,S2530063,0
13,179,S2219754,0
13,180,S2503127,0
13,181,S2210209,1
13,182,S2210209,1
13,183,S2210209,1
13,184,S2134277,1
13,185,S2134277,1
13,186,S2128633,1
13,187,S2320993,1
13,188,S2107860,0
13,189,S2513848,0
13,190,S2311236,0
13,191,S2134279,1
13,192,S2210209,1
13,193,S2134277,1
13,194,S2414950,0
13,195,S2320993,1
13,196,S2128633,1
13,197,S2315838,0
13,198,S2128633,1
13,199,S2247860,1
13,200,S2427695,0
13,201,S2334384,0
13,202,S2253524,0
13,203,S2247860,1
13,204,S2128633,1
13,205,S2350730,1
13,206,S2141807,0
13,207,S2148221,1
13,208,S2338784,0
13,209,S2320993,1
13,210,S2429063,0
13,211,S1940316,1
13,212,S2501301,0
13,213,S2306848,0
13,214,S2405217,0
13,215,S2320993,1
13,216,S2435852,0
13,217,S2320993,1
13,218,S2134277,1
13,219,S2205211,0
13,220,S2408480,0
13,221,S2254886,0
13,222,S2026719,1
13,223,S2026719,1
13,224,S2420604,0
13,225,S2350730,1
13,226,S2143764,0
13,227,S2334386,0
13,228,S2210209,1
13,229,S2140148,0
13,230,S2231091,0
13,231,S2026719,1
13,232,S2210209,1
13,233,S2148221,1
13,234,S2533022,0
13,235,S2241564,0
13,236,S2502090,0
13,237,S2148221,1
13,238,S2228790,0
13,239,S2128633,1
13,240,S2247860,1
13,241,S2217673,0
13,242,S2412725,0
13,243,S2226370,0
13,244,S2026719,1
13,245,S2530981,0
13,246,S2128633,1
13,247,S2252333,0
13,248,S2350730,1
13,249,S2346543,0
13,250,S1940316,1
13,251,S2338784,0
13,252,S2229537,0
13,253,S2231091,0
13,254,S2028924,0
13,255,S2320993,1
13,256,S2320993,1
13,257,S2511006,0
13,258,S2320993,1
13,259,S2350730,1
13,260,S2134279,1
13,261,S2128633,1
13,262,S2320993,1
13,263,S2419850,0
13,264,S2313440,0
13,265,S2134277,1
13,266,S2026719,1
13,267,S2338783,0
13,268,S2154958,0
13,269,S2134279,1
13,270,S2210209,1
13,271,S2406264,0
13,272,S2316899,0
13,273,S2412060,0
13,274,S2407940,0
13,275,S2427695,0
13,276,S2134279,1
13,277,S2210209,1
13,278,S2128633,1
13,279,S2336494,0
13,280,S2206288,0
13,281,S2343314,0
13,282,S2338781,0
13,283,S2318025,0
13,284,S2320993,1
13,285,S2247860,1
13,286,S2210209,1
13,287,S2330983,0
13,288,S2237603,0
13,289,S2144970,0
13,290,S2026723,0
13,291,S2210202,0
13,292,S2215453,0
13,293,S2308041,0
13,294,S2134277,1
13,295,S2026719,1
13,296,S2330982,0
13,297,S2342677,0
13,298,S2134277,1
13,299,S2128633,1
13,300,S2350730,1
13,301,S2134277,1
13,302,S1940316,1
13,303,S2247860,1
13,304,S1940316,1
13,305,S2320993,1
13,306,S2138905,0
13,307,S2412713,0
13,308,S2409391,0
13,309,S2330987,0
13,310,S2148221,1
13,311,S2026719,1
13,312,S2247860,1
13,313,S2244727,0
13,314,S2215450,0
13,315,S2320993,1
13,316,S2320993,1
13,317,S2148221,1
13,318,S2328623,0
13,319,S2026719,1
13,320,S2350730,1
13,321,S2243621,0
13,322,S2412061,0
13,323,S2238299,0
13,324,S2043434,0
13,325,S2420604,0
13,326,S2239524,0
13,327,S2210209,1
13,328,S2140145,0
13,329,S2241564,0
13,330,S2231090,0
13,331,S2134279,1
13,332,S2210209,1
13,333,S2210209,1
13,334,S2134277,1
13,335,S2216631,0
13,336,S2210209,1
13,337,S2149393,0
13,338,S2140144,0
13,339,S2437882,0
13,340,S2322861,0
13,341,S2210209,1
13,342,S2210209,1
13,343,S2419119,0
13,344,S2225225,0
13,345,S2026719,1
13,346,S2210209,1
13,347,S2134279,1
13,348,S2350730,1
13,349,S2401283,0
13,350,S2247860,1
13,351,S2243621,0
13,352,S2334385,0
13,353,S2210209,1
13,354,S2306015,0
13,355,S2433341,0
13,356,S2237601,0
13,357,S2134277,1
13,358,S2320993,1
13,359,S1940316,1
13,360,S2229971,0
13,361,S2028924,0
13,362,S2225225,0
13,363,S2210209,1
13,364,S2415689,0
13,365,S1940316,1
13,366,S2247860,1
13,367,S2506961,0
13,368,S2026719,1
13,369,S2128633,1
13,370,S2134277,1
14,0,S2143769,0
14,1,S2308044,0
14,2,S1940316,1
14,3,S2211179,0
14,4,S1940316,1
14,5,S2149393,0
14,6,S2133157,0
14,7,S2403700,0
14,8,S2202569,0
14,9,S2026719,1
14,10,S2236493,0
14,11,S2350730,1
14,12,S2348398,0
14,13,S2524777,0
14,14,S2405217,0
14,15,S2148221,1
14,16,S2128633,1
14,17,S2350730,1
14,18,S2128633,1
14,19,S2415070,0
14,20,S2140148,0
14,21,S2134279,1
14,22,S2128633,1
14,23,S2140148,0
14,24,S2026719,1
14,25,S2310074,0
14,26,S2350730,1
14,27,S2134277,1
14,28,S2209236,0
14,29,S2423616,0
14,30,S2235315,0
14,31,S2323102,0
14,32,S2505506,0
14,33,S2210209,1
14,34,S1940316,1
14,35,S2231089,0
14,36,S2308041,0
14,37,S2128633,1
14,38,S2247860,1
14,39,S2205208,0
14,40,S2409392,0
14,41,S2026719,1
14,42,S2140144,0
14,43,S2134277,1
14,44,S2512685,0
14,45,S2513848,0
14,46,S2241564,0
14,47,S2225224,0
14,48,S2134279,1
14,49,S2217673,0
14,50,S2134277,1
14,51,S1940316,1
14,52,S2134279,1
14,53,S2247860,1
14,54,S2140145,0
14,55,S2241563,0
14,56,S1940316,1
14,57,S2346179,0
14,58,S2134277,1
14,59,S2210209,1
14,60,S2148221,1
14,61,S2435852,0
14,62,S2134279,1
14,63,S2320993,1
14,64,S2350730,1
14,65,S2210209,1
14,66,S2134279,1
14,67,S2350730,1
14,68,S2350730,1
14,69,S2350730,1
14,70,S2128633,1
14,71,S2345468,0
14,72,S2134279,1
14,73,S2350730,1
14,74,S2134279,1
14,75,S2134279,1
14,76,S2247860,1
14,77,S2225225,0
14,78,S1940316,1
14,79,S2308044,0
14,80,S2350730,1
14,81,S2320993,1
14,82,S2320993,1
14,83,S2415689,0
14,84,S2128633,1
14,85,S2210209,1
14,86,S2128633,1
14,87,S2436454,0
14,88,S2320993,1
14,89,S2530985,0
14,90,S2134277,1
14,91,S2533022,0
14,92,S2308043,0
14,93,S2320993,1
14,94,S2350730,1
14,95,S2433346,0
14,96,S2350730,1
14,97,S2142815,0
14,98,S2409391,0
14,99,S2247860,1
14,100,S2241563,0
14,101,S2134279,1
14,102,S2232192,0
14,103,S2239524,0
14,104,S2026719,1
14,105,S2128633,1
14,106,S2134277,1
14,107,S2128633,1
14,108,S2350730,1
14,109,S2243622,0
14,110,S2134277,1
14,111,S2026719,1
14,112,S2026719,1
14,113,S2251251,0
14,114,S1940316,1
14,115,S2026719,1
14,116,S2128633,1
14,117,S2210209,1
14,118,S2511008,0
14,119,S2128633,1
14,120,S2414950,0
14,121,S2436453,0
14,122,S2128633,1
14,123,S2350730,1
14,124,S2530049,0
14,125,S2350730,1
14,126,S2220927,0
14,127,S2253524,0
14,128,S2210209,1
14,129,S2401283,0
14,130,S2323102,0
14,131,S2245753,0
14,132,S2253525,0
14,133,S2350730,1
14,134,S1940316,1
14,135,S2134277,1
14,136,S2026719,1
14,137,S1940316,1
14,138,S2504720,0
14,139,S2210209,1
14,140,S2327489,0
14,141,S2320993,1
14,142,S2330982,0
14,143,S2128633,1
14,144,S2247860,1
14,145,S2128633,1
14,146,S2323104,0
14,147,S2134277,1
14,148,S2240726,0
14,149,S2320993,1
14,150,S2326332,0
14,151,S2406753,0
14,152,S2332144,0
14,153,S2327489,0
14,154,S2339819,0
14,155,S2134277,1
14,156,S2134279,1
14,157,S2210209,1
14,158,S2149393,0
14,159,S2306848,0
14,160,S2210209,1
14,161,S2210209,1
14,162,S2134279,1
14,163,S2508630,0
14,164,S2134279,1
14,165,S2210209,1
14,166,S2148221,1
14,167,S2134279,1
14,168,S2326330,0
14,169,S2247860,1
14,170,S2210209,1
14,171,S2134279,1
14,172,S2328623,0
14,173,S2210209,1
14,174,S2208362,0
14,175,S2238299,0
14,176,S2520402,0
14,177,S2134277,1
14,178,S2217673,0
14,179,S2429676,0
14,180,S1940316,1
14,181,S2219753,0
14,182,S2134277,1
14,183,S2134277,1
14,184,S2400070,0
14,185,S2423618,0
14,186,S2210209,1
14,187,S2026719,1
14,188,S2235518,0
14,189,S2247860,1
14,190,S2350730,1
14,191,S2134279,1
14,192,S2414957,0
14,193,S2028920,0
14,194,S2134279,1
14,195,S2250152,0
14,196,S2320993,1
14,197,S2211179,0
14,198,S2349547,0
14,199,S2148221,1
14,200,S2420602,0
14,201,S2520404,0
14,202,S2251250,0
14,203,S2140144,0
14,204,S1940316,1
14,205,S2313440,0
14,206,S2346543,0
14,207,S2148221,1
14,208,S2247860,1
14,209,S2501301,0
14,210,S2228790,0
14,211,S2332144,0
14,212,S2320993,1
14,213,S2026719,1
14,214,S2330982,0
14,215,S1940316,1
14,216,S2332144,0
14,217,S2503128,0
14,218,S2350730,1
14,219,S2306847,0
14,220,S2253524,0
14,221,S2325142,0
14,222,S2330985,0
14,223,S2232194,0
14,224,S2433346,0
14,225,S2028924,0
14,226,S2148221,1
14,227,S2350730,1
14,228,S2240720,0
14,229,S2350730,1
14,230,S2140143,0
14,231,S2107860,0
14,232,S2210209,1
14,233,S1940316,1
14,234,S2314590,0
14,235,S2128633,1
14,236,S2128633,1
14,237,S2225225,0
14,238,S2350730,1
14,239,S2318026,0
14,240,S2128633,1
14,241,S2134279,1
14,242,S2235317,0
14,243,S2028924,0
14,244,S2148221,1
14,245,S2210209,1
14,246,S2149398,0
14,247,S2350730,1
14,248,S2320993,1
14,249,S2134277,1
14,250,S2247860,1
14,251,S2210209,1
14,252,S2240726,0
14,253,S2026723,0
14,254,S2210209,1
14,255,S2128633,1
14,256,S2320993,1
14,257,S2247860,1
14,258,S2338786,0
14,259,S2241564,0
14,260,S2342677,0
14,261,S2436453,0
14,262,S2320993,1
14,263,S2304560,0
14,264,S2402484,0
14,265,S2225224,0
14,266,S2415689,0
14,267,S2028924,0
14,268,S2134279,1
14,269,S2128633,1
14,270,S2416977,0
14,271,S2247860,1
14,272,S2134279,1
14,273,S2530985,0
14,274,S2134277,1
14,275,S2234200,0
14,276,S2227605,0
14,277,S2504720,0
14,278,S2247860,1
14,279,S2134277,1
14,280,S2350730,1
14,281,S2350730,1
14,282,S2148221,1
14,283,S2424259,0
14,284,S2304564,0
14,285,S2503127,0
14,286,S2320993,1
14,287,S1940316,1
14,288,S2300363,0
14,289,S2247860,1
14,290,S2210209,1
14,291,S2350730,1
14,292,S2150490,0
14,293,S2247860,1
14,294,S2416977,0
14,295,S2200310,0
14,296,S2253529,0
14,297,S2300331,0
14,298,S2026719,1
14,299,S2134277,1
14,300,S2219753,0
14,301,S1940316,1
14,302,S2142838,0
14,303,S2253529,0
14,304,S2505508,0
14,305,S2128633,1
14,306,S2350730,1
14,307,S2350730,1
14,308,S2148221,1
14,309,S2419849,0
14,310,S2320993,1
14,311,S2133157,0
14,312,S2047227,0
14,313,S2047227,0
14,314,S2209232,0
14,315,S2210209,1
14,316,S2134279,1
14,317,S2150493,0
14,318,S2107860,0
14,319,S2247860,1
14,320,S2205208,0
14,321,S1940316,1
14,322,S2143767,0
14,323,S2403700,0
14,324,S2320993,1
14,325,S2408481,0
14,326,S2128633,1
14,327,S2350730,1
14,328,S2350730,1
14,329,S2320993,1
14,330,S2215453,0
14,331,S2235315,0
14,332,S2407940,0
14,333,S2247860,1
14,334,S2320993,1
14,335,S2148221,1
14,336,S2417717,0
14,337,S2134279,1
14,338,S2215453,0
14,339,S1940316,1
14,340,S2134279,1
14,341,S1940316,1
14,342,S2147204,0
14,343,S2319878,0
14,344,S2026719,1
14,345,S2128633,1
14,346,S2142816,0
14,347,S2320993,1
14,348,S2128633,1
14,349,S2406264,0
14,350,S2414957,0
14,351,S2026719,1
14,352,S2148221,1
14,353,S2148221,1
14,354,S2350730,1
14,355,S2143769,0
14,356,S2210206,0
14,357,S2320993,1
14,358,S2306848,0
14,359,S2400070,0
14,360,S2144967,0
14,361,S2350730,1
14,362,S2210209,1
14,363,S2408486,0
14,364,S2026719,1
14,365,S2134277,1
14,366,S2320993,1
14,367,S2148221,1
14,368,S2128633,1
14,369,S2232191,0
14,370,S2026719,1
15,0,S2135429,0
15,1,S2522994,0
15,2,S1940316,1
15,3,S1940316,1
15,4,S2247860,1
15,5,S2247860,1
15,6,S1940316,1
15,7,S2330985,0
15,8,S2134277,1
15,9,S2422845,0
15,10,S2320993,1
15,11,S2247860,1
15,12,S2251250,0
15,13,S2437882,0
15,14,S2350730,1
15,15,S1940316,1
15,16,S2505508,0
15,17,S2350730,1
15,18,S2524777,0
15,19,S2526362,0
15,20,S2210209,1
15,21,S2350730,1
15,22,S2252333,0
15,23,S2210206,0
15,24,S2423616,0
15,25,S2504721,0
15,26,S2345468,0
15,27,S1940316,1
15,28,S2530985,0
15,29,S2350730,1
15,30,S2247860,1
15,31,S2350730,1
15,32,S1940316,1
15,33,S2206289,0
15,34,S2505506,0
15,35,S2409392,0
15,36,S2339820,0
15,37,S2210209,1
15,38,S2342677,0
15,39,S2326330,0
15,40,S2426614,0
15,41,S2028924,0
15,42,S2215454,0
15,43,S2247860,1
15,44,S2047227,0
15,45,S2148221,1
15,46,S2128633,1
15,47,S2338783,0
15,48,S2350730,1
15,49,S2247859,0
15,50,S2308044,0
15,51,S2134277,1
15,52,S2241564,0
15,53,S2350730,1
15,54,S2149393,0
15,55,S2350730,1
15,56,S2232193,0
15,57,S2248983,0
15,58,S2128633,1
15,59,S2408486,0
15,60,S2148221,1
15,61,S2144967,0
15,62,S2128633,1
15,63,S2210202,0
15,64,S2350730,1
15,65,S2424259,0
15,66,S2210209,1
15,67,S2134277,1
15,68,S2415689,0
15,69,S2148221,1
15,70,S2210207,0
15,71,S2231090,0
15,72,S2134279,1
15,73,S2429677,0
15,74,S2320993,1
15,75,S2338781,0
15,76,S2423616,0
15,77,S2300361,0
15,78,S2134279,1
15,79,S2228789,0
15,80,S2144970,0
15,81,S2210209,1
15,82,S2143767,0
15,83,S2026719,1
15,84,S2143764,0
15,85,S2128633,1
15,86,S2232193,0
15,87,S2320993,1
15,88,S2026719,1
15,89,S2433342,0
15,90,S2134279,1
15,91,S2306848,0
15,92,S2319878,0
15,93,S2237601,0
15,94,S2338784,0
15,95,S2227605,0
15,96,S2128633,1
15,97,S2511010,0
15,98,S2148221,1
15,99,S2026719,1
15,100,S2026719,1
15,101,S2148221,1
15,102,S2128633,1
15,103,S2026719,1
15,104,S2306848,0
15,105,S2234197,0
15,106,S2134279,1
15,107,S2334386,0
15,108,S2210209,1
15,109,S1940316,1
15,110,S2026719,1
15,111,S2220927,0
15,112,S2227621,0
15,113,S2108730,0
15,114,S2320993,1
15,115,S2026719,1
15,116,S2247860,1
15,117,S2247860,1
15,118,S2210203,0
15,119,S1940316,1
15,120,S2320993,1
15,121,S2148221,1
15,122,S2043434,0
15,123,S2134277,1
15,124,S2320993,1
15,125,S2320993,1
15,126,S2520402,0
15,127,S2247860,1
15,128,S2241828,0
15,129,S2134277,1
15,130,S2148221,1
15,131,S2251251,0
15,132,S2346543,0
15,133,S2530063,0
15,134,S2423618,0
15,135,S2134277,1
15,136,S2208362,0
15,137,S2148221,1
15,138,S2026719,1
15,139,S2224008,0
15,140,S2315841,0
15,141,S2128633,1
15,142,S2350730,1
15,143,S2350730,1
15,144,S2350730,1
15,145,S2247860,1
15,146,S2433346,0
15,147,S2409392,0
15,148,S2330980,0
15,149,S1940316,1
15,150,S2423618,0
15,151,S2320993,1
15,152,S2210203,0
15,153,S2350730,1
15,154,S2247860,1
15,155,S2423616,0
15,156,S2252333,0
15,157,S2128633,1
15,158,S2134279,1
15,159,S2026719,1
15,160,S2128633,1
15,161,S2213274,0
15,162,S2320993,1
15,163,S2130898,0
15,164,S2521239,0
15,165,S2134277,1
15,166,S1940316,1
15,167,S2311235,0
15,168,S2210207,0
15,169,S2148221,1
15,170,S2353999,0
15,171,S2410463,0
15,172,S2333273,0
15,173,S2436453,0
15,174,S2148221,1
15,175,S2338786,0
15,176,S2434134,0
15,177,S2430053,0
15,178,S1940316,1
15,179,S2308042,0
15,180,S2128633,1
15,181,S2134279,1
15,182,S2210209,1
15,183,S2503127,0
15,184,S2224010,0
15,185,S2128633,1
15,186,S2338783,0
15,187,S2433346,0
15,188,S2148221,1
15,189,S2247860,1
15,190,S2134277,1
15,191,S2434571,0
15,192,S2026719,1
15,193,S2344458,0
15,194,S2327485,0
15,195,S2427695,0
15,196,S2154957,0
15,197,S2427695,0
15,198,S2323104,0
15,199,S2026719,1
15,200,S2134277,1
15,201,S2148221,1
15,202,S2140148,0
15,203,S2327486,0
15,204,S2337812,0
15,205,S2323104,0
15,206,S2134277,1
15,207,S2148221,1
15,208,S1940316,1
15,209,S2338786,0
15,210,S1940316,1
15,211,S2300360,0
15,212,S2148221,1
15,213,S2149396,0
15,214,S2227605,0
15,215,S2134277,1
15,216,S2239524,0
15,217,S2148221,1
15,218,S2350730,1
15,219,S2128633,1
15,220,S2334386,0
15,221,S2128633,1
15,222,S2134279,1
15,223,S2320993,1
15,224,S2148221,1
15,225,S2328623,0
15,226,S2210209,1
15,227,S2134277,1
15,228,S2210209,1
15,229,S2219751,0
15,230,S1940316,1
15,231,S2150493,0
15,232,S2148221,1
15,233,S1940316,1
15,234,S1940316,1
15,235,S2315840,0
15,236,S2134277,1
15,237,S2503128,0
15,238,S2340935,0
15,239,S2148221,1
15,240,S2148221,1
15,241,S2524760,0
15,242,S1940316,1
15,243,S2138905,0
15,244,S2210209,1
15,245,S2320993,1
15,246,S2026719,1
15,247,S2247860,1
15,248,S2149393,0
15,249,S2350730,1
15,250,S2350730,1
15,251,S2148221,1
15,252,S2210209,1
15,253,S2128633,1
15,254,S2215454,0
15,255,S2336494,0
15,256,S2420601,0
15,257,S2134277,1
15,258,S2236496,0
15,259,S2151614,0
15,260,S2134279,1
15,261,S2247860,1
15,262,S2130900,0
15,263,S1940316,1
15,264,S2320993,1
15,265,S2200310,0
15,266,S2253528,0
15,267,S2315838,0
15,268,S2210209,1
15,269,S2250152,0
15,270,S2148221,1
15,271,S2419850,0
15,272,S2320993,1
15,273,S2406753,0
15,274,S2148221,1
15,275,S2232192,0
15,276,S2240720,0
15,277,S2247860,1
15,278,S2436453,0
15,279,S2026719,1
15,280,S2350730,1
15,281,S2210209,1
15,282,S2320993,1
15,283,S2247860,1
15,284,S2435852,0
15,285,S2346179,0
15,286,S2134279,1
15,287,S2210207,0
15,288,S2327485,0
15,289,S2134279,1
15,290,S2320993,1
15,291,S2530049,0
15,292,S2433342,0
15,293,S2143769,0
15,294,S2530981,0
15,295,S2200310,0
15,296,S2320993,1
15,297,S2348398,0
15,298,S2346543,0
15,299,S2410460,0
15,300,S2128633,1
15,301,S2026719,1
15,302,S2148221,1
15,303,S2026719,1
15,304,S2247860,1
15,305,S2142815,0
15,306,S2232193,0
15,307,S2129801,0
15,308,S2148221,1
15,309,S2334385,0
15,310,S2148221,1
15,311,S2150490,0
15,312,S2237603,0
15,313,S2247860,1
15,314,S2210209,1
15,315,S2134279,1
15,316,S2134279,1
15,317,S2320993,1
15,318,S2415689,0
15,319,S2334384,0
15,320,S2408480,0
15,321,S2128633,1
15,322,S2246786,0
15,323,S2350730,1
15,324,S2026719,1
15,325,S2228790,0
15,326,S2320993,1
15,327,S2247860,1
15,328,S2135430,0
15,329,S2414957,0
15,330,S2047227,0
15,331,S2210209,1
15,332,S2338784,0
15,333,S2026719,1
15,334,S2228788,0
15,335,S2320993,1
15,336,S2128633,1
15,337,S2244730,0
15,338,S2212215,0
15,339,S2128633,1
15,340,S2134279,1
15,341,S2410453,0
15,342,S2228788,0
15,343,S2308043,0
15,344,S2508630,0
15,345,S2247860,1
15,346,S2134279,1
15,347,S2026719,1
15,348,S2128633,1
15,349,S2343311,0
15,350,S2134279,1
15,351,S2433342,0
15,352,S2334386,0
15,353,S1940316,1
15,354,S2026719,1
15,355,S2148221,1
15,356,S2210209,1
15,357,S2148221,1
15,358,S2134279,1
15,359,S2248988,0
15,360,S2420602,0
15,361,S2032124,0
15,362,S2247860,1
15,363,S2435852,0
15,364,S2320993,1
15,365,S2422139,0
15,366,S2210209,1
15,367,S2334385,0
15,368,S2338781,0
15,369,S2253525,0
15,370,S2148221,1
16,0,S2350730,1
16,1,S2134279,1
16,2,S2210209,1
16,3,S2505506,0
16,4,S2128633,1
16,5,S2241565,0
16,6,S2026719,1
16,7,S2429676,0
16,8,S2320993,1
16,9,S2434571,0
16,10,S2253529,0
16,11,S2414950,0
16,12,S2225224,0
16,13,S1940316,1
16,14,S2320993,1
16,15,S2247860,1
16,16,S2134279,1
16,17,S2241564,0
16,18,S1940316,1
16,19,S2026719,1
16,20,S2244728,0
16,21,S2247860,1
16,22,S2423616,0
16,23,S2247860,1
16,24,S2134277,1
16,25,S2210209,1
16,26,S2134279,1
16,27,S2521240,0
16,28,S2250152,0
16,29,S2206289,0
16,30,S2414954,0
16,31,S2247860,1
16,32,S2350730,1
16,33,S2323104,0
16,34,S2128633,1
16,35,S2342016,0
16,36,S2251250,0
16,37,S2134277,1
16,38,S2210209,1
16,39,S2207350,0
16,40,S2241828,0
16,41,S2026719,1
16,42,S2320993,1
16,43,S2134279,1
16,44,S2247860,1
16,45,S2253525,0
16,46,S2210203,0
16,47,S2350730,1
16,48,S2241564,0
16,49,S2429676,0
16,50,S1940316,1
16,51,S2210209,1
16,52,S2134277,1
16,53,S2423619,0
16,54,S2327489,0
16,55,S2134279,1
16,56,S2247860,1
16,57,S2320993,1
16,58,S1940316,1
16,59,S1940316,1
16,60,S2130898,0
16,61,S2408480,0
16,62,S2128633,1
16,63,S2148221,1
16,64,S2316899,0
16,65,S2216605,0
16,66,S2026719,1
16,67,S2128633,1
16,68,S2350730,1
16,69,S2320993,1
16,70,S2134277,1
16,71,S2134277,1
16,72,S2210209,1
16,73,S2511006,0
16,74,S2312317,0
16,75,S2130900,0
16,76,S2350730,1
16,77,S2148221,1
16,78,S2134277,1
16,79,S2352827,0
16,80,S1940316,1
16,81,S2228788,0
16,82,S2330987,0
16,83,S2320993,1
16,84,S2128633,1
16,85,S2128633,1
16,86,S2320993,1
16,87,S2141807,0
16,88,S2128633,1
16,89,S2206287,0
16,90,S2134277,1
16,91,S2350730,1
16,92,S2215453,0
16,93,S2026719,1
16,94,S2247860,1
16,95,S2512685,0
16,96,S2503128,0
16,97,S2420602,0
16,98,S2350730,1
16,99,S2143767,0
16,100,S2247860,1
16,101,S2350730,1
16,102,S2134277,1
16,103,S2533022,0
16,104,S2403700,0
16,105,S2433346,0
16,106,S2304564,0
16,107,S2320993,1
16,108,S2210202,0
16,109,S2026719,1
16,110,S2436454,0
16,111,S2148221,1
16,112,S2312323,0
16,113,S2253527,0
16,114,S2232190,0
16,115,S2148221,1
16,116,S2210209,1
16,117,S2043434,0
16,118,S2300361,0
16,119,S1940316,1
16,120,S2148221,1
16,121,S2350730,1
16,122,S2330984,0
16,123,S2202564,0
16,124,S2254886,0
16,125,S2350730,1
16,126,S2350730,1
16,127,S2134279,1
16,128,S2026719,1
16,129,S1940316,1
16,130,S2405217,0
16,131,S2134279,1
16,132,S2320993,1
16,133,S2320992,0
16,134,S2134277,1
16,135,S2128633,1
16,136,S2213275,0
16,137,S1940316,1
16,138,S2026719,1
16,139,S2350730,1
16,140,S2330987,0
16,141,S2130897,0
16,142,S2241565,0
16,143,S2251252,0
16,144,S2406755,0
16,145,S1940316,1
16,146,S2513847,0
16,147,S2210209,1
16,148,S2205211,0
16,149,S2142838,0
16,150,S2251250,0
16,151,S2243622,0
16,152,S2026719,1
16,153,S2206288,0
16,154,S2128633,1
16,155,S2128633,1
16,156,S2247860,1
16,157,S2026719,1
16,158,S1940316,1
16,159,S2426614,0
16,160,S2241828,0
16,161,S2433341,0
16,162,S2408482,0
16,163,S2350730,1
16,164,S2211179,0
16,165,S2219753,0
16,166,S2501301,0
16,167,S2426614,0
16,168,S2312323,0
16,169,S2234197,0
16,170,S2134277,1
16,171,S2128633,1
16,172,S2350730,1
16,173,S2128633,1
16,174,S2026719,1
16,175,S2320993,1
16,176,S2232194,0
16,177,S2407939,0
16,178,S2222061,0
16,179,S1940316,1
16,180,S2128633,1
16,181,S2504720,0
16,182,S2210209,1
16,183,S2245753,0
16,184,S2026719,1
16,185,S2128633,1
16,186,S2247860,1
16,187,S2334384,0
16,188,S2350730,1
16,189,S2134277,1
16,190,S2529112,0
16,191,S2427695,0
16,192,S2333273,0
16,193,S2247860,1
16,194,S2513848,0
16,195,S2420602,0
16,196,S2400070,0
16,197,S2353999,0
16,198,S1940316,1
16,199,S2128633,1
16,200,S2216605,0
16,201,S2148221,1
16,202,S2219753,0
16,203,S2148221,1
16,204,S2437882,0
16,205,S2211179,0
16,206,S1940316,1
16,207,S2135429,0
16,208,S1940316,1
16,209,S2235317,0
16,210,S2208362,0
16,211,S2148221,1
16,212,S2210209,1
16,213,S2134279,1
16,214,S2148221,1
16,215,S2320993,1
16,216,S2134279,1
16,217,S2154958,0
16,218,S2202564,0
16,219,S2320993,1
16,220,S2235518,0
16,221,S1940316,1
16,222,S2130898,0
16,223,S2148221,1
16,224,S2143769,0
16,225,S2134279,1
16,226,S2147204,0
16,227,S2026719,1
16,228,S2228788,0
16,229,S2148221,1
16,230,S2409392,0
16,231,S2506960,0
16,232,S2512685,0
16,233,S2148221,1
16,234,S2247860,1
16,235,S2128633,1
16,236,S2202567,0
16,237,S2350730,1
16,238,S2241565,0
16,239,S2350730,1
16,240,S2243621,0
16,241,S2134277,1
16,242,S2306015,0
16,243,S2128633,1
16,244,S2210209,1
16,245,S2148221,1
16,246,S2210209,1
16,247,S2415690,0
16,248,S2219753,0
16,249,S2148221,1
16,250,S2408481,0
16,251,S2128633,1
16,252,S2334384,0
16,253,S2350730,1
16,254,S2414954,0
16,255,S2350730,1
16,256,S2240720,0
16,257,S2128633,1
16,258,S2511009,0
16,259,S2206287,0
16,260,S2134279,1
16,261,S2247860,1
16,262,S2320993,1
16,263,S2039743,0
16,264,S2247860,1
16,265,S2350730,1
16,266,S2311235,0
16,267,S2210206,0
16,268,S2350730,1
16,269,S2128633,1
16,270,S2247860,1
16,271,S2421430,0
16,272,S2128633,1
16,273,S2210209,1
16,274,S1940316,1
16,275,S2417717,0
16,276,S2350730,1
16,277,S1940316,1
16,278,S2330984,0
16,279,S2333274,0
16,280,S2231089,0
16,281,S2128633,1
16,282,S2530985,0
16,283,S2504720,0
16,284,S2505508,0
16,285,S2128633,1
16,286,S2247860,1
16,287,S2238299,0
16,288,S2239524,0
16,289,S2350730,1
16,290,S2210209,1
16,291,S2026719,1
16,292,S2247860,1
16,293,S2148221,1
16,294,S2508630,0
16,295,S2232193,0
16,296,S2529112,0
16,297,S2210209,1
16,298,S2327486,0
16,299,S2343312,0
16,300,S2342016,0
16,301,S2142815,0
16,302,S2225224,0
16,303,S1940316,1
16,304,S2129803,0
16,305,S2148221,1
16,306,S2209229,0
16,307,S2430053,0
16,308,S2350730,1
16,309,S2253527,0
16,310,S2026719,1
16,311,S2149398,0
16,312,S2200310,0
16,313,S2144970,0
16,314,S2134277,1
16,315,S2420601,0
16,316,S2300331,0
16,317,S2306848,0
16,318,S2128633,1
16,319,S2320993,1
16,320,S2134277,1
16,321,S2148221,1
16,322,S2130897,0
16,323,S2134277,1
16,324,S2320993,1
16,325,S2210209,1
16,326,S2222062,0
16,327,S2148221,1
16,328,S2306015,0
16,329,S2326332,0
16,330,S2330985,0
16,331,S2306848,0
16,332,S2247860,1
16,333,S2320993,1
16,334,S2239525,0
16,335,S2142818,0
16,336,S2312323,0
16,337,S2026719,1
16,338,S2409392,0
16,339,S2419119,0
16,340,S2032124,0
16,341,S2128633,1
16,342,S2425034,0
16,343,S2247860,1
16,344,S2311235,0
16,345,S2349547,0
16,346,S2134279,1
16,347,S2237603,0
16,348,S2134279,1
16,349,S2128633,1
16,350,S2352827,0
16,351,S2310079,0
16,352,S2433346,0
16,353,S2320993,1
16,354,S2236493,0
16,355,S2247860,1
16,356,S2148221,1
16,357,S2406755,0
16,358,S1940316,1
16,359,S2247860,1
16,360,S2210209,1
16,361,S2531989,0
16,362,S2133159,0
16,363,S2415070,0
16,364,S2420601,0
16,365,S2039743,0
16,366,S2128633,1
16,367,S2412714,0
16,368,S2405217,0
16,369,S2248988,0
16,370,S2350730,1
17,0,S2210209,1
17,1,S2210209,1
17,2,S2148221,1
17,3,S2247860,1
17,4,S2244728,0
17,5,S2348398,0
17,6,S2213275,0
17,7,S2408486,0
17,8,S2308043,0
17,9,S2026719,1
17,10,S2135430,0
17,11,S2343312,0
17,12,S2350730,1
17,13,S2148221,1
17,14,S2143767,0
17,15,S2134279,1
17,16,S2128633,1
17,17,S2148221,1
17,18,S1940316,1
17,19,S2320993,1
17,20,S2350730,1
17,21,S2310079,0
17,22,S2320993,1
17,23,S2411030,0
17,24,S2134279,1
17,25,S2210206,0
17,26,S2026719,1
17,27,S2419119,0
17,28,S2352825,0
17,29,S2134279,1
17,30,S2210209,1
17,31,S2128633,1
17,32,S2134279,1
17,33,S2422139,0
17,34,S2134277,1
17,35,S2134277,1
17,36,S2318025,0
17,37,S2026719,1
17,38,S2350730,1
17,39,S2350730,1
17,40,S1940316,1
17,41,S2522994,0
17,42,S2511008,0
17,43,S2026719,1
17,44,S2210209,1
17,45,S2420601,0
17,46,S2406264,0
17,47,S2134279,1
17,48,S2026719,1
17,49,S2134277,1
17,50,S2350730,1
17,51,S2320993,1
17,52,S2434133,0
17,53,S2134279,1
17,54,S2410460,0
17,55,S2234199,0
17,56,S2224010,0
17,57,S2247860,1
17,58,S2408486,0
17,59,S2319878,0
17,60,S2312320,0
17,61,S2134277,1
17,62,S2134277,1
17,63,S2108730,0
17,64,S2134277,1
17,65,S2409392,0
17,66,S2128633,1
17,67,S2210209,1
17,68,S2232193,0
17,69,S2306847,0
17,70,S2435852,0
17,71,S2128633,1
17,72,S2248988,0
17,73,S2238299,0
17,74,S2306850,0
17,75,S2533022,0
17,76,S2505508,0
17,77,S2320993,1
17,78,S2148221,1
17,79,S2134279,1
17,80,S2350730,1
17,81,S2202569,0
17,82,S2140148,0
17,83,S2326332,0
17,84,S2327689,0
17,85,S2134277,1
17,86,S2425843,0
17,87,S2423619,0
17,88,S2232192,0
17,89,S2148221,1
17,90,S2148221,1
17,91,S2314588,0
17,92,S1940316,1
17,93,S2232194,0
17,94,S2343312,0
17,95,S2141807,0
17,96,S2148221,1
17,97,S2108730,0
17,98,S2253527,0
17,99,S2350730,1
17,100,S2210209,1
17,101,S2134277,1
17,102,S2219751,0
17,103,S2148221,1
17,104,S2247860,1
17,105,S1940316,1
17,106,S2210209,1
17,107,S2210209,1
17,108,S2032124,0
17,109,S2531985,0
17,110,S2521239,0
17,111,S2512685,0
17,112,S2148221,1
17,113,S2247860,1
17,114,S2508630,0
17,115,S2217673,0
17,116,S2513847,0
17,117,S2330982,0
17,118,S2345468,0
17,119,S2210209,1
17,120,S2231089,0
17,121,S2026719,1
17,122,S2412713,0
17,123,S2134277,1
17,124,S2314590,0
17,125,S2214323,0
17,126,S2134277,1
17,127,S2219751,0
17,128,S2320993,1
17,129,S2314588,0
17,130,S2412714,0
17,131,S2210209,1
17,132,S2254886,0
17,133,S2327485,0
17,134,S2337812,0
17,135,S2026719,1
17,136,S2529112,0
17,137,S2128633,1
17,138,S2241828,0
17,139,S2350730,1
17,140,S2210209,1
17,141,S2320993,1
17,142,S2318026,0
17,143,S2340935,0
17,144,S2247860,1
17,145,S2210209,1
17,146,S2241828,0
17,147,S2350730,1
17,148,S2026719,1
17,149,S2531989,0
17,150,S2026719,1
17,151,S2212215,0
17,152,S2026719,1
17,153,S2412714,0
17,154,S2247860,1
17,155,S2522994,0
17,156,S2323102,0
17,157,S2423616,0
17,158,S2411029,0
17,159,S2150490,0
17,160,S2203739,0
17,161,S2134279,1
17,162,S2026719,1
17,163,S2530985,0
17,164,S2026719,1
17,165,S2134279,1
17,166,S2148221,1
17,167,S2247860,1
17,168,S2128633,1
17,169,S2306015,0
17,170,S2142838,0
17,171,S2308041,0
17,172,S2134279,1
17,173,S2210209,1
17,174,S2429063,0
17,175,S2202569,0
17,176,S2253527,0
17,177,S2320993,1
17,178,S2209232,0
17,179,S2436457,0
17,180,S2247860,1
17,181,S2530063,0
17,182,S2200310,0
17,183,S2043434,0
17,184,S2134279,1
17,185,S2402484,0
17,186,S2350730,1
17,187,S2351751,0
17,188,S2327690,0
17,189,S2253528,0
17,190,S2148221,1
17,191,S2350730,1
17,192,S2333274,0
17,193,S2211179,0
17,194,S2506961,0
17,195,S2406755,0
17,196,S2129801,0
17,197,S2128633,1
17,198,S2216631,0
17,199,S2511009,0
17,200,S2134277,1
17,201,S2247860,1
17,202,S2134277,1
17,203,S2222945,0
17,204,S2148221,1
17,205,S2231091,0
17,206,S2400070,0
17,207,S2530049,0
17,208,S2338786,0
17,209,S2226370,0
17,210,S2148221,1
17,211,S2206287,0
17,212,S2222833,0
17,213,S2336496,0
17,214,S2426614,0
17,215,S2142816,0
17,216,S2506960,0
17,217,S2350730,1
17,218,S2350730,1
17,219,S2350730,1
17,220,S2247860,1
17,221,S2232190,0
17,222,S2227605,0
17,223,S2129803,0
17,224,S2210209,1
17,225,S2209236,0
17,226,S2408482,0
17,227,S2134277,1
17,228,S1940316,1
17,229,S2144967,0
17,230,S2334385,0
17,231,S2342677,0
17,232,S2244728,0
17,233,S2436457,0
17,234,S2320993,1
17,235,S2026719,1
17,236,S2128633,1
17,237,S2511009,0
17,238,S2320993,1
17,239,S2505508,0
17,240,S2306847,0
17,241,S2323108,0
17,242,S2210209,1
17,243,S2338786,0
17,244,S2134279,1
17,245,S2315838,0
17,246,S2210202,0
17,247,S2026719,1
17,248,S2209229,0
17,249,S2134277,1
17,250,S2424259,0
17,251,S2130900,0
17,252,S2318025,0
17,253,S2148221,1
17,254,S2408482,0
17,255,S2207350,0
17,256,S2129803,0
17,257,S2247860,1
17,258,S2134277,1
17,259,S2210209,1
17,260,S2210209,1
17,261,S2247859,0
17,262,S2210209,1
17,263,S2433341,0
17,264,S2529112,0
17,265,S2247860,1
17,266,S1940316,1
17,267,S2306847,0
17,268,S2142815,0
17,269,S2320993,1
17,270,S2320993,1
17,271,S2327485,0
17,272,S2210209,1
17,273,S2247860,1
17,274,S2213275,0
17,275,S2026719,1
17,276,S2128633,1
17,277,S2134277,1
17,278,S2320993,1
17,279,S2148221,1
17,280,S2408482,0
17,281,S2530981,0
17,282,S2320993,1
17,283,S2142816,0
17,284,S2215449,0
17,285,S2128633,1
17,286,S2142815,0
17,287,S2210209,1
17,288,S2320993,1
17,289,S1940316,1
17,290,S2134279,1
17,291,S2134279,1
17,292,S2433342,0
17,293,S2330982,0
17,294,S2134277,1
17,295,S2407939,0
17,296,S2503128,0
17,297,S2350730,1
17,298,S2320992,0
17,299,S2229537,0
17,300,S2413769,0
17,301,S2135430,0
17,302,S2503127,0
17,303,S2311235,0
17,304,S2320993,1
17,305,S2026719,1
17,306,S2210209,1
17,307,S2134277,1
17,308,S2134277,1
17,309,S2203737,0
17,310,S2350730,1
17,311,S2227605,0
17,312,S2505506,0
17,313,S1940316,1
17,314,S2336496,0
17,315,S2148221,1
17,316,S2128633,1
17,317,S2015087,0
17,318,S2142815,0
17,319,S2410460,0
17,320,S2210209,1
17,321,S2247860,1
17,322,S2128633,1
17,323,S2530981,0
17,324,S2148221,1
17,325,S2529112,0
17,326,S2026719,1
17,327,S2530049,0
17,328,S2320993,1
17,329,S2339820,0
17,330,S2144969,0
17,331,S2210202,0
17,332,S2320993,1
17,333,S2231090,0
17,334,S2134277,1
17,335,S2330985,0
17,336,S2148221,1
17,337,S2142818,0
17,338,S2142816,0
17,339,S2047227,0
17,340,S2026719,1
17,341,S2144967,0
17,342,S2134277,1
17,343,S2148221,1
17,344,S2028920,0
17,345,S2425843,0
17,346,S1940316,1
17,347,S2433342,0
17,348,S2143769,0
17,349,S2148221,1
17,350,S2320993,1
17,351,S2326332,0
17,352,S2229971,0
17,353,S2026719,1
17,354,S2026719,1
17,355,S2210209,1
17,356,S2320993,1
17,357,S2430053,0
17,358,S2323108,0
17,359,S2210209,1
17,360,S2135429,0
17,361,S2134279,1
17,362,S2410460,0
17,363,S2225224,0
17,364,S2134277,1
17,365,S2210209,1
17,366,S2252333,0
17,367,S2142816,0
17,368,S2350730,1
17,369,S2525436,0
17,370,S2247860,1
18,0,S2417717,0
18,1,S2140145,0
18,2,S2134277,1
18,3,S2315838,0
18,4,S2320993,1
18,5,S2134279,1
18,6,S2236496,0
18,7,S2247860,1
18,8,S2247860,1
18,9,S2408486,0
18,10,S2313440,0
18,11,S2134279,1
18,12,S2142816,0
18,13,S2253525,0
18,14,S2235518,0
18,15,S2134279,1
18,16,S2413769,0
18,17,S2350730,1
18,18,S2026719,1
18,19,S2234199,0
18,20,S2425034,0
18,21,S2142815,0
18,22,S2210209,1
18,23,S2148221,1
18,24,S2247860,1
18,25,S2148221,1
18,26,S2524760,0
18,27,S2247860,1
18,28,S2320993,1
18,29,S2129801,0
18,30,S2205211,0
18,31,S2350730,1
18,32,S2128633,1
18,33,S2149398,0
18,34,S2206287,0
18,35,S2134277,1
18,36,S2247860,1
18,37,S2134277,1
18,38,S2203737,0
18,39,S2530985,0
18,40,S2210209,1
18,41,S2506961,0
18,42,S2135433,0
18,43,S2312317,0
18,44,S2128633,1
18,45,S2348398,0
18,46,S2148221,1
18,47,S2228788,0
18,48,S2134279,1
18,49,S2210209,1
18,50,S2134279,1
18,51,S2128633,1
18,52,S2308044,0
18,53,S2430053,0
18,54,S2246786,0
18,55,S2415690,0
18,56,S2148221,1
18,57,S2520404,0
18,58,S2128633,1
18,59,S2128633,1
18,60,S2530063,0
18,61,S2226370,0
18,62,S2320993,1
18,63,S2026719,1
18,64,S2350730,1
18,65,S2247860,1
18,66,S2429063,0
18,67,S2128633,1
18,68,S2247860,1
18,69,S2353996,0
18,70,S2128633,1
18,71,S2247860,1
18,72,S2412725,0
18,73,S1940316,1
18,74,S2520402,0
18,75,S2134279,1
18,76,S2148221,1
18,77,S2228788,0
18,78,S2409392,0
18,79,S2320993,1
18,80,S2247860,1
18,81,S2415690,0
18,82,S2134279,1
18,83,S2247860,1
18,84,S2108731,0
18,85,S2425843,0
18,86,S2300360,0
18,87,S1940316,1
18,88,S2254886,0
18,89,S2151614,0
18,90,S2425034,0
18,91,S2026719,1
18,92,S2247860,1
18,93,S2429063,0
18,94,S2205211,0
18,95,S2235518,0
18,96,S2531989,0
18,97,S1940316,1
18,98,S2128633,1
18,99,S2148221,1
18,100,S2320992,0
18,101,S2508630,0
18,102,S2148221,1
18,103,S2247860,1
18,104,S2210209,1
18,105,S2350730,1
18,106,S2026719,1
18,107,S2239525,0
18,108,S2254886,0
18,109,S2320993,1
18,110,S1940316,1
18,111,S1940316,1
18,112,S2134277,1
18,113,S2239525,0
18,114,S2128633,1
18,115,S2205211,0
18,116,S2210209,1
18,117,S2350730,1
18,118,S2530985,0
18,119,S2235518,0
18,120,S2134279,1
18,121,S1940316,1
18,122,S2148221,1
18,123,S2320993,1
18,124,S2247860,1
18,125,S2148221,1
18,126,S2320993,1
18,127,S2134279,1
18,128,S2320993,1
18,129,S2504721,0
18,130,S2222062,0
18,131,S2209236,0
18,132,S2308042,0
18,133,S2524760,0
18,134,S2026719,1
18,135,S2224010,0
18,136,S2320993,1
18,137,S2505506,0
18,138,S1940316,1
18,139,S2244728,0
18,140,S2026719,1
18,141,S2353999,0
18,142,S2247860,1
18,143,S2247860,1
18,144,S2128633,1
18,145,S2345468,0
18,146,S2224010,0
18,147,S2316899,0
18,148,S2209232,0
18,149,S2210209,1
18,150,S2128633,1
18,151,S2327690,0
18,152,S2134279,1
18,153,S2108731,0
18,154,S2232190,0
18,155,S2210207,0
18,156,S2530981,0
18,157,S2242501,0
18,158,S2148221,1
18,159,S2415070,0
18,160,S2210209,1
18,161,S2227605,0
18,162,S2408482,0
18,163,S2213274,0
18,164,S2222833,0
18,165,S2300331,0
18,166,S2148221,1
18,167,S2141807,0
18,168,S2320993,1
18,169,S2513847,0
18,170,S2148221,1
18,171,S2128633,1
18,172,S2433342,0
18,173,S2134277,1
18,174,S2437880,0
18,175,S2436454,0
18,176,S2134279,1
18,177,S2148221,1
18,178,S2429677,0
18,179,S2247860,1
18,180,S2210209,1
18,181,S2216631,0
18,182,S2350730,1
18,183,S2346179,0
18,184,S2424258,0
18,185,S2308044,0
18,186,S2235518,0
18,187,S2511006,0
18,188,S1940316,1
18,189,S2219753,0
18,190,S1940316,1
18,191,S2026719,1
18,192,S2320992,0
18,193,S2330987,0
18,194,S2148221,1
18,195,S2241563,0
18,196,S2312317,0
18,197,S2247860,1
18,198,S2210209,1
18,199,S2026719,1
18,200,S2316899,0
18,201,S2134277,1
18,202,S2032124,0
18,203,S2134279,1
18,204,S1940316,1
18,205,S2134277,1
18,206,S2250152,0
18,207,S2134277,1
18,208,S2408481,0
18,209,S2423618,0
18,210,S2235518,0
18,211,S2411030,0
18,212,S2134279,1
18,213,S2320993,1
18,214,S2414954,0
18,215,S2420602,0
18,216,S2237603,0
18,217,S2134279,1
18,218,S2405217,0
18,219,S2026719,1
18,220,S2409392,0
18,221,S2026719,1
18,222,S2320993,1
18,223,S2134277,1
18,224,S2143767,0
18,225,S2134279,1
18,226,S2346179,0
18,227,S2148221,1
18,228,S1940316,1
18,229,S1940316,1
18,230,S2422845,0
18,231,S2320993,1
18,232,S2134277,1
18,233,S2039743,0
18,234,S2350730,1
18,235,S2525436,0
18,236,S2350730,1
18,237,S2026719,1
18,238,S2251251,0
18,239,S2247860,1
18,240,S2026719,1
18,241,S2216631,0
18,242,S1940316,1
18,243,S2310074,0
18,244,S2134277,1
18,245,S2434134,0
18,246,S2511009,0
18,247,S2026719,1
18,248,S2238299,0
18,249,S2134279,1
18,250,S2151614,0
18,251,S2206286,0
18,252,S2128633,1
18,253,S2142838,0
18,254,S2134279,1
18,255,S2134277,1
18,256,S2328623,0
18,257,S2434134,0
18,258,S2327486,0
18,259,S2248988,0
18,260,S2320993,1
18,261,S2247860,1
18,262,S2210207,0
18,263,S1940316,1
18,264,S2026719,1
18,265,S1940316,1
18,266,S2214324,0
18,267,S1940316,1
18,268,S2128633,1
18,269,S2026719,1
18,270,S2247860,1
18,271,S2408482,0
18,272,S2326330,0
18,273,S2505506,0
18,274,S2320993,1
18,275,S2350730,1
18,276,S2343312,0
18,277,S2433342,0
18,278,S2250151,0
18,279,S2026719,1
18,280,S2227621,0
18,281,S2134277,1
18,282,S2026719,1
18,283,S2253525,0
18,284,S2203739,0
18,285,S2241563,0
18,286,S2236496,0
18,287,S2134279,1
18,288,S2437880,0
18,289,S2211179,0
18,290,S2210209,1
18,291,S2434134,0
18,292,S2213274,0
18,293,S2128633,1
18,294,S2350730,1
18,295,S2231089,0
18,296,S2149396,0
18,297,S2346543,0
18,298,S2026719,1
18,299,S2210209,1
18,300,S1940316,1
18,301,S2134277,1
18,302,S2134277,1
18,303,S2015922,0
18,304,S2247860,1
18,305,S2205208,0
18,306,S2508630,0
18,307,S2203739,0
18,308,S2210209,1
18,309,S2420604,0
18,310,S2210209,1
18,311,S2254886,0
18,312,S2315838,0
18,313,S2225225,0
18,314,S1940316,1
18,315,S2250151,0
18,316,S2206287,0
18,317,S2134277,1
18,318,S2350730,1
18,319,S2350730,1
18,320,S2330980,0
18,321,S2521240,0
18,322,S2430053,0
18,323,S2210209,1
18,324,S2320993,1
18,325,S2134277,1
18,326,S2209232,0
18,327,S2521239,0
18,328,S2026719,1
18,329,S2232192,0
18,330,S2502090,0
18,331,S2253524,0
18,332,S1940316,1
18,333,S2140145,0
18,334,S2210209,1
18,335,S2210209,1
18,336,S2205211,0
18,337,S2247860,1
18,338,S2247860,1
18,339,S2410453,0
18,340,S2235315,0
18,341,S2346179,0
18,342,S2350730,1
18,343,S2408486,0
18,344,S2300363,0
18,345,S2533022,0
18,346,S1940316,1
18,347,S2426614,0
18,348,S2210209,1
18,349,S2248988,0
18,350,S2320993,1
18,351,S2405217,0
18,352,S2408480,0
18,353,S2330982,0
18,354,S2240726,0
18,355,S2128633,1
18,356,S2427693,0
18,357,S2026719,1
18,358,S2320993,1
18,359,S2350730,1
18,360,S2026719,1
18,361,S2350730,1
18,362,S2516970,0
18,363,S2210209,1
18,364,S2154957,0
18,365,S2135429,0
18,366,S2148221,1
18,367,S2148221,1
18,368,S2134279,1
18,369,S2241565,0
18,370,S1940316,1
19,0,S2247859,0
19,1,S2203734,0
19,2,S2202568,0
19,3,S2232192,0
19,4,S2234200,0
19,5,S2134279,1
19,6,S2206289,0
19,7,S2128633,1
19,8,S2253524,0
19,9,S2338783,0
19,10,S2149393,0
19,11,S2210209,1
19,12,S2128633,1
19,13,S2247860,1
19,14,S2134279,1
19,15,S2134279,1
19,16,S1940316,1
19,17,S2433346,0
19,18,S2310079,0
19,19,S2028920,0
19,20,S2135429,0
19,21,S2203737,0
19,22,S2210209,1
19,23,S2229971,0
19,24,S2512685,0
19,25,S2134277,1
19,26,S2433341,0
19,27,S2210209,1
19,28,S2134279,1
19,29,S2128633,1
19,30,S2235315,0
19,31,S2210209,1
19,32,S2350730,1
19,33,S2350730,1
19,34,S2210209,1
19,35,S2350730,1
19,36,S2318026,0
19,37,S2134277,1
19,38,S2239524,0
19,39,S2135432,0
19,40,S2130898,0
19,41,S2210209,1
19,42,S2134279,1
19,43,S2134279,1
19,44,S2343312,0
19,45,S2513848,0
19,46,S1940316,1
19,47,S2130897,0
19,48,S2343312,0
19,49,S2320993,1
19,50,S2210209,1
19,51,S2026719,1
19,52,S2435852,0
19,53,S2210209,1
19,54,S2318026,0
19,55,S2128633,1
19,56,S2316899,0
19,57,S2350730,1
19,58,S2148221,1
19,59,S2210209,1
19,60,S2412713,0
19,61,S2327690,0
19,62,S2148221,1
19,63,S1940316,1
19,64,S2513848,0
19,65,S2320993,1
19,66,S2210209,1
19,67,S2513847,0
19,68,S2134279,1
19,69,S2425843,0
19,70,S2135432,0
19,71,S2320993,1
19,72,S2412725,0
19,73,S2320993,1
19,74,S2026719,1
19,75,S2047227,0
19,76,S2350730,1
19,77,S2334384,0
19,78,S2320993,1
19,79,S2247860,1
19,80,S2210209,1
19,81,S1940316,1
19,82,S2134279,1
19,83,S2134279,1
19,84,S2134279,1
19,85,S2134277,1
19,86,S2320993,1
19,87,S2350730,1
19,88,S2144970,0
19,89,S2134277,1
19,90,S2406753,0
19,91,S2222062,0
19,92,S2134277,1
19,93,S2353995,0
19,94,S2134277,1
19,95,S2247860,1
19,96,S2206287,0
19,97,S2134279,1
19,98,S2148221,1
19,99,S2429063,0
19,100,S2308042,0
19,101,S2134277,1
19,102,S2330982,0
19,103,S2148221,1
19,104,S2216605,0
19,105,S2412713,0
19,106,S1940316,1
19,107,S2408480,0
19,108,S1940316,1
19,109,S2326332,0
19,110,S2345468,0
19,111,S2247860,1
19,112,S2148221,1
19,113,S2437880,0
19,114,S2148221,1
19,115,S2320993,1
19,116,S2203739,0
19,117,S2228788,0
19,118,S2134279,1
19,119,S2215450,0
19,120,S2350730,1
19,121,S2134279,1
19,122,S2134279,1
19,123,S2028920,0
19,124,S2210203,0
19,125,S2427693,0
19,126,S2247860,1
19,127,S2134279,1
19,128,S2134277,1
19,129,S2222061,0
19,130,S2026719,1
19,131,S2128633,1
19,132,S2215454,0
19,133,S2520404,0
19,134,S2134279,1
19,135,S2325142,0
19,136,S2434133,0
19,137,S2306850,0
19,138,S2319878,0
19,139,S2210209,1
19,140,S2521239,0
19,141,S2320993,1
19,142,S2247860,1
19,143,S2134279,1
19,144,S2240726,0
19,145,S2429677,0
19,146,S2143769,0
19,147,S2323102,0
19,148,S1940316,1
19,149,S2135432,0
19,150,S2320993,1
19,151,S2433342,0
19,152,S2134277,1
19,153,S2134279,1
19,154,S2247860,1
19,155,S2338786,0
19,156,S2238299,0
19,157,S2351751,0
19,158,S2240720,0
19,159,S2134277,1
19,160,S2134277,1
19,161,S2350730,1
19,162,S2320993,1
19,163,S2228788,0
19,164,S2134277,1
19,165,S2149396,0
19,166,S2320993,1
19,167,S2134277,1
19,168,S2148221,1
19,169,S2346179,0
19,170,S2032124,0
19,171,S2247860,1
19,172,S2213275,0
19,173,S2134277,1
19,174,S2026719,1
19,175,S2134277,1
19,176,S2141806,0
19,177,S2130897,0
19,178,S2334386,0
19,179,S2314588,0
19,180,S2425843,0
19,181,S2311235,0
19,182,S2148221,1
19,183,S2350730,1
19,184,S2107860,0
19,185,S2148221,1
19,186,S2330987,0
19,187,S2320992,0
19,188,S2108731,0
19,189,S2232194,0
19,190,S2244727,0
19,191,S2250151,0
19,192,S2212215,0
19,193,S2210209,1
19,194,S2210209,1
19,195,S2228790,0
19,196,S2338783,0
19,197,S2026719,1
19,198,S2242501,0
19,199,S2350730,1
19,200,S2228789,0
19,201,S2511006,0
19,202,S2253529,0
19,203,S1940316,1
19,204,S2314590,0
19,205,S2350730,1
19,206,S2333274,0
19,207,S2420602,0
19,208,S2134279,1
19,209,S2148221,1
19,210,S2313440,0
19,211,S2319878,0
19,212,S2247860,1
19,213,S2026719,1
19,214,S2026719,1
19,215,S2141807,0
19,216,S2205211,0
19,217,S2434134,0
19,218,S2248988,0
19,219,S2436457,0
19,220,S2236496,0
19,221,S2436453,0
19,222,S2129803,0
19,223,S2241565,0
19,224,S2420601,0
19,225,S2134279,1
19,226,S2128633,1
19,227,S2247860,1
19,228,S2134277,1
19,229,S2244727,0
19,230,S2134279,1
19,231,S2240720,0
19,232,S2247860,1
19,233,S2322861,0
19,234,S2210209,1
19,235,S2026719,1
19,236,S2247860,1
19,237,S2210209,1
19,238,S2141807,0
19,239,S2229537,0
19,240,S2246786,0
19,241,S1940316,1
19,242,S2134277,1
19,243,S2241564,0
19,244,S2134279,1
19,245,S2128633,1
19,246,S1940316,1
19,247,S2350730,1
19,248,S2149396,0
19,249,S2134277,1
19,250,S2247860,1
19,251,S2219751,0
19,252,S2237601,0
19,253,S2203737,0
19,254,S2511008,0
19,255,S2333273,0
19,256,S2222062,0
19,257,S2247860,1
19,258,S2148221,1
19,259,S2225224,0
19,260,S2334385,0
19,261,S2148221,1
19,262,S2143764,0
19,263,S2135433,0
19,264,S2327690,0
19,265,S2505508,0
19,266,S2134277,1
19,267,S2134279,1
19,268,S2247860,1
19,269,S2134277,1
19,270,S2219754,0
19,271,S2026719,1
19,272,S1940316,1
19,273,S2319878,0
19,274,S2506961,0
19,275,S2350730,1
19,276,S2026719,1
19,277,S2247860,1
19,278,S2247860,1
19,279,S2248983,0
19,280,S2047227,0
19,281,S2419849,0
19,282,S2320993,1
19,283,S2232191,0
19,284,S2416977,0
19,285,S2210209,1
19,286,S2234199,0
19,287,S2350730,1
19,288,S2207350,0
19,289,S2150490,0
19,290,S2414957,0
19,291,S2134277,1
19,292,S2350730,1
19,293,S2219751,0
19,294,S2247860,1
19,295,S2350730,1
19,296,S2210209,1
19,297,S2306850,0
19,298,S2247860,1
19,299,S2504720,0
19,300,S2225223,0
19,301,S2026719,1
19,302,S2247860,1
19,303,S2128633,1
19,304,S2311236,0
19,305,S2247860,1
19,306,S2210209,1
19,307,S2210209,1
19,308,S2327486,0
19,309,S2350730,1
19,310,S2334411,0
19,311,S2128633,1
19,312,S2134279,1
19,313,S2350730,1
19,314,S2350730,1
19,315,S2128633,1
19,316,S2128633,1
19,317,S2134277,1
19,318,S2350730,1
19,319,S2134279,1
19,320,S2138905,0
19,321,S2326330,0
19,322,S2350730,1
19,323,S2423619,0
19,324,S2134277,1
19,325,S2430053,0
19,326,S2148221,1
19,327,S2214323,0
19,328,S2148221,1
19,329,S2134279,1
19,330,S2148221,1
19,331,S2134279,1
19,332,S2148221,1
19,333,S2350730,1
19,334,S2240720,0
19,335,S2134277,1
19,336,S2225223,0
19,337,S2134277,1
19,338,S2247860,1
19,339,S2247860,1
19,340,S2026719,1
19,341,S2434133,0
19,342,S2148221,1
19,343,S2247860,1
19,344,S1940316,1
19,345,S2320993,1
19,346,S2134277,1
19,347,S2328623,0
19,348,S2108731,0
19,349,S2148221,1
19,350,S1940316,1
19,351,S2410453,0
19,352,S2144967,0
19,353,S2247859,0
19,354,S2423618,0
19,355,S2026719,1
19,356,S2207350,0
19,357,S2134279,1
19,358,S2134277,1
19,359,S2150493,0
19,360,S2236496,0
19,361,S2247860,1
19,362,S2143764,0
19,363,S2327689,0
19,364,S2134279,1
19,365,S2429063,0
19,366,S2128633,1
19,367,S2148221,1
19,368,S2149393,0
19,369,S2521240,0
19,370,S2219753,0
20,0,S2211179,0
20,1,S2407939,0
20,2,S2134279,1
20,3,S2134277,1
20,4,S2433346,0
20,5,S2150490,0
20,6,S2409392,0
20,7,S2134279,1
20,8,S2134277,1
20,9,S2429677,0
20,10,S2028920,0
20,11,S2242500,0
20,12,S2350730,1
20,13,S2408484,0
20,14,S2315840,0
20,15,S2224008,0
20,16,S2141806,0
20,17,S1940316,1
20,18,S2134277,1
20,19,S2407940,0
20,20,S2412714,0
20,21,S2026719,1
20,22,S2342677,0
20,23,S2320993,1
20,24,S2128633,1
20,25,S2320993,1
20,26,S2134279,1
20,27,S2026719,1
20,28,S2234199,0
20,29,S2202568,0
20,30,S2134279,1
20,31,S2206286,0
20,32,S2330980,0
20,33,S2210209,1
20,34,S2148221,1
20,35,S2320993,1
20,36,S2222833,0
20,37,S2150490,0
20,38,S2334385,0
20,39,S2425843,0
20,40,S2210209,1
20,41,S2319878,0
20,42,S2415689,0
20,43,S2350730,1
20,44,S2241564,0
20,45,S2128633,1
20,46,S2134279,1
20,47,S2210209,1
20,48,S2350730,1
20,49,S2026719,1
20,50,S2202569,0
20,51,S2134277,1
20,52,S2250152,0
20,53,S2026719,1
20,54,S2252333,0
20,55,S2334385,0
20,56,S2530985,0
20,57,S2026719,1
20,58,S2411030,0
20,59,S2247860,1
20,60,S2320993,1
20,61,S2511008,0
20,62,S2251251,0
20,63,S2026719,1
20,64,S2320993,1
20,65,S2254886,0
20,66,S2208362,0
20,67,S2206287,0
20,68,S2415070,0
20,69,S2028920,0
20,70,S2212213,0
20,71,S2047227,0
20,72,S2148221,1
20,73,S2247860,1
20,74,S2134279,1
20,75,S2043434,0
20,76,S2026719,1
20,77,S2253525,0
20,78,S2526362,0
20,79,S2149398,0
20,80,S2506961,0
20,81,S2244730,0
20,82,S2350730,1
20,83,S2426614,0
20,84,S2506961,0
20,85,S2026719,1
20,86,S2350730,1
20,87,S2412713,0
20,88,S2202567,0
20,89,S2148221,1
20,90,S1940316,1
20,91,S2128633,1
20,92,S2352827,0
20,93,S2407940,0
20,94,S2237603,0
20,95,S2026719,1
20,96,S2128633,1
20,97,S2238299,0
20,98,S2327489,0
20,99,S2246786,0
20,100,S2026719,1
20,101,S2408486,0
20,102,S2225223,0
20,103,S1940316,1
20,104,S2350730,1
20,105,S1940316,1
20,106,S2148221,1
20,107,S2213274,0
20,108,S2530063,0
20,109,S2239524,0
20,110,S2134279,1
20,111,S2320993,1
20,112,S2130898,0
20,113,S2334384,0
20,114,S2202564,0
20,115,S2420603,0
20,116,S2247860,1
20,117,S2417717,0
20,118,S2026719,1
20,119,S2128633,1
20,120,S2134277,1
20,121,S1940316,1
20,122,S2141807,0
20,123,S2419849,0
20,124,S2219754,0
20,125,S1940316,1
20,126,S2520404,0
20,127,S2026719,1
20,128,S2515598,0
20,129,S2216605,0
20,130,S2210209,1
20,131,S2026719,1
20,132,S2130897,0
20,133,S2134279,1
20,134,S2346543,0
20,135,S2210207,0
20,136,S2148221,1
20,137,S2128633,1
20,138,S2149396,0
20,139,S1940316,1
20,140,S2423616,0
20,141,S2210206,0
20,142,S2128633,1
20,143,S2320993,1
20,144,S2134277,1
20,145,S2134277,1
20,146,S2134279,1
20,147,S2148221,1
20,148,S2350730,1
20,149,S2210209,1
20,150,S2247860,1
20,151,S2511006,0
20,152,S2319878,0
20,153,S2512685,0
20,154,S2135433,0
20,155,S2350730,1
20,156,S2350730,1
20,157,S2202564,0
20,158,S2403700,0
20,159,S2128633,1
20,160,S1940316,1
20,161,S2134277,1
20,162,S2227621,0
20,163,S2350730,1
20,164,S2134279,1
20,165,S1940316,1
20,166,S2134277,1
20,167,S2525436,0
20,168,S2248983,0
20,169,S2350730,1
20,170,S2350730,1
20,171,S2227621,0
20,172,S2526362,0
20,173,S2134277,1
20,174,S2530981,0
20,175,S2247860,1
20,176,S2320993,1
20,177,S2143764,0
20,178,S2310079,0
20,179,S2320993,1
20,180,S2128633,1
20,181,S1940316,1
20,182,S2224008,0
20,183,S2247860,1
20,184,S2210209,1
20,185,S2210209,1
20,186,S2251250,0
20,187,S2148221,1
20,188,S2134279,1
20,189,S2425843,0
20,190,S2238299,0
20,191,S2323102,0
20,192,S2353996,0
20,193,S2134279,1
20,194,S2212213,0
20,195,S2226370,0
20,196,S2247860,1
20,197,S2501301,0
20,198,S2343314,0
20,199,S2247860,1
20,200,S2128633,1
20,201,S2416977,0
20,202,S2134277,1
20,203,S2128633,1
20,204,S2244727,0
20,205,S2320993,1
20,206,S2250152,0
20,207,S2148221,1
20,208,S2412060,0
20,209,S2520404,0
20,210,S2213274,0
20,211,S2350730,1
20,212,S2240726,0
20,213,S2134277,1
20,214,S2320993,1
20,215,S2511009,0
20,216,S1940316,1
20,217,S2134279,1
20,218,S2134279,1
20,219,S2134279,1
20,220,S2129803,0
20,221,S2148221,1
20,222,S2128633,1
20,223,S2148221,1
20,224,S2412060,0
20,225,S2434571,0
20,226,S2320993,1
20,227,S2322861,0
20,228,S2427695,0
20,229,S2320993,1
20,230,S2247860,1
20,231,S2206286,0
20,232,S2154958,0
20,233,S1940316,1
20,234,S2128633,1
20,235,S2330982,0
20,236,S2405217,0
20,237,S2343311,0
20,238,S1940316,1
20,239,S2338786,0
20,240,S2229537,0
20,241,S2248983,0
20,242,S2334384,0
20,243,S2327690,0
20,244,S2219751,0
20,245,S2304564,0
20,246,S2210203,0
20,247,S2134277,1
20,248,S2511010,0
20,249,S2247860,1
20,250,S2134277,1
20,251,S2410463,0
20,252,S2406754,0
20,253,S2306847,0
20,254,S2434134,0
20,255,S2235315,0
20,256,S2134277,1
20,257,S2525436,0
20,258,S2212213,0
20,259,S2148221,1
20,260,S2336494,0
20,261,S2412061,0
20,262,S2032124,0
20,263,S2327486,0
20,264,S2134279,1
20,265,S2530981,0
20,266,S1940316,1
20,267,S2134279,1
20,268,S2320993,1
20,269,S2203739,0
20,270,S2026719,1
20,271,S2320993,1
20,272,S2229537,0
20,273,S1940316,1
20,274,S2420601,0
20,275,S2205208,0
20,276,S2323108,0
20,277,S2128633,1
20,278,S2134279,1
20,279,S2134277,1
20,280,S2128633,1
20,281,S2240720,0
20,282,S2343312,0
20,283,S2144969,0
20,284,S2250151,0
20,285,S2520404,0
20,286,S2436457,0
20,287,S1940316,1
20,288,S2407940,0
20,289,S2506960,0
20,290,S2128633,1
20,291,S2148221,1
20,292,S2350730,1
20,293,S2304564,0
20,294,S2026719,1
20,295,S2512685,0
20,296,S2244727,0
20,297,S1940316,1
20,298,S2420603,0
20,299,S2300360,0
20,300,S2320993,1
20,301,S2253527,0
20,302,S2229537,0
20,303,S2202568,0
20,304,S2250152,0
20,305,S2229971,0
20,306,S2315840,0
20,307,S2232192,0
20,308,S2138905,0
20,309,S2225225,0
20,310,S2128633,1
20,311,S2206288,0
20,312,S2511006,0
20,313,S2129801,0
20,314,S2352827,0
20,315,S2530049,0
20,316,S2148221,1
20,317,S2222062,0
20,318,S2026719,1
20,319,S2350730,1
20,320,S2242501,0
20,321,S2128633,1
20,322,S2148221,1
20,323,S2134277,1
20,324,S2039743,0
20,325,S1940316,1
20,326,S2028919,0
20,327,S2337812,0
20,328,S2026719,1
20,329,S2320993,1
20,330,S2026719,1
20,331,S2247860,1
20,332,S2026723,0
20,333,S2128633,1
20,334,S2327489,0
20,335,S2134279,1
20,336,S1940316,1
20,337,S2350730,1
20,338,S2503127,0
20,339,S2350730,1
20,340,S2202564,0
20,341,S2026719,1
20,342,S2026719,1
20,343,S2026719,1
20,344,S2134277,1
20,345,S2225225,0
20,346,S2306847,0
20,347,S2026719,1
20,348,S2415689,0
20,349,S2437882,0
20,350,S2412061,0
20,351,S2026719,1
20,352,S2320993,1
20,353,S2345468,0
20,354,S2350730,1
20,355,S2320993,1
20,356,S2412060,0
20,357,S2134277,1
20,358,S2140145,0
20,359,S1940316,1
20,360,S2320993,1
20,361,S1940316,1
20,362,S2333274,0
20,363,S2203737,0
20,364,S2148221,1
20,365,S2350730,1
20,366,S2128633,1
20,367,S2400070,0
20,368,S2128633,1
20,369,S2148221,1
20,370,S2350730,1
21,0,S2350730,1
21,1,S2128633,1
21,2,S2407939,0
21,3,S2202567,0
21,4,S2026719,1
21,5,S2210209,1
21,6,S2142815,0
21,7,S2247860,1
21,8,S2247860,1
21,9,S2320993,1
21,10,S2322861,0
21,11,S2420604,0
21,12,S1940316,1
21,13,S2247860,1
21,14,S1940316,1
21,15,S2312317,0
21,16,S2420604,0
21,17,S2247860,1
21,18,S2521240,0
21,19,S2210202,0
21,20,S2219754,0
21,21,S2338783,0
21,22,S2242501,0
21,23,S2508630,0
21,24,S2128633,1
21,25,S2330987,0
21,26,S2421430,0
21,27,S2436457,0
21,28,S2337812,0
21,29,S2320993,1
21,30,S2134279,1
21,31,S2128633,1
21,32,S2520404,0
21,33,S2026719,1
21,34,S2228788,0
21,35,S2128633,1
21,36,S2506961,0
21,37,S2210209,1
21,38,S2128633,1
21,39,S2320993,1
21,40,S2134277,1
21,41,S2134277,1
21,42,S2149398,0
21,43,S2250151,0
21,44,S2148221,1
21,45,S2338786,0
21,46,S2134279,1
21,47,S2350730,1
21,48,S2320993,1
21,49,S2148221,1
21,50,S2247860,1
21,51,S2338786,0
21,52,S2420603,0
21,53,S2310079,0
21,54,S2417717,0
21,55,S2148221,1
21,56,S2408482,0
21,57,S2343312,0
21,58,S2334388,0
21,59,S2330982,0
21,60,S2325143,0
21,61,S2346179,0
21,62,S2243621,0
21,63,S2128633,1
21,64,S2427693,0
21,65,S2210209,1
21,66,S2247860,1
21,67,S2148221,1
21,68,S2210209,1
21,69,S2412060,0
21,70,S2148221,1
21,71,S2128633,1
21,72,S2134279,1
21,73,S2306015,0
21,74,S2511008,0
21,75,S2210209,1
21,76,S2533022,0
21,77,S2134279,1
21,78,S2248988,0
21,79,S2148221,1
21,80,S2530981,0
21,81,S2228788,0
21,82,S2026719,1
21,83,S2410460,0
21,84,S2234197,0
21,85,S2026719,1
21,86,S2134279,1
21,87,S2406755,0
21,88,S2210209,1
21,89,S2320993,1
21,90,S2134277,1
21,91,S2247860,1
21,92,S2224008,0
21,93,S2134277,1
21,94,S2241564,0
21,95,S2320993,1
21,96,S2343311,0
21,97,S2313440,0
21,98,S2210209,1
21,99,S2210209,1
21,100,S2403700,0
21,101,S2408480,0
21,102,S2244730,0
21,103,S2530049,0
21,104,S2320993,1
21,105,S2206289,0
21,106,S2143764,0
21,107,S2210209,1
21,108,S2320993,1
21,109,S2210209,1
21,110,S2524777,0
21,111,S2436454,0
21,112,S2222945,0
21,113,S2423619,0
21,114,S2234199,0
21,115,S2410453,0
21,116,S2524760,0
21,117,S2128633,1
21,118,S2148221,1
21,119,S2352827,0
21,120,S2026719,1
21,121,S2350730,1
21,122,S1940316,1
21,123,S2320993,1
21,124,S2134277,1
21,125,S2026719,1
21,126,S2247860,1
21,127,S2140144,0
21,128,S2026719,1
21,129,S2247860,1
21,130,S2026719,1
21,131,S2350730,1
21,132,S2247860,1
21,133,S2247860,1
21,134,S2334385,0
21,135,S2323108,0
21,136,S2411030,0
21,137,S2320993,1
21,138,S1940316,1
21,139,S2231090,0
21,140,S2320993,1
21,141,S2232193,0
21,142,S2134279,1
21,143,S2210209,1
21,144,S2247860,1
21,145,S2247860,1
21,146,S2148221,1
21,147,S2134277,1
21,148,S2210209,1
21,149,S2247860,1
21,150,S2425843,0
21,151,S2350730,1
21,152,S2128633,1
21,153,S2503128,0
21,154,S2026719,1
21,155,S2225223,0
21,156,S1940316,1
21,157,S2203739,0
21,158,S2247860,1
21,159,S2213275,0
21,160,S2422139,0
21,161,S2314590,0
21,162,S2214324,0
21,163,S2350730,1
21,164,S2134277,1
21,165,S2244730,0
21,166,S2434571,0
21,167,S2533022,0
21,168,S2210209,1
21,169,S2412725,0
21,170,S2513847,0
21,171,S2026719,1
21,172,S2511008,0
21,173,S2530985,0
21,174,S2501301,0
21,175,S2134277,1
21,176,S2133159,0
21,177,S2142818,0
21,178,S1940316,1
21,179,S2320993,1
21,180,S2134279,1
21,181,S2148221,1
21,182,S2028920,0
21,183,S2128633,1
21,184,S2437880,0
21,185,S2026719,1
21,186,S2108730,0
21,187,S2026719,1
21,188,S2251251,0
21,189,S2148221,1
21,190,S2247860,1
21,191,S2420602,0
21,192,S2320993,1
21,193,S2142815,0
21,194,S2308041,0
21,195,S2244730,0
21,196,S2411029,0
21,197,S2436457,0
21,198,S2409391,0
21,199,S2247860,1
21,200,S2026719,1
21,201,S2311236,0
21,202,S2134277,1
21,203,S2337812,0
21,204,S2141806,0
21,205,S2213274,0
21,206,S2224008,0
21,207,S2134279,1
21,208,S2253527,0
21,209,S2210209,1
21,210,S2420602,0
21,211,S2148221,1
21,212,S2128633,1
21,213,S2352827,0
21,214,S2252333,0
21,215,S2315841,0
21,216,S2227605,0
21,217,S2128633,1
21,218,S2343311,0
21,219,S2140144,0
21,220,S2143764,0
21,221,S2134277,1
21,222,S2423619,0
21,223,S2336496,0
21,224,S2339820,0
21,225,S2148221,1
21,226,S2417717,0
21,227,S2423616,0
21,228,S2320993,1
21,229,S1940316,1
21,230,S2300363,0
21,231,S2134277,1
21,232,S2340935,0
21,233,S2419849,0
21,234,S2350730,1
21,235,S2128633,1
21,236,S2427695,0
21,237,S2026719,1
21,238,S2210209,1
21,239,S2148221,1
21,240,S2320993,1
21,241,S1940316,1
21,242,S2134277,1
21,243,S2134277,1
21,244,S2323104,0
21,245,S2215449,0
21,246,S2429677,0
21,247,S2252333,0
21,248,S2300331,0
21,249,S2333273,0
21,250,S2350730,1
21,251,S2314590,0
21,252,S2320993,1
21,253,S2134277,1
21,254,S2513848,0
21,255,S2343314,0
21,256,S2427693,0
21,257,S1940316,1
21,258,S2026719,1
21,259,S2134279,1
21,260,S2148221,1
21,261,S2026719,1
21,262,S2330983,0
21,263,S2207350,0
21,264,S2026719,1
21,265,S2334388,0
21,266,S2350730,1
21,267,S2407939,0
21,268,S2425843,0
21,269,S2210209,1
21,270,S1940316,1
21,271,S2241562,0
21,272,S2148221,1
21,273,S2134279,1
21,274,S2350730,1
21,275,S2247860,1
21,276,S2134277,1
21,277,S2026719,1
21,278,S2435852,0
21,279,S2134279,1
21,280,S2343312,0
21,281,S2026719,1
21,282,S2047227,0
21,283,S2138905,0
21,284,S2210209,1
21,285,S2412713,0
21,286,S2410460,0
21,287,S2134279,1
21,288,S2231090,0
21,289,S2134277,1
21,290,S2320993,1
21,291,S2026723,0
21,292,S2148221,1
21,293,S2352825,0
21,294,S2247860,1
21,295,S2350730,1
21,296,S2128633,1
21,297,S2415070,0
21,298,S2300363,0
21,299,S2039743,0
21,300,S2149396,0
21,301,S2128633,1
21,302,S2350730,1
21,303,S2148221,1
21,304,S2334411,0
21,305,S2241565,0
21,306,S2215454,0
21,307,S2134277,1
21,308,S2231090,0
21,309,S2350730,1
21,310,S2039743,0
21,311,S2143769,0
21,312,S2433342,0
21,313,S2350730,1
21,314,S2128633,1
21,315,S2320993,1
21,316,S2134277,1
21,317,S2148221,1
21,318,S2134279,1
21,319,S2232192,0
21,320,S2148221,1
21,321,S2210209,1
21,322,S2320993,1
21,323,S2148221,1
21,324,S2320993,1
21,325,S2410453,0
21,326,S2247860,1
21,327,S2134279,1
21,328,S2225224,0
21,329,S2229537,0
21,330,S2349547,0
21,331,S2511008,0
21,332,S2423618,0
21,333,S1940316,1
21,334,S2210209,1
21,335,S2247860,1
21,336,S1940316,1
21,337,S2350730,1
21,338,S2210209,1
21,339,S2206287,0
21,340,S2407940,0
21,341,S2247860,1
21,342,S2202564,0
21,343,S2247860,1
21,344,S2210209,1
21,345,S2134279,1
21,346,S2134279,1
21,347,S2350730,1
21,348,S2319878,0
21,349,S2414957,0
21,350,S2219751,0
21,351,S2320993,1
21,352,S2422139,0
21,353,S2229537,0
21,354,S2210209,1
21,355,S2148221,1
21,356,S2504720,0
21,357,S2243621,0
21,358,S2026719,1
21,359,S2143769,0
21,360,S2306847,0
21,361,S2215450,0
21,362,S2422845,0
21,363,S2235518,0
21,364,S2252333,0
21,365,S2134277,1
21,366,S2134279,1
21,367,S2512685,0
21,368,S2338783,0
21,369,S2423619,0
21,370,S1940316,1
22,0,S2210209,1
22,1,S2405217,0
22,2,S2334411,0
22,3,S2433346,0
22,4,S2247860,1
22,5,S2134279,1
22,6,S2422139,0
22,7,S2242501,0
22,8,S2437882,0
22,9,S2520402,0
22,10,S2154958,0
22,11,S2128633,1
22,12,S2203739,0
22,13,S2239522,0
22,14,S2134279,1
22,15,S2134277,1
22,16,S2210209,1
22,17,S2229537,0
22,18,S2134279,1
22,19,S2210209,1
22,20,S2330982,0
22,21,S2350730,1
22,22,S2346543,0
22,23,S2209229,0
22,24,S2206286,0
22,25,S2334386,0
22,26,S2134279,1
22,27,S2222061,0
22,28,S2247860,1
22,29,S1940316,1
22,30,S2148221,1
22,31,S2419849,0
22,32,S2210209,1
22,33,S2210209,1
22,34,S2416977,0
22,35,S2243622,0
22,36,S2148221,1
22,37,S2231091,0
22,38,S2308041,0
22,39,S2327486,0
22,40,S2026719,1
22,41,S2228789,0
22,42,S2148221,1
22,43,S2026719,1
22,44,S2320993,1
22,45,S2252333,0
22,46,S2316899,0
22,47,S2247860,1
22,48,S1940316,1
22,49,S2503127,0
22,50,S2134277,1
22,51,S2134279,1
22,52,S2148221,1
22,53,S2216631,0
22,54,S2134277,1
22,55,S2140143,0
22,56,S2338783,0
22,57,S2315841,0
22,58,S2320993,1
22,59,S2015087,0
22,60,S2412725,0
22,61,S2206288,0
22,62,S2134279,1
22,63,S2202564,0
22,64,S2515598,0
22,65,S2350730,1
22,66,S1940316,1
22,67,S2419850,0
22,68,S2128633,1
22,69,S2140148,0
22,70,S2501301,0
22,71,S1940316,1
22,72,S2320993,1
22,73,S2315838,0
22,74,S2134279,1
22,75,S2240726,0
22,76,S2128633,1
22,77,S2248988,0
22,78,S2237601,0
22,79,S2148221,1
22,80,S2134279,1
22,81,S2206288,0
22,82,S2134277,1
22,83,S2134277,1
22,84,S1940316,1
22,85,S2128633,1
22,86,S2134279,1
22,87,S2322861,0
22,88,S2148221,1
22,89,S2241564,0
22,90,S2501301,0
22,91,S2026719,1
22,92,S2504720,0
22,93,S2134279,1
22,94,S2348398,0
22,95,S2350730,1
22,96,S2350730,1
22,97,S2308044,0
22,98,S2320993,1
22,99,S2350730,1
22,100,S2148221,1
22,101,S2215453,0
22,102,S2026719,1
22,103,S2148221,1
22,104,S2350730,1
22,105,S2148221,1
22,106,S2308041,0
22,107,S2401283,0
22,108,S2212215,0
22,109,S2322861,0
22,110,S2425843,0
22,111,S2350730,1
22,112,S2026719,1
22,113,S2134277,1
22,114,S2312320,0
22,115,S2526362,0
22,116,S2210209,1
22,117,S2413340,0
22,118,S2128633,1
22,119,S2128633,1
22,120,S2134279,1
22,121,S2250151,0
22,122,S2320993,1
22,123,S2413340,0
22,124,S2350730,1
22,125,S2148221,1
22,126,S2247860,1
22,127,S2128633,1
22,128,S2330983,0
22,129,S2134277,1
22,130,S2134279,1
22,131,S2312317,0
22,132,S2107860,0
22,133,S2210209,1
22,134,S2250152,0
22,135,S2128633,1
22,136,S2350730,1
22,137,S2134279,1
22,138,S2026719,1
22,139,S2406754,0
22,140,S2026719,1
22,141,S2210209,1
22,142,S2511006,0
22,143,S2148221,1
22,144,S2401283,0
22,145,S2210209,1
22,146,S1940316,1
22,147,S2134277,1
22,148,S2320993,1
22,149,S2140148,0
22,150,S2247860,1
22,151,S2337812,0
22,152,S2247860,1
22,153,S2128633,1
22,154,S2210209,1
22,155,S2320993,1
22,156,S2320993,1
22,157,S2306850,0
22,158,S2434571,0
22,159,S2236493,0
22,160,S2323108,0
22,161,S2330983,0
22,162,S2320993,1
22,163,S2353999,0
22,164,S1940316,1
22,165,S2200310,0
22,166,S2339819,0
22,167,S2214323,0
22,168,S2247860,1
22,169,S2134277,1
22,170,S2334385,0
22,171,S2134277,1
22,172,S2232193,0
22,173,S2346543,0
22,174,S1940316,1
22,175,S2244730,0
22,176,S2026719,1
22,177,S2253529,0
22,178,S2323108,0
22,179,S2216605,0
22,180,S2503127,0
22,181,S2210209,1
22,182,S2134279,1
22,183,S2135429,0
22,184,S2334384,0
22,185,S1940316,1
22,186,S2327486,0
22,187,S2314590,0
22,188,S2330987,0
22,189,S2334385,0
22,190,S2320993,1
22,191,S2232192,0
22,192,S2419119,0
22,193,S2320993,1
22,194,S2436453,0
22,195,S2240726,0
22,196,S2134277,1
22,197,S2330980,0
22,198,S2148221,1
22,199,S2437882,0
22,200,S2203737,0
22,201,S2026719,1
22,202,S2247860,1
22,203,S2148221,1
22,204,S2232190,0
22,205,S2237601,0
22,206,S2210209,1
22,207,S2148221,1
22,208,S2350730,1
22,209,S2026719,1
22,210,S2338784,0
22,211,S2148221,1
22,212,S2251250,0
22,213,S2026719,1
22,214,S2149396,0
22,215,S2253528,0
22,216,S2026719,1
22,217,S2504721,0
22,218,S2247860,1
22,219,S2219751,0
22,220,S2334386,0
22,221,S2333273,0
22,222,S2350730,1
22,223,S2133159,0
22,224,S2134279,1
22,225,S2134277,1
22,226,S2134279,1
22,227,S2216605,0
22,228,S2210209,1
22,229,S2149396,0
22,230,S2247860,1
22,231,S2323102,0
22,232,S2423616,0
22,233,S2129801,0
22,234,S2107860,0
22,235,S2531985,0
22,236,S2134279,1
22,237,S2306015,0
22,238,S2026719,1
22,239,S2134277,1
22,240,S2420603,0
22,241,S2236493,0
22,242,S2148221,1
22,243,S2128633,1
22,244,S2415689,0
22,245,S2026719,1
22,246,S2148221,1
22,247,S2219754,0
22,248,S2210209,1
22,249,S2144967,0
22,250,S2134279,1
22,251,S2151614,0
22,252,S2210209,1
22,253,S2026719,1
22,254,S2026719,1
22,255,S2148221,1
22,256,S2240720,0
22,257,S2246786,0
22,258,S2405217,0
22,259,S2511008,0
22,260,S2134277,1
22,261,S2323108,0
22,262,S2134277,1
22,263,S2411030,0
22,264,S2250151,0
22,265,S2142815,0
22,266,S2513847,0
22,267,S2406755,0
22,268,S2209236,0
22,269,S2151614,0
22,270,S2238299,0
22,271,S2134279,1
22,272,S2134279,1
22,273,S2028920,0
22,274,S2143767,0
22,275,S2026719,1
22,276,S2134279,1
22,277,S2505508,0
22,278,S2134277,1
22,279,S2134279,1
22,280,S2524760,0
22,281,S2232193,0
22,282,S2524777,0
22,283,S2134279,1
22,284,S1940316,1
22,285,S2148221,1
22,286,S2247860,1
22,287,S2134277,1
22,288,S2128633,1
22,289,S1940316,1
22,290,S2419850,0
22,291,S2148221,1
22,292,S2330984,0
22,293,S2326330,0
22,294,S2222945,0
22,295,S2148221,1
22,296,S2026719,1
22,297,S2244727,0
22,298,S2234200,0
22,299,S1940316,1
22,300,S2406755,0
22,301,S2315838,0
22,302,S2342016,0
22,303,S2327486,0
22,304,S1940316,1
22,305,S2128633,1
22,306,S2026719,1
22,307,S2346543,0
22,308,S2323104,0
22,309,S2254886,0
22,310,S2134279,1
22,311,S2210207,0
22,312,S2210209,1
22,313,S2320993,1
22,314,S2142816,0
22,315,S2128633,1
22,316,S2353996,0
22,317,S2210207,0
22,318,S2222061,0
22,319,S2513847,0
22,320,S2416977,0
22,321,S2334385,0
22,322,S2134279,1
22,323,S2134277,1
22,324,S2408486,0
22,325,S2210209,1
22,326,S2247860,1
22,327,S2338784,0
22,328,S2352827,0
22,329,S2200310,0
22,330,S2128633,1
22,331,S2414957,0
22,332,S2320993,1
22,333,S2210209,1
22,334,S2134277,1
22,335,S2436453,0
22,336,S2128633,1
22,337,S2210209,1
22,338,S2350730,1
22,339,S2148221,1
22,340,S1940316,1
22,341,S2134277,1
22,342,S2326332,0
22,343,S2244728,0
22,344,S2400070,0
22,345,S2129801,0
22,346,S2430053,0
22,347,S1940316,1
22,348,S2423616,0
22,349,S2210209,1
22,350,S2408486,0
22,351,S2206286,0
22,352,S2026719,1
22,353,S2414950,0
22,354,S2134279,1
22,355,S2210209,1
22,356,S2350730,1
22,357,S2026719,1
22,358,S2247860,1
22,359,S2128633,1
22,360,S2210209,1
22,361,S2128633,1
22,362,S2129803,0
22,363,S2128633,1
22,364,S2320993,1
22,365,S2350730,1
22,366,S2322861,0
22,367,S2521239,0
22,368,S2214324,0
22,369,S2026719,1
22,370,S2214323,0
23,0,S2350730,1
23,1,S2327489,0
23,2,S2134279,1
23,3,S2235315,0
23,4,S2148221,1
23,5,S2344458,0
23,6,S2213274,0
23,7,S2323102,0
23,8,S2134279,1
23,9,S2210209,1
23,10,S2350730,1
23,11,S2408482,0
23,12,S2134277,1
23,13,S2515598,0
23,14,S2430053,0
23,15,S2026719,1
23,16,S2504721,0
23,17,S2134277,1
23,18,S2128633,1
23,19,S2148221,1
23,20,S2129801,0
23,21,S2412060,0
23,22,S2134277,1
23,23,S2436457,0
23,24,S1940316,1
23,25,S2148221,1
23,26,S2133157,0
23,27,S2512685,0
23,28,S1940316,1
23,29,S1940316,1
23,30,S2210206,0
23,31,S2210209,1
23,32,S2320993,1
23,33,S2400070,0
23,34,S2320993,1
23,35,S2247860,1
23,36,S2026719,1
23,37,S2134279,1
23,38,S2343311,0
23,39,S2306847,0
23,40,S2505506,0
23,41,S2350730,1
23,42,S2140144,0
23,43,S2210209,1
23,44,S2148221,1
23,45,S2242500,0
23,46,S2435852,0
23,47,S2148221,1
23,48,S2134277,1
23,49,S2350730,1
23,50,S2350730,1
23,51,S2128633,1
23,52,S2128633,1
23,53,S2128633,1
23,54,S2134277,1
23,55,S2414954,0
23,56,S2134277,1
23,57,S2423618,0
23,58,S2228789,0
23,59,S2241564,0
23,60,S2247859,0
23,61,S2312320,0
23,62,S2026719,1
23,63,S2247860,1
23,64,S2128633,1
23,65,S2312317,0
23,66,S2350730,1
23,67,S2134279,1
23,68,S2043434,0
23,69,S2424258,0
23,70,S2210209,1
23,71,S2350730,1
23,72,S2134279,1
23,73,S2320993,1
23,74,S1940316,1
23,75,S2245753,0
23,76,S2207350,0
23,77,S2408484,0
23,78,S2150493,0
23,79,S2320993,1
23,80,S2043434,0
23,81,S2247860,1
23,82,S2148221,1
23,83,S1940316,1
23,84,S2210209,1
23,85,S2323108,0
23,86,S2206287,0
23,87,S2148221,1
23,88,S2251250,0
23,89,S2026719,1
23,90,S2134279,1
23,91,S2142818,0
23,92,S2512685,0
23,93,S2242501,0
23,94,S2215454,0
23,95,S2320993,1
23,96,S2350730,1
23,97,S2247860,1
23,98,S1940316,1
23,99,S2135433,0
23,100,S2350730,1
23,101,S2134279,1
23,102,S2406753,0
23,103,S2253525,0
23,104,S2311235,0
23,105,S2026719,1
23,106,S2530981,0
23,107,S2134279,1
23,108,S2526362,0
23,109,S2320993,1
23,110,S2128633,1
23,111,S2330987,0
23,112,S2142818,0
23,113,S1940316,1
23,114,S2129803,0
23,115,S2134279,1
23,116,S2134277,1
23,117,S2134277,1
23,118,S2134279,1
23,119,S2134277,1
23,120,S2350730,1
23,121,S2308043,0
23,122,S2350730,1
23,123,S2252333,0
23,124,S2247860,1
23,125,S2129801,0
23,126,S2134277,1
23,127,S2216631,0
23,128,S2247860,1
23,129,S2426614,0
23,130,S2209232,0
23,131,S2210209,1
23,132,S2244730,0
23,133,S2247860,1
23,134,S2239522,0
23,135,S2415690,0
23,136,S2300331,0
23,137,S2408480,0
23,138,S2228788,0
23,139,S2330987,0
23,140,S2248983,0
23,141,S2350730,1
23,142,S2205211,0
23,143,S2128633,1
23,144,S2210209,1
23,145,S2210209,1
23,146,S2524760,0
23,147,S2251250,0
23,148,S1940316,1
23,149,S2227621,0
23,150,S2248988,0
23,151,S2413340,0
23,152,S2247860,1
23,153,S2429676,0
23,154,S2420602,0
23,155,S2128633,1
23,156,S2134279,1
23,157,S2420602,0
23,158,S2210209,1
23,159,S2242500,0
23,160,S2039743,0
23,161,S2134277,1
23,162,S2320993,1
23,163,S2128633,1
23,164,S2134277,1
23,165,S2320993,1
23,166,S2134277,1
23,167,S2210209,1
23,168,S2210209,1
23,169,S2320993,1
23,170,S2129801,0
23,171,S2203737,0
23,172,S2327690,0
23,173,S2225224,0
23,174,S1940316,1
23,175,S2247860,1
23,176,S2247860,1
23,177,S2134279,1
23,178,S2134277,1
23,179,S2224008,0
23,180,S2134277,1
23,181,S2203734,0
23,182,S2134277,1
23,183,S2244727,0
23,184,S2210209,1
23,185,S2148221,1
23,186,S2353996,0
23,187,S2253528,0
23,188,S2327486,0
23,189,S2405217,0
23,190,S2320993,1
23,191,S2225223,0
23,192,S2210206,0
23,193,S2134277,1
23,194,S2240726,0
23,195,S1940316,1
23,196,S2320993,1
23,197,S2508630,0
23,198,S2134279,1
23,199,S2336496,0
23,200,S2437882,0
23,201,S2343314,0
23,202,S1940316,1
23,203,S2148221,1
23,204,S2210202,0
23,205,S2508630,0
23,206,S2128633,1
23,207,S2348398,0
23,208,S1940316,1
23,209,S2338784,0
23,210,S1940316,1
23,211,S2144967,0
23,212,S2134277,1
23,213,S2134277,1
23,214,S2410463,0
23,215,S2210209,1
23,216,S2247860,1
23,217,S2210202,0
23,218,S2315840,0
23,219,S2501301,0
23,220,S2141807,0
23,221,S2134279,1
23,222,S2417717,0
23,223,S2134277,1
23,224,S2210209,1
23,225,S2501301,0
23,226,S2026719,1
23,227,S2343314,0
23,228,S2415690,0
23,229,S2334386,0
23,230,S2026719,1
23,231,S2320993,1
23,232,S2433341,0
23,233,S2026719,1
23,234,S2149393,0
23,235,S2144967,0
23,236,S2326330,0
23,237,S2128633,1
23,238,S2210209,1
23,239,S2251252,0
23,240,S2216631,0
23,241,S1940316,1
23,242,S2128633,1
23,243,S2222061,0
23,244,S2148221,1
23,245,S2149396,0
23,246,S2142815,0
23,247,S2512685,0
23,248,S1940316,1
23,249,S2310074,0
23,250,S2241565,0
23,251,S2026719,1
23,252,S2240726,0
23,253,S2530981,0
23,254,S2508630,0
23,255,S2350728,0
23,256,S2248988,0
23,257,S2148221,1
23,258,S2426614,0
23,259,S2338783,0
23,260,S2210209,1
23,261,S2128633,1
23,262,S2515598,0
23,263,S2300363,0
23,264,S2247860,1
23,265,S2129801,0
23,266,S2520402,0
23,267,S2502090,0
23,268,S2043434,0
23,269,S2330985,0
23,270,S1940316,1
23,271,S2437880,0
23,272,S2320993,1
23,273,S2411029,0
23,274,S2350730,1
23,275,S2342677,0
23,276,S2134279,1
23,277,S2231091,0
23,278,S2247860,1
23,279,S2148221,1
23,280,S2406753,0
23,281,S2212213,0
23,282,S2026719,1
23,283,S2529112,0
23,284,S2426614,0
23,285,S2134279,1
23,286,S2409392,0
23,287,S2222833,0
23,288,S1940316,1
23,289,S2522994,0
23,290,S2320993,1
23,291,S2320993,1
23,292,S2520404,0
23,293,S2320993,1
23,294,S2533022,0
23,295,S2427695,0
23,296,S2429677,0
23,297,S2134279,1
23,298,S2247860,1
23,299,S2320993,1
23,300,S2339820,0
23,301,S2420602,0
23,302,S2524777,0
23,303,S2504721,0
23,304,S2148221,1
23,305,S1940316,1
23,306,S2339820,0
23,307,S2142838,0
23,308,S2414950,0
23,309,S2202569,0
23,310,S2134279,1
23,311,S2352827,0
23,312,S2315840,0
23,313,S2210209,1
23,314,S2134277,1
23,315,S2219751,0
23,316,S2525436,0
23,317,S2308044,0
23,318,S2234197,0
23,319,S2505508,0
23,320,S2028920,0
23,321,S2247859,0
23,322,S2026723,0
23,323,S2149393,0
23,324,S2414954,0
23,325,S2128633,1
23,326,S1940316,1
23,327,S2148221,1
23,328,S2202564,0
23,329,S2408486,0
23,330,S2148221,1
23,331,S2209236,0
23,332,S2422845,0
23,333,S2247860,1
23,334,S2148221,1
23,335,S2247860,1
23,336,S2411029,0
23,337,S2247860,1
23,338,S2026723,0
23,339,S2350730,1
23,340,S2333274,0
23,341,S2026719,1
23,342,S2242501,0
23,343,S2425034,0
23,344,S2026719,1
23,345,S2436454,0
23,346,S2134277,1
23,347,S2134279,1
23,348,S2206288,0
23,349,S2312323,0
23,350,S2409391,0
23,351,S2306850,0
23,352,S2134279,1
23,353,S2502090,0
23,354,S2134279,1
23,355,S2241563,0
23,356,S2420603,0
23,357,S2506961,0
23,358,S2200310,0
23,359,S2313440,0
23,360,S2320993,1
23,361,S2210209,1
23,362,S2407940,0
23,363,S2134277,1
23,364,S2242501,0
23,365,S2407940,0
23,366,S2134279,1
23,367,S2353996,0
23,368,S2408482,0
23,369,S2320993,1
23,370,S2028919,0
