model_variant,case_id,target_event_key,target_event_id,target_biopsy_date,label,fold,probability,source_pairs,minimum_delta_days,maximum_delta_days,selected_threshold,prediction
time_only,patient_005b214a5e658965,S2149398,S2149398,2021-11-16,0,1,0.49751846925210486,1,91,91,0.5002432906314561,0
time_only,patient_0349492572c92ab0,S2332143,S2332143,2023-07-25,0,2,0.7132212344367057,1,14,14,0.3475887477621,1
time_only,patient_0349492572c92ab0,S2342914,S2342914,2023-10-05,0,2,0.5064006858189186,2,72,86,0.3475887477621,1
time_only,patient_0941abb556cbec79,S2309075,S2309075,2023-02-28,0,1,0.4708310920035091,1,14,14,0.5002432906314561,0
time_only,patient_0941abb556cbec79,S2313664,S2313664,2023-03-29,0,1,0.48383690157349935,2,29,43,0.5002432906314561,0
time_only,patient_0941abb556cbec79,S2319879,S2319879,2023-05-09,0,1,0.49200814165965134,3,41,84,0.5002432906314561,0
time_only,patient_0941abb556cbec79,S2334389,S2334389,2023-08-08,0,1,0.5033487979110669,4,91,175,0.5002432906314561,1
time_only,patient_0941abb556cbec79,S2347458,S2347458,2023-11-07,0,1,0.5082850579597661,5,91,266,0.5002432906314561,1
time_only,patient_0941abb556cbec79,S2406040,S2406040,2024-02-06,0,1,0.511479444726053,6,91,357,0.5002432906314561,1
time_only,patient_0cf9d90c530cbd0b,S2135431,S2135431,2021-08-17,0,1,0.4841045987506429,1,36,36,0.5002432906314561,0
time_only,patient_0cf9d90c530cbd0b,S2141805,S2141805,2021-09-28,0,1,0.4907954604821595,2,42,78,0.5002432906314561,0
time_only,patient_0cf9d90c530cbd0b,S2149394,S2149394,2021-11-16,0,1,0.4961464438734713,3,49,127,0.5002432906314561,0
time_only,patient_0cf9d90c530cbd0b,S2156022,S2156022,2021-12-28,0,1,0.49836436868260015,4,42,169,0.5002432906314561,0
time_only,patient_0cf9d90c530cbd0b,S2210199,S2210199,2022-03-15,0,1,0.5049616303372886,5,77,246,0.5002432906314561,1
time_only,patient_0cf9d90c530cbd0b,S2224007,S2224007,2022-06-14,0,1,0.5097117320849148,6,91,337,0.5002432906314561,1
time_only,patient_110e1e825f43e305,S2318026,S2318026,2023-04-25,0,2,0.6699652253933683,1,21,21,0.3475887477621,1
time_only,patient_110e1e825f43e305,S2327486,S2327486,2023-06-27,0,2,0.5166358922141963,2,63,84,0.3475887477621,1
time_only,patient_110e1e825f43e305,S2334385,S2334385,2023-08-08,0,2,0.5002598392788232,3,42,126,0.3475887477621,1
time_only,patient_110e1e825f43e305,S2340935,S2340935,2023-09-19,0,2,0.4794754113283257,4,42,168,0.3475887477621,1
time_only,patient_110e1e825f43e305,S2353996,S2353996,2023-12-19,0,2,0.4092472696480818,5,91,259,0.3475887477621,1
time_only,patient_110e1e825f43e305,S2410453,S2410453,2024-03-26,0,2,0.3709711672191022,6,98,357,0.3475887477621,1
time_only,patient_19d05fccc0aac48d,S2028920,S2028920,2020-07-21,1,1,0.4708310920035091,1,14,14,0.5002432906314561,0
time_only,patient_1bb6673f07107d9c,S2231091,S2231091,2022-07-26,0,2,0.7132212344367057,1,14,14,0.3475887477621,1
time_only,patient_1bb6673f07107d9c,S2234199,S2234199,2022-08-16,0,2,0.6399370507314033,2,21,35,0.3475887477621,1
time_only,patient_1bb6673f07107d9c,S2240726,S2240726,2022-09-27,0,2,0.5439801954623764,3,42,77,0.3475887477621,1
time_only,patient_1bb6673f07107d9c,S2311236,S2311236,2023-03-14,0,2,0.37908704959821465,4,168,245,0.3475887477621,1
time_only,patient_1d9bc9798ff5fad2,S2434915,S2434915,2024-12-03,0,2,0.5506498691194912,1,56,56,0.3475887477621,1
time_only,patient_1d9bc9798ff5fad2,S2501300,S2501300,2025-01-14,0,2,0.5324723044166775,2,42,98,0.3475887477621,1
time_only,patient_1d9bc9798ff5fad2,S2505507,S2505507,2025-02-25,0,2,0.5054518742911664,3,42,140,0.3475887477621,1
time_only,patient_1d9bc9798ff5fad2,S2516971,S2516971,2025-06-10,0,2,0.41181911295349066,4,105,245,0.3475887477621,1
time_only,patient_1d9bc9798ff5fad2,S2528218,S2528218,2025-09-09,0,2,0.38159937646570274,5,91,336,0.3475887477621,1
time_only,patient_1db7fb03763dab37,S2420601,S2420601,2024-07-16,0,1,0.48370136757875287,1,35,35,0.5002432906314561,0
time_only,patient_1db7fb03763dab37,S2423618,S2423618,2024-08-13,0,1,0.4863463277855856,2,28,63,0.5002432906314561,0
time_only,patient_1db7fb03763dab37,S2429063,S2429063,2024-10-08,0,1,0.4960840696475956,3,56,119,0.5002432906314561,0
time_only,patient_1db7fb03763dab37,S2433341,S2433341,2024-11-19,0,1,0.4982593433040517,4,42,161,0.5002432906314561,0
time_only,patient_1db7fb03763dab37,S2513847,S2513847,2025-05-13,0,1,0.5125117733377228,5,175,336,0.5002432906314561,1
time_only,patient_1f1d5d53d578938e,S2434919,S2434919,2024-12-03,0,1,0.4708310920035091,1,14,14,0.5002432906314561,0
time_only,patient_1f1d5d53d578938e,S2500522,S2500522,2025-01-07,0,1,0.4861192918635223,2,35,49,0.5002432906314561,0
time_only,patient_1f1d5d53d578938e,S2503983,S2503983,2025-02-11,0,1,0.49125184189068705,3,35,84,0.5002432906314561,0
time_only,patient_1f1d5d53d578938e,S2507799,S2507799,2025-03-18,0,1,0.4946102578072579,4,35,119,0.5002432906314561,0
time_only,patient_1f1d5d53d578938e,S2511859,S2511859,2025-04-22,0,1,0.4972039941137297,5,35,154,0.5002432906314561,0
time_only,patient_1f1d5d53d578938e,S2522980,S2522980,2025-07-29,0,1,0.5068972374116355,6,98,252,0.5002432906314561,1
time_only,patient_228507d0242d624c,S2225225,S2225225,2022-06-21,0,0,0.5047618366552327,1,21,21,0.498671216771712,1
time_only,patient_228507d0242d624c,S2232192,S2232192,2022-08-02,0,0,0.5021467846436642,2,42,63,0.498671216771712,1
time_only,patient_228507d0242d624c,S2241562,S2241562,2022-10-04,0,0,0.5003548081375566,3,63,126,0.498671216771712,1
time_only,patient_228507d0242d624c,S2247860,S2247860,2022-11-15,1,0,0.500106724436481,4,42,168,0.498671216771712,1
time_only,patient_228507d0242d624c,S2252333,S2252333,2022-12-13,0,0,0.49930738894872817,4,70,196,0.498671216771712,1
time_only,patient_228507d0242d624c,S2306847,S2306847,2023-02-14,0,0,0.4981006378575348,4,133,259,0.498671216771712,0
time_only,patient_228507d0242d624c,S2320993,S2320993,2023-05-16,1,0,0.496956522296063,4,224,350,0.498671216771712,0
time_only,patient_23ee3df4f656b033,S2202563,S2202563,2022-01-18,0,1,0.48101870371273175,1,29,29,0.5002432906314561,0
time_only,patient_23ee3df4f656b033,S2207352,S2207352,2022-02-22,0,1,0.4880511928729998,2,35,64,0.5002432906314561,0
time_only,patient_23ee3df4f656b033,S2213276,S2213276,2022-04-05,0,1,0.4937156269260627,3,42,106,0.5002432906314561,0
time_only,patient_23ee3df4f656b033,S2222064,S2222064,2022-05-31,0,1,0.4995171189536914,4,56,162,0.5002432906314561,0
time_only,patient_23ee3df4f656b033,S2234198,S2234198,2022-08-16,0,1,0.5053216588682321,5,77,239,0.5002432906314561,1
time_only,patient_23ee3df4f656b033,S2248986,S2248986,2022-11-22,0,1,0.5104091799460684,6,98,337,0.5002432906314561,1
time_only,patient_26f6ecd90ed41f9d,S2243826,S2243826,2022-10-19,0,1,0.4997436173616005,1,106,106,0.5002432906314561,0
time_only,patient_26f6ecd90ed41f9d,S2302643,S2302643,2023-01-17,0,1,0.5030462050558171,2,90,196,0.5002432906314561,1
time_only,patient_26f6ecd90ed41f9d,S2310080,S2310080,2023-03-07,0,1,0.5014156609317358,3,49,245,0.5002432906314561,1
time_only,patient_26f6ecd90ed41f9d,S2323107,S2323107,2023-05-30,0,1,0.5065919697192562,4,84,329,0.5002432906314561,1
time_only,patient_2999b7afa4f16b6d,S2130897,S2130897,2021-07-20,0,1,0.5038086392576772,1,140,140,0.5002432906314561,1
time_only,patient_2999b7afa4f16b6d,S2143767,S2143767,2021-10-12,0,1,0.5035223586100016,2,84,224,0.5002432906314561,1
time_only,patient_29c1ec61f11c3c6d,S2142821,S2142821,2021-10-05,0,2,0.5354120304841316,1,63,63,0.3475887477621,1
time_only,patient_29c1ec61f11c3c6d,S2156020,S2156020,2021-12-28,0,2,0.4613939061759048,2,84,147,0.3475887477621,1
time_only,patient_29c1ec61f11c3c6d,S2210205,S2210205,2022-03-15,0,2,0.43142523578803416,3,77,224,0.3475887477621,1
time_only,patient_2b3a49d49419f139,S2142820,S2142820,2021-10-05,0,0,0.5015483992669716,1,63,63,0.498671216771712,1
time_only,patient_2b3a49d49419f139,S2154959,S2154959,2021-12-21,0,0,0.5000622002121476,2,77,140,0.498671216771712,1
time_only,patient_2b3a49d49419f139,S2209237,S2209237,2022-03-08,0,0,0.4992331852562411,3,77,217,0.498671216771712,1
time_only,patient_2c0945e38263a664,S2235318,S2235318,2022-08-23,0,0,0.505914287690762,1,14,14,0.498671216771712,1
time_only,patient_2c0945e38263a664,S2246785,S2246785,2022-11-08,0,0,0.5007046668675569,2,77,91,0.498671216771712,1
time_only,patient_2c0945e38263a664,S2254659,S2254659,2022-12-27,0,0,0.5003162232634373,3,49,140,0.498671216771712,1
time_only,patient_2c0945e38263a664,S2308045,S2308045,2023-02-21,0,0,0.4996196347999804,4,56,196,0.498671216771712,1
time_only,patient_2c0945e38263a664,S2318956,S2318956,2023-05-02,1,0,0.49877760137596494,5,70,266,0.498671216771712,1
time_only,patient_2c0945e38263a664,S2332142,S2332142,2023-07-25,0,0,0.49743009858147336,5,154,350,0.498671216771712,0
time_only,patient_2e5d461d7873e6f4,S2130898,S2130898,2021-07-19,0,2,0.34815028683325283,1,272,272,0.3475887477621,1
time_only,patient_2e5d461d7873e6f4,S2142815,S2142815,2021-10-05,0,2,0.4130584122256793,2,78,350,0.3475887477621,1
time_only,patient_2e5d461d7873e6f4,S2244727,S2244727,2022-10-25,1,2,0.2783301645351337,3,385,735,0.3475887477621,0
time_only,patient_2e5d461d7873e6f4,S2253528,S2253528,2022-12-20,0,2,0.26689222012727426,3,441,791,0.3475887477621,0
time_only,patient_2e5d461d7873e6f4,S2311235,S2311235,2023-03-14,0,2,0.2523312908213287,3,525,875,0.3475887477621,0
time_only,patient_30b34f698447ae86,S2206288,S2206288,2022-02-15,0,1,0.48051999517441435,1,28,28,0.5002432906314561,0
time_only,patient_30b34f698447ae86,S2209232,S2209232,2022-03-08,0,1,0.48249746135952265,2,21,49,0.5002432906314561,0
time_only,patient_30b34f698447ae86,S2214324,S2214324,2022-04-12,0,1,0.4901735720665428,3,35,84,0.5002432906314561,0
time_only,patient_30b34f698447ae86,S2220927,S2220927,2022-05-24,0,1,0.4955675385300646,4,42,126,0.5002432906314561,0
time_only,patient_30b34f698447ae86,S2227621,S2227621,2022-07-05,0,1,0.4988775475794897,5,42,168,0.5002432906314561,0
time_only,patient_30b34f698447ae86,S2241564,S2241564,2022-10-04,0,1,0.5068936465942148,6,91,259,0.5002432906314561,1
time_only,patient_30b34f698447ae86,S2300331,S2300331,2023-01-03,0,1,0.5110499866947107,7,91,350,0.5002432906314561,1
time_only,patient_30b34f698447ae86,S2326330,S2326330,2023-06-20,0,1,0.5178163013426865,8,168,518,0.5002432906314561,1
time_only,patient_33180b505ac426fd,S2501301,S2501301,2025-01-14,0,2,0.5730748025502632,1,47,47,0.3475887477621,1
time_only,patient_33180b505ac426fd,S2503128,S2503128,2025-02-04,0,2,0.5977220834630568,2,21,68,0.3475887477621,1
time_only,patient_33180b505ac426fd,S2511008,S2511008,2025-04-15,0,2,0.48071640255916664,3,70,138,0.3475887477621,1
time_only,patient_33180b505ac426fd,S2515598,S2515598,2025-05-27,0,2,0.47110382823253066,4,42,180,0.3475887477621,1
time_only,patient_33180b505ac426fd,S2521240,S2521240,2025-07-15,0,2,0.447027778125233,5,49,229,0.3475887477621,1
time_only,patient_331a649dfec3ede4,S2140144,S2140144,2021-09-14,0,0,0.5015483992669716,1,63,63,0.498671216771712,1
time_only,patient_331a649dfec3ede4,S2210207,S2210207,2022-03-15,0,0,0.4979415551730249,2,182,245,0.498671216771712,0
time_only,patient_37a67c1ae4e8ad43,S2251252,S2251252,2022-12-06,0,0,0.5032798670922982,1,35,35,0.498671216771712,1
time_only,patient_37a67c1ae4e8ad43,S2300360,S2300360,2023-01-03,0,0,0.5027394688329802,2,28,63,0.498671216771712,1
time_only,patient_37a67c1ae4e8ad43,S2304560,S2304560,2023-01-31,0,0,0.5020945967283222,3,28,91,0.498671216771712,1
time_only,patient_37a67c1ae4e8ad43,S2314588,S2314588,2023-04-04,0,0,0.5001369451612772,4,63,154,0.498671216771712,1
time_only,patient_37a67c1ae4e8ad43,S2328623,S2328623,2023-07-04,0,0,0.49863681798252235,5,91,245,0.498671216771712,0
time_only,patient_37a67c1ae4e8ad43,S2346543,S2346543,2023-10-31,0,0,0.4974312577721582,6,119,364,0.498671216771712,0
time_only,patient_37a67c1ae4e8ad43,S2408481,S2408481,2024-02-27,0,0,0.49670915254730236,7,119,483,0.498671216771712,0
time_only,patient_3840f67f21017b79,S2225223,S2225223,2022-06-21,0,2,0.7132212344367057,1,14,14,0.3475887477621,1
time_only,patient_3840f67f21017b79,S2229971,S2229971,2022-07-19,0,2,0.6120466852030031,2,28,42,0.3475887477621,1
time_only,patient_3840f67f21017b79,S2235317,S2235317,2022-08-23,0,2,0.5515235726384398,3,35,77,0.3475887477621,1
time_only,patient_3840f67f21017b79,S2241563,S2241563,2022-10-04,0,2,0.5043660808524215,4,42,119,0.3475887477621,1
time_only,patient_3840f67f21017b79,S2250152,S2250152,2022-11-29,0,2,0.4564155392243469,5,56,175,0.3475887477621,1
time_only,patient_3840f67f21017b79,S2308042,S2308042,2023-02-21,0,2,0.4028790547797419,6,84,259,0.3475887477621,1
time_only,patient_3840f67f21017b79,S2323102,S2323102,2023-05-30,0,2,0.3646120277118213,7,98,357,0.3475887477621,1
time_only,patient_3b33f0c3a0f54d90,S2047227,S2047227,2020-11-27,1,2,0.4649541363614081,1,108,108,0.3475887477621,1
time_only,patient_3fc4b14a03335d7f,S2203739,S2203739,2022-01-25,0,2,0.7763208100439725,1,7,7,0.3475887477621,1
time_only,patient_3fc4b14a03335d7f,S2206286,S2206286,2022-02-15,0,2,0.6533899256290631,2,21,28,0.3475887477621,1
time_only,patient_3fc4b14a03335d7f,S2212215,S2212215,2022-03-29,0,2,0.5481303148885256,3,42,70,0.3475887477621,1
time_only,patient_3fc4b14a03335d7f,S2217673,S2217673,2022-05-03,0,2,0.5163653727073364,4,35,105,0.3475887477621,1
time_only,patient_3fc4b14a03335d7f,S2225224,S2225224,2022-06-21,0,2,0.47087507056063577,5,49,154,0.3475887477621,1
time_only,patient_3fc4b14a03335d7f,S2240720,S2240720,2022-09-27,0,2,0.39836426625841764,6,98,252,0.3475887477621,1
time_only,patient_441646021a546773,S2210206,S2210206,2022-03-15,0,1,0.46981824990324894,1,13,13,0.5002432906314561,0
time_only,patient_441646021a546773,S2215454,S2215454,2022-04-19,0,1,0.4859705560818659,2,35,48,0.5002432906314561,0
time_only,patient_441646021a546773,S2219753,S2219753,2022-05-17,0,1,0.489196394238707,3,28,76,0.5002432906314561,0
time_only,patient_441646021a546773,S2226370,S2226370,2022-06-28,0,1,0.4952332599502216,4,42,118,0.5002432906314561,0
time_only,patient_441646021a546773,S2235315,S2235315,2022-08-23,0,1,0.500835647795632,5,56,174,0.5002432906314561,1
time_only,patient_441646021a546773,S2248988,S2248988,2022-11-22,0,1,0.5076742516266212,6,91,265,0.5002432906314561,1
time_only,patient_441646021a546773,S2306850,S2306850,2023-02-14,0,1,0.5110034555548231,7,84,349,0.5002432906314561,1
time_only,patient_441646021a546773,S2322861,S2322861,2023-05-26,0,1,0.5145059366002822,8,101,450,0.5002432906314561,1
time_only,patient_4610d334819bbd61,S2509420,S2509420,2025-04-01,0,0,0.5047618366552327,1,21,21,0.498671216771712,1
time_only,patient_4610d334819bbd61,S2513846,S2513846,2025-05-13,0,0,0.5021467846436642,2,42,63,0.498671216771712,1
time_only,patient_46cfa1714c823433,S2353999,S2353999,2023-12-19,0,2,0.6699652253933683,1,21,21,0.3475887477621,1
time_only,patient_46cfa1714c823433,S2414957,S2414957,2024-05-21,0,2,0.41080061861398665,2,154,175,0.3475887477621,1
time_only,patient_46cfa1714c823433,S2423619,S2423619,2024-08-13,0,2,0.4054077829831048,3,84,259,0.3475887477621,1
time_only,patient_4a2bd6cb3f9d710c,S2310074,S2310074,2023-03-07,0,1,0.4764577065707534,1,21,21,0.5002432906314561,0
time_only,patient_4a2bd6cb3f9d710c,S2315838,S2315838,2023-04-11,0,1,0.4870840381829177,2,35,56,0.5002432906314561,0
time_only,patient_4a2bd6cb3f9d710c,S2323104,S2323104,2023-05-30,0,1,0.4948317136836456,3,49,105,0.5002432906314561,0
time_only,patient_4a2bd6cb3f9d710c,S2406755,S2406755,2024-02-13,0,1,0.5157346867628079,4,259,364,0.5002432906314561,1
time_only,patient_4a9f4346155f3b62,S2216629,S2216629,2022-04-25,0,0,0.5061218858430435,1,13,13,0.498671216771712,1
time_only,patient_4a9f4346155f3b62,S2222063,S2222063,2022-05-31,0,0,0.5027443542160145,2,36,49,0.498671216771712,1
time_only,patient_4a9f4346155f3b62,S2235319,S2235319,2022-08-23,1,0,0.49988356297936876,3,84,133,0.498671216771712,1
time_only,patient_4a9f4346155f3b62,S2242499,S2242499,2022-10-11,0,0,0.4987732494627428,3,133,182,0.498671216771712,1
time_only,patient_4a9f4346155f3b62,S2312318,S2312318,2023-03-21,0,0,0.4966801355535841,3,294,343,0.498671216771712,0
time_only,patient_4ab30837cfd3692a,S2417717,S2417717,2024-06-18,0,1,0.4764577065707534,1,21,21,0.5002432906314561,0
time_only,patient_4ab30837cfd3692a,S2433346,S2433346,2024-11-19,0,1,0.5061389521678709,2,154,175,0.5002432906314561,1
time_only,patient_4ab30837cfd3692a,S2505506,S2505506,2025-02-25,0,1,0.5082036350798922,3,98,273,0.5002432906314561,1
time_only,patient_4af3110fd801b611,S2353995,S2353995,2023-12-19,0,1,0.49046670878708254,1,56,56,0.5002432906314561,0
time_only,patient_4af3110fd801b611,S2402481,S2402481,2024-01-16,0,1,0.4884363175041036,2,28,84,0.5002432906314561,0
time_only,patient_4af3110fd801b611,S2408486,S2408486,2024-02-27,0,1,0.49409542590592076,3,42,126,0.5002432906314561,0
time_only,patient_4af3110fd801b611,S2412060,S2412060,2024-04-16,0,1,0.4986408224135498,4,49,175,0.5002432906314561,0
time_only,patient_4af3110fd801b611,S2420602,S2420602,2024-07-16,0,1,0.5063868785643758,5,91,266,0.5002432906314561,1
time_only,patient_4af3110fd801b611,S2429676,S2429676,2024-10-15,0,1,0.5104096470893765,6,91,357,0.5002432906314561,1
time_only,patient_4cb9dbad2d74486f,S2151616,S2151616,2021-11-30,0,1,0.4708310920035091,1,14,14,0.5002432906314561,0
time_only,patient_4cb9dbad2d74486f,S2211181,S2211181,2022-03-22,0,1,0.5014077482635968,2,112,126,0.5002432906314561,1
time_only,patient_4cb9dbad2d74486f,S2226371,S2226371,2022-06-28,0,1,0.5063456349217476,3,98,224,0.5002432906314561,1
time_only,patient_4cb9dbad2d74486f,S2239521,S2239521,2022-09-20,0,1,0.508511124827874,4,84,308,0.5002432906314561,1
time_only,patient_503148ddee5b72e0,S2237601,S2237601,2022-09-06,0,2,0.5577318328472948,1,53,53,0.3475887477621,1
time_only,patient_503148ddee5b72e0,S2312320,S2312320,2023-03-21,0,2,0.3735878686675198,2,196,249,0.3475887477621,1
time_only,patient_503148ddee5b72e0,S2327485,S2327485,2023-06-27,0,2,0.3786979540844429,3,98,347,0.3475887477621,1
time_only,patient_5a68de4c65c56662,S2238299,S2238299,2022-09-13,0,2,0.6753956296531902,1,20,20,0.3475887477621,1
time_only,patient_5a68de4c65c56662,S2242500,S2242500,2022-10-11,0,2,0.6036063678796465,2,28,48,0.3475887477621,1
time_only,patient_5a68de4c65c56662,S2246786,S2246786,2022-11-08,0,2,0.5661412903156622,3,28,76,0.3475887477621,1
time_only,patient_5a68de4c65c56662,S2254886,S2254886,2022-12-28,0,2,0.4962540802384353,4,50,126,0.3475887477621,1
time_only,patient_5ad31502c2708b1a,S2338781,S2338781,2023-09-05,0,1,0.48051999517441435,1,28,28,0.5002432906314561,0
time_only,patient_5ad31502c2708b1a,S2342677,S2342677,2023-10-04,0,1,0.48587077099243575,2,29,57,0.5002432906314561,0
time_only,patient_5d35983cfd191fff,S2144969,S2144969,2021-10-19,0,1,0.4863166586809092,1,42,42,0.5002432906314561,0
time_only,patient_5d35983cfd191fff,S2205211,S2205211,2022-02-08,0,1,0.5028752780768531,2,112,154,0.5002432906314561,1
time_only,patient_5d35983cfd191fff,S2216605,S2216605,2022-04-26,0,1,0.5048106367416795,3,77,231,0.5002432906314561,1
time_only,patient_5ee21afd8d2dea4c,S2318954,S2318954,2023-05-02,0,1,0.4764577065707534,1,21,21,0.5002432906314561,0
time_only,patient_5ee21afd8d2dea4c,S2325144,S2325144,2023-06-13,0,1,0.48924465953883306,2,42,63,0.5002432906314561,0
time_only,patient_5ee21afd8d2dea4c,S2330988,S2330988,2023-07-18,0,1,0.4924622540802546,3,35,98,0.5002432906314561,0
time_only,patient_5ee21afd8d2dea4c,S2338782,S2338782,2023-09-05,0,1,0.49792009019596295,4,49,147,0.5002432906314561,0
time_only,patient_5ee21afd8d2dea4c,S2408854,S2408854,2024-03-05,0,1,0.5127394530384819,5,182,329,0.5002432906314561,1
time_only,patient_61128f527d32178f,S2144966,S2144966,2021-10-19,0,1,0.49635263983379285,1,84,84,0.5002432906314561,0
time_only,patient_69d6941869afda05,S2210209,S2210209,2022-03-15,1,2,0.6368146258647578,1,28,28,0.3475887477621,1
time_only,patient_69d6941869afda05,S2214323,S2214323,2022-04-12,0,2,0.5506498691194912,1,56,56,0.3475887477621,1
time_only,patient_69d6941869afda05,S2219751,S2219751,2022-05-17,0,2,0.4873732743852252,1,91,91,0.3475887477621,1
time_only,patient_69d6941869afda05,S2224010,S2224010,2022-06-14,0,2,0.4522988284006368,1,119,119,0.3475887477621,1
time_only,patient_69d6941869afda05,S2232194,S2232194,2022-08-02,0,2,0.40783508842024474,1,168,168,0.3475887477621,1
time_only,patient_69d6941869afda05,S2241565,S2241565,2022-10-04,0,2,0.36797775312505737,1,231,231,0.3475887477621,1
time_only,patient_69d6941869afda05,S2253524,S2253524,2022-12-20,0,2,0.333398875215242,1,308,308,0.3475887477621,0
time_only,patient_6d8c27caf7586f64,S2326332,S2326332,2023-06-20,0,0,0.5047618366552327,1,21,21,0.498671216771712,1
time_only,patient_6d8c27caf7586f64,S2330982,S2330982,2023-07-18,0,0,0.5031109155918219,2,28,49,0.498671216771712,1
time_only,patient_6e23f91caa098b84,S2422139,S2422139,2024-07-30,0,1,0.4764577065707534,1,21,21,0.5002432906314561,0
time_only,patient_6e23f91caa098b84,S2427693,S2427693,2024-09-24,0,1,0.4927766567613804,2,56,77,0.5002432906314561,0
time_only,patient_6e23f91caa098b84,S2433342,S2433342,2024-11-19,0,1,0.49802420330377956,3,56,133,0.5002432906314561,0
time_only,patient_6e23f91caa098b84,S2437880,S2437880,2024-12-31,0,1,0.49929833823574593,4,42,175,0.5002432906314561,0
time_only,patient_6e23f91caa098b84,S2506961,S2506961,2025-03-11,0,1,0.504684781849938,5,70,245,0.5002432906314561,1
time_only,patient_6e852ae1e67cc6a5,S2522994,S2522994,2025-07-29,0,2,0.7132212344367057,1,14,14,0.3475887477621,1
time_only,patient_6e852ae1e67cc6a5,S2526362,S2526362,2025-08-26,0,2,0.6120466852030031,2,28,42,0.3475887477621,1
time_only,patient_6e852ae1e67cc6a5,S2530049,S2530049,2025-09-23,0,2,0.5697215548748154,3,28,70,0.3475887477621,1
time_only,patient_70289ea84b1dd193,S2511006,S2511006,2025-04-15,0,1,0.4764577065707534,1,21,21,0.5002432906314561,0
time_only,patient_70289ea84b1dd193,S2513848,S2513848,2025-05-13,0,1,0.4845286056613531,2,28,49,0.5002432906314561,0
time_only,patient_70289ea84b1dd193,S2524760,S2524760,2025-08-12,0,1,0.5009199896105644,3,91,140,0.5002432906314561,1
time_only,patient_70289ea84b1dd193,S2531989,S2531989,2025-10-14,0,1,0.5035685519908784,4,63,203,0.5002432906314561,1
time_only,patient_71270218daad69ca,S2334411,S2334411,2023-08-08,0,1,0.5201559752788035,1,427,427,0.5002432906314561,1
time_only,patient_718a20df543bc4dd,S2410460,S2410460,2024-03-26,0,0,0.505914287690762,1,14,14,0.498671216771712,1
time_only,patient_718a20df543bc4dd,S2412725,S2412725,2024-04-23,0,0,0.5033378542096728,2,28,42,0.498671216771712,1
time_only,patient_718a20df543bc4dd,S2415070,S2415070,2024-05-22,0,0,0.5022890358186504,3,29,71,0.498671216771712,1
time_only,patient_718a20df543bc4dd,S2424259,S2424259,2024-08-20,0,0,0.49948121675650003,4,90,161,0.498671216771712,1
time_only,patient_718a20df543bc4dd,S2504721,S2504721,2025-02-18,0,0,0.4971097313350132,5,182,343,0.498671216771712,0
time_only,patient_71a52624c9074da6,S2325142,S2325142,2023-06-13,0,2,0.6411064663002721,1,27,27,0.3475887477621,1
time_only,patient_71a52624c9074da6,S2330985,S2330985,2023-07-18,0,2,0.5736985777869086,2,35,62,0.3475887477621,1
time_only,patient_71a52624c9074da6,S2336494,S2336494,2023-08-22,0,2,0.5368726720047386,3,35,97,0.3475887477621,1
time_only,patient_71a52624c9074da6,S2344458,S2344458,2023-10-17,0,2,0.475668692417533,4,56,153,0.3475887477621,1
time_only,patient_71a52624c9074da6,S2352827,S2352827,2023-12-12,0,2,0.44276268631033533,5,56,209,0.3475887477621,1
time_only,patient_780d5b318208b01a,S2406753,S2406753,2024-02-13,0,2,0.41895221057563115,1,154,154,0.3475887477621,1
time_only,patient_780d5b318208b01a,S2423616,S2423616,2024-08-13,0,2,0.3604717118679772,2,182,336,0.3475887477621,1
time_only,patient_78e356d1740b4e11,S2229536,S2229536,2022-07-15,0,0,0.4976340674907681,1,234,234,0.498671216771712,0
time_only,patient_79f0ef3e7f376fdb,S2406038,S2406038,2024-02-06,0,2,0.5417373874884841,1,60,60,0.3475887477621,1
time_only,patient_79f0ef3e7f376fdb,S2409390,S2409390,2024-03-12,0,2,0.5458232923755,2,35,95,0.3475887477621,1
time_only,patient_79f0ef3e7f376fdb,S2413768,S2413768,2024-05-07,0,2,0.4864999662282428,3,56,151,0.3475887477621,1
time_only,patient_79f0ef3e7f376fdb,S2431862,S2431862,2024-11-05,0,2,0.3585030021115611,4,182,333,0.3475887477621,1
time_only,patient_7b8c5e3e158230df,S2424255,S2424255,2024-08-20,0,1,0.48051999517441435,1,28,28,0.5002432906314561,0
time_only,patient_7b8c5e3e158230df,S2426615,S2426615,2024-09-10,0,1,0.48249746135952265,2,21,49,0.5002432906314561,0
time_only,patient_7d29fcd258114554,S2143769,S2143769,2021-10-12,0,0,0.505914287690762,1,14,14,0.498671216771712,1
time_only,patient_7d29fcd258114554,S2149396,S2149396,2021-11-16,0,0,0.5027855799384766,2,35,49,0.498671216771712,1
time_only,patient_7d29fcd258114554,S2154957,S2154957,2021-12-21,0,0,0.5017367761484398,3,35,84,0.498671216771712,1
time_only,patient_7d29fcd258114554,S2203734,S2203734,2022-01-25,0,0,0.5010506364910682,4,35,119,0.498671216771712,1
time_only,patient_7d29fcd258114554,S2210203,S2210203,2022-03-15,0,0,0.5000310097756608,5,49,168,0.498671216771712,1
time_only,patient_7d29fcd258114554,S2239522,S2239522,2022-09-20,0,0,0.4971156553030865,6,189,357,0.498671216771712,0
time_only,patient_7ea5ec2f6c847fc5,S2148219,S2148219,2021-11-08,0,1,0.4948965271449497,1,76,76,0.5002432906314561,0
time_only,patient_7ea5ec2f6c847fc5,S2207353,S2207353,2022-02-22,0,1,0.5036964138274929,2,106,182,0.5002432906314561,1
time_only,patient_7fb8c2b1e117173f,S2533022,S2533022,2025-10-21,0,0,0.5039305383989887,1,28,28,0.498671216771712,1
time_only,patient_88518ae12a01280d,S2530991,S2530991,2025-09-30,0,2,0.6368146258647578,1,28,28,0.3475887477621,1
time_only,patient_88518ae12a01280d,S2535840,S2535840,2025-11-11,0,2,0.5544894570907227,2,42,70,0.3475887477621,1
time_only,patient_886cef649f01f586,S2200309,S2200309,2022-01-04,0,0,0.4964267309322298,1,350,350,0.498671216771712,0
time_only,patient_895c9f3c4b1870d6,S2128633,S2128633,2021-07-06,1,0,0.49932457664435187,1,133,133,0.498671216771712,1
time_only,patient_895c9f3c4b1870d6,S2134279,S2134279,2021-08-10,1,0,0.49862621793626405,1,168,168,0.498671216771712,0
time_only,patient_895c9f3c4b1870d6,S2141807,S2141807,2021-09-28,0,0,0.4978600412860354,1,217,217,0.498671216771712,0
time_only,patient_895c9f3c4b1870d6,S2148221,S2148221,2021-11-09,1,0,0.4973298349697579,1,259,259,0.498671216771712,0
time_only,patient_895c9f3c4b1870d6,S2205208,S2205208,2022-02-08,0,0,0.4964267309322298,1,350,350,0.498671216771712,0
time_only,patient_897fc368fe7593b2,S2410451,S2410451,2024-03-26,0,2,0.7132212344367057,1,14,14,0.3475887477621,1
time_only,patient_897fc368fe7593b2,S2413342,S2413342,2024-04-30,0,2,0.5888401858780032,2,35,49,0.3475887477621,1
time_only,patient_897fc368fe7593b2,S2414955,S2414955,2024-05-21,0,2,0.5807717547176855,3,21,70,0.3475887477621,1
time_only,patient_897fc368fe7593b2,S2419848,S2419848,2024-07-08,0,2,0.5043152919516039,4,48,118,0.3475887477621,1
time_only,patient_897fc368fe7593b2,S2424250,S2424250,2024-08-20,0,2,0.474017849382985,5,43,161,0.3475887477621,1
time_only,patient_897fc368fe7593b2,S2431866,S2431866,2024-11-05,0,2,0.4162176642743372,6,77,238,0.3475887477621,1
time_only,patient_897fc368fe7593b2,S2504719,S2504719,2025-02-18,0,2,0.3672438253821023,7,105,343,0.3475887477621,1
time_only,patient_8a989ce38f711fa1,S2154958,S2154958,2021-12-21,0,1,0.4764577065707534,1,21,21,0.5002432906314561,0
time_only,patient_8a989ce38f711fa1,S2202568,S2202568,2022-01-18,0,1,0.4845286056613531,2,28,49,0.5002432906314561,0
time_only,patient_8a989ce38f711fa1,S2207350,S2207350,2022-02-22,0,1,0.49074222260310085,3,35,84,0.5002432906314561,0
time_only,patient_8a989ce38f711fa1,S2213274,S2213274,2022-04-05,0,1,0.4958191623156944,4,42,126,0.5002432906314561,0
time_only,patient_8a989ce38f711fa1,S2222062,S2222062,2022-05-31,0,1,0.5011254076425656,5,56,182,0.5002432906314561,1
time_only,patient_8a989ce38f711fa1,S2234200,S2234200,2022-08-16,0,1,0.5065612872507652,6,77,259,0.5002432906314561,1
time_only,patient_8a989ce38f711fa1,S2248983,S2248983,2022-11-22,0,1,0.511420021774513,7,98,357,0.5002432906314561,1
time_only,patient_937267369badf303,S2308043,S2308043,2023-02-21,0,2,0.5677714956865683,1,49,49,0.3475887477621,1
time_only,patient_937267369badf303,S2312323,S2312323,2023-03-21,0,2,0.5730322186132536,2,28,77,0.3475887477621,1
time_only,patient_937267369badf303,S2319878,S2319878,2023-05-09,0,2,0.5072950470791624,3,49,126,0.3475887477621,1
time_only,patient_93ac78fffd137473,S2329753,S2329753,2023-07-11,0,1,0.5106920773862104,1,224,224,0.5002432906314561,1
time_only,patient_9665aa8b62656cf9,S2531985,S2531985,2025-10-14,0,1,0.4708310920035091,1,14,14,0.5002432906314561,0
time_only,patient_98877b8b3d3e8763,S2140147,S2140147,2021-09-13,0,1,0.4859702668856458,1,41,41,0.5002432906314561,0
time_only,patient_98877b8b3d3e8763,S2147205,S2147205,2021-11-02,0,1,0.49317363696487004,2,50,91,0.5002432906314561,0
time_only,patient_98877b8b3d3e8763,S2201380,S2201380,2022-01-10,0,1,0.500229351664487,3,69,160,0.5002432906314561,0
time_only,patient_98877b8b3d3e8763,S2211180,S2211180,2022-03-22,0,1,0.5042846986784807,4,71,231,0.5002432906314561,1
time_only,patient_98877b8b3d3e8763,S2225226,S2225226,2022-06-21,0,1,0.5089275106333847,5,91,322,0.5002432906314561,1
time_only,patient_9b81a2766f087b27,S2114402,S2114402,2021-04-06,0,2,0.6699652253933683,1,21,21,0.3475887477621,1
time_only,patient_9b81a2766f087b27,S2119964,S2119964,2021-05-11,1,2,0.5802793725944647,2,35,56,0.3475887477621,1
time_only,patient_9b81a2766f087b27,S2150495,S2150495,2021-11-23,1,2,0.3626686631597796,2,231,252,0.3475887477621,1
time_only,patient_9b81a2766f087b27,S2209234,S2209234,2022-03-08,0,2,0.31977222635997127,2,336,357,0.3475887477621,0
time_only,patient_a533d77edf530d7d,S2334386,S2334386,2023-08-08,0,2,0.7132212344367057,1,14,14,0.3475887477621,1
time_only,patient_a533d77edf530d7d,S2338786,S2338786,2023-09-05,0,2,0.6120466852030031,2,28,42,0.3475887477621,1
time_only,patient_a533d77edf530d7d,S2343314,S2343314,2023-10-11,0,2,0.5491253037922429,3,36,78,0.3475887477621,1
time_only,patient_a533d77edf530d7d,S2346179,S2346179,2023-10-27,0,2,0.5617515438884275,4,16,94,0.3475887477621,1
time_only,patient_a533d77edf530d7d,S2348398,S2348398,2023-11-14,0,2,0.551989055592868,5,18,112,0.3475887477621,1
time_only,patient_a533d77edf530d7d,S2352825,S2352825,2023-12-12,0,2,0.5173088614941649,6,28,140,0.3475887477621,1
time_only,patient_a533d77edf530d7d,S2402484,S2402484,2024-01-16,0,2,0.4829591595900098,7,35,175,0.3475887477621,1
time_only,patient_a533d77edf530d7d,S2420603,S2420603,2024-07-16,0,2,0.34992350871672234,8,182,357,0.3475887477621,1
time_only,patient_ab45843e8e5c5823,S2300361,S2300361,2023-01-03,0,0,0.505914287690762,1,14,14,0.498671216771712,1
time_only,patient_ab45843e8e5c5823,S2306015,S2306015,2023-02-08,0,0,0.5027145576563617,2,36,50,0.498671216771712,1
time_only,patient_ab45843e8e5c5823,S2310079,S2310079,2023-03-07,0,0,0.502179199496005,3,27,77,0.498671216771712,1
time_only,patient_ab45843e8e5c5823,S2315841,S2315841,2023-04-11,0,0,0.5012371956906223,4,35,112,0.498671216771712,1
time_only,patient_ab45843e8e5c5823,S2325143,S2325143,2023-06-13,0,0,0.4997102837645551,5,63,175,0.498671216771712,1
time_only,patient_ab45843e8e5c5823,S2339820,S2339820,2023-09-12,0,0,0.4983586989991606,6,91,266,0.498671216771712,0
time_only,patient_ab45843e8e5c5823,S2351751,S2351751,2023-12-05,0,0,0.4976884177820758,7,84,350,0.498671216771712,0
time_only,patient_aca1fffca0191542,S2211179,S2211179,2022-03-22,0,0,0.49862621793626405,1,168,168,0.498671216771712,0
time_only,patient_aca1fffca0191542,S2333273,S2333273,2023-08-01,0,0,0.49493670881736357,2,497,665,0.498671216771712,0
time_only,patient_ad7be783b5ff7f03,S2316900,S2316900,2023-04-18,0,0,0.505914287690762,1,14,14,0.498671216771712,1
time_only,patient_ad7be783b5ff7f03,S2329756,S2329756,2023-07-11,0,0,0.5004650068808396,2,84,98,0.498671216771712,1
time_only,patient_ad7be783b5ff7f03,S2410458,S2410458,2024-03-26,0,0,0.496728164677049,3,259,357,0.498671216771712,0
time_only,patient_ae0f85572ff16638,S2311234,S2311234,2023-03-14,0,0,0.49563919675053786,1,455,455,0.498671216771712,0
time_only,patient_b824bfb064fb2de4,S2200310,S2200310,2022-01-04,0,2,0.5677714956865683,1,49,49,0.3475887477621,1
time_only,patient_b824bfb064fb2de4,S2206287,S2206287,2022-02-15,0,2,0.5373260094632368,2,42,91,0.3475887477621,1
time_only,patient_b824bfb064fb2de4,S2210202,S2210202,2022-03-15,0,2,0.5369378746351973,3,28,119,0.3475887477621,1
time_only,patient_b824bfb064fb2de4,S2216631,S2216631,2022-04-26,0,2,0.49561136549160756,4,42,161,0.3475887477621,1
time_only,patient_bdc3f4ebb82da82e,S2437882,S2437882,2024-12-31,1,1,0.4708310920035091,1,14,14,0.5002432906314561,0
time_only,patient_bdc3f4ebb82da82e,S2503127,S2503127,2025-02-04,0,1,0.4885372161482918,1,49,49,0.5002432906314561,0
time_only,patient_bdc3f4ebb82da82e,S2506960,S2506960,2025-03-11,0,1,0.49635263983379285,1,84,84,0.5002432906314561,0
time_only,patient_bdc3f4ebb82da82e,S2516970,S2516970,2025-06-10,0,1,0.5070747439318911,1,175,175,0.5002432906314561,1
time_only,patient_c18ca7616a5ad1b6,S2405217,S2405217,2024-01-31,0,1,0.48101870371273175,1,29,29,0.5002432906314561,0
time_only,patient_c18ca7616a5ad1b6,S2408482,S2408482,2024-02-27,0,1,0.485235267120839,2,27,56,0.5002432906314561,0
time_only,patient_c18ca7616a5ad1b6,S2412061,S2412061,2024-04-16,0,1,0.4943463427873646,3,49,105,0.5002432906314561,0
time_only,patient_c18ca7616a5ad1b6,S2414954,S2414954,2024-05-21,0,1,0.496069772003889,4,35,140,0.5002432906314561,0
time_only,patient_c18ca7616a5ad1b6,S2434134,S2434134,2024-11-26,0,1,0.5127587821205465,5,189,329,0.5002432906314561,1
time_only,patient_c2ec040a2ccee825,S2422845,S2422845,2024-08-06,0,0,0.5047618366552327,1,21,21,0.498671216771712,1
time_only,patient_c2ec040a2ccee825,S2502090,S2502090,2025-01-21,0,0,0.49844998018972697,2,168,189,0.498671216771712,0
time_only,patient_c2ec040a2ccee825,S2511010,S2511010,2025-04-15,0,0,0.49842613331827884,3,84,273,0.498671216771712,0
time_only,patient_c2ec040a2ccee825,S2520404,S2520404,2025-07-08,0,0,0.49805929277863403,4,84,357,0.498671216771712,0
time_only,patient_c37c171d859fe24a,S2236494,S2236494,2022-08-30,0,2,0.5677714956865683,1,49,49,0.3475887477621,1
time_only,patient_c37c171d859fe24a,S2244729,S2244729,2022-10-25,0,2,0.5096434041127714,2,56,105,0.3475887477621,1
time_only,patient_c37c171d859fe24a,S2251247,S2251247,2022-12-06,0,2,0.4966242224136345,3,42,147,0.3475887477621,1
time_only,patient_c37c171d859fe24a,S2302644,S2302644,2023-01-17,0,2,0.4773210155891155,4,42,189,0.3475887477621,1
time_only,patient_c37c171d859fe24a,S2313436,S2313436,2023-03-28,0,2,0.4269304526568082,5,70,259,0.3475887477621,1
time_only,patient_c37c171d859fe24a,S2326329,S2326329,2023-06-20,0,2,0.3882094575649151,6,84,343,0.3475887477621,1
time_only,patient_c78561b4938dbb4c,S2150493,S2150493,2021-11-23,0,2,0.6699652253933683,1,21,21,0.3475887477621,1
time_only,patient_c78561b4938dbb4c,S2209236,S2209236,2022-03-08,0,2,0.4567503866476106,2,105,126,0.3475887477621,1
time_only,patient_c78561b4938dbb4c,S2215450,S2215450,2022-04-19,0,2,0.47334729712301393,3,42,168,0.3475887477621,1
time_only,patient_c78561b4938dbb4c,S2244730,S2244730,2022-10-25,0,2,0.3501126613319906,4,189,357,0.3475887477621,1
time_only,patient_c85fe67257ac09be,S2207349,S2207349,2022-02-22,0,0,0.5032798670922982,1,35,35,0.498671216771712,1
time_only,patient_c85fe67257ac09be,S2210204,S2210204,2022-03-15,0,0,0.5033294089302089,2,21,56,0.498671216771712,1
time_only,patient_c85fe67257ac09be,S2216630,S2216630,2022-04-26,0,0,0.5015097185629892,3,42,98,0.498671216771712,1
time_only,patient_c85fe67257ac09be,S2220918,S2220918,2022-05-24,0,0,0.5012772206771112,4,28,126,0.498671216771712,1
time_only,patient_c85fe67257ac09be,S2227608,S2227608,2022-07-05,0,0,0.5003539071421125,5,42,168,0.498671216771712,1
time_only,patient_c85fe67257ac09be,S2241560,S2241560,2022-10-04,0,0,0.4986148203901419,6,91,259,0.498671216771712,0
time_only,patient_cafa503bd84738e6,S2215449,S2215449,2022-04-19,0,2,0.6699652253933683,1,21,21,0.3475887477621,1
time_only,patient_cafa503bd84738e6,S2219754,S2219754,2022-05-17,0,2,0.602293060775663,2,28,49,0.3475887477621,1
time_only,patient_cafa503bd84738e6,S2224008,S2224008,2022-06-14,0,2,0.5655714354486662,3,28,77,0.3475887477621,1
time_only,patient_cafa503bd84738e6,S2232193,S2232193,2022-08-02,0,2,0.4976305200858847,4,49,126,0.3475887477621,1
time_only,patient_cafa503bd84738e6,S2239525,S2239525,2022-09-20,0,2,0.4623804862791635,5,49,175,0.3475887477621,1
time_only,patient_cafa503bd84738e6,S2253527,S2253527,2022-12-20,0,2,0.3998026741121609,6,91,266,0.3475887477621,1
time_only,patient_cafa503bd84738e6,S2312317,S2312317,2023-03-21,0,2,0.3672376136638435,7,91,357,0.3475887477621,1
time_only,patient_d074d89175786c47,S2231089,S2231089,2022-07-26,0,0,0.5047618366552327,1,21,21,0.498671216771712,1
time_only,patient_d074d89175786c47,S2236496,S2236496,2022-08-30,0,0,0.5025884241487417,2,35,56,0.498671216771712,1
time_only,patient_d074d89175786c47,S2242501,S2242501,2022-10-11,0,0,0.5013112731921057,3,42,98,0.498671216771712,1
time_only,patient_d074d89175786c47,S2250151,S2250151,2022-11-29,0,0,0.5003147818701043,4,49,147,0.498671216771712,1
time_only,patient_d074d89175786c47,S2304564,S2304564,2023-01-31,0,0,0.49930087756250796,5,63,210,0.498671216771712,1
time_only,patient_d074d89175786c47,S2315840,S2315840,2023-04-11,0,0,0.49852302921131253,6,70,280,0.498671216771712,0
time_only,patient_d074d89175786c47,S2327489,S2327489,2023-06-27,0,0,0.4978660585667461,7,77,357,0.498671216771712,0
time_only,patient_d4019523cc8c8335,S2408480,S2408480,2024-02-27,0,2,0.7132212344367057,1,14,14,0.3475887477621,1
time_only,patient_d4019523cc8c8335,S2411030,S2411030,2024-04-02,0,2,0.5888401858780032,2,35,49,0.3475887477621,1
time_only,patient_d4019523cc8c8335,S2419119,S2419119,2024-07-02,0,2,0.45448474432079494,3,91,140,0.3475887477621,1
time_only,patient_d4019523cc8c8335,S2430053,S2430053,2024-10-17,0,2,0.39499366572808015,4,107,247,0.3475887477621,1
time_only,patient_d48fc489086a470f,S2330983,S2330983,2023-07-18,0,1,0.4757739242789131,1,20,20,0.5002432906314561,0
time_only,patient_d48fc489086a470f,S2336496,S2336496,2023-08-22,0,1,0.48695370926018344,2,35,55,0.5002432906314561,0
time_only,patient_d48fc489086a470f,S2343312,S2343312,2023-10-10,0,1,0.49478516586447835,3,49,104,0.5002432906314561,0
time_only,patient_d48fc489086a470f,S2350730,S2350730,2023-11-28,1,1,0.4988255817619632,4,49,153,0.5002432906314561,0
time_only,patient_d48fc489086a470f,S2412714,S2412714,2024-04-23,0,1,0.5124204452267759,4,196,300,0.5002432906314561,1
time_only,patient_d4c07874dec8cc11,S2426614,S2426614,2024-09-10,0,0,0.4994860397356824,1,126,126,0.498671216771712,1
time_only,patient_d4c07874dec8cc11,S2434133,S2434133,2024-11-26,0,0,0.4995064256451762,2,77,203,0.498671216771712,1
time_only,patient_d4c07874dec8cc11,S2505508,S2505508,2025-02-25,0,0,0.49867742187189035,3,91,294,0.498671216771712,1
time_only,patient_d66d976aaae8f399,S2135429,S2135429,2021-08-17,0,0,0.505914287690762,1,14,14,0.498671216771712,1
time_only,patient_d66d976aaae8f399,S2140145,S2140145,2021-09-14,0,0,0.5033378542096728,2,28,42,0.498671216771712,1
time_only,patient_d66d976aaae8f399,S2143764,S2143764,2021-10-11,0,0,0.5024217010188632,3,27,69,0.498671216771712,1
time_only,patient_d66d976aaae8f399,S2202567,S2202567,2022-01-18,0,0,0.4993010124422017,4,99,168,0.498671216771712,1
time_only,patient_d66d976aaae8f399,S2213275,S2213275,2022-04-05,0,0,0.49853380316906043,5,77,245,0.498671216771712,0
time_only,patient_d66d976aaae8f399,S2228788,S2228788,2022-07-12,0,0,0.4976466082860675,6,98,343,0.498671216771712,0
time_only,patient_d772dd268706e1cf,S2150490,S2150490,2021-11-23,0,0,0.4998375371166086,1,112,112,0.498671216771712,1
time_only,patient_d772dd268706e1cf,S2203737,S2203737,2022-01-25,0,0,0.5000262401141882,2,63,175,0.498671216771712,1
time_only,patient_d772dd268706e1cf,S2215453,S2215453,2022-04-19,0,0,0.49901659556969497,3,84,259,0.498671216771712,1
time_only,patient_d7b8077abb2db045,S2512685,S2512685,2025-04-29,0,0,0.505914287690762,1,14,14,0.498671216771712,1
time_only,patient_d7b8077abb2db045,S2520402,S2520402,2025-07-08,0,0,0.5009652306765107,2,70,84,0.498671216771712,1
time_only,patient_d7b8077abb2db045,S2525436,S2525436,2025-08-19,0,0,0.5006895822908827,3,42,126,0.498671216771712,1
time_only,patient_d7b8077abb2db045,S2530981,S2530981,2025-09-30,0,0,0.500238066661257,4,42,168,0.498671216771712,1
time_only,patient_d82abebcfaf082f8,S2407941,S2407941,2024-02-20,0,0,0.5047618366552327,1,21,21,0.498671216771712,1
time_only,patient_d82abebcfaf082f8,S2422844,S2422844,2024-08-06,0,0,0.49844998018972697,2,168,189,0.498671216771712,0
time_only,patient_d8e20f6cc2cd90d6,S2135432,S2135432,2021-08-17,0,0,0.49862621793626405,1,168,168,0.498671216771712,0
time_only,patient_d8e20f6cc2cd90d6,S2142818,S2142818,2021-10-05,0,0,0.5000756670353452,2,49,217,0.498671216771712,1
time_only,patient_dd2e6df63e5c36b4,S2334388,S2334388,2023-08-08,0,1,0.4764577065707534,1,21,21,0.5002432906314561,0
time_only,patient_dd2e6df63e5c36b4,S2338783,S2338783,2023-09-05,0,1,0.4845286056613531,2,28,49,0.5002432906314561,0
time_only,patient_dd2e6df63e5c36b4,S2343311,S2343311,2023-10-10,0,1,0.49074222260310085,3,35,84,0.5002432906314561,0
time_only,patient_dd2e6df63e5c36b4,S2407940,S2407940,2024-02-20,0,1,0.5071242635617559,4,133,217,0.5002432906314561,1
time_only,patient_dd2e6df63e5c36b4,S2421430,S2421430,2024-07-23,0,1,0.5141751374724125,5,154,371,0.5002432906314561,1
time_only,patient_dd7e0e39c92e25b4,S2150494,S2150494,2021-11-23,0,0,0.5027451700203569,1,42,42,0.498671216771712,1
time_only,patient_dd7e0e39c92e25b4,S2154963,S2154963,2021-12-21,0,0,0.5025832861959849,2,28,70,0.498671216771712,1
time_only,patient_dd7e0e39c92e25b4,S2203735,S2203735,2022-01-25,0,0,0.5016194172564287,3,35,105,0.498671216771712,1
time_only,patient_dd7e0e39c92e25b4,S2210200,S2210200,2022-03-15,0,0,0.5004274271474177,4,49,154,0.498671216771712,1
time_only,patient_dd7e0e39c92e25b4,S2229969,S2229969,2022-07-18,0,0,0.4981412651569813,5,125,279,0.498671216771712,0
time_only,patient_dd7e0e39c92e25b4,S2240724,S2240724,2022-09-27,0,0,0.4978647134805158,6,71,350,0.498671216771712,0
time_only,patient_dfafa5c41a0ad944,S2144967,S2144967,2021-10-19,0,0,0.500235586401639,1,98,98,0.498671216771712,1
time_only,patient_dfafa5c41a0ad944,S2209229,S2209229,2022-03-08,0,0,0.49837730644491424,2,140,238,0.498671216771712,0
time_only,patient_e21a88b284b1508e,S2437280,S2437280,2024-12-24,0,2,0.7132212344367057,1,14,14,0.3475887477621,1
time_only,patient_e21a88b284b1508e,S2501777,S2501777,2025-01-17,0,2,0.6272886958168163,2,24,38,0.3475887477621,1
time_only,patient_e430ff1077ac4267,S2421434,S2421434,2024-07-23,0,1,0.4800038254545954,1,27,27,0.5002432906314561,0
time_only,patient_e430ff1077ac4267,S2429064,S2429064,2024-10-08,0,1,0.4972761231735143,2,77,104,0.5002432906314561,0
time_only,patient_e430ff1077ac4267,S2431864,S2431864,2024-11-05,0,1,0.49435781162397047,3,28,132,0.5002432906314561,0
time_only,patient_e430ff1077ac4267,S2436456,S2436456,2024-12-17,1,1,0.49788284915515846,4,42,174,0.5002432906314561,0
time_only,patient_e430ff1077ac4267,S2502092,S2502092,2025-01-21,0,1,0.5030042941766609,4,77,209,0.5002432906314561,1
time_only,patient_e6981a9104ac664d,S2307080,S2307080,2023-02-15,0,2,0.7061719228295709,1,15,15,0.3475887477621,1
time_only,patient_e6981a9104ac664d,S2311238,S2311238,2023-03-14,0,2,0.6141926054207603,2,27,42,0.3475887477621,1
time_only,patient_e6981a9104ac664d,S2323112,S2323112,2023-05-30,0,2,0.4771457259744219,3,77,119,0.3475887477621,1
time_only,patient_e6981a9104ac664d,S2330986,S2330986,2023-07-18,0,2,0.4600645525680572,4,49,168,0.3475887477621,1
time_only,patient_e6981a9104ac664d,S2344461,S2344461,2023-10-17,0,2,0.4019200724084605,5,91,259,0.3475887477621,1
time_only,patient_e6981a9104ac664d,S2402482,S2402482,2024-01-16,0,2,0.3714321844028456,6,91,350,0.3475887477621,1
time_only,patient_e918692d7c80e65c,S2330980,S2330980,2023-07-18,0,0,0.5049018216482729,1,20,20,0.498671216771712,1
time_only,patient_e918692d7c80e65c,S2337812,S2337812,2023-08-30,0,0,0.5021121931512135,2,43,63,0.498671216771712,1
time_only,patient_e918692d7c80e65c,S2342016,S2342016,2023-09-26,0,0,0.5019204435760348,3,27,90,0.498671216771712,1
time_only,patient_e9984333ac68159c,S2232191,S2232191,2022-08-02,0,0,0.5047618366552327,1,21,21,0.498671216771712,1
time_only,patient_e9984333ac68159c,S2236493,S2236493,2022-08-30,0,0,0.5031109155918219,2,28,49,0.498671216771712,1
time_only,patient_e9984333ac68159c,S2247859,S2247859,2022-11-15,0,0,0.5001563627666732,3,77,126,0.498671216771712,1
time_only,patient_e9984333ac68159c,S2313440,S2313440,2023-03-28,0,0,0.49804898622284166,4,133,259,0.498671216771712,0
time_only,patient_ead6420f83248981,S2407939,S2407939,2024-02-20,0,2,0.7206441139357755,1,13,13,0.3475887477621,1
time_only,patient_ead6420f83248981,S2409392,S2409392,2024-03-12,0,2,0.6417108318227969,2,21,34,0.3475887477621,1
time_only,patient_ead6420f83248981,S2412713,S2412713,2024-04-23,0,2,0.5445500503293724,3,42,76,0.3475887477621,1
time_only,patient_f02086679c6d7438,S2508631,S2508631,2025-03-25,0,2,0.7132212344367057,1,14,14,0.3475887477621,1
time_only,patient_f02086679c6d7438,S2511007,S2511007,2025-04-15,0,2,0.6399370507314033,2,21,35,0.3475887477621,1
time_only,patient_f1bc2d6d2b5c3421,S2347457,S2347457,2023-11-07,0,0,0.5047618366552327,1,21,21,0.498671216771712,1
time_only,patient_f1bc2d6d2b5c3421,S2352826,S2352826,2023-12-12,0,0,0.5025884241487417,2,35,56,0.498671216771712,1
time_only,patient_f1bc2d6d2b5c3421,S2403702,S2403702,2024-01-23,0,0,0.5013112731921057,3,42,98,0.498671216771712,1
time_only,patient_f1bc2d6d2b5c3421,S2409928,S2409928,2024-03-19,0,0,0.5000858988948857,4,56,154,0.498671216771712,1
time_only,patient_f1bc2d6d2b5c3421,S2415692,S2415692,2024-05-28,0,0,0.49903460186030835,5,70,224,0.498671216771712,1
time_only,patient_f4a709d12cad57f1,S2253525,S2253525,2022-12-20,0,2,0.7132212344367057,1,14,14,0.3475887477621,1
time_only,patient_f4a709d12cad57f1,S2308044,S2308044,2023-02-21,0,2,0.5223309209229405,2,63,77,0.3475887477621,1
time_only,patient_f4a709d12cad57f1,S2318025,S2318025,2023-04-25,0,2,0.47049766302043033,3,63,140,0.3475887477621,1
time_only,patient_f4a709d12cad57f1,S2333274,S2333274,2023-08-01,0,2,0.4067529695466089,4,98,238,0.3475887477621,1
time_only,patient_f4a709d12cad57f1,S2349547,S2349547,2023-11-21,0,2,0.3658959320627007,5,112,350,0.3475887477621,1
time_only,patient_f73f7e4dab64291c,S2415690,S2415690,2024-05-28,0,0,0.5018969812051851,1,56,56,0.498671216771712,1
time_only,patient_f73f7e4dab64291c,S2419850,S2419850,2024-07-09,0,0,0.501490378210998,2,42,98,0.498671216771712,1
time_only,patient_f73f7e4dab64291c,S2425034,S2425034,2024-08-27,0,0,0.5005910292482448,3,49,147,0.498671216771712,1
time_only,patient_f78d4288245eabd8,S2427695,S2427695,2024-09-24,0,2,0.6699652253933683,1,21,21,0.3475887477621,1
time_only,patient_f78d4288245eabd8,S2436453,S2436453,2024-12-17,0,2,0.48324834652515625,2,84,105,0.3475887477621,1
time_only,patient_f78d4288245eabd8,S2504720,S2504720,2025-02-18,0,2,0.45605839243730834,3,63,168,0.3475887477621,1
time_only,patient_f78d4288245eabd8,S2529112,S2529112,2025-09-16,0,2,0.33838435057426086,4,210,378,0.3475887477621,0
time_only,patient_fc51a062525b3f86,S2130900,S2130900,2021-07-20,0,0,0.4973298349697579,1,259,259,0.498671216771712,0
time_only,patient_fc51a062525b3f86,S2144970,S2144970,2021-10-19,0,0,0.4984415007565112,2,91,350,0.498671216771712,0
time_only,patient_fe8ccc87e7ab7c65,S2210201,S2210201,2022-03-15,0,1,0.46981824990324894,1,13,13,0.5002432906314561,0
time_only,patient_fe8ccc87e7ab7c65,S2215451,S2215451,2022-04-19,0,1,0.4859705560818659,2,35,48,0.5002432906314561,0
time_only,patient_fe8ccc87e7ab7c65,S2226375,S2226375,2022-06-28,0,1,0.49820546037332575,3,70,118,0.5002432906314561,0
time_only,patient_fe8ccc87e7ab7c65,S2233278,S2233278,2022-08-09,0,1,0.49928726817805297,4,42,160,0.5002432906314561,0
time_only,patient_fe8ccc87e7ab7c65,S2247858,S2247858,2022-11-15,0,1,0.5073847237438821,5,98,258,0.5002432906314561,1
time_only,patient_fe8ccc87e7ab7c65,S2308039,S2308039,2023-02-21,0,1,0.5114510690897142,6,98,356,0.5002432906314561,1
image_only,patient_005b214a5e658965,S2149398,S2149398,2021-11-16,0,1,0.16066760318469872,1,91,91,0.5493099703071872,0
image_only,patient_0349492572c92ab0,S2332143,S2332143,2023-07-25,0,2,0.17350240491249433,1,14,14,0.8934278074499993,0
image_only,patient_0349492572c92ab0,S2342914,S2342914,2023-10-05,0,2,0.1599615645490884,2,72,86,0.8934278074499993,0
image_only,patient_0941abb556cbec79,S2309075,S2309075,2023-02-28,0,1,0.07531357593655003,1,14,14,0.5493099703071872,0
image_only,patient_0941abb556cbec79,S2313664,S2313664,2023-03-29,0,1,0.12083524577815496,2,29,43,0.5493099703071872,0
image_only,patient_0941abb556cbec79,S2319879,S2319879,2023-05-09,0,1,0.10234041232752576,3,41,84,0.5493099703071872,0
image_only,patient_0941abb556cbec79,S2334389,S2334389,2023-08-08,0,1,0.11542641210534192,4,91,175,0.5493099703071872,0
image_only,patient_0941abb556cbec79,S2347458,S2347458,2023-11-07,0,1,0.10827002938530114,5,91,266,0.5493099703071872,0
image_only,patient_0941abb556cbec79,S2406040,S2406040,2024-02-06,0,1,0.11016908239777973,6,91,357,0.5493099703071872,0
image_only,patient_0cf9d90c530cbd0b,S2135431,S2135431,2021-08-17,0,1,0.1777741843655289,1,36,36,0.5493099703071872,0
image_only,patient_0cf9d90c530cbd0b,S2141805,S2141805,2021-09-28,0,1,0.415839655179452,2,42,78,0.5493099703071872,0
image_only,patient_0cf9d90c530cbd0b,S2149394,S2149394,2021-11-16,0,1,0.5089586693002799,3,49,127,0.5493099703071872,0
image_only,patient_0cf9d90c530cbd0b,S2156022,S2156022,2021-12-28,0,1,0.4872243593587447,4,42,169,0.5493099703071872,0
image_only,patient_0cf9d90c530cbd0b,S2210199,S2210199,2022-03-15,0,1,0.4171641098862229,5,77,246,0.5493099703071872,0
image_only,patient_0cf9d90c530cbd0b,S2224007,S2224007,2022-06-14,0,1,0.4008505694675785,6,91,337,0.5493099703071872,0
image_only,patient_110e1e825f43e305,S2318026,S2318026,2023-04-25,0,2,0.6642099462955259,1,21,21,0.8934278074499993,0
image_only,patient_110e1e825f43e305,S2327486,S2327486,2023-06-27,0,2,0.530579723338373,2,63,84,0.8934278074499993,0
image_only,patient_110e1e825f43e305,S2334385,S2334385,2023-08-08,0,2,0.4349043861394552,3,42,126,0.8934278074499993,0
image_only,patient_110e1e825f43e305,S2340935,S2340935,2023-09-19,0,2,0.35619998103879696,4,42,168,0.8934278074499993,0
image_only,patient_110e1e825f43e305,S2353996,S2353996,2023-12-19,0,2,0.3182703138662244,5,91,259,0.8934278074499993,0
image_only,patient_110e1e825f43e305,S2410453,S2410453,2024-03-26,0,2,0.3502067513123521,6,98,357,0.8934278074499993,0
image_only,patient_19d05fccc0aac48d,S2028920,S2028920,2020-07-21,1,1,0.31549737039091524,1,14,14,0.5493099703071872,0
image_only,patient_1bb6673f07107d9c,S2231091,S2231091,2022-07-26,0,2,0.5032445303703083,1,14,14,0.8934278074499993,0
image_only,patient_1bb6673f07107d9c,S2234199,S2234199,2022-08-16,0,2,0.3702858052222522,2,21,35,0.8934278074499993,0
image_only,patient_1bb6673f07107d9c,S2240726,S2240726,2022-09-27,0,2,0.36821491932125383,3,42,77,0.8934278074499993,0
image_only,patient_1bb6673f07107d9c,S2311236,S2311236,2023-03-14,0,2,0.4116682208533081,4,168,245,0.8934278074499993,0
image_only,patient_1d9bc9798ff5fad2,S2434915,S2434915,2024-12-03,0,2,0.34831036048167935,1,56,56,0.8934278074499993,0
image_only,patient_1d9bc9798ff5fad2,S2501300,S2501300,2025-01-14,0,2,0.49811454178417325,2,42,98,0.8934278074499993,0
image_only,patient_1d9bc9798ff5fad2,S2505507,S2505507,2025-02-25,0,2,0.444484760222875,3,42,140,0.8934278074499993,0
image_only,patient_1d9bc9798ff5fad2,S2516971,S2516971,2025-06-10,0,2,0.36916445969350414,4,105,245,0.8934278074499993,0
image_only,patient_1d9bc9798ff5fad2,S2528218,S2528218,2025-09-09,0,2,0.33697262392642213,5,91,336,0.8934278074499993,0
image_only,patient_1db7fb03763dab37,S2420601,S2420601,2024-07-16,0,1,0.15132053140070717,1,35,35,0.5493099703071872,0
image_only,patient_1db7fb03763dab37,S2423618,S2423618,2024-08-13,0,1,0.13173798797631087,2,28,63,0.5493099703071872,0
image_only,patient_1db7fb03763dab37,S2429063,S2429063,2024-10-08,0,1,0.11691930366185609,3,56,119,0.5493099703071872,0
image_only,patient_1db7fb03763dab37,S2433341,S2433341,2024-11-19,0,1,0.09933518059053731,4,42,161,0.5493099703071872,0
image_only,patient_1db7fb03763dab37,S2513847,S2513847,2025-05-13,0,1,0.09425480847744587,5,175,336,0.5493099703071872,0
image_only,patient_1f1d5d53d578938e,S2434919,S2434919,2024-12-03,0,1,0.010691575478077532,1,14,14,0.5493099703071872,0
image_only,patient_1f1d5d53d578938e,S2500522,S2500522,2025-01-07,0,1,0.01472317307024508,2,35,49,0.5493099703071872,0
image_only,patient_1f1d5d53d578938e,S2503983,S2503983,2025-02-11,0,1,0.020330254433597688,3,35,84,0.5493099703071872,0
image_only,patient_1f1d5d53d578938e,S2507799,S2507799,2025-03-18,0,1,0.06581189521232297,4,35,119,0.5493099703071872,0
image_only,patient_1f1d5d53d578938e,S2511859,S2511859,2025-04-22,0,1,0.06098621138350555,5,35,154,0.5493099703071872,0
image_only,patient_1f1d5d53d578938e,S2522980,S2522980,2025-07-29,0,1,0.051544182598679954,6,98,252,0.5493099703071872,0
image_only,patient_228507d0242d624c,S2225225,S2225225,2022-06-21,0,0,0.7799355396080213,1,21,21,0.6926978030592288,1
image_only,patient_228507d0242d624c,S2232192,S2232192,2022-08-02,0,0,0.652418577521027,2,42,63,0.6926978030592288,0
image_only,patient_228507d0242d624c,S2241562,S2241562,2022-10-04,0,0,0.5694607477163881,3,63,126,0.6926978030592288,0
image_only,patient_228507d0242d624c,S2247860,S2247860,2022-11-15,1,0,0.5117668416348421,4,42,168,0.6926978030592288,0
image_only,patient_228507d0242d624c,S2252333,S2252333,2022-12-13,0,0,0.5117668416348421,4,70,196,0.6926978030592288,0
image_only,patient_228507d0242d624c,S2306847,S2306847,2023-02-14,0,0,0.5117668416348421,4,133,259,0.6926978030592288,0
image_only,patient_228507d0242d624c,S2320993,S2320993,2023-05-16,1,0,0.5117668416348421,4,224,350,0.6926978030592288,0
image_only,patient_23ee3df4f656b033,S2202563,S2202563,2022-01-18,0,1,0.04581354375113046,1,29,29,0.5493099703071872,0
image_only,patient_23ee3df4f656b033,S2207352,S2207352,2022-02-22,0,1,0.041433220610713875,2,35,64,0.5493099703071872,0
image_only,patient_23ee3df4f656b033,S2213276,S2213276,2022-04-05,0,1,0.06637177632643494,3,42,106,0.5493099703071872,0
image_only,patient_23ee3df4f656b033,S2222064,S2222064,2022-05-31,0,1,0.061480563728592855,4,56,162,0.5493099703071872,0
image_only,patient_23ee3df4f656b033,S2234198,S2234198,2022-08-16,0,1,0.14675600676449332,5,77,239,0.5493099703071872,0
image_only,patient_23ee3df4f656b033,S2248986,S2248986,2022-11-22,0,1,0.15277286973526014,6,98,337,0.5493099703071872,0
image_only,patient_26f6ecd90ed41f9d,S2243826,S2243826,2022-10-19,0,1,0.20829936955643924,1,106,106,0.5493099703071872,0
image_only,patient_26f6ecd90ed41f9d,S2302643,S2302643,2023-01-17,0,1,0.36744113986535337,2,90,196,0.5493099703071872,0
image_only,patient_26f6ecd90ed41f9d,S2310080,S2310080,2023-03-07,0,1,0.33379721956421293,3,49,245,0.5493099703071872,0
image_only,patient_26f6ecd90ed41f9d,S2323107,S2323107,2023-05-30,0,1,0.3894637120802348,4,84,329,0.5493099703071872,0
image_only,patient_2999b7afa4f16b6d,S2130897,S2130897,2021-07-20,0,1,0.3523942646964741,1,140,140,0.5493099703071872,0
image_only,patient_2999b7afa4f16b6d,S2143767,S2143767,2021-10-12,0,1,0.4454595528212245,2,84,224,0.5493099703071872,0
image_only,patient_29c1ec61f11c3c6d,S2142821,S2142821,2021-10-05,0,2,0.17116480394874242,1,63,63,0.8934278074499993,0
image_only,patient_29c1ec61f11c3c6d,S2156020,S2156020,2021-12-28,0,2,0.38278332799038456,2,84,147,0.8934278074499993,0
image_only,patient_29c1ec61f11c3c6d,S2210205,S2210205,2022-03-15,0,2,0.4405728383790037,3,77,224,0.8934278074499993,0
image_only,patient_2b3a49d49419f139,S2142820,S2142820,2021-10-05,0,0,0.3873643418398665,1,63,63,0.6926978030592288,0
image_only,patient_2b3a49d49419f139,S2154959,S2154959,2021-12-21,0,0,0.44884920862798194,2,77,140,0.6926978030592288,0
image_only,patient_2b3a49d49419f139,S2209237,S2209237,2022-03-08,0,0,0.4679501473963697,3,77,217,0.6926978030592288,0
image_only,patient_2c0945e38263a664,S2235318,S2235318,2022-08-23,0,0,0.5177488807268824,1,14,14,0.6926978030592288,0
image_only,patient_2c0945e38263a664,S2246785,S2246785,2022-11-08,0,0,0.4443947890982155,2,77,91,0.6926978030592288,0
image_only,patient_2c0945e38263a664,S2254659,S2254659,2022-12-27,0,0,0.43052673602591635,3,49,140,0.6926978030592288,0
image_only,patient_2c0945e38263a664,S2308045,S2308045,2023-02-21,0,0,0.4151697644702087,4,56,196,0.6926978030592288,0
image_only,patient_2c0945e38263a664,S2318956,S2318956,2023-05-02,1,0,0.41952191984810244,5,70,266,0.6926978030592288,0
image_only,patient_2c0945e38263a664,S2332142,S2332142,2023-07-25,0,0,0.41952191984810244,5,154,350,0.6926978030592288,0
image_only,patient_2e5d461d7873e6f4,S2130898,S2130898,2021-07-19,0,2,0.037383880879193775,1,272,272,0.8934278074499993,0
image_only,patient_2e5d461d7873e6f4,S2142815,S2142815,2021-10-05,0,2,0.11524365806468777,2,78,350,0.8934278074499993,0
image_only,patient_2e5d461d7873e6f4,S2244727,S2244727,2022-10-25,1,2,0.10675483608964131,3,385,735,0.8934278074499993,0
image_only,patient_2e5d461d7873e6f4,S2253528,S2253528,2022-12-20,0,2,0.10675483608964131,3,441,791,0.8934278074499993,0
image_only,patient_2e5d461d7873e6f4,S2311235,S2311235,2023-03-14,0,2,0.10675483608964131,3,525,875,0.8934278074499993,0
image_only,patient_30b34f698447ae86,S2206288,S2206288,2022-02-15,0,1,0.03142102313969322,1,28,28,0.5493099703071872,0
image_only,patient_30b34f698447ae86,S2209232,S2209232,2022-03-08,0,1,0.059023548772154676,2,21,49,0.5493099703071872,0
image_only,patient_30b34f698447ae86,S2214324,S2214324,2022-04-12,0,1,0.09004753868642679,3,35,84,0.5493099703071872,0
image_only,patient_30b34f698447ae86,S2220927,S2220927,2022-05-24,0,1,0.07812971909402308,4,42,126,0.5493099703071872,0
image_only,patient_30b34f698447ae86,S2227621,S2227621,2022-07-05,0,1,0.10233332146368354,5,42,168,0.5493099703071872,0
image_only,patient_30b34f698447ae86,S2241564,S2241564,2022-10-04,0,1,0.08969533909470313,6,91,259,0.5493099703071872,0
image_only,patient_30b34f698447ae86,S2300331,S2300331,2023-01-03,0,1,0.09015299623850506,7,91,350,0.5493099703071872,0
image_only,patient_30b34f698447ae86,S2326330,S2326330,2023-06-20,0,1,0.08327594409352954,8,168,518,0.5493099703071872,0
image_only,patient_33180b505ac426fd,S2501301,S2501301,2025-01-14,0,2,0.5301799428781625,1,47,47,0.8934278074499993,0
image_only,patient_33180b505ac426fd,S2503128,S2503128,2025-02-04,0,2,0.41265586769135526,2,21,68,0.8934278074499993,0
image_only,patient_33180b505ac426fd,S2511008,S2511008,2025-04-15,0,2,0.49720324430212526,3,70,138,0.8934278074499993,0
image_only,patient_33180b505ac426fd,S2515598,S2515598,2025-05-27,0,2,0.5032673831301719,4,42,180,0.8934278074499993,0
image_only,patient_33180b505ac426fd,S2521240,S2521240,2025-07-15,0,2,0.496985306789982,5,49,229,0.8934278074499993,0
image_only,patient_331a649dfec3ede4,S2140144,S2140144,2021-09-14,0,0,0.6599092311870426,1,63,63,0.6926978030592288,0
image_only,patient_331a649dfec3ede4,S2210207,S2210207,2022-03-15,0,0,0.5768651749786762,2,182,245,0.6926978030592288,0
image_only,patient_37a67c1ae4e8ad43,S2251252,S2251252,2022-12-06,0,0,0.3369643650623447,1,35,35,0.6926978030592288,0
image_only,patient_37a67c1ae4e8ad43,S2300360,S2300360,2023-01-03,0,0,0.32829714445871794,2,28,63,0.6926978030592288,0
image_only,patient_37a67c1ae4e8ad43,S2304560,S2304560,2023-01-31,0,0,0.349422008079086,3,28,91,0.6926978030592288,0
image_only,patient_37a67c1ae4e8ad43,S2314588,S2314588,2023-04-04,0,0,0.37134537617635094,4,63,154,0.6926978030592288,0
image_only,patient_37a67c1ae4e8ad43,S2328623,S2328623,2023-07-04,0,0,0.3997088445282947,5,91,245,0.6926978030592288,0
image_only,patient_37a67c1ae4e8ad43,S2346543,S2346543,2023-10-31,0,0,0.3948861381787789,6,119,364,0.6926978030592288,0
image_only,patient_37a67c1ae4e8ad43,S2408481,S2408481,2024-02-27,0,0,0.36540796269297077,7,119,483,0.6926978030592288,0
image_only,patient_3840f67f21017b79,S2225223,S2225223,2022-06-21,0,2,0.5512183656799211,1,14,14,0.8934278074499993,0
image_only,patient_3840f67f21017b79,S2229971,S2229971,2022-07-19,0,2,0.4963195064115673,2,28,42,0.8934278074499993,0
image_only,patient_3840f67f21017b79,S2235317,S2235317,2022-08-23,0,2,0.49233258383904493,3,35,77,0.8934278074499993,0
image_only,patient_3840f67f21017b79,S2241563,S2241563,2022-10-04,0,2,0.5490589797646499,4,42,119,0.8934278074499993,0
image_only,patient_3840f67f21017b79,S2250152,S2250152,2022-11-29,0,2,0.5699374992977103,5,56,175,0.8934278074499993,0
image_only,patient_3840f67f21017b79,S2308042,S2308042,2023-02-21,0,2,0.5916272866820811,6,84,259,0.8934278074499993,0
image_only,patient_3840f67f21017b79,S2323102,S2323102,2023-05-30,0,2,0.5669857173300554,7,98,357,0.8934278074499993,0
image_only,patient_3b33f0c3a0f54d90,S2047227,S2047227,2020-11-27,1,2,0.11353861899849121,1,108,108,0.8934278074499993,0
image_only,patient_3fc4b14a03335d7f,S2203739,S2203739,2022-01-25,0,2,0.48680816856798204,1,7,7,0.8934278074499993,0
image_only,patient_3fc4b14a03335d7f,S2206286,S2206286,2022-02-15,0,2,0.4539399668371757,2,21,28,0.8934278074499993,0
image_only,patient_3fc4b14a03335d7f,S2212215,S2212215,2022-03-29,0,2,0.3757316515559963,3,42,70,0.8934278074499993,0
image_only,patient_3fc4b14a03335d7f,S2217673,S2217673,2022-05-03,0,2,0.4677518379533012,4,35,105,0.8934278074499993,0
image_only,patient_3fc4b14a03335d7f,S2225224,S2225224,2022-06-21,0,2,0.50564843068746,5,49,154,0.8934278074499993,0
image_only,patient_3fc4b14a03335d7f,S2240720,S2240720,2022-09-27,0,2,0.49362368953010005,6,98,252,0.8934278074499993,0
image_only,patient_441646021a546773,S2210206,S2210206,2022-03-15,0,1,0.1764428774499105,1,13,13,0.5493099703071872,0
image_only,patient_441646021a546773,S2215454,S2215454,2022-04-19,0,1,0.17426694548837302,2,35,48,0.5493099703071872,0
image_only,patient_441646021a546773,S2219753,S2219753,2022-05-17,0,1,0.11978129227645327,3,28,76,0.5493099703071872,0
image_only,patient_441646021a546773,S2226370,S2226370,2022-06-28,0,1,0.11565867002665994,4,42,118,0.5493099703071872,0
image_only,patient_441646021a546773,S2235315,S2235315,2022-08-23,0,1,0.09553177928445744,5,56,174,0.5493099703071872,0
image_only,patient_441646021a546773,S2248988,S2248988,2022-11-22,0,1,0.08379052342898798,6,91,265,0.5493099703071872,0
image_only,patient_441646021a546773,S2306850,S2306850,2023-02-14,0,1,0.09283717249385193,7,84,349,0.5493099703071872,0
image_only,patient_441646021a546773,S2322861,S2322861,2023-05-26,0,1,0.1337780638945686,8,101,450,0.5493099703071872,0
image_only,patient_4610d334819bbd61,S2509420,S2509420,2025-04-01,0,0,0.2602379037847378,1,21,21,0.6926978030592288,0
image_only,patient_4610d334819bbd61,S2513846,S2513846,2025-05-13,0,0,0.3209486124033122,2,42,63,0.6926978030592288,0
image_only,patient_46cfa1714c823433,S2353999,S2353999,2023-12-19,0,2,0.14720586666484162,1,21,21,0.8934278074499993,0
image_only,patient_46cfa1714c823433,S2414957,S2414957,2024-05-21,0,2,0.2723102975720791,2,154,175,0.8934278074499993,0
image_only,patient_46cfa1714c823433,S2423619,S2423619,2024-08-13,0,2,0.2991265163554883,3,84,259,0.8934278074499993,0
image_only,patient_4a2bd6cb3f9d710c,S2310074,S2310074,2023-03-07,0,1,0.4128129578438161,1,21,21,0.5493099703071872,0
image_only,patient_4a2bd6cb3f9d710c,S2315838,S2315838,2023-04-11,0,1,0.2479905779614725,2,35,56,0.5493099703071872,0
image_only,patient_4a2bd6cb3f9d710c,S2323104,S2323104,2023-05-30,0,1,0.19274032470668676,3,49,105,0.5493099703071872,0
image_only,patient_4a2bd6cb3f9d710c,S2406755,S2406755,2024-02-13,0,1,0.15628482493347554,4,259,364,0.5493099703071872,0
image_only,patient_4a9f4346155f3b62,S2216629,S2216629,2022-04-25,0,0,0.4800107507047407,1,13,13,0.6926978030592288,0
image_only,patient_4a9f4346155f3b62,S2222063,S2222063,2022-05-31,0,0,0.6199122036431094,2,36,49,0.6926978030592288,0
image_only,patient_4a9f4346155f3b62,S2235319,S2235319,2022-08-23,1,0,0.6985297136948699,3,84,133,0.6926978030592288,1
image_only,patient_4a9f4346155f3b62,S2242499,S2242499,2022-10-11,0,0,0.6985297136948699,3,133,182,0.6926978030592288,1
image_only,patient_4a9f4346155f3b62,S2312318,S2312318,2023-03-21,0,0,0.6985297136948699,3,294,343,0.6926978030592288,1
image_only,patient_4ab30837cfd3692a,S2417717,S2417717,2024-06-18,0,1,0.03700459140588688,1,21,21,0.5493099703071872,0
image_only,patient_4ab30837cfd3692a,S2433346,S2433346,2024-11-19,0,1,0.25833847904229823,2,154,175,0.5493099703071872,0
image_only,patient_4ab30837cfd3692a,S2505506,S2505506,2025-02-25,0,1,0.19927751141428954,3,98,273,0.5493099703071872,0
image_only,patient_4af3110fd801b611,S2353995,S2353995,2023-12-19,0,1,0.004490343853884263,1,56,56,0.5493099703071872,0
image_only,patient_4af3110fd801b611,S2402481,S2402481,2024-01-16,0,1,0.016800793422486922,2,28,84,0.5493099703071872,0
image_only,patient_4af3110fd801b611,S2408486,S2408486,2024-02-27,0,1,0.012621150405361959,3,42,126,0.5493099703071872,0
image_only,patient_4af3110fd801b611,S2412060,S2412060,2024-04-16,0,1,0.012495338177182862,4,49,175,0.5493099703071872,0
image_only,patient_4af3110fd801b611,S2420602,S2420602,2024-07-16,0,1,0.01744219788832851,5,91,266,0.5493099703071872,0
image_only,patient_4af3110fd801b611,S2429676,S2429676,2024-10-15,0,1,0.016568932576783206,6,91,357,0.5493099703071872,0
image_only,patient_4cb9dbad2d74486f,S2151616,S2151616,2021-11-30,0,1,0.22861113060458618,1,14,14,0.5493099703071872,0
image_only,patient_4cb9dbad2d74486f,S2211181,S2211181,2022-03-22,0,1,0.18441885155766485,2,112,126,0.5493099703071872,0
image_only,patient_4cb9dbad2d74486f,S2226371,S2226371,2022-06-28,0,1,0.2600650159486442,3,98,224,0.5493099703071872,0
image_only,patient_4cb9dbad2d74486f,S2239521,S2239521,2022-09-20,0,1,0.19818092833761494,4,84,308,0.5493099703071872,0
image_only,patient_503148ddee5b72e0,S2237601,S2237601,2022-09-06,0,2,0.6991300229332377,1,53,53,0.8934278074499993,0
image_only,patient_503148ddee5b72e0,S2312320,S2312320,2023-03-21,0,2,0.5662475090296875,2,196,249,0.8934278074499993,0
image_only,patient_503148ddee5b72e0,S2327485,S2327485,2023-06-27,0,2,0.4250491365984494,3,98,347,0.8934278074499993,0
image_only,patient_5a68de4c65c56662,S2238299,S2238299,2022-09-13,0,2,0.31369235636768317,1,20,20,0.8934278074499993,0
image_only,patient_5a68de4c65c56662,S2242500,S2242500,2022-10-11,0,2,0.4756848199097162,2,28,48,0.8934278074499993,0
image_only,patient_5a68de4c65c56662,S2246786,S2246786,2022-11-08,0,2,0.4860475743110864,3,28,76,0.8934278074499993,0
image_only,patient_5a68de4c65c56662,S2254886,S2254886,2022-12-28,0,2,0.4017546367186859,4,50,126,0.8934278074499993,0
image_only,patient_5ad31502c2708b1a,S2338781,S2338781,2023-09-05,0,1,0.03377676769167268,1,28,28,0.5493099703071872,0
image_only,patient_5ad31502c2708b1a,S2342677,S2342677,2023-10-04,0,1,0.023907727741501288,2,29,57,0.5493099703071872,0
image_only,patient_5d35983cfd191fff,S2144969,S2144969,2021-10-19,0,1,0.0766985124283139,1,42,42,0.5493099703071872,0
image_only,patient_5d35983cfd191fff,S2205211,S2205211,2022-02-08,0,1,0.05155126024029107,2,112,154,0.5493099703071872,0
image_only,patient_5d35983cfd191fff,S2216605,S2216605,2022-04-26,0,1,0.25990688226876496,3,77,231,0.5493099703071872,0
image_only,patient_5ee21afd8d2dea4c,S2318954,S2318954,2023-05-02,0,1,0.3368120795259884,1,21,21,0.5493099703071872,0
image_only,patient_5ee21afd8d2dea4c,S2325144,S2325144,2023-06-13,0,1,0.40319652198637224,2,42,63,0.5493099703071872,0
image_only,patient_5ee21afd8d2dea4c,S2330988,S2330988,2023-07-18,0,1,0.3025242261128374,3,35,98,0.5493099703071872,0
image_only,patient_5ee21afd8d2dea4c,S2338782,S2338782,2023-09-05,0,1,0.2408469491240659,4,49,147,0.5493099703071872,0
image_only,patient_5ee21afd8d2dea4c,S2408854,S2408854,2024-03-05,0,1,0.19366548085402252,5,182,329,0.5493099703071872,0
image_only,patient_61128f527d32178f,S2144966,S2144966,2021-10-19,0,1,0.012502208440256136,1,84,84,0.5493099703071872,0
image_only,patient_69d6941869afda05,S2210209,S2210209,2022-03-15,1,2,0.5762661983658385,1,28,28,0.8934278074499993,0
image_only,patient_69d6941869afda05,S2214323,S2214323,2022-04-12,0,2,0.5762661983658385,1,56,56,0.8934278074499993,0
image_only,patient_69d6941869afda05,S2219751,S2219751,2022-05-17,0,2,0.5762661983658385,1,91,91,0.8934278074499993,0
image_only,patient_69d6941869afda05,S2224010,S2224010,2022-06-14,0,2,0.5762661983658385,1,119,119,0.8934278074499993,0
image_only,patient_69d6941869afda05,S2232194,S2232194,2022-08-02,0,2,0.5762661983658385,1,168,168,0.8934278074499993,0
image_only,patient_69d6941869afda05,S2241565,S2241565,2022-10-04,0,2,0.5762661983658385,1,231,231,0.8934278074499993,0
image_only,patient_69d6941869afda05,S2253524,S2253524,2022-12-20,0,2,0.5762661983658385,1,308,308,0.8934278074499993,0
image_only,patient_6d8c27caf7586f64,S2326332,S2326332,2023-06-20,0,0,0.6233316165303111,1,21,21,0.6926978030592288,0
image_only,patient_6d8c27caf7586f64,S2330982,S2330982,2023-07-18,0,0,0.5214186197349944,2,28,49,0.6926978030592288,0
image_only,patient_6e23f91caa098b84,S2422139,S2422139,2024-07-30,0,1,0.10313975062346172,1,21,21,0.5493099703071872,0
image_only,patient_6e23f91caa098b84,S2427693,S2427693,2024-09-24,0,1,0.05620089567763885,2,56,77,0.5493099703071872,0
image_only,patient_6e23f91caa098b84,S2433342,S2433342,2024-11-19,0,1,0.06412943475480518,3,56,133,0.5493099703071872,0
image_only,patient_6e23f91caa098b84,S2437880,S2437880,2024-12-31,0,1,0.06602792266840882,4,42,175,0.5493099703071872,0
image_only,patient_6e23f91caa098b84,S2506961,S2506961,2025-03-11,0,1,0.06158225537239528,5,70,245,0.5493099703071872,0
image_only,patient_6e852ae1e67cc6a5,S2522994,S2522994,2025-07-29,0,2,0.060458020070287534,1,14,14,0.8934278074499993,0
image_only,patient_6e852ae1e67cc6a5,S2526362,S2526362,2025-08-26,0,2,0.0925550995854757,2,28,42,0.8934278074499993,0
image_only,patient_6e852ae1e67cc6a5,S2530049,S2530049,2025-09-23,0,2,0.06572669654604336,3,28,70,0.8934278074499993,0
image_only,patient_70289ea84b1dd193,S2511006,S2511006,2025-04-15,0,1,0.027052518041628365,1,21,21,0.5493099703071872,0
image_only,patient_70289ea84b1dd193,S2513848,S2513848,2025-05-13,0,1,0.024487915218227074,2,28,49,0.5493099703071872,0
image_only,patient_70289ea84b1dd193,S2524760,S2524760,2025-08-12,0,1,0.05426371231519141,3,91,140,0.5493099703071872,0
image_only,patient_70289ea84b1dd193,S2531989,S2531989,2025-10-14,0,1,0.04615499320201976,4,63,203,0.5493099703071872,0
image_only,patient_71270218daad69ca,S2334411,S2334411,2023-08-08,0,1,0.01987653925632625,1,427,427,0.5493099703071872,0
image_only,patient_718a20df543bc4dd,S2410460,S2410460,2024-03-26,0,0,0.6429717722409412,1,14,14,0.6926978030592288,0
image_only,patient_718a20df543bc4dd,S2412725,S2412725,2024-04-23,0,0,0.5271090739681167,2,28,42,0.6926978030592288,0
image_only,patient_718a20df543bc4dd,S2415070,S2415070,2024-05-22,0,0,0.5212158413137233,3,29,71,0.6926978030592288,0
image_only,patient_718a20df543bc4dd,S2424259,S2424259,2024-08-20,0,0,0.49459013766692156,4,90,161,0.6926978030592288,0
image_only,patient_718a20df543bc4dd,S2504721,S2504721,2025-02-18,0,0,0.5110848081959162,5,182,343,0.6926978030592288,0
image_only,patient_71a52624c9074da6,S2325142,S2325142,2023-06-13,0,2,0.06690573048018922,1,27,27,0.8934278074499993,0
image_only,patient_71a52624c9074da6,S2330985,S2330985,2023-07-18,0,2,0.1662478573824469,2,35,62,0.8934278074499993,0
image_only,patient_71a52624c9074da6,S2336494,S2336494,2023-08-22,0,2,0.20331627803577054,3,35,97,0.8934278074499993,0
image_only,patient_71a52624c9074da6,S2344458,S2344458,2023-10-17,0,2,0.25210275818895056,4,56,153,0.8934278074499993,0
image_only,patient_71a52624c9074da6,S2352827,S2352827,2023-12-12,0,2,0.31946726769769435,5,56,209,0.8934278074499993,0
image_only,patient_780d5b318208b01a,S2406753,S2406753,2024-02-13,0,2,0.5687450010330505,1,154,154,0.8934278074499993,0
image_only,patient_780d5b318208b01a,S2423616,S2423616,2024-08-13,0,2,0.4315084893396447,2,182,336,0.8934278074499993,0
image_only,patient_78e356d1740b4e11,S2229536,S2229536,2022-07-15,0,0,0.5358709053337561,1,234,234,0.6926978030592288,0
image_only,patient_79f0ef3e7f376fdb,S2406038,S2406038,2024-02-06,0,2,0.16241859209209308,1,60,60,0.8934278074499993,0
image_only,patient_79f0ef3e7f376fdb,S2409390,S2409390,2024-03-12,0,2,0.3066555696185259,2,35,95,0.8934278074499993,0
image_only,patient_79f0ef3e7f376fdb,S2413768,S2413768,2024-05-07,0,2,0.26995539675205954,3,56,151,0.8934278074499993,0
image_only,patient_79f0ef3e7f376fdb,S2431862,S2431862,2024-11-05,0,2,0.35880114054061596,4,182,333,0.8934278074499993,0
image_only,patient_7b8c5e3e158230df,S2424255,S2424255,2024-08-20,0,1,0.020837252942710594,1,28,28,0.5493099703071872,0
image_only,patient_7b8c5e3e158230df,S2426615,S2426615,2024-09-10,0,1,0.1308735289606385,2,21,49,0.5493099703071872,0
image_only,patient_7d29fcd258114554,S2143769,S2143769,2021-10-12,0,0,0.6406438167546331,1,14,14,0.6926978030592288,0
image_only,patient_7d29fcd258114554,S2149396,S2149396,2021-11-16,0,0,0.5648138953281867,2,35,49,0.6926978030592288,0
image_only,patient_7d29fcd258114554,S2154957,S2154957,2021-12-21,0,0,0.5371074248310722,3,35,84,0.6926978030592288,0
image_only,patient_7d29fcd258114554,S2203734,S2203734,2022-01-25,0,0,0.5450266494089236,4,35,119,0.6926978030592288,0
image_only,patient_7d29fcd258114554,S2210203,S2210203,2022-03-15,0,0,0.5277869895348539,5,49,168,0.6926978030592288,0
image_only,patient_7d29fcd258114554,S2239522,S2239522,2022-09-20,0,0,0.5355575200181205,6,189,357,0.6926978030592288,0
image_only,patient_7ea5ec2f6c847fc5,S2148219,S2148219,2021-11-08,0,1,0.10028626339586524,1,76,76,0.5493099703071872,0
image_only,patient_7ea5ec2f6c847fc5,S2207353,S2207353,2022-02-22,0,1,0.13105361071400917,2,106,182,0.5493099703071872,0
image_only,patient_7fb8c2b1e117173f,S2533022,S2533022,2025-10-21,0,0,0.5436490185742525,1,28,28,0.6926978030592288,0
image_only,patient_88518ae12a01280d,S2530991,S2530991,2025-09-30,0,2,0.04299750736542942,1,28,28,0.8934278074499993,0
image_only,patient_88518ae12a01280d,S2535840,S2535840,2025-11-11,0,2,0.09615140421981005,2,42,70,0.8934278074499993,0
image_only,patient_886cef649f01f586,S2200309,S2200309,2022-01-04,0,0,0.8625147014739225,1,350,350,0.6926978030592288,1
image_only,patient_895c9f3c4b1870d6,S2128633,S2128633,2021-07-06,1,0,0.6888652493988736,1,133,133,0.6926978030592288,0
image_only,patient_895c9f3c4b1870d6,S2134279,S2134279,2021-08-10,1,0,0.6888652493988736,1,168,168,0.6926978030592288,0
image_only,patient_895c9f3c4b1870d6,S2141807,S2141807,2021-09-28,0,0,0.6888652493988736,1,217,217,0.6926978030592288,0
image_only,patient_895c9f3c4b1870d6,S2148221,S2148221,2021-11-09,1,0,0.6888652493988736,1,259,259,0.6926978030592288,0
image_only,patient_895c9f3c4b1870d6,S2205208,S2205208,2022-02-08,0,0,0.6888652493988736,1,350,350,0.6926978030592288,0
image_only,patient_897fc368fe7593b2,S2410451,S2410451,2024-03-26,0,2,0.357383007721308,1,14,14,0.8934278074499993,0
image_only,patient_897fc368fe7593b2,S2413342,S2413342,2024-04-30,0,2,0.37017974151456173,2,35,49,0.8934278074499993,0
image_only,patient_897fc368fe7593b2,S2414955,S2414955,2024-05-21,0,2,0.45839022881467245,3,21,70,0.8934278074499993,0
image_only,patient_897fc368fe7593b2,S2419848,S2419848,2024-07-08,0,2,0.47164106054834065,4,48,118,0.8934278074499993,0
image_only,patient_897fc368fe7593b2,S2424250,S2424250,2024-08-20,0,2,0.46501745501558817,5,43,161,0.8934278074499993,0
image_only,patient_897fc368fe7593b2,S2431866,S2431866,2024-11-05,0,2,0.5002393575657136,6,77,238,0.8934278074499993,0
image_only,patient_897fc368fe7593b2,S2504719,S2504719,2025-02-18,0,2,0.5221720607066731,7,105,343,0.8934278074499993,0
image_only,patient_8a989ce38f711fa1,S2154958,S2154958,2021-12-21,0,1,0.296715629148352,1,21,21,0.5493099703071872,0
image_only,patient_8a989ce38f711fa1,S2202568,S2202568,2022-01-18,0,1,0.21949888460514683,2,28,49,0.5493099703071872,0
image_only,patient_8a989ce38f711fa1,S2207350,S2207350,2022-02-22,0,1,0.15197812031032176,3,35,84,0.5493099703071872,0
image_only,patient_8a989ce38f711fa1,S2213274,S2213274,2022-04-05,0,1,0.1206355494296379,4,42,126,0.5493099703071872,0
image_only,patient_8a989ce38f711fa1,S2222062,S2222062,2022-05-31,0,1,0.10027752071202492,5,56,182,0.5493099703071872,0
image_only,patient_8a989ce38f711fa1,S2234200,S2234200,2022-08-16,0,1,0.09582346929564452,6,77,259,0.5493099703071872,0
image_only,patient_8a989ce38f711fa1,S2248983,S2248983,2022-11-22,0,1,0.10342924946496959,7,98,357,0.5493099703071872,0
image_only,patient_937267369badf303,S2308043,S2308043,2023-02-21,0,2,0.3967392378352685,1,49,49,0.8934278074499993,0
image_only,patient_937267369badf303,S2312323,S2312323,2023-03-21,0,2,0.40897756279444786,2,28,77,0.8934278074499993,0
image_only,patient_937267369badf303,S2319878,S2319878,2023-05-09,0,2,0.4587272757679755,3,49,126,0.8934278074499993,0
image_only,patient_93ac78fffd137473,S2329753,S2329753,2023-07-11,0,1,0.5661763505600831,1,224,224,0.5493099703071872,1
image_only,patient_9665aa8b62656cf9,S2531985,S2531985,2025-10-14,0,1,0.3350844750069172,1,14,14,0.5493099703071872,0
image_only,patient_98877b8b3d3e8763,S2140147,S2140147,2021-09-13,0,1,0.017681283916854237,1,41,41,0.5493099703071872,0
image_only,patient_98877b8b3d3e8763,S2147205,S2147205,2021-11-02,0,1,0.09649291850130082,2,50,91,0.5493099703071872,0
image_only,patient_98877b8b3d3e8763,S2201380,S2201380,2022-01-10,0,1,0.06605480562844207,3,69,160,0.5493099703071872,0
image_only,patient_98877b8b3d3e8763,S2211180,S2211180,2022-03-22,0,1,0.06623362330717611,4,71,231,0.5493099703071872,0
image_only,patient_98877b8b3d3e8763,S2225226,S2225226,2022-06-21,0,1,0.05446695131330963,5,91,322,0.5493099703071872,0
image_only,patient_9b81a2766f087b27,S2114402,S2114402,2021-04-06,0,2,0.9226656941132824,1,21,21,0.8934278074499993,1
image_only,patient_9b81a2766f087b27,S2119964,S2119964,2021-05-11,1,2,0.7964665867240968,2,35,56,0.8934278074499993,0
image_only,patient_9b81a2766f087b27,S2150495,S2150495,2021-11-23,1,2,0.7964665867240968,2,231,252,0.8934278074499993,0
image_only,patient_9b81a2766f087b27,S2209234,S2209234,2022-03-08,0,2,0.7964665867240968,2,336,357,0.8934278074499993,0
image_only,patient_a533d77edf530d7d,S2334386,S2334386,2023-08-08,0,2,0.39138739173564857,1,14,14,0.8934278074499993,0
image_only,patient_a533d77edf530d7d,S2338786,S2338786,2023-09-05,0,2,0.2416184706997914,2,28,42,0.8934278074499993,0
image_only,patient_a533d77edf530d7d,S2343314,S2343314,2023-10-11,0,2,0.4024486859158669,3,36,78,0.8934278074499993,0
image_only,patient_a533d77edf530d7d,S2346179,S2346179,2023-10-27,0,2,0.4245962363355752,4,16,94,0.8934278074499993,0
image_only,patient_a533d77edf530d7d,S2348398,S2348398,2023-11-14,0,2,0.4433161078154438,5,18,112,0.8934278074499993,0
image_only,patient_a533d77edf530d7d,S2352825,S2352825,2023-12-12,0,2,0.4282441209959087,6,28,140,0.8934278074499993,0
image_only,patient_a533d77edf530d7d,S2402484,S2402484,2024-01-16,0,2,0.4219739213052301,7,35,175,0.8934278074499993,0
image_only,patient_a533d77edf530d7d,S2420603,S2420603,2024-07-16,0,2,0.41834049485931957,8,182,357,0.8934278074499993,0
image_only,patient_ab45843e8e5c5823,S2300361,S2300361,2023-01-03,0,0,0.49904862837506125,1,14,14,0.6926978030592288,0
image_only,patient_ab45843e8e5c5823,S2306015,S2306015,2023-02-08,0,0,0.478203610618512,2,36,50,0.6926978030592288,0
image_only,patient_ab45843e8e5c5823,S2310079,S2310079,2023-03-07,0,0,0.45429713252689696,3,27,77,0.6926978030592288,0
image_only,patient_ab45843e8e5c5823,S2315841,S2315841,2023-04-11,0,0,0.44062938112357236,4,35,112,0.6926978030592288,0
image_only,patient_ab45843e8e5c5823,S2325143,S2325143,2023-06-13,0,0,0.3974581475971529,5,63,175,0.6926978030592288,0
image_only,patient_ab45843e8e5c5823,S2339820,S2339820,2023-09-12,0,0,0.4062978839502236,6,91,266,0.6926978030592288,0
image_only,patient_ab45843e8e5c5823,S2351751,S2351751,2023-12-05,0,0,0.4046238536392132,7,84,350,0.6926978030592288,0
image_only,patient_aca1fffca0191542,S2211179,S2211179,2022-03-22,0,0,0.1954071085100042,1,168,168,0.6926978030592288,0
image_only,patient_aca1fffca0191542,S2333273,S2333273,2023-08-01,0,0,0.18256034956665687,2,497,665,0.6926978030592288,0
image_only,patient_ad7be783b5ff7f03,S2316900,S2316900,2023-04-18,0,0,0.5211228298015615,1,14,14,0.6926978030592288,0
image_only,patient_ad7be783b5ff7f03,S2329756,S2329756,2023-07-11,0,0,0.6651740227914951,2,84,98,0.6926978030592288,0
image_only,patient_ad7be783b5ff7f03,S2410458,S2410458,2024-03-26,0,0,0.5453958696600696,3,259,357,0.6926978030592288,0
image_only,patient_ae0f85572ff16638,S2311234,S2311234,2023-03-14,0,0,0.1822725551129763,1,455,455,0.6926978030592288,0
image_only,patient_b824bfb064fb2de4,S2200310,S2200310,2022-01-04,0,2,0.9241636011098392,1,49,49,0.8934278074499993,1
image_only,patient_b824bfb064fb2de4,S2206287,S2206287,2022-02-15,0,2,0.5669355925505293,2,42,91,0.8934278074499993,0
image_only,patient_b824bfb064fb2de4,S2210202,S2210202,2022-03-15,0,2,0.5534894197795615,3,28,119,0.8934278074499993,0
image_only,patient_b824bfb064fb2de4,S2216631,S2216631,2022-04-26,0,2,0.5181680801013584,4,42,161,0.8934278074499993,0
image_only,patient_bdc3f4ebb82da82e,S2437882,S2437882,2024-12-31,1,1,0.07908279723222633,1,14,14,0.5493099703071872,0
image_only,patient_bdc3f4ebb82da82e,S2503127,S2503127,2025-02-04,0,1,0.07908279723222633,1,49,49,0.5493099703071872,0
image_only,patient_bdc3f4ebb82da82e,S2506960,S2506960,2025-03-11,0,1,0.07908279723222633,1,84,84,0.5493099703071872,0
image_only,patient_bdc3f4ebb82da82e,S2516970,S2516970,2025-06-10,0,1,0.07908279723222633,1,175,175,0.5493099703071872,0
image_only,patient_c18ca7616a5ad1b6,S2405217,S2405217,2024-01-31,0,1,0.01643338724219077,1,29,29,0.5493099703071872,0
image_only,patient_c18ca7616a5ad1b6,S2408482,S2408482,2024-02-27,0,1,0.09010344605441617,2,27,56,0.5493099703071872,0
image_only,patient_c18ca7616a5ad1b6,S2412061,S2412061,2024-04-16,0,1,0.06074902022835422,3,49,105,0.5493099703071872,0
image_only,patient_c18ca7616a5ad1b6,S2414954,S2414954,2024-05-21,0,1,0.04840975880203465,4,35,140,0.5493099703071872,0
image_only,patient_c18ca7616a5ad1b6,S2434134,S2434134,2024-11-26,0,1,0.05200821235758146,5,189,329,0.5493099703071872,0
image_only,patient_c2ec040a2ccee825,S2422845,S2422845,2024-08-06,0,0,0.6182808334258452,1,21,21,0.6926978030592288,0
image_only,patient_c2ec040a2ccee825,S2502090,S2502090,2025-01-21,0,0,0.5547945718648154,2,168,189,0.6926978030592288,0
image_only,patient_c2ec040a2ccee825,S2511010,S2511010,2025-04-15,0,0,0.533902743185064,3,84,273,0.6926978030592288,0
image_only,patient_c2ec040a2ccee825,S2520404,S2520404,2025-07-08,0,0,0.4890913561969133,4,84,357,0.6926978030592288,0
image_only,patient_c37c171d859fe24a,S2236494,S2236494,2022-08-30,0,2,0.500299386795203,1,49,49,0.8934278074499993,0
image_only,patient_c37c171d859fe24a,S2244729,S2244729,2022-10-25,0,2,0.6144360388089222,2,56,105,0.8934278074499993,0
image_only,patient_c37c171d859fe24a,S2251247,S2251247,2022-12-06,0,2,0.5275986276832774,3,42,147,0.8934278074499993,0
image_only,patient_c37c171d859fe24a,S2302644,S2302644,2023-01-17,0,2,0.5330562946360815,4,42,189,0.8934278074499993,0
image_only,patient_c37c171d859fe24a,S2313436,S2313436,2023-03-28,0,2,0.5050620574579234,5,70,259,0.8934278074499993,0
image_only,patient_c37c171d859fe24a,S2326329,S2326329,2023-06-20,0,2,0.5323682481884363,6,84,343,0.8934278074499993,0
image_only,patient_c78561b4938dbb4c,S2150493,S2150493,2021-11-23,0,2,0.44193461719389376,1,21,21,0.8934278074499993,0
image_only,patient_c78561b4938dbb4c,S2209236,S2209236,2022-03-08,0,2,0.28889870453593325,2,105,126,0.8934278074499993,0
image_only,patient_c78561b4938dbb4c,S2215450,S2215450,2022-04-19,0,2,0.28267271177992453,3,42,168,0.8934278074499993,0
image_only,patient_c78561b4938dbb4c,S2244730,S2244730,2022-10-25,0,2,0.24319110891183573,4,189,357,0.8934278074499993,0
image_only,patient_c85fe67257ac09be,S2207349,S2207349,2022-02-22,0,0,0.4958635067155539,1,35,35,0.6926978030592288,0
image_only,patient_c85fe67257ac09be,S2210204,S2210204,2022-03-15,0,0,0.5300410914727682,2,21,56,0.6926978030592288,0
image_only,patient_c85fe67257ac09be,S2216630,S2216630,2022-04-26,0,0,0.5425410354695414,3,42,98,0.6926978030592288,0
image_only,patient_c85fe67257ac09be,S2220918,S2220918,2022-05-24,0,0,0.5698984790172453,4,28,126,0.6926978030592288,0
image_only,patient_c85fe67257ac09be,S2227608,S2227608,2022-07-05,0,0,0.5353804137898271,5,42,168,0.6926978030592288,0
image_only,patient_c85fe67257ac09be,S2241560,S2241560,2022-10-04,0,0,0.5235126118106974,6,91,259,0.6926978030592288,0
image_only,patient_cafa503bd84738e6,S2215449,S2215449,2022-04-19,0,2,0.7826004071551953,1,21,21,0.8934278074499993,0
image_only,patient_cafa503bd84738e6,S2219754,S2219754,2022-05-17,0,2,0.7453944111555642,2,28,49,0.8934278074499993,0
image_only,patient_cafa503bd84738e6,S2224008,S2224008,2022-06-14,0,2,0.6243852280022321,3,28,77,0.8934278074499993,0
image_only,patient_cafa503bd84738e6,S2232193,S2232193,2022-08-02,0,2,0.621076210338745,4,49,126,0.8934278074499993,0
image_only,patient_cafa503bd84738e6,S2239525,S2239525,2022-09-20,0,2,0.6475704960161651,5,49,175,0.8934278074499993,0
image_only,patient_cafa503bd84738e6,S2253527,S2253527,2022-12-20,0,2,0.6545486390289544,6,91,266,0.8934278074499993,0
image_only,patient_cafa503bd84738e6,S2312317,S2312317,2023-03-21,0,2,0.6520980214097449,7,91,357,0.8934278074499993,0
image_only,patient_d074d89175786c47,S2231089,S2231089,2022-07-26,0,0,0.4490750728029204,1,21,21,0.6926978030592288,0
image_only,patient_d074d89175786c47,S2236496,S2236496,2022-08-30,0,0,0.4159384474958703,2,35,56,0.6926978030592288,0
image_only,patient_d074d89175786c47,S2242501,S2242501,2022-10-11,0,0,0.45126860095638216,3,42,98,0.6926978030592288,0
image_only,patient_d074d89175786c47,S2250151,S2250151,2022-11-29,0,0,0.47060563151348644,4,49,147,0.6926978030592288,0
image_only,patient_d074d89175786c47,S2304564,S2304564,2023-01-31,0,0,0.47709981894695874,5,63,210,0.6926978030592288,0
image_only,patient_d074d89175786c47,S2315840,S2315840,2023-04-11,0,0,0.43975674690340955,6,70,280,0.6926978030592288,0
image_only,patient_d074d89175786c47,S2327489,S2327489,2023-06-27,0,0,0.41151442327939414,7,77,357,0.6926978030592288,0
image_only,patient_d4019523cc8c8335,S2408480,S2408480,2024-02-27,0,2,0.6738547933283067,1,14,14,0.8934278074499993,0
image_only,patient_d4019523cc8c8335,S2411030,S2411030,2024-04-02,0,2,0.5506073877069303,2,35,49,0.8934278074499993,0
image_only,patient_d4019523cc8c8335,S2419119,S2419119,2024-07-02,0,2,0.555342517251475,3,91,140,0.8934278074499993,0
image_only,patient_d4019523cc8c8335,S2430053,S2430053,2024-10-17,0,2,0.5497297442110297,4,107,247,0.8934278074499993,0
image_only,patient_d48fc489086a470f,S2330983,S2330983,2023-07-18,0,1,0.03673881536295883,1,20,20,0.5493099703071872,0
image_only,patient_d48fc489086a470f,S2336496,S2336496,2023-08-22,0,1,0.022564510875495547,2,35,55,0.5493099703071872,0
image_only,patient_d48fc489086a470f,S2343312,S2343312,2023-10-10,0,1,0.03931278705205305,3,49,104,0.5493099703071872,0
image_only,patient_d48fc489086a470f,S2350730,S2350730,2023-11-28,1,1,0.1660657289385484,4,49,153,0.5493099703071872,0
image_only,patient_d48fc489086a470f,S2412714,S2412714,2024-04-23,0,1,0.1660657289385484,4,196,300,0.5493099703071872,0
image_only,patient_d4c07874dec8cc11,S2426614,S2426614,2024-09-10,0,0,0.5507932454871203,1,126,126,0.6926978030592288,0
image_only,patient_d4c07874dec8cc11,S2434133,S2434133,2024-11-26,0,0,0.5019425200467139,2,77,203,0.6926978030592288,0
image_only,patient_d4c07874dec8cc11,S2505508,S2505508,2025-02-25,0,0,0.5078310934851404,3,91,294,0.6926978030592288,0
image_only,patient_d66d976aaae8f399,S2135429,S2135429,2021-08-17,0,0,0.626432169452334,1,14,14,0.6926978030592288,0
image_only,patient_d66d976aaae8f399,S2140145,S2140145,2021-09-14,0,0,0.6137019938467084,2,28,42,0.6926978030592288,0
image_only,patient_d66d976aaae8f399,S2143764,S2143764,2021-10-11,0,0,0.6092283808726758,3,27,69,0.6926978030592288,0
image_only,patient_d66d976aaae8f399,S2202567,S2202567,2022-01-18,0,0,0.6053171335144709,4,99,168,0.6926978030592288,0
image_only,patient_d66d976aaae8f399,S2213275,S2213275,2022-04-05,0,0,0.5389746600681865,5,77,245,0.6926978030592288,0
image_only,patient_d66d976aaae8f399,S2228788,S2228788,2022-07-12,0,0,0.539161776076946,6,98,343,0.6926978030592288,0
image_only,patient_d772dd268706e1cf,S2150490,S2150490,2021-11-23,0,0,0.5799457161021668,1,112,112,0.6926978030592288,0
image_only,patient_d772dd268706e1cf,S2203737,S2203737,2022-01-25,0,0,0.4816869656491197,2,63,175,0.6926978030592288,0
image_only,patient_d772dd268706e1cf,S2215453,S2215453,2022-04-19,0,0,0.5178333959574386,3,84,259,0.6926978030592288,0
image_only,patient_d7b8077abb2db045,S2512685,S2512685,2025-04-29,0,0,0.4145825001124007,1,14,14,0.6926978030592288,0
image_only,patient_d7b8077abb2db045,S2520402,S2520402,2025-07-08,0,0,0.5023868127341378,2,70,84,0.6926978030592288,0
image_only,patient_d7b8077abb2db045,S2525436,S2525436,2025-08-19,0,0,0.5209555185577713,3,42,126,0.6926978030592288,0
image_only,patient_d7b8077abb2db045,S2530981,S2530981,2025-09-30,0,0,0.5844728983703663,4,42,168,0.6926978030592288,0
image_only,patient_d82abebcfaf082f8,S2407941,S2407941,2024-02-20,0,0,0.13129497905144194,1,21,21,0.6926978030592288,0
image_only,patient_d82abebcfaf082f8,S2422844,S2422844,2024-08-06,0,0,0.41981789976442974,2,168,189,0.6926978030592288,0
image_only,patient_d8e20f6cc2cd90d6,S2135432,S2135432,2021-08-17,0,0,0.8587576656650999,1,168,168,0.6926978030592288,1
image_only,patient_d8e20f6cc2cd90d6,S2142818,S2142818,2021-10-05,0,0,0.792886800136803,2,49,217,0.6926978030592288,1
image_only,patient_dd2e6df63e5c36b4,S2334388,S2334388,2023-08-08,0,1,0.22384307992281116,1,21,21,0.5493099703071872,0
image_only,patient_dd2e6df63e5c36b4,S2338783,S2338783,2023-09-05,0,1,0.12329274284488144,2,28,49,0.5493099703071872,0
image_only,patient_dd2e6df63e5c36b4,S2343311,S2343311,2023-10-10,0,1,0.0905540156697459,3,35,84,0.5493099703071872,0
image_only,patient_dd2e6df63e5c36b4,S2407940,S2407940,2024-02-20,0,1,0.09999802882756842,4,133,217,0.5493099703071872,0
image_only,patient_dd2e6df63e5c36b4,S2421430,S2421430,2024-07-23,0,1,0.08139187877868759,5,154,371,0.5493099703071872,0
image_only,patient_dd7e0e39c92e25b4,S2150494,S2150494,2021-11-23,0,0,0.5785100076011992,1,42,42,0.6926978030592288,0
image_only,patient_dd7e0e39c92e25b4,S2154963,S2154963,2021-12-21,0,0,0.47554555309351065,2,28,70,0.6926978030592288,0
image_only,patient_dd7e0e39c92e25b4,S2203735,S2203735,2022-01-25,0,0,0.43865836647624895,3,35,105,0.6926978030592288,0
image_only,patient_dd7e0e39c92e25b4,S2210200,S2210200,2022-03-15,0,0,0.42756863798989475,4,49,154,0.6926978030592288,0
image_only,patient_dd7e0e39c92e25b4,S2229969,S2229969,2022-07-18,0,0,0.4251581147166519,5,125,279,0.6926978030592288,0
image_only,patient_dd7e0e39c92e25b4,S2240724,S2240724,2022-09-27,0,0,0.44973021135840613,6,71,350,0.6926978030592288,0
image_only,patient_dfafa5c41a0ad944,S2144967,S2144967,2021-10-19,0,0,0.6211832973723206,1,98,98,0.6926978030592288,0
image_only,patient_dfafa5c41a0ad944,S2209229,S2209229,2022-03-08,0,0,0.5078341437696767,2,140,238,0.6926978030592288,0
image_only,patient_e21a88b284b1508e,S2437280,S2437280,2024-12-24,0,2,0.6397605707235836,1,14,14,0.8934278074499993,0
image_only,patient_e21a88b284b1508e,S2501777,S2501777,2025-01-17,0,2,0.39634464193971103,2,24,38,0.8934278074499993,0
image_only,patient_e430ff1077ac4267,S2421434,S2421434,2024-07-23,0,1,0.09287399124898965,1,27,27,0.5493099703071872,0
image_only,patient_e430ff1077ac4267,S2429064,S2429064,2024-10-08,0,1,0.10818444922159089,2,77,104,0.5493099703071872,0
image_only,patient_e430ff1077ac4267,S2431864,S2431864,2024-11-05,0,1,0.07868241958359681,3,28,132,0.5493099703071872,0
image_only,patient_e430ff1077ac4267,S2436456,S2436456,2024-12-17,1,1,0.07239070039942977,4,42,174,0.5493099703071872,0
image_only,patient_e430ff1077ac4267,S2502092,S2502092,2025-01-21,0,1,0.07239070039942977,4,77,209,0.5493099703071872,0
image_only,patient_e6981a9104ac664d,S2307080,S2307080,2023-02-15,0,2,0.7875883662155784,1,15,15,0.8934278074499993,0
image_only,patient_e6981a9104ac664d,S2311238,S2311238,2023-03-14,0,2,0.5427022672239596,2,27,42,0.8934278074499993,0
image_only,patient_e6981a9104ac664d,S2323112,S2323112,2023-05-30,0,2,0.6271206618867585,3,77,119,0.8934278074499993,0
image_only,patient_e6981a9104ac664d,S2330986,S2330986,2023-07-18,0,2,0.6925436103913881,4,49,168,0.8934278074499993,0
image_only,patient_e6981a9104ac664d,S2344461,S2344461,2023-10-17,0,2,0.5832119842730552,5,91,259,0.8934278074499993,0
image_only,patient_e6981a9104ac664d,S2402482,S2402482,2024-01-16,0,2,0.5225788153045609,6,91,350,0.8934278074499993,0
image_only,patient_e918692d7c80e65c,S2330980,S2330980,2023-07-18,0,0,0.40917596923066923,1,20,20,0.6926978030592288,0
image_only,patient_e918692d7c80e65c,S2337812,S2337812,2023-08-30,0,0,0.47699038490387835,2,43,63,0.6926978030592288,0
image_only,patient_e918692d7c80e65c,S2342016,S2342016,2023-09-26,0,0,0.5021026832790904,3,27,90,0.6926978030592288,0
image_only,patient_e9984333ac68159c,S2232191,S2232191,2022-08-02,0,0,0.38241980093018385,1,21,21,0.6926978030592288,0
image_only,patient_e9984333ac68159c,S2236493,S2236493,2022-08-30,0,0,0.3567323437753537,2,28,49,0.6926978030592288,0
image_only,patient_e9984333ac68159c,S2247859,S2247859,2022-11-15,0,0,0.3626240597551451,3,77,126,0.6926978030592288,0
image_only,patient_e9984333ac68159c,S2313440,S2313440,2023-03-28,0,0,0.39961366229743517,4,133,259,0.6926978030592288,0
image_only,patient_ead6420f83248981,S2407939,S2407939,2024-02-20,0,2,0.2985521572193472,1,13,13,0.8934278074499993,0
image_only,patient_ead6420f83248981,S2409392,S2409392,2024-03-12,0,2,0.18417313411501293,2,21,34,0.8934278074499993,0
image_only,patient_ead6420f83248981,S2412713,S2412713,2024-04-23,0,2,0.16220921971171579,3,42,76,0.8934278074499993,0
image_only,patient_f02086679c6d7438,S2508631,S2508631,2025-03-25,0,2,0.6761411699290878,1,14,14,0.8934278074499993,0
image_only,patient_f02086679c6d7438,S2511007,S2511007,2025-04-15,0,2,0.44818913592919485,2,21,35,0.8934278074499993,0
image_only,patient_f1bc2d6d2b5c3421,S2347457,S2347457,2023-11-07,0,0,0.36619681289099243,1,21,21,0.6926978030592288,0
image_only,patient_f1bc2d6d2b5c3421,S2352826,S2352826,2023-12-12,0,0,0.36157961733510596,2,35,56,0.6926978030592288,0
image_only,patient_f1bc2d6d2b5c3421,S2403702,S2403702,2024-01-23,0,0,0.3456666617820761,3,42,98,0.6926978030592288,0
image_only,patient_f1bc2d6d2b5c3421,S2409928,S2409928,2024-03-19,0,0,0.37463885970278915,4,56,154,0.6926978030592288,0
image_only,patient_f1bc2d6d2b5c3421,S2415692,S2415692,2024-05-28,0,0,0.36374281004000913,5,70,224,0.6926978030592288,0
image_only,patient_f4a709d12cad57f1,S2253525,S2253525,2022-12-20,0,2,0.8509160938078983,1,14,14,0.8934278074499993,0
image_only,patient_f4a709d12cad57f1,S2308044,S2308044,2023-02-21,0,2,0.7127226888839924,2,63,77,0.8934278074499993,0
image_only,patient_f4a709d12cad57f1,S2318025,S2318025,2023-04-25,0,2,0.6979718943887322,3,63,140,0.8934278074499993,0
image_only,patient_f4a709d12cad57f1,S2333274,S2333274,2023-08-01,0,2,0.6277726312966244,4,98,238,0.8934278074499993,0
image_only,patient_f4a709d12cad57f1,S2349547,S2349547,2023-11-21,0,2,0.57586925142817,5,112,350,0.8934278074499993,0
image_only,patient_f73f7e4dab64291c,S2415690,S2415690,2024-05-28,0,0,0.3073801925864772,1,56,56,0.6926978030592288,0
image_only,patient_f73f7e4dab64291c,S2419850,S2419850,2024-07-09,0,0,0.43815494866878885,2,42,98,0.6926978030592288,0
image_only,patient_f73f7e4dab64291c,S2425034,S2425034,2024-08-27,0,0,0.43825203374914085,3,49,147,0.6926978030592288,0
image_only,patient_f78d4288245eabd8,S2427695,S2427695,2024-09-24,0,2,0.22026598554172244,1,21,21,0.8934278074499993,0
image_only,patient_f78d4288245eabd8,S2436453,S2436453,2024-12-17,0,2,0.4054442398460072,2,84,105,0.8934278074499993,0
image_only,patient_f78d4288245eabd8,S2504720,S2504720,2025-02-18,0,2,0.41844897523535196,3,63,168,0.8934278074499993,0
image_only,patient_f78d4288245eabd8,S2529112,S2529112,2025-09-16,0,2,0.41018756242148535,4,210,378,0.8934278074499993,0
image_only,patient_fc51a062525b3f86,S2130900,S2130900,2021-07-20,0,0,0.8423998799231457,1,259,259,0.6926978030592288,1
image_only,patient_fc51a062525b3f86,S2144970,S2144970,2021-10-19,0,0,0.7956160748175367,2,91,350,0.6926978030592288,1
image_only,patient_fe8ccc87e7ab7c65,S2210201,S2210201,2022-03-15,0,1,0.49993916672180866,1,13,13,0.5493099703071872,0
image_only,patient_fe8ccc87e7ab7c65,S2215451,S2215451,2022-04-19,0,1,0.46762642761838646,2,35,48,0.5493099703071872,0
image_only,patient_fe8ccc87e7ab7c65,S2226375,S2226375,2022-06-28,0,1,0.4198602728347713,3,70,118,0.5493099703071872,0
image_only,patient_fe8ccc87e7ab7c65,S2233278,S2233278,2022-08-09,0,1,0.37762514847826534,4,42,160,0.5493099703071872,0
image_only,patient_fe8ccc87e7ab7c65,S2247858,S2247858,2022-11-15,0,1,0.3110322387656443,5,98,258,0.5493099703071872,0
image_only,patient_fe8ccc87e7ab7c65,S2308039,S2308039,2023-02-21,0,1,0.29159074653729294,6,98,356,0.5493099703071872,0
image_plus_time,patient_005b214a5e658965,S2149398,S2149398,2021-11-16,0,1,0.15876584557708573,1,91,91,0.5840773334477728,0
image_plus_time,patient_0349492572c92ab0,S2332143,S2332143,2023-07-25,0,2,0.19510104743767592,1,14,14,0.9472576797472507,0
image_plus_time,patient_0349492572c92ab0,S2342914,S2342914,2023-10-05,0,2,0.16231059431786093,2,72,86,0.9472576797472507,0
image_plus_time,patient_0941abb556cbec79,S2309075,S2309075,2023-02-28,0,1,0.06737411565759503,1,14,14,0.5840773334477728,0
image_plus_time,patient_0941abb556cbec79,S2313664,S2313664,2023-03-29,0,1,0.11327444499731344,2,29,43,0.5840773334477728,0
image_plus_time,patient_0941abb556cbec79,S2319879,S2319879,2023-05-09,0,1,0.09940897322147334,3,41,84,0.5840773334477728,0
image_plus_time,patient_0941abb556cbec79,S2334389,S2334389,2023-08-08,0,1,0.11711458138114714,4,91,175,0.5840773334477728,0
image_plus_time,patient_0941abb556cbec79,S2347458,S2347458,2023-11-07,0,1,0.11225156862909047,5,91,266,0.5840773334477728,0
image_plus_time,patient_0941abb556cbec79,S2406040,S2406040,2024-02-06,0,1,0.11482930446612148,6,91,357,0.5840773334477728,0
image_plus_time,patient_0cf9d90c530cbd0b,S2135431,S2135431,2021-08-17,0,1,0.16988518578335968,1,36,36,0.5840773334477728,0
image_plus_time,patient_0cf9d90c530cbd0b,S2141805,S2141805,2021-09-28,0,1,0.40994646334353135,2,42,78,0.5840773334477728,0
image_plus_time,patient_0cf9d90c530cbd0b,S2149394,S2149394,2021-11-16,0,1,0.5043896347180814,3,49,127,0.5840773334477728,0
image_plus_time,patient_0cf9d90c530cbd0b,S2156022,S2156022,2021-12-28,0,1,0.4837220946883843,4,42,169,0.5840773334477728,0
image_plus_time,patient_0cf9d90c530cbd0b,S2210199,S2210199,2022-03-15,0,1,0.41999961517703727,5,77,246,0.5840773334477728,0
image_plus_time,patient_0cf9d90c530cbd0b,S2224007,S2224007,2022-06-14,0,1,0.4078111389121819,6,91,337,0.5840773334477728,0
image_plus_time,patient_110e1e825f43e305,S2318026,S2318026,2023-04-25,0,2,0.6869518461366889,1,21,21,0.9472576797472507,0
image_plus_time,patient_110e1e825f43e305,S2327486,S2327486,2023-06-27,0,2,0.5398398690710855,2,63,84,0.9472576797472507,0
image_plus_time,patient_110e1e825f43e305,S2334385,S2334385,2023-08-08,0,2,0.4420892947287236,3,42,126,0.9472576797472507,0
image_plus_time,patient_110e1e825f43e305,S2340935,S2340935,2023-09-19,0,2,0.3581746692992651,4,42,168,0.9472576797472507,0
image_plus_time,patient_110e1e825f43e305,S2353996,S2353996,2023-12-19,0,2,0.31354332013618685,5,91,259,0.9472576797472507,0
image_plus_time,patient_110e1e825f43e305,S2410453,S2410453,2024-03-26,0,2,0.34397259821190335,6,98,357,0.9472576797472507,0
image_plus_time,patient_19d05fccc0aac48d,S2028920,S2028920,2020-07-21,1,1,0.28766247592177685,1,14,14,0.5840773334477728,0
image_plus_time,patient_1bb6673f07107d9c,S2231091,S2231091,2022-07-26,0,2,0.5387197022392471,1,14,14,0.9472576797472507,0
image_plus_time,patient_1bb6673f07107d9c,S2234199,S2234199,2022-08-16,0,2,0.3902125050513842,2,21,35,0.9472576797472507,0
image_plus_time,patient_1bb6673f07107d9c,S2240726,S2240726,2022-09-27,0,2,0.3784755553803909,3,42,77,0.9472576797472507,0
image_plus_time,patient_1bb6673f07107d9c,S2311236,S2311236,2023-03-14,0,2,0.4033685049537693,4,168,245,0.9472576797472507,0
image_plus_time,patient_1d9bc9798ff5fad2,S2434915,S2434915,2024-12-03,0,2,0.35540705307129555,1,56,56,0.9472576797472507,0
image_plus_time,patient_1d9bc9798ff5fad2,S2501300,S2501300,2025-01-14,0,2,0.5005324796094459,2,42,98,0.9472576797472507,0
image_plus_time,patient_1d9bc9798ff5fad2,S2505507,S2505507,2025-02-25,0,2,0.4453247210036612,3,42,140,0.9472576797472507,0
image_plus_time,patient_1d9bc9798ff5fad2,S2516971,S2516971,2025-06-10,0,2,0.3598090173445316,4,105,245,0.9472576797472507,0
image_plus_time,patient_1d9bc9798ff5fad2,S2528218,S2528218,2025-09-09,0,2,0.327099328800733,5,91,336,0.9472576797472507,0
image_plus_time,patient_1db7fb03763dab37,S2420601,S2420601,2024-07-16,0,1,0.14236607251925049,1,35,35,0.5840773334477728,0
image_plus_time,patient_1db7fb03763dab37,S2423618,S2423618,2024-08-13,0,1,0.12564511500447317,2,28,63,0.5840773334477728,0
image_plus_time,patient_1db7fb03763dab37,S2429063,S2429063,2024-10-08,0,1,0.1156602706854661,3,56,119,0.5840773334477728,0
image_plus_time,patient_1db7fb03763dab37,S2433341,S2433341,2024-11-19,0,1,0.09995695986302502,4,42,161,0.5840773334477728,0
image_plus_time,patient_1db7fb03763dab37,S2513847,S2513847,2025-05-13,0,1,0.0993991630021362,5,175,336,0.5840773334477728,0
image_plus_time,patient_1f1d5d53d578938e,S2434919,S2434919,2024-12-03,0,1,0.00971606704951779,1,14,14,0.5840773334477728,0
image_plus_time,patient_1f1d5d53d578938e,S2500522,S2500522,2025-01-07,0,1,0.014317982632756028,2,35,49,0.5840773334477728,0
image_plus_time,patient_1f1d5d53d578938e,S2503983,S2503983,2025-02-11,0,1,0.019914461119041882,3,35,84,0.5840773334477728,0
image_plus_time,patient_1f1d5d53d578938e,S2507799,S2507799,2025-03-18,0,1,0.06369714022412831,4,35,119,0.5840773334477728,0
image_plus_time,patient_1f1d5d53d578938e,S2511859,S2511859,2025-04-22,0,1,0.06069762332381521,5,35,154,0.5840773334477728,0
image_plus_time,patient_1f1d5d53d578938e,S2522980,S2522980,2025-07-29,0,1,0.053666457018161084,6,98,252,0.5840773334477728,0
image_plus_time,patient_228507d0242d624c,S2225225,S2225225,2022-06-21,0,0,0.4056546164513021,1,21,21,0.8157279408120953,0
image_plus_time,patient_228507d0242d624c,S2232192,S2232192,2022-08-02,0,0,0.37038796653920114,2,42,63,0.8157279408120953,0
image_plus_time,patient_228507d0242d624c,S2241562,S2241562,2022-10-04,0,0,0.21877065315384814,3,63,126,0.8157279408120953,0
image_plus_time,patient_228507d0242d624c,S2247860,S2247860,2022-11-15,1,0,0.18003604242716975,4,42,168,0.8157279408120953,0
image_plus_time,patient_228507d0242d624c,S2252333,S2252333,2022-12-13,0,0,0.16999111375236048,4,70,196,0.8157279408120953,0
image_plus_time,patient_228507d0242d624c,S2306847,S2306847,2023-02-14,0,0,0.1553041209263491,4,133,259,0.8157279408120953,0
image_plus_time,patient_228507d0242d624c,S2320993,S2320993,2023-05-16,1,0,0.14187844664454313,4,224,350,0.8157279408120953,0
image_plus_time,patient_23ee3df4f656b033,S2202563,S2202563,2022-01-18,0,1,0.04276644110630832,1,29,29,0.5840773334477728,0
image_plus_time,patient_23ee3df4f656b033,S2207352,S2207352,2022-02-22,0,1,0.03976005114629759,2,35,64,0.5840773334477728,0
image_plus_time,patient_23ee3df4f656b033,S2213276,S2213276,2022-04-05,0,1,0.06483017609567071,3,42,106,0.5840773334477728,0
image_plus_time,patient_23ee3df4f656b033,S2222064,S2222064,2022-05-31,0,1,0.06230907878982586,4,56,162,0.5840773334477728,0
image_plus_time,patient_23ee3df4f656b033,S2234198,S2234198,2022-08-16,0,1,0.1472397896873078,5,77,239,0.5840773334477728,0
image_plus_time,patient_23ee3df4f656b033,S2248986,S2248986,2022-11-22,0,1,0.15550650245240025,6,98,337,0.5840773334477728,0
image_plus_time,patient_26f6ecd90ed41f9d,S2243826,S2243826,2022-10-19,0,1,0.20200226285304604,1,106,106,0.5840773334477728,0
image_plus_time,patient_26f6ecd90ed41f9d,S2302643,S2302643,2023-01-17,0,1,0.3657199992432387,2,90,196,0.5840773334477728,0
image_plus_time,patient_26f6ecd90ed41f9d,S2310080,S2310080,2023-03-07,0,1,0.333658443213831,3,49,245,0.5840773334477728,0
image_plus_time,patient_26f6ecd90ed41f9d,S2323107,S2323107,2023-05-30,0,1,0.3959358463423452,4,84,329,0.5840773334477728,0
image_plus_time,patient_2999b7afa4f16b6d,S2130897,S2130897,2021-07-20,0,1,0.34441933547756987,1,140,140,0.5840773334477728,0
image_plus_time,patient_2999b7afa4f16b6d,S2143767,S2143767,2021-10-12,0,1,0.4387509263181614,2,84,224,0.5840773334477728,0
image_plus_time,patient_29c1ec61f11c3c6d,S2142821,S2142821,2021-10-05,0,2,0.17865704709385097,1,63,63,0.9472576797472507,0
image_plus_time,patient_29c1ec61f11c3c6d,S2156020,S2156020,2021-12-28,0,2,0.38783019117934214,2,84,147,0.9472576797472507,0
image_plus_time,patient_29c1ec61f11c3c6d,S2210205,S2210205,2022-03-15,0,2,0.44293944126758217,3,77,224,0.9472576797472507,0
image_plus_time,patient_2b3a49d49419f139,S2142820,S2142820,2021-10-05,0,0,0.1434831213601571,1,63,63,0.8157279408120953,0
image_plus_time,patient_2b3a49d49419f139,S2154959,S2154959,2021-12-21,0,0,0.16220774551968992,2,77,140,0.8157279408120953,0
image_plus_time,patient_2b3a49d49419f139,S2209237,S2209237,2022-03-08,0,0,0.18821598313418442,3,77,217,0.8157279408120953,0
image_plus_time,patient_2c0945e38263a664,S2235318,S2235318,2022-08-23,0,0,0.10966761063238753,1,14,14,0.8157279408120953,0
image_plus_time,patient_2c0945e38263a664,S2246785,S2246785,2022-11-08,0,0,0.04202950311445267,2,77,91,0.8157279408120953,0
image_plus_time,patient_2c0945e38263a664,S2254659,S2254659,2022-12-27,0,0,0.07652183131218483,3,49,140,0.8157279408120953,0
image_plus_time,patient_2c0945e38263a664,S2308045,S2308045,2023-02-21,0,0,0.09785934799213392,4,56,196,0.8157279408120953,0
image_plus_time,patient_2c0945e38263a664,S2318956,S2318956,2023-05-02,1,0,0.09393134515185687,5,70,266,0.8157279408120953,0
image_plus_time,patient_2c0945e38263a664,S2332142,S2332142,2023-07-25,0,0,0.08039205534050402,5,154,350,0.8157279408120953,0
image_plus_time,patient_2e5d461d7873e6f4,S2130898,S2130898,2021-07-19,0,2,0.038351018855231366,1,272,272,0.9472576797472507,0
image_plus_time,patient_2e5d461d7873e6f4,S2142815,S2142815,2021-10-05,0,2,0.11808962252194369,2,78,350,0.9472576797472507,0
image_plus_time,patient_2e5d461d7873e6f4,S2244727,S2244727,2022-10-25,1,2,0.0997681586084555,3,385,735,0.9472576797472507,0
image_plus_time,patient_2e5d461d7873e6f4,S2253528,S2253528,2022-12-20,0,2,0.099121352695624,3,441,791,0.9472576797472507,0
image_plus_time,patient_2e5d461d7873e6f4,S2311235,S2311235,2023-03-14,0,2,0.0982801444214597,3,525,875,0.9472576797472507,0
image_plus_time,patient_30b34f698447ae86,S2206288,S2206288,2022-02-15,0,1,0.029168564159909777,1,28,28,0.5840773334477728,0
image_plus_time,patient_30b34f698447ae86,S2209232,S2209232,2022-03-08,0,1,0.05459114460315232,2,21,49,0.5840773334477728,0
image_plus_time,patient_30b34f698447ae86,S2214324,S2214324,2022-04-12,0,1,0.08631846454286589,3,35,84,0.5840773334477728,0
image_plus_time,patient_30b34f698447ae86,S2220927,S2220927,2022-05-24,0,1,0.07700364568035109,4,42,126,0.5840773334477728,0
image_plus_time,patient_30b34f698447ae86,S2227621,S2227621,2022-07-05,0,1,0.10112895409505593,5,42,168,0.5840773334477728,0
image_plus_time,patient_30b34f698447ae86,S2241564,S2241564,2022-10-04,0,1,0.09206365809587282,6,91,259,0.5840773334477728,0
image_plus_time,patient_30b34f698447ae86,S2300331,S2300331,2023-01-03,0,1,0.09376184946177417,7,91,350,0.5840773334477728,0
image_plus_time,patient_30b34f698447ae86,S2326330,S2326330,2023-06-20,0,1,0.08898446786569154,8,168,518,0.5840773334477728,0
image_plus_time,patient_33180b505ac426fd,S2501301,S2501301,2025-01-14,0,2,0.5334444331787985,1,47,47,0.9472576797472507,0
image_plus_time,patient_33180b505ac426fd,S2503128,S2503128,2025-02-04,0,2,0.4214468082893333,2,21,68,0.9472576797472507,0
image_plus_time,patient_33180b505ac426fd,S2511008,S2511008,2025-04-15,0,2,0.49516508111266955,3,70,138,0.9472576797472507,0
image_plus_time,patient_33180b505ac426fd,S2515598,S2515598,2025-05-27,0,2,0.5021152347046085,4,42,180,0.9472576797472507,0
image_plus_time,patient_33180b505ac426fd,S2521240,S2521240,2025-07-15,0,2,0.49285515755148995,5,49,229,0.9472576797472507,0
image_plus_time,patient_331a649dfec3ede4,S2140144,S2140144,2021-09-14,0,0,0.8909513801328695,1,63,63,0.8157279408120953,1
image_plus_time,patient_331a649dfec3ede4,S2210207,S2210207,2022-03-15,0,0,0.47714651327158825,2,182,245,0.8157279408120953,0
image_plus_time,patient_37a67c1ae4e8ad43,S2251252,S2251252,2022-12-06,0,0,0.0686380920875133,1,35,35,0.8157279408120953,0
image_plus_time,patient_37a67c1ae4e8ad43,S2300360,S2300360,2023-01-03,0,0,0.06774821369995515,2,28,63,0.8157279408120953,0
image_plus_time,patient_37a67c1ae4e8ad43,S2304560,S2304560,2023-01-31,0,0,0.094506422356279,3,28,91,0.8157279408120953,0
image_plus_time,patient_37a67c1ae4e8ad43,S2314588,S2314588,2023-04-04,0,0,0.06720939826686878,4,63,154,0.8157279408120953,0
image_plus_time,patient_37a67c1ae4e8ad43,S2328623,S2328623,2023-07-04,0,0,0.07090725380401633,5,91,245,0.8157279408120953,0
image_plus_time,patient_37a67c1ae4e8ad43,S2346543,S2346543,2023-10-31,0,0,0.05800082675629759,6,119,364,0.8157279408120953,0
image_plus_time,patient_37a67c1ae4e8ad43,S2408481,S2408481,2024-02-27,0,0,0.04483765434810697,7,119,483,0.8157279408120953,0
image_plus_time,patient_3840f67f21017b79,S2225223,S2225223,2022-06-21,0,2,0.582883665381948,1,14,14,0.9472576797472507,0
image_plus_time,patient_3840f67f21017b79,S2229971,S2229971,2022-07-19,0,2,0.5149539157207308,2,28,42,0.9472576797472507,0
image_plus_time,patient_3840f67f21017b79,S2235317,S2235317,2022-08-23,0,2,0.5030700579184475,3,35,77,0.9472576797472507,0
image_plus_time,patient_3840f67f21017b79,S2241563,S2241563,2022-10-04,0,2,0.5544077757616849,4,42,119,0.9472576797472507,0
image_plus_time,patient_3840f67f21017b79,S2250152,S2250152,2022-11-29,0,2,0.5704153103625872,5,56,175,0.9472576797472507,0
image_plus_time,patient_3840f67f21017b79,S2308042,S2308042,2023-02-21,0,2,0.5865675430497325,6,84,259,0.9472576797472507,0
image_plus_time,patient_3840f67f21017b79,S2323102,S2323102,2023-05-30,0,2,0.5564520600482549,7,98,357,0.9472576797472507,0
image_plus_time,patient_3b33f0c3a0f54d90,S2047227,S2047227,2020-11-27,1,2,0.11295898707268001,1,108,108,0.9472576797472507,0
image_plus_time,patient_3fc4b14a03335d7f,S2203739,S2203739,2022-01-25,0,2,0.5327718622997293,1,7,7,0.9472576797472507,0
image_plus_time,patient_3fc4b14a03335d7f,S2206286,S2206286,2022-02-15,0,2,0.4808856263373227,2,21,28,0.9472576797472507,0
image_plus_time,patient_3fc4b14a03335d7f,S2212215,S2212215,2022-03-29,0,2,0.38792346559764646,3,42,70,0.9472576797472507,0
image_plus_time,patient_3fc4b14a03335d7f,S2217673,S2217673,2022-05-03,0,2,0.475070534111211,4,35,105,0.9472576797472507,0
image_plus_time,patient_3fc4b14a03335d7f,S2225224,S2225224,2022-06-21,0,2,0.5077704106805161,5,49,154,0.9472576797472507,0
image_plus_time,patient_3fc4b14a03335d7f,S2240720,S2240720,2022-09-27,0,2,0.4879887705949327,6,98,252,0.9472576797472507,0
image_plus_time,patient_441646021a546773,S2210206,S2210206,2022-03-15,0,1,0.16121647000190062,1,13,13,0.5840773334477728,0
image_plus_time,patient_441646021a546773,S2215454,S2215454,2022-04-19,0,1,0.1671624375744424,2,35,48,0.5840773334477728,0
image_plus_time,patient_441646021a546773,S2219753,S2219753,2022-05-17,0,1,0.11773689329417869,3,28,76,0.5840773334477728,0
image_plus_time,patient_441646021a546773,S2226370,S2226370,2022-06-28,0,1,0.11498343482978307,4,42,118,0.5840773334477728,0
image_plus_time,patient_441646021a546773,S2235315,S2235315,2022-08-23,0,1,0.0972874304162913,5,56,174,0.5840773334477728,0
image_plus_time,patient_441646021a546773,S2248988,S2248988,2022-11-22,0,1,0.08734373766805219,6,91,265,0.5840773334477728,0
image_plus_time,patient_441646021a546773,S2306850,S2306850,2023-02-14,0,1,0.0971159317733555,7,84,349,0.5840773334477728,0
image_plus_time,patient_441646021a546773,S2322861,S2322861,2023-05-26,0,1,0.13936143713189142,8,101,450,0.5840773334477728,0
image_plus_time,patient_4610d334819bbd61,S2509420,S2509420,2025-04-01,0,0,0.022597547171120065,1,21,21,0.8157279408120953,0
image_plus_time,patient_4610d334819bbd61,S2513846,S2513846,2025-05-13,0,0,0.03396906263757668,2,42,63,0.8157279408120953,0
image_plus_time,patient_46cfa1714c823433,S2353999,S2353999,2023-12-19,0,2,0.15958727023384497,1,21,21,0.9472576797472507,0
image_plus_time,patient_46cfa1714c823433,S2414957,S2414957,2024-05-21,0,2,0.2675151337421855,2,154,175,0.9472576797472507,0
image_plus_time,patient_46cfa1714c823433,S2423619,S2423619,2024-08-13,0,2,0.29114820899204763,3,84,259,0.9472576797472507,0
image_plus_time,patient_4a2bd6cb3f9d710c,S2310074,S2310074,2023-03-07,0,1,0.38498752664358005,1,21,21,0.5840773334477728,0
image_plus_time,patient_4a2bd6cb3f9d710c,S2315838,S2315838,2023-04-11,0,1,0.23889466213478716,2,35,56,0.5840773334477728,0
image_plus_time,patient_4a2bd6cb3f9d710c,S2323104,S2323104,2023-05-30,0,1,0.19021870042642494,3,49,105,0.5840773334477728,0
image_plus_time,patient_4a2bd6cb3f9d710c,S2406755,S2406755,2024-02-13,0,1,0.16352661911327518,4,259,364,0.5840773334477728,0
image_plus_time,patient_4a9f4346155f3b62,S2216629,S2216629,2022-04-25,0,0,0.1685613207978301,1,13,13,0.8157279408120953,0
image_plus_time,patient_4a9f4346155f3b62,S2222063,S2222063,2022-05-31,0,0,0.22458292201448274,2,36,49,0.8157279408120953,0
image_plus_time,patient_4a9f4346155f3b62,S2235319,S2235319,2022-08-23,1,0,0.38742949459504245,3,84,133,0.8157279408120953,0
image_plus_time,patient_4a9f4346155f3b62,S2242499,S2242499,2022-10-11,0,0,0.37012232746933593,3,133,182,0.8157279408120953,0
image_plus_time,patient_4a9f4346155f3b62,S2312318,S2312318,2023-03-21,0,0,0.3378840844333218,3,294,343,0.8157279408120953,0
image_plus_time,patient_4ab30837cfd3692a,S2417717,S2417717,2024-06-18,0,1,0.03353390492205718,1,21,21,0.5840773334477728,0
image_plus_time,patient_4ab30837cfd3692a,S2433346,S2433346,2024-11-19,0,1,0.26103211647231883,2,154,175,0.5840773334477728,0
image_plus_time,patient_4ab30837cfd3692a,S2505506,S2505506,2025-02-25,0,1,0.20403259139173358,3,98,273,0.5840773334477728,0
image_plus_time,patient_4af3110fd801b611,S2353995,S2353995,2023-12-19,0,1,0.004493515540732441,1,56,56,0.5840773334477728,0
image_plus_time,patient_4af3110fd801b611,S2402481,S2402481,2024-01-16,0,1,0.01563357066057526,2,28,84,0.5840773334477728,0
image_plus_time,patient_4af3110fd801b611,S2408486,S2408486,2024-02-27,0,1,0.012323296102192573,3,42,126,0.5840773334477728,0
image_plus_time,patient_4af3110fd801b611,S2412060,S2412060,2024-04-16,0,1,0.01248535532781196,4,49,175,0.5840773334477728,0
image_plus_time,patient_4af3110fd801b611,S2420602,S2420602,2024-07-16,0,1,0.01777399591085329,5,91,266,0.5840773334477728,0
image_plus_time,patient_4af3110fd801b611,S2429676,S2429676,2024-10-15,0,1,0.017366282852269644,6,91,357,0.5840773334477728,0
image_plus_time,patient_4cb9dbad2d74486f,S2151616,S2151616,2021-11-30,0,1,0.20711187343898835,1,14,14,0.5840773334477728,0
image_plus_time,patient_4cb9dbad2d74486f,S2211181,S2211181,2022-03-22,0,1,0.18401061183431922,2,112,126,0.5840773334477728,0
image_plus_time,patient_4cb9dbad2d74486f,S2226371,S2226371,2022-06-28,0,1,0.2629405284716525,3,98,224,0.5840773334477728,0
image_plus_time,patient_4cb9dbad2d74486f,S2239521,S2239521,2022-09-20,0,1,0.2040370891362141,4,84,308,0.5840773334477728,0
image_plus_time,patient_503148ddee5b72e0,S2237601,S2237601,2022-09-06,0,2,0.7117811810659257,1,53,53,0.9472576797472507,0
image_plus_time,patient_503148ddee5b72e0,S2312320,S2312320,2023-03-21,0,2,0.5557837045064644,2,196,249,0.9472576797472507,0
image_plus_time,patient_503148ddee5b72e0,S2327485,S2327485,2023-06-27,0,2,0.41437855764747517,3,98,347,0.9472576797472507,0
image_plus_time,patient_5a68de4c65c56662,S2238299,S2238299,2022-09-13,0,2,0.34057413985194057,1,20,20,0.9472576797472507,0
image_plus_time,patient_5a68de4c65c56662,S2242500,S2242500,2022-10-11,0,2,0.49509890545418256,2,28,48,0.9472576797472507,0
image_plus_time,patient_5a68de4c65c56662,S2246786,S2246786,2022-11-08,0,2,0.500132834266222,3,28,76,0.9472576797472507,0
image_plus_time,patient_5a68de4c65c56662,S2254886,S2254886,2022-12-28,0,2,0.4060064987948448,4,50,126,0.9472576797472507,0
image_plus_time,patient_5ad31502c2708b1a,S2338781,S2338781,2023-09-05,0,1,0.03247680892468049,1,28,28,0.5840773334477728,0
image_plus_time,patient_5ad31502c2708b1a,S2342677,S2342677,2023-10-04,0,1,0.02363859960020108,2,29,57,0.5840773334477728,0
image_plus_time,patient_5d35983cfd191fff,S2144969,S2144969,2021-10-19,0,1,0.070941631302234,1,42,42,0.5840773334477728,0
image_plus_time,patient_5d35983cfd191fff,S2205211,S2205211,2022-02-08,0,1,0.05153557686425821,2,112,154,0.5840773334477728,0
image_plus_time,patient_5d35983cfd191fff,S2216605,S2216605,2022-04-26,0,1,0.2586179178743136,3,77,231,0.5840773334477728,0
image_plus_time,patient_5ee21afd8d2dea4c,S2318954,S2318954,2023-05-02,0,1,0.3169098259485706,1,21,21,0.5840773334477728,0
image_plus_time,patient_5ee21afd8d2dea4c,S2325144,S2325144,2023-06-13,0,1,0.3969919767357136,2,42,63,0.5840773334477728,0
image_plus_time,patient_5ee21afd8d2dea4c,S2330988,S2330988,2023-07-18,0,1,0.30218957006606867,3,35,98,0.5840773334477728,0
image_plus_time,patient_5ee21afd8d2dea4c,S2338782,S2338782,2023-09-05,0,1,0.24457083883089248,4,49,147,0.5840773334477728,0
image_plus_time,patient_5ee21afd8d2dea4c,S2408854,S2408854,2024-03-05,0,1,0.2039355294270032,5,182,329,0.5840773334477728,0
image_plus_time,patient_61128f527d32178f,S2144966,S2144966,2021-10-19,0,1,0.01230525296840703,1,84,84,0.5840773334477728,0
image_plus_time,patient_69d6941869afda05,S2210209,S2210209,2022-03-15,1,2,0.6002065325702727,1,28,28,0.9472576797472507,0
image_plus_time,patient_69d6941869afda05,S2214323,S2214323,2022-04-12,0,2,0.5895305453077458,1,56,56,0.9472576797472507,0
image_plus_time,patient_69d6941869afda05,S2219751,S2219751,2022-05-17,0,2,0.5819151592686507,1,91,91,0.9472576797472507,0
image_plus_time,patient_69d6941869afda05,S2224010,S2224010,2022-06-14,0,2,0.577671396032081,1,119,119,0.9472576797472507,0
image_plus_time,patient_69d6941869afda05,S2232194,S2232194,2022-08-02,0,2,0.5721856619506548,1,168,168,0.9472576797472507,0
image_plus_time,patient_69d6941869afda05,S2241565,S2241565,2022-10-04,0,2,0.5670936701871581,1,231,231,0.9472576797472507,0
image_plus_time,patient_69d6941869afda05,S2253524,S2253524,2022-12-20,0,2,0.5624753177216653,1,308,308,0.9472576797472507,0
image_plus_time,patient_6d8c27caf7586f64,S2326332,S2326332,2023-06-20,0,0,0.12043577286413408,1,21,21,0.8157279408120953,0
image_plus_time,patient_6d8c27caf7586f64,S2330982,S2330982,2023-07-18,0,0,0.08257071390913992,2,28,49,0.8157279408120953,0
image_plus_time,patient_6e23f91caa098b84,S2422139,S2422139,2024-07-30,0,1,0.09462118155524482,1,21,21,0.5840773334477728,0
image_plus_time,patient_6e23f91caa098b84,S2427693,S2427693,2024-09-24,0,1,0.055212167239466904,2,56,77,0.5840773334477728,0
image_plus_time,patient_6e23f91caa098b84,S2433342,S2433342,2024-11-19,0,1,0.06424470991272091,3,56,133,0.5840773334477728,0
image_plus_time,patient_6e23f91caa098b84,S2437880,S2437880,2024-12-31,0,1,0.06637613848017576,4,42,175,0.5840773334477728,0
image_plus_time,patient_6e23f91caa098b84,S2506961,S2506961,2025-03-11,0,1,0.06359946094375482,5,70,245,0.5840773334477728,0
image_plus_time,patient_6e852ae1e67cc6a5,S2522994,S2522994,2025-07-29,0,2,0.06847610380418391,1,14,14,0.9472576797472507,0
image_plus_time,patient_6e852ae1e67cc6a5,S2526362,S2526362,2025-08-26,0,2,0.0989027267109712,2,28,42,0.9472576797472507,0
image_plus_time,patient_6e852ae1e67cc6a5,S2530049,S2530049,2025-09-23,0,2,0.06831994547243399,3,28,70,0.9472576797472507,0
image_plus_time,patient_70289ea84b1dd193,S2511006,S2511006,2025-04-15,0,1,0.02468460189229445,1,21,21,0.5840773334477728,0
image_plus_time,patient_70289ea84b1dd193,S2513848,S2513848,2025-05-13,0,1,0.023561101750981715,2,28,49,0.5840773334477728,0
image_plus_time,patient_70289ea84b1dd193,S2524760,S2524760,2025-08-12,0,1,0.05461452476247142,3,91,140,0.5840773334477728,0
image_plus_time,patient_70289ea84b1dd193,S2531989,S2531989,2025-10-14,0,1,0.047634870423057314,4,63,203,0.5840773334477728,0
image_plus_time,patient_71270218daad69ca,S2334411,S2334411,2023-08-08,0,1,0.020389080467318917,1,427,427,0.5840773334477728,0
image_plus_time,patient_718a20df543bc4dd,S2410460,S2410460,2024-03-26,0,0,0.1750020233509113,1,14,14,0.8157279408120953,0
image_plus_time,patient_718a20df543bc4dd,S2412725,S2412725,2024-04-23,0,0,0.07199045314218007,2,28,42,0.8157279408120953,0
image_plus_time,patient_718a20df543bc4dd,S2415070,S2415070,2024-05-22,0,0,0.05441158574123062,3,29,71,0.8157279408120953,0
image_plus_time,patient_718a20df543bc4dd,S2424259,S2424259,2024-08-20,0,0,0.03990274824059736,4,90,161,0.8157279408120953,0
image_plus_time,patient_718a20df543bc4dd,S2504721,S2504721,2025-02-18,0,0,0.04446808445820766,5,182,343,0.8157279408120953,0
image_plus_time,patient_71a52624c9074da6,S2325142,S2325142,2023-06-13,0,2,0.07318386560773059,1,27,27,0.9472576797472507,0
image_plus_time,patient_71a52624c9074da6,S2330985,S2330985,2023-07-18,0,2,0.17722827855752032,2,35,62,0.9472576797472507,0
image_plus_time,patient_71a52624c9074da6,S2336494,S2336494,2023-08-22,0,2,0.21236822882384762,3,35,97,0.9472576797472507,0
image_plus_time,patient_71a52624c9074da6,S2344458,S2344458,2023-10-17,0,2,0.25535052464195407,4,56,153,0.9472576797472507,0
image_plus_time,patient_71a52624c9074da6,S2352827,S2352827,2023-12-12,0,2,0.31917841546847947,5,56,209,0.9472576797472507,0
image_plus_time,patient_780d5b318208b01a,S2406753,S2406753,2024-02-13,0,2,0.5568310366381185,1,154,154,0.9472576797472507,0
image_plus_time,patient_780d5b318208b01a,S2423616,S2423616,2024-08-13,0,2,0.41463436572151857,2,182,336,0.9472576797472507,0
image_plus_time,patient_78e356d1740b4e11,S2229536,S2229536,2022-07-15,0,0,0.09842673427611191,1,234,234,0.8157279408120953,0
image_plus_time,patient_79f0ef3e7f376fdb,S2406038,S2406038,2024-02-06,0,2,0.16598627977629027,1,60,60,0.9472576797472507,0
image_plus_time,patient_79f0ef3e7f376fdb,S2409390,S2409390,2024-03-12,0,2,0.3132597306354334,2,35,95,0.9472576797472507,0
image_plus_time,patient_79f0ef3e7f376fdb,S2413768,S2413768,2024-05-07,0,2,0.2691463721264306,3,56,151,0.9472576797472507,0
image_plus_time,patient_79f0ef3e7f376fdb,S2431862,S2431862,2024-11-05,0,2,0.3452709412024144,4,182,333,0.9472576797472507,0
image_plus_time,patient_7b8c5e3e158230df,S2424255,S2424255,2024-08-20,0,1,0.019431985443596853,1,28,28,0.5840773334477728,0
image_plus_time,patient_7b8c5e3e158230df,S2426615,S2426615,2024-09-10,0,1,0.1225173585105086,2,21,49,0.5840773334477728,0
image_plus_time,patient_7d29fcd258114554,S2143769,S2143769,2021-10-12,0,0,0.277632574428729,1,14,14,0.8157279408120953,0
image_plus_time,patient_7d29fcd258114554,S2149396,S2149396,2021-11-16,0,0,0.11498879129801481,2,35,49,0.8157279408120953,0
image_plus_time,patient_7d29fcd258114554,S2154957,S2154957,2021-12-21,0,0,0.13249094298236036,3,35,84,0.8157279408120953,0
image_plus_time,patient_7d29fcd258114554,S2203734,S2203734,2022-01-25,0,0,0.17878642951694465,4,35,119,0.8157279408120953,0
image_plus_time,patient_7d29fcd258114554,S2210203,S2210203,2022-03-15,0,0,0.14859897534110597,5,49,168,0.8157279408120953,0
image_plus_time,patient_7d29fcd258114554,S2239522,S2239522,2022-09-20,0,0,0.14719338481181884,6,189,357,0.8157279408120953,0
image_plus_time,patient_7ea5ec2f6c847fc5,S2148219,S2148219,2021-11-08,0,1,0.09700602453795855,1,76,76,0.5840773334477728,0
image_plus_time,patient_7ea5ec2f6c847fc5,S2207353,S2207353,2022-02-22,0,1,0.13083924863242535,2,106,182,0.5840773334477728,0
image_plus_time,patient_7fb8c2b1e117173f,S2533022,S2533022,2025-10-21,0,0,0.220600907417936,1,28,28,0.8157279408120953,0
image_plus_time,patient_88518ae12a01280d,S2530991,S2530991,2025-09-30,0,2,0.04490917641255825,1,28,28,0.9472576797472507,0
image_plus_time,patient_88518ae12a01280d,S2535840,S2535840,2025-11-11,0,2,0.09787303524793213,2,42,70,0.9472576797472507,0
image_plus_time,patient_886cef649f01f586,S2200309,S2200309,2022-01-04,0,0,0.44419671181441567,1,350,350,0.8157279408120953,0
image_plus_time,patient_895c9f3c4b1870d6,S2128633,S2128633,2021-07-06,1,0,0.35164382452366816,1,133,133,0.8157279408120953,0
image_plus_time,patient_895c9f3c4b1870d6,S2134279,S2134279,2021-08-10,1,0,0.33410126293060866,1,168,168,0.8157279408120953,0
image_plus_time,patient_895c9f3c4b1870d6,S2141807,S2141807,2021-09-28,0,0,0.31537076249355595,1,217,217,0.8157279408120953,0
image_plus_time,patient_895c9f3c4b1870d6,S2148221,S2148221,2021-11-09,1,0,0.3027468754309953,1,259,259,0.8157279408120953,0
image_plus_time,patient_895c9f3c4b1870d6,S2205208,S2205208,2022-02-08,0,0,0.28191999984288346,1,350,350,0.8157279408120953,0
image_plus_time,patient_897fc368fe7593b2,S2410451,S2410451,2024-03-26,0,2,0.3857594055007471,1,14,14,0.9472576797472507,0
image_plus_time,patient_897fc368fe7593b2,S2413342,S2413342,2024-04-30,0,2,0.38106123876358594,2,35,49,0.9472576797472507,0
image_plus_time,patient_897fc368fe7593b2,S2414955,S2414955,2024-05-21,0,2,0.4665670519943555,3,21,70,0.9472576797472507,0
image_plus_time,patient_897fc368fe7593b2,S2419848,S2419848,2024-07-08,0,2,0.4695487333934673,4,48,118,0.9472576797472507,0
image_plus_time,patient_897fc368fe7593b2,S2424250,S2424250,2024-08-20,0,2,0.4592014290807862,5,43,161,0.9472576797472507,0
image_plus_time,patient_897fc368fe7593b2,S2431866,S2431866,2024-11-05,0,2,0.4859283150076017,6,77,238,0.9472576797472507,0
image_plus_time,patient_897fc368fe7593b2,S2504719,S2504719,2025-02-18,0,2,0.5010988921315177,7,105,343,0.9472576797472507,0
image_plus_time,patient_8a989ce38f711fa1,S2154958,S2154958,2021-12-21,0,1,0.26913018853801285,1,21,21,0.5840773334477728,0
image_plus_time,patient_8a989ce38f711fa1,S2202568,S2202568,2022-01-18,0,1,0.2067575540671887,2,28,49,0.5840773334477728,0
image_plus_time,patient_8a989ce38f711fa1,S2207350,S2207350,2022-02-22,0,1,0.14725531586566273,3,35,84,0.5840773334477728,0
image_plus_time,patient_8a989ce38f711fa1,S2213274,S2213274,2022-04-05,0,1,0.11935826973851872,4,42,126,0.5840773334477728,0
image_plus_time,patient_8a989ce38f711fa1,S2222062,S2222062,2022-05-31,0,1,0.10105794654475694,5,56,182,0.5840773334477728,0
image_plus_time,patient_8a989ce38f711fa1,S2234200,S2234200,2022-08-16,0,1,0.09776686841301975,6,77,259,0.5840773334477728,0
image_plus_time,patient_8a989ce38f711fa1,S2248983,S2248983,2022-11-22,0,1,0.10644638064929791,7,98,357,0.5840773334477728,0
image_plus_time,patient_937267369badf303,S2308043,S2308043,2023-02-21,0,2,0.4090135844338121,1,49,49,0.9472576797472507,0
image_plus_time,patient_937267369badf303,S2312323,S2312323,2023-03-21,0,2,0.41984256777633333,2,28,77,0.9472576797472507,0
image_plus_time,patient_937267369badf303,S2319878,S2319878,2023-05-09,0,2,0.46243819431030414,3,49,126,0.9472576797472507,0
image_plus_time,patient_93ac78fffd137473,S2329753,S2329753,2023-07-11,0,1,0.5760338729776696,1,224,224,0.5840773334477728,0
image_plus_time,patient_9665aa8b62656cf9,S2531985,S2531985,2025-10-14,0,1,0.3175745234363279,1,14,14,0.5840773334477728,0
image_plus_time,patient_98877b8b3d3e8763,S2140147,S2140147,2021-09-13,0,1,0.016560416162782417,1,41,41,0.5840773334477728,0
image_plus_time,patient_98877b8b3d3e8763,S2147205,S2147205,2021-11-02,0,1,0.09146836216716703,2,50,91,0.5840773334477728,0
image_plus_time,patient_98877b8b3d3e8763,S2201380,S2201380,2022-01-10,0,1,0.06531673747292634,3,69,160,0.5840773334477728,0
image_plus_time,patient_98877b8b3d3e8763,S2211180,S2211180,2022-03-22,0,1,0.06638368903782266,4,71,231,0.5840773334477728,0
image_plus_time,patient_98877b8b3d3e8763,S2225226,S2225226,2022-06-21,0,1,0.05601977940842841,5,91,322,0.5840773334477728,0
image_plus_time,patient_9b81a2766f087b27,S2114402,S2114402,2021-04-06,0,2,0.9289056516395311,1,21,21,0.9472576797472507,0
image_plus_time,patient_9b81a2766f087b27,S2119964,S2119964,2021-05-11,1,2,0.8055836931543598,2,35,56,0.9472576797472507,0
image_plus_time,patient_9b81a2766f087b27,S2150495,S2150495,2021-11-23,1,2,0.7886030811454714,2,231,252,0.9472576797472507,0
image_plus_time,patient_9b81a2766f087b27,S2209234,S2209234,2022-03-08,0,2,0.7849760440218432,2,336,357,0.9472576797472507,0
image_plus_time,patient_a533d77edf530d7d,S2334386,S2334386,2023-08-08,0,2,0.4181635539041602,1,14,14,0.9472576797472507,0
image_plus_time,patient_a533d77edf530d7d,S2338786,S2338786,2023-09-05,0,2,0.24946266401617367,2,28,42,0.9472576797472507,0
image_plus_time,patient_a533d77edf530d7d,S2343314,S2343314,2023-10-11,0,2,0.40781996075540655,3,36,78,0.9472576797472507,0
image_plus_time,patient_a533d77edf530d7d,S2346179,S2346179,2023-10-27,0,2,0.43409771878216685,4,16,94,0.9472576797472507,0
image_plus_time,patient_a533d77edf530d7d,S2348398,S2348398,2023-11-14,0,2,0.4528262431714915,5,18,112,0.9472576797472507,0
image_plus_time,patient_a533d77edf530d7d,S2352825,S2352825,2023-12-12,0,2,0.4334911703836049,6,28,140,0.9472576797472507,0
image_plus_time,patient_a533d77edf530d7d,S2402484,S2402484,2024-01-16,0,2,0.4225461140793942,7,35,175,0.9472576797472507,0
image_plus_time,patient_a533d77edf530d7d,S2420603,S2420603,2024-07-16,0,2,0.40398584685272987,8,182,357,0.9472576797472507,0
image_plus_time,patient_ab45843e8e5c5823,S2300361,S2300361,2023-01-03,0,0,0.12470937988313445,1,14,14,0.8157279408120953,0
image_plus_time,patient_ab45843e8e5c5823,S2306015,S2306015,2023-02-08,0,0,0.10428401771487719,2,36,50,0.8157279408120953,0
image_plus_time,patient_ab45843e8e5c5823,S2310079,S2310079,2023-03-07,0,0,0.12168132649438441,3,27,77,0.8157279408120953,0
image_plus_time,patient_ab45843e8e5c5823,S2315841,S2315841,2023-04-11,0,0,0.0864999035151882,4,35,112,0.8157279408120953,0
image_plus_time,patient_ab45843e8e5c5823,S2325143,S2325143,2023-06-13,0,0,0.06385413311382843,5,63,175,0.8157279408120953,0
image_plus_time,patient_ab45843e8e5c5823,S2339820,S2339820,2023-09-12,0,0,0.06257304911346628,6,91,266,0.8157279408120953,0
image_plus_time,patient_ab45843e8e5c5823,S2351751,S2351751,2023-12-05,0,0,0.11361114597219969,7,84,350,0.8157279408120953,0
image_plus_time,patient_aca1fffca0191542,S2211179,S2211179,2022-03-22,0,0,0.0022350933795132174,1,168,168,0.8157279408120953,0
image_plus_time,patient_aca1fffca0191542,S2333273,S2333273,2023-08-01,0,0,0.0024384896592175116,2,497,665,0.8157279408120953,0
image_plus_time,patient_ad7be783b5ff7f03,S2316900,S2316900,2023-04-18,0,0,0.10020067326831235,1,14,14,0.8157279408120953,0
image_plus_time,patient_ad7be783b5ff7f03,S2329756,S2329756,2023-07-11,0,0,0.2748105999573245,2,84,98,0.8157279408120953,0
image_plus_time,patient_ad7be783b5ff7f03,S2410458,S2410458,2024-03-26,0,0,0.17901710268101909,3,259,357,0.8157279408120953,0
image_plus_time,patient_ae0f85572ff16638,S2311234,S2311234,2023-03-14,0,0,0.012859866403820822,1,455,455,0.8157279408120953,0
image_plus_time,patient_b824bfb064fb2de4,S2200310,S2200310,2022-01-04,0,2,0.9268220023995314,1,49,49,0.9472576797472507,0
image_plus_time,patient_b824bfb064fb2de4,S2206287,S2206287,2022-02-15,0,2,0.5718635142547003,2,42,91,0.9472576797472507,0
image_plus_time,patient_b824bfb064fb2de4,S2210202,S2210202,2022-03-15,0,2,0.5628286408102733,3,28,119,0.9472576797472507,0
image_plus_time,patient_b824bfb064fb2de4,S2216631,S2216631,2022-04-26,0,2,0.5245568005166354,4,42,161,0.9472576797472507,0
image_plus_time,patient_bdc3f4ebb82da82e,S2437882,S2437882,2024-12-31,1,1,0.07253671324076791,1,14,14,0.5840773334477728,0
image_plus_time,patient_bdc3f4ebb82da82e,S2503127,S2503127,2025-02-04,0,1,0.07761331116111529,1,49,49,0.5840773334477728,0
image_plus_time,patient_bdc3f4ebb82da82e,S2506960,S2506960,2025-03-11,0,1,0.0799524838472313,1,84,84,0.5840773334477728,0
image_plus_time,patient_bdc3f4ebb82da82e,S2516970,S2516970,2025-06-10,0,1,0.08326570382739648,1,175,175,0.5840773334477728,0
image_plus_time,patient_c18ca7616a5ad1b6,S2405217,S2405217,2024-01-31,0,1,0.015391454219603105,1,29,29,0.5840773334477728,0
image_plus_time,patient_c18ca7616a5ad1b6,S2408482,S2408482,2024-02-27,0,1,0.0833452318886778,2,27,56,0.5840773334477728,0
image_plus_time,patient_c18ca7616a5ad1b6,S2412061,S2412061,2024-04-16,0,1,0.05911905006184983,3,49,105,0.5840773334477728,0
image_plus_time,patient_c18ca7616a5ad1b6,S2414954,S2414954,2024-05-21,0,1,0.04795140580468592,4,35,140,0.5840773334477728,0
image_plus_time,patient_c18ca7616a5ad1b6,S2434134,S2434134,2024-11-26,0,1,0.05407571755792466,5,189,329,0.5840773334477728,0
image_plus_time,patient_c2ec040a2ccee825,S2422845,S2422845,2024-08-06,0,0,0.32110425081583693,1,21,21,0.8157279408120953,0
image_plus_time,patient_c2ec040a2ccee825,S2502090,S2502090,2025-01-21,0,0,0.3087044352365635,2,168,189,0.8157279408120953,0
image_plus_time,patient_c2ec040a2ccee825,S2511010,S2511010,2025-04-15,0,0,0.23484617715064415,3,84,273,0.8157279408120953,0
image_plus_time,patient_c2ec040a2ccee825,S2520404,S2520404,2025-07-08,0,0,0.17764913582692166,4,84,357,0.8157279408120953,0
image_plus_time,patient_c37c171d859fe24a,S2236494,S2236494,2022-08-30,0,2,0.5166663758788195,1,49,49,0.9472576797472507,0
image_plus_time,patient_c37c171d859fe24a,S2244729,S2244729,2022-10-25,0,2,0.62302663881428,2,56,105,0.9472576797472507,0
image_plus_time,patient_c37c171d859fe24a,S2251247,S2251247,2022-12-06,0,2,0.5352539912851852,3,42,147,0.9472576797472507,0
image_plus_time,patient_c37c171d859fe24a,S2302644,S2302644,2023-01-17,0,2,0.5377097619841771,4,42,189,0.9472576797472507,0
image_plus_time,patient_c37c171d859fe24a,S2313436,S2313436,2023-03-28,0,2,0.5031444329546165,5,70,259,0.9472576797472507,0
image_plus_time,patient_c37c171d859fe24a,S2326329,S2326329,2023-06-20,0,2,0.5254079103655133,6,84,343,0.9472576797472507,0
image_plus_time,patient_c78561b4938dbb4c,S2150493,S2150493,2021-11-23,0,2,0.4771091640415483,1,21,21,0.9472576797472507,0
image_plus_time,patient_c78561b4938dbb4c,S2209236,S2209236,2022-03-08,0,2,0.2936162074110246,2,105,126,0.9472576797472507,0
image_plus_time,patient_c78561b4938dbb4c,S2215450,S2215450,2022-04-19,0,2,0.2892710862165145,3,42,168,0.9472576797472507,0
image_plus_time,patient_c78561b4938dbb4c,S2244730,S2244730,2022-10-25,0,2,0.23777701811947435,4,189,357,0.9472576797472507,0
image_plus_time,patient_c85fe67257ac09be,S2207349,S2207349,2022-02-22,0,0,0.23018413909730895,1,35,35,0.8157279408120953,0
image_plus_time,patient_c85fe67257ac09be,S2210204,S2210204,2022-03-15,0,0,0.1588428969731686,2,21,56,0.8157279408120953,0
image_plus_time,patient_c85fe67257ac09be,S2216630,S2216630,2022-04-26,0,0,0.11170456736730816,3,42,98,0.8157279408120953,0
image_plus_time,patient_c85fe67257ac09be,S2220918,S2220918,2022-05-24,0,0,0.22903951738716233,4,28,126,0.8157279408120953,0
image_plus_time,patient_c85fe67257ac09be,S2227608,S2227608,2022-07-05,0,0,0.17702575891719505,5,42,168,0.8157279408120953,0
image_plus_time,patient_c85fe67257ac09be,S2241560,S2241560,2022-10-04,0,0,0.14787945022177373,6,91,259,0.8157279408120953,0
image_plus_time,patient_cafa503bd84738e6,S2215449,S2215449,2022-04-19,0,2,0.801771227326865,1,21,21,0.9472576797472507,0
image_plus_time,patient_cafa503bd84738e6,S2219754,S2219754,2022-05-17,0,2,0.7600994560996144,2,28,49,0.9472576797472507,0
image_plus_time,patient_cafa503bd84738e6,S2224008,S2224008,2022-06-14,0,2,0.6372312517704503,3,28,77,0.9472576797472507,0
image_plus_time,patient_cafa503bd84738e6,S2232193,S2232193,2022-08-02,0,2,0.6265279598044473,4,49,126,0.9472576797472507,0
image_plus_time,patient_cafa503bd84738e6,S2239525,S2239525,2022-09-20,0,2,0.6482520879845801,5,49,175,0.9472576797472507,0
image_plus_time,patient_cafa503bd84738e6,S2253527,S2253527,2022-12-20,0,2,0.6490671685055317,6,91,266,0.9472576797472507,0
image_plus_time,patient_cafa503bd84738e6,S2312317,S2312317,2023-03-21,0,2,0.6419797411281609,7,91,357,0.9472576797472507,0
image_plus_time,patient_d074d89175786c47,S2231089,S2231089,2022-07-26,0,0,0.043879867156525316,1,21,21,0.8157279408120953,0
image_plus_time,patient_d074d89175786c47,S2236496,S2236496,2022-08-30,0,0,0.0337174381684369,2,35,56,0.8157279408120953,0
image_plus_time,patient_d074d89175786c47,S2242501,S2242501,2022-10-11,0,0,0.11093884392967344,3,42,98,0.8157279408120953,0
image_plus_time,patient_d074d89175786c47,S2250151,S2250151,2022-11-29,0,0,0.09208193855773315,4,49,147,0.8157279408120953,0
image_plus_time,patient_d074d89175786c47,S2304564,S2304564,2023-01-31,0,0,0.14224312791631935,5,63,210,0.8157279408120953,0
image_plus_time,patient_d074d89175786c47,S2315840,S2315840,2023-04-11,0,0,0.12549613307033056,6,70,280,0.8157279408120953,0
image_plus_time,patient_d074d89175786c47,S2327489,S2327489,2023-06-27,0,0,0.09740268339332628,7,77,357,0.8157279408120953,0
image_plus_time,patient_d4019523cc8c8335,S2408480,S2408480,2024-02-27,0,2,0.6988441735276326,1,14,14,0.9472576797472507,0
image_plus_time,patient_d4019523cc8c8335,S2411030,S2411030,2024-04-02,0,2,0.5621793766417769,2,35,49,0.9472576797472507,0
image_plus_time,patient_d4019523cc8c8335,S2419119,S2419119,2024-07-02,0,2,0.5519077049442586,3,91,140,0.9472576797472507,0
image_plus_time,patient_d4019523cc8c8335,S2430053,S2430053,2024-10-17,0,2,0.5364383309742216,4,107,247,0.9472576797472507,0
image_plus_time,patient_d48fc489086a470f,S2330983,S2330983,2023-07-18,0,1,0.03354116551005906,1,20,20,0.5840773334477728,0
image_plus_time,patient_d48fc489086a470f,S2336496,S2336496,2023-08-22,0,1,0.021823110278555168,2,35,55,0.5840773334477728,0
image_plus_time,patient_d48fc489086a470f,S2343312,S2343312,2023-10-10,0,1,0.03886988331289177,3,49,104,0.5840773334477728,0
image_plus_time,patient_d48fc489086a470f,S2350730,S2350730,2023-11-28,1,1,0.1636300536261005,4,49,153,0.5840773334477728,0
image_plus_time,patient_d48fc489086a470f,S2412714,S2412714,2024-04-23,0,1,0.17024006042019216,4,196,300,0.5840773334477728,0
image_plus_time,patient_d4c07874dec8cc11,S2426614,S2426614,2024-09-10,0,0,0.5062847379268094,1,126,126,0.8157279408120953,0
image_plus_time,patient_d4c07874dec8cc11,S2434133,S2434133,2024-11-26,0,0,0.36855237408719543,2,77,203,0.8157279408120953,0
image_plus_time,patient_d4c07874dec8cc11,S2505508,S2505508,2025-02-25,0,0,0.24799370857655553,3,91,294,0.8157279408120953,0
image_plus_time,patient_d66d976aaae8f399,S2135429,S2135429,2021-08-17,0,0,0.3979874850293594,1,14,14,0.8157279408120953,0
image_plus_time,patient_d66d976aaae8f399,S2140145,S2140145,2021-09-14,0,0,0.20314618164889875,2,28,42,0.8157279408120953,0
image_plus_time,patient_d66d976aaae8f399,S2143764,S2143764,2021-10-11,0,0,0.17160943895631764,3,27,69,0.8157279408120953,0
image_plus_time,patient_d66d976aaae8f399,S2202567,S2202567,2022-01-18,0,0,0.12017601973223763,4,99,168,0.8157279408120953,0
image_plus_time,patient_d66d976aaae8f399,S2213275,S2213275,2022-04-05,0,0,0.08670756498068592,5,77,245,0.8157279408120953,0
image_plus_time,patient_d66d976aaae8f399,S2228788,S2228788,2022-07-12,0,0,0.07447004666366888,6,98,343,0.8157279408120953,0
image_plus_time,patient_d772dd268706e1cf,S2150490,S2150490,2021-11-23,0,0,0.051652670456957636,1,112,112,0.8157279408120953,0
image_plus_time,patient_d772dd268706e1cf,S2203737,S2203737,2022-01-25,0,0,0.06867492574251827,2,63,175,0.8157279408120953,0
image_plus_time,patient_d772dd268706e1cf,S2215453,S2215453,2022-04-19,0,0,0.214418334441884,3,84,259,0.8157279408120953,0
image_plus_time,patient_d7b8077abb2db045,S2512685,S2512685,2025-04-29,0,0,0.4278176365527463,1,14,14,0.8157279408120953,0
image_plus_time,patient_d7b8077abb2db045,S2520402,S2520402,2025-07-08,0,0,0.28457183711995254,2,70,84,0.8157279408120953,0
image_plus_time,patient_d7b8077abb2db045,S2525436,S2525436,2025-08-19,0,0,0.3530052816352402,3,42,126,0.8157279408120953,0
image_plus_time,patient_d7b8077abb2db045,S2530981,S2530981,2025-09-30,0,0,0.4893616647992553,4,42,168,0.8157279408120953,0
image_plus_time,patient_d82abebcfaf082f8,S2407941,S2407941,2024-02-20,0,0,0.001965471204619993,1,21,21,0.8157279408120953,0
image_plus_time,patient_d82abebcfaf082f8,S2422844,S2422844,2024-08-06,0,0,0.026515485185279204,2,168,189,0.8157279408120953,0
image_plus_time,patient_d8e20f6cc2cd90d6,S2135432,S2135432,2021-08-17,0,0,0.8458112709878702,1,168,168,0.8157279408120953,1
image_plus_time,patient_d8e20f6cc2cd90d6,S2142818,S2142818,2021-10-05,0,0,0.5254946066663173,2,49,217,0.8157279408120953,0
image_plus_time,patient_dd2e6df63e5c36b4,S2334388,S2334388,2023-08-08,0,1,0.20533724216871402,1,21,21,0.5840773334477728,0
image_plus_time,patient_dd2e6df63e5c36b4,S2338783,S2338783,2023-09-05,0,1,0.11759313457957743,2,28,49,0.5840773334477728,0
image_plus_time,patient_dd2e6df63e5c36b4,S2343311,S2343311,2023-10-10,0,1,0.0884097868790642,3,35,84,0.5840773334477728,0
image_plus_time,patient_dd2e6df63e5c36b4,S2407940,S2407940,2024-02-20,0,1,0.10184582139608643,4,133,217,0.5840773334477728,0
image_plus_time,patient_dd2e6df63e5c36b4,S2421430,S2421430,2024-07-23,0,1,0.0855527874630539,5,154,371,0.5840773334477728,0
image_plus_time,patient_dd7e0e39c92e25b4,S2150494,S2150494,2021-11-23,0,0,0.2974714189478151,1,42,42,0.8157279408120953,0
image_plus_time,patient_dd7e0e39c92e25b4,S2154963,S2154963,2021-12-21,0,0,0.18653066720598505,2,28,70,0.8157279408120953,0
image_plus_time,patient_dd7e0e39c92e25b4,S2203735,S2203735,2022-01-25,0,0,0.12533372788503713,3,35,105,0.8157279408120953,0
image_plus_time,patient_dd7e0e39c92e25b4,S2210200,S2210200,2022-03-15,0,0,0.09272259228003608,4,49,154,0.8157279408120953,0
image_plus_time,patient_dd7e0e39c92e25b4,S2229969,S2229969,2022-07-18,0,0,0.0705514855795528,5,125,279,0.8157279408120953,0
image_plus_time,patient_dd7e0e39c92e25b4,S2240724,S2240724,2022-09-27,0,0,0.11677251437676721,6,71,350,0.8157279408120953,0
image_plus_time,patient_dfafa5c41a0ad944,S2144967,S2144967,2021-10-19,0,0,0.11762170203538301,1,98,98,0.8157279408120953,0
image_plus_time,patient_dfafa5c41a0ad944,S2209229,S2209229,2022-03-08,0,0,0.057960936957325945,2,140,238,0.8157279408120953,0
image_plus_time,patient_e21a88b284b1508e,S2437280,S2437280,2024-12-24,0,2,0.6584512346981124,1,14,14,0.9472576797472507,0
image_plus_time,patient_e21a88b284b1508e,S2501777,S2501777,2025-01-17,0,2,0.40321145380303886,2,24,38,0.9472576797472507,0
image_plus_time,patient_e430ff1077ac4267,S2421434,S2421434,2024-07-23,0,1,0.0859135396669286,1,27,27,0.5840773334477728,0
image_plus_time,patient_e430ff1077ac4267,S2429064,S2429064,2024-10-08,0,1,0.10618957300690303,2,77,104,0.5840773334477728,0
image_plus_time,patient_e430ff1077ac4267,S2431864,S2431864,2024-11-05,0,1,0.07794981589285259,3,28,132,0.5840773334477728,0
image_plus_time,patient_e430ff1077ac4267,S2436456,S2436456,2024-12-17,1,1,0.07238253308983576,4,42,174,0.5840773334477728,0
image_plus_time,patient_e430ff1077ac4267,S2502092,S2502092,2025-01-21,0,1,0.07353579909624106,4,77,209,0.5840773334477728,0
image_plus_time,patient_e6981a9104ac664d,S2307080,S2307080,2023-02-15,0,2,0.8103050338249693,1,15,15,0.9472576797472507,0
image_plus_time,patient_e6981a9104ac664d,S2311238,S2311238,2023-03-14,0,2,0.5570140499465958,2,27,42,0.9472576797472507,0
image_plus_time,patient_e6981a9104ac664d,S2323112,S2323112,2023-05-30,0,2,0.6277350432385403,3,77,119,0.9472576797472507,0
image_plus_time,patient_e6981a9104ac664d,S2330986,S2330986,2023-07-18,0,2,0.6914539709160066,4,49,168,0.9472576797472507,0
image_plus_time,patient_e6981a9104ac664d,S2344461,S2344461,2023-10-17,0,2,0.5771377021744177,5,91,259,0.9472576797472507,0
image_plus_time,patient_e6981a9104ac664d,S2402482,S2402482,2024-01-16,0,2,0.5148765356028662,6,91,350,0.9472576797472507,0
image_plus_time,patient_e918692d7c80e65c,S2330980,S2330980,2023-07-18,0,0,0.08404498550700984,1,20,20,0.8157279408120953,0
image_plus_time,patient_e918692d7c80e65c,S2337812,S2337812,2023-08-30,0,0,0.07749313607793018,2,43,63,0.8157279408120953,0
image_plus_time,patient_e918692d7c80e65c,S2342016,S2342016,2023-09-26,0,0,0.13015421939160224,3,27,90,0.8157279408120953,0
image_plus_time,patient_e9984333ac68159c,S2232191,S2232191,2022-08-02,0,0,0.093687291687318,1,21,21,0.8157279408120953,0
image_plus_time,patient_e9984333ac68159c,S2236493,S2236493,2022-08-30,0,0,0.058077998834763146,2,28,49,0.8157279408120953,0
image_plus_time,patient_e9984333ac68159c,S2247859,S2247859,2022-11-15,0,0,0.045572690165741135,3,77,126,0.8157279408120953,0
image_plus_time,patient_e9984333ac68159c,S2313440,S2313440,2023-03-28,0,0,0.07367683211512631,4,133,259,0.8157279408120953,0
image_plus_time,patient_ead6420f83248981,S2407939,S2407939,2024-02-20,0,2,0.3261383021391802,1,13,13,0.9472576797472507,0
image_plus_time,patient_ead6420f83248981,S2409392,S2409392,2024-03-12,0,2,0.19539262700710341,2,21,34,0.9472576797472507,0
image_plus_time,patient_ead6420f83248981,S2412713,S2412713,2024-04-23,0,2,0.16656778018579704,3,42,76,0.9472576797472507,0
image_plus_time,patient_f02086679c6d7438,S2508631,S2508631,2025-03-25,0,2,0.6968880512279242,1,14,14,0.9472576797472507,0
image_plus_time,patient_f02086679c6d7438,S2511007,S2511007,2025-04-15,0,2,0.46027562572361885,2,21,35,0.9472576797472507,0
image_plus_time,patient_f1bc2d6d2b5c3421,S2347457,S2347457,2023-11-07,0,0,0.06353266675761705,1,21,21,0.8157279408120953,0
image_plus_time,patient_f1bc2d6d2b5c3421,S2352826,S2352826,2023-12-12,0,0,0.06545202909418146,2,35,56,0.8157279408120953,0
image_plus_time,patient_f1bc2d6d2b5c3421,S2403702,S2403702,2024-01-23,0,0,0.04146348803359401,3,42,98,0.8157279408120953,0
image_plus_time,patient_f1bc2d6d2b5c3421,S2409928,S2409928,2024-03-19,0,0,0.05943299333175824,4,56,154,0.8157279408120953,0
image_plus_time,patient_f1bc2d6d2b5c3421,S2415692,S2415692,2024-05-28,0,0,0.04044173080857642,5,70,224,0.8157279408120953,0
image_plus_time,patient_f4a709d12cad57f1,S2253525,S2253525,2022-12-20,0,2,0.868733432138738,1,14,14,0.9472576797472507,0
image_plus_time,patient_f4a709d12cad57f1,S2308044,S2308044,2023-02-21,0,2,0.7214941853982373,2,63,77,0.9472576797472507,0
image_plus_time,patient_f4a709d12cad57f1,S2318025,S2318025,2023-04-25,0,2,0.7031728184073619,3,63,140,0.9472576797472507,0
image_plus_time,patient_f4a709d12cad57f1,S2333274,S2333274,2023-08-01,0,2,0.6268284744062086,4,98,238,0.9472576797472507,0
image_plus_time,patient_f4a709d12cad57f1,S2349547,S2349547,2023-11-21,0,2,0.5688483234344373,5,112,350,0.9472576797472507,0
image_plus_time,patient_f73f7e4dab64291c,S2415690,S2415690,2024-05-28,0,0,0.06354763843990709,1,56,56,0.8157279408120953,0
image_plus_time,patient_f73f7e4dab64291c,S2419850,S2419850,2024-07-09,0,0,0.10754643692212806,2,42,98,0.8157279408120953,0
image_plus_time,patient_f73f7e4dab64291c,S2425034,S2425034,2024-08-27,0,0,0.23470880374562642,3,49,147,0.8157279408120953,0
image_plus_time,patient_f78d4288245eabd8,S2427695,S2427695,2024-09-24,0,2,0.2309921272914736,1,21,21,0.9472576797472507,0
image_plus_time,patient_f78d4288245eabd8,S2436453,S2436453,2024-12-17,0,2,0.4023878626234797,2,84,105,0.9472576797472507,0
image_plus_time,patient_f78d4288245eabd8,S2504720,S2504720,2025-02-18,0,2,0.4079986266627631,3,63,168,0.9472576797472507,0
image_plus_time,patient_f78d4288245eabd8,S2529112,S2529112,2025-09-16,0,2,0.38713699478094427,4,210,378,0.9472576797472507,0
image_plus_time,patient_fc51a062525b3f86,S2130900,S2130900,2021-07-20,0,0,0.8230009945050099,1,259,259,0.8157279408120953,1
image_plus_time,patient_fc51a062525b3f86,S2144970,S2144970,2021-10-19,0,0,0.858302905294713,2,91,350,0.8157279408120953,1
image_plus_time,patient_fe8ccc87e7ab7c65,S2210201,S2210201,2022-03-15,0,1,0.46936851621865233,1,13,13,0.5840773334477728,0
image_plus_time,patient_fe8ccc87e7ab7c65,S2215451,S2215451,2022-04-19,0,1,0.45030166225605495,2,35,48,0.5840773334477728,0
image_plus_time,patient_fe8ccc87e7ab7c65,S2226375,S2226375,2022-06-28,0,1,0.4173393615970495,3,70,118,0.5840773334477728,0
image_plus_time,patient_fe8ccc87e7ab7c65,S2233278,S2233278,2022-08-09,0,1,0.3767272108946258,4,42,160,0.5840773334477728,0
image_plus_time,patient_fe8ccc87e7ab7c65,S2247858,S2247858,2022-11-15,0,1,0.31766056946054094,5,98,258,0.5840773334477728,0
image_plus_time,patient_fe8ccc87e7ab7c65,S2308039,S2308039,2023-02-21,0,1,0.3001510590752076,6,98,356,0.5840773334477728,0
