
Load Dataset
label column: label
label dictionary: {0: 0, 1: 1}
number of classes: 2
slide-level counts:  
 label
1      47
0    1031
Name: count, dtype: int64
Patient-LVL; Number of samples registered in class 0: 101
Slide-LVL; Number of samples registered in class 0: 1031
Patient-LVL; Number of samples registered in class 1: 14
Slide-LVL; Number of samples registered in class 1: 47
split_dir:  /home/jupyter/image_team/projects/SMC_MIL/cohorts/smc_future_v1/next_biopsy_significant/seed_21
################# Settings ###################
num_splits:  5
k_start:  -1
k_end:  -1
task:  task_smc_acr_binary_0r1r_vs_2r3r
max_epochs:  50
early_stop_patience:  10
early_stop_min_epoch:  10
results_dir:  /home/jupyter/image_team/projects/SMC_MIL/results/smc_future_v1
lr:  0.0002
experiment:  next_biopsy_significant_original
reg:  1e-05
label_frac:  1.0
bag_loss:  ce
seed:  21
model_type:  clam_sb
model_size:  small
use_drop_out:  0.25
weighted_sample:  True
opt:  adam
bag_weight:  0.7
inst_loss:  svm
B:  8
split_dir:  /home/jupyter/image_team/projects/SMC_MIL/cohorts/smc_future_v1/next_biopsy_significant/seed_21

Training Fold 0!

Init train/val/test splits... 
Done!
Training on 907 samples
Validating on 171 samples
Testing on 0 samples

Init loss function... Done!

Init Model... Setting tau to 1.0
Done!
CLAM_SB(
  (attention_net): Sequential(
    (0): Linear(in_features=1536, out_features=512, bias=True)
    (1): ReLU()
    (2): Dropout(p=0.25, inplace=False)
    (3): Attn_Net_Gated(
      (attention_a): Sequential(
        (0): Linear(in_features=512, out_features=256, bias=True)
        (1): Tanh()
        (2): Dropout(p=0.25, inplace=False)
      )
      (attention_b): Sequential(
        (0): Linear(in_features=512, out_features=256, bias=True)
        (1): Sigmoid()
        (2): Dropout(p=0.25, inplace=False)
      )
      (attention_c): Linear(in_features=256, out_features=1, bias=True)
    )
  )
  (classifiers): Linear(in_features=512, out_features=2, bias=True)
  (instance_classifiers): ModuleList(
    (0-1): 2 x Linear(in_features=512, out_features=2, bias=True)
  )
  (instance_loss_fn): SmoothTop1SVM()
)
Total number of parameters: 1052935
Total number of trainable parameters: 1052935

Init optimizer ... Done!

Init Loaders... Done!

Setup EarlyStopping... Done!


batch 19, loss: 2.0716, instance_loss: 1.0482, weighted_loss: 1.7646, label: 0, bag_size: 1601
batch 39, loss: 0.9810, instance_loss: 0.0164, weighted_loss: 0.6916, label: 1, bag_size: 4492
batch 59, loss: 1.6270, instance_loss: 0.0052, weighted_loss: 1.1405, label: 1, bag_size: 6023
batch 79, loss: 0.6713, instance_loss: 1.8269, weighted_loss: 1.0179, label: 0, bag_size: 5204
batch 99, loss: 0.3236, instance_loss: 0.0391, weighted_loss: 0.2382, label: 1, bag_size: 15079
batch 119, loss: 0.8637, instance_loss: 0.1181, weighted_loss: 0.6400, label: 0, bag_size: 6485
batch 139, loss: 0.3680, instance_loss: 0.0156, weighted_loss: 0.2623, label: 1, bag_size: 16197
batch 159, loss: 1.2393, instance_loss: 0.0177, weighted_loss: 0.8728, label: 0, bag_size: 19793
batch 179, loss: 0.1294, instance_loss: 0.0136, weighted_loss: 0.0946, label: 1, bag_size: 1140
batch 199, loss: 1.0758, instance_loss: 0.0400, weighted_loss: 0.7650, label: 0, bag_size: 13338
batch 219, loss: 0.5747, instance_loss: 0.0899, weighted_loss: 0.4293, label: 0, bag_size: 23082
batch 239, loss: 0.6200, instance_loss: 0.0378, weighted_loss: 0.4454, label: 0, bag_size: 18111
batch 259, loss: 0.7248, instance_loss: 0.0639, weighted_loss: 0.5265, label: 0, bag_size: 4404
batch 279, loss: 0.1623, instance_loss: 0.2761, weighted_loss: 0.1964, label: 0, bag_size: 3615
batch 299, loss: 0.8316, instance_loss: 0.0209, weighted_loss: 0.5884, label: 0, bag_size: 7017
batch 319, loss: 0.4199, instance_loss: 0.2453, weighted_loss: 0.3675, label: 1, bag_size: 13646
batch 339, loss: 0.7466, instance_loss: 0.1072, weighted_loss: 0.5547, label: 0, bag_size: 19946
batch 359, loss: 0.0705, instance_loss: 0.2955, weighted_loss: 0.1380, label: 0, bag_size: 8863
batch 379, loss: 0.6760, instance_loss: 0.0296, weighted_loss: 0.4821, label: 1, bag_size: 14318
batch 399, loss: 0.3858, instance_loss: 0.0097, weighted_loss: 0.2729, label: 1, bag_size: 5082
batch 419, loss: 0.1507, instance_loss: 0.0247, weighted_loss: 0.1129, label: 1, bag_size: 4563
batch 439, loss: 0.4899, instance_loss: 0.0382, weighted_loss: 0.3544, label: 0, bag_size: 10033
batch 459, loss: 0.2607, instance_loss: 0.0062, weighted_loss: 0.1844, label: 1, bag_size: 14763
batch 479, loss: 2.0671, instance_loss: 0.0602, weighted_loss: 1.4650, label: 0, bag_size: 1561
batch 499, loss: 0.3412, instance_loss: 0.0150, weighted_loss: 0.2434, label: 0, bag_size: 16346
batch 519, loss: 0.8245, instance_loss: 0.0172, weighted_loss: 0.5823, label: 0, bag_size: 10005
batch 539, loss: 0.7626, instance_loss: 0.0143, weighted_loss: 0.5381, label: 0, bag_size: 3386
batch 559, loss: 0.3629, instance_loss: 0.0071, weighted_loss: 0.2562, label: 1, bag_size: 22399
batch 579, loss: 0.7252, instance_loss: 0.0302, weighted_loss: 0.5167, label: 0, bag_size: 2076
batch 599, loss: 0.0560, instance_loss: 0.0268, weighted_loss: 0.0472, label: 0, bag_size: 873
batch 619, loss: 0.2342, instance_loss: 0.0072, weighted_loss: 0.1661, label: 0, bag_size: 10102
batch 639, loss: 0.2710, instance_loss: 0.0452, weighted_loss: 0.2033, label: 1, bag_size: 1140
batch 659, loss: 0.6152, instance_loss: 0.0660, weighted_loss: 0.4504, label: 1, bag_size: 4276
batch 679, loss: 0.4266, instance_loss: 0.0031, weighted_loss: 0.2996, label: 1, bag_size: 16197
batch 699, loss: 0.1107, instance_loss: 0.0290, weighted_loss: 0.0862, label: 1, bag_size: 6028
batch 719, loss: 0.1454, instance_loss: 0.0087, weighted_loss: 0.1044, label: 0, bag_size: 6415
batch 739, loss: 0.6334, instance_loss: 0.0194, weighted_loss: 0.4492, label: 0, bag_size: 2194
batch 759, loss: 0.5306, instance_loss: 0.0067, weighted_loss: 0.3734, label: 1, bag_size: 4563
batch 779, loss: 1.0273, instance_loss: 0.0077, weighted_loss: 0.7214, label: 0, bag_size: 5762
batch 799, loss: 1.5808, instance_loss: 0.0062, weighted_loss: 1.1084, label: 1, bag_size: 4365
batch 819, loss: 0.7523, instance_loss: 0.0114, weighted_loss: 0.5300, label: 0, bag_size: 11919
batch 839, loss: 0.3702, instance_loss: 0.0074, weighted_loss: 0.2614, label: 1, bag_size: 2671
batch 859, loss: 0.5117, instance_loss: 0.0114, weighted_loss: 0.3616, label: 1, bag_size: 4760
batch 879, loss: 0.1207, instance_loss: 0.0079, weighted_loss: 0.0869, label: 1, bag_size: 2671
batch 899, loss: 0.0095, instance_loss: 0.0042, weighted_loss: 0.0079, label: 0, bag_size: 5115


class 0 clustering acc 0.9823594266813671: correct 7128/7256
class 1 clustering acc 0.9746416758544653: correct 7072/7256
Epoch: 0, train_loss: 0.5811, train_clustering_loss:  0.1425, train_error: 0.3219
class 0: acc 0.6004566210045662, correct 263/438
class 1: acc 0.7505330490405118, correct 352/469

Val Set, val_loss: 0.7170, val_error: 0.5263, auc: 0.5783
class 0 clustering acc 1.0: correct 1368/1368
class 1 clustering acc 1.0: correct 1368/1368
class 0: acc 0.45962732919254656, correct 74/161
class 1: acc 0.7, correct 7/10
Validation loss decreased (inf --> 0.717041).  Saving model ...


batch 19, loss: 0.1973, instance_loss: 0.0063, weighted_loss: 0.1400, label: 1, bag_size: 16197
batch 39, loss: 0.9919, instance_loss: 0.0148, weighted_loss: 0.6988, label: 0, bag_size: 5262
batch 59, loss: 0.8082, instance_loss: 0.0655, weighted_loss: 0.5854, label: 0, bag_size: 4906
batch 79, loss: 0.0046, instance_loss: 0.0000, weighted_loss: 0.0032, label: 0, bag_size: 16657
batch 99, loss: 0.1726, instance_loss: 0.0086, weighted_loss: 0.1234, label: 1, bag_size: 14318
batch 119, loss: 0.0133, instance_loss: 0.0000, weighted_loss: 0.0093, label: 0, bag_size: 15501
batch 139, loss: 0.0769, instance_loss: 0.0003, weighted_loss: 0.0539, label: 1, bag_size: 13646
batch 159, loss: 0.9266, instance_loss: 0.0047, weighted_loss: 0.6500, label: 1, bag_size: 4760
batch 179, loss: 0.0009, instance_loss: 0.0025, weighted_loss: 0.0014, label: 0, bag_size: 6116
batch 199, loss: 0.8164, instance_loss: 0.0090, weighted_loss: 0.5742, label: 1, bag_size: 3354
batch 219, loss: 0.1634, instance_loss: 0.0006, weighted_loss: 0.1146, label: 1, bag_size: 7733
batch 239, loss: 0.5972, instance_loss: 0.0014, weighted_loss: 0.4184, label: 1, bag_size: 15079
batch 259, loss: 0.5674, instance_loss: 0.0049, weighted_loss: 0.3987, label: 0, bag_size: 3016
batch 279, loss: 0.7571, instance_loss: 0.0008, weighted_loss: 0.5302, label: 1, bag_size: 6023
batch 299, loss: 0.0818, instance_loss: 0.0002, weighted_loss: 0.0573, label: 0, bag_size: 16508
batch 319, loss: 0.0021, instance_loss: 0.0000, weighted_loss: 0.0015, label: 0, bag_size: 12668
batch 339, loss: 0.1530, instance_loss: 0.0076, weighted_loss: 0.1094, label: 1, bag_size: 2637
batch 359, loss: 1.8675, instance_loss: 0.0004, weighted_loss: 1.3074, label: 1, bag_size: 5828
batch 379, loss: 0.0085, instance_loss: 0.0149, weighted_loss: 0.0104, label: 1, bag_size: 4563
batch 399, loss: 0.1941, instance_loss: 0.0005, weighted_loss: 0.1360, label: 0, bag_size: 14601
batch 419, loss: 0.2576, instance_loss: 0.0034, weighted_loss: 0.1813, label: 1, bag_size: 7733
batch 439, loss: 0.9909, instance_loss: 0.0012, weighted_loss: 0.6940, label: 0, bag_size: 9172
batch 459, loss: 1.2951, instance_loss: 0.0061, weighted_loss: 0.9084, label: 0, bag_size: 2382
batch 479, loss: 0.0127, instance_loss: 0.0033, weighted_loss: 0.0099, label: 0, bag_size: 6399
batch 499, loss: 0.5641, instance_loss: 0.0120, weighted_loss: 0.3984, label: 1, bag_size: 4516
batch 519, loss: 1.3860, instance_loss: 0.0046, weighted_loss: 0.9716, label: 0, bag_size: 8158
batch 539, loss: 1.0668, instance_loss: 0.0061, weighted_loss: 0.7486, label: 1, bag_size: 3024
batch 559, loss: 0.5104, instance_loss: 0.0223, weighted_loss: 0.3640, label: 0, bag_size: 3146
batch 579, loss: 1.1107, instance_loss: 0.0093, weighted_loss: 0.7803, label: 0, bag_size: 1396
batch 599, loss: 0.0289, instance_loss: 0.0002, weighted_loss: 0.0203, label: 1, bag_size: 14763
batch 619, loss: 0.0001, instance_loss: 0.0002, weighted_loss: 0.0001, label: 0, bag_size: 18006
batch 639, loss: 0.0432, instance_loss: 0.0009, weighted_loss: 0.0305, label: 1, bag_size: 2671
batch 659, loss: 0.9716, instance_loss: 0.0096, weighted_loss: 0.6830, label: 0, bag_size: 3533
batch 679, loss: 0.3206, instance_loss: 0.0066, weighted_loss: 0.2264, label: 1, bag_size: 1140
batch 699, loss: 0.2773, instance_loss: 0.0047, weighted_loss: 0.1955, label: 1, bag_size: 3024
batch 719, loss: 0.1793, instance_loss: 0.0119, weighted_loss: 0.1291, label: 1, bag_size: 3411
batch 739, loss: 0.2009, instance_loss: 0.0164, weighted_loss: 0.1455, label: 1, bag_size: 3411
batch 759, loss: 0.2648, instance_loss: 0.0030, weighted_loss: 0.1863, label: 0, bag_size: 3854
batch 779, loss: 0.0362, instance_loss: 0.0013, weighted_loss: 0.0258, label: 1, bag_size: 4563
batch 799, loss: 0.1703, instance_loss: 0.0047, weighted_loss: 0.1206, label: 1, bag_size: 7733
batch 819, loss: 0.1800, instance_loss: 0.0066, weighted_loss: 0.1280, label: 1, bag_size: 2671
batch 839, loss: 0.1123, instance_loss: 0.0130, weighted_loss: 0.0825, label: 0, bag_size: 3899
batch 859, loss: 0.0311, instance_loss: 0.0000, weighted_loss: 0.0218, label: 1, bag_size: 14528
batch 879, loss: 0.2955, instance_loss: 0.0010, weighted_loss: 0.2071, label: 0, bag_size: 6578
batch 899, loss: 0.2149, instance_loss: 0.0007, weighted_loss: 0.1506, label: 0, bag_size: 8178


class 0 clustering acc 0.9993109151047409: correct 7251/7256
class 1 clustering acc 0.9993109151047409: correct 7251/7256
Epoch: 1, train_loss: 0.3775, train_clustering_loss:  0.0088, train_error: 0.1797
class 0: acc 0.8070175438596491, correct 368/456
class 1: acc 0.8337028824833703, correct 376/451

Val Set, val_loss: 0.7172, val_error: 0.3450, auc: 0.3845
class 0 clustering acc 1.0: correct 1368/1368
class 1 clustering acc 1.0: correct 1368/1368
class 0: acc 0.6894409937888198, correct 111/161
class 1: acc 0.1, correct 1/10
EarlyStopping counter: 1 out of 10


batch 19, loss: 0.0032, instance_loss: 0.0002, weighted_loss: 0.0023, label: 1, bag_size: 3628
batch 39, loss: 1.5327, instance_loss: 0.0022, weighted_loss: 1.0735, label: 0, bag_size: 23909
batch 59, loss: 0.0798, instance_loss: 0.0049, weighted_loss: 0.0573, label: 1, bag_size: 4276
batch 79, loss: 0.0059, instance_loss: 0.0011, weighted_loss: 0.0045, label: 0, bag_size: 15154
batch 99, loss: 0.0002, instance_loss: 0.0002, weighted_loss: 0.0002, label: 0, bag_size: 18559
batch 119, loss: 0.0003, instance_loss: 0.0014, weighted_loss: 0.0006, label: 0, bag_size: 8595
batch 139, loss: 0.0002, instance_loss: 0.0003, weighted_loss: 0.0002, label: 0, bag_size: 16707
batch 159, loss: 0.1752, instance_loss: 0.0203, weighted_loss: 0.1287, label: 1, bag_size: 14763
batch 179, loss: 0.0489, instance_loss: 0.0004, weighted_loss: 0.0343, label: 1, bag_size: 4276
batch 199, loss: 0.6438, instance_loss: 0.0009, weighted_loss: 0.4509, label: 0, bag_size: 6678
batch 219, loss: 0.1512, instance_loss: 0.0048, weighted_loss: 0.1073, label: 1, bag_size: 3024
batch 239, loss: 0.3305, instance_loss: 0.0021, weighted_loss: 0.2320, label: 1, bag_size: 3621
batch 259, loss: 0.1877, instance_loss: 0.0016, weighted_loss: 0.1319, label: 1, bag_size: 14414
batch 279, loss: 0.0263, instance_loss: 0.0580, weighted_loss: 0.0358, label: 1, bag_size: 2644
batch 299, loss: 4.1393, instance_loss: 0.0127, weighted_loss: 2.9013, label: 0, bag_size: 6081
batch 319, loss: 0.2105, instance_loss: 0.0438, weighted_loss: 0.1605, label: 0, bag_size: 2311
batch 339, loss: 0.1912, instance_loss: 0.0062, weighted_loss: 0.1357, label: 0, bag_size: 13140
batch 359, loss: 0.0054, instance_loss: 0.0061, weighted_loss: 0.0056, label: 0, bag_size: 7215
batch 379, loss: 0.0441, instance_loss: 0.0051, weighted_loss: 0.0324, label: 0, bag_size: 3419
batch 399, loss: 0.1411, instance_loss: 0.0038, weighted_loss: 0.0999, label: 1, bag_size: 1140
batch 419, loss: 0.5104, instance_loss: 0.0000, weighted_loss: 0.3573, label: 1, bag_size: 5828
batch 439, loss: 0.1063, instance_loss: 0.0000, weighted_loss: 0.0744, label: 0, bag_size: 2726
batch 459, loss: 0.5091, instance_loss: 0.0700, weighted_loss: 0.3774, label: 0, bag_size: 3630
batch 479, loss: 0.0711, instance_loss: 0.0021, weighted_loss: 0.0504, label: 1, bag_size: 16197
batch 499, loss: 0.0206, instance_loss: 0.0072, weighted_loss: 0.0166, label: 0, bag_size: 15577
batch 519, loss: 0.1101, instance_loss: 0.0149, weighted_loss: 0.0816, label: 1, bag_size: 2671
batch 539, loss: 0.0680, instance_loss: 0.0011, weighted_loss: 0.0479, label: 1, bag_size: 4276
batch 559, loss: 0.0004, instance_loss: 0.0002, weighted_loss: 0.0003, label: 0, bag_size: 8453
batch 579, loss: 0.0001, instance_loss: 0.0000, weighted_loss: 0.0000, label: 0, bag_size: 18329
batch 599, loss: 0.0008, instance_loss: 0.0007, weighted_loss: 0.0008, label: 0, bag_size: 6185
batch 619, loss: 2.9637, instance_loss: 0.0063, weighted_loss: 2.0765, label: 1, bag_size: 5828
batch 639, loss: 0.0122, instance_loss: 0.0004, weighted_loss: 0.0087, label: 1, bag_size: 2637
batch 659, loss: 0.0370, instance_loss: 0.0020, weighted_loss: 0.0265, label: 0, bag_size: 1889
batch 679, loss: 0.2452, instance_loss: 0.0340, weighted_loss: 0.1818, label: 1, bag_size: 4492
batch 699, loss: 0.0000, instance_loss: 0.0002, weighted_loss: 0.0001, label: 0, bag_size: 11819
batch 719, loss: 0.0001, instance_loss: 0.0000, weighted_loss: 0.0001, label: 0, bag_size: 16076
batch 739, loss: 0.2102, instance_loss: 0.0380, weighted_loss: 0.1585, label: 1, bag_size: 4492
batch 759, loss: 0.5332, instance_loss: 0.0027, weighted_loss: 0.3741, label: 0, bag_size: 2925
batch 779, loss: 0.1354, instance_loss: 0.0021, weighted_loss: 0.0954, label: 1, bag_size: 3621
batch 799, loss: 0.0001, instance_loss: 0.0008, weighted_loss: 0.0003, label: 0, bag_size: 11672
batch 819, loss: 0.3177, instance_loss: 0.0008, weighted_loss: 0.2226, label: 0, bag_size: 4633
batch 839, loss: 0.0775, instance_loss: 0.0017, weighted_loss: 0.0547, label: 0, bag_size: 3130
batch 859, loss: 0.8715, instance_loss: 0.0132, weighted_loss: 0.6140, label: 0, bag_size: 1801
batch 879, loss: 0.0002, instance_loss: 0.0003, weighted_loss: 0.0002, label: 0, bag_size: 10102
batch 899, loss: 0.0000, instance_loss: 0.0010, weighted_loss: 0.0003, label: 0, bag_size: 3440


class 0 clustering acc 0.9988974641675854: correct 7248/7256
class 1 clustering acc 1.0: correct 7256/7256
Epoch: 2, train_loss: 0.2355, train_clustering_loss:  0.0077, train_error: 0.0904
class 0: acc 0.8869565217391304, correct 408/460
class 1: acc 0.9328859060402684, correct 417/447

Val Set, val_loss: 0.6388, val_error: 0.1871, auc: 0.4062
class 0 clustering acc 1.0: correct 1368/1368
class 1 clustering acc 1.0: correct 1368/1368
class 0: acc 0.8571428571428571, correct 138/161
class 1: acc 0.1, correct 1/10
Validation loss decreased (0.717041 --> 0.638848).  Saving model ...


batch 19, loss: 0.1178, instance_loss: 0.0069, weighted_loss: 0.0845, label: 1, bag_size: 3411
batch 39, loss: 0.0155, instance_loss: 0.0000, weighted_loss: 0.0109, label: 0, bag_size: 3876
batch 59, loss: 0.0003, instance_loss: 0.0122, weighted_loss: 0.0038, label: 1, bag_size: 3354
batch 79, loss: 0.0028, instance_loss: 0.0007, weighted_loss: 0.0022, label: 1, bag_size: 22042
batch 99, loss: 0.0620, instance_loss: 0.0049, weighted_loss: 0.0448, label: 0, bag_size: 4569
batch 119, loss: 0.0000, instance_loss: 0.0013, weighted_loss: 0.0004, label: 0, bag_size: 22061
batch 139, loss: 3.0013, instance_loss: 0.0374, weighted_loss: 2.1121, label: 0, bag_size: 1630
batch 159, loss: 0.0046, instance_loss: 0.0000, weighted_loss: 0.0032, label: 0, bag_size: 13046
batch 179, loss: 0.0016, instance_loss: 0.0002, weighted_loss: 0.0012, label: 1, bag_size: 4563
batch 199, loss: 0.0017, instance_loss: 0.0003, weighted_loss: 0.0013, label: 1, bag_size: 13646
batch 219, loss: 0.0190, instance_loss: 0.0018, weighted_loss: 0.0138, label: 1, bag_size: 3621
batch 239, loss: 0.0011, instance_loss: 0.0023, weighted_loss: 0.0014, label: 1, bag_size: 3411
batch 259, loss: 0.0000, instance_loss: 0.0000, weighted_loss: 0.0000, label: 0, bag_size: 16288
batch 279, loss: 0.0003, instance_loss: 0.0004, weighted_loss: 0.0004, label: 0, bag_size: 8458
batch 299, loss: 0.1052, instance_loss: 0.0027, weighted_loss: 0.0744, label: 1, bag_size: 6023
batch 319, loss: 0.0006, instance_loss: 0.0003, weighted_loss: 0.0005, label: 1, bag_size: 22624
batch 339, loss: 0.1797, instance_loss: 0.0170, weighted_loss: 0.1309, label: 1, bag_size: 4365
batch 359, loss: 0.0019, instance_loss: 0.0000, weighted_loss: 0.0013, label: 1, bag_size: 22042
batch 379, loss: 0.0000, instance_loss: 0.0000, weighted_loss: 0.0000, label: 0, bag_size: 23465
batch 399, loss: 0.0001, instance_loss: 0.0004, weighted_loss: 0.0002, label: 0, bag_size: 19131
batch 419, loss: 0.0011, instance_loss: 0.0000, weighted_loss: 0.0007, label: 1, bag_size: 15079
batch 439, loss: 0.0000, instance_loss: 0.0008, weighted_loss: 0.0003, label: 0, bag_size: 5204
batch 459, loss: 0.0450, instance_loss: 0.0446, weighted_loss: 0.0449, label: 1, bag_size: 5082
batch 479, loss: 0.0070, instance_loss: 0.1528, weighted_loss: 0.0507, label: 0, bag_size: 1183
batch 499, loss: 0.0001, instance_loss: 0.0015, weighted_loss: 0.0005, label: 0, bag_size: 2269
batch 519, loss: 0.0007, instance_loss: 0.0000, weighted_loss: 0.0005, label: 0, bag_size: 13691
batch 539, loss: 0.0043, instance_loss: 0.0005, weighted_loss: 0.0032, label: 1, bag_size: 2644
batch 559, loss: 0.0101, instance_loss: 0.0006, weighted_loss: 0.0073, label: 1, bag_size: 5082
batch 579, loss: 0.0326, instance_loss: 0.0003, weighted_loss: 0.0229, label: 1, bag_size: 3621
batch 599, loss: 0.2125, instance_loss: 0.0002, weighted_loss: 0.1488, label: 1, bag_size: 4760
batch 619, loss: 0.0007, instance_loss: 0.0018, weighted_loss: 0.0011, label: 0, bag_size: 8781
batch 639, loss: 0.3893, instance_loss: 0.0029, weighted_loss: 0.2734, label: 0, bag_size: 5809
batch 659, loss: 0.0001, instance_loss: 0.0038, weighted_loss: 0.0012, label: 0, bag_size: 1431
batch 679, loss: 0.0494, instance_loss: 0.0008, weighted_loss: 0.0348, label: 1, bag_size: 18621
batch 699, loss: 0.0236, instance_loss: 0.0000, weighted_loss: 0.0165, label: 1, bag_size: 1140
batch 719, loss: 0.0041, instance_loss: 0.0000, weighted_loss: 0.0029, label: 1, bag_size: 22042
batch 739, loss: 0.3030, instance_loss: 0.0010, weighted_loss: 0.2124, label: 0, bag_size: 3602
batch 759, loss: 0.0059, instance_loss: 0.0006, weighted_loss: 0.0043, label: 1, bag_size: 5082
batch 779, loss: 0.0013, instance_loss: 0.0064, weighted_loss: 0.0028, label: 0, bag_size: 6194
batch 799, loss: 0.0434, instance_loss: 0.0000, weighted_loss: 0.0304, label: 1, bag_size: 3024
batch 819, loss: 0.0442, instance_loss: 0.0000, weighted_loss: 0.0309, label: 1, bag_size: 22399
batch 839, loss: 0.1908, instance_loss: 0.0032, weighted_loss: 0.1346, label: 1, bag_size: 7733
batch 859, loss: 0.5035, instance_loss: 0.0068, weighted_loss: 0.3545, label: 1, bag_size: 9833
batch 879, loss: 0.0000, instance_loss: 0.0000, weighted_loss: 0.0000, label: 0, bag_size: 15851
batch 899, loss: 0.0035, instance_loss: 0.0096, weighted_loss: 0.0053, label: 0, bag_size: 7533


class 0 clustering acc 0.9980705622932745: correct 7242/7256
class 1 clustering acc 0.9995865490628445: correct 7253/7256
Epoch: 3, train_loss: 0.1169, train_clustering_loss:  0.0144, train_error: 0.0320
class 0: acc 0.9559471365638766, correct 434/454
class 1: acc 0.9801324503311258, correct 444/453

Val Set, val_loss: 0.5334, val_error: 0.1345, auc: 0.5137
class 0 clustering acc 0.9992690058479532: correct 1367/1368
class 1 clustering acc 1.0: correct 1368/1368
class 0: acc 0.9130434782608695, correct 147/161
class 1: acc 0.1, correct 1/10
Validation loss decreased (0.638848 --> 0.533441).  Saving model ...


batch 19, loss: 0.1844, instance_loss: 0.0396, weighted_loss: 0.1410, label: 1, bag_size: 6023
batch 39, loss: 0.0493, instance_loss: 0.0077, weighted_loss: 0.0368, label: 1, bag_size: 4276
batch 59, loss: 0.0001, instance_loss: 0.0000, weighted_loss: 0.0000, label: 0, bag_size: 6116
batch 79, loss: 0.0467, instance_loss: 0.0220, weighted_loss: 0.0393, label: 0, bag_size: 5545
batch 99, loss: 0.0000, instance_loss: 0.0000, weighted_loss: 0.0000, label: 0, bag_size: 1218
batch 119, loss: 0.6497, instance_loss: 0.0094, weighted_loss: 0.4576, label: 1, bag_size: 4276
batch 139, loss: 0.0017, instance_loss: 0.0545, weighted_loss: 0.0175, label: 1, bag_size: 3354
batch 159, loss: 0.0130, instance_loss: 0.0041, weighted_loss: 0.0103, label: 1, bag_size: 6023
batch 179, loss: 0.0587, instance_loss: 0.0002, weighted_loss: 0.0412, label: 0, bag_size: 12439
batch 199, loss: 0.0001, instance_loss: 0.0006, weighted_loss: 0.0002, label: 0, bag_size: 2536
batch 219, loss: 0.0273, instance_loss: 0.0004, weighted_loss: 0.0193, label: 1, bag_size: 12989
batch 239, loss: 0.0089, instance_loss: 0.1108, weighted_loss: 0.0394, label: 1, bag_size: 2853
batch 259, loss: 0.0014, instance_loss: 0.0080, weighted_loss: 0.0034, label: 1, bag_size: 3411
batch 279, loss: 0.0325, instance_loss: 0.0000, weighted_loss: 0.0227, label: 1, bag_size: 4760
batch 299, loss: 0.0005, instance_loss: 0.0056, weighted_loss: 0.0020, label: 1, bag_size: 3411
batch 319, loss: 0.0297, instance_loss: 0.0006, weighted_loss: 0.0210, label: 1, bag_size: 4760
batch 339, loss: 0.0098, instance_loss: 0.0000, weighted_loss: 0.0069, label: 0, bag_size: 7352
batch 359, loss: 0.0000, instance_loss: 0.0003, weighted_loss: 0.0001, label: 0, bag_size: 3616
batch 379, loss: 0.0001, instance_loss: 0.0004, weighted_loss: 0.0002, label: 0, bag_size: 16721
batch 399, loss: 0.0150, instance_loss: 0.0000, weighted_loss: 0.0105, label: 1, bag_size: 12989
batch 419, loss: 0.0097, instance_loss: 0.0000, weighted_loss: 0.0068, label: 1, bag_size: 22042
batch 439, loss: 0.0139, instance_loss: 0.0004, weighted_loss: 0.0099, label: 1, bag_size: 3024
batch 459, loss: 0.0012, instance_loss: 0.0019, weighted_loss: 0.0014, label: 1, bag_size: 6023
batch 479, loss: 0.0668, instance_loss: 0.0000, weighted_loss: 0.0468, label: 0, bag_size: 14291
batch 499, loss: 0.0001, instance_loss: 0.0000, weighted_loss: 0.0001, label: 0, bag_size: 20347
batch 519, loss: 0.0015, instance_loss: 0.0000, weighted_loss: 0.0010, label: 1, bag_size: 4276
batch 539, loss: 0.0006, instance_loss: 0.0052, weighted_loss: 0.0020, label: 1, bag_size: 13571
batch 559, loss: 0.0188, instance_loss: 0.0007, weighted_loss: 0.0134, label: 1, bag_size: 14318
batch 579, loss: 0.0001, instance_loss: 0.0114, weighted_loss: 0.0035, label: 1, bag_size: 3354
batch 599, loss: 0.0007, instance_loss: 0.0302, weighted_loss: 0.0096, label: 1, bag_size: 2853
batch 619, loss: 0.0000, instance_loss: 0.0000, weighted_loss: 0.0000, label: 0, bag_size: 18052
batch 639, loss: 0.0012, instance_loss: 0.0000, weighted_loss: 0.0008, label: 1, bag_size: 4563
batch 659, loss: 0.0000, instance_loss: 0.0023, weighted_loss: 0.0007, label: 0, bag_size: 6024
batch 679, loss: 0.0623, instance_loss: 0.0045, weighted_loss: 0.0449, label: 1, bag_size: 7733
batch 699, loss: 0.0124, instance_loss: 0.0022, weighted_loss: 0.0094, label: 1, bag_size: 22399
batch 719, loss: 0.0897, instance_loss: 0.0034, weighted_loss: 0.0638, label: 0, bag_size: 1214
batch 739, loss: 0.0296, instance_loss: 0.0542, weighted_loss: 0.0370, label: 0, bag_size: 1860
batch 759, loss: 0.1621, instance_loss: 0.0698, weighted_loss: 0.1344, label: 1, bag_size: 4516
batch 779, loss: 0.0418, instance_loss: 0.0119, weighted_loss: 0.0328, label: 1, bag_size: 3621
batch 799, loss: 0.0000, instance_loss: 0.0000, weighted_loss: 0.0000, label: 0, bag_size: 3007
batch 819, loss: 0.0212, instance_loss: 0.0023, weighted_loss: 0.0155, label: 0, bag_size: 4259
batch 839, loss: 0.0000, instance_loss: 0.0003, weighted_loss: 0.0001, label: 0, bag_size: 14933
batch 859, loss: 0.0000, instance_loss: 0.0128, weighted_loss: 0.0038, label: 0, bag_size: 2455
batch 879, loss: 0.0035, instance_loss: 0.0004, weighted_loss: 0.0026, label: 1, bag_size: 13646
batch 899, loss: 0.0000, instance_loss: 0.0034, weighted_loss: 0.0010, label: 0, bag_size: 1979


class 0 clustering acc 1.0: correct 7256/7256
class 1 clustering acc 0.9991730981256891: correct 7250/7256
Epoch: 4, train_loss: 0.0589, train_clustering_loss:  0.0102, train_error: 0.0165
class 0: acc 0.9774266365688488, correct 433/443
class 1: acc 0.9892241379310345, correct 459/464

Val Set, val_loss: 0.6312, val_error: 0.1053, auc: 0.4646
class 0 clustering acc 1.0: correct 1368/1368
class 1 clustering acc 1.0: correct 1368/1368
class 0: acc 0.9440993788819876, correct 152/161
class 1: acc 0.1, correct 1/10
EarlyStopping counter: 1 out of 10


batch 19, loss: 0.0011, instance_loss: 0.0040, weighted_loss: 0.0019, label: 1, bag_size: 7879
batch 39, loss: 0.0041, instance_loss: 0.0009, weighted_loss: 0.0031, label: 1, bag_size: 3628
batch 59, loss: 0.0026, instance_loss: 0.0012, weighted_loss: 0.0022, label: 0, bag_size: 6384
batch 79, loss: 0.0000, instance_loss: 0.0030, weighted_loss: 0.0009, label: 0, bag_size: 1613
batch 99, loss: 0.0049, instance_loss: 0.0349, weighted_loss: 0.0139, label: 1, bag_size: 5082
batch 119, loss: 0.0112, instance_loss: 0.0020, weighted_loss: 0.0085, label: 1, bag_size: 22399
batch 139, loss: 0.0000, instance_loss: 0.0000, weighted_loss: 0.0000, label: 0, bag_size: 19539
batch 159, loss: 0.0005, instance_loss: 0.0200, weighted_loss: 0.0064, label: 0, bag_size: 3725
batch 179, loss: 0.0365, instance_loss: 0.1086, weighted_loss: 0.0582, label: 0, bag_size: 1396
batch 199, loss: 0.0067, instance_loss: 0.0005, weighted_loss: 0.0048, label: 1, bag_size: 16197
batch 219, loss: 0.0000, instance_loss: 0.0025, weighted_loss: 0.0008, label: 0, bag_size: 4791
batch 239, loss: 0.0000, instance_loss: 0.0021, weighted_loss: 0.0006, label: 1, bag_size: 13571
batch 259, loss: 0.0000, instance_loss: 0.0000, weighted_loss: 0.0000, label: 0, bag_size: 10417
batch 279, loss: 0.0000, instance_loss: 0.0011, weighted_loss: 0.0003, label: 0, bag_size: 6330
batch 299, loss: 0.0002, instance_loss: 0.0000, weighted_loss: 0.0002, label: 1, bag_size: 18621
batch 319, loss: 0.0285, instance_loss: 0.0007, weighted_loss: 0.0201, label: 1, bag_size: 5828
batch 339, loss: 0.0004, instance_loss: 0.0824, weighted_loss: 0.0250, label: 0, bag_size: 873
batch 359, loss: 0.0004, instance_loss: 0.0000, weighted_loss: 0.0003, label: 1, bag_size: 15079
batch 379, loss: 0.0015, instance_loss: 0.0017, weighted_loss: 0.0015, label: 0, bag_size: 12537
batch 399, loss: 0.0002, instance_loss: 0.0035, weighted_loss: 0.0012, label: 1, bag_size: 7733
batch 419, loss: 0.0195, instance_loss: 0.0016, weighted_loss: 0.0141, label: 0, bag_size: 2194
batch 439, loss: 0.2658, instance_loss: 0.0327, weighted_loss: 0.1959, label: 0, bag_size: 20957
batch 459, loss: 0.0007, instance_loss: 0.0025, weighted_loss: 0.0012, label: 0, bag_size: 3146
batch 479, loss: 0.0000, instance_loss: 0.0000, weighted_loss: 0.0000, label: 0, bag_size: 18267
batch 499, loss: 0.0001, instance_loss: 0.0022, weighted_loss: 0.0007, label: 0, bag_size: 2465
batch 519, loss: 0.0000, instance_loss: 0.0000, weighted_loss: 0.0000, label: 0, bag_size: 11819
batch 539, loss: 0.0000, instance_loss: 0.0011, weighted_loss: 0.0003, label: 0, bag_size: 5195
batch 559, loss: 0.0333, instance_loss: 0.0000, weighted_loss: 0.0233, label: 1, bag_size: 2671
batch 579, loss: 0.0253, instance_loss: 0.0000, weighted_loss: 0.0177, label: 1, bag_size: 5828
batch 599, loss: 0.7398, instance_loss: 0.0000, weighted_loss: 0.5179, label: 0, bag_size: 3687
batch 619, loss: 0.0114, instance_loss: 0.0000, weighted_loss: 0.0080, label: 0, bag_size: 19988
batch 639, loss: 0.0011, instance_loss: 0.0000, weighted_loss: 0.0008, label: 1, bag_size: 12989
batch 659, loss: 0.0000, instance_loss: 0.0000, weighted_loss: 0.0000, label: 0, bag_size: 15060
batch 679, loss: 0.0000, instance_loss: 0.0025, weighted_loss: 0.0008, label: 0, bag_size: 9251
batch 699, loss: 0.0000, instance_loss: 0.0008, weighted_loss: 0.0002, label: 0, bag_size: 20190
batch 719, loss: 0.0053, instance_loss: 0.0085, weighted_loss: 0.0063, label: 1, bag_size: 5082
batch 739, loss: 0.0079, instance_loss: 0.0000, weighted_loss: 0.0055, label: 1, bag_size: 3628
batch 759, loss: 0.0017, instance_loss: 0.0013, weighted_loss: 0.0016, label: 0, bag_size: 2843
batch 779, loss: 0.0008, instance_loss: 0.0052, weighted_loss: 0.0021, label: 0, bag_size: 3670
batch 799, loss: 0.0000, instance_loss: 0.0065, weighted_loss: 0.0020, label: 0, bag_size: 3691
batch 819, loss: 0.6044, instance_loss: 0.0136, weighted_loss: 0.4272, label: 0, bag_size: 4604
batch 839, loss: 0.0000, instance_loss: 0.1148, weighted_loss: 0.0344, label: 0, bag_size: 39556
batch 859, loss: 0.0008, instance_loss: 0.0000, weighted_loss: 0.0005, label: 0, bag_size: 1901
batch 879, loss: 0.0008, instance_loss: 0.0002, weighted_loss: 0.0006, label: 1, bag_size: 22042
batch 899, loss: 0.0000, instance_loss: 0.0016, weighted_loss: 0.0005, label: 0, bag_size: 4683


class 0 clustering acc 0.9998621830209482: correct 7255/7256
class 1 clustering acc 0.9990352811466373: correct 7249/7256
Epoch: 5, train_loss: 0.0426, train_clustering_loss:  0.0082, train_error: 0.0154
class 0: acc 0.9872881355932204, correct 466/472
class 1: acc 0.9816091954022989, correct 427/435

Val Set, val_loss: 0.6788, val_error: 0.1170, auc: 0.4429
class 0 clustering acc 1.0: correct 1368/1368
class 1 clustering acc 1.0: correct 1368/1368
class 0: acc 0.937888198757764, correct 151/161
class 1: acc 0.0, correct 0/10
EarlyStopping counter: 2 out of 10


batch 19, loss: 0.0016, instance_loss: 0.0240, weighted_loss: 0.0083, label: 1, bag_size: 3354
batch 39, loss: 0.0000, instance_loss: 0.0019, weighted_loss: 0.0006, label: 0, bag_size: 4062
batch 59, loss: 0.0001, instance_loss: 0.0003, weighted_loss: 0.0001, label: 0, bag_size: 4906
batch 79, loss: 0.0013, instance_loss: 0.0015, weighted_loss: 0.0013, label: 1, bag_size: 7733
batch 99, loss: 0.0008, instance_loss: 0.0025, weighted_loss: 0.0013, label: 1, bag_size: 4276
batch 119, loss: 0.0000, instance_loss: 0.0000, weighted_loss: 0.0000, label: 0, bag_size: 4852
batch 139, loss: 0.0004, instance_loss: 0.0019, weighted_loss: 0.0009, label: 1, bag_size: 6023
batch 159, loss: 0.0016, instance_loss: 0.0128, weighted_loss: 0.0050, label: 1, bag_size: 3354
batch 179, loss: 0.0012, instance_loss: 0.0014, weighted_loss: 0.0013, label: 1, bag_size: 3621
batch 199, loss: 0.0002, instance_loss: 0.0000, weighted_loss: 0.0002, label: 0, bag_size: 20554
batch 219, loss: 0.0020, instance_loss: 0.0009, weighted_loss: 0.0017, label: 1, bag_size: 13571
batch 239, loss: 0.0001, instance_loss: 0.0003, weighted_loss: 0.0001, label: 0, bag_size: 14732
batch 259, loss: 0.0000, instance_loss: 0.0016, weighted_loss: 0.0005, label: 0, bag_size: 3409
batch 279, loss: 0.0097, instance_loss: 0.0215, weighted_loss: 0.0132, label: 1, bag_size: 2853
batch 299, loss: 0.0004, instance_loss: 0.0030, weighted_loss: 0.0012, label: 1, bag_size: 4760
batch 319, loss: 0.0001, instance_loss: 0.0037, weighted_loss: 0.0012, label: 1, bag_size: 4492
batch 339, loss: 0.0017, instance_loss: 0.0003, weighted_loss: 0.0013, label: 1, bag_size: 1140
batch 359, loss: 0.0000, instance_loss: 0.0004, weighted_loss: 0.0001, label: 0, bag_size: 9896
batch 379, loss: 0.4457, instance_loss: 0.0000, weighted_loss: 0.3120, label: 1, bag_size: 16197
batch 399, loss: 0.0029, instance_loss: 0.0000, weighted_loss: 0.0020, label: 1, bag_size: 14763
batch 419, loss: 0.0001, instance_loss: 0.0019, weighted_loss: 0.0006, label: 0, bag_size: 2530
batch 439, loss: 0.0014, instance_loss: 0.0000, weighted_loss: 0.0010, label: 1, bag_size: 7879
batch 459, loss: 0.0062, instance_loss: 0.0004, weighted_loss: 0.0045, label: 1, bag_size: 5082
batch 479, loss: 0.0000, instance_loss: 0.0009, weighted_loss: 0.0003, label: 0, bag_size: 2455
batch 499, loss: 0.0001, instance_loss: 0.0070, weighted_loss: 0.0021, label: 1, bag_size: 3354
batch 519, loss: 0.0002, instance_loss: 0.0022, weighted_loss: 0.0008, label: 0, bag_size: 3756
batch 539, loss: 0.0000, instance_loss: 0.0005, weighted_loss: 0.0002, label: 0, bag_size: 6116
batch 559, loss: 0.0000, instance_loss: 0.0015, weighted_loss: 0.0005, label: 1, bag_size: 4492
batch 579, loss: 0.0019, instance_loss: 0.0000, weighted_loss: 0.0013, label: 1, bag_size: 13571
batch 599, loss: 0.0012, instance_loss: 0.0003, weighted_loss: 0.0009, label: 1, bag_size: 7733
batch 619, loss: 0.0016, instance_loss: 0.0002, weighted_loss: 0.0012, label: 1, bag_size: 22624
batch 639, loss: 0.0017, instance_loss: 0.0142, weighted_loss: 0.0055, label: 0, bag_size: 4349
batch 659, loss: 0.0000, instance_loss: 0.0000, weighted_loss: 0.0000, label: 0, bag_size: 17101
batch 679, loss: 0.0001, instance_loss: 0.0000, weighted_loss: 0.0001, label: 1, bag_size: 4563
batch 699, loss: 0.0029, instance_loss: 0.0040, weighted_loss: 0.0033, label: 0, bag_size: 3665
batch 719, loss: 0.0002, instance_loss: 0.0000, weighted_loss: 0.0001, label: 0, bag_size: 7732
batch 739, loss: 0.0013, instance_loss: 0.0000, weighted_loss: 0.0009, label: 1, bag_size: 6028
batch 759, loss: 0.0041, instance_loss: 0.0054, weighted_loss: 0.0045, label: 1, bag_size: 14318
batch 779, loss: 0.0008, instance_loss: 0.0007, weighted_loss: 0.0008, label: 1, bag_size: 5082
batch 799, loss: 0.0013, instance_loss: 0.0269, weighted_loss: 0.0090, label: 1, bag_size: 5082
batch 819, loss: 0.0038, instance_loss: 0.0000, weighted_loss: 0.0027, label: 0, bag_size: 15577
batch 839, loss: 0.0011, instance_loss: 0.0000, weighted_loss: 0.0008, label: 1, bag_size: 15079
batch 859, loss: 0.0000, instance_loss: 0.0007, weighted_loss: 0.0002, label: 0, bag_size: 15470
batch 879, loss: 0.0069, instance_loss: 0.0143, weighted_loss: 0.0091, label: 1, bag_size: 9833
batch 899, loss: 0.0000, instance_loss: 0.0116, weighted_loss: 0.0035, label: 0, bag_size: 3969


class 0 clustering acc 0.9997243660418964: correct 7254/7256
class 1 clustering acc 0.9994487320837927: correct 7252/7256
Epoch: 6, train_loss: 0.0514, train_clustering_loss:  0.0057, train_error: 0.0165
class 0: acc 0.9802197802197802, correct 446/455
class 1: acc 0.9867256637168141, correct 446/452

Val Set, val_loss: 0.6410, val_error: 0.0877, auc: 0.5006
class 0 clustering acc 1.0: correct 1368/1368
class 1 clustering acc 1.0: correct 1368/1368
class 0: acc 0.9627329192546584, correct 155/161
class 1: acc 0.1, correct 1/10
EarlyStopping counter: 3 out of 10


batch 19, loss: 0.0049, instance_loss: 0.0012, weighted_loss: 0.0038, label: 1, bag_size: 7879
batch 39, loss: 0.0000, instance_loss: 0.0062, weighted_loss: 0.0019, label: 0, bag_size: 2693
batch 59, loss: 0.0005, instance_loss: 0.0796, weighted_loss: 0.0242, label: 0, bag_size: 2703
batch 79, loss: 0.0000, instance_loss: 0.0010, weighted_loss: 0.0003, label: 0, bag_size: 16700
batch 99, loss: 0.0028, instance_loss: 0.0086, weighted_loss: 0.0046, label: 1, bag_size: 4516
batch 119, loss: 0.0001, instance_loss: 0.0141, weighted_loss: 0.0043, label: 0, bag_size: 8839
batch 139, loss: 0.0000, instance_loss: 0.0004, weighted_loss: 0.0001, label: 0, bag_size: 2536
batch 159, loss: 0.0000, instance_loss: 0.0000, weighted_loss: 0.0000, label: 0, bag_size: 8542
batch 179, loss: 0.0014, instance_loss: 0.0000, weighted_loss: 0.0010, label: 0, bag_size: 14372
batch 199, loss: 0.0000, instance_loss: 0.0000, weighted_loss: 0.0000, label: 0, bag_size: 2328
batch 219, loss: 0.0015, instance_loss: 0.0000, weighted_loss: 0.0011, label: 1, bag_size: 14763
batch 239, loss: 0.0009, instance_loss: 0.0009, weighted_loss: 0.0009, label: 0, bag_size: 3146
batch 259, loss: 0.0000, instance_loss: 0.0000, weighted_loss: 0.0000, label: 0, bag_size: 4010
batch 279, loss: 0.0000, instance_loss: 0.0000, weighted_loss: 0.0000, label: 1, bag_size: 3024
batch 299, loss: 0.0015, instance_loss: 0.0000, weighted_loss: 0.0011, label: 1, bag_size: 14528
batch 319, loss: 0.0001, instance_loss: 0.0000, weighted_loss: 0.0000, label: 0, bag_size: 2864
batch 339, loss: 0.0034, instance_loss: 0.0002, weighted_loss: 0.0025, label: 0, bag_size: 3555
batch 359, loss: 0.0000, instance_loss: 0.0022, weighted_loss: 0.0007, label: 0, bag_size: 3839
batch 379, loss: 0.0000, instance_loss: 0.0003, weighted_loss: 0.0001, label: 0, bag_size: 5157
batch 399, loss: 0.6597, instance_loss: 0.0036, weighted_loss: 0.4629, label: 0, bag_size: 4604
batch 419, loss: 0.0000, instance_loss: 0.0109, weighted_loss: 0.0033, label: 0, bag_size: 21267
batch 439, loss: 0.7599, instance_loss: 0.0000, weighted_loss: 0.5319, label: 1, bag_size: 4563
batch 459, loss: 0.0645, instance_loss: 0.0000, weighted_loss: 0.0451, label: 0, bag_size: 3602
batch 479, loss: 0.0040, instance_loss: 0.0003, weighted_loss: 0.0029, label: 0, bag_size: 17371
batch 499, loss: 0.0674, instance_loss: 0.0000, weighted_loss: 0.0472, label: 0, bag_size: 18947
batch 519, loss: 0.0044, instance_loss: 0.0640, weighted_loss: 0.0222, label: 0, bag_size: 1183
batch 539, loss: 0.0007, instance_loss: 0.0000, weighted_loss: 0.0005, label: 1, bag_size: 9833
batch 559, loss: 0.0053, instance_loss: 0.0000, weighted_loss: 0.0037, label: 1, bag_size: 14414
batch 579, loss: 0.0031, instance_loss: 0.0000, weighted_loss: 0.0022, label: 1, bag_size: 18621
batch 599, loss: 0.0008, instance_loss: 0.0019, weighted_loss: 0.0011, label: 1, bag_size: 6812
batch 619, loss: 0.0000, instance_loss: 0.0033, weighted_loss: 0.0010, label: 0, bag_size: 11819
batch 639, loss: 0.0001, instance_loss: 0.0000, weighted_loss: 0.0000, label: 0, bag_size: 6432
batch 659, loss: 0.0056, instance_loss: 0.0037, weighted_loss: 0.0050, label: 1, bag_size: 4516
batch 679, loss: 0.0005, instance_loss: 0.0179, weighted_loss: 0.0058, label: 0, bag_size: 3129
batch 699, loss: 0.0003, instance_loss: 0.0008, weighted_loss: 0.0005, label: 1, bag_size: 22042
batch 719, loss: 0.0004, instance_loss: 0.0055, weighted_loss: 0.0019, label: 1, bag_size: 6023
batch 739, loss: 0.0000, instance_loss: 0.0002, weighted_loss: 0.0001, label: 0, bag_size: 12668
batch 759, loss: 0.0026, instance_loss: 0.0000, weighted_loss: 0.0018, label: 1, bag_size: 4365
batch 779, loss: 0.0003, instance_loss: 0.0003, weighted_loss: 0.0003, label: 0, bag_size: 9214
batch 799, loss: 0.0072, instance_loss: 0.0031, weighted_loss: 0.0060, label: 0, bag_size: 8158
batch 819, loss: 0.0006, instance_loss: 0.0051, weighted_loss: 0.0019, label: 1, bag_size: 2853
batch 839, loss: 0.0034, instance_loss: 0.0000, weighted_loss: 0.0024, label: 1, bag_size: 14414
batch 859, loss: 0.0006, instance_loss: 0.0000, weighted_loss: 0.0004, label: 1, bag_size: 12989
batch 879, loss: 0.0128, instance_loss: 0.0022, weighted_loss: 0.0096, label: 1, bag_size: 7733
batch 899, loss: 0.0000, instance_loss: 0.0000, weighted_loss: 0.0000, label: 0, bag_size: 9773


class 0 clustering acc 0.9998621830209482: correct 7255/7256
class 1 clustering acc 0.9994487320837927: correct 7252/7256
Epoch: 7, train_loss: 0.0352, train_clustering_loss:  0.0051, train_error: 0.0121
class 0: acc 0.9838709677419355, correct 427/434
class 1: acc 0.9915433403805497, correct 469/473

Val Set, val_loss: 0.6768, val_error: 0.0994, auc: 0.5329
class 0 clustering acc 0.9978070175438597: correct 1365/1368
class 1 clustering acc 1.0: correct 1368/1368
class 0: acc 0.9503105590062112, correct 153/161
class 1: acc 0.1, correct 1/10
EarlyStopping counter: 4 out of 10


batch 19, loss: 0.0000, instance_loss: 0.0000, weighted_loss: 0.0000, label: 0, bag_size: 3386
batch 39, loss: 0.0000, instance_loss: 0.0046, weighted_loss: 0.0014, label: 1, bag_size: 5082
batch 59, loss: 0.0044, instance_loss: 0.0000, weighted_loss: 0.0031, label: 1, bag_size: 22624
batch 79, loss: 0.0004, instance_loss: 0.0005, weighted_loss: 0.0004, label: 1, bag_size: 4276
batch 99, loss: 0.0000, instance_loss: 0.0000, weighted_loss: 0.0000, label: 0, bag_size: 11672
batch 119, loss: 0.1152, instance_loss: 0.0034, weighted_loss: 0.0816, label: 0, bag_size: 4226
batch 139, loss: 0.0000, instance_loss: 0.0005, weighted_loss: 0.0001, label: 0, bag_size: 12188
batch 159, loss: 0.0002, instance_loss: 0.0608, weighted_loss: 0.0184, label: 1, bag_size: 3411
batch 179, loss: 4.8000, instance_loss: 0.0158, weighted_loss: 3.3647, label: 1, bag_size: 2671
batch 199, loss: 0.0003, instance_loss: 0.0078, weighted_loss: 0.0025, label: 1, bag_size: 6023
batch 219, loss: 0.0001, instance_loss: 0.0000, weighted_loss: 0.0001, label: 1, bag_size: 5082
batch 239, loss: 0.0025, instance_loss: 0.0006, weighted_loss: 0.0020, label: 1, bag_size: 18621
batch 259, loss: 0.0018, instance_loss: 0.0003, weighted_loss: 0.0014, label: 1, bag_size: 14318
batch 279, loss: 0.0000, instance_loss: 0.0000, weighted_loss: 0.0000, label: 0, bag_size: 24236
batch 299, loss: 0.0045, instance_loss: 0.0000, weighted_loss: 0.0032, label: 0, bag_size: 2674
batch 319, loss: 0.0004, instance_loss: 0.0066, weighted_loss: 0.0023, label: 1, bag_size: 2853
batch 339, loss: 0.0504, instance_loss: 0.0095, weighted_loss: 0.0381, label: 0, bag_size: 2925
batch 359, loss: 0.0118, instance_loss: 0.0353, weighted_loss: 0.0188, label: 0, bag_size: 3130
batch 379, loss: 0.0000, instance_loss: 0.0003, weighted_loss: 0.0001, label: 0, bag_size: 8781
batch 399, loss: 0.0000, instance_loss: 0.0010, weighted_loss: 0.0003, label: 0, bag_size: 7001
batch 419, loss: 0.0014, instance_loss: 0.0000, weighted_loss: 0.0010, label: 0, bag_size: 10708
batch 439, loss: 0.0141, instance_loss: 0.0000, weighted_loss: 0.0099, label: 1, bag_size: 14528
batch 459, loss: 0.0032, instance_loss: 0.0029, weighted_loss: 0.0031, label: 1, bag_size: 6812
batch 479, loss: 0.0001, instance_loss: 0.0000, weighted_loss: 0.0000, label: 0, bag_size: 7427
batch 499, loss: 0.0152, instance_loss: 0.0080, weighted_loss: 0.0130, label: 1, bag_size: 2853
batch 519, loss: 0.0010, instance_loss: 0.0082, weighted_loss: 0.0032, label: 0, bag_size: 5214
batch 539, loss: 0.0000, instance_loss: 0.0224, weighted_loss: 0.0067, label: 0, bag_size: 1781
batch 559, loss: 0.0356, instance_loss: 0.0006, weighted_loss: 0.0251, label: 0, bag_size: 14492
batch 579, loss: 0.0000, instance_loss: 0.0056, weighted_loss: 0.0017, label: 0, bag_size: 3118
batch 599, loss: 0.0000, instance_loss: 0.0000, weighted_loss: 0.0000, label: 0, bag_size: 18625
batch 619, loss: 0.0079, instance_loss: 0.0002, weighted_loss: 0.0056, label: 1, bag_size: 12989
batch 639, loss: 0.0000, instance_loss: 0.0013, weighted_loss: 0.0004, label: 0, bag_size: 8050
batch 659, loss: 0.0000, instance_loss: 0.0000, weighted_loss: 0.0000, label: 0, bag_size: 21084
batch 679, loss: 0.0000, instance_loss: 0.0000, weighted_loss: 0.0000, label: 0, bag_size: 3364
batch 699, loss: 0.0005, instance_loss: 0.0000, weighted_loss: 0.0004, label: 0, bag_size: 3771
batch 719, loss: 0.0056, instance_loss: 0.0008, weighted_loss: 0.0042, label: 1, bag_size: 6812
batch 739, loss: 0.0000, instance_loss: 0.0000, weighted_loss: 0.0000, label: 0, bag_size: 16977
batch 759, loss: 0.0012, instance_loss: 0.0000, weighted_loss: 0.0008, label: 1, bag_size: 9833
batch 779, loss: 0.0013, instance_loss: 0.0005, weighted_loss: 0.0011, label: 1, bag_size: 7733
batch 799, loss: 0.0000, instance_loss: 0.0004, weighted_loss: 0.0002, label: 0, bag_size: 20554
batch 819, loss: 0.0000, instance_loss: 0.0036, weighted_loss: 0.0011, label: 0, bag_size: 2038
batch 839, loss: 0.0885, instance_loss: 0.0010, weighted_loss: 0.0623, label: 1, bag_size: 18621
batch 859, loss: 0.0000, instance_loss: 0.0000, weighted_loss: 0.0000, label: 0, bag_size: 2536
batch 879, loss: 0.0000, instance_loss: 0.0028, weighted_loss: 0.0008, label: 1, bag_size: 3411
batch 899, loss: 0.0008, instance_loss: 0.0009, weighted_loss: 0.0008, label: 1, bag_size: 1140


class 0 clustering acc 0.9997243660418964: correct 7254/7256
class 1 clustering acc 0.9991730981256891: correct 7250/7256
Epoch: 8, train_loss: 0.0290, train_clustering_loss:  0.0048, train_error: 0.0066
class 0: acc 0.9957894736842106, correct 473/475
class 1: acc 0.9907407407407407, correct 428/432

Val Set, val_loss: 0.6551, val_error: 0.0936, auc: 0.5416
class 0 clustering acc 1.0: correct 1368/1368
class 1 clustering acc 1.0: correct 1368/1368
class 0: acc 0.9627329192546584, correct 155/161
class 1: acc 0.0, correct 0/10
EarlyStopping counter: 5 out of 10


batch 19, loss: 0.0000, instance_loss: 0.0000, weighted_loss: 0.0000, label: 1, bag_size: 3628
batch 39, loss: 0.0000, instance_loss: 0.0000, weighted_loss: 0.0000, label: 0, bag_size: 1834
batch 59, loss: 0.0005, instance_loss: 0.0024, weighted_loss: 0.0011, label: 1, bag_size: 6023
batch 79, loss: 0.0000, instance_loss: 0.0025, weighted_loss: 0.0008, label: 1, bag_size: 3411
batch 99, loss: 0.0000, instance_loss: 0.0112, weighted_loss: 0.0034, label: 0, bag_size: 3547
batch 119, loss: 1.5529, instance_loss: 0.0008, weighted_loss: 1.0872, label: 0, bag_size: 1768
batch 139, loss: 0.1189, instance_loss: 0.0000, weighted_loss: 0.0833, label: 1, bag_size: 2637
batch 159, loss: 0.0001, instance_loss: 0.0000, weighted_loss: 0.0001, label: 0, bag_size: 1868
batch 179, loss: 0.0000, instance_loss: 0.0000, weighted_loss: 0.0000, label: 0, bag_size: 16385
batch 199, loss: 0.0000, instance_loss: 0.0002, weighted_loss: 0.0001, label: 0, bag_size: 15470
batch 219, loss: 0.0002, instance_loss: 0.0000, weighted_loss: 0.0001, label: 1, bag_size: 14528
batch 239, loss: 0.0000, instance_loss: 0.0008, weighted_loss: 0.0003, label: 1, bag_size: 4760
batch 259, loss: 0.0000, instance_loss: 0.0000, weighted_loss: 0.0000, label: 0, bag_size: 16508
batch 279, loss: 0.0014, instance_loss: 0.0000, weighted_loss: 0.0010, label: 1, bag_size: 14763
batch 299, loss: 0.0000, instance_loss: 0.0026, weighted_loss: 0.0008, label: 0, bag_size: 6678
batch 319, loss: 0.0002, instance_loss: 0.0006, weighted_loss: 0.0003, label: 1, bag_size: 5082
batch 339, loss: 0.0000, instance_loss: 0.0034, weighted_loss: 0.0010, label: 0, bag_size: 13470
batch 359, loss: 0.0001, instance_loss: 0.0037, weighted_loss: 0.0012, label: 1, bag_size: 22399
batch 379, loss: 0.0003, instance_loss: 0.0000, weighted_loss: 0.0002, label: 0, bag_size: 8731
batch 399, loss: 0.0000, instance_loss: 0.0000, weighted_loss: 0.0000, label: 0, bag_size: 11611
batch 419, loss: 0.0719, instance_loss: 0.0000, weighted_loss: 0.0503, label: 0, bag_size: 4217
batch 439, loss: 0.0000, instance_loss: 0.0030, weighted_loss: 0.0009, label: 0, bag_size: 20692
batch 459, loss: 0.0000, instance_loss: 0.0024, weighted_loss: 0.0007, label: 0, bag_size: 2864
batch 479, loss: 0.0092, instance_loss: 0.0004, weighted_loss: 0.0065, label: 1, bag_size: 4563
batch 499, loss: 0.0002, instance_loss: 0.0123, weighted_loss: 0.0038, label: 0, bag_size: 21383
batch 519, loss: 0.0006, instance_loss: 0.0012, weighted_loss: 0.0008, label: 1, bag_size: 13571
batch 539, loss: 1.2184, instance_loss: 0.0105, weighted_loss: 0.8560, label: 0, bag_size: 14591
batch 559, loss: 0.0495, instance_loss: 0.0000, weighted_loss: 0.0347, label: 1, bag_size: 18621
batch 579, loss: 0.0000, instance_loss: 0.0002, weighted_loss: 0.0001, label: 0, bag_size: 9768
batch 599, loss: 0.1083, instance_loss: 0.0012, weighted_loss: 0.0762, label: 0, bag_size: 5315
batch 619, loss: 0.0336, instance_loss: 0.0010, weighted_loss: 0.0238, label: 1, bag_size: 16197
batch 639, loss: 0.0000, instance_loss: 0.0179, weighted_loss: 0.0054, label: 0, bag_size: 2872
batch 659, loss: 0.1305, instance_loss: 0.0079, weighted_loss: 0.0937, label: 0, bag_size: 1214
batch 679, loss: 0.0000, instance_loss: 0.0003, weighted_loss: 0.0001, label: 0, bag_size: 3364
batch 699, loss: 0.0334, instance_loss: 0.0004, weighted_loss: 0.0235, label: 1, bag_size: 9833
batch 719, loss: 0.0007, instance_loss: 0.0024, weighted_loss: 0.0012, label: 0, bag_size: 1732
batch 739, loss: 0.0038, instance_loss: 0.0015, weighted_loss: 0.0031, label: 1, bag_size: 2644
batch 759, loss: 0.0000, instance_loss: 0.0014, weighted_loss: 0.0004, label: 0, bag_size: 6116
batch 779, loss: 0.0000, instance_loss: 0.0037, weighted_loss: 0.0011, label: 0, bag_size: 20467
batch 799, loss: 0.0110, instance_loss: 0.0000, weighted_loss: 0.0077, label: 0, bag_size: 9366
batch 819, loss: 0.0000, instance_loss: 0.0000, weighted_loss: 0.0000, label: 1, bag_size: 3621
batch 839, loss: 0.0058, instance_loss: 0.0036, weighted_loss: 0.0051, label: 0, bag_size: 19574
batch 859, loss: 0.0002, instance_loss: 0.0004, weighted_loss: 0.0002, label: 1, bag_size: 5082
batch 879, loss: 0.0113, instance_loss: 0.0008, weighted_loss: 0.0082, label: 0, bag_size: 4226
batch 899, loss: 0.0005, instance_loss: 0.0024, weighted_loss: 0.0011, label: 0, bag_size: 5027


class 0 clustering acc 1.0: correct 7256/7256
class 1 clustering acc 0.9983461962513782: correct 7244/7256
Epoch: 9, train_loss: 0.0568, train_clustering_loss:  0.0096, train_error: 0.0110
class 0: acc 0.9863325740318907, correct 433/439
class 1: acc 0.9914529914529915, correct 464/468

Val Set, val_loss: 0.5651, val_error: 0.1111, auc: 0.5497
class 0 clustering acc 1.0: correct 1368/1368
class 1 clustering acc 1.0: correct 1368/1368
class 0: acc 0.9440993788819876, correct 152/161
class 1: acc 0.0, correct 0/10
EarlyStopping counter: 6 out of 10


batch 19, loss: 0.0000, instance_loss: 0.0050, weighted_loss: 0.0015, label: 0, bag_size: 2269
batch 39, loss: 0.0000, instance_loss: 0.0000, weighted_loss: 0.0000, label: 0, bag_size: 6415
batch 59, loss: 0.0047, instance_loss: 0.0000, weighted_loss: 0.0033, label: 1, bag_size: 15079
batch 79, loss: 0.0000, instance_loss: 0.0000, weighted_loss: 0.0000, label: 0, bag_size: 2864
batch 99, loss: 0.0130, instance_loss: 0.0005, weighted_loss: 0.0093, label: 1, bag_size: 22399
batch 119, loss: 0.0054, instance_loss: 0.0030, weighted_loss: 0.0047, label: 0, bag_size: 4309
batch 139, loss: 0.0028, instance_loss: 0.0000, weighted_loss: 0.0020, label: 1, bag_size: 22624
batch 159, loss: 0.0034, instance_loss: 0.0002, weighted_loss: 0.0025, label: 1, bag_size: 18621
batch 179, loss: 0.0000, instance_loss: 0.0009, weighted_loss: 0.0003, label: 0, bag_size: 1682
batch 199, loss: 0.0000, instance_loss: 0.0009, weighted_loss: 0.0003, label: 0, bag_size: 3019
batch 219, loss: 0.0000, instance_loss: 0.0068, weighted_loss: 0.0020, label: 0, bag_size: 2226
batch 239, loss: 0.0000, instance_loss: 0.0016, weighted_loss: 0.0005, label: 0, bag_size: 17101
batch 259, loss: 0.0041, instance_loss: 0.0000, weighted_loss: 0.0029, label: 1, bag_size: 4365
batch 279, loss: 0.0000, instance_loss: 0.0013, weighted_loss: 0.0004, label: 1, bag_size: 3621
batch 299, loss: 0.0041, instance_loss: 0.0002, weighted_loss: 0.0029, label: 1, bag_size: 5828
batch 319, loss: 0.0000, instance_loss: 0.0041, weighted_loss: 0.0012, label: 0, bag_size: 3049
batch 339, loss: 0.0000, instance_loss: 2.8153, weighted_loss: 0.8446, label: 1, bag_size: 4492
batch 359, loss: 0.0019, instance_loss: 0.0039, weighted_loss: 0.0025, label: 1, bag_size: 5828
batch 379, loss: 0.0019, instance_loss: 0.0008, weighted_loss: 0.0016, label: 1, bag_size: 22042
batch 399, loss: 0.0000, instance_loss: 0.0000, weighted_loss: 0.0000, label: 0, bag_size: 8719
batch 419, loss: 0.0004, instance_loss: 0.0002, weighted_loss: 0.0003, label: 0, bag_size: 14354
batch 439, loss: 0.0036, instance_loss: 0.0085, weighted_loss: 0.0051, label: 1, bag_size: 15079
batch 459, loss: 0.0498, instance_loss: 0.0006, weighted_loss: 0.0350, label: 1, bag_size: 2671
batch 479, loss: 0.0000, instance_loss: 0.0104, weighted_loss: 0.0031, label: 0, bag_size: 3400
batch 499, loss: 0.0000, instance_loss: 0.0026, weighted_loss: 0.0008, label: 0, bag_size: 17334
batch 519, loss: 0.0021, instance_loss: 0.0000, weighted_loss: 0.0015, label: 1, bag_size: 2644
batch 539, loss: 0.0000, instance_loss: 0.0223, weighted_loss: 0.0067, label: 0, bag_size: 5262
batch 559, loss: 0.0000, instance_loss: 0.0172, weighted_loss: 0.0052, label: 1, bag_size: 3621
batch 579, loss: 0.0034, instance_loss: 0.0002, weighted_loss: 0.0024, label: 1, bag_size: 15079
batch 599, loss: 0.0001, instance_loss: 0.0233, weighted_loss: 0.0071, label: 1, bag_size: 6023
batch 619, loss: 0.0000, instance_loss: 0.0013, weighted_loss: 0.0004, label: 0, bag_size: 9608
batch 639, loss: 0.0001, instance_loss: 0.0023, weighted_loss: 0.0007, label: 1, bag_size: 4563
batch 659, loss: 0.0000, instance_loss: 0.0066, weighted_loss: 0.0020, label: 0, bag_size: 4010
batch 679, loss: 0.0160, instance_loss: 0.0000, weighted_loss: 0.0112, label: 1, bag_size: 16197
batch 699, loss: 0.0000, instance_loss: 0.0018, weighted_loss: 0.0006, label: 1, bag_size: 2637
batch 719, loss: 0.0009, instance_loss: 0.0094, weighted_loss: 0.0034, label: 1, bag_size: 1140
batch 739, loss: 0.0083, instance_loss: 0.0018, weighted_loss: 0.0064, label: 1, bag_size: 2644
batch 759, loss: 0.0001, instance_loss: 0.0041, weighted_loss: 0.0013, label: 1, bag_size: 4563
batch 779, loss: 0.0000, instance_loss: 0.0060, weighted_loss: 0.0018, label: 0, bag_size: 2926
batch 799, loss: 0.0003, instance_loss: 0.0031, weighted_loss: 0.0011, label: 1, bag_size: 3628
batch 819, loss: 0.0000, instance_loss: 0.0068, weighted_loss: 0.0021, label: 0, bag_size: 16717
batch 839, loss: 0.0009, instance_loss: 0.0029, weighted_loss: 0.0015, label: 1, bag_size: 14528
batch 859, loss: 0.0000, instance_loss: 0.0152, weighted_loss: 0.0046, label: 1, bag_size: 3354
batch 879, loss: 0.0001, instance_loss: 0.0148, weighted_loss: 0.0045, label: 0, bag_size: 1840
batch 899, loss: 0.0001, instance_loss: 0.0011, weighted_loss: 0.0004, label: 1, bag_size: 6028


class 0 clustering acc 0.9994487320837927: correct 7252/7256
class 1 clustering acc 0.9933847850055126: correct 7208/7256
Epoch: 10, train_loss: 0.0273, train_clustering_loss:  0.0524, train_error: 0.0055
class 0: acc 0.9932885906040269, correct 444/447
class 1: acc 0.9956521739130435, correct 458/460

Val Set, val_loss: 0.6111, val_error: 0.0819, auc: 0.5509
class 0 clustering acc 1.0: correct 1368/1368
class 1 clustering acc 0.9992690058479532: correct 1367/1368
class 0: acc 0.968944099378882, correct 156/161
class 1: acc 0.1, correct 1/10
EarlyStopping counter: 7 out of 10


batch 19, loss: 0.0000, instance_loss: 0.0137, weighted_loss: 0.0041, label: 0, bag_size: 3630
batch 39, loss: 0.0013, instance_loss: 0.0067, weighted_loss: 0.0029, label: 0, bag_size: 2436
batch 59, loss: 0.0000, instance_loss: 0.0022, weighted_loss: 0.0007, label: 0, bag_size: 24236
batch 79, loss: 0.0000, instance_loss: 0.0000, weighted_loss: 0.0000, label: 0, bag_size: 8731
batch 99, loss: 0.0036, instance_loss: 0.0293, weighted_loss: 0.0113, label: 1, bag_size: 7733
batch 119, loss: 0.0350, instance_loss: 0.0044, weighted_loss: 0.0258, label: 1, bag_size: 1140
batch 139, loss: 0.0000, instance_loss: 0.0076, weighted_loss: 0.0023, label: 0, bag_size: 2770
batch 159, loss: 0.0000, instance_loss: 0.0023, weighted_loss: 0.0007, label: 1, bag_size: 3621
batch 179, loss: 0.0036, instance_loss: 0.0002, weighted_loss: 0.0026, label: 1, bag_size: 3024
batch 199, loss: 0.0190, instance_loss: 0.0005, weighted_loss: 0.0135, label: 0, bag_size: 13449
batch 219, loss: 0.0000, instance_loss: 0.0005, weighted_loss: 0.0002, label: 0, bag_size: 18278
batch 239, loss: 0.0001, instance_loss: 0.0065, weighted_loss: 0.0020, label: 0, bag_size: 7540
batch 259, loss: 0.0000, instance_loss: 0.0164, weighted_loss: 0.0049, label: 1, bag_size: 4492
batch 279, loss: 0.0041, instance_loss: 0.0003, weighted_loss: 0.0030, label: 1, bag_size: 18621
batch 299, loss: 0.0000, instance_loss: 0.0055, weighted_loss: 0.0016, label: 0, bag_size: 1615
batch 319, loss: 0.0000, instance_loss: 0.0068, weighted_loss: 0.0020, label: 0, bag_size: 2894
batch 339, loss: 0.0005, instance_loss: 0.0078, weighted_loss: 0.0027, label: 0, bag_size: 5348
batch 359, loss: 0.0028, instance_loss: 0.0030, weighted_loss: 0.0028, label: 1, bag_size: 4563
batch 379, loss: 0.0000, instance_loss: 0.0007, weighted_loss: 0.0002, label: 0, bag_size: 6548
batch 399, loss: 0.0000, instance_loss: 3.4071, weighted_loss: 1.0222, label: 0, bag_size: 1179
batch 419, loss: 0.0193, instance_loss: 0.0054, weighted_loss: 0.0152, label: 0, bag_size: 4324
batch 439, loss: 0.0000, instance_loss: 0.0051, weighted_loss: 0.0015, label: 0, bag_size: 1539
batch 459, loss: 0.0082, instance_loss: 0.0282, weighted_loss: 0.0142, label: 0, bag_size: 4085
batch 479, loss: 0.0000, instance_loss: 0.0098, weighted_loss: 0.0029, label: 0, bag_size: 3314
batch 499, loss: 0.0011, instance_loss: 0.0000, weighted_loss: 0.0008, label: 1, bag_size: 14763
batch 519, loss: 0.0003, instance_loss: 0.0116, weighted_loss: 0.0037, label: 1, bag_size: 6023
batch 539, loss: 0.0001, instance_loss: 0.1093, weighted_loss: 0.0328, label: 0, bag_size: 16074
batch 559, loss: 0.0000, instance_loss: 0.0030, weighted_loss: 0.0009, label: 0, bag_size: 8764
batch 579, loss: 0.0000, instance_loss: 0.0000, weighted_loss: 0.0000, label: 0, bag_size: 4760
batch 599, loss: 0.0011, instance_loss: 0.0014, weighted_loss: 0.0012, label: 1, bag_size: 4760
batch 619, loss: 0.0002, instance_loss: 0.0228, weighted_loss: 0.0070, label: 1, bag_size: 6812
batch 639, loss: 0.0004, instance_loss: 0.0132, weighted_loss: 0.0043, label: 0, bag_size: 5238
batch 659, loss: 0.0002, instance_loss: 0.0000, weighted_loss: 0.0001, label: 1, bag_size: 3628
batch 679, loss: 0.0000, instance_loss: 0.0027, weighted_loss: 0.0008, label: 0, bag_size: 3374
batch 699, loss: 0.0002, instance_loss: 0.0012, weighted_loss: 0.0005, label: 1, bag_size: 4760
batch 719, loss: 0.0000, instance_loss: 0.0322, weighted_loss: 0.0097, label: 0, bag_size: 2879
batch 739, loss: 0.0002, instance_loss: 0.0000, weighted_loss: 0.0002, label: 0, bag_size: 15678
batch 759, loss: 0.1169, instance_loss: 0.0005, weighted_loss: 0.0820, label: 1, bag_size: 14528
batch 779, loss: 0.0000, instance_loss: 0.0072, weighted_loss: 0.0022, label: 1, bag_size: 2637
batch 799, loss: 0.0078, instance_loss: 0.0000, weighted_loss: 0.0055, label: 0, bag_size: 11682
batch 819, loss: 0.0283, instance_loss: 0.0109, weighted_loss: 0.0231, label: 1, bag_size: 2853
batch 839, loss: 0.0006, instance_loss: 0.0071, weighted_loss: 0.0025, label: 0, bag_size: 5545
batch 859, loss: 0.2074, instance_loss: 0.0186, weighted_loss: 0.1507, label: 0, bag_size: 16717
batch 879, loss: 0.0000, instance_loss: 0.0008, weighted_loss: 0.0003, label: 0, bag_size: 20083
batch 899, loss: 0.0002, instance_loss: 0.0220, weighted_loss: 0.0068, label: 0, bag_size: 5965


class 0 clustering acc 0.9994487320837927: correct 7252/7256
class 1 clustering acc 0.9968302094818081: correct 7233/7256
Epoch: 11, train_loss: 0.0413, train_clustering_loss:  0.0226, train_error: 0.0099
class 0: acc 0.9891067538126361, correct 454/459
class 1: acc 0.9910714285714286, correct 444/448

Val Set, val_loss: 0.6723, val_error: 0.1404, auc: 0.5099
class 0 clustering acc 1.0: correct 1368/1368
class 1 clustering acc 0.9963450292397661: correct 1363/1368
class 0: acc 0.906832298136646, correct 146/161
class 1: acc 0.1, correct 1/10
EarlyStopping counter: 8 out of 10


batch 19, loss: 0.0000, instance_loss: 0.0061, weighted_loss: 0.0019, label: 0, bag_size: 16074
batch 39, loss: 0.0001, instance_loss: 0.0000, weighted_loss: 0.0001, label: 0, bag_size: 23909
batch 59, loss: 0.0000, instance_loss: 0.0613, weighted_loss: 0.0184, label: 0, bag_size: 3839
batch 79, loss: 0.0001, instance_loss: 2.5682, weighted_loss: 0.7705, label: 0, bag_size: 1861
batch 99, loss: 0.0002, instance_loss: 0.0068, weighted_loss: 0.0022, label: 0, bag_size: 2161
batch 119, loss: 0.0003, instance_loss: 0.0126, weighted_loss: 0.0040, label: 0, bag_size: 10718
batch 139, loss: 0.0000, instance_loss: 0.0000, weighted_loss: 0.0000, label: 0, bag_size: 12484
batch 159, loss: 0.0059, instance_loss: 0.0094, weighted_loss: 0.0070, label: 0, bag_size: 5342
batch 179, loss: 0.0000, instance_loss: 0.0015, weighted_loss: 0.0005, label: 0, bag_size: 2089
batch 199, loss: 0.0000, instance_loss: 0.0000, weighted_loss: 0.0000, label: 1, bag_size: 5082
batch 219, loss: 0.0000, instance_loss: 0.0006, weighted_loss: 0.0002, label: 0, bag_size: 4299
batch 239, loss: 0.0000, instance_loss: 0.0180, weighted_loss: 0.0054, label: 0, bag_size: 15086
batch 259, loss: 0.0004, instance_loss: 0.0121, weighted_loss: 0.0039, label: 0, bag_size: 10718
batch 279, loss: 0.0000, instance_loss: 0.0000, weighted_loss: 0.0000, label: 0, bag_size: 8863
batch 299, loss: 0.0000, instance_loss: 0.0000, weighted_loss: 0.0000, label: 0, bag_size: 5922
batch 319, loss: 0.0014, instance_loss: 0.0000, weighted_loss: 0.0010, label: 0, bag_size: 4569
batch 339, loss: 0.0001, instance_loss: 0.0004, weighted_loss: 0.0002, label: 0, bag_size: 6032
batch 359, loss: 0.0004, instance_loss: 0.0014, weighted_loss: 0.0007, label: 1, bag_size: 5828
batch 379, loss: 0.0127, instance_loss: 0.0013, weighted_loss: 0.0093, label: 0, bag_size: 1801
batch 399, loss: 0.0008, instance_loss: 0.0022, weighted_loss: 0.0012, label: 1, bag_size: 4563
batch 419, loss: 0.0005, instance_loss: 0.0040, weighted_loss: 0.0015, label: 1, bag_size: 4563
batch 439, loss: 0.0109, instance_loss: 0.0002, weighted_loss: 0.0077, label: 1, bag_size: 16197
batch 459, loss: 0.0010, instance_loss: 0.0026, weighted_loss: 0.0014, label: 1, bag_size: 1140
batch 479, loss: 0.0000, instance_loss: 0.0009, weighted_loss: 0.0003, label: 0, bag_size: 3016
batch 499, loss: 0.0007, instance_loss: 0.0000, weighted_loss: 0.0005, label: 1, bag_size: 7879
batch 519, loss: 0.0000, instance_loss: 0.0000, weighted_loss: 0.0000, label: 0, bag_size: 21267
batch 539, loss: 0.0056, instance_loss: 0.0000, weighted_loss: 0.0039, label: 1, bag_size: 7879
batch 559, loss: 0.0145, instance_loss: 0.0031, weighted_loss: 0.0111, label: 0, bag_size: 1322
batch 579, loss: 0.0222, instance_loss: 0.0000, weighted_loss: 0.0155, label: 1, bag_size: 2671
batch 599, loss: 0.0022, instance_loss: 0.0019, weighted_loss: 0.0021, label: 1, bag_size: 4365
batch 619, loss: 0.0000, instance_loss: 0.0234, weighted_loss: 0.0070, label: 0, bag_size: 1620
batch 639, loss: 0.0000, instance_loss: 0.0000, weighted_loss: 0.0000, label: 0, bag_size: 8863
batch 659, loss: 0.0000, instance_loss: 0.0025, weighted_loss: 0.0007, label: 0, bag_size: 3049
batch 679, loss: 0.0027, instance_loss: 0.0000, weighted_loss: 0.0019, label: 1, bag_size: 14414
batch 699, loss: 0.0326, instance_loss: 0.0012, weighted_loss: 0.0232, label: 0, bag_size: 12672
batch 719, loss: 0.0005, instance_loss: 0.0000, weighted_loss: 0.0003, label: 1, bag_size: 3621
batch 739, loss: 0.0000, instance_loss: 0.0071, weighted_loss: 0.0021, label: 1, bag_size: 4492
batch 759, loss: 0.0128, instance_loss: 0.0000, weighted_loss: 0.0090, label: 1, bag_size: 15079
batch 779, loss: 0.0050, instance_loss: 0.0132, weighted_loss: 0.0074, label: 1, bag_size: 1140
batch 799, loss: 0.0003, instance_loss: 0.0005, weighted_loss: 0.0004, label: 0, bag_size: 5502
batch 819, loss: 0.0000, instance_loss: 0.0000, weighted_loss: 0.0000, label: 0, bag_size: 2675
batch 839, loss: 0.0000, instance_loss: 0.0008, weighted_loss: 0.0002, label: 0, bag_size: 16323
batch 859, loss: 0.0025, instance_loss: 0.0000, weighted_loss: 0.0018, label: 0, bag_size: 3999
batch 879, loss: 0.0043, instance_loss: 0.0079, weighted_loss: 0.0054, label: 0, bag_size: 2703
batch 899, loss: 0.0000, instance_loss: 0.0085, weighted_loss: 0.0026, label: 0, bag_size: 3969


class 0 clustering acc 1.0: correct 7256/7256
class 1 clustering acc 0.9982083792723263: correct 7243/7256
Epoch: 12, train_loss: 0.0299, train_clustering_loss:  0.0099, train_error: 0.0088
class 0: acc 0.9868131868131869, correct 449/455
class 1: acc 0.995575221238938, correct 450/452

Val Set, val_loss: 0.7033, val_error: 0.0585, auc: 0.5832
class 0 clustering acc 1.0: correct 1368/1368
class 1 clustering acc 1.0: correct 1368/1368
class 0: acc 0.9937888198757764, correct 160/161
class 1: acc 0.1, correct 1/10
EarlyStopping counter: 9 out of 10


batch 19, loss: 0.0047, instance_loss: 0.0000, weighted_loss: 0.0033, label: 1, bag_size: 15079
batch 39, loss: 0.0001, instance_loss: 0.0030, weighted_loss: 0.0010, label: 1, bag_size: 3621
batch 59, loss: 0.0001, instance_loss: 0.0150, weighted_loss: 0.0046, label: 1, bag_size: 14318
batch 79, loss: 0.0000, instance_loss: 0.0034, weighted_loss: 0.0010, label: 1, bag_size: 5082
batch 99, loss: 0.0000, instance_loss: 0.0205, weighted_loss: 0.0061, label: 0, bag_size: 9172
batch 119, loss: 0.0000, instance_loss: 0.0000, weighted_loss: 0.0000, label: 1, bag_size: 2637
batch 139, loss: 0.0002, instance_loss: 0.0039, weighted_loss: 0.0013, label: 1, bag_size: 14318
batch 159, loss: 0.0000, instance_loss: 0.0000, weighted_loss: 0.0000, label: 0, bag_size: 8270
batch 179, loss: 0.0383, instance_loss: 0.0000, weighted_loss: 0.0268, label: 1, bag_size: 7733
batch 199, loss: 0.0000, instance_loss: 0.0004, weighted_loss: 0.0002, label: 1, bag_size: 4563
batch 219, loss: 0.0023, instance_loss: 0.0000, weighted_loss: 0.0016, label: 1, bag_size: 22624
batch 239, loss: 0.0493, instance_loss: 0.0647, weighted_loss: 0.0539, label: 0, bag_size: 2602
batch 259, loss: 0.0001, instance_loss: 0.0089, weighted_loss: 0.0027, label: 0, bag_size: 20517
batch 279, loss: 0.0000, instance_loss: 0.0295, weighted_loss: 0.0089, label: 0, bag_size: 1556
batch 299, loss: 0.0003, instance_loss: 0.0003, weighted_loss: 0.0003, label: 0, bag_size: 15693
batch 319, loss: 0.0000, instance_loss: 0.0005, weighted_loss: 0.0002, label: 0, bag_size: 16640
batch 339, loss: 0.0010, instance_loss: 0.0006, weighted_loss: 0.0009, label: 1, bag_size: 2644
batch 359, loss: 0.0001, instance_loss: 0.0000, weighted_loss: 0.0000, label: 1, bag_size: 2637
batch 379, loss: 0.0015, instance_loss: 0.0000, weighted_loss: 0.0011, label: 1, bag_size: 14414
batch 399, loss: 0.0011, instance_loss: 0.0000, weighted_loss: 0.0008, label: 1, bag_size: 2644
batch 419, loss: 0.0000, instance_loss: 0.0002, weighted_loss: 0.0001, label: 0, bag_size: 2137
batch 439, loss: 0.0000, instance_loss: 0.0000, weighted_loss: 0.0000, label: 0, bag_size: 8244
batch 459, loss: 0.0013, instance_loss: 0.0000, weighted_loss: 0.0009, label: 1, bag_size: 22042
batch 479, loss: 0.0021, instance_loss: 0.0002, weighted_loss: 0.0015, label: 1, bag_size: 1140
batch 499, loss: 0.0006, instance_loss: 0.1643, weighted_loss: 0.0497, label: 0, bag_size: 1860
batch 519, loss: 0.0000, instance_loss: 0.0096, weighted_loss: 0.0029, label: 1, bag_size: 6023
batch 539, loss: 0.0033, instance_loss: 0.0005, weighted_loss: 0.0025, label: 0, bag_size: 3547
batch 559, loss: 0.0001, instance_loss: 0.0000, weighted_loss: 0.0001, label: 1, bag_size: 3621
batch 579, loss: 0.0000, instance_loss: 0.0003, weighted_loss: 0.0001, label: 0, bag_size: 1868
batch 599, loss: 0.0023, instance_loss: 0.0002, weighted_loss: 0.0017, label: 1, bag_size: 12989
batch 619, loss: 0.0005, instance_loss: 0.0064, weighted_loss: 0.0022, label: 1, bag_size: 2644
batch 639, loss: 0.0039, instance_loss: 0.0100, weighted_loss: 0.0058, label: 1, bag_size: 2853
batch 659, loss: 0.0000, instance_loss: 0.0058, weighted_loss: 0.0018, label: 1, bag_size: 4492
batch 679, loss: 0.0000, instance_loss: 0.0000, weighted_loss: 0.0000, label: 0, bag_size: 1770
batch 699, loss: 0.0006, instance_loss: 0.0322, weighted_loss: 0.0100, label: 1, bag_size: 13571
batch 719, loss: 0.0465, instance_loss: 0.0030, weighted_loss: 0.0335, label: 1, bag_size: 2853
batch 739, loss: 0.0002, instance_loss: 0.0000, weighted_loss: 0.0002, label: 1, bag_size: 4516
batch 759, loss: 0.0055, instance_loss: 0.0000, weighted_loss: 0.0038, label: 1, bag_size: 18621
batch 779, loss: 0.0353, instance_loss: 0.0006, weighted_loss: 0.0249, label: 1, bag_size: 9833
batch 799, loss: 0.0001, instance_loss: 0.0004, weighted_loss: 0.0002, label: 0, bag_size: 2703
batch 819, loss: 0.0006, instance_loss: 0.0000, weighted_loss: 0.0004, label: 1, bag_size: 4516
batch 839, loss: 0.0000, instance_loss: 0.0006, weighted_loss: 0.0002, label: 0, bag_size: 2376
batch 859, loss: 0.0000, instance_loss: 0.0000, weighted_loss: 0.0000, label: 0, bag_size: 18625
batch 879, loss: 0.0066, instance_loss: 0.0000, weighted_loss: 0.0046, label: 1, bag_size: 4760
batch 899, loss: 0.0020, instance_loss: 0.0049, weighted_loss: 0.0028, label: 1, bag_size: 2853


class 0 clustering acc 0.9994487320837927: correct 7252/7256
class 1 clustering acc 0.9975192943770672: correct 7238/7256
Epoch: 13, train_loss: 0.0362, train_clustering_loss:  0.0153, train_error: 0.0132
class 0: acc 0.9843400447427293, correct 440/447
class 1: acc 0.9891304347826086, correct 455/460

Val Set, val_loss: 0.6536, val_error: 0.0819, auc: 0.5981
class 0 clustering acc 1.0: correct 1368/1368
class 1 clustering acc 0.9992690058479532: correct 1367/1368
class 0: acc 0.968944099378882, correct 156/161
class 1: acc 0.1, correct 1/10
EarlyStopping counter: 10 out of 10
Early stopping
Val error: 0.1345, ROC AUC: 0.5137
CV validation error: 0.1345, ROC AUC: 0.5137
class 0: acc 0.9130434782608695, correct 147/161
class 1: acc 0.1, correct 1/10
Future event metrics: {"fold": 0, "events": 89, "positive_events": 4, "event_average_precision": 0.10785447429283046, "event_roc_auc": 0.6323529411764706, "event_brier": 0.05690163217408353, "aggregation": "mean probability across all included stains/slides of same patient/anchor date", "exploratory_cv_not_independent_final_test": true}

Training Fold 1!

Init train/val/test splits... 
Done!
Training on 836 samples
Validating on 242 samples
Testing on 0 samples

Init loss function... Done!

Init Model... Setting tau to 1.0
Done!
CLAM_SB(
  (attention_net): Sequential(
    (0): Linear(in_features=1536, out_features=512, bias=True)
    (1): ReLU()
    (2): Dropout(p=0.25, inplace=False)
    (3): Attn_Net_Gated(
      (attention_a): Sequential(
        (0): Linear(in_features=512, out_features=256, bias=True)
        (1): Tanh()
        (2): Dropout(p=0.25, inplace=False)
      )
      (attention_b): Sequential(
        (0): Linear(in_features=512, out_features=256, bias=True)
        (1): Sigmoid()
        (2): Dropout(p=0.25, inplace=False)
      )
      (attention_c): Linear(in_features=256, out_features=1, bias=True)
    )
  )
  (classifiers): Linear(in_features=512, out_features=2, bias=True)
  (instance_classifiers): ModuleList(
    (0-1): 2 x Linear(in_features=512, out_features=2, bias=True)
  )
  (instance_loss_fn): SmoothTop1SVM()
)
Total number of parameters: 1052935
Total number of trainable parameters: 1052935

Init optimizer ... Done!

Init Loaders... Done!

Setup EarlyStopping... Done!


batch 19, loss: 0.3370, instance_loss: 0.5985, weighted_loss: 0.4154, label: 1, bag_size: 16197
batch 39, loss: 0.7471, instance_loss: 1.4761, weighted_loss: 0.9658, label: 1, bag_size: 8663
batch 59, loss: 0.6441, instance_loss: 1.0813, weighted_loss: 0.7753, label: 0, bag_size: 10001
batch 79, loss: 0.4819, instance_loss: 0.7621, weighted_loss: 0.5659, label: 1, bag_size: 2671
batch 99, loss: 0.5383, instance_loss: 0.3802, weighted_loss: 0.4908, label: 1, bag_size: 18621
batch 119, loss: 0.7941, instance_loss: 0.4352, weighted_loss: 0.6864, label: 0, bag_size: 39556
batch 139, loss: 0.5380, instance_loss: 0.0406, weighted_loss: 0.3888, label: 0, bag_size: 6678
batch 159, loss: 0.4624, instance_loss: 0.0094, weighted_loss: 0.3265, label: 0, bag_size: 4356
batch 179, loss: 0.4499, instance_loss: 0.0091, weighted_loss: 0.3177, label: 0, bag_size: 3876
batch 199, loss: 0.4543, instance_loss: 0.3609, weighted_loss: 0.4263, label: 0, bag_size: 14056
batch 219, loss: 0.4308, instance_loss: 0.0216, weighted_loss: 0.3080, label: 0, bag_size: 7086
batch 239, loss: 0.2303, instance_loss: 0.0957, weighted_loss: 0.1899, label: 1, bag_size: 2671
batch 259, loss: 2.8803, instance_loss: 0.1464, weighted_loss: 2.0601, label: 0, bag_size: 5164
batch 279, loss: 0.4680, instance_loss: 0.1445, weighted_loss: 0.3709, label: 0, bag_size: 13470
batch 299, loss: 0.1710, instance_loss: 0.9069, weighted_loss: 0.3918, label: 1, bag_size: 12989
batch 319, loss: 0.5424, instance_loss: 0.0832, weighted_loss: 0.4047, label: 0, bag_size: 10419
batch 339, loss: 0.1561, instance_loss: 0.7945, weighted_loss: 0.3476, label: 0, bag_size: 13770
batch 359, loss: 0.4746, instance_loss: 0.4057, weighted_loss: 0.4540, label: 0, bag_size: 11919
batch 379, loss: 0.2340, instance_loss: 0.0038, weighted_loss: 0.1650, label: 1, bag_size: 12989
batch 399, loss: 0.1041, instance_loss: 0.0000, weighted_loss: 0.0729, label: 1, bag_size: 21952
batch 419, loss: 0.0263, instance_loss: 0.0000, weighted_loss: 0.0184, label: 1, bag_size: 22871
batch 439, loss: 0.9650, instance_loss: 0.0208, weighted_loss: 0.6817, label: 0, bag_size: 5006
batch 459, loss: 0.3114, instance_loss: 0.0088, weighted_loss: 0.2206, label: 1, bag_size: 6023
batch 479, loss: 0.4877, instance_loss: 0.0157, weighted_loss: 0.3461, label: 0, bag_size: 13621
batch 499, loss: 0.2657, instance_loss: 0.0657, weighted_loss: 0.2057, label: 0, bag_size: 14240
batch 519, loss: 0.7497, instance_loss: 0.1442, weighted_loss: 0.5681, label: 1, bag_size: 5082
batch 539, loss: 0.3767, instance_loss: 0.0031, weighted_loss: 0.2646, label: 1, bag_size: 7733
batch 559, loss: 0.4687, instance_loss: 0.0002, weighted_loss: 0.3281, label: 1, bag_size: 14414
batch 579, loss: 0.0593, instance_loss: 0.0000, weighted_loss: 0.0415, label: 1, bag_size: 2671
batch 599, loss: 0.0807, instance_loss: 0.0053, weighted_loss: 0.0581, label: 1, bag_size: 14318
batch 619, loss: 0.2058, instance_loss: 0.0073, weighted_loss: 0.1463, label: 0, bag_size: 6239
batch 639, loss: 0.7333, instance_loss: 0.0022, weighted_loss: 0.5139, label: 0, bag_size: 5684
batch 659, loss: 0.5205, instance_loss: 0.0051, weighted_loss: 0.3659, label: 1, bag_size: 4365
batch 679, loss: 0.6880, instance_loss: 0.0088, weighted_loss: 0.4843, label: 0, bag_size: 17692
batch 699, loss: 0.4280, instance_loss: 0.0026, weighted_loss: 0.3004, label: 0, bag_size: 15093
batch 719, loss: 0.5407, instance_loss: 0.0034, weighted_loss: 0.3795, label: 1, bag_size: 9833
batch 739, loss: 0.6182, instance_loss: 0.0013, weighted_loss: 0.4331, label: 0, bag_size: 9262
batch 759, loss: 0.1189, instance_loss: 0.0015, weighted_loss: 0.0837, label: 1, bag_size: 22871
batch 779, loss: 0.9612, instance_loss: 0.0014, weighted_loss: 0.6733, label: 1, bag_size: 5082
batch 799, loss: 0.2825, instance_loss: 0.0100, weighted_loss: 0.2007, label: 1, bag_size: 4492
batch 819, loss: 0.0262, instance_loss: 0.0098, weighted_loss: 0.0213, label: 0, bag_size: 1614


class 0 clustering acc 0.9398923444976076: correct 6286/6688
class 1 clustering acc 0.9354066985645934: correct 6256/6688
Epoch: 0, train_loss: 0.5685, train_clustering_loss:  0.2556, train_error: 0.3110
class 0: acc 0.7200956937799043, correct 301/418
class 1: acc 0.6578947368421053, correct 275/418

Val Set, val_loss: 0.5888, val_error: 0.4628, auc: 0.4535
class 0 clustering acc 1.0: correct 1936/1936
class 1 clustering acc 1.0: correct 1936/1936
class 0: acc 0.5450643776824035, correct 127/233
class 1: acc 0.3333333333333333, correct 3/9
Validation loss decreased (inf --> 0.588824).  Saving model ...


batch 19, loss: 0.1342, instance_loss: 0.0050, weighted_loss: 0.0954, label: 0, bag_size: 3176
batch 39, loss: 0.4109, instance_loss: 0.0031, weighted_loss: 0.2886, label: 0, bag_size: 9265
batch 59, loss: 0.0045, instance_loss: 0.0000, weighted_loss: 0.0032, label: 0, bag_size: 21775
batch 79, loss: 0.7309, instance_loss: 0.0005, weighted_loss: 0.5118, label: 1, bag_size: 4563
batch 99, loss: 0.0385, instance_loss: 0.0005, weighted_loss: 0.0271, label: 1, bag_size: 4563
batch 119, loss: 0.6629, instance_loss: 0.0005, weighted_loss: 0.4642, label: 0, bag_size: 9366
batch 139, loss: 0.7677, instance_loss: 0.0035, weighted_loss: 0.5384, label: 1, bag_size: 3628
batch 159, loss: 0.3190, instance_loss: 0.0045, weighted_loss: 0.2247, label: 0, bag_size: 3409
batch 179, loss: 1.0605, instance_loss: 0.0021, weighted_loss: 0.7429, label: 1, bag_size: 14318
batch 199, loss: 0.0056, instance_loss: 0.0004, weighted_loss: 0.0040, label: 0, bag_size: 12513
batch 219, loss: 0.0036, instance_loss: 0.0003, weighted_loss: 0.0026, label: 0, bag_size: 23082
batch 239, loss: 0.0851, instance_loss: 0.0079, weighted_loss: 0.0619, label: 0, bag_size: 2311
batch 259, loss: 0.0152, instance_loss: 0.0003, weighted_loss: 0.0108, label: 0, bag_size: 14354
batch 279, loss: 0.0473, instance_loss: 0.0000, weighted_loss: 0.0331, label: 1, bag_size: 2671
batch 299, loss: 0.5263, instance_loss: 0.0012, weighted_loss: 0.3688, label: 0, bag_size: 6044
batch 319, loss: 0.2074, instance_loss: 0.0000, weighted_loss: 0.1452, label: 1, bag_size: 4365
batch 339, loss: 0.3754, instance_loss: 0.0003, weighted_loss: 0.2629, label: 1, bag_size: 3621
batch 359, loss: 0.0464, instance_loss: 0.0002, weighted_loss: 0.0325, label: 1, bag_size: 15079
batch 379, loss: 0.9735, instance_loss: 0.0011, weighted_loss: 0.6818, label: 0, bag_size: 14002
batch 399, loss: 0.2429, instance_loss: 0.0243, weighted_loss: 0.1774, label: 0, bag_size: 1179
batch 419, loss: 1.1369, instance_loss: 0.0000, weighted_loss: 0.7959, label: 1, bag_size: 7879
batch 439, loss: 0.1829, instance_loss: 0.0027, weighted_loss: 0.1289, label: 1, bag_size: 12989
batch 459, loss: 0.0974, instance_loss: 0.0019, weighted_loss: 0.0687, label: 1, bag_size: 16197
batch 479, loss: 1.3649, instance_loss: 0.0028, weighted_loss: 0.9562, label: 0, bag_size: 4085
batch 499, loss: 0.2144, instance_loss: 0.0016, weighted_loss: 0.1505, label: 1, bag_size: 4276
batch 519, loss: 1.1795, instance_loss: 0.0016, weighted_loss: 0.8261, label: 1, bag_size: 6812
batch 539, loss: 0.0446, instance_loss: 0.0050, weighted_loss: 0.0327, label: 1, bag_size: 5137
batch 559, loss: 0.0974, instance_loss: 0.0008, weighted_loss: 0.0684, label: 0, bag_size: 17232
batch 579, loss: 0.3381, instance_loss: 0.0038, weighted_loss: 0.2378, label: 0, bag_size: 2984
batch 599, loss: 0.0509, instance_loss: 0.0002, weighted_loss: 0.0357, label: 1, bag_size: 6344
batch 619, loss: 0.3194, instance_loss: 0.0005, weighted_loss: 0.2237, label: 1, bag_size: 7879
batch 639, loss: 0.0024, instance_loss: 0.0000, weighted_loss: 0.0017, label: 0, bag_size: 14713
batch 659, loss: 0.0137, instance_loss: 0.0011, weighted_loss: 0.0099, label: 0, bag_size: 16133
batch 679, loss: 0.0380, instance_loss: 0.0004, weighted_loss: 0.0267, label: 1, bag_size: 1140
batch 699, loss: 1.1677, instance_loss: 0.0026, weighted_loss: 0.8181, label: 1, bag_size: 3628
batch 719, loss: 0.0150, instance_loss: 0.0031, weighted_loss: 0.0114, label: 1, bag_size: 2644
batch 739, loss: 0.1253, instance_loss: 0.0002, weighted_loss: 0.0877, label: 0, bag_size: 10665
batch 759, loss: 0.2923, instance_loss: 0.0036, weighted_loss: 0.2057, label: 0, bag_size: 4349
batch 779, loss: 0.8228, instance_loss: 0.0016, weighted_loss: 0.5764, label: 1, bag_size: 7733
batch 799, loss: 0.0003, instance_loss: 0.0003, weighted_loss: 0.0003, label: 0, bag_size: 15851
batch 819, loss: 0.0705, instance_loss: 0.0000, weighted_loss: 0.0494, label: 1, bag_size: 21952


class 0 clustering acc 1.0: correct 6688/6688
class 1 clustering acc 1.0: correct 6688/6688
Epoch: 1, train_loss: 0.4163, train_clustering_loss:  0.0031, train_error: 0.2153
class 0: acc 0.817351598173516, correct 358/438
class 1: acc 0.7487437185929648, correct 298/398

Val Set, val_loss: 0.5805, val_error: 0.1653, auc: 0.5064
class 0 clustering acc 1.0: correct 1936/1936
class 1 clustering acc 1.0: correct 1936/1936
class 0: acc 0.8626609442060086, correct 201/233
class 1: acc 0.1111111111111111, correct 1/9
Validation loss decreased (0.588824 --> 0.580543).  Saving model ...


batch 19, loss: 0.1014, instance_loss: 0.0000, weighted_loss: 0.0710, label: 1, bag_size: 4365
batch 39, loss: 0.7149, instance_loss: 0.0009, weighted_loss: 0.5007, label: 0, bag_size: 7304
batch 59, loss: 0.1093, instance_loss: 0.0000, weighted_loss: 0.0765, label: 0, bag_size: 19237
batch 79, loss: 0.1933, instance_loss: 0.0004, weighted_loss: 0.1355, label: 0, bag_size: 10053
batch 99, loss: 0.2582, instance_loss: 0.0008, weighted_loss: 0.1810, label: 0, bag_size: 9855
batch 119, loss: 1.5327, instance_loss: 0.0009, weighted_loss: 1.0732, label: 1, bag_size: 6023
batch 139, loss: 0.0116, instance_loss: 0.0042, weighted_loss: 0.0094, label: 1, bag_size: 2644
batch 159, loss: 0.1402, instance_loss: 0.0002, weighted_loss: 0.0982, label: 0, bag_size: 12427
batch 179, loss: 0.0754, instance_loss: 0.0000, weighted_loss: 0.0528, label: 1, bag_size: 5828
batch 199, loss: 0.1122, instance_loss: 0.0000, weighted_loss: 0.0785, label: 1, bag_size: 4365
batch 219, loss: 0.0169, instance_loss: 0.0011, weighted_loss: 0.0122, label: 1, bag_size: 4492
batch 239, loss: 0.8925, instance_loss: 0.0009, weighted_loss: 0.6250, label: 1, bag_size: 18621
batch 259, loss: 0.1471, instance_loss: 0.0000, weighted_loss: 0.1030, label: 1, bag_size: 7879
batch 279, loss: 0.2190, instance_loss: 0.0010, weighted_loss: 0.1536, label: 1, bag_size: 21609
batch 299, loss: 0.0002, instance_loss: 0.0000, weighted_loss: 0.0001, label: 0, bag_size: 15392
batch 319, loss: 0.0117, instance_loss: 0.0000, weighted_loss: 0.0082, label: 1, bag_size: 22871
batch 339, loss: 0.0005, instance_loss: 0.0002, weighted_loss: 0.0004, label: 0, bag_size: 18559
batch 359, loss: 0.0803, instance_loss: 0.2031, weighted_loss: 0.1172, label: 0, bag_size: 112
batch 379, loss: 0.4526, instance_loss: 0.0002, weighted_loss: 0.3169, label: 0, bag_size: 10474
batch 399, loss: 0.0002, instance_loss: 0.0000, weighted_loss: 0.0001, label: 0, bag_size: 1858
batch 419, loss: 0.0012, instance_loss: 0.0000, weighted_loss: 0.0008, label: 0, bag_size: 3528
batch 439, loss: 0.0006, instance_loss: 0.0002, weighted_loss: 0.0005, label: 0, bag_size: 13564
batch 459, loss: 0.7450, instance_loss: 0.0007, weighted_loss: 0.5217, label: 1, bag_size: 9833
batch 479, loss: 0.1397, instance_loss: 0.0004, weighted_loss: 0.0979, label: 0, bag_size: 1732
batch 499, loss: 0.0909, instance_loss: 0.0000, weighted_loss: 0.0637, label: 1, bag_size: 5828
batch 519, loss: 0.0202, instance_loss: 0.0010, weighted_loss: 0.0144, label: 1, bag_size: 13646
batch 539, loss: 0.0943, instance_loss: 0.0002, weighted_loss: 0.0661, label: 1, bag_size: 21952
batch 559, loss: 0.0779, instance_loss: 0.0000, weighted_loss: 0.0545, label: 1, bag_size: 21609
batch 579, loss: 0.0190, instance_loss: 0.0002, weighted_loss: 0.0133, label: 1, bag_size: 14528
batch 599, loss: 0.0022, instance_loss: 0.0000, weighted_loss: 0.0016, label: 0, bag_size: 19205
batch 619, loss: 0.0001, instance_loss: 0.0000, weighted_loss: 0.0001, label: 0, bag_size: 2864
batch 639, loss: 0.0183, instance_loss: 0.0004, weighted_loss: 0.0130, label: 0, bag_size: 17692
batch 659, loss: 0.0659, instance_loss: 0.0000, weighted_loss: 0.0462, label: 1, bag_size: 21952
batch 679, loss: 0.1921, instance_loss: 0.0011, weighted_loss: 0.1348, label: 0, bag_size: 8401
batch 699, loss: 0.3564, instance_loss: 0.0011, weighted_loss: 0.2498, label: 1, bag_size: 4276
batch 719, loss: 0.0547, instance_loss: 0.0089, weighted_loss: 0.0410, label: 0, bag_size: 2119
batch 739, loss: 1.2479, instance_loss: 0.0030, weighted_loss: 0.8745, label: 1, bag_size: 6812
batch 759, loss: 0.0201, instance_loss: 0.0000, weighted_loss: 0.0141, label: 1, bag_size: 15079
batch 779, loss: 0.4330, instance_loss: 0.0013, weighted_loss: 0.3035, label: 1, bag_size: 3621
batch 799, loss: 0.2359, instance_loss: 0.0026, weighted_loss: 0.1659, label: 1, bag_size: 12989
batch 819, loss: 0.1948, instance_loss: 0.0002, weighted_loss: 0.1365, label: 0, bag_size: 8593


class 0 clustering acc 0.9998504784688995: correct 6687/6688
class 1 clustering acc 1.0: correct 6688/6688
Epoch: 2, train_loss: 0.2763, train_clustering_loss:  0.0020, train_error: 0.1232
class 0: acc 0.875, correct 371/424
class 1: acc 0.8786407766990292, correct 362/412

Val Set, val_loss: 0.5638, val_error: 0.1983, auc: 0.4812
class 0 clustering acc 1.0: correct 1936/1936
class 1 clustering acc 1.0: correct 1936/1936
class 0: acc 0.8240343347639485, correct 192/233
class 1: acc 0.2222222222222222, correct 2/9
Validation loss decreased (0.580543 --> 0.563827).  Saving model ...


batch 19, loss: 0.6018, instance_loss: 0.0018, weighted_loss: 0.4218, label: 1, bag_size: 9833
batch 39, loss: 0.4060, instance_loss: 0.0051, weighted_loss: 0.2857, label: 0, bag_size: 2061
batch 59, loss: 0.0620, instance_loss: 0.0129, weighted_loss: 0.0473, label: 1, bag_size: 21609
batch 79, loss: 1.1152, instance_loss: 0.0000, weighted_loss: 0.7806, label: 1, bag_size: 9833
batch 99, loss: 1.0816, instance_loss: 0.0003, weighted_loss: 0.7572, label: 0, bag_size: 6239
batch 119, loss: 0.7944, instance_loss: 0.0017, weighted_loss: 0.5566, label: 1, bag_size: 2853
batch 139, loss: 0.0499, instance_loss: 0.0008, weighted_loss: 0.0352, label: 1, bag_size: 6344
batch 159, loss: 1.1858, instance_loss: 0.0044, weighted_loss: 0.8314, label: 1, bag_size: 6812
batch 179, loss: 0.0243, instance_loss: 0.0002, weighted_loss: 0.0171, label: 1, bag_size: 21609
batch 199, loss: 0.0354, instance_loss: 0.0002, weighted_loss: 0.0248, label: 1, bag_size: 4492
batch 219, loss: 0.4180, instance_loss: 0.0030, weighted_loss: 0.2935, label: 0, bag_size: 18450
batch 239, loss: 0.1985, instance_loss: 0.0048, weighted_loss: 0.1404, label: 0, bag_size: 1333
batch 259, loss: 0.2844, instance_loss: 0.0002, weighted_loss: 0.1991, label: 1, bag_size: 14414
batch 279, loss: 0.2338, instance_loss: 0.0013, weighted_loss: 0.1641, label: 1, bag_size: 21609
batch 299, loss: 0.0602, instance_loss: 0.0003, weighted_loss: 0.0422, label: 0, bag_size: 17986
batch 319, loss: 4.9777, instance_loss: 0.0000, weighted_loss: 3.4844, label: 0, bag_size: 14178
batch 339, loss: 0.2726, instance_loss: 0.0055, weighted_loss: 0.1925, label: 0, bag_size: 1396
batch 359, loss: 0.0000, instance_loss: 0.0000, weighted_loss: 0.0000, label: 0, bag_size: 18431
batch 379, loss: 0.2827, instance_loss: 0.0004, weighted_loss: 0.1980, label: 0, bag_size: 6019
batch 399, loss: 0.0035, instance_loss: 0.0000, weighted_loss: 0.0024, label: 1, bag_size: 13571
batch 419, loss: 0.0038, instance_loss: 0.0008, weighted_loss: 0.0029, label: 0, bag_size: 8138
batch 439, loss: 0.0100, instance_loss: 0.0007, weighted_loss: 0.0073, label: 1, bag_size: 13646
batch 459, loss: 0.1349, instance_loss: 0.0004, weighted_loss: 0.0945, label: 1, bag_size: 5828
batch 479, loss: 0.0175, instance_loss: 0.0008, weighted_loss: 0.0125, label: 1, bag_size: 5137
batch 499, loss: 0.2361, instance_loss: 0.0015, weighted_loss: 0.1657, label: 1, bag_size: 7879
batch 519, loss: 0.0722, instance_loss: 0.0007, weighted_loss: 0.0508, label: 1, bag_size: 10180
batch 539, loss: 0.0001, instance_loss: 0.0021, weighted_loss: 0.0007, label: 0, bag_size: 4187
batch 559, loss: 0.0104, instance_loss: 0.0046, weighted_loss: 0.0087, label: 1, bag_size: 22871
batch 579, loss: 0.0042, instance_loss: 0.0000, weighted_loss: 0.0030, label: 1, bag_size: 22871
batch 599, loss: 0.0005, instance_loss: 0.0000, weighted_loss: 0.0003, label: 0, bag_size: 1875
batch 619, loss: 0.0000, instance_loss: 0.0000, weighted_loss: 0.0000, label: 0, bag_size: 16350
batch 639, loss: 0.0194, instance_loss: 0.0000, weighted_loss: 0.0136, label: 1, bag_size: 12989
batch 659, loss: 0.0276, instance_loss: 0.0009, weighted_loss: 0.0196, label: 0, bag_size: 7261
batch 679, loss: 0.0151, instance_loss: 0.0014, weighted_loss: 0.0110, label: 0, bag_size: 3953
batch 699, loss: 0.1026, instance_loss: 0.0000, weighted_loss: 0.0718, label: 0, bag_size: 2464
batch 719, loss: 0.9375, instance_loss: 0.0213, weighted_loss: 0.6627, label: 1, bag_size: 1140
batch 739, loss: 0.0022, instance_loss: 0.0000, weighted_loss: 0.0016, label: 1, bag_size: 13571
batch 759, loss: 0.0479, instance_loss: 0.0021, weighted_loss: 0.0341, label: 1, bag_size: 18621
batch 779, loss: 0.2348, instance_loss: 0.0000, weighted_loss: 0.1644, label: 1, bag_size: 5082
batch 799, loss: 0.0454, instance_loss: 0.0010, weighted_loss: 0.0321, label: 1, bag_size: 10180
batch 819, loss: 0.0180, instance_loss: 0.0000, weighted_loss: 0.0126, label: 0, bag_size: 19237


class 0 clustering acc 0.9991028708133971: correct 6682/6688
class 1 clustering acc 1.0: correct 6688/6688
Epoch: 3, train_loss: 0.2174, train_clustering_loss:  0.0037, train_error: 0.0813
class 0: acc 0.908235294117647, correct 386/425
class 1: acc 0.9294403892944039, correct 382/411

Val Set, val_loss: 0.3609, val_error: 0.0785, auc: 0.4702
class 0 clustering acc 1.0: correct 1936/1936
class 1 clustering acc 1.0: correct 1936/1936
class 0: acc 0.9527896995708155, correct 222/233
class 1: acc 0.1111111111111111, correct 1/9
Validation loss decreased (0.563827 --> 0.360917).  Saving model ...


batch 19, loss: 0.0977, instance_loss: 0.0000, weighted_loss: 0.0684, label: 1, bag_size: 21952
batch 39, loss: 0.0032, instance_loss: 0.0010, weighted_loss: 0.0025, label: 1, bag_size: 2644
batch 59, loss: 0.0462, instance_loss: 0.0040, weighted_loss: 0.0335, label: 0, bag_size: 2879
batch 79, loss: 0.0000, instance_loss: 0.0017, weighted_loss: 0.0005, label: 0, bag_size: 13564
batch 99, loss: 0.0170, instance_loss: 0.0457, weighted_loss: 0.0256, label: 0, bag_size: 1611
batch 119, loss: 1.3369, instance_loss: 0.0012, weighted_loss: 0.9362, label: 0, bag_size: 5268
batch 139, loss: 0.0000, instance_loss: 0.0000, weighted_loss: 0.0000, label: 0, bag_size: 15675
batch 159, loss: 0.0000, instance_loss: 0.0000, weighted_loss: 0.0000, label: 0, bag_size: 17843
batch 179, loss: 0.0012, instance_loss: 0.0006, weighted_loss: 0.0010, label: 0, bag_size: 3841
batch 199, loss: 0.0016, instance_loss: 0.0053, weighted_loss: 0.0027, label: 0, bag_size: 1862
batch 219, loss: 0.0001, instance_loss: 0.0000, weighted_loss: 0.0001, label: 0, bag_size: 3315
batch 239, loss: 0.0056, instance_loss: 0.0000, weighted_loss: 0.0039, label: 1, bag_size: 2853
batch 259, loss: 0.0054, instance_loss: 0.0021, weighted_loss: 0.0044, label: 1, bag_size: 1140
batch 279, loss: 0.0002, instance_loss: 0.0000, weighted_loss: 0.0001, label: 0, bag_size: 9608
batch 299, loss: 0.1117, instance_loss: 0.0024, weighted_loss: 0.0789, label: 1, bag_size: 6023
batch 319, loss: 0.0025, instance_loss: 0.0017, weighted_loss: 0.0022, label: 0, bag_size: 1964
batch 339, loss: 0.0391, instance_loss: 0.0018, weighted_loss: 0.0279, label: 1, bag_size: 10180
batch 359, loss: 0.0033, instance_loss: 0.0000, weighted_loss: 0.0023, label: 0, bag_size: 10665
batch 379, loss: 0.0144, instance_loss: 0.0065, weighted_loss: 0.0120, label: 1, bag_size: 3621
batch 399, loss: 0.0048, instance_loss: 0.0136, weighted_loss: 0.0074, label: 1, bag_size: 3628
batch 419, loss: 0.1304, instance_loss: 0.0007, weighted_loss: 0.0915, label: 0, bag_size: 7722
batch 439, loss: 0.0392, instance_loss: 0.0000, weighted_loss: 0.0275, label: 1, bag_size: 2853
batch 459, loss: 2.2394, instance_loss: 0.0000, weighted_loss: 1.5676, label: 0, bag_size: 13522
batch 479, loss: 0.0003, instance_loss: 0.0006, weighted_loss: 0.0004, label: 0, bag_size: 1964
batch 499, loss: 0.0009, instance_loss: 0.0000, weighted_loss: 0.0006, label: 0, bag_size: 14601
batch 519, loss: 0.0114, instance_loss: 0.0042, weighted_loss: 0.0093, label: 0, bag_size: 4692
batch 539, loss: 0.0016, instance_loss: 0.0000, weighted_loss: 0.0011, label: 0, bag_size: 26941
batch 559, loss: 0.0062, instance_loss: 0.0000, weighted_loss: 0.0043, label: 0, bag_size: 16772
batch 579, loss: 0.0938, instance_loss: 0.0000, weighted_loss: 0.0657, label: 1, bag_size: 14318
batch 599, loss: 0.0612, instance_loss: 0.0004, weighted_loss: 0.0429, label: 1, bag_size: 7733
batch 619, loss: 0.0041, instance_loss: 0.0007, weighted_loss: 0.0031, label: 1, bag_size: 6812
batch 639, loss: 0.0000, instance_loss: 0.0000, weighted_loss: 0.0000, label: 0, bag_size: 19131
batch 659, loss: 0.0506, instance_loss: 0.0021, weighted_loss: 0.0361, label: 0, bag_size: 4029
batch 679, loss: 0.0020, instance_loss: 0.0000, weighted_loss: 0.0014, label: 0, bag_size: 6185
batch 699, loss: 0.0000, instance_loss: 0.0002, weighted_loss: 0.0001, label: 0, bag_size: 16074
batch 719, loss: 0.0526, instance_loss: 0.0009, weighted_loss: 0.0371, label: 1, bag_size: 3354
batch 739, loss: 0.0000, instance_loss: 0.0000, weighted_loss: 0.0000, label: 0, bag_size: 1881
batch 759, loss: 0.0109, instance_loss: 0.0000, weighted_loss: 0.0076, label: 1, bag_size: 4563
batch 779, loss: 0.1080, instance_loss: 0.0027, weighted_loss: 0.0764, label: 0, bag_size: 8770
batch 799, loss: 0.0307, instance_loss: 0.0424, weighted_loss: 0.0342, label: 1, bag_size: 4492
batch 819, loss: 0.0050, instance_loss: 0.0000, weighted_loss: 0.0035, label: 1, bag_size: 5082


class 0 clustering acc 1.0: correct 6688/6688
class 1 clustering acc 1.0: correct 6688/6688
Epoch: 4, train_loss: 0.1115, train_clustering_loss:  0.0037, train_error: 0.0347
class 0: acc 0.9534883720930233, correct 410/430
class 1: acc 0.9778325123152709, correct 397/406

Val Set, val_loss: 0.3925, val_error: 0.0744, auc: 0.4869
class 0 clustering acc 1.0: correct 1936/1936
class 1 clustering acc 1.0: correct 1936/1936
class 0: acc 0.9570815450643777, correct 223/233
class 1: acc 0.1111111111111111, correct 1/9
EarlyStopping counter: 1 out of 10


batch 19, loss: 0.0021, instance_loss: 0.0005, weighted_loss: 0.0016, label: 1, bag_size: 4563
batch 39, loss: 0.2592, instance_loss: 0.0053, weighted_loss: 0.1830, label: 1, bag_size: 21609
batch 59, loss: 0.0048, instance_loss: 0.0000, weighted_loss: 0.0033, label: 1, bag_size: 6023
batch 79, loss: 0.0017, instance_loss: 0.0041, weighted_loss: 0.0024, label: 1, bag_size: 3621
batch 99, loss: 0.0005, instance_loss: 0.0003, weighted_loss: 0.0004, label: 0, bag_size: 3003
batch 119, loss: 0.0006, instance_loss: 0.0000, weighted_loss: 0.0004, label: 0, bag_size: 10840
batch 139, loss: 0.0153, instance_loss: 0.0015, weighted_loss: 0.0111, label: 1, bag_size: 8663
batch 159, loss: 0.0000, instance_loss: 0.0000, weighted_loss: 0.0000, label: 0, bag_size: 2675
batch 179, loss: 0.0004, instance_loss: 0.0000, weighted_loss: 0.0003, label: 0, bag_size: 16717
batch 199, loss: 0.0086, instance_loss: 0.0000, weighted_loss: 0.0060, label: 1, bag_size: 4563
batch 219, loss: 0.0203, instance_loss: 0.0042, weighted_loss: 0.0155, label: 1, bag_size: 8663
batch 239, loss: 0.0527, instance_loss: 0.0005, weighted_loss: 0.0370, label: 1, bag_size: 18621
batch 259, loss: 0.0005, instance_loss: 0.0004, weighted_loss: 0.0005, label: 0, bag_size: 1521
batch 279, loss: 0.0253, instance_loss: 0.0125, weighted_loss: 0.0214, label: 0, bag_size: 821
batch 299, loss: 0.0000, instance_loss: 0.0000, weighted_loss: 0.0000, label: 0, bag_size: 19929
batch 319, loss: 0.0115, instance_loss: 0.0000, weighted_loss: 0.0080, label: 0, bag_size: 25070
batch 339, loss: 0.0003, instance_loss: 0.0000, weighted_loss: 0.0002, label: 1, bag_size: 13571
batch 359, loss: 0.0430, instance_loss: 0.0003, weighted_loss: 0.0302, label: 1, bag_size: 18621
batch 379, loss: 0.0243, instance_loss: 0.0013, weighted_loss: 0.0174, label: 1, bag_size: 5082
batch 399, loss: 0.0017, instance_loss: 0.0032, weighted_loss: 0.0021, label: 1, bag_size: 5137
batch 419, loss: 0.0022, instance_loss: 0.0000, weighted_loss: 0.0015, label: 0, bag_size: 4086
batch 439, loss: 0.0003, instance_loss: 0.0007, weighted_loss: 0.0004, label: 0, bag_size: 4436
batch 459, loss: 0.0317, instance_loss: 0.0000, weighted_loss: 0.0222, label: 1, bag_size: 5828
batch 479, loss: 0.0027, instance_loss: 0.0000, weighted_loss: 0.0019, label: 1, bag_size: 14414
batch 499, loss: 0.0000, instance_loss: 0.0000, weighted_loss: 0.0000, label: 0, bag_size: 14227
batch 519, loss: 0.0454, instance_loss: 0.0005, weighted_loss: 0.0320, label: 1, bag_size: 6344
batch 539, loss: 0.0017, instance_loss: 0.0000, weighted_loss: 0.0012, label: 1, bag_size: 4276
batch 559, loss: 0.0018, instance_loss: 0.0062, weighted_loss: 0.0031, label: 1, bag_size: 4492
batch 579, loss: 0.0314, instance_loss: 0.0000, weighted_loss: 0.0220, label: 1, bag_size: 3354
batch 599, loss: 0.0268, instance_loss: 0.0072, weighted_loss: 0.0209, label: 1, bag_size: 5956
batch 619, loss: 0.0248, instance_loss: 0.0000, weighted_loss: 0.0174, label: 0, bag_size: 7464
batch 639, loss: 0.0020, instance_loss: 0.0005, weighted_loss: 0.0016, label: 1, bag_size: 2853
batch 659, loss: 0.0159, instance_loss: 0.0319, weighted_loss: 0.0207, label: 1, bag_size: 1140
batch 679, loss: 0.0038, instance_loss: 0.0000, weighted_loss: 0.0026, label: 1, bag_size: 14763
batch 699, loss: 0.0212, instance_loss: 0.0000, weighted_loss: 0.0148, label: 1, bag_size: 4563
batch 719, loss: 0.0148, instance_loss: 0.0000, weighted_loss: 0.0104, label: 1, bag_size: 4563
batch 739, loss: 0.0001, instance_loss: 0.0000, weighted_loss: 0.0001, label: 1, bag_size: 13571
batch 759, loss: 0.0010, instance_loss: 0.0035, weighted_loss: 0.0017, label: 1, bag_size: 3621
batch 779, loss: 0.0020, instance_loss: 0.0025, weighted_loss: 0.0021, label: 1, bag_size: 6023
batch 799, loss: 0.0000, instance_loss: 0.0000, weighted_loss: 0.0000, label: 0, bag_size: 14056
batch 819, loss: 0.0004, instance_loss: 0.2161, weighted_loss: 0.0651, label: 0, bag_size: 2595


class 0 clustering acc 1.0: correct 6688/6688
class 1 clustering acc 0.999700956937799: correct 6686/6688
Epoch: 5, train_loss: 0.0454, train_clustering_loss:  0.0036, train_error: 0.0167
class 0: acc 0.9805825242718447, correct 404/412
class 1: acc 0.9858490566037735, correct 418/424

Val Set, val_loss: 0.4636, val_error: 0.0702, auc: 0.4983
class 0 clustering acc 1.0: correct 1936/1936
class 1 clustering acc 1.0: correct 1936/1936
class 0: acc 0.9613733905579399, correct 224/233
class 1: acc 0.1111111111111111, correct 1/9
EarlyStopping counter: 2 out of 10


batch 19, loss: 0.0000, instance_loss: 0.0000, weighted_loss: 0.0000, label: 1, bag_size: 5082
batch 39, loss: 0.0450, instance_loss: 0.0023, weighted_loss: 0.0322, label: 0, bag_size: 2505
batch 59, loss: 0.0000, instance_loss: 0.0000, weighted_loss: 0.0000, label: 0, bag_size: 15853
batch 79, loss: 0.0004, instance_loss: 0.0002, weighted_loss: 0.0003, label: 0, bag_size: 3859
batch 99, loss: 0.0076, instance_loss: 0.0000, weighted_loss: 0.0053, label: 1, bag_size: 3354
batch 119, loss: 0.0065, instance_loss: 0.0000, weighted_loss: 0.0045, label: 0, bag_size: 9251
batch 139, loss: 0.0001, instance_loss: 0.0000, weighted_loss: 0.0001, label: 0, bag_size: 5098
batch 159, loss: 0.0004, instance_loss: 0.0000, weighted_loss: 0.0003, label: 0, bag_size: 6699
batch 179, loss: 0.0000, instance_loss: 0.0000, weighted_loss: 0.0000, label: 0, bag_size: 2554
batch 199, loss: 0.0001, instance_loss: 0.0000, weighted_loss: 0.0001, label: 0, bag_size: 4086
batch 219, loss: 0.0007, instance_loss: 0.0016, weighted_loss: 0.0010, label: 0, bag_size: 2297
batch 239, loss: 0.0008, instance_loss: 0.0021, weighted_loss: 0.0012, label: 1, bag_size: 6023
batch 259, loss: 0.0010, instance_loss: 0.0000, weighted_loss: 0.0007, label: 1, bag_size: 7733
batch 279, loss: 0.0000, instance_loss: 0.0000, weighted_loss: 0.0000, label: 0, bag_size: 12188
batch 299, loss: 0.0096, instance_loss: 0.0000, weighted_loss: 0.0067, label: 1, bag_size: 14318
batch 319, loss: 0.0001, instance_loss: 0.0000, weighted_loss: 0.0001, label: 0, bag_size: 12447
batch 339, loss: 0.0000, instance_loss: 0.0000, weighted_loss: 0.0000, label: 0, bag_size: 3228
batch 359, loss: 0.0000, instance_loss: 0.0000, weighted_loss: 0.0000, label: 0, bag_size: 1954
batch 379, loss: 0.0015, instance_loss: 0.0000, weighted_loss: 0.0010, label: 1, bag_size: 15079
batch 399, loss: 0.0059, instance_loss: 0.0000, weighted_loss: 0.0041, label: 1, bag_size: 4563
batch 419, loss: 0.0029, instance_loss: 0.0003, weighted_loss: 0.0021, label: 1, bag_size: 3354
batch 439, loss: 0.0013, instance_loss: 0.0000, weighted_loss: 0.0009, label: 1, bag_size: 14763
batch 459, loss: 0.0000, instance_loss: 0.0002, weighted_loss: 0.0001, label: 0, bag_size: 14684
batch 479, loss: 0.0001, instance_loss: 0.0000, weighted_loss: 0.0001, label: 0, bag_size: 7304
batch 499, loss: 0.0002, instance_loss: 0.0000, weighted_loss: 0.0001, label: 0, bag_size: 3037
batch 519, loss: 0.0000, instance_loss: 0.0000, weighted_loss: 0.0000, label: 0, bag_size: 2770
batch 539, loss: 0.0368, instance_loss: 0.0000, weighted_loss: 0.0257, label: 0, bag_size: 3998
batch 559, loss: 0.0000, instance_loss: 0.0547, weighted_loss: 0.0164, label: 0, bag_size: 5684
batch 579, loss: 0.0221, instance_loss: 0.0000, weighted_loss: 0.0154, label: 1, bag_size: 15079
batch 599, loss: 0.0001, instance_loss: 0.0005, weighted_loss: 0.0002, label: 1, bag_size: 2644
batch 619, loss: 0.0015, instance_loss: 0.0000, weighted_loss: 0.0011, label: 1, bag_size: 4563
batch 639, loss: 0.2163, instance_loss: 0.0097, weighted_loss: 0.1543, label: 0, bag_size: 3257
batch 659, loss: 0.0004, instance_loss: 0.0008, weighted_loss: 0.0005, label: 1, bag_size: 1140
batch 679, loss: 0.0046, instance_loss: 0.0040, weighted_loss: 0.0045, label: 1, bag_size: 21609
batch 699, loss: 0.0004, instance_loss: 0.0000, weighted_loss: 0.0003, label: 0, bag_size: 3520
batch 719, loss: 0.0007, instance_loss: 0.0000, weighted_loss: 0.0005, label: 0, bag_size: 4604
batch 739, loss: 0.0000, instance_loss: 0.0000, weighted_loss: 0.0000, label: 0, bag_size: 9848
batch 759, loss: 0.0107, instance_loss: 0.0000, weighted_loss: 0.0075, label: 1, bag_size: 14763
batch 779, loss: 0.0066, instance_loss: 0.0067, weighted_loss: 0.0066, label: 0, bag_size: 9103
batch 799, loss: 0.0077, instance_loss: 0.0000, weighted_loss: 0.0054, label: 1, bag_size: 6344
batch 819, loss: 0.0005, instance_loss: 0.0000, weighted_loss: 0.0004, label: 1, bag_size: 21952


class 0 clustering acc 0.999700956937799: correct 6686/6688
class 1 clustering acc 1.0: correct 6688/6688
Epoch: 6, train_loss: 0.0395, train_clustering_loss:  0.0028, train_error: 0.0120
class 0: acc 0.9856801909307876, correct 413/419
class 1: acc 0.9904076738609112, correct 413/417

Val Set, val_loss: 0.4917, val_error: 0.0992, auc: 0.5670
class 0 clustering acc 1.0: correct 1936/1936
class 1 clustering acc 0.9989669421487604: correct 1934/1936
class 0: acc 0.9313304721030042, correct 217/233
class 1: acc 0.1111111111111111, correct 1/9
EarlyStopping counter: 3 out of 10


batch 19, loss: 0.0000, instance_loss: 0.0436, weighted_loss: 0.0131, label: 0, bag_size: 2681
batch 39, loss: 0.0022, instance_loss: 0.0171, weighted_loss: 0.0067, label: 1, bag_size: 3628
batch 59, loss: 0.0000, instance_loss: 0.0000, weighted_loss: 0.0000, label: 0, bag_size: 1875
batch 79, loss: 0.0000, instance_loss: 0.0000, weighted_loss: 0.0000, label: 0, bag_size: 18625
batch 99, loss: 0.0013, instance_loss: 0.0039, weighted_loss: 0.0021, label: 1, bag_size: 1140
batch 119, loss: 0.0850, instance_loss: 0.0000, weighted_loss: 0.0595, label: 1, bag_size: 3354
batch 139, loss: 0.0190, instance_loss: 0.0000, weighted_loss: 0.0133, label: 1, bag_size: 16197
batch 159, loss: 0.0027, instance_loss: 0.0000, weighted_loss: 0.0019, label: 1, bag_size: 3354
batch 179, loss: 0.0037, instance_loss: 0.0000, weighted_loss: 0.0026, label: 1, bag_size: 12989
batch 199, loss: 0.0007, instance_loss: 0.0000, weighted_loss: 0.0005, label: 1, bag_size: 5956
batch 219, loss: 0.0004, instance_loss: 0.0015, weighted_loss: 0.0007, label: 1, bag_size: 2671
batch 239, loss: 0.0566, instance_loss: 0.0005, weighted_loss: 0.0398, label: 1, bag_size: 7879
batch 259, loss: 0.0000, instance_loss: 0.0000, weighted_loss: 0.0000, label: 0, bag_size: 1781
batch 279, loss: 0.0007, instance_loss: 0.0000, weighted_loss: 0.0005, label: 1, bag_size: 4276
batch 299, loss: 0.0001, instance_loss: 0.0000, weighted_loss: 0.0001, label: 0, bag_size: 10033
batch 319, loss: 0.0000, instance_loss: 0.0000, weighted_loss: 0.0000, label: 0, bag_size: 2957
batch 339, loss: 0.0016, instance_loss: 0.0000, weighted_loss: 0.0011, label: 0, bag_size: 10172
batch 359, loss: 0.0000, instance_loss: 0.0004, weighted_loss: 0.0001, label: 0, bag_size: 1317
batch 379, loss: 0.0001, instance_loss: 0.0000, weighted_loss: 0.0001, label: 0, bag_size: 4029
batch 399, loss: 0.0364, instance_loss: 0.0000, weighted_loss: 0.0255, label: 1, bag_size: 9833
batch 419, loss: 0.0122, instance_loss: 0.0000, weighted_loss: 0.0085, label: 1, bag_size: 15079
batch 439, loss: 0.0022, instance_loss: 0.0000, weighted_loss: 0.0015, label: 1, bag_size: 14318
batch 459, loss: 0.0000, instance_loss: 0.0000, weighted_loss: 0.0000, label: 0, bag_size: 1773
batch 479, loss: 0.0000, instance_loss: 0.0000, weighted_loss: 0.0000, label: 0, bag_size: 1801
batch 499, loss: 0.0000, instance_loss: 0.0000, weighted_loss: 0.0000, label: 0, bag_size: 6194
batch 519, loss: 0.0150, instance_loss: 0.0000, weighted_loss: 0.0105, label: 1, bag_size: 10371
batch 539, loss: 0.2401, instance_loss: 0.0000, weighted_loss: 0.1680, label: 1, bag_size: 16197
batch 559, loss: 0.0015, instance_loss: 0.0029, weighted_loss: 0.0020, label: 1, bag_size: 13571
batch 579, loss: 0.0000, instance_loss: 0.0030, weighted_loss: 0.0009, label: 0, bag_size: 2922
batch 599, loss: 0.0013, instance_loss: 0.0015, weighted_loss: 0.0014, label: 1, bag_size: 2671
batch 619, loss: 0.0001, instance_loss: 0.0000, weighted_loss: 0.0001, label: 1, bag_size: 6812
batch 639, loss: 0.0002, instance_loss: 0.0000, weighted_loss: 0.0002, label: 0, bag_size: 1834
batch 659, loss: 0.0137, instance_loss: 0.0141, weighted_loss: 0.0138, label: 0, bag_size: 863
batch 679, loss: 0.0048, instance_loss: 0.0000, weighted_loss: 0.0034, label: 1, bag_size: 15079
batch 699, loss: 0.0030, instance_loss: 0.0005, weighted_loss: 0.0022, label: 1, bag_size: 9833
batch 719, loss: 0.0000, instance_loss: 0.0000, weighted_loss: 0.0000, label: 0, bag_size: 16576
batch 739, loss: 0.0107, instance_loss: 0.0000, weighted_loss: 0.0075, label: 1, bag_size: 13646
batch 759, loss: 0.0028, instance_loss: 0.0034, weighted_loss: 0.0030, label: 0, bag_size: 949
batch 779, loss: 0.0040, instance_loss: 0.0000, weighted_loss: 0.0028, label: 1, bag_size: 14414
batch 799, loss: 0.0001, instance_loss: 0.0050, weighted_loss: 0.0016, label: 0, bag_size: 3932
batch 819, loss: 0.0063, instance_loss: 0.0003, weighted_loss: 0.0045, label: 1, bag_size: 6344


class 0 clustering acc 0.9995514354066986: correct 6685/6688
class 1 clustering acc 1.0: correct 6688/6688
Epoch: 7, train_loss: 0.0590, train_clustering_loss:  0.0019, train_error: 0.0275
class 0: acc 0.9589371980676329, correct 397/414
class 1: acc 0.985781990521327, correct 416/422

Val Set, val_loss: 0.4611, val_error: 0.0702, auc: 0.5179
class 0 clustering acc 1.0: correct 1936/1936
class 1 clustering acc 1.0: correct 1936/1936
class 0: acc 0.9613733905579399, correct 224/233
class 1: acc 0.1111111111111111, correct 1/9
EarlyStopping counter: 4 out of 10


batch 19, loss: 0.0001, instance_loss: 0.0000, weighted_loss: 0.0000, label: 1, bag_size: 5828
batch 39, loss: 0.0014, instance_loss: 0.0000, weighted_loss: 0.0010, label: 0, bag_size: 3088
batch 59, loss: 0.3740, instance_loss: 0.0000, weighted_loss: 0.2618, label: 0, bag_size: 2573
batch 79, loss: 0.3553, instance_loss: 0.0000, weighted_loss: 0.2487, label: 1, bag_size: 14318
batch 99, loss: 0.0003, instance_loss: 0.0004, weighted_loss: 0.0004, label: 0, bag_size: 3102
batch 119, loss: 0.0182, instance_loss: 0.0013, weighted_loss: 0.0132, label: 1, bag_size: 21609
batch 139, loss: 0.0005, instance_loss: 0.0000, weighted_loss: 0.0003, label: 0, bag_size: 5740
batch 159, loss: 0.0000, instance_loss: 0.0000, weighted_loss: 0.0000, label: 0, bag_size: 4963
batch 179, loss: 0.0000, instance_loss: 0.0000, weighted_loss: 0.0000, label: 0, bag_size: 17684
batch 199, loss: 0.0124, instance_loss: 0.0009, weighted_loss: 0.0090, label: 1, bag_size: 21609
batch 219, loss: 0.0009, instance_loss: 0.0000, weighted_loss: 0.0006, label: 1, bag_size: 10180
batch 239, loss: 0.0004, instance_loss: 0.0000, weighted_loss: 0.0003, label: 1, bag_size: 22871
batch 259, loss: 0.0002, instance_loss: 0.0000, weighted_loss: 0.0001, label: 1, bag_size: 9833
batch 279, loss: 0.0000, instance_loss: 0.0026, weighted_loss: 0.0008, label: 1, bag_size: 4365
batch 299, loss: 0.0009, instance_loss: 0.0000, weighted_loss: 0.0007, label: 1, bag_size: 14318
batch 319, loss: 0.0027, instance_loss: 0.0000, weighted_loss: 0.0019, label: 0, bag_size: 13461
batch 339, loss: 0.0023, instance_loss: 0.0000, weighted_loss: 0.0016, label: 1, bag_size: 21952
batch 359, loss: 0.0012, instance_loss: 0.0004, weighted_loss: 0.0009, label: 0, bag_size: 1351
batch 379, loss: 0.0046, instance_loss: 0.0000, weighted_loss: 0.0032, label: 1, bag_size: 18621
batch 399, loss: 0.0093, instance_loss: 0.0000, weighted_loss: 0.0065, label: 1, bag_size: 5082
batch 419, loss: 0.0000, instance_loss: 0.0000, weighted_loss: 0.0000, label: 0, bag_size: 4088
batch 439, loss: 0.0028, instance_loss: 0.0002, weighted_loss: 0.0020, label: 1, bag_size: 6023
batch 459, loss: 0.0000, instance_loss: 0.0000, weighted_loss: 0.0000, label: 0, bag_size: 19493
batch 479, loss: 0.0005, instance_loss: 0.0000, weighted_loss: 0.0003, label: 0, bag_size: 1863
batch 499, loss: 0.0000, instance_loss: 0.0000, weighted_loss: 0.0000, label: 0, bag_size: 7519
batch 519, loss: 0.0001, instance_loss: 0.0005, weighted_loss: 0.0002, label: 1, bag_size: 4365
batch 539, loss: 0.6926, instance_loss: 0.0000, weighted_loss: 0.4848, label: 1, bag_size: 16197
batch 559, loss: 0.0000, instance_loss: 0.0000, weighted_loss: 0.0000, label: 0, bag_size: 2095
batch 579, loss: 0.0006, instance_loss: 0.0117, weighted_loss: 0.0040, label: 1, bag_size: 1140
batch 599, loss: 0.0008, instance_loss: 0.0000, weighted_loss: 0.0005, label: 1, bag_size: 5956
batch 619, loss: 0.0014, instance_loss: 0.0000, weighted_loss: 0.0009, label: 1, bag_size: 15079
batch 639, loss: 0.0275, instance_loss: 0.0000, weighted_loss: 0.0193, label: 1, bag_size: 14528
batch 659, loss: 0.0000, instance_loss: 0.0000, weighted_loss: 0.0000, label: 0, bag_size: 3020
batch 679, loss: 0.0000, instance_loss: 0.0000, weighted_loss: 0.0000, label: 0, bag_size: 15395
batch 699, loss: 0.0000, instance_loss: 0.0000, weighted_loss: 0.0000, label: 0, bag_size: 5786
batch 719, loss: 0.0003, instance_loss: 0.0004, weighted_loss: 0.0003, label: 1, bag_size: 2671
batch 739, loss: 0.0004, instance_loss: 0.0000, weighted_loss: 0.0003, label: 1, bag_size: 5956
batch 759, loss: 0.0000, instance_loss: 0.0011, weighted_loss: 0.0003, label: 1, bag_size: 4492
batch 779, loss: 0.0013, instance_loss: 0.0008, weighted_loss: 0.0012, label: 1, bag_size: 9833
batch 799, loss: 0.0053, instance_loss: 0.0000, weighted_loss: 0.0037, label: 1, bag_size: 7733
batch 819, loss: 0.0022, instance_loss: 0.0000, weighted_loss: 0.0015, label: 1, bag_size: 9833


class 0 clustering acc 0.9998504784688995: correct 6687/6688
class 1 clustering acc 1.0: correct 6688/6688
Epoch: 8, train_loss: 0.0215, train_clustering_loss:  0.0012, train_error: 0.0072
class 0: acc 0.9903614457831326, correct 411/415
class 1: acc 0.995249406175772, correct 419/421

Val Set, val_loss: 0.5120, val_error: 0.0579, auc: 0.4731
class 0 clustering acc 1.0: correct 1936/1936
class 1 clustering acc 1.0: correct 1936/1936
class 0: acc 0.9742489270386266, correct 227/233
class 1: acc 0.1111111111111111, correct 1/9
EarlyStopping counter: 5 out of 10


batch 19, loss: 0.0025, instance_loss: 0.0000, weighted_loss: 0.0018, label: 1, bag_size: 8663
batch 39, loss: 0.0017, instance_loss: 0.0016, weighted_loss: 0.0017, label: 1, bag_size: 21609
batch 59, loss: 0.0001, instance_loss: 0.0000, weighted_loss: 0.0000, label: 0, bag_size: 1451
batch 79, loss: 0.0000, instance_loss: 0.0000, weighted_loss: 0.0000, label: 0, bag_size: 15060
batch 99, loss: 0.0000, instance_loss: 0.0000, weighted_loss: 0.0000, label: 0, bag_size: 4187
batch 119, loss: 0.0021, instance_loss: 0.0000, weighted_loss: 0.0015, label: 0, bag_size: 6374
batch 139, loss: 0.0084, instance_loss: 0.0002, weighted_loss: 0.0059, label: 0, bag_size: 3999
batch 159, loss: 0.0000, instance_loss: 0.0000, weighted_loss: 0.0000, label: 0, bag_size: 2536
batch 179, loss: 0.0000, instance_loss: 0.0000, weighted_loss: 0.0000, label: 1, bag_size: 7879
batch 199, loss: 0.0000, instance_loss: 0.0000, weighted_loss: 0.0000, label: 0, bag_size: 12537
batch 219, loss: 0.0000, instance_loss: 0.0000, weighted_loss: 0.0000, label: 1, bag_size: 2853
batch 239, loss: 0.0000, instance_loss: 0.0009, weighted_loss: 0.0003, label: 0, bag_size: 1677
batch 259, loss: 0.0000, instance_loss: 0.0000, weighted_loss: 0.0000, label: 1, bag_size: 2644
batch 279, loss: 0.0002, instance_loss: 0.0015, weighted_loss: 0.0006, label: 1, bag_size: 9833
batch 299, loss: 0.0000, instance_loss: 0.0000, weighted_loss: 0.0000, label: 1, bag_size: 5906
batch 319, loss: 0.0000, instance_loss: 0.0000, weighted_loss: 0.0000, label: 0, bag_size: 1291
batch 339, loss: 0.0018, instance_loss: 0.0000, weighted_loss: 0.0012, label: 1, bag_size: 6812
batch 359, loss: 0.0000, instance_loss: 0.0011, weighted_loss: 0.0003, label: 0, bag_size: 2681
batch 379, loss: 0.0000, instance_loss: 0.0000, weighted_loss: 0.0000, label: 0, bag_size: 23155
batch 399, loss: 0.0001, instance_loss: 0.0009, weighted_loss: 0.0004, label: 1, bag_size: 3621
batch 419, loss: 0.0020, instance_loss: 0.0000, weighted_loss: 0.0014, label: 1, bag_size: 9833
batch 439, loss: 0.0006, instance_loss: 0.0000, weighted_loss: 0.0005, label: 1, bag_size: 5956
batch 459, loss: 0.0008, instance_loss: 0.0000, weighted_loss: 0.0006, label: 1, bag_size: 10371
batch 479, loss: 0.0008, instance_loss: 0.0000, weighted_loss: 0.0006, label: 0, bag_size: 2557
batch 499, loss: 0.0000, instance_loss: 0.0000, weighted_loss: 0.0000, label: 0, bag_size: 10840
batch 519, loss: 0.0001, instance_loss: 0.0007, weighted_loss: 0.0003, label: 1, bag_size: 21609
batch 539, loss: 0.0000, instance_loss: 0.0000, weighted_loss: 0.0000, label: 0, bag_size: 56958
batch 559, loss: 0.0000, instance_loss: 0.0000, weighted_loss: 0.0000, label: 0, bag_size: 16088
batch 579, loss: 0.0000, instance_loss: 0.0000, weighted_loss: 0.0000, label: 0, bag_size: 10070
batch 599, loss: 0.0001, instance_loss: 0.0000, weighted_loss: 0.0001, label: 1, bag_size: 5956
batch 619, loss: 0.0000, instance_loss: 0.0000, weighted_loss: 0.0000, label: 1, bag_size: 15079
batch 639, loss: 0.0000, instance_loss: 0.0000, weighted_loss: 0.0000, label: 0, bag_size: 18431
batch 659, loss: 0.0008, instance_loss: 0.0000, weighted_loss: 0.0005, label: 1, bag_size: 3354
batch 679, loss: 0.0000, instance_loss: 0.0000, weighted_loss: 0.0000, label: 1, bag_size: 5906
batch 699, loss: 0.0000, instance_loss: 0.0000, weighted_loss: 0.0000, label: 0, bag_size: 2300
batch 719, loss: 0.0000, instance_loss: 0.0000, weighted_loss: 0.0000, label: 0, bag_size: 5879
batch 739, loss: 0.0004, instance_loss: 0.0097, weighted_loss: 0.0032, label: 1, bag_size: 1140
batch 759, loss: 0.0000, instance_loss: 0.0005, weighted_loss: 0.0001, label: 0, bag_size: 5786
batch 779, loss: 0.0005, instance_loss: 0.0000, weighted_loss: 0.0004, label: 1, bag_size: 9833
batch 799, loss: 0.0015, instance_loss: 0.0000, weighted_loss: 0.0010, label: 1, bag_size: 5956
batch 819, loss: 0.0000, instance_loss: 0.0000, weighted_loss: 0.0000, label: 1, bag_size: 5906


class 0 clustering acc 1.0: correct 6688/6688
class 1 clustering acc 1.0: correct 6688/6688
Epoch: 9, train_loss: 0.0215, train_clustering_loss:  0.0009, train_error: 0.0048
class 0: acc 0.9953917050691244, correct 432/434
class 1: acc 0.9950248756218906, correct 400/402

Val Set, val_loss: 0.4433, val_error: 0.0496, auc: 0.5303
class 0 clustering acc 1.0: correct 1936/1936
class 1 clustering acc 1.0: correct 1936/1936
class 0: acc 0.9828326180257511, correct 229/233
class 1: acc 0.1111111111111111, correct 1/9
EarlyStopping counter: 6 out of 10


batch 19, loss: 0.0000, instance_loss: 0.0000, weighted_loss: 0.0000, label: 0, bag_size: 3400
batch 39, loss: 0.0006, instance_loss: 0.0000, weighted_loss: 0.0004, label: 1, bag_size: 21952
batch 59, loss: 0.0000, instance_loss: 0.0000, weighted_loss: 0.0000, label: 0, bag_size: 2066
batch 79, loss: 0.0003, instance_loss: 0.0000, weighted_loss: 0.0002, label: 1, bag_size: 14318
batch 99, loss: 0.0035, instance_loss: 0.0005, weighted_loss: 0.0026, label: 0, bag_size: 9251
batch 119, loss: 0.0001, instance_loss: 0.0000, weighted_loss: 0.0001, label: 1, bag_size: 22871
batch 139, loss: 0.0022, instance_loss: 0.0014, weighted_loss: 0.0020, label: 1, bag_size: 1140
batch 159, loss: 0.0000, instance_loss: 0.0000, weighted_loss: 0.0000, label: 0, bag_size: 4983
batch 179, loss: 0.0257, instance_loss: 0.0027, weighted_loss: 0.0188, label: 1, bag_size: 18621
batch 199, loss: 0.0000, instance_loss: 0.0000, weighted_loss: 0.0000, label: 0, bag_size: 3642
batch 219, loss: 0.0001, instance_loss: 0.0000, weighted_loss: 0.0000, label: 1, bag_size: 4492
batch 239, loss: 0.0069, instance_loss: 0.0000, weighted_loss: 0.0048, label: 1, bag_size: 14318
batch 259, loss: 0.0000, instance_loss: 0.0000, weighted_loss: 0.0000, label: 0, bag_size: 9172
batch 279, loss: 0.0000, instance_loss: 0.0000, weighted_loss: 0.0000, label: 0, bag_size: 1404
batch 299, loss: 0.0000, instance_loss: 0.0000, weighted_loss: 0.0000, label: 0, bag_size: 10199
batch 319, loss: 0.0001, instance_loss: 0.0002, weighted_loss: 0.0002, label: 1, bag_size: 2671
batch 339, loss: 0.0004, instance_loss: 0.0021, weighted_loss: 0.0009, label: 1, bag_size: 3628
batch 359, loss: 0.0001, instance_loss: 0.0000, weighted_loss: 0.0000, label: 0, bag_size: 10051
batch 379, loss: 0.0002, instance_loss: 0.0000, weighted_loss: 0.0001, label: 1, bag_size: 21952
batch 399, loss: 0.0000, instance_loss: 0.0000, weighted_loss: 0.0000, label: 1, bag_size: 5906
batch 419, loss: 0.0010, instance_loss: 0.0000, weighted_loss: 0.0007, label: 1, bag_size: 9833
batch 439, loss: 0.0000, instance_loss: 0.0000, weighted_loss: 0.0000, label: 0, bag_size: 12188
batch 459, loss: 0.0001, instance_loss: 0.0000, weighted_loss: 0.0001, label: 0, bag_size: 8616
batch 479, loss: 0.0000, instance_loss: 0.0000, weighted_loss: 0.0000, label: 0, bag_size: 1431
batch 499, loss: 0.0000, instance_loss: 0.0002, weighted_loss: 0.0001, label: 0, bag_size: 5164
batch 519, loss: 0.0071, instance_loss: 0.0000, weighted_loss: 0.0050, label: 1, bag_size: 14318
batch 539, loss: 0.0000, instance_loss: 0.0000, weighted_loss: 0.0000, label: 0, bag_size: 15093
batch 559, loss: 0.0001, instance_loss: 0.0026, weighted_loss: 0.0009, label: 1, bag_size: 21609
batch 579, loss: 0.0002, instance_loss: 0.0023, weighted_loss: 0.0008, label: 1, bag_size: 2671
batch 599, loss: 0.0000, instance_loss: 0.0002, weighted_loss: 0.0001, label: 1, bag_size: 4492
batch 619, loss: 0.0004, instance_loss: 0.0014, weighted_loss: 0.0007, label: 1, bag_size: 5828
batch 639, loss: 0.0010, instance_loss: 0.0000, weighted_loss: 0.0007, label: 1, bag_size: 6812
batch 659, loss: 0.0160, instance_loss: 0.0000, weighted_loss: 0.0112, label: 1, bag_size: 10180
batch 679, loss: 0.3343, instance_loss: 0.0000, weighted_loss: 0.2340, label: 1, bag_size: 16197
batch 699, loss: 0.0005, instance_loss: 0.0000, weighted_loss: 0.0004, label: 1, bag_size: 7879
batch 719, loss: 0.0740, instance_loss: 0.0000, weighted_loss: 0.0518, label: 1, bag_size: 14528
batch 739, loss: 0.0000, instance_loss: 0.0000, weighted_loss: 0.0000, label: 0, bag_size: 6073
batch 759, loss: 0.0002, instance_loss: 0.0004, weighted_loss: 0.0002, label: 1, bag_size: 5137
batch 779, loss: 0.0000, instance_loss: 0.0002, weighted_loss: 0.0001, label: 0, bag_size: 3115
batch 799, loss: 0.0002, instance_loss: 0.0000, weighted_loss: 0.0001, label: 1, bag_size: 22871
batch 819, loss: 0.0000, instance_loss: 0.0000, weighted_loss: 0.0000, label: 0, bag_size: 3315


class 0 clustering acc 1.0: correct 6688/6688
class 1 clustering acc 1.0: correct 6688/6688
Epoch: 10, train_loss: 0.0185, train_clustering_loss:  0.0007, train_error: 0.0048
class 0: acc 0.9925, correct 397/400
class 1: acc 0.9977064220183486, correct 435/436

Val Set, val_loss: 0.5281, val_error: 0.0661, auc: 0.5098
class 0 clustering acc 1.0: correct 1936/1936
class 1 clustering acc 1.0: correct 1936/1936
class 0: acc 0.9699570815450643, correct 226/233
class 1: acc 0.0, correct 0/9
EarlyStopping counter: 7 out of 10


batch 19, loss: 0.0052, instance_loss: 0.0000, weighted_loss: 0.0036, label: 1, bag_size: 6344
batch 39, loss: 0.0000, instance_loss: 0.0000, weighted_loss: 0.0000, label: 0, bag_size: 15060
batch 59, loss: 0.0000, instance_loss: 0.0000, weighted_loss: 0.0000, label: 0, bag_size: 4703
batch 79, loss: 0.0000, instance_loss: 0.0000, weighted_loss: 0.0000, label: 0, bag_size: 3533
batch 99, loss: 0.0014, instance_loss: 0.0000, weighted_loss: 0.0010, label: 1, bag_size: 9833
batch 119, loss: 0.0034, instance_loss: 0.0005, weighted_loss: 0.0025, label: 1, bag_size: 4365
batch 139, loss: 0.0001, instance_loss: 0.0000, weighted_loss: 0.0001, label: 1, bag_size: 2853
batch 159, loss: 0.0003, instance_loss: 0.0039, weighted_loss: 0.0014, label: 1, bag_size: 4492
batch 179, loss: 0.0000, instance_loss: 0.0000, weighted_loss: 0.0000, label: 0, bag_size: 3503
batch 199, loss: 0.0004, instance_loss: 0.0000, weighted_loss: 0.0003, label: 1, bag_size: 15079
batch 219, loss: 0.0000, instance_loss: 0.0000, weighted_loss: 0.0000, label: 0, bag_size: 10053
batch 239, loss: 0.0592, instance_loss: 0.0000, weighted_loss: 0.0414, label: 1, bag_size: 16197
batch 259, loss: 0.8517, instance_loss: 0.0038, weighted_loss: 0.5973, label: 1, bag_size: 3628
batch 279, loss: 0.0003, instance_loss: 0.0000, weighted_loss: 0.0002, label: 1, bag_size: 6344
batch 299, loss: 0.0154, instance_loss: 0.0000, weighted_loss: 0.0107, label: 1, bag_size: 7733
batch 319, loss: 0.0008, instance_loss: 0.0000, weighted_loss: 0.0006, label: 0, bag_size: 2557
batch 339, loss: 0.0010, instance_loss: 0.0000, weighted_loss: 0.0007, label: 1, bag_size: 12989
batch 359, loss: 0.0000, instance_loss: 0.0000, weighted_loss: 0.0000, label: 0, bag_size: 15395
batch 379, loss: 0.0001, instance_loss: 0.0000, weighted_loss: 0.0001, label: 0, bag_size: 2573
batch 399, loss: 0.0265, instance_loss: 0.0000, weighted_loss: 0.0185, label: 0, bag_size: 1865
batch 419, loss: 0.0000, instance_loss: 0.0000, weighted_loss: 0.0000, label: 1, bag_size: 3621
batch 439, loss: 0.0000, instance_loss: 0.0002, weighted_loss: 0.0001, label: 1, bag_size: 4492
batch 459, loss: 0.0000, instance_loss: 0.0010, weighted_loss: 0.0003, label: 0, bag_size: 893
batch 479, loss: 0.0003, instance_loss: 0.0000, weighted_loss: 0.0002, label: 1, bag_size: 10180
batch 499, loss: 0.0000, instance_loss: 0.0058, weighted_loss: 0.0018, label: 1, bag_size: 3628
batch 519, loss: 0.0000, instance_loss: 0.0000, weighted_loss: 0.0000, label: 0, bag_size: 2698
batch 539, loss: 0.0108, instance_loss: 0.0000, weighted_loss: 0.0075, label: 1, bag_size: 16197
batch 559, loss: 0.0000, instance_loss: 0.0000, weighted_loss: 0.0000, label: 1, bag_size: 3628
batch 579, loss: 0.0035, instance_loss: 0.0000, weighted_loss: 0.0025, label: 1, bag_size: 21609
batch 599, loss: 0.0001, instance_loss: 0.0000, weighted_loss: 0.0001, label: 0, bag_size: 6871
batch 619, loss: 0.0001, instance_loss: 0.0000, weighted_loss: 0.0001, label: 1, bag_size: 15079
batch 639, loss: 0.0000, instance_loss: 0.0000, weighted_loss: 0.0000, label: 1, bag_size: 6344
batch 659, loss: 0.0000, instance_loss: 0.0000, weighted_loss: 0.0000, label: 0, bag_size: 10540
batch 679, loss: 0.0000, instance_loss: 0.0000, weighted_loss: 0.0000, label: 0, bag_size: 18359
batch 699, loss: 0.0000, instance_loss: 0.0000, weighted_loss: 0.0000, label: 0, bag_size: 6044
batch 719, loss: 0.0000, instance_loss: 0.0000, weighted_loss: 0.0000, label: 0, bag_size: 16074
batch 739, loss: 0.0003, instance_loss: 0.0000, weighted_loss: 0.0002, label: 0, bag_size: 5315
batch 759, loss: 0.0000, instance_loss: 0.0000, weighted_loss: 0.0000, label: 0, bag_size: 8839
batch 779, loss: 0.0022, instance_loss: 0.0004, weighted_loss: 0.0017, label: 1, bag_size: 4365
batch 799, loss: 0.0000, instance_loss: 0.0000, weighted_loss: 0.0000, label: 0, bag_size: 20347
batch 819, loss: 0.0005, instance_loss: 0.0000, weighted_loss: 0.0004, label: 1, bag_size: 21952


class 0 clustering acc 1.0: correct 6688/6688
class 1 clustering acc 0.9995514354066986: correct 6685/6688
Epoch: 11, train_loss: 0.0072, train_clustering_loss:  0.0012, train_error: 0.0036
class 0: acc 0.9948717948717949, correct 388/390
class 1: acc 0.9977578475336323, correct 445/446

Val Set, val_loss: 0.5520, val_error: 0.0620, auc: 0.5436
class 0 clustering acc 1.0: correct 1936/1936
class 1 clustering acc 1.0: correct 1936/1936
class 0: acc 0.9699570815450643, correct 226/233
class 1: acc 0.1111111111111111, correct 1/9
EarlyStopping counter: 8 out of 10


batch 19, loss: 0.0000, instance_loss: 0.0000, weighted_loss: 0.0000, label: 0, bag_size: 7092
batch 39, loss: 0.0002, instance_loss: 0.0002, weighted_loss: 0.0002, label: 1, bag_size: 5137
batch 59, loss: 0.0000, instance_loss: 0.0011, weighted_loss: 0.0003, label: 0, bag_size: 1677
batch 79, loss: 0.0001, instance_loss: 0.0000, weighted_loss: 0.0000, label: 0, bag_size: 17692
batch 99, loss: 0.0007, instance_loss: 0.0000, weighted_loss: 0.0005, label: 0, bag_size: 8781
batch 119, loss: 0.0007, instance_loss: 0.0000, weighted_loss: 0.0005, label: 0, bag_size: 18450
batch 139, loss: 0.0006, instance_loss: 0.0000, weighted_loss: 0.0004, label: 1, bag_size: 12989
batch 159, loss: 0.0002, instance_loss: 0.0000, weighted_loss: 0.0001, label: 0, bag_size: 4471
batch 179, loss: 0.0000, instance_loss: 0.0000, weighted_loss: 0.0000, label: 0, bag_size: 6194
batch 199, loss: 0.0000, instance_loss: 0.0000, weighted_loss: 0.0000, label: 0, bag_size: 10417
batch 219, loss: 0.0001, instance_loss: 0.0000, weighted_loss: 0.0001, label: 1, bag_size: 22871
batch 239, loss: 0.0000, instance_loss: 0.0000, weighted_loss: 0.0000, label: 0, bag_size: 16798
batch 259, loss: 0.0000, instance_loss: 0.0000, weighted_loss: 0.0000, label: 0, bag_size: 3468
batch 279, loss: 0.0000, instance_loss: 0.0014, weighted_loss: 0.0005, label: 1, bag_size: 3628
batch 299, loss: 3.8043, instance_loss: 0.0000, weighted_loss: 2.6630, label: 1, bag_size: 6812
batch 319, loss: 0.0000, instance_loss: 0.0012, weighted_loss: 0.0004, label: 1, bag_size: 4365
batch 339, loss: 0.0001, instance_loss: 0.0000, weighted_loss: 0.0001, label: 1, bag_size: 13646
batch 359, loss: 0.0017, instance_loss: 0.0000, weighted_loss: 0.0012, label: 0, bag_size: 9251
batch 379, loss: 0.0000, instance_loss: 0.0000, weighted_loss: 0.0000, label: 1, bag_size: 7879
batch 399, loss: 0.0001, instance_loss: 0.0000, weighted_loss: 0.0000, label: 1, bag_size: 5082
batch 419, loss: 1.1285, instance_loss: 0.0000, weighted_loss: 0.7899, label: 0, bag_size: 9888
batch 439, loss: 0.0000, instance_loss: 0.0000, weighted_loss: 0.0000, label: 0, bag_size: 1865
batch 459, loss: 0.0013, instance_loss: 0.0000, weighted_loss: 0.0009, label: 1, bag_size: 4563
batch 479, loss: 0.0000, instance_loss: 0.0000, weighted_loss: 0.0000, label: 1, bag_size: 5082
batch 499, loss: 0.0002, instance_loss: 0.0000, weighted_loss: 0.0001, label: 0, bag_size: 1860
batch 519, loss: 0.0087, instance_loss: 0.0000, weighted_loss: 0.0061, label: 1, bag_size: 5828
batch 539, loss: 0.0022, instance_loss: 0.0003, weighted_loss: 0.0017, label: 0, bag_size: 3102
batch 559, loss: 0.0031, instance_loss: 0.0000, weighted_loss: 0.0022, label: 1, bag_size: 6812
batch 579, loss: 0.0012, instance_loss: 0.0000, weighted_loss: 0.0008, label: 1, bag_size: 21609
batch 599, loss: 0.0600, instance_loss: 0.0000, weighted_loss: 0.0420, label: 1, bag_size: 21609
batch 619, loss: 0.0003, instance_loss: 0.0000, weighted_loss: 0.0002, label: 1, bag_size: 10180
batch 639, loss: 1.4497, instance_loss: 0.0060, weighted_loss: 1.0166, label: 0, bag_size: 6081
batch 659, loss: 1.7996, instance_loss: 0.0000, weighted_loss: 1.2597, label: 0, bag_size: 13341
batch 679, loss: 0.0005, instance_loss: 0.0003, weighted_loss: 0.0004, label: 0, bag_size: 5180
batch 699, loss: 0.0027, instance_loss: 0.0000, weighted_loss: 0.0019, label: 0, bag_size: 12781
batch 719, loss: 0.0000, instance_loss: 0.0002, weighted_loss: 0.0001, label: 0, bag_size: 2640
batch 739, loss: 0.0000, instance_loss: 0.0000, weighted_loss: 0.0000, label: 0, bag_size: 3528
batch 759, loss: 0.0005, instance_loss: 0.0000, weighted_loss: 0.0004, label: 1, bag_size: 15079
batch 779, loss: 0.0000, instance_loss: 0.0000, weighted_loss: 0.0000, label: 0, bag_size: 1621
batch 799, loss: 0.0000, instance_loss: 0.0036, weighted_loss: 0.0011, label: 0, bag_size: 893
batch 819, loss: 0.0000, instance_loss: 0.0000, weighted_loss: 0.0000, label: 0, bag_size: 24048


class 0 clustering acc 1.0: correct 6688/6688
class 1 clustering acc 0.999700956937799: correct 6686/6688
Epoch: 12, train_loss: 0.0519, train_clustering_loss:  0.0008, train_error: 0.0179
class 0: acc 0.9781553398058253, correct 403/412
class 1: acc 0.9858490566037735, correct 418/424

Val Set, val_loss: 0.5026, val_error: 0.0785, auc: 0.5250
class 0 clustering acc 1.0: correct 1936/1936
class 1 clustering acc 1.0: correct 1936/1936
class 0: acc 0.9527896995708155, correct 222/233
class 1: acc 0.1111111111111111, correct 1/9
EarlyStopping counter: 9 out of 10


batch 19, loss: 0.0001, instance_loss: 0.0000, weighted_loss: 0.0001, label: 0, bag_size: 3166
batch 39, loss: 0.0037, instance_loss: 0.0000, weighted_loss: 0.0026, label: 0, bag_size: 25478
batch 59, loss: 0.0000, instance_loss: 0.0000, weighted_loss: 0.0000, label: 0, bag_size: 3037
batch 79, loss: 0.0000, instance_loss: 0.0000, weighted_loss: 0.0000, label: 0, bag_size: 13770
batch 99, loss: 0.2945, instance_loss: 0.0000, weighted_loss: 0.2062, label: 1, bag_size: 6344
batch 119, loss: 0.0010, instance_loss: 0.0000, weighted_loss: 0.0007, label: 1, bag_size: 14414
batch 139, loss: 0.0005, instance_loss: 0.0000, weighted_loss: 0.0004, label: 0, bag_size: 2522
batch 159, loss: 0.0000, instance_loss: 0.0002, weighted_loss: 0.0001, label: 1, bag_size: 6023
batch 179, loss: 0.0000, instance_loss: 0.0000, weighted_loss: 0.0000, label: 0, bag_size: 2956
batch 199, loss: 0.0000, instance_loss: 0.0000, weighted_loss: 0.0000, label: 0, bag_size: 11616
batch 219, loss: 0.1087, instance_loss: 0.0000, weighted_loss: 0.0761, label: 0, bag_size: 8616
batch 239, loss: 0.0001, instance_loss: 0.0002, weighted_loss: 0.0001, label: 1, bag_size: 7879
batch 259, loss: 0.0003, instance_loss: 0.0000, weighted_loss: 0.0002, label: 1, bag_size: 15079
batch 279, loss: 0.0037, instance_loss: 0.0000, weighted_loss: 0.0026, label: 1, bag_size: 10371
batch 299, loss: 0.0000, instance_loss: 0.0000, weighted_loss: 0.0000, label: 0, bag_size: 17284
batch 319, loss: 0.0011, instance_loss: 0.0017, weighted_loss: 0.0013, label: 1, bag_size: 1140
batch 339, loss: 0.0004, instance_loss: 0.0000, weighted_loss: 0.0003, label: 1, bag_size: 4563
batch 359, loss: 0.0016, instance_loss: 0.0024, weighted_loss: 0.0018, label: 1, bag_size: 1140
batch 379, loss: 0.4836, instance_loss: 0.0000, weighted_loss: 0.3385, label: 0, bag_size: 15687
batch 399, loss: 0.0009, instance_loss: 0.0016, weighted_loss: 0.0011, label: 1, bag_size: 1140
batch 419, loss: 0.0000, instance_loss: 0.0000, weighted_loss: 0.0000, label: 0, bag_size: 1750
batch 439, loss: 0.0000, instance_loss: 0.0000, weighted_loss: 0.0000, label: 0, bag_size: 20383
batch 459, loss: 0.0000, instance_loss: 0.0000, weighted_loss: 0.0000, label: 0, bag_size: 4919
batch 479, loss: 0.0002, instance_loss: 0.0000, weighted_loss: 0.0001, label: 0, bag_size: 2530
batch 499, loss: 0.0000, instance_loss: 0.0000, weighted_loss: 0.0000, label: 0, bag_size: 14901
batch 519, loss: 0.0022, instance_loss: 0.0000, weighted_loss: 0.0015, label: 1, bag_size: 7733
batch 539, loss: 0.0007, instance_loss: 0.0109, weighted_loss: 0.0038, label: 0, bag_size: 2119
batch 559, loss: 0.0001, instance_loss: 0.0003, weighted_loss: 0.0002, label: 1, bag_size: 2671
batch 579, loss: 0.0000, instance_loss: 0.0000, weighted_loss: 0.0000, label: 0, bag_size: 9888
batch 599, loss: 0.0001, instance_loss: 0.0000, weighted_loss: 0.0001, label: 1, bag_size: 5956
batch 619, loss: 0.0011, instance_loss: 0.0002, weighted_loss: 0.0008, label: 1, bag_size: 7879
batch 639, loss: 0.0021, instance_loss: 0.0000, weighted_loss: 0.0015, label: 1, bag_size: 14318
batch 659, loss: 0.0000, instance_loss: 0.0000, weighted_loss: 0.0000, label: 0, bag_size: 1181
batch 679, loss: 0.0000, instance_loss: 0.0000, weighted_loss: 0.0000, label: 0, bag_size: 10051
batch 699, loss: 0.0000, instance_loss: 0.0000, weighted_loss: 0.0000, label: 0, bag_size: 10665
batch 719, loss: 0.0000, instance_loss: 0.0000, weighted_loss: 0.0000, label: 0, bag_size: 14968
batch 739, loss: 0.0016, instance_loss: 0.0003, weighted_loss: 0.0012, label: 1, bag_size: 5137
batch 759, loss: 0.0000, instance_loss: 0.0000, weighted_loss: 0.0000, label: 0, bag_size: 15365
batch 779, loss: 0.0002, instance_loss: 0.0000, weighted_loss: 0.0001, label: 1, bag_size: 2671
batch 799, loss: 0.0000, instance_loss: 0.0004, weighted_loss: 0.0001, label: 0, bag_size: 8839
batch 819, loss: 0.0002, instance_loss: 0.0000, weighted_loss: 0.0001, label: 1, bag_size: 10180


class 0 clustering acc 1.0: correct 6688/6688
class 1 clustering acc 1.0: correct 6688/6688
Epoch: 13, train_loss: 0.0250, train_clustering_loss:  0.0005, train_error: 0.0120
class 0: acc 0.9841986455981941, correct 436/443
class 1: acc 0.9923664122137404, correct 390/393

Val Set, val_loss: 0.5234, val_error: 0.0620, auc: 0.5269
class 0 clustering acc 1.0: correct 1936/1936
class 1 clustering acc 1.0: correct 1936/1936
class 0: acc 0.9699570815450643, correct 226/233
class 1: acc 0.1111111111111111, correct 1/9
EarlyStopping counter: 10 out of 10
Early stopping
Val error: 0.0785, ROC AUC: 0.4702
CV validation error: 0.0785, ROC AUC: 0.4702
class 0: acc 0.9527896995708155, correct 222/233
class 1: acc 0.1111111111111111, correct 1/9
Future event metrics: {"fold": 1, "events": 103, "positive_events": 3, "event_average_precision": 0.043337097684923775, "event_roc_auc": 0.41, "event_brier": 0.045024438825209644, "aggregation": "mean probability across all included stains/slides of same patient/anchor date", "exploratory_cv_not_independent_final_test": true}

Training Fold 2!

Init train/val/test splits... 
Done!
Training on 843 samples
Validating on 235 samples
Testing on 0 samples

Init loss function... Done!

Init Model... Setting tau to 1.0
Done!
CLAM_SB(
  (attention_net): Sequential(
    (0): Linear(in_features=1536, out_features=512, bias=True)
    (1): ReLU()
    (2): Dropout(p=0.25, inplace=False)
    (3): Attn_Net_Gated(
      (attention_a): Sequential(
        (0): Linear(in_features=512, out_features=256, bias=True)
        (1): Tanh()
        (2): Dropout(p=0.25, inplace=False)
      )
      (attention_b): Sequential(
        (0): Linear(in_features=512, out_features=256, bias=True)
        (1): Sigmoid()
        (2): Dropout(p=0.25, inplace=False)
      )
      (attention_c): Linear(in_features=256, out_features=1, bias=True)
    )
  )
  (classifiers): Linear(in_features=512, out_features=2, bias=True)
  (instance_classifiers): ModuleList(
    (0-1): 2 x Linear(in_features=512, out_features=2, bias=True)
  )
  (instance_loss_fn): SmoothTop1SVM()
)
Total number of parameters: 1052935
Total number of trainable parameters: 1052935

Init optimizer ... Done!

Init Loaders... Done!

Setup EarlyStopping... Done!


batch 19, loss: 0.8870, instance_loss: 1.3108, weighted_loss: 1.0141, label: 1, bag_size: 2644
batch 39, loss: 0.6118, instance_loss: 1.0745, weighted_loss: 0.7506, label: 1, bag_size: 8663
batch 59, loss: 0.4663, instance_loss: 0.3664, weighted_loss: 0.4363, label: 0, bag_size: 7304
batch 79, loss: 0.5184, instance_loss: 0.2330, weighted_loss: 0.4328, label: 0, bag_size: 3374
batch 99, loss: 0.6299, instance_loss: 0.1189, weighted_loss: 0.4766, label: 1, bag_size: 2671
batch 119, loss: 0.5486, instance_loss: 4.3798, weighted_loss: 1.6980, label: 1, bag_size: 7879
batch 139, loss: 0.7891, instance_loss: 1.9321, weighted_loss: 1.1320, label: 1, bag_size: 18621
batch 159, loss: 0.2894, instance_loss: 1.0632, weighted_loss: 0.5216, label: 0, bag_size: 5599
batch 179, loss: 0.4376, instance_loss: 1.0166, weighted_loss: 0.6113, label: 0, bag_size: 5614
batch 199, loss: 1.0200, instance_loss: 0.9672, weighted_loss: 1.0041, label: 0, bag_size: 2285
batch 219, loss: 0.2946, instance_loss: 0.6306, weighted_loss: 0.3954, label: 0, bag_size: 9990
batch 239, loss: 0.9942, instance_loss: 0.1485, weighted_loss: 0.7405, label: 0, bag_size: 14492
batch 259, loss: 0.9305, instance_loss: 0.1129, weighted_loss: 0.6852, label: 0, bag_size: 15693
batch 279, loss: 0.7451, instance_loss: 0.6011, weighted_loss: 0.7019, label: 1, bag_size: 3411
batch 299, loss: 0.8317, instance_loss: 0.1480, weighted_loss: 0.6266, label: 0, bag_size: 6934
batch 319, loss: 0.9932, instance_loss: 0.0292, weighted_loss: 0.7040, label: 0, bag_size: 18054
batch 339, loss: 0.9836, instance_loss: 0.1690, weighted_loss: 0.7392, label: 1, bag_size: 2637
batch 359, loss: 1.1488, instance_loss: 0.0796, weighted_loss: 0.8280, label: 0, bag_size: 12668
batch 379, loss: 0.3352, instance_loss: 0.0181, weighted_loss: 0.2401, label: 0, bag_size: 13636
batch 399, loss: 0.3619, instance_loss: 0.0044, weighted_loss: 0.2547, label: 0, bag_size: 17359
batch 419, loss: 0.8734, instance_loss: 0.0296, weighted_loss: 0.6203, label: 1, bag_size: 8663
batch 439, loss: 0.3482, instance_loss: 0.4289, weighted_loss: 0.3724, label: 0, bag_size: 5214
batch 459, loss: 0.3659, instance_loss: 0.0080, weighted_loss: 0.2585, label: 1, bag_size: 13571
batch 479, loss: 0.6123, instance_loss: 0.0113, weighted_loss: 0.4320, label: 1, bag_size: 4365
batch 499, loss: 0.9787, instance_loss: 0.0166, weighted_loss: 0.6901, label: 1, bag_size: 3411
batch 519, loss: 0.4996, instance_loss: 0.0024, weighted_loss: 0.3504, label: 0, bag_size: 20467
batch 539, loss: 0.9538, instance_loss: 0.0166, weighted_loss: 0.6726, label: 1, bag_size: 6023
batch 559, loss: 0.2967, instance_loss: 0.0495, weighted_loss: 0.2226, label: 0, bag_size: 1758
batch 579, loss: 0.1044, instance_loss: 0.0167, weighted_loss: 0.0781, label: 0, bag_size: 3642
batch 599, loss: 0.5279, instance_loss: 0.0075, weighted_loss: 0.3718, label: 0, bag_size: 5661
batch 619, loss: 0.3505, instance_loss: 0.0057, weighted_loss: 0.2471, label: 1, bag_size: 14318
batch 639, loss: 0.6287, instance_loss: 0.0029, weighted_loss: 0.4409, label: 0, bag_size: 15045
batch 659, loss: 0.8571, instance_loss: 0.0081, weighted_loss: 0.6024, label: 1, bag_size: 6023
batch 679, loss: 0.4958, instance_loss: 0.0035, weighted_loss: 0.3481, label: 1, bag_size: 18621
batch 699, loss: 0.3642, instance_loss: 0.0019, weighted_loss: 0.2555, label: 1, bag_size: 22042
batch 719, loss: 1.1216, instance_loss: 0.0019, weighted_loss: 0.7857, label: 1, bag_size: 4365
batch 739, loss: 0.6538, instance_loss: 0.0053, weighted_loss: 0.4592, label: 0, bag_size: 10102
batch 759, loss: 1.0747, instance_loss: 0.0097, weighted_loss: 0.7552, label: 1, bag_size: 8663
batch 779, loss: 0.3747, instance_loss: 0.0039, weighted_loss: 0.2635, label: 0, bag_size: 9973
batch 799, loss: 0.5982, instance_loss: 0.0064, weighted_loss: 0.4207, label: 0, bag_size: 7519
batch 819, loss: 0.1315, instance_loss: 0.0002, weighted_loss: 0.0921, label: 0, bag_size: 14182
batch 839, loss: 0.1089, instance_loss: 0.0015, weighted_loss: 0.0767, label: 1, bag_size: 13571


class 0 clustering acc 0.9182977461447213: correct 6193/6744
class 1 clustering acc 0.8913107947805456: correct 6011/6744
Epoch: 0, train_loss: 0.6163, train_clustering_loss:  0.3778, train_error: 0.3428
class 0: acc 0.75, correct 321/428
class 1: acc 0.5614457831325301, correct 233/415

Val Set, val_loss: 0.4303, val_error: 0.1021, auc: 0.7293
class 0 clustering acc 1.0: correct 1880/1880
class 1 clustering acc 1.0: correct 1880/1880
class 0: acc 0.9126637554585153, correct 209/229
class 1: acc 0.3333333333333333, correct 2/6
Validation loss decreased (inf --> 0.430260).  Saving model ...


batch 19, loss: 0.0858, instance_loss: 0.0032, weighted_loss: 0.0610, label: 1, bag_size: 5906
batch 39, loss: 0.8413, instance_loss: 0.0050, weighted_loss: 0.5904, label: 0, bag_size: 3842
batch 59, loss: 0.2284, instance_loss: 0.0073, weighted_loss: 0.1620, label: 0, bag_size: 6932
batch 79, loss: 0.1251, instance_loss: 0.0023, weighted_loss: 0.0882, label: 1, bag_size: 5137
batch 99, loss: 0.4256, instance_loss: 0.0000, weighted_loss: 0.2979, label: 0, bag_size: 20777
batch 119, loss: 0.5114, instance_loss: 0.0090, weighted_loss: 0.3606, label: 0, bag_size: 1941
batch 139, loss: 0.2039, instance_loss: 0.0023, weighted_loss: 0.1434, label: 1, bag_size: 5082
batch 159, loss: 0.0328, instance_loss: 0.0494, weighted_loss: 0.0378, label: 0, bag_size: 2381
batch 179, loss: 0.0469, instance_loss: 0.0034, weighted_loss: 0.0339, label: 0, bag_size: 16499
batch 199, loss: 0.8699, instance_loss: 0.0033, weighted_loss: 0.6100, label: 0, bag_size: 3932
batch 219, loss: 0.4998, instance_loss: 0.0020, weighted_loss: 0.3504, label: 1, bag_size: 3621
batch 239, loss: 0.1026, instance_loss: 0.0034, weighted_loss: 0.0729, label: 1, bag_size: 21952
batch 259, loss: 0.0009, instance_loss: 0.0000, weighted_loss: 0.0006, label: 0, bag_size: 17739
batch 279, loss: 0.0261, instance_loss: 0.0014, weighted_loss: 0.0187, label: 1, bag_size: 6344
batch 299, loss: 0.0877, instance_loss: 0.0042, weighted_loss: 0.0627, label: 1, bag_size: 2644
batch 319, loss: 0.0067, instance_loss: 0.0029, weighted_loss: 0.0056, label: 1, bag_size: 4276
batch 339, loss: 0.0892, instance_loss: 0.0003, weighted_loss: 0.0625, label: 0, bag_size: 21887
batch 359, loss: 0.5763, instance_loss: 0.0023, weighted_loss: 0.4041, label: 0, bag_size: 15821
batch 379, loss: 1.4103, instance_loss: 0.0171, weighted_loss: 0.9924, label: 0, bag_size: 5195
batch 399, loss: 0.0884, instance_loss: 0.0084, weighted_loss: 0.0644, label: 0, bag_size: 1085
batch 419, loss: 0.0571, instance_loss: 0.0002, weighted_loss: 0.0400, label: 1, bag_size: 22399
batch 439, loss: 0.0143, instance_loss: 0.0035, weighted_loss: 0.0111, label: 1, bag_size: 2644
batch 459, loss: 0.7962, instance_loss: 0.0043, weighted_loss: 0.5586, label: 0, bag_size: 2559
batch 479, loss: 0.4490, instance_loss: 0.0254, weighted_loss: 0.3219, label: 1, bag_size: 14318
batch 499, loss: 0.4178, instance_loss: 0.0028, weighted_loss: 0.2933, label: 0, bag_size: 5262
batch 519, loss: 0.0804, instance_loss: 0.0002, weighted_loss: 0.0564, label: 1, bag_size: 22624
batch 539, loss: 0.3167, instance_loss: 0.0017, weighted_loss: 0.2222, label: 0, bag_size: 21894
batch 559, loss: 0.0991, instance_loss: 0.0037, weighted_loss: 0.0705, label: 0, bag_size: 6240
batch 579, loss: 0.0972, instance_loss: 0.0016, weighted_loss: 0.0685, label: 0, bag_size: 3520
batch 599, loss: 0.6709, instance_loss: 0.0066, weighted_loss: 0.4716, label: 1, bag_size: 3024
batch 619, loss: 0.6429, instance_loss: 0.0048, weighted_loss: 0.4514, label: 1, bag_size: 4365
batch 639, loss: 0.0468, instance_loss: 0.0420, weighted_loss: 0.0454, label: 1, bag_size: 5956
batch 659, loss: 0.4038, instance_loss: 0.0042, weighted_loss: 0.2839, label: 0, bag_size: 2843
batch 679, loss: 0.0397, instance_loss: 0.0036, weighted_loss: 0.0289, label: 0, bag_size: 4823
batch 699, loss: 0.1005, instance_loss: 0.0000, weighted_loss: 0.0704, label: 0, bag_size: 8178
batch 719, loss: 0.9306, instance_loss: 0.0027, weighted_loss: 0.6522, label: 1, bag_size: 3354
batch 739, loss: 0.0086, instance_loss: 0.0002, weighted_loss: 0.0061, label: 1, bag_size: 5137
batch 759, loss: 0.0395, instance_loss: 0.0022, weighted_loss: 0.0283, label: 0, bag_size: 2573
batch 779, loss: 0.4468, instance_loss: 0.0008, weighted_loss: 0.3130, label: 0, bag_size: 11364
batch 799, loss: 0.0621, instance_loss: 0.0000, weighted_loss: 0.0435, label: 0, bag_size: 7586
batch 819, loss: 0.0425, instance_loss: 0.0027, weighted_loss: 0.0305, label: 0, bag_size: 19793
batch 839, loss: 0.9986, instance_loss: 0.0567, weighted_loss: 0.7160, label: 1, bag_size: 3024


class 0 clustering acc 0.9986654804270463: correct 6735/6744
class 1 clustering acc 1.0: correct 6744/6744
Epoch: 1, train_loss: 0.4532, train_clustering_loss:  0.0071, train_error: 0.2254
class 0: acc 0.8146341463414634, correct 334/410
class 1: acc 0.7367205542725174, correct 319/433

Val Set, val_loss: 0.3909, val_error: 0.1447, auc: 0.7256
class 0 clustering acc 1.0: correct 1880/1880
class 1 clustering acc 1.0: correct 1880/1880
class 0: acc 0.868995633187773, correct 199/229
class 1: acc 0.3333333333333333, correct 2/6
Validation loss decreased (0.430260 --> 0.390856).  Saving model ...


batch 19, loss: 0.0957, instance_loss: 0.0081, weighted_loss: 0.0694, label: 0, bag_size: 13522
batch 39, loss: 0.1323, instance_loss: 0.0854, weighted_loss: 0.1182, label: 0, bag_size: 1690
batch 59, loss: 0.0440, instance_loss: 0.0009, weighted_loss: 0.0311, label: 1, bag_size: 2671
batch 79, loss: 0.1320, instance_loss: 0.0012, weighted_loss: 0.0928, label: 0, bag_size: 5006
batch 99, loss: 0.0496, instance_loss: 0.0013, weighted_loss: 0.0351, label: 0, bag_size: 15470
batch 119, loss: 0.0217, instance_loss: 0.0042, weighted_loss: 0.0164, label: 0, bag_size: 1045
batch 139, loss: 0.1000, instance_loss: 0.0007, weighted_loss: 0.0702, label: 0, bag_size: 11037
batch 159, loss: 0.4191, instance_loss: 0.0004, weighted_loss: 0.2935, label: 0, bag_size: 11919
batch 179, loss: 0.0092, instance_loss: 0.0000, weighted_loss: 0.0065, label: 1, bag_size: 22871
batch 199, loss: 0.1799, instance_loss: 0.0062, weighted_loss: 0.1278, label: 0, bag_size: 17448
batch 219, loss: 1.0375, instance_loss: 0.0216, weighted_loss: 0.7328, label: 1, bag_size: 3411
batch 239, loss: 0.0014, instance_loss: 0.0000, weighted_loss: 0.0009, label: 1, bag_size: 15079
batch 259, loss: 0.3750, instance_loss: 0.0044, weighted_loss: 0.2638, label: 0, bag_size: 6399
batch 279, loss: 0.3102, instance_loss: 0.0025, weighted_loss: 0.2179, label: 1, bag_size: 3621
batch 299, loss: 0.0773, instance_loss: 0.0000, weighted_loss: 0.0541, label: 1, bag_size: 22624
batch 319, loss: 0.2633, instance_loss: 0.0125, weighted_loss: 0.1880, label: 1, bag_size: 3024
batch 339, loss: 1.7174, instance_loss: 0.0002, weighted_loss: 1.2023, label: 0, bag_size: 3257
batch 359, loss: 0.4885, instance_loss: 0.0011, weighted_loss: 0.3423, label: 1, bag_size: 7733
batch 379, loss: 0.0669, instance_loss: 0.0007, weighted_loss: 0.0470, label: 1, bag_size: 4760
batch 399, loss: 0.1579, instance_loss: 0.0012, weighted_loss: 0.1109, label: 1, bag_size: 5956
batch 419, loss: 0.1720, instance_loss: 0.0014, weighted_loss: 0.1208, label: 0, bag_size: 2703
batch 439, loss: 0.0080, instance_loss: 0.0000, weighted_loss: 0.0056, label: 0, bag_size: 7048
batch 459, loss: 1.4895, instance_loss: 0.0002, weighted_loss: 1.0427, label: 1, bag_size: 14414
batch 479, loss: 0.4981, instance_loss: 0.0023, weighted_loss: 0.3494, label: 1, bag_size: 3621
batch 499, loss: 1.4146, instance_loss: 0.0074, weighted_loss: 0.9924, label: 1, bag_size: 3024
batch 519, loss: 0.4795, instance_loss: 0.0005, weighted_loss: 0.3358, label: 1, bag_size: 7879
batch 539, loss: 0.0355, instance_loss: 0.0018, weighted_loss: 0.0254, label: 0, bag_size: 2864
batch 559, loss: 0.0480, instance_loss: 0.0002, weighted_loss: 0.0336, label: 1, bag_size: 22871
batch 579, loss: 0.0668, instance_loss: 0.0002, weighted_loss: 0.0468, label: 0, bag_size: 7304
batch 599, loss: 0.4990, instance_loss: 0.0002, weighted_loss: 0.3494, label: 1, bag_size: 7879
batch 619, loss: 0.0232, instance_loss: 0.0000, weighted_loss: 0.0163, label: 1, bag_size: 21609
batch 639, loss: 0.0476, instance_loss: 0.0000, weighted_loss: 0.0333, label: 1, bag_size: 14763
batch 659, loss: 0.0270, instance_loss: 0.0036, weighted_loss: 0.0200, label: 0, bag_size: 2666
batch 679, loss: 0.0056, instance_loss: 0.0006, weighted_loss: 0.0041, label: 0, bag_size: 5699
batch 699, loss: 0.0052, instance_loss: 0.0000, weighted_loss: 0.0036, label: 1, bag_size: 13571
batch 719, loss: 0.0018, instance_loss: 0.0004, weighted_loss: 0.0014, label: 0, bag_size: 15914
batch 739, loss: 0.0771, instance_loss: 0.0004, weighted_loss: 0.0541, label: 1, bag_size: 4516
batch 759, loss: 0.1965, instance_loss: 0.0000, weighted_loss: 0.1375, label: 1, bag_size: 18621
batch 779, loss: 0.2696, instance_loss: 0.0009, weighted_loss: 0.1890, label: 1, bag_size: 4760
batch 799, loss: 0.2100, instance_loss: 0.0017, weighted_loss: 0.1475, label: 1, bag_size: 6023
batch 819, loss: 0.0283, instance_loss: 0.0000, weighted_loss: 0.0198, label: 1, bag_size: 3354
batch 839, loss: 0.1668, instance_loss: 0.0000, weighted_loss: 0.1168, label: 1, bag_size: 7879


class 0 clustering acc 0.9973309608540926: correct 6726/6744
class 1 clustering acc 1.0: correct 6744/6744
Epoch: 2, train_loss: 0.3040, train_clustering_loss:  0.0079, train_error: 0.1340
class 0: acc 0.875, correct 378/432
class 1: acc 0.8564476885644768, correct 352/411

Val Set, val_loss: 0.4007, val_error: 0.1489, auc: 0.7125
class 0 clustering acc 1.0: correct 1880/1880
class 1 clustering acc 1.0: correct 1880/1880
class 0: acc 0.8602620087336245, correct 197/229
class 1: acc 0.5, correct 3/6
EarlyStopping counter: 1 out of 10


batch 19, loss: 0.0831, instance_loss: 0.0000, weighted_loss: 0.0581, label: 1, bag_size: 14318
batch 39, loss: 0.0183, instance_loss: 0.0071, weighted_loss: 0.0149, label: 0, bag_size: 2285
batch 59, loss: 0.0348, instance_loss: 0.0029, weighted_loss: 0.0252, label: 0, bag_size: 11847
batch 79, loss: 0.0330, instance_loss: 0.0122, weighted_loss: 0.0267, label: 1, bag_size: 4276
batch 99, loss: 0.0143, instance_loss: 0.0006, weighted_loss: 0.0102, label: 1, bag_size: 6344
batch 119, loss: 0.0557, instance_loss: 0.0057, weighted_loss: 0.0407, label: 0, bag_size: 3382
batch 139, loss: 0.0014, instance_loss: 0.0002, weighted_loss: 0.0010, label: 0, bag_size: 3771
batch 159, loss: 0.1409, instance_loss: 0.0044, weighted_loss: 0.0999, label: 1, bag_size: 3621
batch 179, loss: 0.1259, instance_loss: 0.0057, weighted_loss: 0.0898, label: 0, bag_size: 2060
batch 199, loss: 0.0113, instance_loss: 0.0000, weighted_loss: 0.0079, label: 1, bag_size: 4760
batch 219, loss: 0.5054, instance_loss: 0.0009, weighted_loss: 0.3540, label: 0, bag_size: 6449
batch 239, loss: 0.0139, instance_loss: 0.0000, weighted_loss: 0.0097, label: 1, bag_size: 22624
batch 259, loss: 0.0163, instance_loss: 0.0000, weighted_loss: 0.0114, label: 1, bag_size: 13646
batch 279, loss: 0.0145, instance_loss: 0.0000, weighted_loss: 0.0101, label: 1, bag_size: 5137
batch 299, loss: 0.0078, instance_loss: 0.0002, weighted_loss: 0.0055, label: 1, bag_size: 4760
batch 319, loss: 0.0035, instance_loss: 0.0073, weighted_loss: 0.0046, label: 1, bag_size: 1140
batch 339, loss: 0.0424, instance_loss: 0.0006, weighted_loss: 0.0299, label: 1, bag_size: 3354
batch 359, loss: 0.0340, instance_loss: 0.0104, weighted_loss: 0.0269, label: 1, bag_size: 3628
batch 379, loss: 0.0906, instance_loss: 0.0000, weighted_loss: 0.0634, label: 0, bag_size: 20083
batch 399, loss: 0.1387, instance_loss: 0.0000, weighted_loss: 0.0971, label: 1, bag_size: 15079
batch 419, loss: 0.0122, instance_loss: 0.0002, weighted_loss: 0.0086, label: 1, bag_size: 21609
batch 439, loss: 0.0147, instance_loss: 0.0002, weighted_loss: 0.0104, label: 1, bag_size: 6344
batch 459, loss: 0.0035, instance_loss: 0.0031, weighted_loss: 0.0034, label: 1, bag_size: 6023
batch 479, loss: 0.0045, instance_loss: 0.0002, weighted_loss: 0.0032, label: 1, bag_size: 2637
batch 499, loss: 0.0001, instance_loss: 0.0000, weighted_loss: 0.0001, label: 0, bag_size: 8955
batch 519, loss: 0.1282, instance_loss: 0.0000, weighted_loss: 0.0898, label: 1, bag_size: 14528
batch 539, loss: 0.0352, instance_loss: 0.0013, weighted_loss: 0.0250, label: 0, bag_size: 2405
batch 559, loss: 0.0031, instance_loss: 0.0000, weighted_loss: 0.0022, label: 0, bag_size: 18111
batch 579, loss: 0.0002, instance_loss: 0.0000, weighted_loss: 0.0002, label: 0, bag_size: 13872
batch 599, loss: 0.0583, instance_loss: 0.0000, weighted_loss: 0.0408, label: 0, bag_size: 17232
batch 619, loss: 0.0091, instance_loss: 0.0000, weighted_loss: 0.0064, label: 1, bag_size: 15079
batch 639, loss: 0.0830, instance_loss: 0.0000, weighted_loss: 0.0581, label: 1, bag_size: 21952
batch 659, loss: 0.0073, instance_loss: 0.0000, weighted_loss: 0.0051, label: 1, bag_size: 4760
batch 679, loss: 0.0008, instance_loss: 0.0255, weighted_loss: 0.0083, label: 0, bag_size: 9709
batch 699, loss: 0.0251, instance_loss: 0.0060, weighted_loss: 0.0194, label: 1, bag_size: 3628
batch 719, loss: 0.0293, instance_loss: 0.0005, weighted_loss: 0.0206, label: 0, bag_size: 2418
batch 739, loss: 0.0289, instance_loss: 0.0000, weighted_loss: 0.0202, label: 1, bag_size: 13646
batch 759, loss: 0.0489, instance_loss: 0.0096, weighted_loss: 0.0371, label: 1, bag_size: 3628
batch 779, loss: 0.0104, instance_loss: 0.0011, weighted_loss: 0.0076, label: 1, bag_size: 3354
batch 799, loss: 0.0806, instance_loss: 0.0132, weighted_loss: 0.0604, label: 0, bag_size: 8989
batch 819, loss: 0.0011, instance_loss: 0.0000, weighted_loss: 0.0008, label: 0, bag_size: 21383
batch 839, loss: 0.0018, instance_loss: 0.0000, weighted_loss: 0.0012, label: 0, bag_size: 17843


class 0 clustering acc 0.9997034400948992: correct 6742/6744
class 1 clustering acc 1.0: correct 6744/6744
Epoch: 3, train_loss: 0.1410, train_clustering_loss:  0.0055, train_error: 0.0593
class 0: acc 0.9289099526066351, correct 392/422
class 1: acc 0.9524940617577197, correct 401/421

Val Set, val_loss: 0.3141, val_error: 0.1106, auc: 0.7351
class 0 clustering acc 1.0: correct 1880/1880
class 1 clustering acc 1.0: correct 1880/1880
class 0: acc 0.8995633187772926, correct 206/229
class 1: acc 0.5, correct 3/6
Validation loss decreased (0.390856 --> 0.314133).  Saving model ...


batch 19, loss: 0.0033, instance_loss: 0.0010, weighted_loss: 0.0026, label: 0, bag_size: 1674
batch 39, loss: 0.0035, instance_loss: 0.0000, weighted_loss: 0.0024, label: 1, bag_size: 2671
batch 59, loss: 0.0019, instance_loss: 0.0000, weighted_loss: 0.0013, label: 0, bag_size: 4463
batch 79, loss: 0.0419, instance_loss: 0.0004, weighted_loss: 0.0295, label: 1, bag_size: 14528
batch 99, loss: 0.0093, instance_loss: 0.0000, weighted_loss: 0.0065, label: 0, bag_size: 21466
batch 119, loss: 0.0006, instance_loss: 0.0000, weighted_loss: 0.0004, label: 0, bag_size: 2113
batch 139, loss: 0.0219, instance_loss: 0.0000, weighted_loss: 0.0153, label: 1, bag_size: 22042
batch 159, loss: 0.0037, instance_loss: 0.0000, weighted_loss: 0.0026, label: 0, bag_size: 6578
batch 179, loss: 0.0007, instance_loss: 0.0000, weighted_loss: 0.0005, label: 0, bag_size: 16385
batch 199, loss: 0.3078, instance_loss: 0.0000, weighted_loss: 0.2154, label: 0, bag_size: 5098
batch 219, loss: 0.0018, instance_loss: 0.0002, weighted_loss: 0.0014, label: 0, bag_size: 9159
batch 239, loss: 0.0044, instance_loss: 0.0000, weighted_loss: 0.0031, label: 1, bag_size: 22871
batch 259, loss: 0.0012, instance_loss: 0.0000, weighted_loss: 0.0009, label: 1, bag_size: 4365
batch 279, loss: 0.0000, instance_loss: 0.0026, weighted_loss: 0.0008, label: 0, bag_size: 3547
batch 299, loss: 0.2704, instance_loss: 0.0003, weighted_loss: 0.1894, label: 1, bag_size: 14528
batch 319, loss: 0.0093, instance_loss: 0.0000, weighted_loss: 0.0065, label: 1, bag_size: 22042
batch 339, loss: 0.0931, instance_loss: 0.0000, weighted_loss: 0.0652, label: 1, bag_size: 22399
batch 359, loss: 0.0045, instance_loss: 0.0004, weighted_loss: 0.0033, label: 0, bag_size: 11919
batch 379, loss: 0.0070, instance_loss: 0.0005, weighted_loss: 0.0051, label: 1, bag_size: 5137
batch 399, loss: 0.0587, instance_loss: 0.0000, weighted_loss: 0.0411, label: 1, bag_size: 18621
batch 419, loss: 0.0444, instance_loss: 0.0339, weighted_loss: 0.0412, label: 1, bag_size: 3411
batch 439, loss: 0.0009, instance_loss: 0.0000, weighted_loss: 0.0007, label: 0, bag_size: 1858
batch 459, loss: 0.0531, instance_loss: 0.0009, weighted_loss: 0.0375, label: 0, bag_size: 6050
batch 479, loss: 0.0003, instance_loss: 0.0002, weighted_loss: 0.0003, label: 0, bag_size: 11889
batch 499, loss: 0.0019, instance_loss: 0.0004, weighted_loss: 0.0015, label: 0, bag_size: 6399
batch 519, loss: 0.0045, instance_loss: 0.0002, weighted_loss: 0.0032, label: 1, bag_size: 3621
batch 539, loss: 0.0116, instance_loss: 0.0000, weighted_loss: 0.0081, label: 0, bag_size: 17359
batch 559, loss: 0.0349, instance_loss: 0.0000, weighted_loss: 0.0244, label: 1, bag_size: 7879
batch 579, loss: 0.0978, instance_loss: 0.0000, weighted_loss: 0.0685, label: 0, bag_size: 21466
batch 599, loss: 0.0003, instance_loss: 0.0000, weighted_loss: 0.0002, label: 0, bag_size: 5912
batch 619, loss: 0.0004, instance_loss: 0.0000, weighted_loss: 0.0003, label: 0, bag_size: 14855
batch 639, loss: 0.0060, instance_loss: 0.0005, weighted_loss: 0.0044, label: 0, bag_size: 2113
batch 659, loss: 0.0104, instance_loss: 0.0034, weighted_loss: 0.0083, label: 1, bag_size: 4516
batch 679, loss: 0.0060, instance_loss: 0.0000, weighted_loss: 0.0042, label: 1, bag_size: 2637
batch 699, loss: 0.0153, instance_loss: 0.0000, weighted_loss: 0.0107, label: 1, bag_size: 4760
batch 719, loss: 0.0598, instance_loss: 0.0004, weighted_loss: 0.0420, label: 0, bag_size: 12672
batch 739, loss: 0.0004, instance_loss: 0.0011, weighted_loss: 0.0006, label: 1, bag_size: 6023
batch 759, loss: 0.0001, instance_loss: 0.0000, weighted_loss: 0.0000, label: 0, bag_size: 5614
batch 779, loss: 0.0050, instance_loss: 0.0000, weighted_loss: 0.0035, label: 1, bag_size: 7733
batch 799, loss: 0.0010, instance_loss: 0.0000, weighted_loss: 0.0007, label: 0, bag_size: 6534
batch 819, loss: 0.1839, instance_loss: 0.0002, weighted_loss: 0.1288, label: 0, bag_size: 6638
batch 839, loss: 0.0292, instance_loss: 0.0000, weighted_loss: 0.0204, label: 0, bag_size: 16369


class 0 clustering acc 1.0: correct 6744/6744
class 1 clustering acc 1.0: correct 6744/6744
Epoch: 4, train_loss: 0.0810, train_clustering_loss:  0.0025, train_error: 0.0225
class 0: acc 0.961340206185567, correct 373/388
class 1: acc 0.9912087912087912, correct 451/455

Val Set, val_loss: 0.2541, val_error: 0.0979, auc: 0.7220
class 0 clustering acc 1.0: correct 1880/1880
class 1 clustering acc 1.0: correct 1880/1880
class 0: acc 0.925764192139738, correct 212/229
class 1: acc 0.0, correct 0/6
Validation loss decreased (0.314133 --> 0.254149).  Saving model ...


batch 19, loss: 0.0006, instance_loss: 0.0000, weighted_loss: 0.0004, label: 0, bag_size: 10124
batch 39, loss: 0.0002, instance_loss: 0.0000, weighted_loss: 0.0002, label: 0, bag_size: 2843
batch 59, loss: 0.0112, instance_loss: 0.0000, weighted_loss: 0.0078, label: 1, bag_size: 4276
batch 79, loss: 0.0045, instance_loss: 0.0003, weighted_loss: 0.0032, label: 1, bag_size: 3354
batch 99, loss: 0.0595, instance_loss: 0.0000, weighted_loss: 0.0417, label: 1, bag_size: 5956
batch 119, loss: 0.0005, instance_loss: 0.0003, weighted_loss: 0.0004, label: 0, bag_size: 2908
batch 139, loss: 0.2885, instance_loss: 0.0000, weighted_loss: 0.2019, label: 0, bag_size: 11037
batch 159, loss: 0.0000, instance_loss: 0.0010, weighted_loss: 0.0003, label: 0, bag_size: 4932
batch 179, loss: 0.0070, instance_loss: 0.0000, weighted_loss: 0.0049, label: 1, bag_size: 13571
batch 199, loss: 0.1415, instance_loss: 0.0040, weighted_loss: 0.1002, label: 0, bag_size: 5624
batch 219, loss: 0.0000, instance_loss: 0.0005, weighted_loss: 0.0002, label: 0, bag_size: 3547
batch 239, loss: 1.6302, instance_loss: 0.0000, weighted_loss: 1.1412, label: 0, bag_size: 15687
batch 259, loss: 0.0083, instance_loss: 0.0000, weighted_loss: 0.0058, label: 1, bag_size: 7733
batch 279, loss: 0.0654, instance_loss: 0.0000, weighted_loss: 0.0458, label: 1, bag_size: 13571
batch 299, loss: 0.0001, instance_loss: 0.0000, weighted_loss: 0.0000, label: 0, bag_size: 6629
batch 319, loss: 0.0009, instance_loss: 0.0000, weighted_loss: 0.0006, label: 0, bag_size: 917
batch 339, loss: 0.0383, instance_loss: 0.0000, weighted_loss: 0.0268, label: 1, bag_size: 21952
batch 359, loss: 0.1118, instance_loss: 0.0000, weighted_loss: 0.0783, label: 1, bag_size: 14528
batch 379, loss: 0.0005, instance_loss: 0.0002, weighted_loss: 0.0004, label: 1, bag_size: 6028
batch 399, loss: 0.0009, instance_loss: 0.0042, weighted_loss: 0.0018, label: 0, bag_size: 2226
batch 419, loss: 0.0012, instance_loss: 0.0000, weighted_loss: 0.0008, label: 1, bag_size: 21952
batch 439, loss: 0.0000, instance_loss: 0.0003, weighted_loss: 0.0001, label: 0, bag_size: 1758
batch 459, loss: 0.0012, instance_loss: 0.0000, weighted_loss: 0.0008, label: 0, bag_size: 16508
batch 479, loss: 0.0005, instance_loss: 0.0000, weighted_loss: 0.0004, label: 1, bag_size: 6028
batch 499, loss: 0.0007, instance_loss: 0.0000, weighted_loss: 0.0005, label: 0, bag_size: 18111
batch 519, loss: 1.6524, instance_loss: 0.0000, weighted_loss: 1.1567, label: 1, bag_size: 18621
batch 539, loss: 0.0000, instance_loss: 0.0000, weighted_loss: 0.0000, label: 0, bag_size: 7491
batch 559, loss: 0.0001, instance_loss: 0.0000, weighted_loss: 0.0001, label: 0, bag_size: 6044
batch 579, loss: 0.0385, instance_loss: 0.0178, weighted_loss: 0.0323, label: 0, bag_size: 4085
batch 599, loss: 0.0004, instance_loss: 0.0000, weighted_loss: 0.0003, label: 0, bag_size: 6631
batch 619, loss: 0.0004, instance_loss: 0.0000, weighted_loss: 0.0002, label: 0, bag_size: 4591
batch 639, loss: 0.0070, instance_loss: 0.0000, weighted_loss: 0.0049, label: 1, bag_size: 10180
batch 659, loss: 0.0010, instance_loss: 0.0000, weighted_loss: 0.0007, label: 0, bag_size: 21894
batch 679, loss: 0.0011, instance_loss: 0.0000, weighted_loss: 0.0008, label: 1, bag_size: 2671
batch 699, loss: 0.0045, instance_loss: 0.0000, weighted_loss: 0.0032, label: 0, bag_size: 6239
batch 719, loss: 0.0004, instance_loss: 0.0000, weighted_loss: 0.0003, label: 0, bag_size: 10001
batch 739, loss: 0.0000, instance_loss: 0.0000, weighted_loss: 0.0000, label: 0, bag_size: 10102
batch 759, loss: 0.0012, instance_loss: 0.0000, weighted_loss: 0.0008, label: 0, bag_size: 7017
batch 779, loss: 0.0001, instance_loss: 0.0002, weighted_loss: 0.0001, label: 0, bag_size: 5545
batch 799, loss: 0.0016, instance_loss: 0.0083, weighted_loss: 0.0036, label: 0, bag_size: 3017
batch 819, loss: 0.0029, instance_loss: 0.0002, weighted_loss: 0.0021, label: 0, bag_size: 13991
batch 839, loss: 0.0082, instance_loss: 0.0000, weighted_loss: 0.0058, label: 1, bag_size: 6028


class 0 clustering acc 1.0: correct 6744/6744
class 1 clustering acc 1.0: correct 6744/6744
Epoch: 5, train_loss: 0.0396, train_clustering_loss:  0.0014, train_error: 0.0142
class 0: acc 0.9845132743362832, correct 445/452
class 1: acc 0.9872122762148338, correct 386/391

Val Set, val_loss: 0.3004, val_error: 0.0766, auc: 0.6769
class 0 clustering acc 1.0: correct 1880/1880
class 1 clustering acc 1.0: correct 1880/1880
class 0: acc 0.9475982532751092, correct 217/229
class 1: acc 0.0, correct 0/6
EarlyStopping counter: 1 out of 10


batch 19, loss: 0.0000, instance_loss: 0.0009, weighted_loss: 0.0003, label: 0, bag_size: 3374
batch 39, loss: 0.0010, instance_loss: 0.0103, weighted_loss: 0.0038, label: 0, bag_size: 8839
batch 59, loss: 0.0014, instance_loss: 0.0000, weighted_loss: 0.0010, label: 0, bag_size: 17843
batch 79, loss: 0.0013, instance_loss: 0.0000, weighted_loss: 0.0009, label: 0, bag_size: 25547
batch 99, loss: 0.0034, instance_loss: 0.0000, weighted_loss: 0.0024, label: 0, bag_size: 17986
batch 119, loss: 0.0078, instance_loss: 0.0118, weighted_loss: 0.0090, label: 1, bag_size: 4516
batch 139, loss: 0.1182, instance_loss: 0.0000, weighted_loss: 0.0827, label: 0, bag_size: 18054
batch 159, loss: 0.0096, instance_loss: 0.0003, weighted_loss: 0.0068, label: 1, bag_size: 4276
batch 179, loss: 0.0006, instance_loss: 0.0011, weighted_loss: 0.0007, label: 1, bag_size: 1140
batch 199, loss: 0.0007, instance_loss: 0.0000, weighted_loss: 0.0005, label: 1, bag_size: 5956
batch 219, loss: 0.0006, instance_loss: 0.0000, weighted_loss: 0.0004, label: 0, bag_size: 10658
batch 239, loss: 0.0023, instance_loss: 0.0000, weighted_loss: 0.0016, label: 1, bag_size: 3354
batch 259, loss: 0.0872, instance_loss: 0.0000, weighted_loss: 0.0610, label: 1, bag_size: 18621
batch 279, loss: 0.0001, instance_loss: 0.0031, weighted_loss: 0.0010, label: 0, bag_size: 1351
batch 299, loss: 0.0000, instance_loss: 0.0006, weighted_loss: 0.0002, label: 0, bag_size: 7586
batch 319, loss: 0.0017, instance_loss: 0.0000, weighted_loss: 0.0012, label: 1, bag_size: 13571
batch 339, loss: 0.0003, instance_loss: 0.0000, weighted_loss: 0.0002, label: 1, bag_size: 7733
batch 359, loss: 0.0021, instance_loss: 0.0000, weighted_loss: 0.0014, label: 0, bag_size: 15395
batch 379, loss: 0.0253, instance_loss: 0.0000, weighted_loss: 0.0177, label: 1, bag_size: 4760
batch 399, loss: 0.0001, instance_loss: 0.0000, weighted_loss: 0.0000, label: 0, bag_size: 18947
batch 419, loss: 0.0002, instance_loss: 0.0004, weighted_loss: 0.0003, label: 0, bag_size: 6073
batch 439, loss: 0.0000, instance_loss: 0.0000, weighted_loss: 0.0000, label: 1, bag_size: 6344
batch 459, loss: 0.0000, instance_loss: 0.0000, weighted_loss: 0.0000, label: 0, bag_size: 15675
batch 479, loss: 0.0000, instance_loss: 0.0000, weighted_loss: 0.0000, label: 0, bag_size: 17250
batch 499, loss: 0.0005, instance_loss: 0.0135, weighted_loss: 0.0044, label: 1, bag_size: 3024
batch 519, loss: 0.0034, instance_loss: 0.0003, weighted_loss: 0.0024, label: 1, bag_size: 5137
batch 539, loss: 0.0000, instance_loss: 0.0000, weighted_loss: 0.0000, label: 0, bag_size: 10540
batch 559, loss: 0.0313, instance_loss: 0.0049, weighted_loss: 0.0234, label: 1, bag_size: 3628
batch 579, loss: 0.0000, instance_loss: 0.0000, weighted_loss: 0.0000, label: 0, bag_size: 14713
batch 599, loss: 0.0035, instance_loss: 0.0049, weighted_loss: 0.0039, label: 0, bag_size: 1954
batch 619, loss: 0.0000, instance_loss: 0.0000, weighted_loss: 0.0000, label: 0, bag_size: 21774
batch 639, loss: 0.0040, instance_loss: 0.0000, weighted_loss: 0.0028, label: 1, bag_size: 7879
batch 659, loss: 0.0046, instance_loss: 0.0119, weighted_loss: 0.0068, label: 1, bag_size: 5137
batch 679, loss: 0.0077, instance_loss: 0.0025, weighted_loss: 0.0061, label: 0, bag_size: 3899
batch 699, loss: 0.0018, instance_loss: 0.0033, weighted_loss: 0.0023, label: 1, bag_size: 3024
batch 719, loss: 0.0007, instance_loss: 0.0000, weighted_loss: 0.0005, label: 1, bag_size: 22871
batch 739, loss: 0.0147, instance_loss: 0.0000, weighted_loss: 0.0103, label: 1, bag_size: 10371
batch 759, loss: 0.0000, instance_loss: 0.0000, weighted_loss: 0.0000, label: 0, bag_size: 2698
batch 779, loss: 0.0012, instance_loss: 0.0000, weighted_loss: 0.0008, label: 0, bag_size: 26900
batch 799, loss: 0.0058, instance_loss: 0.0000, weighted_loss: 0.0041, label: 1, bag_size: 22624
batch 819, loss: 0.0000, instance_loss: 0.0000, weighted_loss: 0.0000, label: 0, bag_size: 13124
batch 839, loss: 0.0000, instance_loss: 0.0000, weighted_loss: 0.0000, label: 0, bag_size: 17843


class 0 clustering acc 1.0: correct 6744/6744
class 1 clustering acc 1.0: correct 6744/6744
Epoch: 6, train_loss: 0.0574, train_clustering_loss:  0.0015, train_error: 0.0166
class 0: acc 0.9775, correct 391/400
class 1: acc 0.9887133182844243, correct 438/443

Val Set, val_loss: 0.3488, val_error: 0.0766, auc: 0.6405
class 0 clustering acc 1.0: correct 1880/1880
class 1 clustering acc 1.0: correct 1880/1880
class 0: acc 0.9475982532751092, correct 217/229
class 1: acc 0.0, correct 0/6
EarlyStopping counter: 2 out of 10


batch 19, loss: 0.0032, instance_loss: 0.0000, weighted_loss: 0.0022, label: 0, bag_size: 17448
batch 39, loss: 0.0000, instance_loss: 0.0000, weighted_loss: 0.0000, label: 0, bag_size: 6344
batch 59, loss: 0.0000, instance_loss: 0.0000, weighted_loss: 0.0000, label: 0, bag_size: 5862
batch 79, loss: 0.0000, instance_loss: 0.0000, weighted_loss: 0.0000, label: 0, bag_size: 16350
batch 99, loss: 0.0010, instance_loss: 0.0030, weighted_loss: 0.0016, label: 1, bag_size: 3621
batch 119, loss: 0.0085, instance_loss: 0.0000, weighted_loss: 0.0060, label: 1, bag_size: 22399
batch 139, loss: 0.0001, instance_loss: 0.0000, weighted_loss: 0.0000, label: 0, bag_size: 20043
batch 159, loss: 0.0000, instance_loss: 0.0000, weighted_loss: 0.0000, label: 0, bag_size: 2703
batch 179, loss: 0.0002, instance_loss: 0.0016, weighted_loss: 0.0006, label: 1, bag_size: 1140
batch 199, loss: 0.0003, instance_loss: 0.0045, weighted_loss: 0.0016, label: 0, bag_size: 3346
batch 219, loss: 0.0000, instance_loss: 0.0000, weighted_loss: 0.0000, label: 0, bag_size: 13338
batch 239, loss: 0.0695, instance_loss: 0.0000, weighted_loss: 0.0487, label: 1, bag_size: 4276
batch 259, loss: 0.0024, instance_loss: 0.0000, weighted_loss: 0.0017, label: 1, bag_size: 14318
batch 279, loss: 0.0000, instance_loss: 0.0000, weighted_loss: 0.0000, label: 0, bag_size: 15853
batch 299, loss: 0.0201, instance_loss: 0.0057, weighted_loss: 0.0158, label: 0, bag_size: 9768
batch 319, loss: 0.0000, instance_loss: 0.0000, weighted_loss: 0.0000, label: 0, bag_size: 2755
batch 339, loss: 0.0024, instance_loss: 0.0000, weighted_loss: 0.0017, label: 1, bag_size: 14318
batch 359, loss: 0.0002, instance_loss: 0.0002, weighted_loss: 0.0002, label: 1, bag_size: 4760
batch 379, loss: 0.0004, instance_loss: 0.0000, weighted_loss: 0.0003, label: 0, bag_size: 2758
batch 399, loss: 0.0000, instance_loss: 0.0000, weighted_loss: 0.0000, label: 0, bag_size: 2864
batch 419, loss: 0.0000, instance_loss: 0.0000, weighted_loss: 0.0000, label: 0, bag_size: 13944
batch 439, loss: 0.0014, instance_loss: 0.0025, weighted_loss: 0.0017, label: 1, bag_size: 1140
batch 459, loss: 0.0000, instance_loss: 0.0000, weighted_loss: 0.0000, label: 0, bag_size: 4963
batch 479, loss: 0.0041, instance_loss: 0.0000, weighted_loss: 0.0029, label: 1, bag_size: 2637
batch 499, loss: 0.0000, instance_loss: 0.0000, weighted_loss: 0.0000, label: 0, bag_size: 4591
batch 519, loss: 0.0050, instance_loss: 0.0039, weighted_loss: 0.0047, label: 0, bag_size: 2212
batch 539, loss: 0.0378, instance_loss: 0.0000, weighted_loss: 0.0265, label: 1, bag_size: 14528
batch 559, loss: 0.0003, instance_loss: 0.0027, weighted_loss: 0.0010, label: 0, bag_size: 949
batch 579, loss: 0.0000, instance_loss: 0.0000, weighted_loss: 0.0000, label: 0, bag_size: 17035
batch 599, loss: 0.0181, instance_loss: 0.0069, weighted_loss: 0.0147, label: 1, bag_size: 3628
batch 619, loss: 0.0004, instance_loss: 0.0165, weighted_loss: 0.0052, label: 1, bag_size: 3024
batch 639, loss: 0.0002, instance_loss: 0.0000, weighted_loss: 0.0001, label: 0, bag_size: 13046
batch 659, loss: 0.0252, instance_loss: 0.0000, weighted_loss: 0.0176, label: 1, bag_size: 14763
batch 679, loss: 0.0016, instance_loss: 0.0000, weighted_loss: 0.0011, label: 1, bag_size: 5082
batch 699, loss: 0.0002, instance_loss: 0.0000, weighted_loss: 0.0001, label: 1, bag_size: 22042
batch 719, loss: 0.0000, instance_loss: 0.0007, weighted_loss: 0.0002, label: 1, bag_size: 3621
batch 739, loss: 0.0035, instance_loss: 0.0000, weighted_loss: 0.0025, label: 1, bag_size: 16197
batch 759, loss: 0.0044, instance_loss: 0.0120, weighted_loss: 0.0067, label: 0, bag_size: 2375
batch 779, loss: 3.9021, instance_loss: 0.0000, weighted_loss: 2.7315, label: 1, bag_size: 13646
batch 799, loss: 0.0023, instance_loss: 0.0006, weighted_loss: 0.0018, label: 1, bag_size: 4276
batch 819, loss: 0.0120, instance_loss: 0.0000, weighted_loss: 0.0084, label: 1, bag_size: 22042
batch 839, loss: 0.0057, instance_loss: 0.0000, weighted_loss: 0.0040, label: 1, bag_size: 14763


class 0 clustering acc 0.9998517200474496: correct 6743/6744
class 1 clustering acc 1.0: correct 6744/6744
Epoch: 7, train_loss: 0.0280, train_clustering_loss:  0.0011, train_error: 0.0071
class 0: acc 0.9904076738609112, correct 413/417
class 1: acc 0.9953051643192489, correct 424/426

Val Set, val_loss: 0.3519, val_error: 0.0638, auc: 0.4898
class 0 clustering acc 1.0: correct 1880/1880
class 1 clustering acc 1.0: correct 1880/1880
class 0: acc 0.9606986899563319, correct 220/229
class 1: acc 0.0, correct 0/6
EarlyStopping counter: 3 out of 10


batch 19, loss: 0.0112, instance_loss: 0.0002, weighted_loss: 0.0079, label: 1, bag_size: 2644
batch 39, loss: 0.0008, instance_loss: 0.0000, weighted_loss: 0.0006, label: 1, bag_size: 22042
batch 59, loss: 0.0002, instance_loss: 0.0000, weighted_loss: 0.0001, label: 1, bag_size: 9833
batch 79, loss: 0.0004, instance_loss: 0.0002, weighted_loss: 0.0004, label: 1, bag_size: 9833
batch 99, loss: 0.8224, instance_loss: 0.0000, weighted_loss: 0.5757, label: 0, bag_size: 21466
batch 119, loss: 0.0033, instance_loss: 0.0013, weighted_loss: 0.0027, label: 1, bag_size: 4516
batch 139, loss: 0.0013, instance_loss: 0.0000, weighted_loss: 0.0009, label: 1, bag_size: 5956
batch 159, loss: 0.0000, instance_loss: 0.0000, weighted_loss: 0.0000, label: 0, bag_size: 7853
batch 179, loss: 0.0001, instance_loss: 0.0000, weighted_loss: 0.0001, label: 0, bag_size: 8101
batch 199, loss: 0.0002, instance_loss: 0.0000, weighted_loss: 0.0001, label: 1, bag_size: 4365
batch 219, loss: 0.1348, instance_loss: 0.0203, weighted_loss: 0.1004, label: 0, bag_size: 1414
batch 239, loss: 0.0008, instance_loss: 0.0002, weighted_loss: 0.0006, label: 1, bag_size: 4760
batch 259, loss: 0.3353, instance_loss: 0.0000, weighted_loss: 0.2347, label: 1, bag_size: 18621
batch 279, loss: 0.0013, instance_loss: 0.0000, weighted_loss: 0.0009, label: 1, bag_size: 13571
batch 299, loss: 0.0000, instance_loss: 0.0008, weighted_loss: 0.0003, label: 0, bag_size: 1207
batch 319, loss: 0.0007, instance_loss: 0.0000, weighted_loss: 0.0005, label: 1, bag_size: 2671
batch 339, loss: 0.0091, instance_loss: 0.0000, weighted_loss: 0.0064, label: 1, bag_size: 18621
batch 359, loss: 0.0004, instance_loss: 0.0008, weighted_loss: 0.0006, label: 1, bag_size: 1140
batch 379, loss: 0.0004, instance_loss: 0.0000, weighted_loss: 0.0003, label: 1, bag_size: 6028
batch 399, loss: 0.1096, instance_loss: 0.0111, weighted_loss: 0.0800, label: 0, bag_size: 1179
batch 419, loss: 0.0005, instance_loss: 0.0000, weighted_loss: 0.0003, label: 1, bag_size: 5137
batch 439, loss: 0.0009, instance_loss: 0.0000, weighted_loss: 0.0006, label: 0, bag_size: 2038
batch 459, loss: 0.0016, instance_loss: 0.0000, weighted_loss: 0.0011, label: 1, bag_size: 14414
batch 479, loss: 0.0018, instance_loss: 0.0000, weighted_loss: 0.0012, label: 1, bag_size: 5956
batch 499, loss: 0.0002, instance_loss: 0.0002, weighted_loss: 0.0002, label: 1, bag_size: 1140
batch 519, loss: 0.0058, instance_loss: 0.0000, weighted_loss: 0.0040, label: 1, bag_size: 14763
batch 539, loss: 0.0000, instance_loss: 0.0000, weighted_loss: 0.0000, label: 1, bag_size: 5082
batch 559, loss: 0.0000, instance_loss: 0.0000, weighted_loss: 0.0000, label: 1, bag_size: 3621
batch 579, loss: 0.9068, instance_loss: 0.0000, weighted_loss: 0.6347, label: 1, bag_size: 3354
batch 599, loss: 0.0023, instance_loss: 0.0000, weighted_loss: 0.0016, label: 1, bag_size: 2637
batch 619, loss: 0.0267, instance_loss: 0.0002, weighted_loss: 0.0187, label: 1, bag_size: 4276
batch 639, loss: 0.0997, instance_loss: 0.0006, weighted_loss: 0.0700, label: 1, bag_size: 2637
batch 659, loss: 0.0479, instance_loss: 0.0000, weighted_loss: 0.0335, label: 1, bag_size: 10180
batch 679, loss: 0.0002, instance_loss: 0.0000, weighted_loss: 0.0001, label: 0, bag_size: 2405
batch 699, loss: 0.0000, instance_loss: 0.0000, weighted_loss: 0.0000, label: 0, bag_size: 2651
batch 719, loss: 0.0006, instance_loss: 0.0000, weighted_loss: 0.0004, label: 0, bag_size: 8401
batch 739, loss: 0.0176, instance_loss: 0.0000, weighted_loss: 0.0123, label: 1, bag_size: 10180
batch 759, loss: 0.0083, instance_loss: 0.0000, weighted_loss: 0.0058, label: 1, bag_size: 3354
batch 779, loss: 0.0020, instance_loss: 0.0000, weighted_loss: 0.0014, label: 0, bag_size: 3880
batch 799, loss: 0.0381, instance_loss: 0.0000, weighted_loss: 0.0267, label: 1, bag_size: 5082
batch 819, loss: 0.0192, instance_loss: 0.0014, weighted_loss: 0.0139, label: 0, bag_size: 5161
batch 839, loss: 0.0011, instance_loss: 0.0000, weighted_loss: 0.0008, label: 1, bag_size: 6028


class 0 clustering acc 1.0: correct 6744/6744
class 1 clustering acc 0.9997034400948992: correct 6742/6744
Epoch: 8, train_loss: 0.0764, train_clustering_loss:  0.0014, train_error: 0.0261
class 0: acc 0.9705159705159705, correct 395/407
class 1: acc 0.9770642201834863, correct 426/436

Val Set, val_loss: 0.2785, val_error: 0.0723, auc: 0.7140
class 0 clustering acc 1.0: correct 1880/1880
class 1 clustering acc 1.0: correct 1880/1880
class 0: acc 0.9519650655021834, correct 218/229
class 1: acc 0.0, correct 0/6
EarlyStopping counter: 4 out of 10


batch 19, loss: 0.0000, instance_loss: 0.0000, weighted_loss: 0.0000, label: 0, bag_size: 19988
batch 39, loss: 0.0006, instance_loss: 0.0000, weighted_loss: 0.0004, label: 1, bag_size: 13571
batch 59, loss: 0.0001, instance_loss: 0.0000, weighted_loss: 0.0001, label: 0, bag_size: 13054
batch 79, loss: 0.0001, instance_loss: 0.0000, weighted_loss: 0.0001, label: 0, bag_size: 5464
batch 99, loss: 0.0022, instance_loss: 0.0000, weighted_loss: 0.0015, label: 0, bag_size: 5348
batch 119, loss: 0.0158, instance_loss: 0.0029, weighted_loss: 0.0119, label: 1, bag_size: 4516
batch 139, loss: 0.0001, instance_loss: 0.0000, weighted_loss: 0.0000, label: 0, bag_size: 5128
batch 159, loss: 0.0017, instance_loss: 0.0000, weighted_loss: 0.0012, label: 1, bag_size: 21952
batch 179, loss: 0.0000, instance_loss: 0.0000, weighted_loss: 0.0000, label: 0, bag_size: 17684
batch 199, loss: 0.0000, instance_loss: 0.0000, weighted_loss: 0.0000, label: 0, bag_size: 17065
batch 219, loss: 0.0025, instance_loss: 0.0000, weighted_loss: 0.0017, label: 0, bag_size: 2553
batch 239, loss: 0.0000, instance_loss: 0.0000, weighted_loss: 0.0000, label: 0, bag_size: 2076
batch 259, loss: 0.0007, instance_loss: 0.0000, weighted_loss: 0.0005, label: 1, bag_size: 22042
batch 279, loss: 0.0010, instance_loss: 0.0000, weighted_loss: 0.0007, label: 1, bag_size: 4365
batch 299, loss: 0.0000, instance_loss: 0.0000, weighted_loss: 0.0000, label: 0, bag_size: 14779
batch 319, loss: 0.0001, instance_loss: 0.0002, weighted_loss: 0.0002, label: 0, bag_size: 2951
batch 339, loss: 0.0001, instance_loss: 0.0000, weighted_loss: 0.0000, label: 0, bag_size: 4356
batch 359, loss: 0.0193, instance_loss: 0.0000, weighted_loss: 0.0135, label: 1, bag_size: 7879
batch 379, loss: 0.0446, instance_loss: 0.0000, weighted_loss: 0.0312, label: 1, bag_size: 10371
batch 399, loss: 0.0011, instance_loss: 0.0000, weighted_loss: 0.0008, label: 0, bag_size: 14354
batch 419, loss: 0.0000, instance_loss: 0.0005, weighted_loss: 0.0001, label: 0, bag_size: 5995
batch 439, loss: 0.0016, instance_loss: 0.0000, weighted_loss: 0.0011, label: 1, bag_size: 5082
batch 459, loss: 0.0005, instance_loss: 0.0000, weighted_loss: 0.0003, label: 1, bag_size: 15079
batch 479, loss: 0.0000, instance_loss: 0.0000, weighted_loss: 0.0000, label: 0, bag_size: 2089
batch 499, loss: 0.0004, instance_loss: 0.0000, weighted_loss: 0.0003, label: 1, bag_size: 15079
batch 519, loss: 0.0002, instance_loss: 0.0000, weighted_loss: 0.0001, label: 1, bag_size: 14763
batch 539, loss: 0.0000, instance_loss: 0.0000, weighted_loss: 0.0000, label: 0, bag_size: 6157
batch 559, loss: 0.0000, instance_loss: 0.0007, weighted_loss: 0.0002, label: 0, bag_size: 5545
batch 579, loss: 0.0021, instance_loss: 0.0000, weighted_loss: 0.0015, label: 0, bag_size: 8593
batch 599, loss: 0.0000, instance_loss: 0.0000, weighted_loss: 0.0000, label: 0, bag_size: 8271
batch 619, loss: 0.0000, instance_loss: 0.0000, weighted_loss: 0.0000, label: 0, bag_size: 3615
batch 639, loss: 0.0000, instance_loss: 0.0000, weighted_loss: 0.0000, label: 0, bag_size: 2297
batch 659, loss: 0.0267, instance_loss: 0.0018, weighted_loss: 0.0192, label: 0, bag_size: 8075
batch 679, loss: 0.0022, instance_loss: 0.0000, weighted_loss: 0.0016, label: 1, bag_size: 13646
batch 699, loss: 0.0000, instance_loss: 0.0000, weighted_loss: 0.0000, label: 0, bag_size: 3166
batch 719, loss: 0.0000, instance_loss: 0.0000, weighted_loss: 0.0000, label: 0, bag_size: 21383
batch 739, loss: 0.0000, instance_loss: 0.0000, weighted_loss: 0.0000, label: 0, bag_size: 1530
batch 759, loss: 0.0001, instance_loss: 0.0010, weighted_loss: 0.0003, label: 0, bag_size: 4728
batch 779, loss: 0.0011, instance_loss: 0.0003, weighted_loss: 0.0008, label: 1, bag_size: 4760
batch 799, loss: 0.0559, instance_loss: 0.0000, weighted_loss: 0.0391, label: 1, bag_size: 2644
batch 819, loss: 0.0009, instance_loss: 0.0000, weighted_loss: 0.0007, label: 1, bag_size: 6028
batch 839, loss: 0.0025, instance_loss: 0.0002, weighted_loss: 0.0018, label: 0, bag_size: 4061


class 0 clustering acc 1.0: correct 6744/6744
class 1 clustering acc 1.0: correct 6744/6744
Epoch: 9, train_loss: 0.0399, train_clustering_loss:  0.0008, train_error: 0.0154
class 0: acc 0.9839080459770115, correct 428/435
class 1: acc 0.9852941176470589, correct 402/408

Val Set, val_loss: 0.4204, val_error: 0.1021, auc: 0.5662
class 0 clustering acc 1.0: correct 1880/1880
class 1 clustering acc 1.0: correct 1880/1880
class 0: acc 0.9213973799126638, correct 211/229
class 1: acc 0.0, correct 0/6
EarlyStopping counter: 5 out of 10


batch 19, loss: 0.0093, instance_loss: 0.0000, weighted_loss: 0.0065, label: 1, bag_size: 22399
batch 39, loss: 0.0094, instance_loss: 0.0000, weighted_loss: 0.0066, label: 0, bag_size: 21887
batch 59, loss: 0.0000, instance_loss: 0.0000, weighted_loss: 0.0000, label: 0, bag_size: 16051
batch 79, loss: 0.0002, instance_loss: 0.0000, weighted_loss: 0.0002, label: 1, bag_size: 14318
batch 99, loss: 0.0000, instance_loss: 0.0000, weighted_loss: 0.0000, label: 0, bag_size: 1758
batch 119, loss: 0.0102, instance_loss: 0.0033, weighted_loss: 0.0081, label: 0, bag_size: 2559
batch 139, loss: 0.0012, instance_loss: 0.0000, weighted_loss: 0.0008, label: 1, bag_size: 2637
batch 159, loss: 0.0000, instance_loss: 0.0000, weighted_loss: 0.0000, label: 0, bag_size: 18431
batch 179, loss: 0.0000, instance_loss: 0.0000, weighted_loss: 0.0000, label: 0, bag_size: 2755
batch 199, loss: 0.0002, instance_loss: 0.0000, weighted_loss: 0.0001, label: 1, bag_size: 15079
batch 219, loss: 0.0014, instance_loss: 0.0000, weighted_loss: 0.0010, label: 0, bag_size: 10665
batch 239, loss: 0.0026, instance_loss: 0.0000, weighted_loss: 0.0018, label: 0, bag_size: 3533
batch 259, loss: 0.0991, instance_loss: 0.0000, weighted_loss: 0.0694, label: 1, bag_size: 18621
batch 279, loss: 0.0027, instance_loss: 0.0000, weighted_loss: 0.0019, label: 1, bag_size: 14414
batch 299, loss: 0.0133, instance_loss: 0.0000, weighted_loss: 0.0093, label: 0, bag_size: 7924
batch 319, loss: 0.0000, instance_loss: 0.0000, weighted_loss: 0.0000, label: 0, bag_size: 10109
batch 339, loss: 0.0020, instance_loss: 0.0000, weighted_loss: 0.0014, label: 1, bag_size: 16197
batch 359, loss: 0.0033, instance_loss: 0.0000, weighted_loss: 0.0023, label: 1, bag_size: 5956
batch 379, loss: 0.0936, instance_loss: 0.0000, weighted_loss: 0.0655, label: 0, bag_size: 18450
batch 399, loss: 0.0021, instance_loss: 0.0047, weighted_loss: 0.0028, label: 1, bag_size: 13571
batch 419, loss: 0.3617, instance_loss: 0.0000, weighted_loss: 0.2532, label: 0, bag_size: 14492
batch 439, loss: 0.0116, instance_loss: 0.0000, weighted_loss: 0.0081, label: 1, bag_size: 22624
batch 459, loss: 0.0002, instance_loss: 0.0014, weighted_loss: 0.0006, label: 0, bag_size: 2266
batch 479, loss: 0.0047, instance_loss: 0.0000, weighted_loss: 0.0033, label: 1, bag_size: 22871
batch 499, loss: 0.2034, instance_loss: 0.0000, weighted_loss: 0.1424, label: 0, bag_size: 12490
batch 519, loss: 0.0000, instance_loss: 0.0000, weighted_loss: 0.0000, label: 0, bag_size: 14968
batch 539, loss: 0.0013, instance_loss: 0.0000, weighted_loss: 0.0009, label: 1, bag_size: 13571
batch 559, loss: 0.0031, instance_loss: 0.0000, weighted_loss: 0.0022, label: 1, bag_size: 7879
batch 579, loss: 0.0003, instance_loss: 0.0000, weighted_loss: 0.0002, label: 0, bag_size: 3876
batch 599, loss: 0.0002, instance_loss: 0.0000, weighted_loss: 0.0001, label: 1, bag_size: 3354
batch 619, loss: 0.0000, instance_loss: 0.0000, weighted_loss: 0.0000, label: 0, bag_size: 9888
batch 639, loss: 0.0000, instance_loss: 0.0000, weighted_loss: 0.0000, label: 0, bag_size: 16772
batch 659, loss: 0.0000, instance_loss: 0.0000, weighted_loss: 0.0000, label: 0, bag_size: 25547
batch 679, loss: 0.0002, instance_loss: 0.0000, weighted_loss: 0.0001, label: 1, bag_size: 4365
batch 699, loss: 0.0001, instance_loss: 0.0002, weighted_loss: 0.0001, label: 1, bag_size: 3621
batch 719, loss: 0.0024, instance_loss: 0.0015, weighted_loss: 0.0021, label: 1, bag_size: 3628
batch 739, loss: 0.0004, instance_loss: 0.0000, weighted_loss: 0.0003, label: 0, bag_size: 2887
batch 759, loss: 0.0011, instance_loss: 0.0000, weighted_loss: 0.0008, label: 1, bag_size: 7733
batch 779, loss: 0.0552, instance_loss: 0.0069, weighted_loss: 0.0407, label: 0, bag_size: 5740
batch 799, loss: 0.0000, instance_loss: 0.0000, weighted_loss: 0.0000, label: 0, bag_size: 6629
batch 819, loss: 0.0000, instance_loss: 0.0000, weighted_loss: 0.0000, label: 0, bag_size: 4623
batch 839, loss: 0.0000, instance_loss: 0.0000, weighted_loss: 0.0000, label: 0, bag_size: 3969


class 0 clustering acc 1.0: correct 6744/6744
class 1 clustering acc 1.0: correct 6744/6744
Epoch: 10, train_loss: 0.0265, train_clustering_loss:  0.0006, train_error: 0.0071
class 0: acc 0.9904988123515439, correct 417/421
class 1: acc 0.995260663507109, correct 420/422

Val Set, val_loss: 0.3885, val_error: 0.0681, auc: 0.4672
class 0 clustering acc 1.0: correct 1880/1880
class 1 clustering acc 1.0: correct 1880/1880
class 0: acc 0.9563318777292577, correct 219/229
class 1: acc 0.0, correct 0/6
EarlyStopping counter: 6 out of 10


batch 19, loss: 0.0125, instance_loss: 0.0000, weighted_loss: 0.0087, label: 0, bag_size: 11037
batch 39, loss: 0.0042, instance_loss: 0.0000, weighted_loss: 0.0030, label: 1, bag_size: 18621
batch 59, loss: 0.0008, instance_loss: 0.0000, weighted_loss: 0.0006, label: 0, bag_size: 2522
batch 79, loss: 0.0005, instance_loss: 0.0000, weighted_loss: 0.0004, label: 1, bag_size: 2637
batch 99, loss: 0.0008, instance_loss: 0.0002, weighted_loss: 0.0006, label: 1, bag_size: 2637
batch 119, loss: 0.0005, instance_loss: 0.0008, weighted_loss: 0.0006, label: 1, bag_size: 5137
batch 139, loss: 0.0006, instance_loss: 0.0000, weighted_loss: 0.0004, label: 0, bag_size: 11364
batch 159, loss: 0.0000, instance_loss: 0.0000, weighted_loss: 0.0000, label: 1, bag_size: 2644
batch 179, loss: 0.0006, instance_loss: 0.0018, weighted_loss: 0.0009, label: 1, bag_size: 3024
batch 199, loss: 0.0000, instance_loss: 0.0000, weighted_loss: 0.0000, label: 0, bag_size: 2095
batch 219, loss: 0.0001, instance_loss: 0.0000, weighted_loss: 0.0001, label: 0, bag_size: 5527
batch 239, loss: 0.0211, instance_loss: 0.0000, weighted_loss: 0.0148, label: 0, bag_size: 12781
batch 259, loss: 0.0005, instance_loss: 0.0000, weighted_loss: 0.0004, label: 1, bag_size: 3621
batch 279, loss: 0.0004, instance_loss: 0.0000, weighted_loss: 0.0003, label: 1, bag_size: 6344
batch 299, loss: 0.0016, instance_loss: 0.0000, weighted_loss: 0.0011, label: 1, bag_size: 4276
batch 319, loss: 0.0001, instance_loss: 0.0000, weighted_loss: 0.0001, label: 1, bag_size: 4365
batch 339, loss: 0.0000, instance_loss: 0.0000, weighted_loss: 0.0000, label: 0, bag_size: 1214
batch 359, loss: 0.0003, instance_loss: 0.0002, weighted_loss: 0.0003, label: 1, bag_size: 3354
batch 379, loss: 0.0000, instance_loss: 0.0007, weighted_loss: 0.0002, label: 0, bag_size: 1322
batch 399, loss: 0.0000, instance_loss: 0.0000, weighted_loss: 0.0000, label: 0, bag_size: 3695
batch 419, loss: 0.0069, instance_loss: 0.1264, weighted_loss: 0.0427, label: 0, bag_size: 1011
batch 439, loss: 0.0046, instance_loss: 0.0000, weighted_loss: 0.0033, label: 1, bag_size: 22624
batch 459, loss: 0.0002, instance_loss: 0.0306, weighted_loss: 0.0093, label: 1, bag_size: 5956
batch 479, loss: 0.0026, instance_loss: 0.0000, weighted_loss: 0.0018, label: 1, bag_size: 7879
batch 499, loss: 0.0002, instance_loss: 0.0002, weighted_loss: 0.0002, label: 1, bag_size: 6344
batch 519, loss: 0.0000, instance_loss: 0.0005, weighted_loss: 0.0002, label: 0, bag_size: 2376
batch 539, loss: 0.0000, instance_loss: 0.0000, weighted_loss: 0.0000, label: 0, bag_size: 20043
batch 559, loss: 0.0000, instance_loss: 0.0000, weighted_loss: 0.0000, label: 0, bag_size: 8453
batch 579, loss: 0.0001, instance_loss: 0.0003, weighted_loss: 0.0002, label: 1, bag_size: 6023
batch 599, loss: 0.0020, instance_loss: 0.0000, weighted_loss: 0.0014, label: 1, bag_size: 14528
batch 619, loss: 0.0049, instance_loss: 0.0005, weighted_loss: 0.0035, label: 0, bag_size: 5740
batch 639, loss: 0.0000, instance_loss: 0.0000, weighted_loss: 0.0000, label: 0, bag_size: 16977
batch 659, loss: 0.0000, instance_loss: 0.0000, weighted_loss: 0.0000, label: 0, bag_size: 18076
batch 679, loss: 0.0003, instance_loss: 0.0000, weighted_loss: 0.0002, label: 0, bag_size: 6660
batch 699, loss: 0.0000, instance_loss: 0.0000, weighted_loss: 0.0000, label: 1, bag_size: 15079
batch 719, loss: 0.0001, instance_loss: 0.0006, weighted_loss: 0.0003, label: 1, bag_size: 6023
batch 739, loss: 0.0860, instance_loss: 0.0000, weighted_loss: 0.0602, label: 1, bag_size: 14528
batch 759, loss: 0.0380, instance_loss: 0.0000, weighted_loss: 0.0266, label: 1, bag_size: 14528
batch 779, loss: 0.0001, instance_loss: 0.0000, weighted_loss: 0.0001, label: 1, bag_size: 5082
batch 799, loss: 0.0000, instance_loss: 0.0000, weighted_loss: 0.0000, label: 0, bag_size: 19574
batch 819, loss: 0.0003, instance_loss: 0.0000, weighted_loss: 0.0002, label: 1, bag_size: 3354
batch 839, loss: 0.0000, instance_loss: 0.0000, weighted_loss: 0.0000, label: 0, bag_size: 3009


class 0 clustering acc 1.0: correct 6744/6744
class 1 clustering acc 1.0: correct 6744/6744
Epoch: 11, train_loss: 0.0121, train_clustering_loss:  0.0007, train_error: 0.0047
class 0: acc 0.9949874686716792, correct 397/399
class 1: acc 0.9954954954954955, correct 442/444

Val Set, val_loss: 0.4346, val_error: 0.0681, auc: 0.4585
class 0 clustering acc 1.0: correct 1880/1880
class 1 clustering acc 1.0: correct 1880/1880
class 0: acc 0.9563318777292577, correct 219/229
class 1: acc 0.0, correct 0/6
EarlyStopping counter: 7 out of 10


batch 19, loss: 0.0000, instance_loss: 0.0000, weighted_loss: 0.0000, label: 0, bag_size: 4002
batch 39, loss: 0.0003, instance_loss: 0.0003, weighted_loss: 0.0003, label: 1, bag_size: 6023
batch 59, loss: 0.1420, instance_loss: 0.0000, weighted_loss: 0.0994, label: 1, bag_size: 14318
batch 79, loss: 0.0034, instance_loss: 0.0028, weighted_loss: 0.0032, label: 1, bag_size: 3411
batch 99, loss: 0.0001, instance_loss: 0.0000, weighted_loss: 0.0001, label: 1, bag_size: 8663
batch 119, loss: 0.0001, instance_loss: 0.0000, weighted_loss: 0.0001, label: 0, bag_size: 7560
batch 139, loss: 0.0004, instance_loss: 0.0000, weighted_loss: 0.0002, label: 0, bag_size: 24284
batch 159, loss: 0.0000, instance_loss: 0.0002, weighted_loss: 0.0001, label: 0, bag_size: 3009
batch 179, loss: 0.0000, instance_loss: 0.0000, weighted_loss: 0.0000, label: 0, bag_size: 14037
batch 199, loss: 0.0239, instance_loss: 0.0000, weighted_loss: 0.0167, label: 1, bag_size: 18621
batch 219, loss: 0.0115, instance_loss: 0.0002, weighted_loss: 0.0081, label: 1, bag_size: 1140
batch 239, loss: 0.0001, instance_loss: 0.0000, weighted_loss: 0.0001, label: 1, bag_size: 4760
batch 259, loss: 0.0004, instance_loss: 0.0004, weighted_loss: 0.0004, label: 1, bag_size: 3024
batch 279, loss: 0.0001, instance_loss: 0.0000, weighted_loss: 0.0000, label: 1, bag_size: 4760
batch 299, loss: 0.0013, instance_loss: 0.0000, weighted_loss: 0.0009, label: 0, bag_size: 3506
batch 319, loss: 0.0008, instance_loss: 0.0004, weighted_loss: 0.0007, label: 0, bag_size: 1805
batch 339, loss: 0.0000, instance_loss: 0.0000, weighted_loss: 0.0000, label: 0, bag_size: 3642
batch 359, loss: 0.0044, instance_loss: 0.0000, weighted_loss: 0.0031, label: 0, bag_size: 16369
batch 379, loss: 0.0005, instance_loss: 0.0000, weighted_loss: 0.0004, label: 0, bag_size: 2693
batch 399, loss: 0.0276, instance_loss: 0.0000, weighted_loss: 0.0193, label: 1, bag_size: 5906
batch 419, loss: 0.0003, instance_loss: 0.0000, weighted_loss: 0.0002, label: 0, bag_size: 2119
batch 439, loss: 0.0001, instance_loss: 0.0000, weighted_loss: 0.0001, label: 1, bag_size: 2637
batch 459, loss: 0.0001, instance_loss: 0.0267, weighted_loss: 0.0080, label: 0, bag_size: 2595
batch 479, loss: 0.0195, instance_loss: 0.0000, weighted_loss: 0.0137, label: 1, bag_size: 22624
batch 499, loss: 0.0000, instance_loss: 0.0000, weighted_loss: 0.0000, label: 1, bag_size: 6344
batch 519, loss: 0.0007, instance_loss: 0.0000, weighted_loss: 0.0005, label: 1, bag_size: 16197
batch 539, loss: 0.0000, instance_loss: 0.0000, weighted_loss: 0.0000, label: 0, bag_size: 3380
batch 559, loss: 0.0013, instance_loss: 0.0002, weighted_loss: 0.0009, label: 1, bag_size: 10371
batch 579, loss: 0.0004, instance_loss: 0.0000, weighted_loss: 0.0002, label: 1, bag_size: 14414
batch 599, loss: 0.0325, instance_loss: 0.0000, weighted_loss: 0.0228, label: 0, bag_size: 13991
batch 619, loss: 0.0000, instance_loss: 0.0000, weighted_loss: 0.0000, label: 0, bag_size: 15577
batch 639, loss: 0.0043, instance_loss: 0.0008, weighted_loss: 0.0032, label: 0, bag_size: 8616
batch 659, loss: 0.0009, instance_loss: 0.0002, weighted_loss: 0.0007, label: 1, bag_size: 10371
batch 679, loss: 0.0038, instance_loss: 0.0000, weighted_loss: 0.0027, label: 0, bag_size: 13991
batch 699, loss: 0.0011, instance_loss: 0.0000, weighted_loss: 0.0008, label: 0, bag_size: 17060
batch 719, loss: 0.0001, instance_loss: 0.0010, weighted_loss: 0.0004, label: 1, bag_size: 10180
batch 739, loss: 0.0005, instance_loss: 0.0000, weighted_loss: 0.0003, label: 0, bag_size: 17528
batch 759, loss: 0.0004, instance_loss: 0.0026, weighted_loss: 0.0011, label: 1, bag_size: 2644
batch 779, loss: 0.0009, instance_loss: 0.0000, weighted_loss: 0.0006, label: 0, bag_size: 8770
batch 799, loss: 0.0000, instance_loss: 0.0000, weighted_loss: 0.0000, label: 0, bag_size: 6374
batch 819, loss: 0.0000, instance_loss: 0.0000, weighted_loss: 0.0000, label: 0, bag_size: 2868
batch 839, loss: 0.0000, instance_loss: 0.0000, weighted_loss: 0.0000, label: 0, bag_size: 5542


class 0 clustering acc 1.0: correct 6744/6744
class 1 clustering acc 1.0: correct 6744/6744
Epoch: 12, train_loss: 0.0498, train_clustering_loss:  0.0003, train_error: 0.0154
class 0: acc 0.9807692307692307, correct 408/416
class 1: acc 0.9882903981264637, correct 422/427

Val Set, val_loss: 0.3519, val_error: 0.0681, auc: 0.5924
class 0 clustering acc 1.0: correct 1880/1880
class 1 clustering acc 1.0: correct 1880/1880
class 0: acc 0.9563318777292577, correct 219/229
class 1: acc 0.0, correct 0/6
EarlyStopping counter: 8 out of 10


batch 19, loss: 0.0007, instance_loss: 0.0000, weighted_loss: 0.0005, label: 1, bag_size: 14414
batch 39, loss: 0.0004, instance_loss: 0.0000, weighted_loss: 0.0003, label: 0, bag_size: 10553
batch 59, loss: 0.0435, instance_loss: 0.0000, weighted_loss: 0.0305, label: 1, bag_size: 10371
batch 79, loss: 0.2091, instance_loss: 0.0000, weighted_loss: 0.1464, label: 0, bag_size: 4633
batch 99, loss: 0.0006, instance_loss: 0.0000, weighted_loss: 0.0004, label: 1, bag_size: 14763
batch 119, loss: 0.0000, instance_loss: 0.0000, weighted_loss: 0.0000, label: 0, bag_size: 20517
batch 139, loss: 0.0000, instance_loss: 0.0000, weighted_loss: 0.0000, label: 0, bag_size: 13958
batch 159, loss: 0.0002, instance_loss: 0.0000, weighted_loss: 0.0002, label: 1, bag_size: 5906
batch 179, loss: 0.0003, instance_loss: 0.0000, weighted_loss: 0.0002, label: 1, bag_size: 13571
batch 199, loss: 0.0005, instance_loss: 0.0000, weighted_loss: 0.0003, label: 0, bag_size: 6611
batch 219, loss: 0.0000, instance_loss: 0.0000, weighted_loss: 0.0000, label: 0, bag_size: 1181
batch 239, loss: 0.0029, instance_loss: 0.0000, weighted_loss: 0.0021, label: 0, bag_size: 6611
batch 259, loss: 0.0018, instance_loss: 0.0000, weighted_loss: 0.0012, label: 1, bag_size: 4276
batch 279, loss: 0.0000, instance_loss: 0.0000, weighted_loss: 0.0000, label: 0, bag_size: 9314
batch 299, loss: 0.0016, instance_loss: 0.0000, weighted_loss: 0.0011, label: 1, bag_size: 7733
batch 319, loss: 0.0005, instance_loss: 0.0059, weighted_loss: 0.0021, label: 0, bag_size: 949
batch 339, loss: 0.0000, instance_loss: 0.0000, weighted_loss: 0.0000, label: 0, bag_size: 11240
batch 359, loss: 0.0000, instance_loss: 0.0000, weighted_loss: 0.0000, label: 1, bag_size: 2671
batch 379, loss: 0.0010, instance_loss: 0.0000, weighted_loss: 0.0007, label: 1, bag_size: 5906
batch 399, loss: 0.0000, instance_loss: 0.0000, weighted_loss: 0.0000, label: 0, bag_size: 6019
batch 419, loss: 0.0000, instance_loss: 0.0005, weighted_loss: 0.0002, label: 0, bag_size: 1317
batch 439, loss: 0.0001, instance_loss: 0.0000, weighted_loss: 0.0000, label: 0, bag_size: 1860
batch 459, loss: 0.0001, instance_loss: 0.0000, weighted_loss: 0.0000, label: 1, bag_size: 15079
batch 479, loss: 0.0000, instance_loss: 0.0000, weighted_loss: 0.0000, label: 0, bag_size: 4791
batch 499, loss: 0.4870, instance_loss: 0.0000, weighted_loss: 0.3409, label: 1, bag_size: 22399
batch 519, loss: 0.0117, instance_loss: 0.0000, weighted_loss: 0.0082, label: 1, bag_size: 7879
batch 539, loss: 0.0000, instance_loss: 0.0000, weighted_loss: 0.0000, label: 0, bag_size: 948
batch 559, loss: 0.0078, instance_loss: 0.0000, weighted_loss: 0.0055, label: 1, bag_size: 14318
batch 579, loss: 0.0000, instance_loss: 0.0000, weighted_loss: 0.0000, label: 0, bag_size: 1901
batch 599, loss: 0.0000, instance_loss: 0.0000, weighted_loss: 0.0000, label: 0, bag_size: 4528
batch 619, loss: 0.0001, instance_loss: 0.0012, weighted_loss: 0.0004, label: 1, bag_size: 1140
batch 639, loss: 0.0000, instance_loss: 0.0000, weighted_loss: 0.0000, label: 0, bag_size: 917
batch 659, loss: 0.0002, instance_loss: 0.0000, weighted_loss: 0.0002, label: 0, bag_size: 1744
batch 679, loss: 0.0002, instance_loss: 0.0000, weighted_loss: 0.0001, label: 1, bag_size: 10180
batch 699, loss: 0.0002, instance_loss: 0.0000, weighted_loss: 0.0001, label: 1, bag_size: 6028
batch 719, loss: 0.0010, instance_loss: 0.0000, weighted_loss: 0.0007, label: 1, bag_size: 5956
batch 739, loss: 0.0000, instance_loss: 0.0000, weighted_loss: 0.0000, label: 0, bag_size: 10417
batch 759, loss: 0.0009, instance_loss: 0.0000, weighted_loss: 0.0006, label: 1, bag_size: 9833
batch 779, loss: 0.0000, instance_loss: 0.0000, weighted_loss: 0.0000, label: 0, bag_size: 2698
batch 799, loss: 0.0285, instance_loss: 0.0002, weighted_loss: 0.0200, label: 0, bag_size: 3670
batch 819, loss: 0.0003, instance_loss: 0.0000, weighted_loss: 0.0002, label: 1, bag_size: 7733
batch 839, loss: 0.0016, instance_loss: 0.0000, weighted_loss: 0.0011, label: 1, bag_size: 5082


class 0 clustering acc 1.0: correct 6744/6744
class 1 clustering acc 0.9997034400948992: correct 6742/6744
Epoch: 13, train_loss: 0.0324, train_clustering_loss:  0.0011, train_error: 0.0071
class 0: acc 0.9903147699757869, correct 409/413
class 1: acc 0.9953488372093023, correct 428/430

Val Set, val_loss: 0.3206, val_error: 0.0511, auc: 0.5742
class 0 clustering acc 1.0: correct 1880/1880
class 1 clustering acc 1.0: correct 1880/1880
class 0: acc 0.9694323144104804, correct 222/229
class 1: acc 0.16666666666666666, correct 1/6
EarlyStopping counter: 9 out of 10


batch 19, loss: 0.0002, instance_loss: 0.0004, weighted_loss: 0.0002, label: 0, bag_size: 9768
batch 39, loss: 0.0025, instance_loss: 0.0008, weighted_loss: 0.0020, label: 1, bag_size: 2644
batch 59, loss: 0.0110, instance_loss: 0.0000, weighted_loss: 0.0077, label: 1, bag_size: 16197
batch 79, loss: 0.0003, instance_loss: 0.0000, weighted_loss: 0.0002, label: 0, bag_size: 5268
batch 99, loss: 0.0250, instance_loss: 0.0000, weighted_loss: 0.0175, label: 1, bag_size: 14528
batch 119, loss: 0.0015, instance_loss: 0.0000, weighted_loss: 0.0010, label: 1, bag_size: 4276
batch 139, loss: 0.0000, instance_loss: 0.0000, weighted_loss: 0.0000, label: 0, bag_size: 1404
batch 159, loss: 0.0000, instance_loss: 0.0000, weighted_loss: 0.0000, label: 1, bag_size: 22871
batch 179, loss: 0.0131, instance_loss: 0.0000, weighted_loss: 0.0092, label: 0, bag_size: 2925
batch 199, loss: 0.0008, instance_loss: 0.0004, weighted_loss: 0.0007, label: 1, bag_size: 22042
batch 219, loss: 0.0000, instance_loss: 0.0000, weighted_loss: 0.0000, label: 0, bag_size: 2269
batch 239, loss: 0.0004, instance_loss: 0.0000, weighted_loss: 0.0003, label: 1, bag_size: 4276
batch 259, loss: 0.0122, instance_loss: 0.0000, weighted_loss: 0.0085, label: 0, bag_size: 7924
batch 279, loss: 0.0000, instance_loss: 0.0000, weighted_loss: 0.0000, label: 0, bag_size: 2060
batch 299, loss: 3.4660, instance_loss: 0.0000, weighted_loss: 2.4262, label: 1, bag_size: 18621
batch 319, loss: 0.0087, instance_loss: 0.0000, weighted_loss: 0.0061, label: 0, bag_size: 11682
batch 339, loss: 0.0005, instance_loss: 0.0000, weighted_loss: 0.0004, label: 1, bag_size: 5082
batch 359, loss: 0.1382, instance_loss: 0.0000, weighted_loss: 0.0968, label: 0, bag_size: 17549
batch 379, loss: 0.0001, instance_loss: 0.0000, weighted_loss: 0.0000, label: 0, bag_size: 9973
batch 399, loss: 0.0010, instance_loss: 0.0000, weighted_loss: 0.0007, label: 1, bag_size: 22042
batch 419, loss: 0.0000, instance_loss: 0.0000, weighted_loss: 0.0000, label: 0, bag_size: 4528
batch 439, loss: 0.0387, instance_loss: 0.0000, weighted_loss: 0.0271, label: 1, bag_size: 4365
batch 459, loss: 0.0003, instance_loss: 0.0000, weighted_loss: 0.0002, label: 1, bag_size: 15079
batch 479, loss: 0.0007, instance_loss: 0.0000, weighted_loss: 0.0005, label: 0, bag_size: 6907
batch 499, loss: 0.0745, instance_loss: 0.0000, weighted_loss: 0.0522, label: 1, bag_size: 4365
batch 519, loss: 0.0001, instance_loss: 0.0000, weighted_loss: 0.0001, label: 0, bag_size: 3946
batch 539, loss: 0.0000, instance_loss: 0.0000, weighted_loss: 0.0000, label: 0, bag_size: 2864
batch 559, loss: 0.0007, instance_loss: 0.0065, weighted_loss: 0.0024, label: 0, bag_size: 2375
batch 579, loss: 0.0000, instance_loss: 0.0000, weighted_loss: 0.0000, label: 0, bag_size: 5542
batch 599, loss: 0.0008, instance_loss: 0.0000, weighted_loss: 0.0006, label: 1, bag_size: 9833
batch 619, loss: 0.0117, instance_loss: 0.0000, weighted_loss: 0.0082, label: 1, bag_size: 5956
batch 639, loss: 0.0000, instance_loss: 0.0000, weighted_loss: 0.0000, label: 0, bag_size: 2573
batch 659, loss: 0.0007, instance_loss: 0.0000, weighted_loss: 0.0005, label: 0, bag_size: 12141
batch 679, loss: 0.0000, instance_loss: 0.0000, weighted_loss: 0.0000, label: 0, bag_size: 2957
batch 699, loss: 0.0000, instance_loss: 0.0000, weighted_loss: 0.0000, label: 0, bag_size: 13922
batch 719, loss: 0.0001, instance_loss: 0.0000, weighted_loss: 0.0000, label: 1, bag_size: 14763
batch 739, loss: 0.0000, instance_loss: 0.0000, weighted_loss: 0.0000, label: 1, bag_size: 3628
batch 759, loss: 0.0000, instance_loss: 0.0006, weighted_loss: 0.0002, label: 0, bag_size: 11240
batch 779, loss: 0.0013, instance_loss: 0.0000, weighted_loss: 0.0009, label: 0, bag_size: 14291
batch 799, loss: 0.0001, instance_loss: 0.0003, weighted_loss: 0.0001, label: 1, bag_size: 8663
batch 819, loss: 0.0002, instance_loss: 0.0000, weighted_loss: 0.0001, label: 1, bag_size: 4760
batch 839, loss: 0.0001, instance_loss: 0.0000, weighted_loss: 0.0001, label: 0, bag_size: 9768


class 0 clustering acc 1.0: correct 6744/6744
class 1 clustering acc 1.0: correct 6744/6744
Epoch: 14, train_loss: 0.0223, train_clustering_loss:  0.0005, train_error: 0.0071
class 0: acc 0.993103448275862, correct 432/435
class 1: acc 0.9926470588235294, correct 405/408

Val Set, val_loss: 0.3844, val_error: 0.0723, auc: 0.5378
class 0 clustering acc 1.0: correct 1880/1880
class 1 clustering acc 1.0: correct 1880/1880
class 0: acc 0.9475982532751092, correct 217/229
class 1: acc 0.16666666666666666, correct 1/6
EarlyStopping counter: 10 out of 10
Early stopping
Val error: 0.0979, ROC AUC: 0.7220
CV validation error: 0.0979, ROC AUC: 0.7220
class 0: acc 0.925764192139738, correct 212/229
class 1: acc 0.0, correct 0/6
Future event metrics: {"fold": 2, "events": 95, "positive_events": 4, "event_average_precision": 0.07678888161344302, "event_roc_auc": 0.6126373626373627, "event_brier": 0.06358930007370539, "aggregation": "mean probability across all included stains/slides of same patient/anchor date", "exploratory_cv_not_independent_final_test": true}

Training Fold 3!

Init train/val/test splits... 
Done!
Training on 856 samples
Validating on 222 samples
Testing on 0 samples

Init loss function... Done!

Init Model... Setting tau to 1.0
Done!
CLAM_SB(
  (attention_net): Sequential(
    (0): Linear(in_features=1536, out_features=512, bias=True)
    (1): ReLU()
    (2): Dropout(p=0.25, inplace=False)
    (3): Attn_Net_Gated(
      (attention_a): Sequential(
        (0): Linear(in_features=512, out_features=256, bias=True)
        (1): Tanh()
        (2): Dropout(p=0.25, inplace=False)
      )
      (attention_b): Sequential(
        (0): Linear(in_features=512, out_features=256, bias=True)
        (1): Sigmoid()
        (2): Dropout(p=0.25, inplace=False)
      )
      (attention_c): Linear(in_features=256, out_features=1, bias=True)
    )
  )
  (classifiers): Linear(in_features=512, out_features=2, bias=True)
  (instance_classifiers): ModuleList(
    (0-1): 2 x Linear(in_features=512, out_features=2, bias=True)
  )
  (instance_loss_fn): SmoothTop1SVM()
)
Total number of parameters: 1052935
Total number of trainable parameters: 1052935

Init optimizer ... Done!

Init Loaders... Done!

Setup EarlyStopping... Done!


batch 19, loss: 0.5289, instance_loss: 0.4688, weighted_loss: 0.5108, label: 0, bag_size: 25603
batch 39, loss: 0.2585, instance_loss: 4.8262, weighted_loss: 1.6288, label: 1, bag_size: 22871
batch 59, loss: 1.7013, instance_loss: 3.1907, weighted_loss: 2.1481, label: 0, bag_size: 13944
batch 79, loss: 0.8138, instance_loss: 1.0095, weighted_loss: 0.8725, label: 0, bag_size: 2830
batch 99, loss: 0.5211, instance_loss: 0.5558, weighted_loss: 0.5315, label: 0, bag_size: 5706
batch 119, loss: 0.7839, instance_loss: 1.9547, weighted_loss: 1.1351, label: 1, bag_size: 5906
batch 139, loss: 0.7051, instance_loss: 0.7033, weighted_loss: 0.7046, label: 0, bag_size: 4808
batch 159, loss: 0.7059, instance_loss: 1.6410, weighted_loss: 0.9864, label: 0, bag_size: 11672
batch 179, loss: 0.7481, instance_loss: 0.1573, weighted_loss: 0.5708, label: 0, bag_size: 6714
batch 199, loss: 0.9051, instance_loss: 0.3824, weighted_loss: 0.7483, label: 0, bag_size: 1908
batch 219, loss: 0.1067, instance_loss: 0.1620, weighted_loss: 0.1233, label: 0, bag_size: 21267
batch 239, loss: 0.5672, instance_loss: 0.2991, weighted_loss: 0.4868, label: 0, bag_size: 4577
batch 259, loss: 0.5027, instance_loss: 0.1399, weighted_loss: 0.3939, label: 0, bag_size: 6434
batch 279, loss: 1.1218, instance_loss: 0.2030, weighted_loss: 0.8462, label: 1, bag_size: 3024
batch 299, loss: 0.1003, instance_loss: 0.0780, weighted_loss: 0.0936, label: 1, bag_size: 21609
batch 319, loss: 0.9428, instance_loss: 0.0513, weighted_loss: 0.6754, label: 0, bag_size: 5995
batch 339, loss: 0.6517, instance_loss: 0.0570, weighted_loss: 0.4733, label: 0, bag_size: 1910
batch 359, loss: 0.4667, instance_loss: 0.0370, weighted_loss: 0.3378, label: 0, bag_size: 5006
batch 379, loss: 0.2098, instance_loss: 0.0751, weighted_loss: 0.1694, label: 0, bag_size: 79563
batch 399, loss: 0.0813, instance_loss: 0.0271, weighted_loss: 0.0651, label: 1, bag_size: 6344
batch 419, loss: 0.1560, instance_loss: 0.0130, weighted_loss: 0.1131, label: 1, bag_size: 22871
batch 439, loss: 0.1108, instance_loss: 0.0189, weighted_loss: 0.0833, label: 0, bag_size: 1732
batch 459, loss: 0.7695, instance_loss: 0.0313, weighted_loss: 0.5480, label: 0, bag_size: 2553
batch 479, loss: 0.6505, instance_loss: 0.0093, weighted_loss: 0.4582, label: 1, bag_size: 7879
batch 499, loss: 1.6567, instance_loss: 0.0714, weighted_loss: 1.1811, label: 1, bag_size: 3024
batch 519, loss: 0.2910, instance_loss: 0.0192, weighted_loss: 0.2094, label: 1, bag_size: 4563
batch 539, loss: 0.6394, instance_loss: 0.0397, weighted_loss: 0.4595, label: 0, bag_size: 13054
batch 559, loss: 2.6899, instance_loss: 0.0145, weighted_loss: 1.8873, label: 1, bag_size: 22399
batch 579, loss: 0.4725, instance_loss: 0.0288, weighted_loss: 0.3394, label: 0, bag_size: 3840
batch 599, loss: 0.6157, instance_loss: 0.0125, weighted_loss: 0.4347, label: 1, bag_size: 6812
batch 619, loss: 0.5995, instance_loss: 0.0101, weighted_loss: 0.4227, label: 1, bag_size: 4492
batch 639, loss: 0.8109, instance_loss: 0.0053, weighted_loss: 0.5692, label: 0, bag_size: 6312
batch 659, loss: 0.9564, instance_loss: 0.0064, weighted_loss: 0.6714, label: 0, bag_size: 17986
batch 679, loss: 0.1132, instance_loss: 0.0057, weighted_loss: 0.0810, label: 0, bag_size: 19237
batch 699, loss: 0.8327, instance_loss: 0.0096, weighted_loss: 0.5858, label: 1, bag_size: 22624
batch 719, loss: 0.8207, instance_loss: 0.0019, weighted_loss: 0.5750, label: 1, bag_size: 7879
batch 739, loss: 1.0306, instance_loss: 0.0084, weighted_loss: 0.7239, label: 1, bag_size: 9833
batch 759, loss: 0.0901, instance_loss: 0.0041, weighted_loss: 0.0643, label: 1, bag_size: 22871
batch 779, loss: 0.3466, instance_loss: 0.0076, weighted_loss: 0.2449, label: 1, bag_size: 4563
batch 799, loss: 0.4265, instance_loss: 0.0047, weighted_loss: 0.3000, label: 1, bag_size: 5828
batch 819, loss: 0.0025, instance_loss: 0.0019, weighted_loss: 0.0023, label: 0, bag_size: 15803
batch 839, loss: 0.9687, instance_loss: 0.0018, weighted_loss: 0.6787, label: 0, bag_size: 2602


class 0 clustering acc 0.9167640186915887: correct 6278/6848
class 1 clustering acc 0.9392523364485982: correct 6432/6848
Epoch: 0, train_loss: 0.5728, train_clustering_loss:  0.3329, train_error: 0.3143
class 0: acc 0.6864988558352403, correct 300/437
class 1: acc 0.684964200477327, correct 287/419

Val Set, val_loss: 0.5402, val_error: 0.2523, auc: 0.5819
class 0 clustering acc 0.9960585585585585: correct 1769/1776
class 1 clustering acc 1.0: correct 1776/1776
class 0: acc 0.7707317073170732, correct 158/205
class 1: acc 0.47058823529411764, correct 8/17
Validation loss decreased (inf --> 0.540244).  Saving model ...


batch 19, loss: 0.0428, instance_loss: 0.0021, weighted_loss: 0.0306, label: 1, bag_size: 6344
batch 39, loss: 0.0390, instance_loss: 0.0034, weighted_loss: 0.0283, label: 1, bag_size: 6028
batch 59, loss: 0.4605, instance_loss: 0.0089, weighted_loss: 0.3250, label: 1, bag_size: 5828
batch 79, loss: 0.7646, instance_loss: 0.0061, weighted_loss: 0.5370, label: 0, bag_size: 6399
batch 99, loss: 0.5278, instance_loss: 0.0264, weighted_loss: 0.3774, label: 0, bag_size: 3725
batch 119, loss: 0.1635, instance_loss: 0.0094, weighted_loss: 0.1172, label: 1, bag_size: 22624
batch 139, loss: 0.4985, instance_loss: 0.0105, weighted_loss: 0.3521, label: 0, bag_size: 5791
batch 159, loss: 0.0469, instance_loss: 0.0230, weighted_loss: 0.0397, label: 0, bag_size: 5195
batch 179, loss: 0.0665, instance_loss: 0.0078, weighted_loss: 0.0489, label: 0, bag_size: 2999
batch 199, loss: 0.5565, instance_loss: 0.0031, weighted_loss: 0.3905, label: 0, bag_size: 6050
batch 219, loss: 0.0676, instance_loss: 0.0037, weighted_loss: 0.0484, label: 0, bag_size: 25328
batch 239, loss: 0.2626, instance_loss: 0.0006, weighted_loss: 0.1840, label: 1, bag_size: 4516
batch 259, loss: 0.1383, instance_loss: 0.0027, weighted_loss: 0.0976, label: 0, bag_size: 12513
batch 279, loss: 0.2379, instance_loss: 0.0136, weighted_loss: 0.1706, label: 0, bag_size: 4591
batch 299, loss: 0.0352, instance_loss: 0.0012, weighted_loss: 0.0250, label: 0, bag_size: 9856
batch 319, loss: 0.0924, instance_loss: 0.0054, weighted_loss: 0.0663, label: 0, bag_size: 2375
batch 339, loss: 0.2711, instance_loss: 0.0076, weighted_loss: 0.1921, label: 1, bag_size: 22399
batch 359, loss: 0.4629, instance_loss: 0.0046, weighted_loss: 0.3254, label: 1, bag_size: 22624
batch 379, loss: 0.0007, instance_loss: 0.0002, weighted_loss: 0.0005, label: 0, bag_size: 14454
batch 399, loss: 0.1091, instance_loss: 0.0018, weighted_loss: 0.0769, label: 1, bag_size: 12989
batch 419, loss: 0.0318, instance_loss: 0.0209, weighted_loss: 0.0285, label: 0, bag_size: 7720
batch 439, loss: 0.0449, instance_loss: 0.0032, weighted_loss: 0.0324, label: 0, bag_size: 2089
batch 459, loss: 0.4149, instance_loss: 0.0204, weighted_loss: 0.2965, label: 1, bag_size: 4492
batch 479, loss: 0.5563, instance_loss: 0.0320, weighted_loss: 0.3990, label: 0, bag_size: 3346
batch 499, loss: 0.0391, instance_loss: 0.0000, weighted_loss: 0.0274, label: 1, bag_size: 5082
batch 519, loss: 0.0099, instance_loss: 0.0021, weighted_loss: 0.0076, label: 1, bag_size: 5137
batch 539, loss: 0.0482, instance_loss: 0.0031, weighted_loss: 0.0346, label: 1, bag_size: 6028
batch 559, loss: 0.5774, instance_loss: 0.0262, weighted_loss: 0.4121, label: 1, bag_size: 3024
batch 579, loss: 0.5419, instance_loss: 0.0020, weighted_loss: 0.3799, label: 1, bag_size: 8663
batch 599, loss: 0.0355, instance_loss: 0.0379, weighted_loss: 0.0362, label: 1, bag_size: 12989
batch 619, loss: 0.0046, instance_loss: 0.0064, weighted_loss: 0.0052, label: 0, bag_size: 3878
batch 639, loss: 0.0218, instance_loss: 0.0020, weighted_loss: 0.0159, label: 1, bag_size: 6028
batch 659, loss: 0.0003, instance_loss: 0.0587, weighted_loss: 0.0178, label: 0, bag_size: 15253
batch 679, loss: 0.0534, instance_loss: 0.0241, weighted_loss: 0.0446, label: 1, bag_size: 22624
batch 699, loss: 0.0104, instance_loss: 0.0506, weighted_loss: 0.0224, label: 1, bag_size: 22042
batch 719, loss: 0.0118, instance_loss: 0.0179, weighted_loss: 0.0137, label: 1, bag_size: 6028
batch 739, loss: 0.2741, instance_loss: 0.0854, weighted_loss: 0.2175, label: 0, bag_size: 4226
batch 759, loss: 1.1825, instance_loss: 0.0002, weighted_loss: 0.8278, label: 0, bag_size: 13922
batch 779, loss: 0.4483, instance_loss: 0.0204, weighted_loss: 0.3199, label: 0, bag_size: 2957
batch 799, loss: 0.1203, instance_loss: 0.0004, weighted_loss: 0.0843, label: 1, bag_size: 8663
batch 819, loss: 5.1489, instance_loss: 0.0049, weighted_loss: 3.6057, label: 0, bag_size: 20621
batch 839, loss: 0.0208, instance_loss: 0.0053, weighted_loss: 0.0162, label: 0, bag_size: 17677


class 0 clustering acc 0.9910922897196262: correct 6787/6848
class 1 clustering acc 0.9981016355140186: correct 6835/6848
Epoch: 1, train_loss: 0.3267, train_clustering_loss:  0.0325, train_error: 0.1484
class 0: acc 0.8344671201814059, correct 368/441
class 1: acc 0.8698795180722891, correct 361/415

Val Set, val_loss: 0.6854, val_error: 0.2748, auc: 0.5294
class 0 clustering acc 1.0: correct 1776/1776
class 1 clustering acc 1.0: correct 1776/1776
class 0: acc 0.7609756097560976, correct 156/205
class 1: acc 0.29411764705882354, correct 5/17
EarlyStopping counter: 1 out of 10


batch 19, loss: 0.1924, instance_loss: 0.0024, weighted_loss: 0.1354, label: 0, bag_size: 15693
batch 39, loss: 0.0590, instance_loss: 0.0064, weighted_loss: 0.0433, label: 1, bag_size: 4492
batch 59, loss: 0.4947, instance_loss: 0.0006, weighted_loss: 0.3465, label: 0, bag_size: 14464
batch 79, loss: 0.0016, instance_loss: 0.0569, weighted_loss: 0.0182, label: 0, bag_size: 17692
batch 99, loss: 0.0187, instance_loss: 0.0036, weighted_loss: 0.0141, label: 1, bag_size: 22042
batch 119, loss: 0.0191, instance_loss: 0.0006, weighted_loss: 0.0135, label: 1, bag_size: 9833
batch 139, loss: 0.0116, instance_loss: 0.0043, weighted_loss: 0.0095, label: 1, bag_size: 21609
batch 159, loss: 1.1942, instance_loss: 0.0007, weighted_loss: 0.8362, label: 0, bag_size: 17986
batch 179, loss: 0.0110, instance_loss: 0.0104, weighted_loss: 0.0108, label: 1, bag_size: 12989
batch 199, loss: 0.0050, instance_loss: 0.0004, weighted_loss: 0.0036, label: 0, bag_size: 5224
batch 219, loss: 0.0049, instance_loss: 0.0136, weighted_loss: 0.0075, label: 1, bag_size: 12989
batch 239, loss: 0.0214, instance_loss: 0.0000, weighted_loss: 0.0150, label: 1, bag_size: 10371
batch 259, loss: 0.0083, instance_loss: 0.0006, weighted_loss: 0.0060, label: 1, bag_size: 9833
batch 279, loss: 0.0123, instance_loss: 0.0047, weighted_loss: 0.0100, label: 1, bag_size: 22871
batch 299, loss: 0.0027, instance_loss: 0.0005, weighted_loss: 0.0020, label: 0, bag_size: 3380
batch 319, loss: 0.4368, instance_loss: 0.0000, weighted_loss: 0.3058, label: 0, bag_size: 8728
batch 339, loss: 0.0375, instance_loss: 0.0013, weighted_loss: 0.0266, label: 0, bag_size: 9888
batch 359, loss: 0.0108, instance_loss: 0.0057, weighted_loss: 0.0093, label: 1, bag_size: 3024
batch 379, loss: 0.0005, instance_loss: 0.0005, weighted_loss: 0.0005, label: 0, bag_size: 2820
batch 399, loss: 0.0014, instance_loss: 0.0066, weighted_loss: 0.0029, label: 0, bag_size: 6240
batch 419, loss: 0.0129, instance_loss: 0.0002, weighted_loss: 0.0091, label: 1, bag_size: 7879
batch 439, loss: 0.0045, instance_loss: 0.0021, weighted_loss: 0.0038, label: 0, bag_size: 4012
batch 459, loss: 0.0131, instance_loss: 0.0011, weighted_loss: 0.0095, label: 1, bag_size: 21609
batch 479, loss: 0.2016, instance_loss: 0.0000, weighted_loss: 0.1411, label: 1, bag_size: 4276
batch 499, loss: 0.0736, instance_loss: 0.0009, weighted_loss: 0.0518, label: 1, bag_size: 8663
batch 519, loss: 0.2315, instance_loss: 0.0027, weighted_loss: 0.1629, label: 1, bag_size: 10371
batch 539, loss: 0.0980, instance_loss: 0.0005, weighted_loss: 0.0688, label: 1, bag_size: 2853
batch 559, loss: 0.0078, instance_loss: 0.0014, weighted_loss: 0.0059, label: 1, bag_size: 6023
batch 579, loss: 0.0017, instance_loss: 0.1067, weighted_loss: 0.0332, label: 0, bag_size: 16076
batch 599, loss: 0.0163, instance_loss: 0.0260, weighted_loss: 0.0192, label: 0, bag_size: 1561
batch 619, loss: 0.0031, instance_loss: 0.0028, weighted_loss: 0.0030, label: 1, bag_size: 6344
batch 639, loss: 0.0075, instance_loss: 0.0010, weighted_loss: 0.0055, label: 1, bag_size: 6812
batch 659, loss: 0.0000, instance_loss: 0.0011, weighted_loss: 0.0003, label: 0, bag_size: 21253
batch 679, loss: 0.0007, instance_loss: 0.0069, weighted_loss: 0.0026, label: 0, bag_size: 2674
batch 699, loss: 0.0084, instance_loss: 0.0000, weighted_loss: 0.0059, label: 1, bag_size: 5082
batch 719, loss: 0.0035, instance_loss: 0.0078, weighted_loss: 0.0048, label: 1, bag_size: 22399
batch 739, loss: 0.0084, instance_loss: 0.0000, weighted_loss: 0.0059, label: 0, bag_size: 2703
batch 759, loss: 0.0001, instance_loss: 0.0252, weighted_loss: 0.0076, label: 0, bag_size: 79563
batch 779, loss: 0.0011, instance_loss: 0.0000, weighted_loss: 0.0008, label: 0, bag_size: 6101
batch 799, loss: 0.0035, instance_loss: 0.0035, weighted_loss: 0.0035, label: 1, bag_size: 6344
batch 819, loss: 0.6591, instance_loss: 0.0004, weighted_loss: 0.4615, label: 0, bag_size: 20467
batch 839, loss: 0.0053, instance_loss: 0.0005, weighted_loss: 0.0039, label: 1, bag_size: 21952


class 0 clustering acc 0.9989778037383178: correct 6841/6848
class 1 clustering acc 0.9970794392523364: correct 6828/6848
Epoch: 2, train_loss: 0.0790, train_clustering_loss:  0.0143, train_error: 0.0269
class 0: acc 0.9574468085106383, correct 405/423
class 1: acc 0.9884526558891455, correct 428/433

Val Set, val_loss: 0.8217, val_error: 0.1036, auc: 0.4178
class 0 clustering acc 1.0: correct 1776/1776
class 1 clustering acc 1.0: correct 1776/1776
class 0: acc 0.9707317073170731, correct 199/205
class 1: acc 0.0, correct 0/17
EarlyStopping counter: 2 out of 10


batch 19, loss: 0.0321, instance_loss: 0.0000, weighted_loss: 0.0225, label: 1, bag_size: 7879
batch 39, loss: 0.0015, instance_loss: 0.0029, weighted_loss: 0.0019, label: 1, bag_size: 4492
batch 59, loss: 0.0000, instance_loss: 0.0081, weighted_loss: 0.0025, label: 0, bag_size: 4471
batch 79, loss: 0.0114, instance_loss: 0.0038, weighted_loss: 0.0091, label: 1, bag_size: 8663
batch 99, loss: 0.0001, instance_loss: 0.0000, weighted_loss: 0.0001, label: 1, bag_size: 5082
batch 119, loss: 0.0012, instance_loss: 0.0002, weighted_loss: 0.0009, label: 1, bag_size: 5906
batch 139, loss: 0.0003, instance_loss: 0.0004, weighted_loss: 0.0004, label: 1, bag_size: 12989
batch 159, loss: 1.3642, instance_loss: 0.0000, weighted_loss: 0.9549, label: 0, bag_size: 3665
batch 179, loss: 0.0008, instance_loss: 0.0000, weighted_loss: 0.0006, label: 0, bag_size: 9456
batch 199, loss: 0.0167, instance_loss: 0.0040, weighted_loss: 0.0129, label: 1, bag_size: 22399
batch 219, loss: 0.0575, instance_loss: 0.0000, weighted_loss: 0.0402, label: 1, bag_size: 10371
batch 239, loss: 0.0034, instance_loss: 0.0000, weighted_loss: 0.0024, label: 0, bag_size: 8178
batch 259, loss: 0.0000, instance_loss: 0.0000, weighted_loss: 0.0000, label: 0, bag_size: 4623
batch 279, loss: 0.0002, instance_loss: 0.0000, weighted_loss: 0.0001, label: 0, bag_size: 4615
batch 299, loss: 1.9963, instance_loss: 0.0002, weighted_loss: 1.3975, label: 1, bag_size: 4760
batch 319, loss: 0.4077, instance_loss: 0.0000, weighted_loss: 0.2854, label: 0, bag_size: 5098
batch 339, loss: 0.0010, instance_loss: 0.0019, weighted_loss: 0.0013, label: 0, bag_size: 2302
batch 359, loss: 0.0700, instance_loss: 0.0006, weighted_loss: 0.0492, label: 1, bag_size: 6023
batch 379, loss: 0.0075, instance_loss: 0.0000, weighted_loss: 0.0052, label: 1, bag_size: 4276
batch 399, loss: 0.0069, instance_loss: 0.0014, weighted_loss: 0.0052, label: 1, bag_size: 21609
batch 419, loss: 0.0006, instance_loss: 0.0000, weighted_loss: 0.0005, label: 1, bag_size: 5137
batch 439, loss: 0.0017, instance_loss: 0.0050, weighted_loss: 0.0026, label: 1, bag_size: 12989
batch 459, loss: 0.0244, instance_loss: 0.0000, weighted_loss: 0.0171, label: 1, bag_size: 10180
batch 479, loss: 0.0234, instance_loss: 0.0974, weighted_loss: 0.0456, label: 0, bag_size: 1620
batch 499, loss: 0.0151, instance_loss: 0.0014, weighted_loss: 0.0109, label: 1, bag_size: 5956
batch 519, loss: 0.0085, instance_loss: 0.0009, weighted_loss: 0.0062, label: 1, bag_size: 5956
batch 539, loss: 0.0020, instance_loss: 0.0009, weighted_loss: 0.0017, label: 1, bag_size: 4760
batch 559, loss: 0.0007, instance_loss: 0.0019, weighted_loss: 0.0011, label: 1, bag_size: 3024
batch 579, loss: 0.0318, instance_loss: 0.0009, weighted_loss: 0.0225, label: 0, bag_size: 23909
batch 599, loss: 0.0007, instance_loss: 0.0000, weighted_loss: 0.0005, label: 0, bag_size: 6101
batch 619, loss: 0.0004, instance_loss: 0.0000, weighted_loss: 0.0003, label: 0, bag_size: 6019
batch 639, loss: 0.0000, instance_loss: 0.0000, weighted_loss: 0.0000, label: 0, bag_size: 2009
batch 659, loss: 0.0000, instance_loss: 0.0000, weighted_loss: 0.0000, label: 0, bag_size: 14855
batch 679, loss: 0.0000, instance_loss: 0.0000, weighted_loss: 0.0000, label: 0, bag_size: 13991
batch 699, loss: 0.0010, instance_loss: 0.0000, weighted_loss: 0.0007, label: 0, bag_size: 5677
batch 719, loss: 0.0040, instance_loss: 0.0061, weighted_loss: 0.0047, label: 1, bag_size: 4563
batch 739, loss: 1.4928, instance_loss: 0.0000, weighted_loss: 1.0449, label: 1, bag_size: 10180
batch 759, loss: 0.0038, instance_loss: 0.0095, weighted_loss: 0.0055, label: 0, bag_size: 1863
batch 779, loss: 0.0000, instance_loss: 0.0002, weighted_loss: 0.0001, label: 0, bag_size: 5128
batch 799, loss: 0.1371, instance_loss: 0.0007, weighted_loss: 0.0962, label: 0, bag_size: 17549
batch 819, loss: 0.0011, instance_loss: 0.0000, weighted_loss: 0.0008, label: 0, bag_size: 2315
batch 839, loss: 0.0013, instance_loss: 0.0000, weighted_loss: 0.0009, label: 1, bag_size: 2637


class 0 clustering acc 0.9997079439252337: correct 6846/6848
class 1 clustering acc 0.999123831775701: correct 6842/6848
Epoch: 3, train_loss: 0.0723, train_clustering_loss:  0.0056, train_error: 0.0210
class 0: acc 0.9752808988764045, correct 434/445
class 1: acc 0.9829683698296837, correct 404/411

Val Set, val_loss: 0.7396, val_error: 0.1036, auc: 0.4023
class 0 clustering acc 1.0: correct 1776/1776
class 1 clustering acc 1.0: correct 1776/1776
class 0: acc 0.9658536585365853, correct 198/205
class 1: acc 0.058823529411764705, correct 1/17
EarlyStopping counter: 3 out of 10


batch 19, loss: 0.0000, instance_loss: 0.0018, weighted_loss: 0.0005, label: 0, bag_size: 3969
batch 39, loss: 0.0001, instance_loss: 0.0000, weighted_loss: 0.0001, label: 0, bag_size: 3666
batch 59, loss: 0.0013, instance_loss: 0.1614, weighted_loss: 0.0493, label: 1, bag_size: 3411
batch 79, loss: 0.0026, instance_loss: 0.0000, weighted_loss: 0.0018, label: 1, bag_size: 4516
batch 99, loss: 0.0036, instance_loss: 0.0054, weighted_loss: 0.0042, label: 0, bag_size: 1863
batch 119, loss: 0.0000, instance_loss: 0.0000, weighted_loss: 0.0000, label: 0, bag_size: 4703
batch 139, loss: 0.0054, instance_loss: 0.0000, weighted_loss: 0.0038, label: 0, bag_size: 1868
batch 159, loss: 0.0000, instance_loss: 0.0003, weighted_loss: 0.0001, label: 0, bag_size: 18947
batch 179, loss: 0.0000, instance_loss: 0.0012, weighted_loss: 0.0004, label: 0, bag_size: 14855
batch 199, loss: 0.0195, instance_loss: 0.0000, weighted_loss: 0.0136, label: 1, bag_size: 9833
batch 219, loss: 0.0022, instance_loss: 0.0000, weighted_loss: 0.0015, label: 0, bag_size: 6678
batch 239, loss: 0.0000, instance_loss: 0.0005, weighted_loss: 0.0001, label: 0, bag_size: 3771
batch 259, loss: 0.0034, instance_loss: 0.0000, weighted_loss: 0.0024, label: 1, bag_size: 10180
batch 279, loss: 0.0182, instance_loss: 0.0027, weighted_loss: 0.0136, label: 1, bag_size: 6028
batch 299, loss: 0.0004, instance_loss: 0.0000, weighted_loss: 0.0003, label: 0, bag_size: 6943
batch 319, loss: 0.0029, instance_loss: 0.0017, weighted_loss: 0.0025, label: 1, bag_size: 22624
batch 339, loss: 0.0353, instance_loss: 0.0005, weighted_loss: 0.0248, label: 1, bag_size: 6812
batch 359, loss: 0.0015, instance_loss: 0.0080, weighted_loss: 0.0034, label: 0, bag_size: 3066
batch 379, loss: 0.0057, instance_loss: 0.0014, weighted_loss: 0.0044, label: 1, bag_size: 6028
batch 399, loss: 0.0000, instance_loss: 0.0035, weighted_loss: 0.0010, label: 0, bag_size: 3771
batch 419, loss: 0.0032, instance_loss: 0.0000, weighted_loss: 0.0022, label: 1, bag_size: 6028
batch 439, loss: 0.0024, instance_loss: 0.0036, weighted_loss: 0.0028, label: 1, bag_size: 6028
batch 459, loss: 0.0002, instance_loss: 0.0000, weighted_loss: 0.0001, label: 1, bag_size: 5137
batch 479, loss: 0.0184, instance_loss: 0.0056, weighted_loss: 0.0145, label: 0, bag_size: 4889
batch 499, loss: 0.0001, instance_loss: 0.0000, weighted_loss: 0.0000, label: 0, bag_size: 20777
batch 519, loss: 0.4340, instance_loss: 0.0000, weighted_loss: 0.3038, label: 0, bag_size: 17448
batch 539, loss: 0.0138, instance_loss: 0.0000, weighted_loss: 0.0096, label: 1, bag_size: 5082
batch 559, loss: 0.0078, instance_loss: 0.0002, weighted_loss: 0.0055, label: 1, bag_size: 9833
batch 579, loss: 0.0000, instance_loss: 0.0000, weighted_loss: 0.0000, label: 0, bag_size: 21084
batch 599, loss: 0.0014, instance_loss: 0.0003, weighted_loss: 0.0011, label: 1, bag_size: 2637
batch 619, loss: 0.0076, instance_loss: 0.0000, weighted_loss: 0.0053, label: 1, bag_size: 4516
batch 639, loss: 0.0001, instance_loss: 0.0000, weighted_loss: 0.0001, label: 0, bag_size: 1517
batch 659, loss: 0.0008, instance_loss: 0.0000, weighted_loss: 0.0005, label: 1, bag_size: 4760
batch 679, loss: 0.0068, instance_loss: 0.0104, weighted_loss: 0.0078, label: 1, bag_size: 5828
batch 699, loss: 0.0088, instance_loss: 0.0002, weighted_loss: 0.0062, label: 1, bag_size: 9833
batch 719, loss: 0.0148, instance_loss: 0.0087, weighted_loss: 0.0130, label: 1, bag_size: 5828
batch 739, loss: 0.0006, instance_loss: 0.0011, weighted_loss: 0.0008, label: 1, bag_size: 4563
batch 759, loss: 0.0841, instance_loss: 0.0004, weighted_loss: 0.0590, label: 1, bag_size: 22624
batch 779, loss: 0.0002, instance_loss: 0.0000, weighted_loss: 0.0001, label: 1, bag_size: 2853
batch 799, loss: 0.0167, instance_loss: 0.0044, weighted_loss: 0.0130, label: 1, bag_size: 12989
batch 819, loss: 0.0095, instance_loss: 0.0017, weighted_loss: 0.0071, label: 1, bag_size: 21609
batch 839, loss: 0.0000, instance_loss: 0.0000, weighted_loss: 0.0000, label: 0, bag_size: 13770


class 0 clustering acc 0.999123831775701: correct 6842/6848
class 1 clustering acc 0.9994158878504673: correct 6844/6848
Epoch: 4, train_loss: 0.0222, train_clustering_loss:  0.0043, train_error: 0.0070
class 0: acc 0.9929411764705882, correct 422/425
class 1: acc 0.9930394431554525, correct 428/431

Val Set, val_loss: 0.6525, val_error: 0.1081, auc: 0.5311
class 0 clustering acc 1.0: correct 1776/1776
class 1 clustering acc 1.0: correct 1776/1776
class 0: acc 0.9609756097560975, correct 197/205
class 1: acc 0.058823529411764705, correct 1/17
EarlyStopping counter: 4 out of 10


batch 19, loss: 0.0006, instance_loss: 0.0003, weighted_loss: 0.0005, label: 0, bag_size: 11847
batch 39, loss: 0.0043, instance_loss: 0.0008, weighted_loss: 0.0032, label: 1, bag_size: 22871
batch 59, loss: 0.0000, instance_loss: 0.0000, weighted_loss: 0.0000, label: 0, bag_size: 3813
batch 79, loss: 0.0000, instance_loss: 0.0009, weighted_loss: 0.0003, label: 0, bag_size: 16717
batch 99, loss: 0.0024, instance_loss: 0.0012, weighted_loss: 0.0020, label: 1, bag_size: 5828
batch 119, loss: 0.0052, instance_loss: 0.0002, weighted_loss: 0.0037, label: 1, bag_size: 22871
batch 139, loss: 0.0000, instance_loss: 0.0000, weighted_loss: 0.0000, label: 0, bag_size: 15577
batch 159, loss: 0.0027, instance_loss: 0.0000, weighted_loss: 0.0019, label: 1, bag_size: 4516
batch 179, loss: 0.0013, instance_loss: 0.0002, weighted_loss: 0.0010, label: 1, bag_size: 6028
batch 199, loss: 0.0001, instance_loss: 0.0039, weighted_loss: 0.0012, label: 0, bag_size: 1358
batch 219, loss: 0.0000, instance_loss: 0.0000, weighted_loss: 0.0000, label: 0, bag_size: 7722
batch 239, loss: 0.0001, instance_loss: 0.0000, weighted_loss: 0.0001, label: 0, bag_size: 13991
batch 259, loss: 0.0000, instance_loss: 0.0002, weighted_loss: 0.0001, label: 0, bag_size: 2870
batch 279, loss: 0.0002, instance_loss: 0.0007, weighted_loss: 0.0003, label: 1, bag_size: 4563
batch 299, loss: 0.0000, instance_loss: 0.0000, weighted_loss: 0.0000, label: 1, bag_size: 5137
batch 319, loss: 0.0002, instance_loss: 0.0000, weighted_loss: 0.0001, label: 1, bag_size: 2637
batch 339, loss: 0.0001, instance_loss: 0.0007, weighted_loss: 0.0003, label: 0, bag_size: 1218
batch 359, loss: 0.0031, instance_loss: 0.0009, weighted_loss: 0.0024, label: 1, bag_size: 21609
batch 379, loss: 0.0131, instance_loss: 0.0018, weighted_loss: 0.0098, label: 1, bag_size: 22399
batch 399, loss: 0.0078, instance_loss: 0.0006, weighted_loss: 0.0056, label: 1, bag_size: 3024
batch 419, loss: 0.0003, instance_loss: 0.0002, weighted_loss: 0.0003, label: 1, bag_size: 8663
batch 439, loss: 0.4622, instance_loss: 0.0046, weighted_loss: 0.3249, label: 0, bag_size: 5262
batch 459, loss: 0.0008, instance_loss: 0.0015, weighted_loss: 0.0010, label: 1, bag_size: 12989
batch 479, loss: 0.2426, instance_loss: 0.0000, weighted_loss: 0.1698, label: 0, bag_size: 14492
batch 499, loss: 0.0065, instance_loss: 0.0026, weighted_loss: 0.0054, label: 1, bag_size: 5956
batch 519, loss: 0.0009, instance_loss: 0.0111, weighted_loss: 0.0039, label: 1, bag_size: 4492
batch 539, loss: 0.0013, instance_loss: 0.0003, weighted_loss: 0.0010, label: 0, bag_size: 2681
batch 559, loss: 0.0384, instance_loss: 0.0006, weighted_loss: 0.0271, label: 0, bag_size: 15923
batch 579, loss: 0.0147, instance_loss: 0.0000, weighted_loss: 0.0103, label: 0, bag_size: 16657
batch 599, loss: 0.0037, instance_loss: 0.0082, weighted_loss: 0.0051, label: 1, bag_size: 5828
batch 619, loss: 0.0049, instance_loss: 0.0046, weighted_loss: 0.0048, label: 1, bag_size: 5828
batch 639, loss: 0.0006, instance_loss: 0.0000, weighted_loss: 0.0004, label: 0, bag_size: 1085
batch 659, loss: 0.0116, instance_loss: 0.0000, weighted_loss: 0.0081, label: 0, bag_size: 11682
batch 679, loss: 0.0000, instance_loss: 0.0000, weighted_loss: 0.0000, label: 0, bag_size: 3727
batch 699, loss: 0.0003, instance_loss: 0.0013, weighted_loss: 0.0006, label: 0, bag_size: 1908
batch 719, loss: 0.0011, instance_loss: 0.0000, weighted_loss: 0.0008, label: 0, bag_size: 10620
batch 739, loss: 0.0002, instance_loss: 0.0000, weighted_loss: 0.0001, label: 0, bag_size: 8719
batch 759, loss: 0.0115, instance_loss: 0.0013, weighted_loss: 0.0084, label: 0, bag_size: 4226
batch 779, loss: 0.0000, instance_loss: 0.0000, weighted_loss: 0.0000, label: 0, bag_size: 6629
batch 799, loss: 0.0008, instance_loss: 0.0116, weighted_loss: 0.0040, label: 0, bag_size: 2830
batch 819, loss: 0.0020, instance_loss: 0.0000, weighted_loss: 0.0014, label: 1, bag_size: 5082
batch 839, loss: 0.0000, instance_loss: 0.0000, weighted_loss: 0.0000, label: 0, bag_size: 3146


class 0 clustering acc 0.999123831775701: correct 6842/6848
class 1 clustering acc 0.9995619158878505: correct 6845/6848
Epoch: 5, train_loss: 0.0616, train_clustering_loss:  0.0036, train_error: 0.0164
class 0: acc 0.9807692307692307, correct 459/468
class 1: acc 0.9871134020618557, correct 383/388

Val Set, val_loss: 0.6231, val_error: 0.0766, auc: 0.6103
class 0 clustering acc 1.0: correct 1776/1776
class 1 clustering acc 1.0: correct 1776/1776
class 0: acc 1.0, correct 205/205
class 1: acc 0.0, correct 0/17
EarlyStopping counter: 5 out of 10


batch 19, loss: 0.0035, instance_loss: 0.0118, weighted_loss: 0.0060, label: 0, bag_size: 2640
batch 39, loss: 0.0476, instance_loss: 0.0005, weighted_loss: 0.0334, label: 0, bag_size: 21194
batch 59, loss: 0.0006, instance_loss: 0.0104, weighted_loss: 0.0036, label: 1, bag_size: 3411
batch 79, loss: 0.0001, instance_loss: 0.0000, weighted_loss: 0.0001, label: 1, bag_size: 2637
batch 99, loss: 0.0003, instance_loss: 0.0005, weighted_loss: 0.0004, label: 1, bag_size: 4760
batch 119, loss: 0.0000, instance_loss: 0.0000, weighted_loss: 0.0000, label: 0, bag_size: 5661
batch 139, loss: 0.0011, instance_loss: 0.0035, weighted_loss: 0.0018, label: 0, bag_size: 13054
batch 159, loss: 0.0000, instance_loss: 0.0000, weighted_loss: 0.0000, label: 0, bag_size: 8719
batch 179, loss: 0.0487, instance_loss: 0.0000, weighted_loss: 0.0341, label: 0, bag_size: 14900
batch 199, loss: 0.0000, instance_loss: 0.0005, weighted_loss: 0.0002, label: 1, bag_size: 9833
batch 219, loss: 0.0008, instance_loss: 0.0013, weighted_loss: 0.0009, label: 0, bag_size: 14454
batch 239, loss: 0.0000, instance_loss: 0.0000, weighted_loss: 0.0000, label: 0, bag_size: 1614
batch 259, loss: 0.0046, instance_loss: 0.0000, weighted_loss: 0.0032, label: 1, bag_size: 22399
batch 279, loss: 0.0115, instance_loss: 0.0020, weighted_loss: 0.0087, label: 1, bag_size: 5828
batch 299, loss: 0.0003, instance_loss: 0.0000, weighted_loss: 0.0002, label: 0, bag_size: 3715
batch 319, loss: 0.0010, instance_loss: 0.0003, weighted_loss: 0.0008, label: 0, bag_size: 3115
batch 339, loss: 0.0000, instance_loss: 0.0000, weighted_loss: 0.0000, label: 0, bag_size: 14684
batch 359, loss: 0.0308, instance_loss: 0.0002, weighted_loss: 0.0216, label: 0, bag_size: 17540
batch 379, loss: 0.0005, instance_loss: 0.1300, weighted_loss: 0.0394, label: 1, bag_size: 3411
batch 399, loss: 0.0153, instance_loss: 0.0000, weighted_loss: 0.0107, label: 0, bag_size: 3999
batch 419, loss: 0.0000, instance_loss: 0.0000, weighted_loss: 0.0000, label: 0, bag_size: 2280
batch 439, loss: 0.0009, instance_loss: 0.0018, weighted_loss: 0.0012, label: 0, bag_size: 6312
batch 459, loss: 0.0036, instance_loss: 0.0007, weighted_loss: 0.0028, label: 1, bag_size: 22399
batch 479, loss: 0.1404, instance_loss: 0.0000, weighted_loss: 0.0983, label: 1, bag_size: 22042
batch 499, loss: 0.0055, instance_loss: 0.0039, weighted_loss: 0.0050, label: 1, bag_size: 5828
batch 519, loss: 0.0032, instance_loss: 0.0000, weighted_loss: 0.0022, label: 0, bag_size: 2602
batch 539, loss: 0.0013, instance_loss: 0.0000, weighted_loss: 0.0009, label: 0, bag_size: 14581
batch 559, loss: 0.0006, instance_loss: 0.0000, weighted_loss: 0.0004, label: 1, bag_size: 10371
batch 579, loss: 0.0024, instance_loss: 0.0000, weighted_loss: 0.0017, label: 0, bag_size: 26900
batch 599, loss: 0.0020, instance_loss: 0.0000, weighted_loss: 0.0014, label: 0, bag_size: 14017
batch 619, loss: 0.0001, instance_loss: 0.0009, weighted_loss: 0.0003, label: 1, bag_size: 9833
batch 639, loss: 0.0155, instance_loss: 0.0000, weighted_loss: 0.0109, label: 0, bag_size: 10708
batch 659, loss: 0.0000, instance_loss: 0.0000, weighted_loss: 0.0000, label: 0, bag_size: 7722
batch 679, loss: 0.0007, instance_loss: 0.0016, weighted_loss: 0.0010, label: 1, bag_size: 8663
batch 699, loss: 0.0012, instance_loss: 0.0000, weighted_loss: 0.0008, label: 1, bag_size: 6344
batch 719, loss: 0.0001, instance_loss: 0.0021, weighted_loss: 0.0007, label: 0, bag_size: 1351
batch 739, loss: 0.0036, instance_loss: 0.0004, weighted_loss: 0.0026, label: 0, bag_size: 1801
batch 759, loss: 0.0067, instance_loss: 0.0000, weighted_loss: 0.0047, label: 0, bag_size: 17336
batch 779, loss: 0.0030, instance_loss: 0.0000, weighted_loss: 0.0021, label: 1, bag_size: 22042
batch 799, loss: 0.0006, instance_loss: 0.0015, weighted_loss: 0.0009, label: 0, bag_size: 3346
batch 819, loss: 0.0007, instance_loss: 0.0000, weighted_loss: 0.0005, label: 1, bag_size: 5137
batch 839, loss: 0.0005, instance_loss: 0.0000, weighted_loss: 0.0003, label: 1, bag_size: 10371


class 0 clustering acc 0.9998539719626168: correct 6847/6848
class 1 clustering acc 0.9995619158878505: correct 6845/6848
Epoch: 6, train_loss: 0.0379, train_clustering_loss:  0.0031, train_error: 0.0140
class 0: acc 0.9879518072289156, correct 410/415
class 1: acc 0.9841269841269841, correct 434/441

Val Set, val_loss: 0.5488, val_error: 0.0946, auc: 0.5785
class 0 clustering acc 1.0: correct 1776/1776
class 1 clustering acc 1.0: correct 1776/1776
class 0: acc 0.975609756097561, correct 200/205
class 1: acc 0.058823529411764705, correct 1/17
EarlyStopping counter: 6 out of 10


batch 19, loss: 0.0001, instance_loss: 0.0000, weighted_loss: 0.0001, label: 0, bag_size: 4217
batch 39, loss: 0.0001, instance_loss: 0.0000, weighted_loss: 0.0000, label: 0, bag_size: 20121
batch 59, loss: 0.0021, instance_loss: 0.0000, weighted_loss: 0.0014, label: 1, bag_size: 5956
batch 79, loss: 0.0000, instance_loss: 0.0000, weighted_loss: 0.0000, label: 0, bag_size: 5456
batch 99, loss: 0.0022, instance_loss: 0.0000, weighted_loss: 0.0015, label: 1, bag_size: 12989
batch 119, loss: 0.0008, instance_loss: 0.0000, weighted_loss: 0.0005, label: 0, bag_size: 4012
batch 139, loss: 0.0000, instance_loss: 0.0000, weighted_loss: 0.0000, label: 0, bag_size: 5375
batch 159, loss: 0.0000, instance_loss: 0.0002, weighted_loss: 0.0001, label: 0, bag_size: 15634
batch 179, loss: 0.0000, instance_loss: 0.0000, weighted_loss: 0.0000, label: 0, bag_size: 3859
batch 199, loss: 0.0001, instance_loss: 0.0000, weighted_loss: 0.0001, label: 0, bag_size: 10902
batch 219, loss: 0.0000, instance_loss: 0.0002, weighted_loss: 0.0001, label: 0, bag_size: 3733
batch 239, loss: 0.0000, instance_loss: 0.0002, weighted_loss: 0.0001, label: 0, bag_size: 21084
batch 259, loss: 0.0001, instance_loss: 0.0000, weighted_loss: 0.0001, label: 1, bag_size: 7879
batch 279, loss: 0.0026, instance_loss: 0.0003, weighted_loss: 0.0019, label: 1, bag_size: 22399
batch 299, loss: 0.0004, instance_loss: 0.0005, weighted_loss: 0.0004, label: 0, bag_size: 14900
batch 319, loss: 0.0000, instance_loss: 0.0000, weighted_loss: 0.0000, label: 0, bag_size: 15521
batch 339, loss: 0.0000, instance_loss: 0.0000, weighted_loss: 0.0000, label: 0, bag_size: 16346
batch 359, loss: 0.0000, instance_loss: 0.0002, weighted_loss: 0.0001, label: 0, bag_size: 10176
batch 379, loss: 0.0089, instance_loss: 0.0002, weighted_loss: 0.0063, label: 1, bag_size: 21952
batch 399, loss: 0.0000, instance_loss: 0.0004, weighted_loss: 0.0001, label: 0, bag_size: 3230
batch 419, loss: 0.0008, instance_loss: 0.0000, weighted_loss: 0.0006, label: 0, bag_size: 15821
batch 439, loss: 0.0001, instance_loss: 0.0003, weighted_loss: 0.0001, label: 0, bag_size: 2922
batch 459, loss: 0.0000, instance_loss: 0.0000, weighted_loss: 0.0000, label: 0, bag_size: 4577
batch 479, loss: 0.0033, instance_loss: 0.0009, weighted_loss: 0.0026, label: 1, bag_size: 5082
batch 499, loss: 0.0000, instance_loss: 0.0000, weighted_loss: 0.0000, label: 0, bag_size: 5348
batch 519, loss: 0.0041, instance_loss: 0.0008, weighted_loss: 0.0031, label: 1, bag_size: 22624
batch 539, loss: 0.0016, instance_loss: 0.0007, weighted_loss: 0.0013, label: 1, bag_size: 22399
batch 559, loss: 0.0008, instance_loss: 0.0000, weighted_loss: 0.0006, label: 1, bag_size: 7879
batch 579, loss: 0.0006, instance_loss: 0.0057, weighted_loss: 0.0021, label: 1, bag_size: 3411
batch 599, loss: 0.0000, instance_loss: 0.0000, weighted_loss: 0.0000, label: 1, bag_size: 4276
batch 619, loss: 0.0046, instance_loss: 0.0006, weighted_loss: 0.0034, label: 1, bag_size: 6028
batch 639, loss: 0.0013, instance_loss: 0.0006, weighted_loss: 0.0011, label: 1, bag_size: 22399
batch 659, loss: 0.0000, instance_loss: 0.0085, weighted_loss: 0.0026, label: 0, bag_size: 13564
batch 679, loss: 0.0001, instance_loss: 0.0036, weighted_loss: 0.0012, label: 1, bag_size: 8663
batch 699, loss: 0.0011, instance_loss: 0.0000, weighted_loss: 0.0008, label: 1, bag_size: 10371
batch 719, loss: 0.0003, instance_loss: 0.0000, weighted_loss: 0.0002, label: 1, bag_size: 4276
batch 739, loss: 0.0004, instance_loss: 0.0144, weighted_loss: 0.0046, label: 1, bag_size: 5906
batch 759, loss: 0.0001, instance_loss: 0.0000, weighted_loss: 0.0001, label: 0, bag_size: 4983
batch 779, loss: 0.0001, instance_loss: 0.0000, weighted_loss: 0.0001, label: 0, bag_size: 7001
batch 799, loss: 0.0003, instance_loss: 0.0000, weighted_loss: 0.0002, label: 1, bag_size: 5137
batch 819, loss: 0.0001, instance_loss: 0.0013, weighted_loss: 0.0005, label: 0, bag_size: 5268
batch 839, loss: 0.0004, instance_loss: 0.0010, weighted_loss: 0.0006, label: 1, bag_size: 6812


class 0 clustering acc 0.9997079439252337: correct 6846/6848
class 1 clustering acc 1.0: correct 6848/6848
Epoch: 7, train_loss: 0.0032, train_clustering_loss:  0.0014, train_error: 0.0000
class 0: acc 1.0, correct 445/445
class 1: acc 1.0, correct 411/411

Val Set, val_loss: 0.7164, val_error: 0.0721, auc: 0.5096
class 0 clustering acc 1.0: correct 1776/1776
class 1 clustering acc 1.0: correct 1776/1776
class 0: acc 1.0, correct 205/205
class 1: acc 0.058823529411764705, correct 1/17
EarlyStopping counter: 7 out of 10


batch 19, loss: 0.0026, instance_loss: 0.0000, weighted_loss: 0.0018, label: 0, bag_size: 15060
batch 39, loss: 0.0007, instance_loss: 0.0000, weighted_loss: 0.0005, label: 1, bag_size: 10371
batch 59, loss: 0.0004, instance_loss: 0.0000, weighted_loss: 0.0003, label: 1, bag_size: 10180
batch 79, loss: 0.0014, instance_loss: 0.0002, weighted_loss: 0.0011, label: 1, bag_size: 5956
batch 99, loss: 0.0008, instance_loss: 0.0000, weighted_loss: 0.0006, label: 1, bag_size: 7879
batch 119, loss: 0.0000, instance_loss: 0.0000, weighted_loss: 0.0000, label: 0, bag_size: 11803
batch 139, loss: 0.0001, instance_loss: 0.0017, weighted_loss: 0.0006, label: 1, bag_size: 6812
batch 159, loss: 0.0004, instance_loss: 0.0000, weighted_loss: 0.0003, label: 1, bag_size: 2853
batch 179, loss: 0.0013, instance_loss: 0.0004, weighted_loss: 0.0010, label: 1, bag_size: 6344
batch 199, loss: 0.0008, instance_loss: 0.0004, weighted_loss: 0.0007, label: 0, bag_size: 17048
batch 219, loss: 0.0000, instance_loss: 0.0000, weighted_loss: 0.0000, label: 0, bag_size: 5706
batch 239, loss: 0.0016, instance_loss: 0.0000, weighted_loss: 0.0011, label: 1, bag_size: 4563
batch 259, loss: 0.0000, instance_loss: 0.0002, weighted_loss: 0.0001, label: 0, bag_size: 9318
batch 279, loss: 0.0000, instance_loss: 0.0000, weighted_loss: 0.0000, label: 0, bag_size: 5661
batch 299, loss: 0.0001, instance_loss: 0.0000, weighted_loss: 0.0001, label: 1, bag_size: 2637
batch 319, loss: 0.0000, instance_loss: 0.0011, weighted_loss: 0.0003, label: 0, bag_size: 7261
batch 339, loss: 0.0000, instance_loss: 0.0000, weighted_loss: 0.0000, label: 0, bag_size: 7048
batch 359, loss: 0.0001, instance_loss: 0.0000, weighted_loss: 0.0000, label: 0, bag_size: 10172
batch 379, loss: 0.0001, instance_loss: 0.0000, weighted_loss: 0.0000, label: 0, bag_size: 1879
batch 399, loss: 0.0000, instance_loss: 0.0002, weighted_loss: 0.0001, label: 0, bag_size: 2029
batch 419, loss: 0.0000, instance_loss: 0.0003, weighted_loss: 0.0001, label: 0, bag_size: 3701
batch 439, loss: 0.0005, instance_loss: 0.0002, weighted_loss: 0.0004, label: 1, bag_size: 10180
batch 459, loss: 0.0002, instance_loss: 0.0005, weighted_loss: 0.0003, label: 1, bag_size: 22399
batch 479, loss: 0.0000, instance_loss: 0.0009, weighted_loss: 0.0003, label: 1, bag_size: 2853
batch 499, loss: 0.0001, instance_loss: 0.0006, weighted_loss: 0.0002, label: 1, bag_size: 3024
batch 519, loss: 0.0000, instance_loss: 0.0008, weighted_loss: 0.0003, label: 0, bag_size: 16964
batch 539, loss: 0.0017, instance_loss: 0.0038, weighted_loss: 0.0023, label: 1, bag_size: 6023
batch 559, loss: 0.0000, instance_loss: 0.0000, weighted_loss: 0.0000, label: 0, bag_size: 1456
batch 579, loss: 0.0004, instance_loss: 0.0000, weighted_loss: 0.0003, label: 1, bag_size: 10180
batch 599, loss: 0.0002, instance_loss: 0.0037, weighted_loss: 0.0012, label: 1, bag_size: 12989
batch 619, loss: 0.0000, instance_loss: 0.0000, weighted_loss: 0.0000, label: 1, bag_size: 7879
batch 639, loss: 0.0005, instance_loss: 0.0000, weighted_loss: 0.0004, label: 0, bag_size: 25528
batch 659, loss: 0.0000, instance_loss: 0.0000, weighted_loss: 0.0000, label: 1, bag_size: 7879
batch 679, loss: 0.0001, instance_loss: 0.0000, weighted_loss: 0.0001, label: 1, bag_size: 4760
batch 699, loss: 0.0001, instance_loss: 0.0010, weighted_loss: 0.0004, label: 1, bag_size: 6023
batch 719, loss: 0.0576, instance_loss: 0.0125, weighted_loss: 0.0441, label: 0, bag_size: 2297
batch 739, loss: 0.0099, instance_loss: 0.0000, weighted_loss: 0.0069, label: 0, bag_size: 2095
batch 759, loss: 0.0000, instance_loss: 0.0000, weighted_loss: 0.0000, label: 0, bag_size: 10759
batch 779, loss: 0.0400, instance_loss: 0.0005, weighted_loss: 0.0282, label: 1, bag_size: 2853
batch 799, loss: 0.0006, instance_loss: 0.0014, weighted_loss: 0.0008, label: 1, bag_size: 12989
batch 819, loss: 0.0004, instance_loss: 0.0017, weighted_loss: 0.0008, label: 1, bag_size: 6812
batch 839, loss: 0.0000, instance_loss: 0.0000, weighted_loss: 0.0000, label: 0, bag_size: 9786


class 0 clustering acc 1.0: correct 6848/6848
class 1 clustering acc 0.9997079439252337: correct 6846/6848
Epoch: 8, train_loss: 0.0329, train_clustering_loss:  0.0021, train_error: 0.0105
class 0: acc 0.9879227053140096, correct 409/414
class 1: acc 0.9909502262443439, correct 438/442

Val Set, val_loss: 0.7944, val_error: 0.0721, auc: 0.4542
class 0 clustering acc 0.9994369369369369: correct 1775/1776
class 1 clustering acc 1.0: correct 1776/1776
class 0: acc 1.0, correct 205/205
class 1: acc 0.058823529411764705, correct 1/17
EarlyStopping counter: 8 out of 10


batch 19, loss: 0.0003, instance_loss: 0.0009, weighted_loss: 0.0005, label: 1, bag_size: 6812
batch 39, loss: 0.0001, instance_loss: 0.0000, weighted_loss: 0.0001, label: 0, bag_size: 1404
batch 59, loss: 0.0009, instance_loss: 0.0000, weighted_loss: 0.0006, label: 1, bag_size: 4516
batch 79, loss: 0.0010, instance_loss: 0.0000, weighted_loss: 0.0007, label: 1, bag_size: 22042
batch 99, loss: 0.0013, instance_loss: 0.0000, weighted_loss: 0.0009, label: 1, bag_size: 7879
batch 119, loss: 0.0022, instance_loss: 0.0000, weighted_loss: 0.0016, label: 1, bag_size: 21952
batch 139, loss: 0.0005, instance_loss: 0.0003, weighted_loss: 0.0004, label: 1, bag_size: 3024
batch 159, loss: 0.0010, instance_loss: 0.0000, weighted_loss: 0.0007, label: 1, bag_size: 5082
batch 179, loss: 0.0035, instance_loss: 0.0002, weighted_loss: 0.0025, label: 1, bag_size: 6028
batch 199, loss: 0.0001, instance_loss: 0.0000, weighted_loss: 0.0001, label: 1, bag_size: 2637
batch 219, loss: 0.0000, instance_loss: 0.0002, weighted_loss: 0.0001, label: 0, bag_size: 2520
batch 239, loss: 0.0014, instance_loss: 0.0000, weighted_loss: 0.0010, label: 1, bag_size: 7879
batch 259, loss: 0.0001, instance_loss: 0.1192, weighted_loss: 0.0359, label: 1, bag_size: 5956
batch 279, loss: 0.0008, instance_loss: 0.0000, weighted_loss: 0.0005, label: 1, bag_size: 21952
batch 299, loss: 0.0014, instance_loss: 0.0000, weighted_loss: 0.0010, label: 1, bag_size: 4760
batch 319, loss: 0.0005, instance_loss: 0.0012, weighted_loss: 0.0007, label: 0, bag_size: 11847
batch 339, loss: 0.0014, instance_loss: 0.0000, weighted_loss: 0.0010, label: 1, bag_size: 10371
batch 359, loss: 0.0002, instance_loss: 0.0057, weighted_loss: 0.0018, label: 1, bag_size: 5906
batch 379, loss: 0.0000, instance_loss: 0.0003, weighted_loss: 0.0001, label: 0, bag_size: 1889
batch 399, loss: 0.0001, instance_loss: 0.0000, weighted_loss: 0.0000, label: 0, bag_size: 5624
batch 419, loss: 0.0008, instance_loss: 0.0000, weighted_loss: 0.0005, label: 1, bag_size: 10180
batch 439, loss: 0.0025, instance_loss: 0.0000, weighted_loss: 0.0018, label: 1, bag_size: 22399
batch 459, loss: 0.0001, instance_loss: 0.0000, weighted_loss: 0.0001, label: 0, bag_size: 2382
batch 479, loss: 0.0000, instance_loss: 0.0000, weighted_loss: 0.0000, label: 0, bag_size: 10665
batch 499, loss: 0.0023, instance_loss: 0.0006, weighted_loss: 0.0018, label: 1, bag_size: 10371
batch 519, loss: 0.0001, instance_loss: 0.1398, weighted_loss: 0.0420, label: 1, bag_size: 3411
batch 539, loss: 0.0005, instance_loss: 0.0000, weighted_loss: 0.0004, label: 1, bag_size: 6023
batch 559, loss: 0.0000, instance_loss: 0.0047, weighted_loss: 0.0014, label: 0, bag_size: 3314
batch 579, loss: 0.0670, instance_loss: 0.0003, weighted_loss: 0.0470, label: 1, bag_size: 6023
batch 599, loss: 0.0001, instance_loss: 0.0004, weighted_loss: 0.0002, label: 1, bag_size: 7879
batch 619, loss: 0.0005, instance_loss: 0.0027, weighted_loss: 0.0012, label: 1, bag_size: 5956
batch 639, loss: 0.0011, instance_loss: 0.0000, weighted_loss: 0.0008, label: 1, bag_size: 10371
batch 659, loss: 0.0008, instance_loss: 0.0000, weighted_loss: 0.0006, label: 1, bag_size: 22871
batch 679, loss: 0.0002, instance_loss: 0.0000, weighted_loss: 0.0001, label: 0, bag_size: 20475
batch 699, loss: 0.0002, instance_loss: 0.0000, weighted_loss: 0.0001, label: 1, bag_size: 6028
batch 719, loss: 0.0002, instance_loss: 0.0010, weighted_loss: 0.0004, label: 0, bag_size: 15821
batch 739, loss: 0.0000, instance_loss: 0.0000, weighted_loss: 0.0000, label: 0, bag_size: 14291
batch 759, loss: 0.0001, instance_loss: 0.0000, weighted_loss: 0.0000, label: 0, bag_size: 10540
batch 779, loss: 0.0000, instance_loss: 0.0000, weighted_loss: 0.0000, label: 0, bag_size: 18081
batch 799, loss: 0.0235, instance_loss: 0.0000, weighted_loss: 0.0164, label: 0, bag_size: 11037
batch 819, loss: 0.0003, instance_loss: 0.0000, weighted_loss: 0.0002, label: 1, bag_size: 21609
batch 839, loss: 0.0001, instance_loss: 0.0000, weighted_loss: 0.0000, label: 1, bag_size: 22399


class 0 clustering acc 0.9995619158878505: correct 6845/6848
class 1 clustering acc 0.9995619158878505: correct 6845/6848
Epoch: 9, train_loss: 0.0066, train_clustering_loss:  0.0025, train_error: 0.0012
class 0: acc 0.9976958525345622, correct 433/434
class 1: acc 1.0, correct 422/422

Val Set, val_loss: 0.9144, val_error: 0.0946, auc: 0.4393
class 0 clustering acc 1.0: correct 1776/1776
class 1 clustering acc 1.0: correct 1776/1776
class 0: acc 0.975609756097561, correct 200/205
class 1: acc 0.058823529411764705, correct 1/17
EarlyStopping counter: 9 out of 10


batch 19, loss: 0.0002, instance_loss: 0.0003, weighted_loss: 0.0002, label: 1, bag_size: 12989
batch 39, loss: 0.0025, instance_loss: 0.0113, weighted_loss: 0.0051, label: 0, bag_size: 9370
batch 59, loss: 0.0000, instance_loss: 0.0003, weighted_loss: 0.0001, label: 0, bag_size: 1732
batch 79, loss: 0.0015, instance_loss: 0.0000, weighted_loss: 0.0010, label: 1, bag_size: 4760
batch 99, loss: 0.0000, instance_loss: 0.0000, weighted_loss: 0.0000, label: 0, bag_size: 17351
batch 119, loss: 0.0000, instance_loss: 0.0000, weighted_loss: 0.0000, label: 0, bag_size: 1008
batch 139, loss: 0.0002, instance_loss: 0.0000, weighted_loss: 0.0001, label: 1, bag_size: 22042
batch 159, loss: 0.0001, instance_loss: 0.0023, weighted_loss: 0.0008, label: 1, bag_size: 4492
batch 179, loss: 0.0000, instance_loss: 0.0007, weighted_loss: 0.0002, label: 1, bag_size: 8663
batch 199, loss: 0.0006, instance_loss: 0.0000, weighted_loss: 0.0004, label: 1, bag_size: 10371
batch 219, loss: 0.0000, instance_loss: 0.0000, weighted_loss: 0.0000, label: 1, bag_size: 7879
batch 239, loss: 0.0019, instance_loss: 0.0196, weighted_loss: 0.0072, label: 0, bag_size: 1970
batch 259, loss: 0.0001, instance_loss: 0.0000, weighted_loss: 0.0000, label: 1, bag_size: 5137
batch 279, loss: 0.0000, instance_loss: 0.0000, weighted_loss: 0.0000, label: 0, bag_size: 1431
batch 299, loss: 0.0001, instance_loss: 0.0002, weighted_loss: 0.0001, label: 0, bag_size: 9888
batch 319, loss: 0.0000, instance_loss: 0.0000, weighted_loss: 0.0000, label: 0, bag_size: 10653
batch 339, loss: 0.0004, instance_loss: 0.0000, weighted_loss: 0.0003, label: 1, bag_size: 22624
batch 359, loss: 0.0002, instance_loss: 0.0000, weighted_loss: 0.0002, label: 1, bag_size: 10371
batch 379, loss: 0.0000, instance_loss: 0.0000, weighted_loss: 0.0000, label: 0, bag_size: 4577
batch 399, loss: 0.0006, instance_loss: 0.0017, weighted_loss: 0.0010, label: 1, bag_size: 5828
batch 419, loss: 0.0006, instance_loss: 0.0012, weighted_loss: 0.0007, label: 1, bag_size: 21609
batch 439, loss: 0.0001, instance_loss: 0.0002, weighted_loss: 0.0001, label: 1, bag_size: 5082
batch 459, loss: 0.0006, instance_loss: 0.0000, weighted_loss: 0.0004, label: 1, bag_size: 10180
batch 479, loss: 0.0000, instance_loss: 0.0000, weighted_loss: 0.0000, label: 0, bag_size: 1879
batch 499, loss: 0.0000, instance_loss: 0.0003, weighted_loss: 0.0001, label: 1, bag_size: 12989
batch 519, loss: 0.0000, instance_loss: 0.0000, weighted_loss: 0.0000, label: 0, bag_size: 2708
batch 539, loss: 0.0001, instance_loss: 0.0000, weighted_loss: 0.0000, label: 0, bag_size: 20957
batch 559, loss: 0.0000, instance_loss: 0.0000, weighted_loss: 0.0000, label: 1, bag_size: 5137
batch 579, loss: 0.0000, instance_loss: 0.0000, weighted_loss: 0.0000, label: 0, bag_size: 1530
batch 599, loss: 0.0000, instance_loss: 0.0000, weighted_loss: 0.0000, label: 1, bag_size: 5956
batch 619, loss: 0.0005, instance_loss: 0.0000, weighted_loss: 0.0004, label: 0, bag_size: 1868
batch 639, loss: 0.0000, instance_loss: 0.0000, weighted_loss: 0.0000, label: 0, bag_size: 15510
batch 659, loss: 0.0000, instance_loss: 0.0000, weighted_loss: 0.0000, label: 0, bag_size: 3146
batch 679, loss: 0.1329, instance_loss: 0.0003, weighted_loss: 0.0931, label: 1, bag_size: 5956
batch 699, loss: 0.0002, instance_loss: 0.0000, weighted_loss: 0.0001, label: 1, bag_size: 4276
batch 719, loss: 0.0004, instance_loss: 0.0002, weighted_loss: 0.0003, label: 1, bag_size: 10180
batch 739, loss: 0.0000, instance_loss: 0.0000, weighted_loss: 0.0000, label: 0, bag_size: 4852
batch 759, loss: 0.0003, instance_loss: 0.0003, weighted_loss: 0.0003, label: 1, bag_size: 4563
batch 779, loss: 0.0003, instance_loss: 0.0000, weighted_loss: 0.0002, label: 1, bag_size: 8663
batch 799, loss: 0.0000, instance_loss: 0.0000, weighted_loss: 0.0000, label: 1, bag_size: 12989
batch 819, loss: 0.0036, instance_loss: 0.0000, weighted_loss: 0.0025, label: 1, bag_size: 7879
batch 839, loss: 0.0050, instance_loss: 0.0000, weighted_loss: 0.0035, label: 1, bag_size: 7879


class 0 clustering acc 1.0: correct 6848/6848
class 1 clustering acc 0.9998539719626168: correct 6847/6848
Epoch: 10, train_loss: 0.0216, train_clustering_loss:  0.0009, train_error: 0.0070
class 0: acc 0.9927536231884058, correct 411/414
class 1: acc 0.9932126696832579, correct 439/442

Val Set, val_loss: 0.6506, val_error: 0.1261, auc: 0.6204
class 0 clustering acc 1.0: correct 1776/1776
class 1 clustering acc 0.9994369369369369: correct 1775/1776
class 0: acc 0.9414634146341463, correct 193/205
class 1: acc 0.058823529411764705, correct 1/17
EarlyStopping counter: 10 out of 10
Early stopping
Val error: 0.2523, ROC AUC: 0.5819
CV validation error: 0.2523, ROC AUC: 0.5819
class 0: acc 0.7707317073170732, correct 158/205
class 1: acc 0.47058823529411764, correct 8/17
Future event metrics: {"fold": 3, "events": 94, "positive_events": 4, "event_average_precision": 0.0425845847715213, "event_roc_auc": 0.4, "event_brier": 0.19248069478308732, "aggregation": "mean probability across all included stains/slides of same patient/anchor date", "exploratory_cv_not_independent_final_test": true}

Training Fold 4!

Init train/val/test splits... 
Done!
Training on 870 samples
Validating on 208 samples
Testing on 0 samples

Init loss function... Done!

Init Model... Setting tau to 1.0
Done!
CLAM_SB(
  (attention_net): Sequential(
    (0): Linear(in_features=1536, out_features=512, bias=True)
    (1): ReLU()
    (2): Dropout(p=0.25, inplace=False)
    (3): Attn_Net_Gated(
      (attention_a): Sequential(
        (0): Linear(in_features=512, out_features=256, bias=True)
        (1): Tanh()
        (2): Dropout(p=0.25, inplace=False)
      )
      (attention_b): Sequential(
        (0): Linear(in_features=512, out_features=256, bias=True)
        (1): Sigmoid()
        (2): Dropout(p=0.25, inplace=False)
      )
      (attention_c): Linear(in_features=256, out_features=1, bias=True)
    )
  )
  (classifiers): Linear(in_features=512, out_features=2, bias=True)
  (instance_classifiers): ModuleList(
    (0-1): 2 x Linear(in_features=512, out_features=2, bias=True)
  )
  (instance_loss_fn): SmoothTop1SVM()
)
Total number of parameters: 1052935
Total number of trainable parameters: 1052935

Init optimizer ... Done!

Init Loaders... Done!

Setup EarlyStopping... Done!


batch 19, loss: 1.2193, instance_loss: 0.5141, weighted_loss: 1.0077, label: 0, bag_size: 14002
batch 39, loss: 0.7058, instance_loss: 0.1591, weighted_loss: 0.5418, label: 1, bag_size: 8663
batch 59, loss: 0.1457, instance_loss: 2.3338, weighted_loss: 0.8021, label: 0, bag_size: 11456
batch 79, loss: 0.4197, instance_loss: 0.7739, weighted_loss: 0.5260, label: 0, bag_size: 13770
batch 99, loss: 0.3916, instance_loss: 1.3154, weighted_loss: 0.6687, label: 0, bag_size: 3695
batch 119, loss: 0.9582, instance_loss: 0.6707, weighted_loss: 0.8720, label: 1, bag_size: 5828
batch 139, loss: 0.3116, instance_loss: 0.1601, weighted_loss: 0.2662, label: 1, bag_size: 13571
batch 159, loss: 0.6129, instance_loss: 0.4541, weighted_loss: 0.5653, label: 0, bag_size: 15678
batch 179, loss: 0.6578, instance_loss: 0.8911, weighted_loss: 0.7278, label: 0, bag_size: 17460
batch 199, loss: 2.1198, instance_loss: 0.5332, weighted_loss: 1.6438, label: 0, bag_size: 16074
batch 219, loss: 0.2753, instance_loss: 0.2436, weighted_loss: 0.2658, label: 0, bag_size: 18455
batch 239, loss: 0.4989, instance_loss: 0.1815, weighted_loss: 0.4036, label: 0, bag_size: 23155
batch 259, loss: 0.4601, instance_loss: 0.1612, weighted_loss: 0.3704, label: 0, bag_size: 8158
batch 279, loss: 1.3757, instance_loss: 0.9070, weighted_loss: 1.2351, label: 1, bag_size: 3024
batch 299, loss: 0.2798, instance_loss: 0.0599, weighted_loss: 0.2138, label: 1, bag_size: 4563
batch 319, loss: 0.3760, instance_loss: 0.0907, weighted_loss: 0.2904, label: 0, bag_size: 21878
batch 339, loss: 0.8707, instance_loss: 0.1094, weighted_loss: 0.6423, label: 1, bag_size: 2637
batch 359, loss: 0.5663, instance_loss: 0.0266, weighted_loss: 0.4044, label: 0, bag_size: 7853
batch 379, loss: 0.7755, instance_loss: 0.0489, weighted_loss: 0.5575, label: 1, bag_size: 4492
batch 399, loss: 2.3145, instance_loss: 0.2550, weighted_loss: 1.6966, label: 0, bag_size: 20621
batch 419, loss: 1.7680, instance_loss: 1.6812, weighted_loss: 1.7420, label: 1, bag_size: 8663
batch 439, loss: 0.1810, instance_loss: 0.0455, weighted_loss: 0.1404, label: 0, bag_size: 6712
batch 459, loss: 0.3172, instance_loss: 0.0542, weighted_loss: 0.2383, label: 1, bag_size: 1140
batch 479, loss: 0.2462, instance_loss: 0.0155, weighted_loss: 0.1770, label: 1, bag_size: 14318
batch 499, loss: 0.8663, instance_loss: 0.0451, weighted_loss: 0.6200, label: 1, bag_size: 3024
batch 519, loss: 0.3306, instance_loss: 0.1520, weighted_loss: 0.2770, label: 0, bag_size: 8955
batch 539, loss: 0.3814, instance_loss: 0.0148, weighted_loss: 0.2714, label: 0, bag_size: 3559
batch 559, loss: 0.9699, instance_loss: 0.0134, weighted_loss: 0.6829, label: 1, bag_size: 2853
batch 579, loss: 0.6222, instance_loss: 0.0052, weighted_loss: 0.4371, label: 0, bag_size: 5893
batch 599, loss: 0.6304, instance_loss: 0.0102, weighted_loss: 0.4444, label: 0, bag_size: 6548
batch 619, loss: 0.4463, instance_loss: 0.0709, weighted_loss: 0.3337, label: 0, bag_size: 7722
batch 639, loss: 0.3213, instance_loss: 0.0369, weighted_loss: 0.2360, label: 0, bag_size: 4029
batch 659, loss: 0.3758, instance_loss: 0.0229, weighted_loss: 0.2699, label: 0, bag_size: 2406
batch 679, loss: 0.0348, instance_loss: 0.0025, weighted_loss: 0.0251, label: 1, bag_size: 13571
batch 699, loss: 0.1012, instance_loss: 0.0046, weighted_loss: 0.0722, label: 1, bag_size: 22042
batch 719, loss: 0.3750, instance_loss: 0.0069, weighted_loss: 0.2645, label: 1, bag_size: 14318
batch 739, loss: 0.5862, instance_loss: 0.0037, weighted_loss: 0.4115, label: 0, bag_size: 5684
batch 759, loss: 0.6421, instance_loss: 0.0082, weighted_loss: 0.4519, label: 1, bag_size: 8663
batch 779, loss: 0.2302, instance_loss: 0.0024, weighted_loss: 0.1619, label: 0, bag_size: 12415
batch 799, loss: 0.4325, instance_loss: 0.0015, weighted_loss: 0.3032, label: 0, bag_size: 6434
batch 819, loss: 0.2666, instance_loss: 0.0020, weighted_loss: 0.1872, label: 0, bag_size: 4544
batch 839, loss: 1.3381, instance_loss: 0.0028, weighted_loss: 0.9375, label: 1, bag_size: 3354
batch 859, loss: 0.2804, instance_loss: 0.0110, weighted_loss: 0.1996, label: 0, bag_size: 4100


class 0 clustering acc 0.9313218390804597: correct 6482/6960
class 1 clustering acc 0.9107758620689655: correct 6339/6960
Epoch: 0, train_loss: 0.5645, train_clustering_loss:  0.3371, train_error: 0.2954
class 0: acc 0.8, correct 368/460
class 1: acc 0.5975609756097561, correct 245/410

Val Set, val_loss: 0.4192, val_error: 0.1490, auc: 0.4187
class 0 clustering acc 0.9951923076923077: correct 1656/1664
class 1 clustering acc 1.0: correct 1664/1664
class 0: acc 0.8719211822660099, correct 177/203
class 1: acc 0.0, correct 0/5
Validation loss decreased (inf --> 0.419237).  Saving model ...


batch 19, loss: 0.7288, instance_loss: 0.0023, weighted_loss: 0.5109, label: 0, bag_size: 3615
batch 39, loss: 0.3577, instance_loss: 0.0063, weighted_loss: 0.2523, label: 1, bag_size: 2637
batch 59, loss: 0.2398, instance_loss: 0.1587, weighted_loss: 0.2155, label: 0, bag_size: 2908
batch 79, loss: 1.1153, instance_loss: 0.0418, weighted_loss: 0.7933, label: 1, bag_size: 3411
batch 99, loss: 0.3346, instance_loss: 0.0057, weighted_loss: 0.2359, label: 1, bag_size: 2637
batch 119, loss: 0.1031, instance_loss: 0.0173, weighted_loss: 0.0774, label: 0, bag_size: 3364
batch 139, loss: 0.1718, instance_loss: 0.0018, weighted_loss: 0.1208, label: 1, bag_size: 14763
batch 159, loss: 1.1387, instance_loss: 0.0291, weighted_loss: 0.8058, label: 1, bag_size: 3024
batch 179, loss: 0.3594, instance_loss: 0.0074, weighted_loss: 0.2538, label: 0, bag_size: 1868
batch 199, loss: 0.8315, instance_loss: 0.0059, weighted_loss: 0.5838, label: 1, bag_size: 3354
batch 219, loss: 0.4777, instance_loss: 0.0015, weighted_loss: 0.3348, label: 1, bag_size: 3354
batch 239, loss: 0.1540, instance_loss: 0.0112, weighted_loss: 0.1111, label: 1, bag_size: 5956
batch 259, loss: 0.3071, instance_loss: 0.0006, weighted_loss: 0.2151, label: 0, bag_size: 3666
batch 279, loss: 0.0483, instance_loss: 0.0004, weighted_loss: 0.0339, label: 1, bag_size: 22871
batch 299, loss: 0.0390, instance_loss: 0.0016, weighted_loss: 0.0278, label: 1, bag_size: 14528
batch 319, loss: 2.4771, instance_loss: 0.0198, weighted_loss: 1.7399, label: 1, bag_size: 4365
batch 339, loss: 0.0287, instance_loss: 0.0000, weighted_loss: 0.0201, label: 1, bag_size: 22624
batch 359, loss: 0.0033, instance_loss: 0.0009, weighted_loss: 0.0026, label: 0, bag_size: 5128
batch 379, loss: 0.0665, instance_loss: 0.0007, weighted_loss: 0.0468, label: 1, bag_size: 14318
batch 399, loss: 0.0492, instance_loss: 0.0006, weighted_loss: 0.0346, label: 1, bag_size: 14528
batch 419, loss: 0.0478, instance_loss: 0.0013, weighted_loss: 0.0339, label: 1, bag_size: 5137
batch 439, loss: 0.0341, instance_loss: 0.0003, weighted_loss: 0.0239, label: 0, bag_size: 16133
batch 459, loss: 0.1163, instance_loss: 0.0010, weighted_loss: 0.0817, label: 1, bag_size: 21609
batch 479, loss: 0.1010, instance_loss: 0.0016, weighted_loss: 0.0712, label: 1, bag_size: 22399
batch 499, loss: 0.5266, instance_loss: 0.0031, weighted_loss: 0.3695, label: 1, bag_size: 10180
batch 519, loss: 0.1142, instance_loss: 0.0009, weighted_loss: 0.0802, label: 1, bag_size: 22871
batch 539, loss: 0.3473, instance_loss: 0.0049, weighted_loss: 0.2446, label: 1, bag_size: 18621
batch 559, loss: 0.9182, instance_loss: 0.0153, weighted_loss: 0.6473, label: 0, bag_size: 16369
batch 579, loss: 0.2291, instance_loss: 0.0039, weighted_loss: 0.1616, label: 1, bag_size: 1140
batch 599, loss: 0.0564, instance_loss: 0.0015, weighted_loss: 0.0399, label: 1, bag_size: 5906
batch 619, loss: 0.6936, instance_loss: 0.0061, weighted_loss: 0.4874, label: 0, bag_size: 1941
batch 639, loss: 0.0832, instance_loss: 0.0114, weighted_loss: 0.0617, label: 0, bag_size: 2140
batch 659, loss: 0.0320, instance_loss: 0.0011, weighted_loss: 0.0227, label: 1, bag_size: 13646
batch 679, loss: 0.0096, instance_loss: 0.0000, weighted_loss: 0.0067, label: 0, bag_size: 14968
batch 699, loss: 1.0064, instance_loss: 0.0000, weighted_loss: 0.7045, label: 1, bag_size: 8663
batch 719, loss: 0.0205, instance_loss: 0.0000, weighted_loss: 0.0143, label: 0, bag_size: 17043
batch 739, loss: 0.2970, instance_loss: 0.0009, weighted_loss: 0.2082, label: 0, bag_size: 6114
batch 759, loss: 0.0022, instance_loss: 0.0000, weighted_loss: 0.0015, label: 0, bag_size: 5599
batch 779, loss: 0.3731, instance_loss: 0.0000, weighted_loss: 0.2612, label: 0, bag_size: 4808
batch 799, loss: 0.8018, instance_loss: 0.0127, weighted_loss: 0.5650, label: 1, bag_size: 3411
batch 819, loss: 0.4282, instance_loss: 0.0013, weighted_loss: 0.3001, label: 1, bag_size: 4516
batch 839, loss: 0.0000, instance_loss: 0.0000, weighted_loss: 0.0000, label: 0, bag_size: 14711
batch 859, loss: 0.3411, instance_loss: 0.0004, weighted_loss: 0.2389, label: 1, bag_size: 7733


class 0 clustering acc 0.9995689655172414: correct 6957/6960
class 1 clustering acc 0.9994252873563219: correct 6956/6960
Epoch: 1, train_loss: 0.4149, train_clustering_loss:  0.0074, train_error: 0.2172
class 0: acc 0.7858880778588808, correct 323/411
class 1: acc 0.7799564270152506, correct 358/459

Val Set, val_loss: 0.6270, val_error: 0.2452, auc: 0.4039
class 0 clustering acc 0.9957932692307693: correct 1657/1664
class 1 clustering acc 1.0: correct 1664/1664
class 0: acc 0.7733990147783252, correct 157/203
class 1: acc 0.0, correct 0/5
EarlyStopping counter: 1 out of 10


batch 19, loss: 0.4628, instance_loss: 0.0003, weighted_loss: 0.3240, label: 0, bag_size: 7519
batch 39, loss: 1.1023, instance_loss: 0.0004, weighted_loss: 0.7717, label: 1, bag_size: 2853
batch 59, loss: 0.0157, instance_loss: 0.0002, weighted_loss: 0.0110, label: 0, bag_size: 2119
batch 79, loss: 0.0046, instance_loss: 0.0000, weighted_loss: 0.0032, label: 1, bag_size: 4563
batch 99, loss: 0.0002, instance_loss: 0.0000, weighted_loss: 0.0001, label: 0, bag_size: 20475
batch 119, loss: 0.0127, instance_loss: 0.0000, weighted_loss: 0.0089, label: 1, bag_size: 15079
batch 139, loss: 0.0001, instance_loss: 0.0000, weighted_loss: 0.0001, label: 0, bag_size: 14213
batch 159, loss: 1.4300, instance_loss: 0.0154, weighted_loss: 1.0056, label: 0, bag_size: 2376
batch 179, loss: 0.0195, instance_loss: 0.0003, weighted_loss: 0.0138, label: 1, bag_size: 14763
batch 199, loss: 0.0405, instance_loss: 0.0000, weighted_loss: 0.0283, label: 0, bag_size: 5098
batch 219, loss: 0.7102, instance_loss: 0.0007, weighted_loss: 0.4974, label: 1, bag_size: 22399
batch 239, loss: 0.0109, instance_loss: 0.0000, weighted_loss: 0.0077, label: 1, bag_size: 15079
batch 259, loss: 0.0000, instance_loss: 0.0000, weighted_loss: 0.0000, label: 0, bag_size: 9969
batch 279, loss: 0.0658, instance_loss: 0.0004, weighted_loss: 0.0462, label: 0, bag_size: 21894
batch 299, loss: 0.3932, instance_loss: 0.0002, weighted_loss: 0.2753, label: 1, bag_size: 10371
batch 319, loss: 0.0073, instance_loss: 0.0000, weighted_loss: 0.0051, label: 1, bag_size: 6028
batch 339, loss: 0.0040, instance_loss: 0.0010, weighted_loss: 0.0031, label: 0, bag_size: 8050
batch 359, loss: 0.0083, instance_loss: 0.0150, weighted_loss: 0.0103, label: 0, bag_size: 17729
batch 379, loss: 0.4742, instance_loss: 0.0023, weighted_loss: 0.3326, label: 1, bag_size: 7733
batch 399, loss: 0.4278, instance_loss: 0.0016, weighted_loss: 0.3000, label: 0, bag_size: 9314
batch 419, loss: 0.0029, instance_loss: 0.0006, weighted_loss: 0.0022, label: 1, bag_size: 4563
batch 439, loss: 0.0063, instance_loss: 0.0023, weighted_loss: 0.0051, label: 0, bag_size: 1008
batch 459, loss: 0.0359, instance_loss: 0.0005, weighted_loss: 0.0253, label: 1, bag_size: 4760
batch 479, loss: 0.0140, instance_loss: 0.0111, weighted_loss: 0.0132, label: 1, bag_size: 4760
batch 499, loss: 0.0490, instance_loss: 0.0083, weighted_loss: 0.0368, label: 0, bag_size: 1908
batch 519, loss: 0.0060, instance_loss: 0.0004, weighted_loss: 0.0043, label: 1, bag_size: 14414
batch 539, loss: 0.1098, instance_loss: 0.0000, weighted_loss: 0.0768, label: 1, bag_size: 21609
batch 559, loss: 0.0519, instance_loss: 0.0014, weighted_loss: 0.0368, label: 1, bag_size: 2853
batch 579, loss: 0.0022, instance_loss: 0.0000, weighted_loss: 0.0016, label: 1, bag_size: 6028
batch 599, loss: 0.0015, instance_loss: 0.0011, weighted_loss: 0.0014, label: 0, bag_size: 24048
batch 619, loss: 0.0136, instance_loss: 0.0031, weighted_loss: 0.0105, label: 0, bag_size: 4463
batch 639, loss: 0.1209, instance_loss: 0.0000, weighted_loss: 0.0846, label: 0, bag_size: 21466
batch 659, loss: 0.0406, instance_loss: 0.0022, weighted_loss: 0.0291, label: 0, bag_size: 7853
batch 679, loss: 0.2351, instance_loss: 0.0002, weighted_loss: 0.1647, label: 0, bag_size: 11364
batch 699, loss: 0.0770, instance_loss: 0.0018, weighted_loss: 0.0544, label: 1, bag_size: 10371
batch 719, loss: 0.0062, instance_loss: 0.0000, weighted_loss: 0.0043, label: 1, bag_size: 22042
batch 739, loss: 0.0534, instance_loss: 0.0080, weighted_loss: 0.0398, label: 0, bag_size: 1979
batch 759, loss: 0.0361, instance_loss: 0.0008, weighted_loss: 0.0255, label: 1, bag_size: 21609
batch 779, loss: 0.0412, instance_loss: 0.0000, weighted_loss: 0.0289, label: 1, bag_size: 21609
batch 799, loss: 0.3523, instance_loss: 0.0015, weighted_loss: 0.2471, label: 1, bag_size: 18621
batch 819, loss: 0.3848, instance_loss: 0.0063, weighted_loss: 0.2713, label: 1, bag_size: 8663
batch 839, loss: 0.0062, instance_loss: 0.0218, weighted_loss: 0.0109, label: 0, bag_size: 1868
batch 859, loss: 0.0127, instance_loss: 0.0020, weighted_loss: 0.0094, label: 0, bag_size: 5128


class 0 clustering acc 0.9992816091954023: correct 6955/6960
class 1 clustering acc 0.9998563218390805: correct 6959/6960
Epoch: 2, train_loss: 0.2210, train_clustering_loss:  0.0075, train_error: 0.0828
class 0: acc 0.9097387173396675, correct 383/421
class 1: acc 0.9242761692650334, correct 415/449

Val Set, val_loss: 0.5294, val_error: 0.1298, auc: 0.3281
class 0 clustering acc 0.9981971153846154: correct 1661/1664
class 1 clustering acc 0.9993990384615384: correct 1663/1664
class 0: acc 0.8916256157635468, correct 181/203
class 1: acc 0.0, correct 0/5
EarlyStopping counter: 2 out of 10


batch 19, loss: 0.0000, instance_loss: 0.0002, weighted_loss: 0.0001, label: 0, bag_size: 3969
batch 39, loss: 0.1410, instance_loss: 0.0037, weighted_loss: 0.0998, label: 0, bag_size: 2651
batch 59, loss: 0.0159, instance_loss: 0.0008, weighted_loss: 0.0114, label: 1, bag_size: 2853
batch 79, loss: 1.7006, instance_loss: 0.0017, weighted_loss: 1.1909, label: 0, bag_size: 1589
batch 99, loss: 0.0460, instance_loss: 0.0000, weighted_loss: 0.0322, label: 1, bag_size: 14528
batch 119, loss: 0.0014, instance_loss: 0.0054, weighted_loss: 0.0026, label: 0, bag_size: 2530
batch 139, loss: 0.0002, instance_loss: 0.0000, weighted_loss: 0.0001, label: 0, bag_size: 13004
batch 159, loss: 0.0113, instance_loss: 0.0043, weighted_loss: 0.0092, label: 0, bag_size: 7464
batch 179, loss: 0.0007, instance_loss: 0.0008, weighted_loss: 0.0007, label: 1, bag_size: 13571
batch 199, loss: 0.0306, instance_loss: 0.0008, weighted_loss: 0.0217, label: 1, bag_size: 8663
batch 219, loss: 0.0007, instance_loss: 0.0020, weighted_loss: 0.0011, label: 0, bag_size: 1613
batch 239, loss: 0.2274, instance_loss: 0.0000, weighted_loss: 0.1592, label: 1, bag_size: 21609
batch 259, loss: 0.0013, instance_loss: 0.0002, weighted_loss: 0.0010, label: 1, bag_size: 4563
batch 279, loss: 0.1156, instance_loss: 0.0062, weighted_loss: 0.0828, label: 1, bag_size: 4365
batch 299, loss: 0.0104, instance_loss: 0.0002, weighted_loss: 0.0073, label: 0, bag_size: 7540
batch 319, loss: 0.0297, instance_loss: 0.0005, weighted_loss: 0.0209, label: 1, bag_size: 2853
batch 339, loss: 0.0018, instance_loss: 0.0008, weighted_loss: 0.0015, label: 1, bag_size: 14763
batch 359, loss: 0.0077, instance_loss: 0.0183, weighted_loss: 0.0109, label: 0, bag_size: 2266
batch 379, loss: 0.0021, instance_loss: 0.0000, weighted_loss: 0.0015, label: 0, bag_size: 17843
batch 399, loss: 0.0131, instance_loss: 0.0030, weighted_loss: 0.0101, label: 0, bag_size: 4808
batch 419, loss: 0.0458, instance_loss: 0.0000, weighted_loss: 0.0321, label: 1, bag_size: 8663
batch 439, loss: 0.0037, instance_loss: 0.0000, weighted_loss: 0.0026, label: 0, bag_size: 15803
batch 459, loss: 0.0324, instance_loss: 0.0023, weighted_loss: 0.0234, label: 1, bag_size: 21609
batch 479, loss: 0.0925, instance_loss: 0.0014, weighted_loss: 0.0651, label: 1, bag_size: 16197
batch 499, loss: 0.0001, instance_loss: 0.0014, weighted_loss: 0.0005, label: 0, bag_size: 1406
batch 519, loss: 0.0091, instance_loss: 0.0008, weighted_loss: 0.0066, label: 1, bag_size: 13646
batch 539, loss: 0.0038, instance_loss: 0.0014, weighted_loss: 0.0031, label: 1, bag_size: 3024
batch 559, loss: 0.0812, instance_loss: 0.0002, weighted_loss: 0.0569, label: 1, bag_size: 3621
batch 579, loss: 0.0012, instance_loss: 0.0000, weighted_loss: 0.0008, label: 0, bag_size: 7225
batch 599, loss: 0.0058, instance_loss: 0.0002, weighted_loss: 0.0041, label: 0, bag_size: 12866
batch 619, loss: 0.0013, instance_loss: 0.0000, weighted_loss: 0.0009, label: 0, bag_size: 15758
batch 639, loss: 0.1221, instance_loss: 0.0005, weighted_loss: 0.0856, label: 1, bag_size: 4365
batch 659, loss: 0.0003, instance_loss: 0.0006, weighted_loss: 0.0004, label: 0, bag_size: 2330
batch 679, loss: 0.0523, instance_loss: 0.0010, weighted_loss: 0.0369, label: 0, bag_size: 6312
batch 699, loss: 0.0027, instance_loss: 0.0000, weighted_loss: 0.0019, label: 1, bag_size: 22624
batch 719, loss: 0.0119, instance_loss: 0.0000, weighted_loss: 0.0083, label: 0, bag_size: 14855
batch 739, loss: 0.1787, instance_loss: 0.0007, weighted_loss: 0.1253, label: 1, bag_size: 22399
batch 759, loss: 0.0007, instance_loss: 0.0037, weighted_loss: 0.0016, label: 1, bag_size: 5137
batch 779, loss: 0.0024, instance_loss: 0.0002, weighted_loss: 0.0017, label: 1, bag_size: 15079
batch 799, loss: 0.0005, instance_loss: 0.0004, weighted_loss: 0.0005, label: 0, bag_size: 5862
batch 819, loss: 0.0008, instance_loss: 0.0000, weighted_loss: 0.0006, label: 1, bag_size: 4760
batch 839, loss: 0.0026, instance_loss: 0.0005, weighted_loss: 0.0019, label: 0, bag_size: 2269
batch 859, loss: 0.0011, instance_loss: 0.0061, weighted_loss: 0.0026, label: 1, bag_size: 5137


class 0 clustering acc 0.9995689655172414: correct 6957/6960
class 1 clustering acc 0.9994252873563219: correct 6956/6960
Epoch: 3, train_loss: 0.1397, train_clustering_loss:  0.0049, train_error: 0.0494
class 0: acc 0.9380530973451328, correct 424/452
class 1: acc 0.9641148325358851, correct 403/418

Val Set, val_loss: 0.4679, val_error: 0.1394, auc: 0.2394
class 0 clustering acc 0.9963942307692307: correct 1658/1664
class 1 clustering acc 0.9987980769230769: correct 1662/1664
class 0: acc 0.8817733990147784, correct 179/203
class 1: acc 0.0, correct 0/5
EarlyStopping counter: 3 out of 10


batch 19, loss: 0.0119, instance_loss: 0.0028, weighted_loss: 0.0092, label: 1, bag_size: 14414
batch 39, loss: 0.2348, instance_loss: 0.0060, weighted_loss: 0.1662, label: 0, bag_size: 3709
batch 59, loss: 0.0000, instance_loss: 0.0000, weighted_loss: 0.0000, label: 0, bag_size: 4356
batch 79, loss: 0.0401, instance_loss: 0.0008, weighted_loss: 0.0283, label: 1, bag_size: 10371
batch 99, loss: 1.4135, instance_loss: 0.0000, weighted_loss: 0.9895, label: 0, bag_size: 15821
batch 119, loss: 0.0252, instance_loss: 0.0000, weighted_loss: 0.0176, label: 1, bag_size: 2853
batch 139, loss: 0.0013, instance_loss: 0.0000, weighted_loss: 0.0009, label: 1, bag_size: 4563
batch 159, loss: 0.0223, instance_loss: 0.0009, weighted_loss: 0.0159, label: 1, bag_size: 3354
batch 179, loss: 0.0221, instance_loss: 0.0007, weighted_loss: 0.0157, label: 1, bag_size: 3354
batch 199, loss: 0.0097, instance_loss: 0.0000, weighted_loss: 0.0068, label: 1, bag_size: 8663
batch 219, loss: 0.0000, instance_loss: 0.0000, weighted_loss: 0.0000, label: 0, bag_size: 5584
batch 239, loss: 0.0708, instance_loss: 0.0010, weighted_loss: 0.0499, label: 1, bag_size: 2671
batch 259, loss: 0.0060, instance_loss: 0.0000, weighted_loss: 0.0042, label: 1, bag_size: 4365
batch 279, loss: 0.0019, instance_loss: 0.0015, weighted_loss: 0.0018, label: 1, bag_size: 5956
batch 299, loss: 0.0000, instance_loss: 0.0000, weighted_loss: 0.0000, label: 0, bag_size: 6778
batch 319, loss: 0.0002, instance_loss: 0.0000, weighted_loss: 0.0002, label: 0, bag_size: 2732
batch 339, loss: 0.0112, instance_loss: 0.0017, weighted_loss: 0.0084, label: 1, bag_size: 5828
batch 359, loss: 0.0004, instance_loss: 0.0000, weighted_loss: 0.0003, label: 1, bag_size: 6028
batch 379, loss: 0.0867, instance_loss: 0.0000, weighted_loss: 0.0607, label: 0, bag_size: 23088
batch 399, loss: 0.0081, instance_loss: 0.0000, weighted_loss: 0.0057, label: 1, bag_size: 21609
batch 419, loss: 0.0125, instance_loss: 0.0000, weighted_loss: 0.0087, label: 1, bag_size: 14528
batch 439, loss: 0.0000, instance_loss: 0.0000, weighted_loss: 0.0000, label: 0, bag_size: 5483
batch 459, loss: 0.0001, instance_loss: 0.0000, weighted_loss: 0.0000, label: 0, bag_size: 21774
batch 479, loss: 0.0319, instance_loss: 0.0019, weighted_loss: 0.0229, label: 1, bag_size: 10371
batch 499, loss: 0.0051, instance_loss: 0.0000, weighted_loss: 0.0036, label: 0, bag_size: 19640
batch 519, loss: 0.0212, instance_loss: 0.0000, weighted_loss: 0.0148, label: 1, bag_size: 12989
batch 539, loss: 0.0000, instance_loss: 0.0002, weighted_loss: 0.0001, label: 0, bag_size: 2573
batch 559, loss: 0.0049, instance_loss: 0.0042, weighted_loss: 0.0047, label: 1, bag_size: 3621
batch 579, loss: 1.6033, instance_loss: 0.0026, weighted_loss: 1.1231, label: 1, bag_size: 4365
batch 599, loss: 0.0016, instance_loss: 0.0013, weighted_loss: 0.0015, label: 0, bag_size: 6432
batch 619, loss: 0.0014, instance_loss: 0.0000, weighted_loss: 0.0010, label: 0, bag_size: 21878
batch 639, loss: 0.2808, instance_loss: 0.0090, weighted_loss: 0.1993, label: 1, bag_size: 6344
batch 659, loss: 0.0386, instance_loss: 0.0138, weighted_loss: 0.0311, label: 0, bag_size: 3066
batch 679, loss: 0.0007, instance_loss: 0.0000, weighted_loss: 0.0005, label: 0, bag_size: 2557
batch 699, loss: 0.0007, instance_loss: 0.0000, weighted_loss: 0.0005, label: 0, bag_size: 10658
batch 719, loss: 0.0000, instance_loss: 0.0000, weighted_loss: 0.0000, label: 0, bag_size: 8542
batch 739, loss: 0.2857, instance_loss: 0.0003, weighted_loss: 0.2000, label: 0, bag_size: 2865
batch 759, loss: 0.0012, instance_loss: 0.0000, weighted_loss: 0.0008, label: 1, bag_size: 4516
batch 779, loss: 0.1995, instance_loss: 0.0093, weighted_loss: 0.1424, label: 0, bag_size: 1527
batch 799, loss: 0.0001, instance_loss: 0.0009, weighted_loss: 0.0003, label: 0, bag_size: 3673
batch 819, loss: 0.5293, instance_loss: 0.0000, weighted_loss: 0.3705, label: 1, bag_size: 14318
batch 839, loss: 0.6404, instance_loss: 0.0049, weighted_loss: 0.4497, label: 1, bag_size: 6344
batch 859, loss: 0.0373, instance_loss: 0.0133, weighted_loss: 0.0301, label: 1, bag_size: 2671


class 0 clustering acc 0.9998563218390805: correct 6959/6960
class 1 clustering acc 0.9995689655172414: correct 6957/6960
Epoch: 4, train_loss: 0.0901, train_clustering_loss:  0.0037, train_error: 0.0322
class 0: acc 0.9602803738317757, correct 411/428
class 1: acc 0.9751131221719457, correct 431/442

Val Set, val_loss: 0.3158, val_error: 0.0625, auc: 0.2778
class 0 clustering acc 0.9951923076923077: correct 1656/1664
class 1 clustering acc 0.9987980769230769: correct 1662/1664
class 0: acc 0.9605911330049262, correct 195/203
class 1: acc 0.0, correct 0/5
Validation loss decreased (0.419237 --> 0.315798).  Saving model ...


batch 19, loss: 0.3072, instance_loss: 0.0000, weighted_loss: 0.2151, label: 1, bag_size: 10371
batch 39, loss: 0.0025, instance_loss: 0.0000, weighted_loss: 0.0018, label: 0, bag_size: 16508
batch 59, loss: 0.2377, instance_loss: 0.0000, weighted_loss: 0.1664, label: 1, bag_size: 3621
batch 79, loss: 0.9952, instance_loss: 0.0009, weighted_loss: 0.6969, label: 1, bag_size: 4365
batch 99, loss: 0.0102, instance_loss: 0.0000, weighted_loss: 0.0072, label: 1, bag_size: 4365
batch 119, loss: 0.0005, instance_loss: 0.0033, weighted_loss: 0.0013, label: 0, bag_size: 1291
batch 139, loss: 0.0042, instance_loss: 0.0000, weighted_loss: 0.0029, label: 1, bag_size: 8663
batch 159, loss: 0.0002, instance_loss: 0.0006, weighted_loss: 0.0003, label: 0, bag_size: 3840
batch 179, loss: 0.0175, instance_loss: 0.0000, weighted_loss: 0.0122, label: 1, bag_size: 13646
batch 199, loss: 0.1498, instance_loss: 0.0004, weighted_loss: 0.1050, label: 1, bag_size: 13646
batch 219, loss: 0.0083, instance_loss: 0.0013, weighted_loss: 0.0062, label: 1, bag_size: 2644
batch 239, loss: 0.0008, instance_loss: 0.0000, weighted_loss: 0.0006, label: 0, bag_size: 16717
batch 259, loss: 0.0462, instance_loss: 0.0003, weighted_loss: 0.0325, label: 1, bag_size: 2671
batch 279, loss: 0.0001, instance_loss: 0.0004, weighted_loss: 0.0002, label: 0, bag_size: 3733
batch 299, loss: 0.0009, instance_loss: 0.0000, weighted_loss: 0.0006, label: 0, bag_size: 10033
batch 319, loss: 0.0094, instance_loss: 0.0004, weighted_loss: 0.0067, label: 1, bag_size: 12989
batch 339, loss: 0.0000, instance_loss: 0.0051, weighted_loss: 0.0015, label: 0, bag_size: 1290
batch 359, loss: 0.0007, instance_loss: 0.0006, weighted_loss: 0.0007, label: 0, bag_size: 15340
batch 379, loss: 0.0002, instance_loss: 0.0004, weighted_loss: 0.0003, label: 0, bag_size: 11354
batch 399, loss: 0.0090, instance_loss: 0.0012, weighted_loss: 0.0066, label: 1, bag_size: 2644
batch 419, loss: 0.0026, instance_loss: 0.0004, weighted_loss: 0.0019, label: 1, bag_size: 3628
batch 439, loss: 0.0006, instance_loss: 0.0000, weighted_loss: 0.0004, label: 1, bag_size: 6028
batch 459, loss: 0.0000, instance_loss: 0.0000, weighted_loss: 0.0000, label: 0, bag_size: 17334
batch 479, loss: 0.0011, instance_loss: 0.0000, weighted_loss: 0.0007, label: 1, bag_size: 4563
batch 499, loss: 0.0005, instance_loss: 0.0000, weighted_loss: 0.0004, label: 1, bag_size: 6028
batch 519, loss: 0.0000, instance_loss: 0.0000, weighted_loss: 0.0000, label: 0, bag_size: 20190
batch 539, loss: 0.0002, instance_loss: 0.0004, weighted_loss: 0.0003, label: 1, bag_size: 4492
batch 559, loss: 0.0247, instance_loss: 0.0000, weighted_loss: 0.0173, label: 1, bag_size: 4563
batch 579, loss: 0.1006, instance_loss: 0.0012, weighted_loss: 0.0708, label: 0, bag_size: 15114
batch 599, loss: 0.0008, instance_loss: 0.0003, weighted_loss: 0.0007, label: 0, bag_size: 5677
batch 619, loss: 0.0005, instance_loss: 0.0004, weighted_loss: 0.0005, label: 1, bag_size: 6812
batch 639, loss: 0.0002, instance_loss: 0.0000, weighted_loss: 0.0001, label: 0, bag_size: 2879
batch 659, loss: 0.0000, instance_loss: 0.0000, weighted_loss: 0.0000, label: 0, bag_size: 9151
batch 679, loss: 0.0000, instance_loss: 0.0000, weighted_loss: 0.0000, label: 0, bag_size: 5862
batch 699, loss: 0.0000, instance_loss: 0.0000, weighted_loss: 0.0000, label: 0, bag_size: 15678
batch 719, loss: 0.0000, instance_loss: 0.0000, weighted_loss: 0.0000, label: 0, bag_size: 4029
batch 739, loss: 0.0002, instance_loss: 0.0000, weighted_loss: 0.0002, label: 0, bag_size: 3616
batch 759, loss: 0.0000, instance_loss: 0.0002, weighted_loss: 0.0001, label: 0, bag_size: 20692
batch 779, loss: 0.0202, instance_loss: 0.0000, weighted_loss: 0.0142, label: 0, bag_size: 17684
batch 799, loss: 0.0743, instance_loss: 0.0008, weighted_loss: 0.0522, label: 0, bag_size: 20204
batch 819, loss: 0.0079, instance_loss: 0.0000, weighted_loss: 0.0056, label: 0, bag_size: 25528
batch 839, loss: 0.0001, instance_loss: 0.0016, weighted_loss: 0.0006, label: 0, bag_size: 1690
batch 859, loss: 0.0136, instance_loss: 0.0000, weighted_loss: 0.0095, label: 1, bag_size: 4563


class 0 clustering acc 0.9991379310344828: correct 6954/6960
class 1 clustering acc 1.0: correct 6960/6960
Epoch: 5, train_loss: 0.0591, train_clustering_loss:  0.0031, train_error: 0.0161
class 0: acc 0.9775280898876404, correct 435/445
class 1: acc 0.9905882352941177, correct 421/425

Val Set, val_loss: 0.4193, val_error: 0.0817, auc: 0.2433
class 0 clustering acc 0.9993990384615384: correct 1663/1664
class 1 clustering acc 1.0: correct 1664/1664
class 0: acc 0.9408866995073891, correct 191/203
class 1: acc 0.0, correct 0/5
EarlyStopping counter: 1 out of 10


batch 19, loss: 0.0006, instance_loss: 0.0000, weighted_loss: 0.0005, label: 1, bag_size: 22042
batch 39, loss: 0.0001, instance_loss: 0.0010, weighted_loss: 0.0004, label: 0, bag_size: 7732
batch 59, loss: 0.0012, instance_loss: 0.0048, weighted_loss: 0.0023, label: 1, bag_size: 1140
batch 79, loss: 0.0027, instance_loss: 0.0013, weighted_loss: 0.0023, label: 1, bag_size: 10371
batch 99, loss: 0.0562, instance_loss: 0.0000, weighted_loss: 0.0393, label: 0, bag_size: 3020
batch 119, loss: 0.0001, instance_loss: 0.0000, weighted_loss: 0.0001, label: 1, bag_size: 7733
batch 139, loss: 0.0000, instance_loss: 0.0000, weighted_loss: 0.0000, label: 0, bag_size: 9388
batch 159, loss: 0.0034, instance_loss: 0.0000, weighted_loss: 0.0024, label: 1, bag_size: 22871
batch 179, loss: 0.0207, instance_loss: 0.0002, weighted_loss: 0.0146, label: 0, bag_size: 8075
batch 199, loss: 0.0124, instance_loss: 0.0003, weighted_loss: 0.0088, label: 0, bag_size: 7048
batch 219, loss: 0.0036, instance_loss: 0.0000, weighted_loss: 0.0025, label: 0, bag_size: 16346
batch 239, loss: 1.9838, instance_loss: 0.0000, weighted_loss: 1.3887, label: 1, bag_size: 22624
batch 259, loss: 0.0000, instance_loss: 0.0000, weighted_loss: 0.0000, label: 1, bag_size: 22042
batch 279, loss: 0.0018, instance_loss: 0.0015, weighted_loss: 0.0017, label: 1, bag_size: 2644
batch 299, loss: 0.0067, instance_loss: 0.0007, weighted_loss: 0.0049, label: 0, bag_size: 5624
batch 319, loss: 0.0003, instance_loss: 0.0000, weighted_loss: 0.0002, label: 0, bag_size: 18054
batch 339, loss: 0.0008, instance_loss: 0.0014, weighted_loss: 0.0010, label: 0, bag_size: 3176
batch 359, loss: 0.0269, instance_loss: 0.0000, weighted_loss: 0.0188, label: 1, bag_size: 14528
batch 379, loss: 0.0383, instance_loss: 0.0007, weighted_loss: 0.0270, label: 1, bag_size: 16197
batch 399, loss: 0.0002, instance_loss: 0.0000, weighted_loss: 0.0002, label: 1, bag_size: 2637
batch 419, loss: 2.4058, instance_loss: 0.0108, weighted_loss: 1.6873, label: 0, bag_size: 1977
batch 439, loss: 0.0001, instance_loss: 0.0000, weighted_loss: 0.0001, label: 0, bag_size: 6432
batch 459, loss: 0.0013, instance_loss: 0.0000, weighted_loss: 0.0009, label: 0, bag_size: 17692
batch 479, loss: 0.0566, instance_loss: 0.0000, weighted_loss: 0.0396, label: 0, bag_size: 3706
batch 499, loss: 0.0915, instance_loss: 0.0000, weighted_loss: 0.0641, label: 1, bag_size: 16197
batch 519, loss: 0.0008, instance_loss: 0.0000, weighted_loss: 0.0006, label: 1, bag_size: 3024
batch 539, loss: 0.0308, instance_loss: 0.0013, weighted_loss: 0.0219, label: 1, bag_size: 16197
batch 559, loss: 0.0000, instance_loss: 0.0007, weighted_loss: 0.0002, label: 0, bag_size: 4256
batch 579, loss: 0.0014, instance_loss: 0.0000, weighted_loss: 0.0010, label: 1, bag_size: 14763
batch 599, loss: 0.0307, instance_loss: 0.0004, weighted_loss: 0.0216, label: 1, bag_size: 4365
batch 619, loss: 0.0326, instance_loss: 0.0002, weighted_loss: 0.0229, label: 1, bag_size: 10371
batch 639, loss: 0.0000, instance_loss: 0.0000, weighted_loss: 0.0000, label: 0, bag_size: 21774
batch 659, loss: 0.0002, instance_loss: 0.0000, weighted_loss: 0.0002, label: 1, bag_size: 4516
batch 679, loss: 0.0011, instance_loss: 0.0000, weighted_loss: 0.0008, label: 0, bag_size: 10124
batch 699, loss: 0.0002, instance_loss: 0.0000, weighted_loss: 0.0002, label: 0, bag_size: 10658
batch 719, loss: 0.0004, instance_loss: 0.0071, weighted_loss: 0.0024, label: 0, bag_size: 5180
batch 739, loss: 0.0000, instance_loss: 0.0000, weighted_loss: 0.0000, label: 0, bag_size: 15675
batch 759, loss: 0.0014, instance_loss: 0.0003, weighted_loss: 0.0011, label: 1, bag_size: 22871
batch 779, loss: 0.0000, instance_loss: 0.0002, weighted_loss: 0.0001, label: 1, bag_size: 8663
batch 799, loss: 0.3058, instance_loss: 0.0000, weighted_loss: 0.2140, label: 1, bag_size: 15079
batch 819, loss: 0.0247, instance_loss: 0.0004, weighted_loss: 0.0174, label: 1, bag_size: 14528
batch 839, loss: 0.0000, instance_loss: 0.0000, weighted_loss: 0.0000, label: 0, bag_size: 15501
batch 859, loss: 0.0001, instance_loss: 0.0270, weighted_loss: 0.0082, label: 1, bag_size: 3411


class 0 clustering acc 0.9995689655172414: correct 6957/6960
class 1 clustering acc 1.0: correct 6960/6960
Epoch: 6, train_loss: 0.0506, train_clustering_loss:  0.0019, train_error: 0.0172
class 0: acc 0.9710526315789474, correct 369/380
class 1: acc 0.9918367346938776, correct 486/490

Val Set, val_loss: 0.3599, val_error: 0.0817, auc: 0.3862
class 0 clustering acc 0.9993990384615384: correct 1663/1664
class 1 clustering acc 1.0: correct 1664/1664
class 0: acc 0.9408866995073891, correct 191/203
class 1: acc 0.0, correct 0/5
EarlyStopping counter: 2 out of 10


batch 19, loss: 0.0007, instance_loss: 0.1574, weighted_loss: 0.0477, label: 0, bag_size: 873
batch 39, loss: 0.0006, instance_loss: 0.0006, weighted_loss: 0.0006, label: 1, bag_size: 7733
batch 59, loss: 0.0211, instance_loss: 0.0005, weighted_loss: 0.0149, label: 1, bag_size: 16197
batch 79, loss: 0.0000, instance_loss: 0.0000, weighted_loss: 0.0000, label: 0, bag_size: 23729
batch 99, loss: 0.0000, instance_loss: 0.0000, weighted_loss: 0.0000, label: 0, bag_size: 4403
batch 119, loss: 0.0222, instance_loss: 0.0000, weighted_loss: 0.0155, label: 1, bag_size: 10371
batch 139, loss: 0.0013, instance_loss: 0.0009, weighted_loss: 0.0012, label: 1, bag_size: 7733
batch 159, loss: 0.0014, instance_loss: 0.0000, weighted_loss: 0.0010, label: 0, bag_size: 3932
batch 179, loss: 0.0000, instance_loss: 0.0643, weighted_loss: 0.0193, label: 0, bag_size: 1085
batch 199, loss: 0.0215, instance_loss: 0.0000, weighted_loss: 0.0151, label: 0, bag_size: 3506
batch 219, loss: 0.0003, instance_loss: 0.0000, weighted_loss: 0.0002, label: 0, bag_size: 16133
batch 239, loss: 0.0001, instance_loss: 0.0000, weighted_loss: 0.0001, label: 1, bag_size: 4563
batch 259, loss: 0.0002, instance_loss: 0.0000, weighted_loss: 0.0002, label: 1, bag_size: 2853
batch 279, loss: 0.0080, instance_loss: 0.0005, weighted_loss: 0.0058, label: 0, bag_size: 5268
batch 299, loss: 0.0015, instance_loss: 0.0000, weighted_loss: 0.0011, label: 0, bag_size: 15365
batch 319, loss: 0.0000, instance_loss: 0.0000, weighted_loss: 0.0000, label: 1, bag_size: 5906
batch 339, loss: 0.0001, instance_loss: 0.0000, weighted_loss: 0.0001, label: 0, bag_size: 24236
batch 359, loss: 0.0018, instance_loss: 0.0000, weighted_loss: 0.0013, label: 1, bag_size: 14414
batch 379, loss: 0.0001, instance_loss: 0.0003, weighted_loss: 0.0002, label: 1, bag_size: 2637
batch 399, loss: 0.0092, instance_loss: 0.0000, weighted_loss: 0.0064, label: 1, bag_size: 3621
batch 419, loss: 0.0000, instance_loss: 0.0000, weighted_loss: 0.0000, label: 0, bag_size: 13275
batch 439, loss: 0.0000, instance_loss: 0.0000, weighted_loss: 0.0000, label: 0, bag_size: 5204
batch 459, loss: 0.0000, instance_loss: 0.0000, weighted_loss: 0.0000, label: 1, bag_size: 5906
batch 479, loss: 0.0000, instance_loss: 0.0000, weighted_loss: 0.0000, label: 0, bag_size: 1521
batch 499, loss: 0.0013, instance_loss: 0.2178, weighted_loss: 0.0663, label: 0, bag_size: 1669
batch 519, loss: 0.0008, instance_loss: 0.0000, weighted_loss: 0.0006, label: 1, bag_size: 8663
batch 539, loss: 0.0013, instance_loss: 0.0000, weighted_loss: 0.0009, label: 1, bag_size: 14414
batch 559, loss: 0.0000, instance_loss: 0.0000, weighted_loss: 0.0000, label: 0, bag_size: 1732
batch 579, loss: 0.0000, instance_loss: 0.0008, weighted_loss: 0.0003, label: 0, bag_size: 4211
batch 599, loss: 0.0012, instance_loss: 0.0000, weighted_loss: 0.0008, label: 1, bag_size: 5137
batch 619, loss: 0.0018, instance_loss: 0.0000, weighted_loss: 0.0012, label: 1, bag_size: 12989
batch 639, loss: 0.0036, instance_loss: 0.0000, weighted_loss: 0.0025, label: 1, bag_size: 16197
batch 659, loss: 0.0000, instance_loss: 0.0000, weighted_loss: 0.0000, label: 0, bag_size: 12188
batch 679, loss: 0.0000, instance_loss: 0.0000, weighted_loss: 0.0000, label: 0, bag_size: 3727
batch 699, loss: 0.0078, instance_loss: 0.0000, weighted_loss: 0.0055, label: 1, bag_size: 13646
batch 719, loss: 0.0015, instance_loss: 0.0000, weighted_loss: 0.0010, label: 1, bag_size: 5828
batch 739, loss: 0.0178, instance_loss: 0.0000, weighted_loss: 0.0125, label: 0, bag_size: 3146
batch 759, loss: 0.0905, instance_loss: 0.0000, weighted_loss: 0.0633, label: 1, bag_size: 18621
batch 779, loss: 0.0004, instance_loss: 0.0000, weighted_loss: 0.0003, label: 0, bag_size: 17336
batch 799, loss: 0.0000, instance_loss: 0.0410, weighted_loss: 0.0123, label: 0, bag_size: 39556
batch 819, loss: 0.0004, instance_loss: 0.0002, weighted_loss: 0.0003, label: 1, bag_size: 10180
batch 839, loss: 0.0003, instance_loss: 0.0007, weighted_loss: 0.0004, label: 1, bag_size: 8663
batch 859, loss: 0.0036, instance_loss: 0.0000, weighted_loss: 0.0025, label: 1, bag_size: 14318


class 0 clustering acc 0.9991379310344828: correct 6954/6960
class 1 clustering acc 0.9992816091954023: correct 6955/6960
Epoch: 7, train_loss: 0.0223, train_clustering_loss:  0.0047, train_error: 0.0092
class 0: acc 0.9883720930232558, correct 425/430
class 1: acc 0.9931818181818182, correct 437/440

Val Set, val_loss: 0.4465, val_error: 0.0721, auc: 0.3458
class 0 clustering acc 0.9993990384615384: correct 1663/1664
class 1 clustering acc 1.0: correct 1664/1664
class 0: acc 0.9507389162561576, correct 193/203
class 1: acc 0.0, correct 0/5
EarlyStopping counter: 3 out of 10


batch 19, loss: 0.0002, instance_loss: 0.0000, weighted_loss: 0.0002, label: 0, bag_size: 6631
batch 39, loss: 0.0005, instance_loss: 0.0002, weighted_loss: 0.0004, label: 1, bag_size: 15079
batch 59, loss: 0.0000, instance_loss: 0.0003, weighted_loss: 0.0001, label: 0, bag_size: 2602
batch 79, loss: 12.3388, instance_loss: 0.0027, weighted_loss: 8.6379, label: 1, bag_size: 4365
batch 99, loss: 0.0173, instance_loss: 0.0000, weighted_loss: 0.0121, label: 0, bag_size: 14227
batch 119, loss: 0.0000, instance_loss: 0.0000, weighted_loss: 0.0000, label: 0, bag_size: 13338
batch 139, loss: 0.0368, instance_loss: 0.0000, weighted_loss: 0.0257, label: 1, bag_size: 12989
batch 159, loss: 0.0436, instance_loss: 0.0002, weighted_loss: 0.0306, label: 1, bag_size: 14318
batch 179, loss: 0.0173, instance_loss: 0.0000, weighted_loss: 0.0121, label: 1, bag_size: 12989
batch 199, loss: 0.0000, instance_loss: 0.0000, weighted_loss: 0.0000, label: 0, bag_size: 3468
batch 219, loss: 0.0008, instance_loss: 0.0000, weighted_loss: 0.0005, label: 1, bag_size: 2853
batch 239, loss: 0.0099, instance_loss: 0.0004, weighted_loss: 0.0071, label: 1, bag_size: 5828
batch 259, loss: 0.0002, instance_loss: 0.0000, weighted_loss: 0.0001, label: 1, bag_size: 10180
batch 279, loss: 0.0004, instance_loss: 0.0000, weighted_loss: 0.0003, label: 1, bag_size: 3621
batch 299, loss: 0.0044, instance_loss: 0.0000, weighted_loss: 0.0031, label: 0, bag_size: 10419
batch 319, loss: 0.0069, instance_loss: 0.0000, weighted_loss: 0.0048, label: 1, bag_size: 7733
batch 339, loss: 0.0101, instance_loss: 0.0000, weighted_loss: 0.0071, label: 1, bag_size: 4365
batch 359, loss: 0.0002, instance_loss: 0.0005, weighted_loss: 0.0003, label: 1, bag_size: 5906
batch 379, loss: 0.0126, instance_loss: 0.0000, weighted_loss: 0.0088, label: 1, bag_size: 4365
batch 399, loss: 0.0063, instance_loss: 0.0011, weighted_loss: 0.0048, label: 0, bag_size: 4299
batch 419, loss: 0.0001, instance_loss: 0.0000, weighted_loss: 0.0001, label: 1, bag_size: 3628
batch 439, loss: 0.0016, instance_loss: 0.0000, weighted_loss: 0.0012, label: 1, bag_size: 13571
batch 459, loss: 0.0113, instance_loss: 0.0000, weighted_loss: 0.0079, label: 0, bag_size: 25603
batch 479, loss: 0.0000, instance_loss: 0.0000, weighted_loss: 0.0000, label: 0, bag_size: 20190
batch 499, loss: 0.0000, instance_loss: 0.0000, weighted_loss: 0.0000, label: 0, bag_size: 6024
batch 519, loss: 0.0000, instance_loss: 0.0000, weighted_loss: 0.0000, label: 0, bag_size: 1941
batch 539, loss: 0.0001, instance_loss: 0.0000, weighted_loss: 0.0000, label: 0, bag_size: 79563
batch 559, loss: 0.0088, instance_loss: 0.0009, weighted_loss: 0.0064, label: 0, bag_size: 16717
batch 579, loss: 0.0025, instance_loss: 0.0000, weighted_loss: 0.0018, label: 1, bag_size: 4563
batch 599, loss: 0.0002, instance_loss: 0.0018, weighted_loss: 0.0007, label: 1, bag_size: 7733
batch 619, loss: 0.0020, instance_loss: 0.0000, weighted_loss: 0.0014, label: 1, bag_size: 10371
batch 639, loss: 0.0796, instance_loss: 0.0000, weighted_loss: 0.0557, label: 0, bag_size: 15821
batch 659, loss: 0.0000, instance_loss: 0.0000, weighted_loss: 0.0000, label: 0, bag_size: 5348
batch 679, loss: 0.0097, instance_loss: 0.0000, weighted_loss: 0.0068, label: 1, bag_size: 22042
batch 699, loss: 0.0215, instance_loss: 0.0000, weighted_loss: 0.0151, label: 1, bag_size: 21609
batch 719, loss: 0.0146, instance_loss: 0.0000, weighted_loss: 0.0102, label: 1, bag_size: 2671
batch 739, loss: 0.0000, instance_loss: 0.0000, weighted_loss: 0.0000, label: 0, bag_size: 1406
batch 759, loss: 0.0001, instance_loss: 0.0000, weighted_loss: 0.0000, label: 1, bag_size: 3024
batch 779, loss: 0.0000, instance_loss: 0.0000, weighted_loss: 0.0000, label: 0, bag_size: 11616
batch 799, loss: 0.0021, instance_loss: 0.0006, weighted_loss: 0.0016, label: 1, bag_size: 5137
batch 819, loss: 0.0003, instance_loss: 0.0000, weighted_loss: 0.0002, label: 1, bag_size: 6344
batch 839, loss: 0.0003, instance_loss: 0.0000, weighted_loss: 0.0002, label: 1, bag_size: 14763
batch 859, loss: 0.0002, instance_loss: 0.0012, weighted_loss: 0.0005, label: 0, bag_size: 5922


class 0 clustering acc 1.0: correct 6960/6960
class 1 clustering acc 0.9997126436781609: correct 6958/6960
Epoch: 8, train_loss: 0.0515, train_clustering_loss:  0.0028, train_error: 0.0080
class 0: acc 0.990909090909091, correct 436/440
class 1: acc 0.9930232558139535, correct 427/430

Val Set, val_loss: 0.5461, val_error: 0.1106, auc: 0.2749
class 0 clustering acc 1.0: correct 1664/1664
class 1 clustering acc 1.0: correct 1664/1664
class 0: acc 0.9113300492610837, correct 185/203
class 1: acc 0.0, correct 0/5
EarlyStopping counter: 4 out of 10


batch 19, loss: 0.0209, instance_loss: 0.0000, weighted_loss: 0.0146, label: 1, bag_size: 22399
batch 39, loss: 0.0003, instance_loss: 0.0000, weighted_loss: 0.0002, label: 1, bag_size: 8663
batch 59, loss: 0.0448, instance_loss: 0.0000, weighted_loss: 0.0314, label: 1, bag_size: 13646
batch 79, loss: 0.0000, instance_loss: 0.0000, weighted_loss: 0.0000, label: 0, bag_size: 4310
batch 99, loss: 0.0052, instance_loss: 0.0002, weighted_loss: 0.0037, label: 1, bag_size: 4760
batch 119, loss: 0.0000, instance_loss: 0.0002, weighted_loss: 0.0001, label: 0, bag_size: 3520
batch 139, loss: 0.2638, instance_loss: 0.0000, weighted_loss: 0.1846, label: 0, bag_size: 10923
batch 159, loss: 0.0648, instance_loss: 0.0000, weighted_loss: 0.0454, label: 0, bag_size: 13522
batch 179, loss: 0.0013, instance_loss: 0.0006, weighted_loss: 0.0011, label: 1, bag_size: 3621
batch 199, loss: 0.0000, instance_loss: 0.0000, weighted_loss: 0.0000, label: 0, bag_size: 2956
batch 219, loss: 0.0003, instance_loss: 0.0000, weighted_loss: 0.0002, label: 1, bag_size: 2644
batch 239, loss: 0.0011, instance_loss: 0.0000, weighted_loss: 0.0008, label: 1, bag_size: 22042
batch 259, loss: 0.0000, instance_loss: 0.0000, weighted_loss: 0.0000, label: 0, bag_size: 26900
batch 279, loss: 0.0000, instance_loss: 0.0000, weighted_loss: 0.0000, label: 0, bag_size: 9320
batch 299, loss: 0.0000, instance_loss: 0.0000, weighted_loss: 0.0000, label: 0, bag_size: 19493
batch 319, loss: 0.0003, instance_loss: 0.0008, weighted_loss: 0.0005, label: 0, bag_size: 10005
batch 339, loss: 0.0004, instance_loss: 0.0000, weighted_loss: 0.0003, label: 0, bag_size: 8244
batch 359, loss: 0.1733, instance_loss: 0.0000, weighted_loss: 0.1213, label: 0, bag_size: 3999
batch 379, loss: 0.0156, instance_loss: 0.0000, weighted_loss: 0.0109, label: 0, bag_size: 18081
batch 399, loss: 0.0000, instance_loss: 0.0000, weighted_loss: 0.0000, label: 0, bag_size: 5214
batch 419, loss: 0.4867, instance_loss: 0.0003, weighted_loss: 0.3408, label: 1, bag_size: 8663
batch 439, loss: 0.0000, instance_loss: 0.0000, weighted_loss: 0.0000, label: 0, bag_size: 5444
batch 459, loss: 0.0000, instance_loss: 0.0000, weighted_loss: 0.0000, label: 0, bag_size: 13124
batch 479, loss: 0.0000, instance_loss: 0.0003, weighted_loss: 0.0001, label: 1, bag_size: 7733
batch 499, loss: 0.0001, instance_loss: 0.0000, weighted_loss: 0.0000, label: 1, bag_size: 14318
batch 519, loss: 0.0000, instance_loss: 0.0164, weighted_loss: 0.0049, label: 0, bag_size: 23729
batch 539, loss: 0.0051, instance_loss: 0.0060, weighted_loss: 0.0054, label: 1, bag_size: 21609
batch 559, loss: 0.7976, instance_loss: 0.0000, weighted_loss: 0.5583, label: 1, bag_size: 22399
batch 579, loss: 0.0037, instance_loss: 0.0000, weighted_loss: 0.0026, label: 1, bag_size: 13571
batch 599, loss: 0.0003, instance_loss: 0.0000, weighted_loss: 0.0002, label: 1, bag_size: 4516
batch 619, loss: 0.0006, instance_loss: 0.0000, weighted_loss: 0.0004, label: 1, bag_size: 4760
batch 639, loss: 0.0017, instance_loss: 0.0021, weighted_loss: 0.0018, label: 1, bag_size: 3621
batch 659, loss: 0.0003, instance_loss: 0.0000, weighted_loss: 0.0002, label: 1, bag_size: 14763
batch 679, loss: 0.0002, instance_loss: 0.0018, weighted_loss: 0.0007, label: 1, bag_size: 1140
batch 699, loss: 0.0293, instance_loss: 0.0000, weighted_loss: 0.0205, label: 0, bag_size: 13341
batch 719, loss: 0.0001, instance_loss: 0.0000, weighted_loss: 0.0001, label: 0, bag_size: 8781
batch 739, loss: 0.0042, instance_loss: 0.0653, weighted_loss: 0.0226, label: 0, bag_size: 2023
batch 759, loss: 0.0063, instance_loss: 0.0000, weighted_loss: 0.0044, label: 1, bag_size: 14528
batch 779, loss: 0.0779, instance_loss: 0.0000, weighted_loss: 0.0545, label: 0, bag_size: 17232
batch 799, loss: 0.0022, instance_loss: 0.0000, weighted_loss: 0.0015, label: 1, bag_size: 22871
batch 819, loss: 0.0000, instance_loss: 0.0000, weighted_loss: 0.0000, label: 0, bag_size: 12866
batch 839, loss: 0.0006, instance_loss: 0.0000, weighted_loss: 0.0004, label: 1, bag_size: 2637
batch 859, loss: 0.0004, instance_loss: 0.0000, weighted_loss: 0.0003, label: 1, bag_size: 3621


class 0 clustering acc 0.9998563218390805: correct 6959/6960
class 1 clustering acc 1.0: correct 6960/6960
Epoch: 9, train_loss: 0.0299, train_clustering_loss:  0.0017, train_error: 0.0080
class 0: acc 0.9904761904761905, correct 416/420
class 1: acc 0.9933333333333333, correct 447/450

Val Set, val_loss: 0.5332, val_error: 0.0913, auc: 0.3340
class 0 clustering acc 1.0: correct 1664/1664
class 1 clustering acc 0.9969951923076923: correct 1659/1664
class 0: acc 0.9310344827586207, correct 189/203
class 1: acc 0.0, correct 0/5
EarlyStopping counter: 5 out of 10


batch 19, loss: 0.0000, instance_loss: 0.0003, weighted_loss: 0.0001, label: 0, bag_size: 12427
batch 39, loss: 0.0052, instance_loss: 0.0019, weighted_loss: 0.0042, label: 1, bag_size: 21952
batch 59, loss: 0.0107, instance_loss: 0.0018, weighted_loss: 0.0080, label: 1, bag_size: 21609
batch 79, loss: 0.0011, instance_loss: 0.0007, weighted_loss: 0.0009, label: 1, bag_size: 4365
batch 99, loss: 0.0000, instance_loss: 0.0005, weighted_loss: 0.0002, label: 0, bag_size: 16854
batch 119, loss: 0.0000, instance_loss: 0.0058, weighted_loss: 0.0017, label: 0, bag_size: 17065
batch 139, loss: 0.0000, instance_loss: 0.0000, weighted_loss: 0.0000, label: 0, bag_size: 16323
batch 159, loss: 0.0004, instance_loss: 0.0000, weighted_loss: 0.0003, label: 0, bag_size: 8158
batch 179, loss: 0.0050, instance_loss: 0.0000, weighted_loss: 0.0035, label: 0, bag_size: 21888
batch 199, loss: 0.0001, instance_loss: 0.0000, weighted_loss: 0.0001, label: 1, bag_size: 22042
batch 219, loss: 0.0003, instance_loss: 0.0000, weighted_loss: 0.0002, label: 1, bag_size: 5828
batch 239, loss: 0.0025, instance_loss: 0.0000, weighted_loss: 0.0018, label: 0, bag_size: 24236
batch 259, loss: 0.0000, instance_loss: 0.0000, weighted_loss: 0.0000, label: 0, bag_size: 11116
batch 279, loss: 0.0021, instance_loss: 0.0000, weighted_loss: 0.0014, label: 1, bag_size: 4563
batch 299, loss: 0.0000, instance_loss: 0.0000, weighted_loss: 0.0000, label: 1, bag_size: 7733
batch 319, loss: 0.0004, instance_loss: 0.0002, weighted_loss: 0.0003, label: 1, bag_size: 10180
batch 339, loss: 0.0035, instance_loss: 0.0000, weighted_loss: 0.0024, label: 0, bag_size: 16499
batch 359, loss: 0.0000, instance_loss: 0.0005, weighted_loss: 0.0002, label: 1, bag_size: 6812
batch 379, loss: 0.0000, instance_loss: 0.0000, weighted_loss: 0.0000, label: 0, bag_size: 2887
batch 399, loss: 0.2177, instance_loss: 0.0002, weighted_loss: 0.1524, label: 0, bag_size: 17060
batch 419, loss: 0.0009, instance_loss: 0.0000, weighted_loss: 0.0006, label: 1, bag_size: 5137
batch 439, loss: 0.0007, instance_loss: 0.0000, weighted_loss: 0.0005, label: 0, bag_size: 18081
batch 459, loss: 0.0157, instance_loss: 0.0016, weighted_loss: 0.0115, label: 1, bag_size: 22871
batch 479, loss: 0.0070, instance_loss: 0.0000, weighted_loss: 0.0049, label: 1, bag_size: 4760
batch 499, loss: 0.0025, instance_loss: 0.0016, weighted_loss: 0.0022, label: 1, bag_size: 2671
batch 519, loss: 0.0003, instance_loss: 0.0006, weighted_loss: 0.0004, label: 0, bag_size: 1881
batch 539, loss: 0.0007, instance_loss: 0.0027, weighted_loss: 0.0013, label: 1, bag_size: 22871
batch 559, loss: 0.0064, instance_loss: 0.0000, weighted_loss: 0.0045, label: 1, bag_size: 14528
batch 579, loss: 0.0003, instance_loss: 0.0000, weighted_loss: 0.0002, label: 1, bag_size: 10180
batch 599, loss: 0.0059, instance_loss: 0.0025, weighted_loss: 0.0049, label: 1, bag_size: 2644
batch 619, loss: 0.0000, instance_loss: 0.0000, weighted_loss: 0.0000, label: 0, bag_size: 10950
batch 639, loss: 0.0007, instance_loss: 0.0000, weighted_loss: 0.0005, label: 1, bag_size: 21952
batch 659, loss: 0.0000, instance_loss: 0.0006, weighted_loss: 0.0002, label: 1, bag_size: 6812
batch 679, loss: 0.0017, instance_loss: 0.0016, weighted_loss: 0.0017, label: 1, bag_size: 4365
batch 699, loss: 0.0035, instance_loss: 0.0000, weighted_loss: 0.0024, label: 1, bag_size: 14318
batch 719, loss: 0.0004, instance_loss: 0.0000, weighted_loss: 0.0003, label: 0, bag_size: 17460
batch 739, loss: 0.0000, instance_loss: 0.0000, weighted_loss: 0.0000, label: 0, bag_size: 1556
batch 759, loss: 0.0000, instance_loss: 0.0000, weighted_loss: 0.0000, label: 0, bag_size: 17864
batch 779, loss: 0.0001, instance_loss: 0.0000, weighted_loss: 0.0000, label: 1, bag_size: 7733
batch 799, loss: 0.0061, instance_loss: 0.0002, weighted_loss: 0.0043, label: 1, bag_size: 5828
batch 819, loss: 0.0000, instance_loss: 0.0000, weighted_loss: 0.0000, label: 0, bag_size: 3971
batch 839, loss: 0.0001, instance_loss: 0.0000, weighted_loss: 0.0001, label: 0, bag_size: 17460
batch 859, loss: 0.0020, instance_loss: 0.0000, weighted_loss: 0.0014, label: 1, bag_size: 21609


class 0 clustering acc 0.9998563218390805: correct 6959/6960
class 1 clustering acc 0.9995689655172414: correct 6957/6960
Epoch: 10, train_loss: 0.0323, train_clustering_loss:  0.0034, train_error: 0.0103
class 0: acc 0.9855421686746988, correct 409/415
class 1: acc 0.9934065934065934, correct 452/455

Val Set, val_loss: 0.5059, val_error: 0.0817, auc: 0.2916
class 0 clustering acc 1.0: correct 1664/1664
class 1 clustering acc 0.9993990384615384: correct 1663/1664
class 0: acc 0.9408866995073891, correct 191/203
class 1: acc 0.0, correct 0/5
EarlyStopping counter: 6 out of 10


batch 19, loss: 0.0001, instance_loss: 0.0000, weighted_loss: 0.0001, label: 1, bag_size: 8663
batch 39, loss: 0.0000, instance_loss: 0.0000, weighted_loss: 0.0000, label: 0, bag_size: 7985
batch 59, loss: 0.0000, instance_loss: 0.0000, weighted_loss: 0.0000, label: 0, bag_size: 3616
batch 79, loss: 0.0000, instance_loss: 0.0000, weighted_loss: 0.0000, label: 0, bag_size: 8781
batch 99, loss: 0.0001, instance_loss: 0.0002, weighted_loss: 0.0001, label: 0, bag_size: 6485
batch 119, loss: 0.0000, instance_loss: 0.0000, weighted_loss: 0.0000, label: 0, bag_size: 20475
batch 139, loss: 0.0014, instance_loss: 0.0000, weighted_loss: 0.0009, label: 1, bag_size: 14528
batch 159, loss: 0.0011, instance_loss: 0.0026, weighted_loss: 0.0016, label: 1, bag_size: 2644
batch 179, loss: 0.0000, instance_loss: 0.0002, weighted_loss: 0.0001, label: 0, bag_size: 2820
batch 199, loss: 0.0010, instance_loss: 0.0003, weighted_loss: 0.0008, label: 1, bag_size: 21609
batch 219, loss: 0.0008, instance_loss: 0.0000, weighted_loss: 0.0006, label: 1, bag_size: 5137
batch 239, loss: 0.8299, instance_loss: 0.0003, weighted_loss: 0.5810, label: 0, bag_size: 15444
batch 259, loss: 0.0000, instance_loss: 0.0000, weighted_loss: 0.0000, label: 0, bag_size: 3880
batch 279, loss: 0.0000, instance_loss: 0.0000, weighted_loss: 0.0000, label: 0, bag_size: 1865
batch 299, loss: 0.0017, instance_loss: 0.0000, weighted_loss: 0.0012, label: 1, bag_size: 14318
batch 319, loss: 0.0000, instance_loss: 0.0000, weighted_loss: 0.0000, label: 0, bag_size: 11803
batch 339, loss: 0.0001, instance_loss: 0.0000, weighted_loss: 0.0001, label: 1, bag_size: 3024
batch 359, loss: 0.0010, instance_loss: 0.0035, weighted_loss: 0.0018, label: 1, bag_size: 22871
batch 379, loss: 0.0000, instance_loss: 0.0000, weighted_loss: 0.0000, label: 0, bag_size: 4569
batch 399, loss: 0.0000, instance_loss: 0.0000, weighted_loss: 0.0000, label: 1, bag_size: 7733
batch 419, loss: 0.0003, instance_loss: 0.0000, weighted_loss: 0.0002, label: 1, bag_size: 22624
batch 439, loss: 3.4283, instance_loss: 0.0033, weighted_loss: 2.4008, label: 1, bag_size: 4365
batch 459, loss: 0.0000, instance_loss: 0.0000, weighted_loss: 0.0000, label: 1, bag_size: 6028
batch 479, loss: 0.0008, instance_loss: 0.0044, weighted_loss: 0.0019, label: 1, bag_size: 6344
batch 499, loss: 0.0008, instance_loss: 0.0000, weighted_loss: 0.0005, label: 0, bag_size: 10277
batch 519, loss: 0.0000, instance_loss: 0.0000, weighted_loss: 0.0000, label: 0, bag_size: 3946
batch 539, loss: 0.0000, instance_loss: 0.0000, weighted_loss: 0.0000, label: 1, bag_size: 3621
batch 559, loss: 0.0001, instance_loss: 0.0000, weighted_loss: 0.0001, label: 1, bag_size: 6812
batch 579, loss: 0.0000, instance_loss: 0.0000, weighted_loss: 0.0000, label: 0, bag_size: 3007
batch 599, loss: 0.0000, instance_loss: 0.0000, weighted_loss: 0.0000, label: 1, bag_size: 4516
batch 619, loss: 0.0000, instance_loss: 0.0000, weighted_loss: 0.0000, label: 0, bag_size: 18559
batch 639, loss: 0.0000, instance_loss: 0.0000, weighted_loss: 0.0000, label: 0, bag_size: 3695
batch 659, loss: 0.0000, instance_loss: 0.0005, weighted_loss: 0.0001, label: 0, bag_size: 18455
batch 679, loss: 0.0002, instance_loss: 0.0000, weighted_loss: 0.0001, label: 1, bag_size: 4760
batch 699, loss: 0.0000, instance_loss: 0.0003, weighted_loss: 0.0001, label: 0, bag_size: 10109
batch 719, loss: 0.0007, instance_loss: 0.0000, weighted_loss: 0.0005, label: 1, bag_size: 3628
batch 739, loss: 0.0000, instance_loss: 0.0000, weighted_loss: 0.0000, label: 0, bag_size: 9492
batch 759, loss: 0.0000, instance_loss: 0.0000, weighted_loss: 0.0000, label: 0, bag_size: 6534
batch 779, loss: 0.0005, instance_loss: 0.0000, weighted_loss: 0.0004, label: 1, bag_size: 3024
batch 799, loss: 0.0027, instance_loss: 0.0002, weighted_loss: 0.0020, label: 1, bag_size: 2644
batch 819, loss: 0.0000, instance_loss: 0.0021, weighted_loss: 0.0007, label: 1, bag_size: 3411
batch 839, loss: 0.0010, instance_loss: 0.0019, weighted_loss: 0.0013, label: 1, bag_size: 6344
batch 859, loss: 0.0000, instance_loss: 0.0026, weighted_loss: 0.0008, label: 1, bag_size: 4492


class 0 clustering acc 1.0: correct 6960/6960
class 1 clustering acc 1.0: correct 6960/6960
Epoch: 11, train_loss: 0.0099, train_clustering_loss:  0.0010, train_error: 0.0034
class 0: acc 0.9948849104859335, correct 389/391
class 1: acc 0.9979123173277662, correct 478/479

Val Set, val_loss: 0.5476, val_error: 0.0769, auc: 0.3281
class 0 clustering acc 1.0: correct 1664/1664
class 1 clustering acc 0.9981971153846154: correct 1661/1664
class 0: acc 0.9458128078817734, correct 192/203
class 1: acc 0.0, correct 0/5
EarlyStopping counter: 7 out of 10


batch 19, loss: 0.0001, instance_loss: 0.0000, weighted_loss: 0.0001, label: 1, bag_size: 5828
batch 39, loss: 0.0070, instance_loss: 0.0000, weighted_loss: 0.0049, label: 0, bag_size: 13046
batch 59, loss: 0.0000, instance_loss: 0.0000, weighted_loss: 0.0000, label: 0, bag_size: 20369
batch 79, loss: 0.0000, instance_loss: 0.0000, weighted_loss: 0.0000, label: 0, bag_size: 5268
batch 99, loss: 0.0000, instance_loss: 0.0000, weighted_loss: 0.0000, label: 1, bag_size: 6812
batch 119, loss: 0.0000, instance_loss: 0.0000, weighted_loss: 0.0000, label: 0, bag_size: 8138
batch 139, loss: 0.0000, instance_loss: 0.0004, weighted_loss: 0.0001, label: 0, bag_size: 16288
batch 159, loss: 0.0001, instance_loss: 0.0000, weighted_loss: 0.0001, label: 1, bag_size: 4365
batch 179, loss: 0.0009, instance_loss: 0.0009, weighted_loss: 0.0009, label: 1, bag_size: 2671
batch 199, loss: 0.0001, instance_loss: 0.0000, weighted_loss: 0.0000, label: 0, bag_size: 1805
batch 219, loss: 0.0001, instance_loss: 0.0000, weighted_loss: 0.0001, label: 1, bag_size: 14763
batch 239, loss: 0.0000, instance_loss: 0.0003, weighted_loss: 0.0001, label: 1, bag_size: 13571
batch 259, loss: 0.0000, instance_loss: 0.0000, weighted_loss: 0.0000, label: 0, bag_size: 9320
batch 279, loss: 0.0001, instance_loss: 0.0002, weighted_loss: 0.0001, label: 0, bag_size: 1556
batch 299, loss: 0.0000, instance_loss: 0.0000, weighted_loss: 0.0000, label: 1, bag_size: 13571
batch 319, loss: 0.0002, instance_loss: 0.0000, weighted_loss: 0.0001, label: 0, bag_size: 11456
batch 339, loss: 0.0000, instance_loss: 0.0000, weighted_loss: 0.0000, label: 1, bag_size: 4492
batch 359, loss: 0.0003, instance_loss: 0.0000, weighted_loss: 0.0002, label: 1, bag_size: 5137
batch 379, loss: 0.0028, instance_loss: 0.0000, weighted_loss: 0.0019, label: 1, bag_size: 12989
batch 399, loss: 0.0000, instance_loss: 0.0000, weighted_loss: 0.0000, label: 0, bag_size: 5315
batch 419, loss: 0.0000, instance_loss: 0.0000, weighted_loss: 0.0000, label: 0, bag_size: 2666
batch 439, loss: 0.0000, instance_loss: 0.0000, weighted_loss: 0.0000, label: 0, bag_size: 20807
batch 459, loss: 0.0027, instance_loss: 0.0227, weighted_loss: 0.0087, label: 0, bag_size: 2212
batch 479, loss: 0.0000, instance_loss: 0.0000, weighted_loss: 0.0000, label: 0, bag_size: 8593
batch 499, loss: 0.0000, instance_loss: 0.0000, weighted_loss: 0.0000, label: 0, bag_size: 15090
batch 519, loss: 0.0000, instance_loss: 0.0000, weighted_loss: 0.0000, label: 1, bag_size: 6028
batch 539, loss: 0.0001, instance_loss: 0.0000, weighted_loss: 0.0001, label: 0, bag_size: 14372
batch 559, loss: 0.0007, instance_loss: 0.0000, weighted_loss: 0.0005, label: 1, bag_size: 10371
batch 579, loss: 0.0000, instance_loss: 0.0000, weighted_loss: 0.0000, label: 0, bag_size: 17332
batch 599, loss: 0.0000, instance_loss: 0.0000, weighted_loss: 0.0000, label: 0, bag_size: 8101
batch 619, loss: 0.0002, instance_loss: 0.0000, weighted_loss: 0.0001, label: 1, bag_size: 3628
batch 639, loss: 0.0000, instance_loss: 0.0000, weighted_loss: 0.0000, label: 0, bag_size: 4703
batch 659, loss: 0.0000, instance_loss: 0.0024, weighted_loss: 0.0007, label: 1, bag_size: 2671
batch 679, loss: 0.0012, instance_loss: 0.0329, weighted_loss: 0.0107, label: 0, bag_size: 1669
batch 699, loss: 0.0000, instance_loss: 0.0000, weighted_loss: 0.0000, label: 0, bag_size: 26941
batch 719, loss: 0.0002, instance_loss: 0.0000, weighted_loss: 0.0001, label: 1, bag_size: 4760
batch 739, loss: 0.0000, instance_loss: 0.0000, weighted_loss: 0.0000, label: 0, bag_size: 3670
batch 759, loss: 0.0000, instance_loss: 0.0000, weighted_loss: 0.0000, label: 0, bag_size: 15914
batch 779, loss: 4.9152, instance_loss: 0.0000, weighted_loss: 3.4406, label: 1, bag_size: 18621
batch 799, loss: 0.0012, instance_loss: 0.0000, weighted_loss: 0.0008, label: 0, bag_size: 4463
batch 819, loss: 0.7512, instance_loss: 0.0000, weighted_loss: 0.5258, label: 1, bag_size: 12989
batch 839, loss: 0.9890, instance_loss: 0.0000, weighted_loss: 0.6923, label: 0, bag_size: 20554
batch 859, loss: 0.0001, instance_loss: 0.0022, weighted_loss: 0.0007, label: 1, bag_size: 3411


class 0 clustering acc 0.9998563218390805: correct 6959/6960
class 1 clustering acc 0.9998563218390805: correct 6959/6960
Epoch: 12, train_loss: 0.0371, train_clustering_loss:  0.0014, train_error: 0.0115
class 0: acc 0.9882352941176471, correct 420/425
class 1: acc 0.9887640449438202, correct 440/445

Val Set, val_loss: 0.6317, val_error: 0.1250, auc: 0.2483
class 0 clustering acc 1.0: correct 1664/1664
class 1 clustering acc 0.9969951923076923: correct 1659/1664
class 0: acc 0.896551724137931, correct 182/203
class 1: acc 0.0, correct 0/5
EarlyStopping counter: 8 out of 10


batch 19, loss: 0.0001, instance_loss: 0.0000, weighted_loss: 0.0001, label: 1, bag_size: 14763
batch 39, loss: 0.0000, instance_loss: 0.0000, weighted_loss: 0.0000, label: 0, bag_size: 9896
batch 59, loss: 0.0007, instance_loss: 0.0000, weighted_loss: 0.0005, label: 1, bag_size: 22042
batch 79, loss: 0.0002, instance_loss: 0.0004, weighted_loss: 0.0003, label: 1, bag_size: 2671
batch 99, loss: 0.0000, instance_loss: 0.0000, weighted_loss: 0.0000, label: 0, bag_size: 6778
batch 119, loss: 0.0002, instance_loss: 0.0383, weighted_loss: 0.0116, label: 0, bag_size: 2465
batch 139, loss: 0.3143, instance_loss: 0.0000, weighted_loss: 0.2200, label: 1, bag_size: 22399
batch 159, loss: 0.0001, instance_loss: 0.0000, weighted_loss: 0.0001, label: 0, bag_size: 13944
batch 179, loss: 0.0003, instance_loss: 0.0000, weighted_loss: 0.0002, label: 1, bag_size: 4760
batch 199, loss: 0.0049, instance_loss: 0.0000, weighted_loss: 0.0035, label: 1, bag_size: 12989
batch 219, loss: 0.0013, instance_loss: 0.0000, weighted_loss: 0.0009, label: 1, bag_size: 5137
batch 239, loss: 0.0001, instance_loss: 0.0000, weighted_loss: 0.0001, label: 0, bag_size: 16707
batch 259, loss: 0.0000, instance_loss: 0.0000, weighted_loss: 0.0000, label: 0, bag_size: 2726
batch 279, loss: 0.0000, instance_loss: 0.0000, weighted_loss: 0.0000, label: 0, bag_size: 2718
batch 299, loss: 0.0000, instance_loss: 0.0012, weighted_loss: 0.0004, label: 0, bag_size: 4683
batch 319, loss: 0.0000, instance_loss: 0.0000, weighted_loss: 0.0000, label: 1, bag_size: 4516
batch 339, loss: 0.0000, instance_loss: 0.0000, weighted_loss: 0.0000, label: 0, bag_size: 5677
batch 359, loss: 0.0007, instance_loss: 0.0063, weighted_loss: 0.0024, label: 1, bag_size: 2671
batch 379, loss: 0.0000, instance_loss: 0.0337, weighted_loss: 0.0101, label: 0, bag_size: 1758
batch 399, loss: 0.0029, instance_loss: 0.0000, weighted_loss: 0.0020, label: 1, bag_size: 14318
batch 419, loss: 0.0000, instance_loss: 0.0000, weighted_loss: 0.0000, label: 0, bag_size: 5315
batch 439, loss: 0.0000, instance_loss: 0.0000, weighted_loss: 0.0000, label: 0, bag_size: 1674
batch 459, loss: 0.0001, instance_loss: 0.0000, weighted_loss: 0.0001, label: 1, bag_size: 8663
batch 479, loss: 0.0005, instance_loss: 0.0000, weighted_loss: 0.0003, label: 0, bag_size: 14601
batch 499, loss: 0.0000, instance_loss: 0.0043, weighted_loss: 0.0013, label: 0, bag_size: 11611
batch 519, loss: 0.0009, instance_loss: 0.0006, weighted_loss: 0.0008, label: 1, bag_size: 21952
batch 539, loss: 0.0004, instance_loss: 0.0000, weighted_loss: 0.0003, label: 1, bag_size: 13571
batch 559, loss: 0.0000, instance_loss: 0.0195, weighted_loss: 0.0059, label: 0, bag_size: 15251
batch 579, loss: 0.0026, instance_loss: 0.0018, weighted_loss: 0.0024, label: 1, bag_size: 6344
batch 599, loss: 0.0000, instance_loss: 0.0013, weighted_loss: 0.0004, label: 1, bag_size: 5956
batch 619, loss: 0.0072, instance_loss: 0.0000, weighted_loss: 0.0050, label: 1, bag_size: 18621
batch 639, loss: 0.0001, instance_loss: 0.0000, weighted_loss: 0.0001, label: 1, bag_size: 3354
batch 659, loss: 0.0000, instance_loss: 0.0000, weighted_loss: 0.0000, label: 0, bag_size: 6157
batch 679, loss: 0.0022, instance_loss: 0.0003, weighted_loss: 0.0017, label: 1, bag_size: 21952
batch 699, loss: 0.0975, instance_loss: 0.0014, weighted_loss: 0.0687, label: 1, bag_size: 21609
batch 719, loss: 0.0001, instance_loss: 0.0000, weighted_loss: 0.0001, label: 1, bag_size: 6812
batch 739, loss: 0.0000, instance_loss: 0.0000, weighted_loss: 0.0000, label: 0, bag_size: 8542
batch 759, loss: 0.0000, instance_loss: 0.0003, weighted_loss: 0.0001, label: 0, bag_size: 23729
batch 779, loss: 0.0000, instance_loss: 0.0040, weighted_loss: 0.0012, label: 0, bag_size: 2317
batch 799, loss: 0.0073, instance_loss: 0.0000, weighted_loss: 0.0051, label: 1, bag_size: 16197
batch 819, loss: 0.0029, instance_loss: 0.0000, weighted_loss: 0.0020, label: 1, bag_size: 22399
batch 839, loss: 0.0006, instance_loss: 0.0000, weighted_loss: 0.0004, label: 1, bag_size: 22624
batch 859, loss: 0.0000, instance_loss: 0.0000, weighted_loss: 0.0000, label: 0, bag_size: 2879


class 0 clustering acc 0.9994252873563219: correct 6956/6960
class 1 clustering acc 0.9988505747126437: correct 6952/6960
Epoch: 13, train_loss: 0.0089, train_clustering_loss:  0.0055, train_error: 0.0034
class 0: acc 0.9929906542056075, correct 425/428
class 1: acc 1.0, correct 442/442

Val Set, val_loss: 0.5709, val_error: 0.0769, auc: 0.2581
class 0 clustering acc 1.0: correct 1664/1664
class 1 clustering acc 0.9987980769230769: correct 1662/1664
class 0: acc 0.9458128078817734, correct 192/203
class 1: acc 0.0, correct 0/5
EarlyStopping counter: 9 out of 10


batch 19, loss: 0.0001, instance_loss: 0.0005, weighted_loss: 0.0002, label: 1, bag_size: 3354
batch 39, loss: 0.0001, instance_loss: 0.0011, weighted_loss: 0.0004, label: 1, bag_size: 13571
batch 59, loss: 0.0002, instance_loss: 0.0000, weighted_loss: 0.0002, label: 1, bag_size: 5137
batch 79, loss: 0.0034, instance_loss: 0.0000, weighted_loss: 0.0024, label: 1, bag_size: 16197
batch 99, loss: 0.0004, instance_loss: 0.0024, weighted_loss: 0.0010, label: 1, bag_size: 6344
batch 119, loss: 0.0000, instance_loss: 0.0000, weighted_loss: 0.0000, label: 0, bag_size: 9318
batch 139, loss: 0.0016, instance_loss: 0.0015, weighted_loss: 0.0016, label: 1, bag_size: 1140
batch 159, loss: 0.0000, instance_loss: 0.0000, weighted_loss: 0.0000, label: 0, bag_size: 3813
batch 179, loss: 0.0014, instance_loss: 0.0000, weighted_loss: 0.0010, label: 1, bag_size: 13646
batch 199, loss: 0.0001, instance_loss: 0.1004, weighted_loss: 0.0302, label: 0, bag_size: 26941
batch 219, loss: 0.0000, instance_loss: 0.0000, weighted_loss: 0.0000, label: 0, bag_size: 9159
batch 239, loss: 0.0000, instance_loss: 0.0026, weighted_loss: 0.0008, label: 0, bag_size: 9172
batch 259, loss: 0.0008, instance_loss: 0.0000, weighted_loss: 0.0005, label: 1, bag_size: 10371
batch 279, loss: 0.0061, instance_loss: 0.0000, weighted_loss: 0.0042, label: 1, bag_size: 14528
batch 299, loss: 0.0002, instance_loss: 0.0000, weighted_loss: 0.0001, label: 1, bag_size: 5137
batch 319, loss: 0.0081, instance_loss: 0.0000, weighted_loss: 0.0057, label: 0, bag_size: 4292
batch 339, loss: 0.0000, instance_loss: 0.0000, weighted_loss: 0.0000, label: 0, bag_size: 4983
batch 359, loss: 0.0000, instance_loss: 0.3384, weighted_loss: 0.1015, label: 0, bag_size: 1921
batch 379, loss: 0.0000, instance_loss: 0.0007, weighted_loss: 0.0002, label: 1, bag_size: 5906
batch 399, loss: 0.0000, instance_loss: 0.0077, weighted_loss: 0.0023, label: 1, bag_size: 5906
batch 419, loss: 0.0000, instance_loss: 0.0000, weighted_loss: 0.0000, label: 0, bag_size: 2787
batch 439, loss: 0.0000, instance_loss: 0.0631, weighted_loss: 0.0190, label: 1, bag_size: 5956
batch 459, loss: 0.0028, instance_loss: 0.0000, weighted_loss: 0.0020, label: 1, bag_size: 15079
batch 479, loss: 0.0000, instance_loss: 0.0004, weighted_loss: 0.0001, label: 0, bag_size: 6629
batch 499, loss: 0.0000, instance_loss: 0.0005, weighted_loss: 0.0002, label: 1, bag_size: 5906
batch 519, loss: 0.0002, instance_loss: 0.0000, weighted_loss: 0.0001, label: 1, bag_size: 10180
batch 539, loss: 0.0001, instance_loss: 0.0000, weighted_loss: 0.0001, label: 0, bag_size: 1358
batch 559, loss: 0.0012, instance_loss: 0.0000, weighted_loss: 0.0008, label: 1, bag_size: 16197
batch 579, loss: 0.0000, instance_loss: 0.0000, weighted_loss: 0.0000, label: 0, bag_size: 3550
batch 599, loss: 0.0000, instance_loss: 0.0000, weighted_loss: 0.0000, label: 1, bag_size: 2637
batch 619, loss: 0.0001, instance_loss: 0.0042, weighted_loss: 0.0013, label: 1, bag_size: 6344
batch 639, loss: 0.0000, instance_loss: 0.0012, weighted_loss: 0.0004, label: 1, bag_size: 6028
batch 659, loss: 0.0001, instance_loss: 0.0010, weighted_loss: 0.0004, label: 1, bag_size: 6344
batch 679, loss: 0.0045, instance_loss: 0.0000, weighted_loss: 0.0031, label: 1, bag_size: 18621
batch 699, loss: 0.0000, instance_loss: 0.0004, weighted_loss: 0.0001, label: 1, bag_size: 5906
batch 719, loss: 0.0000, instance_loss: 0.0000, weighted_loss: 0.0000, label: 1, bag_size: 3024
batch 739, loss: 0.0011, instance_loss: 0.0000, weighted_loss: 0.0008, label: 1, bag_size: 14318
batch 759, loss: 0.0001, instance_loss: 0.0000, weighted_loss: 0.0001, label: 1, bag_size: 4760
batch 779, loss: 0.0002, instance_loss: 0.0014, weighted_loss: 0.0006, label: 0, bag_size: 15803
batch 799, loss: 0.0000, instance_loss: 0.0000, weighted_loss: 0.0000, label: 1, bag_size: 4760
batch 819, loss: 0.0000, instance_loss: 0.0000, weighted_loss: 0.0000, label: 1, bag_size: 3024
batch 839, loss: 0.0000, instance_loss: 0.0000, weighted_loss: 0.0000, label: 0, bag_size: 16074
batch 859, loss: 0.0000, instance_loss: 0.0000, weighted_loss: 0.0000, label: 0, bag_size: 16051


class 0 clustering acc 0.9997126436781609: correct 6958/6960
class 1 clustering acc 0.9991379310344828: correct 6954/6960
Epoch: 14, train_loss: 0.0009, train_clustering_loss:  0.0035, train_error: 0.0000
class 0: acc 1.0, correct 446/446
class 1: acc 1.0, correct 424/424

Val Set, val_loss: 0.6055, val_error: 0.0721, auc: 0.2798
class 0 clustering acc 1.0: correct 1664/1664
class 1 clustering acc 0.9993990384615384: correct 1663/1664
class 0: acc 0.9507389162561576, correct 193/203
class 1: acc 0.0, correct 0/5
EarlyStopping counter: 10 out of 10
Early stopping
Val error: 0.0625, ROC AUC: 0.2778
CV validation error: 0.0625, ROC AUC: 0.2778
class 0: acc 0.9605911330049262, correct 195/203
class 1: acc 0.0, correct 0/5
Future event metrics: {"fold": 4, "events": 103, "positive_events": 4, "event_average_precision": 0.02876442346723653, "event_roc_auc": 0.18434343434343434, "event_brier": 0.0676233200604822, "aggregation": "mean probability across all included stains/slides of same patient/anchor date", "exploratory_cv_not_independent_final_test": true}
finished!
end script
