
Load Dataset
label column: label
label dictionary: {0: 0, 1: 1}
number of classes: 2
slide-level counts:  
 label
1     38
0    227
Name: count, dtype: int64
Patient-LVL; Number of samples registered in class 0: 90
Slide-LVL; Number of samples registered in class 0: 227
Patient-LVL; Number of samples registered in class 1: 12
Slide-LVL; Number of samples registered in class 1: 38
split_dir:  /home/jupyter/data/image_team/labels/derived/future_significant_gold_v1/splits/smc_future_significant_rejection_gold3
################# Settings ###################
num_splits:  3
k_start:  -1
k_end:  -1
task:  task_smc_future_significant_rejection
max_epochs:  30
early_stop_patience:  20
early_stop_min_epoch:  50
results_dir:  ./results
lr:  0.0002
experiment:  smc_future_significant_l1_0p50mpp_20x_uni2_clamsb_gold3cv_fixed30
reg:  1e-05
label_frac:  1.0
bag_loss:  ce
seed:  1
model_type:  clam_sb
model_size:  small
use_drop_out:  0.25
weighted_sample:  True
opt:  adam
bag_weight:  0.7
inst_loss:  svm
B:  8
split_dir:  /home/jupyter/data/image_team/labels/derived/future_significant_gold_v1/splits/smc_future_significant_rejection_gold3

Training Fold 0!

Init train/val/test splits... 
Done!
Training on 191 samples
Validating on 0 samples
Testing on 74 samples

Init loss function... Done!

Init Model... Setting tau to 1.0
Done!
CLAM_SB(
  (attention_net): Sequential(
    (0): Linear(in_features=1536, out_features=512, bias=True)
    (1): ReLU()
    (2): Dropout(p=0.25, inplace=False)
    (3): Attn_Net_Gated(
      (attention_a): Sequential(
        (0): Linear(in_features=512, out_features=256, bias=True)
        (1): Tanh()
        (2): Dropout(p=0.25, inplace=False)
      )
      (attention_b): Sequential(
        (0): Linear(in_features=512, out_features=256, bias=True)
        (1): Sigmoid()
        (2): Dropout(p=0.25, inplace=False)
      )
      (attention_c): Linear(in_features=256, out_features=1, bias=True)
    )
  )
  (classifiers): Linear(in_features=512, out_features=2, bias=True)
  (instance_classifiers): ModuleList(
    (0-1): 2 x Linear(in_features=512, out_features=2, bias=True)
  )
  (instance_loss_fn): SmoothTop1SVM()
)
Total number of parameters: 1052935
Total number of trainable parameters: 1052935

Init optimizer ... Done!
Cosine LR schedule: 2.00e-04 -> 0.00e+00 over 30 epochs

Init Loaders... Done!

Setup EarlyStopping... Done!


batch 19, loss: 0.3726, instance_loss: 1.2059, weighted_loss: 0.6226, label: 1, bag_size: 1922
batch 39, loss: 0.3688, instance_loss: 0.5690, weighted_loss: 0.4288, label: 1, bag_size: 4741
batch 59, loss: 0.7718, instance_loss: 1.7544, weighted_loss: 1.0665, label: 0, bag_size: 2892
batch 79, loss: 0.9236, instance_loss: 2.6336, weighted_loss: 1.4366, label: 1, bag_size: 766
batch 99, loss: 0.7791, instance_loss: 1.3337, weighted_loss: 0.9455, label: 1, bag_size: 1296
batch 119, loss: 0.1160, instance_loss: 1.4302, weighted_loss: 0.5102, label: 1, bag_size: 19888
batch 139, loss: 0.6330, instance_loss: 0.9283, weighted_loss: 0.7216, label: 0, bag_size: 731
batch 159, loss: 0.3941, instance_loss: 1.1101, weighted_loss: 0.6089, label: 0, bag_size: 986
batch 179, loss: 0.0811, instance_loss: 0.9575, weighted_loss: 0.3440, label: 1, bag_size: 14189


class 0 clustering acc 0.7336387434554974: correct 1121/1528
class 1 clustering acc 0.6276178010471204: correct 959/1528
Epoch: 0, train_loss: 0.6643, train_clustering_loss:  1.1313, train_error: 0.3822
class 0: acc 0.59, correct 59/100
class 1: acc 0.6483516483516484, correct 59/91


batch 19, loss: 0.8568, instance_loss: 0.7712, weighted_loss: 0.8312, label: 1, bag_size: 680
batch 39, loss: 0.7096, instance_loss: 0.4114, weighted_loss: 0.6201, label: 1, bag_size: 1100
batch 59, loss: 0.3183, instance_loss: 2.2479, weighted_loss: 0.8972, label: 0, bag_size: 1049
batch 79, loss: 0.3052, instance_loss: 0.0137, weighted_loss: 0.2177, label: 0, bag_size: 5337
batch 99, loss: 0.1531, instance_loss: 0.2857, weighted_loss: 0.1929, label: 0, bag_size: 918
batch 119, loss: 0.8338, instance_loss: 0.0546, weighted_loss: 0.6001, label: 1, bag_size: 523
batch 139, loss: 1.5352, instance_loss: 0.1462, weighted_loss: 1.1185, label: 1, bag_size: 1296
batch 159, loss: 0.7845, instance_loss: 0.0015, weighted_loss: 0.5496, label: 0, bag_size: 1737
batch 179, loss: 1.4013, instance_loss: 0.0429, weighted_loss: 0.9938, label: 1, bag_size: 529


class 0 clustering acc 0.9482984293193717: correct 1449/1528
class 1 clustering acc 0.9712041884816754: correct 1484/1528
Epoch: 1, train_loss: 0.4969, train_clustering_loss:  0.2556, train_error: 0.3089
class 0: acc 0.8235294117647058, correct 84/102
class 1: acc 0.5393258426966292, correct 48/89


batch 19, loss: 0.3731, instance_loss: 4.2064, weighted_loss: 1.5231, label: 1, bag_size: 523
batch 39, loss: 1.0202, instance_loss: 3.0522, weighted_loss: 1.6298, label: 0, bag_size: 1702
batch 59, loss: 0.1220, instance_loss: 1.1517, weighted_loss: 0.4309, label: 1, bag_size: 1343
batch 79, loss: 0.0604, instance_loss: 0.7042, weighted_loss: 0.2535, label: 1, bag_size: 14205
batch 99, loss: 0.4790, instance_loss: 0.0109, weighted_loss: 0.3386, label: 0, bag_size: 2920
batch 119, loss: 0.1895, instance_loss: 0.0086, weighted_loss: 0.1352, label: 0, bag_size: 3768
batch 139, loss: 0.2246, instance_loss: 0.1203, weighted_loss: 0.1933, label: 1, bag_size: 1922
batch 159, loss: 0.3184, instance_loss: 0.0660, weighted_loss: 0.2427, label: 0, bag_size: 992
batch 179, loss: 0.5943, instance_loss: 0.0009, weighted_loss: 0.4163, label: 0, bag_size: 3958


class 0 clustering acc 0.9037958115183246: correct 1381/1528
class 1 clustering acc 0.8540575916230366: correct 1305/1528
Epoch: 2, train_loss: 0.5174, train_clustering_loss:  0.5884, train_error: 0.2723
class 0: acc 0.7472527472527473, correct 68/91
class 1: acc 0.71, correct 71/100


batch 19, loss: 0.4461, instance_loss: 0.0118, weighted_loss: 0.3158, label: 0, bag_size: 3483
batch 39, loss: 0.2151, instance_loss: 0.0173, weighted_loss: 0.1558, label: 0, bag_size: 711
batch 59, loss: 0.0216, instance_loss: 0.0208, weighted_loss: 0.0214, label: 1, bag_size: 19888
batch 79, loss: 0.6437, instance_loss: 0.0190, weighted_loss: 0.4562, label: 0, bag_size: 2191
batch 99, loss: 0.0520, instance_loss: 0.0111, weighted_loss: 0.0397, label: 1, bag_size: 10274
batch 119, loss: 0.3761, instance_loss: 0.0102, weighted_loss: 0.2663, label: 1, bag_size: 1949
batch 139, loss: 1.4749, instance_loss: 0.0104, weighted_loss: 1.0356, label: 0, bag_size: 1608
batch 159, loss: 0.1841, instance_loss: 0.0012, weighted_loss: 0.1293, label: 0, bag_size: 4080
batch 179, loss: 0.6129, instance_loss: 0.0082, weighted_loss: 0.4315, label: 0, bag_size: 769


class 0 clustering acc 0.9986910994764397: correct 1526/1528
class 1 clustering acc 0.9947643979057592: correct 1520/1528
Epoch: 3, train_loss: 0.4450, train_clustering_loss:  0.0321, train_error: 0.2408
class 0: acc 0.7282608695652174, correct 67/92
class 1: acc 0.7878787878787878, correct 78/99


batch 19, loss: 0.0870, instance_loss: 0.0206, weighted_loss: 0.0670, label: 1, bag_size: 1343
batch 39, loss: 0.5865, instance_loss: 0.3258, weighted_loss: 0.5083, label: 1, bag_size: 529
batch 59, loss: 0.5443, instance_loss: 0.0412, weighted_loss: 0.3934, label: 0, bag_size: 215
batch 79, loss: 1.3698, instance_loss: 0.0028, weighted_loss: 0.9597, label: 0, bag_size: 3483
batch 99, loss: 0.3032, instance_loss: 0.0032, weighted_loss: 0.2132, label: 1, bag_size: 1949
batch 119, loss: 0.6616, instance_loss: 0.0087, weighted_loss: 0.4657, label: 0, bag_size: 555
batch 139, loss: 0.0895, instance_loss: 0.0034, weighted_loss: 0.0637, label: 1, bag_size: 1100
batch 159, loss: 0.2606, instance_loss: 0.0063, weighted_loss: 0.1843, label: 0, bag_size: 779
batch 179, loss: 0.0027, instance_loss: 0.0025, weighted_loss: 0.0026, label: 1, bag_size: 14205


class 0 clustering acc 0.9973821989528796: correct 1524/1528
class 1 clustering acc 0.9967277486910995: correct 1523/1528
Epoch: 4, train_loss: 0.3980, train_clustering_loss:  0.0204, train_error: 0.1885
class 0: acc 0.86, correct 86/100
class 1: acc 0.7582417582417582, correct 69/91


batch 19, loss: 1.3285, instance_loss: 0.0169, weighted_loss: 0.9350, label: 1, bag_size: 680
batch 39, loss: 0.0044, instance_loss: 0.0000, weighted_loss: 0.0031, label: 0, bag_size: 5091
batch 59, loss: 0.6800, instance_loss: 0.0155, weighted_loss: 0.4807, label: 1, bag_size: 680
batch 79, loss: 1.2872, instance_loss: 0.0063, weighted_loss: 0.9030, label: 0, bag_size: 2344
batch 99, loss: 0.2013, instance_loss: 0.0059, weighted_loss: 0.1427, label: 0, bag_size: 2948
batch 119, loss: 1.5511, instance_loss: 0.0014, weighted_loss: 1.0862, label: 0, bag_size: 1067
batch 139, loss: 0.7941, instance_loss: 0.0019, weighted_loss: 0.5564, label: 0, bag_size: 2612
batch 159, loss: 0.1405, instance_loss: 0.0814, weighted_loss: 0.1228, label: 1, bag_size: 523
batch 179, loss: 0.0014, instance_loss: 0.0000, weighted_loss: 0.0009, label: 0, bag_size: 4391


class 0 clustering acc 1.0: correct 1528/1528
class 1 clustering acc 0.9967277486910995: correct 1523/1528
Epoch: 5, train_loss: 0.4095, train_clustering_loss:  0.0139, train_error: 0.2147
class 0: acc 0.8095238095238095, correct 85/105
class 1: acc 0.7558139534883721, correct 65/86


batch 19, loss: 0.1567, instance_loss: 0.0076, weighted_loss: 0.1120, label: 1, bag_size: 3583
batch 39, loss: 0.0242, instance_loss: 0.0026, weighted_loss: 0.0177, label: 1, bag_size: 2728
batch 59, loss: 0.1774, instance_loss: 0.0011, weighted_loss: 0.1245, label: 0, bag_size: 2823
batch 79, loss: 0.4556, instance_loss: 0.0061, weighted_loss: 0.3207, label: 1, bag_size: 766
batch 99, loss: 0.0041, instance_loss: 0.0019, weighted_loss: 0.0034, label: 1, bag_size: 9914
batch 119, loss: 1.2492, instance_loss: 0.0039, weighted_loss: 0.8756, label: 1, bag_size: 1511
batch 139, loss: 0.4446, instance_loss: 0.0017, weighted_loss: 0.3118, label: 0, bag_size: 3479
batch 159, loss: 0.1270, instance_loss: 0.0051, weighted_loss: 0.0904, label: 0, bag_size: 1737
batch 179, loss: 0.2312, instance_loss: 0.0065, weighted_loss: 0.1638, label: 0, bag_size: 980


class 0 clustering acc 0.9993455497382199: correct 1527/1528
class 1 clustering acc 0.9980366492146597: correct 1525/1528
Epoch: 6, train_loss: 0.3140, train_clustering_loss:  0.0173, train_error: 0.1466
class 0: acc 0.897196261682243, correct 96/107
class 1: acc 0.7976190476190477, correct 67/84


batch 19, loss: 0.1682, instance_loss: 0.0013, weighted_loss: 0.1182, label: 0, bag_size: 1664
batch 39, loss: 0.0001, instance_loss: 0.0014, weighted_loss: 0.0005, label: 1, bag_size: 14189
batch 59, loss: 0.1047, instance_loss: 0.0060, weighted_loss: 0.0751, label: 0, bag_size: 656
batch 79, loss: 0.0258, instance_loss: 0.0000, weighted_loss: 0.0181, label: 1, bag_size: 2728
batch 99, loss: 0.5714, instance_loss: 0.0041, weighted_loss: 0.4012, label: 0, bag_size: 1432
batch 119, loss: 0.0515, instance_loss: 0.0017, weighted_loss: 0.0365, label: 0, bag_size: 1774
batch 139, loss: 0.1994, instance_loss: 0.0000, weighted_loss: 0.1396, label: 0, bag_size: 2537
batch 159, loss: 1.1206, instance_loss: 0.0003, weighted_loss: 0.7845, label: 0, bag_size: 986
batch 179, loss: 0.1419, instance_loss: 0.0052, weighted_loss: 0.1009, label: 0, bag_size: 524


class 0 clustering acc 1.0: correct 1528/1528
class 1 clustering acc 1.0: correct 1528/1528
Epoch: 7, train_loss: 0.2905, train_clustering_loss:  0.0065, train_error: 0.1466
class 0: acc 0.8602150537634409, correct 80/93
class 1: acc 0.8469387755102041, correct 83/98


batch 19, loss: 0.5652, instance_loss: 0.0007, weighted_loss: 0.3959, label: 0, bag_size: 4610
batch 39, loss: 0.1055, instance_loss: 0.0017, weighted_loss: 0.0744, label: 0, bag_size: 1420
batch 59, loss: 0.0133, instance_loss: 0.1965, weighted_loss: 0.0683, label: 0, bag_size: 29
batch 79, loss: 0.0794, instance_loss: 0.0047, weighted_loss: 0.0570, label: 1, bag_size: 1511
batch 99, loss: 0.1268, instance_loss: 0.0014, weighted_loss: 0.0892, label: 1, bag_size: 766
batch 119, loss: 0.0201, instance_loss: 0.0015, weighted_loss: 0.0145, label: 1, bag_size: 779
batch 139, loss: 0.0020, instance_loss: 0.0000, weighted_loss: 0.0014, label: 0, bag_size: 4741
batch 159, loss: 0.0023, instance_loss: 0.0007, weighted_loss: 0.0018, label: 1, bag_size: 19888
batch 179, loss: 0.7250, instance_loss: 0.0020, weighted_loss: 0.5081, label: 0, bag_size: 2672


class 0 clustering acc 1.0: correct 1528/1528
class 1 clustering acc 1.0: correct 1528/1528
Epoch: 8, train_loss: 0.2300, train_clustering_loss:  0.0065, train_error: 0.0890
class 0: acc 0.9405940594059405, correct 95/101
class 1: acc 0.8777777777777778, correct 79/90


batch 19, loss: 0.0058, instance_loss: 0.0000, weighted_loss: 0.0040, label: 0, bag_size: 4523
batch 39, loss: 0.0999, instance_loss: 0.0033, weighted_loss: 0.0709, label: 1, bag_size: 1511
batch 59, loss: 0.0317, instance_loss: 0.0000, weighted_loss: 0.0222, label: 0, bag_size: 3693
batch 79, loss: 0.0001, instance_loss: 0.0000, weighted_loss: 0.0001, label: 0, bag_size: 5035
batch 99, loss: 0.0004, instance_loss: 0.0002, weighted_loss: 0.0003, label: 0, bag_size: 840
batch 119, loss: 0.4013, instance_loss: 0.0025, weighted_loss: 0.2817, label: 0, bag_size: 825
batch 139, loss: 0.0035, instance_loss: 0.0134, weighted_loss: 0.0065, label: 0, bag_size: 4381
batch 159, loss: 0.0315, instance_loss: 0.0079, weighted_loss: 0.0244, label: 0, bag_size: 215
batch 179, loss: 0.2691, instance_loss: 0.0060, weighted_loss: 0.1902, label: 0, bag_size: 769


class 0 clustering acc 0.9993455497382199: correct 1527/1528
class 1 clustering acc 1.0: correct 1528/1528
Epoch: 9, train_loss: 0.1519, train_clustering_loss:  0.0100, train_error: 0.0524
class 0: acc 0.95, correct 95/100
class 1: acc 0.945054945054945, correct 86/91


batch 19, loss: 0.0035, instance_loss: 0.0000, weighted_loss: 0.0025, label: 1, bag_size: 2728
batch 39, loss: 0.0010, instance_loss: 0.0000, weighted_loss: 0.0007, label: 0, bag_size: 2145
batch 59, loss: 0.0001, instance_loss: 0.0000, weighted_loss: 0.0000, label: 0, bag_size: 4355
batch 79, loss: 0.0369, instance_loss: 0.0021, weighted_loss: 0.0265, label: 1, bag_size: 779
batch 99, loss: 0.0140, instance_loss: 0.0047, weighted_loss: 0.0112, label: 1, bag_size: 3583
batch 119, loss: 0.7143, instance_loss: 0.0019, weighted_loss: 0.5006, label: 0, bag_size: 3269
batch 139, loss: 0.0159, instance_loss: 0.0005, weighted_loss: 0.0113, label: 0, bag_size: 1737
batch 159, loss: 0.0365, instance_loss: 0.0105, weighted_loss: 0.0287, label: 1, bag_size: 1949
batch 179, loss: 0.0055, instance_loss: 0.0582, weighted_loss: 0.0213, label: 0, bag_size: 2920


class 0 clustering acc 0.9986910994764397: correct 1526/1528
class 1 clustering acc 1.0: correct 1528/1528
Epoch: 10, train_loss: 0.1485, train_clustering_loss:  0.0079, train_error: 0.0524
class 0: acc 0.9438202247191011, correct 84/89
class 1: acc 0.9509803921568627, correct 97/102


batch 19, loss: 0.9347, instance_loss: 0.0170, weighted_loss: 0.6594, label: 0, bag_size: 769
batch 39, loss: 0.0022, instance_loss: 0.0013, weighted_loss: 0.0020, label: 0, bag_size: 1476
batch 59, loss: 0.0583, instance_loss: 0.0005, weighted_loss: 0.0410, label: 1, bag_size: 779
batch 79, loss: 0.0106, instance_loss: 0.0000, weighted_loss: 0.0074, label: 0, bag_size: 4741
batch 99, loss: 0.0029, instance_loss: 0.0039, weighted_loss: 0.0032, label: 1, bag_size: 1343
batch 119, loss: 0.0537, instance_loss: 0.0038, weighted_loss: 0.0387, label: 0, bag_size: 662
batch 139, loss: 0.0529, instance_loss: 0.0000, weighted_loss: 0.0370, label: 0, bag_size: 2537
batch 159, loss: 0.0075, instance_loss: 0.0008, weighted_loss: 0.0055, label: 0, bag_size: 1021
batch 179, loss: 0.0740, instance_loss: 0.0257, weighted_loss: 0.0595, label: 1, bag_size: 680


class 0 clustering acc 0.9986910994764397: correct 1526/1528
class 1 clustering acc 1.0: correct 1528/1528
Epoch: 11, train_loss: 0.1199, train_clustering_loss:  0.0074, train_error: 0.0524
class 0: acc 0.9473684210526315, correct 90/95
class 1: acc 0.9479166666666666, correct 91/96


batch 19, loss: 0.0004, instance_loss: 0.0014, weighted_loss: 0.0007, label: 1, bag_size: 19728
batch 39, loss: 0.0059, instance_loss: 0.0000, weighted_loss: 0.0041, label: 0, bag_size: 686
batch 59, loss: 0.0006, instance_loss: 0.0015, weighted_loss: 0.0009, label: 1, bag_size: 5486
batch 79, loss: 0.0180, instance_loss: 0.0005, weighted_loss: 0.0128, label: 0, bag_size: 2518
batch 99, loss: 0.0028, instance_loss: 0.0006, weighted_loss: 0.0021, label: 0, bag_size: 489
batch 119, loss: 0.1283, instance_loss: 0.0120, weighted_loss: 0.0934, label: 1, bag_size: 2441
batch 139, loss: 0.0052, instance_loss: 0.0712, weighted_loss: 0.0250, label: 0, bag_size: 600
batch 159, loss: 0.0001, instance_loss: 0.0023, weighted_loss: 0.0007, label: 1, bag_size: 19728
batch 179, loss: 0.0012, instance_loss: 0.0012, weighted_loss: 0.0012, label: 0, bag_size: 2612


class 0 clustering acc 0.9986910994764397: correct 1526/1528
class 1 clustering acc 1.0: correct 1528/1528
Epoch: 12, train_loss: 0.0894, train_clustering_loss:  0.0103, train_error: 0.0262
class 0: acc 0.978494623655914, correct 91/93
class 1: acc 0.9693877551020408, correct 95/98


batch 19, loss: 0.0119, instance_loss: 0.0014, weighted_loss: 0.0087, label: 1, bag_size: 2441
batch 39, loss: 0.0004, instance_loss: 0.0009, weighted_loss: 0.0006, label: 1, bag_size: 1922
batch 59, loss: 0.0999, instance_loss: 0.0085, weighted_loss: 0.0725, label: 1, bag_size: 1296
batch 79, loss: 0.0291, instance_loss: 0.0022, weighted_loss: 0.0211, label: 0, bag_size: 4381
batch 99, loss: 0.0010, instance_loss: 0.0011, weighted_loss: 0.0011, label: 1, bag_size: 1922
batch 119, loss: 0.1371, instance_loss: 0.0104, weighted_loss: 0.0991, label: 0, bag_size: 580
batch 139, loss: 0.0008, instance_loss: 0.0000, weighted_loss: 0.0006, label: 1, bag_size: 10274
batch 159, loss: 0.0005, instance_loss: 0.0031, weighted_loss: 0.0013, label: 1, bag_size: 1343
batch 179, loss: 0.0079, instance_loss: 0.0158, weighted_loss: 0.0103, label: 0, bag_size: 743


class 0 clustering acc 0.9993455497382199: correct 1527/1528
class 1 clustering acc 0.9973821989528796: correct 1524/1528
Epoch: 13, train_loss: 0.0549, train_clustering_loss:  0.0108, train_error: 0.0209
class 0: acc 0.979381443298969, correct 95/97
class 1: acc 0.9787234042553191, correct 92/94


batch 19, loss: 0.0837, instance_loss: 0.0220, weighted_loss: 0.0652, label: 1, bag_size: 766
batch 39, loss: 0.0003, instance_loss: 0.0003, weighted_loss: 0.0003, label: 1, bag_size: 9914
batch 59, loss: 0.0220, instance_loss: 0.0199, weighted_loss: 0.0214, label: 1, bag_size: 1949
batch 79, loss: 0.3760, instance_loss: 0.0079, weighted_loss: 0.2656, label: 0, bag_size: 612
batch 99, loss: 0.0432, instance_loss: 0.0608, weighted_loss: 0.0485, label: 1, bag_size: 852
batch 119, loss: 0.2498, instance_loss: 0.0923, weighted_loss: 0.2025, label: 0, bag_size: 328
batch 139, loss: 0.0003, instance_loss: 0.0042, weighted_loss: 0.0015, label: 0, bag_size: 1737
batch 159, loss: 0.0006, instance_loss: 0.0200, weighted_loss: 0.0064, label: 1, bag_size: 1511
batch 179, loss: 0.0031, instance_loss: 0.0242, weighted_loss: 0.0094, label: 0, bag_size: 734


class 0 clustering acc 1.0: correct 1528/1528
class 1 clustering acc 1.0: correct 1528/1528
Epoch: 14, train_loss: 0.0199, train_clustering_loss:  0.0148, train_error: 0.0000
class 0: acc 1.0, correct 93/93
class 1: acc 1.0, correct 98/98


batch 19, loss: 0.0001, instance_loss: 0.0109, weighted_loss: 0.0033, label: 0, bag_size: 908
batch 39, loss: 0.0564, instance_loss: 0.0216, weighted_loss: 0.0460, label: 1, bag_size: 1296
batch 59, loss: 0.0152, instance_loss: 0.0049, weighted_loss: 0.0121, label: 0, bag_size: 1736
batch 79, loss: 0.0002, instance_loss: 0.0000, weighted_loss: 0.0001, label: 0, bag_size: 5337
batch 99, loss: 0.0051, instance_loss: 0.0038, weighted_loss: 0.0047, label: 0, bag_size: 4112
batch 119, loss: 0.0025, instance_loss: 0.0465, weighted_loss: 0.0157, label: 1, bag_size: 1922
batch 139, loss: 0.0217, instance_loss: 0.0055, weighted_loss: 0.0168, label: 1, bag_size: 3583
batch 159, loss: 0.0006, instance_loss: 0.0571, weighted_loss: 0.0175, label: 1, bag_size: 2441
batch 179, loss: 0.0000, instance_loss: 0.0000, weighted_loss: 0.0000, label: 0, bag_size: 4391


class 0 clustering acc 0.9993455497382199: correct 1527/1528
class 1 clustering acc 0.9973821989528796: correct 1524/1528
Epoch: 15, train_loss: 0.0991, train_clustering_loss:  0.0204, train_error: 0.0366
class 0: acc 0.9591836734693877, correct 94/98
class 1: acc 0.967741935483871, correct 90/93


batch 19, loss: 0.0079, instance_loss: 0.0187, weighted_loss: 0.0112, label: 1, bag_size: 1296
batch 39, loss: 0.1806, instance_loss: 0.0027, weighted_loss: 0.1272, label: 0, bag_size: 524
batch 59, loss: 0.2358, instance_loss: 0.0223, weighted_loss: 0.1718, label: 0, bag_size: 681
batch 79, loss: 0.0046, instance_loss: 0.0006, weighted_loss: 0.0034, label: 1, bag_size: 3583
batch 99, loss: 0.0044, instance_loss: 0.0125, weighted_loss: 0.0068, label: 1, bag_size: 1922
batch 119, loss: 0.0724, instance_loss: 0.0184, weighted_loss: 0.0562, label: 1, bag_size: 766
batch 139, loss: 0.0023, instance_loss: 0.0009, weighted_loss: 0.0019, label: 1, bag_size: 5486
batch 159, loss: 0.0072, instance_loss: 0.0601, weighted_loss: 0.0230, label: 1, bag_size: 1511
batch 179, loss: 0.0011, instance_loss: 0.0036, weighted_loss: 0.0019, label: 0, bag_size: 404


class 0 clustering acc 1.0: correct 1528/1528
class 1 clustering acc 1.0: correct 1528/1528
Epoch: 16, train_loss: 0.0568, train_clustering_loss:  0.0104, train_error: 0.0105
class 0: acc 1.0, correct 101/101
class 1: acc 0.9777777777777777, correct 88/90


batch 19, loss: 0.0002, instance_loss: 0.0000, weighted_loss: 0.0002, label: 1, bag_size: 9914
batch 39, loss: 0.0024, instance_loss: 0.0026, weighted_loss: 0.0025, label: 0, bag_size: 2305
batch 59, loss: 0.0000, instance_loss: 0.0003, weighted_loss: 0.0001, label: 1, bag_size: 19728
batch 79, loss: 0.0005, instance_loss: 0.0353, weighted_loss: 0.0110, label: 0, bag_size: 649
batch 99, loss: 0.0045, instance_loss: 0.0019, weighted_loss: 0.0037, label: 0, bag_size: 4080
batch 119, loss: 0.0193, instance_loss: 0.0012, weighted_loss: 0.0139, label: 1, bag_size: 1100
batch 139, loss: 0.0051, instance_loss: 0.0092, weighted_loss: 0.0064, label: 0, bag_size: 565
batch 159, loss: 0.0014, instance_loss: 0.0201, weighted_loss: 0.0070, label: 1, bag_size: 1511
batch 179, loss: 0.0000, instance_loss: 0.0000, weighted_loss: 0.0000, label: 0, bag_size: 4391


class 0 clustering acc 1.0: correct 1528/1528
class 1 clustering acc 0.9993455497382199: correct 1527/1528
Epoch: 17, train_loss: 0.0164, train_clustering_loss:  0.0129, train_error: 0.0000
class 0: acc 1.0, correct 89/89
class 1: acc 1.0, correct 102/102


batch 19, loss: 0.0447, instance_loss: 0.0166, weighted_loss: 0.0363, label: 1, bag_size: 2162
batch 39, loss: 0.0006, instance_loss: 0.0000, weighted_loss: 0.0004, label: 0, bag_size: 4337
batch 59, loss: 0.0013, instance_loss: 0.0243, weighted_loss: 0.0082, label: 0, bag_size: 992
batch 79, loss: 0.0016, instance_loss: 0.0411, weighted_loss: 0.0135, label: 1, bag_size: 1511
batch 99, loss: 0.0042, instance_loss: 0.0824, weighted_loss: 0.0276, label: 0, bag_size: 29
batch 119, loss: 0.0009, instance_loss: 0.1119, weighted_loss: 0.0342, label: 0, bag_size: 734
batch 139, loss: 0.0000, instance_loss: 0.0000, weighted_loss: 0.0000, label: 0, bag_size: 4217
batch 159, loss: 0.0001, instance_loss: 0.0000, weighted_loss: 0.0001, label: 1, bag_size: 19728
batch 179, loss: 0.0001, instance_loss: 0.0000, weighted_loss: 0.0001, label: 1, bag_size: 19728


class 0 clustering acc 0.9980366492146597: correct 1525/1528
class 1 clustering acc 0.9980366492146597: correct 1525/1528
Epoch: 18, train_loss: 0.0106, train_clustering_loss:  0.0135, train_error: 0.0000
class 0: acc 1.0, correct 87/87
class 1: acc 1.0, correct 104/104


batch 19, loss: 0.0013, instance_loss: 0.0055, weighted_loss: 0.0026, label: 0, bag_size: 3483
batch 39, loss: 0.0097, instance_loss: 0.0061, weighted_loss: 0.0086, label: 1, bag_size: 2441
batch 59, loss: 0.0002, instance_loss: 0.0000, weighted_loss: 0.0002, label: 1, bag_size: 9914
batch 79, loss: 0.0001, instance_loss: 0.0000, weighted_loss: 0.0000, label: 0, bag_size: 3836
batch 99, loss: 0.0001, instance_loss: 0.0000, weighted_loss: 0.0000, label: 0, bag_size: 6348
batch 119, loss: 0.0015, instance_loss: 0.0000, weighted_loss: 0.0011, label: 0, bag_size: 590
batch 139, loss: 0.0004, instance_loss: 0.0003, weighted_loss: 0.0004, label: 0, bag_size: 3269
batch 159, loss: 0.0281, instance_loss: 0.2188, weighted_loss: 0.0853, label: 0, bag_size: 656
batch 179, loss: 0.0007, instance_loss: 0.0588, weighted_loss: 0.0181, label: 1, bag_size: 5486


class 0 clustering acc 0.9986910994764397: correct 1526/1528
class 1 clustering acc 0.9993455497382199: correct 1527/1528
Epoch: 19, train_loss: 0.0114, train_clustering_loss:  0.0127, train_error: 0.0000
class 0: acc 1.0, correct 101/101
class 1: acc 1.0, correct 90/90


batch 19, loss: 0.0690, instance_loss: 0.0165, weighted_loss: 0.0532, label: 1, bag_size: 766
batch 39, loss: 0.0095, instance_loss: 0.0186, weighted_loss: 0.0122, label: 0, bag_size: 555
batch 59, loss: 0.0381, instance_loss: 0.0403, weighted_loss: 0.0387, label: 1, bag_size: 852
batch 79, loss: 0.0000, instance_loss: 0.0000, weighted_loss: 0.0000, label: 0, bag_size: 3770
batch 99, loss: 0.0015, instance_loss: 0.0089, weighted_loss: 0.0037, label: 1, bag_size: 523
batch 119, loss: 0.0000, instance_loss: 0.0000, weighted_loss: 0.0000, label: 1, bag_size: 14189
batch 139, loss: 0.0158, instance_loss: 0.0000, weighted_loss: 0.0111, label: 1, bag_size: 1100
batch 159, loss: 0.0009, instance_loss: 0.0219, weighted_loss: 0.0072, label: 0, bag_size: 734
batch 179, loss: 0.0006, instance_loss: 0.0062, weighted_loss: 0.0023, label: 0, bag_size: 1110


class 0 clustering acc 1.0: correct 1528/1528
class 1 clustering acc 1.0: correct 1528/1528
Epoch: 20, train_loss: 0.0060, train_clustering_loss:  0.0094, train_error: 0.0000
class 0: acc 1.0, correct 95/95
class 1: acc 1.0, correct 96/96


batch 19, loss: 0.0047, instance_loss: 0.0134, weighted_loss: 0.0074, label: 1, bag_size: 1949
batch 39, loss: 0.0015, instance_loss: 0.0034, weighted_loss: 0.0021, label: 0, bag_size: 817
batch 59, loss: 0.0000, instance_loss: 0.0000, weighted_loss: 0.0000, label: 0, bag_size: 4815
batch 79, loss: 0.0001, instance_loss: 0.0136, weighted_loss: 0.0041, label: 0, bag_size: 1476
batch 99, loss: 0.0004, instance_loss: 0.0000, weighted_loss: 0.0003, label: 1, bag_size: 3583
batch 119, loss: 0.0001, instance_loss: 0.0045, weighted_loss: 0.0014, label: 0, bag_size: 908
batch 139, loss: 0.0000, instance_loss: 0.0000, weighted_loss: 0.0000, label: 1, bag_size: 14189
batch 159, loss: 0.0014, instance_loss: 0.0044, weighted_loss: 0.0023, label: 1, bag_size: 1922
batch 179, loss: 0.0012, instance_loss: 0.0028, weighted_loss: 0.0017, label: 1, bag_size: 1922


class 0 clustering acc 0.9993455497382199: correct 1527/1528
class 1 clustering acc 0.9993455497382199: correct 1527/1528
Epoch: 21, train_loss: 0.0056, train_clustering_loss:  0.0099, train_error: 0.0000
class 0: acc 1.0, correct 88/88
class 1: acc 1.0, correct 103/103


batch 19, loss: 0.0040, instance_loss: 0.0117, weighted_loss: 0.0063, label: 1, bag_size: 2162
batch 39, loss: 0.0139, instance_loss: 0.0197, weighted_loss: 0.0156, label: 1, bag_size: 766
batch 59, loss: 0.0003, instance_loss: 0.0096, weighted_loss: 0.0031, label: 1, bag_size: 523
batch 79, loss: 0.0054, instance_loss: 0.1284, weighted_loss: 0.0423, label: 0, bag_size: 235
batch 99, loss: 0.0010, instance_loss: 0.0972, weighted_loss: 0.0299, label: 0, bag_size: 237
batch 119, loss: 0.0000, instance_loss: 0.0003, weighted_loss: 0.0001, label: 1, bag_size: 19728
batch 139, loss: 0.0002, instance_loss: 0.0309, weighted_loss: 0.0094, label: 1, bag_size: 1343
batch 159, loss: 0.0005, instance_loss: 0.0000, weighted_loss: 0.0003, label: 1, bag_size: 10274
batch 179, loss: 0.0003, instance_loss: 0.0000, weighted_loss: 0.0002, label: 0, bag_size: 2235


class 0 clustering acc 1.0: correct 1528/1528
class 1 clustering acc 0.9986910994764397: correct 1526/1528
Epoch: 22, train_loss: 0.0047, train_clustering_loss:  0.0096, train_error: 0.0000
class 0: acc 1.0, correct 101/101
class 1: acc 1.0, correct 90/90


batch 19, loss: 0.0019, instance_loss: 0.0014, weighted_loss: 0.0017, label: 0, bag_size: 2561
batch 39, loss: 0.0009, instance_loss: 0.0006, weighted_loss: 0.0008, label: 0, bag_size: 2460
batch 59, loss: 0.0000, instance_loss: 0.0003, weighted_loss: 0.0001, label: 0, bag_size: 5207
batch 79, loss: 0.0017, instance_loss: 0.0000, weighted_loss: 0.0012, label: 1, bag_size: 19888
batch 99, loss: 0.0103, instance_loss: 0.0003, weighted_loss: 0.0073, label: 1, bag_size: 4741
batch 119, loss: 0.0001, instance_loss: 0.0185, weighted_loss: 0.0056, label: 1, bag_size: 529
batch 139, loss: 0.0002, instance_loss: 0.0019, weighted_loss: 0.0007, label: 0, bag_size: 2612
batch 159, loss: 0.0073, instance_loss: 0.0148, weighted_loss: 0.0095, label: 0, bag_size: 524
batch 179, loss: 0.0001, instance_loss: 0.0000, weighted_loss: 0.0001, label: 1, bag_size: 9914


class 0 clustering acc 1.0: correct 1528/1528
class 1 clustering acc 1.0: correct 1528/1528
Epoch: 23, train_loss: 0.0043, train_clustering_loss:  0.0079, train_error: 0.0000
class 0: acc 1.0, correct 88/88
class 1: acc 1.0, correct 103/103


batch 19, loss: 0.0000, instance_loss: 0.0000, weighted_loss: 0.0000, label: 1, bag_size: 2728
batch 39, loss: 0.0068, instance_loss: 0.0000, weighted_loss: 0.0048, label: 0, bag_size: 1736
batch 59, loss: 0.0017, instance_loss: 0.0000, weighted_loss: 0.0012, label: 0, bag_size: 4112
batch 79, loss: 0.0008, instance_loss: 0.0012, weighted_loss: 0.0009, label: 1, bag_size: 1588
batch 99, loss: 0.0158, instance_loss: 0.1760, weighted_loss: 0.0638, label: 0, bag_size: 235
batch 119, loss: 0.0114, instance_loss: 0.0127, weighted_loss: 0.0118, label: 1, bag_size: 680
batch 139, loss: 0.0006, instance_loss: 0.0087, weighted_loss: 0.0030, label: 1, bag_size: 1511
batch 159, loss: 0.0094, instance_loss: 0.0003, weighted_loss: 0.0067, label: 1, bag_size: 4741
batch 179, loss: 0.0017, instance_loss: 0.0000, weighted_loss: 0.0012, label: 1, bag_size: 19888


class 0 clustering acc 1.0: correct 1528/1528
class 1 clustering acc 0.9986910994764397: correct 1526/1528
Epoch: 24, train_loss: 0.0049, train_clustering_loss:  0.0090, train_error: 0.0000
class 0: acc 1.0, correct 97/97
class 1: acc 1.0, correct 94/94


batch 19, loss: 0.0005, instance_loss: 0.0181, weighted_loss: 0.0058, label: 1, bag_size: 523
batch 39, loss: 0.0065, instance_loss: 0.0114, weighted_loss: 0.0080, label: 1, bag_size: 766
batch 59, loss: 0.0001, instance_loss: 0.0051, weighted_loss: 0.0016, label: 1, bag_size: 1343
batch 79, loss: 0.0787, instance_loss: 0.0689, weighted_loss: 0.0758, label: 0, bag_size: 328
batch 99, loss: 0.0115, instance_loss: 0.0000, weighted_loss: 0.0080, label: 1, bag_size: 4741
batch 119, loss: 0.0006, instance_loss: 0.0058, weighted_loss: 0.0022, label: 0, bag_size: 644
batch 139, loss: 0.0002, instance_loss: 0.0049, weighted_loss: 0.0016, label: 0, bag_size: 3483
batch 159, loss: 0.0017, instance_loss: 0.0000, weighted_loss: 0.0012, label: 1, bag_size: 19888
batch 179, loss: 0.0004, instance_loss: 0.0006, weighted_loss: 0.0005, label: 1, bag_size: 3583


class 0 clustering acc 0.9993455497382199: correct 1527/1528
class 1 clustering acc 0.9980366492146597: correct 1525/1528
Epoch: 25, train_loss: 0.0048, train_clustering_loss:  0.0106, train_error: 0.0000
class 0: acc 1.0, correct 95/95
class 1: acc 1.0, correct 96/96


batch 19, loss: 0.0007, instance_loss: 0.0007, weighted_loss: 0.0007, label: 0, bag_size: 2040
batch 39, loss: 0.0003, instance_loss: 0.0049, weighted_loss: 0.0017, label: 0, bag_size: 1206
batch 59, loss: 0.0004, instance_loss: 0.0022, weighted_loss: 0.0009, label: 0, bag_size: 2823
batch 79, loss: 0.0003, instance_loss: 0.0088, weighted_loss: 0.0028, label: 0, bag_size: 992
batch 99, loss: 0.0142, instance_loss: 0.0782, weighted_loss: 0.0334, label: 1, bag_size: 766
batch 119, loss: 0.0001, instance_loss: 0.0178, weighted_loss: 0.0054, label: 1, bag_size: 1343
batch 139, loss: 0.0288, instance_loss: 0.0060, weighted_loss: 0.0219, label: 0, bag_size: 2344
batch 159, loss: 0.0013, instance_loss: 0.0000, weighted_loss: 0.0009, label: 1, bag_size: 14205
batch 179, loss: 0.0127, instance_loss: 0.0286, weighted_loss: 0.0175, label: 1, bag_size: 766


class 0 clustering acc 1.0: correct 1528/1528
class 1 clustering acc 1.0: correct 1528/1528
Epoch: 26, train_loss: 0.0049, train_clustering_loss:  0.0083, train_error: 0.0000
class 0: acc 1.0, correct 100/100
class 1: acc 1.0, correct 91/91


batch 19, loss: 0.0052, instance_loss: 0.0060, weighted_loss: 0.0055, label: 1, bag_size: 680
batch 39, loss: 0.0009, instance_loss: 0.0000, weighted_loss: 0.0006, label: 0, bag_size: 4429
batch 59, loss: 0.0012, instance_loss: 0.0000, weighted_loss: 0.0009, label: 1, bag_size: 14205
batch 79, loss: 0.0019, instance_loss: 0.0000, weighted_loss: 0.0013, label: 1, bag_size: 4559
batch 99, loss: 0.0000, instance_loss: 0.0000, weighted_loss: 0.0000, label: 1, bag_size: 14189
batch 119, loss: 0.0002, instance_loss: 0.0000, weighted_loss: 0.0002, label: 1, bag_size: 5486
batch 139, loss: 0.0099, instance_loss: 0.0000, weighted_loss: 0.0069, label: 1, bag_size: 4741
batch 159, loss: 0.0015, instance_loss: 0.0051, weighted_loss: 0.0026, label: 0, bag_size: 600
batch 179, loss: 0.0000, instance_loss: 0.0021, weighted_loss: 0.0006, label: 0, bag_size: 1476


class 0 clustering acc 0.9986910994764397: correct 1526/1528
class 1 clustering acc 0.9986910994764397: correct 1526/1528
Epoch: 27, train_loss: 0.0055, train_clustering_loss:  0.0092, train_error: 0.0000
class 0: acc 1.0, correct 87/87
class 1: acc 1.0, correct 104/104


batch 19, loss: 0.0003, instance_loss: 0.0000, weighted_loss: 0.0002, label: 1, bag_size: 3583
batch 39, loss: 0.0005, instance_loss: 0.0000, weighted_loss: 0.0004, label: 0, bag_size: 2191
batch 59, loss: 0.0000, instance_loss: 0.0000, weighted_loss: 0.0000, label: 1, bag_size: 14189
batch 79, loss: 0.0003, instance_loss: 0.0022, weighted_loss: 0.0009, label: 1, bag_size: 5486
batch 99, loss: 0.0000, instance_loss: 0.0000, weighted_loss: 0.0000, label: 0, bag_size: 4978
batch 119, loss: 0.0004, instance_loss: 0.0093, weighted_loss: 0.0031, label: 0, bag_size: 734
batch 139, loss: 0.0009, instance_loss: 0.0015, weighted_loss: 0.0011, label: 1, bag_size: 1588
batch 159, loss: 0.0000, instance_loss: 0.0000, weighted_loss: 0.0000, label: 0, bag_size: 5035
batch 179, loss: 0.0009, instance_loss: 0.0160, weighted_loss: 0.0054, label: 1, bag_size: 1511


class 0 clustering acc 1.0: correct 1528/1528
class 1 clustering acc 0.9993455497382199: correct 1527/1528
Epoch: 28, train_loss: 0.0029, train_clustering_loss:  0.0058, train_error: 0.0000
class 0: acc 1.0, correct 100/100
class 1: acc 1.0, correct 91/91


batch 19, loss: 0.0004, instance_loss: 0.0020, weighted_loss: 0.0009, label: 0, bag_size: 2460
batch 39, loss: 0.0001, instance_loss: 0.0000, weighted_loss: 0.0001, label: 1, bag_size: 9914
batch 59, loss: 0.0001, instance_loss: 0.0000, weighted_loss: 0.0001, label: 1, bag_size: 9914
batch 79, loss: 0.0336, instance_loss: 0.0046, weighted_loss: 0.0249, label: 0, bag_size: 731
batch 99, loss: 0.0004, instance_loss: 0.0000, weighted_loss: 0.0003, label: 1, bag_size: 10274
batch 119, loss: 0.0001, instance_loss: 0.0078, weighted_loss: 0.0024, label: 1, bag_size: 1343
batch 139, loss: 0.0040, instance_loss: 0.0021, weighted_loss: 0.0035, label: 1, bag_size: 2441
batch 159, loss: 0.0002, instance_loss: 0.0143, weighted_loss: 0.0044, label: 1, bag_size: 523
batch 179, loss: 0.0016, instance_loss: 0.0000, weighted_loss: 0.0011, label: 1, bag_size: 19888


class 0 clustering acc 1.0: correct 1528/1528
class 1 clustering acc 0.9986910994764397: correct 1526/1528
Epoch: 29, train_loss: 0.0042, train_clustering_loss:  0.0094, train_error: 0.0000
class 0: acc 1.0, correct 91/91
class 1: acc 1.0, correct 100/100
Test error: 0.2162, ROC AUC: 0.5336
class 0: acc 0.9032258064516129, correct 56/62
class 1: acc 0.16666666666666666, correct 2/12

Training Fold 1!

Init train/val/test splits... 
Done!
Training on 187 samples
Validating on 0 samples
Testing on 78 samples

Init loss function... Done!

Init Model... Setting tau to 1.0
Done!
CLAM_SB(
  (attention_net): Sequential(
    (0): Linear(in_features=1536, out_features=512, bias=True)
    (1): ReLU()
    (2): Dropout(p=0.25, inplace=False)
    (3): Attn_Net_Gated(
      (attention_a): Sequential(
        (0): Linear(in_features=512, out_features=256, bias=True)
        (1): Tanh()
        (2): Dropout(p=0.25, inplace=False)
      )
      (attention_b): Sequential(
        (0): Linear(in_features=512, out_features=256, bias=True)
        (1): Sigmoid()
        (2): Dropout(p=0.25, inplace=False)
      )
      (attention_c): Linear(in_features=256, out_features=1, bias=True)
    )
  )
  (classifiers): Linear(in_features=512, out_features=2, bias=True)
  (instance_classifiers): ModuleList(
    (0-1): 2 x Linear(in_features=512, out_features=2, bias=True)
  )
  (instance_loss_fn): SmoothTop1SVM()
)
Total number of parameters: 1052935
Total number of trainable parameters: 1052935

Init optimizer ... Done!
Cosine LR schedule: 2.00e-04 -> 0.00e+00 over 30 epochs

Init Loaders... Done!

Setup EarlyStopping... Done!


batch 19, loss: 0.3577, instance_loss: 1.2280, weighted_loss: 0.6188, label: 1, bag_size: 869
batch 39, loss: 0.9321, instance_loss: 0.8939, weighted_loss: 0.9206, label: 0, bag_size: 590
batch 59, loss: 0.3973, instance_loss: 0.4017, weighted_loss: 0.3986, label: 0, bag_size: 1080
batch 79, loss: 0.2736, instance_loss: 0.0772, weighted_loss: 0.2147, label: 0, bag_size: 484
batch 99, loss: 1.5183, instance_loss: 0.8408, weighted_loss: 1.3151, label: 1, bag_size: 5769
batch 119, loss: 0.5015, instance_loss: 0.0926, weighted_loss: 0.3789, label: 1, bag_size: 3838
batch 139, loss: 1.1542, instance_loss: 0.0615, weighted_loss: 0.8264, label: 0, bag_size: 623
batch 159, loss: 0.4414, instance_loss: 0.0586, weighted_loss: 0.3266, label: 1, bag_size: 1447
batch 179, loss: 0.0461, instance_loss: 0.3758, weighted_loss: 0.1450, label: 1, bag_size: 14205


class 0 clustering acc 0.9425133689839572: correct 1410/1496
class 1 clustering acc 0.892379679144385: correct 1335/1496
Epoch: 0, train_loss: 0.6470, train_clustering_loss:  0.3792, train_error: 0.3690
class 0: acc 0.62, correct 62/100
class 1: acc 0.6436781609195402, correct 56/87


batch 19, loss: 0.4228, instance_loss: 0.0119, weighted_loss: 0.2995, label: 1, bag_size: 2441
batch 39, loss: 0.6250, instance_loss: 0.0013, weighted_loss: 0.4379, label: 1, bag_size: 1949
batch 59, loss: 0.6418, instance_loss: 0.0149, weighted_loss: 0.4537, label: 0, bag_size: 3762
batch 79, loss: 0.5552, instance_loss: 0.0025, weighted_loss: 0.3894, label: 0, bag_size: 5091
batch 99, loss: 0.7203, instance_loss: 0.0085, weighted_loss: 0.5068, label: 1, bag_size: 3912
batch 119, loss: 0.8896, instance_loss: 0.0112, weighted_loss: 0.6261, label: 0, bag_size: 5359
batch 139, loss: 0.2532, instance_loss: 0.0166, weighted_loss: 0.1822, label: 1, bag_size: 1447
batch 159, loss: 0.2679, instance_loss: 0.0314, weighted_loss: 0.1969, label: 1, bag_size: 1100
batch 179, loss: 0.9327, instance_loss: 0.0165, weighted_loss: 0.6578, label: 0, bag_size: 489


class 0 clustering acc 0.9792780748663101: correct 1465/1496
class 1 clustering acc 0.9966577540106952: correct 1491/1496
Epoch: 1, train_loss: 0.5112, train_clustering_loss:  0.0694, train_error: 0.2674
class 0: acc 0.5897435897435898, correct 46/78
class 1: acc 0.8348623853211009, correct 91/109


batch 19, loss: 0.6489, instance_loss: 0.0087, weighted_loss: 0.4569, label: 0, bag_size: 5003
batch 39, loss: 0.8742, instance_loss: 0.0552, weighted_loss: 0.6285, label: 0, bag_size: 782
batch 59, loss: 0.0591, instance_loss: 0.0055, weighted_loss: 0.0430, label: 1, bag_size: 14189
batch 79, loss: 0.4342, instance_loss: 0.0157, weighted_loss: 0.3087, label: 0, bag_size: 1592
batch 99, loss: 0.5705, instance_loss: 0.2817, weighted_loss: 0.4839, label: 1, bag_size: 869
batch 119, loss: 0.0491, instance_loss: 0.0003, weighted_loss: 0.0344, label: 1, bag_size: 3838
batch 139, loss: 0.7702, instance_loss: 0.0039, weighted_loss: 0.5403, label: 0, bag_size: 1616
batch 159, loss: 0.0636, instance_loss: 0.0007, weighted_loss: 0.0447, label: 1, bag_size: 5769
batch 179, loss: 0.0948, instance_loss: 0.0005, weighted_loss: 0.0665, label: 0, bag_size: 5337


class 0 clustering acc 0.9933155080213903: correct 1486/1496
class 1 clustering acc 0.9953208556149733: correct 1489/1496
Epoch: 2, train_loss: 0.3865, train_clustering_loss:  0.0407, train_error: 0.1765
class 0: acc 0.8229166666666666, correct 79/96
class 1: acc 0.8241758241758241, correct 75/91


batch 19, loss: 0.0328, instance_loss: 0.0000, weighted_loss: 0.0229, label: 1, bag_size: 3912
batch 39, loss: 0.0000, instance_loss: 0.0002, weighted_loss: 0.0001, label: 1, bag_size: 14189
batch 59, loss: 0.2951, instance_loss: 0.0117, weighted_loss: 0.2101, label: 0, bag_size: 1236
batch 79, loss: 0.0011, instance_loss: 0.0293, weighted_loss: 0.0095, label: 1, bag_size: 19728
batch 99, loss: 1.6163, instance_loss: 0.0157, weighted_loss: 1.1361, label: 1, bag_size: 1511
batch 119, loss: 0.0054, instance_loss: 0.0089, weighted_loss: 0.0065, label: 1, bag_size: 9914
batch 139, loss: 0.0453, instance_loss: 0.0000, weighted_loss: 0.0317, label: 0, bag_size: 5337
batch 159, loss: 0.1280, instance_loss: 0.0966, weighted_loss: 0.1185, label: 1, bag_size: 1100
batch 179, loss: 0.3343, instance_loss: 0.0065, weighted_loss: 0.2360, label: 0, bag_size: 1991


class 0 clustering acc 0.9966577540106952: correct 1491/1496
class 1 clustering acc 0.9993315508021391: correct 1495/1496
Epoch: 3, train_loss: 0.2477, train_clustering_loss:  0.0211, train_error: 0.1283
class 0: acc 0.9032258064516129, correct 84/93
class 1: acc 0.8404255319148937, correct 79/94


batch 19, loss: 0.0049, instance_loss: 0.0178, weighted_loss: 0.0087, label: 0, bag_size: 1013
batch 39, loss: 0.3369, instance_loss: 0.0098, weighted_loss: 0.2387, label: 0, bag_size: 489
batch 59, loss: 0.0011, instance_loss: 0.0000, weighted_loss: 0.0008, label: 0, bag_size: 4431
batch 79, loss: 0.4053, instance_loss: 0.0058, weighted_loss: 0.2854, label: 0, bag_size: 749
batch 99, loss: 0.0017, instance_loss: 0.0000, weighted_loss: 0.0012, label: 0, bag_size: 4091
batch 119, loss: 0.0378, instance_loss: 0.0004, weighted_loss: 0.0266, label: 0, bag_size: 4381
batch 139, loss: 0.2360, instance_loss: 0.0000, weighted_loss: 0.1652, label: 1, bag_size: 5769
batch 159, loss: 0.0035, instance_loss: 0.0003, weighted_loss: 0.0025, label: 0, bag_size: 3836
batch 179, loss: 0.2400, instance_loss: 0.0031, weighted_loss: 0.1689, label: 0, bag_size: 1883


class 0 clustering acc 0.9946524064171123: correct 1488/1496
class 1 clustering acc 0.9959893048128342: correct 1490/1496
Epoch: 4, train_loss: 0.2886, train_clustering_loss:  0.0254, train_error: 0.1283
class 0: acc 0.8586956521739131, correct 79/92
class 1: acc 0.8842105263157894, correct 84/95


batch 19, loss: 0.0465, instance_loss: 0.0185, weighted_loss: 0.0381, label: 1, bag_size: 1223
batch 39, loss: 0.0181, instance_loss: 0.2223, weighted_loss: 0.0793, label: 0, bag_size: 600
batch 59, loss: 0.3693, instance_loss: 0.0428, weighted_loss: 0.2713, label: 1, bag_size: 1447
batch 79, loss: 0.0005, instance_loss: 0.0000, weighted_loss: 0.0003, label: 0, bag_size: 5207
batch 99, loss: 0.0434, instance_loss: 0.0023, weighted_loss: 0.0311, label: 0, bag_size: 1862
batch 119, loss: 0.0000, instance_loss: 0.0000, weighted_loss: 0.0000, label: 0, bag_size: 3600
batch 139, loss: 0.0001, instance_loss: 0.0000, weighted_loss: 0.0001, label: 0, bag_size: 3588
batch 159, loss: 0.0005, instance_loss: 0.1551, weighted_loss: 0.0469, label: 1, bag_size: 1100
batch 179, loss: 0.0073, instance_loss: 0.0000, weighted_loss: 0.0051, label: 1, bag_size: 2728


class 0 clustering acc 0.9919786096256684: correct 1484/1496
class 1 clustering acc 0.9933155080213903: correct 1486/1496
Epoch: 5, train_loss: 0.1016, train_clustering_loss:  0.0348, train_error: 0.0267
class 0: acc 0.946236559139785, correct 88/93
class 1: acc 1.0, correct 94/94


batch 19, loss: 0.0002, instance_loss: 0.1199, weighted_loss: 0.0361, label: 0, bag_size: 484
batch 39, loss: 0.0259, instance_loss: 0.0029, weighted_loss: 0.0190, label: 0, bag_size: 1044
batch 59, loss: 0.0001, instance_loss: 0.0022, weighted_loss: 0.0007, label: 1, bag_size: 14189
batch 79, loss: 0.0015, instance_loss: 0.0096, weighted_loss: 0.0039, label: 1, bag_size: 945
batch 99, loss: 0.0513, instance_loss: 0.0982, weighted_loss: 0.0653, label: 1, bag_size: 1447
batch 119, loss: 0.0139, instance_loss: 0.0015, weighted_loss: 0.0102, label: 0, bag_size: 1236
batch 139, loss: 0.0153, instance_loss: 0.0025, weighted_loss: 0.0115, label: 1, bag_size: 1511
batch 159, loss: 0.0125, instance_loss: 0.0466, weighted_loss: 0.0227, label: 0, bag_size: 649
batch 179, loss: 0.0069, instance_loss: 0.1275, weighted_loss: 0.0431, label: 0, bag_size: 234


class 0 clustering acc 0.9933155080213903: correct 1486/1496
class 1 clustering acc 0.9906417112299465: correct 1482/1496
Epoch: 6, train_loss: 0.0182, train_clustering_loss:  0.0425, train_error: 0.0053
class 0: acc 0.9887640449438202, correct 88/89
class 1: acc 1.0, correct 98/98


batch 19, loss: 0.0284, instance_loss: 0.0632, weighted_loss: 0.0389, label: 1, bag_size: 1223
batch 39, loss: 0.0041, instance_loss: 0.0000, weighted_loss: 0.0029, label: 0, bag_size: 4112
batch 59, loss: 0.0006, instance_loss: 0.0056, weighted_loss: 0.0021, label: 1, bag_size: 940
batch 79, loss: 0.0000, instance_loss: 0.0011, weighted_loss: 0.0003, label: 1, bag_size: 3838
batch 99, loss: 0.3675, instance_loss: 0.0002, weighted_loss: 0.2573, label: 0, bag_size: 3600
batch 119, loss: 0.0003, instance_loss: 0.0005, weighted_loss: 0.0004, label: 0, bag_size: 3770
batch 139, loss: 0.0214, instance_loss: 0.0304, weighted_loss: 0.0241, label: 1, bag_size: 869
batch 159, loss: 0.0006, instance_loss: 0.0000, weighted_loss: 0.0004, label: 0, bag_size: 3937
batch 179, loss: 2.0914, instance_loss: 0.0041, weighted_loss: 1.4652, label: 0, bag_size: 1774


class 0 clustering acc 0.9979946524064172: correct 1493/1496
class 1 clustering acc 0.9966577540106952: correct 1491/1496
Epoch: 7, train_loss: 0.0974, train_clustering_loss:  0.0216, train_error: 0.0321
class 0: acc 0.9693877551020408, correct 95/98
class 1: acc 0.9662921348314607, correct 86/89


batch 19, loss: 0.0011, instance_loss: 0.0073, weighted_loss: 0.0030, label: 0, bag_size: 1440
batch 39, loss: 0.0004, instance_loss: 0.0000, weighted_loss: 0.0003, label: 0, bag_size: 4815
batch 59, loss: 0.0288, instance_loss: 0.0002, weighted_loss: 0.0202, label: 0, bag_size: 1236
batch 79, loss: 0.0001, instance_loss: 0.0000, weighted_loss: 0.0001, label: 0, bag_size: 4015
batch 99, loss: 0.0013, instance_loss: 0.0047, weighted_loss: 0.0023, label: 0, bag_size: 671
batch 119, loss: 0.0176, instance_loss: 0.0089, weighted_loss: 0.0150, label: 1, bag_size: 940
batch 139, loss: 0.0502, instance_loss: 0.0004, weighted_loss: 0.0353, label: 1, bag_size: 945
batch 159, loss: 0.0144, instance_loss: 0.0033, weighted_loss: 0.0111, label: 1, bag_size: 2323
batch 179, loss: 0.0003, instance_loss: 0.0000, weighted_loss: 0.0002, label: 0, bag_size: 3600


class 0 clustering acc 1.0: correct 1496/1496
class 1 clustering acc 0.9973262032085561: correct 1492/1496
Epoch: 8, train_loss: 0.0263, train_clustering_loss:  0.0113, train_error: 0.0000
class 0: acc 1.0, correct 91/91
class 1: acc 1.0, correct 96/96


batch 19, loss: 0.0006, instance_loss: 0.0035, weighted_loss: 0.0014, label: 1, bag_size: 9914
batch 39, loss: 0.0035, instance_loss: 0.0006, weighted_loss: 0.0026, label: 1, bag_size: 523
batch 59, loss: 0.0030, instance_loss: 0.0015, weighted_loss: 0.0026, label: 0, bag_size: 1498
batch 79, loss: 0.0013, instance_loss: 0.0000, weighted_loss: 0.0009, label: 0, bag_size: 3693
batch 99, loss: 0.0003, instance_loss: 0.0000, weighted_loss: 0.0002, label: 0, bag_size: 5207
batch 119, loss: 0.0000, instance_loss: 0.0000, weighted_loss: 0.0000, label: 0, bag_size: 4113
batch 139, loss: 0.0015, instance_loss: 0.0113, weighted_loss: 0.0045, label: 1, bag_size: 523
batch 159, loss: 1.8433, instance_loss: 0.0000, weighted_loss: 1.2903, label: 0, bag_size: 3719
batch 179, loss: 0.0020, instance_loss: 0.0002, weighted_loss: 0.0015, label: 1, bag_size: 19888


class 0 clustering acc 1.0: correct 1496/1496
class 1 clustering acc 0.9973262032085561: correct 1492/1496
Epoch: 9, train_loss: 0.0269, train_clustering_loss:  0.0121, train_error: 0.0107
class 0: acc 0.9887640449438202, correct 88/89
class 1: acc 0.9897959183673469, correct 97/98


batch 19, loss: 0.0000, instance_loss: 0.0000, weighted_loss: 0.0000, label: 0, bag_size: 2892
batch 39, loss: 0.0168, instance_loss: 0.0616, weighted_loss: 0.0302, label: 1, bag_size: 1447
batch 59, loss: 0.0111, instance_loss: 0.0002, weighted_loss: 0.0078, label: 1, bag_size: 1297
batch 79, loss: 0.0067, instance_loss: 0.0047, weighted_loss: 0.0061, label: 1, bag_size: 1511
batch 99, loss: 0.0082, instance_loss: 0.0033, weighted_loss: 0.0068, label: 1, bag_size: 3912
batch 119, loss: 0.0002, instance_loss: 0.0165, weighted_loss: 0.0051, label: 0, bag_size: 690
batch 139, loss: 0.0012, instance_loss: 0.0000, weighted_loss: 0.0008, label: 0, bag_size: 2760
batch 159, loss: 0.0005, instance_loss: 0.0093, weighted_loss: 0.0031, label: 0, bag_size: 916
batch 179, loss: 0.0027, instance_loss: 0.0010, weighted_loss: 0.0022, label: 1, bag_size: 1949


class 0 clustering acc 1.0: correct 1496/1496
class 1 clustering acc 0.9993315508021391: correct 1495/1496
Epoch: 10, train_loss: 0.0048, train_clustering_loss:  0.0121, train_error: 0.0000
class 0: acc 1.0, correct 91/91
class 1: acc 1.0, correct 96/96


batch 19, loss: 0.0021, instance_loss: 0.0000, weighted_loss: 0.0015, label: 1, bag_size: 5769
batch 39, loss: 0.0071, instance_loss: 0.0114, weighted_loss: 0.0084, label: 0, bag_size: 817
batch 59, loss: 0.0146, instance_loss: 0.0203, weighted_loss: 0.0163, label: 1, bag_size: 1447
batch 79, loss: 0.0084, instance_loss: 0.0018, weighted_loss: 0.0064, label: 1, bag_size: 966
batch 99, loss: 0.0000, instance_loss: 0.0000, weighted_loss: 0.0000, label: 0, bag_size: 4978
batch 119, loss: 0.0007, instance_loss: 0.0030, weighted_loss: 0.0014, label: 1, bag_size: 19888
batch 139, loss: 0.0016, instance_loss: 0.0094, weighted_loss: 0.0039, label: 1, bag_size: 5268
batch 159, loss: 0.0125, instance_loss: 0.0027, weighted_loss: 0.0095, label: 0, bag_size: 1666
batch 179, loss: 0.0008, instance_loss: 0.0021, weighted_loss: 0.0012, label: 1, bag_size: 5769


class 0 clustering acc 1.0: correct 1496/1496
class 1 clustering acc 0.9986631016042781: correct 1494/1496
Epoch: 11, train_loss: 0.0377, train_clustering_loss:  0.0082, train_error: 0.0160
class 0: acc 0.9777777777777777, correct 88/90
class 1: acc 0.9896907216494846, correct 96/97


batch 19, loss: 0.0014, instance_loss: 0.0148, weighted_loss: 0.0054, label: 1, bag_size: 869
batch 39, loss: 0.0098, instance_loss: 0.0003, weighted_loss: 0.0069, label: 1, bag_size: 940
batch 59, loss: 0.0010, instance_loss: 0.0018, weighted_loss: 0.0012, label: 0, bag_size: 1440
batch 79, loss: 0.0000, instance_loss: 0.0000, weighted_loss: 0.0000, label: 0, bag_size: 3364
batch 99, loss: 0.0023, instance_loss: 0.0129, weighted_loss: 0.0055, label: 0, bag_size: 2161
batch 119, loss: 0.0002, instance_loss: 0.0009, weighted_loss: 0.0004, label: 1, bag_size: 10274
batch 139, loss: 0.0000, instance_loss: 0.0317, weighted_loss: 0.0095, label: 1, bag_size: 2323
batch 159, loss: 0.0003, instance_loss: 0.0118, weighted_loss: 0.0037, label: 1, bag_size: 2323
batch 179, loss: 0.0000, instance_loss: 0.0000, weighted_loss: 0.0000, label: 0, bag_size: 3364


class 0 clustering acc 1.0: correct 1496/1496
class 1 clustering acc 1.0: correct 1496/1496
Epoch: 12, train_loss: 0.0154, train_clustering_loss:  0.0059, train_error: 0.0053
class 0: acc 0.98989898989899, correct 98/99
class 1: acc 1.0, correct 88/88


batch 19, loss: 0.0009, instance_loss: 0.0004, weighted_loss: 0.0007, label: 1, bag_size: 19888
batch 39, loss: 0.0001, instance_loss: 0.0251, weighted_loss: 0.0076, label: 1, bag_size: 1100
batch 59, loss: 0.0001, instance_loss: 0.0124, weighted_loss: 0.0037, label: 0, bag_size: 749
batch 79, loss: 0.0001, instance_loss: 0.0002, weighted_loss: 0.0001, label: 1, bag_size: 10274
batch 99, loss: 0.0045, instance_loss: 0.0004, weighted_loss: 0.0033, label: 1, bag_size: 1511
batch 119, loss: 0.0006, instance_loss: 0.0009, weighted_loss: 0.0007, label: 1, bag_size: 1223
batch 139, loss: 0.0003, instance_loss: 0.0000, weighted_loss: 0.0002, label: 0, bag_size: 5207
batch 159, loss: 0.0002, instance_loss: 0.0000, weighted_loss: 0.0001, label: 1, bag_size: 10274
batch 179, loss: 0.0047, instance_loss: 0.2797, weighted_loss: 0.0872, label: 0, bag_size: 29


class 0 clustering acc 1.0: correct 1496/1496
class 1 clustering acc 1.0: correct 1496/1496
Epoch: 13, train_loss: 0.0019, train_clustering_loss:  0.0053, train_error: 0.0000
class 0: acc 1.0, correct 86/86
class 1: acc 1.0, correct 101/101


batch 19, loss: 0.0000, instance_loss: 0.0000, weighted_loss: 0.0000, label: 0, bag_size: 997
batch 39, loss: 0.0000, instance_loss: 0.0000, weighted_loss: 0.0000, label: 1, bag_size: 14189
batch 59, loss: 0.0022, instance_loss: 0.0021, weighted_loss: 0.0022, label: 0, bag_size: 1601
batch 79, loss: 0.0003, instance_loss: 0.0000, weighted_loss: 0.0002, label: 0, bag_size: 5207
batch 99, loss: 0.0000, instance_loss: 0.0094, weighted_loss: 0.0028, label: 1, bag_size: 19728
batch 119, loss: 0.0000, instance_loss: 0.0002, weighted_loss: 0.0001, label: 0, bag_size: 4629
batch 139, loss: 0.0000, instance_loss: 0.0137, weighted_loss: 0.0041, label: 0, bag_size: 328
batch 159, loss: 0.0016, instance_loss: 0.0009, weighted_loss: 0.0014, label: 1, bag_size: 1949
batch 179, loss: 0.0000, instance_loss: 0.0000, weighted_loss: 0.0000, label: 1, bag_size: 3838


class 0 clustering acc 0.9993315508021391: correct 1495/1496
class 1 clustering acc 1.0: correct 1496/1496
Epoch: 14, train_loss: 0.0043, train_clustering_loss:  0.0090, train_error: 0.0000
class 0: acc 1.0, correct 91/91
class 1: acc 1.0, correct 96/96


batch 19, loss: 0.0024, instance_loss: 0.0046, weighted_loss: 0.0030, label: 1, bag_size: 2441
batch 39, loss: 0.0034, instance_loss: 0.0012, weighted_loss: 0.0028, label: 1, bag_size: 940
batch 59, loss: 0.0013, instance_loss: 0.0045, weighted_loss: 0.0023, label: 1, bag_size: 2441
batch 79, loss: 0.0009, instance_loss: 0.0004, weighted_loss: 0.0007, label: 1, bag_size: 1949
batch 99, loss: 0.0011, instance_loss: 0.0000, weighted_loss: 0.0007, label: 1, bag_size: 5769
batch 119, loss: 0.0000, instance_loss: 0.0028, weighted_loss: 0.0009, label: 0, bag_size: 2065
batch 139, loss: 0.0091, instance_loss: 0.0190, weighted_loss: 0.0121, label: 1, bag_size: 1447
batch 159, loss: 0.0001, instance_loss: 0.0008, weighted_loss: 0.0003, label: 0, bag_size: 2850
batch 179, loss: 0.0029, instance_loss: 0.0035, weighted_loss: 0.0031, label: 1, bag_size: 869


class 0 clustering acc 0.9993315508021391: correct 1495/1496
class 1 clustering acc 0.9993315508021391: correct 1495/1496
Epoch: 15, train_loss: 0.0029, train_clustering_loss:  0.0064, train_error: 0.0000
class 0: acc 1.0, correct 89/89
class 1: acc 1.0, correct 98/98


batch 19, loss: 0.0086, instance_loss: 0.0007, weighted_loss: 0.0062, label: 1, bag_size: 523
batch 39, loss: 0.0010, instance_loss: 0.0161, weighted_loss: 0.0055, label: 0, bag_size: 263
batch 59, loss: 0.0001, instance_loss: 0.0000, weighted_loss: 0.0000, label: 0, bag_size: 5337
batch 79, loss: 0.0000, instance_loss: 0.0000, weighted_loss: 0.0000, label: 0, bag_size: 3506
batch 99, loss: 0.0003, instance_loss: 0.0000, weighted_loss: 0.0002, label: 1, bag_size: 14205
batch 119, loss: 0.0000, instance_loss: 0.0000, weighted_loss: 0.0000, label: 0, bag_size: 908
batch 139, loss: 0.0000, instance_loss: 0.0000, weighted_loss: 0.0000, label: 1, bag_size: 14189
batch 159, loss: 0.0000, instance_loss: 0.0148, weighted_loss: 0.0044, label: 0, bag_size: 328
batch 179, loss: 0.0059, instance_loss: 0.0437, weighted_loss: 0.0172, label: 1, bag_size: 523


class 0 clustering acc 1.0: correct 1496/1496
class 1 clustering acc 1.0: correct 1496/1496
Epoch: 16, train_loss: 0.0012, train_clustering_loss:  0.0066, train_error: 0.0000
class 0: acc 1.0, correct 90/90
class 1: acc 1.0, correct 97/97


batch 19, loss: 0.0000, instance_loss: 0.0000, weighted_loss: 0.0000, label: 1, bag_size: 14189
batch 39, loss: 0.0000, instance_loss: 0.0080, weighted_loss: 0.0024, label: 0, bag_size: 1972
batch 59, loss: 0.0000, instance_loss: 0.1212, weighted_loss: 0.0364, label: 0, bag_size: 328
batch 79, loss: 0.0005, instance_loss: 0.0013, weighted_loss: 0.0007, label: 1, bag_size: 1511
batch 99, loss: 0.0000, instance_loss: 0.0047, weighted_loss: 0.0014, label: 0, bag_size: 1080
batch 119, loss: 0.0005, instance_loss: 0.0000, weighted_loss: 0.0004, label: 0, bag_size: 350
batch 139, loss: 0.0005, instance_loss: 0.0000, weighted_loss: 0.0004, label: 0, bag_size: 350
batch 159, loss: 0.0000, instance_loss: 0.0042, weighted_loss: 0.0013, label: 1, bag_size: 19728
batch 179, loss: 0.0000, instance_loss: 0.0020, weighted_loss: 0.0006, label: 0, bag_size: 2850


class 0 clustering acc 1.0: correct 1496/1496
class 1 clustering acc 1.0: correct 1496/1496
Epoch: 17, train_loss: 0.0222, train_clustering_loss:  0.0036, train_error: 0.0107
class 0: acc 0.9896907216494846, correct 96/97
class 1: acc 0.9888888888888889, correct 89/90


batch 19, loss: 0.0022, instance_loss: 0.0010, weighted_loss: 0.0019, label: 1, bag_size: 945
batch 39, loss: 0.0033, instance_loss: 0.0009, weighted_loss: 0.0026, label: 1, bag_size: 523
batch 59, loss: 0.0000, instance_loss: 0.0000, weighted_loss: 0.0000, label: 0, bag_size: 3768
batch 79, loss: 0.0008, instance_loss: 0.0019, weighted_loss: 0.0012, label: 1, bag_size: 940
batch 99, loss: 0.0000, instance_loss: 0.0006, weighted_loss: 0.0002, label: 0, bag_size: 4787
batch 119, loss: 0.0003, instance_loss: 0.0000, weighted_loss: 0.0002, label: 0, bag_size: 662
batch 139, loss: 0.0001, instance_loss: 0.0000, weighted_loss: 0.0001, label: 1, bag_size: 10274
batch 159, loss: 0.0003, instance_loss: 0.0000, weighted_loss: 0.0002, label: 0, bag_size: 2461
batch 179, loss: 0.0005, instance_loss: 0.0008, weighted_loss: 0.0006, label: 1, bag_size: 1511


class 0 clustering acc 1.0: correct 1496/1496
class 1 clustering acc 1.0: correct 1496/1496
Epoch: 18, train_loss: 0.0142, train_clustering_loss:  0.0046, train_error: 0.0053
class 0: acc 0.9888888888888889, correct 89/90
class 1: acc 1.0, correct 97/97


batch 19, loss: 0.0002, instance_loss: 0.0000, weighted_loss: 0.0001, label: 1, bag_size: 9914
batch 39, loss: 0.0004, instance_loss: 0.0122, weighted_loss: 0.0039, label: 1, bag_size: 869
batch 59, loss: 0.0000, instance_loss: 0.0025, weighted_loss: 0.0007, label: 0, bag_size: 686
batch 79, loss: 0.0008, instance_loss: 0.0007, weighted_loss: 0.0008, label: 0, bag_size: 1536
batch 99, loss: 0.0004, instance_loss: 0.0000, weighted_loss: 0.0003, label: 0, bag_size: 1417
batch 119, loss: 0.0002, instance_loss: 0.0164, weighted_loss: 0.0051, label: 1, bag_size: 1100
batch 139, loss: 0.0000, instance_loss: 0.0000, weighted_loss: 0.0000, label: 0, bag_size: 3937
batch 159, loss: 0.0000, instance_loss: 0.0014, weighted_loss: 0.0004, label: 0, bag_size: 671
batch 179, loss: 0.0004, instance_loss: 0.0003, weighted_loss: 0.0003, label: 1, bag_size: 19888


class 0 clustering acc 1.0: correct 1496/1496
class 1 clustering acc 1.0: correct 1496/1496
Epoch: 19, train_loss: 0.0016, train_clustering_loss:  0.0051, train_error: 0.0000
class 0: acc 1.0, correct 92/92
class 1: acc 1.0, correct 95/95


batch 19, loss: 0.0010, instance_loss: 0.0021, weighted_loss: 0.0013, label: 0, bag_size: 385
batch 39, loss: 0.0000, instance_loss: 0.0011, weighted_loss: 0.0003, label: 0, bag_size: 590
batch 59, loss: 0.0000, instance_loss: 0.0006, weighted_loss: 0.0002, label: 0, bag_size: 3600
batch 79, loss: 0.0011, instance_loss: 0.0134, weighted_loss: 0.0048, label: 0, bag_size: 649
batch 99, loss: 0.0000, instance_loss: 0.0007, weighted_loss: 0.0002, label: 0, bag_size: 580
batch 119, loss: 0.0000, instance_loss: 0.0021, weighted_loss: 0.0006, label: 0, bag_size: 769
batch 139, loss: 0.0000, instance_loss: 0.0005, weighted_loss: 0.0001, label: 0, bag_size: 3364
batch 159, loss: 0.0000, instance_loss: 0.0000, weighted_loss: 0.0000, label: 0, bag_size: 4091
batch 179, loss: 0.0022, instance_loss: 0.0000, weighted_loss: 0.0015, label: 1, bag_size: 2728


class 0 clustering acc 1.0: correct 1496/1496
class 1 clustering acc 1.0: correct 1496/1496
Epoch: 20, train_loss: 0.0011, train_clustering_loss:  0.0034, train_error: 0.0000
class 0: acc 1.0, correct 89/89
class 1: acc 1.0, correct 98/98


batch 19, loss: 0.0001, instance_loss: 0.0018, weighted_loss: 0.0006, label: 0, bag_size: 1013
batch 39, loss: 0.0001, instance_loss: 0.0022, weighted_loss: 0.0008, label: 1, bag_size: 940
batch 59, loss: 0.0004, instance_loss: 0.0000, weighted_loss: 0.0003, label: 1, bag_size: 19888
batch 79, loss: 0.0000, instance_loss: 0.0002, weighted_loss: 0.0001, label: 0, bag_size: 769
batch 99, loss: 0.0000, instance_loss: 0.0000, weighted_loss: 0.0000, label: 0, bag_size: 3768
batch 119, loss: 0.0000, instance_loss: 0.0035, weighted_loss: 0.0011, label: 0, bag_size: 1080
batch 139, loss: 0.0006, instance_loss: 0.0011, weighted_loss: 0.0007, label: 1, bag_size: 940
batch 159, loss: 0.0002, instance_loss: 0.0003, weighted_loss: 0.0002, label: 0, bag_size: 594
batch 179, loss: 0.0002, instance_loss: 0.0000, weighted_loss: 0.0001, label: 1, bag_size: 14205


class 0 clustering acc 1.0: correct 1496/1496
class 1 clustering acc 0.9986631016042781: correct 1494/1496
Epoch: 21, train_loss: 0.0011, train_clustering_loss:  0.0062, train_error: 0.0000
class 0: acc 1.0, correct 94/94
class 1: acc 1.0, correct 93/93


batch 19, loss: 0.0009, instance_loss: 0.0000, weighted_loss: 0.0007, label: 0, bag_size: 1158
batch 39, loss: 0.0003, instance_loss: 0.0124, weighted_loss: 0.0039, label: 1, bag_size: 1223
batch 59, loss: 0.0008, instance_loss: 0.0077, weighted_loss: 0.0029, label: 1, bag_size: 945
batch 79, loss: 0.0000, instance_loss: 0.0135, weighted_loss: 0.0041, label: 0, bag_size: 916
batch 99, loss: 0.0000, instance_loss: 0.0028, weighted_loss: 0.0009, label: 0, bag_size: 1293
batch 119, loss: 0.0001, instance_loss: 0.0038, weighted_loss: 0.0012, label: 0, bag_size: 2161
batch 139, loss: 0.0000, instance_loss: 0.0000, weighted_loss: 0.0000, label: 1, bag_size: 3838
batch 159, loss: 0.0000, instance_loss: 0.0008, weighted_loss: 0.0003, label: 0, bag_size: 491
batch 179, loss: 0.0026, instance_loss: 0.0020, weighted_loss: 0.0024, label: 1, bag_size: 5769


class 0 clustering acc 1.0: correct 1496/1496
class 1 clustering acc 1.0: correct 1496/1496
Epoch: 22, train_loss: 0.0014, train_clustering_loss:  0.0041, train_error: 0.0000
class 0: acc 1.0, correct 88/88
class 1: acc 1.0, correct 99/99


batch 19, loss: 0.0004, instance_loss: 0.0003, weighted_loss: 0.0004, label: 1, bag_size: 19888
batch 39, loss: 0.0005, instance_loss: 0.0016, weighted_loss: 0.0008, label: 0, bag_size: 385
batch 59, loss: 0.0005, instance_loss: 0.0002, weighted_loss: 0.0004, label: 0, bag_size: 5019
batch 79, loss: 0.0002, instance_loss: 0.0000, weighted_loss: 0.0001, label: 0, bag_size: 5307
batch 99, loss: 0.0002, instance_loss: 0.0031, weighted_loss: 0.0011, label: 1, bag_size: 14205
batch 119, loss: 0.0003, instance_loss: 0.0086, weighted_loss: 0.0028, label: 1, bag_size: 869
batch 139, loss: 0.0059, instance_loss: 0.0303, weighted_loss: 0.0132, label: 1, bag_size: 1447
batch 159, loss: 0.0000, instance_loss: 0.0002, weighted_loss: 0.0001, label: 1, bag_size: 19728
batch 179, loss: 0.0031, instance_loss: 0.0000, weighted_loss: 0.0022, label: 1, bag_size: 2728


class 0 clustering acc 0.9993315508021391: correct 1495/1496
class 1 clustering acc 0.9993315508021391: correct 1495/1496
Epoch: 23, train_loss: 0.0012, train_clustering_loss:  0.0047, train_error: 0.0000
class 0: acc 1.0, correct 97/97
class 1: acc 1.0, correct 90/90


batch 19, loss: 0.0000, instance_loss: 0.0000, weighted_loss: 0.0000, label: 0, bag_size: 1327
batch 39, loss: 0.0013, instance_loss: 0.0008, weighted_loss: 0.0011, label: 1, bag_size: 966
batch 59, loss: 0.0001, instance_loss: 0.0000, weighted_loss: 0.0001, label: 0, bag_size: 3693
batch 79, loss: 0.0052, instance_loss: 0.0409, weighted_loss: 0.0159, label: 1, bag_size: 1447
batch 99, loss: 0.0000, instance_loss: 0.0000, weighted_loss: 0.0000, label: 1, bag_size: 14189
batch 119, loss: 0.0004, instance_loss: 0.0000, weighted_loss: 0.0003, label: 1, bag_size: 19888
batch 139, loss: 0.0004, instance_loss: 0.0007, weighted_loss: 0.0005, label: 1, bag_size: 945
batch 159, loss: 0.0000, instance_loss: 0.0030, weighted_loss: 0.0009, label: 0, bag_size: 565
batch 179, loss: 0.0000, instance_loss: 0.0000, weighted_loss: 0.0000, label: 0, bag_size: 3506


class 0 clustering acc 1.0: correct 1496/1496
class 1 clustering acc 0.9993315508021391: correct 1495/1496
Epoch: 24, train_loss: 0.0010, train_clustering_loss:  0.0046, train_error: 0.0000
class 0: acc 1.0, correct 98/98
class 1: acc 1.0, correct 89/89


batch 19, loss: 0.0001, instance_loss: 0.0000, weighted_loss: 0.0000, label: 1, bag_size: 10274
batch 39, loss: 0.0011, instance_loss: 0.0078, weighted_loss: 0.0031, label: 1, bag_size: 2441
batch 59, loss: 0.0000, instance_loss: 0.0063, weighted_loss: 0.0019, label: 1, bag_size: 2323
batch 79, loss: 0.0000, instance_loss: 0.0000, weighted_loss: 0.0000, label: 0, bag_size: 2850
batch 99, loss: 0.0000, instance_loss: 0.0000, weighted_loss: 0.0000, label: 0, bag_size: 3806
batch 119, loss: 0.0013, instance_loss: 0.0000, weighted_loss: 0.0009, label: 1, bag_size: 2728
batch 139, loss: 0.0000, instance_loss: 0.0008, weighted_loss: 0.0003, label: 0, bag_size: 484
batch 159, loss: 0.0006, instance_loss: 0.0000, weighted_loss: 0.0004, label: 0, bag_size: 2184
batch 179, loss: 0.0002, instance_loss: 0.0023, weighted_loss: 0.0008, label: 1, bag_size: 1223


class 0 clustering acc 1.0: correct 1496/1496
class 1 clustering acc 1.0: correct 1496/1496
Epoch: 25, train_loss: 0.0009, train_clustering_loss:  0.0040, train_error: 0.0000
class 0: acc 1.0, correct 90/90
class 1: acc 1.0, correct 97/97


batch 19, loss: 0.0001, instance_loss: 0.0008, weighted_loss: 0.0003, label: 1, bag_size: 3838
batch 39, loss: 0.0001, instance_loss: 0.0000, weighted_loss: 0.0000, label: 0, bag_size: 1315
batch 59, loss: 0.0003, instance_loss: 0.0021, weighted_loss: 0.0008, label: 0, bag_size: 4381
batch 79, loss: 0.0000, instance_loss: 0.0002, weighted_loss: 0.0001, label: 0, bag_size: 2317
batch 99, loss: 0.0004, instance_loss: 0.0006, weighted_loss: 0.0004, label: 1, bag_size: 1949
batch 119, loss: 0.0001, instance_loss: 0.0017, weighted_loss: 0.0006, label: 1, bag_size: 3583
batch 139, loss: 0.0021, instance_loss: 0.0000, weighted_loss: 0.0015, label: 0, bag_size: 1298
batch 159, loss: 0.0004, instance_loss: 0.0003, weighted_loss: 0.0004, label: 0, bag_size: 3836
batch 179, loss: 0.0003, instance_loss: 0.0002, weighted_loss: 0.0003, label: 0, bag_size: 590


class 0 clustering acc 1.0: correct 1496/1496
class 1 clustering acc 1.0: correct 1496/1496
Epoch: 26, train_loss: 0.0009, train_clustering_loss:  0.0025, train_error: 0.0000
class 0: acc 1.0, correct 93/93
class 1: acc 1.0, correct 94/94


batch 19, loss: 0.0000, instance_loss: 0.0000, weighted_loss: 0.0000, label: 0, bag_size: 3806
batch 39, loss: 0.0047, instance_loss: 0.0000, weighted_loss: 0.0033, label: 0, bag_size: 5091
batch 59, loss: 0.0002, instance_loss: 0.0000, weighted_loss: 0.0001, label: 1, bag_size: 14205
batch 79, loss: 0.0000, instance_loss: 0.0314, weighted_loss: 0.0094, label: 0, bag_size: 328
batch 99, loss: 0.0026, instance_loss: 0.0045, weighted_loss: 0.0032, label: 0, bag_size: 1379
batch 119, loss: 0.0012, instance_loss: 0.0000, weighted_loss: 0.0009, label: 1, bag_size: 2728
batch 139, loss: 0.0003, instance_loss: 0.0024, weighted_loss: 0.0009, label: 1, bag_size: 940
batch 159, loss: 0.0000, instance_loss: 0.0005, weighted_loss: 0.0002, label: 0, bag_size: 384
batch 179, loss: 0.0000, instance_loss: 0.0029, weighted_loss: 0.0009, label: 1, bag_size: 2323


class 0 clustering acc 1.0: correct 1496/1496
class 1 clustering acc 1.0: correct 1496/1496
Epoch: 27, train_loss: 0.0008, train_clustering_loss:  0.0026, train_error: 0.0000
class 0: acc 1.0, correct 95/95
class 1: acc 1.0, correct 92/92


batch 19, loss: 0.0002, instance_loss: 0.0000, weighted_loss: 0.0001, label: 1, bag_size: 14205
batch 39, loss: 0.0000, instance_loss: 0.0000, weighted_loss: 0.0000, label: 1, bag_size: 14189
batch 59, loss: 0.0000, instance_loss: 0.0010, weighted_loss: 0.0003, label: 0, bag_size: 300
batch 79, loss: 0.0004, instance_loss: 0.1774, weighted_loss: 0.0535, label: 0, bag_size: 234
batch 99, loss: 0.0007, instance_loss: 0.0198, weighted_loss: 0.0064, label: 0, bag_size: 797
batch 119, loss: 0.0039, instance_loss: 0.0000, weighted_loss: 0.0027, label: 1, bag_size: 3912
batch 139, loss: 0.0002, instance_loss: 0.0012, weighted_loss: 0.0005, label: 1, bag_size: 1949
batch 159, loss: 0.0000, instance_loss: 0.0101, weighted_loss: 0.0030, label: 1, bag_size: 1100
batch 179, loss: 0.0000, instance_loss: 0.0362, weighted_loss: 0.0109, label: 0, bag_size: 916


class 0 clustering acc 1.0: correct 1496/1496
class 1 clustering acc 0.9993315508021391: correct 1495/1496
Epoch: 28, train_loss: 0.0008, train_clustering_loss:  0.0043, train_error: 0.0000
class 0: acc 1.0, correct 96/96
class 1: acc 1.0, correct 91/91


batch 19, loss: 0.0000, instance_loss: 0.0002, weighted_loss: 0.0001, label: 0, bag_size: 4113
batch 39, loss: 0.0029, instance_loss: 0.0000, weighted_loss: 0.0020, label: 1, bag_size: 3912
batch 59, loss: 0.0000, instance_loss: 0.0000, weighted_loss: 0.0000, label: 0, bag_size: 3937
batch 79, loss: 0.0002, instance_loss: 0.0020, weighted_loss: 0.0008, label: 1, bag_size: 1949
batch 99, loss: 0.0000, instance_loss: 0.0000, weighted_loss: 0.0000, label: 0, bag_size: 3626
batch 119, loss: 0.0001, instance_loss: 0.0000, weighted_loss: 0.0001, label: 0, bag_size: 4112
batch 139, loss: 0.0001, instance_loss: 0.0000, weighted_loss: 0.0001, label: 0, bag_size: 4112
batch 159, loss: 0.0013, instance_loss: 0.0013, weighted_loss: 0.0013, label: 1, bag_size: 1511
batch 179, loss: 0.0000, instance_loss: 0.0000, weighted_loss: 0.0000, label: 0, bag_size: 5359


class 0 clustering acc 1.0: correct 1496/1496
class 1 clustering acc 1.0: correct 1496/1496
Epoch: 29, train_loss: 0.0006, train_clustering_loss:  0.0031, train_error: 0.0000
class 0: acc 1.0, correct 82/82
class 1: acc 1.0, correct 105/105
Test error: 0.2179, ROC AUC: 0.4107
class 0: acc 0.9230769230769231, correct 60/65
class 1: acc 0.07692307692307693, correct 1/13

Training Fold 2!

Init train/val/test splits... 
Done!
Training on 152 samples
Validating on 0 samples
Testing on 113 samples

Init loss function... Done!

Init Model... Setting tau to 1.0
Done!
CLAM_SB(
  (attention_net): Sequential(
    (0): Linear(in_features=1536, out_features=512, bias=True)
    (1): ReLU()
    (2): Dropout(p=0.25, inplace=False)
    (3): Attn_Net_Gated(
      (attention_a): Sequential(
        (0): Linear(in_features=512, out_features=256, bias=True)
        (1): Tanh()
        (2): Dropout(p=0.25, inplace=False)
      )
      (attention_b): Sequential(
        (0): Linear(in_features=512, out_features=256, bias=True)
        (1): Sigmoid()
        (2): Dropout(p=0.25, inplace=False)
      )
      (attention_c): Linear(in_features=256, out_features=1, bias=True)
    )
  )
  (classifiers): Linear(in_features=512, out_features=2, bias=True)
  (instance_classifiers): ModuleList(
    (0-1): 2 x Linear(in_features=512, out_features=2, bias=True)
  )
  (instance_loss_fn): SmoothTop1SVM()
)
Total number of parameters: 1052935
Total number of trainable parameters: 1052935

Init optimizer ... Done!
Cosine LR schedule: 2.00e-04 -> 0.00e+00 over 30 epochs

Init Loaders... Done!

Setup EarlyStopping... Done!


batch 19, loss: 0.8747, instance_loss: 1.1593, weighted_loss: 0.9601, label: 1, bag_size: 1343
batch 39, loss: 0.8541, instance_loss: 0.7592, weighted_loss: 0.8256, label: 0, bag_size: 656
batch 59, loss: 0.8713, instance_loss: 0.0777, weighted_loss: 0.6332, label: 0, bag_size: 731
batch 79, loss: 0.5490, instance_loss: 0.2018, weighted_loss: 0.4449, label: 0, bag_size: 1736
batch 99, loss: 0.8855, instance_loss: 0.0208, weighted_loss: 0.6261, label: 1, bag_size: 4559
batch 119, loss: 0.2306, instance_loss: 0.0216, weighted_loss: 0.1679, label: 0, bag_size: 1417
batch 139, loss: 1.0000, instance_loss: 0.0360, weighted_loss: 0.7108, label: 1, bag_size: 779


class 0 clustering acc 0.9662828947368421: correct 1175/1216
class 1 clustering acc 0.8643092105263158: correct 1051/1216
Epoch: 0, train_loss: 0.7295, train_clustering_loss:  0.4063, train_error: 0.4934
class 0: acc 0.6219512195121951, correct 51/82
class 1: acc 0.37142857142857144, correct 26/70


batch 19, loss: 1.0789, instance_loss: 0.0163, weighted_loss: 0.7601, label: 0, bag_size: 1723
batch 39, loss: 0.2330, instance_loss: 0.0342, weighted_loss: 0.1734, label: 1, bag_size: 1296
batch 59, loss: 0.3519, instance_loss: 0.0071, weighted_loss: 0.2485, label: 1, bag_size: 5268
batch 79, loss: 0.8020, instance_loss: 0.0111, weighted_loss: 0.5647, label: 0, bag_size: 1723
batch 99, loss: 0.4541, instance_loss: 0.0070, weighted_loss: 0.3200, label: 0, bag_size: 6348
batch 119, loss: 1.0210, instance_loss: 0.0655, weighted_loss: 0.7343, label: 1, bag_size: 1297
batch 139, loss: 1.0739, instance_loss: 0.0356, weighted_loss: 0.7624, label: 1, bag_size: 779


class 0 clustering acc 1.0: correct 1216/1216
class 1 clustering acc 0.9835526315789473: correct 1196/1216
Epoch: 1, train_loss: 0.6394, train_clustering_loss:  0.0512, train_error: 0.3224
class 0: acc 0.7088607594936709, correct 56/79
class 1: acc 0.6438356164383562, correct 47/73


batch 19, loss: 0.3327, instance_loss: 0.0111, weighted_loss: 0.2362, label: 0, bag_size: 1991
batch 39, loss: 0.8979, instance_loss: 0.0205, weighted_loss: 0.6346, label: 1, bag_size: 1223
batch 59, loss: 0.8866, instance_loss: 0.0105, weighted_loss: 0.6238, label: 1, bag_size: 4741
batch 79, loss: 0.3431, instance_loss: 0.0037, weighted_loss: 0.2413, label: 1, bag_size: 529
batch 99, loss: 0.5787, instance_loss: 0.0039, weighted_loss: 0.4063, label: 1, bag_size: 869
batch 119, loss: 0.2574, instance_loss: 0.0127, weighted_loss: 0.1840, label: 1, bag_size: 2323
batch 139, loss: 0.0815, instance_loss: 0.0084, weighted_loss: 0.0596, label: 1, bag_size: 1223


class 0 clustering acc 1.0: correct 1216/1216
class 1 clustering acc 0.9967105263157895: correct 1212/1216
Epoch: 2, train_loss: 0.6006, train_clustering_loss:  0.0214, train_error: 0.3092
class 0: acc 0.5970149253731343, correct 40/67
class 1: acc 0.7647058823529411, correct 65/85


batch 19, loss: 0.4465, instance_loss: 0.0127, weighted_loss: 0.3164, label: 0, bag_size: 2511
batch 39, loss: 0.1093, instance_loss: 0.0002, weighted_loss: 0.0766, label: 1, bag_size: 869
batch 59, loss: 0.0557, instance_loss: 0.0033, weighted_loss: 0.0400, label: 0, bag_size: 3873
batch 79, loss: 0.0377, instance_loss: 0.0021, weighted_loss: 0.0270, label: 1, bag_size: 945
batch 99, loss: 1.8203, instance_loss: 0.0057, weighted_loss: 1.2759, label: 0, bag_size: 4337
batch 119, loss: 0.6601, instance_loss: 0.0036, weighted_loss: 0.4632, label: 0, bag_size: 1991
batch 139, loss: 0.3822, instance_loss: 0.0021, weighted_loss: 0.2682, label: 1, bag_size: 966


class 0 clustering acc 1.0: correct 1216/1216
class 1 clustering acc 0.9967105263157895: correct 1212/1216
Epoch: 3, train_loss: 0.5197, train_clustering_loss:  0.0111, train_error: 0.2303
class 0: acc 0.7142857142857143, correct 50/70
class 1: acc 0.8170731707317073, correct 67/82


batch 19, loss: 0.0777, instance_loss: 0.0024, weighted_loss: 0.0551, label: 0, bag_size: 1023
batch 39, loss: 0.4015, instance_loss: 0.0027, weighted_loss: 0.2819, label: 1, bag_size: 4559
batch 59, loss: 2.5805, instance_loss: 0.0037, weighted_loss: 1.8075, label: 0, bag_size: 4741
batch 79, loss: 0.4183, instance_loss: 0.0005, weighted_loss: 0.2929, label: 1, bag_size: 529
batch 99, loss: 0.5120, instance_loss: 0.0052, weighted_loss: 0.3599, label: 0, bag_size: 1736
batch 119, loss: 0.1281, instance_loss: 0.0140, weighted_loss: 0.0939, label: 0, bag_size: 4091
batch 139, loss: 3.6217, instance_loss: 0.0111, weighted_loss: 2.5386, label: 1, bag_size: 2323


class 0 clustering acc 1.0: correct 1216/1216
class 1 clustering acc 1.0: correct 1216/1216
Epoch: 4, train_loss: 0.4128, train_clustering_loss:  0.0045, train_error: 0.1974
class 0: acc 0.8289473684210527, correct 63/76
class 1: acc 0.7763157894736842, correct 59/76


batch 19, loss: 0.1295, instance_loss: 0.0002, weighted_loss: 0.0907, label: 0, bag_size: 2532
batch 39, loss: 0.0243, instance_loss: 0.0018, weighted_loss: 0.0176, label: 0, bag_size: 1666
batch 59, loss: 0.1206, instance_loss: 0.0009, weighted_loss: 0.0847, label: 0, bag_size: 1924
batch 79, loss: 0.0179, instance_loss: 0.0010, weighted_loss: 0.0128, label: 1, bag_size: 5486
batch 99, loss: 0.0202, instance_loss: 0.0035, weighted_loss: 0.0152, label: 1, bag_size: 1922
batch 119, loss: 0.0194, instance_loss: 0.0042, weighted_loss: 0.0149, label: 0, bag_size: 671
batch 139, loss: 0.3143, instance_loss: 0.0038, weighted_loss: 0.2211, label: 1, bag_size: 1343


class 0 clustering acc 1.0: correct 1216/1216
class 1 clustering acc 0.9975328947368421: correct 1213/1216
Epoch: 5, train_loss: 0.3078, train_clustering_loss:  0.0085, train_error: 0.1118
class 0: acc 0.821917808219178, correct 60/73
class 1: acc 0.9493670886075949, correct 75/79


batch 19, loss: 0.0508, instance_loss: 0.0064, weighted_loss: 0.0375, label: 0, bag_size: 1476
batch 39, loss: 0.2398, instance_loss: 0.0016, weighted_loss: 0.1683, label: 1, bag_size: 766
batch 59, loss: 0.0303, instance_loss: 0.0039, weighted_loss: 0.0224, label: 1, bag_size: 2323
batch 79, loss: 0.0030, instance_loss: 0.0010, weighted_loss: 0.0024, label: 0, bag_size: 1417
batch 99, loss: 1.4101, instance_loss: 0.0002, weighted_loss: 0.9871, label: 1, bag_size: 5769
batch 119, loss: 0.1020, instance_loss: 0.0023, weighted_loss: 0.0721, label: 1, bag_size: 2323
batch 139, loss: 0.0431, instance_loss: 0.0012, weighted_loss: 0.0305, label: 0, bag_size: 2065


class 0 clustering acc 1.0: correct 1216/1216
class 1 clustering acc 0.9983552631578947: correct 1214/1216
Epoch: 6, train_loss: 0.2424, train_clustering_loss:  0.0101, train_error: 0.1118
class 0: acc 0.8823529411764706, correct 75/85
class 1: acc 0.8955223880597015, correct 60/67


batch 19, loss: 2.2414, instance_loss: 0.0180, weighted_loss: 1.5744, label: 1, bag_size: 4741
batch 39, loss: 0.0085, instance_loss: 0.0008, weighted_loss: 0.0062, label: 1, bag_size: 1588
batch 59, loss: 0.0077, instance_loss: 0.0018, weighted_loss: 0.0059, label: 1, bag_size: 766
batch 79, loss: 0.0018, instance_loss: 0.0039, weighted_loss: 0.0025, label: 0, bag_size: 671
batch 99, loss: 0.0162, instance_loss: 0.0014, weighted_loss: 0.0117, label: 1, bag_size: 2162
batch 119, loss: 0.2907, instance_loss: 0.0018, weighted_loss: 0.2040, label: 1, bag_size: 945
batch 139, loss: 0.0087, instance_loss: 0.0026, weighted_loss: 0.0069, label: 1, bag_size: 1223


class 0 clustering acc 1.0: correct 1216/1216
class 1 clustering acc 1.0: correct 1216/1216
Epoch: 7, train_loss: 0.1282, train_clustering_loss:  0.0057, train_error: 0.0461
class 0: acc 0.9493670886075949, correct 75/79
class 1: acc 0.958904109589041, correct 70/73


batch 19, loss: 0.0201, instance_loss: 0.0034, weighted_loss: 0.0151, label: 0, bag_size: 3852
batch 39, loss: 0.1070, instance_loss: 0.0018, weighted_loss: 0.0754, label: 1, bag_size: 2323
batch 59, loss: 0.1383, instance_loss: 0.1311, weighted_loss: 0.1362, label: 0, bag_size: 251
batch 79, loss: 0.0006, instance_loss: 0.0002, weighted_loss: 0.0004, label: 1, bag_size: 1922
batch 99, loss: 0.0044, instance_loss: 0.0021, weighted_loss: 0.0037, label: 1, bag_size: 1223
batch 119, loss: 0.0037, instance_loss: 0.0023, weighted_loss: 0.0033, label: 1, bag_size: 1343
batch 139, loss: 0.0006, instance_loss: 0.0031, weighted_loss: 0.0013, label: 0, bag_size: 1013


class 0 clustering acc 1.0: correct 1216/1216
class 1 clustering acc 1.0: correct 1216/1216
Epoch: 8, train_loss: 0.0655, train_clustering_loss:  0.0039, train_error: 0.0197
class 0: acc 0.9880952380952381, correct 83/84
class 1: acc 0.9705882352941176, correct 66/68


batch 19, loss: 0.0008, instance_loss: 0.0013, weighted_loss: 0.0010, label: 0, bag_size: 731
batch 39, loss: 0.0021, instance_loss: 0.0006, weighted_loss: 0.0016, label: 1, bag_size: 945
batch 59, loss: 0.0087, instance_loss: 0.0139, weighted_loss: 0.0103, label: 1, bag_size: 680
batch 79, loss: 0.0005, instance_loss: 0.0000, weighted_loss: 0.0004, label: 1, bag_size: 1588
batch 99, loss: 0.0058, instance_loss: 0.0003, weighted_loss: 0.0041, label: 1, bag_size: 5486
batch 119, loss: 0.0390, instance_loss: 0.0030, weighted_loss: 0.0282, label: 1, bag_size: 2162
batch 139, loss: 0.0035, instance_loss: 0.0058, weighted_loss: 0.0042, label: 0, bag_size: 4629


class 0 clustering acc 1.0: correct 1216/1216
class 1 clustering acc 0.9975328947368421: correct 1213/1216
Epoch: 9, train_loss: 0.1023, train_clustering_loss:  0.0105, train_error: 0.0526
class 0: acc 0.9466666666666667, correct 71/75
class 1: acc 0.948051948051948, correct 73/77


batch 19, loss: 1.8043, instance_loss: 0.0003, weighted_loss: 1.2631, label: 0, bag_size: 4741
batch 39, loss: 0.0070, instance_loss: 0.0022, weighted_loss: 0.0055, label: 1, bag_size: 766
batch 59, loss: 0.0025, instance_loss: 0.0025, weighted_loss: 0.0025, label: 1, bag_size: 779
batch 79, loss: 0.1487, instance_loss: 0.0012, weighted_loss: 0.1045, label: 1, bag_size: 4741
batch 99, loss: 0.0049, instance_loss: 0.0000, weighted_loss: 0.0034, label: 1, bag_size: 1296
batch 119, loss: 0.0254, instance_loss: 0.0019, weighted_loss: 0.0184, label: 1, bag_size: 4559
batch 139, loss: 0.0160, instance_loss: 0.0578, weighted_loss: 0.0285, label: 0, bag_size: 1033


class 0 clustering acc 1.0: correct 1216/1216
class 1 clustering acc 0.9991776315789473: correct 1215/1216
Epoch: 10, train_loss: 0.0491, train_clustering_loss:  0.0058, train_error: 0.0132
class 0: acc 0.9848484848484849, correct 65/66
class 1: acc 0.9883720930232558, correct 85/86


batch 19, loss: 0.0333, instance_loss: 0.0000, weighted_loss: 0.0233, label: 0, bag_size: 3097
batch 39, loss: 0.0002, instance_loss: 0.0016, weighted_loss: 0.0006, label: 0, bag_size: 1018
batch 59, loss: 0.0047, instance_loss: 0.0006, weighted_loss: 0.0035, label: 1, bag_size: 1296
batch 79, loss: 0.0006, instance_loss: 0.0008, weighted_loss: 0.0006, label: 0, bag_size: 2823
batch 99, loss: 0.0263, instance_loss: 0.0417, weighted_loss: 0.0309, label: 0, bag_size: 986
batch 119, loss: 0.0027, instance_loss: 0.0000, weighted_loss: 0.0019, label: 1, bag_size: 5486
batch 139, loss: 0.0007, instance_loss: 0.0000, weighted_loss: 0.0005, label: 1, bag_size: 966


class 0 clustering acc 1.0: correct 1216/1216
class 1 clustering acc 1.0: correct 1216/1216
Epoch: 11, train_loss: 0.0479, train_clustering_loss:  0.0027, train_error: 0.0197
class 0: acc 0.9743589743589743, correct 76/78
class 1: acc 0.9864864864864865, correct 73/74


batch 19, loss: 0.0008, instance_loss: 0.0000, weighted_loss: 0.0006, label: 1, bag_size: 966
batch 39, loss: 0.1812, instance_loss: 0.0011, weighted_loss: 0.1271, label: 0, bag_size: 5371
batch 59, loss: 0.0084, instance_loss: 0.0017, weighted_loss: 0.0064, label: 1, bag_size: 2162
batch 79, loss: 0.0010, instance_loss: 0.0000, weighted_loss: 0.0007, label: 1, bag_size: 940
batch 99, loss: 0.0010, instance_loss: 0.0076, weighted_loss: 0.0030, label: 1, bag_size: 1447
batch 119, loss: 0.0082, instance_loss: 0.0000, weighted_loss: 0.0057, label: 1, bag_size: 3838
batch 139, loss: 0.0005, instance_loss: 0.0010, weighted_loss: 0.0006, label: 1, bag_size: 779


class 0 clustering acc 1.0: correct 1216/1216
class 1 clustering acc 0.9983552631578947: correct 1214/1216
Epoch: 12, train_loss: 0.0225, train_clustering_loss:  0.0055, train_error: 0.0000
class 0: acc 1.0, correct 72/72
class 1: acc 1.0, correct 80/80


batch 19, loss: 0.0001, instance_loss: 0.0004, weighted_loss: 0.0002, label: 1, bag_size: 1922
batch 39, loss: 0.0630, instance_loss: 0.0022, weighted_loss: 0.0447, label: 1, bag_size: 4741
batch 59, loss: 0.0011, instance_loss: 0.0000, weighted_loss: 0.0007, label: 0, bag_size: 3483
batch 79, loss: 0.0167, instance_loss: 0.0013, weighted_loss: 0.0121, label: 1, bag_size: 4741
batch 99, loss: 0.0002, instance_loss: 0.0005, weighted_loss: 0.0003, label: 1, bag_size: 3912
batch 119, loss: 0.0218, instance_loss: 0.0029, weighted_loss: 0.0162, label: 1, bag_size: 4741
batch 139, loss: 0.0000, instance_loss: 0.0000, weighted_loss: 0.0000, label: 0, bag_size: 1608


class 0 clustering acc 1.0: correct 1216/1216
class 1 clustering acc 0.9975328947368421: correct 1213/1216
Epoch: 13, train_loss: 0.0120, train_clustering_loss:  0.0116, train_error: 0.0000
class 0: acc 1.0, correct 71/71
class 1: acc 1.0, correct 81/81


batch 19, loss: 0.2040, instance_loss: 0.0015, weighted_loss: 0.1433, label: 1, bag_size: 4741
batch 39, loss: 0.0004, instance_loss: 0.0000, weighted_loss: 0.0002, label: 1, bag_size: 5486
batch 59, loss: 0.0022, instance_loss: 0.0000, weighted_loss: 0.0015, label: 1, bag_size: 1296
batch 79, loss: 0.3855, instance_loss: 0.0012, weighted_loss: 0.2702, label: 1, bag_size: 4559
batch 99, loss: 0.0037, instance_loss: 0.0000, weighted_loss: 0.0026, label: 1, bag_size: 1296
batch 119, loss: 0.0002, instance_loss: 0.0000, weighted_loss: 0.0001, label: 1, bag_size: 852
batch 139, loss: 0.0002, instance_loss: 0.0000, weighted_loss: 0.0001, label: 1, bag_size: 966


class 0 clustering acc 0.9991776315789473: correct 1215/1216
class 1 clustering acc 1.0: correct 1216/1216
Epoch: 14, train_loss: 0.0144, train_clustering_loss:  0.0047, train_error: 0.0066
class 0: acc 0.9875, correct 79/80
class 1: acc 1.0, correct 72/72


batch 19, loss: 0.0059, instance_loss: 0.0000, weighted_loss: 0.0041, label: 1, bag_size: 3838
batch 39, loss: 0.0010, instance_loss: 0.0006, weighted_loss: 0.0009, label: 0, bag_size: 2461
batch 59, loss: 0.0046, instance_loss: 0.0002, weighted_loss: 0.0033, label: 1, bag_size: 3838
batch 79, loss: 0.0006, instance_loss: 0.0005, weighted_loss: 0.0006, label: 1, bag_size: 766
batch 99, loss: 0.0009, instance_loss: 0.0000, weighted_loss: 0.0006, label: 1, bag_size: 945
batch 119, loss: 0.0075, instance_loss: 0.0014, weighted_loss: 0.0056, label: 0, bag_size: 681
batch 139, loss: 0.0017, instance_loss: 0.0038, weighted_loss: 0.0023, label: 1, bag_size: 680


class 0 clustering acc 1.0: correct 1216/1216
class 1 clustering acc 1.0: correct 1216/1216
Epoch: 15, train_loss: 0.0036, train_clustering_loss:  0.0027, train_error: 0.0000
class 0: acc 1.0, correct 71/71
class 1: acc 1.0, correct 81/81


batch 19, loss: 0.0000, instance_loss: 0.0000, weighted_loss: 0.0000, label: 0, bag_size: 1536
batch 39, loss: 0.0000, instance_loss: 0.0010, weighted_loss: 0.0003, label: 0, bag_size: 1315
batch 59, loss: 0.0004, instance_loss: 0.0010, weighted_loss: 0.0006, label: 1, bag_size: 3912
batch 79, loss: 0.0001, instance_loss: 0.0143, weighted_loss: 0.0044, label: 0, bag_size: 235
batch 99, loss: 0.0078, instance_loss: 0.0000, weighted_loss: 0.0055, label: 0, bag_size: 1043
batch 119, loss: 0.0020, instance_loss: 0.0031, weighted_loss: 0.0023, label: 1, bag_size: 1447
batch 139, loss: 0.0004, instance_loss: 0.0000, weighted_loss: 0.0003, label: 1, bag_size: 5486


class 0 clustering acc 1.0: correct 1216/1216
class 1 clustering acc 0.9975328947368421: correct 1213/1216
Epoch: 16, train_loss: 0.0072, train_clustering_loss:  0.0092, train_error: 0.0000
class 0: acc 1.0, correct 74/74
class 1: acc 1.0, correct 78/78


batch 19, loss: 0.0018, instance_loss: 0.0000, weighted_loss: 0.0013, label: 0, bag_size: 2196
batch 39, loss: 0.0002, instance_loss: 0.0002, weighted_loss: 0.0002, label: 0, bag_size: 731
batch 59, loss: 0.0007, instance_loss: 0.0000, weighted_loss: 0.0005, label: 0, bag_size: 963
batch 79, loss: 0.0025, instance_loss: 0.0000, weighted_loss: 0.0017, label: 1, bag_size: 3838
batch 99, loss: 0.0002, instance_loss: 0.0003, weighted_loss: 0.0002, label: 1, bag_size: 5486
batch 119, loss: 0.0001, instance_loss: 0.0018, weighted_loss: 0.0006, label: 0, bag_size: 1832
batch 139, loss: 0.0000, instance_loss: 0.0005, weighted_loss: 0.0002, label: 0, bag_size: 2150


class 0 clustering acc 1.0: correct 1216/1216
class 1 clustering acc 0.9975328947368421: correct 1213/1216
Epoch: 17, train_loss: 0.0031, train_clustering_loss:  0.0083, train_error: 0.0000
class 0: acc 1.0, correct 78/78
class 1: acc 1.0, correct 74/74


batch 19, loss: 0.0083, instance_loss: 0.0050, weighted_loss: 0.0073, label: 0, bag_size: 4645
batch 39, loss: 0.0013, instance_loss: 0.3136, weighted_loss: 0.0950, label: 0, bag_size: 415
batch 59, loss: 0.0194, instance_loss: 0.0225, weighted_loss: 0.0203, label: 0, bag_size: 251
batch 79, loss: 0.0046, instance_loss: 0.0012, weighted_loss: 0.0035, label: 0, bag_size: 1043
batch 99, loss: 0.0019, instance_loss: 0.0000, weighted_loss: 0.0013, label: 1, bag_size: 3838
batch 119, loss: 0.0023, instance_loss: 0.0024, weighted_loss: 0.0023, label: 1, bag_size: 680
batch 139, loss: 0.0001, instance_loss: 0.0000, weighted_loss: 0.0000, label: 1, bag_size: 5486


class 0 clustering acc 1.0: correct 1216/1216
class 1 clustering acc 0.9991776315789473: correct 1215/1216
Epoch: 18, train_loss: 0.0022, train_clustering_loss:  0.0049, train_error: 0.0000
class 0: acc 1.0, correct 62/62
class 1: acc 1.0, correct 90/90


batch 19, loss: 0.0015, instance_loss: 0.0000, weighted_loss: 0.0011, label: 1, bag_size: 3838
batch 39, loss: 0.0008, instance_loss: 0.0007, weighted_loss: 0.0008, label: 1, bag_size: 1297
batch 59, loss: 0.0011, instance_loss: 0.0010, weighted_loss: 0.0011, label: 0, bag_size: 4337
batch 79, loss: 0.0000, instance_loss: 0.0005, weighted_loss: 0.0002, label: 1, bag_size: 1922
batch 99, loss: 0.0001, instance_loss: 0.0004, weighted_loss: 0.0002, label: 0, bag_size: 2823
batch 119, loss: 0.0001, instance_loss: 0.0017, weighted_loss: 0.0006, label: 1, bag_size: 3912
batch 139, loss: 0.0009, instance_loss: 0.0005, weighted_loss: 0.0008, label: 1, bag_size: 1223


class 0 clustering acc 1.0: correct 1216/1216
class 1 clustering acc 0.9983552631578947: correct 1214/1216
Epoch: 19, train_loss: 0.0019, train_clustering_loss:  0.0082, train_error: 0.0000
class 0: acc 1.0, correct 86/86
class 1: acc 1.0, correct 66/66


batch 19, loss: 0.0002, instance_loss: 0.0016, weighted_loss: 0.0006, label: 0, bag_size: 612
batch 39, loss: 0.0013, instance_loss: 0.0026, weighted_loss: 0.0017, label: 1, bag_size: 1296
batch 59, loss: 0.0013, instance_loss: 0.0235, weighted_loss: 0.0079, label: 0, bag_size: 1862
batch 79, loss: 0.0027, instance_loss: 0.0015, weighted_loss: 0.0023, label: 1, bag_size: 2162
batch 99, loss: 0.0003, instance_loss: 0.0004, weighted_loss: 0.0003, label: 1, bag_size: 766
batch 119, loss: 0.0017, instance_loss: 0.0000, weighted_loss: 0.0012, label: 0, bag_size: 3852
batch 139, loss: 0.0050, instance_loss: 0.0055, weighted_loss: 0.0051, label: 1, bag_size: 680


class 0 clustering acc 1.0: correct 1216/1216
class 1 clustering acc 0.9983552631578947: correct 1214/1216
Epoch: 20, train_loss: 0.0016, train_clustering_loss:  0.0069, train_error: 0.0000
class 0: acc 1.0, correct 75/75
class 1: acc 1.0, correct 77/77


batch 19, loss: 0.0000, instance_loss: 0.0023, weighted_loss: 0.0007, label: 0, bag_size: 4251
batch 39, loss: 0.0001, instance_loss: 0.0000, weighted_loss: 0.0001, label: 1, bag_size: 852
batch 59, loss: 0.0106, instance_loss: 0.0004, weighted_loss: 0.0076, label: 1, bag_size: 4741
batch 79, loss: 0.0000, instance_loss: 0.0008, weighted_loss: 0.0003, label: 0, bag_size: 1832
batch 99, loss: 0.0033, instance_loss: 0.0000, weighted_loss: 0.0023, label: 1, bag_size: 5268
batch 119, loss: 0.0000, instance_loss: 0.0068, weighted_loss: 0.0021, label: 0, bag_size: 4206
batch 139, loss: 0.0005, instance_loss: 0.0002, weighted_loss: 0.0004, label: 1, bag_size: 852


class 0 clustering acc 0.9991776315789473: correct 1215/1216
class 1 clustering acc 1.0: correct 1216/1216
Epoch: 21, train_loss: 0.0013, train_clustering_loss:  0.0028, train_error: 0.0000
class 0: acc 1.0, correct 89/89
class 1: acc 1.0, correct 63/63


batch 19, loss: 0.0002, instance_loss: 0.0012, weighted_loss: 0.0005, label: 1, bag_size: 766
batch 39, loss: 0.0002, instance_loss: 0.0000, weighted_loss: 0.0001, label: 0, bag_size: 1298
batch 59, loss: 0.0000, instance_loss: 0.0003, weighted_loss: 0.0001, label: 0, bag_size: 629
batch 79, loss: 0.0001, instance_loss: 0.0000, weighted_loss: 0.0001, label: 1, bag_size: 5486
batch 99, loss: 0.0001, instance_loss: 0.0000, weighted_loss: 0.0001, label: 1, bag_size: 940
batch 119, loss: 0.0000, instance_loss: 0.0478, weighted_loss: 0.0144, label: 0, bag_size: 235
batch 139, loss: 0.0004, instance_loss: 0.0002, weighted_loss: 0.0003, label: 1, bag_size: 1343


class 0 clustering acc 1.0: correct 1216/1216
class 1 clustering acc 0.9950657894736842: correct 1210/1216
Epoch: 22, train_loss: 0.0011, train_clustering_loss:  0.0139, train_error: 0.0000
class 0: acc 1.0, correct 68/68
class 1: acc 1.0, correct 84/84


batch 19, loss: 0.0000, instance_loss: 0.0046, weighted_loss: 0.0014, label: 0, bag_size: 1737
batch 39, loss: 0.0002, instance_loss: 0.0008, weighted_loss: 0.0004, label: 0, bag_size: 3483
batch 59, loss: 0.0053, instance_loss: 0.0013, weighted_loss: 0.0041, label: 1, bag_size: 4559
batch 79, loss: 0.0041, instance_loss: 0.0008, weighted_loss: 0.0031, label: 0, bag_size: 1043
batch 99, loss: 0.0006, instance_loss: 0.0035, weighted_loss: 0.0015, label: 1, bag_size: 1447
batch 119, loss: 0.0000, instance_loss: 0.0013, weighted_loss: 0.0004, label: 1, bag_size: 3912
batch 139, loss: 0.0001, instance_loss: 0.0000, weighted_loss: 0.0001, label: 1, bag_size: 966


class 0 clustering acc 1.0: correct 1216/1216
class 1 clustering acc 0.9991776315789473: correct 1215/1216
Epoch: 23, train_loss: 0.0015, train_clustering_loss:  0.0048, train_error: 0.0000
class 0: acc 1.0, correct 74/74
class 1: acc 1.0, correct 78/78


batch 19, loss: 0.0005, instance_loss: 0.0000, weighted_loss: 0.0003, label: 1, bag_size: 966
batch 39, loss: 0.0000, instance_loss: 0.0002, weighted_loss: 0.0001, label: 0, bag_size: 4091
batch 59, loss: 0.0042, instance_loss: 0.0000, weighted_loss: 0.0030, label: 1, bag_size: 4741
batch 79, loss: 0.0007, instance_loss: 0.0006, weighted_loss: 0.0007, label: 1, bag_size: 1297
batch 99, loss: 0.0008, instance_loss: 0.0000, weighted_loss: 0.0006, label: 1, bag_size: 2162
batch 119, loss: 0.0000, instance_loss: 0.0000, weighted_loss: 0.0000, label: 0, bag_size: 4420
batch 139, loss: 0.0001, instance_loss: 0.0000, weighted_loss: 0.0001, label: 1, bag_size: 945


class 0 clustering acc 0.9991776315789473: correct 1215/1216
class 1 clustering acc 0.9991776315789473: correct 1215/1216
Epoch: 24, train_loss: 0.0013, train_clustering_loss:  0.0038, train_error: 0.0000
class 0: acc 1.0, correct 66/66
class 1: acc 1.0, correct 86/86


batch 19, loss: 0.0000, instance_loss: 0.0002, weighted_loss: 0.0001, label: 0, bag_size: 1702
batch 39, loss: 0.0012, instance_loss: 0.0005, weighted_loss: 0.0010, label: 1, bag_size: 2162
batch 59, loss: 0.0003, instance_loss: 0.0000, weighted_loss: 0.0002, label: 1, bag_size: 966
batch 79, loss: 0.0001, instance_loss: 0.0000, weighted_loss: 0.0000, label: 0, bag_size: 918
batch 99, loss: 0.0000, instance_loss: 0.0028, weighted_loss: 0.0008, label: 0, bag_size: 4091
batch 119, loss: 0.0002, instance_loss: 0.0099, weighted_loss: 0.0031, label: 0, bag_size: 235
batch 139, loss: 0.0007, instance_loss: 0.0025, weighted_loss: 0.0012, label: 0, bag_size: 992


class 0 clustering acc 1.0: correct 1216/1216
class 1 clustering acc 0.9967105263157895: correct 1212/1216
Epoch: 25, train_loss: 0.0011, train_clustering_loss:  0.0113, train_error: 0.0000
class 0: acc 1.0, correct 91/91
class 1: acc 1.0, correct 61/61


batch 19, loss: 0.0000, instance_loss: 0.0000, weighted_loss: 0.0000, label: 1, bag_size: 1588
batch 39, loss: 0.0003, instance_loss: 0.0004, weighted_loss: 0.0003, label: 1, bag_size: 1343
batch 59, loss: 0.0004, instance_loss: 0.3497, weighted_loss: 0.1052, label: 0, bag_size: 328
batch 79, loss: 0.0088, instance_loss: 0.0026, weighted_loss: 0.0069, label: 0, bag_size: 2609
batch 99, loss: 0.0001, instance_loss: 0.0012, weighted_loss: 0.0004, label: 1, bag_size: 940
batch 119, loss: 0.0003, instance_loss: 0.3915, weighted_loss: 0.1177, label: 0, bag_size: 328
batch 139, loss: 0.0000, instance_loss: 0.0024, weighted_loss: 0.0007, label: 0, bag_size: 1608


class 0 clustering acc 1.0: correct 1216/1216
class 1 clustering acc 0.9983552631578947: correct 1214/1216
Epoch: 26, train_loss: 0.0007, train_clustering_loss:  0.0072, train_error: 0.0000
class 0: acc 1.0, correct 85/85
class 1: acc 1.0, correct 67/67


batch 19, loss: 0.0010, instance_loss: 0.0004, weighted_loss: 0.0008, label: 0, bag_size: 963
batch 39, loss: 0.0000, instance_loss: 0.0007, weighted_loss: 0.0002, label: 1, bag_size: 5486
batch 59, loss: 0.0001, instance_loss: 0.0041, weighted_loss: 0.0013, label: 0, bag_size: 911
batch 79, loss: 0.0002, instance_loss: 0.0025, weighted_loss: 0.0009, label: 1, bag_size: 852
batch 99, loss: 0.0001, instance_loss: 0.0007, weighted_loss: 0.0002, label: 0, bag_size: 234
batch 119, loss: 0.0000, instance_loss: 0.0002, weighted_loss: 0.0001, label: 0, bag_size: 1018
batch 139, loss: 0.0000, instance_loss: 0.0003, weighted_loss: 0.0001, label: 0, bag_size: 1379


class 0 clustering acc 1.0: correct 1216/1216
class 1 clustering acc 0.9983552631578947: correct 1214/1216
Epoch: 27, train_loss: 0.0013, train_clustering_loss:  0.0049, train_error: 0.0000
class 0: acc 1.0, correct 82/82
class 1: acc 1.0, correct 70/70


batch 19, loss: 0.0000, instance_loss: 0.0084, weighted_loss: 0.0025, label: 0, bag_size: 237
batch 39, loss: 0.0001, instance_loss: 0.0008, weighted_loss: 0.0003, label: 0, bag_size: 1023
batch 59, loss: 0.0013, instance_loss: 0.0006, weighted_loss: 0.0011, label: 1, bag_size: 1297
batch 79, loss: 0.0209, instance_loss: 0.0002, weighted_loss: 0.0147, label: 0, bag_size: 3806
batch 99, loss: 0.0000, instance_loss: 0.0595, weighted_loss: 0.0178, label: 0, bag_size: 1608
batch 119, loss: 0.0032, instance_loss: 0.0038, weighted_loss: 0.0034, label: 0, bag_size: 4429
batch 139, loss: 0.0001, instance_loss: 0.0000, weighted_loss: 0.0001, label: 1, bag_size: 940


class 0 clustering acc 0.9983552631578947: correct 1214/1216
class 1 clustering acc 0.9958881578947368: correct 1211/1216
Epoch: 28, train_loss: 0.0012, train_clustering_loss:  0.0122, train_error: 0.0000
class 0: acc 1.0, correct 83/83
class 1: acc 1.0, correct 69/69


batch 19, loss: 0.0000, instance_loss: 0.0000, weighted_loss: 0.0000, label: 0, bag_size: 3341
batch 39, loss: 0.0010, instance_loss: 0.0007, weighted_loss: 0.0009, label: 1, bag_size: 2162
batch 59, loss: 0.0013, instance_loss: 0.0004, weighted_loss: 0.0010, label: 0, bag_size: 2617
batch 79, loss: 0.0012, instance_loss: 0.0000, weighted_loss: 0.0008, label: 1, bag_size: 5268
batch 99, loss: 0.0001, instance_loss: 0.0003, weighted_loss: 0.0001, label: 0, bag_size: 3489
batch 119, loss: 0.0000, instance_loss: 0.0006, weighted_loss: 0.0002, label: 0, bag_size: 1832
batch 139, loss: 0.0024, instance_loss: 0.0000, weighted_loss: 0.0017, label: 1, bag_size: 5268


class 0 clustering acc 0.9991776315789473: correct 1215/1216
class 1 clustering acc 0.9958881578947368: correct 1211/1216
Epoch: 29, train_loss: 0.0009, train_clustering_loss:  0.0126, train_error: 0.0000
class 0: acc 1.0, correct 81/81
class 1: acc 1.0, correct 71/71
Test error: 0.1327, ROC AUC: 0.4354
class 0: acc 0.95, correct 95/100
class 1: acc 0.23076923076923078, correct 3/13
finished!
end script
