
Load Dataset
label column: label
label dictionary: {0: 0, 1: 1}
number of classes: 2
slide-level counts:  
 label
1     38
0    227
Name: count, dtype: int64
Patient-LVL; Number of samples registered in class 0: 90
Slide-LVL; Number of samples registered in class 0: 227
Patient-LVL; Number of samples registered in class 1: 12
Slide-LVL; Number of samples registered in class 1: 38
split_dir:  /home/jupyter/data/image_team/labels/derived/future_significant_gold_v1/splits/smc_future_significant_rejection_gold3
################# Settings ###################
num_splits:  3
k_start:  -1
k_end:  -1
task:  task_smc_future_significant_rejection
max_epochs:  30
early_stop_patience:  20
early_stop_min_epoch:  50
results_dir:  ./results
lr:  0.0002
experiment:  smc_future_significant_l0_0p25mpp_40x_uni2_clamsb_gold3cv_fixed30
reg:  1e-05
label_frac:  1.0
bag_loss:  ce
seed:  1
model_type:  clam_sb
model_size:  small
use_drop_out:  0.25
weighted_sample:  True
opt:  adam
bag_weight:  0.7
inst_loss:  svm
B:  8
split_dir:  /home/jupyter/data/image_team/labels/derived/future_significant_gold_v1/splits/smc_future_significant_rejection_gold3

Training Fold 0!

Init train/val/test splits... 
Done!
Training on 191 samples
Validating on 0 samples
Testing on 74 samples

Init loss function... Done!

Init Model... Setting tau to 1.0
Done!
CLAM_SB(
  (attention_net): Sequential(
    (0): Linear(in_features=1536, out_features=512, bias=True)
    (1): ReLU()
    (2): Dropout(p=0.25, inplace=False)
    (3): Attn_Net_Gated(
      (attention_a): Sequential(
        (0): Linear(in_features=512, out_features=256, bias=True)
        (1): Tanh()
        (2): Dropout(p=0.25, inplace=False)
      )
      (attention_b): Sequential(
        (0): Linear(in_features=512, out_features=256, bias=True)
        (1): Sigmoid()
        (2): Dropout(p=0.25, inplace=False)
      )
      (attention_c): Linear(in_features=256, out_features=1, bias=True)
    )
  )
  (classifiers): Linear(in_features=512, out_features=2, bias=True)
  (instance_classifiers): ModuleList(
    (0-1): 2 x Linear(in_features=512, out_features=2, bias=True)
  )
  (instance_loss_fn): SmoothTop1SVM()
)
Total number of parameters: 1052935
Total number of trainable parameters: 1052935

Init optimizer ... Done!
Cosine LR schedule: 2.00e-04 -> 0.00e+00 over 30 epochs

Init Loaders... Done!

Setup EarlyStopping... Done!


batch 19, loss: 0.3412, instance_loss: 0.6149, weighted_loss: 0.4233, label: 1, bag_size: 7732
batch 39, loss: 0.3437, instance_loss: 3.5092, weighted_loss: 1.2934, label: 1, bag_size: 18947
batch 59, loss: 0.8994, instance_loss: 1.1462, weighted_loss: 0.9735, label: 0, bag_size: 11611
batch 79, loss: 0.8157, instance_loss: 1.5981, weighted_loss: 1.0504, label: 1, bag_size: 3024
batch 99, loss: 0.9092, instance_loss: 0.9306, weighted_loss: 0.9156, label: 1, bag_size: 5180
batch 119, loss: 0.1805, instance_loss: 0.8771, weighted_loss: 0.3895, label: 1, bag_size: 79563
batch 139, loss: 0.6348, instance_loss: 0.1950, weighted_loss: 0.5028, label: 0, bag_size: 2951
batch 159, loss: 0.3776, instance_loss: 0.2370, weighted_loss: 0.3354, label: 0, bag_size: 3899
batch 179, loss: 0.1399, instance_loss: 1.5693, weighted_loss: 0.5687, label: 1, bag_size: 56808


class 0 clustering acc 0.7284031413612565: correct 1113/1528
class 1 clustering acc 0.7670157068062827: correct 1172/1528
Epoch: 0, train_loss: 0.6707, train_clustering_loss:  0.9225, train_error: 0.3979
class 0: acc 0.6, correct 60/100
class 1: acc 0.6043956043956044, correct 55/91


batch 19, loss: 0.9527, instance_loss: 0.0216, weighted_loss: 0.6733, label: 1, bag_size: 2718
batch 39, loss: 0.6822, instance_loss: 0.0876, weighted_loss: 0.5038, label: 1, bag_size: 4365
batch 59, loss: 0.4437, instance_loss: 0.0232, weighted_loss: 0.3175, label: 0, bag_size: 4256
batch 79, loss: 0.3789, instance_loss: 0.0960, weighted_loss: 0.2940, label: 0, bag_size: 21253
batch 99, loss: 0.2315, instance_loss: 0.3462, weighted_loss: 0.2659, label: 0, bag_size: 3715
batch 119, loss: 0.8434, instance_loss: 0.2664, weighted_loss: 0.6703, label: 1, bag_size: 2061
batch 139, loss: 1.6818, instance_loss: 0.0622, weighted_loss: 1.1959, label: 1, bag_size: 5180
batch 159, loss: 1.0707, instance_loss: 0.0018, weighted_loss: 0.7500, label: 0, bag_size: 6907
batch 179, loss: 1.1517, instance_loss: 4.2600, weighted_loss: 2.0842, label: 1, bag_size: 2113


class 0 clustering acc 0.8907068062827225: correct 1361/1528
class 1 clustering acc 0.9293193717277487: correct 1420/1528
Epoch: 1, train_loss: 0.5201, train_clustering_loss:  0.3972, train_error: 0.2827
class 0: acc 0.8333333333333334, correct 85/102
class 1: acc 0.5842696629213483, correct 52/89


batch 19, loss: 0.2167, instance_loss: 0.8763, weighted_loss: 0.4146, label: 1, bag_size: 2061
batch 39, loss: 0.8748, instance_loss: 0.0052, weighted_loss: 0.6139, label: 0, bag_size: 6871
batch 59, loss: 0.2601, instance_loss: 1.3666, weighted_loss: 0.5920, label: 1, bag_size: 5342
batch 79, loss: 0.0844, instance_loss: 0.1528, weighted_loss: 0.1049, label: 1, bag_size: 56958
batch 99, loss: 0.5581, instance_loss: 0.0176, weighted_loss: 0.3959, label: 0, bag_size: 11682
batch 119, loss: 0.1647, instance_loss: 0.0080, weighted_loss: 0.1177, label: 0, bag_size: 15093
batch 139, loss: 0.2946, instance_loss: 0.0749, weighted_loss: 0.2287, label: 1, bag_size: 7732
batch 159, loss: 0.2262, instance_loss: 0.0782, weighted_loss: 0.1818, label: 0, bag_size: 3953
batch 179, loss: 0.8135, instance_loss: 0.0050, weighted_loss: 0.5709, label: 0, bag_size: 15851


class 0 clustering acc 0.9096858638743456: correct 1390/1528
class 1 clustering acc 0.8298429319371727: correct 1268/1528
Epoch: 2, train_loss: 0.5106, train_clustering_loss:  0.5390, train_error: 0.2565
class 0: acc 0.7362637362637363, correct 67/91
class 1: acc 0.75, correct 75/100


batch 19, loss: 1.0946, instance_loss: 0.0068, weighted_loss: 0.7683, label: 0, bag_size: 13944
batch 39, loss: 0.1738, instance_loss: 0.0212, weighted_loss: 0.1280, label: 0, bag_size: 2820
batch 59, loss: 0.0421, instance_loss: 0.0054, weighted_loss: 0.0311, label: 1, bag_size: 79563
batch 79, loss: 0.6798, instance_loss: 0.0214, weighted_loss: 0.4823, label: 0, bag_size: 8764
batch 99, loss: 0.0617, instance_loss: 0.0054, weighted_loss: 0.0448, label: 1, bag_size: 41019
batch 119, loss: 0.4539, instance_loss: 0.0152, weighted_loss: 0.3223, label: 1, bag_size: 7733
batch 139, loss: 1.1153, instance_loss: 0.0322, weighted_loss: 0.7904, label: 0, bag_size: 6399
batch 159, loss: 0.0643, instance_loss: 0.0045, weighted_loss: 0.0464, label: 0, bag_size: 16402
batch 179, loss: 0.5493, instance_loss: 0.0390, weighted_loss: 0.3962, label: 0, bag_size: 3037


class 0 clustering acc 1.0: correct 1528/1528
class 1 clustering acc 0.9973821989528796: correct 1524/1528
Epoch: 3, train_loss: 0.4483, train_clustering_loss:  0.0304, train_error: 0.2408
class 0: acc 0.717391304347826, correct 66/92
class 1: acc 0.797979797979798, correct 79/99


batch 19, loss: 0.1046, instance_loss: 0.0051, weighted_loss: 0.0747, label: 1, bag_size: 5342
batch 39, loss: 0.7301, instance_loss: 0.1245, weighted_loss: 0.5484, label: 1, bag_size: 2113
batch 59, loss: 0.5091, instance_loss: 0.0234, weighted_loss: 0.3634, label: 0, bag_size: 863
batch 79, loss: 1.1271, instance_loss: 0.0089, weighted_loss: 0.7916, label: 0, bag_size: 13944
batch 99, loss: 0.4472, instance_loss: 0.1143, weighted_loss: 0.3474, label: 1, bag_size: 7733
batch 119, loss: 0.4168, instance_loss: 0.0763, weighted_loss: 0.3146, label: 0, bag_size: 2217
batch 139, loss: 0.0741, instance_loss: 0.0048, weighted_loss: 0.0533, label: 1, bag_size: 4365
batch 159, loss: 0.1373, instance_loss: 0.0240, weighted_loss: 0.1033, label: 0, bag_size: 3130
batch 179, loss: 0.0127, instance_loss: 0.0021, weighted_loss: 0.0095, label: 1, bag_size: 56958


class 0 clustering acc 1.0: correct 1528/1528
class 1 clustering acc 1.0: correct 1528/1528
Epoch: 4, train_loss: 0.3623, train_clustering_loss:  0.0184, train_error: 0.1728
class 0: acc 0.86, correct 86/100
class 1: acc 0.7912087912087912, correct 72/91


batch 19, loss: 1.4281, instance_loss: 0.0254, weighted_loss: 1.0073, label: 1, bag_size: 2718
batch 39, loss: 0.0161, instance_loss: 0.0010, weighted_loss: 0.0116, label: 0, bag_size: 20369
batch 59, loss: 0.4000, instance_loss: 0.0335, weighted_loss: 0.2900, label: 1, bag_size: 2718
batch 79, loss: 0.2934, instance_loss: 0.0294, weighted_loss: 0.2142, label: 0, bag_size: 9370
batch 99, loss: 0.2199, instance_loss: 0.0045, weighted_loss: 0.1553, label: 0, bag_size: 11819
batch 119, loss: 1.3102, instance_loss: 0.0142, weighted_loss: 0.9214, label: 0, bag_size: 4299
batch 139, loss: 0.5099, instance_loss: 0.0034, weighted_loss: 0.3580, label: 0, bag_size: 10419
batch 159, loss: 0.1526, instance_loss: 0.0101, weighted_loss: 0.1099, label: 1, bag_size: 2061
batch 179, loss: 0.0030, instance_loss: 0.0028, weighted_loss: 0.0029, label: 0, bag_size: 17528


class 0 clustering acc 1.0: correct 1528/1528
class 1 clustering acc 1.0: correct 1528/1528
Epoch: 5, train_loss: 0.3705, train_clustering_loss:  0.0113, train_error: 0.1728
class 0: acc 0.8761904761904762, correct 92/105
class 1: acc 0.7674418604651163, correct 66/86


batch 19, loss: 0.1429, instance_loss: 0.0013, weighted_loss: 0.1004, label: 1, bag_size: 14318
batch 39, loss: 0.0068, instance_loss: 0.0225, weighted_loss: 0.0115, label: 1, bag_size: 10923
batch 59, loss: 0.0133, instance_loss: 0.0032, weighted_loss: 0.0102, label: 0, bag_size: 11242
batch 79, loss: 0.2223, instance_loss: 0.0168, weighted_loss: 0.1606, label: 1, bag_size: 3024
batch 99, loss: 0.0042, instance_loss: 0.0017, weighted_loss: 0.0035, label: 1, bag_size: 39556
batch 119, loss: 1.1163, instance_loss: 0.0107, weighted_loss: 0.7846, label: 1, bag_size: 6024
batch 139, loss: 0.4478, instance_loss: 0.0036, weighted_loss: 0.3145, label: 0, bag_size: 13971
batch 159, loss: 0.0496, instance_loss: 0.0078, weighted_loss: 0.0371, label: 0, bag_size: 6907
batch 179, loss: 0.1671, instance_loss: 0.0022, weighted_loss: 0.1176, label: 0, bag_size: 3932


class 0 clustering acc 0.9967277486910995: correct 1523/1528
class 1 clustering acc 1.0: correct 1528/1528
Epoch: 6, train_loss: 0.2653, train_clustering_loss:  0.0211, train_error: 0.0995
class 0: acc 0.9252336448598131, correct 99/107
class 1: acc 0.8690476190476191, correct 73/84


batch 19, loss: 0.0761, instance_loss: 0.0020, weighted_loss: 0.0539, label: 0, bag_size: 6712
batch 39, loss: 0.0006, instance_loss: 0.0024, weighted_loss: 0.0012, label: 1, bag_size: 56808
batch 59, loss: 0.0647, instance_loss: 0.0035, weighted_loss: 0.0463, label: 0, bag_size: 2681
batch 79, loss: 0.0184, instance_loss: 0.0149, weighted_loss: 0.0174, label: 1, bag_size: 10923
batch 99, loss: 0.1415, instance_loss: 0.0105, weighted_loss: 0.1022, label: 0, bag_size: 5740
batch 119, loss: 0.2139, instance_loss: 0.0036, weighted_loss: 0.1508, label: 0, bag_size: 7092
batch 139, loss: 0.2338, instance_loss: 0.0121, weighted_loss: 0.1673, label: 0, bag_size: 10172
batch 159, loss: 0.5224, instance_loss: 0.0095, weighted_loss: 0.3685, label: 0, bag_size: 3899
batch 179, loss: 0.0072, instance_loss: 0.0197, weighted_loss: 0.0110, label: 0, bag_size: 2095


class 0 clustering acc 1.0: correct 1528/1528
class 1 clustering acc 1.0: correct 1528/1528
Epoch: 7, train_loss: 0.2482, train_clustering_loss:  0.0109, train_error: 0.1309
class 0: acc 0.8709677419354839, correct 81/93
class 1: acc 0.8673469387755102, correct 85/98


batch 19, loss: 0.6185, instance_loss: 0.0010, weighted_loss: 0.4333, label: 0, bag_size: 18431
batch 39, loss: 0.0910, instance_loss: 0.0177, weighted_loss: 0.0690, label: 0, bag_size: 5706
batch 59, loss: 0.0081, instance_loss: 0.0045, weighted_loss: 0.0070, label: 0, bag_size: 112
batch 79, loss: 0.0457, instance_loss: 0.0064, weighted_loss: 0.0339, label: 1, bag_size: 6024
batch 99, loss: 0.0380, instance_loss: 0.0040, weighted_loss: 0.0278, label: 1, bag_size: 3024
batch 119, loss: 0.0119, instance_loss: 0.0582, weighted_loss: 0.0258, label: 1, bag_size: 3146
batch 139, loss: 0.0025, instance_loss: 0.0008, weighted_loss: 0.0020, label: 0, bag_size: 18985
batch 159, loss: 0.0065, instance_loss: 0.0126, weighted_loss: 0.0084, label: 1, bag_size: 79563
batch 179, loss: 0.4507, instance_loss: 0.0030, weighted_loss: 0.3164, label: 0, bag_size: 10708


class 0 clustering acc 1.0: correct 1528/1528
class 1 clustering acc 1.0: correct 1528/1528
Epoch: 8, train_loss: 0.1748, train_clustering_loss:  0.0071, train_error: 0.0524
class 0: acc 0.9603960396039604, correct 97/101
class 1: acc 0.9333333333333333, correct 84/90


batch 19, loss: 0.0039, instance_loss: 0.0015, weighted_loss: 0.0032, label: 0, bag_size: 18111
batch 39, loss: 0.0402, instance_loss: 0.0130, weighted_loss: 0.0320, label: 1, bag_size: 6024
batch 59, loss: 0.0587, instance_loss: 0.0009, weighted_loss: 0.0414, label: 0, bag_size: 14711
batch 79, loss: 0.0002, instance_loss: 0.0018, weighted_loss: 0.0007, label: 0, bag_size: 20083
batch 99, loss: 0.0041, instance_loss: 0.0027, weighted_loss: 0.0037, label: 0, bag_size: 3364
batch 119, loss: 0.0648, instance_loss: 0.0094, weighted_loss: 0.0482, label: 0, bag_size: 3315
batch 139, loss: 0.0398, instance_loss: 0.0008, weighted_loss: 0.0281, label: 0, bag_size: 17549
batch 159, loss: 0.2373, instance_loss: 0.0111, weighted_loss: 0.1694, label: 0, bag_size: 863
batch 179, loss: 0.0397, instance_loss: 0.0018, weighted_loss: 0.0283, label: 0, bag_size: 3037


class 0 clustering acc 1.0: correct 1528/1528
class 1 clustering acc 1.0: correct 1528/1528
Epoch: 9, train_loss: 0.1395, train_clustering_loss:  0.0068, train_error: 0.0471
class 0: acc 0.95, correct 95/100
class 1: acc 0.9560439560439561, correct 87/91


batch 19, loss: 0.0009, instance_loss: 0.0022, weighted_loss: 0.0013, label: 1, bag_size: 10923
batch 39, loss: 0.0122, instance_loss: 0.0016, weighted_loss: 0.0090, label: 0, bag_size: 8542
batch 59, loss: 0.0001, instance_loss: 0.0002, weighted_loss: 0.0001, label: 0, bag_size: 17460
batch 79, loss: 0.0041, instance_loss: 0.0194, weighted_loss: 0.0087, label: 1, bag_size: 3146
batch 99, loss: 0.0244, instance_loss: 0.0026, weighted_loss: 0.0179, label: 1, bag_size: 14318
batch 119, loss: 0.0009, instance_loss: 0.0052, weighted_loss: 0.0022, label: 0, bag_size: 13054
batch 139, loss: 0.0064, instance_loss: 0.0019, weighted_loss: 0.0051, label: 0, bag_size: 6907
batch 159, loss: 0.0094, instance_loss: 0.0050, weighted_loss: 0.0081, label: 1, bag_size: 7733
batch 179, loss: 0.0019, instance_loss: 0.0000, weighted_loss: 0.0014, label: 0, bag_size: 11682


class 0 clustering acc 1.0: correct 1528/1528
class 1 clustering acc 1.0: correct 1528/1528
Epoch: 10, train_loss: 0.0932, train_clustering_loss:  0.0042, train_error: 0.0209
class 0: acc 0.9775280898876404, correct 87/89
class 1: acc 0.9803921568627451, correct 100/102


batch 19, loss: 0.1127, instance_loss: 0.0024, weighted_loss: 0.0796, label: 0, bag_size: 3037
batch 39, loss: 0.0011, instance_loss: 0.0000, weighted_loss: 0.0007, label: 0, bag_size: 5912
batch 59, loss: 0.0197, instance_loss: 0.0105, weighted_loss: 0.0170, label: 1, bag_size: 3146
batch 79, loss: 0.0033, instance_loss: 0.0002, weighted_loss: 0.0024, label: 0, bag_size: 18985
batch 99, loss: 0.0067, instance_loss: 0.0002, weighted_loss: 0.0048, label: 1, bag_size: 5342
batch 119, loss: 0.1181, instance_loss: 0.0008, weighted_loss: 0.0829, label: 0, bag_size: 2640
batch 139, loss: 0.0341, instance_loss: 0.0003, weighted_loss: 0.0239, label: 0, bag_size: 10172
batch 159, loss: 0.0007, instance_loss: 0.0000, weighted_loss: 0.0005, label: 0, bag_size: 4061
batch 179, loss: 0.0112, instance_loss: 0.0037, weighted_loss: 0.0089, label: 1, bag_size: 2718


class 0 clustering acc 1.0: correct 1528/1528
class 1 clustering acc 1.0: correct 1528/1528
Epoch: 11, train_loss: 0.0449, train_clustering_loss:  0.0019, train_error: 0.0105
class 0: acc 0.9894736842105263, correct 94/95
class 1: acc 0.9895833333333334, correct 95/96


batch 19, loss: 0.0021, instance_loss: 0.0035, weighted_loss: 0.0025, label: 1, bag_size: 78871
batch 39, loss: 0.0064, instance_loss: 0.0002, weighted_loss: 0.0045, label: 0, bag_size: 2766
batch 59, loss: 0.0016, instance_loss: 0.0000, weighted_loss: 0.0011, label: 1, bag_size: 21952
batch 79, loss: 0.0022, instance_loss: 0.0000, weighted_loss: 0.0016, label: 0, bag_size: 10053
batch 99, loss: 0.0023, instance_loss: 0.0005, weighted_loss: 0.0018, label: 0, bag_size: 1926
batch 119, loss: 0.0036, instance_loss: 0.0080, weighted_loss: 0.0049, label: 1, bag_size: 9767
batch 139, loss: 0.2536, instance_loss: 0.0144, weighted_loss: 0.1818, label: 0, bag_size: 2376
batch 159, loss: 0.0034, instance_loss: 0.0033, weighted_loss: 0.0033, label: 1, bag_size: 78871
batch 179, loss: 0.0003, instance_loss: 0.0060, weighted_loss: 0.0020, label: 0, bag_size: 10419


class 0 clustering acc 1.0: correct 1528/1528
class 1 clustering acc 1.0: correct 1528/1528
Epoch: 12, train_loss: 0.0880, train_clustering_loss:  0.0027, train_error: 0.0366
class 0: acc 0.967741935483871, correct 90/93
class 1: acc 0.9591836734693877, correct 94/98


batch 19, loss: 0.0008, instance_loss: 0.0002, weighted_loss: 0.0006, label: 1, bag_size: 9767
batch 39, loss: 0.0009, instance_loss: 0.0005, weighted_loss: 0.0008, label: 1, bag_size: 7732
batch 59, loss: 0.1794, instance_loss: 0.0020, weighted_loss: 0.1262, label: 1, bag_size: 5180
batch 79, loss: 0.2026, instance_loss: 0.0000, weighted_loss: 0.1418, label: 0, bag_size: 17549
batch 99, loss: 0.0026, instance_loss: 0.0000, weighted_loss: 0.0018, label: 1, bag_size: 7732
batch 119, loss: 0.0030, instance_loss: 0.0072, weighted_loss: 0.0043, label: 0, bag_size: 2280
batch 139, loss: 0.0017, instance_loss: 0.0016, weighted_loss: 0.0017, label: 1, bag_size: 41019
batch 159, loss: 0.0182, instance_loss: 0.0012, weighted_loss: 0.0131, label: 1, bag_size: 5342
batch 179, loss: 0.0001, instance_loss: 0.0027, weighted_loss: 0.0009, label: 0, bag_size: 2989


class 0 clustering acc 1.0: correct 1528/1528
class 1 clustering acc 1.0: correct 1528/1528
Epoch: 13, train_loss: 0.0686, train_clustering_loss:  0.0018, train_error: 0.0366
class 0: acc 0.9587628865979382, correct 93/97
class 1: acc 0.9680851063829787, correct 91/94


batch 19, loss: 0.0118, instance_loss: 0.0034, weighted_loss: 0.0093, label: 1, bag_size: 3024
batch 39, loss: 0.0028, instance_loss: 0.0000, weighted_loss: 0.0019, label: 1, bag_size: 39556
batch 59, loss: 0.0241, instance_loss: 0.0034, weighted_loss: 0.0179, label: 1, bag_size: 7733
batch 79, loss: 0.0015, instance_loss: 0.0031, weighted_loss: 0.0020, label: 0, bag_size: 2455
batch 99, loss: 0.0135, instance_loss: 0.0082, weighted_loss: 0.0119, label: 1, bag_size: 3411
batch 119, loss: 1.7193, instance_loss: 0.0355, weighted_loss: 1.2142, label: 0, bag_size: 1322
batch 139, loss: 0.0002, instance_loss: 0.0023, weighted_loss: 0.0009, label: 0, bag_size: 6907
batch 159, loss: 0.5614, instance_loss: 0.0028, weighted_loss: 0.3938, label: 1, bag_size: 6024
batch 179, loss: 0.4097, instance_loss: 0.0021, weighted_loss: 0.2874, label: 0, bag_size: 2926


class 0 clustering acc 1.0: correct 1528/1528
class 1 clustering acc 1.0: correct 1528/1528
Epoch: 14, train_loss: 0.0453, train_clustering_loss:  0.0035, train_error: 0.0052
class 0: acc 0.989247311827957, correct 92/93
class 1: acc 1.0, correct 98/98


batch 19, loss: 0.0996, instance_loss: 0.0003, weighted_loss: 0.0698, label: 0, bag_size: 3666
batch 39, loss: 0.0076, instance_loss: 0.0013, weighted_loss: 0.0057, label: 1, bag_size: 5180
batch 59, loss: 0.0003, instance_loss: 0.0027, weighted_loss: 0.0010, label: 0, bag_size: 6907
batch 79, loss: 0.0003, instance_loss: 0.0005, weighted_loss: 0.0004, label: 0, bag_size: 21253
batch 99, loss: 0.1559, instance_loss: 0.0002, weighted_loss: 0.1092, label: 0, bag_size: 16464
batch 119, loss: 0.0064, instance_loss: 0.0011, weighted_loss: 0.0048, label: 1, bag_size: 7732
batch 139, loss: 0.0261, instance_loss: 0.0010, weighted_loss: 0.0186, label: 1, bag_size: 14318
batch 159, loss: 0.0012, instance_loss: 0.0020, weighted_loss: 0.0015, label: 1, bag_size: 9767
batch 179, loss: 0.0000, instance_loss: 0.0000, weighted_loss: 0.0000, label: 0, bag_size: 17528


class 0 clustering acc 0.9993455497382199: correct 1527/1528
class 1 clustering acc 1.0: correct 1528/1528
Epoch: 15, train_loss: 0.0187, train_clustering_loss:  0.0046, train_error: 0.0052
class 0: acc 1.0, correct 98/98
class 1: acc 0.989247311827957, correct 92/93


batch 19, loss: 0.0019, instance_loss: 0.0052, weighted_loss: 0.0029, label: 1, bag_size: 5180
batch 39, loss: 0.0000, instance_loss: 0.0109, weighted_loss: 0.0033, label: 0, bag_size: 2095
batch 59, loss: 0.0002, instance_loss: 0.0011, weighted_loss: 0.0004, label: 0, bag_size: 2693
batch 79, loss: 0.0062, instance_loss: 0.0005, weighted_loss: 0.0045, label: 1, bag_size: 14318
batch 99, loss: 0.0064, instance_loss: 0.0019, weighted_loss: 0.0050, label: 1, bag_size: 7732
batch 119, loss: 0.0019, instance_loss: 0.0051, weighted_loss: 0.0029, label: 1, bag_size: 3024
batch 139, loss: 0.0021, instance_loss: 0.0002, weighted_loss: 0.0016, label: 1, bag_size: 21952
batch 159, loss: 0.0150, instance_loss: 0.0030, weighted_loss: 0.0114, label: 1, bag_size: 6024
batch 179, loss: 0.0013, instance_loss: 0.0020, weighted_loss: 0.0015, label: 0, bag_size: 1615


class 0 clustering acc 1.0: correct 1528/1528
class 1 clustering acc 1.0: correct 1528/1528
Epoch: 16, train_loss: 0.0186, train_clustering_loss:  0.0037, train_error: 0.0052
class 0: acc 1.0, correct 101/101
class 1: acc 0.9888888888888889, correct 89/90


batch 19, loss: 0.0029, instance_loss: 0.0002, weighted_loss: 0.0021, label: 1, bag_size: 39556
batch 39, loss: 0.0003, instance_loss: 0.0003, weighted_loss: 0.0003, label: 0, bag_size: 9214
batch 59, loss: 0.0010, instance_loss: 0.0002, weighted_loss: 0.0008, label: 1, bag_size: 78871
batch 79, loss: 0.0000, instance_loss: 0.0011, weighted_loss: 0.0004, label: 0, bag_size: 2553
batch 99, loss: 0.0064, instance_loss: 0.0039, weighted_loss: 0.0056, label: 0, bag_size: 16402
batch 119, loss: 0.0768, instance_loss: 0.0011, weighted_loss: 0.0541, label: 1, bag_size: 4365
batch 139, loss: 0.0208, instance_loss: 0.0025, weighted_loss: 0.0153, label: 0, bag_size: 2261
batch 159, loss: 0.0026, instance_loss: 0.0046, weighted_loss: 0.0032, label: 1, bag_size: 6024
batch 179, loss: 0.0000, instance_loss: 0.0006, weighted_loss: 0.0002, label: 0, bag_size: 17528


class 0 clustering acc 1.0: correct 1528/1528
class 1 clustering acc 0.9986910994764397: correct 1526/1528
Epoch: 17, train_loss: 0.0192, train_clustering_loss:  0.0054, train_error: 0.0105
class 0: acc 0.9887640449438202, correct 88/89
class 1: acc 0.9901960784313726, correct 101/102


batch 19, loss: 0.0018, instance_loss: 0.0003, weighted_loss: 0.0014, label: 1, bag_size: 8663
batch 39, loss: 0.0021, instance_loss: 0.0014, weighted_loss: 0.0019, label: 0, bag_size: 17334
batch 59, loss: 0.0012, instance_loss: 0.0024, weighted_loss: 0.0016, label: 0, bag_size: 3953
batch 79, loss: 0.0055, instance_loss: 0.0247, weighted_loss: 0.0113, label: 1, bag_size: 6024
batch 99, loss: 0.0023, instance_loss: 0.0061, weighted_loss: 0.0034, label: 0, bag_size: 112
batch 119, loss: 0.0451, instance_loss: 0.0005, weighted_loss: 0.0317, label: 0, bag_size: 2926
batch 139, loss: 0.0000, instance_loss: 0.0004, weighted_loss: 0.0001, label: 0, bag_size: 16785
batch 159, loss: 0.0003, instance_loss: 0.0016, weighted_loss: 0.0007, label: 1, bag_size: 78871
batch 179, loss: 0.0002, instance_loss: 0.0035, weighted_loss: 0.0012, label: 1, bag_size: 78871


class 0 clustering acc 1.0: correct 1528/1528
class 1 clustering acc 1.0: correct 1528/1528
Epoch: 18, train_loss: 0.0121, train_clustering_loss:  0.0034, train_error: 0.0052
class 0: acc 0.9885057471264368, correct 86/87
class 1: acc 1.0, correct 104/104


batch 19, loss: 0.0002, instance_loss: 0.0007, weighted_loss: 0.0003, label: 0, bag_size: 13944
batch 39, loss: 0.0009, instance_loss: 0.0026, weighted_loss: 0.0014, label: 1, bag_size: 9767
batch 59, loss: 0.0013, instance_loss: 0.0003, weighted_loss: 0.0010, label: 1, bag_size: 39556
batch 79, loss: 0.0000, instance_loss: 0.0000, weighted_loss: 0.0000, label: 0, bag_size: 15392
batch 99, loss: 0.0000, instance_loss: 0.0000, weighted_loss: 0.0000, label: 0, bag_size: 25328
batch 119, loss: 0.0005, instance_loss: 0.0005, weighted_loss: 0.0005, label: 0, bag_size: 2375
batch 139, loss: 0.0000, instance_loss: 0.0002, weighted_loss: 0.0001, label: 0, bag_size: 13054
batch 159, loss: 0.0000, instance_loss: 0.0038, weighted_loss: 0.0011, label: 0, bag_size: 2681
batch 179, loss: 0.0011, instance_loss: 0.0000, weighted_loss: 0.0008, label: 1, bag_size: 21952


class 0 clustering acc 1.0: correct 1528/1528
class 1 clustering acc 0.9993455497382199: correct 1527/1528
Epoch: 19, train_loss: 0.0078, train_clustering_loss:  0.0051, train_error: 0.0000
class 0: acc 1.0, correct 101/101
class 1: acc 1.0, correct 90/90


batch 19, loss: 0.0005, instance_loss: 0.0208, weighted_loss: 0.0066, label: 1, bag_size: 3024
batch 39, loss: 0.0001, instance_loss: 0.0017, weighted_loss: 0.0006, label: 0, bag_size: 2217
batch 59, loss: 0.0041, instance_loss: 0.0128, weighted_loss: 0.0067, label: 1, bag_size: 3411
batch 79, loss: 0.0000, instance_loss: 0.0000, weighted_loss: 0.0000, label: 0, bag_size: 15060
batch 99, loss: 0.0107, instance_loss: 0.0030, weighted_loss: 0.0084, label: 1, bag_size: 2061
batch 119, loss: 0.0001, instance_loss: 0.0003, weighted_loss: 0.0001, label: 1, bag_size: 56808
batch 139, loss: 0.0416, instance_loss: 0.0000, weighted_loss: 0.0291, label: 1, bag_size: 4365
batch 159, loss: 0.0263, instance_loss: 0.0056, weighted_loss: 0.0201, label: 0, bag_size: 2926
batch 179, loss: 0.0093, instance_loss: 0.0251, weighted_loss: 0.0140, label: 0, bag_size: 4471


class 0 clustering acc 0.9993455497382199: correct 1527/1528
class 1 clustering acc 1.0: correct 1528/1528
Epoch: 20, train_loss: 0.0044, train_clustering_loss:  0.0053, train_error: 0.0000
class 0: acc 1.0, correct 95/95
class 1: acc 1.0, correct 96/96


batch 19, loss: 0.0015, instance_loss: 0.1119, weighted_loss: 0.0346, label: 1, bag_size: 7733
batch 39, loss: 0.0005, instance_loss: 0.0025, weighted_loss: 0.0011, label: 0, bag_size: 3293
batch 59, loss: 0.0000, instance_loss: 0.0000, weighted_loss: 0.0000, label: 0, bag_size: 19237
batch 79, loss: 0.0000, instance_loss: 0.0006, weighted_loss: 0.0002, label: 0, bag_size: 5912
batch 99, loss: 0.0008, instance_loss: 0.0005, weighted_loss: 0.0007, label: 1, bag_size: 14318
batch 119, loss: 0.0065, instance_loss: 0.0013, weighted_loss: 0.0050, label: 0, bag_size: 3666
batch 139, loss: 0.0000, instance_loss: 0.0000, weighted_loss: 0.0000, label: 1, bag_size: 56808
batch 159, loss: 0.0009, instance_loss: 0.0076, weighted_loss: 0.0029, label: 1, bag_size: 7732
batch 179, loss: 0.0008, instance_loss: 0.0053, weighted_loss: 0.0022, label: 1, bag_size: 7732


class 0 clustering acc 1.0: correct 1528/1528
class 1 clustering acc 1.0: correct 1528/1528
Epoch: 21, train_loss: 0.0030, train_clustering_loss:  0.0042, train_error: 0.0000
class 0: acc 1.0, correct 88/88
class 1: acc 1.0, correct 103/103


batch 19, loss: 0.0009, instance_loss: 0.0071, weighted_loss: 0.0027, label: 1, bag_size: 8663
batch 39, loss: 0.0003, instance_loss: 0.0043, weighted_loss: 0.0015, label: 1, bag_size: 3024
batch 59, loss: 0.0047, instance_loss: 0.0016, weighted_loss: 0.0038, label: 1, bag_size: 2061
batch 79, loss: 0.0004, instance_loss: 0.0158, weighted_loss: 0.0050, label: 0, bag_size: 917
batch 99, loss: 0.0004, instance_loss: 0.0016, weighted_loss: 0.0007, label: 0, bag_size: 948
batch 119, loss: 0.0001, instance_loss: 0.0000, weighted_loss: 0.0001, label: 1, bag_size: 78871
batch 139, loss: 0.0011, instance_loss: 0.0462, weighted_loss: 0.0146, label: 1, bag_size: 5342
batch 159, loss: 0.0005, instance_loss: 0.0002, weighted_loss: 0.0004, label: 1, bag_size: 41019
batch 179, loss: 0.0001, instance_loss: 0.0000, weighted_loss: 0.0000, label: 0, bag_size: 8955


class 0 clustering acc 1.0: correct 1528/1528
class 1 clustering acc 1.0: correct 1528/1528
Epoch: 22, train_loss: 0.0017, train_clustering_loss:  0.0042, train_error: 0.0000
class 0: acc 1.0, correct 101/101
class 1: acc 1.0, correct 90/90


batch 19, loss: 0.0019, instance_loss: 0.0005, weighted_loss: 0.0015, label: 0, bag_size: 10286
batch 39, loss: 0.0001, instance_loss: 0.0007, weighted_loss: 0.0003, label: 0, bag_size: 9848
batch 59, loss: 0.0000, instance_loss: 0.0008, weighted_loss: 0.0002, label: 0, bag_size: 20807
batch 79, loss: 0.0001, instance_loss: 0.0012, weighted_loss: 0.0005, label: 1, bag_size: 79563
batch 99, loss: 0.0146, instance_loss: 0.0000, weighted_loss: 0.0102, label: 1, bag_size: 18947
batch 119, loss: 0.0001, instance_loss: 0.0187, weighted_loss: 0.0057, label: 1, bag_size: 2113
batch 139, loss: 0.0001, instance_loss: 0.0010, weighted_loss: 0.0004, label: 0, bag_size: 10419
batch 159, loss: 0.0000, instance_loss: 0.0023, weighted_loss: 0.0007, label: 0, bag_size: 2095
batch 179, loss: 0.0004, instance_loss: 0.0004, weighted_loss: 0.0004, label: 1, bag_size: 39556


class 0 clustering acc 0.9993455497382199: correct 1527/1528
class 1 clustering acc 1.0: correct 1528/1528
Epoch: 23, train_loss: 0.0028, train_clustering_loss:  0.0048, train_error: 0.0000
class 0: acc 1.0, correct 88/88
class 1: acc 1.0, correct 103/103


batch 19, loss: 0.0000, instance_loss: 0.0003, weighted_loss: 0.0001, label: 1, bag_size: 10923
batch 39, loss: 0.0000, instance_loss: 0.0046, weighted_loss: 0.0014, label: 0, bag_size: 6907
batch 59, loss: 0.0088, instance_loss: 0.0032, weighted_loss: 0.0071, label: 0, bag_size: 16464
batch 79, loss: 0.0065, instance_loss: 0.0002, weighted_loss: 0.0047, label: 1, bag_size: 6344
batch 99, loss: 0.0002, instance_loss: 0.0073, weighted_loss: 0.0024, label: 0, bag_size: 917
batch 119, loss: 0.0016, instance_loss: 0.0087, weighted_loss: 0.0037, label: 1, bag_size: 2718
batch 139, loss: 0.0014, instance_loss: 0.0043, weighted_loss: 0.0022, label: 1, bag_size: 6024
batch 159, loss: 0.0707, instance_loss: 0.0000, weighted_loss: 0.0495, label: 1, bag_size: 18947
batch 179, loss: 0.0001, instance_loss: 0.0298, weighted_loss: 0.0090, label: 1, bag_size: 79563


class 0 clustering acc 1.0: correct 1528/1528
class 1 clustering acc 1.0: correct 1528/1528
Epoch: 24, train_loss: 0.0071, train_clustering_loss:  0.0041, train_error: 0.0052
class 0: acc 0.9896907216494846, correct 96/97
class 1: acc 1.0, correct 94/94


batch 19, loss: 0.0060, instance_loss: 0.0059, weighted_loss: 0.0060, label: 1, bag_size: 2061
batch 39, loss: 0.0002, instance_loss: 0.0107, weighted_loss: 0.0034, label: 1, bag_size: 3024
batch 59, loss: 0.0021, instance_loss: 0.0010, weighted_loss: 0.0018, label: 1, bag_size: 5342
batch 79, loss: 0.0040, instance_loss: 0.0049, weighted_loss: 0.0043, label: 0, bag_size: 1322
batch 99, loss: 0.0349, instance_loss: 0.0000, weighted_loss: 0.0244, label: 1, bag_size: 18947
batch 119, loss: 0.0023, instance_loss: 0.0311, weighted_loss: 0.0109, label: 0, bag_size: 2559
batch 139, loss: 0.0001, instance_loss: 0.0003, weighted_loss: 0.0002, label: 0, bag_size: 13944
batch 159, loss: 0.0001, instance_loss: 0.0000, weighted_loss: 0.0001, label: 1, bag_size: 79563
batch 179, loss: 0.0007, instance_loss: 0.0004, weighted_loss: 0.0006, label: 1, bag_size: 14318


class 0 clustering acc 1.0: correct 1528/1528
class 1 clustering acc 1.0: correct 1528/1528
Epoch: 25, train_loss: 0.0028, train_clustering_loss:  0.0033, train_error: 0.0000
class 0: acc 1.0, correct 95/95
class 1: acc 1.0, correct 96/96


batch 19, loss: 0.0001, instance_loss: 0.0020, weighted_loss: 0.0007, label: 0, bag_size: 8178
batch 39, loss: 0.0012, instance_loss: 0.0004, weighted_loss: 0.0010, label: 0, bag_size: 4808
batch 59, loss: 0.0000, instance_loss: 0.0020, weighted_loss: 0.0006, label: 0, bag_size: 11242
batch 79, loss: 0.0014, instance_loss: 0.0000, weighted_loss: 0.0010, label: 0, bag_size: 3953
batch 99, loss: 0.0002, instance_loss: 0.0089, weighted_loss: 0.0028, label: 1, bag_size: 3024
batch 119, loss: 0.0009, instance_loss: 0.0129, weighted_loss: 0.0045, label: 1, bag_size: 5342
batch 139, loss: 0.0003, instance_loss: 0.0024, weighted_loss: 0.0009, label: 0, bag_size: 9370
batch 159, loss: 0.0002, instance_loss: 0.0006, weighted_loss: 0.0003, label: 1, bag_size: 56958
batch 179, loss: 0.0002, instance_loss: 0.0021, weighted_loss: 0.0008, label: 1, bag_size: 3024


class 0 clustering acc 1.0: correct 1528/1528
class 1 clustering acc 1.0: correct 1528/1528
Epoch: 26, train_loss: 0.0022, train_clustering_loss:  0.0038, train_error: 0.0000
class 0: acc 1.0, correct 100/100
class 1: acc 1.0, correct 91/91


batch 19, loss: 0.0013, instance_loss: 0.0202, weighted_loss: 0.0070, label: 1, bag_size: 2718
batch 39, loss: 0.0001, instance_loss: 0.0010, weighted_loss: 0.0004, label: 0, bag_size: 17682
batch 59, loss: 0.0002, instance_loss: 0.0028, weighted_loss: 0.0009, label: 1, bag_size: 56958
batch 79, loss: 0.0057, instance_loss: 0.0000, weighted_loss: 0.0040, label: 1, bag_size: 18243
batch 99, loss: 0.0000, instance_loss: 0.0000, weighted_loss: 0.0000, label: 1, bag_size: 56808
batch 119, loss: 0.0007, instance_loss: 0.0000, weighted_loss: 0.0005, label: 1, bag_size: 21952
batch 139, loss: 0.0196, instance_loss: 0.0000, weighted_loss: 0.0137, label: 1, bag_size: 18947
batch 159, loss: 0.0001, instance_loss: 0.0462, weighted_loss: 0.0139, label: 0, bag_size: 2376
batch 179, loss: 0.0000, instance_loss: 0.0005, weighted_loss: 0.0002, label: 0, bag_size: 5912


class 0 clustering acc 1.0: correct 1528/1528
class 1 clustering acc 1.0: correct 1528/1528
Epoch: 27, train_loss: 0.0043, train_clustering_loss:  0.0030, train_error: 0.0000
class 0: acc 1.0, correct 87/87
class 1: acc 1.0, correct 104/104


batch 19, loss: 0.0005, instance_loss: 0.0005, weighted_loss: 0.0005, label: 1, bag_size: 14318
batch 39, loss: 0.0003, instance_loss: 0.0011, weighted_loss: 0.0006, label: 0, bag_size: 8764
batch 59, loss: 0.0000, instance_loss: 0.0004, weighted_loss: 0.0001, label: 1, bag_size: 56808
batch 79, loss: 0.0008, instance_loss: 0.0020, weighted_loss: 0.0011, label: 1, bag_size: 21952
batch 99, loss: 0.0000, instance_loss: 0.0000, weighted_loss: 0.0000, label: 0, bag_size: 19946
batch 119, loss: 0.0177, instance_loss: 0.0000, weighted_loss: 0.0124, label: 0, bag_size: 2926
batch 139, loss: 0.0018, instance_loss: 0.0011, weighted_loss: 0.0016, label: 1, bag_size: 6344
batch 159, loss: 0.0000, instance_loss: 0.0000, weighted_loss: 0.0000, label: 0, bag_size: 20083
batch 179, loss: 0.0009, instance_loss: 0.0036, weighted_loss: 0.0017, label: 1, bag_size: 6024


class 0 clustering acc 1.0: correct 1528/1528
class 1 clustering acc 1.0: correct 1528/1528
Epoch: 28, train_loss: 0.0032, train_clustering_loss:  0.0032, train_error: 0.0000
class 0: acc 1.0, correct 100/100
class 1: acc 1.0, correct 91/91


batch 19, loss: 0.0001, instance_loss: 0.0031, weighted_loss: 0.0010, label: 0, bag_size: 9848
batch 39, loss: 0.0004, instance_loss: 0.0000, weighted_loss: 0.0003, label: 1, bag_size: 39556
batch 59, loss: 0.0004, instance_loss: 0.0000, weighted_loss: 0.0003, label: 1, bag_size: 39556
batch 79, loss: 0.0000, instance_loss: 0.0016, weighted_loss: 0.0005, label: 0, bag_size: 2951
batch 99, loss: 0.0006, instance_loss: 0.0000, weighted_loss: 0.0004, label: 1, bag_size: 41019
batch 119, loss: 0.0010, instance_loss: 0.0000, weighted_loss: 0.0007, label: 1, bag_size: 5342
batch 139, loss: 0.0003, instance_loss: 0.0030, weighted_loss: 0.0011, label: 1, bag_size: 9767
batch 159, loss: 0.0038, instance_loss: 0.0027, weighted_loss: 0.0035, label: 1, bag_size: 2061
batch 179, loss: 0.0001, instance_loss: 0.0016, weighted_loss: 0.0006, label: 1, bag_size: 79563


class 0 clustering acc 1.0: correct 1528/1528
class 1 clustering acc 1.0: correct 1528/1528
Epoch: 29, train_loss: 0.0019, train_clustering_loss:  0.0033, train_error: 0.0000
class 0: acc 1.0, correct 91/91
class 1: acc 1.0, correct 100/100
Test error: 0.2162, ROC AUC: 0.4718
class 0: acc 0.9032258064516129, correct 56/62
class 1: acc 0.16666666666666666, correct 2/12

Training Fold 1!

Init train/val/test splits... 
Done!
Training on 187 samples
Validating on 0 samples
Testing on 78 samples

Init loss function... Done!

Init Model... Setting tau to 1.0
Done!
CLAM_SB(
  (attention_net): Sequential(
    (0): Linear(in_features=1536, out_features=512, bias=True)
    (1): ReLU()
    (2): Dropout(p=0.25, inplace=False)
    (3): Attn_Net_Gated(
      (attention_a): Sequential(
        (0): Linear(in_features=512, out_features=256, bias=True)
        (1): Tanh()
        (2): Dropout(p=0.25, inplace=False)
      )
      (attention_b): Sequential(
        (0): Linear(in_features=512, out_features=256, bias=True)
        (1): Sigmoid()
        (2): Dropout(p=0.25, inplace=False)
      )
      (attention_c): Linear(in_features=256, out_features=1, bias=True)
    )
  )
  (classifiers): Linear(in_features=512, out_features=2, bias=True)
  (instance_classifiers): ModuleList(
    (0-1): 2 x Linear(in_features=512, out_features=2, bias=True)
  )
  (instance_loss_fn): SmoothTop1SVM()
)
Total number of parameters: 1052935
Total number of trainable parameters: 1052935

Init optimizer ... Done!
Cosine LR schedule: 2.00e-04 -> 0.00e+00 over 30 epochs

Init Loaders... Done!

Setup EarlyStopping... Done!


batch 19, loss: 0.3754, instance_loss: 1.2554, weighted_loss: 0.6394, label: 1, bag_size: 3457
batch 39, loss: 0.7970, instance_loss: 0.6808, weighted_loss: 0.7621, label: 0, bag_size: 2375
batch 59, loss: 0.4973, instance_loss: 0.0196, weighted_loss: 0.3540, label: 0, bag_size: 4259
batch 79, loss: 0.6129, instance_loss: 0.0131, weighted_loss: 0.4329, label: 0, bag_size: 1954
batch 99, loss: 1.5221, instance_loss: 3.7047, weighted_loss: 2.1769, label: 1, bag_size: 23088
batch 119, loss: 0.4789, instance_loss: 0.1023, weighted_loss: 0.3659, label: 1, bag_size: 15270
batch 139, loss: 1.1460, instance_loss: 0.0559, weighted_loss: 0.8189, label: 0, bag_size: 2536
batch 159, loss: 0.5050, instance_loss: 0.1405, weighted_loss: 0.3956, label: 1, bag_size: 5762
batch 179, loss: 0.0882, instance_loss: 0.0475, weighted_loss: 0.0760, label: 1, bag_size: 56958


class 0 clustering acc 0.9117647058823529: correct 1364/1496
class 1 clustering acc 0.9044117647058824: correct 1353/1496
Epoch: 0, train_loss: 0.6508, train_clustering_loss:  0.4133, train_error: 0.3529
class 0: acc 0.65, correct 65/100
class 1: acc 0.6436781609195402, correct 56/87


batch 19, loss: 0.3864, instance_loss: 0.0084, weighted_loss: 0.2730, label: 1, bag_size: 9767
batch 39, loss: 0.7022, instance_loss: 0.0206, weighted_loss: 0.4977, label: 1, bag_size: 7733
batch 59, loss: 0.5471, instance_loss: 0.0053, weighted_loss: 0.3845, label: 0, bag_size: 15045
batch 79, loss: 0.5884, instance_loss: 0.0025, weighted_loss: 0.4126, label: 0, bag_size: 20369
batch 99, loss: 0.9669, instance_loss: 0.0029, weighted_loss: 0.6777, label: 1, bag_size: 15693
batch 119, loss: 1.1180, instance_loss: 0.0688, weighted_loss: 0.8033, label: 0, bag_size: 21480
batch 139, loss: 0.3562, instance_loss: 0.0552, weighted_loss: 0.2659, label: 1, bag_size: 5762
batch 159, loss: 0.3656, instance_loss: 0.0099, weighted_loss: 0.2589, label: 1, bag_size: 4365
batch 179, loss: 1.0158, instance_loss: 0.0412, weighted_loss: 0.7234, label: 0, bag_size: 1926


class 0 clustering acc 0.9926470588235294: correct 1485/1496
class 1 clustering acc 0.9872994652406417: correct 1477/1496
Epoch: 1, train_loss: 0.5278, train_clustering_loss:  0.0902, train_error: 0.2460
class 0: acc 0.6153846153846154, correct 48/78
class 1: acc 0.8532110091743119, correct 93/109


batch 19, loss: 0.5814, instance_loss: 0.0039, weighted_loss: 0.4081, label: 0, bag_size: 20043
batch 39, loss: 1.0541, instance_loss: 0.0294, weighted_loss: 0.7467, label: 0, bag_size: 3020
batch 59, loss: 0.1180, instance_loss: 0.0039, weighted_loss: 0.0838, label: 1, bag_size: 56808
batch 79, loss: 0.5015, instance_loss: 0.0058, weighted_loss: 0.3528, label: 0, bag_size: 6344
batch 99, loss: 0.4916, instance_loss: 0.0916, weighted_loss: 0.3716, label: 1, bag_size: 3457
batch 119, loss: 0.1411, instance_loss: 0.0005, weighted_loss: 0.0989, label: 1, bag_size: 15270
batch 139, loss: 0.7346, instance_loss: 0.0151, weighted_loss: 0.5188, label: 0, bag_size: 6434
batch 159, loss: 0.1706, instance_loss: 0.0004, weighted_loss: 0.1195, label: 1, bag_size: 23088
batch 179, loss: 0.0653, instance_loss: 0.0000, weighted_loss: 0.0457, label: 0, bag_size: 21253


class 0 clustering acc 0.9979946524064172: correct 1493/1496
class 1 clustering acc 0.9986631016042781: correct 1494/1496
Epoch: 2, train_loss: 0.4036, train_clustering_loss:  0.0248, train_error: 0.1979
class 0: acc 0.78125, correct 75/96
class 1: acc 0.8241758241758241, correct 75/91


batch 19, loss: 0.0341, instance_loss: 0.0000, weighted_loss: 0.0239, label: 1, bag_size: 15693
batch 39, loss: 0.0003, instance_loss: 0.0014, weighted_loss: 0.0007, label: 1, bag_size: 56808
batch 59, loss: 0.3777, instance_loss: 0.0132, weighted_loss: 0.2683, label: 0, bag_size: 4915
batch 79, loss: 0.0048, instance_loss: 0.0072, weighted_loss: 0.0055, label: 1, bag_size: 78871
batch 99, loss: 1.9147, instance_loss: 0.0064, weighted_loss: 1.3422, label: 1, bag_size: 6024
batch 119, loss: 0.0260, instance_loss: 0.0070, weighted_loss: 0.0203, label: 1, bag_size: 39556
batch 139, loss: 0.0246, instance_loss: 0.0000, weighted_loss: 0.0172, label: 0, bag_size: 21253
batch 159, loss: 0.1282, instance_loss: 0.0248, weighted_loss: 0.0972, label: 1, bag_size: 4365
batch 179, loss: 0.2983, instance_loss: 0.0024, weighted_loss: 0.2095, label: 0, bag_size: 7985


class 0 clustering acc 1.0: correct 1496/1496
class 1 clustering acc 1.0: correct 1496/1496
Epoch: 3, train_loss: 0.2780, train_clustering_loss:  0.0160, train_error: 0.1497
class 0: acc 0.8709677419354839, correct 81/93
class 1: acc 0.8297872340425532, correct 78/94


batch 19, loss: 0.0089, instance_loss: 0.0093, weighted_loss: 0.0090, label: 0, bag_size: 3983
batch 39, loss: 0.3095, instance_loss: 0.0179, weighted_loss: 0.2220, label: 0, bag_size: 1926
batch 59, loss: 0.0026, instance_loss: 0.0000, weighted_loss: 0.0018, label: 0, bag_size: 17684
batch 79, loss: 0.5873, instance_loss: 0.0228, weighted_loss: 0.4180, label: 0, bag_size: 2984
batch 99, loss: 0.0086, instance_loss: 0.0006, weighted_loss: 0.0062, label: 0, bag_size: 16385
batch 119, loss: 0.4725, instance_loss: 0.0025, weighted_loss: 0.3315, label: 0, bag_size: 17549
batch 139, loss: 1.3041, instance_loss: 0.0004, weighted_loss: 0.9130, label: 1, bag_size: 23088
batch 159, loss: 0.0636, instance_loss: 0.0000, weighted_loss: 0.0445, label: 0, bag_size: 15392
batch 179, loss: 0.4587, instance_loss: 0.0115, weighted_loss: 0.3245, label: 0, bag_size: 7560


class 0 clustering acc 0.9973262032085561: correct 1492/1496
class 1 clustering acc 0.9986631016042781: correct 1494/1496
Epoch: 4, train_loss: 0.4139, train_clustering_loss:  0.0181, train_error: 0.1711
class 0: acc 0.8260869565217391, correct 76/92
class 1: acc 0.8315789473684211, correct 79/95


batch 19, loss: 0.3777, instance_loss: 0.0018, weighted_loss: 0.2649, label: 1, bag_size: 4866
batch 39, loss: 0.2323, instance_loss: 0.0095, weighted_loss: 0.1655, label: 0, bag_size: 2376
batch 59, loss: 0.3530, instance_loss: 0.0031, weighted_loss: 0.2480, label: 1, bag_size: 5762
batch 79, loss: 0.0055, instance_loss: 0.0004, weighted_loss: 0.0040, label: 0, bag_size: 20807
batch 99, loss: 0.0892, instance_loss: 0.0083, weighted_loss: 0.0649, label: 0, bag_size: 7464
batch 119, loss: 0.0046, instance_loss: 0.0000, weighted_loss: 0.0032, label: 0, bag_size: 14372
batch 139, loss: 0.0014, instance_loss: 0.0000, weighted_loss: 0.0010, label: 0, bag_size: 14354
batch 159, loss: 0.2641, instance_loss: 0.0058, weighted_loss: 0.1866, label: 1, bag_size: 4365
batch 179, loss: 0.0131, instance_loss: 0.0002, weighted_loss: 0.0092, label: 1, bag_size: 10923


class 0 clustering acc 1.0: correct 1496/1496
class 1 clustering acc 1.0: correct 1496/1496
Epoch: 5, train_loss: 0.2153, train_clustering_loss:  0.0111, train_error: 0.0695
class 0: acc 0.9139784946236559, correct 85/93
class 1: acc 0.9468085106382979, correct 89/94


batch 19, loss: 0.0011, instance_loss: 0.0178, weighted_loss: 0.0061, label: 0, bag_size: 1954
batch 39, loss: 0.0710, instance_loss: 0.0019, weighted_loss: 0.0503, label: 0, bag_size: 4255
batch 59, loss: 0.0013, instance_loss: 0.0009, weighted_loss: 0.0012, label: 1, bag_size: 56808
batch 79, loss: 1.1258, instance_loss: 0.0015, weighted_loss: 0.7885, label: 1, bag_size: 3756
batch 99, loss: 0.0500, instance_loss: 0.0700, weighted_loss: 0.0560, label: 1, bag_size: 5762
batch 119, loss: 0.0165, instance_loss: 0.0010, weighted_loss: 0.0119, label: 0, bag_size: 4915
batch 139, loss: 0.1605, instance_loss: 0.0146, weighted_loss: 0.1167, label: 1, bag_size: 6024
batch 159, loss: 0.0032, instance_loss: 0.0102, weighted_loss: 0.0053, label: 0, bag_size: 2553
batch 179, loss: 0.3726, instance_loss: 0.0191, weighted_loss: 0.2666, label: 0, bag_size: 949


class 0 clustering acc 1.0: correct 1496/1496
class 1 clustering acc 0.9993315508021391: correct 1495/1496
Epoch: 6, train_loss: 0.1084, train_clustering_loss:  0.0093, train_error: 0.0321
class 0: acc 0.9662921348314607, correct 86/89
class 1: acc 0.9693877551020408, correct 95/98


batch 19, loss: 0.0062, instance_loss: 0.0009, weighted_loss: 0.0046, label: 1, bag_size: 4866
batch 39, loss: 0.1854, instance_loss: 0.0000, weighted_loss: 0.1298, label: 0, bag_size: 16464
batch 59, loss: 0.0325, instance_loss: 0.0156, weighted_loss: 0.0274, label: 1, bag_size: 3774
batch 79, loss: 0.0067, instance_loss: 0.0013, weighted_loss: 0.0051, label: 1, bag_size: 15270
batch 99, loss: 0.0095, instance_loss: 0.0000, weighted_loss: 0.0066, label: 0, bag_size: 14372
batch 119, loss: 0.0010, instance_loss: 0.0000, weighted_loss: 0.0007, label: 0, bag_size: 15060
batch 139, loss: 0.1673, instance_loss: 0.0035, weighted_loss: 0.1182, label: 1, bag_size: 3457
batch 159, loss: 0.0014, instance_loss: 0.0003, weighted_loss: 0.0011, label: 0, bag_size: 15853
batch 179, loss: 0.0778, instance_loss: 0.0081, weighted_loss: 0.0569, label: 0, bag_size: 7092


class 0 clustering acc 1.0: correct 1496/1496
class 1 clustering acc 1.0: correct 1496/1496
Epoch: 7, train_loss: 0.1070, train_clustering_loss:  0.0056, train_error: 0.0374
class 0: acc 0.9489795918367347, correct 93/98
class 1: acc 0.9775280898876404, correct 87/89


batch 19, loss: 0.0463, instance_loss: 0.0006, weighted_loss: 0.0326, label: 0, bag_size: 5786
batch 39, loss: 0.0003, instance_loss: 0.0000, weighted_loss: 0.0002, label: 0, bag_size: 19237
batch 59, loss: 0.0249, instance_loss: 0.0008, weighted_loss: 0.0177, label: 0, bag_size: 4915
batch 79, loss: 0.0011, instance_loss: 0.0000, weighted_loss: 0.0008, label: 0, bag_size: 16074
batch 99, loss: 0.0002, instance_loss: 0.0014, weighted_loss: 0.0006, label: 0, bag_size: 2692
batch 119, loss: 0.0011, instance_loss: 0.0067, weighted_loss: 0.0028, label: 1, bag_size: 3774
batch 139, loss: 0.0029, instance_loss: 0.0022, weighted_loss: 0.0027, label: 1, bag_size: 3756
batch 159, loss: 0.0118, instance_loss: 0.0003, weighted_loss: 0.0083, label: 1, bag_size: 9318
batch 179, loss: 0.0001, instance_loss: 0.0000, weighted_loss: 0.0001, label: 0, bag_size: 14372


class 0 clustering acc 1.0: correct 1496/1496
class 1 clustering acc 1.0: correct 1496/1496
Epoch: 8, train_loss: 0.0266, train_clustering_loss:  0.0033, train_error: 0.0053
class 0: acc 1.0, correct 91/91
class 1: acc 0.9895833333333334, correct 95/96


batch 19, loss: 0.0097, instance_loss: 0.0005, weighted_loss: 0.0070, label: 1, bag_size: 39556
batch 39, loss: 0.0003, instance_loss: 0.0242, weighted_loss: 0.0074, label: 1, bag_size: 2061
batch 59, loss: 0.0002, instance_loss: 0.0004, weighted_loss: 0.0003, label: 0, bag_size: 6000
batch 79, loss: 0.0004, instance_loss: 0.0002, weighted_loss: 0.0003, label: 0, bag_size: 14711
batch 99, loss: 0.0000, instance_loss: 0.0000, weighted_loss: 0.0000, label: 0, bag_size: 20807
batch 119, loss: 0.0000, instance_loss: 0.0000, weighted_loss: 0.0000, label: 0, bag_size: 16508
batch 139, loss: 0.0001, instance_loss: 0.0027, weighted_loss: 0.0009, label: 1, bag_size: 2061
batch 159, loss: 1.5057, instance_loss: 0.0000, weighted_loss: 1.0540, label: 0, bag_size: 14950
batch 179, loss: 0.0027, instance_loss: 0.0003, weighted_loss: 0.0020, label: 1, bag_size: 79563


class 0 clustering acc 1.0: correct 1496/1496
class 1 clustering acc 1.0: correct 1496/1496
Epoch: 9, train_loss: 0.1737, train_clustering_loss:  0.0038, train_error: 0.0321
class 0: acc 0.9775280898876404, correct 87/89
class 1: acc 0.9591836734693877, correct 94/98


batch 19, loss: 0.0990, instance_loss: 0.0000, weighted_loss: 0.0693, label: 0, bag_size: 11611
batch 39, loss: 0.0416, instance_loss: 0.0279, weighted_loss: 0.0375, label: 1, bag_size: 5762
batch 59, loss: 0.0221, instance_loss: 0.0000, weighted_loss: 0.0155, label: 1, bag_size: 5169
batch 79, loss: 0.0079, instance_loss: 0.0004, weighted_loss: 0.0057, label: 1, bag_size: 6024
batch 99, loss: 0.7075, instance_loss: 0.0000, weighted_loss: 0.4953, label: 1, bag_size: 15693
batch 119, loss: 0.0004, instance_loss: 0.0028, weighted_loss: 0.0011, label: 0, bag_size: 2802
batch 139, loss: 0.0582, instance_loss: 0.0000, weighted_loss: 0.0407, label: 0, bag_size: 11037
batch 159, loss: 0.0000, instance_loss: 0.0004, weighted_loss: 0.0001, label: 0, bag_size: 3670
batch 179, loss: 0.0324, instance_loss: 0.0514, weighted_loss: 0.0381, label: 1, bag_size: 7733


class 0 clustering acc 1.0: correct 1496/1496
class 1 clustering acc 0.9993315508021391: correct 1495/1496
Epoch: 10, train_loss: 0.0934, train_clustering_loss:  0.0064, train_error: 0.0321
class 0: acc 0.945054945054945, correct 86/91
class 1: acc 0.9895833333333334, correct 95/96


batch 19, loss: 0.0414, instance_loss: 0.0005, weighted_loss: 0.0291, label: 1, bag_size: 23088
batch 39, loss: 0.0032, instance_loss: 0.0022, weighted_loss: 0.0029, label: 0, bag_size: 3293
batch 59, loss: 0.0152, instance_loss: 0.0142, weighted_loss: 0.0149, label: 1, bag_size: 5762
batch 79, loss: 0.1419, instance_loss: 0.0114, weighted_loss: 0.1028, label: 1, bag_size: 3876
batch 99, loss: 0.0070, instance_loss: 0.0003, weighted_loss: 0.0050, label: 0, bag_size: 19946
batch 119, loss: 0.0007, instance_loss: 0.0005, weighted_loss: 0.0006, label: 1, bag_size: 79563
batch 139, loss: 0.0086, instance_loss: 0.0000, weighted_loss: 0.0060, label: 1, bag_size: 20957
batch 159, loss: 0.0075, instance_loss: 0.0003, weighted_loss: 0.0053, label: 0, bag_size: 6660
batch 179, loss: 0.0147, instance_loss: 0.0012, weighted_loss: 0.0106, label: 1, bag_size: 23088


class 0 clustering acc 1.0: correct 1496/1496
class 1 clustering acc 1.0: correct 1496/1496
Epoch: 11, train_loss: 0.0564, train_clustering_loss:  0.0044, train_error: 0.0160
class 0: acc 0.9888888888888889, correct 89/90
class 1: acc 0.979381443298969, correct 95/97


batch 19, loss: 0.0045, instance_loss: 0.0311, weighted_loss: 0.0125, label: 1, bag_size: 3457
batch 39, loss: 0.0018, instance_loss: 0.0070, weighted_loss: 0.0034, label: 1, bag_size: 3774
batch 59, loss: 0.0078, instance_loss: 0.0002, weighted_loss: 0.0055, label: 0, bag_size: 5786
batch 79, loss: 0.0023, instance_loss: 0.0000, weighted_loss: 0.0016, label: 0, bag_size: 13470
batch 99, loss: 0.0001, instance_loss: 0.0107, weighted_loss: 0.0033, label: 0, bag_size: 8731
batch 119, loss: 0.0025, instance_loss: 0.0005, weighted_loss: 0.0019, label: 1, bag_size: 41019
batch 139, loss: 0.0135, instance_loss: 0.0000, weighted_loss: 0.0094, label: 1, bag_size: 9318
batch 159, loss: 0.8208, instance_loss: 0.0000, weighted_loss: 0.5746, label: 1, bag_size: 9318
batch 179, loss: 0.0019, instance_loss: 0.0000, weighted_loss: 0.0013, label: 0, bag_size: 13470


class 0 clustering acc 1.0: correct 1496/1496
class 1 clustering acc 1.0: correct 1496/1496
Epoch: 12, train_loss: 0.0520, train_clustering_loss:  0.0054, train_error: 0.0214
class 0: acc 0.9797979797979798, correct 97/99
class 1: acc 0.9772727272727273, correct 86/88


batch 19, loss: 0.0004, instance_loss: 0.0006, weighted_loss: 0.0005, label: 1, bag_size: 79563
batch 39, loss: 0.1622, instance_loss: 0.0201, weighted_loss: 0.1196, label: 1, bag_size: 4365
batch 59, loss: 0.0006, instance_loss: 0.0015, weighted_loss: 0.0008, label: 0, bag_size: 2984
batch 79, loss: 0.0046, instance_loss: 0.0022, weighted_loss: 0.0039, label: 1, bag_size: 41019
batch 99, loss: 0.0088, instance_loss: 0.0007, weighted_loss: 0.0064, label: 1, bag_size: 6024
batch 119, loss: 0.0009, instance_loss: 0.0019, weighted_loss: 0.0012, label: 1, bag_size: 4866
batch 139, loss: 0.0018, instance_loss: 0.0024, weighted_loss: 0.0020, label: 0, bag_size: 20807
batch 159, loss: 0.0125, instance_loss: 0.0039, weighted_loss: 0.0099, label: 1, bag_size: 41019
batch 179, loss: 0.0010, instance_loss: 0.0012, weighted_loss: 0.0010, label: 0, bag_size: 112


class 0 clustering acc 1.0: correct 1496/1496
class 1 clustering acc 1.0: correct 1496/1496
Epoch: 13, train_loss: 0.0292, train_clustering_loss:  0.0044, train_error: 0.0053
class 0: acc 0.9883720930232558, correct 85/86
class 1: acc 1.0, correct 101/101


batch 19, loss: 0.0001, instance_loss: 0.0000, weighted_loss: 0.0001, label: 0, bag_size: 3998
batch 39, loss: 0.0011, instance_loss: 0.0039, weighted_loss: 0.0020, label: 1, bag_size: 56808
batch 59, loss: 0.0018, instance_loss: 0.0010, weighted_loss: 0.0016, label: 0, bag_size: 6432
batch 79, loss: 0.0011, instance_loss: 0.0000, weighted_loss: 0.0007, label: 0, bag_size: 20807
batch 99, loss: 0.0001, instance_loss: 0.0007, weighted_loss: 0.0003, label: 1, bag_size: 78871
batch 119, loss: 0.0002, instance_loss: 0.0000, weighted_loss: 0.0001, label: 0, bag_size: 18504
batch 139, loss: 0.0000, instance_loss: 0.0015, weighted_loss: 0.0004, label: 0, bag_size: 1322
batch 159, loss: 0.0230, instance_loss: 0.0070, weighted_loss: 0.0182, label: 1, bag_size: 7733
batch 179, loss: 0.0040, instance_loss: 0.0042, weighted_loss: 0.0041, label: 1, bag_size: 15270


class 0 clustering acc 1.0: correct 1496/1496
class 1 clustering acc 1.0: correct 1496/1496
Epoch: 14, train_loss: 0.0168, train_clustering_loss:  0.0038, train_error: 0.0053
class 0: acc 0.989010989010989, correct 90/91
class 1: acc 1.0, correct 96/96


batch 19, loss: 0.0040, instance_loss: 0.0000, weighted_loss: 0.0028, label: 1, bag_size: 9767
batch 39, loss: 0.0011, instance_loss: 0.0135, weighted_loss: 0.0048, label: 1, bag_size: 3774
batch 59, loss: 0.0027, instance_loss: 0.0000, weighted_loss: 0.0019, label: 1, bag_size: 9767
batch 79, loss: 0.0042, instance_loss: 0.0045, weighted_loss: 0.0043, label: 1, bag_size: 7733
batch 99, loss: 0.0239, instance_loss: 0.0004, weighted_loss: 0.0169, label: 1, bag_size: 23088
batch 119, loss: 0.0000, instance_loss: 0.0000, weighted_loss: 0.0000, label: 0, bag_size: 8244
batch 139, loss: 0.0258, instance_loss: 0.0302, weighted_loss: 0.0272, label: 1, bag_size: 5762
batch 159, loss: 0.0006, instance_loss: 0.0000, weighted_loss: 0.0004, label: 0, bag_size: 11354
batch 179, loss: 0.0020, instance_loss: 0.0026, weighted_loss: 0.0022, label: 1, bag_size: 3457


class 0 clustering acc 1.0: correct 1496/1496
class 1 clustering acc 1.0: correct 1496/1496
Epoch: 15, train_loss: 0.0101, train_clustering_loss:  0.0045, train_error: 0.0000
class 0: acc 1.0, correct 89/89
class 1: acc 1.0, correct 98/98


batch 19, loss: 0.0005, instance_loss: 0.0207, weighted_loss: 0.0065, label: 1, bag_size: 2061
batch 39, loss: 0.0002, instance_loss: 0.0007, weighted_loss: 0.0003, label: 0, bag_size: 1064
batch 59, loss: 0.0003, instance_loss: 0.0000, weighted_loss: 0.0002, label: 0, bag_size: 21253
batch 79, loss: 0.0034, instance_loss: 0.0000, weighted_loss: 0.0024, label: 0, bag_size: 14002
batch 99, loss: 0.0002, instance_loss: 0.0006, weighted_loss: 0.0003, label: 1, bag_size: 56958
batch 119, loss: 0.0012, instance_loss: 0.0000, weighted_loss: 0.0008, label: 0, bag_size: 3666
batch 139, loss: 0.0003, instance_loss: 0.0065, weighted_loss: 0.0022, label: 1, bag_size: 56808
batch 159, loss: 0.0000, instance_loss: 0.0008, weighted_loss: 0.0002, label: 0, bag_size: 1322
batch 179, loss: 0.0003, instance_loss: 0.0139, weighted_loss: 0.0044, label: 1, bag_size: 2061


class 0 clustering acc 1.0: correct 1496/1496
class 1 clustering acc 1.0: correct 1496/1496
Epoch: 16, train_loss: 0.0043, train_clustering_loss:  0.0039, train_error: 0.0000
class 0: acc 1.0, correct 90/90
class 1: acc 1.0, correct 97/97


batch 19, loss: 0.0003, instance_loss: 0.0017, weighted_loss: 0.0007, label: 1, bag_size: 56808
batch 39, loss: 0.0718, instance_loss: 0.0045, weighted_loss: 0.0516, label: 0, bag_size: 7901
batch 59, loss: 0.0000, instance_loss: 0.0016, weighted_loss: 0.0005, label: 0, bag_size: 1317
batch 79, loss: 0.0095, instance_loss: 0.0000, weighted_loss: 0.0066, label: 1, bag_size: 6024
batch 99, loss: 0.0036, instance_loss: 0.0003, weighted_loss: 0.0026, label: 0, bag_size: 4259
batch 119, loss: 0.0155, instance_loss: 0.0421, weighted_loss: 0.0235, label: 0, bag_size: 1414
batch 139, loss: 0.0095, instance_loss: 0.0213, weighted_loss: 0.0130, label: 0, bag_size: 1414
batch 159, loss: 0.0000, instance_loss: 0.0024, weighted_loss: 0.0008, label: 1, bag_size: 78871
batch 179, loss: 0.0005, instance_loss: 0.0000, weighted_loss: 0.0004, label: 0, bag_size: 11354


class 0 clustering acc 1.0: correct 1496/1496
class 1 clustering acc 1.0: correct 1496/1496
Epoch: 17, train_loss: 0.0246, train_clustering_loss:  0.0052, train_error: 0.0107
class 0: acc 0.9896907216494846, correct 96/97
class 1: acc 0.9888888888888889, correct 89/90


batch 19, loss: 0.0046, instance_loss: 0.0087, weighted_loss: 0.0058, label: 1, bag_size: 3756
batch 39, loss: 0.0005, instance_loss: 0.0089, weighted_loss: 0.0030, label: 1, bag_size: 2061
batch 59, loss: 0.0003, instance_loss: 0.0000, weighted_loss: 0.0002, label: 0, bag_size: 15093
batch 79, loss: 0.0046, instance_loss: 0.0102, weighted_loss: 0.0063, label: 1, bag_size: 3774
batch 99, loss: 0.0001, instance_loss: 0.0049, weighted_loss: 0.0015, label: 0, bag_size: 19131
batch 119, loss: 0.0001, instance_loss: 0.0028, weighted_loss: 0.0009, label: 0, bag_size: 2640
batch 139, loss: 0.0008, instance_loss: 0.0000, weighted_loss: 0.0005, label: 1, bag_size: 41019
batch 159, loss: 0.0015, instance_loss: 0.0000, weighted_loss: 0.0010, label: 0, bag_size: 9888
batch 179, loss: 0.0022, instance_loss: 0.0000, weighted_loss: 0.0015, label: 1, bag_size: 6024


class 0 clustering acc 1.0: correct 1496/1496
class 1 clustering acc 1.0: correct 1496/1496
Epoch: 18, train_loss: 0.0262, train_clustering_loss:  0.0052, train_error: 0.0107
class 0: acc 0.9888888888888889, correct 89/90
class 1: acc 0.9896907216494846, correct 96/97


batch 19, loss: 0.0011, instance_loss: 0.0000, weighted_loss: 0.0008, label: 1, bag_size: 39556
batch 39, loss: 0.0006, instance_loss: 0.0028, weighted_loss: 0.0013, label: 1, bag_size: 3457
batch 59, loss: 0.0000, instance_loss: 0.0053, weighted_loss: 0.0016, label: 0, bag_size: 2755
batch 79, loss: 0.0002, instance_loss: 0.0003, weighted_loss: 0.0003, label: 0, bag_size: 6116
batch 99, loss: 0.0002, instance_loss: 0.0000, weighted_loss: 0.0002, label: 0, bag_size: 5699
batch 119, loss: 0.0077, instance_loss: 0.0165, weighted_loss: 0.0103, label: 1, bag_size: 4365
batch 139, loss: 0.0005, instance_loss: 0.0000, weighted_loss: 0.0003, label: 0, bag_size: 15853
batch 159, loss: 0.0000, instance_loss: 0.0000, weighted_loss: 0.0000, label: 0, bag_size: 2692
batch 179, loss: 0.0002, instance_loss: 0.0004, weighted_loss: 0.0003, label: 1, bag_size: 79563


class 0 clustering acc 1.0: correct 1496/1496
class 1 clustering acc 1.0: correct 1496/1496
Epoch: 19, train_loss: 0.0109, train_clustering_loss:  0.0034, train_error: 0.0000
class 0: acc 1.0, correct 92/92
class 1: acc 1.0, correct 95/95


batch 19, loss: 0.0002, instance_loss: 0.0023, weighted_loss: 0.0008, label: 0, bag_size: 1561
batch 39, loss: 0.0000, instance_loss: 0.0013, weighted_loss: 0.0004, label: 0, bag_size: 2375
batch 59, loss: 0.0010, instance_loss: 0.0023, weighted_loss: 0.0014, label: 0, bag_size: 14372
batch 79, loss: 0.0011, instance_loss: 0.0065, weighted_loss: 0.0027, label: 0, bag_size: 2553
batch 99, loss: 0.0000, instance_loss: 0.0018, weighted_loss: 0.0005, label: 0, bag_size: 2280
batch 119, loss: 0.0000, instance_loss: 0.0008, weighted_loss: 0.0003, label: 0, bag_size: 3037
batch 139, loss: 0.0002, instance_loss: 0.0000, weighted_loss: 0.0001, label: 0, bag_size: 13470
batch 159, loss: 0.0001, instance_loss: 0.0000, weighted_loss: 0.0001, label: 0, bag_size: 16385
batch 179, loss: 0.0022, instance_loss: 0.0002, weighted_loss: 0.0016, label: 1, bag_size: 10923


class 0 clustering acc 1.0: correct 1496/1496
class 1 clustering acc 1.0: correct 1496/1496
Epoch: 20, train_loss: 0.0043, train_clustering_loss:  0.0033, train_error: 0.0000
class 0: acc 1.0, correct 89/89
class 1: acc 1.0, correct 98/98


batch 19, loss: 0.0000, instance_loss: 0.0000, weighted_loss: 0.0000, label: 0, bag_size: 3983
batch 39, loss: 0.0001, instance_loss: 0.0024, weighted_loss: 0.0008, label: 1, bag_size: 3774
batch 59, loss: 0.0003, instance_loss: 0.0002, weighted_loss: 0.0002, label: 1, bag_size: 79563
batch 79, loss: 0.0000, instance_loss: 0.0000, weighted_loss: 0.0000, label: 0, bag_size: 3037
batch 99, loss: 0.0005, instance_loss: 0.0026, weighted_loss: 0.0012, label: 0, bag_size: 15093
batch 119, loss: 0.0035, instance_loss: 0.0000, weighted_loss: 0.0025, label: 0, bag_size: 4259
batch 139, loss: 0.0001, instance_loss: 0.0059, weighted_loss: 0.0019, label: 1, bag_size: 3774
batch 159, loss: 0.0002, instance_loss: 0.0005, weighted_loss: 0.0002, label: 0, bag_size: 2405
batch 179, loss: 0.0001, instance_loss: 0.0000, weighted_loss: 0.0001, label: 1, bag_size: 56958


class 0 clustering acc 1.0: correct 1496/1496
class 1 clustering acc 1.0: correct 1496/1496
Epoch: 21, train_loss: 0.0063, train_clustering_loss:  0.0028, train_error: 0.0000
class 0: acc 1.0, correct 94/94
class 1: acc 1.0, correct 93/93


batch 19, loss: 0.0003, instance_loss: 0.0011, weighted_loss: 0.0005, label: 0, bag_size: 4683
batch 39, loss: 0.0003, instance_loss: 0.0002, weighted_loss: 0.0003, label: 1, bag_size: 4866
batch 59, loss: 0.0016, instance_loss: 0.0026, weighted_loss: 0.0019, label: 1, bag_size: 3756
batch 79, loss: 0.0000, instance_loss: 0.0016, weighted_loss: 0.0005, label: 0, bag_size: 3670
batch 99, loss: 0.0010, instance_loss: 0.0008, weighted_loss: 0.0009, label: 0, bag_size: 5154
batch 119, loss: 0.0000, instance_loss: 0.0020, weighted_loss: 0.0006, label: 0, bag_size: 8731
batch 139, loss: 0.0034, instance_loss: 0.0009, weighted_loss: 0.0026, label: 1, bag_size: 15270
batch 159, loss: 0.0000, instance_loss: 0.0000, weighted_loss: 0.0000, label: 0, bag_size: 1970
batch 179, loss: 0.0131, instance_loss: 0.0000, weighted_loss: 0.0092, label: 1, bag_size: 23088


class 0 clustering acc 1.0: correct 1496/1496
class 1 clustering acc 1.0: correct 1496/1496
Epoch: 22, train_loss: 0.0041, train_clustering_loss:  0.0022, train_error: 0.0000
class 0: acc 1.0, correct 88/88
class 1: acc 1.0, correct 99/99


batch 19, loss: 0.0003, instance_loss: 0.0008, weighted_loss: 0.0004, label: 1, bag_size: 79563
batch 39, loss: 0.0002, instance_loss: 0.0000, weighted_loss: 0.0001, label: 0, bag_size: 1561
batch 59, loss: 0.0048, instance_loss: 0.0008, weighted_loss: 0.0036, label: 0, bag_size: 20121
batch 79, loss: 0.0092, instance_loss: 0.0000, weighted_loss: 0.0065, label: 0, bag_size: 21194
batch 99, loss: 0.0001, instance_loss: 0.0005, weighted_loss: 0.0003, label: 1, bag_size: 56958
batch 119, loss: 0.0004, instance_loss: 0.0054, weighted_loss: 0.0019, label: 1, bag_size: 3457
batch 139, loss: 0.0010, instance_loss: 0.0164, weighted_loss: 0.0056, label: 1, bag_size: 5762
batch 159, loss: 0.0000, instance_loss: 0.0004, weighted_loss: 0.0001, label: 1, bag_size: 78871
batch 179, loss: 0.0014, instance_loss: 0.0004, weighted_loss: 0.0011, label: 1, bag_size: 10923


class 0 clustering acc 1.0: correct 1496/1496
class 1 clustering acc 1.0: correct 1496/1496
Epoch: 23, train_loss: 0.0038, train_clustering_loss:  0.0020, train_error: 0.0000
class 0: acc 1.0, correct 97/97
class 1: acc 1.0, correct 90/90


batch 19, loss: 0.0000, instance_loss: 0.0000, weighted_loss: 0.0000, label: 0, bag_size: 5315
batch 39, loss: 0.0004, instance_loss: 0.0054, weighted_loss: 0.0019, label: 1, bag_size: 3876
batch 59, loss: 0.0001, instance_loss: 0.0007, weighted_loss: 0.0003, label: 0, bag_size: 14711
batch 79, loss: 0.0010, instance_loss: 0.0051, weighted_loss: 0.0022, label: 1, bag_size: 5762
batch 99, loss: 0.0002, instance_loss: 0.0024, weighted_loss: 0.0008, label: 1, bag_size: 56808
batch 119, loss: 0.0002, instance_loss: 0.0004, weighted_loss: 0.0003, label: 1, bag_size: 79563
batch 139, loss: 0.0012, instance_loss: 0.0133, weighted_loss: 0.0048, label: 1, bag_size: 3756
batch 159, loss: 0.0000, instance_loss: 0.0000, weighted_loss: 0.0000, label: 0, bag_size: 2261
batch 179, loss: 0.0006, instance_loss: 0.0000, weighted_loss: 0.0004, label: 0, bag_size: 14002


class 0 clustering acc 1.0: correct 1496/1496
class 1 clustering acc 1.0: correct 1496/1496
Epoch: 24, train_loss: 0.0029, train_clustering_loss:  0.0024, train_error: 0.0000
class 0: acc 1.0, correct 98/98
class 1: acc 1.0, correct 89/89


batch 19, loss: 0.0005, instance_loss: 0.0003, weighted_loss: 0.0004, label: 1, bag_size: 41019
batch 39, loss: 0.0008, instance_loss: 0.0000, weighted_loss: 0.0006, label: 1, bag_size: 9767
batch 59, loss: 0.0025, instance_loss: 0.0000, weighted_loss: 0.0018, label: 1, bag_size: 9318
batch 79, loss: 0.0002, instance_loss: 0.0000, weighted_loss: 0.0001, label: 0, bag_size: 11354
batch 99, loss: 0.0002, instance_loss: 0.0000, weighted_loss: 0.0001, label: 0, bag_size: 15172
batch 119, loss: 0.0013, instance_loss: 0.0000, weighted_loss: 0.0009, label: 1, bag_size: 10923
batch 139, loss: 0.0000, instance_loss: 0.0017, weighted_loss: 0.0005, label: 0, bag_size: 1954
batch 159, loss: 0.0031, instance_loss: 0.0000, weighted_loss: 0.0022, label: 0, bag_size: 8728
batch 179, loss: 0.0009, instance_loss: 0.0000, weighted_loss: 0.0006, label: 1, bag_size: 4866


class 0 clustering acc 1.0: correct 1496/1496
class 1 clustering acc 1.0: correct 1496/1496
Epoch: 25, train_loss: 0.0033, train_clustering_loss:  0.0024, train_error: 0.0000
class 0: acc 1.0, correct 90/90
class 1: acc 1.0, correct 97/97


batch 19, loss: 0.0063, instance_loss: 0.0000, weighted_loss: 0.0044, label: 1, bag_size: 15270
batch 39, loss: 0.0000, instance_loss: 0.0028, weighted_loss: 0.0008, label: 0, bag_size: 5268
batch 59, loss: 0.0945, instance_loss: 0.0003, weighted_loss: 0.0663, label: 0, bag_size: 17549
batch 79, loss: 0.0000, instance_loss: 0.0000, weighted_loss: 0.0000, label: 0, bag_size: 9314
batch 99, loss: 0.0004, instance_loss: 0.0045, weighted_loss: 0.0016, label: 1, bag_size: 7733
batch 119, loss: 0.0017, instance_loss: 0.0035, weighted_loss: 0.0022, label: 1, bag_size: 14318
batch 139, loss: 0.0013, instance_loss: 0.0003, weighted_loss: 0.0010, label: 0, bag_size: 5195
batch 159, loss: 0.0007, instance_loss: 0.0000, weighted_loss: 0.0005, label: 0, bag_size: 15392
batch 179, loss: 0.0051, instance_loss: 0.0013, weighted_loss: 0.0040, label: 0, bag_size: 2375


class 0 clustering acc 1.0: correct 1496/1496
class 1 clustering acc 1.0: correct 1496/1496
Epoch: 26, train_loss: 0.0029, train_clustering_loss:  0.0019, train_error: 0.0000
class 0: acc 1.0, correct 93/93
class 1: acc 1.0, correct 94/94


batch 19, loss: 0.0002, instance_loss: 0.0000, weighted_loss: 0.0001, label: 0, bag_size: 15172
batch 39, loss: 0.0192, instance_loss: 0.0000, weighted_loss: 0.0135, label: 0, bag_size: 20369
batch 59, loss: 0.0001, instance_loss: 0.0006, weighted_loss: 0.0003, label: 1, bag_size: 56958
batch 79, loss: 0.0000, instance_loss: 0.0000, weighted_loss: 0.0000, label: 0, bag_size: 1317
batch 99, loss: 0.0003, instance_loss: 0.0013, weighted_loss: 0.0006, label: 0, bag_size: 5549
batch 119, loss: 0.0007, instance_loss: 0.0000, weighted_loss: 0.0005, label: 1, bag_size: 10923
batch 139, loss: 0.0001, instance_loss: 0.0051, weighted_loss: 0.0016, label: 1, bag_size: 3774
batch 159, loss: 0.0000, instance_loss: 0.0000, weighted_loss: 0.0000, label: 0, bag_size: 1521
batch 179, loss: 0.0018, instance_loss: 0.0000, weighted_loss: 0.0013, label: 1, bag_size: 9318


class 0 clustering acc 1.0: correct 1496/1496
class 1 clustering acc 1.0: correct 1496/1496
Epoch: 27, train_loss: 0.0044, train_clustering_loss:  0.0022, train_error: 0.0000
class 0: acc 1.0, correct 95/95
class 1: acc 1.0, correct 92/92


batch 19, loss: 0.0001, instance_loss: 0.0000, weighted_loss: 0.0001, label: 1, bag_size: 56958
batch 39, loss: 0.0001, instance_loss: 0.0011, weighted_loss: 0.0004, label: 1, bag_size: 56808
batch 59, loss: 0.0000, instance_loss: 0.0002, weighted_loss: 0.0001, label: 0, bag_size: 1181
batch 79, loss: 0.0014, instance_loss: 0.0099, weighted_loss: 0.0040, label: 0, bag_size: 949
batch 99, loss: 0.0133, instance_loss: 0.0081, weighted_loss: 0.0118, label: 0, bag_size: 3176
batch 119, loss: 0.0410, instance_loss: 0.0000, weighted_loss: 0.0287, label: 1, bag_size: 15693
batch 139, loss: 0.0004, instance_loss: 0.0088, weighted_loss: 0.0029, label: 1, bag_size: 7733
batch 159, loss: 0.0055, instance_loss: 0.0066, weighted_loss: 0.0059, label: 1, bag_size: 4365
batch 179, loss: 0.0000, instance_loss: 0.0005, weighted_loss: 0.0002, label: 0, bag_size: 3670


class 0 clustering acc 1.0: correct 1496/1496
class 1 clustering acc 1.0: correct 1496/1496
Epoch: 28, train_loss: 0.0023, train_clustering_loss:  0.0017, train_error: 0.0000
class 0: acc 1.0, correct 96/96
class 1: acc 1.0, correct 91/91


batch 19, loss: 0.0000, instance_loss: 0.0000, weighted_loss: 0.0000, label: 0, bag_size: 16508
batch 39, loss: 0.0410, instance_loss: 0.0086, weighted_loss: 0.0313, label: 1, bag_size: 15693
batch 59, loss: 0.0003, instance_loss: 0.0000, weighted_loss: 0.0002, label: 0, bag_size: 15853
batch 79, loss: 0.0005, instance_loss: 0.0057, weighted_loss: 0.0020, label: 1, bag_size: 7733
batch 99, loss: 0.0005, instance_loss: 0.0000, weighted_loss: 0.0003, label: 0, bag_size: 14492
batch 119, loss: 0.0093, instance_loss: 0.0004, weighted_loss: 0.0066, label: 0, bag_size: 16464
batch 139, loss: 0.0112, instance_loss: 0.0004, weighted_loss: 0.0080, label: 0, bag_size: 16464
batch 159, loss: 0.0013, instance_loss: 0.0000, weighted_loss: 0.0009, label: 1, bag_size: 6024
batch 179, loss: 0.0006, instance_loss: 0.0004, weighted_loss: 0.0005, label: 0, bag_size: 21480


class 0 clustering acc 1.0: correct 1496/1496
class 1 clustering acc 1.0: correct 1496/1496
Epoch: 29, train_loss: 0.0028, train_clustering_loss:  0.0018, train_error: 0.0000
class 0: acc 1.0, correct 82/82
class 1: acc 1.0, correct 105/105
Test error: 0.2179, ROC AUC: 0.4438
class 0: acc 0.9076923076923077, correct 59/65
class 1: acc 0.15384615384615385, correct 2/13

Training Fold 2!

Init train/val/test splits... 
Done!
Training on 152 samples
Validating on 0 samples
Testing on 113 samples

Init loss function... Done!

Init Model... Setting tau to 1.0
Done!
CLAM_SB(
  (attention_net): Sequential(
    (0): Linear(in_features=1536, out_features=512, bias=True)
    (1): ReLU()
    (2): Dropout(p=0.25, inplace=False)
    (3): Attn_Net_Gated(
      (attention_a): Sequential(
        (0): Linear(in_features=512, out_features=256, bias=True)
        (1): Tanh()
        (2): Dropout(p=0.25, inplace=False)
      )
      (attention_b): Sequential(
        (0): Linear(in_features=512, out_features=256, bias=True)
        (1): Sigmoid()
        (2): Dropout(p=0.25, inplace=False)
      )
      (attention_c): Linear(in_features=256, out_features=1, bias=True)
    )
  )
  (classifiers): Linear(in_features=512, out_features=2, bias=True)
  (instance_classifiers): ModuleList(
    (0-1): 2 x Linear(in_features=512, out_features=2, bias=True)
  )
  (instance_loss_fn): SmoothTop1SVM()
)
Total number of parameters: 1052935
Total number of trainable parameters: 1052935

Init optimizer ... Done!
Cosine LR schedule: 2.00e-04 -> 0.00e+00 over 30 epochs

Init Loaders... Done!

Setup EarlyStopping... Done!


batch 19, loss: 0.8536, instance_loss: 1.5271, weighted_loss: 1.0556, label: 1, bag_size: 5342
batch 39, loss: 0.8944, instance_loss: 0.0774, weighted_loss: 0.6493, label: 0, bag_size: 2681
batch 59, loss: 0.8815, instance_loss: 0.0199, weighted_loss: 0.6230, label: 0, bag_size: 2951
batch 79, loss: 0.5268, instance_loss: 0.0214, weighted_loss: 0.3752, label: 0, bag_size: 6907
batch 99, loss: 0.8750, instance_loss: 0.0325, weighted_loss: 0.6222, label: 1, bag_size: 18243
batch 119, loss: 0.2174, instance_loss: 0.0058, weighted_loss: 0.1539, label: 0, bag_size: 5699
batch 139, loss: 1.0143, instance_loss: 0.0142, weighted_loss: 0.7143, label: 1, bag_size: 3146


class 0 clustering acc 0.9523026315789473: correct 1158/1216
class 1 clustering acc 0.9424342105263158: correct 1146/1216
Epoch: 0, train_loss: 0.7224, train_clustering_loss:  0.2768, train_error: 0.4868
class 0: acc 0.5975609756097561, correct 49/82
class 1: acc 0.4142857142857143, correct 29/70


batch 19, loss: 1.0847, instance_loss: 0.0101, weighted_loss: 0.7623, label: 0, bag_size: 6934
batch 39, loss: 0.1940, instance_loss: 0.0247, weighted_loss: 0.1432, label: 1, bag_size: 5180
batch 59, loss: 0.4250, instance_loss: 0.0066, weighted_loss: 0.2995, label: 1, bag_size: 20957
batch 79, loss: 0.3860, instance_loss: 0.0207, weighted_loss: 0.2764, label: 0, bag_size: 6934
batch 99, loss: 0.5689, instance_loss: 0.0181, weighted_loss: 0.4037, label: 0, bag_size: 25328
batch 119, loss: 1.0662, instance_loss: 0.0504, weighted_loss: 0.7615, label: 1, bag_size: 5169
batch 139, loss: 1.1829, instance_loss: 0.1044, weighted_loss: 0.8594, label: 1, bag_size: 3146


class 0 clustering acc 1.0: correct 1216/1216
class 1 clustering acc 0.9786184210526315: correct 1190/1216
Epoch: 1, train_loss: 0.6377, train_clustering_loss:  0.0569, train_error: 0.3487
class 0: acc 0.7341772151898734, correct 58/79
class 1: acc 0.5616438356164384, correct 41/73


batch 19, loss: 0.3257, instance_loss: 0.0463, weighted_loss: 0.2419, label: 0, bag_size: 7985
batch 39, loss: 0.8599, instance_loss: 0.1215, weighted_loss: 0.6384, label: 1, bag_size: 4866
batch 59, loss: 0.9845, instance_loss: 0.0449, weighted_loss: 0.7026, label: 1, bag_size: 18947
batch 79, loss: 0.4106, instance_loss: 0.0585, weighted_loss: 0.3050, label: 1, bag_size: 2113
batch 99, loss: 0.5728, instance_loss: 0.1176, weighted_loss: 0.4362, label: 1, bag_size: 3457
batch 119, loss: 0.2805, instance_loss: 0.0161, weighted_loss: 0.2012, label: 1, bag_size: 9318
batch 139, loss: 0.1159, instance_loss: 0.0199, weighted_loss: 0.0871, label: 1, bag_size: 4866


class 0 clustering acc 0.993421052631579: correct 1208/1216
class 1 clustering acc 0.9950657894736842: correct 1210/1216
Epoch: 2, train_loss: 0.6194, train_clustering_loss:  0.0849, train_error: 0.3224
class 0: acc 0.5522388059701493, correct 37/67
class 1: acc 0.7764705882352941, correct 66/85


batch 19, loss: 0.5907, instance_loss: 0.0113, weighted_loss: 0.4169, label: 0, bag_size: 10124
batch 39, loss: 0.3867, instance_loss: 0.0101, weighted_loss: 0.2737, label: 1, bag_size: 3457
batch 59, loss: 0.0961, instance_loss: 0.0002, weighted_loss: 0.0673, label: 0, bag_size: 15470
batch 79, loss: 0.0310, instance_loss: 0.0000, weighted_loss: 0.0217, label: 1, bag_size: 3756
batch 99, loss: 0.8796, instance_loss: 0.0012, weighted_loss: 0.6161, label: 0, bag_size: 17334
batch 119, loss: 1.0524, instance_loss: 0.0281, weighted_loss: 0.7451, label: 0, bag_size: 7985
batch 139, loss: 0.4812, instance_loss: 0.0054, weighted_loss: 0.3385, label: 1, bag_size: 3876


class 0 clustering acc 1.0: correct 1216/1216
class 1 clustering acc 1.0: correct 1216/1216
Epoch: 3, train_loss: 0.5890, train_clustering_loss:  0.0056, train_error: 0.2961
class 0: acc 0.6, correct 42/70
class 1: acc 0.7926829268292683, correct 65/82


batch 19, loss: 0.1328, instance_loss: 0.0000, weighted_loss: 0.0929, label: 0, bag_size: 4096
batch 39, loss: 0.4058, instance_loss: 0.0064, weighted_loss: 0.2860, label: 1, bag_size: 18243
batch 59, loss: 1.2872, instance_loss: 0.0038, weighted_loss: 0.9022, label: 0, bag_size: 18985
batch 79, loss: 0.4873, instance_loss: 0.0055, weighted_loss: 0.3428, label: 1, bag_size: 2113
batch 99, loss: 0.9040, instance_loss: 0.0035, weighted_loss: 0.6338, label: 0, bag_size: 6907
batch 119, loss: 0.1096, instance_loss: 0.0074, weighted_loss: 0.0789, label: 0, bag_size: 16385
batch 139, loss: 3.6120, instance_loss: 0.0058, weighted_loss: 2.5301, label: 1, bag_size: 9318


class 0 clustering acc 1.0: correct 1216/1216
class 1 clustering acc 1.0: correct 1216/1216
Epoch: 4, train_loss: 0.4890, train_clustering_loss:  0.0058, train_error: 0.2368
class 0: acc 0.7894736842105263, correct 60/76
class 1: acc 0.7368421052631579, correct 56/76


batch 19, loss: 0.2643, instance_loss: 0.0000, weighted_loss: 0.1850, label: 0, bag_size: 10112
batch 39, loss: 0.0360, instance_loss: 0.0000, weighted_loss: 0.0252, label: 0, bag_size: 6660
batch 59, loss: 0.1859, instance_loss: 0.0000, weighted_loss: 0.1301, label: 0, bag_size: 7720
batch 79, loss: 0.0261, instance_loss: 0.0043, weighted_loss: 0.0195, label: 1, bag_size: 21952
batch 99, loss: 0.1264, instance_loss: 0.0251, weighted_loss: 0.0960, label: 1, bag_size: 7732
batch 119, loss: 0.2146, instance_loss: 0.0027, weighted_loss: 0.1510, label: 0, bag_size: 2692
batch 139, loss: 0.2759, instance_loss: 0.0079, weighted_loss: 0.1955, label: 1, bag_size: 5342


class 0 clustering acc 1.0: correct 1216/1216
class 1 clustering acc 1.0: correct 1216/1216
Epoch: 5, train_loss: 0.4643, train_clustering_loss:  0.0041, train_error: 0.1908
class 0: acc 0.7534246575342466, correct 55/73
class 1: acc 0.8607594936708861, correct 68/79


batch 19, loss: 0.0661, instance_loss: 0.0005, weighted_loss: 0.0464, label: 0, bag_size: 5912
batch 39, loss: 0.5874, instance_loss: 0.0023, weighted_loss: 0.4119, label: 1, bag_size: 3024
batch 59, loss: 0.3921, instance_loss: 0.0010, weighted_loss: 0.2748, label: 1, bag_size: 9318
batch 79, loss: 0.0679, instance_loss: 0.0004, weighted_loss: 0.0477, label: 0, bag_size: 5699
batch 99, loss: 0.7001, instance_loss: 0.0023, weighted_loss: 0.4908, label: 1, bag_size: 23088
batch 119, loss: 0.6511, instance_loss: 0.0004, weighted_loss: 0.4559, label: 1, bag_size: 9318
batch 139, loss: 0.0386, instance_loss: 0.0000, weighted_loss: 0.0270, label: 0, bag_size: 8244


class 0 clustering acc 1.0: correct 1216/1216
class 1 clustering acc 1.0: correct 1216/1216
Epoch: 6, train_loss: 0.4496, train_clustering_loss:  0.0037, train_error: 0.2632
class 0: acc 0.7411764705882353, correct 63/85
class 1: acc 0.7313432835820896, correct 49/67


batch 19, loss: 2.0803, instance_loss: 0.0038, weighted_loss: 1.4574, label: 1, bag_size: 18947
batch 39, loss: 0.3102, instance_loss: 0.0098, weighted_loss: 0.2201, label: 1, bag_size: 6344
batch 59, loss: 0.1138, instance_loss: 0.0181, weighted_loss: 0.0851, label: 1, bag_size: 3024
batch 79, loss: 0.2676, instance_loss: 0.0035, weighted_loss: 0.1884, label: 0, bag_size: 2692
batch 99, loss: 0.1311, instance_loss: 0.0002, weighted_loss: 0.0918, label: 1, bag_size: 8663
batch 119, loss: 0.4168, instance_loss: 1.4270, weighted_loss: 0.7198, label: 1, bag_size: 3756
batch 139, loss: 0.0167, instance_loss: 0.0004, weighted_loss: 0.0118, label: 1, bag_size: 4866


class 0 clustering acc 0.9679276315789473: correct 1177/1216
class 1 clustering acc 0.9991776315789473: correct 1215/1216
Epoch: 7, train_loss: 0.3564, train_clustering_loss:  0.0906, train_error: 0.1711
class 0: acc 0.7974683544303798, correct 63/79
class 1: acc 0.863013698630137, correct 63/73


batch 19, loss: 0.0316, instance_loss: 0.0241, weighted_loss: 0.0294, label: 0, bag_size: 15404
batch 39, loss: 0.2730, instance_loss: 0.6736, weighted_loss: 0.3932, label: 1, bag_size: 9318
batch 59, loss: 1.0284, instance_loss: 0.9160, weighted_loss: 0.9947, label: 0, bag_size: 1011
batch 79, loss: 0.1339, instance_loss: 0.0338, weighted_loss: 0.1039, label: 1, bag_size: 7732
batch 99, loss: 0.2705, instance_loss: 0.0068, weighted_loss: 0.1914, label: 1, bag_size: 4866
batch 119, loss: 0.3808, instance_loss: 0.0203, weighted_loss: 0.2727, label: 1, bag_size: 5342
batch 139, loss: 0.0134, instance_loss: 0.0004, weighted_loss: 0.0095, label: 0, bag_size: 3983


class 0 clustering acc 0.984375: correct 1197/1216
class 1 clustering acc 0.993421052631579: correct 1208/1216
Epoch: 8, train_loss: 0.3203, train_clustering_loss:  0.0770, train_error: 0.1382
class 0: acc 0.8690476190476191, correct 73/84
class 1: acc 0.8529411764705882, correct 58/68


batch 19, loss: 0.0141, instance_loss: 0.0000, weighted_loss: 0.0099, label: 0, bag_size: 2951
batch 39, loss: 0.0882, instance_loss: 0.0266, weighted_loss: 0.0697, label: 1, bag_size: 3756
batch 59, loss: 0.1908, instance_loss: 0.0154, weighted_loss: 0.1381, label: 1, bag_size: 2718
batch 79, loss: 0.1441, instance_loss: 0.1946, weighted_loss: 0.1592, label: 1, bag_size: 6344
batch 99, loss: 0.0583, instance_loss: 0.0021, weighted_loss: 0.0414, label: 1, bag_size: 21952
batch 119, loss: 0.2217, instance_loss: 0.0251, weighted_loss: 0.1627, label: 1, bag_size: 8663
batch 139, loss: 0.0014, instance_loss: 0.0037, weighted_loss: 0.0021, label: 0, bag_size: 18504


class 0 clustering acc 0.993421052631579: correct 1208/1216
class 1 clustering acc 0.990953947368421: correct 1205/1216
Epoch: 9, train_loss: 0.2117, train_clustering_loss:  0.0688, train_error: 0.0921
class 0: acc 0.8533333333333334, correct 64/75
class 1: acc 0.961038961038961, correct 74/77


batch 19, loss: 0.0082, instance_loss: 0.0021, weighted_loss: 0.0064, label: 0, bag_size: 18985
batch 39, loss: 0.0282, instance_loss: 0.1630, weighted_loss: 0.0687, label: 1, bag_size: 3024
batch 59, loss: 0.0233, instance_loss: 0.0203, weighted_loss: 0.0224, label: 1, bag_size: 3146
batch 79, loss: 0.2427, instance_loss: 0.0028, weighted_loss: 0.1707, label: 1, bag_size: 18947
batch 99, loss: 0.0369, instance_loss: 0.0021, weighted_loss: 0.0265, label: 1, bag_size: 5180
batch 119, loss: 0.0180, instance_loss: 0.0002, weighted_loss: 0.0127, label: 1, bag_size: 18243
batch 139, loss: 1.7047, instance_loss: 0.0075, weighted_loss: 1.1955, label: 0, bag_size: 4226


class 0 clustering acc 0.9975328947368421: correct 1213/1216
class 1 clustering acc 0.9884868421052632: correct 1202/1216
Epoch: 10, train_loss: 0.1761, train_clustering_loss:  0.0514, train_error: 0.0658
class 0: acc 0.8787878787878788, correct 58/66
class 1: acc 0.9767441860465116, correct 84/86


batch 19, loss: 0.0028, instance_loss: 0.0002, weighted_loss: 0.0020, label: 0, bag_size: 12415
batch 39, loss: 0.7503, instance_loss: 0.0423, weighted_loss: 0.5379, label: 0, bag_size: 4085
batch 59, loss: 0.1030, instance_loss: 0.0127, weighted_loss: 0.0759, label: 1, bag_size: 5180
batch 79, loss: 0.0021, instance_loss: 0.0041, weighted_loss: 0.0027, label: 0, bag_size: 11242
batch 99, loss: 0.5081, instance_loss: 0.0230, weighted_loss: 0.3626, label: 0, bag_size: 3899
batch 119, loss: 0.0009, instance_loss: 0.0003, weighted_loss: 0.0007, label: 1, bag_size: 21952
batch 139, loss: 0.1447, instance_loss: 0.0076, weighted_loss: 0.1036, label: 1, bag_size: 3876


class 0 clustering acc 0.9975328947368421: correct 1213/1216
class 1 clustering acc 0.9860197368421053: correct 1199/1216
Epoch: 11, train_loss: 0.1775, train_clustering_loss:  0.0619, train_error: 0.0855
class 0: acc 0.8846153846153846, correct 69/78
class 1: acc 0.9459459459459459, correct 70/74


batch 19, loss: 0.2199, instance_loss: 0.0053, weighted_loss: 0.1556, label: 1, bag_size: 3876
batch 39, loss: 0.0531, instance_loss: 0.0004, weighted_loss: 0.0373, label: 0, bag_size: 21466
batch 59, loss: 0.0799, instance_loss: 0.0087, weighted_loss: 0.0586, label: 1, bag_size: 8663
batch 79, loss: 0.4441, instance_loss: 0.0410, weighted_loss: 0.3231, label: 1, bag_size: 3774
batch 99, loss: 0.1449, instance_loss: 0.0154, weighted_loss: 0.1061, label: 1, bag_size: 5762
batch 119, loss: 0.0154, instance_loss: 0.0006, weighted_loss: 0.0109, label: 1, bag_size: 15270
batch 139, loss: 0.0059, instance_loss: 0.0652, weighted_loss: 0.0237, label: 1, bag_size: 3146


class 0 clustering acc 0.9983552631578947: correct 1214/1216
class 1 clustering acc 0.9802631578947368: correct 1192/1216
Epoch: 12, train_loss: 0.1416, train_clustering_loss:  0.0707, train_error: 0.0461
class 0: acc 0.9027777777777778, correct 65/72
class 1: acc 1.0, correct 80/80


batch 19, loss: 0.0115, instance_loss: 0.0261, weighted_loss: 0.0159, label: 1, bag_size: 7732
batch 39, loss: 0.0919, instance_loss: 0.0006, weighted_loss: 0.0645, label: 1, bag_size: 18947
batch 59, loss: 0.0005, instance_loss: 0.0036, weighted_loss: 0.0015, label: 0, bag_size: 13944
batch 79, loss: 0.0541, instance_loss: 0.0002, weighted_loss: 0.0379, label: 1, bag_size: 18947
batch 99, loss: 0.0403, instance_loss: 0.0004, weighted_loss: 0.0283, label: 1, bag_size: 15693
batch 119, loss: 0.0232, instance_loss: 0.0017, weighted_loss: 0.0167, label: 1, bag_size: 18947
batch 139, loss: 0.0005, instance_loss: 0.0259, weighted_loss: 0.0081, label: 0, bag_size: 6399


class 0 clustering acc 0.9975328947368421: correct 1213/1216
class 1 clustering acc 0.990953947368421: correct 1205/1216
Epoch: 13, train_loss: 0.0795, train_clustering_loss:  0.0474, train_error: 0.0329
class 0: acc 0.9295774647887324, correct 66/71
class 1: acc 1.0, correct 81/81


batch 19, loss: 0.0377, instance_loss: 0.0006, weighted_loss: 0.0266, label: 1, bag_size: 18947
batch 39, loss: 0.0002, instance_loss: 0.0002, weighted_loss: 0.0002, label: 1, bag_size: 21952
batch 59, loss: 0.0021, instance_loss: 0.0246, weighted_loss: 0.0088, label: 1, bag_size: 5180
batch 79, loss: 0.0051, instance_loss: 0.0003, weighted_loss: 0.0037, label: 1, bag_size: 18243
batch 99, loss: 0.0019, instance_loss: 0.0466, weighted_loss: 0.0153, label: 1, bag_size: 5180
batch 119, loss: 0.0182, instance_loss: 0.0513, weighted_loss: 0.0281, label: 1, bag_size: 3411
batch 139, loss: 0.0076, instance_loss: 0.0273, weighted_loss: 0.0135, label: 1, bag_size: 3876


class 0 clustering acc 0.9991776315789473: correct 1215/1216
class 1 clustering acc 0.9876644736842105: correct 1201/1216
Epoch: 14, train_loss: 0.0614, train_clustering_loss:  0.0816, train_error: 0.0263
class 0: acc 0.9625, correct 77/80
class 1: acc 0.9861111111111112, correct 71/72


batch 19, loss: 0.3539, instance_loss: 0.0006, weighted_loss: 0.2479, label: 1, bag_size: 15270
batch 39, loss: 0.0044, instance_loss: 0.0012, weighted_loss: 0.0035, label: 0, bag_size: 9888
batch 59, loss: 0.0060, instance_loss: 0.0005, weighted_loss: 0.0043, label: 1, bag_size: 15270
batch 79, loss: 0.0014, instance_loss: 0.0833, weighted_loss: 0.0260, label: 1, bag_size: 3024
batch 99, loss: 0.0649, instance_loss: 0.0211, weighted_loss: 0.0518, label: 1, bag_size: 3756
batch 119, loss: 0.0023, instance_loss: 0.0040, weighted_loss: 0.0028, label: 0, bag_size: 2693
batch 139, loss: 0.0048, instance_loss: 0.0402, weighted_loss: 0.0154, label: 1, bag_size: 2718


class 0 clustering acc 1.0: correct 1216/1216
class 1 clustering acc 0.9991776315789473: correct 1215/1216
Epoch: 15, train_loss: 0.0801, train_clustering_loss:  0.0181, train_error: 0.0329
class 0: acc 0.9295774647887324, correct 66/71
class 1: acc 1.0, correct 81/81


batch 19, loss: 0.0000, instance_loss: 0.0028, weighted_loss: 0.0008, label: 0, bag_size: 6116
batch 39, loss: 0.0003, instance_loss: 0.0017, weighted_loss: 0.0007, label: 0, bag_size: 5268
batch 59, loss: 0.0049, instance_loss: 0.0005, weighted_loss: 0.0036, label: 1, bag_size: 15693
batch 79, loss: 0.0000, instance_loss: 0.0052, weighted_loss: 0.0016, label: 0, bag_size: 917
batch 99, loss: 0.0008, instance_loss: 0.0079, weighted_loss: 0.0029, label: 0, bag_size: 4197
batch 119, loss: 0.0756, instance_loss: 0.0159, weighted_loss: 0.0577, label: 1, bag_size: 5762
batch 139, loss: 0.0020, instance_loss: 0.0000, weighted_loss: 0.0014, label: 1, bag_size: 21952


class 0 clustering acc 1.0: correct 1216/1216
class 1 clustering acc 1.0: correct 1216/1216
Epoch: 16, train_loss: 0.0450, train_clustering_loss:  0.0141, train_error: 0.0132
class 0: acc 0.972972972972973, correct 72/74
class 1: acc 1.0, correct 78/78


batch 19, loss: 1.9219, instance_loss: 0.0588, weighted_loss: 1.3630, label: 0, bag_size: 8770
batch 39, loss: 0.0001, instance_loss: 0.0018, weighted_loss: 0.0006, label: 0, bag_size: 2951
batch 59, loss: 0.0008, instance_loss: 0.0006, weighted_loss: 0.0007, label: 0, bag_size: 3839
batch 79, loss: 0.0199, instance_loss: 0.0018, weighted_loss: 0.0145, label: 1, bag_size: 15270
batch 99, loss: 0.0006, instance_loss: 0.0000, weighted_loss: 0.0004, label: 1, bag_size: 21952
batch 119, loss: 0.0001, instance_loss: 0.0043, weighted_loss: 0.0013, label: 0, bag_size: 7352
batch 139, loss: 0.0000, instance_loss: 0.0017, weighted_loss: 0.0005, label: 0, bag_size: 8719


class 0 clustering acc 1.0: correct 1216/1216
class 1 clustering acc 1.0: correct 1216/1216
Epoch: 17, train_loss: 0.0758, train_clustering_loss:  0.0109, train_error: 0.0329
class 0: acc 0.9358974358974359, correct 73/78
class 1: acc 1.0, correct 74/74


batch 19, loss: 0.0038, instance_loss: 0.0004, weighted_loss: 0.0028, label: 0, bag_size: 18559
batch 39, loss: 0.0003, instance_loss: 0.0138, weighted_loss: 0.0044, label: 0, bag_size: 1690
batch 59, loss: 0.3355, instance_loss: 0.1063, weighted_loss: 0.2667, label: 0, bag_size: 1011
batch 79, loss: 0.0005, instance_loss: 0.0179, weighted_loss: 0.0058, label: 0, bag_size: 4197
batch 99, loss: 0.0037, instance_loss: 0.0000, weighted_loss: 0.0026, label: 1, bag_size: 15270
batch 119, loss: 0.0053, instance_loss: 0.0181, weighted_loss: 0.0091, label: 1, bag_size: 2718
batch 139, loss: 0.0003, instance_loss: 0.0004, weighted_loss: 0.0003, label: 1, bag_size: 21952


class 0 clustering acc 1.0: correct 1216/1216
class 1 clustering acc 1.0: correct 1216/1216
Epoch: 18, train_loss: 0.0438, train_clustering_loss:  0.0108, train_error: 0.0066
class 0: acc 0.9838709677419355, correct 61/62
class 1: acc 1.0, correct 90/90


batch 19, loss: 0.0021, instance_loss: 0.0004, weighted_loss: 0.0016, label: 1, bag_size: 15270
batch 39, loss: 0.0052, instance_loss: 0.0006, weighted_loss: 0.0038, label: 1, bag_size: 5169
batch 59, loss: 0.0009, instance_loss: 0.0003, weighted_loss: 0.0007, label: 0, bag_size: 17334
batch 79, loss: 0.0018, instance_loss: 0.0095, weighted_loss: 0.0041, label: 1, bag_size: 7732
batch 99, loss: 0.0003, instance_loss: 0.0013, weighted_loss: 0.0006, label: 0, bag_size: 11242
batch 119, loss: 0.0028, instance_loss: 0.0007, weighted_loss: 0.0021, label: 1, bag_size: 15693
batch 139, loss: 0.0005, instance_loss: 0.0028, weighted_loss: 0.0012, label: 1, bag_size: 4866


class 0 clustering acc 1.0: correct 1216/1216
class 1 clustering acc 1.0: correct 1216/1216
Epoch: 19, train_loss: 0.0210, train_clustering_loss:  0.0085, train_error: 0.0066
class 0: acc 0.9883720930232558, correct 85/86
class 1: acc 1.0, correct 66/66


batch 19, loss: 0.0002, instance_loss: 0.0052, weighted_loss: 0.0017, label: 0, bag_size: 2455
batch 39, loss: 0.0004, instance_loss: 0.0100, weighted_loss: 0.0033, label: 1, bag_size: 5180
batch 59, loss: 0.0015, instance_loss: 0.0020, weighted_loss: 0.0016, label: 0, bag_size: 7464
batch 79, loss: 0.0021, instance_loss: 0.0016, weighted_loss: 0.0020, label: 1, bag_size: 8663
batch 99, loss: 0.0006, instance_loss: 0.0435, weighted_loss: 0.0134, label: 1, bag_size: 3024
batch 119, loss: 0.0001, instance_loss: 0.0007, weighted_loss: 0.0003, label: 0, bag_size: 15404
batch 139, loss: 0.0031, instance_loss: 0.0724, weighted_loss: 0.0239, label: 1, bag_size: 2718


class 0 clustering acc 0.9991776315789473: correct 1215/1216
class 1 clustering acc 0.9991776315789473: correct 1215/1216
Epoch: 20, train_loss: 0.0348, train_clustering_loss:  0.0114, train_error: 0.0132
class 0: acc 0.9733333333333334, correct 73/75
class 1: acc 1.0, correct 77/77


batch 19, loss: 0.0000, instance_loss: 0.0059, weighted_loss: 0.0018, label: 0, bag_size: 17155
batch 39, loss: 0.0153, instance_loss: 0.0282, weighted_loss: 0.0192, label: 1, bag_size: 3411
batch 59, loss: 0.0108, instance_loss: 0.0000, weighted_loss: 0.0075, label: 1, bag_size: 18947
batch 79, loss: 0.0000, instance_loss: 0.0008, weighted_loss: 0.0003, label: 0, bag_size: 7352
batch 99, loss: 0.0043, instance_loss: 0.0002, weighted_loss: 0.0031, label: 1, bag_size: 20957
batch 119, loss: 0.0002, instance_loss: 0.0006, weighted_loss: 0.0003, label: 0, bag_size: 16768
batch 139, loss: 0.0110, instance_loss: 0.0134, weighted_loss: 0.0118, label: 1, bag_size: 3411


class 0 clustering acc 1.0: correct 1216/1216
class 1 clustering acc 1.0: correct 1216/1216
Epoch: 21, train_loss: 0.0306, train_clustering_loss:  0.0084, train_error: 0.0197
class 0: acc 0.9662921348314607, correct 86/89
class 1: acc 1.0, correct 63/63


batch 19, loss: 0.0009, instance_loss: 0.0640, weighted_loss: 0.0199, label: 1, bag_size: 3024
batch 39, loss: 0.0002, instance_loss: 0.0044, weighted_loss: 0.0015, label: 0, bag_size: 5195
batch 59, loss: 0.0002, instance_loss: 0.0591, weighted_loss: 0.0179, label: 0, bag_size: 2505
batch 79, loss: 0.0001, instance_loss: 0.0000, weighted_loss: 0.0001, label: 1, bag_size: 21952
batch 99, loss: 0.0998, instance_loss: 0.0118, weighted_loss: 0.0734, label: 1, bag_size: 3774
batch 119, loss: 0.0000, instance_loss: 0.0070, weighted_loss: 0.0021, label: 0, bag_size: 917
batch 139, loss: 0.0337, instance_loss: 0.0087, weighted_loss: 0.0262, label: 1, bag_size: 5342


class 0 clustering acc 1.0: correct 1216/1216
class 1 clustering acc 1.0: correct 1216/1216
Epoch: 22, train_loss: 0.0362, train_clustering_loss:  0.0059, train_error: 0.0066
class 0: acc 0.9852941176470589, correct 67/68
class 1: acc 1.0, correct 84/84


batch 19, loss: 0.0001, instance_loss: 0.0016, weighted_loss: 0.0005, label: 0, bag_size: 6907
batch 39, loss: 0.0001, instance_loss: 0.0021, weighted_loss: 0.0007, label: 0, bag_size: 13944
batch 59, loss: 0.0007, instance_loss: 0.0010, weighted_loss: 0.0008, label: 1, bag_size: 18243
batch 79, loss: 0.0001, instance_loss: 0.0070, weighted_loss: 0.0021, label: 0, bag_size: 4197
batch 99, loss: 0.0563, instance_loss: 0.0075, weighted_loss: 0.0416, label: 1, bag_size: 5762
batch 119, loss: 0.0009, instance_loss: 0.0030, weighted_loss: 0.0015, label: 1, bag_size: 15693
batch 139, loss: 0.0009, instance_loss: 0.0059, weighted_loss: 0.0024, label: 1, bag_size: 3876


class 0 clustering acc 1.0: correct 1216/1216
class 1 clustering acc 0.9983552631578947: correct 1214/1216
Epoch: 23, train_loss: 0.0173, train_clustering_loss:  0.0141, train_error: 0.0066
class 0: acc 0.9864864864864865, correct 73/74
class 1: acc 1.0, correct 78/78


batch 19, loss: 0.0018, instance_loss: 0.0049, weighted_loss: 0.0027, label: 1, bag_size: 3876
batch 39, loss: 0.0001, instance_loss: 0.0007, weighted_loss: 0.0003, label: 0, bag_size: 16385
batch 59, loss: 0.0095, instance_loss: 0.0005, weighted_loss: 0.0068, label: 1, bag_size: 18947
batch 79, loss: 0.0002, instance_loss: 0.0032, weighted_loss: 0.0011, label: 1, bag_size: 5169
batch 99, loss: 0.0018, instance_loss: 0.0023, weighted_loss: 0.0019, label: 1, bag_size: 8663
batch 119, loss: 0.0000, instance_loss: 0.0000, weighted_loss: 0.0000, label: 0, bag_size: 17739
batch 139, loss: 0.0152, instance_loss: 0.0060, weighted_loss: 0.0124, label: 1, bag_size: 3756


class 0 clustering acc 1.0: correct 1216/1216
class 1 clustering acc 1.0: correct 1216/1216
Epoch: 24, train_loss: 0.0489, train_clustering_loss:  0.0062, train_error: 0.0197
class 0: acc 0.9545454545454546, correct 63/66
class 1: acc 1.0, correct 86/86


batch 19, loss: 0.0009, instance_loss: 0.0040, weighted_loss: 0.0018, label: 0, bag_size: 6871
batch 39, loss: 0.0003, instance_loss: 0.0108, weighted_loss: 0.0035, label: 1, bag_size: 8663
batch 59, loss: 0.0020, instance_loss: 0.0073, weighted_loss: 0.0036, label: 1, bag_size: 3876
batch 79, loss: 0.0003, instance_loss: 0.0015, weighted_loss: 0.0007, label: 0, bag_size: 3715
batch 99, loss: 0.0001, instance_loss: 0.0000, weighted_loss: 0.0001, label: 0, bag_size: 16385
batch 119, loss: 0.0000, instance_loss: 0.0154, weighted_loss: 0.0046, label: 0, bag_size: 917
batch 139, loss: 0.0069, instance_loss: 0.0094, weighted_loss: 0.0076, label: 0, bag_size: 3953


class 0 clustering acc 1.0: correct 1216/1216
class 1 clustering acc 0.9991776315789473: correct 1215/1216
Epoch: 25, train_loss: 0.0143, train_clustering_loss:  0.0086, train_error: 0.0000
class 0: acc 1.0, correct 91/91
class 1: acc 1.0, correct 61/61


batch 19, loss: 0.0081, instance_loss: 0.0126, weighted_loss: 0.0094, label: 1, bag_size: 6344
batch 39, loss: 0.0411, instance_loss: 0.0095, weighted_loss: 0.0316, label: 1, bag_size: 5342
batch 59, loss: 0.0000, instance_loss: 0.0117, weighted_loss: 0.0035, label: 0, bag_size: 1317
batch 79, loss: 0.0010, instance_loss: 0.0008, weighted_loss: 0.0009, label: 0, bag_size: 10417
batch 99, loss: 0.0892, instance_loss: 0.0131, weighted_loss: 0.0664, label: 1, bag_size: 3774
batch 119, loss: 0.0000, instance_loss: 0.0228, weighted_loss: 0.0068, label: 0, bag_size: 1317
batch 139, loss: 0.0002, instance_loss: 0.0000, weighted_loss: 0.0001, label: 0, bag_size: 6399


class 0 clustering acc 1.0: correct 1216/1216
class 1 clustering acc 1.0: correct 1216/1216
Epoch: 26, train_loss: 0.0260, train_clustering_loss:  0.0078, train_error: 0.0066
class 0: acc 0.9882352941176471, correct 84/85
class 1: acc 1.0, correct 67/67


batch 19, loss: 0.0011, instance_loss: 0.0032, weighted_loss: 0.0017, label: 0, bag_size: 3839
batch 39, loss: 0.0001, instance_loss: 0.0000, weighted_loss: 0.0001, label: 1, bag_size: 21952
batch 59, loss: 0.0001, instance_loss: 0.0032, weighted_loss: 0.0010, label: 0, bag_size: 3642
batch 79, loss: 0.0048, instance_loss: 0.0070, weighted_loss: 0.0055, label: 1, bag_size: 3411
batch 99, loss: 0.7322, instance_loss: 0.0105, weighted_loss: 0.5157, label: 0, bag_size: 949
batch 119, loss: 0.0007, instance_loss: 0.0099, weighted_loss: 0.0034, label: 0, bag_size: 4085
batch 139, loss: 0.0000, instance_loss: 0.0012, weighted_loss: 0.0004, label: 0, bag_size: 5549


class 0 clustering acc 1.0: correct 1216/1216
class 1 clustering acc 0.9975328947368421: correct 1213/1216
Epoch: 27, train_loss: 0.0201, train_clustering_loss:  0.0139, train_error: 0.0132
class 0: acc 0.975609756097561, correct 80/82
class 1: acc 1.0, correct 70/70


batch 19, loss: 0.0000, instance_loss: 0.0013, weighted_loss: 0.0004, label: 0, bag_size: 948
batch 39, loss: 0.0034, instance_loss: 0.0201, weighted_loss: 0.0084, label: 0, bag_size: 4096
batch 59, loss: 0.0001, instance_loss: 0.0022, weighted_loss: 0.0008, label: 1, bag_size: 5169
batch 79, loss: 0.0011, instance_loss: 0.0016, weighted_loss: 0.0012, label: 0, bag_size: 15172
batch 99, loss: 0.0003, instance_loss: 0.0002, weighted_loss: 0.0002, label: 0, bag_size: 6399
batch 119, loss: 0.0081, instance_loss: 0.0000, weighted_loss: 0.0057, label: 0, bag_size: 17682
batch 139, loss: 0.0748, instance_loss: 0.0226, weighted_loss: 0.0592, label: 1, bag_size: 3774


class 0 clustering acc 1.0: correct 1216/1216
class 1 clustering acc 1.0: correct 1216/1216
Epoch: 28, train_loss: 0.0153, train_clustering_loss:  0.0064, train_error: 0.0066
class 0: acc 0.9879518072289156, correct 82/83
class 1: acc 1.0, correct 69/69


batch 19, loss: 0.0001, instance_loss: 0.0014, weighted_loss: 0.0005, label: 0, bag_size: 13407
batch 39, loss: 0.0009, instance_loss: 0.0012, weighted_loss: 0.0010, label: 1, bag_size: 8663
batch 59, loss: 0.0004, instance_loss: 0.0003, weighted_loss: 0.0004, label: 0, bag_size: 10665
batch 79, loss: 0.0023, instance_loss: 0.0000, weighted_loss: 0.0016, label: 1, bag_size: 20957
batch 99, loss: 0.0003, instance_loss: 0.0000, weighted_loss: 0.0002, label: 0, bag_size: 13958
batch 119, loss: 0.0000, instance_loss: 0.0007, weighted_loss: 0.0002, label: 0, bag_size: 7352
batch 139, loss: 0.0025, instance_loss: 0.0000, weighted_loss: 0.0018, label: 1, bag_size: 20957


class 0 clustering acc 1.0: correct 1216/1216
class 1 clustering acc 0.9983552631578947: correct 1214/1216
Epoch: 29, train_loss: 0.0228, train_clustering_loss:  0.0123, train_error: 0.0132
class 0: acc 0.9753086419753086, correct 79/81
class 1: acc 1.0, correct 71/71
Test error: 0.2212, ROC AUC: 0.3877
class 0: acc 0.86, correct 86/100
class 1: acc 0.15384615384615385, correct 2/13
finished!
end script
