epoch,step,event_id,label
1,0,S2524760,0
1,1,S2330982,0
1,2,S2148220,0
1,3,S2243826,0
1,4,S2150490,0
1,5,S2426614,0
1,6,S2142815,0
1,7,S2214324,0
1,8,S2135430,0
1,9,S2506961,0
1,10,S2333274,0
1,11,S2229969,0
1,12,S2227604,0
1,13,S2302643,0
1,14,S2248983,0
1,15,S2327690,0
1,16,S2411030,0
1,17,S2142816,0
1,18,S2307080,0
1,19,S2334385,0
1,20,S2210209,1
1,21,S2228788,0
1,22,S2511006,0
1,23,S2334411,0
1,24,S2231091,0
1,25,S2311235,0
1,26,S2047227,0
1,27,S2312320,0
1,28,S2352825,0
1,29,S2408484,0
1,30,S2156022,0
1,31,S2329756,0
1,32,S2409392,0
1,33,S2310079,0
1,34,S2419119,0
1,35,S2152682,0
1,36,S2229536,0
1,37,S2210200,0
1,38,S2026723,0
1,39,S2315839,0
1,40,S2214323,0
1,41,S2437880,0
1,42,S2327486,0
1,43,S2154954,0
1,44,S2202569,0
1,45,S1940316,1
1,46,S2410453,0
1,47,S2530049,0
1,48,S2143767,0
1,49,S2304564,0
1,50,S2320991,0
1,51,S2129802,0
1,52,S2423616,0
1,53,S2242501,0
1,54,S2227608,0
1,55,S2407939,0
1,56,S2530991,0
1,57,S2420603,0
1,58,S2232193,0
1,59,S2130898,0
1,60,S2418586,0
1,61,S2222064,0
1,62,S2228787,0
1,63,S2521240,0
1,64,S2202564,0
1,65,S2026719,1
1,66,S2135429,0
1,67,S2308044,0
1,68,S2312323,0
1,69,S2143765,0
1,70,S2207352,0
1,71,S2206286,0
1,72,S2220918,0
1,73,S2154963,0
1,74,S2130897,0
1,75,S2527323,0
1,76,S2329753,0
1,77,S2521239,0
1,78,S2224010,0
1,79,S2338781,0
1,80,S2338786,0
1,81,S2343312,0
1,82,S2408854,0
1,83,S2207350,0
1,84,S2415690,0
1,85,S2216629,0
1,86,S2236494,0
1,87,S2032124,0
1,88,S2332144,0
1,89,S2505508,0
1,90,S2111062,0
1,91,S2330983,0
1,92,S2150494,0
1,93,S2344461,0
1,94,S2339820,0
1,95,S2149394,0
1,96,S2231089,0
1,97,S2140144,0
1,98,S2347457,0
1,99,S1952033,1
1,100,S2150492,0
1,101,S2310075,0
1,102,S2237601,0
1,103,S2206288,0
1,104,S2246786,0
1,105,S2239522,0
1,106,S2429677,0
1,107,S2414950,0
1,108,S2318954,0
1,109,S2300331,0
1,110,S2429676,0
1,111,S2215451,0
1,112,S2332143,0
1,113,S2247858,0
1,114,S2119964,0
1,115,S2141805,0
1,116,S1940063,0
1,117,S2513848,0
1,118,S2402481,0
1,119,S2214326,0
1,120,S2434133,0
1,121,S2102543,0
1,122,S2211179,0
1,123,S2345468,0
1,124,S2209234,0
1,125,S2323104,0
1,126,S2244729,0
1,127,S2522994,0
1,128,S2149396,0
1,129,S2114402,0
1,130,S2511007,0
1,131,S2412060,0
1,132,S2311238,0
1,133,S2202568,0
1,134,S2406753,0
1,135,S2205207,0
1,136,S2316900,0
1,137,S2312318,0
1,138,S2215453,0
1,139,S2431864,0
1,140,S2310080,0
1,141,S2213275,0
1,142,S2206289,0
1,143,S2240726,0
1,144,S2315838,0
1,145,S2436457,0
1,146,S2227621,0
1,147,S2241560,0
1,148,S2407941,0
1,149,S2406264,0
1,150,S2326332,0
1,151,S2219754,0
1,152,S2235319,1
1,153,S2246785,0
1,154,S2323112,0
1,155,S2410458,0
1,156,S2323107,0
1,157,S2229537,0
1,158,S2154957,0
1,159,S2203734,0
1,160,S2254659,0
1,161,S2326330,0
1,162,S2342016,0
1,163,S2242499,0
1,164,S2028921,0
1,165,S2408486,0
1,166,S2151614,0
1,167,S2327485,0
1,168,S2248986,0
1,169,S2226375,0
1,170,S2311236,0
1,171,S2242500,0
1,172,S2313436,0
1,173,S2323108,0
1,174,S2234198,0
1,175,S2503128,0
1,176,S2219751,0
1,177,S2250151,0
1,178,S2511008,0
1,179,S2414954,0
1,180,S2422139,0
1,181,S2334384,0
1,182,S2304561,0
1,183,S2401283,0
1,184,S2149398,0
1,185,S2412061,0
1,186,S2234200,0
1,187,S2200309,0
1,188,S2315844,0
1,189,S2251251,0
1,190,S2308039,0
1,191,S2435852,0
1,192,S2241564,0
1,193,S2213274,0
1,194,S2406755,0
1,195,S2141808,0
1,196,S2325143,0
1,197,S2216630,0
1,198,S2318025,0
1,199,S2314591,0
1,200,S2220927,0
1,201,S2154955,0
1,202,S2337812,0
1,203,S2224008,0
1,204,S2344462,0
1,205,S2253525,0
1,206,S2429064,0
1,207,S2253524,0
1,208,S2338782,0
1,209,S2402482,0
1,210,S2346179,0
1,211,S2140145,0
1,212,S2315841,0
1,213,S2015087,0
1,214,S2208404,0
1,215,S2244727,0
1,216,S2210199,0
1,217,S2253529,0
1,218,S2233279,0
1,219,S2415692,0
1,220,S2332142,0
1,221,S2408480,0
1,222,S2028924,0
1,223,S2215449,0
1,224,S2202565,0
1,225,S2314590,0
1,226,S2350730,1
1,227,S2039743,0
1,228,S2217673,0
1,229,S2207349,0
1,230,S2406754,0
1,231,S2228789,0
1,232,S2502092,0
1,233,S2210204,0
1,234,S2203735,0
1,235,S2330980,0
1,236,S2241565,0
1,237,S2241828,0
1,238,S2526362,0
1,239,S2349547,0
1,240,S2306848,0
1,241,S2143766,0
1,242,S2434571,0
1,243,S2253528,0
1,244,S2216605,0
1,245,S2108730,0
1,246,S2400070,0
1,247,S2306015,0
1,248,S2434918,0
1,249,S2222063,0
1,250,S2308045,0
1,251,S2312322,0
1,252,S2226376,0
1,253,S2135431,0
1,254,S2144969,0
1,255,S2315840,0
1,256,S2225224,0
1,257,S2334386,0
1,258,S2327489,0
1,259,S2308043,0
1,260,S2213276,0
1,261,S2254886,0
1,262,S2133159,0
1,263,S2343314,0
1,264,S2318956,1
1,265,S2404885,0
1,266,S2025604,0
1,267,S2351751,0
1,268,S2138905,0
1,269,S2515598,0
1,270,S2310074,0
1,271,S2436456,0
1,272,S2234199,0
1,273,S2224007,0
1,274,S2209232,0
1,275,S2023420,0
1,276,S2413769,0
1,277,S2240720,0
1,278,S2419849,0
1,279,S2433342,0
1,280,S2232194,0
1,281,S2233278,0
1,282,S2403702,0
1,283,S2411029,0
1,284,S2524777,0
1,285,S2506967,0
1,286,S2212213,0
1,287,S2409928,0
1,288,S2129803,0
1,289,S2420602,0
1,290,S2144972,0
1,291,S2508630,0
1,292,S2425034,0
1,293,S2302644,0
1,294,S2222945,0
1,295,S2501301,0
1,296,S2227605,0
1,297,S2352826,0
1,298,S2312317,0
1,299,S2325144,0
1,300,S2405217,0
1,301,S2508631,0
1,302,S2235518,0
1,303,S2210201,0
1,304,S2143764,0
1,305,S2353996,0
1,306,S2339819,0
1,307,S2402484,0
1,308,S2154958,0
1,309,S2430053,0
1,310,S2330988,0
1,311,S2327689,0
1,312,S2141806,0
1,313,S2300363,0
1,314,S2210203,0
1,315,S2340935,0
1,316,S2412713,0
1,317,S2238299,0
1,318,S2028920,0
1,319,S2208365,0
1,320,S2403700,0
1,321,S2318026,0
1,322,S2250149,0
1,323,S2236496,0
1,324,S2222062,0
1,325,S2239525,0
1,326,S2412714,0
1,327,S2240724,0
1,328,S2251247,0
1,329,S2336496,0
1,330,S2422844,0
1,331,S2319878,0
1,332,S2239523,0
1,333,S2353995,0
1,334,S2434134,0
1,335,S2203737,0
1,336,S2329754,0
1,337,S2348398,0
1,338,S2531989,0
1,339,S2150495,0
1,340,S2410463,0
1,341,S2205211,0
1,342,S2535840,0
1,343,S2326329,0
1,344,S2427693,0
1,345,S2202563,0
1,346,S2203739,0
1,347,S2330986,0
1,348,S2133157,0
1,349,S2210207,0
1,350,S2253527,0
1,351,S2237603,0
1,352,S2202567,0
1,353,S2214325,0
1,354,S2419850,0
1,355,S2333273,0
1,356,S2143769,0
1,357,S2421434,0
1,358,S2300361,0
1,359,S2342677,0
1,360,S2342914,0
1,361,S2212215,0
1,362,S2235318,0
1,363,S2408482,0
2,0,S2434918,0
2,1,S2232194,0
2,2,S2412060,0
2,3,S2234200,0
2,4,S2422139,0
2,5,S2220927,0
2,6,S2248986,0
2,7,S2154957,0
2,8,S2315840,0
2,9,S2332144,0
2,10,S2437880,0
2,11,S2333274,0
2,12,S2219751,0
2,13,S2026723,0
2,14,S2353996,0
2,15,S2408484,0
2,16,S2312320,0
2,17,S2210199,0
2,18,S2206289,0
2,19,S2203735,0
2,20,S2135429,0
2,21,S2406753,0
2,22,S2310080,0
2,23,S2253527,0
2,24,S2415690,0
2,25,S2342914,0
2,26,S2310074,0
2,27,S2505508,0
2,28,S2345468,0
2,29,S2143764,0
2,30,S2244729,0
2,31,S2241565,0
2,32,S2402481,0
2,33,S2140145,0
2,34,S2350730,1
2,35,S2409392,0
2,36,S2246786,0
2,37,S2032124,0
2,38,S2228789,0
2,39,S2238299,0
2,40,S2506961,0
2,41,S2531989,0
2,42,S1952033,1
2,43,S2312323,0
2,44,S2521240,0
2,45,S2253524,0
2,46,S2313436,0
2,47,S2213275,0
2,48,S2405217,0
2,49,S2242501,0
2,50,S2143767,0
2,51,S2420602,0
2,52,S2307080,0
2,53,S2334411,0
2,54,S2330982,0
2,55,S2254659,0
2,56,S2407941,0
2,57,S2241828,0
2,58,S2503128,0
2,59,S2501301,0
2,60,S2220918,0
2,61,S2419850,0
2,62,S2325144,0
2,63,S2406264,0
2,64,S2435852,0
2,65,S2423616,0
2,66,S2330980,0
2,67,S2202564,0
2,68,S2214325,0
2,69,S2235518,0
2,70,S2148220,0
2,71,S2318954,0
2,72,S2150492,0
2,73,S2141805,0
2,74,S2240724,0
2,75,S2202569,0
2,76,S2343312,0
2,77,S2402482,0
2,78,S2530991,0
2,79,S2202568,0
2,80,S2310079,0
2,81,S2229537,0
2,82,S2211179,0
2,83,S2411029,0
2,84,S2140144,0
2,85,S2150495,0
2,86,S2311235,0
2,87,S2212213,0
2,88,S2227621,0
2,89,S2408854,0
2,90,S2028920,0
2,91,S2302643,0
2,92,S2329753,0
2,93,S2239522,0
2,94,S2248983,0
2,95,S2312322,0
2,96,S2300363,0
2,97,S2208365,0
2,98,S2412713,0
2,99,S2138905,0
2,100,S2237601,0
2,101,S2347457,0
2,102,S2228788,0
2,103,S2404885,0
2,104,S2207352,0
2,105,S2015087,0
2,106,S2306848,0
2,107,S2111062,0
2,108,S2323104,0
2,109,S2229969,0
2,110,S2330983,0
2,111,S2407939,0
2,112,S2314591,0
2,113,S2144969,0
2,114,S2425034,0
2,115,S2233279,0
2,116,S2215449,0
2,117,S2511008,0
2,118,S2511007,0
2,119,S2401283,0
2,120,S2408482,0
2,121,S2319878,0
2,122,S2315839,0
2,123,S2430053,0
2,124,S2408486,0
2,125,S2310075,0
2,126,S2332142,0
2,127,S2226376,0
2,128,S2240726,0
2,129,S2410458,0
2,130,S2422844,0
2,131,S2419849,0
2,132,S2315841,0
2,133,S2253525,0
2,134,S2232193,0
2,135,S2208404,0
2,136,S2304564,0
2,137,S2406755,0
2,138,S2205207,0
2,139,S2156022,0
2,140,S2353995,0
2,141,S2213274,0
2,142,S2434134,0
2,143,S2327689,0
2,144,S2214324,0
2,145,S2224007,0
2,146,S2338786,0
2,147,S2143766,0
2,148,S2214326,0
2,149,S2304561,0
2,150,S2300361,0
2,151,S2205211,0
2,152,S2402484,0
2,153,S2203739,0
2,154,S2521239,0
2,155,S1940316,1
2,156,S2421434,0
2,157,S2427693,0
2,158,S2323107,0
2,159,S2250149,0
2,160,S2418586,0
2,161,S2217673,0
2,162,S2242499,0
2,163,S2233278,0
2,164,S2323112,0
2,165,S2330986,0
2,166,S2414950,0
2,167,S2312317,0
2,168,S2326332,0
2,169,S2149394,0
2,170,S2411030,0
2,171,S2200309,0
2,172,S2207349,0
2,173,S2229536,0
2,174,S2135430,0
2,175,S2210203,0
2,176,S2311236,0
2,177,S2222064,0
2,178,S2241560,0
2,179,S2334386,0
2,180,S2508631,0
2,181,S2511006,0
2,182,S2339819,0
2,183,S2436457,0
2,184,S2433342,0
2,185,S2142815,0
2,186,S2226375,0
2,187,S2227604,0
2,188,S2535840,0
2,189,S2436456,0
2,190,S2206286,0
2,191,S2250151,0
2,192,S2426614,0
2,193,S2513848,0
2,194,S2415692,0
2,195,S2302644,0
2,196,S2210200,0
2,197,S2400070,0
2,198,S2306015,0
2,199,S2414954,0
2,200,S2408480,0
2,201,S2224008,0
2,202,S2522994,0
2,203,S2308039,0
2,204,S2244727,0
2,205,S2210201,0
2,206,S2429677,0
2,207,S2349547,0
2,208,S2235318,0
2,209,S2253529,0
2,210,S2210204,0
2,211,S2312318,0
2,212,S2508630,0
2,213,S2343314,0
2,214,S2028921,0
2,215,S2326329,0
2,216,S2409928,0
2,217,S2144972,0
2,218,S2241564,0
2,219,S2129803,0
2,220,S2210209,1
2,221,S2222062,0
2,222,S2224010,0
2,223,S2150490,0
2,224,S2023420,0
2,225,S2342677,0
2,226,S2325143,0
2,227,S2231089,0
2,228,S2119964,0
2,229,S2434133,0
2,230,S2429676,0
2,231,S2239525,0
2,232,S2316900,0
2,233,S2216630,0
2,234,S2108730,0
2,235,S2141806,0
2,236,S2154963,0
2,237,S2143765,0
2,238,S2039743,0
2,239,S2527323,0
2,240,S2318026,0
2,241,S2352826,0
2,242,S2143769,0
2,243,S2344462,0
2,244,S2133157,0
2,245,S2419119,0
2,246,S2420603,0
2,247,S2530049,0
2,248,S2524777,0
2,249,S2216629,0
2,250,S2327489,0
2,251,S2308045,0
2,252,S2202565,0
2,253,S2429064,0
2,254,S2210207,0
2,255,S2329754,0
2,256,S2203734,0
2,257,S2149398,0
2,258,S2135431,0
2,259,S2239523,0
2,260,S1940063,0
2,261,S2338781,0
2,262,S2326330,0
2,263,S2348398,0
2,264,S2346179,0
2,265,S2403700,0
2,266,S2142816,0
2,267,S2340935,0
2,268,S2235319,1
2,269,S2247858,0
2,270,S2314590,0
2,271,S2342016,0
2,272,S2515598,0
2,273,S2026719,1
2,274,S2236494,0
2,275,S2149396,0
2,276,S2318025,0
2,277,S2215451,0
2,278,S2308043,0
2,279,S2339820,0
2,280,S2323108,0
2,281,S2227605,0
2,282,S2329756,0
2,283,S2202567,0
2,284,S2352825,0
2,285,S2133159,0
2,286,S2351751,0
2,287,S2406754,0
2,288,S2130897,0
2,289,S2434571,0
2,290,S2243826,0
2,291,S2215453,0
2,292,S2506967,0
2,293,S2336496,0
2,294,S2219754,0
2,295,S2102543,0
2,296,S2242500,0
2,297,S2300331,0
2,298,S2344461,0
2,299,S2228787,0
2,300,S2308044,0
2,301,S2202563,0
2,302,S2524760,0
2,303,S2154955,0
2,304,S2334384,0
2,305,S2254886,0
2,306,S2332143,0
2,307,S2337812,0
2,308,S2251247,0
2,309,S2251251,0
2,310,S2253528,0
2,311,S2234199,0
2,312,S2410453,0
2,313,S2327485,0
2,314,S2114402,0
2,315,S2150494,0
2,316,S2141808,0
2,317,S2028924,0
2,318,S2227608,0
2,319,S2129802,0
2,320,S2327690,0
2,321,S2315844,0
2,322,S2047227,0
2,323,S2154958,0
2,324,S2212215,0
2,325,S2412714,0
2,326,S2209234,0
2,327,S2320991,0
2,328,S2334385,0
2,329,S2327486,0
2,330,S2231091,0
2,331,S2130898,0
2,332,S2216605,0
2,333,S2240720,0
2,334,S2526362,0
2,335,S2502092,0
2,336,S2311238,0
2,337,S2403702,0
2,338,S2315838,0
2,339,S2318956,1
2,340,S2246785,0
2,341,S2330988,0
2,342,S2207350,0
2,343,S2222945,0
2,344,S2410463,0
2,345,S2222063,0
2,346,S2413769,0
2,347,S2412061,0
2,348,S2237603,0
2,349,S2151614,0
2,350,S2214323,0
2,351,S2152682,0
2,352,S2154954,0
2,353,S2025604,0
2,354,S2203737,0
2,355,S2209232,0
2,356,S2236496,0
2,357,S2234198,0
2,358,S2338782,0
2,359,S2333273,0
2,360,S2206288,0
2,361,S2213276,0
2,362,S2225224,0
2,363,S2431864,0
3,0,S2310075,0
3,1,S2325143,0
3,2,S2143769,0
3,3,S2026719,1
3,4,S2511006,0
3,5,S2332144,0
3,6,S2426614,0
3,7,S2315839,0
3,8,S2338786,0
3,9,S2306015,0
3,10,S2206289,0
3,11,S2202569,0
3,12,S2429064,0
3,13,S2340935,0
3,14,S2408482,0
3,15,S2403702,0
3,16,S2352826,0
3,17,S2143766,0
3,18,S2203737,0
3,19,S2330986,0
3,20,S2149396,0
3,21,S2308045,0
3,22,S2142816,0
3,23,S2242500,0
3,24,S2530049,0
3,25,S2434133,0
3,26,S2246785,0
3,27,S2330983,0
3,28,S2412713,0
3,29,S2521240,0
3,30,S2217673,0
3,31,S2315840,0
3,32,S2501301,0
3,33,S2320991,0
3,34,S2353996,0
3,35,S2250151,0
3,36,S2152682,0
3,37,S2409392,0
3,38,S2225224,0
3,39,S2430053,0
3,40,S2253529,0
3,41,S2412060,0
3,42,S2408486,0
3,43,S2326330,0
3,44,S2228787,0
3,45,S2208365,0
3,46,S2345468,0
3,47,S2419850,0
3,48,S2214324,0
3,49,S2224010,0
3,50,S2130898,0
3,51,S2212213,0
3,52,S2200309,0
3,53,S2405217,0
3,54,S2342677,0
3,55,S2311236,0
3,56,S2323107,0
3,57,S2210199,0
3,58,S2149398,0
3,59,S2406753,0
3,60,S2334411,0
3,61,S2312317,0
3,62,S2253524,0
3,63,S2315841,0
3,64,S2232194,0
3,65,S2311238,0
3,66,S2202565,0
3,67,S2207350,0
3,68,S2342016,0
3,69,S2349547,0
3,70,S2238299,0
3,71,S2222062,0
3,72,S2425034,0
3,73,S2418586,0
3,74,S2302644,0
3,75,S2334386,0
3,76,S2408480,0
3,77,S2406754,0
3,78,S2505508,0
3,79,S2247858,0
3,80,S2314590,0
3,81,S2231091,0
3,82,S2228788,0
3,83,S2213276,0
3,84,S2411030,0
3,85,S2151614,0
3,86,S2254659,0
3,87,S2327485,0
3,88,S2325144,0
3,89,S2028920,0
3,90,S2219751,0
3,91,S2242499,0
3,92,S2222945,0
3,93,S2419849,0
3,94,S2323108,0
3,95,S2253527,0
3,96,S2326329,0
3,97,S2423616,0
3,98,S2422139,0
3,99,S2213275,0
3,100,S2205211,0
3,101,S2308043,0
3,102,S2140144,0
3,103,S2316900,0
3,104,S2133157,0
3,105,S2015087,0
3,106,S2531989,0
3,107,S2420603,0
3,108,S2339820,0
3,109,S2202568,0
3,110,S2344462,0
3,111,S2241560,0
3,112,S2410453,0
3,113,S2323104,0
3,114,S2408854,0
3,115,S2310079,0
3,116,S2135429,0
3,117,S2429677,0
3,118,S2506967,0
3,119,S2312322,0
3,120,S2047227,0
3,121,S2342914,0
3,122,S2338781,0
3,123,S2412061,0
3,124,S2402481,0
3,125,S2141808,0
3,126,S2246786,0
3,127,S2402484,0
3,128,S2202563,0
3,129,S2412714,0
3,130,S2403700,0
3,131,S2102543,0
3,132,S2154954,0
3,133,S2326332,0
3,134,S2135431,0
3,135,S2308039,0
3,136,S2311235,0
3,137,S2219754,0
3,138,S2300361,0
3,139,S2334384,0
3,140,S2240724,0
3,141,S2421434,0
3,142,S2119964,0
3,143,S2235518,0
3,144,S2229536,0
3,145,S2220927,0
3,146,S2409928,0
3,147,S2401283,0
3,148,S2234199,0
3,149,S2408484,0
3,150,S2506961,0
3,151,S2329756,0
3,152,S2318026,0
3,153,S2327489,0
3,154,S2315844,0
3,155,S2253528,0
3,156,S2214323,0
3,157,S2434134,0
3,158,S2214326,0
3,159,S2239522,0
3,160,S2253525,0
3,161,S2237601,0
3,162,S2240720,0
3,163,S2244729,0
3,164,S2352825,0
3,165,S2300363,0
3,166,S2310074,0
3,167,S2348398,0
3,168,S2323112,0
3,169,S2244727,0
3,170,S2415692,0
3,171,S2111062,0
3,172,S2344461,0
3,173,S2154955,0
3,174,S2233279,0
3,175,S2254886,0
3,176,S2315838,0
3,177,S2407939,0
3,178,S1940063,0
3,179,S2310080,0
3,180,S1952033,1
3,181,S2224007,0
3,182,S2028921,0
3,183,S2237603,0
3,184,S2414954,0
3,185,S2318954,0
3,186,S2410458,0
3,187,S2431864,0
3,188,S2414950,0
3,189,S2300331,0
3,190,S2135430,0
3,191,S2144972,0
3,192,S2130897,0
3,193,S2148220,0
3,194,S2202567,0
3,195,S2420602,0
3,196,S2347457,0
3,197,S2207349,0
3,198,S2306848,0
3,199,S2026723,0
3,200,S2129803,0
3,201,S2332143,0
3,202,S2210203,0
3,203,S2213274,0
3,204,S2210209,1
3,205,S2239525,0
3,206,S2522994,0
3,207,S2304564,0
3,208,S2129802,0
3,209,S2330982,0
3,210,S2339819,0
3,211,S2236494,0
3,212,S2211179,0
3,213,S2508630,0
3,214,S2419119,0
3,215,S2241565,0
3,216,S2524777,0
3,217,S2229537,0
3,218,S2336496,0
3,219,S2251247,0
3,220,S2312323,0
3,221,S2307080,0
3,222,S2318956,1
3,223,S2212215,0
3,224,S2330980,0
3,225,S2407941,0
3,226,S2209234,0
3,227,S2511007,0
3,228,S2513848,0
3,229,S2251251,0
3,230,S2235319,1
3,231,S2138905,0
3,232,S2142815,0
3,233,S2312318,0
3,234,S2203734,0
3,235,S2334385,0
3,236,S2236496,0
3,237,S2319878,0
3,238,S2302643,0
3,239,S2208404,0
3,240,S2332142,0
3,241,S2327690,0
3,242,S2150492,0
3,243,S2433342,0
3,244,S2149394,0
3,245,S2429676,0
3,246,S2350730,1
3,247,S2327486,0
3,248,S2434571,0
3,249,S2515598,0
3,250,S2215451,0
3,251,S2209232,0
3,252,S2242501,0
3,253,S2508631,0
3,254,S2227621,0
3,255,S2214325,0
3,256,S2530991,0
3,257,S2235318,0
3,258,S2503128,0
3,259,S2220918,0
3,260,S2233278,0
3,261,S2511008,0
3,262,S2023420,0
3,263,S2248986,0
3,264,S2333273,0
3,265,S2312320,0
3,266,S2250149,0
3,267,S2227604,0
3,268,S2156022,0
3,269,S2032124,0
3,270,S2210201,0
3,271,S2039743,0
3,272,S2154957,0
3,273,S2410463,0
3,274,S2346179,0
3,275,S2402482,0
3,276,S2206288,0
3,277,S2343314,0
3,278,S2400070,0
3,279,S2330988,0
3,280,S2234200,0
3,281,S2025604,0
3,282,S2143764,0
3,283,S2436456,0
3,284,S2437880,0
3,285,S2203735,0
3,286,S2435852,0
3,287,S2226375,0
3,288,S2141805,0
3,289,S2206286,0
3,290,S2205207,0
3,291,S2521239,0
3,292,S2535840,0
3,293,S2216605,0
3,294,S2329753,0
3,295,S2304561,0
3,296,S2207352,0
3,297,S2150490,0
3,298,S2234198,0
3,299,S2343312,0
3,300,S2243826,0
3,301,S1940316,1
3,302,S2143765,0
3,303,S2202564,0
3,304,S2232193,0
3,305,S2203739,0
3,306,S2413769,0
3,307,S2133159,0
3,308,S2524760,0
3,309,S2108730,0
3,310,S2248983,0
3,311,S2434918,0
3,312,S2351751,0
3,313,S2436457,0
3,314,S2411029,0
3,315,S2154963,0
3,316,S2415690,0
3,317,S2222064,0
3,318,S2227605,0
3,319,S2406755,0
3,320,S2338782,0
3,321,S2210200,0
3,322,S2154958,0
3,323,S2144969,0
3,324,S2229969,0
3,325,S2210204,0
3,326,S2526362,0
3,327,S2215449,0
3,328,S2427693,0
3,329,S2318025,0
3,330,S2216630,0
3,331,S2327689,0
3,332,S2231089,0
3,333,S2150494,0
3,334,S2150495,0
3,335,S2216629,0
3,336,S2404885,0
3,337,S2140145,0
3,338,S2239523,0
3,339,S2241564,0
3,340,S2314591,0
3,341,S2406264,0
3,342,S2141806,0
3,343,S2308044,0
3,344,S2210207,0
3,345,S2313436,0
3,346,S2333274,0
3,347,S2228789,0
3,348,S2215453,0
3,349,S2241828,0
3,350,S2224008,0
3,351,S2502092,0
3,352,S2226376,0
3,353,S2527323,0
3,354,S2028924,0
3,355,S2329754,0
3,356,S2337812,0
3,357,S2114402,0
3,358,S2353995,0
3,359,S2240726,0
3,360,S2227608,0
3,361,S2143767,0
3,362,S2422844,0
3,363,S2222063,0
4,0,S2522994,0
4,1,S2408484,0
4,2,S2246786,0
4,3,S2208365,0
4,4,S2310079,0
4,5,S2340935,0
4,6,S2205211,0
4,7,S2511006,0
4,8,S2524777,0
4,9,S2229536,0
4,10,S2300361,0
4,11,S2140145,0
4,12,S2330988,0
4,13,S2406754,0
4,14,S2211179,0
4,15,S2326330,0
4,16,S2244727,0
4,17,S1940316,1
4,18,S2141808,0
4,19,S2216630,0
4,20,S2220927,0
4,21,S2342016,0
4,22,S2156022,0
4,23,S2253528,0
4,24,S2408480,0
4,25,S2215453,0
4,26,S2253529,0
4,27,S2228789,0
4,28,S2418586,0
4,29,S2304564,0
4,30,S2315839,0
4,31,S2205207,0
4,32,S2338781,0
4,33,S2332143,0
4,34,S2202565,0
4,35,S2327489,0
4,36,S2342914,0
4,37,S2229969,0
4,38,S2334411,0
4,39,S2210200,0
4,40,S2150490,0
4,41,S2409928,0
4,42,S2248986,0
4,43,S2203739,0
4,44,S2213276,0
4,45,S2409392,0
4,46,S2210199,0
4,47,S2508630,0
4,48,S2327485,0
4,49,S2350730,1
4,50,S2422844,0
4,51,S2352826,0
4,52,S2212213,0
4,53,S2203737,0
4,54,S2154958,0
4,55,S2239525,0
4,56,S2425034,0
4,57,S2026723,0
4,58,S2530049,0
4,59,S2220918,0
4,60,S2206288,0
4,61,S2232193,0
4,62,S2023420,0
4,63,S2152682,0
4,64,S2313436,0
4,65,S2333273,0
4,66,S2419850,0
4,67,S2222945,0
4,68,S2236496,0
4,69,S2426614,0
4,70,S2025604,0
4,71,S2212215,0
4,72,S2526362,0
4,73,S2135429,0
4,74,S2401283,0
4,75,S2154957,0
4,76,S2108730,0
4,77,S2413769,0
4,78,S2506967,0
4,79,S2154954,0
4,80,S2239522,0
4,81,S2202567,0
4,82,S2028924,0
4,83,S2521240,0
4,84,S2248983,0
4,85,S2224010,0
4,86,S2213274,0
4,87,S2429676,0
4,88,S2237603,0
4,89,S2333274,0
4,90,S2506961,0
4,91,S2254659,0
4,92,S2430053,0
4,93,S2225224,0
4,94,S2307080,0
4,95,S2129803,0
4,96,S2242500,0
4,97,S2326332,0
4,98,S2229537,0
4,99,S2326329,0
4,100,S2228788,0
4,101,S2214326,0
4,102,S2411030,0
4,103,S2323108,0
4,104,S2150494,0
4,105,S2535840,0
4,106,S2235318,0
4,107,S2237601,0
4,108,S2339820,0
4,109,S2406755,0
4,110,S2402482,0
4,111,S2334385,0
4,112,S2102543,0
4,113,S2415692,0
4,114,S2345468,0
4,115,S2216629,0
4,116,S2241828,0
4,117,S2302644,0
4,118,S2222063,0
4,119,S2207352,0
4,120,S2210209,1
4,121,S2511008,0
4,122,S2410453,0
4,123,S2202568,0
4,124,S2524760,0
4,125,S2410463,0
4,126,S2419119,0
4,127,S2206289,0
4,128,S2235319,1
4,129,S2323112,0
4,130,S2129802,0
4,131,S2250151,0
4,132,S2421434,0
4,133,S2403702,0
4,134,S2227605,0
4,135,S2206286,0
4,136,S2344462,0
4,137,S2203734,0
4,138,S2342677,0
4,139,S2408486,0
4,140,S2347457,0
4,141,S2143765,0
4,142,S2210203,0
4,143,S2144972,0
4,144,S2308044,0
4,145,S2434918,0
4,146,S2308045,0
4,147,S2330983,0
4,148,S2315840,0
4,149,S2515598,0
4,150,S2015087,0
4,151,S2511007,0
4,152,S2412713,0
4,153,S2414954,0
4,154,S2149394,0
4,155,S2234198,0
4,156,S2352825,0
4,157,S2244729,0
4,158,S2202563,0
4,159,S2306015,0
4,160,S2254886,0
4,161,S2402484,0
4,162,S2253524,0
4,163,S2243826,0
4,164,S2501301,0
4,165,S2312317,0
4,166,S2508631,0
4,167,S2343312,0
4,168,S2429677,0
4,169,S2436456,0
4,170,S2435852,0
4,171,S2151614,0
4,172,S2203735,0
4,173,S2246785,0
4,174,S2219754,0
4,175,S2412061,0
4,176,S2210201,0
4,177,S2337812,0
4,178,S2143767,0
4,179,S2414950,0
4,180,S2231091,0
4,181,S2343314,0
4,182,S2502092,0
4,183,S2315844,0
4,184,S2251247,0
4,185,S2224007,0
4,186,S1952033,1
4,187,S2312323,0
4,188,S2423616,0
4,189,S2235518,0
4,190,S2026719,1
4,191,S2320991,0
4,192,S2300331,0
4,193,S2403700,0
4,194,S2214325,0
4,195,S2353996,0
4,196,S2138905,0
4,197,S2318026,0
4,198,S2325143,0
4,199,S2400070,0
4,200,S2334384,0
4,201,S2135431,0
4,202,S2238299,0
4,203,S2330980,0
4,204,S2349547,0
4,205,S2527323,0
4,206,S2207349,0
4,207,S2234199,0
4,208,S2434134,0
4,209,S2241565,0
4,210,S2143764,0
4,211,S2119964,0
4,212,S2323104,0
4,213,S2242499,0
4,214,S2405217,0
4,215,S2227621,0
4,216,S2406264,0
4,217,S2143766,0
4,218,S2407941,0
4,219,S2215449,0
4,220,S2408854,0
4,221,S2339819,0
4,222,S2422139,0
4,223,S2318956,1
4,224,S2135430,0
4,225,S2241564,0
4,226,S2505508,0
4,227,S2214324,0
4,228,S2434133,0
4,229,S2133157,0
4,230,S2142815,0
4,231,S2329754,0
4,232,S2433342,0
4,233,S2133159,0
4,234,S2144969,0
4,235,S2251251,0
4,236,S2150492,0
4,237,S2332142,0
4,238,S2336496,0
4,239,S2521239,0
4,240,S2240724,0
4,241,S2141806,0
4,242,S2300363,0
4,243,S2530991,0
4,244,S2202569,0
4,245,S2314590,0
4,246,S2407939,0
4,247,S2208404,0
4,248,S2318025,0
4,249,S2311236,0
4,250,S2325144,0
4,251,S2130897,0
4,252,S2213275,0
4,253,S2323107,0
4,254,S2310075,0
4,255,S2503128,0
4,256,S2149396,0
4,257,S2410458,0
4,258,S2215451,0
4,259,S2233278,0
4,260,S2308043,0
4,261,S2406753,0
4,262,S2149398,0
4,263,S2330982,0
4,264,S2236494,0
4,265,S2327486,0
4,266,S2234200,0
4,267,S2200309,0
4,268,S2310080,0
4,269,S2219751,0
4,270,S2241560,0
4,271,S2348398,0
4,272,S2353995,0
4,273,S2315841,0
4,274,S2408482,0
4,275,S2314591,0
4,276,S2327690,0
4,277,S2411029,0
4,278,S2111062,0
4,279,S2351751,0
4,280,S2316900,0
4,281,S2412714,0
4,282,S2214323,0
4,283,S2242501,0
4,284,S2227608,0
4,285,S2310074,0
4,286,S2140144,0
4,287,S2202564,0
4,288,S2154955,0
4,289,S2402481,0
4,290,S2148220,0
4,291,S2344461,0
4,292,S2437880,0
4,293,S2332144,0
4,294,S2250149,0
4,295,S2253525,0
4,296,S2318954,0
4,297,S2247858,0
4,298,S2404885,0
4,299,S2226376,0
4,300,S2209232,0
4,301,S2114402,0
4,302,S2434571,0
4,303,S2239523,0
4,304,S2312322,0
4,305,S2028921,0
4,306,S2306848,0
4,307,S2311238,0
4,308,S2334386,0
4,309,S2154963,0
4,310,S2302643,0
4,311,S2209234,0
4,312,S2222064,0
4,313,S2130898,0
4,314,S2329756,0
4,315,S2226375,0
4,316,S2210207,0
4,317,S2227604,0
4,318,S2253527,0
4,319,S2338786,0
4,320,S2429064,0
4,321,S2217673,0
4,322,S2304561,0
4,323,S2412060,0
4,324,S2338782,0
4,325,S2231089,0
4,326,S2233279,0
4,327,S2415690,0
4,328,S2141805,0
4,329,S2224008,0
4,330,S2143769,0
4,331,S2240720,0
4,332,S2216605,0
4,333,S2047227,0
4,334,S2028920,0
4,335,S2513848,0
4,336,S2032124,0
4,337,S2329753,0
4,338,S2222062,0
4,339,S2232194,0
4,340,S2240726,0
4,341,S2039743,0
4,342,S2346179,0
4,343,S2319878,0
4,344,S2308039,0
4,345,S2427693,0
4,346,S2420603,0
4,347,S2315838,0
4,348,S2142816,0
4,349,S2312318,0
4,350,S2207350,0
4,351,S2436457,0
4,352,S2420602,0
4,353,S2531989,0
4,354,S1940063,0
4,355,S2431864,0
4,356,S2228787,0
4,357,S2311235,0
4,358,S2419849,0
4,359,S2312320,0
4,360,S2210204,0
4,361,S2150495,0
4,362,S2330986,0
4,363,S2327689,0
5,0,S2235318,0
5,1,S2108730,0
5,2,S2334386,0
5,3,S2231091,0
5,4,S2501301,0
5,5,S2339820,0
5,6,S2216629,0
5,7,S2406753,0
5,8,S2026719,1
5,9,S2408482,0
5,10,S2350730,1
5,11,S2246785,0
5,12,S2334384,0
5,13,S2133159,0
5,14,S2154954,0
5,15,S2152682,0
5,16,S2406754,0
5,17,S2227608,0
5,18,S2330986,0
5,19,S2102543,0
5,20,S2502092,0
5,21,S2411030,0
5,22,S2240726,0
5,23,S2203739,0
5,24,S2217673,0
5,25,S2434133,0
5,26,S2415690,0
5,27,S2247858,0
5,28,S2330982,0
5,29,S2310079,0
5,30,S2340935,0
5,31,S2214326,0
5,32,S2202567,0
5,33,S2503128,0
5,34,S2325144,0
5,35,S2402481,0
5,36,S2333274,0
5,37,S2015087,0
5,38,S2326329,0
5,39,S2130898,0
5,40,S2248983,0
5,41,S2224008,0
5,42,S2527323,0
5,43,S2327489,0
5,44,S2344461,0
5,45,S2412714,0
5,46,S2149398,0
5,47,S2228789,0
5,48,S2222062,0
5,49,S2222063,0
5,50,S2202569,0
5,51,S2210200,0
5,52,S2215449,0
5,53,S2312318,0
5,54,S2315841,0
5,55,S2318026,0
5,56,S2423616,0
5,57,S2511008,0
5,58,S2143767,0
5,59,S2237601,0
5,60,S2235319,1
5,61,S2253525,0
5,62,S2240724,0
5,63,S2210199,0
5,64,S2406264,0
5,65,S2231089,0
5,66,S2338782,0
5,67,S2206286,0
5,68,S2313436,0
5,69,S2325143,0
5,70,S2404885,0
5,71,S2150490,0
5,72,S2306015,0
5,73,S2531989,0
5,74,S2251247,0
5,75,S2225224,0
5,76,S2142815,0
5,77,S2213275,0
5,78,S2135431,0
5,79,S2228787,0
5,80,S2202565,0
5,81,S2253528,0
5,82,S2426614,0
5,83,S2311235,0
5,84,S2327689,0
5,85,S2234200,0
5,86,S2233279,0
5,87,S2229969,0
5,88,S2300331,0
5,89,S2312317,0
5,90,S2410458,0
5,91,S2422844,0
5,92,S2206288,0
5,93,S2429676,0
5,94,S2435852,0
5,95,S2241828,0
5,96,S2151614,0
5,97,S2346179,0
5,98,S2410463,0
5,99,S2308044,0
5,100,S2513848,0
5,101,S2129802,0
5,102,S2316900,0
5,103,S2436456,0
5,104,S2229536,0
5,105,S2308043,0
5,106,S2205211,0
5,107,S2318956,1
5,108,S2028924,0
5,109,S2253527,0
5,110,S2308045,0
5,111,S2224010,0
5,112,S2239522,0
5,113,S2222064,0
5,114,S2307080,0
5,115,S2028921,0
5,116,S2326332,0
5,117,S2207350,0
5,118,S2140144,0
5,119,S2200309,0
5,120,S2210204,0
5,121,S2209232,0
5,122,S2304561,0
5,123,S2433342,0
5,124,S2329753,0
5,125,S2408480,0
5,126,S2422139,0
5,127,S2530049,0
5,128,S2412060,0
5,129,S2142816,0
5,130,S2211179,0
5,131,S2143765,0
5,132,S2238299,0
5,133,S2143766,0
5,134,S2403702,0
5,135,S2506967,0
5,136,S2214323,0
5,137,S2310080,0
5,138,S2403700,0
5,139,S2202563,0
5,140,S2339819,0
5,141,S2302644,0
5,142,S2135430,0
5,143,S2240720,0
5,144,S2348398,0
5,145,S2419119,0
5,146,S2420603,0
5,147,S2032124,0
5,148,S2409392,0
5,149,S2243826,0
5,150,S2206289,0
5,151,S2437880,0
5,152,S2315840,0
5,153,S2343312,0
5,154,S2203734,0
5,155,S2212215,0
5,156,S2351751,0
5,157,S2506961,0
5,158,S2207349,0
5,159,S2352826,0
5,160,S2241564,0
5,161,S2215451,0
5,162,S2326330,0
5,163,S2524777,0
5,164,S2311236,0
5,165,S2310074,0
5,166,S2227621,0
5,167,S2521239,0
5,168,S2344462,0
5,169,S2327485,0
5,170,S2310075,0
5,171,S2314591,0
5,172,S2526362,0
5,173,S2210207,0
5,174,S2329754,0
5,175,S2219754,0
5,176,S2312323,0
5,177,S2227605,0
5,178,S2216605,0
5,179,S2415692,0
5,180,S1940316,1
5,181,S2210201,0
5,182,S2412061,0
5,183,S2234199,0
5,184,S2337812,0
5,185,S2233278,0
5,186,S2203737,0
5,187,S2232194,0
5,188,S2319878,0
5,189,S2237603,0
5,190,S2353995,0
5,191,S2408486,0
5,192,S1952033,1
5,193,S2226375,0
5,194,S2425034,0
5,195,S2246786,0
5,196,S2023420,0
5,197,S2239525,0
5,198,S2224007,0
5,199,S2219751,0
5,200,S2220927,0
5,201,S2253529,0
5,202,S2505508,0
5,203,S2143769,0
5,204,S2150495,0
5,205,S2406755,0
5,206,S2222945,0
5,207,S2154963,0
5,208,S2343314,0
5,209,S2111062,0
5,210,S2330988,0
5,211,S2148220,0
5,212,S2436457,0
5,213,S2242500,0
5,214,S2130897,0
5,215,S2508630,0
5,216,S2349547,0
5,217,S2214325,0
5,218,S2215453,0
5,219,S2407939,0
5,220,S2429064,0
5,221,S2239523,0
5,222,S2402482,0
5,223,S2154957,0
5,224,S2254886,0
5,225,S2522994,0
5,226,S2232193,0
5,227,S2140145,0
5,228,S2236496,0
5,229,S2508631,0
5,230,S2119964,0
5,231,S2203735,0
5,232,S2327690,0
5,233,S2154955,0
5,234,S2228788,0
5,235,S2431864,0
5,236,S2149396,0
5,237,S2254659,0
5,238,S2430053,0
5,239,S2149394,0
5,240,S2419849,0
5,241,S2323104,0
5,242,S2414954,0
5,243,S2135429,0
5,244,S2412713,0
5,245,S2405217,0
5,246,S2250151,0
5,247,S2234198,0
5,248,S2150494,0
5,249,S2302643,0
5,250,S2511006,0
5,251,S2421434,0
5,252,S2342677,0
5,253,S2332142,0
5,254,S2156022,0
5,255,S2214324,0
5,256,S2524760,0
5,257,S2212213,0
5,258,S2408854,0
5,259,S2129803,0
5,260,S2413769,0
5,261,S2242501,0
5,262,S2418586,0
5,263,S2320991,0
5,264,S2434918,0
5,265,S2347457,0
5,266,S2427693,0
5,267,S2202564,0
5,268,S2315838,0
5,269,S2338786,0
5,270,S2144972,0
5,271,S2311238,0
5,272,S2144969,0
5,273,S2047227,0
5,274,S2216630,0
5,275,S2242499,0
5,276,S2332143,0
5,277,S2141805,0
5,278,S2308039,0
5,279,S2150492,0
5,280,S2202568,0
5,281,S2323108,0
5,282,S2429677,0
5,283,S2419850,0
5,284,S2407941,0
5,285,S2318025,0
5,286,S2332144,0
5,287,S2209234,0
5,288,S2330980,0
5,289,S2410453,0
5,290,S2434571,0
5,291,S2511007,0
5,292,S2408484,0
5,293,S2300361,0
5,294,S2114402,0
5,295,S2334411,0
5,296,S2530991,0
5,297,S2205207,0
5,298,S2248986,0
5,299,S2318954,0
5,300,S2521240,0
5,301,S2208404,0
5,302,S2329756,0
5,303,S2210203,0
5,304,S2315844,0
5,305,S2241560,0
5,306,S2535840,0
5,307,S2434134,0
5,308,S2220918,0
5,309,S2312320,0
5,310,S2312322,0
5,311,S2138905,0
5,312,S2229537,0
5,313,S2342914,0
5,314,S1940063,0
5,315,S2236494,0
5,316,S2210209,1
5,317,S2306848,0
5,318,S2244729,0
5,319,S2323107,0
5,320,S2235518,0
5,321,S2353996,0
5,322,S2207352,0
5,323,S2133157,0
5,324,S2402484,0
5,325,S2401283,0
5,326,S2334385,0
5,327,S2300363,0
5,328,S2400070,0
5,329,S2345468,0
5,330,S2141806,0
5,331,S2026723,0
5,332,S2515598,0
5,333,S2213276,0
5,334,S2411029,0
5,335,S2327486,0
5,336,S2143764,0
5,337,S2342016,0
5,338,S2420602,0
5,339,S2226376,0
5,340,S2352825,0
5,341,S2154958,0
5,342,S2213274,0
5,343,S2333273,0
5,344,S2208365,0
5,345,S2028920,0
5,346,S2251251,0
5,347,S2338781,0
5,348,S2330983,0
5,349,S2227604,0
5,350,S2314590,0
5,351,S2414950,0
5,352,S2141808,0
5,353,S2241565,0
5,354,S2304564,0
5,355,S2253524,0
5,356,S2244727,0
5,357,S2025604,0
5,358,S2409928,0
5,359,S2250149,0
5,360,S2323112,0
5,361,S2336496,0
5,362,S2315839,0
5,363,S2039743,0
6,0,S2338782,0
6,1,S2202564,0
6,2,S2420602,0
6,3,S2329753,0
6,4,S2429064,0
6,5,S2323108,0
6,6,S2342677,0
6,7,S2515598,0
6,8,S2433342,0
6,9,S2315839,0
6,10,S2206286,0
6,11,S2412714,0
6,12,S2406754,0
6,13,S2302644,0
6,14,S2420603,0
6,15,S2333273,0
6,16,S2220927,0
6,17,S2400070,0
6,18,S2310079,0
6,19,S2154958,0
6,20,S2203734,0
6,21,S2207349,0
6,22,S2530049,0
6,23,S2227605,0
6,24,S2251247,0
6,25,S2344461,0
6,26,S2312322,0
6,27,S2334384,0
6,28,S2436457,0
6,29,S2135430,0
6,30,S2503128,0
6,31,S2412060,0
6,32,S2407941,0
6,33,S1940063,0
6,34,S2202567,0
6,35,S2142816,0
6,36,S2314591,0
6,37,S2026723,0
6,38,S2219754,0
6,39,S2333274,0
6,40,S2334386,0
6,41,S2207352,0
6,42,S2233278,0
6,43,S2216605,0
6,44,S2224007,0
6,45,S2231091,0
6,46,S2229969,0
6,47,S2526362,0
6,48,S2334385,0
6,49,S2426614,0
6,50,S2203739,0
6,51,S2143767,0
6,52,S2511008,0
6,53,S2414950,0
6,54,S2241564,0
6,55,S2404885,0
6,56,S2234198,0
6,57,S2418586,0
6,58,S2327486,0
6,59,S2408482,0
6,60,S2308044,0
6,61,S2215451,0
6,62,S2133157,0
6,63,S2326332,0
6,64,S2234200,0
6,65,S2231089,0
6,66,S2330980,0
6,67,S2210200,0
6,68,S2216630,0
6,69,S2325143,0
6,70,S2327489,0
6,71,S2411030,0
6,72,S2152682,0
6,73,S2522994,0
6,74,S2304564,0
6,75,S2530991,0
6,76,S2141808,0
6,77,S2228788,0
6,78,S2219751,0
6,79,S2344462,0
6,80,S2232194,0
6,81,S2340935,0
6,82,S2144972,0
6,83,S2154963,0
6,84,S2308043,0
6,85,S2401283,0
6,86,S2150495,0
6,87,S2524777,0
6,88,S2330982,0
6,89,S2222062,0
6,90,S2315841,0
6,91,S2326330,0
6,92,S2419849,0
6,93,S2119964,0
6,94,S2312317,0
6,95,S2207350,0
6,96,S2410453,0
6,97,S2215453,0
6,98,S2415690,0
6,99,S2412713,0
6,100,S2242501,0
6,101,S2144969,0
6,102,S2210204,0
6,103,S2307080,0
6,104,S2423616,0
6,105,S2513848,0
6,106,S2140145,0
6,107,S2410463,0
6,108,S2345468,0
6,109,S2326329,0
6,110,S2308045,0
6,111,S2211179,0
6,112,S2427693,0
6,113,S2202569,0
6,114,S2141806,0
6,115,S2023420,0
6,116,S2411029,0
6,117,S2506967,0
6,118,S2225224,0
6,119,S2130898,0
6,120,S2140144,0
6,121,S2506961,0
6,122,S2135429,0
6,123,S2143765,0
6,124,S2310075,0
6,125,S2142815,0
6,126,S2215449,0
6,127,S2406755,0
6,128,S2408484,0
6,129,S2205207,0
6,130,S2214326,0
6,131,S2318025,0
6,132,S2213276,0
6,133,S2239525,0
6,134,S2323112,0
6,135,S2236496,0
6,136,S2239522,0
6,137,S2320991,0
6,138,S2348398,0
6,139,S2227621,0
6,140,S2111062,0
6,141,S2408480,0
6,142,S2327485,0
6,143,S2434571,0
6,144,S2408854,0
6,145,S2206288,0
6,146,S2206289,0
6,147,S2250151,0
6,148,S2430053,0
6,149,S2156022,0
6,150,S2316900,0
6,151,S2323104,0
6,152,S2329754,0
6,153,S2129802,0
6,154,S2151614,0
6,155,S2237603,0
6,156,S2315840,0
6,157,S2143764,0
6,158,S2226375,0
6,159,S2300331,0
6,160,S2233279,0
6,161,S2415692,0
6,162,S2312320,0
6,163,S2149394,0
6,164,S2240726,0
6,165,S2236494,0
6,166,S2318956,1
6,167,S2208404,0
6,168,S2214323,0
6,169,S2501301,0
6,170,S2323107,0
6,171,S2505508,0
6,172,S2422844,0
6,173,S2138905,0
6,174,S2150494,0
6,175,S2343312,0
6,176,S2213275,0
6,177,S2319878,0
6,178,S2330988,0
6,179,S2329756,0
6,180,S2150492,0
6,181,S2337812,0
6,182,S2202565,0
6,183,S2349547,0
6,184,S2511006,0
6,185,S2235319,1
6,186,S2527323,0
6,187,S2336496,0
6,188,S2130897,0
6,189,S2312318,0
6,190,S2200309,0
6,191,S2039743,0
6,192,S2224008,0
6,193,S2149396,0
6,194,S2220918,0
6,195,S2406753,0
6,196,S2508631,0
6,197,S2502092,0
6,198,S2025604,0
6,199,S2251251,0
6,200,S2237601,0
6,201,S2330983,0
6,202,S2244729,0
6,203,S2521240,0
6,204,S2248986,0
6,205,S2228787,0
6,206,S2414954,0
6,207,S2429677,0
6,208,S2327690,0
6,209,S2148220,0
6,210,S2332142,0
6,211,S2315844,0
6,212,S2241560,0
6,213,S2312323,0
6,214,S2143766,0
6,215,S2332143,0
6,216,S2351751,0
6,217,S2346179,0
6,218,S2318026,0
6,219,S2228789,0
6,220,S2531989,0
6,221,S2232193,0
6,222,S2243826,0
6,223,S2254886,0
6,224,S2028920,0
6,225,S2425034,0
6,226,S2327689,0
6,227,S2108730,0
6,228,S2253524,0
6,229,S2434133,0
6,230,S2240720,0
6,231,S2154957,0
6,232,S2437880,0
6,233,S2419119,0
6,234,S2246785,0
6,235,S2210203,0
6,236,S2412061,0
6,237,S2253529,0
6,238,S2409392,0
6,239,S2214325,0
6,240,S2032124,0
6,241,S2330986,0
6,242,S2419850,0
6,243,S1952033,1
6,244,S2300361,0
6,245,S2311236,0
6,246,S2213274,0
6,247,S2135431,0
6,248,S2241828,0
6,249,S2235318,0
6,250,S2209232,0
6,251,S2434134,0
6,252,S2338786,0
6,253,S2217673,0
6,254,S2508630,0
6,255,S2511007,0
6,256,S2402484,0
6,257,S2209234,0
6,258,S2015087,0
6,259,S2210207,0
6,260,S2210209,1
6,261,S2339820,0
6,262,S2114402,0
6,263,S2154955,0
6,264,S2202568,0
6,265,S2202563,0
6,266,S2154954,0
6,267,S2406264,0
6,268,S2339819,0
6,269,S2402482,0
6,270,S2353995,0
6,271,S2315838,0
6,272,S2250149,0
6,273,S2421434,0
6,274,S2141805,0
6,275,S2343314,0
6,276,S2203737,0
6,277,S2436456,0
6,278,S2224010,0
6,279,S2413769,0
6,280,S2306015,0
6,281,S2342914,0
6,282,S2306848,0
6,283,S2334411,0
6,284,S2149398,0
6,285,S2240724,0
6,286,S2229537,0
6,287,S2253528,0
6,288,S2216629,0
6,289,S2302643,0
6,290,S2242500,0
6,291,S2246786,0
6,292,S2403700,0
6,293,S2222064,0
6,294,S2353996,0
6,295,S2235518,0
6,296,S2410458,0
6,297,S2325144,0
6,298,S2133159,0
6,299,S2318954,0
6,300,S2300363,0
6,301,S2226376,0
6,302,S2535840,0
6,303,S2205211,0
6,304,S2248983,0
6,305,S2422139,0
6,306,S2241565,0
6,307,S2222063,0
6,308,S2352825,0
6,309,S2229536,0
6,310,S2434918,0
6,311,S2408486,0
6,312,S2254659,0
6,313,S2234199,0
6,314,S1940316,1
6,315,S2129803,0
6,316,S2435852,0
6,317,S2402481,0
6,318,S2409928,0
6,319,S2308039,0
6,320,S2222945,0
6,321,S2244727,0
6,322,S2203735,0
6,323,S2310074,0
6,324,S2524760,0
6,325,S2253525,0
6,326,S2311238,0
6,327,S2208365,0
6,328,S2150490,0
6,329,S2347457,0
6,330,S2429676,0
6,331,S2028921,0
6,332,S2521239,0
6,333,S2407939,0
6,334,S2026719,1
6,335,S2239523,0
6,336,S2313436,0
6,337,S2253527,0
6,338,S2350730,1
6,339,S2242499,0
6,340,S2238299,0
6,341,S2405217,0
6,342,S2047227,0
6,343,S2310080,0
6,344,S2431864,0
6,345,S2227604,0
6,346,S2332144,0
6,347,S2210201,0
6,348,S2210199,0
6,349,S2227608,0
6,350,S2304561,0
6,351,S2212215,0
6,352,S2102543,0
6,353,S2314590,0
6,354,S2214324,0
6,355,S2311235,0
6,356,S2247858,0
6,357,S2403702,0
6,358,S2212213,0
6,359,S2352826,0
6,360,S2338781,0
6,361,S2028924,0
6,362,S2143769,0
6,363,S2342016,0
7,0,S2426614,0
7,1,S2408854,0
7,2,S2412060,0
7,3,S2224010,0
7,4,S2108730,0
7,5,S2220927,0
7,6,S2202563,0
7,7,S2253529,0
7,8,S2308045,0
7,9,S2308043,0
7,10,S2202568,0
7,11,S2246786,0
7,12,S2323108,0
7,13,S2222945,0
7,14,S2431864,0
7,15,S2015087,0
7,16,S2434571,0
7,17,S2202565,0
7,18,S2311235,0
7,19,S2236496,0
7,20,S2222063,0
7,21,S2102543,0
7,22,S2240726,0
7,23,S2326329,0
7,24,S2213274,0
7,25,S2150495,0
7,26,S2302644,0
7,27,S2521239,0
7,28,S2302643,0
7,29,S2140144,0
7,30,S2203735,0
7,31,S2409392,0
7,32,S2318956,1
7,33,S2307080,0
7,34,S2232194,0
7,35,S2143767,0
7,36,S2530991,0
7,37,S2028920,0
7,38,S2425034,0
7,39,S2405217,0
7,40,S2240724,0
7,41,S2300363,0
7,42,S2214323,0
7,43,S2149396,0
7,44,S2352826,0
7,45,S2353995,0
7,46,S2332144,0
7,47,S2239523,0
7,48,S2312320,0
7,49,S2334385,0
7,50,S2234200,0
7,51,S2511008,0
7,52,S2228789,0
7,53,S2419849,0
7,54,S2406754,0
7,55,S2345468,0
7,56,S2208404,0
7,57,S2506967,0
7,58,S2202567,0
7,59,S2141808,0
7,60,S2429677,0
7,61,S2508631,0
7,62,S2216629,0
7,63,S2340935,0
7,64,S2329753,0
7,65,S2144969,0
7,66,S2237603,0
7,67,S2200309,0
7,68,S2251247,0
7,69,S2323112,0
7,70,S2412061,0
7,71,S2329754,0
7,72,S2229536,0
7,73,S2241560,0
7,74,S2408484,0
7,75,S2535840,0
7,76,S2422844,0
7,77,S2311236,0
7,78,S2210200,0
7,79,S2350730,1
7,80,S2315844,0
7,81,S2513848,0
7,82,S2334411,0
7,83,S2352825,0
7,84,S2434133,0
7,85,S2242499,0
7,86,S2436456,0
7,87,S2236494,0
7,88,S2530049,0
7,89,S2310074,0
7,90,S2409928,0
7,91,S2216630,0
7,92,S2315838,0
7,93,S2325143,0
7,94,S2025604,0
7,95,S2152682,0
7,96,S2408480,0
7,97,S2228787,0
7,98,S2506961,0
7,99,S2402481,0
7,100,S2333274,0
7,101,S2332142,0
7,102,S2319878,0
7,103,S2338782,0
7,104,S2225224,0
7,105,S2151614,0
7,106,S2402482,0
7,107,S2253524,0
7,108,S2434918,0
7,109,S2244727,0
7,110,S2310080,0
7,111,S2234199,0
7,112,S2524777,0
7,113,S2353996,0
7,114,S2214326,0
7,115,S2327486,0
7,116,S2039743,0
7,117,S2227621,0
7,118,S2207349,0
7,119,S2430053,0
7,120,S2241565,0
7,121,S2028921,0
7,122,S2437880,0
7,123,S2206286,0
7,124,S2408482,0
7,125,S2246785,0
7,126,S2418586,0
7,127,S2351751,0
7,128,S2433342,0
7,129,S2244729,0
7,130,S1940316,1
7,131,S2423616,0
7,132,S2407939,0
7,133,S2415690,0
7,134,S2515598,0
7,135,S2419119,0
7,136,S2420603,0
7,137,S2308044,0
7,138,S2150490,0
7,139,S2312323,0
7,140,S2141805,0
7,141,S2222064,0
7,142,S2220918,0
7,143,S2234198,0
7,144,S2233279,0
7,145,S2402484,0
7,146,S2202569,0
7,147,S2421434,0
7,148,S2333273,0
7,149,S2047227,0
7,150,S2408486,0
7,151,S2511006,0
7,152,S2436457,0
7,153,S2410453,0
7,154,S2505508,0
7,155,S2140145,0
7,156,S2406755,0
7,157,S2154954,0
7,158,S2410463,0
7,159,S2318954,0
7,160,S2343314,0
7,161,S2326330,0
7,162,S2205207,0
7,163,S2310079,0
7,164,S2143766,0
7,165,S2238299,0
7,166,S2209234,0
7,167,S2342677,0
7,168,S2227605,0
7,169,S2241564,0
7,170,S2203737,0
7,171,S2312322,0
7,172,S2130897,0
7,173,S2229969,0
7,174,S2315839,0
7,175,S2148220,0
7,176,S2501301,0
7,177,S2156022,0
7,178,S2304561,0
7,179,S2250149,0
7,180,S2339820,0
7,181,S2231089,0
7,182,S2330983,0
7,183,S2217673,0
7,184,S2400070,0
7,185,S2210203,0
7,186,S2143765,0
7,187,S2329756,0
7,188,S2310075,0
7,189,S2247858,0
7,190,S2242500,0
7,191,S2314590,0
7,192,S2326332,0
7,193,S2133159,0
7,194,S2347457,0
7,195,S2318025,0
7,196,S2312317,0
7,197,S2233278,0
7,198,S2526362,0
7,199,S2323104,0
7,200,S2330982,0
7,201,S2241828,0
7,202,S2214325,0
7,203,S2404885,0
7,204,S2207352,0
7,205,S2203734,0
7,206,S2028924,0
7,207,S2224007,0
7,208,S2222062,0
7,209,S2524760,0
7,210,S2531989,0
7,211,S2502092,0
7,212,S2141806,0
7,213,S2129803,0
7,214,S2210209,1
7,215,S2325144,0
7,216,S2427693,0
7,217,S2411030,0
7,218,S2338781,0
7,219,S2313436,0
7,220,S2149394,0
7,221,S2508630,0
7,222,S2248986,0
7,223,S2215449,0
7,224,S2219754,0
7,225,S2251251,0
7,226,S2315841,0
7,227,S2135429,0
7,228,S2154957,0
7,229,S2212213,0
7,230,S2304564,0
7,231,S2154963,0
7,232,S2231091,0
7,233,S2226376,0
7,234,S2213276,0
7,235,S2210201,0
7,236,S2315840,0
7,237,S2205211,0
7,238,S2250151,0
7,239,S2330986,0
7,240,S2138905,0
7,241,S2215451,0
7,242,S2026719,1
7,243,S2142816,0
7,244,S2327485,0
7,245,S2235318,0
7,246,S2228788,0
7,247,S2229537,0
7,248,S2527323,0
7,249,S2311238,0
7,250,S2346179,0
7,251,S2135430,0
7,252,S2336496,0
7,253,S2026723,0
7,254,S2316900,0
7,255,S2239522,0
7,256,S1940063,0
7,257,S2401283,0
7,258,S2219751,0
7,259,S2434134,0
7,260,S2202564,0
7,261,S2216605,0
7,262,S2323107,0
7,263,S2243826,0
7,264,S2420602,0
7,265,S2511007,0
7,266,S2248983,0
7,267,S2349547,0
7,268,S2143764,0
7,269,S2133157,0
7,270,S2208365,0
7,271,S2232193,0
7,272,S2213275,0
7,273,S2419850,0
7,274,S2144972,0
7,275,S2411029,0
7,276,S2429064,0
7,277,S2300361,0
7,278,S2308039,0
7,279,S2253527,0
7,280,S2403702,0
7,281,S2119964,0
7,282,S2414954,0
7,283,S2337812,0
7,284,S2214324,0
7,285,S2314591,0
7,286,S2413769,0
7,287,S2254659,0
7,288,S2338786,0
7,289,S2348398,0
7,290,S2242501,0
7,291,S2023420,0
7,292,S2150494,0
7,293,S2212215,0
7,294,S2239525,0
7,295,S2403700,0
7,296,S2414950,0
7,297,S2330988,0
7,298,S2320991,0
7,299,S2203739,0
7,300,S2235518,0
7,301,S2344461,0
7,302,S2149398,0
7,303,S2129802,0
7,304,S2207350,0
7,305,S2254886,0
7,306,S2406264,0
7,307,S2226375,0
7,308,S2332143,0
7,309,S2235319,1
7,310,S2206289,0
7,311,S2135431,0
7,312,S2503128,0
7,313,S2521240,0
7,314,S2312318,0
7,315,S2142815,0
7,316,S2206288,0
7,317,S2522994,0
7,318,S2412713,0
7,319,S2032124,0
7,320,S2114402,0
7,321,S2150492,0
7,322,S2300331,0
7,323,S2210207,0
7,324,S2154958,0
7,325,S2327489,0
7,326,S2209232,0
7,327,S2154955,0
7,328,S2306015,0
7,329,S2342914,0
7,330,S2237601,0
7,331,S2429676,0
7,332,S2406753,0
7,333,S2344462,0
7,334,S2422139,0
7,335,S2334384,0
7,336,S2306848,0
7,337,S2253525,0
7,338,S2111062,0
7,339,S2435852,0
7,340,S2327689,0
7,341,S2224008,0
7,342,S2130898,0
7,343,S2339819,0
7,344,S2330980,0
7,345,S2215453,0
7,346,S2210199,0
7,347,S2227608,0
7,348,S2143769,0
7,349,S2318026,0
7,350,S2407941,0
7,351,S2227604,0
7,352,S2327690,0
7,353,S2410458,0
7,354,S2253528,0
7,355,S2211179,0
7,356,S2342016,0
7,357,S2334386,0
7,358,S2210204,0
7,359,S1952033,1
7,360,S2343312,0
7,361,S2412714,0
7,362,S2240720,0
7,363,S2415692,0
8,0,S2312322,0
8,1,S2318956,1
8,2,S2401283,0
8,3,S2227604,0
8,4,S2141805,0
8,5,S2327689,0
8,6,S2412714,0
8,7,S2531989,0
8,8,S2333274,0
8,9,S2408486,0
8,10,S2348398,0
8,11,S2407941,0
8,12,S2326329,0
8,13,S2434134,0
8,14,S2524760,0
8,15,S2338781,0
8,16,S2320991,0
8,17,S2423616,0
8,18,S2149398,0
8,19,S2334384,0
8,20,S2207352,0
8,21,S2202564,0
8,22,S2142816,0
8,23,S2148220,0
8,24,S2214323,0
8,25,S2247858,0
8,26,S2114402,0
8,27,S2310079,0
8,28,S2236496,0
8,29,S2210209,1
8,30,S2215451,0
8,31,S2308039,0
8,32,S2334385,0
8,33,S2307080,0
8,34,S2239523,0
8,35,S2143769,0
8,36,S2248983,0
8,37,S2241564,0
8,38,S2213274,0
8,39,S2315841,0
8,40,S2333273,0
8,41,S2304564,0
8,42,S2505508,0
8,43,S2409928,0
8,44,S2210199,0
8,45,S2234200,0
8,46,S2244729,0
8,47,S2403702,0
8,48,S2425034,0
8,49,S2410463,0
8,50,S2235518,0
8,51,S2028921,0
8,52,S2241565,0
8,53,S2150490,0
8,54,S2254659,0
8,55,S2302643,0
8,56,S2229536,0
8,57,S2217673,0
8,58,S2352825,0
8,59,S2429677,0
8,60,S2315838,0
8,61,S2202569,0
8,62,S2330988,0
8,63,S2219751,0
8,64,S2213275,0
8,65,S2026719,1
8,66,S2028924,0
8,67,S2210204,0
8,68,S2351751,0
8,69,S2329756,0
8,70,S2318954,0
8,71,S2227608,0
8,72,S2253529,0
8,73,S2144969,0
8,74,S2133159,0
8,75,S2508631,0
8,76,S2220918,0
8,77,S2323108,0
8,78,S2419850,0
8,79,S2403700,0
8,80,S2318025,0
8,81,S2330983,0
8,82,S2304561,0
8,83,S2156022,0
8,84,S2332144,0
8,85,S2149394,0
8,86,S2207349,0
8,87,S2143764,0
8,88,S2400070,0
8,89,S2203739,0
8,90,S2329753,0
8,91,S2406754,0
8,92,S2330980,0
8,93,S2253524,0
8,94,S2408484,0
8,95,S2203735,0
8,96,S2133157,0
8,97,S2311236,0
8,98,S2222945,0
8,99,S2227605,0
8,100,S2203737,0
8,101,S2220927,0
8,102,S2406264,0
8,103,S2023420,0
8,104,S2151614,0
8,105,S2343314,0
8,106,S2239522,0
8,107,S2202565,0
8,108,S2135429,0
8,109,S2232193,0
8,110,S2209234,0
8,111,S2308044,0
8,112,S2211179,0
8,113,S2135430,0
8,114,S2515598,0
8,115,S2411029,0
8,116,S2149396,0
8,117,S2208404,0
8,118,S2240720,0
8,119,S2226376,0
8,120,S2521240,0
8,121,S2503128,0
8,122,S2429676,0
8,123,S2236494,0
8,124,S2206286,0
8,125,S2330982,0
8,126,S2433342,0
8,127,S2323112,0
8,128,S2251251,0
8,129,S2342016,0
8,130,S2402481,0
8,131,S2314591,0
8,132,S2251247,0
8,133,S2422844,0
8,134,S2150494,0
8,135,S2302644,0
8,136,S2243826,0
8,137,S2241560,0
8,138,S1940063,0
8,139,S2240726,0
8,140,S2234199,0
8,141,S2241828,0
8,142,S2314590,0
8,143,S2332143,0
8,144,S2233278,0
8,145,S2334386,0
8,146,S2334411,0
8,147,S2306015,0
8,148,S2436456,0
8,149,S2347457,0
8,150,S2338782,0
8,151,S2215453,0
8,152,S2412713,0
8,153,S2224007,0
8,154,S2214325,0
8,155,S2237601,0
8,156,S2227621,0
8,157,S2205211,0
8,158,S2345468,0
8,159,S2206289,0
8,160,S2235318,0
8,161,S2329754,0
8,162,S2231089,0
8,163,S2344462,0
8,164,S2513848,0
8,165,S2511008,0
8,166,S2426614,0
8,167,S2250149,0
8,168,S2233279,0
8,169,S2418586,0
8,170,S2154954,0
8,171,S2242499,0
8,172,S2202567,0
8,173,S2327489,0
8,174,S2337812,0
8,175,S2226375,0
8,176,S2143766,0
8,177,S2312320,0
8,178,S2508630,0
8,179,S2138905,0
8,180,S2313436,0
8,181,S2047227,0
8,182,S2310074,0
8,183,S2208365,0
8,184,S2311238,0
8,185,S2526362,0
8,186,S2119964,0
8,187,S2311235,0
8,188,S2315840,0
8,189,S2412060,0
8,190,S2327690,0
8,191,S2222063,0
8,192,S2228787,0
8,193,S2214324,0
8,194,S2229969,0
8,195,S2430053,0
8,196,S2015087,0
8,197,S2437880,0
8,198,S2339819,0
8,199,S2140144,0
8,200,S2342914,0
8,201,S2154958,0
8,202,S2435852,0
8,203,S2039743,0
8,204,S2316900,0
8,205,S2102543,0
8,206,S2141808,0
8,207,S2342677,0
8,208,S2406753,0
8,209,S2246786,0
8,210,S2150492,0
8,211,S2210201,0
8,212,S2312323,0
8,213,S2224008,0
8,214,S2229537,0
8,215,S2434571,0
8,216,S2300361,0
8,217,S2436457,0
8,218,S2419849,0
8,219,S2237603,0
8,220,S2434133,0
8,221,S2502092,0
8,222,S2150495,0
8,223,S2408854,0
8,224,S2530049,0
8,225,S2219754,0
8,226,S2325144,0
8,227,S2141806,0
8,228,S2327485,0
8,229,S2232194,0
8,230,S2154963,0
8,231,S2025604,0
8,232,S2210200,0
8,233,S2300331,0
8,234,S2231091,0
8,235,S2235319,1
8,236,S2306848,0
8,237,S2142815,0
8,238,S2312318,0
8,239,S2408482,0
8,240,S2152682,0
8,241,S2421434,0
8,242,S2427693,0
8,243,S2339820,0
8,244,S2308045,0
8,245,S2327486,0
8,246,S2154957,0
8,247,S2330986,0
8,248,S2353995,0
8,249,S2414950,0
8,250,S2210207,0
8,251,S2239525,0
8,252,S2253525,0
8,253,S2026723,0
8,254,S2312317,0
8,255,S2410458,0
8,256,S2234198,0
8,257,S2254886,0
8,258,S2222062,0
8,259,S2404885,0
8,260,S2154955,0
8,261,S2501301,0
8,262,S2349547,0
8,263,S2144972,0
8,264,S2242501,0
8,265,S2315839,0
8,266,S2413769,0
8,267,S2511007,0
8,268,S2434918,0
8,269,S2238299,0
8,270,S2242500,0
8,271,S2415690,0
8,272,S2530991,0
8,273,S2431864,0
8,274,S2336496,0
8,275,S2415692,0
8,276,S2326330,0
8,277,S2205207,0
8,278,S2406755,0
8,279,S2212215,0
8,280,S2402484,0
8,281,S2129803,0
8,282,S2346179,0
8,283,S2506967,0
8,284,S2129802,0
8,285,S2323107,0
8,286,S2214326,0
8,287,S2111062,0
8,288,S2253527,0
8,289,S2414954,0
8,290,S1952033,1
8,291,S2535840,0
8,292,S2143765,0
8,293,S2310075,0
8,294,S2422139,0
8,295,S2350730,1
8,296,S2511006,0
8,297,S2207350,0
8,298,S2216605,0
8,299,S2215449,0
8,300,S2135431,0
8,301,S2130898,0
8,302,S2222064,0
8,303,S2524777,0
8,304,S2402482,0
8,305,S2343312,0
8,306,S2209232,0
8,307,S2338786,0
8,308,S2224010,0
8,309,S2353996,0
8,310,S2323104,0
8,311,S2408480,0
8,312,S2300363,0
8,313,S2225224,0
8,314,S2419119,0
8,315,S2412061,0
8,316,S2527323,0
8,317,S2216629,0
8,318,S2352826,0
8,319,S2228789,0
8,320,S2202563,0
8,321,S2246785,0
8,322,S2344461,0
8,323,S2143767,0
8,324,S2248986,0
8,325,S2407939,0
8,326,S2213276,0
8,327,S2521239,0
8,328,S2310080,0
8,329,S1940316,1
8,330,S2506961,0
8,331,S2340935,0
8,332,S2203734,0
8,333,S2429064,0
8,334,S2420602,0
8,335,S2200309,0
8,336,S2405217,0
8,337,S2206288,0
8,338,S2108730,0
8,339,S2210203,0
8,340,S2244727,0
8,341,S2332142,0
8,342,S2032124,0
8,343,S2411030,0
8,344,S2420603,0
8,345,S2216630,0
8,346,S2140145,0
8,347,S2409392,0
8,348,S2253528,0
8,349,S2240724,0
8,350,S2522994,0
8,351,S2315844,0
8,352,S2228788,0
8,353,S2308043,0
8,354,S2250151,0
8,355,S2410453,0
8,356,S2202568,0
8,357,S2130897,0
8,358,S2326332,0
8,359,S2212213,0
8,360,S2318026,0
8,361,S2319878,0
8,362,S2325143,0
8,363,S2028920,0
9,0,S2337812,0
9,1,S2408854,0
9,2,S2026719,1
9,3,S2207349,0
9,4,S2242501,0
9,5,S2403700,0
9,6,S2143767,0
9,7,S2211179,0
9,8,S2330986,0
9,9,S2339820,0
9,10,S2319878,0
9,11,S2215453,0
9,12,S2310080,0
9,13,S2407941,0
9,14,S2422844,0
9,15,S2205211,0
9,16,S2431864,0
9,17,S2241560,0
9,18,S2209234,0
9,19,S2410463,0
9,20,S2228788,0
9,21,S2400070,0
9,22,S2156022,0
9,23,S2327489,0
9,24,S2430053,0
9,25,S2130898,0
9,26,S2351751,0
9,27,S2222062,0
9,28,S2202564,0
9,29,S2149396,0
9,30,S2300361,0
9,31,S2234199,0
9,32,S2140145,0
9,33,S2253527,0
9,34,S2212213,0
9,35,S2253528,0
9,36,S2234198,0
9,37,S2141808,0
9,38,S2143765,0
9,39,S2323104,0
9,40,S2408484,0
9,41,S2318025,0
9,42,S2531989,0
9,43,S2300363,0
9,44,S2220918,0
9,45,S2412060,0
9,46,S2342016,0
9,47,S2401283,0
9,48,S2307080,0
9,49,S2314590,0
9,50,S2434918,0
9,51,S2142816,0
9,52,S2246786,0
9,53,S2530049,0
9,54,S2210200,0
9,55,S2405217,0
9,56,S2320991,0
9,57,S2250149,0
9,58,S2148220,0
9,59,S2304564,0
9,60,S2434134,0
9,61,S2232193,0
9,62,S2154957,0
9,63,S2524760,0
9,64,S2129802,0
9,65,S2300331,0
9,66,S2327690,0
9,67,S2312317,0
9,68,S2210203,0
9,69,S2231089,0
9,70,S2208404,0
9,71,S2202569,0
9,72,S2526362,0
9,73,S2411029,0
9,74,S2227621,0
9,75,S2315844,0
9,76,S2521239,0
9,77,S2232194,0
9,78,S2419850,0
9,79,S2409392,0
9,80,S2224007,0
9,81,S2311236,0
9,82,S2242499,0
9,83,S2434133,0
9,84,S2238299,0
9,85,S2308045,0
9,86,S2343312,0
9,87,S2142815,0
9,88,S2511007,0
9,89,S2422139,0
9,90,S1952033,1
9,91,S2247858,0
9,92,S2253525,0
9,93,S2213274,0
9,94,S1940316,1
9,95,S2144972,0
9,96,S2119964,0
9,97,S2334386,0
9,98,S2506961,0
9,99,S2229537,0
9,100,S2344462,0
9,101,S2149398,0
9,102,S2202567,0
9,103,S2344461,0
9,104,S2215451,0
9,105,S2234200,0
9,106,S2222064,0
9,107,S2150495,0
9,108,S2414954,0
9,109,S2326329,0
9,110,S2210207,0
9,111,S2233279,0
9,112,S2236494,0
9,113,S2212215,0
9,114,S2237603,0
9,115,S2329754,0
9,116,S2350730,1
9,117,S2308043,0
9,118,S2108730,0
9,119,S2239525,0
9,120,S2502092,0
9,121,S2402481,0
9,122,S2340935,0
9,123,S2418586,0
9,124,S2308039,0
9,125,S2339819,0
9,126,S2501301,0
9,127,S2521240,0
9,128,S2323112,0
9,129,S2214326,0
9,130,S2302644,0
9,131,S2329753,0
9,132,S2135431,0
9,133,S2102543,0
9,134,S2419119,0
9,135,S2224008,0
9,136,S2203735,0
9,137,S2206289,0
9,138,S2506967,0
9,139,S2216605,0
9,140,S2226375,0
9,141,S2154954,0
9,142,S2032124,0
9,143,S2220927,0
9,144,S2025604,0
9,145,S2227604,0
9,146,S2138905,0
9,147,S2306015,0
9,148,S2235318,0
9,149,S2114402,0
9,150,S2346179,0
9,151,S2306848,0
9,152,S2327486,0
9,153,S2028920,0
9,154,S2253529,0
9,155,S2535840,0
9,156,S2213275,0
9,157,S2135430,0
9,158,S2318954,0
9,159,S2315840,0
9,160,S2423616,0
9,161,S2330982,0
9,162,S2403702,0
9,163,S2315841,0
9,164,S2140144,0
9,165,S2150494,0
9,166,S2233278,0
9,167,S2205207,0
9,168,S2150490,0
9,169,S2515598,0
9,170,S2240720,0
9,171,S2434571,0
9,172,S2310079,0
9,173,S2111062,0
9,174,S2209232,0
9,175,S2327485,0
9,176,S2513848,0
9,177,S2412061,0
9,178,S2241564,0
9,179,S2312320,0
9,180,S2411030,0
9,181,S2314591,0
9,182,S2310075,0
9,183,S2235518,0
9,184,S2214324,0
9,185,S2436456,0
9,186,S2310074,0
9,187,S2433342,0
9,188,S2415690,0
9,189,S2343314,0
9,190,S2330980,0
9,191,S2239523,0
9,192,S2315839,0
9,193,S2143764,0
9,194,S2251251,0
9,195,S2241828,0
9,196,S2338781,0
9,197,S2325144,0
9,198,S2229536,0
9,199,S2144969,0
9,200,S2222063,0
9,201,S1940063,0
9,202,S2437880,0
9,203,S2240726,0
9,204,S2313436,0
9,205,S2242500,0
9,206,S2225224,0
9,207,S2330983,0
9,208,S2210209,1
9,209,S2227608,0
9,210,S2429677,0
9,211,S2244729,0
9,212,S2308044,0
9,213,S2530991,0
9,214,S2524777,0
9,215,S2332144,0
9,216,S2415692,0
9,217,S2246785,0
9,218,S2406264,0
9,219,S2511006,0
9,220,S2522994,0
9,221,S2410453,0
9,222,S2215449,0
9,223,S2336496,0
9,224,S2407939,0
9,225,S2028921,0
9,226,S2429676,0
9,227,S2202563,0
9,228,S2143766,0
9,229,S2338782,0
9,230,S2207352,0
9,231,S2208365,0
9,232,S2133157,0
9,233,S2333274,0
9,234,S2311238,0
9,235,S2240724,0
9,236,S2141805,0
9,237,S2349547,0
9,238,S2318026,0
9,239,S2332143,0
9,240,S2347457,0
9,241,S2333273,0
9,242,S2248986,0
9,243,S2419849,0
9,244,S2154963,0
9,245,S2141806,0
9,246,S2312318,0
9,247,S2304561,0
9,248,S2149394,0
9,249,S2408486,0
9,250,S2353995,0
9,251,S2323107,0
9,252,S2216629,0
9,253,S2410458,0
9,254,S2435852,0
9,255,S2228789,0
9,256,S2243826,0
9,257,S2527323,0
9,258,S2406753,0
9,259,S2213276,0
9,260,S2227605,0
9,261,S2216630,0
9,262,S2342914,0
9,263,S2203734,0
9,264,S2251247,0
9,265,S2219754,0
9,266,S2334385,0
9,267,S2235319,1
9,268,S2241565,0
9,269,S2345468,0
9,270,S2353996,0
9,271,S2023420,0
9,272,S2206288,0
9,273,S2311235,0
9,274,S2327689,0
9,275,S2315838,0
9,276,S2228787,0
9,277,S2342677,0
9,278,S2412714,0
9,279,S2503128,0
9,280,S2214325,0
9,281,S2133159,0
9,282,S2253524,0
9,283,S2254659,0
9,284,S2408480,0
9,285,S2508631,0
9,286,S2150492,0
9,287,S2250151,0
9,288,S2413769,0
9,289,S2226376,0
9,290,S2207350,0
9,291,S2237601,0
9,292,S2210199,0
9,293,S2402484,0
9,294,S2421434,0
9,295,S2236496,0
9,296,S2248983,0
9,297,S2323108,0
9,298,S2130897,0
9,299,S2338786,0
9,300,S2420603,0
9,301,S2229969,0
9,302,S2408482,0
9,303,S2026723,0
9,304,S2151614,0
9,305,S2217673,0
9,306,S2326332,0
9,307,S2412713,0
9,308,S2143769,0
9,309,S2028924,0
9,310,S2203739,0
9,311,S2135429,0
9,312,S2329756,0
9,313,S2254886,0
9,314,S2402482,0
9,315,S2404885,0
9,316,S2244727,0
9,317,S2210204,0
9,318,S2406754,0
9,319,S2202565,0
9,320,S2406755,0
9,321,S2210201,0
9,322,S2325143,0
9,323,S2015087,0
9,324,S2334384,0
9,325,S2427693,0
9,326,S2302643,0
9,327,S2206286,0
9,328,S2039743,0
9,329,S2154955,0
9,330,S2326330,0
9,331,S2429064,0
9,332,S2505508,0
9,333,S2511008,0
9,334,S2318956,1
9,335,S2047227,0
9,336,S2224010,0
9,337,S2129803,0
9,338,S2312323,0
9,339,S2334411,0
9,340,S2426614,0
9,341,S2219751,0
9,342,S2152682,0
9,343,S2425034,0
9,344,S2312322,0
9,345,S2414950,0
9,346,S2239522,0
9,347,S2231091,0
9,348,S2352826,0
9,349,S2508630,0
9,350,S2436457,0
9,351,S2332142,0
9,352,S2352825,0
9,353,S2154958,0
9,354,S2200309,0
9,355,S2214323,0
9,356,S2330988,0
9,357,S2222945,0
9,358,S2316900,0
9,359,S2348398,0
9,360,S2420602,0
9,361,S2409928,0
9,362,S2203737,0
9,363,S2202568,0
10,0,S2347457,0
10,1,S2315839,0
10,2,S2326332,0
10,3,S2142816,0
10,4,S2253529,0
10,5,S2225224,0
10,6,S2209234,0
10,7,S2242499,0
10,8,S2403700,0
10,9,S2300363,0
10,10,S2151614,0
10,11,S2130898,0
10,12,S2411030,0
10,13,S2141805,0
10,14,S2401283,0
10,15,S2154954,0
10,16,S2330980,0
10,17,S2210204,0
10,18,S2248986,0
10,19,S2338786,0
10,20,S2434571,0
10,21,S2304564,0
10,22,S2505508,0
10,23,S2308039,0
10,24,S2227605,0
10,25,S2513848,0
10,26,S2503128,0
10,27,S2346179,0
10,28,S2320991,0
10,29,S2306015,0
10,30,S2511008,0
10,31,S2235518,0
10,32,S2419119,0
10,33,S2422844,0
10,34,S2217673,0
10,35,S2334384,0
10,36,S2208365,0
10,37,S2244727,0
10,38,S2501301,0
10,39,S2329754,0
10,40,S2410463,0
10,41,S2156022,0
10,42,S2352826,0
10,43,S2219751,0
10,44,S2426614,0
10,45,S2506961,0
10,46,S2111062,0
10,47,S2415692,0
10,48,S2216605,0
10,49,S2342677,0
10,50,S2339819,0
10,51,S2422139,0
10,52,S2352825,0
10,53,S2215453,0
10,54,S2311236,0
10,55,S2311235,0
10,56,S2414950,0
10,57,S2326330,0
10,58,S2228789,0
10,59,S2327485,0
10,60,S2203739,0
10,61,S2524777,0
10,62,S2429064,0
10,63,S2336496,0
10,64,S2323107,0
10,65,S2143766,0
10,66,S2254886,0
10,67,S2404885,0
10,68,S2411029,0
10,69,S2329753,0
10,70,S2325143,0
10,71,S2237603,0
10,72,S2206286,0
10,73,S2239525,0
10,74,S2214324,0
10,75,S2214325,0
10,76,S2418586,0
10,77,S2318956,1
10,78,S2025604,0
10,79,S2241828,0
10,80,S2327689,0
10,81,S2431864,0
10,82,S2408482,0
10,83,S2312318,0
10,84,S2129802,0
10,85,S2240720,0
10,86,S2524760,0
10,87,S2240726,0
10,88,S2143764,0
10,89,S2047227,0
10,90,S2308044,0
10,91,S2233279,0
10,92,S2345468,0
10,93,S2028920,0
10,94,S2511006,0
10,95,S2026719,1
10,96,S2149396,0
10,97,S2333273,0
10,98,S2308043,0
10,99,S2253525,0
10,100,S2435852,0
10,101,S2406753,0
10,102,S2531989,0
10,103,S2310074,0
10,104,S2237601,0
10,105,S2150490,0
10,106,S2026723,0
10,107,S2215449,0
10,108,S2214326,0
10,109,S2353996,0
10,110,S2234199,0
10,111,S2202569,0
10,112,S2222063,0
10,113,S2312317,0
10,114,S2338782,0
10,115,S2323108,0
10,116,S2437880,0
10,117,S2535840,0
10,118,S2402482,0
10,119,S2410453,0
10,120,S2326329,0
10,121,S2028921,0
10,122,S2216630,0
10,123,S2522994,0
10,124,S2222945,0
10,125,S2407941,0
10,126,S2210199,0
10,127,S2251247,0
10,128,S2119964,0
10,129,S2310080,0
10,130,S2412714,0
10,131,S2429677,0
10,132,S1940063,0
10,133,S2408480,0
10,134,S2229537,0
10,135,S2141806,0
10,136,S2349547,0
10,137,S2351751,0
10,138,S2235319,1
10,139,S2412061,0
10,140,S2133159,0
10,141,S2205207,0
10,142,S2511007,0
10,143,S2210209,1
10,144,S2314590,0
10,145,S2406754,0
10,146,S2154957,0
10,147,S2302644,0
10,148,S2344462,0
10,149,S2415690,0
10,150,S2332144,0
10,151,S2334411,0
10,152,S2302643,0
10,153,S2232193,0
10,154,S2236496,0
10,155,S2530991,0
10,156,S2427693,0
10,157,S2135430,0
10,158,S2508630,0
10,159,S2015087,0
10,160,S2315840,0
10,161,S2423616,0
10,162,S2202568,0
10,163,S2203735,0
10,164,S2226375,0
10,165,S2421434,0
10,166,S2207349,0
10,167,S2216629,0
10,168,S2244729,0
10,169,S2436457,0
10,170,S2234198,0
10,171,S2228787,0
10,172,S2410458,0
10,173,S2212215,0
10,174,S2254659,0
10,175,S2228788,0
10,176,S2318025,0
10,177,S2312323,0
10,178,S2330988,0
10,179,S2515598,0
10,180,S2409928,0
10,181,S2150494,0
10,182,S2250149,0
10,183,S2200309,0
10,184,S2436456,0
10,185,S2242501,0
10,186,S2202564,0
10,187,S2236494,0
10,188,S2508631,0
10,189,S2251251,0
10,190,S2506967,0
10,191,S2253527,0
10,192,S2028924,0
10,193,S2527323,0
10,194,S2310075,0
10,195,S2323104,0
10,196,S2143769,0
10,197,S2231089,0
10,198,S2307080,0
10,199,S2149398,0
10,200,S2327690,0
10,201,S2143767,0
10,202,S2241560,0
10,203,S2235318,0
10,204,S2239523,0
10,205,S2202565,0
10,206,S2329756,0
10,207,S2138905,0
10,208,S2152682,0
10,209,S2333274,0
10,210,S2408854,0
10,211,S2315841,0
10,212,S2154958,0
10,213,S2144972,0
10,214,S2220927,0
10,215,S2238299,0
10,216,S2215451,0
10,217,S2154955,0
10,218,S2241564,0
10,219,S2148220,0
10,220,S2154963,0
10,221,S2521239,0
10,222,S2227608,0
10,223,S2130897,0
10,224,S2231091,0
10,225,S2135429,0
10,226,S2348398,0
10,227,S2300331,0
10,228,S2408484,0
10,229,S2342914,0
10,230,S2316900,0
10,231,S2413769,0
10,232,S2343312,0
10,233,S2330986,0
10,234,S2213275,0
10,235,S2248983,0
10,236,S2207350,0
10,237,S2220918,0
10,238,S2402484,0
10,239,S2425034,0
10,240,S2434918,0
10,241,S2406264,0
10,242,S2412060,0
10,243,S2315838,0
10,244,S2149394,0
10,245,S2247858,0
10,246,S2332143,0
10,247,S2332142,0
10,248,S2313436,0
10,249,S2039743,0
10,250,S2300361,0
10,251,S2229536,0
10,252,S2209232,0
10,253,S2224008,0
10,254,S2227621,0
10,255,S2150495,0
10,256,S2434134,0
10,257,S2429676,0
10,258,S2208404,0
10,259,S2419850,0
10,260,S2210201,0
10,261,S2239522,0
10,262,S2323112,0
10,263,S2140144,0
10,264,S2412713,0
10,265,S2210203,0
10,266,S2214323,0
10,267,S2240724,0
10,268,S2310079,0
10,269,S2312322,0
10,270,S2318026,0
10,271,S2339820,0
10,272,S2207352,0
10,273,S2213274,0
10,274,S2133157,0
10,275,S2420602,0
10,276,S2430053,0
10,277,S2414954,0
10,278,S2344461,0
10,279,S2226376,0
10,280,S2140145,0
10,281,S2102543,0
10,282,S2222062,0
10,283,S2212213,0
10,284,S2338781,0
10,285,S2219754,0
10,286,S2234200,0
10,287,S2408486,0
10,288,S1952033,1
10,289,S2337812,0
10,290,S2304561,0
10,291,S2206288,0
10,292,S2400070,0
10,293,S2311238,0
10,294,S2403702,0
10,295,S2242500,0
10,296,S2350730,1
10,297,S2202563,0
10,298,S2334386,0
10,299,S2213276,0
10,300,S2210200,0
10,301,S2306848,0
10,302,S2420603,0
10,303,S2312320,0
10,304,S2330983,0
10,305,S2419849,0
10,306,S2407939,0
10,307,S2233278,0
10,308,S2521240,0
10,309,S2530049,0
10,310,S2353995,0
10,311,S2142815,0
10,312,S2246786,0
10,313,S2308045,0
10,314,S2502092,0
10,315,S2141808,0
10,316,S2253528,0
10,317,S2229969,0
10,318,S2327489,0
10,319,S2314591,0
10,320,S2402481,0
10,321,S2144969,0
10,322,S2224007,0
10,323,S2319878,0
10,324,S2202567,0
10,325,S2143765,0
10,326,S2325144,0
10,327,S2343314,0
10,328,S2241565,0
10,329,S2315844,0
10,330,S2108730,0
10,331,S2526362,0
10,332,S2232194,0
10,333,S2327486,0
10,334,S2406755,0
10,335,S2150492,0
10,336,S2340935,0
10,337,S2243826,0
10,338,S2203737,0
10,339,S2210207,0
10,340,S2129803,0
10,341,S2434133,0
10,342,S2318954,0
10,343,S2433342,0
10,344,S2205211,0
10,345,S2330982,0
10,346,S2405217,0
10,347,S2211179,0
10,348,S2032124,0
10,349,S2023420,0
10,350,S2246785,0
10,351,S2135431,0
10,352,S2114402,0
10,353,S2250151,0
10,354,S2222064,0
10,355,S2206289,0
10,356,S2253524,0
10,357,S2334385,0
10,358,S2342016,0
10,359,S1940316,1
10,360,S2203734,0
10,361,S2409392,0
10,362,S2224010,0
10,363,S2227604,0
11,0,S2248986,0
11,1,S2343312,0
11,2,S2233279,0
11,3,S2502092,0
11,4,S2423616,0
11,5,S2342914,0
11,6,S2023420,0
11,7,S2015087,0
11,8,S2240720,0
11,9,S2406753,0
11,10,S2308045,0
11,11,S2419850,0
11,12,S2434134,0
11,13,S2332143,0
11,14,S2206288,0
11,15,S2141806,0
11,16,S2114402,0
11,17,S2419849,0
11,18,S2253525,0
11,19,S2410458,0
11,20,S2202564,0
11,21,S2229537,0
11,22,S2318025,0
11,23,S2418586,0
11,24,S2318956,1
11,25,S2320991,0
11,26,S2047227,0
11,27,S2333273,0
11,28,S2410463,0
11,29,S2251247,0
11,30,S2326329,0
11,31,S2215449,0
11,32,S2246785,0
11,33,S2429676,0
11,34,S2330986,0
11,35,S2222064,0
11,36,S1940316,1
11,37,S2403702,0
11,38,S2216629,0
11,39,S2530049,0
11,40,S2210203,0
11,41,S2202567,0
11,42,S2521239,0
11,43,S2404885,0
11,44,S2436457,0
11,45,S2241564,0
11,46,S2306015,0
11,47,S2210201,0
11,48,S2138905,0
11,49,S2338786,0
11,50,S2326330,0
11,51,S2210204,0
11,52,S2409392,0
11,53,S2333274,0
11,54,S2506961,0
11,55,S2148220,0
11,56,S2211179,0
11,57,S2133157,0
11,58,S2207350,0
11,59,S2242501,0
11,60,S2028921,0
11,61,S2144969,0
11,62,S2219754,0
11,63,S2248983,0
11,64,S2205211,0
11,65,S2323107,0
11,66,S2135430,0
11,67,S2400070,0
11,68,S2511006,0
11,69,S2213276,0
11,70,S2511008,0
11,71,S2102543,0
11,72,S2242500,0
11,73,S2251251,0
11,74,S2435852,0
11,75,S2410453,0
11,76,S2327689,0
11,77,S2254886,0
11,78,S2310079,0
11,79,S2236496,0
11,80,S2240726,0
11,81,S2254659,0
11,82,S2327485,0
11,83,S2503128,0
11,84,S2149396,0
11,85,S2429064,0
11,86,S2425034,0
11,87,S2405217,0
11,88,S2209232,0
11,89,S2154958,0
11,90,S2028924,0
11,91,S2313436,0
11,92,S2411030,0
11,93,S2156022,0
11,94,S2210199,0
11,95,S2235518,0
11,96,S2311238,0
11,97,S2026719,1
11,98,S2351751,0
11,99,S2149398,0
11,100,S2403700,0
11,101,S2253528,0
11,102,S2312322,0
11,103,S2214326,0
11,104,S2135431,0
11,105,S2408480,0
11,106,S2315841,0
11,107,S2227604,0
11,108,S2511007,0
11,109,S2434918,0
11,110,S2412713,0
11,111,S2415692,0
11,112,S2206286,0
11,113,S2304564,0
11,114,S2433342,0
11,115,S2307080,0
11,116,S2302643,0
11,117,S2318026,0
11,118,S2143765,0
11,119,S2212215,0
11,120,S2228787,0
11,121,S2154955,0
11,122,S2214325,0
11,123,S2241560,0
11,124,S2217673,0
11,125,S2406754,0
11,126,S2401283,0
11,127,S2429677,0
11,128,S2233278,0
11,129,S2515598,0
11,130,S2336496,0
11,131,S2420603,0
11,132,S2315838,0
11,133,S2210207,0
11,134,S2143766,0
11,135,S2239523,0
11,136,S2413769,0
11,137,S2411029,0
11,138,S2337812,0
11,139,S2133159,0
11,140,S2349547,0
11,141,S2353996,0
11,142,S2229969,0
11,143,S2326332,0
11,144,S2318954,0
11,145,S2308043,0
11,146,S2210209,1
11,147,S2140145,0
11,148,S2300331,0
11,149,S2436456,0
11,150,S2304561,0
11,151,S2234199,0
11,152,S2348398,0
11,153,S2430053,0
11,154,S2308044,0
11,155,S2225224,0
11,156,S2129803,0
11,157,S2329756,0
11,158,S2025604,0
11,159,S2231091,0
11,160,S2312320,0
11,161,S2232194,0
11,162,S2314591,0
11,163,S2247858,0
11,164,S2339820,0
11,165,S2330982,0
11,166,S2332142,0
11,167,S2315844,0
11,168,S2227621,0
11,169,S2141805,0
11,170,S2402484,0
11,171,S2203735,0
11,172,S2143764,0
11,173,S2200309,0
11,174,S2302644,0
11,175,S2407939,0
11,176,S2213274,0
11,177,S2431864,0
11,178,S2412061,0
11,179,S2344462,0
11,180,S2407941,0
11,181,S2130898,0
11,182,S2408854,0
11,183,S2314590,0
11,184,S2531989,0
11,185,S2222062,0
11,186,S2215451,0
11,187,S2154963,0
11,188,S2208365,0
11,189,S2347457,0
11,190,S2130897,0
11,191,S2239522,0
11,192,S2300363,0
11,193,S2250151,0
11,194,S2316900,0
11,195,S2310075,0
11,196,S2327489,0
11,197,S2111062,0
11,198,S2312323,0
11,199,S2330988,0
11,200,S2253527,0
11,201,S2214324,0
11,202,S2150495,0
11,203,S2342677,0
11,204,S2345468,0
11,205,S2340935,0
11,206,S2129802,0
11,207,S2232193,0
11,208,S2306848,0
11,209,S2334386,0
11,210,S2338782,0
11,211,S2224010,0
11,212,S2242499,0
11,213,S2213275,0
11,214,S1952033,1
11,215,S2150490,0
11,216,S2219751,0
11,217,S2231089,0
11,218,S2506967,0
11,219,S2220918,0
11,220,S2222945,0
11,221,S2142816,0
11,222,S2310080,0
11,223,S2241828,0
11,224,S2524777,0
11,225,S2203739,0
11,226,S2229536,0
11,227,S2346179,0
11,228,S2039743,0
11,229,S2032124,0
11,230,S2235319,1
11,231,S2408486,0
11,232,S2422139,0
11,233,S2352826,0
11,234,S2202568,0
11,235,S2228788,0
11,236,S2220927,0
11,237,S2513848,0
11,238,S2143767,0
11,239,S2253524,0
11,240,S2154957,0
11,241,S2209234,0
11,242,S2334384,0
11,243,S2238299,0
11,244,S2244729,0
11,245,S2215453,0
11,246,S2224008,0
11,247,S2239525,0
11,248,S2216605,0
11,249,S2501301,0
11,250,S2208404,0
11,251,S2222063,0
11,252,S2300361,0
11,253,S2319878,0
11,254,S2240724,0
11,255,S2226376,0
11,256,S2421434,0
11,257,S2330983,0
11,258,S2412060,0
11,259,S2244727,0
11,260,S2408482,0
11,261,S2332144,0
11,262,S2414954,0
11,263,S2207352,0
11,264,S2243826,0
11,265,S2312318,0
11,266,S2228789,0
11,267,S2227608,0
11,268,S2420602,0
11,269,S2216630,0
11,270,S2140144,0
11,271,S2310074,0
11,272,S2419119,0
11,273,S2119964,0
11,274,S2207349,0
11,275,S2250149,0
11,276,S2308039,0
11,277,S2334385,0
11,278,S2329753,0
11,279,S2327486,0
11,280,S2342016,0
11,281,S2026723,0
11,282,S2150492,0
11,283,S2524760,0
11,284,S2508630,0
11,285,S2422844,0
11,286,S2315839,0
11,287,S2205207,0
11,288,S2234200,0
11,289,S2325144,0
11,290,S2227605,0
11,291,S2334411,0
11,292,S2246786,0
11,293,S2530991,0
11,294,S2409928,0
11,295,S2406755,0
11,296,S2535840,0
11,297,S2508631,0
11,298,S2527323,0
11,299,S2434571,0
11,300,S2203737,0
11,301,S2150494,0
11,302,S2226375,0
11,303,S2234198,0
11,304,S2402481,0
11,305,S2108730,0
11,306,S2142815,0
11,307,S2235318,0
11,308,S2344461,0
11,309,S2412714,0
11,310,S2323108,0
11,311,S2406264,0
11,312,S2210200,0
11,313,S2143769,0
11,314,S2437880,0
11,315,S2028920,0
11,316,S2311235,0
11,317,S2353995,0
11,318,S2315840,0
11,319,S2343314,0
11,320,S2311236,0
11,321,S2350730,1
11,322,S2427693,0
11,323,S2206289,0
11,324,S2141808,0
11,325,S2434133,0
11,326,S2339819,0
11,327,S2330980,0
11,328,S2352825,0
11,329,S2522994,0
11,330,S2151614,0
11,331,S2212213,0
11,332,S2144972,0
11,333,S2203734,0
11,334,S2327690,0
11,335,S2253529,0
11,336,S2526362,0
11,337,S2135429,0
11,338,S2426614,0
11,339,S2237603,0
11,340,S2402482,0
11,341,S2202569,0
11,342,S2414950,0
11,343,S2154954,0
11,344,S2325143,0
11,345,S2521240,0
11,346,S2202563,0
11,347,S2312317,0
11,348,S2237601,0
11,349,S2329754,0
11,350,S1940063,0
11,351,S2323112,0
11,352,S2202565,0
11,353,S2323104,0
11,354,S2214323,0
11,355,S2408484,0
11,356,S2415690,0
11,357,S2152682,0
11,358,S2505508,0
11,359,S2149394,0
11,360,S2236494,0
11,361,S2338781,0
11,362,S2224007,0
11,363,S2241565,0
12,0,S2344461,0
12,1,S2330983,0
12,2,S2234198,0
12,3,S2338782,0
12,4,S2332143,0
12,5,S2408482,0
12,6,S2228787,0
12,7,S2308039,0
12,8,S2227608,0
12,9,S2111062,0
12,10,S2323112,0
12,11,S2114402,0
12,12,S2202564,0
12,13,S2227621,0
12,14,S2315838,0
12,15,S2215451,0
12,16,S2419119,0
12,17,S2339819,0
12,18,S2330980,0
12,19,S2226375,0
12,20,S2338786,0
12,21,S2530991,0
12,22,S2152682,0
12,23,S2409928,0
12,24,S2015087,0
12,25,S2227605,0
12,26,S2232193,0
12,27,S2400070,0
12,28,S2327486,0
12,29,S2339820,0
12,30,S2141808,0
12,31,S2210204,0
12,32,S2329753,0
12,33,S2216630,0
12,34,S2323104,0
12,35,S2312320,0
12,36,S2535840,0
12,37,S2210201,0
12,38,S2228789,0
12,39,S2403702,0
12,40,S2413769,0
12,41,S2214325,0
12,42,S2140144,0
12,43,S2430053,0
12,44,S2135430,0
12,45,S2241828,0
12,46,S2521239,0
12,47,S2410453,0
12,48,S2429677,0
12,49,S2318026,0
12,50,S2215449,0
12,51,S2408484,0
12,52,S2508631,0
12,53,S2325144,0
12,54,S2409392,0
12,55,S2234200,0
12,56,S2207349,0
12,57,S2330982,0
12,58,S2334411,0
12,59,S2150490,0
12,60,S2236496,0
12,61,S2154955,0
12,62,S2506961,0
12,63,S2235518,0
12,64,S2247858,0
12,65,S2210200,0
12,66,S2315839,0
12,67,S2415692,0
12,68,S2351751,0
12,69,S2129803,0
12,70,S2225224,0
12,71,S2431864,0
12,72,S2414950,0
12,73,S2407939,0
12,74,S2345468,0
12,75,S2306848,0
12,76,S2231091,0
12,77,S2144969,0
12,78,S2224008,0
12,79,S2304564,0
12,80,S2405217,0
12,81,S2300363,0
12,82,S2511007,0
12,83,S2250151,0
12,84,S2410458,0
12,85,S2343312,0
12,86,S2407941,0
12,87,S2253527,0
12,88,S2229969,0
12,89,S2327489,0
12,90,S2238299,0
12,91,S2253528,0
12,92,S2205207,0
12,93,S2340935,0
12,94,S2333274,0
12,95,S2511006,0
12,96,S2408854,0
12,97,S2402481,0
12,98,S2308045,0
12,99,S2330988,0
12,100,S2028924,0
12,101,S2411029,0
12,102,S2142815,0
12,103,S2320991,0
12,104,S2207352,0
12,105,S2326330,0
12,106,S2325143,0
12,107,S2522994,0
12,108,S2214324,0
12,109,S2506967,0
12,110,S2334384,0
12,111,S2422139,0
12,112,S2219751,0
12,113,S2237603,0
12,114,S2315841,0
12,115,S2310075,0
12,116,S2338781,0
12,117,S2203737,0
12,118,S2148220,0
12,119,S2408486,0
12,120,S2316900,0
12,121,S2216605,0
12,122,S2143766,0
12,123,S2141805,0
12,124,S2505508,0
12,125,S2348398,0
12,126,S2521240,0
12,127,S2154957,0
12,128,S2219754,0
12,129,S2315844,0
12,130,S2224010,0
12,131,S2327689,0
12,132,S2130897,0
12,133,S2304561,0
12,134,S2337812,0
12,135,S2244727,0
12,136,S2312322,0
12,137,S2208404,0
12,138,S2047227,0
12,139,S2401283,0
12,140,S2241564,0
12,141,S2220927,0
12,142,S2406754,0
12,143,S2239523,0
12,144,S2319878,0
12,145,S2307080,0
12,146,S2327690,0
12,147,S2411030,0
12,148,S2329754,0
12,149,S2312317,0
12,150,S2222064,0
12,151,S2302643,0
12,152,S2312323,0
12,153,S2209234,0
12,154,S2212215,0
12,155,S2334385,0
12,156,S2206289,0
12,157,S2213274,0
12,158,S2406753,0
12,159,S2310074,0
12,160,S2408480,0
12,161,S2202569,0
12,162,S2350730,1
12,163,S2229536,0
12,164,S2434133,0
12,165,S2143767,0
12,166,S2352825,0
12,167,S2202563,0
12,168,S2434918,0
12,169,S2227604,0
12,170,S2130898,0
12,171,S2346179,0
12,172,S2314590,0
12,173,S2436457,0
12,174,S2326329,0
12,175,S2302644,0
12,176,S2406755,0
12,177,S2141806,0
12,178,S2248986,0
12,179,S2314591,0
12,180,S2229537,0
12,181,S2213275,0
12,182,S2501301,0
12,183,S2205211,0
12,184,S2300331,0
12,185,S2253529,0
12,186,S2323108,0
12,187,S2343314,0
12,188,S2203734,0
12,189,S2349547,0
12,190,S2524777,0
12,191,S2133157,0
12,192,S2352826,0
12,193,S2144972,0
12,194,S2524760,0
12,195,S2210199,0
12,196,S2202565,0
12,197,S2215453,0
12,198,S2241565,0
12,199,S2410463,0
12,200,S2239525,0
12,201,S2240726,0
12,202,S2026723,0
12,203,S2226376,0
12,204,S2253524,0
12,205,S2403700,0
12,206,S1940316,1
12,207,S2244729,0
12,208,S2323107,0
12,209,S2154963,0
12,210,S2150495,0
12,211,S2429064,0
12,212,S2248983,0
12,213,S2342914,0
12,214,S2216629,0
12,215,S2140145,0
12,216,S2246785,0
12,217,S2119964,0
12,218,S2420602,0
12,219,S2329756,0
12,220,S2202568,0
12,221,S2310080,0
12,222,S2246786,0
12,223,S2151614,0
12,224,S2028920,0
12,225,S2423616,0
12,226,S2420603,0
12,227,S2429676,0
12,228,S2143765,0
12,229,S2214323,0
12,230,S2211179,0
12,231,S2318025,0
12,232,S2138905,0
12,233,S2214326,0
12,234,S2150492,0
12,235,S2508630,0
12,236,S2342016,0
12,237,S2310079,0
12,238,S1940063,0
12,239,S2332144,0
12,240,S2326332,0
12,241,S2254659,0
12,242,S2311235,0
12,243,S2250149,0
12,244,S2333273,0
12,245,S2425034,0
12,246,S2315840,0
12,247,S2210207,0
12,248,S2435852,0
12,249,S2025604,0
12,250,S2233279,0
12,251,S2318956,1
12,252,S2332142,0
12,253,S2318954,0
12,254,S2236494,0
12,255,S2154958,0
12,256,S2353995,0
12,257,S2330986,0
12,258,S2243826,0
12,259,S2437880,0
12,260,S2135429,0
12,261,S2242501,0
12,262,S2207350,0
12,263,S2402484,0
12,264,S2421434,0
12,265,S2312318,0
12,266,S2154954,0
12,267,S2233278,0
12,268,S2502092,0
12,269,S2143769,0
12,270,S2530049,0
12,271,S2414954,0
12,272,S2436456,0
12,273,S1952033,1
12,274,S2222062,0
12,275,S2513848,0
12,276,S2240720,0
12,277,S2254886,0
12,278,S2108730,0
12,279,S2210203,0
12,280,S2150494,0
12,281,S2427693,0
12,282,S2133159,0
12,283,S2149396,0
12,284,S2240724,0
12,285,S2531989,0
12,286,S2511008,0
12,287,S2253525,0
12,288,S2208365,0
12,289,S2251251,0
12,290,S2228788,0
12,291,S2300361,0
12,292,S2404885,0
12,293,S2206288,0
12,294,S2311236,0
12,295,S2241560,0
12,296,S2102543,0
12,297,S2235319,1
12,298,S2232194,0
12,299,S2231089,0
12,300,S2327485,0
12,301,S2419849,0
12,302,S2434134,0
12,303,S2419850,0
12,304,S2353996,0
12,305,S2527323,0
12,306,S2239522,0
12,307,S2202567,0
12,308,S2026719,1
12,309,S2426614,0
12,310,S2308043,0
12,311,S2142816,0
12,312,S2251247,0
12,313,S2306015,0
12,314,S2235318,0
12,315,S2222063,0
12,316,S2344462,0
12,317,S2203735,0
12,318,S2203739,0
12,319,S2412714,0
12,320,S2503128,0
12,321,S2336496,0
12,322,S2220918,0
12,323,S2402482,0
12,324,S2415690,0
12,325,S2234199,0
12,326,S2217673,0
12,327,S2028921,0
12,328,S2434571,0
12,329,S2242499,0
12,330,S2308044,0
12,331,S2149398,0
12,332,S2242500,0
12,333,S2222945,0
12,334,S2342677,0
12,335,S2224007,0
12,336,S2200309,0
12,337,S2334386,0
12,338,S2412713,0
12,339,S2313436,0
12,340,S2032124,0
12,341,S2526362,0
12,342,S2209232,0
12,343,S2412061,0
12,344,S2418586,0
12,345,S2212213,0
12,346,S2433342,0
12,347,S2129802,0
12,348,S2206286,0
12,349,S2143764,0
12,350,S2412060,0
12,351,S2156022,0
12,352,S2311238,0
12,353,S2347457,0
12,354,S2406264,0
12,355,S2023420,0
12,356,S2210209,1
12,357,S2149394,0
12,358,S2422844,0
12,359,S2237601,0
12,360,S2213276,0
12,361,S2135431,0
12,362,S2039743,0
12,363,S2515598,0
13,0,S2250149,0
13,1,S2312320,0
13,2,S2430053,0
13,3,S2154954,0
13,4,S2312317,0
13,5,S2135429,0
13,6,S2241828,0
13,7,S2408484,0
13,8,S2419119,0
13,9,S2318956,1
13,10,S2028921,0
13,11,S2102543,0
13,12,S2415690,0
13,13,S2302643,0
13,14,S2141808,0
13,15,S2524760,0
13,16,S2207350,0
13,17,S2353995,0
13,18,S2521240,0
13,19,S2404885,0
13,20,S2402481,0
13,21,S2419850,0
13,22,S2530049,0
13,23,S2411030,0
13,24,S2511008,0
13,25,S2408486,0
13,26,S2318026,0
13,27,S2401283,0
13,28,S2251251,0
13,29,S2436457,0
13,30,S2323112,0
13,31,S2326332,0
13,32,S2227608,0
13,33,S2407941,0
13,34,S2224007,0
13,35,S2226375,0
13,36,S2246785,0
13,37,S2213274,0
13,38,S2400070,0
13,39,S2219751,0
13,40,S2224010,0
13,41,S2406264,0
13,42,S2206286,0
13,43,S2343312,0
13,44,S2339819,0
13,45,S2227621,0
13,46,S2208365,0
13,47,S2412714,0
13,48,S2210200,0
13,49,S2240726,0
13,50,S2144969,0
13,51,S2330986,0
13,52,S2229536,0
13,53,S2207352,0
13,54,S2253525,0
13,55,S2314590,0
13,56,S2325144,0
13,57,S2508631,0
13,58,S2419849,0
13,59,S2434134,0
13,60,S2210199,0
13,61,S2015087,0
13,62,S2421434,0
13,63,S2420602,0
13,64,S2420603,0
13,65,S2327689,0
13,66,S2410463,0
13,67,S2300331,0
13,68,S2220918,0
13,69,S2333274,0
13,70,S2434918,0
13,71,S2327489,0
13,72,S2402482,0
13,73,S2251247,0
13,74,S2234200,0
13,75,S2323104,0
13,76,S2343314,0
13,77,S2200309,0
13,78,S2302644,0
13,79,S2531989,0
13,80,S2238299,0
13,81,S2406755,0
13,82,S2143766,0
13,83,S2300363,0
13,84,S2130898,0
13,85,S2351751,0
13,86,S2243826,0
13,87,S2233278,0
13,88,S2150490,0
13,89,S2437880,0
13,90,S2338786,0
13,91,S2342914,0
13,92,S2323108,0
13,93,S2242499,0
13,94,S2202568,0
13,95,S2228789,0
13,96,S2244729,0
13,97,S2411029,0
13,98,S2304564,0
13,99,S2149394,0
13,100,S2422139,0
13,101,S2210209,1
13,102,S2508630,0
13,103,S2350730,1
13,104,S2325143,0
13,105,S2338781,0
13,106,S2144972,0
13,107,S2140145,0
13,108,S2330982,0
13,109,S2409392,0
13,110,S2253529,0
13,111,S2348398,0
13,112,S2244727,0
13,113,S2232194,0
13,114,S2229969,0
13,115,S2412713,0
13,116,S2138905,0
13,117,S2427693,0
13,118,S2503128,0
13,119,S2434133,0
13,120,S2342016,0
13,121,S2142815,0
13,122,S2154958,0
13,123,S2202563,0
13,124,S2405217,0
13,125,S2310074,0
13,126,S2211179,0
13,127,S2522994,0
13,128,S2225224,0
13,129,S2339820,0
13,130,S2206289,0
13,131,S2235319,1
13,132,S2304561,0
13,133,S2402484,0
13,134,S2235518,0
13,135,S2308044,0
13,136,S2511006,0
13,137,S2129803,0
13,138,S2408482,0
13,139,S2241560,0
13,140,S2213275,0
13,141,S2308039,0
13,142,S2239523,0
13,143,S2215451,0
13,144,S2023420,0
13,145,S2330983,0
13,146,S2224008,0
13,147,S2202569,0
13,148,S2143767,0
13,149,S2316900,0
13,150,S2353996,0
13,151,S2347457,0
13,152,S2315844,0
13,153,S2407939,0
13,154,S1940063,0
13,155,S2314591,0
13,156,S2329754,0
13,157,S2203739,0
13,158,S2215453,0
13,159,S2217673,0
13,160,S2240724,0
13,161,S2222945,0
13,162,S2340935,0
13,163,S2119964,0
13,164,S2247858,0
13,165,S2311236,0
13,166,S2408480,0
13,167,S2108730,0
13,168,S2214324,0
13,169,S2150492,0
13,170,S2133159,0
13,171,S2422844,0
13,172,S2406754,0
13,173,S2338782,0
13,174,S2227605,0
13,175,S2527323,0
13,176,S2242501,0
13,177,S2231089,0
13,178,S2025604,0
13,179,S2315840,0
13,180,S2415692,0
13,181,S2308045,0
13,182,S2203737,0
13,183,S2129802,0
13,184,S2203735,0
13,185,S2425034,0
13,186,S2332142,0
13,187,S2326330,0
13,188,S2133157,0
13,189,S2236494,0
13,190,S2329753,0
13,191,S2308043,0
13,192,S2235318,0
13,193,S2032124,0
13,194,S2334385,0
13,195,S2334384,0
13,196,S2423616,0
13,197,S2253528,0
13,198,S2501301,0
13,199,S2250151,0
13,200,S2329756,0
13,201,S2209234,0
13,202,S2210203,0
13,203,S2208404,0
13,204,S2142816,0
13,205,S2140144,0
13,206,S2344461,0
13,207,S2513848,0
13,208,S2310079,0
13,209,S2135431,0
13,210,S2436456,0
13,211,S2521239,0
13,212,S2326329,0
13,213,S2429064,0
13,214,S2205211,0
13,215,S2239525,0
13,216,S2332143,0
13,217,S2135430,0
13,218,S2311235,0
13,219,S2222062,0
13,220,S2414950,0
13,221,S2114402,0
13,222,S2156022,0
13,223,S2254886,0
13,224,S2222063,0
13,225,S2253527,0
13,226,S2154955,0
13,227,S2143765,0
13,228,S2212215,0
13,229,S2310080,0
13,230,S2203734,0
13,231,S2433342,0
13,232,S2047227,0
13,233,S2344462,0
13,234,S2028920,0
13,235,S2310075,0
13,236,S2220927,0
13,237,S2312323,0
13,238,S2233279,0
13,239,S2426614,0
13,240,S2429676,0
13,241,S2408854,0
13,242,S2216629,0
13,243,S2214326,0
13,244,S2213276,0
13,245,S2318025,0
13,246,S1952033,1
13,247,S2311238,0
13,248,S2337812,0
13,249,S2312318,0
13,250,S2228788,0
13,251,S2149398,0
13,252,S2307080,0
13,253,S2039743,0
13,254,S2320991,0
13,255,S2234198,0
13,256,S2352826,0
13,257,S2526362,0
13,258,S2202564,0
13,259,S2150495,0
13,260,S2210204,0
13,261,S2205207,0
13,262,S2143769,0
13,263,S2202565,0
13,264,S2429677,0
13,265,S2028924,0
13,266,S2506967,0
13,267,S2306015,0
13,268,S2154963,0
13,269,S2226376,0
13,270,S2222064,0
13,271,S2253524,0
13,272,S2431864,0
13,273,S2241564,0
13,274,S2241565,0
13,275,S2240720,0
13,276,S2330988,0
13,277,S2330980,0
13,278,S2227604,0
13,279,S2346179,0
13,280,S2403700,0
13,281,S2511007,0
13,282,S2149396,0
13,283,S2418586,0
13,284,S2435852,0
13,285,S2318954,0
13,286,S2413769,0
13,287,S2215449,0
13,288,S2342677,0
13,289,S2414954,0
13,290,S2234199,0
13,291,S2530991,0
13,292,S2333273,0
13,293,S2412061,0
13,294,S2111062,0
13,295,S2248986,0
13,296,S2026723,0
13,297,S2524777,0
13,298,S2214325,0
13,299,S2248983,0
13,300,S2323107,0
13,301,S2216605,0
13,302,S2237603,0
13,303,S2026719,1
13,304,S2403702,0
13,305,S2216630,0
13,306,S2152682,0
13,307,S2202567,0
13,308,S2349547,0
13,309,S2154957,0
13,310,S2229537,0
13,311,S2315839,0
13,312,S2406753,0
13,313,S2515598,0
13,314,S2206288,0
13,315,S2334411,0
13,316,S2239522,0
13,317,S2313436,0
13,318,S2130897,0
13,319,S2409928,0
13,320,S2209232,0
13,321,S2237601,0
13,322,S2246786,0
13,323,S2300361,0
13,324,S2306848,0
13,325,S2141805,0
13,326,S2207349,0
13,327,S2434571,0
13,328,S2232193,0
13,329,S2148220,0
13,330,S2352825,0
13,331,S2212213,0
13,332,S2334386,0
13,333,S2412060,0
13,334,S2315838,0
13,335,S2143764,0
13,336,S2327690,0
13,337,S2228787,0
13,338,S2141806,0
13,339,S2319878,0
13,340,S2410458,0
13,341,S2502092,0
13,342,S2254659,0
13,343,S2210207,0
13,344,S2150494,0
13,345,S2236496,0
13,346,S2327486,0
13,347,S2214323,0
13,348,S2535840,0
13,349,S1940316,1
13,350,S2312322,0
13,351,S2210201,0
13,352,S2315841,0
13,353,S2151614,0
13,354,S2506961,0
13,355,S2410453,0
13,356,S2327485,0
13,357,S2336496,0
13,358,S2505508,0
13,359,S2219754,0
13,360,S2332144,0
13,361,S2231091,0
13,362,S2242500,0
13,363,S2345468,0
14,0,S2228787,0
14,1,S2143765,0
14,2,S2202565,0
14,3,S2511007,0
14,4,S2343314,0
14,5,S2135431,0
14,6,S2511008,0
14,7,S2332144,0
14,8,S2342016,0
14,9,S2149394,0
14,10,S2250149,0
14,11,S2318954,0
14,12,S2535840,0
14,13,S2150495,0
14,14,S2202563,0
14,15,S2409928,0
14,16,S2253525,0
14,17,S2219754,0
14,18,S2419119,0
14,19,S2229969,0
14,20,S2232193,0
14,21,S2254659,0
14,22,S2422844,0
14,23,S2404885,0
14,24,S2133159,0
14,25,S2214324,0
14,26,S2316900,0
14,27,S2320991,0
14,28,S2339819,0
14,29,S2239523,0
14,30,S2327486,0
14,31,S2329754,0
14,32,S2427693,0
14,33,S2304561,0
14,34,S2505508,0
14,35,S2411030,0
14,36,S2209234,0
14,37,S2323104,0
14,38,S2203739,0
14,39,S2202564,0
14,40,S2253529,0
14,41,S2216630,0
14,42,S2133157,0
14,43,S2150494,0
14,44,S2530049,0
14,45,S2222945,0
14,46,S2210203,0
14,47,S2434134,0
14,48,S2108730,0
14,49,S2327485,0
14,50,S2210207,0
14,51,S2342914,0
14,52,S2407941,0
14,53,S2325143,0
14,54,S2210204,0
14,55,S2420603,0
14,56,S2315844,0
14,57,S2315839,0
14,58,S2039743,0
14,59,S2410453,0
14,60,S2236496,0
14,61,S2319878,0
14,62,S2312317,0
14,63,S2241560,0
14,64,S2403702,0
14,65,S2144969,0
14,66,S2521240,0
14,67,S2342677,0
14,68,S2412061,0
14,69,S2408486,0
14,70,S2333274,0
14,71,S2402481,0
14,72,S2216629,0
14,73,S2310075,0
14,74,S2213274,0
14,75,S2026719,1
14,76,S2308039,0
14,77,S2413769,0
14,78,S2210200,0
14,79,S2209232,0
14,80,S2436456,0
14,81,S2200309,0
14,82,S2253527,0
14,83,S2210209,1
14,84,S2313436,0
14,85,S2224010,0
14,86,S2207350,0
14,87,S2219751,0
14,88,S2135430,0
14,89,S2315838,0
14,90,S2214325,0
14,91,S2421434,0
14,92,S2308043,0
14,93,S2501301,0
14,94,S2343312,0
14,95,S2135429,0
14,96,S2023420,0
14,97,S2015087,0
14,98,S2353996,0
14,99,S2408482,0
14,100,S2234199,0
14,101,S2311238,0
14,102,S2114402,0
14,103,S2419849,0
14,104,S2235518,0
14,105,S2244727,0
14,106,S2207349,0
14,107,S2522994,0
14,108,S2214326,0
14,109,S2149398,0
14,110,S2352826,0
14,111,S2429677,0
14,112,S2144972,0
14,113,S2349547,0
14,114,S2310074,0
14,115,S2300361,0
14,116,S2412060,0
14,117,S2332142,0
14,118,S2202569,0
14,119,S2406264,0
14,120,S2308044,0
14,121,S2028921,0
14,122,S2334385,0
14,123,S2327690,0
14,124,S2429676,0
14,125,S1940063,0
14,126,S2410458,0
14,127,S2323107,0
14,128,S2334386,0
14,129,S2205207,0
14,130,S2205211,0
14,131,S2531989,0
14,132,S2207352,0
14,133,S2318025,0
14,134,S2330988,0
14,135,S2312323,0
14,136,S2119964,0
14,137,S2210199,0
14,138,S2150490,0
14,139,S2203737,0
14,140,S2521239,0
14,141,S2336496,0
14,142,S1952033,1
14,143,S2206289,0
14,144,S2311236,0
14,145,S2306015,0
14,146,S2431864,0
14,147,S2333273,0
14,148,S2208404,0
14,149,S2329756,0
14,150,S2250151,0
14,151,S2226375,0
14,152,S2228789,0
14,153,S2229536,0
14,154,S2312318,0
14,155,S2402482,0
14,156,S2406753,0
14,157,S2337812,0
14,158,S2435852,0
14,159,S2407939,0
14,160,S2222062,0
14,161,S2415692,0
14,162,S2248983,0
14,163,S2222064,0
14,164,S2248986,0
14,165,S2302643,0
14,166,S2215451,0
14,167,S2338786,0
14,168,S2234200,0
14,169,S1940316,1
14,170,S2302644,0
14,171,S2206286,0
14,172,S2154958,0
14,173,S2233278,0
14,174,S2300331,0
14,175,S2412713,0
14,176,S2156022,0
14,177,S2330983,0
14,178,S2524760,0
14,179,S2422139,0
14,180,S2231089,0
14,181,S2150492,0
14,182,S2028924,0
14,183,S2315841,0
14,184,S2234198,0
14,185,S2141806,0
14,186,S2530991,0
14,187,S2251251,0
14,188,S2406754,0
14,189,S2247858,0
14,190,S2227605,0
14,191,S2129803,0
14,192,S2326332,0
14,193,S2216605,0
14,194,S2332143,0
14,195,S2414950,0
14,196,S2026723,0
14,197,S2502092,0
14,198,S2224008,0
14,199,S2239522,0
14,200,S2152682,0
14,201,S2253528,0
14,202,S2506961,0
14,203,S2232194,0
14,204,S2141808,0
14,205,S2400070,0
14,206,S2327689,0
14,207,S2213275,0
14,208,S2347457,0
14,209,S2241828,0
14,210,S2028920,0
14,211,S2402484,0
14,212,S2212215,0
14,213,S2411029,0
14,214,S2330980,0
14,215,S2524777,0
14,216,S2323112,0
14,217,S2334411,0
14,218,S2212213,0
14,219,S2401283,0
14,220,S2154957,0
14,221,S2311235,0
14,222,S2222063,0
14,223,S2246785,0
14,224,S2220918,0
14,225,S2238299,0
14,226,S2338781,0
14,227,S2240726,0
14,228,S2154963,0
14,229,S2227604,0
14,230,S2151614,0
14,231,S2242501,0
14,232,S2241565,0
14,233,S2143764,0
14,234,S2141805,0
14,235,S2330982,0
14,236,S2143767,0
14,237,S2310079,0
14,238,S2304564,0
14,239,S2350730,1
14,240,S2226376,0
14,241,S2148220,0
14,242,S2513848,0
14,243,S2231091,0
14,244,S2235318,0
14,245,S2420602,0
14,246,S2243826,0
14,247,S2032124,0
14,248,S2215449,0
14,249,S2318026,0
14,250,S2339820,0
14,251,S2235319,1
14,252,S2329753,0
14,253,S2142816,0
14,254,S2233279,0
14,255,S2047227,0
14,256,S2140145,0
14,257,S2345468,0
14,258,S2330986,0
14,259,S2314590,0
14,260,S2340935,0
14,261,S2143769,0
14,262,S2237601,0
14,263,S2140144,0
14,264,S2409392,0
14,265,S2405217,0
14,266,S2130898,0
14,267,S2202567,0
14,268,S2154954,0
14,269,S2211179,0
14,270,S2506967,0
14,271,S2310080,0
14,272,S2129802,0
14,273,S2308045,0
14,274,S2412714,0
14,275,S2352825,0
14,276,S2214323,0
14,277,S2312322,0
14,278,S2215453,0
14,279,S2228788,0
14,280,S2423616,0
14,281,S2242500,0
14,282,S2130897,0
14,283,S2414954,0
14,284,S2434133,0
14,285,S2208365,0
14,286,S2202568,0
14,287,S2353995,0
14,288,S2236494,0
14,289,S2351751,0
14,290,S2344461,0
14,291,S2403700,0
14,292,S2323108,0
14,293,S2326330,0
14,294,S2318956,1
14,295,S2437880,0
14,296,S2419850,0
14,297,S2217673,0
14,298,S2229537,0
14,299,S2312320,0
14,300,S2253524,0
14,301,S2300363,0
14,302,S2220927,0
14,303,S2334384,0
14,304,S2436457,0
14,305,S2346179,0
14,306,S2241564,0
14,307,S2314591,0
14,308,S2410463,0
14,309,S2142815,0
14,310,S2025604,0
14,311,S2429064,0
14,312,S2227608,0
14,313,S2527323,0
14,314,S2203735,0
14,315,S2526362,0
14,316,S2508631,0
14,317,S2406755,0
14,318,S2515598,0
14,319,S2508630,0
14,320,S2307080,0
14,321,S2203734,0
14,322,S2242499,0
14,323,S2240724,0
14,324,S2348398,0
14,325,S2138905,0
14,326,S2408854,0
14,327,S2426614,0
14,328,S2433342,0
14,329,S2415690,0
14,330,S2408480,0
14,331,S2511006,0
14,332,S2240720,0
14,333,S2210201,0
14,334,S2206288,0
14,335,S2239525,0
14,336,S2154955,0
14,337,S2434571,0
14,338,S2338782,0
14,339,S2425034,0
14,340,S2430053,0
14,341,S2434918,0
14,342,S2503128,0
14,343,S2213276,0
14,344,S2327489,0
14,345,S2344462,0
14,346,S2315840,0
14,347,S2237603,0
14,348,S2227621,0
14,349,S2224007,0
14,350,S2225224,0
14,351,S2102543,0
14,352,S2244729,0
14,353,S2143766,0
14,354,S2246786,0
14,355,S2149396,0
14,356,S2325144,0
14,357,S2306848,0
14,358,S2111062,0
14,359,S2254886,0
14,360,S2418586,0
14,361,S2326329,0
14,362,S2251247,0
14,363,S2408484,0
15,0,S2342677,0
15,1,S2343314,0
15,2,S2351751,0
15,3,S2312317,0
15,4,S2334384,0
15,5,S2325144,0
15,6,S2234199,0
15,7,S2135429,0
15,8,S2420603,0
15,9,S2238299,0
15,10,S2530991,0
15,11,S2353995,0
15,12,S1940316,1
15,13,S2327485,0
15,14,S2206288,0
15,15,S2143765,0
15,16,S2353996,0
15,17,S2025604,0
15,18,S2511007,0
15,19,S2340935,0
15,20,S2216629,0
15,21,S2300363,0
15,22,S2306015,0
15,23,S2310079,0
15,24,S2213275,0
15,25,S2526362,0
15,26,S2333274,0
15,27,S2524760,0
15,28,S2154957,0
15,29,S2144969,0
15,30,S2310075,0
15,31,S2028920,0
15,32,S2154958,0
15,33,S2313436,0
15,34,S2253524,0
15,35,S2419850,0
15,36,S2215449,0
15,37,S2332144,0
15,38,S2403700,0
15,39,S2346179,0
15,40,S2414954,0
15,41,S2327689,0
15,42,S2210207,0
15,43,S2150492,0
15,44,S2411029,0
15,45,S2348398,0
15,46,S2111062,0
15,47,S2248986,0
15,48,S2423616,0
15,49,S2410463,0
15,50,S2239523,0
15,51,S2144972,0
15,52,S2329754,0
15,53,S2207352,0
15,54,S2215453,0
15,55,S2338786,0
15,56,S2150494,0
15,57,S2141808,0
15,58,S2130898,0
15,59,S2505508,0
15,60,S2108730,0
15,61,S2150490,0
15,62,S2352825,0
15,63,S2436456,0
15,64,S2149396,0
15,65,S2227608,0
15,66,S2326332,0
15,67,S2213276,0
15,68,S2531989,0
15,69,S2154963,0
15,70,S2337812,0
15,71,S2410458,0
15,72,S2326329,0
15,73,S2308043,0
15,74,S2228788,0
15,75,S2314591,0
15,76,S2315844,0
15,77,S2211179,0
15,78,S2244729,0
15,79,S2347457,0
15,80,S2047227,0
15,81,S2226376,0
15,82,S2228789,0
15,83,S2327489,0
15,84,S2412714,0
15,85,S2320991,0
15,86,S2133159,0
15,87,S2039743,0
15,88,S2431864,0
15,89,S2408480,0
15,90,S2302643,0
15,91,S2323108,0
15,92,S2102543,0
15,93,S2254659,0
15,94,S2151614,0
15,95,S2239522,0
15,96,S2202564,0
15,97,S2402482,0
15,98,S2214326,0
15,99,S2234198,0
15,100,S2420602,0
15,101,S2213274,0
15,102,S2236496,0
15,103,S2226375,0
15,104,S2130897,0
15,105,S2209234,0
15,106,S2251251,0
15,107,S2333273,0
15,108,S2521239,0
15,109,S2208365,0
15,110,S2233278,0
15,111,S2241828,0
15,112,S2208404,0
15,113,S2228787,0
15,114,S2222063,0
15,115,S2306848,0
15,116,S2312320,0
15,117,S2222945,0
15,118,S2524777,0
15,119,S2415692,0
15,120,S2308045,0
15,121,S2406755,0
15,122,S2330986,0
15,123,S2150495,0
15,124,S2408854,0
15,125,S2300361,0
15,126,S2332142,0
15,127,S2214325,0
15,128,S2140144,0
15,129,S2231089,0
15,130,S2419849,0
15,131,S2244727,0
15,132,S2315838,0
15,133,S2412060,0
15,134,S2210204,0
15,135,S2407939,0
15,136,S2302644,0
15,137,S2028921,0
15,138,S2329756,0
15,139,S2434918,0
15,140,S2400070,0
15,141,S2149394,0
15,142,S2422139,0
15,143,S2242501,0
15,144,S2219754,0
15,145,S2240720,0
15,146,S2501301,0
15,147,S2403702,0
15,148,S2205207,0
15,149,S2409392,0
15,150,S2503128,0
15,151,S2227605,0
15,152,S2515598,0
15,153,S2408486,0
15,154,S2427693,0
15,155,S2220918,0
15,156,S2511006,0
15,157,S2231091,0
15,158,S2430053,0
15,159,S2409928,0
15,160,S2316900,0
15,161,S2209232,0
15,162,S2148220,0
15,163,S2330983,0
15,164,S2248983,0
15,165,S2304561,0
15,166,S2418586,0
15,167,S2242499,0
15,168,S2405217,0
15,169,S2141805,0
15,170,S2210201,0
15,171,S2140145,0
15,172,S2210199,0
15,173,S2212215,0
15,174,S2311238,0
15,175,S2222062,0
15,176,S2300331,0
15,177,S2207350,0
15,178,S2414950,0
15,179,S2338781,0
15,180,S2412061,0
15,181,S2310080,0
15,182,S2330988,0
15,183,S2339820,0
15,184,S2434133,0
15,185,S2323104,0
15,186,S2339819,0
15,187,S2206289,0
15,188,S2202568,0
15,189,S2234200,0
15,190,S2241560,0
15,191,S2327486,0
15,192,S2154954,0
15,193,S2419119,0
15,194,S2425034,0
15,195,S2203735,0
15,196,S2028924,0
15,197,S2434134,0
15,198,S2202565,0
15,199,S2334385,0
15,200,S2154955,0
15,201,S2202567,0
15,202,S2315841,0
15,203,S2436457,0
15,204,S2239525,0
15,205,S2119964,0
15,206,S2406264,0
15,207,S2203737,0
15,208,S2433342,0
15,209,S2200309,0
15,210,S2224008,0
15,211,S2253529,0
15,212,S2429064,0
15,213,S2210203,0
15,214,S2229536,0
15,215,S2216605,0
15,216,S2250149,0
15,217,S2308039,0
15,218,S2330980,0
15,219,S2311235,0
15,220,S2311236,0
15,221,S2530049,0
15,222,S2026719,1
15,223,S2406754,0
15,224,S2422844,0
15,225,S2224010,0
15,226,S2535840,0
15,227,S2410453,0
15,228,S2334386,0
15,229,S2325143,0
15,230,S2527323,0
15,231,S2415690,0
15,232,S2318026,0
15,233,S1952033,1
15,234,S2129803,0
15,235,S2344462,0
15,236,S2412713,0
15,237,S2250151,0
15,238,S2304564,0
15,239,S2506961,0
15,240,S2235319,1
15,241,S2227604,0
15,242,S2203734,0
15,243,S2205211,0
15,244,S2156022,0
15,245,S2143764,0
15,246,S2323107,0
15,247,S2323112,0
15,248,S2329753,0
15,249,S2429676,0
15,250,S2129802,0
15,251,S2210209,1
15,252,S2437880,0
15,253,S2343312,0
15,254,S2032124,0
15,255,S2332143,0
15,256,S2319878,0
15,257,S2217673,0
15,258,S2207349,0
15,259,S2015087,0
15,260,S2435852,0
15,261,S2235518,0
15,262,S2508630,0
15,263,S2315839,0
15,264,S2149398,0
15,265,S2314590,0
15,266,S2251247,0
15,267,S2206286,0
15,268,S2225224,0
15,269,S2338782,0
15,270,S2214323,0
15,271,S2240724,0
15,272,S2307080,0
15,273,S2508631,0
15,274,S2426614,0
15,275,S2352826,0
15,276,S2219751,0
15,277,S2237601,0
15,278,S2349547,0
15,279,S2506967,0
15,280,S2315840,0
15,281,S2237603,0
15,282,S2407941,0
15,283,S2232193,0
15,284,S2241564,0
15,285,S2214324,0
15,286,S2235318,0
15,287,S2216630,0
15,288,S2222064,0
15,289,S2308044,0
15,290,S2232194,0
15,291,S2318954,0
15,292,S2133157,0
15,293,S2404885,0
15,294,S2334411,0
15,295,S2246786,0
15,296,S2408482,0
15,297,S2312323,0
15,298,S2138905,0
15,299,S2253528,0
15,300,S2310074,0
15,301,S2247858,0
15,302,S2229969,0
15,303,S2152682,0
15,304,S2336496,0
15,305,S2023420,0
15,306,S2114402,0
15,307,S2220927,0
15,308,S2026723,0
15,309,S2502092,0
15,310,S2215451,0
15,311,S2312318,0
15,312,S2342914,0
15,313,S2135431,0
15,314,S2143767,0
15,315,S2413769,0
15,316,S2406753,0
15,317,S2233279,0
15,318,S2434571,0
15,319,S2401283,0
15,320,S2521240,0
15,321,S2246785,0
15,322,S2202569,0
15,323,S2135430,0
15,324,S2411030,0
15,325,S2318025,0
15,326,S2229537,0
15,327,S2212213,0
15,328,S2242500,0
15,329,S2345468,0
15,330,S2254886,0
15,331,S2312322,0
15,332,S2511008,0
15,333,S2522994,0
15,334,S1940063,0
15,335,S2350730,1
15,336,S2203739,0
15,337,S2202563,0
15,338,S2236494,0
15,339,S2342016,0
15,340,S2421434,0
15,341,S2224007,0
15,342,S2344461,0
15,343,S2142815,0
15,344,S2241565,0
15,345,S2142816,0
15,346,S2429677,0
15,347,S2143769,0
15,348,S2326330,0
15,349,S2330982,0
15,350,S2240726,0
15,351,S2141806,0
15,352,S2513848,0
15,353,S2210200,0
15,354,S2318956,1
15,355,S2327690,0
15,356,S2243826,0
15,357,S2227621,0
15,358,S2253527,0
15,359,S2143766,0
15,360,S2408484,0
15,361,S2402481,0
15,362,S2402484,0
15,363,S2253525,0
16,0,S2351751,0
16,1,S2312320,0
16,2,S2342914,0
16,3,S2350730,1
16,4,S2308044,0
16,5,S2028920,0
16,6,S2253528,0
16,7,S2241828,0
16,8,S2401283,0
16,9,S2214326,0
16,10,S2429676,0
16,11,S2311236,0
16,12,S2421434,0
16,13,S2202564,0
16,14,S2240726,0
16,15,S2202568,0
16,16,S2133159,0
16,17,S2228789,0
16,18,S2345468,0
16,19,S2135430,0
16,20,S2306015,0
16,21,S2140144,0
16,22,S2434133,0
16,23,S2248986,0
16,24,S2327485,0
16,25,S2250149,0
16,26,S2207350,0
16,27,S2325143,0
16,28,S2233279,0
16,29,S2511006,0
16,30,S2323107,0
16,31,S2222945,0
16,32,S2315838,0
16,33,S2412714,0
16,34,S2206288,0
16,35,S2202569,0
16,36,S2333273,0
16,37,S2406264,0
16,38,S2026723,0
16,39,S2234199,0
16,40,S2427693,0
16,41,S2508631,0
16,42,S2344462,0
16,43,S2133157,0
16,44,S2353996,0
16,45,S2531989,0
16,46,S2352825,0
16,47,S2330983,0
16,48,S2318956,1
16,49,S2419850,0
16,50,S2250151,0
16,51,S2433342,0
16,52,S2415690,0
16,53,S2511007,0
16,54,S2402482,0
16,55,S2202565,0
16,56,S2304564,0
16,57,S2207352,0
16,58,S2429677,0
16,59,S2209232,0
16,60,S2144969,0
16,61,S2216605,0
16,62,S2414954,0
16,63,S2246785,0
16,64,S2429064,0
16,65,S2233278,0
16,66,S2236494,0
16,67,S2143765,0
16,68,S2311238,0
16,69,S2240724,0
16,70,S2142816,0
16,71,S2526362,0
16,72,S2150495,0
16,73,S2315840,0
16,74,S2215449,0
16,75,S2312317,0
16,76,S2235318,0
16,77,S2154958,0
16,78,S2143769,0
16,79,S2023420,0
16,80,S2408854,0
16,81,S1940316,1
16,82,S2323112,0
16,83,S2503128,0
16,84,S2308039,0
16,85,S2203735,0
16,86,S2210209,1
16,87,S2152682,0
16,88,S2242500,0
16,89,S2344461,0
16,90,S2208404,0
16,91,S2111062,0
16,92,S2412713,0
16,93,S2436456,0
16,94,S2522994,0
16,95,S2239523,0
16,96,S2502092,0
16,97,S2408486,0
16,98,S2140145,0
16,99,S2406755,0
16,100,S2227605,0
16,101,S2513848,0
16,102,S2521240,0
16,103,S2505508,0
16,104,S2418586,0
16,105,S2435852,0
16,106,S2314590,0
16,107,S2342677,0
16,108,S2228787,0
16,109,S2346179,0
16,110,S2200309,0
16,111,S2232194,0
16,112,S2338786,0
16,113,S2308045,0
16,114,S2315839,0
16,115,S2340935,0
16,116,S2208365,0
16,117,S2334411,0
16,118,S2300363,0
16,119,S2343312,0
16,120,S2149398,0
16,121,S2144972,0
16,122,S2310080,0
16,123,S2535840,0
16,124,S2347457,0
16,125,S2102543,0
16,126,S2315844,0
16,127,S2508630,0
16,128,S2422844,0
16,129,S2409392,0
16,130,S2339819,0
16,131,S2229536,0
16,132,S2202563,0
16,133,S2239522,0
16,134,S2423616,0
16,135,S2315841,0
16,136,S2307080,0
16,137,S2216629,0
16,138,S2210199,0
16,139,S2408484,0
16,140,S2318025,0
16,141,S2154963,0
16,142,S2211179,0
16,143,S2524760,0
16,144,S2420602,0
16,145,S2409928,0
16,146,S2232193,0
16,147,S2220927,0
16,148,S2135431,0
16,149,S2323108,0
16,150,S2524777,0
16,151,S2330982,0
16,152,S2032124,0
16,153,S2028924,0
16,154,S2326330,0
16,155,S2039743,0
16,156,S2332143,0
16,157,S2227621,0
16,158,S2220918,0
16,159,S2349547,0
16,160,S2334385,0
16,161,S2406753,0
16,162,S2025604,0
16,163,S2402484,0
16,164,S2434134,0
16,165,S2154955,0
16,166,S2527323,0
16,167,S2210203,0
16,168,S2330986,0
16,169,S2207349,0
16,170,S2151614,0
16,171,S2332144,0
16,172,S2312323,0
16,173,S2203734,0
16,174,S2332142,0
16,175,S2431864,0
16,176,S2329756,0
16,177,S2210201,0
16,178,S2329753,0
16,179,S2337812,0
16,180,S2235518,0
16,181,S2219751,0
16,182,S2212213,0
16,183,S2506961,0
16,184,S2244727,0
16,185,S2212215,0
16,186,S2330988,0
16,187,S2224008,0
16,188,S2243826,0
16,189,S2228788,0
16,190,S2222062,0
16,191,S2430053,0
16,192,S2403702,0
16,193,S2214325,0
16,194,S2312318,0
16,195,S2314591,0
16,196,S2419849,0
16,197,S2242501,0
16,198,S2244729,0
16,199,S2210207,0
16,200,S2515598,0
16,201,S2521239,0
16,202,S2333274,0
16,203,S2236496,0
16,204,S2254886,0
16,205,S2414950,0
16,206,S2506967,0
16,207,S2251247,0
16,208,S2240720,0
16,209,S2410463,0
16,210,S2511008,0
16,211,S2241560,0
16,212,S2215451,0
16,213,S2224007,0
16,214,S2213276,0
16,215,S2313436,0
16,216,S2028921,0
16,217,S2143767,0
16,218,S2135429,0
16,219,S2224010,0
16,220,S2222063,0
16,221,S2348398,0
16,222,S2327486,0
16,223,S2119964,0
16,224,S2138905,0
16,225,S2141806,0
16,226,S1940063,0
16,227,S2419119,0
16,228,S2407941,0
16,229,S2302644,0
16,230,S2327689,0
16,231,S2316900,0
16,232,S2231091,0
16,233,S2227608,0
16,234,S2402481,0
16,235,S2108730,0
16,236,S2210200,0
16,237,S2143766,0
16,238,S2318954,0
16,239,S2239525,0
16,240,S2150494,0
16,241,S2338782,0
16,242,S2246786,0
16,243,S2323104,0
16,244,S2205211,0
16,245,S2150492,0
16,246,S2141808,0
16,247,S2213275,0
16,248,S2150490,0
16,249,S2205207,0
16,250,S2410453,0
16,251,S2434571,0
16,252,S2329754,0
16,253,S2302643,0
16,254,S2229537,0
16,255,S2213274,0
16,256,S2336496,0
16,257,S2227604,0
16,258,S2501301,0
16,259,S2129802,0
16,260,S2156022,0
16,261,S2410458,0
16,262,S2148220,0
16,263,S2412061,0
16,264,S2214324,0
16,265,S2310074,0
16,266,S2310075,0
16,267,S2226376,0
16,268,S2304561,0
16,269,S2253529,0
16,270,S2130897,0
16,271,S2334386,0
16,272,S2231089,0
16,273,S2047227,0
16,274,S2404885,0
16,275,S2216630,0
16,276,S2352826,0
16,277,S2405217,0
16,278,S2426614,0
16,279,S2203739,0
16,280,S2214323,0
16,281,S2142815,0
16,282,S2234198,0
16,283,S2408480,0
16,284,S2149396,0
16,285,S2411029,0
16,286,S2234200,0
16,287,S2210204,0
16,288,S2403700,0
16,289,S2327690,0
16,290,S2319878,0
16,291,S2247858,0
16,292,S2222064,0
16,293,S2253524,0
16,294,S2226375,0
16,295,S2209234,0
16,296,S2206289,0
16,297,S2254659,0
16,298,S2251251,0
16,299,S2149394,0
16,300,S2241565,0
16,301,S2306848,0
16,302,S2015087,0
16,303,S2412060,0
16,304,S2318026,0
16,305,S2320991,0
16,306,S2217673,0
16,307,S2334384,0
16,308,S2241564,0
16,309,S2202567,0
16,310,S2114402,0
16,311,S2312322,0
16,312,S2326332,0
16,313,S2308043,0
16,314,S2248983,0
16,315,S2311235,0
16,316,S2437880,0
16,317,S2229969,0
16,318,S2242499,0
16,319,S2530049,0
16,320,S2325144,0
16,321,S2253525,0
16,322,S2343314,0
16,323,S2237603,0
16,324,S2206286,0
16,325,S2225224,0
16,326,S2141805,0
16,327,S2339820,0
16,328,S2327489,0
16,329,S2415692,0
16,330,S2342016,0
16,331,S2215453,0
16,332,S2425034,0
16,333,S2238299,0
16,334,S2338781,0
16,335,S2300361,0
16,336,S2219754,0
16,337,S2026719,1
16,338,S2237601,0
16,339,S2400070,0
16,340,S2253527,0
16,341,S2300331,0
16,342,S2330980,0
16,343,S1952033,1
16,344,S2408482,0
16,345,S2143764,0
16,346,S2326329,0
16,347,S2411030,0
16,348,S2129803,0
16,349,S2434918,0
16,350,S2154957,0
16,351,S2406754,0
16,352,S2530991,0
16,353,S2422139,0
16,354,S2154954,0
16,355,S2436457,0
16,356,S2413769,0
16,357,S2407939,0
16,358,S2310079,0
16,359,S2203737,0
16,360,S2235319,1
16,361,S2420603,0
16,362,S2353995,0
16,363,S2130898,0
17,0,S2028921,0
17,1,S2251247,0
17,2,S2327485,0
17,3,S2143764,0
17,4,S2315840,0
17,5,S2310075,0
17,6,S2253525,0
17,7,S2348398,0
17,8,S2418586,0
17,9,S2206288,0
17,10,S2244729,0
17,11,S2232193,0
17,12,S2239525,0
17,13,S2248986,0
17,14,S2212215,0
17,15,S2310080,0
17,16,S2214323,0
17,17,S2039743,0
17,18,S2429676,0
17,19,S2149398,0
17,20,S2142815,0
17,21,S2414950,0
17,22,S2150494,0
17,23,S2430053,0
17,24,S2521239,0
17,25,S2349547,0
17,26,S2154955,0
17,27,S2308045,0
17,28,S2315839,0
17,29,S2435852,0
17,30,S2308039,0
17,31,S2154958,0
17,32,S2203737,0
17,33,S2426614,0
17,34,S2224007,0
17,35,S2511008,0
17,36,S2235319,1
17,37,S2241565,0
17,38,S2404885,0
17,39,S2347457,0
17,40,S2330986,0
17,41,S2326332,0
17,42,S2522994,0
17,43,S2047227,0
17,44,S2228789,0
17,45,S2300361,0
17,46,S2154957,0
17,47,S2412060,0
17,48,S2026723,0
17,49,S2129803,0
17,50,S2330983,0
17,51,S2402482,0
17,52,S2315838,0
17,53,S2502092,0
17,54,S2133157,0
17,55,S2312322,0
17,56,S2133159,0
17,57,S2210207,0
17,58,S2208404,0
17,59,S2242500,0
17,60,S2318026,0
17,61,S2228787,0
17,62,S2312320,0
17,63,S2135429,0
17,64,S2141806,0
17,65,S2253529,0
17,66,S2234200,0
17,67,S2422139,0
17,68,S2152682,0
17,69,S2208365,0
17,70,S2308043,0
17,71,S2028920,0
17,72,S2239523,0
17,73,S2111062,0
17,74,S2253527,0
17,75,S2511006,0
17,76,S2202569,0
17,77,S2240724,0
17,78,S2108730,0
17,79,S2206289,0
17,80,S2228788,0
17,81,S2412061,0
17,82,S2333273,0
17,83,S2235518,0
17,84,S2302644,0
17,85,S2140145,0
17,86,S2420602,0
17,87,S2326330,0
17,88,S2214324,0
17,89,S2219751,0
17,90,S2312317,0
17,91,S2224008,0
17,92,S2212213,0
17,93,S2235318,0
17,94,S2527323,0
17,95,S2513848,0
17,96,S2427693,0
17,97,S2312323,0
17,98,S2025604,0
17,99,S2225224,0
17,100,S2149394,0
17,101,S2319878,0
17,102,S2411030,0
17,103,S2150492,0
17,104,S2330988,0
17,105,S2311235,0
17,106,S2026719,1
17,107,S2240726,0
17,108,S2206286,0
17,109,S2344462,0
17,110,S2216605,0
17,111,S2253528,0
17,112,S2334411,0
17,113,S2233278,0
17,114,S2144972,0
17,115,S2508631,0
17,116,S2412714,0
17,117,S2130897,0
17,118,S2334385,0
17,119,S2234199,0
17,120,S2312318,0
17,121,S2530049,0
17,122,S2254886,0
17,123,S2436456,0
17,124,S2209234,0
17,125,S2207350,0
17,126,S2419119,0
17,127,S2238299,0
17,128,S2140144,0
17,129,S2222062,0
17,130,S2156022,0
17,131,S2323112,0
17,132,S2403702,0
17,133,S2227605,0
17,134,S2148220,0
17,135,S2429677,0
17,136,S2408854,0
17,137,S2227608,0
17,138,S2332143,0
17,139,S2415690,0
17,140,S2150495,0
17,141,S2154954,0
17,142,S2503128,0
17,143,S2343312,0
17,144,S2531989,0
17,145,S2143767,0
17,146,S2244727,0
17,147,S2508630,0
17,148,S2216630,0
17,149,S2226376,0
17,150,S2314590,0
17,151,S2311238,0
17,152,S2524760,0
17,153,S2143769,0
17,154,S2333274,0
17,155,S2214326,0
17,156,S2413769,0
17,157,S2231089,0
17,158,S2318956,1
17,159,S2151614,0
17,160,S2409392,0
17,161,S2237601,0
17,162,S2433342,0
17,163,S2222064,0
17,164,S2217673,0
17,165,S2250151,0
17,166,S2415692,0
17,167,S2219754,0
17,168,S2411029,0
17,169,S2327489,0
17,170,S2210199,0
17,171,S2227604,0
17,172,S2224010,0
17,173,S2220927,0
17,174,S2200309,0
17,175,S2511007,0
17,176,S2311236,0
17,177,S2315844,0
17,178,S2210200,0
17,179,S2325143,0
17,180,S2329756,0
17,181,S2229537,0
17,182,S2336496,0
17,183,S2352826,0
17,184,S1940316,1
17,185,S2251251,0
17,186,S2023420,0
17,187,S2214325,0
17,188,S2210204,0
17,189,S2407941,0
17,190,S2300331,0
17,191,S2323107,0
17,192,S2422844,0
17,193,S2254659,0
17,194,S2141805,0
17,195,S2154963,0
17,196,S2327690,0
17,197,S2241560,0
17,198,S2202565,0
17,199,S2231091,0
17,200,S2138905,0
17,201,S2425034,0
17,202,S2306015,0
17,203,S2135431,0
17,204,S2232194,0
17,205,S2406264,0
17,206,S2213274,0
17,207,S2243826,0
17,208,S2318954,0
17,209,S2401283,0
17,210,S2332142,0
17,211,S2410458,0
17,212,S2403700,0
17,213,S2215449,0
17,214,S2330982,0
17,215,S2302643,0
17,216,S2323104,0
17,217,S2323108,0
17,218,S2526362,0
17,219,S2213276,0
17,220,S2326329,0
17,221,S2215451,0
17,222,S2352825,0
17,223,S2240720,0
17,224,S2247858,0
17,225,S2434571,0
17,226,S2246786,0
17,227,S2437880,0
17,228,S2410463,0
17,229,S2408480,0
17,230,S2410453,0
17,231,S2150490,0
17,232,S2313436,0
17,233,S2434133,0
17,234,S2142816,0
17,235,S2506967,0
17,236,S2408484,0
17,237,S2353996,0
17,238,S2237603,0
17,239,S2210201,0
17,240,S2329754,0
17,241,S2304561,0
17,242,S2310074,0
17,243,S2215453,0
17,244,S2229969,0
17,245,S2343314,0
17,246,S2143766,0
17,247,S2338781,0
17,248,S2338786,0
17,249,S2135430,0
17,250,S2342677,0
17,251,S2310079,0
17,252,S2205207,0
17,253,S2419849,0
17,254,S2506961,0
17,255,S2342016,0
17,256,S2241828,0
17,257,S2149396,0
17,258,S2205211,0
17,259,S2144969,0
17,260,S2210209,1
17,261,S2535840,0
17,262,S2505508,0
17,263,S2242501,0
17,264,S2412713,0
17,265,S2314591,0
17,266,S2320991,0
17,267,S2143765,0
17,268,S2222945,0
17,269,S2436457,0
17,270,S1940063,0
17,271,S2339819,0
17,272,S2246785,0
17,273,S2332144,0
17,274,S2429064,0
17,275,S2423616,0
17,276,S2407939,0
17,277,S2338782,0
17,278,S2501301,0
17,279,S2351751,0
17,280,S2353995,0
17,281,S2229536,0
17,282,S2334384,0
17,283,S2524777,0
17,284,S2408486,0
17,285,S2203734,0
17,286,S2304564,0
17,287,S2233279,0
17,288,S2308044,0
17,289,S2340935,0
17,290,S2207352,0
17,291,S2315841,0
17,292,S2202563,0
17,293,S2234198,0
17,294,S2327689,0
17,295,S2307080,0
17,296,S2236496,0
17,297,S2406755,0
17,298,S2318025,0
17,299,S2028924,0
17,300,S2405217,0
17,301,S2406753,0
17,302,S2226375,0
17,303,S2408482,0
17,304,S2203739,0
17,305,S2202568,0
17,306,S2239522,0
17,307,S2114402,0
17,308,S2402484,0
17,309,S2207349,0
17,310,S2346179,0
17,311,S2216629,0
17,312,S2248983,0
17,313,S2015087,0
17,314,S2203735,0
17,315,S2236494,0
17,316,S2213275,0
17,317,S2141808,0
17,318,S2406754,0
17,319,S2227621,0
17,320,S2350730,1
17,321,S2339820,0
17,322,S2211179,0
17,323,S2342914,0
17,324,S2119964,0
17,325,S2209232,0
17,326,S2431864,0
17,327,S1952033,1
17,328,S2420603,0
17,329,S2242499,0
17,330,S2434134,0
17,331,S2210203,0
17,332,S2421434,0
17,333,S2515598,0
17,334,S2130898,0
17,335,S2402481,0
17,336,S2409928,0
17,337,S2329753,0
17,338,S2337812,0
17,339,S2222063,0
17,340,S2419850,0
17,341,S2300363,0
17,342,S2400070,0
17,343,S2334386,0
17,344,S2530991,0
17,345,S2327486,0
17,346,S2414954,0
17,347,S2316900,0
17,348,S2325144,0
17,349,S2032124,0
17,350,S2521240,0
17,351,S2220918,0
17,352,S2129802,0
17,353,S2241564,0
17,354,S2202564,0
17,355,S2434918,0
17,356,S2202567,0
17,357,S2250149,0
17,358,S2345468,0
17,359,S2102543,0
17,360,S2253524,0
17,361,S2306848,0
17,362,S2330980,0
17,363,S2344461,0
18,0,S2312323,0
18,1,S2338781,0
18,2,S2348398,0
18,3,S2140144,0
18,4,S2326329,0
18,5,S2141805,0
18,6,S2408482,0
18,7,S2422139,0
18,8,S2318025,0
18,9,S2047227,0
18,10,S2409392,0
18,11,S2219751,0
18,12,S2130897,0
18,13,S2312320,0
18,14,S2352825,0
18,15,S2425034,0
18,16,S2233278,0
18,17,S2511007,0
18,18,S2434918,0
18,19,S2143764,0
18,20,S2401283,0
18,21,S2345468,0
18,22,S2028920,0
18,23,S2215449,0
18,24,S2327489,0
18,25,S2234199,0
18,26,S2429676,0
18,27,S2330988,0
18,28,S2410453,0
18,29,S2430053,0
18,30,S2406753,0
18,31,S2406754,0
18,32,S2241828,0
18,33,S2246785,0
18,34,S2508630,0
18,35,S2349547,0
18,36,S2015087,0
18,37,S2352826,0
18,38,S2503128,0
18,39,S2212213,0
18,40,S2206286,0
18,41,S2213274,0
18,42,S2420603,0
18,43,S2513848,0
18,44,S2142815,0
18,45,S1952033,1
18,46,S2222062,0
18,47,S2210204,0
18,48,S2213275,0
18,49,S2332142,0
18,50,S2400070,0
18,51,S2232194,0
18,52,S2227608,0
18,53,S2419850,0
18,54,S2406264,0
18,55,S2415690,0
18,56,S1940316,1
18,57,S2154963,0
18,58,S2202568,0
18,59,S2149394,0
18,60,S2506967,0
18,61,S2403700,0
18,62,S2203737,0
18,63,S2315839,0
18,64,S2304561,0
18,65,S2209234,0
18,66,S2506961,0
18,67,S2242500,0
18,68,S2239523,0
18,69,S2224008,0
18,70,S2227604,0
18,71,S2247858,0
18,72,S2216630,0
18,73,S2312317,0
18,74,S2141808,0
18,75,S2434133,0
18,76,S2323108,0
18,77,S2434134,0
18,78,S2436456,0
18,79,S2437880,0
18,80,S2229537,0
18,81,S2102543,0
18,82,S2408854,0
18,83,S2330982,0
18,84,S2300331,0
18,85,S2408484,0
18,86,S2253527,0
18,87,S2326332,0
18,88,S2156022,0
18,89,S2226375,0
18,90,S2524777,0
18,91,S2307080,0
18,92,S2208404,0
18,93,S2240724,0
18,94,S2220927,0
18,95,S2206288,0
18,96,S2414950,0
18,97,S2248986,0
18,98,S2330986,0
18,99,S2429677,0
18,100,S2207352,0
18,101,S2508631,0
18,102,S2133157,0
18,103,S2214324,0
18,104,S2314590,0
18,105,S2342677,0
18,106,S2143767,0
18,107,S2418586,0
18,108,S2244727,0
18,109,S2327485,0
18,110,S2237603,0
18,111,S2200309,0
18,112,S2346179,0
18,113,S2318956,1
18,114,S2152682,0
18,115,S2402481,0
18,116,S2412060,0
18,117,S2404885,0
18,118,S2241560,0
18,119,S2216629,0
18,120,S2217673,0
18,121,S2130898,0
18,122,S2502092,0
18,123,S2222945,0
18,124,S2327690,0
18,125,S2402484,0
18,126,S2216605,0
18,127,S2333274,0
18,128,S2311236,0
18,129,S2231089,0
18,130,S2329753,0
18,131,S2220918,0
18,132,S2410463,0
18,133,S2238299,0
18,134,S2308045,0
18,135,S2318026,0
18,136,S2150490,0
18,137,S2326330,0
18,138,S2202563,0
18,139,S2205207,0
18,140,S2338782,0
18,141,S2353996,0
18,142,S2229536,0
18,143,S2334411,0
18,144,S2327486,0
18,145,S2154954,0
18,146,S2250149,0
18,147,S2228787,0
18,148,S2339819,0
18,149,S2244729,0
18,150,S2254886,0
18,151,S2339820,0
18,152,S2436457,0
18,153,S2229969,0
18,154,S2521239,0
18,155,S2403702,0
18,156,S2313436,0
18,157,S2219754,0
18,158,S2535840,0
18,159,S2111062,0
18,160,S2028924,0
18,161,S2239525,0
18,162,S2340935,0
18,163,S2320991,0
18,164,S2149398,0
18,165,S2329756,0
18,166,S2308039,0
18,167,S2235518,0
18,168,S2353995,0
18,169,S2413769,0
18,170,S2337812,0
18,171,S2144969,0
18,172,S2318954,0
18,173,S2343312,0
18,174,S2329754,0
18,175,S2338786,0
18,176,S2315838,0
18,177,S2207350,0
18,178,S2511008,0
18,179,S2202564,0
18,180,S2344462,0
18,181,S2214326,0
18,182,S2423616,0
18,183,S2212215,0
18,184,S2248983,0
18,185,S2149396,0
18,186,S2210209,1
18,187,S2323107,0
18,188,S2526362,0
18,189,S2408480,0
18,190,S2310080,0
18,191,S2206289,0
18,192,S2205211,0
18,193,S2253529,0
18,194,S2431864,0
18,195,S2415692,0
18,196,S2310079,0
18,197,S2210200,0
18,198,S2242501,0
18,199,S2224010,0
18,200,S2222063,0
18,201,S2429064,0
18,202,S2129802,0
18,203,S2300363,0
18,204,S2334386,0
18,205,S2203734,0
18,206,S2334384,0
18,207,S2434571,0
18,208,S2144972,0
18,209,S2240720,0
18,210,S2315841,0
18,211,S2332143,0
18,212,S2214323,0
18,213,S2235319,1
18,214,S2254659,0
18,215,S2505508,0
18,216,S2202565,0
18,217,S2129803,0
18,218,S2302643,0
18,219,S2234200,0
18,220,S2231091,0
18,221,S2141806,0
18,222,S2154957,0
18,223,S2319878,0
18,224,S2135431,0
18,225,S2140145,0
18,226,S2226376,0
18,227,S2026723,0
18,228,S2202569,0
18,229,S2250151,0
18,230,S2150492,0
18,231,S2347457,0
18,232,S2344461,0
18,233,S2108730,0
18,234,S2412714,0
18,235,S2242499,0
18,236,S2150495,0
18,237,S2342016,0
18,238,S2411030,0
18,239,S2202567,0
18,240,S2530991,0
18,241,S2333273,0
18,242,S2422844,0
18,243,S2138905,0
18,244,S2213276,0
18,245,S2531989,0
18,246,S2300361,0
18,247,S2143766,0
18,248,S2243826,0
18,249,S2412061,0
18,250,S2209232,0
18,251,S2306015,0
18,252,S2039743,0
18,253,S2407939,0
18,254,S2233279,0
18,255,S2405217,0
18,256,S2236496,0
18,257,S2154955,0
18,258,S2427693,0
18,259,S2336496,0
18,260,S2026719,1
18,261,S2235318,0
18,262,S2210201,0
18,263,S2308043,0
18,264,S2410458,0
18,265,S2203739,0
18,266,S2210207,0
18,267,S2028921,0
18,268,S2421434,0
18,269,S2114402,0
18,270,S2135429,0
18,271,S2151614,0
18,272,S2402482,0
18,273,S2251247,0
18,274,S2323104,0
18,275,S2032124,0
18,276,S2521240,0
18,277,S2311235,0
18,278,S2524760,0
18,279,S2236494,0
18,280,S2228788,0
18,281,S2253524,0
18,282,S2332144,0
18,283,S1940063,0
18,284,S2501301,0
18,285,S2222064,0
18,286,S2316900,0
18,287,S2308044,0
18,288,S2227621,0
18,289,S2306848,0
18,290,S2208365,0
18,291,S2207349,0
18,292,S2426614,0
18,293,S2351751,0
18,294,S2522994,0
18,295,S2234198,0
18,296,S2407941,0
18,297,S2302644,0
18,298,S2350730,1
18,299,S2240726,0
18,300,S2312322,0
18,301,S2304564,0
18,302,S2135430,0
18,303,S2527323,0
18,304,S2412713,0
18,305,S2325143,0
18,306,S2203735,0
18,307,S2148220,0
18,308,S2511006,0
18,309,S2334385,0
18,310,S2023420,0
18,311,S2241565,0
18,312,S2330980,0
18,313,S2210199,0
18,314,S2142816,0
18,315,S2408486,0
18,316,S2330983,0
18,317,S2154958,0
18,318,S2310075,0
18,319,S2419849,0
18,320,S2420602,0
18,321,S2150494,0
18,322,S2327689,0
18,323,S2143769,0
18,324,S2251251,0
18,325,S2419119,0
18,326,S2225224,0
18,327,S2406755,0
18,328,S2343314,0
18,329,S2214325,0
18,330,S2312318,0
18,331,S2433342,0
18,332,S2211179,0
18,333,S2246786,0
18,334,S2241564,0
18,335,S2224007,0
18,336,S2237601,0
18,337,S2314591,0
18,338,S2133159,0
18,339,S2119964,0
18,340,S2232193,0
18,341,S2253525,0
18,342,S2227605,0
18,343,S2409928,0
18,344,S2215451,0
18,345,S2515598,0
18,346,S2414954,0
18,347,S2253528,0
18,348,S2435852,0
18,349,S2025604,0
18,350,S2530049,0
18,351,S2325144,0
18,352,S2215453,0
18,353,S2210203,0
18,354,S2411029,0
18,355,S2315840,0
18,356,S2311238,0
18,357,S2310074,0
18,358,S2143765,0
18,359,S2239522,0
18,360,S2342914,0
18,361,S2315844,0
18,362,S2323112,0
18,363,S2228789,0
19,0,S1940316,1
19,1,S2408480,0
19,2,S2149396,0
19,3,S2406753,0
19,4,S2222064,0
19,5,S2228787,0
19,6,S2508630,0
19,7,S2207352,0
19,8,S2300361,0
19,9,S2353995,0
19,10,S2326330,0
19,11,S2511008,0
19,12,S2334411,0
19,13,S2219751,0
19,14,S2151614,0
19,15,S2433342,0
19,16,S2143769,0
19,17,S2304564,0
19,18,S2210209,1
19,19,S2336496,0
19,20,S2401283,0
19,21,S2406264,0
19,22,S2028920,0
19,23,S2353996,0
19,24,S2233278,0
19,25,S2412714,0
19,26,S2308043,0
19,27,S2338781,0
19,28,S2319878,0
19,29,S2333273,0
19,30,S2327486,0
19,31,S2308039,0
19,32,S2212215,0
19,33,S2202568,0
19,34,S2200309,0
19,35,S2315839,0
19,36,S2244729,0
19,37,S2410458,0
19,38,S2312320,0
19,39,S2215449,0
19,40,S2323112,0
19,41,S2312322,0
19,42,S2402481,0
19,43,S2248983,0
19,44,S2241565,0
19,45,S2300363,0
19,46,S2251247,0
19,47,S2502092,0
19,48,S2436457,0
19,49,S2239522,0
19,50,S2347457,0
19,51,S2241560,0
19,52,S2203737,0
19,53,S2026719,1
19,54,S2235319,1
19,55,S2202569,0
19,56,S2140145,0
19,57,S2315844,0
19,58,S2232194,0
19,59,S2114402,0
19,60,S2530049,0
19,61,S2213275,0
19,62,S2253524,0
19,63,S2339820,0
19,64,S2254886,0
19,65,S2330982,0
19,66,S2135430,0
19,67,S2202563,0
19,68,S2422844,0
19,69,S2203735,0
19,70,S2135431,0
19,71,S2315840,0
19,72,S2323108,0
19,73,S2142816,0
19,74,S2234198,0
19,75,S2215453,0
19,76,S2412060,0
19,77,S2154958,0
19,78,S2240726,0
19,79,S2237601,0
19,80,S2302644,0
19,81,S2111062,0
19,82,S2236496,0
19,83,S2244727,0
19,84,S2143764,0
19,85,S2224007,0
19,86,S2254659,0
19,87,S2407939,0
19,88,S2308044,0
19,89,S2409928,0
19,90,S2232193,0
19,91,S2411030,0
19,92,S2206288,0
19,93,S2431864,0
19,94,S2202564,0
19,95,S2220918,0
19,96,S2228788,0
19,97,S2222063,0
19,98,S2352826,0
19,99,S2415690,0
19,100,S2210207,0
19,101,S2506961,0
19,102,S2409392,0
19,103,S2344461,0
19,104,S2216605,0
19,105,S2214323,0
19,106,S2312323,0
19,107,S2338782,0
19,108,S2351751,0
19,109,S2307080,0
19,110,S2208404,0
19,111,S2149394,0
19,112,S2143767,0
19,113,S2015087,0
19,114,S2524777,0
19,115,S2513848,0
19,116,S2102543,0
19,117,S2407941,0
19,118,S2503128,0
19,119,S2047227,0
19,120,S2327485,0
19,121,S2327690,0
19,122,S2332142,0
19,123,S2225224,0
19,124,S2420602,0
19,125,S2208365,0
19,126,S2028921,0
19,127,S2214324,0
19,128,S2531989,0
19,129,S2330986,0
19,130,S2239525,0
19,131,S2150492,0
19,132,S2323104,0
19,133,S1940063,0
19,134,S2308045,0
19,135,S2314591,0
19,136,S2418586,0
19,137,S2411029,0
19,138,S2318956,1
19,139,S2345468,0
19,140,S2108730,0
19,141,S2150495,0
19,142,S2129803,0
19,143,S2210201,0
19,144,S2434134,0
19,145,S2342016,0
19,146,S2524760,0
19,147,S2333274,0
19,148,S2214326,0
19,149,S2434133,0
19,150,S2412713,0
19,151,S2413769,0
19,152,S2403700,0
19,153,S2229969,0
19,154,S2410463,0
19,155,S2241828,0
19,156,S2206286,0
19,157,S2526362,0
19,158,S2150494,0
19,159,S2406754,0
19,160,S2337812,0
19,161,S2250149,0
19,162,S2149398,0
19,163,S2152682,0
19,164,S2253527,0
19,165,S2226375,0
19,166,S2032124,0
19,167,S2410453,0
19,168,S2352825,0
19,169,S1952033,1
19,170,S2207349,0
19,171,S2406755,0
19,172,S2224010,0
19,173,S2421434,0
19,174,S2420603,0
19,175,S2511007,0
19,176,S2247858,0
19,177,S2511006,0
19,178,S2530991,0
19,179,S2028924,0
19,180,S2327689,0
19,181,S2216630,0
19,182,S2323107,0
19,183,S2130897,0
19,184,S2300331,0
19,185,S2415692,0
19,186,S2141806,0
19,187,S2227605,0
19,188,S2210200,0
19,189,S2026723,0
19,190,S2343314,0
19,191,S2435852,0
19,192,S2350730,1
19,193,S2138905,0
19,194,S2422139,0
19,195,S2213276,0
19,196,S2227604,0
19,197,S2141808,0
19,198,S2310074,0
19,199,S2236494,0
19,200,S2302643,0
19,201,S2429064,0
19,202,S2154957,0
19,203,S2419849,0
19,204,S2229537,0
19,205,S2329756,0
19,206,S2325143,0
19,207,S2402484,0
19,208,S2419119,0
19,209,S2330988,0
19,210,S2203739,0
19,211,S2403702,0
19,212,S2203734,0
19,213,S2237603,0
19,214,S2228789,0
19,215,S2506967,0
19,216,S2206289,0
19,217,S2217673,0
19,218,S2306848,0
19,219,S2412061,0
19,220,S2408484,0
19,221,S2423616,0
19,222,S2343312,0
19,223,S2312318,0
19,224,S2154963,0
19,225,S2212213,0
19,226,S2316900,0
19,227,S2248986,0
19,228,S2332143,0
19,229,S2239523,0
19,230,S2231091,0
19,231,S2150490,0
19,232,S2426614,0
19,233,S2521239,0
19,234,S2135429,0
19,235,S2222062,0
19,236,S2326329,0
19,237,S2253528,0
19,238,S2402482,0
19,239,S2508631,0
19,240,S2318954,0
19,241,S2400070,0
19,242,S2238299,0
19,243,S2505508,0
19,244,S2207350,0
19,245,S2348398,0
19,246,S2344462,0
19,247,S2205207,0
19,248,S2318026,0
19,249,S2023420,0
19,250,S2234199,0
19,251,S2330983,0
19,252,S2334384,0
19,253,S2535840,0
19,254,S2419850,0
19,255,S2210203,0
19,256,S2326332,0
19,257,S2242499,0
19,258,S2253525,0
19,259,S2340935,0
19,260,S2213274,0
19,261,S2156022,0
19,262,S2334386,0
19,263,S2205211,0
19,264,S2311236,0
19,265,S2233279,0
19,266,S2334385,0
19,267,S2430053,0
19,268,S2320991,0
19,269,S2327489,0
19,270,S2349547,0
19,271,S2142815,0
19,272,S2143766,0
19,273,S2240720,0
19,274,S2210199,0
19,275,S2332144,0
19,276,S2408482,0
19,277,S2227608,0
19,278,S2346179,0
19,279,S2214325,0
19,280,S2310075,0
19,281,S2246785,0
19,282,S2039743,0
19,283,S2025604,0
19,284,S2342677,0
19,285,S2242500,0
19,286,S2425034,0
19,287,S2527323,0
19,288,S2408486,0
19,289,S2133157,0
19,290,S2133159,0
19,291,S2130898,0
19,292,S2434571,0
19,293,S2429677,0
19,294,S2329753,0
19,295,S2310079,0
19,296,S2211179,0
19,297,S2304561,0
19,298,S2404885,0
19,299,S2522994,0
19,300,S2231089,0
19,301,S2427693,0
19,302,S2251251,0
19,303,S2220927,0
19,304,S2129802,0
19,305,S2311238,0
19,306,S2144972,0
19,307,S2329754,0
19,308,S2216629,0
19,309,S2209234,0
19,310,S2246786,0
19,311,S2215451,0
19,312,S2235518,0
19,313,S2240724,0
19,314,S2434918,0
19,315,S2241564,0
19,316,S2405217,0
19,317,S2313436,0
19,318,S2222945,0
19,319,S2242501,0
19,320,S2414950,0
19,321,S2501301,0
19,322,S2310080,0
19,323,S2436456,0
19,324,S2224008,0
19,325,S2219754,0
19,326,S2515598,0
19,327,S2143765,0
19,328,S2312317,0
19,329,S2314590,0
19,330,S2253529,0
19,331,S2210204,0
19,332,S2209232,0
19,333,S2408854,0
19,334,S2154955,0
19,335,S2119964,0
19,336,S2315838,0
19,337,S2243826,0
19,338,S2429676,0
19,339,S2339819,0
19,340,S2338786,0
19,341,S2202567,0
19,342,S2144969,0
19,343,S2235318,0
19,344,S2437880,0
19,345,S2414954,0
19,346,S2325144,0
19,347,S2315841,0
19,348,S2202565,0
19,349,S2140144,0
19,350,S2229536,0
19,351,S2250151,0
19,352,S2148220,0
19,353,S2318025,0
19,354,S2342914,0
19,355,S2234200,0
19,356,S2521240,0
19,357,S2154954,0
19,358,S2226376,0
19,359,S2141805,0
19,360,S2306015,0
19,361,S2311235,0
19,362,S2330980,0
19,363,S2227621,0
