
Load Dataset
label column: label
label dictionary: {0: 0, 1: 1}
number of classes: 2
slide-level counts:  
 label
1      47
0    1031
Name: count, dtype: int64
Patient-LVL; Number of samples registered in class 0: 101
Slide-LVL; Number of samples registered in class 0: 1031
Patient-LVL; Number of samples registered in class 1: 14
Slide-LVL; Number of samples registered in class 1: 47
split_dir:  /home/jupyter/image_team/projects/SMC_MIL/cohorts/smc_future_v1/next_biopsy_significant/seed_1
################# Settings ###################
num_splits:  5
k_start:  -1
k_end:  -1
task:  task_smc_acr_binary_0r1r_vs_2r3r
max_epochs:  50
early_stop_patience:  10
early_stop_min_epoch:  10
results_dir:  /home/jupyter/image_team/projects/SMC_MIL/results/smc_future_v1
lr:  0.0002
experiment:  next_biopsy_significant_he_geometry
reg:  1e-05
label_frac:  1.0
bag_loss:  ce
seed:  1
model_type:  clam_sb
model_size:  small
use_drop_out:  0.25
weighted_sample:  True
opt:  adam
bag_weight:  0.7
inst_loss:  svm
B:  8
split_dir:  /home/jupyter/image_team/projects/SMC_MIL/cohorts/smc_future_v1/next_biopsy_significant/seed_1
HE augmentation: {"fold": 0, "seed": 1, "train_slides": 874, "eligible_he_train": 51, "unchanged_train": 823, "policy": "geometry", "total_views": 2, "he_original_probability": 0.5, "view_seed": 20261927, "val_test_original_only": true, "split_sha256": "afc7c5e38d556169e1ce79d00b58e646c3915f5c3e6bc2fd6aab1c3c8bf0f0ab", "validation_used_for_checkpoint_selection": true, "independent_final_test": false}

Training Fold 0!

Init train/val/test splits... 
Done!
Training on 874 samples
Validating on 204 samples
Testing on 0 samples

Init loss function... Done!

Init Model... Setting tau to 1.0
Done!
CLAM_SB(
  (attention_net): Sequential(
    (0): Linear(in_features=1536, out_features=512, bias=True)
    (1): ReLU()
    (2): Dropout(p=0.25, inplace=False)
    (3): Attn_Net_Gated(
      (attention_a): Sequential(
        (0): Linear(in_features=512, out_features=256, bias=True)
        (1): Tanh()
        (2): Dropout(p=0.25, inplace=False)
      )
      (attention_b): Sequential(
        (0): Linear(in_features=512, out_features=256, bias=True)
        (1): Sigmoid()
        (2): Dropout(p=0.25, inplace=False)
      )
      (attention_c): Linear(in_features=256, out_features=1, bias=True)
    )
  )
  (classifiers): Linear(in_features=512, out_features=2, bias=True)
  (instance_classifiers): ModuleList(
    (0-1): 2 x Linear(in_features=512, out_features=2, bias=True)
  )
  (instance_loss_fn): SmoothTop1SVM()
)
Total number of parameters: 1052935
Total number of trainable parameters: 1052935

Init optimizer ... Done!

Init Loaders... Done!

Setup EarlyStopping... Done!


batch 19, loss: 1.3380, instance_loss: 1.2062, weighted_loss: 1.2985, label: 0, bag_size: 3468
batch 39, loss: 0.2173, instance_loss: 0.1714, weighted_loss: 0.2035, label: 0, bag_size: 2868
batch 59, loss: 0.2594, instance_loss: 0.0152, weighted_loss: 0.1861, label: 0, bag_size: 2674
batch 79, loss: 0.2929, instance_loss: 0.0046, weighted_loss: 0.2064, label: 0, bag_size: 6157
batch 99, loss: 1.7749, instance_loss: 0.3798, weighted_loss: 1.3564, label: 1, bag_size: 3628
batch 119, loss: 0.4847, instance_loss: 1.0851, weighted_loss: 0.6648, label: 1, bag_size: 4563
batch 139, loss: 0.5520, instance_loss: 0.3624, weighted_loss: 0.4951, label: 0, bag_size: 4528
batch 159, loss: 0.8765, instance_loss: 0.2436, weighted_loss: 0.6866, label: 1, bag_size: 1140
batch 179, loss: 0.5202, instance_loss: 0.0654, weighted_loss: 0.3838, label: 1, bag_size: 10371
batch 199, loss: 0.9954, instance_loss: 0.0881, weighted_loss: 0.7232, label: 1, bag_size: 4563
batch 219, loss: 0.2950, instance_loss: 0.1272, weighted_loss: 0.2447, label: 1, bag_size: 3628
batch 239, loss: 0.4787, instance_loss: 0.0652, weighted_loss: 0.3546, label: 1, bag_size: 2637
batch 259, loss: 0.7335, instance_loss: 0.0945, weighted_loss: 0.5418, label: 1, bag_size: 10371
batch 279, loss: 1.9255, instance_loss: 0.0100, weighted_loss: 1.3509, label: 0, bag_size: 15270
batch 299, loss: 0.4306, instance_loss: 0.0566, weighted_loss: 0.3184, label: 1, bag_size: 16197
batch 319, loss: 0.6606, instance_loss: 0.0320, weighted_loss: 0.4720, label: 0, bag_size: 3257
batch 339, loss: 0.5636, instance_loss: 0.0092, weighted_loss: 0.3973, label: 1, bag_size: 14763
batch 359, loss: 0.4396, instance_loss: 0.0585, weighted_loss: 0.3253, label: 1, bag_size: 3354
batch 379, loss: 0.1881, instance_loss: 0.0201, weighted_loss: 0.1377, label: 0, bag_size: 948
batch 399, loss: 0.2691, instance_loss: 0.0093, weighted_loss: 0.1911, label: 0, bag_size: 5965
batch 419, loss: 0.5475, instance_loss: 0.0059, weighted_loss: 0.3850, label: 0, bag_size: 18054
batch 439, loss: 0.4569, instance_loss: 0.0187, weighted_loss: 0.3255, label: 0, bag_size: 1921
batch 459, loss: 0.1487, instance_loss: 0.0090, weighted_loss: 0.1068, label: 0, bag_size: 1858
batch 479, loss: 0.8424, instance_loss: 0.0008, weighted_loss: 0.5899, label: 0, bag_size: 19988
batch 499, loss: 0.5445, instance_loss: 0.0248, weighted_loss: 0.3886, label: 1, bag_size: 10180
batch 519, loss: 1.0928, instance_loss: 0.0276, weighted_loss: 0.7733, label: 0, bag_size: 4012
batch 539, loss: 0.3959, instance_loss: 0.0113, weighted_loss: 0.2805, label: 0, bag_size: 2076
batch 559, loss: 0.4068, instance_loss: 0.0147, weighted_loss: 0.2892, label: 0, bag_size: 20121
batch 579, loss: 0.3211, instance_loss: 0.0096, weighted_loss: 0.2277, label: 1, bag_size: 5906
batch 599, loss: 0.1640, instance_loss: 0.0035, weighted_loss: 0.1158, label: 1, bag_size: 12989
batch 619, loss: 0.9726, instance_loss: 0.0667, weighted_loss: 0.7009, label: 1, bag_size: 10371
batch 639, loss: 0.1298, instance_loss: 0.0060, weighted_loss: 0.0927, label: 1, bag_size: 14414
batch 659, loss: 0.0146, instance_loss: 0.0011, weighted_loss: 0.0106, label: 1, bag_size: 6344
batch 679, loss: 0.5216, instance_loss: 0.0218, weighted_loss: 0.3717, label: 1, bag_size: 15079
batch 699, loss: 0.8117, instance_loss: 0.0133, weighted_loss: 0.5721, label: 1, bag_size: 2671
batch 719, loss: 0.4866, instance_loss: 0.0013, weighted_loss: 0.3410, label: 0, bag_size: 11919
batch 739, loss: 0.0314, instance_loss: 0.0081, weighted_loss: 0.0244, label: 1, bag_size: 13646
batch 759, loss: 0.1177, instance_loss: 0.0027, weighted_loss: 0.0832, label: 0, bag_size: 9848
batch 779, loss: 1.2473, instance_loss: 0.0041, weighted_loss: 0.8743, label: 1, bag_size: 7879
batch 799, loss: 0.3135, instance_loss: 0.0027, weighted_loss: 0.2202, label: 0, bag_size: 2698
batch 819, loss: 0.1085, instance_loss: 0.0062, weighted_loss: 0.0778, label: 0, bag_size: 2698
batch 839, loss: 0.2453, instance_loss: 0.0039, weighted_loss: 0.1729, label: 0, bag_size: 11672
batch 859, loss: 1.0576, instance_loss: 0.0112, weighted_loss: 0.7437, label: 0, bag_size: 3727


class 0 clustering acc 0.9711098398169337: correct 6790/6992
class 1 clustering acc 0.9695366132723112: correct 6779/6992
Epoch: 0, train_loss: 0.5723, train_clustering_loss:  0.1657, train_error: 0.3055
class 0: acc 0.7008928571428571, correct 314/448
class 1: acc 0.687793427230047, correct 293/426

Val Set, val_loss: 0.3729, val_error: 0.0931, auc: 0.4097
class 0 clustering acc 1.0: correct 1632/1632
class 1 clustering acc 1.0: correct 1632/1632
class 0: acc 0.9390862944162437, correct 185/197
class 1: acc 0.0, correct 0/7
Validation loss decreased (inf --> 0.372868).  Saving model ...


batch 19, loss: 0.2176, instance_loss: 0.0051, weighted_loss: 0.1539, label: 0, bag_size: 3666
batch 39, loss: 0.1230, instance_loss: 0.0040, weighted_loss: 0.0873, label: 1, bag_size: 14763
batch 59, loss: 0.3450, instance_loss: 0.0038, weighted_loss: 0.2426, label: 1, bag_size: 5906
batch 79, loss: 0.0694, instance_loss: 0.0113, weighted_loss: 0.0520, label: 0, bag_size: 21383
batch 99, loss: 0.2972, instance_loss: 0.0045, weighted_loss: 0.2094, label: 0, bag_size: 7092
batch 119, loss: 0.9092, instance_loss: 0.0007, weighted_loss: 0.6366, label: 0, bag_size: 4029
batch 139, loss: 0.0372, instance_loss: 0.0181, weighted_loss: 0.0315, label: 0, bag_size: 17456
batch 159, loss: 0.0195, instance_loss: 0.0004, weighted_loss: 0.0138, label: 1, bag_size: 14763
batch 179, loss: 0.0517, instance_loss: 0.0038, weighted_loss: 0.0373, label: 0, bag_size: 9151
batch 199, loss: 0.3854, instance_loss: 0.0032, weighted_loss: 0.2707, label: 0, bag_size: 4703
batch 219, loss: 0.0858, instance_loss: 0.0006, weighted_loss: 0.0603, label: 1, bag_size: 14528
batch 239, loss: 0.3508, instance_loss: 0.0101, weighted_loss: 0.2486, label: 0, bag_size: 6019
batch 259, loss: 0.3016, instance_loss: 0.0008, weighted_loss: 0.2114, label: 0, bag_size: 11354
batch 279, loss: 0.0050, instance_loss: 0.0002, weighted_loss: 0.0036, label: 0, bag_size: 16323
batch 299, loss: 0.4740, instance_loss: 0.0057, weighted_loss: 0.3335, label: 1, bag_size: 8663
batch 319, loss: 0.9331, instance_loss: 0.0158, weighted_loss: 0.6579, label: 1, bag_size: 14763
batch 339, loss: 0.0118, instance_loss: 0.0056, weighted_loss: 0.0100, label: 0, bag_size: 8542
batch 359, loss: 0.3498, instance_loss: 0.0002, weighted_loss: 0.2449, label: 1, bag_size: 7879
batch 379, loss: 0.0043, instance_loss: 0.0004, weighted_loss: 0.0031, label: 0, bag_size: 17767
batch 399, loss: 0.1993, instance_loss: 0.0021, weighted_loss: 0.1401, label: 1, bag_size: 4492
batch 419, loss: 0.0232, instance_loss: 0.0000, weighted_loss: 0.0162, label: 1, bag_size: 22042
batch 439, loss: 0.7648, instance_loss: 0.0000, weighted_loss: 0.5353, label: 0, bag_size: 10653
batch 459, loss: 0.2205, instance_loss: 0.0018, weighted_loss: 0.1549, label: 0, bag_size: 5893
batch 479, loss: 0.4414, instance_loss: 0.0010, weighted_loss: 0.3093, label: 0, bag_size: 4703
batch 499, loss: 0.1320, instance_loss: 0.0056, weighted_loss: 0.0941, label: 1, bag_size: 4492
batch 519, loss: 0.0083, instance_loss: 0.0029, weighted_loss: 0.0067, label: 1, bag_size: 4563
batch 539, loss: 0.0487, instance_loss: 0.0003, weighted_loss: 0.0342, label: 1, bag_size: 22399
batch 559, loss: 0.0078, instance_loss: 0.0035, weighted_loss: 0.0065, label: 0, bag_size: 14454
batch 579, loss: 0.0192, instance_loss: 0.0388, weighted_loss: 0.0251, label: 0, bag_size: 8731
batch 599, loss: 1.1798, instance_loss: 0.0091, weighted_loss: 0.8286, label: 1, bag_size: 22624
batch 619, loss: 0.0071, instance_loss: 0.0010, weighted_loss: 0.0053, label: 0, bag_size: 2766
batch 639, loss: 0.0088, instance_loss: 0.0023, weighted_loss: 0.0068, label: 0, bag_size: 4404
batch 659, loss: 2.4340, instance_loss: 0.0000, weighted_loss: 1.7038, label: 0, bag_size: 14591
batch 679, loss: 0.0377, instance_loss: 0.0030, weighted_loss: 0.0273, label: 1, bag_size: 2637
batch 699, loss: 0.1310, instance_loss: 0.0002, weighted_loss: 0.0918, label: 1, bag_size: 16197
batch 719, loss: 0.0217, instance_loss: 0.0003, weighted_loss: 0.0153, label: 1, bag_size: 13571
batch 739, loss: 1.2559, instance_loss: 0.0036, weighted_loss: 0.8802, label: 1, bag_size: 9833
batch 759, loss: 0.0993, instance_loss: 0.0032, weighted_loss: 0.0705, label: 0, bag_size: 7491
batch 779, loss: 0.0022, instance_loss: 0.0000, weighted_loss: 0.0015, label: 0, bag_size: 3857
batch 799, loss: 0.0135, instance_loss: 0.0000, weighted_loss: 0.0095, label: 1, bag_size: 1140
batch 819, loss: 0.1364, instance_loss: 0.0025, weighted_loss: 0.0962, label: 1, bag_size: 4492
batch 839, loss: 0.0240, instance_loss: 0.0000, weighted_loss: 0.0168, label: 0, bag_size: 12188
batch 859, loss: 0.0213, instance_loss: 0.0000, weighted_loss: 0.0149, label: 1, bag_size: 22399


class 0 clustering acc 1.0: correct 6992/6992
class 1 clustering acc 0.9991418764302059: correct 6986/6992
Epoch: 1, train_loss: 0.3553, train_clustering_loss:  0.0045, train_error: 0.1705
class 0: acc 0.8714596949891068, correct 400/459
class 1: acc 0.7831325301204819, correct 325/415

Val Set, val_loss: 0.2941, val_error: 0.0833, auc: 0.3662
class 0 clustering acc 1.0: correct 1632/1632
class 1 clustering acc 1.0: correct 1632/1632
class 0: acc 0.949238578680203, correct 187/197
class 1: acc 0.0, correct 0/7
Validation loss decreased (0.372868 --> 0.294055).  Saving model ...


batch 19, loss: 0.0060, instance_loss: 0.0000, weighted_loss: 0.0042, label: 1, bag_size: 6028
batch 39, loss: 0.0616, instance_loss: 0.0000, weighted_loss: 0.0431, label: 0, bag_size: 18431
batch 59, loss: 0.0309, instance_loss: 0.0004, weighted_loss: 0.0218, label: 1, bag_size: 4516
batch 79, loss: 0.1868, instance_loss: 0.0000, weighted_loss: 0.1308, label: 0, bag_size: 11116
batch 99, loss: 0.0023, instance_loss: 0.0000, weighted_loss: 0.0016, label: 1, bag_size: 14414
batch 119, loss: 0.0282, instance_loss: 0.0019, weighted_loss: 0.0203, label: 1, bag_size: 21609
batch 139, loss: 0.0055, instance_loss: 0.0003, weighted_loss: 0.0039, label: 0, bag_size: 17351
batch 159, loss: 0.0597, instance_loss: 0.0032, weighted_loss: 0.0428, label: 0, bag_size: 11919
batch 179, loss: 0.0525, instance_loss: 0.0002, weighted_loss: 0.0368, label: 1, bag_size: 16197
batch 199, loss: 0.6612, instance_loss: 0.0058, weighted_loss: 0.4646, label: 0, bag_size: 5862
batch 219, loss: 0.3925, instance_loss: 0.0027, weighted_loss: 0.2756, label: 0, bag_size: 2023
batch 239, loss: 0.0403, instance_loss: 0.0007, weighted_loss: 0.0285, label: 1, bag_size: 4516
batch 259, loss: 0.2257, instance_loss: 0.0007, weighted_loss: 0.1582, label: 0, bag_size: 4320
batch 279, loss: 0.0146, instance_loss: 0.0060, weighted_loss: 0.0120, label: 0, bag_size: 2718
batch 299, loss: 0.0241, instance_loss: 0.0012, weighted_loss: 0.0172, label: 1, bag_size: 4492
batch 319, loss: 0.0429, instance_loss: 0.0003, weighted_loss: 0.0301, label: 1, bag_size: 6028
batch 339, loss: 0.0237, instance_loss: 0.0021, weighted_loss: 0.0173, label: 1, bag_size: 3628
batch 359, loss: 0.0324, instance_loss: 0.0000, weighted_loss: 0.0227, label: 1, bag_size: 22399
batch 379, loss: 0.0018, instance_loss: 0.0003, weighted_loss: 0.0013, label: 0, bag_size: 2984
batch 399, loss: 0.0036, instance_loss: 0.0020, weighted_loss: 0.0031, label: 1, bag_size: 2637
batch 419, loss: 0.0264, instance_loss: 0.0000, weighted_loss: 0.0184, label: 0, bag_size: 18559
batch 439, loss: 0.1192, instance_loss: 0.0063, weighted_loss: 0.0853, label: 1, bag_size: 1140
batch 459, loss: 0.0041, instance_loss: 0.0000, weighted_loss: 0.0028, label: 1, bag_size: 15079
batch 479, loss: 0.0688, instance_loss: 0.0036, weighted_loss: 0.0493, label: 0, bag_size: 1333
batch 499, loss: 0.0002, instance_loss: 0.0022, weighted_loss: 0.0008, label: 0, bag_size: 19131
batch 519, loss: 0.0037, instance_loss: 0.0016, weighted_loss: 0.0031, label: 1, bag_size: 2853
batch 539, loss: 0.0003, instance_loss: 0.0000, weighted_loss: 0.0002, label: 0, bag_size: 16385
batch 559, loss: 1.5122, instance_loss: 0.0000, weighted_loss: 1.0586, label: 0, bag_size: 13046
batch 579, loss: 0.2658, instance_loss: 0.0018, weighted_loss: 0.1866, label: 1, bag_size: 5828
batch 599, loss: 0.0003, instance_loss: 0.0004, weighted_loss: 0.0004, label: 0, bag_size: 14428
batch 619, loss: 0.0032, instance_loss: 0.0014, weighted_loss: 0.0027, label: 1, bag_size: 13646
batch 639, loss: 0.3604, instance_loss: 0.0046, weighted_loss: 0.2537, label: 1, bag_size: 9833
batch 659, loss: 0.0098, instance_loss: 0.0053, weighted_loss: 0.0084, label: 0, bag_size: 3917
batch 679, loss: 0.0123, instance_loss: 0.0029, weighted_loss: 0.0095, label: 1, bag_size: 5956
batch 699, loss: 0.0002, instance_loss: 0.0000, weighted_loss: 0.0002, label: 0, bag_size: 16768
batch 719, loss: 0.0121, instance_loss: 0.0000, weighted_loss: 0.0084, label: 1, bag_size: 14414
batch 739, loss: 2.0719, instance_loss: 0.0002, weighted_loss: 1.4504, label: 0, bag_size: 3687
batch 759, loss: 0.4063, instance_loss: 0.0002, weighted_loss: 0.2845, label: 0, bag_size: 6239
batch 779, loss: 0.0346, instance_loss: 0.0050, weighted_loss: 0.0257, label: 1, bag_size: 1140
batch 799, loss: 1.2156, instance_loss: 0.0022, weighted_loss: 0.8516, label: 0, bag_size: 3975
batch 819, loss: 0.0121, instance_loss: 0.0000, weighted_loss: 0.0084, label: 1, bag_size: 21609
batch 839, loss: 1.0534, instance_loss: 0.0008, weighted_loss: 0.7376, label: 1, bag_size: 4516
batch 859, loss: 0.0026, instance_loss: 0.0004, weighted_loss: 0.0019, label: 1, bag_size: 22871


class 0 clustering acc 0.9997139588100686: correct 6990/6992
class 1 clustering acc 0.9997139588100686: correct 6990/6992
Epoch: 2, train_loss: 0.1626, train_clustering_loss:  0.0046, train_error: 0.0629
class 0: acc 0.9380733944954128, correct 409/436
class 1: acc 0.9360730593607306, correct 410/438

Val Set, val_loss: 0.5505, val_error: 0.1765, auc: 0.3024
class 0 clustering acc 1.0: correct 1632/1632
class 1 clustering acc 1.0: correct 1632/1632
class 0: acc 0.8527918781725888, correct 168/197
class 1: acc 0.0, correct 0/7
EarlyStopping counter: 1 out of 10


batch 19, loss: 0.0264, instance_loss: 0.0030, weighted_loss: 0.0194, label: 1, bag_size: 2671
batch 39, loss: 0.0008, instance_loss: 0.0196, weighted_loss: 0.0064, label: 0, bag_size: 3117
batch 59, loss: 0.0075, instance_loss: 0.0025, weighted_loss: 0.0060, label: 0, bag_size: 1750
batch 79, loss: 0.0000, instance_loss: 0.0008, weighted_loss: 0.0003, label: 0, bag_size: 17328
batch 99, loss: 0.0085, instance_loss: 0.0011, weighted_loss: 0.0063, label: 1, bag_size: 21952
batch 119, loss: 0.0500, instance_loss: 0.0003, weighted_loss: 0.0351, label: 0, bag_size: 8138
batch 139, loss: 0.0000, instance_loss: 0.0002, weighted_loss: 0.0001, label: 0, bag_size: 16964
batch 159, loss: 0.0068, instance_loss: 0.0013, weighted_loss: 0.0051, label: 0, bag_size: 11919
batch 179, loss: 0.0000, instance_loss: 0.0000, weighted_loss: 0.0000, label: 0, bag_size: 14711
batch 199, loss: 0.0283, instance_loss: 0.0000, weighted_loss: 0.0198, label: 1, bag_size: 18621
batch 219, loss: 0.0767, instance_loss: 0.0000, weighted_loss: 0.0537, label: 0, bag_size: 11116
batch 239, loss: 0.1037, instance_loss: 0.0012, weighted_loss: 0.0730, label: 0, bag_size: 4197
batch 259, loss: 0.0326, instance_loss: 0.0000, weighted_loss: 0.0228, label: 0, bag_size: 4310
batch 279, loss: 0.0716, instance_loss: 0.0000, weighted_loss: 0.0501, label: 1, bag_size: 16197
batch 299, loss: 0.4901, instance_loss: 0.0000, weighted_loss: 0.3431, label: 0, bag_size: 10161
batch 319, loss: 0.0396, instance_loss: 0.0000, weighted_loss: 0.0277, label: 1, bag_size: 16197
batch 339, loss: 0.0021, instance_loss: 0.0004, weighted_loss: 0.0016, label: 1, bag_size: 4760
batch 359, loss: 0.0130, instance_loss: 0.0000, weighted_loss: 0.0091, label: 0, bag_size: 1862
batch 379, loss: 0.0217, instance_loss: 0.0053, weighted_loss: 0.0168, label: 1, bag_size: 22871
batch 399, loss: 0.1070, instance_loss: 0.0028, weighted_loss: 0.0757, label: 1, bag_size: 9833
batch 419, loss: 0.2894, instance_loss: 0.0000, weighted_loss: 0.2026, label: 0, bag_size: 10658
batch 439, loss: 0.0041, instance_loss: 0.0081, weighted_loss: 0.0053, label: 0, bag_size: 1861
batch 459, loss: 0.0026, instance_loss: 0.0236, weighted_loss: 0.0089, label: 0, bag_size: 5027
batch 479, loss: 0.0007, instance_loss: 0.0000, weighted_loss: 0.0005, label: 1, bag_size: 5906
batch 499, loss: 0.0033, instance_loss: 0.0000, weighted_loss: 0.0023, label: 1, bag_size: 15079
batch 519, loss: 0.0046, instance_loss: 0.0004, weighted_loss: 0.0033, label: 1, bag_size: 22871
batch 539, loss: 0.0007, instance_loss: 0.0005, weighted_loss: 0.0006, label: 1, bag_size: 2637
batch 559, loss: 0.0049, instance_loss: 0.0012, weighted_loss: 0.0038, label: 1, bag_size: 6812
batch 579, loss: 0.0010, instance_loss: 0.0000, weighted_loss: 0.0007, label: 0, bag_size: 16385
batch 599, loss: 0.0164, instance_loss: 0.0000, weighted_loss: 0.0115, label: 0, bag_size: 3020
batch 619, loss: 0.1739, instance_loss: 0.0016, weighted_loss: 0.1222, label: 1, bag_size: 21609
batch 639, loss: 0.0003, instance_loss: 0.0071, weighted_loss: 0.0023, label: 0, bag_size: 1994
batch 659, loss: 0.0048, instance_loss: 0.0000, weighted_loss: 0.0033, label: 1, bag_size: 6028
batch 679, loss: 0.0003, instance_loss: 0.0079, weighted_loss: 0.0026, label: 0, bag_size: 2708
batch 699, loss: 0.0002, instance_loss: 0.0021, weighted_loss: 0.0007, label: 0, bag_size: 2776
batch 719, loss: 0.0003, instance_loss: 0.0000, weighted_loss: 0.0002, label: 1, bag_size: 5906
batch 739, loss: 0.0097, instance_loss: 0.0000, weighted_loss: 0.0068, label: 1, bag_size: 21952
batch 759, loss: 0.0079, instance_loss: 0.0052, weighted_loss: 0.0071, label: 0, bag_size: 10001
batch 779, loss: 0.5406, instance_loss: 0.0044, weighted_loss: 0.3797, label: 0, bag_size: 9768
batch 799, loss: 0.0037, instance_loss: 0.0002, weighted_loss: 0.0026, label: 0, bag_size: 19134
batch 819, loss: 0.0519, instance_loss: 0.0000, weighted_loss: 0.0363, label: 0, bag_size: 15577
batch 839, loss: 0.0264, instance_loss: 0.0000, weighted_loss: 0.0184, label: 1, bag_size: 5082
batch 859, loss: 0.0902, instance_loss: 0.0010, weighted_loss: 0.0634, label: 1, bag_size: 4516


class 0 clustering acc 0.9998569794050344: correct 6991/6992
class 1 clustering acc 1.0: correct 6992/6992
Epoch: 3, train_loss: 0.1355, train_clustering_loss:  0.0026, train_error: 0.0446
class 0: acc 0.9484029484029484, correct 386/407
class 1: acc 0.961456102783726, correct 449/467

Val Set, val_loss: 0.3348, val_error: 0.0490, auc: 0.3176
class 0 clustering acc 1.0: correct 1632/1632
class 1 clustering acc 0.9993872549019608: correct 1631/1632
class 0: acc 0.9847715736040609, correct 194/197
class 1: acc 0.0, correct 0/7
EarlyStopping counter: 2 out of 10


batch 19, loss: 0.0115, instance_loss: 0.0000, weighted_loss: 0.0081, label: 1, bag_size: 10371
batch 39, loss: 0.0235, instance_loss: 0.0000, weighted_loss: 0.0165, label: 0, bag_size: 3419
batch 59, loss: 0.0004, instance_loss: 0.0002, weighted_loss: 0.0003, label: 1, bag_size: 6812
batch 79, loss: 0.0459, instance_loss: 0.0003, weighted_loss: 0.0322, label: 1, bag_size: 21609
batch 99, loss: 0.0001, instance_loss: 0.0000, weighted_loss: 0.0000, label: 0, bag_size: 21878
batch 119, loss: 0.0514, instance_loss: 0.0003, weighted_loss: 0.0361, label: 0, bag_size: 4569
batch 139, loss: 0.0021, instance_loss: 0.0002, weighted_loss: 0.0015, label: 0, bag_size: 18076
batch 159, loss: 0.0597, instance_loss: 0.0000, weighted_loss: 0.0418, label: 1, bag_size: 14763
batch 179, loss: 0.0148, instance_loss: 0.0168, weighted_loss: 0.0154, label: 0, bag_size: 1322
batch 199, loss: 0.0096, instance_loss: 0.0000, weighted_loss: 0.0067, label: 1, bag_size: 5082
batch 219, loss: 0.0006, instance_loss: 0.0017, weighted_loss: 0.0009, label: 0, bag_size: 2776
batch 239, loss: 0.0005, instance_loss: 0.0002, weighted_loss: 0.0004, label: 0, bag_size: 2315
batch 259, loss: 0.0000, instance_loss: 0.0033, weighted_loss: 0.0010, label: 0, bag_size: 1290
batch 279, loss: 0.0152, instance_loss: 0.0005, weighted_loss: 0.0108, label: 1, bag_size: 1140
batch 299, loss: 0.0000, instance_loss: 0.0003, weighted_loss: 0.0001, label: 0, bag_size: 4010
batch 319, loss: 0.0123, instance_loss: 0.0023, weighted_loss: 0.0093, label: 0, bag_size: 7992
batch 339, loss: 1.1654, instance_loss: 0.0011, weighted_loss: 0.8161, label: 0, bag_size: 2865
batch 359, loss: 0.1435, instance_loss: 0.0002, weighted_loss: 0.1005, label: 1, bag_size: 18621
batch 379, loss: 0.0164, instance_loss: 0.0005, weighted_loss: 0.0116, label: 1, bag_size: 10180
batch 399, loss: 0.0096, instance_loss: 0.0020, weighted_loss: 0.0073, label: 0, bag_size: 5195
batch 419, loss: 0.0119, instance_loss: 0.0002, weighted_loss: 0.0084, label: 1, bag_size: 4516
batch 439, loss: 0.0035, instance_loss: 0.0029, weighted_loss: 0.0033, label: 0, bag_size: 5157
batch 459, loss: 0.0202, instance_loss: 0.0014, weighted_loss: 0.0145, label: 1, bag_size: 10180
batch 479, loss: 0.0104, instance_loss: 0.0009, weighted_loss: 0.0075, label: 1, bag_size: 10180
batch 499, loss: 0.0004, instance_loss: 0.0041, weighted_loss: 0.0015, label: 1, bag_size: 9833
batch 519, loss: 0.0000, instance_loss: 0.0034, weighted_loss: 0.0010, label: 0, bag_size: 2352
batch 539, loss: 0.0031, instance_loss: 0.0011, weighted_loss: 0.0025, label: 0, bag_size: 1865
batch 559, loss: 0.0003, instance_loss: 0.0000, weighted_loss: 0.0002, label: 1, bag_size: 4563
batch 579, loss: 0.0000, instance_loss: 0.0000, weighted_loss: 0.0000, label: 0, bag_size: 9151
batch 599, loss: 0.0119, instance_loss: 0.0010, weighted_loss: 0.0087, label: 1, bag_size: 5956
batch 619, loss: 0.0000, instance_loss: 0.0002, weighted_loss: 0.0001, label: 0, bag_size: 2989
batch 639, loss: 0.0086, instance_loss: 0.0013, weighted_loss: 0.0064, label: 0, bag_size: 5464
batch 659, loss: 0.0106, instance_loss: 0.0011, weighted_loss: 0.0078, label: 1, bag_size: 10180
batch 679, loss: 0.0008, instance_loss: 0.0000, weighted_loss: 0.0005, label: 0, bag_size: 20807
batch 699, loss: 0.0003, instance_loss: 0.0000, weighted_loss: 0.0002, label: 0, bag_size: 7048
batch 719, loss: 0.0699, instance_loss: 0.0000, weighted_loss: 0.0489, label: 0, bag_size: 10653
batch 739, loss: 0.0049, instance_loss: 0.0016, weighted_loss: 0.0039, label: 1, bag_size: 5137
batch 759, loss: 0.0018, instance_loss: 0.0000, weighted_loss: 0.0013, label: 0, bag_size: 7491
batch 779, loss: 0.0018, instance_loss: 0.0000, weighted_loss: 0.0012, label: 0, bag_size: 9834
batch 799, loss: 0.0067, instance_loss: 0.0000, weighted_loss: 0.0047, label: 1, bag_size: 4760
batch 819, loss: 0.0843, instance_loss: 0.0000, weighted_loss: 0.0590, label: 1, bag_size: 4516
batch 839, loss: 0.0220, instance_loss: 0.0000, weighted_loss: 0.0154, label: 1, bag_size: 21609
batch 859, loss: 0.0018, instance_loss: 0.0028, weighted_loss: 0.0021, label: 1, bag_size: 2644


class 0 clustering acc 0.9998569794050344: correct 6991/6992
class 1 clustering acc 1.0: correct 6992/6992
Epoch: 4, train_loss: 0.0793, train_clustering_loss:  0.0016, train_error: 0.0252
class 0: acc 0.9655963302752294, correct 421/436
class 1: acc 0.9840182648401826, correct 431/438

Val Set, val_loss: 0.4372, val_error: 0.0882, auc: 0.3212
class 0 clustering acc 1.0: correct 1632/1632
class 1 clustering acc 1.0: correct 1632/1632
class 0: acc 0.9441624365482234, correct 186/197
class 1: acc 0.0, correct 0/7
EarlyStopping counter: 3 out of 10


batch 19, loss: 0.0050, instance_loss: 0.0223, weighted_loss: 0.0102, label: 0, bag_size: 2119
batch 39, loss: 0.0000, instance_loss: 0.0078, weighted_loss: 0.0024, label: 0, bag_size: 3146
batch 59, loss: 0.0000, instance_loss: 0.0000, weighted_loss: 0.0000, label: 0, bag_size: 15251
batch 79, loss: 0.0003, instance_loss: 0.0000, weighted_loss: 0.0002, label: 0, bag_size: 7427
batch 99, loss: 0.0246, instance_loss: 0.0043, weighted_loss: 0.0185, label: 1, bag_size: 2671
batch 119, loss: 0.4237, instance_loss: 0.0000, weighted_loss: 0.2966, label: 1, bag_size: 16197
batch 139, loss: 0.0032, instance_loss: 0.0000, weighted_loss: 0.0022, label: 1, bag_size: 22871
batch 159, loss: 0.0002, instance_loss: 0.0000, weighted_loss: 0.0001, label: 1, bag_size: 6344
batch 179, loss: 0.0000, instance_loss: 0.0000, weighted_loss: 0.0000, label: 0, bag_size: 5912
batch 199, loss: 0.0440, instance_loss: 0.0000, weighted_loss: 0.0308, label: 1, bag_size: 18621
batch 219, loss: 0.0001, instance_loss: 0.0000, weighted_loss: 0.0001, label: 0, bag_size: 4963
batch 239, loss: 0.0002, instance_loss: 0.0000, weighted_loss: 0.0002, label: 0, bag_size: 5677
batch 259, loss: 0.0048, instance_loss: 0.0000, weighted_loss: 0.0034, label: 1, bag_size: 5082
batch 279, loss: 0.4299, instance_loss: 0.0000, weighted_loss: 0.3010, label: 0, bag_size: 7324
batch 299, loss: 0.0008, instance_loss: 0.0080, weighted_loss: 0.0029, label: 0, bag_size: 4859
batch 319, loss: 0.0000, instance_loss: 0.0000, weighted_loss: 0.0000, label: 0, bag_size: 21084
batch 339, loss: 0.0102, instance_loss: 0.0003, weighted_loss: 0.0072, label: 1, bag_size: 21952
batch 359, loss: 0.0003, instance_loss: 0.0889, weighted_loss: 0.0269, label: 1, bag_size: 5137
batch 379, loss: 0.8006, instance_loss: 0.0023, weighted_loss: 0.5611, label: 1, bag_size: 16197
batch 399, loss: 0.3919, instance_loss: 0.0000, weighted_loss: 0.2744, label: 0, bag_size: 14853
batch 419, loss: 0.0201, instance_loss: 0.0000, weighted_loss: 0.0141, label: 1, bag_size: 22624
batch 439, loss: 0.0005, instance_loss: 0.0000, weighted_loss: 0.0003, label: 0, bag_size: 8542
batch 459, loss: 0.0000, instance_loss: 0.0000, weighted_loss: 0.0000, label: 0, bag_size: 17592
batch 479, loss: 0.0036, instance_loss: 0.0000, weighted_loss: 0.0025, label: 1, bag_size: 2644
batch 499, loss: 0.0000, instance_loss: 0.0000, weighted_loss: 0.0000, label: 0, bag_size: 15851
batch 519, loss: 0.0001, instance_loss: 0.0006, weighted_loss: 0.0002, label: 0, bag_size: 6432
batch 539, loss: 0.0020, instance_loss: 0.0007, weighted_loss: 0.0016, label: 0, bag_size: 5224
batch 559, loss: 0.0010, instance_loss: 0.0000, weighted_loss: 0.0007, label: 0, bag_size: 8770
batch 579, loss: 0.1240, instance_loss: 0.0000, weighted_loss: 0.0868, label: 1, bag_size: 4492
batch 599, loss: 0.0005, instance_loss: 0.0000, weighted_loss: 0.0003, label: 0, bag_size: 8781
batch 619, loss: 0.0005, instance_loss: 0.0018, weighted_loss: 0.0009, label: 0, bag_size: 1345
batch 639, loss: 0.2206, instance_loss: 0.0000, weighted_loss: 0.1544, label: 0, bag_size: 1862
batch 659, loss: 0.0203, instance_loss: 0.0000, weighted_loss: 0.0142, label: 0, bag_size: 12239
batch 679, loss: 0.0006, instance_loss: 0.0007, weighted_loss: 0.0006, label: 0, bag_size: 16707
batch 699, loss: 0.1169, instance_loss: 0.0000, weighted_loss: 0.0818, label: 0, bag_size: 11116
batch 719, loss: 0.3279, instance_loss: 0.0000, weighted_loss: 0.2295, label: 1, bag_size: 4516
batch 739, loss: 0.0001, instance_loss: 0.0000, weighted_loss: 0.0001, label: 0, bag_size: 6434
batch 759, loss: 0.0017, instance_loss: 0.0000, weighted_loss: 0.0012, label: 0, bag_size: 6631
batch 779, loss: 0.0287, instance_loss: 0.0000, weighted_loss: 0.0201, label: 1, bag_size: 16197
batch 799, loss: 0.0018, instance_loss: 0.0000, weighted_loss: 0.0012, label: 1, bag_size: 4760
batch 819, loss: 0.0005, instance_loss: 0.0008, weighted_loss: 0.0006, label: 1, bag_size: 9833
batch 839, loss: 0.0142, instance_loss: 0.0000, weighted_loss: 0.0099, label: 1, bag_size: 14414
batch 859, loss: 0.0001, instance_loss: 0.0002, weighted_loss: 0.0001, label: 0, bag_size: 2999


class 0 clustering acc 1.0: correct 6992/6992
class 1 clustering acc 0.9998569794050344: correct 6991/6992
Epoch: 5, train_loss: 0.0942, train_clustering_loss:  0.0016, train_error: 0.0332
class 0: acc 0.9596199524940617, correct 404/421
class 1: acc 0.9735099337748344, correct 441/453

Val Set, val_loss: 0.4062, val_error: 0.0931, auc: 0.3865
class 0 clustering acc 1.0: correct 1632/1632
class 1 clustering acc 1.0: correct 1632/1632
class 0: acc 0.9390862944162437, correct 185/197
class 1: acc 0.0, correct 0/7
EarlyStopping counter: 4 out of 10


batch 19, loss: 0.0040, instance_loss: 0.0000, weighted_loss: 0.0028, label: 1, bag_size: 22624
batch 39, loss: 0.0026, instance_loss: 0.0000, weighted_loss: 0.0018, label: 1, bag_size: 21952
batch 59, loss: 1.4692, instance_loss: 0.0007, weighted_loss: 1.0286, label: 0, bag_size: 4915
batch 79, loss: 0.0004, instance_loss: 0.0000, weighted_loss: 0.0003, label: 0, bag_size: 2573
batch 99, loss: 0.0543, instance_loss: 0.0008, weighted_loss: 0.0382, label: 1, bag_size: 5956
batch 119, loss: 0.0000, instance_loss: 0.0000, weighted_loss: 0.0000, label: 0, bag_size: 18006
batch 139, loss: 0.0000, instance_loss: 0.0000, weighted_loss: 0.0000, label: 0, bag_size: 3129
batch 159, loss: 0.6684, instance_loss: 0.0011, weighted_loss: 0.4682, label: 0, bag_size: 8728
batch 179, loss: 0.1119, instance_loss: 0.0000, weighted_loss: 0.0784, label: 1, bag_size: 10371
batch 199, loss: 0.0144, instance_loss: 0.0000, weighted_loss: 0.0101, label: 1, bag_size: 22871
batch 219, loss: 0.0020, instance_loss: 0.0000, weighted_loss: 0.0014, label: 1, bag_size: 22624
batch 239, loss: 0.0105, instance_loss: 0.0000, weighted_loss: 0.0074, label: 0, bag_size: 16785
batch 259, loss: 0.0253, instance_loss: 0.0000, weighted_loss: 0.0177, label: 1, bag_size: 10180
batch 279, loss: 0.0023, instance_loss: 0.0000, weighted_loss: 0.0016, label: 1, bag_size: 22624
batch 299, loss: 0.0066, instance_loss: 0.0000, weighted_loss: 0.0046, label: 1, bag_size: 9833
batch 319, loss: 0.0452, instance_loss: 0.0002, weighted_loss: 0.0317, label: 1, bag_size: 16197
batch 339, loss: 0.0019, instance_loss: 0.0000, weighted_loss: 0.0013, label: 1, bag_size: 22042
batch 359, loss: 0.0000, instance_loss: 0.0002, weighted_loss: 0.0001, label: 0, bag_size: 1199
batch 379, loss: 0.0011, instance_loss: 0.0006, weighted_loss: 0.0009, label: 1, bag_size: 13571
batch 399, loss: 0.0071, instance_loss: 0.0003, weighted_loss: 0.0050, label: 1, bag_size: 22871
batch 419, loss: 0.0013, instance_loss: 0.0005, weighted_loss: 0.0010, label: 1, bag_size: 13571
batch 439, loss: 0.0037, instance_loss: 0.0000, weighted_loss: 0.0026, label: 0, bag_size: 3228
batch 459, loss: 0.0062, instance_loss: 0.0006, weighted_loss: 0.0045, label: 1, bag_size: 2644
batch 479, loss: 0.0258, instance_loss: 0.0022, weighted_loss: 0.0187, label: 1, bag_size: 2671
batch 499, loss: 0.0000, instance_loss: 0.0000, weighted_loss: 0.0000, label: 0, bag_size: 39556
batch 519, loss: 0.0000, instance_loss: 0.0000, weighted_loss: 0.0000, label: 0, bag_size: 17351
batch 539, loss: 0.0000, instance_loss: 0.0000, weighted_loss: 0.0000, label: 0, bag_size: 3588
batch 559, loss: 0.0076, instance_loss: 0.0020, weighted_loss: 0.0059, label: 1, bag_size: 22871
batch 579, loss: 0.0026, instance_loss: 0.0000, weighted_loss: 0.0018, label: 1, bag_size: 14414
batch 599, loss: 0.0086, instance_loss: 0.0000, weighted_loss: 0.0060, label: 1, bag_size: 12989
batch 619, loss: 0.0002, instance_loss: 0.0008, weighted_loss: 0.0004, label: 0, bag_size: 2226
batch 639, loss: 0.0003, instance_loss: 0.0003, weighted_loss: 0.0003, label: 0, bag_size: 3064
batch 659, loss: 0.0000, instance_loss: 0.0009, weighted_loss: 0.0003, label: 0, bag_size: 3102
batch 679, loss: 0.0000, instance_loss: 0.0000, weighted_loss: 0.0000, label: 0, bag_size: 15521
batch 699, loss: 0.0008, instance_loss: 0.0000, weighted_loss: 0.0005, label: 1, bag_size: 21952
batch 719, loss: 0.0000, instance_loss: 0.0000, weighted_loss: 0.0000, label: 0, bag_size: 2676
batch 739, loss: 0.0006, instance_loss: 0.0000, weighted_loss: 0.0004, label: 1, bag_size: 2853
batch 759, loss: 0.0007, instance_loss: 0.0000, weighted_loss: 0.0005, label: 0, bag_size: 5594
batch 779, loss: 0.0007, instance_loss: 0.0003, weighted_loss: 0.0006, label: 0, bag_size: 21480
batch 799, loss: 0.0011, instance_loss: 0.0000, weighted_loss: 0.0008, label: 1, bag_size: 4516
batch 819, loss: 1.7361, instance_loss: 0.0000, weighted_loss: 1.2152, label: 0, bag_size: 18895
batch 839, loss: 0.0006, instance_loss: 0.0000, weighted_loss: 0.0004, label: 0, bag_size: 11094
batch 859, loss: 0.0008, instance_loss: 0.0005, weighted_loss: 0.0007, label: 1, bag_size: 9833


class 0 clustering acc 1.0: correct 6992/6992
class 1 clustering acc 1.0: correct 6992/6992
Epoch: 6, train_loss: 0.0326, train_clustering_loss:  0.0003, train_error: 0.0103
class 0: acc 0.9888888888888889, correct 445/450
class 1: acc 0.9905660377358491, correct 420/424

Val Set, val_loss: 0.4956, val_error: 0.1127, auc: 0.3648
class 0 clustering acc 1.0: correct 1632/1632
class 1 clustering acc 1.0: correct 1632/1632
class 0: acc 0.9187817258883249, correct 181/197
class 1: acc 0.0, correct 0/7
EarlyStopping counter: 5 out of 10


batch 19, loss: 0.0000, instance_loss: 0.0000, weighted_loss: 0.0000, label: 0, bag_size: 3696
batch 39, loss: 0.0022, instance_loss: 0.0000, weighted_loss: 0.0015, label: 1, bag_size: 3628
batch 59, loss: 0.0000, instance_loss: 0.0010, weighted_loss: 0.0003, label: 0, bag_size: 15851
batch 79, loss: 0.0002, instance_loss: 0.0000, weighted_loss: 0.0001, label: 0, bag_size: 2718
batch 99, loss: 0.0044, instance_loss: 0.0000, weighted_loss: 0.0031, label: 1, bag_size: 8663
batch 119, loss: 0.0000, instance_loss: 0.0000, weighted_loss: 0.0000, label: 0, bag_size: 16508
batch 139, loss: 0.0003, instance_loss: 0.0003, weighted_loss: 0.0003, label: 0, bag_size: 18076
batch 159, loss: 0.0005, instance_loss: 0.0000, weighted_loss: 0.0004, label: 0, bag_size: 8178
batch 179, loss: 0.0015, instance_loss: 0.0002, weighted_loss: 0.0011, label: 1, bag_size: 13646
batch 199, loss: 0.0000, instance_loss: 0.0005, weighted_loss: 0.0002, label: 0, bag_size: 2994
batch 219, loss: 0.0014, instance_loss: 0.0000, weighted_loss: 0.0010, label: 0, bag_size: 7540
batch 239, loss: 0.0055, instance_loss: 0.0000, weighted_loss: 0.0038, label: 1, bag_size: 10180
batch 259, loss: 0.0007, instance_loss: 0.0003, weighted_loss: 0.0006, label: 1, bag_size: 5137
batch 279, loss: 0.0000, instance_loss: 0.0000, weighted_loss: 0.0000, label: 0, bag_size: 2189
batch 299, loss: 0.0003, instance_loss: 0.0000, weighted_loss: 0.0002, label: 0, bag_size: 4675
batch 319, loss: 0.0002, instance_loss: 0.0000, weighted_loss: 0.0002, label: 0, bag_size: 7086
batch 339, loss: 0.0006, instance_loss: 0.0021, weighted_loss: 0.0011, label: 0, bag_size: 2376
batch 359, loss: 0.0002, instance_loss: 0.0000, weighted_loss: 0.0001, label: 0, bag_size: 5164
batch 379, loss: 0.0000, instance_loss: 0.0000, weighted_loss: 0.0000, label: 0, bag_size: 4791
batch 399, loss: 0.0000, instance_loss: 0.0000, weighted_loss: 0.0000, label: 0, bag_size: 16499
batch 419, loss: 0.0024, instance_loss: 0.0008, weighted_loss: 0.0019, label: 1, bag_size: 14414
batch 439, loss: 0.0017, instance_loss: 0.0000, weighted_loss: 0.0012, label: 0, bag_size: 13621
batch 459, loss: 0.0063, instance_loss: 0.0000, weighted_loss: 0.0044, label: 1, bag_size: 10180
batch 479, loss: 0.0042, instance_loss: 0.0003, weighted_loss: 0.0031, label: 0, bag_size: 12810
batch 499, loss: 0.0000, instance_loss: 0.0000, weighted_loss: 0.0000, label: 0, bag_size: 3674
batch 519, loss: 0.0001, instance_loss: 0.0000, weighted_loss: 0.0001, label: 0, bag_size: 14873
batch 539, loss: 0.0031, instance_loss: 0.0002, weighted_loss: 0.0022, label: 1, bag_size: 13571
batch 559, loss: 0.0000, instance_loss: 0.0000, weighted_loss: 0.0000, label: 0, bag_size: 21084
batch 579, loss: 0.0063, instance_loss: 0.0000, weighted_loss: 0.0044, label: 1, bag_size: 10180
batch 599, loss: 0.0001, instance_loss: 0.0002, weighted_loss: 0.0002, label: 1, bag_size: 2637
batch 619, loss: 0.0005, instance_loss: 0.0000, weighted_loss: 0.0004, label: 0, bag_size: 15803
batch 639, loss: 0.0103, instance_loss: 0.0000, weighted_loss: 0.0072, label: 1, bag_size: 14763
batch 659, loss: 0.0003, instance_loss: 0.0007, weighted_loss: 0.0004, label: 0, bag_size: 2708
batch 679, loss: 0.0027, instance_loss: 0.0000, weighted_loss: 0.0019, label: 1, bag_size: 22871
batch 699, loss: 0.0147, instance_loss: 0.0009, weighted_loss: 0.0106, label: 0, bag_size: 3670
batch 719, loss: 0.0000, instance_loss: 0.0000, weighted_loss: 0.0000, label: 0, bag_size: 2455
batch 739, loss: 0.0042, instance_loss: 0.0000, weighted_loss: 0.0029, label: 0, bag_size: 4569
batch 759, loss: 0.0060, instance_loss: 0.0004, weighted_loss: 0.0043, label: 1, bag_size: 14763
batch 779, loss: 0.0002, instance_loss: 0.0000, weighted_loss: 0.0002, label: 0, bag_size: 15172
batch 799, loss: 0.0000, instance_loss: 0.0000, weighted_loss: 0.0000, label: 0, bag_size: 15392
batch 819, loss: 0.0000, instance_loss: 0.0000, weighted_loss: 0.0000, label: 0, bag_size: 4703
batch 839, loss: 0.0004, instance_loss: 0.0004, weighted_loss: 0.0004, label: 0, bag_size: 3850
batch 859, loss: 0.0000, instance_loss: 0.0000, weighted_loss: 0.0000, label: 0, bag_size: 3257


class 0 clustering acc 1.0: correct 6992/6992
class 1 clustering acc 1.0: correct 6992/6992
Epoch: 7, train_loss: 0.0229, train_clustering_loss:  0.0004, train_error: 0.0069
class 0: acc 0.9878345498783455, correct 406/411
class 1: acc 0.9978401727861771, correct 462/463

Val Set, val_loss: 0.4583, val_error: 0.0539, auc: 0.3176
class 0 clustering acc 1.0: correct 1632/1632
class 1 clustering acc 1.0: correct 1632/1632
class 0: acc 0.9796954314720813, correct 193/197
class 1: acc 0.0, correct 0/7
EarlyStopping counter: 6 out of 10


batch 19, loss: 0.0000, instance_loss: 0.0000, weighted_loss: 0.0000, label: 1, bag_size: 5906
batch 39, loss: 0.0000, instance_loss: 0.0000, weighted_loss: 0.0000, label: 1, bag_size: 2637
batch 59, loss: 0.0002, instance_loss: 0.0000, weighted_loss: 0.0002, label: 1, bag_size: 4760
batch 79, loss: 0.0000, instance_loss: 0.0003, weighted_loss: 0.0001, label: 1, bag_size: 3354
batch 99, loss: 0.0003, instance_loss: 0.0006, weighted_loss: 0.0004, label: 0, bag_size: 2708
batch 119, loss: 0.0001, instance_loss: 0.0000, weighted_loss: 0.0001, label: 0, bag_size: 13922
batch 139, loss: 0.0149, instance_loss: 0.0002, weighted_loss: 0.0105, label: 1, bag_size: 22624
batch 159, loss: 0.0005, instance_loss: 0.0009, weighted_loss: 0.0006, label: 1, bag_size: 5956
batch 179, loss: 0.0003, instance_loss: 0.0000, weighted_loss: 0.0002, label: 1, bag_size: 8663
batch 199, loss: 0.0022, instance_loss: 0.0000, weighted_loss: 0.0015, label: 1, bag_size: 8663
batch 219, loss: 0.0021, instance_loss: 0.0000, weighted_loss: 0.0014, label: 1, bag_size: 22399
batch 239, loss: 0.0008, instance_loss: 0.0004, weighted_loss: 0.0007, label: 1, bag_size: 22042
batch 259, loss: 0.0018, instance_loss: 0.0000, weighted_loss: 0.0012, label: 1, bag_size: 22624
batch 279, loss: 0.0000, instance_loss: 0.0000, weighted_loss: 0.0000, label: 0, bag_size: 18431
batch 299, loss: 0.6799, instance_loss: 0.0007, weighted_loss: 0.4761, label: 0, bag_size: 3130
batch 319, loss: 0.0000, instance_loss: 0.0000, weighted_loss: 0.0000, label: 0, bag_size: 5087
batch 339, loss: 0.0002, instance_loss: 0.0008, weighted_loss: 0.0004, label: 0, bag_size: 16343
batch 359, loss: 0.0017, instance_loss: 0.0029, weighted_loss: 0.0021, label: 0, bag_size: 2666
batch 379, loss: 0.0008, instance_loss: 0.0000, weighted_loss: 0.0006, label: 1, bag_size: 21609
batch 399, loss: 0.0097, instance_loss: 0.0000, weighted_loss: 0.0068, label: 0, bag_size: 12141
batch 419, loss: 0.0007, instance_loss: 0.0002, weighted_loss: 0.0005, label: 1, bag_size: 22624
batch 439, loss: 0.0007, instance_loss: 0.0003, weighted_loss: 0.0006, label: 1, bag_size: 15079
batch 459, loss: 0.0001, instance_loss: 0.0200, weighted_loss: 0.0061, label: 0, bag_size: 1861
batch 479, loss: 0.0000, instance_loss: 0.0040, weighted_loss: 0.0012, label: 1, bag_size: 3354
batch 499, loss: 0.0000, instance_loss: 0.0000, weighted_loss: 0.0000, label: 1, bag_size: 5137
batch 519, loss: 0.0036, instance_loss: 0.0000, weighted_loss: 0.0025, label: 1, bag_size: 4760
batch 539, loss: 0.0000, instance_loss: 0.0015, weighted_loss: 0.0005, label: 0, bag_size: 16977
batch 559, loss: 0.0000, instance_loss: 0.0002, weighted_loss: 0.0001, label: 0, bag_size: 21383
batch 579, loss: 0.0010, instance_loss: 0.0000, weighted_loss: 0.0007, label: 1, bag_size: 21609
batch 599, loss: 0.0000, instance_loss: 0.0000, weighted_loss: 0.0000, label: 0, bag_size: 3146
batch 619, loss: 0.0000, instance_loss: 0.0000, weighted_loss: 0.0000, label: 0, bag_size: 1539
batch 639, loss: 0.0003, instance_loss: 0.0013, weighted_loss: 0.0006, label: 1, bag_size: 2644
batch 659, loss: 0.0005, instance_loss: 0.0000, weighted_loss: 0.0003, label: 0, bag_size: 3167
batch 679, loss: 0.0001, instance_loss: 0.0002, weighted_loss: 0.0001, label: 0, bag_size: 5027
batch 699, loss: 0.0052, instance_loss: 0.0003, weighted_loss: 0.0037, label: 1, bag_size: 10180
batch 719, loss: 0.0000, instance_loss: 0.0000, weighted_loss: 0.0000, label: 0, bag_size: 4983
batch 739, loss: 0.0012, instance_loss: 0.0000, weighted_loss: 0.0008, label: 1, bag_size: 8663
batch 759, loss: 0.0000, instance_loss: 0.0017, weighted_loss: 0.0005, label: 0, bag_size: 1860
batch 779, loss: 0.0000, instance_loss: 0.0000, weighted_loss: 0.0000, label: 0, bag_size: 17864
batch 799, loss: 0.0006, instance_loss: 0.0002, weighted_loss: 0.0005, label: 1, bag_size: 4492
batch 819, loss: 0.0006, instance_loss: 0.0007, weighted_loss: 0.0006, label: 0, bag_size: 17048
batch 839, loss: 0.0001, instance_loss: 0.0044, weighted_loss: 0.0014, label: 1, bag_size: 3621
batch 859, loss: 0.0000, instance_loss: 0.0002, weighted_loss: 0.0001, label: 0, bag_size: 1860


class 0 clustering acc 1.0: correct 6992/6992
class 1 clustering acc 0.9998569794050344: correct 6991/6992
Epoch: 8, train_loss: 0.0171, train_clustering_loss:  0.0014, train_error: 0.0034
class 0: acc 0.9976635514018691, correct 427/428
class 1: acc 0.9955156950672646, correct 444/446

Val Set, val_loss: 0.4481, val_error: 0.0686, auc: 0.4112
class 0 clustering acc 1.0: correct 1632/1632
class 1 clustering acc 1.0: correct 1632/1632
class 0: acc 0.9644670050761421, correct 190/197
class 1: acc 0.0, correct 0/7
EarlyStopping counter: 7 out of 10


batch 19, loss: 0.0002, instance_loss: 0.0000, weighted_loss: 0.0001, label: 1, bag_size: 8663
batch 39, loss: 0.0000, instance_loss: 0.0000, weighted_loss: 0.0000, label: 0, bag_size: 20957
batch 59, loss: 0.0003, instance_loss: 0.0002, weighted_loss: 0.0002, label: 0, bag_size: 3066
batch 79, loss: 0.6907, instance_loss: 0.0000, weighted_loss: 0.4835, label: 0, bag_size: 12439
batch 99, loss: 0.0011, instance_loss: 0.0000, weighted_loss: 0.0008, label: 0, bag_size: 3115
batch 119, loss: 0.0433, instance_loss: 0.0004, weighted_loss: 0.0304, label: 0, bag_size: 3409
batch 139, loss: 0.0109, instance_loss: 0.0000, weighted_loss: 0.0076, label: 1, bag_size: 4516
batch 159, loss: 0.0354, instance_loss: 0.0000, weighted_loss: 0.0247, label: 1, bag_size: 7879
batch 179, loss: 0.0031, instance_loss: 0.0000, weighted_loss: 0.0022, label: 1, bag_size: 7879
batch 199, loss: 0.0021, instance_loss: 0.0000, weighted_loss: 0.0014, label: 1, bag_size: 15079
batch 219, loss: 0.0009, instance_loss: 0.0000, weighted_loss: 0.0006, label: 1, bag_size: 21952
batch 239, loss: 0.0011, instance_loss: 0.0000, weighted_loss: 0.0007, label: 1, bag_size: 14414
batch 259, loss: 0.0052, instance_loss: 0.0000, weighted_loss: 0.0036, label: 1, bag_size: 13646
batch 279, loss: 0.0210, instance_loss: 0.0000, weighted_loss: 0.0147, label: 1, bag_size: 14528
batch 299, loss: 1.3457, instance_loss: 0.0002, weighted_loss: 0.9420, label: 1, bag_size: 14528
batch 319, loss: 0.0000, instance_loss: 0.0000, weighted_loss: 0.0000, label: 1, bag_size: 22624
batch 339, loss: 0.0000, instance_loss: 0.0000, weighted_loss: 0.0000, label: 0, bag_size: 18431
batch 359, loss: 0.0779, instance_loss: 0.0000, weighted_loss: 0.0545, label: 0, bag_size: 8244
batch 379, loss: 0.0000, instance_loss: 0.0012, weighted_loss: 0.0004, label: 1, bag_size: 6344
batch 399, loss: 0.0013, instance_loss: 0.0003, weighted_loss: 0.0010, label: 0, bag_size: 4324
batch 419, loss: 0.0002, instance_loss: 0.0008, weighted_loss: 0.0004, label: 0, bag_size: 10718
batch 439, loss: 0.0021, instance_loss: 0.0002, weighted_loss: 0.0016, label: 0, bag_size: 21480
batch 459, loss: 0.0000, instance_loss: 0.0006, weighted_loss: 0.0002, label: 1, bag_size: 9833
batch 479, loss: 0.0014, instance_loss: 0.0008, weighted_loss: 0.0012, label: 1, bag_size: 3628
batch 499, loss: 0.0017, instance_loss: 0.0000, weighted_loss: 0.0012, label: 1, bag_size: 5828
batch 519, loss: 0.0317, instance_loss: 0.0008, weighted_loss: 0.0224, label: 0, bag_size: 1085
batch 539, loss: 0.0001, instance_loss: 0.0000, weighted_loss: 0.0000, label: 1, bag_size: 22624
batch 559, loss: 0.1727, instance_loss: 0.0005, weighted_loss: 0.1211, label: 0, bag_size: 13449
batch 579, loss: 0.0005, instance_loss: 0.0040, weighted_loss: 0.0016, label: 1, bag_size: 3628
batch 599, loss: 0.0009, instance_loss: 0.0000, weighted_loss: 0.0007, label: 1, bag_size: 4563
batch 619, loss: 0.0001, instance_loss: 0.0000, weighted_loss: 0.0001, label: 1, bag_size: 6028
batch 639, loss: 0.0000, instance_loss: 0.0000, weighted_loss: 0.0000, label: 0, bag_size: 3400
batch 659, loss: 0.0004, instance_loss: 0.0002, weighted_loss: 0.0003, label: 0, bag_size: 3253
batch 679, loss: 0.0005, instance_loss: 0.0000, weighted_loss: 0.0003, label: 1, bag_size: 2853
batch 699, loss: 0.0002, instance_loss: 0.0000, weighted_loss: 0.0001, label: 0, bag_size: 2908
batch 719, loss: 0.0016, instance_loss: 0.0000, weighted_loss: 0.0011, label: 1, bag_size: 2671
batch 739, loss: 0.0056, instance_loss: 0.0010, weighted_loss: 0.0043, label: 1, bag_size: 3628
batch 759, loss: 0.0000, instance_loss: 0.0000, weighted_loss: 0.0000, label: 0, bag_size: 3440
batch 779, loss: 0.0179, instance_loss: 0.0002, weighted_loss: 0.0126, label: 0, bag_size: 3228
batch 799, loss: 0.0095, instance_loss: 0.0000, weighted_loss: 0.0067, label: 1, bag_size: 5956
batch 819, loss: 0.0132, instance_loss: 0.0000, weighted_loss: 0.0092, label: 1, bag_size: 22871
batch 839, loss: 0.0025, instance_loss: 0.0000, weighted_loss: 0.0018, label: 1, bag_size: 4492
batch 859, loss: 0.0000, instance_loss: 0.0000, weighted_loss: 0.0000, label: 0, bag_size: 6778


class 0 clustering acc 1.0: correct 6992/6992
class 1 clustering acc 1.0: correct 6992/6992
Epoch: 9, train_loss: 0.0579, train_clustering_loss:  0.0005, train_error: 0.0206
class 0: acc 0.9774436090225563, correct 390/399
class 1: acc 0.9810526315789474, correct 466/475

Val Set, val_loss: 0.4228, val_error: 0.0686, auc: 0.3735
class 0 clustering acc 1.0: correct 1632/1632
class 1 clustering acc 1.0: correct 1632/1632
class 0: acc 0.9644670050761421, correct 190/197
class 1: acc 0.0, correct 0/7
EarlyStopping counter: 8 out of 10


batch 19, loss: 0.0043, instance_loss: 0.0000, weighted_loss: 0.0030, label: 0, bag_size: 4292
batch 39, loss: 0.0062, instance_loss: 0.0000, weighted_loss: 0.0044, label: 1, bag_size: 5828
batch 59, loss: 0.0001, instance_loss: 0.0000, weighted_loss: 0.0001, label: 0, bag_size: 2926
batch 79, loss: 0.0086, instance_loss: 0.0000, weighted_loss: 0.0061, label: 1, bag_size: 2671
batch 99, loss: 0.0000, instance_loss: 0.0000, weighted_loss: 0.0000, label: 0, bag_size: 19929
batch 119, loss: 0.0015, instance_loss: 0.0000, weighted_loss: 0.0010, label: 1, bag_size: 22624
batch 139, loss: 0.0018, instance_loss: 0.0000, weighted_loss: 0.0013, label: 1, bag_size: 13646
batch 159, loss: 0.0058, instance_loss: 0.0000, weighted_loss: 0.0041, label: 1, bag_size: 22624
batch 179, loss: 0.0005, instance_loss: 0.0023, weighted_loss: 0.0010, label: 0, bag_size: 78871
batch 199, loss: 0.0004, instance_loss: 0.0000, weighted_loss: 0.0003, label: 0, bag_size: 3394
batch 219, loss: 0.0011, instance_loss: 0.0000, weighted_loss: 0.0008, label: 1, bag_size: 2671
batch 239, loss: 0.0000, instance_loss: 0.0000, weighted_loss: 0.0000, label: 0, bag_size: 2137
batch 259, loss: 0.0007, instance_loss: 0.0000, weighted_loss: 0.0005, label: 1, bag_size: 4516
batch 279, loss: 0.0000, instance_loss: 0.0000, weighted_loss: 0.0000, label: 0, bag_size: 5169
batch 299, loss: 0.0005, instance_loss: 0.0000, weighted_loss: 0.0003, label: 1, bag_size: 6344
batch 319, loss: 0.0183, instance_loss: 0.0000, weighted_loss: 0.0128, label: 1, bag_size: 5956
batch 339, loss: 0.0008, instance_loss: 0.0000, weighted_loss: 0.0006, label: 1, bag_size: 6344
batch 359, loss: 0.0002, instance_loss: 0.0000, weighted_loss: 0.0002, label: 0, bag_size: 10033
batch 379, loss: 0.0017, instance_loss: 0.0000, weighted_loss: 0.0012, label: 1, bag_size: 6028
batch 399, loss: 0.0016, instance_loss: 0.0000, weighted_loss: 0.0012, label: 1, bag_size: 6028
batch 419, loss: 0.0065, instance_loss: 0.0000, weighted_loss: 0.0045, label: 1, bag_size: 22042
batch 439, loss: 0.0000, instance_loss: 0.0000, weighted_loss: 0.0000, label: 0, bag_size: 3774
batch 459, loss: 0.0006, instance_loss: 0.0000, weighted_loss: 0.0005, label: 0, bag_size: 2864
batch 479, loss: 0.0002, instance_loss: 0.0025, weighted_loss: 0.0009, label: 1, bag_size: 22399
batch 499, loss: 0.0001, instance_loss: 0.0004, weighted_loss: 0.0002, label: 1, bag_size: 14763
batch 519, loss: 0.0008, instance_loss: 0.0000, weighted_loss: 0.0005, label: 1, bag_size: 4492
batch 539, loss: 0.0000, instance_loss: 0.0000, weighted_loss: 0.0000, label: 0, bag_size: 15251
batch 559, loss: 0.0038, instance_loss: 0.0006, weighted_loss: 0.0028, label: 0, bag_size: 5502
batch 579, loss: 0.0902, instance_loss: 0.0000, weighted_loss: 0.0632, label: 0, bag_size: 15045
batch 599, loss: 0.0000, instance_loss: 0.0000, weighted_loss: 0.0000, label: 0, bag_size: 18504
batch 619, loss: 0.0001, instance_loss: 0.0000, weighted_loss: 0.0000, label: 1, bag_size: 21952
batch 639, loss: 0.0000, instance_loss: 0.0000, weighted_loss: 0.0000, label: 0, bag_size: 21466
batch 659, loss: 0.0001, instance_loss: 0.0002, weighted_loss: 0.0001, label: 1, bag_size: 2853
batch 679, loss: 0.0000, instance_loss: 0.0000, weighted_loss: 0.0000, label: 0, bag_size: 1770
batch 699, loss: 0.0003, instance_loss: 0.0002, weighted_loss: 0.0003, label: 0, bag_size: 7304
batch 719, loss: 0.0003, instance_loss: 0.0000, weighted_loss: 0.0002, label: 1, bag_size: 3628
batch 739, loss: 0.0002, instance_loss: 0.0000, weighted_loss: 0.0001, label: 0, bag_size: 1072
batch 759, loss: 0.0067, instance_loss: 0.0000, weighted_loss: 0.0047, label: 0, bag_size: 8728
batch 779, loss: 0.0005, instance_loss: 0.0000, weighted_loss: 0.0004, label: 1, bag_size: 14414
batch 799, loss: 0.0028, instance_loss: 0.0005, weighted_loss: 0.0021, label: 0, bag_size: 15172
batch 819, loss: 0.0000, instance_loss: 0.0066, weighted_loss: 0.0020, label: 0, bag_size: 6432
batch 839, loss: 0.0003, instance_loss: 0.0000, weighted_loss: 0.0002, label: 1, bag_size: 8663
batch 859, loss: 0.0018, instance_loss: 0.0000, weighted_loss: 0.0013, label: 0, bag_size: 3115


class 0 clustering acc 1.0: correct 6992/6992
class 1 clustering acc 1.0: correct 6992/6992
Epoch: 10, train_loss: 0.0322, train_clustering_loss:  0.0004, train_error: 0.0092
class 0: acc 0.9910514541387024, correct 443/447
class 1: acc 0.990632318501171, correct 423/427

Val Set, val_loss: 0.4894, val_error: 0.0833, auc: 0.3923
class 0 clustering acc 1.0: correct 1632/1632
class 1 clustering acc 1.0: correct 1632/1632
class 0: acc 0.949238578680203, correct 187/197
class 1: acc 0.0, correct 0/7
EarlyStopping counter: 9 out of 10


batch 19, loss: 0.0000, instance_loss: 0.0000, weighted_loss: 0.0000, label: 0, bag_size: 6932
batch 39, loss: 0.0000, instance_loss: 0.0000, weighted_loss: 0.0000, label: 1, bag_size: 9833
batch 59, loss: 0.0065, instance_loss: 0.0000, weighted_loss: 0.0046, label: 1, bag_size: 8663
batch 79, loss: 0.0008, instance_loss: 0.0000, weighted_loss: 0.0005, label: 1, bag_size: 3621
batch 99, loss: 0.0009, instance_loss: 0.0000, weighted_loss: 0.0006, label: 1, bag_size: 4492
batch 119, loss: 0.0002, instance_loss: 0.0009, weighted_loss: 0.0004, label: 0, bag_size: 17456
batch 139, loss: 0.0029, instance_loss: 0.0008, weighted_loss: 0.0023, label: 0, bag_size: 3360
batch 159, loss: 0.0221, instance_loss: 0.0000, weighted_loss: 0.0155, label: 1, bag_size: 16197
batch 179, loss: 0.0102, instance_loss: 0.0000, weighted_loss: 0.0071, label: 1, bag_size: 16197
batch 199, loss: 0.0048, instance_loss: 0.0002, weighted_loss: 0.0034, label: 0, bag_size: 11672
batch 219, loss: 0.0034, instance_loss: 0.0000, weighted_loss: 0.0023, label: 0, bag_size: 6638
batch 239, loss: 0.0002, instance_loss: 0.0058, weighted_loss: 0.0019, label: 1, bag_size: 2671
batch 259, loss: 0.0045, instance_loss: 0.0000, weighted_loss: 0.0032, label: 1, bag_size: 13571
batch 279, loss: 0.0033, instance_loss: 0.0000, weighted_loss: 0.0023, label: 0, bag_size: 20467
batch 299, loss: 0.0007, instance_loss: 0.0000, weighted_loss: 0.0005, label: 0, bag_size: 3088
batch 319, loss: 0.0012, instance_loss: 0.0000, weighted_loss: 0.0008, label: 1, bag_size: 6344
batch 339, loss: 0.0157, instance_loss: 0.0003, weighted_loss: 0.0111, label: 1, bag_size: 14414
batch 359, loss: 0.0003, instance_loss: 0.0000, weighted_loss: 0.0002, label: 0, bag_size: 1921
batch 379, loss: 0.0011, instance_loss: 0.0000, weighted_loss: 0.0008, label: 1, bag_size: 21952
batch 399, loss: 0.0171, instance_loss: 0.0004, weighted_loss: 0.0121, label: 1, bag_size: 18621
batch 419, loss: 0.0000, instance_loss: 0.0000, weighted_loss: 0.0000, label: 0, bag_size: 15501
batch 439, loss: 0.0012, instance_loss: 0.0127, weighted_loss: 0.0047, label: 0, bag_size: 1181
batch 459, loss: 0.0004, instance_loss: 0.0030, weighted_loss: 0.0012, label: 1, bag_size: 1140
batch 479, loss: 0.0000, instance_loss: 0.0000, weighted_loss: 0.0000, label: 0, bag_size: 6240
batch 499, loss: 0.0003, instance_loss: 0.0000, weighted_loss: 0.0002, label: 1, bag_size: 14414
batch 519, loss: 0.0009, instance_loss: 0.0000, weighted_loss: 0.0007, label: 1, bag_size: 14763
batch 539, loss: 0.0029, instance_loss: 0.0000, weighted_loss: 0.0021, label: 0, bag_size: 4226
batch 559, loss: 0.0009, instance_loss: 0.0021, weighted_loss: 0.0013, label: 0, bag_size: 21887
batch 579, loss: 0.0000, instance_loss: 0.0008, weighted_loss: 0.0003, label: 0, bag_size: 3850
batch 599, loss: 0.0002, instance_loss: 0.0000, weighted_loss: 0.0001, label: 1, bag_size: 2637
batch 619, loss: 0.0000, instance_loss: 0.0000, weighted_loss: 0.0000, label: 0, bag_size: 4255
batch 639, loss: 0.0009, instance_loss: 0.0000, weighted_loss: 0.0007, label: 0, bag_size: 15086
batch 659, loss: 0.0002, instance_loss: 0.0000, weighted_loss: 0.0001, label: 0, bag_size: 17460
batch 679, loss: 0.0115, instance_loss: 0.0000, weighted_loss: 0.0080, label: 0, bag_size: 14853
batch 699, loss: 0.0014, instance_loss: 0.0003, weighted_loss: 0.0011, label: 1, bag_size: 14414
batch 719, loss: 0.0151, instance_loss: 0.0000, weighted_loss: 0.0106, label: 1, bag_size: 12989
batch 739, loss: 0.0002, instance_loss: 0.0000, weighted_loss: 0.0001, label: 1, bag_size: 5906
batch 759, loss: 0.0002, instance_loss: 0.0000, weighted_loss: 0.0001, label: 0, bag_size: 8932
batch 779, loss: 0.0007, instance_loss: 0.0000, weighted_loss: 0.0005, label: 1, bag_size: 5137
batch 799, loss: 0.0000, instance_loss: 0.0000, weighted_loss: 0.0000, label: 0, bag_size: 3681
batch 819, loss: 0.0061, instance_loss: 0.0000, weighted_loss: 0.0042, label: 1, bag_size: 5082
batch 839, loss: 0.0004, instance_loss: 0.0015, weighted_loss: 0.0007, label: 1, bag_size: 5137
batch 859, loss: 0.0028, instance_loss: 0.0000, weighted_loss: 0.0020, label: 1, bag_size: 8663


class 0 clustering acc 1.0: correct 6992/6992
class 1 clustering acc 1.0: correct 6992/6992
Epoch: 11, train_loss: 0.0339, train_clustering_loss:  0.0004, train_error: 0.0126
class 0: acc 0.9814385150812065, correct 423/431
class 1: acc 0.9932279909706546, correct 440/443

Val Set, val_loss: 0.4624, val_error: 0.0490, auc: 0.4249
class 0 clustering acc 1.0: correct 1632/1632
class 1 clustering acc 1.0: correct 1632/1632
class 0: acc 0.9847715736040609, correct 194/197
class 1: acc 0.0, correct 0/7
EarlyStopping counter: 10 out of 10
Early stopping
Val error: 0.0833, ROC AUC: 0.3662
CV validation error: 0.0833, ROC AUC: 0.3662
class 0: acc 0.949238578680203, correct 187/197
class 1: acc 0.0, correct 0/7
Future event metrics: {"fold": 0, "events": 104, "positive_events": 4, "event_average_precision": 0.03156417192999185, "event_roc_auc": 0.26749999999999996, "event_brier": 0.06093082457278342, "aggregation": "mean probability across all included stains/slides of same patient/anchor date", "exploratory_cv_not_independent_final_test": true}
HE augmentation: {"fold": 1, "seed": 1, "train_slides": 880, "eligible_he_train": 49, "unchanged_train": 831, "policy": "geometry", "total_views": 2, "he_original_probability": 0.5, "view_seed": 20361930, "val_test_original_only": true, "split_sha256": "12f01599dc75d379f64cab12bdcc446a3ee3acf4d165f4f18b264cf49f7f1b9d", "validation_used_for_checkpoint_selection": true, "independent_final_test": false}

Training Fold 1!

Init train/val/test splits... 
Done!
Training on 880 samples
Validating on 198 samples
Testing on 0 samples

Init loss function... Done!

Init Model... Setting tau to 1.0
Done!
CLAM_SB(
  (attention_net): Sequential(
    (0): Linear(in_features=1536, out_features=512, bias=True)
    (1): ReLU()
    (2): Dropout(p=0.25, inplace=False)
    (3): Attn_Net_Gated(
      (attention_a): Sequential(
        (0): Linear(in_features=512, out_features=256, bias=True)
        (1): Tanh()
        (2): Dropout(p=0.25, inplace=False)
      )
      (attention_b): Sequential(
        (0): Linear(in_features=512, out_features=256, bias=True)
        (1): Sigmoid()
        (2): Dropout(p=0.25, inplace=False)
      )
      (attention_c): Linear(in_features=256, out_features=1, bias=True)
    )
  )
  (classifiers): Linear(in_features=512, out_features=2, bias=True)
  (instance_classifiers): ModuleList(
    (0-1): 2 x Linear(in_features=512, out_features=2, bias=True)
  )
  (instance_loss_fn): SmoothTop1SVM()
)
Total number of parameters: 1052935
Total number of trainable parameters: 1052935

Init optimizer ... Done!

Init Loaders... Done!

Setup EarlyStopping... Done!


batch 19, loss: 0.3395, instance_loss: 1.0640, weighted_loss: 0.5569, label: 0, bag_size: 3064
batch 39, loss: 1.1198, instance_loss: 0.4491, weighted_loss: 0.9186, label: 0, bag_size: 3813
batch 59, loss: 0.5940, instance_loss: 0.4968, weighted_loss: 0.5648, label: 1, bag_size: 4760
batch 79, loss: 0.8513, instance_loss: 0.2520, weighted_loss: 0.6715, label: 0, bag_size: 6563
batch 99, loss: 0.8767, instance_loss: 1.5993, weighted_loss: 1.0934, label: 0, bag_size: 1414
batch 119, loss: 0.6960, instance_loss: 0.5106, weighted_loss: 0.6404, label: 1, bag_size: 5082
batch 139, loss: 0.4685, instance_loss: 0.2765, weighted_loss: 0.4109, label: 1, bag_size: 4516
batch 159, loss: 0.3682, instance_loss: 0.5180, weighted_loss: 0.4131, label: 0, bag_size: 16785
batch 179, loss: 0.6821, instance_loss: 0.2813, weighted_loss: 0.5619, label: 1, bag_size: 10371
batch 199, loss: 0.5756, instance_loss: 0.1085, weighted_loss: 0.4355, label: 1, bag_size: 5082
batch 219, loss: 1.1559, instance_loss: 0.0181, weighted_loss: 0.8146, label: 0, bag_size: 18243
batch 239, loss: 0.9817, instance_loss: 0.0069, weighted_loss: 0.6892, label: 0, bag_size: 11819
batch 259, loss: 0.4439, instance_loss: 0.0207, weighted_loss: 0.3169, label: 0, bag_size: 6778
batch 279, loss: 0.0844, instance_loss: 0.0033, weighted_loss: 0.0601, label: 1, bag_size: 21609
batch 299, loss: 0.1448, instance_loss: 0.0017, weighted_loss: 0.1019, label: 1, bag_size: 13646
batch 319, loss: 1.2200, instance_loss: 0.0108, weighted_loss: 0.8573, label: 0, bag_size: 4866
batch 339, loss: 0.0661, instance_loss: 0.0009, weighted_loss: 0.0466, label: 1, bag_size: 13646
batch 359, loss: 1.5744, instance_loss: 0.0024, weighted_loss: 1.1028, label: 1, bag_size: 18621
batch 379, loss: 1.3672, instance_loss: 0.0205, weighted_loss: 0.9632, label: 1, bag_size: 3411
batch 399, loss: 0.5025, instance_loss: 0.0059, weighted_loss: 0.3536, label: 0, bag_size: 3687
batch 419, loss: 0.5491, instance_loss: 0.0353, weighted_loss: 0.3950, label: 1, bag_size: 6023
batch 439, loss: 0.6506, instance_loss: 0.0199, weighted_loss: 0.4614, label: 1, bag_size: 2853
batch 459, loss: 0.9447, instance_loss: 0.0185, weighted_loss: 0.6668, label: 1, bag_size: 4760
batch 479, loss: 0.4464, instance_loss: 0.0098, weighted_loss: 0.3154, label: 1, bag_size: 7733
batch 499, loss: 0.0397, instance_loss: 0.0018, weighted_loss: 0.0283, label: 1, bag_size: 5956
batch 519, loss: 0.7424, instance_loss: 0.0077, weighted_loss: 0.5220, label: 0, bag_size: 4280
batch 539, loss: 0.8194, instance_loss: 0.0125, weighted_loss: 0.5774, label: 1, bag_size: 2853
batch 559, loss: 0.0429, instance_loss: 0.0006, weighted_loss: 0.0302, label: 1, bag_size: 21609
batch 579, loss: 1.0189, instance_loss: 0.0219, weighted_loss: 0.7198, label: 1, bag_size: 10371
batch 599, loss: 0.3120, instance_loss: 0.0527, weighted_loss: 0.2342, label: 1, bag_size: 7879
batch 619, loss: 1.0223, instance_loss: 0.0203, weighted_loss: 0.7217, label: 1, bag_size: 10371
batch 639, loss: 0.1759, instance_loss: 0.4284, weighted_loss: 0.2516, label: 0, bag_size: 949
batch 659, loss: 0.5086, instance_loss: 0.0009, weighted_loss: 0.3563, label: 1, bag_size: 6344
batch 679, loss: 0.2582, instance_loss: 0.0040, weighted_loss: 0.1820, label: 0, bag_size: 3374
batch 699, loss: 0.0054, instance_loss: 0.0098, weighted_loss: 0.0067, label: 1, bag_size: 13571
batch 719, loss: 0.0051, instance_loss: 0.0312, weighted_loss: 0.0129, label: 0, bag_size: 14182
batch 739, loss: 0.5572, instance_loss: 0.0217, weighted_loss: 0.3966, label: 0, bag_size: 5786
batch 759, loss: 2.3203, instance_loss: 0.0226, weighted_loss: 1.6310, label: 1, bag_size: 4365
batch 779, loss: 0.9461, instance_loss: 0.0249, weighted_loss: 0.6697, label: 1, bag_size: 9833
batch 799, loss: 0.4360, instance_loss: 0.0095, weighted_loss: 0.3080, label: 1, bag_size: 2853
batch 819, loss: 0.5435, instance_loss: 0.0068, weighted_loss: 0.3825, label: 1, bag_size: 2853
batch 839, loss: 1.0796, instance_loss: 0.0925, weighted_loss: 0.7834, label: 1, bag_size: 3024
batch 859, loss: 1.4876, instance_loss: 0.0026, weighted_loss: 1.0421, label: 0, bag_size: 10102
batch 879, loss: 0.6166, instance_loss: 0.0044, weighted_loss: 0.4329, label: 0, bag_size: 17359


class 0 clustering acc 0.9450284090909091: correct 6653/7040
class 1 clustering acc 0.9607954545454546: correct 6764/7040
Epoch: 0, train_loss: 0.5622, train_clustering_loss:  0.2109, train_error: 0.2966
class 0: acc 0.6784037558685446, correct 289/426
class 1: acc 0.7268722466960352, correct 330/454

Val Set, val_loss: 0.4891, val_error: 0.2071, auc: 0.6537
class 0 clustering acc 0.9943181818181818: correct 1575/1584
class 1 clustering acc 1.0: correct 1584/1584
class 0: acc 0.8206521739130435, correct 151/184
class 1: acc 0.42857142857142855, correct 6/14
Validation loss decreased (inf --> 0.489134).  Saving model ...


batch 19, loss: 0.1099, instance_loss: 0.0003, weighted_loss: 0.0770, label: 0, bag_size: 13991
batch 39, loss: 0.0429, instance_loss: 0.0265, weighted_loss: 0.0380, label: 0, bag_size: 3774
batch 59, loss: 0.0214, instance_loss: 0.0025, weighted_loss: 0.0157, label: 0, bag_size: 12188
batch 79, loss: 0.0332, instance_loss: 0.0000, weighted_loss: 0.0232, label: 1, bag_size: 6028
batch 99, loss: 0.9681, instance_loss: 0.0146, weighted_loss: 0.6820, label: 0, bag_size: 6374
batch 119, loss: 0.0256, instance_loss: 0.0000, weighted_loss: 0.0179, label: 1, bag_size: 22871
batch 139, loss: 0.0550, instance_loss: 0.0131, weighted_loss: 0.0424, label: 0, bag_size: 2023
batch 159, loss: 0.0044, instance_loss: 0.0040, weighted_loss: 0.0042, label: 0, bag_size: 15154
batch 179, loss: 0.0309, instance_loss: 0.0000, weighted_loss: 0.0216, label: 0, bag_size: 16400
batch 199, loss: 0.3732, instance_loss: 0.0069, weighted_loss: 0.2633, label: 0, bag_size: 2703
batch 219, loss: 0.2369, instance_loss: 0.0028, weighted_loss: 0.1667, label: 0, bag_size: 8270
batch 239, loss: 0.0865, instance_loss: 0.0029, weighted_loss: 0.0614, label: 0, bag_size: 3818
batch 259, loss: 0.5344, instance_loss: 0.0032, weighted_loss: 0.3751, label: 0, bag_size: 3702
batch 279, loss: 0.0601, instance_loss: 0.0055, weighted_loss: 0.0437, label: 0, bag_size: 8270
batch 299, loss: 0.8071, instance_loss: 0.0003, weighted_loss: 0.5651, label: 1, bag_size: 22399
batch 319, loss: 0.5869, instance_loss: 0.0045, weighted_loss: 0.4122, label: 0, bag_size: 3386
batch 339, loss: 0.0167, instance_loss: 0.0510, weighted_loss: 0.0270, label: 0, bag_size: 3440
batch 359, loss: 0.7530, instance_loss: 0.0053, weighted_loss: 0.5287, label: 1, bag_size: 7879
batch 379, loss: 0.6849, instance_loss: 0.0187, weighted_loss: 0.4851, label: 1, bag_size: 4365
batch 399, loss: 0.2691, instance_loss: 0.0017, weighted_loss: 0.1889, label: 1, bag_size: 5082
batch 419, loss: 0.6592, instance_loss: 0.0117, weighted_loss: 0.4650, label: 1, bag_size: 10180
batch 439, loss: 0.4697, instance_loss: 0.0105, weighted_loss: 0.3320, label: 1, bag_size: 3024
batch 459, loss: 0.0208, instance_loss: 0.0052, weighted_loss: 0.0161, label: 0, bag_size: 1773
batch 479, loss: 0.3048, instance_loss: 0.0075, weighted_loss: 0.2156, label: 1, bag_size: 5956
batch 499, loss: 0.0957, instance_loss: 0.0008, weighted_loss: 0.0672, label: 1, bag_size: 4516
batch 519, loss: 0.3125, instance_loss: 0.0023, weighted_loss: 0.2194, label: 0, bag_size: 2595
batch 539, loss: 0.0053, instance_loss: 0.0007, weighted_loss: 0.0039, label: 0, bag_size: 15851
batch 559, loss: 0.4501, instance_loss: 0.0141, weighted_loss: 0.3193, label: 0, bag_size: 2693
batch 579, loss: 0.0344, instance_loss: 0.0009, weighted_loss: 0.0243, label: 1, bag_size: 21952
batch 599, loss: 0.0307, instance_loss: 0.0035, weighted_loss: 0.0226, label: 1, bag_size: 5956
batch 619, loss: 0.3011, instance_loss: 0.0032, weighted_loss: 0.2117, label: 1, bag_size: 5082
batch 639, loss: 0.0066, instance_loss: 0.0007, weighted_loss: 0.0048, label: 0, bag_size: 8595
batch 659, loss: 0.0750, instance_loss: 0.0030, weighted_loss: 0.0534, label: 1, bag_size: 7733
batch 679, loss: 2.2051, instance_loss: 0.0000, weighted_loss: 1.5436, label: 1, bag_size: 18621
batch 699, loss: 1.5268, instance_loss: 0.0132, weighted_loss: 1.0727, label: 0, bag_size: 1921
batch 719, loss: 0.0145, instance_loss: 0.0037, weighted_loss: 0.0113, label: 1, bag_size: 6344
batch 739, loss: 0.6161, instance_loss: 0.0041, weighted_loss: 0.4325, label: 0, bag_size: 4692
batch 759, loss: 0.5378, instance_loss: 0.0108, weighted_loss: 0.3797, label: 1, bag_size: 3354
batch 779, loss: 0.1300, instance_loss: 0.0006, weighted_loss: 0.0912, label: 1, bag_size: 4516
batch 799, loss: 0.1514, instance_loss: 0.0017, weighted_loss: 0.1065, label: 0, bag_size: 9848
batch 819, loss: 0.2265, instance_loss: 0.0000, weighted_loss: 0.1585, label: 1, bag_size: 18621
batch 839, loss: 0.4993, instance_loss: 0.0411, weighted_loss: 0.3619, label: 0, bag_size: 5296
batch 859, loss: 0.5938, instance_loss: 0.0064, weighted_loss: 0.4176, label: 0, bag_size: 10005
batch 879, loss: 0.0531, instance_loss: 0.0141, weighted_loss: 0.0414, label: 0, bag_size: 5315


class 0 clustering acc 0.9980113636363637: correct 7026/7040
class 1 clustering acc 0.9992897727272727: correct 7035/7040
Epoch: 1, train_loss: 0.3855, train_clustering_loss:  0.0131, train_error: 0.1852
class 0: acc 0.8303964757709251, correct 377/454
class 1: acc 0.7981220657276995, correct 340/426

Val Set, val_loss: 0.3494, val_error: 0.1010, auc: 0.6036
class 0 clustering acc 0.9949494949494949: correct 1576/1584
class 1 clustering acc 0.9993686868686869: correct 1583/1584
class 0: acc 0.967391304347826, correct 178/184
class 1: acc 0.0, correct 0/14
Validation loss decreased (0.489134 --> 0.349445).  Saving model ...


batch 19, loss: 0.3771, instance_loss: 0.0000, weighted_loss: 0.2640, label: 0, bag_size: 25070
batch 39, loss: 0.5043, instance_loss: 0.0039, weighted_loss: 0.3542, label: 1, bag_size: 4276
batch 59, loss: 0.0695, instance_loss: 0.0033, weighted_loss: 0.0496, label: 0, bag_size: 1908
batch 79, loss: 1.5915, instance_loss: 0.0011, weighted_loss: 1.1144, label: 1, bag_size: 4760
batch 99, loss: 0.0023, instance_loss: 0.0000, weighted_loss: 0.0016, label: 0, bag_size: 3003
batch 119, loss: 0.0182, instance_loss: 0.0044, weighted_loss: 0.0141, label: 0, bag_size: 1861
batch 139, loss: 0.2642, instance_loss: 0.0002, weighted_loss: 0.1850, label: 0, bag_size: 15821
batch 159, loss: 0.0143, instance_loss: 0.0005, weighted_loss: 0.0102, label: 0, bag_size: 16673
batch 179, loss: 0.1403, instance_loss: 0.0007, weighted_loss: 0.0984, label: 0, bag_size: 6019
batch 199, loss: 0.0274, instance_loss: 0.0000, weighted_loss: 0.0192, label: 1, bag_size: 10371
batch 219, loss: 0.0417, instance_loss: 0.0125, weighted_loss: 0.0329, label: 0, bag_size: 1690
batch 239, loss: 0.0234, instance_loss: 0.0000, weighted_loss: 0.0164, label: 0, bag_size: 21466
batch 259, loss: 0.5875, instance_loss: 0.0053, weighted_loss: 0.4129, label: 1, bag_size: 6023
batch 279, loss: 0.7663, instance_loss: 0.0017, weighted_loss: 0.5369, label: 1, bag_size: 6023
batch 299, loss: 0.2949, instance_loss: 0.0030, weighted_loss: 0.2074, label: 0, bag_size: 1383
batch 319, loss: 0.0899, instance_loss: 0.0043, weighted_loss: 0.0642, label: 0, bag_size: 7985
batch 339, loss: 0.1284, instance_loss: 0.0155, weighted_loss: 0.0945, label: 1, bag_size: 1140
batch 359, loss: 1.5931, instance_loss: 0.0024, weighted_loss: 1.1159, label: 1, bag_size: 6812
batch 379, loss: 0.0495, instance_loss: 0.0007, weighted_loss: 0.0349, label: 1, bag_size: 7733
batch 399, loss: 0.0333, instance_loss: 0.0004, weighted_loss: 0.0234, label: 1, bag_size: 22042
batch 419, loss: 0.0164, instance_loss: 0.0003, weighted_loss: 0.0116, label: 1, bag_size: 13646
batch 439, loss: 1.1849, instance_loss: 0.0146, weighted_loss: 0.8338, label: 0, bag_size: 7017
batch 459, loss: 0.0003, instance_loss: 0.0000, weighted_loss: 0.0002, label: 0, bag_size: 9172
batch 479, loss: 0.0426, instance_loss: 0.0000, weighted_loss: 0.0298, label: 0, bag_size: 10102
batch 499, loss: 0.2966, instance_loss: 0.0000, weighted_loss: 0.2076, label: 1, bag_size: 22399
batch 519, loss: 0.0089, instance_loss: 0.0000, weighted_loss: 0.0062, label: 1, bag_size: 22871
batch 539, loss: 0.5201, instance_loss: 0.0018, weighted_loss: 0.3646, label: 0, bag_size: 5027
batch 559, loss: 0.0559, instance_loss: 0.0016, weighted_loss: 0.0396, label: 1, bag_size: 5906
batch 579, loss: 0.0028, instance_loss: 0.0000, weighted_loss: 0.0019, label: 1, bag_size: 2637
batch 599, loss: 0.0601, instance_loss: 0.0000, weighted_loss: 0.0421, label: 1, bag_size: 8663
batch 619, loss: 0.0321, instance_loss: 0.0005, weighted_loss: 0.0226, label: 1, bag_size: 14318
batch 639, loss: 0.0009, instance_loss: 0.0000, weighted_loss: 0.0007, label: 1, bag_size: 13646
batch 659, loss: 0.0095, instance_loss: 0.0000, weighted_loss: 0.0066, label: 1, bag_size: 8663
batch 679, loss: 0.0036, instance_loss: 0.0004, weighted_loss: 0.0027, label: 1, bag_size: 6028
batch 699, loss: 0.0173, instance_loss: 0.0021, weighted_loss: 0.0128, label: 1, bag_size: 5906
batch 719, loss: 0.0009, instance_loss: 0.0037, weighted_loss: 0.0017, label: 0, bag_size: 1539
batch 739, loss: 0.0009, instance_loss: 0.0017, weighted_loss: 0.0011, label: 0, bag_size: 16700
batch 759, loss: 0.0189, instance_loss: 0.0000, weighted_loss: 0.0132, label: 1, bag_size: 21952
batch 779, loss: 0.2579, instance_loss: 0.0011, weighted_loss: 0.1809, label: 0, bag_size: 9773
batch 799, loss: 0.0655, instance_loss: 0.0035, weighted_loss: 0.0469, label: 1, bag_size: 2853
batch 819, loss: 0.0002, instance_loss: 0.0437, weighted_loss: 0.0133, label: 0, bag_size: 15086
batch 839, loss: 0.0070, instance_loss: 0.0000, weighted_loss: 0.0049, label: 1, bag_size: 21952
batch 859, loss: 0.0359, instance_loss: 0.0033, weighted_loss: 0.0261, label: 1, bag_size: 2853
batch 879, loss: 0.0051, instance_loss: 0.0017, weighted_loss: 0.0040, label: 1, bag_size: 4365


class 0 clustering acc 0.9991477272727273: correct 7034/7040
class 1 clustering acc 1.0: correct 7040/7040
Epoch: 2, train_loss: 0.2450, train_clustering_loss:  0.0062, train_error: 0.0920
class 0: acc 0.9146608315098468, correct 418/457
class 1: acc 0.900709219858156, correct 381/423

Val Set, val_loss: 0.4699, val_error: 0.1515, auc: 0.6863
class 0 clustering acc 0.9949494949494949: correct 1576/1584
class 1 clustering acc 0.9987373737373737: correct 1582/1584
class 0: acc 0.8858695652173914, correct 163/184
class 1: acc 0.35714285714285715, correct 5/14
EarlyStopping counter: 1 out of 10


batch 19, loss: 0.0085, instance_loss: 0.0000, weighted_loss: 0.0060, label: 0, bag_size: 20692
batch 39, loss: 0.1993, instance_loss: 0.0002, weighted_loss: 0.1396, label: 1, bag_size: 4276
batch 59, loss: 0.0000, instance_loss: 0.0166, weighted_loss: 0.0050, label: 0, bag_size: 2189
batch 79, loss: 0.0142, instance_loss: 0.0008, weighted_loss: 0.0101, label: 1, bag_size: 4276
batch 99, loss: 0.0647, instance_loss: 0.0002, weighted_loss: 0.0454, label: 0, bag_size: 4963
batch 119, loss: 0.0079, instance_loss: 0.0012, weighted_loss: 0.0059, label: 1, bag_size: 6812
batch 139, loss: 0.0137, instance_loss: 0.0000, weighted_loss: 0.0096, label: 1, bag_size: 21952
batch 159, loss: 0.1940, instance_loss: 0.0010, weighted_loss: 0.1361, label: 1, bag_size: 14318
batch 179, loss: 0.0021, instance_loss: 0.0041, weighted_loss: 0.0027, label: 1, bag_size: 3354
batch 199, loss: 0.1223, instance_loss: 0.0000, weighted_loss: 0.0856, label: 0, bag_size: 5464
batch 219, loss: 0.1588, instance_loss: 0.0000, weighted_loss: 0.1111, label: 0, bag_size: 17682
batch 239, loss: 1.7643, instance_loss: 0.0000, weighted_loss: 1.2350, label: 0, bag_size: 11037
batch 259, loss: 0.1532, instance_loss: 0.0008, weighted_loss: 0.1075, label: 1, bag_size: 4276
batch 279, loss: 0.1356, instance_loss: 0.0000, weighted_loss: 0.0949, label: 1, bag_size: 10371
batch 299, loss: 0.0996, instance_loss: 0.0000, weighted_loss: 0.0698, label: 1, bag_size: 6028
batch 319, loss: 0.0585, instance_loss: 0.0000, weighted_loss: 0.0410, label: 0, bag_size: 9548
batch 339, loss: 0.0029, instance_loss: 0.0000, weighted_loss: 0.0021, label: 1, bag_size: 22624
batch 359, loss: 0.0063, instance_loss: 0.0000, weighted_loss: 0.0044, label: 1, bag_size: 22399
batch 379, loss: 0.0091, instance_loss: 0.0000, weighted_loss: 0.0064, label: 1, bag_size: 8663
batch 399, loss: 0.0004, instance_loss: 0.0065, weighted_loss: 0.0023, label: 0, bag_size: 2317
batch 419, loss: 0.0121, instance_loss: 0.0003, weighted_loss: 0.0086, label: 0, bag_size: 21486
batch 439, loss: 0.0250, instance_loss: 0.0036, weighted_loss: 0.0186, label: 1, bag_size: 5082
batch 459, loss: 0.8973, instance_loss: 0.0178, weighted_loss: 0.6335, label: 1, bag_size: 3024
batch 479, loss: 0.0180, instance_loss: 0.0023, weighted_loss: 0.0133, label: 0, bag_size: 5786
batch 499, loss: 0.0499, instance_loss: 0.0000, weighted_loss: 0.0350, label: 1, bag_size: 4516
batch 519, loss: 0.9376, instance_loss: 0.0054, weighted_loss: 0.6579, label: 1, bag_size: 9833
batch 539, loss: 0.0147, instance_loss: 0.0009, weighted_loss: 0.0106, label: 1, bag_size: 7879
batch 559, loss: 0.0001, instance_loss: 0.0000, weighted_loss: 0.0000, label: 0, bag_size: 21383
batch 579, loss: 0.0011, instance_loss: 0.0004, weighted_loss: 0.0009, label: 0, bag_size: 6699
batch 599, loss: 0.0245, instance_loss: 0.0477, weighted_loss: 0.0314, label: 1, bag_size: 3354
batch 619, loss: 0.0041, instance_loss: 0.0000, weighted_loss: 0.0029, label: 0, bag_size: 25070
batch 639, loss: 0.0166, instance_loss: 0.0000, weighted_loss: 0.0116, label: 0, bag_size: 3998
batch 659, loss: 0.0097, instance_loss: 0.0025, weighted_loss: 0.0076, label: 1, bag_size: 7733
batch 679, loss: 0.0126, instance_loss: 0.0015, weighted_loss: 0.0093, label: 0, bag_size: 10199
batch 699, loss: 0.0114, instance_loss: 0.0028, weighted_loss: 0.0088, label: 1, bag_size: 3354
batch 719, loss: 0.0355, instance_loss: 0.0045, weighted_loss: 0.0262, label: 1, bag_size: 3024
batch 739, loss: 0.0001, instance_loss: 0.0000, weighted_loss: 0.0001, label: 0, bag_size: 3615
batch 759, loss: 0.0027, instance_loss: 0.0000, weighted_loss: 0.0019, label: 0, bag_size: 12415
batch 779, loss: 0.0486, instance_loss: 0.0097, weighted_loss: 0.0369, label: 0, bag_size: 14372
batch 799, loss: 0.0006, instance_loss: 0.0000, weighted_loss: 0.0005, label: 1, bag_size: 22871
batch 819, loss: 0.0021, instance_loss: 0.0000, weighted_loss: 0.0015, label: 1, bag_size: 5906
batch 839, loss: 0.4293, instance_loss: 0.0024, weighted_loss: 0.3013, label: 1, bag_size: 3411
batch 859, loss: 0.0000, instance_loss: 0.0000, weighted_loss: 0.0000, label: 0, bag_size: 4577
batch 879, loss: 0.0022, instance_loss: 0.0000, weighted_loss: 0.0015, label: 0, bag_size: 8458


class 0 clustering acc 0.9998579545454546: correct 7039/7040
class 1 clustering acc 0.9995738636363637: correct 7037/7040
Epoch: 3, train_loss: 0.1341, train_clustering_loss:  0.0041, train_error: 0.0523
class 0: acc 0.9327146171693735, correct 402/431
class 1: acc 0.9621380846325167, correct 432/449

Val Set, val_loss: 0.4045, val_error: 0.0909, auc: 0.6619
class 0 clustering acc 0.9993686868686869: correct 1583/1584
class 1 clustering acc 0.9993686868686869: correct 1583/1584
class 0: acc 0.967391304347826, correct 178/184
class 1: acc 0.14285714285714285, correct 2/14
EarlyStopping counter: 2 out of 10


batch 19, loss: 0.0451, instance_loss: 0.0051, weighted_loss: 0.0331, label: 1, bag_size: 3024
batch 39, loss: 0.0034, instance_loss: 0.0000, weighted_loss: 0.0024, label: 0, bag_size: 5699
batch 59, loss: 0.0007, instance_loss: 0.0000, weighted_loss: 0.0005, label: 0, bag_size: 21267
batch 79, loss: 0.0017, instance_loss: 0.0007, weighted_loss: 0.0014, label: 1, bag_size: 13646
batch 99, loss: 0.0005, instance_loss: 0.0000, weighted_loss: 0.0004, label: 0, bag_size: 10102
batch 119, loss: 0.0826, instance_loss: 0.0168, weighted_loss: 0.0628, label: 1, bag_size: 18621
batch 139, loss: 0.0169, instance_loss: 0.0000, weighted_loss: 0.0118, label: 1, bag_size: 14318
batch 159, loss: 0.0109, instance_loss: 0.0002, weighted_loss: 0.0077, label: 1, bag_size: 6344
batch 179, loss: 0.0125, instance_loss: 0.0069, weighted_loss: 0.0108, label: 1, bag_size: 21952
batch 199, loss: 0.0030, instance_loss: 0.0004, weighted_loss: 0.0022, label: 0, bag_size: 12781
batch 219, loss: 0.0029, instance_loss: 0.0000, weighted_loss: 0.0020, label: 0, bag_size: 5375
batch 239, loss: 0.0113, instance_loss: 0.0000, weighted_loss: 0.0079, label: 1, bag_size: 22399
batch 259, loss: 0.1737, instance_loss: 0.0000, weighted_loss: 0.1216, label: 0, bag_size: 9214
batch 279, loss: 0.0025, instance_loss: 0.0000, weighted_loss: 0.0017, label: 0, bag_size: 19946
batch 299, loss: 0.0052, instance_loss: 0.0000, weighted_loss: 0.0036, label: 1, bag_size: 8663
batch 319, loss: 0.0092, instance_loss: 0.0000, weighted_loss: 0.0065, label: 1, bag_size: 22624
batch 339, loss: 0.0004, instance_loss: 0.0082, weighted_loss: 0.0028, label: 1, bag_size: 6812
batch 359, loss: 0.0258, instance_loss: 0.0009, weighted_loss: 0.0183, label: 1, bag_size: 22042
batch 379, loss: 0.0001, instance_loss: 0.0000, weighted_loss: 0.0001, label: 0, bag_size: 12866
batch 399, loss: 0.0000, instance_loss: 0.0000, weighted_loss: 0.0000, label: 0, bag_size: 5456
batch 419, loss: 0.0000, instance_loss: 0.0000, weighted_loss: 0.0000, label: 0, bag_size: 2464
batch 439, loss: 0.0017, instance_loss: 0.0053, weighted_loss: 0.0028, label: 0, bag_size: 2226
batch 459, loss: 0.0137, instance_loss: 0.0019, weighted_loss: 0.0102, label: 0, bag_size: 6871
batch 479, loss: 0.0039, instance_loss: 0.0003, weighted_loss: 0.0029, label: 1, bag_size: 5906
batch 499, loss: 0.6238, instance_loss: 0.0017, weighted_loss: 0.4372, label: 1, bag_size: 3024
batch 519, loss: 0.0099, instance_loss: 0.0000, weighted_loss: 0.0070, label: 1, bag_size: 22624
batch 539, loss: 0.0010, instance_loss: 0.0005, weighted_loss: 0.0009, label: 1, bag_size: 4760
batch 559, loss: 0.0111, instance_loss: 0.0000, weighted_loss: 0.0078, label: 1, bag_size: 5082
batch 579, loss: 0.0110, instance_loss: 0.0007, weighted_loss: 0.0079, label: 1, bag_size: 3411
batch 599, loss: 0.0280, instance_loss: 0.0000, weighted_loss: 0.0196, label: 1, bag_size: 10371
batch 619, loss: 0.0149, instance_loss: 0.0002, weighted_loss: 0.0105, label: 0, bag_size: 3876
batch 639, loss: 0.0806, instance_loss: 0.0000, weighted_loss: 0.0564, label: 0, bag_size: 16673
batch 659, loss: 0.0030, instance_loss: 0.0002, weighted_loss: 0.0021, label: 0, bag_size: 2872
batch 679, loss: 0.0219, instance_loss: 0.0021, weighted_loss: 0.0160, label: 0, bag_size: 4330
batch 699, loss: 0.0195, instance_loss: 0.0004, weighted_loss: 0.0138, label: 0, bag_size: 7086
batch 719, loss: 0.0072, instance_loss: 0.0000, weighted_loss: 0.0050, label: 1, bag_size: 7733
batch 739, loss: 0.7347, instance_loss: 0.0000, weighted_loss: 0.5143, label: 0, bag_size: 3975
batch 759, loss: 0.0005, instance_loss: 0.0000, weighted_loss: 0.0003, label: 1, bag_size: 5082
batch 779, loss: 0.0326, instance_loss: 0.0004, weighted_loss: 0.0230, label: 1, bag_size: 10180
batch 799, loss: 0.0120, instance_loss: 0.0017, weighted_loss: 0.0090, label: 0, bag_size: 3932
batch 819, loss: 0.0097, instance_loss: 0.0004, weighted_loss: 0.0069, label: 1, bag_size: 22042
batch 839, loss: 0.0000, instance_loss: 0.0261, weighted_loss: 0.0078, label: 0, bag_size: 1572
batch 859, loss: 0.0000, instance_loss: 0.0059, weighted_loss: 0.0018, label: 0, bag_size: 1867
batch 879, loss: 0.0000, instance_loss: 0.0061, weighted_loss: 0.0018, label: 0, bag_size: 21878


class 0 clustering acc 1.0: correct 7040/7040
class 1 clustering acc 0.9998579545454546: correct 7039/7040
Epoch: 4, train_loss: 0.0654, train_clustering_loss:  0.0039, train_error: 0.0239
class 0: acc 0.9688888888888889, correct 436/450
class 1: acc 0.9837209302325581, correct 423/430

Val Set, val_loss: 0.5715, val_error: 0.0758, auc: 0.6440
class 0 clustering acc 0.9987373737373737: correct 1582/1584
class 1 clustering acc 0.9987373737373737: correct 1582/1584
class 0: acc 0.9945652173913043, correct 183/184
class 1: acc 0.0, correct 0/14
EarlyStopping counter: 3 out of 10


batch 19, loss: 0.0065, instance_loss: 0.0012, weighted_loss: 0.0049, label: 1, bag_size: 2853
batch 39, loss: 0.0022, instance_loss: 0.0002, weighted_loss: 0.0016, label: 0, bag_size: 6131
batch 59, loss: 0.0000, instance_loss: 0.0000, weighted_loss: 0.0000, label: 0, bag_size: 10124
batch 79, loss: 0.0000, instance_loss: 0.0014, weighted_loss: 0.0004, label: 0, bag_size: 2595
batch 99, loss: 0.0074, instance_loss: 0.0007, weighted_loss: 0.0054, label: 1, bag_size: 21609
batch 119, loss: 0.0000, instance_loss: 0.0000, weighted_loss: 0.0000, label: 0, bag_size: 15914
batch 139, loss: 0.0200, instance_loss: 0.0000, weighted_loss: 0.0140, label: 1, bag_size: 4276
batch 159, loss: 0.0020, instance_loss: 0.0000, weighted_loss: 0.0014, label: 1, bag_size: 22871
batch 179, loss: 0.0003, instance_loss: 0.0000, weighted_loss: 0.0002, label: 1, bag_size: 5082
batch 199, loss: 0.0198, instance_loss: 0.0008, weighted_loss: 0.0141, label: 1, bag_size: 3024
batch 219, loss: 0.0013, instance_loss: 0.0000, weighted_loss: 0.0009, label: 1, bag_size: 10180
batch 239, loss: 0.0001, instance_loss: 0.0152, weighted_loss: 0.0046, label: 0, bag_size: 2297
batch 259, loss: 0.1315, instance_loss: 0.0000, weighted_loss: 0.0920, label: 0, bag_size: 1556
batch 279, loss: 0.0000, instance_loss: 0.0003, weighted_loss: 0.0001, label: 0, bag_size: 18504
batch 299, loss: 0.0783, instance_loss: 0.0013, weighted_loss: 0.0552, label: 0, bag_size: 5098
batch 319, loss: 0.0009, instance_loss: 0.0000, weighted_loss: 0.0006, label: 1, bag_size: 2637
batch 339, loss: 0.0183, instance_loss: 0.0009, weighted_loss: 0.0131, label: 0, bag_size: 17540
batch 359, loss: 0.0145, instance_loss: 0.0016, weighted_loss: 0.0107, label: 1, bag_size: 5956
batch 379, loss: 0.0171, instance_loss: 0.0011, weighted_loss: 0.0123, label: 1, bag_size: 5906
batch 399, loss: 0.0357, instance_loss: 0.0021, weighted_loss: 0.0256, label: 1, bag_size: 3354
batch 419, loss: 0.0000, instance_loss: 0.0089, weighted_loss: 0.0027, label: 0, bag_size: 4002
batch 439, loss: 0.0000, instance_loss: 0.0000, weighted_loss: 0.0000, label: 0, bag_size: 1682
batch 459, loss: 0.0000, instance_loss: 0.0230, weighted_loss: 0.0069, label: 0, bag_size: 39556
batch 479, loss: 0.0000, instance_loss: 0.0000, weighted_loss: 0.0000, label: 0, bag_size: 16854
batch 499, loss: 0.0000, instance_loss: 0.0017, weighted_loss: 0.0005, label: 0, bag_size: 3771
batch 519, loss: 0.0001, instance_loss: 0.0000, weighted_loss: 0.0001, label: 1, bag_size: 13571
batch 539, loss: 0.0000, instance_loss: 0.0023, weighted_loss: 0.0007, label: 0, bag_size: 3129
batch 559, loss: 0.0005, instance_loss: 0.0012, weighted_loss: 0.0007, label: 0, bag_size: 1179
batch 579, loss: 0.0036, instance_loss: 0.0000, weighted_loss: 0.0025, label: 1, bag_size: 6023
batch 599, loss: 0.0015, instance_loss: 0.0000, weighted_loss: 0.0010, label: 1, bag_size: 4516
batch 619, loss: 0.0186, instance_loss: 0.0000, weighted_loss: 0.0130, label: 1, bag_size: 6344
batch 639, loss: 0.0095, instance_loss: 0.0000, weighted_loss: 0.0067, label: 1, bag_size: 4276
batch 659, loss: 0.0044, instance_loss: 0.0005, weighted_loss: 0.0032, label: 1, bag_size: 3354
batch 679, loss: 0.0017, instance_loss: 0.0009, weighted_loss: 0.0015, label: 1, bag_size: 22399
batch 699, loss: 0.0021, instance_loss: 0.0026, weighted_loss: 0.0022, label: 1, bag_size: 3411
batch 719, loss: 0.0793, instance_loss: 0.0023, weighted_loss: 0.0562, label: 1, bag_size: 4365
batch 739, loss: 0.0000, instance_loss: 0.0002, weighted_loss: 0.0001, label: 0, bag_size: 14711
batch 759, loss: 2.6194, instance_loss: 0.0008, weighted_loss: 1.8338, label: 1, bag_size: 3354
batch 779, loss: 0.0121, instance_loss: 0.0000, weighted_loss: 0.0085, label: 0, bag_size: 16385
batch 799, loss: 0.0002, instance_loss: 0.0000, weighted_loss: 0.0002, label: 0, bag_size: 3137
batch 819, loss: 0.0591, instance_loss: 0.0018, weighted_loss: 0.0419, label: 1, bag_size: 3354
batch 839, loss: 0.0387, instance_loss: 0.0000, weighted_loss: 0.0271, label: 1, bag_size: 6812
batch 859, loss: 0.0002, instance_loss: 0.0000, weighted_loss: 0.0001, label: 0, bag_size: 2800
batch 879, loss: 0.0146, instance_loss: 0.0000, weighted_loss: 0.0102, label: 1, bag_size: 6344


class 0 clustering acc 0.9997159090909091: correct 7038/7040
class 1 clustering acc 0.9998579545454546: correct 7039/7040
Epoch: 5, train_loss: 0.0760, train_clustering_loss:  0.0033, train_error: 0.0239
class 0: acc 0.9755555555555555, correct 439/450
class 1: acc 0.9767441860465116, correct 420/430

Val Set, val_loss: 0.4714, val_error: 0.1263, auc: 0.6044
class 0 clustering acc 0.9987373737373737: correct 1582/1584
class 1 clustering acc 1.0: correct 1584/1584
class 0: acc 0.9293478260869565, correct 171/184
class 1: acc 0.14285714285714285, correct 2/14
EarlyStopping counter: 4 out of 10


batch 19, loss: 0.0113, instance_loss: 0.0009, weighted_loss: 0.0082, label: 1, bag_size: 5956
batch 39, loss: 0.0128, instance_loss: 0.0000, weighted_loss: 0.0090, label: 1, bag_size: 4516
batch 59, loss: 0.0002, instance_loss: 0.0004, weighted_loss: 0.0002, label: 0, bag_size: 17805
batch 79, loss: 0.0004, instance_loss: 0.0014, weighted_loss: 0.0007, label: 0, bag_size: 3102
batch 99, loss: 0.0081, instance_loss: 0.0014, weighted_loss: 0.0061, label: 1, bag_size: 22042
batch 119, loss: 0.0000, instance_loss: 0.0090, weighted_loss: 0.0027, label: 0, bag_size: 1690
batch 139, loss: 0.0000, instance_loss: 0.0004, weighted_loss: 0.0001, label: 0, bag_size: 4569
batch 159, loss: 0.0007, instance_loss: 0.0000, weighted_loss: 0.0005, label: 0, bag_size: 15693
batch 179, loss: 0.0132, instance_loss: 0.0005, weighted_loss: 0.0094, label: 1, bag_size: 4760
batch 199, loss: 0.0002, instance_loss: 0.0000, weighted_loss: 0.0001, label: 1, bag_size: 13571
batch 219, loss: 0.0012, instance_loss: 0.0000, weighted_loss: 0.0008, label: 1, bag_size: 2637
batch 239, loss: 0.0021, instance_loss: 0.0000, weighted_loss: 0.0014, label: 0, bag_size: 5879
batch 259, loss: 0.0086, instance_loss: 0.0000, weighted_loss: 0.0060, label: 1, bag_size: 6028
batch 279, loss: 0.0011, instance_loss: 0.0004, weighted_loss: 0.0009, label: 0, bag_size: 6675
batch 299, loss: 0.0017, instance_loss: 0.0000, weighted_loss: 0.0012, label: 0, bag_size: 6675
batch 319, loss: 0.0026, instance_loss: 0.0000, weighted_loss: 0.0018, label: 1, bag_size: 14318
batch 339, loss: 0.0048, instance_loss: 0.0007, weighted_loss: 0.0036, label: 1, bag_size: 7733
batch 359, loss: 0.0396, instance_loss: 0.0000, weighted_loss: 0.0277, label: 1, bag_size: 3354
batch 379, loss: 0.0003, instance_loss: 0.0000, weighted_loss: 0.0002, label: 0, bag_size: 7092
batch 399, loss: 0.0015, instance_loss: 0.0000, weighted_loss: 0.0011, label: 1, bag_size: 4760
batch 419, loss: 0.0015, instance_loss: 0.0000, weighted_loss: 0.0010, label: 1, bag_size: 2637
batch 439, loss: 0.1104, instance_loss: 0.0005, weighted_loss: 0.0774, label: 1, bag_size: 3354
batch 459, loss: 0.1859, instance_loss: 0.0000, weighted_loss: 0.1302, label: 1, bag_size: 4276
batch 479, loss: 0.0025, instance_loss: 0.0000, weighted_loss: 0.0018, label: 0, bag_size: 16369
batch 499, loss: 0.0092, instance_loss: 0.0450, weighted_loss: 0.0200, label: 1, bag_size: 2853
batch 519, loss: 0.0002, instance_loss: 0.0000, weighted_loss: 0.0001, label: 0, bag_size: 2676
batch 539, loss: 0.1427, instance_loss: 0.0000, weighted_loss: 0.0999, label: 1, bag_size: 6344
batch 559, loss: 0.0029, instance_loss: 0.0002, weighted_loss: 0.0021, label: 1, bag_size: 14318
batch 579, loss: 0.0000, instance_loss: 0.0032, weighted_loss: 0.0010, label: 0, bag_size: 17843
batch 599, loss: 0.0016, instance_loss: 0.0000, weighted_loss: 0.0011, label: 0, bag_size: 3146
batch 619, loss: 0.0032, instance_loss: 0.0000, weighted_loss: 0.0022, label: 0, bag_size: 3975
batch 639, loss: 0.0080, instance_loss: 0.0004, weighted_loss: 0.0057, label: 1, bag_size: 10371
batch 659, loss: 0.0000, instance_loss: 0.0002, weighted_loss: 0.0001, label: 0, bag_size: 3774
batch 679, loss: 0.0005, instance_loss: 0.0000, weighted_loss: 0.0004, label: 1, bag_size: 8663
batch 699, loss: 0.0015, instance_loss: 0.0000, weighted_loss: 0.0010, label: 1, bag_size: 14318
batch 719, loss: 0.0000, instance_loss: 0.0013, weighted_loss: 0.0004, label: 0, bag_size: 4002
batch 739, loss: 0.0005, instance_loss: 0.0000, weighted_loss: 0.0003, label: 0, bag_size: 2482
batch 759, loss: 0.0099, instance_loss: 0.0000, weighted_loss: 0.0069, label: 1, bag_size: 7879
batch 779, loss: 0.0081, instance_loss: 0.0006, weighted_loss: 0.0059, label: 1, bag_size: 18621
batch 799, loss: 0.0161, instance_loss: 0.0002, weighted_loss: 0.0114, label: 1, bag_size: 4365
batch 819, loss: 0.0005, instance_loss: 0.0000, weighted_loss: 0.0003, label: 1, bag_size: 13646
batch 839, loss: 0.0000, instance_loss: 0.0006, weighted_loss: 0.0002, label: 0, bag_size: 18734
batch 859, loss: 0.0985, instance_loss: 0.0000, weighted_loss: 0.0689, label: 0, bag_size: 2382
batch 879, loss: 0.0000, instance_loss: 0.0000, weighted_loss: 0.0000, label: 0, bag_size: 15851


class 0 clustering acc 1.0: correct 7040/7040
class 1 clustering acc 1.0: correct 7040/7040
Epoch: 6, train_loss: 0.0323, train_clustering_loss:  0.0015, train_error: 0.0125
class 0: acc 0.9791666666666666, correct 423/432
class 1: acc 0.9955357142857143, correct 446/448

Val Set, val_loss: 0.7096, val_error: 0.0758, auc: 0.5839
class 0 clustering acc 0.9993686868686869: correct 1583/1584
class 1 clustering acc 1.0: correct 1584/1584
class 0: acc 0.9945652173913043, correct 183/184
class 1: acc 0.0, correct 0/14
EarlyStopping counter: 5 out of 10


batch 19, loss: 0.0003, instance_loss: 0.0000, weighted_loss: 0.0002, label: 0, bag_size: 24236
batch 39, loss: 0.0031, instance_loss: 0.0000, weighted_loss: 0.0022, label: 0, bag_size: 6943
batch 59, loss: 0.0055, instance_loss: 0.0006, weighted_loss: 0.0040, label: 1, bag_size: 22042
batch 79, loss: 0.0041, instance_loss: 0.0004, weighted_loss: 0.0030, label: 1, bag_size: 9833
batch 99, loss: 0.0073, instance_loss: 0.0003, weighted_loss: 0.0052, label: 1, bag_size: 9833
batch 119, loss: 0.0035, instance_loss: 0.0000, weighted_loss: 0.0025, label: 1, bag_size: 4516
batch 139, loss: 0.0007, instance_loss: 0.0012, weighted_loss: 0.0008, label: 1, bag_size: 9833
batch 159, loss: 0.0000, instance_loss: 0.0000, weighted_loss: 0.0000, label: 0, bag_size: 11456
batch 179, loss: 0.0000, instance_loss: 0.0046, weighted_loss: 0.0014, label: 0, bag_size: 1867
batch 199, loss: 0.0002, instance_loss: 0.0000, weighted_loss: 0.0001, label: 0, bag_size: 4088
batch 219, loss: 0.0124, instance_loss: 0.0009, weighted_loss: 0.0089, label: 0, bag_size: 10708
batch 239, loss: 0.0000, instance_loss: 0.0077, weighted_loss: 0.0023, label: 0, bag_size: 41019
batch 259, loss: 0.0000, instance_loss: 0.0000, weighted_loss: 0.0000, label: 0, bag_size: 1881
batch 279, loss: 0.0000, instance_loss: 0.0000, weighted_loss: 0.0000, label: 0, bag_size: 2868
batch 299, loss: 0.0031, instance_loss: 0.0061, weighted_loss: 0.0040, label: 1, bag_size: 1140
batch 319, loss: 0.0002, instance_loss: 0.0227, weighted_loss: 0.0070, label: 1, bag_size: 22042
batch 339, loss: 0.0001, instance_loss: 0.0000, weighted_loss: 0.0001, label: 0, bag_size: 2754
batch 359, loss: 0.0000, instance_loss: 0.0005, weighted_loss: 0.0001, label: 0, bag_size: 6932
batch 379, loss: 0.0024, instance_loss: 0.0009, weighted_loss: 0.0019, label: 1, bag_size: 22042
batch 399, loss: 0.0000, instance_loss: 0.0000, weighted_loss: 0.0000, label: 0, bag_size: 1750
batch 419, loss: 0.0007, instance_loss: 0.0000, weighted_loss: 0.0005, label: 1, bag_size: 8663
batch 439, loss: 0.0000, instance_loss: 0.0000, weighted_loss: 0.0000, label: 0, bag_size: 1834
batch 459, loss: 0.0036, instance_loss: 0.0000, weighted_loss: 0.0025, label: 0, bag_size: 17060
batch 479, loss: 0.0183, instance_loss: 0.0000, weighted_loss: 0.0128, label: 1, bag_size: 18621
batch 499, loss: 0.0082, instance_loss: 0.0058, weighted_loss: 0.0075, label: 0, bag_size: 17448
batch 519, loss: 0.0000, instance_loss: 0.0002, weighted_loss: 0.0001, label: 0, bag_size: 1834
batch 539, loss: 0.0000, instance_loss: 0.0018, weighted_loss: 0.0005, label: 0, bag_size: 1801
batch 559, loss: 0.0000, instance_loss: 0.0000, weighted_loss: 0.0000, label: 0, bag_size: 6240
batch 579, loss: 0.0045, instance_loss: 0.0006, weighted_loss: 0.0033, label: 1, bag_size: 6344
batch 599, loss: 0.0019, instance_loss: 0.0000, weighted_loss: 0.0014, label: 1, bag_size: 7733
batch 619, loss: 0.0014, instance_loss: 0.0004, weighted_loss: 0.0011, label: 1, bag_size: 5906
batch 639, loss: 0.0045, instance_loss: 0.0016, weighted_loss: 0.0037, label: 1, bag_size: 1140
batch 659, loss: 0.0000, instance_loss: 0.0002, weighted_loss: 0.0001, label: 1, bag_size: 3354
batch 679, loss: 0.0005, instance_loss: 0.0002, weighted_loss: 0.0004, label: 1, bag_size: 9833
batch 699, loss: 0.0001, instance_loss: 0.0002, weighted_loss: 0.0001, label: 0, bag_size: 17336
batch 719, loss: 0.0000, instance_loss: 0.0000, weighted_loss: 0.0000, label: 0, bag_size: 3345
batch 739, loss: 0.0001, instance_loss: 0.0000, weighted_loss: 0.0000, label: 1, bag_size: 4760
batch 759, loss: 0.0024, instance_loss: 0.0000, weighted_loss: 0.0017, label: 1, bag_size: 13571
batch 779, loss: 0.0009, instance_loss: 0.0000, weighted_loss: 0.0006, label: 1, bag_size: 22871
batch 799, loss: 0.0093, instance_loss: 0.0162, weighted_loss: 0.0114, label: 1, bag_size: 1140
batch 819, loss: 0.0002, instance_loss: 0.0000, weighted_loss: 0.0002, label: 1, bag_size: 4516
batch 839, loss: 0.0924, instance_loss: 0.0000, weighted_loss: 0.0647, label: 0, bag_size: 1556
batch 859, loss: 0.0000, instance_loss: 0.0000, weighted_loss: 0.0000, label: 0, bag_size: 2602
batch 879, loss: 0.0000, instance_loss: 0.0000, weighted_loss: 0.0000, label: 0, bag_size: 4569


class 0 clustering acc 1.0: correct 7040/7040
class 1 clustering acc 1.0: correct 7040/7040
Epoch: 7, train_loss: 0.0240, train_clustering_loss:  0.0015, train_error: 0.0091
class 0: acc 0.9933035714285714, correct 445/448
class 1: acc 0.9884259259259259, correct 427/432

Val Set, val_loss: 0.5877, val_error: 0.0808, auc: 0.6231
class 0 clustering acc 0.9993686868686869: correct 1583/1584
class 1 clustering acc 1.0: correct 1584/1584
class 0: acc 0.9891304347826086, correct 182/184
class 1: acc 0.0, correct 0/14
EarlyStopping counter: 6 out of 10


batch 19, loss: 0.0131, instance_loss: 0.0000, weighted_loss: 0.0091, label: 0, bag_size: 7017
batch 39, loss: 0.0000, instance_loss: 0.0000, weighted_loss: 0.0000, label: 1, bag_size: 6812
batch 59, loss: 0.0000, instance_loss: 0.0000, weighted_loss: 0.0000, label: 0, bag_size: 1333
batch 79, loss: 0.0000, instance_loss: 0.0000, weighted_loss: 0.0000, label: 0, bag_size: 2137
batch 99, loss: 0.0004, instance_loss: 0.0055, weighted_loss: 0.0019, label: 1, bag_size: 7733
batch 119, loss: 0.0001, instance_loss: 0.0000, weighted_loss: 0.0001, label: 1, bag_size: 2637
batch 139, loss: 0.0000, instance_loss: 0.0000, weighted_loss: 0.0000, label: 0, bag_size: 3642
batch 159, loss: 0.0000, instance_loss: 0.0008, weighted_loss: 0.0003, label: 0, bag_size: 4012
batch 179, loss: 0.0055, instance_loss: 0.0000, weighted_loss: 0.0038, label: 0, bag_size: 16076
batch 199, loss: 0.0000, instance_loss: 0.0017, weighted_loss: 0.0005, label: 0, bag_size: 12141
batch 219, loss: 0.0001, instance_loss: 0.0000, weighted_loss: 0.0001, label: 0, bag_size: 7445
batch 239, loss: 0.0000, instance_loss: 0.0110, weighted_loss: 0.0033, label: 1, bag_size: 3354
batch 259, loss: 0.0014, instance_loss: 0.0007, weighted_loss: 0.0012, label: 1, bag_size: 21952
batch 279, loss: 0.0005, instance_loss: 0.0000, weighted_loss: 0.0003, label: 1, bag_size: 8663
batch 299, loss: 0.0000, instance_loss: 0.0050, weighted_loss: 0.0015, label: 0, bag_size: 3020
batch 319, loss: 0.0004, instance_loss: 0.0000, weighted_loss: 0.0003, label: 0, bag_size: 5786
batch 339, loss: 0.0000, instance_loss: 0.0000, weighted_loss: 0.0000, label: 0, bag_size: 6312
batch 359, loss: 0.0037, instance_loss: 0.0000, weighted_loss: 0.0026, label: 1, bag_size: 3024
batch 379, loss: 0.0000, instance_loss: 0.0000, weighted_loss: 0.0000, label: 0, bag_size: 19205
batch 399, loss: 0.0000, instance_loss: 0.0008, weighted_loss: 0.0002, label: 0, bag_size: 15086
batch 419, loss: 0.0059, instance_loss: 0.0000, weighted_loss: 0.0041, label: 1, bag_size: 3411
batch 439, loss: 0.0763, instance_loss: 0.0000, weighted_loss: 0.0534, label: 0, bag_size: 1396
batch 459, loss: 0.0000, instance_loss: 0.0004, weighted_loss: 0.0001, label: 0, bag_size: 2376
batch 479, loss: 0.0038, instance_loss: 0.0008, weighted_loss: 0.0029, label: 0, bag_size: 14178
batch 499, loss: 0.0000, instance_loss: 0.0012, weighted_loss: 0.0004, label: 0, bag_size: 2381
batch 519, loss: 0.0002, instance_loss: 0.0000, weighted_loss: 0.0001, label: 0, bag_size: 14853
batch 539, loss: 0.0046, instance_loss: 0.0004, weighted_loss: 0.0033, label: 0, bag_size: 5169
batch 559, loss: 7.1834, instance_loss: 0.0000, weighted_loss: 5.0284, label: 0, bag_size: 25478
batch 579, loss: 0.0002, instance_loss: 0.0000, weighted_loss: 0.0002, label: 0, bag_size: 7086
batch 599, loss: 0.0225, instance_loss: 0.0000, weighted_loss: 0.0157, label: 1, bag_size: 10180
batch 619, loss: 0.0090, instance_loss: 0.0079, weighted_loss: 0.0087, label: 1, bag_size: 7733
batch 639, loss: 0.0000, instance_loss: 0.0000, weighted_loss: 0.0000, label: 0, bag_size: 3607
batch 659, loss: 0.0000, instance_loss: 0.0000, weighted_loss: 0.0000, label: 1, bag_size: 13571
batch 679, loss: 0.0009, instance_loss: 0.0000, weighted_loss: 0.0006, label: 1, bag_size: 7879
batch 699, loss: 0.0000, instance_loss: 0.0000, weighted_loss: 0.0000, label: 0, bag_size: 6344
batch 719, loss: 0.0107, instance_loss: 0.0000, weighted_loss: 0.0075, label: 1, bag_size: 14318
batch 739, loss: 0.0000, instance_loss: 0.0000, weighted_loss: 0.0000, label: 1, bag_size: 13571
batch 759, loss: 0.0001, instance_loss: 0.0000, weighted_loss: 0.0001, label: 1, bag_size: 8663
batch 779, loss: 0.0000, instance_loss: 0.0000, weighted_loss: 0.0000, label: 0, bag_size: 5542
batch 799, loss: 0.0019, instance_loss: 0.0000, weighted_loss: 0.0013, label: 0, bag_size: 17060
batch 819, loss: 0.0022, instance_loss: 0.0000, weighted_loss: 0.0015, label: 0, bag_size: 7304
batch 839, loss: 0.0067, instance_loss: 0.0000, weighted_loss: 0.0047, label: 1, bag_size: 18621
batch 859, loss: 0.0017, instance_loss: 0.0000, weighted_loss: 0.0012, label: 0, bag_size: 11847
batch 879, loss: 0.0001, instance_loss: 0.0000, weighted_loss: 0.0001, label: 0, bag_size: 2820


class 0 clustering acc 1.0: correct 7040/7040
class 1 clustering acc 1.0: correct 7040/7040
Epoch: 8, train_loss: 0.0333, train_clustering_loss:  0.0014, train_error: 0.0068
class 0: acc 0.9953271028037384, correct 426/428
class 1: acc 0.9911504424778761, correct 448/452

Val Set, val_loss: 0.5575, val_error: 0.0758, auc: 0.6595
class 0 clustering acc 1.0: correct 1584/1584
class 1 clustering acc 1.0: correct 1584/1584
class 0: acc 0.9891304347826086, correct 182/184
class 1: acc 0.07142857142857142, correct 1/14
EarlyStopping counter: 7 out of 10


batch 19, loss: 0.0006, instance_loss: 0.0000, weighted_loss: 0.0004, label: 1, bag_size: 5906
batch 39, loss: 0.0000, instance_loss: 0.0000, weighted_loss: 0.0000, label: 0, bag_size: 20383
batch 59, loss: 0.0010, instance_loss: 0.0000, weighted_loss: 0.0007, label: 0, bag_size: 11919
batch 79, loss: 0.0148, instance_loss: 0.0000, weighted_loss: 0.0103, label: 1, bag_size: 5082
batch 99, loss: 0.0001, instance_loss: 0.0007, weighted_loss: 0.0003, label: 0, bag_size: 1183
batch 119, loss: 0.0013, instance_loss: 0.0000, weighted_loss: 0.0009, label: 0, bag_size: 5464
batch 139, loss: 0.0266, instance_loss: 0.0039, weighted_loss: 0.0198, label: 1, bag_size: 3024
batch 159, loss: 0.0061, instance_loss: 0.0000, weighted_loss: 0.0043, label: 0, bag_size: 5487
batch 179, loss: 0.0010, instance_loss: 0.0000, weighted_loss: 0.0007, label: 1, bag_size: 21609
batch 199, loss: 0.0003, instance_loss: 0.0003, weighted_loss: 0.0003, label: 1, bag_size: 7733
batch 219, loss: 0.0000, instance_loss: 0.0004, weighted_loss: 0.0001, label: 1, bag_size: 6028
batch 239, loss: 0.0001, instance_loss: 0.0000, weighted_loss: 0.0000, label: 1, bag_size: 6812
batch 259, loss: 0.0049, instance_loss: 0.0000, weighted_loss: 0.0034, label: 0, bag_size: 7985
batch 279, loss: 0.0019, instance_loss: 0.0000, weighted_loss: 0.0014, label: 1, bag_size: 9833
batch 299, loss: 0.0008, instance_loss: 0.0000, weighted_loss: 0.0006, label: 1, bag_size: 2637
batch 319, loss: 0.0003, instance_loss: 0.0000, weighted_loss: 0.0002, label: 1, bag_size: 21952
batch 339, loss: 0.0003, instance_loss: 0.0000, weighted_loss: 0.0002, label: 0, bag_size: 4320
batch 359, loss: 0.0004, instance_loss: 0.0000, weighted_loss: 0.0003, label: 1, bag_size: 14318
batch 379, loss: 0.0000, instance_loss: 0.0000, weighted_loss: 0.0000, label: 0, bag_size: 3137
batch 399, loss: 0.0098, instance_loss: 0.0002, weighted_loss: 0.0069, label: 1, bag_size: 22042
batch 419, loss: 0.0012, instance_loss: 0.0000, weighted_loss: 0.0008, label: 1, bag_size: 7879
batch 439, loss: 0.0067, instance_loss: 0.0003, weighted_loss: 0.0048, label: 1, bag_size: 3354
batch 459, loss: 0.0003, instance_loss: 0.0000, weighted_loss: 0.0002, label: 0, bag_size: 11116
batch 479, loss: 0.0029, instance_loss: 0.0003, weighted_loss: 0.0021, label: 1, bag_size: 22042
batch 499, loss: 0.0003, instance_loss: 0.0000, weighted_loss: 0.0002, label: 1, bag_size: 5906
batch 519, loss: 0.0000, instance_loss: 0.0000, weighted_loss: 0.0000, label: 0, bag_size: 3756
batch 539, loss: 0.0001, instance_loss: 0.0003, weighted_loss: 0.0002, label: 1, bag_size: 6028
batch 559, loss: 0.0000, instance_loss: 0.0000, weighted_loss: 0.0000, label: 0, bag_size: 5599
batch 579, loss: 0.0011, instance_loss: 0.0000, weighted_loss: 0.0008, label: 1, bag_size: 3354
batch 599, loss: 0.0031, instance_loss: 0.0000, weighted_loss: 0.0021, label: 1, bag_size: 22399
batch 619, loss: 0.0001, instance_loss: 0.0000, weighted_loss: 0.0001, label: 0, bag_size: 5154
batch 639, loss: 0.0006, instance_loss: 0.0030, weighted_loss: 0.0013, label: 1, bag_size: 22042
batch 659, loss: 0.0002, instance_loss: 0.0000, weighted_loss: 0.0001, label: 0, bag_size: 4808
batch 679, loss: 0.0000, instance_loss: 0.0000, weighted_loss: 0.0000, label: 0, bag_size: 3506
batch 699, loss: 0.0000, instance_loss: 0.0000, weighted_loss: 0.0000, label: 0, bag_size: 15625
batch 719, loss: 0.0044, instance_loss: 0.0000, weighted_loss: 0.0031, label: 1, bag_size: 13646
batch 739, loss: 0.0000, instance_loss: 0.0000, weighted_loss: 0.0000, label: 0, bag_size: 20517
batch 759, loss: 0.0034, instance_loss: 0.0004, weighted_loss: 0.0025, label: 1, bag_size: 22042
batch 779, loss: 0.0017, instance_loss: 0.0000, weighted_loss: 0.0012, label: 1, bag_size: 21609
batch 799, loss: 0.0004, instance_loss: 0.0008, weighted_loss: 0.0005, label: 0, bag_size: 9388
batch 819, loss: 0.0016, instance_loss: 0.0005, weighted_loss: 0.0013, label: 1, bag_size: 6812
batch 839, loss: 0.0000, instance_loss: 0.0000, weighted_loss: 0.0000, label: 1, bag_size: 5082
batch 859, loss: 0.0001, instance_loss: 0.0000, weighted_loss: 0.0000, label: 1, bag_size: 3024
batch 879, loss: 0.0016, instance_loss: 0.0000, weighted_loss: 0.0011, label: 1, bag_size: 22871


class 0 clustering acc 1.0: correct 7040/7040
class 1 clustering acc 1.0: correct 7040/7040
Epoch: 9, train_loss: 0.0393, train_clustering_loss:  0.0013, train_error: 0.0159
class 0: acc 0.9812206572769953, correct 418/426
class 1: acc 0.986784140969163, correct 448/454

Val Set, val_loss: 0.7099, val_error: 0.0758, auc: 0.6029
class 0 clustering acc 0.9993686868686869: correct 1583/1584
class 1 clustering acc 1.0: correct 1584/1584
class 0: acc 0.9945652173913043, correct 183/184
class 1: acc 0.0, correct 0/14
EarlyStopping counter: 8 out of 10


batch 19, loss: 0.0072, instance_loss: 0.0087, weighted_loss: 0.0077, label: 1, bag_size: 1140
batch 39, loss: 0.0002, instance_loss: 0.0000, weighted_loss: 0.0002, label: 0, bag_size: 19946
batch 59, loss: 0.0292, instance_loss: 0.0002, weighted_loss: 0.0205, label: 1, bag_size: 6028
batch 79, loss: 0.0000, instance_loss: 0.0002, weighted_loss: 0.0001, label: 0, bag_size: 3330
batch 99, loss: 0.0002, instance_loss: 0.0000, weighted_loss: 0.0002, label: 1, bag_size: 6028
batch 119, loss: 0.0006, instance_loss: 0.0000, weighted_loss: 0.0004, label: 1, bag_size: 21609
batch 139, loss: 0.0001, instance_loss: 0.0000, weighted_loss: 0.0000, label: 0, bag_size: 1941
batch 159, loss: 0.0002, instance_loss: 0.0014, weighted_loss: 0.0005, label: 1, bag_size: 1140
batch 179, loss: 0.0001, instance_loss: 0.0004, weighted_loss: 0.0002, label: 0, bag_size: 2285
batch 199, loss: 0.0003, instance_loss: 0.0000, weighted_loss: 0.0002, label: 0, bag_size: 1868
batch 219, loss: 0.0007, instance_loss: 0.0008, weighted_loss: 0.0008, label: 1, bag_size: 21609
batch 239, loss: 0.0002, instance_loss: 0.0006, weighted_loss: 0.0003, label: 1, bag_size: 6344
batch 259, loss: 0.0005, instance_loss: 0.0000, weighted_loss: 0.0004, label: 1, bag_size: 22871
batch 279, loss: 0.0004, instance_loss: 0.0011, weighted_loss: 0.0006, label: 1, bag_size: 6344
batch 299, loss: 0.0000, instance_loss: 0.0000, weighted_loss: 0.0000, label: 0, bag_size: 5922
batch 319, loss: 0.0001, instance_loss: 0.0000, weighted_loss: 0.0001, label: 0, bag_size: 15395
batch 339, loss: 0.0005, instance_loss: 0.0000, weighted_loss: 0.0003, label: 1, bag_size: 2637
batch 359, loss: 0.0002, instance_loss: 0.0000, weighted_loss: 0.0001, label: 1, bag_size: 6028
batch 379, loss: 0.0004, instance_loss: 0.0000, weighted_loss: 0.0003, label: 1, bag_size: 21609
batch 399, loss: 0.0002, instance_loss: 0.0000, weighted_loss: 0.0002, label: 0, bag_size: 7225
batch 419, loss: 0.0001, instance_loss: 0.0000, weighted_loss: 0.0001, label: 1, bag_size: 22624
batch 439, loss: 0.0000, instance_loss: 0.0000, weighted_loss: 0.0000, label: 1, bag_size: 13571
batch 459, loss: 0.0004, instance_loss: 0.0000, weighted_loss: 0.0003, label: 0, bag_size: 5699
batch 479, loss: 0.0001, instance_loss: 0.0002, weighted_loss: 0.0001, label: 0, bag_size: 12141
batch 499, loss: 0.0003, instance_loss: 0.0000, weighted_loss: 0.0002, label: 0, bag_size: 6578
batch 519, loss: 0.0002, instance_loss: 0.0010, weighted_loss: 0.0004, label: 0, bag_size: 19660
batch 539, loss: 0.0000, instance_loss: 0.0000, weighted_loss: 0.0000, label: 0, bag_size: 3144
batch 559, loss: 0.0026, instance_loss: 0.0004, weighted_loss: 0.0020, label: 1, bag_size: 21952
batch 579, loss: 0.0021, instance_loss: 0.0000, weighted_loss: 0.0015, label: 1, bag_size: 14318
batch 599, loss: 0.0230, instance_loss: 0.0000, weighted_loss: 0.0161, label: 1, bag_size: 22399
batch 619, loss: 0.0001, instance_loss: 0.0000, weighted_loss: 0.0001, label: 1, bag_size: 4516
batch 639, loss: 0.0002, instance_loss: 0.0000, weighted_loss: 0.0001, label: 0, bag_size: 16772
batch 659, loss: 0.0000, instance_loss: 0.0014, weighted_loss: 0.0004, label: 0, bag_size: 5342
batch 679, loss: 0.0001, instance_loss: 0.0000, weighted_loss: 0.0001, label: 1, bag_size: 4516
batch 699, loss: 0.0007, instance_loss: 0.0000, weighted_loss: 0.0005, label: 0, bag_size: 4777
batch 719, loss: 0.0000, instance_loss: 0.0000, weighted_loss: 0.0000, label: 0, bag_size: 1956
batch 739, loss: 0.0000, instance_loss: 0.0000, weighted_loss: 0.0000, label: 0, bag_size: 17250
batch 759, loss: 0.0039, instance_loss: 0.0000, weighted_loss: 0.0027, label: 0, bag_size: 4259
batch 779, loss: 0.0002, instance_loss: 0.0003, weighted_loss: 0.0002, label: 1, bag_size: 6344
batch 799, loss: 0.0003, instance_loss: 0.0015, weighted_loss: 0.0006, label: 1, bag_size: 2853
batch 819, loss: 0.0005, instance_loss: 0.0000, weighted_loss: 0.0003, label: 1, bag_size: 6812
batch 839, loss: 0.0000, instance_loss: 0.0000, weighted_loss: 0.0000, label: 0, bag_size: 7208
batch 859, loss: 0.0000, instance_loss: 0.0000, weighted_loss: 0.0000, label: 0, bag_size: 4211
batch 879, loss: 0.0000, instance_loss: 0.0000, weighted_loss: 0.0000, label: 1, bag_size: 5082


class 0 clustering acc 1.0: correct 7040/7040
class 1 clustering acc 0.9998579545454546: correct 7039/7040
Epoch: 10, train_loss: 0.0028, train_clustering_loss:  0.0009, train_error: 0.0000
class 0: acc 1.0, correct 426/426
class 1: acc 1.0, correct 454/454

Val Set, val_loss: 0.7097, val_error: 0.0808, auc: 0.6262
class 0 clustering acc 0.9993686868686869: correct 1583/1584
class 1 clustering acc 1.0: correct 1584/1584
class 0: acc 0.9891304347826086, correct 182/184
class 1: acc 0.0, correct 0/14
EarlyStopping counter: 9 out of 10


batch 19, loss: 0.0002, instance_loss: 0.0006, weighted_loss: 0.0003, label: 1, bag_size: 6344
batch 39, loss: 0.0000, instance_loss: 0.0042, weighted_loss: 0.0012, label: 0, bag_size: 1621
batch 59, loss: 0.0000, instance_loss: 0.0004, weighted_loss: 0.0001, label: 0, bag_size: 2675
batch 79, loss: 0.0000, instance_loss: 0.0265, weighted_loss: 0.0079, label: 0, bag_size: 19205
batch 99, loss: 0.0001, instance_loss: 0.0000, weighted_loss: 0.0000, label: 1, bag_size: 5906
batch 119, loss: 0.0003, instance_loss: 0.0000, weighted_loss: 0.0002, label: 1, bag_size: 6812
batch 139, loss: 0.0000, instance_loss: 0.0034, weighted_loss: 0.0010, label: 0, bag_size: 21383
batch 159, loss: 0.0006, instance_loss: 0.0000, weighted_loss: 0.0004, label: 1, bag_size: 22624
batch 179, loss: 0.0000, instance_loss: 0.0000, weighted_loss: 0.0000, label: 0, bag_size: 3419
batch 199, loss: 0.0000, instance_loss: 0.0002, weighted_loss: 0.0001, label: 0, bag_size: 4002
batch 219, loss: 0.0000, instance_loss: 0.0000, weighted_loss: 0.0000, label: 0, bag_size: 2009
batch 239, loss: 0.0000, instance_loss: 0.0000, weighted_loss: 0.0000, label: 0, bag_size: 5027
batch 259, loss: 0.0008, instance_loss: 0.0000, weighted_loss: 0.0005, label: 1, bag_size: 22871
batch 279, loss: 0.0011, instance_loss: 0.0000, weighted_loss: 0.0008, label: 1, bag_size: 10180
batch 299, loss: 0.0000, instance_loss: 0.0000, weighted_loss: 0.0000, label: 0, bag_size: 2137
batch 319, loss: 0.0002, instance_loss: 0.0333, weighted_loss: 0.0101, label: 0, bag_size: 1414
batch 339, loss: 0.0000, instance_loss: 0.0000, weighted_loss: 0.0000, label: 0, bag_size: 13449
batch 359, loss: 0.0000, instance_loss: 0.0000, weighted_loss: 0.0000, label: 0, bag_size: 8271
batch 379, loss: 0.0001, instance_loss: 0.0000, weighted_loss: 0.0001, label: 1, bag_size: 5906
batch 399, loss: 0.0000, instance_loss: 0.0000, weighted_loss: 0.0000, label: 0, bag_size: 39556
batch 419, loss: 0.0000, instance_loss: 0.0000, weighted_loss: 0.0000, label: 0, bag_size: 10381
batch 439, loss: 0.0003, instance_loss: 0.0000, weighted_loss: 0.0002, label: 1, bag_size: 22399
batch 459, loss: 0.0000, instance_loss: 0.0000, weighted_loss: 0.0000, label: 1, bag_size: 22624
batch 479, loss: 0.0003, instance_loss: 0.0058, weighted_loss: 0.0019, label: 1, bag_size: 5956
batch 499, loss: 0.0002, instance_loss: 0.0018, weighted_loss: 0.0007, label: 1, bag_size: 21952
batch 519, loss: 0.0052, instance_loss: 0.0000, weighted_loss: 0.0036, label: 1, bag_size: 7733
batch 539, loss: 0.0035, instance_loss: 0.0010, weighted_loss: 0.0028, label: 1, bag_size: 22042
batch 559, loss: 0.0000, instance_loss: 0.0000, weighted_loss: 0.0000, label: 0, bag_size: 5214
batch 579, loss: 2.2173, instance_loss: 0.0000, weighted_loss: 1.5521, label: 0, bag_size: 2280
batch 599, loss: 0.0000, instance_loss: 0.0000, weighted_loss: 0.0000, label: 0, bag_size: 1834
batch 619, loss: 0.0000, instance_loss: 0.0000, weighted_loss: 0.0000, label: 1, bag_size: 8663
batch 639, loss: 0.0016, instance_loss: 0.0000, weighted_loss: 0.0011, label: 1, bag_size: 13646
batch 659, loss: 0.0005, instance_loss: 0.0000, weighted_loss: 0.0003, label: 1, bag_size: 21609
batch 679, loss: 0.0015, instance_loss: 0.0000, weighted_loss: 0.0010, label: 1, bag_size: 13646
batch 699, loss: 0.0000, instance_loss: 0.0000, weighted_loss: 0.0000, label: 0, bag_size: 10053
batch 719, loss: 0.0018, instance_loss: 0.0040, weighted_loss: 0.0025, label: 1, bag_size: 6028
batch 739, loss: 0.0008, instance_loss: 0.0000, weighted_loss: 0.0006, label: 0, bag_size: 4463
batch 759, loss: 0.0005, instance_loss: 0.0003, weighted_loss: 0.0004, label: 1, bag_size: 22871
batch 779, loss: 0.0000, instance_loss: 0.0003, weighted_loss: 0.0001, label: 0, bag_size: 5542
batch 799, loss: 0.0000, instance_loss: 0.0000, weighted_loss: 0.0000, label: 0, bag_size: 2879
batch 819, loss: 0.0009, instance_loss: 0.0000, weighted_loss: 0.0006, label: 1, bag_size: 6028
batch 839, loss: 0.0014, instance_loss: 0.0000, weighted_loss: 0.0010, label: 1, bag_size: 21609
batch 859, loss: 0.0029, instance_loss: 0.0009, weighted_loss: 0.0023, label: 1, bag_size: 2853
batch 879, loss: 0.0003, instance_loss: 0.0008, weighted_loss: 0.0005, label: 1, bag_size: 6344


class 0 clustering acc 1.0: correct 7040/7040
class 1 clustering acc 1.0: correct 7040/7040
Epoch: 11, train_loss: 0.0244, train_clustering_loss:  0.0008, train_error: 0.0091
class 0: acc 0.9911111111111112, correct 446/450
class 1: acc 0.9906976744186047, correct 426/430

Val Set, val_loss: 0.7637, val_error: 0.0909, auc: 0.6048
class 0 clustering acc 1.0: correct 1584/1584
class 1 clustering acc 0.9993686868686869: correct 1583/1584
class 0: acc 0.9782608695652174, correct 180/184
class 1: acc 0.0, correct 0/14
EarlyStopping counter: 10 out of 10
Early stopping
Val error: 0.1010, ROC AUC: 0.6036
CV validation error: 0.1010, ROC AUC: 0.6036
class 0: acc 0.967391304347826, correct 178/184
class 1: acc 0.0, correct 0/14
Future event metrics: {"fold": 1, "events": 87, "positive_events": 5, "event_average_precision": 0.08970999760473446, "event_roc_auc": 0.6195121951219512, "event_brier": 0.06620714619781434, "aggregation": "mean probability across all included stains/slides of same patient/anchor date", "exploratory_cv_not_independent_final_test": true}
HE augmentation: {"fold": 2, "seed": 1, "train_slides": 823, "eligible_he_train": 46, "unchanged_train": 777, "policy": "geometry", "total_views": 2, "he_original_probability": 0.5, "view_seed": 20461933, "val_test_original_only": true, "split_sha256": "233d1ec71a5242ad0c06d4c8d9ef3ee491d0b1120b08dfab00336e7f11302c33", "validation_used_for_checkpoint_selection": true, "independent_final_test": false}

Training Fold 2!

Init train/val/test splits... 
Done!
Training on 823 samples
Validating on 255 samples
Testing on 0 samples

Init loss function... Done!

Init Model... Setting tau to 1.0
Done!
CLAM_SB(
  (attention_net): Sequential(
    (0): Linear(in_features=1536, out_features=512, bias=True)
    (1): ReLU()
    (2): Dropout(p=0.25, inplace=False)
    (3): Attn_Net_Gated(
      (attention_a): Sequential(
        (0): Linear(in_features=512, out_features=256, bias=True)
        (1): Tanh()
        (2): Dropout(p=0.25, inplace=False)
      )
      (attention_b): Sequential(
        (0): Linear(in_features=512, out_features=256, bias=True)
        (1): Sigmoid()
        (2): Dropout(p=0.25, inplace=False)
      )
      (attention_c): Linear(in_features=256, out_features=1, bias=True)
    )
  )
  (classifiers): Linear(in_features=512, out_features=2, bias=True)
  (instance_classifiers): ModuleList(
    (0-1): 2 x Linear(in_features=512, out_features=2, bias=True)
  )
  (instance_loss_fn): SmoothTop1SVM()
)
Total number of parameters: 1052935
Total number of trainable parameters: 1052935

Init optimizer ... Done!

Init Loaders... Done!

Setup EarlyStopping... Done!


batch 19, loss: 0.4219, instance_loss: 0.7219, weighted_loss: 0.5119, label: 1, bag_size: 15079
batch 39, loss: 0.4242, instance_loss: 0.0573, weighted_loss: 0.3141, label: 0, bag_size: 3129
batch 59, loss: 0.6643, instance_loss: 0.0316, weighted_loss: 0.4745, label: 0, bag_size: 948
batch 79, loss: 0.6146, instance_loss: 1.2046, weighted_loss: 0.7916, label: 0, bag_size: 17547
batch 99, loss: 1.6554, instance_loss: 1.8363, weighted_loss: 1.7097, label: 1, bag_size: 14528
batch 119, loss: 0.4801, instance_loss: 0.1147, weighted_loss: 0.3705, label: 1, bag_size: 12989
batch 139, loss: 1.3431, instance_loss: 0.3597, weighted_loss: 1.0481, label: 1, bag_size: 4760
batch 159, loss: 0.3811, instance_loss: 0.0696, weighted_loss: 0.2877, label: 0, bag_size: 17460
batch 179, loss: 0.6422, instance_loss: 0.0075, weighted_loss: 0.4518, label: 1, bag_size: 10371
batch 199, loss: 0.4135, instance_loss: 0.0370, weighted_loss: 0.3005, label: 1, bag_size: 12989
batch 219, loss: 0.3826, instance_loss: 0.0211, weighted_loss: 0.2742, label: 1, bag_size: 14528
batch 239, loss: 0.2782, instance_loss: 0.0031, weighted_loss: 0.1957, label: 0, bag_size: 2692
batch 259, loss: 0.5371, instance_loss: 0.0059, weighted_loss: 0.3778, label: 0, bag_size: 17359
batch 279, loss: 0.3276, instance_loss: 0.8372, weighted_loss: 0.4805, label: 0, bag_size: 41019
batch 299, loss: 0.5937, instance_loss: 0.0079, weighted_loss: 0.4180, label: 1, bag_size: 13646
batch 319, loss: 0.6647, instance_loss: 0.1123, weighted_loss: 0.4989, label: 0, bag_size: 3102
batch 339, loss: 0.1269, instance_loss: 0.0021, weighted_loss: 0.0894, label: 1, bag_size: 13571
batch 359, loss: 0.0431, instance_loss: 0.0028, weighted_loss: 0.0310, label: 1, bag_size: 18621
batch 379, loss: 0.1791, instance_loss: 0.0170, weighted_loss: 0.1305, label: 0, bag_size: 13691
batch 399, loss: 0.0270, instance_loss: 0.9478, weighted_loss: 0.3032, label: 0, bag_size: 20475
batch 419, loss: 0.7759, instance_loss: 0.1734, weighted_loss: 0.5952, label: 0, bag_size: 5483
batch 439, loss: 0.4494, instance_loss: 0.0177, weighted_loss: 0.3199, label: 1, bag_size: 2644
batch 459, loss: 1.0214, instance_loss: 0.0029, weighted_loss: 0.7158, label: 0, bag_size: 3702
batch 479, loss: 0.5986, instance_loss: 0.0448, weighted_loss: 0.4325, label: 1, bag_size: 4365
batch 499, loss: 0.9150, instance_loss: 0.0351, weighted_loss: 0.6510, label: 1, bag_size: 10180
batch 519, loss: 0.6948, instance_loss: 0.0078, weighted_loss: 0.4887, label: 0, bag_size: 3533
batch 539, loss: 0.6671, instance_loss: 0.0241, weighted_loss: 0.4742, label: 1, bag_size: 3628
batch 559, loss: 0.0966, instance_loss: 0.0034, weighted_loss: 0.0686, label: 1, bag_size: 21609
batch 579, loss: 0.6971, instance_loss: 0.0029, weighted_loss: 0.4889, label: 1, bag_size: 10371
batch 599, loss: 0.0995, instance_loss: 0.0013, weighted_loss: 0.0701, label: 1, bag_size: 12989
batch 619, loss: 4.0836, instance_loss: 0.0036, weighted_loss: 2.8596, label: 0, bag_size: 20621
batch 639, loss: 0.1739, instance_loss: 0.0077, weighted_loss: 0.1240, label: 1, bag_size: 2671
batch 659, loss: 0.0181, instance_loss: 0.0094, weighted_loss: 0.0155, label: 1, bag_size: 6344
batch 679, loss: 0.4444, instance_loss: 0.0432, weighted_loss: 0.3240, label: 1, bag_size: 2671
batch 699, loss: 0.0660, instance_loss: 0.0076, weighted_loss: 0.0485, label: 1, bag_size: 1140
batch 719, loss: 0.6388, instance_loss: 0.0007, weighted_loss: 0.4473, label: 0, bag_size: 10109
batch 739, loss: 0.1394, instance_loss: 0.0290, weighted_loss: 0.1063, label: 0, bag_size: 5224
batch 759, loss: 0.2990, instance_loss: 0.0122, weighted_loss: 0.2130, label: 1, bag_size: 14318
batch 779, loss: 0.2804, instance_loss: 0.0142, weighted_loss: 0.2005, label: 1, bag_size: 4492
batch 799, loss: 0.2872, instance_loss: 0.0011, weighted_loss: 0.2014, label: 1, bag_size: 3628
batch 819, loss: 1.8149, instance_loss: 0.0012, weighted_loss: 1.2708, label: 1, bag_size: 3628


class 0 clustering acc 0.9854191980558931: correct 6488/6584
class 1 clustering acc 0.969775212636695: correct 6385/6584
Epoch: 0, train_loss: 0.5695, train_clustering_loss:  0.1085, train_error: 0.3111
class 0: acc 0.6934306569343066, correct 285/411
class 1: acc 0.6844660194174758, correct 282/412

Val Set, val_loss: 0.2351, val_error: 0.0627, auc: 0.4982
class 0 clustering acc 0.9995098039215686: correct 2039/2040
class 1 clustering acc 1.0: correct 2040/2040
class 0: acc 0.9715447154471545, correct 239/246
class 1: acc 0.0, correct 0/9
Validation loss decreased (inf --> 0.235106).  Saving model ...


batch 19, loss: 0.0943, instance_loss: 0.0143, weighted_loss: 0.0703, label: 1, bag_size: 22871
batch 39, loss: 0.2401, instance_loss: 0.0000, weighted_loss: 0.1681, label: 1, bag_size: 3628
batch 59, loss: 0.0176, instance_loss: 0.0014, weighted_loss: 0.0128, label: 0, bag_size: 18154
batch 79, loss: 0.1606, instance_loss: 0.0033, weighted_loss: 0.1134, label: 1, bag_size: 15079
batch 99, loss: 0.1460, instance_loss: 0.0088, weighted_loss: 0.1049, label: 0, bag_size: 3842
batch 119, loss: 0.3462, instance_loss: 0.0024, weighted_loss: 0.2431, label: 1, bag_size: 18621
batch 139, loss: 0.0021, instance_loss: 0.0009, weighted_loss: 0.0018, label: 0, bag_size: 14428
batch 159, loss: 1.5410, instance_loss: 0.0072, weighted_loss: 1.0809, label: 1, bag_size: 4365
batch 179, loss: 0.0619, instance_loss: 0.0058, weighted_loss: 0.0450, label: 1, bag_size: 13646
batch 199, loss: 0.0900, instance_loss: 0.0010, weighted_loss: 0.0633, label: 0, bag_size: 6675
batch 219, loss: 0.1348, instance_loss: 0.0022, weighted_loss: 0.0950, label: 0, bag_size: 9608
batch 239, loss: 0.4187, instance_loss: 0.0046, weighted_loss: 0.2945, label: 0, bag_size: 20554
batch 259, loss: 0.1382, instance_loss: 0.0019, weighted_loss: 0.0973, label: 0, bag_size: 12177
batch 279, loss: 0.8206, instance_loss: 0.0003, weighted_loss: 0.5745, label: 1, bag_size: 4516
batch 299, loss: 0.1061, instance_loss: 0.0011, weighted_loss: 0.0746, label: 1, bag_size: 4563
batch 319, loss: 0.1154, instance_loss: 0.0017, weighted_loss: 0.0813, label: 1, bag_size: 5828
batch 339, loss: 3.2262, instance_loss: 0.0073, weighted_loss: 2.2605, label: 0, bag_size: 23909
batch 359, loss: 1.4607, instance_loss: 0.0015, weighted_loss: 1.0230, label: 1, bag_size: 1140
batch 379, loss: 0.0904, instance_loss: 0.0056, weighted_loss: 0.0650, label: 1, bag_size: 5906
batch 399, loss: 3.1542, instance_loss: 0.1178, weighted_loss: 2.2433, label: 1, bag_size: 3024
batch 419, loss: 0.0020, instance_loss: 0.0000, weighted_loss: 0.0014, label: 0, bag_size: 20004
batch 439, loss: 0.0348, instance_loss: 0.0080, weighted_loss: 0.0268, label: 1, bag_size: 22871
batch 459, loss: 0.0017, instance_loss: 0.0000, weighted_loss: 0.0012, label: 0, bag_size: 16499
batch 479, loss: 0.0030, instance_loss: 0.0021, weighted_loss: 0.0027, label: 0, bag_size: 18278
batch 499, loss: 0.1037, instance_loss: 0.0177, weighted_loss: 0.0779, label: 0, bag_size: 1862
batch 519, loss: 0.0597, instance_loss: 0.0010, weighted_loss: 0.0421, label: 0, bag_size: 3842
batch 539, loss: 0.0911, instance_loss: 0.0050, weighted_loss: 0.0653, label: 0, bag_size: 4471
batch 559, loss: 0.0053, instance_loss: 0.0000, weighted_loss: 0.0037, label: 0, bag_size: 16323
batch 579, loss: 0.0852, instance_loss: 0.0028, weighted_loss: 0.0605, label: 0, bag_size: 4703
batch 599, loss: 0.1051, instance_loss: 0.0521, weighted_loss: 0.0892, label: 0, bag_size: 3167
batch 619, loss: 0.0901, instance_loss: 0.0089, weighted_loss: 0.0657, label: 1, bag_size: 21952
batch 639, loss: 0.5371, instance_loss: 0.0200, weighted_loss: 0.3820, label: 1, bag_size: 3354
batch 659, loss: 0.1717, instance_loss: 0.0104, weighted_loss: 0.1233, label: 0, bag_size: 1536
batch 679, loss: 0.3198, instance_loss: 0.0081, weighted_loss: 0.2263, label: 1, bag_size: 22871
batch 699, loss: 0.0020, instance_loss: 0.0002, weighted_loss: 0.0015, label: 0, bag_size: 16074
batch 719, loss: 1.0955, instance_loss: 0.0026, weighted_loss: 0.7676, label: 0, bag_size: 2261
batch 739, loss: 0.1596, instance_loss: 0.0002, weighted_loss: 0.1118, label: 1, bag_size: 3411
batch 759, loss: 0.1331, instance_loss: 0.0019, weighted_loss: 0.0937, label: 1, bag_size: 1140
batch 779, loss: 0.0173, instance_loss: 0.0017, weighted_loss: 0.0126, label: 1, bag_size: 5956
batch 799, loss: 0.2206, instance_loss: 0.0018, weighted_loss: 0.1549, label: 0, bag_size: 1521
batch 819, loss: 0.0198, instance_loss: 0.0038, weighted_loss: 0.0150, label: 1, bag_size: 14318


class 0 clustering acc 0.99726609963548: correct 6566/6584
class 1 clustering acc 1.0: correct 6584/6584
Epoch: 1, train_loss: 0.3704, train_clustering_loss:  0.0077, train_error: 0.1592
class 0: acc 0.8564476885644768, correct 352/411
class 1: acc 0.8252427184466019, correct 340/412

Val Set, val_loss: 0.3752, val_error: 0.1451, auc: 0.5343
class 0 clustering acc 1.0: correct 2040/2040
class 1 clustering acc 1.0: correct 2040/2040
class 0: acc 0.8821138211382114, correct 217/246
class 1: acc 0.1111111111111111, correct 1/9
EarlyStopping counter: 1 out of 10


batch 19, loss: 0.9783, instance_loss: 0.0017, weighted_loss: 0.6853, label: 0, bag_size: 18062
batch 39, loss: 0.0470, instance_loss: 0.0002, weighted_loss: 0.0329, label: 1, bag_size: 13571
batch 59, loss: 0.0909, instance_loss: 0.0054, weighted_loss: 0.0653, label: 0, bag_size: 6374
batch 79, loss: 0.0110, instance_loss: 0.0006, weighted_loss: 0.0079, label: 1, bag_size: 5137
batch 99, loss: 0.1850, instance_loss: 0.0004, weighted_loss: 0.1296, label: 0, bag_size: 5862
batch 119, loss: 0.0073, instance_loss: 0.0018, weighted_loss: 0.0057, label: 1, bag_size: 5906
batch 139, loss: 1.0669, instance_loss: 0.0015, weighted_loss: 0.7473, label: 1, bag_size: 6812
batch 159, loss: 0.2903, instance_loss: 0.0013, weighted_loss: 0.2036, label: 0, bag_size: 10620
batch 179, loss: 0.4537, instance_loss: 0.0006, weighted_loss: 0.3178, label: 1, bag_size: 14414
batch 199, loss: 0.4231, instance_loss: 0.0002, weighted_loss: 0.2962, label: 0, bag_size: 3841
batch 219, loss: 0.0501, instance_loss: 0.1331, weighted_loss: 0.0750, label: 0, bag_size: 949
batch 239, loss: 0.0314, instance_loss: 0.0176, weighted_loss: 0.0273, label: 1, bag_size: 21609
batch 259, loss: 0.0002, instance_loss: 0.0000, weighted_loss: 0.0001, label: 0, bag_size: 14428
batch 279, loss: 0.2086, instance_loss: 0.0059, weighted_loss: 0.1478, label: 1, bag_size: 3621
batch 299, loss: 0.4492, instance_loss: 0.0005, weighted_loss: 0.3146, label: 1, bag_size: 3354
batch 319, loss: 0.2732, instance_loss: 0.0013, weighted_loss: 0.1916, label: 0, bag_size: 7586
batch 339, loss: 0.2404, instance_loss: 0.0021, weighted_loss: 0.1689, label: 1, bag_size: 18621
batch 359, loss: 0.0001, instance_loss: 0.0000, weighted_loss: 0.0001, label: 0, bag_size: 13770
batch 379, loss: 0.1005, instance_loss: 0.0021, weighted_loss: 0.0710, label: 0, bag_size: 4692
batch 399, loss: 0.2298, instance_loss: 0.0026, weighted_loss: 0.1616, label: 0, bag_size: 4656
batch 419, loss: 0.0100, instance_loss: 0.0027, weighted_loss: 0.0078, label: 0, bag_size: 5224
batch 439, loss: 0.0098, instance_loss: 0.0118, weighted_loss: 0.0104, label: 1, bag_size: 21609
batch 459, loss: 0.0010, instance_loss: 0.0023, weighted_loss: 0.0014, label: 0, bag_size: 8050
batch 479, loss: 1.3173, instance_loss: 0.0024, weighted_loss: 0.9228, label: 1, bag_size: 18621
batch 499, loss: 0.0032, instance_loss: 0.0002, weighted_loss: 0.0023, label: 1, bag_size: 13571
batch 519, loss: 0.1007, instance_loss: 0.0086, weighted_loss: 0.0731, label: 0, bag_size: 9370
batch 539, loss: 0.0336, instance_loss: 0.0072, weighted_loss: 0.0256, label: 1, bag_size: 22871
batch 559, loss: 0.0866, instance_loss: 0.0012, weighted_loss: 0.0609, label: 0, bag_size: 3346
batch 579, loss: 0.0207, instance_loss: 0.0012, weighted_loss: 0.0149, label: 1, bag_size: 2671
batch 599, loss: 0.1544, instance_loss: 0.0014, weighted_loss: 0.1085, label: 0, bag_size: 8075
batch 619, loss: 0.1111, instance_loss: 0.0003, weighted_loss: 0.0779, label: 0, bag_size: 6611
batch 639, loss: 0.0800, instance_loss: 0.0014, weighted_loss: 0.0564, label: 0, bag_size: 1860
batch 659, loss: 0.4671, instance_loss: 0.0009, weighted_loss: 0.3272, label: 1, bag_size: 13646
batch 679, loss: 0.0062, instance_loss: 0.0023, weighted_loss: 0.0050, label: 1, bag_size: 2644
batch 699, loss: 0.0947, instance_loss: 0.0018, weighted_loss: 0.0669, label: 0, bag_size: 18913
batch 719, loss: 0.0061, instance_loss: 0.0161, weighted_loss: 0.0091, label: 0, bag_size: 10172
batch 739, loss: 0.2124, instance_loss: 0.0009, weighted_loss: 0.1490, label: 1, bag_size: 14528
batch 759, loss: 0.0206, instance_loss: 0.0000, weighted_loss: 0.0144, label: 1, bag_size: 4563
batch 779, loss: 0.0168, instance_loss: 0.0020, weighted_loss: 0.0124, label: 0, bag_size: 4349
batch 799, loss: 1.4474, instance_loss: 0.0007, weighted_loss: 1.0134, label: 1, bag_size: 6812
batch 819, loss: 0.0020, instance_loss: 0.0003, weighted_loss: 0.0015, label: 1, bag_size: 6344


class 0 clustering acc 1.0: correct 6584/6584
class 1 clustering acc 1.0: correct 6584/6584
Epoch: 2, train_loss: 0.2889, train_clustering_loss:  0.0037, train_error: 0.1130
class 0: acc 0.8805970149253731, correct 354/402
class 1: acc 0.8931116389548693, correct 376/421

Val Set, val_loss: 0.3772, val_error: 0.1529, auc: 0.5492
class 0 clustering acc 1.0: correct 2040/2040
class 1 clustering acc 1.0: correct 2040/2040
class 0: acc 0.8739837398373984, correct 215/246
class 1: acc 0.1111111111111111, correct 1/9
EarlyStopping counter: 2 out of 10


batch 19, loss: 0.0174, instance_loss: 0.0067, weighted_loss: 0.0142, label: 0, bag_size: 5706
batch 39, loss: 0.0010, instance_loss: 0.0428, weighted_loss: 0.0135, label: 0, bag_size: 5296
batch 59, loss: 0.0088, instance_loss: 0.0015, weighted_loss: 0.0066, label: 0, bag_size: 78871
batch 79, loss: 0.0015, instance_loss: 0.0010, weighted_loss: 0.0013, label: 0, bag_size: 3840
batch 99, loss: 0.0013, instance_loss: 0.0000, weighted_loss: 0.0009, label: 1, bag_size: 13571
batch 119, loss: 0.0465, instance_loss: 0.0000, weighted_loss: 0.0326, label: 1, bag_size: 10371
batch 139, loss: 1.1084, instance_loss: 0.0002, weighted_loss: 0.7759, label: 1, bag_size: 6812
batch 159, loss: 0.0273, instance_loss: 0.0008, weighted_loss: 0.0194, label: 1, bag_size: 8663
batch 179, loss: 0.0055, instance_loss: 0.0000, weighted_loss: 0.0038, label: 1, bag_size: 4563
batch 199, loss: 0.0159, instance_loss: 0.0000, weighted_loss: 0.0112, label: 1, bag_size: 13646
batch 219, loss: 0.0232, instance_loss: 0.0000, weighted_loss: 0.0163, label: 1, bag_size: 13646
batch 239, loss: 0.1222, instance_loss: 0.0042, weighted_loss: 0.0868, label: 0, bag_size: 3066
batch 259, loss: 0.3018, instance_loss: 0.0099, weighted_loss: 0.2142, label: 1, bag_size: 5137
batch 279, loss: 0.0000, instance_loss: 0.0040, weighted_loss: 0.0012, label: 0, bag_size: 11819
batch 299, loss: 0.0107, instance_loss: 0.0023, weighted_loss: 0.0082, label: 1, bag_size: 4563
batch 319, loss: 0.0099, instance_loss: 0.0194, weighted_loss: 0.0128, label: 0, bag_size: 3020
batch 339, loss: 0.0368, instance_loss: 0.0002, weighted_loss: 0.0258, label: 1, bag_size: 4276
batch 359, loss: 0.1014, instance_loss: 0.0038, weighted_loss: 0.0722, label: 1, bag_size: 1140
batch 379, loss: 0.0150, instance_loss: 0.0012, weighted_loss: 0.0109, label: 1, bag_size: 2671
batch 399, loss: 0.0003, instance_loss: 0.0000, weighted_loss: 0.0002, label: 1, bag_size: 4492
batch 419, loss: 0.0014, instance_loss: 0.0000, weighted_loss: 0.0010, label: 0, bag_size: 3715
batch 439, loss: 0.1894, instance_loss: 0.0000, weighted_loss: 0.1326, label: 0, bag_size: 16641
batch 459, loss: 0.0073, instance_loss: 0.0003, weighted_loss: 0.0052, label: 1, bag_size: 4492
batch 479, loss: 0.0182, instance_loss: 0.0000, weighted_loss: 0.0127, label: 0, bag_size: 10653
batch 499, loss: 0.0477, instance_loss: 0.0008, weighted_loss: 0.0336, label: 1, bag_size: 14528
batch 519, loss: 0.6537, instance_loss: 0.0048, weighted_loss: 0.4590, label: 1, bag_size: 4365
batch 539, loss: 0.0035, instance_loss: 0.0000, weighted_loss: 0.0024, label: 1, bag_size: 10371
batch 559, loss: 0.0037, instance_loss: 0.0000, weighted_loss: 0.0026, label: 0, bag_size: 9786
batch 579, loss: 0.1756, instance_loss: 0.0000, weighted_loss: 0.1229, label: 1, bag_size: 3354
batch 599, loss: 0.0425, instance_loss: 0.0016, weighted_loss: 0.0302, label: 1, bag_size: 12989
batch 619, loss: 0.0001, instance_loss: 0.0089, weighted_loss: 0.0027, label: 0, bag_size: 17065
batch 639, loss: 0.0408, instance_loss: 0.0022, weighted_loss: 0.0292, label: 0, bag_size: 3697
batch 659, loss: 0.0004, instance_loss: 0.0020, weighted_loss: 0.0009, label: 0, bag_size: 4577
batch 679, loss: 0.0135, instance_loss: 0.0000, weighted_loss: 0.0094, label: 1, bag_size: 10180
batch 699, loss: 0.0004, instance_loss: 0.0005, weighted_loss: 0.0005, label: 0, bag_size: 1677
batch 719, loss: 0.0272, instance_loss: 0.0012, weighted_loss: 0.0194, label: 1, bag_size: 1140
batch 739, loss: 0.0031, instance_loss: 0.0005, weighted_loss: 0.0023, label: 1, bag_size: 4563
batch 759, loss: 0.0038, instance_loss: 0.0003, weighted_loss: 0.0027, label: 1, bag_size: 3024
batch 779, loss: 0.0006, instance_loss: 0.0000, weighted_loss: 0.0004, label: 0, bag_size: 7722
batch 799, loss: 0.0003, instance_loss: 0.0002, weighted_loss: 0.0003, label: 1, bag_size: 4492
batch 819, loss: 0.0000, instance_loss: 0.0044, weighted_loss: 0.0013, label: 0, bag_size: 23729


class 0 clustering acc 0.9998481166464156: correct 6583/6584
class 1 clustering acc 1.0: correct 6584/6584
Epoch: 3, train_loss: 0.1645, train_clustering_loss:  0.0045, train_error: 0.0571
class 0: acc 0.9378109452736318, correct 377/402
class 1: acc 0.9477434679334917, correct 399/421

Val Set, val_loss: 0.4926, val_error: 0.1529, auc: 0.5212
class 0 clustering acc 1.0: correct 2040/2040
class 1 clustering acc 1.0: correct 2040/2040
class 0: acc 0.8739837398373984, correct 215/246
class 1: acc 0.1111111111111111, correct 1/9
EarlyStopping counter: 3 out of 10


batch 19, loss: 0.0127, instance_loss: 0.0008, weighted_loss: 0.0091, label: 1, bag_size: 3621
batch 39, loss: 0.0049, instance_loss: 0.0000, weighted_loss: 0.0035, label: 0, bag_size: 3969
batch 59, loss: 0.0202, instance_loss: 0.0013, weighted_loss: 0.0146, label: 1, bag_size: 6812
batch 79, loss: 0.0221, instance_loss: 0.0006, weighted_loss: 0.0157, label: 1, bag_size: 15079
batch 99, loss: 0.0020, instance_loss: 0.0095, weighted_loss: 0.0043, label: 0, bag_size: 949
batch 119, loss: 0.0932, instance_loss: 0.0093, weighted_loss: 0.0681, label: 1, bag_size: 12989
batch 139, loss: 0.0080, instance_loss: 0.0002, weighted_loss: 0.0057, label: 1, bag_size: 2644
batch 159, loss: 0.0067, instance_loss: 0.0002, weighted_loss: 0.0048, label: 1, bag_size: 14318
batch 179, loss: 0.0034, instance_loss: 0.0006, weighted_loss: 0.0025, label: 1, bag_size: 13571
batch 199, loss: 0.0255, instance_loss: 0.0009, weighted_loss: 0.0181, label: 0, bag_size: 10112
batch 219, loss: 0.0031, instance_loss: 0.0002, weighted_loss: 0.0022, label: 0, bag_size: 5466
batch 239, loss: 0.0002, instance_loss: 0.0000, weighted_loss: 0.0002, label: 0, bag_size: 6943
batch 259, loss: 0.0053, instance_loss: 0.0000, weighted_loss: 0.0037, label: 1, bag_size: 4516
batch 279, loss: 0.0382, instance_loss: 0.0009, weighted_loss: 0.0270, label: 1, bag_size: 2671
batch 299, loss: 0.0011, instance_loss: 0.0002, weighted_loss: 0.0008, label: 0, bag_size: 3813
batch 319, loss: 0.0379, instance_loss: 0.0265, weighted_loss: 0.0345, label: 1, bag_size: 12989
batch 339, loss: 0.0104, instance_loss: 0.0000, weighted_loss: 0.0073, label: 1, bag_size: 3621
batch 359, loss: 0.1584, instance_loss: 0.0000, weighted_loss: 0.1109, label: 0, bag_size: 6239
batch 379, loss: 0.1567, instance_loss: 0.0003, weighted_loss: 0.1098, label: 0, bag_size: 8616
batch 399, loss: 0.0012, instance_loss: 0.0032, weighted_loss: 0.0018, label: 0, bag_size: 2984
batch 419, loss: 0.3699, instance_loss: 0.0000, weighted_loss: 0.2589, label: 1, bag_size: 10371
batch 439, loss: 0.0004, instance_loss: 0.0000, weighted_loss: 0.0003, label: 0, bag_size: 3880
batch 459, loss: 0.0058, instance_loss: 0.0004, weighted_loss: 0.0042, label: 1, bag_size: 15079
batch 479, loss: 0.0732, instance_loss: 0.0000, weighted_loss: 0.0512, label: 1, bag_size: 3621
batch 499, loss: 0.0205, instance_loss: 0.0018, weighted_loss: 0.0149, label: 1, bag_size: 3024
batch 519, loss: 0.2158, instance_loss: 0.0251, weighted_loss: 0.1586, label: 0, bag_size: 1879
batch 539, loss: 0.3169, instance_loss: 0.0002, weighted_loss: 0.2219, label: 0, bag_size: 14581
batch 559, loss: 0.1517, instance_loss: 0.0044, weighted_loss: 0.1075, label: 0, bag_size: 6449
batch 579, loss: 0.0000, instance_loss: 0.0000, weighted_loss: 0.0000, label: 0, bag_size: 14732
batch 599, loss: 0.0000, instance_loss: 0.0003, weighted_loss: 0.0001, label: 0, bag_size: 14968
batch 619, loss: 0.0344, instance_loss: 0.0840, weighted_loss: 0.0493, label: 0, bag_size: 1179
batch 639, loss: 0.0013, instance_loss: 0.0002, weighted_loss: 0.0010, label: 0, bag_size: 12177
batch 659, loss: 0.9284, instance_loss: 0.0000, weighted_loss: 0.6499, label: 1, bag_size: 10371
batch 679, loss: 0.1210, instance_loss: 0.0000, weighted_loss: 0.0847, label: 0, bag_size: 4374
batch 699, loss: 0.0022, instance_loss: 0.0012, weighted_loss: 0.0019, label: 0, bag_size: 3409
batch 719, loss: 0.0001, instance_loss: 0.0000, weighted_loss: 0.0001, label: 0, bag_size: 18431
batch 739, loss: 0.0018, instance_loss: 0.0000, weighted_loss: 0.0013, label: 0, bag_size: 14464
batch 759, loss: 0.0354, instance_loss: 0.0014, weighted_loss: 0.0252, label: 1, bag_size: 12989
batch 779, loss: 0.2545, instance_loss: 0.0000, weighted_loss: 0.1781, label: 0, bag_size: 3999
batch 799, loss: 0.0197, instance_loss: 0.0072, weighted_loss: 0.0160, label: 0, bag_size: 4361
batch 819, loss: 0.0089, instance_loss: 0.0003, weighted_loss: 0.0063, label: 1, bag_size: 6812


class 0 clustering acc 0.9998481166464156: correct 6583/6584
class 1 clustering acc 0.9998481166464156: correct 6583/6584
Epoch: 4, train_loss: 0.1099, train_clustering_loss:  0.0044, train_error: 0.0340
class 0: acc 0.9598108747044918, correct 406/423
class 1: acc 0.9725, correct 389/400

Val Set, val_loss: 0.3537, val_error: 0.1098, auc: 0.5221
class 0 clustering acc 1.0: correct 2040/2040
class 1 clustering acc 1.0: correct 2040/2040
class 0: acc 0.9186991869918699, correct 226/246
class 1: acc 0.1111111111111111, correct 1/9
EarlyStopping counter: 4 out of 10


batch 19, loss: 0.0008, instance_loss: 0.0000, weighted_loss: 0.0005, label: 0, bag_size: 11094
batch 39, loss: 0.0006, instance_loss: 0.0000, weighted_loss: 0.0004, label: 0, bag_size: 1406
batch 59, loss: 0.0001, instance_loss: 0.0002, weighted_loss: 0.0001, label: 0, bag_size: 11354
batch 79, loss: 0.0003, instance_loss: 0.0016, weighted_loss: 0.0007, label: 0, bag_size: 4963
batch 99, loss: 0.0553, instance_loss: 0.0010, weighted_loss: 0.0390, label: 1, bag_size: 21952
batch 119, loss: 0.0719, instance_loss: 0.0016, weighted_loss: 0.0508, label: 1, bag_size: 4365
batch 139, loss: 0.0005, instance_loss: 0.0000, weighted_loss: 0.0004, label: 1, bag_size: 4492
batch 159, loss: 0.2158, instance_loss: 0.0368, weighted_loss: 0.1621, label: 0, bag_size: 2261
batch 179, loss: 0.0070, instance_loss: 0.0000, weighted_loss: 0.0049, label: 1, bag_size: 14763
batch 199, loss: 0.8364, instance_loss: 0.0025, weighted_loss: 0.5862, label: 0, bag_size: 23909
batch 219, loss: 0.1030, instance_loss: 0.0000, weighted_loss: 0.0721, label: 0, bag_size: 4436
batch 239, loss: 0.0008, instance_loss: 0.0000, weighted_loss: 0.0005, label: 1, bag_size: 3411
batch 259, loss: 0.0143, instance_loss: 0.0000, weighted_loss: 0.0100, label: 1, bag_size: 13646
batch 279, loss: 0.0003, instance_loss: 0.0000, weighted_loss: 0.0002, label: 0, bag_size: 7519
batch 299, loss: 0.0022, instance_loss: 0.0014, weighted_loss: 0.0020, label: 0, bag_size: 3842
batch 319, loss: 0.0000, instance_loss: 0.0000, weighted_loss: 0.0000, label: 0, bag_size: 18052
batch 339, loss: 0.0000, instance_loss: 0.0000, weighted_loss: 0.0000, label: 0, bag_size: 3958
batch 359, loss: 0.0043, instance_loss: 0.0000, weighted_loss: 0.0030, label: 1, bag_size: 14528
batch 379, loss: 0.0690, instance_loss: 0.0018, weighted_loss: 0.0488, label: 0, bag_size: 15045
batch 399, loss: 0.5176, instance_loss: 0.0046, weighted_loss: 0.3637, label: 0, bag_size: 3102
batch 419, loss: 0.2777, instance_loss: 0.0005, weighted_loss: 0.1945, label: 1, bag_size: 15079
batch 439, loss: 0.0057, instance_loss: 0.0000, weighted_loss: 0.0040, label: 1, bag_size: 16197
batch 459, loss: 0.0051, instance_loss: 0.0044, weighted_loss: 0.0049, label: 0, bag_size: 4226
batch 479, loss: 0.0002, instance_loss: 0.0000, weighted_loss: 0.0001, label: 0, bag_size: 9492
batch 499, loss: 0.0115, instance_loss: 0.0077, weighted_loss: 0.0103, label: 0, bag_size: 3017
batch 519, loss: 0.0001, instance_loss: 0.0000, weighted_loss: 0.0001, label: 0, bag_size: 2119
batch 539, loss: 0.0001, instance_loss: 0.0000, weighted_loss: 0.0000, label: 0, bag_size: 3506
batch 559, loss: 0.0012, instance_loss: 0.0000, weighted_loss: 0.0009, label: 1, bag_size: 3621
batch 579, loss: 0.0000, instance_loss: 0.0000, weighted_loss: 0.0000, label: 0, bag_size: 19539
batch 599, loss: 0.0030, instance_loss: 0.0000, weighted_loss: 0.0021, label: 0, bag_size: 3958
batch 619, loss: 0.0253, instance_loss: 0.0043, weighted_loss: 0.0190, label: 1, bag_size: 6344
batch 639, loss: 0.0330, instance_loss: 0.0003, weighted_loss: 0.0232, label: 1, bag_size: 21952
batch 659, loss: 0.0000, instance_loss: 0.0012, weighted_loss: 0.0004, label: 1, bag_size: 6812
batch 679, loss: 0.0006, instance_loss: 0.0000, weighted_loss: 0.0004, label: 0, bag_size: 10112
batch 699, loss: 0.0089, instance_loss: 0.0013, weighted_loss: 0.0066, label: 1, bag_size: 18621
batch 719, loss: 0.0001, instance_loss: 0.0003, weighted_loss: 0.0001, label: 0, bag_size: 26900
batch 739, loss: 0.1386, instance_loss: 0.0000, weighted_loss: 0.0971, label: 1, bag_size: 14528
batch 759, loss: 0.0001, instance_loss: 0.0000, weighted_loss: 0.0001, label: 0, bag_size: 9087
batch 779, loss: 0.0000, instance_loss: 0.0008, weighted_loss: 0.0003, label: 0, bag_size: 8542
batch 799, loss: 0.0486, instance_loss: 0.0022, weighted_loss: 0.0347, label: 1, bag_size: 6023
batch 819, loss: 0.0008, instance_loss: 0.0000, weighted_loss: 0.0006, label: 1, bag_size: 13571


class 0 clustering acc 1.0: correct 6584/6584
class 1 clustering acc 0.9996962332928311: correct 6582/6584
Epoch: 5, train_loss: 0.0775, train_clustering_loss:  0.0020, train_error: 0.0219
class 0: acc 0.9686746987951808, correct 402/415
class 1: acc 0.9877450980392157, correct 403/408

Val Set, val_loss: 0.4605, val_error: 0.1098, auc: 0.4503
class 0 clustering acc 1.0: correct 2040/2040
class 1 clustering acc 1.0: correct 2040/2040
class 0: acc 0.9186991869918699, correct 226/246
class 1: acc 0.1111111111111111, correct 1/9
EarlyStopping counter: 5 out of 10


batch 19, loss: 0.0203, instance_loss: 0.0005, weighted_loss: 0.0144, label: 1, bag_size: 3411
batch 39, loss: 0.0002, instance_loss: 0.0014, weighted_loss: 0.0005, label: 0, bag_size: 26900
batch 59, loss: 0.0045, instance_loss: 0.0000, weighted_loss: 0.0031, label: 1, bag_size: 4760
batch 79, loss: 0.0221, instance_loss: 0.0006, weighted_loss: 0.0157, label: 1, bag_size: 6344
batch 99, loss: 0.0075, instance_loss: 0.0000, weighted_loss: 0.0052, label: 1, bag_size: 4276
batch 119, loss: 0.0966, instance_loss: 0.0000, weighted_loss: 0.0676, label: 1, bag_size: 16197
batch 139, loss: 0.0001, instance_loss: 0.0009, weighted_loss: 0.0003, label: 0, bag_size: 1517
batch 159, loss: 0.0010, instance_loss: 0.0000, weighted_loss: 0.0007, label: 0, bag_size: 4356
batch 179, loss: 0.0490, instance_loss: 0.0021, weighted_loss: 0.0349, label: 1, bag_size: 4365
batch 199, loss: 0.1379, instance_loss: 0.0010, weighted_loss: 0.0968, label: 1, bag_size: 14528
batch 219, loss: 0.0467, instance_loss: 0.0000, weighted_loss: 0.0327, label: 1, bag_size: 16197
batch 239, loss: 0.0207, instance_loss: 0.0000, weighted_loss: 0.0145, label: 0, bag_size: 1881
batch 259, loss: 0.0031, instance_loss: 0.0000, weighted_loss: 0.0021, label: 0, bag_size: 1858
batch 279, loss: 0.6655, instance_loss: 0.0000, weighted_loss: 0.4658, label: 1, bag_size: 16197
batch 299, loss: 0.0068, instance_loss: 0.0000, weighted_loss: 0.0048, label: 0, bag_size: 9888
batch 319, loss: 0.0065, instance_loss: 0.0314, weighted_loss: 0.0140, label: 0, bag_size: 5502
batch 339, loss: 0.0023, instance_loss: 0.0000, weighted_loss: 0.0016, label: 1, bag_size: 8663
batch 359, loss: 0.0008, instance_loss: 0.0004, weighted_loss: 0.0007, label: 0, bag_size: 6907
batch 379, loss: 0.0001, instance_loss: 0.0000, weighted_loss: 0.0001, label: 0, bag_size: 3880
batch 399, loss: 0.0000, instance_loss: 0.0009, weighted_loss: 0.0003, label: 0, bag_size: 3665
batch 419, loss: 0.0396, instance_loss: 0.0000, weighted_loss: 0.0277, label: 0, bag_size: 13522
batch 439, loss: 0.0028, instance_loss: 0.0003, weighted_loss: 0.0020, label: 1, bag_size: 5956
batch 459, loss: 0.0114, instance_loss: 0.0000, weighted_loss: 0.0079, label: 0, bag_size: 11456
batch 479, loss: 0.0001, instance_loss: 0.0104, weighted_loss: 0.0032, label: 0, bag_size: 3697
batch 499, loss: 0.0015, instance_loss: 0.0000, weighted_loss: 0.0010, label: 1, bag_size: 21609
batch 519, loss: 0.0000, instance_loss: 0.0004, weighted_loss: 0.0001, label: 0, bag_size: 17332
batch 539, loss: 0.0016, instance_loss: 0.0000, weighted_loss: 0.0011, label: 1, bag_size: 5137
batch 559, loss: 0.0011, instance_loss: 0.0000, weighted_loss: 0.0008, label: 1, bag_size: 4516
batch 579, loss: 0.0000, instance_loss: 0.0012, weighted_loss: 0.0004, label: 0, bag_size: 5549
batch 599, loss: 0.0008, instance_loss: 0.0000, weighted_loss: 0.0005, label: 1, bag_size: 3621
batch 619, loss: 0.0000, instance_loss: 0.0000, weighted_loss: 0.0000, label: 0, bag_size: 16361
batch 639, loss: 0.0000, instance_loss: 0.0000, weighted_loss: 0.0000, label: 1, bag_size: 3354
batch 659, loss: 0.0000, instance_loss: 0.0000, weighted_loss: 0.0000, label: 0, bag_size: 14779
batch 679, loss: 0.0020, instance_loss: 0.0000, weighted_loss: 0.0014, label: 1, bag_size: 5137
batch 699, loss: 0.0094, instance_loss: 0.0012, weighted_loss: 0.0070, label: 1, bag_size: 22871
batch 719, loss: 0.0000, instance_loss: 0.0000, weighted_loss: 0.0000, label: 0, bag_size: 2065
batch 739, loss: 0.0089, instance_loss: 0.0000, weighted_loss: 0.0062, label: 1, bag_size: 4516
batch 759, loss: 0.0001, instance_loss: 0.0002, weighted_loss: 0.0001, label: 0, bag_size: 1970
batch 779, loss: 0.1461, instance_loss: 0.0004, weighted_loss: 0.1024, label: 1, bag_size: 15079
batch 799, loss: 0.0000, instance_loss: 0.0000, weighted_loss: 0.0000, label: 0, bag_size: 16640
batch 819, loss: 0.0004, instance_loss: 0.0000, weighted_loss: 0.0002, label: 0, bag_size: 6578


class 0 clustering acc 1.0: correct 6584/6584
class 1 clustering acc 0.9998481166464156: correct 6583/6584
Epoch: 6, train_loss: 0.0512, train_clustering_loss:  0.0020, train_error: 0.0158
class 0: acc 0.975609756097561, correct 400/410
class 1: acc 0.9927360774818402, correct 410/413

Val Set, val_loss: 0.3796, val_error: 0.0588, auc: 0.4964
class 0 clustering acc 1.0: correct 2040/2040
class 1 clustering acc 1.0: correct 2040/2040
class 0: acc 0.9715447154471545, correct 239/246
class 1: acc 0.1111111111111111, correct 1/9
EarlyStopping counter: 6 out of 10


batch 19, loss: 0.0000, instance_loss: 0.0000, weighted_loss: 0.0000, label: 0, bag_size: 14354
batch 39, loss: 0.0001, instance_loss: 0.0000, weighted_loss: 0.0001, label: 1, bag_size: 3628
batch 59, loss: 0.0000, instance_loss: 0.0000, weighted_loss: 0.0000, label: 0, bag_size: 2161
batch 79, loss: 0.0000, instance_loss: 0.0002, weighted_loss: 0.0001, label: 0, bag_size: 2887
batch 99, loss: 0.0016, instance_loss: 0.0000, weighted_loss: 0.0011, label: 1, bag_size: 6344
batch 119, loss: 0.0000, instance_loss: 0.0006, weighted_loss: 0.0002, label: 0, bag_size: 5204
batch 139, loss: 0.0006, instance_loss: 0.0023, weighted_loss: 0.0011, label: 1, bag_size: 1140
batch 159, loss: 0.0055, instance_loss: 0.0000, weighted_loss: 0.0039, label: 0, bag_size: 17540
batch 179, loss: 0.0000, instance_loss: 0.0000, weighted_loss: 0.0000, label: 0, bag_size: 3167
batch 199, loss: 0.0020, instance_loss: 0.0000, weighted_loss: 0.0014, label: 1, bag_size: 10180
batch 219, loss: 0.0000, instance_loss: 0.0030, weighted_loss: 0.0009, label: 0, bag_size: 1858
batch 239, loss: 0.0008, instance_loss: 0.0007, weighted_loss: 0.0008, label: 1, bag_size: 5956
batch 259, loss: 0.0000, instance_loss: 0.0006, weighted_loss: 0.0002, label: 0, bag_size: 3899
batch 279, loss: 0.1088, instance_loss: 0.0000, weighted_loss: 0.0762, label: 1, bag_size: 16197
batch 299, loss: 0.0008, instance_loss: 0.0000, weighted_loss: 0.0006, label: 1, bag_size: 14528
batch 319, loss: 0.0009, instance_loss: 0.0000, weighted_loss: 0.0006, label: 1, bag_size: 5828
batch 339, loss: 0.0000, instance_loss: 0.0025, weighted_loss: 0.0008, label: 0, bag_size: 17334
batch 359, loss: 0.0026, instance_loss: 0.0045, weighted_loss: 0.0032, label: 0, bag_size: 2376
batch 379, loss: 0.0002, instance_loss: 0.0004, weighted_loss: 0.0003, label: 0, bag_size: 4804
batch 399, loss: 0.0000, instance_loss: 0.0002, weighted_loss: 0.0001, label: 0, bag_size: 18329
batch 419, loss: 0.0092, instance_loss: 0.0000, weighted_loss: 0.0064, label: 1, bag_size: 2644
batch 439, loss: 0.0000, instance_loss: 0.0004, weighted_loss: 0.0001, label: 0, bag_size: 20692
batch 459, loss: 0.0020, instance_loss: 0.0000, weighted_loss: 0.0014, label: 1, bag_size: 21609
batch 479, loss: 0.0013, instance_loss: 0.0000, weighted_loss: 0.0009, label: 1, bag_size: 3621
batch 499, loss: 0.0004, instance_loss: 0.0037, weighted_loss: 0.0014, label: 1, bag_size: 1140
batch 519, loss: 0.0007, instance_loss: 0.0000, weighted_loss: 0.0005, label: 1, bag_size: 4492
batch 539, loss: 0.0026, instance_loss: 0.0000, weighted_loss: 0.0018, label: 0, bag_size: 21466
batch 559, loss: 0.0001, instance_loss: 0.0009, weighted_loss: 0.0003, label: 0, bag_size: 2119
batch 579, loss: 0.0000, instance_loss: 0.0015, weighted_loss: 0.0004, label: 0, bag_size: 3725
batch 599, loss: 0.0005, instance_loss: 0.0026, weighted_loss: 0.0011, label: 1, bag_size: 3354
batch 619, loss: 0.0037, instance_loss: 0.0000, weighted_loss: 0.0026, label: 1, bag_size: 5956
batch 639, loss: 0.0000, instance_loss: 0.0000, weighted_loss: 0.0000, label: 0, bag_size: 4859
batch 659, loss: 0.0001, instance_loss: 0.0000, weighted_loss: 0.0001, label: 0, bag_size: 5268
batch 679, loss: 0.0246, instance_loss: 0.0000, weighted_loss: 0.0172, label: 1, bag_size: 10371
batch 699, loss: 0.0000, instance_loss: 0.0000, weighted_loss: 0.0000, label: 0, bag_size: 3129
batch 719, loss: 0.0000, instance_loss: 0.0000, weighted_loss: 0.0000, label: 0, bag_size: 3520
batch 739, loss: 0.0000, instance_loss: 0.0000, weighted_loss: 0.0000, label: 0, bag_size: 16673
batch 759, loss: 0.0000, instance_loss: 0.0000, weighted_loss: 0.0000, label: 0, bag_size: 2285
batch 779, loss: 0.0031, instance_loss: 0.0000, weighted_loss: 0.0021, label: 1, bag_size: 12989
batch 799, loss: 0.0039, instance_loss: 0.0000, weighted_loss: 0.0028, label: 1, bag_size: 5137
batch 819, loss: 0.0974, instance_loss: 0.0000, weighted_loss: 0.0682, label: 1, bag_size: 16197


class 0 clustering acc 1.0: correct 6584/6584
class 1 clustering acc 1.0: correct 6584/6584
Epoch: 7, train_loss: 0.0518, train_clustering_loss:  0.0015, train_error: 0.0170
class 0: acc 0.9759036144578314, correct 405/415
class 1: acc 0.9901960784313726, correct 404/408

Val Set, val_loss: 0.3256, val_error: 0.0510, auc: 0.5474
class 0 clustering acc 1.0: correct 2040/2040
class 1 clustering acc 1.0: correct 2040/2040
class 0: acc 0.9796747967479674, correct 241/246
class 1: acc 0.1111111111111111, correct 1/9
EarlyStopping counter: 7 out of 10


batch 19, loss: 0.0030, instance_loss: 0.0000, weighted_loss: 0.0021, label: 1, bag_size: 14414
batch 39, loss: 0.0011, instance_loss: 0.0000, weighted_loss: 0.0008, label: 1, bag_size: 4760
batch 59, loss: 0.0017, instance_loss: 0.0000, weighted_loss: 0.0012, label: 1, bag_size: 10180
batch 79, loss: 0.0008, instance_loss: 0.0000, weighted_loss: 0.0006, label: 0, bag_size: 14900
batch 99, loss: 0.0005, instance_loss: 0.0000, weighted_loss: 0.0004, label: 1, bag_size: 4760
batch 119, loss: 0.0109, instance_loss: 0.0007, weighted_loss: 0.0078, label: 0, bag_size: 8158
batch 139, loss: 0.0001, instance_loss: 0.0000, weighted_loss: 0.0000, label: 0, bag_size: 14732
batch 159, loss: 0.0001, instance_loss: 0.0000, weighted_loss: 0.0000, label: 0, bag_size: 1865
batch 179, loss: 0.0029, instance_loss: 0.0000, weighted_loss: 0.0020, label: 1, bag_size: 21952
batch 199, loss: 0.0436, instance_loss: 0.0000, weighted_loss: 0.0305, label: 0, bag_size: 9320
batch 219, loss: 0.0070, instance_loss: 0.0000, weighted_loss: 0.0049, label: 1, bag_size: 22871
batch 239, loss: 0.0000, instance_loss: 0.0000, weighted_loss: 0.0000, label: 0, bag_size: 16707
batch 259, loss: 0.0036, instance_loss: 0.0000, weighted_loss: 0.0025, label: 1, bag_size: 5137
batch 279, loss: 0.0055, instance_loss: 0.0003, weighted_loss: 0.0039, label: 1, bag_size: 4563
batch 299, loss: 0.0015, instance_loss: 0.0000, weighted_loss: 0.0011, label: 1, bag_size: 14414
batch 319, loss: 0.0018, instance_loss: 0.0000, weighted_loss: 0.0013, label: 1, bag_size: 22871
batch 339, loss: 0.0070, instance_loss: 0.0000, weighted_loss: 0.0049, label: 1, bag_size: 10371
batch 359, loss: 0.0003, instance_loss: 0.0000, weighted_loss: 0.0002, label: 1, bag_size: 4276
batch 379, loss: 0.0000, instance_loss: 0.0000, weighted_loss: 0.0000, label: 0, bag_size: 16717
batch 399, loss: 0.0032, instance_loss: 0.0000, weighted_loss: 0.0022, label: 0, bag_size: 3167
batch 419, loss: 0.0041, instance_loss: 0.0000, weighted_loss: 0.0029, label: 1, bag_size: 14318
batch 439, loss: 0.0000, instance_loss: 0.0000, weighted_loss: 0.0000, label: 0, bag_size: 6611
batch 459, loss: 0.0001, instance_loss: 0.0030, weighted_loss: 0.0010, label: 0, bag_size: 5879
batch 479, loss: 0.0000, instance_loss: 0.0000, weighted_loss: 0.0000, label: 0, bag_size: 1358
batch 499, loss: 0.0001, instance_loss: 0.0000, weighted_loss: 0.0000, label: 0, bag_size: 23465
batch 519, loss: 0.0004, instance_loss: 0.0011, weighted_loss: 0.0006, label: 1, bag_size: 1140
batch 539, loss: 0.0010, instance_loss: 0.0006, weighted_loss: 0.0009, label: 1, bag_size: 5137
batch 559, loss: 0.0023, instance_loss: 0.0000, weighted_loss: 0.0016, label: 0, bag_size: 16641
batch 579, loss: 0.0000, instance_loss: 0.0000, weighted_loss: 0.0000, label: 0, bag_size: 13691
batch 599, loss: 0.0052, instance_loss: 0.0000, weighted_loss: 0.0036, label: 1, bag_size: 4516
batch 619, loss: 0.0004, instance_loss: 0.0000, weighted_loss: 0.0003, label: 1, bag_size: 14414
batch 639, loss: 0.0004, instance_loss: 0.0004, weighted_loss: 0.0004, label: 0, bag_size: 12484
batch 659, loss: 0.0008, instance_loss: 0.0000, weighted_loss: 0.0006, label: 1, bag_size: 4276
batch 679, loss: 0.0002, instance_loss: 0.0000, weighted_loss: 0.0002, label: 1, bag_size: 5828
batch 699, loss: 0.0022, instance_loss: 0.0000, weighted_loss: 0.0015, label: 1, bag_size: 14414
batch 719, loss: 0.0006, instance_loss: 0.0000, weighted_loss: 0.0004, label: 1, bag_size: 6812
batch 739, loss: 0.0030, instance_loss: 0.0000, weighted_loss: 0.0021, label: 1, bag_size: 13571
batch 759, loss: 0.0104, instance_loss: 0.0003, weighted_loss: 0.0074, label: 1, bag_size: 14763
batch 779, loss: 0.0085, instance_loss: 0.0000, weighted_loss: 0.0059, label: 1, bag_size: 4516
batch 799, loss: 0.0000, instance_loss: 0.0000, weighted_loss: 0.0000, label: 0, bag_size: 17332
batch 819, loss: 0.0026, instance_loss: 0.0000, weighted_loss: 0.0018, label: 1, bag_size: 3628


class 0 clustering acc 0.9998481166464156: correct 6583/6584
class 1 clustering acc 0.9998481166464156: correct 6583/6584
Epoch: 8, train_loss: 0.0194, train_clustering_loss:  0.0013, train_error: 0.0049
class 0: acc 0.9948453608247423, correct 386/388
class 1: acc 0.9954022988505747, correct 433/435

Val Set, val_loss: 0.3960, val_error: 0.0784, auc: 0.5090
class 0 clustering acc 1.0: correct 2040/2040
class 1 clustering acc 1.0: correct 2040/2040
class 0: acc 0.9512195121951219, correct 234/246
class 1: acc 0.1111111111111111, correct 1/9
EarlyStopping counter: 8 out of 10


batch 19, loss: 0.0008, instance_loss: 0.0000, weighted_loss: 0.0006, label: 0, bag_size: 3616
batch 39, loss: 0.0051, instance_loss: 0.0000, weighted_loss: 0.0036, label: 1, bag_size: 13571
batch 59, loss: 0.0000, instance_loss: 0.0000, weighted_loss: 0.0000, label: 0, bag_size: 2989
batch 79, loss: 0.0012, instance_loss: 0.0000, weighted_loss: 0.0009, label: 0, bag_size: 4804
batch 99, loss: 0.0008, instance_loss: 0.0000, weighted_loss: 0.0006, label: 0, bag_size: 79563
batch 119, loss: 0.0000, instance_loss: 0.0000, weighted_loss: 0.0000, label: 0, bag_size: 5965
batch 139, loss: 0.0042, instance_loss: 0.0000, weighted_loss: 0.0029, label: 1, bag_size: 15079
batch 159, loss: 0.0013, instance_loss: 0.0000, weighted_loss: 0.0009, label: 1, bag_size: 10180
batch 179, loss: 0.0000, instance_loss: 0.0003, weighted_loss: 0.0001, label: 1, bag_size: 2671
batch 199, loss: 0.0020, instance_loss: 0.0000, weighted_loss: 0.0014, label: 1, bag_size: 21609
batch 219, loss: 0.0000, instance_loss: 0.0000, weighted_loss: 0.0000, label: 0, bag_size: 7586
batch 239, loss: 0.0000, instance_loss: 0.0000, weighted_loss: 0.0000, label: 0, bag_size: 6399
batch 259, loss: 3.2867, instance_loss: 0.0000, weighted_loss: 2.3007, label: 0, bag_size: 7017
batch 279, loss: 0.0143, instance_loss: 0.0000, weighted_loss: 0.0100, label: 1, bag_size: 4276
batch 299, loss: 0.0001, instance_loss: 0.0003, weighted_loss: 0.0002, label: 1, bag_size: 2671
batch 319, loss: 0.0001, instance_loss: 0.0000, weighted_loss: 0.0001, label: 0, bag_size: 3130
batch 339, loss: 0.0000, instance_loss: 0.0000, weighted_loss: 0.0000, label: 0, bag_size: 17328
batch 359, loss: 0.0010, instance_loss: 0.0000, weighted_loss: 0.0007, label: 1, bag_size: 4276
batch 379, loss: 0.0189, instance_loss: 0.0000, weighted_loss: 0.0132, label: 1, bag_size: 21952
batch 399, loss: 0.2738, instance_loss: 0.0000, weighted_loss: 0.1917, label: 0, bag_size: 2739
batch 419, loss: 0.0053, instance_loss: 0.0009, weighted_loss: 0.0039, label: 0, bag_size: 3129
batch 439, loss: 0.0054, instance_loss: 0.0012, weighted_loss: 0.0042, label: 1, bag_size: 18621
batch 459, loss: 0.0199, instance_loss: 0.0041, weighted_loss: 0.0152, label: 1, bag_size: 3628
batch 479, loss: 0.0535, instance_loss: 0.0000, weighted_loss: 0.0375, label: 0, bag_size: 17048
batch 499, loss: 0.0094, instance_loss: 0.0038, weighted_loss: 0.0077, label: 1, bag_size: 14318
batch 519, loss: 0.0017, instance_loss: 0.0000, weighted_loss: 0.0012, label: 0, bag_size: 4255
batch 539, loss: 0.0069, instance_loss: 0.0000, weighted_loss: 0.0048, label: 1, bag_size: 10371
batch 559, loss: 0.0014, instance_loss: 0.0000, weighted_loss: 0.0010, label: 0, bag_size: 6712
batch 579, loss: 0.3335, instance_loss: 0.0012, weighted_loss: 0.2338, label: 1, bag_size: 12989
batch 599, loss: 4.3463, instance_loss: 0.0002, weighted_loss: 3.0425, label: 0, bag_size: 3345
batch 619, loss: 0.0016, instance_loss: 0.0011, weighted_loss: 0.0014, label: 0, bag_size: 4692
batch 639, loss: 0.1034, instance_loss: 0.0005, weighted_loss: 0.0725, label: 1, bag_size: 18621
batch 659, loss: 0.0028, instance_loss: 0.0009, weighted_loss: 0.0022, label: 0, bag_size: 5809
batch 679, loss: 0.0001, instance_loss: 0.0000, weighted_loss: 0.0001, label: 1, bag_size: 4492
batch 699, loss: 0.0014, instance_loss: 0.0010, weighted_loss: 0.0012, label: 1, bag_size: 3024
batch 719, loss: 0.0108, instance_loss: 0.0000, weighted_loss: 0.0076, label: 1, bag_size: 6812
batch 739, loss: 0.0072, instance_loss: 0.0000, weighted_loss: 0.0051, label: 1, bag_size: 8663
batch 759, loss: 0.0002, instance_loss: 0.0000, weighted_loss: 0.0001, label: 1, bag_size: 4492
batch 779, loss: 0.0958, instance_loss: 0.0000, weighted_loss: 0.0671, label: 0, bag_size: 11242
batch 799, loss: 0.0322, instance_loss: 0.0003, weighted_loss: 0.0226, label: 1, bag_size: 14763
batch 819, loss: 0.0050, instance_loss: 0.0000, weighted_loss: 0.0035, label: 1, bag_size: 4276


class 0 clustering acc 1.0: correct 6584/6584
class 1 clustering acc 1.0: correct 6584/6584
Epoch: 9, train_loss: 0.0922, train_clustering_loss:  0.0008, train_error: 0.0304
class 0: acc 0.9612403100775194, correct 372/387
class 1: acc 0.9770642201834863, correct 426/436

Val Set, val_loss: 0.3466, val_error: 0.0745, auc: 0.5506
class 0 clustering acc 1.0: correct 2040/2040
class 1 clustering acc 1.0: correct 2040/2040
class 0: acc 0.9552845528455285, correct 235/246
class 1: acc 0.1111111111111111, correct 1/9
EarlyStopping counter: 9 out of 10


batch 19, loss: 0.0003, instance_loss: 0.0000, weighted_loss: 0.0002, label: 0, bag_size: 16721
batch 39, loss: 0.0993, instance_loss: 0.0000, weighted_loss: 0.0695, label: 1, bag_size: 14763
batch 59, loss: 0.0010, instance_loss: 0.0000, weighted_loss: 0.0007, label: 0, bag_size: 16641
batch 79, loss: 0.0005, instance_loss: 0.0002, weighted_loss: 0.0004, label: 0, bag_size: 3360
batch 99, loss: 0.0923, instance_loss: 0.0047, weighted_loss: 0.0660, label: 1, bag_size: 18621
batch 119, loss: 0.0009, instance_loss: 0.0002, weighted_loss: 0.0007, label: 1, bag_size: 6812
batch 139, loss: 0.0283, instance_loss: 0.0005, weighted_loss: 0.0199, label: 0, bag_size: 8158
batch 159, loss: 0.0024, instance_loss: 0.0011, weighted_loss: 0.0020, label: 1, bag_size: 5956
batch 179, loss: 0.0181, instance_loss: 0.0012, weighted_loss: 0.0130, label: 1, bag_size: 4365
batch 199, loss: 0.0223, instance_loss: 0.0000, weighted_loss: 0.0156, label: 1, bag_size: 14763
batch 219, loss: 0.0026, instance_loss: 0.0002, weighted_loss: 0.0019, label: 1, bag_size: 5956
batch 239, loss: 0.0004, instance_loss: 0.0000, weighted_loss: 0.0003, label: 0, bag_size: 5862
batch 259, loss: 0.0051, instance_loss: 0.0000, weighted_loss: 0.0036, label: 0, bag_size: 2530
batch 279, loss: 0.0067, instance_loss: 0.0058, weighted_loss: 0.0064, label: 0, bag_size: 3687
batch 299, loss: 0.0015, instance_loss: 0.0000, weighted_loss: 0.0010, label: 0, bag_size: 10195
batch 319, loss: 0.0002, instance_loss: 0.0000, weighted_loss: 0.0002, label: 1, bag_size: 5137
batch 339, loss: 0.0002, instance_loss: 0.0000, weighted_loss: 0.0001, label: 0, bag_size: 8270
batch 359, loss: 0.0015, instance_loss: 0.0000, weighted_loss: 0.0011, label: 1, bag_size: 10180
batch 379, loss: 0.0097, instance_loss: 0.0000, weighted_loss: 0.0068, label: 1, bag_size: 6344
batch 399, loss: 0.0013, instance_loss: 0.0000, weighted_loss: 0.0009, label: 0, bag_size: 3016
batch 419, loss: 0.0004, instance_loss: 0.0000, weighted_loss: 0.0003, label: 1, bag_size: 3024
batch 439, loss: 0.0000, instance_loss: 0.0000, weighted_loss: 0.0000, label: 0, bag_size: 12484
batch 459, loss: 0.0000, instance_loss: 0.0000, weighted_loss: 0.0000, label: 0, bag_size: 5456
batch 479, loss: 0.0111, instance_loss: 0.0003, weighted_loss: 0.0079, label: 1, bag_size: 6023
batch 499, loss: 0.0070, instance_loss: 0.0000, weighted_loss: 0.0049, label: 0, bag_size: 2674
batch 519, loss: 0.0002, instance_loss: 0.0002, weighted_loss: 0.0002, label: 0, bag_size: 4804
batch 539, loss: 0.0000, instance_loss: 0.0000, weighted_loss: 0.0000, label: 0, bag_size: 1527
batch 559, loss: 0.0040, instance_loss: 0.0000, weighted_loss: 0.0028, label: 1, bag_size: 13646
batch 579, loss: 0.0019, instance_loss: 0.0000, weighted_loss: 0.0013, label: 1, bag_size: 14763
batch 599, loss: 0.0004, instance_loss: 0.0000, weighted_loss: 0.0003, label: 1, bag_size: 5906
batch 619, loss: 0.0297, instance_loss: 0.0000, weighted_loss: 0.0208, label: 0, bag_size: 2328
batch 639, loss: 0.0000, instance_loss: 0.0000, weighted_loss: 0.0000, label: 0, bag_size: 3715
batch 659, loss: 0.0017, instance_loss: 0.0000, weighted_loss: 0.0012, label: 1, bag_size: 3411
batch 679, loss: 0.0003, instance_loss: 0.0000, weighted_loss: 0.0002, label: 1, bag_size: 3628
batch 699, loss: 0.0022, instance_loss: 0.0004, weighted_loss: 0.0017, label: 0, bag_size: 8075
batch 719, loss: 0.0007, instance_loss: 0.0000, weighted_loss: 0.0005, label: 1, bag_size: 5906
batch 739, loss: 0.0026, instance_loss: 0.0000, weighted_loss: 0.0018, label: 1, bag_size: 16197
batch 759, loss: 0.0018, instance_loss: 0.0000, weighted_loss: 0.0013, label: 1, bag_size: 12989
batch 779, loss: 0.0004, instance_loss: 0.0000, weighted_loss: 0.0003, label: 0, bag_size: 7092
batch 799, loss: 0.0007, instance_loss: 0.0000, weighted_loss: 0.0005, label: 0, bag_size: 2736
batch 819, loss: 0.0000, instance_loss: 0.0000, weighted_loss: 0.0000, label: 1, bag_size: 3628


class 0 clustering acc 1.0: correct 6584/6584
class 1 clustering acc 1.0: correct 6584/6584
Epoch: 10, train_loss: 0.0276, train_clustering_loss:  0.0007, train_error: 0.0061
class 0: acc 0.9896640826873385, correct 383/387
class 1: acc 0.9977064220183486, correct 435/436

Val Set, val_loss: 0.3736, val_error: 0.0667, auc: 0.5781
class 0 clustering acc 1.0: correct 2040/2040
class 1 clustering acc 1.0: correct 2040/2040
class 0: acc 0.9634146341463414, correct 237/246
class 1: acc 0.1111111111111111, correct 1/9
EarlyStopping counter: 10 out of 10
Early stopping
Val error: 0.0627, ROC AUC: 0.4982
CV validation error: 0.0627, ROC AUC: 0.4982
class 0: acc 0.9715447154471545, correct 239/246
class 1: acc 0.0, correct 0/9
Future event metrics: {"fold": 2, "events": 101, "positive_events": 4, "event_average_precision": 0.04123510896754525, "event_roc_auc": 0.41237113402061853, "event_brier": 0.0606930002428386, "aggregation": "mean probability across all included stains/slides of same patient/anchor date", "exploratory_cv_not_independent_final_test": true}
HE augmentation: {"fold": 3, "seed": 1, "train_slides": 859, "eligible_he_train": 48, "unchanged_train": 811, "policy": "geometry", "total_views": 2, "he_original_probability": 0.5, "view_seed": 20561936, "val_test_original_only": true, "split_sha256": "b6c09374df9e6ef37a32bf6af6f29daf70000118db18cbe8298686cbd07b8b23", "validation_used_for_checkpoint_selection": true, "independent_final_test": false}

Training Fold 3!

Init train/val/test splits... 
Done!
Training on 859 samples
Validating on 219 samples
Testing on 0 samples

Init loss function... Done!

Init Model... Setting tau to 1.0
Done!
CLAM_SB(
  (attention_net): Sequential(
    (0): Linear(in_features=1536, out_features=512, bias=True)
    (1): ReLU()
    (2): Dropout(p=0.25, inplace=False)
    (3): Attn_Net_Gated(
      (attention_a): Sequential(
        (0): Linear(in_features=512, out_features=256, bias=True)
        (1): Tanh()
        (2): Dropout(p=0.25, inplace=False)
      )
      (attention_b): Sequential(
        (0): Linear(in_features=512, out_features=256, bias=True)
        (1): Sigmoid()
        (2): Dropout(p=0.25, inplace=False)
      )
      (attention_c): Linear(in_features=256, out_features=1, bias=True)
    )
  )
  (classifiers): Linear(in_features=512, out_features=2, bias=True)
  (instance_classifiers): ModuleList(
    (0-1): 2 x Linear(in_features=512, out_features=2, bias=True)
  )
  (instance_loss_fn): SmoothTop1SVM()
)
Total number of parameters: 1052935
Total number of trainable parameters: 1052935

Init optimizer ... Done!

Init Loaders... Done!

Setup EarlyStopping... Done!


batch 19, loss: 1.1641, instance_loss: 1.2613, weighted_loss: 1.1933, label: 0, bag_size: 3697
batch 39, loss: 0.8401, instance_loss: 0.9140, weighted_loss: 0.8623, label: 0, bag_size: 17729
batch 59, loss: 0.8991, instance_loss: 0.2690, weighted_loss: 0.7101, label: 1, bag_size: 4760
batch 79, loss: 0.3462, instance_loss: 0.1009, weighted_loss: 0.2726, label: 0, bag_size: 6050
batch 99, loss: 0.6968, instance_loss: 0.1181, weighted_loss: 0.5232, label: 0, bag_size: 6660
batch 119, loss: 0.5186, instance_loss: 0.0256, weighted_loss: 0.3707, label: 0, bag_size: 12427
batch 139, loss: 0.4775, instance_loss: 0.2025, weighted_loss: 0.3950, label: 1, bag_size: 4516
batch 159, loss: 0.1646, instance_loss: 0.0132, weighted_loss: 0.1192, label: 1, bag_size: 14763
batch 179, loss: 0.6930, instance_loss: 0.1146, weighted_loss: 0.5195, label: 1, bag_size: 5082
batch 199, loss: 0.6190, instance_loss: 0.1839, weighted_loss: 0.4885, label: 0, bag_size: 14291
batch 219, loss: 0.6417, instance_loss: 0.0019, weighted_loss: 0.4497, label: 0, bag_size: 20517
batch 239, loss: 0.7455, instance_loss: 0.0693, weighted_loss: 0.5427, label: 0, bag_size: 1865
batch 259, loss: 0.9022, instance_loss: 0.0341, weighted_loss: 0.6418, label: 1, bag_size: 7879
batch 279, loss: 0.6168, instance_loss: 0.0301, weighted_loss: 0.4408, label: 1, bag_size: 9833
batch 299, loss: 0.4548, instance_loss: 0.0091, weighted_loss: 0.3211, label: 1, bag_size: 3621
batch 319, loss: 1.9047, instance_loss: 0.0002, weighted_loss: 1.3333, label: 0, bag_size: 12490
batch 339, loss: 0.6554, instance_loss: 0.0319, weighted_loss: 0.4684, label: 1, bag_size: 14528
batch 359, loss: 0.4194, instance_loss: 0.1812, weighted_loss: 0.3479, label: 1, bag_size: 2671
batch 379, loss: 0.5890, instance_loss: 0.0420, weighted_loss: 0.4249, label: 1, bag_size: 3024
batch 399, loss: 0.2193, instance_loss: 0.0014, weighted_loss: 0.1539, label: 1, bag_size: 18621
batch 419, loss: 0.4170, instance_loss: 0.0012, weighted_loss: 0.2923, label: 1, bag_size: 13646
batch 439, loss: 0.7434, instance_loss: 0.0002, weighted_loss: 0.5204, label: 1, bag_size: 2853
batch 459, loss: 1.2389, instance_loss: 0.0014, weighted_loss: 0.8677, label: 1, bag_size: 4760
batch 479, loss: 0.4526, instance_loss: 0.0031, weighted_loss: 0.3178, label: 0, bag_size: 2406
batch 499, loss: 0.9750, instance_loss: 0.0034, weighted_loss: 0.6835, label: 0, bag_size: 2061
batch 519, loss: 0.0845, instance_loss: 0.0038, weighted_loss: 0.0603, label: 0, bag_size: 17739
batch 539, loss: 0.3657, instance_loss: 0.0016, weighted_loss: 0.2565, label: 1, bag_size: 2853
batch 559, loss: 0.3458, instance_loss: 0.0163, weighted_loss: 0.2469, label: 1, bag_size: 9833
batch 579, loss: 1.2540, instance_loss: 0.0333, weighted_loss: 0.8878, label: 1, bag_size: 5082
batch 599, loss: 0.2889, instance_loss: 0.2978, weighted_loss: 0.2915, label: 0, bag_size: 2595
batch 619, loss: 0.6030, instance_loss: 0.0007, weighted_loss: 0.4223, label: 1, bag_size: 5082
batch 639, loss: 1.0045, instance_loss: 0.0022, weighted_loss: 0.7038, label: 0, bag_size: 2739
batch 659, loss: 0.8908, instance_loss: 0.0024, weighted_loss: 0.6243, label: 1, bag_size: 4492
batch 679, loss: 0.8825, instance_loss: 0.0013, weighted_loss: 0.6181, label: 0, bag_size: 2505
batch 699, loss: 0.2641, instance_loss: 0.0000, weighted_loss: 0.1849, label: 1, bag_size: 14414
batch 719, loss: 0.4597, instance_loss: 0.0028, weighted_loss: 0.3226, label: 0, bag_size: 11919
batch 739, loss: 0.1451, instance_loss: 0.0009, weighted_loss: 0.1018, label: 0, bag_size: 13341
batch 759, loss: 0.8088, instance_loss: 0.0357, weighted_loss: 0.5769, label: 0, bag_size: 4310
batch 779, loss: 0.6870, instance_loss: 0.0058, weighted_loss: 0.4826, label: 1, bag_size: 14318
batch 799, loss: 0.2646, instance_loss: 0.0005, weighted_loss: 0.1853, label: 1, bag_size: 2853
batch 819, loss: 0.6843, instance_loss: 0.0016, weighted_loss: 0.4795, label: 1, bag_size: 2853
batch 839, loss: 0.5628, instance_loss: 0.0077, weighted_loss: 0.3963, label: 0, bag_size: 14968


class 0 clustering acc 0.9800640279394645: correct 6735/6872
class 1 clustering acc 0.9794819557625145: correct 6731/6872
Epoch: 0, train_loss: 0.6085, train_clustering_loss:  0.1190, train_error: 0.3341
class 0: acc 0.59, correct 236/400
class 1: acc 0.7320261437908496, correct 336/459

Val Set, val_loss: 0.5961, val_error: 0.3379, auc: 0.5244
class 0 clustering acc 1.0: correct 1752/1752
class 1 clustering acc 1.0: correct 1752/1752
class 0: acc 0.6746411483253588, correct 141/209
class 1: acc 0.4, correct 4/10
Validation loss decreased (inf --> 0.596082).  Saving model ...


batch 19, loss: 0.4719, instance_loss: 0.0053, weighted_loss: 0.3319, label: 0, bag_size: 13971
batch 39, loss: 0.3379, instance_loss: 0.0085, weighted_loss: 0.2391, label: 1, bag_size: 12989
batch 59, loss: 0.5374, instance_loss: 0.0033, weighted_loss: 0.3772, label: 1, bag_size: 3621
batch 79, loss: 0.8130, instance_loss: 0.0002, weighted_loss: 0.5691, label: 0, bag_size: 3257
batch 99, loss: 0.3618, instance_loss: 0.0066, weighted_loss: 0.2552, label: 1, bag_size: 4276
batch 119, loss: 0.4342, instance_loss: 0.1137, weighted_loss: 0.3380, label: 0, bag_size: 16402
batch 139, loss: 0.1682, instance_loss: 0.0101, weighted_loss: 0.1208, label: 1, bag_size: 18621
batch 159, loss: 0.2274, instance_loss: 0.0018, weighted_loss: 0.1597, label: 1, bag_size: 3354
batch 179, loss: 0.6944, instance_loss: 0.0039, weighted_loss: 0.4872, label: 1, bag_size: 3628
batch 199, loss: 0.0136, instance_loss: 0.0076, weighted_loss: 0.0118, label: 0, bag_size: 15392
batch 219, loss: 0.2171, instance_loss: 0.0000, weighted_loss: 0.1520, label: 0, bag_size: 2317
batch 239, loss: 0.1529, instance_loss: 0.0032, weighted_loss: 0.1080, label: 0, bag_size: 10620
batch 259, loss: 0.0796, instance_loss: 0.0023, weighted_loss: 0.0564, label: 1, bag_size: 14763
batch 279, loss: 0.2086, instance_loss: 0.0008, weighted_loss: 0.1463, label: 0, bag_size: 21894
batch 299, loss: 0.0457, instance_loss: 0.0039, weighted_loss: 0.0332, label: 1, bag_size: 14528
batch 319, loss: 2.0868, instance_loss: 0.0037, weighted_loss: 1.4619, label: 0, bag_size: 13046
batch 339, loss: 0.3256, instance_loss: 0.0007, weighted_loss: 0.2282, label: 1, bag_size: 4760
batch 359, loss: 0.2549, instance_loss: 0.0346, weighted_loss: 0.1888, label: 0, bag_size: 18985
batch 379, loss: 0.0021, instance_loss: 0.0083, weighted_loss: 0.0040, label: 0, bag_size: 18734
batch 399, loss: 0.6077, instance_loss: 0.0000, weighted_loss: 0.4254, label: 0, bag_size: 14017
batch 419, loss: 0.5611, instance_loss: 0.0064, weighted_loss: 0.3947, label: 1, bag_size: 3411
batch 439, loss: 0.0145, instance_loss: 0.0019, weighted_loss: 0.0107, label: 1, bag_size: 16197
batch 459, loss: 0.1105, instance_loss: 0.0101, weighted_loss: 0.0803, label: 0, bag_size: 10417
batch 479, loss: 0.6511, instance_loss: 0.0038, weighted_loss: 0.4569, label: 1, bag_size: 3411
batch 499, loss: 0.2700, instance_loss: 0.0006, weighted_loss: 0.1892, label: 0, bag_size: 9103
batch 519, loss: 0.0760, instance_loss: 0.0013, weighted_loss: 0.0536, label: 1, bag_size: 12989
batch 539, loss: 0.3142, instance_loss: 0.0128, weighted_loss: 0.2238, label: 0, bag_size: 16840
batch 559, loss: 0.2623, instance_loss: 0.0014, weighted_loss: 0.1841, label: 1, bag_size: 4760
batch 579, loss: 0.0008, instance_loss: 0.0000, weighted_loss: 0.0006, label: 0, bag_size: 3969
batch 599, loss: 1.0281, instance_loss: 0.0014, weighted_loss: 0.7201, label: 0, bag_size: 8138
batch 619, loss: 0.1580, instance_loss: 0.0023, weighted_loss: 0.1113, label: 1, bag_size: 22624
batch 639, loss: 0.2220, instance_loss: 0.0305, weighted_loss: 0.1646, label: 0, bag_size: 3066
batch 659, loss: 0.0274, instance_loss: 0.0000, weighted_loss: 0.0192, label: 0, bag_size: 3756
batch 679, loss: 0.0924, instance_loss: 0.0019, weighted_loss: 0.0653, label: 1, bag_size: 4492
batch 699, loss: 0.0102, instance_loss: 0.0000, weighted_loss: 0.0072, label: 0, bag_size: 22061
batch 719, loss: 0.2023, instance_loss: 0.0019, weighted_loss: 0.1422, label: 0, bag_size: 2402
batch 739, loss: 0.2625, instance_loss: 0.0042, weighted_loss: 0.1851, label: 0, bag_size: 3166
batch 759, loss: 0.0020, instance_loss: 0.0002, weighted_loss: 0.0015, label: 0, bag_size: 7992
batch 779, loss: 0.0452, instance_loss: 0.0020, weighted_loss: 0.0322, label: 0, bag_size: 23088
batch 799, loss: 1.0404, instance_loss: 0.1563, weighted_loss: 0.7752, label: 1, bag_size: 1140
batch 819, loss: 0.0018, instance_loss: 0.0000, weighted_loss: 0.0013, label: 0, bag_size: 5154
batch 839, loss: 0.3011, instance_loss: 0.2468, weighted_loss: 0.2848, label: 0, bag_size: 1322


class 0 clustering acc 0.9989813736903376: correct 6865/6872
class 1 clustering acc 1.0: correct 6872/6872
Epoch: 1, train_loss: 0.3725, train_clustering_loss:  0.0100, train_error: 0.1676
class 0: acc 0.8148984198645598, correct 361/443
class 1: acc 0.8509615384615384, correct 354/416

Val Set, val_loss: 0.4327, val_error: 0.1416, auc: 0.4321
class 0 clustering acc 1.0: correct 1752/1752
class 1 clustering acc 0.9994292237442922: correct 1751/1752
class 0: acc 0.8947368421052632, correct 187/209
class 1: acc 0.1, correct 1/10
Validation loss decreased (0.596082 --> 0.432689).  Saving model ...


batch 19, loss: 1.7067, instance_loss: 0.0020, weighted_loss: 1.1953, label: 0, bag_size: 4591
batch 39, loss: 0.0000, instance_loss: 0.0000, weighted_loss: 0.0000, label: 0, bag_size: 20636
batch 59, loss: 0.1515, instance_loss: 0.0012, weighted_loss: 0.1064, label: 1, bag_size: 3024
batch 79, loss: 0.0004, instance_loss: 0.0000, weighted_loss: 0.0003, label: 0, bag_size: 14213
batch 99, loss: 0.0342, instance_loss: 0.0030, weighted_loss: 0.0248, label: 0, bag_size: 6712
batch 119, loss: 0.1499, instance_loss: 0.0036, weighted_loss: 0.1060, label: 0, bag_size: 5502
batch 139, loss: 0.0081, instance_loss: 0.0017, weighted_loss: 0.0062, label: 1, bag_size: 3411
batch 159, loss: 0.0106, instance_loss: 0.0000, weighted_loss: 0.0074, label: 1, bag_size: 13646
batch 179, loss: 0.0019, instance_loss: 0.0003, weighted_loss: 0.0014, label: 0, bag_size: 6073
batch 199, loss: 0.0219, instance_loss: 0.0000, weighted_loss: 0.0154, label: 1, bag_size: 15079
batch 219, loss: 0.0107, instance_loss: 0.0096, weighted_loss: 0.0104, label: 0, bag_size: 19295
batch 239, loss: 1.1716, instance_loss: 0.0028, weighted_loss: 0.8209, label: 1, bag_size: 6023
batch 259, loss: 0.0052, instance_loss: 0.0006, weighted_loss: 0.0038, label: 1, bag_size: 3628
batch 279, loss: 0.0011, instance_loss: 0.0009, weighted_loss: 0.0010, label: 0, bag_size: 18052
batch 299, loss: 0.0498, instance_loss: 0.0000, weighted_loss: 0.0348, label: 1, bag_size: 3621
batch 319, loss: 0.0852, instance_loss: 0.0013, weighted_loss: 0.0600, label: 0, bag_size: 4675
batch 339, loss: 0.0206, instance_loss: 0.0012, weighted_loss: 0.0148, label: 1, bag_size: 4492
batch 359, loss: 0.0727, instance_loss: 0.0000, weighted_loss: 0.0509, label: 1, bag_size: 22042
batch 379, loss: 0.0005, instance_loss: 0.1216, weighted_loss: 0.0368, label: 0, bag_size: 4615
batch 399, loss: 0.0101, instance_loss: 0.0011, weighted_loss: 0.0074, label: 0, bag_size: 22061
batch 419, loss: 0.0944, instance_loss: 0.0120, weighted_loss: 0.0697, label: 0, bag_size: 5006
batch 439, loss: 0.0001, instance_loss: 0.0000, weighted_loss: 0.0001, label: 0, bag_size: 2328
batch 459, loss: 0.0124, instance_loss: 0.0002, weighted_loss: 0.0088, label: 1, bag_size: 12989
batch 479, loss: 0.0020, instance_loss: 0.0011, weighted_loss: 0.0018, label: 1, bag_size: 2853
batch 499, loss: 0.0000, instance_loss: 0.0033, weighted_loss: 0.0010, label: 0, bag_size: 14711
batch 519, loss: 0.0292, instance_loss: 0.0176, weighted_loss: 0.0257, label: 0, bag_size: 2703
batch 539, loss: 0.0002, instance_loss: 0.0055, weighted_loss: 0.0018, label: 0, bag_size: 13004
batch 559, loss: 0.0044, instance_loss: 0.0127, weighted_loss: 0.0069, label: 1, bag_size: 1140
batch 579, loss: 0.0000, instance_loss: 0.0160, weighted_loss: 0.0048, label: 0, bag_size: 2009
batch 599, loss: 0.0086, instance_loss: 0.0026, weighted_loss: 0.0068, label: 1, bag_size: 6028
batch 619, loss: 0.0418, instance_loss: 0.0090, weighted_loss: 0.0320, label: 1, bag_size: 14528
batch 639, loss: 0.0009, instance_loss: 0.2184, weighted_loss: 0.0661, label: 0, bag_size: 2524
batch 659, loss: 0.1267, instance_loss: 0.0015, weighted_loss: 0.0891, label: 0, bag_size: 23909
batch 679, loss: 0.0943, instance_loss: 0.0037, weighted_loss: 0.0671, label: 1, bag_size: 5137
batch 699, loss: 0.0017, instance_loss: 0.0020, weighted_loss: 0.0018, label: 0, bag_size: 16700
batch 719, loss: 0.2502, instance_loss: 0.0000, weighted_loss: 0.1752, label: 0, bag_size: 5348
batch 739, loss: 0.0240, instance_loss: 0.0000, weighted_loss: 0.0168, label: 1, bag_size: 3621
batch 759, loss: 0.0287, instance_loss: 0.0004, weighted_loss: 0.0202, label: 1, bag_size: 14528
batch 779, loss: 0.0172, instance_loss: 0.0019, weighted_loss: 0.0126, label: 1, bag_size: 18621
batch 799, loss: 0.0022, instance_loss: 0.0013, weighted_loss: 0.0019, label: 0, bag_size: 16977
batch 819, loss: 0.2274, instance_loss: 0.0540, weighted_loss: 0.1753, label: 0, bag_size: 2212
batch 839, loss: 0.0009, instance_loss: 0.0112, weighted_loss: 0.0040, label: 1, bag_size: 3354


class 0 clustering acc 0.9979627473806753: correct 6858/6872
class 1 clustering acc 0.9969441210710128: correct 6851/6872
Epoch: 2, train_loss: 0.1799, train_clustering_loss:  0.0248, train_error: 0.0733
class 0: acc 0.92, correct 414/450
class 1: acc 0.9339853300733496, correct 382/409

Val Set, val_loss: 0.4629, val_error: 0.1050, auc: 0.3799
class 0 clustering acc 1.0: correct 1752/1752
class 1 clustering acc 0.9954337899543378: correct 1744/1752
class 0: acc 0.9330143540669856, correct 195/209
class 1: acc 0.1, correct 1/10
EarlyStopping counter: 1 out of 10


batch 19, loss: 0.0004, instance_loss: 0.0078, weighted_loss: 0.0026, label: 1, bag_size: 3354
batch 39, loss: 0.0007, instance_loss: 0.0000, weighted_loss: 0.0005, label: 0, bag_size: 15086
batch 59, loss: 0.0089, instance_loss: 0.0018, weighted_loss: 0.0068, label: 1, bag_size: 7733
batch 79, loss: 0.0258, instance_loss: 0.0027, weighted_loss: 0.0188, label: 0, bag_size: 25547
batch 99, loss: 0.1938, instance_loss: 0.0037, weighted_loss: 0.1368, label: 1, bag_size: 2671
batch 119, loss: 0.0629, instance_loss: 0.0013, weighted_loss: 0.0444, label: 1, bag_size: 4365
batch 139, loss: 0.0147, instance_loss: 0.0000, weighted_loss: 0.0103, label: 1, bag_size: 14414
batch 159, loss: 0.0000, instance_loss: 0.0005, weighted_loss: 0.0002, label: 0, bag_size: 18267
batch 179, loss: 0.0036, instance_loss: 0.0000, weighted_loss: 0.0026, label: 1, bag_size: 6028
batch 199, loss: 0.0890, instance_loss: 0.0002, weighted_loss: 0.0624, label: 0, bag_size: 24284
batch 219, loss: 0.0185, instance_loss: 0.0022, weighted_loss: 0.0136, label: 1, bag_size: 3024
batch 239, loss: 0.0001, instance_loss: 0.0020, weighted_loss: 0.0007, label: 0, bag_size: 21774
batch 259, loss: 0.0052, instance_loss: 0.0009, weighted_loss: 0.0039, label: 1, bag_size: 4492
batch 279, loss: 0.0040, instance_loss: 0.0000, weighted_loss: 0.0028, label: 1, bag_size: 7879
batch 299, loss: 0.0062, instance_loss: 0.0218, weighted_loss: 0.0108, label: 0, bag_size: 1214
batch 319, loss: 0.0088, instance_loss: 0.0014, weighted_loss: 0.0065, label: 0, bag_size: 9856
batch 339, loss: 0.0154, instance_loss: 0.0854, weighted_loss: 0.0364, label: 0, bag_size: 1970
batch 359, loss: 0.0007, instance_loss: 0.0313, weighted_loss: 0.0099, label: 1, bag_size: 3411
batch 379, loss: 0.0001, instance_loss: 0.0000, weighted_loss: 0.0001, label: 0, bag_size: 19131
batch 399, loss: 0.0507, instance_loss: 0.0015, weighted_loss: 0.0359, label: 1, bag_size: 16197
batch 419, loss: 0.0106, instance_loss: 0.0232, weighted_loss: 0.0144, label: 0, bag_size: 5893
batch 439, loss: 0.0026, instance_loss: 0.0000, weighted_loss: 0.0018, label: 0, bag_size: 25547
batch 459, loss: 0.0003, instance_loss: 0.0006, weighted_loss: 0.0004, label: 1, bag_size: 2853
batch 479, loss: 0.0015, instance_loss: 0.0112, weighted_loss: 0.0044, label: 0, bag_size: 11819
batch 499, loss: 0.0243, instance_loss: 0.0002, weighted_loss: 0.0171, label: 1, bag_size: 2671
batch 519, loss: 0.0000, instance_loss: 0.0000, weighted_loss: 0.0000, label: 0, bag_size: 16051
batch 539, loss: 0.0001, instance_loss: 0.0305, weighted_loss: 0.0092, label: 0, bag_size: 14213
batch 559, loss: 0.0790, instance_loss: 1.1025, weighted_loss: 0.3860, label: 0, bag_size: 1921
batch 579, loss: 0.0123, instance_loss: 0.0000, weighted_loss: 0.0086, label: 0, bag_size: 12537
batch 599, loss: 0.0023, instance_loss: 0.0014, weighted_loss: 0.0020, label: 0, bag_size: 12513
batch 619, loss: 5.4968, instance_loss: 0.0000, weighted_loss: 3.8478, label: 0, bag_size: 2194
batch 639, loss: 0.0235, instance_loss: 0.0004, weighted_loss: 0.0166, label: 1, bag_size: 5828
batch 659, loss: 0.3285, instance_loss: 0.0008, weighted_loss: 0.2302, label: 0, bag_size: 3555
batch 679, loss: 0.0688, instance_loss: 0.0046, weighted_loss: 0.0495, label: 1, bag_size: 18621
batch 699, loss: 0.0000, instance_loss: 0.0000, weighted_loss: 0.0000, label: 0, bag_size: 19688
batch 719, loss: 0.0055, instance_loss: 0.0002, weighted_loss: 0.0039, label: 0, bag_size: 8593
batch 739, loss: 0.0002, instance_loss: 0.0009, weighted_loss: 0.0004, label: 1, bag_size: 9833
batch 759, loss: 0.0086, instance_loss: 0.0012, weighted_loss: 0.0064, label: 1, bag_size: 5082
batch 779, loss: 0.0011, instance_loss: 0.0004, weighted_loss: 0.0009, label: 0, bag_size: 7017
batch 799, loss: 0.0000, instance_loss: 0.0005, weighted_loss: 0.0002, label: 0, bag_size: 4299
batch 819, loss: 0.0368, instance_loss: 0.0012, weighted_loss: 0.0262, label: 1, bag_size: 7879
batch 839, loss: 0.0000, instance_loss: 0.0004, weighted_loss: 0.0001, label: 0, bag_size: 21383


class 0 clustering acc 0.9998544819557625: correct 6871/6872
class 1 clustering acc 0.9965075669383003: correct 6848/6872
Epoch: 3, train_loss: 0.0857, train_clustering_loss:  0.0165, train_error: 0.0233
class 0: acc 0.9707317073170731, correct 398/410
class 1: acc 0.9821826280623608, correct 441/449

Val Set, val_loss: 0.4745, val_error: 0.0594, auc: 0.3928
class 0 clustering acc 1.0: correct 1752/1752
class 1 clustering acc 1.0: correct 1752/1752
class 0: acc 0.9856459330143541, correct 206/209
class 1: acc 0.0, correct 0/10
EarlyStopping counter: 2 out of 10


batch 19, loss: 0.0001, instance_loss: 0.0133, weighted_loss: 0.0040, label: 0, bag_size: 8401
batch 39, loss: 0.0001, instance_loss: 0.0000, weighted_loss: 0.0001, label: 0, bag_size: 16785
batch 59, loss: 0.0174, instance_loss: 0.0059, weighted_loss: 0.0140, label: 1, bag_size: 18621
batch 79, loss: 0.0307, instance_loss: 0.0018, weighted_loss: 0.0220, label: 1, bag_size: 7879
batch 99, loss: 0.0490, instance_loss: 0.0016, weighted_loss: 0.0348, label: 1, bag_size: 6023
batch 119, loss: 0.0006, instance_loss: 0.0000, weighted_loss: 0.0004, label: 0, bag_size: 6398
batch 139, loss: 0.0001, instance_loss: 0.0002, weighted_loss: 0.0001, label: 0, bag_size: 13944
batch 159, loss: 0.0002, instance_loss: 0.0000, weighted_loss: 0.0001, label: 1, bag_size: 13646
batch 179, loss: 0.0001, instance_loss: 0.0206, weighted_loss: 0.0063, label: 0, bag_size: 16977
batch 199, loss: 0.0261, instance_loss: 0.0008, weighted_loss: 0.0185, label: 0, bag_size: 2787
batch 219, loss: 0.0136, instance_loss: 0.0000, weighted_loss: 0.0096, label: 1, bag_size: 14528
batch 239, loss: 0.6517, instance_loss: 0.0006, weighted_loss: 0.4564, label: 0, bag_size: 2732
batch 259, loss: 0.0074, instance_loss: 0.0004, weighted_loss: 0.0053, label: 1, bag_size: 4365
batch 279, loss: 0.0099, instance_loss: 0.0011, weighted_loss: 0.0073, label: 0, bag_size: 4471
batch 299, loss: 0.0019, instance_loss: 0.0000, weighted_loss: 0.0014, label: 0, bag_size: 5006
batch 319, loss: 0.0001, instance_loss: 0.0006, weighted_loss: 0.0003, label: 0, bag_size: 3733
batch 339, loss: 0.8773, instance_loss: 0.0015, weighted_loss: 0.6145, label: 1, bag_size: 2671
batch 359, loss: 0.0017, instance_loss: 0.0000, weighted_loss: 0.0012, label: 0, bag_size: 2974
batch 379, loss: 0.0001, instance_loss: 0.0038, weighted_loss: 0.0012, label: 1, bag_size: 7733
batch 399, loss: 0.0004, instance_loss: 0.0052, weighted_loss: 0.0019, label: 1, bag_size: 9833
batch 419, loss: 0.0000, instance_loss: 0.0006, weighted_loss: 0.0002, label: 1, bag_size: 3354
batch 439, loss: 0.0000, instance_loss: 0.0024, weighted_loss: 0.0007, label: 0, bag_size: 6399
batch 459, loss: 0.0000, instance_loss: 0.0005, weighted_loss: 0.0002, label: 0, bag_size: 6073
batch 479, loss: 0.0013, instance_loss: 0.0000, weighted_loss: 0.0009, label: 0, bag_size: 2576
batch 499, loss: 0.0002, instance_loss: 0.0000, weighted_loss: 0.0002, label: 0, bag_size: 21322
batch 519, loss: 0.0113, instance_loss: 0.0117, weighted_loss: 0.0114, label: 0, bag_size: 2865
batch 539, loss: 0.0000, instance_loss: 0.0000, weighted_loss: 0.0000, label: 0, bag_size: 9767
batch 559, loss: 0.0156, instance_loss: 0.0000, weighted_loss: 0.0109, label: 0, bag_size: 6362
batch 579, loss: 0.0077, instance_loss: 0.0000, weighted_loss: 0.0054, label: 1, bag_size: 22042
batch 599, loss: 0.0005, instance_loss: 0.0003, weighted_loss: 0.0005, label: 0, bag_size: 1875
batch 619, loss: 0.0000, instance_loss: 0.0012, weighted_loss: 0.0004, label: 0, bag_size: 8050
batch 639, loss: 0.0047, instance_loss: 0.0000, weighted_loss: 0.0033, label: 0, bag_size: 8271
batch 659, loss: 0.0050, instance_loss: 0.0000, weighted_loss: 0.0035, label: 1, bag_size: 5828
batch 679, loss: 0.0026, instance_loss: 0.0026, weighted_loss: 0.0026, label: 1, bag_size: 1140
batch 699, loss: 0.0005, instance_loss: 0.0000, weighted_loss: 0.0004, label: 0, bag_size: 17460
batch 719, loss: 2.0682, instance_loss: 0.0000, weighted_loss: 1.4478, label: 0, bag_size: 10923
batch 739, loss: 0.0002, instance_loss: 0.0000, weighted_loss: 0.0002, label: 0, bag_size: 2405
batch 759, loss: 0.0002, instance_loss: 0.0013, weighted_loss: 0.0005, label: 1, bag_size: 7733
batch 779, loss: 0.0024, instance_loss: 0.0000, weighted_loss: 0.0017, label: 0, bag_size: 14950
batch 799, loss: 0.0012, instance_loss: 0.0000, weighted_loss: 0.0009, label: 1, bag_size: 5137
batch 819, loss: 0.0000, instance_loss: 0.0000, weighted_loss: 0.0000, label: 0, bag_size: 16288
batch 839, loss: 0.0000, instance_loss: 0.0047, weighted_loss: 0.0014, label: 1, bag_size: 7733


class 0 clustering acc 1.0: correct 6872/6872
class 1 clustering acc 0.9982537834691502: correct 6860/6872
Epoch: 4, train_loss: 0.0636, train_clustering_loss:  0.0080, train_error: 0.0186
class 0: acc 0.9788235294117648, correct 416/425
class 1: acc 0.9838709677419355, correct 427/434

Val Set, val_loss: 0.4906, val_error: 0.0822, auc: 0.4689
class 0 clustering acc 1.0: correct 1752/1752
class 1 clustering acc 0.9988584474885844: correct 1750/1752
class 0: acc 0.9569377990430622, correct 200/209
class 1: acc 0.1, correct 1/10
EarlyStopping counter: 3 out of 10


batch 19, loss: 0.0009, instance_loss: 0.0000, weighted_loss: 0.0006, label: 0, bag_size: 10161
batch 39, loss: 0.0069, instance_loss: 0.0000, weighted_loss: 0.0048, label: 0, bag_size: 2530
batch 59, loss: 0.0000, instance_loss: 0.0000, weighted_loss: 0.0000, label: 0, bag_size: 4932
batch 79, loss: 0.0249, instance_loss: 0.0008, weighted_loss: 0.0177, label: 1, bag_size: 3621
batch 99, loss: 0.0126, instance_loss: 0.0000, weighted_loss: 0.0088, label: 0, bag_size: 17540
batch 119, loss: 0.0000, instance_loss: 0.0005, weighted_loss: 0.0002, label: 0, bag_size: 4528
batch 139, loss: 0.0001, instance_loss: 0.0000, weighted_loss: 0.0001, label: 0, bag_size: 10109
batch 159, loss: 0.0001, instance_loss: 0.0015, weighted_loss: 0.0005, label: 0, bag_size: 1865
batch 179, loss: 0.0000, instance_loss: 0.0000, weighted_loss: 0.0000, label: 0, bag_size: 2140
batch 199, loss: 0.0044, instance_loss: 0.0000, weighted_loss: 0.0030, label: 1, bag_size: 16197
batch 219, loss: 7.0574, instance_loss: 0.0000, weighted_loss: 4.9402, label: 0, bag_size: 12490
batch 239, loss: 0.0000, instance_loss: 0.0000, weighted_loss: 0.0000, label: 0, bag_size: 2076
batch 259, loss: 0.0266, instance_loss: 0.0026, weighted_loss: 0.0194, label: 1, bag_size: 2644
batch 279, loss: 0.0025, instance_loss: 0.0000, weighted_loss: 0.0018, label: 1, bag_size: 4276
batch 299, loss: 0.0006, instance_loss: 0.0000, weighted_loss: 0.0004, label: 0, bag_size: 22061
batch 319, loss: 0.0086, instance_loss: 0.0000, weighted_loss: 0.0060, label: 0, bag_size: 18947
batch 339, loss: 0.0002, instance_loss: 0.0000, weighted_loss: 0.0001, label: 0, bag_size: 3813
batch 359, loss: 0.0001, instance_loss: 0.0003, weighted_loss: 0.0002, label: 0, bag_size: 11819
batch 379, loss: 0.0066, instance_loss: 0.0013, weighted_loss: 0.0050, label: 0, bag_size: 2681
batch 399, loss: 0.0000, instance_loss: 0.0002, weighted_loss: 0.0001, label: 0, bag_size: 3857
batch 419, loss: 0.0001, instance_loss: 0.0000, weighted_loss: 0.0000, label: 0, bag_size: 1865
batch 439, loss: 0.0068, instance_loss: 0.0028, weighted_loss: 0.0056, label: 1, bag_size: 4492
batch 459, loss: 0.0024, instance_loss: 0.0000, weighted_loss: 0.0017, label: 1, bag_size: 4492
batch 479, loss: 0.0301, instance_loss: 0.0000, weighted_loss: 0.0210, label: 0, bag_size: 2559
batch 499, loss: 0.0001, instance_loss: 0.0000, weighted_loss: 0.0001, label: 0, bag_size: 3953
batch 519, loss: 0.0057, instance_loss: 0.0000, weighted_loss: 0.0040, label: 1, bag_size: 2671
batch 539, loss: 0.0042, instance_loss: 0.0000, weighted_loss: 0.0030, label: 1, bag_size: 13646
batch 559, loss: 0.0004, instance_loss: 0.0003, weighted_loss: 0.0004, label: 0, bag_size: 15853
batch 579, loss: 0.0009, instance_loss: 0.0015, weighted_loss: 0.0010, label: 0, bag_size: 1351
batch 599, loss: 0.0020, instance_loss: 0.0000, weighted_loss: 0.0014, label: 1, bag_size: 4365
batch 619, loss: 0.0013, instance_loss: 0.0000, weighted_loss: 0.0009, label: 1, bag_size: 13571
batch 639, loss: 0.0001, instance_loss: 0.0000, weighted_loss: 0.0001, label: 0, bag_size: 2465
batch 659, loss: 0.0015, instance_loss: 0.0000, weighted_loss: 0.0011, label: 1, bag_size: 22624
batch 679, loss: 0.0070, instance_loss: 0.0000, weighted_loss: 0.0049, label: 1, bag_size: 4365
batch 699, loss: 0.0006, instance_loss: 0.0000, weighted_loss: 0.0004, label: 0, bag_size: 19757
batch 719, loss: 0.0007, instance_loss: 0.0000, weighted_loss: 0.0005, label: 0, bag_size: 3166
batch 739, loss: 0.0030, instance_loss: 0.0000, weighted_loss: 0.0021, label: 1, bag_size: 14528
batch 759, loss: 0.0011, instance_loss: 0.0000, weighted_loss: 0.0008, label: 1, bag_size: 4276
batch 779, loss: 0.0028, instance_loss: 0.0025, weighted_loss: 0.0027, label: 0, bag_size: 5502
batch 799, loss: 0.0003, instance_loss: 0.0000, weighted_loss: 0.0002, label: 1, bag_size: 7733
batch 819, loss: 0.0000, instance_loss: 0.0006, weighted_loss: 0.0002, label: 1, bag_size: 3411
batch 839, loss: 0.0444, instance_loss: 0.0257, weighted_loss: 0.0388, label: 1, bag_size: 3628


class 0 clustering acc 1.0: correct 6872/6872
class 1 clustering acc 0.9998544819557625: correct 6871/6872
Epoch: 5, train_loss: 0.0388, train_clustering_loss:  0.0016, train_error: 0.0093
class 0: acc 0.985981308411215, correct 422/428
class 1: acc 0.9953596287703016, correct 429/431

Val Set, val_loss: 0.4814, val_error: 0.0731, auc: 0.5148
class 0 clustering acc 1.0: correct 1752/1752
class 1 clustering acc 1.0: correct 1752/1752
class 0: acc 0.9665071770334929, correct 202/209
class 1: acc 0.1, correct 1/10
EarlyStopping counter: 4 out of 10


batch 19, loss: 0.0104, instance_loss: 0.0147, weighted_loss: 0.0117, label: 1, bag_size: 3628
batch 39, loss: 0.0001, instance_loss: 0.0003, weighted_loss: 0.0002, label: 0, bag_size: 1868
batch 59, loss: 0.0000, instance_loss: 0.0000, weighted_loss: 0.0000, label: 0, bag_size: 18734
batch 79, loss: 0.0000, instance_loss: 0.0000, weighted_loss: 0.0000, label: 0, bag_size: 13140
batch 99, loss: 0.0000, instance_loss: 0.0000, weighted_loss: 0.0000, label: 0, bag_size: 5444
batch 119, loss: 0.0001, instance_loss: 0.0043, weighted_loss: 0.0013, label: 0, bag_size: 6432
batch 139, loss: 0.0025, instance_loss: 0.0000, weighted_loss: 0.0017, label: 0, bag_size: 15923
batch 159, loss: 0.0022, instance_loss: 0.0000, weighted_loss: 0.0015, label: 0, bag_size: 3166
batch 179, loss: 0.0017, instance_loss: 0.0000, weighted_loss: 0.0012, label: 1, bag_size: 13646
batch 199, loss: 0.0033, instance_loss: 0.0024, weighted_loss: 0.0030, label: 1, bag_size: 2853
batch 219, loss: 0.0000, instance_loss: 0.0000, weighted_loss: 0.0000, label: 0, bag_size: 4088
batch 239, loss: 0.0094, instance_loss: 0.0000, weighted_loss: 0.0066, label: 0, bag_size: 6032
batch 259, loss: 0.0000, instance_loss: 0.0000, weighted_loss: 0.0000, label: 0, bag_size: 2405
batch 279, loss: 0.0000, instance_loss: 0.0000, weighted_loss: 0.0000, label: 0, bag_size: 15501
batch 299, loss: 0.0005, instance_loss: 0.0006, weighted_loss: 0.0006, label: 1, bag_size: 4492
batch 319, loss: 0.0045, instance_loss: 0.0003, weighted_loss: 0.0033, label: 0, bag_size: 1333
batch 339, loss: 0.0000, instance_loss: 0.0002, weighted_loss: 0.0001, label: 1, bag_size: 9833
batch 359, loss: 0.0037, instance_loss: 0.0027, weighted_loss: 0.0034, label: 0, bag_size: 1317
batch 379, loss: 0.0015, instance_loss: 0.0000, weighted_loss: 0.0010, label: 1, bag_size: 14528
batch 399, loss: 0.0252, instance_loss: 0.0000, weighted_loss: 0.0176, label: 1, bag_size: 22399
batch 419, loss: 0.0022, instance_loss: 0.0013, weighted_loss: 0.0019, label: 1, bag_size: 4492
batch 439, loss: 0.0005, instance_loss: 0.0000, weighted_loss: 0.0004, label: 1, bag_size: 13571
batch 459, loss: 0.0002, instance_loss: 0.0004, weighted_loss: 0.0002, label: 1, bag_size: 4563
batch 479, loss: 0.0000, instance_loss: 0.0000, weighted_loss: 0.0000, label: 1, bag_size: 7733
batch 499, loss: 0.0012, instance_loss: 0.0092, weighted_loss: 0.0036, label: 1, bag_size: 3628
batch 519, loss: 0.0000, instance_loss: 0.0000, weighted_loss: 0.0000, label: 0, bag_size: 6240
batch 539, loss: 0.0000, instance_loss: 0.0004, weighted_loss: 0.0001, label: 0, bag_size: 18734
batch 559, loss: 0.0000, instance_loss: 0.0004, weighted_loss: 0.0001, label: 0, bag_size: 13522
batch 579, loss: 0.0003, instance_loss: 0.0003, weighted_loss: 0.0003, label: 1, bag_size: 4492
batch 599, loss: 0.0002, instance_loss: 0.0062, weighted_loss: 0.0020, label: 1, bag_size: 6023
batch 619, loss: 0.0000, instance_loss: 0.0000, weighted_loss: 0.0000, label: 0, bag_size: 6185
batch 639, loss: 0.0001, instance_loss: 0.0000, weighted_loss: 0.0001, label: 0, bag_size: 1227
batch 659, loss: 0.0000, instance_loss: 0.0000, weighted_loss: 0.0000, label: 0, bag_size: 7540
batch 679, loss: 0.0002, instance_loss: 0.0002, weighted_loss: 0.0002, label: 0, bag_size: 9548
batch 699, loss: 0.0021, instance_loss: 0.0000, weighted_loss: 0.0015, label: 1, bag_size: 4516
batch 719, loss: 0.0003, instance_loss: 0.0000, weighted_loss: 0.0002, label: 0, bag_size: 5615
batch 739, loss: 0.0046, instance_loss: 0.0000, weighted_loss: 0.0032, label: 1, bag_size: 16197
batch 759, loss: 0.0006, instance_loss: 0.0054, weighted_loss: 0.0020, label: 0, bag_size: 3899
batch 779, loss: 2.4158, instance_loss: 0.0000, weighted_loss: 1.6910, label: 1, bag_size: 13571
batch 799, loss: 0.0011, instance_loss: 0.0000, weighted_loss: 0.0008, label: 0, bag_size: 10417
batch 819, loss: 0.0000, instance_loss: 0.0000, weighted_loss: 0.0000, label: 0, bag_size: 4615
batch 839, loss: 0.0009, instance_loss: 0.0000, weighted_loss: 0.0006, label: 0, bag_size: 6712


class 0 clustering acc 0.9989813736903376: correct 6865/6872
class 1 clustering acc 0.9985448195576252: correct 6862/6872
Epoch: 6, train_loss: 0.0474, train_clustering_loss:  0.0053, train_error: 0.0105
class 0: acc 0.9931972789115646, correct 438/441
class 1: acc 0.9856459330143541, correct 412/418

Val Set, val_loss: 0.4798, val_error: 0.0868, auc: 0.4392
class 0 clustering acc 1.0: correct 1752/1752
class 1 clustering acc 0.9960045662100456: correct 1745/1752
class 0: acc 0.9521531100478469, correct 199/209
class 1: acc 0.1, correct 1/10
EarlyStopping counter: 5 out of 10


batch 19, loss: 0.0006, instance_loss: 0.0000, weighted_loss: 0.0004, label: 1, bag_size: 9833
batch 39, loss: 0.0036, instance_loss: 0.0012, weighted_loss: 0.0029, label: 0, bag_size: 5238
batch 59, loss: 0.0081, instance_loss: 0.0000, weighted_loss: 0.0057, label: 1, bag_size: 3621
batch 79, loss: 0.0219, instance_loss: 0.0977, weighted_loss: 0.0446, label: 1, bag_size: 22042
batch 99, loss: 0.0037, instance_loss: 0.0009, weighted_loss: 0.0028, label: 1, bag_size: 13646
batch 119, loss: 0.0568, instance_loss: 0.0000, weighted_loss: 0.0397, label: 0, bag_size: 7924
batch 139, loss: 0.0211, instance_loss: 0.0014, weighted_loss: 0.0152, label: 0, bag_size: 2505
batch 159, loss: 0.0287, instance_loss: 0.0000, weighted_loss: 0.0201, label: 1, bag_size: 5082
batch 179, loss: 0.0002, instance_loss: 0.0002, weighted_loss: 0.0002, label: 1, bag_size: 9833
batch 199, loss: 0.0040, instance_loss: 0.0028, weighted_loss: 0.0036, label: 1, bag_size: 14763
batch 219, loss: 0.0008, instance_loss: 0.0000, weighted_loss: 0.0006, label: 1, bag_size: 2853
batch 239, loss: 0.0017, instance_loss: 0.0000, weighted_loss: 0.0012, label: 1, bag_size: 3354
batch 259, loss: 0.0007, instance_loss: 0.0046, weighted_loss: 0.0019, label: 1, bag_size: 4365
batch 279, loss: 0.0019, instance_loss: 0.0010, weighted_loss: 0.0016, label: 1, bag_size: 18621
batch 299, loss: 0.0093, instance_loss: 0.0036, weighted_loss: 0.0076, label: 1, bag_size: 14528
batch 319, loss: 0.0005, instance_loss: 0.0000, weighted_loss: 0.0004, label: 0, bag_size: 8101
batch 339, loss: 0.0176, instance_loss: 0.0007, weighted_loss: 0.0125, label: 1, bag_size: 2671
batch 359, loss: 0.0000, instance_loss: 0.0000, weighted_loss: 0.0000, label: 0, bag_size: 6778
batch 379, loss: 0.0000, instance_loss: 0.0000, weighted_loss: 0.0000, label: 0, bag_size: 4823
batch 399, loss: 0.0004, instance_loss: 0.0000, weighted_loss: 0.0003, label: 0, bag_size: 3490
batch 419, loss: 0.0359, instance_loss: 0.0000, weighted_loss: 0.0251, label: 1, bag_size: 6023
batch 439, loss: 0.0036, instance_loss: 0.0000, weighted_loss: 0.0025, label: 1, bag_size: 7733
batch 459, loss: 0.0000, instance_loss: 0.0029, weighted_loss: 0.0009, label: 0, bag_size: 6432
batch 479, loss: 0.0041, instance_loss: 0.0000, weighted_loss: 0.0029, label: 1, bag_size: 4276
batch 499, loss: 0.0000, instance_loss: 0.3376, weighted_loss: 0.1013, label: 1, bag_size: 3411
batch 519, loss: 0.0015, instance_loss: 0.0000, weighted_loss: 0.0011, label: 0, bag_size: 7017
batch 539, loss: 0.3084, instance_loss: 0.0020, weighted_loss: 0.2165, label: 0, bag_size: 2674
batch 559, loss: 0.0019, instance_loss: 0.0006, weighted_loss: 0.0015, label: 1, bag_size: 3024
batch 579, loss: 0.0020, instance_loss: 0.0000, weighted_loss: 0.0014, label: 0, bag_size: 10277
batch 599, loss: 0.0019, instance_loss: 0.0057, weighted_loss: 0.0030, label: 1, bag_size: 12989
batch 619, loss: 0.0000, instance_loss: 0.0002, weighted_loss: 0.0001, label: 1, bag_size: 9833
batch 639, loss: 0.0002, instance_loss: 0.0000, weighted_loss: 0.0002, label: 1, bag_size: 5137
batch 659, loss: 0.0038, instance_loss: 0.0002, weighted_loss: 0.0027, label: 1, bag_size: 3628
batch 679, loss: 0.0000, instance_loss: 0.0000, weighted_loss: 0.0000, label: 0, bag_size: 16640
batch 699, loss: 0.0025, instance_loss: 0.0000, weighted_loss: 0.0018, label: 1, bag_size: 5828
batch 719, loss: 0.0005, instance_loss: 0.0000, weighted_loss: 0.0003, label: 0, bag_size: 1517
batch 739, loss: 0.0000, instance_loss: 0.0000, weighted_loss: 0.0000, label: 0, bag_size: 16737
batch 759, loss: 0.0007, instance_loss: 0.0000, weighted_loss: 0.0005, label: 1, bag_size: 5137
batch 779, loss: 0.0014, instance_loss: 0.0081, weighted_loss: 0.0034, label: 0, bag_size: 10553
batch 799, loss: 0.0060, instance_loss: 0.0004, weighted_loss: 0.0044, label: 1, bag_size: 22399
batch 819, loss: 0.0067, instance_loss: 0.0013, weighted_loss: 0.0051, label: 1, bag_size: 14318
batch 839, loss: 0.0001, instance_loss: 0.0000, weighted_loss: 0.0001, label: 0, bag_size: 8616


class 0 clustering acc 0.9988358556461001: correct 6864/6872
class 1 clustering acc 0.995197904540163: correct 6839/6872
Epoch: 7, train_loss: 0.0218, train_clustering_loss:  0.0144, train_error: 0.0058
class 0: acc 0.9907192575406032, correct 427/431
class 1: acc 0.9976635514018691, correct 427/428

Val Set, val_loss: 0.4738, val_error: 0.0639, auc: 0.4766
class 0 clustering acc 1.0: correct 1752/1752
class 1 clustering acc 0.9942922374429224: correct 1742/1752
class 0: acc 0.9760765550239234, correct 204/209
class 1: acc 0.1, correct 1/10
EarlyStopping counter: 6 out of 10


batch 19, loss: 0.0014, instance_loss: 0.0000, weighted_loss: 0.0010, label: 1, bag_size: 3621
batch 39, loss: 0.0009, instance_loss: 0.0011, weighted_loss: 0.0010, label: 1, bag_size: 4365
batch 59, loss: 0.0031, instance_loss: 0.0008, weighted_loss: 0.0024, label: 1, bag_size: 2644
batch 79, loss: 0.0017, instance_loss: 0.0000, weighted_loss: 0.0012, label: 1, bag_size: 14414
batch 99, loss: 0.0008, instance_loss: 0.0014, weighted_loss: 0.0009, label: 1, bag_size: 22624
batch 119, loss: 0.0000, instance_loss: 0.0000, weighted_loss: 0.0000, label: 0, bag_size: 4299
batch 139, loss: 0.0000, instance_loss: 0.0006, weighted_loss: 0.0002, label: 0, bag_size: 7048
batch 159, loss: 0.0001, instance_loss: 0.0000, weighted_loss: 0.0000, label: 0, bag_size: 1805
batch 179, loss: 0.0000, instance_loss: 0.0810, weighted_loss: 0.0243, label: 1, bag_size: 3411
batch 199, loss: 0.0060, instance_loss: 0.0000, weighted_loss: 0.0042, label: 1, bag_size: 3621
batch 219, loss: 0.0007, instance_loss: 0.0006, weighted_loss: 0.0007, label: 1, bag_size: 22042
batch 239, loss: 0.0000, instance_loss: 0.0000, weighted_loss: 0.0000, label: 0, bag_size: 6548
batch 259, loss: 0.0001, instance_loss: 0.0000, weighted_loss: 0.0001, label: 1, bag_size: 2637
batch 279, loss: 0.0019, instance_loss: 0.0000, weighted_loss: 0.0014, label: 1, bag_size: 5828
batch 299, loss: 0.0005, instance_loss: 0.0004, weighted_loss: 0.0005, label: 1, bag_size: 12989
batch 319, loss: 0.0000, instance_loss: 0.0268, weighted_loss: 0.0081, label: 1, bag_size: 4563
batch 339, loss: 0.0007, instance_loss: 0.0000, weighted_loss: 0.0005, label: 1, bag_size: 22624
batch 359, loss: 0.0001, instance_loss: 0.0000, weighted_loss: 0.0001, label: 1, bag_size: 2637
batch 379, loss: 0.0000, instance_loss: 0.0010, weighted_loss: 0.0003, label: 0, bag_size: 3360
batch 399, loss: 0.0000, instance_loss: 0.0000, weighted_loss: 0.0000, label: 0, bag_size: 1406
batch 419, loss: 0.0011, instance_loss: 0.0000, weighted_loss: 0.0008, label: 1, bag_size: 2853
batch 439, loss: 0.0006, instance_loss: 0.0015, weighted_loss: 0.0009, label: 1, bag_size: 18621
batch 459, loss: 0.0000, instance_loss: 0.0005, weighted_loss: 0.0002, label: 0, bag_size: 14672
batch 479, loss: 0.0005, instance_loss: 0.0000, weighted_loss: 0.0003, label: 1, bag_size: 22042
batch 499, loss: 0.0000, instance_loss: 0.0000, weighted_loss: 0.0000, label: 0, bag_size: 10540
batch 519, loss: 0.0000, instance_loss: 0.0000, weighted_loss: 0.0000, label: 0, bag_size: 2226
batch 539, loss: 0.0000, instance_loss: 0.0000, weighted_loss: 0.0000, label: 0, bag_size: 3360
batch 559, loss: 0.0004, instance_loss: 0.0000, weighted_loss: 0.0003, label: 0, bag_size: 14002
batch 579, loss: 0.0005, instance_loss: 0.0000, weighted_loss: 0.0004, label: 0, bag_size: 5740
batch 599, loss: 0.0032, instance_loss: 0.0000, weighted_loss: 0.0023, label: 1, bag_size: 3621
batch 619, loss: 0.0002, instance_loss: 0.0000, weighted_loss: 0.0002, label: 1, bag_size: 5137
batch 639, loss: 0.0001, instance_loss: 0.0000, weighted_loss: 0.0001, label: 1, bag_size: 3024
batch 659, loss: 0.0000, instance_loss: 0.0000, weighted_loss: 0.0000, label: 0, bag_size: 3528
batch 679, loss: 0.0002, instance_loss: 0.0025, weighted_loss: 0.0009, label: 1, bag_size: 13646
batch 699, loss: 0.0000, instance_loss: 0.0000, weighted_loss: 0.0000, label: 0, bag_size: 12177
batch 719, loss: 0.0041, instance_loss: 0.0000, weighted_loss: 0.0029, label: 1, bag_size: 3024
batch 739, loss: 0.0015, instance_loss: 0.0020, weighted_loss: 0.0017, label: 1, bag_size: 18621
batch 759, loss: 0.0005, instance_loss: 0.0000, weighted_loss: 0.0004, label: 0, bag_size: 4623
batch 779, loss: 0.0000, instance_loss: 0.0161, weighted_loss: 0.0048, label: 0, bag_size: 18278
batch 799, loss: 0.0006, instance_loss: 0.0000, weighted_loss: 0.0004, label: 1, bag_size: 22624
batch 819, loss: 0.0000, instance_loss: 0.0000, weighted_loss: 0.0000, label: 0, bag_size: 7720
batch 839, loss: 0.0000, instance_loss: 0.0000, weighted_loss: 0.0000, label: 0, bag_size: 2009


class 0 clustering acc 0.9997089639115251: correct 6870/6872
class 1 clustering acc 0.9985448195576252: correct 6862/6872
Epoch: 8, train_loss: 0.0035, train_clustering_loss:  0.0048, train_error: 0.0000
class 0: acc 1.0, correct 437/437
class 1: acc 1.0, correct 422/422

Val Set, val_loss: 0.5326, val_error: 0.0594, auc: 0.4646
class 0 clustering acc 0.9994292237442922: correct 1751/1752
class 1 clustering acc 1.0: correct 1752/1752
class 0: acc 0.9808612440191388, correct 205/209
class 1: acc 0.1, correct 1/10
EarlyStopping counter: 7 out of 10


batch 19, loss: 0.0000, instance_loss: 0.0000, weighted_loss: 0.0000, label: 0, bag_size: 4255
batch 39, loss: 0.0000, instance_loss: 0.0000, weighted_loss: 0.0000, label: 0, bag_size: 3709
batch 59, loss: 0.0000, instance_loss: 0.0000, weighted_loss: 0.0000, label: 1, bag_size: 7733
batch 79, loss: 0.0003, instance_loss: 0.0000, weighted_loss: 0.0002, label: 1, bag_size: 3628
batch 99, loss: 0.0002, instance_loss: 0.0007, weighted_loss: 0.0003, label: 1, bag_size: 6028
batch 119, loss: 0.0000, instance_loss: 0.0047, weighted_loss: 0.0014, label: 1, bag_size: 4563
batch 139, loss: 0.0009, instance_loss: 0.0000, weighted_loss: 0.0006, label: 1, bag_size: 6023
batch 159, loss: 0.0010, instance_loss: 0.0000, weighted_loss: 0.0007, label: 0, bag_size: 1414
batch 179, loss: 0.0000, instance_loss: 0.0000, weighted_loss: 0.0000, label: 0, bag_size: 2864
batch 199, loss: 0.0328, instance_loss: 0.0000, weighted_loss: 0.0229, label: 0, bag_size: 2553
batch 219, loss: 0.0000, instance_loss: 0.0000, weighted_loss: 0.0000, label: 0, bag_size: 6907
batch 239, loss: 0.0000, instance_loss: 0.0002, weighted_loss: 0.0001, label: 0, bag_size: 3305
batch 259, loss: 0.0000, instance_loss: 0.0000, weighted_loss: 0.0000, label: 1, bag_size: 14528
batch 279, loss: 0.0009, instance_loss: 0.0054, weighted_loss: 0.0023, label: 0, bag_size: 4811
batch 299, loss: 0.0000, instance_loss: 0.0000, weighted_loss: 0.0000, label: 0, bag_size: 2065
batch 319, loss: 0.0021, instance_loss: 0.0000, weighted_loss: 0.0015, label: 1, bag_size: 14763
batch 339, loss: 0.0003, instance_loss: 0.0000, weighted_loss: 0.0002, label: 1, bag_size: 15079
batch 359, loss: 0.0002, instance_loss: 0.0000, weighted_loss: 0.0001, label: 0, bag_size: 14950
batch 379, loss: 0.0194, instance_loss: 0.0000, weighted_loss: 0.0135, label: 1, bag_size: 13646
batch 399, loss: 0.0001, instance_loss: 0.0000, weighted_loss: 0.0000, label: 0, bag_size: 3205
batch 419, loss: 0.0000, instance_loss: 0.0000, weighted_loss: 0.0000, label: 0, bag_size: 1879
batch 439, loss: 0.0000, instance_loss: 0.0000, weighted_loss: 0.0000, label: 0, bag_size: 13140
batch 459, loss: 0.0021, instance_loss: 0.0000, weighted_loss: 0.0015, label: 1, bag_size: 22624
batch 479, loss: 0.0000, instance_loss: 0.0000, weighted_loss: 0.0000, label: 0, bag_size: 6185
batch 499, loss: 0.0000, instance_loss: 0.0000, weighted_loss: 0.0000, label: 0, bag_size: 8764
batch 519, loss: 0.0000, instance_loss: 0.0004, weighted_loss: 0.0001, label: 0, bag_size: 16888
batch 539, loss: 0.0015, instance_loss: 0.0007, weighted_loss: 0.0012, label: 1, bag_size: 4492
batch 559, loss: 0.0002, instance_loss: 0.0000, weighted_loss: 0.0001, label: 1, bag_size: 4276
batch 579, loss: 0.0001, instance_loss: 0.0004, weighted_loss: 0.0002, label: 1, bag_size: 18621
batch 599, loss: 0.0001, instance_loss: 0.0000, weighted_loss: 0.0001, label: 1, bag_size: 14763
batch 619, loss: 0.0000, instance_loss: 0.0000, weighted_loss: 0.0000, label: 0, bag_size: 8731
batch 639, loss: 0.0000, instance_loss: 0.0000, weighted_loss: 0.0000, label: 0, bag_size: 10474
batch 659, loss: 0.0005, instance_loss: 0.0002, weighted_loss: 0.0004, label: 1, bag_size: 2853
batch 679, loss: 0.0002, instance_loss: 0.0000, weighted_loss: 0.0001, label: 0, bag_size: 6548
batch 699, loss: 0.0035, instance_loss: 0.0000, weighted_loss: 0.0024, label: 1, bag_size: 22624
batch 719, loss: 0.0010, instance_loss: 0.0000, weighted_loss: 0.0007, label: 1, bag_size: 22624
batch 739, loss: 0.0000, instance_loss: 0.0000, weighted_loss: 0.0000, label: 1, bag_size: 9833
batch 759, loss: 0.0000, instance_loss: 0.0000, weighted_loss: 0.0000, label: 1, bag_size: 3354
batch 779, loss: 0.0024, instance_loss: 0.0003, weighted_loss: 0.0018, label: 0, bag_size: 18913
batch 799, loss: 0.0010, instance_loss: 0.0090, weighted_loss: 0.0034, label: 1, bag_size: 2644
batch 819, loss: 0.0000, instance_loss: 0.0174, weighted_loss: 0.0052, label: 1, bag_size: 3411
batch 839, loss: 0.0001, instance_loss: 0.0007, weighted_loss: 0.0003, label: 0, bag_size: 14017


class 0 clustering acc 0.9985448195576252: correct 6862/6872
class 1 clustering acc 0.9989813736903376: correct 6865/6872
Epoch: 9, train_loss: 0.0496, train_clustering_loss:  0.0061, train_error: 0.0105
class 0: acc 0.9879227053140096, correct 409/414
class 1: acc 0.9910112359550561, correct 441/445

Val Set, val_loss: 0.4647, val_error: 0.0822, auc: 0.6029
class 0 clustering acc 1.0: correct 1752/1752
class 1 clustering acc 0.9994292237442922: correct 1751/1752
class 0: acc 0.9569377990430622, correct 200/209
class 1: acc 0.1, correct 1/10
EarlyStopping counter: 8 out of 10


batch 19, loss: 0.0000, instance_loss: 0.0000, weighted_loss: 0.0000, label: 1, bag_size: 4492
batch 39, loss: 0.0000, instance_loss: 0.1024, weighted_loss: 0.0308, label: 1, bag_size: 2637
batch 59, loss: 0.0000, instance_loss: 0.0297, weighted_loss: 0.0089, label: 1, bag_size: 3411
batch 79, loss: 0.0000, instance_loss: 0.0002, weighted_loss: 0.0001, label: 0, bag_size: 13275
batch 99, loss: 0.0001, instance_loss: 0.0013, weighted_loss: 0.0005, label: 1, bag_size: 2637
batch 119, loss: 0.0016, instance_loss: 0.0009, weighted_loss: 0.0014, label: 1, bag_size: 13571
batch 139, loss: 0.1456, instance_loss: 0.0000, weighted_loss: 0.1019, label: 0, bag_size: 3345
batch 159, loss: 0.0064, instance_loss: 0.0053, weighted_loss: 0.0061, label: 0, bag_size: 1881
batch 179, loss: 0.0000, instance_loss: 0.0000, weighted_loss: 0.0000, label: 1, bag_size: 2637
batch 199, loss: 0.0041, instance_loss: 0.0003, weighted_loss: 0.0029, label: 1, bag_size: 3621
batch 219, loss: 0.0001, instance_loss: 0.0000, weighted_loss: 0.0001, label: 1, bag_size: 3628
batch 239, loss: 0.0012, instance_loss: 0.0009, weighted_loss: 0.0011, label: 0, bag_size: 21194
batch 259, loss: 0.0002, instance_loss: 0.0000, weighted_loss: 0.0001, label: 0, bag_size: 2328
batch 279, loss: 0.0025, instance_loss: 0.0000, weighted_loss: 0.0017, label: 1, bag_size: 22399
batch 299, loss: 0.0000, instance_loss: 0.0003, weighted_loss: 0.0001, label: 0, bag_size: 3702
batch 319, loss: 0.0000, instance_loss: 0.0031, weighted_loss: 0.0010, label: 1, bag_size: 2853
batch 339, loss: 0.0000, instance_loss: 0.0000, weighted_loss: 0.0000, label: 0, bag_size: 5466
batch 359, loss: 0.0006, instance_loss: 0.0000, weighted_loss: 0.0004, label: 0, bag_size: 6871
batch 379, loss: 0.0025, instance_loss: 0.0002, weighted_loss: 0.0018, label: 1, bag_size: 2644
batch 399, loss: 0.0009, instance_loss: 0.0000, weighted_loss: 0.0006, label: 0, bag_size: 13922
batch 419, loss: 0.0000, instance_loss: 0.0000, weighted_loss: 0.0000, label: 0, bag_size: 17684
batch 439, loss: 0.0004, instance_loss: 0.0008, weighted_loss: 0.0005, label: 0, bag_size: 17371
batch 459, loss: 0.0001, instance_loss: 0.0000, weighted_loss: 0.0001, label: 1, bag_size: 2853
batch 479, loss: 0.0156, instance_loss: 0.0000, weighted_loss: 0.0109, label: 1, bag_size: 4563
batch 499, loss: 0.0000, instance_loss: 0.0040, weighted_loss: 0.0012, label: 1, bag_size: 3411
batch 519, loss: 0.0015, instance_loss: 0.0000, weighted_loss: 0.0011, label: 1, bag_size: 5082
batch 539, loss: 0.0290, instance_loss: 0.0000, weighted_loss: 0.0203, label: 1, bag_size: 14414
batch 559, loss: 0.0010, instance_loss: 0.0000, weighted_loss: 0.0007, label: 1, bag_size: 14528
batch 579, loss: 0.0001, instance_loss: 0.0000, weighted_loss: 0.0001, label: 0, bag_size: 18985
batch 599, loss: 0.0002, instance_loss: 0.0003, weighted_loss: 0.0002, label: 0, bag_size: 4302
batch 619, loss: 0.2211, instance_loss: 0.0347, weighted_loss: 0.1652, label: 0, bag_size: 18256
batch 639, loss: 0.0000, instance_loss: 0.0000, weighted_loss: 0.0000, label: 1, bag_size: 9833
batch 659, loss: 0.0004, instance_loss: 0.0027, weighted_loss: 0.0011, label: 0, bag_size: 2212
batch 679, loss: 0.0000, instance_loss: 0.0000, weighted_loss: 0.0000, label: 0, bag_size: 12484
batch 699, loss: 0.0000, instance_loss: 0.0000, weighted_loss: 0.0000, label: 0, bag_size: 16508
batch 719, loss: 0.0006, instance_loss: 0.0000, weighted_loss: 0.0004, label: 0, bag_size: 1717
batch 739, loss: 0.0000, instance_loss: 0.0009, weighted_loss: 0.0003, label: 0, bag_size: 2247
batch 759, loss: 0.0002, instance_loss: 0.0000, weighted_loss: 0.0001, label: 0, bag_size: 6712
batch 779, loss: 0.0062, instance_loss: 0.0016, weighted_loss: 0.0048, label: 1, bag_size: 2671
batch 799, loss: 0.0041, instance_loss: 0.0011, weighted_loss: 0.0032, label: 1, bag_size: 4365
batch 819, loss: 4.0668, instance_loss: 0.0000, weighted_loss: 2.8468, label: 0, bag_size: 7261
batch 839, loss: 0.0000, instance_loss: 0.0000, weighted_loss: 0.0000, label: 0, bag_size: 15510


class 0 clustering acc 0.9991268917345751: correct 6866/6872
class 1 clustering acc 0.9991268917345751: correct 6866/6872
Epoch: 10, train_loss: 0.0353, train_clustering_loss:  0.0052, train_error: 0.0105
class 0: acc 0.9880668257756563, correct 414/419
class 1: acc 0.990909090909091, correct 436/440

Val Set, val_loss: 0.5199, val_error: 0.0502, auc: 0.5335
class 0 clustering acc 1.0: correct 1752/1752
class 1 clustering acc 0.997716894977169: correct 1748/1752
class 0: acc 0.9952153110047847, correct 208/209
class 1: acc 0.0, correct 0/10
EarlyStopping counter: 9 out of 10


batch 19, loss: 0.0000, instance_loss: 0.0000, weighted_loss: 0.0000, label: 0, bag_size: 7445
batch 39, loss: 0.0004, instance_loss: 0.0000, weighted_loss: 0.0003, label: 0, bag_size: 8616
batch 59, loss: 0.0000, instance_loss: 0.0016, weighted_loss: 0.0005, label: 0, bag_size: 18734
batch 79, loss: 0.0000, instance_loss: 0.0000, weighted_loss: 0.0000, label: 1, bag_size: 6023
batch 99, loss: 0.0001, instance_loss: 0.0222, weighted_loss: 0.0067, label: 0, bag_size: 4404
batch 119, loss: 0.0009, instance_loss: 0.0006, weighted_loss: 0.0008, label: 1, bag_size: 4365
batch 139, loss: 0.0090, instance_loss: 0.0602, weighted_loss: 0.0243, label: 1, bag_size: 22042
batch 159, loss: 0.0039, instance_loss: 0.0000, weighted_loss: 0.0027, label: 1, bag_size: 14528
batch 179, loss: 0.0052, instance_loss: 0.0019, weighted_loss: 0.0043, label: 1, bag_size: 2644
batch 199, loss: 0.0007, instance_loss: 0.0000, weighted_loss: 0.0005, label: 1, bag_size: 4492
batch 219, loss: 0.0000, instance_loss: 0.0032, weighted_loss: 0.0010, label: 0, bag_size: 2376
batch 239, loss: 0.0013, instance_loss: 0.0000, weighted_loss: 0.0009, label: 1, bag_size: 5828
batch 259, loss: 0.0000, instance_loss: 0.0013, weighted_loss: 0.0004, label: 0, bag_size: 15634
batch 279, loss: 0.0028, instance_loss: 0.0000, weighted_loss: 0.0020, label: 1, bag_size: 9833
batch 299, loss: 0.0154, instance_loss: 0.0002, weighted_loss: 0.0108, label: 0, bag_size: 3345
batch 319, loss: 0.0000, instance_loss: 0.0000, weighted_loss: 0.0000, label: 0, bag_size: 9759
batch 339, loss: 0.0033, instance_loss: 0.0005, weighted_loss: 0.0025, label: 0, bag_size: 16133
batch 359, loss: 0.0000, instance_loss: 0.0002, weighted_loss: 0.0001, label: 0, bag_size: 18154
batch 379, loss: 0.0000, instance_loss: 0.0003, weighted_loss: 0.0001, label: 0, bag_size: 17334
batch 399, loss: 0.0004, instance_loss: 0.0000, weighted_loss: 0.0003, label: 1, bag_size: 3621
batch 419, loss: 0.0135, instance_loss: 0.0000, weighted_loss: 0.0095, label: 1, bag_size: 14318
batch 439, loss: 0.0000, instance_loss: 0.0495, weighted_loss: 0.0148, label: 0, bag_size: 13124
batch 459, loss: 0.0014, instance_loss: 0.0000, weighted_loss: 0.0010, label: 1, bag_size: 13571
batch 479, loss: 0.0000, instance_loss: 0.0000, weighted_loss: 0.0000, label: 0, bag_size: 16350
batch 499, loss: 0.0027, instance_loss: 0.0021, weighted_loss: 0.0025, label: 0, bag_size: 17340
batch 519, loss: 0.0001, instance_loss: 0.0000, weighted_loss: 0.0001, label: 1, bag_size: 5828
batch 539, loss: 0.0001, instance_loss: 0.0000, weighted_loss: 0.0000, label: 0, bag_size: 13407
batch 559, loss: 0.0029, instance_loss: 0.0000, weighted_loss: 0.0020, label: 0, bag_size: 14591
batch 579, loss: 0.0043, instance_loss: 0.0012, weighted_loss: 0.0034, label: 0, bag_size: 4197
batch 599, loss: 0.0004, instance_loss: 0.0000, weighted_loss: 0.0003, label: 1, bag_size: 12989
batch 619, loss: 0.0058, instance_loss: 0.0023, weighted_loss: 0.0047, label: 1, bag_size: 2644
batch 639, loss: 0.0007, instance_loss: 0.0002, weighted_loss: 0.0005, label: 1, bag_size: 16197
batch 659, loss: 0.0089, instance_loss: 0.0011, weighted_loss: 0.0066, label: 1, bag_size: 2644
batch 679, loss: 0.0000, instance_loss: 0.0000, weighted_loss: 0.0000, label: 0, bag_size: 10176
batch 699, loss: 0.0000, instance_loss: 0.0000, weighted_loss: 0.0000, label: 0, bag_size: 9717
batch 719, loss: 0.0001, instance_loss: 0.0000, weighted_loss: 0.0000, label: 0, bag_size: 15853
batch 739, loss: 0.0002, instance_loss: 0.0147, weighted_loss: 0.0045, label: 1, bag_size: 1140
batch 759, loss: 0.2642, instance_loss: 0.0000, weighted_loss: 0.1850, label: 0, bag_size: 6019
batch 779, loss: 2.7272, instance_loss: 0.0570, weighted_loss: 1.9261, label: 0, bag_size: 1351
batch 799, loss: 0.0007, instance_loss: 0.0030, weighted_loss: 0.0014, label: 0, bag_size: 17048
batch 819, loss: 0.0185, instance_loss: 0.0000, weighted_loss: 0.0130, label: 1, bag_size: 4516
batch 839, loss: 0.0089, instance_loss: 0.0059, weighted_loss: 0.0080, label: 1, bag_size: 16197


class 0 clustering acc 0.9997089639115251: correct 6870/6872
class 1 clustering acc 0.9986903376018627: correct 6863/6872
Epoch: 11, train_loss: 0.0208, train_clustering_loss:  0.0067, train_error: 0.0081
class 0: acc 0.9932279909706546, correct 440/443
class 1: acc 0.9903846153846154, correct 412/416

Val Set, val_loss: 0.5621, val_error: 0.0639, auc: 0.5268
class 0 clustering acc 1.0: correct 1752/1752
class 1 clustering acc 1.0: correct 1752/1752
class 0: acc 0.9760765550239234, correct 204/209
class 1: acc 0.1, correct 1/10
EarlyStopping counter: 10 out of 10
Early stopping
Val error: 0.1416, ROC AUC: 0.4321
CV validation error: 0.1416, ROC AUC: 0.4321
class 0: acc 0.8947368421052632, correct 187/209
class 1: acc 0.1, correct 1/10
Future event metrics: {"fold": 3, "events": 102, "positive_events": 4, "event_average_precision": 0.04549292142093618, "event_roc_auc": 0.39285714285714285, "event_brier": 0.10861264778902482, "aggregation": "mean probability across all included stains/slides of same patient/anchor date", "exploratory_cv_not_independent_final_test": true}
HE augmentation: {"fold": 4, "seed": 1, "train_slides": 876, "eligible_he_train": 58, "unchanged_train": 818, "policy": "geometry", "total_views": 2, "he_original_probability": 0.5, "view_seed": 20661939, "val_test_original_only": true, "split_sha256": "4e55e30fd9ed6bd6f2584f40421862077b3104c9abe0cae3f1bfdeea85e9416e", "validation_used_for_checkpoint_selection": true, "independent_final_test": false}

Training Fold 4!

Init train/val/test splits... 
Done!
Training on 876 samples
Validating on 202 samples
Testing on 0 samples

Init loss function... Done!

Init Model... Setting tau to 1.0
Done!
CLAM_SB(
  (attention_net): Sequential(
    (0): Linear(in_features=1536, out_features=512, bias=True)
    (1): ReLU()
    (2): Dropout(p=0.25, inplace=False)
    (3): Attn_Net_Gated(
      (attention_a): Sequential(
        (0): Linear(in_features=512, out_features=256, bias=True)
        (1): Tanh()
        (2): Dropout(p=0.25, inplace=False)
      )
      (attention_b): Sequential(
        (0): Linear(in_features=512, out_features=256, bias=True)
        (1): Sigmoid()
        (2): Dropout(p=0.25, inplace=False)
      )
      (attention_c): Linear(in_features=256, out_features=1, bias=True)
    )
  )
  (classifiers): Linear(in_features=512, out_features=2, bias=True)
  (instance_classifiers): ModuleList(
    (0-1): 2 x Linear(in_features=512, out_features=2, bias=True)
  )
  (instance_loss_fn): SmoothTop1SVM()
)
Total number of parameters: 1052935
Total number of trainable parameters: 1052935

Init optimizer ... Done!

Init Loaders... Done!

Setup EarlyStopping... Done!


batch 19, loss: 0.5468, instance_loss: 0.6318, weighted_loss: 0.5723, label: 0, bag_size: 18243
batch 39, loss: 0.5015, instance_loss: 1.1825, weighted_loss: 0.7058, label: 0, bag_size: 3550
batch 59, loss: 0.4371, instance_loss: 0.5854, weighted_loss: 0.4816, label: 0, bag_size: 4062
batch 79, loss: 0.9868, instance_loss: 0.2967, weighted_loss: 0.7797, label: 0, bag_size: 5128
batch 99, loss: 0.1909, instance_loss: 0.4785, weighted_loss: 0.2772, label: 0, bag_size: 2681
batch 119, loss: 0.4533, instance_loss: 0.6876, weighted_loss: 0.5236, label: 1, bag_size: 4563
batch 139, loss: 0.7610, instance_loss: 0.0729, weighted_loss: 0.5546, label: 0, bag_size: 1858
batch 159, loss: 0.4520, instance_loss: 1.2447, weighted_loss: 0.6898, label: 1, bag_size: 16197
batch 179, loss: 0.2773, instance_loss: 1.2525, weighted_loss: 0.5699, label: 1, bag_size: 5906
batch 199, loss: 0.5721, instance_loss: 0.0622, weighted_loss: 0.4191, label: 1, bag_size: 4492
batch 219, loss: 0.6482, instance_loss: 0.0220, weighted_loss: 0.4604, label: 0, bag_size: 3681
batch 239, loss: 1.0029, instance_loss: 0.1878, weighted_loss: 0.7584, label: 1, bag_size: 2637
batch 259, loss: 0.8184, instance_loss: 0.1195, weighted_loss: 0.6087, label: 1, bag_size: 10371
batch 279, loss: 0.4972, instance_loss: 0.0628, weighted_loss: 0.3669, label: 1, bag_size: 5828
batch 299, loss: 0.2281, instance_loss: 0.2685, weighted_loss: 0.2402, label: 1, bag_size: 2671
batch 319, loss: 0.5509, instance_loss: 0.0315, weighted_loss: 0.3951, label: 0, bag_size: 3727
batch 339, loss: 0.4603, instance_loss: 0.0780, weighted_loss: 0.3456, label: 1, bag_size: 2671
batch 359, loss: 0.3420, instance_loss: 0.1017, weighted_loss: 0.2699, label: 1, bag_size: 16197
batch 379, loss: 1.0966, instance_loss: 0.0168, weighted_loss: 0.7727, label: 1, bag_size: 3024
batch 399, loss: 0.6242, instance_loss: 0.0095, weighted_loss: 0.4398, label: 0, bag_size: 6129
batch 419, loss: 0.7259, instance_loss: 0.0063, weighted_loss: 0.5100, label: 1, bag_size: 6023
batch 439, loss: 0.2631, instance_loss: 0.0061, weighted_loss: 0.1860, label: 0, bag_size: 3130
batch 459, loss: 1.1021, instance_loss: 0.0110, weighted_loss: 0.7748, label: 0, bag_size: 1964
batch 479, loss: 0.5926, instance_loss: 0.1775, weighted_loss: 0.4681, label: 1, bag_size: 4365
batch 499, loss: 0.2070, instance_loss: 0.1045, weighted_loss: 0.1762, label: 1, bag_size: 5956
batch 519, loss: 0.5041, instance_loss: 0.0060, weighted_loss: 0.3547, label: 0, bag_size: 3607
batch 539, loss: 0.7331, instance_loss: 0.0003, weighted_loss: 0.5132, label: 0, bag_size: 1517
batch 559, loss: 0.7661, instance_loss: 0.1332, weighted_loss: 0.5763, label: 0, bag_size: 2061
batch 579, loss: 0.1161, instance_loss: 0.0393, weighted_loss: 0.0931, label: 1, bag_size: 5906
batch 599, loss: 0.2496, instance_loss: 0.0166, weighted_loss: 0.1797, label: 1, bag_size: 4563
batch 619, loss: 0.7957, instance_loss: 0.0095, weighted_loss: 0.5598, label: 1, bag_size: 10371
batch 639, loss: 0.0043, instance_loss: 0.0281, weighted_loss: 0.0114, label: 1, bag_size: 2644
batch 659, loss: 0.0817, instance_loss: 0.0154, weighted_loss: 0.0618, label: 1, bag_size: 6344
batch 679, loss: 0.3367, instance_loss: 0.0053, weighted_loss: 0.2373, label: 1, bag_size: 3628
batch 699, loss: 1.0638, instance_loss: 0.0028, weighted_loss: 0.7455, label: 0, bag_size: 2573
batch 719, loss: 0.0946, instance_loss: 0.0100, weighted_loss: 0.0692, label: 0, bag_size: 18052
batch 739, loss: 1.0315, instance_loss: 0.0078, weighted_loss: 0.7244, label: 0, bag_size: 12239
batch 759, loss: 0.2107, instance_loss: 0.0471, weighted_loss: 0.1616, label: 1, bag_size: 14318
batch 779, loss: 0.7123, instance_loss: 0.0015, weighted_loss: 0.4990, label: 1, bag_size: 7879
batch 799, loss: 0.0651, instance_loss: 0.0202, weighted_loss: 0.0516, label: 0, bag_size: 5204
batch 819, loss: 0.0295, instance_loss: 0.0092, weighted_loss: 0.0234, label: 0, bag_size: 5204
batch 839, loss: 0.7480, instance_loss: 0.0614, weighted_loss: 0.5420, label: 0, bag_size: 14968
batch 859, loss: 1.1192, instance_loss: 0.0019, weighted_loss: 0.7840, label: 0, bag_size: 1333


class 0 clustering acc 0.9307933789954338: correct 6523/7008
class 1 clustering acc 0.9694634703196348: correct 6794/7008
Epoch: 0, train_loss: 0.5860, train_clustering_loss:  0.2544, train_error: 0.3345
class 0: acc 0.7, correct 308/440
class 1: acc 0.6307339449541285, correct 275/436

Val Set, val_loss: 0.6639, val_error: 0.2822, auc: 0.6205
class 0 clustering acc 1.0: correct 1616/1616
class 1 clustering acc 1.0: correct 1616/1616
class 0: acc 0.7282051282051282, correct 142/195
class 1: acc 0.42857142857142855, correct 3/7
Validation loss decreased (inf --> 0.663950).  Saving model ...


batch 19, loss: 0.0215, instance_loss: 0.0084, weighted_loss: 0.0176, label: 1, bag_size: 5906
batch 39, loss: 0.3056, instance_loss: 0.0002, weighted_loss: 0.2140, label: 0, bag_size: 2984
batch 59, loss: 0.2458, instance_loss: 0.0023, weighted_loss: 0.1727, label: 0, bag_size: 2586
batch 79, loss: 0.2109, instance_loss: 0.0307, weighted_loss: 0.1569, label: 0, bag_size: 14779
batch 99, loss: 0.0285, instance_loss: 0.0034, weighted_loss: 0.0210, label: 0, bag_size: 25328
batch 119, loss: 0.1260, instance_loss: 0.0080, weighted_loss: 0.0906, label: 1, bag_size: 4563
batch 139, loss: 0.0564, instance_loss: 0.0012, weighted_loss: 0.0398, label: 1, bag_size: 4276
batch 159, loss: 3.6884, instance_loss: 0.0815, weighted_loss: 2.6063, label: 0, bag_size: 1561
batch 179, loss: 0.0945, instance_loss: 0.0004, weighted_loss: 0.0663, label: 0, bag_size: 3983
batch 199, loss: 0.4232, instance_loss: 0.0060, weighted_loss: 0.2981, label: 0, bag_size: 15340
batch 219, loss: 0.0193, instance_loss: 0.0040, weighted_loss: 0.0147, label: 1, bag_size: 2644
batch 239, loss: 0.4906, instance_loss: 0.0008, weighted_loss: 0.3436, label: 1, bag_size: 6812
batch 259, loss: 1.4702, instance_loss: 0.0031, weighted_loss: 1.0301, label: 1, bag_size: 9833
batch 279, loss: 0.4121, instance_loss: 0.0002, weighted_loss: 0.2886, label: 1, bag_size: 5082
batch 299, loss: 0.0288, instance_loss: 0.0526, weighted_loss: 0.0359, label: 0, bag_size: 4919
batch 319, loss: 0.7002, instance_loss: 0.0000, weighted_loss: 0.4901, label: 0, bag_size: 5169
batch 339, loss: 0.2180, instance_loss: 0.0258, weighted_loss: 0.1603, label: 1, bag_size: 6028
batch 359, loss: 0.2081, instance_loss: 0.0029, weighted_loss: 0.1465, label: 0, bag_size: 15853
batch 379, loss: 0.1969, instance_loss: 0.0218, weighted_loss: 0.1443, label: 0, bag_size: 5599
batch 399, loss: 1.1741, instance_loss: 0.0191, weighted_loss: 0.8276, label: 1, bag_size: 22624
batch 419, loss: 0.6602, instance_loss: 0.0047, weighted_loss: 0.4636, label: 0, bag_size: 2280
batch 439, loss: 0.2333, instance_loss: 0.0013, weighted_loss: 0.1637, label: 1, bag_size: 3621
batch 459, loss: 0.1942, instance_loss: 0.0043, weighted_loss: 0.1372, label: 1, bag_size: 6028
batch 479, loss: 0.0027, instance_loss: 0.0011, weighted_loss: 0.0022, label: 0, bag_size: 13770
batch 499, loss: 0.1126, instance_loss: 0.0060, weighted_loss: 0.0806, label: 1, bag_size: 3024
batch 519, loss: 1.0105, instance_loss: 0.0013, weighted_loss: 0.7077, label: 0, bag_size: 6675
batch 539, loss: 0.3558, instance_loss: 0.0040, weighted_loss: 0.2503, label: 1, bag_size: 3024
batch 559, loss: 0.6669, instance_loss: 0.0021, weighted_loss: 0.4674, label: 0, bag_size: 1404
batch 579, loss: 1.3182, instance_loss: 0.0005, weighted_loss: 0.9229, label: 0, bag_size: 4569
batch 599, loss: 0.0302, instance_loss: 0.0057, weighted_loss: 0.0229, label: 0, bag_size: 15521
batch 619, loss: 0.0125, instance_loss: 0.0056, weighted_loss: 0.0104, label: 1, bag_size: 2644
batch 639, loss: 0.0227, instance_loss: 0.0031, weighted_loss: 0.0168, label: 1, bag_size: 21952
batch 659, loss: 0.0610, instance_loss: 0.0005, weighted_loss: 0.0429, label: 0, bag_size: 8101
batch 679, loss: 0.3361, instance_loss: 0.0000, weighted_loss: 0.2353, label: 1, bag_size: 5828
batch 699, loss: 0.0528, instance_loss: 0.0005, weighted_loss: 0.0371, label: 0, bag_size: 4088
batch 719, loss: 0.0137, instance_loss: 0.0061, weighted_loss: 0.0114, label: 1, bag_size: 22871
batch 739, loss: 0.0124, instance_loss: 0.0009, weighted_loss: 0.0089, label: 0, bag_size: 3166
batch 759, loss: 0.0054, instance_loss: 0.0003, weighted_loss: 0.0039, label: 1, bag_size: 22042
batch 779, loss: 3.2795, instance_loss: 0.0210, weighted_loss: 2.3020, label: 0, bag_size: 1561
batch 799, loss: 0.0027, instance_loss: 0.0113, weighted_loss: 0.0053, label: 0, bag_size: 18625
batch 819, loss: 0.1208, instance_loss: 0.0000, weighted_loss: 0.0846, label: 0, bag_size: 2732
batch 839, loss: 0.0005, instance_loss: 0.0006, weighted_loss: 0.0005, label: 0, bag_size: 1517
batch 859, loss: 0.0445, instance_loss: 0.0002, weighted_loss: 0.0312, label: 1, bag_size: 5082


class 0 clustering acc 0.9988584474885844: correct 7000/7008
class 1 clustering acc 0.9997146118721462: correct 7006/7008
Epoch: 1, train_loss: 0.3455, train_clustering_loss:  0.0095, train_error: 0.1587
class 0: acc 0.8470319634703196, correct 371/438
class 1: acc 0.8356164383561644, correct 366/438

Val Set, val_loss: 0.3421, val_error: 0.1139, auc: 0.5473
class 0 clustering acc 1.0: correct 1616/1616
class 1 clustering acc 1.0: correct 1616/1616
class 0: acc 0.9128205128205128, correct 178/195
class 1: acc 0.14285714285714285, correct 1/7
Validation loss decreased (0.663950 --> 0.342138).  Saving model ...


batch 19, loss: 0.0163, instance_loss: 0.0023, weighted_loss: 0.0121, label: 1, bag_size: 2644
batch 39, loss: 0.0493, instance_loss: 0.0000, weighted_loss: 0.0345, label: 1, bag_size: 10371
batch 59, loss: 0.0020, instance_loss: 0.0004, weighted_loss: 0.0015, label: 0, bag_size: 5315
batch 79, loss: 0.0289, instance_loss: 0.0010, weighted_loss: 0.0206, label: 0, bag_size: 3400
batch 99, loss: 0.0293, instance_loss: 0.0029, weighted_loss: 0.0214, label: 0, bag_size: 7586
batch 119, loss: 0.1695, instance_loss: 0.0004, weighted_loss: 0.1188, label: 0, bag_size: 8075
batch 139, loss: 0.0233, instance_loss: 0.0008, weighted_loss: 0.0165, label: 1, bag_size: 5137
batch 159, loss: 0.0306, instance_loss: 0.0027, weighted_loss: 0.0222, label: 1, bag_size: 5906
batch 179, loss: 3.0641, instance_loss: 0.0000, weighted_loss: 2.1449, label: 0, bag_size: 11456
batch 199, loss: 0.1691, instance_loss: 0.0005, weighted_loss: 0.1185, label: 1, bag_size: 10371
batch 219, loss: 0.0051, instance_loss: 0.0014, weighted_loss: 0.0040, label: 0, bag_size: 3037
batch 239, loss: 0.0441, instance_loss: 0.0044, weighted_loss: 0.0322, label: 0, bag_size: 7732
batch 259, loss: 0.0382, instance_loss: 0.0004, weighted_loss: 0.0269, label: 1, bag_size: 10180
batch 279, loss: 0.0097, instance_loss: 0.0005, weighted_loss: 0.0069, label: 0, bag_size: 1861
batch 299, loss: 1.4229, instance_loss: 0.0005, weighted_loss: 0.9961, label: 0, bag_size: 15693
batch 319, loss: 0.0075, instance_loss: 0.0021, weighted_loss: 0.0059, label: 0, bag_size: 2522
batch 339, loss: 0.0011, instance_loss: 0.0007, weighted_loss: 0.0010, label: 0, bag_size: 2698
batch 359, loss: 0.0022, instance_loss: 0.0081, weighted_loss: 0.0040, label: 1, bag_size: 6028
batch 379, loss: 0.0122, instance_loss: 0.0027, weighted_loss: 0.0093, label: 1, bag_size: 5906
batch 399, loss: 0.0083, instance_loss: 0.0002, weighted_loss: 0.0059, label: 1, bag_size: 3628
batch 419, loss: 0.2353, instance_loss: 0.0002, weighted_loss: 0.1647, label: 1, bag_size: 9833
batch 439, loss: 0.0039, instance_loss: 0.1691, weighted_loss: 0.0535, label: 1, bag_size: 14414
batch 459, loss: 0.0881, instance_loss: 0.0012, weighted_loss: 0.0621, label: 1, bag_size: 9833
batch 479, loss: 0.3395, instance_loss: 0.0000, weighted_loss: 0.2376, label: 0, bag_size: 4633
batch 499, loss: 0.0903, instance_loss: 0.0022, weighted_loss: 0.0639, label: 1, bag_size: 6812
batch 519, loss: 0.0038, instance_loss: 0.0195, weighted_loss: 0.0085, label: 0, bag_size: 5296
batch 539, loss: 0.0009, instance_loss: 0.0016, weighted_loss: 0.0011, label: 1, bag_size: 4492
batch 559, loss: 0.0002, instance_loss: 0.0003, weighted_loss: 0.0002, label: 0, bag_size: 3016
batch 579, loss: 0.0205, instance_loss: 0.0006, weighted_loss: 0.0145, label: 0, bag_size: 5348
batch 599, loss: 0.1372, instance_loss: 0.0116, weighted_loss: 0.0996, label: 1, bag_size: 22624
batch 619, loss: 0.2907, instance_loss: 0.0002, weighted_loss: 0.2036, label: 1, bag_size: 21952
batch 639, loss: 0.0431, instance_loss: 0.0010, weighted_loss: 0.0305, label: 1, bag_size: 14763
batch 659, loss: 0.0272, instance_loss: 0.0007, weighted_loss: 0.0192, label: 1, bag_size: 14763
batch 679, loss: 0.1126, instance_loss: 0.0066, weighted_loss: 0.0808, label: 0, bag_size: 2315
batch 699, loss: 0.0564, instance_loss: 0.0000, weighted_loss: 0.0395, label: 1, bag_size: 5828
batch 719, loss: 0.0046, instance_loss: 0.0021, weighted_loss: 0.0038, label: 1, bag_size: 22871
batch 739, loss: 0.0130, instance_loss: 0.0003, weighted_loss: 0.0092, label: 0, bag_size: 5464
batch 759, loss: 0.0013, instance_loss: 0.0007, weighted_loss: 0.0011, label: 1, bag_size: 6344
batch 779, loss: 0.0025, instance_loss: 0.0040, weighted_loss: 0.0029, label: 0, bag_size: 15365
batch 799, loss: 0.0038, instance_loss: 0.0050, weighted_loss: 0.0042, label: 0, bag_size: 8731
batch 819, loss: 0.0011, instance_loss: 0.0012, weighted_loss: 0.0011, label: 0, bag_size: 5995
batch 839, loss: 0.0000, instance_loss: 0.0000, weighted_loss: 0.0000, label: 0, bag_size: 2089
batch 859, loss: 0.0016, instance_loss: 0.0006, weighted_loss: 0.0013, label: 0, bag_size: 14182


class 0 clustering acc 0.9994292237442922: correct 7004/7008
class 1 clustering acc 0.9992865296803652: correct 7003/7008
Epoch: 2, train_loss: 0.1810, train_clustering_loss:  0.0077, train_error: 0.0651
class 0: acc 0.9192825112107623, correct 410/446
class 1: acc 0.9511627906976744, correct 409/430

Val Set, val_loss: 0.5203, val_error: 0.1238, auc: 0.5707
class 0 clustering acc 1.0: correct 1616/1616
class 1 clustering acc 1.0: correct 1616/1616
class 0: acc 0.8923076923076924, correct 174/195
class 1: acc 0.42857142857142855, correct 3/7
EarlyStopping counter: 1 out of 10


batch 19, loss: 0.0008, instance_loss: 0.0020, weighted_loss: 0.0012, label: 0, bag_size: 2009
batch 39, loss: 0.0003, instance_loss: 0.0031, weighted_loss: 0.0012, label: 0, bag_size: 3709
batch 59, loss: 0.0025, instance_loss: 0.0184, weighted_loss: 0.0073, label: 0, bag_size: 5791
batch 79, loss: 0.0000, instance_loss: 0.0000, weighted_loss: 0.0000, label: 0, bag_size: 17155
batch 99, loss: 0.0040, instance_loss: 0.0191, weighted_loss: 0.0085, label: 1, bag_size: 22042
batch 119, loss: 0.0029, instance_loss: 0.0022, weighted_loss: 0.0027, label: 1, bag_size: 6344
batch 139, loss: 0.0000, instance_loss: 0.0000, weighted_loss: 0.0000, label: 0, bag_size: 1821
batch 159, loss: 0.0001, instance_loss: 0.0160, weighted_loss: 0.0049, label: 0, bag_size: 1207
batch 179, loss: 0.0944, instance_loss: 0.0098, weighted_loss: 0.0691, label: 1, bag_size: 2644
batch 199, loss: 0.0163, instance_loss: 0.0328, weighted_loss: 0.0212, label: 1, bag_size: 15079
batch 219, loss: 0.0005, instance_loss: 0.0000, weighted_loss: 0.0004, label: 0, bag_size: 9265
batch 239, loss: 0.0000, instance_loss: 0.0000, weighted_loss: 0.0000, label: 0, bag_size: 4906
batch 259, loss: 0.0194, instance_loss: 0.0000, weighted_loss: 0.0136, label: 1, bag_size: 8663
batch 279, loss: 0.0000, instance_loss: 0.0045, weighted_loss: 0.0014, label: 0, bag_size: 3049
batch 299, loss: 0.2366, instance_loss: 0.0032, weighted_loss: 0.1666, label: 1, bag_size: 22042
batch 319, loss: 0.0265, instance_loss: 0.0277, weighted_loss: 0.0268, label: 1, bag_size: 14528
batch 339, loss: 0.0001, instance_loss: 0.0022, weighted_loss: 0.0007, label: 0, bag_size: 15154
batch 359, loss: 0.0318, instance_loss: 0.0002, weighted_loss: 0.0223, label: 1, bag_size: 4563
batch 379, loss: 0.1413, instance_loss: 0.0009, weighted_loss: 0.0992, label: 1, bag_size: 6023
batch 399, loss: 0.0164, instance_loss: 0.0077, weighted_loss: 0.0138, label: 1, bag_size: 5956
batch 419, loss: 0.0320, instance_loss: 0.0000, weighted_loss: 0.0224, label: 1, bag_size: 5906
batch 439, loss: 0.0025, instance_loss: 0.0073, weighted_loss: 0.0039, label: 0, bag_size: 2635
batch 459, loss: 0.0010, instance_loss: 0.0014, weighted_loss: 0.0011, label: 0, bag_size: 18278
batch 479, loss: 0.0003, instance_loss: 0.0034, weighted_loss: 0.0012, label: 0, bag_size: 4330
batch 499, loss: 2.0984, instance_loss: 0.0002, weighted_loss: 1.4690, label: 0, bag_size: 8710
batch 519, loss: 0.0822, instance_loss: 0.0017, weighted_loss: 0.0580, label: 1, bag_size: 2671
batch 539, loss: 0.0007, instance_loss: 0.0007, weighted_loss: 0.0007, label: 0, bag_size: 5204
batch 559, loss: 0.0257, instance_loss: 0.0007, weighted_loss: 0.0182, label: 1, bag_size: 22399
batch 579, loss: 0.0210, instance_loss: 0.0000, weighted_loss: 0.0147, label: 1, bag_size: 14763
batch 599, loss: 0.0002, instance_loss: 0.0000, weighted_loss: 0.0001, label: 0, bag_size: 11803
batch 619, loss: 0.0112, instance_loss: 0.0000, weighted_loss: 0.0078, label: 0, bag_size: 3232
batch 639, loss: 0.0078, instance_loss: 0.0019, weighted_loss: 0.0060, label: 1, bag_size: 5137
batch 659, loss: 0.0007, instance_loss: 0.0000, weighted_loss: 0.0005, label: 0, bag_size: 9786
batch 679, loss: 0.1390, instance_loss: 0.0000, weighted_loss: 0.0973, label: 1, bag_size: 14318
batch 699, loss: 0.0325, instance_loss: 0.0000, weighted_loss: 0.0227, label: 1, bag_size: 8663
batch 719, loss: 0.0004, instance_loss: 0.0219, weighted_loss: 0.0068, label: 0, bag_size: 3409
batch 739, loss: 0.0034, instance_loss: 0.0004, weighted_loss: 0.0025, label: 1, bag_size: 15079
batch 759, loss: 0.0000, instance_loss: 0.0000, weighted_loss: 0.0000, label: 0, bag_size: 2675
batch 779, loss: 0.0129, instance_loss: 0.0027, weighted_loss: 0.0098, label: 1, bag_size: 14528
batch 799, loss: 0.0142, instance_loss: 0.0000, weighted_loss: 0.0099, label: 1, bag_size: 7879
batch 819, loss: 0.9941, instance_loss: 0.0020, weighted_loss: 0.6965, label: 0, bag_size: 5342
batch 839, loss: 0.0315, instance_loss: 0.0000, weighted_loss: 0.0221, label: 1, bag_size: 8663
batch 859, loss: 0.0000, instance_loss: 0.0000, weighted_loss: 0.0000, label: 0, bag_size: 1556


class 0 clustering acc 0.999857305936073: correct 7007/7008
class 1 clustering acc 0.999857305936073: correct 7007/7008
Epoch: 3, train_loss: 0.1161, train_clustering_loss:  0.0051, train_error: 0.0331
class 0: acc 0.9502369668246445, correct 401/422
class 1: acc 0.9823788546255506, correct 446/454

Val Set, val_loss: 0.4234, val_error: 0.1139, auc: 0.5363
class 0 clustering acc 1.0: correct 1616/1616
class 1 clustering acc 1.0: correct 1616/1616
class 0: acc 0.9076923076923077, correct 177/195
class 1: acc 0.2857142857142857, correct 2/7
EarlyStopping counter: 2 out of 10


batch 19, loss: 0.0042, instance_loss: 0.0003, weighted_loss: 0.0030, label: 0, bag_size: 15501
batch 39, loss: 0.0001, instance_loss: 0.0020, weighted_loss: 0.0006, label: 0, bag_size: 5296
batch 59, loss: 0.0023, instance_loss: 0.0000, weighted_loss: 0.0016, label: 1, bag_size: 7733
batch 79, loss: 0.0175, instance_loss: 0.0000, weighted_loss: 0.0122, label: 1, bag_size: 10180
batch 99, loss: 0.0000, instance_loss: 0.0021, weighted_loss: 0.0007, label: 0, bag_size: 13872
batch 119, loss: 0.0000, instance_loss: 0.0000, weighted_loss: 0.0000, label: 0, bag_size: 2418
batch 139, loss: 0.3139, instance_loss: 0.0010, weighted_loss: 0.2201, label: 0, bag_size: 17340
batch 159, loss: 0.3632, instance_loss: 0.0005, weighted_loss: 0.2544, label: 1, bag_size: 14318
batch 179, loss: 0.0002, instance_loss: 0.0000, weighted_loss: 0.0001, label: 0, bag_size: 1889
batch 199, loss: 0.4906, instance_loss: 0.0021, weighted_loss: 0.3440, label: 1, bag_size: 22624
batch 219, loss: 0.0001, instance_loss: 0.0000, weighted_loss: 0.0001, label: 0, bag_size: 3400
batch 239, loss: 0.0916, instance_loss: 0.0041, weighted_loss: 0.0654, label: 1, bag_size: 21609
batch 259, loss: 0.0033, instance_loss: 0.0007, weighted_loss: 0.0025, label: 1, bag_size: 5137
batch 279, loss: 0.0029, instance_loss: 0.0005, weighted_loss: 0.0022, label: 1, bag_size: 2637
batch 299, loss: 0.0003, instance_loss: 0.0000, weighted_loss: 0.0002, label: 0, bag_size: 3520
batch 319, loss: 0.0113, instance_loss: 0.0043, weighted_loss: 0.0092, label: 1, bag_size: 16197
batch 339, loss: 0.0547, instance_loss: 0.0034, weighted_loss: 0.0393, label: 0, bag_size: 863
batch 359, loss: 0.0001, instance_loss: 0.0006, weighted_loss: 0.0002, label: 1, bag_size: 4492
batch 379, loss: 0.0025, instance_loss: 0.0048, weighted_loss: 0.0032, label: 1, bag_size: 3411
batch 399, loss: 0.0253, instance_loss: 0.0019, weighted_loss: 0.0183, label: 1, bag_size: 2671
batch 419, loss: 0.0008, instance_loss: 0.0000, weighted_loss: 0.0005, label: 0, bag_size: 9896
batch 439, loss: 0.0001, instance_loss: 0.0000, weighted_loss: 0.0001, label: 0, bag_size: 24284
batch 459, loss: 0.0000, instance_loss: 0.0000, weighted_loss: 0.0000, label: 0, bag_size: 13636
batch 479, loss: 0.0011, instance_loss: 0.0000, weighted_loss: 0.0007, label: 1, bag_size: 4563
batch 499, loss: 0.0000, instance_loss: 0.0000, weighted_loss: 0.0000, label: 0, bag_size: 3229
batch 519, loss: 0.0000, instance_loss: 0.0000, weighted_loss: 0.0000, label: 0, bag_size: 2576
batch 539, loss: 0.0000, instance_loss: 0.0000, weighted_loss: 0.0000, label: 0, bag_size: 3665
batch 559, loss: 0.0008, instance_loss: 0.0000, weighted_loss: 0.0005, label: 1, bag_size: 22042
batch 579, loss: 0.0000, instance_loss: 0.0000, weighted_loss: 0.0000, label: 0, bag_size: 16640
batch 599, loss: 0.0000, instance_loss: 0.0000, weighted_loss: 0.0000, label: 0, bag_size: 6384
batch 619, loss: 0.0035, instance_loss: 0.0000, weighted_loss: 0.0024, label: 0, bag_size: 4915
batch 639, loss: 0.0001, instance_loss: 0.0000, weighted_loss: 0.0000, label: 0, bag_size: 5786
batch 659, loss: 0.0036, instance_loss: 0.0010, weighted_loss: 0.0028, label: 1, bag_size: 5906
batch 679, loss: 0.0004, instance_loss: 0.0007, weighted_loss: 0.0005, label: 0, bag_size: 13872
batch 699, loss: 0.0002, instance_loss: 0.0000, weighted_loss: 0.0001, label: 0, bag_size: 4086
batch 719, loss: 0.0003, instance_loss: 0.0000, weighted_loss: 0.0002, label: 1, bag_size: 3411
batch 739, loss: 0.0133, instance_loss: 0.0015, weighted_loss: 0.0098, label: 1, bag_size: 5906
batch 759, loss: 0.0067, instance_loss: 0.0008, weighted_loss: 0.0050, label: 1, bag_size: 5906
batch 779, loss: 0.2061, instance_loss: 0.0007, weighted_loss: 0.1445, label: 1, bag_size: 21609
batch 799, loss: 0.0017, instance_loss: 0.0000, weighted_loss: 0.0012, label: 0, bag_size: 8955
batch 819, loss: 0.0020, instance_loss: 0.0042, weighted_loss: 0.0027, label: 0, bag_size: 19757
batch 839, loss: 0.0718, instance_loss: 0.0012, weighted_loss: 0.0506, label: 1, bag_size: 4365
batch 859, loss: 0.0007, instance_loss: 0.0002, weighted_loss: 0.0005, label: 1, bag_size: 9833


class 0 clustering acc 1.0: correct 7008/7008
class 1 clustering acc 1.0: correct 7008/7008
Epoch: 4, train_loss: 0.0769, train_clustering_loss:  0.0022, train_error: 0.0251
class 0: acc 0.9702517162471396, correct 424/437
class 1: acc 0.979498861047836, correct 430/439

Val Set, val_loss: 0.3208, val_error: 0.0693, auc: 0.5121
class 0 clustering acc 1.0: correct 1616/1616
class 1 clustering acc 1.0: correct 1616/1616
class 0: acc 0.9538461538461539, correct 186/195
class 1: acc 0.2857142857142857, correct 2/7
Validation loss decreased (0.342138 --> 0.320846).  Saving model ...


batch 19, loss: 0.0000, instance_loss: 0.0000, weighted_loss: 0.0000, label: 0, bag_size: 20383
batch 39, loss: 0.0001, instance_loss: 0.0000, weighted_loss: 0.0001, label: 0, bag_size: 3108
batch 59, loss: 0.0000, instance_loss: 0.0000, weighted_loss: 0.0000, label: 0, bag_size: 4684
batch 79, loss: 0.0007, instance_loss: 0.0000, weighted_loss: 0.0005, label: 1, bag_size: 9833
batch 99, loss: 0.0003, instance_loss: 0.0036, weighted_loss: 0.0013, label: 1, bag_size: 6812
batch 119, loss: 2.2803, instance_loss: 0.0019, weighted_loss: 1.5968, label: 0, bag_size: 2865
batch 139, loss: 0.0024, instance_loss: 0.0000, weighted_loss: 0.0017, label: 1, bag_size: 9833
batch 159, loss: 0.0030, instance_loss: 0.0000, weighted_loss: 0.0021, label: 1, bag_size: 4276
batch 179, loss: 0.0082, instance_loss: 0.0004, weighted_loss: 0.0059, label: 1, bag_size: 22871
batch 199, loss: 0.0003, instance_loss: 0.0002, weighted_loss: 0.0003, label: 1, bag_size: 4492
batch 219, loss: 0.0017, instance_loss: 0.0000, weighted_loss: 0.0012, label: 0, bag_size: 3409
batch 239, loss: 0.0010, instance_loss: 0.0000, weighted_loss: 0.0007, label: 1, bag_size: 5137
batch 259, loss: 0.0030, instance_loss: 0.0003, weighted_loss: 0.0022, label: 0, bag_size: 1805
batch 279, loss: 0.0005, instance_loss: 0.0008, weighted_loss: 0.0006, label: 1, bag_size: 3628
batch 299, loss: 0.0001, instance_loss: 0.0023, weighted_loss: 0.0007, label: 0, bag_size: 3009
batch 319, loss: 0.0058, instance_loss: 0.0020, weighted_loss: 0.0046, label: 1, bag_size: 7733
batch 339, loss: 0.0015, instance_loss: 0.0000, weighted_loss: 0.0011, label: 1, bag_size: 6028
batch 359, loss: 0.0026, instance_loss: 0.0000, weighted_loss: 0.0018, label: 0, bag_size: 6101
batch 379, loss: 0.0540, instance_loss: 0.0013, weighted_loss: 0.0382, label: 1, bag_size: 5956
batch 399, loss: 0.0002, instance_loss: 0.0000, weighted_loss: 0.0001, label: 0, bag_size: 9767
batch 419, loss: 0.0382, instance_loss: 0.0007, weighted_loss: 0.0269, label: 1, bag_size: 14414
batch 439, loss: 0.0000, instance_loss: 0.0000, weighted_loss: 0.0000, label: 0, bag_size: 1456
batch 459, loss: 0.0000, instance_loss: 0.0000, weighted_loss: 0.0000, label: 0, bag_size: 1879
batch 479, loss: 0.0028, instance_loss: 0.0000, weighted_loss: 0.0020, label: 1, bag_size: 5828
batch 499, loss: 0.0000, instance_loss: 0.0000, weighted_loss: 0.0000, label: 0, bag_size: 3725
batch 519, loss: 0.0001, instance_loss: 0.0227, weighted_loss: 0.0069, label: 0, bag_size: 5922
batch 539, loss: 0.0002, instance_loss: 0.0006, weighted_loss: 0.0003, label: 1, bag_size: 3621
batch 559, loss: 0.0000, instance_loss: 0.0012, weighted_loss: 0.0004, label: 0, bag_size: 3129
batch 579, loss: 0.0050, instance_loss: 0.0250, weighted_loss: 0.0110, label: 1, bag_size: 3411
batch 599, loss: 0.0016, instance_loss: 0.0012, weighted_loss: 0.0015, label: 1, bag_size: 6023
batch 619, loss: 0.0001, instance_loss: 0.0000, weighted_loss: 0.0000, label: 0, bag_size: 1770
batch 639, loss: 0.0091, instance_loss: 0.0012, weighted_loss: 0.0067, label: 1, bag_size: 21952
batch 659, loss: 0.0005, instance_loss: 0.0064, weighted_loss: 0.0022, label: 0, bag_size: 17060
batch 679, loss: 0.0243, instance_loss: 0.0004, weighted_loss: 0.0171, label: 1, bag_size: 14414
batch 699, loss: 0.0006, instance_loss: 0.0000, weighted_loss: 0.0004, label: 1, bag_size: 2853
batch 719, loss: 4.9890, instance_loss: 0.0051, weighted_loss: 3.4938, label: 1, bag_size: 3024
batch 739, loss: 0.0240, instance_loss: 0.0000, weighted_loss: 0.0168, label: 1, bag_size: 14318
batch 759, loss: 0.0053, instance_loss: 0.0036, weighted_loss: 0.0048, label: 0, bag_size: 821
batch 779, loss: 0.0076, instance_loss: 0.0013, weighted_loss: 0.0057, label: 1, bag_size: 15079
batch 799, loss: 0.0000, instance_loss: 0.0000, weighted_loss: 0.0000, label: 0, bag_size: 2776
batch 819, loss: 0.0000, instance_loss: 0.0000, weighted_loss: 0.0000, label: 0, bag_size: 4906
batch 839, loss: 0.0119, instance_loss: 0.0088, weighted_loss: 0.0110, label: 1, bag_size: 14414
batch 859, loss: 0.0003, instance_loss: 0.0000, weighted_loss: 0.0002, label: 0, bag_size: 13621


class 0 clustering acc 0.999857305936073: correct 7007/7008
class 1 clustering acc 0.999857305936073: correct 7007/7008
Epoch: 5, train_loss: 0.0630, train_clustering_loss:  0.0029, train_error: 0.0171
class 0: acc 0.9815242494226328, correct 425/433
class 1: acc 0.9841986455981941, correct 436/443

Val Set, val_loss: 0.3954, val_error: 0.0891, auc: 0.5158
class 0 clustering acc 1.0: correct 1616/1616
class 1 clustering acc 1.0: correct 1616/1616
class 0: acc 0.9333333333333333, correct 182/195
class 1: acc 0.2857142857142857, correct 2/7
EarlyStopping counter: 1 out of 10


batch 19, loss: 0.0006, instance_loss: 0.0024, weighted_loss: 0.0011, label: 1, bag_size: 3628
batch 39, loss: 0.0072, instance_loss: 0.0088, weighted_loss: 0.0077, label: 1, bag_size: 14763
batch 59, loss: 0.0003, instance_loss: 0.0000, weighted_loss: 0.0002, label: 0, bag_size: 7445
batch 79, loss: 0.0004, instance_loss: 0.0000, weighted_loss: 0.0003, label: 0, bag_size: 2693
batch 99, loss: 0.0005, instance_loss: 0.0040, weighted_loss: 0.0016, label: 0, bag_size: 11354
batch 119, loss: 1.8049, instance_loss: 0.0000, weighted_loss: 1.2635, label: 1, bag_size: 8663
batch 139, loss: 0.7219, instance_loss: 0.0014, weighted_loss: 0.5057, label: 0, bag_size: 11037
batch 159, loss: 0.0071, instance_loss: 0.0000, weighted_loss: 0.0049, label: 1, bag_size: 4276
batch 179, loss: 0.0005, instance_loss: 0.0011, weighted_loss: 0.0007, label: 0, bag_size: 6399
batch 199, loss: 0.0049, instance_loss: 0.0002, weighted_loss: 0.0035, label: 1, bag_size: 16197
batch 219, loss: 0.0001, instance_loss: 0.0000, weighted_loss: 0.0001, label: 0, bag_size: 16400
batch 239, loss: 0.0003, instance_loss: 0.0008, weighted_loss: 0.0005, label: 1, bag_size: 22871
batch 259, loss: 0.0006, instance_loss: 0.0000, weighted_loss: 0.0004, label: 0, bag_size: 4623
batch 279, loss: 0.0281, instance_loss: 0.0000, weighted_loss: 0.0197, label: 1, bag_size: 4276
batch 299, loss: 0.0107, instance_loss: 0.0000, weighted_loss: 0.0075, label: 0, bag_size: 1333
batch 319, loss: 0.0003, instance_loss: 0.0006, weighted_loss: 0.0004, label: 1, bag_size: 7733
batch 339, loss: 0.0020, instance_loss: 0.0016, weighted_loss: 0.0019, label: 1, bag_size: 10371
batch 359, loss: 0.0112, instance_loss: 0.0000, weighted_loss: 0.0079, label: 0, bag_size: 20621
batch 379, loss: 0.0003, instance_loss: 0.0002, weighted_loss: 0.0003, label: 0, bag_size: 1621
batch 399, loss: 0.0040, instance_loss: 0.0000, weighted_loss: 0.0028, label: 1, bag_size: 5828
batch 419, loss: 0.0003, instance_loss: 0.0000, weighted_loss: 0.0002, label: 1, bag_size: 3628
batch 439, loss: 0.0040, instance_loss: 0.0000, weighted_loss: 0.0028, label: 1, bag_size: 8663
batch 459, loss: 0.0027, instance_loss: 0.0000, weighted_loss: 0.0019, label: 0, bag_size: 8542
batch 479, loss: 0.0000, instance_loss: 0.0021, weighted_loss: 0.0006, label: 1, bag_size: 4492
batch 499, loss: 0.1874, instance_loss: 0.0575, weighted_loss: 0.1484, label: 0, bag_size: 1345
batch 519, loss: 0.0230, instance_loss: 0.0000, weighted_loss: 0.0161, label: 1, bag_size: 12989
batch 539, loss: 0.1124, instance_loss: 0.0017, weighted_loss: 0.0792, label: 1, bag_size: 22624
batch 559, loss: 0.6166, instance_loss: 0.0000, weighted_loss: 0.4316, label: 0, bag_size: 3305
batch 579, loss: 0.0032, instance_loss: 0.0002, weighted_loss: 0.0023, label: 0, bag_size: 3899
batch 599, loss: 0.1749, instance_loss: 0.0000, weighted_loss: 0.1224, label: 0, bag_size: 3691
batch 619, loss: 0.0700, instance_loss: 0.0000, weighted_loss: 0.0490, label: 1, bag_size: 5082
batch 639, loss: 0.0002, instance_loss: 0.0000, weighted_loss: 0.0002, label: 1, bag_size: 8663
batch 659, loss: 0.0639, instance_loss: 0.0087, weighted_loss: 0.0474, label: 1, bag_size: 21609
batch 679, loss: 0.0032, instance_loss: 0.0003, weighted_loss: 0.0023, label: 1, bag_size: 21952
batch 699, loss: 0.0393, instance_loss: 0.0059, weighted_loss: 0.0293, label: 1, bag_size: 16197
batch 719, loss: 0.0001, instance_loss: 0.0000, weighted_loss: 0.0001, label: 0, bag_size: 12188
batch 739, loss: 0.0082, instance_loss: 0.0000, weighted_loss: 0.0057, label: 1, bag_size: 6344
batch 759, loss: 0.0001, instance_loss: 0.0000, weighted_loss: 0.0000, label: 0, bag_size: 9087
batch 779, loss: 0.0109, instance_loss: 0.0000, weighted_loss: 0.0076, label: 1, bag_size: 12989
batch 799, loss: 0.0006, instance_loss: 0.0004, weighted_loss: 0.0005, label: 1, bag_size: 9833
batch 819, loss: 0.0027, instance_loss: 0.0000, weighted_loss: 0.0019, label: 1, bag_size: 6344
batch 839, loss: 0.0168, instance_loss: 0.0026, weighted_loss: 0.0126, label: 0, bag_size: 2375
batch 859, loss: 0.0005, instance_loss: 0.0000, weighted_loss: 0.0003, label: 0, bag_size: 2999


class 0 clustering acc 1.0: correct 7008/7008
class 1 clustering acc 0.999857305936073: correct 7007/7008
Epoch: 6, train_loss: 0.0585, train_clustering_loss:  0.0016, train_error: 0.0183
class 0: acc 0.977728285077951, correct 439/449
class 1: acc 0.9859484777517564, correct 421/427

Val Set, val_loss: 0.4525, val_error: 0.1188, auc: 0.5121
class 0 clustering acc 1.0: correct 1616/1616
class 1 clustering acc 1.0: correct 1616/1616
class 0: acc 0.9025641025641026, correct 176/195
class 1: acc 0.2857142857142857, correct 2/7
EarlyStopping counter: 2 out of 10


batch 19, loss: 0.0047, instance_loss: 0.0043, weighted_loss: 0.0046, label: 1, bag_size: 16197
batch 39, loss: 0.0001, instance_loss: 0.0009, weighted_loss: 0.0004, label: 1, bag_size: 7733
batch 59, loss: 0.0004, instance_loss: 0.0004, weighted_loss: 0.0004, label: 1, bag_size: 3621
batch 79, loss: 0.0000, instance_loss: 0.0000, weighted_loss: 0.0000, label: 0, bag_size: 3360
batch 99, loss: 0.0014, instance_loss: 0.0000, weighted_loss: 0.0010, label: 1, bag_size: 6344
batch 119, loss: 0.0003, instance_loss: 0.0000, weighted_loss: 0.0002, label: 0, bag_size: 1858
batch 139, loss: 0.0017, instance_loss: 0.0000, weighted_loss: 0.0012, label: 0, bag_size: 2925
batch 159, loss: 0.0000, instance_loss: 0.0013, weighted_loss: 0.0004, label: 0, bag_size: 18052
batch 179, loss: 0.0004, instance_loss: 0.0003, weighted_loss: 0.0003, label: 0, bag_size: 24284
batch 199, loss: 0.0002, instance_loss: 0.0000, weighted_loss: 0.0001, label: 1, bag_size: 5082
batch 219, loss: 0.0001, instance_loss: 0.0000, weighted_loss: 0.0001, label: 0, bag_size: 9314
batch 239, loss: 0.0000, instance_loss: 0.0000, weighted_loss: 0.0000, label: 0, bag_size: 15803
batch 259, loss: 0.0036, instance_loss: 0.0000, weighted_loss: 0.0025, label: 1, bag_size: 22399
batch 279, loss: 0.0017, instance_loss: 0.0000, weighted_loss: 0.0012, label: 1, bag_size: 7879
batch 299, loss: 0.0002, instance_loss: 0.0010, weighted_loss: 0.0004, label: 1, bag_size: 6812
batch 319, loss: 0.0171, instance_loss: 0.0017, weighted_loss: 0.0125, label: 1, bag_size: 14528
batch 339, loss: 0.0510, instance_loss: 0.0000, weighted_loss: 0.0357, label: 1, bag_size: 14414
batch 359, loss: 0.0373, instance_loss: 0.0026, weighted_loss: 0.0269, label: 1, bag_size: 14414
batch 379, loss: 0.0059, instance_loss: 0.0007, weighted_loss: 0.0043, label: 1, bag_size: 2644
batch 399, loss: 0.0016, instance_loss: 0.0000, weighted_loss: 0.0012, label: 0, bag_size: 10653
batch 419, loss: 0.0004, instance_loss: 0.0004, weighted_loss: 0.0004, label: 1, bag_size: 9833
batch 439, loss: 0.0000, instance_loss: 0.0000, weighted_loss: 0.0000, label: 0, bag_size: 6871
batch 459, loss: 0.0380, instance_loss: 0.0036, weighted_loss: 0.0277, label: 1, bag_size: 22399
batch 479, loss: 0.0556, instance_loss: 0.0006, weighted_loss: 0.0391, label: 1, bag_size: 14318
batch 499, loss: 0.0001, instance_loss: 0.0000, weighted_loss: 0.0001, label: 0, bag_size: 4915
batch 519, loss: 0.0009, instance_loss: 0.0024, weighted_loss: 0.0014, label: 1, bag_size: 4492
batch 539, loss: 0.0000, instance_loss: 0.0000, weighted_loss: 0.0000, label: 1, bag_size: 3628
batch 559, loss: 0.0142, instance_loss: 0.1397, weighted_loss: 0.0519, label: 1, bag_size: 3411
batch 579, loss: 0.0032, instance_loss: 0.0000, weighted_loss: 0.0022, label: 0, bag_size: 6384
batch 599, loss: 0.0001, instance_loss: 0.0000, weighted_loss: 0.0000, label: 1, bag_size: 2853
batch 619, loss: 0.0002, instance_loss: 0.0013, weighted_loss: 0.0005, label: 1, bag_size: 6023
batch 639, loss: 0.0001, instance_loss: 0.0000, weighted_loss: 0.0001, label: 0, bag_size: 13636
batch 659, loss: 0.0048, instance_loss: 0.0000, weighted_loss: 0.0034, label: 1, bag_size: 7879
batch 679, loss: 0.0001, instance_loss: 0.0002, weighted_loss: 0.0001, label: 0, bag_size: 15470
batch 699, loss: 0.0177, instance_loss: 0.0000, weighted_loss: 0.0124, label: 0, bag_size: 16074
batch 719, loss: 0.0032, instance_loss: 0.0000, weighted_loss: 0.0022, label: 0, bag_size: 1910
batch 739, loss: 0.0015, instance_loss: 0.0052, weighted_loss: 0.0026, label: 1, bag_size: 2644
batch 759, loss: 0.0264, instance_loss: 0.0002, weighted_loss: 0.0186, label: 1, bag_size: 14763
batch 779, loss: 0.0000, instance_loss: 0.0000, weighted_loss: 0.0000, label: 0, bag_size: 10033
batch 799, loss: 0.0046, instance_loss: 0.0000, weighted_loss: 0.0032, label: 1, bag_size: 14414
batch 819, loss: 0.0000, instance_loss: 0.0002, weighted_loss: 0.0001, label: 0, bag_size: 13944
batch 839, loss: 0.0000, instance_loss: 0.0000, weighted_loss: 0.0000, label: 0, bag_size: 15365
batch 859, loss: 0.0001, instance_loss: 0.0040, weighted_loss: 0.0013, label: 1, bag_size: 3621


class 0 clustering acc 0.999857305936073: correct 7007/7008
class 1 clustering acc 0.999857305936073: correct 7007/7008
Epoch: 7, train_loss: 0.0315, train_clustering_loss:  0.0015, train_error: 0.0091
class 0: acc 0.9886621315192744, correct 436/441
class 1: acc 0.993103448275862, correct 432/435

Val Set, val_loss: 0.3909, val_error: 0.0644, auc: 0.5033
class 0 clustering acc 1.0: correct 1616/1616
class 1 clustering acc 1.0: correct 1616/1616
class 0: acc 0.9692307692307692, correct 189/195
class 1: acc 0.0, correct 0/7
EarlyStopping counter: 3 out of 10


batch 19, loss: 0.0025, instance_loss: 0.0000, weighted_loss: 0.0018, label: 0, bag_size: 5684
batch 39, loss: 0.0005, instance_loss: 0.0000, weighted_loss: 0.0003, label: 1, bag_size: 2637
batch 59, loss: 0.0012, instance_loss: 0.0000, weighted_loss: 0.0008, label: 1, bag_size: 5082
batch 79, loss: 0.0002, instance_loss: 0.0005, weighted_loss: 0.0002, label: 0, bag_size: 16343
batch 99, loss: 0.0011, instance_loss: 0.0000, weighted_loss: 0.0008, label: 0, bag_size: 5342
batch 119, loss: 0.0006, instance_loss: 0.0000, weighted_loss: 0.0004, label: 0, bag_size: 3315
batch 139, loss: 0.0002, instance_loss: 0.0000, weighted_loss: 0.0001, label: 1, bag_size: 22042
batch 159, loss: 0.0000, instance_loss: 0.0000, weighted_loss: 0.0000, label: 1, bag_size: 3628
batch 179, loss: 0.0000, instance_loss: 0.0000, weighted_loss: 0.0000, label: 0, bag_size: 17250
batch 199, loss: 0.0056, instance_loss: 0.0002, weighted_loss: 0.0040, label: 1, bag_size: 14528
batch 219, loss: 2.7262, instance_loss: 0.0262, weighted_loss: 1.9162, label: 1, bag_size: 16197
batch 239, loss: 0.0000, instance_loss: 0.0000, weighted_loss: 0.0000, label: 1, bag_size: 12989
batch 259, loss: 0.0000, instance_loss: 0.0000, weighted_loss: 0.0000, label: 0, bag_size: 10051
batch 279, loss: 0.0000, instance_loss: 0.0000, weighted_loss: 0.0000, label: 0, bag_size: 19131
batch 299, loss: 0.0088, instance_loss: 0.0005, weighted_loss: 0.0063, label: 0, bag_size: 2879
batch 319, loss: 0.0000, instance_loss: 0.0000, weighted_loss: 0.0000, label: 0, bag_size: 16840
batch 339, loss: 0.0011, instance_loss: 0.0339, weighted_loss: 0.0110, label: 0, bag_size: 1970
batch 359, loss: 0.0562, instance_loss: 0.0000, weighted_loss: 0.0393, label: 1, bag_size: 10180
batch 379, loss: 0.0000, instance_loss: 0.0000, weighted_loss: 0.0000, label: 1, bag_size: 4276
batch 399, loss: 0.0000, instance_loss: 0.0000, weighted_loss: 0.0000, label: 0, bag_size: 2269
batch 419, loss: 0.0010, instance_loss: 0.0016, weighted_loss: 0.0011, label: 1, bag_size: 7733
batch 439, loss: 0.0011, instance_loss: 0.0005, weighted_loss: 0.0009, label: 1, bag_size: 21952
batch 459, loss: 0.0002, instance_loss: 0.0000, weighted_loss: 0.0001, label: 0, bag_size: 2300
batch 479, loss: 0.8873, instance_loss: 0.0007, weighted_loss: 0.6213, label: 0, bag_size: 2640
batch 499, loss: 0.6191, instance_loss: 0.0010, weighted_loss: 0.4336, label: 1, bag_size: 4365
batch 519, loss: 0.0069, instance_loss: 0.0004, weighted_loss: 0.0050, label: 0, bag_size: 8731
batch 539, loss: 0.0000, instance_loss: 0.0011, weighted_loss: 0.0003, label: 0, bag_size: 2820
batch 559, loss: 0.0002, instance_loss: 0.0000, weighted_loss: 0.0002, label: 0, bag_size: 10950
batch 579, loss: 0.0010, instance_loss: 0.0053, weighted_loss: 0.0023, label: 0, bag_size: 3409
batch 599, loss: 0.0074, instance_loss: 0.0003, weighted_loss: 0.0053, label: 1, bag_size: 16197
batch 619, loss: 0.0140, instance_loss: 0.0051, weighted_loss: 0.0114, label: 1, bag_size: 5956
batch 639, loss: 0.0000, instance_loss: 0.0000, weighted_loss: 0.0000, label: 0, bag_size: 8271
batch 659, loss: 0.0000, instance_loss: 0.0000, weighted_loss: 0.0000, label: 0, bag_size: 11456
batch 679, loss: 0.4340, instance_loss: 0.0000, weighted_loss: 0.3038, label: 1, bag_size: 22624
batch 699, loss: 0.0014, instance_loss: 0.0000, weighted_loss: 0.0010, label: 1, bag_size: 5137
batch 719, loss: 0.0000, instance_loss: 0.0000, weighted_loss: 0.0000, label: 0, bag_size: 1521
batch 739, loss: 0.0002, instance_loss: 0.0000, weighted_loss: 0.0001, label: 0, bag_size: 917
batch 759, loss: 0.0001, instance_loss: 0.0000, weighted_loss: 0.0000, label: 0, bag_size: 13621
batch 779, loss: 0.0175, instance_loss: 0.0000, weighted_loss: 0.0123, label: 1, bag_size: 10371
batch 799, loss: 0.0035, instance_loss: 0.0004, weighted_loss: 0.0026, label: 1, bag_size: 14528
batch 819, loss: 0.0016, instance_loss: 0.0000, weighted_loss: 0.0011, label: 0, bag_size: 8950
batch 839, loss: 0.0002, instance_loss: 0.0000, weighted_loss: 0.0002, label: 0, bag_size: 3670
batch 859, loss: 0.0003, instance_loss: 0.0000, weighted_loss: 0.0002, label: 1, bag_size: 3621


class 0 clustering acc 1.0: correct 7008/7008
class 1 clustering acc 1.0: correct 7008/7008
Epoch: 8, train_loss: 0.0571, train_clustering_loss:  0.0008, train_error: 0.0205
class 0: acc 0.9772209567198178, correct 429/439
class 1: acc 0.9816933638443935, correct 429/437

Val Set, val_loss: 0.2961, val_error: 0.0446, auc: 0.5245
class 0 clustering acc 1.0: correct 1616/1616
class 1 clustering acc 1.0: correct 1616/1616
class 0: acc 0.9846153846153847, correct 192/195
class 1: acc 0.14285714285714285, correct 1/7
Validation loss decreased (0.320846 --> 0.296054).  Saving model ...


batch 19, loss: 0.0366, instance_loss: 0.0000, weighted_loss: 0.0256, label: 1, bag_size: 2671
batch 39, loss: 0.0013, instance_loss: 0.0000, weighted_loss: 0.0009, label: 0, bag_size: 4801
batch 59, loss: 0.0010, instance_loss: 0.0003, weighted_loss: 0.0008, label: 1, bag_size: 7879
batch 79, loss: 0.0066, instance_loss: 0.0093, weighted_loss: 0.0074, label: 0, bag_size: 2505
batch 99, loss: 0.0000, instance_loss: 0.0000, weighted_loss: 0.0000, label: 0, bag_size: 19929
batch 119, loss: 0.4580, instance_loss: 0.0003, weighted_loss: 0.3207, label: 1, bag_size: 14763
batch 139, loss: 0.0009, instance_loss: 0.0008, weighted_loss: 0.0009, label: 0, bag_size: 2375
batch 159, loss: 0.0000, instance_loss: 0.0000, weighted_loss: 0.0000, label: 0, bag_size: 5315
batch 179, loss: 0.0007, instance_loss: 0.0000, weighted_loss: 0.0005, label: 1, bag_size: 3024
batch 199, loss: 0.0001, instance_loss: 0.0000, weighted_loss: 0.0001, label: 1, bag_size: 21609
batch 219, loss: 0.0118, instance_loss: 0.0000, weighted_loss: 0.0083, label: 0, bag_size: 24236
batch 239, loss: 0.0001, instance_loss: 0.0000, weighted_loss: 0.0001, label: 0, bag_size: 5006
batch 259, loss: 0.0133, instance_loss: 0.0000, weighted_loss: 0.0093, label: 1, bag_size: 14763
batch 279, loss: 0.3172, instance_loss: 0.0000, weighted_loss: 0.2221, label: 0, bag_size: 21253
batch 299, loss: 0.0006, instance_loss: 0.0000, weighted_loss: 0.0004, label: 1, bag_size: 3621
batch 319, loss: 0.0049, instance_loss: 0.0002, weighted_loss: 0.0035, label: 1, bag_size: 2644
batch 339, loss: 0.0160, instance_loss: 0.0000, weighted_loss: 0.0112, label: 1, bag_size: 14414
batch 359, loss: 0.0002, instance_loss: 0.0000, weighted_loss: 0.0001, label: 1, bag_size: 5828
batch 379, loss: 0.0029, instance_loss: 0.0000, weighted_loss: 0.0020, label: 0, bag_size: 3176
batch 399, loss: 0.0000, instance_loss: 0.0000, weighted_loss: 0.0000, label: 0, bag_size: 3060
batch 419, loss: 0.0000, instance_loss: 0.0000, weighted_loss: 0.0000, label: 0, bag_size: 2576
batch 439, loss: 0.0002, instance_loss: 0.0000, weighted_loss: 0.0001, label: 1, bag_size: 22871
batch 459, loss: 0.0037, instance_loss: 0.0011, weighted_loss: 0.0029, label: 0, bag_size: 17767
batch 479, loss: 0.0067, instance_loss: 0.0000, weighted_loss: 0.0047, label: 1, bag_size: 6023
batch 499, loss: 0.0055, instance_loss: 0.0000, weighted_loss: 0.0038, label: 1, bag_size: 10371
batch 519, loss: 0.0014, instance_loss: 0.0000, weighted_loss: 0.0010, label: 1, bag_size: 21952
batch 539, loss: 0.0001, instance_loss: 0.0000, weighted_loss: 0.0001, label: 1, bag_size: 9833
batch 559, loss: 0.0169, instance_loss: 0.0000, weighted_loss: 0.0119, label: 1, bag_size: 5137
batch 579, loss: 0.0009, instance_loss: 0.0000, weighted_loss: 0.0006, label: 0, bag_size: 2865
batch 599, loss: 0.0002, instance_loss: 0.0000, weighted_loss: 0.0001, label: 0, bag_size: 2708
batch 619, loss: 0.0040, instance_loss: 0.0006, weighted_loss: 0.0030, label: 0, bag_size: 2465
batch 639, loss: 0.0009, instance_loss: 0.0000, weighted_loss: 0.0006, label: 1, bag_size: 5137
batch 659, loss: 0.0000, instance_loss: 0.0000, weighted_loss: 0.0000, label: 0, bag_size: 3314
batch 679, loss: 0.0000, instance_loss: 0.0000, weighted_loss: 0.0000, label: 0, bag_size: 2381
batch 699, loss: 0.1014, instance_loss: 0.0004, weighted_loss: 0.0711, label: 1, bag_size: 15079
batch 719, loss: 0.0003, instance_loss: 0.0013, weighted_loss: 0.0006, label: 0, bag_size: 20204
batch 739, loss: 0.0011, instance_loss: 0.0006, weighted_loss: 0.0010, label: 0, bag_size: 14372
batch 759, loss: 0.0423, instance_loss: 0.0000, weighted_loss: 0.0296, label: 1, bag_size: 14763
batch 779, loss: 0.0080, instance_loss: 0.0000, weighted_loss: 0.0056, label: 1, bag_size: 6023
batch 799, loss: 0.0013, instance_loss: 0.0008, weighted_loss: 0.0012, label: 1, bag_size: 4492
batch 819, loss: 0.0680, instance_loss: 0.0000, weighted_loss: 0.0476, label: 1, bag_size: 2853
batch 839, loss: 0.0000, instance_loss: 0.0000, weighted_loss: 0.0000, label: 1, bag_size: 6028
batch 859, loss: 0.0000, instance_loss: 0.0000, weighted_loss: 0.0000, label: 0, bag_size: 15461


class 0 clustering acc 1.0: correct 7008/7008
class 1 clustering acc 1.0: correct 7008/7008
Epoch: 9, train_loss: 0.0440, train_clustering_loss:  0.0003, train_error: 0.0160
class 0: acc 0.9783132530120482, correct 406/415
class 1: acc 0.9891540130151844, correct 456/461

Val Set, val_loss: 0.4669, val_error: 0.1040, auc: 0.4205
class 0 clustering acc 1.0: correct 1616/1616
class 1 clustering acc 1.0: correct 1616/1616
class 0: acc 0.9230769230769231, correct 180/195
class 1: acc 0.14285714285714285, correct 1/7
EarlyStopping counter: 1 out of 10


batch 19, loss: 0.0066, instance_loss: 0.0000, weighted_loss: 0.0046, label: 1, bag_size: 12989
batch 39, loss: 0.0001, instance_loss: 0.0000, weighted_loss: 0.0000, label: 0, bag_size: 10195
batch 59, loss: 0.0004, instance_loss: 0.0000, weighted_loss: 0.0003, label: 1, bag_size: 14528
batch 79, loss: 0.0001, instance_loss: 0.0000, weighted_loss: 0.0000, label: 0, bag_size: 1910
batch 99, loss: 0.0569, instance_loss: 0.0000, weighted_loss: 0.0399, label: 1, bag_size: 22624
batch 119, loss: 0.0000, instance_loss: 0.0013, weighted_loss: 0.0004, label: 0, bag_size: 3088
batch 139, loss: 0.0160, instance_loss: 0.0000, weighted_loss: 0.0112, label: 1, bag_size: 22624
batch 159, loss: 0.0004, instance_loss: 0.0000, weighted_loss: 0.0003, label: 0, bag_size: 5169
batch 179, loss: 0.0000, instance_loss: 0.0000, weighted_loss: 0.0000, label: 0, bag_size: 3813
batch 199, loss: 0.0039, instance_loss: 0.0004, weighted_loss: 0.0028, label: 0, bag_size: 3630
batch 219, loss: 0.0000, instance_loss: 0.0000, weighted_loss: 0.0000, label: 0, bag_size: 17829
batch 239, loss: 0.0002, instance_loss: 0.0000, weighted_loss: 0.0001, label: 0, bag_size: 4932
batch 259, loss: 0.0314, instance_loss: 0.0000, weighted_loss: 0.0220, label: 1, bag_size: 5828
batch 279, loss: 0.0009, instance_loss: 0.0000, weighted_loss: 0.0006, label: 1, bag_size: 6344
batch 299, loss: 0.0000, instance_loss: 0.0000, weighted_loss: 0.0000, label: 1, bag_size: 22871
batch 319, loss: 0.0021, instance_loss: 0.0000, weighted_loss: 0.0015, label: 1, bag_size: 6344
batch 339, loss: 0.0000, instance_loss: 0.0000, weighted_loss: 0.0000, label: 0, bag_size: 17351
batch 359, loss: 0.0000, instance_loss: 0.0000, weighted_loss: 0.0000, label: 1, bag_size: 2637
batch 379, loss: 0.0000, instance_loss: 0.0000, weighted_loss: 0.0000, label: 1, bag_size: 6028
batch 399, loss: 0.0034, instance_loss: 0.0002, weighted_loss: 0.0024, label: 1, bag_size: 22624
batch 419, loss: 0.0106, instance_loss: 0.0000, weighted_loss: 0.0074, label: 1, bag_size: 5828
batch 439, loss: 0.0000, instance_loss: 0.0000, weighted_loss: 0.0000, label: 0, bag_size: 4061
batch 459, loss: 0.0000, instance_loss: 0.0000, weighted_loss: 0.0000, label: 1, bag_size: 22042
batch 479, loss: 0.0002, instance_loss: 0.0000, weighted_loss: 0.0002, label: 1, bag_size: 3621
batch 499, loss: 0.0000, instance_loss: 0.0004, weighted_loss: 0.0001, label: 1, bag_size: 4492
batch 519, loss: 0.0000, instance_loss: 0.0005, weighted_loss: 0.0002, label: 0, bag_size: 12141
batch 539, loss: 0.0000, instance_loss: 0.0000, weighted_loss: 0.0000, label: 0, bag_size: 6578
batch 559, loss: 0.0001, instance_loss: 0.0000, weighted_loss: 0.0001, label: 0, bag_size: 18450
batch 579, loss: 0.0000, instance_loss: 0.0000, weighted_loss: 0.0000, label: 0, bag_size: 2328
batch 599, loss: 0.0001, instance_loss: 0.0000, weighted_loss: 0.0001, label: 1, bag_size: 21952
batch 619, loss: 0.0001, instance_loss: 0.0000, weighted_loss: 0.0001, label: 0, bag_size: 12537
batch 639, loss: 0.0000, instance_loss: 0.0000, weighted_loss: 0.0000, label: 1, bag_size: 2853
batch 659, loss: 0.0000, instance_loss: 0.0000, weighted_loss: 0.0000, label: 0, bag_size: 3137
batch 679, loss: 0.0002, instance_loss: 0.0000, weighted_loss: 0.0001, label: 0, bag_size: 5098
batch 699, loss: 0.0000, instance_loss: 0.0000, weighted_loss: 0.0000, label: 0, bag_size: 3374
batch 719, loss: 0.0009, instance_loss: 0.0000, weighted_loss: 0.0007, label: 0, bag_size: 3020
batch 739, loss: 0.0000, instance_loss: 0.0000, weighted_loss: 0.0000, label: 0, bag_size: 7304
batch 759, loss: 0.0005, instance_loss: 0.0000, weighted_loss: 0.0003, label: 1, bag_size: 2644
batch 779, loss: 0.0000, instance_loss: 0.0000, weighted_loss: 0.0000, label: 0, bag_size: 5180
batch 799, loss: 0.0000, instance_loss: 0.0000, weighted_loss: 0.0000, label: 0, bag_size: 4012
batch 819, loss: 0.0004, instance_loss: 0.0000, weighted_loss: 0.0002, label: 1, bag_size: 6344
batch 839, loss: 0.0006, instance_loss: 0.0002, weighted_loss: 0.0005, label: 0, bag_size: 3176
batch 859, loss: 0.0053, instance_loss: 0.0000, weighted_loss: 0.0037, label: 0, bag_size: 4085


class 0 clustering acc 1.0: correct 7008/7008
class 1 clustering acc 1.0: correct 7008/7008
Epoch: 10, train_loss: 0.0200, train_clustering_loss:  0.0002, train_error: 0.0046
class 0: acc 0.9931506849315068, correct 435/438
class 1: acc 0.997716894977169, correct 437/438

Val Set, val_loss: 0.4627, val_error: 0.0842, auc: 0.3883
class 0 clustering acc 1.0: correct 1616/1616
class 1 clustering acc 1.0: correct 1616/1616
class 0: acc 0.9435897435897436, correct 184/195
class 1: acc 0.14285714285714285, correct 1/7
EarlyStopping counter: 2 out of 10


batch 19, loss: 0.0000, instance_loss: 0.0000, weighted_loss: 0.0000, label: 0, bag_size: 5527
batch 39, loss: 0.1252, instance_loss: 0.0146, weighted_loss: 0.0920, label: 0, bag_size: 18062
batch 59, loss: 0.0207, instance_loss: 0.0002, weighted_loss: 0.0146, label: 1, bag_size: 15079
batch 79, loss: 0.0002, instance_loss: 0.0000, weighted_loss: 0.0001, label: 1, bag_size: 12989
batch 99, loss: 0.0001, instance_loss: 0.0000, weighted_loss: 0.0000, label: 0, bag_size: 3118
batch 119, loss: 0.0001, instance_loss: 0.0002, weighted_loss: 0.0001, label: 1, bag_size: 6023
batch 139, loss: 0.0041, instance_loss: 0.0000, weighted_loss: 0.0029, label: 1, bag_size: 5828
batch 159, loss: 0.0000, instance_loss: 0.0000, weighted_loss: 0.0000, label: 0, bag_size: 4255
batch 179, loss: 0.0000, instance_loss: 0.0002, weighted_loss: 0.0001, label: 0, bag_size: 1879
batch 199, loss: 0.0069, instance_loss: 0.0000, weighted_loss: 0.0048, label: 1, bag_size: 10371
batch 219, loss: 0.0002, instance_loss: 0.0002, weighted_loss: 0.0002, label: 1, bag_size: 6023
batch 239, loss: 0.0001, instance_loss: 0.0000, weighted_loss: 0.0000, label: 0, bag_size: 7533
batch 259, loss: 0.0000, instance_loss: 0.0010, weighted_loss: 0.0003, label: 0, bag_size: 1732
batch 279, loss: 0.0006, instance_loss: 0.0002, weighted_loss: 0.0005, label: 1, bag_size: 2671
batch 299, loss: 0.0007, instance_loss: 0.0000, weighted_loss: 0.0005, label: 1, bag_size: 2671
batch 319, loss: 0.0008, instance_loss: 0.0000, weighted_loss: 0.0005, label: 1, bag_size: 3621
batch 339, loss: 0.0000, instance_loss: 0.0000, weighted_loss: 0.0000, label: 0, bag_size: 20692
batch 359, loss: 0.0005, instance_loss: 0.0000, weighted_loss: 0.0003, label: 1, bag_size: 4276
batch 379, loss: 0.0087, instance_loss: 0.0000, weighted_loss: 0.0061, label: 1, bag_size: 22624
batch 399, loss: 0.0000, instance_loss: 0.0000, weighted_loss: 0.0000, label: 0, bag_size: 16977
batch 419, loss: 0.0001, instance_loss: 0.0000, weighted_loss: 0.0001, label: 0, bag_size: 16350
batch 439, loss: 0.0000, instance_loss: 0.0000, weighted_loss: 0.0000, label: 0, bag_size: 3088
batch 459, loss: 0.0000, instance_loss: 0.0000, weighted_loss: 0.0000, label: 0, bag_size: 1517
batch 479, loss: 0.0000, instance_loss: 0.0000, weighted_loss: 0.0000, label: 0, bag_size: 20475
batch 499, loss: 0.0000, instance_loss: 0.0000, weighted_loss: 0.0000, label: 1, bag_size: 7733
batch 519, loss: 0.0001, instance_loss: 0.0005, weighted_loss: 0.0002, label: 1, bag_size: 22042
batch 539, loss: 0.0006, instance_loss: 0.0000, weighted_loss: 0.0004, label: 1, bag_size: 9833
batch 559, loss: 0.0001, instance_loss: 0.0000, weighted_loss: 0.0001, label: 1, bag_size: 2644
batch 579, loss: 0.0000, instance_loss: 0.0000, weighted_loss: 0.0000, label: 0, bag_size: 14732
batch 599, loss: 0.0015, instance_loss: 0.0000, weighted_loss: 0.0010, label: 1, bag_size: 5828
batch 619, loss: 0.0001, instance_loss: 0.0000, weighted_loss: 0.0000, label: 0, bag_size: 15270
batch 639, loss: 0.0000, instance_loss: 0.0000, weighted_loss: 0.0000, label: 1, bag_size: 7733
batch 659, loss: 0.0000, instance_loss: 0.0003, weighted_loss: 0.0001, label: 1, bag_size: 21952
batch 679, loss: 0.0000, instance_loss: 0.0000, weighted_loss: 0.0000, label: 0, bag_size: 15154
batch 699, loss: 0.0002, instance_loss: 0.0002, weighted_loss: 0.0002, label: 1, bag_size: 16197
batch 719, loss: 0.0000, instance_loss: 0.0002, weighted_loss: 0.0001, label: 0, bag_size: 14713
batch 739, loss: 0.0000, instance_loss: 0.0000, weighted_loss: 0.0000, label: 0, bag_size: 3673
batch 759, loss: 0.0000, instance_loss: 0.0000, weighted_loss: 0.0000, label: 0, bag_size: 9852
batch 779, loss: 0.0000, instance_loss: 0.0000, weighted_loss: 0.0000, label: 0, bag_size: 12141
batch 799, loss: 0.0001, instance_loss: 0.0003, weighted_loss: 0.0001, label: 0, bag_size: 1862
batch 819, loss: 0.0008, instance_loss: 0.0000, weighted_loss: 0.0006, label: 1, bag_size: 5137
batch 839, loss: 0.0101, instance_loss: 0.0000, weighted_loss: 0.0071, label: 1, bag_size: 10371
batch 859, loss: 0.0000, instance_loss: 0.0000, weighted_loss: 0.0000, label: 0, bag_size: 13522


class 0 clustering acc 1.0: correct 7008/7008
class 1 clustering acc 1.0: correct 7008/7008
Epoch: 11, train_loss: 0.0017, train_clustering_loss:  0.0002, train_error: 0.0000
class 0: acc 1.0, correct 435/435
class 1: acc 1.0, correct 441/441

Val Set, val_loss: 0.4267, val_error: 0.0545, auc: 0.4029
class 0 clustering acc 1.0: correct 1616/1616
class 1 clustering acc 1.0: correct 1616/1616
class 0: acc 0.9743589743589743, correct 190/195
class 1: acc 0.14285714285714285, correct 1/7
EarlyStopping counter: 3 out of 10


batch 19, loss: 0.0000, instance_loss: 0.0000, weighted_loss: 0.0000, label: 0, bag_size: 2708
batch 39, loss: 0.0000, instance_loss: 0.0000, weighted_loss: 0.0000, label: 1, bag_size: 4492
batch 59, loss: 0.0052, instance_loss: 0.0031, weighted_loss: 0.0045, label: 0, bag_size: 1322
batch 79, loss: 0.0001, instance_loss: 0.0000, weighted_loss: 0.0001, label: 1, bag_size: 5956
batch 99, loss: 0.0019, instance_loss: 0.0005, weighted_loss: 0.0015, label: 0, bag_size: 2023
batch 119, loss: 0.0023, instance_loss: 0.0000, weighted_loss: 0.0016, label: 1, bag_size: 10371
batch 139, loss: 0.0000, instance_loss: 0.0000, weighted_loss: 0.0000, label: 1, bag_size: 3628
batch 159, loss: 0.0000, instance_loss: 0.0000, weighted_loss: 0.0000, label: 0, bag_size: 7208
batch 179, loss: 0.0000, instance_loss: 0.0000, weighted_loss: 0.0000, label: 1, bag_size: 12989
batch 199, loss: 0.0000, instance_loss: 0.0000, weighted_loss: 0.0000, label: 0, bag_size: 16964
batch 219, loss: 0.0000, instance_loss: 0.0000, weighted_loss: 0.0000, label: 0, bag_size: 3394
batch 239, loss: 0.0000, instance_loss: 0.0000, weighted_loss: 0.0000, label: 0, bag_size: 9759
batch 259, loss: 0.0007, instance_loss: 0.0000, weighted_loss: 0.0005, label: 1, bag_size: 22624
batch 279, loss: 0.0000, instance_loss: 0.0000, weighted_loss: 0.0000, label: 1, bag_size: 2637
batch 299, loss: 0.0000, instance_loss: 0.0000, weighted_loss: 0.0000, label: 0, bag_size: 1601
batch 319, loss: 0.0005, instance_loss: 0.0003, weighted_loss: 0.0004, label: 1, bag_size: 3411
batch 339, loss: 0.0000, instance_loss: 0.0000, weighted_loss: 0.0000, label: 1, bag_size: 2853
batch 359, loss: 0.0000, instance_loss: 0.0000, weighted_loss: 0.0000, label: 0, bag_size: 14372
batch 379, loss: 0.0000, instance_loss: 0.0000, weighted_loss: 0.0000, label: 0, bag_size: 2894
batch 399, loss: 0.0000, instance_loss: 0.0000, weighted_loss: 0.0000, label: 0, bag_size: 2984
batch 419, loss: 0.0000, instance_loss: 0.0000, weighted_loss: 0.0000, label: 0, bag_size: 15114
batch 439, loss: 0.0006, instance_loss: 0.0000, weighted_loss: 0.0004, label: 0, bag_size: 2302
batch 459, loss: 0.0001, instance_loss: 0.0000, weighted_loss: 0.0001, label: 1, bag_size: 2644
batch 479, loss: 0.0000, instance_loss: 0.0000, weighted_loss: 0.0000, label: 0, bag_size: 17767
batch 499, loss: 0.0000, instance_loss: 0.0013, weighted_loss: 0.0004, label: 0, bag_size: 20204
batch 519, loss: 0.0000, instance_loss: 0.0004, weighted_loss: 0.0001, label: 0, bag_size: 3066
batch 539, loss: 0.0004, instance_loss: 0.0000, weighted_loss: 0.0002, label: 1, bag_size: 4365
batch 559, loss: 0.0025, instance_loss: 0.0000, weighted_loss: 0.0018, label: 1, bag_size: 14763
batch 579, loss: 0.0003, instance_loss: 0.0000, weighted_loss: 0.0002, label: 0, bag_size: 3630
batch 599, loss: 0.0000, instance_loss: 0.0000, weighted_loss: 0.0000, label: 0, bag_size: 2692
batch 619, loss: 0.0000, instance_loss: 0.0000, weighted_loss: 0.0000, label: 0, bag_size: 20621
batch 639, loss: 0.0014, instance_loss: 0.0000, weighted_loss: 0.0010, label: 1, bag_size: 15079
batch 659, loss: 0.0000, instance_loss: 0.0009, weighted_loss: 0.0003, label: 1, bag_size: 4563
batch 679, loss: 0.0061, instance_loss: 0.0002, weighted_loss: 0.0043, label: 0, bag_size: 3756
batch 699, loss: 0.0000, instance_loss: 0.0000, weighted_loss: 0.0000, label: 1, bag_size: 6023
batch 719, loss: 0.0004, instance_loss: 0.0000, weighted_loss: 0.0003, label: 1, bag_size: 3024
batch 739, loss: 0.0000, instance_loss: 0.0000, weighted_loss: 0.0000, label: 1, bag_size: 22042
batch 759, loss: 0.0000, instance_loss: 0.0000, weighted_loss: 0.0000, label: 0, bag_size: 16361
batch 779, loss: 0.0002, instance_loss: 0.0000, weighted_loss: 0.0001, label: 0, bag_size: 5164
batch 799, loss: 0.1479, instance_loss: 0.0010, weighted_loss: 0.1038, label: 0, bag_size: 1355
batch 819, loss: 0.0001, instance_loss: 0.0000, weighted_loss: 0.0001, label: 0, bag_size: 3670
batch 839, loss: 0.0042, instance_loss: 0.0000, weighted_loss: 0.0030, label: 0, bag_size: 1322
batch 859, loss: 0.0943, instance_loss: 0.0000, weighted_loss: 0.0660, label: 0, bag_size: 23909


class 0 clustering acc 1.0: correct 7008/7008
class 1 clustering acc 1.0: correct 7008/7008
Epoch: 12, train_loss: 0.0444, train_clustering_loss:  0.0002, train_error: 0.0114
class 0: acc 0.9887640449438202, correct 440/445
class 1: acc 0.988399071925754, correct 426/431

Val Set, val_loss: 0.3695, val_error: 0.0594, auc: 0.4593
class 0 clustering acc 1.0: correct 1616/1616
class 1 clustering acc 1.0: correct 1616/1616
class 0: acc 0.9743589743589743, correct 190/195
class 1: acc 0.0, correct 0/7
EarlyStopping counter: 4 out of 10


batch 19, loss: 0.0000, instance_loss: 0.0000, weighted_loss: 0.0000, label: 0, bag_size: 10109
batch 39, loss: 0.1556, instance_loss: 0.0032, weighted_loss: 0.1099, label: 0, bag_size: 17692
batch 59, loss: 0.0096, instance_loss: 0.0000, weighted_loss: 0.0067, label: 1, bag_size: 22042
batch 79, loss: 0.0000, instance_loss: 0.0000, weighted_loss: 0.0000, label: 0, bag_size: 7324
batch 99, loss: 0.0003, instance_loss: 0.0000, weighted_loss: 0.0002, label: 0, bag_size: 917
batch 119, loss: 0.0038, instance_loss: 0.0029, weighted_loss: 0.0036, label: 1, bag_size: 16197
batch 139, loss: 0.0006, instance_loss: 0.0000, weighted_loss: 0.0004, label: 0, bag_size: 15086
batch 159, loss: 0.0002, instance_loss: 0.0000, weighted_loss: 0.0001, label: 0, bag_size: 3666
batch 179, loss: 0.0004, instance_loss: 0.0000, weighted_loss: 0.0003, label: 0, bag_size: 4010
batch 199, loss: 0.0010, instance_loss: 0.0000, weighted_loss: 0.0007, label: 0, bag_size: 7464
batch 219, loss: 0.0000, instance_loss: 0.0000, weighted_loss: 0.0000, label: 0, bag_size: 2089
batch 239, loss: 0.0000, instance_loss: 0.0000, weighted_loss: 0.0000, label: 0, bag_size: 12427
batch 259, loss: 0.0000, instance_loss: 0.0000, weighted_loss: 0.0000, label: 0, bag_size: 6712
batch 279, loss: 0.0001, instance_loss: 0.0000, weighted_loss: 0.0001, label: 0, bag_size: 3232
batch 299, loss: 0.0000, instance_loss: 0.0000, weighted_loss: 0.0000, label: 0, bag_size: 19757
batch 319, loss: 0.0001, instance_loss: 0.0000, weighted_loss: 0.0000, label: 0, bag_size: 3818
batch 339, loss: 0.0010, instance_loss: 0.0000, weighted_loss: 0.0007, label: 1, bag_size: 14763
batch 359, loss: 0.0001, instance_loss: 0.0000, weighted_loss: 0.0001, label: 0, bag_size: 1630
batch 379, loss: 0.0016, instance_loss: 0.0003, weighted_loss: 0.0012, label: 0, bag_size: 18734
batch 399, loss: 0.0009, instance_loss: 0.0005, weighted_loss: 0.0008, label: 0, bag_size: 2922
batch 419, loss: 0.0000, instance_loss: 0.0000, weighted_loss: 0.0000, label: 0, bag_size: 3602
batch 439, loss: 0.0000, instance_loss: 0.0000, weighted_loss: 0.0000, label: 0, bag_size: 5581
batch 459, loss: 0.0000, instance_loss: 0.0020, weighted_loss: 0.0006, label: 0, bag_size: 6129
batch 479, loss: 0.0001, instance_loss: 0.0000, weighted_loss: 0.0001, label: 1, bag_size: 3621
batch 499, loss: 0.0008, instance_loss: 0.0000, weighted_loss: 0.0006, label: 1, bag_size: 10180
batch 519, loss: 0.0011, instance_loss: 0.0000, weighted_loss: 0.0008, label: 0, bag_size: 3020
batch 539, loss: 0.0046, instance_loss: 0.0007, weighted_loss: 0.0034, label: 1, bag_size: 12989
batch 559, loss: 0.0003, instance_loss: 0.0000, weighted_loss: 0.0002, label: 1, bag_size: 6028
batch 579, loss: 0.0003, instance_loss: 0.0000, weighted_loss: 0.0002, label: 0, bag_size: 18455
batch 599, loss: 0.0000, instance_loss: 0.0000, weighted_loss: 0.0000, label: 1, bag_size: 5906
batch 619, loss: 0.0000, instance_loss: 0.0000, weighted_loss: 0.0000, label: 0, bag_size: 1998
batch 639, loss: 0.0000, instance_loss: 0.0000, weighted_loss: 0.0000, label: 0, bag_size: 10553
batch 659, loss: 0.0002, instance_loss: 0.0000, weighted_loss: 0.0002, label: 1, bag_size: 21952
batch 679, loss: 0.0367, instance_loss: 0.0005, weighted_loss: 0.0258, label: 1, bag_size: 22624
batch 699, loss: 0.0000, instance_loss: 0.0000, weighted_loss: 0.0000, label: 0, bag_size: 5315
batch 719, loss: 0.0001, instance_loss: 0.0000, weighted_loss: 0.0001, label: 1, bag_size: 2644
batch 739, loss: 0.0007, instance_loss: 0.0000, weighted_loss: 0.0005, label: 0, bag_size: 14002
batch 759, loss: 0.0005, instance_loss: 0.0000, weighted_loss: 0.0003, label: 0, bag_size: 3670
batch 779, loss: 0.0002, instance_loss: 0.0000, weighted_loss: 0.0002, label: 0, bag_size: 13004
batch 799, loss: 0.0011, instance_loss: 0.0000, weighted_loss: 0.0008, label: 0, bag_size: 8839
batch 819, loss: 0.0000, instance_loss: 0.0000, weighted_loss: 0.0000, label: 1, bag_size: 5082
batch 839, loss: 0.0000, instance_loss: 0.0000, weighted_loss: 0.0000, label: 1, bag_size: 21952
batch 859, loss: 0.0002, instance_loss: 0.0000, weighted_loss: 0.0001, label: 1, bag_size: 10371


class 0 clustering acc 1.0: correct 7008/7008
class 1 clustering acc 1.0: correct 7008/7008
Epoch: 13, train_loss: 0.0223, train_clustering_loss:  0.0003, train_error: 0.0057
class 0: acc 0.9934782608695653, correct 457/460
class 1: acc 0.9951923076923077, correct 414/416

Val Set, val_loss: 0.5224, val_error: 0.0891, auc: 0.4945
class 0 clustering acc 1.0: correct 1616/1616
class 1 clustering acc 1.0: correct 1616/1616
class 0: acc 0.9333333333333333, correct 182/195
class 1: acc 0.2857142857142857, correct 2/7
EarlyStopping counter: 5 out of 10


batch 19, loss: 0.0007, instance_loss: 0.0002, weighted_loss: 0.0005, label: 1, bag_size: 10180
batch 39, loss: 0.0003, instance_loss: 0.0000, weighted_loss: 0.0002, label: 1, bag_size: 9833
batch 59, loss: 0.0072, instance_loss: 0.0000, weighted_loss: 0.0051, label: 0, bag_size: 21322
batch 79, loss: 0.0023, instance_loss: 0.0000, weighted_loss: 0.0016, label: 0, bag_size: 21894
batch 99, loss: 0.0006, instance_loss: 0.0000, weighted_loss: 0.0004, label: 0, bag_size: 3876
batch 119, loss: 0.0003, instance_loss: 0.0000, weighted_loss: 0.0002, label: 0, bag_size: 3709
batch 139, loss: 0.0017, instance_loss: 0.0000, weighted_loss: 0.0012, label: 1, bag_size: 15079
batch 159, loss: 0.0000, instance_loss: 0.0004, weighted_loss: 0.0001, label: 1, bag_size: 7733
batch 179, loss: 0.0001, instance_loss: 0.0000, weighted_loss: 0.0001, label: 1, bag_size: 2644
batch 199, loss: 0.0000, instance_loss: 0.0028, weighted_loss: 0.0009, label: 0, bag_size: 1861
batch 219, loss: 0.0060, instance_loss: 0.0000, weighted_loss: 0.0042, label: 1, bag_size: 3628
batch 239, loss: 3.0666, instance_loss: 0.0000, weighted_loss: 2.1466, label: 0, bag_size: 15253
batch 259, loss: 8.9989, instance_loss: 0.0000, weighted_loss: 6.2992, label: 1, bag_size: 14763
batch 279, loss: 0.0072, instance_loss: 0.0000, weighted_loss: 0.0051, label: 0, bag_size: 15461
batch 299, loss: 0.0004, instance_loss: 0.0000, weighted_loss: 0.0003, label: 1, bag_size: 2644
batch 319, loss: 0.0196, instance_loss: 0.0000, weighted_loss: 0.0137, label: 0, bag_size: 7519
batch 339, loss: 0.0004, instance_loss: 0.0000, weighted_loss: 0.0003, label: 1, bag_size: 2644
batch 359, loss: 0.0000, instance_loss: 0.0000, weighted_loss: 0.0000, label: 0, bag_size: 2974
batch 379, loss: 0.0000, instance_loss: 0.0000, weighted_loss: 0.0000, label: 1, bag_size: 7733
batch 399, loss: 0.0025, instance_loss: 0.0000, weighted_loss: 0.0017, label: 0, bag_size: 2925
batch 419, loss: 0.0137, instance_loss: 0.0000, weighted_loss: 0.0096, label: 0, bag_size: 3020
batch 439, loss: 0.0001, instance_loss: 0.0000, weighted_loss: 0.0001, label: 1, bag_size: 6028
batch 459, loss: 0.0010, instance_loss: 0.0010, weighted_loss: 0.0010, label: 0, bag_size: 2465
batch 479, loss: 0.0004, instance_loss: 0.0000, weighted_loss: 0.0003, label: 0, bag_size: 6000
batch 499, loss: 0.0254, instance_loss: 0.0012, weighted_loss: 0.0181, label: 0, bag_size: 16707
batch 519, loss: 0.0000, instance_loss: 0.0000, weighted_loss: 0.0000, label: 0, bag_size: 4811
batch 539, loss: 0.0061, instance_loss: 0.0000, weighted_loss: 0.0043, label: 1, bag_size: 16197
batch 559, loss: 0.0005, instance_loss: 0.0000, weighted_loss: 0.0004, label: 1, bag_size: 22399
batch 579, loss: 0.0241, instance_loss: 0.0004, weighted_loss: 0.0170, label: 1, bag_size: 22624
batch 599, loss: 0.8325, instance_loss: 0.0005, weighted_loss: 0.5829, label: 0, bag_size: 15253
batch 619, loss: 0.0002, instance_loss: 0.0000, weighted_loss: 0.0001, label: 0, bag_size: 1865
batch 639, loss: 0.0000, instance_loss: 0.0000, weighted_loss: 0.0000, label: 1, bag_size: 3621
batch 659, loss: 0.0001, instance_loss: 0.0000, weighted_loss: 0.0001, label: 1, bag_size: 22871
batch 679, loss: 0.0001, instance_loss: 0.0000, weighted_loss: 0.0001, label: 1, bag_size: 6023
batch 699, loss: 0.0005, instance_loss: 0.0000, weighted_loss: 0.0003, label: 1, bag_size: 6344
batch 719, loss: 0.0034, instance_loss: 0.0000, weighted_loss: 0.0024, label: 1, bag_size: 10180
batch 739, loss: 0.0006, instance_loss: 0.0000, weighted_loss: 0.0004, label: 0, bag_size: 21774
batch 759, loss: 0.0003, instance_loss: 0.0000, weighted_loss: 0.0002, label: 0, bag_size: 12980
batch 779, loss: 0.0205, instance_loss: 0.0000, weighted_loss: 0.0144, label: 1, bag_size: 14528
batch 799, loss: 0.0003, instance_loss: 0.0000, weighted_loss: 0.0002, label: 1, bag_size: 5956
batch 819, loss: 0.0002, instance_loss: 0.0000, weighted_loss: 0.0001, label: 1, bag_size: 9833
batch 839, loss: 0.0000, instance_loss: 0.0000, weighted_loss: 0.0000, label: 1, bag_size: 3621
batch 859, loss: 0.0006, instance_loss: 0.0000, weighted_loss: 0.0004, label: 0, bag_size: 15470


class 0 clustering acc 1.0: correct 7008/7008
class 1 clustering acc 1.0: correct 7008/7008
Epoch: 14, train_loss: 0.0545, train_clustering_loss:  0.0001, train_error: 0.0160
class 0: acc 0.9833333333333333, correct 413/420
class 1: acc 0.9846491228070176, correct 449/456

Val Set, val_loss: 0.4396, val_error: 0.0792, auc: 0.4476
class 0 clustering acc 1.0: correct 1616/1616
class 1 clustering acc 1.0: correct 1616/1616
class 0: acc 0.9487179487179487, correct 185/195
class 1: acc 0.14285714285714285, correct 1/7
EarlyStopping counter: 6 out of 10


batch 19, loss: 0.0001, instance_loss: 0.0000, weighted_loss: 0.0001, label: 0, bag_size: 4280
batch 39, loss: 0.1105, instance_loss: 0.0000, weighted_loss: 0.0774, label: 0, bag_size: 5342
batch 59, loss: 0.0000, instance_loss: 0.0000, weighted_loss: 0.0000, label: 0, bag_size: 9969
batch 79, loss: 0.0000, instance_loss: 0.0000, weighted_loss: 0.0000, label: 0, bag_size: 15154
batch 99, loss: 0.0002, instance_loss: 0.0000, weighted_loss: 0.0001, label: 0, bag_size: 7324
batch 119, loss: 0.0003, instance_loss: 0.0010, weighted_loss: 0.0005, label: 1, bag_size: 3628
batch 139, loss: 0.0003, instance_loss: 0.0000, weighted_loss: 0.0002, label: 0, bag_size: 1954
batch 159, loss: 0.0000, instance_loss: 0.0000, weighted_loss: 0.0000, label: 0, bag_size: 1291
batch 179, loss: 0.0015, instance_loss: 0.0000, weighted_loss: 0.0010, label: 0, bag_size: 4292
batch 199, loss: 0.0004, instance_loss: 0.0002, weighted_loss: 0.0003, label: 0, bag_size: 10708
batch 219, loss: 0.0000, instance_loss: 0.0000, weighted_loss: 0.0000, label: 1, bag_size: 6028
batch 239, loss: 0.0000, instance_loss: 0.0000, weighted_loss: 0.0000, label: 1, bag_size: 5906
batch 259, loss: 0.0007, instance_loss: 0.0000, weighted_loss: 0.0005, label: 0, bag_size: 12672
batch 279, loss: 0.0211, instance_loss: 0.0000, weighted_loss: 0.0147, label: 0, bag_size: 15510
batch 299, loss: 0.0000, instance_loss: 0.0000, weighted_loss: 0.0000, label: 0, bag_size: 2868
batch 319, loss: 0.0000, instance_loss: 0.0000, weighted_loss: 0.0000, label: 0, bag_size: 2703
batch 339, loss: 0.0389, instance_loss: 0.0000, weighted_loss: 0.0272, label: 1, bag_size: 14528
batch 359, loss: 0.0000, instance_loss: 0.0000, weighted_loss: 0.0000, label: 0, bag_size: 5995
batch 379, loss: 0.0000, instance_loss: 0.0000, weighted_loss: 0.0000, label: 0, bag_size: 16854
batch 399, loss: 0.0003, instance_loss: 0.0000, weighted_loss: 0.0002, label: 0, bag_size: 3257
batch 419, loss: 0.0000, instance_loss: 0.0000, weighted_loss: 0.0000, label: 1, bag_size: 3621
batch 439, loss: 0.0008, instance_loss: 0.0002, weighted_loss: 0.0006, label: 0, bag_size: 15521
batch 459, loss: 0.0002, instance_loss: 0.0000, weighted_loss: 0.0001, label: 0, bag_size: 3228
batch 479, loss: 0.0001, instance_loss: 0.0000, weighted_loss: 0.0000, label: 0, bag_size: 8453
batch 499, loss: 0.0000, instance_loss: 0.0000, weighted_loss: 0.0000, label: 0, bag_size: 16051
batch 519, loss: 0.0001, instance_loss: 0.0000, weighted_loss: 0.0001, label: 1, bag_size: 21952
batch 539, loss: 0.0021, instance_loss: 0.0000, weighted_loss: 0.0015, label: 0, bag_size: 15853
batch 559, loss: 0.0011, instance_loss: 0.0000, weighted_loss: 0.0008, label: 1, bag_size: 16197
batch 579, loss: 0.0000, instance_loss: 0.0000, weighted_loss: 0.0000, label: 0, bag_size: 4804
batch 599, loss: 0.0000, instance_loss: 0.0000, weighted_loss: 0.0000, label: 0, bag_size: 5879
batch 619, loss: 0.0002, instance_loss: 0.0000, weighted_loss: 0.0001, label: 1, bag_size: 22042
batch 639, loss: 0.0001, instance_loss: 0.0000, weighted_loss: 0.0001, label: 0, bag_size: 6050
batch 659, loss: 0.0000, instance_loss: 0.0000, weighted_loss: 0.0000, label: 1, bag_size: 7879
batch 679, loss: 0.0019, instance_loss: 0.0000, weighted_loss: 0.0014, label: 0, bag_size: 7732
batch 699, loss: 0.0001, instance_loss: 0.0000, weighted_loss: 0.0000, label: 0, bag_size: 2999
batch 719, loss: 0.0000, instance_loss: 0.0000, weighted_loss: 0.0000, label: 1, bag_size: 5082
batch 739, loss: 0.0000, instance_loss: 0.0000, weighted_loss: 0.0000, label: 0, bag_size: 7225
batch 759, loss: 0.0001, instance_loss: 0.0000, weighted_loss: 0.0001, label: 0, bag_size: 16717
batch 779, loss: 0.0025, instance_loss: 0.0000, weighted_loss: 0.0017, label: 1, bag_size: 14528
batch 799, loss: 0.0005, instance_loss: 0.0000, weighted_loss: 0.0003, label: 1, bag_size: 6344
batch 819, loss: 0.0001, instance_loss: 0.0000, weighted_loss: 0.0001, label: 0, bag_size: 4299
batch 839, loss: 0.0001, instance_loss: 0.0000, weighted_loss: 0.0001, label: 1, bag_size: 22042
batch 859, loss: 0.0000, instance_loss: 0.0000, weighted_loss: 0.0000, label: 0, bag_size: 2576


class 0 clustering acc 1.0: correct 7008/7008
class 1 clustering acc 1.0: correct 7008/7008
Epoch: 15, train_loss: 0.0117, train_clustering_loss:  0.0001, train_error: 0.0057
class 0: acc 0.9956989247311828, correct 463/465
class 1: acc 0.9927007299270073, correct 408/411

Val Set, val_loss: 0.4401, val_error: 0.0644, auc: 0.4615
class 0 clustering acc 1.0: correct 1616/1616
class 1 clustering acc 1.0: correct 1616/1616
class 0: acc 0.958974358974359, correct 187/195
class 1: acc 0.2857142857142857, correct 2/7
EarlyStopping counter: 7 out of 10


batch 19, loss: 0.0030, instance_loss: 0.0000, weighted_loss: 0.0021, label: 1, bag_size: 4276
batch 39, loss: 0.7965, instance_loss: 0.0004, weighted_loss: 0.5577, label: 1, bag_size: 14763
batch 59, loss: 0.0000, instance_loss: 0.0000, weighted_loss: 0.0000, label: 0, bag_size: 3009
batch 79, loss: 0.0003, instance_loss: 0.0000, weighted_loss: 0.0002, label: 0, bag_size: 11672
batch 99, loss: 0.0113, instance_loss: 0.0000, weighted_loss: 0.0079, label: 0, bag_size: 16888
batch 119, loss: 0.0019, instance_loss: 0.0000, weighted_loss: 0.0013, label: 1, bag_size: 2671
batch 139, loss: 0.0501, instance_loss: 0.0000, weighted_loss: 0.0351, label: 1, bag_size: 4276
batch 159, loss: 0.0000, instance_loss: 0.0000, weighted_loss: 0.0000, label: 0, bag_size: 3007
batch 179, loss: 0.0083, instance_loss: 0.0000, weighted_loss: 0.0058, label: 1, bag_size: 14528
batch 199, loss: 0.0000, instance_loss: 0.0000, weighted_loss: 0.0000, label: 1, bag_size: 5906
batch 219, loss: 0.0001, instance_loss: 0.0000, weighted_loss: 0.0000, label: 0, bag_size: 13872
batch 239, loss: 0.0039, instance_loss: 0.0000, weighted_loss: 0.0027, label: 1, bag_size: 15079
batch 259, loss: 0.0048, instance_loss: 0.0000, weighted_loss: 0.0034, label: 0, bag_size: 18431
batch 279, loss: 0.0003, instance_loss: 0.0000, weighted_loss: 0.0002, label: 1, bag_size: 10180
batch 299, loss: 0.0010, instance_loss: 0.0000, weighted_loss: 0.0007, label: 1, bag_size: 16197
batch 319, loss: 0.0024, instance_loss: 0.0000, weighted_loss: 0.0017, label: 1, bag_size: 14528
batch 339, loss: 0.0003, instance_loss: 0.0000, weighted_loss: 0.0002, label: 0, bag_size: 5677
batch 359, loss: 0.0002, instance_loss: 0.0000, weighted_loss: 0.0001, label: 0, bag_size: 5879
batch 379, loss: 0.0000, instance_loss: 0.0000, weighted_loss: 0.0000, label: 0, bag_size: 6907
batch 399, loss: 0.0000, instance_loss: 0.0000, weighted_loss: 0.0000, label: 0, bag_size: 19929
batch 419, loss: 0.0001, instance_loss: 0.0000, weighted_loss: 0.0000, label: 1, bag_size: 5956
batch 439, loss: 0.0000, instance_loss: 0.0000, weighted_loss: 0.0000, label: 1, bag_size: 7879
batch 459, loss: 0.0001, instance_loss: 0.0000, weighted_loss: 0.0001, label: 1, bag_size: 6344
batch 479, loss: 0.0000, instance_loss: 0.0000, weighted_loss: 0.0000, label: 0, bag_size: 2375
batch 499, loss: 0.0018, instance_loss: 0.0000, weighted_loss: 0.0012, label: 1, bag_size: 2671
batch 519, loss: 0.0000, instance_loss: 0.0000, weighted_loss: 0.0000, label: 0, bag_size: 3602
batch 539, loss: 0.0019, instance_loss: 0.0000, weighted_loss: 0.0013, label: 1, bag_size: 22399
batch 559, loss: 0.0005, instance_loss: 0.0000, weighted_loss: 0.0003, label: 1, bag_size: 21609
batch 579, loss: 0.0000, instance_loss: 0.0000, weighted_loss: 0.0000, label: 0, bag_size: 3503
batch 599, loss: 0.0000, instance_loss: 0.0000, weighted_loss: 0.0000, label: 0, bag_size: 5006
batch 619, loss: 0.0000, instance_loss: 0.0000, weighted_loss: 0.0000, label: 1, bag_size: 2853
batch 639, loss: 0.0004, instance_loss: 0.0000, weighted_loss: 0.0003, label: 1, bag_size: 3024
batch 659, loss: 0.0003, instance_loss: 0.0005, weighted_loss: 0.0003, label: 0, bag_size: 2226
batch 679, loss: 0.0000, instance_loss: 0.0000, weighted_loss: 0.0000, label: 0, bag_size: 2553
batch 699, loss: 0.0000, instance_loss: 0.0000, weighted_loss: 0.0000, label: 1, bag_size: 8663
batch 719, loss: 0.0000, instance_loss: 0.0000, weighted_loss: 0.0000, label: 1, bag_size: 4492
batch 739, loss: 0.0000, instance_loss: 0.0003, weighted_loss: 0.0001, label: 1, bag_size: 6023
batch 759, loss: 0.0002, instance_loss: 0.0000, weighted_loss: 0.0001, label: 0, bag_size: 10665
batch 779, loss: 0.0000, instance_loss: 0.0000, weighted_loss: 0.0000, label: 0, bag_size: 3068
batch 799, loss: 0.0002, instance_loss: 0.0000, weighted_loss: 0.0001, label: 1, bag_size: 14414
batch 819, loss: 0.0001, instance_loss: 0.0000, weighted_loss: 0.0001, label: 0, bag_size: 2926
batch 839, loss: 0.0001, instance_loss: 0.0003, weighted_loss: 0.0002, label: 0, bag_size: 4692
batch 859, loss: 0.0000, instance_loss: 0.0000, weighted_loss: 0.0000, label: 1, bag_size: 4563


class 0 clustering acc 1.0: correct 7008/7008
class 1 clustering acc 1.0: correct 7008/7008
Epoch: 16, train_loss: 0.0040, train_clustering_loss:  0.0001, train_error: 0.0011
class 0: acc 1.0, correct 432/432
class 1: acc 0.9977477477477478, correct 443/444

Val Set, val_loss: 0.4803, val_error: 0.0792, auc: 0.4381
class 0 clustering acc 1.0: correct 1616/1616
class 1 clustering acc 1.0: correct 1616/1616
class 0: acc 0.9538461538461539, correct 186/195
class 1: acc 0.0, correct 0/7
EarlyStopping counter: 8 out of 10


batch 19, loss: 0.0000, instance_loss: 0.0000, weighted_loss: 0.0000, label: 0, bag_size: 20395
batch 39, loss: 0.0002, instance_loss: 0.0000, weighted_loss: 0.0002, label: 1, bag_size: 3628
batch 59, loss: 0.0000, instance_loss: 0.0000, weighted_loss: 0.0000, label: 1, bag_size: 14318
batch 79, loss: 0.0000, instance_loss: 0.0000, weighted_loss: 0.0000, label: 0, bag_size: 4569
batch 99, loss: 0.0000, instance_loss: 0.0000, weighted_loss: 0.0000, label: 0, bag_size: 9855
batch 119, loss: 0.0194, instance_loss: 0.0000, weighted_loss: 0.0136, label: 0, bag_size: 17549
batch 139, loss: 0.0000, instance_loss: 0.0000, weighted_loss: 0.0000, label: 0, bag_size: 3229
batch 159, loss: 0.0000, instance_loss: 0.0000, weighted_loss: 0.0000, label: 0, bag_size: 10001
batch 179, loss: 0.0001, instance_loss: 0.0000, weighted_loss: 0.0000, label: 1, bag_size: 9833
batch 199, loss: 0.0001, instance_loss: 0.0000, weighted_loss: 0.0001, label: 1, bag_size: 21952
batch 219, loss: 0.0002, instance_loss: 0.0000, weighted_loss: 0.0001, label: 1, bag_size: 21609
batch 239, loss: 0.0000, instance_loss: 0.0000, weighted_loss: 0.0000, label: 1, bag_size: 3621
batch 259, loss: 0.0001, instance_loss: 0.0000, weighted_loss: 0.0001, label: 0, bag_size: 18625
batch 279, loss: 0.0000, instance_loss: 0.0004, weighted_loss: 0.0001, label: 1, bag_size: 4563
batch 299, loss: 0.0002, instance_loss: 0.0000, weighted_loss: 0.0001, label: 0, bag_size: 13691
batch 319, loss: 0.0000, instance_loss: 0.0000, weighted_loss: 0.0000, label: 0, bag_size: 2364
batch 339, loss: 0.0000, instance_loss: 0.0000, weighted_loss: 0.0000, label: 1, bag_size: 7879
batch 359, loss: 0.0000, instance_loss: 0.0000, weighted_loss: 0.0000, label: 0, bag_size: 1358
batch 379, loss: 0.0000, instance_loss: 0.0000, weighted_loss: 0.0000, label: 1, bag_size: 4492
batch 399, loss: 0.0054, instance_loss: 0.0000, weighted_loss: 0.0038, label: 1, bag_size: 14763
batch 419, loss: 0.0000, instance_loss: 0.0000, weighted_loss: 0.0000, label: 0, bag_size: 6000
batch 439, loss: 0.0000, instance_loss: 0.0000, weighted_loss: 0.0000, label: 0, bag_size: 6907
batch 459, loss: 0.0001, instance_loss: 0.0000, weighted_loss: 0.0001, label: 1, bag_size: 14528
batch 479, loss: 0.0000, instance_loss: 0.0000, weighted_loss: 0.0000, label: 1, bag_size: 12989
batch 499, loss: 0.0000, instance_loss: 0.0000, weighted_loss: 0.0000, label: 0, bag_size: 9888
batch 519, loss: 0.0000, instance_loss: 0.0000, weighted_loss: 0.0000, label: 1, bag_size: 7733
batch 539, loss: 0.0001, instance_loss: 0.0000, weighted_loss: 0.0001, label: 1, bag_size: 8663
batch 559, loss: 0.0000, instance_loss: 0.0000, weighted_loss: 0.0000, label: 0, bag_size: 3666
batch 579, loss: 0.0000, instance_loss: 0.0000, weighted_loss: 0.0000, label: 1, bag_size: 7879
batch 599, loss: 0.0000, instance_loss: 0.0000, weighted_loss: 0.0000, label: 1, bag_size: 16197
batch 619, loss: 0.0000, instance_loss: 0.0000, weighted_loss: 0.0000, label: 0, bag_size: 12484
batch 639, loss: 0.0000, instance_loss: 0.0000, weighted_loss: 0.0000, label: 1, bag_size: 2671
batch 659, loss: 0.0000, instance_loss: 0.0000, weighted_loss: 0.0000, label: 1, bag_size: 2853
batch 679, loss: 0.0000, instance_loss: 0.0000, weighted_loss: 0.0000, label: 0, bag_size: 3409
batch 699, loss: 0.0000, instance_loss: 0.0000, weighted_loss: 0.0000, label: 0, bag_size: 17332
batch 719, loss: 0.0000, instance_loss: 0.0000, weighted_loss: 0.0000, label: 1, bag_size: 16197
batch 739, loss: 0.0000, instance_loss: 0.0000, weighted_loss: 0.0000, label: 0, bag_size: 1867
batch 759, loss: 0.0000, instance_loss: 0.0000, weighted_loss: 0.0000, label: 0, bag_size: 6871
batch 779, loss: 0.0000, instance_loss: 0.0000, weighted_loss: 0.0000, label: 1, bag_size: 5082
batch 799, loss: 0.0000, instance_loss: 0.0000, weighted_loss: 0.0000, label: 1, bag_size: 4492
batch 819, loss: 0.0000, instance_loss: 0.0000, weighted_loss: 0.0000, label: 0, bag_size: 2922
batch 839, loss: 0.0000, instance_loss: 0.0000, weighted_loss: 0.0000, label: 0, bag_size: 6194
batch 859, loss: 0.0001, instance_loss: 0.0000, weighted_loss: 0.0000, label: 1, bag_size: 4365


class 0 clustering acc 1.0: correct 7008/7008
class 1 clustering acc 1.0: correct 7008/7008
Epoch: 17, train_loss: 0.0008, train_clustering_loss:  0.0001, train_error: 0.0000
class 0: acc 1.0, correct 453/453
class 1: acc 1.0, correct 423/423

Val Set, val_loss: 0.4838, val_error: 0.0644, auc: 0.4454
class 0 clustering acc 1.0: correct 1616/1616
class 1 clustering acc 1.0: correct 1616/1616
class 0: acc 0.9641025641025641, correct 188/195
class 1: acc 0.14285714285714285, correct 1/7
EarlyStopping counter: 9 out of 10


batch 19, loss: 0.0020, instance_loss: 0.0000, weighted_loss: 0.0014, label: 1, bag_size: 14763
batch 39, loss: 0.0001, instance_loss: 0.0000, weighted_loss: 0.0001, label: 1, bag_size: 3024
batch 59, loss: 0.0002, instance_loss: 0.0000, weighted_loss: 0.0001, label: 0, bag_size: 9366
batch 79, loss: 0.0004, instance_loss: 0.0000, weighted_loss: 0.0003, label: 1, bag_size: 22624
batch 99, loss: 0.0001, instance_loss: 0.0000, weighted_loss: 0.0001, label: 1, bag_size: 2644
batch 119, loss: 0.0001, instance_loss: 0.0000, weighted_loss: 0.0001, label: 0, bag_size: 7208
batch 139, loss: 0.0000, instance_loss: 0.0000, weighted_loss: 0.0000, label: 1, bag_size: 3621
batch 159, loss: 0.0000, instance_loss: 0.0000, weighted_loss: 0.0000, label: 0, bag_size: 8458
batch 179, loss: 0.0003, instance_loss: 0.0000, weighted_loss: 0.0002, label: 0, bag_size: 1750
batch 199, loss: 0.0000, instance_loss: 0.0000, weighted_loss: 0.0000, label: 1, bag_size: 4365
batch 219, loss: 0.0007, instance_loss: 0.0000, weighted_loss: 0.0005, label: 1, bag_size: 10371
batch 239, loss: 0.0001, instance_loss: 0.0000, weighted_loss: 0.0001, label: 0, bag_size: 2226
batch 259, loss: 0.0001, instance_loss: 0.0000, weighted_loss: 0.0001, label: 0, bag_size: 16350
batch 279, loss: 0.0000, instance_loss: 0.0000, weighted_loss: 0.0000, label: 0, bag_size: 8863
batch 299, loss: 0.0000, instance_loss: 0.0000, weighted_loss: 0.0000, label: 0, bag_size: 2776
batch 319, loss: 0.0000, instance_loss: 0.0000, weighted_loss: 0.0000, label: 0, bag_size: 7324
batch 339, loss: 0.0019, instance_loss: 0.0000, weighted_loss: 0.0014, label: 1, bag_size: 6023
batch 359, loss: 0.0008, instance_loss: 0.0000, weighted_loss: 0.0006, label: 0, bag_size: 17540
batch 379, loss: 0.0001, instance_loss: 0.0000, weighted_loss: 0.0001, label: 1, bag_size: 10180
batch 399, loss: 0.0000, instance_loss: 0.0000, weighted_loss: 0.0000, label: 1, bag_size: 14528
batch 419, loss: 0.0000, instance_loss: 0.0000, weighted_loss: 0.0000, label: 0, bag_size: 12980
batch 439, loss: 0.0000, instance_loss: 0.0003, weighted_loss: 0.0001, label: 1, bag_size: 3628
batch 459, loss: 0.0001, instance_loss: 0.0000, weighted_loss: 0.0000, label: 0, bag_size: 6384
batch 479, loss: 0.0000, instance_loss: 0.0000, weighted_loss: 0.0000, label: 0, bag_size: 19205
batch 499, loss: 0.0000, instance_loss: 0.0000, weighted_loss: 0.0000, label: 0, bag_size: 8731
batch 519, loss: 0.0003, instance_loss: 0.0000, weighted_loss: 0.0002, label: 0, bag_size: 4889
batch 539, loss: 0.0003, instance_loss: 0.0000, weighted_loss: 0.0002, label: 1, bag_size: 14763
batch 559, loss: 0.0000, instance_loss: 0.0000, weighted_loss: 0.0000, label: 1, bag_size: 6812
batch 579, loss: 0.0000, instance_loss: 0.0000, weighted_loss: 0.0000, label: 1, bag_size: 14414
batch 599, loss: 0.0000, instance_loss: 0.0000, weighted_loss: 0.0000, label: 1, bag_size: 5828
batch 619, loss: 0.0000, instance_loss: 0.0000, weighted_loss: 0.0000, label: 1, bag_size: 14318
batch 639, loss: 0.0001, instance_loss: 0.0004, weighted_loss: 0.0002, label: 0, bag_size: 2402
batch 659, loss: 0.0000, instance_loss: 0.0000, weighted_loss: 0.0000, label: 1, bag_size: 7879
batch 679, loss: 0.0001, instance_loss: 0.0000, weighted_loss: 0.0000, label: 1, bag_size: 21609
batch 699, loss: 0.0001, instance_loss: 0.0000, weighted_loss: 0.0001, label: 1, bag_size: 7879
batch 719, loss: 0.0000, instance_loss: 0.0000, weighted_loss: 0.0000, label: 0, bag_size: 3383
batch 739, loss: 0.0002, instance_loss: 0.0000, weighted_loss: 0.0002, label: 0, bag_size: 4633
batch 759, loss: 0.0006, instance_loss: 0.0000, weighted_loss: 0.0004, label: 0, bag_size: 21253
batch 779, loss: 0.0000, instance_loss: 0.0000, weighted_loss: 0.0000, label: 0, bag_size: 16402
batch 799, loss: 0.0000, instance_loss: 0.0000, weighted_loss: 0.0000, label: 1, bag_size: 21952
batch 819, loss: 0.0001, instance_loss: 0.0000, weighted_loss: 0.0000, label: 1, bag_size: 3024
batch 839, loss: 0.0001, instance_loss: 0.0000, weighted_loss: 0.0000, label: 1, bag_size: 3024
batch 859, loss: 0.0000, instance_loss: 0.0000, weighted_loss: 0.0000, label: 1, bag_size: 22871


class 0 clustering acc 1.0: correct 7008/7008
class 1 clustering acc 1.0: correct 7008/7008
Epoch: 18, train_loss: 0.0006, train_clustering_loss:  0.0001, train_error: 0.0000
class 0: acc 1.0, correct 421/421
class 1: acc 1.0, correct 455/455

Val Set, val_loss: 0.5300, val_error: 0.0743, auc: 0.4725
class 0 clustering acc 1.0: correct 1616/1616
class 1 clustering acc 1.0: correct 1616/1616
class 0: acc 0.9538461538461539, correct 186/195
class 1: acc 0.14285714285714285, correct 1/7
EarlyStopping counter: 10 out of 10
Early stopping
Val error: 0.0446, ROC AUC: 0.5245
CV validation error: 0.0446, ROC AUC: 0.5245
class 0: acc 0.9846153846153847, correct 192/195
class 1: acc 0.14285714285714285, correct 1/7
Future event metrics: {"fold": 4, "events": 90, "positive_events": 2, "event_average_precision": 0.18137254901960784, "event_roc_auc": 0.6136363636363636, "event_brier": 0.026516988435657286, "aggregation": "mean probability across all included stains/slides of same patient/anchor date", "exploratory_cv_not_independent_final_test": true}
finished!
end script
