event_id,label,probability,slides,stain_groups,probability_fold_0,probability_fold_1,probability_fold_2,probability_fold_3,probability_fold_4,probability_fold_5,probability_fold_6,probability_fold_7,probability_fold_8,probability_fold_9,probability_fold_10,probability_fold_11,probability_fold_12,probability_fold_13,probability_fold_14,probability_fold_15,probability_fold_16,probability_fold_17,probability_fold_18,probability_fold_19,probability_fold_20,probability_fold_21,probability_fold_22,probability_fold_23,probability_fold_24,prediction
GSE290577_core_Patient_10_1,1,0.3882204073667526,1,HE,0.3726133108139038,0.3886439800262451,0.3145920932292938,0.7482612133026123,0.14219321310520172,0.3630082905292511,0.5564106106758118,0.21936574578285217,0.399800181388855,0.2267380952835083,0.4646599292755127,0.5621801018714905,0.578662633895874,0.18122684955596924,0.38822469115257263,0.3217402994632721,0.07295162975788116,0.2373773157596588,0.46112918853759766,0.5152381658554077,0.48587530851364136,0.8333334922790527,0.08937294781208038,0.22662580013275146,0.5552850961685181,0
GSE290577_core_Patient_10_2,1,0.1698555036075413,1,HE,0.27490469813346863,0.25754812359809875,0.264013409614563,0.068046435713768,0.035667676478624344,0.15931078791618347,0.1566964089870453,0.022424891591072083,0.2760675549507141,0.10485867410898209,0.03635702654719353,0.053520575165748596,0.33326002955436707,0.0251916516572237,0.0132886478677392,0.21180017292499542,0.0018442124128341675,0.015318995341658592,0.45414042472839355,0.13692034780979156,0.4715995490550995,0.6384810209274292,0.005364459007978439,0.006050876807421446,0.22371093928813934,0
GSE290577_core_Patient_10_3,1,0.36511547046713533,1,HE,0.3667201101779938,0.4776802062988281,0.3519956171512604,0.1608561873435974,0.28217530250549316,0.6300135850906372,0.42529937624931335,0.10124639421701431,0.6469480395317078,0.08484756946563721,0.13225850462913513,0.4421869218349457,0.7166680097579956,0.47132185101509094,0.1352061629295349,0.7767816781997681,0.0023768979590386152,0.026750925928354263,0.7737507820129395,0.3236401677131653,0.5484222769737244,0.9743726253509521,0.02511150948703289,0.036173563450574875,0.21508249640464783,0
GSE290577_core_Patient_11_1,1,0.3202047291491181,1,HE,0.37172695994377136,0.4559498131275177,0.30486467480659485,0.0897127240896225,0.12669776380062103,0.480245977640152,0.3463193476200104,0.08455518633127213,0.5764201879501343,0.08795662969350815,0.07004927843809128,0.3693975508213043,0.6840442419052124,0.4081321656703949,0.07598493248224258,0.7136903405189514,0.0011785889510065317,0.017580201849341393,0.7561377882957458,0.2056850641965866,0.5190403461456299,0.9698174595832825,0.019499799236655235,0.028872817754745483,0.24155838787555695,0
GSE290577_core_Patient_11_2,1,0.35156337697990236,1,HE,0.3783101439476013,0.37893685698509216,0.3254084289073944,0.20824018120765686,0.13942238688468933,0.5398244857788086,0.40938228368759155,0.07350029051303864,0.5903429388999939,0.1042850986123085,0.09248080104589462,0.4544108808040619,0.7897025346755981,0.4856802821159363,0.058261722326278687,0.860849142074585,0.0018971872050315142,0.03843468800187111,0.7295870184898376,0.29382139444351196,0.5385326147079468,0.9664279222488403,0.035681817680597305,0.01679384335875511,0.27886947989463806,0
GSE290577_core_Patient_11_3,0,0.16279125662520527,1,HE,0.19286778569221497,0.22220665216445923,0.2417079359292984,0.05425195395946503,0.06389389932155609,0.13429105281829834,0.17427408695220947,0.03981739282608032,0.2656863033771515,0.08656954765319824,0.029949786141514778,0.053535789251327515,0.08556951582431793,0.029376624152064323,0.09515679627656937,0.09114072471857071,0.008942230604588985,0.021463746204972267,0.53980952501297,0.2006283402442932,0.590607762336731,0.6811283826828003,0.004008739721029997,0.01766715943813324,0.14522968232631683,0
GSE290577_core_Patient_11_4,0,0.11038264226866885,1,HE,0.3023971617221832,0.166622593998909,0.15355920791625977,0.05513548478484154,0.012911737896502018,0.07507689297199249,0.09014566242694855,0.014180948957800865,0.1244196742773056,0.11952388286590576,0.01821100153028965,0.008086211048066616,0.1544208526611328,0.013067089021205902,0.0030278251506388187,0.27119019627571106,0.0002978982520289719,0.0074729411862790585,0.1882808655500412,0.07199004292488098,0.3382584750652313,0.24082352221012115,0.004746532998979092,0.001497147954069078,0.324222207069397,0
GSE290577_core_Patient_12_1,1,0.21294706039130687,1,HE,0.32086074352264404,0.3323073387145996,0.23199760913848877,0.06677305698394775,0.07168634980916977,0.17451125383377075,0.242550328373909,0.053577374666929245,0.3852144181728363,0.09883970767259598,0.03261624276638031,0.10448358952999115,0.3230624794960022,0.07215772569179535,0.04672457277774811,0.2989253103733063,0.002411327324807644,0.011560940183699131,0.6221743822097778,0.1760861724615097,0.49915292859077454,0.8893572688102722,0.011986574158072472,0.01956241950392723,0.23509639501571655,0
GSE290577_core_Patient_12_2,1,0.2833221340179443,1,HE,0.19253972172737122,0.2827041447162628,0.33362096548080444,0.1965036541223526,0.4081745445728302,0.5556570887565613,0.2911338210105896,0.09145770967006683,0.5948311686515808,0.07561316341161728,0.047579631209373474,0.15790383517742157,0.33008500933647156,0.1346931755542755,0.2950354516506195,0.1432555764913559,0.01590030826628208,0.04149641841650009,0.7741917967796326,0.34437453746795654,0.661098837852478,0.9406607151031494,0.010816264897584915,0.030311034992337227,0.13341477513313293,0
GSE290577_core_Patient_12_3,1,0.22071377099957318,1,HE,0.2700536549091339,0.28994569182395935,0.24441124498844147,0.0815976932644844,0.05653615668416023,0.2276563197374344,0.2286321222782135,0.03689396381378174,0.3936305344104767,0.10024146735668182,0.08642178773880005,0.13998690247535706,0.32321277260780334,0.09066486358642578,0.0214174035936594,0.3645685911178589,0.0014639183646067977,0.027871068567037582,0.6382418274879456,0.2215692698955536,0.49902263283729553,0.903445303440094,0.01402127556502819,0.006526904180645943,0.24981090426445007,0
GSE290577_core_Patient_12_4,1,0.2690915620001033,1,HE,0.41072070598602295,0.28145965933799744,0.269291490316391,0.13762910664081573,0.04078882187604904,0.233529731631279,0.2233474850654602,0.03767845779657364,0.40750187635421753,0.1272558718919754,0.07683122903108597,0.11078117042779922,0.7556855082511902,0.129328191280365,0.014229172840714455,0.9143346548080444,0.0009614519076421857,0.04077215492725372,0.5085198879241943,0.20293596386909485,0.4930315911769867,0.9169662594795227,0.020275235176086426,0.005122324451804161,0.3683110475540161,0
GSE290577_core_Patient_13_1,0,0.125743409069255,1,HE,0.17208756506443024,0.15600113570690155,0.2458065152168274,0.04599243775010109,0.03655722364783287,0.13433130085468292,0.09428775310516357,0.02540285885334015,0.22802330553531647,0.09101121127605438,0.008627363480627537,0.014535067602992058,0.1323224902153015,0.015610353089869022,0.044297754764556885,0.07116744667291641,0.005352092906832695,0.009825540706515312,0.38930726051330566,0.0786053016781807,0.5865052938461304,0.3951558768749237,0.002561979228630662,0.009917120449244976,0.15029297769069672,0
GSE290577_core_Patient_13_2,0,0.17654109071940183,1,HE,0.23523633182048798,0.22495992481708527,0.2433374524116516,0.20101849734783173,0.050850361585617065,0.2073872983455658,0.17768414318561554,0.06364686042070389,0.3002433180809021,0.11080842465162277,0.018193412572145462,0.030490444973111153,0.27972081303596497,0.03790906444191933,0.05272344872355461,0.11205854266881943,0.004783437587320805,0.017148073762655258,0.4801572859287262,0.189017653465271,0.5609822869300842,0.5489652156829834,0.008249234408140182,0.009895559400320053,0.2480601817369461,0
GSE290577_core_Patient_13_3,1,0.33674895275384187,1,HE,0.4432534873485565,0.28151240944862366,0.30085986852645874,0.716132640838623,0.08810020983219147,0.3323468565940857,0.38308775424957275,0.1675172746181488,0.41548722982406616,0.21794727444648743,0.15766765177249908,0.3102758526802063,0.7149780988693237,0.10576172918081284,0.2218761295080185,0.46086570620536804,0.012832638807594776,0.13410227000713348,0.533491313457489,0.5039039850234985,0.6186118721961975,0.6394833922386169,0.0550265833735466,0.058734312653541565,0.5448672771453857,0
GSE290577_core_Patient_13_4,1,0.1351291729789227,1,HE,0.18420793116092682,0.16065169870853424,0.1906859427690506,0.04948272183537483,0.012375710532069206,0.15986448526382446,0.09032660722732544,0.019013941287994385,0.17221632599830627,0.09852640330791473,0.008032944053411484,0.01129757147282362,0.3854201138019562,0.02301216311752796,0.006338062696158886,0.32250216603279114,0.0006645701359957457,0.004063710104674101,0.22591441869735718,0.04883035644888878,0.39156290888786316,0.5536012053489685,0.003772428724914789,0.0020362921059131622,0.25382864475250244,0
GSE290577_core_Patient_14_1,1,0.2200385438837111,1,HE,0.2900121212005615,0.25149381160736084,0.270147442817688,0.1448046863079071,0.08444750308990479,0.26361319422721863,0.24533353745937347,0.05384652689099312,0.35069793462753296,0.1215742900967598,0.03698132559657097,0.07202836871147156,0.4008099436759949,0.044436391443014145,0.08578482270240784,0.29142680764198303,0.0059668864123523235,0.02751484140753746,0.5580960512161255,0.20180414617061615,0.5678768157958984,0.8404203653335571,0.00925538595765829,0.01811925321817398,0.2644711434841156,0
GSE290577_core_Patient_14_2,1,0.18379181532887742,1,HE,0.3622439205646515,0.21233107149600983,0.19183991849422455,0.1194004938006401,0.03285190835595131,0.12940914928913116,0.15316817164421082,0.024078775197267532,0.2276507318019867,0.13811278343200684,0.03342122584581375,0.026915352791547775,0.422052264213562,0.04042870178818703,0.00996126513928175,0.54390949010849,0.0009607129613868892,0.020841659978032112,0.29414209723472595,0.14173847436904907,0.4514552056789398,0.6318448781967163,0.011840678751468658,0.0027603330090641975,0.37143611907958984,0
GSE290577_core_Patient_15_1,1,0.33387829404324293,1,HE,0.3161570727825165,0.27780887484550476,0.4352581799030304,0.36942604184150696,0.4398427903652191,0.6051269173622131,0.33750465512275696,0.07383254915475845,0.624230146408081,0.09432020038366318,0.11039037257432938,0.19759921729564667,0.37355226278305054,0.1161603331565857,0.3577142357826233,0.21828904747962952,0.04761485010385513,0.21972383558750153,0.7715204954147339,0.4924183785915375,0.6893143653869629,0.9325423240661621,0.01461122091859579,0.05105877295136452,0.18094021081924438,0
GSE290577_core_Patient_15_2,1,0.5030210394784809,1,HE,0.4027617871761322,0.6335901021957397,0.4265536963939667,0.5032055377960205,0.4985865652561188,0.8123456835746765,0.7085134387016296,0.3184179961681366,0.7068576812744141,0.1133475974202156,0.4189302623271942,0.7029430866241455,0.7678166031837463,0.8277537226676941,0.3349815011024475,0.85636305809021,0.01412444468587637,0.04722413048148155,0.7763936519622803,0.5885376334190369,0.5670599341392517,0.991060197353363,0.06971511989831924,0.13567562401294708,0.3527669310569763,1
GSE290577_core_Patient_17_1,1,0.296420223005116,1,HE,0.5162103772163391,0.40511780977249146,0.2803855240345001,0.20325160026550293,0.08441418409347534,0.20474517345428467,0.3724748194217682,0.1511261761188507,0.33682915568351746,0.21753382682800293,0.17168079316616058,0.23813417553901672,0.42439040541648865,0.08183398842811584,0.07960858196020126,0.7147904634475708,0.01198683399707079,0.07604160159826279,0.4862383306026459,0.443685382604599,0.5070404410362244,0.8095459938049316,0.04144563525915146,0.040746428072452545,0.5112478733062744,0
GSE290577_core_Patient_18_1,0,0.31785570945590735,1,HE,0.28774577379226685,0.4490904211997986,0.42666885256767273,0.13952527940273285,0.3104773759841919,0.5113648772239685,0.4344019591808319,0.10307048261165619,0.6176352500915527,0.08394142985343933,0.10187861323356628,0.26931750774383545,0.39624184370040894,0.11749928444623947,0.30312901735305786,0.23031646013259888,0.019512305036187172,0.04664509743452072,0.781269907951355,0.45044124126434326,0.6544307470321655,0.9385208487510681,0.011956495232880116,0.09221896529197693,0.16909269988536835,0
GSE290577_core_Patient_18_2,1,0.44083351984620095,1,HE,0.4737778902053833,0.420697420835495,0.3507043719291687,0.7678653597831726,0.10814134031534195,0.42699313163757324,0.5331443548202515,0.255154013633728,0.5046643018722534,0.24168449640274048,0.5603005290031433,0.6767486333847046,0.64140784740448,0.18035000562667847,0.25700464844703674,0.6912486553192139,0.027848366647958755,0.35259073972702026,0.6214154362678528,0.6488344669342041,0.5867722630500793,0.8395657539367676,0.10833414644002914,0.17820057272911072,0.5673892498016357,0
GSE290577_core_Patient_19_1,1,0.1426823042333126,1,HE,0.19316355884075165,0.2025175541639328,0.22733505070209503,0.07486744225025177,0.023513613268733025,0.14719554781913757,0.14714990556240082,0.051201995462179184,0.2010665088891983,0.11262911558151245,0.016221795231103897,0.0507095642387867,0.2420191466808319,0.020318062976002693,0.043027155101299286,0.1236322745680809,0.0026943599805235863,0.010690216906368732,0.32796284556388855,0.11007407307624817,0.47244566679000854,0.5057196021080017,0.0041673798114061356,0.021045411005616188,0.23568975925445557,0
GSE290577_core_Patient_19_2,1,0.17296137816272675,1,HE,0.18649449944496155,0.23444600403308868,0.283324658870697,0.04575584828853607,0.07383271306753159,0.16795405745506287,0.1714363843202591,0.03306898847222328,0.3252933919429779,0.09410843253135681,0.02273673750460148,0.04470597207546234,0.23277677595615387,0.02187267690896988,0.0451815202832222,0.11497631669044495,0.0068770297802984715,0.012385948561131954,0.4940030574798584,0.16739501059055328,0.527722954750061,0.8107843995094299,0.002841019304469228,0.015551813878118992,0.18850824236869812,0
GSE290577_core_Patient_19_3,1,0.3396393490303308,1,HE,0.2589053511619568,0.3776770234107971,0.33398520946502686,0.20396782457828522,0.23657314479351044,0.5575215220451355,0.41137370467185974,0.1066029816865921,0.5942804217338562,0.08739567548036575,0.11508042365312576,0.4376724660396576,0.76275634765625,0.3828106224536896,0.09709812700748444,0.692584216594696,0.003171301679685712,0.024654679000377655,0.7144556641578674,0.30221837759017944,0.5326105356216431,0.9668157696723938,0.022025620564818382,0.03878098353743553,0.22996573150157928,0
GSE290577_core_Patient_19_4,1,0.14813760317862035,1,HE,0.2380310595035553,0.17359578609466553,0.18059463798999786,0.09839878976345062,0.025123227387666702,0.10056579113006592,0.14378371834754944,0.022668922320008278,0.13845758140087128,0.13452747464179993,0.025869468227028847,0.05470232293009758,0.46266740560531616,0.02143949083983898,0.0182883869856596,0.3280355930328369,0.001810181885957718,0.031242916360497475,0.18361949920654297,0.15712179243564606,0.3154177963733673,0.48437684774398804,0.005050867795944214,0.018676575273275375,0.33937394618988037,0
GSE290577_core_Patient_1_1,1,0.1884789520315826,1,HE,0.33308959007263184,0.25005874037742615,0.18455398082733154,0.08260457217693329,0.04039216786623001,0.14129281044006348,0.20748640596866608,0.042538609355688095,0.1989443302154541,0.1384207159280777,0.023235972970724106,0.04970572143793106,0.45596230030059814,0.03344176337122917,0.025110675022006035,0.5256003737449646,0.0017685182392597198,0.011096916161477566,0.2755073308944702,0.13924427330493927,0.37063366174697876,0.7875615358352661,0.007306606043130159,0.010274918749928474,0.3761413097381592,0
GSE290577_core_Patient_1_2,1,0.15745101171080023,1,HE,0.3351902365684509,0.20056459307670593,0.17911827564239502,0.17109450697898865,0.02341325208544731,0.1199033260345459,0.14623099565505981,0.04231207072734833,0.17601211369037628,0.16031917929649353,0.03258848190307617,0.025031793862581253,0.3261778950691223,0.025756681337952614,0.02114558406174183,0.22572632133960724,0.0016985718393698335,0.022118980064988136,0.30669236183166504,0.15863630175590515,0.47694239020347595,0.33277058601379395,0.010489447042346,0.007292342372238636,0.40904900431632996,0
GSE290577_core_Patient_1_3,1,0.19744039696175605,1,HE,0.4057599604129791,0.22990994155406952,0.21680377423763275,0.08339031040668488,0.03731181472539902,0.14193934202194214,0.1393236517906189,0.0222187303006649,0.32180652022361755,0.1039024069905281,0.03806287795305252,0.03610873967409134,0.4646206498146057,0.03762419521808624,0.013317432254552841,0.5242036581039429,0.0007944452809169888,0.016134073957800865,0.5233572721481323,0.12405090034008026,0.498043954372406,0.671143114566803,0.008267214521765709,0.0051490385085344315,0.2727659046649933,0
GSE290577_core_Patient_1_4,1,0.4048808693885803,1,HE,0.4335792660713196,0.3273445963859558,0.2938307523727417,0.7307738065719604,0.14354266226291656,0.3740498721599579,0.5014861822128296,0.19812923669815063,0.43931689858436584,0.22590313851833344,0.5336247682571411,0.5818596482276917,0.601800262928009,0.11011843383312225,0.26249581575393677,0.5135964155197144,0.02130895107984543,0.29958653450012207,0.5971049070358276,0.5945224165916443,0.5727655291557312,0.8340415358543396,0.06595735996961594,0.2993864119052887,0.5658963322639465,0
GSE290577_core_Patient_20_1,0,0.20543765835464,1,HE,0.3694271743297577,0.25853562355041504,0.23865507543087006,0.1093219742178917,0.05404789745807648,0.16020597517490387,0.19706842303276062,0.03632917255163193,0.3319372534751892,0.12166952341794968,0.06674721837043762,0.05703545734286308,0.3061840832233429,0.041380707174539566,0.022597741335630417,0.30497854948043823,0.0025580902583897114,0.026112068444490433,0.5382497906684875,0.22256554663181305,0.5521718859672546,0.8068960309028625,0.008991052396595478,0.007419191766530275,0.2948559522628784,0
GSE290577_core_Patient_20_2,0,0.19413240938447415,1,HE,0.3277670741081238,0.33704665303230286,0.2251763641834259,0.08740931749343872,0.033738818019628525,0.16853074729442596,0.3023548126220703,0.06541480123996735,0.25244203209877014,0.14704737067222595,0.055576395243406296,0.11274929344654083,0.15966486930847168,0.044140610843896866,0.03320232778787613,0.23004937171936035,0.003006124636158347,0.0232382882386446,0.41803258657455444,0.26183316111564636,0.45066526532173157,0.724077582359314,0.013055194169282913,0.014222834259271622,0.3628683388233185,0
GSE290577_core_Patient_21_1,1,0.21435815433040262,1,HE,0.26302623748779297,0.1587117612361908,0.3103117048740387,0.21752609312534332,0.177553191781044,0.2311028689146042,0.1365593522787094,0.030290666967630386,0.3680795729160309,0.09915272891521454,0.07999628037214279,0.051775913685560226,0.2407124787569046,0.03137914463877678,0.059275973588228226,0.18709881603717804,0.01032180804759264,0.15303100645542145,0.5999696850776672,0.3420964479446411,0.6482033133506775,0.7531003952026367,0.004843772854655981,0.007255692034959793,0.19757895171642303,0
GSE290577_core_Patient_21_2,1,0.20988362167030572,1,HE,0.23900724947452545,0.15576684474945068,0.26404035091400146,0.1881219446659088,0.2831953465938568,0.19004404544830322,0.1582324504852295,0.03329426795244217,0.3276419937610626,0.09924770891666412,0.08916082233190536,0.05410071834921837,0.1589762270450592,0.032362665981054306,0.08890354633331299,0.1415117233991623,0.011808534152805805,0.13747501373291016,0.5646730661392212,0.44784724712371826,0.6191093325614929,0.7591801285743713,0.005334440618753433,0.006786756217479706,0.19126811623573303,0
GSE290577_core_Patient_21_3,0,0.17949790513142944,1,HE,0.4467892050743103,0.17229048907756805,0.22556458413600922,0.19174179434776306,0.03197371959686279,0.13449262082576752,0.0984417200088501,0.017777936533093452,0.28160059452056885,0.15047764778137207,0.07394737750291824,0.008863326162099838,0.397298127412796,0.024003837257623672,0.0065313829109072685,0.46323108673095703,0.0010562059469521046,0.042475566267967224,0.40895876288414,0.1584920436143875,0.560486376285553,0.21342140436172485,0.008699986152350903,0.0011860625818371773,0.3676457703113556,0
GSE290577_core_Patient_22_1,0,0.15424445032258519,1,HE,0.26803162693977356,0.16850630939006805,0.1855236142873764,0.039226021617650986,0.015350962989032269,0.15409569442272186,0.09077267348766327,0.01643546111881733,0.25267142057418823,0.09204462170600891,0.01484287902712822,0.029401574283838272,0.26987606287002563,0.025470025837421417,0.007508389186114073,0.36408087611198425,0.0002612304233480245,0.00944423582404852,0.33025485277175903,0.058046527206897736,0.42213356494903564,0.8194260597229004,0.0035148318856954575,0.0026668275240808725,0.2165249139070511,0
GSE290577_core_Patient_22_2,0,0.12180825073271989,1,HE,0.1993871033191681,0.17641770839691162,0.2360759675502777,0.06107315793633461,0.028935378417372704,0.12078116834163666,0.1199604943394661,0.031670939177274704,0.18642155826091766,0.10369250178337097,0.01647488959133625,0.028119519352912903,0.14054039120674133,0.0195363350212574,0.026888694614171982,0.10354597866535187,0.004120153840631247,0.014928210526704788,0.29866281151771545,0.10157972574234009,0.5008351802825928,0.30562034249305725,0.0046693491749465466,0.009421281516551971,0.20584742724895477,0
GSE290577_core_Patient_23_1,0,0.14493273585103453,1,HE,0.23059192299842834,0.21111758053302765,0.1915101259946823,0.1297004520893097,0.02061227150261402,0.12746089696884155,0.18227992951869965,0.051078956574201584,0.15888488292694092,0.15125709772109985,0.025728890672326088,0.04899098351597786,0.24772949516773224,0.03756077587604523,0.039290059357881546,0.1705493927001953,0.003215264296159148,0.021453501656651497,0.20828692615032196,0.14587301015853882,0.36514151096343994,0.44900214672088623,0.009694128297269344,0.014935414306819439,0.3813727796077728,0
GSE290577_core_Patient_23_2,0,0.3298649108409882,1,HE,0.3319856822490692,0.2621075212955475,0.2858627140522003,0.5874147415161133,0.04078184440732002,0.25009649991989136,0.5946893692016602,0.20239798724651337,0.18948666751384735,0.27981242537498474,0.13084834814071655,0.6406946182250977,0.6652045249938965,0.20908881723880768,0.5591744780540466,0.24500730633735657,0.054350245743989944,0.14642223715782166,0.22952468693256378,0.5194987654685974,0.39175650477409363,0.11874302476644516,0.061551034450531006,0.7073848247528076,0.5427379012107849,0
GSE290577_core_Patient_25_1,1,0.30573097087442874,1,HE,0.3101237118244171,0.4533407986164093,0.34308114647865295,0.16193491220474243,0.23383782804012299,0.37736183404922485,0.4214959442615509,0.13491517305374146,0.543238639831543,0.10756667703390121,0.15833447873592377,0.26985964179039,0.39097848534584045,0.09661269932985306,0.18773232400417328,0.2723630964756012,0.01320132426917553,0.04330218583345413,0.7123392820358276,0.5878116488456726,0.6155128479003906,0.9184328317642212,0.010790254920721054,0.04593277722597122,0.23317372798919678,0
GSE290577_core_Patient_25_2,1,0.4198888080008328,1,HE,0.33648473024368286,0.5938554406166077,0.3647981882095337,0.1732252836227417,0.3916141390800476,0.6556060314178467,0.5957969427108765,0.2255563586950302,0.6210750341415405,0.09384647756814957,0.23580875992774963,0.6296374201774597,0.6689907908439636,0.5314939022064209,0.3355694115161896,0.710256040096283,0.0059919231571257114,0.040230151265859604,0.7670421600341797,0.5964541435241699,0.5931328535079956,0.9785222411155701,0.025198442861437798,0.06899072974920273,0.2580426037311554,0
GSE290577_core_Patient_25_3,0,0.21134641902521253,1,HE,0.21469545364379883,0.357177197933197,0.2528732419013977,0.06543954461812973,0.09308316558599472,0.20671945810317993,0.33977991342544556,0.062034040689468384,0.3159480094909668,0.10348788648843765,0.08742032200098038,0.23705127835273743,0.1857977956533432,0.058655619621276855,0.11359985172748566,0.1287088543176651,0.007563827093690634,0.02541688084602356,0.5335196256637573,0.34655240178108215,0.4512438178062439,0.8235848546028137,0.009730800054967403,0.0336017981171608,0.22997483611106873,0
GSE290577_core_Patient_26_1,0,0.14087685584556311,1,HE,0.18451611697673798,0.1454859972000122,0.20675881206989288,0.05288081616163254,0.04424332454800606,0.1470058560371399,0.09195559471845627,0.018559083342552185,0.28768089413642883,0.08123916387557983,0.010106554254889488,0.02394045516848564,0.1741248071193695,0.022863181307911873,0.031047914177179337,0.09870685636997223,0.001921341405250132,0.010690021328628063,0.4588606059551239,0.0678706020116806,0.5514976978302002,0.6335940361022949,0.0037684880662709475,0.006173522211611271,0.16642965376377106,0
GSE290577_core_Patient_26_2,0,0.09450610646046698,1,HE,0.173094242811203,0.10904553532600403,0.16201037168502808,0.08408816158771515,0.018378108739852905,0.09535214304924011,0.07331084460020065,0.014995865523815155,0.12946823239326477,0.0941305086016655,0.007336937356740236,0.009366865269839764,0.1461154818534851,0.013809377327561378,0.023921091109514236,0.07280869781970978,0.002468761522322893,0.009081496857106686,0.21801677346229553,0.06595584750175476,0.49261823296546936,0.14021562039852142,0.0027822027914226055,0.0036819183733314276,0.20059934258460999,0
GSE290577_core_Patient_28_1,1,0.3153971762768924,1,HE,0.33061683177948,0.47555914521217346,0.28099876642227173,0.1688433140516281,0.19113855063915253,0.38515159487724304,0.4428921937942505,0.13639532029628754,0.5321176052093506,0.0977482795715332,0.08951069414615631,0.3573101758956909,0.5972782969474792,0.21664896607398987,0.12887680530548096,0.5268230438232422,0.004621963482350111,0.021441463381052017,0.7090286016464233,0.39529845118522644,0.5095363855361938,0.9503373503684998,0.01757192611694336,0.052811864763498306,0.26637181639671326,0
GSE290577_core_Patient_28_2,1,0.48143258087337015,1,HE,0.5307062864303589,0.5417277216911316,0.3518468141555786,0.6523788571357727,0.4308912456035614,0.4813852906227112,0.6038222312927246,0.31589293479919434,0.5931904911994934,0.20602591335773468,0.4992225766181946,0.6175025701522827,0.728782057762146,0.3822740316390991,0.2440463900566101,0.8627659678459167,0.0199266504496336,0.267387330532074,0.7175941467285156,0.6475430130958557,0.5897105932235718,0.9516141414642334,0.10287435352802277,0.16466261446475983,0.5320402979850769,0
GSE290577_core_Patient_28_3,0,0.18096928747370838,1,HE,0.24434685707092285,0.24319055676460266,0.2747085690498352,0.0890488550066948,0.1248910129070282,0.14905738830566406,0.18574537336826324,0.03747158125042915,0.30275487899780273,0.10203959047794342,0.05797500163316727,0.050450876355171204,0.1751709133386612,0.03392050042748451,0.04538674280047417,0.11483602225780487,0.005935383029282093,0.038374368101358414,0.5848363041877747,0.2972666919231415,0.551896333694458,0.5941234827041626,0.006899118889123201,0.013221117667853832,0.20068466663360596,0
GSE290577_core_Patient_28_4,0,0.2733383971545845,1,HE,0.36349189281463623,0.45750942826271057,0.24306946992874146,0.1361834704875946,0.11898916214704514,0.2675960659980774,0.4251236319541931,0.1204577088356018,0.4459618031978607,0.11140663176774979,0.07719128578901291,0.23505663871765137,0.4313426911830902,0.10469185560941696,0.078023262321949,0.47112852334976196,0.002505226293578744,0.02369251847267151,0.6462039351463318,0.3383863568305969,0.4637530446052551,0.9311516284942627,0.01643856056034565,0.02896925061941147,0.29513588547706604,0
GSE290577_core_Patient_29_1,0,0.31290716709569094,1,HE,0.48726797103881836,0.32763633131980896,0.2887187600135803,0.3739234507083893,0.047404661774635315,0.22946959733963013,0.2963760793209076,0.1174980029463768,0.35049018263816833,0.22451265156269073,0.24775013327598572,0.23170866072177887,0.6232749819755554,0.09000734239816666,0.057206470519304276,0.8493611812591553,0.0026663620956242085,0.14416810870170593,0.45268183946609497,0.39931467175483704,0.5223379135131836,0.7833856344223022,0.042235858738422394,0.024631347507238388,0.6086509823799133,0
GSE290577_core_Patient_29_2,0,0.349782518427819,1,HE,0.429216593503952,0.3933587074279785,0.3687659204006195,0.23372827470302582,0.28748196363449097,0.41917622089385986,0.38739678263664246,0.09096136689186096,0.5807232856750488,0.11762577295303345,0.09899634122848511,0.32163864374160767,0.7828008532524109,0.12846459448337555,0.09437346458435059,0.8770855069160461,0.007194414269179106,0.05892971158027649,0.7137497663497925,0.36776474118232727,0.6089784502983093,0.9697759747505188,0.01853225752711296,0.03896705433726311,0.34887629747390747,0
GSE290577_core_Patient_29_3,1,0.3010336070880294,1,HE,0.3465602695941925,0.34518641233444214,0.3034942150115967,0.14129184186458588,0.17118723690509796,0.3759015202522278,0.30086126923561096,0.08366644382476807,0.5244659781455994,0.09009037166833878,0.05368676409125328,0.2106574922800064,0.6798679828643799,0.1702556163072586,0.08884111046791077,0.7543296813964844,0.00406347680836916,0.02747337892651558,0.7335001826286316,0.29981720447540283,0.5978790521621704,0.9584860801696777,0.014592655003070831,0.02401588298380375,0.2256680577993393,0
GSE290577_core_Patient_29_4,1,0.1567612204584293,1,HE,0.30165356397628784,0.2667282819747925,0.18574348092079163,0.05135336145758629,0.0227472186088562,0.10042975842952728,0.16723299026489258,0.026202954351902008,0.20000386238098145,0.12380421161651611,0.034957073628902435,0.03994501009583473,0.2653147876262665,0.024991245940327644,0.0073518306016922,0.32611083984375,0.0007044791127555072,0.010297107510268688,0.2834731936454773,0.1345701664686203,0.36271196603775024,0.6546679735183716,0.00872151181101799,0.003963585942983627,0.3153500556945801,0
GSE290577_core_Patient_2_3,1,0.5370431062579155,1,HE,0.44694894552230835,0.5041953325271606,0.43440815806388855,0.8462160229682922,0.5888384580612183,0.8367650508880615,0.6187782883644104,0.5233033895492554,0.701916515827179,0.17310968041419983,0.5162901878356934,0.67634117603302,0.8744052648544312,0.41617047786712646,0.35668253898620605,0.9035366773605347,0.040011629462242126,0.11351392418146133,0.7861208915710449,0.628259539604187,0.6513298153877258,0.9865074157714844,0.10450929403305054,0.20143738389015198,0.49648159742355347,1
GSE290577_core_Patient_2_4,1,0.45526924945414066,1,HE,0.4100256860256195,0.36834079027175903,0.39919313788414,0.8088659644126892,0.43490085005760193,0.719205915927887,0.5097594261169434,0.228267639875412,0.6527850031852722,0.12818628549575806,0.2911662459373474,0.6216370463371277,0.7963609099388123,0.2237703800201416,0.2465198040008545,0.7334033250808716,0.017423762008547783,0.18000294268131256,0.7568445205688477,0.5972873568534851,0.6652601361274719,0.9621320366859436,0.043068017810583115,0.21786528825759888,0.36945876479148865,0
GSE290577_core_Patient_30_1,1,0.35108142502605916,1,HE,0.32852548360824585,0.3634978234767914,0.3224881589412689,0.6058785319328308,0.4006060063838959,0.599585771560669,0.3984763026237488,0.18116480112075806,0.5939923524856567,0.12713293731212616,0.1646338254213333,0.1619628369808197,0.6564110517501831,0.19787752628326416,0.1557069718837738,0.2782474756240845,0.014795927330851555,0.05928293988108635,0.7312443256378174,0.533704936504364,0.6262714862823486,0.9034083485603333,0.04384071007370949,0.03529869392514229,0.29300040006637573,0
GSE290577_core_Patient_30_2,0,0.14736816081102005,1,HE,0.23938365280628204,0.16990207135677338,0.19759707152843475,0.05162118747830391,0.01895691454410553,0.13038775324821472,0.08826158195734024,0.015016427263617516,0.2273104339838028,0.09678738564252853,0.013116332702338696,0.0145210986956954,0.3623492419719696,0.021254105493426323,0.006559915840625763,0.34531304240226746,0.00047778940643183887,0.007695144508033991,0.30138280987739563,0.06242768093943596,0.44438040256500244,0.6330645680427551,0.004718221258372068,0.001954725245013833,0.22976446151733398,0
GSE290577_core_Patient_30_3,0,0.15327966233249754,1,HE,0.21526506543159485,0.2133629322052002,0.22264251112937927,0.039212532341480255,0.023135019466280937,0.15231846272945404,0.1402740478515625,0.030673926696181297,0.1915808618068695,0.1070689931511879,0.010879192501306534,0.041383564472198486,0.3586042821407318,0.03372988477349281,0.02097691036760807,0.28601256012916565,0.0014114252990111709,0.009032174944877625,0.25959575176239014,0.07647784799337387,0.4046817123889923,0.7425510883331299,0.005084502510726452,0.008895950391888618,0.23714035749435425,0
GSE290577_core_Patient_30_4,0,0.11256527474150062,1,HE,0.210350900888443,0.24460755288600922,0.1886078119277954,0.05058969557285309,0.013738405890762806,0.11348192393779755,0.15307699143886566,0.029135355725884438,0.1489919126033783,0.11739879846572876,0.02290874719619751,0.03904074802994728,0.1125541403889656,0.023904168978333473,0.014305449090898037,0.10439766943454742,0.00139627605676651,0.009347924962639809,0.24870529770851135,0.10774385929107666,0.35842224955558777,0.23525986075401306,0.007944425567984581,0.005769358482211828,0.2524523437023163,0
GSE290577_core_Patient_31_1,1,0.2929855310171843,1,HE,0.2935226559638977,0.5187581181526184,0.29261887073516846,0.10129991918802261,0.09444086998701096,0.4352540671825409,0.5234395861625671,0.10128410160541534,0.5043758749961853,0.1034826710820198,0.12788134813308716,0.44258633255958557,0.2647755742073059,0.25275784730911255,0.11601468920707703,0.24834637343883514,0.004909168928861618,0.02789193019270897,0.7353439927101135,0.35680463910102844,0.5286551117897034,0.926366925239563,0.021060997620224953,0.04210253432393074,0.26066407561302185,0
GSE290577_core_Patient_31_2,1,0.2605145401880145,1,HE,0.25050634145736694,0.41958409547805786,0.26732534170150757,0.0844641923904419,0.20619331300258636,0.26703834533691406,0.42792508006095886,0.0991637334227562,0.47817346453666687,0.09160100668668747,0.0826488509774208,0.27221667766571045,0.19699718058109283,0.15854504704475403,0.22597567737102509,0.13986976444721222,0.013648428954184055,0.0234783124178648,0.6951736807823181,0.42630481719970703,0.5271987915039062,0.8929397463798523,0.013466522097587585,0.05772868171334267,0.19469641149044037,0
GSE290577_core_Patient_31_3,1,0.31646606847643854,1,HE,0.47313764691352844,0.43455758690834045,0.29577574133872986,0.2838483452796936,0.07726411521434784,0.2515798509120941,0.4628017544746399,0.17241579294204712,0.34001418948173523,0.2295311987400055,0.36883607506752014,0.35053399205207825,0.43259692192077637,0.08628924936056137,0.13874594867229462,0.40178969502449036,0.023318365216255188,0.2686481773853302,0.49618008732795715,0.5040763020515442,0.4690561294555664,0.5714082717895508,0.05958545580506325,0.1960945725440979,0.5235662460327148,0
GSE290577_core_Patient_32_1,1,0.21282655963674188,1,HE,0.18846946954727173,0.22435472905635834,0.31446778774261475,0.1151546761393547,0.13072088360786438,0.42914795875549316,0.17765742540359497,0.0479855090379715,0.461028516292572,0.08210935443639755,0.03081684559583664,0.06555195897817612,0.2521575689315796,0.0453634038567543,0.12084918469190598,0.10032843798398972,0.010022257454693317,0.02025824971497059,0.7089070677757263,0.1674143224954605,0.6188454627990723,0.8305912613868713,0.00554677052423358,0.024689387530088425,0.14822550117969513,0
GSE290577_core_Patient_32_2,0,0.28585722323972734,1,HE,0.38296279311180115,0.29489558935165405,0.27488255500793457,0.12971873581409454,0.11021531373262405,0.4697735011577606,0.23165147006511688,0.059758346527814865,0.5874704122543335,0.0846400037407875,0.03735029697418213,0.1296236515045166,0.6493465304374695,0.15142124891281128,0.06027070805430412,0.7662331461906433,0.0012226199032738805,0.018211208283901215,0.7513930797576904,0.15454067289829254,0.5857315063476562,0.964806079864502,0.012615405954420567,0.013569142669439316,0.22412656247615814,0
GSE290577_core_Patient_32_3,1,0.1758102096337825,1,HE,0.1538676768541336,0.18979883193969727,0.30254945158958435,0.04957118257880211,0.08529092371463776,0.25382789969444275,0.1508050560951233,0.03015449456870556,0.3520606756210327,0.07783413678407669,0.01617741957306862,0.04663638025522232,0.1351683884859085,0.034931670874357224,0.133773535490036,0.08012765645980835,0.014296011067926884,0.021357238292694092,0.5914661288261414,0.12387099862098694,0.5995985865592957,0.7930861711502075,0.003670346224680543,0.02081235870718956,0.13452202081680298,0
GSE290577_core_Patient_32_4,0,0.09515941354446113,1,HE,0.15598925948143005,0.1050465777516365,0.225431889295578,0.06451437622308731,0.01750030741095543,0.1270158737897873,0.05766340345144272,0.02044336497783661,0.13606519997119904,0.10377061367034912,0.009951944462954998,0.008336999453604221,0.08290024846792221,0.010904524475336075,0.029441505670547485,0.055057115852832794,0.0039694351144135,0.011973869986832142,0.2472275197505951,0.06376051902770996,0.5681715607643127,0.09293198585510254,0.0017150610219687223,0.004656849894672632,0.17454533278942108,0
GSE290577_core_Patient_33_1,1,0.14985001783818006,1,HE,0.2080523818731308,0.20204855501651764,0.24559111893177032,0.12819530069828033,0.04218034818768501,0.15757519006729126,0.17742034792900085,0.04501526430249214,0.23990897834300995,0.1177736297249794,0.026880677789449692,0.03228055313229561,0.21418096125125885,0.026970546692609787,0.036978065967559814,0.10612678527832031,0.004949857946485281,0.01746329665184021,0.34245944023132324,0.1761423796415329,0.49922704696655273,0.4095446467399597,0.00756315840408206,0.012216472998261452,0.26950544118881226,0
GSE290577_core_Patient_33_2,1,0.15106185055337845,1,HE,0.21122272312641144,0.19986195862293243,0.1965937316417694,0.05180753394961357,0.019569462165236473,0.14751368761062622,0.13286757469177246,0.026996435597538948,0.2165956348180771,0.09354835003614426,0.015323713421821594,0.03650951385498047,0.268263041973114,0.02768399566411972,0.020418832078576088,0.28927284479141235,0.0011898998636752367,0.00741928955540061,0.2949933707714081,0.0786493644118309,0.40845826268196106,0.7903381586074829,0.00517815537750721,0.009206551127135754,0.22706417739391327,0
GSE290577_core_Patient_33_3,1,0.2459203494898975,1,HE,0.23291128873825073,0.2480653077363968,0.26117539405822754,0.38896968960762024,0.06760741025209427,0.3898915946483612,0.24044261872768402,0.06271214038133621,0.4055131673812866,0.10696972906589508,0.03682955354452133,0.10085282474756241,0.6204314827919006,0.07477357238531113,0.051829684525728226,0.3826119005680084,0.004171597305685282,0.015925031155347824,0.5424149632453918,0.1907031387090683,0.5173591375350952,0.8862963318824768,0.011838301084935665,0.018193596974015236,0.2895192801952362,0
GSE290577_core_Patient_34_1,1,0.35891183141618965,1,HE,0.36867883801460266,0.3611800968647003,0.2790292501449585,0.6274819374084473,0.07325078547000885,0.4085027277469635,0.4541062116622925,0.15284337103366852,0.454524964094162,0.16506247222423553,0.3013880252838135,0.4625653028488159,0.6556958556175232,0.13915249705314636,0.17462196946144104,0.5701783895492554,0.009587784297764301,0.2097979635000229,0.6086628437042236,0.47014230489730835,0.5405341386795044,0.8590244054794312,0.05565687641501427,0.10947577655315399,0.4616509974002838,0
GSE290577_core_Patient_34_2,1,0.5534323407709598,1,HE,0.49470803141593933,0.4918733239173889,0.4154336154460907,0.8016639351844788,0.5146487951278687,0.7155606746673584,0.6065239310264587,0.3483455181121826,0.6653077006340027,0.21055354177951813,0.7096729278564453,0.7741130590438843,0.861279308795929,0.46681714057922363,0.4035499393939972,0.9212769269943237,0.027012955397367477,0.30758342146873474,0.7534452676773071,0.653306245803833,0.6385579705238342,0.9723409414291382,0.12358412891626358,0.4029296040534973,0.5557196140289307,1
GSE290577_core_Patient_34_3,0,0.1854994756449014,1,HE,0.2845602035522461,0.2921117842197418,0.24399714171886444,0.09543826431035995,0.043283626437187195,0.17019280791282654,0.22564157843589783,0.06712443381547928,0.2598942816257477,0.1565864235162735,0.09125224500894547,0.2110426425933838,0.15455585718154907,0.043388575315475464,0.035048794001340866,0.11954127252101898,0.0034430858213454485,0.0647120475769043,0.44460880756378174,0.2913525402545929,0.46391913294792175,0.4972573518753052,0.011424865573644638,0.01569841057062149,0.35141071677207947,0
GSE290577_core_Patient_34_4,0,0.19110625106841325,1,HE,0.3659415543079376,0.24599795043468475,0.2533896863460541,0.07920733094215393,0.05159756541252136,0.14187996089458466,0.18610619008541107,0.029001731425523758,0.3034617006778717,0.11061251163482666,0.0868774801492691,0.05141507089138031,0.23776258528232574,0.024623529985547066,0.012926483526825905,0.2968237102031708,0.002080568578094244,0.03191472217440605,0.5279574394226074,0.21097791194915771,0.5208552479743958,0.7258108258247375,0.00529205659404397,0.008685768581926823,0.2664566934108734,0
GSE290577_core_Patient_35_1,1,0.21123445425648243,1,HE,0.37532347440719604,0.21097546815872192,0.18844087421894073,0.20350739359855652,0.04285883530974388,0.13982897996902466,0.175923690199852,0.0422249361872673,0.264127254486084,0.14034701883792877,0.05360036343336105,0.05246150866150856,0.5577847361564636,0.04174782708287239,0.021520569920539856,0.5489659309387207,0.001168223679997027,0.03286650776863098,0.3462221324443817,0.22364714741706848,0.48449546098709106,0.7312467098236084,0.011949410662055016,0.00585709186270833,0.38376981019973755,0
GSE290577_core_Patient_35_2,1,0.2925407618749887,1,HE,0.38357576727867126,0.25563573837280273,0.24217325448989868,0.2416565716266632,0.2135840654373169,0.3025003671646118,0.2927893102169037,0.04797523096203804,0.5065951347351074,0.10426555573940277,0.04157671332359314,0.10334833711385727,0.8088129162788391,0.13642695546150208,0.03683177009224892,0.8848925828933716,0.0017039200756698847,0.02340383268892765,0.6338456869125366,0.18323951959609985,0.5454345941543579,0.9691619873046875,0.015553989447653294,0.009528812021017075,0.3290064334869385,0
GSE290577_core_Patient_35_3,0,0.23098060328979045,1,HE,0.3503552973270416,0.245215505361557,0.22974064946174622,0.07422475516796112,0.06383192539215088,0.2400311380624771,0.18706993758678436,0.03129386156797409,0.45203882455825806,0.09422723948955536,0.04007606580853462,0.08909577131271362,0.5191730260848999,0.08251146972179413,0.01925020106136799,0.6305493712425232,0.0006035511614754796,0.022018613293766975,0.5865153670310974,0.13330033421516418,0.49975940585136414,0.9289748072624207,0.007317290175706148,0.006248319987207651,0.24109235405921936,0
GSE290577_core_Patient_35_4,0,0.27074910860508683,1,HE,0.3511351943016052,0.21284480392932892,0.34813350439071655,0.2547228932380676,0.33055931329727173,0.2626921832561493,0.20790773630142212,0.046636808663606644,0.4904070794582367,0.09942226111888885,0.10667653381824493,0.09263643622398376,0.3302253782749176,0.06629086285829544,0.12818852066993713,0.2361963540315628,0.017451755702495575,0.27001020312309265,0.7124185562133789,0.4874856472015381,0.6568505167961121,0.8465456366539001,0.011749249882996082,0.019150549545884132,0.1823897361755371,0
GSE290577_core_Patient_36_1,1,0.2507311815582216,1,HE,0.33760589361190796,0.3095385432243347,0.251838356256485,0.26836299896240234,0.12431756407022476,0.2567179799079895,0.3031597435474396,0.09256010502576828,0.40052926540374756,0.13347263634204865,0.05491627752780914,0.11510257422924042,0.4812227487564087,0.11037375032901764,0.054202061146497726,0.3519492745399475,0.004208278376609087,0.02423727512359619,0.5772475600242615,0.22012847661972046,0.544154703617096,0.8831179738044739,0.019990840926766396,0.013709231279790401,0.3356154263019562,0
GSE290577_core_Patient_36_2,1,0.21610147953033448,1,HE,0.3111189603805542,0.25291144847869873,0.23510517179965973,0.14404478669166565,0.041997428983449936,0.19834402203559875,0.19579528272151947,0.04505416750907898,0.33087295293807983,0.12559443712234497,0.041162341833114624,0.05910731852054596,0.4980265200138092,0.04845159500837326,0.017052629962563515,0.4620489478111267,0.001321912743151188,0.01618277095258236,0.4821057617664337,0.16864436864852905,0.5354248285293579,0.8352386355400085,0.010098578408360481,0.006061338819563389,0.34077078104019165,0
GSE290577_core_Patient_36_3,1,0.3161704070493579,1,HE,0.26183226704597473,0.34518498182296753,0.4046799838542938,0.17990879714488983,0.40593376755714417,0.5742568969726562,0.3012780547142029,0.12604066729545593,0.6226410269737244,0.0900132805109024,0.05120348185300827,0.20121614634990692,0.3891252875328064,0.14432328939437866,0.4574904143810272,0.17158229649066925,0.041185811161994934,0.06625424325466156,0.7760345935821533,0.4054654836654663,0.689501941204071,0.9494306445121765,0.010635788552463055,0.08879339694976807,0.15024763345718384,0
GSE290577_core_Patient_36_4,1,0.35068644054234027,1,HE,0.3230797052383423,0.3867965340614319,0.37283727526664734,0.3628121018409729,0.39814409613609314,0.5715682506561279,0.3997306823730469,0.15657053887844086,0.6159305572509766,0.11234410852193832,0.11114657670259476,0.3041910231113434,0.359330415725708,0.22545135021209717,0.48342081904411316,0.1909228265285492,0.06076686829328537,0.10160089284181595,0.7519025802612305,0.5607284307479858,0.6890138387680054,0.9323667287826538,0.019275860860943794,0.07504433393478394,0.20218461751937866,0
GSE290577_core_Patient_37_1,0,0.2704525567963719,1,HE,0.2553251385688782,0.35927560925483704,0.33901137113571167,0.12242581695318222,0.2258538156747818,0.33757132291793823,0.351213663816452,0.0958561822772026,0.4911409318447113,0.11364901810884476,0.08807221055030823,0.21284255385398865,0.30949851870536804,0.1168387308716774,0.18156883120536804,0.17758676409721375,0.015066110529005527,0.04617726430296898,0.7105183005332947,0.4172777533531189,0.5870599150657654,0.9045615196228027,0.01605047658085823,0.03955728933215141,0.24731481075286865,0
GSE290577_core_Patient_37_2,0,0.1994982055388391,1,HE,0.27544572949409485,0.31504109501838684,0.23871000111103058,0.06756693869829178,0.034398388117551804,0.19898156821727753,0.22941777110099792,0.05219796299934387,0.30427074432373047,0.12279661744832993,0.030566144734621048,0.1148316040635109,0.3696039915084839,0.06830478459596634,0.032726261764764786,0.36867254972457886,0.0021651717834174633,0.020698290318250656,0.38905632495880127,0.13947045803070068,0.41541290283203125,0.8821837902069092,0.013130709528923035,0.013461580500006676,0.28834375739097595,0
GSE290577_core_Patient_37_3,1,0.21960629343986512,1,HE,0.3805167078971863,0.26777932047843933,0.23577067255973816,0.10954171419143677,0.035735324025154114,0.19475151598453522,0.2335575670003891,0.03722408041357994,0.329061895608902,0.12445992231369019,0.06636358052492142,0.11343932151794434,0.4652132987976074,0.07058881223201752,0.02184310555458069,0.5414959192276001,0.0013279351405799389,0.03611131012439728,0.4183388352394104,0.1837376356124878,0.5086039900779724,0.7683384418487549,0.014074177481234074,0.0050647626630961895,0.3272174894809723,0
GSE290577_core_Patient_37_4,1,0.20611617559567094,1,HE,0.4062045216560364,0.24225154519081116,0.2090725153684616,0.15932169556617737,0.04067077115178108,0.15199969708919525,0.20648211240768433,0.051515862345695496,0.26340872049331665,0.18646454811096191,0.08117234706878662,0.1121889278292656,0.3885854482650757,0.05213361978530884,0.029800627380609512,0.3518570065498352,0.0023631700314581394,0.06102975457906723,0.3471461534500122,0.21957433223724365,0.46786409616470337,0.6025876402854919,0.01772863231599331,0.007902568206191063,0.49357807636260986,0
GSE290577_core_Patient_38_1,1,0.304528882894665,1,HE,0.28390634059906006,0.4742564260959625,0.27316367626190186,0.1256876289844513,0.12642432749271393,0.3972432315349579,0.4404071867465973,0.12179044634103775,0.5008482933044434,0.09722848981618881,0.07584827393293381,0.4519283175468445,0.555160403251648,0.2882585823535919,0.1675937920808792,0.4490513503551483,0.0028001745231449604,0.017897656187415123,0.6780996322631836,0.33092114329338074,0.5078628063201904,0.9522615075111389,0.01607293263077736,0.04083964228630066,0.23766981065273285,0
GSE290577_core_Patient_38_2,1,0.5107144448161125,1,HE,0.4139212369918823,0.511398434638977,0.3416571021080017,0.6939390301704407,0.2982601523399353,0.5310753583908081,0.6136561632156372,0.2701151371002197,0.5705183744430542,0.16149954497814178,0.5039512515068054,0.7999869585037231,0.7394968867301941,0.3925013542175293,0.4582292437553406,0.5550450086593628,0.05443306267261505,0.7082753777503967,0.7069515585899353,0.6043398380279541,0.5429795384407043,0.9544622898101807,0.1187785193324089,0.7675102949142456,0.45487940311431885,1
GSE290577_core_Patient_39_1,0,0.29211518783122303,1,HE,0.31704315543174744,0.30924442410469055,0.3179335296154022,0.39757418632507324,0.214729443192482,0.3825960159301758,0.3066452443599701,0.08855140954256058,0.512947142124176,0.10399423539638519,0.06702952086925507,0.1448068618774414,0.6224848031997681,0.08433273434638977,0.11244966089725494,0.3848072290420532,0.009185831062495708,0.047235868871212006,0.6847141981124878,0.3577047288417816,0.611364483833313,0.9251208305358887,0.012821516022086143,0.02962041273713112,0.25794222950935364,0
GSE290577_core_Patient_3_1,1,0.3282958948612213,1,HE,0.2852310538291931,0.34586992859840393,0.3039984405040741,0.44360578060150146,0.19167236983776093,0.47053611278533936,0.4533458948135376,0.12160994112491608,0.510378897190094,0.11208488047122955,0.06113306060433388,0.39784884452819824,0.6413935422897339,0.19699615240097046,0.22910410165786743,0.42948246002197266,0.013057198375463486,0.06945900619029999,0.6157503128051758,0.3668849468231201,0.5620372295379639,0.9582558274269104,0.02148625999689102,0.11489995568990707,0.29127517342567444,0
GSE290577_core_Patient_3_2,1,0.45717916265130043,1,HE,0.3479582369327545,0.2907293438911438,0.4023919403553009,0.8509496450424194,0.6775911450386047,0.7509087324142456,0.49944019317626953,0.2220037877559662,0.6581372618675232,0.13498029112815857,0.260136216878891,0.46909013390541077,0.7824471592903137,0.2270497977733612,0.47799962759017944,0.3834744691848755,0.07849957793951035,0.2578667104244232,0.7555909156799316,0.645855724811554,0.7030830383300781,0.9460368156433105,0.034614186733961105,0.24055400490760803,0.3320901095867157,0
GSE290577_core_Patient_3_3,0,0.18117208963260054,1,HE,0.3056716322898865,0.22013504803180695,0.20752950012683868,0.2056480199098587,0.030802257359027863,0.14239349961280823,0.2077844738960266,0.05433036386966705,0.2098197340965271,0.16139911115169525,0.048008836805820465,0.05344468727707863,0.3651562035083771,0.03879138454794884,0.04777666553854942,0.26469993591308594,0.004323998000472784,0.04057604819536209,0.2674148678779602,0.23523083329200745,0.4337778091430664,0.5381830334663391,0.013317225500941277,0.019305666908621788,0.41378140449523926,0
GSE290577_core_Patient_3_4,0,0.426498147174716,1,HE,0.41244593262672424,0.44626590609550476,0.4209519624710083,0.46778979897499084,0.5208809971809387,0.7190306186676025,0.5081939101219177,0.19111330807209015,0.6597115397453308,0.1260068714618683,0.17644353210926056,0.47123193740844727,0.6504420638084412,0.23983252048492432,0.5090738534927368,0.5381916165351868,0.03425781801342964,0.10986925661563873,0.7731518745422363,0.5993484258651733,0.6636210680007935,0.967567503452301,0.024556735530495644,0.12602196633815765,0.3064526617527008,0
GSE290577_core_Patient_40_1,1,0.3814572278782725,1,HE,0.36586710810661316,0.39643123745918274,0.2849852740764618,0.5769109129905701,0.4104597568511963,0.46454712748527527,0.4491172730922699,0.16947530210018158,0.581785261631012,0.12038818001747131,0.17626266181468964,0.39445772767066956,0.691663920879364,0.29305848479270935,0.1692793071269989,0.620824933052063,0.00646140705794096,0.06800329685211182,0.7375624179840088,0.518868088722229,0.60752272605896,0.9641342163085938,0.03380119800567627,0.08151496946811676,0.3530479073524475,0
GSE290577_core_Patient_40_2,1,0.6153253621608019,1,HE,0.6042165756225586,0.5780128836631775,0.3838288187980652,0.726391077041626,0.6427145004272461,0.5939629673957825,0.6669530272483826,0.5059082508087158,0.680323600769043,0.2045385092496872,0.7738579511642456,0.8530492186546326,0.8249291777610779,0.6486305594444275,0.2570381462574005,0.9624989032745361,0.02115793712437153,0.7955779433250427,0.7534492611885071,0.6685227155685425,0.5901651382446289,0.9872801899909973,0.223568394780159,0.8338992595672607,0.6026590466499329,1
GSE290577_core_Patient_40_3,0,0.32868241354823113,1,HE,0.5081475973129272,0.3336573839187622,0.3002481162548065,0.5516674518585205,0.08376253396272659,0.26320400834083557,0.491533488035202,0.2664080262184143,0.27698782086372375,0.298459529876709,0.22244654595851898,0.5537095069885254,0.500244677066803,0.211259126663208,0.2672628164291382,0.36744749546051025,0.044768307358026505,0.3009199798107147,0.3291222155094147,0.5372799038887024,0.4391852617263794,0.24482688307762146,0.11437036097049713,0.09087264537811279,0.6192686557769775,0
GSE290577_core_Patient_40_4,0,0.2238772062305361,1,HE,0.29274216294288635,0.3398589789867401,0.2472357600927353,0.14810004830360413,0.08358696848154068,0.2108003944158554,0.24646110832691193,0.08063402771949768,0.42438992857933044,0.09728435426950455,0.04784597456455231,0.1049722284078598,0.3008343577384949,0.06184574216604233,0.06565003842115402,0.20989349484443665,0.0033994365949183702,0.020290367305278778,0.6781423687934875,0.25939005613327026,0.580568253993988,0.8616978526115417,0.009276722557842731,0.019632376730442047,0.2023971527814865,0
GSE290577_core_Patient_41_1,1,0.26055075945798306,1,HE,0.3294456899166107,0.3018840551376343,0.25662633776664734,0.10195518285036087,0.07096337527036667,0.361022025346756,0.23195306956768036,0.05631188675761223,0.5013914108276367,0.08857040107250214,0.050002846866846085,0.13963250815868378,0.5003480315208435,0.13650092482566833,0.04832514747977257,0.6917147040367126,0.0011678800219669938,0.015567159280180931,0.7104634046554565,0.14982718229293823,0.560467004776001,0.9525055885314941,0.01419593021273613,0.013177336193621159,0.2297499030828476,0
GSE290577_core_Patient_42_1,0,0.23107266932725906,1,HE,0.20459513366222382,0.35977038741111755,0.256120890378952,0.06647331267595291,0.13666170835494995,0.24528780579566956,0.3270193338394165,0.07504898309707642,0.38669538497924805,0.08692670613527298,0.06059785559773445,0.24272504448890686,0.33101141452789307,0.1266380399465561,0.12246261537075043,0.188240647315979,0.004700633697211742,0.018169086426496506,0.621643602848053,0.2919601798057556,0.49754026532173157,0.8959411978721619,0.012097016908228397,0.02896350994706154,0.18952597677707672,0
GSE290577_core_Patient_42_2,1,0.2408612086973153,1,HE,0.35423213243484497,0.25877729058265686,0.21985577046871185,0.08862414211034775,0.03968971595168114,0.22948500514030457,0.18668325245380402,0.03926538676023483,0.3914194107055664,0.09862837195396423,0.02692558243870735,0.10538679361343384,0.6332384347915649,0.11348222196102142,0.024172460660338402,0.7797509431838989,0.000666371954139322,0.020054079592227936,0.5392104387283325,0.12893863022327423,0.541254997253418,0.9258854985237122,0.011801954358816147,0.004862999077886343,0.2592383325099945,0
GSE290577_core_Patient_42_3,0,0.26686578348279,1,HE,0.2516947090625763,0.313685804605484,0.2854633927345276,0.2945922613143921,0.08291830122470856,0.34489211440086365,0.3179250955581665,0.08892109245061874,0.41549748182296753,0.11433494091033936,0.06608303636312485,0.23942327499389648,0.48843827843666077,0.11303558200597763,0.2192935347557068,0.2713887393474579,0.006196694448590279,0.050489794462919235,0.643865704536438,0.2503499984741211,0.5431374907493591,0.9174292683601379,0.021515553817152977,0.04847987741231918,0.2825925648212433,0
GSE290577_core_Patient_42_4,0,0.29298171803355216,1,HE,0.3283996284008026,0.4231039583683014,0.32844606041908264,0.2169896513223648,0.1187857910990715,0.3008277118206024,0.38981756567955017,0.12714210152626038,0.47062814235687256,0.11366098374128342,0.08566989004611969,0.24109555780887604,0.5386595726013184,0.08955404907464981,0.1727452576160431,0.3704513609409332,0.00970877893269062,0.04483481124043465,0.6728324890136719,0.38244205713272095,0.5654484629631042,0.9225252866744995,0.01257033459842205,0.13200868666172028,0.26619476079940796,0
GSE290577_core_Patient_43_1,0,0.22660587674472482,1,HE,0.2279788851737976,0.3013652563095093,0.23005127906799316,0.09767164289951324,0.0668366327881813,0.2986305058002472,0.25343671441078186,0.06333912163972855,0.43877357244491577,0.09014949947595596,0.031681664288043976,0.15238326787948608,0.4664580225944519,0.057814352214336395,0.06054279953241348,0.37681567668914795,0.001300421659834683,0.013885555788874626,0.5932075381278992,0.15567028522491455,0.48942357301712036,0.9435598850250244,0.007277800235897303,0.026495449244976044,0.22039751708507538,0
GSE290577_core_Patient_43_2,0,0.20582757384516298,1,HE,0.2188381403684616,0.33538737893104553,0.24461257457733154,0.04076490178704262,0.048781123012304306,0.23350006341934204,0.23458674550056458,0.05799245089292526,0.38383689522743225,0.08311235159635544,0.027952592819929123,0.13845789432525635,0.33352819085121155,0.05881709232926369,0.053598321974277496,0.2967153787612915,0.0018207498360425234,0.006879211403429508,0.5784907937049866,0.14108842611312866,0.48324209451675415,0.9308399558067322,0.005970807746052742,0.022172337397933006,0.18470287322998047,0
GSE290577_core_Patient_44_1,0,0.40486194954253735,1,HE,0.4795735478401184,0.4281851351261139,0.33715710043907166,0.2974480390548706,0.41649189591407776,0.549588680267334,0.45108985900878906,0.10338682681322098,0.6709155440330505,0.10731232911348343,0.2054404467344284,0.44899773597717285,0.7938238382339478,0.58087557554245,0.05227353796362877,0.9333067536354065,0.0017948022577911615,0.0695696547627449,0.7675573229789734,0.4518403112888336,0.5568496584892273,0.9846674799919128,0.0549202561378479,0.019899552688002586,0.35858285427093506,0
GSE290577_core_Patient_44_2,0,0.32556466904003173,1,HE,0.5139899253845215,0.36402398347854614,0.2745177447795868,0.17355483770370483,0.20976191759109497,0.26665905117988586,0.3746652603149414,0.05550647899508476,0.5187876224517822,0.1318705826997757,0.10960014164447784,0.21274332702159882,0.8204895257949829,0.2122032344341278,0.023032627999782562,0.9565582275390625,0.0012586555676534772,0.05127151310443878,0.6132650375366211,0.34617480635643005,0.4692153334617615,0.9718818664550781,0.02336273528635502,0.011494958773255348,0.4332273304462433,0
GSE290577_core_Patient_45_1,1,0.40074641272425654,1,HE,0.4189615845680237,0.46730172634124756,0.3109450042247772,0.6055995225906372,0.19689993560314178,0.3684133291244507,0.5628305673599243,0.19283287227153778,0.5628765821456909,0.16538438200950623,0.18900471925735474,0.5026770234107971,0.7433291673660278,0.27942419052124023,0.17670448124408722,0.7903504967689514,0.010290894657373428,0.1389918476343155,0.6549460291862488,0.5241847634315491,0.5416878461837769,0.9689623117446899,0.07106377184391022,0.08011292666196823,0.49488434195518494,0
GSE290577_core_Patient_45_2,0,0.36665142931044103,1,HE,0.4126209020614624,0.41334855556488037,0.34905046224594116,0.5021859407424927,0.34942877292633057,0.44916051626205444,0.4406633675098419,0.1580473929643631,0.6253095865249634,0.12350625544786453,0.23509222269058228,0.36959943175315857,0.5568708777427673,0.19130337238311768,0.1718977838754654,0.40095725655555725,0.011469045653939247,0.12822435796260834,0.7500112056732178,0.5340014696121216,0.6420387029647827,0.9492238163948059,0.03362066298723221,0.04649484157562256,0.32215893268585205,0
GSE290577_core_Patient_46_1,1,0.16668798700091428,1,HE,0.35891538858413696,0.17929349839687347,0.1890200972557068,0.08001048862934113,0.02148398384451866,0.10979723185300827,0.09178654849529266,0.017945559695363045,0.24974115192890167,0.10983368754386902,0.03598150983452797,0.018739458173513412,0.4071970283985138,0.0169792752712965,0.005033982917666435,0.47754940390586853,0.0004194769135210663,0.016523387283086777,0.33535340428352356,0.11955929547548294,0.47450461983680725,0.5591094493865967,0.003854741109535098,0.001805126084946096,0.2867618799209595,0
GSE290577_core_Patient_46_2,1,0.24108163049444556,1,HE,0.2594521939754486,0.22726112604141235,0.3210597336292267,0.0986388623714447,0.08829670399427414,0.37509968876838684,0.18862731754779816,0.046776700764894485,0.4641169309616089,0.08893086016178131,0.02992805279791355,0.10745908319950104,0.5446729063987732,0.04808922857046127,0.058695171028375626,0.44829434156417847,0.003498451318591833,0.022288311272859573,0.6693362593650818,0.16581711173057556,0.6193183064460754,0.930669367313385,0.00469681341201067,0.014022567309439182,0.20199467241764069,0
GSE290577_core_Patient_46_3,0,0.10617026986379642,1,HE,0.22594508528709412,0.1567639410495758,0.13902994990348816,0.02096097730100155,0.008438361808657646,0.07168963551521301,0.07775285094976425,0.010770347900688648,0.10539001226425171,0.08662576973438263,0.010085172951221466,0.012743928469717503,0.24039584398269653,0.009559787809848785,0.002876368584111333,0.3859943747520447,0.00013263495930004865,0.0038098038639873266,0.14593574404716492,0.045693740248680115,0.29438793659210205,0.3636397421360016,0.002508459845557809,0.002265149261802435,0.2308611273765564,0
GSE290577_core_Patient_46_4,0,0.19744580975850112,1,HE,0.4645112156867981,0.2126360535621643,0.223125159740448,0.08420167118310928,0.015695853158831596,0.11485931277275085,0.10312356799840927,0.012862651608884335,0.2305937111377716,0.14981919527053833,0.038279302418231964,0.012685210444033146,0.713038444519043,0.02079405076801777,0.0026325553189963102,0.7983472943305969,0.0003033364482689649,0.017174197360873222,0.27520254254341125,0.10044058412313461,0.44096657633781433,0.5002455711364746,0.006235547363758087,0.001287432387471199,0.39708420634269714,0
GSE290577_core_Patient_47_1,1,0.3649543385207653,1,HE,0.38424184918403625,0.4915804862976074,0.3041740953922272,0.37729406356811523,0.1741403341293335,0.46357962489128113,0.5491697192192078,0.1472610980272293,0.5451446771621704,0.14444535970687866,0.12873779237270355,0.528110146522522,0.674416184425354,0.25513970851898193,0.16612620651721954,0.643254280090332,0.008978612720966339,0.07538128644227982,0.6398541331291199,0.39944544434547424,0.5273661017417908,0.9575541615486145,0.0290965773165226,0.073936827480793,0.4354296922683716,0
GSE290577_core_Patient_47_2,1,0.2668119406700134,1,HE,0.23911991715431213,0.3878523111343384,0.32622188329696655,0.14961332082748413,0.11291677504777908,0.5042067766189575,0.45080724358558655,0.07672222703695297,0.4471755921840668,0.11200661212205887,0.13131359219551086,0.3286839425563812,0.17793726921081543,0.08926523476839066,0.127889022231102,0.12825587391853333,0.01419300027191639,0.05338854342699051,0.6436848044395447,0.4052731990814209,0.5858802199363708,0.8744556307792664,0.013697752729058266,0.032289665192365646,0.25744810700416565,0
GSE290577_core_Patient_48_3,0,0.28676502376794816,1,HE,0.3416985869407654,0.20217753946781158,0.31848642230033875,0.37161126732826233,0.4449195861816406,0.279097318649292,0.18304194509983063,0.05815257132053375,0.4697754979133606,0.10281785577535629,0.1930130273103714,0.11346474289894104,0.2609732449054718,0.05150404945015907,0.16652606427669525,0.21939252316951752,0.017970610409975052,0.3424524664878845,0.7287372350692749,0.6386825442314148,0.6504676938056946,0.8091120719909668,0.011695935390889645,0.013631307519972324,0.17972348630428314,0
GSE290577_core_Patient_48_4,0,0.3405235524056479,1,HE,0.465581476688385,0.3273397386074066,0.23326364159584045,0.19246838986873627,0.40566286444664,0.3242226243019104,0.3468283712863922,0.08526898920536041,0.5610541701316833,0.10296130180358887,0.1608385592699051,0.2491995096206665,0.7369071841239929,0.26882097125053406,0.06662862002849579,0.933197557926178,0.0015611330745741725,0.0579376183450222,0.6927370429039001,0.4456408619880676,0.5223434567451477,0.9813613295555115,0.019346017390489578,0.012479429133236408,0.3194379508495331,0
GSE290577_core_Patient_49_1,0,0.2667403368093073,1,HE,0.28484445810317993,0.3208934962749481,0.2533060312271118,0.22079937160015106,0.1029568463563919,0.2832023501396179,0.3642694354057312,0.08625975251197815,0.37979087233543396,0.12367988377809525,0.031187042593955994,0.27197423577308655,0.6406064629554749,0.1700897514820099,0.08287563174962997,0.5697152614593506,0.005582111421972513,0.03212612494826317,0.4111633896827698,0.2397167831659317,0.4743916988372803,0.9301664233207703,0.01702091097831726,0.03197386488318443,0.3399162292480469,0
GSE290577_core_Patient_49_3,0,0.15725423561409116,1,HE,0.23086552321910858,0.24413415789604187,0.1858898252248764,0.09479739516973495,0.06770589202642441,0.11412926763296127,0.1839740127325058,0.043939899653196335,0.24276180565357208,0.112821564078331,0.02258436009287834,0.028492193669080734,0.22862914204597473,0.04138161614537239,0.021469753235578537,0.1482207179069519,0.001699348445981741,0.00987196620553732,0.3703680634498596,0.15246321260929108,0.45504793524742126,0.6580544710159302,0.009536415338516235,0.006747443228960037,0.25576990842819214,0
GSE290577_core_Patient_49_4,0,0.12164562514051795,1,HE,0.25697529315948486,0.2107095867395401,0.15594527125358582,0.06193605437874794,0.02424713224172592,0.08084219694137573,0.12675048410892487,0.029407093301415443,0.1394384801387787,0.1415049135684967,0.03831753507256508,0.03042585961520672,0.15302197635173798,0.029211269691586494,0.013815282844007015,0.12127368152141571,0.0008049430325627327,0.019754184409976006,0.2003384530544281,0.12524165213108063,0.3370380401611328,0.3616085946559906,0.008571518585085869,0.005034904461354017,0.3689262270927429,0
GSE290577_core_Patient_4_1,1,0.44976021578535436,1,HE,0.40945419669151306,0.5205129384994507,0.38763508200645447,0.5172768235206604,0.4181440472602844,0.7697780132293701,0.5713619589805603,0.15795420110225677,0.6964914202690125,0.1034107580780983,0.30794814229011536,0.611636221408844,0.799004077911377,0.5936743021011353,0.15492036938667297,0.859856367111206,0.005028748419135809,0.07117816805839539,0.7790589928627014,0.5218250155448914,0.6137234568595886,0.983314037322998,0.045413315296173096,0.03690147027373314,0.30850327014923096,0
GSE290577_core_Patient_4_2,1,0.4629583920165896,1,HE,0.4338589310646057,0.5130749940872192,0.3889870047569275,0.4720400273799896,0.5375428795814514,0.7676669955253601,0.5934488773345947,0.11628726869821548,0.7087678909301758,0.1064334586262703,0.3256145715713501,0.6695557832717896,0.8221675753593445,0.6397110223770142,0.12836503982543945,0.9275530576705933,0.003697640262544155,0.08560874313116074,0.782578706741333,0.5390868782997131,0.6068874597549438,0.9914098381996155,0.040109142661094666,0.031397078186273575,0.34210893511772156,0
GSE290577_core_Patient_4_3,1,0.2744952343031764,1,HE,0.3254641592502594,0.3199511766433716,0.2749621570110321,0.3356207013130188,0.1544763594865799,0.2507932484149933,0.3671780526638031,0.08717579394578934,0.4147310256958008,0.12694160640239716,0.09569484740495682,0.18466871976852417,0.4330807626247406,0.08922804147005081,0.1532231718301773,0.3176237940788269,0.010868263430893421,0.05339602753520012,0.6226848363876343,0.4381985068321228,0.5676929354667664,0.8385630249977112,0.02439849264919758,0.050715990364551544,0.32504916191101074,0
GSE290577_core_Patient_50_1,1,0.21825130991637706,1,HE,0.2978973686695099,0.26372942328453064,0.29524821043014526,0.11247698217630386,0.07175638526678085,0.23144511878490448,0.20658816397190094,0.046635664999485016,0.3666447401046753,0.1014907956123352,0.06904268264770508,0.07941305637359619,0.39369118213653564,0.0362449511885643,0.05686935409903526,0.31067222356796265,0.004129243548959494,0.03570104017853737,0.6271656155586243,0.2257690727710724,0.5748796463012695,0.8110216856002808,0.007506516296416521,0.014558184891939163,0.21570543944835663,0
GSE290577_core_Patient_50_2,1,0.26178114254027607,1,HE,0.3369312286376953,0.31596308946609497,0.38939154148101807,0.10134377330541611,0.18464602530002594,0.27088284492492676,0.23566947877407074,0.0668950155377388,0.49239295721054077,0.09763728082180023,0.07661370187997818,0.10101554542779922,0.436708927154541,0.05131020396947861,0.15482714772224426,0.26846668124198914,0.015801073983311653,0.06828632205724716,0.7266647815704346,0.41920873522758484,0.6416161060333252,0.8780364990234375,0.006306285969913006,0.0391731783747673,0.1687401384115219,0
GSE290577_core_Patient_50_3,0,0.196078371219337,1,HE,0.2649688124656677,0.27830150723457336,0.32267919182777405,0.07163767516613007,0.05288677290081978,0.2064577341079712,0.22056017816066742,0.037749845534563065,0.3290506601333618,0.10654295980930328,0.040727417916059494,0.07707212120294571,0.29537203907966614,0.04074374586343765,0.040665771812200546,0.23239703476428986,0.004610403440892696,0.031862180680036545,0.5192416310310364,0.17992863059043884,0.544100821018219,0.7464888095855713,0.008675026707351208,0.01400789339095354,0.23523041605949402,0
GSE290577_core_Patient_50_4,0,0.08713317595422268,1,HE,0.14612621068954468,0.1272541731595993,0.17464454472064972,0.03580649197101593,0.016656765714287758,0.08198325335979462,0.06937870383262634,0.012218095362186432,0.12677346169948578,0.08878209441900253,0.012654728256165981,0.009264910593628883,0.08366664499044418,0.012201080098748207,0.008122200146317482,0.0768812894821167,0.0009479071013629436,0.007404401898384094,0.2196957767009735,0.0689890906214714,0.47420722246170044,0.14392249286174774,0.0022317233961075544,0.0017659224104136229,0.17675021290779114,0
GSE290577_core_Patient_51_1,1,0.4629017734527588,1,HE,0.33039024472236633,0.4179172217845917,0.4848743975162506,0.5747368335723877,0.635434627532959,0.7850465178489685,0.5387457609176636,0.1926795095205307,0.664746105670929,0.10515246540307999,0.4130922853946686,0.6476156711578369,0.6495411992073059,0.3295709192752838,0.5258068442344666,0.40468287467956543,0.07795201987028122,0.2936781346797943,0.7796835899353027,0.6602876782417297,0.6663469076156616,0.9526863098144531,0.041584908962249756,0.16566325724124908,0.23462805151939392,0
GSE290577_core_Patient_51_2,1,0.37570866823196414,1,HE,0.3724460005760193,0.26038217544555664,0.4107992649078369,0.6726154088973999,0.4504459500312805,0.6030481457710266,0.3611467778682709,0.10346962511539459,0.5907931327819824,0.12599419057369232,0.19495852291584015,0.2418632209300995,0.6444510817527771,0.14625871181488037,0.2700142562389374,0.39568954706192017,0.03528673201799393,0.2789749205112457,0.7383434772491455,0.5759424567222595,0.6659955382347107,0.8941739797592163,0.03428336977958679,0.039867497980594635,0.28547272086143494,0
GSE290577_core_Patient_51_3,1,0.29919107728637756,1,HE,0.36146673560142517,0.4313817024230957,0.26730629801750183,0.11751803010702133,0.11314623057842255,0.3402727544307709,0.41314616799354553,0.09318584948778152,0.5350823998451233,0.12036779522895813,0.11174874007701874,0.27300897240638733,0.5601032972335815,0.21568511426448822,0.06261961907148361,0.7058074474334717,0.001993760699406266,0.025114282965660095,0.6694446802139282,0.2814536988735199,0.4451301693916321,0.9638299345970154,0.023682216182351112,0.026047762483358383,0.32123327255249023,0
GSE290577_core_Patient_51_4,0,0.11996913202106953,1,HE,0.22906723618507385,0.1319972425699234,0.15845513343811035,0.037487149238586426,0.010622561909258366,0.08487337082624435,0.07020796090364456,0.008735237643122673,0.12625545263290405,0.09437047690153122,0.0106816366314888,0.008606461808085442,0.31880253553390503,0.019863776862621307,0.002501097274944186,0.42664194107055664,0.00023710413370281458,0.00601712753996253,0.15801240503787994,0.05391578748822212,0.3433758616447449,0.4532076418399811,0.003911794163286686,0.0010976839112117887,0.24028362333774567,0
GSE290577_core_Patient_52_1,0,0.08094853976741433,1,HE,0.14614444971084595,0.1368776261806488,0.1557030975818634,0.050850655883550644,0.013466736301779747,0.0766284316778183,0.08571791648864746,0.027518976479768753,0.09418357163667679,0.1163463145494461,0.008285765536129475,0.008917944505810738,0.06515353173017502,0.013801244087517262,0.019260356202721596,0.058138538151979446,0.001805485226213932,0.007719213142991066,0.14783762395381927,0.08469277620315552,0.4237615466117859,0.06570206582546234,0.0024285828694701195,0.003861189354211092,0.20890985429286957,0
GSE290577_core_Patient_52_2,0,0.14901354040950537,1,HE,0.29302966594696045,0.23410627245903015,0.15908414125442505,0.03818526864051819,0.029142135754227638,0.08265665918588638,0.17380405962467194,0.034201912581920624,0.12825705111026764,0.13802655041217804,0.013697275891900063,0.04296725615859032,0.337028831243515,0.02738235518336296,0.012001097202301025,0.4124213755130768,0.0011896798387169838,0.011780801229178905,0.14782728254795074,0.10313724726438522,0.27472344040870667,0.6696776747703552,0.006858589127659798,0.00954244751483202,0.34460943937301636,0
GSE290577_core_Patient_53_1,1,0.2025188335031271,1,HE,0.20273028314113617,0.28777939081192017,0.2388414591550827,0.1082516759634018,0.11504567414522171,0.19669710099697113,0.25774168968200684,0.08331518620252609,0.32357057929039,0.10295147448778152,0.07140212506055832,0.12598146498203278,0.1433723121881485,0.04458729922771454,0.11147752404212952,0.09662818163633347,0.008722512982785702,0.026085009798407555,0.5666446685791016,0.392147421836853,0.5467172265052795,0.776141345500946,0.007057546637952328,0.02425115741789341,0.20483052730560303,0
GSE290577_core_Patient_53_2,1,0.2691552712023258,1,HE,0.24214500188827515,0.30645567178726196,0.22237738966941833,0.5399091243743896,0.040212299674749374,0.20943844318389893,0.4838429391384125,0.151792511343956,0.22281596064567566,0.14785239100456238,0.052170272916555405,0.4754905700683594,0.46421316266059875,0.12569697201251984,0.3191499710083008,0.1614849716424942,0.028519708663225174,0.07567086815834045,0.3094588816165924,0.38755398988723755,0.42568740248680115,0.5318332314491272,0.03924290090799332,0.4120066463947296,0.3538604974746704,0
GSE290577_core_Patient_53_3,0,0.19427108980715274,1,HE,0.34637123346328735,0.3698173761367798,0.21575234830379486,0.05972062423825264,0.04669026657938957,0.11247780174016953,0.2849535048007965,0.054565366357564926,0.2526184618473053,0.12342578172683716,0.051602840423583984,0.1006406918168068,0.28074342012405396,0.03800070658326149,0.03122619539499283,0.32359397411346436,0.0022341413423419,0.01451684907078743,0.38057851791381836,0.25268620252609253,0.3997322916984558,0.777569591999054,0.010255283676087856,0.013723727315664291,0.31328004598617554,0
GSE290577_core_Patient_53_4,0,0.13300510792061687,1,HE,0.2521515190601349,0.2359883040189743,0.1866588592529297,0.10809729248285294,0.019457921385765076,0.11447767913341522,0.21034663915634155,0.06614286452531815,0.1398143172264099,0.1832624226808548,0.06232595071196556,0.08474196493625641,0.11520154029130936,0.03216444328427315,0.05666300281882286,0.11136143654584885,0.0038973079062998295,0.06434454023838043,0.18808551132678986,0.22769016027450562,0.32162487506866455,0.11756324768066406,0.012311416678130627,0.014924446120858192,0.39583003520965576,0
GSE290577_core_Patient_54_1,1,0.3779935639631003,1,HE,0.4398925006389618,0.40123337507247925,0.3567996621131897,0.43536901473999023,0.2036074995994568,0.5609705448150635,0.4183410406112671,0.09796536713838577,0.617431640625,0.1265263557434082,0.13638697564601898,0.4097031354904175,0.804209291934967,0.25205177068710327,0.07166542857885361,0.9203625917434692,0.003349038539454341,0.05751317739486694,0.725115180015564,0.39148107171058655,0.6101363301277161,0.977820098400116,0.03241964802145958,0.02060362696647644,0.3788847327232361,0
GSE290577_core_Patient_54_2,1,0.33048114464152606,1,HE,0.45448431372642517,0.36420589685440063,0.2564486861228943,0.317775160074234,0.18392863869667053,0.3730417490005493,0.32980069518089294,0.0881417840719223,0.5704681873321533,0.11213240772485733,0.09608380496501923,0.2434251606464386,0.8105106949806213,0.14988890290260315,0.04979686439037323,0.9101466536521912,0.001594347064383328,0.026309769600629807,0.7092041969299316,0.28083935379981995,0.5760630965232849,0.9697974324226379,0.015319370664656162,0.017803790047764778,0.354817658662796,0
GSE290577_core_Patient_54_3,1,0.38444964453112335,1,HE,0.44884154200553894,0.4164853096008301,0.32643091678619385,0.23611631989479065,0.3336946368217468,0.6379647254943848,0.4392562508583069,0.10645177960395813,0.6686246395111084,0.09225625544786453,0.13473781943321228,0.3716118633747101,0.8164882659912109,0.5108835101127625,0.06978356093168259,0.9424080848693848,0.0013212653575465083,0.03915722668170929,0.778233528137207,0.35246574878692627,0.5513730049133301,0.9846940040588379,0.03206777572631836,0.019443051889538765,0.30045002698898315,0
GSE290577_core_Patient_54_4,1,0.42549227671697737,1,HE,0.4169599711894989,0.5761107206344604,0.3842596113681793,0.21034204959869385,0.3794891834259033,0.7031110525131226,0.571868360042572,0.16317665576934814,0.6897215843200684,0.09883636236190796,0.23063789308071136,0.5698860287666321,0.7887380719184875,0.6546478867530823,0.15237024426460266,0.8986569046974182,0.0024536033160984516,0.033823177218437195,0.7736023664474487,0.4141804873943329,0.5400922894477844,0.9866655468940735,0.04072260484099388,0.0590393990278244,0.29791486263275146,0
GSE290577_core_Patient_55_1,0,0.12856278996914625,1,HE,0.1244070902466774,0.2005631923675537,0.18932601809501648,0.044747572392225266,0.023560211062431335,0.16069750487804413,0.12699073553085327,0.028876803815364838,0.23116062581539154,0.08058974891901016,0.01656060665845871,0.04272047430276871,0.08386927843093872,0.028455985710024834,0.029742227867245674,0.06907977908849716,0.0016826470382511616,0.005872160196304321,0.38867253065109253,0.0849275141954422,0.4465201497077942,0.6189970970153809,0.004710779991000891,0.009695072658360004,0.1716439425945282,0
GSE290577_core_Patient_55_2,0,0.13505930772982538,1,HE,0.22689999639987946,0.1320600062608719,0.2606613337993622,0.10487271845340729,0.054513558745384216,0.14324870705604553,0.06855186074972153,0.013877625577151775,0.25389984250068665,0.10139095038175583,0.041045770049095154,0.007796566467732191,0.11356975883245468,0.01811292953789234,0.013838877901434898,0.10051564127206802,0.004474085755646229,0.037335969507694244,0.46188050508499146,0.11288600414991379,0.576439619064331,0.3376863896846771,0.004132162779569626,0.002725279191508889,0.1840665340423584,0
GSE290577_core_Patient_55_3,0,0.17435091972583905,1,HE,0.2849297821521759,0.1649208962917328,0.21875044703483582,0.10473770648241043,0.03813232108950615,0.1724860519170761,0.09478884190320969,0.017639605328440666,0.3002975285053253,0.094797283411026,0.027609283104538918,0.0157149750739336,0.36975768208503723,0.03625481203198433,0.009560934267938137,0.3183305561542511,0.0009762782719917595,0.016179384663701057,0.49261584877967834,0.090978242456913,0.5213732123374939,0.718647837638855,0.007707876618951559,0.002236478729173541,0.2393491268157959,0
GSE290577_core_Patient_55_4,1,0.42225466426461933,1,HE,0.37621158361434937,0.45132142305374146,0.3479726314544678,0.3857784569263458,0.6211766004562378,0.646399974822998,0.5279794931411743,0.1491888463497162,0.6592985391616821,0.09914808720350266,0.1397075057029724,0.5033029913902283,0.8087479472160339,0.5676831007003784,0.22006367146968842,0.8477638363838196,0.0067039234563708305,0.04273007810115814,0.7692866921424866,0.4387485086917877,0.5820581316947937,0.9845104813575745,0.0320214219391346,0.043980322778224945,0.3045823574066162,0
GSE290577_core_Patient_56_1,1,0.24535820465534924,1,HE,0.2092764973640442,0.459161639213562,0.2701917290687561,0.06726489961147308,0.05117791146039963,0.34064415097236633,0.42804035544395447,0.09965142607688904,0.37214744091033936,0.11274120956659317,0.10728182643651962,0.4115375578403473,0.1854187399148941,0.20148517191410065,0.11104799807071686,0.14558465778827667,0.006930488161742687,0.04101185128092766,0.5443085432052612,0.31586959958076477,0.46837911009788513,0.8743155002593994,0.019659094512462616,0.03663259372115135,0.25419512391090393,0
GSE290577_core_Patient_56_2,1,0.17208974540233613,1,HE,0.1757638305425644,0.28028422594070435,0.2578151822090149,0.07695817947387695,0.041331544518470764,0.2851751446723938,0.2531064450740814,0.039875708520412445,0.28154560923576355,0.1014961525797844,0.04921954870223999,0.12436486035585403,0.1127081885933876,0.0402844212949276,0.04819108545780182,0.08846791088581085,0.006334297824651003,0.022092420607805252,0.47017937898635864,0.19243302941322327,0.5293506383895874,0.595503568649292,0.005992962513118982,0.013686620630323887,0.21008267998695374,0
GSE290577_core_Patient_57_1,1,0.2849471328780055,1,HE,0.20481224358081818,0.4002744257450104,0.3603134751319885,0.11384635418653488,0.218841090798378,0.5826804637908936,0.3430499732494354,0.09631568193435669,0.5928150415420532,0.07652062177658081,0.04625778645277023,0.23822298645973206,0.44081780314445496,0.13850969076156616,0.19259847700595856,0.20974494516849518,0.008963985368609428,0.015263236127793789,0.7686405777931213,0.3021842837333679,0.6169419884681702,0.9472292065620422,0.011094508692622185,0.04145250469446182,0.15628696978092194,0
GSE290577_core_Patient_57_2,0,0.1501656065415591,1,HE,0.183709055185318,0.14815831184387207,0.28545963764190674,0.07168661803007126,0.052559953182935715,0.22610697150230408,0.0923767015337944,0.027458585798740387,0.27316001057624817,0.09438163042068481,0.015177384950220585,0.018792150542140007,0.19910269975662231,0.022832468152046204,0.04434839263558388,0.0944925919175148,0.007014605216681957,0.018139000982046127,0.4981921911239624,0.09313623607158661,0.5965774655342102,0.5136317610740662,0.0034933697897940874,0.0076952832750976086,0.16645708680152893,0
GSE290577_core_Patient_57_3,0,0.27552476696670053,1,HE,0.3898043930530548,0.3245624005794525,0.33097055554389954,0.26494330167770386,0.09377095103263855,0.2876209318637848,0.33972808718681335,0.162603497505188,0.354979008436203,0.2644211947917938,0.204985573887825,0.17806512117385864,0.33023297786712646,0.09886052459478378,0.15748925507068634,0.24002671241760254,0.030254622921347618,0.16287973523139954,0.4769984185695648,0.4403647482395172,0.5155112743377686,0.6153914928436279,0.0559416189789772,0.06826265901327133,0.49945011734962463,0
GSE290577_core_Patient_58_1,0,0.4311880205944181,1,HE,0.4907994568347931,0.49749746918678284,0.29420480132102966,0.532386064529419,0.32696059346199036,0.3430381715297699,0.5813891291618347,0.18927410244941711,0.5985543727874756,0.1748436838388443,0.35774606466293335,0.5684835314750671,0.6906021237373352,0.3845483064651489,0.22584612667560577,0.7012662291526794,0.013841052539646626,0.32216328382492065,0.7011910080909729,0.5345137715339661,0.5379026532173157,0.9651052355766296,0.09867604821920395,0.1377200335264206,0.5111472010612488,0
GSE290577_core_Patient_58_2,1,0.5029216662049294,1,HE,0.5160061120986938,0.43319982290267944,0.3153381049633026,0.6900789141654968,0.20071053504943848,0.3307904601097107,0.636543869972229,0.19459646940231323,0.508226215839386,0.2082393765449524,0.6818013787269592,0.8272825479507446,0.7362044453620911,0.1930803656578064,0.3519884943962097,0.8176560401916504,0.03902176767587662,0.8168267607688904,0.5728859901428223,0.6304820775985718,0.4258609414100647,0.9245347380638123,0.13661149144172668,0.8217111825942993,0.5633635520935059,1
GSE290577_core_Patient_58_3,0,0.2855472584441304,1,HE,0.34209659695625305,0.33912229537963867,0.3780573308467865,0.3260415494441986,0.13842792809009552,0.3280267119407654,0.3366372287273407,0.11300642788410187,0.4569498896598816,0.13870103657245636,0.12623585760593414,0.19703485071659088,0.4930863082408905,0.05370412394404411,0.14027641713619232,0.23095418512821198,0.015260928310453892,0.05968841165304184,0.6653372645378113,0.42091232538223267,0.612264096736908,0.8432103395462036,0.016149789094924927,0.057332076132297516,0.31016749143600464,0
GSE290577_core_Patient_58_4,0,0.16979520136490464,1,HE,0.3074458837509155,0.15126265585422516,0.334723562002182,0.11155538260936737,0.08295387774705887,0.12531933188438416,0.11325045675039291,0.023396790027618408,0.2499922215938568,0.11426813155412674,0.041479501873254776,0.012550156563520432,0.3115614354610443,0.014925491064786911,0.021472711116075516,0.1892428696155548,0.004995371215045452,0.044754281640052795,0.4456852078437805,0.2191762924194336,0.5966540575027466,0.49424704909324646,0.0037012696266174316,0.007755603175610304,0.2225104421377182,0
GSE290577_core_Patient_59_1,1,0.49510654926300046,1,HE,0.3628428876399994,0.42773187160491943,0.4759858250617981,0.6450378894805908,0.4508194923400879,0.7255090475082397,0.628574788570404,0.2310882806777954,0.6064074635505676,0.1937200278043747,0.6594613194465637,0.769786536693573,0.525126576423645,0.24617144465446472,0.5745102763175964,0.219636470079422,0.12424149364233017,0.6133692860603333,0.7417185306549072,0.6637086272239685,0.6396055221557617,0.9296543002128601,0.08651464432477951,0.3721138834953308,0.46432724595069885,0
GSE290577_core_Patient_59_2,1,0.55742133051157,1,HE,0.49882060289382935,0.6654358506202698,0.4668889343738556,0.7216532230377197,0.5615962147712708,0.8081209063529968,0.7350441813468933,0.39483585953712463,0.6929947137832642,0.1422310173511505,0.5908713936805725,0.7230482697486877,0.7768167853355408,0.6957868337631226,0.5295956134796143,0.8627131581306458,0.03162654489278793,0.17275765538215637,0.7777893543243408,0.6372652053833008,0.6274057626724243,0.9875091910362244,0.08589501678943634,0.3093600273132324,0.43947094678878784,1
GSE290577_core_Patient_59_3,0,0.22616947263479234,1,HE,0.3573691248893738,0.3957463502883911,0.23639163374900818,0.1331983208656311,0.058381810784339905,0.21784460544586182,0.35768988728523254,0.08121953159570694,0.3585388958454132,0.1454767882823944,0.07010383158922195,0.14817166328430176,0.19224022328853607,0.08180097490549088,0.05026843026280403,0.21204867959022522,0.006702875718474388,0.028736116364598274,0.5060791969299316,0.31030428409576416,0.5109783411026001,0.8002513647079468,0.01999548450112343,0.017795085906982422,0.3569033145904541,0
GSE290577_core_Patient_59_4,0,0.2914604591205716,1,HE,0.25719696283340454,0.46379634737968445,0.30597954988479614,0.10351771861314774,0.144575834274292,0.45850107073783875,0.5027788281440735,0.09235000610351562,0.4987685978412628,0.09762962907552719,0.0965813398361206,0.38620275259017944,0.27953124046325684,0.1805686503648758,0.2589729130268097,0.21865138411521912,0.013463182374835014,0.028056355193257332,0.687597930431366,0.41448768973350525,0.5663331151008606,0.9296619296073914,0.014641803689301014,0.05213227868080139,0.2345343679189682,0
GSE290577_core_Patient_5_1,1,0.4704455132782459,1,HE,0.40867090225219727,0.5609447360038757,0.4481875002384186,0.5350029468536377,0.610538899898529,0.7910470962524414,0.5806768536567688,0.2708209455013275,0.7226710915565491,0.1057487204670906,0.2287655621767044,0.5782963037490845,0.7832800149917603,0.5597975850105286,0.3333967924118042,0.7520347237586975,0.01064092293381691,0.0552997887134552,0.7985240817070007,0.523353636264801,0.665147066116333,0.9877353310585022,0.04463418573141098,0.10579955577850342,0.30012258887290955,0
GSE290577_core_Patient_5_2,1,0.47870819866657255,1,HE,0.36114972829818726,0.5058483481407166,0.4183879494667053,0.5553231239318848,0.6986817717552185,0.7834404110908508,0.5452392101287842,0.2465648353099823,0.7156937122344971,0.09465178847312927,0.3406626880168915,0.6685180068016052,0.788304328918457,0.5773967504501343,0.40213215351104736,0.7376304864883423,0.012457624077796936,0.06781399995088577,0.8066943287849426,0.590826690196991,0.6704548597335815,0.9846209287643433,0.04677427560091019,0.0908578485250473,0.25757911801338196,0
GSE290577_core_Patient_5_3,1,0.47565760746598246,1,HE,0.4649224877357483,0.5397669076919556,0.38538652658462524,0.7181788086891174,0.5024004578590393,0.7484408617019653,0.59828782081604,0.31040677428245544,0.7036952376365662,0.11929649859666824,0.2328481525182724,0.5155277252197266,0.8235785365104675,0.5584965348243713,0.2748894989490509,0.9013299942016602,0.00815105065703392,0.05564981698989868,0.7780542969703674,0.5227720737457275,0.6568601131439209,0.9837643504142761,0.06514036655426025,0.07363422214984894,0.3499610722064972,0
GSE290577_core_Patient_5_4,1,0.4569884967058897,1,HE,0.47035881876945496,0.5462212562561035,0.3899197280406952,0.6011976599693298,0.5043271780014038,0.6790979504585266,0.5950424075126648,0.30224379897117615,0.6831136345863342,0.13413111865520477,0.14638137817382812,0.4460076093673706,0.7680663466453552,0.5308101773262024,0.2759176194667816,0.8619221448898315,0.01400439627468586,0.05789542570710182,0.7603597640991211,0.5165441632270813,0.6383352279663086,0.9841912984848022,0.058821387588977814,0.08003909885883331,0.37976282835006714,0
GSE290577_core_Patient_60_2,0,0.2687465292774141,1,HE,0.2708015739917755,0.3201060891151428,0.3674283027648926,0.15726624429225922,0.15367059409618378,0.38244056701660156,0.29434072971343994,0.10367168486118317,0.5045115947723389,0.1086106225848198,0.0407877117395401,0.1629662960767746,0.4917297959327698,0.06435690820217133,0.21258145570755005,0.20596584677696228,0.01826222613453865,0.033061910420656204,0.6879686117172241,0.2797199487686157,0.634082019329071,0.9039040207862854,0.007009060587733984,0.07755923271179199,0.2358601838350296,0
GSE290577_core_Patient_60_3,0,0.12530262196436526,1,HE,0.2135225087404251,0.2196841835975647,0.1943661868572235,0.0942654237151146,0.02616032399237156,0.11056330800056458,0.18507233262062073,0.04946431517601013,0.14956292510032654,0.13230691850185394,0.026937825605273247,0.04772861301898956,0.1732061207294464,0.01927991770207882,0.03893809765577316,0.08348312228918076,0.0033890423364937305,0.012654288671910763,0.25830304622650146,0.16805222630500793,0.4007642865180969,0.2299213707447052,0.00687458086758852,0.012988939881324768,0.27507564425468445,0
GSE290577_core_Patient_60_4,0,0.09818187293130905,1,HE,0.11462090164422989,0.18351973593235016,0.20833967626094818,0.028502266854047775,0.019466912373900414,0.10841749608516693,0.10357392579317093,0.019751669839024544,0.15463517606258392,0.07974588871002197,0.014992634765803814,0.029148781672120094,0.07527144253253937,0.014519454911351204,0.015737324953079224,0.05688223987817764,0.0019098069751635194,0.006069011054933071,0.2923406660556793,0.08983295410871506,0.44361069798469543,0.24402105808258057,0.0027797985821962357,0.005336205940693617,0.14152109622955322,0
GSE290577_core_Patient_61_1,0,0.1708980629686266,1,HE,0.21427033841609955,0.2852325737476349,0.22029739618301392,0.03931970149278641,0.04338651895523071,0.14940501749515533,0.19854381680488586,0.043879106640815735,0.286128968000412,0.09100304543972015,0.024412821978330612,0.08707591146230698,0.1789121776819229,0.040979210287332535,0.043446775525808334,0.1741941273212433,0.0023729593958705664,0.009496960788965225,0.47365859150886536,0.16755306720733643,0.45477887988090515,0.8286793828010559,0.006161462981253862,0.015317771583795547,0.1939449906349182,0
GSE290577_core_Patient_61_2,0,0.2753192216902971,1,HE,0.24781079590320587,0.2760249078273773,0.38540616631507874,0.19330444931983948,0.262561172246933,0.37318286299705505,0.2896169126033783,0.07645042985677719,0.5212796926498413,0.11777511239051819,0.18172197043895721,0.15939822793006897,0.21284106373786926,0.0746428444981575,0.18869322538375854,0.10688241571187973,0.02900608256459236,0.1472301036119461,0.7245588898658752,0.495991587638855,0.6305033564567566,0.8848685026168823,0.014356328174471855,0.04879734665155411,0.24007609486579895,0
GSE290577_core_Patient_62_1,1,0.15403582539758645,1,HE,0.3623582124710083,0.1736709028482437,0.18444231152534485,0.08275963366031647,0.014381936751306057,0.09185915440320969,0.09040564298629761,0.021534694358706474,0.16038531064987183,0.1312660127878189,0.02703072316944599,0.011270345188677311,0.3319377303123474,0.018716946244239807,0.0036579137668013573,0.6122956275939941,0.00048333764425478876,0.01629515364766121,0.24686674773693085,0.11632676422595978,0.4542195498943329,0.32016968727111816,0.00653244461864233,0.0011462506372481585,0.3708826005458832,0
GSE290577_core_Patient_62_2,1,0.14549456731416285,1,HE,0.2206234484910965,0.13901063799858093,0.2629885971546173,0.08200961351394653,0.04672066494822502,0.15596090257167816,0.0873769074678421,0.034683551639318466,0.22690364718437195,0.10683246701955795,0.018643105402588844,0.02158048376441002,0.16436803340911865,0.017392931506037712,0.04650149866938591,0.12027709186077118,0.007036419119685888,0.024529192596673965,0.4459870457649231,0.104916512966156,0.6203597187995911,0.4767720401287079,0.002806147327646613,0.009162523783743382,0.19392099976539612,0
GSE290577_core_Patient_62_3,0,0.2139081384660676,1,HE,0.2612961232662201,0.28907981514930725,0.24835048615932465,0.11342624574899673,0.05196673795580864,0.2402888685464859,0.27211490273475647,0.048876017332077026,0.33267608284950256,0.10157175362110138,0.03834893926978111,0.10494635254144669,0.4772374629974365,0.04941152036190033,0.030527517199516296,0.3734133839607239,0.0018405934097245336,0.015603145584464073,0.47828546166419983,0.1853308081626892,0.4878898859024048,0.8507208824157715,0.010750867426395416,0.010423746891319752,0.2733258605003357,0
GSE290577_core_Patient_62_4,0,0.1964586369157769,1,HE,0.3387444019317627,0.19951699674129486,0.2315291315317154,0.08827666938304901,0.021659476682543755,0.19155952334403992,0.12281805276870728,0.02176661789417267,0.29135802388191223,0.10770151019096375,0.027715709060430527,0.03598718345165253,0.6022379994392395,0.04091540351510048,0.008880583569407463,0.6617586612701416,0.0005560708814300597,0.01769384928047657,0.4153973460197449,0.09312812983989716,0.53126060962677,0.5889233946800232,0.007715689484030008,0.0026060244999825954,0.26175886392593384,0
GSE290577_core_Patient_63_1,1,0.10356341186561621,1,HE,0.2582405209541321,0.13545270264148712,0.1712128072977066,0.05416439473628998,0.01096424087882042,0.09689101576805115,0.04533610865473747,0.008168485946953297,0.15553897619247437,0.10054599493741989,0.014115191996097565,0.004427354782819748,0.21739771962165833,0.01108545158058405,0.0027956790290772915,0.15575464069843292,0.00030341887031681836,0.00794451218098402,0.3107975423336029,0.041481658816337585,0.4863179922103882,0.09641285985708237,0.0027921386063098907,0.0006314077181741595,0.20031248033046722,0
GSE290577_core_Patient_63_2,1,0.12405252070864663,1,HE,0.21618632972240448,0.13211068511009216,0.17887404561042786,0.09958499670028687,0.024380583316087723,0.1497679054737091,0.058832865208387375,0.014920913614332676,0.23810556530952454,0.09910144656896591,0.017802562564611435,0.008891011588275433,0.21022701263427734,0.025434765964746475,0.006984345614910126,0.12469641119241714,0.0007547278655692935,0.014345010742545128,0.38867682218551636,0.06934758275747299,0.5377206802368164,0.26452794671058655,0.005388335324823856,0.0008599446737207472,0.21379052102565765,0
GSE290577_core_Patient_63_3,0,0.18722669318551197,1,HE,0.23368564248085022,0.2179926484823227,0.2432437688112259,0.03728344663977623,0.024526415392756462,0.23494519293308258,0.14235073328018188,0.018163584172725677,0.36815914511680603,0.07470343261957169,0.01891426555812359,0.07042387127876282,0.3288149833679199,0.07624344527721405,0.015798695385456085,0.3768936097621918,0.0005742856883443892,0.010279342532157898,0.5530125498771667,0.07843160629272461,0.4916444420814514,0.8801328539848328,0.007867990992963314,0.004730770830065012,0.17185060679912567,0
GSE290577_core_Patient_63_4,1,0.31331351449713113,1,HE,0.2759924530982971,0.377851665019989,0.2889053225517273,0.30969294905662537,0.10678713768720627,0.5626165270805359,0.3891628086566925,0.08214247226715088,0.5714558959007263,0.08600594848394394,0.09334363043308258,0.3464474380016327,0.543163001537323,0.362773597240448,0.08833067864179611,0.558340847492218,0.00367238512262702,0.022621281445026398,0.7191628813743591,0.24669149518013,0.5254172086715698,0.9718598127365112,0.02994804084300995,0.022035378962755203,0.24841700494289398,0
GSE290577_core_Patient_64_1,0,0.08442936509847641,1,HE,0.13135339319705963,0.11814232915639877,0.1647396832704544,0.05077461153268814,0.014802114106714725,0.07939580082893372,0.06926275789737701,0.01861271634697914,0.11338391900062561,0.09377676993608475,0.009507116861641407,0.008674549870193005,0.04381787031888962,0.008304932154715061,0.011277658864855766,0.04602149873971939,0.0014589950442314148,0.006386247929185629,0.1961294412612915,0.07247602194547653,0.4885460436344147,0.16959315538406372,0.002044527092948556,0.002425022656098008,0.18982695043087006,0
GSE290577_core_Patient_64_2,0,0.09859802448074334,1,HE,0.15069305896759033,0.16144181787967682,0.1627938598394394,0.02199559472501278,0.012385464273393154,0.08958502858877182,0.09665779769420624,0.013910220004618168,0.12874077260494232,0.08485157787799835,0.007434587925672531,0.025883328169584274,0.14436957240104675,0.014794955030083656,0.007916588336229324,0.14463593065738678,0.0004718384880106896,0.003945732489228249,0.17409294843673706,0.05530865862965584,0.34575146436691284,0.40756121277809143,0.0031355987302958965,0.004313241690397263,0.20227976143360138,0
GSE290577_core_Patient_6_1,1,0.1638644988136366,1,HE,0.20451374351978302,0.27351880073547363,0.2236795574426651,0.0468369759619236,0.032006893306970596,0.14139056205749512,0.2038048803806305,0.037873461842536926,0.2307557612657547,0.1099570021033287,0.024482281878590584,0.07279741019010544,0.3003922998905182,0.034196771681308746,0.017467672005295753,0.20003071427345276,0.001558018964715302,0.010865787975490093,0.3410106897354126,0.15322691202163696,0.3678670823574066,0.7993276715278625,0.007072071544826031,0.009864913299679756,0.25211453437805176,0
GSE290577_core_Patient_6_2,1,0.19092449064832182,1,HE,0.19689910113811493,0.3101276457309723,0.2345135509967804,0.043543457984924316,0.03553777560591698,0.23044103384017944,0.21207013726234436,0.036757390946149826,0.33866605162620544,0.08321273326873779,0.02156982012093067,0.11387544125318527,0.3740007281303406,0.09260910749435425,0.02319388836622238,0.2666299641132355,0.0009820688283070922,0.00645590340718627,0.5227322578430176,0.11956921964883804,0.39061155915260315,0.9006059765815735,0.010611121542751789,0.010596686974167824,0.19729964435100555,0
GSE290577_core_Patient_6_3,1,0.46697420127689837,1,HE,0.42695680260658264,0.5312899351119995,0.41130366921424866,0.7086658477783203,0.5522437691688538,0.6913473010063171,0.6278772354125977,0.32141607999801636,0.6613632440567017,0.16331402957439423,0.31280696392059326,0.49392712116241455,0.7639374732971191,0.37884122133255005,0.2496183067560196,0.7172105312347412,0.023699874058365822,0.08031352609395981,0.7436230778694153,0.6121787428855896,0.6070317625999451,0.9683516025543213,0.0698058232665062,0.10272067040205002,0.4545104205608368,0
GSE290577_core_Patient_6_4,0,0.21726435946300626,1,HE,0.24028155207633972,0.29540473222732544,0.28150373697280884,0.12108834832906723,0.08090519160032272,0.23548957705497742,0.28704771399497986,0.06795914471149445,0.33843404054641724,0.11751435697078705,0.05332474410533905,0.1486201286315918,0.39278972148895264,0.05606081336736679,0.059593524783849716,0.2313499003648758,0.0038691083900630474,0.03657924011349678,0.4955406188964844,0.24467064440250397,0.4639526307582855,0.8626251816749573,0.014491167850792408,0.02064533531665802,0.2818678319454193,0
GSE290577_core_Patient_7_1,1,0.29865145940333604,1,HE,0.3293791711330414,0.3003503978252411,0.3365614414215088,0.3407602310180664,0.22290897369384766,0.46302127838134766,0.3233962953090668,0.08400240540504456,0.5194313526153564,0.13135498762130737,0.13300839066505432,0.13068121671676636,0.6081064939498901,0.08961932361125946,0.07070289552211761,0.4469633102416992,0.010532773099839687,0.07198449969291687,0.6545346975326538,0.37633445858955383,0.6053570508956909,0.8549281358718872,0.020247377455234528,0.025281688198447227,0.3168376386165619,0
GSE290577_core_Patient_7_2,0,0.12031721457839012,1,HE,0.16666951775550842,0.18070663511753082,0.2193833291530609,0.04647605121135712,0.030894309282302856,0.13793091475963593,0.14476807415485382,0.037108469754457474,0.156555637717247,0.10308124125003815,0.013323405757546425,0.03928477317094803,0.13008710741996765,0.017769059166312218,0.04629265516996384,0.09328583627939224,0.0050761098973453045,0.013526473194360733,0.26863691210746765,0.11561097949743271,0.4918653964996338,0.35027366876602173,0.003915020730346441,0.011323253624141216,0.18408553302288055,0
GSE290577_core_Patient_7_3,1,0.28472765628248453,1,HE,0.24667248129844666,0.22285668551921844,0.3127121925354004,0.6080645322799683,0.22375831007957458,0.506005585193634,0.2679053246974945,0.10841076821088791,0.5071280002593994,0.13574734330177307,0.05376472324132919,0.05180877447128296,0.583419919013977,0.06328810751438141,0.10540610551834106,0.23239289224147797,0.019994039088487625,0.03812550753355026,0.6330872178077698,0.3052108883857727,0.6599979996681213,0.8621885180473328,0.013620554469525814,0.025928353890776634,0.33069658279418945,0
GSE290577_core_Patient_8_2,1,0.47372008656151593,1,HE,0.5425958037376404,0.479015588760376,0.3804537355899811,0.6863242983818054,0.5303475260734558,0.6934481859207153,0.5439333915710449,0.17884288728237152,0.7166508436203003,0.11781270056962967,0.24658428132534027,0.5577840209007263,0.9103868007659912,0.5927080512046814,0.09315762668848038,0.9791333079338074,0.0030319143552333117,0.10687624663114548,0.7833495736122131,0.5699643492698669,0.6336010694503784,0.9917879700660706,0.04496587812900543,0.022969331592321396,0.43727678060531616,0
GSE290577_core_Patient_8_3,1,0.2913556879293174,1,HE,0.3428605794906616,0.406366765499115,0.2487211376428604,0.23782475292682648,0.18440234661102295,0.24723999202251434,0.4375590682029724,0.08988761156797409,0.47906553745269775,0.11983329057693481,0.07215561717748642,0.2368854433298111,0.6472897529602051,0.12847433984279633,0.051238447427749634,0.6213271021842957,0.0036882541608065367,0.022824665531516075,0.5855778455734253,0.3721298575401306,0.4055456817150116,0.9526939988136292,0.01806868053972721,0.02957615815103054,0.3426552712917328,0
GSE290577_core_Patient_9_1,1,0.21493992048315705,1,HE,0.438899427652359,0.18925267457962036,0.26193779706954956,0.22858627140522003,0.11264502257108688,0.13399894535541534,0.12468641251325607,0.018360164016485214,0.36208847165107727,0.14354132115840912,0.09010107070207596,0.014439856633543968,0.46715047955513,0.03499371185898781,0.007963531650602818,0.4627957344055176,0.0020399545319378376,0.08586544543504715,0.4629688262939453,0.2280496209859848,0.5563402771949768,0.590853750705719,0.012119902297854424,0.0019227482844144106,0.34189659357070923,0
GSE290577_core_Patient_9_2,1,0.22866639072075487,1,HE,0.265951931476593,0.24341222643852234,0.3726307153701782,0.10330969095230103,0.1267589032649994,0.3393431305885315,0.2093733251094818,0.03658800944685936,0.41028761863708496,0.0961960107088089,0.06737775355577469,0.09162247180938721,0.3495568037033081,0.03894038870930672,0.07224041223526001,0.20274685323238373,0.011858601123094559,0.0625508651137352,0.6418009996414185,0.3248918950557709,0.6106036305427551,0.829491913318634,0.005279019940644503,0.015972742810845375,0.18787385523319244,0
GSE290577_core_Patient_9_3,1,0.23250195883214475,1,HE,0.2709357738494873,0.22848445177078247,0.27126505970954895,0.12205938994884491,0.13398012518882751,0.27537643909454346,0.22427357733249664,0.04343660920858383,0.4259914457798004,0.1013069599866867,0.07459330558776855,0.0871882513165474,0.42291972041130066,0.04165598377585411,0.03452805429697037,0.36813676357269287,0.0033929841592907906,0.033125631511211395,0.5712721943855286,0.33869481086730957,0.5549582242965698,0.9204638004302979,0.005254203919321299,0.007511178497225046,0.25174403190612793,0
