model_variant,pair_id,case_id,source_event_id,source_event_key,source_event_index,source_biopsy_date,source_acr_grade,source_amr_grade,source_slide_count,target_event_id,target_event_key,target_event_index,target_biopsy_date,target_acr_grade,target_amr_grade,delta_days,label,label_text,fold,probability
time_only,pair_000130,patient_228507d0242d624c,S2222061,S2222061,1,2022-05-31,1R,pAMR0,3,S2225225,S2225225,2,2022-06-21,1R,pAMR0,21,0,future_no_significant_rejection,0,0.5047618366552327
time_only,pair_000131,patient_228507d0242d624c,S2222061,S2222061,1,2022-05-31,1R,pAMR0,3,S2232192,S2232192,3,2022-08-02,0R,pAMR0,63,0,future_no_significant_rejection,0,0.5015483992669716
time_only,pair_000132,patient_228507d0242d624c,S2222061,S2222061,1,2022-05-31,1R,pAMR0,3,S2241562,S2241562,4,2022-10-04,1R,pAMR0,126,0,future_no_significant_rejection,0,0.4994860397356824
time_only,pair_000133,patient_228507d0242d624c,S2222061,S2222061,1,2022-05-31,1R,pAMR0,3,S2247860,S2247860,5,2022-11-15,2R,pAMR0,168,1,future_significant_rejection,0,0.49862621793626405
time_only,pair_000134,patient_228507d0242d624c,S2222061,S2222061,1,2022-05-31,1R,pAMR0,3,S2252333,S2252333,6,2022-12-13,0R,pAMR0,196,0,future_no_significant_rejection,0,0.4981648641961751
time_only,pair_000135,patient_228507d0242d624c,S2222061,S2222061,1,2022-05-31,1R,pAMR0,3,S2306847,S2306847,7,2023-02-14,0R,pAMR0,259,0,future_no_significant_rejection,0,0.4973298349697579
time_only,pair_000136,patient_228507d0242d624c,S2222061,S2222061,1,2022-05-31,1R,pAMR0,3,S2320993,S2320993,8,2023-05-16,2R,pAMR0,350,1,future_significant_rejection,0,0.4964267309322298
time_only,pair_000137,patient_228507d0242d624c,S2225225,S2225225,2,2022-06-21,1R,pAMR0,1,S2232192,S2232192,3,2022-08-02,0R,pAMR0,42,0,future_no_significant_rejection,0,0.5027451700203569
time_only,pair_000138,patient_228507d0242d624c,S2225225,S2225225,2,2022-06-21,1R,pAMR0,1,S2241562,S2241562,4,2022-10-04,1R,pAMR0,105,0,future_no_significant_rejection,0,0.500029985410016
time_only,pair_000139,patient_228507d0242d624c,S2225225,S2225225,2,2022-06-21,1R,pAMR0,1,S2247860,S2247860,5,2022-11-15,2R,pAMR0,147,1,future_significant_rejection,0,0.49902552437928677
time_only,pair_000140,patient_228507d0242d624c,S2225225,S2225225,2,2022-06-21,1R,pAMR0,1,S2252333,S2252333,6,2022-12-13,0R,pAMR0,175,0,future_no_significant_rejection,0,0.49850408096140464
time_only,pair_000141,patient_228507d0242d624c,S2225225,S2225225,2,2022-06-21,1R,pAMR0,1,S2306847,S2306847,7,2023-02-14,0R,pAMR0,238,0,future_no_significant_rejection,0,0.4975832756198542
time_only,pair_000142,patient_228507d0242d624c,S2225225,S2225225,2,2022-06-21,1R,pAMR0,1,S2320993,S2320993,8,2023-05-16,2R,pAMR0,329,1,future_significant_rejection,0,0.4966123835324517
time_only,pair_000143,patient_228507d0242d624c,S2232192,S2232192,3,2022-08-02,0R,pAMR0,1,S2241562,S2241562,4,2022-10-04,1R,pAMR0,63,0,future_no_significant_rejection,0,0.5015483992669716
time_only,pair_000144,patient_228507d0242d624c,S2232192,S2232192,3,2022-08-02,0R,pAMR0,1,S2247860,S2247860,5,2022-11-15,2R,pAMR0,105,1,future_significant_rejection,0,0.500029985410016
time_only,pair_000145,patient_228507d0242d624c,S2232192,S2232192,3,2022-08-02,0R,pAMR0,1,S2252333,S2252333,6,2022-12-13,0R,pAMR0,133,0,future_no_significant_rejection,0,0.49932457664435187
time_only,pair_000146,patient_228507d0242d624c,S2232192,S2232192,3,2022-08-02,0R,pAMR0,1,S2306847,S2306847,7,2023-02-14,0R,pAMR0,196,0,future_no_significant_rejection,0,0.4981648641961751
time_only,pair_000147,patient_228507d0242d624c,S2232192,S2232192,3,2022-08-02,0R,pAMR0,1,S2320993,S2320993,8,2023-05-16,2R,pAMR0,287,1,future_significant_rejection,0,0.497022045218988
time_only,pair_000148,patient_228507d0242d624c,S2241562,S2241562,4,2022-10-04,1R,pAMR0,1,S2247860,S2247860,5,2022-11-15,2R,pAMR0,42,1,future_significant_rejection,0,0.5027451700203569
time_only,pair_000149,patient_228507d0242d624c,S2241562,S2241562,4,2022-10-04,1R,pAMR0,1,S2252333,S2252333,6,2022-12-13,0R,pAMR0,70,0,future_no_significant_rejection,0,0.5012360339929811
time_only,pair_000150,patient_228507d0242d624c,S2241562,S2241562,4,2022-10-04,1R,pAMR0,1,S2306847,S2306847,7,2023-02-14,0R,pAMR0,133,0,future_no_significant_rejection,0,0.49932457664435187
time_only,pair_000151,patient_228507d0242d624c,S2241562,S2241562,4,2022-10-04,1R,pAMR0,1,S2320993,S2320993,8,2023-05-16,2R,pAMR0,224,1,future_significant_rejection,0,0.49776492950058265
time_only,pair_000192,patient_2b3a49d49419f139,S2133162,S2133162,1,2021-08-03,0R,pAMR0,1,S2142820,S2142820,2,2021-10-05,0R,pAMR0,63,0,future_no_significant_rejection,0,0.5015483992669716
time_only,pair_000193,patient_2b3a49d49419f139,S2133162,S2133162,1,2021-08-03,0R,pAMR0,1,S2154959,S2154959,3,2021-12-21,0R,pAMR0,140,0,future_no_significant_rejection,0,0.49917133726997426
time_only,pair_000194,patient_2b3a49d49419f139,S2133162,S2133162,1,2021-08-03,0R,pAMR0,1,S2209237,S2209237,4,2022-03-08,0R,pAMR0,217,0,future_no_significant_rejection,0,0.4978600412860354
time_only,pair_000195,patient_2b3a49d49419f139,S2142820,S2142820,2,2021-10-05,0R,pAMR0,1,S2154959,S2154959,3,2021-12-21,0R,pAMR0,77,0,future_no_significant_rejection,0,0.5009530631543211
time_only,pair_000196,patient_2b3a49d49419f139,S2142820,S2142820,2,2021-10-05,0R,pAMR0,1,S2209237,S2209237,4,2022-03-08,0R,pAMR0,154,0,future_no_significant_rejection,0,0.4988864513283669
time_only,pair_000197,patient_2b3a49d49419f139,S2154959,S2154959,3,2021-12-21,0R,pAMR0,1,S2209237,S2209237,4,2022-03-08,0R,pAMR0,77,0,future_no_significant_rejection,0,0.5009530631543211
time_only,pair_000198,patient_2c0945e38263a664,S2233279,S2233279,1,2022-08-09,1R,pAMR0,3,S2235318,S2235318,2,2022-08-23,0R,pAMR0,14,0,future_no_significant_rejection,0,0.505914287690762
time_only,pair_000199,patient_2c0945e38263a664,S2233279,S2233279,1,2022-08-09,1R,pAMR0,3,S2246785,S2246785,3,2022-11-08,0R,pAMR0,91,0,future_no_significant_rejection,0,0.5004562705807927
time_only,pair_000200,patient_2c0945e38263a664,S2233279,S2233279,1,2022-08-09,1R,pAMR0,3,S2254659,S2254659,4,2022-12-27,0R,pAMR0,140,0,future_no_significant_rejection,0,0.49917133726997426
time_only,pair_000201,patient_2c0945e38263a664,S2233279,S2233279,1,2022-08-09,1R,pAMR0,3,S2308045,S2308045,5,2023-02-21,0R,pAMR0,196,0,future_no_significant_rejection,0,0.4981648641961751
time_only,pair_000202,patient_2c0945e38263a664,S2233279,S2233279,1,2022-08-09,1R,pAMR0,3,S2318956,S2318956,6,2023-05-02,2R,pAMR0,266,1,future_significant_rejection,0,0.4972498860881423
time_only,pair_000203,patient_2c0945e38263a664,S2233279,S2233279,1,2022-08-09,1R,pAMR0,3,S2332142,S2332142,7,2023-07-25,0R,pAMR0,350,0,future_no_significant_rejection,0,0.4964267309322298
time_only,pair_000204,patient_2c0945e38263a664,S2235318,S2235318,2,2022-08-23,0R,pAMR0,4,S2246785,S2246785,3,2022-11-08,0R,pAMR0,77,0,future_no_significant_rejection,0,0.5009530631543211
time_only,pair_000205,patient_2c0945e38263a664,S2235318,S2235318,2,2022-08-23,0R,pAMR0,4,S2254659,S2254659,4,2022-12-27,0R,pAMR0,126,0,future_no_significant_rejection,0,0.4994860397356824
time_only,pair_000206,patient_2c0945e38263a664,S2235318,S2235318,2,2022-08-23,0R,pAMR0,4,S2308045,S2308045,5,2023-02-21,0R,pAMR0,182,0,future_no_significant_rejection,0,0.49838670838854526
time_only,pair_000207,patient_2c0945e38263a664,S2235318,S2235318,2,2022-08-23,0R,pAMR0,4,S2318956,S2318956,6,2023-05-02,2R,pAMR0,252,1,future_significant_rejection,0,0.49741196610161453
time_only,pair_000208,patient_2c0945e38263a664,S2235318,S2235318,2,2022-08-23,0R,pAMR0,4,S2332142,S2332142,7,2023-07-25,0R,pAMR0,336,0,future_no_significant_rejection,0,0.4965492180196095
time_only,pair_000209,patient_2c0945e38263a664,S2246785,S2246785,3,2022-11-08,0R,pAMR0,3,S2254659,S2254659,4,2022-12-27,0R,pAMR0,49,0,future_no_significant_rejection,0,0.5022912927846551
time_only,pair_000210,patient_2c0945e38263a664,S2246785,S2246785,3,2022-11-08,0R,pAMR0,3,S2308045,S2308045,5,2023-02-21,0R,pAMR0,105,0,future_no_significant_rejection,0,0.500029985410016
time_only,pair_000211,patient_2c0945e38263a664,S2246785,S2246785,3,2022-11-08,0R,pAMR0,3,S2318956,S2318956,6,2023-05-02,2R,pAMR0,175,1,future_significant_rejection,0,0.49850408096140464
time_only,pair_000212,patient_2c0945e38263a664,S2246785,S2246785,3,2022-11-08,0R,pAMR0,3,S2332142,S2332142,7,2023-07-25,0R,pAMR0,259,0,future_no_significant_rejection,0,0.4973298349697579
time_only,pair_000213,patient_2c0945e38263a664,S2254659,S2254659,4,2022-12-27,0R,pAMR0,3,S2308045,S2308045,5,2023-02-21,0R,pAMR0,56,0,future_no_significant_rejection,0,0.5018969812051851
time_only,pair_000214,patient_2c0945e38263a664,S2254659,S2254659,4,2022-12-27,0R,pAMR0,3,S2318956,S2318956,6,2023-05-02,2R,pAMR0,126,1,future_significant_rejection,0,0.4994860397356824
time_only,pair_000215,patient_2c0945e38263a664,S2254659,S2254659,4,2022-12-27,0R,pAMR0,3,S2332142,S2332142,7,2023-07-25,0R,pAMR0,210,0,future_no_significant_rejection,0,0.4979582576574027
time_only,pair_000216,patient_2c0945e38263a664,S2308045,S2308045,5,2023-02-21,0R,pAMR0,5,S2318956,S2318956,6,2023-05-02,2R,pAMR0,70,1,future_significant_rejection,0,0.5012360339929811
time_only,pair_000217,patient_2c0945e38263a664,S2308045,S2308045,5,2023-02-21,0R,pAMR0,5,S2332142,S2332142,7,2023-07-25,0R,pAMR0,154,0,future_no_significant_rejection,0,0.4988864513283669
time_only,pair_000281,patient_331a649dfec3ede4,S2129803,S2129803,1,2021-07-13,0R,pAMR0,1,S2140144,S2140144,2,2021-09-14,1R,pAMR0,63,0,future_no_significant_rejection,0,0.5015483992669716
time_only,pair_000282,patient_331a649dfec3ede4,S2129803,S2129803,1,2021-07-13,0R,pAMR0,1,S2210207,S2210207,3,2022-03-15,0R,pAMR0,245,0,future_no_significant_rejection,0,0.49749640195750455
time_only,pair_000283,patient_331a649dfec3ede4,S2140144,S2140144,2,2021-09-14,1R,pAMR0,1,S2210207,S2210207,3,2022-03-15,0R,pAMR0,182,0,future_no_significant_rejection,0,0.49838670838854526
time_only,pair_000284,patient_37a67c1ae4e8ad43,S2245753,S2245753,1,2022-11-01,0R,pAMR0,1,S2251252,S2251252,2,2022-12-06,0R,pAMR0,35,0,future_no_significant_rejection,0,0.5032798670922982
time_only,pair_000285,patient_37a67c1ae4e8ad43,S2245753,S2245753,1,2022-11-01,0R,pAMR0,1,S2300360,S2300360,3,2023-01-03,1R,pAMR0,63,0,future_no_significant_rejection,0,0.5015483992669716
time_only,pair_000286,patient_37a67c1ae4e8ad43,S2245753,S2245753,1,2022-11-01,0R,pAMR0,1,S2304560,S2304560,4,2023-01-31,0R,pAMR0,91,0,future_no_significant_rejection,0,0.5004562705807927
time_only,pair_000287,patient_37a67c1ae4e8ad43,S2245753,S2245753,1,2022-11-01,0R,pAMR0,1,S2314588,S2314588,5,2023-04-04,0R,pAMR0,154,0,future_no_significant_rejection,0,0.4988864513283669
time_only,pair_000288,patient_37a67c1ae4e8ad43,S2245753,S2245753,1,2022-11-01,0R,pAMR0,1,S2328623,S2328623,6,2023-07-04,0R,pAMR0,245,0,future_no_significant_rejection,0,0.49749640195750455
time_only,pair_000289,patient_37a67c1ae4e8ad43,S2245753,S2245753,1,2022-11-01,0R,pAMR0,1,S2346543,S2346543,7,2023-10-31,0R,pAMR0,364,0,future_no_significant_rejection,0,0.49630903549271344
time_only,pair_000290,patient_37a67c1ae4e8ad43,S2245753,S2245753,1,2022-11-01,0R,pAMR0,1,S2408481,S2408481,8,2024-02-27,0R,pAMR0,483,0,future_no_significant_rejection,0,0.4954598735647023
time_only,pair_000291,patient_37a67c1ae4e8ad43,S2251252,S2251252,2,2022-12-06,0R,pAMR0,1,S2300360,S2300360,3,2023-01-03,1R,pAMR0,28,0,future_no_significant_rejection,0,0.5039305383989887
time_only,pair_000292,patient_37a67c1ae4e8ad43,S2251252,S2251252,2,2022-12-06,0R,pAMR0,1,S2304560,S2304560,4,2023-01-31,0R,pAMR0,56,0,future_no_significant_rejection,0,0.5018969812051851
time_only,pair_000293,patient_37a67c1ae4e8ad43,S2251252,S2251252,2,2022-12-06,0R,pAMR0,1,S2314588,S2314588,5,2023-04-04,0R,pAMR0,119,0,future_no_significant_rejection,0,0.4996566594689776
time_only,pair_000294,patient_37a67c1ae4e8ad43,S2251252,S2251252,2,2022-12-06,0R,pAMR0,1,S2328623,S2328623,6,2023-07-04,0R,pAMR0,210,0,future_no_significant_rejection,0,0.4979582576574027
time_only,pair_000295,patient_37a67c1ae4e8ad43,S2251252,S2251252,2,2022-12-06,0R,pAMR0,1,S2346543,S2346543,7,2023-10-31,0R,pAMR0,329,0,future_no_significant_rejection,0,0.4966123835324517
time_only,pair_000296,patient_37a67c1ae4e8ad43,S2251252,S2251252,2,2022-12-06,0R,pAMR0,1,S2408481,S2408481,8,2024-02-27,0R,pAMR0,448,0,future_no_significant_rejection,0,0.49568574867317255
time_only,pair_000297,patient_37a67c1ae4e8ad43,S2300360,S2300360,3,2023-01-03,1R,pAMR0,2,S2304560,S2304560,4,2023-01-31,0R,pAMR0,28,0,future_no_significant_rejection,0,0.5039305383989887
time_only,pair_000298,patient_37a67c1ae4e8ad43,S2300360,S2300360,3,2023-01-03,1R,pAMR0,2,S2314588,S2314588,5,2023-04-04,0R,pAMR0,91,0,future_no_significant_rejection,0,0.5004562705807927
time_only,pair_000299,patient_37a67c1ae4e8ad43,S2300360,S2300360,3,2023-01-03,1R,pAMR0,2,S2328623,S2328623,6,2023-07-04,0R,pAMR0,182,0,future_no_significant_rejection,0,0.49838670838854526
time_only,pair_000300,patient_37a67c1ae4e8ad43,S2300360,S2300360,3,2023-01-03,1R,pAMR0,2,S2346543,S2346543,7,2023-10-31,0R,pAMR0,301,0,future_no_significant_rejection,0,0.496879203988222
time_only,pair_000301,patient_37a67c1ae4e8ad43,S2300360,S2300360,3,2023-01-03,1R,pAMR0,2,S2408481,S2408481,8,2024-02-27,0R,pAMR0,420,0,future_no_significant_rejection,0,0.4958795113275414
time_only,pair_000302,patient_37a67c1ae4e8ad43,S2304560,S2304560,4,2023-01-31,0R,pAMR0,1,S2314588,S2314588,5,2023-04-04,0R,pAMR0,63,0,future_no_significant_rejection,0,0.5015483992669716
time_only,pair_000303,patient_37a67c1ae4e8ad43,S2304560,S2304560,4,2023-01-31,0R,pAMR0,1,S2328623,S2328623,6,2023-07-04,0R,pAMR0,154,0,future_no_significant_rejection,0,0.4988864513283669
time_only,pair_000304,patient_37a67c1ae4e8ad43,S2304560,S2304560,4,2023-01-31,0R,pAMR0,1,S2346543,S2346543,7,2023-10-31,0R,pAMR0,273,0,future_no_significant_rejection,0,0.49717200649318166
time_only,pair_000305,patient_37a67c1ae4e8ad43,S2304560,S2304560,4,2023-01-31,0R,pAMR0,1,S2408481,S2408481,8,2024-02-27,0R,pAMR0,392,0,future_no_significant_rejection,0,0.4960866156444167
time_only,pair_000306,patient_37a67c1ae4e8ad43,S2314588,S2314588,5,2023-04-04,0R,pAMR0,1,S2328623,S2328623,6,2023-07-04,0R,pAMR0,91,0,future_no_significant_rejection,0,0.5004562705807927
time_only,pair_000307,patient_37a67c1ae4e8ad43,S2314588,S2314588,5,2023-04-04,0R,pAMR0,1,S2346543,S2346543,7,2023-10-31,0R,pAMR0,210,0,future_no_significant_rejection,0,0.4979582576574027
time_only,pair_000308,patient_37a67c1ae4e8ad43,S2314588,S2314588,5,2023-04-04,0R,pAMR0,1,S2408481,S2408481,8,2024-02-27,0R,pAMR0,329,0,future_no_significant_rejection,0,0.4966123835324517
time_only,pair_000309,patient_37a67c1ae4e8ad43,S2328623,S2328623,6,2023-07-04,0R,pAMR0,1,S2346543,S2346543,7,2023-10-31,0R,pAMR0,119,0,future_no_significant_rejection,0,0.4996566594689776
time_only,pair_000310,patient_37a67c1ae4e8ad43,S2328623,S2328623,6,2023-07-04,0R,pAMR0,1,S2408481,S2408481,8,2024-02-27,0R,pAMR0,238,0,future_no_significant_rejection,0,0.4975832756198542
time_only,pair_000311,patient_37a67c1ae4e8ad43,S2346543,S2346543,7,2023-10-31,0R,pAMR0,1,S2408481,S2408481,8,2024-02-27,0R,pAMR0,119,0,future_no_significant_rejection,0,0.4996566594689776
time_only,pair_000398,patient_4610d334819bbd61,S2506966,S2506966,1,2025-03-11,0R,pAMR0,1,S2509420,S2509420,2,2025-04-01,0R,pAMR0,21,0,future_no_significant_rejection,0,0.5047618366552327
time_only,pair_000399,patient_4610d334819bbd61,S2506966,S2506966,1,2025-03-11,0R,pAMR0,1,S2513846,S2513846,3,2025-05-13,0R,pAMR0,63,0,future_no_significant_rejection,0,0.5015483992669716
time_only,pair_000400,patient_4610d334819bbd61,S2509420,S2509420,2,2025-04-01,0R,pAMR0,5,S2513846,S2513846,3,2025-05-13,0R,pAMR0,42,0,future_no_significant_rejection,0,0.5027451700203569
time_only,pair_000417,patient_4a9f4346155f3b62,S2214326,S2214326,1,2022-04-12,0R,pAMR0,3,S2216629,S2216629,2,2022-04-25,1R,pAMR0,13,0,future_no_significant_rejection,0,0.5061218858430435
time_only,pair_000418,patient_4a9f4346155f3b62,S2214326,S2214326,1,2022-04-12,0R,pAMR0,3,S2222063,S2222063,3,2022-05-31,0R,pAMR0,49,0,future_no_significant_rejection,0,0.5022912927846551
time_only,pair_000419,patient_4a9f4346155f3b62,S2214326,S2214326,1,2022-04-12,0R,pAMR0,3,S2235319,S2235319,4,2022-08-23,2R,pAMR0,133,1,future_significant_rejection,0,0.49932457664435187
time_only,pair_000420,patient_4a9f4346155f3b62,S2214326,S2214326,1,2022-04-12,0R,pAMR0,3,S2242499,S2242499,5,2022-10-11,0R,pAMR0,182,0,future_no_significant_rejection,0,0.49838670838854526
time_only,pair_000421,patient_4a9f4346155f3b62,S2214326,S2214326,1,2022-04-12,0R,pAMR0,3,S2312318,S2312318,6,2023-03-21,0R,pAMR0,343,0,future_no_significant_rejection,0,0.4964873512627666
time_only,pair_000422,patient_4a9f4346155f3b62,S2216629,S2216629,2,2022-04-25,1R,pAMR0,1,S2222063,S2222063,3,2022-05-31,0R,pAMR0,36,0,future_no_significant_rejection,0,0.5031974156473739
time_only,pair_000423,patient_4a9f4346155f3b62,S2216629,S2216629,2,2022-04-25,1R,pAMR0,1,S2235319,S2235319,4,2022-08-23,2R,pAMR0,120,1,future_significant_rejection,0,0.49963168493371424
time_only,pair_000424,patient_4a9f4346155f3b62,S2216629,S2216629,2,2022-04-25,1R,pAMR0,1,S2242499,S2242499,5,2022-10-11,0R,pAMR0,169,0,future_no_significant_rejection,0,0.4986084633553314
time_only,pair_000425,patient_4a9f4346155f3b62,S2216629,S2216629,2,2022-04-25,1R,pAMR0,1,S2312318,S2312318,6,2023-03-21,0R,pAMR0,330,0,future_no_significant_rejection,0,0.49660327829937123
time_only,pair_000426,patient_4a9f4346155f3b62,S2222063,S2222063,3,2022-05-31,0R,pAMR0,1,S2235319,S2235319,4,2022-08-23,2R,pAMR0,84,1,future_significant_rejection,0,0.5006944273600402
time_only,pair_000427,patient_4a9f4346155f3b62,S2222063,S2222063,3,2022-05-31,0R,pAMR0,1,S2242499,S2242499,5,2022-10-11,0R,pAMR0,133,0,future_no_significant_rejection,0,0.49932457664435187
time_only,pair_000428,patient_4a9f4346155f3b62,S2222063,S2222063,3,2022-05-31,0R,pAMR0,1,S2312318,S2312318,6,2023-03-21,0R,pAMR0,294,0,future_no_significant_rejection,0,0.49694977709861426
time_only,pair_000514,patient_6d8c27caf7586f64,S2323108,S2323108,1,2023-05-30,0R,pAMR0,4,S2326332,S2326332,2,2023-06-20,0R,pAMR0,21,0,future_no_significant_rejection,0,0.5047618366552327
time_only,pair_000515,patient_6d8c27caf7586f64,S2323108,S2323108,1,2023-05-30,0R,pAMR0,4,S2330982,S2330982,3,2023-07-18,1R,pAMR0,49,0,future_no_significant_rejection,0,0.5022912927846551
time_only,pair_000516,patient_6d8c27caf7586f64,S2326332,S2326332,2,2023-06-20,0R,pAMR0,5,S2330982,S2330982,3,2023-07-18,1R,pAMR0,28,0,future_no_significant_rejection,0,0.5039305383989887
time_only,pair_000549,patient_718a20df543bc4dd,S2409391,S2409391,1,2024-03-12,0R,pAMR0,4,S2410460,S2410460,2,2024-03-26,0R,pAMR0,14,0,future_no_significant_rejection,0,0.505914287690762
time_only,pair_000550,patient_718a20df543bc4dd,S2409391,S2409391,1,2024-03-12,0R,pAMR0,4,S2412725,S2412725,3,2024-04-23,0R,pAMR0,42,0,future_no_significant_rejection,0,0.5027451700203569
time_only,pair_000551,patient_718a20df543bc4dd,S2409391,S2409391,1,2024-03-12,0R,pAMR0,4,S2415070,S2415070,4,2024-05-22,0R,pAMR0,71,0,future_no_significant_rejection,0,0.5011939438246249
time_only,pair_000552,patient_718a20df543bc4dd,S2409391,S2409391,1,2024-03-12,0R,pAMR0,4,S2424259,S2424259,5,2024-08-20,0R,pAMR0,161,0,future_no_significant_rejection,0,0.4987535225093346
time_only,pair_000553,patient_718a20df543bc4dd,S2409391,S2409391,1,2024-03-12,0R,pAMR0,4,S2504721,S2504721,6,2025-02-18,0R,pAMR0,343,0,future_no_significant_rejection,0,0.4964873512627666
time_only,pair_000554,patient_718a20df543bc4dd,S2410460,S2410460,2,2024-03-26,0R,pAMR0,1,S2412725,S2412725,3,2024-04-23,0R,pAMR0,28,0,future_no_significant_rejection,0,0.5039305383989887
time_only,pair_000555,patient_718a20df543bc4dd,S2410460,S2410460,2,2024-03-26,0R,pAMR0,1,S2415070,S2415070,4,2024-05-22,0R,pAMR0,57,0,future_no_significant_rejection,0,0.5018446429534862
time_only,pair_000556,patient_718a20df543bc4dd,S2410460,S2410460,2,2024-03-26,0R,pAMR0,1,S2424259,S2424259,5,2024-08-20,0R,pAMR0,147,0,future_no_significant_rejection,0,0.49902552437928677
time_only,pair_000557,patient_718a20df543bc4dd,S2410460,S2410460,2,2024-03-26,0R,pAMR0,1,S2504721,S2504721,6,2025-02-18,0R,pAMR0,329,0,future_no_significant_rejection,0,0.4966123835324517
time_only,pair_000558,patient_718a20df543bc4dd,S2412725,S2412725,3,2024-04-23,0R,pAMR0,2,S2415070,S2415070,4,2024-05-22,0R,pAMR0,29,0,future_no_significant_rejection,0,0.50382852067784
time_only,pair_000559,patient_718a20df543bc4dd,S2412725,S2412725,3,2024-04-23,0R,pAMR0,2,S2424259,S2424259,5,2024-08-20,0R,pAMR0,119,0,future_no_significant_rejection,0,0.4996566594689776
time_only,pair_000560,patient_718a20df543bc4dd,S2412725,S2412725,3,2024-04-23,0R,pAMR0,2,S2504721,S2504721,6,2025-02-18,0R,pAMR0,301,0,future_no_significant_rejection,0,0.496879203988222
time_only,pair_000561,patient_718a20df543bc4dd,S2415070,S2415070,4,2024-05-22,0R,pAMR0,2,S2424259,S2424259,5,2024-08-20,0R,pAMR0,90,0,future_no_significant_rejection,0,0.5004891606684013
time_only,pair_000562,patient_718a20df543bc4dd,S2415070,S2415070,4,2024-05-22,0R,pAMR0,2,S2504721,S2504721,6,2025-02-18,0R,pAMR0,272,0,future_no_significant_rejection,0,0.4971830095030803
time_only,pair_000563,patient_718a20df543bc4dd,S2424259,S2424259,5,2024-08-20,0R,pAMR0,2,S2504721,S2504721,6,2025-02-18,0R,pAMR0,182,0,future_no_significant_rejection,0,0.49838670838854526
time_only,pair_000582,patient_78e356d1740b4e11,S2150492,S2150492,1,2021-11-23,1R,pAMR0,3,S2229536,S2229536,2,2022-07-15,1R,pAMR0,234,0,future_no_significant_rejection,0,0.4976340674907681
time_only,pair_000596,patient_7d29fcd258114554,S2141806,S2141806,1,2021-09-28,0R,pAMR0,3,S2143769,S2143769,2,2021-10-12,0R,pAMR0,14,0,future_no_significant_rejection,0,0.505914287690762
time_only,pair_000597,patient_7d29fcd258114554,S2141806,S2141806,1,2021-09-28,0R,pAMR0,3,S2149396,S2149396,3,2021-11-16,1R,pAMR0,49,0,future_no_significant_rejection,0,0.5022912927846551
time_only,pair_000598,patient_7d29fcd258114554,S2141806,S2141806,1,2021-09-28,0R,pAMR0,3,S2154957,S2154957,4,2021-12-21,1R,pAMR0,84,0,future_no_significant_rejection,0,0.5006944273600402
time_only,pair_000599,patient_7d29fcd258114554,S2141806,S2141806,1,2021-09-28,0R,pAMR0,3,S2203734,S2203734,5,2022-01-25,0R,pAMR0,119,0,future_no_significant_rejection,0,0.4996566594689776
time_only,pair_000600,patient_7d29fcd258114554,S2141806,S2141806,1,2021-09-28,0R,pAMR0,3,S2210203,S2210203,6,2022-03-15,0R,pAMR0,168,0,future_no_significant_rejection,0,0.49862621793626405
time_only,pair_000601,patient_7d29fcd258114554,S2141806,S2141806,1,2021-09-28,0R,pAMR0,3,S2239522,S2239522,7,2022-09-20,1R,pAMR0,357,0,future_no_significant_rejection,0,0.4963673077986225
time_only,pair_000602,patient_7d29fcd258114554,S2143769,S2143769,2,2021-10-12,0R,pAMR0,1,S2149396,S2149396,3,2021-11-16,1R,pAMR0,35,0,future_no_significant_rejection,0,0.5032798670922982
time_only,pair_000603,patient_7d29fcd258114554,S2143769,S2143769,2,2021-10-12,0R,pAMR0,1,S2154957,S2154957,4,2021-12-21,1R,pAMR0,70,0,future_no_significant_rejection,0,0.5012360339929811
time_only,pair_000604,patient_7d29fcd258114554,S2143769,S2143769,2,2021-10-12,0R,pAMR0,1,S2203734,S2203734,5,2022-01-25,0R,pAMR0,105,0,future_no_significant_rejection,0,0.500029985410016
time_only,pair_000605,patient_7d29fcd258114554,S2143769,S2143769,2,2021-10-12,0R,pAMR0,1,S2210203,S2210203,6,2022-03-15,0R,pAMR0,154,0,future_no_significant_rejection,0,0.4988864513283669
time_only,pair_000606,patient_7d29fcd258114554,S2143769,S2143769,2,2021-10-12,0R,pAMR0,1,S2239522,S2239522,7,2022-09-20,1R,pAMR0,343,0,future_no_significant_rejection,0,0.4964873512627666
time_only,pair_000607,patient_7d29fcd258114554,S2149396,S2149396,3,2021-11-16,1R,pAMR0,1,S2154957,S2154957,4,2021-12-21,1R,pAMR0,35,0,future_no_significant_rejection,0,0.5032798670922982
time_only,pair_000608,patient_7d29fcd258114554,S2149396,S2149396,3,2021-11-16,1R,pAMR0,1,S2203734,S2203734,5,2022-01-25,0R,pAMR0,70,0,future_no_significant_rejection,0,0.5012360339929811
time_only,pair_000609,patient_7d29fcd258114554,S2149396,S2149396,3,2021-11-16,1R,pAMR0,1,S2210203,S2210203,6,2022-03-15,0R,pAMR0,119,0,future_no_significant_rejection,0,0.4996566594689776
time_only,pair_000610,patient_7d29fcd258114554,S2149396,S2149396,3,2021-11-16,1R,pAMR0,1,S2239522,S2239522,7,2022-09-20,1R,pAMR0,308,0,future_no_significant_rejection,0,0.4968102482009043
time_only,pair_000611,patient_7d29fcd258114554,S2154957,S2154957,4,2021-12-21,1R,pAMR0,1,S2203734,S2203734,5,2022-01-25,0R,pAMR0,35,0,future_no_significant_rejection,0,0.5032798670922982
time_only,pair_000612,patient_7d29fcd258114554,S2154957,S2154957,4,2021-12-21,1R,pAMR0,1,S2210203,S2210203,6,2022-03-15,0R,pAMR0,84,0,future_no_significant_rejection,0,0.5006944273600402
time_only,pair_000613,patient_7d29fcd258114554,S2154957,S2154957,4,2021-12-21,1R,pAMR0,1,S2239522,S2239522,7,2022-09-20,1R,pAMR0,273,0,future_no_significant_rejection,0,0.49717200649318166
time_only,pair_000614,patient_7d29fcd258114554,S2203734,S2203734,5,2022-01-25,0R,pAMR0,1,S2210203,S2210203,6,2022-03-15,0R,pAMR0,49,0,future_no_significant_rejection,0,0.5022912927846551
time_only,pair_000615,patient_7d29fcd258114554,S2203734,S2203734,5,2022-01-25,0R,pAMR0,1,S2239522,S2239522,7,2022-09-20,1R,pAMR0,238,0,future_no_significant_rejection,0,0.4975832756198542
time_only,pair_000616,patient_7d29fcd258114554,S2210203,S2210203,6,2022-03-15,0R,pAMR0,1,S2239522,S2239522,7,2022-09-20,1R,pAMR0,189,0,future_no_significant_rejection,0,0.4982737424431899
time_only,pair_000620,patient_7fb8c2b1e117173f,S2530063,S2530063,1,2025-09-23,0R,pAMR0,2,S2533022,S2533022,2,2025-10-21,0R,pAMR0,28,0,future_no_significant_rejection,0,0.5039305383989887
time_only,pair_000624,patient_886cef649f01f586,S2102543,S2102543,1,2021-01-19,0R,pAMR0,2,S2200309,S2200309,2,2022-01-04,0R,pAMR0,350,0,future_no_significant_rejection,0,0.4964267309322298
time_only,pair_000625,patient_895c9f3c4b1870d6,S2107860,S2107860,1,2021-02-23,1R,pAMR0,3,S2128633,S2128633,2,2021-07-06,2R,pAMR0,133,1,future_significant_rejection,0,0.49932457664435187
time_only,pair_000626,patient_895c9f3c4b1870d6,S2107860,S2107860,1,2021-02-23,1R,pAMR0,3,S2134279,S2134279,3,2021-08-10,2R,pAMR0,168,1,future_significant_rejection,0,0.49862621793626405
time_only,pair_000627,patient_895c9f3c4b1870d6,S2107860,S2107860,1,2021-02-23,1R,pAMR0,3,S2141807,S2141807,4,2021-09-28,1R,pAMR0,217,0,future_no_significant_rejection,0,0.4978600412860354
time_only,pair_000628,patient_895c9f3c4b1870d6,S2107860,S2107860,1,2021-02-23,1R,pAMR0,3,S2148221,S2148221,5,2021-11-09,2R,pAMR0,259,1,future_significant_rejection,0,0.4973298349697579
time_only,pair_000629,patient_895c9f3c4b1870d6,S2107860,S2107860,1,2021-02-23,1R,pAMR0,3,S2205208,S2205208,6,2022-02-08,0R,pAMR0,350,0,future_no_significant_rejection,0,0.4964267309322298
time_only,pair_000752,patient_ab45843e8e5c5823,S2253529,S2253529,1,2022-12-20,0R,pAMR0,1,S2300361,S2300361,2,2023-01-03,0R,pAMR0,14,0,future_no_significant_rejection,0,0.505914287690762
time_only,pair_000753,patient_ab45843e8e5c5823,S2253529,S2253529,1,2022-12-20,0R,pAMR0,1,S2306015,S2306015,3,2023-02-08,1R,pAMR0,50,0,future_no_significant_rejection,0,0.5022316996653496
time_only,pair_000754,patient_ab45843e8e5c5823,S2253529,S2253529,1,2022-12-20,0R,pAMR0,1,S2310079,S2310079,4,2023-03-07,0R,pAMR0,77,0,future_no_significant_rejection,0,0.5009530631543211
time_only,pair_000755,patient_ab45843e8e5c5823,S2253529,S2253529,1,2022-12-20,0R,pAMR0,1,S2315841,S2315841,5,2023-04-11,1R,pAMR0,112,0,future_no_significant_rejection,0,0.4998375371166086
time_only,pair_000756,patient_ab45843e8e5c5823,S2253529,S2253529,1,2022-12-20,0R,pAMR0,1,S2325143,S2325143,6,2023-06-13,0R,pAMR0,175,0,future_no_significant_rejection,0,0.49850408096140464
time_only,pair_000757,patient_ab45843e8e5c5823,S2253529,S2253529,1,2022-12-20,0R,pAMR0,1,S2339820,S2339820,7,2023-09-12,0R,pAMR0,266,0,future_no_significant_rejection,0,0.4972498860881423
time_only,pair_000758,patient_ab45843e8e5c5823,S2253529,S2253529,1,2022-12-20,0R,pAMR0,1,S2351751,S2351751,8,2023-12-05,1R,pAMR0,350,0,future_no_significant_rejection,0,0.4964267309322298
time_only,pair_000759,patient_ab45843e8e5c5823,S2300361,S2300361,2,2023-01-03,0R,pAMR0,2,S2306015,S2306015,3,2023-02-08,1R,pAMR0,36,0,future_no_significant_rejection,0,0.5031974156473739
time_only,pair_000760,patient_ab45843e8e5c5823,S2300361,S2300361,2,2023-01-03,0R,pAMR0,2,S2310079,S2310079,4,2023-03-07,0R,pAMR0,63,0,future_no_significant_rejection,0,0.5015483992669716
time_only,pair_000761,patient_ab45843e8e5c5823,S2300361,S2300361,2,2023-01-03,0R,pAMR0,2,S2315841,S2315841,5,2023-04-11,1R,pAMR0,98,0,future_no_significant_rejection,0,0.500235586401639
time_only,pair_000762,patient_ab45843e8e5c5823,S2300361,S2300361,2,2023-01-03,0R,pAMR0,2,S2325143,S2325143,6,2023-06-13,0R,pAMR0,161,0,future_no_significant_rejection,0,0.4987535225093346
time_only,pair_000763,patient_ab45843e8e5c5823,S2300361,S2300361,2,2023-01-03,0R,pAMR0,2,S2339820,S2339820,7,2023-09-12,0R,pAMR0,252,0,future_no_significant_rejection,0,0.49741196610161453
time_only,pair_000764,patient_ab45843e8e5c5823,S2300361,S2300361,2,2023-01-03,0R,pAMR0,2,S2351751,S2351751,8,2023-12-05,1R,pAMR0,336,0,future_no_significant_rejection,0,0.4965492180196095
time_only,pair_000765,patient_ab45843e8e5c5823,S2306015,S2306015,3,2023-02-08,1R,pAMR0,1,S2310079,S2310079,4,2023-03-07,0R,pAMR0,27,0,future_no_significant_rejection,0,0.5040361360667222
time_only,pair_000766,patient_ab45843e8e5c5823,S2306015,S2306015,3,2023-02-08,1R,pAMR0,1,S2315841,S2315841,5,2023-04-11,1R,pAMR0,62,0,future_no_significant_rejection,0,0.5015957921519433
time_only,pair_000767,patient_ab45843e8e5c5823,S2306015,S2306015,3,2023-02-08,1R,pAMR0,1,S2325143,S2325143,6,2023-06-13,0R,pAMR0,125,0,future_no_significant_rejection,0,0.49950982968342567
time_only,pair_000768,patient_ab45843e8e5c5823,S2306015,S2306015,3,2023-02-08,1R,pAMR0,1,S2339820,S2339820,7,2023-09-12,0R,pAMR0,216,0,future_no_significant_rejection,0,0.4978738774528573
time_only,pair_000769,patient_ab45843e8e5c5823,S2306015,S2306015,3,2023-02-08,1R,pAMR0,1,S2351751,S2351751,8,2023-12-05,1R,pAMR0,300,0,future_no_significant_rejection,0,0.49688918508821045
time_only,pair_000770,patient_ab45843e8e5c5823,S2310079,S2310079,4,2023-03-07,0R,pAMR0,1,S2315841,S2315841,5,2023-04-11,1R,pAMR0,35,0,future_no_significant_rejection,0,0.5032798670922982
time_only,pair_000771,patient_ab45843e8e5c5823,S2310079,S2310079,4,2023-03-07,0R,pAMR0,1,S2325143,S2325143,6,2023-06-13,0R,pAMR0,98,0,future_no_significant_rejection,0,0.500235586401639
time_only,pair_000772,patient_ab45843e8e5c5823,S2310079,S2310079,4,2023-03-07,0R,pAMR0,1,S2339820,S2339820,7,2023-09-12,0R,pAMR0,189,0,future_no_significant_rejection,0,0.4982737424431899
time_only,pair_000773,patient_ab45843e8e5c5823,S2310079,S2310079,4,2023-03-07,0R,pAMR0,1,S2351751,S2351751,8,2023-12-05,1R,pAMR0,273,0,future_no_significant_rejection,0,0.49717200649318166
time_only,pair_000774,patient_ab45843e8e5c5823,S2315841,S2315841,5,2023-04-11,1R,pAMR0,2,S2325143,S2325143,6,2023-06-13,0R,pAMR0,63,0,future_no_significant_rejection,0,0.5015483992669716
time_only,pair_000775,patient_ab45843e8e5c5823,S2315841,S2315841,5,2023-04-11,1R,pAMR0,2,S2339820,S2339820,7,2023-09-12,0R,pAMR0,154,0,future_no_significant_rejection,0,0.4988864513283669
time_only,pair_000776,patient_ab45843e8e5c5823,S2315841,S2315841,5,2023-04-11,1R,pAMR0,2,S2351751,S2351751,8,2023-12-05,1R,pAMR0,238,0,future_no_significant_rejection,0,0.4975832756198542
time_only,pair_000777,patient_ab45843e8e5c5823,S2325143,S2325143,6,2023-06-13,0R,pAMR0,1,S2339820,S2339820,7,2023-09-12,0R,pAMR0,91,0,future_no_significant_rejection,0,0.5004562705807927
time_only,pair_000778,patient_ab45843e8e5c5823,S2325143,S2325143,6,2023-06-13,0R,pAMR0,1,S2351751,S2351751,8,2023-12-05,1R,pAMR0,175,0,future_no_significant_rejection,0,0.49850408096140464
time_only,pair_000779,patient_ab45843e8e5c5823,S2339820,S2339820,7,2023-09-12,0R,pAMR0,1,S2351751,S2351751,8,2023-12-05,1R,pAMR0,84,0,future_no_significant_rejection,0,0.5006944273600402
time_only,pair_000780,patient_aca1fffca0191542,S2142816,S2142816,1,2021-10-05,0R,pAMR0,1,S2211179,S2211179,2,2022-03-22,0R,pAMR0,168,0,future_no_significant_rejection,0,0.49862621793626405
time_only,pair_000781,patient_aca1fffca0191542,S2142816,S2142816,1,2021-10-05,0R,pAMR0,1,S2333273,S2333273,3,2023-08-01,0R,pAMR0,665,0,future_no_significant_rejection,0,0.4944993508627176
time_only,pair_000782,patient_aca1fffca0191542,S2211179,S2211179,2,2022-03-22,0R,pAMR0,1,S2333273,S2333273,3,2023-08-01,0R,pAMR0,497,0,future_no_significant_rejection,0,0.4953740667720095
time_only,pair_000783,patient_ad7be783b5ff7f03,S2314591,S2314591,1,2023-04-04,0R,pAMR0,3,S2316900,S2316900,2,2023-04-18,0R,pAMR0,14,0,future_no_significant_rejection,0,0.505914287690762
time_only,pair_000784,patient_ad7be783b5ff7f03,S2314591,S2314591,1,2023-04-04,0R,pAMR0,3,S2329756,S2329756,3,2023-07-11,1R,pAMR0,98,0,future_no_significant_rejection,0,0.500235586401639
time_only,pair_000785,patient_ad7be783b5ff7f03,S2314591,S2314591,1,2023-04-04,0R,pAMR0,3,S2410458,S2410458,4,2024-03-26,0R,pAMR0,357,0,future_no_significant_rejection,0,0.4963673077986225
time_only,pair_000786,patient_ad7be783b5ff7f03,S2316900,S2316900,2,2023-04-18,0R,pAMR0,1,S2329756,S2329756,3,2023-07-11,1R,pAMR0,84,0,future_no_significant_rejection,0,0.5006944273600402
time_only,pair_000787,patient_ad7be783b5ff7f03,S2316900,S2316900,2,2023-04-18,0R,pAMR0,1,S2410458,S2410458,4,2024-03-26,0R,pAMR0,343,0,future_no_significant_rejection,0,0.4964873512627666
time_only,pair_000788,patient_ad7be783b5ff7f03,S2329756,S2329756,3,2023-07-11,1R,pAMR0,3,S2410458,S2410458,4,2024-03-26,0R,pAMR0,259,0,future_no_significant_rejection,0,0.4973298349697579
time_only,pair_000789,patient_ae0f85572ff16638,S2153833,S2153833,1,2021-12-14,0R,pAMR0,1,S2311234,S2311234,2,2023-03-14,0R,pAMR0,455,0,future_no_significant_rejection,0,0.49563919675053786
time_only,pair_000819,patient_c2ec040a2ccee825,S2420604,S2420604,1,2024-07-16,0R,pAMR0,2,S2422845,S2422845,2,2024-08-06,0R,pAMR0,21,0,future_no_significant_rejection,0,0.5047618366552327
time_only,pair_000820,patient_c2ec040a2ccee825,S2420604,S2420604,1,2024-07-16,0R,pAMR0,2,S2502090,S2502090,3,2025-01-21,0R,pAMR0,189,0,future_no_significant_rejection,0,0.4982737424431899
time_only,pair_000821,patient_c2ec040a2ccee825,S2420604,S2420604,1,2024-07-16,0R,pAMR0,2,S2511010,S2511010,4,2025-04-15,1R,pAMR0,273,0,future_no_significant_rejection,0,0.49717200649318166
time_only,pair_000822,patient_c2ec040a2ccee825,S2420604,S2420604,1,2024-07-16,0R,pAMR0,2,S2520404,S2520404,5,2025-07-08,0R,pAMR0,357,0,future_no_significant_rejection,0,0.4963673077986225
time_only,pair_000823,patient_c2ec040a2ccee825,S2422845,S2422845,2,2024-08-06,0R,pAMR0,2,S2502090,S2502090,3,2025-01-21,0R,pAMR0,168,0,future_no_significant_rejection,0,0.49862621793626405
time_only,pair_000824,patient_c2ec040a2ccee825,S2422845,S2422845,2,2024-08-06,0R,pAMR0,2,S2511010,S2511010,4,2025-04-15,1R,pAMR0,252,0,future_no_significant_rejection,0,0.49741196610161453
time_only,pair_000825,patient_c2ec040a2ccee825,S2422845,S2422845,2,2024-08-06,0R,pAMR0,2,S2520404,S2520404,5,2025-07-08,0R,pAMR0,336,0,future_no_significant_rejection,0,0.4965492180196095
time_only,pair_000826,patient_c2ec040a2ccee825,S2502090,S2502090,3,2025-01-21,0R,pAMR0,1,S2511010,S2511010,4,2025-04-15,1R,pAMR0,84,0,future_no_significant_rejection,0,0.5006944273600402
time_only,pair_000827,patient_c2ec040a2ccee825,S2502090,S2502090,3,2025-01-21,0R,pAMR0,1,S2520404,S2520404,5,2025-07-08,0R,pAMR0,168,0,future_no_significant_rejection,0,0.49862621793626405
time_only,pair_000828,patient_c2ec040a2ccee825,S2511010,S2511010,4,2025-04-15,1R,pAMR0,2,S2520404,S2520404,5,2025-07-08,0R,pAMR0,84,0,future_no_significant_rejection,0,0.5006944273600402
time_only,pair_000860,patient_c85fe67257ac09be,S2202565,S2202565,1,2022-01-18,0R,pAMR0,1,S2207349,S2207349,2,2022-02-22,0R,pAMR0,35,0,future_no_significant_rejection,0,0.5032798670922982
time_only,pair_000861,patient_c85fe67257ac09be,S2202565,S2202565,1,2022-01-18,0R,pAMR0,1,S2210204,S2210204,3,2022-03-15,1R,pAMR0,56,0,future_no_significant_rejection,0,0.5018969812051851
time_only,pair_000862,patient_c85fe67257ac09be,S2202565,S2202565,1,2022-01-18,0R,pAMR0,1,S2216630,S2216630,4,2022-04-26,0R,pAMR0,98,0,future_no_significant_rejection,0,0.500235586401639
time_only,pair_000863,patient_c85fe67257ac09be,S2202565,S2202565,1,2022-01-18,0R,pAMR0,1,S2220918,S2220918,5,2022-05-24,1R,pAMR0,126,0,future_no_significant_rejection,0,0.4994860397356824
time_only,pair_000864,patient_c85fe67257ac09be,S2202565,S2202565,1,2022-01-18,0R,pAMR0,1,S2227608,S2227608,6,2022-07-05,1R,pAMR0,168,0,future_no_significant_rejection,0,0.49862621793626405
time_only,pair_000865,patient_c85fe67257ac09be,S2202565,S2202565,1,2022-01-18,0R,pAMR0,1,S2241560,S2241560,7,2022-10-04,1R,pAMR0,259,0,future_no_significant_rejection,0,0.4973298349697579
time_only,pair_000866,patient_c85fe67257ac09be,S2207349,S2207349,2,2022-02-22,0R,pAMR0,1,S2210204,S2210204,3,2022-03-15,1R,pAMR0,21,0,future_no_significant_rejection,0,0.5047618366552327
time_only,pair_000867,patient_c85fe67257ac09be,S2207349,S2207349,2,2022-02-22,0R,pAMR0,1,S2216630,S2216630,4,2022-04-26,0R,pAMR0,63,0,future_no_significant_rejection,0,0.5015483992669716
time_only,pair_000868,patient_c85fe67257ac09be,S2207349,S2207349,2,2022-02-22,0R,pAMR0,1,S2220918,S2220918,5,2022-05-24,1R,pAMR0,91,0,future_no_significant_rejection,0,0.5004562705807927
time_only,pair_000869,patient_c85fe67257ac09be,S2207349,S2207349,2,2022-02-22,0R,pAMR0,1,S2227608,S2227608,6,2022-07-05,1R,pAMR0,133,0,future_no_significant_rejection,0,0.49932457664435187
time_only,pair_000870,patient_c85fe67257ac09be,S2207349,S2207349,2,2022-02-22,0R,pAMR0,1,S2241560,S2241560,7,2022-10-04,1R,pAMR0,224,0,future_no_significant_rejection,0,0.49776492950058265
time_only,pair_000871,patient_c85fe67257ac09be,S2210204,S2210204,3,2022-03-15,1R,pAMR0,3,S2216630,S2216630,4,2022-04-26,0R,pAMR0,42,0,future_no_significant_rejection,0,0.5027451700203569
time_only,pair_000872,patient_c85fe67257ac09be,S2210204,S2210204,3,2022-03-15,1R,pAMR0,3,S2220918,S2220918,5,2022-05-24,1R,pAMR0,70,0,future_no_significant_rejection,0,0.5012360339929811
time_only,pair_000873,patient_c85fe67257ac09be,S2210204,S2210204,3,2022-03-15,1R,pAMR0,3,S2227608,S2227608,6,2022-07-05,1R,pAMR0,112,0,future_no_significant_rejection,0,0.4998375371166086
time_only,pair_000874,patient_c85fe67257ac09be,S2210204,S2210204,3,2022-03-15,1R,pAMR0,3,S2241560,S2241560,7,2022-10-04,1R,pAMR0,203,0,future_no_significant_rejection,0,0.49805978813603136
time_only,pair_000875,patient_c85fe67257ac09be,S2216630,S2216630,4,2022-04-26,0R,pAMR0,2,S2220918,S2220918,5,2022-05-24,1R,pAMR0,28,0,future_no_significant_rejection,0,0.5039305383989887
time_only,pair_000876,patient_c85fe67257ac09be,S2216630,S2216630,4,2022-04-26,0R,pAMR0,2,S2227608,S2227608,6,2022-07-05,1R,pAMR0,70,0,future_no_significant_rejection,0,0.5012360339929811
time_only,pair_000877,patient_c85fe67257ac09be,S2216630,S2216630,4,2022-04-26,0R,pAMR0,2,S2241560,S2241560,7,2022-10-04,1R,pAMR0,161,0,future_no_significant_rejection,0,0.4987535225093346
time_only,pair_000878,patient_c85fe67257ac09be,S2220918,S2220918,5,2022-05-24,1R,pAMR0,1,S2227608,S2227608,6,2022-07-05,1R,pAMR0,42,0,future_no_significant_rejection,0,0.5027451700203569
time_only,pair_000879,patient_c85fe67257ac09be,S2220918,S2220918,5,2022-05-24,1R,pAMR0,1,S2241560,S2241560,7,2022-10-04,1R,pAMR0,133,0,future_no_significant_rejection,0,0.49932457664435187
time_only,pair_000880,patient_c85fe67257ac09be,S2227608,S2227608,6,2022-07-05,1R,pAMR0,3,S2241560,S2241560,7,2022-10-04,1R,pAMR0,91,0,future_no_significant_rejection,0,0.5004562705807927
time_only,pair_000909,patient_d074d89175786c47,S2227605,S2227605,1,2022-07-05,0R,pAMR0,1,S2231089,S2231089,2,2022-07-26,0R,pAMR0,21,0,future_no_significant_rejection,0,0.5047618366552327
time_only,pair_000910,patient_d074d89175786c47,S2227605,S2227605,1,2022-07-05,0R,pAMR0,1,S2236496,S2236496,3,2022-08-30,0R,pAMR0,56,0,future_no_significant_rejection,0,0.5018969812051851
time_only,pair_000911,patient_d074d89175786c47,S2227605,S2227605,1,2022-07-05,0R,pAMR0,1,S2242501,S2242501,4,2022-10-11,0R,pAMR0,98,0,future_no_significant_rejection,0,0.500235586401639
time_only,pair_000912,patient_d074d89175786c47,S2227605,S2227605,1,2022-07-05,0R,pAMR0,1,S2250151,S2250151,5,2022-11-29,0R,pAMR0,147,0,future_no_significant_rejection,0,0.49902552437928677
time_only,pair_000913,patient_d074d89175786c47,S2227605,S2227605,1,2022-07-05,0R,pAMR0,1,S2304564,S2304564,6,2023-01-31,0R,pAMR0,210,0,future_no_significant_rejection,0,0.4979582576574027
time_only,pair_000914,patient_d074d89175786c47,S2227605,S2227605,1,2022-07-05,0R,pAMR0,1,S2315840,S2315840,7,2023-04-11,0R,pAMR0,280,0,future_no_significant_rejection,0,0.4970960917716561
time_only,pair_000915,patient_d074d89175786c47,S2227605,S2227605,1,2022-07-05,0R,pAMR0,1,S2327489,S2327489,8,2023-06-27,0R,pAMR0,357,0,future_no_significant_rejection,0,0.4963673077986225
time_only,pair_000916,patient_d074d89175786c47,S2231089,S2231089,2,2022-07-26,0R,pAMR0,2,S2236496,S2236496,3,2022-08-30,0R,pAMR0,35,0,future_no_significant_rejection,0,0.5032798670922982
time_only,pair_000917,patient_d074d89175786c47,S2231089,S2231089,2,2022-07-26,0R,pAMR0,2,S2242501,S2242501,4,2022-10-11,0R,pAMR0,77,0,future_no_significant_rejection,0,0.5009530631543211
time_only,pair_000918,patient_d074d89175786c47,S2231089,S2231089,2,2022-07-26,0R,pAMR0,2,S2250151,S2250151,5,2022-11-29,0R,pAMR0,126,0,future_no_significant_rejection,0,0.4994860397356824
time_only,pair_000919,patient_d074d89175786c47,S2231089,S2231089,2,2022-07-26,0R,pAMR0,2,S2304564,S2304564,6,2023-01-31,0R,pAMR0,189,0,future_no_significant_rejection,0,0.4982737424431899
time_only,pair_000920,patient_d074d89175786c47,S2231089,S2231089,2,2022-07-26,0R,pAMR0,2,S2315840,S2315840,7,2023-04-11,0R,pAMR0,259,0,future_no_significant_rejection,0,0.4973298349697579
time_only,pair_000921,patient_d074d89175786c47,S2231089,S2231089,2,2022-07-26,0R,pAMR0,2,S2327489,S2327489,8,2023-06-27,0R,pAMR0,336,0,future_no_significant_rejection,0,0.4965492180196095
time_only,pair_000922,patient_d074d89175786c47,S2236496,S2236496,3,2022-08-30,0R,pAMR0,1,S2242501,S2242501,4,2022-10-11,0R,pAMR0,42,0,future_no_significant_rejection,0,0.5027451700203569
time_only,pair_000923,patient_d074d89175786c47,S2236496,S2236496,3,2022-08-30,0R,pAMR0,1,S2250151,S2250151,5,2022-11-29,0R,pAMR0,91,0,future_no_significant_rejection,0,0.5004562705807927
time_only,pair_000924,patient_d074d89175786c47,S2236496,S2236496,3,2022-08-30,0R,pAMR0,1,S2304564,S2304564,6,2023-01-31,0R,pAMR0,154,0,future_no_significant_rejection,0,0.4988864513283669
time_only,pair_000925,patient_d074d89175786c47,S2236496,S2236496,3,2022-08-30,0R,pAMR0,1,S2315840,S2315840,7,2023-04-11,0R,pAMR0,224,0,future_no_significant_rejection,0,0.49776492950058265
time_only,pair_000926,patient_d074d89175786c47,S2236496,S2236496,3,2022-08-30,0R,pAMR0,1,S2327489,S2327489,8,2023-06-27,0R,pAMR0,301,0,future_no_significant_rejection,0,0.496879203988222
time_only,pair_000927,patient_d074d89175786c47,S2242501,S2242501,4,2022-10-11,0R,pAMR0,1,S2250151,S2250151,5,2022-11-29,0R,pAMR0,49,0,future_no_significant_rejection,0,0.5022912927846551
time_only,pair_000928,patient_d074d89175786c47,S2242501,S2242501,4,2022-10-11,0R,pAMR0,1,S2304564,S2304564,6,2023-01-31,0R,pAMR0,112,0,future_no_significant_rejection,0,0.4998375371166086
time_only,pair_000929,patient_d074d89175786c47,S2242501,S2242501,4,2022-10-11,0R,pAMR0,1,S2315840,S2315840,7,2023-04-11,0R,pAMR0,182,0,future_no_significant_rejection,0,0.49838670838854526
time_only,pair_000930,patient_d074d89175786c47,S2242501,S2242501,4,2022-10-11,0R,pAMR0,1,S2327489,S2327489,8,2023-06-27,0R,pAMR0,259,0,future_no_significant_rejection,0,0.4973298349697579
time_only,pair_000931,patient_d074d89175786c47,S2250151,S2250151,5,2022-11-29,0R,pAMR0,1,S2304564,S2304564,6,2023-01-31,0R,pAMR0,63,0,future_no_significant_rejection,0,0.5015483992669716
time_only,pair_000932,patient_d074d89175786c47,S2250151,S2250151,5,2022-11-29,0R,pAMR0,1,S2315840,S2315840,7,2023-04-11,0R,pAMR0,133,0,future_no_significant_rejection,0,0.49932457664435187
time_only,pair_000933,patient_d074d89175786c47,S2250151,S2250151,5,2022-11-29,0R,pAMR0,1,S2327489,S2327489,8,2023-06-27,0R,pAMR0,210,0,future_no_significant_rejection,0,0.4979582576574027
time_only,pair_000934,patient_d074d89175786c47,S2304564,S2304564,6,2023-01-31,0R,pAMR0,1,S2315840,S2315840,7,2023-04-11,0R,pAMR0,70,0,future_no_significant_rejection,0,0.5012360339929811
time_only,pair_000935,patient_d074d89175786c47,S2304564,S2304564,6,2023-01-31,0R,pAMR0,1,S2327489,S2327489,8,2023-06-27,0R,pAMR0,147,0,future_no_significant_rejection,0,0.49902552437928677
time_only,pair_000936,patient_d074d89175786c47,S2315840,S2315840,7,2023-04-11,0R,pAMR0,6,S2327489,S2327489,8,2023-06-27,0R,pAMR0,77,0,future_no_significant_rejection,0,0.5009530631543211
time_only,pair_000961,patient_d4c07874dec8cc11,S2413769,S2413769,1,2024-05-07,0R,pAMR0,9,S2426614,S2426614,2,2024-09-10,0R,pAMR0,126,0,future_no_significant_rejection,0,0.4994860397356824
time_only,pair_000962,patient_d4c07874dec8cc11,S2413769,S2413769,1,2024-05-07,0R,pAMR0,9,S2434133,S2434133,3,2024-11-26,1R,pAMR0,203,0,future_no_significant_rejection,0,0.49805978813603136
time_only,pair_000963,patient_d4c07874dec8cc11,S2413769,S2413769,1,2024-05-07,0R,pAMR0,9,S2505508,S2505508,4,2025-02-25,0R,pAMR0,294,0,future_no_significant_rejection,0,0.49694977709861426
time_only,pair_000964,patient_d4c07874dec8cc11,S2426614,S2426614,2,2024-09-10,0R,pAMR0,6,S2434133,S2434133,3,2024-11-26,1R,pAMR0,77,0,future_no_significant_rejection,0,0.5009530631543211
time_only,pair_000965,patient_d4c07874dec8cc11,S2426614,S2426614,2,2024-09-10,0R,pAMR0,6,S2505508,S2505508,4,2025-02-25,0R,pAMR0,168,0,future_no_significant_rejection,0,0.49862621793626405
time_only,pair_000966,patient_d4c07874dec8cc11,S2434133,S2434133,3,2024-11-26,1R,pAMR0,2,S2505508,S2505508,4,2025-02-25,0R,pAMR0,91,0,future_no_significant_rejection,0,0.5004562705807927
time_only,pair_000967,patient_d66d976aaae8f399,S2133159,S2133159,1,2021-08-03,0R,pAMR0,3,S2135429,S2135429,2,2021-08-17,1R,pAMR0,14,0,future_no_significant_rejection,0,0.505914287690762
time_only,pair_000968,patient_d66d976aaae8f399,S2133159,S2133159,1,2021-08-03,0R,pAMR0,3,S2140145,S2140145,3,2021-09-14,1R,pAMR0,42,0,future_no_significant_rejection,0,0.5027451700203569
time_only,pair_000969,patient_d66d976aaae8f399,S2133159,S2133159,1,2021-08-03,0R,pAMR0,3,S2143764,S2143764,4,2021-10-11,1R,pAMR0,69,0,future_no_significant_rejection,0,0.5012787211869874
time_only,pair_000970,patient_d66d976aaae8f399,S2133159,S2133159,1,2021-08-03,0R,pAMR0,3,S2202567,S2202567,5,2022-01-18,0R,pAMR0,168,0,future_no_significant_rejection,0,0.49862621793626405
time_only,pair_000971,patient_d66d976aaae8f399,S2133159,S2133159,1,2021-08-03,0R,pAMR0,3,S2213275,S2213275,6,2022-04-05,0R,pAMR0,245,0,future_no_significant_rejection,0,0.49749640195750455
time_only,pair_000972,patient_d66d976aaae8f399,S2133159,S2133159,1,2021-08-03,0R,pAMR0,3,S2228788,S2228788,7,2022-07-12,0R,pAMR0,343,0,future_no_significant_rejection,0,0.4964873512627666
time_only,pair_000973,patient_d66d976aaae8f399,S2135429,S2135429,2,2021-08-17,1R,pAMR0,1,S2140145,S2140145,3,2021-09-14,1R,pAMR0,28,0,future_no_significant_rejection,0,0.5039305383989887
time_only,pair_000974,patient_d66d976aaae8f399,S2135429,S2135429,2,2021-08-17,1R,pAMR0,1,S2143764,S2143764,4,2021-10-11,1R,pAMR0,55,0,future_no_significant_rejection,0,0.5019502458028801
time_only,pair_000975,patient_d66d976aaae8f399,S2135429,S2135429,2,2021-08-17,1R,pAMR0,1,S2202567,S2202567,5,2022-01-18,0R,pAMR0,154,0,future_no_significant_rejection,0,0.4988864513283669
time_only,pair_000976,patient_d66d976aaae8f399,S2135429,S2135429,2,2021-08-17,1R,pAMR0,1,S2213275,S2213275,6,2022-04-05,0R,pAMR0,231,0,future_no_significant_rejection,0,0.49767273204146206
time_only,pair_000977,patient_d66d976aaae8f399,S2135429,S2135429,2,2021-08-17,1R,pAMR0,1,S2228788,S2228788,7,2022-07-12,0R,pAMR0,329,0,future_no_significant_rejection,0,0.4966123835324517
time_only,pair_000978,patient_d66d976aaae8f399,S2140145,S2140145,3,2021-09-14,1R,pAMR0,1,S2143764,S2143764,4,2021-10-11,1R,pAMR0,27,0,future_no_significant_rejection,0,0.5040361360667222
time_only,pair_000979,patient_d66d976aaae8f399,S2140145,S2140145,3,2021-09-14,1R,pAMR0,1,S2202567,S2202567,5,2022-01-18,0R,pAMR0,126,0,future_no_significant_rejection,0,0.4994860397356824
time_only,pair_000980,patient_d66d976aaae8f399,S2140145,S2140145,3,2021-09-14,1R,pAMR0,1,S2213275,S2213275,6,2022-04-05,0R,pAMR0,203,0,future_no_significant_rejection,0,0.49805978813603136
time_only,pair_000981,patient_d66d976aaae8f399,S2140145,S2140145,3,2021-09-14,1R,pAMR0,1,S2228788,S2228788,7,2022-07-12,0R,pAMR0,301,0,future_no_significant_rejection,0,0.496879203988222
time_only,pair_000982,patient_d66d976aaae8f399,S2143764,S2143764,4,2021-10-11,1R,pAMR0,1,S2202567,S2202567,5,2022-01-18,0R,pAMR0,99,0,future_no_significant_rejection,0,0.5002053407684935
time_only,pair_000983,patient_d66d976aaae8f399,S2143764,S2143764,4,2021-10-11,1R,pAMR0,1,S2213275,S2213275,6,2022-04-05,0R,pAMR0,176,0,future_no_significant_rejection,0,0.49848703055598287
time_only,pair_000984,patient_d66d976aaae8f399,S2143764,S2143764,4,2021-10-11,1R,pAMR0,1,S2228788,S2228788,7,2022-07-12,0R,pAMR0,274,0,future_no_significant_rejection,0,0.4971610435699207
time_only,pair_000985,patient_d66d976aaae8f399,S2202567,S2202567,5,2022-01-18,0R,pAMR0,1,S2213275,S2213275,6,2022-04-05,0R,pAMR0,77,0,future_no_significant_rejection,0,0.5009530631543211
time_only,pair_000986,patient_d66d976aaae8f399,S2202567,S2202567,5,2022-01-18,0R,pAMR0,1,S2228788,S2228788,7,2022-07-12,0R,pAMR0,175,0,future_no_significant_rejection,0,0.49850408096140464
time_only,pair_000987,patient_d66d976aaae8f399,S2213275,S2213275,6,2022-04-05,0R,pAMR0,1,S2228788,S2228788,7,2022-07-12,0R,pAMR0,98,0,future_no_significant_rejection,0,0.500235586401639
time_only,pair_000988,patient_d772dd268706e1cf,S2133157,S2133157,1,2021-08-03,1R,pAMR0,1,S2150490,S2150490,2,2021-11-23,1R,pAMR0,112,0,future_no_significant_rejection,0,0.4998375371166086
time_only,pair_000989,patient_d772dd268706e1cf,S2133157,S2133157,1,2021-08-03,1R,pAMR0,1,S2203737,S2203737,3,2022-01-25,0R,pAMR0,175,0,future_no_significant_rejection,0,0.49850408096140464
time_only,pair_000990,patient_d772dd268706e1cf,S2133157,S2133157,1,2021-08-03,1R,pAMR0,1,S2215453,S2215453,4,2022-04-19,1R,pAMR0,259,0,future_no_significant_rejection,0,0.4973298349697579
time_only,pair_000991,patient_d772dd268706e1cf,S2150490,S2150490,2,2021-11-23,1R,pAMR0,1,S2203737,S2203737,3,2022-01-25,0R,pAMR0,63,0,future_no_significant_rejection,0,0.5015483992669716
time_only,pair_000992,patient_d772dd268706e1cf,S2150490,S2150490,2,2021-11-23,1R,pAMR0,1,S2215453,S2215453,4,2022-04-19,1R,pAMR0,147,0,future_no_significant_rejection,0,0.49902552437928677
time_only,pair_000993,patient_d772dd268706e1cf,S2203737,S2203737,3,2022-01-25,0R,pAMR0,1,S2215453,S2215453,4,2022-04-19,1R,pAMR0,84,0,future_no_significant_rejection,0,0.5006944273600402
time_only,pair_000994,patient_d7b8077abb2db045,S2511009,S2511009,1,2025-04-15,0R,pAMR0,2,S2512685,S2512685,2,2025-04-29,0R,pAMR0,14,0,future_no_significant_rejection,0,0.505914287690762
time_only,pair_000995,patient_d7b8077abb2db045,S2511009,S2511009,1,2025-04-15,0R,pAMR0,2,S2520402,S2520402,3,2025-07-08,0R,pAMR0,84,0,future_no_significant_rejection,0,0.5006944273600402
time_only,pair_000996,patient_d7b8077abb2db045,S2511009,S2511009,1,2025-04-15,0R,pAMR0,2,S2525436,S2525436,4,2025-08-19,0R,pAMR0,126,0,future_no_significant_rejection,0,0.4994860397356824
time_only,pair_000997,patient_d7b8077abb2db045,S2511009,S2511009,1,2025-04-15,0R,pAMR0,2,S2530981,S2530981,5,2025-09-30,0R,pAMR0,168,0,future_no_significant_rejection,0,0.49862621793626405
time_only,pair_000998,patient_d7b8077abb2db045,S2512685,S2512685,2,2025-04-29,0R,pAMR0,2,S2520402,S2520402,3,2025-07-08,0R,pAMR0,70,0,future_no_significant_rejection,0,0.5012360339929811
time_only,pair_000999,patient_d7b8077abb2db045,S2512685,S2512685,2,2025-04-29,0R,pAMR0,2,S2525436,S2525436,4,2025-08-19,0R,pAMR0,112,0,future_no_significant_rejection,0,0.4998375371166086
time_only,pair_001000,patient_d7b8077abb2db045,S2512685,S2512685,2,2025-04-29,0R,pAMR0,2,S2530981,S2530981,5,2025-09-30,0R,pAMR0,154,0,future_no_significant_rejection,0,0.4988864513283669
time_only,pair_001001,patient_d7b8077abb2db045,S2520402,S2520402,3,2025-07-08,0R,pAMR0,1,S2525436,S2525436,4,2025-08-19,0R,pAMR0,42,0,future_no_significant_rejection,0,0.5027451700203569
time_only,pair_001002,patient_d7b8077abb2db045,S2520402,S2520402,3,2025-07-08,0R,pAMR0,1,S2530981,S2530981,5,2025-09-30,0R,pAMR0,84,0,future_no_significant_rejection,0,0.5006944273600402
time_only,pair_001003,patient_d7b8077abb2db045,S2525436,S2525436,4,2025-08-19,0R,pAMR0,1,S2530981,S2530981,5,2025-09-30,0R,pAMR0,42,0,future_no_significant_rejection,0,0.5027451700203569
time_only,pair_001004,patient_d82abebcfaf082f8,S2404885,S2404885,1,2024-01-30,0R,pAMR0,1,S2407941,S2407941,2,2024-02-20,0R,pAMR0,21,0,future_no_significant_rejection,0,0.5047618366552327
time_only,pair_001005,patient_d82abebcfaf082f8,S2404885,S2404885,1,2024-01-30,0R,pAMR0,1,S2422844,S2422844,3,2024-08-06,0R,pAMR0,189,0,future_no_significant_rejection,0,0.4982737424431899
time_only,pair_001006,patient_d82abebcfaf082f8,S2407941,S2407941,2,2024-02-20,0R,pAMR0,3,S2422844,S2422844,3,2024-08-06,0R,pAMR0,168,0,future_no_significant_rejection,0,0.49862621793626405
time_only,pair_001007,patient_d8e20f6cc2cd90d6,S2108731,S2108731,1,2021-03-02,1R,pAMR0,1,S2135432,S2135432,2,2021-08-17,0R,pAMR0,168,0,future_no_significant_rejection,0,0.49862621793626405
time_only,pair_001008,patient_d8e20f6cc2cd90d6,S2108731,S2108731,1,2021-03-02,1R,pAMR0,1,S2142818,S2142818,3,2021-10-05,1R,pAMR0,217,0,future_no_significant_rejection,0,0.4978600412860354
time_only,pair_001009,patient_d8e20f6cc2cd90d6,S2135432,S2135432,2,2021-08-17,0R,pAMR0,1,S2142818,S2142818,3,2021-10-05,1R,pAMR0,49,0,future_no_significant_rejection,0,0.5022912927846551
time_only,pair_001025,patient_dd7e0e39c92e25b4,S2143766,S2143766,1,2021-10-12,1R,pAMR0,3,S2150494,S2150494,2,2021-11-23,1R,pAMR0,42,0,future_no_significant_rejection,0,0.5027451700203569
time_only,pair_001026,patient_dd7e0e39c92e25b4,S2143766,S2143766,1,2021-10-12,1R,pAMR0,3,S2154963,S2154963,3,2021-12-21,0R,pAMR0,70,0,future_no_significant_rejection,0,0.5012360339929811
time_only,pair_001027,patient_dd7e0e39c92e25b4,S2143766,S2143766,1,2021-10-12,1R,pAMR0,3,S2203735,S2203735,4,2022-01-25,0R,pAMR0,105,0,future_no_significant_rejection,0,0.500029985410016
time_only,pair_001028,patient_dd7e0e39c92e25b4,S2143766,S2143766,1,2021-10-12,1R,pAMR0,3,S2210200,S2210200,5,2022-03-15,1R,pAMR0,154,0,future_no_significant_rejection,0,0.4988864513283669
time_only,pair_001029,patient_dd7e0e39c92e25b4,S2143766,S2143766,1,2021-10-12,1R,pAMR0,3,S2229969,S2229969,6,2022-07-18,0R,pAMR0,279,0,future_no_significant_rejection,0,0.4971068201773762
time_only,pair_001030,patient_dd7e0e39c92e25b4,S2143766,S2143766,1,2021-10-12,1R,pAMR0,3,S2240724,S2240724,7,2022-09-27,1R,pAMR0,350,0,future_no_significant_rejection,0,0.4964267309322298
time_only,pair_001031,patient_dd7e0e39c92e25b4,S2150494,S2150494,2,2021-11-23,1R,pAMR0,1,S2154963,S2154963,3,2021-12-21,0R,pAMR0,28,0,future_no_significant_rejection,0,0.5039305383989887
time_only,pair_001032,patient_dd7e0e39c92e25b4,S2150494,S2150494,2,2021-11-23,1R,pAMR0,1,S2203735,S2203735,4,2022-01-25,0R,pAMR0,63,0,future_no_significant_rejection,0,0.5015483992669716
time_only,pair_001033,patient_dd7e0e39c92e25b4,S2150494,S2150494,2,2021-11-23,1R,pAMR0,1,S2210200,S2210200,5,2022-03-15,1R,pAMR0,112,0,future_no_significant_rejection,0,0.4998375371166086
time_only,pair_001034,patient_dd7e0e39c92e25b4,S2150494,S2150494,2,2021-11-23,1R,pAMR0,1,S2229969,S2229969,6,2022-07-18,0R,pAMR0,237,0,future_no_significant_rejection,0,0.49759589344048716
time_only,pair_001035,patient_dd7e0e39c92e25b4,S2150494,S2150494,2,2021-11-23,1R,pAMR0,1,S2240724,S2240724,7,2022-09-27,1R,pAMR0,308,0,future_no_significant_rejection,0,0.4968102482009043
time_only,pair_001036,patient_dd7e0e39c92e25b4,S2154963,S2154963,3,2021-12-21,0R,pAMR0,1,S2203735,S2203735,4,2022-01-25,0R,pAMR0,35,0,future_no_significant_rejection,0,0.5032798670922982
time_only,pair_001037,patient_dd7e0e39c92e25b4,S2154963,S2154963,3,2021-12-21,0R,pAMR0,1,S2210200,S2210200,5,2022-03-15,1R,pAMR0,84,0,future_no_significant_rejection,0,0.5006944273600402
time_only,pair_001038,patient_dd7e0e39c92e25b4,S2154963,S2154963,3,2021-12-21,0R,pAMR0,1,S2229969,S2229969,6,2022-07-18,0R,pAMR0,209,0,future_no_significant_rejection,0,0.4979725539594509
time_only,pair_001039,patient_dd7e0e39c92e25b4,S2154963,S2154963,3,2021-12-21,0R,pAMR0,1,S2240724,S2240724,7,2022-09-27,1R,pAMR0,280,0,future_no_significant_rejection,0,0.4970960917716561
time_only,pair_001040,patient_dd7e0e39c92e25b4,S2203735,S2203735,4,2022-01-25,0R,pAMR0,1,S2210200,S2210200,5,2022-03-15,1R,pAMR0,49,0,future_no_significant_rejection,0,0.5022912927846551
time_only,pair_001041,patient_dd7e0e39c92e25b4,S2203735,S2203735,4,2022-01-25,0R,pAMR0,1,S2229969,S2229969,6,2022-07-18,0R,pAMR0,174,0,future_no_significant_rejection,0,0.49852122852416664
time_only,pair_001042,patient_dd7e0e39c92e25b4,S2203735,S2203735,4,2022-01-25,0R,pAMR0,1,S2240724,S2240724,7,2022-09-27,1R,pAMR0,245,0,future_no_significant_rejection,0,0.49749640195750455
time_only,pair_001043,patient_dd7e0e39c92e25b4,S2210200,S2210200,5,2022-03-15,1R,pAMR0,1,S2229969,S2229969,6,2022-07-18,0R,pAMR0,125,0,future_no_significant_rejection,0,0.49950982968342567
time_only,pair_001044,patient_dd7e0e39c92e25b4,S2210200,S2210200,5,2022-03-15,1R,pAMR0,1,S2240724,S2240724,7,2022-09-27,1R,pAMR0,196,0,future_no_significant_rejection,0,0.4981648641961751
time_only,pair_001045,patient_dd7e0e39c92e25b4,S2229969,S2229969,6,2022-07-18,0R,pAMR0,1,S2240724,S2240724,7,2022-09-27,1R,pAMR0,71,0,future_no_significant_rejection,0,0.5011939438246249
time_only,pair_001046,patient_dfafa5c41a0ad944,S2129801,S2129801,1,2021-07-13,1R,pAMR0,3,S2144967,S2144967,2,2021-10-19,0R,pAMR0,98,0,future_no_significant_rejection,0,0.500235586401639
time_only,pair_001047,patient_dfafa5c41a0ad944,S2129801,S2129801,1,2021-07-13,1R,pAMR0,3,S2209229,S2209229,3,2022-03-08,1R,pAMR0,238,0,future_no_significant_rejection,0,0.4975832756198542
time_only,pair_001048,patient_dfafa5c41a0ad944,S2144967,S2144967,2,2021-10-19,0R,pAMR0,1,S2209229,S2209229,3,2022-03-08,1R,pAMR0,140,0,future_no_significant_rejection,0,0.49917133726997426
time_only,pair_001087,patient_e918692d7c80e65c,S2327689,S2327689,1,2023-06-28,0R,pAMR0,1,S2330980,S2330980,2,2023-07-18,0R,pAMR0,20,0,future_no_significant_rejection,0,0.5049018216482729
time_only,pair_001088,patient_e918692d7c80e65c,S2327689,S2327689,1,2023-06-28,0R,pAMR0,1,S2337812,S2337812,3,2023-08-30,0R,pAMR0,63,0,future_no_significant_rejection,0,0.5015483992669716
time_only,pair_001089,patient_e918692d7c80e65c,S2327689,S2327689,1,2023-06-28,0R,pAMR0,1,S2342016,S2342016,4,2023-09-26,0R,pAMR0,90,0,future_no_significant_rejection,0,0.5004891606684013
time_only,pair_001090,patient_e918692d7c80e65c,S2330980,S2330980,2,2023-07-18,0R,pAMR0,1,S2337812,S2337812,3,2023-08-30,0R,pAMR0,43,0,future_no_significant_rejection,0,0.5026759870354554
time_only,pair_001091,patient_e918692d7c80e65c,S2330980,S2330980,2,2023-07-18,0R,pAMR0,1,S2342016,S2342016,4,2023-09-26,0R,pAMR0,70,0,future_no_significant_rejection,0,0.5012360339929811
time_only,pair_001092,patient_e918692d7c80e65c,S2337812,S2337812,3,2023-08-30,0R,pAMR0,1,S2342016,S2342016,4,2023-09-26,0R,pAMR0,27,0,future_no_significant_rejection,0,0.5040361360667222
time_only,pair_001093,patient_e9984333ac68159c,S2228790,S2228790,1,2022-07-12,0R,pAMR0,1,S2232191,S2232191,2,2022-08-02,1R,pAMR0,21,0,future_no_significant_rejection,0,0.5047618366552327
time_only,pair_001094,patient_e9984333ac68159c,S2228790,S2228790,1,2022-07-12,0R,pAMR0,1,S2236493,S2236493,3,2022-08-30,1R,pAMR0,49,0,future_no_significant_rejection,0,0.5022912927846551
time_only,pair_001095,patient_e9984333ac68159c,S2228790,S2228790,1,2022-07-12,0R,pAMR0,1,S2247859,S2247859,4,2022-11-15,1R,pAMR0,126,0,future_no_significant_rejection,0,0.4994860397356824
time_only,pair_001096,patient_e9984333ac68159c,S2228790,S2228790,1,2022-07-12,0R,pAMR0,1,S2313440,S2313440,5,2023-03-28,0R,pAMR0,259,0,future_no_significant_rejection,0,0.4973298349697579
time_only,pair_001097,patient_e9984333ac68159c,S2232191,S2232191,2,2022-08-02,1R,pAMR0,2,S2236493,S2236493,3,2022-08-30,1R,pAMR0,28,0,future_no_significant_rejection,0,0.5039305383989887
time_only,pair_001098,patient_e9984333ac68159c,S2232191,S2232191,2,2022-08-02,1R,pAMR0,2,S2247859,S2247859,4,2022-11-15,1R,pAMR0,105,0,future_no_significant_rejection,0,0.500029985410016
time_only,pair_001099,patient_e9984333ac68159c,S2232191,S2232191,2,2022-08-02,1R,pAMR0,2,S2313440,S2313440,5,2023-03-28,0R,pAMR0,238,0,future_no_significant_rejection,0,0.4975832756198542
time_only,pair_001100,patient_e9984333ac68159c,S2236493,S2236493,3,2022-08-30,1R,pAMR0,3,S2247859,S2247859,4,2022-11-15,1R,pAMR0,77,0,future_no_significant_rejection,0,0.5009530631543211
time_only,pair_001101,patient_e9984333ac68159c,S2236493,S2236493,3,2022-08-30,1R,pAMR0,3,S2313440,S2313440,5,2023-03-28,0R,pAMR0,210,0,future_no_significant_rejection,0,0.4979582576574027
time_only,pair_001102,patient_e9984333ac68159c,S2247859,S2247859,4,2022-11-15,1R,pAMR0,1,S2313440,S2313440,5,2023-03-28,0R,pAMR0,133,0,future_no_significant_rejection,0,0.49932457664435187
time_only,pair_001112,patient_f1bc2d6d2b5c3421,S2344462,S2344462,1,2023-10-17,0R,pAMR0,1,S2347457,S2347457,2,2023-11-07,1R,pAMR0,21,0,future_no_significant_rejection,0,0.5047618366552327
time_only,pair_001113,patient_f1bc2d6d2b5c3421,S2344462,S2344462,1,2023-10-17,0R,pAMR0,1,S2352826,S2352826,3,2023-12-12,0R,pAMR0,56,0,future_no_significant_rejection,0,0.5018969812051851
time_only,pair_001114,patient_f1bc2d6d2b5c3421,S2344462,S2344462,1,2023-10-17,0R,pAMR0,1,S2403702,S2403702,4,2024-01-23,1R,pAMR0,98,0,future_no_significant_rejection,0,0.500235586401639
time_only,pair_001115,patient_f1bc2d6d2b5c3421,S2344462,S2344462,1,2023-10-17,0R,pAMR0,1,S2409928,S2409928,5,2024-03-19,0R,pAMR0,154,0,future_no_significant_rejection,0,0.4988864513283669
time_only,pair_001116,patient_f1bc2d6d2b5c3421,S2344462,S2344462,1,2023-10-17,0R,pAMR0,1,S2415692,S2415692,6,2024-05-28,0R,pAMR0,224,0,future_no_significant_rejection,0,0.49776492950058265
time_only,pair_001117,patient_f1bc2d6d2b5c3421,S2347457,S2347457,2,2023-11-07,1R,pAMR0,2,S2352826,S2352826,3,2023-12-12,0R,pAMR0,35,0,future_no_significant_rejection,0,0.5032798670922982
time_only,pair_001118,patient_f1bc2d6d2b5c3421,S2347457,S2347457,2,2023-11-07,1R,pAMR0,2,S2403702,S2403702,4,2024-01-23,1R,pAMR0,77,0,future_no_significant_rejection,0,0.5009530631543211
time_only,pair_001119,patient_f1bc2d6d2b5c3421,S2347457,S2347457,2,2023-11-07,1R,pAMR0,2,S2409928,S2409928,5,2024-03-19,0R,pAMR0,133,0,future_no_significant_rejection,0,0.49932457664435187
time_only,pair_001120,patient_f1bc2d6d2b5c3421,S2347457,S2347457,2,2023-11-07,1R,pAMR0,2,S2415692,S2415692,6,2024-05-28,0R,pAMR0,203,0,future_no_significant_rejection,0,0.49805978813603136
time_only,pair_001121,patient_f1bc2d6d2b5c3421,S2352826,S2352826,3,2023-12-12,0R,pAMR0,1,S2403702,S2403702,4,2024-01-23,1R,pAMR0,42,0,future_no_significant_rejection,0,0.5027451700203569
time_only,pair_001122,patient_f1bc2d6d2b5c3421,S2352826,S2352826,3,2023-12-12,0R,pAMR0,1,S2409928,S2409928,5,2024-03-19,0R,pAMR0,98,0,future_no_significant_rejection,0,0.500235586401639
time_only,pair_001123,patient_f1bc2d6d2b5c3421,S2352826,S2352826,3,2023-12-12,0R,pAMR0,1,S2415692,S2415692,6,2024-05-28,0R,pAMR0,168,0,future_no_significant_rejection,0,0.49862621793626405
time_only,pair_001124,patient_f1bc2d6d2b5c3421,S2403702,S2403702,4,2024-01-23,1R,pAMR0,2,S2409928,S2409928,5,2024-03-19,0R,pAMR0,56,0,future_no_significant_rejection,0,0.5018969812051851
time_only,pair_001125,patient_f1bc2d6d2b5c3421,S2403702,S2403702,4,2024-01-23,1R,pAMR0,2,S2415692,S2415692,6,2024-05-28,0R,pAMR0,126,0,future_no_significant_rejection,0,0.4994860397356824
time_only,pair_001126,patient_f1bc2d6d2b5c3421,S2409928,S2409928,5,2024-03-19,0R,pAMR0,1,S2415692,S2415692,6,2024-05-28,0R,pAMR0,70,0,future_no_significant_rejection,0,0.5012360339929811
time_only,pair_001142,patient_f73f7e4dab64291c,S2411029,S2411029,1,2024-04-02,0R,pAMR0,1,S2415690,S2415690,2,2024-05-28,0R,pAMR0,56,0,future_no_significant_rejection,0,0.5018969812051851
time_only,pair_001143,patient_f73f7e4dab64291c,S2411029,S2411029,1,2024-04-02,0R,pAMR0,1,S2419850,S2419850,3,2024-07-09,0R,pAMR0,98,0,future_no_significant_rejection,0,0.500235586401639
time_only,pair_001144,patient_f73f7e4dab64291c,S2411029,S2411029,1,2024-04-02,0R,pAMR0,1,S2425034,S2425034,4,2024-08-27,0R,pAMR0,147,0,future_no_significant_rejection,0,0.49902552437928677
time_only,pair_001145,patient_f73f7e4dab64291c,S2415690,S2415690,2,2024-05-28,0R,pAMR0,2,S2419850,S2419850,3,2024-07-09,0R,pAMR0,42,0,future_no_significant_rejection,0,0.5027451700203569
time_only,pair_001146,patient_f73f7e4dab64291c,S2415690,S2415690,2,2024-05-28,0R,pAMR0,2,S2425034,S2425034,4,2024-08-27,0R,pAMR0,91,0,future_no_significant_rejection,0,0.5004562705807927
time_only,pair_001147,patient_f73f7e4dab64291c,S2419850,S2419850,3,2024-07-09,0R,pAMR0,2,S2425034,S2425034,4,2024-08-27,0R,pAMR0,49,0,future_no_significant_rejection,0,0.5022912927846551
time_only,pair_001158,patient_fc51a062525b3f86,S2043434,S2043434,1,2020-11-03,0R,pAMR0,3,S2130900,S2130900,2,2021-07-20,1R,pAMR0,259,0,future_no_significant_rejection,0,0.4973298349697579
time_only,pair_001159,patient_fc51a062525b3f86,S2043434,S2043434,1,2020-11-03,0R,pAMR0,3,S2144970,S2144970,3,2021-10-19,1R,pAMR0,350,0,future_no_significant_rejection,0,0.4964267309322298
time_only,pair_001160,patient_fc51a062525b3f86,S2130900,S2130900,2,2021-07-20,1R,pAMR0,1,S2144970,S2144970,3,2021-10-19,1R,pAMR0,91,0,future_no_significant_rejection,0,0.5004562705807927
time_only,pair_000001,patient_005b214a5e658965,S2135430,S2135430,1,2021-08-17,0R,pAMR0,1,S2149398,S2149398,2,2021-11-16,1R,pAMR0,91,0,future_no_significant_rejection,1,0.49751846925210486
time_only,pair_000005,patient_0941abb556cbec79,S2306849,S2306849,1,2023-02-14,1R,pAMR0,6,S2309075,S2309075,2,2023-02-28,1R,pAMR0,14,0,future_no_significant_rejection,1,0.4708310920035091
time_only,pair_000006,patient_0941abb556cbec79,S2306849,S2306849,1,2023-02-14,1R,pAMR0,6,S2313664,S2313664,3,2023-03-29,0R,pAMR0,43,0,future_no_significant_rejection,1,0.4866550994342669
time_only,pair_000007,patient_0941abb556cbec79,S2306849,S2306849,1,2023-02-14,1R,pAMR0,6,S2319879,S2319879,4,2023-05-09,0R,pAMR0,84,0,future_no_significant_rejection,1,0.49635263983379285
time_only,pair_000008,patient_0941abb556cbec79,S2306849,S2306849,1,2023-02-14,1R,pAMR0,6,S2334389,S2334389,5,2023-08-08,1R,pAMR0,175,0,future_no_significant_rejection,1,0.5070747439318911
time_only,pair_000009,patient_0941abb556cbec79,S2306849,S2306849,1,2023-02-14,1R,pAMR0,6,S2347458,S2347458,6,2023-11-07,0R,pAMR0,266,0,future_no_significant_rejection,1,0.5132120365660126
time_only,pair_000010,patient_0941abb556cbec79,S2306849,S2306849,1,2023-02-14,1R,pAMR0,6,S2406040,S2406040,7,2024-02-06,0R,pAMR0,357,0,future_no_significant_rejection,1,0.5175286755305221
time_only,pair_000011,patient_0941abb556cbec79,S2309075,S2309075,2,2023-02-28,1R,pAMR0,5,S2313664,S2313664,3,2023-03-29,0R,pAMR0,29,0,future_no_significant_rejection,1,0.48101870371273175
time_only,pair_000012,patient_0941abb556cbec79,S2309075,S2309075,2,2023-02-28,1R,pAMR0,5,S2319879,S2319879,4,2023-05-09,0R,pAMR0,70,0,future_no_significant_rejection,1,0.4937015182595153
time_only,pair_000013,patient_0941abb556cbec79,S2309075,S2309075,2,2023-02-28,1R,pAMR0,5,S2334389,S2334389,5,2023-08-08,1R,pAMR0,161,0,future_no_significant_rejection,1,0.5058538238316267
time_only,pair_000014,patient_0941abb556cbec79,S2309075,S2309075,2,2023-02-28,1R,pAMR0,5,S2347458,S2347458,6,2023-11-07,0R,pAMR0,252,0,future_no_significant_rejection,1,0.5124190892456877
time_only,pair_000015,patient_0941abb556cbec79,S2309075,S2309075,2,2023-02-28,1R,pAMR0,5,S2406040,S2406040,7,2024-02-06,0R,pAMR0,343,0,future_no_significant_rejection,1,0.5169416833765115
time_only,pair_000016,patient_0941abb556cbec79,S2313664,S2313664,3,2023-03-29,0R,pAMR0,1,S2319879,S2319879,4,2023-05-09,0R,pAMR0,41,0,future_no_significant_rejection,1,0.4859702668856458
time_only,pair_000017,patient_0941abb556cbec79,S2313664,S2313664,3,2023-03-29,0R,pAMR0,1,S2334389,S2334389,5,2023-08-08,1R,pAMR0,132,0,future_no_significant_rejection,1,0.5029481546286448
time_only,pair_000018,patient_0941abb556cbec79,S2313664,S2313664,3,2023-03-29,0R,pAMR0,1,S2347458,S2347458,6,2023-11-07,0R,pAMR0,223,0,future_no_significant_rejection,1,0.5106264844416399
time_only,pair_000019,patient_0941abb556cbec79,S2313664,S2313664,3,2023-03-29,0R,pAMR0,1,S2406040,S2406040,7,2024-02-06,0R,pAMR0,314,0,future_no_significant_rejection,1,0.5156456038361384
time_only,pair_000020,patient_0941abb556cbec79,S2319879,S2319879,4,2023-05-09,0R,pAMR0,5,S2334389,S2334389,5,2023-08-08,1R,pAMR0,91,0,future_no_significant_rejection,1,0.49751846925210486
time_only,pair_000021,patient_0941abb556cbec79,S2319879,S2319879,4,2023-05-09,0R,pAMR0,5,S2347458,S2347458,6,2023-11-07,0R,pAMR0,182,0,future_no_significant_rejection,1,0.5076492102933853
time_only,pair_000022,patient_0941abb556cbec79,S2319879,S2319879,4,2023-05-09,0R,pAMR0,5,S2406040,S2406040,7,2024-02-06,0R,pAMR0,273,0,future_no_significant_rejection,1,0.5135930260676559
time_only,pair_000023,patient_0941abb556cbec79,S2334389,S2334389,5,2023-08-08,1R,pAMR0,2,S2347458,S2347458,6,2023-11-07,0R,pAMR0,91,0,future_no_significant_rejection,1,0.49751846925210486
time_only,pair_000024,patient_0941abb556cbec79,S2334389,S2334389,5,2023-08-08,1R,pAMR0,2,S2406040,S2406040,7,2024-02-06,0R,pAMR0,182,0,future_no_significant_rejection,1,0.5076492102933853
time_only,pair_000025,patient_0941abb556cbec79,S2347458,S2347458,6,2023-11-07,0R,pAMR0,2,S2406040,S2406040,7,2024-02-06,0R,pAMR0,91,0,future_no_significant_rejection,1,0.49751846925210486
time_only,pair_000026,patient_0cf9d90c530cbd0b,S2129802,S2129802,1,2021-07-12,1R,pAMR0,3,S2135431,S2135431,2,2021-08-17,1R,pAMR0,36,0,future_no_significant_rejection,1,0.4841045987506429
time_only,pair_000027,patient_0cf9d90c530cbd0b,S2129802,S2129802,1,2021-07-12,1R,pAMR0,3,S2141805,S2141805,3,2021-09-28,1R,pAMR0,78,0,future_no_significant_rejection,1,0.4952742622834098
time_only,pair_000028,patient_0cf9d90c530cbd0b,S2129802,S2129802,1,2021-07-12,1R,pAMR0,3,S2149394,S2149394,4,2021-11-16,1R,pAMR0,127,0,future_no_significant_rejection,1,0.5023836462200171
time_only,pair_000029,patient_0cf9d90c530cbd0b,S2129802,S2129802,1,2021-07-12,1R,pAMR0,3,S2156022,S2156022,5,2021-12-28,0R,pAMR0,169,0,future_no_significant_rejection,1,0.506563841422986
time_only,pair_000030,patient_0cf9d90c530cbd0b,S2129802,S2129802,1,2021-07-12,1R,pAMR0,3,S2210199,S2210199,6,2022-03-15,0R,pAMR0,246,0,future_no_significant_rejection,1,0.5120657093729957
time_only,pair_000031,patient_0cf9d90c530cbd0b,S2129802,S2129802,1,2021-07-12,1R,pAMR0,3,S2224007,S2224007,7,2022-06-14,0R,pAMR0,337,0,future_no_significant_rejection,1,0.5166827506447109
time_only,pair_000032,patient_0cf9d90c530cbd0b,S2135431,S2135431,2,2021-08-17,1R,pAMR0,1,S2141805,S2141805,3,2021-09-28,1R,pAMR0,42,0,future_no_significant_rejection,1,0.4863166586809092
time_only,pair_000033,patient_0cf9d90c530cbd0b,S2135431,S2135431,2,2021-08-17,1R,pAMR0,1,S2149394,S2149394,4,2021-11-16,1R,pAMR0,91,0,future_no_significant_rejection,1,0.49751846925210486
time_only,pair_000034,patient_0cf9d90c530cbd0b,S2135431,S2135431,2,2021-08-17,1R,pAMR0,1,S2156022,S2156022,5,2021-12-28,0R,pAMR0,133,0,future_no_significant_rejection,1,0.5030585053744006
time_only,pair_000035,patient_0cf9d90c530cbd0b,S2135431,S2135431,2,2021-08-17,1R,pAMR0,1,S2210199,S2210199,6,2022-03-15,0R,pAMR0,210,0,future_no_significant_rejection,1,0.5097460374526992
time_only,pair_000036,patient_0cf9d90c530cbd0b,S2135431,S2135431,2,2021-08-17,1R,pAMR0,1,S2224007,S2224007,7,2022-06-14,0R,pAMR0,301,0,future_no_significant_rejection,1,0.5150252865976072
time_only,pair_000037,patient_0cf9d90c530cbd0b,S2141805,S2141805,3,2021-09-28,1R,pAMR0,1,S2149394,S2149394,4,2021-11-16,1R,pAMR0,49,0,future_no_significant_rejection,1,0.4885372161482918
time_only,pair_000038,patient_0cf9d90c530cbd0b,S2141805,S2141805,3,2021-09-28,1R,pAMR0,1,S2156022,S2156022,5,2021-12-28,0R,pAMR0,91,0,future_no_significant_rejection,1,0.49751846925210486
time_only,pair_000039,patient_0cf9d90c530cbd0b,S2141805,S2141805,3,2021-09-28,1R,pAMR0,1,S2210199,S2210199,6,2022-03-15,0R,pAMR0,168,0,future_no_significant_rejection,1,0.506476939803158
time_only,pair_000040,patient_0cf9d90c530cbd0b,S2141805,S2141805,3,2021-09-28,1R,pAMR0,1,S2224007,S2224007,7,2022-06-14,0R,pAMR0,259,0,future_no_significant_rejection,1,0.5128209087592088
time_only,pair_000041,patient_0cf9d90c530cbd0b,S2149394,S2149394,4,2021-11-16,1R,pAMR0,1,S2156022,S2156022,5,2021-12-28,0R,pAMR0,42,0,future_no_significant_rejection,1,0.4863166586809092
time_only,pair_000042,patient_0cf9d90c530cbd0b,S2149394,S2149394,4,2021-11-16,1R,pAMR0,1,S2210199,S2210199,6,2022-03-15,0R,pAMR0,119,0,future_no_significant_rejection,1,0.5014328603219114
time_only,pair_000043,patient_0cf9d90c530cbd0b,S2149394,S2149394,4,2021-11-16,1R,pAMR0,1,S2224007,S2224007,7,2022-06-14,0R,pAMR0,210,0,future_no_significant_rejection,1,0.5097460374526992
time_only,pair_000044,patient_0cf9d90c530cbd0b,S2156022,S2156022,5,2021-12-28,0R,pAMR0,1,S2210199,S2210199,6,2022-03-15,0R,pAMR0,77,0,future_no_significant_rejection,1,0.4950866047356783
time_only,pair_000045,patient_0cf9d90c530cbd0b,S2156022,S2156022,5,2021-12-28,0R,pAMR0,1,S2224007,S2224007,7,2022-06-14,0R,pAMR0,168,0,future_no_significant_rejection,1,0.506476939803158
time_only,pair_000046,patient_0cf9d90c530cbd0b,S2210199,S2210199,6,2022-03-15,0R,pAMR0,1,S2224007,S2224007,7,2022-06-14,0R,pAMR0,91,0,future_no_significant_rejection,1,0.49751846925210486
time_only,pair_000068,patient_19d05fccc0aac48d,S2026723,S2026723,1,2020-07-07,1R,pAMR0,3,S2028920,S2028920,2,2020-07-21,1R,pAMR1,14,1,future_significant_rejection,1,0.4708310920035091
time_only,pair_000094,patient_1db7fb03763dab37,S2416977,S2416977,1,2024-06-11,0R,pAMR0,2,S2420601,S2420601,2,2024-07-16,0R,pAMR0,35,0,future_no_significant_rejection,1,0.48370136757875287
time_only,pair_000095,patient_1db7fb03763dab37,S2416977,S2416977,1,2024-06-11,0R,pAMR0,2,S2423618,S2423618,3,2024-08-13,0R,pAMR0,63,0,future_no_significant_rejection,1,0.49217266039675694
time_only,pair_000096,patient_1db7fb03763dab37,S2416977,S2416977,1,2024-06-11,0R,pAMR0,2,S2429063,S2429063,4,2024-10-08,0R,pAMR0,119,0,future_no_significant_rejection,1,0.5014328603219114
time_only,pair_000097,patient_1db7fb03763dab37,S2416977,S2416977,1,2024-06-11,0R,pAMR0,2,S2433341,S2433341,5,2024-11-19,0R,pAMR0,161,0,future_no_significant_rejection,1,0.5058538238316267
time_only,pair_000098,patient_1db7fb03763dab37,S2416977,S2416977,1,2024-06-11,0R,pAMR0,2,S2513847,S2513847,6,2025-05-13,0R,pAMR0,336,0,future_no_significant_rejection,1,0.5166391478593695
time_only,pair_000099,patient_1db7fb03763dab37,S2420601,S2420601,2,2024-07-16,0R,pAMR0,2,S2423618,S2423618,3,2024-08-13,0R,pAMR0,28,0,future_no_significant_rejection,1,0.48051999517441435
time_only,pair_000100,patient_1db7fb03763dab37,S2420601,S2420601,2,2024-07-16,0R,pAMR0,2,S2429063,S2429063,4,2024-10-08,0R,pAMR0,84,0,future_no_significant_rejection,1,0.49635263983379285
time_only,pair_000101,patient_1db7fb03763dab37,S2420601,S2420601,2,2024-07-16,0R,pAMR0,2,S2433341,S2433341,5,2024-11-19,0R,pAMR0,126,0,future_no_significant_rejection,1,0.502268100777338
time_only,pair_000102,patient_1db7fb03763dab37,S2420601,S2420601,2,2024-07-16,0R,pAMR0,2,S2513847,S2513847,6,2025-05-13,0R,pAMR0,301,0,future_no_significant_rejection,1,0.5150252865976072
time_only,pair_000103,patient_1db7fb03763dab37,S2423618,S2423618,3,2024-08-13,0R,pAMR0,2,S2429063,S2429063,4,2024-10-08,0R,pAMR0,56,0,future_no_significant_rejection,1,0.49046670878708254
time_only,pair_000104,patient_1db7fb03763dab37,S2423618,S2423618,3,2024-08-13,0R,pAMR0,2,S2433341,S2433341,5,2024-11-19,0R,pAMR0,98,0,future_no_significant_rejection,1,0.4985987899263329
time_only,pair_000105,patient_1db7fb03763dab37,S2423618,S2423618,3,2024-08-13,0R,pAMR0,2,S2513847,S2513847,6,2025-05-13,0R,pAMR0,273,0,future_no_significant_rejection,1,0.5135930260676559
time_only,pair_000106,patient_1db7fb03763dab37,S2429063,S2429063,4,2024-10-08,0R,pAMR0,2,S2433341,S2433341,5,2024-11-19,0R,pAMR0,42,0,future_no_significant_rejection,1,0.4863166586809092
time_only,pair_000107,patient_1db7fb03763dab37,S2429063,S2429063,4,2024-10-08,0R,pAMR0,2,S2513847,S2513847,6,2025-05-13,0R,pAMR0,217,0,future_no_significant_rejection,1,0.5102266622320902
time_only,pair_000108,patient_1db7fb03763dab37,S2433341,S2433341,5,2024-11-19,0R,pAMR0,2,S2513847,S2513847,6,2025-05-13,0R,pAMR0,175,0,future_no_significant_rejection,1,0.5070747439318911
time_only,pair_000109,patient_1f1d5d53d578938e,S2433344,S2433344,1,2024-11-19,0R,pAMR0,2,S2434919,S2434919,2,2024-12-03,0R,pAMR0,14,0,future_no_significant_rejection,1,0.4708310920035091
time_only,pair_000110,patient_1f1d5d53d578938e,S2433344,S2433344,1,2024-11-19,0R,pAMR0,2,S2500522,S2500522,3,2025-01-07,0R,pAMR0,49,0,future_no_significant_rejection,1,0.4885372161482918
time_only,pair_000111,patient_1f1d5d53d578938e,S2433344,S2433344,1,2024-11-19,0R,pAMR0,2,S2503983,S2503983,4,2025-02-11,0R,pAMR0,84,0,future_no_significant_rejection,1,0.49635263983379285
time_only,pair_000112,patient_1f1d5d53d578938e,S2433344,S2433344,1,2024-11-19,0R,pAMR0,2,S2507799,S2507799,5,2025-03-18,0R,pAMR0,119,0,future_no_significant_rejection,1,0.5014328603219114
time_only,pair_000113,patient_1f1d5d53d578938e,S2433344,S2433344,1,2024-11-19,0R,pAMR0,2,S2511859,S2511859,6,2025-04-22,0R,pAMR0,154,0,future_no_significant_rejection,1,0.5052031604038506
time_only,pair_000114,patient_1f1d5d53d578938e,S2433344,S2433344,1,2024-11-19,0R,pAMR0,2,S2522980,S2522980,7,2025-07-29,0R,pAMR0,252,0,future_no_significant_rejection,1,0.5124190892456877
time_only,pair_000115,patient_1f1d5d53d578938e,S2434919,S2434919,2,2024-12-03,0R,pAMR0,2,S2500522,S2500522,3,2025-01-07,0R,pAMR0,35,0,future_no_significant_rejection,1,0.48370136757875287
time_only,pair_000116,patient_1f1d5d53d578938e,S2434919,S2434919,2,2024-12-03,0R,pAMR0,2,S2503983,S2503983,4,2025-02-11,0R,pAMR0,70,0,future_no_significant_rejection,1,0.4937015182595153
time_only,pair_000117,patient_1f1d5d53d578938e,S2434919,S2434919,2,2024-12-03,0R,pAMR0,2,S2507799,S2507799,5,2025-03-18,0R,pAMR0,105,0,future_no_significant_rejection,1,0.4996052850688522
time_only,pair_000118,patient_1f1d5d53d578938e,S2434919,S2434919,2,2024-12-03,0R,pAMR0,2,S2511859,S2511859,6,2025-04-22,0R,pAMR0,140,0,future_no_significant_rejection,1,0.5038086392576772
time_only,pair_000119,patient_1f1d5d53d578938e,S2434919,S2434919,2,2024-12-03,0R,pAMR0,2,S2522980,S2522980,7,2025-07-29,0R,pAMR0,238,0,future_no_significant_rejection,1,0.5115809232507132
time_only,pair_000120,patient_1f1d5d53d578938e,S2500522,S2500522,3,2025-01-07,0R,pAMR0,7,S2503983,S2503983,4,2025-02-11,0R,pAMR0,35,0,future_no_significant_rejection,1,0.48370136757875287
time_only,pair_000121,patient_1f1d5d53d578938e,S2500522,S2500522,3,2025-01-07,0R,pAMR0,7,S2507799,S2507799,5,2025-03-18,0R,pAMR0,70,0,future_no_significant_rejection,1,0.4937015182595153
time_only,pair_000122,patient_1f1d5d53d578938e,S2500522,S2500522,3,2025-01-07,0R,pAMR0,7,S2511859,S2511859,6,2025-04-22,0R,pAMR0,105,0,future_no_significant_rejection,1,0.4996052850688522
time_only,pair_000123,patient_1f1d5d53d578938e,S2500522,S2500522,3,2025-01-07,0R,pAMR0,7,S2522980,S2522980,7,2025-07-29,0R,pAMR0,203,0,future_no_significant_rejection,1,0.5092491768695206
time_only,pair_000124,patient_1f1d5d53d578938e,S2503983,S2503983,4,2025-02-11,0R,pAMR0,2,S2507799,S2507799,5,2025-03-18,0R,pAMR0,35,0,future_no_significant_rejection,1,0.48370136757875287
time_only,pair_000125,patient_1f1d5d53d578938e,S2503983,S2503983,4,2025-02-11,0R,pAMR0,2,S2511859,S2511859,6,2025-04-22,0R,pAMR0,70,0,future_no_significant_rejection,1,0.4937015182595153
time_only,pair_000126,patient_1f1d5d53d578938e,S2503983,S2503983,4,2025-02-11,0R,pAMR0,2,S2522980,S2522980,7,2025-07-29,0R,pAMR0,168,0,future_no_significant_rejection,1,0.506476939803158
time_only,pair_000127,patient_1f1d5d53d578938e,S2507799,S2507799,5,2025-03-18,0R,pAMR0,1,S2511859,S2511859,6,2025-04-22,0R,pAMR0,35,0,future_no_significant_rejection,1,0.48370136757875287
time_only,pair_000128,patient_1f1d5d53d578938e,S2507799,S2507799,5,2025-03-18,0R,pAMR0,1,S2522980,S2522980,7,2025-07-29,0R,pAMR0,133,0,future_no_significant_rejection,1,0.5030585053744006
time_only,pair_000129,patient_1f1d5d53d578938e,S2511859,S2511859,6,2025-04-22,0R,pAMR0,1,S2522980,S2522980,7,2025-07-29,0R,pAMR0,98,0,future_no_significant_rejection,1,0.4985987899263329
time_only,pair_000152,patient_23ee3df4f656b033,S2154954,S2154954,1,2021-12-20,0R,pAMR0,1,S2202563,S2202563,2,2022-01-18,0R,pAMR0,29,0,future_no_significant_rejection,1,0.48101870371273175
time_only,pair_000153,patient_23ee3df4f656b033,S2154954,S2154954,1,2021-12-20,0R,pAMR0,1,S2207352,S2207352,3,2022-02-22,0R,pAMR0,64,0,future_no_significant_rejection,1,0.49240101816724674
time_only,pair_000154,patient_23ee3df4f656b033,S2154954,S2154954,1,2021-12-20,0R,pAMR0,1,S2213276,S2213276,4,2022-04-05,0R,pAMR0,106,0,future_no_significant_rejection,1,0.4997436173616005
time_only,pair_000155,patient_23ee3df4f656b033,S2154954,S2154954,1,2021-12-20,0R,pAMR0,1,S2222064,S2222064,5,2022-05-31,1R,pAMR0,162,0,future_no_significant_rejection,1,0.5059444717269496
time_only,pair_000156,patient_23ee3df4f656b033,S2154954,S2154954,1,2021-12-20,0R,pAMR0,1,S2234198,S2234198,6,2022-08-16,0R,pAMR0,239,0,future_no_significant_rejection,1,0.5116424028464911
time_only,pair_000157,patient_23ee3df4f656b033,S2154954,S2154954,1,2021-12-20,0R,pAMR0,1,S2248986,S2248986,7,2022-11-22,0R,pAMR0,337,0,future_no_significant_rejection,1,0.5166827506447109
time_only,pair_000158,patient_23ee3df4f656b033,S2202563,S2202563,2,2022-01-18,0R,pAMR0,1,S2207352,S2207352,3,2022-02-22,0R,pAMR0,35,0,future_no_significant_rejection,1,0.48370136757875287
time_only,pair_000159,patient_23ee3df4f656b033,S2202563,S2202563,2,2022-01-18,0R,pAMR0,1,S2213276,S2213276,4,2022-04-05,0R,pAMR0,77,0,future_no_significant_rejection,1,0.4950866047356783
time_only,pair_000160,patient_23ee3df4f656b033,S2202563,S2202563,2,2022-01-18,0R,pAMR0,1,S2222064,S2222064,5,2022-05-31,1R,pAMR0,133,0,future_no_significant_rejection,1,0.5030585053744006
time_only,pair_000161,patient_23ee3df4f656b033,S2202563,S2202563,2,2022-01-18,0R,pAMR0,1,S2234198,S2234198,6,2022-08-16,0R,pAMR0,210,0,future_no_significant_rejection,1,0.5097460374526992
time_only,pair_000162,patient_23ee3df4f656b033,S2202563,S2202563,2,2022-01-18,0R,pAMR0,1,S2248986,S2248986,7,2022-11-22,0R,pAMR0,308,0,future_no_significant_rejection,1,0.5153625543108354
time_only,pair_000163,patient_23ee3df4f656b033,S2207352,S2207352,3,2022-02-22,0R,pAMR0,1,S2213276,S2213276,4,2022-04-05,0R,pAMR0,42,0,future_no_significant_rejection,1,0.4863166586809092
time_only,pair_000164,patient_23ee3df4f656b033,S2207352,S2207352,3,2022-02-22,0R,pAMR0,1,S2222064,S2222064,5,2022-05-31,1R,pAMR0,98,0,future_no_significant_rejection,1,0.4985987899263329
time_only,pair_000165,patient_23ee3df4f656b033,S2207352,S2207352,3,2022-02-22,0R,pAMR0,1,S2234198,S2234198,6,2022-08-16,0R,pAMR0,175,0,future_no_significant_rejection,1,0.5070747439318911
time_only,pair_000166,patient_23ee3df4f656b033,S2207352,S2207352,3,2022-02-22,0R,pAMR0,1,S2248986,S2248986,7,2022-11-22,0R,pAMR0,273,0,future_no_significant_rejection,1,0.5135930260676559
time_only,pair_000167,patient_23ee3df4f656b033,S2213276,S2213276,4,2022-04-05,0R,pAMR0,1,S2222064,S2222064,5,2022-05-31,1R,pAMR0,56,0,future_no_significant_rejection,1,0.49046670878708254
time_only,pair_000168,patient_23ee3df4f656b033,S2213276,S2213276,4,2022-04-05,0R,pAMR0,1,S2234198,S2234198,6,2022-08-16,0R,pAMR0,133,0,future_no_significant_rejection,1,0.5030585053744006
time_only,pair_000169,patient_23ee3df4f656b033,S2213276,S2213276,4,2022-04-05,0R,pAMR0,1,S2248986,S2248986,7,2022-11-22,0R,pAMR0,231,0,future_no_significant_rejection,1,0.511143214794984
time_only,pair_000170,patient_23ee3df4f656b033,S2222064,S2222064,5,2022-05-31,1R,pAMR0,1,S2234198,S2234198,6,2022-08-16,0R,pAMR0,77,0,future_no_significant_rejection,1,0.4950866047356783
time_only,pair_000171,patient_23ee3df4f656b033,S2222064,S2222064,5,2022-05-31,1R,pAMR0,1,S2248986,S2248986,7,2022-11-22,0R,pAMR0,175,0,future_no_significant_rejection,1,0.5070747439318911
time_only,pair_000172,patient_23ee3df4f656b033,S2234198,S2234198,6,2022-08-16,0R,pAMR0,1,S2248986,S2248986,7,2022-11-22,0R,pAMR0,98,0,future_no_significant_rejection,1,0.4985987899263329
time_only,pair_000173,patient_26f6ecd90ed41f9d,S2227604,S2227604,1,2022-07-05,1R,pAMR0,3,S2243826,S2243826,2,2022-10-19,1R,pAMR0,106,0,future_no_significant_rejection,1,0.4997436173616005
time_only,pair_000174,patient_26f6ecd90ed41f9d,S2227604,S2227604,1,2022-07-05,1R,pAMR0,3,S2302643,S2302643,3,2023-01-17,1R,pAMR0,196,0,future_no_significant_rejection,1,0.5087349468373745
time_only,pair_000175,patient_26f6ecd90ed41f9d,S2227604,S2227604,1,2022-07-05,1R,pAMR0,3,S2310080,S2310080,4,2023-03-07,0R,pAMR0,245,0,future_no_significant_rejection,1,0.5120059780509514
time_only,pair_000176,patient_26f6ecd90ed41f9d,S2227604,S2227604,1,2022-07-05,1R,pAMR0,3,S2323107,S2323107,5,2023-05-30,0R,pAMR0,329,0,future_no_significant_rejection,1,0.5163302492271918
time_only,pair_000177,patient_26f6ecd90ed41f9d,S2243826,S2243826,2,2022-10-19,1R,pAMR0,1,S2302643,S2302643,3,2023-01-17,1R,pAMR0,90,0,future_no_significant_rejection,1,0.49735746327425956
time_only,pair_000178,patient_26f6ecd90ed41f9d,S2243826,S2243826,2,2022-10-19,1R,pAMR0,1,S2310080,S2310080,4,2023-03-07,0R,pAMR0,139,0,future_no_significant_rejection,1,0.5037037885959643
time_only,pair_000179,patient_26f6ecd90ed41f9d,S2243826,S2243826,2,2022-10-19,1R,pAMR0,1,S2323107,S2323107,5,2023-05-30,0R,pAMR0,223,0,future_no_significant_rejection,1,0.5106264844416399
time_only,pair_000180,patient_26f6ecd90ed41f9d,S2302643,S2302643,3,2023-01-17,1R,pAMR0,7,S2310080,S2310080,4,2023-03-07,0R,pAMR0,49,0,future_no_significant_rejection,1,0.4885372161482918
time_only,pair_000181,patient_26f6ecd90ed41f9d,S2302643,S2302643,3,2023-01-17,1R,pAMR0,7,S2323107,S2323107,5,2023-05-30,0R,pAMR0,133,0,future_no_significant_rejection,1,0.5030585053744006
time_only,pair_000182,patient_26f6ecd90ed41f9d,S2310080,S2310080,4,2023-03-07,0R,pAMR0,5,S2323107,S2323107,5,2023-05-30,0R,pAMR0,84,0,future_no_significant_rejection,1,0.49635263983379285
time_only,pair_000183,patient_2999b7afa4f16b6d,S2108730,S2108730,1,2021-03-02,0R,pAMR0,1,S2130897,S2130897,2,2021-07-20,0R,pAMR0,140,0,future_no_significant_rejection,1,0.5038086392576772
time_only,pair_000184,patient_2999b7afa4f16b6d,S2108730,S2108730,1,2021-03-02,0R,pAMR0,1,S2143767,S2143767,3,2021-10-12,1R,pAMR0,224,0,future_no_significant_rejection,1,0.5106920773862104
time_only,pair_000185,patient_2999b7afa4f16b6d,S2130897,S2130897,2,2021-07-20,0R,pAMR0,1,S2143767,S2143767,3,2021-10-12,1R,pAMR0,84,0,future_no_significant_rejection,1,0.49635263983379285
time_only,pair_000230,patient_30b34f698447ae86,S2202564,S2202564,1,2022-01-18,0R,pAMR0,1,S2206288,S2206288,2,2022-02-15,0R,pAMR0,28,0,future_no_significant_rejection,1,0.48051999517441435
time_only,pair_000231,patient_30b34f698447ae86,S2202564,S2202564,1,2022-01-18,0R,pAMR0,1,S2209232,S2209232,3,2022-03-08,0R,pAMR0,49,0,future_no_significant_rejection,1,0.4885372161482918
time_only,pair_000232,patient_30b34f698447ae86,S2202564,S2202564,1,2022-01-18,0R,pAMR0,1,S2214324,S2214324,4,2022-04-12,0R,pAMR0,84,0,future_no_significant_rejection,1,0.49635263983379285
time_only,pair_000233,patient_30b34f698447ae86,S2202564,S2202564,1,2022-01-18,0R,pAMR0,1,S2220927,S2220927,5,2022-05-24,0R,pAMR0,126,0,future_no_significant_rejection,1,0.502268100777338
time_only,pair_000234,patient_30b34f698447ae86,S2202564,S2202564,1,2022-01-18,0R,pAMR0,1,S2227621,S2227621,6,2022-07-05,1R,pAMR0,168,0,future_no_significant_rejection,1,0.506476939803158
time_only,pair_000235,patient_30b34f698447ae86,S2202564,S2202564,1,2022-01-18,0R,pAMR0,1,S2241564,S2241564,7,2022-10-04,1R,pAMR0,259,0,future_no_significant_rejection,1,0.5128209087592088
time_only,pair_000236,patient_30b34f698447ae86,S2202564,S2202564,1,2022-01-18,0R,pAMR0,1,S2300331,S2300331,8,2023-01-03,0R,pAMR0,350,0,future_no_significant_rejection,1,0.5172381121919687
time_only,pair_000237,patient_30b34f698447ae86,S2202564,S2202564,1,2022-01-18,0R,pAMR0,1,S2326330,S2326330,9,2023-06-20,0R,pAMR0,518,0,future_no_significant_rejection,1,0.5229907808329172
time_only,pair_000238,patient_30b34f698447ae86,S2206288,S2206288,2,2022-02-15,0R,pAMR0,2,S2209232,S2209232,3,2022-03-08,0R,pAMR0,21,0,future_no_significant_rejection,1,0.4764577065707534
time_only,pair_000239,patient_30b34f698447ae86,S2206288,S2206288,2,2022-02-15,0R,pAMR0,2,S2214324,S2214324,4,2022-04-12,0R,pAMR0,56,0,future_no_significant_rejection,1,0.49046670878708254
time_only,pair_000240,patient_30b34f698447ae86,S2206288,S2206288,2,2022-02-15,0R,pAMR0,2,S2220927,S2220927,5,2022-05-24,0R,pAMR0,98,0,future_no_significant_rejection,1,0.4985987899263329
time_only,pair_000241,patient_30b34f698447ae86,S2206288,S2206288,2,2022-02-15,0R,pAMR0,2,S2227621,S2227621,6,2022-07-05,1R,pAMR0,140,0,future_no_significant_rejection,1,0.5038086392576772
time_only,pair_000242,patient_30b34f698447ae86,S2206288,S2206288,2,2022-02-15,0R,pAMR0,2,S2241564,S2241564,7,2022-10-04,1R,pAMR0,231,0,future_no_significant_rejection,1,0.511143214794984
time_only,pair_000243,patient_30b34f698447ae86,S2206288,S2206288,2,2022-02-15,0R,pAMR0,2,S2300331,S2300331,8,2023-01-03,0R,pAMR0,322,0,future_no_significant_rejection,1,0.516014714575686
time_only,pair_000244,patient_30b34f698447ae86,S2206288,S2206288,2,2022-02-15,0R,pAMR0,2,S2326330,S2326330,9,2023-06-20,0R,pAMR0,490,0,future_no_significant_rejection,1,0.522175398733927
time_only,pair_000245,patient_30b34f698447ae86,S2209232,S2209232,3,2022-03-08,0R,pAMR0,1,S2214324,S2214324,4,2022-04-12,0R,pAMR0,35,0,future_no_significant_rejection,1,0.48370136757875287
time_only,pair_000246,patient_30b34f698447ae86,S2209232,S2209232,3,2022-03-08,0R,pAMR0,1,S2220927,S2220927,5,2022-05-24,0R,pAMR0,77,0,future_no_significant_rejection,1,0.4950866047356783
time_only,pair_000247,patient_30b34f698447ae86,S2209232,S2209232,3,2022-03-08,0R,pAMR0,1,S2227621,S2227621,6,2022-07-05,1R,pAMR0,119,0,future_no_significant_rejection,1,0.5014328603219114
time_only,pair_000248,patient_30b34f698447ae86,S2209232,S2209232,3,2022-03-08,0R,pAMR0,1,S2241564,S2241564,7,2022-10-04,1R,pAMR0,210,0,future_no_significant_rejection,1,0.5097460374526992
time_only,pair_000249,patient_30b34f698447ae86,S2209232,S2209232,3,2022-03-08,0R,pAMR0,1,S2300331,S2300331,8,2023-01-03,0R,pAMR0,301,0,future_no_significant_rejection,1,0.5150252865976072
time_only,pair_000250,patient_30b34f698447ae86,S2209232,S2209232,3,2022-03-08,0R,pAMR0,1,S2326330,S2326330,9,2023-06-20,0R,pAMR0,469,0,future_no_significant_rejection,1,0.5215326596692791
time_only,pair_000251,patient_30b34f698447ae86,S2214324,S2214324,4,2022-04-12,0R,pAMR0,1,S2220927,S2220927,5,2022-05-24,0R,pAMR0,42,0,future_no_significant_rejection,1,0.4863166586809092
time_only,pair_000252,patient_30b34f698447ae86,S2214324,S2214324,4,2022-04-12,0R,pAMR0,1,S2227621,S2227621,6,2022-07-05,1R,pAMR0,84,0,future_no_significant_rejection,1,0.49635263983379285
time_only,pair_000253,patient_30b34f698447ae86,S2214324,S2214324,4,2022-04-12,0R,pAMR0,1,S2241564,S2241564,7,2022-10-04,1R,pAMR0,175,0,future_no_significant_rejection,1,0.5070747439318911
time_only,pair_000254,patient_30b34f698447ae86,S2214324,S2214324,4,2022-04-12,0R,pAMR0,1,S2300331,S2300331,8,2023-01-03,0R,pAMR0,266,0,future_no_significant_rejection,1,0.5132120365660126
time_only,pair_000255,patient_30b34f698447ae86,S2214324,S2214324,4,2022-04-12,0R,pAMR0,1,S2326330,S2326330,9,2023-06-20,0R,pAMR0,434,0,future_no_significant_rejection,1,0.5203945817491162
time_only,pair_000256,patient_30b34f698447ae86,S2220927,S2220927,5,2022-05-24,0R,pAMR0,1,S2227621,S2227621,6,2022-07-05,1R,pAMR0,42,0,future_no_significant_rejection,1,0.4863166586809092
time_only,pair_000257,patient_30b34f698447ae86,S2220927,S2220927,5,2022-05-24,0R,pAMR0,1,S2241564,S2241564,7,2022-10-04,1R,pAMR0,133,0,future_no_significant_rejection,1,0.5030585053744006
time_only,pair_000258,patient_30b34f698447ae86,S2220927,S2220927,5,2022-05-24,0R,pAMR0,1,S2300331,S2300331,8,2023-01-03,0R,pAMR0,224,0,future_no_significant_rejection,1,0.5106920773862104
time_only,pair_000259,patient_30b34f698447ae86,S2220927,S2220927,5,2022-05-24,0R,pAMR0,1,S2326330,S2326330,9,2023-06-20,0R,pAMR0,392,0,future_no_significant_rejection,1,0.5189010290019173
time_only,pair_000260,patient_30b34f698447ae86,S2227621,S2227621,6,2022-07-05,1R,pAMR0,1,S2241564,S2241564,7,2022-10-04,1R,pAMR0,91,0,future_no_significant_rejection,1,0.49751846925210486
time_only,pair_000261,patient_30b34f698447ae86,S2227621,S2227621,6,2022-07-05,1R,pAMR0,1,S2300331,S2300331,8,2023-01-03,0R,pAMR0,182,0,future_no_significant_rejection,1,0.5076492102933853
time_only,pair_000262,patient_30b34f698447ae86,S2227621,S2227621,6,2022-07-05,1R,pAMR0,1,S2326330,S2326330,9,2023-06-20,0R,pAMR0,350,0,future_no_significant_rejection,1,0.5172381121919687
time_only,pair_000263,patient_30b34f698447ae86,S2241564,S2241564,7,2022-10-04,1R,pAMR0,1,S2300331,S2300331,8,2023-01-03,0R,pAMR0,91,0,future_no_significant_rejection,1,0.49751846925210486
time_only,pair_000264,patient_30b34f698447ae86,S2241564,S2241564,7,2022-10-04,1R,pAMR0,1,S2326330,S2326330,9,2023-06-20,0R,pAMR0,259,0,future_no_significant_rejection,1,0.5128209087592088
time_only,pair_000265,patient_30b34f698447ae86,S2300331,S2300331,8,2023-01-03,0R,pAMR0,2,S2326330,S2326330,9,2023-06-20,0R,pAMR0,168,0,future_no_significant_rejection,1,0.506476939803158
time_only,pair_000362,patient_441646021a546773,S2208362,S2208362,1,2022-03-02,0R,pAMR0,1,S2210206,S2210206,2,2022-03-15,0R,pAMR0,13,0,future_no_significant_rejection,1,0.46981824990324894
time_only,pair_000363,patient_441646021a546773,S2208362,S2208362,1,2022-03-02,0R,pAMR0,1,S2215454,S2215454,3,2022-04-19,0R,pAMR0,48,0,future_no_significant_rejection,1,0.48823974458497893
time_only,pair_000364,patient_441646021a546773,S2208362,S2208362,1,2022-03-02,0R,pAMR0,1,S2219753,S2219753,4,2022-05-17,0R,pAMR0,76,0,future_no_significant_rejection,1,0.4948965271449497
time_only,pair_000365,patient_441646021a546773,S2208362,S2208362,1,2022-03-02,0R,pAMR0,1,S2226370,S2226370,5,2022-06-28,0R,pAMR0,118,0,future_no_significant_rejection,1,0.5013095777916098
time_only,pair_000366,patient_441646021a546773,S2208362,S2208362,1,2022-03-02,0R,pAMR0,1,S2235315,S2235315,6,2022-08-23,0R,pAMR0,174,0,future_no_significant_rejection,1,0.5069908156557802
time_only,pair_000367,patient_441646021a546773,S2208362,S2208362,1,2022-03-02,0R,pAMR0,1,S2248988,S2248988,7,2022-11-22,0R,pAMR0,265,0,future_no_significant_rejection,1,0.5131567943110394
time_only,pair_000368,patient_441646021a546773,S2208362,S2208362,1,2022-03-02,0R,pAMR0,1,S2306850,S2306850,8,2023-02-14,0R,pAMR0,349,0,future_no_significant_rejection,1,0.5171961297984614
time_only,pair_000369,patient_441646021a546773,S2208362,S2208362,1,2022-03-02,0R,pAMR0,1,S2322861,S2322861,9,2023-05-26,0R,pAMR0,450,0,future_no_significant_rejection,1,0.5209258226118516
time_only,pair_000370,patient_441646021a546773,S2210206,S2210206,2,2022-03-15,0R,pAMR0,1,S2215454,S2215454,3,2022-04-19,0R,pAMR0,35,0,future_no_significant_rejection,1,0.48370136757875287
time_only,pair_000371,patient_441646021a546773,S2210206,S2210206,2,2022-03-15,0R,pAMR0,1,S2219753,S2219753,4,2022-05-17,0R,pAMR0,63,0,future_no_significant_rejection,1,0.49217266039675694
time_only,pair_000372,patient_441646021a546773,S2210206,S2210206,2,2022-03-15,0R,pAMR0,1,S2226370,S2226370,5,2022-06-28,0R,pAMR0,105,0,future_no_significant_rejection,1,0.4996052850688522
time_only,pair_000373,patient_441646021a546773,S2210206,S2210206,2,2022-03-15,0R,pAMR0,1,S2235315,S2235315,6,2022-08-23,0R,pAMR0,161,0,future_no_significant_rejection,1,0.5058538238316267
time_only,pair_000374,patient_441646021a546773,S2210206,S2210206,2,2022-03-15,0R,pAMR0,1,S2248988,S2248988,7,2022-11-22,0R,pAMR0,252,0,future_no_significant_rejection,1,0.5124190892456877
time_only,pair_000375,patient_441646021a546773,S2210206,S2210206,2,2022-03-15,0R,pAMR0,1,S2306850,S2306850,8,2023-02-14,0R,pAMR0,336,0,future_no_significant_rejection,1,0.5166391478593695
time_only,pair_000376,patient_441646021a546773,S2210206,S2210206,2,2022-03-15,0R,pAMR0,1,S2322861,S2322861,9,2023-05-26,0R,pAMR0,437,0,future_no_significant_rejection,1,0.5204956656841914
time_only,pair_000377,patient_441646021a546773,S2215454,S2215454,3,2022-04-19,0R,pAMR0,1,S2219753,S2219753,4,2022-05-17,0R,pAMR0,28,0,future_no_significant_rejection,1,0.48051999517441435
time_only,pair_000378,patient_441646021a546773,S2215454,S2215454,3,2022-04-19,0R,pAMR0,1,S2226370,S2226370,5,2022-06-28,0R,pAMR0,70,0,future_no_significant_rejection,1,0.4937015182595153
time_only,pair_000379,patient_441646021a546773,S2215454,S2215454,3,2022-04-19,0R,pAMR0,1,S2235315,S2235315,6,2022-08-23,0R,pAMR0,126,0,future_no_significant_rejection,1,0.502268100777338
time_only,pair_000380,patient_441646021a546773,S2215454,S2215454,3,2022-04-19,0R,pAMR0,1,S2248988,S2248988,7,2022-11-22,0R,pAMR0,217,0,future_no_significant_rejection,1,0.5102266622320902
time_only,pair_000381,patient_441646021a546773,S2215454,S2215454,3,2022-04-19,0R,pAMR0,1,S2306850,S2306850,8,2023-02-14,0R,pAMR0,301,0,future_no_significant_rejection,1,0.5150252865976072
time_only,pair_000382,patient_441646021a546773,S2215454,S2215454,3,2022-04-19,0R,pAMR0,1,S2322861,S2322861,9,2023-05-26,0R,pAMR0,402,0,future_no_significant_rejection,1,0.519270667054296
time_only,pair_000383,patient_441646021a546773,S2219753,S2219753,4,2022-05-17,0R,pAMR0,1,S2226370,S2226370,5,2022-06-28,0R,pAMR0,42,0,future_no_significant_rejection,1,0.4863166586809092
time_only,pair_000384,patient_441646021a546773,S2219753,S2219753,4,2022-05-17,0R,pAMR0,1,S2235315,S2235315,6,2022-08-23,0R,pAMR0,98,0,future_no_significant_rejection,1,0.4985987899263329
time_only,pair_000385,patient_441646021a546773,S2219753,S2219753,4,2022-05-17,0R,pAMR0,1,S2248988,S2248988,7,2022-11-22,0R,pAMR0,189,0,future_no_significant_rejection,1,0.508202090694376
time_only,pair_000386,patient_441646021a546773,S2219753,S2219753,4,2022-05-17,0R,pAMR0,1,S2306850,S2306850,8,2023-02-14,0R,pAMR0,273,0,future_no_significant_rejection,1,0.5135930260676559
time_only,pair_000387,patient_441646021a546773,S2219753,S2219753,4,2022-05-17,0R,pAMR0,1,S2322861,S2322861,9,2023-05-26,0R,pAMR0,374,0,future_no_significant_rejection,1,0.5182112779767083
time_only,pair_000388,patient_441646021a546773,S2226370,S2226370,5,2022-06-28,0R,pAMR0,1,S2235315,S2235315,6,2022-08-23,0R,pAMR0,56,0,future_no_significant_rejection,1,0.49046670878708254
time_only,pair_000389,patient_441646021a546773,S2226370,S2226370,5,2022-06-28,0R,pAMR0,1,S2248988,S2248988,7,2022-11-22,0R,pAMR0,147,0,future_no_significant_rejection,1,0.5045224040244292
time_only,pair_000390,patient_441646021a546773,S2226370,S2226370,5,2022-06-28,0R,pAMR0,1,S2306850,S2306850,8,2023-02-14,0R,pAMR0,231,0,future_no_significant_rejection,1,0.511143214794984
time_only,pair_000391,patient_441646021a546773,S2226370,S2226370,5,2022-06-28,0R,pAMR0,1,S2322861,S2322861,9,2023-05-26,0R,pAMR0,332,0,future_no_significant_rejection,1,0.5164634306222169
time_only,pair_000392,patient_441646021a546773,S2235315,S2235315,6,2022-08-23,0R,pAMR0,1,S2248988,S2248988,7,2022-11-22,0R,pAMR0,91,0,future_no_significant_rejection,1,0.49751846925210486
time_only,pair_000393,patient_441646021a546773,S2235315,S2235315,6,2022-08-23,0R,pAMR0,1,S2306850,S2306850,8,2023-02-14,0R,pAMR0,175,0,future_no_significant_rejection,1,0.5070747439318911
time_only,pair_000394,patient_441646021a546773,S2235315,S2235315,6,2022-08-23,0R,pAMR0,1,S2322861,S2322861,9,2023-05-26,0R,pAMR0,276,0,future_no_significant_rejection,1,0.5137533318622507
time_only,pair_000395,patient_441646021a546773,S2248988,S2248988,7,2022-11-22,0R,pAMR0,1,S2306850,S2306850,8,2023-02-14,0R,pAMR0,84,0,future_no_significant_rejection,1,0.49635263983379285
time_only,pair_000396,patient_441646021a546773,S2248988,S2248988,7,2022-11-22,0R,pAMR0,1,S2322861,S2322861,9,2023-05-26,0R,pAMR0,185,0,future_no_significant_rejection,1,0.507888707118594
time_only,pair_000397,patient_441646021a546773,S2306850,S2306850,8,2023-02-14,0R,pAMR0,1,S2322861,S2322861,9,2023-05-26,0R,pAMR0,101,0,future_no_significant_rejection,1,0.4990385898721484
time_only,pair_000407,patient_4a2bd6cb3f9d710c,S2306848,S2306848,1,2023-02-14,0R,pAMR0,1,S2310074,S2310074,2,2023-03-07,0R,pAMR0,21,0,future_no_significant_rejection,1,0.4764577065707534
time_only,pair_000408,patient_4a2bd6cb3f9d710c,S2306848,S2306848,1,2023-02-14,0R,pAMR0,1,S2315838,S2315838,3,2023-04-11,1R,pAMR0,56,0,future_no_significant_rejection,1,0.49046670878708254
time_only,pair_000409,patient_4a2bd6cb3f9d710c,S2306848,S2306848,1,2023-02-14,0R,pAMR0,1,S2323104,S2323104,4,2023-05-30,0R,pAMR0,105,0,future_no_significant_rejection,1,0.4996052850688522
time_only,pair_000410,patient_4a2bd6cb3f9d710c,S2306848,S2306848,1,2023-02-14,0R,pAMR0,1,S2406755,S2406755,5,2024-02-13,0R,pAMR0,364,0,future_no_significant_rejection,1,0.517813600604676
time_only,pair_000411,patient_4a2bd6cb3f9d710c,S2310074,S2310074,2,2023-03-07,0R,pAMR0,1,S2315838,S2315838,3,2023-04-11,1R,pAMR0,35,0,future_no_significant_rejection,1,0.48370136757875287
time_only,pair_000412,patient_4a2bd6cb3f9d710c,S2310074,S2310074,2,2023-03-07,0R,pAMR0,1,S2323104,S2323104,4,2023-05-30,0R,pAMR0,84,0,future_no_significant_rejection,1,0.49635263983379285
time_only,pair_000413,patient_4a2bd6cb3f9d710c,S2310074,S2310074,2,2023-03-07,0R,pAMR0,1,S2406755,S2406755,5,2024-02-13,0R,pAMR0,343,0,future_no_significant_rejection,1,0.5169416833765115
time_only,pair_000414,patient_4a2bd6cb3f9d710c,S2315838,S2315838,3,2023-04-11,1R,pAMR0,2,S2323104,S2323104,4,2023-05-30,0R,pAMR0,49,0,future_no_significant_rejection,1,0.4885372161482918
time_only,pair_000415,patient_4a2bd6cb3f9d710c,S2315838,S2315838,3,2023-04-11,1R,pAMR0,2,S2406755,S2406755,5,2024-02-13,0R,pAMR0,308,0,future_no_significant_rejection,1,0.5153625543108354
time_only,pair_000416,patient_4a2bd6cb3f9d710c,S2323104,S2323104,4,2023-05-30,0R,pAMR0,6,S2406755,S2406755,5,2024-02-13,0R,pAMR0,259,0,future_no_significant_rejection,1,0.5128209087592088
time_only,pair_000429,patient_4ab30837cfd3692a,S2415689,S2415689,1,2024-05-28,1R,pAMR0,3,S2417717,S2417717,2,2024-06-18,0R,pAMR0,21,0,future_no_significant_rejection,1,0.4764577065707534
time_only,pair_000430,patient_4ab30837cfd3692a,S2415689,S2415689,1,2024-05-28,1R,pAMR0,3,S2433346,S2433346,3,2024-11-19,1R,pAMR0,175,0,future_no_significant_rejection,1,0.5070747439318911
time_only,pair_000431,patient_4ab30837cfd3692a,S2415689,S2415689,1,2024-05-28,1R,pAMR0,3,S2505506,S2505506,4,2025-02-25,0R,pAMR0,273,0,future_no_significant_rejection,1,0.5135930260676559
time_only,pair_000432,patient_4ab30837cfd3692a,S2417717,S2417717,2,2024-06-18,0R,pAMR0,2,S2433346,S2433346,3,2024-11-19,1R,pAMR0,154,0,future_no_significant_rejection,1,0.5052031604038506
time_only,pair_000433,patient_4ab30837cfd3692a,S2417717,S2417717,2,2024-06-18,0R,pAMR0,2,S2505506,S2505506,4,2025-02-25,0R,pAMR0,252,0,future_no_significant_rejection,1,0.5124190892456877
time_only,pair_000434,patient_4ab30837cfd3692a,S2433346,S2433346,3,2024-11-19,1R,pAMR0,2,S2505506,S2505506,4,2025-02-25,0R,pAMR0,98,0,future_no_significant_rejection,1,0.4985987899263329
time_only,pair_000435,patient_4af3110fd801b611,S2345468,S2345468,1,2023-10-24,0R,pAMR0,1,S2353995,S2353995,2,2023-12-19,0R,pAMR0,56,0,future_no_significant_rejection,1,0.49046670878708254
time_only,pair_000436,patient_4af3110fd801b611,S2345468,S2345468,1,2023-10-24,0R,pAMR0,1,S2402481,S2402481,3,2024-01-16,0R,pAMR0,84,0,future_no_significant_rejection,1,0.49635263983379285
time_only,pair_000437,patient_4af3110fd801b611,S2345468,S2345468,1,2023-10-24,0R,pAMR0,1,S2408486,S2408486,4,2024-02-27,0R,pAMR0,126,0,future_no_significant_rejection,1,0.502268100777338
time_only,pair_000438,patient_4af3110fd801b611,S2345468,S2345468,1,2023-10-24,0R,pAMR0,1,S2412060,S2412060,5,2024-04-16,0R,pAMR0,175,0,future_no_significant_rejection,1,0.5070747439318911
time_only,pair_000439,patient_4af3110fd801b611,S2345468,S2345468,1,2023-10-24,0R,pAMR0,1,S2420602,S2420602,6,2024-07-16,0R,pAMR0,266,0,future_no_significant_rejection,1,0.5132120365660126
time_only,pair_000440,patient_4af3110fd801b611,S2345468,S2345468,1,2023-10-24,0R,pAMR0,1,S2429676,S2429676,7,2024-10-15,0R,pAMR0,357,0,future_no_significant_rejection,1,0.5175286755305221
time_only,pair_000441,patient_4af3110fd801b611,S2353995,S2353995,2,2023-12-19,0R,pAMR0,1,S2402481,S2402481,3,2024-01-16,0R,pAMR0,28,0,future_no_significant_rejection,1,0.48051999517441435
time_only,pair_000442,patient_4af3110fd801b611,S2353995,S2353995,2,2023-12-19,0R,pAMR0,1,S2408486,S2408486,4,2024-02-27,0R,pAMR0,70,0,future_no_significant_rejection,1,0.4937015182595153
time_only,pair_000443,patient_4af3110fd801b611,S2353995,S2353995,2,2023-12-19,0R,pAMR0,1,S2412060,S2412060,5,2024-04-16,0R,pAMR0,119,0,future_no_significant_rejection,1,0.5014328603219114
time_only,pair_000444,patient_4af3110fd801b611,S2353995,S2353995,2,2023-12-19,0R,pAMR0,1,S2420602,S2420602,6,2024-07-16,0R,pAMR0,210,0,future_no_significant_rejection,1,0.5097460374526992
time_only,pair_000445,patient_4af3110fd801b611,S2353995,S2353995,2,2023-12-19,0R,pAMR0,1,S2429676,S2429676,7,2024-10-15,0R,pAMR0,301,0,future_no_significant_rejection,1,0.5150252865976072
time_only,pair_000446,patient_4af3110fd801b611,S2402481,S2402481,3,2024-01-16,0R,pAMR0,1,S2408486,S2408486,4,2024-02-27,0R,pAMR0,42,0,future_no_significant_rejection,1,0.4863166586809092
time_only,pair_000447,patient_4af3110fd801b611,S2402481,S2402481,3,2024-01-16,0R,pAMR0,1,S2412060,S2412060,5,2024-04-16,0R,pAMR0,91,0,future_no_significant_rejection,1,0.49751846925210486
time_only,pair_000448,patient_4af3110fd801b611,S2402481,S2402481,3,2024-01-16,0R,pAMR0,1,S2420602,S2420602,6,2024-07-16,0R,pAMR0,182,0,future_no_significant_rejection,1,0.5076492102933853
time_only,pair_000449,patient_4af3110fd801b611,S2402481,S2402481,3,2024-01-16,0R,pAMR0,1,S2429676,S2429676,7,2024-10-15,0R,pAMR0,273,0,future_no_significant_rejection,1,0.5135930260676559
time_only,pair_000450,patient_4af3110fd801b611,S2408486,S2408486,4,2024-02-27,0R,pAMR0,1,S2412060,S2412060,5,2024-04-16,0R,pAMR0,49,0,future_no_significant_rejection,1,0.4885372161482918
time_only,pair_000451,patient_4af3110fd801b611,S2408486,S2408486,4,2024-02-27,0R,pAMR0,1,S2420602,S2420602,6,2024-07-16,0R,pAMR0,140,0,future_no_significant_rejection,1,0.5038086392576772
time_only,pair_000452,patient_4af3110fd801b611,S2408486,S2408486,4,2024-02-27,0R,pAMR0,1,S2429676,S2429676,7,2024-10-15,0R,pAMR0,231,0,future_no_significant_rejection,1,0.511143214794984
time_only,pair_000453,patient_4af3110fd801b611,S2412060,S2412060,5,2024-04-16,0R,pAMR0,4,S2420602,S2420602,6,2024-07-16,0R,pAMR0,91,0,future_no_significant_rejection,1,0.49751846925210486
time_only,pair_000454,patient_4af3110fd801b611,S2412060,S2412060,5,2024-04-16,0R,pAMR0,4,S2429676,S2429676,7,2024-10-15,0R,pAMR0,182,0,future_no_significant_rejection,1,0.5076492102933853
time_only,pair_000455,patient_4af3110fd801b611,S2420602,S2420602,6,2024-07-16,0R,pAMR0,1,S2429676,S2429676,7,2024-10-15,0R,pAMR0,91,0,future_no_significant_rejection,1,0.49751846925210486
time_only,pair_000456,patient_4cb9dbad2d74486f,S2149397,S2149397,1,2021-11-16,0R,pAMR0,1,S2151616,S2151616,2,2021-11-30,1R,pAMR0,14,0,future_no_significant_rejection,1,0.4708310920035091
time_only,pair_000457,patient_4cb9dbad2d74486f,S2149397,S2149397,1,2021-11-16,0R,pAMR0,1,S2211181,S2211181,3,2022-03-22,0R,pAMR0,126,0,future_no_significant_rejection,1,0.502268100777338
time_only,pair_000458,patient_4cb9dbad2d74486f,S2149397,S2149397,1,2021-11-16,0R,pAMR0,1,S2226371,S2226371,4,2022-06-28,0R,pAMR0,224,0,future_no_significant_rejection,1,0.5106920773862104
time_only,pair_000459,patient_4cb9dbad2d74486f,S2149397,S2149397,1,2021-11-16,0R,pAMR0,1,S2239521,S2239521,5,2022-09-20,0R,pAMR0,308,0,future_no_significant_rejection,1,0.5153625543108354
time_only,pair_000460,patient_4cb9dbad2d74486f,S2151616,S2151616,2,2021-11-30,1R,pAMR0,1,S2211181,S2211181,3,2022-03-22,0R,pAMR0,112,0,future_no_significant_rejection,1,0.5005473957498555
time_only,pair_000461,patient_4cb9dbad2d74486f,S2151616,S2151616,2,2021-11-30,1R,pAMR0,1,S2226371,S2226371,4,2022-06-28,0R,pAMR0,210,0,future_no_significant_rejection,1,0.5097460374526992
time_only,pair_000462,patient_4cb9dbad2d74486f,S2151616,S2151616,2,2021-11-30,1R,pAMR0,1,S2239521,S2239521,5,2022-09-20,0R,pAMR0,294,0,future_no_significant_rejection,1,0.5146800948734823
time_only,pair_000463,patient_4cb9dbad2d74486f,S2211181,S2211181,3,2022-03-22,0R,pAMR0,1,S2226371,S2226371,4,2022-06-28,0R,pAMR0,98,0,future_no_significant_rejection,1,0.4985987899263329
time_only,pair_000464,patient_4cb9dbad2d74486f,S2211181,S2211181,3,2022-03-22,0R,pAMR0,1,S2239521,S2239521,5,2022-09-20,0R,pAMR0,182,0,future_no_significant_rejection,1,0.5076492102933853
time_only,pair_000465,patient_4cb9dbad2d74486f,S2226371,S2226371,4,2022-06-28,0R,pAMR0,1,S2239521,S2239521,5,2022-09-20,0R,pAMR0,84,0,future_no_significant_rejection,1,0.49635263983379285
time_only,pair_000482,patient_5ad31502c2708b1a,S2334384,S2334384,1,2023-08-08,0R,pAMR0,2,S2338781,S2338781,2,2023-09-05,0R,pAMR0,28,0,future_no_significant_rejection,1,0.48051999517441435
time_only,pair_000483,patient_5ad31502c2708b1a,S2334384,S2334384,1,2023-08-08,0R,pAMR0,2,S2342677,S2342677,3,2023-10-04,0R,pAMR0,57,0,future_no_significant_rejection,1,0.49072283827213975
time_only,pair_000484,patient_5ad31502c2708b1a,S2338781,S2338781,2,2023-09-05,0R,pAMR0,1,S2342677,S2342677,3,2023-10-04,0R,pAMR0,29,0,future_no_significant_rejection,1,0.48101870371273175
time_only,pair_000485,patient_5d35983cfd191fff,S2138905,S2138905,1,2021-09-07,1R,pAMR0,2,S2144969,S2144969,2,2021-10-19,0R,pAMR0,42,0,future_no_significant_rejection,1,0.4863166586809092
time_only,pair_000486,patient_5d35983cfd191fff,S2138905,S2138905,1,2021-09-07,1R,pAMR0,2,S2205211,S2205211,3,2022-02-08,0R,pAMR0,154,0,future_no_significant_rejection,1,0.5052031604038506
time_only,pair_000487,patient_5d35983cfd191fff,S2138905,S2138905,1,2021-09-07,1R,pAMR0,2,S2216605,S2216605,4,2022-04-26,0R,pAMR0,231,0,future_no_significant_rejection,1,0.511143214794984
time_only,pair_000488,patient_5d35983cfd191fff,S2144969,S2144969,2,2021-10-19,0R,pAMR0,1,S2205211,S2205211,3,2022-02-08,0R,pAMR0,112,0,future_no_significant_rejection,1,0.5005473957498555
time_only,pair_000489,patient_5d35983cfd191fff,S2144969,S2144969,2,2021-10-19,0R,pAMR0,1,S2216605,S2216605,4,2022-04-26,0R,pAMR0,189,0,future_no_significant_rejection,1,0.508202090694376
time_only,pair_000490,patient_5d35983cfd191fff,S2205211,S2205211,3,2022-02-08,0R,pAMR0,1,S2216605,S2216605,4,2022-04-26,0R,pAMR0,77,0,future_no_significant_rejection,1,0.4950866047356783
time_only,pair_000491,patient_5ee21afd8d2dea4c,S2315839,S2315839,1,2023-04-11,1R,pAMR0,4,S2318954,S2318954,2,2023-05-02,1R,pAMR0,21,0,future_no_significant_rejection,1,0.4764577065707534
time_only,pair_000492,patient_5ee21afd8d2dea4c,S2315839,S2315839,1,2023-04-11,1R,pAMR0,4,S2325144,S2325144,3,2023-06-13,1R,pAMR0,63,0,future_no_significant_rejection,1,0.49217266039675694
time_only,pair_000493,patient_5ee21afd8d2dea4c,S2315839,S2315839,1,2023-04-11,1R,pAMR0,4,S2330988,S2330988,4,2023-07-18,0R,pAMR0,98,0,future_no_significant_rejection,1,0.4985987899263329
time_only,pair_000494,patient_5ee21afd8d2dea4c,S2315839,S2315839,1,2023-04-11,1R,pAMR0,4,S2338782,S2338782,5,2023-09-05,0R,pAMR0,147,0,future_no_significant_rejection,1,0.5045224040244292
time_only,pair_000495,patient_5ee21afd8d2dea4c,S2315839,S2315839,1,2023-04-11,1R,pAMR0,4,S2408854,S2408854,6,2024-03-05,0R,pAMR0,329,0,future_no_significant_rejection,1,0.5163302492271918
time_only,pair_000496,patient_5ee21afd8d2dea4c,S2318954,S2318954,2,2023-05-02,1R,pAMR0,1,S2325144,S2325144,3,2023-06-13,1R,pAMR0,42,0,future_no_significant_rejection,1,0.4863166586809092
time_only,pair_000497,patient_5ee21afd8d2dea4c,S2318954,S2318954,2,2023-05-02,1R,pAMR0,1,S2330988,S2330988,4,2023-07-18,0R,pAMR0,77,0,future_no_significant_rejection,1,0.4950866047356783
time_only,pair_000498,patient_5ee21afd8d2dea4c,S2318954,S2318954,2,2023-05-02,1R,pAMR0,1,S2338782,S2338782,5,2023-09-05,0R,pAMR0,126,0,future_no_significant_rejection,1,0.502268100777338
time_only,pair_000499,patient_5ee21afd8d2dea4c,S2318954,S2318954,2,2023-05-02,1R,pAMR0,1,S2408854,S2408854,6,2024-03-05,0R,pAMR0,308,0,future_no_significant_rejection,1,0.5153625543108354
time_only,pair_000500,patient_5ee21afd8d2dea4c,S2325144,S2325144,3,2023-06-13,1R,pAMR0,1,S2330988,S2330988,4,2023-07-18,0R,pAMR0,35,0,future_no_significant_rejection,1,0.48370136757875287
time_only,pair_000501,patient_5ee21afd8d2dea4c,S2325144,S2325144,3,2023-06-13,1R,pAMR0,1,S2338782,S2338782,5,2023-09-05,0R,pAMR0,84,0,future_no_significant_rejection,1,0.49635263983379285
time_only,pair_000502,patient_5ee21afd8d2dea4c,S2325144,S2325144,3,2023-06-13,1R,pAMR0,1,S2408854,S2408854,6,2024-03-05,0R,pAMR0,266,0,future_no_significant_rejection,1,0.5132120365660126
time_only,pair_000503,patient_5ee21afd8d2dea4c,S2330988,S2330988,4,2023-07-18,0R,pAMR0,1,S2338782,S2338782,5,2023-09-05,0R,pAMR0,49,0,future_no_significant_rejection,1,0.4885372161482918
time_only,pair_000504,patient_5ee21afd8d2dea4c,S2330988,S2330988,4,2023-07-18,0R,pAMR0,1,S2408854,S2408854,6,2024-03-05,0R,pAMR0,231,0,future_no_significant_rejection,1,0.511143214794984
time_only,pair_000505,patient_5ee21afd8d2dea4c,S2338782,S2338782,5,2023-09-05,0R,pAMR0,1,S2408854,S2408854,6,2024-03-05,0R,pAMR0,182,0,future_no_significant_rejection,1,0.5076492102933853
time_only,pair_000506,patient_61128f527d32178f,S2132028,S2132028,1,2021-07-27,0R,pAMR0,1,S2144966,S2144966,2,2021-10-19,0R,pAMR0,84,0,future_no_significant_rejection,1,0.49635263983379285
time_only,pair_000517,patient_6e23f91caa098b84,S2419849,S2419849,1,2024-07-09,1R,pAMR0,4,S2422139,S2422139,2,2024-07-30,0R,pAMR0,21,0,future_no_significant_rejection,1,0.4764577065707534
time_only,pair_000518,patient_6e23f91caa098b84,S2419849,S2419849,1,2024-07-09,1R,pAMR0,4,S2427693,S2427693,3,2024-09-24,0R,pAMR0,77,0,future_no_significant_rejection,1,0.4950866047356783
time_only,pair_000519,patient_6e23f91caa098b84,S2419849,S2419849,1,2024-07-09,1R,pAMR0,4,S2433342,S2433342,4,2024-11-19,0R,pAMR0,133,0,future_no_significant_rejection,1,0.5030585053744006
time_only,pair_000520,patient_6e23f91caa098b84,S2419849,S2419849,1,2024-07-09,1R,pAMR0,4,S2437880,S2437880,5,2024-12-31,0R,pAMR0,175,0,future_no_significant_rejection,1,0.5070747439318911
time_only,pair_000521,patient_6e23f91caa098b84,S2419849,S2419849,1,2024-07-09,1R,pAMR0,4,S2506961,S2506961,6,2025-03-11,0R,pAMR0,245,0,future_no_significant_rejection,1,0.5120059780509514
time_only,pair_000522,patient_6e23f91caa098b84,S2422139,S2422139,2,2024-07-30,0R,pAMR0,2,S2427693,S2427693,3,2024-09-24,0R,pAMR0,56,0,future_no_significant_rejection,1,0.49046670878708254
time_only,pair_000523,patient_6e23f91caa098b84,S2422139,S2422139,2,2024-07-30,0R,pAMR0,2,S2433342,S2433342,4,2024-11-19,0R,pAMR0,112,0,future_no_significant_rejection,1,0.5005473957498555
time_only,pair_000524,patient_6e23f91caa098b84,S2422139,S2422139,2,2024-07-30,0R,pAMR0,2,S2437880,S2437880,5,2024-12-31,0R,pAMR0,154,0,future_no_significant_rejection,1,0.5052031604038506
time_only,pair_000525,patient_6e23f91caa098b84,S2422139,S2422139,2,2024-07-30,0R,pAMR0,2,S2506961,S2506961,6,2025-03-11,0R,pAMR0,224,0,future_no_significant_rejection,1,0.5106920773862104
time_only,pair_000526,patient_6e23f91caa098b84,S2427693,S2427693,3,2024-09-24,0R,pAMR0,6,S2433342,S2433342,4,2024-11-19,0R,pAMR0,56,0,future_no_significant_rejection,1,0.49046670878708254
time_only,pair_000527,patient_6e23f91caa098b84,S2427693,S2427693,3,2024-09-24,0R,pAMR0,6,S2437880,S2437880,5,2024-12-31,0R,pAMR0,98,0,future_no_significant_rejection,1,0.4985987899263329
time_only,pair_000528,patient_6e23f91caa098b84,S2427693,S2427693,3,2024-09-24,0R,pAMR0,6,S2506961,S2506961,6,2025-03-11,0R,pAMR0,168,0,future_no_significant_rejection,1,0.506476939803158
time_only,pair_000529,patient_6e23f91caa098b84,S2433342,S2433342,4,2024-11-19,0R,pAMR0,2,S2437880,S2437880,5,2024-12-31,0R,pAMR0,42,0,future_no_significant_rejection,1,0.4863166586809092
time_only,pair_000530,patient_6e23f91caa098b84,S2433342,S2433342,4,2024-11-19,0R,pAMR0,2,S2506961,S2506961,6,2025-03-11,0R,pAMR0,112,0,future_no_significant_rejection,1,0.5005473957498555
time_only,pair_000531,patient_6e23f91caa098b84,S2437880,S2437880,5,2024-12-31,0R,pAMR0,1,S2506961,S2506961,6,2025-03-11,0R,pAMR0,70,0,future_no_significant_rejection,1,0.4937015182595153
time_only,pair_000538,patient_70289ea84b1dd193,S2508630,S2508630,1,2025-03-25,1R,pAMR0,4,S2511006,S2511006,2,2025-04-15,0R,pAMR0,21,0,future_no_significant_rejection,1,0.4764577065707534
time_only,pair_000539,patient_70289ea84b1dd193,S2508630,S2508630,1,2025-03-25,1R,pAMR0,4,S2513848,S2513848,3,2025-05-13,0R,pAMR0,49,0,future_no_significant_rejection,1,0.4885372161482918
time_only,pair_000540,patient_70289ea84b1dd193,S2508630,S2508630,1,2025-03-25,1R,pAMR0,4,S2524760,S2524760,4,2025-08-12,0R,pAMR0,140,0,future_no_significant_rejection,1,0.5038086392576772
time_only,pair_000541,patient_70289ea84b1dd193,S2508630,S2508630,1,2025-03-25,1R,pAMR0,4,S2531989,S2531989,5,2025-10-14,0R,pAMR0,203,0,future_no_significant_rejection,1,0.5092491768695206
time_only,pair_000542,patient_70289ea84b1dd193,S2511006,S2511006,2,2025-04-15,0R,pAMR0,2,S2513848,S2513848,3,2025-05-13,0R,pAMR0,28,0,future_no_significant_rejection,1,0.48051999517441435
time_only,pair_000543,patient_70289ea84b1dd193,S2511006,S2511006,2,2025-04-15,0R,pAMR0,2,S2524760,S2524760,4,2025-08-12,0R,pAMR0,119,0,future_no_significant_rejection,1,0.5014328603219114
time_only,pair_000544,patient_70289ea84b1dd193,S2511006,S2511006,2,2025-04-15,0R,pAMR0,2,S2531989,S2531989,5,2025-10-14,0R,pAMR0,182,0,future_no_significant_rejection,1,0.5076492102933853
time_only,pair_000545,patient_70289ea84b1dd193,S2513848,S2513848,3,2025-05-13,0R,pAMR0,6,S2524760,S2524760,4,2025-08-12,0R,pAMR0,91,0,future_no_significant_rejection,1,0.49751846925210486
time_only,pair_000546,patient_70289ea84b1dd193,S2513848,S2513848,3,2025-05-13,0R,pAMR0,6,S2531989,S2531989,5,2025-10-14,0R,pAMR0,154,0,future_no_significant_rejection,1,0.5052031604038506
time_only,pair_000547,patient_70289ea84b1dd193,S2524760,S2524760,4,2025-08-12,0R,pAMR0,1,S2531989,S2531989,5,2025-10-14,0R,pAMR0,63,0,future_no_significant_rejection,1,0.49217266039675694
time_only,pair_000548,patient_71270218daad69ca,S2222945,S2222945,1,2022-06-07,0R,pAMR0,1,S2334411,S2334411,2,2023-08-08,0R,pAMR0,427,0,future_no_significant_rejection,1,0.5201559752788035
time_only,pair_000593,patient_7b8c5e3e158230df,S2421437,S2421437,1,2024-07-23,0R,pAMR0,2,S2424255,S2424255,2,2024-08-20,0R,pAMR0,28,0,future_no_significant_rejection,1,0.48051999517441435
time_only,pair_000594,patient_7b8c5e3e158230df,S2421437,S2421437,1,2024-07-23,0R,pAMR0,2,S2426615,S2426615,3,2024-09-10,0R,pAMR0,49,0,future_no_significant_rejection,1,0.4885372161482918
time_only,pair_000595,patient_7b8c5e3e158230df,S2424255,S2424255,2,2024-08-20,0R,pAMR0,6,S2426615,S2426615,3,2024-09-10,0R,pAMR0,21,0,future_no_significant_rejection,1,0.4764577065707534
time_only,pair_000617,patient_7ea5ec2f6c847fc5,S2136522,S2136522,1,2021-08-24,0R,pAMR0,2,S2148219,S2148219,2,2021-11-08,1R,pAMR0,76,0,future_no_significant_rejection,1,0.4948965271449497
time_only,pair_000618,patient_7ea5ec2f6c847fc5,S2136522,S2136522,1,2021-08-24,0R,pAMR0,2,S2207353,S2207353,3,2022-02-22,0R,pAMR0,182,0,future_no_significant_rejection,1,0.5076492102933853
time_only,pair_000619,patient_7ea5ec2f6c847fc5,S2148219,S2148219,2,2021-11-08,1R,pAMR0,2,S2207353,S2207353,3,2022-02-22,0R,pAMR0,106,0,future_no_significant_rejection,1,0.4997436173616005
time_only,pair_000658,patient_8a989ce38f711fa1,S2151614,S2151614,1,2021-11-30,0R,pAMR0,3,S2154958,S2154958,2,2021-12-21,0R,pAMR0,21,0,future_no_significant_rejection,1,0.4764577065707534
time_only,pair_000659,patient_8a989ce38f711fa1,S2151614,S2151614,1,2021-11-30,0R,pAMR0,3,S2202568,S2202568,3,2022-01-18,0R,pAMR0,49,0,future_no_significant_rejection,1,0.4885372161482918
time_only,pair_000660,patient_8a989ce38f711fa1,S2151614,S2151614,1,2021-11-30,0R,pAMR0,3,S2207350,S2207350,4,2022-02-22,0R,pAMR0,84,0,future_no_significant_rejection,1,0.49635263983379285
time_only,pair_000661,patient_8a989ce38f711fa1,S2151614,S2151614,1,2021-11-30,0R,pAMR0,3,S2213274,S2213274,5,2022-04-05,0R,pAMR0,126,0,future_no_significant_rejection,1,0.502268100777338
time_only,pair_000662,patient_8a989ce38f711fa1,S2151614,S2151614,1,2021-11-30,0R,pAMR0,3,S2222062,S2222062,6,2022-05-31,0R,pAMR0,182,0,future_no_significant_rejection,1,0.5076492102933853
time_only,pair_000663,patient_8a989ce38f711fa1,S2151614,S2151614,1,2021-11-30,0R,pAMR0,3,S2234200,S2234200,7,2022-08-16,0R,pAMR0,259,0,future_no_significant_rejection,1,0.5128209087592088
time_only,pair_000664,patient_8a989ce38f711fa1,S2151614,S2151614,1,2021-11-30,0R,pAMR0,3,S2248983,S2248983,8,2022-11-22,0R,pAMR0,357,0,future_no_significant_rejection,1,0.5175286755305221
time_only,pair_000665,patient_8a989ce38f711fa1,S2154958,S2154958,2,2021-12-21,0R,pAMR0,3,S2202568,S2202568,3,2022-01-18,0R,pAMR0,28,0,future_no_significant_rejection,1,0.48051999517441435
time_only,pair_000666,patient_8a989ce38f711fa1,S2154958,S2154958,2,2021-12-21,0R,pAMR0,3,S2207350,S2207350,4,2022-02-22,0R,pAMR0,63,0,future_no_significant_rejection,1,0.49217266039675694
time_only,pair_000667,patient_8a989ce38f711fa1,S2154958,S2154958,2,2021-12-21,0R,pAMR0,3,S2213274,S2213274,5,2022-04-05,0R,pAMR0,105,0,future_no_significant_rejection,1,0.4996052850688522
time_only,pair_000668,patient_8a989ce38f711fa1,S2154958,S2154958,2,2021-12-21,0R,pAMR0,3,S2222062,S2222062,6,2022-05-31,0R,pAMR0,161,0,future_no_significant_rejection,1,0.5058538238316267
time_only,pair_000669,patient_8a989ce38f711fa1,S2154958,S2154958,2,2021-12-21,0R,pAMR0,3,S2234200,S2234200,7,2022-08-16,0R,pAMR0,238,0,future_no_significant_rejection,1,0.5115809232507132
time_only,pair_000670,patient_8a989ce38f711fa1,S2154958,S2154958,2,2021-12-21,0R,pAMR0,3,S2248983,S2248983,8,2022-11-22,0R,pAMR0,336,0,future_no_significant_rejection,1,0.5166391478593695
time_only,pair_000671,patient_8a989ce38f711fa1,S2202568,S2202568,3,2022-01-18,0R,pAMR0,1,S2207350,S2207350,4,2022-02-22,0R,pAMR0,35,0,future_no_significant_rejection,1,0.48370136757875287
time_only,pair_000672,patient_8a989ce38f711fa1,S2202568,S2202568,3,2022-01-18,0R,pAMR0,1,S2213274,S2213274,5,2022-04-05,0R,pAMR0,77,0,future_no_significant_rejection,1,0.4950866047356783
time_only,pair_000673,patient_8a989ce38f711fa1,S2202568,S2202568,3,2022-01-18,0R,pAMR0,1,S2222062,S2222062,6,2022-05-31,0R,pAMR0,133,0,future_no_significant_rejection,1,0.5030585053744006
time_only,pair_000674,patient_8a989ce38f711fa1,S2202568,S2202568,3,2022-01-18,0R,pAMR0,1,S2234200,S2234200,7,2022-08-16,0R,pAMR0,210,0,future_no_significant_rejection,1,0.5097460374526992
time_only,pair_000675,patient_8a989ce38f711fa1,S2202568,S2202568,3,2022-01-18,0R,pAMR0,1,S2248983,S2248983,8,2022-11-22,0R,pAMR0,308,0,future_no_significant_rejection,1,0.5153625543108354
time_only,pair_000676,patient_8a989ce38f711fa1,S2207350,S2207350,4,2022-02-22,0R,pAMR0,1,S2213274,S2213274,5,2022-04-05,0R,pAMR0,42,0,future_no_significant_rejection,1,0.4863166586809092
time_only,pair_000677,patient_8a989ce38f711fa1,S2207350,S2207350,4,2022-02-22,0R,pAMR0,1,S2222062,S2222062,6,2022-05-31,0R,pAMR0,98,0,future_no_significant_rejection,1,0.4985987899263329
time_only,pair_000678,patient_8a989ce38f711fa1,S2207350,S2207350,4,2022-02-22,0R,pAMR0,1,S2234200,S2234200,7,2022-08-16,0R,pAMR0,175,0,future_no_significant_rejection,1,0.5070747439318911
time_only,pair_000679,patient_8a989ce38f711fa1,S2207350,S2207350,4,2022-02-22,0R,pAMR0,1,S2248983,S2248983,8,2022-11-22,0R,pAMR0,273,0,future_no_significant_rejection,1,0.5135930260676559
time_only,pair_000680,patient_8a989ce38f711fa1,S2213274,S2213274,5,2022-04-05,0R,pAMR0,1,S2222062,S2222062,6,2022-05-31,0R,pAMR0,56,0,future_no_significant_rejection,1,0.49046670878708254
time_only,pair_000681,patient_8a989ce38f711fa1,S2213274,S2213274,5,2022-04-05,0R,pAMR0,1,S2234200,S2234200,7,2022-08-16,0R,pAMR0,133,0,future_no_significant_rejection,1,0.5030585053744006
time_only,pair_000682,patient_8a989ce38f711fa1,S2213274,S2213274,5,2022-04-05,0R,pAMR0,1,S2248983,S2248983,8,2022-11-22,0R,pAMR0,231,0,future_no_significant_rejection,1,0.511143214794984
time_only,pair_000683,patient_8a989ce38f711fa1,S2222062,S2222062,6,2022-05-31,0R,pAMR0,1,S2234200,S2234200,7,2022-08-16,0R,pAMR0,77,0,future_no_significant_rejection,1,0.4950866047356783
time_only,pair_000684,patient_8a989ce38f711fa1,S2222062,S2222062,6,2022-05-31,0R,pAMR0,1,S2248983,S2248983,8,2022-11-22,0R,pAMR0,175,0,future_no_significant_rejection,1,0.5070747439318911
time_only,pair_000685,patient_8a989ce38f711fa1,S2234200,S2234200,7,2022-08-16,0R,pAMR0,1,S2248983,S2248983,8,2022-11-22,0R,pAMR0,98,0,future_no_significant_rejection,1,0.4985987899263329
time_only,pair_000692,patient_93ac78fffd137473,S2250149,S2250149,1,2022-11-29,1R,pAMR0,3,S2329753,S2329753,2,2023-07-11,0R,pAMR0,224,0,future_no_significant_rejection,1,0.5106920773862104
time_only,pair_000693,patient_9665aa8b62656cf9,S2530985,S2530985,1,2025-09-30,0R,pAMR0,1,S2531985,S2531985,2,2025-10-14,0R,pAMR0,14,0,future_no_significant_rejection,1,0.4708310920035091
time_only,pair_000694,patient_98877b8b3d3e8763,S2133158,S2133158,1,2021-08-03,0R,pAMR0,1,S2140147,S2140147,2,2021-09-13,1R,pAMR0,41,0,future_no_significant_rejection,1,0.4859702668856458
time_only,pair_000695,patient_98877b8b3d3e8763,S2133158,S2133158,1,2021-08-03,0R,pAMR0,1,S2147205,S2147205,3,2021-11-02,1R,pAMR0,91,0,future_no_significant_rejection,1,0.49751846925210486
time_only,pair_000696,patient_98877b8b3d3e8763,S2133158,S2133158,1,2021-08-03,0R,pAMR0,1,S2201380,S2201380,4,2022-01-10,0R,pAMR0,160,0,future_no_significant_rejection,1,0.505762614257018
time_only,pair_000697,patient_98877b8b3d3e8763,S2133158,S2133158,1,2021-08-03,0R,pAMR0,1,S2211180,S2211180,5,2022-03-22,0R,pAMR0,231,0,future_no_significant_rejection,1,0.511143214794984
time_only,pair_000698,patient_98877b8b3d3e8763,S2133158,S2133158,1,2021-08-03,0R,pAMR0,1,S2225226,S2225226,6,2022-06-21,0R,pAMR0,322,0,future_no_significant_rejection,1,0.516014714575686
time_only,pair_000699,patient_98877b8b3d3e8763,S2140147,S2140147,2,2021-09-13,1R,pAMR0,1,S2147205,S2147205,3,2021-11-02,1R,pAMR0,50,0,future_no_significant_rejection,1,0.4888288046776353
time_only,pair_000700,patient_98877b8b3d3e8763,S2140147,S2140147,2,2021-09-13,1R,pAMR0,1,S2201380,S2201380,4,2022-01-10,0R,pAMR0,119,0,future_no_significant_rejection,1,0.5014328603219114
time_only,pair_000701,patient_98877b8b3d3e8763,S2140147,S2140147,2,2021-09-13,1R,pAMR0,1,S2211180,S2211180,5,2022-03-22,0R,pAMR0,190,0,future_no_significant_rejection,1,0.5082794047058857
time_only,pair_000702,patient_98877b8b3d3e8763,S2140147,S2140147,2,2021-09-13,1R,pAMR0,1,S2225226,S2225226,6,2022-06-21,0R,pAMR0,281,0,future_no_significant_rejection,1,0.5140166828171993
time_only,pair_000703,patient_98877b8b3d3e8763,S2147205,S2147205,3,2021-11-02,1R,pAMR0,2,S2201380,S2201380,4,2022-01-10,0R,pAMR0,69,0,future_no_significant_rejection,1,0.49349258041453165
time_only,pair_000704,patient_98877b8b3d3e8763,S2147205,S2147205,3,2021-11-02,1R,pAMR0,2,S2211180,S2211180,5,2022-03-22,0R,pAMR0,140,0,future_no_significant_rejection,1,0.5038086392576772
time_only,pair_000705,patient_98877b8b3d3e8763,S2147205,S2147205,3,2021-11-02,1R,pAMR0,2,S2225226,S2225226,6,2022-06-21,0R,pAMR0,231,0,future_no_significant_rejection,1,0.511143214794984
time_only,pair_000706,patient_98877b8b3d3e8763,S2201380,S2201380,4,2022-01-10,0R,pAMR0,2,S2211180,S2211180,5,2022-03-22,0R,pAMR0,71,0,future_no_significant_rejection,1,0.4939075359553759
time_only,pair_000707,patient_98877b8b3d3e8763,S2201380,S2201380,4,2022-01-10,0R,pAMR0,2,S2225226,S2225226,6,2022-06-21,0R,pAMR0,162,0,future_no_significant_rejection,1,0.5059444717269496
time_only,pair_000708,patient_98877b8b3d3e8763,S2211180,S2211180,5,2022-03-22,0R,pAMR0,1,S2225226,S2225226,6,2022-06-21,0R,pAMR0,91,0,future_no_significant_rejection,1,0.49751846925210486
time_only,pair_000800,patient_bdc3f4ebb82da82e,S2436454,S2436454,1,2024-12-17,0R,pAMR0,2,S2437882,S2437882,2,2024-12-31,0R,pAMR1,14,1,future_significant_rejection,1,0.4708310920035091
time_only,pair_000801,patient_bdc3f4ebb82da82e,S2436454,S2436454,1,2024-12-17,0R,pAMR0,2,S2503127,S2503127,3,2025-02-04,1R,pAMR0,49,0,future_no_significant_rejection,1,0.4885372161482918
time_only,pair_000802,patient_bdc3f4ebb82da82e,S2436454,S2436454,1,2024-12-17,0R,pAMR0,2,S2506960,S2506960,4,2025-03-11,1R,pAMR0,84,0,future_no_significant_rejection,1,0.49635263983379285
time_only,pair_000803,patient_bdc3f4ebb82da82e,S2436454,S2436454,1,2024-12-17,0R,pAMR0,2,S2516970,S2516970,5,2025-06-10,1R,pAMR0,175,0,future_no_significant_rejection,1,0.5070747439318911
time_only,pair_000804,patient_c18ca7616a5ad1b6,S2400070,S2400070,1,2024-01-02,0R,pAMR0,1,S2405217,S2405217,2,2024-01-31,0R,pAMR0,29,0,future_no_significant_rejection,1,0.48101870371273175
time_only,pair_000805,patient_c18ca7616a5ad1b6,S2400070,S2400070,1,2024-01-02,0R,pAMR0,1,S2408482,S2408482,3,2024-02-27,0R,pAMR0,56,0,future_no_significant_rejection,1,0.49046670878708254
time_only,pair_000806,patient_c18ca7616a5ad1b6,S2400070,S2400070,1,2024-01-02,0R,pAMR0,1,S2412061,S2412061,4,2024-04-16,0R,pAMR0,105,0,future_no_significant_rejection,1,0.4996052850688522
time_only,pair_000807,patient_c18ca7616a5ad1b6,S2400070,S2400070,1,2024-01-02,0R,pAMR0,1,S2414954,S2414954,5,2024-05-21,0R,pAMR0,140,0,future_no_significant_rejection,1,0.5038086392576772
time_only,pair_000808,patient_c18ca7616a5ad1b6,S2400070,S2400070,1,2024-01-02,0R,pAMR0,1,S2434134,S2434134,6,2024-11-26,0R,pAMR0,329,0,future_no_significant_rejection,1,0.5163302492271918
time_only,pair_000809,patient_c18ca7616a5ad1b6,S2405217,S2405217,2,2024-01-31,0R,pAMR0,1,S2408482,S2408482,3,2024-02-27,0R,pAMR0,27,0,future_no_significant_rejection,1,0.4800038254545954
time_only,pair_000810,patient_c18ca7616a5ad1b6,S2405217,S2405217,2,2024-01-31,0R,pAMR0,1,S2412061,S2412061,4,2024-04-16,0R,pAMR0,76,0,future_no_significant_rejection,1,0.4948965271449497
time_only,pair_000811,patient_c18ca7616a5ad1b6,S2405217,S2405217,2,2024-01-31,0R,pAMR0,1,S2414954,S2414954,5,2024-05-21,0R,pAMR0,111,0,future_no_significant_rejection,1,0.5004164413453331
time_only,pair_000812,patient_c18ca7616a5ad1b6,S2405217,S2405217,2,2024-01-31,0R,pAMR0,1,S2434134,S2434134,6,2024-11-26,0R,pAMR0,300,0,future_no_significant_rejection,1,0.5149764672272983
time_only,pair_000813,patient_c18ca7616a5ad1b6,S2408482,S2408482,3,2024-02-27,0R,pAMR0,1,S2412061,S2412061,4,2024-04-16,0R,pAMR0,49,0,future_no_significant_rejection,1,0.4885372161482918
time_only,pair_000814,patient_c18ca7616a5ad1b6,S2408482,S2408482,3,2024-02-27,0R,pAMR0,1,S2414954,S2414954,5,2024-05-21,0R,pAMR0,84,0,future_no_significant_rejection,1,0.49635263983379285
time_only,pair_000815,patient_c18ca7616a5ad1b6,S2408482,S2408482,3,2024-02-27,0R,pAMR0,1,S2434134,S2434134,6,2024-11-26,0R,pAMR0,273,0,future_no_significant_rejection,1,0.5135930260676559
time_only,pair_000816,patient_c18ca7616a5ad1b6,S2412061,S2412061,4,2024-04-16,0R,pAMR0,2,S2414954,S2414954,5,2024-05-21,0R,pAMR0,35,0,future_no_significant_rejection,1,0.48370136757875287
time_only,pair_000817,patient_c18ca7616a5ad1b6,S2412061,S2412061,4,2024-04-16,0R,pAMR0,2,S2434134,S2434134,6,2024-11-26,0R,pAMR0,224,0,future_no_significant_rejection,1,0.5106920773862104
time_only,pair_000818,patient_c18ca7616a5ad1b6,S2414954,S2414954,5,2024-05-21,0R,pAMR0,2,S2434134,S2434134,6,2024-11-26,0R,pAMR0,189,0,future_no_significant_rejection,1,0.508202090694376
time_only,pair_000947,patient_d48fc489086a470f,S2327690,S2327690,1,2023-06-28,1R,pAMR0,4,S2330983,S2330983,2,2023-07-18,0R,pAMR0,20,0,future_no_significant_rejection,1,0.4757739242789131
time_only,pair_000948,patient_d48fc489086a470f,S2327690,S2327690,1,2023-06-28,1R,pAMR0,4,S2336496,S2336496,3,2023-08-22,0R,pAMR0,55,0,future_no_significant_rejection,1,0.49020605094161396
time_only,pair_000949,patient_d48fc489086a470f,S2327690,S2327690,1,2023-06-28,1R,pAMR0,4,S2343312,S2343312,4,2023-10-10,1R,pAMR0,104,0,future_no_significant_rejection,1,0.49946564161135026
time_only,pair_000950,patient_d48fc489086a470f,S2327690,S2327690,1,2023-06-28,1R,pAMR0,4,S2350730,S2350730,5,2023-11-28,2R,pAMR0,153,1,future_significant_rejection,1,0.5051078155988274
time_only,pair_000951,patient_d48fc489086a470f,S2327690,S2327690,1,2023-06-28,1R,pAMR0,4,S2412714,S2412714,6,2024-04-23,0R,pAMR0,300,0,future_no_significant_rejection,1,0.5149764672272983
time_only,pair_000952,patient_d48fc489086a470f,S2330983,S2330983,2,2023-07-18,0R,pAMR0,2,S2336496,S2336496,3,2023-08-22,0R,pAMR0,35,0,future_no_significant_rejection,1,0.48370136757875287
time_only,pair_000953,patient_d48fc489086a470f,S2330983,S2330983,2,2023-07-18,0R,pAMR0,2,S2343312,S2343312,4,2023-10-10,1R,pAMR0,84,0,future_no_significant_rejection,1,0.49635263983379285
time_only,pair_000954,patient_d48fc489086a470f,S2330983,S2330983,2,2023-07-18,0R,pAMR0,2,S2350730,S2350730,5,2023-11-28,2R,pAMR0,133,1,future_significant_rejection,1,0.5030585053744006
time_only,pair_000955,patient_d48fc489086a470f,S2330983,S2330983,2,2023-07-18,0R,pAMR0,2,S2412714,S2412714,6,2024-04-23,0R,pAMR0,280,0,future_no_significant_rejection,1,0.5139643887914794
time_only,pair_000956,patient_d48fc489086a470f,S2336496,S2336496,3,2023-08-22,0R,pAMR0,1,S2343312,S2343312,4,2023-10-10,1R,pAMR0,49,0,future_no_significant_rejection,1,0.4885372161482918
time_only,pair_000957,patient_d48fc489086a470f,S2336496,S2336496,3,2023-08-22,0R,pAMR0,1,S2350730,S2350730,5,2023-11-28,2R,pAMR0,98,1,future_significant_rejection,1,0.4985987899263329
time_only,pair_000958,patient_d48fc489086a470f,S2336496,S2336496,3,2023-08-22,0R,pAMR0,1,S2412714,S2412714,6,2024-04-23,0R,pAMR0,245,0,future_no_significant_rejection,1,0.5120059780509514
time_only,pair_000959,patient_d48fc489086a470f,S2343312,S2343312,4,2023-10-10,1R,pAMR0,1,S2350730,S2350730,5,2023-11-28,2R,pAMR0,49,1,future_significant_rejection,1,0.4885372161482918
time_only,pair_000960,patient_d48fc489086a470f,S2343312,S2343312,4,2023-10-10,1R,pAMR0,1,S2412714,S2412714,6,2024-04-23,0R,pAMR0,196,0,future_no_significant_rejection,1,0.5087349468373745
time_only,pair_001010,patient_dd2e6df63e5c36b4,S2330984,S2330984,1,2023-07-18,0R,pAMR0,3,S2334388,S2334388,2,2023-08-08,0R,pAMR0,21,0,future_no_significant_rejection,1,0.4764577065707534
time_only,pair_001011,patient_dd2e6df63e5c36b4,S2330984,S2330984,1,2023-07-18,0R,pAMR0,3,S2338783,S2338783,3,2023-09-05,0R,pAMR0,49,0,future_no_significant_rejection,1,0.4885372161482918
time_only,pair_001012,patient_dd2e6df63e5c36b4,S2330984,S2330984,1,2023-07-18,0R,pAMR0,3,S2343311,S2343311,4,2023-10-10,0R,pAMR0,84,0,future_no_significant_rejection,1,0.49635263983379285
time_only,pair_001013,patient_dd2e6df63e5c36b4,S2330984,S2330984,1,2023-07-18,0R,pAMR0,3,S2407940,S2407940,5,2024-02-20,0R,pAMR0,217,0,future_no_significant_rejection,1,0.5102266622320902
time_only,pair_001014,patient_dd2e6df63e5c36b4,S2330984,S2330984,1,2023-07-18,0R,pAMR0,3,S2421430,S2421430,6,2024-07-23,0R,pAMR0,371,0,future_no_significant_rejection,1,0.5180931016792384
time_only,pair_001015,patient_dd2e6df63e5c36b4,S2334388,S2334388,2,2023-08-08,0R,pAMR0,2,S2338783,S2338783,3,2023-09-05,0R,pAMR0,28,0,future_no_significant_rejection,1,0.48051999517441435
time_only,pair_001016,patient_dd2e6df63e5c36b4,S2334388,S2334388,2,2023-08-08,0R,pAMR0,2,S2343311,S2343311,4,2023-10-10,0R,pAMR0,63,0,future_no_significant_rejection,1,0.49217266039675694
time_only,pair_001017,patient_dd2e6df63e5c36b4,S2334388,S2334388,2,2023-08-08,0R,pAMR0,2,S2407940,S2407940,5,2024-02-20,0R,pAMR0,196,0,future_no_significant_rejection,1,0.5087349468373745
time_only,pair_001018,patient_dd2e6df63e5c36b4,S2334388,S2334388,2,2023-08-08,0R,pAMR0,2,S2421430,S2421430,6,2024-07-23,0R,pAMR0,350,0,future_no_significant_rejection,1,0.5172381121919687
time_only,pair_001019,patient_dd2e6df63e5c36b4,S2338783,S2338783,3,2023-09-05,0R,pAMR0,3,S2343311,S2343311,4,2023-10-10,0R,pAMR0,35,0,future_no_significant_rejection,1,0.48370136757875287
time_only,pair_001020,patient_dd2e6df63e5c36b4,S2338783,S2338783,3,2023-09-05,0R,pAMR0,3,S2407940,S2407940,5,2024-02-20,0R,pAMR0,168,0,future_no_significant_rejection,1,0.506476939803158
time_only,pair_001021,patient_dd2e6df63e5c36b4,S2338783,S2338783,3,2023-09-05,0R,pAMR0,3,S2421430,S2421430,6,2024-07-23,0R,pAMR0,322,0,future_no_significant_rejection,1,0.516014714575686
time_only,pair_001022,patient_dd2e6df63e5c36b4,S2343311,S2343311,4,2023-10-10,0R,pAMR0,1,S2407940,S2407940,5,2024-02-20,0R,pAMR0,133,0,future_no_significant_rejection,1,0.5030585053744006
time_only,pair_001023,patient_dd2e6df63e5c36b4,S2343311,S2343311,4,2023-10-10,0R,pAMR0,1,S2421430,S2421430,6,2024-07-23,0R,pAMR0,287,0,future_no_significant_rejection,1,0.5143265985113189
time_only,pair_001024,patient_dd2e6df63e5c36b4,S2407940,S2407940,5,2024-02-20,0R,pAMR0,1,S2421430,S2421430,6,2024-07-23,0R,pAMR0,154,0,future_no_significant_rejection,1,0.5052031604038506
time_only,pair_001052,patient_e430ff1077ac4267,S2418586,S2418586,1,2024-06-26,0R,pAMR0,4,S2421434,S2421434,2,2024-07-23,0R,pAMR0,27,0,future_no_significant_rejection,1,0.4800038254545954
time_only,pair_001053,patient_e430ff1077ac4267,S2418586,S2418586,1,2024-06-26,0R,pAMR0,4,S2429064,S2429064,3,2024-10-08,0R,pAMR0,104,0,future_no_significant_rejection,1,0.49946564161135026
time_only,pair_001054,patient_e430ff1077ac4267,S2418586,S2418586,1,2024-06-26,0R,pAMR0,4,S2431864,S2431864,4,2024-11-05,0R,pAMR0,132,0,future_no_significant_rejection,1,0.5029481546286448
time_only,pair_001055,patient_e430ff1077ac4267,S2418586,S2418586,1,2024-06-26,0R,pAMR0,4,S2436456,S2436456,5,2024-12-17,0R,pAMR1,174,1,future_significant_rejection,1,0.5069908156557802
time_only,pair_001056,patient_e430ff1077ac4267,S2418586,S2418586,1,2024-06-26,0R,pAMR0,4,S2502092,S2502092,6,2025-01-21,0R,pAMR0,209,0,future_no_significant_rejection,1,0.5096760766087278
time_only,pair_001057,patient_e430ff1077ac4267,S2421434,S2421434,2,2024-07-23,0R,pAMR0,6,S2429064,S2429064,3,2024-10-08,0R,pAMR0,77,0,future_no_significant_rejection,1,0.4950866047356783
time_only,pair_001058,patient_e430ff1077ac4267,S2421434,S2421434,2,2024-07-23,0R,pAMR0,6,S2431864,S2431864,4,2024-11-05,0R,pAMR0,105,0,future_no_significant_rejection,1,0.4996052850688522
time_only,pair_001059,patient_e430ff1077ac4267,S2421434,S2421434,2,2024-07-23,0R,pAMR0,6,S2436456,S2436456,5,2024-12-17,0R,pAMR1,147,1,future_significant_rejection,1,0.5045224040244292
time_only,pair_001060,patient_e430ff1077ac4267,S2421434,S2421434,2,2024-07-23,0R,pAMR0,6,S2502092,S2502092,6,2025-01-21,0R,pAMR0,182,0,future_no_significant_rejection,1,0.5076492102933853
time_only,pair_001061,patient_e430ff1077ac4267,S2429064,S2429064,3,2024-10-08,0R,pAMR0,6,S2431864,S2431864,4,2024-11-05,0R,pAMR0,28,0,future_no_significant_rejection,1,0.48051999517441435
time_only,pair_001062,patient_e430ff1077ac4267,S2429064,S2429064,3,2024-10-08,0R,pAMR0,6,S2436456,S2436456,5,2024-12-17,0R,pAMR1,70,1,future_significant_rejection,1,0.4937015182595153
time_only,pair_001063,patient_e430ff1077ac4267,S2429064,S2429064,3,2024-10-08,0R,pAMR0,6,S2502092,S2502092,6,2025-01-21,0R,pAMR0,105,0,future_no_significant_rejection,1,0.4996052850688522
time_only,pair_001064,patient_e430ff1077ac4267,S2431864,S2431864,4,2024-11-05,0R,pAMR0,2,S2436456,S2436456,5,2024-12-17,0R,pAMR1,42,1,future_significant_rejection,1,0.4863166586809092
time_only,pair_001065,patient_e430ff1077ac4267,S2431864,S2431864,4,2024-11-05,0R,pAMR0,2,S2502092,S2502092,6,2025-01-21,0R,pAMR0,77,0,future_no_significant_rejection,1,0.4950866047356783
time_only,pair_001161,patient_fe8ccc87e7ab7c65,S2208365,S2208365,1,2022-03-02,1R,pAMR0,4,S2210201,S2210201,2,2022-03-15,1R,pAMR0,13,0,future_no_significant_rejection,1,0.46981824990324894
time_only,pair_001162,patient_fe8ccc87e7ab7c65,S2208365,S2208365,1,2022-03-02,1R,pAMR0,4,S2215451,S2215451,3,2022-04-19,1R,pAMR0,48,0,future_no_significant_rejection,1,0.48823974458497893
time_only,pair_001163,patient_fe8ccc87e7ab7c65,S2208365,S2208365,1,2022-03-02,1R,pAMR0,4,S2226375,S2226375,4,2022-06-28,0R,pAMR0,118,0,future_no_significant_rejection,1,0.5013095777916098
time_only,pair_001164,patient_fe8ccc87e7ab7c65,S2208365,S2208365,1,2022-03-02,1R,pAMR0,4,S2233278,S2233278,5,2022-08-09,0R,pAMR0,160,0,future_no_significant_rejection,1,0.505762614257018
time_only,pair_001165,patient_fe8ccc87e7ab7c65,S2208365,S2208365,1,2022-03-02,1R,pAMR0,4,S2247858,S2247858,6,2022-11-15,0R,pAMR0,258,0,future_no_significant_rejection,1,0.5127641740317501
time_only,pair_001166,patient_fe8ccc87e7ab7c65,S2208365,S2208365,1,2022-03-02,1R,pAMR0,4,S2308039,S2308039,7,2023-02-21,1R,pAMR0,356,0,future_no_significant_rejection,1,0.5174875168365174
time_only,pair_001167,patient_fe8ccc87e7ab7c65,S2210201,S2210201,2,2022-03-15,1R,pAMR0,3,S2215451,S2215451,3,2022-04-19,1R,pAMR0,35,0,future_no_significant_rejection,1,0.48370136757875287
time_only,pair_001168,patient_fe8ccc87e7ab7c65,S2210201,S2210201,2,2022-03-15,1R,pAMR0,3,S2226375,S2226375,4,2022-06-28,0R,pAMR0,105,0,future_no_significant_rejection,1,0.4996052850688522
time_only,pair_001169,patient_fe8ccc87e7ab7c65,S2210201,S2210201,2,2022-03-15,1R,pAMR0,3,S2233278,S2233278,5,2022-08-09,0R,pAMR0,147,0,future_no_significant_rejection,1,0.5045224040244292
time_only,pair_001170,patient_fe8ccc87e7ab7c65,S2210201,S2210201,2,2022-03-15,1R,pAMR0,3,S2247858,S2247858,6,2022-11-15,0R,pAMR0,245,0,future_no_significant_rejection,1,0.5120059780509514
time_only,pair_001171,patient_fe8ccc87e7ab7c65,S2210201,S2210201,2,2022-03-15,1R,pAMR0,3,S2308039,S2308039,7,2023-02-21,1R,pAMR0,343,0,future_no_significant_rejection,1,0.5169416833765115
time_only,pair_001172,patient_fe8ccc87e7ab7c65,S2215451,S2215451,3,2022-04-19,1R,pAMR0,1,S2226375,S2226375,4,2022-06-28,0R,pAMR0,70,0,future_no_significant_rejection,1,0.4937015182595153
time_only,pair_001173,patient_fe8ccc87e7ab7c65,S2215451,S2215451,3,2022-04-19,1R,pAMR0,1,S2233278,S2233278,5,2022-08-09,0R,pAMR0,112,0,future_no_significant_rejection,1,0.5005473957498555
time_only,pair_001174,patient_fe8ccc87e7ab7c65,S2215451,S2215451,3,2022-04-19,1R,pAMR0,1,S2247858,S2247858,6,2022-11-15,0R,pAMR0,210,0,future_no_significant_rejection,1,0.5097460374526992
time_only,pair_001175,patient_fe8ccc87e7ab7c65,S2215451,S2215451,3,2022-04-19,1R,pAMR0,1,S2308039,S2308039,7,2023-02-21,1R,pAMR0,308,0,future_no_significant_rejection,1,0.5153625543108354
time_only,pair_001176,patient_fe8ccc87e7ab7c65,S2226375,S2226375,4,2022-06-28,0R,pAMR0,1,S2233278,S2233278,5,2022-08-09,0R,pAMR0,42,0,future_no_significant_rejection,1,0.4863166586809092
time_only,pair_001177,patient_fe8ccc87e7ab7c65,S2226375,S2226375,4,2022-06-28,0R,pAMR0,1,S2247858,S2247858,6,2022-11-15,0R,pAMR0,140,0,future_no_significant_rejection,1,0.5038086392576772
time_only,pair_001178,patient_fe8ccc87e7ab7c65,S2226375,S2226375,4,2022-06-28,0R,pAMR0,1,S2308039,S2308039,7,2023-02-21,1R,pAMR0,238,0,future_no_significant_rejection,1,0.5115809232507132
time_only,pair_001179,patient_fe8ccc87e7ab7c65,S2233278,S2233278,5,2022-08-09,0R,pAMR0,1,S2247858,S2247858,6,2022-11-15,0R,pAMR0,98,0,future_no_significant_rejection,1,0.4985987899263329
time_only,pair_001180,patient_fe8ccc87e7ab7c65,S2233278,S2233278,5,2022-08-09,0R,pAMR0,1,S2308039,S2308039,7,2023-02-21,1R,pAMR0,196,0,future_no_significant_rejection,1,0.5087349468373745
time_only,pair_001181,patient_fe8ccc87e7ab7c65,S2247858,S2247858,6,2022-11-15,0R,pAMR0,1,S2308039,S2308039,7,2023-02-21,1R,pAMR0,98,0,future_no_significant_rejection,1,0.4985987899263329
time_only,pair_000002,patient_0349492572c92ab0,S2329754,S2329754,1,2023-07-11,0R,pAMR0,4,S2332143,S2332143,2,2023-07-25,1R,pAMR0,14,0,future_no_significant_rejection,2,0.7132212344367057
time_only,pair_000003,patient_0349492572c92ab0,S2329754,S2329754,1,2023-07-11,0R,pAMR0,4,S2342914,S2342914,3,2023-10-05,0R,pAMR0,86,0,future_no_significant_rejection,2,0.4947773807233547
time_only,pair_000004,patient_0349492572c92ab0,S2332143,S2332143,2,2023-07-25,1R,pAMR0,3,S2342914,S2342914,3,2023-10-05,0R,pAMR0,72,0,future_no_significant_rejection,2,0.5180239909144825
time_only,pair_000047,patient_110e1e825f43e305,S2314590,S2314590,1,2023-04-04,1R,pAMR0,5,S2318026,S2318026,2,2023-04-25,0R,pAMR0,21,0,future_no_significant_rejection,2,0.6699652253933683
time_only,pair_000048,patient_110e1e825f43e305,S2314590,S2314590,1,2023-04-04,1R,pAMR0,5,S2327486,S2327486,3,2023-06-27,0R,pAMR0,84,0,future_no_significant_rejection,2,0.4978597539442609
time_only,pair_000049,patient_110e1e825f43e305,S2314590,S2314590,1,2023-04-04,1R,pAMR0,5,S2334385,S2334385,4,2023-08-08,1R,pAMR0,126,0,future_no_significant_rejection,2,0.44486383418916947
time_only,pair_000050,patient_110e1e825f43e305,S2314590,S2314590,1,2023-04-04,1R,pAMR0,5,S2340935,S2340935,5,2023-09-19,1R,pAMR0,168,0,future_no_significant_rejection,2,0.40783508842024474
time_only,pair_000051,patient_110e1e825f43e305,S2314590,S2314590,1,2023-04-04,1R,pAMR0,5,S2353996,S2353996,6,2023-12-19,1R,pAMR0,259,0,future_no_significant_rejection,2,0.3540434771130774
time_only,pair_000052,patient_110e1e825f43e305,S2314590,S2314590,1,2023-04-04,1R,pAMR0,5,S2410453,S2410453,7,2024-03-26,0R,pAMR0,357,0,future_no_significant_rejection,2,0.31628670368059053
time_only,pair_000053,patient_110e1e825f43e305,S2318026,S2318026,2,2023-04-25,0R,pAMR0,1,S2327486,S2327486,3,2023-06-27,0R,pAMR0,63,0,future_no_significant_rejection,2,0.5354120304841316
time_only,pair_000054,patient_110e1e825f43e305,S2318026,S2318026,2,2023-04-25,0R,pAMR0,1,S2334385,S2334385,4,2023-08-08,1R,pAMR0,105,0,future_no_significant_rejection,2,0.46863693910605164
time_only,pair_000055,patient_110e1e825f43e305,S2318026,S2318026,2,2023-04-25,0R,pAMR0,1,S2340935,S2340935,5,2023-09-19,1R,pAMR0,147,0,future_no_significant_rejection,2,0.4249280584075487
time_only,pair_000056,patient_110e1e825f43e305,S2318026,S2318026,2,2023-04-25,0R,pAMR0,1,S2353996,S2353996,6,2023-12-19,1R,pAMR0,238,0,future_no_significant_rejection,2,0.36432011789197605
time_only,pair_000057,patient_110e1e825f43e305,S2318026,S2318026,2,2023-04-25,0R,pAMR0,1,S2410453,S2410453,7,2024-03-26,0R,pAMR0,336,0,future_no_significant_rejection,2,0.32325774903935206
time_only,pair_000058,patient_110e1e825f43e305,S2327486,S2327486,3,2023-06-27,0R,pAMR0,4,S2334385,S2334385,4,2023-08-08,1R,pAMR0,42,0,future_no_significant_rejection,2,0.5872787445412484
time_only,pair_000059,patient_110e1e825f43e305,S2327486,S2327486,3,2023-06-27,0R,pAMR0,4,S2340935,S2340935,5,2023-09-19,1R,pAMR0,84,0,future_no_significant_rejection,2,0.4978597539442609
time_only,pair_000060,patient_110e1e825f43e305,S2327486,S2327486,3,2023-06-27,0R,pAMR0,4,S2353996,S2353996,6,2023-12-19,1R,pAMR0,175,0,future_no_significant_rejection,2,0.4026490266523421
time_only,pair_000061,patient_110e1e825f43e305,S2327486,S2327486,3,2023-06-27,0R,pAMR0,4,S2410453,S2410453,7,2024-03-26,0R,pAMR0,273,0,future_no_significant_rejection,2,0.34771049369454443
time_only,pair_000062,patient_110e1e825f43e305,S2334385,S2334385,4,2023-08-08,1R,pAMR0,2,S2340935,S2340935,5,2023-09-19,1R,pAMR0,42,0,future_no_significant_rejection,2,0.5872787445412484
time_only,pair_000063,patient_110e1e825f43e305,S2334385,S2334385,4,2023-08-08,1R,pAMR0,2,S2353996,S2353996,6,2023-12-19,1R,pAMR0,133,0,future_no_significant_rejection,2,0.43785045219778834
time_only,pair_000064,patient_110e1e825f43e305,S2334385,S2334385,4,2023-08-08,1R,pAMR0,2,S2410453,S2410453,7,2024-03-26,0R,pAMR0,231,0,future_no_significant_rejection,2,0.36797775312505737
time_only,pair_000065,patient_110e1e825f43e305,S2340935,S2340935,5,2023-09-19,1R,pAMR0,2,S2353996,S2353996,6,2023-12-19,1R,pAMR0,91,0,future_no_significant_rejection,2,0.4873732743852252
time_only,pair_000066,patient_110e1e825f43e305,S2340935,S2340935,5,2023-09-19,1R,pAMR0,2,S2410453,S2410453,7,2024-03-26,0R,pAMR0,189,0,future_no_significant_rejection,2,0.3929284394829625
time_only,pair_000067,patient_110e1e825f43e305,S2353996,S2353996,6,2023-12-19,1R,pAMR0,1,S2410453,S2410453,7,2024-03-26,0R,pAMR0,98,0,future_no_significant_rejection,2,0.47766586429210645
time_only,pair_000069,patient_1bb6673f07107d9c,S2228789,S2228789,1,2022-07-12,0R,pAMR0,1,S2231091,S2231091,2,2022-07-26,1R,pAMR0,14,0,future_no_significant_rejection,2,0.7132212344367057
time_only,pair_000070,patient_1bb6673f07107d9c,S2228789,S2228789,1,2022-07-12,0R,pAMR0,1,S2234199,S2234199,3,2022-08-16,0R,pAMR0,35,0,future_no_significant_rejection,2,0.6099088760694382
time_only,pair_000071,patient_1bb6673f07107d9c,S2228789,S2228789,1,2022-07-12,0R,pAMR0,1,S2240726,S2240726,4,2022-09-27,0R,pAMR0,77,0,future_no_significant_rejection,2,0.5092498113617494
time_only,pair_000072,patient_1bb6673f07107d9c,S2228789,S2228789,1,2022-07-12,0R,pAMR0,1,S2311236,S2311236,5,2023-03-14,0R,pAMR0,245,0,future_no_significant_rejection,2,0.36078301481739977
time_only,pair_000073,patient_1bb6673f07107d9c,S2231091,S2231091,2,2022-07-26,1R,pAMR0,2,S2234199,S2234199,3,2022-08-16,0R,pAMR0,21,0,future_no_significant_rejection,2,0.6699652253933683
time_only,pair_000074,patient_1bb6673f07107d9c,S2231091,S2231091,2,2022-07-26,1R,pAMR0,2,S2240726,S2240726,4,2022-09-27,0R,pAMR0,63,0,future_no_significant_rejection,2,0.5354120304841316
time_only,pair_000075,patient_1bb6673f07107d9c,S2231091,S2231091,2,2022-07-26,1R,pAMR0,2,S2311236,S2311236,5,2023-03-14,0R,pAMR0,231,0,future_no_significant_rejection,2,0.36797775312505737
time_only,pair_000076,patient_1bb6673f07107d9c,S2234199,S2234199,3,2022-08-16,0R,pAMR0,1,S2240726,S2240726,4,2022-09-27,0R,pAMR0,42,0,future_no_significant_rejection,2,0.5872787445412484
time_only,pair_000077,patient_1bb6673f07107d9c,S2234199,S2234199,3,2022-08-16,0R,pAMR0,1,S2311236,S2311236,5,2023-03-14,0R,pAMR0,210,0,future_no_significant_rejection,2,0.3797523420301568
time_only,pair_000078,patient_1bb6673f07107d9c,S2240726,S2240726,4,2022-09-27,0R,pAMR0,1,S2311236,S2311236,5,2023-03-14,0R,pAMR0,168,0,future_no_significant_rejection,2,0.40783508842024474
time_only,pair_000079,patient_1d9bc9798ff5fad2,S2429062,S2429062,1,2024-10-08,0R,pAMR0,7,S2434915,S2434915,2,2024-12-03,1R,pAMR0,56,0,future_no_significant_rejection,2,0.5506498691194912
time_only,pair_000080,patient_1d9bc9798ff5fad2,S2429062,S2429062,1,2024-10-08,0R,pAMR0,7,S2501300,S2501300,3,2025-01-14,0R,pAMR0,98,0,future_no_significant_rejection,2,0.47766586429210645
time_only,pair_000081,patient_1d9bc9798ff5fad2,S2429062,S2429062,1,2024-10-08,0R,pAMR0,7,S2505507,S2505507,4,2025-02-25,0R,pAMR0,140,0,future_no_significant_rejection,2,0.4312171243879901
time_only,pair_000082,patient_1d9bc9798ff5fad2,S2429062,S2429062,1,2024-10-08,0R,pAMR0,7,S2516971,S2516971,5,2025-06-10,0R,pAMR0,245,0,future_no_significant_rejection,2,0.36078301481739977
time_only,pair_000083,patient_1d9bc9798ff5fad2,S2429062,S2429062,1,2024-10-08,0R,pAMR0,7,S2528218,S2528218,6,2025-09-09,0R,pAMR0,336,0,future_no_significant_rejection,2,0.32325774903935206
time_only,pair_000084,patient_1d9bc9798ff5fad2,S2434915,S2434915,2,2024-12-03,1R,pAMR0,2,S2501300,S2501300,3,2025-01-14,0R,pAMR0,42,0,future_no_significant_rejection,2,0.5872787445412484
time_only,pair_000085,patient_1d9bc9798ff5fad2,S2434915,S2434915,2,2024-12-03,1R,pAMR0,2,S2505507,S2505507,4,2025-02-25,0R,pAMR0,84,0,future_no_significant_rejection,2,0.4978597539442609
time_only,pair_000086,patient_1d9bc9798ff5fad2,S2434915,S2434915,2,2024-12-03,1R,pAMR0,2,S2516971,S2516971,5,2025-06-10,0R,pAMR0,189,0,future_no_significant_rejection,2,0.3929284394829625
time_only,pair_000087,patient_1d9bc9798ff5fad2,S2434915,S2434915,2,2024-12-03,1R,pAMR0,2,S2528218,S2528218,6,2025-09-09,0R,pAMR0,280,0,future_no_significant_rejection,2,0.3446832655048349
time_only,pair_000088,patient_1d9bc9798ff5fad2,S2501300,S2501300,3,2025-01-14,0R,pAMR0,6,S2505507,S2505507,4,2025-02-25,0R,pAMR0,42,0,future_no_significant_rejection,2,0.5872787445412484
time_only,pair_000089,patient_1d9bc9798ff5fad2,S2501300,S2501300,3,2025-01-14,0R,pAMR0,6,S2516971,S2516971,5,2025-06-10,0R,pAMR0,147,0,future_no_significant_rejection,2,0.4249280584075487
time_only,pair_000090,patient_1d9bc9798ff5fad2,S2501300,S2501300,3,2025-01-14,0R,pAMR0,6,S2528218,S2528218,6,2025-09-09,0R,pAMR0,238,0,future_no_significant_rejection,2,0.36432011789197605
time_only,pair_000091,patient_1d9bc9798ff5fad2,S2505507,S2505507,4,2025-02-25,0R,pAMR0,1,S2516971,S2516971,5,2025-06-10,0R,pAMR0,105,0,future_no_significant_rejection,2,0.46863693910605164
time_only,pair_000092,patient_1d9bc9798ff5fad2,S2505507,S2505507,4,2025-02-25,0R,pAMR0,1,S2528218,S2528218,6,2025-09-09,0R,pAMR0,196,0,future_no_significant_rejection,2,0.38836247550712566
time_only,pair_000093,patient_1d9bc9798ff5fad2,S2516971,S2516971,5,2025-06-10,0R,pAMR0,6,S2528218,S2528218,6,2025-09-09,0R,pAMR0,91,0,future_no_significant_rejection,2,0.4873732743852252
time_only,pair_000186,patient_29c1ec61f11c3c6d,S2133154,S2133154,1,2021-08-03,0R,pAMR0,1,S2142821,S2142821,2,2021-10-05,0R,pAMR0,63,0,future_no_significant_rejection,2,0.5354120304841316
time_only,pair_000187,patient_29c1ec61f11c3c6d,S2133154,S2133154,1,2021-08-03,0R,pAMR0,1,S2156020,S2156020,3,2021-12-28,0R,pAMR0,147,0,future_no_significant_rejection,2,0.4249280584075487
time_only,pair_000188,patient_29c1ec61f11c3c6d,S2133154,S2133154,1,2021-08-03,0R,pAMR0,1,S2210205,S2210205,4,2022-03-15,0R,pAMR0,224,0,future_no_significant_rejection,2,0.37176341214234665
time_only,pair_000189,patient_29c1ec61f11c3c6d,S2142821,S2142821,2,2021-10-05,0R,pAMR0,1,S2156020,S2156020,3,2021-12-28,0R,pAMR0,84,0,future_no_significant_rejection,2,0.4978597539442609
time_only,pair_000190,patient_29c1ec61f11c3c6d,S2142821,S2142821,2,2021-10-05,0R,pAMR0,1,S2210205,S2210205,4,2022-03-15,0R,pAMR0,161,0,future_no_significant_rejection,2,0.41326248386000647
time_only,pair_000191,patient_29c1ec61f11c3c6d,S2156020,S2156020,3,2021-12-28,0R,pAMR0,1,S2210205,S2210205,4,2022-03-15,0R,pAMR0,77,0,future_no_significant_rejection,2,0.5092498113617494
time_only,pair_000218,patient_2e5d461d7873e6f4,S2039743,S2039743,1,2020-10-20,1R,pAMR0,6,S2130898,S2130898,2,2021-07-19,0R,pAMR0,272,0,future_no_significant_rejection,2,0.34815028683325283
time_only,pair_000219,patient_2e5d461d7873e6f4,S2039743,S2039743,1,2020-10-20,1R,pAMR0,6,S2142815,S2142815,3,2021-10-05,1R,pAMR0,350,0,future_no_significant_rejection,2,0.318555011624472
time_only,pair_000220,patient_2e5d461d7873e6f4,S2039743,S2039743,1,2020-10-20,1R,pAMR0,6,S2244727,S2244727,4,2022-10-25,0R,pAMR1,735,1,future_significant_rejection,2,0.23994428664439837
time_only,pair_000221,patient_2e5d461d7873e6f4,S2039743,S2039743,1,2020-10-20,1R,pAMR0,6,S2253528,S2253528,5,2022-12-20,1R,pAMR0,791,0,future_no_significant_rejection,2,0.23292583965165317
time_only,pair_000222,patient_2e5d461d7873e6f4,S2039743,S2039743,1,2020-10-20,1R,pAMR0,6,S2311235,S2311235,6,2023-03-14,0R,pAMR0,875,0,future_no_significant_rejection,2,0.2235134950183434
time_only,pair_000223,patient_2e5d461d7873e6f4,S2130898,S2130898,2,2021-07-19,0R,pAMR0,1,S2142815,S2142815,3,2021-10-05,1R,pAMR0,78,0,future_no_significant_rejection,2,0.5075618128268866
time_only,pair_000224,patient_2e5d461d7873e6f4,S2130898,S2130898,2,2021-07-19,0R,pAMR0,1,S2244727,S2244727,4,2022-10-25,0R,pAMR1,463,1,future_significant_rejection,2,0.28732915541135173
time_only,pair_000225,patient_2e5d461d7873e6f4,S2130898,S2130898,2,2021-07-19,0R,pAMR0,1,S2253528,S2253528,5,2022-12-20,1R,pAMR0,519,0,future_no_significant_rejection,2,0.2751194352737394
time_only,pair_000226,patient_2e5d461d7873e6f4,S2130898,S2130898,2,2021-07-19,0R,pAMR0,1,S2311235,S2311235,6,2023-03-14,0R,pAMR0,603,0,future_no_significant_rejection,2,0.2595722823010589
time_only,pair_000227,patient_2e5d461d7873e6f4,S2142815,S2142815,3,2021-10-05,1R,pAMR0,1,S2244727,S2244727,4,2022-10-25,0R,pAMR1,385,1,future_significant_rejection,2,0.307717051549651
time_only,pair_000228,patient_2e5d461d7873e6f4,S2142815,S2142815,3,2021-10-05,1R,pAMR0,1,S2253528,S2253528,5,2022-12-20,1R,pAMR0,441,0,future_no_significant_rejection,2,0.29263138545643025
time_only,pair_000229,patient_2e5d461d7873e6f4,S2142815,S2142815,3,2021-10-05,1R,pAMR0,1,S2311235,S2311235,6,2023-03-14,0R,pAMR0,525,0,future_no_significant_rejection,2,0.2739080951445838
time_only,pair_000266,patient_33180b505ac426fd,S2434571,S2434571,1,2024-11-28,0R,pAMR0,6,S2501301,S2501301,2,2025-01-14,0R,pAMR0,47,0,future_no_significant_rejection,2,0.5730748025502632
time_only,pair_000267,patient_33180b505ac426fd,S2434571,S2434571,1,2024-11-28,0R,pAMR0,6,S2503128,S2503128,3,2025-02-04,0R,pAMR0,68,0,future_no_significant_rejection,2,0.5254789415327451
time_only,pair_000268,patient_33180b505ac426fd,S2434571,S2434571,1,2024-11-28,0R,pAMR0,6,S2511008,S2511008,4,2025-04-15,1R,pAMR0,138,0,future_no_significant_rejection,2,0.4330757636520778
time_only,pair_000269,patient_33180b505ac426fd,S2434571,S2434571,1,2024-11-28,0R,pAMR0,6,S2515598,S2515598,5,2025-05-27,0R,pAMR0,180,0,future_no_significant_rejection,2,0.39908205226610777
time_only,pair_000270,patient_33180b505ac426fd,S2434571,S2434571,1,2024-11-28,0R,pAMR0,6,S2521240,S2521240,6,2025-07-15,1R,pAMR0,229,0,future_no_significant_rejection,2,0.3690459619977623
time_only,pair_000271,patient_33180b505ac426fd,S2501301,S2501301,2,2025-01-14,0R,pAMR0,3,S2503128,S2503128,3,2025-02-04,0R,pAMR0,21,0,future_no_significant_rejection,2,0.6699652253933683
time_only,pair_000272,patient_33180b505ac426fd,S2501301,S2501301,2,2025-01-14,0R,pAMR0,3,S2511008,S2511008,4,2025-04-15,1R,pAMR0,91,0,future_no_significant_rejection,2,0.4873732743852252
time_only,pair_000273,patient_33180b505ac426fd,S2501301,S2501301,2,2025-01-14,0R,pAMR0,3,S2515598,S2515598,5,2025-05-27,0R,pAMR0,133,0,future_no_significant_rejection,2,0.43785045219778834
time_only,pair_000274,patient_33180b505ac426fd,S2501301,S2501301,2,2025-01-14,0R,pAMR0,3,S2521240,S2521240,6,2025-07-15,1R,pAMR0,182,0,future_no_significant_rejection,2,0.39768567469660243
time_only,pair_000275,patient_33180b505ac426fd,S2503128,S2503128,3,2025-02-04,0R,pAMR0,3,S2511008,S2511008,4,2025-04-15,1R,pAMR0,70,0,future_no_significant_rejection,2,0.521700169640197
time_only,pair_000276,patient_33180b505ac426fd,S2503128,S2503128,3,2025-02-04,0R,pAMR0,3,S2515598,S2515598,5,2025-05-27,0R,pAMR0,112,0,future_no_significant_rejection,2,0.4602040639249782
time_only,pair_000277,patient_33180b505ac426fd,S2503128,S2503128,3,2025-02-04,0R,pAMR0,3,S2521240,S2521240,6,2025-07-15,1R,pAMR0,161,0,future_no_significant_rejection,2,0.41326248386000647
time_only,pair_000278,patient_33180b505ac426fd,S2511008,S2511008,4,2025-04-15,1R,pAMR0,9,S2515598,S2515598,5,2025-05-27,0R,pAMR0,42,0,future_no_significant_rejection,2,0.5872787445412484
time_only,pair_000279,patient_33180b505ac426fd,S2511008,S2511008,4,2025-04-15,1R,pAMR0,9,S2521240,S2521240,6,2025-07-15,1R,pAMR0,91,0,future_no_significant_rejection,2,0.4873732743852252
time_only,pair_000280,patient_33180b505ac426fd,S2515598,S2515598,5,2025-05-27,0R,pAMR0,1,S2521240,S2521240,6,2025-07-15,1R,pAMR0,49,0,future_no_significant_rejection,2,0.5677714956865683
time_only,pair_000312,patient_3840f67f21017b79,S2222833,S2222833,1,2022-06-07,0R,pAMR0,3,S2225223,S2225223,2,2022-06-21,1R,pAMR0,14,0,future_no_significant_rejection,2,0.7132212344367057
time_only,pair_000313,patient_3840f67f21017b79,S2222833,S2222833,1,2022-06-07,0R,pAMR0,3,S2229971,S2229971,3,2022-07-19,1R,pAMR0,42,0,future_no_significant_rejection,2,0.5872787445412484
time_only,pair_000314,patient_3840f67f21017b79,S2222833,S2222833,1,2022-06-07,0R,pAMR0,3,S2235317,S2235317,4,2022-08-23,1R,pAMR0,77,0,future_no_significant_rejection,2,0.5092498113617494
time_only,pair_000315,patient_3840f67f21017b79,S2222833,S2222833,1,2022-06-07,0R,pAMR0,3,S2241563,S2241563,5,2022-10-04,1R,pAMR0,119,0,future_no_significant_rejection,2,0.4522988284006368
time_only,pair_000316,patient_3840f67f21017b79,S2222833,S2222833,1,2022-06-07,0R,pAMR0,3,S2250152,S2250152,6,2022-11-29,1R,pAMR0,175,0,future_no_significant_rejection,2,0.4026490266523421
time_only,pair_000317,patient_3840f67f21017b79,S2222833,S2222833,1,2022-06-07,0R,pAMR0,3,S2308042,S2308042,7,2023-02-21,0R,pAMR0,259,0,future_no_significant_rejection,2,0.3540434771130774
time_only,pair_000318,patient_3840f67f21017b79,S2222833,S2222833,1,2022-06-07,0R,pAMR0,3,S2323102,S2323102,8,2023-05-30,0R,pAMR0,357,0,future_no_significant_rejection,2,0.31628670368059053
time_only,pair_000319,patient_3840f67f21017b79,S2225223,S2225223,2,2022-06-21,1R,pAMR0,3,S2229971,S2229971,3,2022-07-19,1R,pAMR0,28,0,future_no_significant_rejection,2,0.6368146258647578
time_only,pair_000320,patient_3840f67f21017b79,S2225223,S2225223,2,2022-06-21,1R,pAMR0,3,S2235317,S2235317,4,2022-08-23,1R,pAMR0,63,0,future_no_significant_rejection,2,0.5354120304841316
time_only,pair_000321,patient_3840f67f21017b79,S2225223,S2225223,2,2022-06-21,1R,pAMR0,3,S2241563,S2241563,5,2022-10-04,1R,pAMR0,105,0,future_no_significant_rejection,2,0.46863693910605164
time_only,pair_000322,patient_3840f67f21017b79,S2225223,S2225223,2,2022-06-21,1R,pAMR0,3,S2250152,S2250152,6,2022-11-29,1R,pAMR0,161,0,future_no_significant_rejection,2,0.41326248386000647
time_only,pair_000323,patient_3840f67f21017b79,S2225223,S2225223,2,2022-06-21,1R,pAMR0,3,S2308042,S2308042,7,2023-02-21,0R,pAMR0,245,0,future_no_significant_rejection,2,0.36078301481739977
time_only,pair_000324,patient_3840f67f21017b79,S2225223,S2225223,2,2022-06-21,1R,pAMR0,3,S2323102,S2323102,8,2023-05-30,0R,pAMR0,343,0,future_no_significant_rejection,2,0.32087791132533505
time_only,pair_000325,patient_3840f67f21017b79,S2229971,S2229971,3,2022-07-19,1R,pAMR0,1,S2235317,S2235317,4,2022-08-23,1R,pAMR0,35,0,future_no_significant_rejection,2,0.6099088760694382
time_only,pair_000326,patient_3840f67f21017b79,S2229971,S2229971,3,2022-07-19,1R,pAMR0,1,S2241563,S2241563,5,2022-10-04,1R,pAMR0,77,0,future_no_significant_rejection,2,0.5092498113617494
time_only,pair_000327,patient_3840f67f21017b79,S2229971,S2229971,3,2022-07-19,1R,pAMR0,1,S2250152,S2250152,6,2022-11-29,1R,pAMR0,133,0,future_no_significant_rejection,2,0.43785045219778834
time_only,pair_000328,patient_3840f67f21017b79,S2229971,S2229971,3,2022-07-19,1R,pAMR0,1,S2308042,S2308042,7,2023-02-21,0R,pAMR0,217,0,future_no_significant_rejection,2,0.3756852837191211
time_only,pair_000329,patient_3840f67f21017b79,S2229971,S2229971,3,2022-07-19,1R,pAMR0,1,S2323102,S2323102,8,2023-05-30,0R,pAMR0,315,0,future_no_significant_rejection,2,0.3307646565913034
time_only,pair_000330,patient_3840f67f21017b79,S2235317,S2235317,4,2022-08-23,1R,pAMR0,3,S2241563,S2241563,5,2022-10-04,1R,pAMR0,42,0,future_no_significant_rejection,2,0.5872787445412484
time_only,pair_000331,patient_3840f67f21017b79,S2235317,S2235317,4,2022-08-23,1R,pAMR0,3,S2250152,S2250152,6,2022-11-29,1R,pAMR0,98,0,future_no_significant_rejection,2,0.47766586429210645
time_only,pair_000332,patient_3840f67f21017b79,S2235317,S2235317,4,2022-08-23,1R,pAMR0,3,S2308042,S2308042,7,2023-02-21,0R,pAMR0,182,0,future_no_significant_rejection,2,0.39768567469660243
time_only,pair_000333,patient_3840f67f21017b79,S2235317,S2235317,4,2022-08-23,1R,pAMR0,3,S2323102,S2323102,8,2023-05-30,0R,pAMR0,280,0,future_no_significant_rejection,2,0.3446832655048349
time_only,pair_000334,patient_3840f67f21017b79,S2241563,S2241563,5,2022-10-04,1R,pAMR0,3,S2250152,S2250152,6,2022-11-29,1R,pAMR0,56,0,future_no_significant_rejection,2,0.5506498691194912
time_only,pair_000335,patient_3840f67f21017b79,S2241563,S2241563,5,2022-10-04,1R,pAMR0,3,S2308042,S2308042,7,2023-02-21,0R,pAMR0,140,0,future_no_significant_rejection,2,0.4312171243879901
time_only,pair_000336,patient_3840f67f21017b79,S2241563,S2241563,5,2022-10-04,1R,pAMR0,3,S2323102,S2323102,8,2023-05-30,0R,pAMR0,238,0,future_no_significant_rejection,2,0.36432011789197605
time_only,pair_000337,patient_3840f67f21017b79,S2250152,S2250152,6,2022-11-29,1R,pAMR0,3,S2308042,S2308042,7,2023-02-21,0R,pAMR0,84,0,future_no_significant_rejection,2,0.4978597539442609
time_only,pair_000338,patient_3840f67f21017b79,S2250152,S2250152,6,2022-11-29,1R,pAMR0,3,S2323102,S2323102,8,2023-05-30,0R,pAMR0,182,0,future_no_significant_rejection,2,0.39768567469660243
time_only,pair_000339,patient_3840f67f21017b79,S2308042,S2308042,7,2023-02-21,0R,pAMR0,1,S2323102,S2323102,8,2023-05-30,0R,pAMR0,98,0,future_no_significant_rejection,2,0.47766586429210645
time_only,pair_000340,patient_3b33f0c3a0f54d90,S2032124,S2032124,1,2020-08-11,0R,pAMR0,1,S2047227,S2047227,2,2020-11-27,1R,pAMR2,108,1,future_significant_rejection,2,0.4649541363614081
time_only,pair_000341,patient_3fc4b14a03335d7f,S2202569,S2202569,1,2022-01-18,1R,pAMR0,7,S2203739,S2203739,2,2022-01-25,1R,pAMR0,7,0,future_no_significant_rejection,2,0.7763208100439725
time_only,pair_000342,patient_3fc4b14a03335d7f,S2202569,S2202569,1,2022-01-18,1R,pAMR0,7,S2206286,S2206286,3,2022-02-15,0R,pAMR0,28,0,future_no_significant_rejection,2,0.6368146258647578
time_only,pair_000343,patient_3fc4b14a03335d7f,S2202569,S2202569,1,2022-01-18,1R,pAMR0,7,S2212215,S2212215,4,2022-03-29,1R,pAMR0,70,0,future_no_significant_rejection,2,0.521700169640197
time_only,pair_000344,patient_3fc4b14a03335d7f,S2202569,S2202569,1,2022-01-18,1R,pAMR0,7,S2217673,S2217673,5,2022-05-03,0R,pAMR0,105,0,future_no_significant_rejection,2,0.46863693910605164
time_only,pair_000345,patient_3fc4b14a03335d7f,S2202569,S2202569,1,2022-01-18,1R,pAMR0,7,S2225224,S2225224,6,2022-06-21,0R,pAMR0,154,0,future_no_significant_rejection,2,0.41895221057563115
time_only,pair_000346,patient_3fc4b14a03335d7f,S2202569,S2202569,1,2022-01-18,1R,pAMR0,7,S2240720,S2240720,7,2022-09-27,1R,pAMR0,252,0,future_no_significant_rejection,2,0.3573595731945018
time_only,pair_000347,patient_3fc4b14a03335d7f,S2203739,S2203739,2,2022-01-25,1R,pAMR0,5,S2206286,S2206286,3,2022-02-15,0R,pAMR0,21,0,future_no_significant_rejection,2,0.6699652253933683
time_only,pair_000348,patient_3fc4b14a03335d7f,S2203739,S2203739,2,2022-01-25,1R,pAMR0,5,S2212215,S2212215,4,2022-03-29,1R,pAMR0,63,0,future_no_significant_rejection,2,0.5354120304841316
time_only,pair_000349,patient_3fc4b14a03335d7f,S2203739,S2203739,2,2022-01-25,1R,pAMR0,5,S2217673,S2217673,5,2022-05-03,0R,pAMR0,98,0,future_no_significant_rejection,2,0.47766586429210645
time_only,pair_000350,patient_3fc4b14a03335d7f,S2203739,S2203739,2,2022-01-25,1R,pAMR0,5,S2225224,S2225224,6,2022-06-21,0R,pAMR0,147,0,future_no_significant_rejection,2,0.4249280584075487
time_only,pair_000351,patient_3fc4b14a03335d7f,S2203739,S2203739,2,2022-01-25,1R,pAMR0,5,S2240720,S2240720,7,2022-09-27,1R,pAMR0,245,0,future_no_significant_rejection,2,0.36078301481739977
time_only,pair_000352,patient_3fc4b14a03335d7f,S2206286,S2206286,3,2022-02-15,0R,pAMR0,3,S2212215,S2212215,4,2022-03-29,1R,pAMR0,42,0,future_no_significant_rejection,2,0.5872787445412484
time_only,pair_000353,patient_3fc4b14a03335d7f,S2206286,S2206286,3,2022-02-15,0R,pAMR0,3,S2217673,S2217673,5,2022-05-03,0R,pAMR0,77,0,future_no_significant_rejection,2,0.5092498113617494
time_only,pair_000354,patient_3fc4b14a03335d7f,S2206286,S2206286,3,2022-02-15,0R,pAMR0,3,S2225224,S2225224,6,2022-06-21,0R,pAMR0,126,0,future_no_significant_rejection,2,0.44486383418916947
time_only,pair_000355,patient_3fc4b14a03335d7f,S2206286,S2206286,3,2022-02-15,0R,pAMR0,3,S2240720,S2240720,7,2022-09-27,1R,pAMR0,224,0,future_no_significant_rejection,2,0.37176341214234665
time_only,pair_000356,patient_3fc4b14a03335d7f,S2212215,S2212215,4,2022-03-29,1R,pAMR0,1,S2217673,S2217673,5,2022-05-03,0R,pAMR0,35,0,future_no_significant_rejection,2,0.6099088760694382
time_only,pair_000357,patient_3fc4b14a03335d7f,S2212215,S2212215,4,2022-03-29,1R,pAMR0,1,S2225224,S2225224,6,2022-06-21,0R,pAMR0,84,0,future_no_significant_rejection,2,0.4978597539442609
time_only,pair_000358,patient_3fc4b14a03335d7f,S2212215,S2212215,4,2022-03-29,1R,pAMR0,1,S2240720,S2240720,7,2022-09-27,1R,pAMR0,182,0,future_no_significant_rejection,2,0.39768567469660243
time_only,pair_000359,patient_3fc4b14a03335d7f,S2217673,S2217673,5,2022-05-03,0R,pAMR0,1,S2225224,S2225224,6,2022-06-21,0R,pAMR0,49,0,future_no_significant_rejection,2,0.5677714956865683
time_only,pair_000360,patient_3fc4b14a03335d7f,S2217673,S2217673,5,2022-05-03,0R,pAMR0,1,S2240720,S2240720,7,2022-09-27,1R,pAMR0,147,0,future_no_significant_rejection,2,0.4249280584075487
time_only,pair_000361,patient_3fc4b14a03335d7f,S2225224,S2225224,6,2022-06-21,0R,pAMR0,1,S2240720,S2240720,7,2022-09-27,1R,pAMR0,98,0,future_no_significant_rejection,2,0.47766586429210645
time_only,pair_000401,patient_46cfa1714c823433,S2350728,S2350728,1,2023-11-28,0R,pAMR0,1,S2353999,S2353999,2,2023-12-19,0R,pAMR0,21,0,future_no_significant_rejection,2,0.6699652253933683
time_only,pair_000402,patient_46cfa1714c823433,S2350728,S2350728,1,2023-11-28,0R,pAMR0,1,S2414957,S2414957,3,2024-05-21,0R,pAMR0,175,0,future_no_significant_rejection,2,0.4026490266523421
time_only,pair_000403,patient_46cfa1714c823433,S2350728,S2350728,1,2023-11-28,0R,pAMR0,1,S2423619,S2423619,4,2024-08-13,0R,pAMR0,259,0,future_no_significant_rejection,2,0.3540434771130774
time_only,pair_000404,patient_46cfa1714c823433,S2353999,S2353999,2,2023-12-19,0R,pAMR0,1,S2414957,S2414957,3,2024-05-21,0R,pAMR0,154,0,future_no_significant_rejection,2,0.41895221057563115
time_only,pair_000405,patient_46cfa1714c823433,S2353999,S2353999,2,2023-12-19,0R,pAMR0,1,S2423619,S2423619,4,2024-08-13,0R,pAMR0,238,0,future_no_significant_rejection,2,0.36432011789197605
time_only,pair_000406,patient_46cfa1714c823433,S2414957,S2414957,3,2024-05-21,0R,pAMR0,2,S2423619,S2423619,4,2024-08-13,0R,pAMR0,84,0,future_no_significant_rejection,2,0.4978597539442609
time_only,pair_000466,patient_503148ddee5b72e0,S2229537,S2229537,1,2022-07-15,1R,pAMR0,4,S2237601,S2237601,2,2022-09-06,0R,pAMR0,53,0,future_no_significant_rejection,2,0.5577318328472948
time_only,pair_000467,patient_503148ddee5b72e0,S2229537,S2229537,1,2022-07-15,1R,pAMR0,4,S2312320,S2312320,3,2023-03-21,1R,pAMR0,249,0,future_no_significant_rejection,2,0.35881326182791395
time_only,pair_000468,patient_503148ddee5b72e0,S2229537,S2229537,1,2022-07-15,1R,pAMR0,4,S2327485,S2327485,4,2023-06-27,0R,pAMR0,347,0,future_no_significant_rejection,2,0.3195437218160608
time_only,pair_000469,patient_503148ddee5b72e0,S2237601,S2237601,2,2022-09-06,0R,pAMR0,1,S2312320,S2312320,3,2023-03-21,1R,pAMR0,196,0,future_no_significant_rejection,2,0.38836247550712566
time_only,pair_000470,patient_503148ddee5b72e0,S2237601,S2237601,2,2022-09-06,0R,pAMR0,1,S2327485,S2327485,4,2023-06-27,0R,pAMR0,294,0,future_no_significant_rejection,2,0.33888427614516153
time_only,pair_000471,patient_503148ddee5b72e0,S2312320,S2312320,3,2023-03-21,1R,pAMR0,1,S2327485,S2327485,4,2023-06-27,0R,pAMR0,98,0,future_no_significant_rejection,2,0.47766586429210645
time_only,pair_000472,patient_5a68de4c65c56662,S2235518,S2235518,1,2022-08-24,0R,pAMR0,4,S2238299,S2238299,2,2022-09-13,1R,pAMR0,20,0,future_no_significant_rejection,2,0.6753956296531902
time_only,pair_000473,patient_5a68de4c65c56662,S2235518,S2235518,1,2022-08-24,0R,pAMR0,4,S2242500,S2242500,3,2022-10-11,0R,pAMR0,48,0,future_no_significant_rejection,2,0.5703981098945352
time_only,pair_000474,patient_5a68de4c65c56662,S2235518,S2235518,1,2022-08-24,0R,pAMR0,4,S2246786,S2246786,4,2022-11-08,0R,pAMR0,76,0,future_no_significant_rejection,2,0.5109593759627375
time_only,pair_000475,patient_5a68de4c65c56662,S2235518,S2235518,1,2022-08-24,0R,pAMR0,4,S2254886,S2254886,5,2022-12-28,0R,pAMR0,126,0,future_no_significant_rejection,2,0.44486383418916947
time_only,pair_000476,patient_5a68de4c65c56662,S2238299,S2238299,2,2022-09-13,1R,pAMR0,3,S2242500,S2242500,3,2022-10-11,0R,pAMR0,28,0,future_no_significant_rejection,2,0.6368146258647578
time_only,pair_000477,patient_5a68de4c65c56662,S2238299,S2238299,2,2022-09-13,1R,pAMR0,3,S2246786,S2246786,4,2022-11-08,0R,pAMR0,56,0,future_no_significant_rejection,2,0.5506498691194912
time_only,pair_000478,patient_5a68de4c65c56662,S2238299,S2238299,2,2022-09-13,1R,pAMR0,3,S2254886,S2254886,5,2022-12-28,0R,pAMR0,106,0,future_no_significant_rejection,2,0.4673974812118739
time_only,pair_000479,patient_5a68de4c65c56662,S2242500,S2242500,3,2022-10-11,0R,pAMR0,1,S2246786,S2246786,4,2022-11-08,0R,pAMR0,28,0,future_no_significant_rejection,2,0.6368146258647578
time_only,pair_000480,patient_5a68de4c65c56662,S2242500,S2242500,3,2022-10-11,0R,pAMR0,1,S2254886,S2254886,5,2022-12-28,0R,pAMR0,78,0,future_no_significant_rejection,2,0.5075618128268866
time_only,pair_000481,patient_5a68de4c65c56662,S2246786,S2246786,4,2022-11-08,0R,pAMR0,1,S2254886,S2254886,5,2022-12-28,0R,pAMR0,50,0,future_no_significant_rejection,2,0.5651931927258111
time_only,pair_000507,patient_69d6941869afda05,S2206289,S2206289,1,2022-02-15,1R,pAMR0,3,S2210209,S2210209,2,2022-03-15,2R,pAMR0,28,1,future_significant_rejection,2,0.6368146258647578
time_only,pair_000508,patient_69d6941869afda05,S2206289,S2206289,1,2022-02-15,1R,pAMR0,3,S2214323,S2214323,3,2022-04-12,0R,pAMR0,56,0,future_no_significant_rejection,2,0.5506498691194912
time_only,pair_000509,patient_69d6941869afda05,S2206289,S2206289,1,2022-02-15,1R,pAMR0,3,S2219751,S2219751,4,2022-05-17,1R,pAMR0,91,0,future_no_significant_rejection,2,0.4873732743852252
time_only,pair_000510,patient_69d6941869afda05,S2206289,S2206289,1,2022-02-15,1R,pAMR0,3,S2224010,S2224010,5,2022-06-14,1R,pAMR0,119,0,future_no_significant_rejection,2,0.4522988284006368
time_only,pair_000511,patient_69d6941869afda05,S2206289,S2206289,1,2022-02-15,1R,pAMR0,3,S2232194,S2232194,6,2022-08-02,0R,pAMR0,168,0,future_no_significant_rejection,2,0.40783508842024474
time_only,pair_000512,patient_69d6941869afda05,S2206289,S2206289,1,2022-02-15,1R,pAMR0,3,S2241565,S2241565,7,2022-10-04,0R,pAMR0,231,0,future_no_significant_rejection,2,0.36797775312505737
time_only,pair_000513,patient_69d6941869afda05,S2206289,S2206289,1,2022-02-15,1R,pAMR0,3,S2253524,S2253524,8,2022-12-20,1R,pAMR0,308,0,future_no_significant_rejection,2,0.333398875215242
time_only,pair_000532,patient_6e852ae1e67cc6a5,S2521239,S2521239,1,2025-07-15,0R,pAMR0,1,S2522994,S2522994,2,2025-07-29,0R,pAMR0,14,0,future_no_significant_rejection,2,0.7132212344367057
time_only,pair_000533,patient_6e852ae1e67cc6a5,S2521239,S2521239,1,2025-07-15,0R,pAMR0,1,S2526362,S2526362,3,2025-08-26,0R,pAMR0,42,0,future_no_significant_rejection,2,0.5872787445412484
time_only,pair_000534,patient_6e852ae1e67cc6a5,S2521239,S2521239,1,2025-07-15,0R,pAMR0,1,S2530049,S2530049,4,2025-09-23,0R,pAMR0,70,0,future_no_significant_rejection,2,0.521700169640197
time_only,pair_000535,patient_6e852ae1e67cc6a5,S2522994,S2522994,2,2025-07-29,0R,pAMR0,1,S2526362,S2526362,3,2025-08-26,0R,pAMR0,28,0,future_no_significant_rejection,2,0.6368146258647578
time_only,pair_000536,patient_6e852ae1e67cc6a5,S2522994,S2522994,2,2025-07-29,0R,pAMR0,1,S2530049,S2530049,4,2025-09-23,0R,pAMR0,56,0,future_no_significant_rejection,2,0.5506498691194912
time_only,pair_000537,patient_6e852ae1e67cc6a5,S2526362,S2526362,3,2025-08-26,0R,pAMR0,5,S2530049,S2530049,4,2025-09-23,0R,pAMR0,28,0,future_no_significant_rejection,2,0.6368146258647578
time_only,pair_000564,patient_71a52624c9074da6,S2320992,S2320992,1,2023-05-17,0R,pAMR0,2,S2325142,S2325142,2,2023-06-13,0R,pAMR0,27,0,future_no_significant_rejection,2,0.6411064663002721
time_only,pair_000565,patient_71a52624c9074da6,S2320992,S2320992,1,2023-05-17,0R,pAMR0,2,S2330985,S2330985,3,2023-07-18,0R,pAMR0,62,0,future_no_significant_rejection,2,0.5374882795043789
time_only,pair_000566,patient_71a52624c9074da6,S2320992,S2320992,1,2023-05-17,0R,pAMR0,2,S2336494,S2336494,4,2023-08-22,0R,pAMR0,97,0,future_no_significant_rejection,2,0.47900897030458045
time_only,pair_000567,patient_71a52624c9074da6,S2320992,S2320992,1,2023-05-17,0R,pAMR0,2,S2344458,S2344458,5,2023-10-17,0R,pAMR0,153,0,future_no_significant_rejection,2,0.41978779197624616
time_only,pair_000568,patient_71a52624c9074da6,S2320992,S2320992,1,2023-05-17,0R,pAMR0,2,S2352827,S2352827,6,2023-12-12,0R,pAMR0,209,0,future_no_significant_rejection,2,0.38034576540305604
time_only,pair_000569,patient_71a52624c9074da6,S2325142,S2325142,2,2023-06-13,0R,pAMR0,1,S2330985,S2330985,3,2023-07-18,0R,pAMR0,35,0,future_no_significant_rejection,2,0.6099088760694382
time_only,pair_000570,patient_71a52624c9074da6,S2325142,S2325142,2,2023-06-13,0R,pAMR0,1,S2336494,S2336494,4,2023-08-22,0R,pAMR0,70,0,future_no_significant_rejection,2,0.521700169640197
time_only,pair_000571,patient_71a52624c9074da6,S2325142,S2325142,2,2023-06-13,0R,pAMR0,1,S2344458,S2344458,5,2023-10-17,0R,pAMR0,126,0,future_no_significant_rejection,2,0.44486383418916947
time_only,pair_000572,patient_71a52624c9074da6,S2325142,S2325142,2,2023-06-13,0R,pAMR0,1,S2352827,S2352827,6,2023-12-12,0R,pAMR0,182,0,future_no_significant_rejection,2,0.39768567469660243
time_only,pair_000573,patient_71a52624c9074da6,S2330985,S2330985,3,2023-07-18,0R,pAMR0,1,S2336494,S2336494,4,2023-08-22,0R,pAMR0,35,0,future_no_significant_rejection,2,0.6099088760694382
time_only,pair_000574,patient_71a52624c9074da6,S2330985,S2330985,3,2023-07-18,0R,pAMR0,1,S2344458,S2344458,5,2023-10-17,0R,pAMR0,91,0,future_no_significant_rejection,2,0.4873732743852252
time_only,pair_000575,patient_71a52624c9074da6,S2330985,S2330985,3,2023-07-18,0R,pAMR0,1,S2352827,S2352827,6,2023-12-12,0R,pAMR0,147,0,future_no_significant_rejection,2,0.4249280584075487
time_only,pair_000576,patient_71a52624c9074da6,S2336494,S2336494,4,2023-08-22,0R,pAMR0,1,S2344458,S2344458,5,2023-10-17,0R,pAMR0,56,0,future_no_significant_rejection,2,0.5506498691194912
time_only,pair_000577,patient_71a52624c9074da6,S2336494,S2336494,4,2023-08-22,0R,pAMR0,1,S2352827,S2352827,6,2023-12-12,0R,pAMR0,112,0,future_no_significant_rejection,2,0.4602040639249782
time_only,pair_000578,patient_71a52624c9074da6,S2344458,S2344458,5,2023-10-17,0R,pAMR0,1,S2352827,S2352827,6,2023-12-12,0R,pAMR0,56,0,future_no_significant_rejection,2,0.5506498691194912
time_only,pair_000579,patient_780d5b318208b01a,S2339819,S2339819,1,2023-09-12,1R,pAMR0,3,S2406753,S2406753,2,2024-02-13,0R,pAMR0,154,0,future_no_significant_rejection,2,0.41895221057563115
time_only,pair_000580,patient_780d5b318208b01a,S2339819,S2339819,1,2023-09-12,1R,pAMR0,3,S2423616,S2423616,3,2024-08-13,0R,pAMR0,336,0,future_no_significant_rejection,2,0.32325774903935206
time_only,pair_000581,patient_780d5b318208b01a,S2406753,S2406753,2,2024-02-13,0R,pAMR0,7,S2423616,S2423616,3,2024-08-13,0R,pAMR0,182,0,future_no_significant_rejection,2,0.39768567469660243
time_only,pair_000583,patient_79f0ef3e7f376fdb,S2352429,S2352429,1,2023-12-08,0R,pAMR0,3,S2406038,S2406038,2,2024-02-06,0R,pAMR0,60,0,future_no_significant_rejection,2,0.5417373874884841
time_only,pair_000584,patient_79f0ef3e7f376fdb,S2352429,S2352429,1,2023-12-08,0R,pAMR0,3,S2409390,S2409390,3,2024-03-12,0R,pAMR0,95,0,future_no_significant_rejection,2,0.4817377086815616
time_only,pair_000585,patient_79f0ef3e7f376fdb,S2352429,S2352429,1,2023-12-08,0R,pAMR0,3,S2413768,S2413768,4,2024-05-07,0R,pAMR0,151,0,future_no_significant_rejection,2,0.42147675518001215
time_only,pair_000586,patient_79f0ef3e7f376fdb,S2352429,S2352429,1,2023-12-08,0R,pAMR0,3,S2431862,S2431862,5,2024-11-05,0R,pAMR0,333,0,future_no_significant_rejection,2,0.32429572216312147
time_only,pair_000587,patient_79f0ef3e7f376fdb,S2406038,S2406038,2,2024-02-06,0R,pAMR0,9,S2409390,S2409390,3,2024-03-12,0R,pAMR0,35,0,future_no_significant_rejection,2,0.6099088760694382
time_only,pair_000588,patient_79f0ef3e7f376fdb,S2406038,S2406038,2,2024-02-06,0R,pAMR0,9,S2413768,S2413768,4,2024-05-07,0R,pAMR0,91,0,future_no_significant_rejection,2,0.4873732743852252
time_only,pair_000589,patient_79f0ef3e7f376fdb,S2406038,S2406038,2,2024-02-06,0R,pAMR0,9,S2431862,S2431862,5,2024-11-05,0R,pAMR0,273,0,future_no_significant_rejection,2,0.34771049369454443
time_only,pair_000590,patient_79f0ef3e7f376fdb,S2409390,S2409390,3,2024-03-12,0R,pAMR0,1,S2413768,S2413768,4,2024-05-07,0R,pAMR0,56,0,future_no_significant_rejection,2,0.5506498691194912
time_only,pair_000591,patient_79f0ef3e7f376fdb,S2409390,S2409390,3,2024-03-12,0R,pAMR0,1,S2431862,S2431862,5,2024-11-05,0R,pAMR0,238,0,future_no_significant_rejection,2,0.36432011789197605
time_only,pair_000592,patient_79f0ef3e7f376fdb,S2413768,S2413768,4,2024-05-07,0R,pAMR0,2,S2431862,S2431862,5,2024-11-05,0R,pAMR0,182,0,future_no_significant_rejection,2,0.39768567469660243
time_only,pair_000621,patient_88518ae12a01280d,S2527323,S2527323,1,2025-09-02,0R,pAMR0,1,S2530991,S2530991,2,2025-09-30,0R,pAMR0,28,0,future_no_significant_rejection,2,0.6368146258647578
time_only,pair_000622,patient_88518ae12a01280d,S2527323,S2527323,1,2025-09-02,0R,pAMR0,1,S2535840,S2535840,3,2025-11-11,0R,pAMR0,70,0,future_no_significant_rejection,2,0.521700169640197
time_only,pair_000623,patient_88518ae12a01280d,S2530991,S2530991,2,2025-09-30,0R,pAMR0,1,S2535840,S2535840,3,2025-11-11,0R,pAMR0,42,0,future_no_significant_rejection,2,0.5872787445412484
time_only,pair_000630,patient_897fc368fe7593b2,S2409389,S2409389,1,2024-03-12,0R,pAMR0,4,S2410451,S2410451,2,2024-03-26,0R,pAMR0,14,0,future_no_significant_rejection,2,0.7132212344367057
time_only,pair_000631,patient_897fc368fe7593b2,S2409389,S2409389,1,2024-03-12,0R,pAMR0,4,S2413342,S2413342,3,2024-04-30,0R,pAMR0,49,0,future_no_significant_rejection,2,0.5677714956865683
time_only,pair_000632,patient_897fc368fe7593b2,S2409389,S2409389,1,2024-03-12,0R,pAMR0,4,S2414955,S2414955,4,2024-05-21,0R,pAMR0,70,0,future_no_significant_rejection,2,0.521700169640197
time_only,pair_000633,patient_897fc368fe7593b2,S2409389,S2409389,1,2024-03-12,0R,pAMR0,4,S2419848,S2419848,5,2024-07-08,0R,pAMR0,118,0,future_no_significant_rejection,2,0.45339812272452973
time_only,pair_000634,patient_897fc368fe7593b2,S2409389,S2409389,1,2024-03-12,0R,pAMR0,4,S2424250,S2424250,6,2024-08-20,0R,pAMR0,161,0,future_no_significant_rejection,2,0.41326248386000647
time_only,pair_000635,patient_897fc368fe7593b2,S2409389,S2409389,1,2024-03-12,0R,pAMR0,4,S2431866,S2431866,7,2024-11-05,0R,pAMR0,238,0,future_no_significant_rejection,2,0.36432011789197605
time_only,pair_000636,patient_897fc368fe7593b2,S2409389,S2409389,1,2024-03-12,0R,pAMR0,4,S2504719,S2504719,8,2025-02-18,0R,pAMR0,343,0,future_no_significant_rejection,2,0.32087791132533505
time_only,pair_000637,patient_897fc368fe7593b2,S2410451,S2410451,2,2024-03-26,0R,pAMR0,1,S2413342,S2413342,3,2024-04-30,0R,pAMR0,35,0,future_no_significant_rejection,2,0.6099088760694382
time_only,pair_000638,patient_897fc368fe7593b2,S2410451,S2410451,2,2024-03-26,0R,pAMR0,1,S2414955,S2414955,4,2024-05-21,0R,pAMR0,56,0,future_no_significant_rejection,2,0.5506498691194912
time_only,pair_000639,patient_897fc368fe7593b2,S2410451,S2410451,2,2024-03-26,0R,pAMR0,1,S2419848,S2419848,5,2024-07-08,0R,pAMR0,104,0,future_no_significant_rejection,2,0.4698885381608795
time_only,pair_000640,patient_897fc368fe7593b2,S2410451,S2410451,2,2024-03-26,0R,pAMR0,1,S2424250,S2424250,6,2024-08-20,0R,pAMR0,147,0,future_no_significant_rejection,2,0.4249280584075487
time_only,pair_000641,patient_897fc368fe7593b2,S2410451,S2410451,2,2024-03-26,0R,pAMR0,1,S2431866,S2431866,7,2024-11-05,0R,pAMR0,224,0,future_no_significant_rejection,2,0.37176341214234665
time_only,pair_000642,patient_897fc368fe7593b2,S2410451,S2410451,2,2024-03-26,0R,pAMR0,1,S2504719,S2504719,8,2025-02-18,0R,pAMR0,329,0,future_no_significant_rejection,2,0.32569701948212504
time_only,pair_000643,patient_897fc368fe7593b2,S2413342,S2413342,3,2024-04-30,0R,pAMR0,2,S2414955,S2414955,4,2024-05-21,0R,pAMR0,21,0,future_no_significant_rejection,2,0.6699652253933683
time_only,pair_000644,patient_897fc368fe7593b2,S2413342,S2413342,3,2024-04-30,0R,pAMR0,2,S2419848,S2419848,5,2024-07-08,0R,pAMR0,69,0,future_no_significant_rejection,2,0.5235763970264711
time_only,pair_000645,patient_897fc368fe7593b2,S2413342,S2413342,3,2024-04-30,0R,pAMR0,2,S2424250,S2424250,6,2024-08-20,0R,pAMR0,112,0,future_no_significant_rejection,2,0.4602040639249782
time_only,pair_000646,patient_897fc368fe7593b2,S2413342,S2413342,3,2024-04-30,0R,pAMR0,2,S2431866,S2431866,7,2024-11-05,0R,pAMR0,189,0,future_no_significant_rejection,2,0.3929284394829625
time_only,pair_000647,patient_897fc368fe7593b2,S2413342,S2413342,3,2024-04-30,0R,pAMR0,2,S2504719,S2504719,8,2025-02-18,0R,pAMR0,294,0,future_no_significant_rejection,2,0.33888427614516153
time_only,pair_000648,patient_897fc368fe7593b2,S2414955,S2414955,4,2024-05-21,0R,pAMR0,2,S2419848,S2419848,5,2024-07-08,0R,pAMR0,48,0,future_no_significant_rejection,2,0.5703981098945352
time_only,pair_000649,patient_897fc368fe7593b2,S2414955,S2414955,4,2024-05-21,0R,pAMR0,2,S2424250,S2424250,6,2024-08-20,0R,pAMR0,91,0,future_no_significant_rejection,2,0.4873732743852252
time_only,pair_000650,patient_897fc368fe7593b2,S2414955,S2414955,4,2024-05-21,0R,pAMR0,2,S2431866,S2431866,7,2024-11-05,0R,pAMR0,168,0,future_no_significant_rejection,2,0.40783508842024474
time_only,pair_000651,patient_897fc368fe7593b2,S2414955,S2414955,4,2024-05-21,0R,pAMR0,2,S2504719,S2504719,8,2025-02-18,0R,pAMR0,273,0,future_no_significant_rejection,2,0.34771049369454443
time_only,pair_000652,patient_897fc368fe7593b2,S2419848,S2419848,5,2024-07-08,0R,pAMR0,2,S2424250,S2424250,6,2024-08-20,0R,pAMR0,43,0,future_no_significant_rejection,2,0.5843213663371664
time_only,pair_000653,patient_897fc368fe7593b2,S2419848,S2419848,5,2024-07-08,0R,pAMR0,2,S2431866,S2431866,7,2024-11-05,0R,pAMR0,120,0,future_no_significant_rejection,2,0.45120911634674377
time_only,pair_000654,patient_897fc368fe7593b2,S2419848,S2419848,5,2024-07-08,0R,pAMR0,2,S2504719,S2504719,8,2025-02-18,0R,pAMR0,225,0,future_no_significant_rejection,2,0.37121446322489604
time_only,pair_000655,patient_897fc368fe7593b2,S2424250,S2424250,6,2024-08-20,0R,pAMR0,2,S2431866,S2431866,7,2024-11-05,0R,pAMR0,77,0,future_no_significant_rejection,2,0.5092498113617494
time_only,pair_000656,patient_897fc368fe7593b2,S2424250,S2424250,6,2024-08-20,0R,pAMR0,2,S2504719,S2504719,8,2025-02-18,0R,pAMR0,182,0,future_no_significant_rejection,2,0.39768567469660243
time_only,pair_000657,patient_897fc368fe7593b2,S2431866,S2431866,7,2024-11-05,0R,pAMR0,2,S2504719,S2504719,8,2025-02-18,0R,pAMR0,105,0,future_no_significant_rejection,2,0.46863693910605164
time_only,pair_000686,patient_937267369badf303,S2300363,S2300363,1,2023-01-03,0R,pAMR0,2,S2308043,S2308043,2,2023-02-21,1R,pAMR0,49,0,future_no_significant_rejection,2,0.5677714956865683
time_only,pair_000687,patient_937267369badf303,S2300363,S2300363,1,2023-01-03,0R,pAMR0,2,S2312323,S2312323,3,2023-03-21,0R,pAMR0,77,0,future_no_significant_rejection,2,0.5092498113617494
time_only,pair_000688,patient_937267369badf303,S2300363,S2300363,1,2023-01-03,0R,pAMR0,2,S2319878,S2319878,4,2023-05-09,0R,pAMR0,126,0,future_no_significant_rejection,2,0.44486383418916947
time_only,pair_000689,patient_937267369badf303,S2308043,S2308043,2,2023-02-21,1R,pAMR0,1,S2312323,S2312323,3,2023-03-21,0R,pAMR0,28,0,future_no_significant_rejection,2,0.6368146258647578
time_only,pair_000690,patient_937267369badf303,S2308043,S2308043,2,2023-02-21,1R,pAMR0,1,S2319878,S2319878,4,2023-05-09,0R,pAMR0,77,0,future_no_significant_rejection,2,0.5092498113617494
time_only,pair_000691,patient_937267369badf303,S2312323,S2312323,3,2023-03-21,0R,pAMR0,1,S2319878,S2319878,4,2023-05-09,0R,pAMR0,49,0,future_no_significant_rejection,2,0.5677714956865683
time_only,pair_000709,patient_9b81a2766f087b27,S2111062,S2111062,1,2021-03-16,1R,pAMR0,3,S2114402,S2114402,2,2021-04-06,0R,pAMR0,21,0,future_no_significant_rejection,2,0.6699652253933683
time_only,pair_000710,patient_9b81a2766f087b27,S2111062,S2111062,1,2021-03-16,1R,pAMR0,3,S2119964,S2119964,3,2021-05-11,0R,pAMR2,56,1,future_significant_rejection,2,0.5506498691194912
time_only,pair_000711,patient_9b81a2766f087b27,S2111062,S2111062,1,2021-03-16,1R,pAMR0,3,S2150495,S2150495,4,2021-11-23,1R,pAMR1,252,1,future_significant_rejection,2,0.3573595731945018
time_only,pair_000712,patient_9b81a2766f087b27,S2111062,S2111062,1,2021-03-16,1R,pAMR0,3,S2209234,S2209234,5,2022-03-08,0R,pAMR0,357,0,future_no_significant_rejection,2,0.31628670368059053
time_only,pair_000713,patient_9b81a2766f087b27,S2114402,S2114402,2,2021-04-06,0R,pAMR0,1,S2119964,S2119964,3,2021-05-11,0R,pAMR2,35,1,future_significant_rejection,2,0.6099088760694382
time_only,pair_000714,patient_9b81a2766f087b27,S2114402,S2114402,2,2021-04-06,0R,pAMR0,1,S2150495,S2150495,4,2021-11-23,1R,pAMR1,231,1,future_significant_rejection,2,0.36797775312505737
time_only,pair_000715,patient_9b81a2766f087b27,S2114402,S2114402,2,2021-04-06,0R,pAMR0,1,S2209234,S2209234,5,2022-03-08,0R,pAMR0,336,0,future_no_significant_rejection,2,0.32325774903935206
time_only,pair_000716,patient_a533d77edf530d7d,S2332144,S2332144,1,2023-07-25,0R,pAMR0,5,S2334386,S2334386,2,2023-08-08,0R,pAMR0,14,0,future_no_significant_rejection,2,0.7132212344367057
time_only,pair_000717,patient_a533d77edf530d7d,S2332144,S2332144,1,2023-07-25,0R,pAMR0,5,S2338786,S2338786,3,2023-09-05,1R,pAMR0,42,0,future_no_significant_rejection,2,0.5872787445412484
time_only,pair_000718,patient_a533d77edf530d7d,S2332144,S2332144,1,2023-07-25,0R,pAMR0,5,S2343314,S2343314,4,2023-10-11,0R,pAMR0,78,0,future_no_significant_rejection,2,0.5075618128268866
time_only,pair_000719,patient_a533d77edf530d7d,S2332144,S2332144,1,2023-07-25,0R,pAMR0,5,S2346179,S2346179,5,2023-10-27,1R,pAMR0,94,0,future_no_significant_rejection,2,0.48312389875175704
time_only,pair_000720,patient_a533d77edf530d7d,S2332144,S2332144,1,2023-07-25,0R,pAMR0,5,S2348398,S2348398,6,2023-11-14,0R,pAMR0,112,0,future_no_significant_rejection,2,0.4602040639249782
time_only,pair_000721,patient_a533d77edf530d7d,S2332144,S2332144,1,2023-07-25,0R,pAMR0,5,S2352825,S2352825,7,2023-12-12,1R,pAMR0,140,0,future_no_significant_rejection,2,0.4312171243879901
time_only,pair_000722,patient_a533d77edf530d7d,S2332144,S2332144,1,2023-07-25,0R,pAMR0,5,S2402484,S2402484,8,2024-01-16,0R,pAMR0,175,0,future_no_significant_rejection,2,0.4026490266523421
time_only,pair_000723,patient_a533d77edf530d7d,S2332144,S2332144,1,2023-07-25,0R,pAMR0,5,S2420603,S2420603,9,2024-07-16,0R,pAMR0,357,0,future_no_significant_rejection,2,0.31628670368059053
time_only,pair_000724,patient_a533d77edf530d7d,S2334386,S2334386,2,2023-08-08,0R,pAMR0,2,S2338786,S2338786,3,2023-09-05,1R,pAMR0,28,0,future_no_significant_rejection,2,0.6368146258647578
time_only,pair_000725,patient_a533d77edf530d7d,S2334386,S2334386,2,2023-08-08,0R,pAMR0,2,S2343314,S2343314,4,2023-10-11,0R,pAMR0,64,0,future_no_significant_rejection,2,0.5333667726062882
time_only,pair_000726,patient_a533d77edf530d7d,S2334386,S2334386,2,2023-08-08,0R,pAMR0,2,S2346179,S2346179,5,2023-10-27,1R,pAMR0,80,0,future_no_significant_rejection,2,0.5042485225783393
time_only,pair_000727,patient_a533d77edf530d7d,S2334386,S2334386,2,2023-08-08,0R,pAMR0,2,S2348398,S2348398,6,2023-11-14,0R,pAMR0,98,0,future_no_significant_rejection,2,0.47766586429210645
time_only,pair_000728,patient_a533d77edf530d7d,S2334386,S2334386,2,2023-08-08,0R,pAMR0,2,S2352825,S2352825,7,2023-12-12,1R,pAMR0,126,0,future_no_significant_rejection,2,0.44486383418916947
time_only,pair_000729,patient_a533d77edf530d7d,S2334386,S2334386,2,2023-08-08,0R,pAMR0,2,S2402484,S2402484,8,2024-01-16,0R,pAMR0,161,0,future_no_significant_rejection,2,0.41326248386000647
time_only,pair_000730,patient_a533d77edf530d7d,S2334386,S2334386,2,2023-08-08,0R,pAMR0,2,S2420603,S2420603,9,2024-07-16,0R,pAMR0,343,0,future_no_significant_rejection,2,0.32087791132533505
time_only,pair_000731,patient_a533d77edf530d7d,S2338786,S2338786,3,2023-09-05,1R,pAMR0,1,S2343314,S2343314,4,2023-10-11,0R,pAMR0,36,0,future_no_significant_rejection,2,0.606447325943554
time_only,pair_000732,patient_a533d77edf530d7d,S2338786,S2338786,3,2023-09-05,1R,pAMR0,1,S2346179,S2346179,5,2023-10-27,1R,pAMR0,52,0,future_no_significant_rejection,2,0.5601749091967685
time_only,pair_000733,patient_a533d77edf530d7d,S2338786,S2338786,3,2023-09-05,1R,pAMR0,1,S2348398,S2348398,6,2023-11-14,0R,pAMR0,70,0,future_no_significant_rejection,2,0.521700169640197
time_only,pair_000734,patient_a533d77edf530d7d,S2338786,S2338786,3,2023-09-05,1R,pAMR0,1,S2352825,S2352825,7,2023-12-12,1R,pAMR0,98,0,future_no_significant_rejection,2,0.47766586429210645
time_only,pair_000735,patient_a533d77edf530d7d,S2338786,S2338786,3,2023-09-05,1R,pAMR0,1,S2402484,S2402484,8,2024-01-16,0R,pAMR0,133,0,future_no_significant_rejection,2,0.43785045219778834
time_only,pair_000736,patient_a533d77edf530d7d,S2338786,S2338786,3,2023-09-05,1R,pAMR0,1,S2420603,S2420603,9,2024-07-16,0R,pAMR0,315,0,future_no_significant_rejection,2,0.3307646565913034
time_only,pair_000737,patient_a533d77edf530d7d,S2343314,S2343314,4,2023-10-11,0R,pAMR0,1,S2346179,S2346179,5,2023-10-27,1R,pAMR0,16,0,future_no_significant_rejection,2,0.6994588450268452
time_only,pair_000738,patient_a533d77edf530d7d,S2343314,S2343314,4,2023-10-11,0R,pAMR0,1,S2348398,S2348398,6,2023-11-14,0R,pAMR0,34,0,future_no_significant_rejection,2,0.6134564382522253
time_only,pair_000739,patient_a533d77edf530d7d,S2343314,S2343314,4,2023-10-11,0R,pAMR0,1,S2352825,S2352825,7,2023-12-12,1R,pAMR0,62,0,future_no_significant_rejection,2,0.5374882795043789
time_only,pair_000740,patient_a533d77edf530d7d,S2343314,S2343314,4,2023-10-11,0R,pAMR0,1,S2402484,S2402484,8,2024-01-16,0R,pAMR0,97,0,future_no_significant_rejection,2,0.47900897030458045
time_only,pair_000741,patient_a533d77edf530d7d,S2343314,S2343314,4,2023-10-11,0R,pAMR0,1,S2420603,S2420603,9,2024-07-16,0R,pAMR0,279,0,future_no_significant_rejection,2,0.34511032211697357
time_only,pair_000742,patient_a533d77edf530d7d,S2346179,S2346179,5,2023-10-27,1R,pAMR0,5,S2348398,S2348398,6,2023-11-14,0R,pAMR0,18,0,future_no_significant_rejection,2,0.6869187418548331
time_only,pair_000743,patient_a533d77edf530d7d,S2346179,S2346179,5,2023-10-27,1R,pAMR0,5,S2352825,S2352825,7,2023-12-12,1R,pAMR0,46,0,future_no_significant_rejection,2,0.5758034407265871
time_only,pair_000744,patient_a533d77edf530d7d,S2346179,S2346179,5,2023-10-27,1R,pAMR0,5,S2402484,S2402484,8,2024-01-16,0R,pAMR0,81,0,future_no_significant_rejection,2,0.5026222775617812
time_only,pair_000745,patient_a533d77edf530d7d,S2346179,S2346179,5,2023-10-27,1R,pAMR0,5,S2420603,S2420603,9,2024-07-16,0R,pAMR0,263,0,future_no_significant_rejection,2,0.3521945027864528
time_only,pair_000746,patient_a533d77edf530d7d,S2348398,S2348398,6,2023-11-14,0R,pAMR0,1,S2352825,S2352825,7,2023-12-12,1R,pAMR0,28,0,future_no_significant_rejection,2,0.6368146258647578
time_only,pair_000747,patient_a533d77edf530d7d,S2348398,S2348398,6,2023-11-14,0R,pAMR0,1,S2402484,S2402484,8,2024-01-16,0R,pAMR0,63,0,future_no_significant_rejection,2,0.5354120304841316
time_only,pair_000748,patient_a533d77edf530d7d,S2348398,S2348398,6,2023-11-14,0R,pAMR0,1,S2420603,S2420603,9,2024-07-16,0R,pAMR0,245,0,future_no_significant_rejection,2,0.36078301481739977
time_only,pair_000749,patient_a533d77edf530d7d,S2352825,S2352825,7,2023-12-12,1R,pAMR0,1,S2402484,S2402484,8,2024-01-16,0R,pAMR0,35,0,future_no_significant_rejection,2,0.6099088760694382
time_only,pair_000750,patient_a533d77edf530d7d,S2352825,S2352825,7,2023-12-12,1R,pAMR0,1,S2420603,S2420603,9,2024-07-16,0R,pAMR0,217,0,future_no_significant_rejection,2,0.3756852837191211
time_only,pair_000751,patient_a533d77edf530d7d,S2402484,S2402484,8,2024-01-16,0R,pAMR0,6,S2420603,S2420603,9,2024-07-16,0R,pAMR0,182,0,future_no_significant_rejection,2,0.39768567469660243
time_only,pair_000790,patient_b824bfb064fb2de4,S2149393,S2149393,1,2021-11-16,0R,pAMR0,3,S2200310,S2200310,2,2022-01-04,1R,pAMR0,49,0,future_no_significant_rejection,2,0.5677714956865683
time_only,pair_000791,patient_b824bfb064fb2de4,S2149393,S2149393,1,2021-11-16,0R,pAMR0,3,S2206287,S2206287,3,2022-02-15,1R,pAMR0,91,0,future_no_significant_rejection,2,0.4873732743852252
time_only,pair_000792,patient_b824bfb064fb2de4,S2149393,S2149393,1,2021-11-16,0R,pAMR0,3,S2210202,S2210202,4,2022-03-15,1R,pAMR0,119,0,future_no_significant_rejection,2,0.4522988284006368
time_only,pair_000793,patient_b824bfb064fb2de4,S2149393,S2149393,1,2021-11-16,0R,pAMR0,3,S2216631,S2216631,5,2022-04-26,0R,pAMR0,161,0,future_no_significant_rejection,2,0.41326248386000647
time_only,pair_000794,patient_b824bfb064fb2de4,S2200310,S2200310,2,2022-01-04,1R,pAMR0,2,S2206287,S2206287,3,2022-02-15,1R,pAMR0,42,0,future_no_significant_rejection,2,0.5872787445412484
time_only,pair_000795,patient_b824bfb064fb2de4,S2200310,S2200310,2,2022-01-04,1R,pAMR0,2,S2210202,S2210202,4,2022-03-15,1R,pAMR0,70,0,future_no_significant_rejection,2,0.521700169640197
time_only,pair_000796,patient_b824bfb064fb2de4,S2200310,S2200310,2,2022-01-04,1R,pAMR0,2,S2216631,S2216631,5,2022-04-26,0R,pAMR0,112,0,future_no_significant_rejection,2,0.4602040639249782
time_only,pair_000797,patient_b824bfb064fb2de4,S2206287,S2206287,3,2022-02-15,1R,pAMR0,1,S2210202,S2210202,4,2022-03-15,1R,pAMR0,28,0,future_no_significant_rejection,2,0.6368146258647578
time_only,pair_000798,patient_b824bfb064fb2de4,S2206287,S2206287,3,2022-02-15,1R,pAMR0,1,S2216631,S2216631,5,2022-04-26,0R,pAMR0,70,0,future_no_significant_rejection,2,0.521700169640197
time_only,pair_000799,patient_b824bfb064fb2de4,S2210202,S2210202,4,2022-03-15,1R,pAMR0,4,S2216631,S2216631,5,2022-04-26,0R,pAMR0,42,0,future_no_significant_rejection,2,0.5872787445412484
time_only,pair_000829,patient_c37c171d859fe24a,S2228787,S2228787,1,2022-07-12,0R,pAMR0,1,S2236494,S2236494,2,2022-08-30,0R,pAMR0,49,0,future_no_significant_rejection,2,0.5677714956865683
time_only,pair_000830,patient_c37c171d859fe24a,S2228787,S2228787,1,2022-07-12,0R,pAMR0,1,S2244729,S2244729,3,2022-10-25,0R,pAMR0,105,0,future_no_significant_rejection,2,0.46863693910605164
time_only,pair_000831,patient_c37c171d859fe24a,S2228787,S2228787,1,2022-07-12,0R,pAMR0,1,S2251247,S2251247,4,2022-12-06,1R,pAMR0,147,0,future_no_significant_rejection,2,0.4249280584075487
time_only,pair_000832,patient_c37c171d859fe24a,S2228787,S2228787,1,2022-07-12,0R,pAMR0,1,S2302644,S2302644,5,2023-01-17,0R,pAMR0,189,0,future_no_significant_rejection,2,0.3929284394829625
time_only,pair_000833,patient_c37c171d859fe24a,S2228787,S2228787,1,2022-07-12,0R,pAMR0,1,S2313436,S2313436,6,2023-03-28,1R,pAMR0,259,0,future_no_significant_rejection,2,0.3540434771130774
time_only,pair_000834,patient_c37c171d859fe24a,S2228787,S2228787,1,2022-07-12,0R,pAMR0,1,S2326329,S2326329,7,2023-06-20,0R,pAMR0,343,0,future_no_significant_rejection,2,0.32087791132533505
time_only,pair_000835,patient_c37c171d859fe24a,S2236494,S2236494,2,2022-08-30,0R,pAMR0,3,S2244729,S2244729,3,2022-10-25,0R,pAMR0,56,0,future_no_significant_rejection,2,0.5506498691194912
time_only,pair_000836,patient_c37c171d859fe24a,S2236494,S2236494,2,2022-08-30,0R,pAMR0,3,S2251247,S2251247,4,2022-12-06,1R,pAMR0,98,0,future_no_significant_rejection,2,0.47766586429210645
time_only,pair_000837,patient_c37c171d859fe24a,S2236494,S2236494,2,2022-08-30,0R,pAMR0,3,S2302644,S2302644,5,2023-01-17,0R,pAMR0,140,0,future_no_significant_rejection,2,0.4312171243879901
time_only,pair_000838,patient_c37c171d859fe24a,S2236494,S2236494,2,2022-08-30,0R,pAMR0,3,S2313436,S2313436,6,2023-03-28,1R,pAMR0,210,0,future_no_significant_rejection,2,0.3797523420301568
time_only,pair_000839,patient_c37c171d859fe24a,S2236494,S2236494,2,2022-08-30,0R,pAMR0,3,S2326329,S2326329,7,2023-06-20,0R,pAMR0,294,0,future_no_significant_rejection,2,0.33888427614516153
time_only,pair_000840,patient_c37c171d859fe24a,S2244729,S2244729,3,2022-10-25,0R,pAMR0,1,S2251247,S2251247,4,2022-12-06,1R,pAMR0,42,0,future_no_significant_rejection,2,0.5872787445412484
time_only,pair_000841,patient_c37c171d859fe24a,S2244729,S2244729,3,2022-10-25,0R,pAMR0,1,S2302644,S2302644,5,2023-01-17,0R,pAMR0,84,0,future_no_significant_rejection,2,0.4978597539442609
time_only,pair_000842,patient_c37c171d859fe24a,S2244729,S2244729,3,2022-10-25,0R,pAMR0,1,S2313436,S2313436,6,2023-03-28,1R,pAMR0,154,0,future_no_significant_rejection,2,0.41895221057563115
time_only,pair_000843,patient_c37c171d859fe24a,S2244729,S2244729,3,2022-10-25,0R,pAMR0,1,S2326329,S2326329,7,2023-06-20,0R,pAMR0,238,0,future_no_significant_rejection,2,0.36432011789197605
time_only,pair_000844,patient_c37c171d859fe24a,S2251247,S2251247,4,2022-12-06,1R,pAMR0,1,S2302644,S2302644,5,2023-01-17,0R,pAMR0,42,0,future_no_significant_rejection,2,0.5872787445412484
time_only,pair_000845,patient_c37c171d859fe24a,S2251247,S2251247,4,2022-12-06,1R,pAMR0,1,S2313436,S2313436,6,2023-03-28,1R,pAMR0,112,0,future_no_significant_rejection,2,0.4602040639249782
time_only,pair_000846,patient_c37c171d859fe24a,S2251247,S2251247,4,2022-12-06,1R,pAMR0,1,S2326329,S2326329,7,2023-06-20,0R,pAMR0,196,0,future_no_significant_rejection,2,0.38836247550712566
time_only,pair_000847,patient_c37c171d859fe24a,S2302644,S2302644,5,2023-01-17,0R,pAMR0,1,S2313436,S2313436,6,2023-03-28,1R,pAMR0,70,0,future_no_significant_rejection,2,0.521700169640197
time_only,pair_000848,patient_c37c171d859fe24a,S2302644,S2302644,5,2023-01-17,0R,pAMR0,1,S2326329,S2326329,7,2023-06-20,0R,pAMR0,154,0,future_no_significant_rejection,2,0.41895221057563115
time_only,pair_000849,patient_c37c171d859fe24a,S2313436,S2313436,6,2023-03-28,1R,pAMR0,1,S2326329,S2326329,7,2023-06-20,0R,pAMR0,84,0,future_no_significant_rejection,2,0.4978597539442609
time_only,pair_000850,patient_c78561b4938dbb4c,S2147204,S2147204,1,2021-11-02,0R,pAMR0,4,S2150493,S2150493,2,2021-11-23,1R,pAMR0,21,0,future_no_significant_rejection,2,0.6699652253933683
time_only,pair_000851,patient_c78561b4938dbb4c,S2147204,S2147204,1,2021-11-02,0R,pAMR0,4,S2209236,S2209236,3,2022-03-08,0R,pAMR0,126,0,future_no_significant_rejection,2,0.44486383418916947
time_only,pair_000852,patient_c78561b4938dbb4c,S2147204,S2147204,1,2021-11-02,0R,pAMR0,4,S2215450,S2215450,4,2022-04-19,0R,pAMR0,168,0,future_no_significant_rejection,2,0.40783508842024474
time_only,pair_000853,patient_c78561b4938dbb4c,S2147204,S2147204,1,2021-11-02,0R,pAMR0,4,S2244730,S2244730,5,2022-10-25,0R,pAMR0,357,0,future_no_significant_rejection,2,0.31628670368059053
time_only,pair_000854,patient_c78561b4938dbb4c,S2150493,S2150493,2,2021-11-23,1R,pAMR0,1,S2209236,S2209236,3,2022-03-08,0R,pAMR0,105,0,future_no_significant_rejection,2,0.46863693910605164
time_only,pair_000855,patient_c78561b4938dbb4c,S2150493,S2150493,2,2021-11-23,1R,pAMR0,1,S2215450,S2215450,4,2022-04-19,0R,pAMR0,147,0,future_no_significant_rejection,2,0.4249280584075487
time_only,pair_000856,patient_c78561b4938dbb4c,S2150493,S2150493,2,2021-11-23,1R,pAMR0,1,S2244730,S2244730,5,2022-10-25,0R,pAMR0,336,0,future_no_significant_rejection,2,0.32325774903935206
time_only,pair_000857,patient_c78561b4938dbb4c,S2209236,S2209236,3,2022-03-08,0R,pAMR0,1,S2215450,S2215450,4,2022-04-19,0R,pAMR0,42,0,future_no_significant_rejection,2,0.5872787445412484
time_only,pair_000858,patient_c78561b4938dbb4c,S2209236,S2209236,3,2022-03-08,0R,pAMR0,1,S2244730,S2244730,5,2022-10-25,0R,pAMR0,231,0,future_no_significant_rejection,2,0.36797775312505737
time_only,pair_000859,patient_c78561b4938dbb4c,S2215450,S2215450,4,2022-04-19,0R,pAMR0,1,S2244730,S2244730,5,2022-10-25,0R,pAMR0,189,0,future_no_significant_rejection,2,0.3929284394829625
time_only,pair_000881,patient_cafa503bd84738e6,S2212213,S2212213,1,2022-03-29,1R,pAMR0,1,S2215449,S2215449,2,2022-04-19,1R,pAMR0,21,0,future_no_significant_rejection,2,0.6699652253933683
time_only,pair_000882,patient_cafa503bd84738e6,S2212213,S2212213,1,2022-03-29,1R,pAMR0,1,S2219754,S2219754,3,2022-05-17,0R,pAMR0,49,0,future_no_significant_rejection,2,0.5677714956865683
time_only,pair_000883,patient_cafa503bd84738e6,S2212213,S2212213,1,2022-03-29,1R,pAMR0,1,S2224008,S2224008,4,2022-06-14,0R,pAMR0,77,0,future_no_significant_rejection,2,0.5092498113617494
time_only,pair_000884,patient_cafa503bd84738e6,S2212213,S2212213,1,2022-03-29,1R,pAMR0,1,S2232193,S2232193,5,2022-08-02,1R,pAMR0,126,0,future_no_significant_rejection,2,0.44486383418916947
time_only,pair_000885,patient_cafa503bd84738e6,S2212213,S2212213,1,2022-03-29,1R,pAMR0,1,S2239525,S2239525,6,2022-09-20,0R,pAMR0,175,0,future_no_significant_rejection,2,0.4026490266523421
time_only,pair_000886,patient_cafa503bd84738e6,S2212213,S2212213,1,2022-03-29,1R,pAMR0,1,S2253527,S2253527,7,2022-12-20,0R,pAMR0,266,0,future_no_significant_rejection,2,0.35082890788026677
time_only,pair_000887,patient_cafa503bd84738e6,S2212213,S2212213,1,2022-03-29,1R,pAMR0,1,S2312317,S2312317,8,2023-03-21,0R,pAMR0,357,0,future_no_significant_rejection,2,0.31628670368059053
time_only,pair_000888,patient_cafa503bd84738e6,S2215449,S2215449,2,2022-04-19,1R,pAMR0,1,S2219754,S2219754,3,2022-05-17,0R,pAMR0,28,0,future_no_significant_rejection,2,0.6368146258647578
time_only,pair_000889,patient_cafa503bd84738e6,S2215449,S2215449,2,2022-04-19,1R,pAMR0,1,S2224008,S2224008,4,2022-06-14,0R,pAMR0,56,0,future_no_significant_rejection,2,0.5506498691194912
time_only,pair_000890,patient_cafa503bd84738e6,S2215449,S2215449,2,2022-04-19,1R,pAMR0,1,S2232193,S2232193,5,2022-08-02,1R,pAMR0,105,0,future_no_significant_rejection,2,0.46863693910605164
time_only,pair_000891,patient_cafa503bd84738e6,S2215449,S2215449,2,2022-04-19,1R,pAMR0,1,S2239525,S2239525,6,2022-09-20,0R,pAMR0,154,0,future_no_significant_rejection,2,0.41895221057563115
time_only,pair_000892,patient_cafa503bd84738e6,S2215449,S2215449,2,2022-04-19,1R,pAMR0,1,S2253527,S2253527,7,2022-12-20,0R,pAMR0,245,0,future_no_significant_rejection,2,0.36078301481739977
time_only,pair_000893,patient_cafa503bd84738e6,S2215449,S2215449,2,2022-04-19,1R,pAMR0,1,S2312317,S2312317,8,2023-03-21,0R,pAMR0,336,0,future_no_significant_rejection,2,0.32325774903935206
time_only,pair_000894,patient_cafa503bd84738e6,S2219754,S2219754,3,2022-05-17,0R,pAMR0,1,S2224008,S2224008,4,2022-06-14,0R,pAMR0,28,0,future_no_significant_rejection,2,0.6368146258647578
time_only,pair_000895,patient_cafa503bd84738e6,S2219754,S2219754,3,2022-05-17,0R,pAMR0,1,S2232193,S2232193,5,2022-08-02,1R,pAMR0,77,0,future_no_significant_rejection,2,0.5092498113617494
time_only,pair_000896,patient_cafa503bd84738e6,S2219754,S2219754,3,2022-05-17,0R,pAMR0,1,S2239525,S2239525,6,2022-09-20,0R,pAMR0,126,0,future_no_significant_rejection,2,0.44486383418916947
time_only,pair_000897,patient_cafa503bd84738e6,S2219754,S2219754,3,2022-05-17,0R,pAMR0,1,S2253527,S2253527,7,2022-12-20,0R,pAMR0,217,0,future_no_significant_rejection,2,0.3756852837191211
time_only,pair_000898,patient_cafa503bd84738e6,S2219754,S2219754,3,2022-05-17,0R,pAMR0,1,S2312317,S2312317,8,2023-03-21,0R,pAMR0,308,0,future_no_significant_rejection,2,0.333398875215242
time_only,pair_000899,patient_cafa503bd84738e6,S2224008,S2224008,4,2022-06-14,0R,pAMR0,1,S2232193,S2232193,5,2022-08-02,1R,pAMR0,49,0,future_no_significant_rejection,2,0.5677714956865683
time_only,pair_000900,patient_cafa503bd84738e6,S2224008,S2224008,4,2022-06-14,0R,pAMR0,1,S2239525,S2239525,6,2022-09-20,0R,pAMR0,98,0,future_no_significant_rejection,2,0.47766586429210645
time_only,pair_000901,patient_cafa503bd84738e6,S2224008,S2224008,4,2022-06-14,0R,pAMR0,1,S2253527,S2253527,7,2022-12-20,0R,pAMR0,189,0,future_no_significant_rejection,2,0.3929284394829625
time_only,pair_000902,patient_cafa503bd84738e6,S2224008,S2224008,4,2022-06-14,0R,pAMR0,1,S2312317,S2312317,8,2023-03-21,0R,pAMR0,280,0,future_no_significant_rejection,2,0.3446832655048349
time_only,pair_000903,patient_cafa503bd84738e6,S2232193,S2232193,5,2022-08-02,1R,pAMR0,1,S2239525,S2239525,6,2022-09-20,0R,pAMR0,49,0,future_no_significant_rejection,2,0.5677714956865683
time_only,pair_000904,patient_cafa503bd84738e6,S2232193,S2232193,5,2022-08-02,1R,pAMR0,1,S2253527,S2253527,7,2022-12-20,0R,pAMR0,140,0,future_no_significant_rejection,2,0.4312171243879901
time_only,pair_000905,patient_cafa503bd84738e6,S2232193,S2232193,5,2022-08-02,1R,pAMR0,1,S2312317,S2312317,8,2023-03-21,0R,pAMR0,231,0,future_no_significant_rejection,2,0.36797775312505737
time_only,pair_000906,patient_cafa503bd84738e6,S2239525,S2239525,6,2022-09-20,0R,pAMR0,1,S2253527,S2253527,7,2022-12-20,0R,pAMR0,91,0,future_no_significant_rejection,2,0.4873732743852252
time_only,pair_000907,patient_cafa503bd84738e6,S2239525,S2239525,6,2022-09-20,0R,pAMR0,1,S2312317,S2312317,8,2023-03-21,0R,pAMR0,182,0,future_no_significant_rejection,2,0.39768567469660243
time_only,pair_000908,patient_cafa503bd84738e6,S2253527,S2253527,7,2022-12-20,0R,pAMR0,1,S2312317,S2312317,8,2023-03-21,0R,pAMR0,91,0,future_no_significant_rejection,2,0.4873732743852252
time_only,pair_000937,patient_d4019523cc8c8335,S2406754,S2406754,1,2024-02-13,0R,pAMR0,8,S2408480,S2408480,2,2024-02-27,0R,pAMR0,14,0,future_no_significant_rejection,2,0.7132212344367057
time_only,pair_000938,patient_d4019523cc8c8335,S2406754,S2406754,1,2024-02-13,0R,pAMR0,8,S2411030,S2411030,3,2024-04-02,0R,pAMR0,49,0,future_no_significant_rejection,2,0.5677714956865683
time_only,pair_000939,patient_d4019523cc8c8335,S2406754,S2406754,1,2024-02-13,0R,pAMR0,8,S2419119,S2419119,4,2024-07-02,0R,pAMR0,140,0,future_no_significant_rejection,2,0.4312171243879901
time_only,pair_000940,patient_d4019523cc8c8335,S2406754,S2406754,1,2024-02-13,0R,pAMR0,8,S2430053,S2430053,5,2024-10-17,0R,pAMR0,247,0,future_no_significant_rejection,2,0.35979357661231626
time_only,pair_000941,patient_d4019523cc8c8335,S2408480,S2408480,2,2024-02-27,0R,pAMR0,1,S2411030,S2411030,3,2024-04-02,0R,pAMR0,35,0,future_no_significant_rejection,2,0.6099088760694382
time_only,pair_000942,patient_d4019523cc8c8335,S2408480,S2408480,2,2024-02-27,0R,pAMR0,1,S2419119,S2419119,4,2024-07-02,0R,pAMR0,126,0,future_no_significant_rejection,2,0.44486383418916947
time_only,pair_000943,patient_d4019523cc8c8335,S2408480,S2408480,2,2024-02-27,0R,pAMR0,1,S2430053,S2430053,5,2024-10-17,0R,pAMR0,233,0,future_no_significant_rejection,2,0.36691999082789367
time_only,pair_000944,patient_d4019523cc8c8335,S2411030,S2411030,3,2024-04-02,0R,pAMR0,5,S2419119,S2419119,4,2024-07-02,0R,pAMR0,91,0,future_no_significant_rejection,2,0.4873732743852252
time_only,pair_000945,patient_d4019523cc8c8335,S2411030,S2411030,3,2024-04-02,0R,pAMR0,5,S2430053,S2430053,5,2024-10-17,0R,pAMR0,198,0,future_no_significant_rejection,2,0.3870911455217488
time_only,pair_000946,patient_d4019523cc8c8335,S2419119,S2419119,4,2024-07-02,0R,pAMR0,2,S2430053,S2430053,5,2024-10-17,0R,pAMR0,107,0,future_no_significant_rejection,2,0.466169949950362
time_only,pair_001049,patient_e21a88b284b1508e,S2435689,S2435689,1,2024-12-10,0R,pAMR0,2,S2437280,S2437280,2,2024-12-24,0R,pAMR0,14,0,future_no_significant_rejection,2,0.7132212344367057
time_only,pair_001050,patient_e21a88b284b1508e,S2435689,S2435689,1,2024-12-10,0R,pAMR0,2,S2501777,S2501777,3,2025-01-17,0R,pAMR0,38,0,future_no_significant_rejection,2,0.5997665704405709
time_only,pair_001051,patient_e21a88b284b1508e,S2437280,S2437280,2,2024-12-24,0R,pAMR0,1,S2501777,S2501777,3,2025-01-17,0R,pAMR0,24,0,future_no_significant_rejection,2,0.6548108211930618
time_only,pair_001066,patient_e6981a9104ac664d,S2304561,S2304561,1,2023-01-31,1R,pAMR0,3,S2307080,S2307080,2,2023-02-15,0R,pAMR0,15,0,future_no_significant_rejection,2,0.7061719228295709
time_only,pair_001067,patient_e6981a9104ac664d,S2304561,S2304561,1,2023-01-31,1R,pAMR0,3,S2311238,S2311238,3,2023-03-14,1R,pAMR0,42,0,future_no_significant_rejection,2,0.5872787445412484
time_only,pair_001068,patient_e6981a9104ac664d,S2304561,S2304561,1,2023-01-31,1R,pAMR0,3,S2323112,S2323112,4,2023-05-30,1R,pAMR0,119,0,future_no_significant_rejection,2,0.4522988284006368
time_only,pair_001069,patient_e6981a9104ac664d,S2304561,S2304561,1,2023-01-31,1R,pAMR0,3,S2330986,S2330986,5,2023-07-18,0R,pAMR0,168,0,future_no_significant_rejection,2,0.40783508842024474
time_only,pair_001070,patient_e6981a9104ac664d,S2304561,S2304561,1,2023-01-31,1R,pAMR0,3,S2344461,S2344461,6,2023-10-17,0R,pAMR0,259,0,future_no_significant_rejection,2,0.3540434771130774
time_only,pair_001071,patient_e6981a9104ac664d,S2304561,S2304561,1,2023-01-31,1R,pAMR0,3,S2402482,S2402482,7,2024-01-16,0R,pAMR0,350,0,future_no_significant_rejection,2,0.318555011624472
time_only,pair_001072,patient_e6981a9104ac664d,S2307080,S2307080,2,2023-02-15,0R,pAMR0,1,S2311238,S2311238,3,2023-03-14,1R,pAMR0,27,0,future_no_significant_rejection,2,0.6411064663002721
time_only,pair_001073,patient_e6981a9104ac664d,S2307080,S2307080,2,2023-02-15,0R,pAMR0,1,S2323112,S2323112,4,2023-05-30,1R,pAMR0,104,0,future_no_significant_rejection,2,0.4698885381608795
time_only,pair_001074,patient_e6981a9104ac664d,S2307080,S2307080,2,2023-02-15,0R,pAMR0,1,S2330986,S2330986,5,2023-07-18,0R,pAMR0,153,0,future_no_significant_rejection,2,0.41978779197624616
time_only,pair_001075,patient_e6981a9104ac664d,S2307080,S2307080,2,2023-02-15,0R,pAMR0,1,S2344461,S2344461,6,2023-10-17,0R,pAMR0,244,0,future_no_significant_rejection,2,0.3612812024368887
time_only,pair_001076,patient_e6981a9104ac664d,S2307080,S2307080,2,2023-02-15,0R,pAMR0,1,S2402482,S2402482,7,2024-01-16,0R,pAMR0,335,0,future_no_significant_rejection,2,0.32360251737047446
time_only,pair_001077,patient_e6981a9104ac664d,S2311238,S2311238,3,2023-03-14,1R,pAMR0,3,S2323112,S2323112,4,2023-05-30,1R,pAMR0,77,0,future_no_significant_rejection,2,0.5092498113617494
time_only,pair_001078,patient_e6981a9104ac664d,S2311238,S2311238,3,2023-03-14,1R,pAMR0,3,S2330986,S2330986,5,2023-07-18,0R,pAMR0,126,0,future_no_significant_rejection,2,0.44486383418916947
time_only,pair_001079,patient_e6981a9104ac664d,S2311238,S2311238,3,2023-03-14,1R,pAMR0,3,S2344461,S2344461,6,2023-10-17,0R,pAMR0,217,0,future_no_significant_rejection,2,0.3756852837191211
time_only,pair_001080,patient_e6981a9104ac664d,S2311238,S2311238,3,2023-03-14,1R,pAMR0,3,S2402482,S2402482,7,2024-01-16,0R,pAMR0,308,0,future_no_significant_rejection,2,0.333398875215242
time_only,pair_001081,patient_e6981a9104ac664d,S2323112,S2323112,4,2023-05-30,1R,pAMR0,2,S2330986,S2330986,5,2023-07-18,0R,pAMR0,49,0,future_no_significant_rejection,2,0.5677714956865683
time_only,pair_001082,patient_e6981a9104ac664d,S2323112,S2323112,4,2023-05-30,1R,pAMR0,2,S2344461,S2344461,6,2023-10-17,0R,pAMR0,140,0,future_no_significant_rejection,2,0.4312171243879901
time_only,pair_001083,patient_e6981a9104ac664d,S2323112,S2323112,4,2023-05-30,1R,pAMR0,2,S2402482,S2402482,7,2024-01-16,0R,pAMR0,231,0,future_no_significant_rejection,2,0.36797775312505737
time_only,pair_001084,patient_e6981a9104ac664d,S2330986,S2330986,5,2023-07-18,0R,pAMR0,1,S2344461,S2344461,6,2023-10-17,0R,pAMR0,91,0,future_no_significant_rejection,2,0.4873732743852252
time_only,pair_001085,patient_e6981a9104ac664d,S2330986,S2330986,5,2023-07-18,0R,pAMR0,1,S2402482,S2402482,7,2024-01-16,0R,pAMR0,182,0,future_no_significant_rejection,2,0.39768567469660243
time_only,pair_001086,patient_e6981a9104ac664d,S2344461,S2344461,6,2023-10-17,0R,pAMR0,1,S2402482,S2402482,7,2024-01-16,0R,pAMR0,91,0,future_no_significant_rejection,2,0.4873732743852252
time_only,pair_001103,patient_ead6420f83248981,S2406264,S2406264,1,2024-02-07,0R,pAMR0,7,S2407939,S2407939,2,2024-02-20,0R,pAMR0,13,0,future_no_significant_rejection,2,0.7206441139357755
time_only,pair_001104,patient_ead6420f83248981,S2406264,S2406264,1,2024-02-07,0R,pAMR0,7,S2409392,S2409392,3,2024-03-12,0R,pAMR0,34,0,future_no_significant_rejection,2,0.6134564382522253
time_only,pair_001105,patient_ead6420f83248981,S2406264,S2406264,1,2024-02-07,0R,pAMR0,7,S2412713,S2412713,4,2024-04-23,0R,pAMR0,76,0,future_no_significant_rejection,2,0.5109593759627375
time_only,pair_001106,patient_ead6420f83248981,S2407939,S2407939,2,2024-02-20,0R,pAMR0,1,S2409392,S2409392,3,2024-03-12,0R,pAMR0,21,0,future_no_significant_rejection,2,0.6699652253933683
time_only,pair_001107,patient_ead6420f83248981,S2407939,S2407939,2,2024-02-20,0R,pAMR0,1,S2412713,S2412713,4,2024-04-23,0R,pAMR0,63,0,future_no_significant_rejection,2,0.5354120304841316
time_only,pair_001108,patient_ead6420f83248981,S2409392,S2409392,3,2024-03-12,0R,pAMR0,1,S2412713,S2412713,4,2024-04-23,0R,pAMR0,42,0,future_no_significant_rejection,2,0.5872787445412484
time_only,pair_001109,patient_f02086679c6d7438,S2506967,S2506967,1,2025-03-11,0R,pAMR0,1,S2508631,S2508631,2,2025-03-25,0R,pAMR0,14,0,future_no_significant_rejection,2,0.7132212344367057
time_only,pair_001110,patient_f02086679c6d7438,S2506967,S2506967,1,2025-03-11,0R,pAMR0,1,S2511007,S2511007,3,2025-04-15,0R,pAMR0,35,0,future_no_significant_rejection,2,0.6099088760694382
time_only,pair_001111,patient_f02086679c6d7438,S2508631,S2508631,2,2025-03-25,0R,pAMR0,2,S2511007,S2511007,3,2025-04-15,0R,pAMR0,21,0,future_no_significant_rejection,2,0.6699652253933683
time_only,pair_001127,patient_f4a709d12cad57f1,S2251251,S2251251,1,2022-12-06,1R,pAMR0,5,S2253525,S2253525,2,2022-12-20,1R,pAMR0,14,0,future_no_significant_rejection,2,0.7132212344367057
time_only,pair_001128,patient_f4a709d12cad57f1,S2251251,S2251251,1,2022-12-06,1R,pAMR0,5,S2308044,S2308044,3,2023-02-21,1R,pAMR0,77,0,future_no_significant_rejection,2,0.5092498113617494
time_only,pair_001129,patient_f4a709d12cad57f1,S2251251,S2251251,1,2022-12-06,1R,pAMR0,5,S2318025,S2318025,4,2023-04-25,0R,pAMR0,140,0,future_no_significant_rejection,2,0.4312171243879901
time_only,pair_001130,patient_f4a709d12cad57f1,S2251251,S2251251,1,2022-12-06,1R,pAMR0,5,S2333274,S2333274,5,2023-08-01,0R,pAMR0,238,0,future_no_significant_rejection,2,0.36432011789197605
time_only,pair_001131,patient_f4a709d12cad57f1,S2251251,S2251251,1,2022-12-06,1R,pAMR0,5,S2349547,S2349547,6,2023-11-21,0R,pAMR0,350,0,future_no_significant_rejection,2,0.318555011624472
time_only,pair_001132,patient_f4a709d12cad57f1,S2253525,S2253525,2,2022-12-20,1R,pAMR0,5,S2308044,S2308044,3,2023-02-21,1R,pAMR0,63,0,future_no_significant_rejection,2,0.5354120304841316
time_only,pair_001133,patient_f4a709d12cad57f1,S2253525,S2253525,2,2022-12-20,1R,pAMR0,5,S2318025,S2318025,4,2023-04-25,0R,pAMR0,126,0,future_no_significant_rejection,2,0.44486383418916947
time_only,pair_001134,patient_f4a709d12cad57f1,S2253525,S2253525,2,2022-12-20,1R,pAMR0,5,S2333274,S2333274,5,2023-08-01,0R,pAMR0,224,0,future_no_significant_rejection,2,0.37176341214234665
time_only,pair_001135,patient_f4a709d12cad57f1,S2253525,S2253525,2,2022-12-20,1R,pAMR0,5,S2349547,S2349547,6,2023-11-21,0R,pAMR0,336,0,future_no_significant_rejection,2,0.32325774903935206
time_only,pair_001136,patient_f4a709d12cad57f1,S2308044,S2308044,3,2023-02-21,1R,pAMR0,4,S2318025,S2318025,4,2023-04-25,0R,pAMR0,63,0,future_no_significant_rejection,2,0.5354120304841316
time_only,pair_001137,patient_f4a709d12cad57f1,S2308044,S2308044,3,2023-02-21,1R,pAMR0,4,S2333274,S2333274,5,2023-08-01,0R,pAMR0,161,0,future_no_significant_rejection,2,0.41326248386000647
time_only,pair_001138,patient_f4a709d12cad57f1,S2308044,S2308044,3,2023-02-21,1R,pAMR0,4,S2349547,S2349547,6,2023-11-21,0R,pAMR0,273,0,future_no_significant_rejection,2,0.34771049369454443
time_only,pair_001139,patient_f4a709d12cad57f1,S2318025,S2318025,4,2023-04-25,0R,pAMR0,1,S2333274,S2333274,5,2023-08-01,0R,pAMR0,98,0,future_no_significant_rejection,2,0.47766586429210645
time_only,pair_001140,patient_f4a709d12cad57f1,S2318025,S2318025,4,2023-04-25,0R,pAMR0,1,S2349547,S2349547,6,2023-11-21,0R,pAMR0,210,0,future_no_significant_rejection,2,0.3797523420301568
time_only,pair_001141,patient_f4a709d12cad57f1,S2333274,S2333274,5,2023-08-01,0R,pAMR0,1,S2349547,S2349547,6,2023-11-21,0R,pAMR0,112,0,future_no_significant_rejection,2,0.4602040639249782
time_only,pair_001148,patient_f78d4288245eabd8,S2425843,S2425843,1,2024-09-03,0R,pAMR0,1,S2427695,S2427695,2,2024-09-24,0R,pAMR0,21,0,future_no_significant_rejection,2,0.6699652253933683
time_only,pair_001149,patient_f78d4288245eabd8,S2425843,S2425843,1,2024-09-03,0R,pAMR0,1,S2436453,S2436453,3,2024-12-17,0R,pAMR0,105,0,future_no_significant_rejection,2,0.46863693910605164
time_only,pair_001150,patient_f78d4288245eabd8,S2425843,S2425843,1,2024-09-03,0R,pAMR0,1,S2504720,S2504720,4,2025-02-18,0R,pAMR0,168,0,future_no_significant_rejection,2,0.40783508842024474
time_only,pair_001151,patient_f78d4288245eabd8,S2425843,S2425843,1,2024-09-03,0R,pAMR0,1,S2529112,S2529112,5,2025-09-16,0R,pAMR0,378,0,future_no_significant_rejection,2,0.3097878628917517
time_only,pair_001152,patient_f78d4288245eabd8,S2427695,S2427695,2,2024-09-24,0R,pAMR0,6,S2436453,S2436453,3,2024-12-17,0R,pAMR0,84,0,future_no_significant_rejection,2,0.4978597539442609
time_only,pair_001153,patient_f78d4288245eabd8,S2427695,S2427695,2,2024-09-24,0R,pAMR0,6,S2504720,S2504720,4,2025-02-18,0R,pAMR0,147,0,future_no_significant_rejection,2,0.4249280584075487
time_only,pair_001154,patient_f78d4288245eabd8,S2427695,S2427695,2,2024-09-24,0R,pAMR0,6,S2529112,S2529112,5,2025-09-16,0R,pAMR0,357,0,future_no_significant_rejection,2,0.31628670368059053
time_only,pair_001155,patient_f78d4288245eabd8,S2436453,S2436453,3,2024-12-17,0R,pAMR0,2,S2504720,S2504720,4,2025-02-18,0R,pAMR0,63,0,future_no_significant_rejection,2,0.5354120304841316
time_only,pair_001156,patient_f78d4288245eabd8,S2436453,S2436453,3,2024-12-17,0R,pAMR0,2,S2529112,S2529112,5,2025-09-16,0R,pAMR0,273,0,future_no_significant_rejection,2,0.34771049369454443
time_only,pair_001157,patient_f78d4288245eabd8,S2504720,S2504720,4,2025-02-18,0R,pAMR0,1,S2529112,S2529112,5,2025-09-16,0R,pAMR0,210,0,future_no_significant_rejection,2,0.3797523420301568
image_only,pair_000130,patient_228507d0242d624c,S2222061,S2222061,1,2022-05-31,1R,pAMR0,3,S2225225,S2225225,2,2022-06-21,1R,pAMR0,21,0,future_no_significant_rejection,0,0.7228700268333955
image_only,pair_000131,patient_228507d0242d624c,S2222061,S2222061,1,2022-05-31,1R,pAMR0,3,S2232192,S2232192,3,2022-08-02,0R,pAMR0,63,0,future_no_significant_rejection,0,0.7228700268333955
image_only,pair_000132,patient_228507d0242d624c,S2222061,S2222061,1,2022-05-31,1R,pAMR0,3,S2241562,S2241562,4,2022-10-04,1R,pAMR0,126,0,future_no_significant_rejection,0,0.7228700268333955
image_only,pair_000133,patient_228507d0242d624c,S2222061,S2222061,1,2022-05-31,1R,pAMR0,3,S2247860,S2247860,5,2022-11-15,2R,pAMR0,168,1,future_significant_rejection,0,0.7228700268333955
image_only,pair_000134,patient_228507d0242d624c,S2222061,S2222061,1,2022-05-31,1R,pAMR0,3,S2252333,S2252333,6,2022-12-13,0R,pAMR0,196,0,future_no_significant_rejection,0,0.7228700268333955
image_only,pair_000135,patient_228507d0242d624c,S2222061,S2222061,1,2022-05-31,1R,pAMR0,3,S2306847,S2306847,7,2023-02-14,0R,pAMR0,259,0,future_no_significant_rejection,0,0.7228700268333955
image_only,pair_000136,patient_228507d0242d624c,S2222061,S2222061,1,2022-05-31,1R,pAMR0,3,S2320993,S2320993,8,2023-05-16,2R,pAMR0,350,1,future_significant_rejection,0,0.7228700268333955
image_only,pair_000137,patient_228507d0242d624c,S2225225,S2225225,2,2022-06-21,1R,pAMR0,1,S2232192,S2232192,3,2022-08-02,0R,pAMR0,42,0,future_no_significant_rejection,0,0.3871717241624589
image_only,pair_000138,patient_228507d0242d624c,S2225225,S2225225,2,2022-06-21,1R,pAMR0,1,S2241562,S2241562,4,2022-10-04,1R,pAMR0,105,0,future_no_significant_rejection,0,0.3871717241624589
image_only,pair_000139,patient_228507d0242d624c,S2225225,S2225225,2,2022-06-21,1R,pAMR0,1,S2247860,S2247860,5,2022-11-15,2R,pAMR0,147,1,future_significant_rejection,0,0.3871717241624589
image_only,pair_000140,patient_228507d0242d624c,S2225225,S2225225,2,2022-06-21,1R,pAMR0,1,S2252333,S2252333,6,2022-12-13,0R,pAMR0,175,0,future_no_significant_rejection,0,0.3871717241624589
image_only,pair_000141,patient_228507d0242d624c,S2225225,S2225225,2,2022-06-21,1R,pAMR0,1,S2306847,S2306847,7,2023-02-14,0R,pAMR0,238,0,future_no_significant_rejection,0,0.3871717241624589
image_only,pair_000142,patient_228507d0242d624c,S2225225,S2225225,2,2022-06-21,1R,pAMR0,1,S2320993,S2320993,8,2023-05-16,2R,pAMR0,329,1,future_significant_rejection,0,0.3871717241624589
image_only,pair_000143,patient_228507d0242d624c,S2232192,S2232192,3,2022-08-02,0R,pAMR0,1,S2241562,S2241562,4,2022-10-04,1R,pAMR0,63,0,future_no_significant_rejection,0,0.4142284938813905
image_only,pair_000144,patient_228507d0242d624c,S2232192,S2232192,3,2022-08-02,0R,pAMR0,1,S2247860,S2247860,5,2022-11-15,2R,pAMR0,105,1,future_significant_rejection,0,0.4142284938813905
image_only,pair_000145,patient_228507d0242d624c,S2232192,S2232192,3,2022-08-02,0R,pAMR0,1,S2252333,S2252333,6,2022-12-13,0R,pAMR0,133,0,future_no_significant_rejection,0,0.4142284938813905
image_only,pair_000146,patient_228507d0242d624c,S2232192,S2232192,3,2022-08-02,0R,pAMR0,1,S2306847,S2306847,7,2023-02-14,0R,pAMR0,196,0,future_no_significant_rejection,0,0.4142284938813905
image_only,pair_000147,patient_228507d0242d624c,S2232192,S2232192,3,2022-08-02,0R,pAMR0,1,S2320993,S2320993,8,2023-05-16,2R,pAMR0,287,1,future_significant_rejection,0,0.4142284938813905
image_only,pair_000148,patient_228507d0242d624c,S2241562,S2241562,4,2022-10-04,1R,pAMR0,1,S2247860,S2247860,5,2022-11-15,2R,pAMR0,42,1,future_significant_rejection,0,0.2744451982338457
image_only,pair_000149,patient_228507d0242d624c,S2241562,S2241562,4,2022-10-04,1R,pAMR0,1,S2252333,S2252333,6,2022-12-13,0R,pAMR0,70,0,future_no_significant_rejection,0,0.2744451982338457
image_only,pair_000150,patient_228507d0242d624c,S2241562,S2241562,4,2022-10-04,1R,pAMR0,1,S2306847,S2306847,7,2023-02-14,0R,pAMR0,133,0,future_no_significant_rejection,0,0.2744451982338457
image_only,pair_000151,patient_228507d0242d624c,S2241562,S2241562,4,2022-10-04,1R,pAMR0,1,S2320993,S2320993,8,2023-05-16,2R,pAMR0,224,1,future_significant_rejection,0,0.2744451982338457
image_only,pair_000192,patient_2b3a49d49419f139,S2133162,S2133162,1,2021-08-03,0R,pAMR0,1,S2142820,S2142820,2,2021-10-05,0R,pAMR0,63,0,future_no_significant_rejection,0,0.41153695755412395
image_only,pair_000193,patient_2b3a49d49419f139,S2133162,S2133162,1,2021-08-03,0R,pAMR0,1,S2154959,S2154959,3,2021-12-21,0R,pAMR0,140,0,future_no_significant_rejection,0,0.41153695755412395
image_only,pair_000194,patient_2b3a49d49419f139,S2133162,S2133162,1,2021-08-03,0R,pAMR0,1,S2209237,S2209237,4,2022-03-08,0R,pAMR0,217,0,future_no_significant_rejection,0,0.41153695755412395
image_only,pair_000195,patient_2b3a49d49419f139,S2142820,S2142820,2,2021-10-05,0R,pAMR0,1,S2154959,S2154959,3,2021-12-21,0R,pAMR0,77,0,future_no_significant_rejection,0,0.4877925947592824
image_only,pair_000196,patient_2b3a49d49419f139,S2142820,S2142820,2,2021-10-05,0R,pAMR0,1,S2209237,S2209237,4,2022-03-08,0R,pAMR0,154,0,future_no_significant_rejection,0,0.4877925947592824
image_only,pair_000197,patient_2b3a49d49419f139,S2154959,S2154959,3,2021-12-21,0R,pAMR0,1,S2209237,S2209237,4,2022-03-08,0R,pAMR0,77,0,future_no_significant_rejection,0,0.5174694066928388
image_only,pair_000198,patient_2c0945e38263a664,S2233279,S2233279,1,2022-08-09,1R,pAMR0,3,S2235318,S2235318,2,2022-08-23,0R,pAMR0,14,0,future_no_significant_rejection,0,0.5445630200490089
image_only,pair_000199,patient_2c0945e38263a664,S2233279,S2233279,1,2022-08-09,1R,pAMR0,3,S2246785,S2246785,3,2022-11-08,0R,pAMR0,91,0,future_no_significant_rejection,0,0.5445630200490089
image_only,pair_000200,patient_2c0945e38263a664,S2233279,S2233279,1,2022-08-09,1R,pAMR0,3,S2254659,S2254659,4,2022-12-27,0R,pAMR0,140,0,future_no_significant_rejection,0,0.5445630200490089
image_only,pair_000201,patient_2c0945e38263a664,S2233279,S2233279,1,2022-08-09,1R,pAMR0,3,S2308045,S2308045,5,2023-02-21,0R,pAMR0,196,0,future_no_significant_rejection,0,0.5445630200490089
image_only,pair_000202,patient_2c0945e38263a664,S2233279,S2233279,1,2022-08-09,1R,pAMR0,3,S2318956,S2318956,6,2023-05-02,2R,pAMR0,266,1,future_significant_rejection,0,0.5445630200490089
image_only,pair_000203,patient_2c0945e38263a664,S2233279,S2233279,1,2022-08-09,1R,pAMR0,3,S2332142,S2332142,7,2023-07-25,0R,pAMR0,350,0,future_no_significant_rejection,0,0.5445630200490089
image_only,pair_000204,patient_2c0945e38263a664,S2235318,S2235318,2,2022-08-23,0R,pAMR0,4,S2246785,S2246785,3,2022-11-08,0R,pAMR0,77,0,future_no_significant_rejection,0,0.41552229819957476
image_only,pair_000205,patient_2c0945e38263a664,S2235318,S2235318,2,2022-08-23,0R,pAMR0,4,S2254659,S2254659,4,2022-12-27,0R,pAMR0,126,0,future_no_significant_rejection,0,0.41552229819957476
image_only,pair_000206,patient_2c0945e38263a664,S2235318,S2235318,2,2022-08-23,0R,pAMR0,4,S2308045,S2308045,5,2023-02-21,0R,pAMR0,182,0,future_no_significant_rejection,0,0.41552229819957476
image_only,pair_000207,patient_2c0945e38263a664,S2235318,S2235318,2,2022-08-23,0R,pAMR0,4,S2318956,S2318956,6,2023-05-02,2R,pAMR0,252,1,future_significant_rejection,0,0.41552229819957476
image_only,pair_000208,patient_2c0945e38263a664,S2235318,S2235318,2,2022-08-23,0R,pAMR0,4,S2332142,S2332142,7,2023-07-25,0R,pAMR0,336,0,future_no_significant_rejection,0,0.41552229819957476
image_only,pair_000209,patient_2c0945e38263a664,S2246785,S2246785,3,2022-11-08,0R,pAMR0,3,S2254659,S2254659,4,2022-12-27,0R,pAMR0,49,0,future_no_significant_rejection,0,0.4369465131853341
image_only,pair_000210,patient_2c0945e38263a664,S2246785,S2246785,3,2022-11-08,0R,pAMR0,3,S2308045,S2308045,5,2023-02-21,0R,pAMR0,105,0,future_no_significant_rejection,0,0.4369465131853341
image_only,pair_000211,patient_2c0945e38263a664,S2246785,S2246785,3,2022-11-08,0R,pAMR0,3,S2318956,S2318956,6,2023-05-02,2R,pAMR0,175,1,future_significant_rejection,0,0.4369465131853341
image_only,pair_000212,patient_2c0945e38263a664,S2246785,S2246785,3,2022-11-08,0R,pAMR0,3,S2332142,S2332142,7,2023-07-25,0R,pAMR0,259,0,future_no_significant_rejection,0,0.4369465131853341
image_only,pair_000213,patient_2c0945e38263a664,S2254659,S2254659,4,2022-12-27,0R,pAMR0,3,S2308045,S2308045,5,2023-02-21,0R,pAMR0,56,0,future_no_significant_rejection,0,0.38355701799421044
image_only,pair_000214,patient_2c0945e38263a664,S2254659,S2254659,4,2022-12-27,0R,pAMR0,3,S2318956,S2318956,6,2023-05-02,2R,pAMR0,126,1,future_significant_rejection,0,0.38355701799421044
image_only,pair_000215,patient_2c0945e38263a664,S2254659,S2254659,4,2022-12-27,0R,pAMR0,3,S2332142,S2332142,7,2023-07-25,0R,pAMR0,210,0,future_no_significant_rejection,0,0.38355701799421044
image_only,pair_000216,patient_2c0945e38263a664,S2308045,S2308045,5,2023-02-21,0R,pAMR0,5,S2318956,S2318956,6,2023-05-02,2R,pAMR0,70,1,future_significant_rejection,0,0.41116330399523654
image_only,pair_000217,patient_2c0945e38263a664,S2308045,S2308045,5,2023-02-21,0R,pAMR0,5,S2332142,S2332142,7,2023-07-25,0R,pAMR0,154,0,future_no_significant_rejection,0,0.41116330399523654
image_only,pair_000281,patient_331a649dfec3ede4,S2129803,S2129803,1,2021-07-13,0R,pAMR0,1,S2140144,S2140144,2,2021-09-14,1R,pAMR0,63,0,future_no_significant_rejection,0,0.673776735084383
image_only,pair_000282,patient_331a649dfec3ede4,S2129803,S2129803,1,2021-07-13,0R,pAMR0,1,S2210207,S2210207,3,2022-03-15,0R,pAMR0,245,0,future_no_significant_rejection,0,0.673776735084383
image_only,pair_000283,patient_331a649dfec3ede4,S2140144,S2140144,2,2021-09-14,1R,pAMR0,1,S2210207,S2210207,3,2022-03-15,0R,pAMR0,182,0,future_no_significant_rejection,0,0.4668648582043314
image_only,pair_000284,patient_37a67c1ae4e8ad43,S2245753,S2245753,1,2022-11-01,0R,pAMR0,1,S2251252,S2251252,2,2022-12-06,0R,pAMR0,35,0,future_no_significant_rejection,0,0.29343463031678263
image_only,pair_000285,patient_37a67c1ae4e8ad43,S2245753,S2245753,1,2022-11-01,0R,pAMR0,1,S2300360,S2300360,3,2023-01-03,1R,pAMR0,63,0,future_no_significant_rejection,0,0.29343463031678263
image_only,pair_000286,patient_37a67c1ae4e8ad43,S2245753,S2245753,1,2022-11-01,0R,pAMR0,1,S2304560,S2304560,4,2023-01-31,0R,pAMR0,91,0,future_no_significant_rejection,0,0.29343463031678263
image_only,pair_000287,patient_37a67c1ae4e8ad43,S2245753,S2245753,1,2022-11-01,0R,pAMR0,1,S2314588,S2314588,5,2023-04-04,0R,pAMR0,154,0,future_no_significant_rejection,0,0.29343463031678263
image_only,pair_000288,patient_37a67c1ae4e8ad43,S2245753,S2245753,1,2022-11-01,0R,pAMR0,1,S2328623,S2328623,6,2023-07-04,0R,pAMR0,245,0,future_no_significant_rejection,0,0.29343463031678263
image_only,pair_000289,patient_37a67c1ae4e8ad43,S2245753,S2245753,1,2022-11-01,0R,pAMR0,1,S2346543,S2346543,7,2023-10-31,0R,pAMR0,364,0,future_no_significant_rejection,0,0.29343463031678263
image_only,pair_000290,patient_37a67c1ae4e8ad43,S2245753,S2245753,1,2022-11-01,0R,pAMR0,1,S2408481,S2408481,8,2024-02-27,0R,pAMR0,483,0,future_no_significant_rejection,0,0.29343463031678263
image_only,pair_000291,patient_37a67c1ae4e8ad43,S2251252,S2251252,2,2022-12-06,0R,pAMR0,1,S2300360,S2300360,3,2023-01-03,1R,pAMR0,28,0,future_no_significant_rejection,0,0.3588229617074924
image_only,pair_000292,patient_37a67c1ae4e8ad43,S2251252,S2251252,2,2022-12-06,0R,pAMR0,1,S2304560,S2304560,4,2023-01-31,0R,pAMR0,56,0,future_no_significant_rejection,0,0.3588229617074924
image_only,pair_000293,patient_37a67c1ae4e8ad43,S2251252,S2251252,2,2022-12-06,0R,pAMR0,1,S2314588,S2314588,5,2023-04-04,0R,pAMR0,119,0,future_no_significant_rejection,0,0.3588229617074924
image_only,pair_000294,patient_37a67c1ae4e8ad43,S2251252,S2251252,2,2022-12-06,0R,pAMR0,1,S2328623,S2328623,6,2023-07-04,0R,pAMR0,210,0,future_no_significant_rejection,0,0.3588229617074924
image_only,pair_000295,patient_37a67c1ae4e8ad43,S2251252,S2251252,2,2022-12-06,0R,pAMR0,1,S2346543,S2346543,7,2023-10-31,0R,pAMR0,329,0,future_no_significant_rejection,0,0.3588229617074924
image_only,pair_000296,patient_37a67c1ae4e8ad43,S2251252,S2251252,2,2022-12-06,0R,pAMR0,1,S2408481,S2408481,8,2024-02-27,0R,pAMR0,448,0,future_no_significant_rejection,0,0.3588229617074924
image_only,pair_000297,patient_37a67c1ae4e8ad43,S2300360,S2300360,3,2023-01-03,1R,pAMR0,2,S2304560,S2304560,4,2023-01-31,0R,pAMR0,28,0,future_no_significant_rejection,0,0.357042020128606
image_only,pair_000298,patient_37a67c1ae4e8ad43,S2300360,S2300360,3,2023-01-03,1R,pAMR0,2,S2314588,S2314588,5,2023-04-04,0R,pAMR0,91,0,future_no_significant_rejection,0,0.357042020128606
image_only,pair_000299,patient_37a67c1ae4e8ad43,S2300360,S2300360,3,2023-01-03,1R,pAMR0,2,S2328623,S2328623,6,2023-07-04,0R,pAMR0,182,0,future_no_significant_rejection,0,0.357042020128606
image_only,pair_000300,patient_37a67c1ae4e8ad43,S2300360,S2300360,3,2023-01-03,1R,pAMR0,2,S2346543,S2346543,7,2023-10-31,0R,pAMR0,301,0,future_no_significant_rejection,0,0.357042020128606
image_only,pair_000301,patient_37a67c1ae4e8ad43,S2300360,S2300360,3,2023-01-03,1R,pAMR0,2,S2408481,S2408481,8,2024-02-27,0R,pAMR0,420,0,future_no_significant_rejection,0,0.357042020128606
image_only,pair_000302,patient_37a67c1ae4e8ad43,S2304560,S2304560,4,2023-01-31,0R,pAMR0,1,S2314588,S2314588,5,2023-04-04,0R,pAMR0,63,0,future_no_significant_rejection,0,0.4392109702051019
image_only,pair_000303,patient_37a67c1ae4e8ad43,S2304560,S2304560,4,2023-01-31,0R,pAMR0,1,S2328623,S2328623,6,2023-07-04,0R,pAMR0,154,0,future_no_significant_rejection,0,0.4392109702051019
image_only,pair_000304,patient_37a67c1ae4e8ad43,S2304560,S2304560,4,2023-01-31,0R,pAMR0,1,S2346543,S2346543,7,2023-10-31,0R,pAMR0,273,0,future_no_significant_rejection,0,0.4392109702051019
image_only,pair_000305,patient_37a67c1ae4e8ad43,S2304560,S2304560,4,2023-01-31,0R,pAMR0,1,S2408481,S2408481,8,2024-02-27,0R,pAMR0,392,0,future_no_significant_rejection,0,0.4392109702051019
image_only,pair_000306,patient_37a67c1ae4e8ad43,S2314588,S2314588,5,2023-04-04,0R,pAMR0,1,S2328623,S2328623,6,2023-07-04,0R,pAMR0,91,0,future_no_significant_rejection,0,0.4436503861841056
image_only,pair_000307,patient_37a67c1ae4e8ad43,S2314588,S2314588,5,2023-04-04,0R,pAMR0,1,S2346543,S2346543,7,2023-10-31,0R,pAMR0,210,0,future_no_significant_rejection,0,0.4436503861841056
image_only,pair_000308,patient_37a67c1ae4e8ad43,S2314588,S2314588,5,2023-04-04,0R,pAMR0,1,S2408481,S2408481,8,2024-02-27,0R,pAMR0,329,0,future_no_significant_rejection,0,0.4436503861841056
image_only,pair_000309,patient_37a67c1ae4e8ad43,S2328623,S2328623,6,2023-07-04,0R,pAMR0,1,S2346543,S2346543,7,2023-10-31,0R,pAMR0,119,0,future_no_significant_rejection,0,0.34557876283431216
image_only,pair_000310,patient_37a67c1ae4e8ad43,S2328623,S2328623,6,2023-07-04,0R,pAMR0,1,S2408481,S2408481,8,2024-02-27,0R,pAMR0,238,0,future_no_significant_rejection,0,0.34557876283431216
image_only,pair_000311,patient_37a67c1ae4e8ad43,S2346543,S2346543,7,2023-10-31,0R,pAMR0,1,S2408481,S2408481,8,2024-02-27,0R,pAMR0,119,0,future_no_significant_rejection,0,0.193556129645725
image_only,pair_000398,patient_4610d334819bbd61,S2506966,S2506966,1,2025-03-11,0R,pAMR0,1,S2509420,S2509420,2,2025-04-01,0R,pAMR0,21,0,future_no_significant_rejection,0,0.21322202090585074
image_only,pair_000399,patient_4610d334819bbd61,S2506966,S2506966,1,2025-03-11,0R,pAMR0,1,S2513846,S2513846,3,2025-05-13,0R,pAMR0,63,0,future_no_significant_rejection,0,0.21322202090585074
image_only,pair_000400,patient_4610d334819bbd61,S2509420,S2509420,2,2025-04-01,0R,pAMR0,5,S2513846,S2513846,3,2025-05-13,0R,pAMR0,42,0,future_no_significant_rejection,0,0.3799510417507218
image_only,pair_000417,patient_4a9f4346155f3b62,S2214326,S2214326,1,2022-04-12,0R,pAMR0,3,S2216629,S2216629,2,2022-04-25,1R,pAMR0,13,0,future_no_significant_rejection,0,0.48812135116790545
image_only,pair_000418,patient_4a9f4346155f3b62,S2214326,S2214326,1,2022-04-12,0R,pAMR0,3,S2222063,S2222063,3,2022-05-31,0R,pAMR0,49,0,future_no_significant_rejection,0,0.48812135116790545
image_only,pair_000419,patient_4a9f4346155f3b62,S2214326,S2214326,1,2022-04-12,0R,pAMR0,3,S2235319,S2235319,4,2022-08-23,2R,pAMR0,133,1,future_significant_rejection,0,0.48812135116790545
image_only,pair_000420,patient_4a9f4346155f3b62,S2214326,S2214326,1,2022-04-12,0R,pAMR0,3,S2242499,S2242499,5,2022-10-11,0R,pAMR0,182,0,future_no_significant_rejection,0,0.48812135116790545
image_only,pair_000421,patient_4a9f4346155f3b62,S2214326,S2214326,1,2022-04-12,0R,pAMR0,3,S2312318,S2312318,6,2023-03-21,0R,pAMR0,343,0,future_no_significant_rejection,0,0.48812135116790545
image_only,pair_000422,patient_4a9f4346155f3b62,S2216629,S2216629,2,2022-04-25,1R,pAMR0,1,S2222063,S2222063,3,2022-05-31,0R,pAMR0,36,0,future_no_significant_rejection,0,0.7985414269299296
image_only,pair_000423,patient_4a9f4346155f3b62,S2216629,S2216629,2,2022-04-25,1R,pAMR0,1,S2235319,S2235319,4,2022-08-23,2R,pAMR0,120,1,future_significant_rejection,0,0.7985414269299296
image_only,pair_000424,patient_4a9f4346155f3b62,S2216629,S2216629,2,2022-04-25,1R,pAMR0,1,S2242499,S2242499,5,2022-10-11,0R,pAMR0,169,0,future_no_significant_rejection,0,0.7985414269299296
image_only,pair_000425,patient_4a9f4346155f3b62,S2216629,S2216629,2,2022-04-25,1R,pAMR0,1,S2312318,S2312318,6,2023-03-21,0R,pAMR0,330,0,future_no_significant_rejection,0,0.7985414269299296
image_only,pair_000426,patient_4a9f4346155f3b62,S2222063,S2222063,3,2022-05-31,0R,pAMR0,1,S2235319,S2235319,4,2022-08-23,2R,pAMR0,84,1,future_significant_rejection,0,0.8304410466798867
image_only,pair_000427,patient_4a9f4346155f3b62,S2222063,S2222063,3,2022-05-31,0R,pAMR0,1,S2242499,S2242499,5,2022-10-11,0R,pAMR0,133,0,future_no_significant_rejection,0,0.8304410466798867
image_only,pair_000428,patient_4a9f4346155f3b62,S2222063,S2222063,3,2022-05-31,0R,pAMR0,1,S2312318,S2312318,6,2023-03-21,0R,pAMR0,294,0,future_no_significant_rejection,0,0.8304410466798867
image_only,pair_000514,patient_6d8c27caf7586f64,S2323108,S2323108,1,2023-05-30,0R,pAMR0,4,S2326332,S2326332,2,2023-06-20,0R,pAMR0,21,0,future_no_significant_rejection,0,0.6057075127220819
image_only,pair_000515,patient_6d8c27caf7586f64,S2323108,S2323108,1,2023-05-30,0R,pAMR0,4,S2330982,S2330982,3,2023-07-18,1R,pAMR0,49,0,future_no_significant_rejection,0,0.6057075127220819
image_only,pair_000516,patient_6d8c27caf7586f64,S2326332,S2326332,2,2023-06-20,0R,pAMR0,5,S2330982,S2330982,3,2023-07-18,1R,pAMR0,28,0,future_no_significant_rejection,0,0.432070889031713
image_only,pair_000549,patient_718a20df543bc4dd,S2409391,S2409391,1,2024-03-12,0R,pAMR0,4,S2410460,S2410460,2,2024-03-26,0R,pAMR0,14,0,future_no_significant_rejection,0,0.6471846630306782
image_only,pair_000550,patient_718a20df543bc4dd,S2409391,S2409391,1,2024-03-12,0R,pAMR0,4,S2412725,S2412725,3,2024-04-23,0R,pAMR0,42,0,future_no_significant_rejection,0,0.6471846630306782
image_only,pair_000551,patient_718a20df543bc4dd,S2409391,S2409391,1,2024-03-12,0R,pAMR0,4,S2415070,S2415070,4,2024-05-22,0R,pAMR0,71,0,future_no_significant_rejection,0,0.6471846630306782
image_only,pair_000552,patient_718a20df543bc4dd,S2409391,S2409391,1,2024-03-12,0R,pAMR0,4,S2424259,S2424259,5,2024-08-20,0R,pAMR0,161,0,future_no_significant_rejection,0,0.6471846630306782
image_only,pair_000553,patient_718a20df543bc4dd,S2409391,S2409391,1,2024-03-12,0R,pAMR0,4,S2504721,S2504721,6,2025-02-18,0R,pAMR0,343,0,future_no_significant_rejection,0,0.6471846630306782
image_only,pair_000554,patient_718a20df543bc4dd,S2410460,S2410460,2,2024-03-26,0R,pAMR0,1,S2412725,S2412725,3,2024-04-23,0R,pAMR0,28,0,future_no_significant_rejection,0,0.4277845194831932
image_only,pair_000555,patient_718a20df543bc4dd,S2410460,S2410460,2,2024-03-26,0R,pAMR0,1,S2415070,S2415070,4,2024-05-22,0R,pAMR0,57,0,future_no_significant_rejection,0,0.4277845194831932
image_only,pair_000556,patient_718a20df543bc4dd,S2410460,S2410460,2,2024-03-26,0R,pAMR0,1,S2424259,S2424259,5,2024-08-20,0R,pAMR0,147,0,future_no_significant_rejection,0,0.4277845194831932
image_only,pair_000557,patient_718a20df543bc4dd,S2410460,S2410460,2,2024-03-26,0R,pAMR0,1,S2504721,S2504721,6,2025-02-18,0R,pAMR0,329,0,future_no_significant_rejection,0,0.4277845194831932
image_only,pair_000558,patient_718a20df543bc4dd,S2412725,S2412725,3,2024-04-23,0R,pAMR0,2,S2415070,S2415070,4,2024-05-22,0R,pAMR0,29,0,future_no_significant_rejection,0,0.5674681731525406
image_only,pair_000559,patient_718a20df543bc4dd,S2412725,S2412725,3,2024-04-23,0R,pAMR0,2,S2424259,S2424259,5,2024-08-20,0R,pAMR0,119,0,future_no_significant_rejection,0,0.5674681731525406
image_only,pair_000560,patient_718a20df543bc4dd,S2412725,S2412725,3,2024-04-23,0R,pAMR0,2,S2504721,S2504721,6,2025-02-18,0R,pAMR0,301,0,future_no_significant_rejection,0,0.5674681731525406
image_only,pair_000561,patient_718a20df543bc4dd,S2415070,S2415070,4,2024-05-22,0R,pAMR0,2,S2424259,S2424259,5,2024-08-20,0R,pAMR0,90,0,future_no_significant_rejection,0,0.49378578915828353
image_only,pair_000562,patient_718a20df543bc4dd,S2415070,S2415070,4,2024-05-22,0R,pAMR0,2,S2504721,S2504721,6,2025-02-18,0R,pAMR0,272,0,future_no_significant_rejection,0,0.49378578915828353
image_only,pair_000563,patient_718a20df543bc4dd,S2424259,S2424259,5,2024-08-20,0R,pAMR0,2,S2504721,S2504721,6,2025-02-18,0R,pAMR0,182,0,future_no_significant_rejection,0,0.5786898677535682
image_only,pair_000582,patient_78e356d1740b4e11,S2150492,S2150492,1,2021-11-23,1R,pAMR0,3,S2229536,S2229536,2,2022-07-15,1R,pAMR0,234,0,future_no_significant_rejection,0,0.5588766609753797
image_only,pair_000596,patient_7d29fcd258114554,S2141806,S2141806,1,2021-09-28,0R,pAMR0,3,S2143769,S2143769,2,2021-10-12,0R,pAMR0,14,0,future_no_significant_rejection,0,0.6168445979193901
image_only,pair_000597,patient_7d29fcd258114554,S2141806,S2141806,1,2021-09-28,0R,pAMR0,3,S2149396,S2149396,3,2021-11-16,1R,pAMR0,49,0,future_no_significant_rejection,0,0.6168445979193901
image_only,pair_000598,patient_7d29fcd258114554,S2141806,S2141806,1,2021-09-28,0R,pAMR0,3,S2154957,S2154957,4,2021-12-21,1R,pAMR0,84,0,future_no_significant_rejection,0,0.6168445979193901
image_only,pair_000599,patient_7d29fcd258114554,S2141806,S2141806,1,2021-09-28,0R,pAMR0,3,S2203734,S2203734,5,2022-01-25,0R,pAMR0,119,0,future_no_significant_rejection,0,0.6168445979193901
image_only,pair_000600,patient_7d29fcd258114554,S2141806,S2141806,1,2021-09-28,0R,pAMR0,3,S2210203,S2210203,6,2022-03-15,0R,pAMR0,168,0,future_no_significant_rejection,0,0.6168445979193901
image_only,pair_000601,patient_7d29fcd258114554,S2141806,S2141806,1,2021-09-28,0R,pAMR0,3,S2239522,S2239522,7,2022-09-20,1R,pAMR0,357,0,future_no_significant_rejection,0,0.6168445979193901
image_only,pair_000602,patient_7d29fcd258114554,S2143769,S2143769,2,2021-10-12,0R,pAMR0,1,S2149396,S2149396,3,2021-11-16,1R,pAMR0,35,0,future_no_significant_rejection,0,0.48468514644692184
image_only,pair_000603,patient_7d29fcd258114554,S2143769,S2143769,2,2021-10-12,0R,pAMR0,1,S2154957,S2154957,4,2021-12-21,1R,pAMR0,70,0,future_no_significant_rejection,0,0.48468514644692184
image_only,pair_000604,patient_7d29fcd258114554,S2143769,S2143769,2,2021-10-12,0R,pAMR0,1,S2203734,S2203734,5,2022-01-25,0R,pAMR0,105,0,future_no_significant_rejection,0,0.48468514644692184
image_only,pair_000605,patient_7d29fcd258114554,S2143769,S2143769,2,2021-10-12,0R,pAMR0,1,S2210203,S2210203,6,2022-03-15,0R,pAMR0,154,0,future_no_significant_rejection,0,0.48468514644692184
image_only,pair_000606,patient_7d29fcd258114554,S2143769,S2143769,2,2021-10-12,0R,pAMR0,1,S2239522,S2239522,7,2022-09-20,1R,pAMR0,343,0,future_no_significant_rejection,0,0.48468514644692184
image_only,pair_000607,patient_7d29fcd258114554,S2149396,S2149396,3,2021-11-16,1R,pAMR0,1,S2154957,S2154957,4,2021-12-21,1R,pAMR0,35,0,future_no_significant_rejection,0,0.42962857699042306
image_only,pair_000608,patient_7d29fcd258114554,S2149396,S2149396,3,2021-11-16,1R,pAMR0,1,S2203734,S2203734,5,2022-01-25,0R,pAMR0,70,0,future_no_significant_rejection,0,0.42962857699042306
image_only,pair_000609,patient_7d29fcd258114554,S2149396,S2149396,3,2021-11-16,1R,pAMR0,1,S2210203,S2210203,6,2022-03-15,0R,pAMR0,119,0,future_no_significant_rejection,0,0.42962857699042306
image_only,pair_000610,patient_7d29fcd258114554,S2149396,S2149396,3,2021-11-16,1R,pAMR0,1,S2239522,S2239522,7,2022-09-20,1R,pAMR0,308,0,future_no_significant_rejection,0,0.42962857699042306
image_only,pair_000611,patient_7d29fcd258114554,S2154957,S2154957,4,2021-12-21,1R,pAMR0,1,S2203734,S2203734,5,2022-01-25,0R,pAMR0,35,0,future_no_significant_rejection,0,0.5614714958629742
image_only,pair_000612,patient_7d29fcd258114554,S2154957,S2154957,4,2021-12-21,1R,pAMR0,1,S2210203,S2210203,6,2022-03-15,0R,pAMR0,84,0,future_no_significant_rejection,0,0.5614714958629742
image_only,pair_000613,patient_7d29fcd258114554,S2154957,S2154957,4,2021-12-21,1R,pAMR0,1,S2239522,S2239522,7,2022-09-20,1R,pAMR0,273,0,future_no_significant_rejection,0,0.5614714958629742
image_only,pair_000614,patient_7d29fcd258114554,S2203734,S2203734,5,2022-01-25,0R,pAMR0,1,S2210203,S2210203,6,2022-03-15,0R,pAMR0,49,0,future_no_significant_rejection,0,0.4811049267659171
image_only,pair_000615,patient_7d29fcd258114554,S2203734,S2203734,5,2022-01-25,0R,pAMR0,1,S2239522,S2239522,7,2022-09-20,1R,pAMR0,238,0,future_no_significant_rejection,0,0.4811049267659171
image_only,pair_000616,patient_7d29fcd258114554,S2210203,S2210203,6,2022-03-15,0R,pAMR0,1,S2239522,S2239522,7,2022-09-20,1R,pAMR0,189,0,future_no_significant_rejection,0,0.6199707382234242
image_only,pair_000620,patient_7fb8c2b1e117173f,S2530063,S2530063,1,2025-09-23,0R,pAMR0,2,S2533022,S2533022,2,2025-10-21,0R,pAMR0,28,0,future_no_significant_rejection,0,0.6139989168952299
image_only,pair_000624,patient_886cef649f01f586,S2102543,S2102543,1,2021-01-19,0R,pAMR0,2,S2200309,S2200309,2,2022-01-04,0R,pAMR0,350,0,future_no_significant_rejection,0,0.8852358545354131
image_only,pair_000625,patient_895c9f3c4b1870d6,S2107860,S2107860,1,2021-02-23,1R,pAMR0,3,S2128633,S2128633,2,2021-07-06,2R,pAMR0,133,1,future_significant_rejection,0,0.7108860542422156
image_only,pair_000626,patient_895c9f3c4b1870d6,S2107860,S2107860,1,2021-02-23,1R,pAMR0,3,S2134279,S2134279,3,2021-08-10,2R,pAMR0,168,1,future_significant_rejection,0,0.7108860542422156
image_only,pair_000627,patient_895c9f3c4b1870d6,S2107860,S2107860,1,2021-02-23,1R,pAMR0,3,S2141807,S2141807,4,2021-09-28,1R,pAMR0,217,0,future_no_significant_rejection,0,0.7108860542422156
image_only,pair_000628,patient_895c9f3c4b1870d6,S2107860,S2107860,1,2021-02-23,1R,pAMR0,3,S2148221,S2148221,5,2021-11-09,2R,pAMR0,259,1,future_significant_rejection,0,0.7108860542422156
image_only,pair_000629,patient_895c9f3c4b1870d6,S2107860,S2107860,1,2021-02-23,1R,pAMR0,3,S2205208,S2205208,6,2022-02-08,0R,pAMR0,350,0,future_no_significant_rejection,0,0.7108860542422156
image_only,pair_000752,patient_ab45843e8e5c5823,S2253529,S2253529,1,2022-12-20,0R,pAMR0,1,S2300361,S2300361,2,2023-01-03,0R,pAMR0,14,0,future_no_significant_rejection,0,0.42568085961637525
image_only,pair_000753,patient_ab45843e8e5c5823,S2253529,S2253529,1,2022-12-20,0R,pAMR0,1,S2306015,S2306015,3,2023-02-08,1R,pAMR0,50,0,future_no_significant_rejection,0,0.42568085961637525
image_only,pair_000754,patient_ab45843e8e5c5823,S2253529,S2253529,1,2022-12-20,0R,pAMR0,1,S2310079,S2310079,4,2023-03-07,0R,pAMR0,77,0,future_no_significant_rejection,0,0.42568085961637525
image_only,pair_000755,patient_ab45843e8e5c5823,S2253529,S2253529,1,2022-12-20,0R,pAMR0,1,S2315841,S2315841,5,2023-04-11,1R,pAMR0,112,0,future_no_significant_rejection,0,0.42568085961637525
image_only,pair_000756,patient_ab45843e8e5c5823,S2253529,S2253529,1,2022-12-20,0R,pAMR0,1,S2325143,S2325143,6,2023-06-13,0R,pAMR0,175,0,future_no_significant_rejection,0,0.42568085961637525
image_only,pair_000757,patient_ab45843e8e5c5823,S2253529,S2253529,1,2022-12-20,0R,pAMR0,1,S2339820,S2339820,7,2023-09-12,0R,pAMR0,266,0,future_no_significant_rejection,0,0.42568085961637525
image_only,pair_000758,patient_ab45843e8e5c5823,S2253529,S2253529,1,2022-12-20,0R,pAMR0,1,S2351751,S2351751,8,2023-12-05,1R,pAMR0,350,0,future_no_significant_rejection,0,0.42568085961637525
image_only,pair_000759,patient_ab45843e8e5c5823,S2300361,S2300361,2,2023-01-03,0R,pAMR0,2,S2306015,S2306015,3,2023-02-08,1R,pAMR0,36,0,future_no_significant_rejection,0,0.4091884687925083
image_only,pair_000760,patient_ab45843e8e5c5823,S2300361,S2300361,2,2023-01-03,0R,pAMR0,2,S2310079,S2310079,4,2023-03-07,0R,pAMR0,63,0,future_no_significant_rejection,0,0.4091884687925083
image_only,pair_000761,patient_ab45843e8e5c5823,S2300361,S2300361,2,2023-01-03,0R,pAMR0,2,S2315841,S2315841,5,2023-04-11,1R,pAMR0,98,0,future_no_significant_rejection,0,0.4091884687925083
image_only,pair_000762,patient_ab45843e8e5c5823,S2300361,S2300361,2,2023-01-03,0R,pAMR0,2,S2325143,S2325143,6,2023-06-13,0R,pAMR0,161,0,future_no_significant_rejection,0,0.4091884687925083
image_only,pair_000763,patient_ab45843e8e5c5823,S2300361,S2300361,2,2023-01-03,0R,pAMR0,2,S2339820,S2339820,7,2023-09-12,0R,pAMR0,252,0,future_no_significant_rejection,0,0.4091884687925083
image_only,pair_000764,patient_ab45843e8e5c5823,S2300361,S2300361,2,2023-01-03,0R,pAMR0,2,S2351751,S2351751,8,2023-12-05,1R,pAMR0,336,0,future_no_significant_rejection,0,0.4091884687925083
image_only,pair_000765,patient_ab45843e8e5c5823,S2306015,S2306015,3,2023-02-08,1R,pAMR0,1,S2310079,S2310079,4,2023-03-07,0R,pAMR0,27,0,future_no_significant_rejection,0,0.40940802940559423
image_only,pair_000766,patient_ab45843e8e5c5823,S2306015,S2306015,3,2023-02-08,1R,pAMR0,1,S2315841,S2315841,5,2023-04-11,1R,pAMR0,62,0,future_no_significant_rejection,0,0.40940802940559423
image_only,pair_000767,patient_ab45843e8e5c5823,S2306015,S2306015,3,2023-02-08,1R,pAMR0,1,S2325143,S2325143,6,2023-06-13,0R,pAMR0,125,0,future_no_significant_rejection,0,0.40940802940559423
image_only,pair_000768,patient_ab45843e8e5c5823,S2306015,S2306015,3,2023-02-08,1R,pAMR0,1,S2339820,S2339820,7,2023-09-12,0R,pAMR0,216,0,future_no_significant_rejection,0,0.40940802940559423
image_only,pair_000769,patient_ab45843e8e5c5823,S2306015,S2306015,3,2023-02-08,1R,pAMR0,1,S2351751,S2351751,8,2023-12-05,1R,pAMR0,300,0,future_no_significant_rejection,0,0.40940802940559423
image_only,pair_000770,patient_ab45843e8e5c5823,S2310079,S2310079,4,2023-03-07,0R,pAMR0,1,S2315841,S2315841,5,2023-04-11,1R,pAMR0,35,0,future_no_significant_rejection,0,0.32700657904488956
image_only,pair_000771,patient_ab45843e8e5c5823,S2310079,S2310079,4,2023-03-07,0R,pAMR0,1,S2325143,S2325143,6,2023-06-13,0R,pAMR0,98,0,future_no_significant_rejection,0,0.32700657904488956
image_only,pair_000772,patient_ab45843e8e5c5823,S2310079,S2310079,4,2023-03-07,0R,pAMR0,1,S2339820,S2339820,7,2023-09-12,0R,pAMR0,189,0,future_no_significant_rejection,0,0.32700657904488956
image_only,pair_000773,patient_ab45843e8e5c5823,S2310079,S2310079,4,2023-03-07,0R,pAMR0,1,S2351751,S2351751,8,2023-12-05,1R,pAMR0,273,0,future_no_significant_rejection,0,0.32700657904488956
image_only,pair_000774,patient_ab45843e8e5c5823,S2315841,S2315841,5,2023-04-11,1R,pAMR0,2,S2325143,S2325143,6,2023-06-13,0R,pAMR0,63,0,future_no_significant_rejection,0,0.2090549452273429
image_only,pair_000775,patient_ab45843e8e5c5823,S2315841,S2315841,5,2023-04-11,1R,pAMR0,2,S2339820,S2339820,7,2023-09-12,0R,pAMR0,154,0,future_no_significant_rejection,0,0.2090549452273429
image_only,pair_000776,patient_ab45843e8e5c5823,S2315841,S2315841,5,2023-04-11,1R,pAMR0,2,S2351751,S2351751,8,2023-12-05,1R,pAMR0,238,0,future_no_significant_rejection,0,0.2090549452273429
image_only,pair_000777,patient_ab45843e8e5c5823,S2325143,S2325143,6,2023-06-13,0R,pAMR0,1,S2339820,S2339820,7,2023-09-12,0R,pAMR0,91,0,future_no_significant_rejection,0,0.4546565204894807
image_only,pair_000778,patient_ab45843e8e5c5823,S2325143,S2325143,6,2023-06-13,0R,pAMR0,1,S2351751,S2351751,8,2023-12-05,1R,pAMR0,175,0,future_no_significant_rejection,0,0.4546565204894807
image_only,pair_000779,patient_ab45843e8e5c5823,S2339820,S2339820,7,2023-09-12,0R,pAMR0,1,S2351751,S2351751,8,2023-12-05,1R,pAMR0,84,0,future_no_significant_rejection,0,0.47234396237379556
image_only,pair_000780,patient_aca1fffca0191542,S2142816,S2142816,1,2021-10-05,0R,pAMR0,1,S2211179,S2211179,2,2022-03-22,0R,pAMR0,168,0,future_no_significant_rejection,0,0.213194952459627
image_only,pair_000781,patient_aca1fffca0191542,S2142816,S2142816,1,2021-10-05,0R,pAMR0,1,S2333273,S2333273,3,2023-08-01,0R,pAMR0,665,0,future_no_significant_rejection,0,0.213194952459627
image_only,pair_000782,patient_aca1fffca0191542,S2211179,S2211179,2,2022-03-22,0R,pAMR0,1,S2333273,S2333273,3,2023-08-01,0R,pAMR0,497,0,future_no_significant_rejection,0,0.16915504055056874
image_only,pair_000783,patient_ad7be783b5ff7f03,S2314591,S2314591,1,2023-04-04,0R,pAMR0,3,S2316900,S2316900,2,2023-04-18,0R,pAMR0,14,0,future_no_significant_rejection,0,0.5124843999575013
image_only,pair_000784,patient_ad7be783b5ff7f03,S2314591,S2314591,1,2023-04-04,0R,pAMR0,3,S2329756,S2329756,3,2023-07-11,1R,pAMR0,98,0,future_no_significant_rejection,0,0.5124843999575013
image_only,pair_000785,patient_ad7be783b5ff7f03,S2314591,S2314591,1,2023-04-04,0R,pAMR0,3,S2410458,S2410458,4,2024-03-26,0R,pAMR0,357,0,future_no_significant_rejection,0,0.5124843999575013
image_only,pair_000786,patient_ad7be783b5ff7f03,S2316900,S2316900,2,2023-04-18,0R,pAMR0,1,S2329756,S2329756,3,2023-07-11,1R,pAMR0,84,0,future_no_significant_rejection,0,0.8048230055666021
image_only,pair_000787,patient_ad7be783b5ff7f03,S2316900,S2316900,2,2023-04-18,0R,pAMR0,1,S2410458,S2410458,4,2024-03-26,0R,pAMR0,343,0,future_no_significant_rejection,0,0.8048230055666021
image_only,pair_000788,patient_ad7be783b5ff7f03,S2329756,S2329756,3,2023-07-11,1R,pAMR0,3,S2410458,S2410458,4,2024-03-26,0R,pAMR0,259,0,future_no_significant_rejection,0,0.3291759492733859
image_only,pair_000789,patient_ae0f85572ff16638,S2153833,S2153833,1,2021-12-14,0R,pAMR0,1,S2311234,S2311234,2,2023-03-14,0R,pAMR0,455,0,future_no_significant_rejection,0,0.14588216562746864
image_only,pair_000819,patient_c2ec040a2ccee825,S2420604,S2420604,1,2024-07-16,0R,pAMR0,2,S2422845,S2422845,2,2024-08-06,0R,pAMR0,21,0,future_no_significant_rejection,0,0.6390911442569658
image_only,pair_000820,patient_c2ec040a2ccee825,S2420604,S2420604,1,2024-07-16,0R,pAMR0,2,S2502090,S2502090,3,2025-01-21,0R,pAMR0,189,0,future_no_significant_rejection,0,0.6390911442569658
image_only,pair_000821,patient_c2ec040a2ccee825,S2420604,S2420604,1,2024-07-16,0R,pAMR0,2,S2511010,S2511010,4,2025-04-15,1R,pAMR0,273,0,future_no_significant_rejection,0,0.6390911442569658
image_only,pair_000822,patient_c2ec040a2ccee825,S2420604,S2420604,1,2024-07-16,0R,pAMR0,2,S2520404,S2520404,5,2025-07-08,0R,pAMR0,357,0,future_no_significant_rejection,0,0.6390911442569658
image_only,pair_000823,patient_c2ec040a2ccee825,S2422845,S2422845,2,2024-08-06,0R,pAMR0,2,S2502090,S2502090,3,2025-01-21,0R,pAMR0,168,0,future_no_significant_rejection,0,0.5559053123009354
image_only,pair_000824,patient_c2ec040a2ccee825,S2422845,S2422845,2,2024-08-06,0R,pAMR0,2,S2511010,S2511010,4,2025-04-15,1R,pAMR0,252,0,future_no_significant_rejection,0,0.5559053123009354
image_only,pair_000825,patient_c2ec040a2ccee825,S2422845,S2422845,2,2024-08-06,0R,pAMR0,2,S2520404,S2520404,5,2025-07-08,0R,pAMR0,336,0,future_no_significant_rejection,0,0.5559053123009354
image_only,pair_000826,patient_c2ec040a2ccee825,S2502090,S2502090,3,2025-01-21,0R,pAMR0,1,S2511010,S2511010,4,2025-04-15,1R,pAMR0,84,0,future_no_significant_rejection,0,0.5299994198717923
image_only,pair_000827,patient_c2ec040a2ccee825,S2502090,S2502090,3,2025-01-21,0R,pAMR0,1,S2520404,S2520404,5,2025-07-08,0R,pAMR0,168,0,future_no_significant_rejection,0,0.5299994198717923
image_only,pair_000828,patient_c2ec040a2ccee825,S2511010,S2511010,4,2025-04-15,1R,pAMR0,2,S2520404,S2520404,5,2025-07-08,0R,pAMR0,84,0,future_no_significant_rejection,0,0.394720622341458
image_only,pair_000860,patient_c85fe67257ac09be,S2202565,S2202565,1,2022-01-18,0R,pAMR0,1,S2207349,S2207349,2,2022-02-22,0R,pAMR0,35,0,future_no_significant_rejection,0,0.4657151394116317
image_only,pair_000861,patient_c85fe67257ac09be,S2202565,S2202565,1,2022-01-18,0R,pAMR0,1,S2210204,S2210204,3,2022-03-15,1R,pAMR0,56,0,future_no_significant_rejection,0,0.4657151394116317
image_only,pair_000862,patient_c85fe67257ac09be,S2202565,S2202565,1,2022-01-18,0R,pAMR0,1,S2216630,S2216630,4,2022-04-26,0R,pAMR0,98,0,future_no_significant_rejection,0,0.4657151394116317
image_only,pair_000863,patient_c85fe67257ac09be,S2202565,S2202565,1,2022-01-18,0R,pAMR0,1,S2220918,S2220918,5,2022-05-24,1R,pAMR0,126,0,future_no_significant_rejection,0,0.4657151394116317
image_only,pair_000864,patient_c85fe67257ac09be,S2202565,S2202565,1,2022-01-18,0R,pAMR0,1,S2227608,S2227608,6,2022-07-05,1R,pAMR0,168,0,future_no_significant_rejection,0,0.4657151394116317
image_only,pair_000865,patient_c85fe67257ac09be,S2202565,S2202565,1,2022-01-18,0R,pAMR0,1,S2241560,S2241560,7,2022-10-04,1R,pAMR0,259,0,future_no_significant_rejection,0,0.4657151394116317
image_only,pair_000866,patient_c85fe67257ac09be,S2207349,S2207349,2,2022-02-22,0R,pAMR0,1,S2210204,S2210204,3,2022-03-15,1R,pAMR0,21,0,future_no_significant_rejection,0,0.6079666848075039
image_only,pair_000867,patient_c85fe67257ac09be,S2207349,S2207349,2,2022-02-22,0R,pAMR0,1,S2216630,S2216630,4,2022-04-26,0R,pAMR0,63,0,future_no_significant_rejection,0,0.6079666848075039
image_only,pair_000868,patient_c85fe67257ac09be,S2207349,S2207349,2,2022-02-22,0R,pAMR0,1,S2220918,S2220918,5,2022-05-24,1R,pAMR0,91,0,future_no_significant_rejection,0,0.6079666848075039
image_only,pair_000869,patient_c85fe67257ac09be,S2207349,S2207349,2,2022-02-22,0R,pAMR0,1,S2227608,S2227608,6,2022-07-05,1R,pAMR0,133,0,future_no_significant_rejection,0,0.6079666848075039
image_only,pair_000870,patient_c85fe67257ac09be,S2207349,S2207349,2,2022-02-22,0R,pAMR0,1,S2241560,S2241560,7,2022-10-04,1R,pAMR0,224,0,future_no_significant_rejection,0,0.6079666848075039
image_only,pair_000871,patient_c85fe67257ac09be,S2210204,S2210204,3,2022-03-15,1R,pAMR0,3,S2216630,S2216630,4,2022-04-26,0R,pAMR0,42,0,future_no_significant_rejection,0,0.594236230947908
image_only,pair_000872,patient_c85fe67257ac09be,S2210204,S2210204,3,2022-03-15,1R,pAMR0,3,S2220918,S2220918,5,2022-05-24,1R,pAMR0,70,0,future_no_significant_rejection,0,0.594236230947908
image_only,pair_000873,patient_c85fe67257ac09be,S2210204,S2210204,3,2022-03-15,1R,pAMR0,3,S2227608,S2227608,6,2022-07-05,1R,pAMR0,112,0,future_no_significant_rejection,0,0.594236230947908
image_only,pair_000874,patient_c85fe67257ac09be,S2210204,S2210204,3,2022-03-15,1R,pAMR0,3,S2241560,S2241560,7,2022-10-04,1R,pAMR0,203,0,future_no_significant_rejection,0,0.594236230947908
image_only,pair_000875,patient_c85fe67257ac09be,S2216630,S2216630,4,2022-04-26,0R,pAMR0,2,S2220918,S2220918,5,2022-05-24,1R,pAMR0,28,0,future_no_significant_rejection,0,0.735741743530508
image_only,pair_000876,patient_c85fe67257ac09be,S2216630,S2216630,4,2022-04-26,0R,pAMR0,2,S2227608,S2227608,6,2022-07-05,1R,pAMR0,70,0,future_no_significant_rejection,0,0.735741743530508
image_only,pair_000877,patient_c85fe67257ac09be,S2216630,S2216630,4,2022-04-26,0R,pAMR0,2,S2241560,S2241560,7,2022-10-04,1R,pAMR0,161,0,future_no_significant_rejection,0,0.735741743530508
image_only,pair_000878,patient_c85fe67257ac09be,S2220918,S2220918,5,2022-05-24,1R,pAMR0,1,S2227608,S2227608,6,2022-07-05,1R,pAMR0,42,0,future_no_significant_rejection,0,0.3357870773588028
image_only,pair_000879,patient_c85fe67257ac09be,S2220918,S2220918,5,2022-05-24,1R,pAMR0,1,S2241560,S2241560,7,2022-10-04,1R,pAMR0,133,0,future_no_significant_rejection,0,0.3357870773588028
image_only,pair_000880,patient_c85fe67257ac09be,S2227608,S2227608,6,2022-07-05,1R,pAMR0,3,S2241560,S2241560,7,2022-10-04,1R,pAMR0,91,0,future_no_significant_rejection,0,0.5073051666301975
image_only,pair_000909,patient_d074d89175786c47,S2227605,S2227605,1,2022-07-05,0R,pAMR0,1,S2231089,S2231089,2,2022-07-26,0R,pAMR0,21,0,future_no_significant_rejection,0,0.4556409116843792
image_only,pair_000910,patient_d074d89175786c47,S2227605,S2227605,1,2022-07-05,0R,pAMR0,1,S2236496,S2236496,3,2022-08-30,0R,pAMR0,56,0,future_no_significant_rejection,0,0.4556409116843792
image_only,pair_000911,patient_d074d89175786c47,S2227605,S2227605,1,2022-07-05,0R,pAMR0,1,S2242501,S2242501,4,2022-10-11,0R,pAMR0,98,0,future_no_significant_rejection,0,0.4556409116843792
image_only,pair_000912,patient_d074d89175786c47,S2227605,S2227605,1,2022-07-05,0R,pAMR0,1,S2250151,S2250151,5,2022-11-29,0R,pAMR0,147,0,future_no_significant_rejection,0,0.4556409116843792
image_only,pair_000913,patient_d074d89175786c47,S2227605,S2227605,1,2022-07-05,0R,pAMR0,1,S2304564,S2304564,6,2023-01-31,0R,pAMR0,210,0,future_no_significant_rejection,0,0.4556409116843792
image_only,pair_000914,patient_d074d89175786c47,S2227605,S2227605,1,2022-07-05,0R,pAMR0,1,S2315840,S2315840,7,2023-04-11,0R,pAMR0,280,0,future_no_significant_rejection,0,0.4556409116843792
image_only,pair_000915,patient_d074d89175786c47,S2227605,S2227605,1,2022-07-05,0R,pAMR0,1,S2327489,S2327489,8,2023-06-27,0R,pAMR0,357,0,future_no_significant_rejection,0,0.4556409116843792
image_only,pair_000916,patient_d074d89175786c47,S2231089,S2231089,2,2022-07-26,0R,pAMR0,2,S2236496,S2236496,3,2022-08-30,0R,pAMR0,35,0,future_no_significant_rejection,0,0.3458837947619276
image_only,pair_000917,patient_d074d89175786c47,S2231089,S2231089,2,2022-07-26,0R,pAMR0,2,S2242501,S2242501,4,2022-10-11,0R,pAMR0,77,0,future_no_significant_rejection,0,0.3458837947619276
image_only,pair_000918,patient_d074d89175786c47,S2231089,S2231089,2,2022-07-26,0R,pAMR0,2,S2250151,S2250151,5,2022-11-29,0R,pAMR0,126,0,future_no_significant_rejection,0,0.3458837947619276
image_only,pair_000919,patient_d074d89175786c47,S2231089,S2231089,2,2022-07-26,0R,pAMR0,2,S2304564,S2304564,6,2023-01-31,0R,pAMR0,189,0,future_no_significant_rejection,0,0.3458837947619276
image_only,pair_000920,patient_d074d89175786c47,S2231089,S2231089,2,2022-07-26,0R,pAMR0,2,S2315840,S2315840,7,2023-04-11,0R,pAMR0,259,0,future_no_significant_rejection,0,0.3458837947619276
image_only,pair_000921,patient_d074d89175786c47,S2231089,S2231089,2,2022-07-26,0R,pAMR0,2,S2327489,S2327489,8,2023-06-27,0R,pAMR0,336,0,future_no_significant_rejection,0,0.3458837947619276
image_only,pair_000922,patient_d074d89175786c47,S2236496,S2236496,3,2022-08-30,0R,pAMR0,1,S2242501,S2242501,4,2022-10-11,0R,pAMR0,42,0,future_no_significant_rejection,0,0.3924136438318314
image_only,pair_000923,patient_d074d89175786c47,S2236496,S2236496,3,2022-08-30,0R,pAMR0,1,S2250151,S2250151,5,2022-11-29,0R,pAMR0,91,0,future_no_significant_rejection,0,0.3924136438318314
image_only,pair_000924,patient_d074d89175786c47,S2236496,S2236496,3,2022-08-30,0R,pAMR0,1,S2304564,S2304564,6,2023-01-31,0R,pAMR0,154,0,future_no_significant_rejection,0,0.3924136438318314
image_only,pair_000925,patient_d074d89175786c47,S2236496,S2236496,3,2022-08-30,0R,pAMR0,1,S2315840,S2315840,7,2023-04-11,0R,pAMR0,224,0,future_no_significant_rejection,0,0.3924136438318314
image_only,pair_000926,patient_d074d89175786c47,S2236496,S2236496,3,2022-08-30,0R,pAMR0,1,S2327489,S2327489,8,2023-06-27,0R,pAMR0,301,0,future_no_significant_rejection,0,0.3924136438318314
image_only,pair_000927,patient_d074d89175786c47,S2242501,S2242501,4,2022-10-11,0R,pAMR0,1,S2250151,S2250151,5,2022-11-29,0R,pAMR0,49,0,future_no_significant_rejection,0,0.49454465129482494
image_only,pair_000928,patient_d074d89175786c47,S2242501,S2242501,4,2022-10-11,0R,pAMR0,1,S2304564,S2304564,6,2023-01-31,0R,pAMR0,112,0,future_no_significant_rejection,0,0.49454465129482494
image_only,pair_000929,patient_d074d89175786c47,S2242501,S2242501,4,2022-10-11,0R,pAMR0,1,S2315840,S2315840,7,2023-04-11,0R,pAMR0,182,0,future_no_significant_rejection,0,0.49454465129482494
image_only,pair_000930,patient_d074d89175786c47,S2242501,S2242501,4,2022-10-11,0R,pAMR0,1,S2327489,S2327489,8,2023-06-27,0R,pAMR0,259,0,future_no_significant_rejection,0,0.49454465129482494
image_only,pair_000931,patient_d074d89175786c47,S2250151,S2250151,5,2022-11-29,0R,pAMR0,1,S2304564,S2304564,6,2023-01-31,0R,pAMR0,63,0,future_no_significant_rejection,0,0.4348822667169739
image_only,pair_000932,patient_d074d89175786c47,S2250151,S2250151,5,2022-11-29,0R,pAMR0,1,S2315840,S2315840,7,2023-04-11,0R,pAMR0,133,0,future_no_significant_rejection,0,0.4348822667169739
image_only,pair_000933,patient_d074d89175786c47,S2250151,S2250151,5,2022-11-29,0R,pAMR0,1,S2327489,S2327489,8,2023-06-27,0R,pAMR0,210,0,future_no_significant_rejection,0,0.4348822667169739
image_only,pair_000934,patient_d074d89175786c47,S2304564,S2304564,6,2023-01-31,0R,pAMR0,1,S2315840,S2315840,7,2023-04-11,0R,pAMR0,70,0,future_no_significant_rejection,0,0.22414412740939302
image_only,pair_000935,patient_d074d89175786c47,S2304564,S2304564,6,2023-01-31,0R,pAMR0,1,S2327489,S2327489,8,2023-06-27,0R,pAMR0,147,0,future_no_significant_rejection,0,0.22414412740939302
image_only,pair_000936,patient_d074d89175786c47,S2315840,S2315840,7,2023-04-11,0R,pAMR0,6,S2327489,S2327489,8,2023-06-27,0R,pAMR0,77,0,future_no_significant_rejection,0,0.23220735832506625
image_only,pair_000961,patient_d4c07874dec8cc11,S2413769,S2413769,1,2024-05-07,0R,pAMR0,9,S2426614,S2426614,2,2024-09-10,0R,pAMR0,126,0,future_no_significant_rejection,0,0.5537689072959844
image_only,pair_000962,patient_d4c07874dec8cc11,S2413769,S2413769,1,2024-05-07,0R,pAMR0,9,S2434133,S2434133,3,2024-11-26,1R,pAMR0,203,0,future_no_significant_rejection,0,0.5537689072959844
image_only,pair_000963,patient_d4c07874dec8cc11,S2413769,S2413769,1,2024-05-07,0R,pAMR0,9,S2505508,S2505508,4,2025-02-25,0R,pAMR0,294,0,future_no_significant_rejection,0,0.5537689072959844
image_only,pair_000964,patient_d4c07874dec8cc11,S2426614,S2426614,2,2024-09-10,0R,pAMR0,6,S2434133,S2434133,3,2024-11-26,1R,pAMR0,77,0,future_no_significant_rejection,0,0.4979072380081856
image_only,pair_000965,patient_d4c07874dec8cc11,S2426614,S2426614,2,2024-09-10,0R,pAMR0,6,S2505508,S2505508,4,2025-02-25,0R,pAMR0,168,0,future_no_significant_rejection,0,0.4979072380081856
image_only,pair_000966,patient_d4c07874dec8cc11,S2434133,S2434133,3,2024-11-26,1R,pAMR0,2,S2505508,S2505508,4,2025-02-25,0R,pAMR0,91,0,future_no_significant_rejection,0,0.5370288345269799
image_only,pair_000967,patient_d66d976aaae8f399,S2133159,S2133159,1,2021-08-03,0R,pAMR0,3,S2135429,S2135429,2,2021-08-17,1R,pAMR0,14,0,future_no_significant_rejection,0,0.6150780751104035
image_only,pair_000968,patient_d66d976aaae8f399,S2133159,S2133159,1,2021-08-03,0R,pAMR0,3,S2140145,S2140145,3,2021-09-14,1R,pAMR0,42,0,future_no_significant_rejection,0,0.6150780751104035
image_only,pair_000969,patient_d66d976aaae8f399,S2133159,S2133159,1,2021-08-03,0R,pAMR0,3,S2143764,S2143764,4,2021-10-11,1R,pAMR0,69,0,future_no_significant_rejection,0,0.6150780751104035
image_only,pair_000970,patient_d66d976aaae8f399,S2133159,S2133159,1,2021-08-03,0R,pAMR0,3,S2202567,S2202567,5,2022-01-18,0R,pAMR0,168,0,future_no_significant_rejection,0,0.6150780751104035
image_only,pair_000971,patient_d66d976aaae8f399,S2133159,S2133159,1,2021-08-03,0R,pAMR0,3,S2213275,S2213275,6,2022-04-05,0R,pAMR0,245,0,future_no_significant_rejection,0,0.6150780751104035
image_only,pair_000972,patient_d66d976aaae8f399,S2133159,S2133159,1,2021-08-03,0R,pAMR0,3,S2228788,S2228788,7,2022-07-12,0R,pAMR0,343,0,future_no_significant_rejection,0,0.6150780751104035
image_only,pair_000973,patient_d66d976aaae8f399,S2135429,S2135429,2,2021-08-17,1R,pAMR0,1,S2140145,S2140145,3,2021-09-14,1R,pAMR0,28,0,future_no_significant_rejection,0,0.5560409421757642
image_only,pair_000974,patient_d66d976aaae8f399,S2135429,S2135429,2,2021-08-17,1R,pAMR0,1,S2143764,S2143764,4,2021-10-11,1R,pAMR0,55,0,future_no_significant_rejection,0,0.5560409421757642
image_only,pair_000975,patient_d66d976aaae8f399,S2135429,S2135429,2,2021-08-17,1R,pAMR0,1,S2202567,S2202567,5,2022-01-18,0R,pAMR0,154,0,future_no_significant_rejection,0,0.5560409421757642
image_only,pair_000976,patient_d66d976aaae8f399,S2135429,S2135429,2,2021-08-17,1R,pAMR0,1,S2213275,S2213275,6,2022-04-05,0R,pAMR0,231,0,future_no_significant_rejection,0,0.5560409421757642
image_only,pair_000977,patient_d66d976aaae8f399,S2135429,S2135429,2,2021-08-17,1R,pAMR0,1,S2228788,S2228788,7,2022-07-12,0R,pAMR0,329,0,future_no_significant_rejection,0,0.5560409421757642
image_only,pair_000978,patient_d66d976aaae8f399,S2140145,S2140145,3,2021-09-14,1R,pAMR0,1,S2143764,S2143764,4,2021-10-11,1R,pAMR0,27,0,future_no_significant_rejection,0,0.5718151898013661
image_only,pair_000979,patient_d66d976aaae8f399,S2140145,S2140145,3,2021-09-14,1R,pAMR0,1,S2202567,S2202567,5,2022-01-18,0R,pAMR0,126,0,future_no_significant_rejection,0,0.5718151898013661
image_only,pair_000980,patient_d66d976aaae8f399,S2140145,S2140145,3,2021-09-14,1R,pAMR0,1,S2213275,S2213275,6,2022-04-05,0R,pAMR0,203,0,future_no_significant_rejection,0,0.5718151898013661
image_only,pair_000981,patient_d66d976aaae8f399,S2140145,S2140145,3,2021-09-14,1R,pAMR0,1,S2228788,S2228788,7,2022-07-12,0R,pAMR0,301,0,future_no_significant_rejection,0,0.5718151898013661
image_only,pair_000982,patient_d66d976aaae8f399,S2143764,S2143764,4,2021-10-11,1R,pAMR0,1,S2202567,S2202567,5,2022-01-18,0R,pAMR0,99,0,future_no_significant_rejection,0,0.5670644986387631
image_only,pair_000983,patient_d66d976aaae8f399,S2143764,S2143764,4,2021-10-11,1R,pAMR0,1,S2213275,S2213275,6,2022-04-05,0R,pAMR0,176,0,future_no_significant_rejection,0,0.5670644986387631
image_only,pair_000984,patient_d66d976aaae8f399,S2143764,S2143764,4,2021-10-11,1R,pAMR0,1,S2228788,S2228788,7,2022-07-12,0R,pAMR0,274,0,future_no_significant_rejection,0,0.5670644986387631
image_only,pair_000985,patient_d66d976aaae8f399,S2202567,S2202567,5,2022-01-18,0R,pAMR0,1,S2213275,S2213275,6,2022-04-05,0R,pAMR0,77,0,future_no_significant_rejection,0,0.30461309167468975
image_only,pair_000986,patient_d66d976aaae8f399,S2202567,S2202567,5,2022-01-18,0R,pAMR0,1,S2228788,S2228788,7,2022-07-12,0R,pAMR0,175,0,future_no_significant_rejection,0,0.30461309167468975
image_only,pair_000987,patient_d66d976aaae8f399,S2213275,S2213275,6,2022-04-05,0R,pAMR0,1,S2228788,S2228788,7,2022-07-12,0R,pAMR0,98,0,future_no_significant_rejection,0,0.6384434836146905
image_only,pair_000988,patient_d772dd268706e1cf,S2133157,S2133157,1,2021-08-03,1R,pAMR0,1,S2150490,S2150490,2,2021-11-23,1R,pAMR0,112,0,future_no_significant_rejection,0,0.5995305021249695
image_only,pair_000989,patient_d772dd268706e1cf,S2133157,S2133157,1,2021-08-03,1R,pAMR0,1,S2203737,S2203737,3,2022-01-25,0R,pAMR0,175,0,future_no_significant_rejection,0,0.5995305021249695
image_only,pair_000990,patient_d772dd268706e1cf,S2133157,S2133157,1,2021-08-03,1R,pAMR0,1,S2215453,S2215453,4,2022-04-19,1R,pAMR0,259,0,future_no_significant_rejection,0,0.5995305021249695
image_only,pair_000991,patient_d772dd268706e1cf,S2150490,S2150490,2,2021-11-23,1R,pAMR0,1,S2203737,S2203737,3,2022-01-25,0R,pAMR0,63,0,future_no_significant_rejection,0,0.3765930892164951
image_only,pair_000992,patient_d772dd268706e1cf,S2150490,S2150490,2,2021-11-23,1R,pAMR0,1,S2215453,S2215453,4,2022-04-19,1R,pAMR0,147,0,future_no_significant_rejection,0,0.3765930892164951
image_only,pair_000993,patient_d772dd268706e1cf,S2203737,S2203737,3,2022-01-25,0R,pAMR0,1,S2215453,S2215453,4,2022-04-19,1R,pAMR0,84,0,future_no_significant_rejection,0,0.5867359345365957
image_only,pair_000994,patient_d7b8077abb2db045,S2511009,S2511009,1,2025-04-15,0R,pAMR0,2,S2512685,S2512685,2,2025-04-29,0R,pAMR0,14,0,future_no_significant_rejection,0,0.484848083035958
image_only,pair_000995,patient_d7b8077abb2db045,S2511009,S2511009,1,2025-04-15,0R,pAMR0,2,S2520402,S2520402,3,2025-07-08,0R,pAMR0,84,0,future_no_significant_rejection,0,0.484848083035958
image_only,pair_000996,patient_d7b8077abb2db045,S2511009,S2511009,1,2025-04-15,0R,pAMR0,2,S2525436,S2525436,4,2025-08-19,0R,pAMR0,126,0,future_no_significant_rejection,0,0.484848083035958
image_only,pair_000997,patient_d7b8077abb2db045,S2511009,S2511009,1,2025-04-15,0R,pAMR0,2,S2530981,S2530981,5,2025-09-30,0R,pAMR0,168,0,future_no_significant_rejection,0,0.484848083035958
image_only,pair_000998,patient_d7b8077abb2db045,S2512685,S2512685,2,2025-04-29,0R,pAMR0,2,S2520402,S2520402,3,2025-07-08,0R,pAMR0,70,0,future_no_significant_rejection,0,0.5865101539087488
image_only,pair_000999,patient_d7b8077abb2db045,S2512685,S2512685,2,2025-04-29,0R,pAMR0,2,S2525436,S2525436,4,2025-08-19,0R,pAMR0,112,0,future_no_significant_rejection,0,0.5865101539087488
image_only,pair_001000,patient_d7b8077abb2db045,S2512685,S2512685,2,2025-04-29,0R,pAMR0,2,S2530981,S2530981,5,2025-09-30,0R,pAMR0,154,0,future_no_significant_rejection,0,0.5865101539087488
image_only,pair_001001,patient_d7b8077abb2db045,S2520402,S2520402,3,2025-07-08,0R,pAMR0,1,S2525436,S2525436,4,2025-08-19,0R,pAMR0,42,0,future_no_significant_rejection,0,0.6624781306176923
image_only,pair_001002,patient_d7b8077abb2db045,S2520402,S2520402,3,2025-07-08,0R,pAMR0,1,S2530981,S2530981,5,2025-09-30,0R,pAMR0,84,0,future_no_significant_rejection,0,0.6624781306176923
image_only,pair_001003,patient_d7b8077abb2db045,S2525436,S2525436,4,2025-08-19,0R,pAMR0,1,S2530981,S2530981,5,2025-09-30,0R,pAMR0,42,0,future_no_significant_rejection,0,0.6592276331425553
image_only,pair_001004,patient_d82abebcfaf082f8,S2404885,S2404885,1,2024-01-30,0R,pAMR0,1,S2407941,S2407941,2,2024-02-20,0R,pAMR0,21,0,future_no_significant_rejection,0,0.14765575285820753
image_only,pair_001005,patient_d82abebcfaf082f8,S2404885,S2404885,1,2024-01-30,0R,pAMR0,1,S2422844,S2422844,3,2024-08-06,0R,pAMR0,189,0,future_no_significant_rejection,0,0.14765575285820753
image_only,pair_001006,patient_d82abebcfaf082f8,S2407941,S2407941,2,2024-02-20,0R,pAMR0,3,S2422844,S2422844,3,2024-08-06,0R,pAMR0,168,0,future_no_significant_rejection,0,0.7306419839135702
image_only,pair_001007,patient_d8e20f6cc2cd90d6,S2108731,S2108731,1,2021-03-02,1R,pAMR0,1,S2135432,S2135432,2,2021-08-17,0R,pAMR0,168,0,future_no_significant_rejection,0,0.9221513549686444
image_only,pair_001008,patient_d8e20f6cc2cd90d6,S2108731,S2108731,1,2021-03-02,1R,pAMR0,1,S2142818,S2142818,3,2021-10-05,1R,pAMR0,217,0,future_no_significant_rejection,0,0.9221513549686444
image_only,pair_001009,patient_d8e20f6cc2cd90d6,S2135432,S2135432,2,2021-08-17,0R,pAMR0,1,S2142818,S2142818,3,2021-10-05,1R,pAMR0,49,0,future_no_significant_rejection,0,0.6745396903686651
image_only,pair_001025,patient_dd7e0e39c92e25b4,S2143766,S2143766,1,2021-10-12,1R,pAMR0,3,S2150494,S2150494,2,2021-11-23,1R,pAMR0,42,0,future_no_significant_rejection,0,0.5877109335012275
image_only,pair_001026,patient_dd7e0e39c92e25b4,S2143766,S2143766,1,2021-10-12,1R,pAMR0,3,S2154963,S2154963,3,2021-12-21,0R,pAMR0,70,0,future_no_significant_rejection,0,0.5877109335012275
image_only,pair_001027,patient_dd7e0e39c92e25b4,S2143766,S2143766,1,2021-10-12,1R,pAMR0,3,S2203735,S2203735,4,2022-01-25,0R,pAMR0,105,0,future_no_significant_rejection,0,0.5877109335012275
image_only,pair_001028,patient_dd7e0e39c92e25b4,S2143766,S2143766,1,2021-10-12,1R,pAMR0,3,S2210200,S2210200,5,2022-03-15,1R,pAMR0,154,0,future_no_significant_rejection,0,0.5877109335012275
image_only,pair_001029,patient_dd7e0e39c92e25b4,S2143766,S2143766,1,2021-10-12,1R,pAMR0,3,S2229969,S2229969,6,2022-07-18,0R,pAMR0,279,0,future_no_significant_rejection,0,0.5877109335012275
image_only,pair_001030,patient_dd7e0e39c92e25b4,S2143766,S2143766,1,2021-10-12,1R,pAMR0,3,S2240724,S2240724,7,2022-09-27,1R,pAMR0,350,0,future_no_significant_rejection,0,0.5877109335012275
image_only,pair_001031,patient_dd7e0e39c92e25b4,S2150494,S2150494,2,2021-11-23,1R,pAMR0,1,S2154963,S2154963,3,2021-12-21,0R,pAMR0,28,0,future_no_significant_rejection,0,0.3055366822494447
image_only,pair_001032,patient_dd7e0e39c92e25b4,S2150494,S2150494,2,2021-11-23,1R,pAMR0,1,S2203735,S2203735,4,2022-01-25,0R,pAMR0,63,0,future_no_significant_rejection,0,0.3055366822494447
image_only,pair_001033,patient_dd7e0e39c92e25b4,S2150494,S2150494,2,2021-11-23,1R,pAMR0,1,S2210200,S2210200,5,2022-03-15,1R,pAMR0,112,0,future_no_significant_rejection,0,0.3055366822494447
image_only,pair_001034,patient_dd7e0e39c92e25b4,S2150494,S2150494,2,2021-11-23,1R,pAMR0,1,S2229969,S2229969,6,2022-07-18,0R,pAMR0,237,0,future_no_significant_rejection,0,0.3055366822494447
image_only,pair_001035,patient_dd7e0e39c92e25b4,S2150494,S2150494,2,2021-11-23,1R,pAMR0,1,S2240724,S2240724,7,2022-09-27,1R,pAMR0,308,0,future_no_significant_rejection,0,0.3055366822494447
image_only,pair_001036,patient_dd7e0e39c92e25b4,S2154963,S2154963,3,2021-12-21,0R,pAMR0,1,S2203735,S2203735,4,2022-01-25,0R,pAMR0,35,0,future_no_significant_rejection,0,0.32954014706649226
image_only,pair_001037,patient_dd7e0e39c92e25b4,S2154963,S2154963,3,2021-12-21,0R,pAMR0,1,S2210200,S2210200,5,2022-03-15,1R,pAMR0,84,0,future_no_significant_rejection,0,0.32954014706649226
image_only,pair_001038,patient_dd7e0e39c92e25b4,S2154963,S2154963,3,2021-12-21,0R,pAMR0,1,S2229969,S2229969,6,2022-07-18,0R,pAMR0,209,0,future_no_significant_rejection,0,0.32954014706649226
image_only,pair_001039,patient_dd7e0e39c92e25b4,S2154963,S2154963,3,2021-12-21,0R,pAMR0,1,S2240724,S2240724,7,2022-09-27,1R,pAMR0,280,0,future_no_significant_rejection,0,0.32954014706649226
image_only,pair_001040,patient_dd7e0e39c92e25b4,S2203735,S2203735,4,2022-01-25,0R,pAMR0,1,S2210200,S2210200,5,2022-03-15,1R,pAMR0,49,0,future_no_significant_rejection,0,0.3507516448119454
image_only,pair_001041,patient_dd7e0e39c92e25b4,S2203735,S2203735,4,2022-01-25,0R,pAMR0,1,S2229969,S2229969,6,2022-07-18,0R,pAMR0,174,0,future_no_significant_rejection,0,0.3507516448119454
image_only,pair_001042,patient_dd7e0e39c92e25b4,S2203735,S2203735,4,2022-01-25,0R,pAMR0,1,S2240724,S2240724,7,2022-09-27,1R,pAMR0,245,0,future_no_significant_rejection,0,0.3507516448119454
image_only,pair_001043,patient_dd7e0e39c92e25b4,S2210200,S2210200,5,2022-03-15,1R,pAMR0,1,S2229969,S2229969,6,2022-07-18,0R,pAMR0,125,0,future_no_significant_rejection,0,0.44872496671002765
image_only,pair_001044,patient_dd7e0e39c92e25b4,S2210200,S2210200,5,2022-03-15,1R,pAMR0,1,S2240724,S2240724,7,2022-09-27,1R,pAMR0,196,0,future_no_significant_rejection,0,0.44872496671002765
image_only,pair_001045,patient_dd7e0e39c92e25b4,S2229969,S2229969,6,2022-07-18,0R,pAMR0,1,S2240724,S2240724,7,2022-09-27,1R,pAMR0,71,0,future_no_significant_rejection,0,0.5365767618418928
image_only,pair_001046,patient_dfafa5c41a0ad944,S2129801,S2129801,1,2021-07-13,1R,pAMR0,3,S2144967,S2144967,2,2021-10-19,0R,pAMR0,98,0,future_no_significant_rejection,0,0.5981140691388988
image_only,pair_001047,patient_dfafa5c41a0ad944,S2129801,S2129801,1,2021-07-13,1R,pAMR0,3,S2209229,S2209229,3,2022-03-08,1R,pAMR0,238,0,future_no_significant_rejection,0,0.5981140691388988
image_only,pair_001048,patient_dfafa5c41a0ad944,S2144967,S2144967,2,2021-10-19,0R,pAMR0,1,S2209229,S2209229,3,2022-03-08,1R,pAMR0,140,0,future_no_significant_rejection,0,0.4266196140677562
image_only,pair_001087,patient_e918692d7c80e65c,S2327689,S2327689,1,2023-06-28,0R,pAMR0,1,S2330980,S2330980,2,2023-07-18,0R,pAMR0,20,0,future_no_significant_rejection,0,0.47551214684623744
image_only,pair_001088,patient_e918692d7c80e65c,S2327689,S2327689,1,2023-06-28,0R,pAMR0,1,S2337812,S2337812,3,2023-08-30,0R,pAMR0,63,0,future_no_significant_rejection,0,0.47551214684623744
image_only,pair_001089,patient_e918692d7c80e65c,S2327689,S2327689,1,2023-06-28,0R,pAMR0,1,S2342016,S2342016,4,2023-09-26,0R,pAMR0,90,0,future_no_significant_rejection,0,0.47551214684623744
image_only,pair_001090,patient_e918692d7c80e65c,S2330980,S2330980,2,2023-07-18,0R,pAMR0,1,S2337812,S2337812,3,2023-08-30,0R,pAMR0,43,0,future_no_significant_rejection,0,0.5719210977873986
image_only,pair_001091,patient_e918692d7c80e65c,S2330980,S2330980,2,2023-07-18,0R,pAMR0,1,S2342016,S2342016,4,2023-09-26,0R,pAMR0,70,0,future_no_significant_rejection,0,0.5719210977873986
image_only,pair_001092,patient_e918692d7c80e65c,S2337812,S2337812,3,2023-08-30,0R,pAMR0,1,S2342016,S2342016,4,2023-09-26,0R,pAMR0,27,0,future_no_significant_rejection,0,0.5878967989098037
image_only,pair_001093,patient_e9984333ac68159c,S2228790,S2228790,1,2022-07-12,0R,pAMR0,1,S2232191,S2232191,2,2022-08-02,1R,pAMR0,21,0,future_no_significant_rejection,0,0.35780747356780945
image_only,pair_001094,patient_e9984333ac68159c,S2228790,S2228790,1,2022-07-12,0R,pAMR0,1,S2236493,S2236493,3,2022-08-30,1R,pAMR0,49,0,future_no_significant_rejection,0,0.35780747356780945
image_only,pair_001095,patient_e9984333ac68159c,S2228790,S2228790,1,2022-07-12,0R,pAMR0,1,S2247859,S2247859,4,2022-11-15,1R,pAMR0,126,0,future_no_significant_rejection,0,0.35780747356780945
image_only,pair_001096,patient_e9984333ac68159c,S2228790,S2228790,1,2022-07-12,0R,pAMR0,1,S2313440,S2313440,5,2023-03-28,0R,pAMR0,259,0,future_no_significant_rejection,0,0.35780747356780945
image_only,pair_001097,patient_e9984333ac68159c,S2232191,S2232191,2,2022-08-02,1R,pAMR0,2,S2236493,S2236493,3,2022-08-30,1R,pAMR0,28,0,future_no_significant_rejection,0,0.40536250856593004
image_only,pair_001098,patient_e9984333ac68159c,S2232191,S2232191,2,2022-08-02,1R,pAMR0,2,S2247859,S2247859,4,2022-11-15,1R,pAMR0,105,0,future_no_significant_rejection,0,0.40536250856593004
image_only,pair_001099,patient_e9984333ac68159c,S2232191,S2232191,2,2022-08-02,1R,pAMR0,2,S2313440,S2313440,5,2023-03-28,0R,pAMR0,238,0,future_no_significant_rejection,0,0.40536250856593004
image_only,pair_001100,patient_e9984333ac68159c,S2236493,S2236493,3,2022-08-30,1R,pAMR0,3,S2247859,S2247859,4,2022-11-15,1R,pAMR0,77,0,future_no_significant_rejection,0,0.35770218441718493
image_only,pair_001101,patient_e9984333ac68159c,S2236493,S2236493,3,2022-08-30,1R,pAMR0,3,S2313440,S2313440,5,2023-03-28,0R,pAMR0,210,0,future_no_significant_rejection,0,0.35770218441718493
image_only,pair_001102,patient_e9984333ac68159c,S2247859,S2247859,4,2022-11-15,1R,pAMR0,1,S2313440,S2313440,5,2023-03-28,0R,pAMR0,133,0,future_no_significant_rejection,0,0.45439839929500075
image_only,pair_001112,patient_f1bc2d6d2b5c3421,S2344462,S2344462,1,2023-10-17,0R,pAMR0,1,S2347457,S2347457,2,2023-11-07,1R,pAMR0,21,0,future_no_significant_rejection,0,0.32426179107597997
image_only,pair_001113,patient_f1bc2d6d2b5c3421,S2344462,S2344462,1,2023-10-17,0R,pAMR0,1,S2352826,S2352826,3,2023-12-12,0R,pAMR0,56,0,future_no_significant_rejection,0,0.32426179107597997
image_only,pair_001114,patient_f1bc2d6d2b5c3421,S2344462,S2344462,1,2023-10-17,0R,pAMR0,1,S2403702,S2403702,4,2024-01-23,1R,pAMR0,98,0,future_no_significant_rejection,0,0.32426179107597997
image_only,pair_001115,patient_f1bc2d6d2b5c3421,S2344462,S2344462,1,2023-10-17,0R,pAMR0,1,S2409928,S2409928,5,2024-03-19,0R,pAMR0,154,0,future_no_significant_rejection,0,0.32426179107597997
image_only,pair_001116,patient_f1bc2d6d2b5c3421,S2344462,S2344462,1,2023-10-17,0R,pAMR0,1,S2415692,S2415692,6,2024-05-28,0R,pAMR0,224,0,future_no_significant_rejection,0,0.32426179107597997
image_only,pair_001117,patient_f1bc2d6d2b5c3421,S2347457,S2347457,2,2023-11-07,1R,pAMR0,2,S2352826,S2352826,3,2023-12-12,0R,pAMR0,35,0,future_no_significant_rejection,0,0.4007883343090084
image_only,pair_001118,patient_f1bc2d6d2b5c3421,S2347457,S2347457,2,2023-11-07,1R,pAMR0,2,S2403702,S2403702,4,2024-01-23,1R,pAMR0,77,0,future_no_significant_rejection,0,0.4007883343090084
image_only,pair_001119,patient_f1bc2d6d2b5c3421,S2347457,S2347457,2,2023-11-07,1R,pAMR0,2,S2409928,S2409928,5,2024-03-19,0R,pAMR0,133,0,future_no_significant_rejection,0,0.4007883343090084
image_only,pair_001120,patient_f1bc2d6d2b5c3421,S2347457,S2347457,2,2023-11-07,1R,pAMR0,2,S2415692,S2415692,6,2024-05-28,0R,pAMR0,203,0,future_no_significant_rejection,0,0.4007883343090084
image_only,pair_001121,patient_f1bc2d6d2b5c3421,S2352826,S2352826,3,2023-12-12,0R,pAMR0,1,S2403702,S2403702,4,2024-01-23,1R,pAMR0,42,0,future_no_significant_rejection,0,0.3132901100751707
image_only,pair_001122,patient_f1bc2d6d2b5c3421,S2352826,S2352826,3,2023-12-12,0R,pAMR0,1,S2409928,S2409928,5,2024-03-19,0R,pAMR0,98,0,future_no_significant_rejection,0,0.3132901100751707
image_only,pair_001123,patient_f1bc2d6d2b5c3421,S2352826,S2352826,3,2023-12-12,0R,pAMR0,1,S2415692,S2415692,6,2024-05-28,0R,pAMR0,168,0,future_no_significant_rejection,0,0.3132901100751707
image_only,pair_001124,patient_f1bc2d6d2b5c3421,S2403702,S2403702,4,2024-01-23,1R,pAMR0,2,S2409928,S2409928,5,2024-03-19,0R,pAMR0,56,0,future_no_significant_rejection,0,0.4524558261928405
image_only,pair_001125,patient_f1bc2d6d2b5c3421,S2403702,S2403702,4,2024-01-23,1R,pAMR0,2,S2415692,S2415692,6,2024-05-28,0R,pAMR0,126,0,future_no_significant_rejection,0,0.4524558261928405
image_only,pair_001126,patient_f1bc2d6d2b5c3421,S2409928,S2409928,5,2024-03-19,0R,pAMR0,1,S2415692,S2415692,6,2024-05-28,0R,pAMR0,70,0,future_no_significant_rejection,0,0.312488735587105
image_only,pair_001142,patient_f73f7e4dab64291c,S2411029,S2411029,1,2024-04-02,0R,pAMR0,1,S2415690,S2415690,2,2024-05-28,0R,pAMR0,56,0,future_no_significant_rejection,0,0.2981513339997175
image_only,pair_001143,patient_f73f7e4dab64291c,S2411029,S2411029,1,2024-04-02,0R,pAMR0,1,S2419850,S2419850,3,2024-07-09,0R,pAMR0,98,0,future_no_significant_rejection,0,0.2981513339997175
image_only,pair_001144,patient_f73f7e4dab64291c,S2411029,S2411029,1,2024-04-02,0R,pAMR0,1,S2425034,S2425034,4,2024-08-27,0R,pAMR0,147,0,future_no_significant_rejection,0,0.2981513339997175
image_only,pair_001145,patient_f73f7e4dab64291c,S2415690,S2415690,2,2024-05-28,0R,pAMR0,2,S2419850,S2419850,3,2024-07-09,0R,pAMR0,42,0,future_no_significant_rejection,0,0.5379757701349545
image_only,pair_001146,patient_f73f7e4dab64291c,S2415690,S2415690,2,2024-05-28,0R,pAMR0,2,S2425034,S2425034,4,2024-08-27,0R,pAMR0,91,0,future_no_significant_rejection,0,0.5379757701349545
image_only,pair_001147,patient_f73f7e4dab64291c,S2419850,S2419850,3,2024-07-09,0R,pAMR0,2,S2425034,S2425034,4,2024-08-27,0R,pAMR0,49,0,future_no_significant_rejection,0,0.4580618361430063
image_only,pair_001158,patient_fc51a062525b3f86,S2043434,S2043434,1,2020-11-03,0R,pAMR0,3,S2130900,S2130900,2,2021-07-20,1R,pAMR0,259,0,future_no_significant_rejection,0,0.8817577700206367
image_only,pair_001159,patient_fc51a062525b3f86,S2043434,S2043434,1,2020-11-03,0R,pAMR0,3,S2144970,S2144970,3,2021-10-19,1R,pAMR0,350,0,future_no_significant_rejection,0,0.8817577700206367
image_only,pair_001160,patient_fc51a062525b3f86,S2130900,S2130900,2,2021-07-20,1R,pAMR0,1,S2144970,S2144970,3,2021-10-19,1R,pAMR0,91,0,future_no_significant_rejection,0,0.7251683742036756
image_only,pair_000001,patient_005b214a5e658965,S2135430,S2135430,1,2021-08-17,0R,pAMR0,1,S2149398,S2149398,2,2021-11-16,1R,pAMR0,91,0,future_no_significant_rejection,1,0.1352610167812667
image_only,pair_000005,patient_0941abb556cbec79,S2306849,S2306849,1,2023-02-14,1R,pAMR0,6,S2309075,S2309075,2,2023-02-28,1R,pAMR0,14,0,future_no_significant_rejection,1,0.15997785012720034
image_only,pair_000006,patient_0941abb556cbec79,S2306849,S2306849,1,2023-02-14,1R,pAMR0,6,S2313664,S2313664,3,2023-03-29,0R,pAMR0,43,0,future_no_significant_rejection,1,0.15997785012720034
image_only,pair_000007,patient_0941abb556cbec79,S2306849,S2306849,1,2023-02-14,1R,pAMR0,6,S2319879,S2319879,4,2023-05-09,0R,pAMR0,84,0,future_no_significant_rejection,1,0.15997785012720034
image_only,pair_000008,patient_0941abb556cbec79,S2306849,S2306849,1,2023-02-14,1R,pAMR0,6,S2334389,S2334389,5,2023-08-08,1R,pAMR0,175,0,future_no_significant_rejection,1,0.15997785012720034
image_only,pair_000009,patient_0941abb556cbec79,S2306849,S2306849,1,2023-02-14,1R,pAMR0,6,S2347458,S2347458,6,2023-11-07,0R,pAMR0,266,0,future_no_significant_rejection,1,0.15997785012720034
image_only,pair_000010,patient_0941abb556cbec79,S2306849,S2306849,1,2023-02-14,1R,pAMR0,6,S2406040,S2406040,7,2024-02-06,0R,pAMR0,357,0,future_no_significant_rejection,1,0.15997785012720034
image_only,pair_000011,patient_0941abb556cbec79,S2309075,S2309075,2,2023-02-28,1R,pAMR0,5,S2313664,S2313664,3,2023-03-29,0R,pAMR0,29,0,future_no_significant_rejection,1,0.17076602269081212
image_only,pair_000012,patient_0941abb556cbec79,S2309075,S2309075,2,2023-02-28,1R,pAMR0,5,S2319879,S2319879,4,2023-05-09,0R,pAMR0,70,0,future_no_significant_rejection,1,0.17076602269081212
image_only,pair_000013,patient_0941abb556cbec79,S2309075,S2309075,2,2023-02-28,1R,pAMR0,5,S2334389,S2334389,5,2023-08-08,1R,pAMR0,161,0,future_no_significant_rejection,1,0.17076602269081212
image_only,pair_000014,patient_0941abb556cbec79,S2309075,S2309075,2,2023-02-28,1R,pAMR0,5,S2347458,S2347458,6,2023-11-07,0R,pAMR0,252,0,future_no_significant_rejection,1,0.17076602269081212
image_only,pair_000015,patient_0941abb556cbec79,S2309075,S2309075,2,2023-02-28,1R,pAMR0,5,S2406040,S2406040,7,2024-02-06,0R,pAMR0,343,0,future_no_significant_rejection,1,0.17076602269081212
image_only,pair_000016,patient_0941abb556cbec79,S2313664,S2313664,3,2023-03-29,0R,pAMR0,1,S2319879,S2319879,4,2023-05-09,0R,pAMR0,41,0,future_no_significant_rejection,1,0.06989498439189869
image_only,pair_000017,patient_0941abb556cbec79,S2313664,S2313664,3,2023-03-29,0R,pAMR0,1,S2334389,S2334389,5,2023-08-08,1R,pAMR0,132,0,future_no_significant_rejection,1,0.06989498439189869
image_only,pair_000018,patient_0941abb556cbec79,S2313664,S2313664,3,2023-03-29,0R,pAMR0,1,S2347458,S2347458,6,2023-11-07,0R,pAMR0,223,0,future_no_significant_rejection,1,0.06989498439189869
image_only,pair_000019,patient_0941abb556cbec79,S2313664,S2313664,3,2023-03-29,0R,pAMR0,1,S2406040,S2406040,7,2024-02-06,0R,pAMR0,314,0,future_no_significant_rejection,1,0.06989498439189869
image_only,pair_000020,patient_0941abb556cbec79,S2319879,S2319879,4,2023-05-09,0R,pAMR0,5,S2334389,S2334389,5,2023-08-08,1R,pAMR0,91,0,future_no_significant_rejection,1,0.16923002821960603
image_only,pair_000021,patient_0941abb556cbec79,S2319879,S2319879,4,2023-05-09,0R,pAMR0,5,S2347458,S2347458,6,2023-11-07,0R,pAMR0,182,0,future_no_significant_rejection,1,0.16923002821960603
image_only,pair_000022,patient_0941abb556cbec79,S2319879,S2319879,4,2023-05-09,0R,pAMR0,5,S2406040,S2406040,7,2024-02-06,0R,pAMR0,273,0,future_no_significant_rejection,1,0.16923002821960603
image_only,pair_000023,patient_0941abb556cbec79,S2334389,S2334389,5,2023-08-08,1R,pAMR0,2,S2347458,S2347458,6,2023-11-07,0R,pAMR0,91,0,future_no_significant_rejection,1,0.08586284975813109
image_only,pair_000024,patient_0941abb556cbec79,S2334389,S2334389,5,2023-08-08,1R,pAMR0,2,S2406040,S2406040,7,2024-02-06,0R,pAMR0,182,0,future_no_significant_rejection,1,0.08586284975813109
image_only,pair_000025,patient_0941abb556cbec79,S2347458,S2347458,6,2023-11-07,0R,pAMR0,2,S2406040,S2406040,7,2024-02-06,0R,pAMR0,91,0,future_no_significant_rejection,1,0.20029718376934408
image_only,pair_000026,patient_0cf9d90c530cbd0b,S2129802,S2129802,1,2021-07-12,1R,pAMR0,3,S2135431,S2135431,2,2021-08-17,1R,pAMR0,36,0,future_no_significant_rejection,1,0.09269372033447211
image_only,pair_000027,patient_0cf9d90c530cbd0b,S2129802,S2129802,1,2021-07-12,1R,pAMR0,3,S2141805,S2141805,3,2021-09-28,1R,pAMR0,78,0,future_no_significant_rejection,1,0.09269372033447211
image_only,pair_000028,patient_0cf9d90c530cbd0b,S2129802,S2129802,1,2021-07-12,1R,pAMR0,3,S2149394,S2149394,4,2021-11-16,1R,pAMR0,127,0,future_no_significant_rejection,1,0.09269372033447211
image_only,pair_000029,patient_0cf9d90c530cbd0b,S2129802,S2129802,1,2021-07-12,1R,pAMR0,3,S2156022,S2156022,5,2021-12-28,0R,pAMR0,169,0,future_no_significant_rejection,1,0.09269372033447211
image_only,pair_000030,patient_0cf9d90c530cbd0b,S2129802,S2129802,1,2021-07-12,1R,pAMR0,3,S2210199,S2210199,6,2022-03-15,0R,pAMR0,246,0,future_no_significant_rejection,1,0.09269372033447211
image_only,pair_000031,patient_0cf9d90c530cbd0b,S2129802,S2129802,1,2021-07-12,1R,pAMR0,3,S2224007,S2224007,7,2022-06-14,0R,pAMR0,337,0,future_no_significant_rejection,1,0.09269372033447211
image_only,pair_000032,patient_0cf9d90c530cbd0b,S2135431,S2135431,2,2021-08-17,1R,pAMR0,1,S2141805,S2141805,3,2021-09-28,1R,pAMR0,42,0,future_no_significant_rejection,1,0.6374301290259974
image_only,pair_000033,patient_0cf9d90c530cbd0b,S2135431,S2135431,2,2021-08-17,1R,pAMR0,1,S2149394,S2149394,4,2021-11-16,1R,pAMR0,91,0,future_no_significant_rejection,1,0.6374301290259974
image_only,pair_000034,patient_0cf9d90c530cbd0b,S2135431,S2135431,2,2021-08-17,1R,pAMR0,1,S2156022,S2156022,5,2021-12-28,0R,pAMR0,133,0,future_no_significant_rejection,1,0.6374301290259974
image_only,pair_000035,patient_0cf9d90c530cbd0b,S2135431,S2135431,2,2021-08-17,1R,pAMR0,1,S2210199,S2210199,6,2022-03-15,0R,pAMR0,210,0,future_no_significant_rejection,1,0.6374301290259974
image_only,pair_000036,patient_0cf9d90c530cbd0b,S2135431,S2135431,2,2021-08-17,1R,pAMR0,1,S2224007,S2224007,7,2022-06-14,0R,pAMR0,301,0,future_no_significant_rejection,1,0.6374301290259974
image_only,pair_000037,patient_0cf9d90c530cbd0b,S2141805,S2141805,3,2021-09-28,1R,pAMR0,1,S2149394,S2149394,4,2021-11-16,1R,pAMR0,49,0,future_no_significant_rejection,1,0.6229077312274394
image_only,pair_000038,patient_0cf9d90c530cbd0b,S2141805,S2141805,3,2021-09-28,1R,pAMR0,1,S2156022,S2156022,5,2021-12-28,0R,pAMR0,91,0,future_no_significant_rejection,1,0.6229077312274394
image_only,pair_000039,patient_0cf9d90c530cbd0b,S2141805,S2141805,3,2021-09-28,1R,pAMR0,1,S2210199,S2210199,6,2022-03-15,0R,pAMR0,168,0,future_no_significant_rejection,1,0.6229077312274394
image_only,pair_000040,patient_0cf9d90c530cbd0b,S2141805,S2141805,3,2021-09-28,1R,pAMR0,1,S2224007,S2224007,7,2022-06-14,0R,pAMR0,259,0,future_no_significant_rejection,1,0.6229077312274394
image_only,pair_000041,patient_0cf9d90c530cbd0b,S2149394,S2149394,4,2021-11-16,1R,pAMR0,1,S2156022,S2156022,5,2021-12-28,0R,pAMR0,42,0,future_no_significant_rejection,1,0.37994340589533687
image_only,pair_000042,patient_0cf9d90c530cbd0b,S2149394,S2149394,4,2021-11-16,1R,pAMR0,1,S2210199,S2210199,6,2022-03-15,0R,pAMR0,119,0,future_no_significant_rejection,1,0.37994340589533687
image_only,pair_000043,patient_0cf9d90c530cbd0b,S2149394,S2149394,4,2021-11-16,1R,pAMR0,1,S2224007,S2224007,7,2022-06-14,0R,pAMR0,210,0,future_no_significant_rejection,1,0.37994340589533687
image_only,pair_000044,patient_0cf9d90c530cbd0b,S2156022,S2156022,5,2021-12-28,0R,pAMR0,1,S2210199,S2210199,6,2022-03-15,0R,pAMR0,77,0,future_no_significant_rejection,1,0.10735251870853538
image_only,pair_000045,patient_0cf9d90c530cbd0b,S2156022,S2156022,5,2021-12-28,0R,pAMR0,1,S2224007,S2224007,7,2022-06-14,0R,pAMR0,168,0,future_no_significant_rejection,1,0.10735251870853538
image_only,pair_000046,patient_0cf9d90c530cbd0b,S2210199,S2210199,6,2022-03-15,0R,pAMR0,1,S2224007,S2224007,7,2022-06-14,0R,pAMR0,91,0,future_no_significant_rejection,1,0.2771192456583787
image_only,pair_000068,patient_19d05fccc0aac48d,S2026723,S2026723,1,2020-07-07,1R,pAMR0,3,S2028920,S2028920,2,2020-07-21,1R,pAMR1,14,1,future_significant_rejection,1,0.3316766458421233
image_only,pair_000094,patient_1db7fb03763dab37,S2416977,S2416977,1,2024-06-11,0R,pAMR0,2,S2420601,S2420601,2,2024-07-16,0R,pAMR0,35,0,future_no_significant_rejection,1,0.10825442219270988
image_only,pair_000095,patient_1db7fb03763dab37,S2416977,S2416977,1,2024-06-11,0R,pAMR0,2,S2423618,S2423618,3,2024-08-13,0R,pAMR0,63,0,future_no_significant_rejection,1,0.10825442219270988
image_only,pair_000096,patient_1db7fb03763dab37,S2416977,S2416977,1,2024-06-11,0R,pAMR0,2,S2429063,S2429063,4,2024-10-08,0R,pAMR0,119,0,future_no_significant_rejection,1,0.10825442219270988
image_only,pair_000097,patient_1db7fb03763dab37,S2416977,S2416977,1,2024-06-11,0R,pAMR0,2,S2433341,S2433341,5,2024-11-19,0R,pAMR0,161,0,future_no_significant_rejection,1,0.10825442219270988
image_only,pair_000098,patient_1db7fb03763dab37,S2416977,S2416977,1,2024-06-11,0R,pAMR0,2,S2513847,S2513847,6,2025-05-13,0R,pAMR0,336,0,future_no_significant_rejection,1,0.10825442219270988
image_only,pair_000099,patient_1db7fb03763dab37,S2420601,S2420601,2,2024-07-16,0R,pAMR0,2,S2423618,S2423618,3,2024-08-13,0R,pAMR0,28,0,future_no_significant_rejection,1,0.07069000945138244
image_only,pair_000100,patient_1db7fb03763dab37,S2420601,S2420601,2,2024-07-16,0R,pAMR0,2,S2429063,S2429063,4,2024-10-08,0R,pAMR0,84,0,future_no_significant_rejection,1,0.07069000945138244
image_only,pair_000101,patient_1db7fb03763dab37,S2420601,S2420601,2,2024-07-16,0R,pAMR0,2,S2433341,S2433341,5,2024-11-19,0R,pAMR0,126,0,future_no_significant_rejection,1,0.07069000945138244
image_only,pair_000102,patient_1db7fb03763dab37,S2420601,S2420601,2,2024-07-16,0R,pAMR0,2,S2513847,S2513847,6,2025-05-13,0R,pAMR0,301,0,future_no_significant_rejection,1,0.07069000945138244
image_only,pair_000103,patient_1db7fb03763dab37,S2423618,S2423618,3,2024-08-13,0R,pAMR0,2,S2429063,S2429063,4,2024-10-08,0R,pAMR0,56,0,future_no_significant_rejection,1,0.16632176473927446
image_only,pair_000104,patient_1db7fb03763dab37,S2423618,S2423618,3,2024-08-13,0R,pAMR0,2,S2433341,S2433341,5,2024-11-19,0R,pAMR0,98,0,future_no_significant_rejection,1,0.16632176473927446
image_only,pair_000105,patient_1db7fb03763dab37,S2423618,S2423618,3,2024-08-13,0R,pAMR0,2,S2513847,S2513847,6,2025-05-13,0R,pAMR0,273,0,future_no_significant_rejection,1,0.16632176473927446
image_only,pair_000106,patient_1db7fb03763dab37,S2429063,S2429063,4,2024-10-08,0R,pAMR0,2,S2433341,S2433341,5,2024-11-19,0R,pAMR0,42,0,future_no_significant_rejection,1,0.048107510958556934
image_only,pair_000107,patient_1db7fb03763dab37,S2429063,S2429063,4,2024-10-08,0R,pAMR0,2,S2513847,S2513847,6,2025-05-13,0R,pAMR0,217,0,future_no_significant_rejection,1,0.048107510958556934
image_only,pair_000108,patient_1db7fb03763dab37,S2433341,S2433341,5,2024-11-19,0R,pAMR0,2,S2513847,S2513847,6,2025-05-13,0R,pAMR0,175,0,future_no_significant_rejection,1,0.029160605986325434
image_only,pair_000109,patient_1f1d5d53d578938e,S2433344,S2433344,1,2024-11-19,0R,pAMR0,2,S2434919,S2434919,2,2024-12-03,0R,pAMR0,14,0,future_no_significant_rejection,1,0.06529708020583037
image_only,pair_000110,patient_1f1d5d53d578938e,S2433344,S2433344,1,2024-11-19,0R,pAMR0,2,S2500522,S2500522,3,2025-01-07,0R,pAMR0,49,0,future_no_significant_rejection,1,0.06529708020583037
image_only,pair_000111,patient_1f1d5d53d578938e,S2433344,S2433344,1,2024-11-19,0R,pAMR0,2,S2503983,S2503983,4,2025-02-11,0R,pAMR0,84,0,future_no_significant_rejection,1,0.06529708020583037
image_only,pair_000112,patient_1f1d5d53d578938e,S2433344,S2433344,1,2024-11-19,0R,pAMR0,2,S2507799,S2507799,5,2025-03-18,0R,pAMR0,119,0,future_no_significant_rejection,1,0.06529708020583037
image_only,pair_000113,patient_1f1d5d53d578938e,S2433344,S2433344,1,2024-11-19,0R,pAMR0,2,S2511859,S2511859,6,2025-04-22,0R,pAMR0,154,0,future_no_significant_rejection,1,0.06529708020583037
image_only,pair_000114,patient_1f1d5d53d578938e,S2433344,S2433344,1,2024-11-19,0R,pAMR0,2,S2522980,S2522980,7,2025-07-29,0R,pAMR0,252,0,future_no_significant_rejection,1,0.06529708020583037
image_only,pair_000115,patient_1f1d5d53d578938e,S2434919,S2434919,2,2024-12-03,0R,pAMR0,2,S2500522,S2500522,3,2025-01-07,0R,pAMR0,35,0,future_no_significant_rejection,1,0.015591109503140554
image_only,pair_000116,patient_1f1d5d53d578938e,S2434919,S2434919,2,2024-12-03,0R,pAMR0,2,S2503983,S2503983,4,2025-02-11,0R,pAMR0,70,0,future_no_significant_rejection,1,0.015591109503140554
image_only,pair_000117,patient_1f1d5d53d578938e,S2434919,S2434919,2,2024-12-03,0R,pAMR0,2,S2507799,S2507799,5,2025-03-18,0R,pAMR0,105,0,future_no_significant_rejection,1,0.015591109503140554
image_only,pair_000118,patient_1f1d5d53d578938e,S2434919,S2434919,2,2024-12-03,0R,pAMR0,2,S2511859,S2511859,6,2025-04-22,0R,pAMR0,140,0,future_no_significant_rejection,1,0.015591109503140554
image_only,pair_000119,patient_1f1d5d53d578938e,S2434919,S2434919,2,2024-12-03,0R,pAMR0,2,S2522980,S2522980,7,2025-07-29,0R,pAMR0,238,0,future_no_significant_rejection,1,0.015591109503140554
image_only,pair_000120,patient_1f1d5d53d578938e,S2500522,S2500522,3,2025-01-07,0R,pAMR0,7,S2503983,S2503983,4,2025-02-11,0R,pAMR0,35,0,future_no_significant_rejection,1,0.033047726895561624
image_only,pair_000121,patient_1f1d5d53d578938e,S2500522,S2500522,3,2025-01-07,0R,pAMR0,7,S2507799,S2507799,5,2025-03-18,0R,pAMR0,70,0,future_no_significant_rejection,1,0.033047726895561624
image_only,pair_000122,patient_1f1d5d53d578938e,S2500522,S2500522,3,2025-01-07,0R,pAMR0,7,S2511859,S2511859,6,2025-04-22,0R,pAMR0,105,0,future_no_significant_rejection,1,0.033047726895561624
image_only,pair_000123,patient_1f1d5d53d578938e,S2500522,S2500522,3,2025-01-07,0R,pAMR0,7,S2522980,S2522980,7,2025-07-29,0R,pAMR0,203,0,future_no_significant_rejection,1,0.033047726895561624
image_only,pair_000124,patient_1f1d5d53d578938e,S2503983,S2503983,4,2025-02-11,0R,pAMR0,2,S2507799,S2507799,5,2025-03-18,0R,pAMR0,35,0,future_no_significant_rejection,1,0.07681511853167633
image_only,pair_000125,patient_1f1d5d53d578938e,S2503983,S2503983,4,2025-02-11,0R,pAMR0,2,S2511859,S2511859,6,2025-04-22,0R,pAMR0,70,0,future_no_significant_rejection,1,0.07681511853167633
image_only,pair_000126,patient_1f1d5d53d578938e,S2503983,S2503983,4,2025-02-11,0R,pAMR0,2,S2522980,S2522980,7,2025-07-29,0R,pAMR0,168,0,future_no_significant_rejection,1,0.07681511853167633
image_only,pair_000127,patient_1f1d5d53d578938e,S2507799,S2507799,5,2025-03-18,0R,pAMR0,1,S2511859,S2511859,6,2025-04-22,0R,pAMR0,35,0,future_no_significant_rejection,1,0.03467948445202403
image_only,pair_000128,patient_1f1d5d53d578938e,S2507799,S2507799,5,2025-03-18,0R,pAMR0,1,S2522980,S2522980,7,2025-07-29,0R,pAMR0,133,0,future_no_significant_rejection,1,0.03467948445202403
image_only,pair_000129,patient_1f1d5d53d578938e,S2511859,S2511859,6,2025-04-22,0R,pAMR0,1,S2522980,S2522980,7,2025-07-29,0R,pAMR0,98,0,future_no_significant_rejection,1,0.022270289777023583
image_only,pair_000152,patient_23ee3df4f656b033,S2154954,S2154954,1,2021-12-20,0R,pAMR0,1,S2202563,S2202563,2,2022-01-18,0R,pAMR0,29,0,future_no_significant_rejection,1,0.04217315983438253
image_only,pair_000153,patient_23ee3df4f656b033,S2154954,S2154954,1,2021-12-20,0R,pAMR0,1,S2207352,S2207352,3,2022-02-22,0R,pAMR0,64,0,future_no_significant_rejection,1,0.04217315983438253
image_only,pair_000154,patient_23ee3df4f656b033,S2154954,S2154954,1,2021-12-20,0R,pAMR0,1,S2213276,S2213276,4,2022-04-05,0R,pAMR0,106,0,future_no_significant_rejection,1,0.04217315983438253
image_only,pair_000155,patient_23ee3df4f656b033,S2154954,S2154954,1,2021-12-20,0R,pAMR0,1,S2222064,S2222064,5,2022-05-31,1R,pAMR0,162,0,future_no_significant_rejection,1,0.04217315983438253
image_only,pair_000156,patient_23ee3df4f656b033,S2154954,S2154954,1,2021-12-20,0R,pAMR0,1,S2234198,S2234198,6,2022-08-16,0R,pAMR0,239,0,future_no_significant_rejection,1,0.04217315983438253
image_only,pair_000157,patient_23ee3df4f656b033,S2154954,S2154954,1,2021-12-20,0R,pAMR0,1,S2248986,S2248986,7,2022-11-22,0R,pAMR0,337,0,future_no_significant_rejection,1,0.04217315983438253
image_only,pair_000158,patient_23ee3df4f656b033,S2202563,S2202563,2,2022-01-18,0R,pAMR0,1,S2207352,S2207352,3,2022-02-22,0R,pAMR0,35,0,future_no_significant_rejection,1,0.03470840207249513
image_only,pair_000159,patient_23ee3df4f656b033,S2202563,S2202563,2,2022-01-18,0R,pAMR0,1,S2213276,S2213276,4,2022-04-05,0R,pAMR0,77,0,future_no_significant_rejection,1,0.03470840207249513
image_only,pair_000160,patient_23ee3df4f656b033,S2202563,S2202563,2,2022-01-18,0R,pAMR0,1,S2222064,S2222064,5,2022-05-31,1R,pAMR0,133,0,future_no_significant_rejection,1,0.03470840207249513
image_only,pair_000161,patient_23ee3df4f656b033,S2202563,S2202563,2,2022-01-18,0R,pAMR0,1,S2234198,S2234198,6,2022-08-16,0R,pAMR0,210,0,future_no_significant_rejection,1,0.03470840207249513
image_only,pair_000162,patient_23ee3df4f656b033,S2202563,S2202563,2,2022-01-18,0R,pAMR0,1,S2248986,S2248986,7,2022-11-22,0R,pAMR0,308,0,future_no_significant_rejection,1,0.03470840207249513
image_only,pair_000163,patient_23ee3df4f656b033,S2207352,S2207352,3,2022-02-22,0R,pAMR0,1,S2213276,S2213276,4,2022-04-05,0R,pAMR0,42,0,future_no_significant_rejection,1,0.1878199169156374
image_only,pair_000164,patient_23ee3df4f656b033,S2207352,S2207352,3,2022-02-22,0R,pAMR0,1,S2222064,S2222064,5,2022-05-31,1R,pAMR0,98,0,future_no_significant_rejection,1,0.1878199169156374
image_only,pair_000165,patient_23ee3df4f656b033,S2207352,S2207352,3,2022-02-22,0R,pAMR0,1,S2234198,S2234198,6,2022-08-16,0R,pAMR0,175,0,future_no_significant_rejection,1,0.1878199169156374
image_only,pair_000166,patient_23ee3df4f656b033,S2207352,S2207352,3,2022-02-22,0R,pAMR0,1,S2248986,S2248986,7,2022-11-22,0R,pAMR0,273,0,future_no_significant_rejection,1,0.1878199169156374
image_only,pair_000167,patient_23ee3df4f656b033,S2213276,S2213276,4,2022-04-05,0R,pAMR0,1,S2222064,S2222064,5,2022-05-31,1R,pAMR0,56,0,future_no_significant_rejection,1,0.12432763598862051
image_only,pair_000168,patient_23ee3df4f656b033,S2213276,S2213276,4,2022-04-05,0R,pAMR0,1,S2234198,S2234198,6,2022-08-16,0R,pAMR0,133,0,future_no_significant_rejection,1,0.12432763598862051
image_only,pair_000169,patient_23ee3df4f656b033,S2213276,S2213276,4,2022-04-05,0R,pAMR0,1,S2248986,S2248986,7,2022-11-22,0R,pAMR0,231,0,future_no_significant_rejection,1,0.12432763598862051
image_only,pair_000170,patient_23ee3df4f656b033,S2222064,S2222064,5,2022-05-31,1R,pAMR0,1,S2234198,S2234198,6,2022-08-16,0R,pAMR0,77,0,future_no_significant_rejection,1,0.23130270332509686
image_only,pair_000171,patient_23ee3df4f656b033,S2222064,S2222064,5,2022-05-31,1R,pAMR0,1,S2248986,S2248986,7,2022-11-22,0R,pAMR0,175,0,future_no_significant_rejection,1,0.23130270332509686
image_only,pair_000172,patient_23ee3df4f656b033,S2234198,S2234198,6,2022-08-16,0R,pAMR0,1,S2248986,S2248986,7,2022-11-22,0R,pAMR0,98,0,future_no_significant_rejection,1,0.166961231886473
image_only,pair_000173,patient_26f6ecd90ed41f9d,S2227604,S2227604,1,2022-07-05,1R,pAMR0,3,S2243826,S2243826,2,2022-10-19,1R,pAMR0,106,0,future_no_significant_rejection,1,0.08169424382808683
image_only,pair_000174,patient_26f6ecd90ed41f9d,S2227604,S2227604,1,2022-07-05,1R,pAMR0,3,S2302643,S2302643,3,2023-01-17,1R,pAMR0,196,0,future_no_significant_rejection,1,0.08169424382808683
image_only,pair_000175,patient_26f6ecd90ed41f9d,S2227604,S2227604,1,2022-07-05,1R,pAMR0,3,S2310080,S2310080,4,2023-03-07,0R,pAMR0,245,0,future_no_significant_rejection,1,0.08169424382808683
image_only,pair_000176,patient_26f6ecd90ed41f9d,S2227604,S2227604,1,2022-07-05,1R,pAMR0,3,S2323107,S2323107,5,2023-05-30,0R,pAMR0,329,0,future_no_significant_rejection,1,0.08169424382808683
image_only,pair_000177,patient_26f6ecd90ed41f9d,S2243826,S2243826,2,2022-10-19,1R,pAMR0,1,S2302643,S2302643,3,2023-01-17,1R,pAMR0,90,0,future_no_significant_rejection,1,0.197206836336291
image_only,pair_000178,patient_26f6ecd90ed41f9d,S2243826,S2243826,2,2022-10-19,1R,pAMR0,1,S2310080,S2310080,4,2023-03-07,0R,pAMR0,139,0,future_no_significant_rejection,1,0.197206836336291
image_only,pair_000179,patient_26f6ecd90ed41f9d,S2243826,S2243826,2,2022-10-19,1R,pAMR0,1,S2323107,S2323107,5,2023-05-30,0R,pAMR0,223,0,future_no_significant_rejection,1,0.197206836336291
image_only,pair_000180,patient_26f6ecd90ed41f9d,S2302643,S2302643,3,2023-01-17,1R,pAMR0,7,S2310080,S2310080,4,2023-03-07,0R,pAMR0,49,0,future_no_significant_rejection,1,0.35112766891889274
image_only,pair_000181,patient_26f6ecd90ed41f9d,S2302643,S2302643,3,2023-01-17,1R,pAMR0,7,S2323107,S2323107,5,2023-05-30,0R,pAMR0,133,0,future_no_significant_rejection,1,0.35112766891889274
image_only,pair_000182,patient_26f6ecd90ed41f9d,S2310080,S2310080,4,2023-03-07,0R,pAMR0,5,S2323107,S2323107,5,2023-05-30,0R,pAMR0,84,0,future_no_significant_rejection,1,0.8340350021743728
image_only,pair_000183,patient_2999b7afa4f16b6d,S2108730,S2108730,1,2021-03-02,0R,pAMR0,1,S2130897,S2130897,2,2021-07-20,0R,pAMR0,140,0,future_no_significant_rejection,1,0.29221488248332805
image_only,pair_000184,patient_2999b7afa4f16b6d,S2108730,S2108730,1,2021-03-02,0R,pAMR0,1,S2143767,S2143767,3,2021-10-12,1R,pAMR0,224,0,future_no_significant_rejection,1,0.29221488248332805
image_only,pair_000185,patient_2999b7afa4f16b6d,S2130897,S2130897,2,2021-07-20,0R,pAMR0,1,S2143767,S2143767,3,2021-10-12,1R,pAMR0,84,0,future_no_significant_rejection,1,0.6022972786063675
image_only,pair_000230,patient_30b34f698447ae86,S2202564,S2202564,1,2022-01-18,0R,pAMR0,1,S2206288,S2206288,2,2022-02-15,0R,pAMR0,28,0,future_no_significant_rejection,1,0.02325346908645491
image_only,pair_000231,patient_30b34f698447ae86,S2202564,S2202564,1,2022-01-18,0R,pAMR0,1,S2209232,S2209232,3,2022-03-08,0R,pAMR0,49,0,future_no_significant_rejection,1,0.02325346908645491
image_only,pair_000232,patient_30b34f698447ae86,S2202564,S2202564,1,2022-01-18,0R,pAMR0,1,S2214324,S2214324,4,2022-04-12,0R,pAMR0,84,0,future_no_significant_rejection,1,0.02325346908645491
image_only,pair_000233,patient_30b34f698447ae86,S2202564,S2202564,1,2022-01-18,0R,pAMR0,1,S2220927,S2220927,5,2022-05-24,0R,pAMR0,126,0,future_no_significant_rejection,1,0.02325346908645491
image_only,pair_000234,patient_30b34f698447ae86,S2202564,S2202564,1,2022-01-18,0R,pAMR0,1,S2227621,S2227621,6,2022-07-05,1R,pAMR0,168,0,future_no_significant_rejection,1,0.02325346908645491
image_only,pair_000235,patient_30b34f698447ae86,S2202564,S2202564,1,2022-01-18,0R,pAMR0,1,S2241564,S2241564,7,2022-10-04,1R,pAMR0,259,0,future_no_significant_rejection,1,0.02325346908645491
image_only,pair_000236,patient_30b34f698447ae86,S2202564,S2202564,1,2022-01-18,0R,pAMR0,1,S2300331,S2300331,8,2023-01-03,0R,pAMR0,350,0,future_no_significant_rejection,1,0.02325346908645491
image_only,pair_000237,patient_30b34f698447ae86,S2202564,S2202564,1,2022-01-18,0R,pAMR0,1,S2326330,S2326330,9,2023-06-20,0R,pAMR0,518,0,future_no_significant_rejection,1,0.02325346908645491
image_only,pair_000238,patient_30b34f698447ae86,S2206288,S2206288,2,2022-02-15,0R,pAMR0,2,S2209232,S2209232,3,2022-03-08,0R,pAMR0,21,0,future_no_significant_rejection,1,0.04693262253546694
image_only,pair_000239,patient_30b34f698447ae86,S2206288,S2206288,2,2022-02-15,0R,pAMR0,2,S2214324,S2214324,4,2022-04-12,0R,pAMR0,56,0,future_no_significant_rejection,1,0.04693262253546694
image_only,pair_000240,patient_30b34f698447ae86,S2206288,S2206288,2,2022-02-15,0R,pAMR0,2,S2220927,S2220927,5,2022-05-24,0R,pAMR0,98,0,future_no_significant_rejection,1,0.04693262253546694
image_only,pair_000241,patient_30b34f698447ae86,S2206288,S2206288,2,2022-02-15,0R,pAMR0,2,S2227621,S2227621,6,2022-07-05,1R,pAMR0,140,0,future_no_significant_rejection,1,0.04693262253546694
image_only,pair_000242,patient_30b34f698447ae86,S2206288,S2206288,2,2022-02-15,0R,pAMR0,2,S2241564,S2241564,7,2022-10-04,1R,pAMR0,231,0,future_no_significant_rejection,1,0.04693262253546694
image_only,pair_000243,patient_30b34f698447ae86,S2206288,S2206288,2,2022-02-15,0R,pAMR0,2,S2300331,S2300331,8,2023-01-03,0R,pAMR0,322,0,future_no_significant_rejection,1,0.04693262253546694
image_only,pair_000244,patient_30b34f698447ae86,S2206288,S2206288,2,2022-02-15,0R,pAMR0,2,S2326330,S2326330,9,2023-06-20,0R,pAMR0,490,0,future_no_significant_rejection,1,0.04693262253546694
image_only,pair_000245,patient_30b34f698447ae86,S2209232,S2209232,3,2022-03-08,0R,pAMR0,1,S2214324,S2214324,4,2022-04-12,0R,pAMR0,35,0,future_no_significant_rejection,1,0.15941000645820835
image_only,pair_000246,patient_30b34f698447ae86,S2209232,S2209232,3,2022-03-08,0R,pAMR0,1,S2220927,S2220927,5,2022-05-24,0R,pAMR0,77,0,future_no_significant_rejection,1,0.15941000645820835
image_only,pair_000247,patient_30b34f698447ae86,S2209232,S2209232,3,2022-03-08,0R,pAMR0,1,S2227621,S2227621,6,2022-07-05,1R,pAMR0,119,0,future_no_significant_rejection,1,0.15941000645820835
image_only,pair_000248,patient_30b34f698447ae86,S2209232,S2209232,3,2022-03-08,0R,pAMR0,1,S2241564,S2241564,7,2022-10-04,1R,pAMR0,210,0,future_no_significant_rejection,1,0.15941000645820835
image_only,pair_000249,patient_30b34f698447ae86,S2209232,S2209232,3,2022-03-08,0R,pAMR0,1,S2300331,S2300331,8,2023-01-03,0R,pAMR0,301,0,future_no_significant_rejection,1,0.15941000645820835
image_only,pair_000250,patient_30b34f698447ae86,S2209232,S2209232,3,2022-03-08,0R,pAMR0,1,S2326330,S2326330,9,2023-06-20,0R,pAMR0,469,0,future_no_significant_rejection,1,0.15941000645820835
image_only,pair_000251,patient_30b34f698447ae86,S2214324,S2214324,4,2022-04-12,0R,pAMR0,1,S2220927,S2220927,5,2022-05-24,0R,pAMR0,42,0,future_no_significant_rejection,1,0.02166851059278148
image_only,pair_000252,patient_30b34f698447ae86,S2214324,S2214324,4,2022-04-12,0R,pAMR0,1,S2227621,S2227621,6,2022-07-05,1R,pAMR0,84,0,future_no_significant_rejection,1,0.02166851059278148
image_only,pair_000253,patient_30b34f698447ae86,S2214324,S2214324,4,2022-04-12,0R,pAMR0,1,S2241564,S2241564,7,2022-10-04,1R,pAMR0,175,0,future_no_significant_rejection,1,0.02166851059278148
image_only,pair_000254,patient_30b34f698447ae86,S2214324,S2214324,4,2022-04-12,0R,pAMR0,1,S2300331,S2300331,8,2023-01-03,0R,pAMR0,266,0,future_no_significant_rejection,1,0.02166851059278148
image_only,pair_000255,patient_30b34f698447ae86,S2214324,S2214324,4,2022-04-12,0R,pAMR0,1,S2326330,S2326330,9,2023-06-20,0R,pAMR0,434,0,future_no_significant_rejection,1,0.02166851059278148
image_only,pair_000256,patient_30b34f698447ae86,S2220927,S2220927,5,2022-05-24,0R,pAMR0,1,S2227621,S2227621,6,2022-07-05,1R,pAMR0,42,0,future_no_significant_rejection,1,0.19797718665396688
image_only,pair_000257,patient_30b34f698447ae86,S2220927,S2220927,5,2022-05-24,0R,pAMR0,1,S2241564,S2241564,7,2022-10-04,1R,pAMR0,133,0,future_no_significant_rejection,1,0.19797718665396688
image_only,pair_000258,patient_30b34f698447ae86,S2220927,S2220927,5,2022-05-24,0R,pAMR0,1,S2300331,S2300331,8,2023-01-03,0R,pAMR0,224,0,future_no_significant_rejection,1,0.19797718665396688
image_only,pair_000259,patient_30b34f698447ae86,S2220927,S2220927,5,2022-05-24,0R,pAMR0,1,S2326330,S2326330,9,2023-06-20,0R,pAMR0,392,0,future_no_significant_rejection,1,0.19797718665396688
image_only,pair_000260,patient_30b34f698447ae86,S2227621,S2227621,6,2022-07-05,1R,pAMR0,1,S2241564,S2241564,7,2022-10-04,1R,pAMR0,91,0,future_no_significant_rejection,1,0.01888820752883362
image_only,pair_000261,patient_30b34f698447ae86,S2227621,S2227621,6,2022-07-05,1R,pAMR0,1,S2300331,S2300331,8,2023-01-03,0R,pAMR0,182,0,future_no_significant_rejection,1,0.01888820752883362
image_only,pair_000262,patient_30b34f698447ae86,S2227621,S2227621,6,2022-07-05,1R,pAMR0,1,S2326330,S2326330,9,2023-06-20,0R,pAMR0,350,0,future_no_significant_rejection,1,0.01888820752883362
image_only,pair_000263,patient_30b34f698447ae86,S2241564,S2241564,7,2022-10-04,1R,pAMR0,1,S2300331,S2300331,8,2023-01-03,0R,pAMR0,91,0,future_no_significant_rejection,1,0.16715067400396644
image_only,pair_000264,patient_30b34f698447ae86,S2241564,S2241564,7,2022-10-04,1R,pAMR0,1,S2326330,S2326330,9,2023-06-20,0R,pAMR0,259,0,future_no_significant_rejection,1,0.16715067400396644
image_only,pair_000265,patient_30b34f698447ae86,S2300331,S2300331,8,2023-01-03,0R,pAMR0,2,S2326330,S2326330,9,2023-06-20,0R,pAMR0,168,0,future_no_significant_rejection,1,0.021038219566885313
image_only,pair_000362,patient_441646021a546773,S2208362,S2208362,1,2022-03-02,0R,pAMR0,1,S2210206,S2210206,2,2022-03-15,0R,pAMR0,13,0,future_no_significant_rejection,1,0.24317235638773513
image_only,pair_000363,patient_441646021a546773,S2208362,S2208362,1,2022-03-02,0R,pAMR0,1,S2215454,S2215454,3,2022-04-19,0R,pAMR0,48,0,future_no_significant_rejection,1,0.24317235638773513
image_only,pair_000364,patient_441646021a546773,S2208362,S2208362,1,2022-03-02,0R,pAMR0,1,S2219753,S2219753,4,2022-05-17,0R,pAMR0,76,0,future_no_significant_rejection,1,0.24317235638773513
image_only,pair_000365,patient_441646021a546773,S2208362,S2208362,1,2022-03-02,0R,pAMR0,1,S2226370,S2226370,5,2022-06-28,0R,pAMR0,118,0,future_no_significant_rejection,1,0.24317235638773513
image_only,pair_000366,patient_441646021a546773,S2208362,S2208362,1,2022-03-02,0R,pAMR0,1,S2235315,S2235315,6,2022-08-23,0R,pAMR0,174,0,future_no_significant_rejection,1,0.24317235638773513
image_only,pair_000367,patient_441646021a546773,S2208362,S2208362,1,2022-03-02,0R,pAMR0,1,S2248988,S2248988,7,2022-11-22,0R,pAMR0,265,0,future_no_significant_rejection,1,0.24317235638773513
image_only,pair_000368,patient_441646021a546773,S2208362,S2208362,1,2022-03-02,0R,pAMR0,1,S2306850,S2306850,8,2023-02-14,0R,pAMR0,349,0,future_no_significant_rejection,1,0.24317235638773513
image_only,pair_000369,patient_441646021a546773,S2208362,S2208362,1,2022-03-02,0R,pAMR0,1,S2322861,S2322861,9,2023-05-26,0R,pAMR0,450,0,future_no_significant_rejection,1,0.24317235638773513
image_only,pair_000370,patient_441646021a546773,S2210206,S2210206,2,2022-03-15,0R,pAMR0,1,S2215454,S2215454,3,2022-04-19,0R,pAMR0,35,0,future_no_significant_rejection,1,0.1445046051934905
image_only,pair_000371,patient_441646021a546773,S2210206,S2210206,2,2022-03-15,0R,pAMR0,1,S2219753,S2219753,4,2022-05-17,0R,pAMR0,63,0,future_no_significant_rejection,1,0.1445046051934905
image_only,pair_000372,patient_441646021a546773,S2210206,S2210206,2,2022-03-15,0R,pAMR0,1,S2226370,S2226370,5,2022-06-28,0R,pAMR0,105,0,future_no_significant_rejection,1,0.1445046051934905
image_only,pair_000373,patient_441646021a546773,S2210206,S2210206,2,2022-03-15,0R,pAMR0,1,S2235315,S2235315,6,2022-08-23,0R,pAMR0,161,0,future_no_significant_rejection,1,0.1445046051934905
image_only,pair_000374,patient_441646021a546773,S2210206,S2210206,2,2022-03-15,0R,pAMR0,1,S2248988,S2248988,7,2022-11-22,0R,pAMR0,252,0,future_no_significant_rejection,1,0.1445046051934905
image_only,pair_000375,patient_441646021a546773,S2210206,S2210206,2,2022-03-15,0R,pAMR0,1,S2306850,S2306850,8,2023-02-14,0R,pAMR0,336,0,future_no_significant_rejection,1,0.1445046051934905
image_only,pair_000376,patient_441646021a546773,S2210206,S2210206,2,2022-03-15,0R,pAMR0,1,S2322861,S2322861,9,2023-05-26,0R,pAMR0,437,0,future_no_significant_rejection,1,0.1445046051934905
image_only,pair_000377,patient_441646021a546773,S2215454,S2215454,3,2022-04-19,0R,pAMR0,1,S2219753,S2219753,4,2022-05-17,0R,pAMR0,28,0,future_no_significant_rejection,1,0.012178611045368591
image_only,pair_000378,patient_441646021a546773,S2215454,S2215454,3,2022-04-19,0R,pAMR0,1,S2226370,S2226370,5,2022-06-28,0R,pAMR0,70,0,future_no_significant_rejection,1,0.012178611045368591
image_only,pair_000379,patient_441646021a546773,S2215454,S2215454,3,2022-04-19,0R,pAMR0,1,S2235315,S2235315,6,2022-08-23,0R,pAMR0,126,0,future_no_significant_rejection,1,0.012178611045368591
image_only,pair_000380,patient_441646021a546773,S2215454,S2215454,3,2022-04-19,0R,pAMR0,1,S2248988,S2248988,7,2022-11-22,0R,pAMR0,217,0,future_no_significant_rejection,1,0.012178611045368591
image_only,pair_000381,patient_441646021a546773,S2215454,S2215454,3,2022-04-19,0R,pAMR0,1,S2306850,S2306850,8,2023-02-14,0R,pAMR0,301,0,future_no_significant_rejection,1,0.012178611045368591
image_only,pair_000382,patient_441646021a546773,S2215454,S2215454,3,2022-04-19,0R,pAMR0,1,S2322861,S2322861,9,2023-05-26,0R,pAMR0,402,0,future_no_significant_rejection,1,0.012178611045368591
image_only,pair_000383,patient_441646021a546773,S2219753,S2219753,4,2022-05-17,0R,pAMR0,1,S2226370,S2226370,5,2022-06-28,0R,pAMR0,42,0,future_no_significant_rejection,1,0.07737121073145527
image_only,pair_000384,patient_441646021a546773,S2219753,S2219753,4,2022-05-17,0R,pAMR0,1,S2235315,S2235315,6,2022-08-23,0R,pAMR0,98,0,future_no_significant_rejection,1,0.07737121073145527
image_only,pair_000385,patient_441646021a546773,S2219753,S2219753,4,2022-05-17,0R,pAMR0,1,S2248988,S2248988,7,2022-11-22,0R,pAMR0,189,0,future_no_significant_rejection,1,0.07737121073145527
image_only,pair_000386,patient_441646021a546773,S2219753,S2219753,4,2022-05-17,0R,pAMR0,1,S2306850,S2306850,8,2023-02-14,0R,pAMR0,273,0,future_no_significant_rejection,1,0.07737121073145527
image_only,pair_000387,patient_441646021a546773,S2219753,S2219753,4,2022-05-17,0R,pAMR0,1,S2322861,S2322861,9,2023-05-26,0R,pAMR0,374,0,future_no_significant_rejection,1,0.07737121073145527
image_only,pair_000388,patient_441646021a546773,S2226370,S2226370,5,2022-06-28,0R,pAMR0,1,S2235315,S2235315,6,2022-08-23,0R,pAMR0,56,0,future_no_significant_rejection,1,0.020256058558983013
image_only,pair_000389,patient_441646021a546773,S2226370,S2226370,5,2022-06-28,0R,pAMR0,1,S2248988,S2248988,7,2022-11-22,0R,pAMR0,147,0,future_no_significant_rejection,1,0.020256058558983013
image_only,pair_000390,patient_441646021a546773,S2226370,S2226370,5,2022-06-28,0R,pAMR0,1,S2306850,S2306850,8,2023-02-14,0R,pAMR0,231,0,future_no_significant_rejection,1,0.020256058558983013
image_only,pair_000391,patient_441646021a546773,S2226370,S2226370,5,2022-06-28,0R,pAMR0,1,S2322861,S2322861,9,2023-05-26,0R,pAMR0,332,0,future_no_significant_rejection,1,0.020256058558983013
image_only,pair_000392,patient_441646021a546773,S2235315,S2235315,6,2022-08-23,0R,pAMR0,1,S2248988,S2248988,7,2022-11-22,0R,pAMR0,91,0,future_no_significant_rejection,1,0.020730462148723018
image_only,pair_000393,patient_441646021a546773,S2235315,S2235315,6,2022-08-23,0R,pAMR0,1,S2306850,S2306850,8,2023-02-14,0R,pAMR0,175,0,future_no_significant_rejection,1,0.020730462148723018
image_only,pair_000394,patient_441646021a546773,S2235315,S2235315,6,2022-08-23,0R,pAMR0,1,S2322861,S2322861,9,2023-05-26,0R,pAMR0,276,0,future_no_significant_rejection,1,0.020730462148723018
image_only,pair_000395,patient_441646021a546773,S2248988,S2248988,7,2022-11-22,0R,pAMR0,1,S2306850,S2306850,8,2023-02-14,0R,pAMR0,84,0,future_no_significant_rejection,1,0.08252798324133666
image_only,pair_000396,patient_441646021a546773,S2248988,S2248988,7,2022-11-22,0R,pAMR0,1,S2322861,S2322861,9,2023-05-26,0R,pAMR0,185,0,future_no_significant_rejection,1,0.08252798324133666
image_only,pair_000397,patient_441646021a546773,S2306850,S2306850,8,2023-02-14,0R,pAMR0,1,S2322861,S2322861,9,2023-05-26,0R,pAMR0,101,0,future_no_significant_rejection,1,0.3065033617752906
image_only,pair_000407,patient_4a2bd6cb3f9d710c,S2306848,S2306848,1,2023-02-14,0R,pAMR0,1,S2310074,S2310074,2,2023-03-07,0R,pAMR0,21,0,future_no_significant_rejection,1,0.5655072649174653
image_only,pair_000408,patient_4a2bd6cb3f9d710c,S2306848,S2306848,1,2023-02-14,0R,pAMR0,1,S2315838,S2315838,3,2023-04-11,1R,pAMR0,56,0,future_no_significant_rejection,1,0.5655072649174653
image_only,pair_000409,patient_4a2bd6cb3f9d710c,S2306848,S2306848,1,2023-02-14,0R,pAMR0,1,S2323104,S2323104,4,2023-05-30,0R,pAMR0,105,0,future_no_significant_rejection,1,0.5655072649174653
image_only,pair_000410,patient_4a2bd6cb3f9d710c,S2306848,S2306848,1,2023-02-14,0R,pAMR0,1,S2406755,S2406755,5,2024-02-13,0R,pAMR0,364,0,future_no_significant_rejection,1,0.5655072649174653
image_only,pair_000411,patient_4a2bd6cb3f9d710c,S2310074,S2310074,2,2023-03-07,0R,pAMR0,1,S2315838,S2315838,3,2023-04-11,1R,pAMR0,35,0,future_no_significant_rejection,1,0.06623676679265063
image_only,pair_000412,patient_4a2bd6cb3f9d710c,S2310074,S2310074,2,2023-03-07,0R,pAMR0,1,S2323104,S2323104,4,2023-05-30,0R,pAMR0,84,0,future_no_significant_rejection,1,0.06623676679265063
image_only,pair_000413,patient_4a2bd6cb3f9d710c,S2310074,S2310074,2,2023-03-07,0R,pAMR0,1,S2406755,S2406755,5,2024-02-13,0R,pAMR0,343,0,future_no_significant_rejection,1,0.06623676679265063
image_only,pair_000414,patient_4a2bd6cb3f9d710c,S2315838,S2315838,3,2023-04-11,1R,pAMR0,2,S2323104,S2323104,4,2023-05-30,0R,pAMR0,49,0,future_no_significant_rejection,1,0.05936792993962901
image_only,pair_000415,patient_4a2bd6cb3f9d710c,S2315838,S2315838,3,2023-04-11,1R,pAMR0,2,S2406755,S2406755,5,2024-02-13,0R,pAMR0,308,0,future_no_significant_rejection,1,0.05936792993962901
image_only,pair_000416,patient_4a2bd6cb3f9d710c,S2323104,S2323104,4,2023-05-30,0R,pAMR0,6,S2406755,S2406755,5,2024-02-13,0R,pAMR0,259,0,future_no_significant_rejection,1,0.10056690249200184
image_only,pair_000429,patient_4ab30837cfd3692a,S2415689,S2415689,1,2024-05-28,1R,pAMR0,3,S2417717,S2417717,2,2024-06-18,0R,pAMR0,21,0,future_no_significant_rejection,1,0.01022131329445256
image_only,pair_000430,patient_4ab30837cfd3692a,S2415689,S2415689,1,2024-05-28,1R,pAMR0,3,S2433346,S2433346,3,2024-11-19,1R,pAMR0,175,0,future_no_significant_rejection,1,0.01022131329445256
image_only,pair_000431,patient_4ab30837cfd3692a,S2415689,S2415689,1,2024-05-28,1R,pAMR0,3,S2505506,S2505506,4,2025-02-25,0R,pAMR0,273,0,future_no_significant_rejection,1,0.01022131329445256
image_only,pair_000432,patient_4ab30837cfd3692a,S2417717,S2417717,2,2024-06-18,0R,pAMR0,2,S2433346,S2433346,3,2024-11-19,1R,pAMR0,154,0,future_no_significant_rejection,1,0.24188928677146818
image_only,pair_000433,patient_4ab30837cfd3692a,S2417717,S2417717,2,2024-06-18,0R,pAMR0,2,S2505506,S2505506,4,2025-02-25,0R,pAMR0,252,0,future_no_significant_rejection,1,0.24188928677146818
image_only,pair_000434,patient_4ab30837cfd3692a,S2433346,S2433346,3,2024-11-19,1R,pAMR0,2,S2505506,S2505506,4,2025-02-25,0R,pAMR0,98,0,future_no_significant_rejection,1,0.03528923876820863
image_only,pair_000435,patient_4af3110fd801b611,S2345468,S2345468,1,2023-10-24,0R,pAMR0,1,S2353995,S2353995,2,2023-12-19,0R,pAMR0,56,0,future_no_significant_rejection,1,0.007249893936256883
image_only,pair_000436,patient_4af3110fd801b611,S2345468,S2345468,1,2023-10-24,0R,pAMR0,1,S2402481,S2402481,3,2024-01-16,0R,pAMR0,84,0,future_no_significant_rejection,1,0.007249893936256883
image_only,pair_000437,patient_4af3110fd801b611,S2345468,S2345468,1,2023-10-24,0R,pAMR0,1,S2408486,S2408486,4,2024-02-27,0R,pAMR0,126,0,future_no_significant_rejection,1,0.007249893936256883
image_only,pair_000438,patient_4af3110fd801b611,S2345468,S2345468,1,2023-10-24,0R,pAMR0,1,S2412060,S2412060,5,2024-04-16,0R,pAMR0,175,0,future_no_significant_rejection,1,0.007249893936256883
image_only,pair_000439,patient_4af3110fd801b611,S2345468,S2345468,1,2023-10-24,0R,pAMR0,1,S2420602,S2420602,6,2024-07-16,0R,pAMR0,266,0,future_no_significant_rejection,1,0.007249893936256883
image_only,pair_000440,patient_4af3110fd801b611,S2345468,S2345468,1,2023-10-24,0R,pAMR0,1,S2429676,S2429676,7,2024-10-15,0R,pAMR0,357,0,future_no_significant_rejection,1,0.007249893936256883
image_only,pair_000441,patient_4af3110fd801b611,S2353995,S2353995,2,2023-12-19,0R,pAMR0,1,S2402481,S2402481,3,2024-01-16,0R,pAMR0,28,0,future_no_significant_rejection,1,0.041688596459274314
image_only,pair_000442,patient_4af3110fd801b611,S2353995,S2353995,2,2023-12-19,0R,pAMR0,1,S2408486,S2408486,4,2024-02-27,0R,pAMR0,70,0,future_no_significant_rejection,1,0.041688596459274314
image_only,pair_000443,patient_4af3110fd801b611,S2353995,S2353995,2,2023-12-19,0R,pAMR0,1,S2412060,S2412060,5,2024-04-16,0R,pAMR0,119,0,future_no_significant_rejection,1,0.041688596459274314
image_only,pair_000444,patient_4af3110fd801b611,S2353995,S2353995,2,2023-12-19,0R,pAMR0,1,S2420602,S2420602,6,2024-07-16,0R,pAMR0,210,0,future_no_significant_rejection,1,0.041688596459274314
image_only,pair_000445,patient_4af3110fd801b611,S2353995,S2353995,2,2023-12-19,0R,pAMR0,1,S2429676,S2429676,7,2024-10-15,0R,pAMR0,301,0,future_no_significant_rejection,1,0.041688596459274314
image_only,pair_000446,patient_4af3110fd801b611,S2402481,S2402481,3,2024-01-16,0R,pAMR0,1,S2408486,S2408486,4,2024-02-27,0R,pAMR0,42,0,future_no_significant_rejection,1,0.002688923359547055
image_only,pair_000447,patient_4af3110fd801b611,S2402481,S2402481,3,2024-01-16,0R,pAMR0,1,S2412060,S2412060,5,2024-04-16,0R,pAMR0,91,0,future_no_significant_rejection,1,0.002688923359547055
image_only,pair_000448,patient_4af3110fd801b611,S2402481,S2402481,3,2024-01-16,0R,pAMR0,1,S2420602,S2420602,6,2024-07-16,0R,pAMR0,182,0,future_no_significant_rejection,1,0.002688923359547055
image_only,pair_000449,patient_4af3110fd801b611,S2402481,S2402481,3,2024-01-16,0R,pAMR0,1,S2429676,S2429676,7,2024-10-15,0R,pAMR0,273,0,future_no_significant_rejection,1,0.002688923359547055
image_only,pair_000450,patient_4af3110fd801b611,S2408486,S2408486,4,2024-02-27,0R,pAMR0,1,S2412060,S2412060,5,2024-04-16,0R,pAMR0,49,0,future_no_significant_rejection,1,0.014219802814458863
image_only,pair_000451,patient_4af3110fd801b611,S2408486,S2408486,4,2024-02-27,0R,pAMR0,1,S2420602,S2420602,6,2024-07-16,0R,pAMR0,140,0,future_no_significant_rejection,1,0.014219802814458863
image_only,pair_000452,patient_4af3110fd801b611,S2408486,S2408486,4,2024-02-27,0R,pAMR0,1,S2429676,S2429676,7,2024-10-15,0R,pAMR0,231,0,future_no_significant_rejection,1,0.014219802814458863
image_only,pair_000453,patient_4af3110fd801b611,S2412060,S2412060,5,2024-04-16,0R,pAMR0,4,S2420602,S2420602,6,2024-07-16,0R,pAMR0,91,0,future_no_significant_rejection,1,0.046419954398680977
image_only,pair_000454,patient_4af3110fd801b611,S2412060,S2412060,5,2024-04-16,0R,pAMR0,4,S2429676,S2429676,7,2024-10-15,0R,pAMR0,182,0,future_no_significant_rejection,1,0.046419954398680977
image_only,pair_000455,patient_4af3110fd801b611,S2420602,S2420602,6,2024-07-16,0R,pAMR0,1,S2429676,S2429676,7,2024-10-15,0R,pAMR0,91,0,future_no_significant_rejection,1,0.0116200114846844
image_only,pair_000456,patient_4cb9dbad2d74486f,S2149397,S2149397,1,2021-11-16,0R,pAMR0,1,S2151616,S2151616,2,2021-11-30,1R,pAMR0,14,0,future_no_significant_rejection,1,0.26737291034370436
image_only,pair_000457,patient_4cb9dbad2d74486f,S2149397,S2149397,1,2021-11-16,0R,pAMR0,1,S2211181,S2211181,3,2022-03-22,0R,pAMR0,126,0,future_no_significant_rejection,1,0.26737291034370436
image_only,pair_000458,patient_4cb9dbad2d74486f,S2149397,S2149397,1,2021-11-16,0R,pAMR0,1,S2226371,S2226371,4,2022-06-28,0R,pAMR0,224,0,future_no_significant_rejection,1,0.26737291034370436
image_only,pair_000459,patient_4cb9dbad2d74486f,S2149397,S2149397,1,2021-11-16,0R,pAMR0,1,S2239521,S2239521,5,2022-09-20,0R,pAMR0,308,0,future_no_significant_rejection,1,0.26737291034370436
image_only,pair_000460,patient_4cb9dbad2d74486f,S2151616,S2151616,2,2021-11-30,1R,pAMR0,1,S2211181,S2211181,3,2022-03-22,0R,pAMR0,112,0,future_no_significant_rejection,1,0.12966673282471405
image_only,pair_000461,patient_4cb9dbad2d74486f,S2151616,S2151616,2,2021-11-30,1R,pAMR0,1,S2226371,S2226371,4,2022-06-28,0R,pAMR0,210,0,future_no_significant_rejection,1,0.12966673282471405
image_only,pair_000462,patient_4cb9dbad2d74486f,S2151616,S2151616,2,2021-11-30,1R,pAMR0,1,S2239521,S2239521,5,2022-09-20,0R,pAMR0,294,0,future_no_significant_rejection,1,0.12966673282471405
image_only,pair_000463,patient_4cb9dbad2d74486f,S2211181,S2211181,3,2022-03-22,0R,pAMR0,1,S2226371,S2226371,4,2022-06-28,0R,pAMR0,98,0,future_no_significant_rejection,1,0.5754034255459921
image_only,pair_000464,patient_4cb9dbad2d74486f,S2211181,S2211181,3,2022-03-22,0R,pAMR0,1,S2239521,S2239521,5,2022-09-20,0R,pAMR0,182,0,future_no_significant_rejection,1,0.5754034255459921
image_only,pair_000465,patient_4cb9dbad2d74486f,S2226371,S2226371,4,2022-06-28,0R,pAMR0,1,S2239521,S2239521,5,2022-09-20,0R,pAMR0,84,0,future_no_significant_rejection,1,0.008599984874454483
image_only,pair_000482,patient_5ad31502c2708b1a,S2334384,S2334384,1,2023-08-08,0R,pAMR0,2,S2338781,S2338781,2,2023-09-05,0R,pAMR0,28,0,future_no_significant_rejection,1,0.03977223095447225
image_only,pair_000483,patient_5ad31502c2708b1a,S2334384,S2334384,1,2023-08-08,0R,pAMR0,2,S2342677,S2342677,3,2023-10-04,0R,pAMR0,57,0,future_no_significant_rejection,1,0.03977223095447225
image_only,pair_000484,patient_5ad31502c2708b1a,S2338781,S2338781,2,2023-09-05,0R,pAMR0,1,S2342677,S2342677,3,2023-10-04,0R,pAMR0,29,0,future_no_significant_rejection,1,0.0335303502840542
image_only,pair_000485,patient_5d35983cfd191fff,S2138905,S2138905,1,2021-09-07,1R,pAMR0,2,S2144969,S2144969,2,2021-10-19,0R,pAMR0,42,0,future_no_significant_rejection,1,0.05910979803500254
image_only,pair_000486,patient_5d35983cfd191fff,S2138905,S2138905,1,2021-09-07,1R,pAMR0,2,S2205211,S2205211,3,2022-02-08,0R,pAMR0,154,0,future_no_significant_rejection,1,0.05910979803500254
image_only,pair_000487,patient_5d35983cfd191fff,S2138905,S2138905,1,2021-09-07,1R,pAMR0,2,S2216605,S2216605,4,2022-04-26,0R,pAMR0,231,0,future_no_significant_rejection,1,0.05910979803500254
image_only,pair_000488,patient_5d35983cfd191fff,S2144969,S2144969,2,2021-10-19,0R,pAMR0,1,S2205211,S2205211,3,2022-02-08,0R,pAMR0,112,0,future_no_significant_rejection,1,0.03156261028161681
image_only,pair_000489,patient_5d35983cfd191fff,S2144969,S2144969,2,2021-10-19,0R,pAMR0,1,S2216605,S2216605,4,2022-04-26,0R,pAMR0,189,0,future_no_significant_rejection,1,0.03156261028161681
image_only,pair_000490,patient_5d35983cfd191fff,S2205211,S2205211,3,2022-02-08,0R,pAMR0,1,S2216605,S2216605,4,2022-04-26,0R,pAMR0,77,0,future_no_significant_rejection,1,0.6751679250896866
image_only,pair_000491,patient_5ee21afd8d2dea4c,S2315839,S2315839,1,2023-04-11,1R,pAMR0,4,S2318954,S2318954,2,2023-05-02,1R,pAMR0,21,0,future_no_significant_rejection,1,0.40003517243088227
image_only,pair_000492,patient_5ee21afd8d2dea4c,S2315839,S2315839,1,2023-04-11,1R,pAMR0,4,S2325144,S2325144,3,2023-06-13,1R,pAMR0,63,0,future_no_significant_rejection,1,0.40003517243088227
image_only,pair_000493,patient_5ee21afd8d2dea4c,S2315839,S2315839,1,2023-04-11,1R,pAMR0,4,S2330988,S2330988,4,2023-07-18,0R,pAMR0,98,0,future_no_significant_rejection,1,0.40003517243088227
image_only,pair_000494,patient_5ee21afd8d2dea4c,S2315839,S2315839,1,2023-04-11,1R,pAMR0,4,S2338782,S2338782,5,2023-09-05,0R,pAMR0,147,0,future_no_significant_rejection,1,0.40003517243088227
image_only,pair_000495,patient_5ee21afd8d2dea4c,S2315839,S2315839,1,2023-04-11,1R,pAMR0,4,S2408854,S2408854,6,2024-03-05,0R,pAMR0,329,0,future_no_significant_rejection,1,0.40003517243088227
image_only,pair_000496,patient_5ee21afd8d2dea4c,S2318954,S2318954,2,2023-05-02,1R,pAMR0,1,S2325144,S2325144,3,2023-06-13,1R,pAMR0,42,0,future_no_significant_rejection,1,0.420872997263628
image_only,pair_000497,patient_5ee21afd8d2dea4c,S2318954,S2318954,2,2023-05-02,1R,pAMR0,1,S2330988,S2330988,4,2023-07-18,0R,pAMR0,77,0,future_no_significant_rejection,1,0.420872997263628
image_only,pair_000498,patient_5ee21afd8d2dea4c,S2318954,S2318954,2,2023-05-02,1R,pAMR0,1,S2338782,S2338782,5,2023-09-05,0R,pAMR0,126,0,future_no_significant_rejection,1,0.420872997263628
image_only,pair_000499,patient_5ee21afd8d2dea4c,S2318954,S2318954,2,2023-05-02,1R,pAMR0,1,S2408854,S2408854,6,2024-03-05,0R,pAMR0,308,0,future_no_significant_rejection,1,0.420872997263628
image_only,pair_000500,patient_5ee21afd8d2dea4c,S2325144,S2325144,3,2023-06-13,1R,pAMR0,1,S2330988,S2330988,4,2023-07-18,0R,pAMR0,35,0,future_no_significant_rejection,1,0.14319995522621168
image_only,pair_000501,patient_5ee21afd8d2dea4c,S2325144,S2325144,3,2023-06-13,1R,pAMR0,1,S2338782,S2338782,5,2023-09-05,0R,pAMR0,84,0,future_no_significant_rejection,1,0.14319995522621168
image_only,pair_000502,patient_5ee21afd8d2dea4c,S2325144,S2325144,3,2023-06-13,1R,pAMR0,1,S2408854,S2408854,6,2024-03-05,0R,pAMR0,266,0,future_no_significant_rejection,1,0.14319995522621168
image_only,pair_000503,patient_5ee21afd8d2dea4c,S2330988,S2330988,4,2023-07-18,0R,pAMR0,1,S2338782,S2338782,5,2023-09-05,0R,pAMR0,49,0,future_no_significant_rejection,1,0.1724232561357216
image_only,pair_000504,patient_5ee21afd8d2dea4c,S2330988,S2330988,4,2023-07-18,0R,pAMR0,1,S2408854,S2408854,6,2024-03-05,0R,pAMR0,231,0,future_no_significant_rejection,1,0.1724232561357216
image_only,pair_000505,patient_5ee21afd8d2dea4c,S2338782,S2338782,5,2023-09-05,0R,pAMR0,1,S2408854,S2408854,6,2024-03-05,0R,pAMR0,182,0,future_no_significant_rejection,1,0.013848618046413729
image_only,pair_000506,patient_61128f527d32178f,S2132028,S2132028,1,2021-07-27,0R,pAMR0,1,S2144966,S2144966,2,2021-10-19,0R,pAMR0,84,0,future_no_significant_rejection,1,0.017128069006153167
image_only,pair_000517,patient_6e23f91caa098b84,S2419849,S2419849,1,2024-07-09,1R,pAMR0,4,S2422139,S2422139,2,2024-07-30,0R,pAMR0,21,0,future_no_significant_rejection,1,0.0498547192097877
image_only,pair_000518,patient_6e23f91caa098b84,S2419849,S2419849,1,2024-07-09,1R,pAMR0,4,S2427693,S2427693,3,2024-09-24,0R,pAMR0,77,0,future_no_significant_rejection,1,0.0498547192097877
image_only,pair_000519,patient_6e23f91caa098b84,S2419849,S2419849,1,2024-07-09,1R,pAMR0,4,S2433342,S2433342,4,2024-11-19,0R,pAMR0,133,0,future_no_significant_rejection,1,0.0498547192097877
image_only,pair_000520,patient_6e23f91caa098b84,S2419849,S2419849,1,2024-07-09,1R,pAMR0,4,S2437880,S2437880,5,2024-12-31,0R,pAMR0,175,0,future_no_significant_rejection,1,0.0498547192097877
image_only,pair_000521,patient_6e23f91caa098b84,S2419849,S2419849,1,2024-07-09,1R,pAMR0,4,S2506961,S2506961,6,2025-03-11,0R,pAMR0,245,0,future_no_significant_rejection,1,0.0498547192097877
image_only,pair_000522,patient_6e23f91caa098b84,S2422139,S2422139,2,2024-07-30,0R,pAMR0,2,S2427693,S2427693,3,2024-09-24,0R,pAMR0,56,0,future_no_significant_rejection,1,0.043959176732958266
image_only,pair_000523,patient_6e23f91caa098b84,S2422139,S2422139,2,2024-07-30,0R,pAMR0,2,S2433342,S2433342,4,2024-11-19,0R,pAMR0,112,0,future_no_significant_rejection,1,0.043959176732958266
image_only,pair_000524,patient_6e23f91caa098b84,S2422139,S2422139,2,2024-07-30,0R,pAMR0,2,S2437880,S2437880,5,2024-12-31,0R,pAMR0,154,0,future_no_significant_rejection,1,0.043959176732958266
image_only,pair_000525,patient_6e23f91caa098b84,S2422139,S2422139,2,2024-07-30,0R,pAMR0,2,S2506961,S2506961,6,2025-03-11,0R,pAMR0,224,0,future_no_significant_rejection,1,0.043959176732958266
image_only,pair_000526,patient_6e23f91caa098b84,S2427693,S2427693,3,2024-09-24,0R,pAMR0,6,S2433342,S2433342,4,2024-11-19,0R,pAMR0,56,0,future_no_significant_rejection,1,0.07106552628396721
image_only,pair_000527,patient_6e23f91caa098b84,S2427693,S2427693,3,2024-09-24,0R,pAMR0,6,S2437880,S2437880,5,2024-12-31,0R,pAMR0,98,0,future_no_significant_rejection,1,0.07106552628396721
image_only,pair_000528,patient_6e23f91caa098b84,S2427693,S2427693,3,2024-09-24,0R,pAMR0,6,S2506961,S2506961,6,2025-03-11,0R,pAMR0,168,0,future_no_significant_rejection,1,0.07106552628396721
image_only,pair_000529,patient_6e23f91caa098b84,S2433342,S2433342,4,2024-11-19,0R,pAMR0,2,S2437880,S2437880,5,2024-12-31,0R,pAMR0,42,0,future_no_significant_rejection,1,0.0342442562193739
image_only,pair_000530,patient_6e23f91caa098b84,S2433342,S2433342,4,2024-11-19,0R,pAMR0,2,S2506961,S2506961,6,2025-03-11,0R,pAMR0,112,0,future_no_significant_rejection,1,0.0342442562193739
image_only,pair_000531,patient_6e23f91caa098b84,S2437880,S2437880,5,2024-12-31,0R,pAMR0,1,S2506961,S2506961,6,2025-03-11,0R,pAMR0,70,0,future_no_significant_rejection,1,0.036355409449501344
image_only,pair_000538,patient_70289ea84b1dd193,S2508630,S2508630,1,2025-03-25,1R,pAMR0,4,S2511006,S2511006,2,2025-04-15,0R,pAMR0,21,0,future_no_significant_rejection,1,0.03611303940967534
image_only,pair_000539,patient_70289ea84b1dd193,S2508630,S2508630,1,2025-03-25,1R,pAMR0,4,S2513848,S2513848,3,2025-05-13,0R,pAMR0,49,0,future_no_significant_rejection,1,0.03611303940967534
image_only,pair_000540,patient_70289ea84b1dd193,S2508630,S2508630,1,2025-03-25,1R,pAMR0,4,S2524760,S2524760,4,2025-08-12,0R,pAMR0,140,0,future_no_significant_rejection,1,0.03611303940967534
image_only,pair_000541,patient_70289ea84b1dd193,S2508630,S2508630,1,2025-03-25,1R,pAMR0,4,S2531989,S2531989,5,2025-10-14,0R,pAMR0,203,0,future_no_significant_rejection,1,0.03611303940967534
image_only,pair_000542,patient_70289ea84b1dd193,S2511006,S2511006,2,2025-04-15,0R,pAMR0,2,S2513848,S2513848,3,2025-05-13,0R,pAMR0,28,0,future_no_significant_rejection,1,0.03883685537072557
image_only,pair_000543,patient_70289ea84b1dd193,S2511006,S2511006,2,2025-04-15,0R,pAMR0,2,S2524760,S2524760,4,2025-08-12,0R,pAMR0,119,0,future_no_significant_rejection,1,0.03883685537072557
image_only,pair_000544,patient_70289ea84b1dd193,S2511006,S2511006,2,2025-04-15,0R,pAMR0,2,S2531989,S2531989,5,2025-10-14,0R,pAMR0,182,0,future_no_significant_rejection,1,0.03883685537072557
image_only,pair_000545,patient_70289ea84b1dd193,S2513848,S2513848,3,2025-05-13,0R,pAMR0,6,S2524760,S2524760,4,2025-08-12,0R,pAMR0,91,0,future_no_significant_rejection,1,0.07052819622915972
image_only,pair_000546,patient_70289ea84b1dd193,S2513848,S2513848,3,2025-05-13,0R,pAMR0,6,S2531989,S2531989,5,2025-10-14,0R,pAMR0,154,0,future_no_significant_rejection,1,0.07052819622915972
image_only,pair_000547,patient_70289ea84b1dd193,S2524760,S2524760,4,2025-08-12,0R,pAMR0,1,S2531989,S2531989,5,2025-10-14,0R,pAMR0,63,0,future_no_significant_rejection,1,0.023204065914660774
image_only,pair_000548,patient_71270218daad69ca,S2222945,S2222945,1,2022-06-07,0R,pAMR0,1,S2334411,S2334411,2,2023-08-08,0R,pAMR0,427,0,future_no_significant_rejection,1,0.04272142397517872
image_only,pair_000593,patient_7b8c5e3e158230df,S2421437,S2421437,1,2024-07-23,0R,pAMR0,2,S2424255,S2424255,2,2024-08-20,0R,pAMR0,28,0,future_no_significant_rejection,1,0.010382901121419373
image_only,pair_000594,patient_7b8c5e3e158230df,S2421437,S2421437,1,2024-07-23,0R,pAMR0,2,S2426615,S2426615,3,2024-09-10,0R,pAMR0,49,0,future_no_significant_rejection,1,0.010382901121419373
image_only,pair_000595,patient_7b8c5e3e158230df,S2424255,S2424255,2,2024-08-20,0R,pAMR0,6,S2426615,S2426615,3,2024-09-10,0R,pAMR0,21,0,future_no_significant_rejection,1,0.2630163533446037
image_only,pair_000617,patient_7ea5ec2f6c847fc5,S2136522,S2136522,1,2021-08-24,0R,pAMR0,2,S2148219,S2148219,2,2021-11-08,1R,pAMR0,76,0,future_no_significant_rejection,1,0.060552844548403845
image_only,pair_000618,patient_7ea5ec2f6c847fc5,S2136522,S2136522,1,2021-08-24,0R,pAMR0,2,S2207353,S2207353,3,2022-02-22,0R,pAMR0,182,0,future_no_significant_rejection,1,0.060552844548403845
image_only,pair_000619,patient_7ea5ec2f6c847fc5,S2148219,S2148219,2,2021-11-08,1R,pAMR0,2,S2207353,S2207353,3,2022-02-22,0R,pAMR0,106,0,future_no_significant_rejection,1,0.09954062793935234
image_only,pair_000658,patient_8a989ce38f711fa1,S2151614,S2151614,1,2021-11-30,0R,pAMR0,3,S2154958,S2154958,2,2021-12-21,0R,pAMR0,21,0,future_no_significant_rejection,1,0.2399185545076379
image_only,pair_000659,patient_8a989ce38f711fa1,S2151614,S2151614,1,2021-11-30,0R,pAMR0,3,S2202568,S2202568,3,2022-01-18,0R,pAMR0,49,0,future_no_significant_rejection,1,0.2399185545076379
image_only,pair_000660,patient_8a989ce38f711fa1,S2151614,S2151614,1,2021-11-30,0R,pAMR0,3,S2207350,S2207350,4,2022-02-22,0R,pAMR0,84,0,future_no_significant_rejection,1,0.2399185545076379
image_only,pair_000661,patient_8a989ce38f711fa1,S2151614,S2151614,1,2021-11-30,0R,pAMR0,3,S2213274,S2213274,5,2022-04-05,0R,pAMR0,126,0,future_no_significant_rejection,1,0.2399185545076379
image_only,pair_000662,patient_8a989ce38f711fa1,S2151614,S2151614,1,2021-11-30,0R,pAMR0,3,S2222062,S2222062,6,2022-05-31,0R,pAMR0,182,0,future_no_significant_rejection,1,0.2399185545076379
image_only,pair_000663,patient_8a989ce38f711fa1,S2151614,S2151614,1,2021-11-30,0R,pAMR0,3,S2234200,S2234200,7,2022-08-16,0R,pAMR0,259,0,future_no_significant_rejection,1,0.2399185545076379
image_only,pair_000664,patient_8a989ce38f711fa1,S2151614,S2151614,1,2021-11-30,0R,pAMR0,3,S2248983,S2248983,8,2022-11-22,0R,pAMR0,357,0,future_no_significant_rejection,1,0.2399185545076379
image_only,pair_000665,patient_8a989ce38f711fa1,S2154958,S2154958,2,2021-12-21,0R,pAMR0,3,S2202568,S2202568,3,2022-01-18,0R,pAMR0,28,0,future_no_significant_rejection,1,0.13327494954007485
image_only,pair_000666,patient_8a989ce38f711fa1,S2154958,S2154958,2,2021-12-21,0R,pAMR0,3,S2207350,S2207350,4,2022-02-22,0R,pAMR0,63,0,future_no_significant_rejection,1,0.13327494954007485
image_only,pair_000667,patient_8a989ce38f711fa1,S2154958,S2154958,2,2021-12-21,0R,pAMR0,3,S2213274,S2213274,5,2022-04-05,0R,pAMR0,105,0,future_no_significant_rejection,1,0.13327494954007485
image_only,pair_000668,patient_8a989ce38f711fa1,S2154958,S2154958,2,2021-12-21,0R,pAMR0,3,S2222062,S2222062,6,2022-05-31,0R,pAMR0,161,0,future_no_significant_rejection,1,0.13327494954007485
image_only,pair_000669,patient_8a989ce38f711fa1,S2154958,S2154958,2,2021-12-21,0R,pAMR0,3,S2234200,S2234200,7,2022-08-16,0R,pAMR0,238,0,future_no_significant_rejection,1,0.13327494954007485
image_only,pair_000670,patient_8a989ce38f711fa1,S2154958,S2154958,2,2021-12-21,0R,pAMR0,3,S2248983,S2248983,8,2022-11-22,0R,pAMR0,336,0,future_no_significant_rejection,1,0.13327494954007485
image_only,pair_000671,patient_8a989ce38f711fa1,S2202568,S2202568,3,2022-01-18,0R,pAMR0,1,S2207350,S2207350,4,2022-02-22,0R,pAMR0,35,0,future_no_significant_rejection,1,0.026628686786519758
image_only,pair_000672,patient_8a989ce38f711fa1,S2202568,S2202568,3,2022-01-18,0R,pAMR0,1,S2213274,S2213274,5,2022-04-05,0R,pAMR0,77,0,future_no_significant_rejection,1,0.026628686786519758
image_only,pair_000673,patient_8a989ce38f711fa1,S2202568,S2202568,3,2022-01-18,0R,pAMR0,1,S2222062,S2222062,6,2022-05-31,0R,pAMR0,133,0,future_no_significant_rejection,1,0.026628686786519758
image_only,pair_000674,patient_8a989ce38f711fa1,S2202568,S2202568,3,2022-01-18,0R,pAMR0,1,S2234200,S2234200,7,2022-08-16,0R,pAMR0,210,0,future_no_significant_rejection,1,0.026628686786519758
image_only,pair_000675,patient_8a989ce38f711fa1,S2202568,S2202568,3,2022-01-18,0R,pAMR0,1,S2248983,S2248983,8,2022-11-22,0R,pAMR0,308,0,future_no_significant_rejection,1,0.026628686786519758
image_only,pair_000676,patient_8a989ce38f711fa1,S2207350,S2207350,4,2022-02-22,0R,pAMR0,1,S2213274,S2213274,5,2022-04-05,0R,pAMR0,42,0,future_no_significant_rejection,1,0.02538563476123747
image_only,pair_000677,patient_8a989ce38f711fa1,S2207350,S2207350,4,2022-02-22,0R,pAMR0,1,S2222062,S2222062,6,2022-05-31,0R,pAMR0,98,0,future_no_significant_rejection,1,0.02538563476123747
image_only,pair_000678,patient_8a989ce38f711fa1,S2207350,S2207350,4,2022-02-22,0R,pAMR0,1,S2234200,S2234200,7,2022-08-16,0R,pAMR0,175,0,future_no_significant_rejection,1,0.02538563476123747
image_only,pair_000679,patient_8a989ce38f711fa1,S2207350,S2207350,4,2022-02-22,0R,pAMR0,1,S2248983,S2248983,8,2022-11-22,0R,pAMR0,273,0,future_no_significant_rejection,1,0.02538563476123747
image_only,pair_000680,patient_8a989ce38f711fa1,S2213274,S2213274,5,2022-04-05,0R,pAMR0,1,S2222062,S2222062,6,2022-05-31,0R,pAMR0,56,0,future_no_significant_rejection,1,0.11344648777551403
image_only,pair_000681,patient_8a989ce38f711fa1,S2213274,S2213274,5,2022-04-05,0R,pAMR0,1,S2234200,S2234200,7,2022-08-16,0R,pAMR0,133,0,future_no_significant_rejection,1,0.11344648777551403
image_only,pair_000682,patient_8a989ce38f711fa1,S2213274,S2213274,5,2022-04-05,0R,pAMR0,1,S2248983,S2248983,8,2022-11-22,0R,pAMR0,231,0,future_no_significant_rejection,1,0.11344648777551403
image_only,pair_000683,patient_8a989ce38f711fa1,S2222062,S2222062,6,2022-05-31,0R,pAMR0,1,S2234200,S2234200,7,2022-08-16,0R,pAMR0,77,0,future_no_significant_rejection,1,0.07974132870840406
image_only,pair_000684,patient_8a989ce38f711fa1,S2222062,S2222062,6,2022-05-31,0R,pAMR0,1,S2248983,S2248983,8,2022-11-22,0R,pAMR0,175,0,future_no_significant_rejection,1,0.07974132870840406
image_only,pair_000685,patient_8a989ce38f711fa1,S2234200,S2234200,7,2022-08-16,0R,pAMR0,1,S2248983,S2248983,8,2022-11-22,0R,pAMR0,98,0,future_no_significant_rejection,1,0.20337272361294276
image_only,pair_000692,patient_93ac78fffd137473,S2250149,S2250149,1,2022-11-29,1R,pAMR0,3,S2329753,S2329753,2,2023-07-11,0R,pAMR0,224,0,future_no_significant_rejection,1,0.48347523962173633
image_only,pair_000693,patient_9665aa8b62656cf9,S2530985,S2530985,1,2025-09-30,0R,pAMR0,1,S2531985,S2531985,2,2025-10-14,0R,pAMR0,14,0,future_no_significant_rejection,1,0.22159833910550958
image_only,pair_000694,patient_98877b8b3d3e8763,S2133158,S2133158,1,2021-08-03,0R,pAMR0,1,S2140147,S2140147,2,2021-09-13,1R,pAMR0,41,0,future_no_significant_rejection,1,0.025511831368866096
image_only,pair_000695,patient_98877b8b3d3e8763,S2133158,S2133158,1,2021-08-03,0R,pAMR0,1,S2147205,S2147205,3,2021-11-02,1R,pAMR0,91,0,future_no_significant_rejection,1,0.025511831368866096
image_only,pair_000696,patient_98877b8b3d3e8763,S2133158,S2133158,1,2021-08-03,0R,pAMR0,1,S2201380,S2201380,4,2022-01-10,0R,pAMR0,160,0,future_no_significant_rejection,1,0.025511831368866096
image_only,pair_000697,patient_98877b8b3d3e8763,S2133158,S2133158,1,2021-08-03,0R,pAMR0,1,S2211180,S2211180,5,2022-03-22,0R,pAMR0,231,0,future_no_significant_rejection,1,0.025511831368866096
image_only,pair_000698,patient_98877b8b3d3e8763,S2133158,S2133158,1,2021-08-03,0R,pAMR0,1,S2225226,S2225226,6,2022-06-21,0R,pAMR0,322,0,future_no_significant_rejection,1,0.025511831368866096
image_only,pair_000699,patient_98877b8b3d3e8763,S2140147,S2140147,2,2021-09-13,1R,pAMR0,1,S2147205,S2147205,3,2021-11-02,1R,pAMR0,50,0,future_no_significant_rejection,1,0.16988369181207305
image_only,pair_000700,patient_98877b8b3d3e8763,S2140147,S2140147,2,2021-09-13,1R,pAMR0,1,S2201380,S2201380,4,2022-01-10,0R,pAMR0,119,0,future_no_significant_rejection,1,0.16988369181207305
image_only,pair_000701,patient_98877b8b3d3e8763,S2140147,S2140147,2,2021-09-13,1R,pAMR0,1,S2211180,S2211180,5,2022-03-22,0R,pAMR0,190,0,future_no_significant_rejection,1,0.16988369181207305
image_only,pair_000702,patient_98877b8b3d3e8763,S2140147,S2140147,2,2021-09-13,1R,pAMR0,1,S2225226,S2225226,6,2022-06-21,0R,pAMR0,281,0,future_no_significant_rejection,1,0.16988369181207305
image_only,pair_000703,patient_98877b8b3d3e8763,S2147205,S2147205,3,2021-11-02,1R,pAMR0,2,S2201380,S2201380,4,2022-01-10,0R,pAMR0,69,0,future_no_significant_rejection,1,0.011683999952329063
image_only,pair_000704,patient_98877b8b3d3e8763,S2147205,S2147205,3,2021-11-02,1R,pAMR0,2,S2211180,S2211180,5,2022-03-22,0R,pAMR0,140,0,future_no_significant_rejection,1,0.011683999952329063
image_only,pair_000705,patient_98877b8b3d3e8763,S2147205,S2147205,3,2021-11-02,1R,pAMR0,2,S2225226,S2225226,6,2022-06-21,0R,pAMR0,231,0,future_no_significant_rejection,1,0.011683999952329063
image_only,pair_000706,patient_98877b8b3d3e8763,S2201380,S2201380,4,2022-01-10,0R,pAMR0,2,S2211180,S2211180,5,2022-03-22,0R,pAMR0,71,0,future_no_significant_rejection,1,0.09207346986964536
image_only,pair_000707,patient_98877b8b3d3e8763,S2201380,S2201380,4,2022-01-10,0R,pAMR0,2,S2225226,S2225226,6,2022-06-21,0R,pAMR0,162,0,future_no_significant_rejection,1,0.09207346986964536
image_only,pair_000708,patient_98877b8b3d3e8763,S2211180,S2211180,5,2022-03-22,0R,pAMR0,1,S2225226,S2225226,6,2022-06-21,0R,pAMR0,91,0,future_no_significant_rejection,1,0.026727479408701973
image_only,pair_000800,patient_bdc3f4ebb82da82e,S2436454,S2436454,1,2024-12-17,0R,pAMR0,2,S2437882,S2437882,2,2024-12-31,0R,pAMR1,14,1,future_significant_rejection,1,0.03774424592606842
image_only,pair_000801,patient_bdc3f4ebb82da82e,S2436454,S2436454,1,2024-12-17,0R,pAMR0,2,S2503127,S2503127,3,2025-02-04,1R,pAMR0,49,0,future_no_significant_rejection,1,0.03774424592606842
image_only,pair_000802,patient_bdc3f4ebb82da82e,S2436454,S2436454,1,2024-12-17,0R,pAMR0,2,S2506960,S2506960,4,2025-03-11,1R,pAMR0,84,0,future_no_significant_rejection,1,0.03774424592606842
image_only,pair_000803,patient_bdc3f4ebb82da82e,S2436454,S2436454,1,2024-12-17,0R,pAMR0,2,S2516970,S2516970,5,2025-06-10,1R,pAMR0,175,0,future_no_significant_rejection,1,0.03774424592606842
image_only,pair_000804,patient_c18ca7616a5ad1b6,S2400070,S2400070,1,2024-01-02,0R,pAMR0,1,S2405217,S2405217,2,2024-01-31,0R,pAMR0,29,0,future_no_significant_rejection,1,0.026208114145622043
image_only,pair_000805,patient_c18ca7616a5ad1b6,S2400070,S2400070,1,2024-01-02,0R,pAMR0,1,S2408482,S2408482,3,2024-02-27,0R,pAMR0,56,0,future_no_significant_rejection,1,0.026208114145622043
image_only,pair_000806,patient_c18ca7616a5ad1b6,S2400070,S2400070,1,2024-01-02,0R,pAMR0,1,S2412061,S2412061,4,2024-04-16,0R,pAMR0,105,0,future_no_significant_rejection,1,0.026208114145622043
image_only,pair_000807,patient_c18ca7616a5ad1b6,S2400070,S2400070,1,2024-01-02,0R,pAMR0,1,S2414954,S2414954,5,2024-05-21,0R,pAMR0,140,0,future_no_significant_rejection,1,0.026208114145622043
image_only,pair_000808,patient_c18ca7616a5ad1b6,S2400070,S2400070,1,2024-01-02,0R,pAMR0,1,S2434134,S2434134,6,2024-11-26,0R,pAMR0,329,0,future_no_significant_rejection,1,0.026208114145622043
image_only,pair_000809,patient_c18ca7616a5ad1b6,S2405217,S2405217,2,2024-01-31,0R,pAMR0,1,S2408482,S2408482,3,2024-02-27,0R,pAMR0,27,0,future_no_significant_rejection,1,0.07525466001499585
image_only,pair_000810,patient_c18ca7616a5ad1b6,S2405217,S2405217,2,2024-01-31,0R,pAMR0,1,S2412061,S2412061,4,2024-04-16,0R,pAMR0,76,0,future_no_significant_rejection,1,0.07525466001499585
image_only,pair_000811,patient_c18ca7616a5ad1b6,S2405217,S2405217,2,2024-01-31,0R,pAMR0,1,S2414954,S2414954,5,2024-05-21,0R,pAMR0,111,0,future_no_significant_rejection,1,0.07525466001499585
image_only,pair_000812,patient_c18ca7616a5ad1b6,S2405217,S2405217,2,2024-01-31,0R,pAMR0,1,S2434134,S2434134,6,2024-11-26,0R,pAMR0,300,0,future_no_significant_rejection,1,0.07525466001499585
image_only,pair_000813,patient_c18ca7616a5ad1b6,S2408482,S2408482,3,2024-02-27,0R,pAMR0,1,S2412061,S2412061,4,2024-04-16,0R,pAMR0,49,0,future_no_significant_rejection,1,0.00462211671096536
image_only,pair_000814,patient_c18ca7616a5ad1b6,S2408482,S2408482,3,2024-02-27,0R,pAMR0,1,S2414954,S2414954,5,2024-05-21,0R,pAMR0,84,0,future_no_significant_rejection,1,0.00462211671096536
image_only,pair_000815,patient_c18ca7616a5ad1b6,S2408482,S2408482,3,2024-02-27,0R,pAMR0,1,S2434134,S2434134,6,2024-11-26,0R,pAMR0,273,0,future_no_significant_rejection,1,0.00462211671096536
image_only,pair_000816,patient_c18ca7616a5ad1b6,S2412061,S2412061,4,2024-04-16,0R,pAMR0,2,S2414954,S2414954,5,2024-05-21,0R,pAMR0,35,0,future_no_significant_rejection,1,0.09981515632478774
image_only,pair_000817,patient_c18ca7616a5ad1b6,S2412061,S2412061,4,2024-04-16,0R,pAMR0,2,S2434134,S2434134,6,2024-11-26,0R,pAMR0,224,0,future_no_significant_rejection,1,0.09981515632478774
image_only,pair_000818,patient_c18ca7616a5ad1b6,S2414954,S2414954,5,2024-05-21,0R,pAMR0,2,S2434134,S2434134,6,2024-11-26,0R,pAMR0,189,0,future_no_significant_rejection,1,0.04588812646538641
image_only,pair_000947,patient_d48fc489086a470f,S2327690,S2327690,1,2023-06-28,1R,pAMR0,4,S2330983,S2330983,2,2023-07-18,0R,pAMR0,20,0,future_no_significant_rejection,1,0.029117114786260175
image_only,pair_000948,patient_d48fc489086a470f,S2327690,S2327690,1,2023-06-28,1R,pAMR0,4,S2336496,S2336496,3,2023-08-22,0R,pAMR0,55,0,future_no_significant_rejection,1,0.029117114786260175
image_only,pair_000949,patient_d48fc489086a470f,S2327690,S2327690,1,2023-06-28,1R,pAMR0,4,S2343312,S2343312,4,2023-10-10,1R,pAMR0,104,0,future_no_significant_rejection,1,0.029117114786260175
image_only,pair_000950,patient_d48fc489086a470f,S2327690,S2327690,1,2023-06-28,1R,pAMR0,4,S2350730,S2350730,5,2023-11-28,2R,pAMR0,153,1,future_significant_rejection,1,0.029117114786260175
image_only,pair_000951,patient_d48fc489086a470f,S2327690,S2327690,1,2023-06-28,1R,pAMR0,4,S2412714,S2412714,6,2024-04-23,0R,pAMR0,300,0,future_no_significant_rejection,1,0.029117114786260175
image_only,pair_000952,patient_d48fc489086a470f,S2330983,S2330983,2,2023-07-18,0R,pAMR0,2,S2336496,S2336496,3,2023-08-22,0R,pAMR0,35,0,future_no_significant_rejection,1,0.006418267490003697
image_only,pair_000953,patient_d48fc489086a470f,S2330983,S2330983,2,2023-07-18,0R,pAMR0,2,S2343312,S2343312,4,2023-10-10,1R,pAMR0,84,0,future_no_significant_rejection,1,0.006418267490003697
image_only,pair_000954,patient_d48fc489086a470f,S2330983,S2330983,2,2023-07-18,0R,pAMR0,2,S2350730,S2350730,5,2023-11-28,2R,pAMR0,133,1,future_significant_rejection,1,0.006418267490003697
image_only,pair_000955,patient_d48fc489086a470f,S2330983,S2330983,2,2023-07-18,0R,pAMR0,2,S2412714,S2412714,6,2024-04-23,0R,pAMR0,280,0,future_no_significant_rejection,1,0.006418267490003697
image_only,pair_000956,patient_d48fc489086a470f,S2336496,S2336496,3,2023-08-22,0R,pAMR0,1,S2343312,S2343312,4,2023-10-10,1R,pAMR0,49,0,future_no_significant_rejection,1,0.09800667821844036
image_only,pair_000957,patient_d48fc489086a470f,S2336496,S2336496,3,2023-08-22,0R,pAMR0,1,S2350730,S2350730,5,2023-11-28,2R,pAMR0,98,1,future_significant_rejection,1,0.09800667821844036
image_only,pair_000958,patient_d48fc489086a470f,S2336496,S2336496,3,2023-08-22,0R,pAMR0,1,S2412714,S2412714,6,2024-04-23,0R,pAMR0,245,0,future_no_significant_rejection,1,0.09800667821844036
image_only,pair_000959,patient_d48fc489086a470f,S2343312,S2343312,4,2023-10-10,1R,pAMR0,1,S2350730,S2350730,5,2023-11-28,2R,pAMR0,49,1,future_significant_rejection,1,0.2673294770177255
image_only,pair_000960,patient_d48fc489086a470f,S2343312,S2343312,4,2023-10-10,1R,pAMR0,1,S2412714,S2412714,6,2024-04-23,0R,pAMR0,196,0,future_no_significant_rejection,1,0.2673294770177255
image_only,pair_001010,patient_dd2e6df63e5c36b4,S2330984,S2330984,1,2023-07-18,0R,pAMR0,3,S2334388,S2334388,2,2023-08-08,0R,pAMR0,21,0,future_no_significant_rejection,1,0.12378694762262699
image_only,pair_001011,patient_dd2e6df63e5c36b4,S2330984,S2330984,1,2023-07-18,0R,pAMR0,3,S2338783,S2338783,3,2023-09-05,0R,pAMR0,49,0,future_no_significant_rejection,1,0.12378694762262699
image_only,pair_001012,patient_dd2e6df63e5c36b4,S2330984,S2330984,1,2023-07-18,0R,pAMR0,3,S2343311,S2343311,4,2023-10-10,0R,pAMR0,84,0,future_no_significant_rejection,1,0.12378694762262699
image_only,pair_001013,patient_dd2e6df63e5c36b4,S2330984,S2330984,1,2023-07-18,0R,pAMR0,3,S2407940,S2407940,5,2024-02-20,0R,pAMR0,217,0,future_no_significant_rejection,1,0.12378694762262699
image_only,pair_001014,patient_dd2e6df63e5c36b4,S2330984,S2330984,1,2023-07-18,0R,pAMR0,3,S2421430,S2421430,6,2024-07-23,0R,pAMR0,371,0,future_no_significant_rejection,1,0.12378694762262699
image_only,pair_001015,patient_dd2e6df63e5c36b4,S2334388,S2334388,2,2023-08-08,0R,pAMR0,2,S2338783,S2338783,3,2023-09-05,0R,pAMR0,28,0,future_no_significant_rejection,1,0.020929263071393887
image_only,pair_001016,patient_dd2e6df63e5c36b4,S2334388,S2334388,2,2023-08-08,0R,pAMR0,2,S2343311,S2343311,4,2023-10-10,0R,pAMR0,63,0,future_no_significant_rejection,1,0.020929263071393887
image_only,pair_001017,patient_dd2e6df63e5c36b4,S2334388,S2334388,2,2023-08-08,0R,pAMR0,2,S2407940,S2407940,5,2024-02-20,0R,pAMR0,196,0,future_no_significant_rejection,1,0.020929263071393887
image_only,pair_001018,patient_dd2e6df63e5c36b4,S2334388,S2334388,2,2023-08-08,0R,pAMR0,2,S2421430,S2421430,6,2024-07-23,0R,pAMR0,350,0,future_no_significant_rejection,1,0.020929263071393887
image_only,pair_001019,patient_dd2e6df63e5c36b4,S2338783,S2338783,3,2023-09-05,0R,pAMR0,3,S2343311,S2343311,4,2023-10-10,0R,pAMR0,35,0,future_no_significant_rejection,1,0.016445491490549857
image_only,pair_001020,patient_dd2e6df63e5c36b4,S2338783,S2338783,3,2023-09-05,0R,pAMR0,3,S2407940,S2407940,5,2024-02-20,0R,pAMR0,168,0,future_no_significant_rejection,1,0.016445491490549857
image_only,pair_001021,patient_dd2e6df63e5c36b4,S2338783,S2338783,3,2023-09-05,0R,pAMR0,3,S2421430,S2421430,6,2024-07-23,0R,pAMR0,322,0,future_no_significant_rejection,1,0.016445491490549857
image_only,pair_001022,patient_dd2e6df63e5c36b4,S2343311,S2343311,4,2023-10-10,0R,pAMR0,1,S2407940,S2407940,5,2024-02-20,0R,pAMR0,133,0,future_no_significant_rejection,1,0.03163231911773
image_only,pair_001023,patient_dd2e6df63e5c36b4,S2343311,S2343311,4,2023-10-10,0R,pAMR0,1,S2421430,S2421430,6,2024-07-23,0R,pAMR0,287,0,future_no_significant_rejection,1,0.03163231911773
image_only,pair_001024,patient_dd2e6df63e5c36b4,S2407940,S2407940,5,2024-02-20,0R,pAMR0,1,S2421430,S2421430,6,2024-07-23,0R,pAMR0,154,0,future_no_significant_rejection,1,0.014274499048787694
image_only,pair_001052,patient_e430ff1077ac4267,S2418586,S2418586,1,2024-06-26,0R,pAMR0,4,S2421434,S2421434,2,2024-07-23,0R,pAMR0,27,0,future_no_significant_rejection,1,0.10525373071930157
image_only,pair_001053,patient_e430ff1077ac4267,S2418586,S2418586,1,2024-06-26,0R,pAMR0,4,S2429064,S2429064,3,2024-10-08,0R,pAMR0,104,0,future_no_significant_rejection,1,0.10525373071930157
image_only,pair_001054,patient_e430ff1077ac4267,S2418586,S2418586,1,2024-06-26,0R,pAMR0,4,S2431864,S2431864,4,2024-11-05,0R,pAMR0,132,0,future_no_significant_rejection,1,0.10525373071930157
image_only,pair_001055,patient_e430ff1077ac4267,S2418586,S2418586,1,2024-06-26,0R,pAMR0,4,S2436456,S2436456,5,2024-12-17,0R,pAMR1,174,1,future_significant_rejection,1,0.10525373071930157
image_only,pair_001056,patient_e430ff1077ac4267,S2418586,S2418586,1,2024-06-26,0R,pAMR0,4,S2502092,S2502092,6,2025-01-21,0R,pAMR0,209,0,future_no_significant_rejection,1,0.10525373071930157
image_only,pair_001057,patient_e430ff1077ac4267,S2421434,S2421434,2,2024-07-23,0R,pAMR0,6,S2429064,S2429064,3,2024-10-08,0R,pAMR0,77,0,future_no_significant_rejection,1,0.08906252246494288
image_only,pair_001058,patient_e430ff1077ac4267,S2421434,S2421434,2,2024-07-23,0R,pAMR0,6,S2431864,S2431864,4,2024-11-05,0R,pAMR0,105,0,future_no_significant_rejection,1,0.08906252246494288
image_only,pair_001059,patient_e430ff1077ac4267,S2421434,S2421434,2,2024-07-23,0R,pAMR0,6,S2436456,S2436456,5,2024-12-17,0R,pAMR1,147,1,future_significant_rejection,1,0.08906252246494288
image_only,pair_001060,patient_e430ff1077ac4267,S2421434,S2421434,2,2024-07-23,0R,pAMR0,6,S2502092,S2502092,6,2025-01-21,0R,pAMR0,182,0,future_no_significant_rejection,1,0.08906252246494288
image_only,pair_001061,patient_e430ff1077ac4267,S2429064,S2429064,3,2024-10-08,0R,pAMR0,6,S2431864,S2431864,4,2024-11-05,0R,pAMR0,28,0,future_no_significant_rejection,1,0.013517094022107894
image_only,pair_001062,patient_e430ff1077ac4267,S2429064,S2429064,3,2024-10-08,0R,pAMR0,6,S2436456,S2436456,5,2024-12-17,0R,pAMR1,70,1,future_significant_rejection,1,0.013517094022107894
image_only,pair_001063,patient_e430ff1077ac4267,S2429064,S2429064,3,2024-10-08,0R,pAMR0,6,S2502092,S2502092,6,2025-01-21,0R,pAMR0,105,0,future_no_significant_rejection,1,0.013517094022107894
image_only,pair_001064,patient_e430ff1077ac4267,S2431864,S2431864,4,2024-11-05,0R,pAMR0,2,S2436456,S2436456,5,2024-12-17,0R,pAMR1,42,1,future_significant_rejection,1,0.0736677141250794
image_only,pair_001065,patient_e430ff1077ac4267,S2431864,S2431864,4,2024-11-05,0R,pAMR0,2,S2502092,S2502092,6,2025-01-21,0R,pAMR0,77,0,future_no_significant_rejection,1,0.0736677141250794
image_only,pair_001161,patient_fe8ccc87e7ab7c65,S2208365,S2208365,1,2022-03-02,1R,pAMR0,4,S2210201,S2210201,2,2022-03-15,1R,pAMR0,13,0,future_no_significant_rejection,1,0.31052583988051013
image_only,pair_001162,patient_fe8ccc87e7ab7c65,S2208365,S2208365,1,2022-03-02,1R,pAMR0,4,S2215451,S2215451,3,2022-04-19,1R,pAMR0,48,0,future_no_significant_rejection,1,0.31052583988051013
image_only,pair_001163,patient_fe8ccc87e7ab7c65,S2208365,S2208365,1,2022-03-02,1R,pAMR0,4,S2226375,S2226375,4,2022-06-28,0R,pAMR0,118,0,future_no_significant_rejection,1,0.31052583988051013
image_only,pair_001164,patient_fe8ccc87e7ab7c65,S2208365,S2208365,1,2022-03-02,1R,pAMR0,4,S2233278,S2233278,5,2022-08-09,0R,pAMR0,160,0,future_no_significant_rejection,1,0.31052583988051013
image_only,pair_001165,patient_fe8ccc87e7ab7c65,S2208365,S2208365,1,2022-03-02,1R,pAMR0,4,S2247858,S2247858,6,2022-11-15,0R,pAMR0,258,0,future_no_significant_rejection,1,0.31052583988051013
image_only,pair_001166,patient_fe8ccc87e7ab7c65,S2208365,S2208365,1,2022-03-02,1R,pAMR0,4,S2308039,S2308039,7,2023-02-21,1R,pAMR0,356,0,future_no_significant_rejection,1,0.31052583988051013
image_only,pair_001167,patient_fe8ccc87e7ab7c65,S2210201,S2210201,2,2022-03-15,1R,pAMR0,3,S2215451,S2215451,3,2022-04-19,1R,pAMR0,35,0,future_no_significant_rejection,1,0.4273688457327831
image_only,pair_001168,patient_fe8ccc87e7ab7c65,S2210201,S2210201,2,2022-03-15,1R,pAMR0,3,S2226375,S2226375,4,2022-06-28,0R,pAMR0,105,0,future_no_significant_rejection,1,0.4273688457327831
image_only,pair_001169,patient_fe8ccc87e7ab7c65,S2210201,S2210201,2,2022-03-15,1R,pAMR0,3,S2233278,S2233278,5,2022-08-09,0R,pAMR0,147,0,future_no_significant_rejection,1,0.4273688457327831
image_only,pair_001170,patient_fe8ccc87e7ab7c65,S2210201,S2210201,2,2022-03-15,1R,pAMR0,3,S2247858,S2247858,6,2022-11-15,0R,pAMR0,245,0,future_no_significant_rejection,1,0.4273688457327831
image_only,pair_001171,patient_fe8ccc87e7ab7c65,S2210201,S2210201,2,2022-03-15,1R,pAMR0,3,S2308039,S2308039,7,2023-02-21,1R,pAMR0,343,0,future_no_significant_rejection,1,0.4273688457327831
image_only,pair_001172,patient_fe8ccc87e7ab7c65,S2215451,S2215451,3,2022-04-19,1R,pAMR0,1,S2226375,S2226375,4,2022-06-28,0R,pAMR0,70,0,future_no_significant_rejection,1,0.5271356115760729
image_only,pair_001173,patient_fe8ccc87e7ab7c65,S2215451,S2215451,3,2022-04-19,1R,pAMR0,1,S2233278,S2233278,5,2022-08-09,0R,pAMR0,112,0,future_no_significant_rejection,1,0.5271356115760729
image_only,pair_001174,patient_fe8ccc87e7ab7c65,S2215451,S2215451,3,2022-04-19,1R,pAMR0,1,S2247858,S2247858,6,2022-11-15,0R,pAMR0,210,0,future_no_significant_rejection,1,0.5271356115760729
image_only,pair_001175,patient_fe8ccc87e7ab7c65,S2215451,S2215451,3,2022-04-19,1R,pAMR0,1,S2308039,S2308039,7,2023-02-21,1R,pAMR0,308,0,future_no_significant_rejection,1,0.5271356115760729
image_only,pair_001176,patient_fe8ccc87e7ab7c65,S2226375,S2226375,4,2022-06-28,0R,pAMR0,1,S2233278,S2233278,5,2022-08-09,0R,pAMR0,42,0,future_no_significant_rejection,1,0.4163336396251356
image_only,pair_001177,patient_fe8ccc87e7ab7c65,S2226375,S2226375,4,2022-06-28,0R,pAMR0,1,S2247858,S2247858,6,2022-11-15,0R,pAMR0,140,0,future_no_significant_rejection,1,0.4163336396251356
image_only,pair_001178,patient_fe8ccc87e7ab7c65,S2226375,S2226375,4,2022-06-28,0R,pAMR0,1,S2308039,S2308039,7,2023-02-21,1R,pAMR0,238,0,future_no_significant_rejection,1,0.4163336396251356
image_only,pair_001179,patient_fe8ccc87e7ab7c65,S2233278,S2233278,5,2022-08-09,0R,pAMR0,1,S2247858,S2247858,6,2022-11-15,0R,pAMR0,98,0,future_no_significant_rejection,1,0.040088126286542014
image_only,pair_001180,patient_fe8ccc87e7ab7c65,S2233278,S2233278,5,2022-08-09,0R,pAMR0,1,S2308039,S2308039,7,2023-02-21,1R,pAMR0,196,0,future_no_significant_rejection,1,0.040088126286542014
image_only,pair_001181,patient_fe8ccc87e7ab7c65,S2247858,S2247858,6,2022-11-15,0R,pAMR0,1,S2308039,S2308039,7,2023-02-21,1R,pAMR0,98,0,future_no_significant_rejection,1,0.07744596207830762
image_only,pair_000002,patient_0349492572c92ab0,S2329754,S2329754,1,2023-07-11,0R,pAMR0,4,S2332143,S2332143,2,2023-07-25,1R,pAMR0,14,0,future_no_significant_rejection,2,0.23133247844163551
image_only,pair_000003,patient_0349492572c92ab0,S2329754,S2329754,1,2023-07-11,0R,pAMR0,4,S2342914,S2342914,3,2023-10-05,0R,pAMR0,86,0,future_no_significant_rejection,2,0.23133247844163551
image_only,pair_000004,patient_0349492572c92ab0,S2332143,S2332143,2,2023-07-25,1R,pAMR0,3,S2342914,S2342914,3,2023-10-05,0R,pAMR0,72,0,future_no_significant_rejection,2,0.14322909348121723
image_only,pair_000047,patient_110e1e825f43e305,S2314590,S2314590,1,2023-04-04,1R,pAMR0,5,S2318026,S2318026,2,2023-04-25,0R,pAMR0,21,0,future_no_significant_rejection,2,0.6381030036041839
image_only,pair_000048,patient_110e1e825f43e305,S2314590,S2314590,1,2023-04-04,1R,pAMR0,5,S2327486,S2327486,3,2023-06-27,0R,pAMR0,84,0,future_no_significant_rejection,2,0.6381030036041839
image_only,pair_000049,patient_110e1e825f43e305,S2314590,S2314590,1,2023-04-04,1R,pAMR0,5,S2334385,S2334385,4,2023-08-08,1R,pAMR0,126,0,future_no_significant_rejection,2,0.6381030036041839
image_only,pair_000050,patient_110e1e825f43e305,S2314590,S2314590,1,2023-04-04,1R,pAMR0,5,S2340935,S2340935,5,2023-09-19,1R,pAMR0,168,0,future_no_significant_rejection,2,0.6381030036041839
image_only,pair_000051,patient_110e1e825f43e305,S2314590,S2314590,1,2023-04-04,1R,pAMR0,5,S2353996,S2353996,6,2023-12-19,1R,pAMR0,259,0,future_no_significant_rejection,2,0.6381030036041839
image_only,pair_000052,patient_110e1e825f43e305,S2314590,S2314590,1,2023-04-04,1R,pAMR0,5,S2410453,S2410453,7,2024-03-26,0R,pAMR0,357,0,future_no_significant_rejection,2,0.6381030036041839
image_only,pair_000053,patient_110e1e825f43e305,S2318026,S2318026,2,2023-04-25,0R,pAMR0,1,S2327486,S2327486,3,2023-06-27,0R,pAMR0,63,0,future_no_significant_rejection,2,0.31079271551439513
image_only,pair_000054,patient_110e1e825f43e305,S2318026,S2318026,2,2023-04-25,0R,pAMR0,1,S2334385,S2334385,4,2023-08-08,1R,pAMR0,105,0,future_no_significant_rejection,2,0.31079271551439513
image_only,pair_000055,patient_110e1e825f43e305,S2318026,S2318026,2,2023-04-25,0R,pAMR0,1,S2340935,S2340935,5,2023-09-19,1R,pAMR0,147,0,future_no_significant_rejection,2,0.31079271551439513
image_only,pair_000056,patient_110e1e825f43e305,S2318026,S2318026,2,2023-04-25,0R,pAMR0,1,S2353996,S2353996,6,2023-12-19,1R,pAMR0,238,0,future_no_significant_rejection,2,0.31079271551439513
image_only,pair_000057,patient_110e1e825f43e305,S2318026,S2318026,2,2023-04-25,0R,pAMR0,1,S2410453,S2410453,7,2024-03-26,0R,pAMR0,336,0,future_no_significant_rejection,2,0.31079271551439513
image_only,pair_000058,patient_110e1e825f43e305,S2327486,S2327486,3,2023-06-27,0R,pAMR0,4,S2334385,S2334385,4,2023-08-08,1R,pAMR0,42,0,future_no_significant_rejection,2,0.2913020181203298
image_only,pair_000059,patient_110e1e825f43e305,S2327486,S2327486,3,2023-06-27,0R,pAMR0,4,S2340935,S2340935,5,2023-09-19,1R,pAMR0,84,0,future_no_significant_rejection,2,0.2913020181203298
image_only,pair_000060,patient_110e1e825f43e305,S2327486,S2327486,3,2023-06-27,0R,pAMR0,4,S2353996,S2353996,6,2023-12-19,1R,pAMR0,175,0,future_no_significant_rejection,2,0.2913020181203298
image_only,pair_000061,patient_110e1e825f43e305,S2327486,S2327486,3,2023-06-27,0R,pAMR0,4,S2410453,S2410453,7,2024-03-26,0R,pAMR0,273,0,future_no_significant_rejection,2,0.2913020181203298
image_only,pair_000062,patient_110e1e825f43e305,S2334385,S2334385,4,2023-08-08,1R,pAMR0,2,S2340935,S2340935,5,2023-09-19,1R,pAMR0,42,0,future_no_significant_rejection,2,0.08336885517978002
image_only,pair_000063,patient_110e1e825f43e305,S2334385,S2334385,4,2023-08-08,1R,pAMR0,2,S2353996,S2353996,6,2023-12-19,1R,pAMR0,133,0,future_no_significant_rejection,2,0.08336885517978002
image_only,pair_000064,patient_110e1e825f43e305,S2334385,S2334385,4,2023-08-08,1R,pAMR0,2,S2410453,S2410453,7,2024-03-26,0R,pAMR0,231,0,future_no_significant_rejection,2,0.08336885517978002
image_only,pair_000065,patient_110e1e825f43e305,S2340935,S2340935,5,2023-09-19,1R,pAMR0,2,S2353996,S2353996,6,2023-12-19,1R,pAMR0,91,0,future_no_significant_rejection,2,0.15715548531743606
image_only,pair_000066,patient_110e1e825f43e305,S2340935,S2340935,5,2023-09-19,1R,pAMR0,2,S2410453,S2410453,7,2024-03-26,0R,pAMR0,189,0,future_no_significant_rejection,2,0.15715548531743606
image_only,pair_000067,patient_110e1e825f43e305,S2353996,S2353996,6,2023-12-19,1R,pAMR0,1,S2410453,S2410453,7,2024-03-26,0R,pAMR0,98,0,future_no_significant_rejection,2,0.4589831457698978
image_only,pair_000069,patient_1bb6673f07107d9c,S2228789,S2228789,1,2022-07-12,0R,pAMR0,1,S2231091,S2231091,2,2022-07-26,1R,pAMR0,14,0,future_no_significant_rejection,2,0.49036051327091795
image_only,pair_000070,patient_1bb6673f07107d9c,S2228789,S2228789,1,2022-07-12,0R,pAMR0,1,S2234199,S2234199,3,2022-08-16,0R,pAMR0,35,0,future_no_significant_rejection,2,0.49036051327091795
image_only,pair_000071,patient_1bb6673f07107d9c,S2228789,S2228789,1,2022-07-12,0R,pAMR0,1,S2240726,S2240726,4,2022-09-27,0R,pAMR0,77,0,future_no_significant_rejection,2,0.49036051327091795
image_only,pair_000072,patient_1bb6673f07107d9c,S2228789,S2228789,1,2022-07-12,0R,pAMR0,1,S2311236,S2311236,5,2023-03-14,0R,pAMR0,245,0,future_no_significant_rejection,2,0.49036051327091795
image_only,pair_000073,patient_1bb6673f07107d9c,S2231091,S2231091,2,2022-07-26,1R,pAMR0,2,S2234199,S2234199,3,2022-08-16,0R,pAMR0,21,0,future_no_significant_rejection,2,0.18065384730764225
image_only,pair_000074,patient_1bb6673f07107d9c,S2231091,S2231091,2,2022-07-26,1R,pAMR0,2,S2240726,S2240726,4,2022-09-27,0R,pAMR0,63,0,future_no_significant_rejection,2,0.18065384730764225
image_only,pair_000075,patient_1bb6673f07107d9c,S2231091,S2231091,2,2022-07-26,1R,pAMR0,2,S2311236,S2311236,5,2023-03-14,0R,pAMR0,231,0,future_no_significant_rejection,2,0.18065384730764225
image_only,pair_000076,patient_1bb6673f07107d9c,S2234199,S2234199,3,2022-08-16,0R,pAMR0,1,S2240726,S2240726,4,2022-09-27,0R,pAMR0,42,0,future_no_significant_rejection,2,0.2649162188616895
image_only,pair_000077,patient_1bb6673f07107d9c,S2234199,S2234199,3,2022-08-16,0R,pAMR0,1,S2311236,S2311236,5,2023-03-14,0R,pAMR0,210,0,future_no_significant_rejection,2,0.2649162188616895
image_only,pair_000078,patient_1bb6673f07107d9c,S2240726,S2240726,4,2022-09-27,0R,pAMR0,1,S2311236,S2311236,5,2023-03-14,0R,pAMR0,168,0,future_no_significant_rejection,2,0.5400497312266994
image_only,pair_000079,patient_1d9bc9798ff5fad2,S2429062,S2429062,1,2024-10-08,0R,pAMR0,7,S2434915,S2434915,2,2024-12-03,1R,pAMR0,56,0,future_no_significant_rejection,2,0.4182098790664902
image_only,pair_000080,patient_1d9bc9798ff5fad2,S2429062,S2429062,1,2024-10-08,0R,pAMR0,7,S2501300,S2501300,3,2025-01-14,0R,pAMR0,98,0,future_no_significant_rejection,2,0.4182098790664902
image_only,pair_000081,patient_1d9bc9798ff5fad2,S2429062,S2429062,1,2024-10-08,0R,pAMR0,7,S2505507,S2505507,4,2025-02-25,0R,pAMR0,140,0,future_no_significant_rejection,2,0.4182098790664902
image_only,pair_000082,patient_1d9bc9798ff5fad2,S2429062,S2429062,1,2024-10-08,0R,pAMR0,7,S2516971,S2516971,5,2025-06-10,0R,pAMR0,245,0,future_no_significant_rejection,2,0.4182098790664902
image_only,pair_000083,patient_1d9bc9798ff5fad2,S2429062,S2429062,1,2024-10-08,0R,pAMR0,7,S2528218,S2528218,6,2025-09-09,0R,pAMR0,336,0,future_no_significant_rejection,2,0.4182098790664902
image_only,pair_000084,patient_1d9bc9798ff5fad2,S2434915,S2434915,2,2024-12-03,1R,pAMR0,2,S2501300,S2501300,3,2025-01-14,0R,pAMR0,42,0,future_no_significant_rejection,2,0.5101466697560163
image_only,pair_000085,patient_1d9bc9798ff5fad2,S2434915,S2434915,2,2024-12-03,1R,pAMR0,2,S2505507,S2505507,4,2025-02-25,0R,pAMR0,84,0,future_no_significant_rejection,2,0.5101466697560163
image_only,pair_000086,patient_1d9bc9798ff5fad2,S2434915,S2434915,2,2024-12-03,1R,pAMR0,2,S2516971,S2516971,5,2025-06-10,0R,pAMR0,189,0,future_no_significant_rejection,2,0.5101466697560163
image_only,pair_000087,patient_1d9bc9798ff5fad2,S2434915,S2434915,2,2024-12-03,1R,pAMR0,2,S2528218,S2528218,6,2025-09-09,0R,pAMR0,280,0,future_no_significant_rejection,2,0.5101466697560163
image_only,pair_000088,patient_1d9bc9798ff5fad2,S2501300,S2501300,3,2025-01-14,0R,pAMR0,6,S2505507,S2505507,4,2025-02-25,0R,pAMR0,42,0,future_no_significant_rejection,2,0.2868263835538779
image_only,pair_000089,patient_1d9bc9798ff5fad2,S2501300,S2501300,3,2025-01-14,0R,pAMR0,6,S2516971,S2516971,5,2025-06-10,0R,pAMR0,147,0,future_no_significant_rejection,2,0.2868263835538779
image_only,pair_000090,patient_1d9bc9798ff5fad2,S2501300,S2501300,3,2025-01-14,0R,pAMR0,6,S2528218,S2528218,6,2025-09-09,0R,pAMR0,238,0,future_no_significant_rejection,2,0.2868263835538779
image_only,pair_000091,patient_1d9bc9798ff5fad2,S2505507,S2505507,4,2025-02-25,0R,pAMR0,1,S2516971,S2516971,5,2025-06-10,0R,pAMR0,105,0,future_no_significant_rejection,2,0.11082631481794478
image_only,pair_000092,patient_1d9bc9798ff5fad2,S2505507,S2505507,4,2025-02-25,0R,pAMR0,1,S2528218,S2528218,6,2025-09-09,0R,pAMR0,196,0,future_no_significant_rejection,2,0.11082631481794478
image_only,pair_000093,patient_1d9bc9798ff5fad2,S2516971,S2516971,5,2025-06-10,0R,pAMR0,6,S2528218,S2528218,6,2025-09-09,0R,pAMR0,91,0,future_no_significant_rejection,2,0.39005548076547025
image_only,pair_000186,patient_29c1ec61f11c3c6d,S2133154,S2133154,1,2021-08-03,0R,pAMR0,1,S2142821,S2142821,2,2021-10-05,0R,pAMR0,63,0,future_no_significant_rejection,2,0.17562573028766287
image_only,pair_000187,patient_29c1ec61f11c3c6d,S2133154,S2133154,1,2021-08-03,0R,pAMR0,1,S2156020,S2156020,3,2021-12-28,0R,pAMR0,147,0,future_no_significant_rejection,2,0.17562573028766287
image_only,pair_000188,patient_29c1ec61f11c3c6d,S2133154,S2133154,1,2021-08-03,0R,pAMR0,1,S2210205,S2210205,4,2022-03-15,0R,pAMR0,224,0,future_no_significant_rejection,2,0.17562573028766287
image_only,pair_000189,patient_29c1ec61f11c3c6d,S2142821,S2142821,2,2021-10-05,0R,pAMR0,1,S2156020,S2156020,3,2021-12-28,0R,pAMR0,84,0,future_no_significant_rejection,2,0.5675719970825867
image_only,pair_000190,patient_29c1ec61f11c3c6d,S2142821,S2142821,2,2021-10-05,0R,pAMR0,1,S2210205,S2210205,4,2022-03-15,0R,pAMR0,161,0,future_no_significant_rejection,2,0.5675719970825867
image_only,pair_000191,patient_29c1ec61f11c3c6d,S2156020,S2156020,3,2021-12-28,0R,pAMR0,1,S2210205,S2210205,4,2022-03-15,0R,pAMR0,77,0,future_no_significant_rejection,2,0.5017728089066038
image_only,pair_000218,patient_2e5d461d7873e6f4,S2039743,S2039743,1,2020-10-20,1R,pAMR0,6,S2130898,S2130898,2,2021-07-19,0R,pAMR0,272,0,future_no_significant_rejection,2,0.01543875022911526
image_only,pair_000219,patient_2e5d461d7873e6f4,S2039743,S2039743,1,2020-10-20,1R,pAMR0,6,S2142815,S2142815,3,2021-10-05,1R,pAMR0,350,0,future_no_significant_rejection,2,0.01543875022911526
image_only,pair_000220,patient_2e5d461d7873e6f4,S2039743,S2039743,1,2020-10-20,1R,pAMR0,6,S2244727,S2244727,4,2022-10-25,0R,pAMR1,735,1,future_significant_rejection,2,0.01543875022911526
image_only,pair_000221,patient_2e5d461d7873e6f4,S2039743,S2039743,1,2020-10-20,1R,pAMR0,6,S2253528,S2253528,5,2022-12-20,1R,pAMR0,791,0,future_no_significant_rejection,2,0.01543875022911526
image_only,pair_000222,patient_2e5d461d7873e6f4,S2039743,S2039743,1,2020-10-20,1R,pAMR0,6,S2311235,S2311235,6,2023-03-14,0R,pAMR0,875,0,future_no_significant_rejection,2,0.01543875022911526
image_only,pair_000223,patient_2e5d461d7873e6f4,S2130898,S2130898,2,2021-07-19,0R,pAMR0,1,S2142815,S2142815,3,2021-10-05,1R,pAMR0,78,0,future_no_significant_rejection,2,0.1851056105686688
image_only,pair_000224,patient_2e5d461d7873e6f4,S2130898,S2130898,2,2021-07-19,0R,pAMR0,1,S2244727,S2244727,4,2022-10-25,0R,pAMR1,463,1,future_significant_rejection,2,0.1851056105686688
image_only,pair_000225,patient_2e5d461d7873e6f4,S2130898,S2130898,2,2021-07-19,0R,pAMR0,1,S2253528,S2253528,5,2022-12-20,1R,pAMR0,519,0,future_no_significant_rejection,2,0.1851056105686688
image_only,pair_000226,patient_2e5d461d7873e6f4,S2130898,S2130898,2,2021-07-19,0R,pAMR0,1,S2311235,S2311235,6,2023-03-14,0R,pAMR0,603,0,future_no_significant_rejection,2,0.1851056105686688
image_only,pair_000227,patient_2e5d461d7873e6f4,S2142815,S2142815,3,2021-10-05,1R,pAMR0,1,S2244727,S2244727,4,2022-10-25,0R,pAMR1,385,1,future_significant_rejection,2,0.10530622716101389
image_only,pair_000228,patient_2e5d461d7873e6f4,S2142815,S2142815,3,2021-10-05,1R,pAMR0,1,S2253528,S2253528,5,2022-12-20,1R,pAMR0,441,0,future_no_significant_rejection,2,0.10530622716101389
image_only,pair_000229,patient_2e5d461d7873e6f4,S2142815,S2142815,3,2021-10-05,1R,pAMR0,1,S2311235,S2311235,6,2023-03-14,0R,pAMR0,525,0,future_no_significant_rejection,2,0.10530622716101389
image_only,pair_000266,patient_33180b505ac426fd,S2434571,S2434571,1,2024-11-28,0R,pAMR0,6,S2501301,S2501301,2,2025-01-14,0R,pAMR0,47,0,future_no_significant_rejection,2,0.32458859416851477
image_only,pair_000267,patient_33180b505ac426fd,S2434571,S2434571,1,2024-11-28,0R,pAMR0,6,S2503128,S2503128,3,2025-02-04,0R,pAMR0,68,0,future_no_significant_rejection,2,0.32458859416851477
image_only,pair_000268,patient_33180b505ac426fd,S2434571,S2434571,1,2024-11-28,0R,pAMR0,6,S2511008,S2511008,4,2025-04-15,1R,pAMR0,138,0,future_no_significant_rejection,2,0.32458859416851477
image_only,pair_000269,patient_33180b505ac426fd,S2434571,S2434571,1,2024-11-28,0R,pAMR0,6,S2515598,S2515598,5,2025-05-27,0R,pAMR0,180,0,future_no_significant_rejection,2,0.32458859416851477
image_only,pair_000270,patient_33180b505ac426fd,S2434571,S2434571,1,2024-11-28,0R,pAMR0,6,S2521240,S2521240,6,2025-07-15,1R,pAMR0,229,0,future_no_significant_rejection,2,0.32458859416851477
image_only,pair_000271,patient_33180b505ac426fd,S2501301,S2501301,2,2025-01-14,0R,pAMR0,3,S2503128,S2503128,3,2025-02-04,0R,pAMR0,21,0,future_no_significant_rejection,2,0.24426446600663643
image_only,pair_000272,patient_33180b505ac426fd,S2501301,S2501301,2,2025-01-14,0R,pAMR0,3,S2511008,S2511008,4,2025-04-15,1R,pAMR0,91,0,future_no_significant_rejection,2,0.24426446600663643
image_only,pair_000273,patient_33180b505ac426fd,S2501301,S2501301,2,2025-01-14,0R,pAMR0,3,S2515598,S2515598,5,2025-05-27,0R,pAMR0,133,0,future_no_significant_rejection,2,0.24426446600663643
image_only,pair_000274,patient_33180b505ac426fd,S2501301,S2501301,2,2025-01-14,0R,pAMR0,3,S2521240,S2521240,6,2025-07-15,1R,pAMR0,182,0,future_no_significant_rejection,2,0.24426446600663643
image_only,pair_000275,patient_33180b505ac426fd,S2503128,S2503128,3,2025-02-04,0R,pAMR0,3,S2511008,S2511008,4,2025-04-15,1R,pAMR0,70,0,future_no_significant_rejection,2,0.5518681354461311
image_only,pair_000276,patient_33180b505ac426fd,S2503128,S2503128,3,2025-02-04,0R,pAMR0,3,S2515598,S2515598,5,2025-05-27,0R,pAMR0,112,0,future_no_significant_rejection,2,0.5518681354461311
image_only,pair_000277,patient_33180b505ac426fd,S2503128,S2503128,3,2025-02-04,0R,pAMR0,3,S2521240,S2521240,6,2025-07-15,1R,pAMR0,161,0,future_no_significant_rejection,2,0.5518681354461311
image_only,pair_000278,patient_33180b505ac426fd,S2511008,S2511008,4,2025-04-15,1R,pAMR0,9,S2515598,S2515598,5,2025-05-27,0R,pAMR0,42,0,future_no_significant_rejection,2,0.43584282755565196
image_only,pair_000279,patient_33180b505ac426fd,S2511008,S2511008,4,2025-04-15,1R,pAMR0,9,S2521240,S2521240,6,2025-07-15,1R,pAMR0,91,0,future_no_significant_rejection,2,0.43584282755565196
image_only,pair_000280,patient_33180b505ac426fd,S2515598,S2515598,5,2025-05-27,0R,pAMR0,1,S2521240,S2521240,6,2025-07-15,1R,pAMR0,49,0,future_no_significant_rejection,2,0.3379859936352548
image_only,pair_000312,patient_3840f67f21017b79,S2222833,S2222833,1,2022-06-07,0R,pAMR0,3,S2225223,S2225223,2,2022-06-21,1R,pAMR0,14,0,future_no_significant_rejection,2,0.48490066621287425
image_only,pair_000313,patient_3840f67f21017b79,S2222833,S2222833,1,2022-06-07,0R,pAMR0,3,S2229971,S2229971,3,2022-07-19,1R,pAMR0,42,0,future_no_significant_rejection,2,0.48490066621287425
image_only,pair_000314,patient_3840f67f21017b79,S2222833,S2222833,1,2022-06-07,0R,pAMR0,3,S2235317,S2235317,4,2022-08-23,1R,pAMR0,77,0,future_no_significant_rejection,2,0.48490066621287425
image_only,pair_000315,patient_3840f67f21017b79,S2222833,S2222833,1,2022-06-07,0R,pAMR0,3,S2241563,S2241563,5,2022-10-04,1R,pAMR0,119,0,future_no_significant_rejection,2,0.48490066621287425
image_only,pair_000316,patient_3840f67f21017b79,S2222833,S2222833,1,2022-06-07,0R,pAMR0,3,S2250152,S2250152,6,2022-11-29,1R,pAMR0,175,0,future_no_significant_rejection,2,0.48490066621287425
image_only,pair_000317,patient_3840f67f21017b79,S2222833,S2222833,1,2022-06-07,0R,pAMR0,3,S2308042,S2308042,7,2023-02-21,0R,pAMR0,259,0,future_no_significant_rejection,2,0.48490066621287425
image_only,pair_000318,patient_3840f67f21017b79,S2222833,S2222833,1,2022-06-07,0R,pAMR0,3,S2323102,S2323102,8,2023-05-30,0R,pAMR0,357,0,future_no_significant_rejection,2,0.48490066621287425
image_only,pair_000319,patient_3840f67f21017b79,S2225223,S2225223,2,2022-06-21,1R,pAMR0,3,S2229971,S2229971,3,2022-07-19,1R,pAMR0,28,0,future_no_significant_rejection,2,0.5437265213726177
image_only,pair_000320,patient_3840f67f21017b79,S2225223,S2225223,2,2022-06-21,1R,pAMR0,3,S2235317,S2235317,4,2022-08-23,1R,pAMR0,63,0,future_no_significant_rejection,2,0.5437265213726177
image_only,pair_000321,patient_3840f67f21017b79,S2225223,S2225223,2,2022-06-21,1R,pAMR0,3,S2241563,S2241563,5,2022-10-04,1R,pAMR0,105,0,future_no_significant_rejection,2,0.5437265213726177
image_only,pair_000322,patient_3840f67f21017b79,S2225223,S2225223,2,2022-06-21,1R,pAMR0,3,S2250152,S2250152,6,2022-11-29,1R,pAMR0,161,0,future_no_significant_rejection,2,0.5437265213726177
image_only,pair_000323,patient_3840f67f21017b79,S2225223,S2225223,2,2022-06-21,1R,pAMR0,3,S2308042,S2308042,7,2023-02-21,0R,pAMR0,245,0,future_no_significant_rejection,2,0.5437265213726177
image_only,pair_000324,patient_3840f67f21017b79,S2225223,S2225223,2,2022-06-21,1R,pAMR0,3,S2323102,S2323102,8,2023-05-30,0R,pAMR0,343,0,future_no_significant_rejection,2,0.5437265213726177
image_only,pair_000325,patient_3840f67f21017b79,S2229971,S2229971,3,2022-07-19,1R,pAMR0,1,S2235317,S2235317,4,2022-08-23,1R,pAMR0,35,0,future_no_significant_rejection,2,0.42706271669855717
image_only,pair_000326,patient_3840f67f21017b79,S2229971,S2229971,3,2022-07-19,1R,pAMR0,1,S2241563,S2241563,5,2022-10-04,1R,pAMR0,77,0,future_no_significant_rejection,2,0.42706271669855717
image_only,pair_000327,patient_3840f67f21017b79,S2229971,S2229971,3,2022-07-19,1R,pAMR0,1,S2250152,S2250152,6,2022-11-29,1R,pAMR0,133,0,future_no_significant_rejection,2,0.42706271669855717
image_only,pair_000328,patient_3840f67f21017b79,S2229971,S2229971,3,2022-07-19,1R,pAMR0,1,S2308042,S2308042,7,2023-02-21,0R,pAMR0,217,0,future_no_significant_rejection,2,0.42706271669855717
image_only,pair_000329,patient_3840f67f21017b79,S2229971,S2229971,3,2022-07-19,1R,pAMR0,1,S2323102,S2323102,8,2023-05-30,0R,pAMR0,315,0,future_no_significant_rejection,2,0.42706271669855717
image_only,pair_000330,patient_3840f67f21017b79,S2235317,S2235317,4,2022-08-23,1R,pAMR0,3,S2241563,S2241563,5,2022-10-04,1R,pAMR0,42,0,future_no_significant_rejection,2,0.6673154209576827
image_only,pair_000331,patient_3840f67f21017b79,S2235317,S2235317,4,2022-08-23,1R,pAMR0,3,S2250152,S2250152,6,2022-11-29,1R,pAMR0,98,0,future_no_significant_rejection,2,0.6673154209576827
image_only,pair_000332,patient_3840f67f21017b79,S2235317,S2235317,4,2022-08-23,1R,pAMR0,3,S2308042,S2308042,7,2023-02-21,0R,pAMR0,182,0,future_no_significant_rejection,2,0.6673154209576827
image_only,pair_000333,patient_3840f67f21017b79,S2235317,S2235317,4,2022-08-23,1R,pAMR0,3,S2323102,S2323102,8,2023-05-30,0R,pAMR0,280,0,future_no_significant_rejection,2,0.6673154209576827
image_only,pair_000334,patient_3840f67f21017b79,S2241563,S2241563,5,2022-10-04,1R,pAMR0,3,S2250152,S2250152,6,2022-11-29,1R,pAMR0,56,0,future_no_significant_rejection,2,0.6372753410294558
image_only,pair_000335,patient_3840f67f21017b79,S2241563,S2241563,5,2022-10-04,1R,pAMR0,3,S2308042,S2308042,7,2023-02-21,0R,pAMR0,140,0,future_no_significant_rejection,2,0.6372753410294558
image_only,pair_000336,patient_3840f67f21017b79,S2241563,S2241563,5,2022-10-04,1R,pAMR0,3,S2323102,S2323102,8,2023-05-30,0R,pAMR0,238,0,future_no_significant_rejection,2,0.6372753410294558
image_only,pair_000337,patient_3840f67f21017b79,S2250152,S2250152,6,2022-11-29,1R,pAMR0,3,S2308042,S2308042,7,2023-02-21,0R,pAMR0,84,0,future_no_significant_rejection,2,0.7141018715549059
image_only,pair_000338,patient_3840f67f21017b79,S2250152,S2250152,6,2022-11-29,1R,pAMR0,3,S2323102,S2323102,8,2023-05-30,0R,pAMR0,182,0,future_no_significant_rejection,2,0.7141018715549059
image_only,pair_000339,patient_3840f67f21017b79,S2308042,S2308042,7,2023-02-21,0R,pAMR0,1,S2323102,S2323102,8,2023-05-30,0R,pAMR0,98,0,future_no_significant_rejection,2,0.45927664464145074
image_only,pair_000340,patient_3b33f0c3a0f54d90,S2032124,S2032124,1,2020-08-11,0R,pAMR0,1,S2047227,S2047227,2,2020-11-27,1R,pAMR2,108,1,future_significant_rejection,2,0.12582542394589247
image_only,pair_000341,patient_3fc4b14a03335d7f,S2202569,S2202569,1,2022-01-18,1R,pAMR0,7,S2203739,S2203739,2,2022-01-25,1R,pAMR0,7,0,future_no_significant_rejection,2,0.5902831486864317
image_only,pair_000342,patient_3fc4b14a03335d7f,S2202569,S2202569,1,2022-01-18,1R,pAMR0,7,S2206286,S2206286,3,2022-02-15,0R,pAMR0,28,0,future_no_significant_rejection,2,0.5902831486864317
image_only,pair_000343,patient_3fc4b14a03335d7f,S2202569,S2202569,1,2022-01-18,1R,pAMR0,7,S2212215,S2212215,4,2022-03-29,1R,pAMR0,70,0,future_no_significant_rejection,2,0.5902831486864317
image_only,pair_000344,patient_3fc4b14a03335d7f,S2202569,S2202569,1,2022-01-18,1R,pAMR0,7,S2217673,S2217673,5,2022-05-03,0R,pAMR0,105,0,future_no_significant_rejection,2,0.5902831486864317
image_only,pair_000345,patient_3fc4b14a03335d7f,S2202569,S2202569,1,2022-01-18,1R,pAMR0,7,S2225224,S2225224,6,2022-06-21,0R,pAMR0,154,0,future_no_significant_rejection,2,0.5902831486864317
image_only,pair_000346,patient_3fc4b14a03335d7f,S2202569,S2202569,1,2022-01-18,1R,pAMR0,7,S2240720,S2240720,7,2022-09-27,1R,pAMR0,252,0,future_no_significant_rejection,2,0.5902831486864317
image_only,pair_000347,patient_3fc4b14a03335d7f,S2203739,S2203739,2,2022-01-25,1R,pAMR0,5,S2206286,S2206286,3,2022-02-15,0R,pAMR0,21,0,future_no_significant_rejection,2,0.40007744970012193
image_only,pair_000348,patient_3fc4b14a03335d7f,S2203739,S2203739,2,2022-01-25,1R,pAMR0,5,S2212215,S2212215,4,2022-03-29,1R,pAMR0,63,0,future_no_significant_rejection,2,0.40007744970012193
image_only,pair_000349,patient_3fc4b14a03335d7f,S2203739,S2203739,2,2022-01-25,1R,pAMR0,5,S2217673,S2217673,5,2022-05-03,0R,pAMR0,98,0,future_no_significant_rejection,2,0.40007744970012193
image_only,pair_000350,patient_3fc4b14a03335d7f,S2203739,S2203739,2,2022-01-25,1R,pAMR0,5,S2225224,S2225224,6,2022-06-21,0R,pAMR0,147,0,future_no_significant_rejection,2,0.40007744970012193
image_only,pair_000351,patient_3fc4b14a03335d7f,S2203739,S2203739,2,2022-01-25,1R,pAMR0,5,S2240720,S2240720,7,2022-09-27,1R,pAMR0,245,0,future_no_significant_rejection,2,0.40007744970012193
image_only,pair_000352,patient_3fc4b14a03335d7f,S2206286,S2206286,3,2022-02-15,0R,pAMR0,3,S2212215,S2212215,4,2022-03-29,1R,pAMR0,42,0,future_no_significant_rejection,2,0.22241966193425874
image_only,pair_000353,patient_3fc4b14a03335d7f,S2206286,S2206286,3,2022-02-15,0R,pAMR0,3,S2217673,S2217673,5,2022-05-03,0R,pAMR0,77,0,future_no_significant_rejection,2,0.22241966193425874
image_only,pair_000354,patient_3fc4b14a03335d7f,S2206286,S2206286,3,2022-02-15,0R,pAMR0,3,S2225224,S2225224,6,2022-06-21,0R,pAMR0,126,0,future_no_significant_rejection,2,0.22241966193425874
image_only,pair_000355,patient_3fc4b14a03335d7f,S2206286,S2206286,3,2022-02-15,0R,pAMR0,3,S2240720,S2240720,7,2022-09-27,1R,pAMR0,224,0,future_no_significant_rejection,2,0.22241966193425874
image_only,pair_000356,patient_3fc4b14a03335d7f,S2212215,S2212215,4,2022-03-29,1R,pAMR0,1,S2217673,S2217673,5,2022-05-03,0R,pAMR0,35,0,future_no_significant_rejection,2,0.6472904777169518
image_only,pair_000357,patient_3fc4b14a03335d7f,S2212215,S2212215,4,2022-03-29,1R,pAMR0,1,S2225224,S2225224,6,2022-06-21,0R,pAMR0,84,0,future_no_significant_rejection,2,0.6472904777169518
image_only,pair_000358,patient_3fc4b14a03335d7f,S2212215,S2212215,4,2022-03-29,1R,pAMR0,1,S2240720,S2240720,7,2022-09-27,1R,pAMR0,182,0,future_no_significant_rejection,2,0.6472904777169518
image_only,pair_000359,patient_3fc4b14a03335d7f,S2217673,S2217673,5,2022-05-03,0R,pAMR0,1,S2225224,S2225224,6,2022-06-21,0R,pAMR0,49,0,future_no_significant_rejection,2,0.5651676502276122
image_only,pair_000360,patient_3fc4b14a03335d7f,S2217673,S2217673,5,2022-05-03,0R,pAMR0,1,S2240720,S2240720,7,2022-09-27,1R,pAMR0,147,0,future_no_significant_rejection,2,0.5651676502276122
image_only,pair_000361,patient_3fc4b14a03335d7f,S2225224,S2225224,6,2022-06-21,0R,pAMR0,1,S2240720,S2240720,7,2022-09-27,1R,pAMR0,98,0,future_no_significant_rejection,2,0.435279287308192
image_only,pair_000401,patient_46cfa1714c823433,S2350728,S2350728,1,2023-11-28,0R,pAMR0,1,S2353999,S2353999,2,2023-12-19,0R,pAMR0,21,0,future_no_significant_rejection,2,0.20260758819795077
image_only,pair_000402,patient_46cfa1714c823433,S2350728,S2350728,1,2023-11-28,0R,pAMR0,1,S2414957,S2414957,3,2024-05-21,0R,pAMR0,175,0,future_no_significant_rejection,2,0.20260758819795077
image_only,pair_000403,patient_46cfa1714c823433,S2350728,S2350728,1,2023-11-28,0R,pAMR0,1,S2423619,S2423619,4,2024-08-13,0R,pAMR0,259,0,future_no_significant_rejection,2,0.20260758819795077
image_only,pair_000404,patient_46cfa1714c823433,S2353999,S2353999,2,2023-12-19,0R,pAMR0,1,S2414957,S2414957,3,2024-05-21,0R,pAMR0,154,0,future_no_significant_rejection,2,0.26750355903733125
image_only,pair_000405,patient_46cfa1714c823433,S2353999,S2353999,2,2023-12-19,0R,pAMR0,1,S2423619,S2423619,4,2024-08-13,0R,pAMR0,238,0,future_no_significant_rejection,2,0.26750355903733125
image_only,pair_000406,patient_46cfa1714c823433,S2414957,S2414957,3,2024-05-21,0R,pAMR0,2,S2423619,S2423619,4,2024-08-13,0R,pAMR0,84,0,future_no_significant_rejection,2,0.36388274272193466
image_only,pair_000466,patient_503148ddee5b72e0,S2229537,S2229537,1,2022-07-15,1R,pAMR0,4,S2237601,S2237601,2,2022-09-06,0R,pAMR0,53,0,future_no_significant_rejection,2,0.6895430197676595
image_only,pair_000467,patient_503148ddee5b72e0,S2229537,S2229537,1,2022-07-15,1R,pAMR0,4,S2312320,S2312320,3,2023-03-21,1R,pAMR0,249,0,future_no_significant_rejection,2,0.6895430197676595
image_only,pair_000468,patient_503148ddee5b72e0,S2229537,S2229537,1,2022-07-15,1R,pAMR0,4,S2327485,S2327485,4,2023-06-27,0R,pAMR0,347,0,future_no_significant_rejection,2,0.6895430197676595
image_only,pair_000469,patient_503148ddee5b72e0,S2237601,S2237601,2,2022-09-06,0R,pAMR0,1,S2312320,S2312320,3,2023-03-21,1R,pAMR0,196,0,future_no_significant_rejection,2,0.44624969682792437
image_only,pair_000470,patient_503148ddee5b72e0,S2237601,S2237601,2,2022-09-06,0R,pAMR0,1,S2327485,S2327485,4,2023-06-27,0R,pAMR0,294,0,future_no_significant_rejection,2,0.44624969682792437
image_only,pair_000471,patient_503148ddee5b72e0,S2312320,S2312320,3,2023-03-21,1R,pAMR0,1,S2327485,S2327485,4,2023-06-27,0R,pAMR0,98,0,future_no_significant_rejection,2,0.1322580971159708
image_only,pair_000472,patient_5a68de4c65c56662,S2235518,S2235518,1,2022-08-24,0R,pAMR0,4,S2238299,S2238299,2,2022-09-13,1R,pAMR0,20,0,future_no_significant_rejection,2,0.35987420004745396
image_only,pair_000473,patient_5a68de4c65c56662,S2235518,S2235518,1,2022-08-24,0R,pAMR0,4,S2242500,S2242500,3,2022-10-11,0R,pAMR0,48,0,future_no_significant_rejection,2,0.35987420004745396
image_only,pair_000474,patient_5a68de4c65c56662,S2235518,S2235518,1,2022-08-24,0R,pAMR0,4,S2246786,S2246786,4,2022-11-08,0R,pAMR0,76,0,future_no_significant_rejection,2,0.35987420004745396
image_only,pair_000475,patient_5a68de4c65c56662,S2235518,S2235518,1,2022-08-24,0R,pAMR0,4,S2254886,S2254886,5,2022-12-28,0R,pAMR0,126,0,future_no_significant_rejection,2,0.35987420004745396
image_only,pair_000476,patient_5a68de4c65c56662,S2238299,S2238299,2,2022-09-13,1R,pAMR0,3,S2242500,S2242500,3,2022-10-11,0R,pAMR0,28,0,future_no_significant_rejection,2,0.557774388637332
image_only,pair_000477,patient_5a68de4c65c56662,S2238299,S2238299,2,2022-09-13,1R,pAMR0,3,S2246786,S2246786,4,2022-11-08,0R,pAMR0,56,0,future_no_significant_rejection,2,0.557774388637332
image_only,pair_000478,patient_5a68de4c65c56662,S2238299,S2238299,2,2022-09-13,1R,pAMR0,3,S2254886,S2254886,5,2022-12-28,0R,pAMR0,106,0,future_no_significant_rejection,2,0.557774388637332
image_only,pair_000479,patient_5a68de4c65c56662,S2242500,S2242500,3,2022-10-11,0R,pAMR0,1,S2246786,S2246786,4,2022-11-08,0R,pAMR0,28,0,future_no_significant_rejection,2,0.5062655755258828
image_only,pair_000480,patient_5a68de4c65c56662,S2242500,S2242500,3,2022-10-11,0R,pAMR0,1,S2254886,S2254886,5,2022-12-28,0R,pAMR0,78,0,future_no_significant_rejection,2,0.5062655755258828
image_only,pair_000481,patient_5a68de4c65c56662,S2246786,S2246786,4,2022-11-08,0R,pAMR0,1,S2254886,S2254886,5,2022-12-28,0R,pAMR0,50,0,future_no_significant_rejection,2,0.15111448357022605
image_only,pair_000507,patient_69d6941869afda05,S2206289,S2206289,1,2022-02-15,1R,pAMR0,3,S2210209,S2210209,2,2022-03-15,2R,pAMR0,28,1,future_significant_rejection,2,0.6542999216531488
image_only,pair_000508,patient_69d6941869afda05,S2206289,S2206289,1,2022-02-15,1R,pAMR0,3,S2214323,S2214323,3,2022-04-12,0R,pAMR0,56,0,future_no_significant_rejection,2,0.6542999216531488
image_only,pair_000509,patient_69d6941869afda05,S2206289,S2206289,1,2022-02-15,1R,pAMR0,3,S2219751,S2219751,4,2022-05-17,1R,pAMR0,91,0,future_no_significant_rejection,2,0.6542999216531488
image_only,pair_000510,patient_69d6941869afda05,S2206289,S2206289,1,2022-02-15,1R,pAMR0,3,S2224010,S2224010,5,2022-06-14,1R,pAMR0,119,0,future_no_significant_rejection,2,0.6542999216531488
image_only,pair_000511,patient_69d6941869afda05,S2206289,S2206289,1,2022-02-15,1R,pAMR0,3,S2232194,S2232194,6,2022-08-02,0R,pAMR0,168,0,future_no_significant_rejection,2,0.6542999216531488
image_only,pair_000512,patient_69d6941869afda05,S2206289,S2206289,1,2022-02-15,1R,pAMR0,3,S2241565,S2241565,7,2022-10-04,0R,pAMR0,231,0,future_no_significant_rejection,2,0.6542999216531488
image_only,pair_000513,patient_69d6941869afda05,S2206289,S2206289,1,2022-02-15,1R,pAMR0,3,S2253524,S2253524,8,2022-12-20,1R,pAMR0,308,0,future_no_significant_rejection,2,0.6542999216531488
image_only,pair_000532,patient_6e852ae1e67cc6a5,S2521239,S2521239,1,2025-07-15,0R,pAMR0,1,S2522994,S2522994,2,2025-07-29,0R,pAMR0,14,0,future_no_significant_rejection,2,0.09846895406440298
image_only,pair_000533,patient_6e852ae1e67cc6a5,S2521239,S2521239,1,2025-07-15,0R,pAMR0,1,S2526362,S2526362,3,2025-08-26,0R,pAMR0,42,0,future_no_significant_rejection,2,0.09846895406440298
image_only,pair_000534,patient_6e852ae1e67cc6a5,S2521239,S2521239,1,2025-07-15,0R,pAMR0,1,S2530049,S2530049,4,2025-09-23,0R,pAMR0,70,0,future_no_significant_rejection,2,0.09846895406440298
image_only,pair_000535,patient_6e852ae1e67cc6a5,S2522994,S2522994,2,2025-07-29,0R,pAMR0,1,S2526362,S2526362,3,2025-08-26,0R,pAMR0,28,0,future_no_significant_rejection,2,0.20907106832861538
image_only,pair_000536,patient_6e852ae1e67cc6a5,S2522994,S2522994,2,2025-07-29,0R,pAMR0,1,S2530049,S2530049,4,2025-09-23,0R,pAMR0,56,0,future_no_significant_rejection,2,0.20907106832861538
image_only,pair_000537,patient_6e852ae1e67cc6a5,S2526362,S2526362,3,2025-08-26,0R,pAMR0,5,S2530049,S2530049,4,2025-09-23,0R,pAMR0,28,0,future_no_significant_rejection,2,0.10183758667709811
image_only,pair_000564,patient_71a52624c9074da6,S2320992,S2320992,1,2023-05-17,0R,pAMR0,2,S2325142,S2325142,2,2023-06-13,0R,pAMR0,27,0,future_no_significant_rejection,2,0.028640448251220228
image_only,pair_000565,patient_71a52624c9074da6,S2320992,S2320992,1,2023-05-17,0R,pAMR0,2,S2330985,S2330985,3,2023-07-18,0R,pAMR0,62,0,future_no_significant_rejection,2,0.028640448251220228
image_only,pair_000566,patient_71a52624c9074da6,S2320992,S2320992,1,2023-05-17,0R,pAMR0,2,S2336494,S2336494,4,2023-08-22,0R,pAMR0,97,0,future_no_significant_rejection,2,0.028640448251220228
image_only,pair_000567,patient_71a52624c9074da6,S2320992,S2320992,1,2023-05-17,0R,pAMR0,2,S2344458,S2344458,5,2023-10-17,0R,pAMR0,153,0,future_no_significant_rejection,2,0.028640448251220228
image_only,pair_000568,patient_71a52624c9074da6,S2320992,S2320992,1,2023-05-17,0R,pAMR0,2,S2352827,S2352827,6,2023-12-12,0R,pAMR0,209,0,future_no_significant_rejection,2,0.028640448251220228
image_only,pair_000569,patient_71a52624c9074da6,S2325142,S2325142,2,2023-06-13,0R,pAMR0,1,S2330985,S2330985,3,2023-07-18,0R,pAMR0,35,0,future_no_significant_rejection,2,0.285515677310193
image_only,pair_000570,patient_71a52624c9074da6,S2325142,S2325142,2,2023-06-13,0R,pAMR0,1,S2336494,S2336494,4,2023-08-22,0R,pAMR0,70,0,future_no_significant_rejection,2,0.285515677310193
image_only,pair_000571,patient_71a52624c9074da6,S2325142,S2325142,2,2023-06-13,0R,pAMR0,1,S2344458,S2344458,5,2023-10-17,0R,pAMR0,126,0,future_no_significant_rejection,2,0.285515677310193
image_only,pair_000572,patient_71a52624c9074da6,S2325142,S2325142,2,2023-06-13,0R,pAMR0,1,S2352827,S2352827,6,2023-12-12,0R,pAMR0,182,0,future_no_significant_rejection,2,0.285515677310193
image_only,pair_000573,patient_71a52624c9074da6,S2330985,S2330985,3,2023-07-18,0R,pAMR0,1,S2336494,S2336494,4,2023-08-22,0R,pAMR0,35,0,future_no_significant_rejection,2,0.6256257576435998
image_only,pair_000574,patient_71a52624c9074da6,S2330985,S2330985,3,2023-07-18,0R,pAMR0,1,S2344458,S2344458,5,2023-10-17,0R,pAMR0,91,0,future_no_significant_rejection,2,0.6256257576435998
image_only,pair_000575,patient_71a52624c9074da6,S2330985,S2330985,3,2023-07-18,0R,pAMR0,1,S2352827,S2352827,6,2023-12-12,0R,pAMR0,147,0,future_no_significant_rejection,2,0.6256257576435998
image_only,pair_000576,patient_71a52624c9074da6,S2336494,S2336494,4,2023-08-22,0R,pAMR0,1,S2344458,S2344458,5,2023-10-17,0R,pAMR0,56,0,future_no_significant_rejection,2,0.4871017455736714
image_only,pair_000577,patient_71a52624c9074da6,S2336494,S2336494,4,2023-08-22,0R,pAMR0,1,S2352827,S2352827,6,2023-12-12,0R,pAMR0,112,0,future_no_significant_rejection,2,0.4871017455736714
image_only,pair_000578,patient_71a52624c9074da6,S2344458,S2344458,5,2023-10-17,0R,pAMR0,1,S2352827,S2352827,6,2023-12-12,0R,pAMR0,56,0,future_no_significant_rejection,2,0.5070573331482523
image_only,pair_000579,patient_780d5b318208b01a,S2339819,S2339819,1,2023-09-12,1R,pAMR0,3,S2406753,S2406753,2,2024-02-13,0R,pAMR0,154,0,future_no_significant_rejection,2,0.5075916907064919
image_only,pair_000580,patient_780d5b318208b01a,S2339819,S2339819,1,2023-09-12,1R,pAMR0,3,S2423616,S2423616,3,2024-08-13,0R,pAMR0,336,0,future_no_significant_rejection,2,0.5075916907064919
image_only,pair_000581,patient_780d5b318208b01a,S2406753,S2406753,2,2024-02-13,0R,pAMR0,7,S2423616,S2423616,3,2024-08-13,0R,pAMR0,182,0,future_no_significant_rejection,2,0.24544661989877822
image_only,pair_000583,patient_79f0ef3e7f376fdb,S2352429,S2352429,1,2023-12-08,0R,pAMR0,3,S2406038,S2406038,2,2024-02-06,0R,pAMR0,60,0,future_no_significant_rejection,2,0.11787389082770602
image_only,pair_000584,patient_79f0ef3e7f376fdb,S2352429,S2352429,1,2023-12-08,0R,pAMR0,3,S2409390,S2409390,3,2024-03-12,0R,pAMR0,95,0,future_no_significant_rejection,2,0.11787389082770602
image_only,pair_000585,patient_79f0ef3e7f376fdb,S2352429,S2352429,1,2023-12-08,0R,pAMR0,3,S2413768,S2413768,4,2024-05-07,0R,pAMR0,151,0,future_no_significant_rejection,2,0.11787389082770602
image_only,pair_000586,patient_79f0ef3e7f376fdb,S2352429,S2352429,1,2023-12-08,0R,pAMR0,3,S2431862,S2431862,5,2024-11-05,0R,pAMR0,333,0,future_no_significant_rejection,2,0.11787389082770602
image_only,pair_000587,patient_79f0ef3e7f376fdb,S2406038,S2406038,2,2024-02-06,0R,pAMR0,9,S2409390,S2409390,3,2024-03-12,0R,pAMR0,35,0,future_no_significant_rejection,2,0.30142246767041364
image_only,pair_000588,patient_79f0ef3e7f376fdb,S2406038,S2406038,2,2024-02-06,0R,pAMR0,9,S2413768,S2413768,4,2024-05-07,0R,pAMR0,91,0,future_no_significant_rejection,2,0.30142246767041364
image_only,pair_000589,patient_79f0ef3e7f376fdb,S2406038,S2406038,2,2024-02-06,0R,pAMR0,9,S2431862,S2431862,5,2024-11-05,0R,pAMR0,273,0,future_no_significant_rejection,2,0.30142246767041364
image_only,pair_000590,patient_79f0ef3e7f376fdb,S2409390,S2409390,3,2024-03-12,0R,pAMR0,1,S2413768,S2413768,4,2024-05-07,0R,pAMR0,56,0,future_no_significant_rejection,2,0.23544455409977474
image_only,pair_000591,patient_79f0ef3e7f376fdb,S2409390,S2409390,3,2024-03-12,0R,pAMR0,1,S2431862,S2431862,5,2024-11-05,0R,pAMR0,238,0,future_no_significant_rejection,2,0.23544455409977474
image_only,pair_000592,patient_79f0ef3e7f376fdb,S2413768,S2413768,4,2024-05-07,0R,pAMR0,2,S2431862,S2431862,5,2024-11-05,0R,pAMR0,182,0,future_no_significant_rejection,2,0.5512049595189416
image_only,pair_000621,patient_88518ae12a01280d,S2527323,S2527323,1,2025-09-02,0R,pAMR0,1,S2530991,S2530991,2,2025-09-30,0R,pAMR0,28,0,future_no_significant_rejection,2,0.05699049004249046
image_only,pair_000622,patient_88518ae12a01280d,S2527323,S2527323,1,2025-09-02,0R,pAMR0,1,S2535840,S2535840,3,2025-11-11,0R,pAMR0,70,0,future_no_significant_rejection,2,0.05699049004249046
image_only,pair_000623,patient_88518ae12a01280d,S2530991,S2530991,2,2025-09-30,0R,pAMR0,1,S2535840,S2535840,3,2025-11-11,0R,pAMR0,42,0,future_no_significant_rejection,2,0.24686630640696242
image_only,pair_000630,patient_897fc368fe7593b2,S2409389,S2409389,1,2024-03-12,0R,pAMR0,4,S2410451,S2410451,2,2024-03-26,0R,pAMR0,14,0,future_no_significant_rejection,2,0.2831821554779722
image_only,pair_000631,patient_897fc368fe7593b2,S2409389,S2409389,1,2024-03-12,0R,pAMR0,4,S2413342,S2413342,3,2024-04-30,0R,pAMR0,49,0,future_no_significant_rejection,2,0.2831821554779722
image_only,pair_000632,patient_897fc368fe7593b2,S2409389,S2409389,1,2024-03-12,0R,pAMR0,4,S2414955,S2414955,4,2024-05-21,0R,pAMR0,70,0,future_no_significant_rejection,2,0.2831821554779722
image_only,pair_000633,patient_897fc368fe7593b2,S2409389,S2409389,1,2024-03-12,0R,pAMR0,4,S2419848,S2419848,5,2024-07-08,0R,pAMR0,118,0,future_no_significant_rejection,2,0.2831821554779722
image_only,pair_000634,patient_897fc368fe7593b2,S2409389,S2409389,1,2024-03-12,0R,pAMR0,4,S2424250,S2424250,6,2024-08-20,0R,pAMR0,161,0,future_no_significant_rejection,2,0.2831821554779722
image_only,pair_000635,patient_897fc368fe7593b2,S2409389,S2409389,1,2024-03-12,0R,pAMR0,4,S2431866,S2431866,7,2024-11-05,0R,pAMR0,238,0,future_no_significant_rejection,2,0.2831821554779722
image_only,pair_000636,patient_897fc368fe7593b2,S2409389,S2409389,1,2024-03-12,0R,pAMR0,4,S2504719,S2504719,8,2025-02-18,0R,pAMR0,343,0,future_no_significant_rejection,2,0.2831821554779722
image_only,pair_000637,patient_897fc368fe7593b2,S2410451,S2410451,2,2024-03-26,0R,pAMR0,1,S2413342,S2413342,3,2024-04-30,0R,pAMR0,35,0,future_no_significant_rejection,2,0.3230485898851087
image_only,pair_000638,patient_897fc368fe7593b2,S2410451,S2410451,2,2024-03-26,0R,pAMR0,1,S2414955,S2414955,4,2024-05-21,0R,pAMR0,56,0,future_no_significant_rejection,2,0.3230485898851087
image_only,pair_000639,patient_897fc368fe7593b2,S2410451,S2410451,2,2024-03-26,0R,pAMR0,1,S2419848,S2419848,5,2024-07-08,0R,pAMR0,104,0,future_no_significant_rejection,2,0.3230485898851087
image_only,pair_000640,patient_897fc368fe7593b2,S2410451,S2410451,2,2024-03-26,0R,pAMR0,1,S2424250,S2424250,6,2024-08-20,0R,pAMR0,147,0,future_no_significant_rejection,2,0.3230485898851087
image_only,pair_000641,patient_897fc368fe7593b2,S2410451,S2410451,2,2024-03-26,0R,pAMR0,1,S2431866,S2431866,7,2024-11-05,0R,pAMR0,224,0,future_no_significant_rejection,2,0.3230485898851087
image_only,pair_000642,patient_897fc368fe7593b2,S2410451,S2410451,2,2024-03-26,0R,pAMR0,1,S2504719,S2504719,8,2025-02-18,0R,pAMR0,329,0,future_no_significant_rejection,2,0.3230485898851087
image_only,pair_000643,patient_897fc368fe7593b2,S2413342,S2413342,3,2024-04-30,0R,pAMR0,2,S2414955,S2414955,4,2024-05-21,0R,pAMR0,21,0,future_no_significant_rejection,2,0.6774250610070867
image_only,pair_000644,patient_897fc368fe7593b2,S2413342,S2413342,3,2024-04-30,0R,pAMR0,2,S2419848,S2419848,5,2024-07-08,0R,pAMR0,69,0,future_no_significant_rejection,2,0.6774250610070867
image_only,pair_000645,patient_897fc368fe7593b2,S2413342,S2413342,3,2024-04-30,0R,pAMR0,2,S2424250,S2424250,6,2024-08-20,0R,pAMR0,112,0,future_no_significant_rejection,2,0.6774250610070867
image_only,pair_000646,patient_897fc368fe7593b2,S2413342,S2413342,3,2024-04-30,0R,pAMR0,2,S2431866,S2431866,7,2024-11-05,0R,pAMR0,189,0,future_no_significant_rejection,2,0.6774250610070867
image_only,pair_000647,patient_897fc368fe7593b2,S2413342,S2413342,3,2024-04-30,0R,pAMR0,2,S2504719,S2504719,8,2025-02-18,0R,pAMR0,294,0,future_no_significant_rejection,2,0.6774250610070867
image_only,pair_000648,patient_897fc368fe7593b2,S2414955,S2414955,4,2024-05-21,0R,pAMR0,2,S2419848,S2419848,5,2024-07-08,0R,pAMR0,48,0,future_no_significant_rejection,2,0.5884091178706927
image_only,pair_000649,patient_897fc368fe7593b2,S2414955,S2414955,4,2024-05-21,0R,pAMR0,2,S2424250,S2424250,6,2024-08-20,0R,pAMR0,91,0,future_no_significant_rejection,2,0.5884091178706927
image_only,pair_000650,patient_897fc368fe7593b2,S2414955,S2414955,4,2024-05-21,0R,pAMR0,2,S2431866,S2431866,7,2024-11-05,0R,pAMR0,168,0,future_no_significant_rejection,2,0.5884091178706927
image_only,pair_000651,patient_897fc368fe7593b2,S2414955,S2414955,4,2024-05-21,0R,pAMR0,2,S2504719,S2504719,8,2025-02-18,0R,pAMR0,273,0,future_no_significant_rejection,2,0.5884091178706927
image_only,pair_000652,patient_897fc368fe7593b2,S2419848,S2419848,5,2024-07-08,0R,pAMR0,2,S2424250,S2424250,6,2024-08-20,0R,pAMR0,43,0,future_no_significant_rejection,2,0.258994260787257
image_only,pair_000653,patient_897fc368fe7593b2,S2419848,S2419848,5,2024-07-08,0R,pAMR0,2,S2431866,S2431866,7,2024-11-05,0R,pAMR0,120,0,future_no_significant_rejection,2,0.258994260787257
image_only,pair_000654,patient_897fc368fe7593b2,S2419848,S2419848,5,2024-07-08,0R,pAMR0,2,S2504719,S2504719,8,2025-02-18,0R,pAMR0,225,0,future_no_significant_rejection,2,0.258994260787257
image_only,pair_000655,patient_897fc368fe7593b2,S2424250,S2424250,6,2024-08-20,0R,pAMR0,2,S2431866,S2431866,7,2024-11-05,0R,pAMR0,77,0,future_no_significant_rejection,2,0.6176137649042049
image_only,pair_000656,patient_897fc368fe7593b2,S2424250,S2424250,6,2024-08-20,0R,pAMR0,2,S2504719,S2504719,8,2025-02-18,0R,pAMR0,182,0,future_no_significant_rejection,2,0.6176137649042049
image_only,pair_000657,patient_897fc368fe7593b2,S2431866,S2431866,7,2024-11-05,0R,pAMR0,2,S2504719,S2504719,8,2025-02-18,0R,pAMR0,105,0,future_no_significant_rejection,2,0.5382329307981124
image_only,pair_000686,patient_937267369badf303,S2300363,S2300363,1,2023-01-03,0R,pAMR0,2,S2308043,S2308043,2,2023-02-21,1R,pAMR0,49,0,future_no_significant_rejection,2,0.3813550921506449
image_only,pair_000687,patient_937267369badf303,S2300363,S2300363,1,2023-01-03,0R,pAMR0,2,S2312323,S2312323,3,2023-03-21,0R,pAMR0,77,0,future_no_significant_rejection,2,0.3813550921506449
image_only,pair_000688,patient_937267369badf303,S2300363,S2300363,1,2023-01-03,0R,pAMR0,2,S2319878,S2319878,4,2023-05-09,0R,pAMR0,126,0,future_no_significant_rejection,2,0.3813550921506449
image_only,pair_000689,patient_937267369badf303,S2308043,S2308043,2,2023-02-21,1R,pAMR0,1,S2312323,S2312323,3,2023-03-21,0R,pAMR0,28,0,future_no_significant_rejection,2,0.2985439704145234
image_only,pair_000690,patient_937267369badf303,S2308043,S2308043,2,2023-02-21,1R,pAMR0,1,S2319878,S2319878,4,2023-05-09,0R,pAMR0,77,0,future_no_significant_rejection,2,0.2985439704145234
image_only,pair_000691,patient_937267369badf303,S2312323,S2312323,3,2023-03-21,0R,pAMR0,1,S2319878,S2319878,4,2023-05-09,0R,pAMR0,49,0,future_no_significant_rejection,2,0.5092565836615892
image_only,pair_000709,patient_9b81a2766f087b27,S2111062,S2111062,1,2021-03-16,1R,pAMR0,3,S2114402,S2114402,2,2021-04-06,0R,pAMR0,21,0,future_no_significant_rejection,2,0.8988722484055987
image_only,pair_000710,patient_9b81a2766f087b27,S2111062,S2111062,1,2021-03-16,1R,pAMR0,3,S2119964,S2119964,3,2021-05-11,0R,pAMR2,56,1,future_significant_rejection,2,0.8988722484055987
image_only,pair_000711,patient_9b81a2766f087b27,S2111062,S2111062,1,2021-03-16,1R,pAMR0,3,S2150495,S2150495,4,2021-11-23,1R,pAMR1,252,1,future_significant_rejection,2,0.8988722484055987
image_only,pair_000712,patient_9b81a2766f087b27,S2111062,S2111062,1,2021-03-16,1R,pAMR0,3,S2209234,S2209234,5,2022-03-08,0R,pAMR0,357,0,future_no_significant_rejection,2,0.8988722484055987
image_only,pair_000713,patient_9b81a2766f087b27,S2114402,S2114402,2,2021-04-06,0R,pAMR0,1,S2119964,S2119964,3,2021-05-11,0R,pAMR2,35,1,future_significant_rejection,2,0.5652216668345945
image_only,pair_000714,patient_9b81a2766f087b27,S2114402,S2114402,2,2021-04-06,0R,pAMR0,1,S2150495,S2150495,4,2021-11-23,1R,pAMR1,231,1,future_significant_rejection,2,0.5652216668345945
image_only,pair_000715,patient_9b81a2766f087b27,S2114402,S2114402,2,2021-04-06,0R,pAMR0,1,S2209234,S2209234,5,2022-03-08,0R,pAMR0,336,0,future_no_significant_rejection,2,0.5652216668345945
image_only,pair_000716,patient_a533d77edf530d7d,S2332144,S2332144,1,2023-07-25,0R,pAMR0,5,S2334386,S2334386,2,2023-08-08,0R,pAMR0,14,0,future_no_significant_rejection,2,0.2973677189731366
image_only,pair_000717,patient_a533d77edf530d7d,S2332144,S2332144,1,2023-07-25,0R,pAMR0,5,S2338786,S2338786,3,2023-09-05,1R,pAMR0,42,0,future_no_significant_rejection,2,0.2973677189731366
image_only,pair_000718,patient_a533d77edf530d7d,S2332144,S2332144,1,2023-07-25,0R,pAMR0,5,S2343314,S2343314,4,2023-10-11,0R,pAMR0,78,0,future_no_significant_rejection,2,0.2973677189731366
image_only,pair_000719,patient_a533d77edf530d7d,S2332144,S2332144,1,2023-07-25,0R,pAMR0,5,S2346179,S2346179,5,2023-10-27,1R,pAMR0,94,0,future_no_significant_rejection,2,0.2973677189731366
image_only,pair_000720,patient_a533d77edf530d7d,S2332144,S2332144,1,2023-07-25,0R,pAMR0,5,S2348398,S2348398,6,2023-11-14,0R,pAMR0,112,0,future_no_significant_rejection,2,0.2973677189731366
image_only,pair_000721,patient_a533d77edf530d7d,S2332144,S2332144,1,2023-07-25,0R,pAMR0,5,S2352825,S2352825,7,2023-12-12,1R,pAMR0,140,0,future_no_significant_rejection,2,0.2973677189731366
image_only,pair_000722,patient_a533d77edf530d7d,S2332144,S2332144,1,2023-07-25,0R,pAMR0,5,S2402484,S2402484,8,2024-01-16,0R,pAMR0,175,0,future_no_significant_rejection,2,0.2973677189731366
image_only,pair_000723,patient_a533d77edf530d7d,S2332144,S2332144,1,2023-07-25,0R,pAMR0,5,S2420603,S2420603,9,2024-07-16,0R,pAMR0,357,0,future_no_significant_rejection,2,0.2973677189731366
image_only,pair_000724,patient_a533d77edf530d7d,S2334386,S2334386,2,2023-08-08,0R,pAMR0,2,S2338786,S2338786,3,2023-09-05,1R,pAMR0,28,0,future_no_significant_rejection,2,0.06629577449331829
image_only,pair_000725,patient_a533d77edf530d7d,S2334386,S2334386,2,2023-08-08,0R,pAMR0,2,S2343314,S2343314,4,2023-10-11,0R,pAMR0,64,0,future_no_significant_rejection,2,0.06629577449331829
image_only,pair_000726,patient_a533d77edf530d7d,S2334386,S2334386,2,2023-08-08,0R,pAMR0,2,S2346179,S2346179,5,2023-10-27,1R,pAMR0,80,0,future_no_significant_rejection,2,0.06629577449331829
image_only,pair_000727,patient_a533d77edf530d7d,S2334386,S2334386,2,2023-08-08,0R,pAMR0,2,S2348398,S2348398,6,2023-11-14,0R,pAMR0,98,0,future_no_significant_rejection,2,0.06629577449331829
image_only,pair_000728,patient_a533d77edf530d7d,S2334386,S2334386,2,2023-08-08,0R,pAMR0,2,S2352825,S2352825,7,2023-12-12,1R,pAMR0,126,0,future_no_significant_rejection,2,0.06629577449331829
image_only,pair_000729,patient_a533d77edf530d7d,S2334386,S2334386,2,2023-08-08,0R,pAMR0,2,S2402484,S2402484,8,2024-01-16,0R,pAMR0,161,0,future_no_significant_rejection,2,0.06629577449331829
image_only,pair_000730,patient_a533d77edf530d7d,S2334386,S2334386,2,2023-08-08,0R,pAMR0,2,S2420603,S2420603,9,2024-07-16,0R,pAMR0,343,0,future_no_significant_rejection,2,0.06629577449331829
image_only,pair_000731,patient_a533d77edf530d7d,S2338786,S2338786,3,2023-09-05,1R,pAMR0,1,S2343314,S2343314,4,2023-10-11,0R,pAMR0,36,0,future_no_significant_rejection,2,0.6643202264586999
image_only,pair_000732,patient_a533d77edf530d7d,S2338786,S2338786,3,2023-09-05,1R,pAMR0,1,S2346179,S2346179,5,2023-10-27,1R,pAMR0,52,0,future_no_significant_rejection,2,0.6643202264586999
image_only,pair_000733,patient_a533d77edf530d7d,S2338786,S2338786,3,2023-09-05,1R,pAMR0,1,S2348398,S2348398,6,2023-11-14,0R,pAMR0,70,0,future_no_significant_rejection,2,0.6643202264586999
image_only,pair_000734,patient_a533d77edf530d7d,S2338786,S2338786,3,2023-09-05,1R,pAMR0,1,S2352825,S2352825,7,2023-12-12,1R,pAMR0,98,0,future_no_significant_rejection,2,0.6643202264586999
image_only,pair_000735,patient_a533d77edf530d7d,S2338786,S2338786,3,2023-09-05,1R,pAMR0,1,S2402484,S2402484,8,2024-01-16,0R,pAMR0,133,0,future_no_significant_rejection,2,0.6643202264586999
image_only,pair_000736,patient_a533d77edf530d7d,S2338786,S2338786,3,2023-09-05,1R,pAMR0,1,S2420603,S2420603,9,2024-07-16,0R,pAMR0,315,0,future_no_significant_rejection,2,0.6643202264586999
image_only,pair_000737,patient_a533d77edf530d7d,S2343314,S2343314,4,2023-10-11,0R,pAMR0,1,S2346179,S2346179,5,2023-10-27,1R,pAMR0,16,0,future_no_significant_rejection,2,0.46708433065902916
image_only,pair_000738,patient_a533d77edf530d7d,S2343314,S2343314,4,2023-10-11,0R,pAMR0,1,S2348398,S2348398,6,2023-11-14,0R,pAMR0,34,0,future_no_significant_rejection,2,0.46708433065902916
image_only,pair_000739,patient_a533d77edf530d7d,S2343314,S2343314,4,2023-10-11,0R,pAMR0,1,S2352825,S2352825,7,2023-12-12,1R,pAMR0,62,0,future_no_significant_rejection,2,0.46708433065902916
image_only,pair_000740,patient_a533d77edf530d7d,S2343314,S2343314,4,2023-10-11,0R,pAMR0,1,S2402484,S2402484,8,2024-01-16,0R,pAMR0,97,0,future_no_significant_rejection,2,0.46708433065902916
image_only,pair_000741,patient_a533d77edf530d7d,S2343314,S2343314,4,2023-10-11,0R,pAMR0,1,S2420603,S2420603,9,2024-07-16,0R,pAMR0,279,0,future_no_significant_rejection,2,0.46708433065902916
image_only,pair_000742,patient_a533d77edf530d7d,S2346179,S2346179,5,2023-10-27,1R,pAMR0,5,S2348398,S2348398,6,2023-11-14,0R,pAMR0,18,0,future_no_significant_rejection,2,0.4749828362786794
image_only,pair_000743,patient_a533d77edf530d7d,S2346179,S2346179,5,2023-10-27,1R,pAMR0,5,S2352825,S2352825,7,2023-12-12,1R,pAMR0,46,0,future_no_significant_rejection,2,0.4749828362786794
image_only,pair_000744,patient_a533d77edf530d7d,S2346179,S2346179,5,2023-10-27,1R,pAMR0,5,S2402484,S2402484,8,2024-01-16,0R,pAMR0,81,0,future_no_significant_rejection,2,0.4749828362786794
image_only,pair_000745,patient_a533d77edf530d7d,S2346179,S2346179,5,2023-10-27,1R,pAMR0,5,S2420603,S2420603,9,2024-07-16,0R,pAMR0,263,0,future_no_significant_rejection,2,0.4749828362786794
image_only,pair_000746,patient_a533d77edf530d7d,S2348398,S2348398,6,2023-11-14,0R,pAMR0,1,S2352825,S2352825,7,2023-12-12,1R,pAMR0,28,0,future_no_significant_rejection,2,0.3125183079684591
image_only,pair_000747,patient_a533d77edf530d7d,S2348398,S2348398,6,2023-11-14,0R,pAMR0,1,S2402484,S2402484,8,2024-01-16,0R,pAMR0,63,0,future_no_significant_rejection,2,0.3125183079684591
image_only,pair_000748,patient_a533d77edf530d7d,S2348398,S2348398,6,2023-11-14,0R,pAMR0,1,S2420603,S2420603,9,2024-07-16,0R,pAMR0,245,0,future_no_significant_rejection,2,0.3125183079684591
image_only,pair_000749,patient_a533d77edf530d7d,S2352825,S2352825,7,2023-12-12,1R,pAMR0,1,S2402484,S2402484,8,2024-01-16,0R,pAMR0,35,0,future_no_significant_rejection,2,0.2269202807901477
image_only,pair_000750,patient_a533d77edf530d7d,S2352825,S2352825,7,2023-12-12,1R,pAMR0,1,S2420603,S2420603,9,2024-07-16,0R,pAMR0,217,0,future_no_significant_rejection,2,0.2269202807901477
image_only,pair_000751,patient_a533d77edf530d7d,S2402484,S2402484,8,2024-01-16,0R,pAMR0,6,S2420603,S2420603,9,2024-07-16,0R,pAMR0,182,0,future_no_significant_rejection,2,0.42009112370054186
image_only,pair_000790,patient_b824bfb064fb2de4,S2149393,S2149393,1,2021-11-16,0R,pAMR0,3,S2200310,S2200310,2,2022-01-04,1R,pAMR0,49,0,future_no_significant_rejection,2,0.8458156866287573
image_only,pair_000791,patient_b824bfb064fb2de4,S2149393,S2149393,1,2021-11-16,0R,pAMR0,3,S2206287,S2206287,3,2022-02-15,1R,pAMR0,91,0,future_no_significant_rejection,2,0.8458156866287573
image_only,pair_000792,patient_b824bfb064fb2de4,S2149393,S2149393,1,2021-11-16,0R,pAMR0,3,S2210202,S2210202,4,2022-03-15,1R,pAMR0,119,0,future_no_significant_rejection,2,0.8458156866287573
image_only,pair_000793,patient_b824bfb064fb2de4,S2149393,S2149393,1,2021-11-16,0R,pAMR0,3,S2216631,S2216631,5,2022-04-26,0R,pAMR0,161,0,future_no_significant_rejection,2,0.8458156866287573
image_only,pair_000794,patient_b824bfb064fb2de4,S2200310,S2200310,2,2022-01-04,1R,pAMR0,2,S2206287,S2206287,3,2022-02-15,1R,pAMR0,42,0,future_no_significant_rejection,2,0.10738470023488603
image_only,pair_000795,patient_b824bfb064fb2de4,S2200310,S2200310,2,2022-01-04,1R,pAMR0,2,S2210202,S2210202,4,2022-03-15,1R,pAMR0,70,0,future_no_significant_rejection,2,0.10738470023488603
image_only,pair_000796,patient_b824bfb064fb2de4,S2200310,S2200310,2,2022-01-04,1R,pAMR0,2,S2216631,S2216631,5,2022-04-26,0R,pAMR0,112,0,future_no_significant_rejection,2,0.10738470023488603
image_only,pair_000797,patient_b824bfb064fb2de4,S2206287,S2206287,3,2022-02-15,1R,pAMR0,1,S2210202,S2210202,4,2022-03-15,1R,pAMR0,28,0,future_no_significant_rejection,2,0.5312979965170357
image_only,pair_000798,patient_b824bfb064fb2de4,S2206287,S2206287,3,2022-02-15,1R,pAMR0,1,S2216631,S2216631,5,2022-04-26,0R,pAMR0,70,0,future_no_significant_rejection,2,0.5312979965170357
image_only,pair_000799,patient_b824bfb064fb2de4,S2210202,S2210202,4,2022-03-15,1R,pAMR0,4,S2216631,S2216631,5,2022-04-26,0R,pAMR0,42,0,future_no_significant_rejection,2,0.22102357519528215
image_only,pair_000829,patient_c37c171d859fe24a,S2228787,S2228787,1,2022-07-12,0R,pAMR0,1,S2236494,S2236494,2,2022-08-30,0R,pAMR0,49,0,future_no_significant_rejection,2,0.40545132854992993
image_only,pair_000830,patient_c37c171d859fe24a,S2228787,S2228787,1,2022-07-12,0R,pAMR0,1,S2244729,S2244729,3,2022-10-25,0R,pAMR0,105,0,future_no_significant_rejection,2,0.40545132854992993
image_only,pair_000831,patient_c37c171d859fe24a,S2228787,S2228787,1,2022-07-12,0R,pAMR0,1,S2251247,S2251247,4,2022-12-06,1R,pAMR0,147,0,future_no_significant_rejection,2,0.40545132854992993
image_only,pair_000832,patient_c37c171d859fe24a,S2228787,S2228787,1,2022-07-12,0R,pAMR0,1,S2302644,S2302644,5,2023-01-17,0R,pAMR0,189,0,future_no_significant_rejection,2,0.40545132854992993
image_only,pair_000833,patient_c37c171d859fe24a,S2228787,S2228787,1,2022-07-12,0R,pAMR0,1,S2313436,S2313436,6,2023-03-28,1R,pAMR0,259,0,future_no_significant_rejection,2,0.40545132854992993
image_only,pair_000834,patient_c37c171d859fe24a,S2228787,S2228787,1,2022-07-12,0R,pAMR0,1,S2326329,S2326329,7,2023-06-20,0R,pAMR0,343,0,future_no_significant_rejection,2,0.40545132854992993
image_only,pair_000835,patient_c37c171d859fe24a,S2236494,S2236494,2,2022-08-30,0R,pAMR0,3,S2244729,S2244729,3,2022-10-25,0R,pAMR0,56,0,future_no_significant_rejection,2,0.7309597792285762
image_only,pair_000836,patient_c37c171d859fe24a,S2236494,S2236494,2,2022-08-30,0R,pAMR0,3,S2251247,S2251247,4,2022-12-06,1R,pAMR0,98,0,future_no_significant_rejection,2,0.7309597792285762
image_only,pair_000837,patient_c37c171d859fe24a,S2236494,S2236494,2,2022-08-30,0R,pAMR0,3,S2302644,S2302644,5,2023-01-17,0R,pAMR0,140,0,future_no_significant_rejection,2,0.7309597792285762
image_only,pair_000838,patient_c37c171d859fe24a,S2236494,S2236494,2,2022-08-30,0R,pAMR0,3,S2313436,S2313436,6,2023-03-28,1R,pAMR0,210,0,future_no_significant_rejection,2,0.7309597792285762
image_only,pair_000839,patient_c37c171d859fe24a,S2236494,S2236494,2,2022-08-30,0R,pAMR0,3,S2326329,S2326329,7,2023-06-20,0R,pAMR0,294,0,future_no_significant_rejection,2,0.7309597792285762
image_only,pair_000840,patient_c37c171d859fe24a,S2244729,S2244729,3,2022-10-25,0R,pAMR0,1,S2251247,S2251247,4,2022-12-06,1R,pAMR0,42,0,future_no_significant_rejection,2,0.37296759006397817
image_only,pair_000841,patient_c37c171d859fe24a,S2244729,S2244729,3,2022-10-25,0R,pAMR0,1,S2302644,S2302644,5,2023-01-17,0R,pAMR0,84,0,future_no_significant_rejection,2,0.37296759006397817
image_only,pair_000842,patient_c37c171d859fe24a,S2244729,S2244729,3,2022-10-25,0R,pAMR0,1,S2313436,S2313436,6,2023-03-28,1R,pAMR0,154,0,future_no_significant_rejection,2,0.37296759006397817
image_only,pair_000843,patient_c37c171d859fe24a,S2244729,S2244729,3,2022-10-25,0R,pAMR0,1,S2326329,S2326329,7,2023-06-20,0R,pAMR0,238,0,future_no_significant_rejection,2,0.37296759006397817
image_only,pair_000844,patient_c37c171d859fe24a,S2251247,S2251247,4,2022-12-06,1R,pAMR0,1,S2302644,S2302644,5,2023-01-17,0R,pAMR0,42,0,future_no_significant_rejection,2,0.566274084975523
image_only,pair_000845,patient_c37c171d859fe24a,S2251247,S2251247,4,2022-12-06,1R,pAMR0,1,S2313436,S2313436,6,2023-03-28,1R,pAMR0,112,0,future_no_significant_rejection,2,0.566274084975523
image_only,pair_000846,patient_c37c171d859fe24a,S2251247,S2251247,4,2022-12-06,1R,pAMR0,1,S2326329,S2326329,7,2023-06-20,0R,pAMR0,196,0,future_no_significant_rejection,2,0.566274084975523
image_only,pair_000847,patient_c37c171d859fe24a,S2302644,S2302644,5,2023-01-17,0R,pAMR0,1,S2313436,S2313436,6,2023-03-28,1R,pAMR0,70,0,future_no_significant_rejection,2,0.27445430908747087
image_only,pair_000848,patient_c37c171d859fe24a,S2302644,S2302644,5,2023-01-17,0R,pAMR0,1,S2326329,S2326329,7,2023-06-20,0R,pAMR0,154,0,future_no_significant_rejection,2,0.27445430908747087
image_only,pair_000849,patient_c37c171d859fe24a,S2313436,S2313436,6,2023-03-28,1R,pAMR0,1,S2326329,S2326329,7,2023-06-20,0R,pAMR0,84,0,future_no_significant_rejection,2,0.5589090047801718
image_only,pair_000850,patient_c78561b4938dbb4c,S2147204,S2147204,1,2021-11-02,0R,pAMR0,4,S2150493,S2150493,2,2021-11-23,1R,pAMR0,21,0,future_no_significant_rejection,2,0.5246909053942712
image_only,pair_000851,patient_c78561b4938dbb4c,S2147204,S2147204,1,2021-11-02,0R,pAMR0,4,S2209236,S2209236,3,2022-03-08,0R,pAMR0,126,0,future_no_significant_rejection,2,0.5246909053942712
image_only,pair_000852,patient_c78561b4938dbb4c,S2147204,S2147204,1,2021-11-02,0R,pAMR0,4,S2215450,S2215450,4,2022-04-19,0R,pAMR0,168,0,future_no_significant_rejection,2,0.5246909053942712
image_only,pair_000853,patient_c78561b4938dbb4c,S2147204,S2147204,1,2021-11-02,0R,pAMR0,4,S2244730,S2244730,5,2022-10-25,0R,pAMR0,357,0,future_no_significant_rejection,2,0.5246909053942712
image_only,pair_000854,patient_c78561b4938dbb4c,S2150493,S2150493,2,2021-11-23,1R,pAMR0,1,S2209236,S2209236,3,2022-03-08,0R,pAMR0,105,0,future_no_significant_rejection,2,0.11459282432283709
image_only,pair_000855,patient_c78561b4938dbb4c,S2150493,S2150493,2,2021-11-23,1R,pAMR0,1,S2215450,S2215450,4,2022-04-19,0R,pAMR0,147,0,future_no_significant_rejection,2,0.11459282432283709
image_only,pair_000856,patient_c78561b4938dbb4c,S2150493,S2150493,2,2021-11-23,1R,pAMR0,1,S2244730,S2244730,5,2022-10-25,0R,pAMR0,336,0,future_no_significant_rejection,2,0.11459282432283709
image_only,pair_000857,patient_c78561b4938dbb4c,S2209236,S2209236,3,2022-03-08,0R,pAMR0,1,S2215450,S2215450,4,2022-04-19,0R,pAMR0,42,0,future_no_significant_rejection,2,0.2685596128104235
image_only,pair_000858,patient_c78561b4938dbb4c,S2209236,S2209236,3,2022-03-08,0R,pAMR0,1,S2244730,S2244730,5,2022-10-25,0R,pAMR0,231,0,future_no_significant_rejection,2,0.2685596128104235
image_only,pair_000859,patient_c78561b4938dbb4c,S2215450,S2215450,4,2022-04-19,0R,pAMR0,1,S2244730,S2244730,5,2022-10-25,0R,pAMR0,189,0,future_no_significant_rejection,2,0.1061010462531301
image_only,pair_000881,patient_cafa503bd84738e6,S2212213,S2212213,1,2022-03-29,1R,pAMR0,1,S2215449,S2215449,2,2022-04-19,1R,pAMR0,21,0,future_no_significant_rejection,2,0.8236391121095088
image_only,pair_000882,patient_cafa503bd84738e6,S2212213,S2212213,1,2022-03-29,1R,pAMR0,1,S2219754,S2219754,3,2022-05-17,0R,pAMR0,49,0,future_no_significant_rejection,2,0.8236391121095088
image_only,pair_000883,patient_cafa503bd84738e6,S2212213,S2212213,1,2022-03-29,1R,pAMR0,1,S2224008,S2224008,4,2022-06-14,0R,pAMR0,77,0,future_no_significant_rejection,2,0.8236391121095088
image_only,pair_000884,patient_cafa503bd84738e6,S2212213,S2212213,1,2022-03-29,1R,pAMR0,1,S2232193,S2232193,5,2022-08-02,1R,pAMR0,126,0,future_no_significant_rejection,2,0.8236391121095088
image_only,pair_000885,patient_cafa503bd84738e6,S2212213,S2212213,1,2022-03-29,1R,pAMR0,1,S2239525,S2239525,6,2022-09-20,0R,pAMR0,175,0,future_no_significant_rejection,2,0.8236391121095088
image_only,pair_000886,patient_cafa503bd84738e6,S2212213,S2212213,1,2022-03-29,1R,pAMR0,1,S2253527,S2253527,7,2022-12-20,0R,pAMR0,266,0,future_no_significant_rejection,2,0.8236391121095088
image_only,pair_000887,patient_cafa503bd84738e6,S2212213,S2212213,1,2022-03-29,1R,pAMR0,1,S2312317,S2312317,8,2023-03-21,0R,pAMR0,357,0,future_no_significant_rejection,2,0.8236391121095088
image_only,pair_000888,patient_cafa503bd84738e6,S2215449,S2215449,2,2022-04-19,1R,pAMR0,1,S2219754,S2219754,3,2022-05-17,0R,pAMR0,28,0,future_no_significant_rejection,2,0.8044652713519788
image_only,pair_000889,patient_cafa503bd84738e6,S2215449,S2215449,2,2022-04-19,1R,pAMR0,1,S2224008,S2224008,4,2022-06-14,0R,pAMR0,56,0,future_no_significant_rejection,2,0.8044652713519788
image_only,pair_000890,patient_cafa503bd84738e6,S2215449,S2215449,2,2022-04-19,1R,pAMR0,1,S2232193,S2232193,5,2022-08-02,1R,pAMR0,105,0,future_no_significant_rejection,2,0.8044652713519788
image_only,pair_000891,patient_cafa503bd84738e6,S2215449,S2215449,2,2022-04-19,1R,pAMR0,1,S2239525,S2239525,6,2022-09-20,0R,pAMR0,154,0,future_no_significant_rejection,2,0.8044652713519788
image_only,pair_000892,patient_cafa503bd84738e6,S2215449,S2215449,2,2022-04-19,1R,pAMR0,1,S2253527,S2253527,7,2022-12-20,0R,pAMR0,245,0,future_no_significant_rejection,2,0.8044652713519788
image_only,pair_000893,patient_cafa503bd84738e6,S2215449,S2215449,2,2022-04-19,1R,pAMR0,1,S2312317,S2312317,8,2023-03-21,0R,pAMR0,336,0,future_no_significant_rejection,2,0.8044652713519788
image_only,pair_000894,patient_cafa503bd84738e6,S2219754,S2219754,3,2022-05-17,0R,pAMR0,1,S2224008,S2224008,4,2022-06-14,0R,pAMR0,28,0,future_no_significant_rejection,2,0.43733051520769706
image_only,pair_000895,patient_cafa503bd84738e6,S2219754,S2219754,3,2022-05-17,0R,pAMR0,1,S2232193,S2232193,5,2022-08-02,1R,pAMR0,77,0,future_no_significant_rejection,2,0.43733051520769706
image_only,pair_000896,patient_cafa503bd84738e6,S2219754,S2219754,3,2022-05-17,0R,pAMR0,1,S2239525,S2239525,6,2022-09-20,0R,pAMR0,126,0,future_no_significant_rejection,2,0.43733051520769706
image_only,pair_000897,patient_cafa503bd84738e6,S2219754,S2219754,3,2022-05-17,0R,pAMR0,1,S2253527,S2253527,7,2022-12-20,0R,pAMR0,217,0,future_no_significant_rejection,2,0.43733051520769706
image_only,pair_000898,patient_cafa503bd84738e6,S2219754,S2219754,3,2022-05-17,0R,pAMR0,1,S2312317,S2312317,8,2023-03-21,0R,pAMR0,308,0,future_no_significant_rejection,2,0.43733051520769706
image_only,pair_000899,patient_cafa503bd84738e6,S2224008,S2224008,4,2022-06-14,0R,pAMR0,1,S2232193,S2232193,5,2022-08-02,1R,pAMR0,49,0,future_no_significant_rejection,2,0.7855924802787757
image_only,pair_000900,patient_cafa503bd84738e6,S2224008,S2224008,4,2022-06-14,0R,pAMR0,1,S2239525,S2239525,6,2022-09-20,0R,pAMR0,98,0,future_no_significant_rejection,2,0.7855924802787757
image_only,pair_000901,patient_cafa503bd84738e6,S2224008,S2224008,4,2022-06-14,0R,pAMR0,1,S2253527,S2253527,7,2022-12-20,0R,pAMR0,189,0,future_no_significant_rejection,2,0.7855924802787757
image_only,pair_000902,patient_cafa503bd84738e6,S2224008,S2224008,4,2022-06-14,0R,pAMR0,1,S2312317,S2312317,8,2023-03-21,0R,pAMR0,280,0,future_no_significant_rejection,2,0.7855924802787757
image_only,pair_000903,patient_cafa503bd84738e6,S2232193,S2232193,5,2022-08-02,1R,pAMR0,1,S2239525,S2239525,6,2022-09-20,0R,pAMR0,49,0,future_no_significant_rejection,2,0.7841018825414672
image_only,pair_000904,patient_cafa503bd84738e6,S2232193,S2232193,5,2022-08-02,1R,pAMR0,1,S2253527,S2253527,7,2022-12-20,0R,pAMR0,140,0,future_no_significant_rejection,2,0.7841018825414672
image_only,pair_000905,patient_cafa503bd84738e6,S2232193,S2232193,5,2022-08-02,1R,pAMR0,1,S2312317,S2312317,8,2023-03-21,0R,pAMR0,231,0,future_no_significant_rejection,2,0.7841018825414672
image_only,pair_000906,patient_cafa503bd84738e6,S2239525,S2239525,6,2022-09-20,0R,pAMR0,1,S2253527,S2253527,7,2022-12-20,0R,pAMR0,91,0,future_no_significant_rejection,2,0.6001110156421959
image_only,pair_000907,patient_cafa503bd84738e6,S2239525,S2239525,6,2022-09-20,0R,pAMR0,1,S2312317,S2312317,8,2023-03-21,0R,pAMR0,182,0,future_no_significant_rejection,2,0.6001110156421959
image_only,pair_000908,patient_cafa503bd84738e6,S2253527,S2253527,7,2022-12-20,0R,pAMR0,1,S2312317,S2312317,8,2023-03-21,0R,pAMR0,91,0,future_no_significant_rejection,2,0.5462888736913161
image_only,pair_000937,patient_d4019523cc8c8335,S2406754,S2406754,1,2024-02-13,0R,pAMR0,8,S2408480,S2408480,2,2024-02-27,0R,pAMR0,14,0,future_no_significant_rejection,2,0.5661941683235502
image_only,pair_000938,patient_d4019523cc8c8335,S2406754,S2406754,1,2024-02-13,0R,pAMR0,8,S2411030,S2411030,3,2024-04-02,0R,pAMR0,49,0,future_no_significant_rejection,2,0.5661941683235502
image_only,pair_000939,patient_d4019523cc8c8335,S2406754,S2406754,1,2024-02-13,0R,pAMR0,8,S2419119,S2419119,4,2024-07-02,0R,pAMR0,140,0,future_no_significant_rejection,2,0.5661941683235502
image_only,pair_000940,patient_d4019523cc8c8335,S2406754,S2406754,1,2024-02-13,0R,pAMR0,8,S2430053,S2430053,5,2024-10-17,0R,pAMR0,247,0,future_no_significant_rejection,2,0.5661941683235502
image_only,pair_000941,patient_d4019523cc8c8335,S2408480,S2408480,2,2024-02-27,0R,pAMR0,1,S2411030,S2411030,3,2024-04-02,0R,pAMR0,35,0,future_no_significant_rejection,2,0.616786408801751
image_only,pair_000942,patient_d4019523cc8c8335,S2408480,S2408480,2,2024-02-27,0R,pAMR0,1,S2419119,S2419119,4,2024-07-02,0R,pAMR0,126,0,future_no_significant_rejection,2,0.616786408801751
image_only,pair_000943,patient_d4019523cc8c8335,S2408480,S2408480,2,2024-02-27,0R,pAMR0,1,S2430053,S2430053,5,2024-10-17,0R,pAMR0,233,0,future_no_significant_rejection,2,0.616786408801751
image_only,pair_000944,patient_d4019523cc8c8335,S2411030,S2411030,3,2024-04-02,0R,pAMR0,5,S2419119,S2419119,4,2024-07-02,0R,pAMR0,91,0,future_no_significant_rejection,2,0.5330839494147436
image_only,pair_000945,patient_d4019523cc8c8335,S2411030,S2411030,3,2024-04-02,0R,pAMR0,5,S2430053,S2430053,5,2024-10-17,0R,pAMR0,198,0,future_no_significant_rejection,2,0.5330839494147436
image_only,pair_000946,patient_d4019523cc8c8335,S2419119,S2419119,4,2024-07-02,0R,pAMR0,2,S2430053,S2430053,5,2024-10-17,0R,pAMR0,107,0,future_no_significant_rejection,2,0.48561402983253005
image_only,pair_001049,patient_e21a88b284b1508e,S2435689,S2435689,1,2024-12-10,0R,pAMR0,2,S2437280,S2437280,2,2024-12-24,0R,pAMR0,14,0,future_no_significant_rejection,2,0.7266907865093211
image_only,pair_001050,patient_e21a88b284b1508e,S2435689,S2435689,1,2024-12-10,0R,pAMR0,2,S2501777,S2501777,3,2025-01-17,0R,pAMR0,38,0,future_no_significant_rejection,2,0.7266907865093211
image_only,pair_001051,patient_e21a88b284b1508e,S2437280,S2437280,2,2024-12-24,0R,pAMR0,1,S2501777,S2501777,3,2025-01-17,0R,pAMR0,24,0,future_no_significant_rejection,2,0.1509399045467035
image_only,pair_001066,patient_e6981a9104ac664d,S2304561,S2304561,1,2023-01-31,1R,pAMR0,3,S2307080,S2307080,2,2023-02-15,0R,pAMR0,15,0,future_no_significant_rejection,2,0.6667298989660002
image_only,pair_001067,patient_e6981a9104ac664d,S2304561,S2304561,1,2023-01-31,1R,pAMR0,3,S2311238,S2311238,3,2023-03-14,1R,pAMR0,42,0,future_no_significant_rejection,2,0.6667298989660002
image_only,pair_001068,patient_e6981a9104ac664d,S2304561,S2304561,1,2023-01-31,1R,pAMR0,3,S2323112,S2323112,4,2023-05-30,1R,pAMR0,119,0,future_no_significant_rejection,2,0.6667298989660002
image_only,pair_001069,patient_e6981a9104ac664d,S2304561,S2304561,1,2023-01-31,1R,pAMR0,3,S2330986,S2330986,5,2023-07-18,0R,pAMR0,168,0,future_no_significant_rejection,2,0.6667298989660002
image_only,pair_001070,patient_e6981a9104ac664d,S2304561,S2304561,1,2023-01-31,1R,pAMR0,3,S2344461,S2344461,6,2023-10-17,0R,pAMR0,259,0,future_no_significant_rejection,2,0.6667298989660002
image_only,pair_001071,patient_e6981a9104ac664d,S2304561,S2304561,1,2023-01-31,1R,pAMR0,3,S2402482,S2402482,7,2024-01-16,0R,pAMR0,350,0,future_no_significant_rejection,2,0.6667298989660002
image_only,pair_001072,patient_e6981a9104ac664d,S2307080,S2307080,2,2023-02-15,0R,pAMR0,1,S2311238,S2311238,3,2023-03-14,1R,pAMR0,27,0,future_no_significant_rejection,2,0.28571386447804925
image_only,pair_001073,patient_e6981a9104ac664d,S2307080,S2307080,2,2023-02-15,0R,pAMR0,1,S2323112,S2323112,4,2023-05-30,1R,pAMR0,104,0,future_no_significant_rejection,2,0.28571386447804925
image_only,pair_001074,patient_e6981a9104ac664d,S2307080,S2307080,2,2023-02-15,0R,pAMR0,1,S2330986,S2330986,5,2023-07-18,0R,pAMR0,153,0,future_no_significant_rejection,2,0.28571386447804925
image_only,pair_001075,patient_e6981a9104ac664d,S2307080,S2307080,2,2023-02-15,0R,pAMR0,1,S2344461,S2344461,6,2023-10-17,0R,pAMR0,244,0,future_no_significant_rejection,2,0.28571386447804925
image_only,pair_001076,patient_e6981a9104ac664d,S2307080,S2307080,2,2023-02-15,0R,pAMR0,1,S2402482,S2402482,7,2024-01-16,0R,pAMR0,335,0,future_no_significant_rejection,2,0.28571386447804925
image_only,pair_001077,patient_e6981a9104ac664d,S2311238,S2311238,3,2023-03-14,1R,pAMR0,3,S2323112,S2323112,4,2023-05-30,1R,pAMR0,77,0,future_no_significant_rejection,2,0.7558135467068641
image_only,pair_001078,patient_e6981a9104ac664d,S2311238,S2311238,3,2023-03-14,1R,pAMR0,3,S2330986,S2330986,5,2023-07-18,0R,pAMR0,126,0,future_no_significant_rejection,2,0.7558135467068641
image_only,pair_001079,patient_e6981a9104ac664d,S2311238,S2311238,3,2023-03-14,1R,pAMR0,3,S2344461,S2344461,6,2023-10-17,0R,pAMR0,217,0,future_no_significant_rejection,2,0.7558135467068641
image_only,pair_001080,patient_e6981a9104ac664d,S2311238,S2311238,3,2023-03-14,1R,pAMR0,3,S2402482,S2402482,7,2024-01-16,0R,pAMR0,308,0,future_no_significant_rejection,2,0.7558135467068641
image_only,pair_001081,patient_e6981a9104ac664d,S2323112,S2323112,4,2023-05-30,1R,pAMR0,2,S2330986,S2330986,5,2023-07-18,0R,pAMR0,49,0,future_no_significant_rejection,2,0.8275673314029187
image_only,pair_001082,patient_e6981a9104ac664d,S2323112,S2323112,4,2023-05-30,1R,pAMR0,2,S2344461,S2344461,6,2023-10-17,0R,pAMR0,140,0,future_no_significant_rejection,2,0.8275673314029187
image_only,pair_001083,patient_e6981a9104ac664d,S2323112,S2323112,4,2023-05-30,1R,pAMR0,2,S2402482,S2402482,7,2024-01-16,0R,pAMR0,231,0,future_no_significant_rejection,2,0.8275673314029187
image_only,pair_001084,patient_e6981a9104ac664d,S2330986,S2330986,5,2023-07-18,0R,pAMR0,1,S2344461,S2344461,6,2023-10-17,0R,pAMR0,91,0,future_no_significant_rejection,2,0.1168945954752946
image_only,pair_001085,patient_e6981a9104ac664d,S2330986,S2330986,5,2023-07-18,0R,pAMR0,1,S2402482,S2402482,7,2024-01-16,0R,pAMR0,182,0,future_no_significant_rejection,2,0.1168945954752946
image_only,pair_001086,patient_e6981a9104ac664d,S2344461,S2344461,6,2023-10-17,0R,pAMR0,1,S2402482,S2402482,7,2024-01-16,0R,pAMR0,91,0,future_no_significant_rejection,2,0.06290784454985653
image_only,pair_001103,patient_ead6420f83248981,S2406264,S2406264,1,2024-02-07,0R,pAMR0,7,S2407939,S2407939,2,2024-02-20,0R,pAMR0,13,0,future_no_significant_rejection,2,0.29758631520736567
image_only,pair_001104,patient_ead6420f83248981,S2406264,S2406264,1,2024-02-07,0R,pAMR0,7,S2409392,S2409392,3,2024-03-12,0R,pAMR0,34,0,future_no_significant_rejection,2,0.29758631520736567
image_only,pair_001105,patient_ead6420f83248981,S2406264,S2406264,1,2024-02-07,0R,pAMR0,7,S2412713,S2412713,4,2024-04-23,0R,pAMR0,76,0,future_no_significant_rejection,2,0.29758631520736567
image_only,pair_001106,patient_ead6420f83248981,S2407939,S2407939,2,2024-02-20,0R,pAMR0,1,S2409392,S2409392,3,2024-03-12,0R,pAMR0,21,0,future_no_significant_rejection,2,0.15029527569056078
image_only,pair_001107,patient_ead6420f83248981,S2407939,S2407939,2,2024-02-20,0R,pAMR0,1,S2412713,S2412713,4,2024-04-23,0R,pAMR0,63,0,future_no_significant_rejection,2,0.15029527569056078
image_only,pair_001108,patient_ead6420f83248981,S2409392,S2409392,3,2024-03-12,0R,pAMR0,1,S2412713,S2412713,4,2024-04-23,0R,pAMR0,42,0,future_no_significant_rejection,2,0.1246107282411308
image_only,pair_001109,patient_f02086679c6d7438,S2506967,S2506967,1,2025-03-11,0R,pAMR0,1,S2508631,S2508631,2,2025-03-25,0R,pAMR0,14,0,future_no_significant_rejection,2,0.5910070263999487
image_only,pair_001110,patient_f02086679c6d7438,S2506967,S2506967,1,2025-03-11,0R,pAMR0,1,S2511007,S2511007,3,2025-04-15,0R,pAMR0,35,0,future_no_significant_rejection,2,0.5910070263999487
image_only,pair_001111,patient_f02086679c6d7438,S2508631,S2508631,2,2025-03-25,0R,pAMR0,2,S2511007,S2511007,3,2025-04-15,0R,pAMR0,21,0,future_no_significant_rejection,2,0.2453105509924387
image_only,pair_001127,patient_f4a709d12cad57f1,S2251251,S2251251,1,2022-12-06,1R,pAMR0,5,S2253525,S2253525,2,2022-12-20,1R,pAMR0,14,0,future_no_significant_rejection,2,0.8682886256965721
image_only,pair_001128,patient_f4a709d12cad57f1,S2251251,S2251251,1,2022-12-06,1R,pAMR0,5,S2308044,S2308044,3,2023-02-21,1R,pAMR0,77,0,future_no_significant_rejection,2,0.8682886256965721
image_only,pair_001129,patient_f4a709d12cad57f1,S2251251,S2251251,1,2022-12-06,1R,pAMR0,5,S2318025,S2318025,4,2023-04-25,0R,pAMR0,140,0,future_no_significant_rejection,2,0.8682886256965721
image_only,pair_001130,patient_f4a709d12cad57f1,S2251251,S2251251,1,2022-12-06,1R,pAMR0,5,S2333274,S2333274,5,2023-08-01,0R,pAMR0,238,0,future_no_significant_rejection,2,0.8682886256965721
image_only,pair_001131,patient_f4a709d12cad57f1,S2251251,S2251251,1,2022-12-06,1R,pAMR0,5,S2349547,S2349547,6,2023-11-21,0R,pAMR0,350,0,future_no_significant_rejection,2,0.8682886256965721
image_only,pair_001132,patient_f4a709d12cad57f1,S2253525,S2253525,2,2022-12-20,1R,pAMR0,5,S2308044,S2308044,3,2023-02-21,1R,pAMR0,63,0,future_no_significant_rejection,2,0.5706591352993265
image_only,pair_001133,patient_f4a709d12cad57f1,S2253525,S2253525,2,2022-12-20,1R,pAMR0,5,S2318025,S2318025,4,2023-04-25,0R,pAMR0,126,0,future_no_significant_rejection,2,0.5706591352993265
image_only,pair_001134,patient_f4a709d12cad57f1,S2253525,S2253525,2,2022-12-20,1R,pAMR0,5,S2333274,S2333274,5,2023-08-01,0R,pAMR0,224,0,future_no_significant_rejection,2,0.5706591352993265
image_only,pair_001135,patient_f4a709d12cad57f1,S2253525,S2253525,2,2022-12-20,1R,pAMR0,5,S2349547,S2349547,6,2023-11-21,0R,pAMR0,336,0,future_no_significant_rejection,2,0.5706591352993265
image_only,pair_001136,patient_f4a709d12cad57f1,S2308044,S2308044,3,2023-02-21,1R,pAMR0,4,S2318025,S2318025,4,2023-04-25,0R,pAMR0,63,0,future_no_significant_rejection,2,0.6144602233129141
image_only,pair_001137,patient_f4a709d12cad57f1,S2308044,S2308044,3,2023-02-21,1R,pAMR0,4,S2333274,S2333274,5,2023-08-01,0R,pAMR0,161,0,future_no_significant_rejection,2,0.6144602233129141
image_only,pair_001138,patient_f4a709d12cad57f1,S2308044,S2308044,3,2023-02-21,1R,pAMR0,4,S2349547,S2349547,6,2023-11-21,0R,pAMR0,273,0,future_no_significant_rejection,2,0.6144602233129141
image_only,pair_001139,patient_f4a709d12cad57f1,S2318025,S2318025,4,2023-04-25,0R,pAMR0,1,S2333274,S2333274,5,2023-08-01,0R,pAMR0,98,0,future_no_significant_rejection,2,0.3030537294696539
image_only,pair_001140,patient_f4a709d12cad57f1,S2318025,S2318025,4,2023-04-25,0R,pAMR0,1,S2349547,S2349547,6,2023-11-21,0R,pAMR0,210,0,future_no_significant_rejection,2,0.3030537294696539
image_only,pair_001141,patient_f4a709d12cad57f1,S2333274,S2333274,5,2023-08-01,0R,pAMR0,1,S2349547,S2349547,6,2023-11-21,0R,pAMR0,112,0,future_no_significant_rejection,2,0.31829461031415
image_only,pair_001148,patient_f78d4288245eabd8,S2425843,S2425843,1,2024-09-03,0R,pAMR0,1,S2427695,S2427695,2,2024-09-24,0R,pAMR0,21,0,future_no_significant_rejection,2,0.3928446900755362
image_only,pair_001149,patient_f78d4288245eabd8,S2425843,S2425843,1,2024-09-03,0R,pAMR0,1,S2436453,S2436453,3,2024-12-17,0R,pAMR0,105,0,future_no_significant_rejection,2,0.3928446900755362
image_only,pair_001150,patient_f78d4288245eabd8,S2425843,S2425843,1,2024-09-03,0R,pAMR0,1,S2504720,S2504720,4,2025-02-18,0R,pAMR0,168,0,future_no_significant_rejection,2,0.3928446900755362
image_only,pair_001151,patient_f78d4288245eabd8,S2425843,S2425843,1,2024-09-03,0R,pAMR0,1,S2529112,S2529112,5,2025-09-16,0R,pAMR0,378,0,future_no_significant_rejection,2,0.3928446900755362
image_only,pair_001152,patient_f78d4288245eabd8,S2427695,S2427695,2,2024-09-24,0R,pAMR0,6,S2436453,S2436453,3,2024-12-17,0R,pAMR0,84,0,future_no_significant_rejection,2,0.5301482889052656
image_only,pair_001153,patient_f78d4288245eabd8,S2427695,S2427695,2,2024-09-24,0R,pAMR0,6,S2504720,S2504720,4,2025-02-18,0R,pAMR0,147,0,future_no_significant_rejection,2,0.5301482889052656
image_only,pair_001154,patient_f78d4288245eabd8,S2427695,S2427695,2,2024-09-24,0R,pAMR0,6,S2529112,S2529112,5,2025-09-16,0R,pAMR0,357,0,future_no_significant_rejection,2,0.5301482889052656
image_only,pair_001155,patient_f78d4288245eabd8,S2436453,S2436453,3,2024-12-17,0R,pAMR0,2,S2504720,S2504720,4,2025-02-18,0R,pAMR0,63,0,future_no_significant_rejection,2,0.4973714521719596
image_only,pair_001156,patient_f78d4288245eabd8,S2436453,S2436453,3,2024-12-17,0R,pAMR0,2,S2529112,S2529112,5,2025-09-16,0R,pAMR0,273,0,future_no_significant_rejection,2,0.4973714521719596
image_only,pair_001157,patient_f78d4288245eabd8,S2504720,S2504720,4,2025-02-18,0R,pAMR0,1,S2529112,S2529112,5,2025-09-16,0R,pAMR0,210,0,future_no_significant_rejection,2,0.29468483108643395
image_plus_time,pair_000130,patient_228507d0242d624c,S2222061,S2222061,1,2022-05-31,1R,pAMR0,3,S2225225,S2225225,2,2022-06-21,1R,pAMR0,21,0,future_no_significant_rejection,0,0.7266439287172857
image_plus_time,pair_000131,patient_228507d0242d624c,S2222061,S2222061,1,2022-05-31,1R,pAMR0,3,S2232192,S2232192,3,2022-08-02,0R,pAMR0,63,0,future_no_significant_rejection,0,0.7236641593715912
image_plus_time,pair_000132,patient_228507d0242d624c,S2222061,S2222061,1,2022-05-31,1R,pAMR0,3,S2241562,S2241562,4,2022-10-04,1R,pAMR0,126,0,future_no_significant_rejection,0,0.7217413020350583
image_plus_time,pair_000133,patient_228507d0242d624c,S2222061,S2222061,1,2022-05-31,1R,pAMR0,3,S2247860,S2247860,5,2022-11-15,2R,pAMR0,168,1,future_significant_rejection,0,0.7209372153344724
image_plus_time,pair_000134,patient_228507d0242d624c,S2222061,S2222061,1,2022-05-31,1R,pAMR0,3,S2252333,S2252333,6,2022-12-13,0R,pAMR0,196,0,future_no_significant_rejection,0,0.7205051778809329
image_plus_time,pair_000135,patient_228507d0242d624c,S2222061,S2222061,1,2022-05-31,1R,pAMR0,3,S2306847,S2306847,7,2023-02-14,0R,pAMR0,259,0,future_no_significant_rejection,0,0.7197221616496483
image_plus_time,pair_000136,patient_228507d0242d624c,S2222061,S2222061,1,2022-05-31,1R,pAMR0,3,S2320993,S2320993,8,2023-05-16,2R,pAMR0,350,1,future_significant_rejection,0,0.7188737891005141
image_plus_time,pair_000137,patient_228507d0242d624c,S2225225,S2225225,2,2022-06-21,1R,pAMR0,1,S2232192,S2232192,3,2022-08-02,0R,pAMR0,42,0,future_no_significant_rejection,0,0.39191937397838517
image_plus_time,pair_000138,patient_228507d0242d624c,S2225225,S2225225,2,2022-06-21,1R,pAMR0,1,S2241562,S2241562,4,2022-10-04,1R,pAMR0,105,0,future_no_significant_rejection,0,0.38891301377895793
image_plus_time,pair_000139,patient_228507d0242d624c,S2225225,S2225225,2,2022-06-21,1R,pAMR0,1,S2247860,S2247860,5,2022-11-15,2R,pAMR0,147,1,future_significant_rejection,0,0.3878029687507784
image_plus_time,pair_000140,patient_228507d0242d624c,S2225225,S2225225,2,2022-06-21,1R,pAMR0,1,S2252333,S2252333,6,2022-12-13,0R,pAMR0,175,0,future_no_significant_rejection,0,0.3872271690075906
image_plus_time,pair_000141,patient_228507d0242d624c,S2225225,S2225225,2,2022-06-21,1R,pAMR0,1,S2306847,S2306847,7,2023-02-14,0R,pAMR0,238,0,future_no_significant_rejection,0,0.3862111375872025
image_plus_time,pair_000142,patient_228507d0242d624c,S2225225,S2225225,2,2022-06-21,1R,pAMR0,1,S2320993,S2320993,8,2023-05-16,2R,pAMR0,329,1,future_significant_rejection,0,0.3851408924468727
image_plus_time,pair_000143,patient_228507d0242d624c,S2232192,S2232192,3,2022-08-02,0R,pAMR0,1,S2241562,S2241562,4,2022-10-04,1R,pAMR0,63,0,future_no_significant_rejection,0,0.41629538752416534
image_plus_time,pair_000144,patient_228507d0242d624c,S2232192,S2232192,3,2022-08-02,0R,pAMR0,1,S2247860,S2247860,5,2022-11-15,2R,pAMR0,105,1,future_significant_rejection,0,0.4145798295069407
image_plus_time,pair_000145,patient_228507d0242d624c,S2232192,S2232192,3,2022-08-02,0R,pAMR0,1,S2252333,S2252333,6,2022-12-13,0R,pAMR0,133,0,future_no_significant_rejection,0,0.41378353727406947
image_plus_time,pair_000146,patient_228507d0242d624c,S2232192,S2232192,3,2022-08-02,0R,pAMR0,1,S2306847,S2306847,7,2023-02-14,0R,pAMR0,196,0,future_no_significant_rejection,0,0.4124753826421549
image_plus_time,pair_000147,patient_228507d0242d624c,S2232192,S2232192,3,2022-08-02,0R,pAMR0,1,S2320993,S2320993,8,2023-05-16,2R,pAMR0,287,1,future_significant_rejection,0,0.41118747013970197
image_plus_time,pair_000148,patient_228507d0242d624c,S2241562,S2241562,4,2022-10-04,1R,pAMR0,1,S2247860,S2247860,5,2022-11-15,2R,pAMR0,42,1,future_significant_rejection,0,0.2772478267613822
image_plus_time,pair_000149,patient_228507d0242d624c,S2241562,S2241562,4,2022-10-04,1R,pAMR0,1,S2252333,S2252333,6,2022-12-13,0R,pAMR0,70,0,future_no_significant_rejection,0,0.27584310497693165
image_plus_time,pair_000150,patient_228507d0242d624c,S2241562,S2241562,4,2022-10-04,1R,pAMR0,1,S2306847,S2306847,7,2023-02-14,0R,pAMR0,133,0,future_no_significant_rejection,0,0.2740702630793488
image_plus_time,pair_000151,patient_228507d0242d624c,S2241562,S2241562,4,2022-10-04,1R,pAMR0,1,S2320993,S2320993,8,2023-05-16,2R,pAMR0,224,1,future_significant_rejection,0,0.27262897352791354
image_plus_time,pair_000192,patient_2b3a49d49419f139,S2133162,S2133162,1,2021-08-03,0R,pAMR0,1,S2142820,S2142820,2,2021-10-05,0R,pAMR0,63,0,future_no_significant_rejection,0,0.4149382435410436
image_plus_time,pair_000193,patient_2b3a49d49419f139,S2133162,S2133162,1,2021-08-03,0R,pAMR0,1,S2154959,S2154959,3,2021-12-21,0R,pAMR0,140,0,future_no_significant_rejection,0,0.4122560408201128
image_plus_time,pair_000194,patient_2b3a49d49419f139,S2133162,S2133162,1,2021-08-03,0R,pAMR0,1,S2209237,S2209237,4,2022-03-08,0R,pAMR0,217,0,future_no_significant_rejection,0,0.4107786210997336
image_plus_time,pair_000195,patient_2b3a49d49419f139,S2142820,S2142820,2,2021-10-05,0R,pAMR0,1,S2154959,S2154959,3,2021-12-21,0R,pAMR0,77,0,future_no_significant_rejection,0,0.49033800675544
image_plus_time,pair_000196,patient_2b3a49d49419f139,S2142820,S2142820,2,2021-10-05,0R,pAMR0,1,S2209237,S2209237,4,2022-03-08,0R,pAMR0,154,0,future_no_significant_rejection,0,0.48793546301949975
image_plus_time,pair_000197,patient_2b3a49d49419f139,S2154959,S2154959,3,2021-12-21,0R,pAMR0,1,S2209237,S2209237,4,2022-03-08,0R,pAMR0,77,0,future_no_significant_rejection,0,0.519820678616672
image_plus_time,pair_000198,patient_2c0945e38263a664,S2233279,S2233279,1,2022-08-09,1R,pAMR0,3,S2235318,S2235318,2,2022-08-23,0R,pAMR0,14,0,future_no_significant_rejection,0,0.5517118515088616
image_plus_time,pair_000199,patient_2c0945e38263a664,S2233279,S2233279,1,2022-08-09,1R,pAMR0,3,S2246785,S2246785,3,2022-11-08,0R,pAMR0,91,0,future_no_significant_rejection,0,0.5454232892965913
image_plus_time,pair_000200,patient_2c0945e38263a664,S2233279,S2233279,1,2022-08-09,1R,pAMR0,3,S2254659,S2254659,4,2022-12-27,0R,pAMR0,140,0,future_no_significant_rejection,0,0.5439407164426621
image_plus_time,pair_000201,patient_2c0945e38263a664,S2233279,S2233279,1,2022-08-09,1R,pAMR0,3,S2308045,S2308045,5,2023-02-21,0R,pAMR0,196,0,future_no_significant_rejection,0,0.5427788813832876
image_plus_time,pair_000202,patient_2c0945e38263a664,S2233279,S2233279,1,2022-08-09,1R,pAMR0,3,S2318956,S2318956,6,2023-05-02,2R,pAMR0,266,1,future_significant_rejection,0,0.5417222457234685
image_plus_time,pair_000203,patient_2c0945e38263a664,S2233279,S2233279,1,2022-08-09,1R,pAMR0,3,S2332142,S2332142,7,2023-07-25,0R,pAMR0,350,0,future_no_significant_rejection,0,0.5407713100761733
image_plus_time,pair_000204,patient_2c0945e38263a664,S2235318,S2235318,2,2022-08-23,0R,pAMR0,4,S2246785,S2246785,3,2022-11-08,0R,pAMR0,77,0,future_no_significant_rejection,0,0.41599546173804697
image_plus_time,pair_000205,patient_2c0945e38263a664,S2235318,S2235318,2,2022-08-23,0R,pAMR0,4,S2254659,S2254659,4,2022-12-27,0R,pAMR0,126,0,future_no_significant_rejection,0,0.41433828325109373
image_plus_time,pair_000206,patient_2c0945e38263a664,S2235318,S2235318,2,2022-08-23,0R,pAMR0,4,S2308045,S2308045,5,2023-02-21,0R,pAMR0,182,0,future_no_significant_rejection,0,0.41309771941389273
image_plus_time,pair_000207,patient_2c0945e38263a664,S2235318,S2235318,2,2022-08-23,0R,pAMR0,4,S2318956,S2318956,6,2023-05-02,2R,pAMR0,252,1,future_significant_rejection,0,0.4119986579396521
image_plus_time,pair_000208,patient_2c0945e38263a664,S2235318,S2235318,2,2022-08-23,0R,pAMR0,4,S2332142,S2332142,7,2023-07-25,0R,pAMR0,336,0,future_no_significant_rejection,0,0.41102658747668985
image_plus_time,pair_000209,patient_2c0945e38263a664,S2246785,S2246785,3,2022-11-08,0R,pAMR0,3,S2254659,S2254659,4,2022-12-27,0R,pAMR0,49,0,future_no_significant_rejection,0,0.4399689703608702
image_plus_time,pair_000210,patient_2c0945e38263a664,S2246785,S2246785,3,2022-11-08,0R,pAMR0,3,S2308045,S2308045,5,2023-02-21,0R,pAMR0,105,0,future_no_significant_rejection,0,0.4373783948076905
image_plus_time,pair_000211,patient_2c0945e38263a664,S2246785,S2246785,3,2022-11-08,0R,pAMR0,3,S2318956,S2318956,6,2023-05-02,2R,pAMR0,175,1,future_significant_rejection,0,0.4356322303813633
image_plus_time,pair_000212,patient_2c0945e38263a664,S2246785,S2246785,3,2022-11-08,0R,pAMR0,3,S2332142,S2332142,7,2023-07-25,0R,pAMR0,259,0,future_no_significant_rejection,0,0.4342895491969453
image_plus_time,pair_000213,patient_2c0945e38263a664,S2254659,S2254659,4,2022-12-27,0R,pAMR0,3,S2308045,S2308045,5,2023-02-21,0R,pAMR0,56,0,future_no_significant_rejection,0,0.3867475858724755
image_plus_time,pair_000214,patient_2c0945e38263a664,S2254659,S2254659,4,2022-12-27,0R,pAMR0,3,S2318956,S2318956,6,2023-05-02,2R,pAMR0,126,1,future_significant_rejection,0,0.3840906750878805
image_plus_time,pair_000215,patient_2c0945e38263a664,S2254659,S2254659,4,2022-12-27,0R,pAMR0,3,S2332142,S2332142,7,2023-07-25,0R,pAMR0,210,0,future_no_significant_rejection,0,0.3824105822112275
image_plus_time,pair_000216,patient_2c0945e38263a664,S2308045,S2308045,5,2023-02-21,0R,pAMR0,5,S2318956,S2318956,6,2023-05-02,2R,pAMR0,70,1,future_significant_rejection,0,0.41271337346983406
image_plus_time,pair_000217,patient_2c0945e38263a664,S2308045,S2308045,5,2023-02-21,0R,pAMR0,5,S2332142,S2332142,7,2023-07-25,0R,pAMR0,154,0,future_no_significant_rejection,0,0.4100664015858108
image_plus_time,pair_000281,patient_331a649dfec3ede4,S2129803,S2129803,1,2021-07-13,0R,pAMR0,1,S2140144,S2140144,2,2021-09-14,1R,pAMR0,63,0,future_no_significant_rejection,0,0.6771684000897547
image_plus_time,pair_000282,patient_331a649dfec3ede4,S2129803,S2129803,1,2021-07-13,0R,pAMR0,1,S2210207,S2210207,3,2022-03-15,0R,pAMR0,245,0,future_no_significant_rejection,0,0.6730335257111053
image_plus_time,pair_000283,patient_331a649dfec3ede4,S2140144,S2140144,2,2021-09-14,1R,pAMR0,1,S2210207,S2210207,3,2022-03-15,0R,pAMR0,182,0,future_no_significant_rejection,0,0.4661716888441067
image_plus_time,pair_000284,patient_37a67c1ae4e8ad43,S2245753,S2245753,1,2022-11-01,0R,pAMR0,1,S2251252,S2251252,2,2022-12-06,0R,pAMR0,35,0,future_no_significant_rejection,0,0.2965625155653963
image_plus_time,pair_000285,patient_37a67c1ae4e8ad43,S2245753,S2245753,1,2022-11-01,0R,pAMR0,1,S2300360,S2300360,3,2023-01-03,1R,pAMR0,63,0,future_no_significant_rejection,0,0.29488475146692755
image_plus_time,pair_000286,patient_37a67c1ae4e8ad43,S2245753,S2245753,1,2022-11-01,0R,pAMR0,1,S2304560,S2304560,4,2023-01-31,0R,pAMR0,91,0,future_no_significant_rejection,0,0.2938293626684071
image_plus_time,pair_000287,patient_37a67c1ae4e8ad43,S2245753,S2245753,1,2022-11-01,0R,pAMR0,1,S2314588,S2314588,5,2023-04-04,0R,pAMR0,154,0,future_no_significant_rejection,0,0.2923162289400413
image_plus_time,pair_000288,patient_37a67c1ae4e8ad43,S2245753,S2245753,1,2022-11-01,0R,pAMR0,1,S2328623,S2328623,6,2023-07-04,0R,pAMR0,245,0,future_no_significant_rejection,0,0.2909801824686645
image_plus_time,pair_000289,patient_37a67c1ae4e8ad43,S2245753,S2245753,1,2022-11-01,0R,pAMR0,1,S2346543,S2346543,7,2023-10-31,0R,pAMR0,364,0,future_no_significant_rejection,0,0.28984177224182467
image_plus_time,pair_000290,patient_37a67c1ae4e8ad43,S2245753,S2245753,1,2022-11-01,0R,pAMR0,1,S2408481,S2408481,8,2024-02-27,0R,pAMR0,483,0,future_no_significant_rejection,0,0.28902921723366864
image_plus_time,pair_000291,patient_37a67c1ae4e8ad43,S2251252,S2251252,2,2022-12-06,0R,pAMR0,1,S2300360,S2300360,3,2023-01-03,1R,pAMR0,28,0,future_no_significant_rejection,0,0.3624483302276382
image_plus_time,pair_000292,patient_37a67c1ae4e8ad43,S2251252,S2251252,2,2022-12-06,0R,pAMR0,1,S2304560,S2304560,4,2023-01-31,0R,pAMR0,56,0,future_no_significant_rejection,0,0.3602648824433607
image_plus_time,pair_000293,patient_37a67c1ae4e8ad43,S2251252,S2251252,2,2022-12-06,0R,pAMR0,1,S2314588,S2314588,5,2023-04-04,0R,pAMR0,119,0,future_no_significant_rejection,0,0.3578661824117309
image_plus_time,pair_000294,patient_37a67c1ae4e8ad43,S2251252,S2251252,2,2022-12-06,0R,pAMR0,1,S2328623,S2328623,6,2023-07-04,0R,pAMR0,210,0,future_no_significant_rejection,0,0.3560524323467667
image_plus_time,pair_000295,patient_37a67c1ae4e8ad43,S2251252,S2251252,2,2022-12-06,0R,pAMR0,1,S2346543,S2346543,7,2023-10-31,0R,pAMR0,329,0,future_no_significant_rejection,0,0.3546180434350822
image_plus_time,pair_000296,patient_37a67c1ae4e8ad43,S2251252,S2251252,2,2022-12-06,0R,pAMR0,1,S2408481,S2408481,8,2024-02-27,0R,pAMR0,448,0,future_no_significant_rejection,0,0.3536319523876851
image_plus_time,pair_000297,patient_37a67c1ae4e8ad43,S2300360,S2300360,3,2023-01-03,1R,pAMR0,2,S2304560,S2304560,4,2023-01-31,0R,pAMR0,28,0,future_no_significant_rejection,0,0.36158459994784126
image_plus_time,pair_000298,patient_37a67c1ae4e8ad43,S2300360,S2300360,3,2023-01-03,1R,pAMR0,2,S2314588,S2314588,5,2023-04-04,0R,pAMR0,91,0,future_no_significant_rejection,0,0.3578616748169275
image_plus_time,pair_000299,patient_37a67c1ae4e8ad43,S2300360,S2300360,3,2023-01-03,1R,pAMR0,2,S2328623,S2328623,6,2023-07-04,0R,pAMR0,182,0,future_no_significant_rejection,0,0.3556521249835746
image_plus_time,pair_000300,patient_37a67c1ae4e8ad43,S2300360,S2300360,3,2023-01-03,1R,pAMR0,2,S2346543,S2346543,7,2023-10-31,0R,pAMR0,301,0,future_no_significant_rejection,0,0.35404647505566533
image_plus_time,pair_000301,patient_37a67c1ae4e8ad43,S2300360,S2300360,3,2023-01-03,1R,pAMR0,2,S2408481,S2408481,8,2024-02-27,0R,pAMR0,420,0,future_no_significant_rejection,0,0.35298347544416886
image_plus_time,pair_000302,patient_37a67c1ae4e8ad43,S2304560,S2304560,4,2023-01-31,0R,pAMR0,1,S2314588,S2314588,5,2023-04-04,0R,pAMR0,63,0,future_no_significant_rejection,0,0.4401163540944973
image_plus_time,pair_000303,patient_37a67c1ae4e8ad43,S2304560,S2304560,4,2023-01-31,0R,pAMR0,1,S2328623,S2328623,6,2023-07-04,0R,pAMR0,154,0,future_no_significant_rejection,0,0.43706694222336234
image_plus_time,pair_000304,patient_37a67c1ae4e8ad43,S2304560,S2304560,4,2023-01-31,0R,pAMR0,1,S2346543,S2346543,7,2023-10-31,0R,pAMR0,273,0,future_no_significant_rejection,0,0.4351054219919374
image_plus_time,pair_000305,patient_37a67c1ae4e8ad43,S2304560,S2304560,4,2023-01-31,0R,pAMR0,1,S2408481,S2408481,8,2024-02-27,0R,pAMR0,392,0,future_no_significant_rejection,0,0.4338646202697081
image_plus_time,pair_000306,patient_37a67c1ae4e8ad43,S2314588,S2314588,5,2023-04-04,0R,pAMR0,1,S2328623,S2328623,6,2023-07-04,0R,pAMR0,91,0,future_no_significant_rejection,0,0.4431866264589734
image_plus_time,pair_000307,patient_37a67c1ae4e8ad43,S2314588,S2314588,5,2023-04-04,0R,pAMR0,1,S2346543,S2346543,7,2023-10-31,0R,pAMR0,210,0,future_no_significant_rejection,0,0.4403206073528923
image_plus_time,pair_000308,patient_37a67c1ae4e8ad43,S2314588,S2314588,5,2023-04-04,0R,pAMR0,1,S2408481,S2408481,8,2024-02-27,0R,pAMR0,329,0,future_no_significant_rejection,0,0.43877805540498255
image_plus_time,pair_000309,patient_37a67c1ae4e8ad43,S2328623,S2328623,6,2023-07-04,0R,pAMR0,1,S2346543,S2346543,7,2023-10-31,0R,pAMR0,119,0,future_no_significant_rejection,0,0.3447235515149326
image_plus_time,pair_000310,patient_37a67c1ae4e8ad43,S2328623,S2328623,6,2023-07-04,0R,pAMR0,1,S2408481,S2408481,8,2024-02-27,0R,pAMR0,238,0,future_no_significant_rejection,0,0.3425478294303756
image_plus_time,pair_000311,patient_37a67c1ae4e8ad43,S2346543,S2346543,7,2023-10-31,0R,pAMR0,1,S2408481,S2408481,8,2024-02-27,0R,pAMR0,119,0,future_no_significant_rejection,0,0.19345408614580495
image_plus_time,pair_000398,patient_4610d334819bbd61,S2506966,S2506966,1,2025-03-11,0R,pAMR0,1,S2509420,S2509420,2,2025-04-01,0R,pAMR0,21,0,future_no_significant_rejection,0,0.21642852009237779
image_plus_time,pair_000399,patient_4610d334819bbd61,S2506966,S2506966,1,2025-03-11,0R,pAMR0,1,S2513846,S2513846,3,2025-05-13,0R,pAMR0,63,0,future_no_significant_rejection,0,0.21390379572601048
image_plus_time,pair_000400,patient_4610d334819bbd61,S2509420,S2509420,2,2025-04-01,0R,pAMR0,5,S2513846,S2513846,3,2025-05-13,0R,pAMR0,42,0,future_no_significant_rejection,0,0.38383930380161346
image_plus_time,pair_000417,patient_4a9f4346155f3b62,S2214326,S2214326,1,2022-04-12,0R,pAMR0,3,S2216629,S2216629,2,2022-04-25,1R,pAMR0,13,0,future_no_significant_rejection,0,0.49536947375155893
image_plus_time,pair_000418,patient_4a9f4346155f3b62,S2214326,S2214326,1,2022-04-12,0R,pAMR0,3,S2222063,S2222063,3,2022-05-31,0R,pAMR0,49,0,future_no_significant_rejection,0,0.4909146353777835
image_plus_time,pair_000419,patient_4a9f4346155f3b62,S2214326,S2214326,1,2022-04-12,0R,pAMR0,3,S2235319,S2235319,4,2022-08-23,2R,pAMR0,133,1,future_significant_rejection,0,0.4874656505145853
image_plus_time,pair_000420,patient_4a9f4346155f3b62,S2214326,S2214326,1,2022-04-12,0R,pAMR0,3,S2242499,S2242499,5,2022-10-11,0R,pAMR0,182,0,future_no_significant_rejection,0,0.4863755552874155
image_plus_time,pair_000421,patient_4a9f4346155f3b62,S2214326,S2214326,1,2022-04-12,0R,pAMR0,3,S2312318,S2312318,6,2023-03-21,0R,pAMR0,343,0,future_no_significant_rejection,0,0.48416826972124777
image_plus_time,pair_000422,patient_4a9f4346155f3b62,S2216629,S2216629,2,2022-04-25,1R,pAMR0,1,S2222063,S2222063,3,2022-05-31,0R,pAMR0,36,0,future_no_significant_rejection,0,0.800510773735866
image_plus_time,pair_000423,patient_4a9f4346155f3b62,S2216629,S2216629,2,2022-04-25,1R,pAMR0,1,S2235319,S2235319,4,2022-08-23,2R,pAMR0,120,1,future_significant_rejection,0,0.7978483411170417
image_plus_time,pair_000424,patient_4a9f4346155f3b62,S2216629,S2216629,2,2022-04-25,1R,pAMR0,1,S2242499,S2242499,5,2022-10-11,0R,pAMR0,169,0,future_no_significant_rejection,0,0.7970794552333603
image_plus_time,pair_000425,patient_4a9f4346155f3b62,S2216629,S2216629,2,2022-04-25,1R,pAMR0,1,S2312318,S2312318,6,2023-03-21,0R,pAMR0,330,0,future_no_significant_rejection,0,0.7955663384810615
image_plus_time,pair_000426,patient_4a9f4346155f3b62,S2222063,S2222063,3,2022-05-31,0R,pAMR0,1,S2235319,S2235319,4,2022-08-23,2R,pAMR0,84,1,future_significant_rejection,0,0.8314693417163018
image_plus_time,pair_000427,patient_4a9f4346155f3b62,S2222063,S2222063,3,2022-05-31,0R,pAMR0,1,S2242499,S2242499,5,2022-10-11,0R,pAMR0,133,0,future_no_significant_rejection,0,0.8305744030852978
image_plus_time,pair_000428,patient_4a9f4346155f3b62,S2222063,S2222063,3,2022-05-31,0R,pAMR0,1,S2312318,S2312318,6,2023-03-21,0R,pAMR0,294,0,future_no_significant_rejection,0,0.8290139392443766
image_plus_time,pair_000514,patient_6d8c27caf7586f64,S2323108,S2323108,1,2023-05-30,0R,pAMR0,4,S2326332,S2326332,2,2023-06-20,0R,pAMR0,21,0,future_no_significant_rejection,0,0.6097647280716643
image_plus_time,pair_000515,patient_6d8c27caf7586f64,S2323108,S2323108,1,2023-05-30,0R,pAMR0,4,S2330982,S2330982,3,2023-07-18,1R,pAMR0,49,0,future_no_significant_rejection,0,0.6070261505992407
image_plus_time,pair_000516,patient_6d8c27caf7586f64,S2326332,S2326332,2,2023-06-20,0R,pAMR0,5,S2330982,S2330982,3,2023-07-18,1R,pAMR0,28,0,future_no_significant_rejection,0,0.43614907920645385
image_plus_time,pair_000549,patient_718a20df543bc4dd,S2409391,S2409391,1,2024-03-12,0R,pAMR0,4,S2410460,S2410460,2,2024-03-26,0R,pAMR0,14,0,future_no_significant_rejection,0,0.6519216501166885
image_plus_time,pair_000550,patient_718a20df543bc4dd,S2409391,S2409391,1,2024-03-12,0R,pAMR0,4,S2412725,S2412725,3,2024-04-23,0R,pAMR0,42,0,future_no_significant_rejection,0,0.6485682257110567
image_plus_time,pair_000551,patient_718a20df543bc4dd,S2409391,S2409391,1,2024-03-12,0R,pAMR0,4,S2415070,S2415070,4,2024-05-22,0R,pAMR0,71,0,future_no_significant_rejection,0,0.6469215026031758
image_plus_time,pair_000552,patient_718a20df543bc4dd,S2409391,S2409391,1,2024-03-12,0R,pAMR0,4,S2424259,S2424259,5,2024-08-20,0R,pAMR0,161,0,future_no_significant_rejection,0,0.6443238171412378
image_plus_time,pair_000553,patient_718a20df543bc4dd,S2409391,S2409391,1,2024-03-12,0R,pAMR0,4,S2504721,S2504721,6,2025-02-18,0R,pAMR0,343,0,future_no_significant_rejection,0,0.6419039181169591
image_plus_time,pair_000554,patient_718a20df543bc4dd,S2410460,S2410460,2,2024-03-26,0R,pAMR0,1,S2412725,S2412725,3,2024-04-23,0R,pAMR0,28,0,future_no_significant_rejection,0,0.43059096325502316
image_plus_time,pair_000555,patient_718a20df543bc4dd,S2410460,S2410460,2,2024-03-26,0R,pAMR0,1,S2415070,S2415070,4,2024-05-22,0R,pAMR0,57,0,future_no_significant_rejection,0,0.4282131446845429
image_plus_time,pair_000556,patient_718a20df543bc4dd,S2410460,S2410460,2,2024-03-26,0R,pAMR0,1,S2424259,S2424259,5,2024-08-20,0R,pAMR0,147,0,future_no_significant_rejection,0,0.42500486886851363
image_plus_time,pair_000557,patient_718a20df543bc4dd,S2410460,S2410460,2,2024-03-26,0R,pAMR0,1,S2504721,S2504721,6,2025-02-18,0R,pAMR0,329,0,future_no_significant_rejection,0,0.42226356345577387
image_plus_time,pair_000558,patient_718a20df543bc4dd,S2412725,S2412725,3,2024-04-23,0R,pAMR0,2,S2415070,S2415070,4,2024-05-22,0R,pAMR0,29,0,future_no_significant_rejection,0,0.5706826378999662
image_plus_time,pair_000559,patient_718a20df543bc4dd,S2412725,S2412725,3,2024-04-23,0R,pAMR0,2,S2424259,S2424259,5,2024-08-20,0R,pAMR0,119,0,future_no_significant_rejection,0,0.5659208398080908
image_plus_time,pair_000560,patient_718a20df543bc4dd,S2412725,S2412725,3,2024-04-23,0R,pAMR0,2,S2504721,S2504721,6,2025-02-18,0R,pAMR0,301,0,future_no_significant_rejection,0,0.5627438212003081
image_plus_time,pair_000561,patient_718a20df543bc4dd,S2415070,S2415070,4,2024-05-22,0R,pAMR0,2,S2424259,S2424259,5,2024-08-20,0R,pAMR0,90,0,future_no_significant_rejection,0,0.49278036008924025
image_plus_time,pair_000562,patient_718a20df543bc4dd,S2415070,S2415070,4,2024-05-22,0R,pAMR0,2,S2504721,S2504721,6,2025-02-18,0R,pAMR0,272,0,future_no_significant_rejection,0,0.48893623994980606
image_plus_time,pair_000563,patient_718a20df543bc4dd,S2424259,S2424259,5,2024-08-20,0R,pAMR0,2,S2504721,S2504721,6,2025-02-18,0R,pAMR0,182,0,future_no_significant_rejection,0,0.5756954172377994
image_plus_time,pair_000582,patient_78e356d1740b4e11,S2150492,S2150492,1,2021-11-23,1R,pAMR0,3,S2229536,S2229536,2,2022-07-15,1R,pAMR0,234,0,future_no_significant_rejection,0,0.555765236106298
image_plus_time,pair_000596,patient_7d29fcd258114554,S2141806,S2141806,1,2021-09-28,0R,pAMR0,3,S2143769,S2143769,2,2021-10-12,0R,pAMR0,14,0,future_no_significant_rejection,0,0.6226616981079202
image_plus_time,pair_000597,patient_7d29fcd258114554,S2141806,S2141806,1,2021-09-28,0R,pAMR0,3,S2149396,S2149396,3,2021-11-16,1R,pAMR0,49,0,future_no_significant_rejection,0,0.6186929990715871
image_plus_time,pair_000598,patient_7d29fcd258114554,S2141806,S2141806,1,2021-09-28,0R,pAMR0,3,S2154957,S2154957,4,2021-12-21,1R,pAMR0,84,0,future_no_significant_rejection,0,0.6169387901335707
image_plus_time,pair_000599,patient_7d29fcd258114554,S2141806,S2141806,1,2021-09-28,0R,pAMR0,3,S2203734,S2203734,5,2022-01-25,0R,pAMR0,119,0,future_no_significant_rejection,0,0.6157971407070376
image_plus_time,pair_000600,patient_7d29fcd258114554,S2141806,S2141806,1,2021-09-28,0R,pAMR0,3,S2210203,S2210203,6,2022-03-15,0R,pAMR0,168,0,future_no_significant_rejection,0,0.6146622840156021
image_plus_time,pair_000601,patient_7d29fcd258114554,S2141806,S2141806,1,2021-09-28,0R,pAMR0,3,S2239522,S2239522,7,2022-09-20,1R,pAMR0,357,0,future_no_significant_rejection,0,0.6121700663345223
image_plus_time,pair_000602,patient_7d29fcd258114554,S2143769,S2143769,2,2021-10-12,0R,pAMR0,1,S2149396,S2149396,3,2021-11-16,1R,pAMR0,35,0,future_no_significant_rejection,0,0.4890869734615778
image_plus_time,pair_000603,patient_7d29fcd258114554,S2143769,S2143769,2,2021-10-12,0R,pAMR0,1,S2154957,S2154957,4,2021-12-21,1R,pAMR0,70,0,future_no_significant_rejection,0,0.4867111330259889
image_plus_time,pair_000604,patient_7d29fcd258114554,S2143769,S2143769,2,2021-10-12,0R,pAMR0,1,S2203734,S2203734,5,2022-01-25,0R,pAMR0,105,0,future_no_significant_rejection,0,0.4853094721259823
image_plus_time,pair_000605,patient_7d29fcd258114554,S2143769,S2143769,2,2021-10-12,0R,pAMR0,1,S2210203,S2210203,6,2022-03-15,0R,pAMR0,154,0,future_no_significant_rejection,0,0.48398067881000134
image_plus_time,pair_000606,patient_7d29fcd258114554,S2143769,S2143769,2,2021-10-12,0R,pAMR0,1,S2239522,S2239522,7,2022-09-20,1R,pAMR0,343,0,future_no_significant_rejection,0,0.4811936082231735
image_plus_time,pair_000607,patient_7d29fcd258114554,S2149396,S2149396,3,2021-11-16,1R,pAMR0,1,S2154957,S2154957,4,2021-12-21,1R,pAMR0,35,0,future_no_significant_rejection,0,0.4345840490810675
image_plus_time,pair_000608,patient_7d29fcd258114554,S2149396,S2149396,3,2021-11-16,1R,pAMR0,1,S2203734,S2203734,5,2022-01-25,0R,pAMR0,70,0,future_no_significant_rejection,0,0.4322489729770024
image_plus_time,pair_000609,patient_7d29fcd258114554,S2149396,S2149396,3,2021-11-16,1R,pAMR0,1,S2210203,S2210203,6,2022-03-15,0R,pAMR0,119,0,future_no_significant_rejection,0,0.4304466306743773
image_plus_time,pair_000610,patient_7d29fcd258114554,S2149396,S2149396,3,2021-11-16,1R,pAMR0,1,S2239522,S2239522,7,2022-09-20,1R,pAMR0,308,0,future_no_significant_rejection,0,0.4272030145696101
image_plus_time,pair_000611,patient_7d29fcd258114554,S2154957,S2154957,4,2021-12-21,1R,pAMR0,1,S2203734,S2203734,5,2022-01-25,0R,pAMR0,35,0,future_no_significant_rejection,0,0.566184063019914
image_plus_time,pair_000612,patient_7d29fcd258114554,S2154957,S2154957,4,2021-12-21,1R,pAMR0,1,S2210203,S2210203,6,2022-03-15,0R,pAMR0,84,0,future_no_significant_rejection,0,0.5632272512524764
image_plus_time,pair_000613,patient_7d29fcd258114554,S2154957,S2154957,4,2021-12-21,1R,pAMR0,1,S2239522,S2239522,7,2022-09-20,1R,pAMR0,273,0,future_no_significant_rejection,0,0.559191704717973
image_plus_time,pair_000614,patient_7d29fcd258114554,S2203734,S2203734,5,2022-01-25,0R,pAMR0,1,S2210203,S2210203,6,2022-03-15,0R,pAMR0,49,0,future_no_significant_rejection,0,0.4851086766102937
image_plus_time,pair_000615,patient_7d29fcd258114554,S2203734,S2203734,5,2022-01-25,0R,pAMR0,1,S2239522,S2239522,7,2022-09-20,1R,pAMR0,238,0,future_no_significant_rejection,0,0.4796395934968268
image_plus_time,pair_000616,patient_7d29fcd258114554,S2210203,S2210203,6,2022-03-15,0R,pAMR0,1,S2239522,S2239522,7,2022-09-20,1R,pAMR0,189,0,future_no_significant_rejection,0,0.6197123485175681
image_plus_time,pair_000620,patient_7fb8c2b1e117173f,S2530063,S2530063,1,2025-09-23,0R,pAMR0,2,S2533022,S2533022,2,2025-10-21,0R,pAMR0,28,0,future_no_significant_rejection,0,0.6161399376581427
image_plus_time,pair_000624,patient_886cef649f01f586,S2102543,S2102543,1,2021-01-19,0R,pAMR0,2,S2200309,S2200309,2,2022-01-04,0R,pAMR0,350,0,future_no_significant_rejection,0,0.883157780099783
image_plus_time,pair_000625,patient_895c9f3c4b1870d6,S2107860,S2107860,1,2021-02-23,1R,pAMR0,3,S2128633,S2128633,2,2021-07-06,2R,pAMR0,133,1,future_significant_rejection,0,0.7099583242653075
image_plus_time,pair_000626,patient_895c9f3c4b1870d6,S2107860,S2107860,1,2021-02-23,1R,pAMR0,3,S2134279,S2134279,3,2021-08-10,2R,pAMR0,168,1,future_significant_rejection,0,0.7092888292710737
image_plus_time,pair_000627,patient_895c9f3c4b1870d6,S2107860,S2107860,1,2021-02-23,1R,pAMR0,3,S2141807,S2141807,4,2021-09-28,1R,pAMR0,217,0,future_no_significant_rejection,0,0.7085532652072136
image_plus_time,pair_000628,patient_895c9f3c4b1870d6,S2107860,S2107860,1,2021-02-23,1R,pAMR0,3,S2148221,S2148221,5,2021-11-09,2R,pAMR0,259,1,future_significant_rejection,0,0.7080435969422603
image_plus_time,pair_000629,patient_895c9f3c4b1870d6,S2107860,S2107860,1,2021-02-23,1R,pAMR0,3,S2205208,S2205208,6,2022-02-08,0R,pAMR0,350,0,future_no_significant_rejection,0,0.7071742569750253
image_plus_time,pair_000752,patient_ab45843e8e5c5823,S2253529,S2253529,1,2022-12-20,0R,pAMR0,1,S2300361,S2300361,2,2023-01-03,0R,pAMR0,14,0,future_no_significant_rejection,0,0.4311034593039941
image_plus_time,pair_000753,patient_ab45843e8e5c5823,S2253529,S2253529,1,2022-12-20,0R,pAMR0,1,S2306015,S2306015,3,2023-02-08,1R,pAMR0,50,0,future_no_significant_rejection,0,0.42690632003932444
image_plus_time,pair_000754,patient_ab45843e8e5c5823,S2253529,S2253529,1,2022-12-20,0R,pAMR0,1,S2310079,S2310079,4,2023-03-07,0R,pAMR0,77,0,future_no_significant_rejection,0,0.425451539400037
image_plus_time,pair_000755,patient_ab45843e8e5c5823,S2253529,S2253529,1,2022-12-20,0R,pAMR0,1,S2315841,S2315841,5,2023-04-11,1R,pAMR0,112,0,future_no_significant_rejection,0,0.42418340406543037
image_plus_time,pair_000756,patient_ab45843e8e5c5823,S2253529,S2253529,1,2022-12-20,0R,pAMR0,1,S2325143,S2325143,6,2023-06-13,0R,pAMR0,175,0,future_no_significant_rejection,0,0.42266883154448265
image_plus_time,pair_000757,patient_ab45843e8e5c5823,S2253529,S2253529,1,2022-12-20,0R,pAMR0,1,S2339820,S2339820,7,2023-09-12,0R,pAMR0,266,0,future_no_significant_rejection,0,0.4212455894040427
image_plus_time,pair_000758,patient_ab45843e8e5c5823,S2253529,S2253529,1,2022-12-20,0R,pAMR0,1,S2351751,S2351751,8,2023-12-05,1R,pAMR0,350,0,future_no_significant_rejection,0,0.4203121739394228
image_plus_time,pair_000759,patient_ab45843e8e5c5823,S2300361,S2300361,2,2023-01-03,0R,pAMR0,2,S2306015,S2306015,3,2023-02-08,1R,pAMR0,36,0,future_no_significant_rejection,0,0.41300861789795945
image_plus_time,pair_000760,patient_ab45843e8e5c5823,S2300361,S2300361,2,2023-01-03,0R,pAMR0,2,S2310079,S2310079,4,2023-03-07,0R,pAMR0,63,0,future_no_significant_rejection,0,0.4111499074203267
image_plus_time,pair_000761,patient_ab45843e8e5c5823,S2300361,S2300361,2,2023-01-03,0R,pAMR0,2,S2315841,S2315841,5,2023-04-11,1R,pAMR0,98,0,future_no_significant_rejection,0,0.40967199030314677
image_plus_time,pair_000762,patient_ab45843e8e5c5823,S2300361,S2300361,2,2023-01-03,0R,pAMR0,2,S2325143,S2325143,6,2023-06-13,0R,pAMR0,161,0,future_no_significant_rejection,0,0.4080054996987023
image_plus_time,pair_000763,patient_ab45843e8e5c5823,S2300361,S2300361,2,2023-01-03,0R,pAMR0,2,S2339820,S2339820,7,2023-09-12,0R,pAMR0,252,0,future_no_significant_rejection,0,0.4064988016913491
image_plus_time,pair_000764,patient_ab45843e8e5c5823,S2300361,S2300361,2,2023-01-03,0R,pAMR0,2,S2351751,S2351751,8,2023-12-05,1R,pAMR0,336,0,future_no_significant_rejection,0,0.4055307581004187
image_plus_time,pair_000765,patient_ab45843e8e5c5823,S2306015,S2306015,3,2023-02-08,1R,pAMR0,1,S2310079,S2310079,4,2023-03-07,0R,pAMR0,27,0,future_no_significant_rejection,0,0.4143707706107801
image_plus_time,pair_000766,patient_ab45843e8e5c5823,S2306015,S2306015,3,2023-02-08,1R,pAMR0,1,S2315841,S2315841,5,2023-04-11,1R,pAMR0,62,0,future_no_significant_rejection,0,0.4116182632465279
image_plus_time,pair_000767,patient_ab45843e8e5c5823,S2306015,S2306015,3,2023-02-08,1R,pAMR0,1,S2325143,S2325143,6,2023-06-13,0R,pAMR0,125,0,future_no_significant_rejection,0,0.40926991032720633
image_plus_time,pair_000768,patient_ab45843e8e5c5823,S2306015,S2306015,3,2023-02-08,1R,pAMR0,1,S2339820,S2339820,7,2023-09-12,0R,pAMR0,216,0,future_no_significant_rejection,0,0.40743105046332573
image_plus_time,pair_000769,patient_ab45843e8e5c5823,S2306015,S2306015,3,2023-02-08,1R,pAMR0,1,S2351751,S2351751,8,2023-12-05,1R,pAMR0,300,0,future_no_significant_rejection,0,0.4063254495667437
image_plus_time,pair_000770,patient_ab45843e8e5c5823,S2310079,S2310079,4,2023-03-07,0R,pAMR0,1,S2315841,S2315841,5,2023-04-11,1R,pAMR0,35,0,future_no_significant_rejection,0,0.3300100841949222
image_plus_time,pair_000771,patient_ab45843e8e5c5823,S2310079,S2310079,4,2023-03-07,0R,pAMR0,1,S2325143,S2325143,6,2023-06-13,0R,pAMR0,98,0,future_no_significant_rejection,0,0.32688607062271274
image_plus_time,pair_000772,patient_ab45843e8e5c5823,S2310079,S2310079,4,2023-03-07,0R,pAMR0,1,S2339820,S2339820,7,2023-09-12,0R,pAMR0,189,0,future_no_significant_rejection,0,0.3248809526113565
image_plus_time,pair_000773,patient_ab45843e8e5c5823,S2310079,S2310079,4,2023-03-07,0R,pAMR0,1,S2351751,S2351751,8,2023-12-05,1R,pAMR0,273,0,future_no_significant_rejection,0,0.32375769764004736
image_plus_time,pair_000774,patient_ab45843e8e5c5823,S2315841,S2315841,5,2023-04-11,1R,pAMR0,2,S2325143,S2325143,6,2023-06-13,0R,pAMR0,63,0,future_no_significant_rejection,0,0.21044216385521622
image_plus_time,pair_000775,patient_ab45843e8e5c5823,S2315841,S2315841,5,2023-04-11,1R,pAMR0,2,S2339820,S2339820,7,2023-09-12,0R,pAMR0,154,0,future_no_significant_rejection,0,0.20839178138467743
image_plus_time,pair_000776,patient_ab45843e8e5c5823,S2315841,S2315841,5,2023-04-11,1R,pAMR0,2,S2351751,S2351751,8,2023-12-05,1R,pAMR0,238,0,future_no_significant_rejection,0,0.20739337196014873
image_plus_time,pair_000777,patient_ab45843e8e5c5823,S2325143,S2325143,6,2023-06-13,0R,pAMR0,1,S2339820,S2339820,7,2023-09-12,0R,pAMR0,91,0,future_no_significant_rejection,0,0.4550126312005827
image_plus_time,pair_000778,patient_ab45843e8e5c5823,S2325143,S2325143,6,2023-06-13,0R,pAMR0,1,S2351751,S2351751,8,2023-12-05,1R,pAMR0,175,0,future_no_significant_rejection,0,0.45276134786157574
image_plus_time,pair_000779,patient_ab45843e8e5c5823,S2339820,S2339820,7,2023-09-12,0R,pAMR0,1,S2351751,S2351751,8,2023-12-05,1R,pAMR0,84,0,future_no_significant_rejection,0,0.4729166451522151
image_plus_time,pair_000780,patient_aca1fffca0191542,S2142816,S2142816,1,2021-10-05,0R,pAMR0,1,S2211179,S2211179,2,2022-03-22,0R,pAMR0,168,0,future_no_significant_rejection,0,0.21324046919277737
image_plus_time,pair_000781,patient_aca1fffca0191542,S2142816,S2142816,1,2021-10-05,0R,pAMR0,1,S2333273,S2333273,3,2023-08-01,0R,pAMR0,665,0,future_no_significant_rejection,0,0.2100368948472761
image_plus_time,pair_000782,patient_aca1fffca0191542,S2211179,S2211179,2,2022-03-22,0R,pAMR0,1,S2333273,S2333273,3,2023-08-01,0R,pAMR0,497,0,future_no_significant_rejection,0,0.1672332768074248
image_plus_time,pair_000783,patient_ad7be783b5ff7f03,S2314591,S2314591,1,2023-04-04,0R,pAMR0,3,S2316900,S2316900,2,2023-04-18,0R,pAMR0,14,0,future_no_significant_rejection,0,0.5190712942270475
image_plus_time,pair_000784,patient_ad7be783b5ff7f03,S2314591,S2314591,1,2023-04-04,0R,pAMR0,3,S2329756,S2329756,3,2023-07-11,1R,pAMR0,98,0,future_no_significant_rejection,0,0.5124727354533661
image_plus_time,pair_000785,patient_ad7be783b5ff7f03,S2314591,S2314591,1,2023-04-04,0R,pAMR0,3,S2410458,S2410458,4,2024-03-26,0R,pAMR0,357,0,future_no_significant_rejection,0,0.5079753716929426
image_plus_time,pair_000786,patient_ad7be783b5ff7f03,S2316900,S2316900,2,2023-04-18,0R,pAMR0,1,S2329756,S2329756,3,2023-07-11,1R,pAMR0,84,0,future_no_significant_rejection,0,0.8043231909984184
image_plus_time,pair_000787,patient_ad7be783b5ff7f03,S2316900,S2316900,2,2023-04-18,0R,pAMR0,1,S2410458,S2410458,4,2024-03-26,0R,pAMR0,343,0,future_no_significant_rejection,0,0.801224240190424
image_plus_time,pair_000788,patient_ad7be783b5ff7f03,S2329756,S2329756,3,2023-07-11,1R,pAMR0,3,S2410458,S2410458,4,2024-03-26,0R,pAMR0,259,0,future_no_significant_rejection,0,0.3268925607241149
image_plus_time,pair_000789,patient_ae0f85572ff16638,S2153833,S2153833,1,2021-12-14,0R,pAMR0,1,S2311234,S2311234,2,2023-03-14,0R,pAMR0,455,0,future_no_significant_rejection,0,0.1452454016892577
image_plus_time,pair_000819,patient_c2ec040a2ccee825,S2420604,S2420604,1,2024-07-16,0R,pAMR0,2,S2422845,S2422845,2,2024-08-06,0R,pAMR0,21,0,future_no_significant_rejection,0,0.6433085941679176
image_plus_time,pair_000820,patient_c2ec040a2ccee825,S2420604,S2420604,1,2024-07-16,0R,pAMR0,2,S2502090,S2502090,3,2025-01-21,0R,pAMR0,189,0,future_no_significant_rejection,0,0.6363524822338866
image_plus_time,pair_000821,patient_c2ec040a2ccee825,S2420604,S2420604,1,2024-07-16,0R,pAMR0,2,S2511010,S2511010,4,2025-04-15,1R,pAMR0,273,0,future_no_significant_rejection,0,0.6351654967406917
image_plus_time,pair_000822,patient_c2ec040a2ccee825,S2420604,S2420604,1,2024-07-16,0R,pAMR0,2,S2520404,S2520404,5,2025-07-08,0R,pAMR0,357,0,future_no_significant_rejection,0,0.6342974736270743
image_plus_time,pair_000823,patient_c2ec040a2ccee825,S2422845,S2422845,2,2024-08-06,0R,pAMR0,2,S2502090,S2502090,3,2025-01-21,0R,pAMR0,168,0,future_no_significant_rejection,0,0.5527324948005379
image_plus_time,pair_000824,patient_c2ec040a2ccee825,S2422845,S2422845,2,2024-08-06,0R,pAMR0,2,S2511010,S2511010,4,2025-04-15,1R,pAMR0,252,0,future_no_significant_rejection,0,0.5513354702809704
image_plus_time,pair_000825,patient_c2ec040a2ccee825,S2422845,S2422845,2,2024-08-06,0R,pAMR0,2,S2520404,S2520404,5,2025-07-08,0R,pAMR0,336,0,future_no_significant_rejection,0,0.5503423446722354
image_plus_time,pair_000826,patient_c2ec040a2ccee825,S2502090,S2502090,3,2025-01-21,0R,pAMR0,1,S2511010,S2511010,4,2025-04-15,1R,pAMR0,84,0,future_no_significant_rejection,0,0.530818709125624
image_plus_time,pair_000827,patient_c2ec040a2ccee825,S2502090,S2502090,3,2025-01-21,0R,pAMR0,1,S2520404,S2520404,5,2025-07-08,0R,pAMR0,168,0,future_no_significant_rejection,0,0.528421613612025
image_plus_time,pair_000828,patient_c2ec040a2ccee825,S2511010,S2511010,4,2025-04-15,1R,pAMR0,2,S2520404,S2520404,5,2025-07-08,0R,pAMR0,84,0,future_no_significant_rejection,0,0.39280111254031036
image_plus_time,pair_000860,patient_c85fe67257ac09be,S2202565,S2202565,1,2022-01-18,0R,pAMR0,1,S2207349,S2207349,2,2022-02-22,0R,pAMR0,35,0,future_no_significant_rejection,0,0.470427561921758
image_plus_time,pair_000861,patient_c85fe67257ac09be,S2202565,S2202565,1,2022-01-18,0R,pAMR0,1,S2210204,S2210204,3,2022-03-15,1R,pAMR0,56,0,future_no_significant_rejection,0,0.4688250180913627
image_plus_time,pair_000862,patient_c85fe67257ac09be,S2202565,S2202565,1,2022-01-18,0R,pAMR0,1,S2216630,S2216630,4,2022-04-26,0R,pAMR0,98,0,future_no_significant_rejection,0,0.46690062203446364
image_plus_time,pair_000863,patient_c85fe67257ac09be,S2202565,S2202565,1,2022-01-18,0R,pAMR0,1,S2220918,S2220918,5,2022-05-24,1R,pAMR0,126,0,future_no_significant_rejection,0,0.4660327443931008
image_plus_time,pair_000864,patient_c85fe67257ac09be,S2202565,S2202565,1,2022-01-18,0R,pAMR0,1,S2227608,S2227608,6,2022-07-05,1R,pAMR0,168,0,future_no_significant_rejection,0,0.4650374324313729
image_plus_time,pair_000865,patient_c85fe67257ac09be,S2202565,S2202565,1,2022-01-18,0R,pAMR0,1,S2241560,S2241560,7,2022-10-04,1R,pAMR0,259,0,future_no_significant_rejection,0,0.463537275386254
image_plus_time,pair_000866,patient_c85fe67257ac09be,S2207349,S2207349,2,2022-02-22,0R,pAMR0,1,S2210204,S2210204,3,2022-03-15,1R,pAMR0,21,0,future_no_significant_rejection,0,0.6135157326147209
image_plus_time,pair_000867,patient_c85fe67257ac09be,S2207349,S2207349,2,2022-02-22,0R,pAMR0,1,S2216630,S2216630,4,2022-04-26,0R,pAMR0,63,0,future_no_significant_rejection,0,0.609964710399279
image_plus_time,pair_000868,patient_c85fe67257ac09be,S2207349,S2207349,2,2022-02-22,0R,pAMR0,1,S2220918,S2220918,5,2022-05-24,1R,pAMR0,91,0,future_no_significant_rejection,0,0.608755216229816
image_plus_time,pair_000869,patient_c85fe67257ac09be,S2207349,S2207349,2,2022-02-22,0R,pAMR0,1,S2227608,S2227608,6,2022-07-05,1R,pAMR0,133,0,future_no_significant_rejection,0,0.6075004990513309
image_plus_time,pair_000870,patient_c85fe67257ac09be,S2207349,S2207349,2,2022-02-22,0R,pAMR0,1,S2241560,S2241560,7,2022-10-04,1R,pAMR0,224,0,future_no_significant_rejection,0,0.6057689660550497
image_plus_time,pair_000871,patient_c85fe67257ac09be,S2210204,S2210204,3,2022-03-15,1R,pAMR0,3,S2216630,S2216630,4,2022-04-26,0R,pAMR0,42,0,future_no_significant_rejection,0,0.598047075870748
image_plus_time,pair_000872,patient_c85fe67257ac09be,S2210204,S2210204,3,2022-03-15,1R,pAMR0,3,S2220918,S2220918,5,2022-05-24,1R,pAMR0,70,0,future_no_significant_rejection,0,0.596358109120112
image_plus_time,pair_000873,patient_c85fe67257ac09be,S2210204,S2210204,3,2022-03-15,1R,pAMR0,3,S2227608,S2227608,6,2022-07-05,1R,pAMR0,112,0,future_no_significant_rejection,0,0.5947909462958488
image_plus_time,pair_000874,patient_c85fe67257ac09be,S2210204,S2210204,3,2022-03-15,1R,pAMR0,3,S2241560,S2241560,7,2022-10-04,1R,pAMR0,203,0,future_no_significant_rejection,0,0.5927959959323866
image_plus_time,pair_000875,patient_c85fe67257ac09be,S2216630,S2216630,4,2022-04-26,0R,pAMR0,2,S2220918,S2220918,5,2022-05-24,1R,pAMR0,28,0,future_no_significant_rejection,0,0.7396908687940632
image_plus_time,pair_000876,patient_c85fe67257ac09be,S2216630,S2216630,4,2022-04-26,0R,pAMR0,2,S2227608,S2227608,6,2022-07-05,1R,pAMR0,70,0,future_no_significant_rejection,0,0.7372697834942652
image_plus_time,pair_000877,patient_c85fe67257ac09be,S2216630,S2216630,4,2022-04-26,0R,pAMR0,2,S2241560,S2241560,7,2022-10-04,1R,pAMR0,161,0,future_no_significant_rejection,0,0.7350264533563601
image_plus_time,pair_000878,patient_c85fe67257ac09be,S2220918,S2220918,5,2022-05-24,1R,pAMR0,1,S2227608,S2227608,6,2022-07-05,1R,pAMR0,42,0,future_no_significant_rejection,0,0.34090653390923786
image_plus_time,pair_000879,patient_c85fe67257ac09be,S2220918,S2220918,5,2022-05-24,1R,pAMR0,1,S2241560,S2241560,7,2022-10-04,1R,pAMR0,133,0,future_no_significant_rejection,0,0.3373399071182109
image_plus_time,pair_000880,patient_c85fe67257ac09be,S2227608,S2227608,6,2022-07-05,1R,pAMR0,3,S2241560,S2241560,7,2022-10-04,1R,pAMR0,91,0,future_no_significant_rejection,0,0.5095617251700619
image_plus_time,pair_000909,patient_d074d89175786c47,S2227605,S2227605,1,2022-07-05,0R,pAMR0,1,S2231089,S2231089,2,2022-07-26,0R,pAMR0,21,0,future_no_significant_rejection,0,0.4617143573068813
image_plus_time,pair_000910,patient_d074d89175786c47,S2227605,S2227605,1,2022-07-05,0R,pAMR0,1,S2236496,S2236496,3,2022-08-30,0R,pAMR0,56,0,future_no_significant_rejection,0,0.45840335880592836
image_plus_time,pair_000911,patient_d074d89175786c47,S2227605,S2227605,1,2022-07-05,0R,pAMR0,1,S2242501,S2242501,4,2022-10-11,0R,pAMR0,98,0,future_no_significant_rejection,0,0.4564849778846146
image_plus_time,pair_000912,patient_d074d89175786c47,S2227605,S2227605,1,2022-07-05,0R,pAMR0,1,S2250151,S2250151,5,2022-11-29,0R,pAMR0,147,0,future_no_significant_rejection,0,0.4550885573017146
image_plus_time,pair_000913,patient_d074d89175786c47,S2227605,S2227605,1,2022-07-05,0R,pAMR0,1,S2304564,S2304564,6,2023-01-31,0R,pAMR0,210,0,future_no_significant_rejection,0,0.4538574983732319
image_plus_time,pair_000914,patient_d074d89175786c47,S2227605,S2227605,1,2022-07-05,0R,pAMR0,1,S2315840,S2315840,7,2023-04-11,0R,pAMR0,280,0,future_no_significant_rejection,0,0.45286341286509857
image_plus_time,pair_000915,patient_d074d89175786c47,S2227605,S2227605,1,2022-07-05,0R,pAMR0,1,S2327489,S2327489,8,2023-06-27,0R,pAMR0,357,0,future_no_significant_rejection,0,0.4520233955052533
image_plus_time,pair_000916,patient_d074d89175786c47,S2231089,S2231089,2,2022-07-26,0R,pAMR0,2,S2236496,S2236496,3,2022-08-30,0R,pAMR0,35,0,future_no_significant_rejection,0,0.349278567073118
image_plus_time,pair_000917,patient_d074d89175786c47,S2231089,S2231089,2,2022-07-26,0R,pAMR0,2,S2242501,S2242501,4,2022-10-11,0R,pAMR0,77,0,future_no_significant_rejection,0,0.3468221574777059
image_plus_time,pair_000918,patient_d074d89175786c47,S2231089,S2231089,2,2022-07-26,0R,pAMR0,2,S2250151,S2250151,5,2022-11-29,0R,pAMR0,126,0,future_no_significant_rejection,0,0.3452776220356518
image_plus_time,pair_000919,patient_d074d89175786c47,S2231089,S2231089,2,2022-07-26,0R,pAMR0,2,S2304564,S2304564,6,2023-01-31,0R,pAMR0,189,0,future_no_significant_rejection,0,0.3440037235663958
image_plus_time,pair_000920,patient_d074d89175786c47,S2231089,S2231089,2,2022-07-26,0R,pAMR0,2,S2315840,S2315840,7,2023-04-11,0R,pAMR0,259,0,future_no_significant_rejection,0,0.34301338886576244
image_plus_time,pair_000921,patient_d074d89175786c47,S2231089,S2231089,2,2022-07-26,0R,pAMR0,2,S2327489,S2327489,8,2023-06-27,0R,pAMR0,336,0,future_no_significant_rejection,0,0.34219539216719846
image_plus_time,pair_000922,patient_d074d89175786c47,S2236496,S2236496,3,2022-08-30,0R,pAMR0,1,S2242501,S2242501,4,2022-10-11,0R,pAMR0,42,0,future_no_significant_rejection,0,0.3944347281257763
image_plus_time,pair_000923,patient_d074d89175786c47,S2236496,S2236496,3,2022-08-30,0R,pAMR0,1,S2250151,S2250151,5,2022-11-29,0R,pAMR0,91,0,future_no_significant_rejection,0,0.39189402670879353
image_plus_time,pair_000924,patient_d074d89175786c47,S2236496,S2236496,3,2022-08-30,0R,pAMR0,1,S2304564,S2304564,6,2023-01-31,0R,pAMR0,154,0,future_no_significant_rejection,0,0.3901549006410017
image_plus_time,pair_000925,patient_d074d89175786c47,S2236496,S2236496,3,2022-08-30,0R,pAMR0,1,S2315840,S2315840,7,2023-04-11,0R,pAMR0,224,0,future_no_significant_rejection,0,0.3889141137361673
image_plus_time,pair_000926,patient_d074d89175786c47,S2236496,S2236496,3,2022-08-30,0R,pAMR0,1,S2327489,S2327489,8,2023-06-27,0R,pAMR0,301,0,future_no_significant_rejection,0,0.38793519655225817
image_plus_time,pair_000927,patient_d074d89175786c47,S2242501,S2242501,4,2022-10-11,0R,pAMR0,1,S2250151,S2250151,5,2022-11-29,0R,pAMR0,49,0,future_no_significant_rejection,0,0.49580793771515147
image_plus_time,pair_000928,patient_d074d89175786c47,S2242501,S2242501,4,2022-10-11,0R,pAMR0,1,S2304564,S2304564,6,2023-01-31,0R,pAMR0,112,0,future_no_significant_rejection,0,0.4929543200765461
image_plus_time,pair_000929,patient_d074d89175786c47,S2242501,S2242501,4,2022-10-11,0R,pAMR0,1,S2315840,S2315840,7,2023-04-11,0R,pAMR0,182,0,future_no_significant_rejection,0,0.4912672740649922
image_plus_time,pair_000930,patient_d074d89175786c47,S2242501,S2242501,4,2022-10-11,0R,pAMR0,1,S2327489,S2327489,8,2023-06-27,0R,pAMR0,259,0,future_no_significant_rejection,0,0.4900384301084382
image_plus_time,pair_000931,patient_d074d89175786c47,S2250151,S2250151,5,2022-11-29,0R,pAMR0,1,S2304564,S2304564,6,2023-01-31,0R,pAMR0,63,0,future_no_significant_rejection,0,0.4366696307076014
image_plus_time,pair_000932,patient_d074d89175786c47,S2250151,S2250151,5,2022-11-29,0R,pAMR0,1,S2315840,S2315840,7,2023-04-11,0R,pAMR0,133,0,future_no_significant_rejection,0,0.43412627765432776
image_plus_time,pair_000933,patient_d074d89175786c47,S2250151,S2250151,5,2022-11-29,0R,pAMR0,1,S2327489,S2327489,8,2023-06-27,0R,pAMR0,210,0,future_no_significant_rejection,0,0.43256534003956454
image_plus_time,pair_000934,patient_d074d89175786c47,S2304564,S2304564,6,2023-01-31,0R,pAMR0,1,S2315840,S2315840,7,2023-04-11,0R,pAMR0,70,0,future_no_significant_rejection,0,0.2248046999247339
image_plus_time,pair_000935,patient_d074d89175786c47,S2304564,S2304564,6,2023-01-31,0R,pAMR0,1,S2327489,S2327489,8,2023-06-27,0R,pAMR0,147,0,future_no_significant_rejection,0,0.22301757010323095
image_plus_time,pair_000936,patient_d074d89175786c47,S2315840,S2315840,7,2023-04-11,0R,pAMR0,6,S2327489,S2327489,8,2023-06-27,0R,pAMR0,77,0,future_no_significant_rejection,0,0.2332188673117036
image_plus_time,pair_000961,patient_d4c07874dec8cc11,S2413769,S2413769,1,2024-05-07,0R,pAMR0,9,S2426614,S2426614,2,2024-09-10,0R,pAMR0,126,0,future_no_significant_rejection,0,0.5525944058983846
image_plus_time,pair_000962,patient_d4c07874dec8cc11,S2413769,S2413769,1,2024-05-07,0R,pAMR0,9,S2434133,S2434133,3,2024-11-26,1R,pAMR0,203,0,future_no_significant_rejection,0,0.5509533076121087
image_plus_time,pair_000963,patient_d4c07874dec8cc11,S2413769,S2413769,1,2024-05-07,0R,pAMR0,9,S2505508,S2505508,4,2025-02-25,0R,pAMR0,294,0,future_no_significant_rejection,0,0.5496752937530233
image_plus_time,pair_000964,patient_d4c07874dec8cc11,S2426614,S2426614,2,2024-09-10,0R,pAMR0,6,S2434133,S2434133,3,2024-11-26,1R,pAMR0,77,0,future_no_significant_rejection,0,0.497982022907826
image_plus_time,pair_000965,patient_d4c07874dec8cc11,S2426614,S2426614,2,2024-09-10,0R,pAMR0,6,S2505508,S2505508,4,2025-02-25,0R,pAMR0,168,0,future_no_significant_rejection,0,0.49527578977543874
image_plus_time,pair_000966,patient_d4c07874dec8cc11,S2434133,S2434133,3,2024-11-26,1R,pAMR0,2,S2505508,S2505508,4,2025-02-25,0R,pAMR0,91,0,future_no_significant_rejection,0,0.5351658601799872
image_plus_time,pair_000967,patient_d66d976aaae8f399,S2133159,S2133159,1,2021-08-03,0R,pAMR0,3,S2135429,S2135429,2,2021-08-17,1R,pAMR0,14,0,future_no_significant_rejection,0,0.6218450760341985
image_plus_time,pair_000968,patient_d66d976aaae8f399,S2133159,S2133159,1,2021-08-03,0R,pAMR0,3,S2140145,S2140145,3,2021-09-14,1R,pAMR0,42,0,future_no_significant_rejection,0,0.6183715138677717
image_plus_time,pair_000969,patient_d66d976aaae8f399,S2133159,S2133159,1,2021-08-03,0R,pAMR0,3,S2143764,S2143764,4,2021-10-11,1R,pAMR0,69,0,future_no_significant_rejection,0,0.6167601584014996
image_plus_time,pair_000970,patient_d66d976aaae8f399,S2133159,S2133159,1,2021-08-03,0R,pAMR0,3,S2202567,S2202567,5,2022-01-18,0R,pAMR0,168,0,future_no_significant_rejection,0,0.613839086441048
image_plus_time,pair_000971,patient_d66d976aaae8f399,S2133159,S2133159,1,2021-08-03,0R,pAMR0,3,S2213275,S2213275,6,2022-04-05,0R,pAMR0,245,0,future_no_significant_rejection,0,0.612592352226533
image_plus_time,pair_000972,patient_d66d976aaae8f399,S2133159,S2133159,1,2021-08-03,0R,pAMR0,3,S2228788,S2228788,7,2022-07-12,0R,pAMR0,343,0,future_no_significant_rejection,0,0.6114776083818148
image_plus_time,pair_000973,patient_d66d976aaae8f399,S2135429,S2135429,2,2021-08-17,1R,pAMR0,1,S2140145,S2140145,3,2021-09-14,1R,pAMR0,28,0,future_no_significant_rejection,0,0.5604360963605199
image_plus_time,pair_000974,patient_d66d976aaae8f399,S2135429,S2135429,2,2021-08-17,1R,pAMR0,1,S2143764,S2143764,4,2021-10-11,1R,pAMR0,55,0,future_no_significant_rejection,0,0.5581651360868851
image_plus_time,pair_000975,patient_d66d976aaae8f399,S2135429,S2135429,2,2021-08-17,1R,pAMR0,1,S2202567,S2202567,5,2022-01-18,0R,pAMR0,154,0,future_no_significant_rejection,0,0.5546469850180693
image_plus_time,pair_000976,patient_d66d976aaae8f399,S2135429,S2135429,2,2021-08-17,1R,pAMR0,1,S2213275,S2213275,6,2022-04-05,0R,pAMR0,231,0,future_no_significant_rejection,0,0.5532517248773855
image_plus_time,pair_000977,patient_d66d976aaae8f399,S2135429,S2135429,2,2021-08-17,1R,pAMR0,1,S2228788,S2228788,7,2022-07-12,0R,pAMR0,329,0,future_no_significant_rejection,0,0.55203206282953
image_plus_time,pair_000978,patient_d66d976aaae8f399,S2140145,S2140145,3,2021-09-14,1R,pAMR0,1,S2143764,S2143764,4,2021-10-11,1R,pAMR0,27,0,future_no_significant_rejection,0,0.5766453055357957
image_plus_time,pair_000979,patient_d66d976aaae8f399,S2140145,S2140145,3,2021-09-14,1R,pAMR0,1,S2202567,S2202567,5,2022-01-18,0R,pAMR0,126,0,future_no_significant_rejection,0,0.5714691329910796
image_plus_time,pair_000980,patient_d66d976aaae8f399,S2140145,S2140145,3,2021-09-14,1R,pAMR0,1,S2213275,S2213275,6,2022-04-05,0R,pAMR0,203,0,future_no_significant_rejection,0,0.5698433746153545
image_plus_time,pair_000981,patient_d66d976aaae8f399,S2140145,S2140145,3,2021-09-14,1R,pAMR0,1,S2228788,S2228788,7,2022-07-12,0R,pAMR0,301,0,future_no_significant_rejection,0,0.5684964800961088
image_plus_time,pair_000982,patient_d66d976aaae8f399,S2143764,S2143764,4,2021-10-11,1R,pAMR0,1,S2202567,S2202567,5,2022-01-18,0R,pAMR0,99,0,future_no_significant_rejection,0,0.5680399160282532
image_plus_time,pair_000983,patient_d66d976aaae8f399,S2143764,S2143764,4,2021-10-11,1R,pAMR0,1,S2213275,S2213275,6,2022-04-05,0R,pAMR0,176,0,future_no_significant_rejection,0,0.5660772932522442
image_plus_time,pair_000984,patient_d66d976aaae8f399,S2143764,S2143764,4,2021-10-11,1R,pAMR0,1,S2228788,S2228788,7,2022-07-12,0R,pAMR0,274,0,future_no_significant_rejection,0,0.5645613281894434
image_plus_time,pair_000985,patient_d66d976aaae8f399,S2202567,S2202567,5,2022-01-18,0R,pAMR0,1,S2213275,S2213275,6,2022-04-05,0R,pAMR0,77,0,future_no_significant_rejection,0,0.3072031739248504
image_plus_time,pair_000986,patient_d66d976aaae8f399,S2202567,S2202567,5,2022-01-18,0R,pAMR0,1,S2228788,S2228788,7,2022-07-12,0R,pAMR0,175,0,future_no_significant_rejection,0,0.30478360379352193
image_plus_time,pair_000987,patient_d66d976aaae8f399,S2213275,S2213275,6,2022-04-05,0R,pAMR0,1,S2228788,S2228788,7,2022-07-12,0R,pAMR0,98,0,future_no_significant_rejection,0,0.6392997035321786
image_plus_time,pair_000988,patient_d772dd268706e1cf,S2133157,S2133157,1,2021-08-03,1R,pAMR0,1,S2150490,S2150490,2,2021-11-23,1R,pAMR0,112,0,future_no_significant_rejection,0,0.6002204836447509
image_plus_time,pair_000989,patient_d772dd268706e1cf,S2133157,S2133157,1,2021-08-03,1R,pAMR0,1,S2203737,S2203737,3,2022-01-25,0R,pAMR0,175,0,future_no_significant_rejection,0,0.5987309239925345
image_plus_time,pair_000990,patient_d772dd268706e1cf,S2133157,S2133157,1,2021-08-03,1R,pAMR0,1,S2215453,S2215453,4,2022-04-19,1R,pAMR0,259,0,future_no_significant_rejection,0,0.5974176810234443
image_plus_time,pair_000991,patient_d772dd268706e1cf,S2150490,S2150490,2,2021-11-23,1R,pAMR0,1,S2203737,S2203737,3,2022-01-25,0R,pAMR0,63,0,future_no_significant_rejection,0,0.37833088162348155
image_plus_time,pair_000992,patient_d772dd268706e1cf,S2150490,S2150490,2,2021-11-23,1R,pAMR0,1,S2215453,S2215453,4,2022-04-19,1R,pAMR0,147,0,future_no_significant_rejection,0,0.37557423711915855
image_plus_time,pair_000993,patient_d772dd268706e1cf,S2203737,S2203737,3,2022-01-25,0R,pAMR0,1,S2215453,S2215453,4,2022-04-19,1R,pAMR0,84,0,future_no_significant_rejection,0,0.5878906828291626
image_plus_time,pair_000994,patient_d7b8077abb2db045,S2511009,S2511009,1,2025-04-15,0R,pAMR0,2,S2512685,S2512685,2,2025-04-29,0R,pAMR0,14,0,future_no_significant_rejection,0,0.4890824350443385
image_plus_time,pair_000995,patient_d7b8077abb2db045,S2511009,S2511009,1,2025-04-15,0R,pAMR0,2,S2520402,S2520402,3,2025-07-08,0R,pAMR0,84,0,future_no_significant_rejection,0,0.4830156883138067
image_plus_time,pair_000996,patient_d7b8077abb2db045,S2511009,S2511009,1,2025-04-15,0R,pAMR0,2,S2525436,S2525436,4,2025-08-19,0R,pAMR0,126,0,future_no_significant_rejection,0,0.48161196946818624
image_plus_time,pair_000997,patient_d7b8077abb2db045,S2511009,S2511009,1,2025-04-15,0R,pAMR0,2,S2530981,S2530981,5,2025-09-30,0R,pAMR0,168,0,future_no_significant_rejection,0,0.48061333289901687
image_plus_time,pair_000998,patient_d7b8077abb2db045,S2512685,S2512685,2,2025-04-29,0R,pAMR0,2,S2520402,S2520402,3,2025-07-08,0R,pAMR0,70,0,future_no_significant_rejection,0,0.5847959183570686
image_plus_time,pair_000999,patient_d7b8077abb2db045,S2512685,S2512685,2,2025-04-29,0R,pAMR0,2,S2525436,S2525436,4,2025-08-19,0R,pAMR0,112,0,future_no_significant_rejection,0,0.5832152381451631
image_plus_time,pair_001000,patient_d7b8077abb2db045,S2512685,S2512685,2,2025-04-29,0R,pAMR0,2,S2530981,S2530981,5,2025-09-30,0R,pAMR0,154,0,future_no_significant_rejection,0,0.582139273243983
image_plus_time,pair_001001,patient_d7b8077abb2db045,S2520402,S2520402,3,2025-07-08,0R,pAMR0,1,S2525436,S2525436,4,2025-08-19,0R,pAMR0,42,0,future_no_significant_rejection,0,0.6639328298495754
image_plus_time,pair_001002,patient_d7b8077abb2db045,S2520402,S2520402,3,2025-07-08,0R,pAMR0,1,S2530981,S2530981,5,2025-09-30,0R,pAMR0,84,0,future_no_significant_rejection,0,0.6618006624595759
image_plus_time,pair_001003,patient_d7b8077abb2db045,S2525436,S2525436,4,2025-08-19,0R,pAMR0,1,S2530981,S2530981,5,2025-09-30,0R,pAMR0,42,0,future_no_significant_rejection,0,0.6596195287786764
image_plus_time,pair_001004,patient_d82abebcfaf082f8,S2404885,S2404885,1,2024-01-30,0R,pAMR0,1,S2407941,S2407941,2,2024-02-20,0R,pAMR0,21,0,future_no_significant_rejection,0,0.15017867243143782
image_plus_time,pair_001005,patient_d82abebcfaf082f8,S2404885,S2404885,1,2024-01-30,0R,pAMR0,1,S2422844,S2422844,3,2024-08-06,0R,pAMR0,189,0,future_no_significant_rejection,0,0.14636673139403023
image_plus_time,pair_001006,patient_d82abebcfaf082f8,S2407941,S2407941,2,2024-02-20,0R,pAMR0,3,S2422844,S2422844,3,2024-08-06,0R,pAMR0,168,0,future_no_significant_rejection,0,0.7287217882306548
image_plus_time,pair_001007,patient_d8e20f6cc2cd90d6,S2108731,S2108731,1,2021-03-02,1R,pAMR0,1,S2135432,S2135432,2,2021-08-17,0R,pAMR0,168,0,future_no_significant_rejection,0,0.9223155765959048
image_plus_time,pair_001008,patient_d8e20f6cc2cd90d6,S2108731,S2108731,1,2021-03-02,1R,pAMR0,1,S2142818,S2142818,3,2021-10-05,1R,pAMR0,217,0,future_no_significant_rejection,0,0.9220597891006111
image_plus_time,pair_001009,patient_d8e20f6cc2cd90d6,S2135432,S2135432,2,2021-08-17,0R,pAMR0,1,S2142818,S2142818,3,2021-10-05,1R,pAMR0,49,0,future_no_significant_rejection,0,0.6766643679398636
image_plus_time,pair_001025,patient_dd7e0e39c92e25b4,S2143766,S2143766,1,2021-10-12,1R,pAMR0,3,S2150494,S2150494,2,2021-11-23,1R,pAMR0,42,0,future_no_significant_rejection,0,0.5905888090110762
image_plus_time,pair_001026,patient_dd7e0e39c92e25b4,S2143766,S2143766,1,2021-10-12,1R,pAMR0,3,S2154963,S2154963,3,2021-12-21,0R,pAMR0,70,0,future_no_significant_rejection,0,0.5888900463680053
image_plus_time,pair_001027,patient_dd7e0e39c92e25b4,S2143766,S2143766,1,2021-10-12,1R,pAMR0,3,S2203735,S2203735,4,2022-01-25,0R,pAMR0,105,0,future_no_significant_rejection,0,0.5875309473914692
image_plus_time,pair_001028,patient_dd7e0e39c92e25b4,S2143766,S2143766,1,2021-10-12,1R,pAMR0,3,S2210200,S2210200,5,2022-03-15,1R,pAMR0,154,0,future_no_significant_rejection,0,0.5862410628471952
image_plus_time,pair_001029,patient_dd7e0e39c92e25b4,S2143766,S2143766,1,2021-10-12,1R,pAMR0,3,S2229969,S2229969,6,2022-07-18,0R,pAMR0,279,0,future_no_significant_rejection,0,0.5842312925011777
image_plus_time,pair_001030,patient_dd7e0e39c92e25b4,S2143766,S2143766,1,2021-10-12,1R,pAMR0,3,S2240724,S2240724,7,2022-09-27,1R,pAMR0,350,0,future_no_significant_rejection,0,0.5834624917545358
image_plus_time,pair_001031,patient_dd7e0e39c92e25b4,S2150494,S2150494,2,2021-11-23,1R,pAMR0,1,S2154963,S2154963,3,2021-12-21,0R,pAMR0,28,0,future_no_significant_rejection,0,0.31100595459308883
image_plus_time,pair_001032,patient_dd7e0e39c92e25b4,S2150494,S2150494,2,2021-11-23,1R,pAMR0,1,S2203735,S2203735,4,2022-01-25,0R,pAMR0,63,0,future_no_significant_rejection,0,0.3086360567245916
image_plus_time,pair_001033,patient_dd7e0e39c92e25b4,S2150494,S2150494,2,2021-11-23,1R,pAMR0,1,S2210200,S2210200,5,2022-03-15,1R,pAMR0,112,0,future_no_significant_rejection,0,0.3069402201010231
image_plus_time,pair_001034,patient_dd7e0e39c92e25b4,S2150494,S2150494,2,2021-11-23,1R,pAMR0,1,S2229969,S2229969,6,2022-07-18,0R,pAMR0,237,0,future_no_significant_rejection,0,0.304726132332467
image_plus_time,pair_001035,patient_dd7e0e39c92e25b4,S2150494,S2150494,2,2021-11-23,1R,pAMR0,1,S2240724,S2240724,7,2022-09-27,1R,pAMR0,308,0,future_no_significant_rejection,0,0.3039522533497168
image_plus_time,pair_001036,patient_dd7e0e39c92e25b4,S2154963,S2154963,3,2021-12-21,0R,pAMR0,1,S2203735,S2203735,4,2022-01-25,0R,pAMR0,35,0,future_no_significant_rejection,0,0.3345040300006169
image_plus_time,pair_001037,patient_dd7e0e39c92e25b4,S2154963,S2154963,3,2021-12-21,0R,pAMR0,1,S2210200,S2210200,5,2022-03-15,1R,pAMR0,84,0,future_no_significant_rejection,0,0.3318316528122991
image_plus_time,pair_001038,patient_dd7e0e39c92e25b4,S2154963,S2154963,3,2021-12-21,0R,pAMR0,1,S2229969,S2229969,6,2022-07-18,0R,pAMR0,209,0,future_no_significant_rejection,0,0.3290299539645549
image_plus_time,pair_001039,patient_dd7e0e39c92e25b4,S2154963,S2154963,3,2021-12-21,0R,pAMR0,1,S2240724,S2240724,7,2022-09-27,1R,pAMR0,280,0,future_no_significant_rejection,0,0.32813033873983666
image_plus_time,pair_001040,patient_dd7e0e39c92e25b4,S2203735,S2203735,4,2022-01-25,0R,pAMR0,1,S2210200,S2210200,5,2022-03-15,1R,pAMR0,49,0,future_no_significant_rejection,0,0.35556624226886674
image_plus_time,pair_001041,patient_dd7e0e39c92e25b4,S2203735,S2203735,4,2022-01-25,0R,pAMR0,1,S2229969,S2229969,6,2022-07-18,0R,pAMR0,174,0,future_no_significant_rejection,0,0.35155741257797113
image_plus_time,pair_001042,patient_dd7e0e39c92e25b4,S2203735,S2203735,4,2022-01-25,0R,pAMR0,1,S2240724,S2240724,7,2022-09-27,1R,pAMR0,245,0,future_no_significant_rejection,0,0.3504712502033633
image_plus_time,pair_001043,patient_dd7e0e39c92e25b4,S2210200,S2210200,5,2022-03-15,1R,pAMR0,1,S2229969,S2229969,6,2022-07-18,0R,pAMR0,125,0,future_no_significant_rejection,0,0.448800900399381
image_plus_time,pair_001044,patient_dd7e0e39c92e25b4,S2210200,S2210200,5,2022-03-15,1R,pAMR0,1,S2240724,S2240724,7,2022-09-27,1R,pAMR0,196,0,future_no_significant_rejection,0,0.44725346301511676
image_plus_time,pair_001045,patient_dd7e0e39c92e25b4,S2229969,S2229969,6,2022-07-18,0R,pAMR0,1,S2240724,S2240724,7,2022-09-27,1R,pAMR0,71,0,future_no_significant_rejection,0,0.539898991025819
image_plus_time,pair_001046,patient_dfafa5c41a0ad944,S2129801,S2129801,1,2021-07-13,1R,pAMR0,3,S2144967,S2144967,2,2021-10-19,0R,pAMR0,98,0,future_no_significant_rejection,0,0.5993429999485949
image_plus_time,pair_001047,patient_dfafa5c41a0ad944,S2129801,S2129801,1,2021-07-13,1R,pAMR0,3,S2209229,S2209229,3,2022-03-08,1R,pAMR0,238,0,future_no_significant_rejection,0,0.5963762529760191
image_plus_time,pair_001048,patient_dfafa5c41a0ad944,S2144967,S2144967,2,2021-10-19,0R,pAMR0,1,S2209229,S2209229,3,2022-03-08,1R,pAMR0,140,0,future_no_significant_rejection,0,0.42763700497603874
image_plus_time,pair_001087,patient_e918692d7c80e65c,S2327689,S2327689,1,2023-06-28,0R,pAMR0,1,S2330980,S2330980,2,2023-07-18,0R,pAMR0,20,0,future_no_significant_rejection,0,0.479869244117296
image_plus_time,pair_001088,patient_e918692d7c80e65c,S2327689,S2327689,1,2023-06-28,0R,pAMR0,1,S2337812,S2337812,3,2023-08-30,0R,pAMR0,63,0,future_no_significant_rejection,0,0.475976320687854
image_plus_time,pair_001089,patient_e918692d7c80e65c,S2327689,S2327689,1,2023-06-28,0R,pAMR0,1,S2342016,S2342016,4,2023-09-26,0R,pAMR0,90,0,future_no_significant_rejection,0,0.4747473051408403
image_plus_time,pair_001090,patient_e918692d7c80e65c,S2330980,S2330980,2,2023-07-18,0R,pAMR0,1,S2337812,S2337812,3,2023-08-30,0R,pAMR0,43,0,future_no_significant_rejection,0,0.5738172168608302
image_plus_time,pair_001091,patient_e918692d7c80e65c,S2330980,S2330980,2,2023-07-18,0R,pAMR0,1,S2342016,S2342016,4,2023-09-26,0R,pAMR0,70,0,future_no_significant_rejection,0,0.5721780785681615
image_plus_time,pair_001092,patient_e918692d7c80e65c,S2337812,S2337812,3,2023-08-30,0R,pAMR0,1,S2342016,S2342016,4,2023-09-26,0R,pAMR0,27,0,future_no_significant_rejection,0,0.5923162949968498
image_plus_time,pair_001093,patient_e9984333ac68159c,S2228790,S2228790,1,2022-07-12,0R,pAMR0,1,S2232191,S2232191,2,2022-08-02,1R,pAMR0,21,0,future_no_significant_rejection,0,0.3628346044172246
image_plus_time,pair_001094,patient_e9984333ac68159c,S2228790,S2228790,1,2022-07-12,0R,pAMR0,1,S2236493,S2236493,3,2022-08-30,1R,pAMR0,49,0,future_no_significant_rejection,0,0.36018143723127494
image_plus_time,pair_001095,patient_e9984333ac68159c,S2228790,S2228790,1,2022-07-12,0R,pAMR0,1,S2247859,S2247859,4,2022-11-15,1R,pAMR0,126,0,future_no_significant_rejection,0,0.35717928695831735
image_plus_time,pair_001096,patient_e9984333ac68159c,S2228790,S2228790,1,2022-07-12,0R,pAMR0,1,S2313440,S2313440,5,2023-03-28,0R,pAMR0,259,0,future_no_significant_rejection,0,0.3548793102730803
image_plus_time,pair_001097,patient_e9984333ac68159c,S2232191,S2232191,2,2022-08-02,1R,pAMR0,2,S2236493,S2236493,3,2022-08-30,1R,pAMR0,28,0,future_no_significant_rejection,0,0.41161884458644227
image_plus_time,pair_001098,patient_e9984333ac68159c,S2232191,S2232191,2,2022-08-02,1R,pAMR0,2,S2247859,S2247859,4,2022-11-15,1R,pAMR0,105,0,future_no_significant_rejection,0,0.40723092209360484
image_plus_time,pair_001099,patient_e9984333ac68159c,S2232191,S2232191,2,2022-08-02,1R,pAMR0,2,S2313440,S2313440,5,2023-03-28,0R,pAMR0,238,0,future_no_significant_rejection,0,0.40448602117117266
image_plus_time,pair_001100,patient_e9984333ac68159c,S2236493,S2236493,3,2022-08-30,1R,pAMR0,3,S2247859,S2247859,4,2022-11-15,1R,pAMR0,77,0,future_no_significant_rejection,0,0.3593906245110322
image_plus_time,pair_001101,patient_e9984333ac68159c,S2236493,S2236493,3,2022-08-30,1R,pAMR0,3,S2313440,S2313440,5,2023-03-28,0R,pAMR0,210,0,future_no_significant_rejection,0,0.3561891422747801
image_plus_time,pair_001102,patient_e9984333ac68159c,S2247859,S2247859,4,2022-11-15,1R,pAMR0,1,S2313440,S2313440,5,2023-03-28,0R,pAMR0,133,0,future_no_significant_rejection,0,0.4536076703999309
image_plus_time,pair_001112,patient_f1bc2d6d2b5c3421,S2344462,S2344462,1,2023-10-17,0R,pAMR0,1,S2347457,S2347457,2,2023-11-07,1R,pAMR0,21,0,future_no_significant_rejection,0,0.32759116743073274
image_plus_time,pair_001113,patient_f1bc2d6d2b5c3421,S2344462,S2344462,1,2023-10-17,0R,pAMR0,1,S2352826,S2352826,3,2023-12-12,0R,pAMR0,56,0,future_no_significant_rejection,0,0.3246618725312321
image_plus_time,pair_001114,patient_f1bc2d6d2b5c3421,S2344462,S2344462,1,2023-10-17,0R,pAMR0,1,S2403702,S2403702,4,2024-01-23,1R,pAMR0,98,0,future_no_significant_rejection,0,0.32296942554278
image_plus_time,pair_001115,patient_f1bc2d6d2b5c3421,S2344462,S2344462,1,2023-10-17,0R,pAMR0,1,S2409928,S2409928,5,2024-03-19,0R,pAMR0,154,0,future_no_significant_rejection,0,0.32159848179280104
image_plus_time,pair_001116,patient_f1bc2d6d2b5c3421,S2344462,S2344462,1,2023-10-17,0R,pAMR0,1,S2415692,S2415692,6,2024-05-28,0R,pAMR0,224,0,future_no_significant_rejection,0,0.3204611526680826
image_plus_time,pair_001117,patient_f1bc2d6d2b5c3421,S2347457,S2347457,2,2023-11-07,1R,pAMR0,2,S2352826,S2352826,3,2023-12-12,0R,pAMR0,35,0,future_no_significant_rejection,0,0.4029532129374719
image_plus_time,pair_001118,patient_f1bc2d6d2b5c3421,S2347457,S2347457,2,2023-11-07,1R,pAMR0,2,S2403702,S2403702,4,2024-01-23,1R,pAMR0,77,0,future_no_significant_rejection,0,0.4003515637610999
image_plus_time,pair_001119,patient_f1bc2d6d2b5c3421,S2347457,S2347457,2,2023-11-07,1R,pAMR0,2,S2409928,S2409928,5,2024-03-19,0R,pAMR0,133,0,future_no_significant_rejection,0,0.398534079624972
image_plus_time,pair_001120,patient_f1bc2d6d2b5c3421,S2347457,S2347457,2,2023-11-07,1R,pAMR0,2,S2415692,S2415692,6,2024-05-28,0R,pAMR0,203,0,future_no_significant_rejection,0,0.3971244183370344
image_plus_time,pair_001121,patient_f1bc2d6d2b5c3421,S2352826,S2352826,3,2023-12-12,0R,pAMR0,1,S2403702,S2403702,4,2024-01-23,1R,pAMR0,42,0,future_no_significant_rejection,0,0.31541165226233925
image_plus_time,pair_001122,patient_f1bc2d6d2b5c3421,S2352826,S2352826,3,2023-12-12,0R,pAMR0,1,S2409928,S2409928,5,2024-03-19,0R,pAMR0,98,0,future_no_significant_rejection,0,0.3128959953360277
image_plus_time,pair_001123,patient_f1bc2d6d2b5c3421,S2352826,S2352826,3,2023-12-12,0R,pAMR0,1,S2415692,S2415692,6,2024-05-28,0R,pAMR0,168,0,future_no_significant_rejection,0,0.3112885117866908
image_plus_time,pair_001124,patient_f1bc2d6d2b5c3421,S2403702,S2403702,4,2024-01-23,1R,pAMR0,2,S2409928,S2409928,5,2024-03-19,0R,pAMR0,56,0,future_no_significant_rejection,0,0.45190044198719725
image_plus_time,pair_001125,patient_f1bc2d6d2b5c3421,S2403702,S2403702,4,2024-01-23,1R,pAMR0,2,S2415692,S2415692,6,2024-05-28,0R,pAMR0,126,0,future_no_significant_rejection,0,0.4491237391474362
image_plus_time,pair_001126,patient_f1bc2d6d2b5c3421,S2409928,S2409928,5,2024-03-19,0R,pAMR0,1,S2415692,S2415692,6,2024-05-28,0R,pAMR0,70,0,future_no_significant_rejection,0,0.3121994957854616
image_plus_time,pair_001142,patient_f73f7e4dab64291c,S2411029,S2411029,1,2024-04-02,0R,pAMR0,1,S2415690,S2415690,2,2024-05-28,0R,pAMR0,56,0,future_no_significant_rejection,0,0.3014084392273369
image_plus_time,pair_001143,patient_f73f7e4dab64291c,S2411029,S2411029,1,2024-04-02,0R,pAMR0,1,S2419850,S2419850,3,2024-07-09,0R,pAMR0,98,0,future_no_significant_rejection,0,0.2997834020066823
image_plus_time,pair_001144,patient_f73f7e4dab64291c,S2411029,S2411029,1,2024-04-02,0R,pAMR0,1,S2425034,S2425034,4,2024-08-27,0R,pAMR0,147,0,future_no_significant_rejection,0,0.2986029853739489
image_plus_time,pair_001145,patient_f73f7e4dab64291c,S2415690,S2415690,2,2024-05-28,0R,pAMR0,2,S2419850,S2419850,3,2024-07-09,0R,pAMR0,42,0,future_no_significant_rejection,0,0.5389132076596206
image_plus_time,pair_001146,patient_f73f7e4dab64291c,S2415690,S2415690,2,2024-05-28,0R,pAMR0,2,S2425034,S2425034,4,2024-08-27,0R,pAMR0,91,0,future_no_significant_rejection,0,0.5362660063137982
image_plus_time,pair_001147,patient_f73f7e4dab64291c,S2419850,S2419850,3,2024-07-09,0R,pAMR0,2,S2425034,S2425034,4,2024-08-27,0R,pAMR0,49,0,future_no_significant_rejection,0,0.45999898487129537
image_plus_time,pair_001158,patient_fc51a062525b3f86,S2043434,S2043434,1,2020-11-03,0R,pAMR0,3,S2130900,S2130900,2,2021-07-20,1R,pAMR0,259,0,future_no_significant_rejection,0,0.8797902703817517
image_plus_time,pair_001159,patient_fc51a062525b3f86,S2043434,S2043434,1,2020-11-03,0R,pAMR0,3,S2144970,S2144970,3,2021-10-19,1R,pAMR0,350,0,future_no_significant_rejection,0,0.8793451840999332
image_plus_time,pair_001160,patient_fc51a062525b3f86,S2130900,S2130900,2,2021-07-20,1R,pAMR0,1,S2144970,S2144970,3,2021-10-19,1R,pAMR0,91,0,future_no_significant_rejection,0,0.7258999261833013
image_plus_time,pair_000001,patient_005b214a5e658965,S2135430,S2135430,1,2021-08-17,0R,pAMR0,1,S2149398,S2149398,2,2021-11-16,1R,pAMR0,91,0,future_no_significant_rejection,1,0.4574855881856638
image_plus_time,pair_000005,patient_0941abb556cbec79,S2306849,S2306849,1,2023-02-14,1R,pAMR0,6,S2309075,S2309075,2,2023-02-28,1R,pAMR0,14,0,future_no_significant_rejection,1,0.49778600178607374
image_plus_time,pair_000006,patient_0941abb556cbec79,S2306849,S2306849,1,2023-02-14,1R,pAMR0,6,S2313664,S2313664,3,2023-03-29,0R,pAMR0,43,0,future_no_significant_rejection,1,0.5206260635159342
image_plus_time,pair_000007,patient_0941abb556cbec79,S2306849,S2306849,1,2023-02-14,1R,pAMR0,6,S2319879,S2319879,4,2023-05-09,0R,pAMR0,84,0,future_no_significant_rejection,1,0.5345649682913802
image_plus_time,pair_000008,patient_0941abb556cbec79,S2306849,S2306849,1,2023-02-14,1R,pAMR0,6,S2334389,S2334389,5,2023-08-08,1R,pAMR0,175,0,future_no_significant_rejection,1,0.549908938492542
image_plus_time,pair_000009,patient_0941abb556cbec79,S2306849,S2306849,1,2023-02-14,1R,pAMR0,6,S2347458,S2347458,6,2023-11-07,0R,pAMR0,266,0,future_no_significant_rejection,1,0.5586543812107257
image_plus_time,pair_000010,patient_0941abb556cbec79,S2306849,S2306849,1,2023-02-14,1R,pAMR0,6,S2406040,S2406040,7,2024-02-06,0R,pAMR0,357,0,future_no_significant_rejection,1,0.5647872825794116
image_plus_time,pair_000011,patient_0941abb556cbec79,S2309075,S2309075,2,2023-02-28,1R,pAMR0,5,S2313664,S2313664,3,2023-03-29,0R,pAMR0,29,0,future_no_significant_rejection,1,0.3739526710399554
image_plus_time,pair_000012,patient_0941abb556cbec79,S2309075,S2309075,2,2023-02-28,1R,pAMR0,5,S2319879,S2319879,4,2023-05-09,0R,pAMR0,70,0,future_no_significant_rejection,1,0.3912353331274956
image_plus_time,pair_000013,patient_0941abb556cbec79,S2309075,S2309075,2,2023-02-28,1R,pAMR0,5,S2334389,S2334389,5,2023-08-08,1R,pAMR0,161,0,future_no_significant_rejection,1,0.40804474548866543
image_plus_time,pair_000014,patient_0941abb556cbec79,S2309075,S2309075,2,2023-02-28,1R,pAMR0,5,S2347458,S2347458,6,2023-11-07,0R,pAMR0,252,0,future_no_significant_rejection,1,0.41722182425605586
image_plus_time,pair_000015,patient_0941abb556cbec79,S2309075,S2309075,2,2023-02-28,1R,pAMR0,5,S2406040,S2406040,7,2024-02-06,0R,pAMR0,343,0,future_no_significant_rejection,1,0.4235808623629118
image_plus_time,pair_000016,patient_0941abb556cbec79,S2313664,S2313664,3,2023-03-29,0R,pAMR0,1,S2319879,S2319879,4,2023-05-09,0R,pAMR0,41,0,future_no_significant_rejection,1,0.22937284712577397
image_plus_time,pair_000017,patient_0941abb556cbec79,S2313664,S2313664,3,2023-03-29,0R,pAMR0,1,S2334389,S2334389,5,2023-08-08,1R,pAMR0,132,0,future_no_significant_rejection,1,0.2471357081235898
image_plus_time,pair_000018,patient_0941abb556cbec79,S2313664,S2313664,3,2023-03-29,0R,pAMR0,1,S2347458,S2347458,6,2023-11-07,0R,pAMR0,223,0,future_no_significant_rejection,1,0.2554661353181724
image_plus_time,pair_000019,patient_0941abb556cbec79,S2313664,S2313664,3,2023-03-29,0R,pAMR0,1,S2406040,S2406040,7,2024-02-06,0R,pAMR0,314,0,future_no_significant_rejection,1,0.26101298039914783
image_plus_time,pair_000020,patient_0941abb556cbec79,S2319879,S2319879,4,2023-05-09,0R,pAMR0,5,S2334389,S2334389,5,2023-08-08,1R,pAMR0,91,0,future_no_significant_rejection,1,0.3971270477412422
image_plus_time,pair_000021,patient_0941abb556cbec79,S2319879,S2319879,4,2023-05-09,0R,pAMR0,5,S2347458,S2347458,6,2023-11-07,0R,pAMR0,182,0,future_no_significant_rejection,1,0.41119263226924746
image_plus_time,pair_000022,patient_0941abb556cbec79,S2319879,S2319879,4,2023-05-09,0R,pAMR0,5,S2406040,S2406040,7,2024-02-06,0R,pAMR0,273,0,future_no_significant_rejection,1,0.4195180911102256
image_plus_time,pair_000023,patient_0941abb556cbec79,S2334389,S2334389,5,2023-08-08,1R,pAMR0,2,S2347458,S2347458,6,2023-11-07,0R,pAMR0,91,0,future_no_significant_rejection,1,0.40176567351316006
image_plus_time,pair_000024,patient_0941abb556cbec79,S2334389,S2334389,5,2023-08-08,1R,pAMR0,2,S2406040,S2406040,7,2024-02-06,0R,pAMR0,182,0,future_no_significant_rejection,1,0.41588221599091124
image_plus_time,pair_000025,patient_0941abb556cbec79,S2347458,S2347458,6,2023-11-07,0R,pAMR0,2,S2406040,S2406040,7,2024-02-06,0R,pAMR0,91,0,future_no_significant_rejection,1,0.4239886230902783
image_plus_time,pair_000026,patient_0cf9d90c530cbd0b,S2129802,S2129802,1,2021-07-12,1R,pAMR0,3,S2135431,S2135431,2,2021-08-17,1R,pAMR0,36,0,future_no_significant_rejection,1,0.4012481680631767
image_plus_time,pair_000027,patient_0cf9d90c530cbd0b,S2129802,S2129802,1,2021-07-12,1R,pAMR0,3,S2141805,S2141805,3,2021-09-28,1R,pAMR0,78,0,future_no_significant_rejection,1,0.4168209125778439
image_plus_time,pair_000028,patient_0cf9d90c530cbd0b,S2129802,S2129802,1,2021-07-12,1R,pAMR0,3,S2149394,S2149394,4,2021-11-16,1R,pAMR0,127,0,future_no_significant_rejection,1,0.4268176166460063
image_plus_time,pair_000029,patient_0cf9d90c530cbd0b,S2129802,S2129802,1,2021-07-12,1R,pAMR0,3,S2156022,S2156022,5,2021-12-28,0R,pAMR0,169,0,future_no_significant_rejection,1,0.4327244697551598
image_plus_time,pair_000030,patient_0cf9d90c530cbd0b,S2129802,S2129802,1,2021-07-12,1R,pAMR0,3,S2210199,S2210199,6,2022-03-15,0R,pAMR0,246,0,future_no_significant_rejection,1,0.4405300265018041
image_plus_time,pair_000031,patient_0cf9d90c530cbd0b,S2129802,S2129802,1,2021-07-12,1R,pAMR0,3,S2224007,S2224007,7,2022-06-14,0R,pAMR0,337,0,future_no_significant_rejection,1,0.4471063414949138
image_plus_time,pair_000032,patient_0cf9d90c530cbd0b,S2135431,S2135431,2,2021-08-17,1R,pAMR0,1,S2141805,S2141805,3,2021-09-28,1R,pAMR0,42,0,future_no_significant_rejection,1,0.7588308380969367
image_plus_time,pair_000033,patient_0cf9d90c530cbd0b,S2135431,S2135431,2,2021-08-17,1R,pAMR0,1,S2149394,S2149394,4,2021-11-16,1R,pAMR0,91,0,future_no_significant_rejection,1,0.7704554253140187
image_plus_time,pair_000034,patient_0cf9d90c530cbd0b,S2135431,S2135431,2,2021-08-17,1R,pAMR0,1,S2156022,S2156022,5,2021-12-28,0R,pAMR0,133,0,future_no_significant_rejection,1,0.7760555913974221
image_plus_time,pair_000035,patient_0cf9d90c530cbd0b,S2135431,S2135431,2,2021-08-17,1R,pAMR0,1,S2210199,S2210199,6,2022-03-15,0R,pAMR0,210,0,future_no_significant_rejection,1,0.7826863897412676
image_plus_time,pair_000036,patient_0cf9d90c530cbd0b,S2135431,S2135431,2,2021-08-17,1R,pAMR0,1,S2224007,S2224007,7,2022-06-14,0R,pAMR0,301,0,future_no_significant_rejection,1,0.7878221236150108
image_plus_time,pair_000037,patient_0cf9d90c530cbd0b,S2141805,S2141805,3,2021-09-28,1R,pAMR0,1,S2149394,S2149394,4,2021-11-16,1R,pAMR0,49,0,future_no_significant_rejection,1,0.686034775665058
image_plus_time,pair_000038,patient_0cf9d90c530cbd0b,S2141805,S2141805,3,2021-09-28,1R,pAMR0,1,S2156022,S2156022,5,2021-12-28,0R,pAMR0,91,0,future_no_significant_rejection,1,0.6970817033579385
image_plus_time,pair_000039,patient_0cf9d90c530cbd0b,S2141805,S2141805,3,2021-09-28,1R,pAMR0,1,S2210199,S2210199,6,2022-03-15,0R,pAMR0,168,0,future_no_significant_rejection,1,0.7078763594225601
image_plus_time,pair_000040,patient_0cf9d90c530cbd0b,S2141805,S2141805,3,2021-09-28,1R,pAMR0,1,S2224007,S2224007,7,2022-06-14,0R,pAMR0,259,0,future_no_significant_rejection,1,0.7153848950810792
image_plus_time,pair_000041,patient_0cf9d90c530cbd0b,S2149394,S2149394,4,2021-11-16,1R,pAMR0,1,S2156022,S2156022,5,2021-12-28,0R,pAMR0,42,0,future_no_significant_rejection,1,0.6979010414858132
image_plus_time,pair_000042,patient_0cf9d90c530cbd0b,S2149394,S2149394,4,2021-11-16,1R,pAMR0,1,S2210199,S2210199,6,2022-03-15,0R,pAMR0,119,0,future_no_significant_rejection,1,0.715957262251539
image_plus_time,pair_000043,patient_0cf9d90c530cbd0b,S2149394,S2149394,4,2021-11-16,1R,pAMR0,1,S2224007,S2224007,7,2022-06-14,0R,pAMR0,210,0,future_no_significant_rejection,1,0.7256041759047265
image_plus_time,pair_000044,patient_0cf9d90c530cbd0b,S2156022,S2156022,5,2021-12-28,0R,pAMR0,1,S2210199,S2210199,6,2022-03-15,0R,pAMR0,77,0,future_no_significant_rejection,1,0.2645805678023382
image_plus_time,pair_000045,patient_0cf9d90c530cbd0b,S2156022,S2156022,5,2021-12-28,0R,pAMR0,1,S2224007,S2224007,7,2022-06-14,0R,pAMR0,168,0,future_no_significant_rejection,1,0.2775553313864877
image_plus_time,pair_000046,patient_0cf9d90c530cbd0b,S2210199,S2210199,6,2022-03-15,0R,pAMR0,1,S2224007,S2224007,7,2022-06-14,0R,pAMR0,91,0,future_no_significant_rejection,1,0.7468819734100891
image_plus_time,pair_000068,patient_19d05fccc0aac48d,S2026723,S2026723,1,2020-07-07,1R,pAMR0,3,S2028920,S2028920,2,2020-07-21,1R,pAMR1,14,1,future_significant_rejection,1,0.5120761444503419
image_plus_time,pair_000094,patient_1db7fb03763dab37,S2416977,S2416977,1,2024-06-11,0R,pAMR0,2,S2420601,S2420601,2,2024-07-16,0R,pAMR0,35,0,future_no_significant_rejection,1,0.2541929065872855
image_plus_time,pair_000095,patient_1db7fb03763dab37,S2416977,S2416977,1,2024-06-11,0R,pAMR0,2,S2423618,S2423618,3,2024-08-13,0R,pAMR0,63,0,future_no_significant_rejection,1,0.2635686481355192
image_plus_time,pair_000096,patient_1db7fb03763dab37,S2416977,S2416977,1,2024-06-11,0R,pAMR0,2,S2429063,S2429063,4,2024-10-08,0R,pAMR0,119,0,future_no_significant_rejection,1,0.27406240430121337
image_plus_time,pair_000097,patient_1db7fb03763dab37,S2416977,S2416977,1,2024-06-11,0R,pAMR0,2,S2433341,S2433341,5,2024-11-19,0R,pAMR0,161,0,future_no_significant_rejection,1,0.27916296427574894
image_plus_time,pair_000098,patient_1db7fb03763dab37,S2416977,S2416977,1,2024-06-11,0R,pAMR0,2,S2513847,S2513847,6,2025-05-13,0R,pAMR0,336,0,future_no_significant_rejection,1,0.2918532887625641
image_plus_time,pair_000099,patient_1db7fb03763dab37,S2420601,S2420601,2,2024-07-16,0R,pAMR0,2,S2423618,S2423618,3,2024-08-13,0R,pAMR0,28,0,future_no_significant_rejection,1,0.16205092719807854
image_plus_time,pair_000100,patient_1db7fb03763dab37,S2420601,S2420601,2,2024-07-16,0R,pAMR0,2,S2429063,S2429063,4,2024-10-08,0R,pAMR0,84,0,future_no_significant_rejection,1,0.17483998864694844
image_plus_time,pair_000101,patient_1db7fb03763dab37,S2420601,S2420601,2,2024-07-16,0R,pAMR0,2,S2433341,S2433341,5,2024-11-19,0R,pAMR0,126,0,future_no_significant_rejection,1,0.17981524615232486
image_plus_time,pair_000102,patient_1db7fb03763dab37,S2420601,S2420601,2,2024-07-16,0R,pAMR0,2,S2513847,S2513847,6,2025-05-13,0R,pAMR0,301,0,future_no_significant_rejection,1,0.19092338464089362
image_plus_time,pair_000103,patient_1db7fb03763dab37,S2423618,S2423618,3,2024-08-13,0R,pAMR0,2,S2429063,S2429063,4,2024-10-08,0R,pAMR0,56,0,future_no_significant_rejection,1,0.3667888346447549
image_plus_time,pair_000104,patient_1db7fb03763dab37,S2423618,S2423618,3,2024-08-13,0R,pAMR0,2,S2433341,S2433341,5,2024-11-19,0R,pAMR0,98,0,future_no_significant_rejection,1,0.3777463137434564
image_plus_time,pair_000105,patient_1db7fb03763dab37,S2423618,S2423618,3,2024-08-13,0R,pAMR0,2,S2513847,S2513847,6,2025-05-13,0R,pAMR0,273,0,future_no_significant_rejection,1,0.39827554735562143
image_plus_time,pair_000106,patient_1db7fb03763dab37,S2429063,S2429063,4,2024-10-08,0R,pAMR0,2,S2433341,S2433341,5,2024-11-19,0R,pAMR0,42,0,future_no_significant_rejection,1,0.13173454017916147
image_plus_time,pair_000107,patient_1db7fb03763dab37,S2429063,S2429063,4,2024-10-08,0R,pAMR0,2,S2513847,S2513847,6,2025-05-13,0R,pAMR0,217,0,future_no_significant_rejection,1,0.14832158972172363
image_plus_time,pair_000108,patient_1db7fb03763dab37,S2433341,S2433341,5,2024-11-19,0R,pAMR0,2,S2513847,S2513847,6,2025-05-13,0R,pAMR0,175,0,future_no_significant_rejection,1,0.11695330235847938
image_plus_time,pair_000109,patient_1f1d5d53d578938e,S2433344,S2433344,1,2024-11-19,0R,pAMR0,2,S2434919,S2434919,2,2024-12-03,0R,pAMR0,14,0,future_no_significant_rejection,1,0.09762631853851136
image_plus_time,pair_000110,patient_1f1d5d53d578938e,S2433344,S2433344,1,2024-11-19,0R,pAMR0,2,S2500522,S2500522,3,2025-01-07,0R,pAMR0,49,0,future_no_significant_rejection,1,0.10701351637197419
image_plus_time,pair_000111,patient_1f1d5d53d578938e,S2433344,S2433344,1,2024-11-19,0R,pAMR0,2,S2503983,S2503983,4,2025-02-11,0R,pAMR0,84,0,future_no_significant_rejection,1,0.1113975317212312
image_plus_time,pair_000112,patient_1f1d5d53d578938e,S2433344,S2433344,1,2024-11-19,0R,pAMR0,2,S2507799,S2507799,5,2025-03-18,0R,pAMR0,119,0,future_no_significant_rejection,1,0.11433013450914048
image_plus_time,pair_000113,patient_1f1d5d53d578938e,S2433344,S2433344,1,2024-11-19,0R,pAMR0,2,S2511859,S2511859,6,2025-04-22,0R,pAMR0,154,0,future_no_significant_rejection,1,0.11654991685736604
image_plus_time,pair_000114,patient_1f1d5d53d578938e,S2433344,S2433344,1,2024-11-19,0R,pAMR0,2,S2522980,S2522980,7,2025-07-29,0R,pAMR0,252,0,future_no_significant_rejection,1,0.1209039617057233
image_plus_time,pair_000115,patient_1f1d5d53d578938e,S2434919,S2434919,2,2024-12-03,0R,pAMR0,2,S2500522,S2500522,3,2025-01-07,0R,pAMR0,35,0,future_no_significant_rejection,1,0.0859193035041772
image_plus_time,pair_000116,patient_1f1d5d53d578938e,S2434919,S2434919,2,2024-12-03,0R,pAMR0,2,S2503983,S2503983,4,2025-02-11,0R,pAMR0,70,0,future_no_significant_rejection,1,0.09055949976907356
image_plus_time,pair_000117,patient_1f1d5d53d578938e,S2434919,S2434919,2,2024-12-03,0R,pAMR0,2,S2507799,S2507799,5,2025-03-18,0R,pAMR0,105,0,future_no_significant_rejection,1,0.09340236654042669
image_plus_time,pair_000118,patient_1f1d5d53d578938e,S2434919,S2434919,2,2024-12-03,0R,pAMR0,2,S2511859,S2511859,6,2025-04-22,0R,pAMR0,140,0,future_no_significant_rejection,1,0.09547487729930679
image_plus_time,pair_000119,patient_1f1d5d53d578938e,S2434919,S2434919,2,2024-12-03,0R,pAMR0,2,S2522980,S2522980,7,2025-07-29,0R,pAMR0,238,0,future_no_significant_rejection,1,0.09941658451607979
image_plus_time,pair_000120,patient_1f1d5d53d578938e,S2500522,S2500522,3,2025-01-07,0R,pAMR0,7,S2503983,S2503983,4,2025-02-11,0R,pAMR0,35,0,future_no_significant_rejection,1,0.14810914224025273
image_plus_time,pair_000121,patient_1f1d5d53d578938e,S2500522,S2500522,3,2025-01-07,0R,pAMR0,7,S2507799,S2507799,5,2025-03-18,0R,pAMR0,70,0,future_no_significant_rejection,1,0.15553649521612067
image_plus_time,pair_000122,patient_1f1d5d53d578938e,S2500522,S2500522,3,2025-01-07,0R,pAMR0,7,S2511859,S2511859,6,2025-04-22,0R,pAMR0,105,0,future_no_significant_rejection,1,0.16006013913501574
image_plus_time,pair_000123,patient_1f1d5d53d578938e,S2500522,S2500522,3,2025-01-07,0R,pAMR0,7,S2522980,S2522980,7,2025-07-29,0R,pAMR0,203,0,future_no_significant_rejection,1,0.16767824380497598
image_plus_time,pair_000124,patient_1f1d5d53d578938e,S2503983,S2503983,4,2025-02-11,0R,pAMR0,2,S2507799,S2507799,5,2025-03-18,0R,pAMR0,35,0,future_no_significant_rejection,1,0.20138281249370546
image_plus_time,pair_000125,patient_1f1d5d53d578938e,S2503983,S2503983,4,2025-02-11,0R,pAMR0,2,S2511859,S2511859,6,2025-04-22,0R,pAMR0,70,0,future_no_significant_rejection,1,0.21082058408444934
image_plus_time,pair_000126,patient_1f1d5d53d578938e,S2503983,S2503983,4,2025-02-11,0R,pAMR0,2,S2522980,S2522980,7,2025-07-29,0R,pAMR0,168,0,future_no_significant_rejection,1,0.22333698716260192
image_plus_time,pair_000127,patient_1f1d5d53d578938e,S2507799,S2507799,5,2025-03-18,0R,pAMR0,1,S2511859,S2511859,6,2025-04-22,0R,pAMR0,35,0,future_no_significant_rejection,1,0.20941758077298311
image_plus_time,pair_000128,patient_1f1d5d53d578938e,S2507799,S2507799,5,2025-03-18,0R,pAMR0,1,S2522980,S2522980,7,2025-07-29,0R,pAMR0,133,0,future_no_significant_rejection,1,0.22849983347328381
image_plus_time,pair_000129,patient_1f1d5d53d578938e,S2511859,S2511859,6,2025-04-22,0R,pAMR0,1,S2522980,S2522980,7,2025-07-29,0R,pAMR0,98,0,future_no_significant_rejection,1,0.15231974027893344
image_plus_time,pair_000152,patient_23ee3df4f656b033,S2154954,S2154954,1,2021-12-20,0R,pAMR0,1,S2202563,S2202563,2,2022-01-18,0R,pAMR0,29,0,future_no_significant_rejection,1,0.23001364593466353
image_plus_time,pair_000153,patient_23ee3df4f656b033,S2154954,S2154954,1,2021-12-20,0R,pAMR0,1,S2207352,S2207352,3,2022-02-22,0R,pAMR0,64,0,future_no_significant_rejection,1,0.24185074368239684
image_plus_time,pair_000154,patient_23ee3df4f656b033,S2154954,S2154954,1,2021-12-20,0R,pAMR0,1,S2213276,S2213276,4,2022-04-05,0R,pAMR0,106,0,future_no_significant_rejection,1,0.24969831295367154
image_plus_time,pair_000155,patient_23ee3df4f656b033,S2154954,S2154954,1,2021-12-20,0R,pAMR0,1,S2222064,S2222064,5,2022-05-31,1R,pAMR0,162,0,future_no_significant_rejection,1,0.25645636411201117
image_plus_time,pair_000156,patient_23ee3df4f656b033,S2154954,S2154954,1,2021-12-20,0R,pAMR0,1,S2234198,S2234198,6,2022-08-16,0R,pAMR0,239,0,future_no_significant_rejection,1,0.262772741465888
image_plus_time,pair_000157,patient_23ee3df4f656b033,S2154954,S2154954,1,2021-12-20,0R,pAMR0,1,S2248986,S2248986,7,2022-11-22,0R,pAMR0,337,0,future_no_significant_rejection,1,0.2684457301261702
image_plus_time,pair_000158,patient_23ee3df4f656b033,S2202563,S2202563,2,2022-01-18,0R,pAMR0,1,S2207352,S2207352,3,2022-02-22,0R,pAMR0,35,0,future_no_significant_rejection,1,0.12101507268311217
image_plus_time,pair_000159,patient_23ee3df4f656b033,S2202563,S2202563,2,2022-01-18,0R,pAMR0,1,S2213276,S2213276,4,2022-04-05,0R,pAMR0,77,0,future_no_significant_rejection,1,0.1281765877853761
image_plus_time,pair_000160,patient_23ee3df4f656b033,S2202563,S2202563,2,2022-01-18,0R,pAMR0,1,S2222064,S2222064,5,2022-05-31,1R,pAMR0,133,0,future_no_significant_rejection,1,0.13340127001151222
image_plus_time,pair_000161,patient_23ee3df4f656b033,S2202563,S2202563,2,2022-01-18,0R,pAMR0,1,S2234198,S2234198,6,2022-08-16,0R,pAMR0,210,0,future_no_significant_rejection,1,0.137922870105288
image_plus_time,pair_000162,patient_23ee3df4f656b033,S2202563,S2202563,2,2022-01-18,0R,pAMR0,1,S2248986,S2248986,7,2022-11-22,0R,pAMR0,308,0,future_no_significant_rejection,1,0.14182100090554986
image_plus_time,pair_000163,patient_23ee3df4f656b033,S2207352,S2207352,3,2022-02-22,0R,pAMR0,1,S2213276,S2213276,4,2022-04-05,0R,pAMR0,42,0,future_no_significant_rejection,1,0.4648335185453338
image_plus_time,pair_000164,patient_23ee3df4f656b033,S2207352,S2207352,3,2022-02-22,0R,pAMR0,1,S2222064,S2222064,5,2022-05-31,1R,pAMR0,98,0,future_no_significant_rejection,1,0.48249078218418495
image_plus_time,pair_000165,patient_23ee3df4f656b033,S2207352,S2207352,3,2022-02-22,0R,pAMR0,1,S2234198,S2234198,6,2022-08-16,0R,pAMR0,175,0,future_no_significant_rejection,1,0.4947016582764292
image_plus_time,pair_000166,patient_23ee3df4f656b033,S2207352,S2207352,3,2022-02-22,0R,pAMR0,1,S2248986,S2248986,7,2022-11-22,0R,pAMR0,273,0,future_no_significant_rejection,1,0.5041009022651917
image_plus_time,pair_000167,patient_23ee3df4f656b033,S2213276,S2213276,4,2022-04-05,0R,pAMR0,1,S2222064,S2222064,5,2022-05-31,1R,pAMR0,56,0,future_no_significant_rejection,1,0.4673534834000306
image_plus_time,pair_000168,patient_23ee3df4f656b033,S2213276,S2213276,4,2022-04-05,0R,pAMR0,1,S2234198,S2234198,6,2022-08-16,0R,pAMR0,133,0,future_no_significant_rejection,1,0.4854624788086374
image_plus_time,pair_000169,patient_23ee3df4f656b033,S2213276,S2213276,4,2022-04-05,0R,pAMR0,1,S2248986,S2248986,7,2022-11-22,0R,pAMR0,231,0,future_no_significant_rejection,1,0.49711423558739093
image_plus_time,pair_000170,patient_23ee3df4f656b033,S2222064,S2222064,5,2022-05-31,1R,pAMR0,1,S2234198,S2234198,6,2022-08-16,0R,pAMR0,77,0,future_no_significant_rejection,1,0.5796596215459092
image_plus_time,pair_000171,patient_23ee3df4f656b033,S2222064,S2222064,5,2022-05-31,1R,pAMR0,1,S2248986,S2248986,7,2022-11-22,0R,pAMR0,175,0,future_no_significant_rejection,1,0.5964026317835877
image_plus_time,pair_000172,patient_23ee3df4f656b033,S2234198,S2234198,6,2022-08-16,0R,pAMR0,1,S2248986,S2248986,7,2022-11-22,0R,pAMR0,98,0,future_no_significant_rejection,1,0.3427076157334622
image_plus_time,pair_000173,patient_26f6ecd90ed41f9d,S2227604,S2227604,1,2022-07-05,1R,pAMR0,3,S2243826,S2243826,2,2022-10-19,1R,pAMR0,106,0,future_no_significant_rejection,1,0.45211768215271164
image_plus_time,pair_000174,patient_26f6ecd90ed41f9d,S2227604,S2227604,1,2022-07-05,1R,pAMR0,3,S2302643,S2302643,3,2023-01-17,1R,pAMR0,196,0,future_no_significant_rejection,1,0.46498917831060005
image_plus_time,pair_000175,patient_26f6ecd90ed41f9d,S2227604,S2227604,1,2022-07-05,1R,pAMR0,3,S2310080,S2310080,4,2023-03-07,0R,pAMR0,245,0,future_no_significant_rejection,1,0.4696858917308106
image_plus_time,pair_000176,patient_26f6ecd90ed41f9d,S2227604,S2227604,1,2022-07-05,1R,pAMR0,3,S2323107,S2323107,5,2023-05-30,0R,pAMR0,329,0,future_no_significant_rejection,1,0.47590535232785164
image_plus_time,pair_000177,patient_26f6ecd90ed41f9d,S2243826,S2243826,2,2022-10-19,1R,pAMR0,1,S2302643,S2302643,3,2023-01-17,1R,pAMR0,90,0,future_no_significant_rejection,1,0.430265116884237
image_plus_time,pair_000178,patient_26f6ecd90ed41f9d,S2243826,S2243826,2,2022-10-19,1R,pAMR0,1,S2310080,S2310080,4,2023-03-07,0R,pAMR0,139,0,future_no_significant_rejection,1,0.4392567807283806
image_plus_time,pair_000179,patient_26f6ecd90ed41f9d,S2243826,S2243826,2,2022-10-19,1R,pAMR0,1,S2323107,S2323107,5,2023-05-30,0R,pAMR0,223,0,future_no_significant_rejection,1,0.44911258290638295
image_plus_time,pair_000180,patient_26f6ecd90ed41f9d,S2302643,S2302643,3,2023-01-17,1R,pAMR0,7,S2310080,S2310080,4,2023-03-07,0R,pAMR0,49,0,future_no_significant_rejection,1,0.45334782948487024
image_plus_time,pair_000181,patient_26f6ecd90ed41f9d,S2302643,S2302643,3,2023-01-17,1R,pAMR0,7,S2323107,S2323107,5,2023-05-30,0R,pAMR0,133,0,future_no_significant_rejection,1,0.47416854644466977
image_plus_time,pair_000182,patient_26f6ecd90ed41f9d,S2310080,S2310080,4,2023-03-07,0R,pAMR0,5,S2323107,S2323107,5,2023-05-30,0R,pAMR0,84,0,future_no_significant_rejection,1,0.6425012249386542
image_plus_time,pair_000183,patient_2999b7afa4f16b6d,S2108730,S2108730,1,2021-03-02,0R,pAMR0,1,S2130897,S2130897,2,2021-07-20,0R,pAMR0,140,0,future_no_significant_rejection,1,0.30612853752598795
image_plus_time,pair_000184,patient_2999b7afa4f16b6d,S2108730,S2108730,1,2021-03-02,0R,pAMR0,1,S2143767,S2143767,3,2021-10-12,1R,pAMR0,224,0,future_no_significant_rejection,1,0.314624755660005
image_plus_time,pair_000185,patient_2999b7afa4f16b6d,S2130897,S2130897,2,2021-07-20,0R,pAMR0,1,S2143767,S2143767,3,2021-10-12,1R,pAMR0,84,0,future_no_significant_rejection,1,0.6772861413211851
image_plus_time,pair_000230,patient_30b34f698447ae86,S2202564,S2202564,1,2022-01-18,0R,pAMR0,1,S2206288,S2206288,2,2022-02-15,0R,pAMR0,28,0,future_no_significant_rejection,1,0.11021853928623779
image_plus_time,pair_000231,patient_30b34f698447ae86,S2202564,S2202564,1,2022-01-18,0R,pAMR0,1,S2209232,S2209232,3,2022-03-08,0R,pAMR0,49,0,future_no_significant_rejection,1,0.11483866403871659
image_plus_time,pair_000232,patient_30b34f698447ae86,S2202564,S2202564,1,2022-01-18,0R,pAMR0,1,S2214324,S2214324,4,2022-04-12,0R,pAMR0,84,0,future_no_significant_rejection,1,0.11950035236639689
image_plus_time,pair_000233,patient_30b34f698447ae86,S2202564,S2202564,1,2022-01-18,0R,pAMR0,1,S2220927,S2220927,5,2022-05-24,0R,pAMR0,126,0,future_no_significant_rejection,1,0.12313585613591624
image_plus_time,pair_000234,patient_30b34f698447ae86,S2202564,S2202564,1,2022-01-18,0R,pAMR0,1,S2227621,S2227621,6,2022-07-05,1R,pAMR0,168,0,future_no_significant_rejection,1,0.1257802440152433
image_plus_time,pair_000235,patient_30b34f698447ae86,S2202564,S2202564,1,2022-01-18,0R,pAMR0,1,S2241564,S2241564,7,2022-10-04,1R,pAMR0,259,0,future_no_significant_rejection,1,0.1298591330730314
image_plus_time,pair_000236,patient_30b34f698447ae86,S2202564,S2202564,1,2022-01-18,0R,pAMR0,1,S2300331,S2300331,8,2023-01-03,0R,pAMR0,350,0,future_no_significant_rejection,1,0.1327667669109258
image_plus_time,pair_000237,patient_30b34f698447ae86,S2202564,S2202564,1,2022-01-18,0R,pAMR0,1,S2326330,S2326330,9,2023-06-20,0R,pAMR0,518,0,future_no_significant_rejection,1,0.13663876302574862
image_plus_time,pair_000238,patient_30b34f698447ae86,S2206288,S2206288,2,2022-02-15,0R,pAMR0,2,S2209232,S2209232,3,2022-03-08,0R,pAMR0,21,0,future_no_significant_rejection,1,0.4230657651316773
image_plus_time,pair_000239,patient_30b34f698447ae86,S2206288,S2206288,2,2022-02-15,0R,pAMR0,2,S2214324,S2214324,4,2022-04-12,0R,pAMR0,56,0,future_no_significant_rejection,1,0.4429156969043586
image_plus_time,pair_000240,patient_30b34f698447ae86,S2206288,S2206288,2,2022-02-15,0R,pAMR0,2,S2220927,S2220927,5,2022-05-24,0R,pAMR0,98,0,future_no_significant_rejection,1,0.45451497524947715
image_plus_time,pair_000241,patient_30b34f698447ae86,S2206288,S2206288,2,2022-02-15,0R,pAMR0,2,S2227621,S2227621,6,2022-07-05,1R,pAMR0,140,0,future_no_significant_rejection,1,0.4619719929661623
image_plus_time,pair_000242,patient_30b34f698447ae86,S2206288,S2206288,2,2022-02-15,0R,pAMR0,2,S2241564,S2241564,7,2022-10-04,1R,pAMR0,231,0,future_no_significant_rejection,1,0.47250072697523515
image_plus_time,pair_000243,patient_30b34f698447ae86,S2206288,S2206288,2,2022-02-15,0R,pAMR0,2,S2300331,S2300331,8,2023-01-03,0R,pAMR0,322,0,future_no_significant_rejection,1,0.4795113977869727
image_plus_time,pair_000244,patient_30b34f698447ae86,S2206288,S2206288,2,2022-02-15,0R,pAMR0,2,S2326330,S2326330,9,2023-06-20,0R,pAMR0,490,0,future_no_significant_rejection,1,0.48839503434435594
image_plus_time,pair_000245,patient_30b34f698447ae86,S2209232,S2209232,3,2022-03-08,0R,pAMR0,1,S2214324,S2214324,4,2022-04-12,0R,pAMR0,35,0,future_no_significant_rejection,1,0.4158711533054749
image_plus_time,pair_000246,patient_30b34f698447ae86,S2209232,S2209232,3,2022-03-08,0R,pAMR0,1,S2220927,S2220927,5,2022-05-24,0R,pAMR0,77,0,future_no_significant_rejection,1,0.43190783521067266
image_plus_time,pair_000247,patient_30b34f698447ae86,S2209232,S2209232,3,2022-03-08,0R,pAMR0,1,S2227621,S2227621,6,2022-07-05,1R,pAMR0,119,0,future_no_significant_rejection,1,0.4409072615832641
image_plus_time,pair_000248,patient_30b34f698447ae86,S2209232,S2209232,3,2022-03-08,0R,pAMR0,1,S2241564,S2241564,7,2022-10-04,1R,pAMR0,210,0,future_no_significant_rejection,1,0.4527554644086635
image_plus_time,pair_000249,patient_30b34f698447ae86,S2209232,S2209232,3,2022-03-08,0R,pAMR0,1,S2300331,S2300331,8,2023-01-03,0R,pAMR0,301,0,future_no_significant_rejection,1,0.4603119718738104
image_plus_time,pair_000250,patient_30b34f698447ae86,S2209232,S2209232,3,2022-03-08,0R,pAMR0,1,S2326330,S2326330,9,2023-06-20,0R,pAMR0,469,0,future_no_significant_rejection,1,0.4696579786253219
image_plus_time,pair_000251,patient_30b34f698447ae86,S2214324,S2214324,4,2022-04-12,0R,pAMR0,1,S2220927,S2220927,5,2022-05-24,0R,pAMR0,42,0,future_no_significant_rejection,1,0.1453486230386261
image_plus_time,pair_000252,patient_30b34f698447ae86,S2214324,S2214324,4,2022-04-12,0R,pAMR0,1,S2227621,S2227621,6,2022-07-05,1R,pAMR0,84,0,future_no_significant_rejection,1,0.15268751527101654
image_plus_time,pair_000253,patient_30b34f698447ae86,S2214324,S2214324,4,2022-04-12,0R,pAMR0,1,S2241564,S2241564,7,2022-10-04,1R,pAMR0,175,0,future_no_significant_rejection,1,0.16085852221406444
image_plus_time,pair_000254,patient_30b34f698447ae86,S2214324,S2214324,4,2022-04-12,0R,pAMR0,1,S2300331,S2300331,8,2023-01-03,0R,pAMR0,266,0,future_no_significant_rejection,1,0.16569446772515126
image_plus_time,pair_000255,patient_30b34f698447ae86,S2214324,S2214324,4,2022-04-12,0R,pAMR0,1,S2326330,S2326330,9,2023-06-20,0R,pAMR0,434,0,future_no_significant_rejection,1,0.17150545020379696
image_plus_time,pair_000256,patient_30b34f698447ae86,S2220927,S2220927,5,2022-05-24,0R,pAMR0,1,S2227621,S2227621,6,2022-07-05,1R,pAMR0,42,0,future_no_significant_rejection,1,0.4780877843216332
image_plus_time,pair_000257,patient_30b34f698447ae86,S2220927,S2220927,5,2022-05-24,0R,pAMR0,1,S2241564,S2241564,7,2022-10-04,1R,pAMR0,133,0,future_no_significant_rejection,1,0.5022102348945016
image_plus_time,pair_000258,patient_30b34f698447ae86,S2220927,S2220927,5,2022-05-24,0R,pAMR0,1,S2300331,S2300331,8,2023-01-03,0R,pAMR0,224,0,future_no_significant_rejection,1,0.5132124208812057
image_plus_time,pair_000259,patient_30b34f698447ae86,S2220927,S2220927,5,2022-05-24,0R,pAMR0,1,S2326330,S2326330,9,2023-06-20,0R,pAMR0,392,0,future_no_significant_rejection,1,0.5250374769017224
image_plus_time,pair_000260,patient_30b34f698447ae86,S2227621,S2227621,6,2022-07-05,1R,pAMR0,1,S2241564,S2241564,7,2022-10-04,1R,pAMR0,91,0,future_no_significant_rejection,1,0.16445039393255634
image_plus_time,pair_000261,patient_30b34f698447ae86,S2227621,S2227621,6,2022-07-05,1R,pAMR0,1,S2300331,S2300331,8,2023-01-03,0R,pAMR0,182,0,future_no_significant_rejection,1,0.17263480152183527
image_plus_time,pair_000262,patient_30b34f698447ae86,S2227621,S2227621,6,2022-07-05,1R,pAMR0,1,S2326330,S2326330,9,2023-06-20,0R,pAMR0,350,0,future_no_significant_rejection,1,0.18068011304967396
image_plus_time,pair_000263,patient_30b34f698447ae86,S2241564,S2241564,7,2022-10-04,1R,pAMR0,1,S2300331,S2300331,8,2023-01-03,0R,pAMR0,91,0,future_no_significant_rejection,1,0.42774588943547276
image_plus_time,pair_000264,patient_30b34f698447ae86,S2241564,S2241564,7,2022-10-04,1R,pAMR0,1,S2326330,S2326330,9,2023-06-20,0R,pAMR0,259,0,future_no_significant_rejection,1,0.44947048269477463
image_plus_time,pair_000265,patient_30b34f698447ae86,S2300331,S2300331,8,2023-01-03,0R,pAMR0,2,S2326330,S2326330,9,2023-06-20,0R,pAMR0,168,0,future_no_significant_rejection,1,0.1668602456517996
image_plus_time,pair_000362,patient_441646021a546773,S2208362,S2208362,1,2022-03-02,0R,pAMR0,1,S2210206,S2210206,2,2022-03-15,0R,pAMR0,13,0,future_no_significant_rejection,1,0.46756018741400207
image_plus_time,pair_000363,patient_441646021a546773,S2208362,S2208362,1,2022-03-02,0R,pAMR0,1,S2215454,S2215454,3,2022-04-19,0R,pAMR0,48,0,future_no_significant_rejection,1,0.49411721020363
image_plus_time,pair_000364,patient_441646021a546773,S2208362,S2208362,1,2022-03-02,0R,pAMR0,1,S2219753,S2219753,4,2022-05-17,0R,pAMR0,76,0,future_no_significant_rejection,1,0.5037147607730638
image_plus_time,pair_000365,patient_441646021a546773,S2208362,S2208362,1,2022-03-02,0R,pAMR0,1,S2226370,S2226370,5,2022-06-28,0R,pAMR0,118,0,future_no_significant_rejection,1,0.5129558943749929
image_plus_time,pair_000366,patient_441646021a546773,S2208362,S2208362,1,2022-03-02,0R,pAMR0,1,S2235315,S2235315,6,2022-08-23,0R,pAMR0,174,0,future_no_significant_rejection,1,0.5211357237625984
image_plus_time,pair_000367,patient_441646021a546773,S2208362,S2208362,1,2022-03-02,0R,pAMR0,1,S2248988,S2248988,7,2022-11-22,0R,pAMR0,265,0,future_no_significant_rejection,1,0.530003536763607
image_plus_time,pair_000368,patient_441646021a546773,S2208362,S2208362,1,2022-03-02,0R,pAMR0,1,S2306850,S2306850,8,2023-02-14,0R,pAMR0,349,0,future_no_significant_rejection,1,0.5358058894271975
image_plus_time,pair_000369,patient_441646021a546773,S2208362,S2208362,1,2022-03-02,0R,pAMR0,1,S2322861,S2322861,9,2023-05-26,0R,pAMR0,450,0,future_no_significant_rejection,1,0.5411577371835615
image_plus_time,pair_000370,patient_441646021a546773,S2210206,S2210206,2,2022-03-15,0R,pAMR0,1,S2215454,S2215454,3,2022-04-19,0R,pAMR0,35,0,future_no_significant_rejection,1,0.5115388451527014
image_plus_time,pair_000371,patient_441646021a546773,S2210206,S2210206,2,2022-03-15,0R,pAMR0,1,S2219753,S2219753,4,2022-05-17,0R,pAMR0,63,0,future_no_significant_rejection,1,0.5237408688655725
image_plus_time,pair_000372,patient_441646021a546773,S2210206,S2210206,2,2022-03-15,0R,pAMR0,1,S2226370,S2226370,5,2022-06-28,0R,pAMR0,105,0,future_no_significant_rejection,1,0.5344184467765077
image_plus_time,pair_000373,patient_441646021a546773,S2210206,S2210206,2,2022-03-15,0R,pAMR0,1,S2235315,S2235315,6,2022-08-23,0R,pAMR0,161,0,future_no_significant_rejection,1,0.5433706639828106
image_plus_time,pair_000374,patient_441646021a546773,S2210206,S2210206,2,2022-03-15,0R,pAMR0,1,S2248988,S2248988,7,2022-11-22,0R,pAMR0,252,0,future_no_significant_rejection,1,0.5527493195694436
image_plus_time,pair_000375,patient_441646021a546773,S2210206,S2210206,2,2022-03-15,0R,pAMR0,1,S2306850,S2306850,8,2023-02-14,0R,pAMR0,336,0,future_no_significant_rejection,1,0.5587614677891032
image_plus_time,pair_000376,patient_441646021a546773,S2210206,S2210206,2,2022-03-15,0R,pAMR0,1,S2322861,S2322861,9,2023-05-26,0R,pAMR0,437,0,future_no_significant_rejection,1,0.5642436363757551
image_plus_time,pair_000377,patient_441646021a546773,S2215454,S2215454,3,2022-04-19,0R,pAMR0,1,S2219753,S2219753,4,2022-05-17,0R,pAMR0,28,0,future_no_significant_rejection,1,0.23147171013762685
image_plus_time,pair_000378,patient_441646021a546773,S2215454,S2215454,3,2022-04-19,0R,pAMR0,1,S2226370,S2226370,5,2022-06-28,0R,pAMR0,70,0,future_no_significant_rejection,1,0.24527639138214463
image_plus_time,pair_000379,patient_441646021a546773,S2215454,S2215454,3,2022-04-19,0R,pAMR0,1,S2235315,S2235315,6,2022-08-23,0R,pAMR0,126,0,future_no_significant_rejection,1,0.2545344473277472
image_plus_time,pair_000380,patient_441646021a546773,S2215454,S2215454,3,2022-04-19,0R,pAMR0,1,S2248988,S2248988,7,2022-11-22,0R,pAMR0,217,0,future_no_significant_rejection,1,0.26334027754776623
image_plus_time,pair_000381,patient_441646021a546773,S2215454,S2215454,3,2022-04-19,0R,pAMR0,1,S2306850,S2306850,8,2023-02-14,0R,pAMR0,301,0,future_no_significant_rejection,1,0.26874594915953826
image_plus_time,pair_000382,patient_441646021a546773,S2215454,S2215454,3,2022-04-19,0R,pAMR0,1,S2322861,S2322861,9,2023-05-26,0R,pAMR0,402,0,future_no_significant_rejection,1,0.27358910415551024
image_plus_time,pair_000383,patient_441646021a546773,S2219753,S2219753,4,2022-05-17,0R,pAMR0,1,S2226370,S2226370,5,2022-06-28,0R,pAMR0,42,0,future_no_significant_rejection,1,0.3647504921193266
image_plus_time,pair_000384,patient_441646021a546773,S2219753,S2219753,4,2022-05-17,0R,pAMR0,1,S2235315,S2235315,6,2022-08-23,0R,pAMR0,98,0,future_no_significant_rejection,1,0.3813148072140043
image_plus_time,pair_000385,patient_441646021a546773,S2219753,S2219753,4,2022-05-17,0R,pAMR0,1,S2248988,S2248988,7,2022-11-22,0R,pAMR0,189,0,future_no_significant_rejection,1,0.39446102151669976
image_plus_time,pair_000386,patient_441646021a546773,S2219753,S2219753,4,2022-05-17,0R,pAMR0,1,S2306850,S2306850,8,2023-02-14,0R,pAMR0,273,0,future_no_significant_rejection,1,0.40191271369526727
image_plus_time,pair_000387,patient_441646021a546773,S2219753,S2219753,4,2022-05-17,0R,pAMR0,1,S2322861,S2322861,9,2023-05-26,0R,pAMR0,374,0,future_no_significant_rejection,1,0.40833617550014195
image_plus_time,pair_000388,patient_441646021a546773,S2226370,S2226370,5,2022-06-28,0R,pAMR0,1,S2235315,S2235315,6,2022-08-23,0R,pAMR0,56,0,future_no_significant_rejection,1,0.11068504171623265
image_plus_time,pair_000389,patient_441646021a546773,S2226370,S2226370,5,2022-06-28,0R,pAMR0,1,S2248988,S2248988,7,2022-11-22,0R,pAMR0,147,0,future_no_significant_rejection,1,0.11891800914518127
image_plus_time,pair_000390,patient_441646021a546773,S2226370,S2226370,5,2022-06-28,0R,pAMR0,1,S2306850,S2306850,8,2023-02-14,0R,pAMR0,231,0,future_no_significant_rejection,1,0.1229772209536268
image_plus_time,pair_000391,patient_441646021a546773,S2226370,S2226370,5,2022-06-28,0R,pAMR0,1,S2322861,S2322861,9,2023-05-26,0R,pAMR0,332,0,future_no_significant_rejection,1,0.1263265876968581
image_plus_time,pair_000392,patient_441646021a546773,S2235315,S2235315,6,2022-08-23,0R,pAMR0,1,S2248988,S2248988,7,2022-11-22,0R,pAMR0,91,0,future_no_significant_rejection,1,0.12585998447166066
image_plus_time,pair_000393,patient_441646021a546773,S2235315,S2235315,6,2022-08-23,0R,pAMR0,1,S2306850,S2306850,8,2023-02-14,0R,pAMR0,175,0,future_no_significant_rejection,1,0.13204805981564674
image_plus_time,pair_000394,patient_441646021a546773,S2235315,S2235315,6,2022-08-23,0R,pAMR0,1,S2322861,S2322861,9,2023-05-26,0R,pAMR0,276,0,future_no_significant_rejection,1,0.13652616468832152
image_plus_time,pair_000395,patient_441646021a546773,S2248988,S2248988,7,2022-11-22,0R,pAMR0,1,S2306850,S2306850,8,2023-02-14,0R,pAMR0,84,0,future_no_significant_rejection,1,0.29008933774237905
image_plus_time,pair_000396,patient_441646021a546773,S2248988,S2248988,7,2022-11-22,0R,pAMR0,1,S2322861,S2322861,9,2023-05-26,0R,pAMR0,185,0,future_no_significant_rejection,1,0.3039762589055772
image_plus_time,pair_000397,patient_441646021a546773,S2306850,S2306850,8,2023-02-14,0R,pAMR0,1,S2322861,S2322861,9,2023-05-26,0R,pAMR0,101,0,future_no_significant_rejection,1,0.5489345658429748
image_plus_time,pair_000407,patient_4a2bd6cb3f9d710c,S2306848,S2306848,1,2023-02-14,0R,pAMR0,1,S2310074,S2310074,2,2023-03-07,0R,pAMR0,21,0,future_no_significant_rejection,1,0.6881901206852424
image_plus_time,pair_000408,patient_4a2bd6cb3f9d710c,S2306848,S2306848,1,2023-02-14,0R,pAMR0,1,S2315838,S2315838,3,2023-04-11,1R,pAMR0,56,0,future_no_significant_rejection,1,0.7052729069802932
image_plus_time,pair_000409,patient_4a2bd6cb3f9d710c,S2306848,S2306848,1,2023-02-14,0R,pAMR0,1,S2323104,S2323104,4,2023-05-30,0R,pAMR0,105,0,future_no_significant_rejection,1,0.7161066922907673
image_plus_time,pair_000410,patient_4a2bd6cb3f9d710c,S2306848,S2306848,1,2023-02-14,0R,pAMR0,1,S2406755,S2406755,5,2024-02-13,0R,pAMR0,364,0,future_no_significant_rejection,1,0.7369653864176422
image_plus_time,pair_000411,patient_4a2bd6cb3f9d710c,S2310074,S2310074,2,2023-03-07,0R,pAMR0,1,S2315838,S2315838,3,2023-04-11,1R,pAMR0,35,0,future_no_significant_rejection,1,0.2124300594371493
image_plus_time,pair_000412,patient_4a2bd6cb3f9d710c,S2310074,S2310074,2,2023-03-07,0R,pAMR0,1,S2323104,S2323104,4,2023-05-30,0R,pAMR0,84,0,future_no_significant_rejection,1,0.22489501642819945
image_plus_time,pair_000413,patient_4a2bd6cb3f9d710c,S2310074,S2310074,2,2023-03-07,0R,pAMR0,1,S2406755,S2406755,5,2024-02-13,0R,pAMR0,343,0,future_no_significant_rejection,1,0.24626741440070973
image_plus_time,pair_000414,patient_4a2bd6cb3f9d710c,S2315838,S2315838,3,2023-04-11,1R,pAMR0,2,S2323104,S2323104,4,2023-05-30,0R,pAMR0,49,0,future_no_significant_rejection,1,0.18156874089336214
image_plus_time,pair_000415,patient_4a2bd6cb3f9d710c,S2315838,S2315838,3,2023-04-11,1R,pAMR0,2,S2406755,S2406755,5,2024-02-13,0R,pAMR0,308,0,future_no_significant_rejection,1,0.20569834821931676
image_plus_time,pair_000416,patient_4a2bd6cb3f9d710c,S2323104,S2323104,4,2023-05-30,0R,pAMR0,6,S2406755,S2406755,5,2024-02-13,0R,pAMR0,259,0,future_no_significant_rejection,1,0.24117582681688876
image_plus_time,pair_000429,patient_4ab30837cfd3692a,S2415689,S2415689,1,2024-05-28,1R,pAMR0,3,S2417717,S2417717,2,2024-06-18,0R,pAMR0,21,0,future_no_significant_rejection,1,0.08196682199529827
image_plus_time,pair_000430,patient_4ab30837cfd3692a,S2415689,S2415689,1,2024-05-28,1R,pAMR0,3,S2433346,S2433346,3,2024-11-19,1R,pAMR0,175,0,future_no_significant_rejection,1,0.09627717231295461
image_plus_time,pair_000431,patient_4ab30837cfd3692a,S2415689,S2415689,1,2024-05-28,1R,pAMR0,3,S2505506,S2505506,4,2025-02-25,0R,pAMR0,273,0,future_no_significant_rejection,1,0.09959853085525662
image_plus_time,pair_000432,patient_4ab30837cfd3692a,S2417717,S2417717,2,2024-06-18,0R,pAMR0,2,S2433346,S2433346,3,2024-11-19,1R,pAMR0,154,0,future_no_significant_rejection,1,0.3668537790432628
image_plus_time,pair_000433,patient_4ab30837cfd3692a,S2417717,S2417717,2,2024-06-18,0R,pAMR0,2,S2505506,S2505506,4,2025-02-25,0R,pAMR0,252,0,future_no_significant_rejection,1,0.3765728183412743
image_plus_time,pair_000434,patient_4ab30837cfd3692a,S2433346,S2433346,3,2024-11-19,1R,pAMR0,2,S2505506,S2505506,4,2025-02-25,0R,pAMR0,98,0,future_no_significant_rejection,1,0.12505747082812302
image_plus_time,pair_000435,patient_4af3110fd801b611,S2345468,S2345468,1,2023-10-24,0R,pAMR0,1,S2353995,S2353995,2,2023-12-19,0R,pAMR0,56,0,future_no_significant_rejection,1,0.1098205910885449
image_plus_time,pair_000436,patient_4af3110fd801b611,S2345468,S2345468,1,2023-10-24,0R,pAMR0,1,S2402481,S2402481,3,2024-01-16,0R,pAMR0,84,0,future_no_significant_rejection,1,0.11318296618093464
image_plus_time,pair_000437,patient_4af3110fd801b611,S2345468,S2345468,1,2023-10-24,0R,pAMR0,1,S2408486,S2408486,4,2024-02-27,0R,pAMR0,126,0,future_no_significant_rejection,1,0.11665174118058658
image_plus_time,pair_000438,patient_4af3110fd801b611,S2345468,S2345468,1,2023-10-24,0R,pAMR0,1,S2412060,S2412060,5,2024-04-16,0R,pAMR0,175,0,future_no_significant_rejection,1,0.11953815524444218
image_plus_time,pair_000439,patient_4af3110fd801b611,S2345468,S2345468,1,2023-10-24,0R,pAMR0,1,S2420602,S2420602,6,2024-07-16,0R,pAMR0,266,0,future_no_significant_rejection,1,0.12331442154223611
image_plus_time,pair_000440,patient_4af3110fd801b611,S2345468,S2345468,1,2023-10-24,0R,pAMR0,1,S2429676,S2429676,7,2024-10-15,0R,pAMR0,357,0,future_no_significant_rejection,1,0.1260329265339174
image_plus_time,pair_000441,patient_4af3110fd801b611,S2353995,S2353995,2,2023-12-19,0R,pAMR0,1,S2402481,S2402481,3,2024-01-16,0R,pAMR0,28,0,future_no_significant_rejection,1,0.2358101246751337
image_plus_time,pair_000442,patient_4af3110fd801b611,S2353995,S2353995,2,2023-12-19,0R,pAMR0,1,S2408486,S2408486,4,2024-02-27,0R,pAMR0,70,0,future_no_significant_rejection,1,0.24978944780817086
image_plus_time,pair_000443,patient_4af3110fd801b611,S2353995,S2353995,2,2023-12-19,0R,pAMR0,1,S2412060,S2412060,5,2024-04-16,0R,pAMR0,119,0,future_no_significant_rejection,1,0.2582358361923642
image_plus_time,pair_000444,patient_4af3110fd801b611,S2353995,S2353995,2,2023-12-19,0R,pAMR0,1,S2420602,S2420602,6,2024-07-16,0R,pAMR0,210,0,future_no_significant_rejection,1,0.26752408106847925
image_plus_time,pair_000445,patient_4af3110fd801b611,S2353995,S2353995,2,2023-12-19,0R,pAMR0,1,S2429676,S2429676,7,2024-10-15,0R,pAMR0,301,0,future_no_significant_rejection,1,0.2735343320304089
image_plus_time,pair_000446,patient_4af3110fd801b611,S2402481,S2402481,3,2024-01-16,0R,pAMR0,1,S2408486,S2408486,4,2024-02-27,0R,pAMR0,42,0,future_no_significant_rejection,1,0.07521651065752592
image_plus_time,pair_000447,patient_4af3110fd801b611,S2402481,S2402481,3,2024-01-16,0R,pAMR0,1,S2412060,S2412060,5,2024-04-16,0R,pAMR0,91,0,future_no_significant_rejection,1,0.0798354707088858
image_plus_time,pair_000448,patient_4af3110fd801b611,S2402481,S2402481,3,2024-01-16,0R,pAMR0,1,S2420602,S2420602,6,2024-07-16,0R,pAMR0,182,0,future_no_significant_rejection,1,0.084233274321825
image_plus_time,pair_000449,patient_4af3110fd801b611,S2402481,S2402481,3,2024-01-16,0R,pAMR0,1,S2429676,S2429676,7,2024-10-15,0R,pAMR0,273,0,future_no_significant_rejection,1,0.08691595266117073
image_plus_time,pair_000450,patient_4af3110fd801b611,S2408486,S2408486,4,2024-02-27,0R,pAMR0,1,S2412060,S2412060,5,2024-04-16,0R,pAMR0,49,0,future_no_significant_rejection,1,0.11851824967879489
image_plus_time,pair_000451,patient_4af3110fd801b611,S2408486,S2408486,4,2024-02-27,0R,pAMR0,1,S2420602,S2420602,6,2024-07-16,0R,pAMR0,140,0,future_no_significant_rejection,1,0.12803149252355772
image_plus_time,pair_000452,patient_4af3110fd801b611,S2408486,S2408486,4,2024-02-27,0R,pAMR0,1,S2429676,S2429676,7,2024-10-15,0R,pAMR0,231,0,future_no_significant_rejection,1,0.13282839070816171
image_plus_time,pair_000453,patient_4af3110fd801b611,S2412060,S2412060,5,2024-04-16,0R,pAMR0,4,S2420602,S2420602,6,2024-07-16,0R,pAMR0,91,0,future_no_significant_rejection,1,0.14893635913133244
image_plus_time,pair_000454,patient_4af3110fd801b611,S2412060,S2412060,5,2024-04-16,0R,pAMR0,4,S2429676,S2429676,7,2024-10-15,0R,pAMR0,182,0,future_no_significant_rejection,1,0.15649327115817296
image_plus_time,pair_000455,patient_4af3110fd801b611,S2420602,S2420602,6,2024-07-16,0R,pAMR0,1,S2429676,S2429676,7,2024-10-15,0R,pAMR0,91,0,future_no_significant_rejection,1,0.09399858769166844
image_plus_time,pair_000456,patient_4cb9dbad2d74486f,S2149397,S2149397,1,2021-11-16,0R,pAMR0,1,S2151616,S2151616,2,2021-11-30,1R,pAMR0,14,0,future_no_significant_rejection,1,0.4500627413959087
image_plus_time,pair_000457,patient_4cb9dbad2d74486f,S2149397,S2149397,1,2021-11-16,0R,pAMR0,1,S2211181,S2211181,3,2022-03-22,0R,pAMR0,126,0,future_no_significant_rejection,1,0.4952566447476894
image_plus_time,pair_000458,patient_4cb9dbad2d74486f,S2149397,S2149397,1,2021-11-16,0R,pAMR0,1,S2226371,S2226371,4,2022-06-28,0R,pAMR0,224,0,future_no_significant_rejection,1,0.5074005238703039
image_plus_time,pair_000459,patient_4cb9dbad2d74486f,S2149397,S2149397,1,2021-11-16,0R,pAMR0,1,S2239521,S2239521,5,2022-09-20,0R,pAMR0,308,0,future_no_significant_rejection,1,0.5141338982498063
image_plus_time,pair_000460,patient_4cb9dbad2d74486f,S2151616,S2151616,2,2021-11-30,1R,pAMR0,1,S2211181,S2211181,3,2022-03-22,0R,pAMR0,112,0,future_no_significant_rejection,1,0.26824238293609254
image_plus_time,pair_000461,patient_4cb9dbad2d74486f,S2151616,S2151616,2,2021-11-30,1R,pAMR0,1,S2226371,S2226371,4,2022-06-28,0R,pAMR0,210,0,future_no_significant_rejection,1,0.2787810788553483
image_plus_time,pair_000462,patient_4cb9dbad2d74486f,S2151616,S2151616,2,2021-11-30,1R,pAMR0,1,S2239521,S2239521,5,2022-09-20,0R,pAMR0,294,0,future_no_significant_rejection,1,0.2845401529031362
image_plus_time,pair_000463,patient_4cb9dbad2d74486f,S2211181,S2211181,3,2022-03-22,0R,pAMR0,1,S2226371,S2226371,4,2022-06-28,0R,pAMR0,98,0,future_no_significant_rejection,1,0.7206131943320552
image_plus_time,pair_000464,patient_4cb9dbad2d74486f,S2211181,S2211181,3,2022-03-22,0R,pAMR0,1,S2239521,S2239521,5,2022-09-20,0R,pAMR0,182,0,future_no_significant_rejection,1,0.7309975234249088
image_plus_time,pair_000465,patient_4cb9dbad2d74486f,S2226371,S2226371,4,2022-06-28,0R,pAMR0,1,S2239521,S2239521,5,2022-09-20,0R,pAMR0,84,0,future_no_significant_rejection,1,0.13887337921468842
image_plus_time,pair_000482,patient_5ad31502c2708b1a,S2334384,S2334384,1,2023-08-08,0R,pAMR0,2,S2338781,S2338781,2,2023-09-05,0R,pAMR0,28,0,future_no_significant_rejection,1,0.16131037201187612
image_plus_time,pair_000483,patient_5ad31502c2708b1a,S2334384,S2334384,1,2023-08-08,0R,pAMR0,2,S2342677,S2342677,3,2023-10-04,0R,pAMR0,57,0,future_no_significant_rejection,1,0.16943531460912165
image_plus_time,pair_000484,patient_5ad31502c2708b1a,S2338781,S2338781,2,2023-09-05,0R,pAMR0,1,S2342677,S2342677,3,2023-10-04,0R,pAMR0,29,0,future_no_significant_rejection,1,0.13371840732343218
image_plus_time,pair_000485,patient_5d35983cfd191fff,S2138905,S2138905,1,2021-09-07,1R,pAMR0,2,S2144969,S2144969,2,2021-10-19,0R,pAMR0,42,0,future_no_significant_rejection,1,0.22684976995544756
image_plus_time,pair_000486,patient_5d35983cfd191fff,S2138905,S2138905,1,2021-09-07,1R,pAMR0,2,S2205211,S2205211,3,2022-02-08,0R,pAMR0,154,0,future_no_significant_rejection,1,0.24651739961505537
image_plus_time,pair_000487,patient_5d35983cfd191fff,S2138905,S2138905,1,2021-09-07,1R,pAMR0,2,S2216605,S2216605,4,2022-04-26,0R,pAMR0,231,0,future_no_significant_rejection,1,0.2529356808050461
image_plus_time,pair_000488,patient_5d35983cfd191fff,S2144969,S2144969,2,2021-10-19,0R,pAMR0,1,S2205211,S2205211,3,2022-02-08,0R,pAMR0,112,0,future_no_significant_rejection,1,0.13261069954859175
image_plus_time,pair_000489,patient_5d35983cfd191fff,S2144969,S2144969,2,2021-10-19,0R,pAMR0,1,S2216605,S2216605,4,2022-04-26,0R,pAMR0,189,0,future_no_significant_rejection,1,0.13777049148715892
image_plus_time,pair_000490,patient_5d35983cfd191fff,S2205211,S2205211,3,2022-02-08,0R,pAMR0,1,S2216605,S2216605,4,2022-04-26,0R,pAMR0,77,0,future_no_significant_rejection,1,0.846067397561402
image_plus_time,pair_000491,patient_5ee21afd8d2dea4c,S2315839,S2315839,1,2023-04-11,1R,pAMR0,4,S2318954,S2318954,2,2023-05-02,1R,pAMR0,21,0,future_no_significant_rejection,1,0.4811445057533671
image_plus_time,pair_000492,patient_5ee21afd8d2dea4c,S2315839,S2315839,1,2023-04-11,1R,pAMR0,4,S2325144,S2325144,3,2023-06-13,1R,pAMR0,63,0,future_no_significant_rejection,1,0.5038110494502918
image_plus_time,pair_000493,patient_5ee21afd8d2dea4c,S2315839,S2315839,1,2023-04-11,1R,pAMR0,4,S2330988,S2330988,4,2023-07-18,0R,pAMR0,98,0,future_no_significant_rejection,1,0.5130716185290051
image_plus_time,pair_000494,patient_5ee21afd8d2dea4c,S2315839,S2315839,1,2023-04-11,1R,pAMR0,4,S2338782,S2338782,5,2023-09-05,0R,pAMR0,147,0,future_no_significant_rejection,1,0.5215995669999853
image_plus_time,pair_000495,patient_5ee21afd8d2dea4c,S2315839,S2315839,1,2023-04-11,1R,pAMR0,4,S2408854,S2408854,6,2024-03-05,0R,pAMR0,329,0,future_no_significant_rejection,1,0.538564179648322
image_plus_time,pair_000496,patient_5ee21afd8d2dea4c,S2318954,S2318954,2,2023-05-02,1R,pAMR0,1,S2325144,S2325144,3,2023-06-13,1R,pAMR0,42,0,future_no_significant_rejection,1,0.5721116547215854
image_plus_time,pair_000497,patient_5ee21afd8d2dea4c,S2318954,S2318954,2,2023-05-02,1R,pAMR0,1,S2330988,S2330988,4,2023-07-18,0R,pAMR0,77,0,future_no_significant_rejection,1,0.5844466082115928
image_plus_time,pair_000498,patient_5ee21afd8d2dea4c,S2318954,S2318954,2,2023-05-02,1R,pAMR0,1,S2338782,S2338782,5,2023-09-05,0R,pAMR0,126,0,future_no_significant_rejection,1,0.5944664489610756
image_plus_time,pair_000499,patient_5ee21afd8d2dea4c,S2318954,S2318954,2,2023-05-02,1R,pAMR0,1,S2408854,S2408854,6,2024-03-05,0R,pAMR0,308,0,future_no_significant_rejection,1,0.6125361288395135
image_plus_time,pair_000500,patient_5ee21afd8d2dea4c,S2325144,S2325144,3,2023-06-13,1R,pAMR0,1,S2330988,S2330988,4,2023-07-18,0R,pAMR0,35,0,future_no_significant_rejection,1,0.35907585026640254
image_plus_time,pair_000501,patient_5ee21afd8d2dea4c,S2325144,S2325144,3,2023-06-13,1R,pAMR0,1,S2338782,S2338782,5,2023-09-05,0R,pAMR0,84,0,future_no_significant_rejection,1,0.37603715327838083
image_plus_time,pair_000502,patient_5ee21afd8d2dea4c,S2325144,S2325144,3,2023-06-13,1R,pAMR0,1,S2408854,S2408854,6,2024-03-05,0R,pAMR0,266,0,future_no_significant_rejection,1,0.3991085395261428
image_plus_time,pair_000503,patient_5ee21afd8d2dea4c,S2330988,S2330988,4,2023-07-18,0R,pAMR0,1,S2338782,S2338782,5,2023-09-05,0R,pAMR0,49,0,future_no_significant_rejection,1,0.43450380436470726
image_plus_time,pair_000504,patient_5ee21afd8d2dea4c,S2330988,S2330988,4,2023-07-18,0R,pAMR0,1,S2408854,S2408854,6,2024-03-05,0R,pAMR0,231,0,future_no_significant_rejection,1,0.46676397775951833
image_plus_time,pair_000505,patient_5ee21afd8d2dea4c,S2338782,S2338782,5,2023-09-05,0R,pAMR0,1,S2408854,S2408854,6,2024-03-05,0R,pAMR0,182,0,future_no_significant_rejection,1,0.13571715051794314
image_plus_time,pair_000506,patient_61128f527d32178f,S2132028,S2132028,1,2021-07-27,0R,pAMR0,1,S2144966,S2144966,2,2021-10-19,0R,pAMR0,84,0,future_no_significant_rejection,1,0.08127237319992693
image_plus_time,pair_000517,patient_6e23f91caa098b84,S2419849,S2419849,1,2024-07-09,1R,pAMR0,4,S2422139,S2422139,2,2024-07-30,0R,pAMR0,21,0,future_no_significant_rejection,1,0.17705126476081046
image_plus_time,pair_000518,patient_6e23f91caa098b84,S2419849,S2419849,1,2024-07-09,1R,pAMR0,4,S2427693,S2427693,3,2024-09-24,0R,pAMR0,77,0,future_no_significant_rejection,1,0.19326248904373025
image_plus_time,pair_000519,patient_6e23f91caa098b84,S2419849,S2419849,1,2024-07-09,1R,pAMR0,4,S2433342,S2433342,4,2024-11-19,0R,pAMR0,133,0,future_no_significant_rejection,1,0.2005299530993602
image_plus_time,pair_000520,patient_6e23f91caa098b84,S2419849,S2419849,1,2024-07-09,1R,pAMR0,4,S2437880,S2437880,5,2024-12-31,0R,pAMR0,175,0,future_no_significant_rejection,1,0.204268408674191
image_plus_time,pair_000521,patient_6e23f91caa098b84,S2419849,S2419849,1,2024-07-09,1R,pAMR0,4,S2506961,S2506961,6,2025-03-11,0R,pAMR0,245,0,future_no_significant_rejection,1,0.20893033501280375
image_plus_time,pair_000522,patient_6e23f91caa098b84,S2422139,S2422139,2,2024-07-30,0R,pAMR0,2,S2427693,S2427693,3,2024-09-24,0R,pAMR0,56,0,future_no_significant_rejection,1,0.09069465357339873
image_plus_time,pair_000523,patient_6e23f91caa098b84,S2422139,S2422139,2,2024-07-30,0R,pAMR0,2,S2433342,S2433342,4,2024-11-19,0R,pAMR0,112,0,future_no_significant_rejection,1,0.09560379055595536
image_plus_time,pair_000524,patient_6e23f91caa098b84,S2422139,S2422139,2,2024-07-30,0R,pAMR0,2,S2437880,S2437880,5,2024-12-31,0R,pAMR0,154,0,future_no_significant_rejection,1,0.09795016757162
image_plus_time,pair_000525,patient_6e23f91caa098b84,S2422139,S2422139,2,2024-07-30,0R,pAMR0,2,S2506961,S2506961,6,2025-03-11,0R,pAMR0,224,0,future_no_significant_rejection,1,0.10078288921849118
image_plus_time,pair_000526,patient_6e23f91caa098b84,S2427693,S2427693,3,2024-09-24,0R,pAMR0,6,S2433342,S2433342,4,2024-11-19,0R,pAMR0,56,0,future_no_significant_rejection,1,0.1439728094021377
image_plus_time,pair_000527,patient_6e23f91caa098b84,S2427693,S2427693,3,2024-09-24,0R,pAMR0,6,S2437880,S2437880,5,2024-12-31,0R,pAMR0,98,0,future_no_significant_rejection,1,0.14984910402475698
image_plus_time,pair_000528,patient_6e23f91caa098b84,S2427693,S2427693,3,2024-09-24,0R,pAMR0,6,S2506961,S2506961,6,2025-03-11,0R,pAMR0,168,0,future_no_significant_rejection,1,0.15572837207365342
image_plus_time,pair_000529,patient_6e23f91caa098b84,S2433342,S2433342,4,2024-11-19,0R,pAMR0,2,S2437880,S2437880,5,2024-12-31,0R,pAMR0,42,0,future_no_significant_rejection,1,0.10770008466515267
image_plus_time,pair_000530,patient_6e23f91caa098b84,S2433342,S2433342,4,2024-11-19,0R,pAMR0,2,S2506961,S2506961,6,2025-03-11,0R,pAMR0,112,0,future_no_significant_rejection,1,0.11584451127705485
image_plus_time,pair_000531,patient_6e23f91caa098b84,S2437880,S2437880,5,2024-12-31,0R,pAMR0,1,S2506961,S2506961,6,2025-03-11,0R,pAMR0,70,0,future_no_significant_rejection,1,0.14544572331865713
image_plus_time,pair_000538,patient_70289ea84b1dd193,S2508630,S2508630,1,2025-03-25,1R,pAMR0,4,S2511006,S2511006,2,2025-04-15,0R,pAMR0,21,0,future_no_significant_rejection,1,0.10190519694885992
image_plus_time,pair_000539,patient_70289ea84b1dd193,S2508630,S2508630,1,2025-03-25,1R,pAMR0,4,S2513848,S2513848,3,2025-05-13,0R,pAMR0,49,0,future_no_significant_rejection,1,0.10846678410943834
image_plus_time,pair_000540,patient_70289ea84b1dd193,S2508630,S2508630,1,2025-03-25,1R,pAMR0,4,S2524760,S2524760,4,2025-08-12,0R,pAMR0,140,0,future_no_significant_rejection,1,0.1172805601184638
image_plus_time,pair_000541,patient_70289ea84b1dd193,S2508630,S2508630,1,2025-03-25,1R,pAMR0,4,S2531989,S2531989,5,2025-10-14,0R,pAMR0,203,0,future_no_significant_rejection,1,0.12056771762120368
image_plus_time,pair_000542,patient_70289ea84b1dd193,S2511006,S2511006,2,2025-04-15,0R,pAMR0,2,S2513848,S2513848,3,2025-05-13,0R,pAMR0,28,0,future_no_significant_rejection,1,0.11557857794642375
image_plus_time,pair_000543,patient_70289ea84b1dd193,S2511006,S2511006,2,2025-04-15,0R,pAMR0,2,S2524760,S2524760,4,2025-08-12,0R,pAMR0,119,0,future_no_significant_rejection,1,0.12849274174492628
image_plus_time,pair_000544,patient_70289ea84b1dd193,S2511006,S2511006,2,2025-04-15,0R,pAMR0,2,S2531989,S2531989,5,2025-10-14,0R,pAMR0,182,0,future_no_significant_rejection,1,0.13256038531447198
image_plus_time,pair_000545,patient_70289ea84b1dd193,S2513848,S2513848,3,2025-05-13,0R,pAMR0,6,S2524760,S2524760,4,2025-08-12,0R,pAMR0,91,0,future_no_significant_rejection,1,0.21377717076595093
image_plus_time,pair_000546,patient_70289ea84b1dd193,S2513848,S2513848,3,2025-05-13,0R,pAMR0,6,S2531989,S2531989,5,2025-10-14,0R,pAMR0,154,0,future_no_significant_rejection,1,0.22131866770058964
image_plus_time,pair_000547,patient_70289ea84b1dd193,S2524760,S2524760,4,2025-08-12,0R,pAMR0,1,S2531989,S2531989,5,2025-10-14,0R,pAMR0,63,0,future_no_significant_rejection,1,0.15973521615208358
image_plus_time,pair_000548,patient_71270218daad69ca,S2222945,S2222945,1,2022-06-07,0R,pAMR0,1,S2334411,S2334411,2,2023-08-08,0R,pAMR0,427,0,future_no_significant_rejection,1,0.2005575850358364
image_plus_time,pair_000593,patient_7b8c5e3e158230df,S2421437,S2421437,1,2024-07-23,0R,pAMR0,2,S2424255,S2424255,2,2024-08-20,0R,pAMR0,28,0,future_no_significant_rejection,1,0.06692522708130294
image_plus_time,pair_000594,patient_7b8c5e3e158230df,S2421437,S2421437,1,2024-07-23,0R,pAMR0,2,S2426615,S2426615,3,2024-09-10,0R,pAMR0,49,0,future_no_significant_rejection,1,0.06987309943584936
image_plus_time,pair_000595,patient_7b8c5e3e158230df,S2424255,S2424255,2,2024-08-20,0R,pAMR0,6,S2426615,S2426615,3,2024-09-10,0R,pAMR0,21,0,future_no_significant_rejection,1,0.3144279142031131
image_plus_time,pair_000617,patient_7ea5ec2f6c847fc5,S2136522,S2136522,1,2021-08-24,0R,pAMR0,2,S2148219,S2148219,2,2021-11-08,1R,pAMR0,76,0,future_no_significant_rejection,1,0.20481148338235305
image_plus_time,pair_000618,patient_7ea5ec2f6c847fc5,S2136522,S2136522,1,2021-08-24,0R,pAMR0,2,S2207353,S2207353,3,2022-02-22,0R,pAMR0,182,0,future_no_significant_rejection,1,0.21704705325530782
image_plus_time,pair_000619,patient_7ea5ec2f6c847fc5,S2148219,S2148219,2,2021-11-08,1R,pAMR0,2,S2207353,S2207353,3,2022-02-22,0R,pAMR0,106,0,future_no_significant_rejection,1,0.3536454273100114
image_plus_time,pair_000658,patient_8a989ce38f711fa1,S2151614,S2151614,1,2021-11-30,0R,pAMR0,3,S2154958,S2154958,2,2021-12-21,0R,pAMR0,21,0,future_no_significant_rejection,1,0.43586678263040957
image_plus_time,pair_000659,patient_8a989ce38f711fa1,S2151614,S2151614,1,2021-11-30,0R,pAMR0,3,S2202568,S2202568,3,2022-01-18,0R,pAMR0,49,0,future_no_significant_rejection,1,0.45308348038363583
image_plus_time,pair_000660,patient_8a989ce38f711fa1,S2151614,S2151614,1,2021-11-30,0R,pAMR0,3,S2207350,S2207350,4,2022-02-22,0R,pAMR0,84,0,future_no_significant_rejection,1,0.4642739145674491
image_plus_time,pair_000661,patient_8a989ce38f711fa1,S2151614,S2151614,1,2021-11-30,0R,pAMR0,3,S2213274,S2213274,5,2022-04-05,0R,pAMR0,126,0,future_no_significant_rejection,1,0.4727665088130711
image_plus_time,pair_000662,patient_8a989ce38f711fa1,S2151614,S2151614,1,2021-11-30,0R,pAMR0,3,S2222062,S2222062,6,2022-05-31,0R,pAMR0,182,0,future_no_significant_rejection,1,0.4805065301913681
image_plus_time,pair_000663,patient_8a989ce38f711fa1,S2151614,S2151614,1,2021-11-30,0R,pAMR0,3,S2234200,S2234200,7,2022-08-16,0R,pAMR0,259,0,future_no_significant_rejection,1,0.48795659982952205
image_plus_time,pair_000664,patient_8a989ce38f711fa1,S2151614,S2151614,1,2021-11-30,0R,pAMR0,3,S2248983,S2248983,8,2022-11-22,0R,pAMR0,357,0,future_no_significant_rejection,1,0.4947464970955647
image_plus_time,pair_000665,patient_8a989ce38f711fa1,S2154958,S2154958,2,2021-12-21,0R,pAMR0,3,S2202568,S2202568,3,2022-01-18,0R,pAMR0,28,0,future_no_significant_rejection,1,0.3934725517780452
image_plus_time,pair_000666,patient_8a989ce38f711fa1,S2154958,S2154958,2,2021-12-21,0R,pAMR0,3,S2207350,S2207350,4,2022-02-22,0R,pAMR0,63,0,future_no_significant_rejection,1,0.4096285002144576
image_plus_time,pair_000667,patient_8a989ce38f711fa1,S2154958,S2154958,2,2021-12-21,0R,pAMR0,3,S2213274,S2213274,5,2022-04-05,0R,pAMR0,105,0,future_no_significant_rejection,1,0.42003141768477636
image_plus_time,pair_000668,patient_8a989ce38f711fa1,S2154958,S2154958,2,2021-12-21,0R,pAMR0,3,S2222062,S2222062,6,2022-05-31,0R,pAMR0,161,0,future_no_significant_rejection,1,0.4288323910745298
image_plus_time,pair_000669,patient_8a989ce38f711fa1,S2154958,S2154958,2,2021-12-21,0R,pAMR0,3,S2234200,S2234200,7,2022-08-16,0R,pAMR0,238,0,future_no_significant_rejection,1,0.43694100528622565
image_plus_time,pair_000670,patient_8a989ce38f711fa1,S2154958,S2154958,2,2021-12-21,0R,pAMR0,3,S2248983,S2248983,8,2022-11-22,0R,pAMR0,336,0,future_no_significant_rejection,1,0.44413442099251976
image_plus_time,pair_000671,patient_8a989ce38f711fa1,S2202568,S2202568,3,2022-01-18,0R,pAMR0,1,S2207350,S2207350,4,2022-02-22,0R,pAMR0,35,0,future_no_significant_rejection,1,0.09472121999856309
image_plus_time,pair_000672,patient_8a989ce38f711fa1,S2202568,S2202568,3,2022-01-18,0R,pAMR0,1,S2213274,S2213274,5,2022-04-05,0R,pAMR0,77,0,future_no_significant_rejection,1,0.10050461878243618
image_plus_time,pair_000673,patient_8a989ce38f711fa1,S2202568,S2202568,3,2022-01-18,0R,pAMR0,1,S2222062,S2222062,6,2022-05-31,0R,pAMR0,133,0,future_no_significant_rejection,1,0.10473685455900063
image_plus_time,pair_000674,patient_8a989ce38f711fa1,S2202568,S2202568,3,2022-01-18,0R,pAMR0,1,S2234200,S2234200,7,2022-08-16,0R,pAMR0,210,0,future_no_significant_rejection,1,0.10840842230146247
image_plus_time,pair_000675,patient_8a989ce38f711fa1,S2202568,S2202568,3,2022-01-18,0R,pAMR0,1,S2248983,S2248983,8,2022-11-22,0R,pAMR0,308,0,future_no_significant_rejection,1,0.1115803510148024
image_plus_time,pair_000676,patient_8a989ce38f711fa1,S2207350,S2207350,4,2022-02-22,0R,pAMR0,1,S2213274,S2213274,5,2022-04-05,0R,pAMR0,42,0,future_no_significant_rejection,1,0.20937875809995823
image_plus_time,pair_000677,patient_8a989ce38f711fa1,S2207350,S2207350,4,2022-02-22,0R,pAMR0,1,S2222062,S2222062,6,2022-05-31,0R,pAMR0,98,0,future_no_significant_rejection,1,0.22134575422181635
image_plus_time,pair_000678,patient_8a989ce38f711fa1,S2207350,S2207350,4,2022-02-22,0R,pAMR0,1,S2234200,S2234200,7,2022-08-16,0R,pAMR0,175,0,future_no_significant_rejection,1,0.22988338987223111
image_plus_time,pair_000679,patient_8a989ce38f711fa1,S2207350,S2207350,4,2022-02-22,0R,pAMR0,1,S2248983,S2248983,8,2022-11-22,0R,pAMR0,273,0,future_no_significant_rejection,1,0.23660714552213666
image_plus_time,pair_000680,patient_8a989ce38f711fa1,S2213274,S2213274,5,2022-04-05,0R,pAMR0,1,S2222062,S2222062,6,2022-05-31,0R,pAMR0,56,0,future_no_significant_rejection,1,0.2205797445871372
image_plus_time,pair_000681,patient_8a989ce38f711fa1,S2213274,S2213274,5,2022-04-05,0R,pAMR0,1,S2234200,S2234200,7,2022-08-16,0R,pAMR0,133,0,future_no_significant_rejection,1,0.23331519502773398
image_plus_time,pair_000682,patient_8a989ce38f711fa1,S2213274,S2213274,5,2022-04-05,0R,pAMR0,1,S2248983,S2248983,8,2022-11-22,0R,pAMR0,231,0,future_no_significant_rejection,1,0.2417585864769693
image_plus_time,pair_000683,patient_8a989ce38f711fa1,S2222062,S2222062,6,2022-05-31,0R,pAMR0,1,S2234200,S2234200,7,2022-08-16,0R,pAMR0,77,0,future_no_significant_rejection,1,0.39489978126773356
image_plus_time,pair_000684,patient_8a989ce38f711fa1,S2222062,S2222062,6,2022-05-31,0R,pAMR0,1,S2248983,S2248983,8,2022-11-22,0R,pAMR0,175,0,future_no_significant_rejection,1,0.4115309469508612
image_plus_time,pair_000685,patient_8a989ce38f711fa1,S2234200,S2234200,7,2022-08-16,0R,pAMR0,1,S2248983,S2248983,8,2022-11-22,0R,pAMR0,98,0,future_no_significant_rejection,1,0.4518145623889706
image_plus_time,pair_000692,patient_93ac78fffd137473,S2250149,S2250149,1,2022-11-29,1R,pAMR0,3,S2329753,S2329753,2,2023-07-11,0R,pAMR0,224,0,future_no_significant_rejection,1,0.6420118188468855
image_plus_time,pair_000693,patient_9665aa8b62656cf9,S2530985,S2530985,1,2025-09-30,0R,pAMR0,1,S2531985,S2531985,2,2025-10-14,0R,pAMR0,14,0,future_no_significant_rejection,1,0.3774736668428688
image_plus_time,pair_000694,patient_98877b8b3d3e8763,S2133158,S2133158,1,2021-08-03,0R,pAMR0,1,S2140147,S2140147,2,2021-09-13,1R,pAMR0,41,0,future_no_significant_rejection,1,0.1311306258103893
image_plus_time,pair_000695,patient_98877b8b3d3e8763,S2133158,S2133158,1,2021-08-03,0R,pAMR0,1,S2147205,S2147205,3,2021-11-02,1R,pAMR0,91,0,future_no_significant_rejection,1,0.1389072405021145
image_plus_time,pair_000696,patient_98877b8b3d3e8763,S2133158,S2133158,1,2021-08-03,0R,pAMR0,1,S2201380,S2201380,4,2022-01-10,0R,pAMR0,160,0,future_no_significant_rejection,1,0.14469102634045175
image_plus_time,pair_000697,patient_98877b8b3d3e8763,S2133158,S2133158,1,2021-08-03,0R,pAMR0,1,S2211180,S2211180,5,2022-03-22,0R,pAMR0,231,0,future_no_significant_rejection,1,0.14857382558768922
image_plus_time,pair_000698,patient_98877b8b3d3e8763,S2133158,S2133158,1,2021-08-03,0R,pAMR0,1,S2225226,S2225226,6,2022-06-21,0R,pAMR0,322,0,future_no_significant_rejection,1,0.15216469551128078
image_plus_time,pair_000699,patient_98877b8b3d3e8763,S2140147,S2140147,2,2021-09-13,1R,pAMR0,1,S2147205,S2147205,3,2021-11-02,1R,pAMR0,50,0,future_no_significant_rejection,1,0.33420914972565224
image_plus_time,pair_000700,patient_98877b8b3d3e8763,S2140147,S2140147,2,2021-09-13,1R,pAMR0,1,S2201380,S2201380,4,2022-01-10,0R,pAMR0,119,0,future_no_significant_rejection,1,0.3505714208070537
image_plus_time,pair_000701,patient_98877b8b3d3e8763,S2140147,S2140147,2,2021-09-13,1R,pAMR0,1,S2211180,S2211180,5,2022-03-22,0R,pAMR0,190,0,future_no_significant_rejection,1,0.35961169069908694
image_plus_time,pair_000702,patient_98877b8b3d3e8763,S2140147,S2140147,2,2021-09-13,1R,pAMR0,1,S2225226,S2225226,6,2022-06-21,0R,pAMR0,281,0,future_no_significant_rejection,1,0.36726815012790737
image_plus_time,pair_000703,patient_98877b8b3d3e8763,S2147205,S2147205,3,2021-11-02,1R,pAMR0,2,S2201380,S2201380,4,2022-01-10,0R,pAMR0,69,0,future_no_significant_rejection,1,0.1003264088915937
image_plus_time,pair_000704,patient_98877b8b3d3e8763,S2147205,S2147205,3,2021-11-02,1R,pAMR0,2,S2211180,S2211180,5,2022-03-22,0R,pAMR0,140,0,future_no_significant_rejection,1,0.10582424788111228
image_plus_time,pair_000705,patient_98877b8b3d3e8763,S2147205,S2147205,3,2021-11-02,1R,pAMR0,2,S2225226,S2225226,6,2022-06-21,0R,pAMR0,231,0,future_no_significant_rejection,1,0.10989397763524562
image_plus_time,pair_000706,patient_98877b8b3d3e8763,S2201380,S2201380,4,2022-01-10,0R,pAMR0,2,S2211180,S2211180,5,2022-03-22,0R,pAMR0,71,0,future_no_significant_rejection,1,0.3882681034122769
image_plus_time,pair_000707,patient_98877b8b3d3e8763,S2201380,S2201380,4,2022-01-10,0R,pAMR0,2,S2225226,S2225226,6,2022-06-21,0R,pAMR0,162,0,future_no_significant_rejection,1,0.4048745404844039
image_plus_time,pair_000708,patient_98877b8b3d3e8763,S2211180,S2211180,5,2022-03-22,0R,pAMR0,1,S2225226,S2225226,6,2022-06-21,0R,pAMR0,91,0,future_no_significant_rejection,1,0.16117032385618604
image_plus_time,pair_000800,patient_bdc3f4ebb82da82e,S2436454,S2436454,1,2024-12-17,0R,pAMR0,2,S2437882,S2437882,2,2024-12-31,0R,pAMR1,14,1,future_significant_rejection,1,0.1321930653420934
image_plus_time,pair_000801,patient_bdc3f4ebb82da82e,S2436454,S2436454,1,2024-12-17,0R,pAMR0,2,S2503127,S2503127,3,2025-02-04,1R,pAMR0,49,0,future_no_significant_rejection,1,0.144372235957953
image_plus_time,pair_000802,patient_bdc3f4ebb82da82e,S2436454,S2436454,1,2024-12-17,0R,pAMR0,2,S2506960,S2506960,4,2025-03-11,1R,pAMR0,84,0,future_no_significant_rejection,1,0.15002959061291296
image_plus_time,pair_000803,patient_bdc3f4ebb82da82e,S2436454,S2436454,1,2024-12-17,0R,pAMR0,2,S2516970,S2516970,5,2025-06-10,1R,pAMR0,175,0,future_no_significant_rejection,1,0.15808489744784635
image_plus_time,pair_000804,patient_c18ca7616a5ad1b6,S2400070,S2400070,1,2024-01-02,0R,pAMR0,1,S2405217,S2405217,2,2024-01-31,0R,pAMR0,29,0,future_no_significant_rejection,1,0.06274039436677754
image_plus_time,pair_000805,patient_c18ca7616a5ad1b6,S2400070,S2400070,1,2024-01-02,0R,pAMR0,1,S2408482,S2408482,3,2024-02-27,0R,pAMR0,56,0,future_no_significant_rejection,1,0.0660237906518099
image_plus_time,pair_000806,patient_c18ca7616a5ad1b6,S2400070,S2400070,1,2024-01-02,0R,pAMR0,1,S2412061,S2412061,4,2024-04-16,0R,pAMR0,105,0,future_no_significant_rejection,1,0.06934851313248185
image_plus_time,pair_000807,patient_c18ca7616a5ad1b6,S2400070,S2400070,1,2024-01-02,0R,pAMR0,1,S2414954,S2414954,5,2024-05-21,0R,pAMR0,140,0,future_no_significant_rejection,1,0.07092904885275833
image_plus_time,pair_000808,patient_c18ca7616a5ad1b6,S2400070,S2400070,1,2024-01-02,0R,pAMR0,1,S2434134,S2434134,6,2024-11-26,0R,pAMR0,329,0,future_no_significant_rejection,1,0.07583870173472032
image_plus_time,pair_000809,patient_c18ca7616a5ad1b6,S2405217,S2405217,2,2024-01-31,0R,pAMR0,1,S2408482,S2408482,3,2024-02-27,0R,pAMR0,27,0,future_no_significant_rejection,1,0.20829636267687954
image_plus_time,pair_000810,patient_c18ca7616a5ad1b6,S2405217,S2405217,2,2024-01-31,0R,pAMR0,1,S2412061,S2412061,4,2024-04-16,0R,pAMR0,76,0,future_no_significant_rejection,1,0.22282133887954725
image_plus_time,pair_000811,patient_c18ca7616a5ad1b6,S2405217,S2405217,2,2024-01-31,0R,pAMR0,1,S2414954,S2414954,5,2024-05-21,0R,pAMR0,111,0,future_no_significant_rejection,1,0.22838136169230205
image_plus_time,pair_000812,patient_c18ca7616a5ad1b6,S2405217,S2405217,2,2024-01-31,0R,pAMR0,1,S2434134,S2434134,6,2024-11-26,0R,pAMR0,300,0,future_no_significant_rejection,1,0.24351557639724708
image_plus_time,pair_000813,patient_c18ca7616a5ad1b6,S2408482,S2408482,3,2024-02-27,0R,pAMR0,1,S2412061,S2412061,4,2024-04-16,0R,pAMR0,49,0,future_no_significant_rejection,1,0.05488661959380075
image_plus_time,pair_000814,patient_c18ca7616a5ad1b6,S2408482,S2408482,3,2024-02-27,0R,pAMR0,1,S2414954,S2414954,5,2024-05-21,0R,pAMR0,84,0,future_no_significant_rejection,1,0.05727211592350232
image_plus_time,pair_000815,patient_c18ca7616a5ad1b6,S2408482,S2408482,3,2024-02-27,0R,pAMR0,1,S2434134,S2434134,6,2024-11-26,0R,pAMR0,273,0,future_no_significant_rejection,1,0.062882330632355
image_plus_time,pair_000816,patient_c18ca7616a5ad1b6,S2412061,S2412061,4,2024-04-16,0R,pAMR0,2,S2414954,S2414954,5,2024-05-21,0R,pAMR0,35,0,future_no_significant_rejection,1,0.18094399223211874
image_plus_time,pair_000817,patient_c18ca7616a5ad1b6,S2412061,S2412061,4,2024-04-16,0R,pAMR0,2,S2434134,S2434134,6,2024-11-26,0R,pAMR0,224,0,future_no_significant_rejection,1,0.20516733859827535
image_plus_time,pair_000818,patient_c18ca7616a5ad1b6,S2414954,S2414954,5,2024-05-21,0R,pAMR0,2,S2434134,S2434134,6,2024-11-26,0R,pAMR0,189,0,future_no_significant_rejection,1,0.17092231848263936
image_plus_time,pair_000947,patient_d48fc489086a470f,S2327690,S2327690,1,2023-06-28,1R,pAMR0,4,S2330983,S2330983,2,2023-07-18,0R,pAMR0,20,0,future_no_significant_rejection,1,0.19120282967329977
image_plus_time,pair_000948,patient_d48fc489086a470f,S2327690,S2327690,1,2023-06-28,1R,pAMR0,4,S2336496,S2336496,3,2023-08-22,0R,pAMR0,55,0,future_no_significant_rejection,1,0.20441883818974005
image_plus_time,pair_000949,patient_d48fc489086a470f,S2327690,S2327690,1,2023-06-28,1R,pAMR0,4,S2343312,S2343312,4,2023-10-10,1R,pAMR0,104,0,future_no_significant_rejection,1,0.21323950447728912
image_plus_time,pair_000950,patient_d48fc489086a470f,S2327690,S2327690,1,2023-06-28,1R,pAMR0,4,S2350730,S2350730,5,2023-11-28,2R,pAMR0,153,1,future_significant_rejection,1,0.21874813434398535
image_plus_time,pair_000951,patient_d48fc489086a470f,S2327690,S2327690,1,2023-06-28,1R,pAMR0,4,S2412714,S2412714,6,2024-04-23,0R,pAMR0,300,0,future_no_significant_rejection,1,0.2286317100222578
image_plus_time,pair_000952,patient_d48fc489086a470f,S2330983,S2330983,2,2023-07-18,0R,pAMR0,2,S2336496,S2336496,3,2023-08-22,0R,pAMR0,35,0,future_no_significant_rejection,1,0.11048825746885785
image_plus_time,pair_000953,patient_d48fc489086a470f,S2330983,S2330983,2,2023-07-18,0R,pAMR0,2,S2343312,S2343312,4,2023-10-10,1R,pAMR0,84,0,future_no_significant_rejection,1,0.11786669876226781
image_plus_time,pair_000954,patient_d48fc489086a470f,S2330983,S2330983,2,2023-07-18,0R,pAMR0,2,S2350730,S2350730,5,2023-11-28,2R,pAMR0,133,1,future_significant_rejection,1,0.12194648886742465
image_plus_time,pair_000955,patient_d48fc489086a470f,S2330983,S2330983,2,2023-07-18,0R,pAMR0,2,S2412714,S2412714,6,2024-04-23,0R,pAMR0,280,0,future_no_significant_rejection,1,0.12884318427265212
image_plus_time,pair_000956,patient_d48fc489086a470f,S2336496,S2336496,3,2023-08-22,0R,pAMR0,1,S2343312,S2343312,4,2023-10-10,1R,pAMR0,49,0,future_no_significant_rejection,1,0.28375262292806996
image_plus_time,pair_000957,patient_d48fc489086a470f,S2336496,S2336496,3,2023-08-22,0R,pAMR0,1,S2350730,S2350730,5,2023-11-28,2R,pAMR0,98,1,future_significant_rejection,1,0.29569132484863014
image_plus_time,pair_000958,patient_d48fc489086a470f,S2336496,S2336496,3,2023-08-22,0R,pAMR0,1,S2412714,S2412714,6,2024-04-23,0R,pAMR0,245,0,future_no_significant_rejection,1,0.312042565712296
image_plus_time,pair_000959,patient_d48fc489086a470f,S2343312,S2343312,4,2023-10-10,1R,pAMR0,1,S2350730,S2350730,5,2023-11-28,2R,pAMR0,49,1,future_significant_rejection,1,0.47286065332166227
image_plus_time,pair_000960,patient_d48fc489086a470f,S2343312,S2343312,4,2023-10-10,1R,pAMR0,1,S2412714,S2412714,6,2024-04-23,0R,pAMR0,196,0,future_no_significant_rejection,1,0.5019509248391661
image_plus_time,pair_001010,patient_dd2e6df63e5c36b4,S2330984,S2330984,1,2023-07-18,0R,pAMR0,3,S2334388,S2334388,2,2023-08-08,0R,pAMR0,21,0,future_no_significant_rejection,1,0.37388343629899967
image_plus_time,pair_001011,patient_dd2e6df63e5c36b4,S2330984,S2330984,1,2023-07-18,0R,pAMR0,3,S2338783,S2338783,3,2023-09-05,0R,pAMR0,49,0,future_no_significant_rejection,1,0.39034589760644006
image_plus_time,pair_001012,patient_dd2e6df63e5c36b4,S2330984,S2330984,1,2023-07-18,0R,pAMR0,3,S2343311,S2343311,4,2023-10-10,0R,pAMR0,84,0,future_no_significant_rejection,1,0.4011232720575499
image_plus_time,pair_001013,patient_dd2e6df63e5c36b4,S2330984,S2330984,1,2023-07-18,0R,pAMR0,3,S2407940,S2407940,5,2024-02-20,0R,pAMR0,217,0,future_no_significant_rejection,1,0.42048398865808995
image_plus_time,pair_001014,patient_dd2e6df63e5c36b4,S2330984,S2330984,1,2023-07-18,0R,pAMR0,3,S2421430,S2421430,6,2024-07-23,0R,pAMR0,371,0,future_no_significant_rejection,1,0.4315830829937971
image_plus_time,pair_001015,patient_dd2e6df63e5c36b4,S2334388,S2334388,2,2023-08-08,0R,pAMR0,2,S2338783,S2338783,3,2023-09-05,0R,pAMR0,28,0,future_no_significant_rejection,1,0.1314079452375785
image_plus_time,pair_001016,patient_dd2e6df63e5c36b4,S2334388,S2334388,2,2023-08-08,0R,pAMR0,2,S2343311,S2343311,4,2023-10-10,0R,pAMR0,63,0,future_no_significant_rejection,1,0.13927439870607788
image_plus_time,pair_001017,patient_dd2e6df63e5c36b4,S2334388,S2334388,2,2023-08-08,0R,pAMR0,2,S2407940,S2407940,5,2024-02-20,0R,pAMR0,196,0,future_no_significant_rejection,1,0.15112174365392064
image_plus_time,pair_001018,patient_dd2e6df63e5c36b4,S2334388,S2334388,2,2023-08-08,0R,pAMR0,2,S2421430,S2421430,6,2024-07-23,0R,pAMR0,350,0,future_no_significant_rejection,1,0.15752361732013598
image_plus_time,pair_001019,patient_dd2e6df63e5c36b4,S2338783,S2338783,3,2023-09-05,0R,pAMR0,3,S2343311,S2343311,4,2023-10-10,0R,pAMR0,35,0,future_no_significant_rejection,1,0.14043270019396187
image_plus_time,pair_001020,patient_dd2e6df63e5c36b4,S2338783,S2338783,3,2023-09-05,0R,pAMR0,3,S2407940,S2407940,5,2024-02-20,0R,pAMR0,168,0,future_no_significant_rejection,1,0.15704893798550446
image_plus_time,pair_001021,patient_dd2e6df63e5c36b4,S2338783,S2338783,3,2023-09-05,0R,pAMR0,3,S2421430,S2421430,6,2024-07-23,0R,pAMR0,322,0,future_no_significant_rejection,1,0.1644709267225365
image_plus_time,pair_001022,patient_dd2e6df63e5c36b4,S2343311,S2343311,4,2023-10-10,0R,pAMR0,1,S2407940,S2407940,5,2024-02-20,0R,pAMR0,133,0,future_no_significant_rejection,1,0.21880106897646903
image_plus_time,pair_001023,patient_dd2e6df63e5c36b4,S2343311,S2343311,4,2023-10-10,0R,pAMR0,1,S2421430,S2421430,6,2024-07-23,0R,pAMR0,287,0,future_no_significant_rejection,1,0.2301122278438783
image_plus_time,pair_001024,patient_dd2e6df63e5c36b4,S2407940,S2407940,5,2024-02-20,0R,pAMR0,1,S2421430,S2421430,6,2024-07-23,0R,pAMR0,154,0,future_no_significant_rejection,1,0.16892598402089115
image_plus_time,pair_001052,patient_e430ff1077ac4267,S2418586,S2418586,1,2024-06-26,0R,pAMR0,4,S2421434,S2421434,2,2024-07-23,0R,pAMR0,27,0,future_no_significant_rejection,1,0.20788264268660775
image_plus_time,pair_001053,patient_e430ff1077ac4267,S2418586,S2418586,1,2024-06-26,0R,pAMR0,4,S2429064,S2429064,3,2024-10-08,0R,pAMR0,104,0,future_no_significant_rejection,1,0.22697595350018412
image_plus_time,pair_001054,patient_e430ff1077ac4267,S2418586,S2418586,1,2024-06-26,0R,pAMR0,4,S2431864,S2431864,4,2024-11-05,0R,pAMR0,132,0,future_no_significant_rejection,1,0.23051824280669697
image_plus_time,pair_001055,patient_e430ff1077ac4267,S2418586,S2418586,1,2024-06-26,0R,pAMR0,4,S2436456,S2436456,5,2024-12-17,0R,pAMR1,174,1,future_significant_rejection,1,0.23467902177942437
image_plus_time,pair_001056,patient_e430ff1077ac4267,S2418586,S2418586,1,2024-06-26,0R,pAMR0,4,S2502092,S2502092,6,2025-01-21,0R,pAMR0,209,0,future_no_significant_rejection,1,0.23747186759042532
image_plus_time,pair_001057,patient_e430ff1077ac4267,S2421434,S2421434,2,2024-07-23,0R,pAMR0,6,S2429064,S2429064,3,2024-10-08,0R,pAMR0,77,0,future_no_significant_rejection,1,0.21871667922576235
image_plus_time,pair_001058,patient_e430ff1077ac4267,S2421434,S2421434,2,2024-07-23,0R,pAMR0,6,S2431864,S2431864,4,2024-11-05,0R,pAMR0,105,0,future_no_significant_rejection,1,0.22320132767916798
image_plus_time,pair_001059,patient_e430ff1077ac4267,S2421434,S2421434,2,2024-07-23,0R,pAMR0,6,S2436456,S2436456,5,2024-12-17,0R,pAMR1,147,1,future_significant_rejection,1,0.22815537942029046
image_plus_time,pair_001060,patient_e430ff1077ac4267,S2421434,S2421434,2,2024-07-23,0R,pAMR0,6,S2502092,S2502092,6,2025-01-21,0R,pAMR0,182,0,future_no_significant_rejection,1,0.23134611556272758
image_plus_time,pair_001061,patient_e430ff1077ac4267,S2429064,S2429064,3,2024-10-08,0R,pAMR0,6,S2431864,S2431864,4,2024-11-05,0R,pAMR0,28,0,future_no_significant_rejection,1,0.089643936333573
image_plus_time,pair_001062,patient_e430ff1077ac4267,S2429064,S2429064,3,2024-10-08,0R,pAMR0,6,S2436456,S2436456,5,2024-12-17,0R,pAMR1,70,1,future_significant_rejection,1,0.09604728513551704
image_plus_time,pair_001063,patient_e430ff1077ac4267,S2429064,S2429064,3,2024-10-08,0R,pAMR0,6,S2502092,S2502092,6,2025-01-21,0R,pAMR0,105,0,future_no_significant_rejection,1,0.09904366416343552
image_plus_time,pair_001064,patient_e430ff1077ac4267,S2431864,S2431864,4,2024-11-05,0R,pAMR0,2,S2436456,S2436456,5,2024-12-17,0R,pAMR1,42,1,future_significant_rejection,1,0.23017094170793406
image_plus_time,pair_001065,patient_e430ff1077ac4267,S2431864,S2431864,4,2024-11-05,0R,pAMR0,2,S2502092,S2502092,6,2025-01-21,0R,pAMR0,77,0,future_no_significant_rejection,1,0.23925581812625613
image_plus_time,pair_001161,patient_fe8ccc87e7ab7c65,S2208365,S2208365,1,2022-03-02,1R,pAMR0,4,S2210201,S2210201,2,2022-03-15,1R,pAMR0,13,0,future_no_significant_rejection,1,0.650860767865743
image_plus_time,pair_001162,patient_fe8ccc87e7ab7c65,S2208365,S2208365,1,2022-03-02,1R,pAMR0,4,S2215451,S2215451,3,2022-04-19,1R,pAMR0,48,0,future_no_significant_rejection,1,0.6746372644367851
image_plus_time,pair_001163,patient_fe8ccc87e7ab7c65,S2208365,S2208365,1,2022-03-02,1R,pAMR0,4,S2226375,S2226375,4,2022-06-28,0R,pAMR0,118,0,future_no_significant_rejection,1,0.6909580141598933
image_plus_time,pair_001164,patient_fe8ccc87e7ab7c65,S2208365,S2208365,1,2022-03-02,1R,pAMR0,4,S2233278,S2233278,5,2022-08-09,0R,pAMR0,160,0,future_no_significant_rejection,1,0.6964136273514864
image_plus_time,pair_001165,patient_fe8ccc87e7ab7c65,S2208365,S2208365,1,2022-03-02,1R,pAMR0,4,S2247858,S2247858,6,2022-11-15,0R,pAMR0,258,0,future_no_significant_rejection,1,0.7048830217895925
image_plus_time,pair_001166,patient_fe8ccc87e7ab7c65,S2208365,S2208365,1,2022-03-02,1R,pAMR0,4,S2308039,S2308039,7,2023-02-21,1R,pAMR0,356,0,future_no_significant_rejection,1,0.7105214448951521
image_plus_time,pair_001167,patient_fe8ccc87e7ab7c65,S2210201,S2210201,2,2022-03-15,1R,pAMR0,3,S2215451,S2215451,3,2022-04-19,1R,pAMR0,35,0,future_no_significant_rejection,1,0.6803843891379622
image_plus_time,pair_001168,patient_fe8ccc87e7ab7c65,S2210201,S2210201,2,2022-03-15,1R,pAMR0,3,S2226375,S2226375,4,2022-06-28,0R,pAMR0,105,0,future_no_significant_rejection,1,0.6999935499172013
image_plus_time,pair_001169,patient_fe8ccc87e7ab7c65,S2210201,S2210201,2,2022-03-15,1R,pAMR0,3,S2233278,S2233278,5,2022-08-09,0R,pAMR0,147,0,future_no_significant_rejection,1,0.7059132991035802
image_plus_time,pair_001170,patient_fe8ccc87e7ab7c65,S2210201,S2210201,2,2022-03-15,1R,pAMR0,3,S2247858,S2247858,6,2022-11-15,0R,pAMR0,245,0,future_no_significant_rejection,1,0.71479292454673
image_plus_time,pair_001171,patient_fe8ccc87e7ab7c65,S2210201,S2210201,2,2022-03-15,1R,pAMR0,3,S2308039,S2308039,7,2023-02-21,1R,pAMR0,343,0,future_no_significant_rejection,1,0.720563524032927
image_plus_time,pair_001172,patient_fe8ccc87e7ab7c65,S2215451,S2215451,3,2022-04-19,1R,pAMR0,1,S2226375,S2226375,4,2022-06-28,0R,pAMR0,70,0,future_no_significant_rejection,1,0.7032034167051037
image_plus_time,pair_001173,patient_fe8ccc87e7ab7c65,S2215451,S2215451,3,2022-04-19,1R,pAMR0,1,S2233278,S2233278,5,2022-08-09,0R,pAMR0,112,0,future_no_significant_rejection,1,0.711374998494918
image_plus_time,pair_001174,patient_fe8ccc87e7ab7c65,S2215451,S2215451,3,2022-04-19,1R,pAMR0,1,S2247858,S2247858,6,2022-11-15,0R,pAMR0,210,0,future_no_significant_rejection,1,0.722142455693677
image_plus_time,pair_001175,patient_fe8ccc87e7ab7c65,S2215451,S2215451,3,2022-04-19,1R,pAMR0,1,S2308039,S2308039,7,2023-02-21,1R,pAMR0,308,0,future_no_significant_rejection,1,0.7285972057825609
image_plus_time,pair_001176,patient_fe8ccc87e7ab7c65,S2226375,S2226375,4,2022-06-28,0R,pAMR0,1,S2233278,S2233278,5,2022-08-09,0R,pAMR0,42,0,future_no_significant_rejection,1,0.6305809255856414
image_plus_time,pair_001177,patient_fe8ccc87e7ab7c65,S2226375,S2226375,4,2022-06-28,0R,pAMR0,1,S2247858,S2247858,6,2022-11-15,0R,pAMR0,140,0,future_no_significant_rejection,1,0.6537538529401437
image_plus_time,pair_001178,patient_fe8ccc87e7ab7c65,S2226375,S2226375,4,2022-06-28,0R,pAMR0,1,S2308039,S2308039,7,2023-02-21,1R,pAMR0,238,0,future_no_significant_rejection,1,0.6638288743641861
image_plus_time,pair_001179,patient_fe8ccc87e7ab7c65,S2233278,S2233278,5,2022-08-09,0R,pAMR0,1,S2247858,S2247858,6,2022-11-15,0R,pAMR0,98,0,future_no_significant_rejection,1,0.22052217968320645
image_plus_time,pair_001180,patient_fe8ccc87e7ab7c65,S2233278,S2233278,5,2022-08-09,0R,pAMR0,1,S2308039,S2308039,7,2023-02-21,1R,pAMR0,196,0,future_no_significant_rejection,1,0.23073241786955664
image_plus_time,pair_001181,patient_fe8ccc87e7ab7c65,S2247858,S2247858,6,2022-11-15,0R,pAMR0,1,S2308039,S2308039,7,2023-02-21,1R,pAMR0,98,0,future_no_significant_rejection,1,0.2204475265102484
image_plus_time,pair_000002,patient_0349492572c92ab0,S2329754,S2329754,1,2023-07-11,0R,pAMR0,4,S2332143,S2332143,2,2023-07-25,1R,pAMR0,14,0,future_no_significant_rejection,2,0.11683304401762226
image_plus_time,pair_000003,patient_0349492572c92ab0,S2329754,S2329754,1,2023-07-11,0R,pAMR0,4,S2342914,S2342914,3,2023-10-05,0R,pAMR0,86,0,future_no_significant_rejection,2,0.08987253457801624
image_plus_time,pair_000004,patient_0349492572c92ab0,S2332143,S2332143,2,2023-07-25,1R,pAMR0,3,S2342914,S2342914,3,2023-10-05,0R,pAMR0,72,0,future_no_significant_rejection,2,0.0611474293944685
image_plus_time,pair_000047,patient_110e1e825f43e305,S2314590,S2314590,1,2023-04-04,1R,pAMR0,5,S2318026,S2318026,2,2023-04-25,0R,pAMR0,21,0,future_no_significant_rejection,2,0.5917563070834315
image_plus_time,pair_000048,patient_110e1e825f43e305,S2314590,S2314590,1,2023-04-04,1R,pAMR0,5,S2327486,S2327486,3,2023-06-27,0R,pAMR0,84,0,future_no_significant_rejection,2,0.5365315859282063
image_plus_time,pair_000049,patient_110e1e825f43e305,S2314590,S2314590,1,2023-04-04,1R,pAMR0,5,S2334385,S2334385,4,2023-08-08,1R,pAMR0,126,0,future_no_significant_rejection,2,0.519887185896973
image_plus_time,pair_000050,patient_110e1e825f43e305,S2314590,S2314590,1,2023-04-04,1R,pAMR0,5,S2340935,S2340935,5,2023-09-19,1R,pAMR0,168,0,future_no_significant_rejection,2,0.5080147896621845
image_plus_time,pair_000051,patient_110e1e825f43e305,S2314590,S2314590,1,2023-04-04,1R,pAMR0,5,S2353996,S2353996,6,2023-12-19,1R,pAMR0,259,0,future_no_significant_rejection,2,0.4901013221703425
image_plus_time,pair_000052,patient_110e1e825f43e305,S2314590,S2314590,1,2023-04-04,1R,pAMR0,5,S2410453,S2410453,7,2024-03-26,0R,pAMR0,357,0,future_no_significant_rejection,2,0.4768146545960656
image_plus_time,pair_000053,patient_110e1e825f43e305,S2318026,S2318026,2,2023-04-25,0R,pAMR0,1,S2327486,S2327486,3,2023-06-27,0R,pAMR0,63,0,future_no_significant_rejection,2,0.10229105644745029
image_plus_time,pair_000054,patient_110e1e825f43e305,S2318026,S2318026,2,2023-04-25,0R,pAMR0,1,S2334385,S2334385,4,2023-08-08,1R,pAMR0,105,0,future_no_significant_rejection,2,0.09483679652131634
image_plus_time,pair_000055,patient_110e1e825f43e305,S2318026,S2318026,2,2023-04-25,0R,pAMR0,1,S2340935,S2340935,5,2023-09-19,1R,pAMR0,147,0,future_no_significant_rejection,2,0.09017650000990629
image_plus_time,pair_000056,patient_110e1e825f43e305,S2318026,S2318026,2,2023-04-25,0R,pAMR0,1,S2353996,S2353996,6,2023-12-19,1R,pAMR0,238,0,future_no_significant_rejection,2,0.08384571621473201
image_plus_time,pair_000057,patient_110e1e825f43e305,S2318026,S2318026,2,2023-04-25,0R,pAMR0,1,S2410453,S2410453,7,2024-03-26,0R,pAMR0,336,0,future_no_significant_rejection,2,0.07955795363578008
image_plus_time,pair_000058,patient_110e1e825f43e305,S2327486,S2327486,3,2023-06-27,0R,pAMR0,4,S2334385,S2334385,4,2023-08-08,1R,pAMR0,42,0,future_no_significant_rejection,2,0.2628814637275046
image_plus_time,pair_000059,patient_110e1e825f43e305,S2327486,S2327486,3,2023-06-27,0R,pAMR0,4,S2340935,S2340935,5,2023-09-19,1R,pAMR0,84,0,future_no_significant_rejection,2,0.24151223113876835
image_plus_time,pair_000060,patient_110e1e825f43e305,S2327486,S2327486,3,2023-06-27,0R,pAMR0,4,S2353996,S2353996,6,2023-12-19,1R,pAMR0,175,0,future_no_significant_rejection,2,0.22003141549958752
image_plus_time,pair_000061,patient_110e1e825f43e305,S2327486,S2327486,3,2023-06-27,0R,pAMR0,4,S2410453,S2410453,7,2024-03-26,0R,pAMR0,273,0,future_no_significant_rejection,2,0.20765510142692675
image_plus_time,pair_000062,patient_110e1e825f43e305,S2334385,S2334385,4,2023-08-08,1R,pAMR0,2,S2340935,S2340935,5,2023-09-19,1R,pAMR0,42,0,future_no_significant_rejection,2,0.02523018108184239
image_plus_time,pair_000063,patient_110e1e825f43e305,S2334385,S2334385,4,2023-08-08,1R,pAMR0,2,S2353996,S2353996,6,2023-12-19,1R,pAMR0,133,0,future_no_significant_rejection,2,0.020974645121142152
image_plus_time,pair_000064,patient_110e1e825f43e305,S2334385,S2334385,4,2023-08-08,1R,pAMR0,2,S2410453,S2410453,7,2024-03-26,0R,pAMR0,231,0,future_no_significant_rejection,2,0.019179383487331083
image_plus_time,pair_000065,patient_110e1e825f43e305,S2340935,S2340935,5,2023-09-19,1R,pAMR0,2,S2353996,S2353996,6,2023-12-19,1R,pAMR0,91,0,future_no_significant_rejection,2,0.09394677529504282
image_plus_time,pair_000066,patient_110e1e825f43e305,S2340935,S2340935,5,2023-09-19,1R,pAMR0,2,S2410453,S2410453,7,2024-03-26,0R,pAMR0,189,0,future_no_significant_rejection,2,0.08416829250284624
image_plus_time,pair_000067,patient_110e1e825f43e305,S2353996,S2353996,6,2023-12-19,1R,pAMR0,1,S2410453,S2410453,7,2024-03-26,0R,pAMR0,98,0,future_no_significant_rejection,2,0.13913121176287824
image_plus_time,pair_000069,patient_1bb6673f07107d9c,S2228789,S2228789,1,2022-07-12,0R,pAMR0,1,S2231091,S2231091,2,2022-07-26,1R,pAMR0,14,0,future_no_significant_rejection,2,0.2518676852009086
image_plus_time,pair_000070,patient_1bb6673f07107d9c,S2228789,S2228789,1,2022-07-12,0R,pAMR0,1,S2234199,S2234199,3,2022-08-16,0R,pAMR0,35,0,future_no_significant_rejection,2,0.2254275592016632
image_plus_time,pair_000071,patient_1bb6673f07107d9c,S2228789,S2228789,1,2022-07-12,0R,pAMR0,1,S2240726,S2240726,4,2022-09-27,0R,pAMR0,77,0,future_no_significant_rejection,2,0.203763807045541
image_plus_time,pair_000072,patient_1bb6673f07107d9c,S2228789,S2228789,1,2022-07-12,0R,pAMR0,1,S2311236,S2311236,5,2023-03-14,0R,pAMR0,245,0,future_no_significant_rejection,2,0.17450777540660456
image_plus_time,pair_000073,patient_1bb6673f07107d9c,S2231091,S2231091,2,2022-07-26,1R,pAMR0,2,S2234199,S2234199,3,2022-08-16,0R,pAMR0,21,0,future_no_significant_rejection,2,0.05735881829682933
image_plus_time,pair_000074,patient_1bb6673f07107d9c,S2231091,S2231091,2,2022-07-26,1R,pAMR0,2,S2240726,S2240726,4,2022-09-27,0R,pAMR0,63,0,future_no_significant_rejection,2,0.048475957293315795
image_plus_time,pair_000075,patient_1bb6673f07107d9c,S2231091,S2231091,2,2022-07-26,1R,pAMR0,2,S2311236,S2311236,5,2023-03-14,0R,pAMR0,231,0,future_no_significant_rejection,2,0.03949691175478238
image_plus_time,pair_000076,patient_1bb6673f07107d9c,S2234199,S2234199,3,2022-08-16,0R,pAMR0,1,S2240726,S2240726,4,2022-09-27,0R,pAMR0,42,0,future_no_significant_rejection,2,0.07031810324996236
image_plus_time,pair_000077,patient_1bb6673f07107d9c,S2234199,S2234199,3,2022-08-16,0R,pAMR0,1,S2311236,S2311236,5,2023-03-14,0R,pAMR0,210,0,future_no_significant_rejection,2,0.05486650921431137
image_plus_time,pair_000078,patient_1bb6673f07107d9c,S2240726,S2240726,4,2022-09-27,0R,pAMR0,1,S2311236,S2311236,5,2023-03-14,0R,pAMR0,168,0,future_no_significant_rejection,2,0.20081088023758015
image_plus_time,pair_000079,patient_1d9bc9798ff5fad2,S2429062,S2429062,1,2024-10-08,0R,pAMR0,7,S2434915,S2434915,2,2024-12-03,1R,pAMR0,56,0,future_no_significant_rejection,2,0.3484863902310669
image_plus_time,pair_000080,patient_1d9bc9798ff5fad2,S2429062,S2429062,1,2024-10-08,0R,pAMR0,7,S2501300,S2501300,3,2025-01-14,0R,pAMR0,98,0,future_no_significant_rejection,2,0.3279355681025472
image_plus_time,pair_000081,patient_1d9bc9798ff5fad2,S2429062,S2429062,1,2024-10-08,0R,pAMR0,7,S2505507,S2505507,4,2025-02-25,0R,pAMR0,140,0,future_no_significant_rejection,2,0.3151036348487079
image_plus_time,pair_000082,patient_1d9bc9798ff5fad2,S2429062,S2429062,1,2024-10-08,0R,pAMR0,7,S2516971,S2516971,5,2025-06-10,0R,pAMR0,245,0,future_no_significant_rejection,2,0.29547220688230397
image_plus_time,pair_000083,patient_1d9bc9798ff5fad2,S2429062,S2429062,1,2024-10-08,0R,pAMR0,7,S2528218,S2528218,6,2025-09-09,0R,pAMR0,336,0,future_no_significant_rejection,2,0.28469050491108105
image_plus_time,pair_000084,patient_1d9bc9798ff5fad2,S2434915,S2434915,2,2024-12-03,1R,pAMR0,2,S2501300,S2501300,3,2025-01-14,0R,pAMR0,42,0,future_no_significant_rejection,2,0.31627213842664315
image_plus_time,pair_000085,patient_1d9bc9798ff5fad2,S2434915,S2434915,2,2024-12-03,1R,pAMR0,2,S2505507,S2505507,4,2025-02-25,0R,pAMR0,84,0,future_no_significant_rejection,2,0.2922837837243389
image_plus_time,pair_000086,patient_1d9bc9798ff5fad2,S2434915,S2434915,2,2024-12-03,1R,pAMR0,2,S2516971,S2516971,5,2025-06-10,0R,pAMR0,189,0,future_no_significant_rejection,2,0.2653923248500571
image_plus_time,pair_000087,patient_1d9bc9798ff5fad2,S2434915,S2434915,2,2024-12-03,1R,pAMR0,2,S2528218,S2528218,6,2025-09-09,0R,pAMR0,280,0,future_no_significant_rejection,2,0.2528959777427125
image_plus_time,pair_000088,patient_1d9bc9798ff5fad2,S2501300,S2501300,3,2025-01-14,0R,pAMR0,6,S2505507,S2505507,4,2025-02-25,0R,pAMR0,42,0,future_no_significant_rejection,2,0.12613034020888259
image_plus_time,pair_000089,patient_1d9bc9798ff5fad2,S2501300,S2501300,3,2025-01-14,0R,pAMR0,6,S2516971,S2516971,5,2025-06-10,0R,pAMR0,147,0,future_no_significant_rejection,2,0.10515368356420107
image_plus_time,pair_000090,patient_1d9bc9798ff5fad2,S2501300,S2501300,3,2025-01-14,0R,pAMR0,6,S2528218,S2528218,6,2025-09-09,0R,pAMR0,238,0,future_no_significant_rejection,2,0.0978845592292193
image_plus_time,pair_000091,patient_1d9bc9798ff5fad2,S2505507,S2505507,4,2025-02-25,0R,pAMR0,1,S2516971,S2516971,5,2025-06-10,0R,pAMR0,105,0,future_no_significant_rejection,2,0.014046258981253541
image_plus_time,pair_000092,patient_1d9bc9798ff5fad2,S2505507,S2505507,4,2025-02-25,0R,pAMR0,1,S2528218,S2528218,6,2025-09-09,0R,pAMR0,196,0,future_no_significant_rejection,2,0.012687708514454698
image_plus_time,pair_000093,patient_1d9bc9798ff5fad2,S2516971,S2516971,5,2025-06-10,0R,pAMR0,6,S2528218,S2528218,6,2025-09-09,0R,pAMR0,91,0,future_no_significant_rejection,2,0.3869549784594681
image_plus_time,pair_000186,patient_29c1ec61f11c3c6d,S2133154,S2133154,1,2021-08-03,0R,pAMR0,1,S2142821,S2142821,2,2021-10-05,0R,pAMR0,63,0,future_no_significant_rejection,2,0.06695156825108058
image_plus_time,pair_000187,patient_29c1ec61f11c3c6d,S2133154,S2133154,1,2021-08-03,0R,pAMR0,1,S2156020,S2156020,3,2021-12-28,0R,pAMR0,147,0,future_no_significant_rejection,2,0.05874844638093311
image_plus_time,pair_000188,patient_29c1ec61f11c3c6d,S2133154,S2133154,1,2021-08-03,0R,pAMR0,1,S2210205,S2210205,4,2022-03-15,0R,pAMR0,224,0,future_no_significant_rejection,2,0.05501158935701714
image_plus_time,pair_000189,patient_29c1ec61f11c3c6d,S2142821,S2142821,2,2021-10-05,0R,pAMR0,1,S2156020,S2156020,3,2021-12-28,0R,pAMR0,84,0,future_no_significant_rejection,2,0.2927981746001879
image_plus_time,pair_000190,patient_29c1ec61f11c3c6d,S2142821,S2142821,2,2021-10-05,0R,pAMR0,1,S2210205,S2210205,4,2022-03-15,0R,pAMR0,161,0,future_no_significant_rejection,2,0.2710857841535649
image_plus_time,pair_000191,patient_29c1ec61f11c3c6d,S2156020,S2156020,3,2021-12-28,0R,pAMR0,1,S2210205,S2210205,4,2022-03-15,0R,pAMR0,77,0,future_no_significant_rejection,2,0.228078069061187
image_plus_time,pair_000218,patient_2e5d461d7873e6f4,S2039743,S2039743,1,2020-10-20,1R,pAMR0,6,S2130898,S2130898,2,2021-07-19,0R,pAMR0,272,0,future_no_significant_rejection,2,0.003815775795153219
image_plus_time,pair_000219,patient_2e5d461d7873e6f4,S2039743,S2039743,1,2020-10-20,1R,pAMR0,6,S2142815,S2142815,3,2021-10-05,1R,pAMR0,350,0,future_no_significant_rejection,2,0.00366011101093543
image_plus_time,pair_000220,patient_2e5d461d7873e6f4,S2039743,S2039743,1,2020-10-20,1R,pAMR0,6,S2244727,S2244727,4,2022-10-25,0R,pAMR1,735,1,future_significant_rejection,2,0.003237311140351814
image_plus_time,pair_000221,patient_2e5d461d7873e6f4,S2039743,S2039743,1,2020-10-20,1R,pAMR0,6,S2253528,S2253528,5,2022-12-20,1R,pAMR0,791,0,future_no_significant_rejection,2,0.0031981851433152977
image_plus_time,pair_000222,patient_2e5d461d7873e6f4,S2039743,S2039743,1,2020-10-20,1R,pAMR0,6,S2311235,S2311235,6,2023-03-14,0R,pAMR0,875,0,future_no_significant_rejection,2,0.003145168869310662
image_plus_time,pair_000223,patient_2e5d461d7873e6f4,S2130898,S2130898,2,2021-07-19,0R,pAMR0,1,S2142815,S2142815,3,2021-10-05,1R,pAMR0,78,0,future_no_significant_rejection,2,0.05160195986741556
image_plus_time,pair_000224,patient_2e5d461d7873e6f4,S2130898,S2130898,2,2021-07-19,0R,pAMR0,1,S2244727,S2244727,4,2022-10-25,0R,pAMR1,463,1,future_significant_rejection,2,0.03895061993281332
image_plus_time,pair_000225,patient_2e5d461d7873e6f4,S2130898,S2130898,2,2021-07-19,0R,pAMR0,1,S2253528,S2253528,5,2022-12-20,1R,pAMR0,519,0,future_no_significant_rejection,2,0.038247240049528085
image_plus_time,pair_000226,patient_2e5d461d7873e6f4,S2130898,S2130898,2,2021-07-19,0R,pAMR0,1,S2311235,S2311235,6,2023-03-14,0R,pAMR0,603,0,future_no_significant_rejection,2,0.03734138853529977
image_plus_time,pair_000227,patient_2e5d461d7873e6f4,S2142815,S2142815,3,2021-10-05,1R,pAMR0,1,S2244727,S2244727,4,2022-10-25,0R,pAMR1,385,1,future_significant_rejection,2,0.023423767747113678
image_plus_time,pair_000228,patient_2e5d461d7873e6f4,S2142815,S2142815,3,2021-10-05,1R,pAMR0,1,S2253528,S2253528,5,2022-12-20,1R,pAMR0,441,0,future_no_significant_rejection,2,0.022913749700944792
image_plus_time,pair_000229,patient_2e5d461d7873e6f4,S2142815,S2142815,3,2021-10-05,1R,pAMR0,1,S2311235,S2311235,6,2023-03-14,0R,pAMR0,525,0,future_no_significant_rejection,2,0.022274603918557394
image_plus_time,pair_000266,patient_33180b505ac426fd,S2434571,S2434571,1,2024-11-28,0R,pAMR0,6,S2501301,S2501301,2,2025-01-14,0R,pAMR0,47,0,future_no_significant_rejection,2,0.09171086267637235
image_plus_time,pair_000267,patient_33180b505ac426fd,S2434571,S2434571,1,2024-11-28,0R,pAMR0,6,S2503128,S2503128,3,2025-02-04,0R,pAMR0,68,0,future_no_significant_rejection,2,0.08680445069378952
image_plus_time,pair_000268,patient_33180b505ac426fd,S2434571,S2434571,1,2024-11-28,0R,pAMR0,6,S2511008,S2511008,4,2025-04-15,1R,pAMR0,138,0,future_no_significant_rejection,2,0.07800261916073647
image_plus_time,pair_000269,patient_33180b505ac426fd,S2434571,S2434571,1,2024-11-28,0R,pAMR0,6,S2515598,S2515598,5,2025-05-27,0R,pAMR0,180,0,future_no_significant_rejection,2,0.07490187669140976
image_plus_time,pair_000270,patient_33180b505ac426fd,S2434571,S2434571,1,2024-11-28,0R,pAMR0,6,S2521240,S2521240,6,2025-07-15,1R,pAMR0,229,0,future_no_significant_rejection,2,0.07218661606245647
image_plus_time,pair_000271,patient_33180b505ac426fd,S2501301,S2501301,2,2025-01-14,0R,pAMR0,3,S2503128,S2503128,3,2025-02-04,0R,pAMR0,21,0,future_no_significant_rejection,2,0.0826151076693421
image_plus_time,pair_000272,patient_33180b505ac426fd,S2501301,S2501301,2,2025-01-14,0R,pAMR0,3,S2511008,S2511008,4,2025-04-15,1R,pAMR0,91,0,future_no_significant_rejection,2,0.06627664294467765
image_plus_time,pair_000273,patient_33180b505ac426fd,S2501301,S2501301,2,2025-01-14,0R,pAMR0,3,S2515598,S2515598,5,2025-05-27,0R,pAMR0,133,0,future_no_significant_rejection,2,0.06250881897284673
image_plus_time,pair_000274,patient_33180b505ac426fd,S2501301,S2501301,2,2025-01-14,0R,pAMR0,3,S2521240,S2521240,6,2025-07-15,1R,pAMR0,182,0,future_no_significant_rejection,2,0.05953876415346224
image_plus_time,pair_000275,patient_33180b505ac426fd,S2503128,S2503128,3,2025-02-04,0R,pAMR0,3,S2511008,S2511008,4,2025-04-15,1R,pAMR0,70,0,future_no_significant_rejection,2,0.4329888786764793
image_plus_time,pair_000276,patient_33180b505ac426fd,S2503128,S2503128,3,2025-02-04,0R,pAMR0,3,S2515598,S2515598,5,2025-05-27,0R,pAMR0,112,0,future_no_significant_rejection,2,0.41411685263850617
image_plus_time,pair_000277,patient_33180b505ac426fd,S2503128,S2503128,3,2025-02-04,0R,pAMR0,3,S2521240,S2521240,6,2025-07-15,1R,pAMR0,161,0,future_no_significant_rejection,2,0.3996571768383914
image_plus_time,pair_000278,patient_33180b505ac426fd,S2511008,S2511008,4,2025-04-15,1R,pAMR0,9,S2515598,S2515598,5,2025-05-27,0R,pAMR0,42,0,future_no_significant_rejection,2,0.2973620003392981
image_plus_time,pair_000279,patient_33180b505ac426fd,S2511008,S2511008,4,2025-04-15,1R,pAMR0,9,S2521240,S2521240,6,2025-07-15,1R,pAMR0,91,0,future_no_significant_rejection,2,0.2716203049316172
image_plus_time,pair_000280,patient_33180b505ac426fd,S2515598,S2515598,5,2025-05-27,0R,pAMR0,1,S2521240,S2521240,6,2025-07-15,1R,pAMR0,49,0,future_no_significant_rejection,2,0.10995770787113889
image_plus_time,pair_000312,patient_3840f67f21017b79,S2222833,S2222833,1,2022-06-07,0R,pAMR0,3,S2225223,S2225223,2,2022-06-21,1R,pAMR0,14,0,future_no_significant_rejection,2,0.20695965159170043
image_plus_time,pair_000313,patient_3840f67f21017b79,S2222833,S2222833,1,2022-06-07,0R,pAMR0,3,S2229971,S2229971,3,2022-07-19,1R,pAMR0,42,0,future_no_significant_rejection,2,0.17967597758482506
image_plus_time,pair_000314,patient_3840f67f21017b79,S2222833,S2222833,1,2022-06-07,0R,pAMR0,3,S2235317,S2235317,4,2022-08-23,1R,pAMR0,77,0,future_no_significant_rejection,2,0.1655349326158976
image_plus_time,pair_000315,patient_3840f67f21017b79,S2222833,S2222833,1,2022-06-07,0R,pAMR0,3,S2241563,S2241563,5,2022-10-04,1R,pAMR0,119,0,future_no_significant_rejection,2,0.1558718102675611
image_plus_time,pair_000316,patient_3840f67f21017b79,S2222833,S2222833,1,2022-06-07,0R,pAMR0,3,S2250152,S2250152,6,2022-11-29,1R,pAMR0,175,0,future_no_significant_rejection,2,0.14767145982381427
image_plus_time,pair_000317,patient_3840f67f21017b79,S2222833,S2222833,1,2022-06-07,0R,pAMR0,3,S2308042,S2308042,7,2023-02-21,0R,pAMR0,259,0,future_no_significant_rejection,2,0.13968695414529952
image_plus_time,pair_000318,patient_3840f67f21017b79,S2222833,S2222833,1,2022-06-07,0R,pAMR0,3,S2323102,S2323102,8,2023-05-30,0R,pAMR0,357,0,future_no_significant_rejection,2,0.1334144360597276
image_plus_time,pair_000319,patient_3840f67f21017b79,S2225223,S2225223,2,2022-06-21,1R,pAMR0,3,S2229971,S2229971,3,2022-07-19,1R,pAMR0,28,0,future_no_significant_rejection,2,0.1643904038341176
image_plus_time,pair_000320,patient_3840f67f21017b79,S2225223,S2225223,2,2022-06-21,1R,pAMR0,3,S2235317,S2235317,4,2022-08-23,1R,pAMR0,63,0,future_no_significant_rejection,2,0.14709119318177183
image_plus_time,pair_000321,patient_3840f67f21017b79,S2225223,S2225223,2,2022-06-21,1R,pAMR0,3,S2241563,S2241563,5,2022-10-04,1R,pAMR0,105,0,future_no_significant_rejection,2,0.1368699699039336
image_plus_time,pair_000322,patient_3840f67f21017b79,S2225223,S2225223,2,2022-06-21,1R,pAMR0,3,S2250152,S2250152,6,2022-11-29,1R,pAMR0,161,0,future_no_significant_rejection,2,0.12874583033087447
image_plus_time,pair_000323,patient_3840f67f21017b79,S2225223,S2225223,2,2022-06-21,1R,pAMR0,3,S2308042,S2308042,7,2023-02-21,0R,pAMR0,245,0,future_no_significant_rejection,2,0.12114999166845769
image_plus_time,pair_000324,patient_3840f67f21017b79,S2225223,S2225223,2,2022-06-21,1R,pAMR0,3,S2323102,S2323102,8,2023-05-30,0R,pAMR0,343,0,future_no_significant_rejection,2,0.11533536545765645
image_plus_time,pair_000325,patient_3840f67f21017b79,S2229971,S2229971,3,2022-07-19,1R,pAMR0,1,S2235317,S2235317,4,2022-08-23,1R,pAMR0,35,0,future_no_significant_rejection,2,0.24059019371716853
image_plus_time,pair_000326,patient_3840f67f21017b79,S2229971,S2229971,3,2022-07-19,1R,pAMR0,1,S2241563,S2241563,5,2022-10-04,1R,pAMR0,77,0,future_no_significant_rejection,2,0.21787917976762303
image_plus_time,pair_000327,patient_3840f67f21017b79,S2229971,S2229971,3,2022-07-19,1R,pAMR0,1,S2250152,S2250152,6,2022-11-29,1R,pAMR0,133,0,future_no_significant_rejection,2,0.20292909596414993
image_plus_time,pair_000328,patient_3840f67f21017b79,S2229971,S2229971,3,2022-07-19,1R,pAMR0,1,S2308042,S2308042,7,2023-02-21,0R,pAMR0,217,0,future_no_significant_rejection,2,0.19014884780820898
image_plus_time,pair_000329,patient_3840f67f21017b79,S2229971,S2229971,3,2022-07-19,1R,pAMR0,1,S2323102,S2323102,8,2023-05-30,0R,pAMR0,315,0,future_no_significant_rejection,2,0.1808200911271906
image_plus_time,pair_000330,patient_3840f67f21017b79,S2235317,S2235317,4,2022-08-23,1R,pAMR0,3,S2241563,S2241563,5,2022-10-04,1R,pAMR0,42,0,future_no_significant_rejection,2,0.7623630073281945
image_plus_time,pair_000331,patient_3840f67f21017b79,S2235317,S2235317,4,2022-08-23,1R,pAMR0,3,S2250152,S2250152,6,2022-11-29,1R,pAMR0,98,0,future_no_significant_rejection,2,0.7363249346651053
image_plus_time,pair_000332,patient_3840f67f21017b79,S2235317,S2235317,4,2022-08-23,1R,pAMR0,3,S2308042,S2308042,7,2023-02-21,0R,pAMR0,182,0,future_no_significant_rejection,2,0.7160094986705157
image_plus_time,pair_000333,patient_3840f67f21017b79,S2235317,S2235317,4,2022-08-23,1R,pAMR0,3,S2323102,S2323102,8,2023-05-30,0R,pAMR0,280,0,future_no_significant_rejection,2,0.7012818349850022
image_plus_time,pair_000334,patient_3840f67f21017b79,S2241563,S2241563,5,2022-10-04,1R,pAMR0,3,S2250152,S2250152,6,2022-11-29,1R,pAMR0,56,0,future_no_significant_rejection,2,0.4668389340027478
image_plus_time,pair_000335,patient_3840f67f21017b79,S2241563,S2241563,5,2022-10-04,1R,pAMR0,3,S2308042,S2308042,7,2023-02-21,0R,pAMR0,140,0,future_no_significant_rejection,2,0.42959441822541417
image_plus_time,pair_000336,patient_3840f67f21017b79,S2241563,S2241563,5,2022-10-04,1R,pAMR0,3,S2323102,S2323102,8,2023-05-30,0R,pAMR0,238,0,future_no_significant_rejection,2,0.40822913204730277
image_plus_time,pair_000337,patient_3840f67f21017b79,S2250152,S2250152,6,2022-11-29,1R,pAMR0,3,S2308042,S2308042,7,2023-02-21,0R,pAMR0,84,0,future_no_significant_rejection,2,0.38314277346400266
image_plus_time,pair_000338,patient_3840f67f21017b79,S2250152,S2250152,6,2022-11-29,1R,pAMR0,3,S2323102,S2323102,8,2023-05-30,0R,pAMR0,182,0,future_no_significant_rejection,2,0.35347599328902224
image_plus_time,pair_000339,patient_3840f67f21017b79,S2308042,S2308042,7,2023-02-21,0R,pAMR0,1,S2323102,S2323102,8,2023-05-30,0R,pAMR0,98,0,future_no_significant_rejection,2,0.10621130871736707
image_plus_time,pair_000340,patient_3b33f0c3a0f54d90,S2032124,S2032124,1,2020-08-11,0R,pAMR0,1,S2047227,S2047227,2,2020-11-27,1R,pAMR2,108,1,future_significant_rejection,2,0.019846064787714265
image_plus_time,pair_000341,patient_3fc4b14a03335d7f,S2202569,S2202569,1,2022-01-18,1R,pAMR0,7,S2203739,S2203739,2,2022-01-25,1R,pAMR0,7,0,future_no_significant_rejection,2,0.6319602782801802
image_plus_time,pair_000342,patient_3fc4b14a03335d7f,S2202569,S2202569,1,2022-01-18,1R,pAMR0,7,S2206286,S2206286,3,2022-02-15,0R,pAMR0,28,0,future_no_significant_rejection,2,0.5808826885250649
image_plus_time,pair_000343,patient_3fc4b14a03335d7f,S2202569,S2202569,1,2022-01-18,1R,pAMR0,7,S2212215,S2212215,4,2022-03-29,1R,pAMR0,70,0,future_no_significant_rejection,2,0.5442461189427289
image_plus_time,pair_000344,patient_3fc4b14a03335d7f,S2202569,S2202569,1,2022-01-18,1R,pAMR0,7,S2217673,S2217673,5,2022-05-03,0R,pAMR0,105,0,future_no_significant_rejection,2,0.5276670517247602
image_plus_time,pair_000345,patient_3fc4b14a03335d7f,S2202569,S2202569,1,2022-01-18,1R,pAMR0,7,S2225224,S2225224,6,2022-06-21,0R,pAMR0,154,0,future_no_significant_rejection,2,0.511890198438811
image_plus_time,pair_000346,patient_3fc4b14a03335d7f,S2202569,S2202569,1,2022-01-18,1R,pAMR0,7,S2240720,S2240720,7,2022-09-27,1R,pAMR0,252,0,future_no_significant_rejection,2,0.4915165622241902
image_plus_time,pair_000347,patient_3fc4b14a03335d7f,S2203739,S2203739,2,2022-01-25,1R,pAMR0,5,S2206286,S2206286,3,2022-02-15,0R,pAMR0,21,0,future_no_significant_rejection,2,0.16067146773102026
image_plus_time,pair_000348,patient_3fc4b14a03335d7f,S2203739,S2203739,2,2022-01-25,1R,pAMR0,5,S2212215,S2212215,4,2022-03-29,1R,pAMR0,63,0,future_no_significant_rejection,2,0.13813366448732078
image_plus_time,pair_000349,patient_3fc4b14a03335d7f,S2203739,S2203739,2,2022-01-25,1R,pAMR0,5,S2217673,S2217673,5,2022-05-03,0R,pAMR0,98,0,future_no_significant_rejection,2,0.12971878866834438
image_plus_time,pair_000350,patient_3fc4b14a03335d7f,S2203739,S2203739,2,2022-01-25,1R,pAMR0,5,S2225224,S2225224,6,2022-06-21,0R,pAMR0,147,0,future_no_significant_rejection,2,0.1223527475409564
image_plus_time,pair_000351,patient_3fc4b14a03335d7f,S2203739,S2203739,2,2022-01-25,1R,pAMR0,5,S2240720,S2240720,7,2022-09-27,1R,pAMR0,245,0,future_no_significant_rejection,2,0.11356188495569754
image_plus_time,pair_000352,patient_3fc4b14a03335d7f,S2206286,S2206286,3,2022-02-15,0R,pAMR0,3,S2212215,S2212215,4,2022-03-29,1R,pAMR0,42,0,future_no_significant_rejection,2,0.12022491967673081
image_plus_time,pair_000353,patient_3fc4b14a03335d7f,S2206286,S2206286,3,2022-02-15,0R,pAMR0,3,S2217673,S2217673,5,2022-05-03,0R,pAMR0,77,0,future_no_significant_rejection,2,0.11013466540551577
image_plus_time,pair_000354,patient_3fc4b14a03335d7f,S2206286,S2206286,3,2022-02-15,0R,pAMR0,3,S2225224,S2225224,6,2022-06-21,0R,pAMR0,126,0,future_no_significant_rejection,2,0.10243477906452503
image_plus_time,pair_000355,patient_3fc4b14a03335d7f,S2206286,S2206286,3,2022-02-15,0R,pAMR0,3,S2240720,S2240720,7,2022-09-27,1R,pAMR0,224,0,future_no_significant_rejection,2,0.09401242222225165
image_plus_time,pair_000356,patient_3fc4b14a03335d7f,S2212215,S2212215,4,2022-03-29,1R,pAMR0,1,S2217673,S2217673,5,2022-05-03,0R,pAMR0,35,0,future_no_significant_rejection,2,0.4932454396093321
image_plus_time,pair_000357,patient_3fc4b14a03335d7f,S2212215,S2212215,4,2022-03-29,1R,pAMR0,1,S2225224,S2225224,6,2022-06-21,0R,pAMR0,84,0,future_no_significant_rejection,2,0.4576172877492274
image_plus_time,pair_000358,patient_3fc4b14a03335d7f,S2212215,S2212215,4,2022-03-29,1R,pAMR0,1,S2240720,S2240720,7,2022-09-27,1R,pAMR0,182,0,future_no_significant_rejection,2,0.4261678857677645
image_plus_time,pair_000359,patient_3fc4b14a03335d7f,S2217673,S2217673,5,2022-05-03,0R,pAMR0,1,S2225224,S2225224,6,2022-06-21,0R,pAMR0,49,0,future_no_significant_rejection,2,0.42528955972873045
image_plus_time,pair_000360,patient_3fc4b14a03335d7f,S2217673,S2217673,5,2022-05-03,0R,pAMR0,1,S2240720,S2240720,7,2022-09-27,1R,pAMR0,147,0,future_no_significant_rejection,2,0.38186966752438395
image_plus_time,pair_000361,patient_3fc4b14a03335d7f,S2225224,S2225224,6,2022-06-21,0R,pAMR0,1,S2240720,S2240720,7,2022-09-27,1R,pAMR0,98,0,future_no_significant_rejection,2,0.28122431473438547
image_plus_time,pair_000401,patient_46cfa1714c823433,S2350728,S2350728,1,2023-11-28,0R,pAMR0,1,S2353999,S2353999,2,2023-12-19,0R,pAMR0,21,0,future_no_significant_rejection,2,0.040251908018469416
image_plus_time,pair_000402,patient_46cfa1714c823433,S2350728,S2350728,1,2023-11-28,0R,pAMR0,1,S2414957,S2414957,3,2024-05-21,0R,pAMR0,175,0,future_no_significant_rejection,2,0.02882024121152963
image_plus_time,pair_000403,patient_46cfa1714c823433,S2350728,S2350728,1,2023-11-28,0R,pAMR0,1,S2423619,S2423619,4,2024-08-13,0R,pAMR0,259,0,future_no_significant_rejection,2,0.027057942410426118
image_plus_time,pair_000404,patient_46cfa1714c823433,S2353999,S2353999,2,2023-12-19,0R,pAMR0,1,S2414957,S2414957,3,2024-05-21,0R,pAMR0,154,0,future_no_significant_rejection,2,0.04857948243696044
image_plus_time,pair_000405,patient_46cfa1714c823433,S2353999,S2353999,2,2023-12-19,0R,pAMR0,1,S2423619,S2423619,4,2024-08-13,0R,pAMR0,238,0,future_no_significant_rejection,2,0.04535617938260537
image_plus_time,pair_000406,patient_46cfa1714c823433,S2414957,S2414957,3,2024-05-21,0R,pAMR0,2,S2423619,S2423619,4,2024-08-13,0R,pAMR0,84,0,future_no_significant_rejection,2,0.1713283809631394
image_plus_time,pair_000466,patient_503148ddee5b72e0,S2229537,S2229537,1,2022-07-15,1R,pAMR0,4,S2237601,S2237601,2,2022-09-06,0R,pAMR0,53,0,future_no_significant_rejection,2,0.32096429625101464
image_plus_time,pair_000467,patient_503148ddee5b72e0,S2229537,S2229537,1,2022-07-15,1R,pAMR0,4,S2312320,S2312320,3,2023-03-21,1R,pAMR0,249,0,future_no_significant_rejection,2,0.2681017185121873
image_plus_time,pair_000468,patient_503148ddee5b72e0,S2229537,S2229537,1,2022-07-15,1R,pAMR0,4,S2327485,S2327485,4,2023-06-27,0R,pAMR0,347,0,future_no_significant_rejection,2,0.25744425079254685
image_plus_time,pair_000469,patient_503148ddee5b72e0,S2237601,S2237601,2,2022-09-06,0R,pAMR0,1,S2312320,S2312320,3,2023-03-21,1R,pAMR0,196,0,future_no_significant_rejection,2,0.24226767887849673
image_plus_time,pair_000470,patient_503148ddee5b72e0,S2237601,S2237601,2,2022-09-06,0R,pAMR0,1,S2327485,S2327485,4,2023-06-27,0R,pAMR0,294,0,future_no_significant_rejection,2,0.23015160614069238
image_plus_time,pair_000471,patient_503148ddee5b72e0,S2312320,S2312320,3,2023-03-21,1R,pAMR0,1,S2327485,S2327485,4,2023-06-27,0R,pAMR0,98,0,future_no_significant_rejection,2,0.016261971338364264
image_plus_time,pair_000472,patient_5a68de4c65c56662,S2235518,S2235518,1,2022-08-24,0R,pAMR0,4,S2238299,S2238299,2,2022-09-13,1R,pAMR0,20,0,future_no_significant_rejection,2,0.43179219154969284
image_plus_time,pair_000473,patient_5a68de4c65c56662,S2235518,S2235518,1,2022-08-24,0R,pAMR0,4,S2242500,S2242500,3,2022-10-11,0R,pAMR0,48,0,future_no_significant_rejection,2,0.3975957739534469
image_plus_time,pair_000474,patient_5a68de4c65c56662,S2235518,S2235518,1,2022-08-24,0R,pAMR0,4,S2246786,S2246786,4,2022-11-08,0R,pAMR0,76,0,future_no_significant_rejection,2,0.3797329955278473
image_plus_time,pair_000475,patient_5a68de4c65c56662,S2235518,S2235518,1,2022-08-24,0R,pAMR0,4,S2254886,S2254886,5,2022-12-28,0R,pAMR0,126,0,future_no_significant_rejection,2,0.3603324784221473
image_plus_time,pair_000476,patient_5a68de4c65c56662,S2238299,S2238299,2,2022-09-13,1R,pAMR0,3,S2242500,S2242500,3,2022-10-11,0R,pAMR0,28,0,future_no_significant_rejection,2,0.5382367977856828
image_plus_time,pair_000477,patient_5a68de4c65c56662,S2238299,S2238299,2,2022-09-13,1R,pAMR0,3,S2246786,S2246786,4,2022-11-08,0R,pAMR0,56,0,future_no_significant_rejection,2,0.5102067893470393
image_plus_time,pair_000478,patient_5a68de4c65c56662,S2238299,S2238299,2,2022-09-13,1R,pAMR0,3,S2254886,S2254886,5,2022-12-28,0R,pAMR0,106,0,future_no_significant_rejection,2,0.48402239012707143
image_plus_time,pair_000479,patient_5a68de4c65c56662,S2242500,S2242500,3,2022-10-11,0R,pAMR0,1,S2246786,S2246786,4,2022-11-08,0R,pAMR0,28,0,future_no_significant_rejection,2,0.2364035182360561
image_plus_time,pair_000480,patient_5a68de4c65c56662,S2242500,S2242500,3,2022-10-11,0R,pAMR0,1,S2254886,S2254886,5,2022-12-28,0R,pAMR0,78,0,future_no_significant_rejection,2,0.20764004439821052
image_plus_time,pair_000481,patient_5a68de4c65c56662,S2246786,S2246786,4,2022-11-08,0R,pAMR0,1,S2254886,S2254886,5,2022-12-28,0R,pAMR0,50,0,future_no_significant_rejection,2,0.04060319387219073
image_plus_time,pair_000507,patient_69d6941869afda05,S2206289,S2206289,1,2022-02-15,1R,pAMR0,3,S2210209,S2210209,2,2022-03-15,2R,pAMR0,28,1,future_significant_rejection,2,0.5628353579384845
image_plus_time,pair_000508,patient_69d6941869afda05,S2206289,S2206289,1,2022-02-15,1R,pAMR0,3,S2214323,S2214323,3,2022-04-12,0R,pAMR0,56,0,future_no_significant_rejection,2,0.535008547879849
image_plus_time,pair_000509,patient_69d6941869afda05,S2206289,S2206289,1,2022-02-15,1R,pAMR0,3,S2219751,S2219751,4,2022-05-17,1R,pAMR0,91,0,future_no_significant_rejection,2,0.515151504832909
image_plus_time,pair_000510,patient_69d6941869afda05,S2206289,S2206289,1,2022-02-15,1R,pAMR0,3,S2224010,S2224010,5,2022-06-14,1R,pAMR0,119,0,future_no_significant_rejection,2,0.5041059601728844
image_plus_time,pair_000511,patient_69d6941869afda05,S2206289,S2206289,1,2022-02-15,1R,pAMR0,3,S2232194,S2232194,6,2022-08-02,0R,pAMR0,168,0,future_no_significant_rejection,2,0.48986738086148746
image_plus_time,pair_000512,patient_69d6941869afda05,S2206289,S2206289,1,2022-02-15,1R,pAMR0,3,S2241565,S2241565,7,2022-10-04,0R,pAMR0,231,0,future_no_significant_rejection,2,0.47670614673925255
image_plus_time,pair_000513,patient_69d6941869afda05,S2206289,S2206289,1,2022-02-15,1R,pAMR0,3,S2253524,S2253524,8,2022-12-20,1R,pAMR0,308,0,future_no_significant_rejection,2,0.4648281431558268
image_plus_time,pair_000532,patient_6e852ae1e67cc6a5,S2521239,S2521239,1,2025-07-15,0R,pAMR0,1,S2522994,S2522994,2,2025-07-29,0R,pAMR0,14,0,future_no_significant_rejection,2,0.035949792189123086
image_plus_time,pair_000533,patient_6e852ae1e67cc6a5,S2521239,S2521239,1,2025-07-15,0R,pAMR0,1,S2526362,S2526362,3,2025-08-26,0R,pAMR0,42,0,future_no_significant_rejection,2,0.030347779111426436
image_plus_time,pair_000534,patient_6e852ae1e67cc6a5,S2521239,S2521239,1,2025-07-15,0R,pAMR0,1,S2530049,S2530049,4,2025-09-23,0R,pAMR0,70,0,future_no_significant_rejection,2,0.027986797221535714
image_plus_time,pair_000535,patient_6e852ae1e67cc6a5,S2522994,S2522994,2,2025-07-29,0R,pAMR0,1,S2526362,S2526362,3,2025-08-26,0R,pAMR0,28,0,future_no_significant_rejection,2,0.07080338901333529
image_plus_time,pair_000536,patient_6e852ae1e67cc6a5,S2522994,S2522994,2,2025-07-29,0R,pAMR0,1,S2530049,S2530049,4,2025-09-23,0R,pAMR0,56,0,future_no_significant_rejection,2,0.06375515087909614
image_plus_time,pair_000537,patient_6e852ae1e67cc6a5,S2526362,S2526362,3,2025-08-26,0R,pAMR0,5,S2530049,S2530049,4,2025-09-23,0R,pAMR0,28,0,future_no_significant_rejection,2,0.006873040289199743
image_plus_time,pair_000564,patient_71a52624c9074da6,S2320992,S2320992,1,2023-05-17,0R,pAMR0,2,S2325142,S2325142,2,2023-06-13,0R,pAMR0,27,0,future_no_significant_rejection,2,0.00261217947189643
image_plus_time,pair_000565,patient_71a52624c9074da6,S2320992,S2320992,1,2023-05-17,0R,pAMR0,2,S2330985,S2330985,3,2023-07-18,0R,pAMR0,62,0,future_no_significant_rejection,2,0.0022832831852222716
image_plus_time,pair_000566,patient_71a52624c9074da6,S2320992,S2320992,1,2023-05-17,0R,pAMR0,2,S2336494,S2336494,4,2023-08-22,0R,pAMR0,97,0,future_no_significant_rejection,2,0.002121824344298539
image_plus_time,pair_000567,patient_71a52624c9074da6,S2320992,S2320992,1,2023-05-17,0R,pAMR0,2,S2344458,S2344458,5,2023-10-17,0R,pAMR0,153,0,future_no_significant_rejection,2,0.0019684395616386065
image_plus_time,pair_000568,patient_71a52624c9074da6,S2320992,S2320992,1,2023-05-17,0R,pAMR0,2,S2352827,S2352827,6,2023-12-12,0R,pAMR0,209,0,future_no_significant_rejection,2,0.0018696384862784503
image_plus_time,pair_000569,patient_71a52624c9074da6,S2325142,S2325142,2,2023-06-13,0R,pAMR0,1,S2330985,S2330985,3,2023-07-18,0R,pAMR0,35,0,future_no_significant_rejection,2,0.12131647439798889
image_plus_time,pair_000570,patient_71a52624c9074da6,S2325142,S2325142,2,2023-06-13,0R,pAMR0,1,S2336494,S2336494,4,2023-08-22,0R,pAMR0,70,0,future_no_significant_rejection,2,0.10977882798572829
image_plus_time,pair_000571,patient_71a52624c9074da6,S2325142,S2325142,2,2023-06-13,0R,pAMR0,1,S2344458,S2344458,5,2023-10-17,0R,pAMR0,126,0,future_no_significant_rejection,2,0.10067586717756985
image_plus_time,pair_000572,patient_71a52624c9074da6,S2325142,S2325142,2,2023-06-13,0R,pAMR0,1,S2352827,S2352827,6,2023-12-12,0R,pAMR0,182,0,future_no_significant_rejection,2,0.09530584548218958
image_plus_time,pair_000573,patient_71a52624c9074da6,S2330985,S2330985,3,2023-07-18,0R,pAMR0,1,S2336494,S2336494,4,2023-08-22,0R,pAMR0,35,0,future_no_significant_rejection,2,0.626611756629647
image_plus_time,pair_000574,patient_71a52624c9074da6,S2330985,S2330985,3,2023-07-18,0R,pAMR0,1,S2344458,S2344458,5,2023-10-17,0R,pAMR0,91,0,future_no_significant_rejection,2,0.5894337315202264
image_plus_time,pair_000575,patient_71a52624c9074da6,S2330985,S2330985,3,2023-07-18,0R,pAMR0,1,S2352827,S2352827,6,2023-12-12,0R,pAMR0,147,0,future_no_significant_rejection,2,0.5701681070331102
image_plus_time,pair_000576,patient_71a52624c9074da6,S2336494,S2336494,4,2023-08-22,0R,pAMR0,1,S2344458,S2344458,5,2023-10-17,0R,pAMR0,56,0,future_no_significant_rejection,2,0.5644938648808325
image_plus_time,pair_000577,patient_71a52624c9074da6,S2336494,S2336494,4,2023-08-22,0R,pAMR0,1,S2352827,S2352827,6,2023-12-12,0R,pAMR0,112,0,future_no_significant_rejection,2,0.5363307519695908
image_plus_time,pair_000578,patient_71a52624c9074da6,S2344458,S2344458,5,2023-10-17,0R,pAMR0,1,S2352827,S2352827,6,2023-12-12,0R,pAMR0,56,0,future_no_significant_rejection,2,0.6054096621597488
image_plus_time,pair_000579,patient_780d5b318208b01a,S2339819,S2339819,1,2023-09-12,1R,pAMR0,3,S2406753,S2406753,2,2024-02-13,0R,pAMR0,154,0,future_no_significant_rejection,2,0.1543831309488565
image_plus_time,pair_000580,patient_780d5b318208b01a,S2339819,S2339819,1,2023-09-12,1R,pAMR0,3,S2423616,S2423616,3,2024-08-13,0R,pAMR0,336,0,future_no_significant_rejection,2,0.13825877267308115
image_plus_time,pair_000581,patient_780d5b318208b01a,S2406753,S2406753,2,2024-02-13,0R,pAMR0,7,S2423616,S2423616,3,2024-08-13,0R,pAMR0,182,0,future_no_significant_rejection,2,0.013732481170745353
image_plus_time,pair_000583,patient_79f0ef3e7f376fdb,S2352429,S2352429,1,2023-12-08,0R,pAMR0,3,S2406038,S2406038,2,2024-02-06,0R,pAMR0,60,0,future_no_significant_rejection,2,0.011292759871232799
image_plus_time,pair_000584,patient_79f0ef3e7f376fdb,S2352429,S2352429,1,2023-12-08,0R,pAMR0,3,S2409390,S2409390,3,2024-03-12,0R,pAMR0,95,0,future_no_significant_rejection,2,0.01048081165708774
image_plus_time,pair_000585,patient_79f0ef3e7f376fdb,S2352429,S2352429,1,2023-12-08,0R,pAMR0,3,S2413768,S2413768,4,2024-05-07,0R,pAMR0,151,0,future_no_significant_rejection,2,0.00971696606949321
image_plus_time,pair_000586,patient_79f0ef3e7f376fdb,S2352429,S2352429,1,2023-12-08,0R,pAMR0,3,S2431862,S2431862,5,2024-11-05,0R,pAMR0,333,0,future_no_significant_rejection,2,0.00853439269627212
image_plus_time,pair_000587,patient_79f0ef3e7f376fdb,S2406038,S2406038,2,2024-02-06,0R,pAMR0,9,S2409390,S2409390,3,2024-03-12,0R,pAMR0,35,0,future_no_significant_rejection,2,0.06204751297351145
image_plus_time,pair_000588,patient_79f0ef3e7f376fdb,S2406038,S2406038,2,2024-02-06,0R,pAMR0,9,S2413768,S2413768,4,2024-05-07,0R,pAMR0,91,0,future_no_significant_rejection,2,0.05356115302796337
image_plus_time,pair_000589,patient_79f0ef3e7f376fdb,S2406038,S2406038,2,2024-02-06,0R,pAMR0,9,S2431862,S2431862,5,2024-11-05,0R,pAMR0,273,0,future_no_significant_rejection,2,0.04506965120525733
image_plus_time,pair_000590,patient_79f0ef3e7f376fdb,S2409390,S2409390,3,2024-03-12,0R,pAMR0,1,S2413768,S2413768,4,2024-05-07,0R,pAMR0,56,0,future_no_significant_rejection,2,0.0985608182447583
image_plus_time,pair_000591,patient_79f0ef3e7f376fdb,S2409390,S2409390,3,2024-03-12,0R,pAMR0,1,S2431862,S2431862,5,2024-11-05,0R,pAMR0,238,0,future_no_significant_rejection,2,0.0793091788920994
image_plus_time,pair_000592,patient_79f0ef3e7f376fdb,S2413768,S2413768,4,2024-05-07,0R,pAMR0,2,S2431862,S2431862,5,2024-11-05,0R,pAMR0,182,0,future_no_significant_rejection,2,0.3591267370721209
image_plus_time,pair_000621,patient_88518ae12a01280d,S2527323,S2527323,1,2025-09-02,0R,pAMR0,1,S2530991,S2530991,2,2025-09-30,0R,pAMR0,28,0,future_no_significant_rejection,2,0.01005185942866856
image_plus_time,pair_000622,patient_88518ae12a01280d,S2527323,S2527323,1,2025-09-02,0R,pAMR0,1,S2535840,S2535840,3,2025-11-11,0R,pAMR0,70,0,future_no_significant_rejection,2,0.008672874914827317
image_plus_time,pair_000623,patient_88518ae12a01280d,S2530991,S2530991,2,2025-09-30,0R,pAMR0,1,S2535840,S2535840,3,2025-11-11,0R,pAMR0,42,0,future_no_significant_rejection,2,0.0781919336869517
image_plus_time,pair_000630,patient_897fc368fe7593b2,S2409389,S2409389,1,2024-03-12,0R,pAMR0,4,S2410451,S2410451,2,2024-03-26,0R,pAMR0,14,0,future_no_significant_rejection,2,0.10534297605573975
image_plus_time,pair_000631,patient_897fc368fe7593b2,S2409389,S2409389,1,2024-03-12,0R,pAMR0,4,S2413342,S2413342,3,2024-04-30,0R,pAMR0,49,0,future_no_significant_rejection,2,0.08790377191430872
image_plus_time,pair_000632,patient_897fc368fe7593b2,S2409389,S2409389,1,2024-03-12,0R,pAMR0,4,S2414955,S2414955,4,2024-05-21,0R,pAMR0,70,0,future_no_significant_rejection,2,0.08333790632643476
image_plus_time,pair_000633,patient_897fc368fe7593b2,S2409389,S2409389,1,2024-03-12,0R,pAMR0,4,S2419848,S2419848,5,2024-07-08,0R,pAMR0,118,0,future_no_significant_rejection,2,0.0770054545935158
image_plus_time,pair_000634,patient_897fc368fe7593b2,S2409389,S2409389,1,2024-03-12,0R,pAMR0,4,S2424250,S2424250,6,2024-08-20,0R,pAMR0,161,0,future_no_significant_rejection,2,0.0734364466730974
image_plus_time,pair_000635,patient_897fc368fe7593b2,S2409389,S2409389,1,2024-03-12,0R,pAMR0,4,S2431866,S2431866,7,2024-11-05,0R,pAMR0,238,0,future_no_significant_rejection,2,0.06915442869480662
image_plus_time,pair_000636,patient_897fc368fe7593b2,S2409389,S2409389,1,2024-03-12,0R,pAMR0,4,S2504719,S2504719,8,2025-02-18,0R,pAMR0,343,0,future_no_significant_rejection,2,0.06535497701685439
image_plus_time,pair_000637,patient_897fc368fe7593b2,S2410451,S2410451,2,2024-03-26,0R,pAMR0,1,S2413342,S2413342,3,2024-04-30,0R,pAMR0,35,0,future_no_significant_rejection,2,0.10278031669088528
image_plus_time,pair_000638,patient_897fc368fe7593b2,S2410451,S2410451,2,2024-03-26,0R,pAMR0,1,S2414955,S2414955,4,2024-05-21,0R,pAMR0,56,0,future_no_significant_rejection,2,0.09594186744756968
image_plus_time,pair_000639,patient_897fc368fe7593b2,S2410451,S2410451,2,2024-03-26,0R,pAMR0,1,S2419848,S2419848,5,2024-07-08,0R,pAMR0,104,0,future_no_significant_rejection,2,0.08748178699559686
image_plus_time,pair_000640,patient_897fc368fe7593b2,S2410451,S2410451,2,2024-03-26,0R,pAMR0,1,S2424250,S2424250,6,2024-08-20,0R,pAMR0,147,0,future_no_significant_rejection,2,0.0830295850999887
image_plus_time,pair_000641,patient_897fc368fe7593b2,S2410451,S2410451,2,2024-03-26,0R,pAMR0,1,S2431866,S2431866,7,2024-11-05,0R,pAMR0,224,0,future_no_significant_rejection,2,0.07787604350131681
image_plus_time,pair_000642,patient_897fc368fe7593b2,S2410451,S2410451,2,2024-03-26,0R,pAMR0,1,S2504719,S2504719,8,2025-02-18,0R,pAMR0,329,0,future_no_significant_rejection,2,0.07342211118001789
image_plus_time,pair_000643,patient_897fc368fe7593b2,S2413342,S2413342,3,2024-04-30,0R,pAMR0,2,S2414955,S2414955,4,2024-05-21,0R,pAMR0,21,0,future_no_significant_rejection,2,0.7139902885837859
image_plus_time,pair_000644,patient_897fc368fe7593b2,S2413342,S2413342,3,2024-04-30,0R,pAMR0,2,S2419848,S2419848,5,2024-07-08,0R,pAMR0,69,0,future_no_significant_rejection,2,0.6731129606175379
image_plus_time,pair_000645,patient_897fc368fe7593b2,S2413342,S2413342,3,2024-04-30,0R,pAMR0,2,S2424250,S2424250,6,2024-08-20,0R,pAMR0,112,0,future_no_significant_rejection,2,0.6553485344555239
image_plus_time,pair_000646,patient_897fc368fe7593b2,S2413342,S2413342,3,2024-04-30,0R,pAMR0,2,S2431866,S2431866,7,2024-11-05,0R,pAMR0,189,0,future_no_significant_rejection,2,0.6355707044169232
image_plus_time,pair_000647,patient_897fc368fe7593b2,S2413342,S2413342,3,2024-04-30,0R,pAMR0,2,S2504719,S2504719,8,2025-02-18,0R,pAMR0,294,0,future_no_significant_rejection,2,0.618456930728982
image_plus_time,pair_000648,patient_897fc368fe7593b2,S2414955,S2414955,4,2024-05-21,0R,pAMR0,2,S2419848,S2419848,5,2024-07-08,0R,pAMR0,48,0,future_no_significant_rejection,2,0.4858437933606183
image_plus_time,pair_000649,patient_897fc368fe7593b2,S2414955,S2414955,4,2024-05-21,0R,pAMR0,2,S2424250,S2424250,6,2024-08-20,0R,pAMR0,91,0,future_no_significant_rejection,2,0.45972824351314434
image_plus_time,pair_000650,patient_897fc368fe7593b2,S2414955,S2414955,4,2024-05-21,0R,pAMR0,2,S2431866,S2431866,7,2024-11-05,0R,pAMR0,168,0,future_no_significant_rejection,2,0.43472533385297635
image_plus_time,pair_000651,patient_897fc368fe7593b2,S2414955,S2414955,4,2024-05-21,0R,pAMR0,2,S2504719,S2504719,8,2025-02-18,0R,pAMR0,273,0,future_no_significant_rejection,2,0.41508487783998804
image_plus_time,pair_000652,patient_897fc368fe7593b2,S2419848,S2419848,5,2024-07-08,0R,pAMR0,2,S2424250,S2424250,6,2024-08-20,0R,pAMR0,43,0,future_no_significant_rejection,2,0.07228861579869234
image_plus_time,pair_000653,patient_897fc368fe7593b2,S2419848,S2419848,5,2024-07-08,0R,pAMR0,2,S2431866,S2431866,7,2024-11-05,0R,pAMR0,120,0,future_no_significant_rejection,2,0.061783969207736295
image_plus_time,pair_000654,patient_897fc368fe7593b2,S2419848,S2419848,5,2024-07-08,0R,pAMR0,2,S2504719,S2504719,8,2025-02-18,0R,pAMR0,225,0,future_no_significant_rejection,2,0.05602698842715872
image_plus_time,pair_000655,patient_897fc368fe7593b2,S2424250,S2424250,6,2024-08-20,0R,pAMR0,2,S2431866,S2431866,7,2024-11-05,0R,pAMR0,77,0,future_no_significant_rejection,2,0.46445326266322734
image_plus_time,pair_000656,patient_897fc368fe7593b2,S2424250,S2424250,6,2024-08-20,0R,pAMR0,2,S2504719,S2504719,8,2025-02-18,0R,pAMR0,182,0,future_no_significant_rejection,2,0.42940262969479503
image_plus_time,pair_000657,patient_897fc368fe7593b2,S2431866,S2431866,7,2024-11-05,0R,pAMR0,2,S2504719,S2504719,8,2025-02-18,0R,pAMR0,105,0,future_no_significant_rejection,2,0.24898600809708252
image_plus_time,pair_000686,patient_937267369badf303,S2300363,S2300363,1,2023-01-03,0R,pAMR0,2,S2308043,S2308043,2,2023-02-21,1R,pAMR0,49,0,future_no_significant_rejection,2,0.14623239452175282
image_plus_time,pair_000687,patient_937267369badf303,S2300363,S2300363,1,2023-01-03,0R,pAMR0,2,S2312323,S2312323,3,2023-03-21,0R,pAMR0,77,0,future_no_significant_rejection,2,0.13723630932056993
image_plus_time,pair_000688,patient_937267369badf303,S2300363,S2300363,1,2023-01-03,0R,pAMR0,2,S2319878,S2319878,4,2023-05-09,0R,pAMR0,126,0,future_no_significant_rejection,2,0.12791401958340204
image_plus_time,pair_000689,patient_937267369badf303,S2308043,S2308043,2,2023-02-21,1R,pAMR0,1,S2312323,S2312323,3,2023-03-21,0R,pAMR0,28,0,future_no_significant_rejection,2,0.1288625580481878
image_plus_time,pair_000690,patient_937267369badf303,S2308043,S2308043,2,2023-02-21,1R,pAMR0,1,S2319878,S2319878,4,2023-05-09,0R,pAMR0,77,0,future_no_significant_rejection,2,0.11148666821937121
image_plus_time,pair_000691,patient_937267369badf303,S2312323,S2312323,3,2023-03-21,0R,pAMR0,1,S2319878,S2319878,4,2023-05-09,0R,pAMR0,49,0,future_no_significant_rejection,2,0.32708134289385293
image_plus_time,pair_000709,patient_9b81a2766f087b27,S2111062,S2111062,1,2021-03-16,1R,pAMR0,3,S2114402,S2114402,2,2021-04-06,0R,pAMR0,21,0,future_no_significant_rejection,2,0.9338242554375468
image_plus_time,pair_000710,patient_9b81a2766f087b27,S2111062,S2111062,1,2021-03-16,1R,pAMR0,3,S2119964,S2119964,3,2021-05-11,0R,pAMR2,56,1,future_significant_rejection,2,0.9233391361103981
image_plus_time,pair_000711,patient_9b81a2766f087b27,S2111062,S2111062,1,2021-03-16,1R,pAMR0,3,S2150495,S2150495,4,2021-11-23,1R,pAMR1,252,1,future_significant_rejection,2,0.9038439092898629
image_plus_time,pair_000712,patient_9b81a2766f087b27,S2111062,S2111062,1,2021-03-16,1R,pAMR0,3,S2209234,S2209234,5,2022-03-08,0R,pAMR0,357,0,future_no_significant_rejection,2,0.8987066301874267
image_plus_time,pair_000713,patient_9b81a2766f087b27,S2114402,S2114402,2,2021-04-06,0R,pAMR0,1,S2119964,S2119964,3,2021-05-11,0R,pAMR2,35,1,future_significant_rejection,2,0.18435236734945012
image_plus_time,pair_000714,patient_9b81a2766f087b27,S2114402,S2114402,2,2021-04-06,0R,pAMR0,1,S2150495,S2150495,4,2021-11-23,1R,pAMR1,231,1,future_significant_rejection,2,0.14220634847132538
image_plus_time,pair_000715,patient_9b81a2766f087b27,S2114402,S2114402,2,2021-04-06,0R,pAMR0,1,S2209234,S2209234,5,2022-03-08,0R,pAMR0,336,0,future_no_significant_rejection,2,0.13479733386732762
image_plus_time,pair_000716,patient_a533d77edf530d7d,S2332144,S2332144,1,2023-07-25,0R,pAMR0,5,S2334386,S2334386,2,2023-08-08,0R,pAMR0,14,0,future_no_significant_rejection,2,0.07044078499048959
image_plus_time,pair_000717,patient_a533d77edf530d7d,S2332144,S2332144,1,2023-07-25,0R,pAMR0,5,S2338786,S2338786,3,2023-09-05,1R,pAMR0,42,0,future_no_significant_rejection,2,0.05979745946960495
image_plus_time,pair_000718,patient_a533d77edf530d7d,S2332144,S2332144,1,2023-07-25,0R,pAMR0,5,S2343314,S2343314,4,2023-10-11,0R,pAMR0,78,0,future_no_significant_rejection,2,0.054355770374338176
image_plus_time,pair_000719,patient_a533d77edf530d7d,S2332144,S2332144,1,2023-07-25,0R,pAMR0,5,S2346179,S2346179,5,2023-10-27,1R,pAMR0,94,0,future_no_significant_rejection,2,0.0528001605970703
image_plus_time,pair_000720,patient_a533d77edf530d7d,S2332144,S2332144,1,2023-07-25,0R,pAMR0,5,S2348398,S2348398,6,2023-11-14,0R,pAMR0,112,0,future_no_significant_rejection,2,0.05137510069329339
image_plus_time,pair_000721,patient_a533d77edf530d7d,S2332144,S2332144,1,2023-07-25,0R,pAMR0,5,S2352825,S2352825,7,2023-12-12,1R,pAMR0,140,0,future_no_significant_rejection,2,0.04960973534116545
image_plus_time,pair_000722,patient_a533d77edf530d7d,S2332144,S2332144,1,2023-07-25,0R,pAMR0,5,S2402484,S2402484,8,2024-01-16,0R,pAMR0,175,0,future_no_significant_rejection,2,0.04789929799170746
image_plus_time,pair_000723,patient_a533d77edf530d7d,S2332144,S2332144,1,2023-07-25,0R,pAMR0,5,S2420603,S2420603,9,2024-07-16,0R,pAMR0,357,0,future_no_significant_rejection,2,0.0427912299600154
image_plus_time,pair_000724,patient_a533d77edf530d7d,S2334386,S2334386,2,2023-08-08,0R,pAMR0,2,S2338786,S2338786,3,2023-09-05,1R,pAMR0,28,0,future_no_significant_rejection,2,0.012258439865398056
image_plus_time,pair_000725,patient_a533d77edf530d7d,S2334386,S2334386,2,2023-08-08,0R,pAMR0,2,S2343314,S2343314,4,2023-10-11,0R,pAMR0,64,0,future_no_significant_rejection,2,0.010734838188732847
image_plus_time,pair_000726,patient_a533d77edf530d7d,S2334386,S2334386,2,2023-08-08,0R,pAMR0,2,S2346179,S2346179,5,2023-10-27,1R,pAMR0,80,0,future_no_significant_rejection,2,0.010352960044592813
image_plus_time,pair_000727,patient_a533d77edf530d7d,S2334386,S2334386,2,2023-08-08,0R,pAMR0,2,S2348398,S2348398,6,2023-11-14,0R,pAMR0,98,0,future_no_significant_rejection,2,0.010016466304447896
image_plus_time,pair_000728,patient_a533d77edf530d7d,S2334386,S2334386,2,2023-08-08,0R,pAMR0,2,S2352825,S2352825,7,2023-12-12,1R,pAMR0,126,0,future_no_significant_rejection,2,0.009613843013447794
image_plus_time,pair_000729,patient_a533d77edf530d7d,S2334386,S2334386,2,2023-08-08,0R,pAMR0,2,S2402484,S2402484,8,2024-01-16,0R,pAMR0,161,0,future_no_significant_rejection,2,0.009235861494824103
image_plus_time,pair_000730,patient_a533d77edf530d7d,S2334386,S2334386,2,2023-08-08,0R,pAMR0,2,S2420603,S2420603,9,2024-07-16,0R,pAMR0,343,0,future_no_significant_rejection,2,0.00815728186278244
image_plus_time,pair_000731,patient_a533d77edf530d7d,S2338786,S2338786,3,2023-09-05,1R,pAMR0,1,S2343314,S2343314,4,2023-10-11,0R,pAMR0,36,0,future_no_significant_rejection,2,0.533805380947631
image_plus_time,pair_000732,patient_a533d77edf530d7d,S2338786,S2338786,3,2023-09-05,1R,pAMR0,1,S2346179,S2346179,5,2023-10-27,1R,pAMR0,52,0,future_no_significant_rejection,2,0.5189023347778144
image_plus_time,pair_000733,patient_a533d77edf530d7d,S2338786,S2338786,3,2023-09-05,1R,pAMR0,1,S2348398,S2348398,6,2023-11-14,0R,pAMR0,70,0,future_no_significant_rejection,2,0.5067510742580738
image_plus_time,pair_000734,patient_a533d77edf530d7d,S2338786,S2338786,3,2023-09-05,1R,pAMR0,1,S2352825,S2352825,7,2023-12-12,1R,pAMR0,98,0,future_no_significant_rejection,2,0.49292640614634003
image_plus_time,pair_000735,patient_a533d77edf530d7d,S2338786,S2338786,3,2023-09-05,1R,pAMR0,1,S2402484,S2402484,8,2024-01-16,0R,pAMR0,133,0,future_no_significant_rejection,2,0.48034651460156147
image_plus_time,pair_000736,patient_a533d77edf530d7d,S2338786,S2338786,3,2023-09-05,1R,pAMR0,1,S2420603,S2420603,9,2024-07-16,0R,pAMR0,315,0,future_no_significant_rejection,2,0.4448827401389863
image_plus_time,pair_000737,patient_a533d77edf530d7d,S2343314,S2343314,4,2023-10-11,0R,pAMR0,1,S2346179,S2346179,5,2023-10-27,1R,pAMR0,16,0,future_no_significant_rejection,2,0.27728873326438963
image_plus_time,pair_000738,patient_a533d77edf530d7d,S2343314,S2343314,4,2023-10-11,0R,pAMR0,1,S2348398,S2348398,6,2023-11-14,0R,pAMR0,34,0,future_no_significant_rejection,2,0.2538696557101813
image_plus_time,pair_000739,patient_a533d77edf530d7d,S2343314,S2343314,4,2023-10-11,0R,pAMR0,1,S2352825,S2352825,7,2023-12-12,1R,pAMR0,62,0,future_no_significant_rejection,2,0.23579755996459006
image_plus_time,pair_000740,patient_a533d77edf530d7d,S2343314,S2343314,4,2023-10-11,0R,pAMR0,1,S2402484,S2402484,8,2024-01-16,0R,pAMR0,97,0,future_no_significant_rejection,2,0.22281111086702407
image_plus_time,pair_000741,patient_a533d77edf530d7d,S2343314,S2343314,4,2023-10-11,0R,pAMR0,1,S2420603,S2420603,9,2024-07-16,0R,pAMR0,279,0,future_no_significant_rejection,2,0.19403535063180602
image_plus_time,pair_000742,patient_a533d77edf530d7d,S2346179,S2346179,5,2023-10-27,1R,pAMR0,5,S2348398,S2348398,6,2023-11-14,0R,pAMR0,18,0,future_no_significant_rejection,2,0.13682796381606732
image_plus_time,pair_000743,patient_a533d77edf530d7d,S2346179,S2346179,5,2023-10-27,1R,pAMR0,5,S2352825,S2352825,7,2023-12-12,1R,pAMR0,46,0,future_no_significant_rejection,2,0.11998666371412854
image_plus_time,pair_000744,patient_a533d77edf530d7d,S2346179,S2346179,5,2023-10-27,1R,pAMR0,5,S2402484,S2402484,8,2024-01-16,0R,pAMR0,81,0,future_no_significant_rejection,2,0.11054920086920181
image_plus_time,pair_000745,patient_a533d77edf530d7d,S2346179,S2346179,5,2023-10-27,1R,pAMR0,5,S2420603,S2420603,9,2024-07-16,0R,pAMR0,263,0,future_no_significant_rejection,2,0.09282261008456436
image_plus_time,pair_000746,patient_a533d77edf530d7d,S2348398,S2348398,6,2023-11-14,0R,pAMR0,1,S2352825,S2352825,7,2023-12-12,1R,pAMR0,28,0,future_no_significant_rejection,2,0.09285045112186496
image_plus_time,pair_000747,patient_a533d77edf530d7d,S2348398,S2348398,6,2023-11-14,0R,pAMR0,1,S2402484,S2402484,8,2024-01-16,0R,pAMR0,63,0,future_no_significant_rejection,2,0.0823377550676741
image_plus_time,pair_000748,patient_a533d77edf530d7d,S2348398,S2348398,6,2023-11-14,0R,pAMR0,1,S2420603,S2420603,9,2024-07-16,0R,pAMR0,245,0,future_no_significant_rejection,2,0.06692052644111333
image_plus_time,pair_000749,patient_a533d77edf530d7d,S2352825,S2352825,7,2023-12-12,1R,pAMR0,1,S2402484,S2402484,8,2024-01-16,0R,pAMR0,35,0,future_no_significant_rejection,2,0.1311057141764013
image_plus_time,pair_000750,patient_a533d77edf530d7d,S2352825,S2352825,7,2023-12-12,1R,pAMR0,1,S2420603,S2420603,9,2024-07-16,0R,pAMR0,217,0,future_no_significant_rejection,2,0.1005784089232838
image_plus_time,pair_000751,patient_a533d77edf530d7d,S2402484,S2402484,8,2024-01-16,0R,pAMR0,6,S2420603,S2420603,9,2024-07-16,0R,pAMR0,182,0,future_no_significant_rejection,2,0.18869753815289086
image_plus_time,pair_000790,patient_b824bfb064fb2de4,S2149393,S2149393,1,2021-11-16,0R,pAMR0,3,S2200310,S2200310,2,2022-01-04,1R,pAMR0,49,0,future_no_significant_rejection,2,0.8486123102490505
image_plus_time,pair_000791,patient_b824bfb064fb2de4,S2149393,S2149393,1,2021-11-16,0R,pAMR0,3,S2206287,S2206287,3,2022-02-15,1R,pAMR0,91,0,future_no_significant_rejection,2,0.8351151707465735
image_plus_time,pair_000792,patient_b824bfb064fb2de4,S2149393,S2149393,1,2021-11-16,0R,pAMR0,3,S2210202,S2210202,4,2022-03-15,1R,pAMR0,119,0,future_no_significant_rejection,2,0.8289383897446891
image_plus_time,pair_000793,patient_b824bfb064fb2de4,S2149393,S2149393,1,2021-11-16,0R,pAMR0,3,S2216631,S2216631,5,2022-04-26,0R,pAMR0,161,0,future_no_significant_rejection,2,0.8217426413017582
image_plus_time,pair_000794,patient_b824bfb064fb2de4,S2200310,S2200310,2,2022-01-04,1R,pAMR0,2,S2206287,S2206287,3,2022-02-15,1R,pAMR0,42,0,future_no_significant_rejection,2,0.06104460738180627
image_plus_time,pair_000795,patient_b824bfb064fb2de4,S2200310,S2200310,2,2022-01-04,1R,pAMR0,2,S2210202,S2210202,4,2022-03-15,1R,pAMR0,70,0,future_no_significant_rejection,2,0.05643447979461896
image_plus_time,pair_000796,patient_b824bfb064fb2de4,S2200310,S2200310,2,2022-01-04,1R,pAMR0,2,S2216631,S2216631,5,2022-04-26,0R,pAMR0,112,0,future_no_significant_rejection,2,0.05245639063549213
image_plus_time,pair_000797,patient_b824bfb064fb2de4,S2206287,S2206287,3,2022-02-15,1R,pAMR0,1,S2210202,S2210202,4,2022-03-15,1R,pAMR0,28,0,future_no_significant_rejection,2,0.19507284258371327
image_plus_time,pair_000798,patient_b824bfb064fb2de4,S2206287,S2206287,3,2022-02-15,1R,pAMR0,1,S2216631,S2216631,5,2022-04-26,0R,pAMR0,70,0,future_no_significant_rejection,2,0.17274048482756427
image_plus_time,pair_000799,patient_b824bfb064fb2de4,S2210202,S2210202,4,2022-03-15,1R,pAMR0,4,S2216631,S2216631,5,2022-04-26,0R,pAMR0,42,0,future_no_significant_rejection,2,0.03164987129551502
image_plus_time,pair_000829,patient_c37c171d859fe24a,S2228787,S2228787,1,2022-07-12,0R,pAMR0,1,S2236494,S2236494,2,2022-08-30,0R,pAMR0,49,0,future_no_significant_rejection,2,0.24859341653104347
image_plus_time,pair_000830,patient_c37c171d859fe24a,S2228787,S2228787,1,2022-07-12,0R,pAMR0,1,S2244729,S2244729,3,2022-10-25,0R,pAMR0,105,0,future_no_significant_rejection,2,0.22598404285842946
image_plus_time,pair_000831,patient_c37c171d859fe24a,S2228787,S2228787,1,2022-07-12,0R,pAMR0,1,S2251247,S2251247,4,2022-12-06,1R,pAMR0,147,0,future_no_significant_rejection,2,0.21642001946817443
image_plus_time,pair_000832,patient_c37c171d859fe24a,S2228787,S2228787,1,2022-07-12,0R,pAMR0,1,S2302644,S2302644,5,2023-01-17,0R,pAMR0,189,0,future_no_significant_rejection,2,0.20945579073824408
image_plus_time,pair_000833,patient_c37c171d859fe24a,S2228787,S2228787,1,2022-07-12,0R,pAMR0,1,S2313436,S2313436,6,2023-03-28,1R,pAMR0,259,0,future_no_significant_rejection,2,0.20094691928750108
image_plus_time,pair_000834,patient_c37c171d859fe24a,S2228787,S2228787,1,2022-07-12,0R,pAMR0,1,S2326329,S2326329,7,2023-06-20,0R,pAMR0,343,0,future_no_significant_rejection,2,0.19357300857543552
image_plus_time,pair_000835,patient_c37c171d859fe24a,S2236494,S2236494,2,2022-08-30,0R,pAMR0,3,S2244729,S2244729,3,2022-10-25,0R,pAMR0,56,0,future_no_significant_rejection,2,0.5905940143011624
image_plus_time,pair_000836,patient_c37c171d859fe24a,S2236494,S2236494,2,2022-08-30,0R,pAMR0,3,S2251247,S2251247,4,2022-12-06,1R,pAMR0,98,0,future_no_significant_rejection,2,0.5682178200999608
image_plus_time,pair_000837,patient_c37c171d859fe24a,S2236494,S2236494,2,2022-08-30,0R,pAMR0,3,S2302644,S2302644,5,2023-01-17,0R,pAMR0,140,0,future_no_significant_rejection,2,0.5537304066545531
image_plus_time,pair_000838,patient_c37c171d859fe24a,S2236494,S2236494,2,2022-08-30,0R,pAMR0,3,S2313436,S2313436,6,2023-03-28,1R,pAMR0,210,0,future_no_significant_rejection,2,0.5371062336659109
image_plus_time,pair_000839,patient_c37c171d859fe24a,S2236494,S2236494,2,2022-08-30,0R,pAMR0,3,S2326329,S2326329,7,2023-06-20,0R,pAMR0,294,0,future_no_significant_rejection,2,0.5232209718714469
image_plus_time,pair_000840,patient_c37c171d859fe24a,S2244729,S2244729,3,2022-10-25,0R,pAMR0,1,S2251247,S2251247,4,2022-12-06,1R,pAMR0,42,0,future_no_significant_rejection,2,0.1964859125881787
image_plus_time,pair_000841,patient_c37c171d859fe24a,S2244729,S2244729,3,2022-10-25,0R,pAMR0,1,S2302644,S2302644,5,2023-01-17,0R,pAMR0,84,0,future_no_significant_rejection,2,0.17920175499669636
image_plus_time,pair_000842,patient_c37c171d859fe24a,S2244729,S2244729,3,2022-10-25,0R,pAMR0,1,S2313436,S2313436,6,2023-03-28,1R,pAMR0,154,0,future_no_significant_rejection,2,0.16496983080927002
image_plus_time,pair_000843,patient_c37c171d859fe24a,S2244729,S2244729,3,2022-10-25,0R,pAMR0,1,S2326329,S2326329,7,2023-06-20,0R,pAMR0,238,0,future_no_significant_rejection,2,0.15528433251811366
image_plus_time,pair_000844,patient_c37c171d859fe24a,S2251247,S2251247,4,2022-12-06,1R,pAMR0,1,S2302644,S2302644,5,2023-01-17,0R,pAMR0,42,0,future_no_significant_rejection,2,0.35419994646283826
image_plus_time,pair_000845,patient_c37c171d859fe24a,S2251247,S2251247,4,2022-12-06,1R,pAMR0,1,S2313436,S2313436,6,2023-03-28,1R,pAMR0,112,0,future_no_significant_rejection,2,0.3183519252089777
image_plus_time,pair_000846,patient_c37c171d859fe24a,S2251247,S2251247,4,2022-12-06,1R,pAMR0,1,S2326329,S2326329,7,2023-06-20,0R,pAMR0,196,0,future_no_significant_rejection,2,0.29863268738812493
image_plus_time,pair_000847,patient_c37c171d859fe24a,S2302644,S2302644,5,2023-01-17,0R,pAMR0,1,S2313436,S2313436,6,2023-03-28,1R,pAMR0,70,0,future_no_significant_rejection,2,0.0800151017799792
image_plus_time,pair_000848,patient_c37c171d859fe24a,S2302644,S2302644,5,2023-01-17,0R,pAMR0,1,S2326329,S2326329,7,2023-06-20,0R,pAMR0,154,0,future_no_significant_rejection,2,0.07096096998556303
image_plus_time,pair_000849,patient_c37c171d859fe24a,S2313436,S2313436,6,2023-03-28,1R,pAMR0,1,S2326329,S2326329,7,2023-06-20,0R,pAMR0,84,0,future_no_significant_rejection,2,0.3938514176531813
image_plus_time,pair_000850,patient_c78561b4938dbb4c,S2147204,S2147204,1,2021-11-02,0R,pAMR0,4,S2150493,S2150493,2,2021-11-23,1R,pAMR0,21,0,future_no_significant_rejection,2,0.6305116046651909
image_plus_time,pair_000851,patient_c78561b4938dbb4c,S2147204,S2147204,1,2021-11-02,0R,pAMR0,4,S2209236,S2209236,3,2022-03-08,0R,pAMR0,126,0,future_no_significant_rejection,2,0.5603967342195711
image_plus_time,pair_000852,patient_c78561b4938dbb4c,S2147204,S2147204,1,2021-11-02,0R,pAMR0,4,S2215450,S2215450,4,2022-04-19,0R,pAMR0,168,0,future_no_significant_rejection,2,0.5486564098332583
image_plus_time,pair_000853,patient_c78561b4938dbb4c,S2147204,S2147204,1,2021-11-02,0R,pAMR0,4,S2244730,S2244730,5,2022-10-25,0R,pAMR0,357,0,future_no_significant_rejection,2,0.5175861586117508
image_plus_time,pair_000854,patient_c78561b4938dbb4c,S2150493,S2150493,2,2021-11-23,1R,pAMR0,1,S2209236,S2209236,3,2022-03-08,0R,pAMR0,105,0,future_no_significant_rejection,2,0.02530707801425774
image_plus_time,pair_000855,patient_c78561b4938dbb4c,S2150493,S2150493,2,2021-11-23,1R,pAMR0,1,S2215450,S2215450,4,2022-04-19,0R,pAMR0,147,0,future_no_significant_rejection,2,0.023972993440210786
image_plus_time,pair_000856,patient_c78561b4938dbb4c,S2150493,S2150493,2,2021-11-23,1R,pAMR0,1,S2244730,S2244730,5,2022-10-25,0R,pAMR0,336,0,future_no_significant_rejection,2,0.020970422183790933
image_plus_time,pair_000857,patient_c78561b4938dbb4c,S2209236,S2209236,3,2022-03-08,0R,pAMR0,1,S2215450,S2215450,4,2022-04-19,0R,pAMR0,42,0,future_no_significant_rejection,2,0.16825949149145164
image_plus_time,pair_000858,patient_c78561b4938dbb4c,S2209236,S2209236,3,2022-03-08,0R,pAMR0,1,S2244730,S2244730,5,2022-10-25,0R,pAMR0,231,0,future_no_significant_rejection,2,0.1325720292373086
image_plus_time,pair_000859,patient_c78561b4938dbb4c,S2215450,S2215450,4,2022-04-19,0R,pAMR0,1,S2244730,S2244730,5,2022-10-25,0R,pAMR0,189,0,future_no_significant_rejection,2,0.022580042018063413
image_plus_time,pair_000881,patient_cafa503bd84738e6,S2212213,S2212213,1,2022-03-29,1R,pAMR0,1,S2215449,S2215449,2,2022-04-19,1R,pAMR0,21,0,future_no_significant_rejection,2,0.6479518944991619
image_plus_time,pair_000882,patient_cafa503bd84738e6,S2212213,S2212213,1,2022-03-29,1R,pAMR0,1,S2219754,S2219754,3,2022-05-17,0R,pAMR0,49,0,future_no_significant_rejection,2,0.6162062682027756
image_plus_time,pair_000883,patient_cafa503bd84738e6,S2212213,S2212213,1,2022-03-29,1R,pAMR0,1,S2224008,S2224008,4,2022-06-14,0R,pAMR0,77,0,future_no_significant_rejection,2,0.5985679886292481
image_plus_time,pair_000884,patient_cafa503bd84738e6,S2212213,S2212213,1,2022-03-29,1R,pAMR0,1,S2232193,S2232193,5,2022-08-02,1R,pAMR0,126,0,future_no_significant_rejection,2,0.5789363998561737
image_plus_time,pair_000885,patient_cafa503bd84738e6,S2212213,S2212213,1,2022-03-29,1R,pAMR0,1,S2239525,S2239525,6,2022-09-20,0R,pAMR0,175,0,future_no_significant_rejection,2,0.5656508834590029
image_plus_time,pair_000886,patient_cafa503bd84738e6,S2212213,S2212213,1,2022-03-29,1R,pAMR0,1,S2253527,S2253527,7,2022-12-20,0R,pAMR0,266,0,future_no_significant_rejection,2,0.5485462405959252
image_plus_time,pair_000887,patient_cafa503bd84738e6,S2212213,S2212213,1,2022-03-29,1R,pAMR0,1,S2312317,S2312317,8,2023-03-21,0R,pAMR0,357,0,future_no_significant_rejection,2,0.5364378042425402
image_plus_time,pair_000888,patient_cafa503bd84738e6,S2215449,S2215449,2,2022-04-19,1R,pAMR0,1,S2219754,S2219754,3,2022-05-17,0R,pAMR0,28,0,future_no_significant_rejection,2,0.5929174344728656
image_plus_time,pair_000889,patient_cafa503bd84738e6,S2215449,S2215449,2,2022-04-19,1R,pAMR0,1,S2224008,S2224008,4,2022-06-14,0R,pAMR0,56,0,future_no_significant_rejection,2,0.5655273248440359
image_plus_time,pair_000890,patient_cafa503bd84738e6,S2215449,S2215449,2,2022-04-19,1R,pAMR0,1,S2232193,S2232193,5,2022-08-02,1R,pAMR0,105,0,future_no_significant_rejection,2,0.5400198419219729
image_plus_time,pair_000891,patient_cafa503bd84738e6,S2215449,S2215449,2,2022-04-19,1R,pAMR0,1,S2239525,S2239525,6,2022-09-20,0R,pAMR0,154,0,future_no_significant_rejection,2,0.5242836112932523
image_plus_time,pair_000892,patient_cafa503bd84738e6,S2215449,S2215449,2,2022-04-19,1R,pAMR0,1,S2253527,S2253527,7,2022-12-20,0R,pAMR0,245,0,future_no_significant_rejection,2,0.5050927401703493
image_plus_time,pair_000893,patient_cafa503bd84738e6,S2215449,S2215449,2,2022-04-19,1R,pAMR0,1,S2312317,S2312317,8,2023-03-21,0R,pAMR0,336,0,future_no_significant_rejection,2,0.49200368230951613
image_plus_time,pair_000894,patient_cafa503bd84738e6,S2219754,S2219754,3,2022-05-17,0R,pAMR0,1,S2224008,S2224008,4,2022-06-14,0R,pAMR0,28,0,future_no_significant_rejection,2,0.24832830938242287
image_plus_time,pair_000895,patient_cafa503bd84738e6,S2219754,S2219754,3,2022-05-17,0R,pAMR0,1,S2232193,S2232193,5,2022-08-02,1R,pAMR0,77,0,future_no_significant_rejection,2,0.21889127337393674
image_plus_time,pair_000896,patient_cafa503bd84738e6,S2219754,S2219754,3,2022-05-17,0R,pAMR0,1,S2239525,S2239525,6,2022-09-20,0R,pAMR0,126,0,future_no_significant_rejection,2,0.2053424137493467
image_plus_time,pair_000897,patient_cafa503bd84738e6,S2219754,S2219754,3,2022-05-17,0R,pAMR0,1,S2253527,S2253527,7,2022-12-20,0R,pAMR0,217,0,future_no_significant_rejection,2,0.19106359595466385
image_plus_time,pair_000898,patient_cafa503bd84738e6,S2219754,S2219754,3,2022-05-17,0R,pAMR0,1,S2312317,S2312317,8,2023-03-21,0R,pAMR0,308,0,future_no_significant_rejection,2,0.18225475546746417
image_plus_time,pair_000899,patient_cafa503bd84738e6,S2224008,S2224008,4,2022-06-14,0R,pAMR0,1,S2232193,S2232193,5,2022-08-02,1R,pAMR0,49,0,future_no_significant_rejection,2,0.9393779771121795
image_plus_time,pair_000900,patient_cafa503bd84738e6,S2224008,S2224008,4,2022-06-14,0R,pAMR0,1,S2239525,S2239525,6,2022-09-20,0R,pAMR0,98,0,future_no_significant_rejection,2,0.9325744436377238
image_plus_time,pair_000901,patient_cafa503bd84738e6,S2224008,S2224008,4,2022-06-14,0R,pAMR0,1,S2253527,S2253527,7,2022-12-20,0R,pAMR0,189,0,future_no_significant_rejection,2,0.9254271559131932
image_plus_time,pair_000902,patient_cafa503bd84738e6,S2224008,S2224008,4,2022-06-14,0R,pAMR0,1,S2312317,S2312317,8,2023-03-21,0R,pAMR0,280,0,future_no_significant_rejection,2,0.9208082871542079
image_plus_time,pair_000903,patient_cafa503bd84738e6,S2232193,S2232193,5,2022-08-02,1R,pAMR0,1,S2239525,S2239525,6,2022-09-20,0R,pAMR0,49,0,future_no_significant_rejection,2,0.7591979016575685
image_plus_time,pair_000904,patient_cafa503bd84738e6,S2232193,S2232193,5,2022-08-02,1R,pAMR0,1,S2253527,S2253527,7,2022-12-20,0R,pAMR0,140,0,future_no_significant_rejection,2,0.7262786906289085
image_plus_time,pair_000905,patient_cafa503bd84738e6,S2232193,S2232193,5,2022-08-02,1R,pAMR0,1,S2312317,S2312317,8,2023-03-21,0R,pAMR0,231,0,future_no_significant_rejection,2,0.7095054932497582
image_plus_time,pair_000906,patient_cafa503bd84738e6,S2239525,S2239525,6,2022-09-20,0R,pAMR0,1,S2253527,S2253527,7,2022-12-20,0R,pAMR0,91,0,future_no_significant_rejection,2,0.4835307696398314
image_plus_time,pair_000907,patient_cafa503bd84738e6,S2239525,S2239525,6,2022-09-20,0R,pAMR0,1,S2312317,S2312317,8,2023-03-21,0R,pAMR0,182,0,future_no_significant_rejection,2,0.4550464815855516
image_plus_time,pair_000908,patient_cafa503bd84738e6,S2253527,S2253527,7,2022-12-20,0R,pAMR0,1,S2312317,S2312317,8,2023-03-21,0R,pAMR0,91,0,future_no_significant_rejection,2,0.20674626138130073
image_plus_time,pair_000937,patient_d4019523cc8c8335,S2406754,S2406754,1,2024-02-13,0R,pAMR0,8,S2408480,S2408480,2,2024-02-27,0R,pAMR0,14,0,future_no_significant_rejection,2,0.4469571953515151
image_plus_time,pair_000938,patient_d4019523cc8c8335,S2406754,S2406754,1,2024-02-13,0R,pAMR0,8,S2411030,S2411030,3,2024-04-02,0R,pAMR0,49,0,future_no_significant_rejection,2,0.39813155766606007
image_plus_time,pair_000939,patient_d4019523cc8c8335,S2406754,S2406754,1,2024-02-13,0R,pAMR0,8,S2419119,S2419119,4,2024-07-02,0R,pAMR0,140,0,future_no_significant_rejection,2,0.3576174629168952
image_plus_time,pair_000940,patient_d4019523cc8c8335,S2406754,S2406754,1,2024-02-13,0R,pAMR0,8,S2430053,S2430053,5,2024-10-17,0R,pAMR0,247,0,future_no_significant_rejection,2,0.3363384979911419
image_plus_time,pair_000941,patient_d4019523cc8c8335,S2408480,S2408480,2,2024-02-27,0R,pAMR0,1,S2411030,S2411030,3,2024-04-02,0R,pAMR0,35,0,future_no_significant_rejection,2,0.30346923080978333
image_plus_time,pair_000942,patient_d4019523cc8c8335,S2408480,S2408480,2,2024-02-27,0R,pAMR0,1,S2419119,S2419119,4,2024-07-02,0R,pAMR0,126,0,future_no_significant_rejection,2,0.26104446935648895
image_plus_time,pair_000943,patient_d4019523cc8c8335,S2408480,S2408480,2,2024-02-27,0R,pAMR0,1,S2430053,S2430053,5,2024-10-17,0R,pAMR0,233,0,future_no_significant_rejection,2,0.24191472174418835
image_plus_time,pair_000944,patient_d4019523cc8c8335,S2411030,S2411030,3,2024-04-02,0R,pAMR0,5,S2419119,S2419119,4,2024-07-02,0R,pAMR0,91,0,future_no_significant_rejection,2,0.3624041499895825
image_plus_time,pair_000945,patient_d4019523cc8c8335,S2411030,S2411030,3,2024-04-02,0R,pAMR0,5,S2430053,S2430053,5,2024-10-17,0R,pAMR0,198,0,future_no_significant_rejection,2,0.33330199520586157
image_plus_time,pair_000946,patient_d4019523cc8c8335,S2419119,S2419119,4,2024-07-02,0R,pAMR0,2,S2430053,S2430053,5,2024-10-17,0R,pAMR0,107,0,future_no_significant_rejection,2,0.20845449188005966
image_plus_time,pair_001049,patient_e21a88b284b1508e,S2435689,S2435689,1,2024-12-10,0R,pAMR0,2,S2437280,S2437280,2,2024-12-24,0R,pAMR0,14,0,future_no_significant_rejection,2,0.7393137566013113
image_plus_time,pair_001050,patient_e21a88b284b1508e,S2435689,S2435689,1,2024-12-10,0R,pAMR0,2,S2501777,S2501777,3,2025-01-17,0R,pAMR0,38,0,future_no_significant_rejection,2,0.7075372945813732
image_plus_time,pair_001051,patient_e21a88b284b1508e,S2437280,S2437280,2,2024-12-24,0R,pAMR0,1,S2501777,S2501777,3,2025-01-17,0R,pAMR0,24,0,future_no_significant_rejection,2,0.03868020519653647
image_plus_time,pair_001066,patient_e6981a9104ac664d,S2304561,S2304561,1,2023-01-31,1R,pAMR0,3,S2307080,S2307080,2,2023-02-15,0R,pAMR0,15,0,future_no_significant_rejection,2,0.5988255004834909
image_plus_time,pair_001067,patient_e6981a9104ac664d,S2304561,S2304561,1,2023-01-31,1R,pAMR0,3,S2311238,S2311238,3,2023-03-14,1R,pAMR0,42,0,future_no_significant_rejection,2,0.5587562343031923
image_plus_time,pair_001068,patient_e6981a9104ac664d,S2304561,S2304561,1,2023-01-31,1R,pAMR0,3,S2323112,S2323112,4,2023-05-30,1R,pAMR0,119,0,future_no_significant_rejection,2,0.5163416038863565
image_plus_time,pair_001069,patient_e6981a9104ac664d,S2304561,S2304561,1,2023-01-31,1R,pAMR0,3,S2330986,S2330986,5,2023-07-18,0R,pAMR0,168,0,future_no_significant_rejection,2,0.5021073547567287
image_plus_time,pair_001070,patient_e6981a9104ac664d,S2304561,S2304561,1,2023-01-31,1R,pAMR0,3,S2344461,S2344461,6,2023-10-17,0R,pAMR0,259,0,future_no_significant_rejection,2,0.4841971847099838
image_plus_time,pair_001071,patient_e6981a9104ac664d,S2304561,S2304561,1,2023-01-31,1R,pAMR0,3,S2402482,S2402482,7,2024-01-16,0R,pAMR0,350,0,future_no_significant_rejection,2,0.47174128265338666
image_plus_time,pair_001072,patient_e6981a9104ac664d,S2307080,S2307080,2,2023-02-15,0R,pAMR0,1,S2311238,S2311238,3,2023-03-14,1R,pAMR0,27,0,future_no_significant_rejection,2,0.043933151553602424
image_plus_time,pair_001073,patient_e6981a9104ac664d,S2307080,S2307080,2,2023-02-15,0R,pAMR0,1,S2323112,S2323112,4,2023-05-30,1R,pAMR0,104,0,future_no_significant_rejection,2,0.03556995591336703
image_plus_time,pair_001074,patient_e6981a9104ac664d,S2307080,S2307080,2,2023-02-15,0R,pAMR0,1,S2330986,S2330986,5,2023-07-18,0R,pAMR0,153,0,future_no_significant_rejection,2,0.03344785311088402
image_plus_time,pair_001075,patient_e6981a9104ac664d,S2307080,S2307080,2,2023-02-15,0R,pAMR0,1,S2344461,S2344461,6,2023-10-17,0R,pAMR0,244,0,future_no_significant_rejection,2,0.031038815457470226
image_plus_time,pair_001076,patient_e6981a9104ac664d,S2307080,S2307080,2,2023-02-15,0R,pAMR0,1,S2402482,S2402482,7,2024-01-16,0R,pAMR0,335,0,future_no_significant_rejection,2,0.029496914114582145
image_plus_time,pair_001077,patient_e6981a9104ac664d,S2311238,S2311238,3,2023-03-14,1R,pAMR0,3,S2323112,S2323112,4,2023-05-30,1R,pAMR0,77,0,future_no_significant_rejection,2,0.5153624226379514
image_plus_time,pair_001078,patient_e6981a9104ac664d,S2311238,S2311238,3,2023-03-14,1R,pAMR0,3,S2330986,S2330986,5,2023-07-18,0R,pAMR0,126,0,future_no_significant_rejection,2,0.4950941171419232
image_plus_time,pair_001079,patient_e6981a9104ac664d,S2311238,S2311238,3,2023-03-14,1R,pAMR0,3,S2344461,S2344461,6,2023-10-17,0R,pAMR0,217,0,future_no_significant_rejection,2,0.47265089607727273
image_plus_time,pair_001080,patient_e6981a9104ac664d,S2311238,S2311238,3,2023-03-14,1R,pAMR0,3,S2402482,S2402482,7,2024-01-16,0R,pAMR0,308,0,future_no_significant_rejection,2,0.4582134123955036
image_plus_time,pair_001081,patient_e6981a9104ac664d,S2323112,S2323112,4,2023-05-30,1R,pAMR0,2,S2330986,S2330986,5,2023-07-18,0R,pAMR0,49,0,future_no_significant_rejection,2,0.8170643677951055
image_plus_time,pair_001082,patient_e6981a9104ac664d,S2323112,S2323112,4,2023-05-30,1R,pAMR0,2,S2344461,S2344461,6,2023-10-17,0R,pAMR0,140,0,future_no_significant_rejection,2,0.7898663189207216
image_plus_time,pair_001083,patient_e6981a9104ac664d,S2323112,S2323112,4,2023-05-30,1R,pAMR0,2,S2402482,S2402482,7,2024-01-16,0R,pAMR0,231,0,future_no_significant_rejection,2,0.7757867450732842
image_plus_time,pair_001084,patient_e6981a9104ac664d,S2330986,S2330986,5,2023-07-18,0R,pAMR0,1,S2344461,S2344461,6,2023-10-17,0R,pAMR0,91,0,future_no_significant_rejection,2,0.030630368923672747
image_plus_time,pair_001085,patient_e6981a9104ac664d,S2330986,S2330986,5,2023-07-18,0R,pAMR0,1,S2402482,S2402482,7,2024-01-16,0R,pAMR0,182,0,future_no_significant_rejection,2,0.027410013444827075
image_plus_time,pair_001086,patient_e6981a9104ac664d,S2344461,S2344461,6,2023-10-17,0R,pAMR0,1,S2402482,S2402482,7,2024-01-16,0R,pAMR0,91,0,future_no_significant_rejection,2,0.004626824140183871
image_plus_time,pair_001103,patient_ead6420f83248981,S2406264,S2406264,1,2024-02-07,0R,pAMR0,7,S2407939,S2407939,2,2024-02-20,0R,pAMR0,13,0,future_no_significant_rejection,2,0.050882391677241644
image_plus_time,pair_001104,patient_ead6420f83248981,S2406264,S2406264,1,2024-02-07,0R,pAMR0,7,S2409392,S2409392,3,2024-03-12,0R,pAMR0,34,0,future_no_significant_rejection,2,0.04400527017754582
image_plus_time,pair_001105,patient_ead6420f83248981,S2406264,S2406264,1,2024-02-07,0R,pAMR0,7,S2412713,S2412713,4,2024-04-23,0R,pAMR0,76,0,future_no_significant_rejection,2,0.03880587255552923
image_plus_time,pair_001106,patient_ead6420f83248981,S2407939,S2407939,2,2024-02-20,0R,pAMR0,1,S2409392,S2409392,3,2024-03-12,0R,pAMR0,21,0,future_no_significant_rejection,2,0.0089059511473515
image_plus_time,pair_001107,patient_ead6420f83248981,S2407939,S2407939,2,2024-02-20,0R,pAMR0,1,S2412713,S2412713,4,2024-04-23,0R,pAMR0,63,0,future_no_significant_rejection,2,0.007467291571266194
image_plus_time,pair_001108,patient_ead6420f83248981,S2409392,S2409392,3,2024-03-12,0R,pAMR0,1,S2412713,S2412713,4,2024-04-23,0R,pAMR0,42,0,future_no_significant_rejection,2,0.0182770416334989
image_plus_time,pair_001109,patient_f02086679c6d7438,S2506967,S2506967,1,2025-03-11,0R,pAMR0,1,S2508631,S2508631,2,2025-03-25,0R,pAMR0,14,0,future_no_significant_rejection,2,0.4849385738261819
image_plus_time,pair_001110,patient_f02086679c6d7438,S2506967,S2506967,1,2025-03-11,0R,pAMR0,1,S2511007,S2511007,3,2025-04-15,0R,pAMR0,35,0,future_no_significant_rejection,2,0.44870601430126283
image_plus_time,pair_001111,patient_f02086679c6d7438,S2508631,S2508631,2,2025-03-25,0R,pAMR0,2,S2511007,S2511007,3,2025-04-15,0R,pAMR0,21,0,future_no_significant_rejection,2,0.11940031094406413
image_plus_time,pair_001127,patient_f4a709d12cad57f1,S2251251,S2251251,1,2022-12-06,1R,pAMR0,5,S2253525,S2253525,2,2022-12-20,1R,pAMR0,14,0,future_no_significant_rejection,2,0.8949167781973254
image_plus_time,pair_001128,patient_f4a709d12cad57f1,S2251251,S2251251,1,2022-12-06,1R,pAMR0,5,S2308044,S2308044,3,2023-02-21,1R,pAMR0,77,0,future_no_significant_rejection,2,0.866194208897148
image_plus_time,pair_001129,patient_f4a709d12cad57f1,S2251251,S2251251,1,2022-12-06,1R,pAMR0,5,S2318025,S2318025,4,2023-04-25,0R,pAMR0,140,0,future_no_significant_rejection,2,0.8543619593338307
image_plus_time,pair_001130,patient_f4a709d12cad57f1,S2251251,S2251251,1,2022-12-06,1R,pAMR0,5,S2333274,S2333274,5,2023-08-01,0R,pAMR0,238,0,future_no_significant_rejection,2,0.843095881447074
image_plus_time,pair_001131,patient_f4a709d12cad57f1,S2251251,S2251251,1,2022-12-06,1R,pAMR0,5,S2349547,S2349547,6,2023-11-21,0R,pAMR0,350,0,future_no_significant_rejection,2,0.834451824122625
image_plus_time,pair_001132,patient_f4a709d12cad57f1,S2253525,S2253525,2,2022-12-20,1R,pAMR0,5,S2308044,S2308044,3,2023-02-21,1R,pAMR0,63,0,future_no_significant_rejection,2,0.23462298588475994
image_plus_time,pair_001133,patient_f4a709d12cad57f1,S2253525,S2253525,2,2022-12-20,1R,pAMR0,5,S2318025,S2318025,4,2023-04-25,0R,pAMR0,126,0,future_no_significant_rejection,2,0.2147730954317377
image_plus_time,pair_001134,patient_f4a709d12cad57f1,S2253525,S2253525,2,2022-12-20,1R,pAMR0,5,S2333274,S2333274,5,2023-08-01,0R,pAMR0,224,0,future_no_significant_rejection,2,0.19916364486795524
image_plus_time,pair_001135,patient_f4a709d12cad57f1,S2253525,S2253525,2,2022-12-20,1R,pAMR0,5,S2349547,S2349547,6,2023-11-21,0R,pAMR0,336,0,future_no_significant_rejection,2,0.1886611427379571
image_plus_time,pair_001136,patient_f4a709d12cad57f1,S2308044,S2308044,3,2023-02-21,1R,pAMR0,4,S2318025,S2318025,4,2023-04-25,0R,pAMR0,63,0,future_no_significant_rejection,2,0.49682242303197816
image_plus_time,pair_001137,patient_f4a709d12cad57f1,S2308044,S2308044,3,2023-02-21,1R,pAMR0,4,S2333274,S2333274,5,2023-08-01,0R,pAMR0,161,0,future_no_significant_rejection,2,0.4582960661261444
image_plus_time,pair_001138,patient_f4a709d12cad57f1,S2308044,S2308044,3,2023-02-21,1R,pAMR0,4,S2349547,S2349547,6,2023-11-21,0R,pAMR0,273,0,future_no_significant_rejection,2,0.4366847963982837
image_plus_time,pair_001139,patient_f4a709d12cad57f1,S2318025,S2318025,4,2023-04-25,0R,pAMR0,1,S2333274,S2333274,5,2023-08-01,0R,pAMR0,98,0,future_no_significant_rejection,2,0.14247161259640567
image_plus_time,pair_001140,patient_f4a709d12cad57f1,S2318025,S2318025,4,2023-04-25,0R,pAMR0,1,S2349547,S2349547,6,2023-11-21,0R,pAMR0,210,0,future_no_significant_rejection,2,0.12777274188726465
image_plus_time,pair_001141,patient_f4a709d12cad57f1,S2333274,S2333274,5,2023-08-01,0R,pAMR0,1,S2349547,S2349547,6,2023-11-21,0R,pAMR0,112,0,future_no_significant_rejection,2,0.08138172736012131
image_plus_time,pair_001148,patient_f78d4288245eabd8,S2425843,S2425843,1,2024-09-03,0R,pAMR0,1,S2427695,S2427695,2,2024-09-24,0R,pAMR0,21,0,future_no_significant_rejection,2,0.1615356606378784
image_plus_time,pair_001149,patient_f78d4288245eabd8,S2425843,S2425843,1,2024-09-03,0R,pAMR0,1,S2436453,S2436453,3,2024-12-17,0R,pAMR0,105,0,future_no_significant_rejection,2,0.12915866953588967
image_plus_time,pair_001150,patient_f78d4288245eabd8,S2425843,S2425843,1,2024-09-03,0R,pAMR0,1,S2504720,S2504720,4,2025-02-18,0R,pAMR0,168,0,future_no_significant_rejection,2,0.12067911117178001
image_plus_time,pair_001151,patient_f78d4288245eabd8,S2425843,S2425843,1,2024-09-03,0R,pAMR0,1,S2529112,S2529112,5,2025-09-16,0R,pAMR0,378,0,future_no_significant_rejection,2,0.10713292997825859
image_plus_time,pair_001152,patient_f78d4288245eabd8,S2427695,S2427695,2,2024-09-24,0R,pAMR0,6,S2436453,S2436453,3,2024-12-17,0R,pAMR0,84,0,future_no_significant_rejection,2,0.5404794790882868
image_plus_time,pair_001153,patient_f78d4288245eabd8,S2427695,S2427695,2,2024-09-24,0R,pAMR0,6,S2504720,S2504720,4,2025-02-18,0R,pAMR0,147,0,future_no_significant_rejection,2,0.5174979739040485
image_plus_time,pair_001154,patient_f78d4288245eabd8,S2427695,S2427695,2,2024-09-24,0R,pAMR0,6,S2529112,S2529112,5,2025-09-16,0R,pAMR0,357,0,future_no_significant_rejection,2,0.48077895963085876
image_plus_time,pair_001155,patient_f78d4288245eabd8,S2436453,S2436453,3,2024-12-17,0R,pAMR0,2,S2504720,S2504720,4,2025-02-18,0R,pAMR0,63,0,future_no_significant_rejection,2,0.39110694837460636
image_plus_time,pair_001156,patient_f78d4288245eabd8,S2436453,S2436453,3,2024-12-17,0R,pAMR0,2,S2529112,S2529112,5,2025-09-16,0R,pAMR0,273,0,future_no_significant_rejection,2,0.3352401285921495
image_plus_time,pair_001157,patient_f78d4288245eabd8,S2504720,S2504720,4,2025-02-18,0R,pAMR0,1,S2529112,S2529112,5,2025-09-16,0R,pAMR0,210,0,future_no_significant_rejection,2,0.09497116238546553
