evaluation_scope,evaluation_run,experiment,task,folds,training_set,stain_cohort,magnification,mpp,cohort,metric_unit,patients,n,positive_n,negative_n,auroc,auroc_std,pr_auc,pr_auc_std,sensitivity,sensitivity_std,specificity,specificity_std,balanced_accuracy,balanced_accuracy_std,accuracy,threshold,variant,seed,source_path,checkpoint_count,level,feature_tag,tp,tn,fp,fn,auroc_ci_low,auroc_ci_high,pr_auc_ci_low,pr_auc_ci_high,accuracy_ci_low,accuracy_ci_high,balanced_accuracy_ci_low,balanced_accuracy_ci_high,sensitivity_ci_low,sensitivity_ci_high,specificity_ci_low,specificity_ci_high
external_test,weakunique3,acr_any_0p25mpp,acr_any,,,,,,core,,61,189,116,73,0.5775862068965517,,0.7039536979009511,,0.7758620689655172,,0.2602739726027397,,,,,,,,results/gse290577_external/weakunique3/combined_external_summary.csv,,,,90.0,19.0,54.0,26.0,0.4841981666500516,0.6662257042385761,0.6191963273609664,0.7942743568507756,,,,,,,,
external_test,weakunique3,acr_any_0p25mpp,acr_any,,,,,,wsi_he,,15,15,8,7,0.5357142857142857,,0.5846882284382284,,1.0,,0.1428571428571428,,,,,,,,results/gse290577_external/weakunique3/combined_external_summary.csv,,,,8.0,1.0,6.0,0.0,0.1851851851851852,0.8462962962962955,0.3252325174825175,0.9266770833333332,,,,,,,,
external_test,weakunique3,acr_any_0p5mpp,acr_any,,,,,,wsi_he,,15,15,8,7,0.6785714285714286,,0.7342147435897436,,0.125,,1.0,,,,,,,,results/gse290577_external/weakunique3/combined_external_summary.csv,,,,1.0,7.0,0.0,7.0,0.3391369047619048,0.9464285714285714,0.4191115019240019,0.9722222222222222,,,,,,,,
external_test,weakunique3,acr_any_1mpp,acr_any,,,,,,wsi_he,,15,15,8,7,0.5535714285714286,,0.6762896825396825,,0.125,,1.0,,,,,,,,results/gse290577_external/weakunique3/combined_external_summary.csv,,,,1.0,7.0,0.0,7.0,0.2036111111111111,0.8409090909090909,0.3559181988646274,0.9186688311688308,,,,,,,,
external_test,weakunique3,acr_any_2mpp,acr_any,,,,,,wsi_he,,15,15,8,7,0.6785714285714286,,0.8020833333333334,,0.625,,0.8571428571428571,,,,,,,,results/gse290577_external/weakunique3/combined_external_summary.csv,,,,5.0,6.0,1.0,3.0,0.3517094017094017,0.9642857142857144,0.5269557823129253,0.976190476190476,,,,,,,,
external_test,all_internal_experiments,smc_acr_0r_vs_rest_l0_0p25mpp_40x_uni2_clamsb_cv3val_s1,acr_any,3,gold_only,all_stains,40x,0p25,core,,61,189,116,73,0.4901983939537081,,0.5972525746597116,,0.25,,0.7397260273972602,,0.4948630136986301,,0.4391534391534391,0.5,cv3val,1,results/gse290577_external/all_internal_experiments/all_external_summary.csv,3.0,l0,0p25,29.0,54.0,19.0,87.0,0.3842099483750343,0.5861656433596567,0.5129705119214375,0.7076094830139217,0.3612415243326753,0.5129637582776869,0.4245169022205535,0.5593000413401584,0.1666304347826087,0.3362068965517241,0.625,0.8405969634230502
external_test,all_internal_experiments,smc_acr_0r_vs_rest_l0_0p25mpp_40x_uni2_clamsb_cv3val_s1,acr_any,3,gold_only,all_stains,40x,0p25,wsi_he,,15,15,8,7,0.3214285714285714,,0.5282925407925407,,0.125,,0.4285714285714285,,0.2767857142857143,,0.2666666666666666,0.5,cv3val,1,results/gse290577_external/all_internal_experiments/all_external_summary.csv,3.0,l0,0p25,1.0,3.0,4.0,7.0,0.0357142857142857,0.6428571428571428,0.2540844572094572,0.8201185367662639,0.0666666666666666,0.4683333333333242,0.0625,0.5,0.0,0.4,0.0,0.8
external_test,all_internal_experiments,smc_acr_0r_vs_rest_l0_0p25mpp_40x_uni2_clamsb_cv3val_s1,acr_any,3,gold_only,all_stains,40x,0p25,wsi_ihc,,15,45,24,21,0.5833333333333334,,0.6338885257929875,,0.0,,1.0,,0.5,,0.4666666666666667,0.5,cv3val,1,results/gse290577_external/all_internal_experiments/all_external_summary.csv,3.0,l0,0p25,0.0,21.0,0.0,24.0,0.3777579365079365,0.7877075984714872,0.3624240970890556,0.8776254435687397,0.2,0.7333333333333333,0.5,0.5,0.0,0.0,1.0,1.0
external_test,all_internal_experiments,smc_acr_0r_vs_rest_l0_0p25mpp_40x_uni2_clamsb_cv3val_weakunique3_he_only_s1,acr_any,3,gold+weak,he_only,40x,0p25,core,,61,189,116,73,0.5225555030703826,,0.6111894012697701,,0.2413793103448276,,0.7534246575342466,,0.4974019839395371,,0.4391534391534391,0.5,cv3val_weakunique3_he_only,1,results/gse290577_external/all_internal_experiments/all_external_summary.csv,3.0,l0,0p25,28.0,55.0,18.0,88.0,0.4255127475203208,0.6142399706497685,0.5251396728921768,0.7176260100897016,0.3684145064152919,0.5055571161048689,0.4388005076301454,0.5539154942279942,0.1637931034482758,0.3271148888172735,0.6461538461538462,0.8507613957240823
external_test,all_internal_experiments,smc_acr_0r_vs_rest_l0_0p25mpp_40x_uni2_clamsb_cv3val_weakunique3_he_only_s1,acr_any,3,gold+weak,he_only,40x,0p25,wsi_he,,15,15,8,7,0.3571428571428571,,0.4674873737373737,,0.0,,0.7142857142857143,,0.3571428571428571,,0.3333333333333333,0.5,cv3val_weakunique3_he_only,1,results/gse290577_external/all_internal_experiments/all_external_summary.csv,3.0,l0,0p25,0.0,5.0,2.0,8.0,0.0399999999999999,0.7047889610389597,0.258051948051948,0.8231652642229563,0.1333333333333333,0.6,0.1666666666666666,0.5,0.0,0.0,0.3333333333333333,1.0
external_test,all_internal_experiments,smc_acr_0r_vs_rest_l0_0p25mpp_40x_uni2_clamsb_cv3val_weakunique3_he_only_s1,acr_any,3,gold+weak,he_only,40x,0p25,wsi_ihc,,15,45,24,21,0.4642857142857143,,0.5530633006387162,,0.2083333333333333,,0.8571428571428571,,0.5327380952380952,,0.5111111111111111,0.5,cv3val_weakunique3_he_only,1,results/gse290577_external/all_internal_experiments/all_external_summary.csv,3.0,l0,0p25,5.0,18.0,3.0,19.0,0.2139917695473251,0.7045984848484845,0.2723320816860815,0.8227122642935525,0.3111111111111111,0.7111111111111111,0.4166666666666667,0.6488095238095237,0.0,0.4074074074074074,0.7222222222222222,1.0
external_test,all_internal_experiments,smc_acr_0r_vs_rest_l0_0p25mpp_40x_uni2_clamsb_cv3val_weakunique3_ihc_only_s1,acr_any,3,gold+weak,ihc_only,40x,0p25,core,,61,189,116,73,0.6071091166745395,,0.7064298609525219,,0.0517241379310344,,0.9863013698630136,,0.5190127538970241,,0.4126984126984127,0.5,cv3val_weakunique3_ihc_only,1,results/gse290577_external/all_internal_experiments/all_external_summary.csv,3.0,l0,0p25,6.0,72.0,1.0,110.0,0.5212627809562947,0.6928152490997765,0.6109737627621519,0.8048345797787407,0.3435051546391752,0.4858835096919187,0.4925658718772061,0.5468812353286384,0.009009009009009,0.1025862068965516,0.9577464788732394,1.0
external_test,all_internal_experiments,smc_acr_0r_vs_rest_l0_0p25mpp_40x_uni2_clamsb_cv3val_weakunique3_ihc_only_s1,acr_any,3,gold+weak,ihc_only,40x,0p25,wsi_he,,15,15,8,7,0.6071428571428572,,0.6764766483516484,,0.0,,1.0,,0.5,,0.4666666666666667,0.5,cv3val_weakunique3_ihc_only,1,results/gse290577_external/all_internal_experiments/all_external_summary.csv,3.0,l0,0p25,0.0,7.0,0.0,8.0,0.295211038961039,0.8928571428571428,0.358540293040293,0.9414552682166318,0.2,0.7333333333333333,0.5,0.5,0.0,0.0,1.0,1.0
external_test,all_internal_experiments,smc_acr_0r_vs_rest_l0_0p25mpp_40x_uni2_clamsb_cv3val_weakunique3_ihc_only_s1,acr_any,3,gold+weak,ihc_only,40x,0p25,wsi_ihc,,15,45,24,21,0.8452380952380953,,0.868470759225348,,0.0,,1.0,,0.5,,0.4666666666666667,0.5,cv3val_weakunique3_ihc_only,1,results/gse290577_external/all_internal_experiments/all_external_summary.csv,3.0,l0,0p25,0.0,21.0,0.0,24.0,0.6646807025279249,0.9814814814814816,0.6567495799318925,0.9882474892604202,0.2,0.7333333333333333,0.5,0.5,0.0,0.0,1.0,1.0
external_test,all_internal_experiments,smc_acr_0r_vs_rest_l0_0p25mpp_40x_uni2_clamsb_cv3val_weakunique3_mixed_known_s1,acr_any,3,gold+weak,mixed_known,40x,0p25,core,,61,189,116,73,0.6167926310817194,,0.7119278642728977,,1.0,,0.0,,0.5,,0.6137566137566137,0.5,cv3val_weakunique3_mixed_known,1,results/gse290577_external/all_internal_experiments/all_external_summary.csv,3.0,l0,0p25,116.0,0.0,73.0,0.0,0.5275178640136318,0.703383008008008,0.6266065105569508,0.8026670309777362,0.5428495440729483,0.6881787972118658,0.5,0.5,1.0,1.0,0.0,0.0
external_test,all_internal_experiments,smc_acr_0r_vs_rest_l0_0p25mpp_40x_uni2_clamsb_cv3val_weakunique3_mixed_known_s1,acr_any,3,gold+weak,mixed_known,40x,0p25,wsi_he,,15,15,8,7,0.5892857142857144,,0.5764766483516482,,1.0,,0.0,,0.5,,0.5333333333333333,0.5,cv3val_weakunique3_mixed_known,1,results/gse290577_external/all_internal_experiments/all_external_summary.csv,3.0,l0,0p25,8.0,0.0,7.0,0.0,0.2407222222222221,0.9259920634920632,0.3348809523809523,0.9641997354497356,0.2666666666666666,0.8,0.5,0.5,1.0,1.0,0.0,0.0
external_test,all_internal_experiments,smc_acr_0r_vs_rest_l0_0p25mpp_40x_uni2_clamsb_cv3val_weakunique3_mixed_known_s1,acr_any,3,gold+weak,mixed_known,40x,0p25,wsi_ihc,,15,45,24,21,0.625,,0.6958902744006118,,0.9583333333333334,,0.0952380952380952,,0.5267857142857143,,0.5555555555555556,0.5,cv3val_weakunique3_mixed_known,1,results/gse290577_external/all_internal_experiments/all_external_summary.csv,3.0,l0,0p25,23.0,2.0,19.0,1.0,0.3551587301587301,0.8710337301587302,0.376110257933048,0.923459542831124,0.3111111111111111,0.7777777777777778,0.4583333333333333,0.5982589285714283,0.8747916666666666,1.0,0.0,0.2222222222222222
external_test,all_internal_experiments,smc_acr_0r_vs_rest_l0_0p25mpp_40x_uni2_clamsb_cv3val_weakunique3_non_he_s1,acr_any,3,gold+weak,non_he,40x,0p25,core,,61,189,116,73,0.694733112895607,,0.7784704984883136,,1.0,,0.0410958904109589,,0.5205479452054794,,0.6296296296296297,0.5,cv3val_weakunique3_non_he,1,results/gse290577_external/all_internal_experiments/all_external_summary.csv,3.0,l0,0p25,116.0,3.0,70.0,0.0,0.6132695116301674,0.7706590589782679,0.6996738139418532,0.855403034839017,0.5538297872340426,0.7058823529411765,0.5,0.547305341055341,1.0,1.0,0.0,0.094610682110682
external_test,all_internal_experiments,smc_acr_0r_vs_rest_l0_0p25mpp_40x_uni2_clamsb_cv3val_weakunique3_non_he_s1,acr_any,3,gold+weak,non_he,40x,0p25,wsi_he,,15,15,8,7,0.5535714285714286,,0.6804563492063491,,1.0,,0.0,,0.5,,0.5333333333333333,0.5,cv3val_weakunique3_non_he,1,results/gse290577_external/all_internal_experiments/all_external_summary.csv,3.0,l0,0p25,8.0,0.0,7.0,0.0,0.2271464646464646,0.8518518518518519,0.3515708101422387,0.9235227272727272,0.2666666666666666,0.8,0.5,0.5,1.0,1.0,0.0,0.0
external_test,all_internal_experiments,smc_acr_0r_vs_rest_l0_0p25mpp_40x_uni2_clamsb_cv3val_weakunique3_non_he_s1,acr_any,3,gold+weak,non_he,40x,0p25,wsi_ihc,,15,45,24,21,0.8313492063492063,,0.8435233158974845,,0.0,,1.0,,0.5,,0.4666666666666667,0.5,cv3val_weakunique3_non_he,1,results/gse290577_external/all_internal_experiments/all_external_summary.csv,3.0,l0,0p25,0.0,21.0,0.0,24.0,0.6309193121693122,0.9702619782480892,0.5956736130717109,0.9838238058381248,0.2,0.7333333333333333,0.5,0.5,0.0,0.0,1.0,1.0
external_test,all_internal_experiments,smc_acr_0r_vs_rest_l0_0p25mpp_40x_uni2_clamsb_cv3val_weakunique3_s1,acr_any,3,gold+weak,all_stains,40x,0p25,core,,61,189,116,73,0.5775862068965517,,0.7039536979009511,,0.7758620689655172,,0.2602739726027397,,0.5180680207841285,,0.5767195767195767,0.5,cv3val_weakunique3,1,results/gse290577_external/all_internal_experiments/all_external_summary.csv,3.0,l0,0p25,90.0,19.0,54.0,26.0,0.4841981666500516,0.6662257042385761,0.6191963273609664,0.7942743568507756,0.4948953018707483,0.6580375973129898,0.449409262895595,0.5887594192007337,0.6799724770642203,0.8595281568325964,0.1585205391527599,0.3698861012775125
external_test,all_internal_experiments,smc_acr_0r_vs_rest_l0_0p25mpp_40x_uni2_clamsb_cv3val_weakunique3_s1,acr_any,3,gold+weak,all_stains,40x,0p25,wsi_he,,15,15,8,7,0.5357142857142857,,0.5846882284382284,,1.0,,0.1428571428571428,,0.5714285714285714,,0.6,0.5,cv3val_weakunique3,1,results/gse290577_external/all_internal_experiments/all_external_summary.csv,3.0,l0,0p25,8.0,1.0,6.0,0.0,0.1851851851851852,0.8462962962962955,0.3252325174825175,0.9266770833333332,0.3333333333333333,0.8666666666666667,0.5,0.75,1.0,1.0,0.0,0.5
external_test,all_internal_experiments,smc_acr_0r_vs_rest_l0_0p25mpp_40x_uni2_clamsb_cv3val_weakunique3_s1,acr_any,3,gold+weak,all_stains,40x,0p25,wsi_ihc,,15,45,24,21,0.871031746031746,,0.8995684838579108,,0.7916666666666666,,0.8095238095238095,,0.8005952380952381,,0.8,0.5,cv3val_weakunique3,1,results/gse290577_external/all_internal_experiments/all_external_summary.csv,3.0,l0,0p25,19.0,17.0,4.0,5.0,0.751984126984127,0.9646558174335952,0.7348595569587416,0.982354883074899,0.6888888888888889,0.8888888888888888,0.6875,0.9090909090909092,0.6666666666666666,0.9090909090909092,0.6111111111111112,1.0
external_test,all_internal_experiments,smc_acr_0r_vs_rest_l1_0p50mpp_20x_uni2_clamsb_cv3val_s1,acr_any,3,gold_only,all_stains,20x,0p50,wsi_he,,15,15,8,7,0.375,,0.4836496836496836,,0.0,,1.0,,0.5,,0.4666666666666667,0.5,cv3val,1,results/gse290577_external/all_internal_experiments/all_external_summary.csv,3.0,l1,0p5,0.0,7.0,0.0,8.0,0.0714285714285714,0.7222222222222223,0.264389880952381,0.8345333192448576,0.2,0.7333333333333333,0.5,0.5,0.0,0.0,1.0,1.0
external_test,all_internal_experiments,smc_acr_0r_vs_rest_l1_0p50mpp_20x_uni2_clamsb_cv3val_s1,acr_any,3,gold_only,all_stains,20x,0p50,wsi_ihc,,15,45,24,21,0.8253968253968255,,0.8422700686523736,,0.0,,1.0,,0.5,,0.4666666666666667,0.5,cv3val,1,results/gse290577_external/all_internal_experiments/all_external_summary.csv,3.0,l1,0p5,0.0,21.0,0.0,24.0,0.6824900793650793,0.9555555555555556,0.6174104586997943,0.9730956826881824,0.2,0.7333333333333333,0.5,0.5,0.0,0.0,1.0,1.0
external_test,all_internal_experiments,smc_acr_0r_vs_rest_l1_0p50mpp_20x_uni2_clamsb_cv3val_weakunique3_he_only_s1,acr_any,3,gold+weak,he_only,20x,0p50,wsi_he,,15,15,8,7,0.4642857142857143,,0.6573600011100011,,0.375,,0.8571428571428571,,0.6160714285714286,,0.6,0.5,cv3val_weakunique3_he_only,1,results/gse290577_external/all_internal_experiments/all_external_summary.csv,3.0,l1,0p5,3.0,6.0,1.0,5.0,0.1111111111111111,0.7727272727272727,0.3206816794316794,0.8955774460582152,0.3333333333333333,0.8,0.3839285714285714,0.8125,0.0,0.75,0.5714285714285714,1.0
external_test,all_internal_experiments,smc_acr_0r_vs_rest_l1_0p50mpp_20x_uni2_clamsb_cv3val_weakunique3_he_only_s1,acr_any,3,gold+weak,he_only,20x,0p50,wsi_ihc,,15,45,24,21,0.6845238095238095,,0.7374458858292373,,0.6666666666666666,,0.4761904761904761,,0.5714285714285714,,0.5777777777777777,0.5,cv3val_weakunique3_he_only,1,results/gse290577_external/all_internal_experiments/all_external_summary.csv,3.0,l1,0p5,16.0,10.0,11.0,8.0,0.4702245670995671,0.86113683127572,0.4512447221430386,0.9236644486353656,0.4,0.7333333333333333,0.3888888888888889,0.7333333333333334,0.4,0.8888888888888888,0.25,0.7144841269841259
external_test,all_internal_experiments,smc_acr_0r_vs_rest_l1_0p50mpp_20x_uni2_clamsb_cv3val_weakunique3_ihc_only_s1,acr_any,3,gold+weak,ihc_only,20x,0p50,wsi_he,,15,15,8,7,0.6785714285714286,,0.7473672161172161,,0.0,,1.0,,0.5,,0.4666666666666667,0.5,cv3val_weakunique3_ihc_only,1,results/gse290577_external/all_internal_experiments/all_external_summary.csv,3.0,l1,0p5,0.0,7.0,0.0,8.0,0.3515782828282828,1.0,0.4289339826839827,1.0,0.2,0.7333333333333333,0.5,0.5,0.0,0.0,1.0,1.0
external_test,all_internal_experiments,smc_acr_0r_vs_rest_l1_0p50mpp_20x_uni2_clamsb_cv3val_weakunique3_ihc_only_s1,acr_any,3,gold+weak,ihc_only,20x,0p50,wsi_ihc,,15,45,24,21,0.5496031746031746,,0.6851969186162037,,0.0,,1.0,,0.5,,0.4666666666666667,0.5,cv3val_weakunique3_ihc_only,1,results/gse290577_external/all_internal_experiments/all_external_summary.csv,3.0,l1,0p5,0.0,21.0,0.0,24.0,0.3827160493827161,0.7355694444444443,0.4594672188705614,0.8871963934094622,0.2,0.7333333333333333,0.5,0.5,0.0,0.0,1.0,1.0
external_test,all_internal_experiments,smc_acr_0r_vs_rest_l1_0p50mpp_20x_uni2_clamsb_cv3val_weakunique3_mixed_known_s1,acr_any,3,gold+weak,mixed_known,20x,0p50,wsi_he,,15,15,8,7,0.5892857142857143,,0.697470238095238,,0.25,,0.7142857142857143,,0.4821428571428571,,0.4666666666666667,0.5,cv3val_weakunique3_mixed_known,1,results/gse290577_external/all_internal_experiments/all_external_summary.csv,3.0,l1,0p5,2.0,5.0,2.0,6.0,0.25,0.9074074074074072,0.3744982993197279,0.9416964285714284,0.2,0.7333333333333333,0.25,0.7222222222222222,0.0,0.6,0.3,1.0
external_test,all_internal_experiments,smc_acr_0r_vs_rest_l1_0p50mpp_20x_uni2_clamsb_cv3val_weakunique3_mixed_known_s1,acr_any,3,gold+weak,mixed_known,20x,0p50,wsi_ihc,,15,45,24,21,0.6607142857142857,,0.7134279309651325,,0.25,,0.9523809523809524,,0.6011904761904762,,0.5777777777777777,0.5,cv3val_weakunique3_mixed_known,1,results/gse290577_external/all_internal_experiments/all_external_summary.csv,3.0,l1,0p5,6.0,20.0,1.0,18.0,0.4279486331569664,0.875,0.4467527938646258,0.9255743007553756,0.3555555555555555,0.7777777777777778,0.5,0.7142857142857143,0.0555555555555555,0.4583333333333333,0.8518518518518519,1.0
external_test,all_internal_experiments,smc_acr_0r_vs_rest_l1_0p50mpp_20x_uni2_clamsb_cv3val_weakunique3_non_he_s1,acr_any,3,gold+weak,non_he,20x,0p50,wsi_he,,15,15,8,7,0.3571428571428572,,0.5532925407925408,,0.0,,1.0,,0.5,,0.4666666666666667,0.5,cv3val_weakunique3_non_he,1,results/gse290577_external/all_internal_experiments/all_external_summary.csv,3.0,l1,0p5,0.0,7.0,0.0,8.0,0.0714285714285714,0.6785714285714286,0.262125,0.8559981684981683,0.2,0.7333333333333333,0.5,0.5,0.0,0.0,1.0,1.0
external_test,all_internal_experiments,smc_acr_0r_vs_rest_l1_0p50mpp_20x_uni2_clamsb_cv3val_weakunique3_non_he_s1,acr_any,3,gold+weak,non_he,20x,0p50,wsi_ihc,,15,45,24,21,0.9444444444444444,,0.9527552783547806,,0.0833333333333333,,1.0,,0.5416666666666666,,0.5111111111111111,0.5,cv3val_weakunique3_non_he,1,results/gse290577_external/all_internal_experiments/all_external_summary.csv,3.0,l1,0p5,2.0,21.0,0.0,22.0,0.8703703703703703,0.9933333333333332,0.8401816556300885,0.995241402116402,0.2888888888888888,0.7555555555555555,0.5,0.5972916666666662,0.0,0.1945833333333325,1.0,1.0
external_test,all_internal_experiments,smc_acr_0r_vs_rest_l1_0p50mpp_20x_uni2_clamsb_cv3val_weakunique3_s1,acr_any,3,gold+weak,all_stains,20x,0p50,wsi_he,,15,15,8,7,0.6785714285714286,,0.7342147435897436,,0.125,,1.0,,0.5625,,0.5333333333333333,0.5,cv3val_weakunique3,1,results/gse290577_external/all_internal_experiments/all_external_summary.csv,3.0,l1,0p5,1.0,7.0,0.0,7.0,0.3391369047619048,0.9464285714285714,0.4191115019240019,0.9722222222222222,0.2666666666666666,0.8,0.5,0.6924999999999989,0.0,0.3849999999999979,1.0,1.0
external_test,all_internal_experiments,smc_acr_0r_vs_rest_l1_0p50mpp_20x_uni2_clamsb_cv3val_weakunique3_s1,acr_any,3,gold+weak,all_stains,20x,0p50,wsi_ihc,,15,45,24,21,0.888888888888889,,0.91096444030452,,0.4166666666666667,,1.0,,0.7083333333333334,,0.6888888888888889,0.5,cv3val_weakunique3,1,results/gse290577_external/all_internal_experiments/all_external_summary.csv,3.0,l1,0p5,10.0,21.0,0.0,14.0,0.7737599206349206,0.968895061728395,0.783592799526163,0.9862377147693008,0.5111111111111111,0.8666666666666667,0.6111111111111112,0.8055555555555556,0.2222222222222222,0.6111111111111112,1.0,1.0
external_test,all_internal_experiments,smc_acr_0r_vs_rest_l2_1p00mpp_10x_uni2_clamsb_cv3val_s1,acr_any,3,gold_only,all_stains,10x,1p00,wsi_he,,15,15,8,7,0.3571428571428571,,0.4853632478632478,,0.0,,1.0,,0.5,,0.4666666666666667,0.5,cv3val,1,results/gse290577_external/all_internal_experiments/all_external_summary.csv,3.0,l2,1,0.0,7.0,0.0,8.0,0.0535714285714285,0.6799999999999999,0.2577680375180375,0.8303938738029646,0.2,0.7333333333333333,0.5,0.5,0.0,0.0,1.0,1.0
external_test,all_internal_experiments,smc_acr_0r_vs_rest_l2_1p00mpp_10x_uni2_clamsb_cv3val_s1,acr_any,3,gold_only,all_stains,10x,1p00,wsi_ihc,,15,45,24,21,0.6984126984126984,,0.7864901417494576,,0.5416666666666666,,0.7142857142857143,,0.6279761904761905,,0.6222222222222222,0.5,cv3val,1,results/gse290577_external/all_internal_experiments/all_external_summary.csv,3.0,l2,1,13.0,15.0,6.0,11.0,0.4567901234567901,0.901736111111111,0.4981497397162042,0.9460010475013564,0.4222222222222222,0.8222222222222222,0.4351851851851852,0.8244047619047619,0.2,0.8571428571428571,0.5,0.9168981481481469
external_test,all_internal_experiments,smc_acr_0r_vs_rest_l2_1p00mpp_10x_uni2_clamsb_cv3val_weakunique3_he_only_s1,acr_any,3,gold+weak,he_only,10x,1p00,wsi_he,,15,15,8,7,0.375,,0.5009199134199134,,0.0,,1.0,,0.5,,0.4666666666666667,0.5,cv3val_weakunique3_he_only,1,results/gse290577_external/all_internal_experiments/all_external_summary.csv,3.0,l2,1,0.0,7.0,0.0,8.0,0.0909090909090909,0.6944444444444446,0.2583080808080807,0.855382891519255,0.2,0.7333333333333333,0.5,0.5,0.0,0.0,1.0,1.0
external_test,all_internal_experiments,smc_acr_0r_vs_rest_l2_1p00mpp_10x_uni2_clamsb_cv3val_weakunique3_he_only_s1,acr_any,3,gold+weak,he_only,10x,1p00,wsi_ihc,,15,45,24,21,0.4464285714285714,,0.5194514558844957,,0.4583333333333333,,0.5238095238095238,,0.4910714285714286,,0.4888888888888889,0.5,cv3val_weakunique3_he_only,1,results/gse290577_external/all_internal_experiments/all_external_summary.csv,3.0,l2,1,11.0,11.0,10.0,13.0,0.1769455467372134,0.7540178571428569,0.2608990441434308,0.872036573055066,0.2888888888888888,0.7116666666666637,0.268928872053872,0.7314814814814814,0.1666666666666666,0.7916666666666666,0.2,0.8888888888888888
external_test,all_internal_experiments,smc_acr_0r_vs_rest_l2_1p00mpp_10x_uni2_clamsb_cv3val_weakunique3_ihc_only_s1,acr_any,3,gold+weak,ihc_only,10x,1p00,wsi_he,,15,15,8,7,0.7142857142857143,,0.769047619047619,,0.0,,1.0,,0.5,,0.4666666666666667,0.5,cv3val_weakunique3_ihc_only,1,results/gse290577_external/all_internal_experiments/all_external_summary.csv,3.0,l2,1,0.0,7.0,0.0,8.0,0.379875,0.9642857142857142,0.4828392857142857,0.9821428571428572,0.2,0.7333333333333333,0.5,0.5,0.0,0.0,1.0,1.0
external_test,all_internal_experiments,smc_acr_0r_vs_rest_l2_1p00mpp_10x_uni2_clamsb_cv3val_weakunique3_ihc_only_s1,acr_any,3,gold+weak,ihc_only,10x,1p00,wsi_ihc,,15,45,24,21,0.8194444444444445,,0.788306973107677,,0.0,,1.0,,0.5,,0.4666666666666667,0.5,cv3val_weakunique3_ihc_only,1,results/gse290577_external/all_internal_experiments/all_external_summary.csv,3.0,l2,1,0.0,21.0,0.0,24.0,0.6983906525573191,0.9355720164609052,0.5376641672134765,0.9664020199563188,0.2,0.7333333333333333,0.5,0.5,0.0,0.0,1.0,1.0
external_test,all_internal_experiments,smc_acr_0r_vs_rest_l2_1p00mpp_10x_uni2_clamsb_cv3val_weakunique3_mixed_known_s1,acr_any,3,gold+weak,mixed_known,10x,1p00,wsi_he,,15,15,8,7,0.4107142857142857,,0.5646825396825397,,0.0,,1.0,,0.5,,0.4666666666666667,0.5,cv3val_weakunique3_mixed_known,1,results/gse290577_external/all_internal_experiments/all_external_summary.csv,3.0,l2,1,0.0,7.0,0.0,8.0,0.1,0.7592592592592593,0.2686051136363636,0.8697056878306875,0.2,0.7333333333333333,0.5,0.5,0.0,0.0,1.0,1.0
external_test,all_internal_experiments,smc_acr_0r_vs_rest_l2_1p00mpp_10x_uni2_clamsb_cv3val_weakunique3_mixed_known_s1,acr_any,3,gold+weak,mixed_known,10x,1p00,wsi_ihc,,15,45,24,21,0.5079365079365079,,0.5504582392099215,,0.6666666666666666,,0.3809523809523809,,0.5238095238095237,,0.5333333333333333,0.5,cv3val_weakunique3_mixed_known,1,results/gse290577_external/all_internal_experiments/all_external_summary.csv,3.0,l2,1,16.0,8.0,13.0,8.0,0.251003086419753,0.7777777777777778,0.2856339808413618,0.8843641492655324,0.3111111111111111,0.7555555555555555,0.3094246031746032,0.7333333333333334,0.3702777777777777,0.9444444444444444,0.0833333333333333,0.6666666666666666
external_test,all_internal_experiments,smc_acr_0r_vs_rest_l2_1p00mpp_10x_uni2_clamsb_cv3val_weakunique3_non_he_s1,acr_any,3,gold+weak,non_he,10x,1p00,wsi_he,,15,15,8,7,0.4642857142857143,,0.6868589743589744,,0.0,,1.0,,0.5,,0.4666666666666667,0.5,cv3val_weakunique3_non_he,1,results/gse290577_external/all_internal_experiments/all_external_summary.csv,3.0,l2,1,0.0,7.0,0.0,8.0,0.1361952861952862,0.7962962962962963,0.3676661433804291,0.9079365079365078,0.2,0.7333333333333333,0.5,0.5,0.0,0.0,1.0,1.0
external_test,all_internal_experiments,smc_acr_0r_vs_rest_l2_1p00mpp_10x_uni2_clamsb_cv3val_weakunique3_non_he_s1,acr_any,3,gold+weak,non_he,10x,1p00,wsi_ihc,,15,45,24,21,0.9087301587301588,,0.9345138741534764,,0.9583333333333334,,0.7619047619047619,,0.8601190476190477,,0.8666666666666667,0.5,cv3val_weakunique3_non_he,1,results/gse290577_external/all_internal_experiments/all_external_summary.csv,3.0,l2,1,23.0,16.0,5.0,1.0,0.7866428571428571,0.988095238095238,0.7885026073446755,0.9913903082822152,0.7777777777777778,0.9555555555555556,0.7948660714285715,0.9333333333333332,0.8747916666666666,1.0,0.6666666666666666,0.8888888888888888
external_test,all_internal_experiments,smc_acr_0r_vs_rest_l2_1p00mpp_10x_uni2_clamsb_cv3val_weakunique3_s1,acr_any,3,gold+weak,all_stains,10x,1p00,wsi_he,,15,15,8,7,0.5535714285714286,,0.6762896825396825,,0.125,,1.0,,0.5625,,0.5333333333333333,0.5,cv3val_weakunique3,1,results/gse290577_external/all_internal_experiments/all_external_summary.csv,3.0,l2,1,1.0,7.0,0.0,7.0,0.2036111111111111,0.8409090909090909,0.3559181988646274,0.9186688311688308,0.2666666666666666,0.8,0.5,0.7142857142857143,0.0,0.4285714285714285,1.0,1.0
external_test,all_internal_experiments,smc_acr_0r_vs_rest_l2_1p00mpp_10x_uni2_clamsb_cv3val_weakunique3_s1,acr_any,3,gold+weak,all_stains,10x,1p00,wsi_ihc,,15,45,24,21,0.6964285714285714,,0.7263220026524019,,0.7916666666666666,,0.5238095238095238,,0.6577380952380952,,0.6666666666666666,0.5,cv3val_weakunique3,1,results/gse290577_external/all_internal_experiments/all_external_summary.csv,3.0,l2,1,19.0,11.0,10.0,5.0,0.4711695326278659,0.9087301587301588,0.4340970629885771,0.951071123280012,0.5111111111111111,0.8222222222222222,0.5029761904761905,0.805608974358974,0.5333333333333333,1.0,0.3333333333333333,0.7333333333333333
external_test,all_internal_experiments,smc_acr_0r_vs_rest_l3_2p00mpp_5x_uni2_clamsb_cv3val_s1,acr_any,3,gold_only,all_stains,5x,2p00,wsi_he,,15,15,8,7,0.7857142857142857,,0.8611492673992674,,0.0,,1.0,,0.5,,0.4666666666666667,0.5,cv3val,1,results/gse290577_external/all_internal_experiments/all_external_summary.csv,3.0,l3,2,0.0,7.0,0.0,8.0,0.5,1.0,0.6190361721611721,1.0,0.2,0.7333333333333333,0.5,0.5,0.0,0.0,1.0,1.0
external_test,all_internal_experiments,smc_acr_0r_vs_rest_l3_2p00mpp_5x_uni2_clamsb_cv3val_s1,acr_any,3,gold_only,all_stains,5x,2p00,wsi_ihc,,15,45,24,21,0.9503968253968254,,0.9661186289166652,,0.875,,0.9047619047619048,,0.8898809523809523,,0.8888888888888888,0.5,cv3val,1,results/gse290577_external/all_internal_experiments/all_external_summary.csv,3.0,l3,2,21.0,19.0,2.0,3.0,0.8355555555555556,1.0,0.8720475466237853,1.0,0.7777777777777778,0.9777777777777776,0.7777777777777778,0.9814814814814814,0.7037037037037037,1.0,0.7777777777777778,1.0
external_test,all_internal_experiments,smc_acr_0r_vs_rest_l3_2p00mpp_5x_uni2_clamsb_cv3val_weakunique3_he_only_s1,acr_any,3,gold+weak,he_only,5x,2p00,wsi_he,,15,15,8,7,0.6428571428571428,,0.7767857142857143,,0.125,,1.0,,0.5625,,0.5333333333333333,0.5,cv3val_weakunique3_he_only,1,results/gse290577_external/all_internal_experiments/all_external_summary.csv,3.0,l3,2,1.0,7.0,0.0,7.0,0.3214285714285714,0.9285714285714286,0.4889569160997732,0.9666666666666666,0.2666666666666666,0.8,0.5,0.7,0.0,0.4,1.0,1.0
external_test,all_internal_experiments,smc_acr_0r_vs_rest_l3_2p00mpp_5x_uni2_clamsb_cv3val_weakunique3_he_only_s1,acr_any,3,gold+weak,he_only,5x,2p00,wsi_ihc,,15,45,24,21,0.4404761904761904,,0.575221848430295,,0.125,,0.9047619047619048,,0.5148809523809523,,0.4888888888888889,0.5,cv3val_weakunique3_he_only,1,results/gse290577_external/all_internal_experiments/all_external_summary.csv,3.0,l3,2,3.0,19.0,2.0,21.0,0.1851337448559671,0.7134012345679009,0.2935374972573443,0.865062255137343,0.2666666666666666,0.7111111111111111,0.4166666666666667,0.625,0.0,0.3333333333333333,0.7777777777777778,1.0
external_test,all_internal_experiments,smc_acr_0r_vs_rest_l3_2p00mpp_5x_uni2_clamsb_cv3val_weakunique3_ihc_only_s1,acr_any,3,gold+weak,ihc_only,5x,2p00,wsi_he,,15,15,8,7,0.4642857142857143,,0.5113251332001332,,1.0,,0.1428571428571428,,0.5714285714285714,,0.6,0.5,cv3val_weakunique3_ihc_only,1,results/gse290577_external/all_internal_experiments/all_external_summary.csv,3.0,l3,2,8.0,1.0,6.0,0.0,0.1361952861952862,0.8035714285714286,0.2869318181818182,0.8415827102190738,0.3333333333333333,0.8666666666666667,0.5,0.75,1.0,1.0,0.0,0.5
external_test,all_internal_experiments,smc_acr_0r_vs_rest_l3_2p00mpp_5x_uni2_clamsb_cv3val_weakunique3_ihc_only_s1,acr_any,3,gold+weak,ihc_only,5x,2p00,wsi_ihc,,15,45,24,21,0.9027777777777778,,0.9322622910858204,,1.0,,0.0476190476190476,,0.5238095238095238,,0.5555555555555556,0.5,cv3val_weakunique3_ihc_only,1,results/gse290577_external/all_internal_experiments/all_external_summary.csv,3.0,l3,2,24.0,1.0,20.0,0.0,0.7579274891774892,1.0,0.7831975978441439,1.0,0.2888888888888888,0.8,0.5,0.5833333333333334,1.0,1.0,0.0,0.1666666666666666
external_test,all_internal_experiments,smc_acr_0r_vs_rest_l3_2p00mpp_5x_uni2_clamsb_cv3val_weakunique3_mixed_known_s1,acr_any,3,gold+weak,mixed_known,5x,2p00,wsi_he,,15,15,8,7,0.6964285714285714,,0.8374999999999999,,0.625,,1.0,,0.8125,,0.8,0.5,cv3val_weakunique3_mixed_known,1,results/gse290577_external/all_internal_experiments/all_external_summary.csv,3.0,l3,2,5.0,7.0,0.0,3.0,0.3748842592592593,1.0,0.5904761904761905,1.0,0.6,1.0,0.625,1.0,0.25,1.0,1.0,1.0
external_test,all_internal_experiments,smc_acr_0r_vs_rest_l3_2p00mpp_5x_uni2_clamsb_cv3val_weakunique3_mixed_known_s1,acr_any,3,gold+weak,mixed_known,5x,2p00,wsi_ihc,,15,45,24,21,0.6369047619047619,,0.686974879663347,,0.875,,0.1904761904761904,,0.5327380952380952,,0.5555555555555556,0.5,cv3val_weakunique3_mixed_known,1,results/gse290577_external/all_internal_experiments/all_external_summary.csv,3.0,l3,2,21.0,4.0,17.0,3.0,0.4567791005291005,0.8111210317460317,0.4059035274427339,0.9060815982851192,0.3333333333333333,0.7555555555555555,0.4196428571428571,0.6296296296296297,0.7082175925925926,1.0,0.0555555555555555,0.3333333333333333
external_test,all_internal_experiments,smc_acr_0r_vs_rest_l3_2p00mpp_5x_uni2_clamsb_cv3val_weakunique3_non_he_s1,acr_any,3,gold+weak,non_he,5x,2p00,wsi_he,,15,15,8,7,0.6428571428571429,,0.7601461038961039,,0.0,,1.0,,0.5,,0.4666666666666667,0.5,cv3val_weakunique3_non_he,1,results/gse290577_external/all_internal_experiments/all_external_summary.csv,3.0,l3,2,0.0,7.0,0.0,8.0,0.3180976430976431,0.925925925925926,0.4672470238095238,0.9555621301775148,0.2,0.7333333333333333,0.5,0.5,0.0,0.0,1.0,1.0
external_test,all_internal_experiments,smc_acr_0r_vs_rest_l3_2p00mpp_5x_uni2_clamsb_cv3val_weakunique3_non_he_s1,acr_any,3,gold+weak,non_he,5x,2p00,wsi_ihc,,15,45,24,21,0.638888888888889,,0.6795886052910795,,0.875,,0.1904761904761904,,0.5327380952380952,,0.5555555555555556,0.5,cv3val_weakunique3_non_he,1,results/gse290577_external/all_internal_experiments/all_external_summary.csv,3.0,l3,2,21.0,4.0,17.0,3.0,0.3621944444444444,0.8765542328042327,0.3508115512221768,0.9249978643086194,0.3111111111111111,0.7777777777777778,0.3987929894179894,0.7,0.7083333333333334,1.0,0.0,0.5
external_test,all_internal_experiments,smc_acr_0r_vs_rest_l3_2p00mpp_5x_uni2_clamsb_cv3val_weakunique3_s1,acr_any,3,gold+weak,all_stains,5x,2p00,wsi_he,,15,15,8,7,0.6785714285714286,,0.8020833333333334,,0.625,,0.8571428571428571,,0.7410714285714286,,0.7333333333333333,0.5,cv3val_weakunique3,1,results/gse290577_external/all_internal_experiments/all_external_summary.csv,3.0,l3,2,5.0,6.0,1.0,3.0,0.3517094017094017,0.9642857142857144,0.5269557823129253,0.976190476190476,0.4666666666666667,0.9333333333333332,0.5113027597402597,0.9375,0.25,1.0,0.5,1.0
external_test,all_internal_experiments,smc_acr_0r_vs_rest_l3_2p00mpp_5x_uni2_clamsb_cv3val_weakunique3_s1,acr_any,3,gold+weak,all_stains,5x,2p00,wsi_ihc,,15,45,24,21,0.6170634920634921,,0.6606900668803715,,0.375,,0.7619047619047619,,0.5684523809523809,,0.5555555555555556,0.5,cv3val_weakunique3,1,results/gse290577_external/all_internal_experiments/all_external_summary.csv,3.0,l3,2,9.0,16.0,5.0,15.0,0.399172278338945,0.8282828282828283,0.3663957737454305,0.9227630622955212,0.3555555555555555,0.7555555555555555,0.3869047619047619,0.7470982142857139,0.0952380952380952,0.6666666666666666,0.5238095238095238,1.0
external_test,weakunique3,acr_high_0p25mpp,acr_high,,,,,,core,,61,189,65,124,0.7733250620347395,,0.6780472415802217,,0.4769230769230769,,0.8870967741935484,,,,,,,,results/gse290577_external/weakunique3/combined_external_summary.csv,,,,31.0,110.0,14.0,34.0,0.6978006998697917,0.8511079252732437,0.5517570620456355,0.7896836114373347,,,,,,,,
external_test,weakunique3,acr_high_0p25mpp,acr_high,,,,,,wsi_he,,15,15,5,10,0.96,,0.9266666666666664,,0.2,,1.0,,,,,,,,results/gse290577_external/weakunique3/combined_external_summary.csv,,,,1.0,10.0,0.0,4.0,0.8214285714285714,1.0,0.6666666666666666,1.0,,,,,,,,
external_test,weakunique3,acr_high_0p5mpp,acr_high,,,,,,wsi_he,,15,15,5,10,0.94,,0.9028571428571428,,0.6,,1.0,,,,,,,,results/gse290577_external/weakunique3/combined_external_summary.csv,,,,3.0,10.0,0.0,2.0,0.76,1.0,0.625,1.0,,,,,,,,
external_test,weakunique3,acr_high_1mpp,acr_high,,,,,,wsi_he,,15,15,5,10,1.0,,1.0,,0.4,,1.0,,,,,,,,results/gse290577_external/weakunique3/combined_external_summary.csv,,,,2.0,10.0,0.0,3.0,1.0,1.0,1.0,1.0,,,,,,,,
external_test,weakunique3,acr_high_2mpp,acr_high,,,,,,wsi_he,,15,15,5,10,0.8599999999999999,,0.7416666666666667,,0.2,,1.0,,,,,,,,results/gse290577_external/weakunique3/combined_external_summary.csv,,,,1.0,10.0,0.0,4.0,0.6296296296296297,1.0,0.3333333333333333,1.0,,,,,,,,
external_test,all_internal_experiments,smc_acr_high_grade_l0_0p25mpp_40x_uni2_clamsb_cv3val_s1,acr_high,3,gold_only,all_stains,40x,0p25,core,,61,189,65,124,0.7406947890818859,,0.6067555410514184,,0.2769230769230769,,0.9274193548387096,,0.6021712158808933,,0.7037037037037037,0.5,cv3val,1,results/gse290577_external/all_internal_experiments/all_external_summary.csv,3.0,l0,0p25,18.0,115.0,9.0,47.0,0.6611406378219983,0.8206734965327593,0.4713830095224037,0.7425673387761543,0.6363519813519813,0.772972972972973,0.5472857790251742,0.6614178658393475,0.1764447884416924,0.3906808035714282,0.8790322580645161,0.9714353099730456
external_test,all_internal_experiments,smc_acr_high_grade_l0_0p25mpp_40x_uni2_clamsb_cv3val_s1,acr_high,3,gold_only,all_stains,40x,0p25,wsi_he,,15,15,5,10,0.94,,0.925,,0.0,,1.0,,0.5,,0.6666666666666666,0.5,cv3val,1,results/gse290577_external/all_internal_experiments/all_external_summary.csv,3.0,l0,0p25,0.0,10.0,0.0,5.0,0.76,1.0,0.6666666666666666,1.0,0.4,0.8666666666666667,0.5,0.5,0.0,0.0,1.0,1.0
external_test,all_internal_experiments,smc_acr_high_grade_l0_0p25mpp_40x_uni2_clamsb_cv3val_s1,acr_high,3,gold_only,all_stains,40x,0p25,wsi_ihc,,15,45,15,30,0.7333333333333334,,0.6345193771907739,,0.0,,1.0,,0.5,,0.6666666666666666,0.5,cv3val,1,results/gse290577_external/all_internal_experiments/all_external_summary.csv,3.0,l0,0p25,0.0,30.0,0.0,15.0,0.4907407407407408,0.9318181818181818,0.2150452707105933,0.9270276143734422,0.4,0.8666666666666667,0.5,0.5,0.0,0.0,1.0,1.0
external_test,all_internal_experiments,smc_acr_high_grade_l0_0p25mpp_40x_uni2_clamsb_cv3val_weakunique3_s1,acr_high,3,gold+weak,all_stains,40x,0p25,core,,61,189,65,124,0.7733250620347395,,0.6780472415802217,,0.4769230769230769,,0.8870967741935484,,0.6820099255583126,,0.746031746031746,0.5,cv3val_weakunique3,1,results/gse290577_external/all_internal_experiments/all_external_summary.csv,3.0,l0,0p25,31.0,110.0,14.0,34.0,0.6978006998697917,0.8511079252732437,0.5517570620456355,0.7896836114373347,0.6858564527446429,0.8125,0.6197717302310803,0.7514711249906086,0.3582089552238806,0.6029538539553752,0.8318563394260193,0.9398496240601504
external_test,all_internal_experiments,smc_acr_high_grade_l0_0p25mpp_40x_uni2_clamsb_cv3val_weakunique3_s1,acr_high,3,gold+weak,all_stains,40x,0p25,wsi_he,,15,15,5,10,0.96,,0.9266666666666664,,0.2,,1.0,,0.6,,0.7333333333333333,0.5,cv3val_weakunique3,1,results/gse290577_external/all_internal_experiments/all_external_summary.csv,3.0,l0,0p25,1.0,10.0,0.0,4.0,0.8214285714285714,1.0,0.6666666666666666,1.0,0.4666666666666667,0.9333333333333332,0.5,0.8333333333333333,0.0,0.6666666666666666,1.0,1.0
external_test,all_internal_experiments,smc_acr_high_grade_l0_0p25mpp_40x_uni2_clamsb_cv3val_weakunique3_s1,acr_high,3,gold+weak,all_stains,40x,0p25,wsi_ihc,,15,45,15,30,0.8,,0.6908606855783267,,0.0,,1.0,,0.5,,0.6666666666666666,0.5,cv3val_weakunique3,1,results/gse290577_external/all_internal_experiments/all_external_summary.csv,3.0,l0,0p25,0.0,30.0,0.0,15.0,0.5751666666666667,0.9682539682539684,0.2586083232213263,0.952246642246642,0.4,0.8666666666666667,0.5,0.5,0.0,0.0,1.0,1.0
external_test,gold5_repeated,smc_acr_high_grade_l0_0p25mpp_40x_uni2_clamsb_cv5val_s1,acr_high,5,gold_only,all_stains,40x,0p25,core,,61,189,65,124,0.6816377171215882,,0.5741002618678331,,0.2923076923076923,,0.9112903225806452,,0.6017990074441687,,0.6984126984126984,0.5,cv5val,1,results/gse290577_external/gold5_repeated/worker_a/all_external_summary.csv,5.0,l0,0p25,19.0,113.0,11.0,46.0,0.5994412687324413,0.7542104259682697,0.4501861381293238,0.6848825099357841,0.6353501381215471,0.7624453102545269,0.5526950388792494,0.6556725335021791,0.2,0.390625,0.8639827338129497,0.9545454545454546
external_test,gold5_repeated,smc_acr_high_grade_l0_0p25mpp_40x_uni2_clamsb_cv5val_s1,acr_high,5,gold_only,all_stains,40x,0p25,wsi_he,,15,15,5,10,0.92,,0.8761904761904762,,0.0,,1.0,,0.5,,0.6666666666666666,0.5,cv5val,1,results/gse290577_external/gold5_repeated/worker_a/all_external_summary.csv,5.0,l0,0p25,0.0,10.0,0.0,5.0,0.7222222222222222,1.0,0.5421369047619048,1.0,0.4,0.8666666666666667,0.5,0.5,0.0,0.0,1.0,1.0
external_test,gold5_repeated,smc_acr_high_grade_l0_0p25mpp_40x_uni2_clamsb_cv5val_s1,acr_high,5,gold_only,all_stains,40x,0p25,wsi_ihc,,15,45,15,30,0.86,,0.7261375661375662,,0.0,,1.0,,0.5,,0.6666666666666666,0.5,cv5val,1,results/gse290577_external/gold5_repeated/worker_a/all_external_summary.csv,5.0,l0,0p25,0.0,30.0,0.0,15.0,0.6931538461538461,0.9772890946502056,0.3424324148429008,0.968910101010101,0.4,0.8666666666666667,0.5,0.5,0.0,0.0,1.0,1.0
external_test,gold5_repeated,smc_acr_high_grade_l0_0p25mpp_40x_uni2_clamsb_cv5val_s11,acr_high,5,gold_only,all_stains,40x,0p25,core,,61,189,65,124,0.7620347394540943,,0.6817974779831184,,0.3384615384615385,,0.967741935483871,,0.6531017369727048,,0.7513227513227513,0.5,cv5val,11,results/gse290577_external/gold5_repeated/worker_a/all_external_summary.csv,5.0,l0,0p25,22.0,120.0,4.0,43.0,0.6852490337005741,0.8364632126504316,0.5509363599304592,0.7919282393855763,0.6915409653858368,0.8139564099567606,0.5943575908381236,0.7158679507173497,0.2280502392344497,0.4594672258465361,0.9338235294117648,0.992063492063492
external_test,gold5_repeated,smc_acr_high_grade_l0_0p25mpp_40x_uni2_clamsb_cv5val_s11,acr_high,5,gold_only,all_stains,40x,0p25,wsi_he,,15,15,5,10,0.96,,0.9428571428571428,,0.2,,1.0,,0.6,,0.7333333333333333,0.5,cv5val,11,results/gse290577_external/gold5_repeated/worker_a/all_external_summary.csv,5.0,l0,0p25,1.0,10.0,0.0,4.0,0.8181818181818181,1.0,0.7222222222222222,1.0,0.4666666666666667,0.9333333333333332,0.5,0.8333333333333333,0.0,0.6666666666666666,1.0,1.0
external_test,gold5_repeated,smc_acr_high_grade_l0_0p25mpp_40x_uni2_clamsb_cv5val_s11,acr_high,5,gold_only,all_stains,40x,0p25,wsi_ihc,,15,45,15,30,0.5955555555555556,,0.5399496762531886,,0.0,,1.0,,0.5,,0.6666666666666666,0.5,cv5val,11,results/gse290577_external/gold5_repeated/worker_a/all_external_summary.csv,5.0,l0,0p25,0.0,30.0,0.0,15.0,0.2773888888888888,0.8637741373852483,0.1689191202842518,0.8423678153145087,0.4,0.8666666666666667,0.5,0.5,0.0,0.0,1.0,1.0
external_test,gold5_repeated,smc_acr_high_grade_l0_0p25mpp_40x_uni2_clamsb_cv5val_s21,acr_high,5,gold_only,all_stains,40x,0p25,core,,61,189,65,124,0.8132754342431762,,0.7408870170069175,,0.5692307692307692,,0.8951612903225806,,0.732196029776675,,0.783068783068783,0.5,cv5val,21,results/gse290577_external/gold5_repeated/worker_a/all_external_summary.csv,5.0,l0,0p25,37.0,111.0,13.0,28.0,0.7438206061070262,0.8773224320991977,0.6088611047366628,0.8432964070743137,0.7263030560271647,0.8406593406593407,0.6621910500305336,0.8025286627435064,0.4422965116279069,0.6962025316455697,0.8333333333333334,0.9494970715558952
external_test,gold5_repeated,smc_acr_high_grade_l0_0p25mpp_40x_uni2_clamsb_cv5val_s21,acr_high,5,gold_only,all_stains,40x,0p25,wsi_he,,15,15,5,10,0.98,,0.9666666666666666,,0.8,,1.0,,0.9,,0.9333333333333332,0.5,cv5val,21,results/gse290577_external/gold5_repeated/worker_a/all_external_summary.csv,5.0,l0,0p25,4.0,10.0,0.0,1.0,0.8884469696969697,1.0,0.8285714285714285,1.0,0.8,1.0,0.6666666666666666,1.0,0.3333333333333333,1.0,1.0,1.0
external_test,gold5_repeated,smc_acr_high_grade_l0_0p25mpp_40x_uni2_clamsb_cv5val_s21,acr_high,5,gold_only,all_stains,40x,0p25,wsi_ihc,,15,45,15,30,0.9333333333333332,,0.8975541125541125,,0.0,,1.0,,0.5,,0.6666666666666666,0.5,cv5val,21,results/gse290577_external/gold5_repeated/worker_a/all_external_summary.csv,5.0,l0,0p25,0.0,30.0,0.0,15.0,0.8041234567901235,1.0,0.6478481359649123,1.0,0.4,0.8666666666666667,0.5,0.5,0.0,0.0,1.0,1.0
external_test,gold5_repeated,smc_acr_high_grade_l0_0p25mpp_40x_uni2_clamsb_cv5val_s31,acr_high,5,gold_only,all_stains,40x,0p25,core,,61,189,65,124,0.7718362282878413,,0.597106247979468,,0.0923076923076923,,0.9919354838709676,,0.54212158808933,,0.6825396825396826,0.5,cv5val,31,results/gse290577_external/gold5_repeated/worker_a/all_external_summary.csv,5.0,l0,0p25,6.0,123.0,1.0,59.0,0.6990441206080741,0.8439561301628054,0.4704747880995747,0.7387002808869435,0.6009594677741886,0.763448245303084,0.5096139705882352,0.5839490882666789,0.0289751552795031,0.1774481566820275,0.9747899159663864,1.0
external_test,gold5_repeated,smc_acr_high_grade_l0_0p25mpp_40x_uni2_clamsb_cv5val_s31,acr_high,5,gold_only,all_stains,40x,0p25,wsi_he,,15,15,5,10,0.8000000000000002,,0.8314285714285714,,0.0,,1.0,,0.5,,0.6666666666666666,0.5,cv5val,31,results/gse290577_external/gold5_repeated/worker_a/all_external_summary.csv,5.0,l0,0p25,0.0,10.0,0.0,5.0,0.3980555555555556,1.0,0.4761904761904761,1.0,0.4,0.8666666666666667,0.5,0.5,0.0,0.0,1.0,1.0
external_test,gold5_repeated,smc_acr_high_grade_l0_0p25mpp_40x_uni2_clamsb_cv5val_s31,acr_high,5,gold_only,all_stains,40x,0p25,wsi_ihc,,15,45,15,30,0.6066666666666667,,0.496418853343726,,0.0,,1.0,,0.5,,0.6666666666666666,0.5,cv5val,31,results/gse290577_external/gold5_repeated/worker_a/all_external_summary.csv,5.0,l0,0p25,0.0,30.0,0.0,15.0,0.3263930041152263,0.8705176767676767,0.129491464417935,0.8348121686821373,0.4,0.8666666666666667,0.5,0.5,0.0,0.0,1.0,1.0
external_test,gold5_repeated,smc_acr_high_grade_l0_0p25mpp_40x_uni2_clamsb_cv5val_s41,acr_high,5,gold_only,all_stains,40x,0p25,core,,61,189,65,124,0.802605459057072,,0.6672669372046431,,0.4,,0.9193548387096774,,0.6596774193548387,,0.7407407407407407,0.5,cv5val,41,results/gse290577_external/gold5_repeated/worker_a/all_external_summary.csv,5.0,l0,0p25,26.0,114.0,10.0,39.0,0.7313799979234681,0.868620616483728,0.5322853668227218,0.8001090309579832,0.6808454940403252,0.8011587159667742,0.5870737536656891,0.7333455121178907,0.2647058823529412,0.5424100505501038,0.863990909090909,0.9658119658119658
external_test,gold5_repeated,smc_acr_high_grade_l0_0p25mpp_40x_uni2_clamsb_cv5val_s41,acr_high,5,gold_only,all_stains,40x,0p25,wsi_he,,15,15,5,10,0.8200000000000001,,0.8166666666666667,,0.4,,1.0,,0.7,,0.8,0.5,cv5val,41,results/gse290577_external/gold5_repeated/worker_a/all_external_summary.csv,5.0,l0,0p25,2.0,10.0,0.0,3.0,0.5,1.0,0.4705952380952381,1.0,0.6,1.0,0.5,1.0,0.0,1.0,1.0,1.0
external_test,gold5_repeated,smc_acr_high_grade_l0_0p25mpp_40x_uni2_clamsb_cv5val_s41,acr_high,5,gold_only,all_stains,40x,0p25,wsi_ihc,,15,45,15,30,0.731111111111111,,0.5147504834396315,,0.0,,1.0,,0.5,,0.6666666666666666,0.5,cv5val,41,results/gse290577_external/gold5_repeated/worker_a/all_external_summary.csv,5.0,l0,0p25,0.0,30.0,0.0,15.0,0.5150648148148148,0.9179305555555556,0.2060637665425971,0.8905490066373728,0.4,0.8666666666666667,0.5,0.5,0.0,0.0,1.0,1.0
external_test,all_internal_experiments,smc_acr_high_grade_l1_0p50mpp_20x_uni2_clamsb_cv3val_s1,acr_high,3,gold_only,all_stains,20x,0p50,wsi_he,,15,15,5,10,0.92,,0.81,,0.0,,1.0,,0.5,,0.6666666666666666,0.5,cv3val,1,results/gse290577_external/all_internal_experiments/all_external_summary.csv,3.0,l1,0p5,0.0,10.0,0.0,5.0,0.7272727272727273,1.0,0.4235416666666667,1.0,0.4,0.8666666666666667,0.5,0.5,0.0,0.0,1.0,1.0
external_test,all_internal_experiments,smc_acr_high_grade_l1_0p50mpp_20x_uni2_clamsb_cv3val_s1,acr_high,3,gold_only,all_stains,20x,0p50,wsi_ihc,,15,45,15,30,0.7799999999999999,,0.6196017393598039,,0.0,,1.0,,0.5,,0.6666666666666666,0.5,cv3val,1,results/gse290577_external/all_internal_experiments/all_external_summary.csv,3.0,l1,0p5,0.0,30.0,0.0,15.0,0.5653689674523008,0.9488888888888888,0.2230606162843005,0.9230247693312642,0.4,0.8666666666666667,0.5,0.5,0.0,0.0,1.0,1.0
external_test,all_internal_experiments,smc_acr_high_grade_l1_0p50mpp_20x_uni2_clamsb_cv3val_weakunique3_s1,acr_high,3,gold+weak,all_stains,20x,0p50,wsi_he,,15,15,5,10,0.94,,0.9028571428571428,,0.6,,1.0,,0.8,,0.8666666666666667,0.5,cv3val_weakunique3,1,results/gse290577_external/all_internal_experiments/all_external_summary.csv,3.0,l1,0p5,3.0,10.0,0.0,2.0,0.76,1.0,0.625,1.0,0.6666666666666666,1.0,0.5,1.0,0.0,1.0,1.0,1.0
external_test,all_internal_experiments,smc_acr_high_grade_l1_0p50mpp_20x_uni2_clamsb_cv3val_weakunique3_s1,acr_high,3,gold+weak,all_stains,20x,0p50,wsi_ihc,,15,45,15,30,0.9466666666666668,,0.8708841267664797,,0.0666666666666666,,1.0,,0.5333333333333333,,0.6888888888888889,0.5,cv3val_weakunique3,1,results/gse290577_external/all_internal_experiments/all_external_summary.csv,3.0,l1,0p5,1.0,30.0,0.0,14.0,0.8390218253968255,1.0,0.5568981481481482,1.0,0.4444444444444444,0.8888888888888888,0.5,0.6111111111111112,0.0,0.2222222222222222,1.0,1.0
external_test,gold5_repeated,smc_acr_high_grade_l1_0p50mpp_20x_uni2_clamsb_cv5val_s1,acr_high,5,gold_only,all_stains,20x,0p50,wsi_he,,15,15,5,10,0.56,,0.431060606060606,,0.0,,1.0,,0.5,,0.6666666666666666,0.5,cv5val,1,results/gse290577_external/gold5_repeated/worker_b/all_external_summary.csv,5.0,l1,0p5,0.0,10.0,0.0,5.0,0.2142857142857143,0.888888888888889,0.1666666666666666,0.86875,0.4,0.8666666666666667,0.5,0.5,0.0,0.0,1.0,1.0
external_test,gold5_repeated,smc_acr_high_grade_l1_0p50mpp_20x_uni2_clamsb_cv5val_s1,acr_high,5,gold_only,all_stains,20x,0p50,wsi_ihc,,15,45,15,30,0.7533333333333334,,0.6296794861559971,,0.0,,1.0,,0.5,,0.6666666666666666,0.5,cv5val,1,results/gse290577_external/gold5_repeated/worker_b/all_external_summary.csv,5.0,l1,0p5,0.0,30.0,0.0,15.0,0.5608551587301588,0.9119166666666666,0.2420675162852665,0.8885822744003538,0.4,0.8666666666666667,0.5,0.5,0.0,0.0,1.0,1.0
external_test,gold5_repeated,smc_acr_high_grade_l1_0p50mpp_20x_uni2_clamsb_cv5val_s11,acr_high,5,gold_only,all_stains,20x,0p50,wsi_he,,15,15,5,10,0.82,,0.6116666666666666,,0.0,,0.9,,0.45,,0.6,0.5,cv5val,11,results/gse290577_external/gold5_repeated/worker_b/all_external_summary.csv,5.0,l1,0p5,0.0,9.0,1.0,5.0,0.5681818181818182,1.0,0.3189583333333333,1.0,0.3333333333333333,0.8666666666666667,0.3333333333333333,0.5,0.0,0.0,0.6666666666666666,1.0
external_test,gold5_repeated,smc_acr_high_grade_l1_0p50mpp_20x_uni2_clamsb_cv5val_s11,acr_high,5,gold_only,all_stains,20x,0p50,wsi_ihc,,15,45,15,30,0.8488888888888889,,0.7240077917724976,,0.2,,1.0,,0.6,,0.7333333333333333,0.5,cv5val,11,results/gse290577_external/gold5_repeated/worker_b/all_external_summary.csv,5.0,l1,0p5,3.0,30.0,0.0,12.0,0.7096064814814815,0.9571047008547008,0.3931940499587558,0.9429751416883768,0.5111111111111111,0.9111111111111112,0.5,0.6666666666666666,0.0,0.3333333333333333,1.0,1.0
external_test,gold5_repeated,smc_acr_high_grade_l1_0p50mpp_20x_uni2_clamsb_cv5val_s21,acr_high,5,gold_only,all_stains,20x,0p50,wsi_he,,15,15,5,10,0.74,,0.6301587301587301,,0.2,,1.0,,0.6,,0.7333333333333333,0.5,cv5val,21,results/gse290577_external/gold5_repeated/worker_b/all_external_summary.csv,5.0,l1,0p5,1.0,10.0,0.0,4.0,0.44,0.9834999999999992,0.2261904761904761,0.9724999999999984,0.4666666666666667,0.9333333333333332,0.5,0.8333333333333333,0.0,0.6666666666666666,1.0,1.0
external_test,gold5_repeated,smc_acr_high_grade_l1_0p50mpp_20x_uni2_clamsb_cv5val_s21,acr_high,5,gold_only,all_stains,20x,0p50,wsi_ihc,,15,45,15,30,0.8311111111111111,,0.6916867839448484,,0.0666666666666666,,1.0,,0.5333333333333333,,0.6888888888888889,0.5,cv5val,21,results/gse290577_external/gold5_repeated/worker_b/all_external_summary.csv,5.0,l1,0p5,1.0,30.0,0.0,14.0,0.6362654320987654,0.9670781893004116,0.3660948966574934,0.9549068358035432,0.4444444444444444,0.8888888888888888,0.5,0.6111111111111112,0.0,0.2222222222222222,1.0,1.0
external_test,gold5_repeated,smc_acr_high_grade_l1_0p50mpp_20x_uni2_clamsb_cv5val_s31,acr_high,5,gold_only,all_stains,20x,0p50,wsi_he,,15,15,5,10,0.8600000000000001,,0.6595238095238095,,0.0,,1.0,,0.5,,0.6666666666666666,0.5,cv5val,31,results/gse290577_external/gold5_repeated/worker_b/all_external_summary.csv,5.0,l1,0p5,0.0,10.0,0.0,5.0,0.6296296296296297,1.0,0.3509102182539682,1.0,0.4,0.8666666666666667,0.5,0.5,0.0,0.0,1.0,1.0
external_test,gold5_repeated,smc_acr_high_grade_l1_0p50mpp_20x_uni2_clamsb_cv5val_s31,acr_high,5,gold_only,all_stains,20x,0p50,wsi_ihc,,15,45,15,30,0.9244444444444444,,0.8741785258164568,,0.1333333333333333,,1.0,,0.5666666666666667,,0.7111111111111111,0.5,cv5val,31,results/gse290577_external/gold5_repeated/worker_b/all_external_summary.csv,5.0,l1,0p5,2.0,30.0,0.0,13.0,0.7686431623931623,1.0,0.5292286170556962,1.0,0.4888888888888889,0.9111111111111112,0.5,0.6666666666666666,0.0,0.3333333333333333,1.0,1.0
external_test,gold5_repeated,smc_acr_high_grade_l1_0p50mpp_20x_uni2_clamsb_cv5val_s41,acr_high,5,gold_only,all_stains,20x,0p50,wsi_he,,15,15,5,10,0.64,,0.4351948051948052,,0.0,,0.9,,0.45,,0.6,0.5,cv5val,41,results/gse290577_external/gold5_repeated/worker_b/all_external_summary.csv,5.0,l1,0p5,0.0,9.0,1.0,5.0,0.3333333333333333,0.9166666666666666,0.1964285714285714,0.8611111111111112,0.3333333333333333,0.8666666666666667,0.3333333333333333,0.5,0.0,0.0,0.6666666666666666,1.0
external_test,gold5_repeated,smc_acr_high_grade_l1_0p50mpp_20x_uni2_clamsb_cv5val_s41,acr_high,5,gold_only,all_stains,20x,0p50,wsi_ihc,,15,45,15,30,0.7288888888888889,,0.5972172433041998,,0.0,,1.0,,0.5,,0.6666666666666666,0.5,cv5val,41,results/gse290577_external/gold5_repeated/worker_b/all_external_summary.csv,5.0,l1,0p5,0.0,30.0,0.0,15.0,0.5048868312757202,0.9285714285714286,0.21347786814516,0.917820485213896,0.4,0.8666666666666667,0.5,0.5,0.0,0.0,1.0,1.0
external_test,all_internal_experiments,smc_acr_high_grade_l2_1p00mpp_10x_uni2_clamsb_cv3val_s1,acr_high,3,gold_only,all_stains,10x,1p00,wsi_he,,15,15,5,10,0.74,,0.5444444444444444,,0.0,,1.0,,0.5,,0.6666666666666666,0.5,cv3val,1,results/gse290577_external/all_internal_experiments/all_external_summary.csv,3.0,l2,1,0.0,10.0,0.0,5.0,0.4444444444444444,0.98,0.25,0.976190476190476,0.4,0.8666666666666667,0.5,0.5,0.0,0.0,1.0,1.0
external_test,all_internal_experiments,smc_acr_high_grade_l2_1p00mpp_10x_uni2_clamsb_cv3val_s1,acr_high,3,gold_only,all_stains,10x,1p00,wsi_ihc,,15,45,15,30,0.6511111111111111,,0.5331591304641177,,0.0,,1.0,,0.5,,0.6666666666666666,0.5,cv3val,1,results/gse290577_external/all_internal_experiments/all_external_summary.csv,3.0,l2,1,0.0,30.0,0.0,15.0,0.4662312610229277,0.8385802469135802,0.1715664363106818,0.7996207513728013,0.4,0.8666666666666667,0.5,0.5,0.0,0.0,1.0,1.0
external_test,all_internal_experiments,smc_acr_high_grade_l2_1p00mpp_10x_uni2_clamsb_cv3val_weakunique3_s1,acr_high,3,gold+weak,all_stains,10x,1p00,wsi_he,,15,15,5,10,1.0,,1.0,,0.4,,1.0,,0.7,,0.8,0.5,cv3val_weakunique3,1,results/gse290577_external/all_internal_experiments/all_external_summary.csv,3.0,l2,1,2.0,10.0,0.0,3.0,1.0,1.0,1.0,1.0,0.6,1.0,0.5,1.0,0.0,1.0,1.0,1.0
external_test,all_internal_experiments,smc_acr_high_grade_l2_1p00mpp_10x_uni2_clamsb_cv3val_weakunique3_s1,acr_high,3,gold+weak,all_stains,10x,1p00,wsi_ihc,,15,45,15,30,0.8377777777777777,,0.6839114725430515,,0.0,,1.0,,0.5,,0.6666666666666666,0.5,cv3val_weakunique3,1,results/gse290577_external/all_internal_experiments/all_external_summary.csv,3.0,l2,1,0.0,30.0,0.0,15.0,0.6766203703703704,0.9598765432098764,0.2884911616161616,0.936747314517505,0.4,0.8666666666666667,0.5,0.5,0.0,0.0,1.0,1.0
external_test,gold5_repeated,smc_acr_high_grade_l2_1p00mpp_10x_uni2_clamsb_cv5val_s1,acr_high,5,gold_only,all_stains,10x,1p00,wsi_he,,15,15,5,10,0.46,,0.3402564102564102,,0.0,,1.0,,0.5,,0.6666666666666666,0.5,cv5val,1,results/gse290577_external/gold5_repeated/worker_b/all_external_summary.csv,5.0,l2,1,0.0,10.0,0.0,5.0,0.1666666666666666,0.7777777777777778,0.1528125,0.7287962962962963,0.4,0.8666666666666667,0.5,0.5,0.0,0.0,1.0,1.0
external_test,gold5_repeated,smc_acr_high_grade_l2_1p00mpp_10x_uni2_clamsb_cv5val_s1,acr_high,5,gold_only,all_stains,10x,1p00,wsi_ihc,,15,45,15,30,0.5711111111111111,,0.4125950714410199,,0.0,,1.0,,0.5,,0.6666666666666666,0.5,cv5val,1,results/gse290577_external/gold5_repeated/worker_b/all_external_summary.csv,5.0,l2,1,0.0,30.0,0.0,15.0,0.3227623456790123,0.7883487654320988,0.1376087592216624,0.7295508517325987,0.4,0.8666666666666667,0.5,0.5,0.0,0.0,1.0,1.0
external_test,gold5_repeated,smc_acr_high_grade_l2_1p00mpp_10x_uni2_clamsb_cv5val_s11,acr_high,5,gold_only,all_stains,10x,1p00,wsi_he,,15,15,5,10,0.5800000000000001,,0.4246031746031745,,0.0,,1.0,,0.5,,0.6666666666666666,0.5,cv5val,11,results/gse290577_external/gold5_repeated/worker_b/all_external_summary.csv,5.0,l2,1,0.0,10.0,0.0,5.0,0.2689903846153846,0.8849213286713286,0.1790608465608466,0.8481287202380952,0.4,0.8666666666666667,0.5,0.5,0.0,0.0,1.0,1.0
external_test,gold5_repeated,smc_acr_high_grade_l2_1p00mpp_10x_uni2_clamsb_cv5val_s11,acr_high,5,gold_only,all_stains,10x,1p00,wsi_ihc,,15,45,15,30,0.6,,0.4639867097834556,,0.0,,1.0,,0.5,,0.6666666666666666,0.5,cv5val,11,results/gse290577_external/gold5_repeated/worker_b/all_external_summary.csv,5.0,l2,1,0.0,30.0,0.0,15.0,0.3736666666666666,0.8088888888888889,0.1496995091896407,0.7641821008865953,0.4,0.8666666666666667,0.5,0.5,0.0,0.0,1.0,1.0
external_test,gold5_repeated,smc_acr_high_grade_l2_1p00mpp_10x_uni2_clamsb_cv5val_s21,acr_high,5,gold_only,all_stains,10x,1p00,wsi_he,,15,15,5,10,0.8400000000000001,,0.6295238095238095,,0.0,,0.9,,0.45,,0.6,0.5,cv5val,21,results/gse290577_external/gold5_repeated/worker_b/all_external_summary.csv,5.0,l2,1,0.0,9.0,1.0,5.0,0.5987037037037037,1.0,0.325,1.0,0.3333333333333333,0.8666666666666667,0.3333333333333333,0.5,0.0,0.0,0.6666666666666666,1.0
external_test,gold5_repeated,smc_acr_high_grade_l2_1p00mpp_10x_uni2_clamsb_cv5val_s21,acr_high,5,gold_only,all_stains,10x,1p00,wsi_ihc,,15,45,15,30,0.8177777777777777,,0.6924036883533451,,0.0666666666666666,,1.0,,0.5333333333333333,,0.6888888888888889,0.5,cv5val,21,results/gse290577_external/gold5_repeated/worker_b/all_external_summary.csv,5.0,l2,1,1.0,30.0,0.0,14.0,0.6135833333333334,0.966087962962963,0.2691662203680393,0.9419532650567644,0.4444444444444444,0.8888888888888888,0.5,0.6111111111111112,0.0,0.2222222222222222,1.0,1.0
external_test,gold5_repeated,smc_acr_high_grade_l2_1p00mpp_10x_uni2_clamsb_cv5val_s31,acr_high,5,gold_only,all_stains,10x,1p00,wsi_he,,15,15,5,10,0.64,,0.5547979797979798,,0.0,,1.0,,0.5,,0.6666666666666666,0.5,cv5val,31,results/gse290577_external/gold5_repeated/worker_b/all_external_summary.csv,5.0,l2,1,0.0,10.0,0.0,5.0,0.313568376068376,0.91725,0.199256993006993,0.9051328012265512,0.4,0.8666666666666667,0.5,0.5,0.0,0.0,1.0,1.0
external_test,gold5_repeated,smc_acr_high_grade_l2_1p00mpp_10x_uni2_clamsb_cv5val_s31,acr_high,5,gold_only,all_stains,10x,1p00,wsi_ihc,,15,45,15,30,0.768888888888889,,0.596459130907598,,0.0,,1.0,,0.5,,0.6666666666666666,0.5,cv5val,31,results/gse290577_external/gold5_repeated/worker_b/all_external_summary.csv,5.0,l2,1,0.0,30.0,0.0,15.0,0.5708194444444444,0.931283950617284,0.2128998316498316,0.8904246972196583,0.4,0.8666666666666667,0.5,0.5,0.0,0.0,1.0,1.0
external_test,gold5_repeated,smc_acr_high_grade_l2_1p00mpp_10x_uni2_clamsb_cv5val_s41,acr_high,5,gold_only,all_stains,10x,1p00,wsi_he,,15,15,5,10,0.56,,0.3805555555555555,,0.0,,1.0,,0.5,,0.6666666666666666,0.5,cv5val,41,results/gse290577_external/gold5_repeated/worker_b/all_external_summary.csv,5.0,l2,1,0.0,10.0,0.0,5.0,0.2592592592592592,0.86,0.1736111111111111,0.7871148758648758,0.4,0.8666666666666667,0.5,0.5,0.0,0.0,1.0,1.0
external_test,gold5_repeated,smc_acr_high_grade_l2_1p00mpp_10x_uni2_clamsb_cv5val_s41,acr_high,5,gold_only,all_stains,10x,1p00,wsi_ihc,,15,45,15,30,0.4488888888888889,,0.3817889944570728,,0.0,,1.0,,0.5,,0.6666666666666666,0.5,cv5val,41,results/gse290577_external/gold5_repeated/worker_b/all_external_summary.csv,5.0,l2,1,0.0,30.0,0.0,15.0,0.1538461538461538,0.7613168724279835,0.1036451985255215,0.7224901567359694,0.4,0.8666666666666667,0.5,0.5,0.0,0.0,1.0,1.0
external_test,all_internal_experiments,smc_acr_high_grade_l3_2p00mpp_5x_uni2_clamsb_cv3val_s1,acr_high,3,gold_only,all_stains,5x,2p00,wsi_he,,15,15,5,10,0.9,,0.71,,0.0,,1.0,,0.5,,0.6666666666666666,0.5,cv3val,1,results/gse290577_external/all_internal_experiments/all_external_summary.csv,3.0,l3,2,0.0,10.0,0.0,5.0,0.6666666666666667,1.0,0.4120476190476191,1.0,0.4,0.8666666666666667,0.5,0.5,0.0,0.0,1.0,1.0
external_test,all_internal_experiments,smc_acr_high_grade_l3_2p00mpp_5x_uni2_clamsb_cv3val_s1,acr_high,3,gold_only,all_stains,5x,2p00,wsi_ihc,,15,45,15,30,0.7422222222222223,,0.5121772024558402,,0.0,,1.0,,0.5,,0.6666666666666666,0.5,cv3val,1,results/gse290577_external/all_internal_experiments/all_external_summary.csv,3.0,l3,2,0.0,30.0,0.0,15.0,0.5123456790123457,0.920111111111111,0.2160318524771302,0.8877223330997496,0.4,0.8666666666666667,0.5,0.5,0.0,0.0,1.0,1.0
external_test,all_internal_experiments,smc_acr_high_grade_l3_2p00mpp_5x_uni2_clamsb_cv3val_weakunique3_s1,acr_high,3,gold+weak,all_stains,5x,2p00,wsi_he,,15,15,5,10,0.8599999999999999,,0.7416666666666667,,0.2,,1.0,,0.6,,0.7333333333333333,0.5,cv3val_weakunique3,1,results/gse290577_external/all_internal_experiments/all_external_summary.csv,3.0,l3,2,1.0,10.0,0.0,4.0,0.6296296296296297,1.0,0.3333333333333333,1.0,0.4666666666666667,0.9333333333333332,0.5,0.8333333333333333,0.0,0.6666666666666666,1.0,1.0
external_test,all_internal_experiments,smc_acr_high_grade_l3_2p00mpp_5x_uni2_clamsb_cv3val_weakunique3_s1,acr_high,3,gold+weak,all_stains,5x,2p00,wsi_ihc,,15,45,15,30,0.8244444444444444,,0.6734382910584245,,0.0,,1.0,,0.5,,0.6666666666666666,0.5,cv3val_weakunique3,1,results/gse290577_external/all_internal_experiments/all_external_summary.csv,3.0,l3,2,0.0,30.0,0.0,15.0,0.6420128205128205,0.9732510288065844,0.3073586048454469,0.9622547108512024,0.4,0.8666666666666667,0.5,0.5,0.0,0.0,1.0,1.0
external_test,gold5_repeated,smc_acr_high_grade_l3_2p00mpp_5x_uni2_clamsb_cv5val_s1,acr_high,5,gold_only,all_stains,5x,2p00,wsi_he,,15,15,5,10,0.8400000000000001,,0.6961904761904762,,0.0,,1.0,,0.5,,0.6666666666666666,0.5,cv5val,1,results/gse290577_external/gold5_repeated/worker_b/all_external_summary.csv,5.0,l3,2,0.0,10.0,0.0,5.0,0.5833333333333333,1.0,0.3206349206349206,1.0,0.4,0.8666666666666667,0.5,0.5,0.0,0.0,1.0,1.0
external_test,gold5_repeated,smc_acr_high_grade_l3_2p00mpp_5x_uni2_clamsb_cv5val_s1,acr_high,5,gold_only,all_stains,5x,2p00,wsi_ihc,,15,45,15,30,0.7177777777777777,,0.5351486458349204,,0.0,,1.0,,0.5,,0.6666666666666666,0.5,cv5val,1,results/gse290577_external/gold5_repeated/worker_b/all_external_summary.csv,5.0,l3,2,0.0,30.0,0.0,15.0,0.518,0.9066805555555556,0.1923554743867244,0.871837858790642,0.4,0.8666666666666667,0.5,0.5,0.0,0.0,1.0,1.0
external_test,gold5_repeated,smc_acr_high_grade_l3_2p00mpp_5x_uni2_clamsb_cv5val_s11,acr_high,5,gold_only,all_stains,5x,2p00,wsi_he,,15,15,5,10,0.86,,0.6683333333333333,,0.0,,1.0,,0.5,,0.6666666666666666,0.5,cv5val,11,results/gse290577_external/gold5_repeated/worker_b/all_external_summary.csv,5.0,l3,2,0.0,10.0,0.0,5.0,0.6136363636363636,1.0,0.3402083333333333,1.0,0.4,0.8666666666666667,0.5,0.5,0.0,0.0,1.0,1.0
external_test,gold5_repeated,smc_acr_high_grade_l3_2p00mpp_5x_uni2_clamsb_cv5val_s11,acr_high,5,gold_only,all_stains,5x,2p00,wsi_ihc,,15,45,15,30,0.6822222222222223,,0.4719702231477594,,0.0,,1.0,,0.5,,0.6666666666666666,0.5,cv5val,11,results/gse290577_external/gold5_repeated/worker_b/all_external_summary.csv,5.0,l3,2,0.0,30.0,0.0,15.0,0.4199567901234567,0.886904761904762,0.1960368068234447,0.8565385162323266,0.4,0.8666666666666667,0.5,0.5,0.0,0.0,1.0,1.0
external_test,gold5_repeated,smc_acr_high_grade_l3_2p00mpp_5x_uni2_clamsb_cv5val_s21,acr_high,5,gold_only,all_stains,5x,2p00,wsi_he,,15,15,5,10,0.9,,0.7861904761904761,,0.0,,1.0,,0.5,,0.6666666666666666,0.5,cv5val,21,results/gse290577_external/gold5_repeated/worker_b/all_external_summary.csv,5.0,l3,2,0.0,10.0,0.0,5.0,0.6851851851851852,1.0,0.4166666666666666,1.0,0.4,0.8666666666666667,0.5,0.5,0.0,0.0,1.0,1.0
external_test,gold5_repeated,smc_acr_high_grade_l3_2p00mpp_5x_uni2_clamsb_cv5val_s21,acr_high,5,gold_only,all_stains,5x,2p00,wsi_ihc,,15,45,15,30,0.7977777777777777,,0.667871879768478,,0.0,,1.0,,0.5,,0.6666666666666666,0.5,cv5val,21,results/gse290577_external/gold5_repeated/worker_b/all_external_summary.csv,5.0,l3,2,0.0,30.0,0.0,15.0,0.590625,0.962962962962963,0.2381758022679075,0.9351576949738716,0.4,0.8666666666666667,0.5,0.5,0.0,0.0,1.0,1.0
external_test,gold5_repeated,smc_acr_high_grade_l3_2p00mpp_5x_uni2_clamsb_cv5val_s31,acr_high,5,gold_only,all_stains,5x,2p00,wsi_he,,15,15,5,10,0.6000000000000001,,0.4347979797979798,,0.0,,1.0,,0.5,,0.6666666666666666,0.5,cv5val,31,results/gse290577_external/gold5_repeated/worker_b/all_external_summary.csv,5.0,l3,2,0.0,10.0,0.0,5.0,0.2727272727272727,0.8888888888888888,0.1736111111111111,0.847525027056277,0.4,0.8666666666666667,0.5,0.5,0.0,0.0,1.0,1.0
external_test,gold5_repeated,smc_acr_high_grade_l3_2p00mpp_5x_uni2_clamsb_cv5val_s31,acr_high,5,gold_only,all_stains,5x,2p00,wsi_ihc,,15,45,15,30,0.7177777777777777,,0.6280640116551541,,0.0,,1.0,,0.5,,0.6666666666666666,0.5,cv5val,31,results/gse290577_external/gold5_repeated/worker_b/all_external_summary.csv,5.0,l3,2,0.0,30.0,0.0,15.0,0.4140432098765432,0.9382716049382716,0.2991452991452992,0.9074781746031746,0.4,0.8666666666666667,0.5,0.5,0.0,0.0,1.0,1.0
external_test,gold5_repeated,smc_acr_high_grade_l3_2p00mpp_5x_uni2_clamsb_cv5val_s41,acr_high,5,gold_only,all_stains,5x,2p00,wsi_he,,15,15,5,10,0.7,,0.519047619047619,,0.0,,1.0,,0.5,,0.6666666666666666,0.5,cv5val,41,results/gse290577_external/gold5_repeated/worker_b/all_external_summary.csv,5.0,l3,2,0.0,10.0,0.0,5.0,0.379125,0.9464285714285714,0.2080387205387205,0.9447916666666666,0.4,0.8666666666666667,0.5,0.5,0.0,0.0,1.0,1.0
external_test,gold5_repeated,smc_acr_high_grade_l3_2p00mpp_5x_uni2_clamsb_cv5val_s41,acr_high,5,gold_only,all_stains,5x,2p00,wsi_ihc,,15,45,15,30,0.7333333333333333,,0.5856046139537601,,0.0,,1.0,,0.5,,0.6666666666666666,0.5,cv5val,41,results/gse290577_external/gold5_repeated/worker_b/all_external_summary.csv,5.0,l3,2,0.0,30.0,0.0,15.0,0.436574074074074,0.9670781893004116,0.2109976893059045,0.9571937706009556,0.4,0.8666666666666667,0.5,0.5,0.0,0.0,1.0,1.0
external_test,weakunique3,amr_positive_0p25mpp,amr_positive,,,,,,core,,61,187,70,117,0.5128205128205128,,0.3780627539268928,,0.6142857142857143,,0.4102564102564102,,,,,,,,results/gse290577_external/weakunique3/combined_external_summary.csv,,,,43.0,48.0,69.0,27.0,0.4188861259880059,0.6033920444645421,0.2819650149548498,0.5084064724401439,,,,,,,,
external_test,weakunique3,amr_positive_0p25mpp,amr_positive,,,,,,wsi_he,,10,10,5,5,0.72,,0.7892857142857141,,0.2,,1.0,,,,,,,,results/gse290577_external/weakunique3/combined_external_summary.csv,,,,1.0,5.0,0.0,4.0,0.290922619047619,1.0,0.364781746031746,1.0,,,,,,,,
external_test,weakunique3,amr_positive_0p5mpp,amr_positive,,,,,,wsi_he,,10,10,5,5,0.36,,0.5634920634920635,,0.8,,0.2,,,,,,,,results/gse290577_external/weakunique3/combined_external_summary.csv,,,,4.0,1.0,4.0,1.0,0.0,0.7916666666666666,0.1736111111111111,0.892883597883598,,,,,,,,
external_test,weakunique3,amr_positive_1mpp,amr_positive,,,,,,wsi_he,,10,10,5,5,0.6,,0.6592857142857143,,0.0,,1.0,,,,,,,,results/gse290577_external/weakunique3/combined_external_summary.csv,,,,0.0,5.0,0.0,5.0,0.1428571428571428,1.0,0.2618452380952381,1.0,,,,,,,,
external_test,weakunique3,amr_positive_2mpp,amr_positive,,,,,,wsi_he,,10,10,5,5,0.6,,0.6592857142857143,,0.2,,1.0,,,,,,,,results/gse290577_external/weakunique3/combined_external_summary.csv,,,,1.0,5.0,0.0,4.0,0.1428571428571428,1.0,0.2666666666666666,1.0,,,,,,,,
external_test,all_internal_experiments,smc_amr_positive_l0_0p25mpp_40x_uni2_clamsb_cv3val_s1,amr_positive,3,gold_only,all_stains,40x,0p25,core,,61,187,70,117,0.5474969474969474,,0.4236584625470029,,0.6285714285714286,,0.4615384615384615,,0.5450549450549451,,0.5240641711229946,0.5,cv3val,1,results/gse290577_external/all_internal_experiments/all_external_summary.csv,3.0,l0,0p25,44.0,54.0,63.0,26.0,0.448144103371376,0.6419335313488681,0.3020839127100371,0.577717416539413,0.4378378378378378,0.6054131274131274,0.458752147766323,0.6239942185007974,0.4915254237288136,0.75,0.3616685834770941,0.5588293191292265
external_test,all_internal_experiments,smc_amr_positive_l0_0p25mpp_40x_uni2_clamsb_cv3val_s1,amr_positive,3,gold_only,all_stains,40x,0p25,wsi_he,,10,10,5,5,0.6000000000000001,,0.5977777777777777,,0.4,,0.8,,0.6000000000000001,,0.6,0.5,cv3val,1,results/gse290577_external/all_internal_experiments/all_external_summary.csv,3.0,l0,0p25,2.0,4.0,1.0,3.0,0.1658333333333333,1.0,0.2777777777777778,1.0,0.3,0.9,0.3,0.8902777777777777,0.0,1.0,0.3333333333333333,1.0
external_test,all_internal_experiments,smc_amr_positive_l0_0p25mpp_40x_uni2_clamsb_cv3val_s1,amr_positive,3,gold_only,all_stains,40x,0p25,wsi_ihc,,10,30,15,15,0.6933333333333334,,0.7528768506686127,,0.6,,0.8666666666666667,,0.7333333333333334,,0.7333333333333333,0.5,cv3val,1,results/gse290577_external/all_internal_experiments/all_external_summary.csv,3.0,l0,0p25,9.0,13.0,2.0,6.0,0.3461574074074074,0.962962962962963,0.3037110699382504,0.9708020989505246,0.4666666666666667,0.9666666666666668,0.4603174603174603,0.9583333333333331,0.0,1.0,0.6666666666666666,1.0
external_test,all_internal_experiments,smc_amr_positive_l0_0p25mpp_40x_uni2_clamsb_cv3val_weakunique3_he_only_s1,amr_positive,3,gold+weak,he_only,40x,0p25,core,,61,187,70,117,0.541025641025641,,0.4551456650701548,,0.9571428571428572,,0.0854700854700854,,0.5213064713064713,,0.4117647058823529,0.5,cv3val_weakunique3_he_only,1,results/gse290577_external/all_internal_experiments/all_external_summary.csv,3.0,l0,0p25,67.0,10.0,107.0,3.0,0.4577227361246349,0.6245472452201682,0.3492618358259374,0.5771483540836959,0.3208505289467566,0.5048645886561062,0.4901532103667155,0.5528873199819982,0.9090909090909092,1.0,0.0390568112864077,0.140495867768595
external_test,all_internal_experiments,smc_amr_positive_l0_0p25mpp_40x_uni2_clamsb_cv3val_weakunique3_he_only_s1,amr_positive,3,gold+weak,he_only,40x,0p25,wsi_he,,10,10,5,5,0.48,,0.5311111111111111,,0.6,,0.2,,0.4,,0.4,0.5,cv3val_weakunique3_he_only,1,results/gse290577_external/all_internal_experiments/all_external_summary.csv,3.0,l0,0p25,3.0,1.0,4.0,2.0,0.0952380952380952,0.888888888888889,0.2407407407407407,0.9509126984126984,0.1,0.7,0.1,0.7,0.0,1.0,0.0,0.6666666666666666
external_test,all_internal_experiments,smc_amr_positive_l0_0p25mpp_40x_uni2_clamsb_cv3val_weakunique3_he_only_s1,amr_positive,3,gold+weak,he_only,40x,0p25,wsi_ihc,,10,30,15,15,0.3377777777777778,,0.4206248516339794,,0.0,,1.0,,0.5,,0.5,0.5,cv3val_weakunique3_he_only,1,results/gse290577_external/all_internal_experiments/all_external_summary.csv,3.0,l0,0p25,0.0,15.0,0.0,15.0,0.0533333333333333,0.6774691358024691,0.1639632672859316,0.8255258606160157,0.2,0.8,0.5,0.5,0.0,0.0,1.0,1.0
external_test,all_internal_experiments,smc_amr_positive_l0_0p25mpp_40x_uni2_clamsb_cv3val_weakunique3_ihc_only_s1,amr_positive,3,gold+weak,ihc_only,40x,0p25,core,,61,187,70,117,0.578998778998779,,0.4071401754003002,,0.9857142857142858,,0.0683760683760683,,0.5270451770451771,,0.4117647058823529,0.5,cv3val_weakunique3_ihc_only,1,results/gse290577_external/all_internal_experiments/all_external_summary.csv,3.0,l0,0p25,69.0,8.0,109.0,1.0,0.4835710388449237,0.6743497058797512,0.3026565722269572,0.55444937767754,0.315481145597883,0.5130960047036425,0.4979885730368703,0.5575263784887678,0.9516129032258064,1.0,0.0186872620283835,0.1261261261261261
external_test,all_internal_experiments,smc_amr_positive_l0_0p25mpp_40x_uni2_clamsb_cv3val_weakunique3_ihc_only_s1,amr_positive,3,gold+weak,ihc_only,40x,0p25,wsi_he,,10,10,5,5,0.44,,0.5911111111111111,,1.0,,0.0,,0.5,,0.5,0.5,cv3val_weakunique3_ihc_only,1,results/gse290577_external/all_internal_experiments/all_external_summary.csv,3.0,l0,0p25,5.0,0.0,5.0,0.0,0.0,0.8571428571428572,0.2,0.9444444444444444,0.2,0.8,0.5,0.5,1.0,1.0,0.0,0.0
external_test,all_internal_experiments,smc_amr_positive_l0_0p25mpp_40x_uni2_clamsb_cv3val_weakunique3_ihc_only_s1,amr_positive,3,gold+weak,ihc_only,40x,0p25,wsi_ihc,,10,30,15,15,0.7822222222222222,,0.8539110587874441,,0.8666666666666667,,0.3333333333333333,,0.6,,0.6,0.5,cv3val_weakunique3_ihc_only,1,results/gse290577_external/all_internal_experiments/all_external_summary.csv,3.0,l0,0p25,13.0,5.0,10.0,2.0,0.4931746031746032,0.9911111111111112,0.5500551994301994,0.9895537454747984,0.3666666666666666,0.8333333333333334,0.4333333333333333,0.8001984126984127,0.6666666666666666,1.0,0.0,0.6697916666666686
external_test,all_internal_experiments,smc_amr_positive_l0_0p25mpp_40x_uni2_clamsb_cv3val_weakunique3_mixed_known_s1,amr_positive,3,gold+weak,mixed_known,40x,0p25,core,,61,187,70,117,0.5376068376068377,,0.389477368378443,,0.7,,0.4017094017094017,,0.5508547008547009,,0.5133689839572193,0.5,cv3val_weakunique3_mixed_known,1,results/gse290577_external/all_internal_experiments/all_external_summary.csv,3.0,l0,0p25,49.0,47.0,70.0,21.0,0.443395498794633,0.6404368595333175,0.2848594287440165,0.5337760829940272,0.4285536602700782,0.6000280898876402,0.4716698093407565,0.6334296733181113,0.5774647887323944,0.8194583333333332,0.3125,0.4961832061068702
external_test,all_internal_experiments,smc_amr_positive_l0_0p25mpp_40x_uni2_clamsb_cv3val_weakunique3_mixed_known_s1,amr_positive,3,gold+weak,mixed_known,40x,0p25,wsi_he,,10,10,5,5,0.6,,0.7253968253968255,,0.2,,1.0,,0.6,,0.6,0.5,cv3val_weakunique3_mixed_known,1,results/gse290577_external/all_internal_experiments/all_external_summary.csv,3.0,l0,0p25,1.0,5.0,0.0,4.0,0.1666666666666666,1.0,0.250734126984127,1.0,0.3,0.9,0.5,0.8333333333333333,0.0,0.6666666666666666,1.0,1.0
external_test,all_internal_experiments,smc_amr_positive_l0_0p25mpp_40x_uni2_clamsb_cv3val_weakunique3_mixed_known_s1,amr_positive,3,gold+weak,mixed_known,40x,0p25,wsi_ihc,,10,30,15,15,0.7422222222222221,,0.8045981313372617,,0.6,,0.8,,0.7,,0.7,0.5,cv3val_weakunique3_mixed_known,1,results/gse290577_external/all_internal_experiments/all_external_summary.csv,3.0,l0,0p25,9.0,12.0,3.0,6.0,0.4444444444444445,0.9788359788359788,0.423627579035794,0.9815310846560849,0.4333333333333333,0.9333333333333332,0.4305555555555556,0.9444444444444444,0.0,1.0,0.5333333333333333,1.0
external_test,all_internal_experiments,smc_amr_positive_l0_0p25mpp_40x_uni2_clamsb_cv3val_weakunique3_non_he_s1,amr_positive,3,gold+weak,non_he,40x,0p25,core,,61,187,70,117,0.5584859584859584,,0.4398698318309015,,0.0,,1.0,,0.5,,0.6256684491978609,0.5,cv3val_weakunique3_non_he,1,results/gse290577_external/all_internal_experiments/all_external_summary.csv,3.0,l0,0p25,0.0,117.0,0.0,70.0,0.4524772852442755,0.665606573143634,0.3191126216915223,0.5950736972088987,0.5240578049401579,0.7245204081632651,0.5,0.5,0.0,0.0,1.0,1.0
external_test,all_internal_experiments,smc_amr_positive_l0_0p25mpp_40x_uni2_clamsb_cv3val_weakunique3_non_he_s1,amr_positive,3,gold+weak,non_he,40x,0p25,wsi_he,,10,10,5,5,0.44,,0.5142857142857142,,0.0,,1.0,,0.5,,0.5,0.5,cv3val_weakunique3_non_he,1,results/gse290577_external/all_internal_experiments/all_external_summary.csv,3.0,l0,0p25,0.0,5.0,0.0,5.0,0.0476190476190476,0.859375,0.2309523809523809,0.9350396825396826,0.2,0.8,0.5,0.5,0.0,0.0,1.0,1.0
external_test,all_internal_experiments,smc_amr_positive_l0_0p25mpp_40x_uni2_clamsb_cv3val_weakunique3_non_he_s1,amr_positive,3,gold+weak,non_he,40x,0p25,wsi_ihc,,10,30,15,15,0.7555555555555555,,0.811147741147741,,0.6666666666666666,,0.8,,0.7333333333333334,,0.7333333333333333,0.5,cv3val_weakunique3_non_he,1,results/gse290577_external/all_internal_experiments/all_external_summary.csv,3.0,l0,0p25,10.0,12.0,3.0,5.0,0.4619841269841269,0.9861111111111112,0.3827385366826156,0.988095238095238,0.5,0.9,0.5,0.9206349206349206,0.3297619047619049,1.0,0.5333333333333333,1.0
external_test,all_internal_experiments,smc_amr_positive_l0_0p25mpp_40x_uni2_clamsb_cv3val_weakunique3_s1,amr_positive,3,gold+weak,all_stains,40x,0p25,core,,61,187,70,117,0.5128205128205128,,0.3780627539268928,,0.6142857142857143,,0.4102564102564102,,0.5122710622710622,,0.4866310160427807,0.5,cv3val_weakunique3,1,results/gse290577_external/all_internal_experiments/all_external_summary.csv,3.0,l0,0p25,43.0,48.0,69.0,27.0,0.4188861259880059,0.6033920444645421,0.2819650149548498,0.5084064724401439,0.4157894736842105,0.5568181818181818,0.4380709300961764,0.5886434244430673,0.5068493150684932,0.7384615384615385,0.3157894736842105,0.5043497499038091
external_test,all_internal_experiments,smc_amr_positive_l0_0p25mpp_40x_uni2_clamsb_cv3val_weakunique3_s1,amr_positive,3,gold+weak,all_stains,40x,0p25,wsi_he,,10,10,5,5,0.72,,0.7892857142857141,,0.2,,1.0,,0.6,,0.6,0.5,cv3val_weakunique3,1,results/gse290577_external/all_internal_experiments/all_external_summary.csv,3.0,l0,0p25,1.0,5.0,0.0,4.0,0.290922619047619,1.0,0.364781746031746,1.0,0.3,0.9,0.5,0.8333333333333333,0.0,0.6666666666666666,1.0,1.0
external_test,all_internal_experiments,smc_amr_positive_l0_0p25mpp_40x_uni2_clamsb_cv3val_weakunique3_s1,amr_positive,3,gold+weak,all_stains,40x,0p25,wsi_ihc,,10,30,15,15,0.7377777777777778,,0.8153927996319301,,0.6,,0.8,,0.7,,0.7,0.5,cv3val_weakunique3,1,results/gse290577_external/all_internal_experiments/all_external_summary.csv,3.0,l0,0p25,9.0,12.0,3.0,6.0,0.3957986111111111,1.0,0.4301763926492187,1.0,0.4333333333333333,0.9333333333333332,0.4305555555555556,0.9444444444444444,0.0,1.0,0.5333333333333333,1.0
external_test,gold5_repeated,smc_amr_positive_l0_0p25mpp_40x_uni2_clamsb_cv5val_s1,amr_positive,5,gold_only,all_stains,40x,0p25,core,,61,187,70,117,0.5862026862026862,,0.4727713712727238,,0.6,,0.5042735042735043,,0.5521367521367522,,0.5401069518716578,0.5,cv5val,1,results/gse290577_external/gold5_repeated/worker_a/all_external_summary.csv,5.0,l0,0p25,42.0,59.0,58.0,28.0,0.488589202151574,0.675306340746064,0.3389414097009385,0.6270467045848043,0.4594313063063063,0.614132503862282,0.4682539682539682,0.6278049470141829,0.4696969696969697,0.7222222222222222,0.4047305764411028,0.6050420168067226
external_test,gold5_repeated,smc_amr_positive_l0_0p25mpp_40x_uni2_clamsb_cv5val_s1,amr_positive,5,gold_only,all_stains,40x,0p25,wsi_he,,10,10,5,5,0.8,,0.835,,0.2,,1.0,,0.6,,0.6,0.5,cv5val,1,results/gse290577_external/gold5_repeated/worker_a/all_external_summary.csv,5.0,l0,0p25,1.0,5.0,0.0,4.0,0.44,1.0,0.4429861111111112,1.0,0.3,0.9,0.5,0.8333333333333333,0.0,0.6666666666666666,1.0,1.0
external_test,gold5_repeated,smc_amr_positive_l0_0p25mpp_40x_uni2_clamsb_cv5val_s1,amr_positive,5,gold_only,all_stains,40x,0p25,wsi_ihc,,10,30,15,15,0.7422222222222222,,0.7765940913692774,,0.6,,0.7333333333333333,,0.6666666666666666,,0.6666666666666666,0.5,cv5val,1,results/gse290577_external/gold5_repeated/worker_a/all_external_summary.csv,5.0,l0,0p25,9.0,11.0,4.0,6.0,0.3883101851851852,1.0,0.338750934552565,1.0,0.4333333333333333,0.8666666666666667,0.4166666666666666,0.8959573412698412,0.2222222222222222,1.0,0.3333333333333333,1.0
external_test,gold5_repeated,smc_amr_positive_l0_0p25mpp_40x_uni2_clamsb_cv5val_s11,amr_positive,5,gold_only,all_stains,40x,0p25,core,,61,187,70,117,0.5609279609279609,,0.445508516262403,,0.6571428571428571,,0.452991452991453,,0.5550671550671551,,0.5294117647058824,0.5,cv5val,11,results/gse290577_external/gold5_repeated/worker_a/all_external_summary.csv,5.0,l0,0p25,46.0,53.0,64.0,24.0,0.4594236785219022,0.6553215492860864,0.3141885151075793,0.5961513729671126,0.4491895053475936,0.6042810131045425,0.4738693142430544,0.6281162681580231,0.5352112676056338,0.775069444444444,0.3583333333333333,0.5425531914893617
external_test,gold5_repeated,smc_amr_positive_l0_0p25mpp_40x_uni2_clamsb_cv5val_s11,amr_positive,5,gold_only,all_stains,40x,0p25,wsi_he,,10,10,5,5,0.7200000000000001,,0.7544444444444445,,0.2,,0.8,,0.5,,0.5,0.5,cv5val,11,results/gse290577_external/gold5_repeated/worker_a/all_external_summary.csv,5.0,l0,0p25,1.0,4.0,1.0,4.0,0.2916666666666667,1.0,0.3602777777777778,1.0,0.2,0.8,0.238095238095238,0.75,0.0,0.6666666666666666,0.3333333333333333,1.0
external_test,gold5_repeated,smc_amr_positive_l0_0p25mpp_40x_uni2_clamsb_cv5val_s11,amr_positive,5,gold_only,all_stains,40x,0p25,wsi_ihc,,10,30,15,15,0.7466666666666667,,0.7882649050296109,,0.5333333333333333,,0.8,,0.6666666666666667,,0.6666666666666666,0.5,cv5val,11,results/gse290577_external/gold5_repeated/worker_a/all_external_summary.csv,5.0,l0,0p25,8.0,12.0,3.0,7.0,0.3978587962962963,0.9788359788359788,0.3943503289473685,0.9907407407407408,0.4,0.9,0.4166666666666667,0.9003472222222222,0.0,1.0,0.5333333333333333,1.0
external_test,gold5_repeated,smc_amr_positive_l0_0p25mpp_40x_uni2_clamsb_cv5val_s21,amr_positive,5,gold_only,all_stains,40x,0p25,core,,61,187,70,117,0.5317460317460317,,0.4022499728392704,,0.6,,0.4273504273504273,,0.5136752136752136,,0.4919786096256685,0.5,cv5val,21,results/gse290577_external/gold5_repeated/worker_a/all_external_summary.csv,5.0,l0,0p25,42.0,50.0,67.0,28.0,0.4363618630606771,0.6327229797373802,0.2831341239008785,0.55356915644008,0.4137885899981946,0.5721925133689839,0.4324532481412253,0.5947020503832591,0.46573749601784,0.7341821598101266,0.3284615813227837,0.5263397129186601
external_test,gold5_repeated,smc_amr_positive_l0_0p25mpp_40x_uni2_clamsb_cv5val_s21,amr_positive,5,gold_only,all_stains,40x,0p25,wsi_he,,10,10,5,5,0.56,,0.5976190476190476,,0.2,,0.8,,0.5,,0.5,0.5,cv5val,21,results/gse290577_external/gold5_repeated/worker_a/all_external_summary.csv,5.0,l0,0p25,1.0,4.0,1.0,4.0,0.1428571428571428,1.0,0.2777777777777778,1.0,0.2,0.8,0.238095238095238,0.75,0.0,0.6666666666666666,0.3333333333333333,1.0
external_test,gold5_repeated,smc_amr_positive_l0_0p25mpp_40x_uni2_clamsb_cv5val_s21,amr_positive,5,gold_only,all_stains,40x,0p25,wsi_ihc,,10,30,15,15,0.7244444444444444,,0.7878991450959414,,0.3333333333333333,,1.0,,0.6666666666666666,,0.6666666666666666,0.5,cv5val,21,results/gse290577_external/gold5_repeated/worker_a/all_external_summary.csv,5.0,l0,0p25,5.0,15.0,0.0,10.0,0.375,0.9693055555555556,0.4178154630060379,0.9813852813852816,0.4,0.9,0.5,0.8333333333333333,0.0,0.6666666666666666,1.0,1.0
external_test,gold5_repeated,smc_amr_positive_l0_0p25mpp_40x_uni2_clamsb_cv5val_s31,amr_positive,5,gold_only,all_stains,40x,0p25,core,,61,187,70,117,0.5713064713064713,,0.4197681254547612,,0.5857142857142857,,0.5384615384615384,,0.5620879120879121,,0.5561497326203209,0.5,cv5val,31,results/gse290577_external/gold5_repeated/worker_a/all_external_summary.csv,5.0,l0,0p25,41.0,63.0,54.0,29.0,0.4748481781376518,0.6665348731524157,0.3092533297654652,0.5660433411486646,0.4789360498019241,0.6310227646162578,0.4849994131455399,0.6392491487673783,0.4590115718418515,0.7083522727272726,0.4347621000820344,0.6379549808429118
external_test,gold5_repeated,smc_amr_positive_l0_0p25mpp_40x_uni2_clamsb_cv5val_s31,amr_positive,5,gold_only,all_stains,40x,0p25,wsi_he,,10,10,5,5,0.64,,0.6277777777777778,,0.0,,0.8,,0.4,,0.4,0.5,cv5val,31,results/gse290577_external/gold5_repeated/worker_a/all_external_summary.csv,5.0,l0,0p25,0.0,4.0,1.0,5.0,0.234375,1.0,0.3109920634920635,1.0,0.1,0.7,0.1666666666666666,0.5,0.0,0.0,0.3333333333333333,1.0
external_test,gold5_repeated,smc_amr_positive_l0_0p25mpp_40x_uni2_clamsb_cv5val_s31,amr_positive,5,gold_only,all_stains,40x,0p25,wsi_ihc,,10,30,15,15,0.7466666666666667,,0.7877472725949223,,0.4666666666666667,,0.8666666666666667,,0.6666666666666667,,0.6666666666666666,0.5,cv5val,31,results/gse290577_external/gold5_repeated/worker_a/all_external_summary.csv,5.0,l0,0p25,7.0,13.0,2.0,8.0,0.4195326278659612,0.9814814814814814,0.3385128828334452,0.9872931116287096,0.4,0.9,0.4444444444444444,0.9033564814814814,0.0,1.0,0.6666666666666666,1.0
external_test,gold5_repeated,smc_amr_positive_l0_0p25mpp_40x_uni2_clamsb_cv5val_s41,amr_positive,5,gold_only,all_stains,40x,0p25,core,,61,187,70,117,0.5774114774114774,,0.4407883202751137,,0.7,,0.3247863247863248,,0.5123931623931623,,0.46524064171123,0.5,cv5val,41,results/gse290577_external/gold5_repeated/worker_a/all_external_summary.csv,5.0,l0,0p25,49.0,38.0,79.0,21.0,0.4864034682536602,0.6659712956567376,0.3322274946039611,0.5761620558662474,0.390625,0.5371451367781155,0.4460549331719773,0.5776544436075456,0.5972110215053763,0.8,0.240375,0.4137931034482758
external_test,gold5_repeated,smc_amr_positive_l0_0p25mpp_40x_uni2_clamsb_cv5val_s41,amr_positive,5,gold_only,all_stains,40x,0p25,wsi_he,,10,10,5,5,0.56,,0.5976190476190476,,0.0,,0.8,,0.4,,0.4,0.5,cv5val,41,results/gse290577_external/gold5_repeated/worker_a/all_external_summary.csv,5.0,l0,0p25,0.0,4.0,1.0,5.0,0.1428571428571428,1.0,0.2666666666666666,1.0,0.1,0.7,0.1666666666666666,0.5,0.0,0.0,0.3333333333333333,1.0
external_test,gold5_repeated,smc_amr_positive_l0_0p25mpp_40x_uni2_clamsb_cv5val_s41,amr_positive,5,gold_only,all_stains,40x,0p25,wsi_ihc,,10,30,15,15,0.7822222222222223,,0.8461507936507936,,0.6,,1.0,,0.8,,0.8,0.5,cv5val,41,results/gse290577_external/gold5_repeated/worker_a/all_external_summary.csv,5.0,l0,0p25,9.0,15.0,0.0,6.0,0.4305555555555556,1.0,0.5141345278232381,1.0,0.5,1.0,0.5,1.0,0.0,1.0,1.0,1.0
external_test,all_internal_experiments,smc_amr_positive_l1_0p50mpp_20x_uni2_clamsb_cv3val_s1,amr_positive,3,gold_only,all_stains,20x,0p50,wsi_he,,10,10,5,5,0.7200000000000001,,0.7416666666666667,,1.0,,0.4,,0.7,,0.7,0.5,cv3val,1,results/gse290577_external/all_internal_experiments/all_external_summary.csv,3.0,l1,0p5,5.0,2.0,3.0,0.0,0.3333333333333333,1.0,0.3333333333333333,1.0,0.4,0.9,0.5,0.9285714285714286,1.0,1.0,0.0,0.8571428571428571
external_test,all_internal_experiments,smc_amr_positive_l1_0p50mpp_20x_uni2_clamsb_cv3val_s1,amr_positive,3,gold_only,all_stains,20x,0p50,wsi_ihc,,10,30,15,15,0.7377777777777778,,0.7302656213182529,,0.9333333333333332,,0.2666666666666666,,0.6,,0.6,0.5,cv3val,1,results/gse290577_external/all_internal_experiments/all_external_summary.csv,3.0,l1,0p5,14.0,4.0,11.0,1.0,0.3866666666666666,0.9722222222222222,0.3173000255312347,0.9894452637489324,0.3333333333333333,0.8333333333333334,0.4444444444444444,0.7708333333333333,0.7993750000000001,1.0,0.0,0.5714285714285714
external_test,all_internal_experiments,smc_amr_positive_l1_0p50mpp_20x_uni2_clamsb_cv3val_weakunique3_he_only_s1,amr_positive,3,gold+weak,he_only,20x,0p50,wsi_he,,10,10,5,5,0.48,,0.6857142857142857,,0.6,,0.2,,0.4,,0.4,0.5,cv3val_weakunique3_he_only,1,results/gse290577_external/all_internal_experiments/all_external_summary.csv,3.0,l1,0p5,3.0,1.0,4.0,2.0,0.0,1.0,0.2217361111111111,1.0,0.1,0.7,0.1,0.7,0.0,1.0,0.0,0.6666666666666666
external_test,all_internal_experiments,smc_amr_positive_l1_0p50mpp_20x_uni2_clamsb_cv3val_weakunique3_he_only_s1,amr_positive,3,gold+weak,he_only,20x,0p50,wsi_ihc,,10,30,15,15,0.4133333333333333,,0.5279909115000393,,0.0,,1.0,,0.5,,0.5,0.5,cv3val_weakunique3_he_only,1,results/gse290577_external/all_internal_experiments/all_external_summary.csv,3.0,l1,0p5,0.0,15.0,0.0,15.0,0.0,0.7991898148148149,0.186414072039072,0.8666048080072866,0.2,0.8,0.5,0.5,0.0,0.0,1.0,1.0
external_test,all_internal_experiments,smc_amr_positive_l1_0p50mpp_20x_uni2_clamsb_cv3val_weakunique3_ihc_only_s1,amr_positive,3,gold+weak,ihc_only,20x,0p50,wsi_he,,10,10,5,5,0.28,,0.4523809523809523,,1.0,,0.0,,0.5,,0.5,0.5,cv3val_weakunique3_ihc_only,1,results/gse290577_external/all_internal_experiments/all_external_summary.csv,3.0,l1,0p5,5.0,0.0,5.0,0.0,0.0,0.7083333333333334,0.1954464285714286,0.8633234126984128,0.2,0.8,0.5,0.5,1.0,1.0,0.0,0.0
external_test,all_internal_experiments,smc_amr_positive_l1_0p50mpp_20x_uni2_clamsb_cv3val_weakunique3_ihc_only_s1,amr_positive,3,gold+weak,ihc_only,20x,0p50,wsi_ihc,,10,30,15,15,0.64,,0.723211763632656,,1.0,,0.0,,0.5,,0.5,0.5,cv3val_weakunique3_ihc_only,1,results/gse290577_external/all_internal_experiments/all_external_summary.csv,3.0,l1,0p5,15.0,0.0,15.0,0.0,0.277199074074074,0.9583333333333331,0.2538760978300452,0.9642406492346186,0.2,0.8,0.5,0.5,1.0,1.0,0.0,0.0
external_test,all_internal_experiments,smc_amr_positive_l1_0p50mpp_20x_uni2_clamsb_cv3val_weakunique3_mixed_known_s1,amr_positive,3,gold+weak,mixed_known,20x,0p50,wsi_he,,10,10,5,5,0.72,,0.8253968253968254,,0.8,,0.2,,0.5,,0.5,0.5,cv3val_weakunique3_mixed_known,1,results/gse290577_external/all_internal_experiments/all_external_summary.csv,3.0,l1,0p5,4.0,1.0,4.0,1.0,0.2916666666666666,1.0,0.5163095238095238,1.0,0.2,0.8,0.238095238095238,0.7619047619047619,0.3981250000000001,1.0,0.0,0.6666666666666666
external_test,all_internal_experiments,smc_amr_positive_l1_0p50mpp_20x_uni2_clamsb_cv3val_weakunique3_mixed_known_s1,amr_positive,3,gold+weak,mixed_known,20x,0p50,wsi_ihc,,10,30,15,15,0.6755555555555556,,0.7569928512033774,,0.8666666666666667,,0.2,,0.5333333333333333,,0.5333333333333333,0.5,cv3val_weakunique3_mixed_known,1,results/gse290577_external/all_internal_experiments/all_external_summary.csv,3.0,l1,0p5,13.0,3.0,12.0,2.0,0.3954938271604938,0.9067592592592592,0.3817744535231747,0.9570814740651096,0.3,0.7666666666666667,0.4259259259259259,0.6333333333333333,0.6666666666666666,1.0,0.0,0.3333333333333333
external_test,all_internal_experiments,smc_amr_positive_l1_0p50mpp_20x_uni2_clamsb_cv3val_weakunique3_non_he_s1,amr_positive,3,gold+weak,non_he,20x,0p50,wsi_he,,10,10,5,5,0.52,,0.525952380952381,,0.0,,0.8,,0.4,,0.4,0.5,cv3val_weakunique3_non_he,1,results/gse290577_external/all_internal_experiments/all_external_summary.csv,3.0,l1,0p5,0.0,4.0,1.0,5.0,0.0,1.0,0.25,1.0,0.1,0.7,0.1666666666666666,0.5,0.0,0.0,0.3333333333333333,1.0
external_test,all_internal_experiments,smc_amr_positive_l1_0p50mpp_20x_uni2_clamsb_cv3val_weakunique3_non_he_s1,amr_positive,3,gold+weak,non_he,20x,0p50,wsi_ihc,,10,30,15,15,0.5377777777777777,,0.6359929682178558,,1.0,,0.0,,0.5,,0.5,0.5,cv3val_weakunique3_non_he,1,results/gse290577_external/all_internal_experiments/all_external_summary.csv,3.0,l1,0p5,15.0,0.0,15.0,0.0,0.1686111111111111,0.8844444444444445,0.2212186873468365,0.9267054828519024,0.2,0.8,0.5,0.5,1.0,1.0,0.0,0.0
external_test,all_internal_experiments,smc_amr_positive_l1_0p50mpp_20x_uni2_clamsb_cv3val_weakunique3_s1,amr_positive,3,gold+weak,all_stains,20x,0p50,wsi_he,,10,10,5,5,0.36,,0.5634920634920635,,0.8,,0.2,,0.5,,0.5,0.5,cv3val_weakunique3,1,results/gse290577_external/all_internal_experiments/all_external_summary.csv,3.0,l1,0p5,4.0,1.0,4.0,1.0,0.0,0.7916666666666666,0.1736111111111111,0.892883597883598,0.2,0.8,0.238095238095238,0.7619047619047619,0.3981250000000001,1.0,0.0,0.6666666666666666
external_test,all_internal_experiments,smc_amr_positive_l1_0p50mpp_20x_uni2_clamsb_cv3val_weakunique3_s1,amr_positive,3,gold+weak,all_stains,20x,0p50,wsi_ihc,,10,30,15,15,0.6711111111111111,,0.7360085427780527,,0.8666666666666667,,0.1333333333333333,,0.5,,0.5,0.5,cv3val_weakunique3,1,results/gse290577_external/all_internal_experiments/all_external_summary.csv,3.0,l1,0p5,13.0,2.0,13.0,2.0,0.3199305555555556,0.9629629629629628,0.2826750650306054,0.9684211164348844,0.2333333333333333,0.7333333333333333,0.3958333333333333,0.6041666666666666,0.6666666666666666,1.0,0.0,0.2857142857142857
external_test,gold5_repeated,smc_amr_positive_l1_0p50mpp_20x_uni2_clamsb_cv5val_s1,amr_positive,5,gold_only,all_stains,20x,0p50,wsi_he,,10,10,5,5,0.84,,0.8761904761904762,,1.0,,0.4,,0.7,,0.7,0.5,cv5val,1,results/gse290577_external/gold5_repeated/worker_b/all_external_summary.csv,5.0,l1,0p5,5.0,2.0,3.0,0.0,0.5,1.0,0.5833333333333333,1.0,0.4,0.9,0.5,0.9285714285714286,1.0,1.0,0.0,0.8571428571428571
external_test,gold5_repeated,smc_amr_positive_l1_0p50mpp_20x_uni2_clamsb_cv5val_s1,amr_positive,5,gold_only,all_stains,20x,0p50,wsi_ihc,,10,30,15,15,0.6577777777777778,,0.6446836496836497,,1.0,,0.3333333333333333,,0.6666666666666666,,0.6666666666666666,0.5,cv5val,1,results/gse290577_external/gold5_repeated/worker_b/all_external_summary.csv,5.0,l1,0p5,15.0,5.0,10.0,0.0,0.3099922839506173,0.9589120370370372,0.2960650138282866,0.988095238095238,0.4,0.9,0.5,0.8333333333333333,1.0,1.0,0.0,0.6666666666666666
external_test,gold5_repeated,smc_amr_positive_l1_0p50mpp_20x_uni2_clamsb_cv5val_s11,amr_positive,5,gold_only,all_stains,20x,0p50,wsi_he,,10,10,5,5,0.8400000000000001,,0.8528571428571428,,1.0,,0.0,,0.5,,0.5,0.5,cv5val,11,results/gse290577_external/gold5_repeated/worker_b/all_external_summary.csv,5.0,l1,0p5,5.0,0.0,5.0,0.0,0.5,1.0,0.5,1.0,0.2,0.8,0.5,0.5,1.0,1.0,0.0,0.0
external_test,gold5_repeated,smc_amr_positive_l1_0p50mpp_20x_uni2_clamsb_cv5val_s11,amr_positive,5,gold_only,all_stains,20x,0p50,wsi_ihc,,10,30,15,15,0.7955555555555557,,0.8156307435254804,,0.9333333333333332,,0.2666666666666666,,0.6,,0.6,0.5,cv5val,11,results/gse290577_external/gold5_repeated/worker_b/all_external_summary.csv,5.0,l1,0p5,14.0,4.0,11.0,1.0,0.5497685185185185,0.9814814814814814,0.3971952121952122,0.9871847312080476,0.3333333333333333,0.8333333333333334,0.4629629629629629,0.7305555555555556,0.7993750000000001,1.0,0.0,0.5
external_test,gold5_repeated,smc_amr_positive_l1_0p50mpp_20x_uni2_clamsb_cv5val_s21,amr_positive,5,gold_only,all_stains,20x,0p50,wsi_he,,10,10,5,5,0.76,,0.8392857142857142,,1.0,,0.0,,0.5,,0.5,0.5,cv5val,21,results/gse290577_external/gold5_repeated/worker_b/all_external_summary.csv,5.0,l1,0p5,5.0,0.0,5.0,0.0,0.36,1.0,0.5177678571428571,1.0,0.2,0.8,0.5,0.5,1.0,1.0,0.0,0.0
external_test,gold5_repeated,smc_amr_positive_l1_0p50mpp_20x_uni2_clamsb_cv5val_s21,amr_positive,5,gold_only,all_stains,20x,0p50,wsi_ihc,,10,30,15,15,0.7244444444444444,,0.7600258328304305,,0.9333333333333332,,0.1333333333333333,,0.5333333333333333,,0.5333333333333333,0.5,cv5val,21,results/gse290577_external/gold5_repeated/worker_b/all_external_summary.csv,5.0,l1,0p5,14.0,2.0,13.0,1.0,0.4372569444444444,0.9629629629629628,0.337234273566649,0.976115181115181,0.2666666666666666,0.7674999999999955,0.4333333333333333,0.625,0.7993750000000001,1.0,0.0,0.2857142857142857
external_test,gold5_repeated,smc_amr_positive_l1_0p50mpp_20x_uni2_clamsb_cv5val_s31,amr_positive,5,gold_only,all_stains,20x,0p50,wsi_he,,10,10,5,5,0.92,,0.9266666666666664,,1.0,,0.2,,0.6,,0.6,0.5,cv5val,31,results/gse290577_external/gold5_repeated/worker_b/all_external_summary.csv,5.0,l1,0p5,5.0,1.0,4.0,0.0,0.64,1.0,0.6666666666666666,1.0,0.3,0.9,0.5,0.8333333333333333,1.0,1.0,0.0,0.6666666666666666
external_test,gold5_repeated,smc_amr_positive_l1_0p50mpp_20x_uni2_clamsb_cv5val_s31,amr_positive,5,gold_only,all_stains,20x,0p50,wsi_ihc,,10,30,15,15,0.7644444444444445,,0.7849245027418401,,1.0,,0.3333333333333333,,0.6666666666666666,,0.6666666666666666,0.5,cv5val,31,results/gse290577_external/gold5_repeated/worker_b/all_external_summary.csv,5.0,l1,0p5,15.0,5.0,10.0,0.0,0.3932175925925926,0.9907870370370372,0.3210995254745254,0.9978354978354976,0.4,0.9333333333333332,0.5,0.8618055555555556,1.0,1.0,0.0,0.723055555555556
external_test,gold5_repeated,smc_amr_positive_l1_0p50mpp_20x_uni2_clamsb_cv5val_s41,amr_positive,5,gold_only,all_stains,20x,0p50,wsi_he,,10,10,5,5,0.8400000000000001,,0.885,,1.0,,0.2,,0.6,,0.6,0.5,cv5val,41,results/gse290577_external/gold5_repeated/worker_b/all_external_summary.csv,5.0,l1,0p5,5.0,1.0,4.0,0.0,0.5,1.0,0.6111111111111112,1.0,0.3,0.9,0.5,0.8333333333333333,1.0,1.0,0.0,0.6666666666666666
external_test,gold5_repeated,smc_amr_positive_l1_0p50mpp_20x_uni2_clamsb_cv5val_s41,amr_positive,5,gold_only,all_stains,20x,0p50,wsi_ihc,,10,30,15,15,0.6488888888888888,,0.6990686033832069,,0.9333333333333332,,0.3333333333333333,,0.6333333333333333,,0.6333333333333333,0.5,cv5val,41,results/gse290577_external/gold5_repeated/worker_b/all_external_summary.csv,5.0,l1,0p5,14.0,5.0,10.0,1.0,0.25,0.9506172839506172,0.2603169132358794,0.9720532154249262,0.3666666666666666,0.8666666666666667,0.4722222222222222,0.7916666666666667,0.7993750000000001,1.0,0.0,0.6666666666666666
external_test,all_internal_experiments,smc_amr_positive_l2_1p00mpp_10x_uni2_clamsb_cv3val_s1,amr_positive,3,gold_only,all_stains,10x,1p00,wsi_he,,10,10,5,5,0.56,,0.5644444444444444,,0.2,,0.8,,0.5,,0.5,0.5,cv3val,1,results/gse290577_external/all_internal_experiments/all_external_summary.csv,3.0,l2,1,1.0,4.0,1.0,4.0,0.1111111111111111,1.0,0.2614285714285714,1.0,0.2,0.8,0.25,0.7619047619047619,0.0,0.6666666666666666,0.3333333333333333,1.0
external_test,all_internal_experiments,smc_amr_positive_l2_1p00mpp_10x_uni2_clamsb_cv3val_s1,amr_positive,3,gold_only,all_stains,10x,1p00,wsi_ihc,,10,30,15,15,0.6488888888888888,,0.5877944495591554,,0.6666666666666666,,0.6,,0.6333333333333333,,0.6333333333333333,0.5,cv3val,1,results/gse290577_external/all_internal_experiments/all_external_summary.csv,3.0,l2,1,10.0,9.0,6.0,5.0,0.25,0.9629629629629628,0.242063492063492,0.9962962962962962,0.3333333333333333,0.8666666666666667,0.3333333333333333,0.8888888888888888,0.3333333333333333,1.0,0.0,1.0
external_test,all_internal_experiments,smc_amr_positive_l2_1p00mpp_10x_uni2_clamsb_cv3val_weakunique3_he_only_s1,amr_positive,3,gold+weak,he_only,10x,1p00,wsi_he,,10,10,5,5,0.68,,0.7116666666666667,,0.8,,0.4,,0.6000000000000001,,0.6,0.5,cv3val_weakunique3_he_only,1,results/gse290577_external/all_internal_experiments/all_external_summary.csv,3.0,l2,1,4.0,2.0,3.0,1.0,0.25,1.0,0.3333333333333333,1.0,0.3,0.9,0.3,0.8888888888888888,0.3981250000000001,1.0,0.0,1.0
external_test,all_internal_experiments,smc_amr_positive_l2_1p00mpp_10x_uni2_clamsb_cv3val_weakunique3_he_only_s1,amr_positive,3,gold+weak,he_only,10x,1p00,wsi_ihc,,10,30,15,15,0.5822222222222222,,0.7177246163841682,,0.3333333333333333,,1.0,,0.6666666666666666,,0.6666666666666666,0.5,cv3val_weakunique3_he_only,1,results/gse290577_external/all_internal_experiments/all_external_summary.csv,3.0,l2,1,5.0,15.0,0.0,10.0,0.2261111111111111,1.0,0.2136381435534249,1.0,0.4,0.9333333333333332,0.5,0.8888888888888888,0.0,0.7777777777777778,1.0,1.0
external_test,all_internal_experiments,smc_amr_positive_l2_1p00mpp_10x_uni2_clamsb_cv3val_weakunique3_ihc_only_s1,amr_positive,3,gold+weak,ihc_only,10x,1p00,wsi_he,,10,10,5,5,0.48,,0.5192857142857142,,1.0,,0.0,,0.5,,0.5,0.5,cv3val_weakunique3_ihc_only,1,results/gse290577_external/all_internal_experiments/all_external_summary.csv,3.0,l2,1,5.0,0.0,5.0,0.0,0.0,1.0,0.2353670634920635,1.0,0.2,0.8,0.5,0.5,1.0,1.0,0.0,0.0
external_test,all_internal_experiments,smc_amr_positive_l2_1p00mpp_10x_uni2_clamsb_cv3val_weakunique3_ihc_only_s1,amr_positive,3,gold+weak,ihc_only,10x,1p00,wsi_ihc,,10,30,15,15,0.7155555555555556,,0.7833584411231469,,0.9333333333333332,,0.2,,0.5666666666666667,,0.5666666666666667,0.5,cv3val_weakunique3_ihc_only,1,results/gse290577_external/all_internal_experiments/all_external_summary.csv,3.0,l2,1,14.0,3.0,12.0,1.0,0.4444444444444444,1.0,0.3144956720129355,1.0,0.3,0.8,0.4583333333333333,0.6481481481481481,0.7993750000000001,1.0,0.0,0.3333333333333333
external_test,all_internal_experiments,smc_amr_positive_l2_1p00mpp_10x_uni2_clamsb_cv3val_weakunique3_mixed_known_s1,amr_positive,3,gold+weak,mixed_known,10x,1p00,wsi_he,,10,10,5,5,0.6800000000000002,,0.7433333333333334,,0.0,,1.0,,0.5,,0.5,0.5,cv3val_weakunique3_mixed_known,1,results/gse290577_external/all_internal_experiments/all_external_summary.csv,3.0,l2,1,0.0,5.0,0.0,5.0,0.24,1.0,0.34875,1.0,0.2,0.8,0.5,0.5,0.0,0.0,1.0,1.0
external_test,all_internal_experiments,smc_amr_positive_l2_1p00mpp_10x_uni2_clamsb_cv3val_weakunique3_mixed_known_s1,amr_positive,3,gold+weak,mixed_known,10x,1p00,wsi_ihc,,10,30,15,15,0.7733333333333333,,0.8399111563817445,,0.4,,1.0,,0.7,,0.7,0.5,cv3val_weakunique3_mixed_known,1,results/gse290577_external/all_internal_experiments/all_external_summary.csv,3.0,l2,1,6.0,15.0,0.0,9.0,0.4384920634920635,1.0,0.450487382987383,1.0,0.4,1.0,0.5,1.0,0.0,1.0,1.0,1.0
external_test,all_internal_experiments,smc_amr_positive_l2_1p00mpp_10x_uni2_clamsb_cv3val_weakunique3_non_he_s1,amr_positive,3,gold+weak,non_he,10x,1p00,wsi_he,,10,10,5,5,0.44,,0.4859523809523809,,0.0,,1.0,,0.5,,0.5,0.5,cv3val_weakunique3_non_he,1,results/gse290577_external/all_internal_experiments/all_external_summary.csv,3.0,l2,1,0.0,5.0,0.0,5.0,0.0,0.90625,0.2261904761904761,0.9449404761904788,0.2,0.8,0.5,0.5,0.0,0.0,1.0,1.0
external_test,all_internal_experiments,smc_amr_positive_l2_1p00mpp_10x_uni2_clamsb_cv3val_weakunique3_non_he_s1,amr_positive,3,gold+weak,non_he,10x,1p00,wsi_ihc,,10,30,15,15,0.5866666666666667,,0.737528828123031,,0.1333333333333333,,1.0,,0.5666666666666667,,0.5666666666666667,0.5,cv3val_weakunique3_non_he,1,results/gse290577_external/all_internal_experiments/all_external_summary.csv,3.0,l2,1,2.0,15.0,0.0,13.0,0.1954166666666666,1.0,0.2579488669766447,1.0,0.2666666666666666,0.8666666666666667,0.5,0.7222222222222222,0.0,0.4444444444444444,1.0,1.0
external_test,all_internal_experiments,smc_amr_positive_l2_1p00mpp_10x_uni2_clamsb_cv3val_weakunique3_s1,amr_positive,3,gold+weak,all_stains,10x,1p00,wsi_he,,10,10,5,5,0.6,,0.6592857142857143,,0.0,,1.0,,0.5,,0.5,0.5,cv3val_weakunique3,1,results/gse290577_external/all_internal_experiments/all_external_summary.csv,3.0,l2,1,0.0,5.0,0.0,5.0,0.1428571428571428,1.0,0.2618452380952381,1.0,0.2,0.8,0.5,0.5,0.0,0.0,1.0,1.0
external_test,all_internal_experiments,smc_amr_positive_l2_1p00mpp_10x_uni2_clamsb_cv3val_weakunique3_s1,amr_positive,3,gold+weak,all_stains,10x,1p00,wsi_ihc,,10,30,15,15,0.6933333333333334,,0.7721441164423619,,0.3333333333333333,,1.0,,0.6666666666666666,,0.6666666666666666,0.5,cv3val_weakunique3,1,results/gse290577_external/all_internal_experiments/all_external_summary.csv,3.0,l2,1,5.0,15.0,0.0,10.0,0.3744212962962962,1.0,0.2693267891952102,1.0,0.3666666666666666,0.9333333333333332,0.5,0.875,0.0,0.75,1.0,1.0
external_test,gold5_repeated,smc_amr_positive_l2_1p00mpp_10x_uni2_clamsb_cv5val_s1,amr_positive,5,gold_only,all_stains,10x,1p00,wsi_he,,10,10,5,5,0.8,,0.71,,0.0,,0.8,,0.4,,0.4,0.5,cv5val,1,results/gse290577_external/gold5_repeated/worker_b/all_external_summary.csv,5.0,l2,1,0.0,4.0,1.0,5.0,0.3333333333333333,1.0,0.3833333333333333,1.0,0.1,0.7,0.1666666666666666,0.5,0.0,0.0,0.3333333333333333,1.0
external_test,gold5_repeated,smc_amr_positive_l2_1p00mpp_10x_uni2_clamsb_cv5val_s1,amr_positive,5,gold_only,all_stains,10x,1p00,wsi_ihc,,10,30,15,15,0.7955555555555556,,0.8453052623704798,,0.6666666666666666,,0.8,,0.7333333333333334,,0.7333333333333333,0.5,cv5val,1,results/gse290577_external/gold5_repeated/worker_b/all_external_summary.csv,5.0,l2,1,10.0,12.0,3.0,5.0,0.4444444444444444,1.0,0.4963553113553113,1.0,0.5,0.9333333333333332,0.4861111111111111,0.945436507936508,0.25,1.0,0.5333333333333333,1.0
external_test,gold5_repeated,smc_amr_positive_l2_1p00mpp_10x_uni2_clamsb_cv5val_s11,amr_positive,5,gold_only,all_stains,10x,1p00,wsi_he,,10,10,5,5,0.6,,0.5926190476190476,,0.0,,0.8,,0.4,,0.4,0.5,cv5val,11,results/gse290577_external/gold5_repeated/worker_b/all_external_summary.csv,5.0,l2,1,0.0,4.0,1.0,5.0,0.1666666666666666,1.0,0.2678571428571428,1.0,0.1,0.7,0.1666666666666666,0.5,0.0,0.0,0.3333333333333333,1.0
external_test,gold5_repeated,smc_amr_positive_l2_1p00mpp_10x_uni2_clamsb_cv5val_s11,amr_positive,5,gold_only,all_stains,10x,1p00,wsi_ihc,,10,30,15,15,0.7911111111111111,,0.8009369334369334,,0.7333333333333333,,0.6666666666666666,,0.7,,0.7,0.5,cv5val,11,results/gse290577_external/gold5_repeated/worker_b/all_external_summary.csv,5.0,l2,1,11.0,10.0,5.0,4.0,0.4702380952380952,1.0,0.3950258441583261,1.0,0.4333333333333333,0.9333333333333332,0.4,0.9338541666666668,0.3333333333333333,1.0,0.25,1.0
external_test,gold5_repeated,smc_amr_positive_l2_1p00mpp_10x_uni2_clamsb_cv5val_s21,amr_positive,5,gold_only,all_stains,10x,1p00,wsi_he,,10,10,5,5,0.72,,0.6595238095238095,,0.0,,1.0,,0.5,,0.5,0.5,cv5val,21,results/gse290577_external/gold5_repeated/worker_b/all_external_summary.csv,5.0,l2,1,0.0,5.0,0.0,5.0,0.2916666666666666,1.0,0.3333333333333333,1.0,0.2,0.8,0.5,0.5,0.0,0.0,1.0,1.0
external_test,gold5_repeated,smc_amr_positive_l2_1p00mpp_10x_uni2_clamsb_cv5val_s21,amr_positive,5,gold_only,all_stains,10x,1p00,wsi_ihc,,10,30,15,15,0.7866666666666666,,0.8339044506691566,,0.4,,0.9333333333333332,,0.6666666666666667,,0.6666666666666666,0.5,cv5val,21,results/gse290577_external/gold5_repeated/worker_b/all_external_summary.csv,5.0,l2,1,6.0,14.0,1.0,9.0,0.4444444444444445,1.0,0.4683843873517786,1.0,0.4,0.9,0.4761904761904761,0.8666666666666667,0.0,0.7777777777777778,0.7777777777777778,1.0
external_test,gold5_repeated,smc_amr_positive_l2_1p00mpp_10x_uni2_clamsb_cv5val_s31,amr_positive,5,gold_only,all_stains,10x,1p00,wsi_he,,10,10,5,5,0.56,,0.5449999999999999,,0.0,,0.8,,0.4,,0.4,0.5,cv5val,31,results/gse290577_external/gold5_repeated/worker_b/all_external_summary.csv,5.0,l2,1,0.0,4.0,1.0,5.0,0.0,1.0,0.250734126984127,1.0,0.1,0.7,0.1666666666666666,0.5,0.0,0.0,0.3333333333333333,1.0
external_test,gold5_repeated,smc_amr_positive_l2_1p00mpp_10x_uni2_clamsb_cv5val_s31,amr_positive,5,gold_only,all_stains,10x,1p00,wsi_ihc,,10,30,15,15,0.7955555555555556,,0.8451529026529025,,0.6666666666666666,,0.8,,0.7333333333333334,,0.7333333333333333,0.5,cv5val,31,results/gse290577_external/gold5_repeated/worker_b/all_external_summary.csv,5.0,l2,1,10.0,12.0,3.0,5.0,0.4299768518518518,1.0,0.5004812030075187,1.0,0.5,0.9333333333333332,0.4861111111111111,0.945436507936508,0.25,1.0,0.5333333333333333,1.0
external_test,gold5_repeated,smc_amr_positive_l2_1p00mpp_10x_uni2_clamsb_cv5val_s41,amr_positive,5,gold_only,all_stains,10x,1p00,wsi_he,,10,10,5,5,0.56,,0.5449999999999999,,0.0,,1.0,,0.5,,0.5,0.5,cv5val,41,results/gse290577_external/gold5_repeated/worker_b/all_external_summary.csv,5.0,l2,1,0.0,5.0,0.0,5.0,0.0,1.0,0.2619047619047618,1.0,0.2,0.8,0.5,0.5,0.0,0.0,1.0,1.0
external_test,gold5_repeated,smc_amr_positive_l2_1p00mpp_10x_uni2_clamsb_cv5val_s41,amr_positive,5,gold_only,all_stains,10x,1p00,wsi_ihc,,10,30,15,15,0.8222222222222222,,0.8651258195995037,,0.7333333333333333,,0.8666666666666667,,0.8,,0.8,0.5,cv5val,41,results/gse290577_external/gold5_repeated/worker_b/all_external_summary.csv,5.0,l2,1,11.0,13.0,2.0,4.0,0.5066666666666667,1.0,0.5378701811896892,1.0,0.6,0.9666666666666668,0.5714285714285714,0.9666666666666668,0.3333333333333333,1.0,0.6666666666666666,1.0
external_test,all_internal_experiments,smc_amr_positive_l3_2p00mpp_5x_uni2_clamsb_cv3val_s1,amr_positive,3,gold_only,all_stains,5x,2p00,wsi_he,,10,10,5,5,0.68,,0.8142857142857143,,0.0,,1.0,,0.5,,0.5,0.5,cv3val,1,results/gse290577_external/all_internal_experiments/all_external_summary.csv,3.0,l3,2,0.0,5.0,0.0,5.0,0.25,1.0,0.4736607142857143,1.0,0.2,0.8,0.5,0.5,0.0,0.0,1.0,1.0
external_test,all_internal_experiments,smc_amr_positive_l3_2p00mpp_5x_uni2_clamsb_cv3val_s1,amr_positive,3,gold_only,all_stains,5x,2p00,wsi_ihc,,10,30,15,15,0.7111111111111111,,0.7997314623111724,,0.2666666666666666,,1.0,,0.6333333333333333,,0.6333333333333333,0.5,cv3val,1,results/gse290577_external/all_internal_experiments/all_external_summary.csv,3.0,l3,2,4.0,15.0,0.0,11.0,0.4994212962962963,0.9066666666666666,0.5070324569307058,0.9553169526223304,0.4,0.8666666666666667,0.5,0.75,0.0,0.5,1.0,1.0
external_test,all_internal_experiments,smc_amr_positive_l3_2p00mpp_5x_uni2_clamsb_cv3val_weakunique3_he_only_s1,amr_positive,3,gold+weak,he_only,5x,2p00,wsi_he,,10,10,5,5,0.8,,0.8583333333333332,,0.0,,1.0,,0.5,,0.5,0.5,cv3val_weakunique3_he_only,1,results/gse290577_external/all_internal_experiments/all_external_summary.csv,3.0,l3,2,0.0,5.0,0.0,5.0,0.375,1.0,0.5533035714285715,1.0,0.2,0.8,0.5,0.5,0.0,0.0,1.0,1.0
external_test,all_internal_experiments,smc_amr_positive_l3_2p00mpp_5x_uni2_clamsb_cv3val_weakunique3_he_only_s1,amr_positive,3,gold+weak,he_only,5x,2p00,wsi_ihc,,10,30,15,15,0.6133333333333333,,0.685081878053745,,0.0,,1.0,,0.5,,0.5,0.5,cv3val_weakunique3_he_only,1,results/gse290577_external/all_internal_experiments/all_external_summary.csv,3.0,l3,2,0.0,15.0,0.0,15.0,0.2663194444444445,0.9153439153439152,0.2489457008370052,0.9528171177082816,0.2,0.8,0.5,0.5,0.0,0.0,1.0,1.0
external_test,all_internal_experiments,smc_amr_positive_l3_2p00mpp_5x_uni2_clamsb_cv3val_weakunique3_ihc_only_s1,amr_positive,3,gold+weak,ihc_only,5x,2p00,wsi_he,,10,10,5,5,0.6,,0.6592857142857143,,1.0,,0.0,,0.5,,0.5,0.5,cv3val_weakunique3_ihc_only,1,results/gse290577_external/all_internal_experiments/all_external_summary.csv,3.0,l3,2,5.0,0.0,5.0,0.0,0.1428571428571428,1.0,0.2618452380952381,1.0,0.2,0.8,0.5,0.5,1.0,1.0,0.0,0.0
external_test,all_internal_experiments,smc_amr_positive_l3_2p00mpp_5x_uni2_clamsb_cv3val_weakunique3_ihc_only_s1,amr_positive,3,gold+weak,ihc_only,5x,2p00,wsi_ihc,,10,30,15,15,0.6755555555555556,,0.7654636845861357,,0.4666666666666667,,1.0,,0.7333333333333334,,0.7333333333333333,0.5,cv3val_weakunique3_ihc_only,1,results/gse290577_external/all_internal_experiments/all_external_summary.csv,3.0,l3,2,7.0,15.0,0.0,8.0,0.3288657407407407,1.0,0.3485206803144109,1.0,0.4666666666666667,1.0,0.5,1.0,0.0,1.0,1.0,1.0
external_test,all_internal_experiments,smc_amr_positive_l3_2p00mpp_5x_uni2_clamsb_cv3val_weakunique3_mixed_known_s1,amr_positive,3,gold+weak,mixed_known,5x,2p00,wsi_he,,10,10,5,5,0.76,,0.7961904761904761,,0.0,,1.0,,0.5,,0.5,0.5,cv3val_weakunique3_mixed_known,1,results/gse290577_external/all_internal_experiments/all_external_summary.csv,3.0,l3,2,0.0,5.0,0.0,5.0,0.3333333333333333,1.0,0.3742559523809524,1.0,0.2,0.8,0.5,0.5,0.0,0.0,1.0,1.0
external_test,all_internal_experiments,smc_amr_positive_l3_2p00mpp_5x_uni2_clamsb_cv3val_weakunique3_mixed_known_s1,amr_positive,3,gold+weak,mixed_known,5x,2p00,wsi_ihc,,10,30,15,15,0.7466666666666666,,0.8152913752913753,,0.2666666666666666,,1.0,,0.6333333333333333,,0.6333333333333333,0.5,cv3val_weakunique3_mixed_known,1,results/gse290577_external/all_internal_experiments/all_external_summary.csv,3.0,l3,2,4.0,15.0,0.0,11.0,0.4907407407407407,1.0,0.4437305285783904,1.0,0.3333333333333333,0.9,0.5,0.8333333333333333,0.0,0.6666666666666666,1.0,1.0
external_test,all_internal_experiments,smc_amr_positive_l3_2p00mpp_5x_uni2_clamsb_cv3val_weakunique3_non_he_s1,amr_positive,3,gold+weak,non_he,5x,2p00,wsi_he,,10,10,5,5,0.44,,0.5009523809523809,,0.0,,1.0,,0.5,,0.5,0.5,cv3val_weakunique3_non_he,1,results/gse290577_external/all_internal_experiments/all_external_summary.csv,3.0,l3,2,0.0,5.0,0.0,5.0,0.0,0.875,0.2261011904761904,0.959736689814815,0.2,0.8,0.5,0.5,0.0,0.0,1.0,1.0
external_test,all_internal_experiments,smc_amr_positive_l3_2p00mpp_5x_uni2_clamsb_cv3val_weakunique3_non_he_s1,amr_positive,3,gold+weak,non_he,5x,2p00,wsi_ihc,,10,30,15,15,0.5288888888888889,,0.5717473325969086,,0.0,,1.0,,0.5,,0.5,0.5,cv3val_weakunique3_non_he,1,results/gse290577_external/all_internal_experiments/all_external_summary.csv,3.0,l3,2,0.0,15.0,0.0,15.0,0.1799768518518518,0.861111111111111,0.2157858170570233,0.9007817019636452,0.2,0.8,0.5,0.5,0.0,0.0,1.0,1.0
external_test,all_internal_experiments,smc_amr_positive_l3_2p00mpp_5x_uni2_clamsb_cv3val_weakunique3_s1,amr_positive,3,gold+weak,all_stains,5x,2p00,wsi_he,,10,10,5,5,0.6,,0.6592857142857143,,0.2,,1.0,,0.6,,0.6,0.5,cv3val_weakunique3,1,results/gse290577_external/all_internal_experiments/all_external_summary.csv,3.0,l3,2,1.0,5.0,0.0,4.0,0.1428571428571428,1.0,0.2666666666666666,1.0,0.3,0.9,0.5,0.8333333333333333,0.0,0.6666666666666666,1.0,1.0
external_test,all_internal_experiments,smc_amr_positive_l3_2p00mpp_5x_uni2_clamsb_cv3val_weakunique3_s1,amr_positive,3,gold+weak,all_stains,5x,2p00,wsi_ihc,,10,30,15,15,0.7022222222222222,,0.8068389308548176,,0.2,,1.0,,0.6,,0.6,0.5,cv3val_weakunique3,1,results/gse290577_external/all_internal_experiments/all_external_summary.csv,3.0,l3,2,3.0,15.0,0.0,12.0,0.4938271604938272,0.9211111111111112,0.5420691265110503,0.9560654534767512,0.3333333333333333,0.8666666666666667,0.5,0.6666666666666666,0.0,0.3333333333333333,1.0,1.0
external_test,gold5_repeated,smc_amr_positive_l3_2p00mpp_5x_uni2_clamsb_cv5val_s1,amr_positive,5,gold_only,all_stains,5x,2p00,wsi_he,,10,10,5,5,0.7200000000000001,,0.7544444444444445,,0.0,,1.0,,0.5,,0.5,0.5,cv5val,1,results/gse290577_external/gold5_repeated/worker_b/all_external_summary.csv,5.0,l3,2,0.0,5.0,0.0,5.0,0.290922619047619,1.0,0.3888888888888889,1.0,0.2,0.8,0.5,0.5,0.0,0.0,1.0,1.0
external_test,gold5_repeated,smc_amr_positive_l3_2p00mpp_5x_uni2_clamsb_cv5val_s1,amr_positive,5,gold_only,all_stains,5x,2p00,wsi_ihc,,10,30,15,15,0.7244444444444444,,0.814567806917027,,0.2,,1.0,,0.6,,0.6,0.5,cv5val,1,results/gse290577_external/gold5_repeated/worker_b/all_external_summary.csv,5.0,l3,2,3.0,15.0,0.0,12.0,0.4567901234567901,0.9655671296296297,0.5027223797521334,0.9736449268316968,0.3333333333333333,0.8666666666666667,0.5,0.7333333333333334,0.0,0.4666666666666667,1.0,1.0
external_test,gold5_repeated,smc_amr_positive_l3_2p00mpp_5x_uni2_clamsb_cv5val_s11,amr_positive,5,gold_only,all_stains,5x,2p00,wsi_he,,10,10,5,5,0.72,,0.8333333333333333,,0.0,,1.0,,0.5,,0.5,0.5,cv5val,11,results/gse290577_external/gold5_repeated/worker_b/all_external_summary.csv,5.0,l3,2,0.0,5.0,0.0,5.0,0.2857142857142857,1.0,0.5285714285714286,1.0,0.2,0.8,0.5,0.5,0.0,0.0,1.0,1.0
external_test,gold5_repeated,smc_amr_positive_l3_2p00mpp_5x_uni2_clamsb_cv5val_s11,amr_positive,5,gold_only,all_stains,5x,2p00,wsi_ihc,,10,30,15,15,0.6977777777777778,,0.7648004175699274,,0.2,,1.0,,0.6,,0.6,0.5,cv5val,11,results/gse290577_external/gold5_repeated/worker_b/all_external_summary.csv,5.0,l3,2,3.0,15.0,0.0,12.0,0.359375,0.9583333333333334,0.3679862087220633,0.9783930232623032,0.3333333333333333,0.8666666666666667,0.5,0.7333333333333334,0.0,0.4666666666666667,1.0,1.0
external_test,gold5_repeated,smc_amr_positive_l3_2p00mpp_5x_uni2_clamsb_cv5val_s21,amr_positive,5,gold_only,all_stains,5x,2p00,wsi_he,,10,10,5,5,0.76,,0.7683333333333333,,0.0,,1.0,,0.5,,0.5,0.5,cv5val,21,results/gse290577_external/gold5_repeated/worker_b/all_external_summary.csv,5.0,l3,2,0.0,5.0,0.0,5.0,0.3333333333333333,1.0,0.3829166666666667,1.0,0.2,0.8,0.5,0.5,0.0,0.0,1.0,1.0
external_test,gold5_repeated,smc_amr_positive_l3_2p00mpp_5x_uni2_clamsb_cv5val_s21,amr_positive,5,gold_only,all_stains,5x,2p00,wsi_ihc,,10,30,15,15,0.7822222222222223,,0.8197337847337847,,0.2666666666666666,,1.0,,0.6333333333333333,,0.6333333333333333,0.5,cv5val,21,results/gse290577_external/gold5_repeated/worker_b/all_external_summary.csv,5.0,l3,2,4.0,15.0,0.0,11.0,0.5555555555555556,0.9683333333333334,0.4953106408698514,0.9784289784289784,0.3666666666666666,0.8666666666666667,0.5,0.75,0.0,0.5,1.0,1.0
external_test,gold5_repeated,smc_amr_positive_l3_2p00mpp_5x_uni2_clamsb_cv5val_s31,amr_positive,5,gold_only,all_stains,5x,2p00,wsi_he,,10,10,5,5,0.64,,0.6116666666666666,,0.0,,1.0,,0.5,,0.5,0.5,cv5val,31,results/gse290577_external/gold5_repeated/worker_b/all_external_summary.csv,5.0,l3,2,0.0,5.0,0.0,5.0,0.1999999999999999,1.0,0.2914583333333333,1.0,0.2,0.8,0.5,0.5,0.0,0.0,1.0,1.0
external_test,gold5_repeated,smc_amr_positive_l3_2p00mpp_5x_uni2_clamsb_cv5val_s31,amr_positive,5,gold_only,all_stains,5x,2p00,wsi_ihc,,10,30,15,15,0.7333333333333334,,0.7936782613098401,,0.0666666666666666,,1.0,,0.5333333333333333,,0.5333333333333333,0.5,cv5val,31,results/gse290577_external/gold5_repeated/worker_b/all_external_summary.csv,5.0,l3,2,1.0,15.0,0.0,14.0,0.4350198412698413,0.9631481481481482,0.4653130111084579,0.9743746506406352,0.2333333333333333,0.8333333333333334,0.5,0.6111111111111112,0.0,0.2222222222222222,1.0,1.0
external_test,gold5_repeated,smc_amr_positive_l3_2p00mpp_5x_uni2_clamsb_cv5val_s41,amr_positive,5,gold_only,all_stains,5x,2p00,wsi_he,,10,10,5,5,0.76,,0.8211111111111111,,0.0,,1.0,,0.5,,0.5,0.5,cv5val,41,results/gse290577_external/gold5_repeated/worker_b/all_external_summary.csv,5.0,l3,2,0.0,5.0,0.0,5.0,0.3333333333333333,1.0,0.4166666666666666,1.0,0.2,0.8,0.5,0.5,0.0,0.0,1.0,1.0
external_test,gold5_repeated,smc_amr_positive_l3_2p00mpp_5x_uni2_clamsb_cv5val_s41,amr_positive,5,gold_only,all_stains,5x,2p00,wsi_ihc,,10,30,15,15,0.8488888888888889,,0.8567597412334254,,0.1333333333333333,,1.0,,0.5666666666666667,,0.5666666666666667,0.5,cv5val,41,results/gse290577_external/gold5_repeated/worker_b/all_external_summary.csv,5.0,l3,2,2.0,15.0,0.0,13.0,0.6111111111111112,1.0,0.5404953726828726,1.0,0.3,0.8333333333333334,0.5,0.6666666666666666,0.0,0.3333333333333333,1.0,1.0
external_test,weakunique3,any_rejection_0p25mpp,any_rejection,,,,,,core,,61,186,136,50,0.7260294117647059,,0.8807817679680113,,0.9632352941176472,,0.06,,,,,,,,results/gse290577_external/weakunique3/combined_external_summary.csv,,,,131.0,3.0,47.0,5.0,0.6372665649051151,0.805870561562382,0.8256579375548877,0.9302272603168856,,,,,,,,
external_test,weakunique3,any_rejection_0p25mpp,any_rejection,,,,,,wsi_he,,15,15,10,5,0.66,,0.8188736263736263,,1.0,,0.2,,,,,,,,results/gse290577_external/weakunique3/combined_external_summary.csv,,,,10.0,1.0,4.0,0.0,0.3076923076923077,0.9444444444444444,0.5690188977688978,0.9860297688422688,,,,,,,,
external_test,weakunique3,any_rejection_0p5mpp,any_rejection,,,,,,wsi_he,,15,15,10,5,0.62,,0.8052669552669551,,0.1,,1.0,,,,,,,,results/gse290577_external/weakunique3/combined_external_summary.csv,,,,1.0,5.0,0.0,9.0,0.25,0.9444444444444444,0.530790945165945,0.9897435897435898,,,,,,,,
external_test,weakunique3,any_rejection_1mpp,any_rejection,,,,,,wsi_he,,15,15,10,5,0.46,,0.7716827616827617,,0.4,,0.8,,,,,,,,results/gse290577_external/weakunique3/combined_external_summary.csv,,,,4.0,4.0,1.0,6.0,0.1666666666666666,0.7727272727272727,0.5329831478045765,0.941668747918748,,,,,,,,
external_test,weakunique3,any_rejection_2mpp,any_rejection,,,,,,wsi_he,,15,15,10,5,0.7,,0.8744444444444445,,0.3,,1.0,,,,,,,,results/gse290577_external/weakunique3/combined_external_summary.csv,,,,3.0,5.0,0.0,7.0,0.409090909090909,0.9602222222222224,0.6827243165784833,0.987222222222222,,,,,,,,
external_test,all_internal_experiments,smc_any_rejection_l0_0p25mpp_40x_uni2_clamsb_cv3val_s1,any_rejection,3,gold_only,all_stains,40x,0p25,core,,61,186,136,50,0.5470588235294118,,0.7453161127102739,,0.6764705882352942,,0.46,,0.5682352941176471,,0.6182795698924731,0.5,cv3val,1,results/gse290577_external/all_internal_experiments/all_external_summary.csv,3.0,l0,0p25,92.0,23.0,27.0,44.0,0.4469674839524361,0.6373425189060109,0.6661688588734724,0.8361142862625691,0.5511219994892748,0.6842105263157895,0.4904937666529472,0.6478125676691251,0.5967357910906298,0.7565897073290703,0.3191489361702128,0.5962499999999995
external_test,all_internal_experiments,smc_any_rejection_l0_0p25mpp_40x_uni2_clamsb_cv3val_s1,any_rejection,3,gold_only,all_stains,40x,0p25,wsi_he,,15,15,10,5,0.5800000000000001,,0.7459262959262958,,0.8,,0.4,,0.6000000000000001,,0.6666666666666666,0.5,cv3val,1,results/gse290577_external/all_internal_experiments/all_external_summary.csv,3.0,l0,0p25,8.0,2.0,3.0,2.0,0.1995833333333333,0.9202307692307694,0.4880797773654916,0.9826007326007324,0.4,0.8666666666666667,0.3388392857142857,0.8571428571428572,0.5384615384615384,1.0,0.0,0.875
external_test,all_internal_experiments,smc_any_rejection_l0_0p25mpp_40x_uni2_clamsb_cv3val_s1,any_rejection,3,gold_only,all_stains,40x,0p25,wsi_ihc,,15,45,30,15,0.7977777777777778,,0.8887690513516656,,0.2333333333333333,,0.9333333333333332,,0.5833333333333334,,0.4666666666666667,0.5,cv3val,1,results/gse290577_external/all_internal_experiments/all_external_summary.csv,3.0,l0,0p25,7.0,14.0,1.0,23.0,0.6065370370370371,0.9465144032921812,0.7046485003201137,0.9867926247961102,0.2444444444444444,0.6888888888888889,0.4629629629629629,0.7121843434343434,0.037037037037037,0.4583333333333333,0.7777777777777778,1.0
external_test,all_internal_experiments,smc_any_rejection_l0_0p25mpp_40x_uni2_clamsb_cv3val_weakunique3_he_only_s1,any_rejection,3,gold+weak,he_only,40x,0p25,core,,61,186,136,50,0.6470588235294118,,0.822172107074002,,0.9558823529411764,,0.06,,0.5079411764705882,,0.7150537634408602,0.5,cv3val_weakunique3_he_only,1,results/gse290577_external/all_internal_experiments/all_external_summary.csv,3.0,l0,0p25,130.0,3.0,47.0,6.0,0.5568836873809879,0.7252719035259417,0.751398479376606,0.893176352971773,0.6432335907335908,0.7840938995215311,0.4808694536529388,0.54111928891483,0.920863309352518,0.9852941176470588,0.0,0.1333333333333333
external_test,all_internal_experiments,smc_any_rejection_l0_0p25mpp_40x_uni2_clamsb_cv3val_weakunique3_he_only_s1,any_rejection,3,gold+weak,he_only,40x,0p25,wsi_he,,15,15,10,5,0.5800000000000001,,0.8036796536796537,,1.0,,0.0,,0.5,,0.6666666666666666,0.5,cv3val_weakunique3_he_only,1,results/gse290577_external/all_internal_experiments/all_external_summary.csv,3.0,l0,0p25,10.0,0.0,5.0,0.0,0.2672678571428571,0.8600833333333335,0.5677244543650793,0.9677655677655675,0.4,0.8666666666666667,0.5,0.5,1.0,1.0,0.0,0.0
external_test,all_internal_experiments,smc_any_rejection_l0_0p25mpp_40x_uni2_clamsb_cv3val_weakunique3_he_only_s1,any_rejection,3,gold+weak,he_only,40x,0p25,wsi_ihc,,15,45,30,15,0.34,,0.6112206656875292,,1.0,,0.0,,0.5,,0.6666666666666666,0.5,cv3val_weakunique3_he_only,1,results/gse290577_external/all_internal_experiments/all_external_summary.csv,3.0,l0,0p25,30.0,0.0,15.0,0.0,0.1640993265993266,0.5455176767676768,0.354281076844646,0.8799223280787133,0.4,0.8666666666666667,0.5,0.5,1.0,1.0,0.0,0.0
external_test,all_internal_experiments,smc_any_rejection_l0_0p25mpp_40x_uni2_clamsb_cv3val_weakunique3_ihc_only_s1,any_rejection,3,gold+weak,ihc_only,40x,0p25,core,,61,186,136,50,0.5969117647058824,,0.7949415791542285,,0.9852941176470588,,0.06,,0.5226470588235295,,0.7365591397849462,0.5,cv3val_weakunique3_ihc_only,1,results/gse290577_external/all_internal_experiments/all_external_summary.csv,3.0,l0,0p25,134.0,3.0,47.0,2.0,0.5121852636944231,0.6865935395622895,0.7179897591617904,0.876346858110119,0.6666216216216216,0.8071112256768189,0.4922450100714154,0.5623063872772482,0.9635036496350364,1.0,0.0,0.14
external_test,all_internal_experiments,smc_any_rejection_l0_0p25mpp_40x_uni2_clamsb_cv3val_weakunique3_ihc_only_s1,any_rejection,3,gold+weak,ihc_only,40x,0p25,wsi_he,,15,15,10,5,0.8200000000000001,,0.9041777666777668,,1.0,,0.0,,0.5,,0.6666666666666666,0.5,cv3val_weakunique3_ihc_only,1,results/gse290577_external/all_internal_experiments/all_external_summary.csv,3.0,l0,0p25,10.0,0.0,5.0,0.0,0.5,1.0,0.7026136363636363,1.0,0.4,0.8666666666666667,0.5,0.5,1.0,1.0,0.0,0.0
external_test,all_internal_experiments,smc_any_rejection_l0_0p25mpp_40x_uni2_clamsb_cv3val_weakunique3_ihc_only_s1,any_rejection,3,gold+weak,ihc_only,40x,0p25,wsi_ihc,,15,45,30,15,0.8133333333333334,,0.9037174305644834,,0.9333333333333332,,0.2,,0.5666666666666667,,0.6888888888888889,0.5,cv3val_weakunique3_ihc_only,1,results/gse290577_external/all_internal_experiments/all_external_summary.csv,3.0,l0,0p25,28.0,3.0,12.0,2.0,0.6161161616161617,0.972222222222222,0.7235027166110565,0.9908055941261728,0.4666666666666667,0.8666666666666667,0.45,0.7115384615384616,0.8484848484848485,1.0,0.0,0.5
external_test,all_internal_experiments,smc_any_rejection_l0_0p25mpp_40x_uni2_clamsb_cv3val_weakunique3_mixed_known_s1,any_rejection,3,gold+weak,mixed_known,40x,0p25,core,,61,186,136,50,0.6158823529411765,,0.8299517365171437,,0.9264705882352942,,0.12,,0.523235294117647,,0.7096774193548387,0.5,cv3val_weakunique3_mixed_known,1,results/gse290577_external/all_internal_experiments/all_external_summary.csv,3.0,l0,0p25,126.0,6.0,44.0,10.0,0.5173567985757295,0.7104278863239337,0.7563996481194839,0.8927962635648072,0.6337156033118228,0.7819148936170213,0.4748620078916689,0.573260015600783,0.8778584765775166,0.967748387096774,0.0416666666666666,0.2040816326530612
external_test,all_internal_experiments,smc_any_rejection_l0_0p25mpp_40x_uni2_clamsb_cv3val_weakunique3_mixed_known_s1,any_rejection,3,gold+weak,mixed_known,40x,0p25,wsi_he,,15,15,10,5,0.58,,0.7210561660561661,,1.0,,0.0,,0.5,,0.6666666666666666,0.5,cv3val_weakunique3_mixed_known,1,results/gse290577_external/all_internal_experiments/all_external_summary.csv,3.0,l0,0p25,10.0,0.0,5.0,0.0,0.2268939393939394,0.9092126623376624,0.4702380952380952,0.9787545787545788,0.4,0.8666666666666667,0.5,0.5,1.0,1.0,0.0,0.0
external_test,all_internal_experiments,smc_any_rejection_l0_0p25mpp_40x_uni2_clamsb_cv3val_weakunique3_mixed_known_s1,any_rejection,3,gold+weak,mixed_known,40x,0p25,wsi_ihc,,15,45,30,15,0.8022222222222222,,0.8959226438013662,,1.0,,0.0666666666666666,,0.5333333333333333,,0.6888888888888889,0.5,cv3val_weakunique3_mixed_known,1,results/gse290577_external/all_internal_experiments/all_external_summary.csv,3.0,l0,0p25,30.0,1.0,14.0,0.0,0.5843611111111111,0.9599096119929452,0.7077717924311463,0.989949547204489,0.4444444444444444,0.8888888888888888,0.5,0.6111111111111112,1.0,1.0,0.0,0.2222222222222222
external_test,all_internal_experiments,smc_any_rejection_l0_0p25mpp_40x_uni2_clamsb_cv3val_weakunique3_non_he_s1,any_rejection,3,gold+weak,non_he,40x,0p25,core,,61,186,136,50,0.4755882352941176,,0.7381577574659515,,0.0514705882352941,,0.98,,0.5157352941176471,,0.3010752688172043,0.5,cv3val_weakunique3_non_he,1,results/gse290577_external/all_internal_experiments/all_external_summary.csv,3.0,l0,0p25,7.0,49.0,1.0,129.0,0.3746527018390536,0.5814201965475184,0.6594768357544485,0.8238643997176158,0.2261092550665415,0.3735662431941923,0.4821943072441743,0.5485456846673094,0.0082611032721897,0.107929005632703,0.9317985893416928,1.0
external_test,all_internal_experiments,smc_any_rejection_l0_0p25mpp_40x_uni2_clamsb_cv3val_weakunique3_non_he_s1,any_rejection,3,gold+weak,non_he,40x,0p25,wsi_he,,15,15,10,5,0.4,,0.7149908424908423,,0.1,,1.0,,0.55,,0.4,0.5,cv3val_weakunique3_non_he,1,results/gse290577_external/all_internal_experiments/all_external_summary.csv,3.0,l0,0p25,1.0,5.0,0.0,9.0,0.1111111111111111,0.6966964285714288,0.4509948979591836,0.9271932768086611,0.1333333333333333,0.6666666666666666,0.5,0.65,0.0,0.3,1.0,1.0
external_test,all_internal_experiments,smc_any_rejection_l0_0p25mpp_40x_uni2_clamsb_cv3val_weakunique3_non_he_s1,any_rejection,3,gold+weak,non_he,40x,0p25,wsi_ihc,,15,45,30,15,0.8466666666666667,,0.928351566084706,,0.9333333333333332,,0.2666666666666666,,0.6,,0.7111111111111111,0.5,cv3val_weakunique3_non_he,1,results/gse290577_external/all_internal_experiments/all_external_summary.csv,3.0,l0,0p25,28.0,4.0,11.0,2.0,0.6512253086419754,0.982229797979798,0.7701141887007182,0.9941726290684624,0.4888888888888889,0.8888888888888888,0.45,0.8143939393939394,0.8484848484848485,1.0,0.0,0.6666666666666666
external_test,all_internal_experiments,smc_any_rejection_l0_0p25mpp_40x_uni2_clamsb_cv3val_weakunique3_s1,any_rejection,3,gold+weak,all_stains,40x,0p25,core,,61,186,136,50,0.7260294117647059,,0.8807817679680113,,0.9632352941176472,,0.06,,0.5116176470588235,,0.7204301075268817,0.5,cv3val_weakunique3,1,results/gse290577_external/all_internal_experiments/all_external_summary.csv,3.0,l0,0p25,131.0,3.0,47.0,5.0,0.6372665649051151,0.805870561562382,0.8256579375548877,0.9302272603168856,0.6473684210526316,0.7927028101802757,0.4753462168358991,0.5542656723963599,0.916637323943662,1.0,0.0,0.1372549019607843
external_test,all_internal_experiments,smc_any_rejection_l0_0p25mpp_40x_uni2_clamsb_cv3val_weakunique3_s1,any_rejection,3,gold+weak,all_stains,40x,0p25,wsi_he,,15,15,10,5,0.66,,0.8188736263736263,,1.0,,0.2,,0.6,,0.7333333333333333,0.5,cv3val_weakunique3,1,results/gse290577_external/all_internal_experiments/all_external_summary.csv,3.0,l0,0p25,10.0,1.0,4.0,0.0,0.3076923076923077,0.9444444444444444,0.5690188977688978,0.9860297688422688,0.4666666666666667,0.9333333333333332,0.5,0.8333333333333333,1.0,1.0,0.0,0.6666666666666666
external_test,all_internal_experiments,smc_any_rejection_l0_0p25mpp_40x_uni2_clamsb_cv3val_weakunique3_s1,any_rejection,3,gold+weak,all_stains,40x,0p25,wsi_ihc,,15,45,30,15,0.8533333333333334,,0.9294508416125508,,0.9333333333333332,,0.3333333333333333,,0.6333333333333333,,0.7333333333333333,0.5,cv3val_weakunique3,1,results/gse290577_external/all_internal_experiments/all_external_summary.csv,3.0,l0,0p25,28.0,5.0,10.0,2.0,0.6745079365079366,0.9772727272727272,0.7839447188371169,0.9929642786785644,0.5111111111111111,0.9111111111111112,0.4666666666666667,0.8333333333333333,0.7777777777777778,1.0,0.0,0.7222222222222222
external_test,all_internal_experiments,smc_any_rejection_l1_0p50mpp_20x_uni2_clamsb_cv3val_s1,any_rejection,3,gold_only,all_stains,20x,0p50,wsi_he,,15,15,10,5,0.72,,0.8636979686979686,,0.3,,1.0,,0.65,,0.5333333333333333,0.5,cv3val,1,results/gse290577_external/all_internal_experiments/all_external_summary.csv,3.0,l1,0p5,3.0,5.0,0.0,7.0,0.38,1.0,0.6453515812890813,1.0,0.2666666666666666,0.8,0.5,0.8,0.0,0.6,1.0,1.0
external_test,all_internal_experiments,smc_any_rejection_l1_0p50mpp_20x_uni2_clamsb_cv3val_s1,any_rejection,3,gold_only,all_stains,20x,0p50,wsi_ihc,,15,45,30,15,0.88,,0.9413594704097428,,0.2666666666666666,,1.0,,0.6333333333333333,,0.5111111111111111,0.5,cv3val,1,results/gse290577_external/all_internal_experiments/all_external_summary.csv,3.0,l1,0p5,8.0,15.0,0.0,22.0,0.7377685185185187,0.9797979797979798,0.8189945537015533,0.9945311078225564,0.3111111111111111,0.7111111111111111,0.5714285714285714,0.696969696969697,0.1428571428571428,0.3939393939393939,1.0,1.0
external_test,all_internal_experiments,smc_any_rejection_l1_0p50mpp_20x_uni2_clamsb_cv3val_weakunique3_he_only_s1,any_rejection,3,gold+weak,he_only,20x,0p50,wsi_he,,15,15,10,5,0.62,,0.8426190476190475,,0.5,,0.8,,0.65,,0.6,0.5,cv3val_weakunique3_he_only,1,results/gse290577_external/all_internal_experiments/all_external_summary.csv,3.0,l1,0p5,5.0,4.0,1.0,5.0,0.3,0.8888888888888888,0.6095360657860658,0.971993006993007,0.3333333333333333,0.8,0.3863636363636363,0.8638189935064936,0.1666666666666666,0.8,0.3333333333333333,1.0
external_test,all_internal_experiments,smc_any_rejection_l1_0p50mpp_20x_uni2_clamsb_cv3val_weakunique3_he_only_s1,any_rejection,3,gold+weak,he_only,20x,0p50,wsi_ihc,,15,45,30,15,0.5711111111111111,,0.7593839656162894,,0.0666666666666666,,1.0,,0.5333333333333333,,0.3777777777777777,0.5,cv3val_weakunique3_he_only,1,results/gse290577_external/all_internal_experiments/all_external_summary.csv,3.0,l1,0p5,2.0,15.0,0.0,28.0,0.3213955026455026,0.8178080808080808,0.4957229772394885,0.9498187764433608,0.1333333333333333,0.6444444444444445,0.5,0.6,0.0,0.2,1.0,1.0
external_test,all_internal_experiments,smc_any_rejection_l1_0p50mpp_20x_uni2_clamsb_cv3val_weakunique3_ihc_only_s1,any_rejection,3,gold+weak,ihc_only,20x,0p50,wsi_he,,15,15,10,5,0.66,,0.8375929625929625,,0.6,,0.6,,0.6,,0.6,0.5,cv3val_weakunique3_ihc_only,1,results/gse290577_external/all_internal_experiments/all_external_summary.csv,3.0,l1,0p5,6.0,3.0,2.0,4.0,0.3076923076923077,0.9285714285714286,0.5904365079365079,0.9826923076923076,0.3333333333333333,0.8,0.3068181818181818,0.8611111111111112,0.2857142857142857,0.8888888888888888,0.0,1.0
external_test,all_internal_experiments,smc_any_rejection_l1_0p50mpp_20x_uni2_clamsb_cv3val_weakunique3_ihc_only_s1,any_rejection,3,gold+weak,ihc_only,20x,0p50,wsi_ihc,,15,45,30,15,0.8555555555555556,,0.9325516345751236,,0.8,,0.8666666666666667,,0.8333333333333334,,0.8222222222222222,0.5,cv3val_weakunique3_ihc_only,1,results/gse290577_external/all_internal_experiments/all_external_summary.csv,3.0,l1,0p5,24.0,13.0,2.0,6.0,0.6994526748971194,0.974217796092796,0.8006009962764683,0.991638356562137,0.6888888888888889,0.9333333333333332,0.7083333333333333,0.9444444444444444,0.625,0.963055555555555,0.6666666666666666,1.0
external_test,all_internal_experiments,smc_any_rejection_l1_0p50mpp_20x_uni2_clamsb_cv3val_weakunique3_mixed_known_s1,any_rejection,3,gold+weak,mixed_known,20x,0p50,wsi_he,,15,15,10,5,0.6000000000000001,,0.8236796536796537,,0.5,,0.8,,0.65,,0.6,0.5,cv3val_weakunique3_mixed_known,1,results/gse290577_external/all_internal_experiments/all_external_summary.csv,3.0,l1,0p5,5.0,4.0,1.0,5.0,0.2947240259740259,0.8865530303030305,0.5805177114552114,0.9744913419913418,0.3333333333333333,0.8666666666666667,0.397362012987013,0.8636363636363636,0.1818181818181818,0.800454545454543,0.3333333333333333,1.0
external_test,all_internal_experiments,smc_any_rejection_l1_0p50mpp_20x_uni2_clamsb_cv3val_weakunique3_mixed_known_s1,any_rejection,3,gold+weak,mixed_known,20x,0p50,wsi_ihc,,15,45,30,15,0.8777777777777778,,0.944550040831614,,0.9333333333333332,,0.4666666666666667,,0.7,,0.7777777777777778,0.5,cv3val_weakunique3_mixed_known,1,results/gse290577_external/all_internal_experiments/all_external_summary.csv,3.0,l1,0p5,28.0,7.0,8.0,2.0,0.7160493827160495,0.982905982905983,0.8204341203647695,0.9942202257969304,0.6,0.9333333333333332,0.532051282051282,0.8863636363636365,0.7777777777777778,1.0,0.1648809523809524,0.8333333333333334
external_test,all_internal_experiments,smc_any_rejection_l1_0p50mpp_20x_uni2_clamsb_cv3val_weakunique3_non_he_s1,any_rejection,3,gold+weak,non_he,20x,0p50,wsi_he,,15,15,10,5,0.44,,0.7408982683982683,,0.3,,0.8,,0.55,,0.4666666666666667,0.5,cv3val_weakunique3_non_he,1,results/gse290577_external/all_internal_experiments/all_external_summary.csv,3.0,l1,0p5,3.0,4.0,1.0,7.0,0.1386994949494949,0.7592592592592593,0.4708030395530395,0.93906154091219,0.2,0.7333333333333333,0.2954545454545454,0.75,0.0,0.6,0.3333333333333333,1.0
external_test,all_internal_experiments,smc_any_rejection_l1_0p50mpp_20x_uni2_clamsb_cv3val_weakunique3_non_he_s1,any_rejection,3,gold+weak,non_he,20x,0p50,wsi_ihc,,15,45,30,15,0.8666666666666667,,0.942098079021992,,0.9666666666666668,,0.2666666666666666,,0.6166666666666667,,0.7333333333333333,0.5,cv3val_weakunique3_non_he,1,results/gse290577_external/all_internal_experiments/all_external_summary.csv,3.0,l1,0p5,29.0,4.0,11.0,1.0,0.6962797619047619,0.9897259633370744,0.816355122232891,0.9955420238586936,0.5333333333333333,0.8888888888888888,0.4871794871794871,0.7371794871794872,0.8888888888888888,1.0,0.0,0.5
external_test,all_internal_experiments,smc_any_rejection_l1_0p50mpp_20x_uni2_clamsb_cv3val_weakunique3_s1,any_rejection,3,gold+weak,all_stains,20x,0p50,wsi_he,,15,15,10,5,0.62,,0.8052669552669551,,0.1,,1.0,,0.55,,0.4,0.5,cv3val_weakunique3,1,results/gse290577_external/all_internal_experiments/all_external_summary.csv,3.0,l1,0p5,1.0,5.0,0.0,9.0,0.25,0.9444444444444444,0.530790945165945,0.9897435897435898,0.1333333333333333,0.6666666666666666,0.5,0.65,0.0,0.3,1.0,1.0
external_test,all_internal_experiments,smc_any_rejection_l1_0p50mpp_20x_uni2_clamsb_cv3val_weakunique3_s1,any_rejection,3,gold+weak,all_stains,20x,0p50,wsi_ihc,,15,45,30,15,0.84,,0.9335960203183205,,0.9666666666666668,,0.0666666666666666,,0.5166666666666667,,0.6666666666666666,0.5,cv3val_weakunique3,1,results/gse290577_external/all_internal_experiments/all_external_summary.csv,3.0,l1,0p5,29.0,1.0,14.0,1.0,0.6388888888888888,0.9917695473251028,0.7937210696999637,0.9960361674233628,0.4222222222222222,0.8666666666666667,0.4583333333333333,0.5925925925925926,0.8888888888888888,1.0,0.0,0.2222222222222222
external_test,all_internal_experiments,smc_any_rejection_l2_1p00mpp_10x_uni2_clamsb_cv3val_s1,any_rejection,3,gold_only,all_stains,10x,1p00,wsi_he,,15,15,10,5,0.54,,0.698992673992674,,0.0,,1.0,,0.5,,0.3333333333333333,0.5,cv3val,1,results/gse290577_external/all_internal_experiments/all_external_summary.csv,3.0,l2,1,0.0,5.0,0.0,10.0,0.1586975524475524,0.8888888888888888,0.4481086159211159,0.969534632034632,0.1333333333333333,0.6,0.5,0.5,0.0,0.0,1.0,1.0
external_test,all_internal_experiments,smc_any_rejection_l2_1p00mpp_10x_uni2_clamsb_cv3val_s1,any_rejection,3,gold_only,all_stains,10x,1p00,wsi_ihc,,15,45,30,15,0.7133333333333334,,0.8370785989089746,,0.8,,0.5333333333333333,,0.6666666666666667,,0.7111111111111111,0.5,cv3val,1,results/gse290577_external/all_internal_experiments/all_external_summary.csv,3.0,l2,1,24.0,8.0,7.0,6.0,0.5110218253968254,0.9015297202797202,0.6129714983208822,0.9740587736862494,0.5555555555555556,0.8444444444444444,0.4722222222222222,0.8666666666666667,0.6666666666666666,0.9333333333333332,0.1666666666666666,0.9166666666666666
external_test,all_internal_experiments,smc_any_rejection_l2_1p00mpp_10x_uni2_clamsb_cv3val_weakunique3_he_only_s1,any_rejection,3,gold+weak,he_only,10x,1p00,wsi_he,,15,15,10,5,0.48,,0.7617560217560218,,0.1,,1.0,,0.55,,0.4,0.5,cv3val_weakunique3_he_only,1,results/gse290577_external/all_internal_experiments/all_external_summary.csv,3.0,l2,1,1.0,5.0,0.0,9.0,0.1538461538461538,0.8181818181818181,0.4897510649073149,0.9491278040141676,0.1333333333333333,0.6666666666666666,0.5,0.6548076923076929,0.0,0.3083333333333298,1.0,1.0
external_test,all_internal_experiments,smc_any_rejection_l2_1p00mpp_10x_uni2_clamsb_cv3val_weakunique3_he_only_s1,any_rejection,3,gold+weak,he_only,10x,1p00,wsi_ihc,,15,45,30,15,0.6844444444444445,,0.8600996430305204,,0.4333333333333333,,0.9333333333333332,,0.6833333333333333,,0.6,0.5,cv3val_weakunique3_he_only,1,results/gse290577_external/all_internal_experiments/all_external_summary.csv,3.0,l2,1,13.0,14.0,1.0,17.0,0.4166666666666667,0.915561728395062,0.6437237805599627,0.9777489116667232,0.4222222222222222,0.7777777777777778,0.5555555555555556,0.8148148148148149,0.2121212121212121,0.6666666666666666,0.7777777777777778,1.0
external_test,all_internal_experiments,smc_any_rejection_l2_1p00mpp_10x_uni2_clamsb_cv3val_weakunique3_ihc_only_s1,any_rejection,3,gold+weak,ihc_only,10x,1p00,wsi_he,,15,15,10,5,0.52,,0.685103785103785,,0.0,,1.0,,0.5,,0.3333333333333333,0.5,cv3val_weakunique3_ihc_only,1,results/gse290577_external/all_internal_experiments/all_external_summary.csv,3.0,l2,1,0.0,5.0,0.0,10.0,0.1590909090909091,0.8846153846153846,0.432859977324263,0.9719930069930072,0.1333333333333333,0.6,0.5,0.5,0.0,0.0,1.0,1.0
external_test,all_internal_experiments,smc_any_rejection_l2_1p00mpp_10x_uni2_clamsb_cv3val_weakunique3_ihc_only_s1,any_rejection,3,gold+weak,ihc_only,10x,1p00,wsi_ihc,,15,45,30,15,0.7977777777777777,,0.9029367912143704,,0.6666666666666666,,0.8,,0.7333333333333334,,0.7111111111111111,0.5,cv3val_weakunique3_ihc_only,1,results/gse290577_external/all_internal_experiments/all_external_summary.csv,3.0,l2,1,20.0,12.0,3.0,10.0,0.6239316239316239,0.9343569624819624,0.7523555759077164,0.9852851192246006,0.5555555555555556,0.8666666666666667,0.5681818181818181,0.8834294871794872,0.4814814814814814,0.8518518518518519,0.5333333333333333,1.0
external_test,all_internal_experiments,smc_any_rejection_l2_1p00mpp_10x_uni2_clamsb_cv3val_weakunique3_mixed_known_s1,any_rejection,3,gold+weak,mixed_known,10x,1p00,wsi_he,,15,15,10,5,0.3399999999999999,,0.6768109668109668,,0.0,,1.0,,0.5,,0.3333333333333333,0.5,cv3val_weakunique3_mixed_known,1,results/gse290577_external/all_internal_experiments/all_external_summary.csv,3.0,l2,1,0.0,5.0,0.0,10.0,0.0555555555555555,0.6924679487179488,0.424718936817151,0.9166081091527518,0.1333333333333333,0.6,0.5,0.5,0.0,0.0,1.0,1.0
external_test,all_internal_experiments,smc_any_rejection_l2_1p00mpp_10x_uni2_clamsb_cv3val_weakunique3_mixed_known_s1,any_rejection,3,gold+weak,mixed_known,10x,1p00,wsi_ihc,,15,45,30,15,0.7266666666666667,,0.8582799747404537,,0.8666666666666667,,0.2666666666666666,,0.5666666666666667,,0.6666666666666666,0.5,cv3val_weakunique3_mixed_known,1,results/gse290577_external/all_internal_experiments/all_external_summary.csv,3.0,l2,1,26.0,4.0,11.0,4.0,0.4871410256410256,0.9259814814814816,0.6293151746925147,0.9789738335039154,0.4222222222222222,0.8888888888888888,0.3888888888888889,0.8055555555555556,0.6666666666666666,1.0,0.0,0.6666666666666666
external_test,all_internal_experiments,smc_any_rejection_l2_1p00mpp_10x_uni2_clamsb_cv3val_weakunique3_non_he_s1,any_rejection,3,gold+weak,non_he,10x,1p00,wsi_he,,15,15,10,5,0.6600000000000001,,0.7980555555555555,,0.0,,1.0,,0.5,,0.3333333333333333,0.5,cv3val_weakunique3_non_he,1,results/gse290577_external/all_internal_experiments/all_external_summary.csv,3.0,l2,1,0.0,5.0,0.0,10.0,0.2954545454545454,1.0,0.5349227017195768,1.0,0.1333333333333333,0.6,0.5,0.5,0.0,0.0,1.0,1.0
external_test,all_internal_experiments,smc_any_rejection_l2_1p00mpp_10x_uni2_clamsb_cv3val_weakunique3_non_he_s1,any_rejection,3,gold+weak,non_he,10x,1p00,wsi_ihc,,15,45,30,15,0.8555555555555556,,0.933292927026716,,0.9,,0.5333333333333333,,0.7166666666666667,,0.7777777777777778,0.5,cv3val_weakunique3_non_he,1,results/gse290577_external/all_internal_experiments/all_external_summary.csv,3.0,l2,1,27.0,8.0,7.0,3.0,0.6883703102453101,0.9778075396825398,0.7925159710401967,0.9931624138673556,0.6,0.9111111111111112,0.5277777777777778,0.8833333333333333,0.75,1.0,0.1666666666666666,0.8333333333333334
external_test,all_internal_experiments,smc_any_rejection_l2_1p00mpp_10x_uni2_clamsb_cv3val_weakunique3_s1,any_rejection,3,gold+weak,all_stains,10x,1p00,wsi_he,,15,15,10,5,0.46,,0.7716827616827617,,0.4,,0.8,,0.6000000000000001,,0.5333333333333333,0.5,cv3val_weakunique3,1,results/gse290577_external/all_internal_experiments/all_external_summary.csv,3.0,l2,1,4.0,4.0,1.0,6.0,0.1666666666666666,0.7727272727272727,0.5329831478045765,0.941668747918748,0.2666666666666666,0.8,0.3333333333333333,0.8181818181818181,0.1,0.7142857142857143,0.3333333333333333,1.0
external_test,all_internal_experiments,smc_any_rejection_l2_1p00mpp_10x_uni2_clamsb_cv3val_weakunique3_s1,any_rejection,3,gold+weak,all_stains,10x,1p00,wsi_ihc,,15,45,30,15,0.7822222222222222,,0.8888809011783486,,0.9666666666666668,,0.2666666666666666,,0.6166666666666667,,0.7333333333333333,0.5,cv3val_weakunique3,1,results/gse290577_external/all_internal_experiments/all_external_summary.csv,3.0,l2,1,29.0,4.0,11.0,1.0,0.5592261904761904,0.9567901234567902,0.6928636521053909,0.9889853480637546,0.5111111111111111,0.9333333333333332,0.4696969696969697,0.8333333333333333,0.9,1.0,0.0,0.6666666666666666
external_test,all_internal_experiments,smc_any_rejection_l3_2p00mpp_5x_uni2_clamsb_cv3val_s1,any_rejection,3,gold_only,all_stains,5x,2p00,wsi_he,,15,15,10,5,0.66,,0.8201723276723276,,0.0,,1.0,,0.5,,0.3333333333333333,0.5,cv3val,1,results/gse290577_external/all_internal_experiments/all_external_summary.csv,3.0,l3,2,0.0,5.0,0.0,10.0,0.3173951048951049,0.9549545454545456,0.5707415674603175,0.9936126373626372,0.1333333333333333,0.6,0.5,0.5,0.0,0.0,1.0,1.0
external_test,all_internal_experiments,smc_any_rejection_l3_2p00mpp_5x_uni2_clamsb_cv3val_s1,any_rejection,3,gold_only,all_stains,5x,2p00,wsi_ihc,,15,45,30,15,0.8555555555555556,,0.9199551681265736,,0.0,,1.0,,0.5,,0.3333333333333333,0.5,cv3val,1,results/gse290577_external/all_internal_experiments/all_external_summary.csv,3.0,l3,2,0.0,15.0,0.0,30.0,0.6994137806637807,0.9856769547325104,0.7490238893833819,0.9960865797948238,0.1333333333333333,0.6,0.5,0.5,0.0,0.0,1.0,1.0
external_test,all_internal_experiments,smc_any_rejection_l3_2p00mpp_5x_uni2_clamsb_cv3val_weakunique3_he_only_s1,any_rejection,3,gold+weak,he_only,5x,2p00,wsi_he,,15,15,10,5,0.5800000000000001,,0.814047619047619,,0.0,,1.0,,0.5,,0.3333333333333333,0.5,cv3val_weakunique3_he_only,1,results/gse290577_external/all_internal_experiments/all_external_summary.csv,3.0,l3,2,0.0,5.0,0.0,10.0,0.2777777777777778,0.8707175925925928,0.5765027829313543,0.9677655677655675,0.1333333333333333,0.6,0.5,0.5,0.0,0.0,1.0,1.0
external_test,all_internal_experiments,smc_any_rejection_l3_2p00mpp_5x_uni2_clamsb_cv3val_weakunique3_he_only_s1,any_rejection,3,gold+weak,he_only,5x,2p00,wsi_ihc,,15,45,30,15,0.4977777777777777,,0.6333853166201974,,0.0333333333333333,,0.8666666666666667,,0.45,,0.3111111111111111,0.5,cv3val_weakunique3_he_only,1,results/gse290577_external/all_internal_experiments/all_external_summary.csv,3.0,l3,2,1.0,13.0,2.0,29.0,0.1213220164609053,0.8632770007770009,0.377831464758299,0.9688474250720974,0.1111111111111111,0.5333333333333333,0.3611111111111111,0.5305303030303031,0.0,0.1111111111111111,0.6666666666666666,1.0
external_test,all_internal_experiments,smc_any_rejection_l3_2p00mpp_5x_uni2_clamsb_cv3val_weakunique3_ihc_only_s1,any_rejection,3,gold+weak,ihc_only,5x,2p00,wsi_he,,15,15,10,5,0.68,,0.841078921078921,,0.0,,1.0,,0.5,,0.3333333333333333,0.5,cv3val_weakunique3_ihc_only,1,results/gse290577_external/all_internal_experiments/all_external_summary.csv,3.0,l3,2,0.0,5.0,0.0,10.0,0.3181818181818182,0.981500000000001,0.6232614607614607,1.0,0.1333333333333333,0.6,0.5,0.5,0.0,0.0,1.0,1.0
external_test,all_internal_experiments,smc_any_rejection_l3_2p00mpp_5x_uni2_clamsb_cv3val_weakunique3_ihc_only_s1,any_rejection,3,gold+weak,ihc_only,5x,2p00,wsi_ihc,,15,45,30,15,0.7244444444444444,,0.8717013072684427,,0.0,,1.0,,0.5,,0.3333333333333333,0.5,cv3val_weakunique3_ihc_only,1,results/gse290577_external/all_internal_experiments/all_external_summary.csv,3.0,l3,2,0.0,15.0,0.0,30.0,0.4827991452991453,0.9344343434343436,0.6887963546863498,0.9782045786446976,0.1333333333333333,0.6,0.5,0.5,0.0,0.0,1.0,1.0
external_test,all_internal_experiments,smc_any_rejection_l3_2p00mpp_5x_uni2_clamsb_cv3val_weakunique3_mixed_known_s1,any_rejection,3,gold+weak,mixed_known,5x,2p00,wsi_he,,15,15,10,5,0.66,,0.8593939393939393,,0.0,,1.0,,0.5,,0.3333333333333333,0.5,cv3val_weakunique3_mixed_known,1,results/gse290577_external/all_internal_experiments/all_external_summary.csv,3.0,l3,2,0.0,5.0,0.0,10.0,0.3634469696969697,0.92,0.6451127344877344,0.9794871794871794,0.1333333333333333,0.6,0.5,0.5,0.0,0.0,1.0,1.0
external_test,all_internal_experiments,smc_any_rejection_l3_2p00mpp_5x_uni2_clamsb_cv3val_weakunique3_mixed_known_s1,any_rejection,3,gold+weak,mixed_known,5x,2p00,wsi_ihc,,15,45,30,15,0.7488888888888889,,0.8657485646415891,,0.6333333333333333,,0.7333333333333333,,0.6833333333333333,,0.6666666666666666,0.5,cv3val_weakunique3_mixed_known,1,results/gse290577_external/all_internal_experiments/all_external_summary.csv,3.0,l3,2,19.0,11.0,4.0,11.0,0.5090277777777779,0.9394522144522144,0.6609518913759095,0.9855034641767508,0.4888888888888889,0.8222222222222222,0.45,0.8518834175084176,0.4614583333333333,0.8148148148148148,0.3333333333333333,1.0
external_test,all_internal_experiments,smc_any_rejection_l3_2p00mpp_5x_uni2_clamsb_cv3val_weakunique3_non_he_s1,any_rejection,3,gold+weak,non_he,5x,2p00,wsi_he,,15,15,10,5,0.5599999999999999,,0.7073260073260073,,0.0,,1.0,,0.5,,0.3333333333333333,0.5,cv3val_weakunique3_non_he,1,results/gse290577_external/all_internal_experiments/all_external_summary.csv,3.0,l3,2,0.0,5.0,0.0,10.0,0.1816818181818182,0.9090909090909092,0.4634438775510203,0.9757575757575756,0.1333333333333333,0.6,0.5,0.5,0.0,0.0,1.0,1.0
external_test,all_internal_experiments,smc_any_rejection_l3_2p00mpp_5x_uni2_clamsb_cv3val_weakunique3_non_he_s1,any_rejection,3,gold+weak,non_he,5x,2p00,wsi_ihc,,15,45,30,15,0.8377777777777778,,0.9312214748940456,,0.5333333333333333,,1.0,,0.7666666666666666,,0.6888888888888889,0.5,cv3val_weakunique3_non_he,1,results/gse290577_external/all_internal_experiments/all_external_summary.csv,3.0,l3,2,16.0,15.0,0.0,14.0,0.623423721340388,0.9849046015712682,0.7804854319690212,0.9942870608282997,0.4666666666666667,0.8888888888888888,0.6333333333333333,0.8958333333333333,0.2666666666666666,0.7916666666666666,1.0,1.0
external_test,all_internal_experiments,smc_any_rejection_l3_2p00mpp_5x_uni2_clamsb_cv3val_weakunique3_s1,any_rejection,3,gold+weak,all_stains,5x,2p00,wsi_he,,15,15,10,5,0.7,,0.8744444444444445,,0.3,,1.0,,0.65,,0.5333333333333333,0.5,cv3val_weakunique3,1,results/gse290577_external/all_internal_experiments/all_external_summary.csv,3.0,l3,2,3.0,5.0,0.0,7.0,0.409090909090909,0.9602222222222224,0.6827243165784833,0.987222222222222,0.2666666666666666,0.8,0.5,0.8,0.0,0.6,1.0,1.0
external_test,all_internal_experiments,smc_any_rejection_l3_2p00mpp_5x_uni2_clamsb_cv3val_weakunique3_s1,any_rejection,3,gold+weak,all_stains,5x,2p00,wsi_ihc,,15,45,30,15,0.7444444444444445,,0.8672635833171803,,0.7333333333333333,,0.6,,0.6666666666666666,,0.6888888888888889,0.5,cv3val_weakunique3,1,results/gse290577_external/all_internal_experiments/all_external_summary.csv,3.0,l3,2,22.0,9.0,6.0,8.0,0.5177264957264958,0.9218713256907702,0.6744291240942556,0.9823237871414076,0.5333333333333333,0.8444444444444444,0.4580929487179487,0.8613005050505053,0.5714285714285714,0.8888888888888888,0.2222222222222222,1.0
external_test,gold5_repeated,smc_significant_rejection_l0_0p25mpp_40x_uni2_clamsb_cv5val_s1,significant_rejection,5,gold_only,all_stains,40x,0p25,core,,61,186,107,79,0.7465988406482905,,0.7880795386954614,,1.0,,0.0,,0.5,,0.5752688172043011,0.5,cv5val,1,results/gse290577_external/gold5_repeated/worker_b/all_external_summary.csv,5.0,l0,0p25,107.0,0.0,79.0,0.0,0.6592550505050505,0.8271564871277866,0.694712858073796,0.8704901610703206,0.4918010144008695,0.6595875694371658,0.5,0.5,1.0,1.0,0.0,0.0
external_test,gold5_repeated,smc_significant_rejection_l0_0p25mpp_40x_uni2_clamsb_cv5val_s1,significant_rejection,5,gold_only,all_stains,40x,0p25,wsi_he,,15,15,10,5,0.76,,0.8536832611832611,,1.0,,0.2,,0.6,,0.7333333333333333,0.5,cv5val,1,results/gse290577_external/gold5_repeated/worker_b/all_external_summary.csv,5.0,l0,0p25,10.0,1.0,4.0,0.0,0.3994642857142857,1.0,0.6163252405663119,1.0,0.4666666666666667,0.9333333333333332,0.5,0.8333333333333333,1.0,1.0,0.0,0.6666666666666666
external_test,gold5_repeated,smc_significant_rejection_l0_0p25mpp_40x_uni2_clamsb_cv5val_s1,significant_rejection,5,gold_only,all_stains,40x,0p25,wsi_ihc,,15,45,30,15,0.8599999999999999,,0.942611705921468,,0.9333333333333332,,0.2666666666666666,,0.6,,0.7111111111111111,0.5,cv5val,1,results/gse290577_external/gold5_repeated/worker_b/all_external_summary.csv,5.0,l0,0p25,28.0,4.0,11.0,2.0,0.6547288359788359,1.0,0.8130321900890111,0.9999999999999998,0.5111111111111111,0.8666666666666667,0.4722222222222222,0.7265873015873018,0.8484848484848485,1.0,0.0,0.5
external_test,gold5_repeated,smc_significant_rejection_l0_0p25mpp_40x_uni2_clamsb_cv5val_s11,significant_rejection,5,gold_only,all_stains,40x,0p25,core,,61,186,107,79,0.7344138175795576,,0.7895353352460516,,1.0,,0.0253164556962025,,0.5126582278481012,,0.5860215053763441,0.5,cv5val,11,results/gse290577_external/gold5_repeated/worker_b/all_external_summary.csv,5.0,l0,0p25,107.0,2.0,77.0,0.0,0.6473641249748844,0.8167287550197668,0.6891466072161897,0.8733812675830984,0.5,0.671875,0.5,0.532051282051282,1.0,1.0,0.0,0.0641025641025641
external_test,gold5_repeated,smc_significant_rejection_l0_0p25mpp_40x_uni2_clamsb_cv5val_s11,significant_rejection,5,gold_only,all_stains,40x,0p25,wsi_he,,15,15,10,5,0.76,,0.8536832611832611,,0.9,,0.2,,0.55,,0.6666666666666666,0.5,cv5val,11,results/gse290577_external/gold5_repeated/worker_b/all_external_summary.csv,5.0,l0,0p25,9.0,1.0,4.0,1.0,0.3994642857142857,1.0,0.6162454906204906,1.0,0.4,0.8666666666666667,0.375,0.7916666666666666,0.6666666666666666,1.0,0.0,0.6666666666666666
external_test,gold5_repeated,smc_significant_rejection_l0_0p25mpp_40x_uni2_clamsb_cv5val_s11,significant_rejection,5,gold_only,all_stains,40x,0p25,wsi_ihc,,15,45,30,15,0.8355555555555556,,0.9292412689088656,,0.9,,0.4666666666666667,,0.6833333333333333,,0.7555555555555555,0.5,cv5val,11,results/gse290577_external/gold5_repeated/worker_b/all_external_summary.csv,5.0,l0,0p25,27.0,7.0,8.0,3.0,0.6285037878787879,0.988095238095238,0.7820802510258239,0.9954937068321092,0.5555555555555556,0.9333333333333332,0.4507575757575758,0.910290750915751,0.75,1.0,0.0,0.8909722222222234
external_test,gold5_repeated,smc_significant_rejection_l0_0p25mpp_40x_uni2_clamsb_cv5val_s21,significant_rejection,5,gold_only,all_stains,40x,0p25,core,,61,186,107,79,0.7632793091210219,,0.8153629112997227,,0.97196261682243,,0.1772151898734177,,0.5745889033479238,,0.6344086021505376,0.5,cv5val,21,results/gse290577_external/gold5_repeated/worker_b/all_external_summary.csv,5.0,l0,0p25,104.0,14.0,65.0,3.0,0.6765777786635712,0.842589845960009,0.7332599142661449,0.8897481573272392,0.5515415157425467,0.7158631908061517,0.5302488103675205,0.6246875,0.9387755102040816,1.0,0.0972110215053763,0.2739781263809102
external_test,gold5_repeated,smc_significant_rejection_l0_0p25mpp_40x_uni2_clamsb_cv5val_s21,significant_rejection,5,gold_only,all_stains,40x,0p25,wsi_he,,15,15,10,5,0.8200000000000001,,0.9248737373737372,,0.9,,0.4,,0.65,,0.7333333333333333,0.5,cv5val,21,results/gse290577_external/gold5_repeated/worker_b/all_external_summary.csv,5.0,l0,0p25,9.0,2.0,3.0,1.0,0.5555555555555556,1.0,0.7696906565656565,1.0,0.4666666666666667,0.9333333333333332,0.4166666666666667,0.9230769230769232,0.6666666666666666,1.0,0.0,1.0
external_test,gold5_repeated,smc_significant_rejection_l0_0p25mpp_40x_uni2_clamsb_cv5val_s21,significant_rejection,5,gold_only,all_stains,40x,0p25,wsi_ihc,,15,45,30,15,0.8333333333333333,,0.9304113983329668,,0.8333333333333334,,0.4666666666666667,,0.65,,0.7111111111111111,0.5,cv5val,21,results/gse290577_external/gold5_repeated/worker_b/all_external_summary.csv,5.0,l0,0p25,25.0,7.0,8.0,5.0,0.6161161616161617,1.0,0.7797460415549488,0.9999999999999998,0.4888888888888889,0.8888888888888888,0.416220238095238,0.8888888888888888,0.6060606060606061,1.0,0.0,0.8909722222222234
external_test,gold5_repeated,smc_significant_rejection_l0_0p25mpp_40x_uni2_clamsb_cv5val_s31,significant_rejection,5,gold_only,all_stains,40x,0p25,core,,61,186,107,79,0.7167869395480894,,0.7339323248273986,,0.9813084112149532,,0.0759493670886076,,0.5286288891517804,,0.5967741935483871,0.5,cv5val,31,results/gse290577_external/gold5_repeated/worker_b/all_external_summary.csv,5.0,l0,0p25,105.0,6.0,73.0,2.0,0.6328712028032037,0.7980446752600779,0.62615622154907,0.8438565840487763,0.5166576086956522,0.6791469074765413,0.5031166116213585,0.5587050800932152,0.9514503907174996,1.0,0.025,0.1379310344827586
external_test,gold5_repeated,smc_significant_rejection_l0_0p25mpp_40x_uni2_clamsb_cv5val_s31,significant_rejection,5,gold_only,all_stains,40x,0p25,wsi_he,,15,15,10,5,0.8,,0.8868650793650793,,0.9,,0.6,,0.75,,0.8,0.5,cv5val,31,results/gse290577_external/gold5_repeated/worker_b/all_external_summary.csv,5.0,l0,0p25,9.0,3.0,2.0,1.0,0.4628561253561253,1.0,0.6612031222745508,1.0,0.6,1.0,0.4612980769230769,1.0,0.6666666666666666,1.0,0.0,1.0
external_test,gold5_repeated,smc_significant_rejection_l0_0p25mpp_40x_uni2_clamsb_cv5val_s31,significant_rejection,5,gold_only,all_stains,40x,0p25,wsi_ihc,,15,45,30,15,0.8666666666666667,,0.9460539513373086,,0.7333333333333333,,0.9333333333333332,,0.8333333333333333,,0.8,0.5,cv5val,31,results/gse290577_external/gold5_repeated/worker_b/all_external_summary.csv,5.0,l0,0p25,22.0,14.0,1.0,8.0,0.6646825396825398,0.9979423868312758,0.8162294181466759,0.999108734402852,0.6222222222222222,0.9555555555555556,0.685135582010582,0.95,0.4847643097643098,0.9583333333333334,0.7777777777777778,1.0
external_test,gold5_repeated,smc_significant_rejection_l0_0p25mpp_40x_uni2_clamsb_cv5val_s41,significant_rejection,5,gold_only,all_stains,40x,0p25,core,,61,186,107,79,0.7413935880752396,,0.7942150479311806,,0.97196261682243,,0.2531645569620253,,0.6125635868922277,,0.6666666666666666,0.5,cv5val,41,results/gse290577_external/gold5_repeated/worker_b/all_external_summary.csv,5.0,l0,0p25,104.0,20.0,59.0,3.0,0.6594197883757082,0.8197294935892182,0.7106748024586069,0.8700748595053207,0.5837837837837838,0.7446862787668258,0.5637349356738743,0.6686945340653425,0.9363636363636364,1.0,0.1627749842866122,0.3552856885364094
external_test,gold5_repeated,smc_significant_rejection_l0_0p25mpp_40x_uni2_clamsb_cv5val_s41,significant_rejection,5,gold_only,all_stains,40x,0p25,wsi_he,,15,15,10,5,0.8,,0.8841777666777667,,0.9,,0.6,,0.75,,0.8,0.5,cv5val,41,results/gse290577_external/gold5_repeated/worker_b/all_external_summary.csv,5.0,l0,0p25,9.0,3.0,2.0,1.0,0.4545454545454545,1.0,0.6766660997732427,1.0,0.6,1.0,0.4612980769230769,1.0,0.6666666666666666,1.0,0.0,1.0
external_test,gold5_repeated,smc_significant_rejection_l0_0p25mpp_40x_uni2_clamsb_cv5val_s41,significant_rejection,5,gold_only,all_stains,40x,0p25,wsi_ihc,,15,45,30,15,0.8577777777777779,,0.942131819468776,,0.8333333333333334,,0.6666666666666666,,0.75,,0.7777777777777778,0.5,cv5val,41,results/gse290577_external/gold5_repeated/worker_b/all_external_summary.csv,5.0,l0,0p25,25.0,10.0,5.0,5.0,0.6626873897707232,1.0,0.8103695532621888,1.0,0.6,0.9333333333333332,0.5666666666666667,0.9230769230769232,0.6060606060606061,1.0,0.3333333333333333,0.9454861111111116
external_test,gold5_repeated,smc_significant_rejection_l1_0p50mpp_20x_uni2_clamsb_cv5val_s1,significant_rejection,5,gold_only,all_stains,20x,0p50,wsi_he,,15,15,10,5,0.5800000000000001,,0.6827960927960928,,1.0,,0.4,,0.7,,0.8,0.5,cv5val,1,results/gse290577_external/gold5_repeated/worker_b/all_external_summary.csv,5.0,l1,0p5,10.0,2.0,3.0,0.0,0.076510989010989,1.0,0.4449046179514929,1.0,0.6,1.0,0.5,0.9375,1.0,1.0,0.0,0.875
external_test,gold5_repeated,smc_significant_rejection_l1_0p50mpp_20x_uni2_clamsb_cv5val_s1,significant_rejection,5,gold_only,all_stains,20x,0p50,wsi_ihc,,15,45,30,15,0.88,,0.9485879418096368,,0.9666666666666668,,0.0666666666666666,,0.5166666666666667,,0.6666666666666666,0.5,cv5val,1,results/gse290577_external/gold5_repeated/worker_b/all_external_summary.csv,5.0,l1,0p5,29.0,1.0,14.0,1.0,0.6913580246913581,0.99779012345679,0.8281666156145323,0.9999999999999998,0.4222222222222222,0.8666666666666667,0.4583333333333333,0.5925925925925926,0.8888888888888888,1.0,0.0,0.2222222222222222
external_test,gold5_repeated,smc_significant_rejection_l1_0p50mpp_20x_uni2_clamsb_cv5val_s11,significant_rejection,5,gold_only,all_stains,20x,0p50,wsi_he,,15,15,10,5,0.68,,0.8306349206349206,,1.0,,0.0,,0.5,,0.6666666666666666,0.5,cv5val,11,results/gse290577_external/gold5_repeated/worker_b/all_external_summary.csv,5.0,l1,0p5,10.0,0.0,5.0,0.0,0.3333333333333333,0.9642857142857144,0.5887053571428572,0.9935897435897436,0.4,0.8666666666666667,0.5,0.5,1.0,1.0,0.0,0.0
external_test,gold5_repeated,smc_significant_rejection_l1_0p50mpp_20x_uni2_clamsb_cv5val_s11,significant_rejection,5,gold_only,all_stains,20x,0p50,wsi_ihc,,15,45,30,15,0.8222222222222222,,0.926284691573764,,0.9666666666666668,,0.1333333333333333,,0.55,,0.6888888888888889,0.5,cv5val,11,results/gse290577_external/gold5_repeated/worker_b/all_external_summary.csv,5.0,l1,0p5,29.0,2.0,13.0,1.0,0.6048330527497194,0.996031746031746,0.7757355085043777,0.9979241867201424,0.4666666666666667,0.8888888888888888,0.4722222222222222,0.641025641025641,0.8888888888888888,1.0,0.0,0.3333333333333333
external_test,gold5_repeated,smc_significant_rejection_l1_0p50mpp_20x_uni2_clamsb_cv5val_s21,significant_rejection,5,gold_only,all_stains,20x,0p50,wsi_he,,15,15,10,5,0.78,,0.8812626262626262,,1.0,,0.0,,0.5,,0.6666666666666666,0.5,cv5val,21,results/gse290577_external/gold5_repeated/worker_b/all_external_summary.csv,5.0,l1,0p5,10.0,0.0,5.0,0.0,0.4285714285714285,1.0,0.6601041666666667,1.0,0.4,0.8666666666666667,0.5,0.5,1.0,1.0,0.0,0.0
external_test,gold5_repeated,smc_significant_rejection_l1_0p50mpp_20x_uni2_clamsb_cv5val_s21,significant_rejection,5,gold_only,all_stains,20x,0p50,wsi_ihc,,15,45,30,15,0.8333333333333335,,0.9307206003626894,,0.9666666666666668,,0.2,,0.5833333333333334,,0.7111111111111111,0.5,cv5val,21,results/gse290577_external/gold5_repeated/worker_b/all_external_summary.csv,5.0,l1,0p5,29.0,3.0,12.0,1.0,0.6185816498316499,0.996031746031746,0.781750898083273,0.9986832611832612,0.5111111111111111,0.8888888888888888,0.4870993589743589,0.6666666666666666,0.8888888888888888,1.0,0.0,0.3333333333333333
external_test,gold5_repeated,smc_significant_rejection_l1_0p50mpp_20x_uni2_clamsb_cv5val_s31,significant_rejection,5,gold_only,all_stains,20x,0p50,wsi_he,,15,15,10,5,0.6000000000000001,,0.812012987012987,,1.0,,0.0,,0.5,,0.6666666666666666,0.5,cv5val,31,results/gse290577_external/gold5_repeated/worker_b/all_external_summary.csv,5.0,l1,0p5,10.0,0.0,5.0,0.0,0.2692307692307693,0.8888888888888888,0.540869708994709,0.9686883602508602,0.4,0.8666666666666667,0.5,0.5,1.0,1.0,0.0,0.0
external_test,gold5_repeated,smc_significant_rejection_l1_0p50mpp_20x_uni2_clamsb_cv5val_s31,significant_rejection,5,gold_only,all_stains,20x,0p50,wsi_ihc,,15,45,30,15,0.7866666666666667,,0.9063879227831424,,0.9333333333333332,,0.1333333333333333,,0.5333333333333333,,0.6666666666666666,0.5,cv5val,31,results/gse290577_external/gold5_repeated/worker_b/all_external_summary.csv,5.0,l1,0p5,28.0,2.0,13.0,2.0,0.5729482323232323,0.9662996031746032,0.7389353794495901,0.9880988747771836,0.4222222222222222,0.8666666666666667,0.4333333333333333,0.6333333333333333,0.7777777777777778,1.0,0.0,0.3333333333333333
external_test,gold5_repeated,smc_significant_rejection_l1_0p50mpp_20x_uni2_clamsb_cv5val_s41,significant_rejection,5,gold_only,all_stains,20x,0p50,wsi_he,,15,15,10,5,0.6799999999999999,,0.7998809523809524,,0.9,,0.2,,0.55,,0.6666666666666666,0.5,cv5val,41,results/gse290577_external/gold5_repeated/worker_b/all_external_summary.csv,5.0,l1,0p5,9.0,1.0,4.0,1.0,0.305406746031746,0.9821428571428572,0.5432114834570192,1.0,0.4,0.8666666666666667,0.375,0.7916666666666666,0.6666666666666666,1.0,0.0,0.6666666666666666
external_test,gold5_repeated,smc_significant_rejection_l1_0p50mpp_20x_uni2_clamsb_cv5val_s41,significant_rejection,5,gold_only,all_stains,20x,0p50,wsi_ihc,,15,45,30,15,0.848888888888889,,0.9289497298622412,,0.9666666666666668,,0.0666666666666666,,0.5166666666666667,,0.6666666666666666,0.5,cv5val,41,results/gse290577_external/gold5_repeated/worker_b/all_external_summary.csv,5.0,l1,0p5,29.0,1.0,14.0,1.0,0.6407242063492065,0.9823232323232324,0.7797683827086801,0.9935267161510124,0.4222222222222222,0.8666666666666667,0.4583333333333333,0.5925925925925926,0.8888888888888888,1.0,0.0,0.2222222222222222
external_test,gold5_repeated,smc_significant_rejection_l2_1p00mpp_10x_uni2_clamsb_cv5val_s1,significant_rejection,5,gold_only,all_stains,10x,1p00,wsi_he,,15,15,10,5,0.62,,0.7144627594627594,,0.4,,0.6,,0.5,,0.4666666666666667,0.5,cv5val,1,results/gse290577_external/gold5_repeated/worker_b/all_external_summary.csv,5.0,l2,1,4.0,3.0,2.0,6.0,0.1923076923076923,1.0,0.4698649354118104,1.0,0.2,0.7333333333333333,0.2053571428571428,0.769493006993007,0.1,0.7272727272727273,0.0,1.0
external_test,gold5_repeated,smc_significant_rejection_l2_1p00mpp_10x_uni2_clamsb_cv5val_s1,significant_rejection,5,gold_only,all_stains,10x,1p00,wsi_ihc,,15,45,30,15,0.8822222222222222,,0.9506446954967208,,0.8,,0.8666666666666667,,0.8333333333333334,,0.8222222222222222,0.5,cv5val,1,results/gse290577_external/gold5_repeated/worker_b/all_external_summary.csv,5.0,l2,1,24.0,13.0,2.0,6.0,0.687990520282187,0.9981646825396826,0.82546947945845,1.0,0.6666666666666666,0.9555555555555556,0.6934523809523809,0.9523809523809524,0.5833333333333334,1.0,0.6666666666666666,1.0
external_test,gold5_repeated,smc_significant_rejection_l2_1p00mpp_10x_uni2_clamsb_cv5val_s11,significant_rejection,5,gold_only,all_stains,10x,1p00,wsi_he,,15,15,10,5,0.82,,0.915349927849928,,0.7,,0.8,,0.75,,0.7333333333333333,0.5,cv5val,11,results/gse290577_external/gold5_repeated/worker_b/all_external_summary.csv,5.0,l2,1,7.0,4.0,1.0,3.0,0.54493006993007,1.0,0.745218253968254,1.0,0.5333333333333333,0.9333333333333332,0.5,0.95,0.4,1.0,0.3333333333333333,1.0
external_test,gold5_repeated,smc_significant_rejection_l2_1p00mpp_10x_uni2_clamsb_cv5val_s11,significant_rejection,5,gold_only,all_stains,10x,1p00,wsi_ihc,,15,45,30,15,0.8711111111111112,,0.9501497370834574,,0.8,,0.9333333333333332,,0.8666666666666667,,0.8444444444444444,0.5,cv5val,11,results/gse290577_external/gold5_repeated/worker_b/all_external_summary.csv,5.0,l2,1,24.0,14.0,1.0,6.0,0.6643796296296296,1.0,0.8259888093491035,1.0,0.6666666666666666,1.0,0.7166666666666667,1.0,0.5454545454545454,1.0,0.7777777777777778,1.0
external_test,gold5_repeated,smc_significant_rejection_l2_1p00mpp_10x_uni2_clamsb_cv5val_s21,significant_rejection,5,gold_only,all_stains,10x,1p00,wsi_he,,15,15,10,5,0.76,,0.8502888777888777,,0.1,,1.0,,0.55,,0.4,0.5,cv5val,21,results/gse290577_external/gold5_repeated/worker_b/all_external_summary.csv,5.0,l2,1,1.0,5.0,0.0,9.0,0.4,1.0,0.6054924242424242,1.0,0.2,0.6666666666666666,0.5,0.6666666666666666,0.0,0.3333333333333333,1.0,1.0
external_test,gold5_repeated,smc_significant_rejection_l2_1p00mpp_10x_uni2_clamsb_cv5val_s21,significant_rejection,5,gold_only,all_stains,10x,1p00,wsi_ihc,,15,45,30,15,0.8822222222222222,,0.9515199370346428,,0.7666666666666667,,0.8666666666666667,,0.8166666666666667,,0.8,0.5,cv5val,21,results/gse290577_external/gold5_repeated/worker_b/all_external_summary.csv,5.0,l2,1,23.0,13.0,2.0,7.0,0.6834045584045585,1.0,0.8367929527014463,1.0,0.6,0.9555555555555556,0.6165705128205129,0.9666666666666668,0.5,1.0,0.5555555555555556,1.0
external_test,gold5_repeated,smc_significant_rejection_l2_1p00mpp_10x_uni2_clamsb_cv5val_s31,significant_rejection,5,gold_only,all_stains,10x,1p00,wsi_he,,15,15,10,5,0.92,,0.9669230769230768,,0.0,,1.0,,0.5,,0.3333333333333333,0.5,cv5val,31,results/gse290577_external/gold5_repeated/worker_b/all_external_summary.csv,5.0,l2,1,0.0,5.0,0.0,10.0,0.7272727272727273,1.0,0.8748670377241805,1.0,0.1333333333333333,0.6,0.5,0.5,0.0,0.0,1.0,1.0
external_test,gold5_repeated,smc_significant_rejection_l2_1p00mpp_10x_uni2_clamsb_cv5val_s31,significant_rejection,5,gold_only,all_stains,10x,1p00,wsi_ihc,,15,45,30,15,0.8977777777777778,,0.959428563290352,,0.6333333333333333,,1.0,,0.8166666666666667,,0.7555555555555555,0.5,cv5val,31,results/gse290577_external/gold5_repeated/worker_b/all_external_summary.csv,5.0,l2,1,19.0,15.0,0.0,11.0,0.7160493827160493,1.0,0.8533219946851504,1.0,0.5555555555555556,0.9333333333333332,0.6805555555555556,0.9444444444444444,0.3611111111111111,0.8888888888888888,1.0,1.0
external_test,gold5_repeated,smc_significant_rejection_l2_1p00mpp_10x_uni2_clamsb_cv5val_s41,significant_rejection,5,gold_only,all_stains,10x,1p00,wsi_he,,15,15,10,5,0.82,,0.9119555444555444,,0.3,,1.0,,0.65,,0.5333333333333333,0.5,cv5val,41,results/gse290577_external/gold5_repeated/worker_b/all_external_summary.csv,5.0,l2,1,3.0,5.0,0.0,7.0,0.5383547008547008,1.0,0.7332909374576041,1.0,0.2666666666666666,0.7333333333333333,0.5,0.7857142857142857,0.0,0.5714285714285714,1.0,1.0
external_test,gold5_repeated,smc_significant_rejection_l2_1p00mpp_10x_uni2_clamsb_cv5val_s41,significant_rejection,5,gold_only,all_stains,10x,1p00,wsi_ihc,,15,45,30,15,0.8733333333333333,,0.941931850682028,,0.6333333333333333,,0.9333333333333332,,0.7833333333333333,,0.7333333333333333,0.5,cv5val,41,results/gse290577_external/gold5_repeated/worker_b/all_external_summary.csv,5.0,l2,1,19.0,14.0,1.0,11.0,0.7056701271979049,0.9762716450216452,0.814007215007215,0.992844364937388,0.5555555555555556,0.8888888888888888,0.6398065476190475,0.9074074074074074,0.4,0.8518518518518519,0.7777777777777778,1.0
external_test,gold5_repeated,smc_significant_rejection_l3_2p00mpp_5x_uni2_clamsb_cv5val_s1,significant_rejection,5,gold_only,all_stains,5x,2p00,wsi_he,,15,15,10,5,0.8200000000000001,,0.9248737373737372,,0.0,,1.0,,0.5,,0.3333333333333333,0.5,cv5val,1,results/gse290577_external/gold5_repeated/worker_b/all_external_summary.csv,5.0,l3,2,0.0,5.0,0.0,10.0,0.5681818181818182,1.0,0.7759027777777777,1.0,0.1333333333333333,0.6,0.5,0.5,0.0,0.0,1.0,1.0
external_test,gold5_repeated,smc_significant_rejection_l3_2p00mpp_5x_uni2_clamsb_cv5val_s1,significant_rejection,5,gold_only,all_stains,5x,2p00,wsi_ihc,,15,45,30,15,0.8933333333333333,,0.9571082762814396,,0.5,,1.0,,0.75,,0.6666666666666666,0.5,cv5val,1,results/gse290577_external/gold5_repeated/worker_b/all_external_summary.csv,5.0,l3,2,15.0,15.0,0.0,15.0,0.730335390946502,0.9974974747474749,0.8570573410832132,0.9993589743589744,0.4222222222222222,0.8888888888888888,0.6060606060606061,0.8939393939393939,0.2121212121212121,0.7878787878787878,1.0,1.0
external_test,gold5_repeated,smc_significant_rejection_l3_2p00mpp_5x_uni2_clamsb_cv5val_s11,significant_rejection,5,gold_only,all_stains,5x,2p00,wsi_he,,15,15,10,5,0.78,,0.9091666666666666,,0.1,,1.0,,0.55,,0.4,0.5,cv5val,11,results/gse290577_external/gold5_repeated/worker_b/all_external_summary.csv,5.0,l3,2,1.0,5.0,0.0,9.0,0.5185185185185185,0.9834821428571436,0.7517135642135642,1.0,0.1333333333333333,0.6666666666666666,0.5,0.6666666666666666,0.0,0.3333333333333333,1.0,1.0
external_test,gold5_repeated,smc_significant_rejection_l3_2p00mpp_5x_uni2_clamsb_cv5val_s11,significant_rejection,5,gold_only,all_stains,5x,2p00,wsi_ihc,,15,45,30,15,0.8911111111111112,,0.9504018747395118,,0.4,,1.0,,0.7,,0.6,0.5,cv5val,11,results/gse290577_external/gold5_repeated/worker_b/all_external_summary.csv,5.0,l3,2,12.0,15.0,0.0,18.0,0.7509444444444444,0.9888888888888888,0.8483605196886447,0.9955388973771326,0.3555555555555555,0.8444444444444444,0.5666666666666667,0.8518518518518519,0.1333333333333333,0.7037037037037037,1.0,1.0
external_test,gold5_repeated,smc_significant_rejection_l3_2p00mpp_5x_uni2_clamsb_cv5val_s21,significant_rejection,5,gold_only,all_stains,5x,2p00,wsi_he,,15,15,10,5,0.8,,0.9105880230880232,,0.1,,1.0,,0.55,,0.4,0.5,cv5val,21,results/gse290577_external/gold5_repeated/worker_b/all_external_summary.csv,5.0,l3,2,1.0,5.0,0.0,9.0,0.52,1.0,0.7333333333333334,1.0,0.1333333333333333,0.6666666666666666,0.5,0.6666666666666666,0.0,0.3333333333333333,1.0,1.0
external_test,gold5_repeated,smc_significant_rejection_l3_2p00mpp_5x_uni2_clamsb_cv5val_s21,significant_rejection,5,gold_only,all_stains,5x,2p00,wsi_ihc,,15,45,30,15,0.9133333333333332,,0.9674243086516886,,0.5,,1.0,,0.75,,0.6666666666666666,0.5,cv5val,21,results/gse290577_external/gold5_repeated/worker_b/all_external_summary.csv,5.0,l3,2,15.0,15.0,0.0,15.0,0.7777777777777778,1.0,0.8942805528743029,1.0,0.4444444444444444,0.8666666666666667,0.6212121212121212,0.8833333333333333,0.2424242424242424,0.7666666666666667,1.0,1.0
external_test,gold5_repeated,smc_significant_rejection_l3_2p00mpp_5x_uni2_clamsb_cv5val_s31,significant_rejection,5,gold_only,all_stains,5x,2p00,wsi_he,,15,15,10,5,0.86,,0.9464285714285716,,0.1,,1.0,,0.55,,0.4,0.5,cv5val,31,results/gse290577_external/gold5_repeated/worker_b/all_external_summary.csv,5.0,l3,2,1.0,5.0,0.0,9.0,0.6399999999999999,1.0,0.8249305555555555,1.0,0.1333333333333333,0.6666666666666666,0.5,0.6666666666666666,0.0,0.3333333333333333,1.0,1.0
external_test,gold5_repeated,smc_significant_rejection_l3_2p00mpp_5x_uni2_clamsb_cv5val_s31,significant_rejection,5,gold_only,all_stains,5x,2p00,wsi_ihc,,15,45,30,15,0.9022222222222224,,0.9569964878425498,,0.3,,1.0,,0.65,,0.5333333333333333,0.5,cv5val,31,results/gse290577_external/gold5_repeated/worker_b/all_external_summary.csv,5.0,l3,2,9.0,15.0,0.0,21.0,0.7551440329218106,1.0,0.8584174292694945,1.0,0.3111111111111111,0.7555555555555555,0.537037037037037,0.7833333333333333,0.074074074074074,0.5666666666666667,1.0,1.0
external_test,gold5_repeated,smc_significant_rejection_l3_2p00mpp_5x_uni2_clamsb_cv5val_s41,significant_rejection,5,gold_only,all_stains,5x,2p00,wsi_he,,15,15,10,5,0.84,,0.9262412587412586,,0.2,,1.0,,0.6,,0.4666666666666667,0.5,cv5val,41,results/gse290577_external/gold5_repeated/worker_b/all_external_summary.csv,5.0,l3,2,2.0,5.0,0.0,8.0,0.5714285714285714,1.0,0.777049512987013,1.0,0.2,0.7333333333333333,0.5,0.7272727272727273,0.0,0.4545454545454545,1.0,1.0
external_test,gold5_repeated,smc_significant_rejection_l3_2p00mpp_5x_uni2_clamsb_cv5val_s41,significant_rejection,5,gold_only,all_stains,5x,2p00,wsi_ihc,,15,45,30,15,0.94,,0.979076479076479,,0.1666666666666666,,1.0,,0.5833333333333334,,0.4444444444444444,0.5,cv5val,41,results/gse290577_external/gold5_repeated/worker_b/all_external_summary.csv,5.0,l3,2,5.0,15.0,0.0,25.0,0.8024691358024691,1.0,0.9169118009361912,1.0,0.2444444444444444,0.6666666666666666,0.5185185185185185,0.6515151515151515,0.037037037037037,0.303030303030303,1.0,1.0
internal_cv,internal_cv,smc_acr_0r_vs_rest_l0_0p25mpp_40x_uni2_clamsb_cv3val_s1,acr_any,3,gold_only,all_stains,40x,0.25,internal_cv,slide_bag,,1269,396,873,0.6474318915935012,0.010495509993326975,0.44098395207062274,0.00954140452576208,0.40935783350064137,0.17384319158730957,0.7739733595711856,0.09190884937626771,0.5916655965359134,0.04262224766162338,0.6580871495349078,0.5,cv3val,1,results/smc_acr_0r_vs_rest_l0_0p25mpp_40x_uni2_clamsb_cv3val_s1/summary.csv,,,,,,,,,,,,,,,,,,,
internal_cv,internal_cv,smc_acr_0r_vs_rest_l0_0p25mpp_40x_uni2_clamsb_cv3val_weakunique3_he_only_s1,acr_any,3,gold+weak,he_only,40x,0.25,internal_cv,slide_bag,,603,178,425,0.6482755674314721,0.04079680505064684,0.4215055599657244,0.04730214367969695,0.5517075517075517,0.3051471903927062,0.6292111488921488,0.19501483178262255,0.5904593502998502,0.055964992136756805,0.6058064300107855,0.5,cv3val_weakunique3_he_only,1,results/smc_acr_0r_vs_rest_l0_0p25mpp_40x_uni2_clamsb_cv3val_weakunique3_he_only_s1/summary.csv,,,,,,,,,,,,,,,,,,,
internal_cv,internal_cv,smc_acr_0r_vs_rest_l0_0p25mpp_40x_uni2_clamsb_cv3val_weakunique3_ihc_only_s1,acr_any,3,gold+weak,ihc_only,40x,0.25,internal_cv,slide_bag,,514,182,332,0.6690614291946689,0.013146981445219892,0.5096528401358874,0.04913410937272923,0.5581171516655387,0.04250435288358763,0.7236495388669301,0.03663241305740974,0.6408833452662345,0.01656039197528826,0.664594174886598,0.5,cv3val_weakunique3_ihc_only,1,results/smc_acr_0r_vs_rest_l0_0p25mpp_40x_uni2_clamsb_cv3val_weakunique3_ihc_only_s1/summary.csv,,,,,,,,,,,,,,,,,,,
internal_cv,internal_cv,smc_acr_0r_vs_rest_l0_0p25mpp_40x_uni2_clamsb_cv3val_weakunique3_mixed_known_s1,acr_any,3,gold+weak,mixed_known,40x,0.25,internal_cv,slide_bag,,1261,394,867,0.6482646910278212,0.021072569051192647,0.43980318292338794,0.05215215113950352,0.47576456551294405,0.21460057650669606,0.7177758374889236,0.1755149446661513,0.5967702015009339,0.02073675471603799,0.6384213513212575,0.5,cv3val_weakunique3_mixed_known,1,results/smc_acr_0r_vs_rest_l0_0p25mpp_40x_uni2_clamsb_cv3val_weakunique3_mixed_known_s1/summary.csv,,,,,,,,,,,,,,,,,,,
internal_cv,internal_cv,smc_acr_0r_vs_rest_l0_0p25mpp_40x_uni2_clamsb_cv3val_weakunique3_non_he_s1,acr_any,3,gold+weak,non_he,40x,0.25,internal_cv,slide_bag,,658,216,442,0.6732896743676408,0.00324054748706163,0.48903909901294157,0.09286064521372649,0.4932920536635707,0.0691299680345251,0.7642936682614417,0.083947406608766,0.6287928609625063,0.007495553337825493,0.672922502334267,0.5,cv3val_weakunique3_non_he,1,results/smc_acr_0r_vs_rest_l0_0p25mpp_40x_uni2_clamsb_cv3val_weakunique3_non_he_s1/summary.csv,,,,,,,,,,,,,,,,,,,
internal_cv,internal_cv,smc_acr_0r_vs_rest_l0_0p25mpp_40x_uni2_clamsb_cv3val_weakunique3_s1,acr_any,3,gold+weak,all_stains,40x,0.25,internal_cv,slide_bag,,1269,396,873,0.6553773048742898,0.016199477442509685,0.46629210637581925,0.056940078634923876,0.5867958249679327,0.17813450929038438,0.6379250278706801,0.14136186320399968,0.6123604264193063,0.018474178461182753,0.620548705360082,0.5,cv3val_weakunique3,1,results/smc_acr_0r_vs_rest_l0_0p25mpp_40x_uni2_clamsb_cv3val_weakunique3_s1/summary.csv,,,,,,,,,,,,,,,,,,,
internal_cv,internal_cv,smc_acr_0r_vs_rest_l1_0p50mpp_20x_uni2_clamsb_cv3val_s1,acr_any,3,gold_only,all_stains,20x,0.50,internal_cv,slide_bag,,1269,396,873,0.6461187597822778,0.014259321963191017,0.4260253884028498,0.006394039135567948,0.4383914380123808,0.23523726038262682,0.7099133756742452,0.16697786518869284,0.574152406843313,0.03438608765528176,0.6217262492593324,0.5,cv3val,1,results/smc_acr_0r_vs_rest_l1_0p50mpp_20x_uni2_clamsb_cv3val_s1/summary.csv,,,,,,,,,,,,,,,,,,,
internal_cv,internal_cv,smc_acr_0r_vs_rest_l1_0p50mpp_20x_uni2_clamsb_cv3val_weakunique3_he_only_s1,acr_any,3,gold+weak,he_only,20x,0.50,internal_cv,slide_bag,,603,178,425,0.6428809788534967,0.043027689900248973,0.447858162565014,0.05894631399142705,0.5393458393458394,0.1310142272500522,0.6657779643275399,0.11830002967531777,0.6025619018366896,0.01494234102007324,0.6285103221702049,0.5,cv3val_weakunique3_he_only,1,results/smc_acr_0r_vs_rest_l1_0p50mpp_20x_uni2_clamsb_cv3val_weakunique3_he_only_s1/summary.csv,,,,,,,,,,,,,,,,,,,
internal_cv,internal_cv,smc_acr_0r_vs_rest_l1_0p50mpp_20x_uni2_clamsb_cv3val_weakunique3_ihc_only_s1,acr_any,3,gold+weak,ihc_only,20x,0.50,internal_cv,slide_bag,,514,182,332,0.6896622783135172,0.021866417105074955,0.5282052266577356,0.06330183976531573,0.5706744868035191,0.026516491625706323,0.7281998731274094,0.09881269980797573,0.6494371799654641,0.03789656115250807,0.6688875209787047,0.5,cv3val_weakunique3_ihc_only,1,results/smc_acr_0r_vs_rest_l1_0p50mpp_20x_uni2_clamsb_cv3val_weakunique3_ihc_only_s1/summary.csv,,,,,,,,,,,,,,,,,,,
internal_cv,internal_cv,smc_acr_0r_vs_rest_l1_0p50mpp_20x_uni2_clamsb_cv3val_weakunique3_mixed_known_s1,acr_any,3,gold+weak,mixed_known,20x,0.50,internal_cv,slide_bag,,1261,394,867,0.6507870207864842,0.02546393598536462,0.4597595350703169,0.06979080076139235,0.516276742385619,0.2083457477360513,0.7011117136509548,0.20405532389513045,0.6086942280182869,0.007079214505890552,0.6394376438980062,0.5,cv3val_weakunique3_mixed_known,1,results/smc_acr_0r_vs_rest_l1_0p50mpp_20x_uni2_clamsb_cv3val_weakunique3_mixed_known_s1/summary.csv,,,,,,,,,,,,,,,,,,,
internal_cv,internal_cv,smc_acr_0r_vs_rest_l1_0p50mpp_20x_uni2_clamsb_cv3val_weakunique3_non_he_s1,acr_any,3,gold+weak,non_he,20x,0.50,internal_cv,slide_bag,,658,216,442,0.6748934183281471,0.00992838682883049,0.4931516441004285,0.0998495068659329,0.5111225776860452,0.08193646601820369,0.6968183855877578,0.04125585122207565,0.6039704816369015,0.02083516108193759,0.6379084967320261,0.5,cv3val_weakunique3_non_he,1,results/smc_acr_0r_vs_rest_l1_0p50mpp_20x_uni2_clamsb_cv3val_weakunique3_non_he_s1/summary.csv,,,,,,,,,,,,,,,,,,,
internal_cv,internal_cv,smc_acr_0r_vs_rest_l1_0p50mpp_20x_uni2_clamsb_cv3val_weakunique3_s1,acr_any,3,gold+weak,all_stains,20x,0.50,internal_cv,slide_bag,,1269,396,873,0.6319510811659383,0.02353427839714424,0.4481611797544871,0.07532280789647215,0.5400663480843232,0.08954505403953013,0.6809331469657557,0.03400665136062293,0.6104997475250394,0.028848319509717467,0.6366487025384912,0.5,cv3val_weakunique3,1,results/smc_acr_0r_vs_rest_l1_0p50mpp_20x_uni2_clamsb_cv3val_weakunique3_s1/summary.csv,,,,,,,,,,,,,,,,,,,
internal_cv,internal_cv,smc_acr_0r_vs_rest_l2_1p00mpp_10x_uni2_clamsb_cv3val_s1,acr_any,3,gold_only,all_stains,10x,1.00,internal_cv,slide_bag,,1269,396,873,0.5850180559455039,0.04579029983367859,0.3835363399472251,0.02764563727081079,0.2880563281932593,0.1774564607893349,0.7979907069580983,0.1178804207231571,0.5430235175756789,0.029813902439884684,0.6368970025300265,0.5,cv3val,1,results/smc_acr_0r_vs_rest_l2_1p00mpp_10x_uni2_clamsb_cv3val_s1/summary.csv,,,,,,,,,,,,,,,,,,,
internal_cv,internal_cv,smc_acr_0r_vs_rest_l2_1p00mpp_10x_uni2_clamsb_cv3val_weakunique3_he_only_s1,acr_any,3,gold+weak,he_only,10x,1.00,internal_cv,slide_bag,,603,178,425,0.583061576178102,0.0792580861770117,0.4082484456979642,0.07329406034023445,0.42390572390572395,0.31414033150181,0.6961452977682807,0.23377716258339318,0.5600255108370022,0.040186563853236816,0.6152409633486713,0.5,cv3val_weakunique3_he_only,1,results/smc_acr_0r_vs_rest_l2_1p00mpp_10x_uni2_clamsb_cv3val_weakunique3_he_only_s1/summary.csv,,,,,,,,,,,,,,,,,,,
internal_cv,internal_cv,smc_acr_0r_vs_rest_l2_1p00mpp_10x_uni2_clamsb_cv3val_weakunique3_ihc_only_s1,acr_any,3,gold+weak,ihc_only,10x,1.00,internal_cv,slide_bag,,514,182,332,0.7039012685927132,0.020882001799171733,0.5366892339122574,0.06842038404185426,0.5325738777351681,0.11163025461648879,0.7402405699507147,0.09376402656131363,0.6364072238429413,0.03177898897762147,0.6616825349191205,0.5,cv3val_weakunique3_ihc_only,1,results/smc_acr_0r_vs_rest_l2_1p00mpp_10x_uni2_clamsb_cv3val_weakunique3_ihc_only_s1/summary.csv,,,,,,,,,,,,,,,,,,,
internal_cv,internal_cv,smc_acr_0r_vs_rest_l2_1p00mpp_10x_uni2_clamsb_cv3val_weakunique3_mixed_known_s1,acr_any,3,gold+weak,mixed_known,10x,1.00,internal_cv,slide_bag,,1261,394,867,0.6284710758725996,0.019727213275798846,0.4354143532317925,0.07277252228409323,0.4580048067844937,0.15258345579542615,0.7034987111728023,0.18792454687054347,0.5807517589786481,0.03417087971365251,0.6245474823012187,0.5,cv3val_weakunique3_mixed_known,1,results/smc_acr_0r_vs_rest_l2_1p00mpp_10x_uni2_clamsb_cv3val_weakunique3_mixed_known_s1/summary.csv,,,,,,,,,,,,,,,,,,,
internal_cv,internal_cv,smc_acr_0r_vs_rest_l2_1p00mpp_10x_uni2_clamsb_cv3val_weakunique3_non_he_s1,acr_any,3,gold+weak,non_he,10x,1.00,internal_cv,slide_bag,,658,216,442,0.6557387004205988,0.01603459151930289,0.4659652533542893,0.0889871097551036,0.5366643733516798,0.056708335857806914,0.7082380393974468,0.028834160152527964,0.6224512063745634,0.013937758937823518,0.6532212885154062,0.5,cv3val_weakunique3_non_he,1,results/smc_acr_0r_vs_rest_l2_1p00mpp_10x_uni2_clamsb_cv3val_weakunique3_non_he_s1/summary.csv,,,,,,,,,,,,,,,,,,,
internal_cv,internal_cv,smc_acr_0r_vs_rest_l2_1p00mpp_10x_uni2_clamsb_cv3val_weakunique3_s1,acr_any,3,gold+weak,all_stains,10x,1.00,internal_cv,slide_bag,,1269,396,873,0.63624672347603,0.00894527458798941,0.4377259266495838,0.04369027032655399,0.5219843020932092,0.1517105991890547,0.6660223331418984,0.11654603219232923,0.5940033176175538,0.0180242894689642,0.6220648401568805,0.5,cv3val_weakunique3,1,results/smc_acr_0r_vs_rest_l2_1p00mpp_10x_uni2_clamsb_cv3val_weakunique3_s1/summary.csv,,,,,,,,,,,,,,,,,,,
internal_cv,internal_cv,smc_acr_0r_vs_rest_l3_2p00mpp_5x_uni2_clamsb_cv3val_s1,acr_any,3,gold_only,all_stains,5x,2.00,internal_cv,slide_bag,,1269,396,873,0.6104578997308986,0.07671675279494349,0.417748047979203,0.08781816676765933,0.34040195169445836,0.15576823987169056,0.7949703275790233,0.07452460805032708,0.5676861396367409,0.04393150752136361,0.6524420868485653,0.5,cv3val,1,results/smc_acr_0r_vs_rest_l3_2p00mpp_5x_uni2_clamsb_cv3val_s1/summary.csv,,,,,,,,,,,,,,,,,,,
internal_cv,internal_cv,smc_acr_0r_vs_rest_l3_2p00mpp_5x_uni2_clamsb_cv3val_weakunique3_he_only_s1,acr_any,3,gold+weak,he_only,5x,2.00,internal_cv,slide_bag,,603,178,425,0.5986433783609675,0.04010598239952457,0.3795976117055095,0.02093990482453781,0.3766474266474266,0.16846262134428724,0.7419628144140783,0.13547413947179937,0.5593051205307525,0.0384132314910985,0.6338372979683894,0.5,cv3val_weakunique3_he_only,1,results/smc_acr_0r_vs_rest_l3_2p00mpp_5x_uni2_clamsb_cv3val_weakunique3_he_only_s1/summary.csv,,,,,,,,,,,,,,,,,,,
internal_cv,internal_cv,smc_acr_0r_vs_rest_l3_2p00mpp_5x_uni2_clamsb_cv3val_weakunique3_ihc_only_s1,acr_any,3,gold+weak,ihc_only,5x,2.00,internal_cv,slide_bag,,514,182,332,0.7128599228762856,0.020042481774352774,0.5754689054222448,0.07177289708770335,0.6779983457402813,0.23845680458080798,0.6349729175816132,0.2034138411036985,0.6564856316609472,0.01759797728599734,0.6385544272094053,0.5,cv3val_weakunique3_ihc_only,1,results/smc_acr_0r_vs_rest_l3_2p00mpp_5x_uni2_clamsb_cv3val_weakunique3_ihc_only_s1/summary.csv,,,,,,,,,,,,,,,,,,,
internal_cv,internal_cv,smc_acr_0r_vs_rest_l3_2p00mpp_5x_uni2_clamsb_cv3val_weakunique3_mixed_known_s1,acr_any,3,gold+weak,mixed_known,5x,2.00,internal_cv,slide_bag,,1261,394,867,0.6102680543588638,0.01332257279600512,0.41855805060491114,0.0557823394260405,0.442763358211069,0.18937640509306713,0.6904124578705799,0.2330782289721298,0.5665879080408245,0.023972046697574217,0.6095675786343114,0.5,cv3val_weakunique3_mixed_known,1,results/smc_acr_0r_vs_rest_l3_2p00mpp_5x_uni2_clamsb_cv3val_weakunique3_mixed_known_s1/summary.csv,,,,,,,,,,,,,,,,,,,
internal_cv,internal_cv,smc_acr_0r_vs_rest_l3_2p00mpp_5x_uni2_clamsb_cv3val_weakunique3_non_he_s1,acr_any,3,gold+weak,non_he,5x,2.00,internal_cv,slide_bag,,658,216,442,0.6655695648362426,0.015721511260147585,0.4707035919719608,0.06173144229919808,0.514089553950235,0.1446128765112224,0.7420854323326521,0.0698906942083174,0.6280874931414435,0.03954581051735385,0.6699346405228758,0.5,cv3val_weakunique3_non_he,1,results/smc_acr_0r_vs_rest_l3_2p00mpp_5x_uni2_clamsb_cv3val_weakunique3_non_he_s1/summary.csv,,,,,,,,,,,,,,,,,,,
internal_cv,internal_cv,smc_acr_0r_vs_rest_l3_2p00mpp_5x_uni2_clamsb_cv3val_weakunique3_s1,acr_any,3,gold+weak,all_stains,5x,2.00,internal_cv,slide_bag,,1269,396,873,0.6151644806900961,0.025867498267396004,0.4106865199568712,0.015436939009099447,0.49664439959660184,0.2012398687633816,0.6772870848957805,0.16756148967668721,0.5869657422461911,0.017170345047002083,0.6180939213528588,0.5,cv3val_weakunique3,1,results/smc_acr_0r_vs_rest_l3_2p00mpp_5x_uni2_clamsb_cv3val_weakunique3_s1/summary.csv,,,,,,,,,,,,,,,,,,,
internal_cv,internal_cv,smc_acr_high_grade_l0_0p25mpp_40x_uni2_clamsb_cv3val_s1,acr_high,3,gold_only,all_stains,40x,0.25,internal_cv,slide_bag,,1269,40,1229,0.771791880288069,0.052940132800528665,0.20269518935904607,0.13909750682360228,0.1895424836601307,0.1713116656481197,0.9714121940002918,0.03705935560823345,0.5804773388302112,0.07145140033338189,0.9473221104613883,0.5,cv3val,1,results/smc_acr_high_grade_l0_0p25mpp_40x_uni2_clamsb_cv3val_s1/summary.csv,,,,,,,,,,,,,,,,,,,
internal_cv,internal_cv,smc_acr_high_grade_l0_0p25mpp_40x_uni2_clamsb_cv3val_weakunique3_s1,acr_high,3,gold+weak,all_stains,40x,0.25,internal_cv,slide_bag,,1269,40,1229,0.817073796954085,0.06382950104833043,0.1856420554768944,0.10188764273398558,0.15285204991087345,0.0851881616595754,0.9812584143090648,0.013129698337659193,0.5670552321099692,0.04450843767395327,0.9552932206579959,0.5,cv3val_weakunique3,1,results/smc_acr_high_grade_l0_0p25mpp_40x_uni2_clamsb_cv3val_weakunique3_s1/summary.csv,,,,,,,,,,,,,,,,,,,
internal_cv,internal_cv,smc_acr_high_grade_l0_0p25mpp_40x_uni2_clamsb_cv5val_s1,acr_high,5,gold_only,all_stains,40x,0.25,internal_cv,slide_bag,,1269,40,1229,0.879211963512619,0.073711117337489,0.3834202803956199,0.10338350936378428,0.32888888888888884,0.2110526234770447,0.9869378886726512,0.015284270129678175,0.65791338878077,0.09914723250613927,0.9643410764983458,0.5,cv5val,1,results/smc_acr_high_grade_l0_0p25mpp_40x_uni2_clamsb_cv5val_s1/summary.csv,,,,,,,,,,,,,,,,,,,
internal_cv,internal_cv,smc_acr_high_grade_l0_0p25mpp_40x_uni2_clamsb_cv5val_s11,acr_high,5,gold_only,all_stains,40x,0.25,internal_cv,slide_bag,,1269,40,1229,0.8778270967757871,0.09193891980743811,0.36944514545020823,0.2363125276561428,0.31076923076923074,0.20996227080377616,0.988828305906248,0.009315534874965356,0.6497987683377394,0.10842612817882923,0.9665984027286862,0.5,cv5val,11,results/smc_acr_high_grade_l0_0p25mpp_40x_uni2_clamsb_cv5val_s11/summary.csv,,,,,,,,,,,,,,,,,,,
internal_cv,internal_cv,smc_acr_high_grade_l0_0p25mpp_40x_uni2_clamsb_cv5val_s21,acr_high,5,gold_only,all_stains,40x,0.25,internal_cv,slide_bag,,1269,40,1229,0.8308861389572109,0.09204828420078896,0.3207904404528805,0.20289839185576855,0.22666666666666666,0.14414498873626436,0.9699658638277654,0.025281016750330124,0.598316265247216,0.07780380381834086,0.9462641675245079,0.5,cv5val,21,results/smc_acr_high_grade_l0_0p25mpp_40x_uni2_clamsb_cv5val_s21/summary.csv,,,,,,,,,,,,,,,,,,,
internal_cv,internal_cv,smc_acr_high_grade_l0_0p25mpp_40x_uni2_clamsb_cv5val_s31,acr_high,5,gold_only,all_stains,40x,0.25,internal_cv,slide_bag,,1269,40,1229,0.856293764519571,0.1261177339438429,0.4500077489479291,0.3032669727783958,0.3531623931623932,0.2627384348245403,0.9815267323331838,0.013647307415951248,0.6673445627477885,0.13456984013153808,0.9581366686451555,0.5,cv5val,31,results/smc_acr_high_grade_l0_0p25mpp_40x_uni2_clamsb_cv5val_s31/summary.csv,,,,,,,,,,,,,,,,,,,
internal_cv,internal_cv,smc_acr_high_grade_l0_0p25mpp_40x_uni2_clamsb_cv5val_s41,acr_high,5,gold_only,all_stains,40x,0.25,internal_cv,slide_bag,,1269,40,1229,0.8640830912311899,0.0957319415577458,0.3999738232363627,0.36184843263277294,0.35219780219780217,0.3851957944009146,0.971347995221506,0.024146086779809287,0.6617728987096541,0.19829846691227496,0.9496268307398636,0.5,cv5val,41,results/smc_acr_high_grade_l0_0p25mpp_40x_uni2_clamsb_cv5val_s41/summary.csv,,,,,,,,,,,,,,,,,,,
internal_cv,internal_cv,smc_acr_high_grade_l1_0p50mpp_20x_uni2_clamsb_cv3val_s1,acr_high,3,gold_only,all_stains,20x,0.50,internal_cv,slide_bag,,1269,40,1229,0.7667753947219471,0.06655959267444035,0.15745636741139768,0.08776249434684633,0.1699346405228758,0.16676275584539965,0.9723565471489373,0.013279056209068463,0.5711455938359066,0.07678010402234285,0.947540315248495,0.5,cv3val,1,results/smc_acr_high_grade_l1_0p50mpp_20x_uni2_clamsb_cv3val_s1/summary.csv,,,,,,,,,,,,,,,,,,,
internal_cv,internal_cv,smc_acr_high_grade_l1_0p50mpp_20x_uni2_clamsb_cv3val_weakunique3_s1,acr_high,3,gold+weak,all_stains,20x,0.50,internal_cv,slide_bag,,1269,40,1229,0.8086165760661967,0.06770151761331579,0.21156877447070888,0.06417764067298924,0.2679738562091503,0.24200664812514536,0.9741742456026158,0.015490331500031939,0.6210740509058831,0.11340893578020461,0.9525989019577819,0.5,cv3val_weakunique3,1,results/smc_acr_high_grade_l1_0p50mpp_20x_uni2_clamsb_cv3val_weakunique3_s1/summary.csv,,,,,,,,,,,,,,,,,,,
internal_cv,internal_cv,smc_acr_high_grade_l1_0p50mpp_20x_uni2_clamsb_cv5val_s1,acr_high,5,gold_only,all_stains,20x,0.50,internal_cv,slide_bag,,1269,40,1229,0.8350530098735398,0.12538058726696627,0.37320947679935135,0.31910525330525513,0.3311111111111112,0.3764191254767635,0.9824167350596946,0.012271588631670096,0.6567639230854029,0.1906922708273837,0.9592721188901017,0.5,cv5val,1,results/smc_acr_high_grade_l1_0p50mpp_20x_uni2_clamsb_cv5val_s1/summary.csv,,,,,,,,,,,,,,,,,,,
internal_cv,internal_cv,smc_acr_high_grade_l1_0p50mpp_20x_uni2_clamsb_cv5val_s11,acr_high,5,gold_only,all_stains,20x,0.50,internal_cv,slide_bag,,1269,40,1229,0.7695560481575878,0.10942776367304238,0.27979425589029555,0.22876238930781914,0.2394871794871795,0.2554057245935593,0.9874685406117626,0.008219065457230713,0.613477860049471,0.13073488946749326,0.9634831379311783,0.5,cv5val,11,results/smc_acr_high_grade_l1_0p50mpp_20x_uni2_clamsb_cv5val_s11/summary.csv,,,,,,,,,,,,,,,,,,,
internal_cv,internal_cv,smc_acr_high_grade_l1_0p50mpp_20x_uni2_clamsb_cv5val_s21,acr_high,5,gold_only,all_stains,20x,0.50,internal_cv,slide_bag,,1269,40,1229,0.8395207131138145,0.07819781485801111,0.31276674196883103,0.13202323979508446,0.13666666666666666,0.12494443209327541,0.9849821917142974,0.012447055137190525,0.560824429190482,0.0654009473064151,0.9576292409133034,0.5,cv5val,21,results/smc_acr_high_grade_l1_0p50mpp_20x_uni2_clamsb_cv5val_s21/summary.csv,,,,,,,,,,,,,,,,,,,
internal_cv,internal_cv,smc_acr_high_grade_l1_0p50mpp_20x_uni2_clamsb_cv5val_s31,acr_high,5,gold_only,all_stains,20x,0.50,internal_cv,slide_bag,,1269,40,1229,0.8057943036975296,0.18112225693752512,0.3334762522600423,0.3215886457455811,0.26632478632478634,0.2268338067040102,0.9644934015901757,0.0383864577524203,0.6154090939574811,0.12266972045004212,0.9399811139284656,0.5,cv5val,31,results/smc_acr_high_grade_l1_0p50mpp_20x_uni2_clamsb_cv5val_s31/summary.csv,,,,,,,,,,,,,,,,,,,
internal_cv,internal_cv,smc_acr_high_grade_l1_0p50mpp_20x_uni2_clamsb_cv5val_s41,acr_high,5,gold_only,all_stains,20x,0.50,internal_cv,slide_bag,,1269,40,1229,0.8614652894989611,0.11353314259170116,0.41667397338647544,0.36294557072307976,0.3423076923076923,0.41522432804876724,0.9779707538856997,0.019100918276394558,0.6601392230966959,0.21510659281798478,0.9553260724155136,0.5,cv5val,41,results/smc_acr_high_grade_l1_0p50mpp_20x_uni2_clamsb_cv5val_s41/summary.csv,,,,,,,,,,,,,,,,,,,
internal_cv,internal_cv,smc_acr_high_grade_l2_1p00mpp_10x_uni2_clamsb_cv3val_s1,acr_high,3,gold_only,all_stains,10x,1.00,internal_cv,slide_bag,,1269,40,1229,0.8387566780943462,0.08704735428313448,0.23188899867487703,0.012176815219636684,0.20915032679738563,0.18218771065054057,0.9774255559968337,0.013098489068824161,0.5932879413971096,0.08462319820422903,0.9537711465640721,0.5,cv3val,1,results/smc_acr_high_grade_l2_1p00mpp_10x_uni2_clamsb_cv3val_s1/summary.csv,,,,,,,,,,,,,,,,,,,
internal_cv,internal_cv,smc_acr_high_grade_l2_1p00mpp_10x_uni2_clamsb_cv3val_weakunique3_s1,acr_high,3,gold+weak,all_stains,10x,1.00,internal_cv,slide_bag,,1269,40,1229,0.8852205203116581,0.01805890126508112,0.30927762656571534,0.12646428563376688,0.23692810457516342,0.21413958206014963,0.9767320932155091,0.019852362306804164,0.6068300988953362,0.09782962227818615,0.9540625328981998,0.5,cv3val_weakunique3,1,results/smc_acr_high_grade_l2_1p00mpp_10x_uni2_clamsb_cv3val_weakunique3_s1/summary.csv,,,,,,,,,,,,,,,,,,,
internal_cv,internal_cv,smc_acr_high_grade_l2_1p00mpp_10x_uni2_clamsb_cv5val_s1,acr_high,5,gold_only,all_stains,10x,1.00,internal_cv,slide_bag,,1269,40,1229,0.8251726004155934,0.09716961785641691,0.2800871054362837,0.09524701357684211,0.32666666666666666,0.23617319445224466,0.9771289693530119,0.014359557504195496,0.6518978180098391,0.11733831821745563,0.955008239935555,0.5,cv5val,1,results/smc_acr_high_grade_l2_1p00mpp_10x_uni2_clamsb_cv5val_s1/summary.csv,,,,,,,,,,,,,,,,,,,
internal_cv,internal_cv,smc_acr_high_grade_l2_1p00mpp_10x_uni2_clamsb_cv5val_s11,acr_high,5,gold_only,all_stains,10x,1.00,internal_cv,slide_bag,,1269,40,1229,0.8147597776355326,0.17980333665293652,0.29821272460607223,0.24345202831105686,0.2685470085470086,0.22743588137612883,0.9858995832527547,0.010050305376109214,0.6272232958998816,0.11733102410132264,0.9624246731405665,0.5,cv5val,11,results/smc_acr_high_grade_l2_1p00mpp_10x_uni2_clamsb_cv5val_s11/summary.csv,,,,,,,,,,,,,,,,,,,
internal_cv,internal_cv,smc_acr_high_grade_l2_1p00mpp_10x_uni2_clamsb_cv5val_s21,acr_high,5,gold_only,all_stains,10x,1.00,internal_cv,slide_bag,,1269,40,1229,0.7687141236395334,0.12952032974717134,0.25382597573935683,0.13129652038361955,0.19,0.09098229375970786,0.9884601637046944,0.018552847276430025,0.5892300818523472,0.05212546810622261,0.9627192714694329,0.5,cv5val,21,results/smc_acr_high_grade_l2_1p00mpp_10x_uni2_clamsb_cv5val_s21/summary.csv,,,,,,,,,,,,,,,,,,,
internal_cv,internal_cv,smc_acr_high_grade_l2_1p00mpp_10x_uni2_clamsb_cv5val_s31,acr_high,5,gold_only,all_stains,10x,1.00,internal_cv,slide_bag,,1269,40,1229,0.8242776683099265,0.10657101948782248,0.30008030438244143,0.25491130664891337,0.26632478632478634,0.26730801683419875,0.96963276640696,0.03332785084996213,0.6179787763658732,0.13450619442950634,0.9455286159149952,0.5,cv5val,31,results/smc_acr_high_grade_l2_1p00mpp_10x_uni2_clamsb_cv5val_s31/summary.csv,,,,,,,,,,,,,,,,,,,
internal_cv,internal_cv,smc_acr_high_grade_l2_1p00mpp_10x_uni2_clamsb_cv5val_s41,acr_high,5,gold_only,all_stains,10x,1.00,internal_cv,slide_bag,,1269,40,1229,0.8537679879959613,0.08621803207045052,0.37665995573993105,0.3620335359942115,0.36153846153846153,0.41566941803403984,0.9813710878183993,0.012463727162754706,0.6714547746784304,0.2133420441196046,0.9578467723485602,0.5,cv5val,41,results/smc_acr_high_grade_l2_1p00mpp_10x_uni2_clamsb_cv5val_s41/summary.csv,,,,,,,,,,,,,,,,,,,
internal_cv,internal_cv,smc_acr_high_grade_l3_2p00mpp_5x_uni2_clamsb_cv3val_s1,acr_high,3,gold_only,all_stains,5x,2.00,internal_cv,slide_bag,,1269,40,1229,0.8004184870143952,0.06283893529634452,0.2654026690236599,0.04288922117441456,0.3196672608437314,0.04181672800929986,0.9794051065806962,0.010353057978638152,0.6495361837122138,0.020219754136877176,0.9587476193666319,0.5,cv3val,1,results/smc_acr_high_grade_l3_2p00mpp_5x_uni2_clamsb_cv3val_s1/summary.csv,,,,,,,,,,,,,,,,,,,
internal_cv,internal_cv,smc_acr_high_grade_l3_2p00mpp_5x_uni2_clamsb_cv3val_weakunique3_s1,acr_high,3,gold+weak,all_stains,5x,2.00,internal_cv,slide_bag,,1269,40,1229,0.8373729341243981,0.01291540850686439,0.270550627367365,0.04367716008434647,0.1699346405228758,0.16676275584539965,0.9761979540951599,0.020955312356747646,0.5730662973090178,0.07290379312151733,0.9512822083345296,0.5,cv3val_weakunique3,1,results/smc_acr_high_grade_l3_2p00mpp_5x_uni2_clamsb_cv3val_weakunique3_s1/summary.csv,,,,,,,,,,,,,,,,,,,
internal_cv,internal_cv,smc_acr_high_grade_l3_2p00mpp_5x_uni2_clamsb_cv5val_s1,acr_high,5,gold_only,all_stains,5x,2.00,internal_cv,slide_bag,,1269,40,1229,0.8324793864585125,0.1198419386973269,0.26670960418336537,0.179932248730098,0.34555555555555556,0.2092903942750418,0.959198563684399,0.03259525588960145,0.6523770596199772,0.1021396911426009,0.9394485555413195,0.5,cv5val,1,results/smc_acr_high_grade_l3_2p00mpp_5x_uni2_clamsb_cv5val_s1/summary.csv,,,,,,,,,,,,,,,,,,,
internal_cv,internal_cv,smc_acr_high_grade_l3_2p00mpp_5x_uni2_clamsb_cv5val_s11,acr_high,5,gold_only,all_stains,5x,2.00,internal_cv,slide_bag,,1269,40,1229,0.8518859684575301,0.10269777516163138,0.3926437906368434,0.3424978628094305,0.31743589743589745,0.4002973910918286,0.989397671473705,0.006215328654841942,0.6534167844548012,0.20281150962083813,0.9666500804444229,0.5,cv5val,11,results/smc_acr_high_grade_l3_2p00mpp_5x_uni2_clamsb_cv5val_s11/summary.csv,,,,,,,,,,,,,,,,,,,
internal_cv,internal_cv,smc_acr_high_grade_l3_2p00mpp_5x_uni2_clamsb_cv5val_s21,acr_high,5,gold_only,all_stains,5x,2.00,internal_cv,slide_bag,,1269,40,1229,0.8279426225399866,0.11963528222927904,0.27917026501070985,0.22593615926740745,0.25999999999999995,0.14605934866804432,0.9809337994265895,0.014505761527216195,0.6204668997132947,0.07253995112165937,0.9570940333553566,0.5,cv5val,21,results/smc_acr_high_grade_l3_2p00mpp_5x_uni2_clamsb_cv5val_s21/summary.csv,,,,,,,,,,,,,,,,,,,
internal_cv,internal_cv,smc_acr_high_grade_l3_2p00mpp_5x_uni2_clamsb_cv5val_s31,acr_high,5,gold_only,all_stains,5x,2.00,internal_cv,slide_bag,,1269,40,1229,0.8066541497186659,0.1399547172512543,0.30131973110349186,0.17605009380114114,0.21094017094017095,0.2646830673837869,0.9808813066877583,0.009304781251603028,0.5959107388139646,0.13026819139653703,0.9536295818083342,0.5,cv5val,31,results/smc_acr_high_grade_l3_2p00mpp_5x_uni2_clamsb_cv5val_s31/summary.csv,,,,,,,,,,,,,,,,,,,
internal_cv,internal_cv,smc_acr_high_grade_l3_2p00mpp_5x_uni2_clamsb_cv5val_s41,acr_high,5,gold_only,all_stains,5x,2.00,internal_cv,slide_bag,,1269,40,1229,0.7618700787143767,0.14780937712985429,0.3011488745559411,0.33448138171022485,0.29615384615384616,0.41146656453205355,0.9745617295716267,0.01426506483739446,0.6353577878627363,0.2110021887911643,0.9494827535833353,0.5,cv5val,41,results/smc_acr_high_grade_l3_2p00mpp_5x_uni2_clamsb_cv5val_s41/summary.csv,,,,,,,,,,,,,,,,,,,
internal_cv,internal_cv,smc_amr_positive_l0_0p25mpp_40x_uni2_clamsb_cv3val_s1,amr_positive,3,gold_only,all_stains,40x,0.25,internal_cv,slide_bag,,1269,71,1198,0.7215741092851622,0.06772079920243987,0.14936618507906954,0.050394586046461166,0.24257575757575758,0.14979347582404595,0.9322606495915314,0.028907664785238003,0.5874182035836445,0.060463397707060204,0.8935517352352288,0.5,cv3val,1,results/smc_amr_positive_l0_0p25mpp_40x_uni2_clamsb_cv3val_s1/summary.csv,,,,,,,,,,,,,,,,,,,
internal_cv,internal_cv,smc_amr_positive_l0_0p25mpp_40x_uni2_clamsb_cv3val_weakunique3_he_only_s1,amr_positive,3,gold+weak,he_only,40x,0.25,internal_cv,slide_bag,,603,19,584,0.6761965602171788,0.10554510560139461,0.11312313635137178,0.06852179866739844,0.047619047619047616,0.08247860988423225,0.9588862454841837,0.022414409320269415,0.5032526465516156,0.05239446091446413,0.930289476708865,0.5,cv3val_weakunique3_he_only,1,results/smc_amr_positive_l0_0p25mpp_40x_uni2_clamsb_cv3val_weakunique3_he_only_s1/summary.csv,,,,,,,,,,,,,,,,,,,
internal_cv,internal_cv,smc_amr_positive_l0_0p25mpp_40x_uni2_clamsb_cv3val_weakunique3_ihc_only_s1,amr_positive,3,gold+weak,ihc_only,40x,0.25,internal_cv,slide_bag,,514,49,465,0.6733642995629391,0.12381680297852293,0.22261827684325683,0.05999278935517921,0.23379629629629628,0.15471208158802727,0.914899551947863,0.043015224917019534,0.5743479241220796,0.05824116934067519,0.8499207882597144,0.5,cv3val_weakunique3_ihc_only,1,results/smc_amr_positive_l0_0p25mpp_40x_uni2_clamsb_cv3val_weakunique3_ihc_only_s1/summary.csv,,,,,,,,,,,,,,,,,,,
internal_cv,internal_cv,smc_amr_positive_l0_0p25mpp_40x_uni2_clamsb_cv3val_weakunique3_mixed_known_s1,amr_positive,3,gold+weak,mixed_known,40x,0.25,internal_cv,slide_bag,,1261,71,1190,0.6974480954868886,0.05265687299571256,0.13366453725657584,0.02488526756757779,0.14606060606060606,0.16068380051068146,0.9380935276409414,0.03262224814371564,0.5420770668507737,0.06444321718093743,0.89334306672656,0.5,cv3val_weakunique3_mixed_known,1,results/smc_amr_positive_l0_0p25mpp_40x_uni2_clamsb_cv3val_weakunique3_mixed_known_s1/summary.csv,,,,,,,,,,,,,,,,,,,
internal_cv,internal_cv,smc_amr_positive_l0_0p25mpp_40x_uni2_clamsb_cv3val_weakunique3_non_he_s1,amr_positive,3,gold+weak,non_he,40x,0.25,internal_cv,slide_bag,,658,52,606,0.6693437555699724,0.03971984553251024,0.1516549195271175,0.01515680246702193,0.18614551083591332,0.11233514260125438,0.9111201607673459,0.008855646980329144,0.5486328358016296,0.05174991561350888,0.8541094150850248,0.5,cv3val_weakunique3_non_he,1,results/smc_amr_positive_l0_0p25mpp_40x_uni2_clamsb_cv3val_weakunique3_non_he_s1/summary.csv,,,,,,,,,,,,,,,,,,,
internal_cv,internal_cv,smc_amr_positive_l0_0p25mpp_40x_uni2_clamsb_cv3val_weakunique3_s1,amr_positive,3,gold+weak,all_stains,40x,0.25,internal_cv,slide_bag,,1269,71,1198,0.7048937189974075,0.01575166140140094,0.1310729482791699,0.02046861018903805,0.2140909090909091,0.1678885649707385,0.9448751838553703,0.03250898412456749,0.5794830464731396,0.06796987604394068,0.9038838063616047,0.5,cv3val_weakunique3,1,results/smc_amr_positive_l0_0p25mpp_40x_uni2_clamsb_cv3val_weakunique3_s1/summary.csv,,,,,,,,,,,,,,,,,,,
internal_cv,internal_cv,smc_amr_positive_l0_0p25mpp_40x_uni2_clamsb_cv5val_s1,amr_positive,5,gold_only,all_stains,40x,0.25,internal_cv,slide_bag,,1269,71,1198,0.7146745248096481,0.08170594681196125,0.20148331025227834,0.05599276045901318,0.33592074592074594,0.17190052511788476,0.9290511206980373,0.04301236834936712,0.6324859333093917,0.08684559416980418,0.8969623158078239,0.5,cv5val,1,results/smc_amr_positive_l0_0p25mpp_40x_uni2_clamsb_cv5val_s1/summary.csv,,,,,,,,,,,,,,,,,,,
internal_cv,internal_cv,smc_amr_positive_l0_0p25mpp_40x_uni2_clamsb_cv5val_s11,amr_positive,5,gold_only,all_stains,40x,0.25,internal_cv,slide_bag,,1269,71,1198,0.7481407940600144,0.04354442894014253,0.16702347541789345,0.045325781415000974,0.2372604588394062,0.12358769231424702,0.9318534870521944,0.045413955028002155,0.5845569729458002,0.041124668163771964,0.8925424290236267,0.5,cv5val,11,results/smc_amr_positive_l0_0p25mpp_40x_uni2_clamsb_cv5val_s11/summary.csv,,,,,,,,,,,,,,,,,,,
internal_cv,internal_cv,smc_amr_positive_l0_0p25mpp_40x_uni2_clamsb_cv5val_s21,amr_positive,5,gold_only,all_stains,40x,0.25,internal_cv,slide_bag,,1269,71,1198,0.677757066931546,0.10382408911895949,0.1826041475395217,0.10056481542063844,0.185,0.17324516988617286,0.9410559190817525,0.054963809207661064,0.5630279595408763,0.0737070525976167,0.9015019951826277,0.5,cv5val,21,results/smc_amr_positive_l0_0p25mpp_40x_uni2_clamsb_cv5val_s21/summary.csv,,,,,,,,,,,,,,,,,,,
internal_cv,internal_cv,smc_amr_positive_l0_0p25mpp_40x_uni2_clamsb_cv5val_s31,amr_positive,5,gold_only,all_stains,40x,0.25,internal_cv,slide_bag,,1269,71,1198,0.6886223891877199,0.12204252753802533,0.19414424078245254,0.10392507475515236,0.22773892773892773,0.18931520687344233,0.9249759470481346,0.03585249198399367,0.5763574373935312,0.10313666976783925,0.8861392689599231,0.5,cv5val,31,results/smc_amr_positive_l0_0p25mpp_40x_uni2_clamsb_cv5val_s31/summary.csv,,,,,,,,,,,,,,,,,,,
internal_cv,internal_cv,smc_amr_positive_l0_0p25mpp_40x_uni2_clamsb_cv5val_s41,amr_positive,5,gold_only,all_stains,40x,0.25,internal_cv,slide_bag,,1269,71,1198,0.7449377497307075,0.0781565635928626,0.23719784399049693,0.11566461049122889,0.2674747474747475,0.09465460331748742,0.9268363514419852,0.05566341920093401,0.5971555494583664,0.03914288120088604,0.8901500248370942,0.5,cv5val,41,results/smc_amr_positive_l0_0p25mpp_40x_uni2_clamsb_cv5val_s41/summary.csv,,,,,,,,,,,,,,,,,,,
internal_cv,internal_cv,smc_amr_positive_l1_0p50mpp_20x_uni2_clamsb_cv3val_s1,amr_positive,3,gold_only,all_stains,20x,0.50,internal_cv,slide_bag,,1269,71,1198,0.709372335141413,0.05791382876040218,0.1715060138105681,0.005535161528246241,0.2432828282828283,0.10758603592951947,0.9578169008898954,0.030193295696870258,0.600549864586362,0.041604348756123045,0.9176791299076769,0.5,cv3val,1,results/smc_amr_positive_l1_0p50mpp_20x_uni2_clamsb_cv3val_s1/summary.csv,,,,,,,,,,,,,,,,,,,
internal_cv,internal_cv,smc_amr_positive_l1_0p50mpp_20x_uni2_clamsb_cv3val_weakunique3_he_only_s1,amr_positive,3,gold+weak,he_only,20x,0.50,internal_cv,slide_bag,,603,19,584,0.5945988528462754,0.08043096372217824,0.0606920877977738,0.01819699850560259,0.0,0.0,0.9708696801480308,0.01300393921785079,0.4854348400740154,0.006501969608925395,0.9402645189892124,0.5,cv3val_weakunique3_he_only,1,results/smc_amr_positive_l1_0p50mpp_20x_uni2_clamsb_cv3val_weakunique3_he_only_s1/summary.csv,,,,,,,,,,,,,,,,,,,
internal_cv,internal_cv,smc_amr_positive_l1_0p50mpp_20x_uni2_clamsb_cv3val_weakunique3_ihc_only_s1,amr_positive,3,gold+weak,ihc_only,20x,0.50,internal_cv,slide_bag,,514,49,465,0.6682088423319562,0.10661554035175955,0.2842803332718243,0.18505243739176724,0.41805555555555557,0.26088568874622575,0.8493619257513602,0.09243187658021706,0.6337087406534578,0.1043687705842841,0.8077933645607024,0.5,cv3val_weakunique3_ihc_only,1,results/smc_amr_positive_l1_0p50mpp_20x_uni2_clamsb_cv3val_weakunique3_ihc_only_s1/summary.csv,,,,,,,,,,,,,,,,,,,
internal_cv,internal_cv,smc_amr_positive_l1_0p50mpp_20x_uni2_clamsb_cv3val_weakunique3_mixed_known_s1,amr_positive,3,gold+weak,mixed_known,20x,0.50,internal_cv,slide_bag,,1261,71,1190,0.6764658360078618,0.03523355918487151,0.1306937962040805,0.02970572834766947,0.10242424242424242,0.11528381554546918,0.9753908388067871,0.022546283661721227,0.5389075406155147,0.0472607978651487,0.9261486291769468,0.5,cv3val_weakunique3_mixed_known,1,results/smc_amr_positive_l1_0p50mpp_20x_uni2_clamsb_cv3val_weakunique3_mixed_known_s1/summary.csv,,,,,,,,,,,,,,,,,,,
internal_cv,internal_cv,smc_amr_positive_l1_0p50mpp_20x_uni2_clamsb_cv3val_weakunique3_non_he_s1,amr_positive,3,gold+weak,non_he,20x,0.50,internal_cv,slide_bag,,658,52,606,0.6762842209623993,0.04975692309510172,0.1472385594350157,0.02960434875389236,0.17189112487100103,0.048367001465162054,0.911180708243141,0.02047362149343956,0.5415359165570711,0.033875277520832185,0.8528644577425065,0.5,cv3val_weakunique3_non_he,1,results/smc_amr_positive_l1_0p50mpp_20x_uni2_clamsb_cv3val_weakunique3_non_he_s1/summary.csv,,,,,,,,,,,,,,,,,,,
internal_cv,internal_cv,smc_amr_positive_l1_0p50mpp_20x_uni2_clamsb_cv3val_weakunique3_s1,amr_positive,3,gold+weak,all_stains,20x,0.50,internal_cv,slide_bag,,1269,71,1198,0.6647272804710088,0.08000350854975215,0.14220810866252787,0.009641982554676111,0.23964646464646466,0.04706937939775831,0.9375120501121685,0.016639578340132393,0.5885792573793166,0.03095581630859409,0.8984961991999731,0.5,cv3val_weakunique3,1,results/smc_amr_positive_l1_0p50mpp_20x_uni2_clamsb_cv3val_weakunique3_s1/summary.csv,,,,,,,,,,,,,,,,,,,
internal_cv,internal_cv,smc_amr_positive_l1_0p50mpp_20x_uni2_clamsb_cv5val_s1,amr_positive,5,gold_only,all_stains,20x,0.50,internal_cv,slide_bag,,1269,71,1198,0.6601148637550714,0.030175137599359886,0.19190226677966404,0.0782364281728565,0.23498057498057498,0.1373542714219361,0.9341711006684266,0.04341949141815957,0.5845758378245007,0.05864845161303697,0.8969502701038348,0.5,cv5val,1,results/smc_amr_positive_l1_0p50mpp_20x_uni2_clamsb_cv5val_s1/summary.csv,,,,,,,,,,,,,,,,,,,
internal_cv,internal_cv,smc_amr_positive_l1_0p50mpp_20x_uni2_clamsb_cv5val_s11,amr_positive,5,gold_only,all_stains,20x,0.50,internal_cv,slide_bag,,1269,71,1198,0.7489968032553209,0.044728315830253995,0.18779066649910997,0.06133489491891339,0.2854520917678812,0.18263718494065512,0.9385386008042641,0.03801188117685691,0.6119953462860726,0.07360567676943378,0.901742180228727,0.5,cv5val,11,results/smc_amr_positive_l1_0p50mpp_20x_uni2_clamsb_cv5val_s11/summary.csv,,,,,,,,,,,,,,,,,,,
internal_cv,internal_cv,smc_amr_positive_l1_0p50mpp_20x_uni2_clamsb_cv5val_s21,amr_positive,5,gold_only,all_stains,20x,0.50,internal_cv,slide_bag,,1269,71,1198,0.6958015110473168,0.1106339899889738,0.20292339432849954,0.0732228583241386,0.24899999999999997,0.1095673308974897,0.8983676561304318,0.05699945045558747,0.5736838280652159,0.0643699397583802,0.8626255674222753,0.5,cv5val,21,results/smc_amr_positive_l1_0p50mpp_20x_uni2_clamsb_cv5val_s21/summary.csv,,,,,,,,,,,,,,,,,,,
internal_cv,internal_cv,smc_amr_positive_l1_0p50mpp_20x_uni2_clamsb_cv5val_s31,amr_positive,5,gold_only,all_stains,20x,0.50,internal_cv,slide_bag,,1269,71,1198,0.6810441278628703,0.08403073040108139,0.19441455995103246,0.05024392569379198,0.19160839160839163,0.06811878224883061,0.9502498725971016,0.02313315358022705,0.5709291321027465,0.027587763132899786,0.9083194810480555,0.5,cv5val,31,results/smc_amr_positive_l1_0p50mpp_20x_uni2_clamsb_cv5val_s31/summary.csv,,,,,,,,,,,,,,,,,,,
internal_cv,internal_cv,smc_amr_positive_l1_0p50mpp_20x_uni2_clamsb_cv5val_s41,amr_positive,5,gold_only,all_stains,20x,0.50,internal_cv,slide_bag,,1269,71,1198,0.6727252887696549,0.10264235668513702,0.18721638034466823,0.10965567869863733,0.2723232323232323,0.07757944014828316,0.934845405767941,0.02562968783709092,0.6035843190455866,0.04074967545156981,0.8983960576326601,0.5,cv5val,41,results/smc_amr_positive_l1_0p50mpp_20x_uni2_clamsb_cv5val_s41/summary.csv,,,,,,,,,,,,,,,,,,,
internal_cv,internal_cv,smc_amr_positive_l2_1p00mpp_10x_uni2_clamsb_cv3val_s1,amr_positive,3,gold_only,all_stains,10x,1.00,internal_cv,slide_bag,,1269,71,1198,0.6800115844238993,0.025129013676300396,0.15112971156861538,0.04388828494910432,0.2863636363636364,0.10918556499513013,0.9232615915205252,0.024440264216839477,0.6048126139420807,0.05846006364276399,0.8875036372781292,0.5,cv3val,1,results/smc_amr_positive_l2_1p00mpp_10x_uni2_clamsb_cv3val_s1/summary.csv,,,,,,,,,,,,,,,,,,,
internal_cv,internal_cv,smc_amr_positive_l2_1p00mpp_10x_uni2_clamsb_cv3val_weakunique3_he_only_s1,amr_positive,3,gold+weak,he_only,10x,1.00,internal_cv,slide_bag,,603,19,584,0.5700942814344877,0.2530126474305543,0.07534918343783707,0.063216949950477,0.16666666666666666,0.2886751345948129,0.9640408846594414,0.025641248194751505,0.565353775663054,0.13341770295145125,0.9386062262942713,0.5,cv3val_weakunique3_he_only,1,results/smc_amr_positive_l2_1p00mpp_10x_uni2_clamsb_cv3val_weakunique3_he_only_s1/summary.csv,,,,,,,,,,,,,,,,,,,
internal_cv,internal_cv,smc_amr_positive_l2_1p00mpp_10x_uni2_clamsb_cv3val_weakunique3_ihc_only_s1,amr_positive,3,gold+weak,ihc_only,10x,1.00,internal_cv,slide_bag,,514,49,465,0.6611937343618167,0.09923001847341413,0.20217224348937815,0.035869794226822176,0.3972222222222222,0.22917929258148118,0.8618050100375316,0.05699126324992949,0.629513616129877,0.08672854716863265,0.8169547020218162,0.5,cv3val_weakunique3_ihc_only,1,results/smc_amr_positive_l2_1p00mpp_10x_uni2_clamsb_cv3val_weakunique3_ihc_only_s1/summary.csv,,,,,,,,,,,,,,,,,,,
internal_cv,internal_cv,smc_amr_positive_l2_1p00mpp_10x_uni2_clamsb_cv3val_weakunique3_mixed_known_s1,amr_positive,3,gold+weak,mixed_known,10x,1.00,internal_cv,slide_bag,,1261,71,1190,0.7091357696422351,0.025651738481072803,0.13110260725891307,0.02998413543139783,0.1447979797979798,0.11750938587967943,0.9440421455938698,0.02620969014484678,0.5444200626959247,0.06210480220222462,0.898983517962659,0.5,cv3val_weakunique3_mixed_known,1,results/smc_amr_positive_l2_1p00mpp_10x_uni2_clamsb_cv3val_weakunique3_mixed_known_s1/summary.csv,,,,,,,,,,,,,,,,,,,
internal_cv,internal_cv,smc_amr_positive_l2_1p00mpp_10x_uni2_clamsb_cv3val_weakunique3_non_he_s1,amr_positive,3,gold+weak,non_he,10x,1.00,internal_cv,slide_bag,,658,52,606,0.621720909567883,0.06941108490141387,0.1608977648737053,0.09707008914209424,0.09100877192982455,0.10811981764543613,0.9393804516062532,0.020595150175258564,0.5151946117680388,0.05937739591602993,0.8725895360041701,0.5,cv3val_weakunique3_non_he,1,results/smc_amr_positive_l2_1p00mpp_10x_uni2_clamsb_cv3val_weakunique3_non_he_s1/summary.csv,,,,,,,,,,,,,,,,,,,
internal_cv,internal_cv,smc_amr_positive_l2_1p00mpp_10x_uni2_clamsb_cv3val_weakunique3_s1,amr_positive,3,gold+weak,all_stains,10x,1.00,internal_cv,slide_bag,,1269,71,1198,0.6911528313393998,0.020677122304187834,0.14377886064417697,0.022267860841044002,0.2814646464646465,0.009554268818056636,0.9351680686039628,0.021686024547542624,0.6083163575343047,0.011047323598637526,0.8986553935359652,0.5,cv3val_weakunique3,1,results/smc_amr_positive_l2_1p00mpp_10x_uni2_clamsb_cv3val_weakunique3_s1/summary.csv,,,,,,,,,,,,,,,,,,,
internal_cv,internal_cv,smc_amr_positive_l2_1p00mpp_10x_uni2_clamsb_cv5val_s1,amr_positive,5,gold_only,all_stains,10x,1.00,internal_cv,slide_bag,,1269,71,1198,0.6717837642271383,0.07711438585137383,0.19858843802568577,0.07387439149949193,0.2968298368298368,0.1535001406666157,0.9038818497078329,0.04158515467266985,0.600355843268835,0.06820605856653143,0.8708013019028593,0.5,cv5val,1,results/smc_amr_positive_l2_1p00mpp_10x_uni2_clamsb_cv5val_s1/summary.csv,,,,,,,,,,,,,,,,,,,
internal_cv,internal_cv,smc_amr_positive_l2_1p00mpp_10x_uni2_clamsb_cv5val_s11,amr_positive,5,gold_only,all_stains,10x,1.00,internal_cv,slide_bag,,1269,71,1198,0.6878436344800072,0.0610002987175554,0.15506298139149666,0.04372857206303366,0.1998380566801619,0.11103182584676462,0.9262981173116496,0.03097040919232372,0.5630680869959057,0.0449892430329148,0.8856209451149895,0.5,cv5val,11,results/smc_amr_positive_l2_1p00mpp_10x_uni2_clamsb_cv5val_s11/summary.csv,,,,,,,,,,,,,,,,,,,
internal_cv,internal_cv,smc_amr_positive_l2_1p00mpp_10x_uni2_clamsb_cv5val_s21,amr_positive,5,gold_only,all_stains,10x,1.00,internal_cv,slide_bag,,1269,71,1198,0.6565216798620638,0.07115299109829872,0.17646468595967504,0.09908805549646886,0.24861111111111112,0.1734332422177849,0.9241951094361747,0.040539147359323735,0.586403110273643,0.09345539880113587,0.8850929141872873,0.5,cv5val,21,results/smc_amr_positive_l2_1p00mpp_10x_uni2_clamsb_cv5val_s21/summary.csv,,,,,,,,,,,,,,,,,,,
internal_cv,internal_cv,smc_amr_positive_l2_1p00mpp_10x_uni2_clamsb_cv5val_s31,amr_positive,5,gold_only,all_stains,10x,1.00,internal_cv,slide_bag,,1269,71,1198,0.6800616452421482,0.07652727317905465,0.17862205680434376,0.06951756067393196,0.21585081585081584,0.07074793682299947,0.9207343588421649,0.04908824053426425,0.5682925873464904,0.022476651650344254,0.8814671857469379,0.5,cv5val,31,results/smc_amr_positive_l2_1p00mpp_10x_uni2_clamsb_cv5val_s31/summary.csv,,,,,,,,,,,,,,,,,,,
internal_cv,internal_cv,smc_amr_positive_l2_1p00mpp_10x_uni2_clamsb_cv5val_s41,amr_positive,5,gold_only,all_stains,10x,1.00,internal_cv,slide_bag,,1269,71,1198,0.6394377731032661,0.11540109088469955,0.17114954659951476,0.1386219625272923,0.12606060606060607,0.1559001823293398,0.9482983456293317,0.013707854495927577,0.5371794758449688,0.07699440363085645,0.9045004465934122,0.5,cv5val,41,results/smc_amr_positive_l2_1p00mpp_10x_uni2_clamsb_cv5val_s41/summary.csv,,,,,,,,,,,,,,,,,,,
internal_cv,internal_cv,smc_amr_positive_l3_2p00mpp_5x_uni2_clamsb_cv3val_s1,amr_positive,3,gold_only,all_stains,5x,2.00,internal_cv,slide_bag,,1269,71,1198,0.626596372653517,0.04142420680079212,0.1296148944189229,0.0016811034641539921,0.2372727272727273,0.05031306946189714,0.9194441170329832,0.06369634174567192,0.5783584221528553,0.03414727395506044,0.8813957819520768,0.5,cv3val,1,results/smc_amr_positive_l3_2p00mpp_5x_uni2_clamsb_cv3val_s1/summary.csv,,,,,,,,,,,,,,,,,,,
internal_cv,internal_cv,smc_amr_positive_l3_2p00mpp_5x_uni2_clamsb_cv3val_weakunique3_he_only_s1,amr_positive,3,gold+weak,he_only,5x,2.00,internal_cv,slide_bag,,603,19,584,0.5753227681062733,0.20461229222299387,0.07892438868522265,0.0705860931938964,0.05555555555555555,0.09622504486493763,0.967494933474315,0.014758067943599485,0.5115252445149353,0.04488029656401152,0.9386886524473343,0.5,cv3val_weakunique3_he_only,1,results/smc_amr_positive_l3_2p00mpp_5x_uni2_clamsb_cv3val_weakunique3_he_only_s1/summary.csv,,,,,,,,,,,,,,,,,,,
internal_cv,internal_cv,smc_amr_positive_l3_2p00mpp_5x_uni2_clamsb_cv3val_weakunique3_ihc_only_s1,amr_positive,3,gold+weak,ihc_only,5x,2.00,internal_cv,slide_bag,,514,49,465,0.6615949704450457,0.13218890771318612,0.32168196913008557,0.19971973371534274,0.350462962962963,0.18496920275299397,0.9333911582438684,0.04065757921014993,0.6419270606034156,0.07226612557863936,0.8771096901689743,0.5,cv3val_weakunique3_ihc_only,1,results/smc_amr_positive_l3_2p00mpp_5x_uni2_clamsb_cv3val_weakunique3_ihc_only_s1/summary.csv,,,,,,,,,,,,,,,,,,,
internal_cv,internal_cv,smc_amr_positive_l3_2p00mpp_5x_uni2_clamsb_cv3val_weakunique3_mixed_known_s1,amr_positive,3,gold+weak,mixed_known,5x,2.00,internal_cv,slide_bag,,1261,71,1190,0.5849115695128626,0.043008810782445714,0.11085250125972912,0.030501765513561707,0.19853535353535354,0.03469013209500507,0.9115243568691844,0.06410806934241804,0.555029855202269,0.024717620783538015,0.8713422231011186,0.5,cv3val_weakunique3_mixed_known,1,results/smc_amr_positive_l3_2p00mpp_5x_uni2_clamsb_cv3val_weakunique3_mixed_known_s1/summary.csv,,,,,,,,,,,,,,,,,,,
internal_cv,internal_cv,smc_amr_positive_l3_2p00mpp_5x_uni2_clamsb_cv3val_weakunique3_non_he_s1,amr_positive,3,gold+weak,non_he,5x,2.00,internal_cv,slide_bag,,658,52,606,0.5732249906652059,0.07098426803773807,0.1099344965387599,0.02161772226552861,0.07759287925696594,0.035037114736817136,0.9378618137783654,0.018176843761834004,0.5077273465176656,0.013407618896995103,0.8698790332936674,0.5,cv3val_weakunique3_non_he,1,results/smc_amr_positive_l3_2p00mpp_5x_uni2_clamsb_cv3val_weakunique3_non_he_s1/summary.csv,,,,,,,,,,,,,,,,,,,
internal_cv,internal_cv,smc_amr_positive_l3_2p00mpp_5x_uni2_clamsb_cv3val_weakunique3_s1,amr_positive,3,gold+weak,all_stains,5x,2.00,internal_cv,slide_bag,,1269,71,1198,0.6157585452481381,0.041975335015124016,0.1141729650886042,0.029351905071587005,0.2155050505050505,0.09928536352280802,0.9398369054141963,0.005294308040541797,0.5776709779596234,0.04718817448296461,0.8991812451620934,0.5,cv3val_weakunique3,1,results/smc_amr_positive_l3_2p00mpp_5x_uni2_clamsb_cv3val_weakunique3_s1/summary.csv,,,,,,,,,,,,,,,,,,,
internal_cv,internal_cv,smc_amr_positive_l3_2p00mpp_5x_uni2_clamsb_cv5val_s1,amr_positive,5,gold_only,all_stains,5x,2.00,internal_cv,slide_bag,,1269,71,1198,0.6250414167358439,0.0651507024321592,0.23080140387296186,0.08086401867893005,0.30608391608391605,0.0795929100142834,0.9270408502019197,0.022472966799662285,0.6165623831429179,0.04687991126548664,0.8921005443668877,0.5,cv5val,1,results/smc_amr_positive_l3_2p00mpp_5x_uni2_clamsb_cv5val_s1/summary.csv,,,,,,,,,,,,,,,,,,,
internal_cv,internal_cv,smc_amr_positive_l3_2p00mpp_5x_uni2_clamsb_cv5val_s11,amr_positive,5,gold_only,all_stains,5x,2.00,internal_cv,slide_bag,,1269,71,1198,0.6774991971160531,0.09373716966213168,0.2824420855115152,0.13705555312110235,0.33655870445344127,0.17118127012048112,0.9515751486053874,0.02130589456934069,0.6440669265294143,0.08032525363080643,0.9169830994986865,0.5,cv5val,11,results/smc_amr_positive_l3_2p00mpp_5x_uni2_clamsb_cv5val_s11/summary.csv,,,,,,,,,,,,,,,,,,,
internal_cv,internal_cv,smc_amr_positive_l3_2p00mpp_5x_uni2_clamsb_cv5val_s21,amr_positive,5,gold_only,all_stains,5x,2.00,internal_cv,slide_bag,,1269,71,1198,0.6699839798717833,0.06179881510562468,0.17488823761692335,0.0773136289458142,0.1859444444444444,0.11625648793789671,0.9342094437038394,0.04734204522476324,0.5600769440741419,0.05738382194018992,0.8949081842117623,0.5,cv5val,21,results/smc_amr_positive_l3_2p00mpp_5x_uni2_clamsb_cv5val_s21/summary.csv,,,,,,,,,,,,,,,,,,,
internal_cv,internal_cv,smc_amr_positive_l3_2p00mpp_5x_uni2_clamsb_cv5val_s31,amr_positive,5,gold_only,all_stains,5x,2.00,internal_cv,slide_bag,,1269,71,1198,0.706274417509892,0.055540714037084105,0.19877341112870472,0.09623092158371073,0.2691142191142191,0.13334003174039333,0.9447532776085215,0.023918376386817628,0.6069337483613703,0.05759383106763038,0.9083055955179032,0.5,cv5val,31,results/smc_amr_positive_l3_2p00mpp_5x_uni2_clamsb_cv5val_s31/summary.csv,,,,,,,,,,,,,,,,,,,
internal_cv,internal_cv,smc_amr_positive_l3_2p00mpp_5x_uni2_clamsb_cv5val_s41,amr_positive,5,gold_only,all_stains,5x,2.00,internal_cv,slide_bag,,1269,71,1198,0.5998559251129674,0.14965994119880124,0.15695462802892873,0.1189126125230086,0.19777777777777777,0.19251422907167598,0.9357159624413146,0.025489542305726268,0.5667468701095462,0.09196367828712833,0.8968514630868889,0.5,cv5val,41,results/smc_amr_positive_l3_2p00mpp_5x_uni2_clamsb_cv5val_s41/summary.csv,,,,,,,,,,,,,,,,,,,
internal_cv,internal_cv,smc_any_rejection_l0_0p25mpp_40x_uni2_clamsb_cv3val_s1,any_rejection,3,gold_only,all_stains,40x,0.25,internal_cv,slide_bag,,1269,453,816,0.6436980757343878,0.03669735896188362,0.49707445910964826,0.05683572146935933,0.3499429670752205,0.3097244551784434,0.7744865821523464,0.29389473069763505,0.5622147746137834,0.012915730408751826,0.6342467225445949,0.5,cv3val,1,results/smc_any_rejection_l0_0p25mpp_40x_uni2_clamsb_cv3val_s1/summary.csv,,,,,,,,,,,,,,,,,,,
internal_cv,internal_cv,smc_any_rejection_l0_0p25mpp_40x_uni2_clamsb_cv3val_weakunique3_he_only_s1,any_rejection,3,gold+weak,he_only,40x,0.25,internal_cv,slide_bag,,603,193,410,0.6415460733843087,0.008080668320217609,0.46567732482755925,0.024550150506519205,0.5729553082494259,0.2003744444547792,0.6446031746031746,0.20888991411916114,0.6087792414263002,0.008391410205709349,0.6244241112987459,0.5,cv3val_weakunique3_he_only,1,results/smc_any_rejection_l0_0p25mpp_40x_uni2_clamsb_cv3val_weakunique3_he_only_s1/summary.csv,,,,,,,,,,,,,,,,,,,
internal_cv,internal_cv,smc_any_rejection_l0_0p25mpp_40x_uni2_clamsb_cv3val_weakunique3_ihc_only_s1,any_rejection,3,gold+weak,ihc_only,40x,0.25,internal_cv,slide_bag,,514,221,293,0.6675949375452714,0.09584795022368718,0.5807649774605658,0.08816320124605445,0.5239428633401565,0.20305405834876356,0.7042505776355906,0.19576768593943775,0.6140967204878734,0.03126610669315968,0.6503554059109614,0.5,cv3val_weakunique3_ihc_only,1,results/smc_any_rejection_l0_0p25mpp_40x_uni2_clamsb_cv3val_weakunique3_ihc_only_s1/summary.csv,,,,,,,,,,,,,,,,,,,
internal_cv,internal_cv,smc_any_rejection_l0_0p25mpp_40x_uni2_clamsb_cv3val_weakunique3_mixed_known_s1,any_rejection,3,gold+weak,mixed_known,40x,0.25,internal_cv,slide_bag,,1261,451,810,0.6588594821988493,0.040041468815857864,0.5216071037576894,0.06956178536883355,0.44485064366954136,0.08541930693968332,0.7653764609575203,0.10028451736154399,0.6051135523135308,0.02932076800300675,0.6571233293105098,0.5,cv3val_weakunique3_mixed_known,1,results/smc_any_rejection_l0_0p25mpp_40x_uni2_clamsb_cv3val_weakunique3_mixed_known_s1/summary.csv,,,,,,,,,,,,,,,,,,,
internal_cv,internal_cv,smc_any_rejection_l0_0p25mpp_40x_uni2_clamsb_cv3val_weakunique3_non_he_s1,any_rejection,3,gold+weak,non_he,40x,0.25,internal_cv,slide_bag,,658,258,400,0.6848853458567511,0.07254392441410787,0.5655080245371428,0.07553567638853316,0.4963436153245784,0.11236265630761393,0.7614245199953791,0.08802890670857345,0.6288840676599787,0.05171861000188566,0.665267190233915,0.5,cv3val_weakunique3_non_he,1,results/smc_any_rejection_l0_0p25mpp_40x_uni2_clamsb_cv3val_weakunique3_non_he_s1/summary.csv,,,,,,,,,,,,,,,,,,,
internal_cv,internal_cv,smc_any_rejection_l0_0p25mpp_40x_uni2_clamsb_cv3val_weakunique3_s1,any_rejection,3,gold+weak,all_stains,40x,0.25,internal_cv,slide_bag,,1269,453,816,0.6533620735593294,0.02703058142773095,0.5085690906090182,0.05901799153972452,0.5039634197913102,0.12062897320645637,0.7102126689064964,0.11547210899934374,0.6070880443489033,0.0033222554624404354,0.6435267569310122,0.5,cv3val_weakunique3,1,results/smc_any_rejection_l0_0p25mpp_40x_uni2_clamsb_cv3val_weakunique3_s1/summary.csv,,,,,,,,,,,,,,,,,,,
internal_cv,internal_cv,smc_any_rejection_l1_0p50mpp_20x_uni2_clamsb_cv3val_s1,any_rejection,3,gold_only,all_stains,20x,0.50,internal_cv,slide_bag,,1269,453,816,0.6398148687172116,0.0294285651378849,0.4868183966147086,0.06608940426248687,0.4392425497372509,0.233362019645379,0.7171666027983014,0.19972794056319165,0.5782045762677761,0.029132817622199762,0.636454617092915,0.5,cv3val,1,results/smc_any_rejection_l1_0p50mpp_20x_uni2_clamsb_cv3val_s1/summary.csv,,,,,,,,,,,,,,,,,,,
internal_cv,internal_cv,smc_any_rejection_l1_0p50mpp_20x_uni2_clamsb_cv3val_weakunique3_he_only_s1,any_rejection,3,gold+weak,he_only,20x,0.50,internal_cv,slide_bag,,603,193,410,0.6214526185849715,0.01984366699654364,0.4436191220022179,0.06571815700211332,0.4329623741388447,0.01851196446709971,0.7377777777777778,0.08368813358955797,0.5853700759583113,0.040823720664499755,0.640660619484931,0.5,cv3val_weakunique3_he_only,1,results/smc_any_rejection_l1_0p50mpp_20x_uni2_clamsb_cv3val_weakunique3_he_only_s1/summary.csv,,,,,,,,,,,,,,,,,,,
internal_cv,internal_cv,smc_any_rejection_l1_0p50mpp_20x_uni2_clamsb_cv3val_weakunique3_ihc_only_s1,any_rejection,3,gold+weak,ihc_only,20x,0.50,internal_cv,slide_bag,,514,221,293,0.6951596222844928,0.10994814701217653,0.6331788924361574,0.09665168827497846,0.5104870381898811,0.29330291096281363,0.7264263155736024,0.21081294234833461,0.6184566768817418,0.07412539202301448,0.6633260711692085,0.5,cv3val_weakunique3_ihc_only,1,results/smc_any_rejection_l1_0p50mpp_20x_uni2_clamsb_cv3val_weakunique3_ihc_only_s1/summary.csv,,,,,,,,,,,,,,,,,,,
internal_cv,internal_cv,smc_any_rejection_l1_0p50mpp_20x_uni2_clamsb_cv3val_weakunique3_mixed_known_s1,any_rejection,3,gold+weak,mixed_known,20x,0.50,internal_cv,slide_bag,,1261,451,810,0.6646882704707074,0.03162119198599478,0.5332388351665731,0.06197208700468956,0.43178256564083334,0.07093435512248307,0.789855010351625,0.09713625693141853,0.6108187879962291,0.013474365021187965,0.6637616467960825,0.5,cv3val_weakunique3_mixed_known,1,results/smc_any_rejection_l1_0p50mpp_20x_uni2_clamsb_cv3val_weakunique3_mixed_known_s1/summary.csv,,,,,,,,,,,,,,,,,,,
internal_cv,internal_cv,smc_any_rejection_l1_0p50mpp_20x_uni2_clamsb_cv3val_weakunique3_non_he_s1,any_rejection,3,gold+weak,non_he,20x,0.50,internal_cv,slide_bag,,658,258,400,0.696322954890403,0.07606689714813689,0.6042594669199457,0.07763265625062145,0.6072949540194782,0.20650084078587938,0.6873185224291464,0.11848930879528397,0.6473067382243123,0.06461639920415077,0.670727866031318,0.5,cv3val_weakunique3_non_he,1,results/smc_any_rejection_l1_0p50mpp_20x_uni2_clamsb_cv3val_weakunique3_non_he_s1/summary.csv,,,,,,,,,,,,,,,,,,,
internal_cv,internal_cv,smc_any_rejection_l1_0p50mpp_20x_uni2_clamsb_cv3val_weakunique3_s1,any_rejection,3,gold+weak,all_stains,20x,0.50,internal_cv,slide_bag,,1269,453,816,0.6609007577947116,0.018907592440121787,0.5251906184244713,0.04079168203859751,0.5868304640791495,0.14361151119785068,0.6449021569623641,0.15851543160581463,0.6158663105207568,0.008504525055185116,0.6320990042266638,0.5,cv3val_weakunique3,1,results/smc_any_rejection_l1_0p50mpp_20x_uni2_clamsb_cv3val_weakunique3_s1/summary.csv,,,,,,,,,,,,,,,,,,,
internal_cv,internal_cv,smc_any_rejection_l2_1p00mpp_10x_uni2_clamsb_cv3val_s1,any_rejection,3,gold_only,all_stains,10x,1.00,internal_cv,slide_bag,,1269,453,816,0.6207768716879789,0.034701854530700786,0.497629622902209,0.035105825466007934,0.3864770785610115,0.21585064413361194,0.7800900834647506,0.23820629732093962,0.583283581012881,0.02321385435253834,0.6537839386775557,0.5,cv3val,1,results/smc_any_rejection_l2_1p00mpp_10x_uni2_clamsb_cv3val_s1/summary.csv,,,,,,,,,,,,,,,,,,,
internal_cv,internal_cv,smc_any_rejection_l2_1p00mpp_10x_uni2_clamsb_cv3val_weakunique3_he_only_s1,any_rejection,3,gold+weak,he_only,10x,1.00,internal_cv,slide_bag,,603,193,410,0.5661750931603873,0.02555100356583486,0.40337250903848876,0.046440414253677016,0.22345875287051756,0.1896451639503291,0.7971428571428572,0.20814917030222743,0.5103008050066874,0.047297370339302536,0.6155515258597976,0.5,cv3val_weakunique3_he_only,1,results/smc_any_rejection_l2_1p00mpp_10x_uni2_clamsb_cv3val_weakunique3_he_only_s1/summary.csv,,,,,,,,,,,,,,,,,,,
internal_cv,internal_cv,smc_any_rejection_l2_1p00mpp_10x_uni2_clamsb_cv3val_weakunique3_ihc_only_s1,any_rejection,3,gold+weak,ihc_only,10x,1.00,internal_cv,slide_bag,,514,221,293,0.6920485192111908,0.11319639900670145,0.6275625203943188,0.07095304804475863,0.630289739602414,0.2315227167636355,0.6785816824576515,0.07447153812826011,0.6544357110300326,0.096396680637439,0.656990383134174,0.5,cv3val_weakunique3_ihc_only,1,results/smc_any_rejection_l2_1p00mpp_10x_uni2_clamsb_cv3val_weakunique3_ihc_only_s1/summary.csv,,,,,,,,,,,,,,,,,,,
internal_cv,internal_cv,smc_any_rejection_l2_1p00mpp_10x_uni2_clamsb_cv3val_weakunique3_mixed_known_s1,any_rejection,3,gold+weak,mixed_known,10x,1.00,internal_cv,slide_bag,,1261,451,810,0.6333172976777441,0.05034801355464012,0.5252732523991144,0.056659643665810944,0.5804418678434426,0.286412741870067,0.5660985346191104,0.36260223859654633,0.5732702012312765,0.046905056009308464,0.5929600676123008,0.5,cv3val_weakunique3_mixed_known,1,results/smc_any_rejection_l2_1p00mpp_10x_uni2_clamsb_cv3val_weakunique3_mixed_known_s1/summary.csv,,,,,,,,,,,,,,,,,,,
internal_cv,internal_cv,smc_any_rejection_l2_1p00mpp_10x_uni2_clamsb_cv3val_weakunique3_non_he_s1,any_rejection,3,gold+weak,non_he,10x,1.00,internal_cv,slide_bag,,658,258,400,0.6983884867463469,0.093560952863153,0.5985474652278558,0.07920511534448899,0.4963393735790153,0.03401235182807999,0.7481884415809071,0.14781936363170906,0.6222639075799612,0.05795274188698272,0.6510539527790742,0.5,cv3val_weakunique3_non_he,1,results/smc_any_rejection_l2_1p00mpp_10x_uni2_clamsb_cv3val_weakunique3_non_he_s1/summary.csv,,,,,,,,,,,,,,,,,,,
internal_cv,internal_cv,smc_any_rejection_l2_1p00mpp_10x_uni2_clamsb_cv3val_weakunique3_s1,any_rejection,3,gold+weak,all_stains,10x,1.00,internal_cv,slide_bag,,1269,453,816,0.6122352053432722,0.04319233125543167,0.4914139836718647,0.036142146372437595,0.6154188420639558,0.17925727672816796,0.5457786920513584,0.30013895060443935,0.5805987670576571,0.06795532812620791,0.5824872841894119,0.5,cv3val_weakunique3,1,results/smc_any_rejection_l2_1p00mpp_10x_uni2_clamsb_cv3val_weakunique3_s1/summary.csv,,,,,,,,,,,,,,,,,,,
internal_cv,internal_cv,smc_any_rejection_l3_2p00mpp_5x_uni2_clamsb_cv3val_s1,any_rejection,3,gold_only,all_stains,5x,2.00,internal_cv,slide_bag,,1269,453,816,0.6316208443615389,0.06550495666892878,0.5017850512014842,0.054165825259318984,0.20099103053267098,0.23166715640269,0.8617163362630502,0.20354730982651195,0.5313536833978606,0.0161601102716101,0.6356537001217852,0.5,cv3val,1,results/smc_any_rejection_l3_2p00mpp_5x_uni2_clamsb_cv3val_s1/summary.csv,,,,,,,,,,,,,,,,,,,
internal_cv,internal_cv,smc_any_rejection_l3_2p00mpp_5x_uni2_clamsb_cv3val_weakunique3_he_only_s1,any_rejection,3,gold+weak,he_only,5x,2.00,internal_cv,slide_bag,,603,193,410,0.5436369878281644,0.032954717028650556,0.3865068710187429,0.05653428640616396,0.2353824412647942,0.11544045507262987,0.8176984126984127,0.12894265924292836,0.5265404269816035,0.03082770123363206,0.6236228712604539,0.5,cv3val_weakunique3_he_only,1,results/smc_any_rejection_l3_2p00mpp_5x_uni2_clamsb_cv3val_weakunique3_he_only_s1/summary.csv,,,,,,,,,,,,,,,,,,,
internal_cv,internal_cv,smc_any_rejection_l3_2p00mpp_5x_uni2_clamsb_cv3val_weakunique3_ihc_only_s1,any_rejection,3,gold+weak,ihc_only,5x,2.00,internal_cv,slide_bag,,514,221,293,0.6987404718505849,0.09138824260227937,0.6450710773147063,0.06070768033053778,0.5086185768438888,0.293639858463324,0.7785160575858251,0.19383465709684536,0.6435673172148568,0.07166807978912725,0.6695935388745845,0.5,cv3val_weakunique3_ihc_only,1,results/smc_any_rejection_l3_2p00mpp_5x_uni2_clamsb_cv3val_weakunique3_ihc_only_s1/summary.csv,,,,,,,,,,,,,,,,,,,
internal_cv,internal_cv,smc_any_rejection_l3_2p00mpp_5x_uni2_clamsb_cv3val_weakunique3_mixed_known_s1,any_rejection,3,gold+weak,mixed_known,5x,2.00,internal_cv,slide_bag,,1261,451,810,0.5897697846245459,0.04847430427719122,0.4680805892626978,0.017386773423943347,0.4330083739532558,0.11918778720707153,0.7252124767794889,0.14912745899955104,0.5791104253663724,0.0209968839384236,0.6304867255838957,0.5,cv3val_weakunique3_mixed_known,1,results/smc_any_rejection_l3_2p00mpp_5x_uni2_clamsb_cv3val_weakunique3_mixed_known_s1/summary.csv,,,,,,,,,,,,,,,,,,,
internal_cv,internal_cv,smc_any_rejection_l3_2p00mpp_5x_uni2_clamsb_cv3val_weakunique3_non_he_s1,any_rejection,3,gold+weak,non_he,5x,2.00,internal_cv,slide_bag,,658,258,400,0.692044808955599,0.09445458727377014,0.6034464971264156,0.10415346893115944,0.6034476907937155,0.1376689582773076,0.6983207544798137,0.14120044440914406,0.6508842226367646,0.05310992228273204,0.6743506786591608,0.5,cv3val_weakunique3_non_he,1,results/smc_any_rejection_l3_2p00mpp_5x_uni2_clamsb_cv3val_weakunique3_non_he_s1/summary.csv,,,,,,,,,,,,,,,,,,,
internal_cv,internal_cv,smc_any_rejection_l3_2p00mpp_5x_uni2_clamsb_cv3val_weakunique3_s1,any_rejection,3,gold+weak,all_stains,5x,2.00,internal_cv,slide_bag,,1269,453,816,0.6230983991459045,0.05741508178275989,0.48814306210760666,0.04039166756350239,0.5773715354513712,0.18989407252626953,0.5970509985071768,0.3074432059678144,0.5872112669792741,0.060673047443905136,0.6008331542374096,0.5,cv3val_weakunique3,1,results/smc_any_rejection_l3_2p00mpp_5x_uni2_clamsb_cv3val_weakunique3_s1/summary.csv,,,,,,,,,,,,,,,,,,,
internal_cv,internal_cv,smc_future_significant_l0_0p25mpp_40x_uni2_clamsb_gold3cv_fixed30_s1,future_significant_rejection,3,gold_only,all_stains,40x,0.25,internal_cv,patient,,102,12,90,0.5407407407407407,0.04281678027562244,0.1644324172687798,0.029843907935415286,0.0,0.007401926528072114,0.9555555555555556,0.026340640936719756,0.4777777777777778,0.01511833272670211,,0.5,gold3cv_fixed30,1,results/smc_future_significant_l0_0p25mpp_40x_uni2_clamsb_gold3cv_fixed30_s1/patient_level_oof/pooled_metrics.csv,,,,,,,,,,,,,,,,,,,
internal_cv,internal_cv,smc_future_significant_l1_0p50mpp_20x_uni2_clamsb_gold3cv_fixed30_s1,future_significant_rejection,3,gold_only,all_stains,20x,0.50,internal_cv,patient,,102,12,90,0.6055555555555555,0.06503262587259229,0.2087667439332763,0.060672616957526515,0.0,0.07727838170950908,0.9666666666666668,0.023476030628350682,0.4833333333333333,0.04557783085863337,,0.5,gold3cv_fixed30,1,results/smc_future_significant_l1_0p50mpp_20x_uni2_clamsb_gold3cv_fixed30_s1/patient_level_oof/pooled_metrics.csv,,,,,,,,,,,,,,,,,,,
internal_cv,internal_cv,smc_future_significant_l2_1p00mpp_10x_uni2_clamsb_gold3cv_fixed30_s1,future_significant_rejection,3,gold_only,all_stains,10x,1.00,internal_cv,patient,,102,12,90,0.4796296296296296,0.02952094973509247,0.1310953377682952,0.008963472043493534,0.0,0.046372936782501505,0.9666666666666668,0.05592856882577304,0.4833333333333333,0.02062487335742331,,0.5,gold3cv_fixed30,1,results/smc_future_significant_l2_1p00mpp_10x_uni2_clamsb_gold3cv_fixed30_s1/patient_level_oof/pooled_metrics.csv,,,,,,,,,,,,,,,,,,,
internal_cv,internal_cv,smc_future_significant_l3_2p00mpp_5x_uni2_clamsb_gold3cv_fixed30_s1,future_significant_rejection,3,gold_only,all_stains,5x,2.00,internal_cv,patient,,102,12,90,0.4037037037037037,0.07460431114346214,0.1103210926655581,0.03917207779643075,0.0,0.003700963264036057,0.9333333333333332,0.026817844833075,0.4666666666666667,0.013797394026023342,,0.5,gold3cv_fixed30,1,results/smc_future_significant_l3_2p00mpp_5x_uni2_clamsb_gold3cv_fixed30_s1/patient_level_oof/pooled_metrics.csv,,,,,,,,,,,,,,,,,,,
internal_cv,internal_cv,smc_significant_rejection_l0_0p25mpp_40x_uni2_clamsb_cv5val_s1,significant_rejection,5,gold_only,all_stains,40x,0.25,internal_cv,slide_bag,,1269,111,1158,0.7144557193999017,0.10454276159189732,0.2813402920719024,0.07419931150396128,0.411276879042996,0.1613363106745702,0.8661577369994647,0.07235599176368096,0.6387173080212303,0.06912976794498515,0.8291445787570932,0.5,cv5val,1,results/smc_significant_rejection_l0_0p25mpp_40x_uni2_clamsb_cv5val_s1/summary.csv,,,,,,,,,,,,,,,,,,,
internal_cv,internal_cv,smc_significant_rejection_l0_0p25mpp_40x_uni2_clamsb_cv5val_s11,significant_rejection,5,gold_only,all_stains,40x,0.25,internal_cv,slide_bag,,1269,111,1158,0.7358035496893802,0.11537745636161464,0.29429237247657836,0.10223889875447566,0.31410155824343466,0.1373364392375785,0.9046028147420351,0.05146802955614968,0.6093521864927349,0.06509816711781019,0.852902733612112,0.5,cv5val,11,results/smc_significant_rejection_l0_0p25mpp_40x_uni2_clamsb_cv5val_s11/summary.csv,,,,,,,,,,,,,,,,,,,
internal_cv,internal_cv,smc_significant_rejection_l0_0p25mpp_40x_uni2_clamsb_cv5val_s21,significant_rejection,5,gold_only,all_stains,40x,0.25,internal_cv,slide_bag,,1269,111,1158,0.7704104435297499,0.10153339877798304,0.30801564023326,0.12528364194473382,0.3409859584859585,0.2230436063066366,0.8991847896479566,0.11266975886996898,0.6200853740669575,0.08613647764960161,0.8481055614974242,0.5,cv5val,21,results/smc_significant_rejection_l0_0p25mpp_40x_uni2_clamsb_cv5val_s21/summary.csv,,,,,,,,,,,,,,,,,,,
internal_cv,internal_cv,smc_significant_rejection_l0_0p25mpp_40x_uni2_clamsb_cv5val_s31,significant_rejection,5,gold_only,all_stains,40x,0.25,internal_cv,slide_bag,,1269,111,1158,0.7046350573833904,0.0677277922385738,0.23015320131374714,0.11724264455288382,0.26748111658456486,0.13760300034044207,0.9108451879854575,0.05095982047766164,0.5891631522850111,0.05488912590102925,0.8567378557830905,0.5,cv5val,31,results/smc_significant_rejection_l0_0p25mpp_40x_uni2_clamsb_cv5val_s31/summary.csv,,,,,,,,,,,,,,,,,,,
internal_cv,internal_cv,smc_significant_rejection_l0_0p25mpp_40x_uni2_clamsb_cv5val_s41,significant_rejection,5,gold_only,all_stains,40x,0.25,internal_cv,slide_bag,,1269,111,1158,0.7227075638211027,0.07004191478944534,0.24720145322270176,0.09127148529627759,0.390477650063857,0.10120807025752715,0.8511854635040477,0.045265484572793876,0.6208315567839524,0.04720796468559603,0.811677592301699,0.5,cv5val,41,results/smc_significant_rejection_l0_0p25mpp_40x_uni2_clamsb_cv5val_s41/summary.csv,,,,,,,,,,,,,,,,,,,
internal_cv,internal_cv,smc_significant_rejection_l1_0p50mpp_20x_uni2_clamsb_cv5val_s1,significant_rejection,5,gold_only,all_stains,20x,0.50,internal_cv,slide_bag,,1269,111,1158,0.7076775521304598,0.0793887570513014,0.271989646301674,0.0803338156240703,0.36061899120369884,0.11181565059835087,0.8847930805873718,0.05658714064438538,0.6227060358955354,0.042912232353566504,0.8398923482999059,0.5,cv5val,1,results/smc_significant_rejection_l1_0p50mpp_20x_uni2_clamsb_cv5val_s1/summary.csv,,,,,,,,,,,,,,,,,,,
internal_cv,internal_cv,smc_significant_rejection_l1_0p50mpp_20x_uni2_clamsb_cv5val_s11,significant_rejection,5,gold_only,all_stains,20x,0.50,internal_cv,slide_bag,,1269,111,1158,0.7327499990699333,0.10968560772649012,0.28324451325361355,0.1277222402361824,0.32192219679633866,0.18421625154663923,0.8836723639666724,0.06908349657448426,0.6027972803815056,0.08304391842493986,0.8348111826468001,0.5,cv5val,11,results/smc_significant_rejection_l1_0p50mpp_20x_uni2_clamsb_cv5val_s11/summary.csv,,,,,,,,,,,,,,,,,,,
internal_cv,internal_cv,smc_significant_rejection_l1_0p50mpp_20x_uni2_clamsb_cv5val_s21,significant_rejection,5,gold_only,all_stains,20x,0.50,internal_cv,slide_bag,,1269,111,1158,0.7394952127791576,0.06992300765852194,0.26199402551625467,0.11131255804833173,0.3419578754578755,0.2505044599450494,0.8943074633652343,0.10149801733724315,0.618132669411555,0.1103276599627956,0.8489122674171006,0.5,cv5val,21,results/smc_significant_rejection_l1_0p50mpp_20x_uni2_clamsb_cv5val_s21/summary.csv,,,,,,,,,,,,,,,,,,,
internal_cv,internal_cv,smc_significant_rejection_l1_0p50mpp_20x_uni2_clamsb_cv5val_s31,significant_rejection,5,gold_only,all_stains,20x,0.50,internal_cv,slide_bag,,1269,111,1158,0.7157021439823709,0.0636128683248147,0.25259262101038227,0.10966009047397104,0.3394581280788177,0.13092290334358278,0.9010067281064413,0.04869352145123407,0.6202324280926296,0.06383272340103491,0.8531196570102576,0.5,cv5val,31,results/smc_significant_rejection_l1_0p50mpp_20x_uni2_clamsb_cv5val_s31/summary.csv,,,,,,,,,,,,,,,,,,,
internal_cv,internal_cv,smc_significant_rejection_l1_0p50mpp_20x_uni2_clamsb_cv5val_s41,significant_rejection,5,gold_only,all_stains,20x,0.50,internal_cv,slide_bag,,1269,111,1158,0.6842043073575572,0.09041317143196259,0.2196998807414261,0.05805590207352865,0.39284802043422734,0.09414707813648189,0.8645636516875455,0.03813438876807963,0.6287058360608865,0.04593728530664145,0.824709830156268,0.5,cv5val,41,results/smc_significant_rejection_l1_0p50mpp_20x_uni2_clamsb_cv5val_s41/summary.csv,,,,,,,,,,,,,,,,,,,
internal_cv,internal_cv,smc_significant_rejection_l2_1p00mpp_10x_uni2_clamsb_cv5val_s1,significant_rejection,5,gold_only,all_stains,10x,1.00,internal_cv,slide_bag,,1269,111,1158,0.6665595503655497,0.11793715097426785,0.2086284943511827,0.09578836008089486,0.3532401631352156,0.16158068782748336,0.8640244215715349,0.11486201759129923,0.6086322923533751,0.03995436453488831,0.8241945092166466,0.5,cv5val,1,results/smc_significant_rejection_l2_1p00mpp_10x_uni2_clamsb_cv5val_s1/summary.csv,,,,,,,,,,,,,,,,,,,
internal_cv,internal_cv,smc_significant_rejection_l2_1p00mpp_10x_uni2_clamsb_cv5val_s11,significant_rejection,5,gold_only,all_stains,10x,1.00,internal_cv,slide_bag,,1269,111,1158,0.678777306170779,0.11512311659448848,0.23352226838616427,0.11134664513749583,0.2628004794595184,0.17878476006259394,0.8826473429251541,0.08656764599520055,0.5727239111923361,0.07921604781760634,0.8290795708838676,0.5,cv5val,11,results/smc_significant_rejection_l2_1p00mpp_10x_uni2_clamsb_cv5val_s11/summary.csv,,,,,,,,,,,,,,,,,,,
internal_cv,internal_cv,smc_significant_rejection_l2_1p00mpp_10x_uni2_clamsb_cv5val_s21,significant_rejection,5,gold_only,all_stains,10x,1.00,internal_cv,slide_bag,,1269,111,1158,0.7345662364276067,0.06511469002315698,0.2720571424635354,0.12988478519954783,0.3947759462759463,0.2570185073270375,0.8868160206913315,0.08074826036340926,0.6407959834836389,0.10382241443074179,0.8416606320204443,0.5,cv5val,21,results/smc_significant_rejection_l2_1p00mpp_10x_uni2_clamsb_cv5val_s21/summary.csv,,,,,,,,,,,,,,,,,,,
internal_cv,internal_cv,smc_significant_rejection_l2_1p00mpp_10x_uni2_clamsb_cv5val_s31,significant_rejection,5,gold_only,all_stains,10x,1.00,internal_cv,slide_bag,,1269,111,1158,0.6974050694236744,0.06490694573085555,0.22665391729214837,0.11573217013725023,0.20884729064039406,0.1544100499951932,0.9197594794050243,0.0434294921506678,0.5643033850227092,0.06125049767355737,0.8602456188905064,0.5,cv5val,31,results/smc_significant_rejection_l2_1p00mpp_10x_uni2_clamsb_cv5val_s31/summary.csv,,,,,,,,,,,,,,,,,,,
internal_cv,internal_cv,smc_significant_rejection_l2_1p00mpp_10x_uni2_clamsb_cv5val_s41,significant_rejection,5,gold_only,all_stains,10x,1.00,internal_cv,slide_bag,,1269,111,1158,0.6710997756080047,0.05864230944468702,0.16862159870482807,0.059288341712976284,0.2840766283524904,0.11214080155007553,0.8763050548271787,0.03892500206221087,0.5801908415898346,0.038665742934635046,0.8226275074507576,0.5,cv5val,41,results/smc_significant_rejection_l2_1p00mpp_10x_uni2_clamsb_cv5val_s41/summary.csv,,,,,,,,,,,,,,,,,,,
internal_cv,internal_cv,smc_significant_rejection_l3_2p00mpp_5x_uni2_clamsb_cv5val_s1,significant_rejection,5,gold_only,all_stains,5x,2.00,internal_cv,slide_bag,,1269,111,1158,0.6720125318634826,0.15141053542555521,0.2134978310768266,0.07762142739897601,0.4407439636824944,0.13152856307444516,0.8331803203761627,0.10504315328400776,0.6369621420293285,0.0595201884375649,0.8017753191327159,0.5,cv5val,1,results/smc_significant_rejection_l3_2p00mpp_5x_uni2_clamsb_cv5val_s1/summary.csv,,,,,,,,,,,,,,,,,,,
internal_cv,internal_cv,smc_significant_rejection_l3_2p00mpp_5x_uni2_clamsb_cv5val_s11,significant_rejection,5,gold_only,all_stains,5x,2.00,internal_cv,slide_bag,,1269,111,1158,0.6833934579198531,0.11266563853173171,0.24167096829253393,0.10454560260479845,0.27142203334423015,0.12417499748088165,0.8959142574399511,0.05891114905981556,0.5836681453920906,0.05223361211935514,0.8389318365838754,0.5,cv5val,11,results/smc_significant_rejection_l3_2p00mpp_5x_uni2_clamsb_cv5val_s11/summary.csv,,,,,,,,,,,,,,,,,,,
internal_cv,internal_cv,smc_significant_rejection_l3_2p00mpp_5x_uni2_clamsb_cv5val_s21,significant_rejection,5,gold_only,all_stains,5x,2.00,internal_cv,slide_bag,,1269,111,1158,0.7355791434595842,0.10183581423139747,0.28116177847513724,0.1534659399927155,0.436465811965812,0.21192524619582856,0.8446130077574295,0.107137604969306,0.6405394098616208,0.09668531076900756,0.8025604087579286,0.5,cv5val,21,results/smc_significant_rejection_l3_2p00mpp_5x_uni2_clamsb_cv5val_s21/summary.csv,,,,,,,,,,,,,,,,,,,
internal_cv,internal_cv,smc_significant_rejection_l3_2p00mpp_5x_uni2_clamsb_cv5val_s31,significant_rejection,5,gold_only,all_stains,5x,2.00,internal_cv,slide_bag,,1269,111,1158,0.6769800978227186,0.09599596474332617,0.2223454785909999,0.09461804461814972,0.3744663382594417,0.1805143532113004,0.8961127976437527,0.04889696872099852,0.6352895679515973,0.07962692715890714,0.8543409482723547,0.5,cv5val,31,results/smc_significant_rejection_l3_2p00mpp_5x_uni2_clamsb_cv5val_s31/summary.csv,,,,,,,,,,,,,,,,,,,
internal_cv,internal_cv,smc_significant_rejection_l3_2p00mpp_5x_uni2_clamsb_cv5val_s41,significant_rejection,5,gold_only,all_stains,5x,2.00,internal_cv,slide_bag,,1269,111,1158,0.6275046914755998,0.06545291841964021,0.1812882177855098,0.06576729819054497,0.24277905491698598,0.08483552401904249,0.8936252125455665,0.04451410412153481,0.5682021337312764,0.03983740856222528,0.8350840306713939,0.5,cv5val,41,results/smc_significant_rejection_l3_2p00mpp_5x_uni2_clamsb_cv5val_s41/summary.csv,,,,,,,,,,,,,,,,,,,
