
Load Dataset
label column: label
label dictionary: {0: 0, 1: 1}
number of classes: 2
slide-level counts:  
 label
1      15
0    1063
Name: count, dtype: int64
Patient-LVL; Number of samples registered in class 0: 109
Slide-LVL; Number of samples registered in class 0: 1063
Patient-LVL; Number of samples registered in class 1: 6
Slide-LVL; Number of samples registered in class 1: 15
split_dir:  /home/jupyter/image_team/projects/SMC_MIL/cohorts/smc_future_v1/next_biopsy_acr_high/seed_41
################# Settings ###################
num_splits:  5
k_start:  -1
k_end:  -1
task:  task_smc_acr_binary_0r1r_vs_2r3r
max_epochs:  50
early_stop_patience:  10
early_stop_min_epoch:  10
results_dir:  /home/jupyter/image_team/projects/SMC_MIL/results/smc_future_v1
lr:  0.0002
experiment:  next_biopsy_acr_high_original
reg:  1e-05
label_frac:  1.0
bag_loss:  ce
seed:  41
model_type:  clam_sb
model_size:  small
use_drop_out:  0.25
weighted_sample:  True
opt:  adam
bag_weight:  0.7
inst_loss:  svm
B:  8
split_dir:  /home/jupyter/image_team/projects/SMC_MIL/cohorts/smc_future_v1/next_biopsy_acr_high/seed_41

Training Fold 0!

Init train/val/test splits... 
Done!
Training on 877 samples
Validating on 201 samples
Testing on 0 samples

Init loss function... Done!

Init Model... Setting tau to 1.0
Done!
CLAM_SB(
  (attention_net): Sequential(
    (0): Linear(in_features=1536, out_features=512, bias=True)
    (1): ReLU()
    (2): Dropout(p=0.25, inplace=False)
    (3): Attn_Net_Gated(
      (attention_a): Sequential(
        (0): Linear(in_features=512, out_features=256, bias=True)
        (1): Tanh()
        (2): Dropout(p=0.25, inplace=False)
      )
      (attention_b): Sequential(
        (0): Linear(in_features=512, out_features=256, bias=True)
        (1): Sigmoid()
        (2): Dropout(p=0.25, inplace=False)
      )
      (attention_c): Linear(in_features=256, out_features=1, bias=True)
    )
  )
  (classifiers): Linear(in_features=512, out_features=2, bias=True)
  (instance_classifiers): ModuleList(
    (0-1): 2 x Linear(in_features=512, out_features=2, bias=True)
  )
  (instance_loss_fn): SmoothTop1SVM()
)
Total number of parameters: 1052935
Total number of trainable parameters: 1052935

Init optimizer ... Done!

Init Loaders... Done!

Setup EarlyStopping... Done!


batch 19, loss: 0.3635, instance_loss: 2.1448, weighted_loss: 0.8979, label: 1, bag_size: 14318
batch 39, loss: 0.4907, instance_loss: 2.0599, weighted_loss: 0.9614, label: 1, bag_size: 7879
batch 59, loss: 0.8749, instance_loss: 1.2299, weighted_loss: 0.9814, label: 0, bag_size: 1860
batch 79, loss: 0.5274, instance_loss: 1.0137, weighted_loss: 0.6733, label: 1, bag_size: 4276
batch 99, loss: 0.5888, instance_loss: 0.7479, weighted_loss: 0.6365, label: 1, bag_size: 13571
batch 119, loss: 0.6262, instance_loss: 0.4070, weighted_loss: 0.5604, label: 0, bag_size: 3998
batch 139, loss: 0.3335, instance_loss: 1.6169, weighted_loss: 0.7185, label: 0, bag_size: 14354
batch 159, loss: 0.3936, instance_loss: 0.4202, weighted_loss: 0.4016, label: 1, bag_size: 5082
batch 179, loss: 0.4086, instance_loss: 0.2551, weighted_loss: 0.3625, label: 1, bag_size: 14318
batch 199, loss: 1.4820, instance_loss: 0.1454, weighted_loss: 1.0810, label: 1, bag_size: 18621
batch 219, loss: 0.5728, instance_loss: 0.0322, weighted_loss: 0.4106, label: 0, bag_size: 4801
batch 239, loss: 0.0072, instance_loss: 1.6191, weighted_loss: 0.4908, label: 0, bag_size: 1214
batch 259, loss: 0.2647, instance_loss: 0.1818, weighted_loss: 0.2398, label: 1, bag_size: 13646
batch 279, loss: 0.5175, instance_loss: 0.0787, weighted_loss: 0.3859, label: 0, bag_size: 21887
batch 299, loss: 0.0398, instance_loss: 0.0734, weighted_loss: 0.0499, label: 1, bag_size: 13571
batch 319, loss: 1.2948, instance_loss: 0.0388, weighted_loss: 0.9180, label: 1, bag_size: 9833
batch 339, loss: 0.8526, instance_loss: 0.0298, weighted_loss: 0.6057, label: 0, bag_size: 23909
batch 359, loss: 0.0905, instance_loss: 0.1267, weighted_loss: 0.1014, label: 0, bag_size: 3382
batch 379, loss: 0.1697, instance_loss: 0.0086, weighted_loss: 0.1214, label: 1, bag_size: 5082
batch 399, loss: 0.1382, instance_loss: 0.0232, weighted_loss: 0.1037, label: 1, bag_size: 5137
batch 419, loss: 1.2106, instance_loss: 0.4527, weighted_loss: 0.9832, label: 1, bag_size: 5082
batch 439, loss: 0.0619, instance_loss: 0.0208, weighted_loss: 0.0496, label: 0, bag_size: 3345
batch 459, loss: 0.3479, instance_loss: 0.0071, weighted_loss: 0.2457, label: 0, bag_size: 20777
batch 479, loss: 0.0755, instance_loss: 0.0277, weighted_loss: 0.0612, label: 0, bag_size: 17843
batch 499, loss: 0.2091, instance_loss: 0.0166, weighted_loss: 0.1513, label: 1, bag_size: 7733
batch 519, loss: 0.1094, instance_loss: 0.0249, weighted_loss: 0.0841, label: 1, bag_size: 7733
batch 539, loss: 0.2630, instance_loss: 0.0614, weighted_loss: 0.2025, label: 0, bag_size: 4889
batch 559, loss: 0.3427, instance_loss: 0.0139, weighted_loss: 0.2440, label: 1, bag_size: 5082
batch 579, loss: 0.9367, instance_loss: 0.0351, weighted_loss: 0.6662, label: 1, bag_size: 9833
batch 599, loss: 0.1793, instance_loss: 0.0143, weighted_loss: 0.1298, label: 1, bag_size: 9833
batch 619, loss: 0.0607, instance_loss: 0.0103, weighted_loss: 0.0456, label: 1, bag_size: 7733
batch 639, loss: 0.0516, instance_loss: 0.0467, weighted_loss: 0.0501, label: 0, bag_size: 4002
batch 659, loss: 0.0289, instance_loss: 0.0018, weighted_loss: 0.0208, label: 0, bag_size: 17805
batch 679, loss: 0.2725, instance_loss: 0.0103, weighted_loss: 0.1939, label: 1, bag_size: 4276
batch 699, loss: 0.0233, instance_loss: 0.0047, weighted_loss: 0.0177, label: 1, bag_size: 14318
batch 719, loss: 0.5334, instance_loss: 0.0155, weighted_loss: 0.3780, label: 0, bag_size: 8616
batch 739, loss: 0.2726, instance_loss: 0.0060, weighted_loss: 0.1926, label: 1, bag_size: 4365
batch 759, loss: 0.1152, instance_loss: 0.0320, weighted_loss: 0.0902, label: 1, bag_size: 1140
batch 779, loss: 0.0012, instance_loss: 0.0314, weighted_loss: 0.0102, label: 0, bag_size: 917
batch 799, loss: 0.2011, instance_loss: 0.0167, weighted_loss: 0.1458, label: 0, bag_size: 13054
batch 819, loss: 0.0294, instance_loss: 0.0023, weighted_loss: 0.0212, label: 0, bag_size: 2800
batch 839, loss: 0.2343, instance_loss: 0.0302, weighted_loss: 0.1730, label: 1, bag_size: 1140
batch 859, loss: 0.0001, instance_loss: 0.0002, weighted_loss: 0.0001, label: 0, bag_size: 13470


class 0 clustering acc 0.9330102622576967: correct 6546/7016
class 1 clustering acc 0.9247434435575826: correct 6488/7016
Epoch: 0, train_loss: 0.4590, train_clustering_loss:  0.2996, train_error: 0.2281
class 0: acc 0.7339246119733924, correct 331/451
class 1: acc 0.812206572769953, correct 346/426

Val Set, val_loss: 0.6424, val_error: 0.2985, auc: 0.5450
class 0 clustering acc 0.9987562189054726: correct 1606/1608
class 1 clustering acc 1.0: correct 1608/1608
class 0: acc 0.705, correct 141/200
class 1: acc 0.0, correct 0/1
Validation loss decreased (inf --> 0.642439).  Saving model ...


batch 19, loss: 0.1594, instance_loss: 0.0052, weighted_loss: 0.1131, label: 1, bag_size: 4276
batch 39, loss: 0.1732, instance_loss: 0.0127, weighted_loss: 0.1250, label: 0, bag_size: 3409
batch 59, loss: 0.0827, instance_loss: 0.0127, weighted_loss: 0.0617, label: 0, bag_size: 9768
batch 79, loss: 0.3788, instance_loss: 0.0022, weighted_loss: 0.2658, label: 0, bag_size: 19988
batch 99, loss: 0.3612, instance_loss: 0.0174, weighted_loss: 0.2581, label: 0, bag_size: 2161
batch 119, loss: 0.0071, instance_loss: 0.0042, weighted_loss: 0.0063, label: 0, bag_size: 4516
batch 139, loss: 0.2997, instance_loss: 0.1318, weighted_loss: 0.2494, label: 0, bag_size: 1351
batch 159, loss: 0.0122, instance_loss: 0.0006, weighted_loss: 0.0087, label: 1, bag_size: 6023
batch 179, loss: 0.0020, instance_loss: 0.0150, weighted_loss: 0.0059, label: 0, bag_size: 2637
batch 199, loss: 0.0186, instance_loss: 0.0060, weighted_loss: 0.0148, label: 0, bag_size: 7992
batch 219, loss: 0.0054, instance_loss: 0.0005, weighted_loss: 0.0039, label: 0, bag_size: 15392
batch 239, loss: 0.0179, instance_loss: 0.0088, weighted_loss: 0.0152, label: 1, bag_size: 1140
batch 259, loss: 0.0462, instance_loss: 0.0178, weighted_loss: 0.0377, label: 1, bag_size: 7879
batch 279, loss: 0.0332, instance_loss: 0.0008, weighted_loss: 0.0234, label: 1, bag_size: 13646
batch 299, loss: 0.0159, instance_loss: 0.0066, weighted_loss: 0.0131, label: 1, bag_size: 9833
batch 319, loss: 0.0035, instance_loss: 0.0006, weighted_loss: 0.0027, label: 0, bag_size: 23082
batch 339, loss: 0.0316, instance_loss: 0.0115, weighted_loss: 0.0256, label: 1, bag_size: 5082
batch 359, loss: 0.0558, instance_loss: 0.0038, weighted_loss: 0.0402, label: 1, bag_size: 18621
batch 379, loss: 0.0006, instance_loss: 0.0000, weighted_loss: 0.0004, label: 0, bag_size: 20517
batch 399, loss: 0.0595, instance_loss: 0.0003, weighted_loss: 0.0418, label: 0, bag_size: 8719
batch 419, loss: 0.0008, instance_loss: 0.0002, weighted_loss: 0.0006, label: 0, bag_size: 2119
batch 439, loss: 0.0029, instance_loss: 0.0016, weighted_loss: 0.0025, label: 1, bag_size: 4276
batch 459, loss: 0.0017, instance_loss: 0.0006, weighted_loss: 0.0014, label: 0, bag_size: 17328
batch 479, loss: 0.0088, instance_loss: 0.0068, weighted_loss: 0.0082, label: 1, bag_size: 13646
batch 499, loss: 0.0007, instance_loss: 0.0000, weighted_loss: 0.0005, label: 0, bag_size: 1941
batch 519, loss: 0.0501, instance_loss: 0.0005, weighted_loss: 0.0352, label: 0, bag_size: 21952
batch 539, loss: 0.0358, instance_loss: 0.0101, weighted_loss: 0.0281, label: 1, bag_size: 7879
batch 559, loss: 0.0099, instance_loss: 0.0406, weighted_loss: 0.0191, label: 1, bag_size: 4365
batch 579, loss: 0.0014, instance_loss: 0.0147, weighted_loss: 0.0054, label: 0, bag_size: 1921
batch 599, loss: 0.0014, instance_loss: 0.0006, weighted_loss: 0.0011, label: 1, bag_size: 5137
batch 619, loss: 0.0791, instance_loss: 0.0044, weighted_loss: 0.0567, label: 0, bag_size: 6871
batch 639, loss: 0.0001, instance_loss: 0.0000, weighted_loss: 0.0001, label: 0, bag_size: 3674
batch 659, loss: 0.0290, instance_loss: 0.0017, weighted_loss: 0.0208, label: 1, bag_size: 4276
batch 679, loss: 0.0318, instance_loss: 0.0271, weighted_loss: 0.0304, label: 0, bag_size: 7086
batch 699, loss: 0.0000, instance_loss: 0.0896, weighted_loss: 0.0269, label: 0, bag_size: 1682
batch 719, loss: 0.0139, instance_loss: 0.0006, weighted_loss: 0.0099, label: 1, bag_size: 4276
batch 739, loss: 0.0009, instance_loss: 0.0231, weighted_loss: 0.0076, label: 0, bag_size: 4692
batch 759, loss: 0.3050, instance_loss: 0.0181, weighted_loss: 0.2189, label: 0, bag_size: 5214
batch 779, loss: 0.0292, instance_loss: 0.0000, weighted_loss: 0.0205, label: 0, bag_size: 15687
batch 799, loss: 0.0070, instance_loss: 0.0301, weighted_loss: 0.0139, label: 1, bag_size: 4365
batch 819, loss: 0.0159, instance_loss: 0.0059, weighted_loss: 0.0129, label: 0, bag_size: 11037
batch 839, loss: 0.0001, instance_loss: 0.0000, weighted_loss: 0.0001, label: 0, bag_size: 10553
batch 859, loss: 0.0001, instance_loss: 0.0037, weighted_loss: 0.0012, label: 0, bag_size: 6548


class 0 clustering acc 0.999429874572406: correct 7012/7016
class 1 clustering acc 1.0: correct 7016/7016
Epoch: 1, train_loss: 0.1204, train_clustering_loss:  0.0109, train_error: 0.0376
class 0: acc 0.9522727272727273, correct 419/440
class 1: acc 0.9725400457665904, correct 425/437

Val Set, val_loss: 0.7532, val_error: 0.2587, auc: 0.6750
class 0 clustering acc 0.9993781094527363: correct 1607/1608
class 1 clustering acc 1.0: correct 1608/1608
class 0: acc 0.745, correct 149/200
class 1: acc 0.0, correct 0/1
EarlyStopping counter: 1 out of 10


batch 19, loss: 0.0012, instance_loss: 0.0003, weighted_loss: 0.0009, label: 0, bag_size: 9973
batch 39, loss: 0.0676, instance_loss: 0.0000, weighted_loss: 0.0473, label: 0, bag_size: 12537
batch 59, loss: 0.1579, instance_loss: 0.0284, weighted_loss: 0.1191, label: 1, bag_size: 6023
batch 79, loss: 0.0106, instance_loss: 0.0021, weighted_loss: 0.0081, label: 1, bag_size: 13646
batch 99, loss: 0.0515, instance_loss: 0.0016, weighted_loss: 0.0365, label: 1, bag_size: 13571
batch 119, loss: 0.0605, instance_loss: 0.0012, weighted_loss: 0.0427, label: 1, bag_size: 14318
batch 139, loss: 0.0005, instance_loss: 0.0031, weighted_loss: 0.0013, label: 0, bag_size: 5906
batch 159, loss: 0.0005, instance_loss: 0.0010, weighted_loss: 0.0007, label: 1, bag_size: 13571
batch 179, loss: 0.0194, instance_loss: 0.0027, weighted_loss: 0.0144, label: 1, bag_size: 13646
batch 199, loss: 0.0000, instance_loss: 0.0003, weighted_loss: 0.0001, label: 0, bag_size: 9709
batch 219, loss: 0.0000, instance_loss: 0.0011, weighted_loss: 0.0003, label: 0, bag_size: 2524
batch 239, loss: 0.0019, instance_loss: 0.0000, weighted_loss: 0.0013, label: 0, bag_size: 14873
batch 259, loss: 0.0029, instance_loss: 0.0017, weighted_loss: 0.0025, label: 1, bag_size: 7733
batch 279, loss: 0.0052, instance_loss: 0.0061, weighted_loss: 0.0055, label: 1, bag_size: 5082
batch 299, loss: 0.0012, instance_loss: 0.0013, weighted_loss: 0.0012, label: 1, bag_size: 7733
batch 319, loss: 0.0001, instance_loss: 0.1086, weighted_loss: 0.0326, label: 0, bag_size: 3607
batch 339, loss: 0.0015, instance_loss: 0.0000, weighted_loss: 0.0011, label: 0, bag_size: 14454
batch 359, loss: 0.0016, instance_loss: 0.0055, weighted_loss: 0.0028, label: 1, bag_size: 4365
batch 379, loss: 0.0575, instance_loss: 0.0000, weighted_loss: 0.0403, label: 1, bag_size: 18621
batch 399, loss: 0.0188, instance_loss: 0.0145, weighted_loss: 0.0176, label: 1, bag_size: 1140
batch 419, loss: 0.0000, instance_loss: 0.0000, weighted_loss: 0.0000, label: 0, bag_size: 11672
batch 439, loss: 0.0000, instance_loss: 0.0007, weighted_loss: 0.0002, label: 0, bag_size: 6932
batch 459, loss: 0.0049, instance_loss: 0.0104, weighted_loss: 0.0066, label: 1, bag_size: 5082
batch 479, loss: 0.0216, instance_loss: 0.0108, weighted_loss: 0.0183, label: 1, bag_size: 6023
batch 499, loss: 0.0000, instance_loss: 0.0004, weighted_loss: 0.0001, label: 0, bag_size: 2635
batch 519, loss: 0.0200, instance_loss: 0.0080, weighted_loss: 0.0164, label: 1, bag_size: 14318
batch 539, loss: 0.0003, instance_loss: 0.0002, weighted_loss: 0.0003, label: 1, bag_size: 18621
batch 559, loss: 0.0034, instance_loss: 0.0007, weighted_loss: 0.0026, label: 0, bag_size: 3969
batch 579, loss: 0.0007, instance_loss: 0.0006, weighted_loss: 0.0007, label: 1, bag_size: 18621
batch 599, loss: 0.0005, instance_loss: 0.0000, weighted_loss: 0.0003, label: 0, bag_size: 6073
batch 619, loss: 0.0042, instance_loss: 0.0000, weighted_loss: 0.0030, label: 1, bag_size: 13571
batch 639, loss: 0.0067, instance_loss: 0.0215, weighted_loss: 0.0112, label: 0, bag_size: 1521
batch 659, loss: 0.0007, instance_loss: 0.0045, weighted_loss: 0.0019, label: 0, bag_size: 9456
batch 679, loss: 0.0373, instance_loss: 0.0074, weighted_loss: 0.0283, label: 1, bag_size: 9833
batch 699, loss: 0.0164, instance_loss: 0.0051, weighted_loss: 0.0130, label: 1, bag_size: 14318
batch 719, loss: 0.0036, instance_loss: 0.0438, weighted_loss: 0.0157, label: 1, bag_size: 6023
batch 739, loss: 0.0776, instance_loss: 0.0049, weighted_loss: 0.0558, label: 0, bag_size: 8839
batch 759, loss: 0.0017, instance_loss: 0.0400, weighted_loss: 0.0132, label: 0, bag_size: 12427
batch 779, loss: 0.0861, instance_loss: 0.0002, weighted_loss: 0.0603, label: 1, bag_size: 7879
batch 799, loss: 0.0005, instance_loss: 0.0027, weighted_loss: 0.0012, label: 1, bag_size: 4365
batch 819, loss: 0.0021, instance_loss: 0.0007, weighted_loss: 0.0017, label: 0, bag_size: 2925
batch 839, loss: 0.0015, instance_loss: 0.0269, weighted_loss: 0.0091, label: 0, bag_size: 2161
batch 859, loss: 0.0007, instance_loss: 0.0002, weighted_loss: 0.0005, label: 0, bag_size: 9768


class 0 clustering acc 0.9991448118586089: correct 7010/7016
class 1 clustering acc 1.0: correct 7016/7016
Epoch: 2, train_loss: 0.0718, train_clustering_loss:  0.0067, train_error: 0.0194
class 0: acc 0.9776286353467561, correct 437/447
class 1: acc 0.9837209302325581, correct 423/430

Val Set, val_loss: 0.1625, val_error: 0.0398, auc: 0.3850
class 0 clustering acc 0.9993781094527363: correct 1607/1608
class 1 clustering acc 1.0: correct 1608/1608
class 0: acc 0.965, correct 193/200
class 1: acc 0.0, correct 0/1
Validation loss decreased (0.642439 --> 0.162461).  Saving model ...


batch 19, loss: 0.0012, instance_loss: 0.0008, weighted_loss: 0.0011, label: 0, bag_size: 13407
batch 39, loss: 0.0083, instance_loss: 0.0000, weighted_loss: 0.0058, label: 0, bag_size: 15251
batch 59, loss: 0.0003, instance_loss: 0.0000, weighted_loss: 0.0002, label: 1, bag_size: 5137
batch 79, loss: 0.0147, instance_loss: 0.0000, weighted_loss: 0.0103, label: 0, bag_size: 21952
batch 99, loss: 0.0001, instance_loss: 0.0000, weighted_loss: 0.0000, label: 0, bag_size: 15851
batch 119, loss: 0.0000, instance_loss: 0.0002, weighted_loss: 0.0001, label: 0, bag_size: 17250
batch 139, loss: 0.0005, instance_loss: 0.0000, weighted_loss: 0.0004, label: 0, bag_size: 2595
batch 159, loss: 0.0002, instance_loss: 0.0000, weighted_loss: 0.0002, label: 0, bag_size: 16361
batch 179, loss: 0.0004, instance_loss: 0.0036, weighted_loss: 0.0013, label: 1, bag_size: 5082
batch 199, loss: 0.0003, instance_loss: 0.0021, weighted_loss: 0.0009, label: 0, bag_size: 3706
batch 219, loss: 0.0000, instance_loss: 0.0028, weighted_loss: 0.0009, label: 0, bag_size: 1045
batch 239, loss: 0.0015, instance_loss: 0.0000, weighted_loss: 0.0010, label: 1, bag_size: 13646
batch 259, loss: 0.0000, instance_loss: 0.0000, weighted_loss: 0.0000, label: 0, bag_size: 11682
batch 279, loss: 0.0012, instance_loss: 0.0008, weighted_loss: 0.0011, label: 0, bag_size: 4791
batch 299, loss: 0.0007, instance_loss: 0.0004, weighted_loss: 0.0006, label: 1, bag_size: 7879
batch 319, loss: 0.0013, instance_loss: 0.0000, weighted_loss: 0.0009, label: 0, bag_size: 16346
batch 339, loss: 0.0000, instance_loss: 0.0000, weighted_loss: 0.0000, label: 0, bag_size: 10033
batch 359, loss: 0.0001, instance_loss: 0.0000, weighted_loss: 0.0001, label: 1, bag_size: 9833
batch 379, loss: 0.0001, instance_loss: 0.0016, weighted_loss: 0.0005, label: 0, bag_size: 2887
batch 399, loss: 0.0000, instance_loss: 0.0007, weighted_loss: 0.0002, label: 0, bag_size: 1744
batch 419, loss: 0.0001, instance_loss: 0.0037, weighted_loss: 0.0012, label: 0, bag_size: 9492
batch 439, loss: 0.0000, instance_loss: 0.0000, weighted_loss: 0.0000, label: 0, bag_size: 4983
batch 459, loss: 0.0003, instance_loss: 0.0000, weighted_loss: 0.0002, label: 1, bag_size: 5137
batch 479, loss: 0.0001, instance_loss: 0.0000, weighted_loss: 0.0001, label: 0, bag_size: 10540
batch 499, loss: 0.0000, instance_loss: 0.0000, weighted_loss: 0.0000, label: 0, bag_size: 5315
batch 519, loss: 0.0000, instance_loss: 0.0026, weighted_loss: 0.0008, label: 0, bag_size: 5315
batch 539, loss: 0.0001, instance_loss: 0.0008, weighted_loss: 0.0003, label: 1, bag_size: 3354
batch 559, loss: 0.0025, instance_loss: 0.0002, weighted_loss: 0.0018, label: 0, bag_size: 10923
batch 579, loss: 0.0025, instance_loss: 0.0008, weighted_loss: 0.0020, label: 1, bag_size: 18621
batch 599, loss: 0.0011, instance_loss: 0.0000, weighted_loss: 0.0008, label: 1, bag_size: 13646
batch 619, loss: 0.0014, instance_loss: 0.0030, weighted_loss: 0.0019, label: 0, bag_size: 2640
batch 639, loss: 0.0011, instance_loss: 0.0002, weighted_loss: 0.0009, label: 1, bag_size: 14318
batch 659, loss: 0.0004, instance_loss: 0.0103, weighted_loss: 0.0034, label: 0, bag_size: 5699
batch 679, loss: 0.0002, instance_loss: 0.0000, weighted_loss: 0.0001, label: 0, bag_size: 6330
batch 699, loss: 0.0011, instance_loss: 0.0002, weighted_loss: 0.0008, label: 1, bag_size: 13646
batch 719, loss: 0.0021, instance_loss: 0.0000, weighted_loss: 0.0015, label: 1, bag_size: 13646
batch 739, loss: 0.0004, instance_loss: 0.0005, weighted_loss: 0.0004, label: 1, bag_size: 7879
batch 759, loss: 4.3442, instance_loss: 0.0000, weighted_loss: 3.0410, label: 0, bag_size: 14178
batch 779, loss: 0.0000, instance_loss: 0.0034, weighted_loss: 0.0010, label: 0, bag_size: 2352
batch 799, loss: 0.0004, instance_loss: 0.0041, weighted_loss: 0.0015, label: 0, bag_size: 3144
batch 819, loss: 1.3213, instance_loss: 0.0084, weighted_loss: 0.9274, label: 1, bag_size: 3354
batch 839, loss: 0.0000, instance_loss: 0.0000, weighted_loss: 0.0000, label: 0, bag_size: 6548
batch 859, loss: 0.0036, instance_loss: 0.0008, weighted_loss: 0.0028, label: 1, bag_size: 13571


class 0 clustering acc 0.9990022805017104: correct 7009/7016
class 1 clustering acc 1.0: correct 7016/7016
Epoch: 3, train_loss: 0.0326, train_clustering_loss:  0.0050, train_error: 0.0080
class 0: acc 0.9886877828054299, correct 437/442
class 1: acc 0.9954022988505747, correct 433/435

Val Set, val_loss: 0.1542, val_error: 0.0348, auc: 0.4950
class 0 clustering acc 0.9987562189054726: correct 1606/1608
class 1 clustering acc 0.9987562189054726: correct 1606/1608
class 0: acc 0.97, correct 194/200
class 1: acc 0.0, correct 0/1
Validation loss decreased (0.162461 --> 0.154158).  Saving model ...


batch 19, loss: 0.0029, instance_loss: 0.0002, weighted_loss: 0.0021, label: 1, bag_size: 14318
batch 39, loss: 0.0103, instance_loss: 0.0000, weighted_loss: 0.0072, label: 0, bag_size: 16346
batch 59, loss: 0.0006, instance_loss: 0.0033, weighted_loss: 0.0014, label: 1, bag_size: 5082
batch 79, loss: 0.0602, instance_loss: 0.0003, weighted_loss: 0.0422, label: 1, bag_size: 14318
batch 99, loss: 0.0401, instance_loss: 0.0220, weighted_loss: 0.0347, label: 1, bag_size: 1140
batch 119, loss: 0.0125, instance_loss: 0.0004, weighted_loss: 0.0089, label: 1, bag_size: 13571
batch 139, loss: 0.6881, instance_loss: 0.0075, weighted_loss: 0.4840, label: 0, bag_size: 6044
batch 159, loss: 0.0007, instance_loss: 0.0000, weighted_loss: 0.0005, label: 0, bag_size: 16768
batch 179, loss: 0.0000, instance_loss: 0.0000, weighted_loss: 0.0000, label: 0, bag_size: 3024
batch 199, loss: 0.0001, instance_loss: 0.0005, weighted_loss: 0.0002, label: 0, bag_size: 1941
batch 219, loss: 0.0016, instance_loss: 0.0000, weighted_loss: 0.0012, label: 1, bag_size: 4365
batch 239, loss: 0.0050, instance_loss: 0.0000, weighted_loss: 0.0035, label: 1, bag_size: 18621
batch 259, loss: 0.0026, instance_loss: 0.0062, weighted_loss: 0.0037, label: 0, bag_size: 8616
batch 279, loss: 0.0006, instance_loss: 0.0000, weighted_loss: 0.0004, label: 1, bag_size: 5137
batch 299, loss: 0.0044, instance_loss: 0.0000, weighted_loss: 0.0031, label: 1, bag_size: 3354
batch 319, loss: 0.0203, instance_loss: 0.0000, weighted_loss: 0.0142, label: 1, bag_size: 13646
batch 339, loss: 0.0001, instance_loss: 0.0000, weighted_loss: 0.0001, label: 0, bag_size: 5615
batch 359, loss: 0.0002, instance_loss: 0.0000, weighted_loss: 0.0001, label: 0, bag_size: 3146
batch 379, loss: 0.0000, instance_loss: 0.0014, weighted_loss: 0.0005, label: 0, bag_size: 1677
batch 399, loss: 0.0151, instance_loss: 0.0000, weighted_loss: 0.0106, label: 1, bag_size: 13646
batch 419, loss: 0.0004, instance_loss: 0.0003, weighted_loss: 0.0003, label: 0, bag_size: 3374
batch 439, loss: 0.0091, instance_loss: 0.0000, weighted_loss: 0.0064, label: 1, bag_size: 13646
batch 459, loss: 0.0005, instance_loss: 0.0043, weighted_loss: 0.0016, label: 0, bag_size: 2698
batch 479, loss: 0.0026, instance_loss: 0.0164, weighted_loss: 0.0067, label: 1, bag_size: 1140
batch 499, loss: 0.0001, instance_loss: 0.0000, weighted_loss: 0.0000, label: 0, bag_size: 8178
batch 519, loss: 0.0042, instance_loss: 0.0000, weighted_loss: 0.0029, label: 0, bag_size: 3691
batch 539, loss: 0.0543, instance_loss: 0.0148, weighted_loss: 0.0424, label: 0, bag_size: 1860
batch 559, loss: 0.0032, instance_loss: 0.0002, weighted_loss: 0.0023, label: 1, bag_size: 4365
batch 579, loss: 0.0001, instance_loss: 0.0000, weighted_loss: 0.0001, label: 0, bag_size: 5956
batch 599, loss: 0.0000, instance_loss: 0.0000, weighted_loss: 0.0000, label: 0, bag_size: 19205
batch 619, loss: 0.0001, instance_loss: 0.0006, weighted_loss: 0.0002, label: 1, bag_size: 9833
batch 639, loss: 0.0008, instance_loss: 0.0019, weighted_loss: 0.0011, label: 1, bag_size: 6023
batch 659, loss: 0.0000, instance_loss: 0.0002, weighted_loss: 0.0001, label: 0, bag_size: 4256
batch 679, loss: 0.0002, instance_loss: 0.0000, weighted_loss: 0.0001, label: 0, bag_size: 12141
batch 699, loss: 0.0037, instance_loss: 0.0000, weighted_loss: 0.0026, label: 1, bag_size: 6023
batch 719, loss: 0.0009, instance_loss: 0.0036, weighted_loss: 0.0017, label: 1, bag_size: 9833
batch 739, loss: 0.0001, instance_loss: 0.0030, weighted_loss: 0.0010, label: 0, bag_size: 1614
batch 759, loss: 0.0330, instance_loss: 0.0006, weighted_loss: 0.0233, label: 1, bag_size: 3354
batch 779, loss: 0.0000, instance_loss: 0.0002, weighted_loss: 0.0001, label: 0, bag_size: 9856
batch 799, loss: 0.0000, instance_loss: 0.0000, weighted_loss: 0.0000, label: 0, bag_size: 5466
batch 819, loss: 0.0000, instance_loss: 0.0000, weighted_loss: 0.0000, label: 0, bag_size: 1536
batch 839, loss: 0.0479, instance_loss: 0.0013, weighted_loss: 0.0339, label: 0, bag_size: 5614
batch 859, loss: 0.0003, instance_loss: 0.0000, weighted_loss: 0.0002, label: 0, bag_size: 13341


class 0 clustering acc 1.0: correct 7016/7016
class 1 clustering acc 1.0: correct 7016/7016
Epoch: 4, train_loss: 0.0367, train_clustering_loss:  0.0024, train_error: 0.0137
class 0: acc 0.9893390191897654, correct 464/469
class 1: acc 0.9828431372549019, correct 401/408

Val Set, val_loss: 0.1688, val_error: 0.0547, auc: 0.5750
class 0 clustering acc 0.9987562189054726: correct 1606/1608
class 1 clustering acc 1.0: correct 1608/1608
class 0: acc 0.95, correct 190/200
class 1: acc 0.0, correct 0/1
EarlyStopping counter: 1 out of 10


batch 19, loss: 0.0042, instance_loss: 0.0000, weighted_loss: 0.0029, label: 0, bag_size: 20467
batch 39, loss: 0.0025, instance_loss: 0.0000, weighted_loss: 0.0017, label: 1, bag_size: 18621
batch 59, loss: 0.0015, instance_loss: 0.0008, weighted_loss: 0.0013, label: 1, bag_size: 14318
batch 79, loss: 0.0019, instance_loss: 0.0000, weighted_loss: 0.0013, label: 1, bag_size: 4365
batch 99, loss: 0.0000, instance_loss: 0.0000, weighted_loss: 0.0000, label: 0, bag_size: 3380
batch 119, loss: 0.0000, instance_loss: 0.0014, weighted_loss: 0.0004, label: 0, bag_size: 6024
batch 139, loss: 0.0010, instance_loss: 0.0000, weighted_loss: 0.0007, label: 1, bag_size: 9833
batch 159, loss: 0.0000, instance_loss: 0.0000, weighted_loss: 0.0000, label: 0, bag_size: 9834
batch 179, loss: 0.0000, instance_loss: 0.0000, weighted_loss: 0.0000, label: 0, bag_size: 17359
batch 199, loss: 0.2720, instance_loss: 0.0000, weighted_loss: 0.1904, label: 0, bag_size: 14056
batch 219, loss: 0.0010, instance_loss: 0.0000, weighted_loss: 0.0007, label: 0, bag_size: 3520
batch 239, loss: 0.0000, instance_loss: 0.0011, weighted_loss: 0.0003, label: 0, bag_size: 2482
batch 259, loss: 0.0012, instance_loss: 0.0002, weighted_loss: 0.0009, label: 0, bag_size: 3440
batch 279, loss: 0.0000, instance_loss: 0.0000, weighted_loss: 0.0000, label: 0, bag_size: 2060
batch 299, loss: 0.0010, instance_loss: 0.0000, weighted_loss: 0.0007, label: 1, bag_size: 3354
batch 319, loss: 0.0001, instance_loss: 0.0000, weighted_loss: 0.0000, label: 0, bag_size: 1865
batch 339, loss: 0.0001, instance_loss: 0.0003, weighted_loss: 0.0001, label: 1, bag_size: 7733
batch 359, loss: 0.0000, instance_loss: 0.0000, weighted_loss: 0.0000, label: 1, bag_size: 13571
batch 379, loss: 0.0001, instance_loss: 0.0006, weighted_loss: 0.0003, label: 0, bag_size: 3506
batch 399, loss: 0.0776, instance_loss: 0.0000, weighted_loss: 0.0543, label: 1, bag_size: 18621
batch 419, loss: 0.0029, instance_loss: 0.0000, weighted_loss: 0.0020, label: 0, bag_size: 1621
batch 439, loss: 0.0000, instance_loss: 0.0000, weighted_loss: 0.0000, label: 0, bag_size: 1861
batch 459, loss: 0.0327, instance_loss: 0.0004, weighted_loss: 0.0230, label: 0, bag_size: 6907
batch 479, loss: 0.0056, instance_loss: 0.0000, weighted_loss: 0.0039, label: 0, bag_size: 25070
batch 499, loss: 0.0006, instance_loss: 0.0000, weighted_loss: 0.0005, label: 0, bag_size: 16721
batch 519, loss: 0.0000, instance_loss: 0.0007, weighted_loss: 0.0002, label: 0, bag_size: 3167
batch 539, loss: 0.0006, instance_loss: 0.0006, weighted_loss: 0.0006, label: 1, bag_size: 9833
batch 559, loss: 0.0001, instance_loss: 0.0000, weighted_loss: 0.0000, label: 0, bag_size: 5828
batch 579, loss: 0.0004, instance_loss: 0.0000, weighted_loss: 0.0003, label: 1, bag_size: 3354
batch 599, loss: 0.0003, instance_loss: 0.0000, weighted_loss: 0.0002, label: 1, bag_size: 13646
batch 619, loss: 0.0006, instance_loss: 0.0000, weighted_loss: 0.0004, label: 0, bag_size: 5115
batch 639, loss: 0.0081, instance_loss: 0.0000, weighted_loss: 0.0057, label: 1, bag_size: 18621
batch 659, loss: 0.0005, instance_loss: 0.0000, weighted_loss: 0.0004, label: 1, bag_size: 9833
batch 679, loss: 0.0017, instance_loss: 0.0008, weighted_loss: 0.0014, label: 1, bag_size: 4276
batch 699, loss: 0.0000, instance_loss: 0.0000, weighted_loss: 0.0000, label: 0, bag_size: 9969
batch 719, loss: 0.0080, instance_loss: 0.0000, weighted_loss: 0.0056, label: 1, bag_size: 18621
batch 739, loss: 0.0001, instance_loss: 0.0011, weighted_loss: 0.0004, label: 0, bag_size: 4563
batch 759, loss: 0.0013, instance_loss: 0.0034, weighted_loss: 0.0019, label: 0, bag_size: 9548
batch 779, loss: 0.0000, instance_loss: 0.0003, weighted_loss: 0.0001, label: 0, bag_size: 10419
batch 799, loss: 0.0000, instance_loss: 0.0000, weighted_loss: 0.0000, label: 0, bag_size: 2770
batch 819, loss: 0.0000, instance_loss: 0.0000, weighted_loss: 0.0000, label: 0, bag_size: 15404
batch 839, loss: 0.0000, instance_loss: 0.0000, weighted_loss: 0.0000, label: 0, bag_size: 18052
batch 859, loss: 0.0001, instance_loss: 0.0021, weighted_loss: 0.0007, label: 1, bag_size: 5082


class 0 clustering acc 1.0: correct 7016/7016
class 1 clustering acc 1.0: correct 7016/7016
Epoch: 5, train_loss: 0.0172, train_clustering_loss:  0.0010, train_error: 0.0034
class 0: acc 0.9976415094339622, correct 423/424
class 1: acc 0.9955849889624724, correct 451/453

Val Set, val_loss: 0.1973, val_error: 0.0498, auc: 0.3600
class 0 clustering acc 0.9987562189054726: correct 1606/1608
class 1 clustering acc 1.0: correct 1608/1608
class 0: acc 0.955, correct 191/200
class 1: acc 0.0, correct 0/1
EarlyStopping counter: 2 out of 10


batch 19, loss: 0.0004, instance_loss: 0.0000, weighted_loss: 0.0002, label: 1, bag_size: 3354
batch 39, loss: 0.0025, instance_loss: 0.0000, weighted_loss: 0.0018, label: 1, bag_size: 4365
batch 59, loss: 0.0002, instance_loss: 0.0002, weighted_loss: 0.0002, label: 0, bag_size: 12781
batch 79, loss: 0.0000, instance_loss: 0.0003, weighted_loss: 0.0001, label: 0, bag_size: 11672
batch 99, loss: 0.0007, instance_loss: 0.0002, weighted_loss: 0.0006, label: 1, bag_size: 4276
batch 119, loss: 0.0011, instance_loss: 0.0004, weighted_loss: 0.0009, label: 1, bag_size: 1140
batch 139, loss: 0.0029, instance_loss: 0.0005, weighted_loss: 0.0022, label: 1, bag_size: 7879
batch 159, loss: 0.0000, instance_loss: 0.0000, weighted_loss: 0.0000, label: 0, bag_size: 16343
batch 179, loss: 0.0003, instance_loss: 0.0000, weighted_loss: 0.0002, label: 1, bag_size: 9833
batch 199, loss: 0.0000, instance_loss: 0.0000, weighted_loss: 0.0000, label: 0, bag_size: 3983
batch 219, loss: 0.0008, instance_loss: 0.0004, weighted_loss: 0.0007, label: 1, bag_size: 5137
batch 239, loss: 0.0000, instance_loss: 0.0002, weighted_loss: 0.0001, label: 0, bag_size: 1183
batch 259, loss: 0.0006, instance_loss: 0.0000, weighted_loss: 0.0004, label: 1, bag_size: 5137
batch 279, loss: 0.0000, instance_loss: 0.0018, weighted_loss: 0.0006, label: 0, bag_size: 2113
batch 299, loss: 0.0007, instance_loss: 0.0000, weighted_loss: 0.0005, label: 1, bag_size: 13646
batch 319, loss: 0.0001, instance_loss: 0.0000, weighted_loss: 0.0001, label: 1, bag_size: 13571
batch 339, loss: 0.0000, instance_loss: 0.0007, weighted_loss: 0.0002, label: 0, bag_size: 20429
batch 359, loss: 0.0000, instance_loss: 0.0000, weighted_loss: 0.0000, label: 0, bag_size: 6032
batch 379, loss: 0.0000, instance_loss: 0.0000, weighted_loss: 0.0000, label: 0, bag_size: 2406
batch 399, loss: 0.0000, instance_loss: 0.0020, weighted_loss: 0.0006, label: 1, bag_size: 5082
batch 419, loss: 0.0010, instance_loss: 0.0015, weighted_loss: 0.0011, label: 1, bag_size: 4365
batch 439, loss: 0.0006, instance_loss: 0.0137, weighted_loss: 0.0045, label: 1, bag_size: 1140
batch 459, loss: 0.0000, instance_loss: 0.0000, weighted_loss: 0.0000, label: 1, bag_size: 5082
batch 479, loss: 0.0000, instance_loss: 0.0000, weighted_loss: 0.0000, label: 0, bag_size: 17328
batch 499, loss: 0.0004, instance_loss: 0.0000, weighted_loss: 0.0003, label: 1, bag_size: 4365
batch 519, loss: 0.0000, instance_loss: 0.0000, weighted_loss: 0.0000, label: 0, bag_size: 2280
batch 539, loss: 0.0000, instance_loss: 0.0002, weighted_loss: 0.0001, label: 0, bag_size: 4577
batch 559, loss: 0.0000, instance_loss: 0.0000, weighted_loss: 0.0000, label: 1, bag_size: 13571
batch 579, loss: 0.0000, instance_loss: 0.0000, weighted_loss: 0.0000, label: 0, bag_size: 6330
batch 599, loss: 0.0001, instance_loss: 0.0019, weighted_loss: 0.0006, label: 1, bag_size: 9833
batch 619, loss: 0.0003, instance_loss: 0.0002, weighted_loss: 0.0003, label: 1, bag_size: 6023
batch 639, loss: 0.0000, instance_loss: 0.0006, weighted_loss: 0.0002, label: 0, bag_size: 5238
batch 659, loss: 0.0000, instance_loss: 0.0000, weighted_loss: 0.0000, label: 0, bag_size: 15461
batch 679, loss: 0.0281, instance_loss: 0.0000, weighted_loss: 0.0197, label: 0, bag_size: 10665
batch 699, loss: 0.0005, instance_loss: 0.0002, weighted_loss: 0.0004, label: 0, bag_size: 6660
batch 719, loss: 0.0000, instance_loss: 0.0003, weighted_loss: 0.0001, label: 0, bag_size: 7001
batch 739, loss: 0.0023, instance_loss: 0.0003, weighted_loss: 0.0017, label: 1, bag_size: 18621
batch 759, loss: 0.0001, instance_loss: 0.0000, weighted_loss: 0.0000, label: 1, bag_size: 7733
batch 779, loss: 0.0001, instance_loss: 0.0014, weighted_loss: 0.0005, label: 0, bag_size: 1601
batch 799, loss: 0.0000, instance_loss: 0.0093, weighted_loss: 0.0028, label: 0, bag_size: 2894
batch 819, loss: 0.0004, instance_loss: 0.0019, weighted_loss: 0.0009, label: 0, bag_size: 7519
batch 839, loss: 0.0001, instance_loss: 0.0011, weighted_loss: 0.0004, label: 0, bag_size: 7992
batch 859, loss: 0.0001, instance_loss: 0.0021, weighted_loss: 0.0007, label: 0, bag_size: 3588


class 0 clustering acc 1.0: correct 7016/7016
class 1 clustering acc 1.0: correct 7016/7016
Epoch: 6, train_loss: 0.0010, train_clustering_loss:  0.0011, train_error: 0.0000
class 0: acc 1.0, correct 411/411
class 1: acc 1.0, correct 466/466

Val Set, val_loss: 0.2976, val_error: 0.0547, auc: 0.3800
class 0 clustering acc 1.0: correct 1608/1608
class 1 clustering acc 1.0: correct 1608/1608
class 0: acc 0.95, correct 190/200
class 1: acc 0.0, correct 0/1
EarlyStopping counter: 3 out of 10


batch 19, loss: 0.0000, instance_loss: 0.0000, weighted_loss: 0.0000, label: 0, bag_size: 4256
batch 39, loss: 0.0000, instance_loss: 0.0000, weighted_loss: 0.0000, label: 0, bag_size: 5542
batch 59, loss: 0.0000, instance_loss: 0.0000, weighted_loss: 0.0000, label: 0, bag_size: 17101
batch 79, loss: 0.0001, instance_loss: 0.0051, weighted_loss: 0.0016, label: 0, bag_size: 1698
batch 99, loss: 0.0000, instance_loss: 0.0000, weighted_loss: 0.0000, label: 0, bag_size: 1630
batch 119, loss: 0.0000, instance_loss: 0.0002, weighted_loss: 0.0001, label: 0, bag_size: 3687
batch 139, loss: 0.0005, instance_loss: 0.0009, weighted_loss: 0.0006, label: 1, bag_size: 4365
batch 159, loss: 0.0000, instance_loss: 0.0107, weighted_loss: 0.0032, label: 0, bag_size: 7519
batch 179, loss: 0.0000, instance_loss: 0.0000, weighted_loss: 0.0000, label: 0, bag_size: 15758
batch 199, loss: 0.0001, instance_loss: 0.0012, weighted_loss: 0.0004, label: 1, bag_size: 9833
batch 219, loss: 0.8050, instance_loss: 0.0000, weighted_loss: 0.5635, label: 1, bag_size: 18621
batch 239, loss: 0.0000, instance_loss: 0.0000, weighted_loss: 0.0000, label: 0, bag_size: 5169
batch 259, loss: 0.0004, instance_loss: 0.0002, weighted_loss: 0.0004, label: 1, bag_size: 7879
batch 279, loss: 0.0001, instance_loss: 0.0000, weighted_loss: 0.0001, label: 1, bag_size: 9833
batch 299, loss: 0.0000, instance_loss: 0.0024, weighted_loss: 0.0007, label: 0, bag_size: 2418
batch 319, loss: 0.0001, instance_loss: 0.0006, weighted_loss: 0.0003, label: 1, bag_size: 9833
batch 339, loss: 0.0507, instance_loss: 0.0005, weighted_loss: 0.0356, label: 1, bag_size: 4365
batch 359, loss: 0.0043, instance_loss: 0.0000, weighted_loss: 0.0030, label: 1, bag_size: 4365
batch 379, loss: 0.0000, instance_loss: 0.0033, weighted_loss: 0.0010, label: 0, bag_size: 8458
batch 399, loss: 0.0001, instance_loss: 0.0010, weighted_loss: 0.0004, label: 1, bag_size: 9833
batch 419, loss: 0.0001, instance_loss: 0.0000, weighted_loss: 0.0000, label: 0, bag_size: 5170
batch 439, loss: 0.0046, instance_loss: 0.0000, weighted_loss: 0.0033, label: 1, bag_size: 13571
batch 459, loss: 0.0101, instance_loss: 0.0072, weighted_loss: 0.0092, label: 0, bag_size: 7261
batch 479, loss: 0.0000, instance_loss: 0.0006, weighted_loss: 0.0002, label: 0, bag_size: 2984
batch 499, loss: 0.0017, instance_loss: 0.0007, weighted_loss: 0.0014, label: 0, bag_size: 16508
batch 519, loss: 0.0116, instance_loss: 0.0000, weighted_loss: 0.0081, label: 1, bag_size: 14318
batch 539, loss: 0.0822, instance_loss: 0.0005, weighted_loss: 0.0577, label: 0, bag_size: 5204
batch 559, loss: 0.0000, instance_loss: 0.0000, weighted_loss: 0.0000, label: 1, bag_size: 9833
batch 579, loss: 0.0054, instance_loss: 0.0003, weighted_loss: 0.0039, label: 0, bag_size: 7491
batch 599, loss: 0.1853, instance_loss: 0.0000, weighted_loss: 0.1297, label: 1, bag_size: 6023
batch 619, loss: 0.0001, instance_loss: 0.0000, weighted_loss: 0.0001, label: 0, bag_size: 4683
batch 639, loss: 0.0007, instance_loss: 0.0003, weighted_loss: 0.0006, label: 1, bag_size: 4276
batch 659, loss: 0.0086, instance_loss: 0.0000, weighted_loss: 0.0060, label: 1, bag_size: 7879
batch 679, loss: 0.0003, instance_loss: 0.0002, weighted_loss: 0.0003, label: 0, bag_size: 4213
batch 699, loss: 0.0017, instance_loss: 0.0000, weighted_loss: 0.0012, label: 1, bag_size: 13571
batch 719, loss: 0.0010, instance_loss: 0.0000, weighted_loss: 0.0007, label: 1, bag_size: 6023
batch 739, loss: 0.0031, instance_loss: 0.0002, weighted_loss: 0.0022, label: 1, bag_size: 6023
batch 759, loss: 0.0099, instance_loss: 0.0040, weighted_loss: 0.0081, label: 1, bag_size: 1140
batch 779, loss: 0.0000, instance_loss: 0.0000, weighted_loss: 0.0000, label: 0, bag_size: 12188
batch 799, loss: 0.0002, instance_loss: 0.0020, weighted_loss: 0.0007, label: 0, bag_size: 4728
batch 819, loss: 0.0074, instance_loss: 0.0011, weighted_loss: 0.0055, label: 1, bag_size: 5082
batch 839, loss: 0.0018, instance_loss: 0.0108, weighted_loss: 0.0045, label: 1, bag_size: 1140
batch 859, loss: 0.0009, instance_loss: 0.0000, weighted_loss: 0.0006, label: 0, bag_size: 4302


class 0 clustering acc 1.0: correct 7016/7016
class 1 clustering acc 0.999714937286203: correct 7014/7016
Epoch: 7, train_loss: 0.0427, train_clustering_loss:  0.0015, train_error: 0.0114
class 0: acc 0.9908883826879271, correct 435/439
class 1: acc 0.9863013698630136, correct 432/438

Val Set, val_loss: 0.2080, val_error: 0.0498, auc: 0.2500
class 0 clustering acc 1.0: correct 1608/1608
class 1 clustering acc 1.0: correct 1608/1608
class 0: acc 0.955, correct 191/200
class 1: acc 0.0, correct 0/1
EarlyStopping counter: 4 out of 10


batch 19, loss: 0.0008, instance_loss: 0.0000, weighted_loss: 0.0006, label: 1, bag_size: 7733
batch 39, loss: 0.0002, instance_loss: 0.0004, weighted_loss: 0.0002, label: 0, bag_size: 17155
batch 59, loss: 0.0029, instance_loss: 0.0000, weighted_loss: 0.0020, label: 1, bag_size: 5082
batch 79, loss: 0.0001, instance_loss: 0.0000, weighted_loss: 0.0000, label: 0, bag_size: 20429
batch 99, loss: 0.0005, instance_loss: 0.0000, weighted_loss: 0.0004, label: 1, bag_size: 13571
batch 119, loss: 0.0001, instance_loss: 0.0000, weighted_loss: 0.0001, label: 1, bag_size: 5137
batch 139, loss: 0.0003, instance_loss: 0.0000, weighted_loss: 0.0002, label: 1, bag_size: 4276
batch 159, loss: 0.0000, instance_loss: 0.0007, weighted_loss: 0.0002, label: 0, bag_size: 1677
batch 179, loss: 0.0001, instance_loss: 0.1065, weighted_loss: 0.0320, label: 0, bag_size: 112
batch 199, loss: 0.0002, instance_loss: 0.0004, weighted_loss: 0.0002, label: 1, bag_size: 3354
batch 219, loss: 0.0018, instance_loss: 0.0000, weighted_loss: 0.0013, label: 1, bag_size: 18621
batch 239, loss: 0.0001, instance_loss: 0.0000, weighted_loss: 0.0001, label: 1, bag_size: 7879
batch 259, loss: 0.0000, instance_loss: 0.0000, weighted_loss: 0.0000, label: 0, bag_size: 1539
batch 279, loss: 0.0006, instance_loss: 0.0011, weighted_loss: 0.0007, label: 1, bag_size: 3354
batch 299, loss: 0.0001, instance_loss: 0.0000, weighted_loss: 0.0000, label: 0, bag_size: 17692
batch 319, loss: 0.0003, instance_loss: 0.0000, weighted_loss: 0.0002, label: 0, bag_size: 11246
batch 339, loss: 0.0024, instance_loss: 0.0214, weighted_loss: 0.0081, label: 1, bag_size: 1140
batch 359, loss: 0.0000, instance_loss: 0.0000, weighted_loss: 0.0000, label: 0, bag_size: 6024
batch 379, loss: 0.0000, instance_loss: 0.0009, weighted_loss: 0.0003, label: 0, bag_size: 2113
batch 399, loss: 0.0010, instance_loss: 0.0000, weighted_loss: 0.0007, label: 1, bag_size: 4276
batch 419, loss: 0.0020, instance_loss: 0.0000, weighted_loss: 0.0014, label: 1, bag_size: 4365
batch 439, loss: 0.0031, instance_loss: 0.0036, weighted_loss: 0.0033, label: 1, bag_size: 1140
batch 459, loss: 0.0001, instance_loss: 0.0000, weighted_loss: 0.0000, label: 0, bag_size: 8075
batch 479, loss: 0.0000, instance_loss: 0.0000, weighted_loss: 0.0000, label: 0, bag_size: 2464
batch 499, loss: 0.0001, instance_loss: 0.0003, weighted_loss: 0.0001, label: 0, bag_size: 7815
batch 519, loss: 0.0000, instance_loss: 0.0012, weighted_loss: 0.0004, label: 0, bag_size: 9717
batch 539, loss: 0.0014, instance_loss: 0.0000, weighted_loss: 0.0010, label: 1, bag_size: 4365
batch 559, loss: 0.0001, instance_loss: 0.0000, weighted_loss: 0.0001, label: 1, bag_size: 13571
batch 579, loss: 0.0003, instance_loss: 0.0000, weighted_loss: 0.0002, label: 1, bag_size: 7733
batch 599, loss: 0.0001, instance_loss: 0.0005, weighted_loss: 0.0002, label: 1, bag_size: 5082
batch 619, loss: 0.0005, instance_loss: 0.0000, weighted_loss: 0.0003, label: 1, bag_size: 4276
batch 639, loss: 0.0001, instance_loss: 0.0000, weighted_loss: 0.0001, label: 0, bag_size: 13341
batch 659, loss: 0.0002, instance_loss: 0.0030, weighted_loss: 0.0011, label: 1, bag_size: 6023
batch 679, loss: 0.0003, instance_loss: 0.0006, weighted_loss: 0.0004, label: 1, bag_size: 9833
batch 699, loss: 0.0002, instance_loss: 0.0000, weighted_loss: 0.0001, label: 0, bag_size: 11803
batch 719, loss: 0.0006, instance_loss: 0.0446, weighted_loss: 0.0138, label: 0, bag_size: 2754
batch 739, loss: 0.0002, instance_loss: 0.0021, weighted_loss: 0.0008, label: 1, bag_size: 6023
batch 759, loss: 0.0070, instance_loss: 0.0000, weighted_loss: 0.0049, label: 1, bag_size: 14318
batch 779, loss: 0.0000, instance_loss: 0.0000, weighted_loss: 0.0000, label: 1, bag_size: 7733
batch 799, loss: 0.0008, instance_loss: 0.0002, weighted_loss: 0.0006, label: 1, bag_size: 4365
batch 819, loss: 0.0000, instance_loss: 0.0000, weighted_loss: 0.0000, label: 0, bag_size: 16785
batch 839, loss: 0.0171, instance_loss: 0.0000, weighted_loss: 0.0120, label: 0, bag_size: 14855
batch 859, loss: 0.0001, instance_loss: 0.0006, weighted_loss: 0.0003, label: 1, bag_size: 6023


class 0 clustering acc 1.0: correct 7016/7016
class 1 clustering acc 1.0: correct 7016/7016
Epoch: 8, train_loss: 0.0043, train_clustering_loss:  0.0010, train_error: 0.0011
class 0: acc 0.9976635514018691, correct 427/428
class 1: acc 1.0, correct 449/449

Val Set, val_loss: 0.2000, val_error: 0.0398, auc: 0.4400
class 0 clustering acc 1.0: correct 1608/1608
class 1 clustering acc 1.0: correct 1608/1608
class 0: acc 0.965, correct 193/200
class 1: acc 0.0, correct 0/1
EarlyStopping counter: 5 out of 10


batch 19, loss: 0.0000, instance_loss: 0.0000, weighted_loss: 0.0000, label: 0, bag_size: 15678
batch 39, loss: 0.0007, instance_loss: 0.0000, weighted_loss: 0.0005, label: 0, bag_size: 6638
batch 59, loss: 0.0002, instance_loss: 0.0002, weighted_loss: 0.0002, label: 1, bag_size: 6023
batch 79, loss: 0.0001, instance_loss: 0.0000, weighted_loss: 0.0001, label: 0, bag_size: 5375
batch 99, loss: 0.0001, instance_loss: 0.0000, weighted_loss: 0.0001, label: 0, bag_size: 6081
batch 119, loss: 0.0009, instance_loss: 0.0040, weighted_loss: 0.0018, label: 1, bag_size: 18621
batch 139, loss: 0.0000, instance_loss: 0.0012, weighted_loss: 0.0004, label: 0, bag_size: 1008
batch 159, loss: 0.0000, instance_loss: 0.0000, weighted_loss: 0.0000, label: 0, bag_size: 18333
batch 179, loss: 0.0000, instance_loss: 0.0000, weighted_loss: 0.0000, label: 0, bag_size: 7352
batch 199, loss: 0.0000, instance_loss: 0.0000, weighted_loss: 0.0000, label: 0, bag_size: 17864
batch 219, loss: 0.0022, instance_loss: 0.0000, weighted_loss: 0.0016, label: 1, bag_size: 14318
batch 239, loss: 0.0001, instance_loss: 0.0000, weighted_loss: 0.0001, label: 1, bag_size: 7879
batch 259, loss: 0.0001, instance_loss: 0.0000, weighted_loss: 0.0001, label: 0, bag_size: 3520
batch 279, loss: 0.0000, instance_loss: 0.0012, weighted_loss: 0.0004, label: 0, bag_size: 5684
batch 299, loss: 0.0000, instance_loss: 0.0004, weighted_loss: 0.0001, label: 0, bag_size: 1926
batch 319, loss: 0.0003, instance_loss: 0.0003, weighted_loss: 0.0003, label: 1, bag_size: 9833
batch 339, loss: 0.0000, instance_loss: 0.0000, weighted_loss: 0.0000, label: 0, bag_size: 3607
batch 359, loss: 0.0000, instance_loss: 0.0000, weighted_loss: 0.0000, label: 0, bag_size: 3616
batch 379, loss: 0.0000, instance_loss: 0.0000, weighted_loss: 0.0000, label: 1, bag_size: 13571
batch 399, loss: 0.0001, instance_loss: 0.0004, weighted_loss: 0.0002, label: 1, bag_size: 9833
batch 419, loss: 0.0005, instance_loss: 0.0034, weighted_loss: 0.0014, label: 1, bag_size: 4276
batch 439, loss: 0.0000, instance_loss: 0.0004, weighted_loss: 0.0001, label: 0, bag_size: 1114
batch 459, loss: 0.0002, instance_loss: 0.0000, weighted_loss: 0.0001, label: 1, bag_size: 4276
batch 479, loss: 0.0000, instance_loss: 0.0000, weighted_loss: 0.0000, label: 0, bag_size: 12188
batch 499, loss: 0.0033, instance_loss: 0.0000, weighted_loss: 0.0023, label: 1, bag_size: 14318
batch 519, loss: 0.0002, instance_loss: 0.0000, weighted_loss: 0.0002, label: 0, bag_size: 8764
batch 539, loss: 0.0000, instance_loss: 0.0000, weighted_loss: 0.0000, label: 0, bag_size: 16172
batch 559, loss: 0.0000, instance_loss: 0.0000, weighted_loss: 0.0000, label: 0, bag_size: 1805
batch 579, loss: 0.0024, instance_loss: 0.0000, weighted_loss: 0.0016, label: 1, bag_size: 14318
batch 599, loss: 0.0000, instance_loss: 0.0000, weighted_loss: 0.0000, label: 0, bag_size: 26900
batch 619, loss: 0.0000, instance_loss: 0.0002, weighted_loss: 0.0001, label: 0, bag_size: 2758
batch 639, loss: 0.0020, instance_loss: 0.0000, weighted_loss: 0.0014, label: 0, bag_size: 18256
batch 659, loss: 0.0001, instance_loss: 0.0000, weighted_loss: 0.0001, label: 0, bag_size: 6415
batch 679, loss: 0.0000, instance_loss: 0.0000, weighted_loss: 0.0000, label: 0, bag_size: 9103
batch 699, loss: 0.0001, instance_loss: 0.0000, weighted_loss: 0.0001, label: 1, bag_size: 4276
batch 719, loss: 0.0005, instance_loss: 0.0030, weighted_loss: 0.0012, label: 1, bag_size: 9833
batch 739, loss: 0.0007, instance_loss: 0.0000, weighted_loss: 0.0005, label: 0, bag_size: 1414
batch 759, loss: 0.0008, instance_loss: 0.0262, weighted_loss: 0.0084, label: 1, bag_size: 18621
batch 779, loss: 0.0000, instance_loss: 0.0000, weighted_loss: 0.0000, label: 0, bag_size: 15060
batch 799, loss: 0.0001, instance_loss: 0.0003, weighted_loss: 0.0001, label: 1, bag_size: 9833
batch 819, loss: 0.0000, instance_loss: 0.0000, weighted_loss: 0.0000, label: 0, bag_size: 17101
batch 839, loss: 0.0001, instance_loss: 0.0004, weighted_loss: 0.0002, label: 0, bag_size: 1351
batch 859, loss: 0.0039, instance_loss: 0.0000, weighted_loss: 0.0027, label: 0, bag_size: 8731


class 0 clustering acc 1.0: correct 7016/7016
class 1 clustering acc 1.0: correct 7016/7016
Epoch: 9, train_loss: 0.0007, train_clustering_loss:  0.0005, train_error: 0.0000
class 0: acc 1.0, correct 445/445
class 1: acc 1.0, correct 432/432

Val Set, val_loss: 0.2571, val_error: 0.0448, auc: 0.3900
class 0 clustering acc 1.0: correct 1608/1608
class 1 clustering acc 1.0: correct 1608/1608
class 0: acc 0.96, correct 192/200
class 1: acc 0.0, correct 0/1
EarlyStopping counter: 6 out of 10


batch 19, loss: 0.0002, instance_loss: 0.0026, weighted_loss: 0.0009, label: 1, bag_size: 9833
batch 39, loss: 0.0000, instance_loss: 0.0006, weighted_loss: 0.0002, label: 0, bag_size: 9848
batch 59, loss: 0.0000, instance_loss: 0.0000, weighted_loss: 0.0000, label: 1, bag_size: 9833
batch 79, loss: 0.0003, instance_loss: 0.0000, weighted_loss: 0.0002, label: 1, bag_size: 13646
batch 99, loss: 0.0000, instance_loss: 0.0000, weighted_loss: 0.0000, label: 0, bag_size: 18267
batch 119, loss: 0.0000, instance_loss: 0.0002, weighted_loss: 0.0001, label: 0, bag_size: 2330
batch 139, loss: 0.0000, instance_loss: 0.0000, weighted_loss: 0.0000, label: 0, bag_size: 20383
batch 159, loss: 0.0007, instance_loss: 0.0000, weighted_loss: 0.0005, label: 1, bag_size: 4365
batch 179, loss: 0.0000, instance_loss: 0.2074, weighted_loss: 0.0622, label: 0, bag_size: 873
batch 199, loss: 0.0271, instance_loss: 0.0000, weighted_loss: 0.0190, label: 1, bag_size: 14318
batch 219, loss: 0.0000, instance_loss: 0.0000, weighted_loss: 0.0000, label: 0, bag_size: 15914
batch 239, loss: 0.0006, instance_loss: 0.0000, weighted_loss: 0.0004, label: 1, bag_size: 18621
batch 259, loss: 0.0039, instance_loss: 0.0000, weighted_loss: 0.0028, label: 1, bag_size: 14318
batch 279, loss: 0.0033, instance_loss: 0.0002, weighted_loss: 0.0024, label: 1, bag_size: 4276
batch 299, loss: 0.0002, instance_loss: 0.0042, weighted_loss: 0.0014, label: 1, bag_size: 5082
batch 319, loss: 0.0003, instance_loss: 0.0023, weighted_loss: 0.0009, label: 1, bag_size: 7879
batch 339, loss: 0.0114, instance_loss: 0.0046, weighted_loss: 0.0093, label: 1, bag_size: 3354
batch 359, loss: 0.0002, instance_loss: 0.0000, weighted_loss: 0.0001, label: 1, bag_size: 7879
batch 379, loss: 0.0007, instance_loss: 0.0000, weighted_loss: 0.0005, label: 1, bag_size: 13571
batch 399, loss: 0.0009, instance_loss: 0.0000, weighted_loss: 0.0006, label: 1, bag_size: 18621
batch 419, loss: 0.0003, instance_loss: 0.0000, weighted_loss: 0.0002, label: 1, bag_size: 13646
batch 439, loss: 0.0000, instance_loss: 0.0000, weighted_loss: 0.0000, label: 0, bag_size: 2922
batch 459, loss: 0.0000, instance_loss: 0.0000, weighted_loss: 0.0000, label: 0, bag_size: 19134
batch 479, loss: 0.0006, instance_loss: 0.0000, weighted_loss: 0.0004, label: 1, bag_size: 4365
batch 499, loss: 0.0003, instance_loss: 0.0000, weighted_loss: 0.0002, label: 1, bag_size: 13646
batch 519, loss: 0.0002, instance_loss: 0.0000, weighted_loss: 0.0001, label: 1, bag_size: 13571
batch 539, loss: 0.0022, instance_loss: 0.0035, weighted_loss: 0.0026, label: 1, bag_size: 3354
batch 559, loss: 0.0015, instance_loss: 0.0012, weighted_loss: 0.0014, label: 1, bag_size: 4276
batch 579, loss: 0.0006, instance_loss: 0.0002, weighted_loss: 0.0005, label: 1, bag_size: 1140
batch 599, loss: 0.0002, instance_loss: 0.0000, weighted_loss: 0.0002, label: 1, bag_size: 7879
batch 619, loss: 0.0005, instance_loss: 0.0000, weighted_loss: 0.0004, label: 1, bag_size: 18621
batch 639, loss: 0.0005, instance_loss: 0.0000, weighted_loss: 0.0003, label: 1, bag_size: 4365
batch 659, loss: 0.0004, instance_loss: 0.0008, weighted_loss: 0.0005, label: 1, bag_size: 7733
batch 679, loss: 0.0000, instance_loss: 0.0002, weighted_loss: 0.0001, label: 1, bag_size: 5137
batch 699, loss: 0.0004, instance_loss: 0.0005, weighted_loss: 0.0004, label: 0, bag_size: 4823
batch 719, loss: 0.0004, instance_loss: 0.0000, weighted_loss: 0.0003, label: 1, bag_size: 1140
batch 739, loss: 0.0002, instance_loss: 0.0003, weighted_loss: 0.0002, label: 1, bag_size: 7733
batch 759, loss: 0.0000, instance_loss: 0.0015, weighted_loss: 0.0005, label: 0, bag_size: 3971
batch 779, loss: 0.0003, instance_loss: 0.0000, weighted_loss: 0.0002, label: 1, bag_size: 18621
batch 799, loss: 0.0011, instance_loss: 0.0014, weighted_loss: 0.0012, label: 1, bag_size: 6023
batch 819, loss: 0.0014, instance_loss: 0.0006, weighted_loss: 0.0011, label: 1, bag_size: 4276
batch 839, loss: 0.0010, instance_loss: 0.0156, weighted_loss: 0.0054, label: 1, bag_size: 1140
batch 859, loss: 0.0000, instance_loss: 0.0005, weighted_loss: 0.0002, label: 0, bag_size: 6699


class 0 clustering acc 1.0: correct 7016/7016
class 1 clustering acc 0.9998574686431014: correct 7015/7016
Epoch: 10, train_loss: 0.0260, train_clustering_loss:  0.0018, train_error: 0.0057
class 0: acc 0.993103448275862, correct 432/435
class 1: acc 0.995475113122172, correct 440/442

Val Set, val_loss: 0.2253, val_error: 0.0498, auc: 0.5150
class 0 clustering acc 1.0: correct 1608/1608
class 1 clustering acc 1.0: correct 1608/1608
class 0: acc 0.955, correct 191/200
class 1: acc 0.0, correct 0/1
EarlyStopping counter: 7 out of 10


batch 19, loss: 0.0017, instance_loss: 0.0009, weighted_loss: 0.0015, label: 1, bag_size: 4276
batch 39, loss: 0.0012, instance_loss: 0.0000, weighted_loss: 0.0008, label: 1, bag_size: 14318
batch 59, loss: 0.0014, instance_loss: 0.0002, weighted_loss: 0.0010, label: 1, bag_size: 4276
batch 79, loss: 0.0000, instance_loss: 0.0000, weighted_loss: 0.0000, label: 0, bag_size: 18333
batch 99, loss: 0.0001, instance_loss: 0.0000, weighted_loss: 0.0001, label: 1, bag_size: 7879
batch 119, loss: 0.0010, instance_loss: 0.0000, weighted_loss: 0.0007, label: 1, bag_size: 14318
batch 139, loss: 0.0006, instance_loss: 0.0002, weighted_loss: 0.0005, label: 1, bag_size: 4276
batch 159, loss: 0.0000, instance_loss: 0.0000, weighted_loss: 0.0000, label: 0, bag_size: 3840
batch 179, loss: 0.0000, instance_loss: 0.0006, weighted_loss: 0.0002, label: 0, bag_size: 15172
batch 199, loss: 0.0001, instance_loss: 0.0014, weighted_loss: 0.0005, label: 1, bag_size: 5082
batch 219, loss: 0.0011, instance_loss: 0.0028, weighted_loss: 0.0016, label: 1, bag_size: 7733
batch 239, loss: 0.0000, instance_loss: 0.0000, weighted_loss: 0.0000, label: 0, bag_size: 1613
batch 259, loss: 0.0002, instance_loss: 0.0000, weighted_loss: 0.0002, label: 1, bag_size: 1140
batch 279, loss: 0.0002, instance_loss: 0.0003, weighted_loss: 0.0002, label: 1, bag_size: 1140
batch 299, loss: 0.0005, instance_loss: 0.0023, weighted_loss: 0.0010, label: 1, bag_size: 7733
batch 319, loss: 0.0004, instance_loss: 0.0065, weighted_loss: 0.0023, label: 1, bag_size: 4276
batch 339, loss: 0.0000, instance_loss: 0.0000, weighted_loss: 0.0000, label: 0, bag_size: 3137
batch 359, loss: 0.0003, instance_loss: 0.0000, weighted_loss: 0.0002, label: 1, bag_size: 4276
batch 379, loss: 0.0007, instance_loss: 0.0000, weighted_loss: 0.0005, label: 1, bag_size: 14318
batch 399, loss: 0.0009, instance_loss: 0.0000, weighted_loss: 0.0006, label: 1, bag_size: 14318
batch 419, loss: 0.0007, instance_loss: 0.0010, weighted_loss: 0.0008, label: 1, bag_size: 9833
batch 439, loss: 0.0000, instance_loss: 0.0000, weighted_loss: 0.0000, label: 0, bag_size: 9773
batch 459, loss: 0.0030, instance_loss: 0.0000, weighted_loss: 0.0021, label: 0, bag_size: 4615
batch 479, loss: 0.0000, instance_loss: 0.0000, weighted_loss: 0.0000, label: 1, bag_size: 7879
batch 499, loss: 0.0003, instance_loss: 0.0040, weighted_loss: 0.0014, label: 1, bag_size: 4276
batch 519, loss: 0.0031, instance_loss: 0.0000, weighted_loss: 0.0022, label: 0, bag_size: 22061
batch 539, loss: 0.0010, instance_loss: 0.0000, weighted_loss: 0.0007, label: 1, bag_size: 13571
batch 559, loss: 0.0001, instance_loss: 0.0000, weighted_loss: 0.0000, label: 0, bag_size: 6194
batch 579, loss: 0.0001, instance_loss: 0.0000, weighted_loss: 0.0001, label: 0, bag_size: 1561
batch 599, loss: 0.0004, instance_loss: 0.0000, weighted_loss: 0.0003, label: 1, bag_size: 13646
batch 619, loss: 0.0001, instance_loss: 0.0000, weighted_loss: 0.0001, label: 0, bag_size: 10923
batch 639, loss: 0.0008, instance_loss: 0.0082, weighted_loss: 0.0030, label: 1, bag_size: 6023
batch 659, loss: 0.0001, instance_loss: 0.0000, weighted_loss: 0.0000, label: 0, bag_size: 14372
batch 679, loss: 0.0000, instance_loss: 0.0000, weighted_loss: 0.0000, label: 0, bag_size: 3709
batch 699, loss: 0.0003, instance_loss: 0.0000, weighted_loss: 0.0002, label: 1, bag_size: 14318
batch 719, loss: 0.0000, instance_loss: 0.0003, weighted_loss: 0.0001, label: 0, bag_size: 15470
batch 739, loss: 0.0003, instance_loss: 0.0000, weighted_loss: 0.0002, label: 1, bag_size: 14318
batch 759, loss: 0.0001, instance_loss: 0.0000, weighted_loss: 0.0001, label: 0, bag_size: 6485
batch 779, loss: 0.0001, instance_loss: 0.0007, weighted_loss: 0.0003, label: 0, bag_size: 2266
batch 799, loss: 0.0000, instance_loss: 0.0000, weighted_loss: 0.0000, label: 1, bag_size: 5137
batch 819, loss: 0.0001, instance_loss: 0.0003, weighted_loss: 0.0001, label: 1, bag_size: 13646
batch 839, loss: 0.0002, instance_loss: 0.0000, weighted_loss: 0.0001, label: 0, bag_size: 3876
batch 859, loss: 0.0000, instance_loss: 0.0000, weighted_loss: 0.0000, label: 0, bag_size: 19757


class 0 clustering acc 0.9998574686431014: correct 7015/7016
class 1 clustering acc 1.0: correct 7016/7016
Epoch: 11, train_loss: 0.0251, train_clustering_loss:  0.0019, train_error: 0.0091
class 0: acc 0.9929411764705882, correct 422/425
class 1: acc 0.9889380530973452, correct 447/452

Val Set, val_loss: 0.3112, val_error: 0.0746, auc: 0.3750
class 0 clustering acc 0.9968905472636815: correct 1603/1608
class 1 clustering acc 0.9981343283582089: correct 1605/1608
class 0: acc 0.93, correct 186/200
class 1: acc 0.0, correct 0/1
EarlyStopping counter: 8 out of 10


batch 19, loss: 0.0000, instance_loss: 0.0000, weighted_loss: 0.0000, label: 0, bag_size: 948
batch 39, loss: 0.0001, instance_loss: 0.0046, weighted_loss: 0.0014, label: 0, bag_size: 2681
batch 59, loss: 0.0121, instance_loss: 0.0000, weighted_loss: 0.0085, label: 1, bag_size: 3354
batch 79, loss: 0.0000, instance_loss: 0.0000, weighted_loss: 0.0000, label: 0, bag_size: 1640
batch 99, loss: 0.0001, instance_loss: 0.0002, weighted_loss: 0.0002, label: 1, bag_size: 18621
batch 119, loss: 0.0000, instance_loss: 0.0000, weighted_loss: 0.0000, label: 0, bag_size: 12439
batch 139, loss: 0.0000, instance_loss: 0.0000, weighted_loss: 0.0000, label: 0, bag_size: 20383
batch 159, loss: 0.0003, instance_loss: 0.0067, weighted_loss: 0.0022, label: 0, bag_size: 3695
batch 179, loss: 0.0000, instance_loss: 0.0000, weighted_loss: 0.0000, label: 0, bag_size: 16840
batch 199, loss: 0.0027, instance_loss: 0.0000, weighted_loss: 0.0019, label: 1, bag_size: 1140
batch 219, loss: 0.0000, instance_loss: 0.0133, weighted_loss: 0.0040, label: 0, bag_size: 1383
batch 239, loss: 0.0006, instance_loss: 0.0004, weighted_loss: 0.0006, label: 1, bag_size: 18621
batch 259, loss: 0.0000, instance_loss: 0.0000, weighted_loss: 0.0000, label: 1, bag_size: 7733
batch 279, loss: 0.0005, instance_loss: 0.0008, weighted_loss: 0.0006, label: 1, bag_size: 18621
batch 299, loss: 0.0000, instance_loss: 0.0032, weighted_loss: 0.0010, label: 1, bag_size: 7733
batch 319, loss: 0.0000, instance_loss: 0.0004, weighted_loss: 0.0001, label: 0, bag_size: 12188
batch 339, loss: 0.0004, instance_loss: 0.0000, weighted_loss: 0.0003, label: 1, bag_size: 7879
batch 359, loss: 0.0001, instance_loss: 0.0000, weighted_loss: 0.0001, label: 1, bag_size: 6023
batch 379, loss: 0.0000, instance_loss: 0.0000, weighted_loss: 0.0000, label: 0, bag_size: 6699
batch 399, loss: 0.0000, instance_loss: 0.0000, weighted_loss: 0.0000, label: 0, bag_size: 6073
batch 419, loss: 0.0000, instance_loss: 0.0000, weighted_loss: 0.0000, label: 0, bag_size: 6116
batch 439, loss: 0.0004, instance_loss: 0.0000, weighted_loss: 0.0003, label: 1, bag_size: 1140
batch 459, loss: 0.0001, instance_loss: 0.0000, weighted_loss: 0.0001, label: 1, bag_size: 4276
batch 479, loss: 0.0004, instance_loss: 0.0000, weighted_loss: 0.0003, label: 1, bag_size: 4365
batch 499, loss: 0.0047, instance_loss: 0.0000, weighted_loss: 0.0033, label: 0, bag_size: 14056
batch 519, loss: 0.0003, instance_loss: 0.0000, weighted_loss: 0.0002, label: 1, bag_size: 4276
batch 539, loss: 0.0016, instance_loss: 0.0000, weighted_loss: 0.0011, label: 1, bag_size: 4365
batch 559, loss: 0.0000, instance_loss: 0.0000, weighted_loss: 0.0000, label: 0, bag_size: 10124
batch 579, loss: 0.0000, instance_loss: 0.0000, weighted_loss: 0.0000, label: 0, bag_size: 17232
batch 599, loss: 0.0000, instance_loss: 0.0002, weighted_loss: 0.0001, label: 1, bag_size: 5082
batch 619, loss: 0.0001, instance_loss: 0.0002, weighted_loss: 0.0001, label: 1, bag_size: 13646
batch 639, loss: 0.0000, instance_loss: 0.0002, weighted_loss: 0.0001, label: 0, bag_size: 14779
batch 659, loss: 0.0001, instance_loss: 0.0000, weighted_loss: 0.0001, label: 1, bag_size: 1140
batch 679, loss: 0.0000, instance_loss: 0.0000, weighted_loss: 0.0000, label: 1, bag_size: 5082
batch 699, loss: 0.0000, instance_loss: 0.0005, weighted_loss: 0.0001, label: 0, bag_size: 10840
batch 719, loss: 0.0000, instance_loss: 0.0000, weighted_loss: 0.0000, label: 0, bag_size: 22949
batch 739, loss: 0.0029, instance_loss: 0.0000, weighted_loss: 0.0020, label: 1, bag_size: 13571
batch 759, loss: 0.0000, instance_loss: 0.0000, weighted_loss: 0.0000, label: 0, bag_size: 4615
batch 779, loss: 0.0002, instance_loss: 0.0000, weighted_loss: 0.0001, label: 0, bag_size: 3559
batch 799, loss: 0.0015, instance_loss: 0.0000, weighted_loss: 0.0010, label: 1, bag_size: 9833
batch 819, loss: 0.0000, instance_loss: 0.0000, weighted_loss: 0.0000, label: 1, bag_size: 7733
batch 839, loss: 0.0005, instance_loss: 0.0002, weighted_loss: 0.0004, label: 0, bag_size: 7261
batch 859, loss: 0.0005, instance_loss: 0.0000, weighted_loss: 0.0003, label: 1, bag_size: 13646


class 0 clustering acc 1.0: correct 7016/7016
class 1 clustering acc 1.0: correct 7016/7016
Epoch: 12, train_loss: 0.0014, train_clustering_loss:  0.0017, train_error: 0.0000
class 0: acc 1.0, correct 436/436
class 1: acc 1.0, correct 441/441

Val Set, val_loss: 0.1585, val_error: 0.0299, auc: 0.4200
class 0 clustering acc 0.9993781094527363: correct 1607/1608
class 1 clustering acc 1.0: correct 1608/1608
class 0: acc 0.975, correct 195/200
class 1: acc 0.0, correct 0/1
EarlyStopping counter: 9 out of 10


batch 19, loss: 0.0004, instance_loss: 0.0000, weighted_loss: 0.0003, label: 1, bag_size: 7879
batch 39, loss: 0.0000, instance_loss: 0.0000, weighted_loss: 0.0000, label: 0, bag_size: 5862
batch 59, loss: 0.0003, instance_loss: 0.0024, weighted_loss: 0.0009, label: 1, bag_size: 3354
batch 79, loss: 0.0000, instance_loss: 0.0009, weighted_loss: 0.0003, label: 0, bag_size: 3533
batch 99, loss: 0.0000, instance_loss: 0.0000, weighted_loss: 0.0000, label: 0, bag_size: 17684
batch 119, loss: 0.0000, instance_loss: 0.0000, weighted_loss: 0.0000, label: 0, bag_size: 1805
batch 139, loss: 0.0000, instance_loss: 0.0006, weighted_loss: 0.0002, label: 0, bag_size: 2405
batch 159, loss: 0.0001, instance_loss: 0.0004, weighted_loss: 0.0002, label: 1, bag_size: 5082
batch 179, loss: 0.0000, instance_loss: 0.0000, weighted_loss: 0.0000, label: 0, bag_size: 18052
batch 199, loss: 0.0002, instance_loss: 0.0140, weighted_loss: 0.0044, label: 0, bag_size: 2261
batch 219, loss: 0.0006, instance_loss: 0.0000, weighted_loss: 0.0004, label: 1, bag_size: 14318
batch 239, loss: 0.0000, instance_loss: 0.0000, weighted_loss: 0.0000, label: 0, bag_size: 4299
batch 259, loss: 0.0000, instance_loss: 0.0000, weighted_loss: 0.0000, label: 0, bag_size: 15821
batch 279, loss: 0.0001, instance_loss: 0.0000, weighted_loss: 0.0001, label: 1, bag_size: 13646
batch 299, loss: 0.0000, instance_loss: 0.0000, weighted_loss: 0.0000, label: 0, bag_size: 11889
batch 319, loss: 0.0003, instance_loss: 0.0007, weighted_loss: 0.0004, label: 1, bag_size: 18621
batch 339, loss: 0.0002, instance_loss: 0.0033, weighted_loss: 0.0011, label: 1, bag_size: 3354
batch 359, loss: 0.0001, instance_loss: 0.0000, weighted_loss: 0.0001, label: 1, bag_size: 7879
batch 379, loss: 0.0000, instance_loss: 0.0000, weighted_loss: 0.0000, label: 0, bag_size: 16076
batch 399, loss: 0.0000, instance_loss: 0.0032, weighted_loss: 0.0010, label: 1, bag_size: 3354
batch 419, loss: 0.0000, instance_loss: 0.0008, weighted_loss: 0.0003, label: 1, bag_size: 6023
batch 439, loss: 0.0001, instance_loss: 0.0007, weighted_loss: 0.0003, label: 1, bag_size: 6023
batch 459, loss: 0.0003, instance_loss: 0.0007, weighted_loss: 0.0004, label: 1, bag_size: 18621
batch 479, loss: 0.0001, instance_loss: 0.0000, weighted_loss: 0.0001, label: 1, bag_size: 18621
batch 499, loss: 0.0001, instance_loss: 0.0000, weighted_loss: 0.0001, label: 1, bag_size: 7879
batch 519, loss: 0.0001, instance_loss: 0.0000, weighted_loss: 0.0000, label: 1, bag_size: 6023
batch 539, loss: 0.0036, instance_loss: 0.0000, weighted_loss: 0.0025, label: 0, bag_size: 17682
batch 559, loss: 0.0002, instance_loss: 0.0000, weighted_loss: 0.0001, label: 1, bag_size: 4365
batch 579, loss: 0.0001, instance_loss: 0.0002, weighted_loss: 0.0001, label: 1, bag_size: 13571
batch 599, loss: 0.0000, instance_loss: 0.0000, weighted_loss: 0.0000, label: 0, bag_size: 16088
batch 619, loss: 0.0002, instance_loss: 0.0005, weighted_loss: 0.0003, label: 1, bag_size: 4365
batch 639, loss: 0.0000, instance_loss: 0.0000, weighted_loss: 0.0000, label: 0, bag_size: 16785
batch 659, loss: 0.0001, instance_loss: 0.0107, weighted_loss: 0.0033, label: 1, bag_size: 7879
batch 679, loss: 0.0001, instance_loss: 0.0000, weighted_loss: 0.0001, label: 0, bag_size: 22871
batch 699, loss: 0.0001, instance_loss: 0.0000, weighted_loss: 0.0001, label: 1, bag_size: 5082
batch 719, loss: 0.0001, instance_loss: 0.0000, weighted_loss: 0.0001, label: 1, bag_size: 18621
batch 739, loss: 0.0000, instance_loss: 0.0000, weighted_loss: 0.0000, label: 0, bag_size: 4088
batch 759, loss: 0.0000, instance_loss: 0.0000, weighted_loss: 0.0000, label: 0, bag_size: 8075
batch 779, loss: 0.0003, instance_loss: 0.0000, weighted_loss: 0.0002, label: 0, bag_size: 6907
batch 799, loss: 0.0000, instance_loss: 0.0000, weighted_loss: 0.0000, label: 1, bag_size: 7879
batch 819, loss: 0.0001, instance_loss: 0.0000, weighted_loss: 0.0001, label: 1, bag_size: 4365
batch 839, loss: 0.0001, instance_loss: 0.0000, weighted_loss: 0.0001, label: 1, bag_size: 9833
batch 859, loss: 0.0009, instance_loss: 0.0000, weighted_loss: 0.0006, label: 0, bag_size: 14901


class 0 clustering acc 1.0: correct 7016/7016
class 1 clustering acc 0.999714937286203: correct 7014/7016
Epoch: 13, train_loss: 0.0002, train_clustering_loss:  0.0013, train_error: 0.0000
class 0: acc 1.0, correct 425/425
class 1: acc 1.0, correct 452/452

Val Set, val_loss: 0.2168, val_error: 0.0398, auc: 0.4050
class 0 clustering acc 1.0: correct 1608/1608
class 1 clustering acc 1.0: correct 1608/1608
class 0: acc 0.965, correct 193/200
class 1: acc 0.0, correct 0/1
EarlyStopping counter: 10 out of 10
Early stopping
Val error: 0.0348, ROC AUC: 0.4950
CV validation error: 0.0348, ROC AUC: 0.4950
class 0: acc 0.97, correct 194/200
class 1: acc 0.0, correct 0/1
Future event metrics: {"fold": 0, "events": 96, "positive_events": 1, "event_average_precision": 0.0196078431372549, "event_roc_auc": 0.4736842105263158, "event_brier": 0.03733778933318671, "aggregation": "mean probability across all included stains/slides of same patient/anchor date", "exploratory_cv_not_independent_final_test": true}

Training Fold 1!

Init train/val/test splits... 
Done!
Training on 884 samples
Validating on 194 samples
Testing on 0 samples

Init loss function... Done!

Init Model... Setting tau to 1.0
Done!
CLAM_SB(
  (attention_net): Sequential(
    (0): Linear(in_features=1536, out_features=512, bias=True)
    (1): ReLU()
    (2): Dropout(p=0.25, inplace=False)
    (3): Attn_Net_Gated(
      (attention_a): Sequential(
        (0): Linear(in_features=512, out_features=256, bias=True)
        (1): Tanh()
        (2): Dropout(p=0.25, inplace=False)
      )
      (attention_b): Sequential(
        (0): Linear(in_features=512, out_features=256, bias=True)
        (1): Sigmoid()
        (2): Dropout(p=0.25, inplace=False)
      )
      (attention_c): Linear(in_features=256, out_features=1, bias=True)
    )
  )
  (classifiers): Linear(in_features=512, out_features=2, bias=True)
  (instance_classifiers): ModuleList(
    (0-1): 2 x Linear(in_features=512, out_features=2, bias=True)
  )
  (instance_loss_fn): SmoothTop1SVM()
)
Total number of parameters: 1052935
Total number of trainable parameters: 1052935

Init optimizer ... Done!

Init Loaders... Done!

Setup EarlyStopping... Done!


batch 19, loss: 0.9103, instance_loss: 1.0875, weighted_loss: 0.9635, label: 0, bag_size: 5536
batch 39, loss: 0.4837, instance_loss: 0.6705, weighted_loss: 0.5397, label: 0, bag_size: 6434
batch 59, loss: 0.5181, instance_loss: 0.7233, weighted_loss: 0.5796, label: 0, bag_size: 2908
batch 79, loss: 0.6759, instance_loss: 0.0879, weighted_loss: 0.4995, label: 1, bag_size: 18621
batch 99, loss: 0.2917, instance_loss: 0.0347, weighted_loss: 0.2146, label: 1, bag_size: 1140
batch 119, loss: 0.3108, instance_loss: 0.0079, weighted_loss: 0.2200, label: 0, bag_size: 15501
batch 139, loss: 1.8101, instance_loss: 0.6253, weighted_loss: 1.4547, label: 0, bag_size: 3725
batch 159, loss: 0.3167, instance_loss: 0.0152, weighted_loss: 0.2262, label: 1, bag_size: 14318
batch 179, loss: 1.2602, instance_loss: 0.1088, weighted_loss: 0.9148, label: 0, bag_size: 16772
batch 199, loss: 0.5099, instance_loss: 0.5387, weighted_loss: 0.5185, label: 1, bag_size: 13646
batch 219, loss: 0.2556, instance_loss: 0.0335, weighted_loss: 0.1890, label: 0, bag_size: 5315
batch 239, loss: 0.2405, instance_loss: 0.0222, weighted_loss: 0.1750, label: 0, bag_size: 19946
batch 259, loss: 0.3479, instance_loss: 0.0601, weighted_loss: 0.2616, label: 1, bag_size: 13571
batch 279, loss: 0.1461, instance_loss: 0.0428, weighted_loss: 0.1151, label: 1, bag_size: 4365
batch 299, loss: 0.2161, instance_loss: 0.0580, weighted_loss: 0.1686, label: 1, bag_size: 1140
batch 319, loss: 0.2883, instance_loss: 0.0266, weighted_loss: 0.2098, label: 1, bag_size: 14318
batch 339, loss: 0.0992, instance_loss: 0.0867, weighted_loss: 0.0954, label: 0, bag_size: 56808
batch 359, loss: 0.1547, instance_loss: 0.0145, weighted_loss: 0.1126, label: 0, bag_size: 3345
batch 379, loss: 0.0068, instance_loss: 0.7616, weighted_loss: 0.2332, label: 0, bag_size: 8764
batch 399, loss: 0.0594, instance_loss: 0.0591, weighted_loss: 0.0593, label: 1, bag_size: 5137
batch 419, loss: 0.1433, instance_loss: 0.0200, weighted_loss: 0.1063, label: 0, bag_size: 9322
batch 439, loss: 0.0364, instance_loss: 0.0119, weighted_loss: 0.0291, label: 0, bag_size: 4615
batch 459, loss: 0.1755, instance_loss: 0.0140, weighted_loss: 0.1271, label: 1, bag_size: 4365
batch 479, loss: 0.0043, instance_loss: 0.1079, weighted_loss: 0.0354, label: 0, bag_size: 12810
batch 499, loss: 0.1177, instance_loss: 0.0018, weighted_loss: 0.0829, label: 0, bag_size: 6129
batch 519, loss: 0.5047, instance_loss: 0.1033, weighted_loss: 0.3843, label: 1, bag_size: 6023
batch 539, loss: 0.0092, instance_loss: 0.0080, weighted_loss: 0.0088, label: 1, bag_size: 7733
batch 559, loss: 0.0534, instance_loss: 0.5036, weighted_loss: 0.1884, label: 1, bag_size: 14318
batch 579, loss: 1.2879, instance_loss: 0.0035, weighted_loss: 0.9026, label: 1, bag_size: 4365
batch 599, loss: 0.2325, instance_loss: 0.0044, weighted_loss: 0.1641, label: 1, bag_size: 4365
batch 619, loss: 0.6477, instance_loss: 0.0039, weighted_loss: 0.4545, label: 1, bag_size: 6023
batch 639, loss: 0.0562, instance_loss: 0.0135, weighted_loss: 0.0434, label: 1, bag_size: 2853
batch 659, loss: 0.2176, instance_loss: 0.0166, weighted_loss: 0.1573, label: 1, bag_size: 2853
batch 679, loss: 1.2497, instance_loss: 0.0083, weighted_loss: 0.8773, label: 1, bag_size: 18621
batch 699, loss: 0.0496, instance_loss: 0.0022, weighted_loss: 0.0354, label: 0, bag_size: 7533
batch 719, loss: 0.0504, instance_loss: 0.0143, weighted_loss: 0.0396, label: 1, bag_size: 5137
batch 739, loss: 0.0361, instance_loss: 0.0020, weighted_loss: 0.0258, label: 0, bag_size: 17767
batch 759, loss: 0.0747, instance_loss: 0.0069, weighted_loss: 0.0544, label: 1, bag_size: 3354
batch 779, loss: 0.1905, instance_loss: 0.0017, weighted_loss: 0.1339, label: 0, bag_size: 1621
batch 799, loss: 0.0036, instance_loss: 0.0034, weighted_loss: 0.0035, label: 1, bag_size: 7733
batch 819, loss: 0.0022, instance_loss: 0.0303, weighted_loss: 0.0106, label: 0, bag_size: 6932
batch 839, loss: 0.3918, instance_loss: 0.0041, weighted_loss: 0.2755, label: 1, bag_size: 3354
batch 859, loss: 2.0273, instance_loss: 0.0128, weighted_loss: 1.4230, label: 0, bag_size: 2936
batch 879, loss: 0.0238, instance_loss: 0.0019, weighted_loss: 0.0172, label: 1, bag_size: 13571


class 0 clustering acc 0.966487556561086: correct 6835/7072
class 1 clustering acc 0.9612556561085973: correct 6798/7072
Epoch: 0, train_loss: 0.4465, train_clustering_loss:  0.1703, train_error: 0.2251
class 0: acc 0.7851063829787234, correct 369/470
class 1: acc 0.7632850241545893, correct 316/414

Val Set, val_loss: 0.1626, val_error: 0.0515, auc: 0.5969
class 0 clustering acc 1.0: correct 1552/1552
class 1 clustering acc 1.0: correct 1552/1552
class 0: acc 0.9633507853403142, correct 184/191
class 1: acc 0.0, correct 0/3
Validation loss decreased (inf --> 0.162556).  Saving model ...


batch 19, loss: 0.0840, instance_loss: 0.0177, weighted_loss: 0.0641, label: 1, bag_size: 5137
batch 39, loss: 0.0120, instance_loss: 0.0002, weighted_loss: 0.0085, label: 0, bag_size: 6194
batch 59, loss: 0.0094, instance_loss: 0.0024, weighted_loss: 0.0073, label: 1, bag_size: 13571
batch 79, loss: 0.0507, instance_loss: 0.0002, weighted_loss: 0.0355, label: 0, bag_size: 17692
batch 99, loss: 0.3861, instance_loss: 0.0011, weighted_loss: 0.2706, label: 1, bag_size: 13571
batch 119, loss: 0.0041, instance_loss: 0.0173, weighted_loss: 0.0081, label: 0, bag_size: 3364
batch 139, loss: 0.2896, instance_loss: 0.0044, weighted_loss: 0.2040, label: 1, bag_size: 2853
batch 159, loss: 0.0153, instance_loss: 0.0008, weighted_loss: 0.0110, label: 0, bag_size: 2524
batch 179, loss: 0.1529, instance_loss: 0.0066, weighted_loss: 0.1090, label: 0, bag_size: 2330
batch 199, loss: 0.0181, instance_loss: 0.0014, weighted_loss: 0.0131, label: 0, bag_size: 5536
batch 219, loss: 0.0026, instance_loss: 0.0012, weighted_loss: 0.0022, label: 0, bag_size: 3129
batch 239, loss: 0.3433, instance_loss: 0.0108, weighted_loss: 0.2435, label: 0, bag_size: 1181
batch 259, loss: 0.0912, instance_loss: 0.0037, weighted_loss: 0.0649, label: 0, bag_size: 6907
batch 279, loss: 0.4617, instance_loss: 0.0044, weighted_loss: 0.3245, label: 0, bag_size: 3394
batch 299, loss: 0.2505, instance_loss: 0.0021, weighted_loss: 0.1760, label: 1, bag_size: 13646
batch 319, loss: 0.0716, instance_loss: 0.0019, weighted_loss: 0.0507, label: 1, bag_size: 14318
batch 339, loss: 0.0044, instance_loss: 0.0005, weighted_loss: 0.0032, label: 0, bag_size: 5828
batch 359, loss: 0.0003, instance_loss: 0.0009, weighted_loss: 0.0005, label: 0, bag_size: 9717
batch 379, loss: 0.5849, instance_loss: 0.0195, weighted_loss: 0.4153, label: 0, bag_size: 2505
batch 399, loss: 0.0003, instance_loss: 0.0063, weighted_loss: 0.0021, label: 0, bag_size: 1758
batch 419, loss: 0.1079, instance_loss: 0.0077, weighted_loss: 0.0778, label: 1, bag_size: 18621
batch 439, loss: 0.0339, instance_loss: 0.0062, weighted_loss: 0.0256, label: 1, bag_size: 5137
batch 459, loss: 0.0132, instance_loss: 0.0030, weighted_loss: 0.0102, label: 1, bag_size: 2853
batch 479, loss: 0.0263, instance_loss: 0.0140, weighted_loss: 0.0226, label: 1, bag_size: 1140
batch 499, loss: 0.0134, instance_loss: 0.0016, weighted_loss: 0.0099, label: 1, bag_size: 13571
batch 519, loss: 0.0077, instance_loss: 0.0019, weighted_loss: 0.0059, label: 0, bag_size: 2095
batch 539, loss: 0.0007, instance_loss: 0.0000, weighted_loss: 0.0005, label: 0, bag_size: 8401
batch 559, loss: 0.0003, instance_loss: 0.0002, weighted_loss: 0.0003, label: 0, bag_size: 10102
batch 579, loss: 0.0101, instance_loss: 0.0033, weighted_loss: 0.0081, label: 0, bag_size: 4569
batch 599, loss: 0.0096, instance_loss: 0.0048, weighted_loss: 0.0082, label: 1, bag_size: 6023
batch 619, loss: 0.0179, instance_loss: 0.0002, weighted_loss: 0.0126, label: 1, bag_size: 13571
batch 639, loss: 0.8344, instance_loss: 0.0011, weighted_loss: 0.5844, label: 1, bag_size: 3354
batch 659, loss: 0.0087, instance_loss: 0.0136, weighted_loss: 0.0102, label: 1, bag_size: 1140
batch 679, loss: 0.0290, instance_loss: 0.0050, weighted_loss: 0.0218, label: 1, bag_size: 7733
batch 699, loss: 0.0153, instance_loss: 0.0007, weighted_loss: 0.0109, label: 1, bag_size: 14318
batch 719, loss: 0.0259, instance_loss: 0.0342, weighted_loss: 0.0284, label: 1, bag_size: 1140
batch 739, loss: 0.0244, instance_loss: 0.0205, weighted_loss: 0.0232, label: 1, bag_size: 1140
batch 759, loss: 0.0362, instance_loss: 0.0064, weighted_loss: 0.0272, label: 1, bag_size: 3354
batch 779, loss: 0.0552, instance_loss: 0.0011, weighted_loss: 0.0389, label: 1, bag_size: 6023
batch 799, loss: 0.0020, instance_loss: 0.0025, weighted_loss: 0.0021, label: 0, bag_size: 2095
batch 819, loss: 0.0008, instance_loss: 0.0000, weighted_loss: 0.0006, label: 1, bag_size: 13571
batch 839, loss: 0.0004, instance_loss: 0.0005, weighted_loss: 0.0005, label: 0, bag_size: 1858
batch 859, loss: 0.0066, instance_loss: 0.0092, weighted_loss: 0.0074, label: 1, bag_size: 2853
batch 879, loss: 0.0078, instance_loss: 0.0000, weighted_loss: 0.0055, label: 0, bag_size: 18081


class 0 clustering acc 0.9998585972850679: correct 7071/7072
class 1 clustering acc 0.9995757918552036: correct 7069/7072
Epoch: 1, train_loss: 0.1594, train_clustering_loss:  0.0059, train_error: 0.0566
class 0: acc 0.9354838709677419, correct 435/465
class 1: acc 0.9522673031026253, correct 399/419

Val Set, val_loss: 0.1281, val_error: 0.0361, auc: 0.8115
class 0 clustering acc 1.0: correct 1552/1552
class 1 clustering acc 1.0: correct 1552/1552
class 0: acc 0.9790575916230366, correct 187/191
class 1: acc 0.0, correct 0/3
Validation loss decreased (0.162556 --> 0.128135).  Saving model ...


batch 19, loss: 0.0067, instance_loss: 0.0013, weighted_loss: 0.0051, label: 1, bag_size: 14318
batch 39, loss: 0.0017, instance_loss: 0.0026, weighted_loss: 0.0020, label: 1, bag_size: 2853
batch 59, loss: 0.0042, instance_loss: 0.0000, weighted_loss: 0.0029, label: 0, bag_size: 3818
batch 79, loss: 0.0430, instance_loss: 0.0032, weighted_loss: 0.0311, label: 0, bag_size: 2870
batch 99, loss: 0.0112, instance_loss: 0.0063, weighted_loss: 0.0097, label: 1, bag_size: 2853
batch 119, loss: 0.3256, instance_loss: 0.0061, weighted_loss: 0.2298, label: 0, bag_size: 2870
batch 139, loss: 0.1161, instance_loss: 0.0010, weighted_loss: 0.0816, label: 1, bag_size: 4365
batch 159, loss: 0.0391, instance_loss: 0.0000, weighted_loss: 0.0274, label: 0, bag_size: 18913
batch 179, loss: 0.0191, instance_loss: 0.0006, weighted_loss: 0.0135, label: 0, bag_size: 17549
batch 199, loss: 0.0104, instance_loss: 0.0067, weighted_loss: 0.0093, label: 1, bag_size: 1140
batch 219, loss: 0.0001, instance_loss: 0.0000, weighted_loss: 0.0000, label: 0, bag_size: 19574
batch 239, loss: 0.0002, instance_loss: 0.0029, weighted_loss: 0.0010, label: 0, bag_size: 9492
batch 259, loss: 0.0000, instance_loss: 0.0003, weighted_loss: 0.0001, label: 0, bag_size: 5549
batch 279, loss: 0.0005, instance_loss: 0.0002, weighted_loss: 0.0004, label: 1, bag_size: 13571
batch 299, loss: 0.0000, instance_loss: 0.0022, weighted_loss: 0.0007, label: 0, bag_size: 2922
batch 319, loss: 0.0047, instance_loss: 0.0030, weighted_loss: 0.0042, label: 1, bag_size: 7733
batch 339, loss: 0.0011, instance_loss: 0.0031, weighted_loss: 0.0017, label: 1, bag_size: 5137
batch 359, loss: 0.0038, instance_loss: 0.0122, weighted_loss: 0.0064, label: 1, bag_size: 4276
batch 379, loss: 0.0006, instance_loss: 0.0000, weighted_loss: 0.0004, label: 0, bag_size: 10718
batch 399, loss: 0.0001, instance_loss: 0.0000, weighted_loss: 0.0000, label: 0, bag_size: 20692
batch 419, loss: 0.0014, instance_loss: 0.0149, weighted_loss: 0.0054, label: 1, bag_size: 1140
batch 439, loss: 0.0001, instance_loss: 0.0002, weighted_loss: 0.0001, label: 0, bag_size: 3850
batch 459, loss: 0.0002, instance_loss: 0.0000, weighted_loss: 0.0002, label: 0, bag_size: 3345
batch 479, loss: 0.0005, instance_loss: 0.0004, weighted_loss: 0.0005, label: 0, bag_size: 15392
batch 499, loss: 0.0010, instance_loss: 0.0000, weighted_loss: 0.0007, label: 0, bag_size: 1801
batch 519, loss: 0.0010, instance_loss: 0.0000, weighted_loss: 0.0007, label: 0, bag_size: 16197
batch 539, loss: 0.0002, instance_loss: 0.0000, weighted_loss: 0.0001, label: 0, bag_size: 5809
batch 559, loss: 0.0057, instance_loss: 0.0000, weighted_loss: 0.0040, label: 0, bag_size: 11456
batch 579, loss: 0.0005, instance_loss: 0.0000, weighted_loss: 0.0004, label: 0, bag_size: 6699
batch 599, loss: 0.0006, instance_loss: 0.0021, weighted_loss: 0.0011, label: 1, bag_size: 1140
batch 619, loss: 0.0000, instance_loss: 0.0011, weighted_loss: 0.0003, label: 0, bag_size: 14968
batch 639, loss: 0.0012, instance_loss: 0.0012, weighted_loss: 0.0012, label: 1, bag_size: 7733
batch 659, loss: 0.0062, instance_loss: 0.0025, weighted_loss: 0.0051, label: 1, bag_size: 6023
batch 679, loss: 0.0002, instance_loss: 0.0000, weighted_loss: 0.0001, label: 0, bag_size: 3009
batch 699, loss: 0.0001, instance_loss: 0.0933, weighted_loss: 0.0281, label: 0, bag_size: 41019
batch 719, loss: 0.0520, instance_loss: 0.0009, weighted_loss: 0.0367, label: 1, bag_size: 18621
batch 739, loss: 0.0054, instance_loss: 0.0000, weighted_loss: 0.0038, label: 1, bag_size: 4365
batch 759, loss: 0.0312, instance_loss: 0.0000, weighted_loss: 0.0218, label: 0, bag_size: 10956
batch 779, loss: 0.0009, instance_loss: 0.0009, weighted_loss: 0.0009, label: 1, bag_size: 2853
batch 799, loss: 0.0009, instance_loss: 0.0015, weighted_loss: 0.0011, label: 0, bag_size: 2418
batch 819, loss: 0.0008, instance_loss: 0.0005, weighted_loss: 0.0007, label: 1, bag_size: 5137
batch 839, loss: 0.0035, instance_loss: 0.0013, weighted_loss: 0.0028, label: 0, bag_size: 821
batch 859, loss: 0.0001, instance_loss: 0.0004, weighted_loss: 0.0002, label: 0, bag_size: 9759
batch 879, loss: 0.0160, instance_loss: 0.0000, weighted_loss: 0.0112, label: 1, bag_size: 4365


class 0 clustering acc 1.0: correct 7072/7072
class 1 clustering acc 1.0: correct 7072/7072
Epoch: 2, train_loss: 0.0478, train_clustering_loss:  0.0030, train_error: 0.0113
class 0: acc 0.9845474613686535, correct 446/453
class 1: acc 0.9930394431554525, correct 428/431

Val Set, val_loss: 0.1511, val_error: 0.0309, auc: 0.5881
class 0 clustering acc 1.0: correct 1552/1552
class 1 clustering acc 1.0: correct 1552/1552
class 0: acc 0.9842931937172775, correct 188/191
class 1: acc 0.0, correct 0/3
EarlyStopping counter: 1 out of 10


batch 19, loss: 0.0052, instance_loss: 0.0000, weighted_loss: 0.0036, label: 1, bag_size: 13571
batch 39, loss: 0.0128, instance_loss: 0.0000, weighted_loss: 0.0090, label: 1, bag_size: 14318
batch 59, loss: 0.0538, instance_loss: 0.0000, weighted_loss: 0.0377, label: 1, bag_size: 4365
batch 79, loss: 0.0005, instance_loss: 0.0003, weighted_loss: 0.0005, label: 0, bag_size: 3167
batch 99, loss: 0.0023, instance_loss: 0.0036, weighted_loss: 0.0027, label: 1, bag_size: 1140
batch 119, loss: 0.0080, instance_loss: 0.0000, weighted_loss: 0.0056, label: 1, bag_size: 14318
batch 139, loss: 0.0087, instance_loss: 0.0000, weighted_loss: 0.0061, label: 1, bag_size: 13571
batch 159, loss: 0.0016, instance_loss: 0.0040, weighted_loss: 0.0024, label: 1, bag_size: 1140
batch 179, loss: 0.0000, instance_loss: 0.0000, weighted_loss: 0.0000, label: 0, bag_size: 5238
batch 199, loss: 0.2240, instance_loss: 0.0000, weighted_loss: 0.1568, label: 1, bag_size: 14318
batch 219, loss: 0.0218, instance_loss: 0.0080, weighted_loss: 0.0177, label: 0, bag_size: 1431
batch 239, loss: 0.0001, instance_loss: 0.0008, weighted_loss: 0.0003, label: 1, bag_size: 7733
batch 259, loss: 0.0000, instance_loss: 0.0000, weighted_loss: 0.0000, label: 0, bag_size: 6114
batch 279, loss: 0.0077, instance_loss: 0.0029, weighted_loss: 0.0062, label: 0, bag_size: 1861
batch 299, loss: 0.0016, instance_loss: 0.0000, weighted_loss: 0.0011, label: 1, bag_size: 13571
batch 319, loss: 0.0011, instance_loss: 0.0004, weighted_loss: 0.0009, label: 1, bag_size: 2853
batch 339, loss: 0.0301, instance_loss: 0.0000, weighted_loss: 0.0211, label: 0, bag_size: 14056
batch 359, loss: 0.0001, instance_loss: 0.0000, weighted_loss: 0.0001, label: 0, bag_size: 4197
batch 379, loss: 0.0004, instance_loss: 0.0021, weighted_loss: 0.0009, label: 1, bag_size: 6023
batch 399, loss: 0.0458, instance_loss: 0.0000, weighted_loss: 0.0321, label: 0, bag_size: 21466
batch 419, loss: 0.0000, instance_loss: 0.0000, weighted_loss: 0.0000, label: 0, bag_size: 5164
batch 439, loss: 0.0003, instance_loss: 0.0002, weighted_loss: 0.0003, label: 1, bag_size: 2853
batch 459, loss: 0.0001, instance_loss: 0.0002, weighted_loss: 0.0001, label: 1, bag_size: 7733
batch 479, loss: 0.0000, instance_loss: 0.0000, weighted_loss: 0.0000, label: 0, bag_size: 5268
batch 499, loss: 0.0000, instance_loss: 0.0000, weighted_loss: 0.0000, label: 0, bag_size: 5594
batch 519, loss: 0.0001, instance_loss: 0.0002, weighted_loss: 0.0002, label: 0, bag_size: 21466
batch 539, loss: 0.0000, instance_loss: 0.0000, weighted_loss: 0.0000, label: 0, bag_size: 2956
batch 559, loss: 0.0000, instance_loss: 0.0060, weighted_loss: 0.0018, label: 0, bag_size: 6932
batch 579, loss: 0.0000, instance_loss: 0.0000, weighted_loss: 0.0000, label: 0, bag_size: 4299
batch 599, loss: 0.0000, instance_loss: 0.0000, weighted_loss: 0.0000, label: 0, bag_size: 6415
batch 619, loss: 0.0001, instance_loss: 0.0000, weighted_loss: 0.0000, label: 0, bag_size: 4889
batch 639, loss: 0.0003, instance_loss: 0.0018, weighted_loss: 0.0007, label: 0, bag_size: 3330
batch 659, loss: 0.0003, instance_loss: 0.0000, weighted_loss: 0.0002, label: 0, bag_size: 17334
batch 679, loss: 0.0003, instance_loss: 0.0005, weighted_loss: 0.0004, label: 1, bag_size: 6023
batch 699, loss: 0.0001, instance_loss: 0.0013, weighted_loss: 0.0005, label: 1, bag_size: 4276
batch 719, loss: 0.0002, instance_loss: 0.0000, weighted_loss: 0.0001, label: 1, bag_size: 3354
batch 739, loss: 0.0071, instance_loss: 0.0000, weighted_loss: 0.0050, label: 0, bag_size: 18256
batch 759, loss: 0.0013, instance_loss: 0.0000, weighted_loss: 0.0009, label: 0, bag_size: 17351
batch 779, loss: 0.0000, instance_loss: 0.0002, weighted_loss: 0.0001, label: 0, bag_size: 15577
batch 799, loss: 0.0000, instance_loss: 0.0000, weighted_loss: 0.0000, label: 0, bag_size: 7985
batch 819, loss: 0.0013, instance_loss: 0.1403, weighted_loss: 0.0430, label: 1, bag_size: 1140
batch 839, loss: 0.0001, instance_loss: 0.0003, weighted_loss: 0.0002, label: 1, bag_size: 5137
batch 859, loss: 0.0000, instance_loss: 0.0000, weighted_loss: 0.0000, label: 0, bag_size: 10417
batch 879, loss: 0.0044, instance_loss: 0.0000, weighted_loss: 0.0031, label: 0, bag_size: 10005


class 0 clustering acc 0.9995757918552036: correct 7069/7072
class 1 clustering acc 1.0: correct 7072/7072
Epoch: 3, train_loss: 0.0451, train_clustering_loss:  0.0030, train_error: 0.0147
class 0: acc 0.9841628959276018, correct 435/442
class 1: acc 0.9864253393665159, correct 436/442

Val Set, val_loss: 0.1276, val_error: 0.0258, auc: 0.7504
class 0 clustering acc 1.0: correct 1552/1552
class 1 clustering acc 1.0: correct 1552/1552
class 0: acc 0.9895287958115183, correct 189/191
class 1: acc 0.0, correct 0/3
Validation loss decreased (0.128135 --> 0.127586).  Saving model ...


batch 19, loss: 0.0074, instance_loss: 0.0009, weighted_loss: 0.0055, label: 1, bag_size: 4276
batch 39, loss: 0.0027, instance_loss: 0.0017, weighted_loss: 0.0024, label: 1, bag_size: 18621
batch 59, loss: 0.0090, instance_loss: 0.0070, weighted_loss: 0.0084, label: 1, bag_size: 1140
batch 79, loss: 0.0003, instance_loss: 0.0000, weighted_loss: 0.0002, label: 0, bag_size: 22061
batch 99, loss: 0.0005, instance_loss: 0.0000, weighted_loss: 0.0004, label: 0, bag_size: 3468
batch 119, loss: 0.0017, instance_loss: 0.0000, weighted_loss: 0.0012, label: 0, bag_size: 1333
batch 139, loss: 0.0004, instance_loss: 0.0059, weighted_loss: 0.0020, label: 1, bag_size: 7733
batch 159, loss: 0.0018, instance_loss: 0.0018, weighted_loss: 0.0018, label: 1, bag_size: 2853
batch 179, loss: 0.0056, instance_loss: 0.0012, weighted_loss: 0.0043, label: 1, bag_size: 2853
batch 199, loss: 0.0000, instance_loss: 0.0000, weighted_loss: 0.0000, label: 0, bag_size: 1085
batch 219, loss: 0.0000, instance_loss: 0.0000, weighted_loss: 0.0000, label: 0, bag_size: 6185
batch 239, loss: 0.1250, instance_loss: 0.0000, weighted_loss: 0.0875, label: 1, bag_size: 14318
batch 259, loss: 0.0042, instance_loss: 0.0000, weighted_loss: 0.0030, label: 0, bag_size: 2830
batch 279, loss: 0.0000, instance_loss: 0.0000, weighted_loss: 0.0000, label: 0, bag_size: 13275
batch 299, loss: 0.0027, instance_loss: 0.0000, weighted_loss: 0.0019, label: 1, bag_size: 14318
batch 319, loss: 0.0354, instance_loss: 0.0072, weighted_loss: 0.0270, label: 0, bag_size: 1536
batch 339, loss: 0.0123, instance_loss: 0.0000, weighted_loss: 0.0086, label: 1, bag_size: 18621
batch 359, loss: 0.0000, instance_loss: 0.0000, weighted_loss: 0.0000, label: 0, bag_size: 18076
batch 379, loss: 0.0585, instance_loss: 0.0317, weighted_loss: 0.0505, label: 0, bag_size: 873
batch 399, loss: 0.0008, instance_loss: 0.0000, weighted_loss: 0.0006, label: 1, bag_size: 13646
batch 419, loss: 0.0013, instance_loss: 0.0002, weighted_loss: 0.0010, label: 1, bag_size: 2853
batch 439, loss: 0.0015, instance_loss: 0.0011, weighted_loss: 0.0014, label: 1, bag_size: 6023
batch 459, loss: 0.0010, instance_loss: 0.0014, weighted_loss: 0.0011, label: 1, bag_size: 3354
batch 479, loss: 0.0008, instance_loss: 0.0002, weighted_loss: 0.0006, label: 0, bag_size: 9087
batch 499, loss: 0.0000, instance_loss: 0.0038, weighted_loss: 0.0011, label: 0, bag_size: 14354
batch 519, loss: 0.0086, instance_loss: 0.0000, weighted_loss: 0.0060, label: 1, bag_size: 14318
batch 539, loss: 0.0000, instance_loss: 0.0000, weighted_loss: 0.0000, label: 0, bag_size: 2665
batch 559, loss: 0.0007, instance_loss: 0.0000, weighted_loss: 0.0005, label: 1, bag_size: 13571
batch 579, loss: 0.0002, instance_loss: 0.0000, weighted_loss: 0.0001, label: 0, bag_size: 20190
batch 599, loss: 0.0029, instance_loss: 0.0000, weighted_loss: 0.0020, label: 1, bag_size: 14318
batch 619, loss: 0.0012, instance_loss: 0.0011, weighted_loss: 0.0011, label: 1, bag_size: 1140
batch 639, loss: 0.0017, instance_loss: 0.0004, weighted_loss: 0.0013, label: 1, bag_size: 4276
batch 659, loss: 0.0002, instance_loss: 0.0000, weighted_loss: 0.0001, label: 0, bag_size: 2887
batch 679, loss: 0.0008, instance_loss: 0.0022, weighted_loss: 0.0013, label: 1, bag_size: 1140
batch 699, loss: 0.0009, instance_loss: 0.0009, weighted_loss: 0.0009, label: 1, bag_size: 6023
batch 719, loss: 0.0008, instance_loss: 0.0000, weighted_loss: 0.0005, label: 0, bag_size: 2376
batch 739, loss: 0.0000, instance_loss: 0.0015, weighted_loss: 0.0005, label: 1, bag_size: 7733
batch 759, loss: 0.0324, instance_loss: 0.0000, weighted_loss: 0.0227, label: 0, bag_size: 5922
batch 779, loss: 0.0041, instance_loss: 0.0000, weighted_loss: 0.0028, label: 1, bag_size: 13571
batch 799, loss: 0.0032, instance_loss: 0.0000, weighted_loss: 0.0022, label: 0, bag_size: 3506
batch 819, loss: 0.0223, instance_loss: 0.0000, weighted_loss: 0.0156, label: 1, bag_size: 13571
batch 839, loss: 0.0016, instance_loss: 0.0021, weighted_loss: 0.0018, label: 1, bag_size: 6023
batch 859, loss: 0.0012, instance_loss: 0.0024, weighted_loss: 0.0016, label: 1, bag_size: 3354
batch 879, loss: 0.0002, instance_loss: 0.0000, weighted_loss: 0.0001, label: 0, bag_size: 20395


class 0 clustering acc 1.0: correct 7072/7072
class 1 clustering acc 1.0: correct 7072/7072
Epoch: 4, train_loss: 0.0609, train_clustering_loss:  0.0018, train_error: 0.0170
class 0: acc 0.9822222222222222, correct 442/450
class 1: acc 0.9838709677419355, correct 427/434

Val Set, val_loss: 0.1422, val_error: 0.0309, auc: 0.6335
class 0 clustering acc 1.0: correct 1552/1552
class 1 clustering acc 1.0: correct 1552/1552
class 0: acc 0.9842931937172775, correct 188/191
class 1: acc 0.0, correct 0/3
EarlyStopping counter: 1 out of 10


batch 19, loss: 0.0001, instance_loss: 0.0002, weighted_loss: 0.0001, label: 1, bag_size: 5137
batch 39, loss: 0.0011, instance_loss: 0.0006, weighted_loss: 0.0009, label: 1, bag_size: 4276
batch 59, loss: 0.0004, instance_loss: 0.0000, weighted_loss: 0.0003, label: 0, bag_size: 4280
batch 79, loss: 0.0020, instance_loss: 0.0000, weighted_loss: 0.0014, label: 1, bag_size: 2853
batch 99, loss: 0.0009, instance_loss: 0.0000, weighted_loss: 0.0007, label: 0, bag_size: 9251
batch 119, loss: 0.0047, instance_loss: 0.0000, weighted_loss: 0.0033, label: 1, bag_size: 4365
batch 139, loss: 0.0021, instance_loss: 0.0014, weighted_loss: 0.0019, label: 1, bag_size: 6023
batch 159, loss: 0.0001, instance_loss: 0.0000, weighted_loss: 0.0001, label: 0, bag_size: 16964
batch 179, loss: 0.0001, instance_loss: 0.0000, weighted_loss: 0.0001, label: 0, bag_size: 16088
batch 199, loss: 0.0001, instance_loss: 0.0000, weighted_loss: 0.0001, label: 0, bag_size: 16576
batch 219, loss: 0.0089, instance_loss: 0.0007, weighted_loss: 0.0064, label: 1, bag_size: 1140
batch 239, loss: 0.0001, instance_loss: 0.0000, weighted_loss: 0.0001, label: 0, bag_size: 18081
batch 259, loss: 0.0027, instance_loss: 0.0003, weighted_loss: 0.0020, label: 1, bag_size: 18621
batch 279, loss: 0.0002, instance_loss: 0.0000, weighted_loss: 0.0001, label: 0, bag_size: 2843
batch 299, loss: 0.0007, instance_loss: 0.0000, weighted_loss: 0.0005, label: 0, bag_size: 3118
batch 319, loss: 0.0001, instance_loss: 0.0000, weighted_loss: 0.0001, label: 0, bag_size: 5809
batch 339, loss: 0.0021, instance_loss: 0.0000, weighted_loss: 0.0015, label: 1, bag_size: 4365
batch 359, loss: 0.0007, instance_loss: 0.0024, weighted_loss: 0.0012, label: 1, bag_size: 3354
batch 379, loss: 0.0030, instance_loss: 0.0004, weighted_loss: 0.0022, label: 1, bag_size: 6023
batch 399, loss: 0.0019, instance_loss: 0.0000, weighted_loss: 0.0013, label: 1, bag_size: 14318
batch 419, loss: 0.0001, instance_loss: 0.0000, weighted_loss: 0.0001, label: 0, bag_size: 3813
batch 439, loss: 0.0001, instance_loss: 0.0003, weighted_loss: 0.0002, label: 1, bag_size: 5137
batch 459, loss: 0.0308, instance_loss: 0.0000, weighted_loss: 0.0216, label: 1, bag_size: 2853
batch 479, loss: 0.0003, instance_loss: 0.0000, weighted_loss: 0.0002, label: 0, bag_size: 1333
batch 499, loss: 0.0070, instance_loss: 0.0011, weighted_loss: 0.0053, label: 1, bag_size: 6023
batch 519, loss: 0.0001, instance_loss: 0.0000, weighted_loss: 0.0001, label: 0, bag_size: 4963
batch 539, loss: 0.0001, instance_loss: 0.0019, weighted_loss: 0.0006, label: 1, bag_size: 7733
batch 559, loss: 0.0002, instance_loss: 0.0000, weighted_loss: 0.0001, label: 0, bag_size: 11364
batch 579, loss: 0.0017, instance_loss: 0.0002, weighted_loss: 0.0013, label: 1, bag_size: 1140
batch 599, loss: 0.0032, instance_loss: 0.0000, weighted_loss: 0.0022, label: 0, bag_size: 3533
batch 619, loss: 0.0013, instance_loss: 0.0000, weighted_loss: 0.0009, label: 0, bag_size: 10199
batch 639, loss: 0.0032, instance_loss: 0.0000, weighted_loss: 0.0022, label: 0, bag_size: 4728
batch 659, loss: 0.0015, instance_loss: 0.0004, weighted_loss: 0.0012, label: 0, bag_size: 17334
batch 679, loss: 0.0008, instance_loss: 0.0000, weighted_loss: 0.0006, label: 1, bag_size: 18621
batch 699, loss: 0.0020, instance_loss: 0.0000, weighted_loss: 0.0014, label: 0, bag_size: 3555
batch 719, loss: 0.0008, instance_loss: 0.0002, weighted_loss: 0.0006, label: 1, bag_size: 18621
batch 739, loss: 0.0003, instance_loss: 0.0002, weighted_loss: 0.0002, label: 1, bag_size: 4276
batch 759, loss: 0.0000, instance_loss: 0.0000, weighted_loss: 0.0000, label: 0, bag_size: 4569
batch 779, loss: 0.0002, instance_loss: 0.0006, weighted_loss: 0.0003, label: 1, bag_size: 4276
batch 799, loss: 0.0002, instance_loss: 0.0010, weighted_loss: 0.0004, label: 1, bag_size: 3354
batch 819, loss: 0.0089, instance_loss: 0.0000, weighted_loss: 0.0063, label: 0, bag_size: 3673
batch 839, loss: 0.0001, instance_loss: 0.0002, weighted_loss: 0.0002, label: 0, bag_size: 6101
batch 859, loss: 0.0011, instance_loss: 0.0000, weighted_loss: 0.0008, label: 1, bag_size: 4365
batch 879, loss: 0.0014, instance_loss: 0.0000, weighted_loss: 0.0009, label: 1, bag_size: 4365


class 0 clustering acc 1.0: correct 7072/7072
class 1 clustering acc 1.0: correct 7072/7072
Epoch: 5, train_loss: 0.0131, train_clustering_loss:  0.0007, train_error: 0.0045
class 0: acc 0.9930715935334873, correct 430/433
class 1: acc 0.9977827050997783, correct 450/451

Val Set, val_loss: 0.1562, val_error: 0.0258, auc: 0.3717
class 0 clustering acc 1.0: correct 1552/1552
class 1 clustering acc 1.0: correct 1552/1552
class 0: acc 0.9895287958115183, correct 189/191
class 1: acc 0.0, correct 0/3
EarlyStopping counter: 2 out of 10


batch 19, loss: 0.0000, instance_loss: 0.0011, weighted_loss: 0.0003, label: 0, bag_size: 15395
batch 39, loss: 0.0002, instance_loss: 0.0016, weighted_loss: 0.0006, label: 1, bag_size: 3354
batch 59, loss: 0.0005, instance_loss: 0.0000, weighted_loss: 0.0003, label: 0, bag_size: 4777
batch 79, loss: 0.0000, instance_loss: 0.0006, weighted_loss: 0.0002, label: 1, bag_size: 7733
batch 99, loss: 0.0000, instance_loss: 0.0000, weighted_loss: 0.0000, label: 0, bag_size: 16343
batch 119, loss: 0.0004, instance_loss: 0.0000, weighted_loss: 0.0003, label: 0, bag_size: 1238
batch 139, loss: 0.0009, instance_loss: 0.0000, weighted_loss: 0.0006, label: 0, bag_size: 2693
batch 159, loss: 0.0000, instance_loss: 0.0000, weighted_loss: 0.0000, label: 0, bag_size: 4866
batch 179, loss: 0.0001, instance_loss: 0.0000, weighted_loss: 0.0001, label: 0, bag_size: 4255
batch 199, loss: 0.0004, instance_loss: 0.0009, weighted_loss: 0.0006, label: 1, bag_size: 3354
batch 219, loss: 0.0000, instance_loss: 0.0000, weighted_loss: 0.0000, label: 0, bag_size: 6678
batch 239, loss: 0.0002, instance_loss: 0.0000, weighted_loss: 0.0001, label: 0, bag_size: 15923
batch 259, loss: 0.0016, instance_loss: 0.0000, weighted_loss: 0.0011, label: 1, bag_size: 13571
batch 279, loss: 0.0015, instance_loss: 0.0112, weighted_loss: 0.0044, label: 0, bag_size: 1698
batch 299, loss: 0.0000, instance_loss: 0.0009, weighted_loss: 0.0003, label: 1, bag_size: 7733
batch 319, loss: 0.0003, instance_loss: 0.0002, weighted_loss: 0.0003, label: 0, bag_size: 1238
batch 339, loss: 0.0331, instance_loss: 0.0002, weighted_loss: 0.0232, label: 1, bag_size: 6023
batch 359, loss: 0.0000, instance_loss: 0.0000, weighted_loss: 0.0000, label: 0, bag_size: 3876
batch 379, loss: 0.0001, instance_loss: 0.0007, weighted_loss: 0.0003, label: 0, bag_size: 2936
batch 399, loss: 0.0000, instance_loss: 0.0000, weighted_loss: 0.0000, label: 0, bag_size: 16499
batch 419, loss: 0.0004, instance_loss: 0.0000, weighted_loss: 0.0003, label: 1, bag_size: 1140
batch 439, loss: 0.0005, instance_loss: 0.0003, weighted_loss: 0.0004, label: 1, bag_size: 13646
batch 459, loss: 0.0002, instance_loss: 0.0000, weighted_loss: 0.0001, label: 0, bag_size: 3547
batch 479, loss: 0.0001, instance_loss: 0.0000, weighted_loss: 0.0000, label: 1, bag_size: 2853
batch 499, loss: 0.0001, instance_loss: 0.0000, weighted_loss: 0.0000, label: 0, bag_size: 13341
batch 519, loss: 0.0001, instance_loss: 0.0000, weighted_loss: 0.0001, label: 1, bag_size: 2853
batch 539, loss: 0.0000, instance_loss: 0.0000, weighted_loss: 0.0000, label: 0, bag_size: 2830
batch 559, loss: 0.0001, instance_loss: 0.0000, weighted_loss: 0.0001, label: 0, bag_size: 13922
batch 579, loss: 0.0001, instance_loss: 0.0007, weighted_loss: 0.0002, label: 1, bag_size: 4276
batch 599, loss: 0.0006, instance_loss: 0.0005, weighted_loss: 0.0006, label: 0, bag_size: 4604
batch 619, loss: 0.0003, instance_loss: 0.0000, weighted_loss: 0.0002, label: 1, bag_size: 13646
batch 639, loss: 0.0001, instance_loss: 0.0000, weighted_loss: 0.0001, label: 0, bag_size: 17351
batch 659, loss: 0.0000, instance_loss: 0.0000, weighted_loss: 0.0000, label: 0, bag_size: 3400
batch 679, loss: 0.0000, instance_loss: 0.0006, weighted_loss: 0.0002, label: 0, bag_size: 2936
batch 699, loss: 0.0000, instance_loss: 0.0000, weighted_loss: 0.0000, label: 1, bag_size: 2853
batch 719, loss: 0.0000, instance_loss: 0.0000, weighted_loss: 0.0000, label: 1, bag_size: 5137
batch 739, loss: 0.0016, instance_loss: 0.0000, weighted_loss: 0.0011, label: 1, bag_size: 14318
batch 759, loss: 0.0000, instance_loss: 0.0000, weighted_loss: 0.0000, label: 0, bag_size: 10102
batch 779, loss: 0.0000, instance_loss: 0.0004, weighted_loss: 0.0001, label: 1, bag_size: 7733
batch 799, loss: 0.0001, instance_loss: 0.0036, weighted_loss: 0.0011, label: 1, bag_size: 3354
batch 819, loss: 0.0000, instance_loss: 0.0007, weighted_loss: 0.0002, label: 0, bag_size: 56808
batch 839, loss: 0.0001, instance_loss: 0.0015, weighted_loss: 0.0005, label: 1, bag_size: 7733
batch 859, loss: 8.6965, instance_loss: 0.0148, weighted_loss: 6.0920, label: 0, bag_size: 5296
batch 879, loss: 0.0004, instance_loss: 0.0000, weighted_loss: 0.0003, label: 0, bag_size: 4963


class 0 clustering acc 1.0: correct 7072/7072
class 1 clustering acc 1.0: correct 7072/7072
Epoch: 6, train_loss: 0.0223, train_clustering_loss:  0.0010, train_error: 0.0068
class 0: acc 0.9929742388758782, correct 424/427
class 1: acc 0.9934354485776805, correct 454/457

Val Set, val_loss: 0.1143, val_error: 0.0206, auc: 0.7417
class 0 clustering acc 1.0: correct 1552/1552
class 1 clustering acc 1.0: correct 1552/1552
class 0: acc 0.9947643979057592, correct 190/191
class 1: acc 0.0, correct 0/3
Validation loss decreased (0.127586 --> 0.114330).  Saving model ...


batch 19, loss: 0.0001, instance_loss: 0.0000, weighted_loss: 0.0000, label: 0, bag_size: 21084
batch 39, loss: 0.0881, instance_loss: 0.0000, weighted_loss: 0.0617, label: 1, bag_size: 4276
batch 59, loss: 0.0005, instance_loss: 0.0000, weighted_loss: 0.0004, label: 0, bag_size: 10161
batch 79, loss: 0.0003, instance_loss: 0.0011, weighted_loss: 0.0005, label: 0, bag_size: 16798
batch 99, loss: 0.0039, instance_loss: 0.0003, weighted_loss: 0.0028, label: 1, bag_size: 6023
batch 119, loss: 0.0044, instance_loss: 0.0010, weighted_loss: 0.0034, label: 1, bag_size: 6023
batch 139, loss: 0.0296, instance_loss: 0.0000, weighted_loss: 0.0207, label: 0, bag_size: 14855
batch 159, loss: 0.0155, instance_loss: 0.0007, weighted_loss: 0.0110, label: 1, bag_size: 7733
batch 179, loss: 0.0021, instance_loss: 0.0000, weighted_loss: 0.0015, label: 1, bag_size: 14318
batch 199, loss: 0.0002, instance_loss: 0.0006, weighted_loss: 0.0003, label: 0, bag_size: 20121
batch 219, loss: 0.0002, instance_loss: 0.0000, weighted_loss: 0.0001, label: 0, bag_size: 11242
batch 239, loss: 0.0006, instance_loss: 0.0000, weighted_loss: 0.0004, label: 1, bag_size: 13646
batch 259, loss: 0.0000, instance_loss: 0.1343, weighted_loss: 0.0403, label: 0, bag_size: 39556
batch 279, loss: 0.0087, instance_loss: 0.0020, weighted_loss: 0.0067, label: 1, bag_size: 1140
batch 299, loss: 0.0024, instance_loss: 0.0003, weighted_loss: 0.0017, label: 1, bag_size: 6023
batch 319, loss: 0.0005, instance_loss: 0.0000, weighted_loss: 0.0004, label: 0, bag_size: 4811
batch 339, loss: 0.0061, instance_loss: 0.0002, weighted_loss: 0.0043, label: 1, bag_size: 7733
batch 359, loss: 0.0000, instance_loss: 0.0000, weighted_loss: 0.0000, label: 0, bag_size: 4463
batch 379, loss: 0.0001, instance_loss: 0.0000, weighted_loss: 0.0001, label: 0, bag_size: 4404
batch 399, loss: 0.0000, instance_loss: 0.0000, weighted_loss: 0.0000, label: 0, bag_size: 6019
batch 419, loss: 0.0001, instance_loss: 0.0000, weighted_loss: 0.0001, label: 0, bag_size: 14528
batch 439, loss: 0.0028, instance_loss: 0.0002, weighted_loss: 0.0020, label: 0, bag_size: 3533
batch 459, loss: 0.0020, instance_loss: 0.0013, weighted_loss: 0.0018, label: 1, bag_size: 3354
batch 479, loss: 0.0009, instance_loss: 0.0000, weighted_loss: 0.0006, label: 1, bag_size: 14318
batch 499, loss: 0.0015, instance_loss: 0.0005, weighted_loss: 0.0012, label: 1, bag_size: 4276
batch 519, loss: 0.0004, instance_loss: 0.0000, weighted_loss: 0.0003, label: 0, bag_size: 3983
batch 539, loss: 0.0000, instance_loss: 0.0000, weighted_loss: 0.0000, label: 1, bag_size: 5137
batch 559, loss: 0.0010, instance_loss: 0.0000, weighted_loss: 0.0007, label: 0, bag_size: 8989
batch 579, loss: 0.0001, instance_loss: 0.0003, weighted_loss: 0.0001, label: 0, bag_size: 5599
batch 599, loss: 0.0001, instance_loss: 0.0000, weighted_loss: 0.0001, label: 0, bag_size: 17805
batch 619, loss: 0.0000, instance_loss: 0.0000, weighted_loss: 0.0000, label: 0, bag_size: 16640
batch 639, loss: 0.0005, instance_loss: 0.0000, weighted_loss: 0.0003, label: 1, bag_size: 14318
batch 659, loss: 0.0007, instance_loss: 0.0000, weighted_loss: 0.0005, label: 1, bag_size: 4365
batch 679, loss: 0.0013, instance_loss: 0.0000, weighted_loss: 0.0009, label: 0, bag_size: 25603
batch 699, loss: 0.0000, instance_loss: 0.0000, weighted_loss: 0.0000, label: 0, bag_size: 2464
batch 719, loss: 0.0000, instance_loss: 0.0000, weighted_loss: 0.0000, label: 0, bag_size: 17328
batch 739, loss: 0.0008, instance_loss: 0.0000, weighted_loss: 0.0005, label: 1, bag_size: 14318
batch 759, loss: 0.0007, instance_loss: 0.0000, weighted_loss: 0.0005, label: 1, bag_size: 13571
batch 779, loss: 0.0003, instance_loss: 0.0000, weighted_loss: 0.0002, label: 1, bag_size: 18621
batch 799, loss: 0.0000, instance_loss: 0.0006, weighted_loss: 0.0002, label: 0, bag_size: 56808
batch 819, loss: 0.0002, instance_loss: 0.0000, weighted_loss: 0.0001, label: 0, bag_size: 2465
batch 839, loss: 0.0005, instance_loss: 0.0037, weighted_loss: 0.0015, label: 1, bag_size: 2853
batch 859, loss: 0.0002, instance_loss: 0.0000, weighted_loss: 0.0002, label: 1, bag_size: 6023
batch 879, loss: 0.0001, instance_loss: 0.0003, weighted_loss: 0.0002, label: 0, bag_size: 6129


class 0 clustering acc 0.9992929864253394: correct 7067/7072
class 1 clustering acc 1.0: correct 7072/7072
Epoch: 7, train_loss: 0.0072, train_clustering_loss:  0.0023, train_error: 0.0023
class 0: acc 0.9977827050997783, correct 450/451
class 1: acc 0.9976905311778291, correct 432/433

Val Set, val_loss: 0.1646, val_error: 0.0155, auc: 0.3735
class 0 clustering acc 1.0: correct 1552/1552
class 1 clustering acc 1.0: correct 1552/1552
class 0: acc 1.0, correct 191/191
class 1: acc 0.0, correct 0/3
EarlyStopping counter: 1 out of 10


batch 19, loss: 0.0004, instance_loss: 0.0003, weighted_loss: 0.0004, label: 1, bag_size: 4276
batch 39, loss: 0.0006, instance_loss: 0.0000, weighted_loss: 0.0004, label: 1, bag_size: 1140
batch 59, loss: 0.0001, instance_loss: 0.0000, weighted_loss: 0.0001, label: 0, bag_size: 2554
batch 79, loss: 0.0007, instance_loss: 0.0185, weighted_loss: 0.0061, label: 1, bag_size: 1140
batch 99, loss: 0.0011, instance_loss: 0.0000, weighted_loss: 0.0008, label: 1, bag_size: 14318
batch 119, loss: 0.0001, instance_loss: 0.0007, weighted_loss: 0.0003, label: 0, bag_size: 6485
batch 139, loss: 0.0001, instance_loss: 0.0000, weighted_loss: 0.0001, label: 0, bag_size: 18734
batch 159, loss: 0.0000, instance_loss: 0.0000, weighted_loss: 0.0000, label: 0, bag_size: 5315
batch 179, loss: 0.0002, instance_loss: 0.0009, weighted_loss: 0.0004, label: 1, bag_size: 6023
batch 199, loss: 0.0002, instance_loss: 0.0000, weighted_loss: 0.0001, label: 0, bag_size: 19493
batch 219, loss: 0.0015, instance_loss: 0.0000, weighted_loss: 0.0010, label: 1, bag_size: 14318
batch 239, loss: 0.0001, instance_loss: 0.0000, weighted_loss: 0.0001, label: 0, bag_size: 13054
batch 259, loss: 0.0002, instance_loss: 0.0011, weighted_loss: 0.0005, label: 1, bag_size: 7733
batch 279, loss: 0.0073, instance_loss: 0.0000, weighted_loss: 0.0051, label: 0, bag_size: 18913
batch 299, loss: 0.0095, instance_loss: 0.0000, weighted_loss: 0.0066, label: 1, bag_size: 2853
batch 319, loss: 0.0007, instance_loss: 0.0016, weighted_loss: 0.0010, label: 1, bag_size: 1140
batch 339, loss: 0.0001, instance_loss: 0.0002, weighted_loss: 0.0001, label: 1, bag_size: 3354
batch 359, loss: 0.0000, instance_loss: 0.0000, weighted_loss: 0.0000, label: 0, bag_size: 14732
batch 379, loss: 0.0003, instance_loss: 0.0000, weighted_loss: 0.0002, label: 0, bag_size: 7732
batch 399, loss: 0.0001, instance_loss: 0.0000, weighted_loss: 0.0001, label: 1, bag_size: 3354
batch 419, loss: 0.0001, instance_loss: 0.0000, weighted_loss: 0.0000, label: 0, bag_size: 10708
batch 439, loss: 0.0528, instance_loss: 0.0000, weighted_loss: 0.0369, label: 1, bag_size: 4365
batch 459, loss: 0.0000, instance_loss: 0.0000, weighted_loss: 0.0000, label: 1, bag_size: 5137
batch 479, loss: 0.0001, instance_loss: 0.0000, weighted_loss: 0.0000, label: 0, bag_size: 20475
batch 499, loss: 0.0020, instance_loss: 0.0000, weighted_loss: 0.0014, label: 1, bag_size: 18621
batch 519, loss: 0.0001, instance_loss: 0.0007, weighted_loss: 0.0003, label: 1, bag_size: 6023
batch 539, loss: 0.0000, instance_loss: 0.0005, weighted_loss: 0.0002, label: 0, bag_size: 9848
batch 559, loss: 0.0649, instance_loss: 0.0000, weighted_loss: 0.0454, label: 0, bag_size: 18256
batch 579, loss: 0.0002, instance_loss: 0.0000, weighted_loss: 0.0001, label: 0, bag_size: 2076
batch 599, loss: 0.0001, instance_loss: 0.0000, weighted_loss: 0.0001, label: 0, bag_size: 1451
batch 619, loss: 0.0007, instance_loss: 0.0000, weighted_loss: 0.0005, label: 1, bag_size: 4365
batch 639, loss: 0.0001, instance_loss: 0.0000, weighted_loss: 0.0001, label: 0, bag_size: 5545
batch 659, loss: 0.0000, instance_loss: 0.0000, weighted_loss: 0.0000, label: 0, bag_size: 15340
batch 679, loss: 0.0001, instance_loss: 0.0000, weighted_loss: 0.0001, label: 1, bag_size: 4276
batch 699, loss: 0.0002, instance_loss: 0.0000, weighted_loss: 0.0002, label: 0, bag_size: 7533
batch 719, loss: 0.0000, instance_loss: 0.0000, weighted_loss: 0.0000, label: 0, bag_size: 16088
batch 739, loss: 0.0000, instance_loss: 0.0000, weighted_loss: 0.0000, label: 1, bag_size: 5137
batch 759, loss: 0.0003, instance_loss: 0.0006, weighted_loss: 0.0004, label: 1, bag_size: 4276
batch 779, loss: 0.0001, instance_loss: 0.0002, weighted_loss: 0.0001, label: 1, bag_size: 3354
batch 799, loss: 0.0000, instance_loss: 0.0003, weighted_loss: 0.0001, label: 0, bag_size: 1396
batch 819, loss: 0.0046, instance_loss: 0.0000, weighted_loss: 0.0032, label: 1, bag_size: 4365
batch 839, loss: 0.0000, instance_loss: 0.0006, weighted_loss: 0.0002, label: 1, bag_size: 3354
batch 859, loss: 0.0052, instance_loss: 0.0101, weighted_loss: 0.0067, label: 0, bag_size: 1179
batch 879, loss: 0.0008, instance_loss: 0.0000, weighted_loss: 0.0005, label: 1, bag_size: 13646


class 0 clustering acc 1.0: correct 7072/7072
class 1 clustering acc 1.0: correct 7072/7072
Epoch: 8, train_loss: 0.0329, train_clustering_loss:  0.0008, train_error: 0.0124
class 0: acc 0.9888143176733781, correct 442/447
class 1: acc 0.9862700228832952, correct 431/437

Val Set, val_loss: 0.1987, val_error: 0.0258, auc: 0.2880
class 0 clustering acc 1.0: correct 1552/1552
class 1 clustering acc 1.0: correct 1552/1552
class 0: acc 0.9895287958115183, correct 189/191
class 1: acc 0.0, correct 0/3
EarlyStopping counter: 2 out of 10


batch 19, loss: 0.0156, instance_loss: 0.0000, weighted_loss: 0.0110, label: 1, bag_size: 13571
batch 39, loss: 0.0250, instance_loss: 0.0000, weighted_loss: 0.0175, label: 1, bag_size: 18621
batch 59, loss: 0.0014, instance_loss: 0.0000, weighted_loss: 0.0009, label: 1, bag_size: 4365
batch 79, loss: 0.0015, instance_loss: 0.0000, weighted_loss: 0.0011, label: 1, bag_size: 4365
batch 99, loss: 0.0047, instance_loss: 0.0000, weighted_loss: 0.0033, label: 1, bag_size: 14318
batch 119, loss: 0.0000, instance_loss: 0.0000, weighted_loss: 0.0000, label: 0, bag_size: 5268
batch 139, loss: 0.0004, instance_loss: 0.0022, weighted_loss: 0.0010, label: 1, bag_size: 6023
batch 159, loss: 0.0001, instance_loss: 0.0000, weighted_loss: 0.0000, label: 1, bag_size: 3354
batch 179, loss: 0.0001, instance_loss: 0.0000, weighted_loss: 0.0000, label: 1, bag_size: 6023
batch 199, loss: 0.0001, instance_loss: 0.0000, weighted_loss: 0.0001, label: 0, bag_size: 7445
batch 219, loss: 0.0000, instance_loss: 0.0002, weighted_loss: 0.0001, label: 1, bag_size: 5137
batch 239, loss: 0.0003, instance_loss: 0.0000, weighted_loss: 0.0002, label: 0, bag_size: 11781
batch 259, loss: 0.0095, instance_loss: 0.0000, weighted_loss: 0.0066, label: 1, bag_size: 4365
batch 279, loss: 0.0002, instance_loss: 0.0000, weighted_loss: 0.0001, label: 0, bag_size: 17805
batch 299, loss: 0.0002, instance_loss: 0.0000, weighted_loss: 0.0002, label: 0, bag_size: 1238
batch 319, loss: 0.0400, instance_loss: 0.0013, weighted_loss: 0.0284, label: 0, bag_size: 3899
batch 339, loss: 0.0002, instance_loss: 0.0000, weighted_loss: 0.0001, label: 1, bag_size: 4276
batch 359, loss: 0.0004, instance_loss: 0.0000, weighted_loss: 0.0003, label: 1, bag_size: 4276
batch 379, loss: 0.0018, instance_loss: 0.0013, weighted_loss: 0.0016, label: 1, bag_size: 13646
batch 399, loss: 0.0001, instance_loss: 0.0000, weighted_loss: 0.0000, label: 0, bag_size: 6678
batch 419, loss: 0.0030, instance_loss: 0.0000, weighted_loss: 0.0021, label: 1, bag_size: 13571
batch 439, loss: 0.0157, instance_loss: 0.0000, weighted_loss: 0.0110, label: 1, bag_size: 2853
batch 459, loss: 0.0051, instance_loss: 0.0000, weighted_loss: 0.0036, label: 1, bag_size: 13571
batch 479, loss: 0.0010, instance_loss: 0.0000, weighted_loss: 0.0007, label: 0, bag_size: 15251
batch 499, loss: 0.0001, instance_loss: 0.0000, weighted_loss: 0.0001, label: 0, bag_size: 4349
batch 519, loss: 0.0004, instance_loss: 0.0000, weighted_loss: 0.0003, label: 0, bag_size: 5342
batch 539, loss: 0.0037, instance_loss: 0.0000, weighted_loss: 0.0026, label: 0, bag_size: 3842
batch 559, loss: 0.0004, instance_loss: 0.0012, weighted_loss: 0.0007, label: 1, bag_size: 2853
batch 579, loss: 0.0000, instance_loss: 0.0000, weighted_loss: 0.0000, label: 0, bag_size: 4703
batch 599, loss: 0.0002, instance_loss: 0.0000, weighted_loss: 0.0001, label: 0, bag_size: 9388
batch 619, loss: 0.0065, instance_loss: 0.0000, weighted_loss: 0.0046, label: 0, bag_size: 1621
batch 639, loss: 0.0027, instance_loss: 0.0000, weighted_loss: 0.0019, label: 0, bag_size: 4129
batch 659, loss: 0.0034, instance_loss: 0.0000, weighted_loss: 0.0024, label: 1, bag_size: 14318
batch 679, loss: 0.0003, instance_loss: 0.0002, weighted_loss: 0.0002, label: 1, bag_size: 2853
batch 699, loss: 0.0001, instance_loss: 0.0000, weighted_loss: 0.0001, label: 0, bag_size: 4197
batch 719, loss: 0.0001, instance_loss: 0.0000, weighted_loss: 0.0001, label: 0, bag_size: 9855
batch 739, loss: 0.0014, instance_loss: 0.0000, weighted_loss: 0.0010, label: 1, bag_size: 4276
batch 759, loss: 0.0001, instance_loss: 0.0000, weighted_loss: 0.0001, label: 0, bag_size: 17770
batch 779, loss: 0.0000, instance_loss: 0.0000, weighted_loss: 0.0000, label: 0, bag_size: 16350
batch 799, loss: 0.0013, instance_loss: 0.0007, weighted_loss: 0.0011, label: 1, bag_size: 7733
batch 819, loss: 0.0029, instance_loss: 0.0000, weighted_loss: 0.0020, label: 1, bag_size: 14318
batch 839, loss: 0.0001, instance_loss: 0.0000, weighted_loss: 0.0001, label: 0, bag_size: 3129
batch 859, loss: 0.0058, instance_loss: 0.0000, weighted_loss: 0.0041, label: 1, bag_size: 4365
batch 879, loss: 0.0008, instance_loss: 0.0000, weighted_loss: 0.0005, label: 0, bag_size: 15444


class 0 clustering acc 0.9998585972850679: correct 7071/7072
class 1 clustering acc 1.0: correct 7072/7072
Epoch: 9, train_loss: 0.0323, train_clustering_loss:  0.0008, train_error: 0.0124
class 0: acc 0.9868131868131869, correct 449/455
class 1: acc 0.9883449883449883, correct 424/429

Val Set, val_loss: 0.1560, val_error: 0.0155, auc: 0.3805
class 0 clustering acc 1.0: correct 1552/1552
class 1 clustering acc 1.0: correct 1552/1552
class 0: acc 1.0, correct 191/191
class 1: acc 0.0, correct 0/3
EarlyStopping counter: 3 out of 10


batch 19, loss: 0.0021, instance_loss: 0.0008, weighted_loss: 0.0017, label: 1, bag_size: 1140
batch 39, loss: 0.0001, instance_loss: 0.0000, weighted_loss: 0.0000, label: 0, bag_size: 21253
batch 59, loss: 0.0002, instance_loss: 0.0000, weighted_loss: 0.0001, label: 0, bag_size: 17677
batch 79, loss: 0.0002, instance_loss: 0.0000, weighted_loss: 0.0001, label: 1, bag_size: 5137
batch 99, loss: 0.0288, instance_loss: 0.0000, weighted_loss: 0.0202, label: 1, bag_size: 4365
batch 119, loss: 0.0036, instance_loss: 0.0000, weighted_loss: 0.0025, label: 1, bag_size: 3354
batch 139, loss: 0.0044, instance_loss: 0.0002, weighted_loss: 0.0031, label: 1, bag_size: 6023
batch 159, loss: 0.0000, instance_loss: 0.0000, weighted_loss: 0.0000, label: 0, bag_size: 2780
batch 179, loss: 0.0012, instance_loss: 0.0000, weighted_loss: 0.0008, label: 0, bag_size: 2693
batch 199, loss: 0.0001, instance_loss: 0.0030, weighted_loss: 0.0010, label: 0, bag_size: 9322
batch 219, loss: 0.0418, instance_loss: 0.0000, weighted_loss: 0.0293, label: 1, bag_size: 4365
batch 239, loss: 0.0019, instance_loss: 0.0002, weighted_loss: 0.0014, label: 1, bag_size: 7733
batch 259, loss: 0.0003, instance_loss: 0.0004, weighted_loss: 0.0003, label: 1, bag_size: 5137
batch 279, loss: 0.0002, instance_loss: 0.0000, weighted_loss: 0.0002, label: 0, bag_size: 4675
batch 299, loss: 0.0062, instance_loss: 0.0000, weighted_loss: 0.0044, label: 1, bag_size: 18621
batch 319, loss: 0.0027, instance_loss: 0.0000, weighted_loss: 0.0019, label: 1, bag_size: 18621
batch 339, loss: 0.0046, instance_loss: 0.0003, weighted_loss: 0.0033, label: 1, bag_size: 4276
batch 359, loss: 0.0001, instance_loss: 0.0000, weighted_loss: 0.0001, label: 0, bag_size: 22061
batch 379, loss: 0.0000, instance_loss: 0.0000, weighted_loss: 0.0000, label: 0, bag_size: 18081
batch 399, loss: 0.0006, instance_loss: 0.0004, weighted_loss: 0.0005, label: 1, bag_size: 7733
batch 419, loss: 0.0042, instance_loss: 0.0000, weighted_loss: 0.0029, label: 1, bag_size: 6023
batch 439, loss: 0.0012, instance_loss: 0.0000, weighted_loss: 0.0009, label: 1, bag_size: 14318
batch 459, loss: 0.0035, instance_loss: 0.0000, weighted_loss: 0.0024, label: 1, bag_size: 6023
batch 479, loss: 0.0031, instance_loss: 0.0000, weighted_loss: 0.0022, label: 1, bag_size: 6023
batch 499, loss: 0.0002, instance_loss: 0.0000, weighted_loss: 0.0001, label: 1, bag_size: 13571
batch 519, loss: 0.0000, instance_loss: 0.0000, weighted_loss: 0.0000, label: 0, bag_size: 16657
batch 539, loss: 0.0021, instance_loss: 0.0000, weighted_loss: 0.0015, label: 1, bag_size: 4365
batch 559, loss: 0.0000, instance_loss: 0.0000, weighted_loss: 0.0000, label: 0, bag_size: 4256
batch 579, loss: 0.0023, instance_loss: 0.0000, weighted_loss: 0.0016, label: 1, bag_size: 4365
batch 599, loss: 0.0002, instance_loss: 0.0002, weighted_loss: 0.0002, label: 1, bag_size: 5137
batch 619, loss: 0.0000, instance_loss: 0.0000, weighted_loss: 0.0000, label: 0, bag_size: 1236
batch 639, loss: 0.0019, instance_loss: 0.0000, weighted_loss: 0.0013, label: 1, bag_size: 14318
batch 659, loss: 0.0002, instance_loss: 0.0000, weighted_loss: 0.0001, label: 0, bag_size: 4330
batch 679, loss: 0.0000, instance_loss: 0.0000, weighted_loss: 0.0000, label: 0, bag_size: 2926
batch 699, loss: 0.0002, instance_loss: 0.0000, weighted_loss: 0.0001, label: 0, bag_size: 6812
batch 719, loss: 0.0012, instance_loss: 0.0003, weighted_loss: 0.0009, label: 1, bag_size: 18621
batch 739, loss: 0.0003, instance_loss: 0.0002, weighted_loss: 0.0003, label: 1, bag_size: 7733
batch 759, loss: 0.0003, instance_loss: 0.0000, weighted_loss: 0.0002, label: 0, bag_size: 7732
batch 779, loss: 0.0019, instance_loss: 0.0000, weighted_loss: 0.0013, label: 1, bag_size: 14318
batch 799, loss: 0.0000, instance_loss: 0.0000, weighted_loss: 0.0000, label: 0, bag_size: 20347
batch 819, loss: 0.0000, instance_loss: 0.0000, weighted_loss: 0.0000, label: 0, bag_size: 16499
batch 839, loss: 0.0016, instance_loss: 0.0005, weighted_loss: 0.0013, label: 1, bag_size: 2853
batch 859, loss: 0.0004, instance_loss: 0.0000, weighted_loss: 0.0003, label: 1, bag_size: 13646
batch 879, loss: 0.0003, instance_loss: 0.0000, weighted_loss: 0.0002, label: 1, bag_size: 13646


class 0 clustering acc 0.9997171945701357: correct 7070/7072
class 1 clustering acc 1.0: correct 7072/7072
Epoch: 10, train_loss: 0.0282, train_clustering_loss:  0.0015, train_error: 0.0079
class 0: acc 0.991130820399113, correct 447/451
class 1: acc 0.9930715935334873, correct 430/433

Val Set, val_loss: 0.1605, val_error: 0.0155, auc: 0.4258
class 0 clustering acc 1.0: correct 1552/1552
class 1 clustering acc 1.0: correct 1552/1552
class 0: acc 1.0, correct 191/191
class 1: acc 0.0, correct 0/3
EarlyStopping counter: 4 out of 10


batch 19, loss: 0.0000, instance_loss: 0.0000, weighted_loss: 0.0000, label: 0, bag_size: 17829
batch 39, loss: 0.0009, instance_loss: 0.0002, weighted_loss: 0.0007, label: 1, bag_size: 2853
batch 59, loss: 0.0013, instance_loss: 0.0013, weighted_loss: 0.0013, label: 1, bag_size: 6023
batch 79, loss: 0.0001, instance_loss: 0.0000, weighted_loss: 0.0001, label: 1, bag_size: 5137
batch 99, loss: 0.0002, instance_loss: 0.0004, weighted_loss: 0.0003, label: 1, bag_size: 7733
batch 119, loss: 0.0014, instance_loss: 0.0000, weighted_loss: 0.0010, label: 0, bag_size: 1404
batch 139, loss: 0.0002, instance_loss: 0.0000, weighted_loss: 0.0001, label: 1, bag_size: 13571
batch 159, loss: 0.0001, instance_loss: 0.0000, weighted_loss: 0.0001, label: 1, bag_size: 5137
batch 179, loss: 0.0000, instance_loss: 0.0002, weighted_loss: 0.0001, label: 0, bag_size: 21609
batch 199, loss: 0.0000, instance_loss: 0.0000, weighted_loss: 0.0000, label: 0, bag_size: 9990
batch 219, loss: 0.0007, instance_loss: 0.0000, weighted_loss: 0.0005, label: 1, bag_size: 6023
batch 239, loss: 0.0000, instance_loss: 0.0000, weighted_loss: 0.0000, label: 0, bag_size: 8244
batch 259, loss: 0.0007, instance_loss: 0.0003, weighted_loss: 0.0006, label: 1, bag_size: 6023
batch 279, loss: 0.0000, instance_loss: 0.0000, weighted_loss: 0.0000, label: 0, bag_size: 18052
batch 299, loss: 0.0023, instance_loss: 0.0000, weighted_loss: 0.0016, label: 1, bag_size: 4365
batch 319, loss: 0.0000, instance_loss: 0.0000, weighted_loss: 0.0000, label: 0, bag_size: 4760
batch 339, loss: 0.0000, instance_loss: 0.0000, weighted_loss: 0.0000, label: 0, bag_size: 3695
batch 359, loss: 0.0001, instance_loss: 0.0000, weighted_loss: 0.0001, label: 0, bag_size: 6032
batch 379, loss: 0.0000, instance_loss: 0.0026, weighted_loss: 0.0008, label: 0, bag_size: 3630
batch 399, loss: 0.0008, instance_loss: 0.0000, weighted_loss: 0.0005, label: 1, bag_size: 13646
batch 419, loss: 0.0001, instance_loss: 0.0000, weighted_loss: 0.0001, label: 0, bag_size: 5536
batch 439, loss: 0.0000, instance_loss: 0.0017, weighted_loss: 0.0005, label: 0, bag_size: 3409
batch 459, loss: 0.0002, instance_loss: 0.0000, weighted_loss: 0.0001, label: 1, bag_size: 4276
batch 479, loss: 0.0005, instance_loss: 0.0047, weighted_loss: 0.0017, label: 1, bag_size: 1140
batch 499, loss: 0.0000, instance_loss: 0.0002, weighted_loss: 0.0001, label: 0, bag_size: 17547
batch 519, loss: 0.0006, instance_loss: 0.0041, weighted_loss: 0.0017, label: 0, bag_size: 3899
batch 539, loss: 0.0001, instance_loss: 0.0000, weighted_loss: 0.0001, label: 1, bag_size: 13646
batch 559, loss: 0.0001, instance_loss: 0.0000, weighted_loss: 0.0001, label: 1, bag_size: 7733
batch 579, loss: 0.0003, instance_loss: 0.0017, weighted_loss: 0.0007, label: 0, bag_size: 2061
batch 599, loss: 0.0012, instance_loss: 0.0017, weighted_loss: 0.0014, label: 1, bag_size: 14318
batch 619, loss: 0.0001, instance_loss: 0.0005, weighted_loss: 0.0002, label: 1, bag_size: 7733
batch 639, loss: 0.0001, instance_loss: 0.0000, weighted_loss: 0.0001, label: 0, bag_size: 2693
batch 659, loss: 0.0001, instance_loss: 0.0002, weighted_loss: 0.0001, label: 1, bag_size: 2853
batch 679, loss: 0.0000, instance_loss: 0.0005, weighted_loss: 0.0002, label: 1, bag_size: 13571
batch 699, loss: 0.0004, instance_loss: 0.0000, weighted_loss: 0.0003, label: 1, bag_size: 6023
batch 719, loss: 0.0000, instance_loss: 0.0000, weighted_loss: 0.0000, label: 0, bag_size: 14968
batch 739, loss: 0.0001, instance_loss: 0.0000, weighted_loss: 0.0001, label: 1, bag_size: 4365
batch 759, loss: 0.0001, instance_loss: 0.0000, weighted_loss: 0.0001, label: 1, bag_size: 13646
batch 779, loss: 0.0000, instance_loss: 0.0000, weighted_loss: 0.0000, label: 1, bag_size: 13571
batch 799, loss: 0.0000, instance_loss: 0.0000, weighted_loss: 0.0000, label: 1, bag_size: 13571
batch 819, loss: 0.0000, instance_loss: 0.0000, weighted_loss: 0.0000, label: 0, bag_size: 2989
batch 839, loss: 0.0000, instance_loss: 0.0000, weighted_loss: 0.0000, label: 0, bag_size: 10474
batch 859, loss: 0.0000, instance_loss: 0.0005, weighted_loss: 0.0001, label: 0, bag_size: 3409
batch 879, loss: 0.0001, instance_loss: 0.0002, weighted_loss: 0.0001, label: 1, bag_size: 13646


class 0 clustering acc 1.0: correct 7072/7072
class 1 clustering acc 0.9998585972850679: correct 7071/7072
Epoch: 11, train_loss: 0.0009, train_clustering_loss:  0.0011, train_error: 0.0000
class 0: acc 1.0, correct 436/436
class 1: acc 1.0, correct 448/448

Val Set, val_loss: 0.1749, val_error: 0.0155, auc: 0.4450
class 0 clustering acc 1.0: correct 1552/1552
class 1 clustering acc 1.0: correct 1552/1552
class 0: acc 1.0, correct 191/191
class 1: acc 0.0, correct 0/3
EarlyStopping counter: 5 out of 10


batch 19, loss: 0.0000, instance_loss: 0.0000, weighted_loss: 0.0000, label: 0, bag_size: 6678
batch 39, loss: 0.0001, instance_loss: 0.0000, weighted_loss: 0.0001, label: 1, bag_size: 2853
batch 59, loss: 0.0003, instance_loss: 0.0007, weighted_loss: 0.0004, label: 1, bag_size: 1140
batch 79, loss: 0.0001, instance_loss: 0.0002, weighted_loss: 0.0001, label: 1, bag_size: 7733
batch 99, loss: 0.0002, instance_loss: 0.0000, weighted_loss: 0.0001, label: 1, bag_size: 4365
batch 119, loss: 0.0010, instance_loss: 0.0000, weighted_loss: 0.0007, label: 0, bag_size: 18054
batch 139, loss: 0.0003, instance_loss: 0.0018, weighted_loss: 0.0008, label: 0, bag_size: 1621
batch 159, loss: 0.0001, instance_loss: 0.0008, weighted_loss: 0.0003, label: 1, bag_size: 2853
batch 179, loss: 0.0000, instance_loss: 0.0000, weighted_loss: 0.0000, label: 0, bag_size: 12427
batch 199, loss: 0.0001, instance_loss: 0.0000, weighted_loss: 0.0001, label: 0, bag_size: 2553
batch 219, loss: 0.0002, instance_loss: 0.0000, weighted_loss: 0.0001, label: 1, bag_size: 13646
batch 239, loss: 0.0000, instance_loss: 0.0000, weighted_loss: 0.0000, label: 0, bag_size: 17540
batch 259, loss: 0.0000, instance_loss: 0.0000, weighted_loss: 0.0000, label: 0, bag_size: 5809
batch 279, loss: 0.0000, instance_loss: 0.0013, weighted_loss: 0.0004, label: 0, bag_size: 1290
batch 299, loss: 0.0000, instance_loss: 0.0004, weighted_loss: 0.0002, label: 0, bag_size: 2800
batch 319, loss: 0.0001, instance_loss: 0.0000, weighted_loss: 0.0001, label: 1, bag_size: 13571
batch 339, loss: 0.0001, instance_loss: 0.0000, weighted_loss: 0.0001, label: 1, bag_size: 4276
batch 359, loss: 0.0001, instance_loss: 0.0000, weighted_loss: 0.0001, label: 1, bag_size: 5137
batch 379, loss: 0.0002, instance_loss: 0.0002, weighted_loss: 0.0002, label: 1, bag_size: 1140
batch 399, loss: 0.0001, instance_loss: 0.0004, weighted_loss: 0.0002, label: 1, bag_size: 3354
batch 419, loss: 0.0001, instance_loss: 0.0004, weighted_loss: 0.0002, label: 1, bag_size: 7733
batch 439, loss: 0.0000, instance_loss: 0.0000, weighted_loss: 0.0000, label: 0, bag_size: 10180
batch 459, loss: 0.0003, instance_loss: 0.0000, weighted_loss: 0.0002, label: 1, bag_size: 6023
batch 479, loss: 0.0002, instance_loss: 0.0006, weighted_loss: 0.0004, label: 1, bag_size: 1140
batch 499, loss: 0.0001, instance_loss: 0.0000, weighted_loss: 0.0001, label: 1, bag_size: 4276
batch 519, loss: 0.0001, instance_loss: 0.0006, weighted_loss: 0.0003, label: 1, bag_size: 1140
batch 539, loss: 0.0001, instance_loss: 0.0008, weighted_loss: 0.0003, label: 1, bag_size: 1140
batch 559, loss: 0.0003, instance_loss: 0.0000, weighted_loss: 0.0002, label: 1, bag_size: 4365
batch 579, loss: 0.0000, instance_loss: 0.0000, weighted_loss: 0.0000, label: 0, bag_size: 2176
batch 599, loss: 0.0012, instance_loss: 0.0000, weighted_loss: 0.0009, label: 0, bag_size: 5624
batch 619, loss: 0.0002, instance_loss: 0.0000, weighted_loss: 0.0001, label: 1, bag_size: 6023
batch 639, loss: 0.0000, instance_loss: 0.0003, weighted_loss: 0.0001, label: 1, bag_size: 7733
batch 659, loss: 0.0000, instance_loss: 0.0004, weighted_loss: 0.0001, label: 0, bag_size: 1867
batch 679, loss: 0.0000, instance_loss: 0.0000, weighted_loss: 0.0000, label: 0, bag_size: 5549
batch 699, loss: 0.0001, instance_loss: 0.0026, weighted_loss: 0.0008, label: 0, bag_size: 7208
batch 719, loss: 0.0001, instance_loss: 0.0002, weighted_loss: 0.0001, label: 0, bag_size: 2974
batch 739, loss: 0.0000, instance_loss: 0.0000, weighted_loss: 0.0000, label: 1, bag_size: 7733
batch 759, loss: 0.0001, instance_loss: 0.0002, weighted_loss: 0.0001, label: 1, bag_size: 13646
batch 779, loss: 0.0000, instance_loss: 0.0000, weighted_loss: 0.0000, label: 0, bag_size: 11364
batch 799, loss: 0.0001, instance_loss: 0.0003, weighted_loss: 0.0001, label: 0, bag_size: 7208
batch 819, loss: 0.0001, instance_loss: 0.0000, weighted_loss: 0.0001, label: 1, bag_size: 4276
batch 839, loss: 0.0001, instance_loss: 0.0000, weighted_loss: 0.0000, label: 0, bag_size: 3129
batch 859, loss: 0.0000, instance_loss: 0.0000, weighted_loss: 0.0000, label: 0, bag_size: 22061
batch 879, loss: 0.0000, instance_loss: 0.0000, weighted_loss: 0.0000, label: 0, bag_size: 3628


class 0 clustering acc 1.0: correct 7072/7072
class 1 clustering acc 1.0: correct 7072/7072
Epoch: 12, train_loss: 0.0002, train_clustering_loss:  0.0005, train_error: 0.0000
class 0: acc 1.0, correct 462/462
class 1: acc 1.0, correct 422/422

Val Set, val_loss: 0.1823, val_error: 0.0155, auc: 0.4817
class 0 clustering acc 1.0: correct 1552/1552
class 1 clustering acc 1.0: correct 1552/1552
class 0: acc 1.0, correct 191/191
class 1: acc 0.0, correct 0/3
EarlyStopping counter: 6 out of 10


batch 19, loss: 0.0001, instance_loss: 0.0003, weighted_loss: 0.0001, label: 1, bag_size: 4365
batch 39, loss: 0.0002, instance_loss: 0.0000, weighted_loss: 0.0001, label: 1, bag_size: 18621
batch 59, loss: 0.0000, instance_loss: 0.0002, weighted_loss: 0.0001, label: 0, bag_size: 17371
batch 79, loss: 0.0000, instance_loss: 0.0005, weighted_loss: 0.0002, label: 0, bag_size: 79563
batch 99, loss: 0.0001, instance_loss: 0.0003, weighted_loss: 0.0001, label: 1, bag_size: 13646
batch 119, loss: 0.0000, instance_loss: 0.0002, weighted_loss: 0.0001, label: 1, bag_size: 18621
batch 139, loss: 0.0000, instance_loss: 0.0003, weighted_loss: 0.0001, label: 0, bag_size: 4211
batch 159, loss: 0.0000, instance_loss: 0.0000, weighted_loss: 0.0000, label: 1, bag_size: 18621
batch 179, loss: 0.0000, instance_loss: 0.0000, weighted_loss: 0.0000, label: 1, bag_size: 7733
batch 199, loss: 0.0000, instance_loss: 0.0000, weighted_loss: 0.0000, label: 0, bag_size: 13944
batch 219, loss: 0.0000, instance_loss: 0.0011, weighted_loss: 0.0003, label: 0, bag_size: 2524
batch 239, loss: 0.0000, instance_loss: 0.0000, weighted_loss: 0.0000, label: 1, bag_size: 18621
batch 259, loss: 0.0001, instance_loss: 0.0000, weighted_loss: 0.0001, label: 1, bag_size: 4276
batch 279, loss: 0.0001, instance_loss: 0.0000, weighted_loss: 0.0000, label: 1, bag_size: 4365
batch 299, loss: 0.0001, instance_loss: 0.0000, weighted_loss: 0.0000, label: 1, bag_size: 5137
batch 319, loss: 0.0000, instance_loss: 0.0000, weighted_loss: 0.0000, label: 0, bag_size: 19493
batch 339, loss: 0.0000, instance_loss: 0.0053, weighted_loss: 0.0016, label: 0, bag_size: 1383
batch 359, loss: 0.0000, instance_loss: 0.0000, weighted_loss: 0.0000, label: 1, bag_size: 3354
batch 379, loss: 0.0004, instance_loss: 0.0000, weighted_loss: 0.0003, label: 0, bag_size: 6185
batch 399, loss: 0.0000, instance_loss: 0.0000, weighted_loss: 0.0000, label: 1, bag_size: 3354
batch 419, loss: 0.0001, instance_loss: 0.0003, weighted_loss: 0.0002, label: 1, bag_size: 1140
batch 439, loss: 0.0000, instance_loss: 0.0000, weighted_loss: 0.0000, label: 0, bag_size: 10277
batch 459, loss: 0.0000, instance_loss: 0.0000, weighted_loss: 0.0000, label: 0, bag_size: 3818
batch 479, loss: 0.0002, instance_loss: 0.0000, weighted_loss: 0.0002, label: 0, bag_size: 5006
batch 499, loss: 0.0000, instance_loss: 0.0000, weighted_loss: 0.0000, label: 1, bag_size: 2853
batch 519, loss: 0.0000, instance_loss: 0.0000, weighted_loss: 0.0000, label: 1, bag_size: 4276
batch 539, loss: 0.0084, instance_loss: 0.0000, weighted_loss: 0.0059, label: 0, bag_size: 18455
batch 559, loss: 0.0000, instance_loss: 0.0000, weighted_loss: 0.0000, label: 0, bag_size: 2864
batch 579, loss: 0.0000, instance_loss: 0.0000, weighted_loss: 0.0000, label: 1, bag_size: 7733
batch 599, loss: 0.1234, instance_loss: 0.0003, weighted_loss: 0.0865, label: 1, bag_size: 6023
batch 619, loss: 0.0001, instance_loss: 0.0000, weighted_loss: 0.0001, label: 1, bag_size: 5137
batch 639, loss: 0.0103, instance_loss: 0.0000, weighted_loss: 0.0072, label: 0, bag_size: 3899
batch 659, loss: 0.0000, instance_loss: 0.0000, weighted_loss: 0.0000, label: 0, bag_size: 1045
batch 679, loss: 0.0003, instance_loss: 0.0000, weighted_loss: 0.0002, label: 1, bag_size: 4276
batch 699, loss: 0.0001, instance_loss: 0.0000, weighted_loss: 0.0001, label: 1, bag_size: 14318
batch 719, loss: 0.0000, instance_loss: 0.0000, weighted_loss: 0.0000, label: 0, bag_size: 8101
batch 739, loss: 0.0000, instance_loss: 0.0003, weighted_loss: 0.0001, label: 1, bag_size: 7733
batch 759, loss: 0.0000, instance_loss: 0.0005, weighted_loss: 0.0002, label: 1, bag_size: 3354
batch 779, loss: 0.0000, instance_loss: 0.0091, weighted_loss: 0.0027, label: 1, bag_size: 1140
batch 799, loss: 0.0000, instance_loss: 0.0014, weighted_loss: 0.0004, label: 1, bag_size: 1140
batch 819, loss: 0.0001, instance_loss: 0.0000, weighted_loss: 0.0001, label: 1, bag_size: 14318
batch 839, loss: 0.0012, instance_loss: 0.0000, weighted_loss: 0.0008, label: 0, bag_size: 14178
batch 859, loss: 0.0000, instance_loss: 0.0000, weighted_loss: 0.0000, label: 0, bag_size: 4656
batch 879, loss: 0.0000, instance_loss: 0.0000, weighted_loss: 0.0000, label: 1, bag_size: 3354


class 0 clustering acc 1.0: correct 7072/7072
class 1 clustering acc 1.0: correct 7072/7072
Epoch: 13, train_loss: 0.0285, train_clustering_loss:  0.0004, train_error: 0.0034
class 0: acc 0.995260663507109, correct 420/422
class 1: acc 0.9978354978354979, correct 461/462

Val Set, val_loss: 0.1964, val_error: 0.0206, auc: 0.3613
class 0 clustering acc 1.0: correct 1552/1552
class 1 clustering acc 1.0: correct 1552/1552
class 0: acc 0.9947643979057592, correct 190/191
class 1: acc 0.0, correct 0/3
EarlyStopping counter: 7 out of 10


batch 19, loss: 0.0000, instance_loss: 0.0000, weighted_loss: 0.0000, label: 1, bag_size: 4276
batch 39, loss: 0.0005, instance_loss: 0.0000, weighted_loss: 0.0003, label: 1, bag_size: 4365
batch 59, loss: 0.0005, instance_loss: 0.0000, weighted_loss: 0.0003, label: 0, bag_size: 3346
batch 79, loss: 0.0000, instance_loss: 0.0000, weighted_loss: 0.0000, label: 0, bag_size: 3854
batch 99, loss: 0.0009, instance_loss: 0.0003, weighted_loss: 0.0007, label: 1, bag_size: 18621
batch 119, loss: 0.0001, instance_loss: 0.0000, weighted_loss: 0.0001, label: 0, bag_size: 12513
batch 139, loss: 0.0000, instance_loss: 0.0000, weighted_loss: 0.0000, label: 0, bag_size: 5893
batch 159, loss: 0.0003, instance_loss: 0.0127, weighted_loss: 0.0040, label: 1, bag_size: 13646
batch 179, loss: 0.0003, instance_loss: 0.0000, weighted_loss: 0.0002, label: 1, bag_size: 14318
batch 199, loss: 0.0075, instance_loss: 0.0000, weighted_loss: 0.0052, label: 1, bag_size: 14318
batch 219, loss: 0.0000, instance_loss: 0.0000, weighted_loss: 0.0000, label: 1, bag_size: 3354
batch 239, loss: 0.0014, instance_loss: 0.0000, weighted_loss: 0.0010, label: 1, bag_size: 18621
batch 259, loss: 0.0000, instance_loss: 0.0000, weighted_loss: 0.0000, label: 0, bag_size: 3998
batch 279, loss: 0.0000, instance_loss: 0.0038, weighted_loss: 0.0011, label: 0, bag_size: 3230
batch 299, loss: 0.0000, instance_loss: 0.0002, weighted_loss: 0.0001, label: 0, bag_size: 2868
batch 319, loss: 0.0000, instance_loss: 0.0000, weighted_loss: 0.0000, label: 0, bag_size: 4320
batch 339, loss: 0.0000, instance_loss: 0.0000, weighted_loss: 0.0000, label: 1, bag_size: 1140
batch 359, loss: 0.0000, instance_loss: 0.0000, weighted_loss: 0.0000, label: 1, bag_size: 6023
batch 379, loss: 0.0032, instance_loss: 0.0000, weighted_loss: 0.0022, label: 1, bag_size: 14318
batch 399, loss: 0.0000, instance_loss: 0.0000, weighted_loss: 0.0000, label: 1, bag_size: 3354
batch 419, loss: 0.0001, instance_loss: 0.0000, weighted_loss: 0.0000, label: 1, bag_size: 13571
batch 439, loss: 0.0000, instance_loss: 0.0000, weighted_loss: 0.0000, label: 0, bag_size: 1517
batch 459, loss: 0.0000, instance_loss: 0.0000, weighted_loss: 0.0000, label: 0, bag_size: 4211
batch 479, loss: 0.0001, instance_loss: 0.0000, weighted_loss: 0.0000, label: 1, bag_size: 13571
batch 499, loss: 0.0000, instance_loss: 0.0000, weighted_loss: 0.0000, label: 1, bag_size: 2853
batch 519, loss: 0.0007, instance_loss: 0.0004, weighted_loss: 0.0006, label: 1, bag_size: 13646
batch 539, loss: 0.0000, instance_loss: 0.0000, weighted_loss: 0.0000, label: 0, bag_size: 14968
batch 559, loss: 0.0001, instance_loss: 0.0012, weighted_loss: 0.0004, label: 0, bag_size: 1556
batch 579, loss: 0.0000, instance_loss: 0.0000, weighted_loss: 0.0000, label: 1, bag_size: 4276
batch 599, loss: 0.0000, instance_loss: 0.0000, weighted_loss: 0.0000, label: 0, bag_size: 3503
batch 619, loss: 0.0006, instance_loss: 0.0000, weighted_loss: 0.0004, label: 1, bag_size: 18621
batch 639, loss: 0.0000, instance_loss: 0.0000, weighted_loss: 0.0000, label: 0, bag_size: 10417
batch 659, loss: 0.0000, instance_loss: 0.0002, weighted_loss: 0.0001, label: 0, bag_size: 16133
batch 679, loss: 0.0000, instance_loss: 0.0000, weighted_loss: 0.0000, label: 0, bag_size: 12781
batch 699, loss: 0.0000, instance_loss: 0.0000, weighted_loss: 0.0000, label: 0, bag_size: 3129
batch 719, loss: 0.0000, instance_loss: 0.0000, weighted_loss: 0.0000, label: 0, bag_size: 2089
batch 739, loss: 0.0000, instance_loss: 0.0002, weighted_loss: 0.0001, label: 0, bag_size: 14354
batch 759, loss: 0.0000, instance_loss: 0.0000, weighted_loss: 0.0000, label: 1, bag_size: 13571
batch 779, loss: 0.9215, instance_loss: 0.0002, weighted_loss: 0.6451, label: 1, bag_size: 18621
batch 799, loss: 0.0000, instance_loss: 0.0000, weighted_loss: 0.0000, label: 0, bag_size: 3345
batch 819, loss: 0.0000, instance_loss: 0.0000, weighted_loss: 0.0000, label: 0, bag_size: 5599
batch 839, loss: 0.0000, instance_loss: 0.0000, weighted_loss: 0.0000, label: 1, bag_size: 6023
batch 859, loss: 0.0000, instance_loss: 0.0000, weighted_loss: 0.0000, label: 0, bag_size: 11616
batch 879, loss: 0.0000, instance_loss: 0.0006, weighted_loss: 0.0002, label: 0, bag_size: 5922


class 0 clustering acc 1.0: correct 7072/7072
class 1 clustering acc 1.0: correct 7072/7072
Epoch: 14, train_loss: 0.0083, train_clustering_loss:  0.0005, train_error: 0.0057
class 0: acc 0.9930555555555556, correct 429/432
class 1: acc 0.995575221238938, correct 450/452

Val Set, val_loss: 0.1967, val_error: 0.0206, auc: 0.3752
class 0 clustering acc 1.0: correct 1552/1552
class 1 clustering acc 1.0: correct 1552/1552
class 0: acc 0.9947643979057592, correct 190/191
class 1: acc 0.0, correct 0/3
EarlyStopping counter: 8 out of 10


batch 19, loss: 0.0024, instance_loss: 0.0040, weighted_loss: 0.0029, label: 1, bag_size: 1140
batch 39, loss: 0.0000, instance_loss: 0.0000, weighted_loss: 0.0000, label: 1, bag_size: 14318
batch 59, loss: 0.0000, instance_loss: 0.0000, weighted_loss: 0.0000, label: 1, bag_size: 6023
batch 79, loss: 0.0000, instance_loss: 0.0000, weighted_loss: 0.0000, label: 1, bag_size: 7733
batch 99, loss: 0.0005, instance_loss: 0.0000, weighted_loss: 0.0004, label: 0, bag_size: 1863
batch 119, loss: 0.0004, instance_loss: 0.0031, weighted_loss: 0.0012, label: 1, bag_size: 1140
batch 139, loss: 0.0000, instance_loss: 0.0000, weighted_loss: 0.0000, label: 0, bag_size: 4187
batch 159, loss: 0.0000, instance_loss: 0.0000, weighted_loss: 0.0000, label: 0, bag_size: 8542
batch 179, loss: 0.0000, instance_loss: 0.0002, weighted_loss: 0.0001, label: 0, bag_size: 2376
batch 199, loss: 0.0026, instance_loss: 0.0000, weighted_loss: 0.0018, label: 1, bag_size: 4365
batch 219, loss: 0.0000, instance_loss: 0.0002, weighted_loss: 0.0001, label: 1, bag_size: 7733
batch 239, loss: 0.0000, instance_loss: 0.0000, weighted_loss: 0.0000, label: 0, bag_size: 2317
batch 259, loss: 0.0002, instance_loss: 0.0000, weighted_loss: 0.0001, label: 0, bag_size: 2261
batch 279, loss: 0.0000, instance_loss: 0.0000, weighted_loss: 0.0000, label: 1, bag_size: 6023
batch 299, loss: 0.0002, instance_loss: 0.0003, weighted_loss: 0.0002, label: 1, bag_size: 1140
batch 319, loss: 0.0001, instance_loss: 0.0000, weighted_loss: 0.0000, label: 1, bag_size: 5137
batch 339, loss: 0.0000, instance_loss: 0.0000, weighted_loss: 0.0000, label: 0, bag_size: 23729
batch 359, loss: 0.0000, instance_loss: 0.0000, weighted_loss: 0.0000, label: 1, bag_size: 2853
batch 379, loss: 0.0000, instance_loss: 0.0000, weighted_loss: 0.0000, label: 0, bag_size: 3506
batch 399, loss: 0.0000, instance_loss: 0.0000, weighted_loss: 0.0000, label: 1, bag_size: 2853
batch 419, loss: 0.0000, instance_loss: 0.0002, weighted_loss: 0.0001, label: 0, bag_size: 4096
batch 439, loss: 0.0000, instance_loss: 0.0000, weighted_loss: 0.0000, label: 0, bag_size: 6485
batch 459, loss: 0.0000, instance_loss: 0.0000, weighted_loss: 0.0000, label: 0, bag_size: 10199
batch 479, loss: 0.0000, instance_loss: 0.0000, weighted_loss: 0.0000, label: 0, bag_size: 20475
batch 499, loss: 0.0000, instance_loss: 0.0000, weighted_loss: 0.0000, label: 0, bag_size: 6239
batch 519, loss: 0.0000, instance_loss: 0.0000, weighted_loss: 0.0000, label: 1, bag_size: 7733
batch 539, loss: 0.0000, instance_loss: 0.0000, weighted_loss: 0.0000, label: 1, bag_size: 4276
batch 559, loss: 0.0000, instance_loss: 0.0000, weighted_loss: 0.0000, label: 1, bag_size: 4276
batch 579, loss: 0.0002, instance_loss: 0.0000, weighted_loss: 0.0002, label: 0, bag_size: 1732
batch 599, loss: 0.0000, instance_loss: 0.0013, weighted_loss: 0.0004, label: 0, bag_size: 4919
batch 619, loss: 0.0000, instance_loss: 0.0000, weighted_loss: 0.0000, label: 0, bag_size: 5238
batch 639, loss: 0.0003, instance_loss: 0.0000, weighted_loss: 0.0002, label: 1, bag_size: 4365
batch 659, loss: 0.0000, instance_loss: 0.0000, weighted_loss: 0.0000, label: 0, bag_size: 6415
batch 679, loss: 0.0000, instance_loss: 0.0000, weighted_loss: 0.0000, label: 0, bag_size: 10658
batch 699, loss: 0.0000, instance_loss: 0.0000, weighted_loss: 0.0000, label: 0, bag_size: 17332
batch 719, loss: 0.0003, instance_loss: 0.0000, weighted_loss: 0.0002, label: 1, bag_size: 13571
batch 739, loss: 0.0000, instance_loss: 0.0000, weighted_loss: 0.0000, label: 0, bag_size: 2406
batch 759, loss: 0.0000, instance_loss: 0.0000, weighted_loss: 0.0000, label: 0, bag_size: 5995
batch 779, loss: 0.0000, instance_loss: 0.0000, weighted_loss: 0.0000, label: 1, bag_size: 1140
batch 799, loss: 0.0000, instance_loss: 0.0000, weighted_loss: 0.0000, label: 0, bag_size: 13872
batch 819, loss: 0.0000, instance_loss: 0.0000, weighted_loss: 0.0000, label: 0, bag_size: 1994
batch 839, loss: 0.0000, instance_loss: 0.0000, weighted_loss: 0.0000, label: 1, bag_size: 5137
batch 859, loss: 0.0000, instance_loss: 0.0000, weighted_loss: 0.0000, label: 1, bag_size: 6023
batch 879, loss: 0.0001, instance_loss: 0.0000, weighted_loss: 0.0001, label: 0, bag_size: 2635


class 0 clustering acc 1.0: correct 7072/7072
class 1 clustering acc 1.0: correct 7072/7072
Epoch: 15, train_loss: 0.0007, train_clustering_loss:  0.0001, train_error: 0.0000
class 0: acc 1.0, correct 447/447
class 1: acc 1.0, correct 437/437

Val Set, val_loss: 0.2040, val_error: 0.0206, auc: 0.4066
class 0 clustering acc 1.0: correct 1552/1552
class 1 clustering acc 1.0: correct 1552/1552
class 0: acc 0.9947643979057592, correct 190/191
class 1: acc 0.0, correct 0/3
EarlyStopping counter: 9 out of 10


batch 19, loss: 0.0000, instance_loss: 0.0000, weighted_loss: 0.0000, label: 0, bag_size: 4656
batch 39, loss: 0.0000, instance_loss: 0.0000, weighted_loss: 0.0000, label: 1, bag_size: 7733
batch 59, loss: 0.0000, instance_loss: 0.0000, weighted_loss: 0.0000, label: 1, bag_size: 7733
batch 79, loss: 0.0000, instance_loss: 0.0000, weighted_loss: 0.0000, label: 0, bag_size: 13770
batch 99, loss: 0.0000, instance_loss: 0.0002, weighted_loss: 0.0001, label: 1, bag_size: 2853
batch 119, loss: 0.0000, instance_loss: 0.0000, weighted_loss: 0.0000, label: 0, bag_size: 16673
batch 139, loss: 0.0000, instance_loss: 0.0006, weighted_loss: 0.0002, label: 1, bag_size: 1140
batch 159, loss: 0.0000, instance_loss: 0.0003, weighted_loss: 0.0001, label: 1, bag_size: 2853
batch 179, loss: 0.0000, instance_loss: 0.0000, weighted_loss: 0.0000, label: 1, bag_size: 3354
batch 199, loss: 0.0002, instance_loss: 0.0000, weighted_loss: 0.0002, label: 1, bag_size: 13571
batch 219, loss: 0.0000, instance_loss: 0.0000, weighted_loss: 0.0000, label: 0, bag_size: 8271
batch 239, loss: 0.0000, instance_loss: 0.0000, weighted_loss: 0.0000, label: 0, bag_size: 26941
batch 259, loss: 0.0000, instance_loss: 0.0000, weighted_loss: 0.0000, label: 0, bag_size: 3506
batch 279, loss: 0.0006, instance_loss: 0.0000, weighted_loss: 0.0004, label: 1, bag_size: 13571
batch 299, loss: 0.0000, instance_loss: 0.0024, weighted_loss: 0.0007, label: 0, bag_size: 1207
batch 319, loss: 0.0000, instance_loss: 0.0000, weighted_loss: 0.0000, label: 1, bag_size: 2853
batch 339, loss: 0.0013, instance_loss: 0.0000, weighted_loss: 0.0009, label: 1, bag_size: 4365
batch 359, loss: 0.0006, instance_loss: 0.0000, weighted_loss: 0.0004, label: 1, bag_size: 18621
batch 379, loss: 0.0010, instance_loss: 0.0000, weighted_loss: 0.0007, label: 1, bag_size: 13571
batch 399, loss: 0.0001, instance_loss: 0.0000, weighted_loss: 0.0000, label: 1, bag_size: 14318
batch 419, loss: 0.0000, instance_loss: 0.0000, weighted_loss: 0.0000, label: 0, bag_size: 2894
batch 439, loss: 0.0000, instance_loss: 0.0000, weighted_loss: 0.0000, label: 0, bag_size: 10923
batch 459, loss: 0.0000, instance_loss: 0.0000, weighted_loss: 0.0000, label: 0, bag_size: 1865
batch 479, loss: 0.0001, instance_loss: 0.0000, weighted_loss: 0.0001, label: 1, bag_size: 14318
batch 499, loss: 0.0003, instance_loss: 0.0000, weighted_loss: 0.0002, label: 1, bag_size: 4365
batch 519, loss: 0.0000, instance_loss: 0.0000, weighted_loss: 0.0000, label: 0, bag_size: 3975
batch 539, loss: 0.0002, instance_loss: 0.0000, weighted_loss: 0.0001, label: 1, bag_size: 18621
batch 559, loss: 0.0006, instance_loss: 0.0000, weighted_loss: 0.0004, label: 1, bag_size: 13646
batch 579, loss: 0.0000, instance_loss: 0.0000, weighted_loss: 0.0000, label: 0, bag_size: 6485
batch 599, loss: 0.0000, instance_loss: 0.0000, weighted_loss: 0.0000, label: 1, bag_size: 3354
batch 619, loss: 0.0014, instance_loss: 0.0000, weighted_loss: 0.0010, label: 0, bag_size: 2999
batch 639, loss: 0.0000, instance_loss: 0.0000, weighted_loss: 0.0000, label: 0, bag_size: 2375
batch 659, loss: 0.0000, instance_loss: 0.0000, weighted_loss: 0.0000, label: 0, bag_size: 19493
batch 679, loss: 0.0000, instance_loss: 0.0000, weighted_loss: 0.0000, label: 1, bag_size: 6023
batch 699, loss: 0.0003, instance_loss: 0.0000, weighted_loss: 0.0002, label: 1, bag_size: 13646
batch 719, loss: 0.0000, instance_loss: 0.0000, weighted_loss: 0.0000, label: 0, bag_size: 1238
batch 739, loss: 0.0000, instance_loss: 0.0000, weighted_loss: 0.0000, label: 1, bag_size: 4276
batch 759, loss: 0.0000, instance_loss: 0.0000, weighted_loss: 0.0000, label: 0, bag_size: 11364
batch 779, loss: 0.0000, instance_loss: 0.0000, weighted_loss: 0.0000, label: 0, bag_size: 5661
batch 799, loss: 0.0000, instance_loss: 0.0000, weighted_loss: 0.0000, label: 1, bag_size: 6023
batch 819, loss: 0.0000, instance_loss: 0.0000, weighted_loss: 0.0000, label: 1, bag_size: 4276
batch 839, loss: 0.0000, instance_loss: 0.0000, weighted_loss: 0.0000, label: 0, bag_size: 6548
batch 859, loss: 0.0003, instance_loss: 0.0000, weighted_loss: 0.0002, label: 0, bag_size: 1801
batch 879, loss: 0.0002, instance_loss: 0.0000, weighted_loss: 0.0002, label: 1, bag_size: 13646


class 0 clustering acc 1.0: correct 7072/7072
class 1 clustering acc 1.0: correct 7072/7072
Epoch: 16, train_loss: 0.0002, train_clustering_loss:  0.0001, train_error: 0.0000
class 0: acc 1.0, correct 427/427
class 1: acc 1.0, correct 457/457

Val Set, val_loss: 0.2079, val_error: 0.0155, auc: 0.4415
class 0 clustering acc 1.0: correct 1552/1552
class 1 clustering acc 1.0: correct 1552/1552
class 0: acc 1.0, correct 191/191
class 1: acc 0.0, correct 0/3
EarlyStopping counter: 10 out of 10
Early stopping
Val error: 0.0206, ROC AUC: 0.7417
CV validation error: 0.0206, ROC AUC: 0.7417
class 0: acc 0.9947643979057592, correct 190/191
class 1: acc 0.0, correct 0/3
Future event metrics: {"fold": 1, "events": 95, "positive_events": 2, "event_average_precision": 0.03888888888888889, "event_roc_auc": 0.6129032258064515, "event_brier": 0.023074446795462628, "aggregation": "mean probability across all included stains/slides of same patient/anchor date", "exploratory_cv_not_independent_final_test": true}

Training Fold 2!

Init train/val/test splits... 
Done!
Training on 861 samples
Validating on 217 samples
Testing on 0 samples

Init loss function... Done!

Init Model... Setting tau to 1.0
Done!
CLAM_SB(
  (attention_net): Sequential(
    (0): Linear(in_features=1536, out_features=512, bias=True)
    (1): ReLU()
    (2): Dropout(p=0.25, inplace=False)
    (3): Attn_Net_Gated(
      (attention_a): Sequential(
        (0): Linear(in_features=512, out_features=256, bias=True)
        (1): Tanh()
        (2): Dropout(p=0.25, inplace=False)
      )
      (attention_b): Sequential(
        (0): Linear(in_features=512, out_features=256, bias=True)
        (1): Sigmoid()
        (2): Dropout(p=0.25, inplace=False)
      )
      (attention_c): Linear(in_features=256, out_features=1, bias=True)
    )
  )
  (classifiers): Linear(in_features=512, out_features=2, bias=True)
  (instance_classifiers): ModuleList(
    (0-1): 2 x Linear(in_features=512, out_features=2, bias=True)
  )
  (instance_loss_fn): SmoothTop1SVM()
)
Total number of parameters: 1052935
Total number of trainable parameters: 1052935

Init optimizer ... Done!

Init Loaders... Done!

Setup EarlyStopping... Done!


batch 19, loss: 0.8012, instance_loss: 0.0512, weighted_loss: 0.5762, label: 0, bag_size: 7722
batch 39, loss: 0.4728, instance_loss: 0.0090, weighted_loss: 0.3337, label: 1, bag_size: 7879
batch 59, loss: 0.1700, instance_loss: 0.0232, weighted_loss: 0.1259, label: 0, bag_size: 1045
batch 79, loss: 0.4440, instance_loss: 0.3949, weighted_loss: 0.4293, label: 1, bag_size: 13646
batch 99, loss: 0.2148, instance_loss: 0.0662, weighted_loss: 0.1702, label: 1, bag_size: 1140
batch 119, loss: 0.2350, instance_loss: 0.0012, weighted_loss: 0.1649, label: 0, bag_size: 5542
batch 139, loss: 0.7928, instance_loss: 0.0321, weighted_loss: 0.5646, label: 0, bag_size: 17843
batch 159, loss: 0.2826, instance_loss: 0.0000, weighted_loss: 0.1978, label: 1, bag_size: 5082
batch 179, loss: 1.0090, instance_loss: 0.0012, weighted_loss: 0.7067, label: 0, bag_size: 5098
batch 199, loss: 0.5098, instance_loss: 0.0196, weighted_loss: 0.3627, label: 1, bag_size: 13571
batch 219, loss: 0.5644, instance_loss: 0.0030, weighted_loss: 0.3960, label: 1, bag_size: 2853
batch 239, loss: 0.5425, instance_loss: 0.0122, weighted_loss: 0.3834, label: 0, bag_size: 2770
batch 259, loss: 0.8422, instance_loss: 0.0956, weighted_loss: 0.6182, label: 1, bag_size: 1140
batch 279, loss: 0.7983, instance_loss: 0.0067, weighted_loss: 0.5608, label: 1, bag_size: 9833
batch 299, loss: 0.3195, instance_loss: 0.0372, weighted_loss: 0.2348, label: 1, bag_size: 3354
batch 319, loss: 0.6796, instance_loss: 0.0036, weighted_loss: 0.4768, label: 0, bag_size: 5699
batch 339, loss: 0.2848, instance_loss: 0.0018, weighted_loss: 0.1999, label: 0, bag_size: 17359
batch 359, loss: 1.6688, instance_loss: 0.0166, weighted_loss: 1.1731, label: 0, bag_size: 3411
batch 379, loss: 0.4570, instance_loss: 0.0046, weighted_loss: 0.3213, label: 1, bag_size: 7879
batch 399, loss: 0.3062, instance_loss: 0.0470, weighted_loss: 0.2284, label: 1, bag_size: 5137
batch 419, loss: 0.3355, instance_loss: 0.0325, weighted_loss: 0.2446, label: 1, bag_size: 7879
batch 439, loss: 0.0516, instance_loss: 0.0154, weighted_loss: 0.0407, label: 0, bag_size: 15090
batch 459, loss: 0.6381, instance_loss: 0.0218, weighted_loss: 0.4532, label: 1, bag_size: 9833
batch 479, loss: 0.0901, instance_loss: 0.0053, weighted_loss: 0.0646, label: 0, bag_size: 3166
batch 499, loss: 1.6066, instance_loss: 0.0062, weighted_loss: 1.1265, label: 1, bag_size: 6023
batch 519, loss: 0.0893, instance_loss: 0.0100, weighted_loss: 0.0655, label: 1, bag_size: 6023
batch 539, loss: 0.0027, instance_loss: 0.0040, weighted_loss: 0.0031, label: 0, bag_size: 2595
batch 559, loss: 0.0357, instance_loss: 0.0213, weighted_loss: 0.0314, label: 1, bag_size: 5082
batch 579, loss: 0.0639, instance_loss: 0.0081, weighted_loss: 0.0472, label: 0, bag_size: 10902
batch 599, loss: 0.0208, instance_loss: 0.0095, weighted_loss: 0.0174, label: 1, bag_size: 9833
batch 619, loss: 0.5147, instance_loss: 0.0204, weighted_loss: 0.3665, label: 1, bag_size: 6023
batch 639, loss: 0.0187, instance_loss: 0.0019, weighted_loss: 0.0137, label: 0, bag_size: 2586
batch 659, loss: 0.3118, instance_loss: 0.0078, weighted_loss: 0.2206, label: 0, bag_size: 2436
batch 679, loss: 0.1327, instance_loss: 0.0047, weighted_loss: 0.0943, label: 1, bag_size: 13646
batch 699, loss: 0.0707, instance_loss: 0.0011, weighted_loss: 0.0498, label: 0, bag_size: 9214
batch 719, loss: 0.1382, instance_loss: 0.0054, weighted_loss: 0.0984, label: 1, bag_size: 5137
batch 739, loss: 0.0004, instance_loss: 0.0000, weighted_loss: 0.0003, label: 0, bag_size: 6415
batch 759, loss: 0.0186, instance_loss: 0.0057, weighted_loss: 0.0147, label: 1, bag_size: 3354
batch 779, loss: 0.0026, instance_loss: 0.0054, weighted_loss: 0.0034, label: 0, bag_size: 1179
batch 799, loss: 0.0409, instance_loss: 0.0106, weighted_loss: 0.0318, label: 1, bag_size: 9833
batch 819, loss: 0.0440, instance_loss: 0.0188, weighted_loss: 0.0364, label: 1, bag_size: 4276
batch 839, loss: 1.9062, instance_loss: 0.0038, weighted_loss: 1.3355, label: 0, bag_size: 2261
batch 859, loss: 0.1970, instance_loss: 0.0210, weighted_loss: 0.1442, label: 0, bag_size: 1821


class 0 clustering acc 0.9864982578397212: correct 6795/6888
class 1 clustering acc 0.993321718931475: correct 6842/6888
Epoch: 0, train_loss: 0.4024, train_clustering_loss:  0.0840, train_error: 0.2009
class 0: acc 0.7792494481236203, correct 353/453
class 1: acc 0.821078431372549, correct 335/408

Val Set, val_loss: 0.2049, val_error: 0.0783, auc: 0.5140
class 0 clustering acc 0.994815668202765: correct 1727/1736
class 1 clustering acc 1.0: correct 1736/1736
class 0: acc 0.9345794392523364, correct 200/214
class 1: acc 0.0, correct 0/3
Validation loss decreased (inf --> 0.204861).  Saving model ...


batch 19, loss: 0.5398, instance_loss: 0.0133, weighted_loss: 0.3819, label: 0, bag_size: 3550
batch 39, loss: 0.0045, instance_loss: 0.0004, weighted_loss: 0.0032, label: 0, bag_size: 7215
batch 59, loss: 0.2260, instance_loss: 0.0296, weighted_loss: 0.1671, label: 0, bag_size: 3876
batch 79, loss: 0.0319, instance_loss: 0.0025, weighted_loss: 0.0230, label: 1, bag_size: 18621
batch 99, loss: 0.0811, instance_loss: 0.0036, weighted_loss: 0.0579, label: 1, bag_size: 9833
batch 119, loss: 0.0046, instance_loss: 0.0000, weighted_loss: 0.0032, label: 0, bag_size: 7215
batch 139, loss: 0.0077, instance_loss: 0.0144, weighted_loss: 0.0097, label: 0, bag_size: 2718
batch 159, loss: 0.0294, instance_loss: 0.0119, weighted_loss: 0.0242, label: 1, bag_size: 7879
batch 179, loss: 0.0007, instance_loss: 0.0000, weighted_loss: 0.0005, label: 0, bag_size: 4062
batch 199, loss: 0.0218, instance_loss: 0.0024, weighted_loss: 0.0160, label: 1, bag_size: 18621
batch 219, loss: 0.0341, instance_loss: 0.0160, weighted_loss: 0.0287, label: 1, bag_size: 5082
batch 239, loss: 0.0002, instance_loss: 0.0000, weighted_loss: 0.0001, label: 0, bag_size: 6638
batch 259, loss: 0.3858, instance_loss: 0.0037, weighted_loss: 0.2711, label: 0, bag_size: 3115
batch 279, loss: 0.0142, instance_loss: 0.0004, weighted_loss: 0.0100, label: 1, bag_size: 5137
batch 299, loss: 0.1036, instance_loss: 0.0158, weighted_loss: 0.0773, label: 0, bag_size: 3360
batch 319, loss: 0.0021, instance_loss: 0.0009, weighted_loss: 0.0017, label: 1, bag_size: 13646
batch 339, loss: 1.3428, instance_loss: 0.0043, weighted_loss: 0.9413, label: 0, bag_size: 1383
batch 359, loss: 0.0002, instance_loss: 0.0000, weighted_loss: 0.0001, label: 0, bag_size: 19539
batch 379, loss: 1.4524, instance_loss: 0.0075, weighted_loss: 1.0189, label: 0, bag_size: 4906
batch 399, loss: 0.0006, instance_loss: 0.0000, weighted_loss: 0.0005, label: 0, bag_size: 10840
batch 419, loss: 0.0755, instance_loss: 0.0101, weighted_loss: 0.0559, label: 1, bag_size: 3354
batch 439, loss: 0.0004, instance_loss: 0.0093, weighted_loss: 0.0030, label: 0, bag_size: 3382
batch 459, loss: 0.0868, instance_loss: 0.0000, weighted_loss: 0.0607, label: 0, bag_size: 24048
batch 479, loss: 0.0199, instance_loss: 0.0049, weighted_loss: 0.0154, label: 0, bag_size: 3505
batch 499, loss: 0.0007, instance_loss: 0.0003, weighted_loss: 0.0006, label: 0, bag_size: 17805
batch 519, loss: 0.0002, instance_loss: 0.0000, weighted_loss: 0.0001, label: 0, bag_size: 4808
batch 539, loss: 0.0018, instance_loss: 0.0005, weighted_loss: 0.0014, label: 0, bag_size: 9388
batch 559, loss: 0.2725, instance_loss: 0.0000, weighted_loss: 0.1907, label: 1, bag_size: 13646
batch 579, loss: 0.0000, instance_loss: 0.0000, weighted_loss: 0.0000, label: 0, bag_size: 6398
batch 599, loss: 0.1312, instance_loss: 0.0012, weighted_loss: 0.0922, label: 0, bag_size: 4604
batch 619, loss: 0.0001, instance_loss: 0.0000, weighted_loss: 0.0001, label: 0, bag_size: 8458
batch 639, loss: 0.0118, instance_loss: 0.0003, weighted_loss: 0.0083, label: 0, bag_size: 1451
batch 659, loss: 0.0065, instance_loss: 0.0005, weighted_loss: 0.0047, label: 1, bag_size: 13646
batch 679, loss: 0.0007, instance_loss: 0.0035, weighted_loss: 0.0015, label: 1, bag_size: 7879
batch 699, loss: 0.0007, instance_loss: 0.0019, weighted_loss: 0.0010, label: 1, bag_size: 7879
batch 719, loss: 0.0043, instance_loss: 0.0069, weighted_loss: 0.0050, label: 1, bag_size: 3354
batch 739, loss: 0.0016, instance_loss: 0.0008, weighted_loss: 0.0013, label: 0, bag_size: 3409
batch 759, loss: 0.0001, instance_loss: 0.0000, weighted_loss: 0.0001, label: 0, bag_size: 7086
batch 779, loss: 0.0058, instance_loss: 0.0021, weighted_loss: 0.0047, label: 1, bag_size: 6023
batch 799, loss: 0.0031, instance_loss: 0.0005, weighted_loss: 0.0023, label: 0, bag_size: 9370
batch 819, loss: 0.0118, instance_loss: 0.0048, weighted_loss: 0.0097, label: 1, bag_size: 1140
batch 839, loss: 0.0075, instance_loss: 0.0038, weighted_loss: 0.0064, label: 1, bag_size: 18621
batch 859, loss: 0.0000, instance_loss: 0.0008, weighted_loss: 0.0003, label: 0, bag_size: 56958


class 0 clustering acc 0.9994192799070848: correct 6884/6888
class 1 clustering acc 1.0: correct 6888/6888
Epoch: 1, train_loss: 0.0773, train_clustering_loss:  0.0043, train_error: 0.0279
class 0: acc 0.962882096069869, correct 441/458
class 1: acc 0.9826302729528535, correct 396/403

Val Set, val_loss: 0.1160, val_error: 0.0230, auc: 0.5187
class 0 clustering acc 0.994815668202765: correct 1727/1736
class 1 clustering acc 1.0: correct 1736/1736
class 0: acc 0.9906542056074766, correct 212/214
class 1: acc 0.0, correct 0/3
Validation loss decreased (0.204861 --> 0.115959).  Saving model ...


batch 19, loss: 0.0111, instance_loss: 0.0390, weighted_loss: 0.0194, label: 0, bag_size: 2692
batch 39, loss: 0.0006, instance_loss: 0.0000, weighted_loss: 0.0005, label: 0, bag_size: 16768
batch 59, loss: 0.0013, instance_loss: 0.0151, weighted_loss: 0.0055, label: 0, bag_size: 4804
batch 79, loss: 0.0174, instance_loss: 0.0000, weighted_loss: 0.0122, label: 1, bag_size: 18621
batch 99, loss: 0.0017, instance_loss: 0.0014, weighted_loss: 0.0016, label: 0, bag_size: 1404
batch 119, loss: 0.3760, instance_loss: 0.0106, weighted_loss: 0.2664, label: 0, bag_size: 5487
batch 139, loss: 0.0450, instance_loss: 0.0175, weighted_loss: 0.0367, label: 1, bag_size: 2853
batch 159, loss: 0.0074, instance_loss: 0.0052, weighted_loss: 0.0068, label: 1, bag_size: 1140
batch 179, loss: 0.0039, instance_loss: 0.0069, weighted_loss: 0.0048, label: 0, bag_size: 4292
batch 199, loss: 0.0003, instance_loss: 0.0000, weighted_loss: 0.0002, label: 0, bag_size: 8989
batch 219, loss: 0.0001, instance_loss: 0.0000, weighted_loss: 0.0001, label: 0, bag_size: 4516
batch 239, loss: 0.0009, instance_loss: 0.0000, weighted_loss: 0.0007, label: 1, bag_size: 13646
batch 259, loss: 0.0006, instance_loss: 0.0015, weighted_loss: 0.0009, label: 0, bag_size: 3298
batch 279, loss: 0.0389, instance_loss: 0.0054, weighted_loss: 0.0288, label: 1, bag_size: 4276
batch 299, loss: 0.0002, instance_loss: 0.0000, weighted_loss: 0.0001, label: 0, bag_size: 7086
batch 319, loss: 0.0034, instance_loss: 0.0000, weighted_loss: 0.0024, label: 1, bag_size: 5137
batch 339, loss: 0.0297, instance_loss: 0.0000, weighted_loss: 0.0208, label: 1, bag_size: 18621
batch 359, loss: 0.0113, instance_loss: 0.0075, weighted_loss: 0.0101, label: 1, bag_size: 5082
batch 379, loss: 0.0001, instance_loss: 0.0000, weighted_loss: 0.0000, label: 0, bag_size: 3383
batch 399, loss: 0.0245, instance_loss: 0.0002, weighted_loss: 0.0172, label: 0, bag_size: 10172
batch 419, loss: 0.0249, instance_loss: 0.0058, weighted_loss: 0.0191, label: 1, bag_size: 4276
batch 439, loss: 0.0008, instance_loss: 0.0015, weighted_loss: 0.0010, label: 0, bag_size: 8115
batch 459, loss: 0.0020, instance_loss: 0.0004, weighted_loss: 0.0015, label: 1, bag_size: 1140
batch 479, loss: 0.0039, instance_loss: 0.0041, weighted_loss: 0.0040, label: 0, bag_size: 2095
batch 499, loss: 0.0003, instance_loss: 0.0000, weighted_loss: 0.0002, label: 0, bag_size: 8616
batch 519, loss: 1.2183, instance_loss: 0.0012, weighted_loss: 0.8532, label: 1, bag_size: 5082
batch 539, loss: 0.0003, instance_loss: 0.0035, weighted_loss: 0.0012, label: 0, bag_size: 14213
batch 559, loss: 0.3042, instance_loss: 0.0034, weighted_loss: 0.2140, label: 1, bag_size: 6023
batch 579, loss: 0.0456, instance_loss: 0.0002, weighted_loss: 0.0320, label: 1, bag_size: 3354
batch 599, loss: 0.0472, instance_loss: 0.0068, weighted_loss: 0.0351, label: 1, bag_size: 6023
batch 619, loss: 0.0118, instance_loss: 0.0000, weighted_loss: 0.0083, label: 1, bag_size: 13646
batch 639, loss: 0.2208, instance_loss: 0.0098, weighted_loss: 0.1575, label: 1, bag_size: 5082
batch 659, loss: 0.0001, instance_loss: 0.0000, weighted_loss: 0.0001, label: 0, bag_size: 3946
batch 679, loss: 0.0148, instance_loss: 0.0047, weighted_loss: 0.0117, label: 1, bag_size: 1140
batch 699, loss: 0.0007, instance_loss: 0.0000, weighted_loss: 0.0005, label: 0, bag_size: 19946
batch 719, loss: 0.0006, instance_loss: 0.0007, weighted_loss: 0.0006, label: 0, bag_size: 4866
batch 739, loss: 0.0044, instance_loss: 0.0000, weighted_loss: 0.0031, label: 1, bag_size: 13646
batch 759, loss: 0.0023, instance_loss: 0.0002, weighted_loss: 0.0017, label: 1, bag_size: 5137
batch 779, loss: 0.0041, instance_loss: 0.0027, weighted_loss: 0.0037, label: 1, bag_size: 6023
batch 799, loss: 0.0000, instance_loss: 0.0000, weighted_loss: 0.0000, label: 0, bag_size: 2009
batch 819, loss: 0.0024, instance_loss: 0.0005, weighted_loss: 0.0019, label: 1, bag_size: 4276
batch 839, loss: 0.0069, instance_loss: 0.0000, weighted_loss: 0.0048, label: 1, bag_size: 3354
batch 859, loss: 0.0043, instance_loss: 0.0000, weighted_loss: 0.0030, label: 0, bag_size: 15634


class 0 clustering acc 1.0: correct 6888/6888
class 1 clustering acc 1.0: correct 6888/6888
Epoch: 2, train_loss: 0.0861, train_clustering_loss:  0.0043, train_error: 0.0267
class 0: acc 0.965675057208238, correct 422/437
class 1: acc 0.9811320754716981, correct 416/424

Val Set, val_loss: 0.1327, val_error: 0.0415, auc: 0.5452
class 0 clustering acc 0.9953917050691244: correct 1728/1736
class 1 clustering acc 1.0: correct 1736/1736
class 0: acc 0.9719626168224299, correct 208/214
class 1: acc 0.0, correct 0/3
EarlyStopping counter: 1 out of 10


batch 19, loss: 0.0001, instance_loss: 0.0124, weighted_loss: 0.0038, label: 0, bag_size: 1677
batch 39, loss: 0.0028, instance_loss: 0.0000, weighted_loss: 0.0019, label: 0, bag_size: 14901
batch 59, loss: 0.0014, instance_loss: 0.0063, weighted_loss: 0.0029, label: 1, bag_size: 5082
batch 79, loss: 3.2223, instance_loss: 0.0330, weighted_loss: 2.2655, label: 0, bag_size: 3468
batch 99, loss: 0.0594, instance_loss: 0.0319, weighted_loss: 0.0512, label: 1, bag_size: 5082
batch 119, loss: 0.0007, instance_loss: 0.0000, weighted_loss: 0.0005, label: 0, bag_size: 4823
batch 139, loss: 0.0015, instance_loss: 0.0000, weighted_loss: 0.0010, label: 1, bag_size: 5137
batch 159, loss: 0.0022, instance_loss: 0.0000, weighted_loss: 0.0016, label: 1, bag_size: 13646
batch 179, loss: 0.0058, instance_loss: 0.0020, weighted_loss: 0.0047, label: 1, bag_size: 7879
batch 199, loss: 0.0057, instance_loss: 0.0117, weighted_loss: 0.0075, label: 1, bag_size: 2853
batch 219, loss: 0.0056, instance_loss: 0.0048, weighted_loss: 0.0054, label: 1, bag_size: 2853
batch 239, loss: 0.0046, instance_loss: 0.0010, weighted_loss: 0.0035, label: 1, bag_size: 7879
batch 259, loss: 0.0021, instance_loss: 0.0044, weighted_loss: 0.0028, label: 1, bag_size: 2853
batch 279, loss: 0.0021, instance_loss: 0.0002, weighted_loss: 0.0016, label: 0, bag_size: 4217
batch 299, loss: 0.0002, instance_loss: 0.0000, weighted_loss: 0.0002, label: 0, bag_size: 2317
batch 319, loss: 0.0170, instance_loss: 0.0016, weighted_loss: 0.0124, label: 1, bag_size: 6023
batch 339, loss: 0.0885, instance_loss: 0.0029, weighted_loss: 0.0628, label: 0, bag_size: 4012
batch 359, loss: 0.0013, instance_loss: 0.0095, weighted_loss: 0.0037, label: 1, bag_size: 5082
batch 379, loss: 0.2323, instance_loss: 0.0071, weighted_loss: 0.1648, label: 0, bag_size: 2226
batch 399, loss: 0.0001, instance_loss: 0.0000, weighted_loss: 0.0001, label: 0, bag_size: 2674
batch 419, loss: 0.0002, instance_loss: 0.0192, weighted_loss: 0.0059, label: 0, bag_size: 17371
batch 439, loss: 0.0178, instance_loss: 0.0006, weighted_loss: 0.0126, label: 1, bag_size: 18621
batch 459, loss: 0.0000, instance_loss: 0.0000, weighted_loss: 0.0000, label: 0, bag_size: 22061
batch 479, loss: 0.0015, instance_loss: 0.0000, weighted_loss: 0.0011, label: 1, bag_size: 13646
batch 499, loss: 0.0012, instance_loss: 0.0000, weighted_loss: 0.0009, label: 1, bag_size: 13646
batch 519, loss: 0.0027, instance_loss: 0.0000, weighted_loss: 0.0019, label: 1, bag_size: 18621
batch 539, loss: 0.0015, instance_loss: 0.0045, weighted_loss: 0.0024, label: 1, bag_size: 9833
batch 559, loss: 0.0002, instance_loss: 0.0055, weighted_loss: 0.0018, label: 0, bag_size: 12447
batch 579, loss: 0.0011, instance_loss: 0.0019, weighted_loss: 0.0013, label: 1, bag_size: 9833
batch 599, loss: 0.0008, instance_loss: 0.0022, weighted_loss: 0.0012, label: 1, bag_size: 2853
batch 619, loss: 0.0002, instance_loss: 0.0000, weighted_loss: 0.0001, label: 0, bag_size: 13621
batch 639, loss: 0.0012, instance_loss: 0.0105, weighted_loss: 0.0040, label: 0, bag_size: 3298
batch 659, loss: 0.0000, instance_loss: 0.0153, weighted_loss: 0.0046, label: 0, bag_size: 2382
batch 679, loss: 0.0005, instance_loss: 0.0026, weighted_loss: 0.0011, label: 1, bag_size: 2853
batch 699, loss: 0.0001, instance_loss: 0.0000, weighted_loss: 0.0001, label: 0, bag_size: 18081
batch 719, loss: 0.0029, instance_loss: 0.0000, weighted_loss: 0.0020, label: 1, bag_size: 18621
batch 739, loss: 0.0004, instance_loss: 0.0000, weighted_loss: 0.0003, label: 0, bag_size: 7519
batch 759, loss: 0.0000, instance_loss: 0.0000, weighted_loss: 0.0000, label: 0, bag_size: 14182
batch 779, loss: 0.0008, instance_loss: 0.0018, weighted_loss: 0.0011, label: 1, bag_size: 9833
batch 799, loss: 0.0001, instance_loss: 0.0000, weighted_loss: 0.0001, label: 0, bag_size: 3037
batch 819, loss: 0.0030, instance_loss: 0.0006, weighted_loss: 0.0023, label: 1, bag_size: 7879
batch 839, loss: 0.0000, instance_loss: 0.0000, weighted_loss: 0.0000, label: 0, bag_size: 948
batch 859, loss: 0.0000, instance_loss: 0.0003, weighted_loss: 0.0001, label: 0, bag_size: 3024


class 0 clustering acc 1.0: correct 6888/6888
class 1 clustering acc 1.0: correct 6888/6888
Epoch: 3, train_loss: 0.0142, train_clustering_loss:  0.0024, train_error: 0.0058
class 0: acc 0.9906103286384976, correct 422/426
class 1: acc 0.9977011494252873, correct 434/435

Val Set, val_loss: 0.1195, val_error: 0.0184, auc: 0.5623
class 0 clustering acc 0.9953917050691244: correct 1728/1736
class 1 clustering acc 1.0: correct 1736/1736
class 0: acc 0.9953271028037384, correct 213/214
class 1: acc 0.0, correct 0/3
EarlyStopping counter: 2 out of 10


batch 19, loss: 0.0001, instance_loss: 0.0458, weighted_loss: 0.0138, label: 0, bag_size: 18333
batch 39, loss: 0.0075, instance_loss: 0.0000, weighted_loss: 0.0053, label: 0, bag_size: 18062
batch 59, loss: 0.0000, instance_loss: 0.0005, weighted_loss: 0.0002, label: 0, bag_size: 1956
batch 79, loss: 0.0000, instance_loss: 0.0002, weighted_loss: 0.0001, label: 0, bag_size: 5995
batch 99, loss: 0.0014, instance_loss: 0.0000, weighted_loss: 0.0010, label: 0, bag_size: 24236
batch 119, loss: 0.0611, instance_loss: 0.0027, weighted_loss: 0.0436, label: 1, bag_size: 3354
batch 139, loss: 0.0005, instance_loss: 0.0000, weighted_loss: 0.0004, label: 1, bag_size: 13571
batch 159, loss: 0.0001, instance_loss: 0.0040, weighted_loss: 0.0013, label: 0, bag_size: 8178
batch 179, loss: 0.0000, instance_loss: 0.0000, weighted_loss: 0.0000, label: 0, bag_size: 4516
batch 199, loss: 0.0003, instance_loss: 0.0000, weighted_loss: 0.0002, label: 1, bag_size: 4276
batch 219, loss: 0.0042, instance_loss: 0.0012, weighted_loss: 0.0033, label: 1, bag_size: 5137
batch 239, loss: 0.0136, instance_loss: 0.0128, weighted_loss: 0.0133, label: 1, bag_size: 6023
batch 259, loss: 0.0001, instance_loss: 0.0004, weighted_loss: 0.0002, label: 1, bag_size: 5137
batch 279, loss: 0.0151, instance_loss: 0.0000, weighted_loss: 0.0105, label: 0, bag_size: 18243
batch 299, loss: 0.0280, instance_loss: 0.0319, weighted_loss: 0.0292, label: 1, bag_size: 4276
batch 319, loss: 0.0173, instance_loss: 0.0000, weighted_loss: 0.0121, label: 0, bag_size: 16798
batch 339, loss: 0.0000, instance_loss: 0.0058, weighted_loss: 0.0018, label: 1, bag_size: 5082
batch 359, loss: 0.0033, instance_loss: 0.0142, weighted_loss: 0.0066, label: 1, bag_size: 1140
batch 379, loss: 0.0070, instance_loss: 0.0009, weighted_loss: 0.0052, label: 0, bag_size: 4330
batch 399, loss: 0.0226, instance_loss: 0.0024, weighted_loss: 0.0166, label: 0, bag_size: 2212
batch 419, loss: 0.0049, instance_loss: 0.0000, weighted_loss: 0.0035, label: 1, bag_size: 13646
batch 439, loss: 0.0003, instance_loss: 0.0000, weighted_loss: 0.0002, label: 0, bag_size: 6330
batch 459, loss: 0.0007, instance_loss: 0.0000, weighted_loss: 0.0005, label: 0, bag_size: 15851
batch 479, loss: 0.0002, instance_loss: 0.0038, weighted_loss: 0.0013, label: 0, bag_size: 5545
batch 499, loss: 0.0005, instance_loss: 0.0313, weighted_loss: 0.0097, label: 1, bag_size: 4276
batch 519, loss: 0.0000, instance_loss: 0.0000, weighted_loss: 0.0000, label: 0, bag_size: 9990
batch 539, loss: 0.0001, instance_loss: 0.0028, weighted_loss: 0.0009, label: 1, bag_size: 4276
batch 559, loss: 0.0194, instance_loss: 0.0000, weighted_loss: 0.0136, label: 0, bag_size: 20777
batch 579, loss: 0.0000, instance_loss: 0.0000, weighted_loss: 0.0000, label: 0, bag_size: 7086
batch 599, loss: 0.0002, instance_loss: 0.0000, weighted_loss: 0.0001, label: 0, bag_size: 7048
batch 619, loss: 0.0017, instance_loss: 0.0448, weighted_loss: 0.0146, label: 1, bag_size: 13646
batch 639, loss: 0.0001, instance_loss: 0.0000, weighted_loss: 0.0000, label: 0, bag_size: 8050
batch 659, loss: 0.0023, instance_loss: 0.0003, weighted_loss: 0.0017, label: 1, bag_size: 9833
batch 679, loss: 0.0003, instance_loss: 0.0000, weighted_loss: 0.0002, label: 0, bag_size: 4356
batch 699, loss: 0.0007, instance_loss: 0.0000, weighted_loss: 0.0005, label: 0, bag_size: 18559
batch 719, loss: 0.0002, instance_loss: 0.0003, weighted_loss: 0.0002, label: 1, bag_size: 5082
batch 739, loss: 0.0003, instance_loss: 0.0011, weighted_loss: 0.0005, label: 0, bag_size: 1979
batch 759, loss: 0.0041, instance_loss: 0.0007, weighted_loss: 0.0031, label: 1, bag_size: 3354
batch 779, loss: 0.0016, instance_loss: 0.0000, weighted_loss: 0.0011, label: 1, bag_size: 6023
batch 799, loss: 0.0094, instance_loss: 0.0063, weighted_loss: 0.0085, label: 0, bag_size: 5965
batch 819, loss: 0.0001, instance_loss: 0.0000, weighted_loss: 0.0000, label: 0, bag_size: 5224
batch 839, loss: 0.0005, instance_loss: 0.0073, weighted_loss: 0.0026, label: 1, bag_size: 9833
batch 859, loss: 0.0003, instance_loss: 0.0013, weighted_loss: 0.0006, label: 1, bag_size: 2853


class 0 clustering acc 0.9997096399535423: correct 6886/6888
class 1 clustering acc 1.0: correct 6888/6888
Epoch: 4, train_loss: 0.0327, train_clustering_loss:  0.0028, train_error: 0.0070
class 0: acc 0.995475113122172, correct 440/442
class 1: acc 0.9904534606205251, correct 415/419

Val Set, val_loss: 0.1230, val_error: 0.0323, auc: 0.5498
class 0 clustering acc 0.9953917050691244: correct 1728/1736
class 1 clustering acc 1.0: correct 1736/1736
class 0: acc 0.9813084112149533, correct 210/214
class 1: acc 0.0, correct 0/3
EarlyStopping counter: 3 out of 10


batch 19, loss: 0.0047, instance_loss: 0.0008, weighted_loss: 0.0035, label: 1, bag_size: 3354
batch 39, loss: 0.0000, instance_loss: 0.0000, weighted_loss: 0.0000, label: 0, bag_size: 3702
batch 59, loss: 0.0000, instance_loss: 0.0000, weighted_loss: 0.0000, label: 0, bag_size: 1406
batch 79, loss: 0.0000, instance_loss: 0.0000, weighted_loss: 0.0000, label: 0, bag_size: 5456
batch 99, loss: 0.0000, instance_loss: 0.0030, weighted_loss: 0.0009, label: 0, bag_size: 3670
batch 119, loss: 0.0020, instance_loss: 0.0000, weighted_loss: 0.0014, label: 1, bag_size: 13571
batch 139, loss: 0.0003, instance_loss: 0.0011, weighted_loss: 0.0005, label: 0, bag_size: 10277
batch 159, loss: 0.1574, instance_loss: 0.0015, weighted_loss: 0.1106, label: 0, bag_size: 3798
batch 179, loss: 0.0000, instance_loss: 0.0000, weighted_loss: 0.0000, label: 0, bag_size: 4932
batch 199, loss: 0.0000, instance_loss: 0.0000, weighted_loss: 0.0000, label: 0, bag_size: 41019
batch 219, loss: 0.0173, instance_loss: 0.0211, weighted_loss: 0.0184, label: 0, bag_size: 21480
batch 239, loss: 0.0002, instance_loss: 0.0004, weighted_loss: 0.0003, label: 1, bag_size: 5082
batch 259, loss: 0.0000, instance_loss: 0.0036, weighted_loss: 0.0011, label: 0, bag_size: 14464
batch 279, loss: 0.0033, instance_loss: 0.0022, weighted_loss: 0.0030, label: 0, bag_size: 2436
batch 299, loss: 0.1147, instance_loss: 0.0007, weighted_loss: 0.0805, label: 1, bag_size: 18621
batch 319, loss: 0.2838, instance_loss: 0.0021, weighted_loss: 0.1993, label: 1, bag_size: 18621
batch 339, loss: 0.0010, instance_loss: 0.0000, weighted_loss: 0.0007, label: 0, bag_size: 16385
batch 359, loss: 0.0108, instance_loss: 0.0004, weighted_loss: 0.0077, label: 1, bag_size: 2853
batch 379, loss: 0.0047, instance_loss: 0.0000, weighted_loss: 0.0033, label: 0, bag_size: 6185
batch 399, loss: 0.0700, instance_loss: 0.0000, weighted_loss: 0.0490, label: 0, bag_size: 15501
batch 419, loss: 0.0003, instance_loss: 0.0015, weighted_loss: 0.0006, label: 0, bag_size: 2602
batch 439, loss: 0.0018, instance_loss: 0.0010, weighted_loss: 0.0015, label: 1, bag_size: 1140
batch 459, loss: 0.0002, instance_loss: 0.0000, weighted_loss: 0.0002, label: 0, bag_size: 11819
batch 479, loss: 0.0007, instance_loss: 0.0000, weighted_loss: 0.0005, label: 1, bag_size: 13571
batch 499, loss: 0.0015, instance_loss: 0.0000, weighted_loss: 0.0010, label: 0, bag_size: 3020
batch 519, loss: 0.0000, instance_loss: 0.0000, weighted_loss: 0.0000, label: 0, bag_size: 21486
batch 539, loss: 0.0000, instance_loss: 0.0000, weighted_loss: 0.0000, label: 0, bag_size: 9990
batch 559, loss: 0.0373, instance_loss: 0.0003, weighted_loss: 0.0262, label: 1, bag_size: 6023
batch 579, loss: 0.0315, instance_loss: 0.0000, weighted_loss: 0.0221, label: 1, bag_size: 18621
batch 599, loss: 0.0118, instance_loss: 0.0000, weighted_loss: 0.0083, label: 0, bag_size: 13046
batch 619, loss: 0.0019, instance_loss: 0.0012, weighted_loss: 0.0017, label: 1, bag_size: 9833
batch 639, loss: 0.0000, instance_loss: 0.0000, weighted_loss: 0.0000, label: 0, bag_size: 41019
batch 659, loss: 0.0001, instance_loss: 0.0005, weighted_loss: 0.0002, label: 0, bag_size: 5180
batch 679, loss: 0.0005, instance_loss: 0.0000, weighted_loss: 0.0003, label: 1, bag_size: 1140
batch 699, loss: 0.0005, instance_loss: 0.0018, weighted_loss: 0.0009, label: 0, bag_size: 3998
batch 719, loss: 0.0009, instance_loss: 0.0000, weighted_loss: 0.0006, label: 1, bag_size: 13571
batch 739, loss: 0.0000, instance_loss: 0.0000, weighted_loss: 0.0000, label: 0, bag_size: 17155
batch 759, loss: 0.0005, instance_loss: 0.0000, weighted_loss: 0.0003, label: 1, bag_size: 13646
batch 779, loss: 0.0009, instance_loss: 0.0000, weighted_loss: 0.0006, label: 0, bag_size: 17829
batch 799, loss: 0.0004, instance_loss: 0.0000, weighted_loss: 0.0003, label: 1, bag_size: 13571
batch 819, loss: 0.0000, instance_loss: 0.0000, weighted_loss: 0.0000, label: 0, bag_size: 79563
batch 839, loss: 0.0000, instance_loss: 0.0000, weighted_loss: 0.0000, label: 0, bag_size: 8955
batch 859, loss: 0.0006, instance_loss: 0.0000, weighted_loss: 0.0004, label: 0, bag_size: 3409


class 0 clustering acc 0.9998548199767712: correct 6887/6888
class 1 clustering acc 1.0: correct 6888/6888
Epoch: 5, train_loss: 0.0375, train_clustering_loss:  0.0019, train_error: 0.0081
class 0: acc 0.9905437352245863, correct 419/423
class 1: acc 0.9931506849315068, correct 435/438

Val Set, val_loss: 0.1054, val_error: 0.0138, auc: 0.6231
class 0 clustering acc 0.9959677419354839: correct 1729/1736
class 1 clustering acc 1.0: correct 1736/1736
class 0: acc 1.0, correct 214/214
class 1: acc 0.0, correct 0/3
Validation loss decreased (0.115959 --> 0.105383).  Saving model ...


batch 19, loss: 0.0004, instance_loss: 0.0000, weighted_loss: 0.0003, label: 1, bag_size: 13646
batch 39, loss: 0.0007, instance_loss: 0.0000, weighted_loss: 0.0005, label: 1, bag_size: 5137
batch 59, loss: 0.0001, instance_loss: 0.0013, weighted_loss: 0.0005, label: 0, bag_size: 3917
batch 79, loss: 0.0012, instance_loss: 0.0007, weighted_loss: 0.0010, label: 1, bag_size: 6023
batch 99, loss: 0.0001, instance_loss: 0.0010, weighted_loss: 0.0003, label: 0, bag_size: 4915
batch 119, loss: 0.0003, instance_loss: 0.0090, weighted_loss: 0.0029, label: 0, bag_size: 2726
batch 139, loss: 0.0025, instance_loss: 0.0000, weighted_loss: 0.0018, label: 1, bag_size: 13571
batch 159, loss: 0.0000, instance_loss: 0.0000, weighted_loss: 0.0000, label: 0, bag_size: 3859
batch 179, loss: 0.0001, instance_loss: 0.0006, weighted_loss: 0.0003, label: 1, bag_size: 5082
batch 199, loss: 0.0000, instance_loss: 0.0000, weighted_loss: 0.0000, label: 0, bag_size: 3975
batch 219, loss: 0.0004, instance_loss: 0.0000, weighted_loss: 0.0003, label: 1, bag_size: 7879
batch 239, loss: 0.0005, instance_loss: 0.0013, weighted_loss: 0.0008, label: 1, bag_size: 1140
batch 259, loss: 0.0000, instance_loss: 0.0000, weighted_loss: 0.0000, label: 0, bag_size: 13636
batch 279, loss: 0.0001, instance_loss: 0.0035, weighted_loss: 0.0011, label: 1, bag_size: 5082
batch 299, loss: 0.0001, instance_loss: 0.0031, weighted_loss: 0.0010, label: 0, bag_size: 3468
batch 319, loss: 0.0001, instance_loss: 0.0000, weighted_loss: 0.0000, label: 0, bag_size: 8115
batch 339, loss: 0.0007, instance_loss: 0.0000, weighted_loss: 0.0005, label: 1, bag_size: 13571
batch 359, loss: 0.0001, instance_loss: 0.0005, weighted_loss: 0.0002, label: 0, bag_size: 9852
batch 379, loss: 0.0002, instance_loss: 0.0042, weighted_loss: 0.0014, label: 1, bag_size: 2853
batch 399, loss: 0.0000, instance_loss: 0.0002, weighted_loss: 0.0001, label: 0, bag_size: 8663
batch 419, loss: 0.0020, instance_loss: 0.0000, weighted_loss: 0.0014, label: 1, bag_size: 1140
batch 439, loss: 0.0005, instance_loss: 0.0000, weighted_loss: 0.0003, label: 1, bag_size: 13571
batch 459, loss: 0.0002, instance_loss: 0.0179, weighted_loss: 0.0055, label: 0, bag_size: 14227
batch 479, loss: 0.0000, instance_loss: 0.0000, weighted_loss: 0.0000, label: 0, bag_size: 7722
batch 499, loss: 0.0007, instance_loss: 0.0000, weighted_loss: 0.0005, label: 1, bag_size: 5137
batch 519, loss: 0.0015, instance_loss: 0.0000, weighted_loss: 0.0010, label: 0, bag_size: 7225
batch 539, loss: 0.0013, instance_loss: 0.0064, weighted_loss: 0.0029, label: 0, bag_size: 4859
batch 559, loss: 0.0002, instance_loss: 0.0000, weighted_loss: 0.0001, label: 1, bag_size: 5082
batch 579, loss: 0.0000, instance_loss: 0.0000, weighted_loss: 0.0000, label: 0, bag_size: 2406
batch 599, loss: 0.0002, instance_loss: 0.0016, weighted_loss: 0.0006, label: 1, bag_size: 13571
batch 619, loss: 0.0005, instance_loss: 0.0013, weighted_loss: 0.0007, label: 0, bag_size: 1556
batch 639, loss: 0.0001, instance_loss: 0.0000, weighted_loss: 0.0000, label: 0, bag_size: 19134
batch 659, loss: 0.0000, instance_loss: 0.0000, weighted_loss: 0.0000, label: 0, bag_size: 9896
batch 679, loss: 0.0012, instance_loss: 0.0019, weighted_loss: 0.0014, label: 1, bag_size: 13571
batch 699, loss: 0.0011, instance_loss: 0.0000, weighted_loss: 0.0007, label: 1, bag_size: 5137
batch 719, loss: 0.0000, instance_loss: 0.0000, weighted_loss: 0.0000, label: 0, bag_size: 3364
batch 739, loss: 0.0003, instance_loss: 0.0002, weighted_loss: 0.0003, label: 1, bag_size: 6023
batch 759, loss: 0.0000, instance_loss: 0.0000, weighted_loss: 0.0000, label: 1, bag_size: 2853
batch 779, loss: 0.0010, instance_loss: 0.0003, weighted_loss: 0.0008, label: 1, bag_size: 18621
batch 799, loss: 0.0189, instance_loss: 0.0003, weighted_loss: 0.0133, label: 0, bag_size: 23088
batch 819, loss: 0.0016, instance_loss: 0.0103, weighted_loss: 0.0042, label: 1, bag_size: 1140
batch 839, loss: 0.0259, instance_loss: 0.0022, weighted_loss: 0.0188, label: 1, bag_size: 7879
batch 859, loss: 0.0001, instance_loss: 0.0014, weighted_loss: 0.0005, label: 0, bag_size: 1621


class 0 clustering acc 1.0: correct 6888/6888
class 1 clustering acc 0.9997096399535423: correct 6886/6888
Epoch: 6, train_loss: 0.0210, train_clustering_loss:  0.0021, train_error: 0.0058
class 0: acc 0.9951573849878934, correct 411/413
class 1: acc 0.9933035714285714, correct 445/448

Val Set, val_loss: 0.1578, val_error: 0.0369, auc: 0.5498
class 0 clustering acc 0.9959677419354839: correct 1729/1736
class 1 clustering acc 1.0: correct 1736/1736
class 0: acc 0.9766355140186916, correct 209/214
class 1: acc 0.0, correct 0/3
EarlyStopping counter: 1 out of 10


batch 19, loss: 0.0002, instance_loss: 0.0000, weighted_loss: 0.0001, label: 1, bag_size: 13571
batch 39, loss: 0.0002, instance_loss: 0.0000, weighted_loss: 0.0002, label: 1, bag_size: 5137
batch 59, loss: 0.0677, instance_loss: 0.0000, weighted_loss: 0.0474, label: 0, bag_size: 10923
batch 79, loss: 0.0000, instance_loss: 0.0004, weighted_loss: 0.0001, label: 1, bag_size: 4276
batch 99, loss: 0.0000, instance_loss: 0.0189, weighted_loss: 0.0057, label: 1, bag_size: 3354
batch 119, loss: 0.0007, instance_loss: 0.0061, weighted_loss: 0.0023, label: 1, bag_size: 1140
batch 139, loss: 0.0004, instance_loss: 0.0000, weighted_loss: 0.0003, label: 0, bag_size: 5204
batch 159, loss: 0.0080, instance_loss: 0.0002, weighted_loss: 0.0057, label: 0, bag_size: 2194
batch 179, loss: 0.0000, instance_loss: 0.0000, weighted_loss: 0.0000, label: 0, bag_size: 1758
batch 199, loss: 0.0002, instance_loss: 0.0000, weighted_loss: 0.0001, label: 0, bag_size: 6114
batch 219, loss: 0.0000, instance_loss: 0.0000, weighted_loss: 0.0000, label: 0, bag_size: 12427
batch 239, loss: 0.0000, instance_loss: 0.0002, weighted_loss: 0.0001, label: 0, bag_size: 16051
batch 259, loss: 0.0001, instance_loss: 0.0003, weighted_loss: 0.0002, label: 0, bag_size: 17986
batch 279, loss: 0.0081, instance_loss: 0.0008, weighted_loss: 0.0059, label: 0, bag_size: 3230
batch 299, loss: 0.0000, instance_loss: 0.0002, weighted_loss: 0.0001, label: 1, bag_size: 4276
batch 319, loss: 0.0000, instance_loss: 0.0000, weighted_loss: 0.0000, label: 0, bag_size: 4096
batch 339, loss: 0.0000, instance_loss: 0.0000, weighted_loss: 0.0000, label: 0, bag_size: 18006
batch 359, loss: 0.0000, instance_loss: 0.0000, weighted_loss: 0.0000, label: 0, bag_size: 9087
batch 379, loss: 0.0000, instance_loss: 0.0003, weighted_loss: 0.0001, label: 0, bag_size: 2780
batch 399, loss: 0.0000, instance_loss: 0.0043, weighted_loss: 0.0013, label: 0, bag_size: 3129
batch 419, loss: 0.0002, instance_loss: 0.0000, weighted_loss: 0.0001, label: 1, bag_size: 13571
batch 439, loss: 0.0002, instance_loss: 0.0000, weighted_loss: 0.0001, label: 0, bag_size: 5204
batch 459, loss: 0.0000, instance_loss: 0.0000, weighted_loss: 0.0000, label: 0, bag_size: 5956
batch 479, loss: 0.0001, instance_loss: 0.0000, weighted_loss: 0.0001, label: 0, bag_size: 2651
batch 499, loss: 0.0000, instance_loss: 0.0000, weighted_loss: 0.0000, label: 0, bag_size: 3016
batch 519, loss: 0.0002, instance_loss: 0.0010, weighted_loss: 0.0004, label: 1, bag_size: 1140
batch 539, loss: 0.0000, instance_loss: 0.0009, weighted_loss: 0.0003, label: 1, bag_size: 9833
batch 559, loss: 0.0000, instance_loss: 0.0013, weighted_loss: 0.0004, label: 1, bag_size: 7879
batch 579, loss: 0.0000, instance_loss: 0.0013, weighted_loss: 0.0004, label: 1, bag_size: 2853
batch 599, loss: 0.0000, instance_loss: 0.0028, weighted_loss: 0.0009, label: 0, bag_size: 2261
batch 619, loss: 0.0000, instance_loss: 0.0009, weighted_loss: 0.0003, label: 0, bag_size: 14182
batch 639, loss: 0.0015, instance_loss: 0.0000, weighted_loss: 0.0011, label: 0, bag_size: 21253
batch 659, loss: 0.0000, instance_loss: 0.0000, weighted_loss: 0.0000, label: 1, bag_size: 6023
batch 679, loss: 0.0000, instance_loss: 0.0000, weighted_loss: 0.0000, label: 0, bag_size: 16707
batch 699, loss: 0.0000, instance_loss: 0.0000, weighted_loss: 0.0000, label: 1, bag_size: 6023
batch 719, loss: 0.0002, instance_loss: 0.0036, weighted_loss: 0.0012, label: 1, bag_size: 1140
batch 739, loss: 0.0000, instance_loss: 0.0031, weighted_loss: 0.0009, label: 1, bag_size: 7879
batch 759, loss: 0.0000, instance_loss: 0.0016, weighted_loss: 0.0005, label: 1, bag_size: 2853
batch 779, loss: 0.0000, instance_loss: 0.0000, weighted_loss: 0.0000, label: 0, bag_size: 7086
batch 799, loss: 0.0005, instance_loss: 0.0000, weighted_loss: 0.0004, label: 1, bag_size: 13646
batch 819, loss: 0.0000, instance_loss: 0.0008, weighted_loss: 0.0002, label: 1, bag_size: 2853
batch 839, loss: 0.0010, instance_loss: 0.0000, weighted_loss: 0.0007, label: 1, bag_size: 13646
batch 859, loss: 0.0000, instance_loss: 0.0015, weighted_loss: 0.0005, label: 1, bag_size: 7879


class 0 clustering acc 1.0: correct 6888/6888
class 1 clustering acc 1.0: correct 6888/6888
Epoch: 7, train_loss: 0.0039, train_clustering_loss:  0.0013, train_error: 0.0000
class 0: acc 1.0, correct 441/441
class 1: acc 1.0, correct 420/420

Val Set, val_loss: 0.1700, val_error: 0.0230, auc: 0.6293
class 0 clustering acc 0.9982718894009217: correct 1733/1736
class 1 clustering acc 1.0: correct 1736/1736
class 0: acc 0.9906542056074766, correct 212/214
class 1: acc 0.0, correct 0/3
EarlyStopping counter: 2 out of 10


batch 19, loss: 0.0000, instance_loss: 0.0003, weighted_loss: 0.0001, label: 1, bag_size: 6023
batch 39, loss: 0.0021, instance_loss: 0.0000, weighted_loss: 0.0015, label: 1, bag_size: 5082
batch 59, loss: 0.0563, instance_loss: 0.0000, weighted_loss: 0.0394, label: 1, bag_size: 4276
batch 79, loss: 0.0013, instance_loss: 0.0000, weighted_loss: 0.0009, label: 1, bag_size: 13646
batch 99, loss: 0.0000, instance_loss: 0.0006, weighted_loss: 0.0002, label: 0, bag_size: 1867
batch 119, loss: 0.0006, instance_loss: 0.0285, weighted_loss: 0.0089, label: 0, bag_size: 873
batch 139, loss: 0.0118, instance_loss: 0.0021, weighted_loss: 0.0089, label: 1, bag_size: 18621
batch 159, loss: 0.0002, instance_loss: 0.0003, weighted_loss: 0.0002, label: 0, bag_size: 3146
batch 179, loss: 0.0024, instance_loss: 0.0000, weighted_loss: 0.0017, label: 1, bag_size: 5137
batch 199, loss: 0.0000, instance_loss: 0.0026, weighted_loss: 0.0008, label: 0, bag_size: 1358
batch 219, loss: 0.0000, instance_loss: 0.0007, weighted_loss: 0.0002, label: 0, bag_size: 3547
batch 239, loss: 0.0000, instance_loss: 0.0000, weighted_loss: 0.0000, label: 0, bag_size: 5161
batch 259, loss: 0.0000, instance_loss: 0.0000, weighted_loss: 0.0000, label: 0, bag_size: 12439
batch 279, loss: 0.0001, instance_loss: 0.0000, weighted_loss: 0.0000, label: 0, bag_size: 5157
batch 299, loss: 0.0000, instance_loss: 0.0000, weighted_loss: 0.0000, label: 0, bag_size: 16973
batch 319, loss: 0.0004, instance_loss: 0.0000, weighted_loss: 0.0003, label: 0, bag_size: 10161
batch 339, loss: 0.0002, instance_loss: 0.0000, weighted_loss: 0.0001, label: 1, bag_size: 13571
batch 359, loss: 0.0008, instance_loss: 0.0000, weighted_loss: 0.0006, label: 0, bag_size: 3293
batch 379, loss: 0.0008, instance_loss: 0.0005, weighted_loss: 0.0007, label: 0, bag_size: 4528
batch 399, loss: 0.0003, instance_loss: 0.0025, weighted_loss: 0.0010, label: 1, bag_size: 4276
batch 419, loss: 0.0002, instance_loss: 0.0003, weighted_loss: 0.0002, label: 1, bag_size: 5082
batch 439, loss: 0.0102, instance_loss: 0.0000, weighted_loss: 0.0071, label: 0, bag_size: 13341
batch 459, loss: 0.0001, instance_loss: 0.0000, weighted_loss: 0.0001, label: 1, bag_size: 5082
batch 479, loss: 0.0000, instance_loss: 0.0000, weighted_loss: 0.0000, label: 0, bag_size: 10102
batch 499, loss: 0.0006, instance_loss: 0.0000, weighted_loss: 0.0004, label: 1, bag_size: 13646
batch 519, loss: 0.0002, instance_loss: 0.0004, weighted_loss: 0.0002, label: 1, bag_size: 2853
batch 539, loss: 0.0000, instance_loss: 0.0000, weighted_loss: 0.0000, label: 1, bag_size: 7879
batch 559, loss: 0.0060, instance_loss: 0.0018, weighted_loss: 0.0047, label: 0, bag_size: 2297
batch 579, loss: 0.0002, instance_loss: 0.0000, weighted_loss: 0.0001, label: 1, bag_size: 6023
batch 599, loss: 0.0001, instance_loss: 0.0007, weighted_loss: 0.0003, label: 0, bag_size: 3117
batch 619, loss: 0.0002, instance_loss: 0.0006, weighted_loss: 0.0003, label: 1, bag_size: 6023
batch 639, loss: 0.0003, instance_loss: 0.0000, weighted_loss: 0.0002, label: 1, bag_size: 3354
batch 659, loss: 0.0023, instance_loss: 0.0006, weighted_loss: 0.0018, label: 0, bag_size: 3490
batch 679, loss: 0.0002, instance_loss: 0.0000, weighted_loss: 0.0001, label: 1, bag_size: 5137
batch 699, loss: 0.0000, instance_loss: 0.0009, weighted_loss: 0.0003, label: 0, bag_size: 20692
batch 719, loss: 0.0000, instance_loss: 0.0000, weighted_loss: 0.0000, label: 0, bag_size: 4811
batch 739, loss: 0.0001, instance_loss: 0.0000, weighted_loss: 0.0000, label: 1, bag_size: 7879
batch 759, loss: 0.2903, instance_loss: 0.0007, weighted_loss: 0.2034, label: 1, bag_size: 3354
batch 779, loss: 0.0051, instance_loss: 0.0000, weighted_loss: 0.0035, label: 1, bag_size: 18621
batch 799, loss: 0.0000, instance_loss: 0.0000, weighted_loss: 0.0000, label: 1, bag_size: 4276
batch 819, loss: 0.0000, instance_loss: 0.0005, weighted_loss: 0.0002, label: 0, bag_size: 16973
batch 839, loss: 0.0003, instance_loss: 0.0011, weighted_loss: 0.0005, label: 1, bag_size: 1140
batch 859, loss: 0.0089, instance_loss: 0.0000, weighted_loss: 0.0062, label: 0, bag_size: 2520


class 0 clustering acc 1.0: correct 6888/6888
class 1 clustering acc 1.0: correct 6888/6888
Epoch: 8, train_loss: 0.0427, train_clustering_loss:  0.0008, train_error: 0.0093
class 0: acc 0.9856115107913669, correct 411/417
class 1: acc 0.9954954954954955, correct 442/444

Val Set, val_loss: 0.2472, val_error: 0.0645, auc: 0.5327
class 0 clustering acc 0.9959677419354839: correct 1729/1736
class 1 clustering acc 1.0: correct 1736/1736
class 0: acc 0.9485981308411215, correct 203/214
class 1: acc 0.0, correct 0/3
EarlyStopping counter: 3 out of 10


batch 19, loss: 0.0005, instance_loss: 0.0000, weighted_loss: 0.0003, label: 0, bag_size: 4404
batch 39, loss: 0.0005, instance_loss: 0.0000, weighted_loss: 0.0003, label: 0, bag_size: 17460
batch 59, loss: 0.0118, instance_loss: 0.0009, weighted_loss: 0.0085, label: 1, bag_size: 2853
batch 79, loss: 0.0007, instance_loss: 0.0000, weighted_loss: 0.0005, label: 0, bag_size: 10902
batch 99, loss: 0.0021, instance_loss: 0.0000, weighted_loss: 0.0014, label: 1, bag_size: 18621
batch 119, loss: 0.0009, instance_loss: 0.0000, weighted_loss: 0.0006, label: 0, bag_size: 2732
batch 139, loss: 0.0007, instance_loss: 0.0000, weighted_loss: 0.0005, label: 0, bag_size: 11616
batch 159, loss: 0.0001, instance_loss: 0.0000, weighted_loss: 0.0001, label: 1, bag_size: 9833
batch 179, loss: 0.0000, instance_loss: 0.0000, weighted_loss: 0.0000, label: 0, bag_size: 8781
batch 199, loss: 0.0000, instance_loss: 0.0000, weighted_loss: 0.0000, label: 0, bag_size: 14428
batch 219, loss: 0.0011, instance_loss: 0.0000, weighted_loss: 0.0007, label: 0, bag_size: 13341
batch 239, loss: 0.0006, instance_loss: 0.0000, weighted_loss: 0.0004, label: 0, bag_size: 8719
batch 259, loss: 0.0000, instance_loss: 0.0000, weighted_loss: 0.0000, label: 0, bag_size: 1214
batch 279, loss: 0.0001, instance_loss: 0.0000, weighted_loss: 0.0000, label: 0, bag_size: 20517
batch 299, loss: 0.0091, instance_loss: 0.0002, weighted_loss: 0.0064, label: 1, bag_size: 18621
batch 319, loss: 0.0002, instance_loss: 0.0000, weighted_loss: 0.0001, label: 0, bag_size: 1979
batch 339, loss: 0.0212, instance_loss: 0.0017, weighted_loss: 0.0153, label: 1, bag_size: 3354
batch 359, loss: 0.0001, instance_loss: 0.0000, weighted_loss: 0.0001, label: 0, bag_size: 10902
batch 379, loss: 0.0144, instance_loss: 0.0013, weighted_loss: 0.0105, label: 1, bag_size: 3354
batch 399, loss: 0.0000, instance_loss: 0.0000, weighted_loss: 0.0000, label: 0, bag_size: 5584
batch 419, loss: 1.2546, instance_loss: 0.0003, weighted_loss: 0.8783, label: 0, bag_size: 2979
batch 439, loss: 0.0004, instance_loss: 0.0000, weighted_loss: 0.0003, label: 0, bag_size: 14291
batch 459, loss: 0.0075, instance_loss: 0.0000, weighted_loss: 0.0053, label: 0, bag_size: 6362
batch 479, loss: 0.0023, instance_loss: 0.0008, weighted_loss: 0.0019, label: 1, bag_size: 2853
batch 499, loss: 0.0038, instance_loss: 0.0002, weighted_loss: 0.0027, label: 1, bag_size: 1140
batch 519, loss: 0.0001, instance_loss: 0.0000, weighted_loss: 0.0001, label: 0, bag_size: 6399
batch 539, loss: 0.0000, instance_loss: 0.0008, weighted_loss: 0.0002, label: 0, bag_size: 3953
batch 559, loss: 0.0000, instance_loss: 0.0000, weighted_loss: 0.0000, label: 0, bag_size: 16854
batch 579, loss: 0.0027, instance_loss: 0.0000, weighted_loss: 0.0019, label: 1, bag_size: 6023
batch 599, loss: 0.0000, instance_loss: 0.0000, weighted_loss: 0.0000, label: 0, bag_size: 16051
batch 619, loss: 0.0006, instance_loss: 0.0021, weighted_loss: 0.0011, label: 1, bag_size: 2853
batch 639, loss: 0.0005, instance_loss: 0.0009, weighted_loss: 0.0006, label: 1, bag_size: 7879
batch 659, loss: 0.0016, instance_loss: 0.0003, weighted_loss: 0.0012, label: 0, bag_size: 2061
batch 679, loss: 0.0000, instance_loss: 0.0000, weighted_loss: 0.0000, label: 0, bag_size: 2137
batch 699, loss: 0.0015, instance_loss: 0.0000, weighted_loss: 0.0010, label: 0, bag_size: 7261
batch 719, loss: 0.0001, instance_loss: 0.0000, weighted_loss: 0.0001, label: 0, bag_size: 6044
batch 739, loss: 0.0012, instance_loss: 0.0000, weighted_loss: 0.0009, label: 0, bag_size: 12141
batch 759, loss: 0.0003, instance_loss: 0.0000, weighted_loss: 0.0002, label: 1, bag_size: 4276
batch 779, loss: 0.0002, instance_loss: 0.0000, weighted_loss: 0.0001, label: 1, bag_size: 5137
batch 799, loss: 0.0019, instance_loss: 0.0002, weighted_loss: 0.0014, label: 1, bag_size: 18621
batch 819, loss: 0.0002, instance_loss: 0.0000, weighted_loss: 0.0001, label: 0, bag_size: 3983
batch 839, loss: 0.0018, instance_loss: 0.0046, weighted_loss: 0.0027, label: 1, bag_size: 3354
batch 859, loss: 0.0010, instance_loss: 0.0000, weighted_loss: 0.0007, label: 1, bag_size: 13571


class 0 clustering acc 1.0: correct 6888/6888
class 1 clustering acc 1.0: correct 6888/6888
Epoch: 9, train_loss: 0.0158, train_clustering_loss:  0.0004, train_error: 0.0081
class 0: acc 0.9884526558891455, correct 428/433
class 1: acc 0.9953271028037384, correct 426/428

Val Set, val_loss: 0.1307, val_error: 0.0184, auc: 0.5888
class 0 clustering acc 0.9971198156682027: correct 1731/1736
class 1 clustering acc 1.0: correct 1736/1736
class 0: acc 0.9953271028037384, correct 213/214
class 1: acc 0.0, correct 0/3
EarlyStopping counter: 4 out of 10


batch 19, loss: 0.0001, instance_loss: 0.0000, weighted_loss: 0.0000, label: 0, bag_size: 10033
batch 39, loss: 0.0000, instance_loss: 0.0000, weighted_loss: 0.0000, label: 0, bag_size: 16323
batch 59, loss: 0.0002, instance_loss: 0.0000, weighted_loss: 0.0001, label: 0, bag_size: 7732
batch 79, loss: 0.0007, instance_loss: 0.0024, weighted_loss: 0.0012, label: 1, bag_size: 9833
batch 99, loss: 0.0002, instance_loss: 0.0005, weighted_loss: 0.0003, label: 1, bag_size: 2853
batch 119, loss: 0.0106, instance_loss: 0.0002, weighted_loss: 0.0075, label: 1, bag_size: 3354
batch 139, loss: 0.0017, instance_loss: 0.0006, weighted_loss: 0.0014, label: 1, bag_size: 7879
batch 159, loss: 0.0023, instance_loss: 0.0000, weighted_loss: 0.0016, label: 1, bag_size: 6023
batch 179, loss: 0.0000, instance_loss: 0.0000, weighted_loss: 0.0000, label: 0, bag_size: 10540
batch 199, loss: 0.0002, instance_loss: 0.0000, weighted_loss: 0.0002, label: 0, bag_size: 5195
batch 219, loss: 0.0008, instance_loss: 0.0006, weighted_loss: 0.0007, label: 1, bag_size: 9833
batch 239, loss: 0.0034, instance_loss: 0.0000, weighted_loss: 0.0024, label: 1, bag_size: 13571
batch 259, loss: 0.0000, instance_loss: 0.0000, weighted_loss: 0.0000, label: 0, bag_size: 2300
batch 279, loss: 0.0000, instance_loss: 0.0000, weighted_loss: 0.0000, label: 0, bag_size: 1406
batch 299, loss: 0.0003, instance_loss: 0.0010, weighted_loss: 0.0005, label: 1, bag_size: 4276
batch 319, loss: 0.0000, instance_loss: 0.0000, weighted_loss: 0.0000, label: 0, bag_size: 6534
batch 339, loss: 0.0001, instance_loss: 0.0010, weighted_loss: 0.0003, label: 1, bag_size: 18621
batch 359, loss: 0.0000, instance_loss: 0.0000, weighted_loss: 0.0000, label: 0, bag_size: 10005
batch 379, loss: 0.0002, instance_loss: 0.0000, weighted_loss: 0.0001, label: 1, bag_size: 9833
batch 399, loss: 0.0000, instance_loss: 0.0000, weighted_loss: 0.0000, label: 1, bag_size: 13571
batch 419, loss: 0.0001, instance_loss: 0.0000, weighted_loss: 0.0000, label: 0, bag_size: 10005
batch 439, loss: 0.0000, instance_loss: 0.0000, weighted_loss: 0.0000, label: 1, bag_size: 13646
batch 459, loss: 0.0001, instance_loss: 0.0004, weighted_loss: 0.0002, label: 1, bag_size: 7879
batch 479, loss: 0.0001, instance_loss: 0.0000, weighted_loss: 0.0000, label: 1, bag_size: 7879
batch 499, loss: 0.0000, instance_loss: 0.0000, weighted_loss: 0.0000, label: 0, bag_size: 13770
batch 519, loss: 0.0003, instance_loss: 0.0000, weighted_loss: 0.0002, label: 1, bag_size: 7879
batch 539, loss: 0.0014, instance_loss: 0.0000, weighted_loss: 0.0010, label: 1, bag_size: 3354
batch 559, loss: 0.0004, instance_loss: 0.0000, weighted_loss: 0.0003, label: 1, bag_size: 13571
batch 579, loss: 0.0005, instance_loss: 0.0002, weighted_loss: 0.0004, label: 1, bag_size: 13571
batch 599, loss: 0.0000, instance_loss: 0.0000, weighted_loss: 0.0000, label: 0, bag_size: 2922
batch 619, loss: 0.0000, instance_loss: 0.0000, weighted_loss: 0.0000, label: 0, bag_size: 18081
batch 639, loss: 0.0000, instance_loss: 0.0000, weighted_loss: 0.0000, label: 0, bag_size: 1863
batch 659, loss: 0.0006, instance_loss: 0.0000, weighted_loss: 0.0004, label: 1, bag_size: 1140
batch 679, loss: 0.0009, instance_loss: 0.0000, weighted_loss: 0.0007, label: 1, bag_size: 3354
batch 699, loss: 0.0000, instance_loss: 0.0002, weighted_loss: 0.0001, label: 0, bag_size: 2974
batch 719, loss: 0.0002, instance_loss: 0.0000, weighted_loss: 0.0002, label: 1, bag_size: 13646
batch 739, loss: 0.0008, instance_loss: 0.0000, weighted_loss: 0.0006, label: 1, bag_size: 3354
batch 759, loss: 0.0002, instance_loss: 0.0006, weighted_loss: 0.0003, label: 1, bag_size: 7879
batch 779, loss: 0.0007, instance_loss: 0.0000, weighted_loss: 0.0005, label: 1, bag_size: 13571
batch 799, loss: 0.0000, instance_loss: 0.0000, weighted_loss: 0.0000, label: 0, bag_size: 5527
batch 819, loss: 0.0006, instance_loss: 0.0000, weighted_loss: 0.0004, label: 1, bag_size: 6023
batch 839, loss: 0.0003, instance_loss: 0.0000, weighted_loss: 0.0002, label: 1, bag_size: 5137
batch 859, loss: 0.0000, instance_loss: 0.0005, weighted_loss: 0.0002, label: 0, bag_size: 16088


class 0 clustering acc 1.0: correct 6888/6888
class 1 clustering acc 1.0: correct 6888/6888
Epoch: 10, train_loss: 0.0058, train_clustering_loss:  0.0003, train_error: 0.0023
class 0: acc 0.9977578475336323, correct 445/446
class 1: acc 0.9975903614457832, correct 414/415

Val Set, val_loss: 0.1373, val_error: 0.0230, auc: 0.7009
class 0 clustering acc 0.9982718894009217: correct 1733/1736
class 1 clustering acc 1.0: correct 1736/1736
class 0: acc 0.9906542056074766, correct 212/214
class 1: acc 0.0, correct 0/3
EarlyStopping counter: 5 out of 10


batch 19, loss: 0.0000, instance_loss: 0.0000, weighted_loss: 0.0000, label: 0, bag_size: 6050
batch 39, loss: 0.0004, instance_loss: 0.0000, weighted_loss: 0.0003, label: 1, bag_size: 1140
batch 59, loss: 0.0001, instance_loss: 0.0002, weighted_loss: 0.0001, label: 0, bag_size: 12484
batch 79, loss: 0.1460, instance_loss: 0.0000, weighted_loss: 0.1022, label: 1, bag_size: 13646
batch 99, loss: 0.0494, instance_loss: 0.0000, weighted_loss: 0.0346, label: 0, bag_size: 3696
batch 119, loss: 0.0000, instance_loss: 0.0000, weighted_loss: 0.0000, label: 1, bag_size: 5137
batch 139, loss: 0.0022, instance_loss: 0.0018, weighted_loss: 0.0021, label: 1, bag_size: 3354
batch 159, loss: 0.0000, instance_loss: 0.0000, weighted_loss: 0.0000, label: 0, bag_size: 4426
batch 179, loss: 0.0000, instance_loss: 0.0000, weighted_loss: 0.0000, label: 1, bag_size: 2853
batch 199, loss: 0.0000, instance_loss: 0.0000, weighted_loss: 0.0000, label: 1, bag_size: 13571
batch 219, loss: 0.0003, instance_loss: 0.0002, weighted_loss: 0.0003, label: 1, bag_size: 1140
batch 239, loss: 0.0000, instance_loss: 0.0000, weighted_loss: 0.0000, label: 0, bag_size: 2176
batch 259, loss: 0.0000, instance_loss: 0.0000, weighted_loss: 0.0000, label: 0, bag_size: 8244
batch 279, loss: 0.0000, instance_loss: 0.0000, weighted_loss: 0.0000, label: 0, bag_size: 2269
batch 299, loss: 0.0001, instance_loss: 0.0000, weighted_loss: 0.0000, label: 1, bag_size: 5082
batch 319, loss: 0.0005, instance_loss: 0.0000, weighted_loss: 0.0003, label: 1, bag_size: 18621
batch 339, loss: 0.0000, instance_loss: 0.0000, weighted_loss: 0.0000, label: 1, bag_size: 5082
batch 359, loss: 0.0000, instance_loss: 0.0000, weighted_loss: 0.0000, label: 1, bag_size: 7879
batch 379, loss: 0.0011, instance_loss: 0.0035, weighted_loss: 0.0018, label: 1, bag_size: 3354
batch 399, loss: 0.0005, instance_loss: 0.0000, weighted_loss: 0.0004, label: 1, bag_size: 5137
batch 419, loss: 0.0113, instance_loss: 0.0000, weighted_loss: 0.0079, label: 0, bag_size: 10553
batch 439, loss: 0.0000, instance_loss: 0.0005, weighted_loss: 0.0002, label: 1, bag_size: 7879
batch 459, loss: 0.0001, instance_loss: 0.0000, weighted_loss: 0.0001, label: 0, bag_size: 2089
batch 479, loss: 0.0001, instance_loss: 0.0000, weighted_loss: 0.0000, label: 1, bag_size: 5082
batch 499, loss: 0.0000, instance_loss: 0.0000, weighted_loss: 0.0000, label: 1, bag_size: 7879
batch 519, loss: 0.0001, instance_loss: 0.0000, weighted_loss: 0.0001, label: 0, bag_size: 14711
batch 539, loss: 0.0023, instance_loss: 0.0008, weighted_loss: 0.0019, label: 1, bag_size: 1140
batch 559, loss: 0.0001, instance_loss: 0.0000, weighted_loss: 0.0001, label: 0, bag_size: 12980
batch 579, loss: 0.0007, instance_loss: 0.0000, weighted_loss: 0.0005, label: 1, bag_size: 6023
batch 599, loss: 0.0003, instance_loss: 0.0000, weighted_loss: 0.0002, label: 0, bag_size: 20467
batch 619, loss: 0.0025, instance_loss: 0.0000, weighted_loss: 0.0017, label: 0, bag_size: 14601
batch 639, loss: 0.0012, instance_loss: 0.0000, weighted_loss: 0.0008, label: 0, bag_size: 2113
batch 659, loss: 0.0017, instance_loss: 0.0008, weighted_loss: 0.0014, label: 0, bag_size: 3969
batch 679, loss: 0.0001, instance_loss: 0.0000, weighted_loss: 0.0001, label: 1, bag_size: 5082
batch 699, loss: 0.0005, instance_loss: 0.0000, weighted_loss: 0.0003, label: 0, bag_size: 6434
batch 719, loss: 0.0009, instance_loss: 0.0005, weighted_loss: 0.0008, label: 1, bag_size: 2853
batch 739, loss: 0.0006, instance_loss: 0.0000, weighted_loss: 0.0004, label: 1, bag_size: 5137
batch 759, loss: 0.0004, instance_loss: 0.0000, weighted_loss: 0.0003, label: 1, bag_size: 5137
batch 779, loss: 0.0005, instance_loss: 0.0000, weighted_loss: 0.0004, label: 1, bag_size: 5137
batch 799, loss: 0.0028, instance_loss: 0.0000, weighted_loss: 0.0019, label: 1, bag_size: 18621
batch 819, loss: 0.0012, instance_loss: 0.0000, weighted_loss: 0.0008, label: 1, bag_size: 13571
batch 839, loss: 0.0010, instance_loss: 0.0002, weighted_loss: 0.0007, label: 1, bag_size: 3354
batch 859, loss: 0.0005, instance_loss: 0.0000, weighted_loss: 0.0004, label: 1, bag_size: 6023


class 0 clustering acc 1.0: correct 6888/6888
class 1 clustering acc 1.0: correct 6888/6888
Epoch: 11, train_loss: 0.0337, train_clustering_loss:  0.0003, train_error: 0.0105
class 0: acc 0.9907621247113164, correct 429/433
class 1: acc 0.9883177570093458, correct 423/428

Val Set, val_loss: 0.1341, val_error: 0.0276, auc: 0.6651
class 0 clustering acc 0.9965437788018433: correct 1730/1736
class 1 clustering acc 1.0: correct 1736/1736
class 0: acc 0.985981308411215, correct 211/214
class 1: acc 0.0, correct 0/3
EarlyStopping counter: 6 out of 10


batch 19, loss: 0.0000, instance_loss: 0.0000, weighted_loss: 0.0000, label: 0, bag_size: 18243
batch 39, loss: 0.0003, instance_loss: 0.0002, weighted_loss: 0.0003, label: 1, bag_size: 9833
batch 59, loss: 0.0001, instance_loss: 0.0000, weighted_loss: 0.0001, label: 1, bag_size: 4276
batch 79, loss: 0.0001, instance_loss: 0.0000, weighted_loss: 0.0001, label: 1, bag_size: 4276
batch 99, loss: 0.0000, instance_loss: 0.0000, weighted_loss: 0.0000, label: 0, bag_size: 1640
batch 119, loss: 0.0012, instance_loss: 0.0000, weighted_loss: 0.0009, label: 0, bag_size: 15154
batch 139, loss: 0.0022, instance_loss: 0.0000, weighted_loss: 0.0015, label: 1, bag_size: 18621
batch 159, loss: 0.0001, instance_loss: 0.0000, weighted_loss: 0.0001, label: 0, bag_size: 4259
batch 179, loss: 0.0010, instance_loss: 0.0000, weighted_loss: 0.0007, label: 1, bag_size: 13571
batch 199, loss: 0.0008, instance_loss: 0.0000, weighted_loss: 0.0005, label: 1, bag_size: 1140
batch 219, loss: 0.0009, instance_loss: 0.0000, weighted_loss: 0.0006, label: 1, bag_size: 13646
batch 239, loss: 0.0000, instance_loss: 0.0000, weighted_loss: 0.0000, label: 0, bag_size: 1834
batch 259, loss: 0.0010, instance_loss: 0.0012, weighted_loss: 0.0011, label: 1, bag_size: 1140
batch 279, loss: 0.0000, instance_loss: 0.0000, weighted_loss: 0.0000, label: 0, bag_size: 4577
batch 299, loss: 0.0000, instance_loss: 0.0000, weighted_loss: 0.0000, label: 0, bag_size: 3876
batch 319, loss: 0.0013, instance_loss: 0.0000, weighted_loss: 0.0009, label: 0, bag_size: 4544
batch 339, loss: 0.0002, instance_loss: 0.0000, weighted_loss: 0.0001, label: 1, bag_size: 9833
batch 359, loss: 0.0001, instance_loss: 0.0000, weighted_loss: 0.0000, label: 1, bag_size: 4276
batch 379, loss: 0.0007, instance_loss: 0.0000, weighted_loss: 0.0005, label: 1, bag_size: 3354
batch 399, loss: 0.0000, instance_loss: 0.0000, weighted_loss: 0.0000, label: 0, bag_size: 3670
batch 419, loss: 0.0005, instance_loss: 0.0000, weighted_loss: 0.0003, label: 1, bag_size: 6023
batch 439, loss: 0.0168, instance_loss: 0.0000, weighted_loss: 0.0118, label: 1, bag_size: 13646
batch 459, loss: 0.0000, instance_loss: 0.0000, weighted_loss: 0.0000, label: 0, bag_size: 16854
batch 479, loss: 0.0003, instance_loss: 0.0004, weighted_loss: 0.0003, label: 1, bag_size: 9833
batch 499, loss: 0.0015, instance_loss: 0.0000, weighted_loss: 0.0011, label: 1, bag_size: 13646
batch 519, loss: 0.0004, instance_loss: 0.0000, weighted_loss: 0.0003, label: 0, bag_size: 20204
batch 539, loss: 0.0000, instance_loss: 0.0000, weighted_loss: 0.0000, label: 0, bag_size: 5204
batch 559, loss: 0.0001, instance_loss: 0.0000, weighted_loss: 0.0001, label: 0, bag_size: 5487
batch 579, loss: 0.0010, instance_loss: 0.0000, weighted_loss: 0.0007, label: 0, bag_size: 5740
batch 599, loss: 0.0000, instance_loss: 0.0002, weighted_loss: 0.0001, label: 0, bag_size: 1045
batch 619, loss: 0.0000, instance_loss: 0.0000, weighted_loss: 0.0000, label: 0, bag_size: 8770
batch 639, loss: 0.0030, instance_loss: 0.0002, weighted_loss: 0.0022, label: 0, bag_size: 5214
batch 659, loss: 0.0000, instance_loss: 0.0000, weighted_loss: 0.0000, label: 0, bag_size: 10124
batch 679, loss: 0.0006, instance_loss: 0.0000, weighted_loss: 0.0004, label: 1, bag_size: 3354
batch 699, loss: 0.0011, instance_loss: 0.0000, weighted_loss: 0.0008, label: 1, bag_size: 13646
batch 719, loss: 0.0001, instance_loss: 0.0000, weighted_loss: 0.0001, label: 1, bag_size: 4276
batch 739, loss: 0.0001, instance_loss: 0.0000, weighted_loss: 0.0001, label: 1, bag_size: 4276
batch 759, loss: 0.0001, instance_loss: 0.0000, weighted_loss: 0.0001, label: 1, bag_size: 5082
batch 779, loss: 0.0006, instance_loss: 0.0000, weighted_loss: 0.0004, label: 1, bag_size: 3354
batch 799, loss: 0.0003, instance_loss: 0.0000, weighted_loss: 0.0002, label: 1, bag_size: 9833
batch 819, loss: 0.0003, instance_loss: 0.0000, weighted_loss: 0.0002, label: 1, bag_size: 13646
batch 839, loss: 0.0001, instance_loss: 0.0000, weighted_loss: 0.0001, label: 0, bag_size: 6032
batch 859, loss: 0.0000, instance_loss: 0.0000, weighted_loss: 0.0000, label: 0, bag_size: 2974


class 0 clustering acc 1.0: correct 6888/6888
class 1 clustering acc 1.0: correct 6888/6888
Epoch: 12, train_loss: 0.0012, train_clustering_loss:  0.0002, train_error: 0.0000
class 0: acc 1.0, correct 416/416
class 1: acc 1.0, correct 445/445

Val Set, val_loss: 0.1387, val_error: 0.0184, auc: 0.6246
class 0 clustering acc 0.9965437788018433: correct 1730/1736
class 1 clustering acc 1.0: correct 1736/1736
class 0: acc 0.9953271028037384, correct 213/214
class 1: acc 0.0, correct 0/3
EarlyStopping counter: 7 out of 10


batch 19, loss: 0.0000, instance_loss: 0.0004, weighted_loss: 0.0001, label: 0, bag_size: 26941
batch 39, loss: 0.0004, instance_loss: 0.0000, weighted_loss: 0.0003, label: 1, bag_size: 13646
batch 59, loss: 0.0000, instance_loss: 0.0000, weighted_loss: 0.0000, label: 0, bag_size: 18895
batch 79, loss: 0.0002, instance_loss: 0.0004, weighted_loss: 0.0002, label: 0, bag_size: 2226
batch 99, loss: 0.0017, instance_loss: 0.0000, weighted_loss: 0.0012, label: 0, bag_size: 15687
batch 119, loss: 0.0000, instance_loss: 0.0000, weighted_loss: 0.0000, label: 0, bag_size: 1611
batch 139, loss: 0.0000, instance_loss: 0.0000, weighted_loss: 0.0000, label: 0, bag_size: 2602
batch 159, loss: 0.0002, instance_loss: 0.0000, weighted_loss: 0.0001, label: 1, bag_size: 13646
batch 179, loss: 0.0011, instance_loss: 0.0021, weighted_loss: 0.0014, label: 1, bag_size: 18621
batch 199, loss: 0.0000, instance_loss: 0.0000, weighted_loss: 0.0000, label: 0, bag_size: 8115
batch 219, loss: 0.0000, instance_loss: 0.0000, weighted_loss: 0.0000, label: 1, bag_size: 4276
batch 239, loss: 0.0000, instance_loss: 0.0000, weighted_loss: 0.0000, label: 0, bag_size: 5161
batch 259, loss: 0.0000, instance_loss: 0.0000, weighted_loss: 0.0000, label: 1, bag_size: 5082
batch 279, loss: 0.0000, instance_loss: 0.0000, weighted_loss: 0.0000, label: 0, bag_size: 3917
batch 299, loss: 0.0003, instance_loss: 0.0000, weighted_loss: 0.0002, label: 1, bag_size: 6023
batch 319, loss: 0.0000, instance_loss: 0.0000, weighted_loss: 0.0000, label: 0, bag_size: 13470
batch 339, loss: 0.0000, instance_loss: 0.0000, weighted_loss: 0.0000, label: 1, bag_size: 7879
batch 359, loss: 0.0000, instance_loss: 0.0000, weighted_loss: 0.0000, label: 0, bag_size: 2736
batch 379, loss: 0.0003, instance_loss: 0.0000, weighted_loss: 0.0002, label: 1, bag_size: 5137
batch 399, loss: 0.0000, instance_loss: 0.0000, weighted_loss: 0.0000, label: 0, bag_size: 3066
batch 419, loss: 0.0000, instance_loss: 0.0000, weighted_loss: 0.0000, label: 1, bag_size: 7879
batch 439, loss: 0.0000, instance_loss: 0.0000, weighted_loss: 0.0000, label: 1, bag_size: 5137
batch 459, loss: 0.1033, instance_loss: 0.0018, weighted_loss: 0.0728, label: 0, bag_size: 12513
batch 479, loss: 0.0000, instance_loss: 0.0000, weighted_loss: 0.0000, label: 1, bag_size: 5082
batch 499, loss: 0.0000, instance_loss: 0.0000, weighted_loss: 0.0000, label: 1, bag_size: 5137
batch 519, loss: 0.0000, instance_loss: 0.0000, weighted_loss: 0.0000, label: 0, bag_size: 16350
batch 539, loss: 0.0000, instance_loss: 0.0000, weighted_loss: 0.0000, label: 0, bag_size: 9896
batch 559, loss: 0.0000, instance_loss: 0.0000, weighted_loss: 0.0000, label: 0, bag_size: 13275
batch 579, loss: 0.0000, instance_loss: 0.0000, weighted_loss: 0.0000, label: 1, bag_size: 18621
batch 599, loss: 0.0000, instance_loss: 0.0000, weighted_loss: 0.0000, label: 0, bag_size: 2176
batch 619, loss: 0.0000, instance_loss: 0.0000, weighted_loss: 0.0000, label: 0, bag_size: 1406
batch 639, loss: 0.0007, instance_loss: 0.0000, weighted_loss: 0.0005, label: 0, bag_size: 6384
batch 659, loss: 0.0001, instance_loss: 0.0002, weighted_loss: 0.0002, label: 1, bag_size: 9833
batch 679, loss: 0.0004, instance_loss: 0.0000, weighted_loss: 0.0003, label: 0, bag_size: 9388
batch 699, loss: 0.0000, instance_loss: 0.0000, weighted_loss: 0.0000, label: 0, bag_size: 5161
batch 719, loss: 0.0034, instance_loss: 0.0002, weighted_loss: 0.0024, label: 0, bag_size: 3205
batch 739, loss: 0.0002, instance_loss: 0.0000, weighted_loss: 0.0001, label: 1, bag_size: 1140
batch 759, loss: 0.0000, instance_loss: 0.0000, weighted_loss: 0.0000, label: 1, bag_size: 5082
batch 779, loss: 0.0000, instance_loss: 0.0000, weighted_loss: 0.0000, label: 1, bag_size: 4276
batch 799, loss: 0.0000, instance_loss: 0.0003, weighted_loss: 0.0001, label: 1, bag_size: 5082
batch 819, loss: 0.0002, instance_loss: 0.0000, weighted_loss: 0.0001, label: 1, bag_size: 13646
batch 839, loss: 0.0000, instance_loss: 0.0000, weighted_loss: 0.0000, label: 1, bag_size: 9833
batch 859, loss: 0.0000, instance_loss: 0.0007, weighted_loss: 0.0002, label: 1, bag_size: 2853


class 0 clustering acc 0.9998548199767712: correct 6887/6888
class 1 clustering acc 1.0: correct 6888/6888
Epoch: 13, train_loss: 0.0120, train_clustering_loss:  0.0004, train_error: 0.0046
class 0: acc 0.9977728285077951, correct 448/449
class 1: acc 0.9927184466019418, correct 409/412

Val Set, val_loss: 0.1641, val_error: 0.0184, auc: 0.5826
class 0 clustering acc 0.9971198156682027: correct 1731/1736
class 1 clustering acc 1.0: correct 1736/1736
class 0: acc 0.9953271028037384, correct 213/214
class 1: acc 0.0, correct 0/3
EarlyStopping counter: 8 out of 10


batch 19, loss: 0.0000, instance_loss: 0.0000, weighted_loss: 0.0000, label: 1, bag_size: 9833
batch 39, loss: 0.0001, instance_loss: 0.0000, weighted_loss: 0.0001, label: 0, bag_size: 3007
batch 59, loss: 0.0000, instance_loss: 0.0000, weighted_loss: 0.0000, label: 0, bag_size: 7519
batch 79, loss: 0.0001, instance_loss: 0.0000, weighted_loss: 0.0001, label: 1, bag_size: 13571
batch 99, loss: 0.0000, instance_loss: 0.0000, weighted_loss: 0.0000, label: 0, bag_size: 3681
batch 119, loss: 2.5384, instance_loss: 0.0160, weighted_loss: 1.7817, label: 1, bag_size: 18621
batch 139, loss: 0.0002, instance_loss: 0.0000, weighted_loss: 0.0001, label: 1, bag_size: 3354
batch 159, loss: 0.0001, instance_loss: 0.0000, weighted_loss: 0.0001, label: 1, bag_size: 5137
batch 179, loss: 0.0000, instance_loss: 0.0000, weighted_loss: 0.0000, label: 0, bag_size: 5098
batch 199, loss: 0.0002, instance_loss: 0.0003, weighted_loss: 0.0002, label: 1, bag_size: 3354
batch 219, loss: 0.0000, instance_loss: 0.0000, weighted_loss: 0.0000, label: 0, bag_size: 5169
batch 239, loss: 0.0000, instance_loss: 0.0033, weighted_loss: 0.0010, label: 1, bag_size: 5082
batch 259, loss: 0.0011, instance_loss: 0.0143, weighted_loss: 0.0051, label: 1, bag_size: 7879
batch 279, loss: 0.0000, instance_loss: 0.0037, weighted_loss: 0.0011, label: 1, bag_size: 7879
batch 299, loss: 0.0000, instance_loss: 0.0000, weighted_loss: 0.0000, label: 0, bag_size: 7722
batch 319, loss: 0.0000, instance_loss: 0.0002, weighted_loss: 0.0001, label: 1, bag_size: 9833
batch 339, loss: 0.0000, instance_loss: 0.0010, weighted_loss: 0.0003, label: 1, bag_size: 2853
batch 359, loss: 0.0000, instance_loss: 0.0000, weighted_loss: 0.0000, label: 0, bag_size: 1732
batch 379, loss: 0.0000, instance_loss: 0.0000, weighted_loss: 0.0000, label: 0, bag_size: 4919
batch 399, loss: 0.0000, instance_loss: 0.0000, weighted_loss: 0.0000, label: 0, bag_size: 6344
batch 419, loss: 0.0005, instance_loss: 0.0008, weighted_loss: 0.0006, label: 1, bag_size: 1140
batch 439, loss: 0.0000, instance_loss: 0.0039, weighted_loss: 0.0012, label: 1, bag_size: 4276
batch 459, loss: 0.0000, instance_loss: 0.0000, weighted_loss: 0.0000, label: 1, bag_size: 2853
batch 479, loss: 0.0000, instance_loss: 0.0000, weighted_loss: 0.0000, label: 0, bag_size: 3232
batch 499, loss: 0.0002, instance_loss: 0.0000, weighted_loss: 0.0001, label: 0, bag_size: 3771
batch 519, loss: 0.0000, instance_loss: 0.0026, weighted_loss: 0.0008, label: 1, bag_size: 7879
batch 539, loss: 0.0000, instance_loss: 0.0000, weighted_loss: 0.0000, label: 1, bag_size: 13571
batch 559, loss: 0.0000, instance_loss: 0.0000, weighted_loss: 0.0000, label: 0, bag_size: 8270
batch 579, loss: 0.0000, instance_loss: 0.0000, weighted_loss: 0.0000, label: 1, bag_size: 13571
batch 599, loss: 0.0000, instance_loss: 0.0002, weighted_loss: 0.0001, label: 0, bag_size: 16076
batch 619, loss: 0.0001, instance_loss: 0.0000, weighted_loss: 0.0001, label: 1, bag_size: 3354
batch 639, loss: 0.0000, instance_loss: 0.0002, weighted_loss: 0.0001, label: 0, bag_size: 16840
batch 659, loss: 0.0002, instance_loss: 0.0000, weighted_loss: 0.0002, label: 0, bag_size: 4791
batch 679, loss: 0.0000, instance_loss: 0.0007, weighted_loss: 0.0002, label: 0, bag_size: 17528
batch 699, loss: 0.0000, instance_loss: 0.0002, weighted_loss: 0.0001, label: 0, bag_size: 6434
batch 719, loss: 0.0000, instance_loss: 0.0021, weighted_loss: 0.0006, label: 0, bag_size: 6432
batch 739, loss: 0.0012, instance_loss: 0.0000, weighted_loss: 0.0008, label: 1, bag_size: 4276
batch 759, loss: 0.0037, instance_loss: 0.0000, weighted_loss: 0.0026, label: 1, bag_size: 3354
batch 779, loss: 0.0000, instance_loss: 0.0006, weighted_loss: 0.0002, label: 0, bag_size: 1045
batch 799, loss: 0.0000, instance_loss: 0.0000, weighted_loss: 0.0000, label: 0, bag_size: 15270
batch 819, loss: 0.0002, instance_loss: 0.0002, weighted_loss: 0.0002, label: 1, bag_size: 5082
batch 839, loss: 0.0016, instance_loss: 0.0000, weighted_loss: 0.0011, label: 1, bag_size: 6023
batch 859, loss: 0.0002, instance_loss: 0.0005, weighted_loss: 0.0003, label: 0, bag_size: 1351


class 0 clustering acc 0.9998548199767712: correct 6887/6888
class 1 clustering acc 1.0: correct 6888/6888
Epoch: 14, train_loss: 0.0248, train_clustering_loss:  0.0010, train_error: 0.0081
class 0: acc 0.9907621247113164, correct 429/433
class 1: acc 0.9929906542056075, correct 425/428

Val Set, val_loss: 0.1494, val_error: 0.0276, auc: 0.6573
class 0 clustering acc 0.9971198156682027: correct 1731/1736
class 1 clustering acc 1.0: correct 1736/1736
class 0: acc 0.985981308411215, correct 211/214
class 1: acc 0.0, correct 0/3
EarlyStopping counter: 9 out of 10


batch 19, loss: 0.0000, instance_loss: 0.0000, weighted_loss: 0.0000, label: 0, bag_size: 14684
batch 39, loss: 0.0003, instance_loss: 0.0003, weighted_loss: 0.0003, label: 1, bag_size: 9833
batch 59, loss: 0.0005, instance_loss: 0.0000, weighted_loss: 0.0004, label: 1, bag_size: 9833
batch 79, loss: 0.0000, instance_loss: 0.0005, weighted_loss: 0.0001, label: 0, bag_size: 5268
batch 99, loss: 0.0050, instance_loss: 0.0000, weighted_loss: 0.0035, label: 1, bag_size: 18621
batch 119, loss: 0.0000, instance_loss: 0.0000, weighted_loss: 0.0000, label: 1, bag_size: 13646
batch 139, loss: 0.0004, instance_loss: 0.0000, weighted_loss: 0.0003, label: 1, bag_size: 9833
batch 159, loss: 0.0000, instance_loss: 0.0000, weighted_loss: 0.0000, label: 0, bag_size: 2926
batch 179, loss: 0.0000, instance_loss: 0.0005, weighted_loss: 0.0002, label: 1, bag_size: 2853
batch 199, loss: 0.0002, instance_loss: 0.0003, weighted_loss: 0.0002, label: 1, bag_size: 9833
batch 219, loss: 0.0000, instance_loss: 0.0003, weighted_loss: 0.0001, label: 0, bag_size: 20692
batch 239, loss: 0.0000, instance_loss: 0.0000, weighted_loss: 0.0000, label: 1, bag_size: 5137
batch 259, loss: 0.0000, instance_loss: 0.0000, weighted_loss: 0.0000, label: 0, bag_size: 16854
batch 279, loss: 0.0009, instance_loss: 0.0007, weighted_loss: 0.0009, label: 1, bag_size: 1140
batch 299, loss: 0.0000, instance_loss: 0.0000, weighted_loss: 0.0000, label: 0, bag_size: 22061
batch 319, loss: 0.0000, instance_loss: 0.0002, weighted_loss: 0.0001, label: 0, bag_size: 16798
batch 339, loss: 0.0003, instance_loss: 0.0005, weighted_loss: 0.0004, label: 1, bag_size: 5082
batch 359, loss: 0.0010, instance_loss: 0.0000, weighted_loss: 0.0007, label: 1, bag_size: 6023
batch 379, loss: 0.0005, instance_loss: 0.0000, weighted_loss: 0.0004, label: 1, bag_size: 6023
batch 399, loss: 0.0003, instance_loss: 0.0003, weighted_loss: 0.0003, label: 0, bag_size: 6384
batch 419, loss: 0.0000, instance_loss: 0.0000, weighted_loss: 0.0000, label: 0, bag_size: 56808
batch 439, loss: 0.0000, instance_loss: 0.0015, weighted_loss: 0.0005, label: 0, bag_size: 1181
batch 459, loss: 0.0000, instance_loss: 0.0000, weighted_loss: 0.0000, label: 0, bag_size: 4932
batch 479, loss: 0.0002, instance_loss: 0.0000, weighted_loss: 0.0001, label: 0, bag_size: 2300
batch 499, loss: 0.0000, instance_loss: 0.0000, weighted_loss: 0.0000, label: 0, bag_size: 2766
batch 519, loss: 0.0000, instance_loss: 0.0000, weighted_loss: 0.0000, label: 1, bag_size: 4276
batch 539, loss: 0.0002, instance_loss: 0.0000, weighted_loss: 0.0001, label: 1, bag_size: 9833
batch 559, loss: 0.0000, instance_loss: 0.0000, weighted_loss: 0.0000, label: 0, bag_size: 20043
batch 579, loss: 0.0001, instance_loss: 0.0000, weighted_loss: 0.0000, label: 1, bag_size: 5137
batch 599, loss: 0.0001, instance_loss: 0.0034, weighted_loss: 0.0011, label: 1, bag_size: 9833
batch 619, loss: 0.0000, instance_loss: 0.0000, weighted_loss: 0.0000, label: 1, bag_size: 2853
batch 639, loss: 0.0005, instance_loss: 0.0000, weighted_loss: 0.0004, label: 0, bag_size: 2464
batch 659, loss: 0.0000, instance_loss: 0.0000, weighted_loss: 0.0000, label: 1, bag_size: 5137
batch 679, loss: 0.0000, instance_loss: 0.0010, weighted_loss: 0.0003, label: 1, bag_size: 5082
batch 699, loss: 0.0007, instance_loss: 0.0000, weighted_loss: 0.0005, label: 1, bag_size: 13571
batch 719, loss: 0.0000, instance_loss: 0.0004, weighted_loss: 0.0001, label: 0, bag_size: 15521
batch 739, loss: 0.0000, instance_loss: 0.0000, weighted_loss: 0.0000, label: 0, bag_size: 22949
batch 759, loss: 0.0154, instance_loss: 0.0000, weighted_loss: 0.0108, label: 1, bag_size: 9833
batch 779, loss: 0.0004, instance_loss: 0.0000, weighted_loss: 0.0003, label: 1, bag_size: 13571
batch 799, loss: 0.0002, instance_loss: 0.0000, weighted_loss: 0.0001, label: 0, bag_size: 7261
batch 819, loss: 0.0001, instance_loss: 0.0000, weighted_loss: 0.0001, label: 1, bag_size: 1140
batch 839, loss: 0.0004, instance_loss: 0.0000, weighted_loss: 0.0003, label: 1, bag_size: 13571
batch 859, loss: 0.0000, instance_loss: 0.0004, weighted_loss: 0.0001, label: 1, bag_size: 7879


class 0 clustering acc 1.0: correct 6888/6888
class 1 clustering acc 1.0: correct 6888/6888
Epoch: 15, train_loss: 0.0040, train_clustering_loss:  0.0004, train_error: 0.0000
class 0: acc 1.0, correct 420/420
class 1: acc 1.0, correct 441/441

Val Set, val_loss: 0.1750, val_error: 0.0276, auc: 0.6184
class 0 clustering acc 0.9971198156682027: correct 1731/1736
class 1 clustering acc 1.0: correct 1736/1736
class 0: acc 0.985981308411215, correct 211/214
class 1: acc 0.0, correct 0/3
EarlyStopping counter: 10 out of 10
Early stopping
Val error: 0.0138, ROC AUC: 0.6231
CV validation error: 0.0138, ROC AUC: 0.6231
class 0: acc 1.0, correct 214/214
class 1: acc 0.0, correct 0/3
Future event metrics: {"fold": 2, "events": 105, "positive_events": 1, "event_average_precision": 0.03333333333333333, "event_roc_auc": 0.7211538461538461, "event_brier": 0.009949915262906506, "aggregation": "mean probability across all included stains/slides of same patient/anchor date", "exploratory_cv_not_independent_final_test": true}

Training Fold 3!

Init train/val/test splits... 
Done!
Training on 886 samples
Validating on 192 samples
Testing on 0 samples

Init loss function... Done!

Init Model... Setting tau to 1.0
Done!
CLAM_SB(
  (attention_net): Sequential(
    (0): Linear(in_features=1536, out_features=512, bias=True)
    (1): ReLU()
    (2): Dropout(p=0.25, inplace=False)
    (3): Attn_Net_Gated(
      (attention_a): Sequential(
        (0): Linear(in_features=512, out_features=256, bias=True)
        (1): Tanh()
        (2): Dropout(p=0.25, inplace=False)
      )
      (attention_b): Sequential(
        (0): Linear(in_features=512, out_features=256, bias=True)
        (1): Sigmoid()
        (2): Dropout(p=0.25, inplace=False)
      )
      (attention_c): Linear(in_features=256, out_features=1, bias=True)
    )
  )
  (classifiers): Linear(in_features=512, out_features=2, bias=True)
  (instance_classifiers): ModuleList(
    (0-1): 2 x Linear(in_features=512, out_features=2, bias=True)
  )
  (instance_loss_fn): SmoothTop1SVM()
)
Total number of parameters: 1052935
Total number of trainable parameters: 1052935

Init optimizer ... Done!

Init Loaders... Done!

Setup EarlyStopping... Done!


batch 19, loss: 1.5473, instance_loss: 0.6832, weighted_loss: 1.2881, label: 0, bag_size: 6812
batch 39, loss: 0.2273, instance_loss: 0.2180, weighted_loss: 0.2245, label: 0, bag_size: 10923
batch 59, loss: 1.5092, instance_loss: 0.0971, weighted_loss: 1.0855, label: 0, bag_size: 3696
batch 79, loss: 0.9544, instance_loss: 0.0567, weighted_loss: 0.6851, label: 0, bag_size: 3118
batch 99, loss: 0.4489, instance_loss: 0.0086, weighted_loss: 0.3168, label: 0, bag_size: 8138
batch 119, loss: 0.0230, instance_loss: 0.0049, weighted_loss: 0.0175, label: 0, bag_size: 18431
batch 139, loss: 0.8119, instance_loss: 0.0653, weighted_loss: 0.5879, label: 0, bag_size: 3550
batch 159, loss: 0.4414, instance_loss: 0.0031, weighted_loss: 0.3099, label: 1, bag_size: 7879
batch 179, loss: 0.4106, instance_loss: 0.0094, weighted_loss: 0.2902, label: 0, bag_size: 9852
batch 199, loss: 1.0587, instance_loss: 0.0048, weighted_loss: 0.7425, label: 1, bag_size: 6023
batch 219, loss: 0.2510, instance_loss: 0.0018, weighted_loss: 0.1762, label: 0, bag_size: 3697
batch 239, loss: 0.6153, instance_loss: 0.0534, weighted_loss: 0.4467, label: 0, bag_size: 4804
batch 259, loss: 0.4221, instance_loss: 0.0269, weighted_loss: 0.3036, label: 0, bag_size: 3205
batch 279, loss: 0.5407, instance_loss: 0.0053, weighted_loss: 0.3800, label: 0, bag_size: 6239
batch 299, loss: 0.0211, instance_loss: 0.0000, weighted_loss: 0.0148, label: 0, bag_size: 15045
batch 319, loss: 0.4409, instance_loss: 0.0306, weighted_loss: 0.3178, label: 1, bag_size: 5082
batch 339, loss: 0.0711, instance_loss: 0.0164, weighted_loss: 0.0547, label: 1, bag_size: 5137
batch 359, loss: 0.0000, instance_loss: 0.0000, weighted_loss: 0.0000, label: 0, bag_size: 15090
batch 379, loss: 0.5073, instance_loss: 0.0047, weighted_loss: 0.3565, label: 1, bag_size: 7879
batch 399, loss: 0.0614, instance_loss: 0.0161, weighted_loss: 0.0478, label: 1, bag_size: 5137
batch 419, loss: 0.7857, instance_loss: 0.0039, weighted_loss: 0.5512, label: 1, bag_size: 7879
batch 439, loss: 0.0001, instance_loss: 0.0000, weighted_loss: 0.0001, label: 0, bag_size: 18267
batch 459, loss: 0.1696, instance_loss: 0.0059, weighted_loss: 0.1205, label: 0, bag_size: 13636
batch 479, loss: 1.0535, instance_loss: 0.0369, weighted_loss: 0.7485, label: 0, bag_size: 3232
batch 499, loss: 0.0286, instance_loss: 0.0337, weighted_loss: 0.0302, label: 1, bag_size: 14318
batch 519, loss: 0.1840, instance_loss: 0.0106, weighted_loss: 0.1320, label: 1, bag_size: 14318
batch 539, loss: 0.1916, instance_loss: 0.3978, weighted_loss: 0.2535, label: 1, bag_size: 9833
batch 559, loss: 0.2875, instance_loss: 0.2040, weighted_loss: 0.2624, label: 1, bag_size: 5082
batch 579, loss: 0.2502, instance_loss: 0.3727, weighted_loss: 0.2869, label: 1, bag_size: 5082
batch 599, loss: 0.0034, instance_loss: 0.1429, weighted_loss: 0.0452, label: 1, bag_size: 5082
batch 619, loss: 0.0242, instance_loss: 0.0845, weighted_loss: 0.0423, label: 1, bag_size: 14318
batch 639, loss: 0.0000, instance_loss: 0.1143, weighted_loss: 0.0343, label: 0, bag_size: 19134
batch 659, loss: 1.3325, instance_loss: 0.0574, weighted_loss: 0.9500, label: 1, bag_size: 2853
batch 679, loss: 1.4756, instance_loss: 0.0565, weighted_loss: 1.0498, label: 0, bag_size: 6578
batch 699, loss: 0.7050, instance_loss: 0.1390, weighted_loss: 0.5352, label: 0, bag_size: 9370
batch 719, loss: 0.0152, instance_loss: 0.1913, weighted_loss: 0.0680, label: 1, bag_size: 5137
batch 739, loss: 2.4626, instance_loss: 0.0659, weighted_loss: 1.7436, label: 0, bag_size: 4324
batch 759, loss: 0.0190, instance_loss: 0.0116, weighted_loss: 0.0168, label: 1, bag_size: 4276
batch 779, loss: 0.0090, instance_loss: 0.0052, weighted_loss: 0.0079, label: 0, bag_size: 3137
batch 799, loss: 1.1972, instance_loss: 0.0929, weighted_loss: 0.8660, label: 1, bag_size: 9833
batch 819, loss: 0.1079, instance_loss: 0.0162, weighted_loss: 0.0804, label: 1, bag_size: 7733
batch 839, loss: 1.2302, instance_loss: 0.0205, weighted_loss: 0.8673, label: 0, bag_size: 3854
batch 859, loss: 0.0022, instance_loss: 0.0029, weighted_loss: 0.0024, label: 0, bag_size: 4213
batch 879, loss: 0.2705, instance_loss: 0.0302, weighted_loss: 0.1984, label: 1, bag_size: 6023


class 0 clustering acc 0.9849040632054176: correct 6981/7088
class 1 clustering acc 0.9864559819413092: correct 6992/7088
Epoch: 0, train_loss: 0.3962, train_clustering_loss:  0.1087, train_error: 0.1975
class 0: acc 0.7741273100616016, correct 377/487
class 1: acc 0.8370927318295739, correct 334/399

Val Set, val_loss: 0.3387, val_error: 0.1094, auc: 0.3465
class 0 clustering acc 1.0: correct 1536/1536
class 1 clustering acc 0.998046875: correct 1533/1536
class 0: acc 0.9144385026737968, correct 171/187
class 1: acc 0.0, correct 0/5
Validation loss decreased (inf --> 0.338686).  Saving model ...


batch 19, loss: 0.0002, instance_loss: 0.0061, weighted_loss: 0.0019, label: 0, bag_size: 25528
batch 39, loss: 1.2494, instance_loss: 0.0927, weighted_loss: 0.9024, label: 0, bag_size: 2226
batch 59, loss: 0.0002, instance_loss: 0.0082, weighted_loss: 0.0026, label: 0, bag_size: 3771
batch 79, loss: 0.1511, instance_loss: 0.0309, weighted_loss: 0.1151, label: 0, bag_size: 14853
batch 99, loss: 0.0070, instance_loss: 0.0667, weighted_loss: 0.0249, label: 1, bag_size: 4276
batch 119, loss: 0.0733, instance_loss: 0.0553, weighted_loss: 0.0679, label: 1, bag_size: 7879
batch 139, loss: 0.0337, instance_loss: 0.2066, weighted_loss: 0.0856, label: 1, bag_size: 5082
batch 159, loss: 0.1227, instance_loss: 0.4809, weighted_loss: 0.2301, label: 1, bag_size: 2853
batch 179, loss: 0.1138, instance_loss: 0.0974, weighted_loss: 0.1089, label: 0, bag_size: 1227
batch 199, loss: 0.0407, instance_loss: 0.0319, weighted_loss: 0.0381, label: 1, bag_size: 4276
batch 219, loss: 0.0000, instance_loss: 0.0046, weighted_loss: 0.0014, label: 0, bag_size: 11611
batch 239, loss: 0.0083, instance_loss: 0.0084, weighted_loss: 0.0083, label: 1, bag_size: 14318
batch 259, loss: 0.3750, instance_loss: 0.0423, weighted_loss: 0.2752, label: 0, bag_size: 2330
batch 279, loss: 0.0287, instance_loss: 0.0394, weighted_loss: 0.0319, label: 1, bag_size: 7879
batch 299, loss: 0.0520, instance_loss: 0.0882, weighted_loss: 0.0628, label: 1, bag_size: 7879
batch 319, loss: 0.0312, instance_loss: 0.0268, weighted_loss: 0.0299, label: 1, bag_size: 7733
batch 339, loss: 0.0001, instance_loss: 0.0089, weighted_loss: 0.0028, label: 0, bag_size: 17986
batch 359, loss: 0.3776, instance_loss: 0.0229, weighted_loss: 0.2712, label: 0, bag_size: 4061
batch 379, loss: 0.0004, instance_loss: 0.0000, weighted_loss: 0.0003, label: 0, bag_size: 12415
batch 399, loss: 0.0075, instance_loss: 0.0198, weighted_loss: 0.0112, label: 1, bag_size: 5137
batch 419, loss: 0.0901, instance_loss: 0.0333, weighted_loss: 0.0730, label: 1, bag_size: 7879
batch 439, loss: 0.0593, instance_loss: 0.0330, weighted_loss: 0.0514, label: 1, bag_size: 6023
batch 459, loss: 0.0056, instance_loss: 0.0275, weighted_loss: 0.0121, label: 1, bag_size: 5137
batch 479, loss: 0.0004, instance_loss: 0.0033, weighted_loss: 0.0013, label: 0, bag_size: 4760
batch 499, loss: 0.0001, instance_loss: 0.0438, weighted_loss: 0.0132, label: 0, bag_size: 1834
batch 519, loss: 0.0002, instance_loss: 0.0172, weighted_loss: 0.0053, label: 1, bag_size: 7879
batch 539, loss: 0.0011, instance_loss: 0.0004, weighted_loss: 0.0009, label: 0, bag_size: 2770
batch 559, loss: 0.5720, instance_loss: 0.0146, weighted_loss: 0.4048, label: 1, bag_size: 4276
batch 579, loss: 0.0024, instance_loss: 0.0336, weighted_loss: 0.0117, label: 1, bag_size: 5137
batch 599, loss: 0.0014, instance_loss: 0.0019, weighted_loss: 0.0016, label: 0, bag_size: 3859
batch 619, loss: 0.2453, instance_loss: 0.0180, weighted_loss: 0.1771, label: 1, bag_size: 9833
batch 639, loss: 0.0000, instance_loss: 0.0007, weighted_loss: 0.0002, label: 0, bag_size: 3253
batch 659, loss: 0.0001, instance_loss: 0.0006, weighted_loss: 0.0003, label: 0, bag_size: 21888
batch 679, loss: 0.0003, instance_loss: 0.0027, weighted_loss: 0.0010, label: 0, bag_size: 1834
batch 699, loss: 0.0003, instance_loss: 0.0002, weighted_loss: 0.0003, label: 0, bag_size: 4791
batch 719, loss: 0.0004, instance_loss: 0.0019, weighted_loss: 0.0009, label: 1, bag_size: 4276
batch 739, loss: 0.0000, instance_loss: 0.0000, weighted_loss: 0.0000, label: 0, bag_size: 19793
batch 759, loss: 0.0030, instance_loss: 0.0384, weighted_loss: 0.0136, label: 1, bag_size: 7733
batch 779, loss: 0.0003, instance_loss: 0.0027, weighted_loss: 0.0010, label: 0, bag_size: 17359
batch 799, loss: 0.0020, instance_loss: 0.0438, weighted_loss: 0.0146, label: 1, bag_size: 7733
batch 819, loss: 0.0000, instance_loss: 0.0002, weighted_loss: 0.0001, label: 0, bag_size: 17101
batch 839, loss: 0.0046, instance_loss: 0.0008, weighted_loss: 0.0034, label: 0, bag_size: 6548
batch 859, loss: 0.0049, instance_loss: 0.0109, weighted_loss: 0.0067, label: 1, bag_size: 4365
batch 879, loss: 0.0010, instance_loss: 0.0253, weighted_loss: 0.0083, label: 1, bag_size: 5137


class 0 clustering acc 0.998589164785553: correct 7078/7088
class 1 clustering acc 0.9933690744920993: correct 7041/7088
Epoch: 1, train_loss: 0.1020, train_clustering_loss:  0.0562, train_error: 0.0350
class 0: acc 0.9585152838427947, correct 439/458
class 1: acc 0.9719626168224299, correct 416/428

Val Set, val_loss: 0.2920, val_error: 0.0521, auc: 0.3455
class 0 clustering acc 1.0: correct 1536/1536
class 1 clustering acc 1.0: correct 1536/1536
class 0: acc 0.9732620320855615, correct 182/187
class 1: acc 0.0, correct 0/5
Validation loss decreased (0.338686 --> 0.291970).  Saving model ...


batch 19, loss: 0.0003, instance_loss: 0.0021, weighted_loss: 0.0009, label: 1, bag_size: 4276
batch 39, loss: 0.0042, instance_loss: 0.0030, weighted_loss: 0.0038, label: 0, bag_size: 5809
batch 59, loss: 0.0002, instance_loss: 0.8409, weighted_loss: 0.2524, label: 0, bag_size: 1179
batch 79, loss: 0.0094, instance_loss: 0.0042, weighted_loss: 0.0079, label: 1, bag_size: 4365
batch 99, loss: 0.0173, instance_loss: 0.0017, weighted_loss: 0.0126, label: 0, bag_size: 6312
batch 119, loss: 0.0040, instance_loss: 0.0080, weighted_loss: 0.0052, label: 1, bag_size: 14318
batch 139, loss: 0.0047, instance_loss: 0.0098, weighted_loss: 0.0062, label: 1, bag_size: 5137
batch 159, loss: 0.0004, instance_loss: 0.0010, weighted_loss: 0.0006, label: 1, bag_size: 4276
batch 179, loss: 0.0004, instance_loss: 0.0000, weighted_loss: 0.0003, label: 1, bag_size: 4276
batch 199, loss: 0.0008, instance_loss: 0.0027, weighted_loss: 0.0013, label: 1, bag_size: 7733
batch 219, loss: 0.0009, instance_loss: 0.0145, weighted_loss: 0.0050, label: 0, bag_size: 4259
batch 239, loss: 0.0009, instance_loss: 0.0063, weighted_loss: 0.0026, label: 1, bag_size: 7733
batch 259, loss: 0.0002, instance_loss: 0.0028, weighted_loss: 0.0010, label: 0, bag_size: 9786
batch 279, loss: 0.0094, instance_loss: 0.0145, weighted_loss: 0.0109, label: 1, bag_size: 2853
batch 299, loss: 0.0003, instance_loss: 0.0005, weighted_loss: 0.0004, label: 0, bag_size: 13564
batch 319, loss: 0.0007, instance_loss: 0.0100, weighted_loss: 0.0035, label: 0, bag_size: 8158
batch 339, loss: 0.0010, instance_loss: 0.0008, weighted_loss: 0.0009, label: 0, bag_size: 3016
batch 359, loss: 0.0088, instance_loss: 0.0015, weighted_loss: 0.0066, label: 1, bag_size: 4276
batch 379, loss: 0.0032, instance_loss: 0.0042, weighted_loss: 0.0035, label: 1, bag_size: 4365
batch 399, loss: 0.0110, instance_loss: 0.0027, weighted_loss: 0.0085, label: 1, bag_size: 4276
batch 419, loss: 0.0148, instance_loss: 0.0041, weighted_loss: 0.0116, label: 0, bag_size: 3166
batch 439, loss: 0.0022, instance_loss: 0.0030, weighted_loss: 0.0025, label: 1, bag_size: 5082
batch 459, loss: 0.0003, instance_loss: 0.0024, weighted_loss: 0.0009, label: 0, bag_size: 1615
batch 479, loss: 0.0005, instance_loss: 0.0109, weighted_loss: 0.0036, label: 1, bag_size: 5137
batch 499, loss: 0.0005, instance_loss: 0.0000, weighted_loss: 0.0003, label: 0, bag_size: 21466
batch 519, loss: 0.0008, instance_loss: 0.0127, weighted_loss: 0.0043, label: 1, bag_size: 5137
batch 539, loss: 0.0000, instance_loss: 0.0005, weighted_loss: 0.0002, label: 0, bag_size: 20083
batch 559, loss: 0.0026, instance_loss: 0.0010, weighted_loss: 0.0022, label: 1, bag_size: 7733
batch 579, loss: 0.0014, instance_loss: 0.0020, weighted_loss: 0.0016, label: 1, bag_size: 7733
batch 599, loss: 0.0012, instance_loss: 0.0074, weighted_loss: 0.0031, label: 1, bag_size: 14318
batch 619, loss: 0.0008, instance_loss: 0.0026, weighted_loss: 0.0014, label: 1, bag_size: 6023
batch 639, loss: 0.0008, instance_loss: 0.0011, weighted_loss: 0.0009, label: 0, bag_size: 3665
batch 659, loss: 0.0018, instance_loss: 0.0042, weighted_loss: 0.0025, label: 1, bag_size: 7733
batch 679, loss: 0.2307, instance_loss: 0.0656, weighted_loss: 0.1812, label: 0, bag_size: 2032
batch 699, loss: 0.0052, instance_loss: 0.0012, weighted_loss: 0.0040, label: 0, bag_size: 1414
batch 719, loss: 0.0007, instance_loss: 0.0092, weighted_loss: 0.0032, label: 1, bag_size: 5137
batch 739, loss: 0.0000, instance_loss: 0.0017, weighted_loss: 0.0005, label: 0, bag_size: 18256
batch 759, loss: 0.0022, instance_loss: 0.0009, weighted_loss: 0.0018, label: 1, bag_size: 7733
batch 779, loss: 0.0054, instance_loss: 0.0050, weighted_loss: 0.0053, label: 1, bag_size: 2853
batch 799, loss: 0.0003, instance_loss: 0.0027, weighted_loss: 0.0010, label: 1, bag_size: 6023
batch 819, loss: 0.0001, instance_loss: 0.0004, weighted_loss: 0.0002, label: 0, bag_size: 1868
batch 839, loss: 0.0000, instance_loss: 0.0011, weighted_loss: 0.0003, label: 0, bag_size: 5456
batch 859, loss: 0.0010, instance_loss: 0.0083, weighted_loss: 0.0032, label: 1, bag_size: 5137
batch 879, loss: 0.0000, instance_loss: 0.0013, weighted_loss: 0.0004, label: 0, bag_size: 18256


class 0 clustering acc 0.9998589164785553: correct 7087/7088
class 1 clustering acc 0.9973194130925508: correct 7069/7088
Epoch: 2, train_loss: 0.0389, train_clustering_loss:  0.0118, train_error: 0.0102
class 0: acc 0.9887133182844243, correct 438/443
class 1: acc 0.9909706546275395, correct 439/443

Val Set, val_loss: 0.3082, val_error: 0.0521, auc: 0.3176
class 0 clustering acc 1.0: correct 1536/1536
class 1 clustering acc 1.0: correct 1536/1536
class 0: acc 0.9732620320855615, correct 182/187
class 1: acc 0.0, correct 0/5
EarlyStopping counter: 1 out of 10


batch 19, loss: 0.0009, instance_loss: 0.0050, weighted_loss: 0.0021, label: 0, bag_size: 2984
batch 39, loss: 0.0251, instance_loss: 0.0035, weighted_loss: 0.0186, label: 1, bag_size: 7733
batch 59, loss: 0.0063, instance_loss: 0.0044, weighted_loss: 0.0057, label: 1, bag_size: 4276
batch 79, loss: 0.0000, instance_loss: 0.0005, weighted_loss: 0.0002, label: 0, bag_size: 16051
batch 99, loss: 0.0003, instance_loss: 0.0038, weighted_loss: 0.0014, label: 1, bag_size: 5082
batch 119, loss: 0.0007, instance_loss: 0.0019, weighted_loss: 0.0011, label: 0, bag_size: 4226
batch 139, loss: 0.0006, instance_loss: 0.0004, weighted_loss: 0.0006, label: 0, bag_size: 9103
batch 159, loss: 0.0009, instance_loss: 0.0029, weighted_loss: 0.0015, label: 1, bag_size: 7879
batch 179, loss: 0.0013, instance_loss: 0.0023, weighted_loss: 0.0016, label: 1, bag_size: 2853
batch 199, loss: 0.0000, instance_loss: 0.0045, weighted_loss: 0.0014, label: 0, bag_size: 6563
batch 219, loss: 0.0000, instance_loss: 0.0000, weighted_loss: 0.0000, label: 0, bag_size: 19539
batch 239, loss: 0.0026, instance_loss: 0.0160, weighted_loss: 0.0066, label: 1, bag_size: 2853
batch 259, loss: 0.0022, instance_loss: 0.0010, weighted_loss: 0.0018, label: 1, bag_size: 7733
batch 279, loss: 0.0029, instance_loss: 0.0069, weighted_loss: 0.0041, label: 1, bag_size: 9833
batch 299, loss: 0.0000, instance_loss: 0.0000, weighted_loss: 0.0000, label: 0, bag_size: 21194
batch 319, loss: 0.3726, instance_loss: 0.0124, weighted_loss: 0.2645, label: 0, bag_size: 8593
batch 339, loss: 0.0001, instance_loss: 0.0091, weighted_loss: 0.0028, label: 1, bag_size: 7879
batch 359, loss: 0.0000, instance_loss: 0.0014, weighted_loss: 0.0004, label: 0, bag_size: 3733
batch 379, loss: 0.0002, instance_loss: 0.0036, weighted_loss: 0.0013, label: 0, bag_size: 20467
batch 399, loss: 0.0001, instance_loss: 0.0021, weighted_loss: 0.0007, label: 1, bag_size: 5082
batch 419, loss: 0.0000, instance_loss: 0.0043, weighted_loss: 0.0013, label: 0, bag_size: 4676
batch 439, loss: 0.0013, instance_loss: 0.0013, weighted_loss: 0.0013, label: 0, bag_size: 4889
batch 459, loss: 0.0000, instance_loss: 0.0003, weighted_loss: 0.0001, label: 0, bag_size: 19539
batch 479, loss: 0.0007, instance_loss: 0.0009, weighted_loss: 0.0008, label: 1, bag_size: 14318
batch 499, loss: 0.0001, instance_loss: 0.0011, weighted_loss: 0.0004, label: 0, bag_size: 4563
batch 519, loss: 0.1025, instance_loss: 0.0088, weighted_loss: 0.0744, label: 0, bag_size: 9370
batch 539, loss: 0.0006, instance_loss: 0.0111, weighted_loss: 0.0038, label: 1, bag_size: 7879
batch 559, loss: 0.2529, instance_loss: 0.0023, weighted_loss: 0.1777, label: 1, bag_size: 7879
batch 579, loss: 0.0008, instance_loss: 0.0088, weighted_loss: 0.0032, label: 1, bag_size: 4365
batch 599, loss: 0.0007, instance_loss: 0.0057, weighted_loss: 0.0022, label: 1, bag_size: 6023
batch 619, loss: 0.0004, instance_loss: 0.0059, weighted_loss: 0.0020, label: 1, bag_size: 9833
batch 639, loss: 0.0050, instance_loss: 0.0003, weighted_loss: 0.0035, label: 1, bag_size: 4276
batch 659, loss: 0.0001, instance_loss: 0.0004, weighted_loss: 0.0002, label: 0, bag_size: 78871
batch 679, loss: 0.0003, instance_loss: 0.0137, weighted_loss: 0.0043, label: 0, bag_size: 3315
batch 699, loss: 0.0003, instance_loss: 0.0049, weighted_loss: 0.0017, label: 1, bag_size: 9833
batch 719, loss: 0.0000, instance_loss: 0.0020, weighted_loss: 0.0006, label: 0, bag_size: 2464
batch 739, loss: 0.0025, instance_loss: 0.0000, weighted_loss: 0.0018, label: 0, bag_size: 13054
batch 759, loss: 0.0543, instance_loss: 0.0005, weighted_loss: 0.0381, label: 1, bag_size: 7879
batch 779, loss: 0.2650, instance_loss: 0.0190, weighted_loss: 0.1912, label: 1, bag_size: 14318
batch 799, loss: 0.0089, instance_loss: 0.0006, weighted_loss: 0.0064, label: 1, bag_size: 14318
batch 819, loss: 0.0003, instance_loss: 0.0000, weighted_loss: 0.0002, label: 0, bag_size: 3506
batch 839, loss: 0.0000, instance_loss: 0.0011, weighted_loss: 0.0003, label: 0, bag_size: 18154
batch 859, loss: 0.0006, instance_loss: 0.0024, weighted_loss: 0.0011, label: 0, bag_size: 6712
batch 879, loss: 0.0061, instance_loss: 0.0073, weighted_loss: 0.0065, label: 1, bag_size: 14318


class 0 clustering acc 1.0: correct 7088/7088
class 1 clustering acc 0.9998589164785553: correct 7087/7088
Epoch: 3, train_loss: 0.0268, train_clustering_loss:  0.0052, train_error: 0.0056
class 0: acc 0.9931662870159453, correct 436/439
class 1: acc 0.9955257270693513, correct 445/447

Val Set, val_loss: 0.3780, val_error: 0.0469, auc: 0.2963
class 0 clustering acc 1.0: correct 1536/1536
class 1 clustering acc 1.0: correct 1536/1536
class 0: acc 0.9786096256684492, correct 183/187
class 1: acc 0.0, correct 0/5
EarlyStopping counter: 2 out of 10


batch 19, loss: 0.0020, instance_loss: 0.0053, weighted_loss: 0.0030, label: 1, bag_size: 4276
batch 39, loss: 0.0010, instance_loss: 0.0026, weighted_loss: 0.0015, label: 1, bag_size: 6023
batch 59, loss: 0.0002, instance_loss: 0.0015, weighted_loss: 0.0006, label: 1, bag_size: 5082
batch 79, loss: 0.0005, instance_loss: 0.0000, weighted_loss: 0.0003, label: 0, bag_size: 1621
batch 99, loss: 0.0002, instance_loss: 0.0127, weighted_loss: 0.0039, label: 1, bag_size: 7733
batch 119, loss: 0.0001, instance_loss: 0.0012, weighted_loss: 0.0004, label: 1, bag_size: 5137
batch 139, loss: 0.0144, instance_loss: 0.0007, weighted_loss: 0.0103, label: 1, bag_size: 14318
batch 159, loss: 0.0001, instance_loss: 0.0023, weighted_loss: 0.0007, label: 1, bag_size: 5137
batch 179, loss: 0.0000, instance_loss: 0.0000, weighted_loss: 0.0000, label: 0, bag_size: 15114
batch 199, loss: 0.0001, instance_loss: 0.0058, weighted_loss: 0.0018, label: 1, bag_size: 7733
batch 219, loss: 0.0000, instance_loss: 0.0000, weighted_loss: 0.0000, label: 0, bag_size: 3818
batch 239, loss: 0.0002, instance_loss: 0.0000, weighted_loss: 0.0002, label: 1, bag_size: 5082
batch 259, loss: 0.0000, instance_loss: 0.0000, weighted_loss: 0.0000, label: 0, bag_size: 18985
batch 279, loss: 0.0044, instance_loss: 0.0019, weighted_loss: 0.0037, label: 1, bag_size: 7733
batch 299, loss: 0.0003, instance_loss: 0.0047, weighted_loss: 0.0016, label: 1, bag_size: 4365
batch 319, loss: 0.0036, instance_loss: 0.0013, weighted_loss: 0.0029, label: 0, bag_size: 4292
batch 339, loss: 0.0000, instance_loss: 0.0000, weighted_loss: 0.0000, label: 0, bag_size: 22061
batch 359, loss: 0.0000, instance_loss: 0.0000, weighted_loss: 0.0000, label: 0, bag_size: 17232
batch 379, loss: 0.0000, instance_loss: 0.0000, weighted_loss: 0.0000, label: 0, bag_size: 16854
batch 399, loss: 0.0000, instance_loss: 0.0024, weighted_loss: 0.0007, label: 1, bag_size: 7733
batch 419, loss: 0.0000, instance_loss: 0.0000, weighted_loss: 0.0000, label: 0, bag_size: 17334
batch 439, loss: 0.0022, instance_loss: 0.0034, weighted_loss: 0.0026, label: 1, bag_size: 4365
batch 459, loss: 0.0112, instance_loss: 0.0019, weighted_loss: 0.0084, label: 1, bag_size: 9833
batch 479, loss: 0.0000, instance_loss: 0.0011, weighted_loss: 0.0003, label: 0, bag_size: 6449
batch 499, loss: 0.0002, instance_loss: 0.0017, weighted_loss: 0.0007, label: 1, bag_size: 5082
batch 519, loss: 0.0003, instance_loss: 0.0010, weighted_loss: 0.0005, label: 0, bag_size: 6678
batch 539, loss: 0.0031, instance_loss: 0.0052, weighted_loss: 0.0037, label: 1, bag_size: 9833
batch 559, loss: 0.0000, instance_loss: 0.0002, weighted_loss: 0.0001, label: 0, bag_size: 21194
batch 579, loss: 0.0000, instance_loss: 0.0010, weighted_loss: 0.0003, label: 0, bag_size: 1858
batch 599, loss: 0.0000, instance_loss: 0.0000, weighted_loss: 0.0000, label: 0, bag_size: 18504
batch 619, loss: 0.0003, instance_loss: 0.0020, weighted_loss: 0.0008, label: 1, bag_size: 7879
batch 639, loss: 0.0000, instance_loss: 0.0000, weighted_loss: 0.0000, label: 0, bag_size: 19493
batch 659, loss: 0.0027, instance_loss: 0.0025, weighted_loss: 0.0026, label: 1, bag_size: 4276
batch 679, loss: 0.0048, instance_loss: 0.0003, weighted_loss: 0.0035, label: 1, bag_size: 14318
batch 699, loss: 0.0000, instance_loss: 0.0043, weighted_loss: 0.0013, label: 1, bag_size: 4365
batch 719, loss: 0.0000, instance_loss: 0.0003, weighted_loss: 0.0001, label: 1, bag_size: 4365
batch 739, loss: 0.0006, instance_loss: 0.0014, weighted_loss: 0.0008, label: 1, bag_size: 9833
batch 759, loss: 0.0045, instance_loss: 0.0014, weighted_loss: 0.0036, label: 1, bag_size: 2853
batch 779, loss: 0.0000, instance_loss: 0.0000, weighted_loss: 0.0000, label: 0, bag_size: 21774
batch 799, loss: 0.0001, instance_loss: 0.0040, weighted_loss: 0.0013, label: 1, bag_size: 2853
batch 819, loss: 0.0001, instance_loss: 0.0017, weighted_loss: 0.0006, label: 1, bag_size: 2853
batch 839, loss: 0.0000, instance_loss: 0.0018, weighted_loss: 0.0005, label: 1, bag_size: 7733
batch 859, loss: 0.0019, instance_loss: 0.0043, weighted_loss: 0.0026, label: 0, bag_size: 2666
batch 879, loss: 0.0000, instance_loss: 0.0000, weighted_loss: 0.0000, label: 0, bag_size: 11611


class 0 clustering acc 1.0: correct 7088/7088
class 1 clustering acc 1.0: correct 7088/7088
Epoch: 4, train_loss: 0.0090, train_clustering_loss:  0.0023, train_error: 0.0034
class 0: acc 0.9955156950672646, correct 444/446
class 1: acc 0.9977272727272727, correct 439/440

Val Set, val_loss: 0.3546, val_error: 0.0260, auc: 0.3005
class 0 clustering acc 1.0: correct 1536/1536
class 1 clustering acc 1.0: correct 1536/1536
class 0: acc 1.0, correct 187/187
class 1: acc 0.0, correct 0/5
EarlyStopping counter: 3 out of 10


batch 19, loss: 0.0004, instance_loss: 0.0007, weighted_loss: 0.0005, label: 1, bag_size: 5137
batch 39, loss: 0.0000, instance_loss: 0.0008, weighted_loss: 0.0003, label: 0, bag_size: 2137
batch 59, loss: 0.0001, instance_loss: 0.0007, weighted_loss: 0.0003, label: 1, bag_size: 7733
batch 79, loss: 0.0000, instance_loss: 0.0002, weighted_loss: 0.0001, label: 0, bag_size: 18455
batch 99, loss: 0.0000, instance_loss: 0.0000, weighted_loss: 0.0000, label: 0, bag_size: 2536
batch 119, loss: 0.0000, instance_loss: 0.0063, weighted_loss: 0.0019, label: 1, bag_size: 4365
batch 139, loss: 0.0000, instance_loss: 0.0000, weighted_loss: 0.0000, label: 0, bag_size: 821
batch 159, loss: 0.0000, instance_loss: 0.0012, weighted_loss: 0.0004, label: 1, bag_size: 5082
batch 179, loss: 0.0000, instance_loss: 0.0000, weighted_loss: 0.0000, label: 0, bag_size: 20383
batch 199, loss: 0.0000, instance_loss: 0.0025, weighted_loss: 0.0008, label: 0, bag_size: 7445
batch 219, loss: 0.0001, instance_loss: 0.0027, weighted_loss: 0.0009, label: 0, bag_size: 7086
batch 239, loss: 0.0005, instance_loss: 0.0011, weighted_loss: 0.0007, label: 1, bag_size: 5137
batch 259, loss: 0.0055, instance_loss: 0.0006, weighted_loss: 0.0040, label: 1, bag_size: 7733
batch 279, loss: 0.0000, instance_loss: 0.0042, weighted_loss: 0.0013, label: 0, bag_size: 2755
batch 299, loss: 0.2362, instance_loss: 0.0009, weighted_loss: 0.1656, label: 1, bag_size: 6023
batch 319, loss: 0.0002, instance_loss: 0.0000, weighted_loss: 0.0002, label: 0, bag_size: 14853
batch 339, loss: 0.0008, instance_loss: 0.0002, weighted_loss: 0.0007, label: 0, bag_size: 4292
batch 359, loss: 0.0003, instance_loss: 0.0027, weighted_loss: 0.0010, label: 1, bag_size: 7733
batch 379, loss: 0.0002, instance_loss: 0.0012, weighted_loss: 0.0005, label: 1, bag_size: 7733
batch 399, loss: 0.0010, instance_loss: 0.0026, weighted_loss: 0.0015, label: 1, bag_size: 7879
batch 419, loss: 0.0004, instance_loss: 0.0019, weighted_loss: 0.0008, label: 1, bag_size: 4365
batch 439, loss: 0.0000, instance_loss: 0.0000, weighted_loss: 0.0000, label: 0, bag_size: 17043
batch 459, loss: 0.0000, instance_loss: 0.0007, weighted_loss: 0.0002, label: 0, bag_size: 4320
batch 479, loss: 0.0000, instance_loss: 0.0000, weighted_loss: 0.0000, label: 0, bag_size: 15483
batch 499, loss: 0.0003, instance_loss: 0.0018, weighted_loss: 0.0007, label: 1, bag_size: 4365
batch 519, loss: 0.0000, instance_loss: 0.0018, weighted_loss: 0.0006, label: 0, bag_size: 4320
batch 539, loss: 0.0003, instance_loss: 0.0017, weighted_loss: 0.0007, label: 1, bag_size: 4365
batch 559, loss: 0.0212, instance_loss: 0.0024, weighted_loss: 0.0156, label: 0, bag_size: 3673
batch 579, loss: 0.0039, instance_loss: 0.0055, weighted_loss: 0.0044, label: 1, bag_size: 2853
batch 599, loss: 0.0000, instance_loss: 0.0000, weighted_loss: 0.0000, label: 0, bag_size: 18054
batch 619, loss: 0.0000, instance_loss: 0.0000, weighted_loss: 0.0000, label: 0, bag_size: 4760
batch 639, loss: 0.0120, instance_loss: 0.0032, weighted_loss: 0.0094, label: 1, bag_size: 6023
batch 659, loss: 0.0000, instance_loss: 0.0000, weighted_loss: 0.0000, label: 0, bag_size: 3503
batch 679, loss: 0.0670, instance_loss: 0.0048, weighted_loss: 0.0483, label: 1, bag_size: 9833
batch 699, loss: 0.0000, instance_loss: 0.0000, weighted_loss: 0.0000, label: 0, bag_size: 15395
batch 719, loss: 0.0003, instance_loss: 0.0010, weighted_loss: 0.0005, label: 1, bag_size: 2853
batch 739, loss: 0.0804, instance_loss: 0.0003, weighted_loss: 0.0564, label: 0, bag_size: 2681
batch 759, loss: 0.0009, instance_loss: 0.0000, weighted_loss: 0.0006, label: 1, bag_size: 14318
batch 779, loss: 0.0003, instance_loss: 0.0005, weighted_loss: 0.0004, label: 1, bag_size: 7733
batch 799, loss: 0.0031, instance_loss: 0.0030, weighted_loss: 0.0031, label: 1, bag_size: 6023
batch 819, loss: 0.0015, instance_loss: 0.0009, weighted_loss: 0.0013, label: 1, bag_size: 5137
batch 839, loss: 0.0001, instance_loss: 0.0000, weighted_loss: 0.0000, label: 1, bag_size: 5082
batch 859, loss: 0.0003, instance_loss: 0.0006, weighted_loss: 0.0004, label: 0, bag_size: 13054
batch 879, loss: 0.0007, instance_loss: 0.0000, weighted_loss: 0.0005, label: 1, bag_size: 14318


class 0 clustering acc 1.0: correct 7088/7088
class 1 clustering acc 0.9998589164785553: correct 7087/7088
Epoch: 5, train_loss: 0.0201, train_clustering_loss:  0.0024, train_error: 0.0045
class 0: acc 0.9932279909706546, correct 440/443
class 1: acc 0.9977426636568849, correct 442/443

Val Set, val_loss: 0.3620, val_error: 0.0260, auc: 0.3037
class 0 clustering acc 1.0: correct 1536/1536
class 1 clustering acc 1.0: correct 1536/1536
class 0: acc 1.0, correct 187/187
class 1: acc 0.0, correct 0/5
EarlyStopping counter: 4 out of 10


batch 19, loss: 0.0008, instance_loss: 0.0000, weighted_loss: 0.0006, label: 1, bag_size: 5137
batch 39, loss: 0.0000, instance_loss: 0.0000, weighted_loss: 0.0000, label: 0, bag_size: 18154
batch 59, loss: 0.0007, instance_loss: 0.0002, weighted_loss: 0.0006, label: 1, bag_size: 14318
batch 79, loss: 0.0004, instance_loss: 0.0000, weighted_loss: 0.0003, label: 1, bag_size: 5137
batch 99, loss: 0.0006, instance_loss: 0.0004, weighted_loss: 0.0005, label: 0, bag_size: 10277
batch 119, loss: 0.0000, instance_loss: 0.0002, weighted_loss: 0.0001, label: 1, bag_size: 4365
batch 139, loss: 0.0003, instance_loss: 0.0000, weighted_loss: 0.0002, label: 1, bag_size: 5137
batch 159, loss: 0.0000, instance_loss: 0.0005, weighted_loss: 0.0002, label: 0, bag_size: 3003
batch 179, loss: 0.0358, instance_loss: 0.0027, weighted_loss: 0.0259, label: 0, bag_size: 2032
batch 199, loss: 0.0019, instance_loss: 0.0002, weighted_loss: 0.0014, label: 1, bag_size: 9833
batch 219, loss: 0.0013, instance_loss: 0.0024, weighted_loss: 0.0016, label: 1, bag_size: 7879
batch 239, loss: 0.0121, instance_loss: 0.0000, weighted_loss: 0.0084, label: 0, bag_size: 7048
batch 259, loss: 0.0020, instance_loss: 0.0000, weighted_loss: 0.0014, label: 0, bag_size: 1669
batch 279, loss: 0.0048, instance_loss: 0.0167, weighted_loss: 0.0084, label: 1, bag_size: 2853
batch 299, loss: 0.0003, instance_loss: 0.0000, weighted_loss: 0.0002, label: 0, bag_size: 13449
batch 319, loss: 0.0001, instance_loss: 0.0000, weighted_loss: 0.0000, label: 0, bag_size: 15923
batch 339, loss: 0.0023, instance_loss: 0.0013, weighted_loss: 0.0020, label: 1, bag_size: 9833
batch 359, loss: 0.0004, instance_loss: 0.0000, weighted_loss: 0.0002, label: 1, bag_size: 7733
batch 379, loss: 0.0027, instance_loss: 0.0013, weighted_loss: 0.0023, label: 1, bag_size: 14318
batch 399, loss: 0.0028, instance_loss: 0.0003, weighted_loss: 0.0021, label: 0, bag_size: 4320
batch 419, loss: 0.0011, instance_loss: 0.0007, weighted_loss: 0.0009, label: 1, bag_size: 5137
batch 439, loss: 0.0010, instance_loss: 0.0010, weighted_loss: 0.0010, label: 1, bag_size: 5137
batch 459, loss: 0.0000, instance_loss: 0.0000, weighted_loss: 0.0000, label: 0, bag_size: 16361
batch 479, loss: 0.0010, instance_loss: 0.0002, weighted_loss: 0.0008, label: 1, bag_size: 5082
batch 499, loss: 0.0000, instance_loss: 0.0000, weighted_loss: 0.0000, label: 0, bag_size: 16343
batch 519, loss: 0.0007, instance_loss: 0.0015, weighted_loss: 0.0009, label: 1, bag_size: 5137
batch 539, loss: 0.0005, instance_loss: 0.0047, weighted_loss: 0.0018, label: 1, bag_size: 7879
batch 559, loss: 0.0005, instance_loss: 0.0013, weighted_loss: 0.0008, label: 0, bag_size: 1615
batch 579, loss: 0.0002, instance_loss: 0.0009, weighted_loss: 0.0004, label: 1, bag_size: 5082
batch 599, loss: 0.0052, instance_loss: 0.0009, weighted_loss: 0.0039, label: 1, bag_size: 6023
batch 619, loss: 0.0030, instance_loss: 0.0048, weighted_loss: 0.0035, label: 1, bag_size: 6023
batch 639, loss: 0.0005, instance_loss: 0.0007, weighted_loss: 0.0005, label: 1, bag_size: 4276
batch 659, loss: 0.3953, instance_loss: 0.0000, weighted_loss: 0.2767, label: 1, bag_size: 2853
batch 679, loss: 0.2182, instance_loss: 0.0274, weighted_loss: 0.1610, label: 0, bag_size: 2739
batch 699, loss: 0.0000, instance_loss: 0.0003, weighted_loss: 0.0001, label: 0, bag_size: 11611
batch 719, loss: 0.0008, instance_loss: 0.0000, weighted_loss: 0.0006, label: 1, bag_size: 7733
batch 739, loss: 0.0001, instance_loss: 0.0000, weighted_loss: 0.0001, label: 0, bag_size: 7352
batch 759, loss: 0.0004, instance_loss: 0.0004, weighted_loss: 0.0004, label: 0, bag_size: 1879
batch 779, loss: 0.0035, instance_loss: 0.0000, weighted_loss: 0.0024, label: 1, bag_size: 4276
batch 799, loss: 0.0011, instance_loss: 0.0005, weighted_loss: 0.0009, label: 1, bag_size: 4276
batch 819, loss: 0.0000, instance_loss: 0.0000, weighted_loss: 0.0000, label: 0, bag_size: 1114
batch 839, loss: 0.0001, instance_loss: 0.0000, weighted_loss: 0.0001, label: 1, bag_size: 5082
batch 859, loss: 0.0001, instance_loss: 0.0000, weighted_loss: 0.0000, label: 0, bag_size: 17065
batch 879, loss: 0.0013, instance_loss: 0.0035, weighted_loss: 0.0019, label: 1, bag_size: 7733


class 0 clustering acc 1.0: correct 7088/7088
class 1 clustering acc 0.9998589164785553: correct 7087/7088
Epoch: 6, train_loss: 0.0380, train_clustering_loss:  0.0030, train_error: 0.0158
class 0: acc 0.9831730769230769, correct 409/416
class 1: acc 0.9851063829787234, correct 463/470

Val Set, val_loss: 0.2931, val_error: 0.0312, auc: 0.4021
class 0 clustering acc 1.0: correct 1536/1536
class 1 clustering acc 1.0: correct 1536/1536
class 0: acc 0.9946524064171123, correct 186/187
class 1: acc 0.0, correct 0/5
EarlyStopping counter: 5 out of 10


batch 19, loss: 0.0010, instance_loss: 0.0000, weighted_loss: 0.0007, label: 1, bag_size: 7733
batch 39, loss: 0.0000, instance_loss: 0.0000, weighted_loss: 0.0000, label: 0, bag_size: 6837
batch 59, loss: 0.0000, instance_loss: 0.0000, weighted_loss: 0.0000, label: 0, bag_size: 1954
batch 79, loss: 0.0051, instance_loss: 0.0000, weighted_loss: 0.0036, label: 1, bag_size: 14318
batch 99, loss: 0.0016, instance_loss: 0.0000, weighted_loss: 0.0011, label: 1, bag_size: 4276
batch 119, loss: 0.0003, instance_loss: 0.0003, weighted_loss: 0.0003, label: 0, bag_size: 8839
batch 139, loss: 0.0000, instance_loss: 0.0000, weighted_loss: 0.0000, label: 0, bag_size: 24284
batch 159, loss: 0.0189, instance_loss: 0.0016, weighted_loss: 0.0137, label: 1, bag_size: 9833
batch 179, loss: 0.0000, instance_loss: 0.0000, weighted_loss: 0.0000, label: 0, bag_size: 15914
batch 199, loss: 0.0013, instance_loss: 0.0000, weighted_loss: 0.0009, label: 0, bag_size: 6699
batch 219, loss: 0.0017, instance_loss: 0.0000, weighted_loss: 0.0012, label: 1, bag_size: 14318
batch 239, loss: 0.0000, instance_loss: 0.0040, weighted_loss: 0.0012, label: 0, bag_size: 13944
batch 259, loss: 0.0001, instance_loss: 0.0007, weighted_loss: 0.0003, label: 1, bag_size: 9833
batch 279, loss: 0.0000, instance_loss: 0.0028, weighted_loss: 0.0009, label: 0, bag_size: 3975
batch 299, loss: 0.0005, instance_loss: 0.0105, weighted_loss: 0.0035, label: 1, bag_size: 6023
batch 319, loss: 0.0001, instance_loss: 0.0006, weighted_loss: 0.0002, label: 0, bag_size: 4426
batch 339, loss: 0.0002, instance_loss: 0.0010, weighted_loss: 0.0004, label: 0, bag_size: 2505
batch 359, loss: 0.0001, instance_loss: 0.0022, weighted_loss: 0.0007, label: 1, bag_size: 9833
batch 379, loss: 0.0015, instance_loss: 0.0003, weighted_loss: 0.0011, label: 1, bag_size: 5137
batch 399, loss: 0.0011, instance_loss: 0.0000, weighted_loss: 0.0008, label: 1, bag_size: 14318
batch 419, loss: 0.0001, instance_loss: 0.0019, weighted_loss: 0.0006, label: 1, bag_size: 9833
batch 439, loss: 0.0001, instance_loss: 0.0000, weighted_loss: 0.0001, label: 0, bag_size: 2864
batch 459, loss: 0.0001, instance_loss: 0.0004, weighted_loss: 0.0002, label: 1, bag_size: 9833
batch 479, loss: 0.0000, instance_loss: 0.0000, weighted_loss: 0.0000, label: 0, bag_size: 3037
batch 499, loss: 0.0000, instance_loss: 0.0000, weighted_loss: 0.0000, label: 0, bag_size: 15461
batch 519, loss: 0.0000, instance_loss: 0.0004, weighted_loss: 0.0001, label: 1, bag_size: 5082
batch 539, loss: 0.0000, instance_loss: 0.0051, weighted_loss: 0.0015, label: 1, bag_size: 2853
batch 559, loss: 0.0000, instance_loss: 0.0000, weighted_loss: 0.0000, label: 0, bag_size: 16854
batch 579, loss: 0.0000, instance_loss: 0.0000, weighted_loss: 0.0000, label: 0, bag_size: 11889
batch 599, loss: 0.0001, instance_loss: 0.0003, weighted_loss: 0.0002, label: 1, bag_size: 2853
batch 619, loss: 0.0002, instance_loss: 0.0010, weighted_loss: 0.0005, label: 1, bag_size: 4365
batch 639, loss: 0.0001, instance_loss: 0.0002, weighted_loss: 0.0001, label: 0, bag_size: 1889
batch 659, loss: 0.0002, instance_loss: 0.0002, weighted_loss: 0.0002, label: 1, bag_size: 2853
batch 679, loss: 0.0220, instance_loss: 0.0000, weighted_loss: 0.0154, label: 1, bag_size: 4276
batch 699, loss: 0.0002, instance_loss: 0.0010, weighted_loss: 0.0005, label: 0, bag_size: 12447
batch 719, loss: 0.0001, instance_loss: 0.0004, weighted_loss: 0.0002, label: 1, bag_size: 2853
batch 739, loss: 0.0006, instance_loss: 0.0003, weighted_loss: 0.0005, label: 1, bag_size: 7733
batch 759, loss: 0.0006, instance_loss: 0.0000, weighted_loss: 0.0004, label: 1, bag_size: 7733
batch 779, loss: 0.0000, instance_loss: 0.0012, weighted_loss: 0.0004, label: 0, bag_size: 4096
batch 799, loss: 0.0010, instance_loss: 0.0000, weighted_loss: 0.0007, label: 0, bag_size: 6240
batch 819, loss: 0.0004, instance_loss: 0.0009, weighted_loss: 0.0005, label: 0, bag_size: 2586
batch 839, loss: 0.0024, instance_loss: 0.0000, weighted_loss: 0.0017, label: 1, bag_size: 4276
batch 859, loss: 0.0001, instance_loss: 0.0000, weighted_loss: 0.0000, label: 1, bag_size: 2853
batch 879, loss: 0.0000, instance_loss: 0.0002, weighted_loss: 0.0001, label: 1, bag_size: 5082


class 0 clustering acc 0.9998589164785553: correct 7087/7088
class 1 clustering acc 1.0: correct 7088/7088
Epoch: 7, train_loss: 0.0063, train_clustering_loss:  0.0014, train_error: 0.0023
class 0: acc 0.9977628635346756, correct 446/447
class 1: acc 0.9977220956719818, correct 438/439

Val Set, val_loss: 0.2968, val_error: 0.0312, auc: 0.4385
class 0 clustering acc 1.0: correct 1536/1536
class 1 clustering acc 1.0: correct 1536/1536
class 0: acc 0.9946524064171123, correct 186/187
class 1: acc 0.0, correct 0/5
EarlyStopping counter: 6 out of 10


batch 19, loss: 0.0005, instance_loss: 0.0037, weighted_loss: 0.0015, label: 1, bag_size: 4365
batch 39, loss: 0.0001, instance_loss: 0.0005, weighted_loss: 0.0002, label: 0, bag_size: 10474
batch 59, loss: 0.0001, instance_loss: 0.0025, weighted_loss: 0.0008, label: 1, bag_size: 9833
batch 79, loss: 0.0001, instance_loss: 0.0000, weighted_loss: 0.0001, label: 0, bag_size: 8401
batch 99, loss: 0.0000, instance_loss: 0.0000, weighted_loss: 0.0000, label: 0, bag_size: 14591
batch 119, loss: 0.0001, instance_loss: 0.0017, weighted_loss: 0.0006, label: 1, bag_size: 9833
batch 139, loss: 0.0003, instance_loss: 0.0006, weighted_loss: 0.0004, label: 1, bag_size: 6023
batch 159, loss: 0.0001, instance_loss: 0.0000, weighted_loss: 0.0000, label: 0, bag_size: 2352
batch 179, loss: 0.0000, instance_loss: 0.0000, weighted_loss: 0.0000, label: 0, bag_size: 2455
batch 199, loss: 0.0003, instance_loss: 0.0004, weighted_loss: 0.0003, label: 1, bag_size: 7733
batch 219, loss: 0.0000, instance_loss: 0.0006, weighted_loss: 0.0002, label: 1, bag_size: 5082
batch 239, loss: 0.0013, instance_loss: 0.0000, weighted_loss: 0.0009, label: 1, bag_size: 4276
batch 259, loss: 0.0000, instance_loss: 0.0000, weighted_loss: 0.0000, label: 1, bag_size: 7879
batch 279, loss: 0.0002, instance_loss: 0.0000, weighted_loss: 0.0002, label: 0, bag_size: 12447
batch 299, loss: 0.0003, instance_loss: 0.0003, weighted_loss: 0.0003, label: 1, bag_size: 6023
batch 319, loss: 0.0000, instance_loss: 0.0005, weighted_loss: 0.0002, label: 1, bag_size: 2853
batch 339, loss: 0.0000, instance_loss: 0.0000, weighted_loss: 0.0000, label: 1, bag_size: 7879
batch 359, loss: 0.0001, instance_loss: 0.0030, weighted_loss: 0.0010, label: 0, bag_size: 3607
batch 379, loss: 0.0000, instance_loss: 0.0000, weighted_loss: 0.0000, label: 1, bag_size: 14318
batch 399, loss: 0.0003, instance_loss: 0.0000, weighted_loss: 0.0002, label: 1, bag_size: 7733
batch 419, loss: 0.0000, instance_loss: 0.0000, weighted_loss: 0.0000, label: 1, bag_size: 14318
batch 439, loss: 0.0022, instance_loss: 0.0005, weighted_loss: 0.0017, label: 1, bag_size: 4276
batch 459, loss: 0.0001, instance_loss: 0.0000, weighted_loss: 0.0001, label: 0, bag_size: 20429
batch 479, loss: 0.0013, instance_loss: 0.0000, weighted_loss: 0.0009, label: 1, bag_size: 5137
batch 499, loss: 0.0017, instance_loss: 0.0002, weighted_loss: 0.0013, label: 1, bag_size: 2853
batch 519, loss: 0.0000, instance_loss: 0.0000, weighted_loss: 0.0000, label: 0, bag_size: 16973
batch 539, loss: 0.0003, instance_loss: 0.0006, weighted_loss: 0.0004, label: 1, bag_size: 7879
batch 559, loss: 0.0006, instance_loss: 0.0025, weighted_loss: 0.0012, label: 1, bag_size: 4276
batch 579, loss: 0.0076, instance_loss: 0.0000, weighted_loss: 0.0053, label: 0, bag_size: 6019
batch 599, loss: 0.0003, instance_loss: 0.0000, weighted_loss: 0.0002, label: 1, bag_size: 7733
batch 619, loss: 0.0000, instance_loss: 0.0000, weighted_loss: 0.0000, label: 0, bag_size: 14591
batch 639, loss: 0.0000, instance_loss: 0.0000, weighted_loss: 0.0000, label: 0, bag_size: 17312
batch 659, loss: 0.0000, instance_loss: 0.0000, weighted_loss: 0.0000, label: 0, bag_size: 15851
batch 679, loss: 0.0005, instance_loss: 0.0000, weighted_loss: 0.0004, label: 1, bag_size: 5137
batch 699, loss: 0.0000, instance_loss: 0.0002, weighted_loss: 0.0001, label: 0, bag_size: 17101
batch 719, loss: 0.0000, instance_loss: 0.0013, weighted_loss: 0.0004, label: 0, bag_size: 3330
batch 739, loss: 0.0002, instance_loss: 0.0017, weighted_loss: 0.0007, label: 0, bag_size: 2635
batch 759, loss: 0.0002, instance_loss: 0.0000, weighted_loss: 0.0001, label: 0, bag_size: 18455
batch 779, loss: 0.0000, instance_loss: 0.0000, weighted_loss: 0.0000, label: 1, bag_size: 7879
batch 799, loss: 0.0000, instance_loss: 0.0000, weighted_loss: 0.0000, label: 1, bag_size: 14318
batch 819, loss: 0.0000, instance_loss: 0.0002, weighted_loss: 0.0001, label: 0, bag_size: 2038
batch 839, loss: 0.0009, instance_loss: 0.0000, weighted_loss: 0.0006, label: 0, bag_size: 20621
batch 859, loss: 0.0003, instance_loss: 0.0000, weighted_loss: 0.0002, label: 1, bag_size: 4276
batch 879, loss: 0.0001, instance_loss: 0.0000, weighted_loss: 0.0000, label: 1, bag_size: 7733


class 0 clustering acc 1.0: correct 7088/7088
class 1 clustering acc 1.0: correct 7088/7088
Epoch: 8, train_loss: 0.0012, train_clustering_loss:  0.0008, train_error: 0.0000
class 0: acc 1.0, correct 420/420
class 1: acc 1.0, correct 466/466

Val Set, val_loss: 0.3249, val_error: 0.0312, auc: 0.4193
class 0 clustering acc 1.0: correct 1536/1536
class 1 clustering acc 1.0: correct 1536/1536
class 0: acc 0.9946524064171123, correct 186/187
class 1: acc 0.0, correct 0/5
EarlyStopping counter: 7 out of 10


batch 19, loss: 0.0003, instance_loss: 0.0000, weighted_loss: 0.0002, label: 1, bag_size: 4276
batch 39, loss: 0.0000, instance_loss: 0.0000, weighted_loss: 0.0000, label: 0, bag_size: 4801
batch 59, loss: 0.0212, instance_loss: 0.0008, weighted_loss: 0.0150, label: 1, bag_size: 9833
batch 79, loss: 0.0000, instance_loss: 0.0000, weighted_loss: 0.0000, label: 0, bag_size: 8050
batch 99, loss: 0.0798, instance_loss: 0.0055, weighted_loss: 0.0575, label: 0, bag_size: 3559
batch 119, loss: 0.1368, instance_loss: 0.0002, weighted_loss: 0.0958, label: 1, bag_size: 4365
batch 139, loss: 0.0026, instance_loss: 0.0000, weighted_loss: 0.0018, label: 0, bag_size: 6534
batch 159, loss: 0.0062, instance_loss: 0.0000, weighted_loss: 0.0043, label: 1, bag_size: 14318
batch 179, loss: 0.0129, instance_loss: 0.0000, weighted_loss: 0.0090, label: 0, bag_size: 3526
batch 199, loss: 0.0542, instance_loss: 0.0002, weighted_loss: 0.0380, label: 1, bag_size: 9833
batch 219, loss: 0.0011, instance_loss: 0.0000, weighted_loss: 0.0008, label: 1, bag_size: 5137
batch 239, loss: 0.0091, instance_loss: 0.0000, weighted_loss: 0.0064, label: 1, bag_size: 7733
batch 259, loss: 0.0000, instance_loss: 0.0000, weighted_loss: 0.0000, label: 0, bag_size: 6116
batch 279, loss: 0.0485, instance_loss: 0.0000, weighted_loss: 0.0339, label: 1, bag_size: 9833
batch 299, loss: 0.0180, instance_loss: 0.0000, weighted_loss: 0.0126, label: 1, bag_size: 7733
batch 319, loss: 0.0081, instance_loss: 0.0000, weighted_loss: 0.0056, label: 1, bag_size: 4276
batch 339, loss: 0.0000, instance_loss: 0.0000, weighted_loss: 0.0000, label: 0, bag_size: 3674
batch 359, loss: 0.0036, instance_loss: 0.0000, weighted_loss: 0.0025, label: 0, bag_size: 12447
batch 379, loss: 0.0000, instance_loss: 0.0000, weighted_loss: 0.0000, label: 0, bag_size: 16707
batch 399, loss: 0.0027, instance_loss: 0.0009, weighted_loss: 0.0022, label: 1, bag_size: 14318
batch 419, loss: 0.0027, instance_loss: 0.0003, weighted_loss: 0.0020, label: 1, bag_size: 7879
batch 439, loss: 0.0018, instance_loss: 0.0010, weighted_loss: 0.0016, label: 0, bag_size: 4777
batch 459, loss: 0.0000, instance_loss: 0.0000, weighted_loss: 0.0000, label: 0, bag_size: 1881
batch 479, loss: 0.0018, instance_loss: 0.0002, weighted_loss: 0.0014, label: 1, bag_size: 6023
batch 499, loss: 0.0000, instance_loss: 0.0000, weighted_loss: 0.0000, label: 0, bag_size: 4062
batch 519, loss: 0.0031, instance_loss: 0.0030, weighted_loss: 0.0031, label: 1, bag_size: 5082
batch 539, loss: 0.0002, instance_loss: 0.0008, weighted_loss: 0.0004, label: 1, bag_size: 5137
batch 559, loss: 0.0004, instance_loss: 0.0000, weighted_loss: 0.0003, label: 1, bag_size: 14318
batch 579, loss: 0.0024, instance_loss: 0.0094, weighted_loss: 0.0045, label: 1, bag_size: 9833
batch 599, loss: 0.0035, instance_loss: 0.0000, weighted_loss: 0.0025, label: 1, bag_size: 4276
batch 619, loss: 0.0007, instance_loss: 0.0006, weighted_loss: 0.0006, label: 1, bag_size: 2853
batch 639, loss: 0.0000, instance_loss: 0.0000, weighted_loss: 0.0000, label: 0, bag_size: 2868
batch 659, loss: 0.0000, instance_loss: 0.0004, weighted_loss: 0.0002, label: 0, bag_size: 9314
batch 679, loss: 0.0010, instance_loss: 0.0000, weighted_loss: 0.0007, label: 1, bag_size: 6023
batch 699, loss: 0.0004, instance_loss: 0.0000, weighted_loss: 0.0003, label: 0, bag_size: 5594
batch 719, loss: 0.0000, instance_loss: 0.0000, weighted_loss: 0.0000, label: 0, bag_size: 1998
batch 739, loss: 0.0004, instance_loss: 0.0000, weighted_loss: 0.0003, label: 1, bag_size: 14318
batch 759, loss: 0.0010, instance_loss: 0.0077, weighted_loss: 0.0030, label: 1, bag_size: 2853
batch 779, loss: 0.0005, instance_loss: 0.0000, weighted_loss: 0.0003, label: 1, bag_size: 7733
batch 799, loss: 0.0011, instance_loss: 0.0000, weighted_loss: 0.0008, label: 1, bag_size: 4365
batch 819, loss: 0.0004, instance_loss: 0.0003, weighted_loss: 0.0004, label: 1, bag_size: 2853
batch 839, loss: 0.0000, instance_loss: 0.0003, weighted_loss: 0.0001, label: 0, bag_size: 2402
batch 859, loss: 0.0000, instance_loss: 0.0000, weighted_loss: 0.0000, label: 0, bag_size: 15045
batch 879, loss: 0.0000, instance_loss: 0.0000, weighted_loss: 0.0000, label: 0, bag_size: 17986


class 0 clustering acc 1.0: correct 7088/7088
class 1 clustering acc 1.0: correct 7088/7088
Epoch: 9, train_loss: 0.0598, train_clustering_loss:  0.0008, train_error: 0.0214
class 0: acc 0.9757174392935982, correct 442/453
class 1: acc 0.9815242494226328, correct 425/433

Val Set, val_loss: 0.3475, val_error: 0.0312, auc: 0.3422
class 0 clustering acc 1.0: correct 1536/1536
class 1 clustering acc 1.0: correct 1536/1536
class 0: acc 0.9946524064171123, correct 186/187
class 1: acc 0.0, correct 0/5
EarlyStopping counter: 8 out of 10


batch 19, loss: 0.0011, instance_loss: 0.0006, weighted_loss: 0.0009, label: 1, bag_size: 4365
batch 39, loss: 0.0003, instance_loss: 0.0000, weighted_loss: 0.0002, label: 0, bag_size: 5195
batch 59, loss: 0.0002, instance_loss: 0.0003, weighted_loss: 0.0002, label: 1, bag_size: 5137
batch 79, loss: 0.0018, instance_loss: 0.0000, weighted_loss: 0.0013, label: 1, bag_size: 5082
batch 99, loss: 0.0000, instance_loss: 0.0002, weighted_loss: 0.0001, label: 0, bag_size: 4330
batch 119, loss: 0.0014, instance_loss: 0.0000, weighted_loss: 0.0010, label: 1, bag_size: 14318
batch 139, loss: 0.0022, instance_loss: 0.0004, weighted_loss: 0.0017, label: 1, bag_size: 4365
batch 159, loss: 0.0000, instance_loss: 0.0000, weighted_loss: 0.0000, label: 0, bag_size: 18895
batch 179, loss: 0.0010, instance_loss: 0.0000, weighted_loss: 0.0007, label: 1, bag_size: 7879
batch 199, loss: 0.0035, instance_loss: 0.0000, weighted_loss: 0.0024, label: 1, bag_size: 5082
batch 219, loss: 0.0018, instance_loss: 0.0000, weighted_loss: 0.0012, label: 1, bag_size: 9833
batch 239, loss: 0.0003, instance_loss: 0.0015, weighted_loss: 0.0006, label: 1, bag_size: 5137
batch 259, loss: 0.0000, instance_loss: 0.0003, weighted_loss: 0.0001, label: 0, bag_size: 5456
batch 279, loss: 0.0000, instance_loss: 0.0002, weighted_loss: 0.0001, label: 0, bag_size: 8544
batch 299, loss: 0.0001, instance_loss: 0.0003, weighted_loss: 0.0001, label: 0, bag_size: 5466
batch 319, loss: 0.0004, instance_loss: 0.0000, weighted_loss: 0.0003, label: 1, bag_size: 7733
batch 339, loss: 0.0000, instance_loss: 0.0000, weighted_loss: 0.0000, label: 0, bag_size: 5922
batch 359, loss: 0.0000, instance_loss: 0.0000, weighted_loss: 0.0000, label: 0, bag_size: 17060
batch 379, loss: 0.0005, instance_loss: 0.0002, weighted_loss: 0.0004, label: 1, bag_size: 9833
batch 399, loss: 0.0003, instance_loss: 0.0000, weighted_loss: 0.0002, label: 1, bag_size: 14318
batch 419, loss: 0.0007, instance_loss: 0.0000, weighted_loss: 0.0005, label: 1, bag_size: 5082
batch 439, loss: 0.0005, instance_loss: 0.0000, weighted_loss: 0.0003, label: 1, bag_size: 4365
batch 459, loss: 0.0003, instance_loss: 0.0000, weighted_loss: 0.0002, label: 1, bag_size: 14318
batch 479, loss: 0.0003, instance_loss: 0.0009, weighted_loss: 0.0005, label: 1, bag_size: 6023
batch 499, loss: 0.0002, instance_loss: 0.0006, weighted_loss: 0.0003, label: 0, bag_size: 6943
batch 519, loss: 0.0021, instance_loss: 0.0008, weighted_loss: 0.0017, label: 1, bag_size: 9833
batch 539, loss: 0.0000, instance_loss: 0.0042, weighted_loss: 0.0013, label: 0, bag_size: 1322
batch 559, loss: 0.0008, instance_loss: 0.0000, weighted_loss: 0.0006, label: 1, bag_size: 5082
batch 579, loss: 0.0002, instance_loss: 0.0000, weighted_loss: 0.0001, label: 1, bag_size: 5137
batch 599, loss: 0.0002, instance_loss: 0.0008, weighted_loss: 0.0004, label: 1, bag_size: 2853
batch 619, loss: 0.0004, instance_loss: 0.0020, weighted_loss: 0.0008, label: 1, bag_size: 7879
batch 639, loss: 0.0001, instance_loss: 0.0000, weighted_loss: 0.0001, label: 0, bag_size: 10419
batch 659, loss: 0.0000, instance_loss: 0.0000, weighted_loss: 0.0000, label: 0, bag_size: 8595
batch 679, loss: 0.0000, instance_loss: 0.0000, weighted_loss: 0.0000, label: 0, bag_size: 4563
batch 699, loss: 0.0000, instance_loss: 0.0012, weighted_loss: 0.0004, label: 0, bag_size: 4374
batch 719, loss: 0.0004, instance_loss: 0.0010, weighted_loss: 0.0006, label: 1, bag_size: 9833
batch 739, loss: 0.0000, instance_loss: 0.0004, weighted_loss: 0.0001, label: 0, bag_size: 12513
batch 759, loss: 0.0003, instance_loss: 0.0007, weighted_loss: 0.0004, label: 1, bag_size: 7879
batch 779, loss: 0.0002, instance_loss: 0.0000, weighted_loss: 0.0001, label: 1, bag_size: 7733
batch 799, loss: 0.0000, instance_loss: 0.0000, weighted_loss: 0.0000, label: 0, bag_size: 6185
batch 819, loss: 0.0000, instance_loss: 0.0000, weighted_loss: 0.0000, label: 0, bag_size: 19134
batch 839, loss: 0.0000, instance_loss: 0.0000, weighted_loss: 0.0000, label: 0, bag_size: 20383
batch 859, loss: 0.0002, instance_loss: 0.0000, weighted_loss: 0.0002, label: 1, bag_size: 6023
batch 879, loss: 0.0003, instance_loss: 0.0003, weighted_loss: 0.0003, label: 1, bag_size: 9833


class 0 clustering acc 1.0: correct 7088/7088
class 1 clustering acc 1.0: correct 7088/7088
Epoch: 10, train_loss: 0.0012, train_clustering_loss:  0.0006, train_error: 0.0000
class 0: acc 1.0, correct 445/445
class 1: acc 1.0, correct 441/441

Val Set, val_loss: 0.3536, val_error: 0.0260, auc: 0.3679
class 0 clustering acc 1.0: correct 1536/1536
class 1 clustering acc 1.0: correct 1536/1536
class 0: acc 1.0, correct 187/187
class 1: acc 0.0, correct 0/5
EarlyStopping counter: 9 out of 10


batch 19, loss: 0.0000, instance_loss: 0.0000, weighted_loss: 0.0000, label: 0, bag_size: 19793
batch 39, loss: 0.0000, instance_loss: 0.0000, weighted_loss: 0.0000, label: 0, bag_size: 2009
batch 59, loss: 0.0000, instance_loss: 0.0006, weighted_loss: 0.0002, label: 0, bag_size: 8050
batch 79, loss: 0.0001, instance_loss: 0.0018, weighted_loss: 0.0006, label: 1, bag_size: 2853
batch 99, loss: 0.0005, instance_loss: 0.0002, weighted_loss: 0.0004, label: 1, bag_size: 5082
batch 119, loss: 0.0000, instance_loss: 0.0000, weighted_loss: 0.0000, label: 0, bag_size: 17340
batch 139, loss: 0.0006, instance_loss: 0.0000, weighted_loss: 0.0004, label: 1, bag_size: 7733
batch 159, loss: 0.0029, instance_loss: 0.0002, weighted_loss: 0.0021, label: 1, bag_size: 5082
batch 179, loss: 0.0002, instance_loss: 0.0000, weighted_loss: 0.0001, label: 1, bag_size: 14318
batch 199, loss: 0.0001, instance_loss: 0.0012, weighted_loss: 0.0004, label: 0, bag_size: 5268
batch 219, loss: 0.0000, instance_loss: 0.0000, weighted_loss: 0.0000, label: 0, bag_size: 6449
batch 239, loss: 0.0000, instance_loss: 0.0011, weighted_loss: 0.0003, label: 0, bag_size: 5581
batch 259, loss: 0.0001, instance_loss: 0.0000, weighted_loss: 0.0000, label: 0, bag_size: 21952
batch 279, loss: 0.0005, instance_loss: 0.0000, weighted_loss: 0.0004, label: 1, bag_size: 4276
batch 299, loss: 0.0000, instance_loss: 0.0000, weighted_loss: 0.0000, label: 0, bag_size: 15678
batch 319, loss: 0.0001, instance_loss: 0.0000, weighted_loss: 0.0001, label: 0, bag_size: 5862
batch 339, loss: 0.0001, instance_loss: 0.0000, weighted_loss: 0.0001, label: 1, bag_size: 4276
batch 359, loss: 0.0000, instance_loss: 0.0006, weighted_loss: 0.0002, label: 1, bag_size: 2853
batch 379, loss: 0.0011, instance_loss: 0.0000, weighted_loss: 0.0008, label: 1, bag_size: 9833
batch 399, loss: 0.0001, instance_loss: 0.0000, weighted_loss: 0.0001, label: 1, bag_size: 7733
batch 419, loss: 0.0001, instance_loss: 0.0000, weighted_loss: 0.0001, label: 1, bag_size: 7733
batch 439, loss: 0.0002, instance_loss: 0.0010, weighted_loss: 0.0004, label: 1, bag_size: 5137
batch 459, loss: 0.0002, instance_loss: 0.0000, weighted_loss: 0.0001, label: 1, bag_size: 7879
batch 479, loss: 0.0000, instance_loss: 0.0015, weighted_loss: 0.0005, label: 0, bag_size: 8544
batch 499, loss: 0.0001, instance_loss: 0.0024, weighted_loss: 0.0008, label: 0, bag_size: 2843
batch 519, loss: 0.0008, instance_loss: 0.0014, weighted_loss: 0.0010, label: 1, bag_size: 9833
batch 539, loss: 0.0002, instance_loss: 0.0000, weighted_loss: 0.0001, label: 1, bag_size: 14318
batch 559, loss: 0.0001, instance_loss: 0.0000, weighted_loss: 0.0001, label: 1, bag_size: 14318
batch 579, loss: 0.0000, instance_loss: 0.0029, weighted_loss: 0.0009, label: 0, bag_size: 1345
batch 599, loss: 0.0000, instance_loss: 0.0000, weighted_loss: 0.0000, label: 0, bag_size: 18076
batch 619, loss: 0.0001, instance_loss: 0.0002, weighted_loss: 0.0001, label: 0, bag_size: 5879
batch 639, loss: 0.0001, instance_loss: 0.0000, weighted_loss: 0.0001, label: 1, bag_size: 5137
batch 659, loss: 0.0005, instance_loss: 0.0000, weighted_loss: 0.0003, label: 1, bag_size: 9833
batch 679, loss: 0.0001, instance_loss: 0.0000, weighted_loss: 0.0001, label: 1, bag_size: 5082
batch 699, loss: 0.0000, instance_loss: 0.0000, weighted_loss: 0.0000, label: 0, bag_size: 12989
batch 719, loss: 0.0002, instance_loss: 0.0003, weighted_loss: 0.0002, label: 1, bag_size: 5082
batch 739, loss: 0.0000, instance_loss: 0.0000, weighted_loss: 0.0000, label: 0, bag_size: 16323
batch 759, loss: 0.0001, instance_loss: 0.0000, weighted_loss: 0.0000, label: 1, bag_size: 7879
batch 779, loss: 0.0001, instance_loss: 0.0009, weighted_loss: 0.0003, label: 1, bag_size: 2853
batch 799, loss: 0.0000, instance_loss: 0.0000, weighted_loss: 0.0000, label: 0, bag_size: 3137
batch 819, loss: 0.0000, instance_loss: 0.0000, weighted_loss: 0.0000, label: 0, bag_size: 16385
batch 839, loss: 0.0000, instance_loss: 0.0000, weighted_loss: 0.0000, label: 0, bag_size: 863
batch 859, loss: 0.0000, instance_loss: 0.0000, weighted_loss: 0.0000, label: 0, bag_size: 1881
batch 879, loss: 0.0002, instance_loss: 0.0000, weighted_loss: 0.0001, label: 1, bag_size: 6023


class 0 clustering acc 1.0: correct 7088/7088
class 1 clustering acc 1.0: correct 7088/7088
Epoch: 11, train_loss: 0.0004, train_clustering_loss:  0.0003, train_error: 0.0000
class 0: acc 1.0, correct 459/459
class 1: acc 1.0, correct 427/427

Val Set, val_loss: 0.3655, val_error: 0.0260, auc: 0.3754
class 0 clustering acc 1.0: correct 1536/1536
class 1 clustering acc 1.0: correct 1536/1536
class 0: acc 1.0, correct 187/187
class 1: acc 0.0, correct 0/5
EarlyStopping counter: 10 out of 10
Early stopping
Val error: 0.0521, ROC AUC: 0.3455
CV validation error: 0.0521, ROC AUC: 0.3455
class 0: acc 0.9732620320855615, correct 182/187
class 1: acc 0.0, correct 0/5
Future event metrics: {"fold": 3, "events": 89, "positive_events": 1, "event_average_precision": 0.012658227848101266, "event_roc_auc": 0.11363636363636365, "event_brier": 0.04762171803430438, "aggregation": "mean probability across all included stains/slides of same patient/anchor date", "exploratory_cv_not_independent_final_test": true}

Training Fold 4!

Init train/val/test splits... 
Done!
Training on 804 samples
Validating on 274 samples
Testing on 0 samples

Init loss function... Done!

Init Model... Setting tau to 1.0
Done!
CLAM_SB(
  (attention_net): Sequential(
    (0): Linear(in_features=1536, out_features=512, bias=True)
    (1): ReLU()
    (2): Dropout(p=0.25, inplace=False)
    (3): Attn_Net_Gated(
      (attention_a): Sequential(
        (0): Linear(in_features=512, out_features=256, bias=True)
        (1): Tanh()
        (2): Dropout(p=0.25, inplace=False)
      )
      (attention_b): Sequential(
        (0): Linear(in_features=512, out_features=256, bias=True)
        (1): Sigmoid()
        (2): Dropout(p=0.25, inplace=False)
      )
      (attention_c): Linear(in_features=256, out_features=1, bias=True)
    )
  )
  (classifiers): Linear(in_features=512, out_features=2, bias=True)
  (instance_classifiers): ModuleList(
    (0-1): 2 x Linear(in_features=512, out_features=2, bias=True)
  )
  (instance_loss_fn): SmoothTop1SVM()
)
Total number of parameters: 1052935
Total number of trainable parameters: 1052935

Init optimizer ... Done!

Init Loaders... Done!

Setup EarlyStopping... Done!


batch 19, loss: 0.3273, instance_loss: 1.8742, weighted_loss: 0.7914, label: 1, bag_size: 14318
batch 39, loss: 0.3332, instance_loss: 0.1580, weighted_loss: 0.2806, label: 1, bag_size: 5082
batch 59, loss: 0.6415, instance_loss: 1.3064, weighted_loss: 0.8410, label: 0, bag_size: 15483
batch 79, loss: 0.5111, instance_loss: 0.5141, weighted_loss: 0.5120, label: 1, bag_size: 18621
batch 99, loss: 0.5580, instance_loss: 2.2870, weighted_loss: 1.0767, label: 1, bag_size: 13571
batch 119, loss: 0.7472, instance_loss: 0.8908, weighted_loss: 0.7903, label: 0, bag_size: 16402
batch 139, loss: 0.3880, instance_loss: 0.3271, weighted_loss: 0.3697, label: 0, bag_size: 2755
batch 159, loss: 0.2297, instance_loss: 0.0683, weighted_loss: 0.1813, label: 0, bag_size: 4463
batch 179, loss: 0.2620, instance_loss: 0.0449, weighted_loss: 0.1969, label: 1, bag_size: 14318
batch 199, loss: 0.5572, instance_loss: 0.0359, weighted_loss: 0.4008, label: 1, bag_size: 13646
batch 219, loss: 0.9607, instance_loss: 0.0423, weighted_loss: 0.6852, label: 0, bag_size: 3230
batch 239, loss: 0.0877, instance_loss: 0.7074, weighted_loss: 0.2736, label: 0, bag_size: 17684
batch 259, loss: 0.6062, instance_loss: 0.1265, weighted_loss: 0.4623, label: 1, bag_size: 13571
batch 279, loss: 0.4020, instance_loss: 0.0073, weighted_loss: 0.2836, label: 0, bag_size: 9852
batch 299, loss: 0.0787, instance_loss: 0.0517, weighted_loss: 0.0706, label: 1, bag_size: 13571
batch 319, loss: 0.4892, instance_loss: 0.0021, weighted_loss: 0.3431, label: 1, bag_size: 9833
batch 339, loss: 0.4826, instance_loss: 0.0309, weighted_loss: 0.3471, label: 1, bag_size: 7879
batch 359, loss: 0.1063, instance_loss: 0.0599, weighted_loss: 0.0924, label: 0, bag_size: 1227
batch 379, loss: 0.0243, instance_loss: 0.0011, weighted_loss: 0.0174, label: 1, bag_size: 5082
batch 399, loss: 0.4138, instance_loss: 0.0363, weighted_loss: 0.3005, label: 1, bag_size: 7879
batch 419, loss: 0.1920, instance_loss: 0.0234, weighted_loss: 0.1414, label: 1, bag_size: 5082
batch 439, loss: 0.2187, instance_loss: 0.0038, weighted_loss: 0.1542, label: 0, bag_size: 1875
batch 459, loss: 0.1805, instance_loss: 0.0396, weighted_loss: 0.1382, label: 0, bag_size: 11364
batch 479, loss: 0.3244, instance_loss: 0.0060, weighted_loss: 0.2289, label: 0, bag_size: 6028
batch 499, loss: 0.4478, instance_loss: 0.0186, weighted_loss: 0.3190, label: 1, bag_size: 7733
batch 519, loss: 0.2255, instance_loss: 0.0166, weighted_loss: 0.1629, label: 1, bag_size: 7733
batch 539, loss: 0.0197, instance_loss: 0.0034, weighted_loss: 0.0148, label: 1, bag_size: 14318
batch 559, loss: 0.0025, instance_loss: 0.0140, weighted_loss: 0.0059, label: 0, bag_size: 8542
batch 579, loss: 0.1273, instance_loss: 0.0067, weighted_loss: 0.0911, label: 1, bag_size: 9833
batch 599, loss: 0.0658, instance_loss: 0.0060, weighted_loss: 0.0479, label: 0, bag_size: 6812
batch 619, loss: 0.0099, instance_loss: 0.0043, weighted_loss: 0.0082, label: 1, bag_size: 7733
batch 639, loss: 0.6366, instance_loss: 0.0577, weighted_loss: 0.4629, label: 1, bag_size: 2853
batch 659, loss: 0.2085, instance_loss: 0.0108, weighted_loss: 0.1491, label: 1, bag_size: 2853
batch 679, loss: 0.1070, instance_loss: 0.0176, weighted_loss: 0.0802, label: 0, bag_size: 4029
batch 699, loss: 0.0186, instance_loss: 0.0045, weighted_loss: 0.0143, label: 1, bag_size: 14318
batch 719, loss: 0.1793, instance_loss: 0.0076, weighted_loss: 0.1278, label: 1, bag_size: 7879
batch 739, loss: 0.7421, instance_loss: 0.0006, weighted_loss: 0.5197, label: 1, bag_size: 4365
batch 759, loss: 0.0422, instance_loss: 0.0315, weighted_loss: 0.0390, label: 1, bag_size: 1140
batch 779, loss: 0.0551, instance_loss: 0.0106, weighted_loss: 0.0418, label: 0, bag_size: 2029
batch 799, loss: 0.0856, instance_loss: 0.0098, weighted_loss: 0.0628, label: 0, bag_size: 9322


class 0 clustering acc 0.9485385572139303: correct 6101/6432
class 1 clustering acc 0.9393656716417911: correct 6042/6432
Epoch: 0, train_loss: 0.4268, train_clustering_loss:  0.2186, train_error: 0.1965
class 0: acc 0.7424242424242424, correct 294/396
class 1: acc 0.8627450980392157, correct 352/408

Val Set, val_loss: 0.3371, val_error: 0.1533, auc: 0.7712
class 0 clustering acc 0.9968065693430657: correct 2185/2192
class 1 clustering acc 1.0: correct 2192/2192
class 0: acc 0.8523985239852399, correct 231/271
class 1: acc 0.3333333333333333, correct 1/3
Validation loss decreased (inf --> 0.337082).  Saving model ...


batch 19, loss: 0.0012, instance_loss: 0.0000, weighted_loss: 0.0009, label: 0, bag_size: 17371
batch 39, loss: 0.0130, instance_loss: 0.0003, weighted_loss: 0.0092, label: 1, bag_size: 14318
batch 59, loss: 0.0725, instance_loss: 0.0103, weighted_loss: 0.0538, label: 1, bag_size: 3354
batch 79, loss: 0.1473, instance_loss: 0.0000, weighted_loss: 0.1031, label: 1, bag_size: 18621
batch 99, loss: 0.0036, instance_loss: 0.0183, weighted_loss: 0.0081, label: 0, bag_size: 2189
batch 119, loss: 0.0935, instance_loss: 0.0000, weighted_loss: 0.0655, label: 1, bag_size: 4365
batch 139, loss: 0.2026, instance_loss: 0.0000, weighted_loss: 0.1418, label: 1, bag_size: 13646
batch 159, loss: 0.2144, instance_loss: 0.0008, weighted_loss: 0.1503, label: 1, bag_size: 4365
batch 179, loss: 0.2248, instance_loss: 0.0018, weighted_loss: 0.1579, label: 1, bag_size: 13571
batch 199, loss: 0.0155, instance_loss: 0.0030, weighted_loss: 0.0117, label: 0, bag_size: 5315
batch 219, loss: 0.0156, instance_loss: 0.0101, weighted_loss: 0.0140, label: 0, bag_size: 1861
batch 239, loss: 0.0209, instance_loss: 0.0000, weighted_loss: 0.0147, label: 0, bag_size: 4403
batch 259, loss: 0.0544, instance_loss: 0.0011, weighted_loss: 0.0384, label: 0, bag_size: 5912
batch 279, loss: 0.3110, instance_loss: 0.0000, weighted_loss: 0.2177, label: 1, bag_size: 14318
batch 299, loss: 0.0389, instance_loss: 0.0003, weighted_loss: 0.0273, label: 1, bag_size: 4365
batch 319, loss: 0.6283, instance_loss: 0.0187, weighted_loss: 0.4455, label: 0, bag_size: 1207
batch 339, loss: 0.0290, instance_loss: 0.0014, weighted_loss: 0.0207, label: 0, bag_size: 4356
batch 359, loss: 0.0000, instance_loss: 0.0000, weighted_loss: 0.0000, label: 0, bag_size: 8244
batch 379, loss: 0.0287, instance_loss: 0.0005, weighted_loss: 0.0202, label: 1, bag_size: 13646
batch 399, loss: 0.0099, instance_loss: 0.0000, weighted_loss: 0.0070, label: 0, bag_size: 6434
batch 419, loss: 0.0014, instance_loss: 0.0000, weighted_loss: 0.0010, label: 1, bag_size: 7879
batch 439, loss: 0.0021, instance_loss: 0.0000, weighted_loss: 0.0015, label: 0, bag_size: 14933
batch 459, loss: 0.4658, instance_loss: 0.0118, weighted_loss: 0.3296, label: 1, bag_size: 3354
batch 479, loss: 0.0029, instance_loss: 0.0012, weighted_loss: 0.0024, label: 0, bag_size: 5180
batch 499, loss: 0.4160, instance_loss: 0.0000, weighted_loss: 0.2912, label: 1, bag_size: 18621
batch 519, loss: 1.1128, instance_loss: 0.0025, weighted_loss: 0.7797, label: 0, bag_size: 2865
batch 539, loss: 0.0008, instance_loss: 0.0000, weighted_loss: 0.0005, label: 0, bag_size: 17250
batch 559, loss: 0.1995, instance_loss: 0.0059, weighted_loss: 0.1414, label: 1, bag_size: 1140
batch 579, loss: 0.0231, instance_loss: 0.0000, weighted_loss: 0.0162, label: 1, bag_size: 13646
batch 599, loss: 0.0135, instance_loss: 0.0003, weighted_loss: 0.0096, label: 1, bag_size: 2853
batch 619, loss: 0.0087, instance_loss: 0.0071, weighted_loss: 0.0082, label: 1, bag_size: 5082
batch 639, loss: 0.0496, instance_loss: 0.0007, weighted_loss: 0.0349, label: 1, bag_size: 4365
batch 659, loss: 0.0230, instance_loss: 0.0021, weighted_loss: 0.0168, label: 0, bag_size: 5487
batch 679, loss: 0.0043, instance_loss: 0.0006, weighted_loss: 0.0032, label: 1, bag_size: 7733
batch 699, loss: 0.0251, instance_loss: 0.0000, weighted_loss: 0.0176, label: 1, bag_size: 13646
batch 719, loss: 0.0264, instance_loss: 0.0020, weighted_loss: 0.0191, label: 1, bag_size: 1140
batch 739, loss: 0.2256, instance_loss: 0.0002, weighted_loss: 0.1580, label: 1, bag_size: 13571
batch 759, loss: 0.0040, instance_loss: 0.0000, weighted_loss: 0.0028, label: 1, bag_size: 14318
batch 779, loss: 0.0019, instance_loss: 0.0000, weighted_loss: 0.0013, label: 0, bag_size: 13621
batch 799, loss: 0.0313, instance_loss: 0.0051, weighted_loss: 0.0234, label: 1, bag_size: 1140


class 0 clustering acc 0.9978233830845771: correct 6418/6432
class 1 clustering acc 0.9998445273631841: correct 6431/6432
Epoch: 1, train_loss: 0.1522, train_clustering_loss:  0.0071, train_error: 0.0473
class 0: acc 0.9353233830845771, correct 376/402
class 1: acc 0.9701492537313433, correct 390/402

Val Set, val_loss: 0.1565, val_error: 0.0620, auc: 0.7171
class 0 clustering acc 1.0: correct 2192/2192
class 1 clustering acc 1.0: correct 2192/2192
class 0: acc 0.948339483394834, correct 257/271
class 1: acc 0.0, correct 0/3
Validation loss decreased (0.337082 --> 0.156513).  Saving model ...


batch 19, loss: 0.0550, instance_loss: 0.0002, weighted_loss: 0.0386, label: 1, bag_size: 4365
batch 39, loss: 0.0071, instance_loss: 0.0000, weighted_loss: 0.0050, label: 0, bag_size: 15404
batch 59, loss: 0.0066, instance_loss: 0.0000, weighted_loss: 0.0046, label: 1, bag_size: 14318
batch 79, loss: 0.2462, instance_loss: 0.0000, weighted_loss: 0.1723, label: 1, bag_size: 4365
batch 99, loss: 0.0011, instance_loss: 0.0000, weighted_loss: 0.0007, label: 1, bag_size: 7879
batch 119, loss: 0.0031, instance_loss: 0.0059, weighted_loss: 0.0039, label: 0, bag_size: 6239
batch 139, loss: 0.0051, instance_loss: 0.0092, weighted_loss: 0.0063, label: 1, bag_size: 3354
batch 159, loss: 0.0013, instance_loss: 0.0000, weighted_loss: 0.0009, label: 1, bag_size: 7879
batch 179, loss: 0.0050, instance_loss: 0.0021, weighted_loss: 0.0041, label: 1, bag_size: 9833
batch 199, loss: 0.0207, instance_loss: 0.0028, weighted_loss: 0.0153, label: 0, bag_size: 2703
batch 219, loss: 0.0050, instance_loss: 0.0118, weighted_loss: 0.0070, label: 0, bag_size: 1910
batch 239, loss: 0.0466, instance_loss: 0.0009, weighted_loss: 0.0329, label: 0, bag_size: 3457
batch 259, loss: 0.0098, instance_loss: 0.0070, weighted_loss: 0.0089, label: 1, bag_size: 2853
batch 279, loss: 0.0371, instance_loss: 0.0000, weighted_loss: 0.0260, label: 0, bag_size: 23088
batch 299, loss: 0.0000, instance_loss: 0.0000, weighted_loss: 0.0000, label: 0, bag_size: 10653
batch 319, loss: 0.0067, instance_loss: 0.0002, weighted_loss: 0.0048, label: 1, bag_size: 4365
batch 339, loss: 0.0063, instance_loss: 0.0022, weighted_loss: 0.0050, label: 1, bag_size: 5082
batch 359, loss: 0.0005, instance_loss: 0.0000, weighted_loss: 0.0004, label: 1, bag_size: 13571
batch 379, loss: 0.0013, instance_loss: 0.0037, weighted_loss: 0.0020, label: 0, bag_size: 3673
batch 399, loss: 0.0000, instance_loss: 0.0045, weighted_loss: 0.0013, label: 0, bag_size: 1744
batch 419, loss: 0.0176, instance_loss: 0.0000, weighted_loss: 0.0123, label: 1, bag_size: 7879
batch 439, loss: 0.0091, instance_loss: 0.0000, weighted_loss: 0.0064, label: 1, bag_size: 13646
batch 459, loss: 0.0001, instance_loss: 0.0000, weighted_loss: 0.0001, label: 0, bag_size: 1218
batch 479, loss: 0.0006, instance_loss: 0.0007, weighted_loss: 0.0006, label: 0, bag_size: 9973
batch 499, loss: 0.0001, instance_loss: 0.0000, weighted_loss: 0.0001, label: 1, bag_size: 7879
batch 519, loss: 2.2590, instance_loss: 0.0040, weighted_loss: 1.5825, label: 0, bag_size: 2780
batch 539, loss: 0.0001, instance_loss: 0.0000, weighted_loss: 0.0000, label: 0, bag_size: 3878
batch 559, loss: 0.0665, instance_loss: 0.0010, weighted_loss: 0.0468, label: 0, bag_size: 5027
batch 579, loss: 0.0146, instance_loss: 0.0000, weighted_loss: 0.0102, label: 1, bag_size: 13571
batch 599, loss: 0.0112, instance_loss: 0.0017, weighted_loss: 0.0083, label: 0, bag_size: 3167
batch 619, loss: 0.0014, instance_loss: 0.0111, weighted_loss: 0.0043, label: 0, bag_size: 1227
batch 639, loss: 0.0324, instance_loss: 0.0159, weighted_loss: 0.0275, label: 1, bag_size: 5082
batch 659, loss: 0.0011, instance_loss: 0.0013, weighted_loss: 0.0012, label: 0, bag_size: 3144
batch 679, loss: 0.0212, instance_loss: 0.0012, weighted_loss: 0.0152, label: 1, bag_size: 3354
batch 699, loss: 0.0039, instance_loss: 0.0000, weighted_loss: 0.0028, label: 1, bag_size: 4365
batch 719, loss: 0.0025, instance_loss: 0.0000, weighted_loss: 0.0017, label: 1, bag_size: 14318
batch 739, loss: 0.0125, instance_loss: 0.0043, weighted_loss: 0.0100, label: 1, bag_size: 5082
batch 759, loss: 6.0984, instance_loss: 0.0000, weighted_loss: 4.2689, label: 1, bag_size: 13571
batch 779, loss: 0.0004, instance_loss: 0.0000, weighted_loss: 0.0003, label: 0, bag_size: 3681
batch 799, loss: 0.0023, instance_loss: 0.0000, weighted_loss: 0.0016, label: 0, bag_size: 12427


class 0 clustering acc 1.0: correct 6432/6432
class 1 clustering acc 1.0: correct 6432/6432
Epoch: 2, train_loss: 0.1096, train_clustering_loss:  0.0016, train_error: 0.0386
class 0: acc 0.959079283887468, correct 375/391
class 1: acc 0.9636803874092009, correct 398/413

Val Set, val_loss: 0.0910, val_error: 0.0255, auc: 0.6691
class 0 clustering acc 1.0: correct 2192/2192
class 1 clustering acc 1.0: correct 2192/2192
class 0: acc 0.985239852398524, correct 267/271
class 1: acc 0.0, correct 0/3
Validation loss decreased (0.156513 --> 0.090981).  Saving model ...


batch 19, loss: 0.0007, instance_loss: 0.0000, weighted_loss: 0.0005, label: 0, bag_size: 6812
batch 39, loss: 0.0549, instance_loss: 0.0000, weighted_loss: 0.0385, label: 1, bag_size: 14318
batch 59, loss: 0.0013, instance_loss: 0.0000, weighted_loss: 0.0009, label: 0, bag_size: 6678
batch 79, loss: 0.0063, instance_loss: 0.0004, weighted_loss: 0.0045, label: 1, bag_size: 7733
batch 99, loss: 0.0002, instance_loss: 0.0000, weighted_loss: 0.0001, label: 0, bag_size: 9848
batch 119, loss: 0.0088, instance_loss: 0.0044, weighted_loss: 0.0075, label: 1, bag_size: 5082
batch 139, loss: 0.0378, instance_loss: 0.0000, weighted_loss: 0.0265, label: 1, bag_size: 4365
batch 159, loss: 0.0016, instance_loss: 0.0005, weighted_loss: 0.0012, label: 0, bag_size: 5809
batch 179, loss: 0.0071, instance_loss: 0.0062, weighted_loss: 0.0068, label: 1, bag_size: 2853
batch 199, loss: 0.0001, instance_loss: 0.0114, weighted_loss: 0.0035, label: 0, bag_size: 2595
batch 219, loss: 0.1785, instance_loss: 0.0022, weighted_loss: 0.1256, label: 1, bag_size: 3354
batch 239, loss: 0.0003, instance_loss: 0.0000, weighted_loss: 0.0002, label: 0, bag_size: 16717
batch 259, loss: 0.0193, instance_loss: 0.0002, weighted_loss: 0.0136, label: 1, bag_size: 13646
batch 279, loss: 0.0154, instance_loss: 0.0007, weighted_loss: 0.0110, label: 1, bag_size: 9833
batch 299, loss: 0.0128, instance_loss: 0.0002, weighted_loss: 0.0090, label: 1, bag_size: 9833
batch 319, loss: 0.0001, instance_loss: 0.0000, weighted_loss: 0.0001, label: 0, bag_size: 9314
batch 339, loss: 0.0022, instance_loss: 0.0004, weighted_loss: 0.0017, label: 1, bag_size: 13571
batch 359, loss: 0.0003, instance_loss: 0.0000, weighted_loss: 0.0002, label: 0, bag_size: 10620
batch 379, loss: 0.0029, instance_loss: 0.0000, weighted_loss: 0.0020, label: 1, bag_size: 13646
batch 399, loss: 0.0071, instance_loss: 0.0000, weighted_loss: 0.0050, label: 1, bag_size: 13571
batch 419, loss: 0.0489, instance_loss: 0.0000, weighted_loss: 0.0343, label: 1, bag_size: 4365
batch 439, loss: 0.0003, instance_loss: 0.0000, weighted_loss: 0.0002, label: 0, bag_size: 8178
batch 459, loss: 0.0000, instance_loss: 0.0003, weighted_loss: 0.0001, label: 0, bag_size: 3850
batch 479, loss: 0.0000, instance_loss: 0.0000, weighted_loss: 0.0000, label: 0, bag_size: 9848
batch 499, loss: 0.0169, instance_loss: 0.0010, weighted_loss: 0.0121, label: 1, bag_size: 4365
batch 519, loss: 0.0000, instance_loss: 0.0000, weighted_loss: 0.0000, label: 0, bag_size: 1682
batch 539, loss: 0.0038, instance_loss: 0.0007, weighted_loss: 0.0028, label: 1, bag_size: 13646
batch 559, loss: 0.0117, instance_loss: 0.0037, weighted_loss: 0.0093, label: 1, bag_size: 2853
batch 579, loss: 0.0003, instance_loss: 0.0000, weighted_loss: 0.0002, label: 0, bag_size: 17043
batch 599, loss: 0.0045, instance_loss: 0.0000, weighted_loss: 0.0032, label: 0, bag_size: 21253
batch 619, loss: 0.0006, instance_loss: 0.0005, weighted_loss: 0.0006, label: 1, bag_size: 7733
batch 639, loss: 0.0001, instance_loss: 0.0000, weighted_loss: 0.0001, label: 0, bag_size: 3118
batch 659, loss: 0.0004, instance_loss: 0.0012, weighted_loss: 0.0007, label: 1, bag_size: 5082
batch 679, loss: 0.0010, instance_loss: 0.0005, weighted_loss: 0.0008, label: 1, bag_size: 2853
batch 699, loss: 0.0161, instance_loss: 0.0000, weighted_loss: 0.0113, label: 1, bag_size: 14318
batch 719, loss: 0.0002, instance_loss: 0.0004, weighted_loss: 0.0002, label: 1, bag_size: 5082
batch 739, loss: 0.0011, instance_loss: 0.0002, weighted_loss: 0.0008, label: 1, bag_size: 4365
batch 759, loss: 0.0003, instance_loss: 0.0000, weighted_loss: 0.0002, label: 1, bag_size: 5082
batch 779, loss: 0.0000, instance_loss: 0.0000, weighted_loss: 0.0000, label: 0, bag_size: 3840
batch 799, loss: 0.0008, instance_loss: 0.0004, weighted_loss: 0.0006, label: 0, bag_size: 5809


class 0 clustering acc 1.0: correct 6432/6432
class 1 clustering acc 1.0: correct 6432/6432
Epoch: 3, train_loss: 0.0452, train_clustering_loss:  0.0011, train_error: 0.0137
class 0: acc 0.983451536643026, correct 416/423
class 1: acc 0.989501312335958, correct 377/381

Val Set, val_loss: 0.2976, val_error: 0.0912, auc: 0.7269
class 0 clustering acc 0.9995437956204379: correct 2191/2192
class 1 clustering acc 1.0: correct 2192/2192
class 0: acc 0.915129151291513, correct 248/271
class 1: acc 0.3333333333333333, correct 1/3
EarlyStopping counter: 1 out of 10


batch 19, loss: 0.0002, instance_loss: 0.0000, weighted_loss: 0.0002, label: 0, bag_size: 9214
batch 39, loss: 0.0033, instance_loss: 0.0000, weighted_loss: 0.0023, label: 1, bag_size: 18621
batch 59, loss: 0.2537, instance_loss: 0.0006, weighted_loss: 0.1778, label: 1, bag_size: 14318
batch 79, loss: 0.0048, instance_loss: 0.0045, weighted_loss: 0.0047, label: 1, bag_size: 1140
batch 99, loss: 0.0003, instance_loss: 0.0004, weighted_loss: 0.0003, label: 1, bag_size: 7879
batch 119, loss: 0.0006, instance_loss: 0.0018, weighted_loss: 0.0010, label: 0, bag_size: 3129
batch 139, loss: 0.0101, instance_loss: 0.0000, weighted_loss: 0.0071, label: 1, bag_size: 14318
batch 159, loss: 0.0001, instance_loss: 0.0000, weighted_loss: 0.0001, label: 0, bag_size: 17048
batch 179, loss: 0.0038, instance_loss: 0.0003, weighted_loss: 0.0027, label: 1, bag_size: 14318
batch 199, loss: 0.0006, instance_loss: 0.0003, weighted_loss: 0.0005, label: 1, bag_size: 5082
batch 219, loss: 0.0003, instance_loss: 0.0000, weighted_loss: 0.0002, label: 1, bag_size: 7733
batch 239, loss: 0.0015, instance_loss: 0.0006, weighted_loss: 0.0012, label: 1, bag_size: 4365
batch 259, loss: 0.0014, instance_loss: 0.0007, weighted_loss: 0.0012, label: 1, bag_size: 13646
batch 279, loss: 0.0296, instance_loss: 0.0124, weighted_loss: 0.0244, label: 0, bag_size: 10665
batch 299, loss: 0.0000, instance_loss: 0.0000, weighted_loss: 0.0000, label: 0, bag_size: 16707
batch 319, loss: 0.0006, instance_loss: 0.0002, weighted_loss: 0.0005, label: 1, bag_size: 7733
batch 339, loss: 0.0089, instance_loss: 0.0000, weighted_loss: 0.0062, label: 0, bag_size: 24284
batch 359, loss: 1.8552, instance_loss: 0.0000, weighted_loss: 1.2987, label: 0, bag_size: 18062
batch 379, loss: 0.0000, instance_loss: 0.0000, weighted_loss: 0.0000, label: 1, bag_size: 13571
batch 399, loss: 0.0001, instance_loss: 0.0000, weighted_loss: 0.0001, label: 0, bag_size: 2809
batch 419, loss: 0.0008, instance_loss: 0.0000, weighted_loss: 0.0005, label: 0, bag_size: 16499
batch 439, loss: 0.0006, instance_loss: 0.0003, weighted_loss: 0.0005, label: 1, bag_size: 4365
batch 459, loss: 0.0014, instance_loss: 0.0000, weighted_loss: 0.0010, label: 0, bag_size: 12537
batch 479, loss: 0.0013, instance_loss: 0.0033, weighted_loss: 0.0019, label: 1, bag_size: 2853
batch 499, loss: 0.0018, instance_loss: 0.0105, weighted_loss: 0.0044, label: 1, bag_size: 2853
batch 519, loss: 0.0008, instance_loss: 0.0000, weighted_loss: 0.0005, label: 0, bag_size: 21322
batch 539, loss: 0.0796, instance_loss: 0.0708, weighted_loss: 0.0770, label: 0, bag_size: 1011
batch 559, loss: 0.0107, instance_loss: 0.0003, weighted_loss: 0.0076, label: 1, bag_size: 9833
batch 579, loss: 0.0001, instance_loss: 0.0004, weighted_loss: 0.0002, label: 0, bag_size: 2787
batch 599, loss: 0.0000, instance_loss: 0.0002, weighted_loss: 0.0001, label: 0, bag_size: 4062
batch 619, loss: 0.0000, instance_loss: 0.0000, weighted_loss: 0.0000, label: 0, bag_size: 12866
batch 639, loss: 0.0003, instance_loss: 0.0012, weighted_loss: 0.0006, label: 0, bag_size: 1941
batch 659, loss: 0.0002, instance_loss: 0.0002, weighted_loss: 0.0002, label: 0, bag_size: 4029
batch 679, loss: 1.7388, instance_loss: 0.0226, weighted_loss: 1.2239, label: 0, bag_size: 1674
batch 699, loss: 0.0000, instance_loss: 0.0000, weighted_loss: 0.0000, label: 0, bag_size: 3129
batch 719, loss: 0.0010, instance_loss: 0.0000, weighted_loss: 0.0007, label: 1, bag_size: 13646
batch 739, loss: 0.1282, instance_loss: 0.0038, weighted_loss: 0.0909, label: 1, bag_size: 2853
batch 759, loss: 0.0003, instance_loss: 0.0017, weighted_loss: 0.0008, label: 1, bag_size: 7733
batch 779, loss: 0.0161, instance_loss: 0.0086, weighted_loss: 0.0139, label: 1, bag_size: 1140
batch 799, loss: 0.0002, instance_loss: 0.0000, weighted_loss: 0.0001, label: 0, bag_size: 5809


class 0 clustering acc 0.9998445273631841: correct 6431/6432
class 1 clustering acc 1.0: correct 6432/6432
Epoch: 4, train_loss: 0.0502, train_clustering_loss:  0.0018, train_error: 0.0162
class 0: acc 0.9827586206896551, correct 399/406
class 1: acc 0.9849246231155779, correct 392/398

Val Set, val_loss: 0.1484, val_error: 0.0328, auc: 0.6642
class 0 clustering acc 0.9945255474452555: correct 2180/2192
class 1 clustering acc 1.0: correct 2192/2192
class 0: acc 0.977859778597786, correct 265/271
class 1: acc 0.0, correct 0/3
EarlyStopping counter: 2 out of 10


batch 19, loss: 0.0012, instance_loss: 0.0005, weighted_loss: 0.0009, label: 1, bag_size: 3354
batch 39, loss: 0.0000, instance_loss: 0.0000, weighted_loss: 0.0000, label: 0, bag_size: 4361
batch 59, loss: 0.0055, instance_loss: 0.0000, weighted_loss: 0.0038, label: 1, bag_size: 3354
batch 79, loss: 0.0012, instance_loss: 0.0002, weighted_loss: 0.0009, label: 1, bag_size: 7733
batch 99, loss: 0.0014, instance_loss: 0.0021, weighted_loss: 0.0016, label: 1, bag_size: 7733
batch 119, loss: 0.0001, instance_loss: 0.0000, weighted_loss: 0.0001, label: 0, bag_size: 4915
batch 139, loss: 0.0000, instance_loss: 0.0000, weighted_loss: 0.0000, label: 0, bag_size: 4436
batch 159, loss: 0.0034, instance_loss: 0.0000, weighted_loss: 0.0023, label: 1, bag_size: 18621
batch 179, loss: 0.0000, instance_loss: 0.0000, weighted_loss: 0.0000, label: 0, bag_size: 2951
batch 199, loss: 0.0035, instance_loss: 0.0117, weighted_loss: 0.0060, label: 1, bag_size: 2853
batch 219, loss: 0.0008, instance_loss: 0.0000, weighted_loss: 0.0006, label: 1, bag_size: 13571
batch 239, loss: 0.0000, instance_loss: 0.0000, weighted_loss: 0.0000, label: 0, bag_size: 4760
batch 259, loss: 0.0014, instance_loss: 0.0011, weighted_loss: 0.0013, label: 1, bag_size: 5082
batch 279, loss: 0.0000, instance_loss: 0.0000, weighted_loss: 0.0000, label: 0, bag_size: 2554
batch 299, loss: 0.0032, instance_loss: 0.0004, weighted_loss: 0.0024, label: 0, bag_size: 12513
batch 319, loss: 0.0000, instance_loss: 0.0000, weighted_loss: 0.0000, label: 0, bag_size: 10620
batch 339, loss: 0.0005, instance_loss: 0.0000, weighted_loss: 0.0003, label: 1, bag_size: 5082
batch 359, loss: 0.0000, instance_loss: 0.0000, weighted_loss: 0.0000, label: 0, bag_size: 3330
batch 379, loss: 0.0000, instance_loss: 0.0011, weighted_loss: 0.0003, label: 0, bag_size: 1358
batch 399, loss: 0.0011, instance_loss: 0.0000, weighted_loss: 0.0008, label: 1, bag_size: 13646
batch 419, loss: 0.0000, instance_loss: 0.0000, weighted_loss: 0.0000, label: 0, bag_size: 10371
batch 439, loss: 0.0001, instance_loss: 0.0058, weighted_loss: 0.0018, label: 0, bag_size: 1615
batch 459, loss: 0.1463, instance_loss: 0.0000, weighted_loss: 0.1024, label: 0, bag_size: 15501
batch 479, loss: 0.0014, instance_loss: 0.0019, weighted_loss: 0.0016, label: 1, bag_size: 2853
batch 499, loss: 0.0000, instance_loss: 0.0000, weighted_loss: 0.0000, label: 0, bag_size: 6631
batch 519, loss: 0.0003, instance_loss: 0.0000, weighted_loss: 0.0002, label: 1, bag_size: 9833
batch 539, loss: 0.0002, instance_loss: 0.0003, weighted_loss: 0.0002, label: 0, bag_size: 8115
batch 559, loss: 0.0000, instance_loss: 0.0000, weighted_loss: 0.0000, label: 0, bag_size: 18559
batch 579, loss: 0.0000, instance_loss: 0.0000, weighted_loss: 0.0000, label: 0, bag_size: 4374
batch 599, loss: 0.0000, instance_loss: 0.0000, weighted_loss: 0.0000, label: 0, bag_size: 1640
batch 619, loss: 0.0801, instance_loss: 0.0000, weighted_loss: 0.0561, label: 1, bag_size: 13571
batch 639, loss: 0.0009, instance_loss: 0.0012, weighted_loss: 0.0010, label: 0, bag_size: 2436
batch 659, loss: 0.0000, instance_loss: 0.0004, weighted_loss: 0.0001, label: 0, bag_size: 4684
batch 679, loss: 0.0001, instance_loss: 0.0099, weighted_loss: 0.0030, label: 0, bag_size: 2787
batch 699, loss: 0.0002, instance_loss: 0.0000, weighted_loss: 0.0001, label: 1, bag_size: 4365
batch 719, loss: 0.0002, instance_loss: 0.0000, weighted_loss: 0.0001, label: 1, bag_size: 4365
batch 739, loss: 0.0000, instance_loss: 0.0000, weighted_loss: 0.0000, label: 0, bag_size: 9709
batch 759, loss: 0.0011, instance_loss: 0.0002, weighted_loss: 0.0008, label: 1, bag_size: 1140
batch 779, loss: 0.0014, instance_loss: 0.0000, weighted_loss: 0.0010, label: 1, bag_size: 7733
batch 799, loss: 0.0001, instance_loss: 0.0000, weighted_loss: 0.0001, label: 0, bag_size: 13636


class 0 clustering acc 0.9995335820895522: correct 6429/6432
class 1 clustering acc 1.0: correct 6432/6432
Epoch: 5, train_loss: 0.0175, train_clustering_loss:  0.0027, train_error: 0.0062
class 0: acc 0.9925187032418953, correct 398/401
class 1: acc 0.9950372208436724, correct 401/403

Val Set, val_loss: 0.1163, val_error: 0.0182, auc: 0.5535
class 0 clustering acc 1.0: correct 2192/2192
class 1 clustering acc 1.0: correct 2192/2192
class 0: acc 0.992619926199262, correct 269/271
class 1: acc 0.0, correct 0/3
EarlyStopping counter: 3 out of 10


batch 19, loss: 0.0004, instance_loss: 0.0002, weighted_loss: 0.0003, label: 1, bag_size: 9833
batch 39, loss: 0.0000, instance_loss: 0.0000, weighted_loss: 0.0000, label: 0, bag_size: 1801
batch 59, loss: 0.0000, instance_loss: 0.0009, weighted_loss: 0.0003, label: 0, bag_size: 4100
batch 79, loss: 0.0001, instance_loss: 0.0000, weighted_loss: 0.0001, label: 0, bag_size: 13922
batch 99, loss: 0.0045, instance_loss: 0.0014, weighted_loss: 0.0036, label: 0, bag_size: 14528
batch 119, loss: 0.0000, instance_loss: 0.0015, weighted_loss: 0.0005, label: 0, bag_size: 1045
batch 139, loss: 0.0026, instance_loss: 0.0000, weighted_loss: 0.0018, label: 1, bag_size: 13571
batch 159, loss: 0.0003, instance_loss: 0.0000, weighted_loss: 0.0002, label: 1, bag_size: 7733
batch 179, loss: 0.0002, instance_loss: 0.0000, weighted_loss: 0.0002, label: 1, bag_size: 7879
batch 199, loss: 0.0000, instance_loss: 0.0000, weighted_loss: 0.0000, label: 0, bag_size: 21878
batch 219, loss: 0.0003, instance_loss: 0.0000, weighted_loss: 0.0002, label: 1, bag_size: 7879
batch 239, loss: 0.0001, instance_loss: 0.0008, weighted_loss: 0.0003, label: 0, bag_size: 3706
batch 259, loss: 0.0008, instance_loss: 0.0004, weighted_loss: 0.0007, label: 1, bag_size: 1140
batch 279, loss: 0.0002, instance_loss: 0.0000, weighted_loss: 0.0001, label: 1, bag_size: 7733
batch 299, loss: 0.0094, instance_loss: 0.0000, weighted_loss: 0.0066, label: 1, bag_size: 14318
batch 319, loss: 0.0001, instance_loss: 0.0000, weighted_loss: 0.0001, label: 1, bag_size: 4365
batch 339, loss: 0.0000, instance_loss: 0.0012, weighted_loss: 0.0004, label: 0, bag_size: 6019
batch 359, loss: 0.0000, instance_loss: 0.0000, weighted_loss: 0.0000, label: 0, bag_size: 4105
batch 379, loss: 0.0000, instance_loss: 0.0000, weighted_loss: 0.0000, label: 0, bag_size: 12177
batch 399, loss: 0.0006, instance_loss: 0.0005, weighted_loss: 0.0006, label: 1, bag_size: 1140
batch 419, loss: 0.0000, instance_loss: 0.0076, weighted_loss: 0.0023, label: 0, bag_size: 5154
batch 439, loss: 0.0000, instance_loss: 0.0000, weighted_loss: 0.0000, label: 0, bag_size: 4683
batch 459, loss: 0.0004, instance_loss: 0.0015, weighted_loss: 0.0008, label: 1, bag_size: 1140
batch 479, loss: 0.0031, instance_loss: 0.0000, weighted_loss: 0.0022, label: 1, bag_size: 14318
batch 499, loss: 0.0000, instance_loss: 0.0002, weighted_loss: 0.0001, label: 0, bag_size: 2637
batch 519, loss: 0.0005, instance_loss: 0.0003, weighted_loss: 0.0005, label: 1, bag_size: 3354
batch 539, loss: 0.0025, instance_loss: 0.0000, weighted_loss: 0.0018, label: 1, bag_size: 14318
batch 559, loss: 0.0000, instance_loss: 0.0000, weighted_loss: 0.0000, label: 0, bag_size: 15340
batch 579, loss: 0.0000, instance_loss: 0.0000, weighted_loss: 0.0000, label: 0, bag_size: 2994
batch 599, loss: 0.0000, instance_loss: 0.0008, weighted_loss: 0.0003, label: 0, bag_size: 3999
batch 619, loss: 0.0001, instance_loss: 0.0000, weighted_loss: 0.0000, label: 0, bag_size: 6660
batch 639, loss: 0.0000, instance_loss: 0.0000, weighted_loss: 0.0000, label: 1, bag_size: 4365
batch 659, loss: 0.0001, instance_loss: 0.0000, weighted_loss: 0.0000, label: 1, bag_size: 7879
batch 679, loss: 0.0005, instance_loss: 0.0006, weighted_loss: 0.0005, label: 1, bag_size: 1140
batch 699, loss: 0.0000, instance_loss: 0.0000, weighted_loss: 0.0000, label: 1, bag_size: 4365
batch 719, loss: 0.0003, instance_loss: 0.0003, weighted_loss: 0.0003, label: 1, bag_size: 3354
batch 739, loss: 0.0008, instance_loss: 0.0000, weighted_loss: 0.0005, label: 1, bag_size: 13646
batch 759, loss: 0.0000, instance_loss: 0.0000, weighted_loss: 0.0000, label: 0, bag_size: 4615
batch 779, loss: 0.0012, instance_loss: 0.0000, weighted_loss: 0.0008, label: 1, bag_size: 14318
batch 799, loss: 0.0000, instance_loss: 0.0004, weighted_loss: 0.0001, label: 0, bag_size: 3999


class 0 clustering acc 1.0: correct 6432/6432
class 1 clustering acc 1.0: correct 6432/6432
Epoch: 6, train_loss: 0.0023, train_clustering_loss:  0.0016, train_error: 0.0000
class 0: acc 1.0, correct 386/386
class 1: acc 1.0, correct 418/418

Val Set, val_loss: 0.1303, val_error: 0.0219, auc: 0.6839
class 0 clustering acc 1.0: correct 2192/2192
class 1 clustering acc 1.0: correct 2192/2192
class 0: acc 0.988929889298893, correct 268/271
class 1: acc 0.0, correct 0/3
EarlyStopping counter: 4 out of 10


batch 19, loss: 0.0005, instance_loss: 0.0000, weighted_loss: 0.0004, label: 1, bag_size: 13571
batch 39, loss: 0.0004, instance_loss: 0.0005, weighted_loss: 0.0004, label: 1, bag_size: 1140
batch 59, loss: 0.0005, instance_loss: 0.0000, weighted_loss: 0.0004, label: 1, bag_size: 13571
batch 79, loss: 0.0000, instance_loss: 0.0000, weighted_loss: 0.0000, label: 0, bag_size: 12415
batch 99, loss: 0.0030, instance_loss: 0.0310, weighted_loss: 0.0114, label: 0, bag_size: 2212
batch 119, loss: 0.0002, instance_loss: 0.0007, weighted_loss: 0.0004, label: 1, bag_size: 3354
batch 139, loss: 0.0000, instance_loss: 0.0002, weighted_loss: 0.0001, label: 0, bag_size: 3854
batch 159, loss: 0.0005, instance_loss: 0.0000, weighted_loss: 0.0004, label: 1, bag_size: 13646
batch 179, loss: 0.0009, instance_loss: 0.0002, weighted_loss: 0.0007, label: 1, bag_size: 18621
batch 199, loss: 0.0000, instance_loss: 0.0000, weighted_loss: 0.0000, label: 1, bag_size: 7733
batch 219, loss: 0.0000, instance_loss: 0.0000, weighted_loss: 0.0000, label: 0, bag_size: 21383
batch 239, loss: 0.0000, instance_loss: 0.0002, weighted_loss: 0.0001, label: 0, bag_size: 2635
batch 259, loss: 0.0017, instance_loss: 0.0003, weighted_loss: 0.0013, label: 1, bag_size: 18621
batch 279, loss: 0.0003, instance_loss: 0.0012, weighted_loss: 0.0006, label: 1, bag_size: 2853
batch 299, loss: 0.0001, instance_loss: 0.0002, weighted_loss: 0.0001, label: 1, bag_size: 5082
batch 319, loss: 0.0001, instance_loss: 0.0000, weighted_loss: 0.0001, label: 1, bag_size: 5082
batch 339, loss: 0.0003, instance_loss: 0.0009, weighted_loss: 0.0005, label: 1, bag_size: 2853
batch 359, loss: 0.0001, instance_loss: 0.0011, weighted_loss: 0.0004, label: 0, bag_size: 3706
batch 379, loss: 0.0000, instance_loss: 0.0000, weighted_loss: 0.0000, label: 0, bag_size: 3840
batch 399, loss: 0.0000, instance_loss: 0.0000, weighted_loss: 0.0000, label: 1, bag_size: 4365
batch 419, loss: 0.0009, instance_loss: 0.0000, weighted_loss: 0.0006, label: 1, bag_size: 18621
batch 439, loss: 0.0000, instance_loss: 0.0049, weighted_loss: 0.0015, label: 0, bag_size: 2189
batch 459, loss: 0.0023, instance_loss: 0.0005, weighted_loss: 0.0018, label: 1, bag_size: 13571
batch 479, loss: 0.0000, instance_loss: 0.0000, weighted_loss: 0.0000, label: 0, bag_size: 15045
batch 499, loss: 0.0001, instance_loss: 0.0002, weighted_loss: 0.0001, label: 0, bag_size: 1290
batch 519, loss: 0.0008, instance_loss: 0.0000, weighted_loss: 0.0006, label: 1, bag_size: 13646
batch 539, loss: 0.0878, instance_loss: 0.0033, weighted_loss: 0.0624, label: 1, bag_size: 5082
batch 559, loss: 0.0006, instance_loss: 0.0023, weighted_loss: 0.0011, label: 1, bag_size: 9833
batch 579, loss: 0.9163, instance_loss: 0.0020, weighted_loss: 0.6420, label: 0, bag_size: 8728
batch 599, loss: 0.0012, instance_loss: 0.0000, weighted_loss: 0.0009, label: 0, bag_size: 1615
batch 619, loss: 0.1670, instance_loss: 0.0000, weighted_loss: 0.1169, label: 1, bag_size: 5082
batch 639, loss: 0.0035, instance_loss: 0.0000, weighted_loss: 0.0024, label: 0, bag_size: 2536
batch 659, loss: 0.0811, instance_loss: 0.0000, weighted_loss: 0.0568, label: 1, bag_size: 7733
batch 679, loss: 0.0027, instance_loss: 0.0000, weighted_loss: 0.0019, label: 1, bag_size: 7733
batch 699, loss: 0.0089, instance_loss: 0.0258, weighted_loss: 0.0140, label: 1, bag_size: 3354
batch 719, loss: 0.0069, instance_loss: 0.0003, weighted_loss: 0.0049, label: 0, bag_size: 10112
batch 739, loss: 0.0004, instance_loss: 0.0000, weighted_loss: 0.0003, label: 1, bag_size: 9833
batch 759, loss: 0.0002, instance_loss: 0.0000, weighted_loss: 0.0001, label: 1, bag_size: 7879
batch 779, loss: 0.0006, instance_loss: 0.0000, weighted_loss: 0.0004, label: 1, bag_size: 7879
batch 799, loss: 0.1047, instance_loss: 0.0000, weighted_loss: 0.0733, label: 1, bag_size: 18621


class 0 clustering acc 1.0: correct 6432/6432
class 1 clustering acc 0.9995335820895522: correct 6429/6432
Epoch: 7, train_loss: 0.0661, train_clustering_loss:  0.0022, train_error: 0.0199
class 0: acc 0.9744245524296675, correct 381/391
class 1: acc 0.9854721549636803, correct 407/413

Val Set, val_loss: 0.1044, val_error: 0.0328, auc: 0.6851
class 0 clustering acc 1.0: correct 2192/2192
class 1 clustering acc 1.0: correct 2192/2192
class 0: acc 0.977859778597786, correct 265/271
class 1: acc 0.0, correct 0/3
EarlyStopping counter: 5 out of 10


batch 19, loss: 0.0007, instance_loss: 0.0000, weighted_loss: 0.0005, label: 1, bag_size: 7733
batch 39, loss: 0.0012, instance_loss: 0.0000, weighted_loss: 0.0008, label: 1, bag_size: 4365
batch 59, loss: 0.0000, instance_loss: 0.0000, weighted_loss: 0.0000, label: 0, bag_size: 13470
batch 79, loss: 0.0000, instance_loss: 0.0000, weighted_loss: 0.0000, label: 0, bag_size: 56808
batch 99, loss: 0.0061, instance_loss: 0.0002, weighted_loss: 0.0043, label: 0, bag_size: 6434
batch 119, loss: 0.0023, instance_loss: 0.0005, weighted_loss: 0.0018, label: 1, bag_size: 1140
batch 139, loss: 0.0002, instance_loss: 0.0000, weighted_loss: 0.0001, label: 1, bag_size: 9833
batch 159, loss: 0.0001, instance_loss: 0.0000, weighted_loss: 0.0001, label: 0, bag_size: 4760
batch 179, loss: 0.0000, instance_loss: 0.0015, weighted_loss: 0.0004, label: 0, bag_size: 1358
batch 199, loss: 0.0000, instance_loss: 0.0000, weighted_loss: 0.0000, label: 1, bag_size: 7733
batch 219, loss: 0.0198, instance_loss: 0.0011, weighted_loss: 0.0142, label: 0, bag_size: 3064
batch 239, loss: 0.0050, instance_loss: 0.0037, weighted_loss: 0.0046, label: 1, bag_size: 3354
batch 259, loss: 0.0014, instance_loss: 0.0028, weighted_loss: 0.0018, label: 1, bag_size: 2853
batch 279, loss: 0.0001, instance_loss: 0.0000, weighted_loss: 0.0000, label: 1, bag_size: 7879
batch 299, loss: 0.0003, instance_loss: 0.0000, weighted_loss: 0.0002, label: 0, bag_size: 9087
batch 319, loss: 0.0005, instance_loss: 0.0000, weighted_loss: 0.0004, label: 1, bag_size: 13646
batch 339, loss: 0.0000, instance_loss: 0.0000, weighted_loss: 0.0000, label: 0, bag_size: 3167
batch 359, loss: 0.0005, instance_loss: 0.0000, weighted_loss: 0.0004, label: 1, bag_size: 13646
batch 379, loss: 0.0010, instance_loss: 0.0010, weighted_loss: 0.0010, label: 1, bag_size: 3354
batch 399, loss: 0.0001, instance_loss: 0.0000, weighted_loss: 0.0001, label: 1, bag_size: 5082
batch 419, loss: 0.0002, instance_loss: 0.0000, weighted_loss: 0.0001, label: 0, bag_size: 16499
batch 439, loss: 0.0000, instance_loss: 0.0000, weighted_loss: 0.0000, label: 0, bag_size: 10124
batch 459, loss: 0.0149, instance_loss: 0.0000, weighted_loss: 0.0104, label: 1, bag_size: 18621
batch 479, loss: 0.0021, instance_loss: 0.0000, weighted_loss: 0.0015, label: 1, bag_size: 14318
batch 499, loss: 0.0024, instance_loss: 0.0000, weighted_loss: 0.0017, label: 1, bag_size: 1140
batch 519, loss: 0.0001, instance_loss: 0.0023, weighted_loss: 0.0008, label: 0, bag_size: 3102
batch 539, loss: 0.0000, instance_loss: 0.0000, weighted_loss: 0.0000, label: 1, bag_size: 7879
batch 559, loss: 0.0068, instance_loss: 0.0000, weighted_loss: 0.0048, label: 0, bag_size: 17232
batch 579, loss: 0.0000, instance_loss: 0.0000, weighted_loss: 0.0000, label: 0, bag_size: 11611
batch 599, loss: 0.0001, instance_loss: 0.0000, weighted_loss: 0.0001, label: 0, bag_size: 25547
batch 619, loss: 0.0000, instance_loss: 0.0000, weighted_loss: 0.0000, label: 1, bag_size: 13571
batch 639, loss: 0.0042, instance_loss: 0.0060, weighted_loss: 0.0047, label: 0, bag_size: 1351
batch 659, loss: 0.0080, instance_loss: 0.0029, weighted_loss: 0.0064, label: 0, bag_size: 2194
batch 679, loss: 0.0002, instance_loss: 0.0000, weighted_loss: 0.0001, label: 1, bag_size: 13571
batch 699, loss: 0.0022, instance_loss: 0.0000, weighted_loss: 0.0015, label: 0, bag_size: 18431
batch 719, loss: 0.0001, instance_loss: 0.0000, weighted_loss: 0.0000, label: 1, bag_size: 13571
batch 739, loss: 0.0001, instance_loss: 0.0000, weighted_loss: 0.0001, label: 1, bag_size: 9833
batch 759, loss: 0.0004, instance_loss: 0.0000, weighted_loss: 0.0003, label: 1, bag_size: 5082
batch 779, loss: 0.0000, instance_loss: 0.0000, weighted_loss: 0.0000, label: 0, bag_size: 3146
batch 799, loss: 0.0001, instance_loss: 0.0000, weighted_loss: 0.0001, label: 0, bag_size: 3230


class 0 clustering acc 0.9996890547263682: correct 6430/6432
class 1 clustering acc 1.0: correct 6432/6432
Epoch: 8, train_loss: 0.0104, train_clustering_loss:  0.0015, train_error: 0.0037
class 0: acc 0.9950980392156863, correct 406/408
class 1: acc 0.9974747474747475, correct 395/396

Val Set, val_loss: 0.1140, val_error: 0.0219, auc: 0.6101
class 0 clustering acc 1.0: correct 2192/2192
class 1 clustering acc 1.0: correct 2192/2192
class 0: acc 0.988929889298893, correct 268/271
class 1: acc 0.0, correct 0/3
EarlyStopping counter: 6 out of 10


batch 19, loss: 0.0000, instance_loss: 0.0000, weighted_loss: 0.0000, label: 0, bag_size: 1539
batch 39, loss: 0.0002, instance_loss: 0.0000, weighted_loss: 0.0001, label: 0, bag_size: 3725
batch 59, loss: 0.0018, instance_loss: 0.0018, weighted_loss: 0.0018, label: 1, bag_size: 2853
batch 79, loss: 0.0001, instance_loss: 0.0000, weighted_loss: 0.0000, label: 0, bag_size: 24236
batch 99, loss: 0.0004, instance_loss: 0.0017, weighted_loss: 0.0008, label: 1, bag_size: 5082
batch 119, loss: 0.0000, instance_loss: 0.0000, weighted_loss: 0.0000, label: 1, bag_size: 13646
batch 139, loss: 0.0010, instance_loss: 0.0000, weighted_loss: 0.0007, label: 0, bag_size: 14528
batch 159, loss: 0.0006, instance_loss: 0.0000, weighted_loss: 0.0004, label: 1, bag_size: 13646
batch 179, loss: 0.0045, instance_loss: 0.0000, weighted_loss: 0.0031, label: 1, bag_size: 18621
batch 199, loss: 0.0000, instance_loss: 0.0000, weighted_loss: 0.0000, label: 1, bag_size: 7879
batch 219, loss: 0.0007, instance_loss: 0.0028, weighted_loss: 0.0013, label: 1, bag_size: 3354
batch 239, loss: 0.0000, instance_loss: 0.0000, weighted_loss: 0.0000, label: 0, bag_size: 2520
batch 259, loss: 0.0002, instance_loss: 0.0000, weighted_loss: 0.0002, label: 0, bag_size: 3167
batch 279, loss: 0.0001, instance_loss: 0.0029, weighted_loss: 0.0009, label: 0, bag_size: 1351
batch 299, loss: 0.0001, instance_loss: 0.0000, weighted_loss: 0.0001, label: 0, bag_size: 13971
batch 319, loss: 0.0007, instance_loss: 0.0000, weighted_loss: 0.0005, label: 1, bag_size: 3354
batch 339, loss: 0.0000, instance_loss: 0.0000, weighted_loss: 0.0000, label: 0, bag_size: 9456
batch 359, loss: 0.0000, instance_loss: 0.0000, weighted_loss: 0.0000, label: 0, bag_size: 2994
batch 379, loss: 0.0003, instance_loss: 0.0000, weighted_loss: 0.0002, label: 0, bag_size: 3314
batch 399, loss: 0.0023, instance_loss: 0.0000, weighted_loss: 0.0016, label: 1, bag_size: 18621
batch 419, loss: 0.0000, instance_loss: 0.0000, weighted_loss: 0.0000, label: 0, bag_size: 2536
batch 439, loss: 0.0001, instance_loss: 0.0000, weighted_loss: 0.0001, label: 0, bag_size: 6837
batch 459, loss: 0.0000, instance_loss: 0.0000, weighted_loss: 0.0000, label: 0, bag_size: 7732
batch 479, loss: 0.0000, instance_loss: 0.0201, weighted_loss: 0.0060, label: 0, bag_size: 112
batch 499, loss: 0.0012, instance_loss: 0.0002, weighted_loss: 0.0009, label: 0, bag_size: 5536
batch 519, loss: 0.0012, instance_loss: 0.0000, weighted_loss: 0.0009, label: 1, bag_size: 14318
batch 539, loss: 0.0003, instance_loss: 0.0000, weighted_loss: 0.0002, label: 1, bag_size: 7733
batch 559, loss: 0.0007, instance_loss: 0.0030, weighted_loss: 0.0014, label: 1, bag_size: 3354
batch 579, loss: 0.0011, instance_loss: 0.0000, weighted_loss: 0.0007, label: 1, bag_size: 18621
batch 599, loss: 0.0000, instance_loss: 0.0000, weighted_loss: 0.0000, label: 0, bag_size: 11803
batch 619, loss: 0.0004, instance_loss: 0.0006, weighted_loss: 0.0004, label: 1, bag_size: 2853
batch 639, loss: 0.0000, instance_loss: 0.0000, weighted_loss: 0.0000, label: 0, bag_size: 4852
batch 659, loss: 0.0005, instance_loss: 0.0021, weighted_loss: 0.0009, label: 1, bag_size: 3354
batch 679, loss: 0.0000, instance_loss: 0.0004, weighted_loss: 0.0001, label: 0, bag_size: 1008
batch 699, loss: 0.0006, instance_loss: 0.0000, weighted_loss: 0.0004, label: 0, bag_size: 2212
batch 719, loss: 0.0003, instance_loss: 0.0000, weighted_loss: 0.0002, label: 0, bag_size: 6044
batch 739, loss: 0.0001, instance_loss: 0.0000, weighted_loss: 0.0001, label: 1, bag_size: 13646
batch 759, loss: 0.1145, instance_loss: 0.0027, weighted_loss: 0.0810, label: 0, bag_size: 873
batch 779, loss: 0.0047, instance_loss: 0.0000, weighted_loss: 0.0033, label: 0, bag_size: 11116
batch 799, loss: 0.0000, instance_loss: 0.0000, weighted_loss: 0.0000, label: 0, bag_size: 8955


class 0 clustering acc 1.0: correct 6432/6432
class 1 clustering acc 1.0: correct 6432/6432
Epoch: 9, train_loss: 0.0024, train_clustering_loss:  0.0006, train_error: 0.0000
class 0: acc 1.0, correct 386/386
class 1: acc 1.0, correct 418/418

Val Set, val_loss: 0.1159, val_error: 0.0182, auc: 0.7331
class 0 clustering acc 1.0: correct 2192/2192
class 1 clustering acc 1.0: correct 2192/2192
class 0: acc 0.992619926199262, correct 269/271
class 1: acc 0.0, correct 0/3
EarlyStopping counter: 7 out of 10


batch 19, loss: 0.0005, instance_loss: 0.0041, weighted_loss: 0.0016, label: 1, bag_size: 2853
batch 39, loss: 0.0000, instance_loss: 0.0000, weighted_loss: 0.0000, label: 0, bag_size: 5268
batch 59, loss: 0.0002, instance_loss: 0.0000, weighted_loss: 0.0001, label: 1, bag_size: 13571
batch 79, loss: 0.0002, instance_loss: 0.0000, weighted_loss: 0.0001, label: 1, bag_size: 3354
batch 99, loss: 0.0003, instance_loss: 0.0012, weighted_loss: 0.0006, label: 1, bag_size: 1140
batch 119, loss: 0.0004, instance_loss: 0.0009, weighted_loss: 0.0005, label: 1, bag_size: 2853
batch 139, loss: 0.0008, instance_loss: 0.0002, weighted_loss: 0.0006, label: 1, bag_size: 1140
batch 159, loss: 0.0003, instance_loss: 0.0009, weighted_loss: 0.0005, label: 1, bag_size: 1140
batch 179, loss: 0.0011, instance_loss: 0.0000, weighted_loss: 0.0008, label: 1, bag_size: 14318
batch 199, loss: 0.0003, instance_loss: 0.0012, weighted_loss: 0.0006, label: 1, bag_size: 2853
batch 219, loss: 0.0000, instance_loss: 0.0000, weighted_loss: 0.0000, label: 1, bag_size: 7879
batch 239, loss: 0.0001, instance_loss: 0.0000, weighted_loss: 0.0001, label: 1, bag_size: 13571
batch 259, loss: 0.0000, instance_loss: 0.0000, weighted_loss: 0.0000, label: 0, bag_size: 5204
batch 279, loss: 0.0006, instance_loss: 0.0039, weighted_loss: 0.0016, label: 0, bag_size: 1183
batch 299, loss: 0.0006, instance_loss: 0.0003, weighted_loss: 0.0005, label: 0, bag_size: 5545
batch 319, loss: 0.0000, instance_loss: 0.0000, weighted_loss: 0.0000, label: 0, bag_size: 15045
batch 339, loss: 0.0011, instance_loss: 0.0000, weighted_loss: 0.0008, label: 0, bag_size: 10665
batch 359, loss: 0.0002, instance_loss: 0.0000, weighted_loss: 0.0001, label: 0, bag_size: 17692
batch 379, loss: 0.0001, instance_loss: 0.0000, weighted_loss: 0.0001, label: 0, bag_size: 14900
batch 399, loss: 0.0000, instance_loss: 0.0000, weighted_loss: 0.0000, label: 0, bag_size: 9834
batch 419, loss: 0.0003, instance_loss: 0.0000, weighted_loss: 0.0002, label: 1, bag_size: 14318
batch 439, loss: 0.0001, instance_loss: 0.0000, weighted_loss: 0.0000, label: 0, bag_size: 9366
batch 459, loss: 0.0000, instance_loss: 0.0010, weighted_loss: 0.0003, label: 1, bag_size: 2853
batch 479, loss: 0.0000, instance_loss: 0.0000, weighted_loss: 0.0000, label: 1, bag_size: 14318
batch 499, loss: 0.0000, instance_loss: 0.0000, weighted_loss: 0.0000, label: 1, bag_size: 5082
batch 519, loss: 0.0051, instance_loss: 0.0000, weighted_loss: 0.0036, label: 1, bag_size: 18621
batch 539, loss: 0.0000, instance_loss: 0.0000, weighted_loss: 0.0000, label: 1, bag_size: 5082
batch 559, loss: 0.0020, instance_loss: 0.0000, weighted_loss: 0.0014, label: 1, bag_size: 13646
batch 579, loss: 0.0002, instance_loss: 0.0054, weighted_loss: 0.0018, label: 1, bag_size: 1140
batch 599, loss: 0.0000, instance_loss: 0.0000, weighted_loss: 0.0000, label: 1, bag_size: 7733
batch 619, loss: 0.1293, instance_loss: 0.0000, weighted_loss: 0.0905, label: 0, bag_size: 20621
batch 639, loss: 0.0006, instance_loss: 0.0000, weighted_loss: 0.0004, label: 1, bag_size: 14318
batch 659, loss: 0.0000, instance_loss: 0.0000, weighted_loss: 0.0000, label: 0, bag_size: 2770
batch 679, loss: 0.0001, instance_loss: 0.0000, weighted_loss: 0.0000, label: 0, bag_size: 3457
batch 699, loss: 0.0000, instance_loss: 0.0000, weighted_loss: 0.0000, label: 0, bag_size: 2554
batch 719, loss: 0.0003, instance_loss: 0.0002, weighted_loss: 0.0002, label: 0, bag_size: 14291
batch 739, loss: 0.0004, instance_loss: 0.0000, weighted_loss: 0.0003, label: 1, bag_size: 4365
batch 759, loss: 0.0005, instance_loss: 0.0009, weighted_loss: 0.0006, label: 1, bag_size: 1140
batch 779, loss: 0.0006, instance_loss: 0.0000, weighted_loss: 0.0004, label: 0, bag_size: 7992
batch 799, loss: 0.0000, instance_loss: 0.0000, weighted_loss: 0.0000, label: 1, bag_size: 5082


class 0 clustering acc 0.9998445273631841: correct 6431/6432
class 1 clustering acc 1.0: correct 6432/6432
Epoch: 10, train_loss: 0.0144, train_clustering_loss:  0.0010, train_error: 0.0025
class 0: acc 0.9975669099756691, correct 410/411
class 1: acc 0.9974554707379135, correct 392/393

Val Set, val_loss: 0.1330, val_error: 0.0219, auc: 0.6544
class 0 clustering acc 0.9995437956204379: correct 2191/2192
class 1 clustering acc 0.9995437956204379: correct 2191/2192
class 0: acc 0.988929889298893, correct 268/271
class 1: acc 0.0, correct 0/3
EarlyStopping counter: 8 out of 10


batch 19, loss: 0.0000, instance_loss: 0.0005, weighted_loss: 0.0002, label: 1, bag_size: 5082
batch 39, loss: 0.0031, instance_loss: 0.0000, weighted_loss: 0.0022, label: 0, bag_size: 23088
batch 59, loss: 0.0003, instance_loss: 0.0000, weighted_loss: 0.0002, label: 0, bag_size: 2676
batch 79, loss: 0.0000, instance_loss: 0.0000, weighted_loss: 0.0000, label: 0, bag_size: 4426
batch 99, loss: 0.0000, instance_loss: 0.0000, weighted_loss: 0.0000, label: 1, bag_size: 7733
batch 119, loss: 0.0002, instance_loss: 0.0000, weighted_loss: 0.0001, label: 0, bag_size: 5487
batch 139, loss: 0.0045, instance_loss: 0.0000, weighted_loss: 0.0032, label: 1, bag_size: 14318
batch 159, loss: 0.0058, instance_loss: 0.0000, weighted_loss: 0.0041, label: 0, bag_size: 21480
batch 179, loss: 0.0000, instance_loss: 0.0000, weighted_loss: 0.0000, label: 0, bag_size: 2119
batch 199, loss: 0.0114, instance_loss: 0.0000, weighted_loss: 0.0080, label: 1, bag_size: 18621
batch 219, loss: 0.0002, instance_loss: 0.0000, weighted_loss: 0.0002, label: 1, bag_size: 13571
batch 239, loss: 0.0000, instance_loss: 0.0030, weighted_loss: 0.0009, label: 0, bag_size: 3520
batch 259, loss: 0.0000, instance_loss: 0.0000, weighted_loss: 0.0000, label: 1, bag_size: 5082
batch 279, loss: 0.0365, instance_loss: 0.0000, weighted_loss: 0.0255, label: 1, bag_size: 14318
batch 299, loss: 0.0000, instance_loss: 0.0014, weighted_loss: 0.0004, label: 1, bag_size: 9833
batch 319, loss: 0.0000, instance_loss: 0.0006, weighted_loss: 0.0002, label: 1, bag_size: 2853
batch 339, loss: 0.0000, instance_loss: 0.0000, weighted_loss: 0.0000, label: 0, bag_size: 3315
batch 359, loss: 0.0001, instance_loss: 0.0002, weighted_loss: 0.0001, label: 0, bag_size: 1690
batch 379, loss: 0.0013, instance_loss: 0.0009, weighted_loss: 0.0012, label: 1, bag_size: 3354
batch 399, loss: 0.0000, instance_loss: 0.0019, weighted_loss: 0.0006, label: 0, bag_size: 2311
batch 419, loss: 0.0000, instance_loss: 0.0074, weighted_loss: 0.0023, label: 0, bag_size: 3017
batch 439, loss: 0.0001, instance_loss: 0.0002, weighted_loss: 0.0001, label: 1, bag_size: 7733
batch 459, loss: 0.0000, instance_loss: 0.0000, weighted_loss: 0.0000, label: 0, bag_size: 6485
batch 479, loss: 0.0002, instance_loss: 0.0000, weighted_loss: 0.0001, label: 1, bag_size: 3354
batch 499, loss: 0.0000, instance_loss: 0.0000, weighted_loss: 0.0000, label: 0, bag_size: 5791
batch 519, loss: 0.0008, instance_loss: 0.0000, weighted_loss: 0.0005, label: 1, bag_size: 13646
batch 539, loss: 0.0008, instance_loss: 0.0000, weighted_loss: 0.0006, label: 1, bag_size: 13571
batch 559, loss: 0.0001, instance_loss: 0.0000, weighted_loss: 0.0001, label: 1, bag_size: 7733
batch 579, loss: 0.0002, instance_loss: 0.0023, weighted_loss: 0.0008, label: 1, bag_size: 3354
batch 599, loss: 0.0000, instance_loss: 0.0011, weighted_loss: 0.0004, label: 0, bag_size: 3621
batch 619, loss: 0.0000, instance_loss: 0.0000, weighted_loss: 0.0000, label: 0, bag_size: 10620
batch 639, loss: 0.0018, instance_loss: 0.0000, weighted_loss: 0.0013, label: 1, bag_size: 18621
batch 659, loss: 0.0000, instance_loss: 0.0000, weighted_loss: 0.0000, label: 0, bag_size: 3137
batch 679, loss: 0.0200, instance_loss: 0.0000, weighted_loss: 0.0140, label: 1, bag_size: 18621
batch 699, loss: 0.0001, instance_loss: 0.0000, weighted_loss: 0.0001, label: 0, bag_size: 1351
batch 719, loss: 0.0520, instance_loss: 0.0018, weighted_loss: 0.0369, label: 0, bag_size: 4811
batch 739, loss: 0.2292, instance_loss: 0.0000, weighted_loss: 0.1605, label: 0, bag_size: 3066
batch 759, loss: 0.0015, instance_loss: 0.0000, weighted_loss: 0.0010, label: 1, bag_size: 14318
batch 779, loss: 0.0002, instance_loss: 0.0000, weighted_loss: 0.0001, label: 0, bag_size: 9709
batch 799, loss: 0.0001, instance_loss: 0.0000, weighted_loss: 0.0000, label: 0, bag_size: 14464


class 0 clustering acc 1.0: correct 6432/6432
class 1 clustering acc 0.9998445273631841: correct 6431/6432
Epoch: 11, train_loss: 0.0684, train_clustering_loss:  0.0012, train_error: 0.0199
class 0: acc 0.9747474747474747, correct 386/396
class 1: acc 0.9852941176470589, correct 402/408

Val Set, val_loss: 0.1525, val_error: 0.0730, auc: 0.7552
class 0 clustering acc 1.0: correct 2192/2192
class 1 clustering acc 0.9986313868613139: correct 2189/2192
class 0: acc 0.933579335793358, correct 253/271
class 1: acc 0.3333333333333333, correct 1/3
EarlyStopping counter: 9 out of 10


batch 19, loss: 0.1201, instance_loss: 0.0000, weighted_loss: 0.0841, label: 0, bag_size: 2984
batch 39, loss: 0.0192, instance_loss: 0.0000, weighted_loss: 0.0134, label: 1, bag_size: 3354
batch 59, loss: 0.0016, instance_loss: 0.0000, weighted_loss: 0.0011, label: 1, bag_size: 4365
batch 79, loss: 0.0045, instance_loss: 0.0000, weighted_loss: 0.0032, label: 1, bag_size: 18621
batch 99, loss: 0.0209, instance_loss: 0.0000, weighted_loss: 0.0146, label: 1, bag_size: 5082
batch 119, loss: 0.0001, instance_loss: 0.0000, weighted_loss: 0.0001, label: 0, bag_size: 5862
batch 139, loss: 0.0025, instance_loss: 0.0000, weighted_loss: 0.0017, label: 0, bag_size: 14900
batch 159, loss: 0.0000, instance_loss: 0.0000, weighted_loss: 0.0000, label: 0, bag_size: 1954
batch 179, loss: 0.0003, instance_loss: 0.0003, weighted_loss: 0.0003, label: 0, bag_size: 3167
batch 199, loss: 0.0000, instance_loss: 0.0000, weighted_loss: 0.0000, label: 0, bag_size: 2755
batch 219, loss: 0.0042, instance_loss: 0.0006, weighted_loss: 0.0031, label: 0, bag_size: 4963
batch 239, loss: 0.0011, instance_loss: 0.0000, weighted_loss: 0.0008, label: 1, bag_size: 7879
batch 259, loss: 0.0025, instance_loss: 0.0000, weighted_loss: 0.0018, label: 1, bag_size: 18621
batch 279, loss: 0.0000, instance_loss: 0.0000, weighted_loss: 0.0000, label: 0, bag_size: 3420
batch 299, loss: 0.0000, instance_loss: 0.0000, weighted_loss: 0.0000, label: 0, bag_size: 9855
batch 319, loss: 0.0000, instance_loss: 0.0000, weighted_loss: 0.0000, label: 0, bag_size: 17729
batch 339, loss: 0.0000, instance_loss: 0.0002, weighted_loss: 0.0001, label: 0, bag_size: 2830
batch 359, loss: 0.0000, instance_loss: 0.0000, weighted_loss: 0.0000, label: 0, bag_size: 2758
batch 379, loss: 0.0034, instance_loss: 0.0000, weighted_loss: 0.0024, label: 1, bag_size: 9833
batch 399, loss: 0.0171, instance_loss: 0.0000, weighted_loss: 0.0120, label: 1, bag_size: 13571
batch 419, loss: 0.0000, instance_loss: 0.0000, weighted_loss: 0.0000, label: 0, bag_size: 3857
batch 439, loss: 0.0223, instance_loss: 0.0000, weighted_loss: 0.0156, label: 1, bag_size: 18621
batch 459, loss: 0.0000, instance_loss: 0.0000, weighted_loss: 0.0000, label: 0, bag_size: 8244
batch 479, loss: 0.0055, instance_loss: 0.0000, weighted_loss: 0.0039, label: 1, bag_size: 14318
batch 499, loss: 0.0083, instance_loss: 0.0000, weighted_loss: 0.0058, label: 1, bag_size: 18621
batch 519, loss: 0.0030, instance_loss: 0.0000, weighted_loss: 0.0021, label: 1, bag_size: 13571
batch 539, loss: 0.0014, instance_loss: 0.0000, weighted_loss: 0.0010, label: 1, bag_size: 7733
batch 559, loss: 0.0000, instance_loss: 0.0000, weighted_loss: 0.0000, label: 0, bag_size: 9709
batch 579, loss: 0.0000, instance_loss: 0.0000, weighted_loss: 0.0000, label: 0, bag_size: 5315
batch 599, loss: 0.0001, instance_loss: 0.0000, weighted_loss: 0.0000, label: 1, bag_size: 7879
batch 619, loss: 0.0000, instance_loss: 0.0000, weighted_loss: 0.0000, label: 0, bag_size: 19688
batch 639, loss: 0.0001, instance_loss: 0.2024, weighted_loss: 0.0608, label: 0, bag_size: 7086
batch 659, loss: 0.0000, instance_loss: 1.9217, weighted_loss: 0.5765, label: 0, bag_size: 3129
batch 679, loss: 0.0185, instance_loss: 0.0000, weighted_loss: 0.0130, label: 1, bag_size: 9833
batch 699, loss: 0.0000, instance_loss: 0.0000, weighted_loss: 0.0000, label: 0, bag_size: 15340
batch 719, loss: 0.0000, instance_loss: 0.0002, weighted_loss: 0.0001, label: 0, bag_size: 11819
batch 739, loss: 0.0007, instance_loss: 0.0000, weighted_loss: 0.0005, label: 1, bag_size: 13646
batch 759, loss: 0.0451, instance_loss: 0.0000, weighted_loss: 0.0315, label: 1, bag_size: 7879
batch 779, loss: 0.0144, instance_loss: 0.0018, weighted_loss: 0.0106, label: 1, bag_size: 9833
batch 799, loss: 0.0075, instance_loss: 0.0003, weighted_loss: 0.0053, label: 1, bag_size: 3354


class 0 clustering acc 0.9993781094527363: correct 6428/6432
class 1 clustering acc 0.9986007462686567: correct 6423/6432
Epoch: 12, train_loss: 0.0333, train_clustering_loss:  0.0078, train_error: 0.0100
class 0: acc 0.9855072463768116, correct 408/414
class 1: acc 0.9948717948717949, correct 388/390

Val Set, val_loss: 0.1831, val_error: 0.0620, auc: 0.8081
class 0 clustering acc 0.9990875912408759: correct 2190/2192
class 1 clustering acc 0.9963503649635036: correct 2184/2192
class 0: acc 0.940959409594096, correct 255/271
class 1: acc 0.6666666666666666, correct 2/3
EarlyStopping counter: 10 out of 10
Early stopping
Val error: 0.0255, ROC AUC: 0.6691
CV validation error: 0.0255, ROC AUC: 0.6691
class 0: acc 0.985239852398524, correct 267/271
class 1: acc 0.0, correct 0/3
Future event metrics: {"fold": 4, "events": 99, "positive_events": 3, "event_average_precision": 0.04409171075837742, "event_roc_auc": 0.5555555555555556, "event_brier": 0.03551235409112818, "aggregation": "mean probability across all included stains/slides of same patient/anchor date", "exploratory_cv_not_independent_final_test": true}
finished!
end script
