model_variant,pair_id,case_id,source_event_id,source_event_key,source_event_index,source_biopsy_date,source_acr_grade,source_amr_grade,source_slide_count,target_event_id,target_event_key,target_event_index,target_biopsy_date,target_acr_grade,target_amr_grade,delta_days,label,label_text,fold,probability
time_only,pair_000130,patient_228507d0242d624c,S2222061,S2222061,1,2022-05-31,1R,pAMR0,3,S2225225,S2225225,2,2022-06-21,1R,pAMR0,21,0,future_no_significant_rejection,0,0.5047618366552327
time_only,pair_000131,patient_228507d0242d624c,S2222061,S2222061,1,2022-05-31,1R,pAMR0,3,S2232192,S2232192,3,2022-08-02,0R,pAMR0,63,0,future_no_significant_rejection,0,0.5015483992669716
time_only,pair_000132,patient_228507d0242d624c,S2222061,S2222061,1,2022-05-31,1R,pAMR0,3,S2241562,S2241562,4,2022-10-04,1R,pAMR0,126,0,future_no_significant_rejection,0,0.4994860397356824
time_only,pair_000133,patient_228507d0242d624c,S2222061,S2222061,1,2022-05-31,1R,pAMR0,3,S2247860,S2247860,5,2022-11-15,2R,pAMR0,168,1,future_significant_rejection,0,0.49862621793626405
time_only,pair_000134,patient_228507d0242d624c,S2222061,S2222061,1,2022-05-31,1R,pAMR0,3,S2252333,S2252333,6,2022-12-13,0R,pAMR0,196,0,future_no_significant_rejection,0,0.4981648641961751
time_only,pair_000135,patient_228507d0242d624c,S2222061,S2222061,1,2022-05-31,1R,pAMR0,3,S2306847,S2306847,7,2023-02-14,0R,pAMR0,259,0,future_no_significant_rejection,0,0.4973298349697579
time_only,pair_000136,patient_228507d0242d624c,S2222061,S2222061,1,2022-05-31,1R,pAMR0,3,S2320993,S2320993,8,2023-05-16,2R,pAMR0,350,1,future_significant_rejection,0,0.4964267309322298
time_only,pair_000137,patient_228507d0242d624c,S2225225,S2225225,2,2022-06-21,1R,pAMR0,1,S2232192,S2232192,3,2022-08-02,0R,pAMR0,42,0,future_no_significant_rejection,0,0.5027451700203569
time_only,pair_000138,patient_228507d0242d624c,S2225225,S2225225,2,2022-06-21,1R,pAMR0,1,S2241562,S2241562,4,2022-10-04,1R,pAMR0,105,0,future_no_significant_rejection,0,0.500029985410016
time_only,pair_000139,patient_228507d0242d624c,S2225225,S2225225,2,2022-06-21,1R,pAMR0,1,S2247860,S2247860,5,2022-11-15,2R,pAMR0,147,1,future_significant_rejection,0,0.49902552437928677
time_only,pair_000140,patient_228507d0242d624c,S2225225,S2225225,2,2022-06-21,1R,pAMR0,1,S2252333,S2252333,6,2022-12-13,0R,pAMR0,175,0,future_no_significant_rejection,0,0.49850408096140464
time_only,pair_000141,patient_228507d0242d624c,S2225225,S2225225,2,2022-06-21,1R,pAMR0,1,S2306847,S2306847,7,2023-02-14,0R,pAMR0,238,0,future_no_significant_rejection,0,0.4975832756198542
time_only,pair_000142,patient_228507d0242d624c,S2225225,S2225225,2,2022-06-21,1R,pAMR0,1,S2320993,S2320993,8,2023-05-16,2R,pAMR0,329,1,future_significant_rejection,0,0.4966123835324517
time_only,pair_000143,patient_228507d0242d624c,S2232192,S2232192,3,2022-08-02,0R,pAMR0,1,S2241562,S2241562,4,2022-10-04,1R,pAMR0,63,0,future_no_significant_rejection,0,0.5015483992669716
time_only,pair_000144,patient_228507d0242d624c,S2232192,S2232192,3,2022-08-02,0R,pAMR0,1,S2247860,S2247860,5,2022-11-15,2R,pAMR0,105,1,future_significant_rejection,0,0.500029985410016
time_only,pair_000145,patient_228507d0242d624c,S2232192,S2232192,3,2022-08-02,0R,pAMR0,1,S2252333,S2252333,6,2022-12-13,0R,pAMR0,133,0,future_no_significant_rejection,0,0.49932457664435187
time_only,pair_000146,patient_228507d0242d624c,S2232192,S2232192,3,2022-08-02,0R,pAMR0,1,S2306847,S2306847,7,2023-02-14,0R,pAMR0,196,0,future_no_significant_rejection,0,0.4981648641961751
time_only,pair_000147,patient_228507d0242d624c,S2232192,S2232192,3,2022-08-02,0R,pAMR0,1,S2320993,S2320993,8,2023-05-16,2R,pAMR0,287,1,future_significant_rejection,0,0.497022045218988
time_only,pair_000148,patient_228507d0242d624c,S2241562,S2241562,4,2022-10-04,1R,pAMR0,1,S2247860,S2247860,5,2022-11-15,2R,pAMR0,42,1,future_significant_rejection,0,0.5027451700203569
time_only,pair_000149,patient_228507d0242d624c,S2241562,S2241562,4,2022-10-04,1R,pAMR0,1,S2252333,S2252333,6,2022-12-13,0R,pAMR0,70,0,future_no_significant_rejection,0,0.5012360339929811
time_only,pair_000150,patient_228507d0242d624c,S2241562,S2241562,4,2022-10-04,1R,pAMR0,1,S2306847,S2306847,7,2023-02-14,0R,pAMR0,133,0,future_no_significant_rejection,0,0.49932457664435187
time_only,pair_000151,patient_228507d0242d624c,S2241562,S2241562,4,2022-10-04,1R,pAMR0,1,S2320993,S2320993,8,2023-05-16,2R,pAMR0,224,1,future_significant_rejection,0,0.49776492950058265
time_only,pair_000192,patient_2b3a49d49419f139,S2133162,S2133162,1,2021-08-03,0R,pAMR0,1,S2142820,S2142820,2,2021-10-05,0R,pAMR0,63,0,future_no_significant_rejection,0,0.5015483992669716
time_only,pair_000193,patient_2b3a49d49419f139,S2133162,S2133162,1,2021-08-03,0R,pAMR0,1,S2154959,S2154959,3,2021-12-21,0R,pAMR0,140,0,future_no_significant_rejection,0,0.49917133726997426
time_only,pair_000194,patient_2b3a49d49419f139,S2133162,S2133162,1,2021-08-03,0R,pAMR0,1,S2209237,S2209237,4,2022-03-08,0R,pAMR0,217,0,future_no_significant_rejection,0,0.4978600412860354
time_only,pair_000195,patient_2b3a49d49419f139,S2142820,S2142820,2,2021-10-05,0R,pAMR0,1,S2154959,S2154959,3,2021-12-21,0R,pAMR0,77,0,future_no_significant_rejection,0,0.5009530631543211
time_only,pair_000196,patient_2b3a49d49419f139,S2142820,S2142820,2,2021-10-05,0R,pAMR0,1,S2209237,S2209237,4,2022-03-08,0R,pAMR0,154,0,future_no_significant_rejection,0,0.4988864513283669
time_only,pair_000197,patient_2b3a49d49419f139,S2154959,S2154959,3,2021-12-21,0R,pAMR0,1,S2209237,S2209237,4,2022-03-08,0R,pAMR0,77,0,future_no_significant_rejection,0,0.5009530631543211
time_only,pair_000198,patient_2c0945e38263a664,S2233279,S2233279,1,2022-08-09,1R,pAMR0,3,S2235318,S2235318,2,2022-08-23,0R,pAMR0,14,0,future_no_significant_rejection,0,0.505914287690762
time_only,pair_000199,patient_2c0945e38263a664,S2233279,S2233279,1,2022-08-09,1R,pAMR0,3,S2246785,S2246785,3,2022-11-08,0R,pAMR0,91,0,future_no_significant_rejection,0,0.5004562705807927
time_only,pair_000200,patient_2c0945e38263a664,S2233279,S2233279,1,2022-08-09,1R,pAMR0,3,S2254659,S2254659,4,2022-12-27,0R,pAMR0,140,0,future_no_significant_rejection,0,0.49917133726997426
time_only,pair_000201,patient_2c0945e38263a664,S2233279,S2233279,1,2022-08-09,1R,pAMR0,3,S2308045,S2308045,5,2023-02-21,0R,pAMR0,196,0,future_no_significant_rejection,0,0.4981648641961751
time_only,pair_000202,patient_2c0945e38263a664,S2233279,S2233279,1,2022-08-09,1R,pAMR0,3,S2318956,S2318956,6,2023-05-02,2R,pAMR0,266,1,future_significant_rejection,0,0.4972498860881423
time_only,pair_000203,patient_2c0945e38263a664,S2233279,S2233279,1,2022-08-09,1R,pAMR0,3,S2332142,S2332142,7,2023-07-25,0R,pAMR0,350,0,future_no_significant_rejection,0,0.4964267309322298
time_only,pair_000204,patient_2c0945e38263a664,S2235318,S2235318,2,2022-08-23,0R,pAMR0,4,S2246785,S2246785,3,2022-11-08,0R,pAMR0,77,0,future_no_significant_rejection,0,0.5009530631543211
time_only,pair_000205,patient_2c0945e38263a664,S2235318,S2235318,2,2022-08-23,0R,pAMR0,4,S2254659,S2254659,4,2022-12-27,0R,pAMR0,126,0,future_no_significant_rejection,0,0.4994860397356824
time_only,pair_000206,patient_2c0945e38263a664,S2235318,S2235318,2,2022-08-23,0R,pAMR0,4,S2308045,S2308045,5,2023-02-21,0R,pAMR0,182,0,future_no_significant_rejection,0,0.49838670838854526
time_only,pair_000207,patient_2c0945e38263a664,S2235318,S2235318,2,2022-08-23,0R,pAMR0,4,S2318956,S2318956,6,2023-05-02,2R,pAMR0,252,1,future_significant_rejection,0,0.49741196610161453
time_only,pair_000208,patient_2c0945e38263a664,S2235318,S2235318,2,2022-08-23,0R,pAMR0,4,S2332142,S2332142,7,2023-07-25,0R,pAMR0,336,0,future_no_significant_rejection,0,0.4965492180196095
time_only,pair_000209,patient_2c0945e38263a664,S2246785,S2246785,3,2022-11-08,0R,pAMR0,3,S2254659,S2254659,4,2022-12-27,0R,pAMR0,49,0,future_no_significant_rejection,0,0.5022912927846551
time_only,pair_000210,patient_2c0945e38263a664,S2246785,S2246785,3,2022-11-08,0R,pAMR0,3,S2308045,S2308045,5,2023-02-21,0R,pAMR0,105,0,future_no_significant_rejection,0,0.500029985410016
time_only,pair_000211,patient_2c0945e38263a664,S2246785,S2246785,3,2022-11-08,0R,pAMR0,3,S2318956,S2318956,6,2023-05-02,2R,pAMR0,175,1,future_significant_rejection,0,0.49850408096140464
time_only,pair_000212,patient_2c0945e38263a664,S2246785,S2246785,3,2022-11-08,0R,pAMR0,3,S2332142,S2332142,7,2023-07-25,0R,pAMR0,259,0,future_no_significant_rejection,0,0.4973298349697579
time_only,pair_000213,patient_2c0945e38263a664,S2254659,S2254659,4,2022-12-27,0R,pAMR0,3,S2308045,S2308045,5,2023-02-21,0R,pAMR0,56,0,future_no_significant_rejection,0,0.5018969812051851
time_only,pair_000214,patient_2c0945e38263a664,S2254659,S2254659,4,2022-12-27,0R,pAMR0,3,S2318956,S2318956,6,2023-05-02,2R,pAMR0,126,1,future_significant_rejection,0,0.4994860397356824
time_only,pair_000215,patient_2c0945e38263a664,S2254659,S2254659,4,2022-12-27,0R,pAMR0,3,S2332142,S2332142,7,2023-07-25,0R,pAMR0,210,0,future_no_significant_rejection,0,0.4979582576574027
time_only,pair_000216,patient_2c0945e38263a664,S2308045,S2308045,5,2023-02-21,0R,pAMR0,5,S2318956,S2318956,6,2023-05-02,2R,pAMR0,70,1,future_significant_rejection,0,0.5012360339929811
time_only,pair_000217,patient_2c0945e38263a664,S2308045,S2308045,5,2023-02-21,0R,pAMR0,5,S2332142,S2332142,7,2023-07-25,0R,pAMR0,154,0,future_no_significant_rejection,0,0.4988864513283669
time_only,pair_000281,patient_331a649dfec3ede4,S2129803,S2129803,1,2021-07-13,0R,pAMR0,1,S2140144,S2140144,2,2021-09-14,1R,pAMR0,63,0,future_no_significant_rejection,0,0.5015483992669716
time_only,pair_000282,patient_331a649dfec3ede4,S2129803,S2129803,1,2021-07-13,0R,pAMR0,1,S2210207,S2210207,3,2022-03-15,0R,pAMR0,245,0,future_no_significant_rejection,0,0.49749640195750455
time_only,pair_000283,patient_331a649dfec3ede4,S2140144,S2140144,2,2021-09-14,1R,pAMR0,1,S2210207,S2210207,3,2022-03-15,0R,pAMR0,182,0,future_no_significant_rejection,0,0.49838670838854526
time_only,pair_000284,patient_37a67c1ae4e8ad43,S2245753,S2245753,1,2022-11-01,0R,pAMR0,1,S2251252,S2251252,2,2022-12-06,0R,pAMR0,35,0,future_no_significant_rejection,0,0.5032798670922982
time_only,pair_000285,patient_37a67c1ae4e8ad43,S2245753,S2245753,1,2022-11-01,0R,pAMR0,1,S2300360,S2300360,3,2023-01-03,1R,pAMR0,63,0,future_no_significant_rejection,0,0.5015483992669716
time_only,pair_000286,patient_37a67c1ae4e8ad43,S2245753,S2245753,1,2022-11-01,0R,pAMR0,1,S2304560,S2304560,4,2023-01-31,0R,pAMR0,91,0,future_no_significant_rejection,0,0.5004562705807927
time_only,pair_000287,patient_37a67c1ae4e8ad43,S2245753,S2245753,1,2022-11-01,0R,pAMR0,1,S2314588,S2314588,5,2023-04-04,0R,pAMR0,154,0,future_no_significant_rejection,0,0.4988864513283669
time_only,pair_000288,patient_37a67c1ae4e8ad43,S2245753,S2245753,1,2022-11-01,0R,pAMR0,1,S2328623,S2328623,6,2023-07-04,0R,pAMR0,245,0,future_no_significant_rejection,0,0.49749640195750455
time_only,pair_000289,patient_37a67c1ae4e8ad43,S2245753,S2245753,1,2022-11-01,0R,pAMR0,1,S2346543,S2346543,7,2023-10-31,0R,pAMR0,364,0,future_no_significant_rejection,0,0.49630903549271344
time_only,pair_000290,patient_37a67c1ae4e8ad43,S2245753,S2245753,1,2022-11-01,0R,pAMR0,1,S2408481,S2408481,8,2024-02-27,0R,pAMR0,483,0,future_no_significant_rejection,0,0.4954598735647023
time_only,pair_000291,patient_37a67c1ae4e8ad43,S2251252,S2251252,2,2022-12-06,0R,pAMR0,1,S2300360,S2300360,3,2023-01-03,1R,pAMR0,28,0,future_no_significant_rejection,0,0.5039305383989887
time_only,pair_000292,patient_37a67c1ae4e8ad43,S2251252,S2251252,2,2022-12-06,0R,pAMR0,1,S2304560,S2304560,4,2023-01-31,0R,pAMR0,56,0,future_no_significant_rejection,0,0.5018969812051851
time_only,pair_000293,patient_37a67c1ae4e8ad43,S2251252,S2251252,2,2022-12-06,0R,pAMR0,1,S2314588,S2314588,5,2023-04-04,0R,pAMR0,119,0,future_no_significant_rejection,0,0.4996566594689776
time_only,pair_000294,patient_37a67c1ae4e8ad43,S2251252,S2251252,2,2022-12-06,0R,pAMR0,1,S2328623,S2328623,6,2023-07-04,0R,pAMR0,210,0,future_no_significant_rejection,0,0.4979582576574027
time_only,pair_000295,patient_37a67c1ae4e8ad43,S2251252,S2251252,2,2022-12-06,0R,pAMR0,1,S2346543,S2346543,7,2023-10-31,0R,pAMR0,329,0,future_no_significant_rejection,0,0.4966123835324517
time_only,pair_000296,patient_37a67c1ae4e8ad43,S2251252,S2251252,2,2022-12-06,0R,pAMR0,1,S2408481,S2408481,8,2024-02-27,0R,pAMR0,448,0,future_no_significant_rejection,0,0.49568574867317255
time_only,pair_000297,patient_37a67c1ae4e8ad43,S2300360,S2300360,3,2023-01-03,1R,pAMR0,2,S2304560,S2304560,4,2023-01-31,0R,pAMR0,28,0,future_no_significant_rejection,0,0.5039305383989887
time_only,pair_000298,patient_37a67c1ae4e8ad43,S2300360,S2300360,3,2023-01-03,1R,pAMR0,2,S2314588,S2314588,5,2023-04-04,0R,pAMR0,91,0,future_no_significant_rejection,0,0.5004562705807927
time_only,pair_000299,patient_37a67c1ae4e8ad43,S2300360,S2300360,3,2023-01-03,1R,pAMR0,2,S2328623,S2328623,6,2023-07-04,0R,pAMR0,182,0,future_no_significant_rejection,0,0.49838670838854526
time_only,pair_000300,patient_37a67c1ae4e8ad43,S2300360,S2300360,3,2023-01-03,1R,pAMR0,2,S2346543,S2346543,7,2023-10-31,0R,pAMR0,301,0,future_no_significant_rejection,0,0.496879203988222
time_only,pair_000301,patient_37a67c1ae4e8ad43,S2300360,S2300360,3,2023-01-03,1R,pAMR0,2,S2408481,S2408481,8,2024-02-27,0R,pAMR0,420,0,future_no_significant_rejection,0,0.4958795113275414
time_only,pair_000302,patient_37a67c1ae4e8ad43,S2304560,S2304560,4,2023-01-31,0R,pAMR0,1,S2314588,S2314588,5,2023-04-04,0R,pAMR0,63,0,future_no_significant_rejection,0,0.5015483992669716
time_only,pair_000303,patient_37a67c1ae4e8ad43,S2304560,S2304560,4,2023-01-31,0R,pAMR0,1,S2328623,S2328623,6,2023-07-04,0R,pAMR0,154,0,future_no_significant_rejection,0,0.4988864513283669
time_only,pair_000304,patient_37a67c1ae4e8ad43,S2304560,S2304560,4,2023-01-31,0R,pAMR0,1,S2346543,S2346543,7,2023-10-31,0R,pAMR0,273,0,future_no_significant_rejection,0,0.49717200649318166
time_only,pair_000305,patient_37a67c1ae4e8ad43,S2304560,S2304560,4,2023-01-31,0R,pAMR0,1,S2408481,S2408481,8,2024-02-27,0R,pAMR0,392,0,future_no_significant_rejection,0,0.4960866156444167
time_only,pair_000306,patient_37a67c1ae4e8ad43,S2314588,S2314588,5,2023-04-04,0R,pAMR0,1,S2328623,S2328623,6,2023-07-04,0R,pAMR0,91,0,future_no_significant_rejection,0,0.5004562705807927
time_only,pair_000307,patient_37a67c1ae4e8ad43,S2314588,S2314588,5,2023-04-04,0R,pAMR0,1,S2346543,S2346543,7,2023-10-31,0R,pAMR0,210,0,future_no_significant_rejection,0,0.4979582576574027
time_only,pair_000308,patient_37a67c1ae4e8ad43,S2314588,S2314588,5,2023-04-04,0R,pAMR0,1,S2408481,S2408481,8,2024-02-27,0R,pAMR0,329,0,future_no_significant_rejection,0,0.4966123835324517
time_only,pair_000309,patient_37a67c1ae4e8ad43,S2328623,S2328623,6,2023-07-04,0R,pAMR0,1,S2346543,S2346543,7,2023-10-31,0R,pAMR0,119,0,future_no_significant_rejection,0,0.4996566594689776
time_only,pair_000310,patient_37a67c1ae4e8ad43,S2328623,S2328623,6,2023-07-04,0R,pAMR0,1,S2408481,S2408481,8,2024-02-27,0R,pAMR0,238,0,future_no_significant_rejection,0,0.4975832756198542
time_only,pair_000311,patient_37a67c1ae4e8ad43,S2346543,S2346543,7,2023-10-31,0R,pAMR0,1,S2408481,S2408481,8,2024-02-27,0R,pAMR0,119,0,future_no_significant_rejection,0,0.4996566594689776
time_only,pair_000398,patient_4610d334819bbd61,S2506966,S2506966,1,2025-03-11,0R,pAMR0,1,S2509420,S2509420,2,2025-04-01,0R,pAMR0,21,0,future_no_significant_rejection,0,0.5047618366552327
time_only,pair_000399,patient_4610d334819bbd61,S2506966,S2506966,1,2025-03-11,0R,pAMR0,1,S2513846,S2513846,3,2025-05-13,0R,pAMR0,63,0,future_no_significant_rejection,0,0.5015483992669716
time_only,pair_000400,patient_4610d334819bbd61,S2509420,S2509420,2,2025-04-01,0R,pAMR0,5,S2513846,S2513846,3,2025-05-13,0R,pAMR0,42,0,future_no_significant_rejection,0,0.5027451700203569
time_only,pair_000417,patient_4a9f4346155f3b62,S2214326,S2214326,1,2022-04-12,0R,pAMR0,3,S2216629,S2216629,2,2022-04-25,1R,pAMR0,13,0,future_no_significant_rejection,0,0.5061218858430435
time_only,pair_000418,patient_4a9f4346155f3b62,S2214326,S2214326,1,2022-04-12,0R,pAMR0,3,S2222063,S2222063,3,2022-05-31,0R,pAMR0,49,0,future_no_significant_rejection,0,0.5022912927846551
time_only,pair_000419,patient_4a9f4346155f3b62,S2214326,S2214326,1,2022-04-12,0R,pAMR0,3,S2235319,S2235319,4,2022-08-23,2R,pAMR0,133,1,future_significant_rejection,0,0.49932457664435187
time_only,pair_000420,patient_4a9f4346155f3b62,S2214326,S2214326,1,2022-04-12,0R,pAMR0,3,S2242499,S2242499,5,2022-10-11,0R,pAMR0,182,0,future_no_significant_rejection,0,0.49838670838854526
time_only,pair_000421,patient_4a9f4346155f3b62,S2214326,S2214326,1,2022-04-12,0R,pAMR0,3,S2312318,S2312318,6,2023-03-21,0R,pAMR0,343,0,future_no_significant_rejection,0,0.4964873512627666
time_only,pair_000422,patient_4a9f4346155f3b62,S2216629,S2216629,2,2022-04-25,1R,pAMR0,1,S2222063,S2222063,3,2022-05-31,0R,pAMR0,36,0,future_no_significant_rejection,0,0.5031974156473739
time_only,pair_000423,patient_4a9f4346155f3b62,S2216629,S2216629,2,2022-04-25,1R,pAMR0,1,S2235319,S2235319,4,2022-08-23,2R,pAMR0,120,1,future_significant_rejection,0,0.49963168493371424
time_only,pair_000424,patient_4a9f4346155f3b62,S2216629,S2216629,2,2022-04-25,1R,pAMR0,1,S2242499,S2242499,5,2022-10-11,0R,pAMR0,169,0,future_no_significant_rejection,0,0.4986084633553314
time_only,pair_000425,patient_4a9f4346155f3b62,S2216629,S2216629,2,2022-04-25,1R,pAMR0,1,S2312318,S2312318,6,2023-03-21,0R,pAMR0,330,0,future_no_significant_rejection,0,0.49660327829937123
time_only,pair_000426,patient_4a9f4346155f3b62,S2222063,S2222063,3,2022-05-31,0R,pAMR0,1,S2235319,S2235319,4,2022-08-23,2R,pAMR0,84,1,future_significant_rejection,0,0.5006944273600402
time_only,pair_000427,patient_4a9f4346155f3b62,S2222063,S2222063,3,2022-05-31,0R,pAMR0,1,S2242499,S2242499,5,2022-10-11,0R,pAMR0,133,0,future_no_significant_rejection,0,0.49932457664435187
time_only,pair_000428,patient_4a9f4346155f3b62,S2222063,S2222063,3,2022-05-31,0R,pAMR0,1,S2312318,S2312318,6,2023-03-21,0R,pAMR0,294,0,future_no_significant_rejection,0,0.49694977709861426
time_only,pair_000514,patient_6d8c27caf7586f64,S2323108,S2323108,1,2023-05-30,0R,pAMR0,4,S2326332,S2326332,2,2023-06-20,0R,pAMR0,21,0,future_no_significant_rejection,0,0.5047618366552327
time_only,pair_000515,patient_6d8c27caf7586f64,S2323108,S2323108,1,2023-05-30,0R,pAMR0,4,S2330982,S2330982,3,2023-07-18,1R,pAMR0,49,0,future_no_significant_rejection,0,0.5022912927846551
time_only,pair_000516,patient_6d8c27caf7586f64,S2326332,S2326332,2,2023-06-20,0R,pAMR0,5,S2330982,S2330982,3,2023-07-18,1R,pAMR0,28,0,future_no_significant_rejection,0,0.5039305383989887
time_only,pair_000549,patient_718a20df543bc4dd,S2409391,S2409391,1,2024-03-12,0R,pAMR0,4,S2410460,S2410460,2,2024-03-26,0R,pAMR0,14,0,future_no_significant_rejection,0,0.505914287690762
time_only,pair_000550,patient_718a20df543bc4dd,S2409391,S2409391,1,2024-03-12,0R,pAMR0,4,S2412725,S2412725,3,2024-04-23,0R,pAMR0,42,0,future_no_significant_rejection,0,0.5027451700203569
time_only,pair_000551,patient_718a20df543bc4dd,S2409391,S2409391,1,2024-03-12,0R,pAMR0,4,S2415070,S2415070,4,2024-05-22,0R,pAMR0,71,0,future_no_significant_rejection,0,0.5011939438246249
time_only,pair_000552,patient_718a20df543bc4dd,S2409391,S2409391,1,2024-03-12,0R,pAMR0,4,S2424259,S2424259,5,2024-08-20,0R,pAMR0,161,0,future_no_significant_rejection,0,0.4987535225093346
time_only,pair_000553,patient_718a20df543bc4dd,S2409391,S2409391,1,2024-03-12,0R,pAMR0,4,S2504721,S2504721,6,2025-02-18,0R,pAMR0,343,0,future_no_significant_rejection,0,0.4964873512627666
time_only,pair_000554,patient_718a20df543bc4dd,S2410460,S2410460,2,2024-03-26,0R,pAMR0,1,S2412725,S2412725,3,2024-04-23,0R,pAMR0,28,0,future_no_significant_rejection,0,0.5039305383989887
time_only,pair_000555,patient_718a20df543bc4dd,S2410460,S2410460,2,2024-03-26,0R,pAMR0,1,S2415070,S2415070,4,2024-05-22,0R,pAMR0,57,0,future_no_significant_rejection,0,0.5018446429534862
time_only,pair_000556,patient_718a20df543bc4dd,S2410460,S2410460,2,2024-03-26,0R,pAMR0,1,S2424259,S2424259,5,2024-08-20,0R,pAMR0,147,0,future_no_significant_rejection,0,0.49902552437928677
time_only,pair_000557,patient_718a20df543bc4dd,S2410460,S2410460,2,2024-03-26,0R,pAMR0,1,S2504721,S2504721,6,2025-02-18,0R,pAMR0,329,0,future_no_significant_rejection,0,0.4966123835324517
time_only,pair_000558,patient_718a20df543bc4dd,S2412725,S2412725,3,2024-04-23,0R,pAMR0,2,S2415070,S2415070,4,2024-05-22,0R,pAMR0,29,0,future_no_significant_rejection,0,0.50382852067784
time_only,pair_000559,patient_718a20df543bc4dd,S2412725,S2412725,3,2024-04-23,0R,pAMR0,2,S2424259,S2424259,5,2024-08-20,0R,pAMR0,119,0,future_no_significant_rejection,0,0.4996566594689776
time_only,pair_000560,patient_718a20df543bc4dd,S2412725,S2412725,3,2024-04-23,0R,pAMR0,2,S2504721,S2504721,6,2025-02-18,0R,pAMR0,301,0,future_no_significant_rejection,0,0.496879203988222
time_only,pair_000561,patient_718a20df543bc4dd,S2415070,S2415070,4,2024-05-22,0R,pAMR0,2,S2424259,S2424259,5,2024-08-20,0R,pAMR0,90,0,future_no_significant_rejection,0,0.5004891606684013
time_only,pair_000562,patient_718a20df543bc4dd,S2415070,S2415070,4,2024-05-22,0R,pAMR0,2,S2504721,S2504721,6,2025-02-18,0R,pAMR0,272,0,future_no_significant_rejection,0,0.4971830095030803
time_only,pair_000563,patient_718a20df543bc4dd,S2424259,S2424259,5,2024-08-20,0R,pAMR0,2,S2504721,S2504721,6,2025-02-18,0R,pAMR0,182,0,future_no_significant_rejection,0,0.49838670838854526
time_only,pair_000582,patient_78e356d1740b4e11,S2150492,S2150492,1,2021-11-23,1R,pAMR0,3,S2229536,S2229536,2,2022-07-15,1R,pAMR0,234,0,future_no_significant_rejection,0,0.4976340674907681
time_only,pair_000596,patient_7d29fcd258114554,S2141806,S2141806,1,2021-09-28,0R,pAMR0,3,S2143769,S2143769,2,2021-10-12,0R,pAMR0,14,0,future_no_significant_rejection,0,0.505914287690762
time_only,pair_000597,patient_7d29fcd258114554,S2141806,S2141806,1,2021-09-28,0R,pAMR0,3,S2149396,S2149396,3,2021-11-16,1R,pAMR0,49,0,future_no_significant_rejection,0,0.5022912927846551
time_only,pair_000598,patient_7d29fcd258114554,S2141806,S2141806,1,2021-09-28,0R,pAMR0,3,S2154957,S2154957,4,2021-12-21,1R,pAMR0,84,0,future_no_significant_rejection,0,0.5006944273600402
time_only,pair_000599,patient_7d29fcd258114554,S2141806,S2141806,1,2021-09-28,0R,pAMR0,3,S2203734,S2203734,5,2022-01-25,0R,pAMR0,119,0,future_no_significant_rejection,0,0.4996566594689776
time_only,pair_000600,patient_7d29fcd258114554,S2141806,S2141806,1,2021-09-28,0R,pAMR0,3,S2210203,S2210203,6,2022-03-15,0R,pAMR0,168,0,future_no_significant_rejection,0,0.49862621793626405
time_only,pair_000601,patient_7d29fcd258114554,S2141806,S2141806,1,2021-09-28,0R,pAMR0,3,S2239522,S2239522,7,2022-09-20,1R,pAMR0,357,0,future_no_significant_rejection,0,0.4963673077986225
time_only,pair_000602,patient_7d29fcd258114554,S2143769,S2143769,2,2021-10-12,0R,pAMR0,1,S2149396,S2149396,3,2021-11-16,1R,pAMR0,35,0,future_no_significant_rejection,0,0.5032798670922982
time_only,pair_000603,patient_7d29fcd258114554,S2143769,S2143769,2,2021-10-12,0R,pAMR0,1,S2154957,S2154957,4,2021-12-21,1R,pAMR0,70,0,future_no_significant_rejection,0,0.5012360339929811
time_only,pair_000604,patient_7d29fcd258114554,S2143769,S2143769,2,2021-10-12,0R,pAMR0,1,S2203734,S2203734,5,2022-01-25,0R,pAMR0,105,0,future_no_significant_rejection,0,0.500029985410016
time_only,pair_000605,patient_7d29fcd258114554,S2143769,S2143769,2,2021-10-12,0R,pAMR0,1,S2210203,S2210203,6,2022-03-15,0R,pAMR0,154,0,future_no_significant_rejection,0,0.4988864513283669
time_only,pair_000606,patient_7d29fcd258114554,S2143769,S2143769,2,2021-10-12,0R,pAMR0,1,S2239522,S2239522,7,2022-09-20,1R,pAMR0,343,0,future_no_significant_rejection,0,0.4964873512627666
time_only,pair_000607,patient_7d29fcd258114554,S2149396,S2149396,3,2021-11-16,1R,pAMR0,1,S2154957,S2154957,4,2021-12-21,1R,pAMR0,35,0,future_no_significant_rejection,0,0.5032798670922982
time_only,pair_000608,patient_7d29fcd258114554,S2149396,S2149396,3,2021-11-16,1R,pAMR0,1,S2203734,S2203734,5,2022-01-25,0R,pAMR0,70,0,future_no_significant_rejection,0,0.5012360339929811
time_only,pair_000609,patient_7d29fcd258114554,S2149396,S2149396,3,2021-11-16,1R,pAMR0,1,S2210203,S2210203,6,2022-03-15,0R,pAMR0,119,0,future_no_significant_rejection,0,0.4996566594689776
time_only,pair_000610,patient_7d29fcd258114554,S2149396,S2149396,3,2021-11-16,1R,pAMR0,1,S2239522,S2239522,7,2022-09-20,1R,pAMR0,308,0,future_no_significant_rejection,0,0.4968102482009043
time_only,pair_000611,patient_7d29fcd258114554,S2154957,S2154957,4,2021-12-21,1R,pAMR0,1,S2203734,S2203734,5,2022-01-25,0R,pAMR0,35,0,future_no_significant_rejection,0,0.5032798670922982
time_only,pair_000612,patient_7d29fcd258114554,S2154957,S2154957,4,2021-12-21,1R,pAMR0,1,S2210203,S2210203,6,2022-03-15,0R,pAMR0,84,0,future_no_significant_rejection,0,0.5006944273600402
time_only,pair_000613,patient_7d29fcd258114554,S2154957,S2154957,4,2021-12-21,1R,pAMR0,1,S2239522,S2239522,7,2022-09-20,1R,pAMR0,273,0,future_no_significant_rejection,0,0.49717200649318166
time_only,pair_000614,patient_7d29fcd258114554,S2203734,S2203734,5,2022-01-25,0R,pAMR0,1,S2210203,S2210203,6,2022-03-15,0R,pAMR0,49,0,future_no_significant_rejection,0,0.5022912927846551
time_only,pair_000615,patient_7d29fcd258114554,S2203734,S2203734,5,2022-01-25,0R,pAMR0,1,S2239522,S2239522,7,2022-09-20,1R,pAMR0,238,0,future_no_significant_rejection,0,0.4975832756198542
time_only,pair_000616,patient_7d29fcd258114554,S2210203,S2210203,6,2022-03-15,0R,pAMR0,1,S2239522,S2239522,7,2022-09-20,1R,pAMR0,189,0,future_no_significant_rejection,0,0.4982737424431899
time_only,pair_000620,patient_7fb8c2b1e117173f,S2530063,S2530063,1,2025-09-23,0R,pAMR0,2,S2533022,S2533022,2,2025-10-21,0R,pAMR0,28,0,future_no_significant_rejection,0,0.5039305383989887
time_only,pair_000624,patient_886cef649f01f586,S2102543,S2102543,1,2021-01-19,0R,pAMR0,2,S2200309,S2200309,2,2022-01-04,0R,pAMR0,350,0,future_no_significant_rejection,0,0.4964267309322298
time_only,pair_000625,patient_895c9f3c4b1870d6,S2107860,S2107860,1,2021-02-23,1R,pAMR0,3,S2128633,S2128633,2,2021-07-06,2R,pAMR0,133,1,future_significant_rejection,0,0.49932457664435187
time_only,pair_000626,patient_895c9f3c4b1870d6,S2107860,S2107860,1,2021-02-23,1R,pAMR0,3,S2134279,S2134279,3,2021-08-10,2R,pAMR0,168,1,future_significant_rejection,0,0.49862621793626405
time_only,pair_000627,patient_895c9f3c4b1870d6,S2107860,S2107860,1,2021-02-23,1R,pAMR0,3,S2141807,S2141807,4,2021-09-28,1R,pAMR0,217,0,future_no_significant_rejection,0,0.4978600412860354
time_only,pair_000628,patient_895c9f3c4b1870d6,S2107860,S2107860,1,2021-02-23,1R,pAMR0,3,S2148221,S2148221,5,2021-11-09,2R,pAMR0,259,1,future_significant_rejection,0,0.4973298349697579
time_only,pair_000629,patient_895c9f3c4b1870d6,S2107860,S2107860,1,2021-02-23,1R,pAMR0,3,S2205208,S2205208,6,2022-02-08,0R,pAMR0,350,0,future_no_significant_rejection,0,0.4964267309322298
time_only,pair_000752,patient_ab45843e8e5c5823,S2253529,S2253529,1,2022-12-20,0R,pAMR0,1,S2300361,S2300361,2,2023-01-03,0R,pAMR0,14,0,future_no_significant_rejection,0,0.505914287690762
time_only,pair_000753,patient_ab45843e8e5c5823,S2253529,S2253529,1,2022-12-20,0R,pAMR0,1,S2306015,S2306015,3,2023-02-08,1R,pAMR0,50,0,future_no_significant_rejection,0,0.5022316996653496
time_only,pair_000754,patient_ab45843e8e5c5823,S2253529,S2253529,1,2022-12-20,0R,pAMR0,1,S2310079,S2310079,4,2023-03-07,0R,pAMR0,77,0,future_no_significant_rejection,0,0.5009530631543211
time_only,pair_000755,patient_ab45843e8e5c5823,S2253529,S2253529,1,2022-12-20,0R,pAMR0,1,S2315841,S2315841,5,2023-04-11,1R,pAMR0,112,0,future_no_significant_rejection,0,0.4998375371166086
time_only,pair_000756,patient_ab45843e8e5c5823,S2253529,S2253529,1,2022-12-20,0R,pAMR0,1,S2325143,S2325143,6,2023-06-13,0R,pAMR0,175,0,future_no_significant_rejection,0,0.49850408096140464
time_only,pair_000757,patient_ab45843e8e5c5823,S2253529,S2253529,1,2022-12-20,0R,pAMR0,1,S2339820,S2339820,7,2023-09-12,0R,pAMR0,266,0,future_no_significant_rejection,0,0.4972498860881423
time_only,pair_000758,patient_ab45843e8e5c5823,S2253529,S2253529,1,2022-12-20,0R,pAMR0,1,S2351751,S2351751,8,2023-12-05,1R,pAMR0,350,0,future_no_significant_rejection,0,0.4964267309322298
time_only,pair_000759,patient_ab45843e8e5c5823,S2300361,S2300361,2,2023-01-03,0R,pAMR0,2,S2306015,S2306015,3,2023-02-08,1R,pAMR0,36,0,future_no_significant_rejection,0,0.5031974156473739
time_only,pair_000760,patient_ab45843e8e5c5823,S2300361,S2300361,2,2023-01-03,0R,pAMR0,2,S2310079,S2310079,4,2023-03-07,0R,pAMR0,63,0,future_no_significant_rejection,0,0.5015483992669716
time_only,pair_000761,patient_ab45843e8e5c5823,S2300361,S2300361,2,2023-01-03,0R,pAMR0,2,S2315841,S2315841,5,2023-04-11,1R,pAMR0,98,0,future_no_significant_rejection,0,0.500235586401639
time_only,pair_000762,patient_ab45843e8e5c5823,S2300361,S2300361,2,2023-01-03,0R,pAMR0,2,S2325143,S2325143,6,2023-06-13,0R,pAMR0,161,0,future_no_significant_rejection,0,0.4987535225093346
time_only,pair_000763,patient_ab45843e8e5c5823,S2300361,S2300361,2,2023-01-03,0R,pAMR0,2,S2339820,S2339820,7,2023-09-12,0R,pAMR0,252,0,future_no_significant_rejection,0,0.49741196610161453
time_only,pair_000764,patient_ab45843e8e5c5823,S2300361,S2300361,2,2023-01-03,0R,pAMR0,2,S2351751,S2351751,8,2023-12-05,1R,pAMR0,336,0,future_no_significant_rejection,0,0.4965492180196095
time_only,pair_000765,patient_ab45843e8e5c5823,S2306015,S2306015,3,2023-02-08,1R,pAMR0,1,S2310079,S2310079,4,2023-03-07,0R,pAMR0,27,0,future_no_significant_rejection,0,0.5040361360667222
time_only,pair_000766,patient_ab45843e8e5c5823,S2306015,S2306015,3,2023-02-08,1R,pAMR0,1,S2315841,S2315841,5,2023-04-11,1R,pAMR0,62,0,future_no_significant_rejection,0,0.5015957921519433
time_only,pair_000767,patient_ab45843e8e5c5823,S2306015,S2306015,3,2023-02-08,1R,pAMR0,1,S2325143,S2325143,6,2023-06-13,0R,pAMR0,125,0,future_no_significant_rejection,0,0.49950982968342567
time_only,pair_000768,patient_ab45843e8e5c5823,S2306015,S2306015,3,2023-02-08,1R,pAMR0,1,S2339820,S2339820,7,2023-09-12,0R,pAMR0,216,0,future_no_significant_rejection,0,0.4978738774528573
time_only,pair_000769,patient_ab45843e8e5c5823,S2306015,S2306015,3,2023-02-08,1R,pAMR0,1,S2351751,S2351751,8,2023-12-05,1R,pAMR0,300,0,future_no_significant_rejection,0,0.49688918508821045
time_only,pair_000770,patient_ab45843e8e5c5823,S2310079,S2310079,4,2023-03-07,0R,pAMR0,1,S2315841,S2315841,5,2023-04-11,1R,pAMR0,35,0,future_no_significant_rejection,0,0.5032798670922982
time_only,pair_000771,patient_ab45843e8e5c5823,S2310079,S2310079,4,2023-03-07,0R,pAMR0,1,S2325143,S2325143,6,2023-06-13,0R,pAMR0,98,0,future_no_significant_rejection,0,0.500235586401639
time_only,pair_000772,patient_ab45843e8e5c5823,S2310079,S2310079,4,2023-03-07,0R,pAMR0,1,S2339820,S2339820,7,2023-09-12,0R,pAMR0,189,0,future_no_significant_rejection,0,0.4982737424431899
time_only,pair_000773,patient_ab45843e8e5c5823,S2310079,S2310079,4,2023-03-07,0R,pAMR0,1,S2351751,S2351751,8,2023-12-05,1R,pAMR0,273,0,future_no_significant_rejection,0,0.49717200649318166
time_only,pair_000774,patient_ab45843e8e5c5823,S2315841,S2315841,5,2023-04-11,1R,pAMR0,2,S2325143,S2325143,6,2023-06-13,0R,pAMR0,63,0,future_no_significant_rejection,0,0.5015483992669716
time_only,pair_000775,patient_ab45843e8e5c5823,S2315841,S2315841,5,2023-04-11,1R,pAMR0,2,S2339820,S2339820,7,2023-09-12,0R,pAMR0,154,0,future_no_significant_rejection,0,0.4988864513283669
time_only,pair_000776,patient_ab45843e8e5c5823,S2315841,S2315841,5,2023-04-11,1R,pAMR0,2,S2351751,S2351751,8,2023-12-05,1R,pAMR0,238,0,future_no_significant_rejection,0,0.4975832756198542
time_only,pair_000777,patient_ab45843e8e5c5823,S2325143,S2325143,6,2023-06-13,0R,pAMR0,1,S2339820,S2339820,7,2023-09-12,0R,pAMR0,91,0,future_no_significant_rejection,0,0.5004562705807927
time_only,pair_000778,patient_ab45843e8e5c5823,S2325143,S2325143,6,2023-06-13,0R,pAMR0,1,S2351751,S2351751,8,2023-12-05,1R,pAMR0,175,0,future_no_significant_rejection,0,0.49850408096140464
time_only,pair_000779,patient_ab45843e8e5c5823,S2339820,S2339820,7,2023-09-12,0R,pAMR0,1,S2351751,S2351751,8,2023-12-05,1R,pAMR0,84,0,future_no_significant_rejection,0,0.5006944273600402
time_only,pair_000780,patient_aca1fffca0191542,S2142816,S2142816,1,2021-10-05,0R,pAMR0,1,S2211179,S2211179,2,2022-03-22,0R,pAMR0,168,0,future_no_significant_rejection,0,0.49862621793626405
time_only,pair_000781,patient_aca1fffca0191542,S2142816,S2142816,1,2021-10-05,0R,pAMR0,1,S2333273,S2333273,3,2023-08-01,0R,pAMR0,665,0,future_no_significant_rejection,0,0.4944993508627176
time_only,pair_000782,patient_aca1fffca0191542,S2211179,S2211179,2,2022-03-22,0R,pAMR0,1,S2333273,S2333273,3,2023-08-01,0R,pAMR0,497,0,future_no_significant_rejection,0,0.4953740667720095
time_only,pair_000783,patient_ad7be783b5ff7f03,S2314591,S2314591,1,2023-04-04,0R,pAMR0,3,S2316900,S2316900,2,2023-04-18,0R,pAMR0,14,0,future_no_significant_rejection,0,0.505914287690762
time_only,pair_000784,patient_ad7be783b5ff7f03,S2314591,S2314591,1,2023-04-04,0R,pAMR0,3,S2329756,S2329756,3,2023-07-11,1R,pAMR0,98,0,future_no_significant_rejection,0,0.500235586401639
time_only,pair_000785,patient_ad7be783b5ff7f03,S2314591,S2314591,1,2023-04-04,0R,pAMR0,3,S2410458,S2410458,4,2024-03-26,0R,pAMR0,357,0,future_no_significant_rejection,0,0.4963673077986225
time_only,pair_000786,patient_ad7be783b5ff7f03,S2316900,S2316900,2,2023-04-18,0R,pAMR0,1,S2329756,S2329756,3,2023-07-11,1R,pAMR0,84,0,future_no_significant_rejection,0,0.5006944273600402
time_only,pair_000787,patient_ad7be783b5ff7f03,S2316900,S2316900,2,2023-04-18,0R,pAMR0,1,S2410458,S2410458,4,2024-03-26,0R,pAMR0,343,0,future_no_significant_rejection,0,0.4964873512627666
time_only,pair_000788,patient_ad7be783b5ff7f03,S2329756,S2329756,3,2023-07-11,1R,pAMR0,3,S2410458,S2410458,4,2024-03-26,0R,pAMR0,259,0,future_no_significant_rejection,0,0.4973298349697579
time_only,pair_000789,patient_ae0f85572ff16638,S2153833,S2153833,1,2021-12-14,0R,pAMR0,1,S2311234,S2311234,2,2023-03-14,0R,pAMR0,455,0,future_no_significant_rejection,0,0.49563919675053786
time_only,pair_000819,patient_c2ec040a2ccee825,S2420604,S2420604,1,2024-07-16,0R,pAMR0,2,S2422845,S2422845,2,2024-08-06,0R,pAMR0,21,0,future_no_significant_rejection,0,0.5047618366552327
time_only,pair_000820,patient_c2ec040a2ccee825,S2420604,S2420604,1,2024-07-16,0R,pAMR0,2,S2502090,S2502090,3,2025-01-21,0R,pAMR0,189,0,future_no_significant_rejection,0,0.4982737424431899
time_only,pair_000821,patient_c2ec040a2ccee825,S2420604,S2420604,1,2024-07-16,0R,pAMR0,2,S2511010,S2511010,4,2025-04-15,1R,pAMR0,273,0,future_no_significant_rejection,0,0.49717200649318166
time_only,pair_000822,patient_c2ec040a2ccee825,S2420604,S2420604,1,2024-07-16,0R,pAMR0,2,S2520404,S2520404,5,2025-07-08,0R,pAMR0,357,0,future_no_significant_rejection,0,0.4963673077986225
time_only,pair_000823,patient_c2ec040a2ccee825,S2422845,S2422845,2,2024-08-06,0R,pAMR0,2,S2502090,S2502090,3,2025-01-21,0R,pAMR0,168,0,future_no_significant_rejection,0,0.49862621793626405
time_only,pair_000824,patient_c2ec040a2ccee825,S2422845,S2422845,2,2024-08-06,0R,pAMR0,2,S2511010,S2511010,4,2025-04-15,1R,pAMR0,252,0,future_no_significant_rejection,0,0.49741196610161453
time_only,pair_000825,patient_c2ec040a2ccee825,S2422845,S2422845,2,2024-08-06,0R,pAMR0,2,S2520404,S2520404,5,2025-07-08,0R,pAMR0,336,0,future_no_significant_rejection,0,0.4965492180196095
time_only,pair_000826,patient_c2ec040a2ccee825,S2502090,S2502090,3,2025-01-21,0R,pAMR0,1,S2511010,S2511010,4,2025-04-15,1R,pAMR0,84,0,future_no_significant_rejection,0,0.5006944273600402
time_only,pair_000827,patient_c2ec040a2ccee825,S2502090,S2502090,3,2025-01-21,0R,pAMR0,1,S2520404,S2520404,5,2025-07-08,0R,pAMR0,168,0,future_no_significant_rejection,0,0.49862621793626405
time_only,pair_000828,patient_c2ec040a2ccee825,S2511010,S2511010,4,2025-04-15,1R,pAMR0,2,S2520404,S2520404,5,2025-07-08,0R,pAMR0,84,0,future_no_significant_rejection,0,0.5006944273600402
time_only,pair_000860,patient_c85fe67257ac09be,S2202565,S2202565,1,2022-01-18,0R,pAMR0,1,S2207349,S2207349,2,2022-02-22,0R,pAMR0,35,0,future_no_significant_rejection,0,0.5032798670922982
time_only,pair_000861,patient_c85fe67257ac09be,S2202565,S2202565,1,2022-01-18,0R,pAMR0,1,S2210204,S2210204,3,2022-03-15,1R,pAMR0,56,0,future_no_significant_rejection,0,0.5018969812051851
time_only,pair_000862,patient_c85fe67257ac09be,S2202565,S2202565,1,2022-01-18,0R,pAMR0,1,S2216630,S2216630,4,2022-04-26,0R,pAMR0,98,0,future_no_significant_rejection,0,0.500235586401639
time_only,pair_000863,patient_c85fe67257ac09be,S2202565,S2202565,1,2022-01-18,0R,pAMR0,1,S2220918,S2220918,5,2022-05-24,1R,pAMR0,126,0,future_no_significant_rejection,0,0.4994860397356824
time_only,pair_000864,patient_c85fe67257ac09be,S2202565,S2202565,1,2022-01-18,0R,pAMR0,1,S2227608,S2227608,6,2022-07-05,1R,pAMR0,168,0,future_no_significant_rejection,0,0.49862621793626405
time_only,pair_000865,patient_c85fe67257ac09be,S2202565,S2202565,1,2022-01-18,0R,pAMR0,1,S2241560,S2241560,7,2022-10-04,1R,pAMR0,259,0,future_no_significant_rejection,0,0.4973298349697579
time_only,pair_000866,patient_c85fe67257ac09be,S2207349,S2207349,2,2022-02-22,0R,pAMR0,1,S2210204,S2210204,3,2022-03-15,1R,pAMR0,21,0,future_no_significant_rejection,0,0.5047618366552327
time_only,pair_000867,patient_c85fe67257ac09be,S2207349,S2207349,2,2022-02-22,0R,pAMR0,1,S2216630,S2216630,4,2022-04-26,0R,pAMR0,63,0,future_no_significant_rejection,0,0.5015483992669716
time_only,pair_000868,patient_c85fe67257ac09be,S2207349,S2207349,2,2022-02-22,0R,pAMR0,1,S2220918,S2220918,5,2022-05-24,1R,pAMR0,91,0,future_no_significant_rejection,0,0.5004562705807927
time_only,pair_000869,patient_c85fe67257ac09be,S2207349,S2207349,2,2022-02-22,0R,pAMR0,1,S2227608,S2227608,6,2022-07-05,1R,pAMR0,133,0,future_no_significant_rejection,0,0.49932457664435187
time_only,pair_000870,patient_c85fe67257ac09be,S2207349,S2207349,2,2022-02-22,0R,pAMR0,1,S2241560,S2241560,7,2022-10-04,1R,pAMR0,224,0,future_no_significant_rejection,0,0.49776492950058265
time_only,pair_000871,patient_c85fe67257ac09be,S2210204,S2210204,3,2022-03-15,1R,pAMR0,3,S2216630,S2216630,4,2022-04-26,0R,pAMR0,42,0,future_no_significant_rejection,0,0.5027451700203569
time_only,pair_000872,patient_c85fe67257ac09be,S2210204,S2210204,3,2022-03-15,1R,pAMR0,3,S2220918,S2220918,5,2022-05-24,1R,pAMR0,70,0,future_no_significant_rejection,0,0.5012360339929811
time_only,pair_000873,patient_c85fe67257ac09be,S2210204,S2210204,3,2022-03-15,1R,pAMR0,3,S2227608,S2227608,6,2022-07-05,1R,pAMR0,112,0,future_no_significant_rejection,0,0.4998375371166086
time_only,pair_000874,patient_c85fe67257ac09be,S2210204,S2210204,3,2022-03-15,1R,pAMR0,3,S2241560,S2241560,7,2022-10-04,1R,pAMR0,203,0,future_no_significant_rejection,0,0.49805978813603136
time_only,pair_000875,patient_c85fe67257ac09be,S2216630,S2216630,4,2022-04-26,0R,pAMR0,2,S2220918,S2220918,5,2022-05-24,1R,pAMR0,28,0,future_no_significant_rejection,0,0.5039305383989887
time_only,pair_000876,patient_c85fe67257ac09be,S2216630,S2216630,4,2022-04-26,0R,pAMR0,2,S2227608,S2227608,6,2022-07-05,1R,pAMR0,70,0,future_no_significant_rejection,0,0.5012360339929811
time_only,pair_000877,patient_c85fe67257ac09be,S2216630,S2216630,4,2022-04-26,0R,pAMR0,2,S2241560,S2241560,7,2022-10-04,1R,pAMR0,161,0,future_no_significant_rejection,0,0.4987535225093346
time_only,pair_000878,patient_c85fe67257ac09be,S2220918,S2220918,5,2022-05-24,1R,pAMR0,1,S2227608,S2227608,6,2022-07-05,1R,pAMR0,42,0,future_no_significant_rejection,0,0.5027451700203569
time_only,pair_000879,patient_c85fe67257ac09be,S2220918,S2220918,5,2022-05-24,1R,pAMR0,1,S2241560,S2241560,7,2022-10-04,1R,pAMR0,133,0,future_no_significant_rejection,0,0.49932457664435187
time_only,pair_000880,patient_c85fe67257ac09be,S2227608,S2227608,6,2022-07-05,1R,pAMR0,3,S2241560,S2241560,7,2022-10-04,1R,pAMR0,91,0,future_no_significant_rejection,0,0.5004562705807927
time_only,pair_000909,patient_d074d89175786c47,S2227605,S2227605,1,2022-07-05,0R,pAMR0,1,S2231089,S2231089,2,2022-07-26,0R,pAMR0,21,0,future_no_significant_rejection,0,0.5047618366552327
time_only,pair_000910,patient_d074d89175786c47,S2227605,S2227605,1,2022-07-05,0R,pAMR0,1,S2236496,S2236496,3,2022-08-30,0R,pAMR0,56,0,future_no_significant_rejection,0,0.5018969812051851
time_only,pair_000911,patient_d074d89175786c47,S2227605,S2227605,1,2022-07-05,0R,pAMR0,1,S2242501,S2242501,4,2022-10-11,0R,pAMR0,98,0,future_no_significant_rejection,0,0.500235586401639
time_only,pair_000912,patient_d074d89175786c47,S2227605,S2227605,1,2022-07-05,0R,pAMR0,1,S2250151,S2250151,5,2022-11-29,0R,pAMR0,147,0,future_no_significant_rejection,0,0.49902552437928677
time_only,pair_000913,patient_d074d89175786c47,S2227605,S2227605,1,2022-07-05,0R,pAMR0,1,S2304564,S2304564,6,2023-01-31,0R,pAMR0,210,0,future_no_significant_rejection,0,0.4979582576574027
time_only,pair_000914,patient_d074d89175786c47,S2227605,S2227605,1,2022-07-05,0R,pAMR0,1,S2315840,S2315840,7,2023-04-11,0R,pAMR0,280,0,future_no_significant_rejection,0,0.4970960917716561
time_only,pair_000915,patient_d074d89175786c47,S2227605,S2227605,1,2022-07-05,0R,pAMR0,1,S2327489,S2327489,8,2023-06-27,0R,pAMR0,357,0,future_no_significant_rejection,0,0.4963673077986225
time_only,pair_000916,patient_d074d89175786c47,S2231089,S2231089,2,2022-07-26,0R,pAMR0,2,S2236496,S2236496,3,2022-08-30,0R,pAMR0,35,0,future_no_significant_rejection,0,0.5032798670922982
time_only,pair_000917,patient_d074d89175786c47,S2231089,S2231089,2,2022-07-26,0R,pAMR0,2,S2242501,S2242501,4,2022-10-11,0R,pAMR0,77,0,future_no_significant_rejection,0,0.5009530631543211
time_only,pair_000918,patient_d074d89175786c47,S2231089,S2231089,2,2022-07-26,0R,pAMR0,2,S2250151,S2250151,5,2022-11-29,0R,pAMR0,126,0,future_no_significant_rejection,0,0.4994860397356824
time_only,pair_000919,patient_d074d89175786c47,S2231089,S2231089,2,2022-07-26,0R,pAMR0,2,S2304564,S2304564,6,2023-01-31,0R,pAMR0,189,0,future_no_significant_rejection,0,0.4982737424431899
time_only,pair_000920,patient_d074d89175786c47,S2231089,S2231089,2,2022-07-26,0R,pAMR0,2,S2315840,S2315840,7,2023-04-11,0R,pAMR0,259,0,future_no_significant_rejection,0,0.4973298349697579
time_only,pair_000921,patient_d074d89175786c47,S2231089,S2231089,2,2022-07-26,0R,pAMR0,2,S2327489,S2327489,8,2023-06-27,0R,pAMR0,336,0,future_no_significant_rejection,0,0.4965492180196095
time_only,pair_000922,patient_d074d89175786c47,S2236496,S2236496,3,2022-08-30,0R,pAMR0,1,S2242501,S2242501,4,2022-10-11,0R,pAMR0,42,0,future_no_significant_rejection,0,0.5027451700203569
time_only,pair_000923,patient_d074d89175786c47,S2236496,S2236496,3,2022-08-30,0R,pAMR0,1,S2250151,S2250151,5,2022-11-29,0R,pAMR0,91,0,future_no_significant_rejection,0,0.5004562705807927
time_only,pair_000924,patient_d074d89175786c47,S2236496,S2236496,3,2022-08-30,0R,pAMR0,1,S2304564,S2304564,6,2023-01-31,0R,pAMR0,154,0,future_no_significant_rejection,0,0.4988864513283669
time_only,pair_000925,patient_d074d89175786c47,S2236496,S2236496,3,2022-08-30,0R,pAMR0,1,S2315840,S2315840,7,2023-04-11,0R,pAMR0,224,0,future_no_significant_rejection,0,0.49776492950058265
time_only,pair_000926,patient_d074d89175786c47,S2236496,S2236496,3,2022-08-30,0R,pAMR0,1,S2327489,S2327489,8,2023-06-27,0R,pAMR0,301,0,future_no_significant_rejection,0,0.496879203988222
time_only,pair_000927,patient_d074d89175786c47,S2242501,S2242501,4,2022-10-11,0R,pAMR0,1,S2250151,S2250151,5,2022-11-29,0R,pAMR0,49,0,future_no_significant_rejection,0,0.5022912927846551
time_only,pair_000928,patient_d074d89175786c47,S2242501,S2242501,4,2022-10-11,0R,pAMR0,1,S2304564,S2304564,6,2023-01-31,0R,pAMR0,112,0,future_no_significant_rejection,0,0.4998375371166086
time_only,pair_000929,patient_d074d89175786c47,S2242501,S2242501,4,2022-10-11,0R,pAMR0,1,S2315840,S2315840,7,2023-04-11,0R,pAMR0,182,0,future_no_significant_rejection,0,0.49838670838854526
time_only,pair_000930,patient_d074d89175786c47,S2242501,S2242501,4,2022-10-11,0R,pAMR0,1,S2327489,S2327489,8,2023-06-27,0R,pAMR0,259,0,future_no_significant_rejection,0,0.4973298349697579
time_only,pair_000931,patient_d074d89175786c47,S2250151,S2250151,5,2022-11-29,0R,pAMR0,1,S2304564,S2304564,6,2023-01-31,0R,pAMR0,63,0,future_no_significant_rejection,0,0.5015483992669716
time_only,pair_000932,patient_d074d89175786c47,S2250151,S2250151,5,2022-11-29,0R,pAMR0,1,S2315840,S2315840,7,2023-04-11,0R,pAMR0,133,0,future_no_significant_rejection,0,0.49932457664435187
time_only,pair_000933,patient_d074d89175786c47,S2250151,S2250151,5,2022-11-29,0R,pAMR0,1,S2327489,S2327489,8,2023-06-27,0R,pAMR0,210,0,future_no_significant_rejection,0,0.4979582576574027
time_only,pair_000934,patient_d074d89175786c47,S2304564,S2304564,6,2023-01-31,0R,pAMR0,1,S2315840,S2315840,7,2023-04-11,0R,pAMR0,70,0,future_no_significant_rejection,0,0.5012360339929811
time_only,pair_000935,patient_d074d89175786c47,S2304564,S2304564,6,2023-01-31,0R,pAMR0,1,S2327489,S2327489,8,2023-06-27,0R,pAMR0,147,0,future_no_significant_rejection,0,0.49902552437928677
time_only,pair_000936,patient_d074d89175786c47,S2315840,S2315840,7,2023-04-11,0R,pAMR0,6,S2327489,S2327489,8,2023-06-27,0R,pAMR0,77,0,future_no_significant_rejection,0,0.5009530631543211
time_only,pair_000961,patient_d4c07874dec8cc11,S2413769,S2413769,1,2024-05-07,0R,pAMR0,9,S2426614,S2426614,2,2024-09-10,0R,pAMR0,126,0,future_no_significant_rejection,0,0.4994860397356824
time_only,pair_000962,patient_d4c07874dec8cc11,S2413769,S2413769,1,2024-05-07,0R,pAMR0,9,S2434133,S2434133,3,2024-11-26,1R,pAMR0,203,0,future_no_significant_rejection,0,0.49805978813603136
time_only,pair_000963,patient_d4c07874dec8cc11,S2413769,S2413769,1,2024-05-07,0R,pAMR0,9,S2505508,S2505508,4,2025-02-25,0R,pAMR0,294,0,future_no_significant_rejection,0,0.49694977709861426
time_only,pair_000964,patient_d4c07874dec8cc11,S2426614,S2426614,2,2024-09-10,0R,pAMR0,6,S2434133,S2434133,3,2024-11-26,1R,pAMR0,77,0,future_no_significant_rejection,0,0.5009530631543211
time_only,pair_000965,patient_d4c07874dec8cc11,S2426614,S2426614,2,2024-09-10,0R,pAMR0,6,S2505508,S2505508,4,2025-02-25,0R,pAMR0,168,0,future_no_significant_rejection,0,0.49862621793626405
time_only,pair_000966,patient_d4c07874dec8cc11,S2434133,S2434133,3,2024-11-26,1R,pAMR0,2,S2505508,S2505508,4,2025-02-25,0R,pAMR0,91,0,future_no_significant_rejection,0,0.5004562705807927
time_only,pair_000967,patient_d66d976aaae8f399,S2133159,S2133159,1,2021-08-03,0R,pAMR0,3,S2135429,S2135429,2,2021-08-17,1R,pAMR0,14,0,future_no_significant_rejection,0,0.505914287690762
time_only,pair_000968,patient_d66d976aaae8f399,S2133159,S2133159,1,2021-08-03,0R,pAMR0,3,S2140145,S2140145,3,2021-09-14,1R,pAMR0,42,0,future_no_significant_rejection,0,0.5027451700203569
time_only,pair_000969,patient_d66d976aaae8f399,S2133159,S2133159,1,2021-08-03,0R,pAMR0,3,S2143764,S2143764,4,2021-10-11,1R,pAMR0,69,0,future_no_significant_rejection,0,0.5012787211869874
time_only,pair_000970,patient_d66d976aaae8f399,S2133159,S2133159,1,2021-08-03,0R,pAMR0,3,S2202567,S2202567,5,2022-01-18,0R,pAMR0,168,0,future_no_significant_rejection,0,0.49862621793626405
time_only,pair_000971,patient_d66d976aaae8f399,S2133159,S2133159,1,2021-08-03,0R,pAMR0,3,S2213275,S2213275,6,2022-04-05,0R,pAMR0,245,0,future_no_significant_rejection,0,0.49749640195750455
time_only,pair_000972,patient_d66d976aaae8f399,S2133159,S2133159,1,2021-08-03,0R,pAMR0,3,S2228788,S2228788,7,2022-07-12,0R,pAMR0,343,0,future_no_significant_rejection,0,0.4964873512627666
time_only,pair_000973,patient_d66d976aaae8f399,S2135429,S2135429,2,2021-08-17,1R,pAMR0,1,S2140145,S2140145,3,2021-09-14,1R,pAMR0,28,0,future_no_significant_rejection,0,0.5039305383989887
time_only,pair_000974,patient_d66d976aaae8f399,S2135429,S2135429,2,2021-08-17,1R,pAMR0,1,S2143764,S2143764,4,2021-10-11,1R,pAMR0,55,0,future_no_significant_rejection,0,0.5019502458028801
time_only,pair_000975,patient_d66d976aaae8f399,S2135429,S2135429,2,2021-08-17,1R,pAMR0,1,S2202567,S2202567,5,2022-01-18,0R,pAMR0,154,0,future_no_significant_rejection,0,0.4988864513283669
time_only,pair_000976,patient_d66d976aaae8f399,S2135429,S2135429,2,2021-08-17,1R,pAMR0,1,S2213275,S2213275,6,2022-04-05,0R,pAMR0,231,0,future_no_significant_rejection,0,0.49767273204146206
time_only,pair_000977,patient_d66d976aaae8f399,S2135429,S2135429,2,2021-08-17,1R,pAMR0,1,S2228788,S2228788,7,2022-07-12,0R,pAMR0,329,0,future_no_significant_rejection,0,0.4966123835324517
time_only,pair_000978,patient_d66d976aaae8f399,S2140145,S2140145,3,2021-09-14,1R,pAMR0,1,S2143764,S2143764,4,2021-10-11,1R,pAMR0,27,0,future_no_significant_rejection,0,0.5040361360667222
time_only,pair_000979,patient_d66d976aaae8f399,S2140145,S2140145,3,2021-09-14,1R,pAMR0,1,S2202567,S2202567,5,2022-01-18,0R,pAMR0,126,0,future_no_significant_rejection,0,0.4994860397356824
time_only,pair_000980,patient_d66d976aaae8f399,S2140145,S2140145,3,2021-09-14,1R,pAMR0,1,S2213275,S2213275,6,2022-04-05,0R,pAMR0,203,0,future_no_significant_rejection,0,0.49805978813603136
time_only,pair_000981,patient_d66d976aaae8f399,S2140145,S2140145,3,2021-09-14,1R,pAMR0,1,S2228788,S2228788,7,2022-07-12,0R,pAMR0,301,0,future_no_significant_rejection,0,0.496879203988222
time_only,pair_000982,patient_d66d976aaae8f399,S2143764,S2143764,4,2021-10-11,1R,pAMR0,1,S2202567,S2202567,5,2022-01-18,0R,pAMR0,99,0,future_no_significant_rejection,0,0.5002053407684935
time_only,pair_000983,patient_d66d976aaae8f399,S2143764,S2143764,4,2021-10-11,1R,pAMR0,1,S2213275,S2213275,6,2022-04-05,0R,pAMR0,176,0,future_no_significant_rejection,0,0.49848703055598287
time_only,pair_000984,patient_d66d976aaae8f399,S2143764,S2143764,4,2021-10-11,1R,pAMR0,1,S2228788,S2228788,7,2022-07-12,0R,pAMR0,274,0,future_no_significant_rejection,0,0.4971610435699207
time_only,pair_000985,patient_d66d976aaae8f399,S2202567,S2202567,5,2022-01-18,0R,pAMR0,1,S2213275,S2213275,6,2022-04-05,0R,pAMR0,77,0,future_no_significant_rejection,0,0.5009530631543211
time_only,pair_000986,patient_d66d976aaae8f399,S2202567,S2202567,5,2022-01-18,0R,pAMR0,1,S2228788,S2228788,7,2022-07-12,0R,pAMR0,175,0,future_no_significant_rejection,0,0.49850408096140464
time_only,pair_000987,patient_d66d976aaae8f399,S2213275,S2213275,6,2022-04-05,0R,pAMR0,1,S2228788,S2228788,7,2022-07-12,0R,pAMR0,98,0,future_no_significant_rejection,0,0.500235586401639
time_only,pair_000988,patient_d772dd268706e1cf,S2133157,S2133157,1,2021-08-03,1R,pAMR0,1,S2150490,S2150490,2,2021-11-23,1R,pAMR0,112,0,future_no_significant_rejection,0,0.4998375371166086
time_only,pair_000989,patient_d772dd268706e1cf,S2133157,S2133157,1,2021-08-03,1R,pAMR0,1,S2203737,S2203737,3,2022-01-25,0R,pAMR0,175,0,future_no_significant_rejection,0,0.49850408096140464
time_only,pair_000990,patient_d772dd268706e1cf,S2133157,S2133157,1,2021-08-03,1R,pAMR0,1,S2215453,S2215453,4,2022-04-19,1R,pAMR0,259,0,future_no_significant_rejection,0,0.4973298349697579
time_only,pair_000991,patient_d772dd268706e1cf,S2150490,S2150490,2,2021-11-23,1R,pAMR0,1,S2203737,S2203737,3,2022-01-25,0R,pAMR0,63,0,future_no_significant_rejection,0,0.5015483992669716
time_only,pair_000992,patient_d772dd268706e1cf,S2150490,S2150490,2,2021-11-23,1R,pAMR0,1,S2215453,S2215453,4,2022-04-19,1R,pAMR0,147,0,future_no_significant_rejection,0,0.49902552437928677
time_only,pair_000993,patient_d772dd268706e1cf,S2203737,S2203737,3,2022-01-25,0R,pAMR0,1,S2215453,S2215453,4,2022-04-19,1R,pAMR0,84,0,future_no_significant_rejection,0,0.5006944273600402
time_only,pair_000994,patient_d7b8077abb2db045,S2511009,S2511009,1,2025-04-15,0R,pAMR0,2,S2512685,S2512685,2,2025-04-29,0R,pAMR0,14,0,future_no_significant_rejection,0,0.505914287690762
time_only,pair_000995,patient_d7b8077abb2db045,S2511009,S2511009,1,2025-04-15,0R,pAMR0,2,S2520402,S2520402,3,2025-07-08,0R,pAMR0,84,0,future_no_significant_rejection,0,0.5006944273600402
time_only,pair_000996,patient_d7b8077abb2db045,S2511009,S2511009,1,2025-04-15,0R,pAMR0,2,S2525436,S2525436,4,2025-08-19,0R,pAMR0,126,0,future_no_significant_rejection,0,0.4994860397356824
time_only,pair_000997,patient_d7b8077abb2db045,S2511009,S2511009,1,2025-04-15,0R,pAMR0,2,S2530981,S2530981,5,2025-09-30,0R,pAMR0,168,0,future_no_significant_rejection,0,0.49862621793626405
time_only,pair_000998,patient_d7b8077abb2db045,S2512685,S2512685,2,2025-04-29,0R,pAMR0,2,S2520402,S2520402,3,2025-07-08,0R,pAMR0,70,0,future_no_significant_rejection,0,0.5012360339929811
time_only,pair_000999,patient_d7b8077abb2db045,S2512685,S2512685,2,2025-04-29,0R,pAMR0,2,S2525436,S2525436,4,2025-08-19,0R,pAMR0,112,0,future_no_significant_rejection,0,0.4998375371166086
time_only,pair_001000,patient_d7b8077abb2db045,S2512685,S2512685,2,2025-04-29,0R,pAMR0,2,S2530981,S2530981,5,2025-09-30,0R,pAMR0,154,0,future_no_significant_rejection,0,0.4988864513283669
time_only,pair_001001,patient_d7b8077abb2db045,S2520402,S2520402,3,2025-07-08,0R,pAMR0,1,S2525436,S2525436,4,2025-08-19,0R,pAMR0,42,0,future_no_significant_rejection,0,0.5027451700203569
time_only,pair_001002,patient_d7b8077abb2db045,S2520402,S2520402,3,2025-07-08,0R,pAMR0,1,S2530981,S2530981,5,2025-09-30,0R,pAMR0,84,0,future_no_significant_rejection,0,0.5006944273600402
time_only,pair_001003,patient_d7b8077abb2db045,S2525436,S2525436,4,2025-08-19,0R,pAMR0,1,S2530981,S2530981,5,2025-09-30,0R,pAMR0,42,0,future_no_significant_rejection,0,0.5027451700203569
time_only,pair_001004,patient_d82abebcfaf082f8,S2404885,S2404885,1,2024-01-30,0R,pAMR0,1,S2407941,S2407941,2,2024-02-20,0R,pAMR0,21,0,future_no_significant_rejection,0,0.5047618366552327
time_only,pair_001005,patient_d82abebcfaf082f8,S2404885,S2404885,1,2024-01-30,0R,pAMR0,1,S2422844,S2422844,3,2024-08-06,0R,pAMR0,189,0,future_no_significant_rejection,0,0.4982737424431899
time_only,pair_001006,patient_d82abebcfaf082f8,S2407941,S2407941,2,2024-02-20,0R,pAMR0,3,S2422844,S2422844,3,2024-08-06,0R,pAMR0,168,0,future_no_significant_rejection,0,0.49862621793626405
time_only,pair_001007,patient_d8e20f6cc2cd90d6,S2108731,S2108731,1,2021-03-02,1R,pAMR0,1,S2135432,S2135432,2,2021-08-17,0R,pAMR0,168,0,future_no_significant_rejection,0,0.49862621793626405
time_only,pair_001008,patient_d8e20f6cc2cd90d6,S2108731,S2108731,1,2021-03-02,1R,pAMR0,1,S2142818,S2142818,3,2021-10-05,1R,pAMR0,217,0,future_no_significant_rejection,0,0.4978600412860354
time_only,pair_001009,patient_d8e20f6cc2cd90d6,S2135432,S2135432,2,2021-08-17,0R,pAMR0,1,S2142818,S2142818,3,2021-10-05,1R,pAMR0,49,0,future_no_significant_rejection,0,0.5022912927846551
time_only,pair_001025,patient_dd7e0e39c92e25b4,S2143766,S2143766,1,2021-10-12,1R,pAMR0,3,S2150494,S2150494,2,2021-11-23,1R,pAMR0,42,0,future_no_significant_rejection,0,0.5027451700203569
time_only,pair_001026,patient_dd7e0e39c92e25b4,S2143766,S2143766,1,2021-10-12,1R,pAMR0,3,S2154963,S2154963,3,2021-12-21,0R,pAMR0,70,0,future_no_significant_rejection,0,0.5012360339929811
time_only,pair_001027,patient_dd7e0e39c92e25b4,S2143766,S2143766,1,2021-10-12,1R,pAMR0,3,S2203735,S2203735,4,2022-01-25,0R,pAMR0,105,0,future_no_significant_rejection,0,0.500029985410016
time_only,pair_001028,patient_dd7e0e39c92e25b4,S2143766,S2143766,1,2021-10-12,1R,pAMR0,3,S2210200,S2210200,5,2022-03-15,1R,pAMR0,154,0,future_no_significant_rejection,0,0.4988864513283669
time_only,pair_001029,patient_dd7e0e39c92e25b4,S2143766,S2143766,1,2021-10-12,1R,pAMR0,3,S2229969,S2229969,6,2022-07-18,0R,pAMR0,279,0,future_no_significant_rejection,0,0.4971068201773762
time_only,pair_001030,patient_dd7e0e39c92e25b4,S2143766,S2143766,1,2021-10-12,1R,pAMR0,3,S2240724,S2240724,7,2022-09-27,1R,pAMR0,350,0,future_no_significant_rejection,0,0.4964267309322298
time_only,pair_001031,patient_dd7e0e39c92e25b4,S2150494,S2150494,2,2021-11-23,1R,pAMR0,1,S2154963,S2154963,3,2021-12-21,0R,pAMR0,28,0,future_no_significant_rejection,0,0.5039305383989887
time_only,pair_001032,patient_dd7e0e39c92e25b4,S2150494,S2150494,2,2021-11-23,1R,pAMR0,1,S2203735,S2203735,4,2022-01-25,0R,pAMR0,63,0,future_no_significant_rejection,0,0.5015483992669716
time_only,pair_001033,patient_dd7e0e39c92e25b4,S2150494,S2150494,2,2021-11-23,1R,pAMR0,1,S2210200,S2210200,5,2022-03-15,1R,pAMR0,112,0,future_no_significant_rejection,0,0.4998375371166086
time_only,pair_001034,patient_dd7e0e39c92e25b4,S2150494,S2150494,2,2021-11-23,1R,pAMR0,1,S2229969,S2229969,6,2022-07-18,0R,pAMR0,237,0,future_no_significant_rejection,0,0.49759589344048716
time_only,pair_001035,patient_dd7e0e39c92e25b4,S2150494,S2150494,2,2021-11-23,1R,pAMR0,1,S2240724,S2240724,7,2022-09-27,1R,pAMR0,308,0,future_no_significant_rejection,0,0.4968102482009043
time_only,pair_001036,patient_dd7e0e39c92e25b4,S2154963,S2154963,3,2021-12-21,0R,pAMR0,1,S2203735,S2203735,4,2022-01-25,0R,pAMR0,35,0,future_no_significant_rejection,0,0.5032798670922982
time_only,pair_001037,patient_dd7e0e39c92e25b4,S2154963,S2154963,3,2021-12-21,0R,pAMR0,1,S2210200,S2210200,5,2022-03-15,1R,pAMR0,84,0,future_no_significant_rejection,0,0.5006944273600402
time_only,pair_001038,patient_dd7e0e39c92e25b4,S2154963,S2154963,3,2021-12-21,0R,pAMR0,1,S2229969,S2229969,6,2022-07-18,0R,pAMR0,209,0,future_no_significant_rejection,0,0.4979725539594509
time_only,pair_001039,patient_dd7e0e39c92e25b4,S2154963,S2154963,3,2021-12-21,0R,pAMR0,1,S2240724,S2240724,7,2022-09-27,1R,pAMR0,280,0,future_no_significant_rejection,0,0.4970960917716561
time_only,pair_001040,patient_dd7e0e39c92e25b4,S2203735,S2203735,4,2022-01-25,0R,pAMR0,1,S2210200,S2210200,5,2022-03-15,1R,pAMR0,49,0,future_no_significant_rejection,0,0.5022912927846551
time_only,pair_001041,patient_dd7e0e39c92e25b4,S2203735,S2203735,4,2022-01-25,0R,pAMR0,1,S2229969,S2229969,6,2022-07-18,0R,pAMR0,174,0,future_no_significant_rejection,0,0.49852122852416664
time_only,pair_001042,patient_dd7e0e39c92e25b4,S2203735,S2203735,4,2022-01-25,0R,pAMR0,1,S2240724,S2240724,7,2022-09-27,1R,pAMR0,245,0,future_no_significant_rejection,0,0.49749640195750455
time_only,pair_001043,patient_dd7e0e39c92e25b4,S2210200,S2210200,5,2022-03-15,1R,pAMR0,1,S2229969,S2229969,6,2022-07-18,0R,pAMR0,125,0,future_no_significant_rejection,0,0.49950982968342567
time_only,pair_001044,patient_dd7e0e39c92e25b4,S2210200,S2210200,5,2022-03-15,1R,pAMR0,1,S2240724,S2240724,7,2022-09-27,1R,pAMR0,196,0,future_no_significant_rejection,0,0.4981648641961751
time_only,pair_001045,patient_dd7e0e39c92e25b4,S2229969,S2229969,6,2022-07-18,0R,pAMR0,1,S2240724,S2240724,7,2022-09-27,1R,pAMR0,71,0,future_no_significant_rejection,0,0.5011939438246249
time_only,pair_001046,patient_dfafa5c41a0ad944,S2129801,S2129801,1,2021-07-13,1R,pAMR0,3,S2144967,S2144967,2,2021-10-19,0R,pAMR0,98,0,future_no_significant_rejection,0,0.500235586401639
time_only,pair_001047,patient_dfafa5c41a0ad944,S2129801,S2129801,1,2021-07-13,1R,pAMR0,3,S2209229,S2209229,3,2022-03-08,1R,pAMR0,238,0,future_no_significant_rejection,0,0.4975832756198542
time_only,pair_001048,patient_dfafa5c41a0ad944,S2144967,S2144967,2,2021-10-19,0R,pAMR0,1,S2209229,S2209229,3,2022-03-08,1R,pAMR0,140,0,future_no_significant_rejection,0,0.49917133726997426
time_only,pair_001087,patient_e918692d7c80e65c,S2327689,S2327689,1,2023-06-28,0R,pAMR0,1,S2330980,S2330980,2,2023-07-18,0R,pAMR0,20,0,future_no_significant_rejection,0,0.5049018216482729
time_only,pair_001088,patient_e918692d7c80e65c,S2327689,S2327689,1,2023-06-28,0R,pAMR0,1,S2337812,S2337812,3,2023-08-30,0R,pAMR0,63,0,future_no_significant_rejection,0,0.5015483992669716
time_only,pair_001089,patient_e918692d7c80e65c,S2327689,S2327689,1,2023-06-28,0R,pAMR0,1,S2342016,S2342016,4,2023-09-26,0R,pAMR0,90,0,future_no_significant_rejection,0,0.5004891606684013
time_only,pair_001090,patient_e918692d7c80e65c,S2330980,S2330980,2,2023-07-18,0R,pAMR0,1,S2337812,S2337812,3,2023-08-30,0R,pAMR0,43,0,future_no_significant_rejection,0,0.5026759870354554
time_only,pair_001091,patient_e918692d7c80e65c,S2330980,S2330980,2,2023-07-18,0R,pAMR0,1,S2342016,S2342016,4,2023-09-26,0R,pAMR0,70,0,future_no_significant_rejection,0,0.5012360339929811
time_only,pair_001092,patient_e918692d7c80e65c,S2337812,S2337812,3,2023-08-30,0R,pAMR0,1,S2342016,S2342016,4,2023-09-26,0R,pAMR0,27,0,future_no_significant_rejection,0,0.5040361360667222
time_only,pair_001093,patient_e9984333ac68159c,S2228790,S2228790,1,2022-07-12,0R,pAMR0,1,S2232191,S2232191,2,2022-08-02,1R,pAMR0,21,0,future_no_significant_rejection,0,0.5047618366552327
time_only,pair_001094,patient_e9984333ac68159c,S2228790,S2228790,1,2022-07-12,0R,pAMR0,1,S2236493,S2236493,3,2022-08-30,1R,pAMR0,49,0,future_no_significant_rejection,0,0.5022912927846551
time_only,pair_001095,patient_e9984333ac68159c,S2228790,S2228790,1,2022-07-12,0R,pAMR0,1,S2247859,S2247859,4,2022-11-15,1R,pAMR0,126,0,future_no_significant_rejection,0,0.4994860397356824
time_only,pair_001096,patient_e9984333ac68159c,S2228790,S2228790,1,2022-07-12,0R,pAMR0,1,S2313440,S2313440,5,2023-03-28,0R,pAMR0,259,0,future_no_significant_rejection,0,0.4973298349697579
time_only,pair_001097,patient_e9984333ac68159c,S2232191,S2232191,2,2022-08-02,1R,pAMR0,2,S2236493,S2236493,3,2022-08-30,1R,pAMR0,28,0,future_no_significant_rejection,0,0.5039305383989887
time_only,pair_001098,patient_e9984333ac68159c,S2232191,S2232191,2,2022-08-02,1R,pAMR0,2,S2247859,S2247859,4,2022-11-15,1R,pAMR0,105,0,future_no_significant_rejection,0,0.500029985410016
time_only,pair_001099,patient_e9984333ac68159c,S2232191,S2232191,2,2022-08-02,1R,pAMR0,2,S2313440,S2313440,5,2023-03-28,0R,pAMR0,238,0,future_no_significant_rejection,0,0.4975832756198542
time_only,pair_001100,patient_e9984333ac68159c,S2236493,S2236493,3,2022-08-30,1R,pAMR0,3,S2247859,S2247859,4,2022-11-15,1R,pAMR0,77,0,future_no_significant_rejection,0,0.5009530631543211
time_only,pair_001101,patient_e9984333ac68159c,S2236493,S2236493,3,2022-08-30,1R,pAMR0,3,S2313440,S2313440,5,2023-03-28,0R,pAMR0,210,0,future_no_significant_rejection,0,0.4979582576574027
time_only,pair_001102,patient_e9984333ac68159c,S2247859,S2247859,4,2022-11-15,1R,pAMR0,1,S2313440,S2313440,5,2023-03-28,0R,pAMR0,133,0,future_no_significant_rejection,0,0.49932457664435187
time_only,pair_001112,patient_f1bc2d6d2b5c3421,S2344462,S2344462,1,2023-10-17,0R,pAMR0,1,S2347457,S2347457,2,2023-11-07,1R,pAMR0,21,0,future_no_significant_rejection,0,0.5047618366552327
time_only,pair_001113,patient_f1bc2d6d2b5c3421,S2344462,S2344462,1,2023-10-17,0R,pAMR0,1,S2352826,S2352826,3,2023-12-12,0R,pAMR0,56,0,future_no_significant_rejection,0,0.5018969812051851
time_only,pair_001114,patient_f1bc2d6d2b5c3421,S2344462,S2344462,1,2023-10-17,0R,pAMR0,1,S2403702,S2403702,4,2024-01-23,1R,pAMR0,98,0,future_no_significant_rejection,0,0.500235586401639
time_only,pair_001115,patient_f1bc2d6d2b5c3421,S2344462,S2344462,1,2023-10-17,0R,pAMR0,1,S2409928,S2409928,5,2024-03-19,0R,pAMR0,154,0,future_no_significant_rejection,0,0.4988864513283669
time_only,pair_001116,patient_f1bc2d6d2b5c3421,S2344462,S2344462,1,2023-10-17,0R,pAMR0,1,S2415692,S2415692,6,2024-05-28,0R,pAMR0,224,0,future_no_significant_rejection,0,0.49776492950058265
time_only,pair_001117,patient_f1bc2d6d2b5c3421,S2347457,S2347457,2,2023-11-07,1R,pAMR0,2,S2352826,S2352826,3,2023-12-12,0R,pAMR0,35,0,future_no_significant_rejection,0,0.5032798670922982
time_only,pair_001118,patient_f1bc2d6d2b5c3421,S2347457,S2347457,2,2023-11-07,1R,pAMR0,2,S2403702,S2403702,4,2024-01-23,1R,pAMR0,77,0,future_no_significant_rejection,0,0.5009530631543211
time_only,pair_001119,patient_f1bc2d6d2b5c3421,S2347457,S2347457,2,2023-11-07,1R,pAMR0,2,S2409928,S2409928,5,2024-03-19,0R,pAMR0,133,0,future_no_significant_rejection,0,0.49932457664435187
time_only,pair_001120,patient_f1bc2d6d2b5c3421,S2347457,S2347457,2,2023-11-07,1R,pAMR0,2,S2415692,S2415692,6,2024-05-28,0R,pAMR0,203,0,future_no_significant_rejection,0,0.49805978813603136
time_only,pair_001121,patient_f1bc2d6d2b5c3421,S2352826,S2352826,3,2023-12-12,0R,pAMR0,1,S2403702,S2403702,4,2024-01-23,1R,pAMR0,42,0,future_no_significant_rejection,0,0.5027451700203569
time_only,pair_001122,patient_f1bc2d6d2b5c3421,S2352826,S2352826,3,2023-12-12,0R,pAMR0,1,S2409928,S2409928,5,2024-03-19,0R,pAMR0,98,0,future_no_significant_rejection,0,0.500235586401639
time_only,pair_001123,patient_f1bc2d6d2b5c3421,S2352826,S2352826,3,2023-12-12,0R,pAMR0,1,S2415692,S2415692,6,2024-05-28,0R,pAMR0,168,0,future_no_significant_rejection,0,0.49862621793626405
time_only,pair_001124,patient_f1bc2d6d2b5c3421,S2403702,S2403702,4,2024-01-23,1R,pAMR0,2,S2409928,S2409928,5,2024-03-19,0R,pAMR0,56,0,future_no_significant_rejection,0,0.5018969812051851
time_only,pair_001125,patient_f1bc2d6d2b5c3421,S2403702,S2403702,4,2024-01-23,1R,pAMR0,2,S2415692,S2415692,6,2024-05-28,0R,pAMR0,126,0,future_no_significant_rejection,0,0.4994860397356824
time_only,pair_001126,patient_f1bc2d6d2b5c3421,S2409928,S2409928,5,2024-03-19,0R,pAMR0,1,S2415692,S2415692,6,2024-05-28,0R,pAMR0,70,0,future_no_significant_rejection,0,0.5012360339929811
time_only,pair_001142,patient_f73f7e4dab64291c,S2411029,S2411029,1,2024-04-02,0R,pAMR0,1,S2415690,S2415690,2,2024-05-28,0R,pAMR0,56,0,future_no_significant_rejection,0,0.5018969812051851
time_only,pair_001143,patient_f73f7e4dab64291c,S2411029,S2411029,1,2024-04-02,0R,pAMR0,1,S2419850,S2419850,3,2024-07-09,0R,pAMR0,98,0,future_no_significant_rejection,0,0.500235586401639
time_only,pair_001144,patient_f73f7e4dab64291c,S2411029,S2411029,1,2024-04-02,0R,pAMR0,1,S2425034,S2425034,4,2024-08-27,0R,pAMR0,147,0,future_no_significant_rejection,0,0.49902552437928677
time_only,pair_001145,patient_f73f7e4dab64291c,S2415690,S2415690,2,2024-05-28,0R,pAMR0,2,S2419850,S2419850,3,2024-07-09,0R,pAMR0,42,0,future_no_significant_rejection,0,0.5027451700203569
time_only,pair_001146,patient_f73f7e4dab64291c,S2415690,S2415690,2,2024-05-28,0R,pAMR0,2,S2425034,S2425034,4,2024-08-27,0R,pAMR0,91,0,future_no_significant_rejection,0,0.5004562705807927
time_only,pair_001147,patient_f73f7e4dab64291c,S2419850,S2419850,3,2024-07-09,0R,pAMR0,2,S2425034,S2425034,4,2024-08-27,0R,pAMR0,49,0,future_no_significant_rejection,0,0.5022912927846551
time_only,pair_001158,patient_fc51a062525b3f86,S2043434,S2043434,1,2020-11-03,0R,pAMR0,3,S2130900,S2130900,2,2021-07-20,1R,pAMR0,259,0,future_no_significant_rejection,0,0.4973298349697579
time_only,pair_001159,patient_fc51a062525b3f86,S2043434,S2043434,1,2020-11-03,0R,pAMR0,3,S2144970,S2144970,3,2021-10-19,1R,pAMR0,350,0,future_no_significant_rejection,0,0.4964267309322298
time_only,pair_001160,patient_fc51a062525b3f86,S2130900,S2130900,2,2021-07-20,1R,pAMR0,1,S2144970,S2144970,3,2021-10-19,1R,pAMR0,91,0,future_no_significant_rejection,0,0.5004562705807927
time_only,pair_000001,patient_005b214a5e658965,S2135430,S2135430,1,2021-08-17,0R,pAMR0,1,S2149398,S2149398,2,2021-11-16,1R,pAMR0,91,0,future_no_significant_rejection,1,0.49751846925210486
time_only,pair_000005,patient_0941abb556cbec79,S2306849,S2306849,1,2023-02-14,1R,pAMR0,6,S2309075,S2309075,2,2023-02-28,1R,pAMR0,14,0,future_no_significant_rejection,1,0.4708310920035091
time_only,pair_000006,patient_0941abb556cbec79,S2306849,S2306849,1,2023-02-14,1R,pAMR0,6,S2313664,S2313664,3,2023-03-29,0R,pAMR0,43,0,future_no_significant_rejection,1,0.4866550994342669
time_only,pair_000007,patient_0941abb556cbec79,S2306849,S2306849,1,2023-02-14,1R,pAMR0,6,S2319879,S2319879,4,2023-05-09,0R,pAMR0,84,0,future_no_significant_rejection,1,0.49635263983379285
time_only,pair_000008,patient_0941abb556cbec79,S2306849,S2306849,1,2023-02-14,1R,pAMR0,6,S2334389,S2334389,5,2023-08-08,1R,pAMR0,175,0,future_no_significant_rejection,1,0.5070747439318911
time_only,pair_000009,patient_0941abb556cbec79,S2306849,S2306849,1,2023-02-14,1R,pAMR0,6,S2347458,S2347458,6,2023-11-07,0R,pAMR0,266,0,future_no_significant_rejection,1,0.5132120365660126
time_only,pair_000010,patient_0941abb556cbec79,S2306849,S2306849,1,2023-02-14,1R,pAMR0,6,S2406040,S2406040,7,2024-02-06,0R,pAMR0,357,0,future_no_significant_rejection,1,0.5175286755305221
time_only,pair_000011,patient_0941abb556cbec79,S2309075,S2309075,2,2023-02-28,1R,pAMR0,5,S2313664,S2313664,3,2023-03-29,0R,pAMR0,29,0,future_no_significant_rejection,1,0.48101870371273175
time_only,pair_000012,patient_0941abb556cbec79,S2309075,S2309075,2,2023-02-28,1R,pAMR0,5,S2319879,S2319879,4,2023-05-09,0R,pAMR0,70,0,future_no_significant_rejection,1,0.4937015182595153
time_only,pair_000013,patient_0941abb556cbec79,S2309075,S2309075,2,2023-02-28,1R,pAMR0,5,S2334389,S2334389,5,2023-08-08,1R,pAMR0,161,0,future_no_significant_rejection,1,0.5058538238316267
time_only,pair_000014,patient_0941abb556cbec79,S2309075,S2309075,2,2023-02-28,1R,pAMR0,5,S2347458,S2347458,6,2023-11-07,0R,pAMR0,252,0,future_no_significant_rejection,1,0.5124190892456877
time_only,pair_000015,patient_0941abb556cbec79,S2309075,S2309075,2,2023-02-28,1R,pAMR0,5,S2406040,S2406040,7,2024-02-06,0R,pAMR0,343,0,future_no_significant_rejection,1,0.5169416833765115
time_only,pair_000016,patient_0941abb556cbec79,S2313664,S2313664,3,2023-03-29,0R,pAMR0,1,S2319879,S2319879,4,2023-05-09,0R,pAMR0,41,0,future_no_significant_rejection,1,0.4859702668856458
time_only,pair_000017,patient_0941abb556cbec79,S2313664,S2313664,3,2023-03-29,0R,pAMR0,1,S2334389,S2334389,5,2023-08-08,1R,pAMR0,132,0,future_no_significant_rejection,1,0.5029481546286448
time_only,pair_000018,patient_0941abb556cbec79,S2313664,S2313664,3,2023-03-29,0R,pAMR0,1,S2347458,S2347458,6,2023-11-07,0R,pAMR0,223,0,future_no_significant_rejection,1,0.5106264844416399
time_only,pair_000019,patient_0941abb556cbec79,S2313664,S2313664,3,2023-03-29,0R,pAMR0,1,S2406040,S2406040,7,2024-02-06,0R,pAMR0,314,0,future_no_significant_rejection,1,0.5156456038361384
time_only,pair_000020,patient_0941abb556cbec79,S2319879,S2319879,4,2023-05-09,0R,pAMR0,5,S2334389,S2334389,5,2023-08-08,1R,pAMR0,91,0,future_no_significant_rejection,1,0.49751846925210486
time_only,pair_000021,patient_0941abb556cbec79,S2319879,S2319879,4,2023-05-09,0R,pAMR0,5,S2347458,S2347458,6,2023-11-07,0R,pAMR0,182,0,future_no_significant_rejection,1,0.5076492102933853
time_only,pair_000022,patient_0941abb556cbec79,S2319879,S2319879,4,2023-05-09,0R,pAMR0,5,S2406040,S2406040,7,2024-02-06,0R,pAMR0,273,0,future_no_significant_rejection,1,0.5135930260676559
time_only,pair_000023,patient_0941abb556cbec79,S2334389,S2334389,5,2023-08-08,1R,pAMR0,2,S2347458,S2347458,6,2023-11-07,0R,pAMR0,91,0,future_no_significant_rejection,1,0.49751846925210486
time_only,pair_000024,patient_0941abb556cbec79,S2334389,S2334389,5,2023-08-08,1R,pAMR0,2,S2406040,S2406040,7,2024-02-06,0R,pAMR0,182,0,future_no_significant_rejection,1,0.5076492102933853
time_only,pair_000025,patient_0941abb556cbec79,S2347458,S2347458,6,2023-11-07,0R,pAMR0,2,S2406040,S2406040,7,2024-02-06,0R,pAMR0,91,0,future_no_significant_rejection,1,0.49751846925210486
time_only,pair_000026,patient_0cf9d90c530cbd0b,S2129802,S2129802,1,2021-07-12,1R,pAMR0,3,S2135431,S2135431,2,2021-08-17,1R,pAMR0,36,0,future_no_significant_rejection,1,0.4841045987506429
time_only,pair_000027,patient_0cf9d90c530cbd0b,S2129802,S2129802,1,2021-07-12,1R,pAMR0,3,S2141805,S2141805,3,2021-09-28,1R,pAMR0,78,0,future_no_significant_rejection,1,0.4952742622834098
time_only,pair_000028,patient_0cf9d90c530cbd0b,S2129802,S2129802,1,2021-07-12,1R,pAMR0,3,S2149394,S2149394,4,2021-11-16,1R,pAMR0,127,0,future_no_significant_rejection,1,0.5023836462200171
time_only,pair_000029,patient_0cf9d90c530cbd0b,S2129802,S2129802,1,2021-07-12,1R,pAMR0,3,S2156022,S2156022,5,2021-12-28,0R,pAMR0,169,0,future_no_significant_rejection,1,0.506563841422986
time_only,pair_000030,patient_0cf9d90c530cbd0b,S2129802,S2129802,1,2021-07-12,1R,pAMR0,3,S2210199,S2210199,6,2022-03-15,0R,pAMR0,246,0,future_no_significant_rejection,1,0.5120657093729957
time_only,pair_000031,patient_0cf9d90c530cbd0b,S2129802,S2129802,1,2021-07-12,1R,pAMR0,3,S2224007,S2224007,7,2022-06-14,0R,pAMR0,337,0,future_no_significant_rejection,1,0.5166827506447109
time_only,pair_000032,patient_0cf9d90c530cbd0b,S2135431,S2135431,2,2021-08-17,1R,pAMR0,1,S2141805,S2141805,3,2021-09-28,1R,pAMR0,42,0,future_no_significant_rejection,1,0.4863166586809092
time_only,pair_000033,patient_0cf9d90c530cbd0b,S2135431,S2135431,2,2021-08-17,1R,pAMR0,1,S2149394,S2149394,4,2021-11-16,1R,pAMR0,91,0,future_no_significant_rejection,1,0.49751846925210486
time_only,pair_000034,patient_0cf9d90c530cbd0b,S2135431,S2135431,2,2021-08-17,1R,pAMR0,1,S2156022,S2156022,5,2021-12-28,0R,pAMR0,133,0,future_no_significant_rejection,1,0.5030585053744006
time_only,pair_000035,patient_0cf9d90c530cbd0b,S2135431,S2135431,2,2021-08-17,1R,pAMR0,1,S2210199,S2210199,6,2022-03-15,0R,pAMR0,210,0,future_no_significant_rejection,1,0.5097460374526992
time_only,pair_000036,patient_0cf9d90c530cbd0b,S2135431,S2135431,2,2021-08-17,1R,pAMR0,1,S2224007,S2224007,7,2022-06-14,0R,pAMR0,301,0,future_no_significant_rejection,1,0.5150252865976072
time_only,pair_000037,patient_0cf9d90c530cbd0b,S2141805,S2141805,3,2021-09-28,1R,pAMR0,1,S2149394,S2149394,4,2021-11-16,1R,pAMR0,49,0,future_no_significant_rejection,1,0.4885372161482918
time_only,pair_000038,patient_0cf9d90c530cbd0b,S2141805,S2141805,3,2021-09-28,1R,pAMR0,1,S2156022,S2156022,5,2021-12-28,0R,pAMR0,91,0,future_no_significant_rejection,1,0.49751846925210486
time_only,pair_000039,patient_0cf9d90c530cbd0b,S2141805,S2141805,3,2021-09-28,1R,pAMR0,1,S2210199,S2210199,6,2022-03-15,0R,pAMR0,168,0,future_no_significant_rejection,1,0.506476939803158
time_only,pair_000040,patient_0cf9d90c530cbd0b,S2141805,S2141805,3,2021-09-28,1R,pAMR0,1,S2224007,S2224007,7,2022-06-14,0R,pAMR0,259,0,future_no_significant_rejection,1,0.5128209087592088
time_only,pair_000041,patient_0cf9d90c530cbd0b,S2149394,S2149394,4,2021-11-16,1R,pAMR0,1,S2156022,S2156022,5,2021-12-28,0R,pAMR0,42,0,future_no_significant_rejection,1,0.4863166586809092
time_only,pair_000042,patient_0cf9d90c530cbd0b,S2149394,S2149394,4,2021-11-16,1R,pAMR0,1,S2210199,S2210199,6,2022-03-15,0R,pAMR0,119,0,future_no_significant_rejection,1,0.5014328603219114
time_only,pair_000043,patient_0cf9d90c530cbd0b,S2149394,S2149394,4,2021-11-16,1R,pAMR0,1,S2224007,S2224007,7,2022-06-14,0R,pAMR0,210,0,future_no_significant_rejection,1,0.5097460374526992
time_only,pair_000044,patient_0cf9d90c530cbd0b,S2156022,S2156022,5,2021-12-28,0R,pAMR0,1,S2210199,S2210199,6,2022-03-15,0R,pAMR0,77,0,future_no_significant_rejection,1,0.4950866047356783
time_only,pair_000045,patient_0cf9d90c530cbd0b,S2156022,S2156022,5,2021-12-28,0R,pAMR0,1,S2224007,S2224007,7,2022-06-14,0R,pAMR0,168,0,future_no_significant_rejection,1,0.506476939803158
time_only,pair_000046,patient_0cf9d90c530cbd0b,S2210199,S2210199,6,2022-03-15,0R,pAMR0,1,S2224007,S2224007,7,2022-06-14,0R,pAMR0,91,0,future_no_significant_rejection,1,0.49751846925210486
time_only,pair_000068,patient_19d05fccc0aac48d,S2026723,S2026723,1,2020-07-07,1R,pAMR0,3,S2028920,S2028920,2,2020-07-21,1R,pAMR1,14,1,future_significant_rejection,1,0.4708310920035091
time_only,pair_000094,patient_1db7fb03763dab37,S2416977,S2416977,1,2024-06-11,0R,pAMR0,2,S2420601,S2420601,2,2024-07-16,0R,pAMR0,35,0,future_no_significant_rejection,1,0.48370136757875287
time_only,pair_000095,patient_1db7fb03763dab37,S2416977,S2416977,1,2024-06-11,0R,pAMR0,2,S2423618,S2423618,3,2024-08-13,0R,pAMR0,63,0,future_no_significant_rejection,1,0.49217266039675694
time_only,pair_000096,patient_1db7fb03763dab37,S2416977,S2416977,1,2024-06-11,0R,pAMR0,2,S2429063,S2429063,4,2024-10-08,0R,pAMR0,119,0,future_no_significant_rejection,1,0.5014328603219114
time_only,pair_000097,patient_1db7fb03763dab37,S2416977,S2416977,1,2024-06-11,0R,pAMR0,2,S2433341,S2433341,5,2024-11-19,0R,pAMR0,161,0,future_no_significant_rejection,1,0.5058538238316267
time_only,pair_000098,patient_1db7fb03763dab37,S2416977,S2416977,1,2024-06-11,0R,pAMR0,2,S2513847,S2513847,6,2025-05-13,0R,pAMR0,336,0,future_no_significant_rejection,1,0.5166391478593695
time_only,pair_000099,patient_1db7fb03763dab37,S2420601,S2420601,2,2024-07-16,0R,pAMR0,2,S2423618,S2423618,3,2024-08-13,0R,pAMR0,28,0,future_no_significant_rejection,1,0.48051999517441435
time_only,pair_000100,patient_1db7fb03763dab37,S2420601,S2420601,2,2024-07-16,0R,pAMR0,2,S2429063,S2429063,4,2024-10-08,0R,pAMR0,84,0,future_no_significant_rejection,1,0.49635263983379285
time_only,pair_000101,patient_1db7fb03763dab37,S2420601,S2420601,2,2024-07-16,0R,pAMR0,2,S2433341,S2433341,5,2024-11-19,0R,pAMR0,126,0,future_no_significant_rejection,1,0.502268100777338
time_only,pair_000102,patient_1db7fb03763dab37,S2420601,S2420601,2,2024-07-16,0R,pAMR0,2,S2513847,S2513847,6,2025-05-13,0R,pAMR0,301,0,future_no_significant_rejection,1,0.5150252865976072
time_only,pair_000103,patient_1db7fb03763dab37,S2423618,S2423618,3,2024-08-13,0R,pAMR0,2,S2429063,S2429063,4,2024-10-08,0R,pAMR0,56,0,future_no_significant_rejection,1,0.49046670878708254
time_only,pair_000104,patient_1db7fb03763dab37,S2423618,S2423618,3,2024-08-13,0R,pAMR0,2,S2433341,S2433341,5,2024-11-19,0R,pAMR0,98,0,future_no_significant_rejection,1,0.4985987899263329
time_only,pair_000105,patient_1db7fb03763dab37,S2423618,S2423618,3,2024-08-13,0R,pAMR0,2,S2513847,S2513847,6,2025-05-13,0R,pAMR0,273,0,future_no_significant_rejection,1,0.5135930260676559
time_only,pair_000106,patient_1db7fb03763dab37,S2429063,S2429063,4,2024-10-08,0R,pAMR0,2,S2433341,S2433341,5,2024-11-19,0R,pAMR0,42,0,future_no_significant_rejection,1,0.4863166586809092
time_only,pair_000107,patient_1db7fb03763dab37,S2429063,S2429063,4,2024-10-08,0R,pAMR0,2,S2513847,S2513847,6,2025-05-13,0R,pAMR0,217,0,future_no_significant_rejection,1,0.5102266622320902
time_only,pair_000108,patient_1db7fb03763dab37,S2433341,S2433341,5,2024-11-19,0R,pAMR0,2,S2513847,S2513847,6,2025-05-13,0R,pAMR0,175,0,future_no_significant_rejection,1,0.5070747439318911
time_only,pair_000109,patient_1f1d5d53d578938e,S2433344,S2433344,1,2024-11-19,0R,pAMR0,2,S2434919,S2434919,2,2024-12-03,0R,pAMR0,14,0,future_no_significant_rejection,1,0.4708310920035091
time_only,pair_000110,patient_1f1d5d53d578938e,S2433344,S2433344,1,2024-11-19,0R,pAMR0,2,S2500522,S2500522,3,2025-01-07,0R,pAMR0,49,0,future_no_significant_rejection,1,0.4885372161482918
time_only,pair_000111,patient_1f1d5d53d578938e,S2433344,S2433344,1,2024-11-19,0R,pAMR0,2,S2503983,S2503983,4,2025-02-11,0R,pAMR0,84,0,future_no_significant_rejection,1,0.49635263983379285
time_only,pair_000112,patient_1f1d5d53d578938e,S2433344,S2433344,1,2024-11-19,0R,pAMR0,2,S2507799,S2507799,5,2025-03-18,0R,pAMR0,119,0,future_no_significant_rejection,1,0.5014328603219114
time_only,pair_000113,patient_1f1d5d53d578938e,S2433344,S2433344,1,2024-11-19,0R,pAMR0,2,S2511859,S2511859,6,2025-04-22,0R,pAMR0,154,0,future_no_significant_rejection,1,0.5052031604038506
time_only,pair_000114,patient_1f1d5d53d578938e,S2433344,S2433344,1,2024-11-19,0R,pAMR0,2,S2522980,S2522980,7,2025-07-29,0R,pAMR0,252,0,future_no_significant_rejection,1,0.5124190892456877
time_only,pair_000115,patient_1f1d5d53d578938e,S2434919,S2434919,2,2024-12-03,0R,pAMR0,2,S2500522,S2500522,3,2025-01-07,0R,pAMR0,35,0,future_no_significant_rejection,1,0.48370136757875287
time_only,pair_000116,patient_1f1d5d53d578938e,S2434919,S2434919,2,2024-12-03,0R,pAMR0,2,S2503983,S2503983,4,2025-02-11,0R,pAMR0,70,0,future_no_significant_rejection,1,0.4937015182595153
time_only,pair_000117,patient_1f1d5d53d578938e,S2434919,S2434919,2,2024-12-03,0R,pAMR0,2,S2507799,S2507799,5,2025-03-18,0R,pAMR0,105,0,future_no_significant_rejection,1,0.4996052850688522
time_only,pair_000118,patient_1f1d5d53d578938e,S2434919,S2434919,2,2024-12-03,0R,pAMR0,2,S2511859,S2511859,6,2025-04-22,0R,pAMR0,140,0,future_no_significant_rejection,1,0.5038086392576772
time_only,pair_000119,patient_1f1d5d53d578938e,S2434919,S2434919,2,2024-12-03,0R,pAMR0,2,S2522980,S2522980,7,2025-07-29,0R,pAMR0,238,0,future_no_significant_rejection,1,0.5115809232507132
time_only,pair_000120,patient_1f1d5d53d578938e,S2500522,S2500522,3,2025-01-07,0R,pAMR0,7,S2503983,S2503983,4,2025-02-11,0R,pAMR0,35,0,future_no_significant_rejection,1,0.48370136757875287
time_only,pair_000121,patient_1f1d5d53d578938e,S2500522,S2500522,3,2025-01-07,0R,pAMR0,7,S2507799,S2507799,5,2025-03-18,0R,pAMR0,70,0,future_no_significant_rejection,1,0.4937015182595153
time_only,pair_000122,patient_1f1d5d53d578938e,S2500522,S2500522,3,2025-01-07,0R,pAMR0,7,S2511859,S2511859,6,2025-04-22,0R,pAMR0,105,0,future_no_significant_rejection,1,0.4996052850688522
time_only,pair_000123,patient_1f1d5d53d578938e,S2500522,S2500522,3,2025-01-07,0R,pAMR0,7,S2522980,S2522980,7,2025-07-29,0R,pAMR0,203,0,future_no_significant_rejection,1,0.5092491768695206
time_only,pair_000124,patient_1f1d5d53d578938e,S2503983,S2503983,4,2025-02-11,0R,pAMR0,2,S2507799,S2507799,5,2025-03-18,0R,pAMR0,35,0,future_no_significant_rejection,1,0.48370136757875287
time_only,pair_000125,patient_1f1d5d53d578938e,S2503983,S2503983,4,2025-02-11,0R,pAMR0,2,S2511859,S2511859,6,2025-04-22,0R,pAMR0,70,0,future_no_significant_rejection,1,0.4937015182595153
time_only,pair_000126,patient_1f1d5d53d578938e,S2503983,S2503983,4,2025-02-11,0R,pAMR0,2,S2522980,S2522980,7,2025-07-29,0R,pAMR0,168,0,future_no_significant_rejection,1,0.506476939803158
time_only,pair_000127,patient_1f1d5d53d578938e,S2507799,S2507799,5,2025-03-18,0R,pAMR0,1,S2511859,S2511859,6,2025-04-22,0R,pAMR0,35,0,future_no_significant_rejection,1,0.48370136757875287
time_only,pair_000128,patient_1f1d5d53d578938e,S2507799,S2507799,5,2025-03-18,0R,pAMR0,1,S2522980,S2522980,7,2025-07-29,0R,pAMR0,133,0,future_no_significant_rejection,1,0.5030585053744006
time_only,pair_000129,patient_1f1d5d53d578938e,S2511859,S2511859,6,2025-04-22,0R,pAMR0,1,S2522980,S2522980,7,2025-07-29,0R,pAMR0,98,0,future_no_significant_rejection,1,0.4985987899263329
time_only,pair_000152,patient_23ee3df4f656b033,S2154954,S2154954,1,2021-12-20,0R,pAMR0,1,S2202563,S2202563,2,2022-01-18,0R,pAMR0,29,0,future_no_significant_rejection,1,0.48101870371273175
time_only,pair_000153,patient_23ee3df4f656b033,S2154954,S2154954,1,2021-12-20,0R,pAMR0,1,S2207352,S2207352,3,2022-02-22,0R,pAMR0,64,0,future_no_significant_rejection,1,0.49240101816724674
time_only,pair_000154,patient_23ee3df4f656b033,S2154954,S2154954,1,2021-12-20,0R,pAMR0,1,S2213276,S2213276,4,2022-04-05,0R,pAMR0,106,0,future_no_significant_rejection,1,0.4997436173616005
time_only,pair_000155,patient_23ee3df4f656b033,S2154954,S2154954,1,2021-12-20,0R,pAMR0,1,S2222064,S2222064,5,2022-05-31,1R,pAMR0,162,0,future_no_significant_rejection,1,0.5059444717269496
time_only,pair_000156,patient_23ee3df4f656b033,S2154954,S2154954,1,2021-12-20,0R,pAMR0,1,S2234198,S2234198,6,2022-08-16,0R,pAMR0,239,0,future_no_significant_rejection,1,0.5116424028464911
time_only,pair_000157,patient_23ee3df4f656b033,S2154954,S2154954,1,2021-12-20,0R,pAMR0,1,S2248986,S2248986,7,2022-11-22,0R,pAMR0,337,0,future_no_significant_rejection,1,0.5166827506447109
time_only,pair_000158,patient_23ee3df4f656b033,S2202563,S2202563,2,2022-01-18,0R,pAMR0,1,S2207352,S2207352,3,2022-02-22,0R,pAMR0,35,0,future_no_significant_rejection,1,0.48370136757875287
time_only,pair_000159,patient_23ee3df4f656b033,S2202563,S2202563,2,2022-01-18,0R,pAMR0,1,S2213276,S2213276,4,2022-04-05,0R,pAMR0,77,0,future_no_significant_rejection,1,0.4950866047356783
time_only,pair_000160,patient_23ee3df4f656b033,S2202563,S2202563,2,2022-01-18,0R,pAMR0,1,S2222064,S2222064,5,2022-05-31,1R,pAMR0,133,0,future_no_significant_rejection,1,0.5030585053744006
time_only,pair_000161,patient_23ee3df4f656b033,S2202563,S2202563,2,2022-01-18,0R,pAMR0,1,S2234198,S2234198,6,2022-08-16,0R,pAMR0,210,0,future_no_significant_rejection,1,0.5097460374526992
time_only,pair_000162,patient_23ee3df4f656b033,S2202563,S2202563,2,2022-01-18,0R,pAMR0,1,S2248986,S2248986,7,2022-11-22,0R,pAMR0,308,0,future_no_significant_rejection,1,0.5153625543108354
time_only,pair_000163,patient_23ee3df4f656b033,S2207352,S2207352,3,2022-02-22,0R,pAMR0,1,S2213276,S2213276,4,2022-04-05,0R,pAMR0,42,0,future_no_significant_rejection,1,0.4863166586809092
time_only,pair_000164,patient_23ee3df4f656b033,S2207352,S2207352,3,2022-02-22,0R,pAMR0,1,S2222064,S2222064,5,2022-05-31,1R,pAMR0,98,0,future_no_significant_rejection,1,0.4985987899263329
time_only,pair_000165,patient_23ee3df4f656b033,S2207352,S2207352,3,2022-02-22,0R,pAMR0,1,S2234198,S2234198,6,2022-08-16,0R,pAMR0,175,0,future_no_significant_rejection,1,0.5070747439318911
time_only,pair_000166,patient_23ee3df4f656b033,S2207352,S2207352,3,2022-02-22,0R,pAMR0,1,S2248986,S2248986,7,2022-11-22,0R,pAMR0,273,0,future_no_significant_rejection,1,0.5135930260676559
time_only,pair_000167,patient_23ee3df4f656b033,S2213276,S2213276,4,2022-04-05,0R,pAMR0,1,S2222064,S2222064,5,2022-05-31,1R,pAMR0,56,0,future_no_significant_rejection,1,0.49046670878708254
time_only,pair_000168,patient_23ee3df4f656b033,S2213276,S2213276,4,2022-04-05,0R,pAMR0,1,S2234198,S2234198,6,2022-08-16,0R,pAMR0,133,0,future_no_significant_rejection,1,0.5030585053744006
time_only,pair_000169,patient_23ee3df4f656b033,S2213276,S2213276,4,2022-04-05,0R,pAMR0,1,S2248986,S2248986,7,2022-11-22,0R,pAMR0,231,0,future_no_significant_rejection,1,0.511143214794984
time_only,pair_000170,patient_23ee3df4f656b033,S2222064,S2222064,5,2022-05-31,1R,pAMR0,1,S2234198,S2234198,6,2022-08-16,0R,pAMR0,77,0,future_no_significant_rejection,1,0.4950866047356783
time_only,pair_000171,patient_23ee3df4f656b033,S2222064,S2222064,5,2022-05-31,1R,pAMR0,1,S2248986,S2248986,7,2022-11-22,0R,pAMR0,175,0,future_no_significant_rejection,1,0.5070747439318911
time_only,pair_000172,patient_23ee3df4f656b033,S2234198,S2234198,6,2022-08-16,0R,pAMR0,1,S2248986,S2248986,7,2022-11-22,0R,pAMR0,98,0,future_no_significant_rejection,1,0.4985987899263329
time_only,pair_000173,patient_26f6ecd90ed41f9d,S2227604,S2227604,1,2022-07-05,1R,pAMR0,3,S2243826,S2243826,2,2022-10-19,1R,pAMR0,106,0,future_no_significant_rejection,1,0.4997436173616005
time_only,pair_000174,patient_26f6ecd90ed41f9d,S2227604,S2227604,1,2022-07-05,1R,pAMR0,3,S2302643,S2302643,3,2023-01-17,1R,pAMR0,196,0,future_no_significant_rejection,1,0.5087349468373745
time_only,pair_000175,patient_26f6ecd90ed41f9d,S2227604,S2227604,1,2022-07-05,1R,pAMR0,3,S2310080,S2310080,4,2023-03-07,0R,pAMR0,245,0,future_no_significant_rejection,1,0.5120059780509514
time_only,pair_000176,patient_26f6ecd90ed41f9d,S2227604,S2227604,1,2022-07-05,1R,pAMR0,3,S2323107,S2323107,5,2023-05-30,0R,pAMR0,329,0,future_no_significant_rejection,1,0.5163302492271918
time_only,pair_000177,patient_26f6ecd90ed41f9d,S2243826,S2243826,2,2022-10-19,1R,pAMR0,1,S2302643,S2302643,3,2023-01-17,1R,pAMR0,90,0,future_no_significant_rejection,1,0.49735746327425956
time_only,pair_000178,patient_26f6ecd90ed41f9d,S2243826,S2243826,2,2022-10-19,1R,pAMR0,1,S2310080,S2310080,4,2023-03-07,0R,pAMR0,139,0,future_no_significant_rejection,1,0.5037037885959643
time_only,pair_000179,patient_26f6ecd90ed41f9d,S2243826,S2243826,2,2022-10-19,1R,pAMR0,1,S2323107,S2323107,5,2023-05-30,0R,pAMR0,223,0,future_no_significant_rejection,1,0.5106264844416399
time_only,pair_000180,patient_26f6ecd90ed41f9d,S2302643,S2302643,3,2023-01-17,1R,pAMR0,7,S2310080,S2310080,4,2023-03-07,0R,pAMR0,49,0,future_no_significant_rejection,1,0.4885372161482918
time_only,pair_000181,patient_26f6ecd90ed41f9d,S2302643,S2302643,3,2023-01-17,1R,pAMR0,7,S2323107,S2323107,5,2023-05-30,0R,pAMR0,133,0,future_no_significant_rejection,1,0.5030585053744006
time_only,pair_000182,patient_26f6ecd90ed41f9d,S2310080,S2310080,4,2023-03-07,0R,pAMR0,5,S2323107,S2323107,5,2023-05-30,0R,pAMR0,84,0,future_no_significant_rejection,1,0.49635263983379285
time_only,pair_000183,patient_2999b7afa4f16b6d,S2108730,S2108730,1,2021-03-02,0R,pAMR0,1,S2130897,S2130897,2,2021-07-20,0R,pAMR0,140,0,future_no_significant_rejection,1,0.5038086392576772
time_only,pair_000184,patient_2999b7afa4f16b6d,S2108730,S2108730,1,2021-03-02,0R,pAMR0,1,S2143767,S2143767,3,2021-10-12,1R,pAMR0,224,0,future_no_significant_rejection,1,0.5106920773862104
time_only,pair_000185,patient_2999b7afa4f16b6d,S2130897,S2130897,2,2021-07-20,0R,pAMR0,1,S2143767,S2143767,3,2021-10-12,1R,pAMR0,84,0,future_no_significant_rejection,1,0.49635263983379285
time_only,pair_000230,patient_30b34f698447ae86,S2202564,S2202564,1,2022-01-18,0R,pAMR0,1,S2206288,S2206288,2,2022-02-15,0R,pAMR0,28,0,future_no_significant_rejection,1,0.48051999517441435
time_only,pair_000231,patient_30b34f698447ae86,S2202564,S2202564,1,2022-01-18,0R,pAMR0,1,S2209232,S2209232,3,2022-03-08,0R,pAMR0,49,0,future_no_significant_rejection,1,0.4885372161482918
time_only,pair_000232,patient_30b34f698447ae86,S2202564,S2202564,1,2022-01-18,0R,pAMR0,1,S2214324,S2214324,4,2022-04-12,0R,pAMR0,84,0,future_no_significant_rejection,1,0.49635263983379285
time_only,pair_000233,patient_30b34f698447ae86,S2202564,S2202564,1,2022-01-18,0R,pAMR0,1,S2220927,S2220927,5,2022-05-24,0R,pAMR0,126,0,future_no_significant_rejection,1,0.502268100777338
time_only,pair_000234,patient_30b34f698447ae86,S2202564,S2202564,1,2022-01-18,0R,pAMR0,1,S2227621,S2227621,6,2022-07-05,1R,pAMR0,168,0,future_no_significant_rejection,1,0.506476939803158
time_only,pair_000235,patient_30b34f698447ae86,S2202564,S2202564,1,2022-01-18,0R,pAMR0,1,S2241564,S2241564,7,2022-10-04,1R,pAMR0,259,0,future_no_significant_rejection,1,0.5128209087592088
time_only,pair_000236,patient_30b34f698447ae86,S2202564,S2202564,1,2022-01-18,0R,pAMR0,1,S2300331,S2300331,8,2023-01-03,0R,pAMR0,350,0,future_no_significant_rejection,1,0.5172381121919687
time_only,pair_000237,patient_30b34f698447ae86,S2202564,S2202564,1,2022-01-18,0R,pAMR0,1,S2326330,S2326330,9,2023-06-20,0R,pAMR0,518,0,future_no_significant_rejection,1,0.5229907808329172
time_only,pair_000238,patient_30b34f698447ae86,S2206288,S2206288,2,2022-02-15,0R,pAMR0,2,S2209232,S2209232,3,2022-03-08,0R,pAMR0,21,0,future_no_significant_rejection,1,0.4764577065707534
time_only,pair_000239,patient_30b34f698447ae86,S2206288,S2206288,2,2022-02-15,0R,pAMR0,2,S2214324,S2214324,4,2022-04-12,0R,pAMR0,56,0,future_no_significant_rejection,1,0.49046670878708254
time_only,pair_000240,patient_30b34f698447ae86,S2206288,S2206288,2,2022-02-15,0R,pAMR0,2,S2220927,S2220927,5,2022-05-24,0R,pAMR0,98,0,future_no_significant_rejection,1,0.4985987899263329
time_only,pair_000241,patient_30b34f698447ae86,S2206288,S2206288,2,2022-02-15,0R,pAMR0,2,S2227621,S2227621,6,2022-07-05,1R,pAMR0,140,0,future_no_significant_rejection,1,0.5038086392576772
time_only,pair_000242,patient_30b34f698447ae86,S2206288,S2206288,2,2022-02-15,0R,pAMR0,2,S2241564,S2241564,7,2022-10-04,1R,pAMR0,231,0,future_no_significant_rejection,1,0.511143214794984
time_only,pair_000243,patient_30b34f698447ae86,S2206288,S2206288,2,2022-02-15,0R,pAMR0,2,S2300331,S2300331,8,2023-01-03,0R,pAMR0,322,0,future_no_significant_rejection,1,0.516014714575686
time_only,pair_000244,patient_30b34f698447ae86,S2206288,S2206288,2,2022-02-15,0R,pAMR0,2,S2326330,S2326330,9,2023-06-20,0R,pAMR0,490,0,future_no_significant_rejection,1,0.522175398733927
time_only,pair_000245,patient_30b34f698447ae86,S2209232,S2209232,3,2022-03-08,0R,pAMR0,1,S2214324,S2214324,4,2022-04-12,0R,pAMR0,35,0,future_no_significant_rejection,1,0.48370136757875287
time_only,pair_000246,patient_30b34f698447ae86,S2209232,S2209232,3,2022-03-08,0R,pAMR0,1,S2220927,S2220927,5,2022-05-24,0R,pAMR0,77,0,future_no_significant_rejection,1,0.4950866047356783
time_only,pair_000247,patient_30b34f698447ae86,S2209232,S2209232,3,2022-03-08,0R,pAMR0,1,S2227621,S2227621,6,2022-07-05,1R,pAMR0,119,0,future_no_significant_rejection,1,0.5014328603219114
time_only,pair_000248,patient_30b34f698447ae86,S2209232,S2209232,3,2022-03-08,0R,pAMR0,1,S2241564,S2241564,7,2022-10-04,1R,pAMR0,210,0,future_no_significant_rejection,1,0.5097460374526992
time_only,pair_000249,patient_30b34f698447ae86,S2209232,S2209232,3,2022-03-08,0R,pAMR0,1,S2300331,S2300331,8,2023-01-03,0R,pAMR0,301,0,future_no_significant_rejection,1,0.5150252865976072
time_only,pair_000250,patient_30b34f698447ae86,S2209232,S2209232,3,2022-03-08,0R,pAMR0,1,S2326330,S2326330,9,2023-06-20,0R,pAMR0,469,0,future_no_significant_rejection,1,0.5215326596692791
time_only,pair_000251,patient_30b34f698447ae86,S2214324,S2214324,4,2022-04-12,0R,pAMR0,1,S2220927,S2220927,5,2022-05-24,0R,pAMR0,42,0,future_no_significant_rejection,1,0.4863166586809092
time_only,pair_000252,patient_30b34f698447ae86,S2214324,S2214324,4,2022-04-12,0R,pAMR0,1,S2227621,S2227621,6,2022-07-05,1R,pAMR0,84,0,future_no_significant_rejection,1,0.49635263983379285
time_only,pair_000253,patient_30b34f698447ae86,S2214324,S2214324,4,2022-04-12,0R,pAMR0,1,S2241564,S2241564,7,2022-10-04,1R,pAMR0,175,0,future_no_significant_rejection,1,0.5070747439318911
time_only,pair_000254,patient_30b34f698447ae86,S2214324,S2214324,4,2022-04-12,0R,pAMR0,1,S2300331,S2300331,8,2023-01-03,0R,pAMR0,266,0,future_no_significant_rejection,1,0.5132120365660126
time_only,pair_000255,patient_30b34f698447ae86,S2214324,S2214324,4,2022-04-12,0R,pAMR0,1,S2326330,S2326330,9,2023-06-20,0R,pAMR0,434,0,future_no_significant_rejection,1,0.5203945817491162
time_only,pair_000256,patient_30b34f698447ae86,S2220927,S2220927,5,2022-05-24,0R,pAMR0,1,S2227621,S2227621,6,2022-07-05,1R,pAMR0,42,0,future_no_significant_rejection,1,0.4863166586809092
time_only,pair_000257,patient_30b34f698447ae86,S2220927,S2220927,5,2022-05-24,0R,pAMR0,1,S2241564,S2241564,7,2022-10-04,1R,pAMR0,133,0,future_no_significant_rejection,1,0.5030585053744006
time_only,pair_000258,patient_30b34f698447ae86,S2220927,S2220927,5,2022-05-24,0R,pAMR0,1,S2300331,S2300331,8,2023-01-03,0R,pAMR0,224,0,future_no_significant_rejection,1,0.5106920773862104
time_only,pair_000259,patient_30b34f698447ae86,S2220927,S2220927,5,2022-05-24,0R,pAMR0,1,S2326330,S2326330,9,2023-06-20,0R,pAMR0,392,0,future_no_significant_rejection,1,0.5189010290019173
time_only,pair_000260,patient_30b34f698447ae86,S2227621,S2227621,6,2022-07-05,1R,pAMR0,1,S2241564,S2241564,7,2022-10-04,1R,pAMR0,91,0,future_no_significant_rejection,1,0.49751846925210486
time_only,pair_000261,patient_30b34f698447ae86,S2227621,S2227621,6,2022-07-05,1R,pAMR0,1,S2300331,S2300331,8,2023-01-03,0R,pAMR0,182,0,future_no_significant_rejection,1,0.5076492102933853
time_only,pair_000262,patient_30b34f698447ae86,S2227621,S2227621,6,2022-07-05,1R,pAMR0,1,S2326330,S2326330,9,2023-06-20,0R,pAMR0,350,0,future_no_significant_rejection,1,0.5172381121919687
time_only,pair_000263,patient_30b34f698447ae86,S2241564,S2241564,7,2022-10-04,1R,pAMR0,1,S2300331,S2300331,8,2023-01-03,0R,pAMR0,91,0,future_no_significant_rejection,1,0.49751846925210486
time_only,pair_000264,patient_30b34f698447ae86,S2241564,S2241564,7,2022-10-04,1R,pAMR0,1,S2326330,S2326330,9,2023-06-20,0R,pAMR0,259,0,future_no_significant_rejection,1,0.5128209087592088
time_only,pair_000265,patient_30b34f698447ae86,S2300331,S2300331,8,2023-01-03,0R,pAMR0,2,S2326330,S2326330,9,2023-06-20,0R,pAMR0,168,0,future_no_significant_rejection,1,0.506476939803158
time_only,pair_000362,patient_441646021a546773,S2208362,S2208362,1,2022-03-02,0R,pAMR0,1,S2210206,S2210206,2,2022-03-15,0R,pAMR0,13,0,future_no_significant_rejection,1,0.46981824990324894
time_only,pair_000363,patient_441646021a546773,S2208362,S2208362,1,2022-03-02,0R,pAMR0,1,S2215454,S2215454,3,2022-04-19,0R,pAMR0,48,0,future_no_significant_rejection,1,0.48823974458497893
time_only,pair_000364,patient_441646021a546773,S2208362,S2208362,1,2022-03-02,0R,pAMR0,1,S2219753,S2219753,4,2022-05-17,0R,pAMR0,76,0,future_no_significant_rejection,1,0.4948965271449497
time_only,pair_000365,patient_441646021a546773,S2208362,S2208362,1,2022-03-02,0R,pAMR0,1,S2226370,S2226370,5,2022-06-28,0R,pAMR0,118,0,future_no_significant_rejection,1,0.5013095777916098
time_only,pair_000366,patient_441646021a546773,S2208362,S2208362,1,2022-03-02,0R,pAMR0,1,S2235315,S2235315,6,2022-08-23,0R,pAMR0,174,0,future_no_significant_rejection,1,0.5069908156557802
time_only,pair_000367,patient_441646021a546773,S2208362,S2208362,1,2022-03-02,0R,pAMR0,1,S2248988,S2248988,7,2022-11-22,0R,pAMR0,265,0,future_no_significant_rejection,1,0.5131567943110394
time_only,pair_000368,patient_441646021a546773,S2208362,S2208362,1,2022-03-02,0R,pAMR0,1,S2306850,S2306850,8,2023-02-14,0R,pAMR0,349,0,future_no_significant_rejection,1,0.5171961297984614
time_only,pair_000369,patient_441646021a546773,S2208362,S2208362,1,2022-03-02,0R,pAMR0,1,S2322861,S2322861,9,2023-05-26,0R,pAMR0,450,0,future_no_significant_rejection,1,0.5209258226118516
time_only,pair_000370,patient_441646021a546773,S2210206,S2210206,2,2022-03-15,0R,pAMR0,1,S2215454,S2215454,3,2022-04-19,0R,pAMR0,35,0,future_no_significant_rejection,1,0.48370136757875287
time_only,pair_000371,patient_441646021a546773,S2210206,S2210206,2,2022-03-15,0R,pAMR0,1,S2219753,S2219753,4,2022-05-17,0R,pAMR0,63,0,future_no_significant_rejection,1,0.49217266039675694
time_only,pair_000372,patient_441646021a546773,S2210206,S2210206,2,2022-03-15,0R,pAMR0,1,S2226370,S2226370,5,2022-06-28,0R,pAMR0,105,0,future_no_significant_rejection,1,0.4996052850688522
time_only,pair_000373,patient_441646021a546773,S2210206,S2210206,2,2022-03-15,0R,pAMR0,1,S2235315,S2235315,6,2022-08-23,0R,pAMR0,161,0,future_no_significant_rejection,1,0.5058538238316267
time_only,pair_000374,patient_441646021a546773,S2210206,S2210206,2,2022-03-15,0R,pAMR0,1,S2248988,S2248988,7,2022-11-22,0R,pAMR0,252,0,future_no_significant_rejection,1,0.5124190892456877
time_only,pair_000375,patient_441646021a546773,S2210206,S2210206,2,2022-03-15,0R,pAMR0,1,S2306850,S2306850,8,2023-02-14,0R,pAMR0,336,0,future_no_significant_rejection,1,0.5166391478593695
time_only,pair_000376,patient_441646021a546773,S2210206,S2210206,2,2022-03-15,0R,pAMR0,1,S2322861,S2322861,9,2023-05-26,0R,pAMR0,437,0,future_no_significant_rejection,1,0.5204956656841914
time_only,pair_000377,patient_441646021a546773,S2215454,S2215454,3,2022-04-19,0R,pAMR0,1,S2219753,S2219753,4,2022-05-17,0R,pAMR0,28,0,future_no_significant_rejection,1,0.48051999517441435
time_only,pair_000378,patient_441646021a546773,S2215454,S2215454,3,2022-04-19,0R,pAMR0,1,S2226370,S2226370,5,2022-06-28,0R,pAMR0,70,0,future_no_significant_rejection,1,0.4937015182595153
time_only,pair_000379,patient_441646021a546773,S2215454,S2215454,3,2022-04-19,0R,pAMR0,1,S2235315,S2235315,6,2022-08-23,0R,pAMR0,126,0,future_no_significant_rejection,1,0.502268100777338
time_only,pair_000380,patient_441646021a546773,S2215454,S2215454,3,2022-04-19,0R,pAMR0,1,S2248988,S2248988,7,2022-11-22,0R,pAMR0,217,0,future_no_significant_rejection,1,0.5102266622320902
time_only,pair_000381,patient_441646021a546773,S2215454,S2215454,3,2022-04-19,0R,pAMR0,1,S2306850,S2306850,8,2023-02-14,0R,pAMR0,301,0,future_no_significant_rejection,1,0.5150252865976072
time_only,pair_000382,patient_441646021a546773,S2215454,S2215454,3,2022-04-19,0R,pAMR0,1,S2322861,S2322861,9,2023-05-26,0R,pAMR0,402,0,future_no_significant_rejection,1,0.519270667054296
time_only,pair_000383,patient_441646021a546773,S2219753,S2219753,4,2022-05-17,0R,pAMR0,1,S2226370,S2226370,5,2022-06-28,0R,pAMR0,42,0,future_no_significant_rejection,1,0.4863166586809092
time_only,pair_000384,patient_441646021a546773,S2219753,S2219753,4,2022-05-17,0R,pAMR0,1,S2235315,S2235315,6,2022-08-23,0R,pAMR0,98,0,future_no_significant_rejection,1,0.4985987899263329
time_only,pair_000385,patient_441646021a546773,S2219753,S2219753,4,2022-05-17,0R,pAMR0,1,S2248988,S2248988,7,2022-11-22,0R,pAMR0,189,0,future_no_significant_rejection,1,0.508202090694376
time_only,pair_000386,patient_441646021a546773,S2219753,S2219753,4,2022-05-17,0R,pAMR0,1,S2306850,S2306850,8,2023-02-14,0R,pAMR0,273,0,future_no_significant_rejection,1,0.5135930260676559
time_only,pair_000387,patient_441646021a546773,S2219753,S2219753,4,2022-05-17,0R,pAMR0,1,S2322861,S2322861,9,2023-05-26,0R,pAMR0,374,0,future_no_significant_rejection,1,0.5182112779767083
time_only,pair_000388,patient_441646021a546773,S2226370,S2226370,5,2022-06-28,0R,pAMR0,1,S2235315,S2235315,6,2022-08-23,0R,pAMR0,56,0,future_no_significant_rejection,1,0.49046670878708254
time_only,pair_000389,patient_441646021a546773,S2226370,S2226370,5,2022-06-28,0R,pAMR0,1,S2248988,S2248988,7,2022-11-22,0R,pAMR0,147,0,future_no_significant_rejection,1,0.5045224040244292
time_only,pair_000390,patient_441646021a546773,S2226370,S2226370,5,2022-06-28,0R,pAMR0,1,S2306850,S2306850,8,2023-02-14,0R,pAMR0,231,0,future_no_significant_rejection,1,0.511143214794984
time_only,pair_000391,patient_441646021a546773,S2226370,S2226370,5,2022-06-28,0R,pAMR0,1,S2322861,S2322861,9,2023-05-26,0R,pAMR0,332,0,future_no_significant_rejection,1,0.5164634306222169
time_only,pair_000392,patient_441646021a546773,S2235315,S2235315,6,2022-08-23,0R,pAMR0,1,S2248988,S2248988,7,2022-11-22,0R,pAMR0,91,0,future_no_significant_rejection,1,0.49751846925210486
time_only,pair_000393,patient_441646021a546773,S2235315,S2235315,6,2022-08-23,0R,pAMR0,1,S2306850,S2306850,8,2023-02-14,0R,pAMR0,175,0,future_no_significant_rejection,1,0.5070747439318911
time_only,pair_000394,patient_441646021a546773,S2235315,S2235315,6,2022-08-23,0R,pAMR0,1,S2322861,S2322861,9,2023-05-26,0R,pAMR0,276,0,future_no_significant_rejection,1,0.5137533318622507
time_only,pair_000395,patient_441646021a546773,S2248988,S2248988,7,2022-11-22,0R,pAMR0,1,S2306850,S2306850,8,2023-02-14,0R,pAMR0,84,0,future_no_significant_rejection,1,0.49635263983379285
time_only,pair_000396,patient_441646021a546773,S2248988,S2248988,7,2022-11-22,0R,pAMR0,1,S2322861,S2322861,9,2023-05-26,0R,pAMR0,185,0,future_no_significant_rejection,1,0.507888707118594
time_only,pair_000397,patient_441646021a546773,S2306850,S2306850,8,2023-02-14,0R,pAMR0,1,S2322861,S2322861,9,2023-05-26,0R,pAMR0,101,0,future_no_significant_rejection,1,0.4990385898721484
time_only,pair_000407,patient_4a2bd6cb3f9d710c,S2306848,S2306848,1,2023-02-14,0R,pAMR0,1,S2310074,S2310074,2,2023-03-07,0R,pAMR0,21,0,future_no_significant_rejection,1,0.4764577065707534
time_only,pair_000408,patient_4a2bd6cb3f9d710c,S2306848,S2306848,1,2023-02-14,0R,pAMR0,1,S2315838,S2315838,3,2023-04-11,1R,pAMR0,56,0,future_no_significant_rejection,1,0.49046670878708254
time_only,pair_000409,patient_4a2bd6cb3f9d710c,S2306848,S2306848,1,2023-02-14,0R,pAMR0,1,S2323104,S2323104,4,2023-05-30,0R,pAMR0,105,0,future_no_significant_rejection,1,0.4996052850688522
time_only,pair_000410,patient_4a2bd6cb3f9d710c,S2306848,S2306848,1,2023-02-14,0R,pAMR0,1,S2406755,S2406755,5,2024-02-13,0R,pAMR0,364,0,future_no_significant_rejection,1,0.517813600604676
time_only,pair_000411,patient_4a2bd6cb3f9d710c,S2310074,S2310074,2,2023-03-07,0R,pAMR0,1,S2315838,S2315838,3,2023-04-11,1R,pAMR0,35,0,future_no_significant_rejection,1,0.48370136757875287
time_only,pair_000412,patient_4a2bd6cb3f9d710c,S2310074,S2310074,2,2023-03-07,0R,pAMR0,1,S2323104,S2323104,4,2023-05-30,0R,pAMR0,84,0,future_no_significant_rejection,1,0.49635263983379285
time_only,pair_000413,patient_4a2bd6cb3f9d710c,S2310074,S2310074,2,2023-03-07,0R,pAMR0,1,S2406755,S2406755,5,2024-02-13,0R,pAMR0,343,0,future_no_significant_rejection,1,0.5169416833765115
time_only,pair_000414,patient_4a2bd6cb3f9d710c,S2315838,S2315838,3,2023-04-11,1R,pAMR0,2,S2323104,S2323104,4,2023-05-30,0R,pAMR0,49,0,future_no_significant_rejection,1,0.4885372161482918
time_only,pair_000415,patient_4a2bd6cb3f9d710c,S2315838,S2315838,3,2023-04-11,1R,pAMR0,2,S2406755,S2406755,5,2024-02-13,0R,pAMR0,308,0,future_no_significant_rejection,1,0.5153625543108354
time_only,pair_000416,patient_4a2bd6cb3f9d710c,S2323104,S2323104,4,2023-05-30,0R,pAMR0,6,S2406755,S2406755,5,2024-02-13,0R,pAMR0,259,0,future_no_significant_rejection,1,0.5128209087592088
time_only,pair_000429,patient_4ab30837cfd3692a,S2415689,S2415689,1,2024-05-28,1R,pAMR0,3,S2417717,S2417717,2,2024-06-18,0R,pAMR0,21,0,future_no_significant_rejection,1,0.4764577065707534
time_only,pair_000430,patient_4ab30837cfd3692a,S2415689,S2415689,1,2024-05-28,1R,pAMR0,3,S2433346,S2433346,3,2024-11-19,1R,pAMR0,175,0,future_no_significant_rejection,1,0.5070747439318911
time_only,pair_000431,patient_4ab30837cfd3692a,S2415689,S2415689,1,2024-05-28,1R,pAMR0,3,S2505506,S2505506,4,2025-02-25,0R,pAMR0,273,0,future_no_significant_rejection,1,0.5135930260676559
time_only,pair_000432,patient_4ab30837cfd3692a,S2417717,S2417717,2,2024-06-18,0R,pAMR0,2,S2433346,S2433346,3,2024-11-19,1R,pAMR0,154,0,future_no_significant_rejection,1,0.5052031604038506
time_only,pair_000433,patient_4ab30837cfd3692a,S2417717,S2417717,2,2024-06-18,0R,pAMR0,2,S2505506,S2505506,4,2025-02-25,0R,pAMR0,252,0,future_no_significant_rejection,1,0.5124190892456877
time_only,pair_000434,patient_4ab30837cfd3692a,S2433346,S2433346,3,2024-11-19,1R,pAMR0,2,S2505506,S2505506,4,2025-02-25,0R,pAMR0,98,0,future_no_significant_rejection,1,0.4985987899263329
time_only,pair_000435,patient_4af3110fd801b611,S2345468,S2345468,1,2023-10-24,0R,pAMR0,1,S2353995,S2353995,2,2023-12-19,0R,pAMR0,56,0,future_no_significant_rejection,1,0.49046670878708254
time_only,pair_000436,patient_4af3110fd801b611,S2345468,S2345468,1,2023-10-24,0R,pAMR0,1,S2402481,S2402481,3,2024-01-16,0R,pAMR0,84,0,future_no_significant_rejection,1,0.49635263983379285
time_only,pair_000437,patient_4af3110fd801b611,S2345468,S2345468,1,2023-10-24,0R,pAMR0,1,S2408486,S2408486,4,2024-02-27,0R,pAMR0,126,0,future_no_significant_rejection,1,0.502268100777338
time_only,pair_000438,patient_4af3110fd801b611,S2345468,S2345468,1,2023-10-24,0R,pAMR0,1,S2412060,S2412060,5,2024-04-16,0R,pAMR0,175,0,future_no_significant_rejection,1,0.5070747439318911
time_only,pair_000439,patient_4af3110fd801b611,S2345468,S2345468,1,2023-10-24,0R,pAMR0,1,S2420602,S2420602,6,2024-07-16,0R,pAMR0,266,0,future_no_significant_rejection,1,0.5132120365660126
time_only,pair_000440,patient_4af3110fd801b611,S2345468,S2345468,1,2023-10-24,0R,pAMR0,1,S2429676,S2429676,7,2024-10-15,0R,pAMR0,357,0,future_no_significant_rejection,1,0.5175286755305221
time_only,pair_000441,patient_4af3110fd801b611,S2353995,S2353995,2,2023-12-19,0R,pAMR0,1,S2402481,S2402481,3,2024-01-16,0R,pAMR0,28,0,future_no_significant_rejection,1,0.48051999517441435
time_only,pair_000442,patient_4af3110fd801b611,S2353995,S2353995,2,2023-12-19,0R,pAMR0,1,S2408486,S2408486,4,2024-02-27,0R,pAMR0,70,0,future_no_significant_rejection,1,0.4937015182595153
time_only,pair_000443,patient_4af3110fd801b611,S2353995,S2353995,2,2023-12-19,0R,pAMR0,1,S2412060,S2412060,5,2024-04-16,0R,pAMR0,119,0,future_no_significant_rejection,1,0.5014328603219114
time_only,pair_000444,patient_4af3110fd801b611,S2353995,S2353995,2,2023-12-19,0R,pAMR0,1,S2420602,S2420602,6,2024-07-16,0R,pAMR0,210,0,future_no_significant_rejection,1,0.5097460374526992
time_only,pair_000445,patient_4af3110fd801b611,S2353995,S2353995,2,2023-12-19,0R,pAMR0,1,S2429676,S2429676,7,2024-10-15,0R,pAMR0,301,0,future_no_significant_rejection,1,0.5150252865976072
time_only,pair_000446,patient_4af3110fd801b611,S2402481,S2402481,3,2024-01-16,0R,pAMR0,1,S2408486,S2408486,4,2024-02-27,0R,pAMR0,42,0,future_no_significant_rejection,1,0.4863166586809092
time_only,pair_000447,patient_4af3110fd801b611,S2402481,S2402481,3,2024-01-16,0R,pAMR0,1,S2412060,S2412060,5,2024-04-16,0R,pAMR0,91,0,future_no_significant_rejection,1,0.49751846925210486
time_only,pair_000448,patient_4af3110fd801b611,S2402481,S2402481,3,2024-01-16,0R,pAMR0,1,S2420602,S2420602,6,2024-07-16,0R,pAMR0,182,0,future_no_significant_rejection,1,0.5076492102933853
time_only,pair_000449,patient_4af3110fd801b611,S2402481,S2402481,3,2024-01-16,0R,pAMR0,1,S2429676,S2429676,7,2024-10-15,0R,pAMR0,273,0,future_no_significant_rejection,1,0.5135930260676559
time_only,pair_000450,patient_4af3110fd801b611,S2408486,S2408486,4,2024-02-27,0R,pAMR0,1,S2412060,S2412060,5,2024-04-16,0R,pAMR0,49,0,future_no_significant_rejection,1,0.4885372161482918
time_only,pair_000451,patient_4af3110fd801b611,S2408486,S2408486,4,2024-02-27,0R,pAMR0,1,S2420602,S2420602,6,2024-07-16,0R,pAMR0,140,0,future_no_significant_rejection,1,0.5038086392576772
time_only,pair_000452,patient_4af3110fd801b611,S2408486,S2408486,4,2024-02-27,0R,pAMR0,1,S2429676,S2429676,7,2024-10-15,0R,pAMR0,231,0,future_no_significant_rejection,1,0.511143214794984
time_only,pair_000453,patient_4af3110fd801b611,S2412060,S2412060,5,2024-04-16,0R,pAMR0,4,S2420602,S2420602,6,2024-07-16,0R,pAMR0,91,0,future_no_significant_rejection,1,0.49751846925210486
time_only,pair_000454,patient_4af3110fd801b611,S2412060,S2412060,5,2024-04-16,0R,pAMR0,4,S2429676,S2429676,7,2024-10-15,0R,pAMR0,182,0,future_no_significant_rejection,1,0.5076492102933853
time_only,pair_000455,patient_4af3110fd801b611,S2420602,S2420602,6,2024-07-16,0R,pAMR0,1,S2429676,S2429676,7,2024-10-15,0R,pAMR0,91,0,future_no_significant_rejection,1,0.49751846925210486
time_only,pair_000456,patient_4cb9dbad2d74486f,S2149397,S2149397,1,2021-11-16,0R,pAMR0,1,S2151616,S2151616,2,2021-11-30,1R,pAMR0,14,0,future_no_significant_rejection,1,0.4708310920035091
time_only,pair_000457,patient_4cb9dbad2d74486f,S2149397,S2149397,1,2021-11-16,0R,pAMR0,1,S2211181,S2211181,3,2022-03-22,0R,pAMR0,126,0,future_no_significant_rejection,1,0.502268100777338
time_only,pair_000458,patient_4cb9dbad2d74486f,S2149397,S2149397,1,2021-11-16,0R,pAMR0,1,S2226371,S2226371,4,2022-06-28,0R,pAMR0,224,0,future_no_significant_rejection,1,0.5106920773862104
time_only,pair_000459,patient_4cb9dbad2d74486f,S2149397,S2149397,1,2021-11-16,0R,pAMR0,1,S2239521,S2239521,5,2022-09-20,0R,pAMR0,308,0,future_no_significant_rejection,1,0.5153625543108354
time_only,pair_000460,patient_4cb9dbad2d74486f,S2151616,S2151616,2,2021-11-30,1R,pAMR0,1,S2211181,S2211181,3,2022-03-22,0R,pAMR0,112,0,future_no_significant_rejection,1,0.5005473957498555
time_only,pair_000461,patient_4cb9dbad2d74486f,S2151616,S2151616,2,2021-11-30,1R,pAMR0,1,S2226371,S2226371,4,2022-06-28,0R,pAMR0,210,0,future_no_significant_rejection,1,0.5097460374526992
time_only,pair_000462,patient_4cb9dbad2d74486f,S2151616,S2151616,2,2021-11-30,1R,pAMR0,1,S2239521,S2239521,5,2022-09-20,0R,pAMR0,294,0,future_no_significant_rejection,1,0.5146800948734823
time_only,pair_000463,patient_4cb9dbad2d74486f,S2211181,S2211181,3,2022-03-22,0R,pAMR0,1,S2226371,S2226371,4,2022-06-28,0R,pAMR0,98,0,future_no_significant_rejection,1,0.4985987899263329
time_only,pair_000464,patient_4cb9dbad2d74486f,S2211181,S2211181,3,2022-03-22,0R,pAMR0,1,S2239521,S2239521,5,2022-09-20,0R,pAMR0,182,0,future_no_significant_rejection,1,0.5076492102933853
time_only,pair_000465,patient_4cb9dbad2d74486f,S2226371,S2226371,4,2022-06-28,0R,pAMR0,1,S2239521,S2239521,5,2022-09-20,0R,pAMR0,84,0,future_no_significant_rejection,1,0.49635263983379285
time_only,pair_000482,patient_5ad31502c2708b1a,S2334384,S2334384,1,2023-08-08,0R,pAMR0,2,S2338781,S2338781,2,2023-09-05,0R,pAMR0,28,0,future_no_significant_rejection,1,0.48051999517441435
time_only,pair_000483,patient_5ad31502c2708b1a,S2334384,S2334384,1,2023-08-08,0R,pAMR0,2,S2342677,S2342677,3,2023-10-04,0R,pAMR0,57,0,future_no_significant_rejection,1,0.49072283827213975
time_only,pair_000484,patient_5ad31502c2708b1a,S2338781,S2338781,2,2023-09-05,0R,pAMR0,1,S2342677,S2342677,3,2023-10-04,0R,pAMR0,29,0,future_no_significant_rejection,1,0.48101870371273175
time_only,pair_000485,patient_5d35983cfd191fff,S2138905,S2138905,1,2021-09-07,1R,pAMR0,2,S2144969,S2144969,2,2021-10-19,0R,pAMR0,42,0,future_no_significant_rejection,1,0.4863166586809092
time_only,pair_000486,patient_5d35983cfd191fff,S2138905,S2138905,1,2021-09-07,1R,pAMR0,2,S2205211,S2205211,3,2022-02-08,0R,pAMR0,154,0,future_no_significant_rejection,1,0.5052031604038506
time_only,pair_000487,patient_5d35983cfd191fff,S2138905,S2138905,1,2021-09-07,1R,pAMR0,2,S2216605,S2216605,4,2022-04-26,0R,pAMR0,231,0,future_no_significant_rejection,1,0.511143214794984
time_only,pair_000488,patient_5d35983cfd191fff,S2144969,S2144969,2,2021-10-19,0R,pAMR0,1,S2205211,S2205211,3,2022-02-08,0R,pAMR0,112,0,future_no_significant_rejection,1,0.5005473957498555
time_only,pair_000489,patient_5d35983cfd191fff,S2144969,S2144969,2,2021-10-19,0R,pAMR0,1,S2216605,S2216605,4,2022-04-26,0R,pAMR0,189,0,future_no_significant_rejection,1,0.508202090694376
time_only,pair_000490,patient_5d35983cfd191fff,S2205211,S2205211,3,2022-02-08,0R,pAMR0,1,S2216605,S2216605,4,2022-04-26,0R,pAMR0,77,0,future_no_significant_rejection,1,0.4950866047356783
time_only,pair_000491,patient_5ee21afd8d2dea4c,S2315839,S2315839,1,2023-04-11,1R,pAMR0,4,S2318954,S2318954,2,2023-05-02,1R,pAMR0,21,0,future_no_significant_rejection,1,0.4764577065707534
time_only,pair_000492,patient_5ee21afd8d2dea4c,S2315839,S2315839,1,2023-04-11,1R,pAMR0,4,S2325144,S2325144,3,2023-06-13,1R,pAMR0,63,0,future_no_significant_rejection,1,0.49217266039675694
time_only,pair_000493,patient_5ee21afd8d2dea4c,S2315839,S2315839,1,2023-04-11,1R,pAMR0,4,S2330988,S2330988,4,2023-07-18,0R,pAMR0,98,0,future_no_significant_rejection,1,0.4985987899263329
time_only,pair_000494,patient_5ee21afd8d2dea4c,S2315839,S2315839,1,2023-04-11,1R,pAMR0,4,S2338782,S2338782,5,2023-09-05,0R,pAMR0,147,0,future_no_significant_rejection,1,0.5045224040244292
time_only,pair_000495,patient_5ee21afd8d2dea4c,S2315839,S2315839,1,2023-04-11,1R,pAMR0,4,S2408854,S2408854,6,2024-03-05,0R,pAMR0,329,0,future_no_significant_rejection,1,0.5163302492271918
time_only,pair_000496,patient_5ee21afd8d2dea4c,S2318954,S2318954,2,2023-05-02,1R,pAMR0,1,S2325144,S2325144,3,2023-06-13,1R,pAMR0,42,0,future_no_significant_rejection,1,0.4863166586809092
time_only,pair_000497,patient_5ee21afd8d2dea4c,S2318954,S2318954,2,2023-05-02,1R,pAMR0,1,S2330988,S2330988,4,2023-07-18,0R,pAMR0,77,0,future_no_significant_rejection,1,0.4950866047356783
time_only,pair_000498,patient_5ee21afd8d2dea4c,S2318954,S2318954,2,2023-05-02,1R,pAMR0,1,S2338782,S2338782,5,2023-09-05,0R,pAMR0,126,0,future_no_significant_rejection,1,0.502268100777338
time_only,pair_000499,patient_5ee21afd8d2dea4c,S2318954,S2318954,2,2023-05-02,1R,pAMR0,1,S2408854,S2408854,6,2024-03-05,0R,pAMR0,308,0,future_no_significant_rejection,1,0.5153625543108354
time_only,pair_000500,patient_5ee21afd8d2dea4c,S2325144,S2325144,3,2023-06-13,1R,pAMR0,1,S2330988,S2330988,4,2023-07-18,0R,pAMR0,35,0,future_no_significant_rejection,1,0.48370136757875287
time_only,pair_000501,patient_5ee21afd8d2dea4c,S2325144,S2325144,3,2023-06-13,1R,pAMR0,1,S2338782,S2338782,5,2023-09-05,0R,pAMR0,84,0,future_no_significant_rejection,1,0.49635263983379285
time_only,pair_000502,patient_5ee21afd8d2dea4c,S2325144,S2325144,3,2023-06-13,1R,pAMR0,1,S2408854,S2408854,6,2024-03-05,0R,pAMR0,266,0,future_no_significant_rejection,1,0.5132120365660126
time_only,pair_000503,patient_5ee21afd8d2dea4c,S2330988,S2330988,4,2023-07-18,0R,pAMR0,1,S2338782,S2338782,5,2023-09-05,0R,pAMR0,49,0,future_no_significant_rejection,1,0.4885372161482918
time_only,pair_000504,patient_5ee21afd8d2dea4c,S2330988,S2330988,4,2023-07-18,0R,pAMR0,1,S2408854,S2408854,6,2024-03-05,0R,pAMR0,231,0,future_no_significant_rejection,1,0.511143214794984
time_only,pair_000505,patient_5ee21afd8d2dea4c,S2338782,S2338782,5,2023-09-05,0R,pAMR0,1,S2408854,S2408854,6,2024-03-05,0R,pAMR0,182,0,future_no_significant_rejection,1,0.5076492102933853
time_only,pair_000506,patient_61128f527d32178f,S2132028,S2132028,1,2021-07-27,0R,pAMR0,1,S2144966,S2144966,2,2021-10-19,0R,pAMR0,84,0,future_no_significant_rejection,1,0.49635263983379285
time_only,pair_000517,patient_6e23f91caa098b84,S2419849,S2419849,1,2024-07-09,1R,pAMR0,4,S2422139,S2422139,2,2024-07-30,0R,pAMR0,21,0,future_no_significant_rejection,1,0.4764577065707534
time_only,pair_000518,patient_6e23f91caa098b84,S2419849,S2419849,1,2024-07-09,1R,pAMR0,4,S2427693,S2427693,3,2024-09-24,0R,pAMR0,77,0,future_no_significant_rejection,1,0.4950866047356783
time_only,pair_000519,patient_6e23f91caa098b84,S2419849,S2419849,1,2024-07-09,1R,pAMR0,4,S2433342,S2433342,4,2024-11-19,0R,pAMR0,133,0,future_no_significant_rejection,1,0.5030585053744006
time_only,pair_000520,patient_6e23f91caa098b84,S2419849,S2419849,1,2024-07-09,1R,pAMR0,4,S2437880,S2437880,5,2024-12-31,0R,pAMR0,175,0,future_no_significant_rejection,1,0.5070747439318911
time_only,pair_000521,patient_6e23f91caa098b84,S2419849,S2419849,1,2024-07-09,1R,pAMR0,4,S2506961,S2506961,6,2025-03-11,0R,pAMR0,245,0,future_no_significant_rejection,1,0.5120059780509514
time_only,pair_000522,patient_6e23f91caa098b84,S2422139,S2422139,2,2024-07-30,0R,pAMR0,2,S2427693,S2427693,3,2024-09-24,0R,pAMR0,56,0,future_no_significant_rejection,1,0.49046670878708254
time_only,pair_000523,patient_6e23f91caa098b84,S2422139,S2422139,2,2024-07-30,0R,pAMR0,2,S2433342,S2433342,4,2024-11-19,0R,pAMR0,112,0,future_no_significant_rejection,1,0.5005473957498555
time_only,pair_000524,patient_6e23f91caa098b84,S2422139,S2422139,2,2024-07-30,0R,pAMR0,2,S2437880,S2437880,5,2024-12-31,0R,pAMR0,154,0,future_no_significant_rejection,1,0.5052031604038506
time_only,pair_000525,patient_6e23f91caa098b84,S2422139,S2422139,2,2024-07-30,0R,pAMR0,2,S2506961,S2506961,6,2025-03-11,0R,pAMR0,224,0,future_no_significant_rejection,1,0.5106920773862104
time_only,pair_000526,patient_6e23f91caa098b84,S2427693,S2427693,3,2024-09-24,0R,pAMR0,6,S2433342,S2433342,4,2024-11-19,0R,pAMR0,56,0,future_no_significant_rejection,1,0.49046670878708254
time_only,pair_000527,patient_6e23f91caa098b84,S2427693,S2427693,3,2024-09-24,0R,pAMR0,6,S2437880,S2437880,5,2024-12-31,0R,pAMR0,98,0,future_no_significant_rejection,1,0.4985987899263329
time_only,pair_000528,patient_6e23f91caa098b84,S2427693,S2427693,3,2024-09-24,0R,pAMR0,6,S2506961,S2506961,6,2025-03-11,0R,pAMR0,168,0,future_no_significant_rejection,1,0.506476939803158
time_only,pair_000529,patient_6e23f91caa098b84,S2433342,S2433342,4,2024-11-19,0R,pAMR0,2,S2437880,S2437880,5,2024-12-31,0R,pAMR0,42,0,future_no_significant_rejection,1,0.4863166586809092
time_only,pair_000530,patient_6e23f91caa098b84,S2433342,S2433342,4,2024-11-19,0R,pAMR0,2,S2506961,S2506961,6,2025-03-11,0R,pAMR0,112,0,future_no_significant_rejection,1,0.5005473957498555
time_only,pair_000531,patient_6e23f91caa098b84,S2437880,S2437880,5,2024-12-31,0R,pAMR0,1,S2506961,S2506961,6,2025-03-11,0R,pAMR0,70,0,future_no_significant_rejection,1,0.4937015182595153
time_only,pair_000538,patient_70289ea84b1dd193,S2508630,S2508630,1,2025-03-25,1R,pAMR0,4,S2511006,S2511006,2,2025-04-15,0R,pAMR0,21,0,future_no_significant_rejection,1,0.4764577065707534
time_only,pair_000539,patient_70289ea84b1dd193,S2508630,S2508630,1,2025-03-25,1R,pAMR0,4,S2513848,S2513848,3,2025-05-13,0R,pAMR0,49,0,future_no_significant_rejection,1,0.4885372161482918
time_only,pair_000540,patient_70289ea84b1dd193,S2508630,S2508630,1,2025-03-25,1R,pAMR0,4,S2524760,S2524760,4,2025-08-12,0R,pAMR0,140,0,future_no_significant_rejection,1,0.5038086392576772
time_only,pair_000541,patient_70289ea84b1dd193,S2508630,S2508630,1,2025-03-25,1R,pAMR0,4,S2531989,S2531989,5,2025-10-14,0R,pAMR0,203,0,future_no_significant_rejection,1,0.5092491768695206
time_only,pair_000542,patient_70289ea84b1dd193,S2511006,S2511006,2,2025-04-15,0R,pAMR0,2,S2513848,S2513848,3,2025-05-13,0R,pAMR0,28,0,future_no_significant_rejection,1,0.48051999517441435
time_only,pair_000543,patient_70289ea84b1dd193,S2511006,S2511006,2,2025-04-15,0R,pAMR0,2,S2524760,S2524760,4,2025-08-12,0R,pAMR0,119,0,future_no_significant_rejection,1,0.5014328603219114
time_only,pair_000544,patient_70289ea84b1dd193,S2511006,S2511006,2,2025-04-15,0R,pAMR0,2,S2531989,S2531989,5,2025-10-14,0R,pAMR0,182,0,future_no_significant_rejection,1,0.5076492102933853
time_only,pair_000545,patient_70289ea84b1dd193,S2513848,S2513848,3,2025-05-13,0R,pAMR0,6,S2524760,S2524760,4,2025-08-12,0R,pAMR0,91,0,future_no_significant_rejection,1,0.49751846925210486
time_only,pair_000546,patient_70289ea84b1dd193,S2513848,S2513848,3,2025-05-13,0R,pAMR0,6,S2531989,S2531989,5,2025-10-14,0R,pAMR0,154,0,future_no_significant_rejection,1,0.5052031604038506
time_only,pair_000547,patient_70289ea84b1dd193,S2524760,S2524760,4,2025-08-12,0R,pAMR0,1,S2531989,S2531989,5,2025-10-14,0R,pAMR0,63,0,future_no_significant_rejection,1,0.49217266039675694
time_only,pair_000548,patient_71270218daad69ca,S2222945,S2222945,1,2022-06-07,0R,pAMR0,1,S2334411,S2334411,2,2023-08-08,0R,pAMR0,427,0,future_no_significant_rejection,1,0.5201559752788035
time_only,pair_000593,patient_7b8c5e3e158230df,S2421437,S2421437,1,2024-07-23,0R,pAMR0,2,S2424255,S2424255,2,2024-08-20,0R,pAMR0,28,0,future_no_significant_rejection,1,0.48051999517441435
time_only,pair_000594,patient_7b8c5e3e158230df,S2421437,S2421437,1,2024-07-23,0R,pAMR0,2,S2426615,S2426615,3,2024-09-10,0R,pAMR0,49,0,future_no_significant_rejection,1,0.4885372161482918
time_only,pair_000595,patient_7b8c5e3e158230df,S2424255,S2424255,2,2024-08-20,0R,pAMR0,6,S2426615,S2426615,3,2024-09-10,0R,pAMR0,21,0,future_no_significant_rejection,1,0.4764577065707534
time_only,pair_000617,patient_7ea5ec2f6c847fc5,S2136522,S2136522,1,2021-08-24,0R,pAMR0,2,S2148219,S2148219,2,2021-11-08,1R,pAMR0,76,0,future_no_significant_rejection,1,0.4948965271449497
time_only,pair_000618,patient_7ea5ec2f6c847fc5,S2136522,S2136522,1,2021-08-24,0R,pAMR0,2,S2207353,S2207353,3,2022-02-22,0R,pAMR0,182,0,future_no_significant_rejection,1,0.5076492102933853
time_only,pair_000619,patient_7ea5ec2f6c847fc5,S2148219,S2148219,2,2021-11-08,1R,pAMR0,2,S2207353,S2207353,3,2022-02-22,0R,pAMR0,106,0,future_no_significant_rejection,1,0.4997436173616005
time_only,pair_000658,patient_8a989ce38f711fa1,S2151614,S2151614,1,2021-11-30,0R,pAMR0,3,S2154958,S2154958,2,2021-12-21,0R,pAMR0,21,0,future_no_significant_rejection,1,0.4764577065707534
time_only,pair_000659,patient_8a989ce38f711fa1,S2151614,S2151614,1,2021-11-30,0R,pAMR0,3,S2202568,S2202568,3,2022-01-18,0R,pAMR0,49,0,future_no_significant_rejection,1,0.4885372161482918
time_only,pair_000660,patient_8a989ce38f711fa1,S2151614,S2151614,1,2021-11-30,0R,pAMR0,3,S2207350,S2207350,4,2022-02-22,0R,pAMR0,84,0,future_no_significant_rejection,1,0.49635263983379285
time_only,pair_000661,patient_8a989ce38f711fa1,S2151614,S2151614,1,2021-11-30,0R,pAMR0,3,S2213274,S2213274,5,2022-04-05,0R,pAMR0,126,0,future_no_significant_rejection,1,0.502268100777338
time_only,pair_000662,patient_8a989ce38f711fa1,S2151614,S2151614,1,2021-11-30,0R,pAMR0,3,S2222062,S2222062,6,2022-05-31,0R,pAMR0,182,0,future_no_significant_rejection,1,0.5076492102933853
time_only,pair_000663,patient_8a989ce38f711fa1,S2151614,S2151614,1,2021-11-30,0R,pAMR0,3,S2234200,S2234200,7,2022-08-16,0R,pAMR0,259,0,future_no_significant_rejection,1,0.5128209087592088
time_only,pair_000664,patient_8a989ce38f711fa1,S2151614,S2151614,1,2021-11-30,0R,pAMR0,3,S2248983,S2248983,8,2022-11-22,0R,pAMR0,357,0,future_no_significant_rejection,1,0.5175286755305221
time_only,pair_000665,patient_8a989ce38f711fa1,S2154958,S2154958,2,2021-12-21,0R,pAMR0,3,S2202568,S2202568,3,2022-01-18,0R,pAMR0,28,0,future_no_significant_rejection,1,0.48051999517441435
time_only,pair_000666,patient_8a989ce38f711fa1,S2154958,S2154958,2,2021-12-21,0R,pAMR0,3,S2207350,S2207350,4,2022-02-22,0R,pAMR0,63,0,future_no_significant_rejection,1,0.49217266039675694
time_only,pair_000667,patient_8a989ce38f711fa1,S2154958,S2154958,2,2021-12-21,0R,pAMR0,3,S2213274,S2213274,5,2022-04-05,0R,pAMR0,105,0,future_no_significant_rejection,1,0.4996052850688522
time_only,pair_000668,patient_8a989ce38f711fa1,S2154958,S2154958,2,2021-12-21,0R,pAMR0,3,S2222062,S2222062,6,2022-05-31,0R,pAMR0,161,0,future_no_significant_rejection,1,0.5058538238316267
time_only,pair_000669,patient_8a989ce38f711fa1,S2154958,S2154958,2,2021-12-21,0R,pAMR0,3,S2234200,S2234200,7,2022-08-16,0R,pAMR0,238,0,future_no_significant_rejection,1,0.5115809232507132
time_only,pair_000670,patient_8a989ce38f711fa1,S2154958,S2154958,2,2021-12-21,0R,pAMR0,3,S2248983,S2248983,8,2022-11-22,0R,pAMR0,336,0,future_no_significant_rejection,1,0.5166391478593695
time_only,pair_000671,patient_8a989ce38f711fa1,S2202568,S2202568,3,2022-01-18,0R,pAMR0,1,S2207350,S2207350,4,2022-02-22,0R,pAMR0,35,0,future_no_significant_rejection,1,0.48370136757875287
time_only,pair_000672,patient_8a989ce38f711fa1,S2202568,S2202568,3,2022-01-18,0R,pAMR0,1,S2213274,S2213274,5,2022-04-05,0R,pAMR0,77,0,future_no_significant_rejection,1,0.4950866047356783
time_only,pair_000673,patient_8a989ce38f711fa1,S2202568,S2202568,3,2022-01-18,0R,pAMR0,1,S2222062,S2222062,6,2022-05-31,0R,pAMR0,133,0,future_no_significant_rejection,1,0.5030585053744006
time_only,pair_000674,patient_8a989ce38f711fa1,S2202568,S2202568,3,2022-01-18,0R,pAMR0,1,S2234200,S2234200,7,2022-08-16,0R,pAMR0,210,0,future_no_significant_rejection,1,0.5097460374526992
time_only,pair_000675,patient_8a989ce38f711fa1,S2202568,S2202568,3,2022-01-18,0R,pAMR0,1,S2248983,S2248983,8,2022-11-22,0R,pAMR0,308,0,future_no_significant_rejection,1,0.5153625543108354
time_only,pair_000676,patient_8a989ce38f711fa1,S2207350,S2207350,4,2022-02-22,0R,pAMR0,1,S2213274,S2213274,5,2022-04-05,0R,pAMR0,42,0,future_no_significant_rejection,1,0.4863166586809092
time_only,pair_000677,patient_8a989ce38f711fa1,S2207350,S2207350,4,2022-02-22,0R,pAMR0,1,S2222062,S2222062,6,2022-05-31,0R,pAMR0,98,0,future_no_significant_rejection,1,0.4985987899263329
time_only,pair_000678,patient_8a989ce38f711fa1,S2207350,S2207350,4,2022-02-22,0R,pAMR0,1,S2234200,S2234200,7,2022-08-16,0R,pAMR0,175,0,future_no_significant_rejection,1,0.5070747439318911
time_only,pair_000679,patient_8a989ce38f711fa1,S2207350,S2207350,4,2022-02-22,0R,pAMR0,1,S2248983,S2248983,8,2022-11-22,0R,pAMR0,273,0,future_no_significant_rejection,1,0.5135930260676559
time_only,pair_000680,patient_8a989ce38f711fa1,S2213274,S2213274,5,2022-04-05,0R,pAMR0,1,S2222062,S2222062,6,2022-05-31,0R,pAMR0,56,0,future_no_significant_rejection,1,0.49046670878708254
time_only,pair_000681,patient_8a989ce38f711fa1,S2213274,S2213274,5,2022-04-05,0R,pAMR0,1,S2234200,S2234200,7,2022-08-16,0R,pAMR0,133,0,future_no_significant_rejection,1,0.5030585053744006
time_only,pair_000682,patient_8a989ce38f711fa1,S2213274,S2213274,5,2022-04-05,0R,pAMR0,1,S2248983,S2248983,8,2022-11-22,0R,pAMR0,231,0,future_no_significant_rejection,1,0.511143214794984
time_only,pair_000683,patient_8a989ce38f711fa1,S2222062,S2222062,6,2022-05-31,0R,pAMR0,1,S2234200,S2234200,7,2022-08-16,0R,pAMR0,77,0,future_no_significant_rejection,1,0.4950866047356783
time_only,pair_000684,patient_8a989ce38f711fa1,S2222062,S2222062,6,2022-05-31,0R,pAMR0,1,S2248983,S2248983,8,2022-11-22,0R,pAMR0,175,0,future_no_significant_rejection,1,0.5070747439318911
time_only,pair_000685,patient_8a989ce38f711fa1,S2234200,S2234200,7,2022-08-16,0R,pAMR0,1,S2248983,S2248983,8,2022-11-22,0R,pAMR0,98,0,future_no_significant_rejection,1,0.4985987899263329
time_only,pair_000692,patient_93ac78fffd137473,S2250149,S2250149,1,2022-11-29,1R,pAMR0,3,S2329753,S2329753,2,2023-07-11,0R,pAMR0,224,0,future_no_significant_rejection,1,0.5106920773862104
time_only,pair_000693,patient_9665aa8b62656cf9,S2530985,S2530985,1,2025-09-30,0R,pAMR0,1,S2531985,S2531985,2,2025-10-14,0R,pAMR0,14,0,future_no_significant_rejection,1,0.4708310920035091
time_only,pair_000694,patient_98877b8b3d3e8763,S2133158,S2133158,1,2021-08-03,0R,pAMR0,1,S2140147,S2140147,2,2021-09-13,1R,pAMR0,41,0,future_no_significant_rejection,1,0.4859702668856458
time_only,pair_000695,patient_98877b8b3d3e8763,S2133158,S2133158,1,2021-08-03,0R,pAMR0,1,S2147205,S2147205,3,2021-11-02,1R,pAMR0,91,0,future_no_significant_rejection,1,0.49751846925210486
time_only,pair_000696,patient_98877b8b3d3e8763,S2133158,S2133158,1,2021-08-03,0R,pAMR0,1,S2201380,S2201380,4,2022-01-10,0R,pAMR0,160,0,future_no_significant_rejection,1,0.505762614257018
time_only,pair_000697,patient_98877b8b3d3e8763,S2133158,S2133158,1,2021-08-03,0R,pAMR0,1,S2211180,S2211180,5,2022-03-22,0R,pAMR0,231,0,future_no_significant_rejection,1,0.511143214794984
time_only,pair_000698,patient_98877b8b3d3e8763,S2133158,S2133158,1,2021-08-03,0R,pAMR0,1,S2225226,S2225226,6,2022-06-21,0R,pAMR0,322,0,future_no_significant_rejection,1,0.516014714575686
time_only,pair_000699,patient_98877b8b3d3e8763,S2140147,S2140147,2,2021-09-13,1R,pAMR0,1,S2147205,S2147205,3,2021-11-02,1R,pAMR0,50,0,future_no_significant_rejection,1,0.4888288046776353
time_only,pair_000700,patient_98877b8b3d3e8763,S2140147,S2140147,2,2021-09-13,1R,pAMR0,1,S2201380,S2201380,4,2022-01-10,0R,pAMR0,119,0,future_no_significant_rejection,1,0.5014328603219114
time_only,pair_000701,patient_98877b8b3d3e8763,S2140147,S2140147,2,2021-09-13,1R,pAMR0,1,S2211180,S2211180,5,2022-03-22,0R,pAMR0,190,0,future_no_significant_rejection,1,0.5082794047058857
time_only,pair_000702,patient_98877b8b3d3e8763,S2140147,S2140147,2,2021-09-13,1R,pAMR0,1,S2225226,S2225226,6,2022-06-21,0R,pAMR0,281,0,future_no_significant_rejection,1,0.5140166828171993
time_only,pair_000703,patient_98877b8b3d3e8763,S2147205,S2147205,3,2021-11-02,1R,pAMR0,2,S2201380,S2201380,4,2022-01-10,0R,pAMR0,69,0,future_no_significant_rejection,1,0.49349258041453165
time_only,pair_000704,patient_98877b8b3d3e8763,S2147205,S2147205,3,2021-11-02,1R,pAMR0,2,S2211180,S2211180,5,2022-03-22,0R,pAMR0,140,0,future_no_significant_rejection,1,0.5038086392576772
time_only,pair_000705,patient_98877b8b3d3e8763,S2147205,S2147205,3,2021-11-02,1R,pAMR0,2,S2225226,S2225226,6,2022-06-21,0R,pAMR0,231,0,future_no_significant_rejection,1,0.511143214794984
time_only,pair_000706,patient_98877b8b3d3e8763,S2201380,S2201380,4,2022-01-10,0R,pAMR0,2,S2211180,S2211180,5,2022-03-22,0R,pAMR0,71,0,future_no_significant_rejection,1,0.4939075359553759
time_only,pair_000707,patient_98877b8b3d3e8763,S2201380,S2201380,4,2022-01-10,0R,pAMR0,2,S2225226,S2225226,6,2022-06-21,0R,pAMR0,162,0,future_no_significant_rejection,1,0.5059444717269496
time_only,pair_000708,patient_98877b8b3d3e8763,S2211180,S2211180,5,2022-03-22,0R,pAMR0,1,S2225226,S2225226,6,2022-06-21,0R,pAMR0,91,0,future_no_significant_rejection,1,0.49751846925210486
time_only,pair_000800,patient_bdc3f4ebb82da82e,S2436454,S2436454,1,2024-12-17,0R,pAMR0,2,S2437882,S2437882,2,2024-12-31,0R,pAMR1,14,1,future_significant_rejection,1,0.4708310920035091
time_only,pair_000801,patient_bdc3f4ebb82da82e,S2436454,S2436454,1,2024-12-17,0R,pAMR0,2,S2503127,S2503127,3,2025-02-04,1R,pAMR0,49,0,future_no_significant_rejection,1,0.4885372161482918
time_only,pair_000802,patient_bdc3f4ebb82da82e,S2436454,S2436454,1,2024-12-17,0R,pAMR0,2,S2506960,S2506960,4,2025-03-11,1R,pAMR0,84,0,future_no_significant_rejection,1,0.49635263983379285
time_only,pair_000803,patient_bdc3f4ebb82da82e,S2436454,S2436454,1,2024-12-17,0R,pAMR0,2,S2516970,S2516970,5,2025-06-10,1R,pAMR0,175,0,future_no_significant_rejection,1,0.5070747439318911
time_only,pair_000804,patient_c18ca7616a5ad1b6,S2400070,S2400070,1,2024-01-02,0R,pAMR0,1,S2405217,S2405217,2,2024-01-31,0R,pAMR0,29,0,future_no_significant_rejection,1,0.48101870371273175
time_only,pair_000805,patient_c18ca7616a5ad1b6,S2400070,S2400070,1,2024-01-02,0R,pAMR0,1,S2408482,S2408482,3,2024-02-27,0R,pAMR0,56,0,future_no_significant_rejection,1,0.49046670878708254
time_only,pair_000806,patient_c18ca7616a5ad1b6,S2400070,S2400070,1,2024-01-02,0R,pAMR0,1,S2412061,S2412061,4,2024-04-16,0R,pAMR0,105,0,future_no_significant_rejection,1,0.4996052850688522
time_only,pair_000807,patient_c18ca7616a5ad1b6,S2400070,S2400070,1,2024-01-02,0R,pAMR0,1,S2414954,S2414954,5,2024-05-21,0R,pAMR0,140,0,future_no_significant_rejection,1,0.5038086392576772
time_only,pair_000808,patient_c18ca7616a5ad1b6,S2400070,S2400070,1,2024-01-02,0R,pAMR0,1,S2434134,S2434134,6,2024-11-26,0R,pAMR0,329,0,future_no_significant_rejection,1,0.5163302492271918
time_only,pair_000809,patient_c18ca7616a5ad1b6,S2405217,S2405217,2,2024-01-31,0R,pAMR0,1,S2408482,S2408482,3,2024-02-27,0R,pAMR0,27,0,future_no_significant_rejection,1,0.4800038254545954
time_only,pair_000810,patient_c18ca7616a5ad1b6,S2405217,S2405217,2,2024-01-31,0R,pAMR0,1,S2412061,S2412061,4,2024-04-16,0R,pAMR0,76,0,future_no_significant_rejection,1,0.4948965271449497
time_only,pair_000811,patient_c18ca7616a5ad1b6,S2405217,S2405217,2,2024-01-31,0R,pAMR0,1,S2414954,S2414954,5,2024-05-21,0R,pAMR0,111,0,future_no_significant_rejection,1,0.5004164413453331
time_only,pair_000812,patient_c18ca7616a5ad1b6,S2405217,S2405217,2,2024-01-31,0R,pAMR0,1,S2434134,S2434134,6,2024-11-26,0R,pAMR0,300,0,future_no_significant_rejection,1,0.5149764672272983
time_only,pair_000813,patient_c18ca7616a5ad1b6,S2408482,S2408482,3,2024-02-27,0R,pAMR0,1,S2412061,S2412061,4,2024-04-16,0R,pAMR0,49,0,future_no_significant_rejection,1,0.4885372161482918
time_only,pair_000814,patient_c18ca7616a5ad1b6,S2408482,S2408482,3,2024-02-27,0R,pAMR0,1,S2414954,S2414954,5,2024-05-21,0R,pAMR0,84,0,future_no_significant_rejection,1,0.49635263983379285
time_only,pair_000815,patient_c18ca7616a5ad1b6,S2408482,S2408482,3,2024-02-27,0R,pAMR0,1,S2434134,S2434134,6,2024-11-26,0R,pAMR0,273,0,future_no_significant_rejection,1,0.5135930260676559
time_only,pair_000816,patient_c18ca7616a5ad1b6,S2412061,S2412061,4,2024-04-16,0R,pAMR0,2,S2414954,S2414954,5,2024-05-21,0R,pAMR0,35,0,future_no_significant_rejection,1,0.48370136757875287
time_only,pair_000817,patient_c18ca7616a5ad1b6,S2412061,S2412061,4,2024-04-16,0R,pAMR0,2,S2434134,S2434134,6,2024-11-26,0R,pAMR0,224,0,future_no_significant_rejection,1,0.5106920773862104
time_only,pair_000818,patient_c18ca7616a5ad1b6,S2414954,S2414954,5,2024-05-21,0R,pAMR0,2,S2434134,S2434134,6,2024-11-26,0R,pAMR0,189,0,future_no_significant_rejection,1,0.508202090694376
time_only,pair_000947,patient_d48fc489086a470f,S2327690,S2327690,1,2023-06-28,1R,pAMR0,4,S2330983,S2330983,2,2023-07-18,0R,pAMR0,20,0,future_no_significant_rejection,1,0.4757739242789131
time_only,pair_000948,patient_d48fc489086a470f,S2327690,S2327690,1,2023-06-28,1R,pAMR0,4,S2336496,S2336496,3,2023-08-22,0R,pAMR0,55,0,future_no_significant_rejection,1,0.49020605094161396
time_only,pair_000949,patient_d48fc489086a470f,S2327690,S2327690,1,2023-06-28,1R,pAMR0,4,S2343312,S2343312,4,2023-10-10,1R,pAMR0,104,0,future_no_significant_rejection,1,0.49946564161135026
time_only,pair_000950,patient_d48fc489086a470f,S2327690,S2327690,1,2023-06-28,1R,pAMR0,4,S2350730,S2350730,5,2023-11-28,2R,pAMR0,153,1,future_significant_rejection,1,0.5051078155988274
time_only,pair_000951,patient_d48fc489086a470f,S2327690,S2327690,1,2023-06-28,1R,pAMR0,4,S2412714,S2412714,6,2024-04-23,0R,pAMR0,300,0,future_no_significant_rejection,1,0.5149764672272983
time_only,pair_000952,patient_d48fc489086a470f,S2330983,S2330983,2,2023-07-18,0R,pAMR0,2,S2336496,S2336496,3,2023-08-22,0R,pAMR0,35,0,future_no_significant_rejection,1,0.48370136757875287
time_only,pair_000953,patient_d48fc489086a470f,S2330983,S2330983,2,2023-07-18,0R,pAMR0,2,S2343312,S2343312,4,2023-10-10,1R,pAMR0,84,0,future_no_significant_rejection,1,0.49635263983379285
time_only,pair_000954,patient_d48fc489086a470f,S2330983,S2330983,2,2023-07-18,0R,pAMR0,2,S2350730,S2350730,5,2023-11-28,2R,pAMR0,133,1,future_significant_rejection,1,0.5030585053744006
time_only,pair_000955,patient_d48fc489086a470f,S2330983,S2330983,2,2023-07-18,0R,pAMR0,2,S2412714,S2412714,6,2024-04-23,0R,pAMR0,280,0,future_no_significant_rejection,1,0.5139643887914794
time_only,pair_000956,patient_d48fc489086a470f,S2336496,S2336496,3,2023-08-22,0R,pAMR0,1,S2343312,S2343312,4,2023-10-10,1R,pAMR0,49,0,future_no_significant_rejection,1,0.4885372161482918
time_only,pair_000957,patient_d48fc489086a470f,S2336496,S2336496,3,2023-08-22,0R,pAMR0,1,S2350730,S2350730,5,2023-11-28,2R,pAMR0,98,1,future_significant_rejection,1,0.4985987899263329
time_only,pair_000958,patient_d48fc489086a470f,S2336496,S2336496,3,2023-08-22,0R,pAMR0,1,S2412714,S2412714,6,2024-04-23,0R,pAMR0,245,0,future_no_significant_rejection,1,0.5120059780509514
time_only,pair_000959,patient_d48fc489086a470f,S2343312,S2343312,4,2023-10-10,1R,pAMR0,1,S2350730,S2350730,5,2023-11-28,2R,pAMR0,49,1,future_significant_rejection,1,0.4885372161482918
time_only,pair_000960,patient_d48fc489086a470f,S2343312,S2343312,4,2023-10-10,1R,pAMR0,1,S2412714,S2412714,6,2024-04-23,0R,pAMR0,196,0,future_no_significant_rejection,1,0.5087349468373745
time_only,pair_001010,patient_dd2e6df63e5c36b4,S2330984,S2330984,1,2023-07-18,0R,pAMR0,3,S2334388,S2334388,2,2023-08-08,0R,pAMR0,21,0,future_no_significant_rejection,1,0.4764577065707534
time_only,pair_001011,patient_dd2e6df63e5c36b4,S2330984,S2330984,1,2023-07-18,0R,pAMR0,3,S2338783,S2338783,3,2023-09-05,0R,pAMR0,49,0,future_no_significant_rejection,1,0.4885372161482918
time_only,pair_001012,patient_dd2e6df63e5c36b4,S2330984,S2330984,1,2023-07-18,0R,pAMR0,3,S2343311,S2343311,4,2023-10-10,0R,pAMR0,84,0,future_no_significant_rejection,1,0.49635263983379285
time_only,pair_001013,patient_dd2e6df63e5c36b4,S2330984,S2330984,1,2023-07-18,0R,pAMR0,3,S2407940,S2407940,5,2024-02-20,0R,pAMR0,217,0,future_no_significant_rejection,1,0.5102266622320902
time_only,pair_001014,patient_dd2e6df63e5c36b4,S2330984,S2330984,1,2023-07-18,0R,pAMR0,3,S2421430,S2421430,6,2024-07-23,0R,pAMR0,371,0,future_no_significant_rejection,1,0.5180931016792384
time_only,pair_001015,patient_dd2e6df63e5c36b4,S2334388,S2334388,2,2023-08-08,0R,pAMR0,2,S2338783,S2338783,3,2023-09-05,0R,pAMR0,28,0,future_no_significant_rejection,1,0.48051999517441435
time_only,pair_001016,patient_dd2e6df63e5c36b4,S2334388,S2334388,2,2023-08-08,0R,pAMR0,2,S2343311,S2343311,4,2023-10-10,0R,pAMR0,63,0,future_no_significant_rejection,1,0.49217266039675694
time_only,pair_001017,patient_dd2e6df63e5c36b4,S2334388,S2334388,2,2023-08-08,0R,pAMR0,2,S2407940,S2407940,5,2024-02-20,0R,pAMR0,196,0,future_no_significant_rejection,1,0.5087349468373745
time_only,pair_001018,patient_dd2e6df63e5c36b4,S2334388,S2334388,2,2023-08-08,0R,pAMR0,2,S2421430,S2421430,6,2024-07-23,0R,pAMR0,350,0,future_no_significant_rejection,1,0.5172381121919687
time_only,pair_001019,patient_dd2e6df63e5c36b4,S2338783,S2338783,3,2023-09-05,0R,pAMR0,3,S2343311,S2343311,4,2023-10-10,0R,pAMR0,35,0,future_no_significant_rejection,1,0.48370136757875287
time_only,pair_001020,patient_dd2e6df63e5c36b4,S2338783,S2338783,3,2023-09-05,0R,pAMR0,3,S2407940,S2407940,5,2024-02-20,0R,pAMR0,168,0,future_no_significant_rejection,1,0.506476939803158
time_only,pair_001021,patient_dd2e6df63e5c36b4,S2338783,S2338783,3,2023-09-05,0R,pAMR0,3,S2421430,S2421430,6,2024-07-23,0R,pAMR0,322,0,future_no_significant_rejection,1,0.516014714575686
time_only,pair_001022,patient_dd2e6df63e5c36b4,S2343311,S2343311,4,2023-10-10,0R,pAMR0,1,S2407940,S2407940,5,2024-02-20,0R,pAMR0,133,0,future_no_significant_rejection,1,0.5030585053744006
time_only,pair_001023,patient_dd2e6df63e5c36b4,S2343311,S2343311,4,2023-10-10,0R,pAMR0,1,S2421430,S2421430,6,2024-07-23,0R,pAMR0,287,0,future_no_significant_rejection,1,0.5143265985113189
time_only,pair_001024,patient_dd2e6df63e5c36b4,S2407940,S2407940,5,2024-02-20,0R,pAMR0,1,S2421430,S2421430,6,2024-07-23,0R,pAMR0,154,0,future_no_significant_rejection,1,0.5052031604038506
time_only,pair_001052,patient_e430ff1077ac4267,S2418586,S2418586,1,2024-06-26,0R,pAMR0,4,S2421434,S2421434,2,2024-07-23,0R,pAMR0,27,0,future_no_significant_rejection,1,0.4800038254545954
time_only,pair_001053,patient_e430ff1077ac4267,S2418586,S2418586,1,2024-06-26,0R,pAMR0,4,S2429064,S2429064,3,2024-10-08,0R,pAMR0,104,0,future_no_significant_rejection,1,0.49946564161135026
time_only,pair_001054,patient_e430ff1077ac4267,S2418586,S2418586,1,2024-06-26,0R,pAMR0,4,S2431864,S2431864,4,2024-11-05,0R,pAMR0,132,0,future_no_significant_rejection,1,0.5029481546286448
time_only,pair_001055,patient_e430ff1077ac4267,S2418586,S2418586,1,2024-06-26,0R,pAMR0,4,S2436456,S2436456,5,2024-12-17,0R,pAMR1,174,1,future_significant_rejection,1,0.5069908156557802
time_only,pair_001056,patient_e430ff1077ac4267,S2418586,S2418586,1,2024-06-26,0R,pAMR0,4,S2502092,S2502092,6,2025-01-21,0R,pAMR0,209,0,future_no_significant_rejection,1,0.5096760766087278
time_only,pair_001057,patient_e430ff1077ac4267,S2421434,S2421434,2,2024-07-23,0R,pAMR0,6,S2429064,S2429064,3,2024-10-08,0R,pAMR0,77,0,future_no_significant_rejection,1,0.4950866047356783
time_only,pair_001058,patient_e430ff1077ac4267,S2421434,S2421434,2,2024-07-23,0R,pAMR0,6,S2431864,S2431864,4,2024-11-05,0R,pAMR0,105,0,future_no_significant_rejection,1,0.4996052850688522
time_only,pair_001059,patient_e430ff1077ac4267,S2421434,S2421434,2,2024-07-23,0R,pAMR0,6,S2436456,S2436456,5,2024-12-17,0R,pAMR1,147,1,future_significant_rejection,1,0.5045224040244292
time_only,pair_001060,patient_e430ff1077ac4267,S2421434,S2421434,2,2024-07-23,0R,pAMR0,6,S2502092,S2502092,6,2025-01-21,0R,pAMR0,182,0,future_no_significant_rejection,1,0.5076492102933853
time_only,pair_001061,patient_e430ff1077ac4267,S2429064,S2429064,3,2024-10-08,0R,pAMR0,6,S2431864,S2431864,4,2024-11-05,0R,pAMR0,28,0,future_no_significant_rejection,1,0.48051999517441435
time_only,pair_001062,patient_e430ff1077ac4267,S2429064,S2429064,3,2024-10-08,0R,pAMR0,6,S2436456,S2436456,5,2024-12-17,0R,pAMR1,70,1,future_significant_rejection,1,0.4937015182595153
time_only,pair_001063,patient_e430ff1077ac4267,S2429064,S2429064,3,2024-10-08,0R,pAMR0,6,S2502092,S2502092,6,2025-01-21,0R,pAMR0,105,0,future_no_significant_rejection,1,0.4996052850688522
time_only,pair_001064,patient_e430ff1077ac4267,S2431864,S2431864,4,2024-11-05,0R,pAMR0,2,S2436456,S2436456,5,2024-12-17,0R,pAMR1,42,1,future_significant_rejection,1,0.4863166586809092
time_only,pair_001065,patient_e430ff1077ac4267,S2431864,S2431864,4,2024-11-05,0R,pAMR0,2,S2502092,S2502092,6,2025-01-21,0R,pAMR0,77,0,future_no_significant_rejection,1,0.4950866047356783
time_only,pair_001161,patient_fe8ccc87e7ab7c65,S2208365,S2208365,1,2022-03-02,1R,pAMR0,4,S2210201,S2210201,2,2022-03-15,1R,pAMR0,13,0,future_no_significant_rejection,1,0.46981824990324894
time_only,pair_001162,patient_fe8ccc87e7ab7c65,S2208365,S2208365,1,2022-03-02,1R,pAMR0,4,S2215451,S2215451,3,2022-04-19,1R,pAMR0,48,0,future_no_significant_rejection,1,0.48823974458497893
time_only,pair_001163,patient_fe8ccc87e7ab7c65,S2208365,S2208365,1,2022-03-02,1R,pAMR0,4,S2226375,S2226375,4,2022-06-28,0R,pAMR0,118,0,future_no_significant_rejection,1,0.5013095777916098
time_only,pair_001164,patient_fe8ccc87e7ab7c65,S2208365,S2208365,1,2022-03-02,1R,pAMR0,4,S2233278,S2233278,5,2022-08-09,0R,pAMR0,160,0,future_no_significant_rejection,1,0.505762614257018
time_only,pair_001165,patient_fe8ccc87e7ab7c65,S2208365,S2208365,1,2022-03-02,1R,pAMR0,4,S2247858,S2247858,6,2022-11-15,0R,pAMR0,258,0,future_no_significant_rejection,1,0.5127641740317501
time_only,pair_001166,patient_fe8ccc87e7ab7c65,S2208365,S2208365,1,2022-03-02,1R,pAMR0,4,S2308039,S2308039,7,2023-02-21,1R,pAMR0,356,0,future_no_significant_rejection,1,0.5174875168365174
time_only,pair_001167,patient_fe8ccc87e7ab7c65,S2210201,S2210201,2,2022-03-15,1R,pAMR0,3,S2215451,S2215451,3,2022-04-19,1R,pAMR0,35,0,future_no_significant_rejection,1,0.48370136757875287
time_only,pair_001168,patient_fe8ccc87e7ab7c65,S2210201,S2210201,2,2022-03-15,1R,pAMR0,3,S2226375,S2226375,4,2022-06-28,0R,pAMR0,105,0,future_no_significant_rejection,1,0.4996052850688522
time_only,pair_001169,patient_fe8ccc87e7ab7c65,S2210201,S2210201,2,2022-03-15,1R,pAMR0,3,S2233278,S2233278,5,2022-08-09,0R,pAMR0,147,0,future_no_significant_rejection,1,0.5045224040244292
time_only,pair_001170,patient_fe8ccc87e7ab7c65,S2210201,S2210201,2,2022-03-15,1R,pAMR0,3,S2247858,S2247858,6,2022-11-15,0R,pAMR0,245,0,future_no_significant_rejection,1,0.5120059780509514
time_only,pair_001171,patient_fe8ccc87e7ab7c65,S2210201,S2210201,2,2022-03-15,1R,pAMR0,3,S2308039,S2308039,7,2023-02-21,1R,pAMR0,343,0,future_no_significant_rejection,1,0.5169416833765115
time_only,pair_001172,patient_fe8ccc87e7ab7c65,S2215451,S2215451,3,2022-04-19,1R,pAMR0,1,S2226375,S2226375,4,2022-06-28,0R,pAMR0,70,0,future_no_significant_rejection,1,0.4937015182595153
time_only,pair_001173,patient_fe8ccc87e7ab7c65,S2215451,S2215451,3,2022-04-19,1R,pAMR0,1,S2233278,S2233278,5,2022-08-09,0R,pAMR0,112,0,future_no_significant_rejection,1,0.5005473957498555
time_only,pair_001174,patient_fe8ccc87e7ab7c65,S2215451,S2215451,3,2022-04-19,1R,pAMR0,1,S2247858,S2247858,6,2022-11-15,0R,pAMR0,210,0,future_no_significant_rejection,1,0.5097460374526992
time_only,pair_001175,patient_fe8ccc87e7ab7c65,S2215451,S2215451,3,2022-04-19,1R,pAMR0,1,S2308039,S2308039,7,2023-02-21,1R,pAMR0,308,0,future_no_significant_rejection,1,0.5153625543108354
time_only,pair_001176,patient_fe8ccc87e7ab7c65,S2226375,S2226375,4,2022-06-28,0R,pAMR0,1,S2233278,S2233278,5,2022-08-09,0R,pAMR0,42,0,future_no_significant_rejection,1,0.4863166586809092
time_only,pair_001177,patient_fe8ccc87e7ab7c65,S2226375,S2226375,4,2022-06-28,0R,pAMR0,1,S2247858,S2247858,6,2022-11-15,0R,pAMR0,140,0,future_no_significant_rejection,1,0.5038086392576772
time_only,pair_001178,patient_fe8ccc87e7ab7c65,S2226375,S2226375,4,2022-06-28,0R,pAMR0,1,S2308039,S2308039,7,2023-02-21,1R,pAMR0,238,0,future_no_significant_rejection,1,0.5115809232507132
time_only,pair_001179,patient_fe8ccc87e7ab7c65,S2233278,S2233278,5,2022-08-09,0R,pAMR0,1,S2247858,S2247858,6,2022-11-15,0R,pAMR0,98,0,future_no_significant_rejection,1,0.4985987899263329
time_only,pair_001180,patient_fe8ccc87e7ab7c65,S2233278,S2233278,5,2022-08-09,0R,pAMR0,1,S2308039,S2308039,7,2023-02-21,1R,pAMR0,196,0,future_no_significant_rejection,1,0.5087349468373745
time_only,pair_001181,patient_fe8ccc87e7ab7c65,S2247858,S2247858,6,2022-11-15,0R,pAMR0,1,S2308039,S2308039,7,2023-02-21,1R,pAMR0,98,0,future_no_significant_rejection,1,0.4985987899263329
time_only,pair_000002,patient_0349492572c92ab0,S2329754,S2329754,1,2023-07-11,0R,pAMR0,4,S2332143,S2332143,2,2023-07-25,1R,pAMR0,14,0,future_no_significant_rejection,2,0.7132212344367057
time_only,pair_000003,patient_0349492572c92ab0,S2329754,S2329754,1,2023-07-11,0R,pAMR0,4,S2342914,S2342914,3,2023-10-05,0R,pAMR0,86,0,future_no_significant_rejection,2,0.4947773807233547
time_only,pair_000004,patient_0349492572c92ab0,S2332143,S2332143,2,2023-07-25,1R,pAMR0,3,S2342914,S2342914,3,2023-10-05,0R,pAMR0,72,0,future_no_significant_rejection,2,0.5180239909144825
time_only,pair_000047,patient_110e1e825f43e305,S2314590,S2314590,1,2023-04-04,1R,pAMR0,5,S2318026,S2318026,2,2023-04-25,0R,pAMR0,21,0,future_no_significant_rejection,2,0.6699652253933683
time_only,pair_000048,patient_110e1e825f43e305,S2314590,S2314590,1,2023-04-04,1R,pAMR0,5,S2327486,S2327486,3,2023-06-27,0R,pAMR0,84,0,future_no_significant_rejection,2,0.4978597539442609
time_only,pair_000049,patient_110e1e825f43e305,S2314590,S2314590,1,2023-04-04,1R,pAMR0,5,S2334385,S2334385,4,2023-08-08,1R,pAMR0,126,0,future_no_significant_rejection,2,0.44486383418916947
time_only,pair_000050,patient_110e1e825f43e305,S2314590,S2314590,1,2023-04-04,1R,pAMR0,5,S2340935,S2340935,5,2023-09-19,1R,pAMR0,168,0,future_no_significant_rejection,2,0.40783508842024474
time_only,pair_000051,patient_110e1e825f43e305,S2314590,S2314590,1,2023-04-04,1R,pAMR0,5,S2353996,S2353996,6,2023-12-19,1R,pAMR0,259,0,future_no_significant_rejection,2,0.3540434771130774
time_only,pair_000052,patient_110e1e825f43e305,S2314590,S2314590,1,2023-04-04,1R,pAMR0,5,S2410453,S2410453,7,2024-03-26,0R,pAMR0,357,0,future_no_significant_rejection,2,0.31628670368059053
time_only,pair_000053,patient_110e1e825f43e305,S2318026,S2318026,2,2023-04-25,0R,pAMR0,1,S2327486,S2327486,3,2023-06-27,0R,pAMR0,63,0,future_no_significant_rejection,2,0.5354120304841316
time_only,pair_000054,patient_110e1e825f43e305,S2318026,S2318026,2,2023-04-25,0R,pAMR0,1,S2334385,S2334385,4,2023-08-08,1R,pAMR0,105,0,future_no_significant_rejection,2,0.46863693910605164
time_only,pair_000055,patient_110e1e825f43e305,S2318026,S2318026,2,2023-04-25,0R,pAMR0,1,S2340935,S2340935,5,2023-09-19,1R,pAMR0,147,0,future_no_significant_rejection,2,0.4249280584075487
time_only,pair_000056,patient_110e1e825f43e305,S2318026,S2318026,2,2023-04-25,0R,pAMR0,1,S2353996,S2353996,6,2023-12-19,1R,pAMR0,238,0,future_no_significant_rejection,2,0.36432011789197605
time_only,pair_000057,patient_110e1e825f43e305,S2318026,S2318026,2,2023-04-25,0R,pAMR0,1,S2410453,S2410453,7,2024-03-26,0R,pAMR0,336,0,future_no_significant_rejection,2,0.32325774903935206
time_only,pair_000058,patient_110e1e825f43e305,S2327486,S2327486,3,2023-06-27,0R,pAMR0,4,S2334385,S2334385,4,2023-08-08,1R,pAMR0,42,0,future_no_significant_rejection,2,0.5872787445412484
time_only,pair_000059,patient_110e1e825f43e305,S2327486,S2327486,3,2023-06-27,0R,pAMR0,4,S2340935,S2340935,5,2023-09-19,1R,pAMR0,84,0,future_no_significant_rejection,2,0.4978597539442609
time_only,pair_000060,patient_110e1e825f43e305,S2327486,S2327486,3,2023-06-27,0R,pAMR0,4,S2353996,S2353996,6,2023-12-19,1R,pAMR0,175,0,future_no_significant_rejection,2,0.4026490266523421
time_only,pair_000061,patient_110e1e825f43e305,S2327486,S2327486,3,2023-06-27,0R,pAMR0,4,S2410453,S2410453,7,2024-03-26,0R,pAMR0,273,0,future_no_significant_rejection,2,0.34771049369454443
time_only,pair_000062,patient_110e1e825f43e305,S2334385,S2334385,4,2023-08-08,1R,pAMR0,2,S2340935,S2340935,5,2023-09-19,1R,pAMR0,42,0,future_no_significant_rejection,2,0.5872787445412484
time_only,pair_000063,patient_110e1e825f43e305,S2334385,S2334385,4,2023-08-08,1R,pAMR0,2,S2353996,S2353996,6,2023-12-19,1R,pAMR0,133,0,future_no_significant_rejection,2,0.43785045219778834
time_only,pair_000064,patient_110e1e825f43e305,S2334385,S2334385,4,2023-08-08,1R,pAMR0,2,S2410453,S2410453,7,2024-03-26,0R,pAMR0,231,0,future_no_significant_rejection,2,0.36797775312505737
time_only,pair_000065,patient_110e1e825f43e305,S2340935,S2340935,5,2023-09-19,1R,pAMR0,2,S2353996,S2353996,6,2023-12-19,1R,pAMR0,91,0,future_no_significant_rejection,2,0.4873732743852252
time_only,pair_000066,patient_110e1e825f43e305,S2340935,S2340935,5,2023-09-19,1R,pAMR0,2,S2410453,S2410453,7,2024-03-26,0R,pAMR0,189,0,future_no_significant_rejection,2,0.3929284394829625
time_only,pair_000067,patient_110e1e825f43e305,S2353996,S2353996,6,2023-12-19,1R,pAMR0,1,S2410453,S2410453,7,2024-03-26,0R,pAMR0,98,0,future_no_significant_rejection,2,0.47766586429210645
time_only,pair_000069,patient_1bb6673f07107d9c,S2228789,S2228789,1,2022-07-12,0R,pAMR0,1,S2231091,S2231091,2,2022-07-26,1R,pAMR0,14,0,future_no_significant_rejection,2,0.7132212344367057
time_only,pair_000070,patient_1bb6673f07107d9c,S2228789,S2228789,1,2022-07-12,0R,pAMR0,1,S2234199,S2234199,3,2022-08-16,0R,pAMR0,35,0,future_no_significant_rejection,2,0.6099088760694382
time_only,pair_000071,patient_1bb6673f07107d9c,S2228789,S2228789,1,2022-07-12,0R,pAMR0,1,S2240726,S2240726,4,2022-09-27,0R,pAMR0,77,0,future_no_significant_rejection,2,0.5092498113617494
time_only,pair_000072,patient_1bb6673f07107d9c,S2228789,S2228789,1,2022-07-12,0R,pAMR0,1,S2311236,S2311236,5,2023-03-14,0R,pAMR0,245,0,future_no_significant_rejection,2,0.36078301481739977
time_only,pair_000073,patient_1bb6673f07107d9c,S2231091,S2231091,2,2022-07-26,1R,pAMR0,2,S2234199,S2234199,3,2022-08-16,0R,pAMR0,21,0,future_no_significant_rejection,2,0.6699652253933683
time_only,pair_000074,patient_1bb6673f07107d9c,S2231091,S2231091,2,2022-07-26,1R,pAMR0,2,S2240726,S2240726,4,2022-09-27,0R,pAMR0,63,0,future_no_significant_rejection,2,0.5354120304841316
time_only,pair_000075,patient_1bb6673f07107d9c,S2231091,S2231091,2,2022-07-26,1R,pAMR0,2,S2311236,S2311236,5,2023-03-14,0R,pAMR0,231,0,future_no_significant_rejection,2,0.36797775312505737
time_only,pair_000076,patient_1bb6673f07107d9c,S2234199,S2234199,3,2022-08-16,0R,pAMR0,1,S2240726,S2240726,4,2022-09-27,0R,pAMR0,42,0,future_no_significant_rejection,2,0.5872787445412484
time_only,pair_000077,patient_1bb6673f07107d9c,S2234199,S2234199,3,2022-08-16,0R,pAMR0,1,S2311236,S2311236,5,2023-03-14,0R,pAMR0,210,0,future_no_significant_rejection,2,0.3797523420301568
time_only,pair_000078,patient_1bb6673f07107d9c,S2240726,S2240726,4,2022-09-27,0R,pAMR0,1,S2311236,S2311236,5,2023-03-14,0R,pAMR0,168,0,future_no_significant_rejection,2,0.40783508842024474
time_only,pair_000079,patient_1d9bc9798ff5fad2,S2429062,S2429062,1,2024-10-08,0R,pAMR0,7,S2434915,S2434915,2,2024-12-03,1R,pAMR0,56,0,future_no_significant_rejection,2,0.5506498691194912
time_only,pair_000080,patient_1d9bc9798ff5fad2,S2429062,S2429062,1,2024-10-08,0R,pAMR0,7,S2501300,S2501300,3,2025-01-14,0R,pAMR0,98,0,future_no_significant_rejection,2,0.47766586429210645
time_only,pair_000081,patient_1d9bc9798ff5fad2,S2429062,S2429062,1,2024-10-08,0R,pAMR0,7,S2505507,S2505507,4,2025-02-25,0R,pAMR0,140,0,future_no_significant_rejection,2,0.4312171243879901
time_only,pair_000082,patient_1d9bc9798ff5fad2,S2429062,S2429062,1,2024-10-08,0R,pAMR0,7,S2516971,S2516971,5,2025-06-10,0R,pAMR0,245,0,future_no_significant_rejection,2,0.36078301481739977
time_only,pair_000083,patient_1d9bc9798ff5fad2,S2429062,S2429062,1,2024-10-08,0R,pAMR0,7,S2528218,S2528218,6,2025-09-09,0R,pAMR0,336,0,future_no_significant_rejection,2,0.32325774903935206
time_only,pair_000084,patient_1d9bc9798ff5fad2,S2434915,S2434915,2,2024-12-03,1R,pAMR0,2,S2501300,S2501300,3,2025-01-14,0R,pAMR0,42,0,future_no_significant_rejection,2,0.5872787445412484
time_only,pair_000085,patient_1d9bc9798ff5fad2,S2434915,S2434915,2,2024-12-03,1R,pAMR0,2,S2505507,S2505507,4,2025-02-25,0R,pAMR0,84,0,future_no_significant_rejection,2,0.4978597539442609
time_only,pair_000086,patient_1d9bc9798ff5fad2,S2434915,S2434915,2,2024-12-03,1R,pAMR0,2,S2516971,S2516971,5,2025-06-10,0R,pAMR0,189,0,future_no_significant_rejection,2,0.3929284394829625
time_only,pair_000087,patient_1d9bc9798ff5fad2,S2434915,S2434915,2,2024-12-03,1R,pAMR0,2,S2528218,S2528218,6,2025-09-09,0R,pAMR0,280,0,future_no_significant_rejection,2,0.3446832655048349
time_only,pair_000088,patient_1d9bc9798ff5fad2,S2501300,S2501300,3,2025-01-14,0R,pAMR0,6,S2505507,S2505507,4,2025-02-25,0R,pAMR0,42,0,future_no_significant_rejection,2,0.5872787445412484
time_only,pair_000089,patient_1d9bc9798ff5fad2,S2501300,S2501300,3,2025-01-14,0R,pAMR0,6,S2516971,S2516971,5,2025-06-10,0R,pAMR0,147,0,future_no_significant_rejection,2,0.4249280584075487
time_only,pair_000090,patient_1d9bc9798ff5fad2,S2501300,S2501300,3,2025-01-14,0R,pAMR0,6,S2528218,S2528218,6,2025-09-09,0R,pAMR0,238,0,future_no_significant_rejection,2,0.36432011789197605
time_only,pair_000091,patient_1d9bc9798ff5fad2,S2505507,S2505507,4,2025-02-25,0R,pAMR0,1,S2516971,S2516971,5,2025-06-10,0R,pAMR0,105,0,future_no_significant_rejection,2,0.46863693910605164
time_only,pair_000092,patient_1d9bc9798ff5fad2,S2505507,S2505507,4,2025-02-25,0R,pAMR0,1,S2528218,S2528218,6,2025-09-09,0R,pAMR0,196,0,future_no_significant_rejection,2,0.38836247550712566
time_only,pair_000093,patient_1d9bc9798ff5fad2,S2516971,S2516971,5,2025-06-10,0R,pAMR0,6,S2528218,S2528218,6,2025-09-09,0R,pAMR0,91,0,future_no_significant_rejection,2,0.4873732743852252
time_only,pair_000186,patient_29c1ec61f11c3c6d,S2133154,S2133154,1,2021-08-03,0R,pAMR0,1,S2142821,S2142821,2,2021-10-05,0R,pAMR0,63,0,future_no_significant_rejection,2,0.5354120304841316
time_only,pair_000187,patient_29c1ec61f11c3c6d,S2133154,S2133154,1,2021-08-03,0R,pAMR0,1,S2156020,S2156020,3,2021-12-28,0R,pAMR0,147,0,future_no_significant_rejection,2,0.4249280584075487
time_only,pair_000188,patient_29c1ec61f11c3c6d,S2133154,S2133154,1,2021-08-03,0R,pAMR0,1,S2210205,S2210205,4,2022-03-15,0R,pAMR0,224,0,future_no_significant_rejection,2,0.37176341214234665
time_only,pair_000189,patient_29c1ec61f11c3c6d,S2142821,S2142821,2,2021-10-05,0R,pAMR0,1,S2156020,S2156020,3,2021-12-28,0R,pAMR0,84,0,future_no_significant_rejection,2,0.4978597539442609
time_only,pair_000190,patient_29c1ec61f11c3c6d,S2142821,S2142821,2,2021-10-05,0R,pAMR0,1,S2210205,S2210205,4,2022-03-15,0R,pAMR0,161,0,future_no_significant_rejection,2,0.41326248386000647
time_only,pair_000191,patient_29c1ec61f11c3c6d,S2156020,S2156020,3,2021-12-28,0R,pAMR0,1,S2210205,S2210205,4,2022-03-15,0R,pAMR0,77,0,future_no_significant_rejection,2,0.5092498113617494
time_only,pair_000218,patient_2e5d461d7873e6f4,S2039743,S2039743,1,2020-10-20,1R,pAMR0,6,S2130898,S2130898,2,2021-07-19,0R,pAMR0,272,0,future_no_significant_rejection,2,0.34815028683325283
time_only,pair_000219,patient_2e5d461d7873e6f4,S2039743,S2039743,1,2020-10-20,1R,pAMR0,6,S2142815,S2142815,3,2021-10-05,1R,pAMR0,350,0,future_no_significant_rejection,2,0.318555011624472
time_only,pair_000220,patient_2e5d461d7873e6f4,S2039743,S2039743,1,2020-10-20,1R,pAMR0,6,S2244727,S2244727,4,2022-10-25,0R,pAMR1,735,1,future_significant_rejection,2,0.23994428664439837
time_only,pair_000221,patient_2e5d461d7873e6f4,S2039743,S2039743,1,2020-10-20,1R,pAMR0,6,S2253528,S2253528,5,2022-12-20,1R,pAMR0,791,0,future_no_significant_rejection,2,0.23292583965165317
time_only,pair_000222,patient_2e5d461d7873e6f4,S2039743,S2039743,1,2020-10-20,1R,pAMR0,6,S2311235,S2311235,6,2023-03-14,0R,pAMR0,875,0,future_no_significant_rejection,2,0.2235134950183434
time_only,pair_000223,patient_2e5d461d7873e6f4,S2130898,S2130898,2,2021-07-19,0R,pAMR0,1,S2142815,S2142815,3,2021-10-05,1R,pAMR0,78,0,future_no_significant_rejection,2,0.5075618128268866
time_only,pair_000224,patient_2e5d461d7873e6f4,S2130898,S2130898,2,2021-07-19,0R,pAMR0,1,S2244727,S2244727,4,2022-10-25,0R,pAMR1,463,1,future_significant_rejection,2,0.28732915541135173
time_only,pair_000225,patient_2e5d461d7873e6f4,S2130898,S2130898,2,2021-07-19,0R,pAMR0,1,S2253528,S2253528,5,2022-12-20,1R,pAMR0,519,0,future_no_significant_rejection,2,0.2751194352737394
time_only,pair_000226,patient_2e5d461d7873e6f4,S2130898,S2130898,2,2021-07-19,0R,pAMR0,1,S2311235,S2311235,6,2023-03-14,0R,pAMR0,603,0,future_no_significant_rejection,2,0.2595722823010589
time_only,pair_000227,patient_2e5d461d7873e6f4,S2142815,S2142815,3,2021-10-05,1R,pAMR0,1,S2244727,S2244727,4,2022-10-25,0R,pAMR1,385,1,future_significant_rejection,2,0.307717051549651
time_only,pair_000228,patient_2e5d461d7873e6f4,S2142815,S2142815,3,2021-10-05,1R,pAMR0,1,S2253528,S2253528,5,2022-12-20,1R,pAMR0,441,0,future_no_significant_rejection,2,0.29263138545643025
time_only,pair_000229,patient_2e5d461d7873e6f4,S2142815,S2142815,3,2021-10-05,1R,pAMR0,1,S2311235,S2311235,6,2023-03-14,0R,pAMR0,525,0,future_no_significant_rejection,2,0.2739080951445838
time_only,pair_000266,patient_33180b505ac426fd,S2434571,S2434571,1,2024-11-28,0R,pAMR0,6,S2501301,S2501301,2,2025-01-14,0R,pAMR0,47,0,future_no_significant_rejection,2,0.5730748025502632
time_only,pair_000267,patient_33180b505ac426fd,S2434571,S2434571,1,2024-11-28,0R,pAMR0,6,S2503128,S2503128,3,2025-02-04,0R,pAMR0,68,0,future_no_significant_rejection,2,0.5254789415327451
time_only,pair_000268,patient_33180b505ac426fd,S2434571,S2434571,1,2024-11-28,0R,pAMR0,6,S2511008,S2511008,4,2025-04-15,1R,pAMR0,138,0,future_no_significant_rejection,2,0.4330757636520778
time_only,pair_000269,patient_33180b505ac426fd,S2434571,S2434571,1,2024-11-28,0R,pAMR0,6,S2515598,S2515598,5,2025-05-27,0R,pAMR0,180,0,future_no_significant_rejection,2,0.39908205226610777
time_only,pair_000270,patient_33180b505ac426fd,S2434571,S2434571,1,2024-11-28,0R,pAMR0,6,S2521240,S2521240,6,2025-07-15,1R,pAMR0,229,0,future_no_significant_rejection,2,0.3690459619977623
time_only,pair_000271,patient_33180b505ac426fd,S2501301,S2501301,2,2025-01-14,0R,pAMR0,3,S2503128,S2503128,3,2025-02-04,0R,pAMR0,21,0,future_no_significant_rejection,2,0.6699652253933683
time_only,pair_000272,patient_33180b505ac426fd,S2501301,S2501301,2,2025-01-14,0R,pAMR0,3,S2511008,S2511008,4,2025-04-15,1R,pAMR0,91,0,future_no_significant_rejection,2,0.4873732743852252
time_only,pair_000273,patient_33180b505ac426fd,S2501301,S2501301,2,2025-01-14,0R,pAMR0,3,S2515598,S2515598,5,2025-05-27,0R,pAMR0,133,0,future_no_significant_rejection,2,0.43785045219778834
time_only,pair_000274,patient_33180b505ac426fd,S2501301,S2501301,2,2025-01-14,0R,pAMR0,3,S2521240,S2521240,6,2025-07-15,1R,pAMR0,182,0,future_no_significant_rejection,2,0.39768567469660243
time_only,pair_000275,patient_33180b505ac426fd,S2503128,S2503128,3,2025-02-04,0R,pAMR0,3,S2511008,S2511008,4,2025-04-15,1R,pAMR0,70,0,future_no_significant_rejection,2,0.521700169640197
time_only,pair_000276,patient_33180b505ac426fd,S2503128,S2503128,3,2025-02-04,0R,pAMR0,3,S2515598,S2515598,5,2025-05-27,0R,pAMR0,112,0,future_no_significant_rejection,2,0.4602040639249782
time_only,pair_000277,patient_33180b505ac426fd,S2503128,S2503128,3,2025-02-04,0R,pAMR0,3,S2521240,S2521240,6,2025-07-15,1R,pAMR0,161,0,future_no_significant_rejection,2,0.41326248386000647
time_only,pair_000278,patient_33180b505ac426fd,S2511008,S2511008,4,2025-04-15,1R,pAMR0,9,S2515598,S2515598,5,2025-05-27,0R,pAMR0,42,0,future_no_significant_rejection,2,0.5872787445412484
time_only,pair_000279,patient_33180b505ac426fd,S2511008,S2511008,4,2025-04-15,1R,pAMR0,9,S2521240,S2521240,6,2025-07-15,1R,pAMR0,91,0,future_no_significant_rejection,2,0.4873732743852252
time_only,pair_000280,patient_33180b505ac426fd,S2515598,S2515598,5,2025-05-27,0R,pAMR0,1,S2521240,S2521240,6,2025-07-15,1R,pAMR0,49,0,future_no_significant_rejection,2,0.5677714956865683
time_only,pair_000312,patient_3840f67f21017b79,S2222833,S2222833,1,2022-06-07,0R,pAMR0,3,S2225223,S2225223,2,2022-06-21,1R,pAMR0,14,0,future_no_significant_rejection,2,0.7132212344367057
time_only,pair_000313,patient_3840f67f21017b79,S2222833,S2222833,1,2022-06-07,0R,pAMR0,3,S2229971,S2229971,3,2022-07-19,1R,pAMR0,42,0,future_no_significant_rejection,2,0.5872787445412484
time_only,pair_000314,patient_3840f67f21017b79,S2222833,S2222833,1,2022-06-07,0R,pAMR0,3,S2235317,S2235317,4,2022-08-23,1R,pAMR0,77,0,future_no_significant_rejection,2,0.5092498113617494
time_only,pair_000315,patient_3840f67f21017b79,S2222833,S2222833,1,2022-06-07,0R,pAMR0,3,S2241563,S2241563,5,2022-10-04,1R,pAMR0,119,0,future_no_significant_rejection,2,0.4522988284006368
time_only,pair_000316,patient_3840f67f21017b79,S2222833,S2222833,1,2022-06-07,0R,pAMR0,3,S2250152,S2250152,6,2022-11-29,1R,pAMR0,175,0,future_no_significant_rejection,2,0.4026490266523421
time_only,pair_000317,patient_3840f67f21017b79,S2222833,S2222833,1,2022-06-07,0R,pAMR0,3,S2308042,S2308042,7,2023-02-21,0R,pAMR0,259,0,future_no_significant_rejection,2,0.3540434771130774
time_only,pair_000318,patient_3840f67f21017b79,S2222833,S2222833,1,2022-06-07,0R,pAMR0,3,S2323102,S2323102,8,2023-05-30,0R,pAMR0,357,0,future_no_significant_rejection,2,0.31628670368059053
time_only,pair_000319,patient_3840f67f21017b79,S2225223,S2225223,2,2022-06-21,1R,pAMR0,3,S2229971,S2229971,3,2022-07-19,1R,pAMR0,28,0,future_no_significant_rejection,2,0.6368146258647578
time_only,pair_000320,patient_3840f67f21017b79,S2225223,S2225223,2,2022-06-21,1R,pAMR0,3,S2235317,S2235317,4,2022-08-23,1R,pAMR0,63,0,future_no_significant_rejection,2,0.5354120304841316
time_only,pair_000321,patient_3840f67f21017b79,S2225223,S2225223,2,2022-06-21,1R,pAMR0,3,S2241563,S2241563,5,2022-10-04,1R,pAMR0,105,0,future_no_significant_rejection,2,0.46863693910605164
time_only,pair_000322,patient_3840f67f21017b79,S2225223,S2225223,2,2022-06-21,1R,pAMR0,3,S2250152,S2250152,6,2022-11-29,1R,pAMR0,161,0,future_no_significant_rejection,2,0.41326248386000647
time_only,pair_000323,patient_3840f67f21017b79,S2225223,S2225223,2,2022-06-21,1R,pAMR0,3,S2308042,S2308042,7,2023-02-21,0R,pAMR0,245,0,future_no_significant_rejection,2,0.36078301481739977
time_only,pair_000324,patient_3840f67f21017b79,S2225223,S2225223,2,2022-06-21,1R,pAMR0,3,S2323102,S2323102,8,2023-05-30,0R,pAMR0,343,0,future_no_significant_rejection,2,0.32087791132533505
time_only,pair_000325,patient_3840f67f21017b79,S2229971,S2229971,3,2022-07-19,1R,pAMR0,1,S2235317,S2235317,4,2022-08-23,1R,pAMR0,35,0,future_no_significant_rejection,2,0.6099088760694382
time_only,pair_000326,patient_3840f67f21017b79,S2229971,S2229971,3,2022-07-19,1R,pAMR0,1,S2241563,S2241563,5,2022-10-04,1R,pAMR0,77,0,future_no_significant_rejection,2,0.5092498113617494
time_only,pair_000327,patient_3840f67f21017b79,S2229971,S2229971,3,2022-07-19,1R,pAMR0,1,S2250152,S2250152,6,2022-11-29,1R,pAMR0,133,0,future_no_significant_rejection,2,0.43785045219778834
time_only,pair_000328,patient_3840f67f21017b79,S2229971,S2229971,3,2022-07-19,1R,pAMR0,1,S2308042,S2308042,7,2023-02-21,0R,pAMR0,217,0,future_no_significant_rejection,2,0.3756852837191211
time_only,pair_000329,patient_3840f67f21017b79,S2229971,S2229971,3,2022-07-19,1R,pAMR0,1,S2323102,S2323102,8,2023-05-30,0R,pAMR0,315,0,future_no_significant_rejection,2,0.3307646565913034
time_only,pair_000330,patient_3840f67f21017b79,S2235317,S2235317,4,2022-08-23,1R,pAMR0,3,S2241563,S2241563,5,2022-10-04,1R,pAMR0,42,0,future_no_significant_rejection,2,0.5872787445412484
time_only,pair_000331,patient_3840f67f21017b79,S2235317,S2235317,4,2022-08-23,1R,pAMR0,3,S2250152,S2250152,6,2022-11-29,1R,pAMR0,98,0,future_no_significant_rejection,2,0.47766586429210645
time_only,pair_000332,patient_3840f67f21017b79,S2235317,S2235317,4,2022-08-23,1R,pAMR0,3,S2308042,S2308042,7,2023-02-21,0R,pAMR0,182,0,future_no_significant_rejection,2,0.39768567469660243
time_only,pair_000333,patient_3840f67f21017b79,S2235317,S2235317,4,2022-08-23,1R,pAMR0,3,S2323102,S2323102,8,2023-05-30,0R,pAMR0,280,0,future_no_significant_rejection,2,0.3446832655048349
time_only,pair_000334,patient_3840f67f21017b79,S2241563,S2241563,5,2022-10-04,1R,pAMR0,3,S2250152,S2250152,6,2022-11-29,1R,pAMR0,56,0,future_no_significant_rejection,2,0.5506498691194912
time_only,pair_000335,patient_3840f67f21017b79,S2241563,S2241563,5,2022-10-04,1R,pAMR0,3,S2308042,S2308042,7,2023-02-21,0R,pAMR0,140,0,future_no_significant_rejection,2,0.4312171243879901
time_only,pair_000336,patient_3840f67f21017b79,S2241563,S2241563,5,2022-10-04,1R,pAMR0,3,S2323102,S2323102,8,2023-05-30,0R,pAMR0,238,0,future_no_significant_rejection,2,0.36432011789197605
time_only,pair_000337,patient_3840f67f21017b79,S2250152,S2250152,6,2022-11-29,1R,pAMR0,3,S2308042,S2308042,7,2023-02-21,0R,pAMR0,84,0,future_no_significant_rejection,2,0.4978597539442609
time_only,pair_000338,patient_3840f67f21017b79,S2250152,S2250152,6,2022-11-29,1R,pAMR0,3,S2323102,S2323102,8,2023-05-30,0R,pAMR0,182,0,future_no_significant_rejection,2,0.39768567469660243
time_only,pair_000339,patient_3840f67f21017b79,S2308042,S2308042,7,2023-02-21,0R,pAMR0,1,S2323102,S2323102,8,2023-05-30,0R,pAMR0,98,0,future_no_significant_rejection,2,0.47766586429210645
time_only,pair_000340,patient_3b33f0c3a0f54d90,S2032124,S2032124,1,2020-08-11,0R,pAMR0,1,S2047227,S2047227,2,2020-11-27,1R,pAMR2,108,1,future_significant_rejection,2,0.4649541363614081
time_only,pair_000341,patient_3fc4b14a03335d7f,S2202569,S2202569,1,2022-01-18,1R,pAMR0,7,S2203739,S2203739,2,2022-01-25,1R,pAMR0,7,0,future_no_significant_rejection,2,0.7763208100439725
time_only,pair_000342,patient_3fc4b14a03335d7f,S2202569,S2202569,1,2022-01-18,1R,pAMR0,7,S2206286,S2206286,3,2022-02-15,0R,pAMR0,28,0,future_no_significant_rejection,2,0.6368146258647578
time_only,pair_000343,patient_3fc4b14a03335d7f,S2202569,S2202569,1,2022-01-18,1R,pAMR0,7,S2212215,S2212215,4,2022-03-29,1R,pAMR0,70,0,future_no_significant_rejection,2,0.521700169640197
time_only,pair_000344,patient_3fc4b14a03335d7f,S2202569,S2202569,1,2022-01-18,1R,pAMR0,7,S2217673,S2217673,5,2022-05-03,0R,pAMR0,105,0,future_no_significant_rejection,2,0.46863693910605164
time_only,pair_000345,patient_3fc4b14a03335d7f,S2202569,S2202569,1,2022-01-18,1R,pAMR0,7,S2225224,S2225224,6,2022-06-21,0R,pAMR0,154,0,future_no_significant_rejection,2,0.41895221057563115
time_only,pair_000346,patient_3fc4b14a03335d7f,S2202569,S2202569,1,2022-01-18,1R,pAMR0,7,S2240720,S2240720,7,2022-09-27,1R,pAMR0,252,0,future_no_significant_rejection,2,0.3573595731945018
time_only,pair_000347,patient_3fc4b14a03335d7f,S2203739,S2203739,2,2022-01-25,1R,pAMR0,5,S2206286,S2206286,3,2022-02-15,0R,pAMR0,21,0,future_no_significant_rejection,2,0.6699652253933683
time_only,pair_000348,patient_3fc4b14a03335d7f,S2203739,S2203739,2,2022-01-25,1R,pAMR0,5,S2212215,S2212215,4,2022-03-29,1R,pAMR0,63,0,future_no_significant_rejection,2,0.5354120304841316
time_only,pair_000349,patient_3fc4b14a03335d7f,S2203739,S2203739,2,2022-01-25,1R,pAMR0,5,S2217673,S2217673,5,2022-05-03,0R,pAMR0,98,0,future_no_significant_rejection,2,0.47766586429210645
time_only,pair_000350,patient_3fc4b14a03335d7f,S2203739,S2203739,2,2022-01-25,1R,pAMR0,5,S2225224,S2225224,6,2022-06-21,0R,pAMR0,147,0,future_no_significant_rejection,2,0.4249280584075487
time_only,pair_000351,patient_3fc4b14a03335d7f,S2203739,S2203739,2,2022-01-25,1R,pAMR0,5,S2240720,S2240720,7,2022-09-27,1R,pAMR0,245,0,future_no_significant_rejection,2,0.36078301481739977
time_only,pair_000352,patient_3fc4b14a03335d7f,S2206286,S2206286,3,2022-02-15,0R,pAMR0,3,S2212215,S2212215,4,2022-03-29,1R,pAMR0,42,0,future_no_significant_rejection,2,0.5872787445412484
time_only,pair_000353,patient_3fc4b14a03335d7f,S2206286,S2206286,3,2022-02-15,0R,pAMR0,3,S2217673,S2217673,5,2022-05-03,0R,pAMR0,77,0,future_no_significant_rejection,2,0.5092498113617494
time_only,pair_000354,patient_3fc4b14a03335d7f,S2206286,S2206286,3,2022-02-15,0R,pAMR0,3,S2225224,S2225224,6,2022-06-21,0R,pAMR0,126,0,future_no_significant_rejection,2,0.44486383418916947
time_only,pair_000355,patient_3fc4b14a03335d7f,S2206286,S2206286,3,2022-02-15,0R,pAMR0,3,S2240720,S2240720,7,2022-09-27,1R,pAMR0,224,0,future_no_significant_rejection,2,0.37176341214234665
time_only,pair_000356,patient_3fc4b14a03335d7f,S2212215,S2212215,4,2022-03-29,1R,pAMR0,1,S2217673,S2217673,5,2022-05-03,0R,pAMR0,35,0,future_no_significant_rejection,2,0.6099088760694382
time_only,pair_000357,patient_3fc4b14a03335d7f,S2212215,S2212215,4,2022-03-29,1R,pAMR0,1,S2225224,S2225224,6,2022-06-21,0R,pAMR0,84,0,future_no_significant_rejection,2,0.4978597539442609
time_only,pair_000358,patient_3fc4b14a03335d7f,S2212215,S2212215,4,2022-03-29,1R,pAMR0,1,S2240720,S2240720,7,2022-09-27,1R,pAMR0,182,0,future_no_significant_rejection,2,0.39768567469660243
time_only,pair_000359,patient_3fc4b14a03335d7f,S2217673,S2217673,5,2022-05-03,0R,pAMR0,1,S2225224,S2225224,6,2022-06-21,0R,pAMR0,49,0,future_no_significant_rejection,2,0.5677714956865683
time_only,pair_000360,patient_3fc4b14a03335d7f,S2217673,S2217673,5,2022-05-03,0R,pAMR0,1,S2240720,S2240720,7,2022-09-27,1R,pAMR0,147,0,future_no_significant_rejection,2,0.4249280584075487
time_only,pair_000361,patient_3fc4b14a03335d7f,S2225224,S2225224,6,2022-06-21,0R,pAMR0,1,S2240720,S2240720,7,2022-09-27,1R,pAMR0,98,0,future_no_significant_rejection,2,0.47766586429210645
time_only,pair_000401,patient_46cfa1714c823433,S2350728,S2350728,1,2023-11-28,0R,pAMR0,1,S2353999,S2353999,2,2023-12-19,0R,pAMR0,21,0,future_no_significant_rejection,2,0.6699652253933683
time_only,pair_000402,patient_46cfa1714c823433,S2350728,S2350728,1,2023-11-28,0R,pAMR0,1,S2414957,S2414957,3,2024-05-21,0R,pAMR0,175,0,future_no_significant_rejection,2,0.4026490266523421
time_only,pair_000403,patient_46cfa1714c823433,S2350728,S2350728,1,2023-11-28,0R,pAMR0,1,S2423619,S2423619,4,2024-08-13,0R,pAMR0,259,0,future_no_significant_rejection,2,0.3540434771130774
time_only,pair_000404,patient_46cfa1714c823433,S2353999,S2353999,2,2023-12-19,0R,pAMR0,1,S2414957,S2414957,3,2024-05-21,0R,pAMR0,154,0,future_no_significant_rejection,2,0.41895221057563115
time_only,pair_000405,patient_46cfa1714c823433,S2353999,S2353999,2,2023-12-19,0R,pAMR0,1,S2423619,S2423619,4,2024-08-13,0R,pAMR0,238,0,future_no_significant_rejection,2,0.36432011789197605
time_only,pair_000406,patient_46cfa1714c823433,S2414957,S2414957,3,2024-05-21,0R,pAMR0,2,S2423619,S2423619,4,2024-08-13,0R,pAMR0,84,0,future_no_significant_rejection,2,0.4978597539442609
time_only,pair_000466,patient_503148ddee5b72e0,S2229537,S2229537,1,2022-07-15,1R,pAMR0,4,S2237601,S2237601,2,2022-09-06,0R,pAMR0,53,0,future_no_significant_rejection,2,0.5577318328472948
time_only,pair_000467,patient_503148ddee5b72e0,S2229537,S2229537,1,2022-07-15,1R,pAMR0,4,S2312320,S2312320,3,2023-03-21,1R,pAMR0,249,0,future_no_significant_rejection,2,0.35881326182791395
time_only,pair_000468,patient_503148ddee5b72e0,S2229537,S2229537,1,2022-07-15,1R,pAMR0,4,S2327485,S2327485,4,2023-06-27,0R,pAMR0,347,0,future_no_significant_rejection,2,0.3195437218160608
time_only,pair_000469,patient_503148ddee5b72e0,S2237601,S2237601,2,2022-09-06,0R,pAMR0,1,S2312320,S2312320,3,2023-03-21,1R,pAMR0,196,0,future_no_significant_rejection,2,0.38836247550712566
time_only,pair_000470,patient_503148ddee5b72e0,S2237601,S2237601,2,2022-09-06,0R,pAMR0,1,S2327485,S2327485,4,2023-06-27,0R,pAMR0,294,0,future_no_significant_rejection,2,0.33888427614516153
time_only,pair_000471,patient_503148ddee5b72e0,S2312320,S2312320,3,2023-03-21,1R,pAMR0,1,S2327485,S2327485,4,2023-06-27,0R,pAMR0,98,0,future_no_significant_rejection,2,0.47766586429210645
time_only,pair_000472,patient_5a68de4c65c56662,S2235518,S2235518,1,2022-08-24,0R,pAMR0,4,S2238299,S2238299,2,2022-09-13,1R,pAMR0,20,0,future_no_significant_rejection,2,0.6753956296531902
time_only,pair_000473,patient_5a68de4c65c56662,S2235518,S2235518,1,2022-08-24,0R,pAMR0,4,S2242500,S2242500,3,2022-10-11,0R,pAMR0,48,0,future_no_significant_rejection,2,0.5703981098945352
time_only,pair_000474,patient_5a68de4c65c56662,S2235518,S2235518,1,2022-08-24,0R,pAMR0,4,S2246786,S2246786,4,2022-11-08,0R,pAMR0,76,0,future_no_significant_rejection,2,0.5109593759627375
time_only,pair_000475,patient_5a68de4c65c56662,S2235518,S2235518,1,2022-08-24,0R,pAMR0,4,S2254886,S2254886,5,2022-12-28,0R,pAMR0,126,0,future_no_significant_rejection,2,0.44486383418916947
time_only,pair_000476,patient_5a68de4c65c56662,S2238299,S2238299,2,2022-09-13,1R,pAMR0,3,S2242500,S2242500,3,2022-10-11,0R,pAMR0,28,0,future_no_significant_rejection,2,0.6368146258647578
time_only,pair_000477,patient_5a68de4c65c56662,S2238299,S2238299,2,2022-09-13,1R,pAMR0,3,S2246786,S2246786,4,2022-11-08,0R,pAMR0,56,0,future_no_significant_rejection,2,0.5506498691194912
time_only,pair_000478,patient_5a68de4c65c56662,S2238299,S2238299,2,2022-09-13,1R,pAMR0,3,S2254886,S2254886,5,2022-12-28,0R,pAMR0,106,0,future_no_significant_rejection,2,0.4673974812118739
time_only,pair_000479,patient_5a68de4c65c56662,S2242500,S2242500,3,2022-10-11,0R,pAMR0,1,S2246786,S2246786,4,2022-11-08,0R,pAMR0,28,0,future_no_significant_rejection,2,0.6368146258647578
time_only,pair_000480,patient_5a68de4c65c56662,S2242500,S2242500,3,2022-10-11,0R,pAMR0,1,S2254886,S2254886,5,2022-12-28,0R,pAMR0,78,0,future_no_significant_rejection,2,0.5075618128268866
time_only,pair_000481,patient_5a68de4c65c56662,S2246786,S2246786,4,2022-11-08,0R,pAMR0,1,S2254886,S2254886,5,2022-12-28,0R,pAMR0,50,0,future_no_significant_rejection,2,0.5651931927258111
time_only,pair_000507,patient_69d6941869afda05,S2206289,S2206289,1,2022-02-15,1R,pAMR0,3,S2210209,S2210209,2,2022-03-15,2R,pAMR0,28,1,future_significant_rejection,2,0.6368146258647578
time_only,pair_000508,patient_69d6941869afda05,S2206289,S2206289,1,2022-02-15,1R,pAMR0,3,S2214323,S2214323,3,2022-04-12,0R,pAMR0,56,0,future_no_significant_rejection,2,0.5506498691194912
time_only,pair_000509,patient_69d6941869afda05,S2206289,S2206289,1,2022-02-15,1R,pAMR0,3,S2219751,S2219751,4,2022-05-17,1R,pAMR0,91,0,future_no_significant_rejection,2,0.4873732743852252
time_only,pair_000510,patient_69d6941869afda05,S2206289,S2206289,1,2022-02-15,1R,pAMR0,3,S2224010,S2224010,5,2022-06-14,1R,pAMR0,119,0,future_no_significant_rejection,2,0.4522988284006368
time_only,pair_000511,patient_69d6941869afda05,S2206289,S2206289,1,2022-02-15,1R,pAMR0,3,S2232194,S2232194,6,2022-08-02,0R,pAMR0,168,0,future_no_significant_rejection,2,0.40783508842024474
time_only,pair_000512,patient_69d6941869afda05,S2206289,S2206289,1,2022-02-15,1R,pAMR0,3,S2241565,S2241565,7,2022-10-04,0R,pAMR0,231,0,future_no_significant_rejection,2,0.36797775312505737
time_only,pair_000513,patient_69d6941869afda05,S2206289,S2206289,1,2022-02-15,1R,pAMR0,3,S2253524,S2253524,8,2022-12-20,1R,pAMR0,308,0,future_no_significant_rejection,2,0.333398875215242
time_only,pair_000532,patient_6e852ae1e67cc6a5,S2521239,S2521239,1,2025-07-15,0R,pAMR0,1,S2522994,S2522994,2,2025-07-29,0R,pAMR0,14,0,future_no_significant_rejection,2,0.7132212344367057
time_only,pair_000533,patient_6e852ae1e67cc6a5,S2521239,S2521239,1,2025-07-15,0R,pAMR0,1,S2526362,S2526362,3,2025-08-26,0R,pAMR0,42,0,future_no_significant_rejection,2,0.5872787445412484
time_only,pair_000534,patient_6e852ae1e67cc6a5,S2521239,S2521239,1,2025-07-15,0R,pAMR0,1,S2530049,S2530049,4,2025-09-23,0R,pAMR0,70,0,future_no_significant_rejection,2,0.521700169640197
time_only,pair_000535,patient_6e852ae1e67cc6a5,S2522994,S2522994,2,2025-07-29,0R,pAMR0,1,S2526362,S2526362,3,2025-08-26,0R,pAMR0,28,0,future_no_significant_rejection,2,0.6368146258647578
time_only,pair_000536,patient_6e852ae1e67cc6a5,S2522994,S2522994,2,2025-07-29,0R,pAMR0,1,S2530049,S2530049,4,2025-09-23,0R,pAMR0,56,0,future_no_significant_rejection,2,0.5506498691194912
time_only,pair_000537,patient_6e852ae1e67cc6a5,S2526362,S2526362,3,2025-08-26,0R,pAMR0,5,S2530049,S2530049,4,2025-09-23,0R,pAMR0,28,0,future_no_significant_rejection,2,0.6368146258647578
time_only,pair_000564,patient_71a52624c9074da6,S2320992,S2320992,1,2023-05-17,0R,pAMR0,2,S2325142,S2325142,2,2023-06-13,0R,pAMR0,27,0,future_no_significant_rejection,2,0.6411064663002721
time_only,pair_000565,patient_71a52624c9074da6,S2320992,S2320992,1,2023-05-17,0R,pAMR0,2,S2330985,S2330985,3,2023-07-18,0R,pAMR0,62,0,future_no_significant_rejection,2,0.5374882795043789
time_only,pair_000566,patient_71a52624c9074da6,S2320992,S2320992,1,2023-05-17,0R,pAMR0,2,S2336494,S2336494,4,2023-08-22,0R,pAMR0,97,0,future_no_significant_rejection,2,0.47900897030458045
time_only,pair_000567,patient_71a52624c9074da6,S2320992,S2320992,1,2023-05-17,0R,pAMR0,2,S2344458,S2344458,5,2023-10-17,0R,pAMR0,153,0,future_no_significant_rejection,2,0.41978779197624616
time_only,pair_000568,patient_71a52624c9074da6,S2320992,S2320992,1,2023-05-17,0R,pAMR0,2,S2352827,S2352827,6,2023-12-12,0R,pAMR0,209,0,future_no_significant_rejection,2,0.38034576540305604
time_only,pair_000569,patient_71a52624c9074da6,S2325142,S2325142,2,2023-06-13,0R,pAMR0,1,S2330985,S2330985,3,2023-07-18,0R,pAMR0,35,0,future_no_significant_rejection,2,0.6099088760694382
time_only,pair_000570,patient_71a52624c9074da6,S2325142,S2325142,2,2023-06-13,0R,pAMR0,1,S2336494,S2336494,4,2023-08-22,0R,pAMR0,70,0,future_no_significant_rejection,2,0.521700169640197
time_only,pair_000571,patient_71a52624c9074da6,S2325142,S2325142,2,2023-06-13,0R,pAMR0,1,S2344458,S2344458,5,2023-10-17,0R,pAMR0,126,0,future_no_significant_rejection,2,0.44486383418916947
time_only,pair_000572,patient_71a52624c9074da6,S2325142,S2325142,2,2023-06-13,0R,pAMR0,1,S2352827,S2352827,6,2023-12-12,0R,pAMR0,182,0,future_no_significant_rejection,2,0.39768567469660243
time_only,pair_000573,patient_71a52624c9074da6,S2330985,S2330985,3,2023-07-18,0R,pAMR0,1,S2336494,S2336494,4,2023-08-22,0R,pAMR0,35,0,future_no_significant_rejection,2,0.6099088760694382
time_only,pair_000574,patient_71a52624c9074da6,S2330985,S2330985,3,2023-07-18,0R,pAMR0,1,S2344458,S2344458,5,2023-10-17,0R,pAMR0,91,0,future_no_significant_rejection,2,0.4873732743852252
time_only,pair_000575,patient_71a52624c9074da6,S2330985,S2330985,3,2023-07-18,0R,pAMR0,1,S2352827,S2352827,6,2023-12-12,0R,pAMR0,147,0,future_no_significant_rejection,2,0.4249280584075487
time_only,pair_000576,patient_71a52624c9074da6,S2336494,S2336494,4,2023-08-22,0R,pAMR0,1,S2344458,S2344458,5,2023-10-17,0R,pAMR0,56,0,future_no_significant_rejection,2,0.5506498691194912
time_only,pair_000577,patient_71a52624c9074da6,S2336494,S2336494,4,2023-08-22,0R,pAMR0,1,S2352827,S2352827,6,2023-12-12,0R,pAMR0,112,0,future_no_significant_rejection,2,0.4602040639249782
time_only,pair_000578,patient_71a52624c9074da6,S2344458,S2344458,5,2023-10-17,0R,pAMR0,1,S2352827,S2352827,6,2023-12-12,0R,pAMR0,56,0,future_no_significant_rejection,2,0.5506498691194912
time_only,pair_000579,patient_780d5b318208b01a,S2339819,S2339819,1,2023-09-12,1R,pAMR0,3,S2406753,S2406753,2,2024-02-13,0R,pAMR0,154,0,future_no_significant_rejection,2,0.41895221057563115
time_only,pair_000580,patient_780d5b318208b01a,S2339819,S2339819,1,2023-09-12,1R,pAMR0,3,S2423616,S2423616,3,2024-08-13,0R,pAMR0,336,0,future_no_significant_rejection,2,0.32325774903935206
time_only,pair_000581,patient_780d5b318208b01a,S2406753,S2406753,2,2024-02-13,0R,pAMR0,7,S2423616,S2423616,3,2024-08-13,0R,pAMR0,182,0,future_no_significant_rejection,2,0.39768567469660243
time_only,pair_000583,patient_79f0ef3e7f376fdb,S2352429,S2352429,1,2023-12-08,0R,pAMR0,3,S2406038,S2406038,2,2024-02-06,0R,pAMR0,60,0,future_no_significant_rejection,2,0.5417373874884841
time_only,pair_000584,patient_79f0ef3e7f376fdb,S2352429,S2352429,1,2023-12-08,0R,pAMR0,3,S2409390,S2409390,3,2024-03-12,0R,pAMR0,95,0,future_no_significant_rejection,2,0.4817377086815616
time_only,pair_000585,patient_79f0ef3e7f376fdb,S2352429,S2352429,1,2023-12-08,0R,pAMR0,3,S2413768,S2413768,4,2024-05-07,0R,pAMR0,151,0,future_no_significant_rejection,2,0.42147675518001215
time_only,pair_000586,patient_79f0ef3e7f376fdb,S2352429,S2352429,1,2023-12-08,0R,pAMR0,3,S2431862,S2431862,5,2024-11-05,0R,pAMR0,333,0,future_no_significant_rejection,2,0.32429572216312147
time_only,pair_000587,patient_79f0ef3e7f376fdb,S2406038,S2406038,2,2024-02-06,0R,pAMR0,9,S2409390,S2409390,3,2024-03-12,0R,pAMR0,35,0,future_no_significant_rejection,2,0.6099088760694382
time_only,pair_000588,patient_79f0ef3e7f376fdb,S2406038,S2406038,2,2024-02-06,0R,pAMR0,9,S2413768,S2413768,4,2024-05-07,0R,pAMR0,91,0,future_no_significant_rejection,2,0.4873732743852252
time_only,pair_000589,patient_79f0ef3e7f376fdb,S2406038,S2406038,2,2024-02-06,0R,pAMR0,9,S2431862,S2431862,5,2024-11-05,0R,pAMR0,273,0,future_no_significant_rejection,2,0.34771049369454443
time_only,pair_000590,patient_79f0ef3e7f376fdb,S2409390,S2409390,3,2024-03-12,0R,pAMR0,1,S2413768,S2413768,4,2024-05-07,0R,pAMR0,56,0,future_no_significant_rejection,2,0.5506498691194912
time_only,pair_000591,patient_79f0ef3e7f376fdb,S2409390,S2409390,3,2024-03-12,0R,pAMR0,1,S2431862,S2431862,5,2024-11-05,0R,pAMR0,238,0,future_no_significant_rejection,2,0.36432011789197605
time_only,pair_000592,patient_79f0ef3e7f376fdb,S2413768,S2413768,4,2024-05-07,0R,pAMR0,2,S2431862,S2431862,5,2024-11-05,0R,pAMR0,182,0,future_no_significant_rejection,2,0.39768567469660243
time_only,pair_000621,patient_88518ae12a01280d,S2527323,S2527323,1,2025-09-02,0R,pAMR0,1,S2530991,S2530991,2,2025-09-30,0R,pAMR0,28,0,future_no_significant_rejection,2,0.6368146258647578
time_only,pair_000622,patient_88518ae12a01280d,S2527323,S2527323,1,2025-09-02,0R,pAMR0,1,S2535840,S2535840,3,2025-11-11,0R,pAMR0,70,0,future_no_significant_rejection,2,0.521700169640197
time_only,pair_000623,patient_88518ae12a01280d,S2530991,S2530991,2,2025-09-30,0R,pAMR0,1,S2535840,S2535840,3,2025-11-11,0R,pAMR0,42,0,future_no_significant_rejection,2,0.5872787445412484
time_only,pair_000630,patient_897fc368fe7593b2,S2409389,S2409389,1,2024-03-12,0R,pAMR0,4,S2410451,S2410451,2,2024-03-26,0R,pAMR0,14,0,future_no_significant_rejection,2,0.7132212344367057
time_only,pair_000631,patient_897fc368fe7593b2,S2409389,S2409389,1,2024-03-12,0R,pAMR0,4,S2413342,S2413342,3,2024-04-30,0R,pAMR0,49,0,future_no_significant_rejection,2,0.5677714956865683
time_only,pair_000632,patient_897fc368fe7593b2,S2409389,S2409389,1,2024-03-12,0R,pAMR0,4,S2414955,S2414955,4,2024-05-21,0R,pAMR0,70,0,future_no_significant_rejection,2,0.521700169640197
time_only,pair_000633,patient_897fc368fe7593b2,S2409389,S2409389,1,2024-03-12,0R,pAMR0,4,S2419848,S2419848,5,2024-07-08,0R,pAMR0,118,0,future_no_significant_rejection,2,0.45339812272452973
time_only,pair_000634,patient_897fc368fe7593b2,S2409389,S2409389,1,2024-03-12,0R,pAMR0,4,S2424250,S2424250,6,2024-08-20,0R,pAMR0,161,0,future_no_significant_rejection,2,0.41326248386000647
time_only,pair_000635,patient_897fc368fe7593b2,S2409389,S2409389,1,2024-03-12,0R,pAMR0,4,S2431866,S2431866,7,2024-11-05,0R,pAMR0,238,0,future_no_significant_rejection,2,0.36432011789197605
time_only,pair_000636,patient_897fc368fe7593b2,S2409389,S2409389,1,2024-03-12,0R,pAMR0,4,S2504719,S2504719,8,2025-02-18,0R,pAMR0,343,0,future_no_significant_rejection,2,0.32087791132533505
time_only,pair_000637,patient_897fc368fe7593b2,S2410451,S2410451,2,2024-03-26,0R,pAMR0,1,S2413342,S2413342,3,2024-04-30,0R,pAMR0,35,0,future_no_significant_rejection,2,0.6099088760694382
time_only,pair_000638,patient_897fc368fe7593b2,S2410451,S2410451,2,2024-03-26,0R,pAMR0,1,S2414955,S2414955,4,2024-05-21,0R,pAMR0,56,0,future_no_significant_rejection,2,0.5506498691194912
time_only,pair_000639,patient_897fc368fe7593b2,S2410451,S2410451,2,2024-03-26,0R,pAMR0,1,S2419848,S2419848,5,2024-07-08,0R,pAMR0,104,0,future_no_significant_rejection,2,0.4698885381608795
time_only,pair_000640,patient_897fc368fe7593b2,S2410451,S2410451,2,2024-03-26,0R,pAMR0,1,S2424250,S2424250,6,2024-08-20,0R,pAMR0,147,0,future_no_significant_rejection,2,0.4249280584075487
time_only,pair_000641,patient_897fc368fe7593b2,S2410451,S2410451,2,2024-03-26,0R,pAMR0,1,S2431866,S2431866,7,2024-11-05,0R,pAMR0,224,0,future_no_significant_rejection,2,0.37176341214234665
time_only,pair_000642,patient_897fc368fe7593b2,S2410451,S2410451,2,2024-03-26,0R,pAMR0,1,S2504719,S2504719,8,2025-02-18,0R,pAMR0,329,0,future_no_significant_rejection,2,0.32569701948212504
time_only,pair_000643,patient_897fc368fe7593b2,S2413342,S2413342,3,2024-04-30,0R,pAMR0,2,S2414955,S2414955,4,2024-05-21,0R,pAMR0,21,0,future_no_significant_rejection,2,0.6699652253933683
time_only,pair_000644,patient_897fc368fe7593b2,S2413342,S2413342,3,2024-04-30,0R,pAMR0,2,S2419848,S2419848,5,2024-07-08,0R,pAMR0,69,0,future_no_significant_rejection,2,0.5235763970264711
time_only,pair_000645,patient_897fc368fe7593b2,S2413342,S2413342,3,2024-04-30,0R,pAMR0,2,S2424250,S2424250,6,2024-08-20,0R,pAMR0,112,0,future_no_significant_rejection,2,0.4602040639249782
time_only,pair_000646,patient_897fc368fe7593b2,S2413342,S2413342,3,2024-04-30,0R,pAMR0,2,S2431866,S2431866,7,2024-11-05,0R,pAMR0,189,0,future_no_significant_rejection,2,0.3929284394829625
time_only,pair_000647,patient_897fc368fe7593b2,S2413342,S2413342,3,2024-04-30,0R,pAMR0,2,S2504719,S2504719,8,2025-02-18,0R,pAMR0,294,0,future_no_significant_rejection,2,0.33888427614516153
time_only,pair_000648,patient_897fc368fe7593b2,S2414955,S2414955,4,2024-05-21,0R,pAMR0,2,S2419848,S2419848,5,2024-07-08,0R,pAMR0,48,0,future_no_significant_rejection,2,0.5703981098945352
time_only,pair_000649,patient_897fc368fe7593b2,S2414955,S2414955,4,2024-05-21,0R,pAMR0,2,S2424250,S2424250,6,2024-08-20,0R,pAMR0,91,0,future_no_significant_rejection,2,0.4873732743852252
time_only,pair_000650,patient_897fc368fe7593b2,S2414955,S2414955,4,2024-05-21,0R,pAMR0,2,S2431866,S2431866,7,2024-11-05,0R,pAMR0,168,0,future_no_significant_rejection,2,0.40783508842024474
time_only,pair_000651,patient_897fc368fe7593b2,S2414955,S2414955,4,2024-05-21,0R,pAMR0,2,S2504719,S2504719,8,2025-02-18,0R,pAMR0,273,0,future_no_significant_rejection,2,0.34771049369454443
time_only,pair_000652,patient_897fc368fe7593b2,S2419848,S2419848,5,2024-07-08,0R,pAMR0,2,S2424250,S2424250,6,2024-08-20,0R,pAMR0,43,0,future_no_significant_rejection,2,0.5843213663371664
time_only,pair_000653,patient_897fc368fe7593b2,S2419848,S2419848,5,2024-07-08,0R,pAMR0,2,S2431866,S2431866,7,2024-11-05,0R,pAMR0,120,0,future_no_significant_rejection,2,0.45120911634674377
time_only,pair_000654,patient_897fc368fe7593b2,S2419848,S2419848,5,2024-07-08,0R,pAMR0,2,S2504719,S2504719,8,2025-02-18,0R,pAMR0,225,0,future_no_significant_rejection,2,0.37121446322489604
time_only,pair_000655,patient_897fc368fe7593b2,S2424250,S2424250,6,2024-08-20,0R,pAMR0,2,S2431866,S2431866,7,2024-11-05,0R,pAMR0,77,0,future_no_significant_rejection,2,0.5092498113617494
time_only,pair_000656,patient_897fc368fe7593b2,S2424250,S2424250,6,2024-08-20,0R,pAMR0,2,S2504719,S2504719,8,2025-02-18,0R,pAMR0,182,0,future_no_significant_rejection,2,0.39768567469660243
time_only,pair_000657,patient_897fc368fe7593b2,S2431866,S2431866,7,2024-11-05,0R,pAMR0,2,S2504719,S2504719,8,2025-02-18,0R,pAMR0,105,0,future_no_significant_rejection,2,0.46863693910605164
time_only,pair_000686,patient_937267369badf303,S2300363,S2300363,1,2023-01-03,0R,pAMR0,2,S2308043,S2308043,2,2023-02-21,1R,pAMR0,49,0,future_no_significant_rejection,2,0.5677714956865683
time_only,pair_000687,patient_937267369badf303,S2300363,S2300363,1,2023-01-03,0R,pAMR0,2,S2312323,S2312323,3,2023-03-21,0R,pAMR0,77,0,future_no_significant_rejection,2,0.5092498113617494
time_only,pair_000688,patient_937267369badf303,S2300363,S2300363,1,2023-01-03,0R,pAMR0,2,S2319878,S2319878,4,2023-05-09,0R,pAMR0,126,0,future_no_significant_rejection,2,0.44486383418916947
time_only,pair_000689,patient_937267369badf303,S2308043,S2308043,2,2023-02-21,1R,pAMR0,1,S2312323,S2312323,3,2023-03-21,0R,pAMR0,28,0,future_no_significant_rejection,2,0.6368146258647578
time_only,pair_000690,patient_937267369badf303,S2308043,S2308043,2,2023-02-21,1R,pAMR0,1,S2319878,S2319878,4,2023-05-09,0R,pAMR0,77,0,future_no_significant_rejection,2,0.5092498113617494
time_only,pair_000691,patient_937267369badf303,S2312323,S2312323,3,2023-03-21,0R,pAMR0,1,S2319878,S2319878,4,2023-05-09,0R,pAMR0,49,0,future_no_significant_rejection,2,0.5677714956865683
time_only,pair_000709,patient_9b81a2766f087b27,S2111062,S2111062,1,2021-03-16,1R,pAMR0,3,S2114402,S2114402,2,2021-04-06,0R,pAMR0,21,0,future_no_significant_rejection,2,0.6699652253933683
time_only,pair_000710,patient_9b81a2766f087b27,S2111062,S2111062,1,2021-03-16,1R,pAMR0,3,S2119964,S2119964,3,2021-05-11,0R,pAMR2,56,1,future_significant_rejection,2,0.5506498691194912
time_only,pair_000711,patient_9b81a2766f087b27,S2111062,S2111062,1,2021-03-16,1R,pAMR0,3,S2150495,S2150495,4,2021-11-23,1R,pAMR1,252,1,future_significant_rejection,2,0.3573595731945018
time_only,pair_000712,patient_9b81a2766f087b27,S2111062,S2111062,1,2021-03-16,1R,pAMR0,3,S2209234,S2209234,5,2022-03-08,0R,pAMR0,357,0,future_no_significant_rejection,2,0.31628670368059053
time_only,pair_000713,patient_9b81a2766f087b27,S2114402,S2114402,2,2021-04-06,0R,pAMR0,1,S2119964,S2119964,3,2021-05-11,0R,pAMR2,35,1,future_significant_rejection,2,0.6099088760694382
time_only,pair_000714,patient_9b81a2766f087b27,S2114402,S2114402,2,2021-04-06,0R,pAMR0,1,S2150495,S2150495,4,2021-11-23,1R,pAMR1,231,1,future_significant_rejection,2,0.36797775312505737
time_only,pair_000715,patient_9b81a2766f087b27,S2114402,S2114402,2,2021-04-06,0R,pAMR0,1,S2209234,S2209234,5,2022-03-08,0R,pAMR0,336,0,future_no_significant_rejection,2,0.32325774903935206
time_only,pair_000716,patient_a533d77edf530d7d,S2332144,S2332144,1,2023-07-25,0R,pAMR0,5,S2334386,S2334386,2,2023-08-08,0R,pAMR0,14,0,future_no_significant_rejection,2,0.7132212344367057
time_only,pair_000717,patient_a533d77edf530d7d,S2332144,S2332144,1,2023-07-25,0R,pAMR0,5,S2338786,S2338786,3,2023-09-05,1R,pAMR0,42,0,future_no_significant_rejection,2,0.5872787445412484
time_only,pair_000718,patient_a533d77edf530d7d,S2332144,S2332144,1,2023-07-25,0R,pAMR0,5,S2343314,S2343314,4,2023-10-11,0R,pAMR0,78,0,future_no_significant_rejection,2,0.5075618128268866
time_only,pair_000719,patient_a533d77edf530d7d,S2332144,S2332144,1,2023-07-25,0R,pAMR0,5,S2346179,S2346179,5,2023-10-27,1R,pAMR0,94,0,future_no_significant_rejection,2,0.48312389875175704
time_only,pair_000720,patient_a533d77edf530d7d,S2332144,S2332144,1,2023-07-25,0R,pAMR0,5,S2348398,S2348398,6,2023-11-14,0R,pAMR0,112,0,future_no_significant_rejection,2,0.4602040639249782
time_only,pair_000721,patient_a533d77edf530d7d,S2332144,S2332144,1,2023-07-25,0R,pAMR0,5,S2352825,S2352825,7,2023-12-12,1R,pAMR0,140,0,future_no_significant_rejection,2,0.4312171243879901
time_only,pair_000722,patient_a533d77edf530d7d,S2332144,S2332144,1,2023-07-25,0R,pAMR0,5,S2402484,S2402484,8,2024-01-16,0R,pAMR0,175,0,future_no_significant_rejection,2,0.4026490266523421
time_only,pair_000723,patient_a533d77edf530d7d,S2332144,S2332144,1,2023-07-25,0R,pAMR0,5,S2420603,S2420603,9,2024-07-16,0R,pAMR0,357,0,future_no_significant_rejection,2,0.31628670368059053
time_only,pair_000724,patient_a533d77edf530d7d,S2334386,S2334386,2,2023-08-08,0R,pAMR0,2,S2338786,S2338786,3,2023-09-05,1R,pAMR0,28,0,future_no_significant_rejection,2,0.6368146258647578
time_only,pair_000725,patient_a533d77edf530d7d,S2334386,S2334386,2,2023-08-08,0R,pAMR0,2,S2343314,S2343314,4,2023-10-11,0R,pAMR0,64,0,future_no_significant_rejection,2,0.5333667726062882
time_only,pair_000726,patient_a533d77edf530d7d,S2334386,S2334386,2,2023-08-08,0R,pAMR0,2,S2346179,S2346179,5,2023-10-27,1R,pAMR0,80,0,future_no_significant_rejection,2,0.5042485225783393
time_only,pair_000727,patient_a533d77edf530d7d,S2334386,S2334386,2,2023-08-08,0R,pAMR0,2,S2348398,S2348398,6,2023-11-14,0R,pAMR0,98,0,future_no_significant_rejection,2,0.47766586429210645
time_only,pair_000728,patient_a533d77edf530d7d,S2334386,S2334386,2,2023-08-08,0R,pAMR0,2,S2352825,S2352825,7,2023-12-12,1R,pAMR0,126,0,future_no_significant_rejection,2,0.44486383418916947
time_only,pair_000729,patient_a533d77edf530d7d,S2334386,S2334386,2,2023-08-08,0R,pAMR0,2,S2402484,S2402484,8,2024-01-16,0R,pAMR0,161,0,future_no_significant_rejection,2,0.41326248386000647
time_only,pair_000730,patient_a533d77edf530d7d,S2334386,S2334386,2,2023-08-08,0R,pAMR0,2,S2420603,S2420603,9,2024-07-16,0R,pAMR0,343,0,future_no_significant_rejection,2,0.32087791132533505
time_only,pair_000731,patient_a533d77edf530d7d,S2338786,S2338786,3,2023-09-05,1R,pAMR0,1,S2343314,S2343314,4,2023-10-11,0R,pAMR0,36,0,future_no_significant_rejection,2,0.606447325943554
time_only,pair_000732,patient_a533d77edf530d7d,S2338786,S2338786,3,2023-09-05,1R,pAMR0,1,S2346179,S2346179,5,2023-10-27,1R,pAMR0,52,0,future_no_significant_rejection,2,0.5601749091967685
time_only,pair_000733,patient_a533d77edf530d7d,S2338786,S2338786,3,2023-09-05,1R,pAMR0,1,S2348398,S2348398,6,2023-11-14,0R,pAMR0,70,0,future_no_significant_rejection,2,0.521700169640197
time_only,pair_000734,patient_a533d77edf530d7d,S2338786,S2338786,3,2023-09-05,1R,pAMR0,1,S2352825,S2352825,7,2023-12-12,1R,pAMR0,98,0,future_no_significant_rejection,2,0.47766586429210645
time_only,pair_000735,patient_a533d77edf530d7d,S2338786,S2338786,3,2023-09-05,1R,pAMR0,1,S2402484,S2402484,8,2024-01-16,0R,pAMR0,133,0,future_no_significant_rejection,2,0.43785045219778834
time_only,pair_000736,patient_a533d77edf530d7d,S2338786,S2338786,3,2023-09-05,1R,pAMR0,1,S2420603,S2420603,9,2024-07-16,0R,pAMR0,315,0,future_no_significant_rejection,2,0.3307646565913034
time_only,pair_000737,patient_a533d77edf530d7d,S2343314,S2343314,4,2023-10-11,0R,pAMR0,1,S2346179,S2346179,5,2023-10-27,1R,pAMR0,16,0,future_no_significant_rejection,2,0.6994588450268452
time_only,pair_000738,patient_a533d77edf530d7d,S2343314,S2343314,4,2023-10-11,0R,pAMR0,1,S2348398,S2348398,6,2023-11-14,0R,pAMR0,34,0,future_no_significant_rejection,2,0.6134564382522253
time_only,pair_000739,patient_a533d77edf530d7d,S2343314,S2343314,4,2023-10-11,0R,pAMR0,1,S2352825,S2352825,7,2023-12-12,1R,pAMR0,62,0,future_no_significant_rejection,2,0.5374882795043789
time_only,pair_000740,patient_a533d77edf530d7d,S2343314,S2343314,4,2023-10-11,0R,pAMR0,1,S2402484,S2402484,8,2024-01-16,0R,pAMR0,97,0,future_no_significant_rejection,2,0.47900897030458045
time_only,pair_000741,patient_a533d77edf530d7d,S2343314,S2343314,4,2023-10-11,0R,pAMR0,1,S2420603,S2420603,9,2024-07-16,0R,pAMR0,279,0,future_no_significant_rejection,2,0.34511032211697357
time_only,pair_000742,patient_a533d77edf530d7d,S2346179,S2346179,5,2023-10-27,1R,pAMR0,5,S2348398,S2348398,6,2023-11-14,0R,pAMR0,18,0,future_no_significant_rejection,2,0.6869187418548331
time_only,pair_000743,patient_a533d77edf530d7d,S2346179,S2346179,5,2023-10-27,1R,pAMR0,5,S2352825,S2352825,7,2023-12-12,1R,pAMR0,46,0,future_no_significant_rejection,2,0.5758034407265871
time_only,pair_000744,patient_a533d77edf530d7d,S2346179,S2346179,5,2023-10-27,1R,pAMR0,5,S2402484,S2402484,8,2024-01-16,0R,pAMR0,81,0,future_no_significant_rejection,2,0.5026222775617812
time_only,pair_000745,patient_a533d77edf530d7d,S2346179,S2346179,5,2023-10-27,1R,pAMR0,5,S2420603,S2420603,9,2024-07-16,0R,pAMR0,263,0,future_no_significant_rejection,2,0.3521945027864528
time_only,pair_000746,patient_a533d77edf530d7d,S2348398,S2348398,6,2023-11-14,0R,pAMR0,1,S2352825,S2352825,7,2023-12-12,1R,pAMR0,28,0,future_no_significant_rejection,2,0.6368146258647578
time_only,pair_000747,patient_a533d77edf530d7d,S2348398,S2348398,6,2023-11-14,0R,pAMR0,1,S2402484,S2402484,8,2024-01-16,0R,pAMR0,63,0,future_no_significant_rejection,2,0.5354120304841316
time_only,pair_000748,patient_a533d77edf530d7d,S2348398,S2348398,6,2023-11-14,0R,pAMR0,1,S2420603,S2420603,9,2024-07-16,0R,pAMR0,245,0,future_no_significant_rejection,2,0.36078301481739977
time_only,pair_000749,patient_a533d77edf530d7d,S2352825,S2352825,7,2023-12-12,1R,pAMR0,1,S2402484,S2402484,8,2024-01-16,0R,pAMR0,35,0,future_no_significant_rejection,2,0.6099088760694382
time_only,pair_000750,patient_a533d77edf530d7d,S2352825,S2352825,7,2023-12-12,1R,pAMR0,1,S2420603,S2420603,9,2024-07-16,0R,pAMR0,217,0,future_no_significant_rejection,2,0.3756852837191211
time_only,pair_000751,patient_a533d77edf530d7d,S2402484,S2402484,8,2024-01-16,0R,pAMR0,6,S2420603,S2420603,9,2024-07-16,0R,pAMR0,182,0,future_no_significant_rejection,2,0.39768567469660243
time_only,pair_000790,patient_b824bfb064fb2de4,S2149393,S2149393,1,2021-11-16,0R,pAMR0,3,S2200310,S2200310,2,2022-01-04,1R,pAMR0,49,0,future_no_significant_rejection,2,0.5677714956865683
time_only,pair_000791,patient_b824bfb064fb2de4,S2149393,S2149393,1,2021-11-16,0R,pAMR0,3,S2206287,S2206287,3,2022-02-15,1R,pAMR0,91,0,future_no_significant_rejection,2,0.4873732743852252
time_only,pair_000792,patient_b824bfb064fb2de4,S2149393,S2149393,1,2021-11-16,0R,pAMR0,3,S2210202,S2210202,4,2022-03-15,1R,pAMR0,119,0,future_no_significant_rejection,2,0.4522988284006368
time_only,pair_000793,patient_b824bfb064fb2de4,S2149393,S2149393,1,2021-11-16,0R,pAMR0,3,S2216631,S2216631,5,2022-04-26,0R,pAMR0,161,0,future_no_significant_rejection,2,0.41326248386000647
time_only,pair_000794,patient_b824bfb064fb2de4,S2200310,S2200310,2,2022-01-04,1R,pAMR0,2,S2206287,S2206287,3,2022-02-15,1R,pAMR0,42,0,future_no_significant_rejection,2,0.5872787445412484
time_only,pair_000795,patient_b824bfb064fb2de4,S2200310,S2200310,2,2022-01-04,1R,pAMR0,2,S2210202,S2210202,4,2022-03-15,1R,pAMR0,70,0,future_no_significant_rejection,2,0.521700169640197
time_only,pair_000796,patient_b824bfb064fb2de4,S2200310,S2200310,2,2022-01-04,1R,pAMR0,2,S2216631,S2216631,5,2022-04-26,0R,pAMR0,112,0,future_no_significant_rejection,2,0.4602040639249782
time_only,pair_000797,patient_b824bfb064fb2de4,S2206287,S2206287,3,2022-02-15,1R,pAMR0,1,S2210202,S2210202,4,2022-03-15,1R,pAMR0,28,0,future_no_significant_rejection,2,0.6368146258647578
time_only,pair_000798,patient_b824bfb064fb2de4,S2206287,S2206287,3,2022-02-15,1R,pAMR0,1,S2216631,S2216631,5,2022-04-26,0R,pAMR0,70,0,future_no_significant_rejection,2,0.521700169640197
time_only,pair_000799,patient_b824bfb064fb2de4,S2210202,S2210202,4,2022-03-15,1R,pAMR0,4,S2216631,S2216631,5,2022-04-26,0R,pAMR0,42,0,future_no_significant_rejection,2,0.5872787445412484
time_only,pair_000829,patient_c37c171d859fe24a,S2228787,S2228787,1,2022-07-12,0R,pAMR0,1,S2236494,S2236494,2,2022-08-30,0R,pAMR0,49,0,future_no_significant_rejection,2,0.5677714956865683
time_only,pair_000830,patient_c37c171d859fe24a,S2228787,S2228787,1,2022-07-12,0R,pAMR0,1,S2244729,S2244729,3,2022-10-25,0R,pAMR0,105,0,future_no_significant_rejection,2,0.46863693910605164
time_only,pair_000831,patient_c37c171d859fe24a,S2228787,S2228787,1,2022-07-12,0R,pAMR0,1,S2251247,S2251247,4,2022-12-06,1R,pAMR0,147,0,future_no_significant_rejection,2,0.4249280584075487
time_only,pair_000832,patient_c37c171d859fe24a,S2228787,S2228787,1,2022-07-12,0R,pAMR0,1,S2302644,S2302644,5,2023-01-17,0R,pAMR0,189,0,future_no_significant_rejection,2,0.3929284394829625
time_only,pair_000833,patient_c37c171d859fe24a,S2228787,S2228787,1,2022-07-12,0R,pAMR0,1,S2313436,S2313436,6,2023-03-28,1R,pAMR0,259,0,future_no_significant_rejection,2,0.3540434771130774
time_only,pair_000834,patient_c37c171d859fe24a,S2228787,S2228787,1,2022-07-12,0R,pAMR0,1,S2326329,S2326329,7,2023-06-20,0R,pAMR0,343,0,future_no_significant_rejection,2,0.32087791132533505
time_only,pair_000835,patient_c37c171d859fe24a,S2236494,S2236494,2,2022-08-30,0R,pAMR0,3,S2244729,S2244729,3,2022-10-25,0R,pAMR0,56,0,future_no_significant_rejection,2,0.5506498691194912
time_only,pair_000836,patient_c37c171d859fe24a,S2236494,S2236494,2,2022-08-30,0R,pAMR0,3,S2251247,S2251247,4,2022-12-06,1R,pAMR0,98,0,future_no_significant_rejection,2,0.47766586429210645
time_only,pair_000837,patient_c37c171d859fe24a,S2236494,S2236494,2,2022-08-30,0R,pAMR0,3,S2302644,S2302644,5,2023-01-17,0R,pAMR0,140,0,future_no_significant_rejection,2,0.4312171243879901
time_only,pair_000838,patient_c37c171d859fe24a,S2236494,S2236494,2,2022-08-30,0R,pAMR0,3,S2313436,S2313436,6,2023-03-28,1R,pAMR0,210,0,future_no_significant_rejection,2,0.3797523420301568
time_only,pair_000839,patient_c37c171d859fe24a,S2236494,S2236494,2,2022-08-30,0R,pAMR0,3,S2326329,S2326329,7,2023-06-20,0R,pAMR0,294,0,future_no_significant_rejection,2,0.33888427614516153
time_only,pair_000840,patient_c37c171d859fe24a,S2244729,S2244729,3,2022-10-25,0R,pAMR0,1,S2251247,S2251247,4,2022-12-06,1R,pAMR0,42,0,future_no_significant_rejection,2,0.5872787445412484
time_only,pair_000841,patient_c37c171d859fe24a,S2244729,S2244729,3,2022-10-25,0R,pAMR0,1,S2302644,S2302644,5,2023-01-17,0R,pAMR0,84,0,future_no_significant_rejection,2,0.4978597539442609
time_only,pair_000842,patient_c37c171d859fe24a,S2244729,S2244729,3,2022-10-25,0R,pAMR0,1,S2313436,S2313436,6,2023-03-28,1R,pAMR0,154,0,future_no_significant_rejection,2,0.41895221057563115
time_only,pair_000843,patient_c37c171d859fe24a,S2244729,S2244729,3,2022-10-25,0R,pAMR0,1,S2326329,S2326329,7,2023-06-20,0R,pAMR0,238,0,future_no_significant_rejection,2,0.36432011789197605
time_only,pair_000844,patient_c37c171d859fe24a,S2251247,S2251247,4,2022-12-06,1R,pAMR0,1,S2302644,S2302644,5,2023-01-17,0R,pAMR0,42,0,future_no_significant_rejection,2,0.5872787445412484
time_only,pair_000845,patient_c37c171d859fe24a,S2251247,S2251247,4,2022-12-06,1R,pAMR0,1,S2313436,S2313436,6,2023-03-28,1R,pAMR0,112,0,future_no_significant_rejection,2,0.4602040639249782
time_only,pair_000846,patient_c37c171d859fe24a,S2251247,S2251247,4,2022-12-06,1R,pAMR0,1,S2326329,S2326329,7,2023-06-20,0R,pAMR0,196,0,future_no_significant_rejection,2,0.38836247550712566
time_only,pair_000847,patient_c37c171d859fe24a,S2302644,S2302644,5,2023-01-17,0R,pAMR0,1,S2313436,S2313436,6,2023-03-28,1R,pAMR0,70,0,future_no_significant_rejection,2,0.521700169640197
time_only,pair_000848,patient_c37c171d859fe24a,S2302644,S2302644,5,2023-01-17,0R,pAMR0,1,S2326329,S2326329,7,2023-06-20,0R,pAMR0,154,0,future_no_significant_rejection,2,0.41895221057563115
time_only,pair_000849,patient_c37c171d859fe24a,S2313436,S2313436,6,2023-03-28,1R,pAMR0,1,S2326329,S2326329,7,2023-06-20,0R,pAMR0,84,0,future_no_significant_rejection,2,0.4978597539442609
time_only,pair_000850,patient_c78561b4938dbb4c,S2147204,S2147204,1,2021-11-02,0R,pAMR0,4,S2150493,S2150493,2,2021-11-23,1R,pAMR0,21,0,future_no_significant_rejection,2,0.6699652253933683
time_only,pair_000851,patient_c78561b4938dbb4c,S2147204,S2147204,1,2021-11-02,0R,pAMR0,4,S2209236,S2209236,3,2022-03-08,0R,pAMR0,126,0,future_no_significant_rejection,2,0.44486383418916947
time_only,pair_000852,patient_c78561b4938dbb4c,S2147204,S2147204,1,2021-11-02,0R,pAMR0,4,S2215450,S2215450,4,2022-04-19,0R,pAMR0,168,0,future_no_significant_rejection,2,0.40783508842024474
time_only,pair_000853,patient_c78561b4938dbb4c,S2147204,S2147204,1,2021-11-02,0R,pAMR0,4,S2244730,S2244730,5,2022-10-25,0R,pAMR0,357,0,future_no_significant_rejection,2,0.31628670368059053
time_only,pair_000854,patient_c78561b4938dbb4c,S2150493,S2150493,2,2021-11-23,1R,pAMR0,1,S2209236,S2209236,3,2022-03-08,0R,pAMR0,105,0,future_no_significant_rejection,2,0.46863693910605164
time_only,pair_000855,patient_c78561b4938dbb4c,S2150493,S2150493,2,2021-11-23,1R,pAMR0,1,S2215450,S2215450,4,2022-04-19,0R,pAMR0,147,0,future_no_significant_rejection,2,0.4249280584075487
time_only,pair_000856,patient_c78561b4938dbb4c,S2150493,S2150493,2,2021-11-23,1R,pAMR0,1,S2244730,S2244730,5,2022-10-25,0R,pAMR0,336,0,future_no_significant_rejection,2,0.32325774903935206
time_only,pair_000857,patient_c78561b4938dbb4c,S2209236,S2209236,3,2022-03-08,0R,pAMR0,1,S2215450,S2215450,4,2022-04-19,0R,pAMR0,42,0,future_no_significant_rejection,2,0.5872787445412484
time_only,pair_000858,patient_c78561b4938dbb4c,S2209236,S2209236,3,2022-03-08,0R,pAMR0,1,S2244730,S2244730,5,2022-10-25,0R,pAMR0,231,0,future_no_significant_rejection,2,0.36797775312505737
time_only,pair_000859,patient_c78561b4938dbb4c,S2215450,S2215450,4,2022-04-19,0R,pAMR0,1,S2244730,S2244730,5,2022-10-25,0R,pAMR0,189,0,future_no_significant_rejection,2,0.3929284394829625
time_only,pair_000881,patient_cafa503bd84738e6,S2212213,S2212213,1,2022-03-29,1R,pAMR0,1,S2215449,S2215449,2,2022-04-19,1R,pAMR0,21,0,future_no_significant_rejection,2,0.6699652253933683
time_only,pair_000882,patient_cafa503bd84738e6,S2212213,S2212213,1,2022-03-29,1R,pAMR0,1,S2219754,S2219754,3,2022-05-17,0R,pAMR0,49,0,future_no_significant_rejection,2,0.5677714956865683
time_only,pair_000883,patient_cafa503bd84738e6,S2212213,S2212213,1,2022-03-29,1R,pAMR0,1,S2224008,S2224008,4,2022-06-14,0R,pAMR0,77,0,future_no_significant_rejection,2,0.5092498113617494
time_only,pair_000884,patient_cafa503bd84738e6,S2212213,S2212213,1,2022-03-29,1R,pAMR0,1,S2232193,S2232193,5,2022-08-02,1R,pAMR0,126,0,future_no_significant_rejection,2,0.44486383418916947
time_only,pair_000885,patient_cafa503bd84738e6,S2212213,S2212213,1,2022-03-29,1R,pAMR0,1,S2239525,S2239525,6,2022-09-20,0R,pAMR0,175,0,future_no_significant_rejection,2,0.4026490266523421
time_only,pair_000886,patient_cafa503bd84738e6,S2212213,S2212213,1,2022-03-29,1R,pAMR0,1,S2253527,S2253527,7,2022-12-20,0R,pAMR0,266,0,future_no_significant_rejection,2,0.35082890788026677
time_only,pair_000887,patient_cafa503bd84738e6,S2212213,S2212213,1,2022-03-29,1R,pAMR0,1,S2312317,S2312317,8,2023-03-21,0R,pAMR0,357,0,future_no_significant_rejection,2,0.31628670368059053
time_only,pair_000888,patient_cafa503bd84738e6,S2215449,S2215449,2,2022-04-19,1R,pAMR0,1,S2219754,S2219754,3,2022-05-17,0R,pAMR0,28,0,future_no_significant_rejection,2,0.6368146258647578
time_only,pair_000889,patient_cafa503bd84738e6,S2215449,S2215449,2,2022-04-19,1R,pAMR0,1,S2224008,S2224008,4,2022-06-14,0R,pAMR0,56,0,future_no_significant_rejection,2,0.5506498691194912
time_only,pair_000890,patient_cafa503bd84738e6,S2215449,S2215449,2,2022-04-19,1R,pAMR0,1,S2232193,S2232193,5,2022-08-02,1R,pAMR0,105,0,future_no_significant_rejection,2,0.46863693910605164
time_only,pair_000891,patient_cafa503bd84738e6,S2215449,S2215449,2,2022-04-19,1R,pAMR0,1,S2239525,S2239525,6,2022-09-20,0R,pAMR0,154,0,future_no_significant_rejection,2,0.41895221057563115
time_only,pair_000892,patient_cafa503bd84738e6,S2215449,S2215449,2,2022-04-19,1R,pAMR0,1,S2253527,S2253527,7,2022-12-20,0R,pAMR0,245,0,future_no_significant_rejection,2,0.36078301481739977
time_only,pair_000893,patient_cafa503bd84738e6,S2215449,S2215449,2,2022-04-19,1R,pAMR0,1,S2312317,S2312317,8,2023-03-21,0R,pAMR0,336,0,future_no_significant_rejection,2,0.32325774903935206
time_only,pair_000894,patient_cafa503bd84738e6,S2219754,S2219754,3,2022-05-17,0R,pAMR0,1,S2224008,S2224008,4,2022-06-14,0R,pAMR0,28,0,future_no_significant_rejection,2,0.6368146258647578
time_only,pair_000895,patient_cafa503bd84738e6,S2219754,S2219754,3,2022-05-17,0R,pAMR0,1,S2232193,S2232193,5,2022-08-02,1R,pAMR0,77,0,future_no_significant_rejection,2,0.5092498113617494
time_only,pair_000896,patient_cafa503bd84738e6,S2219754,S2219754,3,2022-05-17,0R,pAMR0,1,S2239525,S2239525,6,2022-09-20,0R,pAMR0,126,0,future_no_significant_rejection,2,0.44486383418916947
time_only,pair_000897,patient_cafa503bd84738e6,S2219754,S2219754,3,2022-05-17,0R,pAMR0,1,S2253527,S2253527,7,2022-12-20,0R,pAMR0,217,0,future_no_significant_rejection,2,0.3756852837191211
time_only,pair_000898,patient_cafa503bd84738e6,S2219754,S2219754,3,2022-05-17,0R,pAMR0,1,S2312317,S2312317,8,2023-03-21,0R,pAMR0,308,0,future_no_significant_rejection,2,0.333398875215242
time_only,pair_000899,patient_cafa503bd84738e6,S2224008,S2224008,4,2022-06-14,0R,pAMR0,1,S2232193,S2232193,5,2022-08-02,1R,pAMR0,49,0,future_no_significant_rejection,2,0.5677714956865683
time_only,pair_000900,patient_cafa503bd84738e6,S2224008,S2224008,4,2022-06-14,0R,pAMR0,1,S2239525,S2239525,6,2022-09-20,0R,pAMR0,98,0,future_no_significant_rejection,2,0.47766586429210645
time_only,pair_000901,patient_cafa503bd84738e6,S2224008,S2224008,4,2022-06-14,0R,pAMR0,1,S2253527,S2253527,7,2022-12-20,0R,pAMR0,189,0,future_no_significant_rejection,2,0.3929284394829625
time_only,pair_000902,patient_cafa503bd84738e6,S2224008,S2224008,4,2022-06-14,0R,pAMR0,1,S2312317,S2312317,8,2023-03-21,0R,pAMR0,280,0,future_no_significant_rejection,2,0.3446832655048349
time_only,pair_000903,patient_cafa503bd84738e6,S2232193,S2232193,5,2022-08-02,1R,pAMR0,1,S2239525,S2239525,6,2022-09-20,0R,pAMR0,49,0,future_no_significant_rejection,2,0.5677714956865683
time_only,pair_000904,patient_cafa503bd84738e6,S2232193,S2232193,5,2022-08-02,1R,pAMR0,1,S2253527,S2253527,7,2022-12-20,0R,pAMR0,140,0,future_no_significant_rejection,2,0.4312171243879901
time_only,pair_000905,patient_cafa503bd84738e6,S2232193,S2232193,5,2022-08-02,1R,pAMR0,1,S2312317,S2312317,8,2023-03-21,0R,pAMR0,231,0,future_no_significant_rejection,2,0.36797775312505737
time_only,pair_000906,patient_cafa503bd84738e6,S2239525,S2239525,6,2022-09-20,0R,pAMR0,1,S2253527,S2253527,7,2022-12-20,0R,pAMR0,91,0,future_no_significant_rejection,2,0.4873732743852252
time_only,pair_000907,patient_cafa503bd84738e6,S2239525,S2239525,6,2022-09-20,0R,pAMR0,1,S2312317,S2312317,8,2023-03-21,0R,pAMR0,182,0,future_no_significant_rejection,2,0.39768567469660243
time_only,pair_000908,patient_cafa503bd84738e6,S2253527,S2253527,7,2022-12-20,0R,pAMR0,1,S2312317,S2312317,8,2023-03-21,0R,pAMR0,91,0,future_no_significant_rejection,2,0.4873732743852252
time_only,pair_000937,patient_d4019523cc8c8335,S2406754,S2406754,1,2024-02-13,0R,pAMR0,8,S2408480,S2408480,2,2024-02-27,0R,pAMR0,14,0,future_no_significant_rejection,2,0.7132212344367057
time_only,pair_000938,patient_d4019523cc8c8335,S2406754,S2406754,1,2024-02-13,0R,pAMR0,8,S2411030,S2411030,3,2024-04-02,0R,pAMR0,49,0,future_no_significant_rejection,2,0.5677714956865683
time_only,pair_000939,patient_d4019523cc8c8335,S2406754,S2406754,1,2024-02-13,0R,pAMR0,8,S2419119,S2419119,4,2024-07-02,0R,pAMR0,140,0,future_no_significant_rejection,2,0.4312171243879901
time_only,pair_000940,patient_d4019523cc8c8335,S2406754,S2406754,1,2024-02-13,0R,pAMR0,8,S2430053,S2430053,5,2024-10-17,0R,pAMR0,247,0,future_no_significant_rejection,2,0.35979357661231626
time_only,pair_000941,patient_d4019523cc8c8335,S2408480,S2408480,2,2024-02-27,0R,pAMR0,1,S2411030,S2411030,3,2024-04-02,0R,pAMR0,35,0,future_no_significant_rejection,2,0.6099088760694382
time_only,pair_000942,patient_d4019523cc8c8335,S2408480,S2408480,2,2024-02-27,0R,pAMR0,1,S2419119,S2419119,4,2024-07-02,0R,pAMR0,126,0,future_no_significant_rejection,2,0.44486383418916947
time_only,pair_000943,patient_d4019523cc8c8335,S2408480,S2408480,2,2024-02-27,0R,pAMR0,1,S2430053,S2430053,5,2024-10-17,0R,pAMR0,233,0,future_no_significant_rejection,2,0.36691999082789367
time_only,pair_000944,patient_d4019523cc8c8335,S2411030,S2411030,3,2024-04-02,0R,pAMR0,5,S2419119,S2419119,4,2024-07-02,0R,pAMR0,91,0,future_no_significant_rejection,2,0.4873732743852252
time_only,pair_000945,patient_d4019523cc8c8335,S2411030,S2411030,3,2024-04-02,0R,pAMR0,5,S2430053,S2430053,5,2024-10-17,0R,pAMR0,198,0,future_no_significant_rejection,2,0.3870911455217488
time_only,pair_000946,patient_d4019523cc8c8335,S2419119,S2419119,4,2024-07-02,0R,pAMR0,2,S2430053,S2430053,5,2024-10-17,0R,pAMR0,107,0,future_no_significant_rejection,2,0.466169949950362
time_only,pair_001049,patient_e21a88b284b1508e,S2435689,S2435689,1,2024-12-10,0R,pAMR0,2,S2437280,S2437280,2,2024-12-24,0R,pAMR0,14,0,future_no_significant_rejection,2,0.7132212344367057
time_only,pair_001050,patient_e21a88b284b1508e,S2435689,S2435689,1,2024-12-10,0R,pAMR0,2,S2501777,S2501777,3,2025-01-17,0R,pAMR0,38,0,future_no_significant_rejection,2,0.5997665704405709
time_only,pair_001051,patient_e21a88b284b1508e,S2437280,S2437280,2,2024-12-24,0R,pAMR0,1,S2501777,S2501777,3,2025-01-17,0R,pAMR0,24,0,future_no_significant_rejection,2,0.6548108211930618
time_only,pair_001066,patient_e6981a9104ac664d,S2304561,S2304561,1,2023-01-31,1R,pAMR0,3,S2307080,S2307080,2,2023-02-15,0R,pAMR0,15,0,future_no_significant_rejection,2,0.7061719228295709
time_only,pair_001067,patient_e6981a9104ac664d,S2304561,S2304561,1,2023-01-31,1R,pAMR0,3,S2311238,S2311238,3,2023-03-14,1R,pAMR0,42,0,future_no_significant_rejection,2,0.5872787445412484
time_only,pair_001068,patient_e6981a9104ac664d,S2304561,S2304561,1,2023-01-31,1R,pAMR0,3,S2323112,S2323112,4,2023-05-30,1R,pAMR0,119,0,future_no_significant_rejection,2,0.4522988284006368
time_only,pair_001069,patient_e6981a9104ac664d,S2304561,S2304561,1,2023-01-31,1R,pAMR0,3,S2330986,S2330986,5,2023-07-18,0R,pAMR0,168,0,future_no_significant_rejection,2,0.40783508842024474
time_only,pair_001070,patient_e6981a9104ac664d,S2304561,S2304561,1,2023-01-31,1R,pAMR0,3,S2344461,S2344461,6,2023-10-17,0R,pAMR0,259,0,future_no_significant_rejection,2,0.3540434771130774
time_only,pair_001071,patient_e6981a9104ac664d,S2304561,S2304561,1,2023-01-31,1R,pAMR0,3,S2402482,S2402482,7,2024-01-16,0R,pAMR0,350,0,future_no_significant_rejection,2,0.318555011624472
time_only,pair_001072,patient_e6981a9104ac664d,S2307080,S2307080,2,2023-02-15,0R,pAMR0,1,S2311238,S2311238,3,2023-03-14,1R,pAMR0,27,0,future_no_significant_rejection,2,0.6411064663002721
time_only,pair_001073,patient_e6981a9104ac664d,S2307080,S2307080,2,2023-02-15,0R,pAMR0,1,S2323112,S2323112,4,2023-05-30,1R,pAMR0,104,0,future_no_significant_rejection,2,0.4698885381608795
time_only,pair_001074,patient_e6981a9104ac664d,S2307080,S2307080,2,2023-02-15,0R,pAMR0,1,S2330986,S2330986,5,2023-07-18,0R,pAMR0,153,0,future_no_significant_rejection,2,0.41978779197624616
time_only,pair_001075,patient_e6981a9104ac664d,S2307080,S2307080,2,2023-02-15,0R,pAMR0,1,S2344461,S2344461,6,2023-10-17,0R,pAMR0,244,0,future_no_significant_rejection,2,0.3612812024368887
time_only,pair_001076,patient_e6981a9104ac664d,S2307080,S2307080,2,2023-02-15,0R,pAMR0,1,S2402482,S2402482,7,2024-01-16,0R,pAMR0,335,0,future_no_significant_rejection,2,0.32360251737047446
time_only,pair_001077,patient_e6981a9104ac664d,S2311238,S2311238,3,2023-03-14,1R,pAMR0,3,S2323112,S2323112,4,2023-05-30,1R,pAMR0,77,0,future_no_significant_rejection,2,0.5092498113617494
time_only,pair_001078,patient_e6981a9104ac664d,S2311238,S2311238,3,2023-03-14,1R,pAMR0,3,S2330986,S2330986,5,2023-07-18,0R,pAMR0,126,0,future_no_significant_rejection,2,0.44486383418916947
time_only,pair_001079,patient_e6981a9104ac664d,S2311238,S2311238,3,2023-03-14,1R,pAMR0,3,S2344461,S2344461,6,2023-10-17,0R,pAMR0,217,0,future_no_significant_rejection,2,0.3756852837191211
time_only,pair_001080,patient_e6981a9104ac664d,S2311238,S2311238,3,2023-03-14,1R,pAMR0,3,S2402482,S2402482,7,2024-01-16,0R,pAMR0,308,0,future_no_significant_rejection,2,0.333398875215242
time_only,pair_001081,patient_e6981a9104ac664d,S2323112,S2323112,4,2023-05-30,1R,pAMR0,2,S2330986,S2330986,5,2023-07-18,0R,pAMR0,49,0,future_no_significant_rejection,2,0.5677714956865683
time_only,pair_001082,patient_e6981a9104ac664d,S2323112,S2323112,4,2023-05-30,1R,pAMR0,2,S2344461,S2344461,6,2023-10-17,0R,pAMR0,140,0,future_no_significant_rejection,2,0.4312171243879901
time_only,pair_001083,patient_e6981a9104ac664d,S2323112,S2323112,4,2023-05-30,1R,pAMR0,2,S2402482,S2402482,7,2024-01-16,0R,pAMR0,231,0,future_no_significant_rejection,2,0.36797775312505737
time_only,pair_001084,patient_e6981a9104ac664d,S2330986,S2330986,5,2023-07-18,0R,pAMR0,1,S2344461,S2344461,6,2023-10-17,0R,pAMR0,91,0,future_no_significant_rejection,2,0.4873732743852252
time_only,pair_001085,patient_e6981a9104ac664d,S2330986,S2330986,5,2023-07-18,0R,pAMR0,1,S2402482,S2402482,7,2024-01-16,0R,pAMR0,182,0,future_no_significant_rejection,2,0.39768567469660243
time_only,pair_001086,patient_e6981a9104ac664d,S2344461,S2344461,6,2023-10-17,0R,pAMR0,1,S2402482,S2402482,7,2024-01-16,0R,pAMR0,91,0,future_no_significant_rejection,2,0.4873732743852252
time_only,pair_001103,patient_ead6420f83248981,S2406264,S2406264,1,2024-02-07,0R,pAMR0,7,S2407939,S2407939,2,2024-02-20,0R,pAMR0,13,0,future_no_significant_rejection,2,0.7206441139357755
time_only,pair_001104,patient_ead6420f83248981,S2406264,S2406264,1,2024-02-07,0R,pAMR0,7,S2409392,S2409392,3,2024-03-12,0R,pAMR0,34,0,future_no_significant_rejection,2,0.6134564382522253
time_only,pair_001105,patient_ead6420f83248981,S2406264,S2406264,1,2024-02-07,0R,pAMR0,7,S2412713,S2412713,4,2024-04-23,0R,pAMR0,76,0,future_no_significant_rejection,2,0.5109593759627375
time_only,pair_001106,patient_ead6420f83248981,S2407939,S2407939,2,2024-02-20,0R,pAMR0,1,S2409392,S2409392,3,2024-03-12,0R,pAMR0,21,0,future_no_significant_rejection,2,0.6699652253933683
time_only,pair_001107,patient_ead6420f83248981,S2407939,S2407939,2,2024-02-20,0R,pAMR0,1,S2412713,S2412713,4,2024-04-23,0R,pAMR0,63,0,future_no_significant_rejection,2,0.5354120304841316
time_only,pair_001108,patient_ead6420f83248981,S2409392,S2409392,3,2024-03-12,0R,pAMR0,1,S2412713,S2412713,4,2024-04-23,0R,pAMR0,42,0,future_no_significant_rejection,2,0.5872787445412484
time_only,pair_001109,patient_f02086679c6d7438,S2506967,S2506967,1,2025-03-11,0R,pAMR0,1,S2508631,S2508631,2,2025-03-25,0R,pAMR0,14,0,future_no_significant_rejection,2,0.7132212344367057
time_only,pair_001110,patient_f02086679c6d7438,S2506967,S2506967,1,2025-03-11,0R,pAMR0,1,S2511007,S2511007,3,2025-04-15,0R,pAMR0,35,0,future_no_significant_rejection,2,0.6099088760694382
time_only,pair_001111,patient_f02086679c6d7438,S2508631,S2508631,2,2025-03-25,0R,pAMR0,2,S2511007,S2511007,3,2025-04-15,0R,pAMR0,21,0,future_no_significant_rejection,2,0.6699652253933683
time_only,pair_001127,patient_f4a709d12cad57f1,S2251251,S2251251,1,2022-12-06,1R,pAMR0,5,S2253525,S2253525,2,2022-12-20,1R,pAMR0,14,0,future_no_significant_rejection,2,0.7132212344367057
time_only,pair_001128,patient_f4a709d12cad57f1,S2251251,S2251251,1,2022-12-06,1R,pAMR0,5,S2308044,S2308044,3,2023-02-21,1R,pAMR0,77,0,future_no_significant_rejection,2,0.5092498113617494
time_only,pair_001129,patient_f4a709d12cad57f1,S2251251,S2251251,1,2022-12-06,1R,pAMR0,5,S2318025,S2318025,4,2023-04-25,0R,pAMR0,140,0,future_no_significant_rejection,2,0.4312171243879901
time_only,pair_001130,patient_f4a709d12cad57f1,S2251251,S2251251,1,2022-12-06,1R,pAMR0,5,S2333274,S2333274,5,2023-08-01,0R,pAMR0,238,0,future_no_significant_rejection,2,0.36432011789197605
time_only,pair_001131,patient_f4a709d12cad57f1,S2251251,S2251251,1,2022-12-06,1R,pAMR0,5,S2349547,S2349547,6,2023-11-21,0R,pAMR0,350,0,future_no_significant_rejection,2,0.318555011624472
time_only,pair_001132,patient_f4a709d12cad57f1,S2253525,S2253525,2,2022-12-20,1R,pAMR0,5,S2308044,S2308044,3,2023-02-21,1R,pAMR0,63,0,future_no_significant_rejection,2,0.5354120304841316
time_only,pair_001133,patient_f4a709d12cad57f1,S2253525,S2253525,2,2022-12-20,1R,pAMR0,5,S2318025,S2318025,4,2023-04-25,0R,pAMR0,126,0,future_no_significant_rejection,2,0.44486383418916947
time_only,pair_001134,patient_f4a709d12cad57f1,S2253525,S2253525,2,2022-12-20,1R,pAMR0,5,S2333274,S2333274,5,2023-08-01,0R,pAMR0,224,0,future_no_significant_rejection,2,0.37176341214234665
time_only,pair_001135,patient_f4a709d12cad57f1,S2253525,S2253525,2,2022-12-20,1R,pAMR0,5,S2349547,S2349547,6,2023-11-21,0R,pAMR0,336,0,future_no_significant_rejection,2,0.32325774903935206
time_only,pair_001136,patient_f4a709d12cad57f1,S2308044,S2308044,3,2023-02-21,1R,pAMR0,4,S2318025,S2318025,4,2023-04-25,0R,pAMR0,63,0,future_no_significant_rejection,2,0.5354120304841316
time_only,pair_001137,patient_f4a709d12cad57f1,S2308044,S2308044,3,2023-02-21,1R,pAMR0,4,S2333274,S2333274,5,2023-08-01,0R,pAMR0,161,0,future_no_significant_rejection,2,0.41326248386000647
time_only,pair_001138,patient_f4a709d12cad57f1,S2308044,S2308044,3,2023-02-21,1R,pAMR0,4,S2349547,S2349547,6,2023-11-21,0R,pAMR0,273,0,future_no_significant_rejection,2,0.34771049369454443
time_only,pair_001139,patient_f4a709d12cad57f1,S2318025,S2318025,4,2023-04-25,0R,pAMR0,1,S2333274,S2333274,5,2023-08-01,0R,pAMR0,98,0,future_no_significant_rejection,2,0.47766586429210645
time_only,pair_001140,patient_f4a709d12cad57f1,S2318025,S2318025,4,2023-04-25,0R,pAMR0,1,S2349547,S2349547,6,2023-11-21,0R,pAMR0,210,0,future_no_significant_rejection,2,0.3797523420301568
time_only,pair_001141,patient_f4a709d12cad57f1,S2333274,S2333274,5,2023-08-01,0R,pAMR0,1,S2349547,S2349547,6,2023-11-21,0R,pAMR0,112,0,future_no_significant_rejection,2,0.4602040639249782
time_only,pair_001148,patient_f78d4288245eabd8,S2425843,S2425843,1,2024-09-03,0R,pAMR0,1,S2427695,S2427695,2,2024-09-24,0R,pAMR0,21,0,future_no_significant_rejection,2,0.6699652253933683
time_only,pair_001149,patient_f78d4288245eabd8,S2425843,S2425843,1,2024-09-03,0R,pAMR0,1,S2436453,S2436453,3,2024-12-17,0R,pAMR0,105,0,future_no_significant_rejection,2,0.46863693910605164
time_only,pair_001150,patient_f78d4288245eabd8,S2425843,S2425843,1,2024-09-03,0R,pAMR0,1,S2504720,S2504720,4,2025-02-18,0R,pAMR0,168,0,future_no_significant_rejection,2,0.40783508842024474
time_only,pair_001151,patient_f78d4288245eabd8,S2425843,S2425843,1,2024-09-03,0R,pAMR0,1,S2529112,S2529112,5,2025-09-16,0R,pAMR0,378,0,future_no_significant_rejection,2,0.3097878628917517
time_only,pair_001152,patient_f78d4288245eabd8,S2427695,S2427695,2,2024-09-24,0R,pAMR0,6,S2436453,S2436453,3,2024-12-17,0R,pAMR0,84,0,future_no_significant_rejection,2,0.4978597539442609
time_only,pair_001153,patient_f78d4288245eabd8,S2427695,S2427695,2,2024-09-24,0R,pAMR0,6,S2504720,S2504720,4,2025-02-18,0R,pAMR0,147,0,future_no_significant_rejection,2,0.4249280584075487
time_only,pair_001154,patient_f78d4288245eabd8,S2427695,S2427695,2,2024-09-24,0R,pAMR0,6,S2529112,S2529112,5,2025-09-16,0R,pAMR0,357,0,future_no_significant_rejection,2,0.31628670368059053
time_only,pair_001155,patient_f78d4288245eabd8,S2436453,S2436453,3,2024-12-17,0R,pAMR0,2,S2504720,S2504720,4,2025-02-18,0R,pAMR0,63,0,future_no_significant_rejection,2,0.5354120304841316
time_only,pair_001156,patient_f78d4288245eabd8,S2436453,S2436453,3,2024-12-17,0R,pAMR0,2,S2529112,S2529112,5,2025-09-16,0R,pAMR0,273,0,future_no_significant_rejection,2,0.34771049369454443
time_only,pair_001157,patient_f78d4288245eabd8,S2504720,S2504720,4,2025-02-18,0R,pAMR0,1,S2529112,S2529112,5,2025-09-16,0R,pAMR0,210,0,future_no_significant_rejection,2,0.3797523420301568
image_only,pair_000130,patient_228507d0242d624c,S2222061,S2222061,1,2022-05-31,1R,pAMR0,3,S2225225,S2225225,2,2022-06-21,1R,pAMR0,21,0,future_no_significant_rejection,0,0.7252023295206202
image_only,pair_000131,patient_228507d0242d624c,S2222061,S2222061,1,2022-05-31,1R,pAMR0,3,S2232192,S2232192,3,2022-08-02,0R,pAMR0,63,0,future_no_significant_rejection,0,0.7252023295206202
image_only,pair_000132,patient_228507d0242d624c,S2222061,S2222061,1,2022-05-31,1R,pAMR0,3,S2241562,S2241562,4,2022-10-04,1R,pAMR0,126,0,future_no_significant_rejection,0,0.7252023295206202
image_only,pair_000133,patient_228507d0242d624c,S2222061,S2222061,1,2022-05-31,1R,pAMR0,3,S2247860,S2247860,5,2022-11-15,2R,pAMR0,168,1,future_significant_rejection,0,0.7252023295206202
image_only,pair_000134,patient_228507d0242d624c,S2222061,S2222061,1,2022-05-31,1R,pAMR0,3,S2252333,S2252333,6,2022-12-13,0R,pAMR0,196,0,future_no_significant_rejection,0,0.7252023295206202
image_only,pair_000135,patient_228507d0242d624c,S2222061,S2222061,1,2022-05-31,1R,pAMR0,3,S2306847,S2306847,7,2023-02-14,0R,pAMR0,259,0,future_no_significant_rejection,0,0.7252023295206202
image_only,pair_000136,patient_228507d0242d624c,S2222061,S2222061,1,2022-05-31,1R,pAMR0,3,S2320993,S2320993,8,2023-05-16,2R,pAMR0,350,1,future_significant_rejection,0,0.7252023295206202
image_only,pair_000137,patient_228507d0242d624c,S2225225,S2225225,2,2022-06-21,1R,pAMR0,1,S2232192,S2232192,3,2022-08-02,0R,pAMR0,42,0,future_no_significant_rejection,0,0.3369472313696934
image_only,pair_000138,patient_228507d0242d624c,S2225225,S2225225,2,2022-06-21,1R,pAMR0,1,S2241562,S2241562,4,2022-10-04,1R,pAMR0,105,0,future_no_significant_rejection,0,0.3369472313696934
image_only,pair_000139,patient_228507d0242d624c,S2225225,S2225225,2,2022-06-21,1R,pAMR0,1,S2247860,S2247860,5,2022-11-15,2R,pAMR0,147,1,future_significant_rejection,0,0.3369472313696934
image_only,pair_000140,patient_228507d0242d624c,S2225225,S2225225,2,2022-06-21,1R,pAMR0,1,S2252333,S2252333,6,2022-12-13,0R,pAMR0,175,0,future_no_significant_rejection,0,0.3369472313696934
image_only,pair_000141,patient_228507d0242d624c,S2225225,S2225225,2,2022-06-21,1R,pAMR0,1,S2306847,S2306847,7,2023-02-14,0R,pAMR0,238,0,future_no_significant_rejection,0,0.3369472313696934
image_only,pair_000142,patient_228507d0242d624c,S2225225,S2225225,2,2022-06-21,1R,pAMR0,1,S2320993,S2320993,8,2023-05-16,2R,pAMR0,329,1,future_significant_rejection,0,0.3369472313696934
image_only,pair_000143,patient_228507d0242d624c,S2232192,S2232192,3,2022-08-02,0R,pAMR0,1,S2241562,S2241562,4,2022-10-04,1R,pAMR0,63,0,future_no_significant_rejection,0,0.3915514396433184
image_only,pair_000144,patient_228507d0242d624c,S2232192,S2232192,3,2022-08-02,0R,pAMR0,1,S2247860,S2247860,5,2022-11-15,2R,pAMR0,105,1,future_significant_rejection,0,0.3915514396433184
image_only,pair_000145,patient_228507d0242d624c,S2232192,S2232192,3,2022-08-02,0R,pAMR0,1,S2252333,S2252333,6,2022-12-13,0R,pAMR0,133,0,future_no_significant_rejection,0,0.3915514396433184
image_only,pair_000146,patient_228507d0242d624c,S2232192,S2232192,3,2022-08-02,0R,pAMR0,1,S2306847,S2306847,7,2023-02-14,0R,pAMR0,196,0,future_no_significant_rejection,0,0.3915514396433184
image_only,pair_000147,patient_228507d0242d624c,S2232192,S2232192,3,2022-08-02,0R,pAMR0,1,S2320993,S2320993,8,2023-05-16,2R,pAMR0,287,1,future_significant_rejection,0,0.3915514396433184
image_only,pair_000148,patient_228507d0242d624c,S2241562,S2241562,4,2022-10-04,1R,pAMR0,1,S2247860,S2247860,5,2022-11-15,2R,pAMR0,42,1,future_significant_rejection,0,0.38856151446971887
image_only,pair_000149,patient_228507d0242d624c,S2241562,S2241562,4,2022-10-04,1R,pAMR0,1,S2252333,S2252333,6,2022-12-13,0R,pAMR0,70,0,future_no_significant_rejection,0,0.38856151446971887
image_only,pair_000150,patient_228507d0242d624c,S2241562,S2241562,4,2022-10-04,1R,pAMR0,1,S2306847,S2306847,7,2023-02-14,0R,pAMR0,133,0,future_no_significant_rejection,0,0.38856151446971887
image_only,pair_000151,patient_228507d0242d624c,S2241562,S2241562,4,2022-10-04,1R,pAMR0,1,S2320993,S2320993,8,2023-05-16,2R,pAMR0,224,1,future_significant_rejection,0,0.38856151446971887
image_only,pair_000192,patient_2b3a49d49419f139,S2133162,S2133162,1,2021-08-03,0R,pAMR0,1,S2142820,S2142820,2,2021-10-05,0R,pAMR0,63,0,future_no_significant_rejection,0,0.4727537322976501
image_only,pair_000193,patient_2b3a49d49419f139,S2133162,S2133162,1,2021-08-03,0R,pAMR0,1,S2154959,S2154959,3,2021-12-21,0R,pAMR0,140,0,future_no_significant_rejection,0,0.4727537322976501
image_only,pair_000194,patient_2b3a49d49419f139,S2133162,S2133162,1,2021-08-03,0R,pAMR0,1,S2209237,S2209237,4,2022-03-08,0R,pAMR0,217,0,future_no_significant_rejection,0,0.4727537322976501
image_only,pair_000195,patient_2b3a49d49419f139,S2142820,S2142820,2,2021-10-05,0R,pAMR0,1,S2154959,S2154959,3,2021-12-21,0R,pAMR0,77,0,future_no_significant_rejection,0,0.5038905079842168
image_only,pair_000196,patient_2b3a49d49419f139,S2142820,S2142820,2,2021-10-05,0R,pAMR0,1,S2209237,S2209237,4,2022-03-08,0R,pAMR0,154,0,future_no_significant_rejection,0,0.5038905079842168
image_only,pair_000197,patient_2b3a49d49419f139,S2154959,S2154959,3,2021-12-21,0R,pAMR0,1,S2209237,S2209237,4,2022-03-08,0R,pAMR0,77,0,future_no_significant_rejection,0,0.5145796064953402
image_only,pair_000198,patient_2c0945e38263a664,S2233279,S2233279,1,2022-08-09,1R,pAMR0,3,S2235318,S2235318,2,2022-08-23,0R,pAMR0,14,0,future_no_significant_rejection,0,0.5432051891166144
image_only,pair_000199,patient_2c0945e38263a664,S2233279,S2233279,1,2022-08-09,1R,pAMR0,3,S2246785,S2246785,3,2022-11-08,0R,pAMR0,91,0,future_no_significant_rejection,0,0.5432051891166144
image_only,pair_000200,patient_2c0945e38263a664,S2233279,S2233279,1,2022-08-09,1R,pAMR0,3,S2254659,S2254659,4,2022-12-27,0R,pAMR0,140,0,future_no_significant_rejection,0,0.5432051891166144
image_only,pair_000201,patient_2c0945e38263a664,S2233279,S2233279,1,2022-08-09,1R,pAMR0,3,S2308045,S2308045,5,2023-02-21,0R,pAMR0,196,0,future_no_significant_rejection,0,0.5432051891166144
image_only,pair_000202,patient_2c0945e38263a664,S2233279,S2233279,1,2022-08-09,1R,pAMR0,3,S2318956,S2318956,6,2023-05-02,2R,pAMR0,266,1,future_significant_rejection,0,0.5432051891166144
image_only,pair_000203,patient_2c0945e38263a664,S2233279,S2233279,1,2022-08-09,1R,pAMR0,3,S2332142,S2332142,7,2023-07-25,0R,pAMR0,350,0,future_no_significant_rejection,0,0.5432051891166144
image_only,pair_000204,patient_2c0945e38263a664,S2235318,S2235318,2,2022-08-23,0R,pAMR0,4,S2246785,S2246785,3,2022-11-08,0R,pAMR0,77,0,future_no_significant_rejection,0,0.4351643681552138
image_only,pair_000205,patient_2c0945e38263a664,S2235318,S2235318,2,2022-08-23,0R,pAMR0,4,S2254659,S2254659,4,2022-12-27,0R,pAMR0,126,0,future_no_significant_rejection,0,0.4351643681552138
image_only,pair_000206,patient_2c0945e38263a664,S2235318,S2235318,2,2022-08-23,0R,pAMR0,4,S2308045,S2308045,5,2023-02-21,0R,pAMR0,182,0,future_no_significant_rejection,0,0.4351643681552138
image_only,pair_000207,patient_2c0945e38263a664,S2235318,S2235318,2,2022-08-23,0R,pAMR0,4,S2318956,S2318956,6,2023-05-02,2R,pAMR0,252,1,future_significant_rejection,0,0.4351643681552138
image_only,pair_000208,patient_2c0945e38263a664,S2235318,S2235318,2,2022-08-23,0R,pAMR0,4,S2332142,S2332142,7,2023-07-25,0R,pAMR0,336,0,future_no_significant_rejection,0,0.4351643681552138
image_only,pair_000209,patient_2c0945e38263a664,S2246785,S2246785,3,2022-11-08,0R,pAMR0,3,S2254659,S2254659,4,2022-12-27,0R,pAMR0,49,0,future_no_significant_rejection,0,0.42492072134708236
image_only,pair_000210,patient_2c0945e38263a664,S2246785,S2246785,3,2022-11-08,0R,pAMR0,3,S2308045,S2308045,5,2023-02-21,0R,pAMR0,105,0,future_no_significant_rejection,0,0.42492072134708236
image_only,pair_000211,patient_2c0945e38263a664,S2246785,S2246785,3,2022-11-08,0R,pAMR0,3,S2318956,S2318956,6,2023-05-02,2R,pAMR0,175,1,future_significant_rejection,0,0.42492072134708236
image_only,pair_000212,patient_2c0945e38263a664,S2246785,S2246785,3,2022-11-08,0R,pAMR0,3,S2332142,S2332142,7,2023-07-25,0R,pAMR0,259,0,future_no_significant_rejection,0,0.42492072134708236
image_only,pair_000213,patient_2c0945e38263a664,S2254659,S2254659,4,2022-12-27,0R,pAMR0,3,S2308045,S2308045,5,2023-02-21,0R,pAMR0,56,0,future_no_significant_rejection,0,0.4637628556862867
image_only,pair_000214,patient_2c0945e38263a664,S2254659,S2254659,4,2022-12-27,0R,pAMR0,3,S2318956,S2318956,6,2023-05-02,2R,pAMR0,126,1,future_significant_rejection,0,0.4637628556862867
image_only,pair_000215,patient_2c0945e38263a664,S2254659,S2254659,4,2022-12-27,0R,pAMR0,3,S2332142,S2332142,7,2023-07-25,0R,pAMR0,210,0,future_no_significant_rejection,0,0.4637628556862867
image_only,pair_000216,patient_2c0945e38263a664,S2308045,S2308045,5,2023-02-21,0R,pAMR0,5,S2318956,S2318956,6,2023-05-02,2R,pAMR0,70,1,future_significant_rejection,0,0.4534547351109649
image_only,pair_000217,patient_2c0945e38263a664,S2308045,S2308045,5,2023-02-21,0R,pAMR0,5,S2332142,S2332142,7,2023-07-25,0R,pAMR0,154,0,future_no_significant_rejection,0,0.4534547351109649
image_only,pair_000281,patient_331a649dfec3ede4,S2129803,S2129803,1,2021-07-13,0R,pAMR0,1,S2140144,S2140144,2,2021-09-14,1R,pAMR0,63,0,future_no_significant_rejection,0,0.6910746829358773
image_only,pair_000282,patient_331a649dfec3ede4,S2129803,S2129803,1,2021-07-13,0R,pAMR0,1,S2210207,S2210207,3,2022-03-15,0R,pAMR0,245,0,future_no_significant_rejection,0,0.6910746829358773
image_only,pair_000283,patient_331a649dfec3ede4,S2140144,S2140144,2,2021-09-14,1R,pAMR0,1,S2210207,S2210207,3,2022-03-15,0R,pAMR0,182,0,future_no_significant_rejection,0,0.49785248169140645
image_only,pair_000284,patient_37a67c1ae4e8ad43,S2245753,S2245753,1,2022-11-01,0R,pAMR0,1,S2251252,S2251252,2,2022-12-06,0R,pAMR0,35,0,future_no_significant_rejection,0,0.38835185046292764
image_only,pair_000285,patient_37a67c1ae4e8ad43,S2245753,S2245753,1,2022-11-01,0R,pAMR0,1,S2300360,S2300360,3,2023-01-03,1R,pAMR0,63,0,future_no_significant_rejection,0,0.38835185046292764
image_only,pair_000286,patient_37a67c1ae4e8ad43,S2245753,S2245753,1,2022-11-01,0R,pAMR0,1,S2304560,S2304560,4,2023-01-31,0R,pAMR0,91,0,future_no_significant_rejection,0,0.38835185046292764
image_only,pair_000287,patient_37a67c1ae4e8ad43,S2245753,S2245753,1,2022-11-01,0R,pAMR0,1,S2314588,S2314588,5,2023-04-04,0R,pAMR0,154,0,future_no_significant_rejection,0,0.38835185046292764
image_only,pair_000288,patient_37a67c1ae4e8ad43,S2245753,S2245753,1,2022-11-01,0R,pAMR0,1,S2328623,S2328623,6,2023-07-04,0R,pAMR0,245,0,future_no_significant_rejection,0,0.38835185046292764
image_only,pair_000289,patient_37a67c1ae4e8ad43,S2245753,S2245753,1,2022-11-01,0R,pAMR0,1,S2346543,S2346543,7,2023-10-31,0R,pAMR0,364,0,future_no_significant_rejection,0,0.38835185046292764
image_only,pair_000290,patient_37a67c1ae4e8ad43,S2245753,S2245753,1,2022-11-01,0R,pAMR0,1,S2408481,S2408481,8,2024-02-27,0R,pAMR0,483,0,future_no_significant_rejection,0,0.38835185046292764
image_only,pair_000291,patient_37a67c1ae4e8ad43,S2251252,S2251252,2,2022-12-06,0R,pAMR0,1,S2300360,S2300360,3,2023-01-03,1R,pAMR0,28,0,future_no_significant_rejection,0,0.3445759951814551
image_only,pair_000292,patient_37a67c1ae4e8ad43,S2251252,S2251252,2,2022-12-06,0R,pAMR0,1,S2304560,S2304560,4,2023-01-31,0R,pAMR0,56,0,future_no_significant_rejection,0,0.3445759951814551
image_only,pair_000293,patient_37a67c1ae4e8ad43,S2251252,S2251252,2,2022-12-06,0R,pAMR0,1,S2314588,S2314588,5,2023-04-04,0R,pAMR0,119,0,future_no_significant_rejection,0,0.3445759951814551
image_only,pair_000294,patient_37a67c1ae4e8ad43,S2251252,S2251252,2,2022-12-06,0R,pAMR0,1,S2328623,S2328623,6,2023-07-04,0R,pAMR0,210,0,future_no_significant_rejection,0,0.3445759951814551
image_only,pair_000295,patient_37a67c1ae4e8ad43,S2251252,S2251252,2,2022-12-06,0R,pAMR0,1,S2346543,S2346543,7,2023-10-31,0R,pAMR0,329,0,future_no_significant_rejection,0,0.3445759951814551
image_only,pair_000296,patient_37a67c1ae4e8ad43,S2251252,S2251252,2,2022-12-06,0R,pAMR0,1,S2408481,S2408481,8,2024-02-27,0R,pAMR0,448,0,future_no_significant_rejection,0,0.3445759951814551
image_only,pair_000297,patient_37a67c1ae4e8ad43,S2300360,S2300360,3,2023-01-03,1R,pAMR0,2,S2304560,S2304560,4,2023-01-31,0R,pAMR0,28,0,future_no_significant_rejection,0,0.4414605182301426
image_only,pair_000298,patient_37a67c1ae4e8ad43,S2300360,S2300360,3,2023-01-03,1R,pAMR0,2,S2314588,S2314588,5,2023-04-04,0R,pAMR0,91,0,future_no_significant_rejection,0,0.4414605182301426
image_only,pair_000299,patient_37a67c1ae4e8ad43,S2300360,S2300360,3,2023-01-03,1R,pAMR0,2,S2328623,S2328623,6,2023-07-04,0R,pAMR0,182,0,future_no_significant_rejection,0,0.4414605182301426
image_only,pair_000300,patient_37a67c1ae4e8ad43,S2300360,S2300360,3,2023-01-03,1R,pAMR0,2,S2346543,S2346543,7,2023-10-31,0R,pAMR0,301,0,future_no_significant_rejection,0,0.4414605182301426
image_only,pair_000301,patient_37a67c1ae4e8ad43,S2300360,S2300360,3,2023-01-03,1R,pAMR0,2,S2408481,S2408481,8,2024-02-27,0R,pAMR0,420,0,future_no_significant_rejection,0,0.4414605182301426
image_only,pair_000302,patient_37a67c1ae4e8ad43,S2304560,S2304560,4,2023-01-31,0R,pAMR0,1,S2314588,S2314588,5,2023-04-04,0R,pAMR0,63,0,future_no_significant_rejection,0,0.579044227950443
image_only,pair_000303,patient_37a67c1ae4e8ad43,S2304560,S2304560,4,2023-01-31,0R,pAMR0,1,S2328623,S2328623,6,2023-07-04,0R,pAMR0,154,0,future_no_significant_rejection,0,0.579044227950443
image_only,pair_000304,patient_37a67c1ae4e8ad43,S2304560,S2304560,4,2023-01-31,0R,pAMR0,1,S2346543,S2346543,7,2023-10-31,0R,pAMR0,273,0,future_no_significant_rejection,0,0.579044227950443
image_only,pair_000305,patient_37a67c1ae4e8ad43,S2304560,S2304560,4,2023-01-31,0R,pAMR0,1,S2408481,S2408481,8,2024-02-27,0R,pAMR0,392,0,future_no_significant_rejection,0,0.579044227950443
image_only,pair_000306,patient_37a67c1ae4e8ad43,S2314588,S2314588,5,2023-04-04,0R,pAMR0,1,S2328623,S2328623,6,2023-07-04,0R,pAMR0,91,0,future_no_significant_rejection,0,0.46162131131559686
image_only,pair_000307,patient_37a67c1ae4e8ad43,S2314588,S2314588,5,2023-04-04,0R,pAMR0,1,S2346543,S2346543,7,2023-10-31,0R,pAMR0,210,0,future_no_significant_rejection,0,0.46162131131559686
image_only,pair_000308,patient_37a67c1ae4e8ad43,S2314588,S2314588,5,2023-04-04,0R,pAMR0,1,S2408481,S2408481,8,2024-02-27,0R,pAMR0,329,0,future_no_significant_rejection,0,0.46162131131559686
image_only,pair_000309,patient_37a67c1ae4e8ad43,S2328623,S2328623,6,2023-07-04,0R,pAMR0,1,S2346543,S2346543,7,2023-10-31,0R,pAMR0,119,0,future_no_significant_rejection,0,0.36688457995321117
image_only,pair_000310,patient_37a67c1ae4e8ad43,S2328623,S2328623,6,2023-07-04,0R,pAMR0,1,S2408481,S2408481,8,2024-02-27,0R,pAMR0,238,0,future_no_significant_rejection,0,0.36688457995321117
image_only,pair_000311,patient_37a67c1ae4e8ad43,S2346543,S2346543,7,2023-10-31,0R,pAMR0,1,S2408481,S2408481,8,2024-02-27,0R,pAMR0,119,0,future_no_significant_rejection,0,0.22999742365289808
image_only,pair_000398,patient_4610d334819bbd61,S2506966,S2506966,1,2025-03-11,0R,pAMR0,1,S2509420,S2509420,2,2025-04-01,0R,pAMR0,21,0,future_no_significant_rejection,0,0.367065952271308
image_only,pair_000399,patient_4610d334819bbd61,S2506966,S2506966,1,2025-03-11,0R,pAMR0,1,S2513846,S2513846,3,2025-05-13,0R,pAMR0,63,0,future_no_significant_rejection,0,0.367065952271308
image_only,pair_000400,patient_4610d334819bbd61,S2509420,S2509420,2,2025-04-01,0R,pAMR0,5,S2513846,S2513846,3,2025-05-13,0R,pAMR0,42,0,future_no_significant_rejection,0,0.4101088648766031
image_only,pair_000417,patient_4a9f4346155f3b62,S2214326,S2214326,1,2022-04-12,0R,pAMR0,3,S2216629,S2216629,2,2022-04-25,1R,pAMR0,13,0,future_no_significant_rejection,0,0.5527756231335492
image_only,pair_000418,patient_4a9f4346155f3b62,S2214326,S2214326,1,2022-04-12,0R,pAMR0,3,S2222063,S2222063,3,2022-05-31,0R,pAMR0,49,0,future_no_significant_rejection,0,0.5527756231335492
image_only,pair_000419,patient_4a9f4346155f3b62,S2214326,S2214326,1,2022-04-12,0R,pAMR0,3,S2235319,S2235319,4,2022-08-23,2R,pAMR0,133,1,future_significant_rejection,0,0.5527756231335492
image_only,pair_000420,patient_4a9f4346155f3b62,S2214326,S2214326,1,2022-04-12,0R,pAMR0,3,S2242499,S2242499,5,2022-10-11,0R,pAMR0,182,0,future_no_significant_rejection,0,0.5527756231335492
image_only,pair_000421,patient_4a9f4346155f3b62,S2214326,S2214326,1,2022-04-12,0R,pAMR0,3,S2312318,S2312318,6,2023-03-21,0R,pAMR0,343,0,future_no_significant_rejection,0,0.5527756231335492
image_only,pair_000422,patient_4a9f4346155f3b62,S2216629,S2216629,2,2022-04-25,1R,pAMR0,1,S2222063,S2222063,3,2022-05-31,0R,pAMR0,36,0,future_no_significant_rejection,0,0.7738278794469953
image_only,pair_000423,patient_4a9f4346155f3b62,S2216629,S2216629,2,2022-04-25,1R,pAMR0,1,S2235319,S2235319,4,2022-08-23,2R,pAMR0,120,1,future_significant_rejection,0,0.7738278794469953
image_only,pair_000424,patient_4a9f4346155f3b62,S2216629,S2216629,2,2022-04-25,1R,pAMR0,1,S2242499,S2242499,5,2022-10-11,0R,pAMR0,169,0,future_no_significant_rejection,0,0.7738278794469953
image_only,pair_000425,patient_4a9f4346155f3b62,S2216629,S2216629,2,2022-04-25,1R,pAMR0,1,S2312318,S2312318,6,2023-03-21,0R,pAMR0,330,0,future_no_significant_rejection,0,0.7738278794469953
image_only,pair_000426,patient_4a9f4346155f3b62,S2222063,S2222063,3,2022-05-31,0R,pAMR0,1,S2235319,S2235319,4,2022-08-23,2R,pAMR0,84,1,future_significant_rejection,0,0.8864216174889062
image_only,pair_000427,patient_4a9f4346155f3b62,S2222063,S2222063,3,2022-05-31,0R,pAMR0,1,S2242499,S2242499,5,2022-10-11,0R,pAMR0,133,0,future_no_significant_rejection,0,0.8864216174889062
image_only,pair_000428,patient_4a9f4346155f3b62,S2222063,S2222063,3,2022-05-31,0R,pAMR0,1,S2312318,S2312318,6,2023-03-21,0R,pAMR0,294,0,future_no_significant_rejection,0,0.8864216174889062
image_only,pair_000514,patient_6d8c27caf7586f64,S2323108,S2323108,1,2023-05-30,0R,pAMR0,4,S2326332,S2326332,2,2023-06-20,0R,pAMR0,21,0,future_no_significant_rejection,0,0.5404781105700918
image_only,pair_000515,patient_6d8c27caf7586f64,S2323108,S2323108,1,2023-05-30,0R,pAMR0,4,S2330982,S2330982,3,2023-07-18,1R,pAMR0,49,0,future_no_significant_rejection,0,0.5404781105700918
image_only,pair_000516,patient_6d8c27caf7586f64,S2326332,S2326332,2,2023-06-20,0R,pAMR0,5,S2330982,S2330982,3,2023-07-18,1R,pAMR0,28,0,future_no_significant_rejection,0,0.3423383492356176
image_only,pair_000549,patient_718a20df543bc4dd,S2409391,S2409391,1,2024-03-12,0R,pAMR0,4,S2410460,S2410460,2,2024-03-26,0R,pAMR0,14,0,future_no_significant_rejection,0,0.6803610915651245
image_only,pair_000550,patient_718a20df543bc4dd,S2409391,S2409391,1,2024-03-12,0R,pAMR0,4,S2412725,S2412725,3,2024-04-23,0R,pAMR0,42,0,future_no_significant_rejection,0,0.6803610915651245
image_only,pair_000551,patient_718a20df543bc4dd,S2409391,S2409391,1,2024-03-12,0R,pAMR0,4,S2415070,S2415070,4,2024-05-22,0R,pAMR0,71,0,future_no_significant_rejection,0,0.6803610915651245
image_only,pair_000552,patient_718a20df543bc4dd,S2409391,S2409391,1,2024-03-12,0R,pAMR0,4,S2424259,S2424259,5,2024-08-20,0R,pAMR0,161,0,future_no_significant_rejection,0,0.6803610915651245
image_only,pair_000553,patient_718a20df543bc4dd,S2409391,S2409391,1,2024-03-12,0R,pAMR0,4,S2504721,S2504721,6,2025-02-18,0R,pAMR0,343,0,future_no_significant_rejection,0,0.6803610915651245
image_only,pair_000554,patient_718a20df543bc4dd,S2410460,S2410460,2,2024-03-26,0R,pAMR0,1,S2412725,S2412725,3,2024-04-23,0R,pAMR0,28,0,future_no_significant_rejection,0,0.504716663000257
image_only,pair_000555,patient_718a20df543bc4dd,S2410460,S2410460,2,2024-03-26,0R,pAMR0,1,S2415070,S2415070,4,2024-05-22,0R,pAMR0,57,0,future_no_significant_rejection,0,0.504716663000257
image_only,pair_000556,patient_718a20df543bc4dd,S2410460,S2410460,2,2024-03-26,0R,pAMR0,1,S2424259,S2424259,5,2024-08-20,0R,pAMR0,147,0,future_no_significant_rejection,0,0.504716663000257
image_only,pair_000557,patient_718a20df543bc4dd,S2410460,S2410460,2,2024-03-26,0R,pAMR0,1,S2504721,S2504721,6,2025-02-18,0R,pAMR0,329,0,future_no_significant_rejection,0,0.504716663000257
image_only,pair_000558,patient_718a20df543bc4dd,S2412725,S2412725,3,2024-04-23,0R,pAMR0,2,S2415070,S2415070,4,2024-05-22,0R,pAMR0,29,0,future_no_significant_rejection,0,0.5020963507529003
image_only,pair_000559,patient_718a20df543bc4dd,S2412725,S2412725,3,2024-04-23,0R,pAMR0,2,S2424259,S2424259,5,2024-08-20,0R,pAMR0,119,0,future_no_significant_rejection,0,0.5020963507529003
image_only,pair_000560,patient_718a20df543bc4dd,S2412725,S2412725,3,2024-04-23,0R,pAMR0,2,S2504721,S2504721,6,2025-02-18,0R,pAMR0,301,0,future_no_significant_rejection,0,0.5020963507529003
image_only,pair_000561,patient_718a20df543bc4dd,S2415070,S2415070,4,2024-05-22,0R,pAMR0,2,S2424259,S2424259,5,2024-08-20,0R,pAMR0,90,0,future_no_significant_rejection,0,0.42623057827358796
image_only,pair_000562,patient_718a20df543bc4dd,S2415070,S2415070,4,2024-05-22,0R,pAMR0,2,S2504721,S2504721,6,2025-02-18,0R,pAMR0,272,0,future_no_significant_rejection,0,0.42623057827358796
image_only,pair_000563,patient_718a20df543bc4dd,S2424259,S2424259,5,2024-08-20,0R,pAMR0,2,S2504721,S2504721,6,2025-02-18,0R,pAMR0,182,0,future_no_significant_rejection,0,0.5616088536107171
image_only,pair_000582,patient_78e356d1740b4e11,S2150492,S2150492,1,2021-11-23,1R,pAMR0,3,S2229536,S2229536,2,2022-07-15,1R,pAMR0,234,0,future_no_significant_rejection,0,0.4848304612993528
image_only,pair_000596,patient_7d29fcd258114554,S2141806,S2141806,1,2021-09-28,0R,pAMR0,3,S2143769,S2143769,2,2021-10-12,0R,pAMR0,14,0,future_no_significant_rejection,0,0.646317567984937
image_only,pair_000597,patient_7d29fcd258114554,S2141806,S2141806,1,2021-09-28,0R,pAMR0,3,S2149396,S2149396,3,2021-11-16,1R,pAMR0,49,0,future_no_significant_rejection,0,0.646317567984937
image_only,pair_000598,patient_7d29fcd258114554,S2141806,S2141806,1,2021-09-28,0R,pAMR0,3,S2154957,S2154957,4,2021-12-21,1R,pAMR0,84,0,future_no_significant_rejection,0,0.646317567984937
image_only,pair_000599,patient_7d29fcd258114554,S2141806,S2141806,1,2021-09-28,0R,pAMR0,3,S2203734,S2203734,5,2022-01-25,0R,pAMR0,119,0,future_no_significant_rejection,0,0.646317567984937
image_only,pair_000600,patient_7d29fcd258114554,S2141806,S2141806,1,2021-09-28,0R,pAMR0,3,S2210203,S2210203,6,2022-03-15,0R,pAMR0,168,0,future_no_significant_rejection,0,0.646317567984937
image_only,pair_000601,patient_7d29fcd258114554,S2141806,S2141806,1,2021-09-28,0R,pAMR0,3,S2239522,S2239522,7,2022-09-20,1R,pAMR0,357,0,future_no_significant_rejection,0,0.646317567984937
image_only,pair_000602,patient_7d29fcd258114554,S2143769,S2143769,2,2021-10-12,0R,pAMR0,1,S2149396,S2149396,3,2021-11-16,1R,pAMR0,35,0,future_no_significant_rejection,0,0.5196805221468056
image_only,pair_000603,patient_7d29fcd258114554,S2143769,S2143769,2,2021-10-12,0R,pAMR0,1,S2154957,S2154957,4,2021-12-21,1R,pAMR0,70,0,future_no_significant_rejection,0,0.5196805221468056
image_only,pair_000604,patient_7d29fcd258114554,S2143769,S2143769,2,2021-10-12,0R,pAMR0,1,S2203734,S2203734,5,2022-01-25,0R,pAMR0,105,0,future_no_significant_rejection,0,0.5196805221468056
image_only,pair_000605,patient_7d29fcd258114554,S2143769,S2143769,2,2021-10-12,0R,pAMR0,1,S2210203,S2210203,6,2022-03-15,0R,pAMR0,154,0,future_no_significant_rejection,0,0.5196805221468056
image_only,pair_000606,patient_7d29fcd258114554,S2143769,S2143769,2,2021-10-12,0R,pAMR0,1,S2239522,S2239522,7,2022-09-20,1R,pAMR0,343,0,future_no_significant_rejection,0,0.5196805221468056
image_only,pair_000607,patient_7d29fcd258114554,S2149396,S2149396,3,2021-11-16,1R,pAMR0,1,S2154957,S2154957,4,2021-12-21,1R,pAMR0,35,0,future_no_significant_rejection,0,0.4745989294477159
image_only,pair_000608,patient_7d29fcd258114554,S2149396,S2149396,3,2021-11-16,1R,pAMR0,1,S2203734,S2203734,5,2022-01-25,0R,pAMR0,70,0,future_no_significant_rejection,0,0.4745989294477159
image_only,pair_000609,patient_7d29fcd258114554,S2149396,S2149396,3,2021-11-16,1R,pAMR0,1,S2210203,S2210203,6,2022-03-15,0R,pAMR0,119,0,future_no_significant_rejection,0,0.4745989294477159
image_only,pair_000610,patient_7d29fcd258114554,S2149396,S2149396,3,2021-11-16,1R,pAMR0,1,S2239522,S2239522,7,2022-09-20,1R,pAMR0,308,0,future_no_significant_rejection,0,0.4745989294477159
image_only,pair_000611,patient_7d29fcd258114554,S2154957,S2154957,4,2021-12-21,1R,pAMR0,1,S2203734,S2203734,5,2022-01-25,0R,pAMR0,35,0,future_no_significant_rejection,0,0.5497917908194233
image_only,pair_000612,patient_7d29fcd258114554,S2154957,S2154957,4,2021-12-21,1R,pAMR0,1,S2210203,S2210203,6,2022-03-15,0R,pAMR0,84,0,future_no_significant_rejection,0,0.5497917908194233
image_only,pair_000613,patient_7d29fcd258114554,S2154957,S2154957,4,2021-12-21,1R,pAMR0,1,S2239522,S2239522,7,2022-09-20,1R,pAMR0,273,0,future_no_significant_rejection,0,0.5497917908194233
image_only,pair_000614,patient_7d29fcd258114554,S2203734,S2203734,5,2022-01-25,0R,pAMR0,1,S2210203,S2210203,6,2022-03-15,0R,pAMR0,49,0,future_no_significant_rejection,0,0.5814883161750349
image_only,pair_000615,patient_7d29fcd258114554,S2203734,S2203734,5,2022-01-25,0R,pAMR0,1,S2239522,S2239522,7,2022-09-20,1R,pAMR0,238,0,future_no_significant_rejection,0,0.5814883161750349
image_only,pair_000616,patient_7d29fcd258114554,S2210203,S2210203,6,2022-03-15,0R,pAMR0,1,S2239522,S2239522,7,2022-09-20,1R,pAMR0,189,0,future_no_significant_rejection,0,0.5261080874890917
image_only,pair_000620,patient_7fb8c2b1e117173f,S2530063,S2530063,1,2025-09-23,0R,pAMR0,2,S2533022,S2533022,2,2025-10-21,0R,pAMR0,28,0,future_no_significant_rejection,0,0.5662555717852685
image_only,pair_000624,patient_886cef649f01f586,S2102543,S2102543,1,2021-01-19,0R,pAMR0,2,S2200309,S2200309,2,2022-01-04,0R,pAMR0,350,0,future_no_significant_rejection,0,0.9098772471474442
image_only,pair_000625,patient_895c9f3c4b1870d6,S2107860,S2107860,1,2021-02-23,1R,pAMR0,3,S2128633,S2128633,2,2021-07-06,2R,pAMR0,133,1,future_significant_rejection,0,0.7706952373686855
image_only,pair_000626,patient_895c9f3c4b1870d6,S2107860,S2107860,1,2021-02-23,1R,pAMR0,3,S2134279,S2134279,3,2021-08-10,2R,pAMR0,168,1,future_significant_rejection,0,0.7706952373686855
image_only,pair_000627,patient_895c9f3c4b1870d6,S2107860,S2107860,1,2021-02-23,1R,pAMR0,3,S2141807,S2141807,4,2021-09-28,1R,pAMR0,217,0,future_no_significant_rejection,0,0.7706952373686855
image_only,pair_000628,patient_895c9f3c4b1870d6,S2107860,S2107860,1,2021-02-23,1R,pAMR0,3,S2148221,S2148221,5,2021-11-09,2R,pAMR0,259,1,future_significant_rejection,0,0.7706952373686855
image_only,pair_000629,patient_895c9f3c4b1870d6,S2107860,S2107860,1,2021-02-23,1R,pAMR0,3,S2205208,S2205208,6,2022-02-08,0R,pAMR0,350,0,future_no_significant_rejection,0,0.7706952373686855
image_only,pair_000752,patient_ab45843e8e5c5823,S2253529,S2253529,1,2022-12-20,0R,pAMR0,1,S2300361,S2300361,2,2023-01-03,0R,pAMR0,14,0,future_no_significant_rejection,0,0.3566393287087113
image_only,pair_000753,patient_ab45843e8e5c5823,S2253529,S2253529,1,2022-12-20,0R,pAMR0,1,S2306015,S2306015,3,2023-02-08,1R,pAMR0,50,0,future_no_significant_rejection,0,0.3566393287087113
image_only,pair_000754,patient_ab45843e8e5c5823,S2253529,S2253529,1,2022-12-20,0R,pAMR0,1,S2310079,S2310079,4,2023-03-07,0R,pAMR0,77,0,future_no_significant_rejection,0,0.3566393287087113
image_only,pair_000755,patient_ab45843e8e5c5823,S2253529,S2253529,1,2022-12-20,0R,pAMR0,1,S2315841,S2315841,5,2023-04-11,1R,pAMR0,112,0,future_no_significant_rejection,0,0.3566393287087113
image_only,pair_000756,patient_ab45843e8e5c5823,S2253529,S2253529,1,2022-12-20,0R,pAMR0,1,S2325143,S2325143,6,2023-06-13,0R,pAMR0,175,0,future_no_significant_rejection,0,0.3566393287087113
image_only,pair_000757,patient_ab45843e8e5c5823,S2253529,S2253529,1,2022-12-20,0R,pAMR0,1,S2339820,S2339820,7,2023-09-12,0R,pAMR0,266,0,future_no_significant_rejection,0,0.3566393287087113
image_only,pair_000758,patient_ab45843e8e5c5823,S2253529,S2253529,1,2022-12-20,0R,pAMR0,1,S2351751,S2351751,8,2023-12-05,1R,pAMR0,350,0,future_no_significant_rejection,0,0.3566393287087113
image_only,pair_000759,patient_ab45843e8e5c5823,S2300361,S2300361,2,2023-01-03,0R,pAMR0,2,S2306015,S2306015,3,2023-02-08,1R,pAMR0,36,0,future_no_significant_rejection,0,0.4112515303274505
image_only,pair_000760,patient_ab45843e8e5c5823,S2300361,S2300361,2,2023-01-03,0R,pAMR0,2,S2310079,S2310079,4,2023-03-07,0R,pAMR0,63,0,future_no_significant_rejection,0,0.4112515303274505
image_only,pair_000761,patient_ab45843e8e5c5823,S2300361,S2300361,2,2023-01-03,0R,pAMR0,2,S2315841,S2315841,5,2023-04-11,1R,pAMR0,98,0,future_no_significant_rejection,0,0.4112515303274505
image_only,pair_000762,patient_ab45843e8e5c5823,S2300361,S2300361,2,2023-01-03,0R,pAMR0,2,S2325143,S2325143,6,2023-06-13,0R,pAMR0,161,0,future_no_significant_rejection,0,0.4112515303274505
image_only,pair_000763,patient_ab45843e8e5c5823,S2300361,S2300361,2,2023-01-03,0R,pAMR0,2,S2339820,S2339820,7,2023-09-12,0R,pAMR0,252,0,future_no_significant_rejection,0,0.4112515303274505
image_only,pair_000764,patient_ab45843e8e5c5823,S2300361,S2300361,2,2023-01-03,0R,pAMR0,2,S2351751,S2351751,8,2023-12-05,1R,pAMR0,336,0,future_no_significant_rejection,0,0.4112515303274505
image_only,pair_000765,patient_ab45843e8e5c5823,S2306015,S2306015,3,2023-02-08,1R,pAMR0,1,S2310079,S2310079,4,2023-03-07,0R,pAMR0,27,0,future_no_significant_rejection,0,0.4423878454006915
image_only,pair_000766,patient_ab45843e8e5c5823,S2306015,S2306015,3,2023-02-08,1R,pAMR0,1,S2315841,S2315841,5,2023-04-11,1R,pAMR0,62,0,future_no_significant_rejection,0,0.4423878454006915
image_only,pair_000767,patient_ab45843e8e5c5823,S2306015,S2306015,3,2023-02-08,1R,pAMR0,1,S2325143,S2325143,6,2023-06-13,0R,pAMR0,125,0,future_no_significant_rejection,0,0.4423878454006915
image_only,pair_000768,patient_ab45843e8e5c5823,S2306015,S2306015,3,2023-02-08,1R,pAMR0,1,S2339820,S2339820,7,2023-09-12,0R,pAMR0,216,0,future_no_significant_rejection,0,0.4423878454006915
image_only,pair_000769,patient_ab45843e8e5c5823,S2306015,S2306015,3,2023-02-08,1R,pAMR0,1,S2351751,S2351751,8,2023-12-05,1R,pAMR0,300,0,future_no_significant_rejection,0,0.4423878454006915
image_only,pair_000770,patient_ab45843e8e5c5823,S2310079,S2310079,4,2023-03-07,0R,pAMR0,1,S2315841,S2315841,5,2023-04-11,1R,pAMR0,35,0,future_no_significant_rejection,0,0.35825830183868107
image_only,pair_000771,patient_ab45843e8e5c5823,S2310079,S2310079,4,2023-03-07,0R,pAMR0,1,S2325143,S2325143,6,2023-06-13,0R,pAMR0,98,0,future_no_significant_rejection,0,0.35825830183868107
image_only,pair_000772,patient_ab45843e8e5c5823,S2310079,S2310079,4,2023-03-07,0R,pAMR0,1,S2339820,S2339820,7,2023-09-12,0R,pAMR0,189,0,future_no_significant_rejection,0,0.35825830183868107
image_only,pair_000773,patient_ab45843e8e5c5823,S2310079,S2310079,4,2023-03-07,0R,pAMR0,1,S2351751,S2351751,8,2023-12-05,1R,pAMR0,273,0,future_no_significant_rejection,0,0.35825830183868107
image_only,pair_000774,patient_ab45843e8e5c5823,S2315841,S2315841,5,2023-04-11,1R,pAMR0,2,S2325143,S2325143,6,2023-06-13,0R,pAMR0,63,0,future_no_significant_rejection,0,0.221198416843916
image_only,pair_000775,patient_ab45843e8e5c5823,S2315841,S2315841,5,2023-04-11,1R,pAMR0,2,S2339820,S2339820,7,2023-09-12,0R,pAMR0,154,0,future_no_significant_rejection,0,0.221198416843916
image_only,pair_000776,patient_ab45843e8e5c5823,S2315841,S2315841,5,2023-04-11,1R,pAMR0,2,S2351751,S2351751,8,2023-12-05,1R,pAMR0,238,0,future_no_significant_rejection,0,0.221198416843916
image_only,pair_000777,patient_ab45843e8e5c5823,S2325143,S2325143,6,2023-06-13,0R,pAMR0,1,S2339820,S2339820,7,2023-09-12,0R,pAMR0,91,0,future_no_significant_rejection,0,0.45324215865350015
image_only,pair_000778,patient_ab45843e8e5c5823,S2325143,S2325143,6,2023-06-13,0R,pAMR0,1,S2351751,S2351751,8,2023-12-05,1R,pAMR0,175,0,future_no_significant_rejection,0,0.45324215865350015
image_only,pair_000779,patient_ab45843e8e5c5823,S2339820,S2339820,7,2023-09-12,0R,pAMR0,1,S2351751,S2351751,8,2023-12-05,1R,pAMR0,84,0,future_no_significant_rejection,0,0.3751906247862799
image_only,pair_000780,patient_aca1fffca0191542,S2142816,S2142816,1,2021-10-05,0R,pAMR0,1,S2211179,S2211179,2,2022-03-22,0R,pAMR0,168,0,future_no_significant_rejection,0,0.21300208247100902
image_only,pair_000781,patient_aca1fffca0191542,S2142816,S2142816,1,2021-10-05,0R,pAMR0,1,S2333273,S2333273,3,2023-08-01,0R,pAMR0,665,0,future_no_significant_rejection,0,0.21300208247100902
image_only,pair_000782,patient_aca1fffca0191542,S2211179,S2211179,2,2022-03-22,0R,pAMR0,1,S2333273,S2333273,3,2023-08-01,0R,pAMR0,497,0,future_no_significant_rejection,0,0.3075584742209325
image_only,pair_000783,patient_ad7be783b5ff7f03,S2314591,S2314591,1,2023-04-04,0R,pAMR0,3,S2316900,S2316900,2,2023-04-18,0R,pAMR0,14,0,future_no_significant_rejection,0,0.4209572767467419
image_only,pair_000784,patient_ad7be783b5ff7f03,S2314591,S2314591,1,2023-04-04,0R,pAMR0,3,S2329756,S2329756,3,2023-07-11,1R,pAMR0,98,0,future_no_significant_rejection,0,0.4209572767467419
image_only,pair_000785,patient_ad7be783b5ff7f03,S2314591,S2314591,1,2023-04-04,0R,pAMR0,3,S2410458,S2410458,4,2024-03-26,0R,pAMR0,357,0,future_no_significant_rejection,0,0.4209572767467419
image_only,pair_000786,patient_ad7be783b5ff7f03,S2316900,S2316900,2,2023-04-18,0R,pAMR0,1,S2329756,S2329756,3,2023-07-11,1R,pAMR0,84,0,future_no_significant_rejection,0,0.6737717155486976
image_only,pair_000787,patient_ad7be783b5ff7f03,S2316900,S2316900,2,2023-04-18,0R,pAMR0,1,S2410458,S2410458,4,2024-03-26,0R,pAMR0,343,0,future_no_significant_rejection,0,0.6737717155486976
image_only,pair_000788,patient_ad7be783b5ff7f03,S2329756,S2329756,3,2023-07-11,1R,pAMR0,3,S2410458,S2410458,4,2024-03-26,0R,pAMR0,259,0,future_no_significant_rejection,0,0.3509351936680794
image_only,pair_000789,patient_ae0f85572ff16638,S2153833,S2153833,1,2021-12-14,0R,pAMR0,1,S2311234,S2311234,2,2023-03-14,0R,pAMR0,455,0,future_no_significant_rejection,0,0.16338350152037953
image_only,pair_000819,patient_c2ec040a2ccee825,S2420604,S2420604,1,2024-07-16,0R,pAMR0,2,S2422845,S2422845,2,2024-08-06,0R,pAMR0,21,0,future_no_significant_rejection,0,0.6151038417985205
image_only,pair_000820,patient_c2ec040a2ccee825,S2420604,S2420604,1,2024-07-16,0R,pAMR0,2,S2502090,S2502090,3,2025-01-21,0R,pAMR0,189,0,future_no_significant_rejection,0,0.6151038417985205
image_only,pair_000821,patient_c2ec040a2ccee825,S2420604,S2420604,1,2024-07-16,0R,pAMR0,2,S2511010,S2511010,4,2025-04-15,1R,pAMR0,273,0,future_no_significant_rejection,0,0.6151038417985205
image_only,pair_000822,patient_c2ec040a2ccee825,S2420604,S2420604,1,2024-07-16,0R,pAMR0,2,S2520404,S2520404,5,2025-07-08,0R,pAMR0,357,0,future_no_significant_rejection,0,0.6151038417985205
image_only,pair_000823,patient_c2ec040a2ccee825,S2422845,S2422845,2,2024-08-06,0R,pAMR0,2,S2502090,S2502090,3,2025-01-21,0R,pAMR0,168,0,future_no_significant_rejection,0,0.5659106056697185
image_only,pair_000824,patient_c2ec040a2ccee825,S2422845,S2422845,2,2024-08-06,0R,pAMR0,2,S2511010,S2511010,4,2025-04-15,1R,pAMR0,252,0,future_no_significant_rejection,0,0.5659106056697185
image_only,pair_000825,patient_c2ec040a2ccee825,S2422845,S2422845,2,2024-08-06,0R,pAMR0,2,S2520404,S2520404,5,2025-07-08,0R,pAMR0,336,0,future_no_significant_rejection,0,0.5659106056697185
image_only,pair_000826,patient_c2ec040a2ccee825,S2502090,S2502090,3,2025-01-21,0R,pAMR0,1,S2511010,S2511010,4,2025-04-15,1R,pAMR0,84,0,future_no_significant_rejection,0,0.3953181444345031
image_only,pair_000827,patient_c2ec040a2ccee825,S2502090,S2502090,3,2025-01-21,0R,pAMR0,1,S2520404,S2520404,5,2025-07-08,0R,pAMR0,168,0,future_no_significant_rejection,0,0.3953181444345031
image_only,pair_000828,patient_c2ec040a2ccee825,S2511010,S2511010,4,2025-04-15,1R,pAMR0,2,S2520404,S2520404,5,2025-07-08,0R,pAMR0,84,0,future_no_significant_rejection,0,0.5222800568236236
image_only,pair_000860,patient_c85fe67257ac09be,S2202565,S2202565,1,2022-01-18,0R,pAMR0,1,S2207349,S2207349,2,2022-02-22,0R,pAMR0,35,0,future_no_significant_rejection,0,0.4541451061570103
image_only,pair_000861,patient_c85fe67257ac09be,S2202565,S2202565,1,2022-01-18,0R,pAMR0,1,S2210204,S2210204,3,2022-03-15,1R,pAMR0,56,0,future_no_significant_rejection,0,0.4541451061570103
image_only,pair_000862,patient_c85fe67257ac09be,S2202565,S2202565,1,2022-01-18,0R,pAMR0,1,S2216630,S2216630,4,2022-04-26,0R,pAMR0,98,0,future_no_significant_rejection,0,0.4541451061570103
image_only,pair_000863,patient_c85fe67257ac09be,S2202565,S2202565,1,2022-01-18,0R,pAMR0,1,S2220918,S2220918,5,2022-05-24,1R,pAMR0,126,0,future_no_significant_rejection,0,0.4541451061570103
image_only,pair_000864,patient_c85fe67257ac09be,S2202565,S2202565,1,2022-01-18,0R,pAMR0,1,S2227608,S2227608,6,2022-07-05,1R,pAMR0,168,0,future_no_significant_rejection,0,0.4541451061570103
image_only,pair_000865,patient_c85fe67257ac09be,S2202565,S2202565,1,2022-01-18,0R,pAMR0,1,S2241560,S2241560,7,2022-10-04,1R,pAMR0,259,0,future_no_significant_rejection,0,0.4541451061570103
image_only,pair_000866,patient_c85fe67257ac09be,S2207349,S2207349,2,2022-02-22,0R,pAMR0,1,S2210204,S2210204,3,2022-03-15,1R,pAMR0,21,0,future_no_significant_rejection,0,0.5596516968688507
image_only,pair_000867,patient_c85fe67257ac09be,S2207349,S2207349,2,2022-02-22,0R,pAMR0,1,S2216630,S2216630,4,2022-04-26,0R,pAMR0,63,0,future_no_significant_rejection,0,0.5596516968688507
image_only,pair_000868,patient_c85fe67257ac09be,S2207349,S2207349,2,2022-02-22,0R,pAMR0,1,S2220918,S2220918,5,2022-05-24,1R,pAMR0,91,0,future_no_significant_rejection,0,0.5596516968688507
image_only,pair_000869,patient_c85fe67257ac09be,S2207349,S2207349,2,2022-02-22,0R,pAMR0,1,S2227608,S2227608,6,2022-07-05,1R,pAMR0,133,0,future_no_significant_rejection,0,0.5596516968688507
image_only,pair_000870,patient_c85fe67257ac09be,S2207349,S2207349,2,2022-02-22,0R,pAMR0,1,S2241560,S2241560,7,2022-10-04,1R,pAMR0,224,0,future_no_significant_rejection,0,0.5596516968688507
image_only,pair_000871,patient_c85fe67257ac09be,S2210204,S2210204,3,2022-03-15,1R,pAMR0,3,S2216630,S2216630,4,2022-04-26,0R,pAMR0,42,0,future_no_significant_rejection,0,0.5311615995618838
image_only,pair_000872,patient_c85fe67257ac09be,S2210204,S2210204,3,2022-03-15,1R,pAMR0,3,S2220918,S2220918,5,2022-05-24,1R,pAMR0,70,0,future_no_significant_rejection,0,0.5311615995618838
image_only,pair_000873,patient_c85fe67257ac09be,S2210204,S2210204,3,2022-03-15,1R,pAMR0,3,S2227608,S2227608,6,2022-07-05,1R,pAMR0,112,0,future_no_significant_rejection,0,0.5311615995618838
image_only,pair_000874,patient_c85fe67257ac09be,S2210204,S2210204,3,2022-03-15,1R,pAMR0,3,S2241560,S2241560,7,2022-10-04,1R,pAMR0,203,0,future_no_significant_rejection,0,0.5311615995618838
image_only,pair_000875,patient_c85fe67257ac09be,S2216630,S2216630,4,2022-04-26,0R,pAMR0,2,S2220918,S2220918,5,2022-05-24,1R,pAMR0,28,0,future_no_significant_rejection,0,0.7415438441194065
image_only,pair_000876,patient_c85fe67257ac09be,S2216630,S2216630,4,2022-04-26,0R,pAMR0,2,S2227608,S2227608,6,2022-07-05,1R,pAMR0,70,0,future_no_significant_rejection,0,0.7415438441194065
image_only,pair_000877,patient_c85fe67257ac09be,S2216630,S2216630,4,2022-04-26,0R,pAMR0,2,S2241560,S2241560,7,2022-10-04,1R,pAMR0,161,0,future_no_significant_rejection,0,0.7415438441194065
image_only,pair_000878,patient_c85fe67257ac09be,S2220918,S2220918,5,2022-05-24,1R,pAMR0,1,S2227608,S2227608,6,2022-07-05,1R,pAMR0,42,0,future_no_significant_rejection,0,0.4121857996389972
image_only,pair_000879,patient_c85fe67257ac09be,S2220918,S2220918,5,2022-05-24,1R,pAMR0,1,S2241560,S2241560,7,2022-10-04,1R,pAMR0,133,0,future_no_significant_rejection,0,0.4121857996389972
image_only,pair_000880,patient_c85fe67257ac09be,S2227608,S2227608,6,2022-07-05,1R,pAMR0,3,S2241560,S2241560,7,2022-10-04,1R,pAMR0,91,0,future_no_significant_rejection,0,0.4274799209963503
image_only,pair_000909,patient_d074d89175786c47,S2227605,S2227605,1,2022-07-05,0R,pAMR0,1,S2231089,S2231089,2,2022-07-26,0R,pAMR0,21,0,future_no_significant_rejection,0,0.3007040016852758
image_only,pair_000910,patient_d074d89175786c47,S2227605,S2227605,1,2022-07-05,0R,pAMR0,1,S2236496,S2236496,3,2022-08-30,0R,pAMR0,56,0,future_no_significant_rejection,0,0.3007040016852758
image_only,pair_000911,patient_d074d89175786c47,S2227605,S2227605,1,2022-07-05,0R,pAMR0,1,S2242501,S2242501,4,2022-10-11,0R,pAMR0,98,0,future_no_significant_rejection,0,0.3007040016852758
image_only,pair_000912,patient_d074d89175786c47,S2227605,S2227605,1,2022-07-05,0R,pAMR0,1,S2250151,S2250151,5,2022-11-29,0R,pAMR0,147,0,future_no_significant_rejection,0,0.3007040016852758
image_only,pair_000913,patient_d074d89175786c47,S2227605,S2227605,1,2022-07-05,0R,pAMR0,1,S2304564,S2304564,6,2023-01-31,0R,pAMR0,210,0,future_no_significant_rejection,0,0.3007040016852758
image_only,pair_000914,patient_d074d89175786c47,S2227605,S2227605,1,2022-07-05,0R,pAMR0,1,S2315840,S2315840,7,2023-04-11,0R,pAMR0,280,0,future_no_significant_rejection,0,0.3007040016852758
image_only,pair_000915,patient_d074d89175786c47,S2227605,S2227605,1,2022-07-05,0R,pAMR0,1,S2327489,S2327489,8,2023-06-27,0R,pAMR0,357,0,future_no_significant_rejection,0,0.3007040016852758
image_only,pair_000916,patient_d074d89175786c47,S2231089,S2231089,2,2022-07-26,0R,pAMR0,2,S2236496,S2236496,3,2022-08-30,0R,pAMR0,35,0,future_no_significant_rejection,0,0.28891451615059605
image_only,pair_000917,patient_d074d89175786c47,S2231089,S2231089,2,2022-07-26,0R,pAMR0,2,S2242501,S2242501,4,2022-10-11,0R,pAMR0,77,0,future_no_significant_rejection,0,0.28891451615059605
image_only,pair_000918,patient_d074d89175786c47,S2231089,S2231089,2,2022-07-26,0R,pAMR0,2,S2250151,S2250151,5,2022-11-29,0R,pAMR0,126,0,future_no_significant_rejection,0,0.28891451615059605
image_only,pair_000919,patient_d074d89175786c47,S2231089,S2231089,2,2022-07-26,0R,pAMR0,2,S2304564,S2304564,6,2023-01-31,0R,pAMR0,189,0,future_no_significant_rejection,0,0.28891451615059605
image_only,pair_000920,patient_d074d89175786c47,S2231089,S2231089,2,2022-07-26,0R,pAMR0,2,S2315840,S2315840,7,2023-04-11,0R,pAMR0,259,0,future_no_significant_rejection,0,0.28891451615059605
image_only,pair_000921,patient_d074d89175786c47,S2231089,S2231089,2,2022-07-26,0R,pAMR0,2,S2327489,S2327489,8,2023-06-27,0R,pAMR0,336,0,future_no_significant_rejection,0,0.28891451615059605
image_only,pair_000922,patient_d074d89175786c47,S2236496,S2236496,3,2022-08-30,0R,pAMR0,1,S2242501,S2242501,4,2022-10-11,0R,pAMR0,42,0,future_no_significant_rejection,0,0.5193063529822047
image_only,pair_000923,patient_d074d89175786c47,S2236496,S2236496,3,2022-08-30,0R,pAMR0,1,S2250151,S2250151,5,2022-11-29,0R,pAMR0,91,0,future_no_significant_rejection,0,0.5193063529822047
image_only,pair_000924,patient_d074d89175786c47,S2236496,S2236496,3,2022-08-30,0R,pAMR0,1,S2304564,S2304564,6,2023-01-31,0R,pAMR0,154,0,future_no_significant_rejection,0,0.5193063529822047
image_only,pair_000925,patient_d074d89175786c47,S2236496,S2236496,3,2022-08-30,0R,pAMR0,1,S2315840,S2315840,7,2023-04-11,0R,pAMR0,224,0,future_no_significant_rejection,0,0.5193063529822047
image_only,pair_000926,patient_d074d89175786c47,S2236496,S2236496,3,2022-08-30,0R,pAMR0,1,S2327489,S2327489,8,2023-06-27,0R,pAMR0,301,0,future_no_significant_rejection,0,0.5193063529822047
image_only,pair_000927,patient_d074d89175786c47,S2242501,S2242501,4,2022-10-11,0R,pAMR0,1,S2250151,S2250151,5,2022-11-29,0R,pAMR0,49,0,future_no_significant_rejection,0,0.5308484974722577
image_only,pair_000928,patient_d074d89175786c47,S2242501,S2242501,4,2022-10-11,0R,pAMR0,1,S2304564,S2304564,6,2023-01-31,0R,pAMR0,112,0,future_no_significant_rejection,0,0.5308484974722577
image_only,pair_000929,patient_d074d89175786c47,S2242501,S2242501,4,2022-10-11,0R,pAMR0,1,S2315840,S2315840,7,2023-04-11,0R,pAMR0,182,0,future_no_significant_rejection,0,0.5308484974722577
image_only,pair_000930,patient_d074d89175786c47,S2242501,S2242501,4,2022-10-11,0R,pAMR0,1,S2327489,S2327489,8,2023-06-27,0R,pAMR0,259,0,future_no_significant_rejection,0,0.5308484974722577
image_only,pair_000931,patient_d074d89175786c47,S2250151,S2250151,5,2022-11-29,0R,pAMR0,1,S2304564,S2304564,6,2023-01-31,0R,pAMR0,63,0,future_no_significant_rejection,0,0.39425390193908216
image_only,pair_000932,patient_d074d89175786c47,S2250151,S2250151,5,2022-11-29,0R,pAMR0,1,S2315840,S2315840,7,2023-04-11,0R,pAMR0,133,0,future_no_significant_rejection,0,0.39425390193908216
image_only,pair_000933,patient_d074d89175786c47,S2250151,S2250151,5,2022-11-29,0R,pAMR0,1,S2327489,S2327489,8,2023-06-27,0R,pAMR0,210,0,future_no_significant_rejection,0,0.39425390193908216
image_only,pair_000934,patient_d074d89175786c47,S2304564,S2304564,6,2023-01-31,0R,pAMR0,1,S2315840,S2315840,7,2023-04-11,0R,pAMR0,70,0,future_no_significant_rejection,0,0.3447414669131836
image_only,pair_000935,patient_d074d89175786c47,S2304564,S2304564,6,2023-01-31,0R,pAMR0,1,S2327489,S2327489,8,2023-06-27,0R,pAMR0,147,0,future_no_significant_rejection,0,0.3447414669131836
image_only,pair_000936,patient_d074d89175786c47,S2315840,S2315840,7,2023-04-11,0R,pAMR0,6,S2327489,S2327489,8,2023-06-27,0R,pAMR0,77,0,future_no_significant_rejection,0,0.2117599812941302
image_only,pair_000961,patient_d4c07874dec8cc11,S2413769,S2413769,1,2024-05-07,0R,pAMR0,9,S2426614,S2426614,2,2024-09-10,0R,pAMR0,126,0,future_no_significant_rejection,0,0.5551103597870227
image_only,pair_000962,patient_d4c07874dec8cc11,S2413769,S2413769,1,2024-05-07,0R,pAMR0,9,S2434133,S2434133,3,2024-11-26,1R,pAMR0,203,0,future_no_significant_rejection,0,0.5551103597870227
image_only,pair_000963,patient_d4c07874dec8cc11,S2413769,S2413769,1,2024-05-07,0R,pAMR0,9,S2505508,S2505508,4,2025-02-25,0R,pAMR0,294,0,future_no_significant_rejection,0,0.5551103597870227
image_only,pair_000964,patient_d4c07874dec8cc11,S2426614,S2426614,2,2024-09-10,0R,pAMR0,6,S2434133,S2434133,3,2024-11-26,1R,pAMR0,77,0,future_no_significant_rejection,0,0.4764818694471175
image_only,pair_000965,patient_d4c07874dec8cc11,S2426614,S2426614,2,2024-09-10,0R,pAMR0,6,S2505508,S2505508,4,2025-02-25,0R,pAMR0,168,0,future_no_significant_rejection,0,0.4764818694471175
image_only,pair_000966,patient_d4c07874dec8cc11,S2434133,S2434133,3,2024-11-26,1R,pAMR0,2,S2505508,S2505508,4,2025-02-25,0R,pAMR0,91,0,future_no_significant_rejection,0,0.5541267097126188
image_only,pair_000967,patient_d66d976aaae8f399,S2133159,S2133159,1,2021-08-03,0R,pAMR0,3,S2135429,S2135429,2,2021-08-17,1R,pAMR0,14,0,future_no_significant_rejection,0,0.5190983884619994
image_only,pair_000968,patient_d66d976aaae8f399,S2133159,S2133159,1,2021-08-03,0R,pAMR0,3,S2140145,S2140145,3,2021-09-14,1R,pAMR0,42,0,future_no_significant_rejection,0,0.5190983884619994
image_only,pair_000969,patient_d66d976aaae8f399,S2133159,S2133159,1,2021-08-03,0R,pAMR0,3,S2143764,S2143764,4,2021-10-11,1R,pAMR0,69,0,future_no_significant_rejection,0,0.5190983884619994
image_only,pair_000970,patient_d66d976aaae8f399,S2133159,S2133159,1,2021-08-03,0R,pAMR0,3,S2202567,S2202567,5,2022-01-18,0R,pAMR0,168,0,future_no_significant_rejection,0,0.5190983884619994
image_only,pair_000971,patient_d66d976aaae8f399,S2133159,S2133159,1,2021-08-03,0R,pAMR0,3,S2213275,S2213275,6,2022-04-05,0R,pAMR0,245,0,future_no_significant_rejection,0,0.5190983884619994
image_only,pair_000972,patient_d66d976aaae8f399,S2133159,S2133159,1,2021-08-03,0R,pAMR0,3,S2228788,S2228788,7,2022-07-12,0R,pAMR0,343,0,future_no_significant_rejection,0,0.5190983884619994
image_only,pair_000973,patient_d66d976aaae8f399,S2135429,S2135429,2,2021-08-17,1R,pAMR0,1,S2140145,S2140145,3,2021-09-14,1R,pAMR0,28,0,future_no_significant_rejection,0,0.5851411567996057
image_only,pair_000974,patient_d66d976aaae8f399,S2135429,S2135429,2,2021-08-17,1R,pAMR0,1,S2143764,S2143764,4,2021-10-11,1R,pAMR0,55,0,future_no_significant_rejection,0,0.5851411567996057
image_only,pair_000975,patient_d66d976aaae8f399,S2135429,S2135429,2,2021-08-17,1R,pAMR0,1,S2202567,S2202567,5,2022-01-18,0R,pAMR0,154,0,future_no_significant_rejection,0,0.5851411567996057
image_only,pair_000976,patient_d66d976aaae8f399,S2135429,S2135429,2,2021-08-17,1R,pAMR0,1,S2213275,S2213275,6,2022-04-05,0R,pAMR0,231,0,future_no_significant_rejection,0,0.5851411567996057
image_only,pair_000977,patient_d66d976aaae8f399,S2135429,S2135429,2,2021-08-17,1R,pAMR0,1,S2228788,S2228788,7,2022-07-12,0R,pAMR0,329,0,future_no_significant_rejection,0,0.5851411567996057
image_only,pair_000978,patient_d66d976aaae8f399,S2140145,S2140145,3,2021-09-14,1R,pAMR0,1,S2143764,S2143764,4,2021-10-11,1R,pAMR0,27,0,future_no_significant_rejection,0,0.5184156334042062
image_only,pair_000979,patient_d66d976aaae8f399,S2140145,S2140145,3,2021-09-14,1R,pAMR0,1,S2202567,S2202567,5,2022-01-18,0R,pAMR0,126,0,future_no_significant_rejection,0,0.5184156334042062
image_only,pair_000980,patient_d66d976aaae8f399,S2140145,S2140145,3,2021-09-14,1R,pAMR0,1,S2213275,S2213275,6,2022-04-05,0R,pAMR0,203,0,future_no_significant_rejection,0,0.5184156334042062
image_only,pair_000981,patient_d66d976aaae8f399,S2140145,S2140145,3,2021-09-14,1R,pAMR0,1,S2228788,S2228788,7,2022-07-12,0R,pAMR0,301,0,future_no_significant_rejection,0,0.5184156334042062
image_only,pair_000982,patient_d66d976aaae8f399,S2143764,S2143764,4,2021-10-11,1R,pAMR0,1,S2202567,S2202567,5,2022-01-18,0R,pAMR0,99,0,future_no_significant_rejection,0,0.5303707424558868
image_only,pair_000983,patient_d66d976aaae8f399,S2143764,S2143764,4,2021-10-11,1R,pAMR0,1,S2213275,S2213275,6,2022-04-05,0R,pAMR0,176,0,future_no_significant_rejection,0,0.5303707424558868
image_only,pair_000984,patient_d66d976aaae8f399,S2143764,S2143764,4,2021-10-11,1R,pAMR0,1,S2228788,S2228788,7,2022-07-12,0R,pAMR0,274,0,future_no_significant_rejection,0,0.5303707424558868
image_only,pair_000985,patient_d66d976aaae8f399,S2202567,S2202567,5,2022-01-18,0R,pAMR0,1,S2213275,S2213275,6,2022-04-05,0R,pAMR0,77,0,future_no_significant_rejection,0,0.35982110788936916
image_only,pair_000986,patient_d66d976aaae8f399,S2202567,S2202567,5,2022-01-18,0R,pAMR0,1,S2228788,S2228788,7,2022-07-12,0R,pAMR0,175,0,future_no_significant_rejection,0,0.35982110788936916
image_only,pair_000987,patient_d66d976aaae8f399,S2213275,S2213275,6,2022-04-05,0R,pAMR0,1,S2228788,S2228788,7,2022-07-12,0R,pAMR0,98,0,future_no_significant_rejection,0,0.610977831244711
image_only,pair_000988,patient_d772dd268706e1cf,S2133157,S2133157,1,2021-08-03,1R,pAMR0,1,S2150490,S2150490,2,2021-11-23,1R,pAMR0,112,0,future_no_significant_rejection,0,0.6567543848490738
image_only,pair_000989,patient_d772dd268706e1cf,S2133157,S2133157,1,2021-08-03,1R,pAMR0,1,S2203737,S2203737,3,2022-01-25,0R,pAMR0,175,0,future_no_significant_rejection,0,0.6567543848490738
image_only,pair_000990,patient_d772dd268706e1cf,S2133157,S2133157,1,2021-08-03,1R,pAMR0,1,S2215453,S2215453,4,2022-04-19,1R,pAMR0,259,0,future_no_significant_rejection,0,0.6567543848490738
image_only,pair_000991,patient_d772dd268706e1cf,S2150490,S2150490,2,2021-11-23,1R,pAMR0,1,S2203737,S2203737,3,2022-01-25,0R,pAMR0,63,0,future_no_significant_rejection,0,0.5126008949922382
image_only,pair_000992,patient_d772dd268706e1cf,S2150490,S2150490,2,2021-11-23,1R,pAMR0,1,S2215453,S2215453,4,2022-04-19,1R,pAMR0,147,0,future_no_significant_rejection,0,0.5126008949922382
image_only,pair_000993,patient_d772dd268706e1cf,S2203737,S2203737,3,2022-01-25,0R,pAMR0,1,S2215453,S2215453,4,2022-04-19,1R,pAMR0,84,0,future_no_significant_rejection,0,0.5648552135978032
image_only,pair_000994,patient_d7b8077abb2db045,S2511009,S2511009,1,2025-04-15,0R,pAMR0,2,S2512685,S2512685,2,2025-04-29,0R,pAMR0,14,0,future_no_significant_rejection,0,0.5152820526309689
image_only,pair_000995,patient_d7b8077abb2db045,S2511009,S2511009,1,2025-04-15,0R,pAMR0,2,S2520402,S2520402,3,2025-07-08,0R,pAMR0,84,0,future_no_significant_rejection,0,0.5152820526309689
image_only,pair_000996,patient_d7b8077abb2db045,S2511009,S2511009,1,2025-04-15,0R,pAMR0,2,S2525436,S2525436,4,2025-08-19,0R,pAMR0,126,0,future_no_significant_rejection,0,0.5152820526309689
image_only,pair_000997,patient_d7b8077abb2db045,S2511009,S2511009,1,2025-04-15,0R,pAMR0,2,S2530981,S2530981,5,2025-09-30,0R,pAMR0,168,0,future_no_significant_rejection,0,0.5152820526309689
image_only,pair_000998,patient_d7b8077abb2db045,S2512685,S2512685,2,2025-04-29,0R,pAMR0,2,S2520402,S2520402,3,2025-07-08,0R,pAMR0,70,0,future_no_significant_rejection,0,0.6294729524233785
image_only,pair_000999,patient_d7b8077abb2db045,S2512685,S2512685,2,2025-04-29,0R,pAMR0,2,S2525436,S2525436,4,2025-08-19,0R,pAMR0,112,0,future_no_significant_rejection,0,0.6294729524233785
image_only,pair_001000,patient_d7b8077abb2db045,S2512685,S2512685,2,2025-04-29,0R,pAMR0,2,S2530981,S2530981,5,2025-09-30,0R,pAMR0,154,0,future_no_significant_rejection,0,0.6294729524233785
image_only,pair_001001,patient_d7b8077abb2db045,S2520402,S2520402,3,2025-07-08,0R,pAMR0,1,S2525436,S2525436,4,2025-08-19,0R,pAMR0,42,0,future_no_significant_rejection,0,0.5944940015510797
image_only,pair_001002,patient_d7b8077abb2db045,S2520402,S2520402,3,2025-07-08,0R,pAMR0,1,S2530981,S2530981,5,2025-09-30,0R,pAMR0,84,0,future_no_significant_rejection,0,0.5944940015510797
image_only,pair_001003,patient_d7b8077abb2db045,S2525436,S2525436,4,2025-08-19,0R,pAMR0,1,S2530981,S2530981,5,2025-09-30,0R,pAMR0,42,0,future_no_significant_rejection,0,0.5650376825777043
image_only,pair_001004,patient_d82abebcfaf082f8,S2404885,S2404885,1,2024-01-30,0R,pAMR0,1,S2407941,S2407941,2,2024-02-20,0R,pAMR0,21,0,future_no_significant_rejection,0,0.2592041084901859
image_only,pair_001005,patient_d82abebcfaf082f8,S2404885,S2404885,1,2024-01-30,0R,pAMR0,1,S2422844,S2422844,3,2024-08-06,0R,pAMR0,189,0,future_no_significant_rejection,0,0.2592041084901859
image_only,pair_001006,patient_d82abebcfaf082f8,S2407941,S2407941,2,2024-02-20,0R,pAMR0,3,S2422844,S2422844,3,2024-08-06,0R,pAMR0,168,0,future_no_significant_rejection,0,0.7363184489189775
image_only,pair_001007,patient_d8e20f6cc2cd90d6,S2108731,S2108731,1,2021-03-02,1R,pAMR0,1,S2135432,S2135432,2,2021-08-17,0R,pAMR0,168,0,future_no_significant_rejection,0,0.9073768495049657
image_only,pair_001008,patient_d8e20f6cc2cd90d6,S2108731,S2108731,1,2021-03-02,1R,pAMR0,1,S2142818,S2142818,3,2021-10-05,1R,pAMR0,217,0,future_no_significant_rejection,0,0.9073768495049657
image_only,pair_001009,patient_d8e20f6cc2cd90d6,S2135432,S2135432,2,2021-08-17,0R,pAMR0,1,S2142818,S2142818,3,2021-10-05,1R,pAMR0,49,0,future_no_significant_rejection,0,0.726226352261806
image_only,pair_001025,patient_dd7e0e39c92e25b4,S2143766,S2143766,1,2021-10-12,1R,pAMR0,3,S2150494,S2150494,2,2021-11-23,1R,pAMR0,42,0,future_no_significant_rejection,0,0.5285496437441805
image_only,pair_001026,patient_dd7e0e39c92e25b4,S2143766,S2143766,1,2021-10-12,1R,pAMR0,3,S2154963,S2154963,3,2021-12-21,0R,pAMR0,70,0,future_no_significant_rejection,0,0.5285496437441805
image_only,pair_001027,patient_dd7e0e39c92e25b4,S2143766,S2143766,1,2021-10-12,1R,pAMR0,3,S2203735,S2203735,4,2022-01-25,0R,pAMR0,105,0,future_no_significant_rejection,0,0.5285496437441805
image_only,pair_001028,patient_dd7e0e39c92e25b4,S2143766,S2143766,1,2021-10-12,1R,pAMR0,3,S2210200,S2210200,5,2022-03-15,1R,pAMR0,154,0,future_no_significant_rejection,0,0.5285496437441805
image_only,pair_001029,patient_dd7e0e39c92e25b4,S2143766,S2143766,1,2021-10-12,1R,pAMR0,3,S2229969,S2229969,6,2022-07-18,0R,pAMR0,279,0,future_no_significant_rejection,0,0.5285496437441805
image_only,pair_001030,patient_dd7e0e39c92e25b4,S2143766,S2143766,1,2021-10-12,1R,pAMR0,3,S2240724,S2240724,7,2022-09-27,1R,pAMR0,350,0,future_no_significant_rejection,0,0.5285496437441805
image_only,pair_001031,patient_dd7e0e39c92e25b4,S2150494,S2150494,2,2021-11-23,1R,pAMR0,1,S2154963,S2154963,3,2021-12-21,0R,pAMR0,28,0,future_no_significant_rejection,0,0.31215297809645404
image_only,pair_001032,patient_dd7e0e39c92e25b4,S2150494,S2150494,2,2021-11-23,1R,pAMR0,1,S2203735,S2203735,4,2022-01-25,0R,pAMR0,63,0,future_no_significant_rejection,0,0.31215297809645404
image_only,pair_001033,patient_dd7e0e39c92e25b4,S2150494,S2150494,2,2021-11-23,1R,pAMR0,1,S2210200,S2210200,5,2022-03-15,1R,pAMR0,112,0,future_no_significant_rejection,0,0.31215297809645404
image_only,pair_001034,patient_dd7e0e39c92e25b4,S2150494,S2150494,2,2021-11-23,1R,pAMR0,1,S2229969,S2229969,6,2022-07-18,0R,pAMR0,237,0,future_no_significant_rejection,0,0.31215297809645404
image_only,pair_001035,patient_dd7e0e39c92e25b4,S2150494,S2150494,2,2021-11-23,1R,pAMR0,1,S2240724,S2240724,7,2022-09-27,1R,pAMR0,308,0,future_no_significant_rejection,0,0.31215297809645404
image_only,pair_001036,patient_dd7e0e39c92e25b4,S2154963,S2154963,3,2021-12-21,0R,pAMR0,1,S2203735,S2203735,4,2022-01-25,0R,pAMR0,35,0,future_no_significant_rejection,0,0.40268515339655536
image_only,pair_001037,patient_dd7e0e39c92e25b4,S2154963,S2154963,3,2021-12-21,0R,pAMR0,1,S2210200,S2210200,5,2022-03-15,1R,pAMR0,84,0,future_no_significant_rejection,0,0.40268515339655536
image_only,pair_001038,patient_dd7e0e39c92e25b4,S2154963,S2154963,3,2021-12-21,0R,pAMR0,1,S2229969,S2229969,6,2022-07-18,0R,pAMR0,209,0,future_no_significant_rejection,0,0.40268515339655536
image_only,pair_001039,patient_dd7e0e39c92e25b4,S2154963,S2154963,3,2021-12-21,0R,pAMR0,1,S2240724,S2240724,7,2022-09-27,1R,pAMR0,280,0,future_no_significant_rejection,0,0.40268515339655536
image_only,pair_001040,patient_dd7e0e39c92e25b4,S2203735,S2203735,4,2022-01-25,0R,pAMR0,1,S2210200,S2210200,5,2022-03-15,1R,pAMR0,49,0,future_no_significant_rejection,0,0.3252844824694638
image_only,pair_001041,patient_dd7e0e39c92e25b4,S2203735,S2203735,4,2022-01-25,0R,pAMR0,1,S2229969,S2229969,6,2022-07-18,0R,pAMR0,174,0,future_no_significant_rejection,0,0.3252844824694638
image_only,pair_001042,patient_dd7e0e39c92e25b4,S2203735,S2203735,4,2022-01-25,0R,pAMR0,1,S2240724,S2240724,7,2022-09-27,1R,pAMR0,245,0,future_no_significant_rejection,0,0.3252844824694638
image_only,pair_001043,patient_dd7e0e39c92e25b4,S2210200,S2210200,5,2022-03-15,1R,pAMR0,1,S2229969,S2229969,6,2022-07-18,0R,pAMR0,125,0,future_no_significant_rejection,0,0.41782188084308625
image_only,pair_001044,patient_dd7e0e39c92e25b4,S2210200,S2210200,5,2022-03-15,1R,pAMR0,1,S2240724,S2240724,7,2022-09-27,1R,pAMR0,196,0,future_no_significant_rejection,0,0.41782188084308625
image_only,pair_001045,patient_dd7e0e39c92e25b4,S2229969,S2229969,6,2022-07-18,0R,pAMR0,1,S2240724,S2240724,7,2022-09-27,1R,pAMR0,71,0,future_no_significant_rejection,0,0.5742641815397388
image_only,pair_001046,patient_dfafa5c41a0ad944,S2129801,S2129801,1,2021-07-13,1R,pAMR0,3,S2144967,S2144967,2,2021-10-19,0R,pAMR0,98,0,future_no_significant_rejection,0,0.5826641596500558
image_only,pair_001047,patient_dfafa5c41a0ad944,S2129801,S2129801,1,2021-07-13,1R,pAMR0,3,S2209229,S2209229,3,2022-03-08,1R,pAMR0,238,0,future_no_significant_rejection,0,0.5826641596500558
image_only,pair_001048,patient_dfafa5c41a0ad944,S2144967,S2144967,2,2021-10-19,0R,pAMR0,1,S2209229,S2209229,3,2022-03-08,1R,pAMR0,140,0,future_no_significant_rejection,0,0.46259994434451146
image_only,pair_001087,patient_e918692d7c80e65c,S2327689,S2327689,1,2023-06-28,0R,pAMR0,1,S2330980,S2330980,2,2023-07-18,0R,pAMR0,20,0,future_no_significant_rejection,0,0.42518571347699663
image_only,pair_001088,patient_e918692d7c80e65c,S2327689,S2327689,1,2023-06-28,0R,pAMR0,1,S2337812,S2337812,3,2023-08-30,0R,pAMR0,63,0,future_no_significant_rejection,0,0.42518571347699663
image_only,pair_001089,patient_e918692d7c80e65c,S2327689,S2327689,1,2023-06-28,0R,pAMR0,1,S2342016,S2342016,4,2023-09-26,0R,pAMR0,90,0,future_no_significant_rejection,0,0.42518571347699663
image_only,pair_001090,patient_e918692d7c80e65c,S2330980,S2330980,2,2023-07-18,0R,pAMR0,1,S2337812,S2337812,3,2023-08-30,0R,pAMR0,43,0,future_no_significant_rejection,0,0.5478403193799214
image_only,pair_001091,patient_e918692d7c80e65c,S2330980,S2330980,2,2023-07-18,0R,pAMR0,1,S2342016,S2342016,4,2023-09-26,0R,pAMR0,70,0,future_no_significant_rejection,0,0.5478403193799214
image_only,pair_001092,patient_e918692d7c80e65c,S2337812,S2337812,3,2023-08-30,0R,pAMR0,1,S2342016,S2342016,4,2023-09-26,0R,pAMR0,27,0,future_no_significant_rejection,0,0.46718229741824535
image_only,pair_001093,patient_e9984333ac68159c,S2228790,S2228790,1,2022-07-12,0R,pAMR0,1,S2232191,S2232191,2,2022-08-02,1R,pAMR0,21,0,future_no_significant_rejection,0,0.3388480334870214
image_only,pair_001094,patient_e9984333ac68159c,S2228790,S2228790,1,2022-07-12,0R,pAMR0,1,S2236493,S2236493,3,2022-08-30,1R,pAMR0,49,0,future_no_significant_rejection,0,0.3388480334870214
image_only,pair_001095,patient_e9984333ac68159c,S2228790,S2228790,1,2022-07-12,0R,pAMR0,1,S2247859,S2247859,4,2022-11-15,1R,pAMR0,126,0,future_no_significant_rejection,0,0.3388480334870214
image_only,pair_001096,patient_e9984333ac68159c,S2228790,S2228790,1,2022-07-12,0R,pAMR0,1,S2313440,S2313440,5,2023-03-28,0R,pAMR0,259,0,future_no_significant_rejection,0,0.3388480334870214
image_only,pair_001097,patient_e9984333ac68159c,S2232191,S2232191,2,2022-08-02,1R,pAMR0,2,S2236493,S2236493,3,2022-08-30,1R,pAMR0,28,0,future_no_significant_rejection,0,0.3413295719238874
image_only,pair_001098,patient_e9984333ac68159c,S2232191,S2232191,2,2022-08-02,1R,pAMR0,2,S2247859,S2247859,4,2022-11-15,1R,pAMR0,105,0,future_no_significant_rejection,0,0.3413295719238874
image_only,pair_001099,patient_e9984333ac68159c,S2232191,S2232191,2,2022-08-02,1R,pAMR0,2,S2313440,S2313440,5,2023-03-28,0R,pAMR0,238,0,future_no_significant_rejection,0,0.3413295719238874
image_only,pair_001100,patient_e9984333ac68159c,S2236493,S2236493,3,2022-08-30,1R,pAMR0,3,S2247859,S2247859,4,2022-11-15,1R,pAMR0,77,0,future_no_significant_rejection,0,0.4471043363714604
image_only,pair_001101,patient_e9984333ac68159c,S2236493,S2236493,3,2022-08-30,1R,pAMR0,3,S2313440,S2313440,5,2023-03-28,0R,pAMR0,210,0,future_no_significant_rejection,0,0.4471043363714604
image_only,pair_001102,patient_e9984333ac68159c,S2247859,S2247859,4,2022-11-15,1R,pAMR0,1,S2313440,S2313440,5,2023-03-28,0R,pAMR0,133,0,future_no_significant_rejection,0,0.5226885010432661
image_only,pair_001112,patient_f1bc2d6d2b5c3421,S2344462,S2344462,1,2023-10-17,0R,pAMR0,1,S2347457,S2347457,2,2023-11-07,1R,pAMR0,21,0,future_no_significant_rejection,0,0.2533263331338626
image_only,pair_001113,patient_f1bc2d6d2b5c3421,S2344462,S2344462,1,2023-10-17,0R,pAMR0,1,S2352826,S2352826,3,2023-12-12,0R,pAMR0,56,0,future_no_significant_rejection,0,0.2533263331338626
image_only,pair_001114,patient_f1bc2d6d2b5c3421,S2344462,S2344462,1,2023-10-17,0R,pAMR0,1,S2403702,S2403702,4,2024-01-23,1R,pAMR0,98,0,future_no_significant_rejection,0,0.2533263331338626
image_only,pair_001115,patient_f1bc2d6d2b5c3421,S2344462,S2344462,1,2023-10-17,0R,pAMR0,1,S2409928,S2409928,5,2024-03-19,0R,pAMR0,154,0,future_no_significant_rejection,0,0.2533263331338626
image_only,pair_001116,patient_f1bc2d6d2b5c3421,S2344462,S2344462,1,2023-10-17,0R,pAMR0,1,S2415692,S2415692,6,2024-05-28,0R,pAMR0,224,0,future_no_significant_rejection,0,0.2533263331338626
image_only,pair_001117,patient_f1bc2d6d2b5c3421,S2347457,S2347457,2,2023-11-07,1R,pAMR0,2,S2352826,S2352826,3,2023-12-12,0R,pAMR0,35,0,future_no_significant_rejection,0,0.39269294900902196
image_only,pair_001118,patient_f1bc2d6d2b5c3421,S2347457,S2347457,2,2023-11-07,1R,pAMR0,2,S2403702,S2403702,4,2024-01-23,1R,pAMR0,77,0,future_no_significant_rejection,0,0.39269294900902196
image_only,pair_001119,patient_f1bc2d6d2b5c3421,S2347457,S2347457,2,2023-11-07,1R,pAMR0,2,S2409928,S2409928,5,2024-03-19,0R,pAMR0,133,0,future_no_significant_rejection,0,0.39269294900902196
image_only,pair_001120,patient_f1bc2d6d2b5c3421,S2347457,S2347457,2,2023-11-07,1R,pAMR0,2,S2415692,S2415692,6,2024-05-28,0R,pAMR0,203,0,future_no_significant_rejection,0,0.39269294900902196
image_only,pair_001121,patient_f1bc2d6d2b5c3421,S2352826,S2352826,3,2023-12-12,0R,pAMR0,1,S2403702,S2403702,4,2024-01-23,1R,pAMR0,42,0,future_no_significant_rejection,0,0.3590065107516277
image_only,pair_001122,patient_f1bc2d6d2b5c3421,S2352826,S2352826,3,2023-12-12,0R,pAMR0,1,S2409928,S2409928,5,2024-03-19,0R,pAMR0,98,0,future_no_significant_rejection,0,0.3590065107516277
image_only,pair_001123,patient_f1bc2d6d2b5c3421,S2352826,S2352826,3,2023-12-12,0R,pAMR0,1,S2415692,S2415692,6,2024-05-28,0R,pAMR0,168,0,future_no_significant_rejection,0,0.3590065107516277
image_only,pair_001124,patient_f1bc2d6d2b5c3421,S2403702,S2403702,4,2024-01-23,1R,pAMR0,2,S2409928,S2409928,5,2024-03-19,0R,pAMR0,56,0,future_no_significant_rejection,0,0.3708280233219215
image_only,pair_001125,patient_f1bc2d6d2b5c3421,S2403702,S2403702,4,2024-01-23,1R,pAMR0,2,S2415692,S2415692,6,2024-05-28,0R,pAMR0,126,0,future_no_significant_rejection,0,0.3708280233219215
image_only,pair_001126,patient_f1bc2d6d2b5c3421,S2409928,S2409928,5,2024-03-19,0R,pAMR0,1,S2415692,S2415692,6,2024-05-28,0R,pAMR0,70,0,future_no_significant_rejection,0,0.4713646059778088
image_only,pair_001142,patient_f73f7e4dab64291c,S2411029,S2411029,1,2024-04-02,0R,pAMR0,1,S2415690,S2415690,2,2024-05-28,0R,pAMR0,56,0,future_no_significant_rejection,0,0.2666231874207973
image_only,pair_001143,patient_f73f7e4dab64291c,S2411029,S2411029,1,2024-04-02,0R,pAMR0,1,S2419850,S2419850,3,2024-07-09,0R,pAMR0,98,0,future_no_significant_rejection,0,0.2666231874207973
image_only,pair_001144,patient_f73f7e4dab64291c,S2411029,S2411029,1,2024-04-02,0R,pAMR0,1,S2425034,S2425034,4,2024-08-27,0R,pAMR0,147,0,future_no_significant_rejection,0,0.2666231874207973
image_only,pair_001145,patient_f73f7e4dab64291c,S2415690,S2415690,2,2024-05-28,0R,pAMR0,2,S2419850,S2419850,3,2024-07-09,0R,pAMR0,42,0,future_no_significant_rejection,0,0.5148568213597926
image_only,pair_001146,patient_f73f7e4dab64291c,S2415690,S2415690,2,2024-05-28,0R,pAMR0,2,S2425034,S2425034,4,2024-08-27,0R,pAMR0,91,0,future_no_significant_rejection,0,0.5148568213597926
image_only,pair_001147,patient_f73f7e4dab64291c,S2419850,S2419850,3,2024-07-09,0R,pAMR0,2,S2425034,S2425034,4,2024-08-27,0R,pAMR0,49,0,future_no_significant_rejection,0,0.6050379284433199
image_only,pair_001158,patient_fc51a062525b3f86,S2043434,S2043434,1,2020-11-03,0R,pAMR0,3,S2130900,S2130900,2,2021-07-20,1R,pAMR0,259,0,future_no_significant_rejection,0,0.8588790313866437
image_only,pair_001159,patient_fc51a062525b3f86,S2043434,S2043434,1,2020-11-03,0R,pAMR0,3,S2144970,S2144970,3,2021-10-19,1R,pAMR0,350,0,future_no_significant_rejection,0,0.8588790313866437
image_only,pair_001160,patient_fc51a062525b3f86,S2130900,S2130900,2,2021-07-20,1R,pAMR0,1,S2144970,S2144970,3,2021-10-19,1R,pAMR0,91,0,future_no_significant_rejection,0,0.7739725616146671
image_only,pair_000001,patient_005b214a5e658965,S2135430,S2135430,1,2021-08-17,0R,pAMR0,1,S2149398,S2149398,2,2021-11-16,1R,pAMR0,91,0,future_no_significant_rejection,1,0.21039387628727865
image_only,pair_000005,patient_0941abb556cbec79,S2306849,S2306849,1,2023-02-14,1R,pAMR0,6,S2309075,S2309075,2,2023-02-28,1R,pAMR0,14,0,future_no_significant_rejection,1,0.08875804140348695
image_only,pair_000006,patient_0941abb556cbec79,S2306849,S2306849,1,2023-02-14,1R,pAMR0,6,S2313664,S2313664,3,2023-03-29,0R,pAMR0,43,0,future_no_significant_rejection,1,0.08875804140348695
image_only,pair_000007,patient_0941abb556cbec79,S2306849,S2306849,1,2023-02-14,1R,pAMR0,6,S2319879,S2319879,4,2023-05-09,0R,pAMR0,84,0,future_no_significant_rejection,1,0.08875804140348695
image_only,pair_000008,patient_0941abb556cbec79,S2306849,S2306849,1,2023-02-14,1R,pAMR0,6,S2334389,S2334389,5,2023-08-08,1R,pAMR0,175,0,future_no_significant_rejection,1,0.08875804140348695
image_only,pair_000009,patient_0941abb556cbec79,S2306849,S2306849,1,2023-02-14,1R,pAMR0,6,S2347458,S2347458,6,2023-11-07,0R,pAMR0,266,0,future_no_significant_rejection,1,0.08875804140348695
image_only,pair_000010,patient_0941abb556cbec79,S2306849,S2306849,1,2023-02-14,1R,pAMR0,6,S2406040,S2406040,7,2024-02-06,0R,pAMR0,357,0,future_no_significant_rejection,1,0.08875804140348695
image_only,pair_000011,patient_0941abb556cbec79,S2309075,S2309075,2,2023-02-28,1R,pAMR0,5,S2313664,S2313664,3,2023-03-29,0R,pAMR0,29,0,future_no_significant_rejection,1,0.13431424551787
image_only,pair_000012,patient_0941abb556cbec79,S2309075,S2309075,2,2023-02-28,1R,pAMR0,5,S2319879,S2319879,4,2023-05-09,0R,pAMR0,70,0,future_no_significant_rejection,1,0.13431424551787
image_only,pair_000013,patient_0941abb556cbec79,S2309075,S2309075,2,2023-02-28,1R,pAMR0,5,S2334389,S2334389,5,2023-08-08,1R,pAMR0,161,0,future_no_significant_rejection,1,0.13431424551787
image_only,pair_000014,patient_0941abb556cbec79,S2309075,S2309075,2,2023-02-28,1R,pAMR0,5,S2347458,S2347458,6,2023-11-07,0R,pAMR0,252,0,future_no_significant_rejection,1,0.13431424551787
image_only,pair_000015,patient_0941abb556cbec79,S2309075,S2309075,2,2023-02-28,1R,pAMR0,5,S2406040,S2406040,7,2024-02-06,0R,pAMR0,343,0,future_no_significant_rejection,1,0.13431424551787
image_only,pair_000016,patient_0941abb556cbec79,S2313664,S2313664,3,2023-03-29,0R,pAMR0,1,S2319879,S2319879,4,2023-05-09,0R,pAMR0,41,0,future_no_significant_rejection,1,0.07968680519325846
image_only,pair_000017,patient_0941abb556cbec79,S2313664,S2313664,3,2023-03-29,0R,pAMR0,1,S2334389,S2334389,5,2023-08-08,1R,pAMR0,132,0,future_no_significant_rejection,1,0.07968680519325846
image_only,pair_000018,patient_0941abb556cbec79,S2313664,S2313664,3,2023-03-29,0R,pAMR0,1,S2347458,S2347458,6,2023-11-07,0R,pAMR0,223,0,future_no_significant_rejection,1,0.07968680519325846
image_only,pair_000019,patient_0941abb556cbec79,S2313664,S2313664,3,2023-03-29,0R,pAMR0,1,S2406040,S2406040,7,2024-02-06,0R,pAMR0,314,0,future_no_significant_rejection,1,0.07968680519325846
image_only,pair_000020,patient_0941abb556cbec79,S2319879,S2319879,4,2023-05-09,0R,pAMR0,5,S2334389,S2334389,5,2023-08-08,1R,pAMR0,91,0,future_no_significant_rejection,1,0.09756920676099767
image_only,pair_000021,patient_0941abb556cbec79,S2319879,S2319879,4,2023-05-09,0R,pAMR0,5,S2347458,S2347458,6,2023-11-07,0R,pAMR0,182,0,future_no_significant_rejection,1,0.09756920676099767
image_only,pair_000022,patient_0941abb556cbec79,S2319879,S2319879,4,2023-05-09,0R,pAMR0,5,S2406040,S2406040,7,2024-02-06,0R,pAMR0,273,0,future_no_significant_rejection,1,0.09756920676099767
image_only,pair_000023,patient_0941abb556cbec79,S2334389,S2334389,5,2023-08-08,1R,pAMR0,2,S2347458,S2347458,6,2023-11-07,0R,pAMR0,91,0,future_no_significant_rejection,1,0.3561028372302756
image_only,pair_000024,patient_0941abb556cbec79,S2334389,S2334389,5,2023-08-08,1R,pAMR0,2,S2406040,S2406040,7,2024-02-06,0R,pAMR0,182,0,future_no_significant_rejection,1,0.3561028372302756
image_only,pair_000025,patient_0941abb556cbec79,S2347458,S2347458,6,2023-11-07,0R,pAMR0,2,S2406040,S2406040,7,2024-02-06,0R,pAMR0,91,0,future_no_significant_rejection,1,0.17887630222868628
image_only,pair_000026,patient_0cf9d90c530cbd0b,S2129802,S2129802,1,2021-07-12,1R,pAMR0,3,S2135431,S2135431,2,2021-08-17,1R,pAMR0,36,0,future_no_significant_rejection,1,0.09497989678856232
image_only,pair_000027,patient_0cf9d90c530cbd0b,S2129802,S2129802,1,2021-07-12,1R,pAMR0,3,S2141805,S2141805,3,2021-09-28,1R,pAMR0,78,0,future_no_significant_rejection,1,0.09497989678856232
image_only,pair_000028,patient_0cf9d90c530cbd0b,S2129802,S2129802,1,2021-07-12,1R,pAMR0,3,S2149394,S2149394,4,2021-11-16,1R,pAMR0,127,0,future_no_significant_rejection,1,0.09497989678856232
image_only,pair_000029,patient_0cf9d90c530cbd0b,S2129802,S2129802,1,2021-07-12,1R,pAMR0,3,S2156022,S2156022,5,2021-12-28,0R,pAMR0,169,0,future_no_significant_rejection,1,0.09497989678856232
image_only,pair_000030,patient_0cf9d90c530cbd0b,S2129802,S2129802,1,2021-07-12,1R,pAMR0,3,S2210199,S2210199,6,2022-03-15,0R,pAMR0,246,0,future_no_significant_rejection,1,0.09497989678856232
image_only,pair_000031,patient_0cf9d90c530cbd0b,S2129802,S2129802,1,2021-07-12,1R,pAMR0,3,S2224007,S2224007,7,2022-06-14,0R,pAMR0,337,0,future_no_significant_rejection,1,0.09497989678856232
image_only,pair_000032,patient_0cf9d90c530cbd0b,S2135431,S2135431,2,2021-08-17,1R,pAMR0,1,S2141805,S2141805,3,2021-09-28,1R,pAMR0,42,0,future_no_significant_rejection,1,0.6627366661746075
image_only,pair_000033,patient_0cf9d90c530cbd0b,S2135431,S2135431,2,2021-08-17,1R,pAMR0,1,S2149394,S2149394,4,2021-11-16,1R,pAMR0,91,0,future_no_significant_rejection,1,0.6627366661746075
image_only,pair_000034,patient_0cf9d90c530cbd0b,S2135431,S2135431,2,2021-08-17,1R,pAMR0,1,S2156022,S2156022,5,2021-12-28,0R,pAMR0,133,0,future_no_significant_rejection,1,0.6627366661746075
image_only,pair_000035,patient_0cf9d90c530cbd0b,S2135431,S2135431,2,2021-08-17,1R,pAMR0,1,S2210199,S2210199,6,2022-03-15,0R,pAMR0,210,0,future_no_significant_rejection,1,0.6627366661746075
image_only,pair_000036,patient_0cf9d90c530cbd0b,S2135431,S2135431,2,2021-08-17,1R,pAMR0,1,S2224007,S2224007,7,2022-06-14,0R,pAMR0,301,0,future_no_significant_rejection,1,0.6627366661746075
image_only,pair_000037,patient_0cf9d90c530cbd0b,S2141805,S2141805,3,2021-09-28,1R,pAMR0,1,S2149394,S2149394,4,2021-11-16,1R,pAMR0,49,0,future_no_significant_rejection,1,0.49813613348283164
image_only,pair_000038,patient_0cf9d90c530cbd0b,S2141805,S2141805,3,2021-09-28,1R,pAMR0,1,S2156022,S2156022,5,2021-12-28,0R,pAMR0,91,0,future_no_significant_rejection,1,0.49813613348283164
image_only,pair_000039,patient_0cf9d90c530cbd0b,S2141805,S2141805,3,2021-09-28,1R,pAMR0,1,S2210199,S2210199,6,2022-03-15,0R,pAMR0,168,0,future_no_significant_rejection,1,0.49813613348283164
image_only,pair_000040,patient_0cf9d90c530cbd0b,S2141805,S2141805,3,2021-09-28,1R,pAMR0,1,S2224007,S2224007,7,2022-06-14,0R,pAMR0,259,0,future_no_significant_rejection,1,0.49813613348283164
image_only,pair_000041,patient_0cf9d90c530cbd0b,S2149394,S2149394,4,2021-11-16,1R,pAMR0,1,S2156022,S2156022,5,2021-12-28,0R,pAMR0,42,0,future_no_significant_rejection,1,0.4464522268043832
image_only,pair_000042,patient_0cf9d90c530cbd0b,S2149394,S2149394,4,2021-11-16,1R,pAMR0,1,S2210199,S2210199,6,2022-03-15,0R,pAMR0,119,0,future_no_significant_rejection,1,0.4464522268043832
image_only,pair_000043,patient_0cf9d90c530cbd0b,S2149394,S2149394,4,2021-11-16,1R,pAMR0,1,S2224007,S2224007,7,2022-06-14,0R,pAMR0,210,0,future_no_significant_rejection,1,0.4464522268043832
image_only,pair_000044,patient_0cf9d90c530cbd0b,S2156022,S2156022,5,2021-12-28,0R,pAMR0,1,S2210199,S2210199,6,2022-03-15,0R,pAMR0,77,0,future_no_significant_rejection,1,0.07161481131516453
image_only,pair_000045,patient_0cf9d90c530cbd0b,S2156022,S2156022,5,2021-12-28,0R,pAMR0,1,S2224007,S2224007,7,2022-06-14,0R,pAMR0,168,0,future_no_significant_rejection,1,0.07161481131516453
image_only,pair_000046,patient_0cf9d90c530cbd0b,S2210199,S2210199,6,2022-03-15,0R,pAMR0,1,S2224007,S2224007,7,2022-06-14,0R,pAMR0,91,0,future_no_significant_rejection,1,0.11515248345193663
image_only,pair_000068,patient_19d05fccc0aac48d,S2026723,S2026723,1,2020-07-07,1R,pAMR0,3,S2028920,S2028920,2,2020-07-21,1R,pAMR1,14,1,future_significant_rejection,1,0.5372185522965012
image_only,pair_000094,patient_1db7fb03763dab37,S2416977,S2416977,1,2024-06-11,0R,pAMR0,2,S2420601,S2420601,2,2024-07-16,0R,pAMR0,35,0,future_no_significant_rejection,1,0.11910180771921393
image_only,pair_000095,patient_1db7fb03763dab37,S2416977,S2416977,1,2024-06-11,0R,pAMR0,2,S2423618,S2423618,3,2024-08-13,0R,pAMR0,63,0,future_no_significant_rejection,1,0.11910180771921393
image_only,pair_000096,patient_1db7fb03763dab37,S2416977,S2416977,1,2024-06-11,0R,pAMR0,2,S2429063,S2429063,4,2024-10-08,0R,pAMR0,119,0,future_no_significant_rejection,1,0.11910180771921393
image_only,pair_000097,patient_1db7fb03763dab37,S2416977,S2416977,1,2024-06-11,0R,pAMR0,2,S2433341,S2433341,5,2024-11-19,0R,pAMR0,161,0,future_no_significant_rejection,1,0.11910180771921393
image_only,pair_000098,patient_1db7fb03763dab37,S2416977,S2416977,1,2024-06-11,0R,pAMR0,2,S2513847,S2513847,6,2025-05-13,0R,pAMR0,336,0,future_no_significant_rejection,1,0.11910180771921393
image_only,pair_000099,patient_1db7fb03763dab37,S2420601,S2420601,2,2024-07-16,0R,pAMR0,2,S2423618,S2423618,3,2024-08-13,0R,pAMR0,28,0,future_no_significant_rejection,1,0.036485791707345935
image_only,pair_000100,patient_1db7fb03763dab37,S2420601,S2420601,2,2024-07-16,0R,pAMR0,2,S2429063,S2429063,4,2024-10-08,0R,pAMR0,84,0,future_no_significant_rejection,1,0.036485791707345935
image_only,pair_000101,patient_1db7fb03763dab37,S2420601,S2420601,2,2024-07-16,0R,pAMR0,2,S2433341,S2433341,5,2024-11-19,0R,pAMR0,126,0,future_no_significant_rejection,1,0.036485791707345935
image_only,pair_000102,patient_1db7fb03763dab37,S2420601,S2420601,2,2024-07-16,0R,pAMR0,2,S2513847,S2513847,6,2025-05-13,0R,pAMR0,301,0,future_no_significant_rejection,1,0.036485791707345935
image_only,pair_000103,patient_1db7fb03763dab37,S2423618,S2423618,3,2024-08-13,0R,pAMR0,2,S2429063,S2429063,4,2024-10-08,0R,pAMR0,56,0,future_no_significant_rejection,1,0.10219992850739082
image_only,pair_000104,patient_1db7fb03763dab37,S2423618,S2423618,3,2024-08-13,0R,pAMR0,2,S2433341,S2433341,5,2024-11-19,0R,pAMR0,98,0,future_no_significant_rejection,1,0.10219992850739082
image_only,pair_000105,patient_1db7fb03763dab37,S2423618,S2423618,3,2024-08-13,0R,pAMR0,2,S2513847,S2513847,6,2025-05-13,0R,pAMR0,273,0,future_no_significant_rejection,1,0.10219992850739082
image_only,pair_000106,patient_1db7fb03763dab37,S2429063,S2429063,4,2024-10-08,0R,pAMR0,2,S2433341,S2433341,5,2024-11-19,0R,pAMR0,42,0,future_no_significant_rejection,1,0.11941268025531981
image_only,pair_000107,patient_1db7fb03763dab37,S2429063,S2429063,4,2024-10-08,0R,pAMR0,2,S2513847,S2513847,6,2025-05-13,0R,pAMR0,217,0,future_no_significant_rejection,1,0.11941268025531981
image_only,pair_000108,patient_1db7fb03763dab37,S2433341,S2433341,5,2024-11-19,0R,pAMR0,2,S2513847,S2513847,6,2025-05-13,0R,pAMR0,175,0,future_no_significant_rejection,1,0.026150589825352392
image_only,pair_000109,patient_1f1d5d53d578938e,S2433344,S2433344,1,2024-11-19,0R,pAMR0,2,S2434919,S2434919,2,2024-12-03,0R,pAMR0,14,0,future_no_significant_rejection,1,0.007700877063317309
image_only,pair_000110,patient_1f1d5d53d578938e,S2433344,S2433344,1,2024-11-19,0R,pAMR0,2,S2500522,S2500522,3,2025-01-07,0R,pAMR0,49,0,future_no_significant_rejection,1,0.007700877063317309
image_only,pair_000111,patient_1f1d5d53d578938e,S2433344,S2433344,1,2024-11-19,0R,pAMR0,2,S2503983,S2503983,4,2025-02-11,0R,pAMR0,84,0,future_no_significant_rejection,1,0.007700877063317309
image_only,pair_000112,patient_1f1d5d53d578938e,S2433344,S2433344,1,2024-11-19,0R,pAMR0,2,S2507799,S2507799,5,2025-03-18,0R,pAMR0,119,0,future_no_significant_rejection,1,0.007700877063317309
image_only,pair_000113,patient_1f1d5d53d578938e,S2433344,S2433344,1,2024-11-19,0R,pAMR0,2,S2511859,S2511859,6,2025-04-22,0R,pAMR0,154,0,future_no_significant_rejection,1,0.007700877063317309
image_only,pair_000114,patient_1f1d5d53d578938e,S2433344,S2433344,1,2024-11-19,0R,pAMR0,2,S2522980,S2522980,7,2025-07-29,0R,pAMR0,252,0,future_no_significant_rejection,1,0.007700877063317309
image_only,pair_000115,patient_1f1d5d53d578938e,S2434919,S2434919,2,2024-12-03,0R,pAMR0,2,S2500522,S2500522,3,2025-01-07,0R,pAMR0,35,0,future_no_significant_rejection,1,0.008681215942526133
image_only,pair_000116,patient_1f1d5d53d578938e,S2434919,S2434919,2,2024-12-03,0R,pAMR0,2,S2503983,S2503983,4,2025-02-11,0R,pAMR0,70,0,future_no_significant_rejection,1,0.008681215942526133
image_only,pair_000117,patient_1f1d5d53d578938e,S2434919,S2434919,2,2024-12-03,0R,pAMR0,2,S2507799,S2507799,5,2025-03-18,0R,pAMR0,105,0,future_no_significant_rejection,1,0.008681215942526133
image_only,pair_000118,patient_1f1d5d53d578938e,S2434919,S2434919,2,2024-12-03,0R,pAMR0,2,S2511859,S2511859,6,2025-04-22,0R,pAMR0,140,0,future_no_significant_rejection,1,0.008681215942526133
image_only,pair_000119,patient_1f1d5d53d578938e,S2434919,S2434919,2,2024-12-03,0R,pAMR0,2,S2522980,S2522980,7,2025-07-29,0R,pAMR0,238,0,future_no_significant_rejection,1,0.008681215942526133
image_only,pair_000120,patient_1f1d5d53d578938e,S2500522,S2500522,3,2025-01-07,0R,pAMR0,7,S2503983,S2503983,4,2025-02-11,0R,pAMR0,35,0,future_no_significant_rejection,1,0.009954571352406686
image_only,pair_000121,patient_1f1d5d53d578938e,S2500522,S2500522,3,2025-01-07,0R,pAMR0,7,S2507799,S2507799,5,2025-03-18,0R,pAMR0,70,0,future_no_significant_rejection,1,0.009954571352406686
image_only,pair_000122,patient_1f1d5d53d578938e,S2500522,S2500522,3,2025-01-07,0R,pAMR0,7,S2511859,S2511859,6,2025-04-22,0R,pAMR0,105,0,future_no_significant_rejection,1,0.009954571352406686
image_only,pair_000123,patient_1f1d5d53d578938e,S2500522,S2500522,3,2025-01-07,0R,pAMR0,7,S2522980,S2522980,7,2025-07-29,0R,pAMR0,203,0,future_no_significant_rejection,1,0.009954571352406686
image_only,pair_000124,patient_1f1d5d53d578938e,S2503983,S2503983,4,2025-02-11,0R,pAMR0,2,S2507799,S2507799,5,2025-03-18,0R,pAMR0,35,0,future_no_significant_rejection,1,0.02056052461781278
image_only,pair_000125,patient_1f1d5d53d578938e,S2503983,S2503983,4,2025-02-11,0R,pAMR0,2,S2511859,S2511859,6,2025-04-22,0R,pAMR0,70,0,future_no_significant_rejection,1,0.02056052461781278
image_only,pair_000126,patient_1f1d5d53d578938e,S2503983,S2503983,4,2025-02-11,0R,pAMR0,2,S2522980,S2522980,7,2025-07-29,0R,pAMR0,168,0,future_no_significant_rejection,1,0.02056052461781278
image_only,pair_000127,patient_1f1d5d53d578938e,S2507799,S2507799,5,2025-03-18,0R,pAMR0,1,S2511859,S2511859,6,2025-04-22,0R,pAMR0,35,0,future_no_significant_rejection,1,0.021356593214578855
image_only,pair_000128,patient_1f1d5d53d578938e,S2507799,S2507799,5,2025-03-18,0R,pAMR0,1,S2522980,S2522980,7,2025-07-29,0R,pAMR0,133,0,future_no_significant_rejection,1,0.021356593214578855
image_only,pair_000129,patient_1f1d5d53d578938e,S2511859,S2511859,6,2025-04-22,0R,pAMR0,1,S2522980,S2522980,7,2025-07-29,0R,pAMR0,98,0,future_no_significant_rejection,1,0.010626014112071463
image_only,pair_000152,patient_23ee3df4f656b033,S2154954,S2154954,1,2021-12-20,0R,pAMR0,1,S2202563,S2202563,2,2022-01-18,0R,pAMR0,29,0,future_no_significant_rejection,1,0.10848611450991336
image_only,pair_000153,patient_23ee3df4f656b033,S2154954,S2154954,1,2021-12-20,0R,pAMR0,1,S2207352,S2207352,3,2022-02-22,0R,pAMR0,64,0,future_no_significant_rejection,1,0.10848611450991336
image_only,pair_000154,patient_23ee3df4f656b033,S2154954,S2154954,1,2021-12-20,0R,pAMR0,1,S2213276,S2213276,4,2022-04-05,0R,pAMR0,106,0,future_no_significant_rejection,1,0.10848611450991336
image_only,pair_000155,patient_23ee3df4f656b033,S2154954,S2154954,1,2021-12-20,0R,pAMR0,1,S2222064,S2222064,5,2022-05-31,1R,pAMR0,162,0,future_no_significant_rejection,1,0.10848611450991336
image_only,pair_000156,patient_23ee3df4f656b033,S2154954,S2154954,1,2021-12-20,0R,pAMR0,1,S2234198,S2234198,6,2022-08-16,0R,pAMR0,239,0,future_no_significant_rejection,1,0.10848611450991336
image_only,pair_000157,patient_23ee3df4f656b033,S2154954,S2154954,1,2021-12-20,0R,pAMR0,1,S2248986,S2248986,7,2022-11-22,0R,pAMR0,337,0,future_no_significant_rejection,1,0.10848611450991336
image_only,pair_000158,patient_23ee3df4f656b033,S2202563,S2202563,2,2022-01-18,0R,pAMR0,1,S2207352,S2207352,3,2022-02-22,0R,pAMR0,35,0,future_no_significant_rejection,1,0.032692277782707925
image_only,pair_000159,patient_23ee3df4f656b033,S2202563,S2202563,2,2022-01-18,0R,pAMR0,1,S2213276,S2213276,4,2022-04-05,0R,pAMR0,77,0,future_no_significant_rejection,1,0.032692277782707925
image_only,pair_000160,patient_23ee3df4f656b033,S2202563,S2202563,2,2022-01-18,0R,pAMR0,1,S2222064,S2222064,5,2022-05-31,1R,pAMR0,133,0,future_no_significant_rejection,1,0.032692277782707925
image_only,pair_000161,patient_23ee3df4f656b033,S2202563,S2202563,2,2022-01-18,0R,pAMR0,1,S2234198,S2234198,6,2022-08-16,0R,pAMR0,210,0,future_no_significant_rejection,1,0.032692277782707925
image_only,pair_000162,patient_23ee3df4f656b033,S2202563,S2202563,2,2022-01-18,0R,pAMR0,1,S2248986,S2248986,7,2022-11-22,0R,pAMR0,308,0,future_no_significant_rejection,1,0.032692277782707925
image_only,pair_000163,patient_23ee3df4f656b033,S2207352,S2207352,3,2022-02-22,0R,pAMR0,1,S2213276,S2213276,4,2022-04-05,0R,pAMR0,42,0,future_no_significant_rejection,1,0.12424436447326748
image_only,pair_000164,patient_23ee3df4f656b033,S2207352,S2207352,3,2022-02-22,0R,pAMR0,1,S2222064,S2222064,5,2022-05-31,1R,pAMR0,98,0,future_no_significant_rejection,1,0.12424436447326748
image_only,pair_000165,patient_23ee3df4f656b033,S2207352,S2207352,3,2022-02-22,0R,pAMR0,1,S2234198,S2234198,6,2022-08-16,0R,pAMR0,175,0,future_no_significant_rejection,1,0.12424436447326748
image_only,pair_000166,patient_23ee3df4f656b033,S2207352,S2207352,3,2022-02-22,0R,pAMR0,1,S2248986,S2248986,7,2022-11-22,0R,pAMR0,273,0,future_no_significant_rejection,1,0.12424436447326748
image_only,pair_000167,patient_23ee3df4f656b033,S2213276,S2213276,4,2022-04-05,0R,pAMR0,1,S2222064,S2222064,5,2022-05-31,1R,pAMR0,56,0,future_no_significant_rejection,1,0.29044990620388067
image_only,pair_000168,patient_23ee3df4f656b033,S2213276,S2213276,4,2022-04-05,0R,pAMR0,1,S2234198,S2234198,6,2022-08-16,0R,pAMR0,133,0,future_no_significant_rejection,1,0.29044990620388067
image_only,pair_000169,patient_23ee3df4f656b033,S2213276,S2213276,4,2022-04-05,0R,pAMR0,1,S2248986,S2248986,7,2022-11-22,0R,pAMR0,231,0,future_no_significant_rejection,1,0.29044990620388067
image_only,pair_000170,patient_23ee3df4f656b033,S2222064,S2222064,5,2022-05-31,1R,pAMR0,1,S2234198,S2234198,6,2022-08-16,0R,pAMR0,77,0,future_no_significant_rejection,1,0.38139931716508985
image_only,pair_000171,patient_23ee3df4f656b033,S2222064,S2222064,5,2022-05-31,1R,pAMR0,1,S2248986,S2248986,7,2022-11-22,0R,pAMR0,175,0,future_no_significant_rejection,1,0.38139931716508985
image_only,pair_000172,patient_23ee3df4f656b033,S2234198,S2234198,6,2022-08-16,0R,pAMR0,1,S2248986,S2248986,7,2022-11-22,0R,pAMR0,98,0,future_no_significant_rejection,1,0.1797425334695736
image_only,pair_000173,patient_26f6ecd90ed41f9d,S2227604,S2227604,1,2022-07-05,1R,pAMR0,3,S2243826,S2243826,2,2022-10-19,1R,pAMR0,106,0,future_no_significant_rejection,1,0.07422068406122667
image_only,pair_000174,patient_26f6ecd90ed41f9d,S2227604,S2227604,1,2022-07-05,1R,pAMR0,3,S2302643,S2302643,3,2023-01-17,1R,pAMR0,196,0,future_no_significant_rejection,1,0.07422068406122667
image_only,pair_000175,patient_26f6ecd90ed41f9d,S2227604,S2227604,1,2022-07-05,1R,pAMR0,3,S2310080,S2310080,4,2023-03-07,0R,pAMR0,245,0,future_no_significant_rejection,1,0.07422068406122667
image_only,pair_000176,patient_26f6ecd90ed41f9d,S2227604,S2227604,1,2022-07-05,1R,pAMR0,3,S2323107,S2323107,5,2023-05-30,0R,pAMR0,329,0,future_no_significant_rejection,1,0.07422068406122667
image_only,pair_000177,patient_26f6ecd90ed41f9d,S2243826,S2243826,2,2022-10-19,1R,pAMR0,1,S2302643,S2302643,3,2023-01-17,1R,pAMR0,90,0,future_no_significant_rejection,1,0.2664160138644334
image_only,pair_000178,patient_26f6ecd90ed41f9d,S2243826,S2243826,2,2022-10-19,1R,pAMR0,1,S2310080,S2310080,4,2023-03-07,0R,pAMR0,139,0,future_no_significant_rejection,1,0.2664160138644334
image_only,pair_000179,patient_26f6ecd90ed41f9d,S2243826,S2243826,2,2022-10-19,1R,pAMR0,1,S2323107,S2323107,5,2023-05-30,0R,pAMR0,223,0,future_no_significant_rejection,1,0.2664160138644334
image_only,pair_000180,patient_26f6ecd90ed41f9d,S2302643,S2302643,3,2023-01-17,1R,pAMR0,7,S2310080,S2310080,4,2023-03-07,0R,pAMR0,49,0,future_no_significant_rejection,1,0.3398865349964554
image_only,pair_000181,patient_26f6ecd90ed41f9d,S2302643,S2302643,3,2023-01-17,1R,pAMR0,7,S2323107,S2323107,5,2023-05-30,0R,pAMR0,133,0,future_no_significant_rejection,1,0.3398865349964554
image_only,pair_000182,patient_26f6ecd90ed41f9d,S2310080,S2310080,4,2023-03-07,0R,pAMR0,5,S2323107,S2323107,5,2023-05-30,0R,pAMR0,84,0,future_no_significant_rejection,1,0.949573768541594
image_only,pair_000183,patient_2999b7afa4f16b6d,S2108730,S2108730,1,2021-03-02,0R,pAMR0,1,S2130897,S2130897,2,2021-07-20,0R,pAMR0,140,0,future_no_significant_rejection,1,0.09268352023629058
image_only,pair_000184,patient_2999b7afa4f16b6d,S2108730,S2108730,1,2021-03-02,0R,pAMR0,1,S2143767,S2143767,3,2021-10-12,1R,pAMR0,224,0,future_no_significant_rejection,1,0.09268352023629058
image_only,pair_000185,patient_2999b7afa4f16b6d,S2130897,S2130897,2,2021-07-20,0R,pAMR0,1,S2143767,S2143767,3,2021-10-12,1R,pAMR0,84,0,future_no_significant_rejection,1,0.6069105519181548
image_only,pair_000230,patient_30b34f698447ae86,S2202564,S2202564,1,2022-01-18,0R,pAMR0,1,S2206288,S2206288,2,2022-02-15,0R,pAMR0,28,0,future_no_significant_rejection,1,0.04916514487013468
image_only,pair_000231,patient_30b34f698447ae86,S2202564,S2202564,1,2022-01-18,0R,pAMR0,1,S2209232,S2209232,3,2022-03-08,0R,pAMR0,49,0,future_no_significant_rejection,1,0.04916514487013468
image_only,pair_000232,patient_30b34f698447ae86,S2202564,S2202564,1,2022-01-18,0R,pAMR0,1,S2214324,S2214324,4,2022-04-12,0R,pAMR0,84,0,future_no_significant_rejection,1,0.04916514487013468
image_only,pair_000233,patient_30b34f698447ae86,S2202564,S2202564,1,2022-01-18,0R,pAMR0,1,S2220927,S2220927,5,2022-05-24,0R,pAMR0,126,0,future_no_significant_rejection,1,0.04916514487013468
image_only,pair_000234,patient_30b34f698447ae86,S2202564,S2202564,1,2022-01-18,0R,pAMR0,1,S2227621,S2227621,6,2022-07-05,1R,pAMR0,168,0,future_no_significant_rejection,1,0.04916514487013468
image_only,pair_000235,patient_30b34f698447ae86,S2202564,S2202564,1,2022-01-18,0R,pAMR0,1,S2241564,S2241564,7,2022-10-04,1R,pAMR0,259,0,future_no_significant_rejection,1,0.04916514487013468
image_only,pair_000236,patient_30b34f698447ae86,S2202564,S2202564,1,2022-01-18,0R,pAMR0,1,S2300331,S2300331,8,2023-01-03,0R,pAMR0,350,0,future_no_significant_rejection,1,0.04916514487013468
image_only,pair_000237,patient_30b34f698447ae86,S2202564,S2202564,1,2022-01-18,0R,pAMR0,1,S2326330,S2326330,9,2023-06-20,0R,pAMR0,518,0,future_no_significant_rejection,1,0.04916514487013468
image_only,pair_000238,patient_30b34f698447ae86,S2206288,S2206288,2,2022-02-15,0R,pAMR0,2,S2209232,S2209232,3,2022-03-08,0R,pAMR0,21,0,future_no_significant_rejection,1,0.044049126342368905
image_only,pair_000239,patient_30b34f698447ae86,S2206288,S2206288,2,2022-02-15,0R,pAMR0,2,S2214324,S2214324,4,2022-04-12,0R,pAMR0,56,0,future_no_significant_rejection,1,0.044049126342368905
image_only,pair_000240,patient_30b34f698447ae86,S2206288,S2206288,2,2022-02-15,0R,pAMR0,2,S2220927,S2220927,5,2022-05-24,0R,pAMR0,98,0,future_no_significant_rejection,1,0.044049126342368905
image_only,pair_000241,patient_30b34f698447ae86,S2206288,S2206288,2,2022-02-15,0R,pAMR0,2,S2227621,S2227621,6,2022-07-05,1R,pAMR0,140,0,future_no_significant_rejection,1,0.044049126342368905
image_only,pair_000242,patient_30b34f698447ae86,S2206288,S2206288,2,2022-02-15,0R,pAMR0,2,S2241564,S2241564,7,2022-10-04,1R,pAMR0,231,0,future_no_significant_rejection,1,0.044049126342368905
image_only,pair_000243,patient_30b34f698447ae86,S2206288,S2206288,2,2022-02-15,0R,pAMR0,2,S2300331,S2300331,8,2023-01-03,0R,pAMR0,322,0,future_no_significant_rejection,1,0.044049126342368905
image_only,pair_000244,patient_30b34f698447ae86,S2206288,S2206288,2,2022-02-15,0R,pAMR0,2,S2326330,S2326330,9,2023-06-20,0R,pAMR0,490,0,future_no_significant_rejection,1,0.044049126342368905
image_only,pair_000245,patient_30b34f698447ae86,S2209232,S2209232,3,2022-03-08,0R,pAMR0,1,S2214324,S2214324,4,2022-04-12,0R,pAMR0,35,0,future_no_significant_rejection,1,0.19626026889346773
image_only,pair_000246,patient_30b34f698447ae86,S2209232,S2209232,3,2022-03-08,0R,pAMR0,1,S2220927,S2220927,5,2022-05-24,0R,pAMR0,77,0,future_no_significant_rejection,1,0.19626026889346773
image_only,pair_000247,patient_30b34f698447ae86,S2209232,S2209232,3,2022-03-08,0R,pAMR0,1,S2227621,S2227621,6,2022-07-05,1R,pAMR0,119,0,future_no_significant_rejection,1,0.19626026889346773
image_only,pair_000248,patient_30b34f698447ae86,S2209232,S2209232,3,2022-03-08,0R,pAMR0,1,S2241564,S2241564,7,2022-10-04,1R,pAMR0,210,0,future_no_significant_rejection,1,0.19626026889346773
image_only,pair_000249,patient_30b34f698447ae86,S2209232,S2209232,3,2022-03-08,0R,pAMR0,1,S2300331,S2300331,8,2023-01-03,0R,pAMR0,301,0,future_no_significant_rejection,1,0.19626026889346773
image_only,pair_000250,patient_30b34f698447ae86,S2209232,S2209232,3,2022-03-08,0R,pAMR0,1,S2326330,S2326330,9,2023-06-20,0R,pAMR0,469,0,future_no_significant_rejection,1,0.19626026889346773
image_only,pair_000251,patient_30b34f698447ae86,S2214324,S2214324,4,2022-04-12,0R,pAMR0,1,S2220927,S2220927,5,2022-05-24,0R,pAMR0,42,0,future_no_significant_rejection,1,0.028394067409563985
image_only,pair_000252,patient_30b34f698447ae86,S2214324,S2214324,4,2022-04-12,0R,pAMR0,1,S2227621,S2227621,6,2022-07-05,1R,pAMR0,84,0,future_no_significant_rejection,1,0.028394067409563985
image_only,pair_000253,patient_30b34f698447ae86,S2214324,S2214324,4,2022-04-12,0R,pAMR0,1,S2241564,S2241564,7,2022-10-04,1R,pAMR0,175,0,future_no_significant_rejection,1,0.028394067409563985
image_only,pair_000254,patient_30b34f698447ae86,S2214324,S2214324,4,2022-04-12,0R,pAMR0,1,S2300331,S2300331,8,2023-01-03,0R,pAMR0,266,0,future_no_significant_rejection,1,0.028394067409563985
image_only,pair_000255,patient_30b34f698447ae86,S2214324,S2214324,4,2022-04-12,0R,pAMR0,1,S2326330,S2326330,9,2023-06-20,0R,pAMR0,434,0,future_no_significant_rejection,1,0.028394067409563985
image_only,pair_000256,patient_30b34f698447ae86,S2220927,S2220927,5,2022-05-24,0R,pAMR0,1,S2227621,S2227621,6,2022-07-05,1R,pAMR0,42,0,future_no_significant_rejection,1,0.2719040035409164
image_only,pair_000257,patient_30b34f698447ae86,S2220927,S2220927,5,2022-05-24,0R,pAMR0,1,S2241564,S2241564,7,2022-10-04,1R,pAMR0,133,0,future_no_significant_rejection,1,0.2719040035409164
image_only,pair_000258,patient_30b34f698447ae86,S2220927,S2220927,5,2022-05-24,0R,pAMR0,1,S2300331,S2300331,8,2023-01-03,0R,pAMR0,224,0,future_no_significant_rejection,1,0.2719040035409164
image_only,pair_000259,patient_30b34f698447ae86,S2220927,S2220927,5,2022-05-24,0R,pAMR0,1,S2326330,S2326330,9,2023-06-20,0R,pAMR0,392,0,future_no_significant_rejection,1,0.2719040035409164
image_only,pair_000260,patient_30b34f698447ae86,S2227621,S2227621,6,2022-07-05,1R,pAMR0,1,S2241564,S2241564,7,2022-10-04,1R,pAMR0,91,0,future_no_significant_rejection,1,0.05791563183867918
image_only,pair_000261,patient_30b34f698447ae86,S2227621,S2227621,6,2022-07-05,1R,pAMR0,1,S2300331,S2300331,8,2023-01-03,0R,pAMR0,182,0,future_no_significant_rejection,1,0.05791563183867918
image_only,pair_000262,patient_30b34f698447ae86,S2227621,S2227621,6,2022-07-05,1R,pAMR0,1,S2326330,S2326330,9,2023-06-20,0R,pAMR0,350,0,future_no_significant_rejection,1,0.05791563183867918
image_only,pair_000263,patient_30b34f698447ae86,S2241564,S2241564,7,2022-10-04,1R,pAMR0,1,S2300331,S2300331,8,2023-01-03,0R,pAMR0,91,0,future_no_significant_rejection,1,0.06269264193170251
image_only,pair_000264,patient_30b34f698447ae86,S2241564,S2241564,7,2022-10-04,1R,pAMR0,1,S2326330,S2326330,9,2023-06-20,0R,pAMR0,259,0,future_no_significant_rejection,1,0.06269264193170251
image_only,pair_000265,patient_30b34f698447ae86,S2300331,S2300331,8,2023-01-03,0R,pAMR0,2,S2326330,S2326330,9,2023-06-20,0R,pAMR0,168,0,future_no_significant_rejection,1,0.006523839540029907
image_only,pair_000362,patient_441646021a546773,S2208362,S2208362,1,2022-03-02,0R,pAMR0,1,S2210206,S2210206,2,2022-03-15,0R,pAMR0,13,0,future_no_significant_rejection,1,0.10325436908277476
image_only,pair_000363,patient_441646021a546773,S2208362,S2208362,1,2022-03-02,0R,pAMR0,1,S2215454,S2215454,3,2022-04-19,0R,pAMR0,48,0,future_no_significant_rejection,1,0.10325436908277476
image_only,pair_000364,patient_441646021a546773,S2208362,S2208362,1,2022-03-02,0R,pAMR0,1,S2219753,S2219753,4,2022-05-17,0R,pAMR0,76,0,future_no_significant_rejection,1,0.10325436908277476
image_only,pair_000365,patient_441646021a546773,S2208362,S2208362,1,2022-03-02,0R,pAMR0,1,S2226370,S2226370,5,2022-06-28,0R,pAMR0,118,0,future_no_significant_rejection,1,0.10325436908277476
image_only,pair_000366,patient_441646021a546773,S2208362,S2208362,1,2022-03-02,0R,pAMR0,1,S2235315,S2235315,6,2022-08-23,0R,pAMR0,174,0,future_no_significant_rejection,1,0.10325436908277476
image_only,pair_000367,patient_441646021a546773,S2208362,S2208362,1,2022-03-02,0R,pAMR0,1,S2248988,S2248988,7,2022-11-22,0R,pAMR0,265,0,future_no_significant_rejection,1,0.10325436908277476
image_only,pair_000368,patient_441646021a546773,S2208362,S2208362,1,2022-03-02,0R,pAMR0,1,S2306850,S2306850,8,2023-02-14,0R,pAMR0,349,0,future_no_significant_rejection,1,0.10325436908277476
image_only,pair_000369,patient_441646021a546773,S2208362,S2208362,1,2022-03-02,0R,pAMR0,1,S2322861,S2322861,9,2023-05-26,0R,pAMR0,450,0,future_no_significant_rejection,1,0.10325436908277476
image_only,pair_000370,patient_441646021a546773,S2210206,S2210206,2,2022-03-15,0R,pAMR0,1,S2215454,S2215454,3,2022-04-19,0R,pAMR0,35,0,future_no_significant_rejection,1,0.07040836594569715
image_only,pair_000371,patient_441646021a546773,S2210206,S2210206,2,2022-03-15,0R,pAMR0,1,S2219753,S2219753,4,2022-05-17,0R,pAMR0,63,0,future_no_significant_rejection,1,0.07040836594569715
image_only,pair_000372,patient_441646021a546773,S2210206,S2210206,2,2022-03-15,0R,pAMR0,1,S2226370,S2226370,5,2022-06-28,0R,pAMR0,105,0,future_no_significant_rejection,1,0.07040836594569715
image_only,pair_000373,patient_441646021a546773,S2210206,S2210206,2,2022-03-15,0R,pAMR0,1,S2235315,S2235315,6,2022-08-23,0R,pAMR0,161,0,future_no_significant_rejection,1,0.07040836594569715
image_only,pair_000374,patient_441646021a546773,S2210206,S2210206,2,2022-03-15,0R,pAMR0,1,S2248988,S2248988,7,2022-11-22,0R,pAMR0,252,0,future_no_significant_rejection,1,0.07040836594569715
image_only,pair_000375,patient_441646021a546773,S2210206,S2210206,2,2022-03-15,0R,pAMR0,1,S2306850,S2306850,8,2023-02-14,0R,pAMR0,336,0,future_no_significant_rejection,1,0.07040836594569715
image_only,pair_000376,patient_441646021a546773,S2210206,S2210206,2,2022-03-15,0R,pAMR0,1,S2322861,S2322861,9,2023-05-26,0R,pAMR0,437,0,future_no_significant_rejection,1,0.07040836594569715
image_only,pair_000377,patient_441646021a546773,S2215454,S2215454,3,2022-04-19,0R,pAMR0,1,S2219753,S2219753,4,2022-05-17,0R,pAMR0,28,0,future_no_significant_rejection,1,0.021705224408006957
image_only,pair_000378,patient_441646021a546773,S2215454,S2215454,3,2022-04-19,0R,pAMR0,1,S2226370,S2226370,5,2022-06-28,0R,pAMR0,70,0,future_no_significant_rejection,1,0.021705224408006957
image_only,pair_000379,patient_441646021a546773,S2215454,S2215454,3,2022-04-19,0R,pAMR0,1,S2235315,S2235315,6,2022-08-23,0R,pAMR0,126,0,future_no_significant_rejection,1,0.021705224408006957
image_only,pair_000380,patient_441646021a546773,S2215454,S2215454,3,2022-04-19,0R,pAMR0,1,S2248988,S2248988,7,2022-11-22,0R,pAMR0,217,0,future_no_significant_rejection,1,0.021705224408006957
image_only,pair_000381,patient_441646021a546773,S2215454,S2215454,3,2022-04-19,0R,pAMR0,1,S2306850,S2306850,8,2023-02-14,0R,pAMR0,301,0,future_no_significant_rejection,1,0.021705224408006957
image_only,pair_000382,patient_441646021a546773,S2215454,S2215454,3,2022-04-19,0R,pAMR0,1,S2322861,S2322861,9,2023-05-26,0R,pAMR0,402,0,future_no_significant_rejection,1,0.021705224408006957
image_only,pair_000383,patient_441646021a546773,S2219753,S2219753,4,2022-05-17,0R,pAMR0,1,S2226370,S2226370,5,2022-06-28,0R,pAMR0,42,0,future_no_significant_rejection,1,0.12758552392286385
image_only,pair_000384,patient_441646021a546773,S2219753,S2219753,4,2022-05-17,0R,pAMR0,1,S2235315,S2235315,6,2022-08-23,0R,pAMR0,98,0,future_no_significant_rejection,1,0.12758552392286385
image_only,pair_000385,patient_441646021a546773,S2219753,S2219753,4,2022-05-17,0R,pAMR0,1,S2248988,S2248988,7,2022-11-22,0R,pAMR0,189,0,future_no_significant_rejection,1,0.12758552392286385
image_only,pair_000386,patient_441646021a546773,S2219753,S2219753,4,2022-05-17,0R,pAMR0,1,S2306850,S2306850,8,2023-02-14,0R,pAMR0,273,0,future_no_significant_rejection,1,0.12758552392286385
image_only,pair_000387,patient_441646021a546773,S2219753,S2219753,4,2022-05-17,0R,pAMR0,1,S2322861,S2322861,9,2023-05-26,0R,pAMR0,374,0,future_no_significant_rejection,1,0.12758552392286385
image_only,pair_000388,patient_441646021a546773,S2226370,S2226370,5,2022-06-28,0R,pAMR0,1,S2235315,S2235315,6,2022-08-23,0R,pAMR0,56,0,future_no_significant_rejection,1,0.012026899358100022
image_only,pair_000389,patient_441646021a546773,S2226370,S2226370,5,2022-06-28,0R,pAMR0,1,S2248988,S2248988,7,2022-11-22,0R,pAMR0,147,0,future_no_significant_rejection,1,0.012026899358100022
image_only,pair_000390,patient_441646021a546773,S2226370,S2226370,5,2022-06-28,0R,pAMR0,1,S2306850,S2306850,8,2023-02-14,0R,pAMR0,231,0,future_no_significant_rejection,1,0.012026899358100022
image_only,pair_000391,patient_441646021a546773,S2226370,S2226370,5,2022-06-28,0R,pAMR0,1,S2322861,S2322861,9,2023-05-26,0R,pAMR0,332,0,future_no_significant_rejection,1,0.012026899358100022
image_only,pair_000392,patient_441646021a546773,S2235315,S2235315,6,2022-08-23,0R,pAMR0,1,S2248988,S2248988,7,2022-11-22,0R,pAMR0,91,0,future_no_significant_rejection,1,0.021137437887638215
image_only,pair_000393,patient_441646021a546773,S2235315,S2235315,6,2022-08-23,0R,pAMR0,1,S2306850,S2306850,8,2023-02-14,0R,pAMR0,175,0,future_no_significant_rejection,1,0.021137437887638215
image_only,pair_000394,patient_441646021a546773,S2235315,S2235315,6,2022-08-23,0R,pAMR0,1,S2322861,S2322861,9,2023-05-26,0R,pAMR0,276,0,future_no_significant_rejection,1,0.021137437887638215
image_only,pair_000395,patient_441646021a546773,S2248988,S2248988,7,2022-11-22,0R,pAMR0,1,S2306850,S2306850,8,2023-02-14,0R,pAMR0,84,0,future_no_significant_rejection,1,0.2000913435937529
image_only,pair_000396,patient_441646021a546773,S2248988,S2248988,7,2022-11-22,0R,pAMR0,1,S2322861,S2322861,9,2023-05-26,0R,pAMR0,185,0,future_no_significant_rejection,1,0.2000913435937529
image_only,pair_000397,patient_441646021a546773,S2306850,S2306850,8,2023-02-14,0R,pAMR0,1,S2322861,S2322861,9,2023-05-26,0R,pAMR0,101,0,future_no_significant_rejection,1,0.19225903185943055
image_only,pair_000407,patient_4a2bd6cb3f9d710c,S2306848,S2306848,1,2023-02-14,0R,pAMR0,1,S2310074,S2310074,2,2023-03-07,0R,pAMR0,21,0,future_no_significant_rejection,1,0.6422030979003441
image_only,pair_000408,patient_4a2bd6cb3f9d710c,S2306848,S2306848,1,2023-02-14,0R,pAMR0,1,S2315838,S2315838,3,2023-04-11,1R,pAMR0,56,0,future_no_significant_rejection,1,0.6422030979003441
image_only,pair_000409,patient_4a2bd6cb3f9d710c,S2306848,S2306848,1,2023-02-14,0R,pAMR0,1,S2323104,S2323104,4,2023-05-30,0R,pAMR0,105,0,future_no_significant_rejection,1,0.6422030979003441
image_only,pair_000410,patient_4a2bd6cb3f9d710c,S2306848,S2306848,1,2023-02-14,0R,pAMR0,1,S2406755,S2406755,5,2024-02-13,0R,pAMR0,364,0,future_no_significant_rejection,1,0.6422030979003441
image_only,pair_000411,patient_4a2bd6cb3f9d710c,S2310074,S2310074,2,2023-03-07,0R,pAMR0,1,S2315838,S2315838,3,2023-04-11,1R,pAMR0,35,0,future_no_significant_rejection,1,0.07617751217141025
image_only,pair_000412,patient_4a2bd6cb3f9d710c,S2310074,S2310074,2,2023-03-07,0R,pAMR0,1,S2323104,S2323104,4,2023-05-30,0R,pAMR0,84,0,future_no_significant_rejection,1,0.07617751217141025
image_only,pair_000413,patient_4a2bd6cb3f9d710c,S2310074,S2310074,2,2023-03-07,0R,pAMR0,1,S2406755,S2406755,5,2024-02-13,0R,pAMR0,343,0,future_no_significant_rejection,1,0.07617751217141025
image_only,pair_000414,patient_4a2bd6cb3f9d710c,S2315838,S2315838,3,2023-04-11,1R,pAMR0,2,S2323104,S2323104,4,2023-05-30,0R,pAMR0,49,0,future_no_significant_rejection,1,0.024711720513492134
image_only,pair_000415,patient_4a2bd6cb3f9d710c,S2315838,S2315838,3,2023-04-11,1R,pAMR0,2,S2406755,S2406755,5,2024-02-13,0R,pAMR0,308,0,future_no_significant_rejection,1,0.024711720513492134
image_only,pair_000416,patient_4a2bd6cb3f9d710c,S2323104,S2323104,4,2023-05-30,0R,pAMR0,6,S2406755,S2406755,5,2024-02-13,0R,pAMR0,259,0,future_no_significant_rejection,1,0.056950879677627964
image_only,pair_000429,patient_4ab30837cfd3692a,S2415689,S2415689,1,2024-05-28,1R,pAMR0,3,S2417717,S2417717,2,2024-06-18,0R,pAMR0,21,0,future_no_significant_rejection,1,0.006160681850385993
image_only,pair_000430,patient_4ab30837cfd3692a,S2415689,S2415689,1,2024-05-28,1R,pAMR0,3,S2433346,S2433346,3,2024-11-19,1R,pAMR0,175,0,future_no_significant_rejection,1,0.006160681850385993
image_only,pair_000431,patient_4ab30837cfd3692a,S2415689,S2415689,1,2024-05-28,1R,pAMR0,3,S2505506,S2505506,4,2025-02-25,0R,pAMR0,273,0,future_no_significant_rejection,1,0.006160681850385993
image_only,pair_000432,patient_4ab30837cfd3692a,S2417717,S2417717,2,2024-06-18,0R,pAMR0,2,S2433346,S2433346,3,2024-11-19,1R,pAMR0,154,0,future_no_significant_rejection,1,0.24195198336359605
image_only,pair_000433,patient_4ab30837cfd3692a,S2417717,S2417717,2,2024-06-18,0R,pAMR0,2,S2505506,S2505506,4,2025-02-25,0R,pAMR0,252,0,future_no_significant_rejection,1,0.24195198336359605
image_only,pair_000434,patient_4ab30837cfd3692a,S2433346,S2433346,3,2024-11-19,1R,pAMR0,2,S2505506,S2505506,4,2025-02-25,0R,pAMR0,98,0,future_no_significant_rejection,1,0.00447479038487428
image_only,pair_000435,patient_4af3110fd801b611,S2345468,S2345468,1,2023-10-24,0R,pAMR0,1,S2353995,S2353995,2,2023-12-19,0R,pAMR0,56,0,future_no_significant_rejection,1,0.03774335193819995
image_only,pair_000436,patient_4af3110fd801b611,S2345468,S2345468,1,2023-10-24,0R,pAMR0,1,S2402481,S2402481,3,2024-01-16,0R,pAMR0,84,0,future_no_significant_rejection,1,0.03774335193819995
image_only,pair_000437,patient_4af3110fd801b611,S2345468,S2345468,1,2023-10-24,0R,pAMR0,1,S2408486,S2408486,4,2024-02-27,0R,pAMR0,126,0,future_no_significant_rejection,1,0.03774335193819995
image_only,pair_000438,patient_4af3110fd801b611,S2345468,S2345468,1,2023-10-24,0R,pAMR0,1,S2412060,S2412060,5,2024-04-16,0R,pAMR0,175,0,future_no_significant_rejection,1,0.03774335193819995
image_only,pair_000439,patient_4af3110fd801b611,S2345468,S2345468,1,2023-10-24,0R,pAMR0,1,S2420602,S2420602,6,2024-07-16,0R,pAMR0,266,0,future_no_significant_rejection,1,0.03774335193819995
image_only,pair_000440,patient_4af3110fd801b611,S2345468,S2345468,1,2023-10-24,0R,pAMR0,1,S2429676,S2429676,7,2024-10-15,0R,pAMR0,357,0,future_no_significant_rejection,1,0.03774335193819995
image_only,pair_000441,patient_4af3110fd801b611,S2353995,S2353995,2,2023-12-19,0R,pAMR0,1,S2402481,S2402481,3,2024-01-16,0R,pAMR0,28,0,future_no_significant_rejection,1,0.023526591325434523
image_only,pair_000442,patient_4af3110fd801b611,S2353995,S2353995,2,2023-12-19,0R,pAMR0,1,S2408486,S2408486,4,2024-02-27,0R,pAMR0,70,0,future_no_significant_rejection,1,0.023526591325434523
image_only,pair_000443,patient_4af3110fd801b611,S2353995,S2353995,2,2023-12-19,0R,pAMR0,1,S2412060,S2412060,5,2024-04-16,0R,pAMR0,119,0,future_no_significant_rejection,1,0.023526591325434523
image_only,pair_000444,patient_4af3110fd801b611,S2353995,S2353995,2,2023-12-19,0R,pAMR0,1,S2420602,S2420602,6,2024-07-16,0R,pAMR0,210,0,future_no_significant_rejection,1,0.023526591325434523
image_only,pair_000445,patient_4af3110fd801b611,S2353995,S2353995,2,2023-12-19,0R,pAMR0,1,S2429676,S2429676,7,2024-10-15,0R,pAMR0,301,0,future_no_significant_rejection,1,0.023526591325434523
image_only,pair_000446,patient_4af3110fd801b611,S2402481,S2402481,3,2024-01-16,0R,pAMR0,1,S2408486,S2408486,4,2024-02-27,0R,pAMR0,42,0,future_no_significant_rejection,1,0.00422965587337884
image_only,pair_000447,patient_4af3110fd801b611,S2402481,S2402481,3,2024-01-16,0R,pAMR0,1,S2412060,S2412060,5,2024-04-16,0R,pAMR0,91,0,future_no_significant_rejection,1,0.00422965587337884
image_only,pair_000448,patient_4af3110fd801b611,S2402481,S2402481,3,2024-01-16,0R,pAMR0,1,S2420602,S2420602,6,2024-07-16,0R,pAMR0,182,0,future_no_significant_rejection,1,0.00422965587337884
image_only,pair_000449,patient_4af3110fd801b611,S2402481,S2402481,3,2024-01-16,0R,pAMR0,1,S2429676,S2429676,7,2024-10-15,0R,pAMR0,273,0,future_no_significant_rejection,1,0.00422965587337884
image_only,pair_000450,patient_4af3110fd801b611,S2408486,S2408486,4,2024-02-27,0R,pAMR0,1,S2412060,S2412060,5,2024-04-16,0R,pAMR0,49,0,future_no_significant_rejection,1,0.09263742760045769
image_only,pair_000451,patient_4af3110fd801b611,S2408486,S2408486,4,2024-02-27,0R,pAMR0,1,S2420602,S2420602,6,2024-07-16,0R,pAMR0,140,0,future_no_significant_rejection,1,0.09263742760045769
image_only,pair_000452,patient_4af3110fd801b611,S2408486,S2408486,4,2024-02-27,0R,pAMR0,1,S2429676,S2429676,7,2024-10-15,0R,pAMR0,231,0,future_no_significant_rejection,1,0.09263742760045769
image_only,pair_000453,patient_4af3110fd801b611,S2412060,S2412060,5,2024-04-16,0R,pAMR0,4,S2420602,S2420602,6,2024-07-16,0R,pAMR0,91,0,future_no_significant_rejection,1,0.03657985151025327
image_only,pair_000454,patient_4af3110fd801b611,S2412060,S2412060,5,2024-04-16,0R,pAMR0,4,S2429676,S2429676,7,2024-10-15,0R,pAMR0,182,0,future_no_significant_rejection,1,0.03657985151025327
image_only,pair_000455,patient_4af3110fd801b611,S2420602,S2420602,6,2024-07-16,0R,pAMR0,1,S2429676,S2429676,7,2024-10-15,0R,pAMR0,91,0,future_no_significant_rejection,1,0.05262700646769109
image_only,pair_000456,patient_4cb9dbad2d74486f,S2149397,S2149397,1,2021-11-16,0R,pAMR0,1,S2151616,S2151616,2,2021-11-30,1R,pAMR0,14,0,future_no_significant_rejection,1,0.3491050319262358
image_only,pair_000457,patient_4cb9dbad2d74486f,S2149397,S2149397,1,2021-11-16,0R,pAMR0,1,S2211181,S2211181,3,2022-03-22,0R,pAMR0,126,0,future_no_significant_rejection,1,0.3491050319262358
image_only,pair_000458,patient_4cb9dbad2d74486f,S2149397,S2149397,1,2021-11-16,0R,pAMR0,1,S2226371,S2226371,4,2022-06-28,0R,pAMR0,224,0,future_no_significant_rejection,1,0.3491050319262358
image_only,pair_000459,patient_4cb9dbad2d74486f,S2149397,S2149397,1,2021-11-16,0R,pAMR0,1,S2239521,S2239521,5,2022-09-20,0R,pAMR0,308,0,future_no_significant_rejection,1,0.3491050319262358
image_only,pair_000460,patient_4cb9dbad2d74486f,S2151616,S2151616,2,2021-11-30,1R,pAMR0,1,S2211181,S2211181,3,2022-03-22,0R,pAMR0,112,0,future_no_significant_rejection,1,0.15740972562794953
image_only,pair_000461,patient_4cb9dbad2d74486f,S2151616,S2151616,2,2021-11-30,1R,pAMR0,1,S2226371,S2226371,4,2022-06-28,0R,pAMR0,210,0,future_no_significant_rejection,1,0.15740972562794953
image_only,pair_000462,patient_4cb9dbad2d74486f,S2151616,S2151616,2,2021-11-30,1R,pAMR0,1,S2239521,S2239521,5,2022-09-20,0R,pAMR0,294,0,future_no_significant_rejection,1,0.15740972562794953
image_only,pair_000463,patient_4cb9dbad2d74486f,S2211181,S2211181,3,2022-03-22,0R,pAMR0,1,S2226371,S2226371,4,2022-06-28,0R,pAMR0,98,0,future_no_significant_rejection,1,0.7243765773370099
image_only,pair_000464,patient_4cb9dbad2d74486f,S2211181,S2211181,3,2022-03-22,0R,pAMR0,1,S2239521,S2239521,5,2022-09-20,0R,pAMR0,182,0,future_no_significant_rejection,1,0.7243765773370099
image_only,pair_000465,patient_4cb9dbad2d74486f,S2226371,S2226371,4,2022-06-28,0R,pAMR0,1,S2239521,S2239521,5,2022-09-20,0R,pAMR0,84,0,future_no_significant_rejection,1,0.02592861639892037
image_only,pair_000482,patient_5ad31502c2708b1a,S2334384,S2334384,1,2023-08-08,0R,pAMR0,2,S2338781,S2338781,2,2023-09-05,0R,pAMR0,28,0,future_no_significant_rejection,1,0.03278279104963115
image_only,pair_000483,patient_5ad31502c2708b1a,S2334384,S2334384,1,2023-08-08,0R,pAMR0,2,S2342677,S2342677,3,2023-10-04,0R,pAMR0,57,0,future_no_significant_rejection,1,0.03278279104963115
image_only,pair_000484,patient_5ad31502c2708b1a,S2338781,S2338781,2,2023-09-05,0R,pAMR0,1,S2342677,S2342677,3,2023-10-04,0R,pAMR0,29,0,future_no_significant_rejection,1,0.02152357264994799
image_only,pair_000485,patient_5d35983cfd191fff,S2138905,S2138905,1,2021-09-07,1R,pAMR0,2,S2144969,S2144969,2,2021-10-19,0R,pAMR0,42,0,future_no_significant_rejection,1,0.05716572910502294
image_only,pair_000486,patient_5d35983cfd191fff,S2138905,S2138905,1,2021-09-07,1R,pAMR0,2,S2205211,S2205211,3,2022-02-08,0R,pAMR0,154,0,future_no_significant_rejection,1,0.05716572910502294
image_only,pair_000487,patient_5d35983cfd191fff,S2138905,S2138905,1,2021-09-07,1R,pAMR0,2,S2216605,S2216605,4,2022-04-26,0R,pAMR0,231,0,future_no_significant_rejection,1,0.05716572910502294
image_only,pair_000488,patient_5d35983cfd191fff,S2144969,S2144969,2,2021-10-19,0R,pAMR0,1,S2205211,S2205211,3,2022-02-08,0R,pAMR0,112,0,future_no_significant_rejection,1,0.06821247566335653
image_only,pair_000489,patient_5d35983cfd191fff,S2144969,S2144969,2,2021-10-19,0R,pAMR0,1,S2216605,S2216605,4,2022-04-26,0R,pAMR0,189,0,future_no_significant_rejection,1,0.06821247566335653
image_only,pair_000490,patient_5d35983cfd191fff,S2205211,S2205211,3,2022-02-08,0R,pAMR0,1,S2216605,S2216605,4,2022-04-26,0R,pAMR0,77,0,future_no_significant_rejection,1,0.551935780424456
image_only,pair_000491,patient_5ee21afd8d2dea4c,S2315839,S2315839,1,2023-04-11,1R,pAMR0,4,S2318954,S2318954,2,2023-05-02,1R,pAMR0,21,0,future_no_significant_rejection,1,0.3256040846726607
image_only,pair_000492,patient_5ee21afd8d2dea4c,S2315839,S2315839,1,2023-04-11,1R,pAMR0,4,S2325144,S2325144,3,2023-06-13,1R,pAMR0,63,0,future_no_significant_rejection,1,0.3256040846726607
image_only,pair_000493,patient_5ee21afd8d2dea4c,S2315839,S2315839,1,2023-04-11,1R,pAMR0,4,S2330988,S2330988,4,2023-07-18,0R,pAMR0,98,0,future_no_significant_rejection,1,0.3256040846726607
image_only,pair_000494,patient_5ee21afd8d2dea4c,S2315839,S2315839,1,2023-04-11,1R,pAMR0,4,S2338782,S2338782,5,2023-09-05,0R,pAMR0,147,0,future_no_significant_rejection,1,0.3256040846726607
image_only,pair_000495,patient_5ee21afd8d2dea4c,S2315839,S2315839,1,2023-04-11,1R,pAMR0,4,S2408854,S2408854,6,2024-03-05,0R,pAMR0,329,0,future_no_significant_rejection,1,0.3256040846726607
image_only,pair_000496,patient_5ee21afd8d2dea4c,S2318954,S2318954,2,2023-05-02,1R,pAMR0,1,S2325144,S2325144,3,2023-06-13,1R,pAMR0,42,0,future_no_significant_rejection,1,0.21779481681956522
image_only,pair_000497,patient_5ee21afd8d2dea4c,S2318954,S2318954,2,2023-05-02,1R,pAMR0,1,S2330988,S2330988,4,2023-07-18,0R,pAMR0,77,0,future_no_significant_rejection,1,0.21779481681956522
image_only,pair_000498,patient_5ee21afd8d2dea4c,S2318954,S2318954,2,2023-05-02,1R,pAMR0,1,S2338782,S2338782,5,2023-09-05,0R,pAMR0,126,0,future_no_significant_rejection,1,0.21779481681956522
image_only,pair_000499,patient_5ee21afd8d2dea4c,S2318954,S2318954,2,2023-05-02,1R,pAMR0,1,S2408854,S2408854,6,2024-03-05,0R,pAMR0,308,0,future_no_significant_rejection,1,0.21779481681956522
image_only,pair_000500,patient_5ee21afd8d2dea4c,S2325144,S2325144,3,2023-06-13,1R,pAMR0,1,S2330988,S2330988,4,2023-07-18,0R,pAMR0,35,0,future_no_significant_rejection,1,0.04368340112710749
image_only,pair_000501,patient_5ee21afd8d2dea4c,S2325144,S2325144,3,2023-06-13,1R,pAMR0,1,S2338782,S2338782,5,2023-09-05,0R,pAMR0,84,0,future_no_significant_rejection,1,0.04368340112710749
image_only,pair_000502,patient_5ee21afd8d2dea4c,S2325144,S2325144,3,2023-06-13,1R,pAMR0,1,S2408854,S2408854,6,2024-03-05,0R,pAMR0,266,0,future_no_significant_rejection,1,0.04368340112710749
image_only,pair_000503,patient_5ee21afd8d2dea4c,S2330988,S2330988,4,2023-07-18,0R,pAMR0,1,S2338782,S2338782,5,2023-09-05,0R,pAMR0,49,0,future_no_significant_rejection,1,0.11841946376193448
image_only,pair_000504,patient_5ee21afd8d2dea4c,S2330988,S2330988,4,2023-07-18,0R,pAMR0,1,S2408854,S2408854,6,2024-03-05,0R,pAMR0,231,0,future_no_significant_rejection,1,0.11841946376193448
image_only,pair_000505,patient_5ee21afd8d2dea4c,S2338782,S2338782,5,2023-09-05,0R,pAMR0,1,S2408854,S2408854,6,2024-03-05,0R,pAMR0,182,0,future_no_significant_rejection,1,0.020609052008488445
image_only,pair_000506,patient_61128f527d32178f,S2132028,S2132028,1,2021-07-27,0R,pAMR0,1,S2144966,S2144966,2,2021-10-19,0R,pAMR0,84,0,future_no_significant_rejection,1,0.020147320832736584
image_only,pair_000517,patient_6e23f91caa098b84,S2419849,S2419849,1,2024-07-09,1R,pAMR0,4,S2422139,S2422139,2,2024-07-30,0R,pAMR0,21,0,future_no_significant_rejection,1,0.0512859890241046
image_only,pair_000518,patient_6e23f91caa098b84,S2419849,S2419849,1,2024-07-09,1R,pAMR0,4,S2427693,S2427693,3,2024-09-24,0R,pAMR0,77,0,future_no_significant_rejection,1,0.0512859890241046
image_only,pair_000519,patient_6e23f91caa098b84,S2419849,S2419849,1,2024-07-09,1R,pAMR0,4,S2433342,S2433342,4,2024-11-19,0R,pAMR0,133,0,future_no_significant_rejection,1,0.0512859890241046
image_only,pair_000520,patient_6e23f91caa098b84,S2419849,S2419849,1,2024-07-09,1R,pAMR0,4,S2437880,S2437880,5,2024-12-31,0R,pAMR0,175,0,future_no_significant_rejection,1,0.0512859890241046
image_only,pair_000521,patient_6e23f91caa098b84,S2419849,S2419849,1,2024-07-09,1R,pAMR0,4,S2506961,S2506961,6,2025-03-11,0R,pAMR0,245,0,future_no_significant_rejection,1,0.0512859890241046
image_only,pair_000522,patient_6e23f91caa098b84,S2422139,S2422139,2,2024-07-30,0R,pAMR0,2,S2427693,S2427693,3,2024-09-24,0R,pAMR0,56,0,future_no_significant_rejection,1,0.06791610102562834
image_only,pair_000523,patient_6e23f91caa098b84,S2422139,S2422139,2,2024-07-30,0R,pAMR0,2,S2433342,S2433342,4,2024-11-19,0R,pAMR0,112,0,future_no_significant_rejection,1,0.06791610102562834
image_only,pair_000524,patient_6e23f91caa098b84,S2422139,S2422139,2,2024-07-30,0R,pAMR0,2,S2437880,S2437880,5,2024-12-31,0R,pAMR0,154,0,future_no_significant_rejection,1,0.06791610102562834
image_only,pair_000525,patient_6e23f91caa098b84,S2422139,S2422139,2,2024-07-30,0R,pAMR0,2,S2506961,S2506961,6,2025-03-11,0R,pAMR0,224,0,future_no_significant_rejection,1,0.06791610102562834
image_only,pair_000526,patient_6e23f91caa098b84,S2427693,S2427693,3,2024-09-24,0R,pAMR0,6,S2433342,S2433342,4,2024-11-19,0R,pAMR0,56,0,future_no_significant_rejection,1,0.02702397325616476
image_only,pair_000527,patient_6e23f91caa098b84,S2427693,S2427693,3,2024-09-24,0R,pAMR0,6,S2437880,S2437880,5,2024-12-31,0R,pAMR0,98,0,future_no_significant_rejection,1,0.02702397325616476
image_only,pair_000528,patient_6e23f91caa098b84,S2427693,S2427693,3,2024-09-24,0R,pAMR0,6,S2506961,S2506961,6,2025-03-11,0R,pAMR0,168,0,future_no_significant_rejection,1,0.02702397325616476
image_only,pair_000529,patient_6e23f91caa098b84,S2433342,S2433342,4,2024-11-19,0R,pAMR0,2,S2437880,S2437880,5,2024-12-31,0R,pAMR0,42,0,future_no_significant_rejection,1,0.023366855135955888
image_only,pair_000530,patient_6e23f91caa098b84,S2433342,S2433342,4,2024-11-19,0R,pAMR0,2,S2506961,S2506961,6,2025-03-11,0R,pAMR0,112,0,future_no_significant_rejection,1,0.023366855135955888
image_only,pair_000531,patient_6e23f91caa098b84,S2437880,S2437880,5,2024-12-31,0R,pAMR0,1,S2506961,S2506961,6,2025-03-11,0R,pAMR0,70,0,future_no_significant_rejection,1,0.020424127078749802
image_only,pair_000538,patient_70289ea84b1dd193,S2508630,S2508630,1,2025-03-25,1R,pAMR0,4,S2511006,S2511006,2,2025-04-15,0R,pAMR0,21,0,future_no_significant_rejection,1,0.04306956115773964
image_only,pair_000539,patient_70289ea84b1dd193,S2508630,S2508630,1,2025-03-25,1R,pAMR0,4,S2513848,S2513848,3,2025-05-13,0R,pAMR0,49,0,future_no_significant_rejection,1,0.04306956115773964
image_only,pair_000540,patient_70289ea84b1dd193,S2508630,S2508630,1,2025-03-25,1R,pAMR0,4,S2524760,S2524760,4,2025-08-12,0R,pAMR0,140,0,future_no_significant_rejection,1,0.04306956115773964
image_only,pair_000541,patient_70289ea84b1dd193,S2508630,S2508630,1,2025-03-25,1R,pAMR0,4,S2531989,S2531989,5,2025-10-14,0R,pAMR0,203,0,future_no_significant_rejection,1,0.04306956115773964
image_only,pair_000542,patient_70289ea84b1dd193,S2511006,S2511006,2,2025-04-15,0R,pAMR0,2,S2513848,S2513848,3,2025-05-13,0R,pAMR0,28,0,future_no_significant_rejection,1,0.15408413098151713
image_only,pair_000543,patient_70289ea84b1dd193,S2511006,S2511006,2,2025-04-15,0R,pAMR0,2,S2524760,S2524760,4,2025-08-12,0R,pAMR0,119,0,future_no_significant_rejection,1,0.15408413098151713
image_only,pair_000544,patient_70289ea84b1dd193,S2511006,S2511006,2,2025-04-15,0R,pAMR0,2,S2531989,S2531989,5,2025-10-14,0R,pAMR0,182,0,future_no_significant_rejection,1,0.15408413098151713
image_only,pair_000545,patient_70289ea84b1dd193,S2513848,S2513848,3,2025-05-13,0R,pAMR0,6,S2524760,S2524760,4,2025-08-12,0R,pAMR0,91,0,future_no_significant_rejection,1,0.043503671376392807
image_only,pair_000546,patient_70289ea84b1dd193,S2513848,S2513848,3,2025-05-13,0R,pAMR0,6,S2531989,S2531989,5,2025-10-14,0R,pAMR0,154,0,future_no_significant_rejection,1,0.043503671376392807
image_only,pair_000547,patient_70289ea84b1dd193,S2524760,S2524760,4,2025-08-12,0R,pAMR0,1,S2531989,S2531989,5,2025-10-14,0R,pAMR0,63,0,future_no_significant_rejection,1,0.1062321272973859
image_only,pair_000548,patient_71270218daad69ca,S2222945,S2222945,1,2022-06-07,0R,pAMR0,1,S2334411,S2334411,2,2023-08-08,0R,pAMR0,427,0,future_no_significant_rejection,1,0.08288968315053051
image_only,pair_000593,patient_7b8c5e3e158230df,S2421437,S2421437,1,2024-07-23,0R,pAMR0,2,S2424255,S2424255,2,2024-08-20,0R,pAMR0,28,0,future_no_significant_rejection,1,0.007914870162886995
image_only,pair_000594,patient_7b8c5e3e158230df,S2421437,S2421437,1,2024-07-23,0R,pAMR0,2,S2426615,S2426615,3,2024-09-10,0R,pAMR0,49,0,future_no_significant_rejection,1,0.007914870162886995
image_only,pair_000595,patient_7b8c5e3e158230df,S2424255,S2424255,2,2024-08-20,0R,pAMR0,6,S2426615,S2426615,3,2024-09-10,0R,pAMR0,21,0,future_no_significant_rejection,1,0.26546311196579964
image_only,pair_000617,patient_7ea5ec2f6c847fc5,S2136522,S2136522,1,2021-08-24,0R,pAMR0,2,S2148219,S2148219,2,2021-11-08,1R,pAMR0,76,0,future_no_significant_rejection,1,0.03957907603157653
image_only,pair_000618,patient_7ea5ec2f6c847fc5,S2136522,S2136522,1,2021-08-24,0R,pAMR0,2,S2207353,S2207353,3,2022-02-22,0R,pAMR0,182,0,future_no_significant_rejection,1,0.03957907603157653
image_only,pair_000619,patient_7ea5ec2f6c847fc5,S2148219,S2148219,2,2021-11-08,1R,pAMR0,2,S2207353,S2207353,3,2022-02-22,0R,pAMR0,106,0,future_no_significant_rejection,1,0.053292158539303865
image_only,pair_000658,patient_8a989ce38f711fa1,S2151614,S2151614,1,2021-11-30,0R,pAMR0,3,S2154958,S2154958,2,2021-12-21,0R,pAMR0,21,0,future_no_significant_rejection,1,0.1944407678388556
image_only,pair_000659,patient_8a989ce38f711fa1,S2151614,S2151614,1,2021-11-30,0R,pAMR0,3,S2202568,S2202568,3,2022-01-18,0R,pAMR0,49,0,future_no_significant_rejection,1,0.1944407678388556
image_only,pair_000660,patient_8a989ce38f711fa1,S2151614,S2151614,1,2021-11-30,0R,pAMR0,3,S2207350,S2207350,4,2022-02-22,0R,pAMR0,84,0,future_no_significant_rejection,1,0.1944407678388556
image_only,pair_000661,patient_8a989ce38f711fa1,S2151614,S2151614,1,2021-11-30,0R,pAMR0,3,S2213274,S2213274,5,2022-04-05,0R,pAMR0,126,0,future_no_significant_rejection,1,0.1944407678388556
image_only,pair_000662,patient_8a989ce38f711fa1,S2151614,S2151614,1,2021-11-30,0R,pAMR0,3,S2222062,S2222062,6,2022-05-31,0R,pAMR0,182,0,future_no_significant_rejection,1,0.1944407678388556
image_only,pair_000663,patient_8a989ce38f711fa1,S2151614,S2151614,1,2021-11-30,0R,pAMR0,3,S2234200,S2234200,7,2022-08-16,0R,pAMR0,259,0,future_no_significant_rejection,1,0.1944407678388556
image_only,pair_000664,patient_8a989ce38f711fa1,S2151614,S2151614,1,2021-11-30,0R,pAMR0,3,S2248983,S2248983,8,2022-11-22,0R,pAMR0,357,0,future_no_significant_rejection,1,0.1944407678388556
image_only,pair_000665,patient_8a989ce38f711fa1,S2154958,S2154958,2,2021-12-21,0R,pAMR0,3,S2202568,S2202568,3,2022-01-18,0R,pAMR0,28,0,future_no_significant_rejection,1,0.21455737086649168
image_only,pair_000666,patient_8a989ce38f711fa1,S2154958,S2154958,2,2021-12-21,0R,pAMR0,3,S2207350,S2207350,4,2022-02-22,0R,pAMR0,63,0,future_no_significant_rejection,1,0.21455737086649168
image_only,pair_000667,patient_8a989ce38f711fa1,S2154958,S2154958,2,2021-12-21,0R,pAMR0,3,S2213274,S2213274,5,2022-04-05,0R,pAMR0,105,0,future_no_significant_rejection,1,0.21455737086649168
image_only,pair_000668,patient_8a989ce38f711fa1,S2154958,S2154958,2,2021-12-21,0R,pAMR0,3,S2222062,S2222062,6,2022-05-31,0R,pAMR0,161,0,future_no_significant_rejection,1,0.21455737086649168
image_only,pair_000669,patient_8a989ce38f711fa1,S2154958,S2154958,2,2021-12-21,0R,pAMR0,3,S2234200,S2234200,7,2022-08-16,0R,pAMR0,238,0,future_no_significant_rejection,1,0.21455737086649168
image_only,pair_000670,patient_8a989ce38f711fa1,S2154958,S2154958,2,2021-12-21,0R,pAMR0,3,S2248983,S2248983,8,2022-11-22,0R,pAMR0,336,0,future_no_significant_rejection,1,0.21455737086649168
image_only,pair_000671,patient_8a989ce38f711fa1,S2202568,S2202568,3,2022-01-18,0R,pAMR0,1,S2207350,S2207350,4,2022-02-22,0R,pAMR0,35,0,future_no_significant_rejection,1,0.02420987135395364
image_only,pair_000672,patient_8a989ce38f711fa1,S2202568,S2202568,3,2022-01-18,0R,pAMR0,1,S2213274,S2213274,5,2022-04-05,0R,pAMR0,77,0,future_no_significant_rejection,1,0.02420987135395364
image_only,pair_000673,patient_8a989ce38f711fa1,S2202568,S2202568,3,2022-01-18,0R,pAMR0,1,S2222062,S2222062,6,2022-05-31,0R,pAMR0,133,0,future_no_significant_rejection,1,0.02420987135395364
image_only,pair_000674,patient_8a989ce38f711fa1,S2202568,S2202568,3,2022-01-18,0R,pAMR0,1,S2234200,S2234200,7,2022-08-16,0R,pAMR0,210,0,future_no_significant_rejection,1,0.02420987135395364
image_only,pair_000675,patient_8a989ce38f711fa1,S2202568,S2202568,3,2022-01-18,0R,pAMR0,1,S2248983,S2248983,8,2022-11-22,0R,pAMR0,308,0,future_no_significant_rejection,1,0.02420987135395364
image_only,pair_000676,patient_8a989ce38f711fa1,S2207350,S2207350,4,2022-02-22,0R,pAMR0,1,S2213274,S2213274,5,2022-04-05,0R,pAMR0,42,0,future_no_significant_rejection,1,0.039460995675925446
image_only,pair_000677,patient_8a989ce38f711fa1,S2207350,S2207350,4,2022-02-22,0R,pAMR0,1,S2222062,S2222062,6,2022-05-31,0R,pAMR0,98,0,future_no_significant_rejection,1,0.039460995675925446
image_only,pair_000678,patient_8a989ce38f711fa1,S2207350,S2207350,4,2022-02-22,0R,pAMR0,1,S2234200,S2234200,7,2022-08-16,0R,pAMR0,175,0,future_no_significant_rejection,1,0.039460995675925446
image_only,pair_000679,patient_8a989ce38f711fa1,S2207350,S2207350,4,2022-02-22,0R,pAMR0,1,S2248983,S2248983,8,2022-11-22,0R,pAMR0,273,0,future_no_significant_rejection,1,0.039460995675925446
image_only,pair_000680,patient_8a989ce38f711fa1,S2213274,S2213274,5,2022-04-05,0R,pAMR0,1,S2222062,S2222062,6,2022-05-31,0R,pAMR0,56,0,future_no_significant_rejection,1,0.006456733484237528
image_only,pair_000681,patient_8a989ce38f711fa1,S2213274,S2213274,5,2022-04-05,0R,pAMR0,1,S2234200,S2234200,7,2022-08-16,0R,pAMR0,133,0,future_no_significant_rejection,1,0.006456733484237528
image_only,pair_000682,patient_8a989ce38f711fa1,S2213274,S2213274,5,2022-04-05,0R,pAMR0,1,S2248983,S2248983,8,2022-11-22,0R,pAMR0,231,0,future_no_significant_rejection,1,0.006456733484237528
image_only,pair_000683,patient_8a989ce38f711fa1,S2222062,S2222062,6,2022-05-31,0R,pAMR0,1,S2234200,S2234200,7,2022-08-16,0R,pAMR0,77,0,future_no_significant_rejection,1,0.020138461407439738
image_only,pair_000684,patient_8a989ce38f711fa1,S2222062,S2222062,6,2022-05-31,0R,pAMR0,1,S2248983,S2248983,8,2022-11-22,0R,pAMR0,175,0,future_no_significant_rejection,1,0.020138461407439738
image_only,pair_000685,patient_8a989ce38f711fa1,S2234200,S2234200,7,2022-08-16,0R,pAMR0,1,S2248983,S2248983,8,2022-11-22,0R,pAMR0,98,0,future_no_significant_rejection,1,0.33654253645039445
image_only,pair_000692,patient_93ac78fffd137473,S2250149,S2250149,1,2022-11-29,1R,pAMR0,3,S2329753,S2329753,2,2023-07-11,0R,pAMR0,224,0,future_no_significant_rejection,1,0.3025945321095183
image_only,pair_000693,patient_9665aa8b62656cf9,S2530985,S2530985,1,2025-09-30,0R,pAMR0,1,S2531985,S2531985,2,2025-10-14,0R,pAMR0,14,0,future_no_significant_rejection,1,0.4366630993068732
image_only,pair_000694,patient_98877b8b3d3e8763,S2133158,S2133158,1,2021-08-03,0R,pAMR0,1,S2140147,S2140147,2,2021-09-13,1R,pAMR0,41,0,future_no_significant_rejection,1,0.0260503320784431
image_only,pair_000695,patient_98877b8b3d3e8763,S2133158,S2133158,1,2021-08-03,0R,pAMR0,1,S2147205,S2147205,3,2021-11-02,1R,pAMR0,91,0,future_no_significant_rejection,1,0.0260503320784431
image_only,pair_000696,patient_98877b8b3d3e8763,S2133158,S2133158,1,2021-08-03,0R,pAMR0,1,S2201380,S2201380,4,2022-01-10,0R,pAMR0,160,0,future_no_significant_rejection,1,0.0260503320784431
image_only,pair_000697,patient_98877b8b3d3e8763,S2133158,S2133158,1,2021-08-03,0R,pAMR0,1,S2211180,S2211180,5,2022-03-22,0R,pAMR0,231,0,future_no_significant_rejection,1,0.0260503320784431
image_only,pair_000698,patient_98877b8b3d3e8763,S2133158,S2133158,1,2021-08-03,0R,pAMR0,1,S2225226,S2225226,6,2022-06-21,0R,pAMR0,322,0,future_no_significant_rejection,1,0.0260503320784431
image_only,pair_000699,patient_98877b8b3d3e8763,S2140147,S2140147,2,2021-09-13,1R,pAMR0,1,S2147205,S2147205,3,2021-11-02,1R,pAMR0,50,0,future_no_significant_rejection,1,0.0730510560159982
image_only,pair_000700,patient_98877b8b3d3e8763,S2140147,S2140147,2,2021-09-13,1R,pAMR0,1,S2201380,S2201380,4,2022-01-10,0R,pAMR0,119,0,future_no_significant_rejection,1,0.0730510560159982
image_only,pair_000701,patient_98877b8b3d3e8763,S2140147,S2140147,2,2021-09-13,1R,pAMR0,1,S2211180,S2211180,5,2022-03-22,0R,pAMR0,190,0,future_no_significant_rejection,1,0.0730510560159982
image_only,pair_000702,patient_98877b8b3d3e8763,S2140147,S2140147,2,2021-09-13,1R,pAMR0,1,S2225226,S2225226,6,2022-06-21,0R,pAMR0,281,0,future_no_significant_rejection,1,0.0730510560159982
image_only,pair_000703,patient_98877b8b3d3e8763,S2147205,S2147205,3,2021-11-02,1R,pAMR0,2,S2201380,S2201380,4,2022-01-10,0R,pAMR0,69,0,future_no_significant_rejection,1,0.011720954483697697
image_only,pair_000704,patient_98877b8b3d3e8763,S2147205,S2147205,3,2021-11-02,1R,pAMR0,2,S2211180,S2211180,5,2022-03-22,0R,pAMR0,140,0,future_no_significant_rejection,1,0.011720954483697697
image_only,pair_000705,patient_98877b8b3d3e8763,S2147205,S2147205,3,2021-11-02,1R,pAMR0,2,S2225226,S2225226,6,2022-06-21,0R,pAMR0,231,0,future_no_significant_rejection,1,0.011720954483697697
image_only,pair_000706,patient_98877b8b3d3e8763,S2201380,S2201380,4,2022-01-10,0R,pAMR0,2,S2211180,S2211180,5,2022-03-22,0R,pAMR0,71,0,future_no_significant_rejection,1,0.06367171050810325
image_only,pair_000707,patient_98877b8b3d3e8763,S2201380,S2201380,4,2022-01-10,0R,pAMR0,2,S2225226,S2225226,6,2022-06-21,0R,pAMR0,162,0,future_no_significant_rejection,1,0.06367171050810325
image_only,pair_000708,patient_98877b8b3d3e8763,S2211180,S2211180,5,2022-03-22,0R,pAMR0,1,S2225226,S2225226,6,2022-06-21,0R,pAMR0,91,0,future_no_significant_rejection,1,0.04819979123225283
image_only,pair_000800,patient_bdc3f4ebb82da82e,S2436454,S2436454,1,2024-12-17,0R,pAMR0,2,S2437882,S2437882,2,2024-12-31,0R,pAMR1,14,1,future_significant_rejection,1,0.007483071575509011
image_only,pair_000801,patient_bdc3f4ebb82da82e,S2436454,S2436454,1,2024-12-17,0R,pAMR0,2,S2503127,S2503127,3,2025-02-04,1R,pAMR0,49,0,future_no_significant_rejection,1,0.007483071575509011
image_only,pair_000802,patient_bdc3f4ebb82da82e,S2436454,S2436454,1,2024-12-17,0R,pAMR0,2,S2506960,S2506960,4,2025-03-11,1R,pAMR0,84,0,future_no_significant_rejection,1,0.007483071575509011
image_only,pair_000803,patient_bdc3f4ebb82da82e,S2436454,S2436454,1,2024-12-17,0R,pAMR0,2,S2516970,S2516970,5,2025-06-10,1R,pAMR0,175,0,future_no_significant_rejection,1,0.007483071575509011
image_only,pair_000804,patient_c18ca7616a5ad1b6,S2400070,S2400070,1,2024-01-02,0R,pAMR0,1,S2405217,S2405217,2,2024-01-31,0R,pAMR0,29,0,future_no_significant_rejection,1,0.003573883182624682
image_only,pair_000805,patient_c18ca7616a5ad1b6,S2400070,S2400070,1,2024-01-02,0R,pAMR0,1,S2408482,S2408482,3,2024-02-27,0R,pAMR0,56,0,future_no_significant_rejection,1,0.003573883182624682
image_only,pair_000806,patient_c18ca7616a5ad1b6,S2400070,S2400070,1,2024-01-02,0R,pAMR0,1,S2412061,S2412061,4,2024-04-16,0R,pAMR0,105,0,future_no_significant_rejection,1,0.003573883182624682
image_only,pair_000807,patient_c18ca7616a5ad1b6,S2400070,S2400070,1,2024-01-02,0R,pAMR0,1,S2414954,S2414954,5,2024-05-21,0R,pAMR0,140,0,future_no_significant_rejection,1,0.003573883182624682
image_only,pair_000808,patient_c18ca7616a5ad1b6,S2400070,S2400070,1,2024-01-02,0R,pAMR0,1,S2434134,S2434134,6,2024-11-26,0R,pAMR0,329,0,future_no_significant_rejection,1,0.003573883182624682
image_only,pair_000809,patient_c18ca7616a5ad1b6,S2405217,S2405217,2,2024-01-31,0R,pAMR0,1,S2408482,S2408482,3,2024-02-27,0R,pAMR0,27,0,future_no_significant_rejection,1,0.041111593625228614
image_only,pair_000810,patient_c18ca7616a5ad1b6,S2405217,S2405217,2,2024-01-31,0R,pAMR0,1,S2412061,S2412061,4,2024-04-16,0R,pAMR0,76,0,future_no_significant_rejection,1,0.041111593625228614
image_only,pair_000811,patient_c18ca7616a5ad1b6,S2405217,S2405217,2,2024-01-31,0R,pAMR0,1,S2414954,S2414954,5,2024-05-21,0R,pAMR0,111,0,future_no_significant_rejection,1,0.041111593625228614
image_only,pair_000812,patient_c18ca7616a5ad1b6,S2405217,S2405217,2,2024-01-31,0R,pAMR0,1,S2434134,S2434134,6,2024-11-26,0R,pAMR0,300,0,future_no_significant_rejection,1,0.041111593625228614
image_only,pair_000813,patient_c18ca7616a5ad1b6,S2408482,S2408482,3,2024-02-27,0R,pAMR0,1,S2412061,S2412061,4,2024-04-16,0R,pAMR0,49,0,future_no_significant_rejection,1,0.01762262697718309
image_only,pair_000814,patient_c18ca7616a5ad1b6,S2408482,S2408482,3,2024-02-27,0R,pAMR0,1,S2414954,S2414954,5,2024-05-21,0R,pAMR0,84,0,future_no_significant_rejection,1,0.01762262697718309
image_only,pair_000815,patient_c18ca7616a5ad1b6,S2408482,S2408482,3,2024-02-27,0R,pAMR0,1,S2434134,S2434134,6,2024-11-26,0R,pAMR0,273,0,future_no_significant_rejection,1,0.01762262697718309
image_only,pair_000816,patient_c18ca7616a5ad1b6,S2412061,S2412061,4,2024-04-16,0R,pAMR0,2,S2414954,S2414954,5,2024-05-21,0R,pAMR0,35,0,future_no_significant_rejection,1,0.06771626600599542
image_only,pair_000817,patient_c18ca7616a5ad1b6,S2412061,S2412061,4,2024-04-16,0R,pAMR0,2,S2434134,S2434134,6,2024-11-26,0R,pAMR0,224,0,future_no_significant_rejection,1,0.06771626600599542
image_only,pair_000818,patient_c18ca7616a5ad1b6,S2414954,S2414954,5,2024-05-21,0R,pAMR0,2,S2434134,S2434134,6,2024-11-26,0R,pAMR0,189,0,future_no_significant_rejection,1,0.06558020558246631
image_only,pair_000947,patient_d48fc489086a470f,S2327690,S2327690,1,2023-06-28,1R,pAMR0,4,S2330983,S2330983,2,2023-07-18,0R,pAMR0,20,0,future_no_significant_rejection,1,0.05952961690033089
image_only,pair_000948,patient_d48fc489086a470f,S2327690,S2327690,1,2023-06-28,1R,pAMR0,4,S2336496,S2336496,3,2023-08-22,0R,pAMR0,55,0,future_no_significant_rejection,1,0.05952961690033089
image_only,pair_000949,patient_d48fc489086a470f,S2327690,S2327690,1,2023-06-28,1R,pAMR0,4,S2343312,S2343312,4,2023-10-10,1R,pAMR0,104,0,future_no_significant_rejection,1,0.05952961690033089
image_only,pair_000950,patient_d48fc489086a470f,S2327690,S2327690,1,2023-06-28,1R,pAMR0,4,S2350730,S2350730,5,2023-11-28,2R,pAMR0,153,1,future_significant_rejection,1,0.05952961690033089
image_only,pair_000951,patient_d48fc489086a470f,S2327690,S2327690,1,2023-06-28,1R,pAMR0,4,S2412714,S2412714,6,2024-04-23,0R,pAMR0,300,0,future_no_significant_rejection,1,0.05952961690033089
image_only,pair_000952,patient_d48fc489086a470f,S2330983,S2330983,2,2023-07-18,0R,pAMR0,2,S2336496,S2336496,3,2023-08-22,0R,pAMR0,35,0,future_no_significant_rejection,1,0.015180687590309593
image_only,pair_000953,patient_d48fc489086a470f,S2330983,S2330983,2,2023-07-18,0R,pAMR0,2,S2343312,S2343312,4,2023-10-10,1R,pAMR0,84,0,future_no_significant_rejection,1,0.015180687590309593
image_only,pair_000954,patient_d48fc489086a470f,S2330983,S2330983,2,2023-07-18,0R,pAMR0,2,S2350730,S2350730,5,2023-11-28,2R,pAMR0,133,1,future_significant_rejection,1,0.015180687590309593
image_only,pair_000955,patient_d48fc489086a470f,S2330983,S2330983,2,2023-07-18,0R,pAMR0,2,S2412714,S2412714,6,2024-04-23,0R,pAMR0,280,0,future_no_significant_rejection,1,0.015180687590309593
image_only,pair_000956,patient_d48fc489086a470f,S2336496,S2336496,3,2023-08-22,0R,pAMR0,1,S2343312,S2343312,4,2023-10-10,1R,pAMR0,49,0,future_no_significant_rejection,1,0.05960460977822408
image_only,pair_000957,patient_d48fc489086a470f,S2336496,S2336496,3,2023-08-22,0R,pAMR0,1,S2350730,S2350730,5,2023-11-28,2R,pAMR0,98,1,future_significant_rejection,1,0.05960460977822408
image_only,pair_000958,patient_d48fc489086a470f,S2336496,S2336496,3,2023-08-22,0R,pAMR0,1,S2412714,S2412714,6,2024-04-23,0R,pAMR0,245,0,future_no_significant_rejection,1,0.05960460977822408
image_only,pair_000959,patient_d48fc489086a470f,S2343312,S2343312,4,2023-10-10,1R,pAMR0,1,S2350730,S2350730,5,2023-11-28,2R,pAMR0,49,1,future_significant_rejection,1,0.21214410987823995
image_only,pair_000960,patient_d48fc489086a470f,S2343312,S2343312,4,2023-10-10,1R,pAMR0,1,S2412714,S2412714,6,2024-04-23,0R,pAMR0,196,0,future_no_significant_rejection,1,0.21214410987823995
image_only,pair_001010,patient_dd2e6df63e5c36b4,S2330984,S2330984,1,2023-07-18,0R,pAMR0,3,S2334388,S2334388,2,2023-08-08,0R,pAMR0,21,0,future_no_significant_rejection,1,0.06182700582353518
image_only,pair_001011,patient_dd2e6df63e5c36b4,S2330984,S2330984,1,2023-07-18,0R,pAMR0,3,S2338783,S2338783,3,2023-09-05,0R,pAMR0,49,0,future_no_significant_rejection,1,0.06182700582353518
image_only,pair_001012,patient_dd2e6df63e5c36b4,S2330984,S2330984,1,2023-07-18,0R,pAMR0,3,S2343311,S2343311,4,2023-10-10,0R,pAMR0,84,0,future_no_significant_rejection,1,0.06182700582353518
image_only,pair_001013,patient_dd2e6df63e5c36b4,S2330984,S2330984,1,2023-07-18,0R,pAMR0,3,S2407940,S2407940,5,2024-02-20,0R,pAMR0,217,0,future_no_significant_rejection,1,0.06182700582353518
image_only,pair_001014,patient_dd2e6df63e5c36b4,S2330984,S2330984,1,2023-07-18,0R,pAMR0,3,S2421430,S2421430,6,2024-07-23,0R,pAMR0,371,0,future_no_significant_rejection,1,0.06182700582353518
image_only,pair_001015,patient_dd2e6df63e5c36b4,S2334388,S2334388,2,2023-08-08,0R,pAMR0,2,S2338783,S2338783,3,2023-09-05,0R,pAMR0,28,0,future_no_significant_rejection,1,0.07587884614849566
image_only,pair_001016,patient_dd2e6df63e5c36b4,S2334388,S2334388,2,2023-08-08,0R,pAMR0,2,S2343311,S2343311,4,2023-10-10,0R,pAMR0,63,0,future_no_significant_rejection,1,0.07587884614849566
image_only,pair_001017,patient_dd2e6df63e5c36b4,S2334388,S2334388,2,2023-08-08,0R,pAMR0,2,S2407940,S2407940,5,2024-02-20,0R,pAMR0,196,0,future_no_significant_rejection,1,0.07587884614849566
image_only,pair_001018,patient_dd2e6df63e5c36b4,S2334388,S2334388,2,2023-08-08,0R,pAMR0,2,S2421430,S2421430,6,2024-07-23,0R,pAMR0,350,0,future_no_significant_rejection,1,0.07587884614849566
image_only,pair_001019,patient_dd2e6df63e5c36b4,S2338783,S2338783,3,2023-09-05,0R,pAMR0,3,S2343311,S2343311,4,2023-10-10,0R,pAMR0,35,0,future_no_significant_rejection,1,0.01393932954806069
image_only,pair_001020,patient_dd2e6df63e5c36b4,S2338783,S2338783,3,2023-09-05,0R,pAMR0,3,S2407940,S2407940,5,2024-02-20,0R,pAMR0,168,0,future_no_significant_rejection,1,0.01393932954806069
image_only,pair_001021,patient_dd2e6df63e5c36b4,S2338783,S2338783,3,2023-09-05,0R,pAMR0,3,S2421430,S2421430,6,2024-07-23,0R,pAMR0,322,0,future_no_significant_rejection,1,0.01393932954806069
image_only,pair_001022,patient_dd2e6df63e5c36b4,S2343311,S2343311,4,2023-10-10,0R,pAMR0,1,S2407940,S2407940,5,2024-02-20,0R,pAMR0,133,0,future_no_significant_rejection,1,0.10244425263864616
image_only,pair_001023,patient_dd2e6df63e5c36b4,S2343311,S2343311,4,2023-10-10,0R,pAMR0,1,S2421430,S2421430,6,2024-07-23,0R,pAMR0,287,0,future_no_significant_rejection,1,0.10244425263864616
image_only,pair_001024,patient_dd2e6df63e5c36b4,S2407940,S2407940,5,2024-02-20,0R,pAMR0,1,S2421430,S2421430,6,2024-07-23,0R,pAMR0,154,0,future_no_significant_rejection,1,0.004663295660741876
image_only,pair_001052,patient_e430ff1077ac4267,S2418586,S2418586,1,2024-06-26,0R,pAMR0,4,S2421434,S2421434,2,2024-07-23,0R,pAMR0,27,0,future_no_significant_rejection,1,0.10965343042835751
image_only,pair_001053,patient_e430ff1077ac4267,S2418586,S2418586,1,2024-06-26,0R,pAMR0,4,S2429064,S2429064,3,2024-10-08,0R,pAMR0,104,0,future_no_significant_rejection,1,0.10965343042835751
image_only,pair_001054,patient_e430ff1077ac4267,S2418586,S2418586,1,2024-06-26,0R,pAMR0,4,S2431864,S2431864,4,2024-11-05,0R,pAMR0,132,0,future_no_significant_rejection,1,0.10965343042835751
image_only,pair_001055,patient_e430ff1077ac4267,S2418586,S2418586,1,2024-06-26,0R,pAMR0,4,S2436456,S2436456,5,2024-12-17,0R,pAMR1,174,1,future_significant_rejection,1,0.10965343042835751
image_only,pair_001056,patient_e430ff1077ac4267,S2418586,S2418586,1,2024-06-26,0R,pAMR0,4,S2502092,S2502092,6,2025-01-21,0R,pAMR0,209,0,future_no_significant_rejection,1,0.10965343042835751
image_only,pair_001057,patient_e430ff1077ac4267,S2421434,S2421434,2,2024-07-23,0R,pAMR0,6,S2429064,S2429064,3,2024-10-08,0R,pAMR0,77,0,future_no_significant_rejection,1,0.02614276914568329
image_only,pair_001058,patient_e430ff1077ac4267,S2421434,S2421434,2,2024-07-23,0R,pAMR0,6,S2431864,S2431864,4,2024-11-05,0R,pAMR0,105,0,future_no_significant_rejection,1,0.02614276914568329
image_only,pair_001059,patient_e430ff1077ac4267,S2421434,S2421434,2,2024-07-23,0R,pAMR0,6,S2436456,S2436456,5,2024-12-17,0R,pAMR1,147,1,future_significant_rejection,1,0.02614276914568329
image_only,pair_001060,patient_e430ff1077ac4267,S2421434,S2421434,2,2024-07-23,0R,pAMR0,6,S2502092,S2502092,6,2025-01-21,0R,pAMR0,182,0,future_no_significant_rejection,1,0.02614276914568329
image_only,pair_001061,patient_e430ff1077ac4267,S2429064,S2429064,3,2024-10-08,0R,pAMR0,6,S2431864,S2431864,4,2024-11-05,0R,pAMR0,28,0,future_no_significant_rejection,1,0.0176570006650148
image_only,pair_001062,patient_e430ff1077ac4267,S2429064,S2429064,3,2024-10-08,0R,pAMR0,6,S2436456,S2436456,5,2024-12-17,0R,pAMR1,70,1,future_significant_rejection,1,0.0176570006650148
image_only,pair_001063,patient_e430ff1077ac4267,S2429064,S2429064,3,2024-10-08,0R,pAMR0,6,S2502092,S2502092,6,2025-01-21,0R,pAMR0,105,0,future_no_significant_rejection,1,0.0176570006650148
image_only,pair_001064,patient_e430ff1077ac4267,S2431864,S2431864,4,2024-11-05,0R,pAMR0,2,S2436456,S2436456,5,2024-12-17,0R,pAMR1,42,1,future_significant_rejection,1,0.08878489787045962
image_only,pair_001065,patient_e430ff1077ac4267,S2431864,S2431864,4,2024-11-05,0R,pAMR0,2,S2502092,S2502092,6,2025-01-21,0R,pAMR0,77,0,future_no_significant_rejection,1,0.08878489787045962
image_only,pair_001161,patient_fe8ccc87e7ab7c65,S2208365,S2208365,1,2022-03-02,1R,pAMR0,4,S2210201,S2210201,2,2022-03-15,1R,pAMR0,13,0,future_no_significant_rejection,1,0.3391078814248594
image_only,pair_001162,patient_fe8ccc87e7ab7c65,S2208365,S2208365,1,2022-03-02,1R,pAMR0,4,S2215451,S2215451,3,2022-04-19,1R,pAMR0,48,0,future_no_significant_rejection,1,0.3391078814248594
image_only,pair_001163,patient_fe8ccc87e7ab7c65,S2208365,S2208365,1,2022-03-02,1R,pAMR0,4,S2226375,S2226375,4,2022-06-28,0R,pAMR0,118,0,future_no_significant_rejection,1,0.3391078814248594
image_only,pair_001164,patient_fe8ccc87e7ab7c65,S2208365,S2208365,1,2022-03-02,1R,pAMR0,4,S2233278,S2233278,5,2022-08-09,0R,pAMR0,160,0,future_no_significant_rejection,1,0.3391078814248594
image_only,pair_001165,patient_fe8ccc87e7ab7c65,S2208365,S2208365,1,2022-03-02,1R,pAMR0,4,S2247858,S2247858,6,2022-11-15,0R,pAMR0,258,0,future_no_significant_rejection,1,0.3391078814248594
image_only,pair_001166,patient_fe8ccc87e7ab7c65,S2208365,S2208365,1,2022-03-02,1R,pAMR0,4,S2308039,S2308039,7,2023-02-21,1R,pAMR0,356,0,future_no_significant_rejection,1,0.3391078814248594
image_only,pair_001167,patient_fe8ccc87e7ab7c65,S2210201,S2210201,2,2022-03-15,1R,pAMR0,3,S2215451,S2215451,3,2022-04-19,1R,pAMR0,35,0,future_no_significant_rejection,1,0.4513715773019051
image_only,pair_001168,patient_fe8ccc87e7ab7c65,S2210201,S2210201,2,2022-03-15,1R,pAMR0,3,S2226375,S2226375,4,2022-06-28,0R,pAMR0,105,0,future_no_significant_rejection,1,0.4513715773019051
image_only,pair_001169,patient_fe8ccc87e7ab7c65,S2210201,S2210201,2,2022-03-15,1R,pAMR0,3,S2233278,S2233278,5,2022-08-09,0R,pAMR0,147,0,future_no_significant_rejection,1,0.4513715773019051
image_only,pair_001170,patient_fe8ccc87e7ab7c65,S2210201,S2210201,2,2022-03-15,1R,pAMR0,3,S2247858,S2247858,6,2022-11-15,0R,pAMR0,245,0,future_no_significant_rejection,1,0.4513715773019051
image_only,pair_001171,patient_fe8ccc87e7ab7c65,S2210201,S2210201,2,2022-03-15,1R,pAMR0,3,S2308039,S2308039,7,2023-02-21,1R,pAMR0,343,0,future_no_significant_rejection,1,0.4513715773019051
image_only,pair_001172,patient_fe8ccc87e7ab7c65,S2215451,S2215451,3,2022-04-19,1R,pAMR0,1,S2226375,S2226375,4,2022-06-28,0R,pAMR0,70,0,future_no_significant_rejection,1,0.18700085977338965
image_only,pair_001173,patient_fe8ccc87e7ab7c65,S2215451,S2215451,3,2022-04-19,1R,pAMR0,1,S2233278,S2233278,5,2022-08-09,0R,pAMR0,112,0,future_no_significant_rejection,1,0.18700085977338965
image_only,pair_001174,patient_fe8ccc87e7ab7c65,S2215451,S2215451,3,2022-04-19,1R,pAMR0,1,S2247858,S2247858,6,2022-11-15,0R,pAMR0,210,0,future_no_significant_rejection,1,0.18700085977338965
image_only,pair_001175,patient_fe8ccc87e7ab7c65,S2215451,S2215451,3,2022-04-19,1R,pAMR0,1,S2308039,S2308039,7,2023-02-21,1R,pAMR0,308,0,future_no_significant_rejection,1,0.18700085977338965
image_only,pair_001176,patient_fe8ccc87e7ab7c65,S2226375,S2226375,4,2022-06-28,0R,pAMR0,1,S2233278,S2233278,5,2022-08-09,0R,pAMR0,42,0,future_no_significant_rejection,1,0.4070268126040317
image_only,pair_001177,patient_fe8ccc87e7ab7c65,S2226375,S2226375,4,2022-06-28,0R,pAMR0,1,S2247858,S2247858,6,2022-11-15,0R,pAMR0,140,0,future_no_significant_rejection,1,0.4070268126040317
image_only,pair_001178,patient_fe8ccc87e7ab7c65,S2226375,S2226375,4,2022-06-28,0R,pAMR0,1,S2308039,S2308039,7,2023-02-21,1R,pAMR0,238,0,future_no_significant_rejection,1,0.4070268126040317
image_only,pair_001179,patient_fe8ccc87e7ab7c65,S2233278,S2233278,5,2022-08-09,0R,pAMR0,1,S2247858,S2247858,6,2022-11-15,0R,pAMR0,98,0,future_no_significant_rejection,1,0.06929689864288907
image_only,pair_001180,patient_fe8ccc87e7ab7c65,S2233278,S2233278,5,2022-08-09,0R,pAMR0,1,S2308039,S2308039,7,2023-02-21,1R,pAMR0,196,0,future_no_significant_rejection,1,0.06929689864288907
image_only,pair_001181,patient_fe8ccc87e7ab7c65,S2247858,S2247858,6,2022-11-15,0R,pAMR0,1,S2308039,S2308039,7,2023-02-21,1R,pAMR0,98,0,future_no_significant_rejection,1,0.02484116469520678
image_only,pair_000002,patient_0349492572c92ab0,S2329754,S2329754,1,2023-07-11,0R,pAMR0,4,S2332143,S2332143,2,2023-07-25,1R,pAMR0,14,0,future_no_significant_rejection,2,0.2677658043477797
image_only,pair_000003,patient_0349492572c92ab0,S2329754,S2329754,1,2023-07-11,0R,pAMR0,4,S2342914,S2342914,3,2023-10-05,0R,pAMR0,86,0,future_no_significant_rejection,2,0.2677658043477797
image_only,pair_000004,patient_0349492572c92ab0,S2332143,S2332143,2,2023-07-25,1R,pAMR0,3,S2342914,S2342914,3,2023-10-05,0R,pAMR0,72,0,future_no_significant_rejection,2,0.09355199335402915
image_only,pair_000047,patient_110e1e825f43e305,S2314590,S2314590,1,2023-04-04,1R,pAMR0,5,S2318026,S2318026,2,2023-04-25,0R,pAMR0,21,0,future_no_significant_rejection,2,0.7275967680546966
image_only,pair_000048,patient_110e1e825f43e305,S2314590,S2314590,1,2023-04-04,1R,pAMR0,5,S2327486,S2327486,3,2023-06-27,0R,pAMR0,84,0,future_no_significant_rejection,2,0.7275967680546966
image_only,pair_000049,patient_110e1e825f43e305,S2314590,S2314590,1,2023-04-04,1R,pAMR0,5,S2334385,S2334385,4,2023-08-08,1R,pAMR0,126,0,future_no_significant_rejection,2,0.7275967680546966
image_only,pair_000050,patient_110e1e825f43e305,S2314590,S2314590,1,2023-04-04,1R,pAMR0,5,S2340935,S2340935,5,2023-09-19,1R,pAMR0,168,0,future_no_significant_rejection,2,0.7275967680546966
image_only,pair_000051,patient_110e1e825f43e305,S2314590,S2314590,1,2023-04-04,1R,pAMR0,5,S2353996,S2353996,6,2023-12-19,1R,pAMR0,259,0,future_no_significant_rejection,2,0.7275967680546966
image_only,pair_000052,patient_110e1e825f43e305,S2314590,S2314590,1,2023-04-04,1R,pAMR0,5,S2410453,S2410453,7,2024-03-26,0R,pAMR0,357,0,future_no_significant_rejection,2,0.7275967680546966
image_only,pair_000053,patient_110e1e825f43e305,S2318026,S2318026,2,2023-04-25,0R,pAMR0,1,S2327486,S2327486,3,2023-06-27,0R,pAMR0,63,0,future_no_significant_rejection,2,0.17483285697746712
image_only,pair_000054,patient_110e1e825f43e305,S2318026,S2318026,2,2023-04-25,0R,pAMR0,1,S2334385,S2334385,4,2023-08-08,1R,pAMR0,105,0,future_no_significant_rejection,2,0.17483285697746712
image_only,pair_000055,patient_110e1e825f43e305,S2318026,S2318026,2,2023-04-25,0R,pAMR0,1,S2340935,S2340935,5,2023-09-19,1R,pAMR0,147,0,future_no_significant_rejection,2,0.17483285697746712
image_only,pair_000056,patient_110e1e825f43e305,S2318026,S2318026,2,2023-04-25,0R,pAMR0,1,S2353996,S2353996,6,2023-12-19,1R,pAMR0,238,0,future_no_significant_rejection,2,0.17483285697746712
image_only,pair_000057,patient_110e1e825f43e305,S2318026,S2318026,2,2023-04-25,0R,pAMR0,1,S2410453,S2410453,7,2024-03-26,0R,pAMR0,336,0,future_no_significant_rejection,2,0.17483285697746712
image_only,pair_000058,patient_110e1e825f43e305,S2327486,S2327486,3,2023-06-27,0R,pAMR0,4,S2334385,S2334385,4,2023-08-08,1R,pAMR0,42,0,future_no_significant_rejection,2,0.21605952505315332
image_only,pair_000059,patient_110e1e825f43e305,S2327486,S2327486,3,2023-06-27,0R,pAMR0,4,S2340935,S2340935,5,2023-09-19,1R,pAMR0,84,0,future_no_significant_rejection,2,0.21605952505315332
image_only,pair_000060,patient_110e1e825f43e305,S2327486,S2327486,3,2023-06-27,0R,pAMR0,4,S2353996,S2353996,6,2023-12-19,1R,pAMR0,175,0,future_no_significant_rejection,2,0.21605952505315332
image_only,pair_000061,patient_110e1e825f43e305,S2327486,S2327486,3,2023-06-27,0R,pAMR0,4,S2410453,S2410453,7,2024-03-26,0R,pAMR0,273,0,future_no_significant_rejection,2,0.21605952505315332
image_only,pair_000062,patient_110e1e825f43e305,S2334385,S2334385,4,2023-08-08,1R,pAMR0,2,S2340935,S2340935,5,2023-09-19,1R,pAMR0,42,0,future_no_significant_rejection,2,0.041947604520613434
image_only,pair_000063,patient_110e1e825f43e305,S2334385,S2334385,4,2023-08-08,1R,pAMR0,2,S2353996,S2353996,6,2023-12-19,1R,pAMR0,133,0,future_no_significant_rejection,2,0.041947604520613434
image_only,pair_000064,patient_110e1e825f43e305,S2334385,S2334385,4,2023-08-08,1R,pAMR0,2,S2410453,S2410453,7,2024-03-26,0R,pAMR0,231,0,future_no_significant_rejection,2,0.041947604520613434
image_only,pair_000065,patient_110e1e825f43e305,S2340935,S2340935,5,2023-09-19,1R,pAMR0,2,S2353996,S2353996,6,2023-12-19,1R,pAMR0,91,0,future_no_significant_rejection,2,0.09696514859430022
image_only,pair_000066,patient_110e1e825f43e305,S2340935,S2340935,5,2023-09-19,1R,pAMR0,2,S2410453,S2410453,7,2024-03-26,0R,pAMR0,189,0,future_no_significant_rejection,2,0.09696514859430022
image_only,pair_000067,patient_110e1e825f43e305,S2353996,S2353996,6,2023-12-19,1R,pAMR0,1,S2410453,S2410453,7,2024-03-26,0R,pAMR0,98,0,future_no_significant_rejection,2,0.4499310879154143
image_only,pair_000069,patient_1bb6673f07107d9c,S2228789,S2228789,1,2022-07-12,0R,pAMR0,1,S2231091,S2231091,2,2022-07-26,1R,pAMR0,14,0,future_no_significant_rejection,2,0.3286750980500469
image_only,pair_000070,patient_1bb6673f07107d9c,S2228789,S2228789,1,2022-07-12,0R,pAMR0,1,S2234199,S2234199,3,2022-08-16,0R,pAMR0,35,0,future_no_significant_rejection,2,0.3286750980500469
image_only,pair_000071,patient_1bb6673f07107d9c,S2228789,S2228789,1,2022-07-12,0R,pAMR0,1,S2240726,S2240726,4,2022-09-27,0R,pAMR0,77,0,future_no_significant_rejection,2,0.3286750980500469
image_only,pair_000072,patient_1bb6673f07107d9c,S2228789,S2228789,1,2022-07-12,0R,pAMR0,1,S2311236,S2311236,5,2023-03-14,0R,pAMR0,245,0,future_no_significant_rejection,2,0.3286750980500469
image_only,pair_000073,patient_1bb6673f07107d9c,S2231091,S2231091,2,2022-07-26,1R,pAMR0,2,S2234199,S2234199,3,2022-08-16,0R,pAMR0,21,0,future_no_significant_rejection,2,0.29255158310606305
image_only,pair_000074,patient_1bb6673f07107d9c,S2231091,S2231091,2,2022-07-26,1R,pAMR0,2,S2240726,S2240726,4,2022-09-27,0R,pAMR0,63,0,future_no_significant_rejection,2,0.29255158310606305
image_only,pair_000075,patient_1bb6673f07107d9c,S2231091,S2231091,2,2022-07-26,1R,pAMR0,2,S2311236,S2311236,5,2023-03-14,0R,pAMR0,231,0,future_no_significant_rejection,2,0.29255158310606305
image_only,pair_000076,patient_1bb6673f07107d9c,S2234199,S2234199,3,2022-08-16,0R,pAMR0,1,S2240726,S2240726,4,2022-09-27,0R,pAMR0,42,0,future_no_significant_rejection,2,0.17261444318028418
image_only,pair_000077,patient_1bb6673f07107d9c,S2234199,S2234199,3,2022-08-16,0R,pAMR0,1,S2311236,S2311236,5,2023-03-14,0R,pAMR0,210,0,future_no_significant_rejection,2,0.17261444318028418
image_only,pair_000078,patient_1bb6673f07107d9c,S2240726,S2240726,4,2022-09-27,0R,pAMR0,1,S2311236,S2311236,5,2023-03-14,0R,pAMR0,168,0,future_no_significant_rejection,2,0.5283074876669648
image_only,pair_000079,patient_1d9bc9798ff5fad2,S2429062,S2429062,1,2024-10-08,0R,pAMR0,7,S2434915,S2434915,2,2024-12-03,1R,pAMR0,56,0,future_no_significant_rejection,2,0.302547116349605
image_only,pair_000080,patient_1d9bc9798ff5fad2,S2429062,S2429062,1,2024-10-08,0R,pAMR0,7,S2501300,S2501300,3,2025-01-14,0R,pAMR0,98,0,future_no_significant_rejection,2,0.302547116349605
image_only,pair_000081,patient_1d9bc9798ff5fad2,S2429062,S2429062,1,2024-10-08,0R,pAMR0,7,S2505507,S2505507,4,2025-02-25,0R,pAMR0,140,0,future_no_significant_rejection,2,0.302547116349605
image_only,pair_000082,patient_1d9bc9798ff5fad2,S2429062,S2429062,1,2024-10-08,0R,pAMR0,7,S2516971,S2516971,5,2025-06-10,0R,pAMR0,245,0,future_no_significant_rejection,2,0.302547116349605
image_only,pair_000083,patient_1d9bc9798ff5fad2,S2429062,S2429062,1,2024-10-08,0R,pAMR0,7,S2528218,S2528218,6,2025-09-09,0R,pAMR0,336,0,future_no_significant_rejection,2,0.302547116349605
image_only,pair_000084,patient_1d9bc9798ff5fad2,S2434915,S2434915,2,2024-12-03,1R,pAMR0,2,S2501300,S2501300,3,2025-01-14,0R,pAMR0,42,0,future_no_significant_rejection,2,0.4433964916459665
image_only,pair_000085,patient_1d9bc9798ff5fad2,S2434915,S2434915,2,2024-12-03,1R,pAMR0,2,S2505507,S2505507,4,2025-02-25,0R,pAMR0,84,0,future_no_significant_rejection,2,0.4433964916459665
image_only,pair_000086,patient_1d9bc9798ff5fad2,S2434915,S2434915,2,2024-12-03,1R,pAMR0,2,S2516971,S2516971,5,2025-06-10,0R,pAMR0,189,0,future_no_significant_rejection,2,0.4433964916459665
image_only,pair_000087,patient_1d9bc9798ff5fad2,S2434915,S2434915,2,2024-12-03,1R,pAMR0,2,S2528218,S2528218,6,2025-09-09,0R,pAMR0,280,0,future_no_significant_rejection,2,0.4433964916459665
image_only,pair_000088,patient_1d9bc9798ff5fad2,S2501300,S2501300,3,2025-01-14,0R,pAMR0,6,S2505507,S2505507,4,2025-02-25,0R,pAMR0,42,0,future_no_significant_rejection,2,0.2988350061214692
image_only,pair_000089,patient_1d9bc9798ff5fad2,S2501300,S2501300,3,2025-01-14,0R,pAMR0,6,S2516971,S2516971,5,2025-06-10,0R,pAMR0,147,0,future_no_significant_rejection,2,0.2988350061214692
image_only,pair_000090,patient_1d9bc9798ff5fad2,S2501300,S2501300,3,2025-01-14,0R,pAMR0,6,S2528218,S2528218,6,2025-09-09,0R,pAMR0,238,0,future_no_significant_rejection,2,0.2988350061214692
image_only,pair_000091,patient_1d9bc9798ff5fad2,S2505507,S2505507,4,2025-02-25,0R,pAMR0,1,S2516971,S2516971,5,2025-06-10,0R,pAMR0,105,0,future_no_significant_rejection,2,0.1201416246538971
image_only,pair_000092,patient_1d9bc9798ff5fad2,S2505507,S2505507,4,2025-02-25,0R,pAMR0,1,S2528218,S2528218,6,2025-09-09,0R,pAMR0,196,0,future_no_significant_rejection,2,0.1201416246538971
image_only,pair_000093,patient_1d9bc9798ff5fad2,S2516971,S2516971,5,2025-06-10,0R,pAMR0,6,S2528218,S2528218,6,2025-09-09,0R,pAMR0,91,0,future_no_significant_rejection,2,0.37942984576370997
image_only,pair_000186,patient_29c1ec61f11c3c6d,S2133154,S2133154,1,2021-08-03,0R,pAMR0,1,S2142821,S2142821,2,2021-10-05,0R,pAMR0,63,0,future_no_significant_rejection,2,0.24495926071207513
image_only,pair_000187,patient_29c1ec61f11c3c6d,S2133154,S2133154,1,2021-08-03,0R,pAMR0,1,S2156020,S2156020,3,2021-12-28,0R,pAMR0,147,0,future_no_significant_rejection,2,0.24495926071207513
image_only,pair_000188,patient_29c1ec61f11c3c6d,S2133154,S2133154,1,2021-08-03,0R,pAMR0,1,S2210205,S2210205,4,2022-03-15,0R,pAMR0,224,0,future_no_significant_rejection,2,0.24495926071207513
image_only,pair_000189,patient_29c1ec61f11c3c6d,S2142821,S2142821,2,2021-10-05,0R,pAMR0,1,S2156020,S2156020,3,2021-12-28,0R,pAMR0,84,0,future_no_significant_rejection,2,0.5672197471799907
image_only,pair_000190,patient_29c1ec61f11c3c6d,S2142821,S2142821,2,2021-10-05,0R,pAMR0,1,S2210205,S2210205,4,2022-03-15,0R,pAMR0,161,0,future_no_significant_rejection,2,0.5672197471799907
image_only,pair_000191,patient_29c1ec61f11c3c6d,S2156020,S2156020,3,2021-12-28,0R,pAMR0,1,S2210205,S2210205,4,2022-03-15,0R,pAMR0,77,0,future_no_significant_rejection,2,0.589980164797384
image_only,pair_000218,patient_2e5d461d7873e6f4,S2039743,S2039743,1,2020-10-20,1R,pAMR0,6,S2130898,S2130898,2,2021-07-19,0R,pAMR0,272,0,future_no_significant_rejection,2,0.016198737804800974
image_only,pair_000219,patient_2e5d461d7873e6f4,S2039743,S2039743,1,2020-10-20,1R,pAMR0,6,S2142815,S2142815,3,2021-10-05,1R,pAMR0,350,0,future_no_significant_rejection,2,0.016198737804800974
image_only,pair_000220,patient_2e5d461d7873e6f4,S2039743,S2039743,1,2020-10-20,1R,pAMR0,6,S2244727,S2244727,4,2022-10-25,0R,pAMR1,735,1,future_significant_rejection,2,0.016198737804800974
image_only,pair_000221,patient_2e5d461d7873e6f4,S2039743,S2039743,1,2020-10-20,1R,pAMR0,6,S2253528,S2253528,5,2022-12-20,1R,pAMR0,791,0,future_no_significant_rejection,2,0.016198737804800974
image_only,pair_000222,patient_2e5d461d7873e6f4,S2039743,S2039743,1,2020-10-20,1R,pAMR0,6,S2311235,S2311235,6,2023-03-14,0R,pAMR0,875,0,future_no_significant_rejection,2,0.016198737804800974
image_only,pair_000223,patient_2e5d461d7873e6f4,S2130898,S2130898,2,2021-07-19,0R,pAMR0,1,S2142815,S2142815,3,2021-10-05,1R,pAMR0,78,0,future_no_significant_rejection,2,0.18385463595037135
image_only,pair_000224,patient_2e5d461d7873e6f4,S2130898,S2130898,2,2021-07-19,0R,pAMR0,1,S2244727,S2244727,4,2022-10-25,0R,pAMR1,463,1,future_significant_rejection,2,0.18385463595037135
image_only,pair_000225,patient_2e5d461d7873e6f4,S2130898,S2130898,2,2021-07-19,0R,pAMR0,1,S2253528,S2253528,5,2022-12-20,1R,pAMR0,519,0,future_no_significant_rejection,2,0.18385463595037135
image_only,pair_000226,patient_2e5d461d7873e6f4,S2130898,S2130898,2,2021-07-19,0R,pAMR0,1,S2311235,S2311235,6,2023-03-14,0R,pAMR0,603,0,future_no_significant_rejection,2,0.18385463595037135
image_only,pair_000227,patient_2e5d461d7873e6f4,S2142815,S2142815,3,2021-10-05,1R,pAMR0,1,S2244727,S2244727,4,2022-10-25,0R,pAMR1,385,1,future_significant_rejection,2,0.1194777906416902
image_only,pair_000228,patient_2e5d461d7873e6f4,S2142815,S2142815,3,2021-10-05,1R,pAMR0,1,S2253528,S2253528,5,2022-12-20,1R,pAMR0,441,0,future_no_significant_rejection,2,0.1194777906416902
image_only,pair_000229,patient_2e5d461d7873e6f4,S2142815,S2142815,3,2021-10-05,1R,pAMR0,1,S2311235,S2311235,6,2023-03-14,0R,pAMR0,525,0,future_no_significant_rejection,2,0.1194777906416902
image_only,pair_000266,patient_33180b505ac426fd,S2434571,S2434571,1,2024-11-28,0R,pAMR0,6,S2501301,S2501301,2,2025-01-14,0R,pAMR0,47,0,future_no_significant_rejection,2,0.15774913655253286
image_only,pair_000267,patient_33180b505ac426fd,S2434571,S2434571,1,2024-11-28,0R,pAMR0,6,S2503128,S2503128,3,2025-02-04,0R,pAMR0,68,0,future_no_significant_rejection,2,0.15774913655253286
image_only,pair_000268,patient_33180b505ac426fd,S2434571,S2434571,1,2024-11-28,0R,pAMR0,6,S2511008,S2511008,4,2025-04-15,1R,pAMR0,138,0,future_no_significant_rejection,2,0.15774913655253286
image_only,pair_000269,patient_33180b505ac426fd,S2434571,S2434571,1,2024-11-28,0R,pAMR0,6,S2515598,S2515598,5,2025-05-27,0R,pAMR0,180,0,future_no_significant_rejection,2,0.15774913655253286
image_only,pair_000270,patient_33180b505ac426fd,S2434571,S2434571,1,2024-11-28,0R,pAMR0,6,S2521240,S2521240,6,2025-07-15,1R,pAMR0,229,0,future_no_significant_rejection,2,0.15774913655253286
image_only,pair_000271,patient_33180b505ac426fd,S2501301,S2501301,2,2025-01-14,0R,pAMR0,3,S2503128,S2503128,3,2025-02-04,0R,pAMR0,21,0,future_no_significant_rejection,2,0.23213279480146415
image_only,pair_000272,patient_33180b505ac426fd,S2501301,S2501301,2,2025-01-14,0R,pAMR0,3,S2511008,S2511008,4,2025-04-15,1R,pAMR0,91,0,future_no_significant_rejection,2,0.23213279480146415
image_only,pair_000273,patient_33180b505ac426fd,S2501301,S2501301,2,2025-01-14,0R,pAMR0,3,S2515598,S2515598,5,2025-05-27,0R,pAMR0,133,0,future_no_significant_rejection,2,0.23213279480146415
image_only,pair_000274,patient_33180b505ac426fd,S2501301,S2501301,2,2025-01-14,0R,pAMR0,3,S2521240,S2521240,6,2025-07-15,1R,pAMR0,182,0,future_no_significant_rejection,2,0.23213279480146415
image_only,pair_000275,patient_33180b505ac426fd,S2503128,S2503128,3,2025-02-04,0R,pAMR0,3,S2511008,S2511008,4,2025-04-15,1R,pAMR0,70,0,future_no_significant_rejection,2,0.530889088505514
image_only,pair_000276,patient_33180b505ac426fd,S2503128,S2503128,3,2025-02-04,0R,pAMR0,3,S2515598,S2515598,5,2025-05-27,0R,pAMR0,112,0,future_no_significant_rejection,2,0.530889088505514
image_only,pair_000277,patient_33180b505ac426fd,S2503128,S2503128,3,2025-02-04,0R,pAMR0,3,S2521240,S2521240,6,2025-07-15,1R,pAMR0,161,0,future_no_significant_rejection,2,0.530889088505514
image_only,pair_000278,patient_33180b505ac426fd,S2511008,S2511008,4,2025-04-15,1R,pAMR0,9,S2515598,S2515598,5,2025-05-27,0R,pAMR0,42,0,future_no_significant_rejection,2,0.35053485963176106
image_only,pair_000279,patient_33180b505ac426fd,S2511008,S2511008,4,2025-04-15,1R,pAMR0,9,S2521240,S2521240,6,2025-07-15,1R,pAMR0,91,0,future_no_significant_rejection,2,0.35053485963176106
image_only,pair_000280,patient_33180b505ac426fd,S2515598,S2515598,5,2025-05-27,0R,pAMR0,1,S2521240,S2521240,6,2025-07-15,1R,pAMR0,49,0,future_no_significant_rejection,2,0.4496275680435235
image_only,pair_000312,patient_3840f67f21017b79,S2222833,S2222833,1,2022-06-07,0R,pAMR0,3,S2225223,S2225223,2,2022-06-21,1R,pAMR0,14,0,future_no_significant_rejection,2,0.4446209825984023
image_only,pair_000313,patient_3840f67f21017b79,S2222833,S2222833,1,2022-06-07,0R,pAMR0,3,S2229971,S2229971,3,2022-07-19,1R,pAMR0,42,0,future_no_significant_rejection,2,0.4446209825984023
image_only,pair_000314,patient_3840f67f21017b79,S2222833,S2222833,1,2022-06-07,0R,pAMR0,3,S2235317,S2235317,4,2022-08-23,1R,pAMR0,77,0,future_no_significant_rejection,2,0.4446209825984023
image_only,pair_000315,patient_3840f67f21017b79,S2222833,S2222833,1,2022-06-07,0R,pAMR0,3,S2241563,S2241563,5,2022-10-04,1R,pAMR0,119,0,future_no_significant_rejection,2,0.4446209825984023
image_only,pair_000316,patient_3840f67f21017b79,S2222833,S2222833,1,2022-06-07,0R,pAMR0,3,S2250152,S2250152,6,2022-11-29,1R,pAMR0,175,0,future_no_significant_rejection,2,0.4446209825984023
image_only,pair_000317,patient_3840f67f21017b79,S2222833,S2222833,1,2022-06-07,0R,pAMR0,3,S2308042,S2308042,7,2023-02-21,0R,pAMR0,259,0,future_no_significant_rejection,2,0.4446209825984023
image_only,pair_000318,patient_3840f67f21017b79,S2222833,S2222833,1,2022-06-07,0R,pAMR0,3,S2323102,S2323102,8,2023-05-30,0R,pAMR0,357,0,future_no_significant_rejection,2,0.4446209825984023
image_only,pair_000319,patient_3840f67f21017b79,S2225223,S2225223,2,2022-06-21,1R,pAMR0,3,S2229971,S2229971,3,2022-07-19,1R,pAMR0,28,0,future_no_significant_rejection,2,0.507675503476981
image_only,pair_000320,patient_3840f67f21017b79,S2225223,S2225223,2,2022-06-21,1R,pAMR0,3,S2235317,S2235317,4,2022-08-23,1R,pAMR0,63,0,future_no_significant_rejection,2,0.507675503476981
image_only,pair_000321,patient_3840f67f21017b79,S2225223,S2225223,2,2022-06-21,1R,pAMR0,3,S2241563,S2241563,5,2022-10-04,1R,pAMR0,105,0,future_no_significant_rejection,2,0.507675503476981
image_only,pair_000322,patient_3840f67f21017b79,S2225223,S2225223,2,2022-06-21,1R,pAMR0,3,S2250152,S2250152,6,2022-11-29,1R,pAMR0,161,0,future_no_significant_rejection,2,0.507675503476981
image_only,pair_000323,patient_3840f67f21017b79,S2225223,S2225223,2,2022-06-21,1R,pAMR0,3,S2308042,S2308042,7,2023-02-21,0R,pAMR0,245,0,future_no_significant_rejection,2,0.507675503476981
image_only,pair_000324,patient_3840f67f21017b79,S2225223,S2225223,2,2022-06-21,1R,pAMR0,3,S2323102,S2323102,8,2023-05-30,0R,pAMR0,343,0,future_no_significant_rejection,2,0.507675503476981
image_only,pair_000325,patient_3840f67f21017b79,S2229971,S2229971,3,2022-07-19,1R,pAMR0,1,S2235317,S2235317,4,2022-08-23,1R,pAMR0,35,0,future_no_significant_rejection,2,0.3448982894909303
image_only,pair_000326,patient_3840f67f21017b79,S2229971,S2229971,3,2022-07-19,1R,pAMR0,1,S2241563,S2241563,5,2022-10-04,1R,pAMR0,77,0,future_no_significant_rejection,2,0.3448982894909303
image_only,pair_000327,patient_3840f67f21017b79,S2229971,S2229971,3,2022-07-19,1R,pAMR0,1,S2250152,S2250152,6,2022-11-29,1R,pAMR0,133,0,future_no_significant_rejection,2,0.3448982894909303
image_only,pair_000328,patient_3840f67f21017b79,S2229971,S2229971,3,2022-07-19,1R,pAMR0,1,S2308042,S2308042,7,2023-02-21,0R,pAMR0,217,0,future_no_significant_rejection,2,0.3448982894909303
image_only,pair_000329,patient_3840f67f21017b79,S2229971,S2229971,3,2022-07-19,1R,pAMR0,1,S2323102,S2323102,8,2023-05-30,0R,pAMR0,315,0,future_no_significant_rejection,2,0.3448982894909303
image_only,pair_000330,patient_3840f67f21017b79,S2235317,S2235317,4,2022-08-23,1R,pAMR0,3,S2241563,S2241563,5,2022-10-04,1R,pAMR0,42,0,future_no_significant_rejection,2,0.6253138941919503
image_only,pair_000331,patient_3840f67f21017b79,S2235317,S2235317,4,2022-08-23,1R,pAMR0,3,S2250152,S2250152,6,2022-11-29,1R,pAMR0,98,0,future_no_significant_rejection,2,0.6253138941919503
image_only,pair_000332,patient_3840f67f21017b79,S2235317,S2235317,4,2022-08-23,1R,pAMR0,3,S2308042,S2308042,7,2023-02-21,0R,pAMR0,182,0,future_no_significant_rejection,2,0.6253138941919503
image_only,pair_000333,patient_3840f67f21017b79,S2235317,S2235317,4,2022-08-23,1R,pAMR0,3,S2323102,S2323102,8,2023-05-30,0R,pAMR0,280,0,future_no_significant_rejection,2,0.6253138941919503
image_only,pair_000334,patient_3840f67f21017b79,S2241563,S2241563,5,2022-10-04,1R,pAMR0,3,S2250152,S2250152,6,2022-11-29,1R,pAMR0,56,0,future_no_significant_rejection,2,0.3642837123890409
image_only,pair_000335,patient_3840f67f21017b79,S2241563,S2241563,5,2022-10-04,1R,pAMR0,3,S2308042,S2308042,7,2023-02-21,0R,pAMR0,140,0,future_no_significant_rejection,2,0.3642837123890409
image_only,pair_000336,patient_3840f67f21017b79,S2241563,S2241563,5,2022-10-04,1R,pAMR0,3,S2323102,S2323102,8,2023-05-30,0R,pAMR0,238,0,future_no_significant_rejection,2,0.3642837123890409
image_only,pair_000337,patient_3840f67f21017b79,S2250152,S2250152,6,2022-11-29,1R,pAMR0,3,S2308042,S2308042,7,2023-02-21,0R,pAMR0,84,0,future_no_significant_rejection,2,0.3747915667157138
image_only,pair_000338,patient_3840f67f21017b79,S2250152,S2250152,6,2022-11-29,1R,pAMR0,3,S2323102,S2323102,8,2023-05-30,0R,pAMR0,182,0,future_no_significant_rejection,2,0.3747915667157138
image_only,pair_000339,patient_3840f67f21017b79,S2308042,S2308042,7,2023-02-21,0R,pAMR0,1,S2323102,S2323102,8,2023-05-30,0R,pAMR0,98,0,future_no_significant_rejection,2,0.3119504724249772
image_only,pair_000340,patient_3b33f0c3a0f54d90,S2032124,S2032124,1,2020-08-11,0R,pAMR0,1,S2047227,S2047227,2,2020-11-27,1R,pAMR2,108,1,future_significant_rejection,2,0.24418818779808243
image_only,pair_000341,patient_3fc4b14a03335d7f,S2202569,S2202569,1,2022-01-18,1R,pAMR0,7,S2203739,S2203739,2,2022-01-25,1R,pAMR0,7,0,future_no_significant_rejection,2,0.6570166178980663
image_only,pair_000342,patient_3fc4b14a03335d7f,S2202569,S2202569,1,2022-01-18,1R,pAMR0,7,S2206286,S2206286,3,2022-02-15,0R,pAMR0,28,0,future_no_significant_rejection,2,0.6570166178980663
image_only,pair_000343,patient_3fc4b14a03335d7f,S2202569,S2202569,1,2022-01-18,1R,pAMR0,7,S2212215,S2212215,4,2022-03-29,1R,pAMR0,70,0,future_no_significant_rejection,2,0.6570166178980663
image_only,pair_000344,patient_3fc4b14a03335d7f,S2202569,S2202569,1,2022-01-18,1R,pAMR0,7,S2217673,S2217673,5,2022-05-03,0R,pAMR0,105,0,future_no_significant_rejection,2,0.6570166178980663
image_only,pair_000345,patient_3fc4b14a03335d7f,S2202569,S2202569,1,2022-01-18,1R,pAMR0,7,S2225224,S2225224,6,2022-06-21,0R,pAMR0,154,0,future_no_significant_rejection,2,0.6570166178980663
image_only,pair_000346,patient_3fc4b14a03335d7f,S2202569,S2202569,1,2022-01-18,1R,pAMR0,7,S2240720,S2240720,7,2022-09-27,1R,pAMR0,252,0,future_no_significant_rejection,2,0.6570166178980663
image_only,pair_000347,patient_3fc4b14a03335d7f,S2203739,S2203739,2,2022-01-25,1R,pAMR0,5,S2206286,S2206286,3,2022-02-15,0R,pAMR0,21,0,future_no_significant_rejection,2,0.4209129412186399
image_only,pair_000348,patient_3fc4b14a03335d7f,S2203739,S2203739,2,2022-01-25,1R,pAMR0,5,S2212215,S2212215,4,2022-03-29,1R,pAMR0,63,0,future_no_significant_rejection,2,0.4209129412186399
image_only,pair_000349,patient_3fc4b14a03335d7f,S2203739,S2203739,2,2022-01-25,1R,pAMR0,5,S2217673,S2217673,5,2022-05-03,0R,pAMR0,98,0,future_no_significant_rejection,2,0.4209129412186399
image_only,pair_000350,patient_3fc4b14a03335d7f,S2203739,S2203739,2,2022-01-25,1R,pAMR0,5,S2225224,S2225224,6,2022-06-21,0R,pAMR0,147,0,future_no_significant_rejection,2,0.4209129412186399
image_only,pair_000351,patient_3fc4b14a03335d7f,S2203739,S2203739,2,2022-01-25,1R,pAMR0,5,S2240720,S2240720,7,2022-09-27,1R,pAMR0,245,0,future_no_significant_rejection,2,0.4209129412186399
image_only,pair_000352,patient_3fc4b14a03335d7f,S2206286,S2206286,3,2022-02-15,0R,pAMR0,3,S2212215,S2212215,4,2022-03-29,1R,pAMR0,42,0,future_no_significant_rejection,2,0.16245953353790676
image_only,pair_000353,patient_3fc4b14a03335d7f,S2206286,S2206286,3,2022-02-15,0R,pAMR0,3,S2217673,S2217673,5,2022-05-03,0R,pAMR0,77,0,future_no_significant_rejection,2,0.16245953353790676
image_only,pair_000354,patient_3fc4b14a03335d7f,S2206286,S2206286,3,2022-02-15,0R,pAMR0,3,S2225224,S2225224,6,2022-06-21,0R,pAMR0,126,0,future_no_significant_rejection,2,0.16245953353790676
image_only,pair_000355,patient_3fc4b14a03335d7f,S2206286,S2206286,3,2022-02-15,0R,pAMR0,3,S2240720,S2240720,7,2022-09-27,1R,pAMR0,224,0,future_no_significant_rejection,2,0.16245953353790676
image_only,pair_000356,patient_3fc4b14a03335d7f,S2212215,S2212215,4,2022-03-29,1R,pAMR0,1,S2217673,S2217673,5,2022-05-03,0R,pAMR0,35,0,future_no_significant_rejection,2,0.7025013415773506
image_only,pair_000357,patient_3fc4b14a03335d7f,S2212215,S2212215,4,2022-03-29,1R,pAMR0,1,S2225224,S2225224,6,2022-06-21,0R,pAMR0,84,0,future_no_significant_rejection,2,0.7025013415773506
image_only,pair_000358,patient_3fc4b14a03335d7f,S2212215,S2212215,4,2022-03-29,1R,pAMR0,1,S2240720,S2240720,7,2022-09-27,1R,pAMR0,182,0,future_no_significant_rejection,2,0.7025013415773506
image_only,pair_000359,patient_3fc4b14a03335d7f,S2217673,S2217673,5,2022-05-03,0R,pAMR0,1,S2225224,S2225224,6,2022-06-21,0R,pAMR0,49,0,future_no_significant_rejection,2,0.6144788204343478
image_only,pair_000360,patient_3fc4b14a03335d7f,S2217673,S2217673,5,2022-05-03,0R,pAMR0,1,S2240720,S2240720,7,2022-09-27,1R,pAMR0,147,0,future_no_significant_rejection,2,0.6144788204343478
image_only,pair_000361,patient_3fc4b14a03335d7f,S2225224,S2225224,6,2022-06-21,0R,pAMR0,1,S2240720,S2240720,7,2022-09-27,1R,pAMR0,98,0,future_no_significant_rejection,2,0.4882406342342001
image_only,pair_000401,patient_46cfa1714c823433,S2350728,S2350728,1,2023-11-28,0R,pAMR0,1,S2353999,S2353999,2,2023-12-19,0R,pAMR0,21,0,future_no_significant_rejection,2,0.2720393584217572
image_only,pair_000402,patient_46cfa1714c823433,S2350728,S2350728,1,2023-11-28,0R,pAMR0,1,S2414957,S2414957,3,2024-05-21,0R,pAMR0,175,0,future_no_significant_rejection,2,0.2720393584217572
image_only,pair_000403,patient_46cfa1714c823433,S2350728,S2350728,1,2023-11-28,0R,pAMR0,1,S2423619,S2423619,4,2024-08-13,0R,pAMR0,259,0,future_no_significant_rejection,2,0.2720393584217572
image_only,pair_000404,patient_46cfa1714c823433,S2353999,S2353999,2,2023-12-19,0R,pAMR0,1,S2414957,S2414957,3,2024-05-21,0R,pAMR0,154,0,future_no_significant_rejection,2,0.35092508513552195
image_only,pair_000405,patient_46cfa1714c823433,S2353999,S2353999,2,2023-12-19,0R,pAMR0,1,S2423619,S2423619,4,2024-08-13,0R,pAMR0,238,0,future_no_significant_rejection,2,0.35092508513552195
image_only,pair_000406,patient_46cfa1714c823433,S2414957,S2414957,3,2024-05-21,0R,pAMR0,2,S2423619,S2423619,4,2024-08-13,0R,pAMR0,84,0,future_no_significant_rejection,2,0.5472897565158729
image_only,pair_000466,patient_503148ddee5b72e0,S2229537,S2229537,1,2022-07-15,1R,pAMR0,4,S2237601,S2237601,2,2022-09-06,0R,pAMR0,53,0,future_no_significant_rejection,2,0.713221879663073
image_only,pair_000467,patient_503148ddee5b72e0,S2229537,S2229537,1,2022-07-15,1R,pAMR0,4,S2312320,S2312320,3,2023-03-21,1R,pAMR0,249,0,future_no_significant_rejection,2,0.713221879663073
image_only,pair_000468,patient_503148ddee5b72e0,S2229537,S2229537,1,2022-07-15,1R,pAMR0,4,S2327485,S2327485,4,2023-06-27,0R,pAMR0,347,0,future_no_significant_rejection,2,0.713221879663073
image_only,pair_000469,patient_503148ddee5b72e0,S2237601,S2237601,2,2022-09-06,0R,pAMR0,1,S2312320,S2312320,3,2023-03-21,1R,pAMR0,196,0,future_no_significant_rejection,2,0.5327846180094095
image_only,pair_000470,patient_503148ddee5b72e0,S2237601,S2237601,2,2022-09-06,0R,pAMR0,1,S2327485,S2327485,4,2023-06-27,0R,pAMR0,294,0,future_no_significant_rejection,2,0.5327846180094095
image_only,pair_000471,patient_503148ddee5b72e0,S2312320,S2312320,3,2023-03-21,1R,pAMR0,1,S2327485,S2327485,4,2023-06-27,0R,pAMR0,98,0,future_no_significant_rejection,2,0.18837259151670852
image_only,pair_000472,patient_5a68de4c65c56662,S2235518,S2235518,1,2022-08-24,0R,pAMR0,4,S2238299,S2238299,2,2022-09-13,1R,pAMR0,20,0,future_no_significant_rejection,2,0.3518270177197284
image_only,pair_000473,patient_5a68de4c65c56662,S2235518,S2235518,1,2022-08-24,0R,pAMR0,4,S2242500,S2242500,3,2022-10-11,0R,pAMR0,48,0,future_no_significant_rejection,2,0.3518270177197284
image_only,pair_000474,patient_5a68de4c65c56662,S2235518,S2235518,1,2022-08-24,0R,pAMR0,4,S2246786,S2246786,4,2022-11-08,0R,pAMR0,76,0,future_no_significant_rejection,2,0.3518270177197284
image_only,pair_000475,patient_5a68de4c65c56662,S2235518,S2235518,1,2022-08-24,0R,pAMR0,4,S2254886,S2254886,5,2022-12-28,0R,pAMR0,126,0,future_no_significant_rejection,2,0.3518270177197284
image_only,pair_000476,patient_5a68de4c65c56662,S2238299,S2238299,2,2022-09-13,1R,pAMR0,3,S2242500,S2242500,3,2022-10-11,0R,pAMR0,28,0,future_no_significant_rejection,2,0.4876978833593224
image_only,pair_000477,patient_5a68de4c65c56662,S2238299,S2238299,2,2022-09-13,1R,pAMR0,3,S2246786,S2246786,4,2022-11-08,0R,pAMR0,56,0,future_no_significant_rejection,2,0.4876978833593224
image_only,pair_000478,patient_5a68de4c65c56662,S2238299,S2238299,2,2022-09-13,1R,pAMR0,3,S2254886,S2254886,5,2022-12-28,0R,pAMR0,106,0,future_no_significant_rejection,2,0.4876978833593224
image_only,pair_000479,patient_5a68de4c65c56662,S2242500,S2242500,3,2022-10-11,0R,pAMR0,1,S2246786,S2246786,4,2022-11-08,0R,pAMR0,28,0,future_no_significant_rejection,2,0.5406598966594844
image_only,pair_000480,patient_5a68de4c65c56662,S2242500,S2242500,3,2022-10-11,0R,pAMR0,1,S2254886,S2254886,5,2022-12-28,0R,pAMR0,78,0,future_no_significant_rejection,2,0.5406598966594844
image_only,pair_000481,patient_5a68de4c65c56662,S2246786,S2246786,4,2022-11-08,0R,pAMR0,1,S2254886,S2254886,5,2022-12-28,0R,pAMR0,50,0,future_no_significant_rejection,2,0.20538772581515438
image_only,pair_000507,patient_69d6941869afda05,S2206289,S2206289,1,2022-02-15,1R,pAMR0,3,S2210209,S2210209,2,2022-03-15,2R,pAMR0,28,1,future_significant_rejection,2,0.45984360963286786
image_only,pair_000508,patient_69d6941869afda05,S2206289,S2206289,1,2022-02-15,1R,pAMR0,3,S2214323,S2214323,3,2022-04-12,0R,pAMR0,56,0,future_no_significant_rejection,2,0.45984360963286786
image_only,pair_000509,patient_69d6941869afda05,S2206289,S2206289,1,2022-02-15,1R,pAMR0,3,S2219751,S2219751,4,2022-05-17,1R,pAMR0,91,0,future_no_significant_rejection,2,0.45984360963286786
image_only,pair_000510,patient_69d6941869afda05,S2206289,S2206289,1,2022-02-15,1R,pAMR0,3,S2224010,S2224010,5,2022-06-14,1R,pAMR0,119,0,future_no_significant_rejection,2,0.45984360963286786
image_only,pair_000511,patient_69d6941869afda05,S2206289,S2206289,1,2022-02-15,1R,pAMR0,3,S2232194,S2232194,6,2022-08-02,0R,pAMR0,168,0,future_no_significant_rejection,2,0.45984360963286786
image_only,pair_000512,patient_69d6941869afda05,S2206289,S2206289,1,2022-02-15,1R,pAMR0,3,S2241565,S2241565,7,2022-10-04,0R,pAMR0,231,0,future_no_significant_rejection,2,0.45984360963286786
image_only,pair_000513,patient_69d6941869afda05,S2206289,S2206289,1,2022-02-15,1R,pAMR0,3,S2253524,S2253524,8,2022-12-20,1R,pAMR0,308,0,future_no_significant_rejection,2,0.45984360963286786
image_only,pair_000532,patient_6e852ae1e67cc6a5,S2521239,S2521239,1,2025-07-15,0R,pAMR0,1,S2522994,S2522994,2,2025-07-29,0R,pAMR0,14,0,future_no_significant_rejection,2,0.07703039176748035
image_only,pair_000533,patient_6e852ae1e67cc6a5,S2521239,S2521239,1,2025-07-15,0R,pAMR0,1,S2526362,S2526362,3,2025-08-26,0R,pAMR0,42,0,future_no_significant_rejection,2,0.07703039176748035
image_only,pair_000534,patient_6e852ae1e67cc6a5,S2521239,S2521239,1,2025-07-15,0R,pAMR0,1,S2530049,S2530049,4,2025-09-23,0R,pAMR0,70,0,future_no_significant_rejection,2,0.07703039176748035
image_only,pair_000535,patient_6e852ae1e67cc6a5,S2522994,S2522994,2,2025-07-29,0R,pAMR0,1,S2526362,S2526362,3,2025-08-26,0R,pAMR0,28,0,future_no_significant_rejection,2,0.25757757264639647
image_only,pair_000536,patient_6e852ae1e67cc6a5,S2522994,S2522994,2,2025-07-29,0R,pAMR0,1,S2530049,S2530049,4,2025-09-23,0R,pAMR0,56,0,future_no_significant_rejection,2,0.25757757264639647
image_only,pair_000537,patient_6e852ae1e67cc6a5,S2526362,S2526362,3,2025-08-26,0R,pAMR0,5,S2530049,S2530049,4,2025-09-23,0R,pAMR0,28,0,future_no_significant_rejection,2,0.31122390898096214
image_only,pair_000564,patient_71a52624c9074da6,S2320992,S2320992,1,2023-05-17,0R,pAMR0,2,S2325142,S2325142,2,2023-06-13,0R,pAMR0,27,0,future_no_significant_rejection,2,0.027717320560449597
image_only,pair_000565,patient_71a52624c9074da6,S2320992,S2320992,1,2023-05-17,0R,pAMR0,2,S2330985,S2330985,3,2023-07-18,0R,pAMR0,62,0,future_no_significant_rejection,2,0.027717320560449597
image_only,pair_000566,patient_71a52624c9074da6,S2320992,S2320992,1,2023-05-17,0R,pAMR0,2,S2336494,S2336494,4,2023-08-22,0R,pAMR0,97,0,future_no_significant_rejection,2,0.027717320560449597
image_only,pair_000567,patient_71a52624c9074da6,S2320992,S2320992,1,2023-05-17,0R,pAMR0,2,S2344458,S2344458,5,2023-10-17,0R,pAMR0,153,0,future_no_significant_rejection,2,0.027717320560449597
image_only,pair_000568,patient_71a52624c9074da6,S2320992,S2320992,1,2023-05-17,0R,pAMR0,2,S2352827,S2352827,6,2023-12-12,0R,pAMR0,209,0,future_no_significant_rejection,2,0.027717320560449597
image_only,pair_000569,patient_71a52624c9074da6,S2325142,S2325142,2,2023-06-13,0R,pAMR0,1,S2330985,S2330985,3,2023-07-18,0R,pAMR0,35,0,future_no_significant_rejection,2,0.4824849578208848
image_only,pair_000570,patient_71a52624c9074da6,S2325142,S2325142,2,2023-06-13,0R,pAMR0,1,S2336494,S2336494,4,2023-08-22,0R,pAMR0,70,0,future_no_significant_rejection,2,0.4824849578208848
image_only,pair_000571,patient_71a52624c9074da6,S2325142,S2325142,2,2023-06-13,0R,pAMR0,1,S2344458,S2344458,5,2023-10-17,0R,pAMR0,126,0,future_no_significant_rejection,2,0.4824849578208848
image_only,pair_000572,patient_71a52624c9074da6,S2325142,S2325142,2,2023-06-13,0R,pAMR0,1,S2352827,S2352827,6,2023-12-12,0R,pAMR0,182,0,future_no_significant_rejection,2,0.4824849578208848
image_only,pair_000573,patient_71a52624c9074da6,S2330985,S2330985,3,2023-07-18,0R,pAMR0,1,S2336494,S2336494,4,2023-08-22,0R,pAMR0,35,0,future_no_significant_rejection,2,0.5785333983347498
image_only,pair_000574,patient_71a52624c9074da6,S2330985,S2330985,3,2023-07-18,0R,pAMR0,1,S2344458,S2344458,5,2023-10-17,0R,pAMR0,91,0,future_no_significant_rejection,2,0.5785333983347498
image_only,pair_000575,patient_71a52624c9074da6,S2330985,S2330985,3,2023-07-18,0R,pAMR0,1,S2352827,S2352827,6,2023-12-12,0R,pAMR0,147,0,future_no_significant_rejection,2,0.5785333983347498
image_only,pair_000576,patient_71a52624c9074da6,S2336494,S2336494,4,2023-08-22,0R,pAMR0,1,S2344458,S2344458,5,2023-10-17,0R,pAMR0,56,0,future_no_significant_rejection,2,0.35573245358939776
image_only,pair_000577,patient_71a52624c9074da6,S2336494,S2336494,4,2023-08-22,0R,pAMR0,1,S2352827,S2352827,6,2023-12-12,0R,pAMR0,112,0,future_no_significant_rejection,2,0.35573245358939776
image_only,pair_000578,patient_71a52624c9074da6,S2344458,S2344458,5,2023-10-17,0R,pAMR0,1,S2352827,S2352827,6,2023-12-12,0R,pAMR0,56,0,future_no_significant_rejection,2,0.37001023650307774
image_only,pair_000579,patient_780d5b318208b01a,S2339819,S2339819,1,2023-09-12,1R,pAMR0,3,S2406753,S2406753,2,2024-02-13,0R,pAMR0,154,0,future_no_significant_rejection,2,0.44106491769184974
image_only,pair_000580,patient_780d5b318208b01a,S2339819,S2339819,1,2023-09-12,1R,pAMR0,3,S2423616,S2423616,3,2024-08-13,0R,pAMR0,336,0,future_no_significant_rejection,2,0.44106491769184974
image_only,pair_000581,patient_780d5b318208b01a,S2406753,S2406753,2,2024-02-13,0R,pAMR0,7,S2423616,S2423616,3,2024-08-13,0R,pAMR0,182,0,future_no_significant_rejection,2,0.30650542330884895
image_only,pair_000583,patient_79f0ef3e7f376fdb,S2352429,S2352429,1,2023-12-08,0R,pAMR0,3,S2406038,S2406038,2,2024-02-06,0R,pAMR0,60,0,future_no_significant_rejection,2,0.21850758358680822
image_only,pair_000584,patient_79f0ef3e7f376fdb,S2352429,S2352429,1,2023-12-08,0R,pAMR0,3,S2409390,S2409390,3,2024-03-12,0R,pAMR0,95,0,future_no_significant_rejection,2,0.21850758358680822
image_only,pair_000585,patient_79f0ef3e7f376fdb,S2352429,S2352429,1,2023-12-08,0R,pAMR0,3,S2413768,S2413768,4,2024-05-07,0R,pAMR0,151,0,future_no_significant_rejection,2,0.21850758358680822
image_only,pair_000586,patient_79f0ef3e7f376fdb,S2352429,S2352429,1,2023-12-08,0R,pAMR0,3,S2431862,S2431862,5,2024-11-05,0R,pAMR0,333,0,future_no_significant_rejection,2,0.21850758358680822
image_only,pair_000587,patient_79f0ef3e7f376fdb,S2406038,S2406038,2,2024-02-06,0R,pAMR0,9,S2409390,S2409390,3,2024-03-12,0R,pAMR0,35,0,future_no_significant_rejection,2,0.16074733639017463
image_only,pair_000588,patient_79f0ef3e7f376fdb,S2406038,S2406038,2,2024-02-06,0R,pAMR0,9,S2413768,S2413768,4,2024-05-07,0R,pAMR0,91,0,future_no_significant_rejection,2,0.16074733639017463
image_only,pair_000589,patient_79f0ef3e7f376fdb,S2406038,S2406038,2,2024-02-06,0R,pAMR0,9,S2431862,S2431862,5,2024-11-05,0R,pAMR0,273,0,future_no_significant_rejection,2,0.16074733639017463
image_only,pair_000590,patient_79f0ef3e7f376fdb,S2409390,S2409390,3,2024-03-12,0R,pAMR0,1,S2413768,S2413768,4,2024-05-07,0R,pAMR0,56,0,future_no_significant_rejection,2,0.2588812263102969
image_only,pair_000591,patient_79f0ef3e7f376fdb,S2409390,S2409390,3,2024-03-12,0R,pAMR0,1,S2431862,S2431862,5,2024-11-05,0R,pAMR0,238,0,future_no_significant_rejection,2,0.2588812263102969
image_only,pair_000592,patient_79f0ef3e7f376fdb,S2413768,S2413768,4,2024-05-07,0R,pAMR0,2,S2431862,S2431862,5,2024-11-05,0R,pAMR0,182,0,future_no_significant_rejection,2,0.5312966729329959
image_only,pair_000621,patient_88518ae12a01280d,S2527323,S2527323,1,2025-09-02,0R,pAMR0,1,S2530991,S2530991,2,2025-09-30,0R,pAMR0,28,0,future_no_significant_rejection,2,0.06355324701016417
image_only,pair_000622,patient_88518ae12a01280d,S2527323,S2527323,1,2025-09-02,0R,pAMR0,1,S2535840,S2535840,3,2025-11-11,0R,pAMR0,70,0,future_no_significant_rejection,2,0.06355324701016417
image_only,pair_000623,patient_88518ae12a01280d,S2530991,S2530991,2,2025-09-30,0R,pAMR0,1,S2535840,S2535840,3,2025-11-11,0R,pAMR0,42,0,future_no_significant_rejection,2,0.17779648884462887
image_only,pair_000630,patient_897fc368fe7593b2,S2409389,S2409389,1,2024-03-12,0R,pAMR0,4,S2410451,S2410451,2,2024-03-26,0R,pAMR0,14,0,future_no_significant_rejection,2,0.35603661594819624
image_only,pair_000631,patient_897fc368fe7593b2,S2409389,S2409389,1,2024-03-12,0R,pAMR0,4,S2413342,S2413342,3,2024-04-30,0R,pAMR0,49,0,future_no_significant_rejection,2,0.35603661594819624
image_only,pair_000632,patient_897fc368fe7593b2,S2409389,S2409389,1,2024-03-12,0R,pAMR0,4,S2414955,S2414955,4,2024-05-21,0R,pAMR0,70,0,future_no_significant_rejection,2,0.35603661594819624
image_only,pair_000633,patient_897fc368fe7593b2,S2409389,S2409389,1,2024-03-12,0R,pAMR0,4,S2419848,S2419848,5,2024-07-08,0R,pAMR0,118,0,future_no_significant_rejection,2,0.35603661594819624
image_only,pair_000634,patient_897fc368fe7593b2,S2409389,S2409389,1,2024-03-12,0R,pAMR0,4,S2424250,S2424250,6,2024-08-20,0R,pAMR0,161,0,future_no_significant_rejection,2,0.35603661594819624
image_only,pair_000635,patient_897fc368fe7593b2,S2409389,S2409389,1,2024-03-12,0R,pAMR0,4,S2431866,S2431866,7,2024-11-05,0R,pAMR0,238,0,future_no_significant_rejection,2,0.35603661594819624
image_only,pair_000636,patient_897fc368fe7593b2,S2409389,S2409389,1,2024-03-12,0R,pAMR0,4,S2504719,S2504719,8,2025-02-18,0R,pAMR0,343,0,future_no_significant_rejection,2,0.35603661594819624
image_only,pair_000637,patient_897fc368fe7593b2,S2410451,S2410451,2,2024-03-26,0R,pAMR0,1,S2413342,S2413342,3,2024-04-30,0R,pAMR0,35,0,future_no_significant_rejection,2,0.5268175194563454
image_only,pair_000638,patient_897fc368fe7593b2,S2410451,S2410451,2,2024-03-26,0R,pAMR0,1,S2414955,S2414955,4,2024-05-21,0R,pAMR0,56,0,future_no_significant_rejection,2,0.5268175194563454
image_only,pair_000639,patient_897fc368fe7593b2,S2410451,S2410451,2,2024-03-26,0R,pAMR0,1,S2419848,S2419848,5,2024-07-08,0R,pAMR0,104,0,future_no_significant_rejection,2,0.5268175194563454
image_only,pair_000640,patient_897fc368fe7593b2,S2410451,S2410451,2,2024-03-26,0R,pAMR0,1,S2424250,S2424250,6,2024-08-20,0R,pAMR0,147,0,future_no_significant_rejection,2,0.5268175194563454
image_only,pair_000641,patient_897fc368fe7593b2,S2410451,S2410451,2,2024-03-26,0R,pAMR0,1,S2431866,S2431866,7,2024-11-05,0R,pAMR0,224,0,future_no_significant_rejection,2,0.5268175194563454
image_only,pair_000642,patient_897fc368fe7593b2,S2410451,S2410451,2,2024-03-26,0R,pAMR0,1,S2504719,S2504719,8,2025-02-18,0R,pAMR0,329,0,future_no_significant_rejection,2,0.5268175194563454
image_only,pair_000643,patient_897fc368fe7593b2,S2413342,S2413342,3,2024-04-30,0R,pAMR0,2,S2414955,S2414955,4,2024-05-21,0R,pAMR0,21,0,future_no_significant_rejection,2,0.6623327275954884
image_only,pair_000644,patient_897fc368fe7593b2,S2413342,S2413342,3,2024-04-30,0R,pAMR0,2,S2419848,S2419848,5,2024-07-08,0R,pAMR0,69,0,future_no_significant_rejection,2,0.6623327275954884
image_only,pair_000645,patient_897fc368fe7593b2,S2413342,S2413342,3,2024-04-30,0R,pAMR0,2,S2424250,S2424250,6,2024-08-20,0R,pAMR0,112,0,future_no_significant_rejection,2,0.6623327275954884
image_only,pair_000646,patient_897fc368fe7593b2,S2413342,S2413342,3,2024-04-30,0R,pAMR0,2,S2431866,S2431866,7,2024-11-05,0R,pAMR0,189,0,future_no_significant_rejection,2,0.6623327275954884
image_only,pair_000647,patient_897fc368fe7593b2,S2413342,S2413342,3,2024-04-30,0R,pAMR0,2,S2504719,S2504719,8,2025-02-18,0R,pAMR0,294,0,future_no_significant_rejection,2,0.6623327275954884
image_only,pair_000648,patient_897fc368fe7593b2,S2414955,S2414955,4,2024-05-21,0R,pAMR0,2,S2419848,S2419848,5,2024-07-08,0R,pAMR0,48,0,future_no_significant_rejection,2,0.5389933367436118
image_only,pair_000649,patient_897fc368fe7593b2,S2414955,S2414955,4,2024-05-21,0R,pAMR0,2,S2424250,S2424250,6,2024-08-20,0R,pAMR0,91,0,future_no_significant_rejection,2,0.5389933367436118
image_only,pair_000650,patient_897fc368fe7593b2,S2414955,S2414955,4,2024-05-21,0R,pAMR0,2,S2431866,S2431866,7,2024-11-05,0R,pAMR0,168,0,future_no_significant_rejection,2,0.5389933367436118
image_only,pair_000651,patient_897fc368fe7593b2,S2414955,S2414955,4,2024-05-21,0R,pAMR0,2,S2504719,S2504719,8,2025-02-18,0R,pAMR0,273,0,future_no_significant_rejection,2,0.5389933367436118
image_only,pair_000652,patient_897fc368fe7593b2,S2419848,S2419848,5,2024-07-08,0R,pAMR0,2,S2424250,S2424250,6,2024-08-20,0R,pAMR0,43,0,future_no_significant_rejection,2,0.3250059887241363
image_only,pair_000653,patient_897fc368fe7593b2,S2419848,S2419848,5,2024-07-08,0R,pAMR0,2,S2431866,S2431866,7,2024-11-05,0R,pAMR0,120,0,future_no_significant_rejection,2,0.3250059887241363
image_only,pair_000654,patient_897fc368fe7593b2,S2419848,S2419848,5,2024-07-08,0R,pAMR0,2,S2504719,S2504719,8,2025-02-18,0R,pAMR0,225,0,future_no_significant_rejection,2,0.3250059887241363
image_only,pair_000655,patient_897fc368fe7593b2,S2424250,S2424250,6,2024-08-20,0R,pAMR0,2,S2431866,S2431866,7,2024-11-05,0R,pAMR0,77,0,future_no_significant_rejection,2,0.4927431574126619
image_only,pair_000656,patient_897fc368fe7593b2,S2424250,S2424250,6,2024-08-20,0R,pAMR0,2,S2504719,S2504719,8,2025-02-18,0R,pAMR0,182,0,future_no_significant_rejection,2,0.4927431574126619
image_only,pair_000657,patient_897fc368fe7593b2,S2431866,S2431866,7,2024-11-05,0R,pAMR0,2,S2504719,S2504719,8,2025-02-18,0R,pAMR0,105,0,future_no_significant_rejection,2,0.5157506319835916
image_only,pair_000686,patient_937267369badf303,S2300363,S2300363,1,2023-01-03,0R,pAMR0,2,S2308043,S2308043,2,2023-02-21,1R,pAMR0,49,0,future_no_significant_rejection,2,0.2013342265061295
image_only,pair_000687,patient_937267369badf303,S2300363,S2300363,1,2023-01-03,0R,pAMR0,2,S2312323,S2312323,3,2023-03-21,0R,pAMR0,77,0,future_no_significant_rejection,2,0.2013342265061295
image_only,pair_000688,patient_937267369badf303,S2300363,S2300363,1,2023-01-03,0R,pAMR0,2,S2319878,S2319878,4,2023-05-09,0R,pAMR0,126,0,future_no_significant_rejection,2,0.2013342265061295
image_only,pair_000689,patient_937267369badf303,S2308043,S2308043,2,2023-02-21,1R,pAMR0,1,S2312323,S2312323,3,2023-03-21,0R,pAMR0,28,0,future_no_significant_rejection,2,0.5296488733767387
image_only,pair_000690,patient_937267369badf303,S2308043,S2308043,2,2023-02-21,1R,pAMR0,1,S2319878,S2319878,4,2023-05-09,0R,pAMR0,77,0,future_no_significant_rejection,2,0.5296488733767387
image_only,pair_000691,patient_937267369badf303,S2312323,S2312323,3,2023-03-21,0R,pAMR0,1,S2319878,S2319878,4,2023-05-09,0R,pAMR0,49,0,future_no_significant_rejection,2,0.5423196054099294
image_only,pair_000709,patient_9b81a2766f087b27,S2111062,S2111062,1,2021-03-16,1R,pAMR0,3,S2114402,S2114402,2,2021-04-06,0R,pAMR0,21,0,future_no_significant_rejection,2,0.9399645441289024
image_only,pair_000710,patient_9b81a2766f087b27,S2111062,S2111062,1,2021-03-16,1R,pAMR0,3,S2119964,S2119964,3,2021-05-11,0R,pAMR2,56,1,future_significant_rejection,2,0.9399645441289024
image_only,pair_000711,patient_9b81a2766f087b27,S2111062,S2111062,1,2021-03-16,1R,pAMR0,3,S2150495,S2150495,4,2021-11-23,1R,pAMR1,252,1,future_significant_rejection,2,0.9399645441289024
image_only,pair_000712,patient_9b81a2766f087b27,S2111062,S2111062,1,2021-03-16,1R,pAMR0,3,S2209234,S2209234,5,2022-03-08,0R,pAMR0,357,0,future_no_significant_rejection,2,0.9399645441289024
image_only,pair_000713,patient_9b81a2766f087b27,S2114402,S2114402,2,2021-04-06,0R,pAMR0,1,S2119964,S2119964,3,2021-05-11,0R,pAMR2,35,1,future_significant_rejection,2,0.7115199896118515
image_only,pair_000714,patient_9b81a2766f087b27,S2114402,S2114402,2,2021-04-06,0R,pAMR0,1,S2150495,S2150495,4,2021-11-23,1R,pAMR1,231,1,future_significant_rejection,2,0.7115199896118515
image_only,pair_000715,patient_9b81a2766f087b27,S2114402,S2114402,2,2021-04-06,0R,pAMR0,1,S2209234,S2209234,5,2022-03-08,0R,pAMR0,336,0,future_no_significant_rejection,2,0.7115199896118515
image_only,pair_000716,patient_a533d77edf530d7d,S2332144,S2332144,1,2023-07-25,0R,pAMR0,5,S2334386,S2334386,2,2023-08-08,0R,pAMR0,14,0,future_no_significant_rejection,2,0.19904628624403398
image_only,pair_000717,patient_a533d77edf530d7d,S2332144,S2332144,1,2023-07-25,0R,pAMR0,5,S2338786,S2338786,3,2023-09-05,1R,pAMR0,42,0,future_no_significant_rejection,2,0.19904628624403398
image_only,pair_000718,patient_a533d77edf530d7d,S2332144,S2332144,1,2023-07-25,0R,pAMR0,5,S2343314,S2343314,4,2023-10-11,0R,pAMR0,78,0,future_no_significant_rejection,2,0.19904628624403398
image_only,pair_000719,patient_a533d77edf530d7d,S2332144,S2332144,1,2023-07-25,0R,pAMR0,5,S2346179,S2346179,5,2023-10-27,1R,pAMR0,94,0,future_no_significant_rejection,2,0.19904628624403398
image_only,pair_000720,patient_a533d77edf530d7d,S2332144,S2332144,1,2023-07-25,0R,pAMR0,5,S2348398,S2348398,6,2023-11-14,0R,pAMR0,112,0,future_no_significant_rejection,2,0.19904628624403398
image_only,pair_000721,patient_a533d77edf530d7d,S2332144,S2332144,1,2023-07-25,0R,pAMR0,5,S2352825,S2352825,7,2023-12-12,1R,pAMR0,140,0,future_no_significant_rejection,2,0.19904628624403398
image_only,pair_000722,patient_a533d77edf530d7d,S2332144,S2332144,1,2023-07-25,0R,pAMR0,5,S2402484,S2402484,8,2024-01-16,0R,pAMR0,175,0,future_no_significant_rejection,2,0.19904628624403398
image_only,pair_000723,patient_a533d77edf530d7d,S2332144,S2332144,1,2023-07-25,0R,pAMR0,5,S2420603,S2420603,9,2024-07-16,0R,pAMR0,357,0,future_no_significant_rejection,2,0.19904628624403398
image_only,pair_000724,patient_a533d77edf530d7d,S2334386,S2334386,2,2023-08-08,0R,pAMR0,2,S2338786,S2338786,3,2023-09-05,1R,pAMR0,28,0,future_no_significant_rejection,2,0.12380465096030378
image_only,pair_000725,patient_a533d77edf530d7d,S2334386,S2334386,2,2023-08-08,0R,pAMR0,2,S2343314,S2343314,4,2023-10-11,0R,pAMR0,64,0,future_no_significant_rejection,2,0.12380465096030378
image_only,pair_000726,patient_a533d77edf530d7d,S2334386,S2334386,2,2023-08-08,0R,pAMR0,2,S2346179,S2346179,5,2023-10-27,1R,pAMR0,80,0,future_no_significant_rejection,2,0.12380465096030378
image_only,pair_000727,patient_a533d77edf530d7d,S2334386,S2334386,2,2023-08-08,0R,pAMR0,2,S2348398,S2348398,6,2023-11-14,0R,pAMR0,98,0,future_no_significant_rejection,2,0.12380465096030378
image_only,pair_000728,patient_a533d77edf530d7d,S2334386,S2334386,2,2023-08-08,0R,pAMR0,2,S2352825,S2352825,7,2023-12-12,1R,pAMR0,126,0,future_no_significant_rejection,2,0.12380465096030378
image_only,pair_000729,patient_a533d77edf530d7d,S2334386,S2334386,2,2023-08-08,0R,pAMR0,2,S2402484,S2402484,8,2024-01-16,0R,pAMR0,161,0,future_no_significant_rejection,2,0.12380465096030378
image_only,pair_000730,patient_a533d77edf530d7d,S2334386,S2334386,2,2023-08-08,0R,pAMR0,2,S2420603,S2420603,9,2024-07-16,0R,pAMR0,343,0,future_no_significant_rejection,2,0.12380465096030378
image_only,pair_000731,patient_a533d77edf530d7d,S2338786,S2338786,3,2023-09-05,1R,pAMR0,1,S2343314,S2343314,4,2023-10-11,0R,pAMR0,36,0,future_no_significant_rejection,2,0.6432344119545755
image_only,pair_000732,patient_a533d77edf530d7d,S2338786,S2338786,3,2023-09-05,1R,pAMR0,1,S2346179,S2346179,5,2023-10-27,1R,pAMR0,52,0,future_no_significant_rejection,2,0.6432344119545755
image_only,pair_000733,patient_a533d77edf530d7d,S2338786,S2338786,3,2023-09-05,1R,pAMR0,1,S2348398,S2348398,6,2023-11-14,0R,pAMR0,70,0,future_no_significant_rejection,2,0.6432344119545755
image_only,pair_000734,patient_a533d77edf530d7d,S2338786,S2338786,3,2023-09-05,1R,pAMR0,1,S2352825,S2352825,7,2023-12-12,1R,pAMR0,98,0,future_no_significant_rejection,2,0.6432344119545755
image_only,pair_000735,patient_a533d77edf530d7d,S2338786,S2338786,3,2023-09-05,1R,pAMR0,1,S2402484,S2402484,8,2024-01-16,0R,pAMR0,133,0,future_no_significant_rejection,2,0.6432344119545755
image_only,pair_000736,patient_a533d77edf530d7d,S2338786,S2338786,3,2023-09-05,1R,pAMR0,1,S2420603,S2420603,9,2024-07-16,0R,pAMR0,315,0,future_no_significant_rejection,2,0.6432344119545755
image_only,pair_000737,patient_a533d77edf530d7d,S2343314,S2343314,4,2023-10-11,0R,pAMR0,1,S2346179,S2346179,5,2023-10-27,1R,pAMR0,16,0,future_no_significant_rejection,2,0.37722860409513986
image_only,pair_000738,patient_a533d77edf530d7d,S2343314,S2343314,4,2023-10-11,0R,pAMR0,1,S2348398,S2348398,6,2023-11-14,0R,pAMR0,34,0,future_no_significant_rejection,2,0.37722860409513986
image_only,pair_000739,patient_a533d77edf530d7d,S2343314,S2343314,4,2023-10-11,0R,pAMR0,1,S2352825,S2352825,7,2023-12-12,1R,pAMR0,62,0,future_no_significant_rejection,2,0.37722860409513986
image_only,pair_000740,patient_a533d77edf530d7d,S2343314,S2343314,4,2023-10-11,0R,pAMR0,1,S2402484,S2402484,8,2024-01-16,0R,pAMR0,97,0,future_no_significant_rejection,2,0.37722860409513986
image_only,pair_000741,patient_a533d77edf530d7d,S2343314,S2343314,4,2023-10-11,0R,pAMR0,1,S2420603,S2420603,9,2024-07-16,0R,pAMR0,279,0,future_no_significant_rejection,2,0.37722860409513986
image_only,pair_000742,patient_a533d77edf530d7d,S2346179,S2346179,5,2023-10-27,1R,pAMR0,5,S2348398,S2348398,6,2023-11-14,0R,pAMR0,18,0,future_no_significant_rejection,2,0.4334971253848962
image_only,pair_000743,patient_a533d77edf530d7d,S2346179,S2346179,5,2023-10-27,1R,pAMR0,5,S2352825,S2352825,7,2023-12-12,1R,pAMR0,46,0,future_no_significant_rejection,2,0.4334971253848962
image_only,pair_000744,patient_a533d77edf530d7d,S2346179,S2346179,5,2023-10-27,1R,pAMR0,5,S2402484,S2402484,8,2024-01-16,0R,pAMR0,81,0,future_no_significant_rejection,2,0.4334971253848962
image_only,pair_000745,patient_a533d77edf530d7d,S2346179,S2346179,5,2023-10-27,1R,pAMR0,5,S2420603,S2420603,9,2024-07-16,0R,pAMR0,263,0,future_no_significant_rejection,2,0.4334971253848962
image_only,pair_000746,patient_a533d77edf530d7d,S2348398,S2348398,6,2023-11-14,0R,pAMR0,1,S2352825,S2352825,7,2023-12-12,1R,pAMR0,28,0,future_no_significant_rejection,2,0.15500418410575578
image_only,pair_000747,patient_a533d77edf530d7d,S2348398,S2348398,6,2023-11-14,0R,pAMR0,1,S2402484,S2402484,8,2024-01-16,0R,pAMR0,63,0,future_no_significant_rejection,2,0.15500418410575578
image_only,pair_000748,patient_a533d77edf530d7d,S2348398,S2348398,6,2023-11-14,0R,pAMR0,1,S2420603,S2420603,9,2024-07-16,0R,pAMR0,245,0,future_no_significant_rejection,2,0.15500418410575578
image_only,pair_000749,patient_a533d77edf530d7d,S2352825,S2352825,7,2023-12-12,1R,pAMR0,1,S2402484,S2402484,8,2024-01-16,0R,pAMR0,35,0,future_no_significant_rejection,2,0.15986810317483968
image_only,pair_000750,patient_a533d77edf530d7d,S2352825,S2352825,7,2023-12-12,1R,pAMR0,1,S2420603,S2420603,9,2024-07-16,0R,pAMR0,217,0,future_no_significant_rejection,2,0.15986810317483968
image_only,pair_000751,patient_a533d77edf530d7d,S2402484,S2402484,8,2024-01-16,0R,pAMR0,6,S2420603,S2420603,9,2024-07-16,0R,pAMR0,182,0,future_no_significant_rejection,2,0.48705356292392876
image_only,pair_000790,patient_b824bfb064fb2de4,S2149393,S2149393,1,2021-11-16,0R,pAMR0,3,S2200310,S2200310,2,2022-01-04,1R,pAMR0,49,0,future_no_significant_rejection,2,0.8290104202432272
image_only,pair_000791,patient_b824bfb064fb2de4,S2149393,S2149393,1,2021-11-16,0R,pAMR0,3,S2206287,S2206287,3,2022-02-15,1R,pAMR0,91,0,future_no_significant_rejection,2,0.8290104202432272
image_only,pair_000792,patient_b824bfb064fb2de4,S2149393,S2149393,1,2021-11-16,0R,pAMR0,3,S2210202,S2210202,4,2022-03-15,1R,pAMR0,119,0,future_no_significant_rejection,2,0.8290104202432272
image_only,pair_000793,patient_b824bfb064fb2de4,S2149393,S2149393,1,2021-11-16,0R,pAMR0,3,S2216631,S2216631,5,2022-04-26,0R,pAMR0,161,0,future_no_significant_rejection,2,0.8290104202432272
image_only,pair_000794,patient_b824bfb064fb2de4,S2200310,S2200310,2,2022-01-04,1R,pAMR0,2,S2206287,S2206287,3,2022-02-15,1R,pAMR0,42,0,future_no_significant_rejection,2,0.10110730288074785
image_only,pair_000795,patient_b824bfb064fb2de4,S2200310,S2200310,2,2022-01-04,1R,pAMR0,2,S2210202,S2210202,4,2022-03-15,1R,pAMR0,70,0,future_no_significant_rejection,2,0.10110730288074785
image_only,pair_000796,patient_b824bfb064fb2de4,S2200310,S2200310,2,2022-01-04,1R,pAMR0,2,S2216631,S2216631,5,2022-04-26,0R,pAMR0,112,0,future_no_significant_rejection,2,0.10110730288074785
image_only,pair_000797,patient_b824bfb064fb2de4,S2206287,S2206287,3,2022-02-15,1R,pAMR0,1,S2210202,S2210202,4,2022-03-15,1R,pAMR0,28,0,future_no_significant_rejection,2,0.6787933854519272
image_only,pair_000798,patient_b824bfb064fb2de4,S2206287,S2206287,3,2022-02-15,1R,pAMR0,1,S2216631,S2216631,5,2022-04-26,0R,pAMR0,70,0,future_no_significant_rejection,2,0.6787933854519272
image_only,pair_000799,patient_b824bfb064fb2de4,S2210202,S2210202,4,2022-03-15,1R,pAMR0,4,S2216631,S2216631,5,2022-04-26,0R,pAMR0,42,0,future_no_significant_rejection,2,0.1524937264834134
image_only,pair_000829,patient_c37c171d859fe24a,S2228787,S2228787,1,2022-07-12,0R,pAMR0,1,S2236494,S2236494,2,2022-08-30,0R,pAMR0,49,0,future_no_significant_rejection,2,0.5025630823506742
image_only,pair_000830,patient_c37c171d859fe24a,S2228787,S2228787,1,2022-07-12,0R,pAMR0,1,S2244729,S2244729,3,2022-10-25,0R,pAMR0,105,0,future_no_significant_rejection,2,0.5025630823506742
image_only,pair_000831,patient_c37c171d859fe24a,S2228787,S2228787,1,2022-07-12,0R,pAMR0,1,S2251247,S2251247,4,2022-12-06,1R,pAMR0,147,0,future_no_significant_rejection,2,0.5025630823506742
image_only,pair_000832,patient_c37c171d859fe24a,S2228787,S2228787,1,2022-07-12,0R,pAMR0,1,S2302644,S2302644,5,2023-01-17,0R,pAMR0,189,0,future_no_significant_rejection,2,0.5025630823506742
image_only,pair_000833,patient_c37c171d859fe24a,S2228787,S2228787,1,2022-07-12,0R,pAMR0,1,S2313436,S2313436,6,2023-03-28,1R,pAMR0,259,0,future_no_significant_rejection,2,0.5025630823506742
image_only,pair_000834,patient_c37c171d859fe24a,S2228787,S2228787,1,2022-07-12,0R,pAMR0,1,S2326329,S2326329,7,2023-06-20,0R,pAMR0,343,0,future_no_significant_rejection,2,0.5025630823506742
image_only,pair_000835,patient_c37c171d859fe24a,S2236494,S2236494,2,2022-08-30,0R,pAMR0,3,S2244729,S2244729,3,2022-10-25,0R,pAMR0,56,0,future_no_significant_rejection,2,0.5932177626277542
image_only,pair_000836,patient_c37c171d859fe24a,S2236494,S2236494,2,2022-08-30,0R,pAMR0,3,S2251247,S2251247,4,2022-12-06,1R,pAMR0,98,0,future_no_significant_rejection,2,0.5932177626277542
image_only,pair_000837,patient_c37c171d859fe24a,S2236494,S2236494,2,2022-08-30,0R,pAMR0,3,S2302644,S2302644,5,2023-01-17,0R,pAMR0,140,0,future_no_significant_rejection,2,0.5932177626277542
image_only,pair_000838,patient_c37c171d859fe24a,S2236494,S2236494,2,2022-08-30,0R,pAMR0,3,S2313436,S2313436,6,2023-03-28,1R,pAMR0,210,0,future_no_significant_rejection,2,0.5932177626277542
image_only,pair_000839,patient_c37c171d859fe24a,S2236494,S2236494,2,2022-08-30,0R,pAMR0,3,S2326329,S2326329,7,2023-06-20,0R,pAMR0,294,0,future_no_significant_rejection,2,0.5932177626277542
image_only,pair_000840,patient_c37c171d859fe24a,S2244729,S2244729,3,2022-10-25,0R,pAMR0,1,S2251247,S2251247,4,2022-12-06,1R,pAMR0,42,0,future_no_significant_rejection,2,0.5026578056601818
image_only,pair_000841,patient_c37c171d859fe24a,S2244729,S2244729,3,2022-10-25,0R,pAMR0,1,S2302644,S2302644,5,2023-01-17,0R,pAMR0,84,0,future_no_significant_rejection,2,0.5026578056601818
image_only,pair_000842,patient_c37c171d859fe24a,S2244729,S2244729,3,2022-10-25,0R,pAMR0,1,S2313436,S2313436,6,2023-03-28,1R,pAMR0,154,0,future_no_significant_rejection,2,0.5026578056601818
image_only,pair_000843,patient_c37c171d859fe24a,S2244729,S2244729,3,2022-10-25,0R,pAMR0,1,S2326329,S2326329,7,2023-06-20,0R,pAMR0,238,0,future_no_significant_rejection,2,0.5026578056601818
image_only,pair_000844,patient_c37c171d859fe24a,S2251247,S2251247,4,2022-12-06,1R,pAMR0,1,S2302644,S2302644,5,2023-01-17,0R,pAMR0,42,0,future_no_significant_rejection,2,0.6735253942189723
image_only,pair_000845,patient_c37c171d859fe24a,S2251247,S2251247,4,2022-12-06,1R,pAMR0,1,S2313436,S2313436,6,2023-03-28,1R,pAMR0,112,0,future_no_significant_rejection,2,0.6735253942189723
image_only,pair_000846,patient_c37c171d859fe24a,S2251247,S2251247,4,2022-12-06,1R,pAMR0,1,S2326329,S2326329,7,2023-06-20,0R,pAMR0,196,0,future_no_significant_rejection,2,0.6735253942189723
image_only,pair_000847,patient_c37c171d859fe24a,S2302644,S2302644,5,2023-01-17,0R,pAMR0,1,S2313436,S2313436,6,2023-03-28,1R,pAMR0,70,0,future_no_significant_rejection,2,0.31626161163683797
image_only,pair_000848,patient_c37c171d859fe24a,S2302644,S2302644,5,2023-01-17,0R,pAMR0,1,S2326329,S2326329,7,2023-06-20,0R,pAMR0,154,0,future_no_significant_rejection,2,0.31626161163683797
image_only,pair_000849,patient_c37c171d859fe24a,S2313436,S2313436,6,2023-03-28,1R,pAMR0,1,S2326329,S2326329,7,2023-06-20,0R,pAMR0,84,0,future_no_significant_rejection,2,0.5805909646092257
image_only,pair_000850,patient_c78561b4938dbb4c,S2147204,S2147204,1,2021-11-02,0R,pAMR0,4,S2150493,S2150493,2,2021-11-23,1R,pAMR0,21,0,future_no_significant_rejection,2,0.36919677122081607
image_only,pair_000851,patient_c78561b4938dbb4c,S2147204,S2147204,1,2021-11-02,0R,pAMR0,4,S2209236,S2209236,3,2022-03-08,0R,pAMR0,126,0,future_no_significant_rejection,2,0.36919677122081607
image_only,pair_000852,patient_c78561b4938dbb4c,S2147204,S2147204,1,2021-11-02,0R,pAMR0,4,S2215450,S2215450,4,2022-04-19,0R,pAMR0,168,0,future_no_significant_rejection,2,0.36919677122081607
image_only,pair_000853,patient_c78561b4938dbb4c,S2147204,S2147204,1,2021-11-02,0R,pAMR0,4,S2244730,S2244730,5,2022-10-25,0R,pAMR0,357,0,future_no_significant_rejection,2,0.36919677122081607
image_only,pair_000854,patient_c78561b4938dbb4c,S2150493,S2150493,2,2021-11-23,1R,pAMR0,1,S2209236,S2209236,3,2022-03-08,0R,pAMR0,105,0,future_no_significant_rejection,2,0.17571917406643867
image_only,pair_000855,patient_c78561b4938dbb4c,S2150493,S2150493,2,2021-11-23,1R,pAMR0,1,S2215450,S2215450,4,2022-04-19,0R,pAMR0,147,0,future_no_significant_rejection,2,0.17571917406643867
image_only,pair_000856,patient_c78561b4938dbb4c,S2150493,S2150493,2,2021-11-23,1R,pAMR0,1,S2244730,S2244730,5,2022-10-25,0R,pAMR0,336,0,future_no_significant_rejection,2,0.17571917406643867
image_only,pair_000857,patient_c78561b4938dbb4c,S2209236,S2209236,3,2022-03-08,0R,pAMR0,1,S2215450,S2215450,4,2022-04-19,0R,pAMR0,42,0,future_no_significant_rejection,2,0.2631804509206577
image_only,pair_000858,patient_c78561b4938dbb4c,S2209236,S2209236,3,2022-03-08,0R,pAMR0,1,S2244730,S2244730,5,2022-10-25,0R,pAMR0,231,0,future_no_significant_rejection,2,0.2631804509206577
image_only,pair_000859,patient_c78561b4938dbb4c,S2215450,S2215450,4,2022-04-19,0R,pAMR0,1,S2244730,S2244730,5,2022-10-25,0R,pAMR0,189,0,future_no_significant_rejection,2,0.19648486302321466
image_only,pair_000881,patient_cafa503bd84738e6,S2212213,S2212213,1,2022-03-29,1R,pAMR0,1,S2215449,S2215449,2,2022-04-19,1R,pAMR0,21,0,future_no_significant_rejection,2,0.7042805421741279
image_only,pair_000882,patient_cafa503bd84738e6,S2212213,S2212213,1,2022-03-29,1R,pAMR0,1,S2219754,S2219754,3,2022-05-17,0R,pAMR0,49,0,future_no_significant_rejection,2,0.7042805421741279
image_only,pair_000883,patient_cafa503bd84738e6,S2212213,S2212213,1,2022-03-29,1R,pAMR0,1,S2224008,S2224008,4,2022-06-14,0R,pAMR0,77,0,future_no_significant_rejection,2,0.7042805421741279
image_only,pair_000884,patient_cafa503bd84738e6,S2212213,S2212213,1,2022-03-29,1R,pAMR0,1,S2232193,S2232193,5,2022-08-02,1R,pAMR0,126,0,future_no_significant_rejection,2,0.7042805421741279
image_only,pair_000885,patient_cafa503bd84738e6,S2212213,S2212213,1,2022-03-29,1R,pAMR0,1,S2239525,S2239525,6,2022-09-20,0R,pAMR0,175,0,future_no_significant_rejection,2,0.7042805421741279
image_only,pair_000886,patient_cafa503bd84738e6,S2212213,S2212213,1,2022-03-29,1R,pAMR0,1,S2253527,S2253527,7,2022-12-20,0R,pAMR0,266,0,future_no_significant_rejection,2,0.7042805421741279
image_only,pair_000887,patient_cafa503bd84738e6,S2212213,S2212213,1,2022-03-29,1R,pAMR0,1,S2312317,S2312317,8,2023-03-21,0R,pAMR0,357,0,future_no_significant_rejection,2,0.7042805421741279
image_only,pair_000888,patient_cafa503bd84738e6,S2215449,S2215449,2,2022-04-19,1R,pAMR0,1,S2219754,S2219754,3,2022-05-17,0R,pAMR0,28,0,future_no_significant_rejection,2,0.8269447135349579
image_only,pair_000889,patient_cafa503bd84738e6,S2215449,S2215449,2,2022-04-19,1R,pAMR0,1,S2224008,S2224008,4,2022-06-14,0R,pAMR0,56,0,future_no_significant_rejection,2,0.8269447135349579
image_only,pair_000890,patient_cafa503bd84738e6,S2215449,S2215449,2,2022-04-19,1R,pAMR0,1,S2232193,S2232193,5,2022-08-02,1R,pAMR0,105,0,future_no_significant_rejection,2,0.8269447135349579
image_only,pair_000891,patient_cafa503bd84738e6,S2215449,S2215449,2,2022-04-19,1R,pAMR0,1,S2239525,S2239525,6,2022-09-20,0R,pAMR0,154,0,future_no_significant_rejection,2,0.8269447135349579
image_only,pair_000892,patient_cafa503bd84738e6,S2215449,S2215449,2,2022-04-19,1R,pAMR0,1,S2253527,S2253527,7,2022-12-20,0R,pAMR0,245,0,future_no_significant_rejection,2,0.8269447135349579
image_only,pair_000893,patient_cafa503bd84738e6,S2215449,S2215449,2,2022-04-19,1R,pAMR0,1,S2312317,S2312317,8,2023-03-21,0R,pAMR0,336,0,future_no_significant_rejection,2,0.8269447135349579
image_only,pair_000894,patient_cafa503bd84738e6,S2219754,S2219754,3,2022-05-17,0R,pAMR0,1,S2224008,S2224008,4,2022-06-14,0R,pAMR0,28,0,future_no_significant_rejection,2,0.604416021812546
image_only,pair_000895,patient_cafa503bd84738e6,S2219754,S2219754,3,2022-05-17,0R,pAMR0,1,S2232193,S2232193,5,2022-08-02,1R,pAMR0,77,0,future_no_significant_rejection,2,0.604416021812546
image_only,pair_000896,patient_cafa503bd84738e6,S2219754,S2219754,3,2022-05-17,0R,pAMR0,1,S2239525,S2239525,6,2022-09-20,0R,pAMR0,126,0,future_no_significant_rejection,2,0.604416021812546
image_only,pair_000897,patient_cafa503bd84738e6,S2219754,S2219754,3,2022-05-17,0R,pAMR0,1,S2253527,S2253527,7,2022-12-20,0R,pAMR0,217,0,future_no_significant_rejection,2,0.604416021812546
image_only,pair_000898,patient_cafa503bd84738e6,S2219754,S2219754,3,2022-05-17,0R,pAMR0,1,S2312317,S2312317,8,2023-03-21,0R,pAMR0,308,0,future_no_significant_rejection,2,0.604416021812546
image_only,pair_000899,patient_cafa503bd84738e6,S2224008,S2224008,4,2022-06-14,0R,pAMR0,1,S2232193,S2232193,5,2022-08-02,1R,pAMR0,49,0,future_no_significant_rejection,2,0.5874377927031263
image_only,pair_000900,patient_cafa503bd84738e6,S2224008,S2224008,4,2022-06-14,0R,pAMR0,1,S2239525,S2239525,6,2022-09-20,0R,pAMR0,98,0,future_no_significant_rejection,2,0.5874377927031263
image_only,pair_000901,patient_cafa503bd84738e6,S2224008,S2224008,4,2022-06-14,0R,pAMR0,1,S2253527,S2253527,7,2022-12-20,0R,pAMR0,189,0,future_no_significant_rejection,2,0.5874377927031263
image_only,pair_000902,patient_cafa503bd84738e6,S2224008,S2224008,4,2022-06-14,0R,pAMR0,1,S2312317,S2312317,8,2023-03-21,0R,pAMR0,280,0,future_no_significant_rejection,2,0.5874377927031263
image_only,pair_000903,patient_cafa503bd84738e6,S2232193,S2232193,5,2022-08-02,1R,pAMR0,1,S2239525,S2239525,6,2022-09-20,0R,pAMR0,49,0,future_no_significant_rejection,2,0.7112743353736671
image_only,pair_000904,patient_cafa503bd84738e6,S2232193,S2232193,5,2022-08-02,1R,pAMR0,1,S2253527,S2253527,7,2022-12-20,0R,pAMR0,140,0,future_no_significant_rejection,2,0.7112743353736671
image_only,pair_000905,patient_cafa503bd84738e6,S2232193,S2232193,5,2022-08-02,1R,pAMR0,1,S2312317,S2312317,8,2023-03-21,0R,pAMR0,231,0,future_no_significant_rejection,2,0.7112743353736671
image_only,pair_000906,patient_cafa503bd84738e6,S2239525,S2239525,6,2022-09-20,0R,pAMR0,1,S2253527,S2253527,7,2022-12-20,0R,pAMR0,91,0,future_no_significant_rejection,2,0.6274668125442683
image_only,pair_000907,patient_cafa503bd84738e6,S2239525,S2239525,6,2022-09-20,0R,pAMR0,1,S2312317,S2312317,8,2023-03-21,0R,pAMR0,182,0,future_no_significant_rejection,2,0.6274668125442683
image_only,pair_000908,patient_cafa503bd84738e6,S2253527,S2253527,7,2022-12-20,0R,pAMR0,1,S2312317,S2312317,8,2023-03-21,0R,pAMR0,91,0,future_no_significant_rejection,2,0.6310507044090053
image_only,pair_000937,patient_d4019523cc8c8335,S2406754,S2406754,1,2024-02-13,0R,pAMR0,8,S2408480,S2408480,2,2024-02-27,0R,pAMR0,14,0,future_no_significant_rejection,2,0.4989251716278883
image_only,pair_000938,patient_d4019523cc8c8335,S2406754,S2406754,1,2024-02-13,0R,pAMR0,8,S2411030,S2411030,3,2024-04-02,0R,pAMR0,49,0,future_no_significant_rejection,2,0.4989251716278883
image_only,pair_000939,patient_d4019523cc8c8335,S2406754,S2406754,1,2024-02-13,0R,pAMR0,8,S2419119,S2419119,4,2024-07-02,0R,pAMR0,140,0,future_no_significant_rejection,2,0.4989251716278883
image_only,pair_000940,patient_d4019523cc8c8335,S2406754,S2406754,1,2024-02-13,0R,pAMR0,8,S2430053,S2430053,5,2024-10-17,0R,pAMR0,247,0,future_no_significant_rejection,2,0.4989251716278883
image_only,pair_000941,patient_d4019523cc8c8335,S2408480,S2408480,2,2024-02-27,0R,pAMR0,1,S2411030,S2411030,3,2024-04-02,0R,pAMR0,35,0,future_no_significant_rejection,2,0.6470226852010754
image_only,pair_000942,patient_d4019523cc8c8335,S2408480,S2408480,2,2024-02-27,0R,pAMR0,1,S2419119,S2419119,4,2024-07-02,0R,pAMR0,126,0,future_no_significant_rejection,2,0.6470226852010754
image_only,pair_000943,patient_d4019523cc8c8335,S2408480,S2408480,2,2024-02-27,0R,pAMR0,1,S2430053,S2430053,5,2024-10-17,0R,pAMR0,233,0,future_no_significant_rejection,2,0.6470226852010754
image_only,pair_000944,patient_d4019523cc8c8335,S2411030,S2411030,3,2024-04-02,0R,pAMR0,5,S2419119,S2419119,4,2024-07-02,0R,pAMR0,91,0,future_no_significant_rejection,2,0.36808255258589917
image_only,pair_000945,patient_d4019523cc8c8335,S2411030,S2411030,3,2024-04-02,0R,pAMR0,5,S2430053,S2430053,5,2024-10-17,0R,pAMR0,198,0,future_no_significant_rejection,2,0.36808255258589917
image_only,pair_000946,patient_d4019523cc8c8335,S2419119,S2419119,4,2024-07-02,0R,pAMR0,2,S2430053,S2430053,5,2024-10-17,0R,pAMR0,107,0,future_no_significant_rejection,2,0.6252649794434125
image_only,pair_001049,patient_e21a88b284b1508e,S2435689,S2435689,1,2024-12-10,0R,pAMR0,2,S2437280,S2437280,2,2024-12-24,0R,pAMR0,14,0,future_no_significant_rejection,2,0.588350783180983
image_only,pair_001050,patient_e21a88b284b1508e,S2435689,S2435689,1,2024-12-10,0R,pAMR0,2,S2501777,S2501777,3,2025-01-17,0R,pAMR0,38,0,future_no_significant_rejection,2,0.588350783180983
image_only,pair_001051,patient_e21a88b284b1508e,S2437280,S2437280,2,2024-12-24,0R,pAMR0,1,S2501777,S2501777,3,2025-01-17,0R,pAMR0,24,0,future_no_significant_rejection,2,0.14061874297859378
image_only,pair_001066,patient_e6981a9104ac664d,S2304561,S2304561,1,2023-01-31,1R,pAMR0,3,S2307080,S2307080,2,2023-02-15,0R,pAMR0,15,0,future_no_significant_rejection,2,0.706000222875168
image_only,pair_001067,patient_e6981a9104ac664d,S2304561,S2304561,1,2023-01-31,1R,pAMR0,3,S2311238,S2311238,3,2023-03-14,1R,pAMR0,42,0,future_no_significant_rejection,2,0.706000222875168
image_only,pair_001068,patient_e6981a9104ac664d,S2304561,S2304561,1,2023-01-31,1R,pAMR0,3,S2323112,S2323112,4,2023-05-30,1R,pAMR0,119,0,future_no_significant_rejection,2,0.706000222875168
image_only,pair_001069,patient_e6981a9104ac664d,S2304561,S2304561,1,2023-01-31,1R,pAMR0,3,S2330986,S2330986,5,2023-07-18,0R,pAMR0,168,0,future_no_significant_rejection,2,0.706000222875168
image_only,pair_001070,patient_e6981a9104ac664d,S2304561,S2304561,1,2023-01-31,1R,pAMR0,3,S2344461,S2344461,6,2023-10-17,0R,pAMR0,259,0,future_no_significant_rejection,2,0.706000222875168
image_only,pair_001071,patient_e6981a9104ac664d,S2304561,S2304561,1,2023-01-31,1R,pAMR0,3,S2402482,S2402482,7,2024-01-16,0R,pAMR0,350,0,future_no_significant_rejection,2,0.706000222875168
image_only,pair_001072,patient_e6981a9104ac664d,S2307080,S2307080,2,2023-02-15,0R,pAMR0,1,S2311238,S2311238,3,2023-03-14,1R,pAMR0,27,0,future_no_significant_rejection,2,0.304729665808797
image_only,pair_001073,patient_e6981a9104ac664d,S2307080,S2307080,2,2023-02-15,0R,pAMR0,1,S2323112,S2323112,4,2023-05-30,1R,pAMR0,104,0,future_no_significant_rejection,2,0.304729665808797
image_only,pair_001074,patient_e6981a9104ac664d,S2307080,S2307080,2,2023-02-15,0R,pAMR0,1,S2330986,S2330986,5,2023-07-18,0R,pAMR0,153,0,future_no_significant_rejection,2,0.304729665808797
image_only,pair_001075,patient_e6981a9104ac664d,S2307080,S2307080,2,2023-02-15,0R,pAMR0,1,S2344461,S2344461,6,2023-10-17,0R,pAMR0,244,0,future_no_significant_rejection,2,0.304729665808797
image_only,pair_001076,patient_e6981a9104ac664d,S2307080,S2307080,2,2023-02-15,0R,pAMR0,1,S2402482,S2402482,7,2024-01-16,0R,pAMR0,335,0,future_no_significant_rejection,2,0.304729665808797
image_only,pair_001077,patient_e6981a9104ac664d,S2311238,S2311238,3,2023-03-14,1R,pAMR0,3,S2323112,S2323112,4,2023-05-30,1R,pAMR0,77,0,future_no_significant_rejection,2,0.7488238665125382
image_only,pair_001078,patient_e6981a9104ac664d,S2311238,S2311238,3,2023-03-14,1R,pAMR0,3,S2330986,S2330986,5,2023-07-18,0R,pAMR0,126,0,future_no_significant_rejection,2,0.7488238665125382
image_only,pair_001079,patient_e6981a9104ac664d,S2311238,S2311238,3,2023-03-14,1R,pAMR0,3,S2344461,S2344461,6,2023-10-17,0R,pAMR0,217,0,future_no_significant_rejection,2,0.7488238665125382
image_only,pair_001080,patient_e6981a9104ac664d,S2311238,S2311238,3,2023-03-14,1R,pAMR0,3,S2402482,S2402482,7,2024-01-16,0R,pAMR0,308,0,future_no_significant_rejection,2,0.7488238665125382
image_only,pair_001081,patient_e6981a9104ac664d,S2323112,S2323112,4,2023-05-30,1R,pAMR0,2,S2330986,S2330986,5,2023-07-18,0R,pAMR0,49,0,future_no_significant_rejection,2,0.6583420586020912
image_only,pair_001082,patient_e6981a9104ac664d,S2323112,S2323112,4,2023-05-30,1R,pAMR0,2,S2344461,S2344461,6,2023-10-17,0R,pAMR0,140,0,future_no_significant_rejection,2,0.6583420586020912
image_only,pair_001083,patient_e6981a9104ac664d,S2323112,S2323112,4,2023-05-30,1R,pAMR0,2,S2402482,S2402482,7,2024-01-16,0R,pAMR0,231,0,future_no_significant_rejection,2,0.6583420586020912
image_only,pair_001084,patient_e6981a9104ac664d,S2330986,S2330986,5,2023-07-18,0R,pAMR0,1,S2344461,S2344461,6,2023-10-17,0R,pAMR0,91,0,future_no_significant_rejection,2,0.0329539048772092
image_only,pair_001085,patient_e6981a9104ac664d,S2330986,S2330986,5,2023-07-18,0R,pAMR0,1,S2402482,S2402482,7,2024-01-16,0R,pAMR0,182,0,future_no_significant_rejection,2,0.0329539048772092
image_only,pair_001086,patient_e6981a9104ac664d,S2344461,S2344461,6,2023-10-17,0R,pAMR0,1,S2402482,S2402482,7,2024-01-16,0R,pAMR0,91,0,future_no_significant_rejection,2,0.06848203348082534
image_only,pair_001103,patient_ead6420f83248981,S2406264,S2406264,1,2024-02-07,0R,pAMR0,7,S2407939,S2407939,2,2024-02-20,0R,pAMR0,13,0,future_no_significant_rejection,2,0.2002641354702537
image_only,pair_001104,patient_ead6420f83248981,S2406264,S2406264,1,2024-02-07,0R,pAMR0,7,S2409392,S2409392,3,2024-03-12,0R,pAMR0,34,0,future_no_significant_rejection,2,0.2002641354702537
image_only,pair_001105,patient_ead6420f83248981,S2406264,S2406264,1,2024-02-07,0R,pAMR0,7,S2412713,S2412713,4,2024-04-23,0R,pAMR0,76,0,future_no_significant_rejection,2,0.2002641354702537
image_only,pair_001106,patient_ead6420f83248981,S2407939,S2407939,2,2024-02-20,0R,pAMR0,1,S2409392,S2409392,3,2024-03-12,0R,pAMR0,21,0,future_no_significant_rejection,2,0.2717095083312982
image_only,pair_001107,patient_ead6420f83248981,S2407939,S2407939,2,2024-02-20,0R,pAMR0,1,S2412713,S2412713,4,2024-04-23,0R,pAMR0,63,0,future_no_significant_rejection,2,0.2717095083312982
image_only,pair_001108,patient_ead6420f83248981,S2409392,S2409392,3,2024-03-12,0R,pAMR0,1,S2412713,S2412713,4,2024-04-23,0R,pAMR0,42,0,future_no_significant_rejection,2,0.18710705985472895
image_only,pair_001109,patient_f02086679c6d7438,S2506967,S2506967,1,2025-03-11,0R,pAMR0,1,S2508631,S2508631,2,2025-03-25,0R,pAMR0,14,0,future_no_significant_rejection,2,0.45997523527195006
image_only,pair_001110,patient_f02086679c6d7438,S2506967,S2506967,1,2025-03-11,0R,pAMR0,1,S2511007,S2511007,3,2025-04-15,0R,pAMR0,35,0,future_no_significant_rejection,2,0.45997523527195006
image_only,pair_001111,patient_f02086679c6d7438,S2508631,S2508631,2,2025-03-25,0R,pAMR0,2,S2511007,S2511007,3,2025-04-15,0R,pAMR0,21,0,future_no_significant_rejection,2,0.25352604743893187
image_only,pair_001127,patient_f4a709d12cad57f1,S2251251,S2251251,1,2022-12-06,1R,pAMR0,5,S2253525,S2253525,2,2022-12-20,1R,pAMR0,14,0,future_no_significant_rejection,2,0.8455245660040339
image_only,pair_001128,patient_f4a709d12cad57f1,S2251251,S2251251,1,2022-12-06,1R,pAMR0,5,S2308044,S2308044,3,2023-02-21,1R,pAMR0,77,0,future_no_significant_rejection,2,0.8455245660040339
image_only,pair_001129,patient_f4a709d12cad57f1,S2251251,S2251251,1,2022-12-06,1R,pAMR0,5,S2318025,S2318025,4,2023-04-25,0R,pAMR0,140,0,future_no_significant_rejection,2,0.8455245660040339
image_only,pair_001130,patient_f4a709d12cad57f1,S2251251,S2251251,1,2022-12-06,1R,pAMR0,5,S2333274,S2333274,5,2023-08-01,0R,pAMR0,238,0,future_no_significant_rejection,2,0.8455245660040339
image_only,pair_001131,patient_f4a709d12cad57f1,S2251251,S2251251,1,2022-12-06,1R,pAMR0,5,S2349547,S2349547,6,2023-11-21,0R,pAMR0,350,0,future_no_significant_rejection,2,0.8455245660040339
image_only,pair_001132,patient_f4a709d12cad57f1,S2253525,S2253525,2,2022-12-20,1R,pAMR0,5,S2308044,S2308044,3,2023-02-21,1R,pAMR0,63,0,future_no_significant_rejection,2,0.5105157664401044
image_only,pair_001133,patient_f4a709d12cad57f1,S2253525,S2253525,2,2022-12-20,1R,pAMR0,5,S2318025,S2318025,4,2023-04-25,0R,pAMR0,126,0,future_no_significant_rejection,2,0.5105157664401044
image_only,pair_001134,patient_f4a709d12cad57f1,S2253525,S2253525,2,2022-12-20,1R,pAMR0,5,S2333274,S2333274,5,2023-08-01,0R,pAMR0,224,0,future_no_significant_rejection,2,0.5105157664401044
image_only,pair_001135,patient_f4a709d12cad57f1,S2253525,S2253525,2,2022-12-20,1R,pAMR0,5,S2349547,S2349547,6,2023-11-21,0R,pAMR0,336,0,future_no_significant_rejection,2,0.5105157664401044
image_only,pair_001136,patient_f4a709d12cad57f1,S2308044,S2308044,3,2023-02-21,1R,pAMR0,4,S2318025,S2318025,4,2023-04-25,0R,pAMR0,63,0,future_no_significant_rejection,2,0.5296169472777484
image_only,pair_001137,patient_f4a709d12cad57f1,S2308044,S2308044,3,2023-02-21,1R,pAMR0,4,S2333274,S2333274,5,2023-08-01,0R,pAMR0,161,0,future_no_significant_rejection,2,0.5296169472777484
image_only,pair_001138,patient_f4a709d12cad57f1,S2308044,S2308044,3,2023-02-21,1R,pAMR0,4,S2349547,S2349547,6,2023-11-21,0R,pAMR0,273,0,future_no_significant_rejection,2,0.5296169472777484
image_only,pair_001139,patient_f4a709d12cad57f1,S2318025,S2318025,4,2023-04-25,0R,pAMR0,1,S2333274,S2333274,5,2023-08-01,0R,pAMR0,98,0,future_no_significant_rejection,2,0.14634200360904134
image_only,pair_001140,patient_f4a709d12cad57f1,S2318025,S2318025,4,2023-04-25,0R,pAMR0,1,S2349547,S2349547,6,2023-11-21,0R,pAMR0,210,0,future_no_significant_rejection,2,0.14634200360904134
image_only,pair_001141,patient_f4a709d12cad57f1,S2333274,S2333274,5,2023-08-01,0R,pAMR0,1,S2349547,S2349547,6,2023-11-21,0R,pAMR0,112,0,future_no_significant_rejection,2,0.17597707347261385
image_only,pair_001148,patient_f78d4288245eabd8,S2425843,S2425843,1,2024-09-03,0R,pAMR0,1,S2427695,S2427695,2,2024-09-24,0R,pAMR0,21,0,future_no_significant_rejection,2,0.3298408492137503
image_only,pair_001149,patient_f78d4288245eabd8,S2425843,S2425843,1,2024-09-03,0R,pAMR0,1,S2436453,S2436453,3,2024-12-17,0R,pAMR0,105,0,future_no_significant_rejection,2,0.3298408492137503
image_only,pair_001150,patient_f78d4288245eabd8,S2425843,S2425843,1,2024-09-03,0R,pAMR0,1,S2504720,S2504720,4,2025-02-18,0R,pAMR0,168,0,future_no_significant_rejection,2,0.3298408492137503
image_only,pair_001151,patient_f78d4288245eabd8,S2425843,S2425843,1,2024-09-03,0R,pAMR0,1,S2529112,S2529112,5,2025-09-16,0R,pAMR0,378,0,future_no_significant_rejection,2,0.3298408492137503
image_only,pair_001152,patient_f78d4288245eabd8,S2427695,S2427695,2,2024-09-24,0R,pAMR0,6,S2436453,S2436453,3,2024-12-17,0R,pAMR0,84,0,future_no_significant_rejection,2,0.2908821705294171
image_only,pair_001153,patient_f78d4288245eabd8,S2427695,S2427695,2,2024-09-24,0R,pAMR0,6,S2504720,S2504720,4,2025-02-18,0R,pAMR0,147,0,future_no_significant_rejection,2,0.2908821705294171
image_only,pair_001154,patient_f78d4288245eabd8,S2427695,S2427695,2,2024-09-24,0R,pAMR0,6,S2529112,S2529112,5,2025-09-16,0R,pAMR0,357,0,future_no_significant_rejection,2,0.2908821705294171
image_only,pair_001155,patient_f78d4288245eabd8,S2436453,S2436453,3,2024-12-17,0R,pAMR0,2,S2504720,S2504720,4,2025-02-18,0R,pAMR0,63,0,future_no_significant_rejection,2,0.5578263967101398
image_only,pair_001156,patient_f78d4288245eabd8,S2436453,S2436453,3,2024-12-17,0R,pAMR0,2,S2529112,S2529112,5,2025-09-16,0R,pAMR0,273,0,future_no_significant_rejection,2,0.5578263967101398
image_only,pair_001157,patient_f78d4288245eabd8,S2504720,S2504720,4,2025-02-18,0R,pAMR0,1,S2529112,S2529112,5,2025-09-16,0R,pAMR0,210,0,future_no_significant_rejection,2,0.27136491959203185
image_plus_time,pair_000130,patient_228507d0242d624c,S2222061,S2222061,1,2022-05-31,1R,pAMR0,3,S2225225,S2225225,2,2022-06-21,1R,pAMR0,21,0,future_no_significant_rejection,0,0.6295209576182812
image_plus_time,pair_000131,patient_228507d0242d624c,S2222061,S2222061,1,2022-05-31,1R,pAMR0,3,S2232192,S2232192,3,2022-08-02,0R,pAMR0,63,0,future_no_significant_rejection,0,0.6284773902398562
image_plus_time,pair_000132,patient_228507d0242d624c,S2222061,S2222061,1,2022-05-31,1R,pAMR0,3,S2241562,S2241562,4,2022-10-04,1R,pAMR0,126,0,future_no_significant_rejection,0,0.6278070313700647
image_plus_time,pair_000133,patient_228507d0242d624c,S2222061,S2222061,1,2022-05-31,1R,pAMR0,3,S2247860,S2247860,5,2022-11-15,2R,pAMR0,168,1,future_significant_rejection,0,0.6275274051178684
image_plus_time,pair_000134,patient_228507d0242d624c,S2222061,S2222061,1,2022-05-31,1R,pAMR0,3,S2252333,S2252333,6,2022-12-13,0R,pAMR0,196,0,future_no_significant_rejection,0,0.6273773301554855
image_plus_time,pair_000135,patient_228507d0242d624c,S2222061,S2222061,1,2022-05-31,1R,pAMR0,3,S2306847,S2306847,7,2023-02-14,0R,pAMR0,259,0,future_no_significant_rejection,0,0.6271056361508971
image_plus_time,pair_000136,patient_228507d0242d624c,S2222061,S2222061,1,2022-05-31,1R,pAMR0,3,S2320993,S2320993,8,2023-05-16,2R,pAMR0,350,1,future_significant_rejection,0,0.6268116967475793
image_plus_time,pair_000137,patient_228507d0242d624c,S2225225,S2225225,2,2022-06-21,1R,pAMR0,1,S2232192,S2232192,3,2022-08-02,0R,pAMR0,42,0,future_no_significant_rejection,0,0.3936427029489089
image_plus_time,pair_000138,patient_228507d0242d624c,S2225225,S2225225,2,2022-06-21,1R,pAMR0,1,S2241562,S2241562,4,2022-10-04,1R,pAMR0,105,0,future_no_significant_rejection,0,0.3927412009176336
image_plus_time,pair_000139,patient_228507d0242d624c,S2225225,S2225225,2,2022-06-21,1R,pAMR0,1,S2247860,S2247860,5,2022-11-15,2R,pAMR0,147,1,future_significant_rejection,0,0.39240788515070346
image_plus_time,pair_000140,patient_228507d0242d624c,S2225225,S2225225,2,2022-06-21,1R,pAMR0,1,S2252333,S2252333,6,2022-12-13,0R,pAMR0,175,0,future_no_significant_rejection,0,0.3922348903944534
image_plus_time,pair_000141,patient_228507d0242d624c,S2225225,S2225225,2,2022-06-21,1R,pAMR0,1,S2306847,S2306847,7,2023-02-14,0R,pAMR0,238,0,future_no_significant_rejection,0,0.39192946602146717
image_plus_time,pair_000142,patient_228507d0242d624c,S2225225,S2225225,2,2022-06-21,1R,pAMR0,1,S2320993,S2320993,8,2023-05-16,2R,pAMR0,329,1,future_significant_rejection,0,0.39160751392442866
image_plus_time,pair_000143,patient_228507d0242d624c,S2232192,S2232192,3,2022-08-02,0R,pAMR0,1,S2241562,S2241562,4,2022-10-04,1R,pAMR0,63,0,future_no_significant_rejection,0,0.47630761847472697
image_plus_time,pair_000144,patient_228507d0242d624c,S2232192,S2232192,3,2022-08-02,0R,pAMR0,1,S2247860,S2247860,5,2022-11-15,2R,pAMR0,105,1,future_significant_rejection,0,0.47578058210676843
image_plus_time,pair_000145,patient_228507d0242d624c,S2232192,S2232192,3,2022-08-02,0R,pAMR0,1,S2252333,S2252333,6,2022-12-13,0R,pAMR0,133,0,future_no_significant_rejection,0,0.4755357560198228
image_plus_time,pair_000146,patient_228507d0242d624c,S2232192,S2232192,3,2022-08-02,0R,pAMR0,1,S2306847,S2306847,7,2023-02-14,0R,pAMR0,196,0,future_no_significant_rejection,0,0.4751332779682011
image_plus_time,pair_000147,patient_228507d0242d624c,S2232192,S2232192,3,2022-08-02,0R,pAMR0,1,S2320993,S2320993,8,2023-05-16,2R,pAMR0,287,1,future_significant_rejection,0,0.4747366877085755
image_plus_time,pair_000148,patient_228507d0242d624c,S2241562,S2241562,4,2022-10-04,1R,pAMR0,1,S2247860,S2247860,5,2022-11-15,2R,pAMR0,42,1,future_significant_rejection,0,0.3963118166615557
image_plus_time,pair_000149,patient_228507d0242d624c,S2241562,S2241562,4,2022-10-04,1R,pAMR0,1,S2252333,S2252333,6,2022-12-13,0R,pAMR0,70,0,future_no_significant_rejection,0,0.3958094767252267
image_plus_time,pair_000150,patient_228507d0242d624c,S2241562,S2241562,4,2022-10-04,1R,pAMR0,1,S2306847,S2306847,7,2023-02-14,0R,pAMR0,133,0,future_no_significant_rejection,0,0.39517354293260015
image_plus_time,pair_000151,patient_228507d0242d624c,S2241562,S2241562,4,2022-10-04,1R,pAMR0,1,S2320993,S2320993,8,2023-05-16,2R,pAMR0,224,1,future_significant_rejection,0,0.39465491346620984
image_plus_time,pair_000192,patient_2b3a49d49419f139,S2133162,S2133162,1,2021-08-03,0R,pAMR0,1,S2142820,S2142820,2,2021-10-05,0R,pAMR0,63,0,future_no_significant_rejection,0,0.5247191061430688
image_plus_time,pair_000193,patient_2b3a49d49419f139,S2133162,S2133162,1,2021-08-03,0R,pAMR0,1,S2154959,S2154959,3,2021-12-21,0R,pAMR0,140,0,future_no_significant_rejection,0,0.5238940926875821
image_plus_time,pair_000194,patient_2b3a49d49419f139,S2133162,S2133162,1,2021-08-03,0R,pAMR0,1,S2209237,S2209237,4,2022-03-08,0R,pAMR0,217,0,future_no_significant_rejection,0,0.5234389182924886
image_plus_time,pair_000195,patient_2b3a49d49419f139,S2142820,S2142820,2,2021-10-05,0R,pAMR0,1,S2154959,S2154959,3,2021-12-21,0R,pAMR0,77,0,future_no_significant_rejection,0,0.5160549932764174
image_plus_time,pair_000196,patient_2b3a49d49419f139,S2142820,S2142820,2,2021-10-05,0R,pAMR0,1,S2209237,S2209237,4,2022-03-08,0R,pAMR0,154,0,future_no_significant_rejection,0,0.5153367386702201
image_plus_time,pair_000197,patient_2b3a49d49419f139,S2154959,S2154959,3,2021-12-21,0R,pAMR0,1,S2209237,S2209237,4,2022-03-08,0R,pAMR0,77,0,future_no_significant_rejection,0,0.5086107424899187
image_plus_time,pair_000198,patient_2c0945e38263a664,S2233279,S2233279,1,2022-08-09,1R,pAMR0,3,S2235318,S2235318,2,2022-08-23,0R,pAMR0,14,0,future_no_significant_rejection,0,0.5731466899526171
image_plus_time,pair_000199,patient_2c0945e38263a664,S2233279,S2233279,1,2022-08-09,1R,pAMR0,3,S2246785,S2246785,3,2022-11-08,0R,pAMR0,91,0,future_no_significant_rejection,0,0.5712873976426334
image_plus_time,pair_000200,patient_2c0945e38263a664,S2233279,S2233279,1,2022-08-09,1R,pAMR0,3,S2254659,S2254659,4,2022-12-27,0R,pAMR0,140,0,future_no_significant_rejection,0,0.5708494076813698
image_plus_time,pair_000201,patient_2c0945e38263a664,S2233279,S2233279,1,2022-08-09,1R,pAMR0,3,S2308045,S2308045,5,2023-02-21,0R,pAMR0,196,0,future_no_significant_rejection,0,0.5705062554590414
image_plus_time,pair_000202,patient_2c0945e38263a664,S2233279,S2233279,1,2022-08-09,1R,pAMR0,3,S2318956,S2318956,6,2023-05-02,2R,pAMR0,266,1,future_significant_rejection,0,0.5701942348576039
image_plus_time,pair_000203,patient_2c0945e38263a664,S2233279,S2233279,1,2022-08-09,1R,pAMR0,3,S2332142,S2332142,7,2023-07-25,0R,pAMR0,350,0,future_no_significant_rejection,0,0.5699134742139487
image_plus_time,pair_000204,patient_2c0945e38263a664,S2235318,S2235318,2,2022-08-23,0R,pAMR0,4,S2246785,S2246785,3,2022-11-08,0R,pAMR0,77,0,future_no_significant_rejection,0,0.5168903794265137
image_plus_time,pair_000205,patient_2c0945e38263a664,S2235318,S2235318,2,2022-08-23,0R,pAMR0,4,S2254659,S2254659,4,2022-12-27,0R,pAMR0,126,0,future_no_significant_rejection,0,0.5163805750839653
image_plus_time,pair_000206,patient_2c0945e38263a664,S2235318,S2235318,2,2022-08-23,0R,pAMR0,4,S2308045,S2308045,5,2023-02-21,0R,pAMR0,182,0,future_no_significant_rejection,0,0.5159985232288496
image_plus_time,pair_000207,patient_2c0945e38263a664,S2235318,S2235318,2,2022-08-23,0R,pAMR0,4,S2318956,S2318956,6,2023-05-02,2R,pAMR0,252,1,future_significant_rejection,0,0.5156597498751714
image_plus_time,pair_000208,patient_2c0945e38263a664,S2235318,S2235318,2,2022-08-23,0R,pAMR0,4,S2332142,S2332142,7,2023-07-25,0R,pAMR0,336,0,future_no_significant_rejection,0,0.5153598826605054
image_plus_time,pair_000209,patient_2c0945e38263a664,S2246785,S2246785,3,2022-11-08,0R,pAMR0,3,S2254659,S2254659,4,2022-12-27,0R,pAMR0,49,0,future_no_significant_rejection,0,0.49584772261584675
image_plus_time,pair_000210,patient_2c0945e38263a664,S2246785,S2246785,3,2022-11-08,0R,pAMR0,3,S2308045,S2308045,5,2023-02-21,0R,pAMR0,105,0,future_no_significant_rejection,0,0.49506108659061965
image_plus_time,pair_000211,patient_2c0945e38263a664,S2246785,S2246785,3,2022-11-08,0R,pAMR0,3,S2318956,S2318956,6,2023-05-02,2R,pAMR0,175,1,future_significant_rejection,0,0.49453028935474697
image_plus_time,pair_000212,patient_2c0945e38263a664,S2246785,S2246785,3,2022-11-08,0R,pAMR0,3,S2332142,S2332142,7,2023-07-25,0R,pAMR0,259,0,future_no_significant_rejection,0,0.49412182138419963
image_plus_time,pair_000213,patient_2c0945e38263a664,S2254659,S2254659,4,2022-12-27,0R,pAMR0,3,S2308045,S2308045,5,2023-02-21,0R,pAMR0,56,0,future_no_significant_rejection,0,0.49709417883267815
image_plus_time,pair_000214,patient_2c0945e38263a664,S2254659,S2254659,4,2022-12-27,0R,pAMR0,3,S2318956,S2318956,6,2023-05-02,2R,pAMR0,126,1,future_significant_rejection,0,0.49625546043992974
image_plus_time,pair_000215,patient_2c0945e38263a664,S2254659,S2254659,4,2022-12-27,0R,pAMR0,3,S2332142,S2332142,7,2023-07-25,0R,pAMR0,210,0,future_no_significant_rejection,0,0.49572398433464826
image_plus_time,pair_000216,patient_2c0945e38263a664,S2308045,S2308045,5,2023-02-21,0R,pAMR0,5,S2318956,S2318956,6,2023-05-02,2R,pAMR0,70,1,future_significant_rejection,0,0.5167337983361824
image_plus_time,pair_000217,patient_2c0945e38263a664,S2308045,S2308045,5,2023-02-21,0R,pAMR0,5,S2332142,S2332142,7,2023-07-25,0R,pAMR0,154,0,future_no_significant_rejection,0,0.5159172623476558
image_plus_time,pair_000281,patient_331a649dfec3ede4,S2129803,S2129803,1,2021-07-13,0R,pAMR0,1,S2140144,S2140144,2,2021-09-14,1R,pAMR0,63,0,future_no_significant_rejection,0,0.5382926075039669
image_plus_time,pair_000282,patient_331a649dfec3ede4,S2129803,S2129803,1,2021-07-13,0R,pAMR0,1,S2210207,S2210207,3,2022-03-15,0R,pAMR0,245,0,future_no_significant_rejection,0,0.5368909015227706
image_plus_time,pair_000283,patient_331a649dfec3ede4,S2140144,S2140144,2,2021-09-14,1R,pAMR0,1,S2210207,S2210207,3,2022-03-15,0R,pAMR0,182,0,future_no_significant_rejection,0,0.5317445821163448
image_plus_time,pair_000284,patient_37a67c1ae4e8ad43,S2245753,S2245753,1,2022-11-01,0R,pAMR0,1,S2251252,S2251252,2,2022-12-06,0R,pAMR0,35,0,future_no_significant_rejection,0,0.44390343224623025
image_plus_time,pair_000285,patient_37a67c1ae4e8ad43,S2245753,S2245753,1,2022-11-01,0R,pAMR0,1,S2300360,S2300360,3,2023-01-03,1R,pAMR0,63,0,future_no_significant_rejection,0,0.44330871309658954
image_plus_time,pair_000286,patient_37a67c1ae4e8ad43,S2245753,S2245753,1,2022-11-01,0R,pAMR0,1,S2304560,S2304560,4,2023-01-31,0R,pAMR0,91,0,future_no_significant_rejection,0,0.4429336830597207
image_plus_time,pair_000287,patient_37a67c1ae4e8ad43,S2245753,S2245753,1,2022-11-01,0R,pAMR0,1,S2314588,S2314588,5,2023-04-04,0R,pAMR0,154,0,future_no_significant_rejection,0,0.4423947328789812
image_plus_time,pair_000288,patient_37a67c1ae4e8ad43,S2245753,S2245753,1,2022-11-01,0R,pAMR0,1,S2328623,S2328623,6,2023-07-04,0R,pAMR0,245,0,future_no_significant_rejection,0,0.4419176085028824
image_plus_time,pair_000289,patient_37a67c1ae4e8ad43,S2245753,S2245753,1,2022-11-01,0R,pAMR0,1,S2346543,S2346543,7,2023-10-31,0R,pAMR0,364,0,future_no_significant_rejection,0,0.4415101281944915
image_plus_time,pair_000290,patient_37a67c1ae4e8ad43,S2245753,S2245753,1,2022-11-01,0R,pAMR0,1,S2408481,S2408481,8,2024-02-27,0R,pAMR0,483,0,future_no_significant_rejection,0,0.4412187526643104
image_plus_time,pair_000291,patient_37a67c1ae4e8ad43,S2251252,S2251252,2,2022-12-06,0R,pAMR0,1,S2300360,S2300360,3,2023-01-03,1R,pAMR0,28,0,future_no_significant_rejection,0,0.4105678228862738
image_plus_time,pair_000292,patient_37a67c1ae4e8ad43,S2251252,S2251252,2,2022-12-06,0R,pAMR0,1,S2304560,S2304560,4,2023-01-31,0R,pAMR0,56,0,future_no_significant_rejection,0,0.4098831432247888
image_plus_time,pair_000293,patient_37a67c1ae4e8ad43,S2251252,S2251252,2,2022-12-06,0R,pAMR0,1,S2314588,S2314588,5,2023-04-04,0R,pAMR0,119,0,future_no_significant_rejection,0,0.40912927571513225
image_plus_time,pair_000294,patient_37a67c1ae4e8ad43,S2251252,S2251252,2,2022-12-06,0R,pAMR0,1,S2328623,S2328623,6,2023-07-04,0R,pAMR0,210,0,future_no_significant_rejection,0,0.40855804700707404
image_plus_time,pair_000295,patient_37a67c1ae4e8ad43,S2251252,S2251252,2,2022-12-06,0R,pAMR0,1,S2346543,S2346543,7,2023-10-31,0R,pAMR0,329,0,future_no_significant_rejection,0,0.4081055496644299
image_plus_time,pair_000296,patient_37a67c1ae4e8ad43,S2251252,S2251252,2,2022-12-06,0R,pAMR0,1,S2408481,S2408481,8,2024-02-27,0R,pAMR0,448,0,future_no_significant_rejection,0,0.40779408635345094
image_plus_time,pair_000297,patient_37a67c1ae4e8ad43,S2300360,S2300360,3,2023-01-03,1R,pAMR0,2,S2304560,S2304560,4,2023-01-31,0R,pAMR0,28,0,future_no_significant_rejection,0,0.44331000172821855
image_plus_time,pair_000298,patient_37a67c1ae4e8ad43,S2300360,S2300360,3,2023-01-03,1R,pAMR0,2,S2314588,S2314588,5,2023-04-04,0R,pAMR0,91,0,future_no_significant_rejection,0,0.4421171633251257
image_plus_time,pair_000299,patient_37a67c1ae4e8ad43,S2300360,S2300360,3,2023-01-03,1R,pAMR0,2,S2328623,S2328623,6,2023-07-04,0R,pAMR0,182,0,future_no_significant_rejection,0,0.44140694071094766
image_plus_time,pair_000300,patient_37a67c1ae4e8ad43,S2300360,S2300360,3,2023-01-03,1R,pAMR0,2,S2346543,S2346543,7,2023-10-31,0R,pAMR0,301,0,future_no_significant_rejection,0,0.4408897425959359
image_plus_time,pair_000301,patient_37a67c1ae4e8ad43,S2300360,S2300360,3,2023-01-03,1R,pAMR0,2,S2408481,S2408481,8,2024-02-27,0R,pAMR0,420,0,future_no_significant_rejection,0,0.44054682622210384
image_plus_time,pair_000302,patient_37a67c1ae4e8ad43,S2304560,S2304560,4,2023-01-31,0R,pAMR0,1,S2314588,S2314588,5,2023-04-04,0R,pAMR0,63,0,future_no_significant_rejection,0,0.5528320555008469
image_plus_time,pair_000303,patient_37a67c1ae4e8ad43,S2304560,S2304560,4,2023-01-31,0R,pAMR0,1,S2328623,S2328623,6,2023-07-04,0R,pAMR0,154,0,future_no_significant_rejection,0,0.5519161383721809
image_plus_time,pair_000304,patient_37a67c1ae4e8ad43,S2304560,S2304560,4,2023-01-31,0R,pAMR0,1,S2346543,S2346543,7,2023-10-31,0R,pAMR0,273,0,future_no_significant_rejection,0,0.5513260408334758
image_plus_time,pair_000305,patient_37a67c1ae4e8ad43,S2304560,S2304560,4,2023-01-31,0R,pAMR0,1,S2408481,S2408481,8,2024-02-27,0R,pAMR0,392,0,future_no_significant_rejection,0,0.5509523726241556
image_plus_time,pair_000306,patient_37a67c1ae4e8ad43,S2314588,S2314588,5,2023-04-04,0R,pAMR0,1,S2328623,S2328623,6,2023-07-04,0R,pAMR0,91,0,future_no_significant_rejection,0,0.5201041687150166
image_plus_time,pair_000307,patient_37a67c1ae4e8ad43,S2314588,S2314588,5,2023-04-04,0R,pAMR0,1,S2346543,S2346543,7,2023-10-31,0R,pAMR0,210,0,future_no_significant_rejection,0,0.5192364658492915
image_plus_time,pair_000308,patient_37a67c1ae4e8ad43,S2314588,S2314588,5,2023-04-04,0R,pAMR0,1,S2408481,S2408481,8,2024-02-27,0R,pAMR0,329,0,future_no_significant_rejection,0,0.518768906374612
image_plus_time,pair_000309,patient_37a67c1ae4e8ad43,S2328623,S2328623,6,2023-07-04,0R,pAMR0,1,S2346543,S2346543,7,2023-10-31,0R,pAMR0,119,0,future_no_significant_rejection,0,0.4730082338478454
image_plus_time,pair_000310,patient_37a67c1ae4e8ad43,S2328623,S2328623,6,2023-07-04,0R,pAMR0,1,S2408481,S2408481,8,2024-02-27,0R,pAMR0,238,0,future_no_significant_rejection,0,0.4722890677949492
image_plus_time,pair_000311,patient_37a67c1ae4e8ad43,S2346543,S2346543,7,2023-10-31,0R,pAMR0,1,S2408481,S2408481,8,2024-02-27,0R,pAMR0,119,0,future_no_significant_rejection,0,0.42710573286328973
image_plus_time,pair_000398,patient_4610d334819bbd61,S2506966,S2506966,1,2025-03-11,0R,pAMR0,1,S2509420,S2509420,2,2025-04-01,0R,pAMR0,21,0,future_no_significant_rejection,0,0.48164354603551895
image_plus_time,pair_000399,patient_4610d334819bbd61,S2506966,S2506966,1,2025-03-11,0R,pAMR0,1,S2513846,S2513846,3,2025-05-13,0R,pAMR0,63,0,future_no_significant_rejection,0,0.48052716193540596
image_plus_time,pair_000400,patient_4610d334819bbd61,S2509420,S2509420,2,2025-04-01,0R,pAMR0,5,S2513846,S2513846,3,2025-05-13,0R,pAMR0,42,0,future_no_significant_rejection,0,0.46833134644326047
image_plus_time,pair_000417,patient_4a9f4346155f3b62,S2214326,S2214326,1,2022-04-12,0R,pAMR0,3,S2216629,S2216629,2,2022-04-25,1R,pAMR0,13,0,future_no_significant_rejection,0,0.5776279889026155
image_plus_time,pair_000418,patient_4a9f4346155f3b62,S2214326,S2214326,1,2022-04-12,0R,pAMR0,3,S2222063,S2222063,3,2022-05-31,0R,pAMR0,49,0,future_no_significant_rejection,0,0.5763268366856553
image_plus_time,pair_000419,patient_4a9f4346155f3b62,S2214326,S2214326,1,2022-04-12,0R,pAMR0,3,S2235319,S2235319,4,2022-08-23,2R,pAMR0,133,1,future_significant_rejection,0,0.5753184628112968
image_plus_time,pair_000420,patient_4a9f4346155f3b62,S2214326,S2214326,1,2022-04-12,0R,pAMR0,3,S2242499,S2242499,5,2022-10-11,0R,pAMR0,182,0,future_no_significant_rejection,0,0.5749995546075876
image_plus_time,pair_000421,patient_4a9f4346155f3b62,S2214326,S2214326,1,2022-04-12,0R,pAMR0,3,S2312318,S2312318,6,2023-03-21,0R,pAMR0,343,0,future_no_significant_rejection,0,0.574353501179328
image_plus_time,pair_000422,patient_4a9f4346155f3b62,S2216629,S2216629,2,2022-04-25,1R,pAMR0,1,S2222063,S2222063,3,2022-05-31,0R,pAMR0,36,0,future_no_significant_rejection,0,0.6558833854029037
image_plus_time,pair_000423,patient_4a9f4346155f3b62,S2216629,S2216629,2,2022-04-25,1R,pAMR0,1,S2235319,S2235319,4,2022-08-23,2R,pAMR0,120,1,future_significant_rejection,0,0.6547625846234885
image_plus_time,pair_000424,patient_4a9f4346155f3b62,S2216629,S2216629,2,2022-04-25,1R,pAMR0,1,S2242499,S2242499,5,2022-10-11,0R,pAMR0,169,0,future_no_significant_rejection,0,0.6544406440838539
image_plus_time,pair_000425,patient_4a9f4346155f3b62,S2216629,S2216629,2,2022-04-25,1R,pAMR0,1,S2312318,S2312318,6,2023-03-21,0R,pAMR0,330,0,future_no_significant_rejection,0,0.6538093205663058
image_plus_time,pair_000426,patient_4a9f4346155f3b62,S2222063,S2222063,3,2022-05-31,0R,pAMR0,1,S2235319,S2235319,4,2022-08-23,2R,pAMR0,84,1,future_significant_rejection,0,0.6385229284897358
image_plus_time,pair_000427,patient_4a9f4346155f3b62,S2222063,S2222063,3,2022-05-31,0R,pAMR0,1,S2242499,S2242499,5,2022-10-11,0R,pAMR0,133,0,future_no_significant_rejection,0,0.6380828273866465
image_plus_time,pair_000428,patient_4a9f4346155f3b62,S2222063,S2222063,3,2022-05-31,0R,pAMR0,1,S2312318,S2312318,6,2023-03-21,0R,pAMR0,294,0,future_no_significant_rejection,0,0.6373192993126724
image_plus_time,pair_000514,patient_6d8c27caf7586f64,S2323108,S2323108,1,2023-05-30,0R,pAMR0,4,S2326332,S2326332,2,2023-06-20,0R,pAMR0,21,0,future_no_significant_rejection,0,0.6271074246169897
image_plus_time,pair_000515,patient_6d8c27caf7586f64,S2323108,S2323108,1,2023-05-30,0R,pAMR0,4,S2330982,S2330982,3,2023-07-18,1R,pAMR0,49,0,future_no_significant_rejection,0,0.6263030890514345
image_plus_time,pair_000516,patient_6d8c27caf7586f64,S2326332,S2326332,2,2023-06-20,0R,pAMR0,5,S2330982,S2330982,3,2023-07-18,1R,pAMR0,28,0,future_no_significant_rejection,0,0.4954716656897968
image_plus_time,pair_000549,patient_718a20df543bc4dd,S2409391,S2409391,1,2024-03-12,0R,pAMR0,4,S2410460,S2410460,2,2024-03-26,0R,pAMR0,14,0,future_no_significant_rejection,0,0.6435193650817952
image_plus_time,pair_000550,patient_718a20df543bc4dd,S2409391,S2409391,1,2024-03-12,0R,pAMR0,4,S2412725,S2412725,3,2024-04-23,0R,pAMR0,42,0,future_no_significant_rejection,0,0.6425069668890224
image_plus_time,pair_000551,patient_718a20df543bc4dd,S2409391,S2409391,1,2024-03-12,0R,pAMR0,4,S2415070,S2415070,4,2024-05-22,0R,pAMR0,71,0,future_no_significant_rejection,0,0.6420109822537606
image_plus_time,pair_000552,patient_718a20df543bc4dd,S2409391,S2409391,1,2024-03-12,0R,pAMR0,4,S2424259,S2424259,5,2024-08-20,0R,pAMR0,161,0,future_no_significant_rejection,0,0.6412300847309441
image_plus_time,pair_000553,patient_718a20df543bc4dd,S2409391,S2409391,1,2024-03-12,0R,pAMR0,4,S2504721,S2504721,6,2025-02-18,0R,pAMR0,343,0,future_no_significant_rejection,0,0.6405042571714659
image_plus_time,pair_000554,patient_718a20df543bc4dd,S2410460,S2410460,2,2024-03-26,0R,pAMR0,1,S2412725,S2412725,3,2024-04-23,0R,pAMR0,28,0,future_no_significant_rejection,0,0.5181623610326633
image_plus_time,pair_000555,patient_718a20df543bc4dd,S2410460,S2410460,2,2024-03-26,0R,pAMR0,1,S2415070,S2415070,4,2024-05-22,0R,pAMR0,57,0,future_no_significant_rejection,0,0.5174375847766146
image_plus_time,pair_000556,patient_718a20df543bc4dd,S2410460,S2410460,2,2024-03-26,0R,pAMR0,1,S2424259,S2424259,5,2024-08-20,0R,pAMR0,147,0,future_no_significant_rejection,0,0.5164579536648931
image_plus_time,pair_000557,patient_718a20df543bc4dd,S2410460,S2410460,2,2024-03-26,0R,pAMR0,1,S2504721,S2504721,6,2025-02-18,0R,pAMR0,329,0,future_no_significant_rejection,0,0.5156192824908263
image_plus_time,pair_000558,patient_718a20df543bc4dd,S2412725,S2412725,3,2024-04-23,0R,pAMR0,2,S2415070,S2415070,4,2024-05-22,0R,pAMR0,29,0,future_no_significant_rejection,0,0.5335695455413326
image_plus_time,pair_000559,patient_718a20df543bc4dd,S2412725,S2412725,3,2024-04-23,0R,pAMR0,2,S2424259,S2424259,5,2024-08-20,0R,pAMR0,119,0,future_no_significant_rejection,0,0.5321244181396255
image_plus_time,pair_000560,patient_718a20df543bc4dd,S2412725,S2412725,3,2024-04-23,0R,pAMR0,2,S2504721,S2504721,6,2025-02-18,0R,pAMR0,301,0,future_no_significant_rejection,0,0.5311620139191847
image_plus_time,pair_000561,patient_718a20df543bc4dd,S2415070,S2415070,4,2024-05-22,0R,pAMR0,2,S2424259,S2424259,5,2024-08-20,0R,pAMR0,90,0,future_no_significant_rejection,0,0.4910278916861974
image_plus_time,pair_000562,patient_718a20df543bc4dd,S2415070,S2415070,4,2024-05-22,0R,pAMR0,2,S2504721,S2504721,6,2025-02-18,0R,pAMR0,272,0,future_no_significant_rejection,0,0.48987811043087165
image_plus_time,pair_000563,patient_718a20df543bc4dd,S2424259,S2424259,5,2024-08-20,0R,pAMR0,2,S2504721,S2504721,6,2025-02-18,0R,pAMR0,182,0,future_no_significant_rejection,0,0.5116226874294765
image_plus_time,pair_000582,patient_78e356d1740b4e11,S2150492,S2150492,1,2021-11-23,1R,pAMR0,3,S2229536,S2229536,2,2022-07-15,1R,pAMR0,234,0,future_no_significant_rejection,0,0.5405455732338538
image_plus_time,pair_000596,patient_7d29fcd258114554,S2141806,S2141806,1,2021-09-28,0R,pAMR0,3,S2143769,S2143769,2,2021-10-12,0R,pAMR0,14,0,future_no_significant_rejection,0,0.6356369338843307
image_plus_time,pair_000597,patient_7d29fcd258114554,S2141806,S2141806,1,2021-09-28,0R,pAMR0,3,S2149396,S2149396,3,2021-11-16,1R,pAMR0,49,0,future_no_significant_rejection,0,0.6344683883042369
image_plus_time,pair_000598,patient_7d29fcd258114554,S2141806,S2141806,1,2021-09-28,0R,pAMR0,3,S2154957,S2154957,4,2021-12-21,1R,pAMR0,84,0,future_no_significant_rejection,0,0.6339528698328466
image_plus_time,pair_000599,patient_7d29fcd258114554,S2141806,S2141806,1,2021-09-28,0R,pAMR0,3,S2203734,S2203734,5,2022-01-25,0R,pAMR0,119,0,future_no_significant_rejection,0,0.6336176841256599
image_plus_time,pair_000600,patient_7d29fcd258114554,S2141806,S2141806,1,2021-09-28,0R,pAMR0,3,S2210203,S2210203,6,2022-03-15,0R,pAMR0,168,0,future_no_significant_rejection,0,0.6332847357841727
image_plus_time,pair_000601,patient_7d29fcd258114554,S2141806,S2141806,1,2021-09-28,0R,pAMR0,3,S2239522,S2239522,7,2022-09-20,1R,pAMR0,357,0,future_no_significant_rejection,0,0.6325543919642159
image_plus_time,pair_000602,patient_7d29fcd258114554,S2143769,S2143769,2,2021-10-12,0R,pAMR0,1,S2149396,S2149396,3,2021-11-16,1R,pAMR0,35,0,future_no_significant_rejection,0,0.5764720998679099
image_plus_time,pair_000603,patient_7d29fcd258114554,S2143769,S2143769,2,2021-10-12,0R,pAMR0,1,S2154957,S2154957,4,2021-12-21,1R,pAMR0,70,0,future_no_significant_rejection,0,0.5757775290788519
image_plus_time,pair_000604,patient_7d29fcd258114554,S2143769,S2143769,2,2021-10-12,0R,pAMR0,1,S2203734,S2203734,5,2022-01-25,0R,pAMR0,105,0,future_no_significant_rejection,0,0.5753675361621169
image_plus_time,pair_000605,patient_7d29fcd258114554,S2143769,S2143769,2,2021-10-12,0R,pAMR0,1,S2210203,S2210203,6,2022-03-15,0R,pAMR0,154,0,future_no_significant_rejection,0,0.5749786992489694
image_plus_time,pair_000606,patient_7d29fcd258114554,S2143769,S2143769,2,2021-10-12,0R,pAMR0,1,S2239522,S2239522,7,2022-09-20,1R,pAMR0,343,0,future_no_significant_rejection,0,0.5741626123677976
image_plus_time,pair_000607,patient_7d29fcd258114554,S2149396,S2149396,3,2021-11-16,1R,pAMR0,1,S2154957,S2154957,4,2021-12-21,1R,pAMR0,35,0,future_no_significant_rejection,0,0.5046210299979563
image_plus_time,pair_000608,patient_7d29fcd258114554,S2149396,S2149396,3,2021-11-16,1R,pAMR0,1,S2203734,S2203734,5,2022-01-25,0R,pAMR0,70,0,future_no_significant_rejection,0,0.5039100287785562
image_plus_time,pair_000609,patient_7d29fcd258114554,S2149396,S2149396,3,2021-11-16,1R,pAMR0,1,S2210203,S2210203,6,2022-03-15,0R,pAMR0,119,0,future_no_significant_rejection,0,0.503360601812119
image_plus_time,pair_000610,patient_7d29fcd258114554,S2149396,S2149396,3,2021-11-16,1R,pAMR0,1,S2239522,S2239522,7,2022-09-20,1R,pAMR0,308,0,future_no_significant_rejection,0,0.5023703697689736
image_plus_time,pair_000611,patient_7d29fcd258114554,S2154957,S2154957,4,2021-12-21,1R,pAMR0,1,S2203734,S2203734,5,2022-01-25,0R,pAMR0,35,0,future_no_significant_rejection,0,0.5229650542678783
image_plus_time,pair_000612,patient_7d29fcd258114554,S2154957,S2154957,4,2021-12-21,1R,pAMR0,1,S2210203,S2210203,6,2022-03-15,0R,pAMR0,84,0,future_no_significant_rejection,0,0.5220674029841008
image_plus_time,pair_000613,patient_7d29fcd258114554,S2154957,S2154957,4,2021-12-21,1R,pAMR0,1,S2239522,S2239522,7,2022-09-20,1R,pAMR0,273,0,future_no_significant_rejection,0,0.5208442198414112
image_plus_time,pair_000614,patient_7d29fcd258114554,S2203734,S2203734,5,2022-01-25,0R,pAMR0,1,S2210203,S2210203,6,2022-03-15,0R,pAMR0,49,0,future_no_significant_rejection,0,0.5615293667712634
image_plus_time,pair_000615,patient_7d29fcd258114554,S2203734,S2203734,5,2022-01-25,0R,pAMR0,1,S2239522,S2239522,7,2022-09-20,1R,pAMR0,238,0,future_no_significant_rejection,0,0.5599156217319631
image_plus_time,pair_000616,patient_7d29fcd258114554,S2210203,S2210203,6,2022-03-15,0R,pAMR0,1,S2239522,S2239522,7,2022-09-20,1R,pAMR0,189,0,future_no_significant_rejection,0,0.4848827826335057
image_plus_time,pair_000620,patient_7fb8c2b1e117173f,S2530063,S2530063,1,2025-09-23,0R,pAMR0,2,S2533022,S2533022,2,2025-10-21,0R,pAMR0,28,0,future_no_significant_rejection,0,0.5356380239540798
image_plus_time,pair_000624,patient_886cef649f01f586,S2102543,S2102543,1,2021-01-19,0R,pAMR0,2,S2200309,S2200309,2,2022-01-04,0R,pAMR0,350,0,future_no_significant_rejection,0,0.7421760165213327
image_plus_time,pair_000625,patient_895c9f3c4b1870d6,S2107860,S2107860,1,2021-02-23,1R,pAMR0,3,S2128633,S2128633,2,2021-07-06,2R,pAMR0,133,1,future_significant_rejection,0,0.6962690971928223
image_plus_time,pair_000626,patient_895c9f3c4b1870d6,S2107860,S2107860,1,2021-02-23,1R,pAMR0,3,S2134279,S2134279,3,2021-08-10,2R,pAMR0,168,1,future_significant_rejection,0,0.6960635381967429
image_plus_time,pair_000627,patient_895c9f3c4b1870d6,S2107860,S2107860,1,2021-02-23,1R,pAMR0,3,S2141807,S2141807,4,2021-09-28,1R,pAMR0,217,0,future_no_significant_rejection,0,0.6958379252947668
image_plus_time,pair_000628,patient_895c9f3c4b1870d6,S2107860,S2107860,1,2021-02-23,1R,pAMR0,3,S2148221,S2148221,5,2021-11-09,2R,pAMR0,259,1,future_significant_rejection,0,0.6956817407659458
image_plus_time,pair_000629,patient_895c9f3c4b1870d6,S2107860,S2107860,1,2021-02-23,1R,pAMR0,3,S2205208,S2205208,6,2022-02-08,0R,pAMR0,350,0,future_no_significant_rejection,0,0.6954156024905394
image_plus_time,pair_000752,patient_ab45843e8e5c5823,S2253529,S2253529,1,2022-12-20,0R,pAMR0,1,S2300361,S2300361,2,2023-01-03,0R,pAMR0,14,0,future_no_significant_rejection,0,0.45558672722252314
image_plus_time,pair_000753,patient_ab45843e8e5c5823,S2253529,S2253529,1,2022-12-20,0R,pAMR0,1,S2306015,S2306015,3,2023-02-08,1R,pAMR0,50,0,future_no_significant_rejection,0,0.4543158867857105
image_plus_time,pair_000754,patient_ab45843e8e5c5823,S2253529,S2253529,1,2022-12-20,0R,pAMR0,1,S2310079,S2310079,4,2023-03-07,0R,pAMR0,77,0,future_no_significant_rejection,0,0.45387480137835234
image_plus_time,pair_000755,patient_ab45843e8e5c5823,S2253529,S2253529,1,2022-12-20,0R,pAMR0,1,S2315841,S2315841,5,2023-04-11,1R,pAMR0,112,0,future_no_significant_rejection,0,0.4534900462675772
image_plus_time,pair_000756,patient_ab45843e8e5c5823,S2253529,S2253529,1,2022-12-20,0R,pAMR0,1,S2325143,S2325143,6,2023-06-13,0R,pAMR0,175,0,future_no_significant_rejection,0,0.45303019694390956
image_plus_time,pair_000757,patient_ab45843e8e5c5823,S2253529,S2253529,1,2022-12-20,0R,pAMR0,1,S2339820,S2339820,7,2023-09-12,0R,pAMR0,266,0,future_no_significant_rejection,0,0.45259774784353235
image_plus_time,pair_000758,patient_ab45843e8e5c5823,S2253529,S2253529,1,2022-12-20,0R,pAMR0,1,S2351751,S2351751,8,2023-12-05,1R,pAMR0,350,0,future_no_significant_rejection,0,0.4523139548725036
image_plus_time,pair_000759,patient_ab45843e8e5c5823,S2300361,S2300361,2,2023-01-03,0R,pAMR0,2,S2306015,S2306015,3,2023-02-08,1R,pAMR0,36,0,future_no_significant_rejection,0,0.43974673487674715
image_plus_time,pair_000760,patient_ab45843e8e5c5823,S2300361,S2300361,2,2023-01-03,0R,pAMR0,2,S2310079,S2310079,4,2023-03-07,0R,pAMR0,63,0,future_no_significant_rejection,0,0.43918144779845153
image_plus_time,pair_000761,patient_ab45843e8e5c5823,S2300361,S2300361,2,2023-01-03,0R,pAMR0,2,S2315841,S2315841,5,2023-04-11,1R,pAMR0,98,0,future_no_significant_rejection,0,0.4387315337327096
image_plus_time,pair_000762,patient_ab45843e8e5c5823,S2300361,S2300361,2,2023-01-03,0R,pAMR0,2,S2325143,S2325143,6,2023-06-13,0R,pAMR0,161,0,future_no_significant_rejection,0,0.43822373772452017
image_plus_time,pair_000763,patient_ab45843e8e5c5823,S2300361,S2300361,2,2023-01-03,0R,pAMR0,2,S2339820,S2339820,7,2023-09-12,0R,pAMR0,252,0,future_no_significant_rejection,0,0.4377641887667028
image_plus_time,pair_000764,patient_ab45843e8e5c5823,S2300361,S2300361,2,2023-01-03,0R,pAMR0,2,S2351751,S2351751,8,2023-12-05,1R,pAMR0,336,0,future_no_significant_rejection,0,0.43746870521512715
image_plus_time,pair_000765,patient_ab45843e8e5c5823,S2306015,S2306015,3,2023-02-08,1R,pAMR0,1,S2310079,S2310079,4,2023-03-07,0R,pAMR0,27,0,future_no_significant_rejection,0,0.4449288079822557
image_plus_time,pair_000766,patient_ab45843e8e5c5823,S2306015,S2306015,3,2023-02-08,1R,pAMR0,1,S2315841,S2315841,5,2023-04-11,1R,pAMR0,62,0,future_no_significant_rejection,0,0.44409025524091134
image_plus_time,pair_000767,patient_ab45843e8e5c5823,S2306015,S2306015,3,2023-02-08,1R,pAMR0,1,S2325143,S2325143,6,2023-06-13,0R,pAMR0,125,0,future_no_significant_rejection,0,0.44337374974181765
image_plus_time,pair_000768,patient_ab45843e8e5c5823,S2306015,S2306015,3,2023-02-08,1R,pAMR0,1,S2339820,S2339820,7,2023-09-12,0R,pAMR0,216,0,future_no_significant_rejection,0,0.4428119796713973
image_plus_time,pair_000769,patient_ab45843e8e5c5823,S2306015,S2306015,3,2023-02-08,1R,pAMR0,1,S2351751,S2351751,8,2023-12-05,1R,pAMR0,300,0,future_no_significant_rejection,0,0.44247390955556826
image_plus_time,pair_000770,patient_ab45843e8e5c5823,S2310079,S2310079,4,2023-03-07,0R,pAMR0,1,S2315841,S2315841,5,2023-04-11,1R,pAMR0,35,0,future_no_significant_rejection,0,0.471955559836806
image_plus_time,pair_000771,patient_ab45843e8e5c5823,S2310079,S2310079,4,2023-03-07,0R,pAMR0,1,S2325143,S2325143,6,2023-06-13,0R,pAMR0,98,0,future_no_significant_rejection,0,0.4708999149028675
image_plus_time,pair_000772,patient_ab45843e8e5c5823,S2310079,S2310079,4,2023-03-07,0R,pAMR0,1,S2339820,S2339820,7,2023-09-12,0R,pAMR0,189,0,future_no_significant_rejection,0,0.4702197647734213
image_plus_time,pair_000773,patient_ab45843e8e5c5823,S2310079,S2310079,4,2023-03-07,0R,pAMR0,1,S2351751,S2351751,8,2023-12-05,1R,pAMR0,273,0,future_no_significant_rejection,0,0.4698378464006187
image_plus_time,pair_000774,patient_ab45843e8e5c5823,S2315841,S2315841,5,2023-04-11,1R,pAMR0,2,S2325143,S2325143,6,2023-06-13,0R,pAMR0,63,0,future_no_significant_rejection,0,0.3450941621150086
image_plus_time,pair_000775,patient_ab45843e8e5c5823,S2315841,S2315841,5,2023-04-11,1R,pAMR0,2,S2339820,S2339820,7,2023-09-12,0R,pAMR0,154,0,future_no_significant_rejection,0,0.3442574527363859
image_plus_time,pair_000776,patient_ab45843e8e5c5823,S2315841,S2315841,5,2023-04-11,1R,pAMR0,2,S2351751,S2351751,8,2023-12-05,1R,pAMR0,238,0,future_no_significant_rejection,0,0.343848182921645
image_plus_time,pair_000777,patient_ab45843e8e5c5823,S2325143,S2325143,6,2023-06-13,0R,pAMR0,1,S2339820,S2339820,7,2023-09-12,0R,pAMR0,91,0,future_no_significant_rejection,0,0.45134870821591017
image_plus_time,pair_000778,patient_ab45843e8e5c5823,S2325143,S2325143,6,2023-06-13,0R,pAMR0,1,S2351751,S2351751,8,2023-12-05,1R,pAMR0,175,0,future_no_significant_rejection,0,0.45067607068429655
image_plus_time,pair_000779,patient_ab45843e8e5c5823,S2339820,S2339820,7,2023-09-12,0R,pAMR0,1,S2351751,S2351751,8,2023-12-05,1R,pAMR0,84,0,future_no_significant_rejection,0,0.4424613248209566
image_plus_time,pair_000780,patient_aca1fffca0191542,S2142816,S2142816,1,2021-10-05,0R,pAMR0,1,S2211179,S2211179,2,2022-03-22,0R,pAMR0,168,0,future_no_significant_rejection,0,0.4106353989790321
image_plus_time,pair_000781,patient_aca1fffca0191542,S2142816,S2142816,1,2021-10-05,0R,pAMR0,1,S2333273,S2333273,3,2023-08-01,0R,pAMR0,665,0,future_no_significant_rejection,0,0.40924619185638594
image_plus_time,pair_000782,patient_aca1fffca0191542,S2211179,S2211179,2,2022-03-22,0R,pAMR0,1,S2333273,S2333273,3,2023-08-01,0R,pAMR0,497,0,future_no_significant_rejection,0,0.4199081755351601
image_plus_time,pair_000783,patient_ad7be783b5ff7f03,S2314591,S2314591,1,2023-04-04,0R,pAMR0,3,S2316900,S2316900,2,2023-04-18,0R,pAMR0,14,0,future_no_significant_rejection,0,0.5407172237760841
image_plus_time,pair_000784,patient_ad7be783b5ff7f03,S2314591,S2314591,1,2023-04-04,0R,pAMR0,3,S2329756,S2329756,3,2023-07-11,1R,pAMR0,98,0,future_no_significant_rejection,0,0.5387540211837595
image_plus_time,pair_000785,patient_ad7be783b5ff7f03,S2314591,S2314591,1,2023-04-04,0R,pAMR0,3,S2410458,S2410458,4,2024-03-26,0R,pAMR0,357,0,future_no_significant_rejection,0,0.5374160562480039
image_plus_time,pair_000786,patient_ad7be783b5ff7f03,S2316900,S2316900,2,2023-04-18,0R,pAMR0,1,S2329756,S2329756,3,2023-07-11,1R,pAMR0,84,0,future_no_significant_rejection,0,0.5719909644730411
image_plus_time,pair_000787,patient_ad7be783b5ff7f03,S2316900,S2316900,2,2023-04-18,0R,pAMR0,1,S2410458,S2410458,4,2024-03-26,0R,pAMR0,343,0,future_no_significant_rejection,0,0.5705570691248969
image_plus_time,pair_000788,patient_ad7be783b5ff7f03,S2329756,S2329756,3,2023-07-11,1R,pAMR0,3,S2410458,S2410458,4,2024-03-26,0R,pAMR0,259,0,future_no_significant_rejection,0,0.38392014263227026
image_plus_time,pair_000789,patient_ae0f85572ff16638,S2153833,S2153833,1,2021-12-14,0R,pAMR0,1,S2311234,S2311234,2,2023-03-14,0R,pAMR0,455,0,future_no_significant_rejection,0,0.30868042122002365
image_plus_time,pair_000819,patient_c2ec040a2ccee825,S2420604,S2420604,1,2024-07-16,0R,pAMR0,2,S2422845,S2422845,2,2024-08-06,0R,pAMR0,21,0,future_no_significant_rejection,0,0.5669244206228533
image_plus_time,pair_000820,patient_c2ec040a2ccee825,S2420604,S2420604,1,2024-07-16,0R,pAMR0,2,S2502090,S2502090,3,2025-01-21,0R,pAMR0,189,0,future_no_significant_rejection,0,0.5647063121344688
image_plus_time,pair_000821,patient_c2ec040a2ccee825,S2420604,S2420604,1,2024-07-16,0R,pAMR0,2,S2511010,S2511010,4,2025-04-15,1R,pAMR0,273,0,future_no_significant_rejection,0,0.5643293985006603
image_plus_time,pair_000822,patient_c2ec040a2ccee825,S2420604,S2420604,1,2024-07-16,0R,pAMR0,2,S2520404,S2520404,5,2025-07-08,0R,pAMR0,357,0,future_no_significant_rejection,0,0.5640540512020652
image_plus_time,pair_000823,patient_c2ec040a2ccee825,S2422845,S2422845,2,2024-08-06,0R,pAMR0,2,S2502090,S2502090,3,2025-01-21,0R,pAMR0,168,0,future_no_significant_rejection,0,0.4895913142822993
image_plus_time,pair_000824,patient_c2ec040a2ccee825,S2422845,S2422845,2,2024-08-06,0R,pAMR0,2,S2511010,S2511010,4,2025-04-15,1R,pAMR0,252,0,future_no_significant_rejection,0,0.4891690669187387
image_plus_time,pair_000825,patient_c2ec040a2ccee825,S2422845,S2422845,2,2024-08-06,0R,pAMR0,2,S2520404,S2520404,5,2025-07-08,0R,pAMR0,336,0,future_no_significant_rejection,0,0.4888690556611191
image_plus_time,pair_000826,patient_c2ec040a2ccee825,S2502090,S2502090,3,2025-01-21,0R,pAMR0,1,S2511010,S2511010,4,2025-04-15,1R,pAMR0,84,0,future_no_significant_rejection,0,0.4117252883347708
image_plus_time,pair_000827,patient_c2ec040a2ccee825,S2502090,S2502090,3,2025-01-21,0R,pAMR0,1,S2520404,S2520404,5,2025-07-08,0R,pAMR0,168,0,future_no_significant_rejection,0,0.4110283737391074
image_plus_time,pair_000828,patient_c2ec040a2ccee825,S2511010,S2511010,4,2025-04-15,1R,pAMR0,2,S2520404,S2520404,5,2025-07-08,0R,pAMR0,84,0,future_no_significant_rejection,0,0.5094327732573382
image_plus_time,pair_000860,patient_c85fe67257ac09be,S2202565,S2202565,1,2022-01-18,0R,pAMR0,1,S2207349,S2207349,2,2022-02-22,0R,pAMR0,35,0,future_no_significant_rejection,0,0.5115467516359664
image_plus_time,pair_000861,patient_c85fe67257ac09be,S2202565,S2202565,1,2022-01-18,0R,pAMR0,1,S2210204,S2210204,3,2022-03-15,1R,pAMR0,56,0,future_no_significant_rejection,0,0.5110658865567324
image_plus_time,pair_000862,patient_c85fe67257ac09be,S2202565,S2202565,1,2022-01-18,0R,pAMR0,1,S2216630,S2216630,4,2022-04-26,0R,pAMR0,98,0,future_no_significant_rejection,0,0.5104881624342585
image_plus_time,pair_000863,patient_c85fe67257ac09be,S2202565,S2202565,1,2022-01-18,0R,pAMR0,1,S2220918,S2220918,5,2022-05-24,1R,pAMR0,126,0,future_no_significant_rejection,0,0.510227511367452
image_plus_time,pair_000864,patient_c85fe67257ac09be,S2202565,S2202565,1,2022-01-18,0R,pAMR0,1,S2227608,S2227608,6,2022-07-05,1R,pAMR0,168,0,future_no_significant_rejection,0,0.5099285047798451
image_plus_time,pair_000865,patient_c85fe67257ac09be,S2202565,S2202565,1,2022-01-18,0R,pAMR0,1,S2241560,S2241560,7,2022-10-04,1R,pAMR0,259,0,future_no_significant_rejection,0,0.5094776629704714
image_plus_time,pair_000866,patient_c85fe67257ac09be,S2207349,S2207349,2,2022-02-22,0R,pAMR0,1,S2210204,S2210204,3,2022-03-15,1R,pAMR0,21,0,future_no_significant_rejection,0,0.5477417820627082
image_plus_time,pair_000867,patient_c85fe67257ac09be,S2207349,S2207349,2,2022-02-22,0R,pAMR0,1,S2216630,S2216630,4,2022-04-26,0R,pAMR0,63,0,future_no_significant_rejection,0,0.5466337556711436
image_plus_time,pair_000868,patient_c85fe67257ac09be,S2207349,S2207349,2,2022-02-22,0R,pAMR0,1,S2220918,S2220918,5,2022-05-24,1R,pAMR0,91,0,future_no_significant_rejection,0,0.5462570872714094
image_plus_time,pair_000869,patient_c85fe67257ac09be,S2207349,S2207349,2,2022-02-22,0R,pAMR0,1,S2227608,S2227608,6,2022-07-05,1R,pAMR0,133,0,future_no_significant_rejection,0,0.5458667187298342
image_plus_time,pair_000870,patient_c85fe67257ac09be,S2207349,S2207349,2,2022-02-22,0R,pAMR0,1,S2241560,S2241560,7,2022-10-04,1R,pAMR0,224,0,future_no_significant_rejection,0,0.5453286341751067
image_plus_time,pair_000871,patient_c85fe67257ac09be,S2210204,S2210204,3,2022-03-15,1R,pAMR0,3,S2216630,S2216630,4,2022-04-26,0R,pAMR0,42,0,future_no_significant_rejection,0,0.5537796012843059
image_plus_time,pair_000872,patient_c85fe67257ac09be,S2210204,S2210204,3,2022-03-15,1R,pAMR0,3,S2220918,S2220918,5,2022-05-24,1R,pAMR0,70,0,future_no_significant_rejection,0,0.5532605885694494
image_plus_time,pair_000873,patient_c85fe67257ac09be,S2210204,S2210204,3,2022-03-15,1R,pAMR0,3,S2227608,S2227608,6,2022-07-05,1R,pAMR0,112,0,future_no_significant_rejection,0,0.5527795296228042
image_plus_time,pair_000874,patient_c85fe67257ac09be,S2210204,S2210204,3,2022-03-15,1R,pAMR0,3,S2241560,S2241560,7,2022-10-04,1R,pAMR0,203,0,future_no_significant_rejection,0,0.5521678696525707
image_plus_time,pair_000875,patient_c85fe67257ac09be,S2216630,S2216630,4,2022-04-26,0R,pAMR0,2,S2220918,S2220918,5,2022-05-24,1R,pAMR0,28,0,future_no_significant_rejection,0,0.6324243502827913
image_plus_time,pair_000876,patient_c85fe67257ac09be,S2216630,S2216630,4,2022-04-26,0R,pAMR0,2,S2227608,S2227608,6,2022-07-05,1R,pAMR0,70,0,future_no_significant_rejection,0,0.6315522444659538
image_plus_time,pair_000877,patient_c85fe67257ac09be,S2216630,S2216630,4,2022-04-26,0R,pAMR0,2,S2241560,S2241560,7,2022-10-04,1R,pAMR0,161,0,future_no_significant_rejection,0,0.6307480122453051
image_plus_time,pair_000878,patient_c85fe67257ac09be,S2220918,S2220918,5,2022-05-24,1R,pAMR0,1,S2227608,S2227608,6,2022-07-05,1R,pAMR0,42,0,future_no_significant_rejection,0,0.4460511363925074
image_plus_time,pair_000879,patient_c85fe67257ac09be,S2220918,S2220918,5,2022-05-24,1R,pAMR0,1,S2241560,S2241560,7,2022-10-04,1R,pAMR0,133,0,future_no_significant_rejection,0,0.44487528042530733
image_plus_time,pair_000880,patient_c85fe67257ac09be,S2227608,S2227608,6,2022-07-05,1R,pAMR0,3,S2241560,S2241560,7,2022-10-04,1R,pAMR0,91,0,future_no_significant_rejection,0,0.46244831209668
image_plus_time,pair_000909,patient_d074d89175786c47,S2227605,S2227605,1,2022-07-05,0R,pAMR0,1,S2231089,S2231089,2,2022-07-26,0R,pAMR0,21,0,future_no_significant_rejection,0,0.4768532167631793
image_plus_time,pair_000910,patient_d074d89175786c47,S2227605,S2227605,1,2022-07-05,0R,pAMR0,1,S2236496,S2236496,3,2022-08-30,0R,pAMR0,56,0,future_no_significant_rejection,0,0.4758587325050785
image_plus_time,pair_000911,patient_d074d89175786c47,S2227605,S2227605,1,2022-07-05,0R,pAMR0,1,S2242501,S2242501,4,2022-10-11,0R,pAMR0,98,0,future_no_significant_rejection,0,0.47528211965434863
image_plus_time,pair_000912,patient_d074d89175786c47,S2227605,S2227605,1,2022-07-05,0R,pAMR0,1,S2250151,S2250151,5,2022-11-29,0R,pAMR0,147,0,future_no_significant_rejection,0,0.47486219210243424
image_plus_time,pair_000913,patient_d074d89175786c47,S2227605,S2227605,1,2022-07-05,0R,pAMR0,1,S2304564,S2304564,6,2023-01-31,0R,pAMR0,210,0,future_no_significant_rejection,0,0.47449184512955267
image_plus_time,pair_000914,patient_d074d89175786c47,S2227605,S2227605,1,2022-07-05,0R,pAMR0,1,S2315840,S2315840,7,2023-04-11,0R,pAMR0,280,0,future_no_significant_rejection,0,0.4741926851028439
image_plus_time,pair_000915,patient_d074d89175786c47,S2227605,S2227605,1,2022-07-05,0R,pAMR0,1,S2327489,S2327489,8,2023-06-27,0R,pAMR0,357,0,future_no_significant_rejection,0,0.47393981665344753
image_plus_time,pair_000916,patient_d074d89175786c47,S2231089,S2231089,2,2022-07-26,0R,pAMR0,2,S2236496,S2236496,3,2022-08-30,0R,pAMR0,35,0,future_no_significant_rejection,0,0.4339156885616548
image_plus_time,pair_000917,patient_d074d89175786c47,S2231089,S2231089,2,2022-07-26,0R,pAMR0,2,S2242501,S2242501,4,2022-10-11,0R,pAMR0,77,0,future_no_significant_rejection,0,0.43312050268795893
image_plus_time,pair_000918,patient_d074d89175786c47,S2231089,S2231089,2,2022-07-26,0R,pAMR0,2,S2250151,S2250151,5,2022-11-29,0R,pAMR0,126,0,future_no_significant_rejection,0,0.4326193332017091
image_plus_time,pair_000919,patient_d074d89175786c47,S2231089,S2231089,2,2022-07-26,0R,pAMR0,2,S2304564,S2304564,6,2023-01-31,0R,pAMR0,189,0,future_no_significant_rejection,0,0.4322052861980455
image_plus_time,pair_000920,patient_d074d89175786c47,S2231089,S2231089,2,2022-07-26,0R,pAMR0,2,S2315840,S2315840,7,2023-04-11,0R,pAMR0,259,0,future_no_significant_rejection,0,0.4318829658220661
image_plus_time,pair_000921,patient_d074d89175786c47,S2231089,S2231089,2,2022-07-26,0R,pAMR0,2,S2327489,S2327489,8,2023-06-27,0R,pAMR0,336,0,future_no_significant_rejection,0,0.43161644375426284
image_plus_time,pair_000922,patient_d074d89175786c47,S2236496,S2236496,3,2022-08-30,0R,pAMR0,1,S2242501,S2242501,4,2022-10-11,0R,pAMR0,42,0,future_no_significant_rejection,0,0.4969525078723529
image_plus_time,pair_000923,patient_d074d89175786c47,S2236496,S2236496,3,2022-08-30,0R,pAMR0,1,S2250151,S2250151,5,2022-11-29,0R,pAMR0,91,0,future_no_significant_rejection,0,0.49615624155798715
image_plus_time,pair_000924,patient_d074d89175786c47,S2236496,S2236496,3,2022-08-30,0R,pAMR0,1,S2304564,S2304564,6,2023-01-31,0R,pAMR0,154,0,future_no_significant_rejection,0,0.49561014700206185
image_plus_time,pair_000925,patient_d074d89175786c47,S2236496,S2236496,3,2022-08-30,0R,pAMR0,1,S2315840,S2315840,7,2023-04-11,0R,pAMR0,224,0,future_no_significant_rejection,0,0.49522000439795255
image_plus_time,pair_000926,patient_d074d89175786c47,S2236496,S2236496,3,2022-08-30,0R,pAMR0,1,S2327489,S2327489,8,2023-06-27,0R,pAMR0,301,0,future_no_significant_rejection,0,0.49491188676251596
image_plus_time,pair_000927,patient_d074d89175786c47,S2242501,S2242501,4,2022-10-11,0R,pAMR0,1,S2250151,S2250151,5,2022-11-29,0R,pAMR0,49,0,future_no_significant_rejection,0,0.5271502668570682
image_plus_time,pair_000928,patient_d074d89175786c47,S2242501,S2242501,4,2022-10-11,0R,pAMR0,1,S2304564,S2304564,6,2023-01-31,0R,pAMR0,112,0,future_no_significant_rejection,0,0.5262990529590189
image_plus_time,pair_000929,patient_d074d89175786c47,S2242501,S2242501,4,2022-10-11,0R,pAMR0,1,S2315840,S2315840,7,2023-04-11,0R,pAMR0,182,0,future_no_significant_rejection,0,0.5257956860015001
image_plus_time,pair_000930,patient_d074d89175786c47,S2242501,S2242501,4,2022-10-11,0R,pAMR0,1,S2327489,S2327489,8,2023-06-27,0R,pAMR0,259,0,future_no_significant_rejection,0,0.5254289638429656
image_plus_time,pair_000931,patient_d074d89175786c47,S2250151,S2250151,5,2022-11-29,0R,pAMR0,1,S2304564,S2304564,6,2023-01-31,0R,pAMR0,63,0,future_no_significant_rejection,0,0.40495447464374384
image_plus_time,pair_000932,patient_d074d89175786c47,S2250151,S2250151,5,2022-11-29,0R,pAMR0,1,S2315840,S2315840,7,2023-04-11,0R,pAMR0,133,0,future_no_significant_rejection,0,0.4042089935241575
image_plus_time,pair_000933,patient_d074d89175786c47,S2250151,S2250151,5,2022-11-29,0R,pAMR0,1,S2327489,S2327489,8,2023-06-27,0R,pAMR0,210,0,future_no_significant_rejection,0,0.4037511854985046
image_plus_time,pair_000934,patient_d074d89175786c47,S2304564,S2304564,6,2023-01-31,0R,pAMR0,1,S2315840,S2315840,7,2023-04-11,0R,pAMR0,70,0,future_no_significant_rejection,0,0.3921135084333993
image_plus_time,pair_000935,patient_d074d89175786c47,S2304564,S2304564,6,2023-01-31,0R,pAMR0,1,S2327489,S2327489,8,2023-06-27,0R,pAMR0,147,0,future_no_significant_rejection,0,0.39138053181116766
image_plus_time,pair_000936,patient_d074d89175786c47,S2315840,S2315840,7,2023-04-11,0R,pAMR0,6,S2327489,S2327489,8,2023-06-27,0R,pAMR0,77,0,future_no_significant_rejection,0,0.37261009022089153
image_plus_time,pair_000961,patient_d4c07874dec8cc11,S2413769,S2413769,1,2024-05-07,0R,pAMR0,9,S2426614,S2426614,2,2024-09-10,0R,pAMR0,126,0,future_no_significant_rejection,0,0.5383099276894314
image_plus_time,pair_000962,patient_d4c07874dec8cc11,S2413769,S2413769,1,2024-05-07,0R,pAMR0,9,S2434133,S2434133,3,2024-11-26,1R,pAMR0,203,0,future_no_significant_rejection,0,0.5378166153376516
image_plus_time,pair_000963,patient_d4c07874dec8cc11,S2413769,S2413769,1,2024-05-07,0R,pAMR0,9,S2505508,S2505508,4,2025-02-25,0R,pAMR0,294,0,future_no_significant_rejection,0,0.5374326259265522
image_plus_time,pair_000964,patient_d4c07874dec8cc11,S2426614,S2426614,2,2024-09-10,0R,pAMR0,6,S2434133,S2434133,3,2024-11-26,1R,pAMR0,77,0,future_no_significant_rejection,0,0.5007919550515759
image_plus_time,pair_000965,patient_d4c07874dec8cc11,S2426614,S2426614,2,2024-09-10,0R,pAMR0,6,S2505508,S2505508,4,2025-02-25,0R,pAMR0,168,0,future_no_significant_rejection,0,0.49998245824846577
image_plus_time,pair_000966,patient_d4c07874dec8cc11,S2434133,S2434133,3,2024-11-26,1R,pAMR0,2,S2505508,S2505508,4,2025-02-25,0R,pAMR0,91,0,future_no_significant_rejection,0,0.4971826916551378
image_plus_time,pair_000967,patient_d66d976aaae8f399,S2133159,S2133159,1,2021-08-03,0R,pAMR0,3,S2135429,S2135429,2,2021-08-17,1R,pAMR0,14,0,future_no_significant_rejection,0,0.5805127730897368
image_plus_time,pair_000968,patient_d66d976aaae8f399,S2133159,S2133159,1,2021-08-03,0R,pAMR0,3,S2140145,S2140145,3,2021-09-14,1R,pAMR0,42,0,future_no_significant_rejection,0,0.5794383790854567
image_plus_time,pair_000969,patient_d66d976aaae8f399,S2133159,S2133159,1,2021-08-03,0R,pAMR0,3,S2143764,S2143764,4,2021-10-11,1R,pAMR0,69,0,future_no_significant_rejection,0,0.5789409988304369
image_plus_time,pair_000970,patient_d66d976aaae8f399,S2133159,S2133159,1,2021-08-03,0R,pAMR0,3,S2202567,S2202567,5,2022-01-18,0R,pAMR0,168,0,future_no_significant_rejection,0,0.578040947226458
image_plus_time,pair_000971,patient_d66d976aaae8f399,S2133159,S2133159,1,2021-08-03,0R,pAMR0,3,S2213275,S2213275,6,2022-04-05,0R,pAMR0,245,0,future_no_significant_rejection,0,0.5776574134028778
image_plus_time,pair_000972,patient_d66d976aaae8f399,S2133159,S2133159,1,2021-08-03,0R,pAMR0,3,S2228788,S2228788,7,2022-07-12,0R,pAMR0,343,0,future_no_significant_rejection,0,0.5773147888365944
image_plus_time,pair_000973,patient_d66d976aaae8f399,S2135429,S2135429,2,2021-08-17,1R,pAMR0,1,S2140145,S2140145,3,2021-09-14,1R,pAMR0,28,0,future_no_significant_rejection,0,0.5789201759903212
image_plus_time,pair_000974,patient_d66d976aaae8f399,S2135429,S2135429,2,2021-08-17,1R,pAMR0,1,S2143764,S2143764,4,2021-10-11,1R,pAMR0,55,0,future_no_significant_rejection,0,0.5782482377019736
image_plus_time,pair_000975,patient_d66d976aaae8f399,S2135429,S2135429,2,2021-08-17,1R,pAMR0,1,S2202567,S2202567,5,2022-01-18,0R,pAMR0,154,0,future_no_significant_rejection,0,0.5772081166256033
image_plus_time,pair_000976,patient_d66d976aaae8f399,S2135429,S2135429,2,2021-08-17,1R,pAMR0,1,S2213275,S2213275,6,2022-04-05,0R,pAMR0,231,0,future_no_significant_rejection,0,0.576795880220203
image_plus_time,pair_000977,patient_d66d976aaae8f399,S2135429,S2135429,2,2021-08-17,1R,pAMR0,1,S2228788,S2228788,7,2022-07-12,0R,pAMR0,329,0,future_no_significant_rejection,0,0.5764356407617922
image_plus_time,pair_000978,patient_d66d976aaae8f399,S2140145,S2140145,3,2021-09-14,1R,pAMR0,1,S2143764,S2143764,4,2021-10-11,1R,pAMR0,27,0,future_no_significant_rejection,0,0.5810692132863753
image_plus_time,pair_000979,patient_d66d976aaae8f399,S2140145,S2140145,3,2021-09-14,1R,pAMR0,1,S2202567,S2202567,5,2022-01-18,0R,pAMR0,126,0,future_no_significant_rejection,0,0.5795270591321737
image_plus_time,pair_000980,patient_d66d976aaae8f399,S2140145,S2140145,3,2021-09-14,1R,pAMR0,1,S2213275,S2213275,6,2022-04-05,0R,pAMR0,203,0,future_no_significant_rejection,0,0.5790433476825324
image_plus_time,pair_000981,patient_d66d976aaae8f399,S2140145,S2140145,3,2021-09-14,1R,pAMR0,1,S2228788,S2228788,7,2022-07-12,0R,pAMR0,301,0,future_no_significant_rejection,0,0.5786428314151568
image_plus_time,pair_000982,patient_d66d976aaae8f399,S2143764,S2143764,4,2021-10-11,1R,pAMR0,1,S2202567,S2202567,5,2022-01-18,0R,pAMR0,99,0,future_no_significant_rejection,0,0.5241686441189384
image_plus_time,pair_000983,patient_d66d976aaae8f399,S2143764,S2143764,4,2021-10-11,1R,pAMR0,1,S2213275,S2213275,6,2022-04-05,0R,pAMR0,176,0,future_no_significant_rejection,0,0.5235722149736348
image_plus_time,pair_000984,patient_d66d976aaae8f399,S2143764,S2143764,4,2021-10-11,1R,pAMR0,1,S2228788,S2228788,7,2022-07-12,0R,pAMR0,274,0,future_no_significant_rejection,0,0.5231119082583824
image_plus_time,pair_000985,patient_d66d976aaae8f399,S2202567,S2202567,5,2022-01-18,0R,pAMR0,1,S2213275,S2213275,6,2022-04-05,0R,pAMR0,77,0,future_no_significant_rejection,0,0.4652485192590218
image_plus_time,pair_000986,patient_d66d976aaae8f399,S2202567,S2202567,5,2022-01-18,0R,pAMR0,1,S2228788,S2228788,7,2022-07-12,0R,pAMR0,175,0,future_no_significant_rejection,0,0.4644007475950832
image_plus_time,pair_000987,patient_d66d976aaae8f399,S2213275,S2213275,6,2022-04-05,0R,pAMR0,1,S2228788,S2228788,7,2022-07-12,0R,pAMR0,98,0,future_no_significant_rejection,0,0.5625829991629722
image_plus_time,pair_000988,patient_d772dd268706e1cf,S2133157,S2133157,1,2021-08-03,1R,pAMR0,1,S2150490,S2150490,2,2021-11-23,1R,pAMR0,112,0,future_no_significant_rejection,0,0.5994192601913685
image_plus_time,pair_000989,patient_d772dd268706e1cf,S2133157,S2133157,1,2021-08-03,1R,pAMR0,1,S2203737,S2203737,3,2022-01-25,0R,pAMR0,175,0,future_no_significant_rejection,0,0.5989736161727646
image_plus_time,pair_000990,patient_d772dd268706e1cf,S2133157,S2133157,1,2021-08-03,1R,pAMR0,1,S2215453,S2215453,4,2022-04-19,1R,pAMR0,259,0,future_no_significant_rejection,0,0.5985810392742071
image_plus_time,pair_000991,patient_d772dd268706e1cf,S2150490,S2150490,2,2021-11-23,1R,pAMR0,1,S2203737,S2203737,3,2022-01-25,0R,pAMR0,63,0,future_no_significant_rejection,0,0.5918180403519264
image_plus_time,pair_000992,patient_d772dd268706e1cf,S2150490,S2150490,2,2021-11-23,1R,pAMR0,1,S2215453,S2215453,4,2022-04-19,1R,pAMR0,147,0,future_no_significant_rejection,0,0.5909696699939928
image_plus_time,pair_000993,patient_d772dd268706e1cf,S2203737,S2203737,3,2022-01-25,0R,pAMR0,1,S2215453,S2215453,4,2022-04-19,1R,pAMR0,84,0,future_no_significant_rejection,0,0.5889432305453164
image_plus_time,pair_000994,patient_d7b8077abb2db045,S2511009,S2511009,1,2025-04-15,0R,pAMR0,2,S2512685,S2512685,2,2025-04-29,0R,pAMR0,14,0,future_no_significant_rejection,0,0.5051293951696085
image_plus_time,pair_000995,patient_d7b8077abb2db045,S2511009,S2511009,1,2025-04-15,0R,pAMR0,2,S2520402,S2520402,3,2025-07-08,0R,pAMR0,84,0,future_no_significant_rejection,0,0.5033134718830966
image_plus_time,pair_000996,patient_d7b8077abb2db045,S2511009,S2511009,1,2025-04-15,0R,pAMR0,2,S2525436,S2525436,4,2025-08-19,0R,pAMR0,126,0,future_no_significant_rejection,0,0.5028930968868522
image_plus_time,pair_000997,patient_d7b8077abb2db045,S2511009,S2511009,1,2025-04-15,0R,pAMR0,2,S2530981,S2530981,5,2025-09-30,0R,pAMR0,168,0,future_no_significant_rejection,0,0.5025939777801021
image_plus_time,pair_000998,patient_d7b8077abb2db045,S2512685,S2512685,2,2025-04-29,0R,pAMR0,2,S2520402,S2520402,3,2025-07-08,0R,pAMR0,70,0,future_no_significant_rejection,0,0.5775235469738783
image_plus_time,pair_000999,patient_d7b8077abb2db045,S2512685,S2512685,2,2025-04-29,0R,pAMR0,2,S2525436,S2525436,4,2025-08-19,0R,pAMR0,112,0,future_no_significant_rejection,0,0.5770486416834054
image_plus_time,pair_001000,patient_d7b8077abb2db045,S2512685,S2512685,2,2025-04-29,0R,pAMR0,2,S2530981,S2530981,5,2025-09-30,0R,pAMR0,154,0,future_no_significant_rejection,0,0.5767255879738394
image_plus_time,pair_001001,patient_d7b8077abb2db045,S2520402,S2520402,3,2025-07-08,0R,pAMR0,1,S2525436,S2525436,4,2025-08-19,0R,pAMR0,42,0,future_no_significant_rejection,0,0.5638054851548936
image_plus_time,pair_001002,patient_d7b8077abb2db045,S2520402,S2520402,3,2025-07-08,0R,pAMR0,1,S2530981,S2530981,5,2025-09-30,0R,pAMR0,84,0,future_no_significant_rejection,0,0.5631035252104871
image_plus_time,pair_001003,patient_d7b8077abb2db045,S2525436,S2525436,4,2025-08-19,0R,pAMR0,1,S2530981,S2530981,5,2025-09-30,0R,pAMR0,42,0,future_no_significant_rejection,0,0.5087510835427074
image_plus_time,pair_001004,patient_d82abebcfaf082f8,S2404885,S2404885,1,2024-01-30,0R,pAMR0,1,S2407941,S2407941,2,2024-02-20,0R,pAMR0,21,0,future_no_significant_rejection,0,0.43635487990165955
image_plus_time,pair_001005,patient_d82abebcfaf082f8,S2404885,S2404885,1,2024-01-30,0R,pAMR0,1,S2422844,S2422844,3,2024-08-06,0R,pAMR0,189,0,future_no_significant_rejection,0,0.4341355211030312
image_plus_time,pair_001006,patient_d82abebcfaf082f8,S2407941,S2407941,2,2024-02-20,0R,pAMR0,3,S2422844,S2422844,3,2024-08-06,0R,pAMR0,168,0,future_no_significant_rejection,0,0.6727221908997191
image_plus_time,pair_001007,patient_d8e20f6cc2cd90d6,S2108731,S2108731,1,2021-03-02,1R,pAMR0,1,S2135432,S2135432,2,2021-08-17,0R,pAMR0,168,0,future_no_significant_rejection,0,0.6895927361596491
image_plus_time,pair_001008,patient_d8e20f6cc2cd90d6,S2108731,S2108731,1,2021-03-02,1R,pAMR0,1,S2142818,S2142818,3,2021-10-05,1R,pAMR0,217,0,future_no_significant_rejection,0,0.6893644635517496
image_plus_time,pair_001009,patient_d8e20f6cc2cd90d6,S2135432,S2135432,2,2021-08-17,0R,pAMR0,1,S2142818,S2142818,3,2021-10-05,1R,pAMR0,49,0,future_no_significant_rejection,0,0.6172360370876626
image_plus_time,pair_001025,patient_dd7e0e39c92e25b4,S2143766,S2143766,1,2021-10-12,1R,pAMR0,3,S2150494,S2150494,2,2021-11-23,1R,pAMR0,42,0,future_no_significant_rejection,0,0.5740516149053361
image_plus_time,pair_001026,patient_dd7e0e39c92e25b4,S2143766,S2143766,1,2021-10-12,1R,pAMR0,3,S2154963,S2154963,3,2021-12-21,0R,pAMR0,70,0,future_no_significant_rejection,0,0.5735380231609215
image_plus_time,pair_001027,patient_dd7e0e39c92e25b4,S2143766,S2143766,1,2021-10-12,1R,pAMR0,3,S2203735,S2203735,4,2022-01-25,0R,pAMR0,105,0,future_no_significant_rejection,0,0.5731274705001608
image_plus_time,pair_001028,patient_dd7e0e39c92e25b4,S2143766,S2143766,1,2021-10-12,1R,pAMR0,3,S2210200,S2210200,5,2022-03-15,1R,pAMR0,154,0,future_no_significant_rejection,0,0.5727381055780559
image_plus_time,pair_001029,patient_dd7e0e39c92e25b4,S2143766,S2143766,1,2021-10-12,1R,pAMR0,3,S2229969,S2229969,6,2022-07-18,0R,pAMR0,279,0,future_no_significant_rejection,0,0.5721319657555834
image_plus_time,pair_001030,patient_dd7e0e39c92e25b4,S2143766,S2143766,1,2021-10-12,1R,pAMR0,3,S2240724,S2240724,7,2022-09-27,1R,pAMR0,350,0,future_no_significant_rejection,0,0.5719002652745779
image_plus_time,pair_001031,patient_dd7e0e39c92e25b4,S2150494,S2150494,2,2021-11-23,1R,pAMR0,1,S2154963,S2154963,3,2021-12-21,0R,pAMR0,28,0,future_no_significant_rejection,0,0.4324896997555346
image_plus_time,pair_001032,patient_dd7e0e39c92e25b4,S2150494,S2150494,2,2021-11-23,1R,pAMR0,1,S2203735,S2203735,4,2022-01-25,0R,pAMR0,63,0,future_no_significant_rejection,0,0.4316762325546315
image_plus_time,pair_001033,patient_dd7e0e39c92e25b4,S2150494,S2150494,2,2021-11-23,1R,pAMR0,1,S2210200,S2210200,5,2022-03-15,1R,pAMR0,112,0,future_no_significant_rejection,0,0.43109224106566796
image_plus_time,pair_001034,patient_dd7e0e39c92e25b4,S2150494,S2150494,2,2021-11-23,1R,pAMR0,1,S2229969,S2229969,6,2022-07-18,0R,pAMR0,237,0,future_no_significant_rejection,0,0.4303273569096818
image_plus_time,pair_001035,patient_dd7e0e39c92e25b4,S2150494,S2150494,2,2021-11-23,1R,pAMR0,1,S2240724,S2240724,7,2022-09-27,1R,pAMR0,308,0,future_no_significant_rejection,0,0.4300593546303563
image_plus_time,pair_001036,patient_dd7e0e39c92e25b4,S2154963,S2154963,3,2021-12-21,0R,pAMR0,1,S2203735,S2203735,4,2022-01-25,0R,pAMR0,35,0,future_no_significant_rejection,0,0.4676881888785744
image_plus_time,pair_001037,patient_dd7e0e39c92e25b4,S2154963,S2154963,3,2021-12-21,0R,pAMR0,1,S2210200,S2210200,5,2022-03-15,1R,pAMR0,84,0,future_no_significant_rejection,0,0.46679257477149816
image_plus_time,pair_001038,patient_dd7e0e39c92e25b4,S2154963,S2154963,3,2021-12-21,0R,pAMR0,1,S2229969,S2229969,6,2022-07-18,0R,pAMR0,209,0,future_no_significant_rejection,0,0.46584994341781094
image_plus_time,pair_001039,patient_dd7e0e39c92e25b4,S2154963,S2154963,3,2021-12-21,0R,pAMR0,1,S2240724,S2240724,7,2022-09-27,1R,pAMR0,280,0,future_no_significant_rejection,0,0.46554645496678876
image_plus_time,pair_001040,patient_dd7e0e39c92e25b4,S2203735,S2203735,4,2022-01-25,0R,pAMR0,1,S2210200,S2210200,5,2022-03-15,1R,pAMR0,49,0,future_no_significant_rejection,0,0.44275021019359123
image_plus_time,pair_001041,patient_dd7e0e39c92e25b4,S2203735,S2203735,4,2022-01-25,0R,pAMR0,1,S2229969,S2229969,6,2022-07-18,0R,pAMR0,174,0,future_no_significant_rejection,0,0.44145620655488477
image_plus_time,pair_001042,patient_dd7e0e39c92e25b4,S2203735,S2203735,4,2022-01-25,0R,pAMR0,1,S2240724,S2240724,7,2022-09-27,1R,pAMR0,245,0,future_no_significant_rejection,0,0.44110458696023497
image_plus_time,pair_001043,patient_dd7e0e39c92e25b4,S2210200,S2210200,5,2022-03-15,1R,pAMR0,1,S2229969,S2229969,6,2022-07-18,0R,pAMR0,125,0,future_no_significant_rejection,0,0.4796456681344234
image_plus_time,pair_001044,patient_dd7e0e39c92e25b4,S2210200,S2210200,5,2022-03-15,1R,pAMR0,1,S2240724,S2240724,7,2022-09-27,1R,pAMR0,196,0,future_no_significant_rejection,0,0.47917855303186596
image_plus_time,pair_001045,patient_dd7e0e39c92e25b4,S2229969,S2229969,6,2022-07-18,0R,pAMR0,1,S2240724,S2240724,7,2022-09-27,1R,pAMR0,71,0,future_no_significant_rejection,0,0.5013145337146748
image_plus_time,pair_001046,patient_dfafa5c41a0ad944,S2129801,S2129801,1,2021-07-13,1R,pAMR0,3,S2144967,S2144967,2,2021-10-19,0R,pAMR0,98,0,future_no_significant_rejection,0,0.5761849580639499
image_plus_time,pair_001047,patient_dfafa5c41a0ad944,S2129801,S2129801,1,2021-07-13,1R,pAMR0,3,S2209229,S2209229,3,2022-03-08,1R,pAMR0,238,0,future_no_significant_rejection,0,0.5752833982370291
image_plus_time,pair_001048,patient_dfafa5c41a0ad944,S2144967,S2144967,2,2021-10-19,0R,pAMR0,1,S2209229,S2209229,3,2022-03-08,1R,pAMR0,140,0,future_no_significant_rejection,0,0.5223896850450479
image_plus_time,pair_001087,patient_e918692d7c80e65c,S2327689,S2327689,1,2023-06-28,0R,pAMR0,1,S2330980,S2330980,2,2023-07-18,0R,pAMR0,20,0,future_no_significant_rejection,0,0.4766864980236741
image_plus_time,pair_001088,patient_e918692d7c80e65c,S2327689,S2327689,1,2023-06-28,0R,pAMR0,1,S2337812,S2337812,3,2023-08-30,0R,pAMR0,63,0,future_no_significant_rejection,0,0.4755224742774412
image_plus_time,pair_001089,patient_e918692d7c80e65c,S2327689,S2327689,1,2023-06-28,0R,pAMR0,1,S2342016,S2342016,4,2023-09-26,0R,pAMR0,90,0,future_no_significant_rejection,0,0.4751548661748637
image_plus_time,pair_001090,patient_e918692d7c80e65c,S2330980,S2330980,2,2023-07-18,0R,pAMR0,1,S2337812,S2337812,3,2023-08-30,0R,pAMR0,43,0,future_no_significant_rejection,0,0.5049010748087651
image_plus_time,pair_001091,patient_e918692d7c80e65c,S2330980,S2330980,2,2023-07-18,0R,pAMR0,1,S2342016,S2342016,4,2023-09-26,0R,pAMR0,70,0,future_no_significant_rejection,0,0.5044001589239655
image_plus_time,pair_001092,patient_e918692d7c80e65c,S2337812,S2337812,3,2023-08-30,0R,pAMR0,1,S2342016,S2342016,4,2023-09-26,0R,pAMR0,27,0,future_no_significant_rejection,0,0.4964858616781658
image_plus_time,pair_001093,patient_e9984333ac68159c,S2228790,S2228790,1,2022-07-12,0R,pAMR0,1,S2232191,S2232191,2,2022-08-02,1R,pAMR0,21,0,future_no_significant_rejection,0,0.4907677707649555
image_plus_time,pair_001094,patient_e9984333ac68159c,S2228790,S2228790,1,2022-07-12,0R,pAMR0,1,S2236493,S2236493,3,2022-08-30,1R,pAMR0,49,0,future_no_significant_rejection,0,0.48990855963872226
image_plus_time,pair_001095,patient_e9984333ac68159c,S2228790,S2228790,1,2022-07-12,0R,pAMR0,1,S2247859,S2247859,4,2022-11-15,1R,pAMR0,126,0,future_no_significant_rejection,0,0.48893306005903
image_plus_time,pair_001096,patient_e9984333ac68159c,S2228790,S2228790,1,2022-07-12,0R,pAMR0,1,S2313440,S2313440,5,2023-03-28,0R,pAMR0,259,0,future_no_significant_rejection,0,0.48818331320587083
image_plus_time,pair_001097,patient_e9984333ac68159c,S2232191,S2232191,2,2022-08-02,1R,pAMR0,2,S2236493,S2236493,3,2022-08-30,1R,pAMR0,28,0,future_no_significant_rejection,0,0.46669441600256856
image_plus_time,pair_001098,patient_e9984333ac68159c,S2232191,S2232191,2,2022-08-02,1R,pAMR0,2,S2247859,S2247859,4,2022-11-15,1R,pAMR0,105,0,future_no_significant_rejection,0,0.465343676847525
image_plus_time,pair_001099,patient_e9984333ac68159c,S2232191,S2232191,2,2022-08-02,1R,pAMR0,2,S2313440,S2313440,5,2023-03-28,0R,pAMR0,238,0,future_no_significant_rejection,0,0.4644966644025762
image_plus_time,pair_001100,patient_e9984333ac68159c,S2236493,S2236493,3,2022-08-30,1R,pAMR0,3,S2247859,S2247859,4,2022-11-15,1R,pAMR0,77,0,future_no_significant_rejection,0,0.5242838655283002
image_plus_time,pair_001101,patient_e9984333ac68159c,S2236493,S2236493,3,2022-08-30,1R,pAMR0,3,S2313440,S2313440,5,2023-03-28,0R,pAMR0,210,0,future_no_significant_rejection,0,0.523244339749979
image_plus_time,pair_001102,patient_e9984333ac68159c,S2247859,S2247859,4,2022-11-15,1R,pAMR0,1,S2313440,S2313440,5,2023-03-28,0R,pAMR0,133,0,future_no_significant_rejection,0,0.45958239705057546
image_plus_time,pair_001112,patient_f1bc2d6d2b5c3421,S2344462,S2344462,1,2023-10-17,0R,pAMR0,1,S2347457,S2347457,2,2023-11-07,1R,pAMR0,21,0,future_no_significant_rejection,0,0.37855314155095643
image_plus_time,pair_001113,patient_f1bc2d6d2b5c3421,S2344462,S2344462,1,2023-10-17,0R,pAMR0,1,S2352826,S2352826,3,2023-12-12,0R,pAMR0,56,0,future_no_significant_rejection,0,0.37761568675670654
image_plus_time,pair_001114,patient_f1bc2d6d2b5c3421,S2344462,S2344462,1,2023-10-17,0R,pAMR0,1,S2403702,S2403702,4,2024-01-23,1R,pAMR0,98,0,future_no_significant_rejection,0,0.3770724765049374
image_plus_time,pair_001115,patient_f1bc2d6d2b5c3421,S2344462,S2344462,1,2023-10-17,0R,pAMR0,1,S2409928,S2409928,5,2024-03-19,0R,pAMR0,154,0,future_no_significant_rejection,0,0.3766315916628256
image_plus_time,pair_001116,patient_f1bc2d6d2b5c3421,S2344462,S2344462,1,2023-10-17,0R,pAMR0,1,S2415692,S2415692,6,2024-05-28,0R,pAMR0,224,0,future_no_significant_rejection,0,0.37626524035495346
image_plus_time,pair_001117,patient_f1bc2d6d2b5c3421,S2347457,S2347457,2,2023-11-07,1R,pAMR0,2,S2352826,S2352826,3,2023-12-12,0R,pAMR0,35,0,future_no_significant_rejection,0,0.41509911162815105
image_plus_time,pair_001118,patient_f1bc2d6d2b5c3421,S2347457,S2347457,2,2023-11-07,1R,pAMR0,2,S2403702,S2403702,4,2024-01-23,1R,pAMR0,77,0,future_no_significant_rejection,0,0.41431317086275726
image_plus_time,pair_001119,patient_f1bc2d6d2b5c3421,S2347457,S2347457,2,2023-11-07,1R,pAMR0,2,S2409928,S2409928,5,2024-03-19,0R,pAMR0,133,0,future_no_significant_rejection,0,0.41376337508553257
image_plus_time,pair_001120,patient_f1bc2d6d2b5c3421,S2347457,S2347457,2,2023-11-07,1R,pAMR0,2,S2415692,S2415692,6,2024-05-28,0R,pAMR0,203,0,future_no_significant_rejection,0,0.41333651336471694
image_plus_time,pair_001121,patient_f1bc2d6d2b5c3421,S2352826,S2352826,3,2023-12-12,0R,pAMR0,1,S2403702,S2403702,4,2024-01-23,1R,pAMR0,42,0,future_no_significant_rejection,0,0.44570666096644607
image_plus_time,pair_001122,patient_f1bc2d6d2b5c3421,S2352826,S2352826,3,2023-12-12,0R,pAMR0,1,S2409928,S2409928,5,2024-03-19,0R,pAMR0,98,0,future_no_significant_rejection,0,0.44484404086405405
image_plus_time,pair_001123,patient_f1bc2d6d2b5c3421,S2352826,S2352826,3,2023-12-12,0R,pAMR0,1,S2415692,S2415692,6,2024-05-28,0R,pAMR0,168,0,future_no_significant_rejection,0,0.4442910314653388
image_plus_time,pair_001124,patient_f1bc2d6d2b5c3421,S2403702,S2403702,4,2024-01-23,1R,pAMR0,2,S2409928,S2409928,5,2024-03-19,0R,pAMR0,56,0,future_no_significant_rejection,0,0.44923311788620063
image_plus_time,pair_001125,patient_f1bc2d6d2b5c3421,S2403702,S2403702,4,2024-01-23,1R,pAMR0,2,S2415692,S2415692,6,2024-05-28,0R,pAMR0,126,0,future_no_significant_rejection,0,0.44840315116331875
image_plus_time,pair_001126,patient_f1bc2d6d2b5c3421,S2409928,S2409928,5,2024-03-19,0R,pAMR0,1,S2415692,S2415692,6,2024-05-28,0R,pAMR0,70,0,future_no_significant_rejection,0,0.4992082815501779
image_plus_time,pair_001142,patient_f73f7e4dab64291c,S2411029,S2411029,1,2024-04-02,0R,pAMR0,1,S2415690,S2415690,2,2024-05-28,0R,pAMR0,56,0,future_no_significant_rejection,0,0.3934162681828197
image_plus_time,pair_001143,patient_f73f7e4dab64291c,S2411029,S2411029,1,2024-04-02,0R,pAMR0,1,S2419850,S2419850,3,2024-07-09,0R,pAMR0,98,0,future_no_significant_rejection,0,0.3928646758431716
image_plus_time,pair_001144,patient_f73f7e4dab64291c,S2411029,S2411029,1,2024-04-02,0R,pAMR0,1,S2425034,S2425034,4,2024-08-27,0R,pAMR0,147,0,future_no_significant_rejection,0,0.3924631021566614
image_plus_time,pair_001145,patient_f73f7e4dab64291c,S2415690,S2415690,2,2024-05-28,0R,pAMR0,2,S2419850,S2419850,3,2024-07-09,0R,pAMR0,42,0,future_no_significant_rejection,0,0.4895019991674182
image_plus_time,pair_001146,patient_f73f7e4dab64291c,S2415690,S2415690,2,2024-05-28,0R,pAMR0,2,S2425034,S2425034,4,2024-08-27,0R,pAMR0,91,0,future_no_significant_rejection,0,0.4887060731926787
image_plus_time,pair_001147,patient_f73f7e4dab64291c,S2419850,S2419850,3,2024-07-09,0R,pAMR0,2,S2425034,S2425034,4,2024-08-27,0R,pAMR0,49,0,future_no_significant_rejection,0,0.5050691027028843
image_plus_time,pair_001158,patient_fc51a062525b3f86,S2043434,S2043434,1,2020-11-03,0R,pAMR0,3,S2130900,S2130900,2,2021-07-20,1R,pAMR0,259,0,future_no_significant_rejection,0,0.7495179949294436
image_plus_time,pair_001159,patient_fc51a062525b3f86,S2043434,S2043434,1,2020-11-03,0R,pAMR0,3,S2144970,S2144970,3,2021-10-19,1R,pAMR0,350,0,future_no_significant_rejection,0,0.7492819706335937
image_plus_time,pair_001160,patient_fc51a062525b3f86,S2130900,S2130900,2,2021-07-20,1R,pAMR0,1,S2144970,S2144970,3,2021-10-19,1R,pAMR0,91,0,future_no_significant_rejection,0,0.633860966343036
image_plus_time,pair_000001,patient_005b214a5e658965,S2135430,S2135430,1,2021-08-17,0R,pAMR0,1,S2149398,S2149398,2,2021-11-16,1R,pAMR0,91,0,future_no_significant_rejection,1,0.20749068568518972
image_plus_time,pair_000005,patient_0941abb556cbec79,S2306849,S2306849,1,2023-02-14,1R,pAMR0,6,S2309075,S2309075,2,2023-02-28,1R,pAMR0,14,0,future_no_significant_rejection,1,0.08217789051536549
image_plus_time,pair_000006,patient_0941abb556cbec79,S2306849,S2306849,1,2023-02-14,1R,pAMR0,6,S2313664,S2313664,3,2023-03-29,0R,pAMR0,43,0,future_no_significant_rejection,1,0.08575131304258155
image_plus_time,pair_000007,patient_0941abb556cbec79,S2306849,S2306849,1,2023-02-14,1R,pAMR0,6,S2319879,S2319879,4,2023-05-09,0R,pAMR0,84,0,future_no_significant_rejection,1,0.08800668805577426
image_plus_time,pair_000008,patient_0941abb556cbec79,S2306849,S2306849,1,2023-02-14,1R,pAMR0,6,S2334389,S2334389,5,2023-08-08,1R,pAMR0,175,0,future_no_significant_rejection,1,0.09056191771099807
image_plus_time,pair_000009,patient_0941abb556cbec79,S2306849,S2306849,1,2023-02-14,1R,pAMR0,6,S2347458,S2347458,6,2023-11-07,0R,pAMR0,266,0,future_no_significant_rejection,1,0.09205497673429301
image_plus_time,pair_000010,patient_0941abb556cbec79,S2306849,S2306849,1,2023-02-14,1R,pAMR0,6,S2406040,S2406040,7,2024-02-06,0R,pAMR0,357,0,future_no_significant_rejection,1,0.0931188911376019
image_plus_time,pair_000011,patient_0941abb556cbec79,S2309075,S2309075,2,2023-02-28,1R,pAMR0,5,S2313664,S2313664,3,2023-03-29,0R,pAMR0,29,0,future_no_significant_rejection,1,0.1269802375866941
image_plus_time,pair_000012,patient_0941abb556cbec79,S2309075,S2309075,2,2023-02-28,1R,pAMR0,5,S2319879,S2319879,4,2023-05-09,0R,pAMR0,70,0,future_no_significant_rejection,1,0.13116134710272184
image_plus_time,pair_000013,patient_0941abb556cbec79,S2309075,S2309075,2,2023-02-28,1R,pAMR0,5,S2334389,S2334389,5,2023-08-08,1R,pAMR0,161,0,future_no_significant_rejection,1,0.13527397348932918
image_plus_time,pair_000014,patient_0941abb556cbec79,S2309075,S2309075,2,2023-02-28,1R,pAMR0,5,S2347458,S2347458,6,2023-11-07,0R,pAMR0,252,0,future_no_significant_rejection,1,0.1375414344801165
image_plus_time,pair_000015,patient_0941abb556cbec79,S2309075,S2309075,2,2023-02-28,1R,pAMR0,5,S2406040,S2406040,7,2024-02-06,0R,pAMR0,343,0,future_no_significant_rejection,1,0.1391227596489487
image_plus_time,pair_000016,patient_0941abb556cbec79,S2313664,S2313664,3,2023-03-29,0R,pAMR0,1,S2319879,S2319879,4,2023-05-09,0R,pAMR0,41,0,future_no_significant_rejection,1,0.0769759447410377
image_plus_time,pair_000017,patient_0941abb556cbec79,S2313664,S2313664,3,2023-03-29,0R,pAMR0,1,S2334389,S2334389,5,2023-08-08,1R,pAMR0,132,0,future_no_significant_rejection,1,0.08058749696679766
image_plus_time,pair_000018,patient_0941abb556cbec79,S2313664,S2313664,3,2023-03-29,0R,pAMR0,1,S2347458,S2347458,6,2023-11-07,0R,pAMR0,223,0,future_no_significant_rejection,1,0.08227106855752347
image_plus_time,pair_000019,patient_0941abb556cbec79,S2313664,S2313664,3,2023-03-29,0R,pAMR0,1,S2406040,S2406040,7,2024-02-06,0R,pAMR0,314,0,future_no_significant_rejection,1,0.08338937497585831
image_plus_time,pair_000020,patient_0941abb556cbec79,S2319879,S2319879,4,2023-05-09,0R,pAMR0,5,S2334389,S2334389,5,2023-08-08,1R,pAMR0,91,0,future_no_significant_rejection,1,0.09849991032715343
image_plus_time,pair_000021,patient_0941abb556cbec79,S2319879,S2319879,4,2023-05-09,0R,pAMR0,5,S2347458,S2347458,6,2023-11-07,0R,pAMR0,182,0,future_no_significant_rejection,1,0.10116826183106613
image_plus_time,pair_000022,patient_0941abb556cbec79,S2319879,S2319879,4,2023-05-09,0R,pAMR0,5,S2406040,S2406040,7,2024-02-06,0R,pAMR0,273,0,future_no_significant_rejection,1,0.102764158335859
image_plus_time,pair_000023,patient_0941abb556cbec79,S2334389,S2334389,5,2023-08-08,1R,pAMR0,2,S2347458,S2347458,6,2023-11-07,0R,pAMR0,91,0,future_no_significant_rejection,1,0.35445446081167903
image_plus_time,pair_000024,patient_0941abb556cbec79,S2334389,S2334389,5,2023-08-08,1R,pAMR0,2,S2406040,S2406040,7,2024-02-06,0R,pAMR0,182,0,future_no_significant_rejection,1,0.36127786686868546
image_plus_time,pair_000025,patient_0941abb556cbec79,S2347458,S2347458,6,2023-11-07,0R,pAMR0,2,S2406040,S2406040,7,2024-02-06,0R,pAMR0,91,0,future_no_significant_rejection,1,0.17350961788709862
image_plus_time,pair_000026,patient_0cf9d90c530cbd0b,S2129802,S2129802,1,2021-07-12,1R,pAMR0,3,S2135431,S2135431,2,2021-08-17,1R,pAMR0,36,0,future_no_significant_rejection,1,0.09233912471820713
image_plus_time,pair_000027,patient_0cf9d90c530cbd0b,S2129802,S2129802,1,2021-07-12,1R,pAMR0,3,S2141805,S2141805,3,2021-09-28,1R,pAMR0,78,0,future_no_significant_rejection,1,0.09512106534503581
image_plus_time,pair_000028,patient_0cf9d90c530cbd0b,S2129802,S2129802,1,2021-07-12,1R,pAMR0,3,S2149394,S2149394,4,2021-11-16,1R,pAMR0,127,0,future_no_significant_rejection,1,0.0969297787254993
image_plus_time,pair_000029,patient_0cf9d90c530cbd0b,S2129802,S2129802,1,2021-07-12,1R,pAMR0,3,S2156022,S2156022,5,2021-12-28,0R,pAMR0,169,0,future_no_significant_rejection,1,0.09800761940103489
image_plus_time,pair_000030,patient_0cf9d90c530cbd0b,S2129802,S2129802,1,2021-07-12,1R,pAMR0,3,S2210199,S2210199,6,2022-03-15,0R,pAMR0,246,0,future_no_significant_rejection,1,0.09944291441790047
image_plus_time,pair_000031,patient_0cf9d90c530cbd0b,S2129802,S2129802,1,2021-07-12,1R,pAMR0,3,S2224007,S2224007,7,2022-06-14,0R,pAMR0,337,0,future_no_significant_rejection,1,0.10066236445881419
image_plus_time,pair_000032,patient_0cf9d90c530cbd0b,S2135431,S2135431,2,2021-08-17,1R,pAMR0,1,S2141805,S2141805,3,2021-09-28,1R,pAMR0,42,0,future_no_significant_rejection,1,0.6550162946945153
image_plus_time,pair_000033,patient_0cf9d90c530cbd0b,S2135431,S2135431,2,2021-08-17,1R,pAMR0,1,S2149394,S2149394,4,2021-11-16,1R,pAMR0,91,0,future_no_significant_rejection,1,0.6623991386090683
image_plus_time,pair_000034,patient_0cf9d90c530cbd0b,S2135431,S2135431,2,2021-08-17,1R,pAMR0,1,S2156022,S2156022,5,2021-12-28,0R,pAMR0,133,0,future_no_significant_rejection,1,0.6660206056746454
image_plus_time,pair_000035,patient_0cf9d90c530cbd0b,S2135431,S2135431,2,2021-08-17,1R,pAMR0,1,S2210199,S2210199,6,2022-03-15,0R,pAMR0,210,0,future_no_significant_rejection,1,0.6703669400126365
image_plus_time,pair_000036,patient_0cf9d90c530cbd0b,S2135431,S2135431,2,2021-08-17,1R,pAMR0,1,S2224007,S2224007,7,2022-06-14,0R,pAMR0,301,0,future_no_significant_rejection,1,0.6737791103958689
image_plus_time,pair_000037,patient_0cf9d90c530cbd0b,S2141805,S2141805,3,2021-09-28,1R,pAMR0,1,S2149394,S2149394,4,2021-11-16,1R,pAMR0,49,0,future_no_significant_rejection,1,0.4860924402165385
image_plus_time,pair_000038,patient_0cf9d90c530cbd0b,S2141805,S2141805,3,2021-09-28,1R,pAMR0,1,S2156022,S2156022,5,2021-12-28,0R,pAMR0,91,0,future_no_significant_rejection,1,0.49267156575053433
image_plus_time,pair_000039,patient_0cf9d90c530cbd0b,S2141805,S2141805,3,2021-09-28,1R,pAMR0,1,S2210199,S2210199,6,2022-03-15,0R,pAMR0,168,0,future_no_significant_rejection,1,0.49923536075216096
image_plus_time,pair_000040,patient_0cf9d90c530cbd0b,S2141805,S2141805,3,2021-09-28,1R,pAMR0,1,S2224007,S2224007,7,2022-06-14,0R,pAMR0,259,0,future_no_significant_rejection,1,0.503885420811811
image_plus_time,pair_000041,patient_0cf9d90c530cbd0b,S2149394,S2149394,4,2021-11-16,1R,pAMR0,1,S2156022,S2156022,5,2021-12-28,0R,pAMR0,42,0,future_no_significant_rejection,1,0.4343696965000653
image_plus_time,pair_000042,patient_0cf9d90c530cbd0b,S2149394,S2149394,4,2021-11-16,1R,pAMR0,1,S2210199,S2210199,6,2022-03-15,0R,pAMR0,119,0,future_no_significant_rejection,1,0.4452872180192495
image_plus_time,pair_000043,patient_0cf9d90c530cbd0b,S2149394,S2149394,4,2021-11-16,1R,pAMR0,1,S2224007,S2224007,7,2022-06-14,0R,pAMR0,210,0,future_no_significant_rejection,1,0.451314130496888
image_plus_time,pair_000044,patient_0cf9d90c530cbd0b,S2156022,S2156022,5,2021-12-28,0R,pAMR0,1,S2210199,S2210199,6,2022-03-15,0R,pAMR0,77,0,future_no_significant_rejection,1,0.07008289899251074
image_plus_time,pair_000045,patient_0cf9d90c530cbd0b,S2156022,S2156022,5,2021-12-28,0R,pAMR0,1,S2224007,S2224007,7,2022-06-14,0R,pAMR0,168,0,future_no_significant_rejection,1,0.07229012858463688
image_plus_time,pair_000046,patient_0cf9d90c530cbd0b,S2210199,S2210199,6,2022-03-15,0R,pAMR0,1,S2224007,S2224007,7,2022-06-14,0R,pAMR0,91,0,future_no_significant_rejection,1,0.11530006074605613
image_plus_time,pair_000068,patient_19d05fccc0aac48d,S2026723,S2026723,1,2020-07-07,1R,pAMR0,3,S2028920,S2028920,2,2020-07-21,1R,pAMR1,14,1,future_significant_rejection,1,0.5109101717618888
image_plus_time,pair_000094,patient_1db7fb03763dab37,S2416977,S2416977,1,2024-06-11,0R,pAMR0,2,S2420601,S2420601,2,2024-07-16,0R,pAMR0,35,0,future_no_significant_rejection,1,0.11465678435856154
image_plus_time,pair_000095,patient_1db7fb03763dab37,S2416977,S2416977,1,2024-06-11,0R,pAMR0,2,S2423618,S2423618,3,2024-08-13,0R,pAMR0,63,0,future_no_significant_rejection,1,0.11720289182179458
image_plus_time,pair_000096,patient_1db7fb03763dab37,S2416977,S2416977,1,2024-06-11,0R,pAMR0,2,S2429063,S2429063,4,2024-10-08,0R,pAMR0,119,0,future_no_significant_rejection,1,0.12004052349970598
image_plus_time,pair_000097,patient_1db7fb03763dab37,S2416977,S2416977,1,2024-06-11,0R,pAMR0,2,S2433341,S2433341,5,2024-11-19,0R,pAMR0,161,0,future_no_significant_rejection,1,0.12141604719719795
image_plus_time,pair_000098,patient_1db7fb03763dab37,S2416977,S2416977,1,2024-06-11,0R,pAMR0,2,S2513847,S2513847,6,2025-05-13,0R,pAMR0,336,0,future_no_significant_rejection,1,0.12483050183464589
image_plus_time,pair_000099,patient_1db7fb03763dab37,S2420601,S2420601,2,2024-07-16,0R,pAMR0,2,S2423618,S2423618,3,2024-08-13,0R,pAMR0,28,0,future_no_significant_rejection,1,0.03467734776179803
image_plus_time,pair_000100,patient_1db7fb03763dab37,S2420601,S2420601,2,2024-07-16,0R,pAMR0,2,S2429063,S2429063,4,2024-10-08,0R,pAMR0,84,0,future_no_significant_rejection,1,0.03626569081727079
image_plus_time,pair_000101,patient_1db7fb03763dab37,S2420601,S2420601,2,2024-07-16,0R,pAMR0,2,S2433341,S2433341,5,2024-11-19,0R,pAMR0,126,0,future_no_significant_rejection,1,0.036876548350914216
image_plus_time,pair_000102,patient_1db7fb03763dab37,S2420601,S2420601,2,2024-07-16,0R,pAMR0,2,S2513847,S2513847,6,2025-05-13,0R,pAMR0,301,0,future_no_significant_rejection,1,0.038228232399021386
image_plus_time,pair_000103,patient_1db7fb03763dab37,S2423618,S2423618,3,2024-08-13,0R,pAMR0,2,S2429063,S2429063,4,2024-10-08,0R,pAMR0,56,0,future_no_significant_rejection,1,0.09965792528111281
image_plus_time,pair_000104,patient_1db7fb03763dab37,S2423618,S2423618,3,2024-08-13,0R,pAMR0,2,S2433341,S2433341,5,2024-11-19,0R,pAMR0,98,0,future_no_significant_rejection,1,0.10181727776011527
image_plus_time,pair_000105,patient_1db7fb03763dab37,S2423618,S2423618,3,2024-08-13,0R,pAMR0,2,S2513847,S2513847,6,2025-05-13,0R,pAMR0,273,0,future_no_significant_rejection,1,0.10590802194060862
image_plus_time,pair_000106,patient_1db7fb03763dab37,S2429063,S2429063,4,2024-10-08,0R,pAMR0,2,S2433341,S2433341,5,2024-11-19,0R,pAMR0,42,0,future_no_significant_rejection,1,0.11714450614932219
image_plus_time,pair_000107,patient_1db7fb03763dab37,S2429063,S2429063,4,2024-10-08,0R,pAMR0,2,S2513847,S2513847,6,2025-05-13,0R,pAMR0,217,0,future_no_significant_rejection,1,0.1245902355187948
image_plus_time,pair_000108,patient_1db7fb03763dab37,S2433341,S2433341,5,2024-11-19,0R,pAMR0,2,S2513847,S2513847,6,2025-05-13,0R,pAMR0,175,0,future_no_significant_rejection,1,0.0270591571673194
image_plus_time,pair_000109,patient_1f1d5d53d578938e,S2433344,S2433344,1,2024-11-19,0R,pAMR0,2,S2434919,S2434919,2,2024-12-03,0R,pAMR0,14,0,future_no_significant_rejection,1,0.007199134364329794
image_plus_time,pair_000110,patient_1f1d5d53d578938e,S2433344,S2433344,1,2024-11-19,0R,pAMR0,2,S2500522,S2500522,3,2025-01-07,0R,pAMR0,49,0,future_no_significant_rejection,1,0.0075803732597119365
image_plus_time,pair_000111,patient_1f1d5d53d578938e,S2433344,S2433344,1,2024-11-19,0R,pAMR0,2,S2503983,S2503983,4,2025-02-11,0R,pAMR0,84,0,future_no_significant_rejection,1,0.007754695248159835
image_plus_time,pair_000112,patient_1f1d5d53d578938e,S2433344,S2433344,1,2024-11-19,0R,pAMR0,2,S2507799,S2507799,5,2025-03-18,0R,pAMR0,119,0,future_no_significant_rejection,1,0.007870108646128872
image_plus_time,pair_000113,patient_1f1d5d53d578938e,S2433344,S2433344,1,2024-11-19,0R,pAMR0,2,S2511859,S2511859,6,2025-04-22,0R,pAMR0,154,0,future_no_significant_rejection,1,0.007956866242579934
image_plus_time,pair_000114,patient_1f1d5d53d578938e,S2433344,S2433344,1,2024-11-19,0R,pAMR0,2,S2522980,S2522980,7,2025-07-29,0R,pAMR0,252,0,future_no_significant_rejection,1,0.008125611946765454
image_plus_time,pair_000115,patient_1f1d5d53d578938e,S2434919,S2434919,2,2024-12-03,0R,pAMR0,2,S2500522,S2500522,3,2025-01-07,0R,pAMR0,35,0,future_no_significant_rejection,1,0.008515793523769919
image_plus_time,pair_000116,patient_1f1d5d53d578938e,S2434919,S2434919,2,2024-12-03,0R,pAMR0,2,S2503983,S2503983,4,2025-02-11,0R,pAMR0,70,0,future_no_significant_rejection,1,0.008766996310953226
image_plus_time,pair_000117,patient_1f1d5d53d578938e,S2434919,S2434919,2,2024-12-03,0R,pAMR0,2,S2507799,S2507799,5,2025-03-18,0R,pAMR0,105,0,future_no_significant_rejection,1,0.008918657361004834
image_plus_time,pair_000118,patient_1f1d5d53d578938e,S2434919,S2434919,2,2024-12-03,0R,pAMR0,2,S2511859,S2511859,6,2025-04-22,0R,pAMR0,140,0,future_no_significant_rejection,1,0.009028214221472515
image_plus_time,pair_000119,patient_1f1d5d53d578938e,S2434919,S2434919,2,2024-12-03,0R,pAMR0,2,S2522980,S2522980,7,2025-07-29,0R,pAMR0,238,0,future_no_significant_rejection,1,0.009234366211123987
image_plus_time,pair_000120,patient_1f1d5d53d578938e,S2500522,S2500522,3,2025-01-07,0R,pAMR0,7,S2503983,S2503983,4,2025-02-11,0R,pAMR0,35,0,future_no_significant_rejection,1,0.009615901979122144
image_plus_time,pair_000121,patient_1f1d5d53d578938e,S2500522,S2500522,3,2025-01-07,0R,pAMR0,7,S2507799,S2507799,5,2025-03-18,0R,pAMR0,70,0,future_no_significant_rejection,1,0.009899232266478646
image_plus_time,pair_000122,patient_1f1d5d53d578938e,S2500522,S2500522,3,2025-01-07,0R,pAMR0,7,S2511859,S2511859,6,2025-04-22,0R,pAMR0,105,0,future_no_significant_rejection,1,0.010070280979573172
image_plus_time,pair_000123,patient_1f1d5d53d578938e,S2500522,S2500522,3,2025-01-07,0R,pAMR0,7,S2522980,S2522980,7,2025-07-29,0R,pAMR0,203,0,future_no_significant_rejection,1,0.010356020620448159
image_plus_time,pair_000124,patient_1f1d5d53d578938e,S2503983,S2503983,4,2025-02-11,0R,pAMR0,2,S2507799,S2507799,5,2025-03-18,0R,pAMR0,35,0,future_no_significant_rejection,1,0.020181904799645056
image_plus_time,pair_000125,patient_1f1d5d53d578938e,S2503983,S2503983,4,2025-02-11,0R,pAMR0,2,S2511859,S2511859,6,2025-04-22,0R,pAMR0,70,0,future_no_significant_rejection,1,0.02077003086422044
image_plus_time,pair_000126,patient_1f1d5d53d578938e,S2503983,S2503983,4,2025-02-11,0R,pAMR0,2,S2522980,S2522980,7,2025-07-29,0R,pAMR0,168,0,future_no_significant_rejection,1,0.021545439159764892
image_plus_time,pair_000127,patient_1f1d5d53d578938e,S2507799,S2507799,5,2025-03-18,0R,pAMR0,1,S2511859,S2511859,6,2025-04-22,0R,pAMR0,35,0,future_no_significant_rejection,1,0.02112426838409637
image_plus_time,pair_000128,patient_1f1d5d53d578938e,S2507799,S2507799,5,2025-03-18,0R,pAMR0,1,S2522980,S2522980,7,2025-07-29,0R,pAMR0,133,0,future_no_significant_rejection,1,0.02233020417765094
image_plus_time,pair_000129,patient_1f1d5d53d578938e,S2511859,S2511859,6,2025-04-22,0R,pAMR0,1,S2522980,S2522980,7,2025-07-29,0R,pAMR0,98,0,future_no_significant_rejection,1,0.010821835135235046
image_plus_time,pair_000152,patient_23ee3df4f656b033,S2154954,S2154954,1,2021-12-20,0R,pAMR0,1,S2202563,S2202563,2,2022-01-18,0R,pAMR0,29,0,future_no_significant_rejection,1,0.10345789441500056
image_plus_time,pair_000153,patient_23ee3df4f656b033,S2154954,S2154954,1,2021-12-20,0R,pAMR0,1,S2207352,S2207352,3,2022-02-22,0R,pAMR0,64,0,future_no_significant_rejection,1,0.10659576419510397
image_plus_time,pair_000154,patient_23ee3df4f656b033,S2154954,S2154954,1,2021-12-20,0R,pAMR0,1,S2213276,S2213276,4,2022-04-05,0R,pAMR0,106,0,future_no_significant_rejection,1,0.10866278806828666
image_plus_time,pair_000155,patient_23ee3df4f656b033,S2154954,S2154954,1,2021-12-20,0R,pAMR0,1,S2222064,S2222064,5,2022-05-31,1R,pAMR0,162,0,future_no_significant_rejection,1,0.11043566746363066
image_plus_time,pair_000156,patient_23ee3df4f656b033,S2154954,S2154954,1,2021-12-20,0R,pAMR0,1,S2234198,S2234198,6,2022-08-16,0R,pAMR0,239,0,future_no_significant_rejection,1,0.11208749840529061
image_plus_time,pair_000157,patient_23ee3df4f656b033,S2154954,S2154954,1,2021-12-20,0R,pAMR0,1,S2248986,S2248986,7,2022-11-22,0R,pAMR0,337,0,future_no_significant_rejection,1,0.11356738126611278
image_plus_time,pair_000158,patient_23ee3df4f656b033,S2202563,S2202563,2,2022-01-18,0R,pAMR0,1,S2207352,S2207352,3,2022-02-22,0R,pAMR0,35,0,future_no_significant_rejection,1,0.031530480174176874
image_plus_time,pair_000159,patient_23ee3df4f656b033,S2202563,S2202563,2,2022-01-18,0R,pAMR0,1,S2213276,S2213276,4,2022-04-05,0R,pAMR0,77,0,future_no_significant_rejection,1,0.03256603998410843
image_plus_time,pair_000160,patient_23ee3df4f656b033,S2202563,S2202563,2,2022-01-18,0R,pAMR0,1,S2222064,S2222064,5,2022-05-31,1R,pAMR0,133,0,future_no_significant_rejection,1,0.03331026705646248
image_plus_time,pair_000161,patient_23ee3df4f656b033,S2202563,S2202563,2,2022-01-18,0R,pAMR0,1,S2234198,S2234198,6,2022-08-16,0R,pAMR0,210,0,future_no_significant_rejection,1,0.033947331874847705
image_plus_time,pair_000162,patient_23ee3df4f656b033,S2202563,S2202563,2,2022-01-18,0R,pAMR0,1,S2248986,S2248986,7,2022-11-22,0R,pAMR0,308,0,future_no_significant_rejection,1,0.034491691850253095
image_plus_time,pair_000163,patient_23ee3df4f656b033,S2207352,S2207352,3,2022-02-22,0R,pAMR0,1,S2213276,S2213276,4,2022-04-05,0R,pAMR0,42,0,future_no_significant_rejection,1,0.12074183442679186
image_plus_time,pair_000164,patient_23ee3df4f656b033,S2207352,S2207352,3,2022-02-22,0R,pAMR0,1,S2222064,S2222064,5,2022-05-31,1R,pAMR0,98,0,future_no_significant_rejection,1,0.124616997119993
image_plus_time,pair_000165,patient_23ee3df4f656b033,S2207352,S2207352,3,2022-02-22,0R,pAMR0,1,S2234198,S2234198,6,2022-08-16,0R,pAMR0,175,0,future_no_significant_rejection,1,0.12735246876182899
image_plus_time,pair_000166,patient_23ee3df4f656b033,S2207352,S2207352,3,2022-02-22,0R,pAMR0,1,S2248986,S2248986,7,2022-11-22,0R,pAMR0,273,0,future_no_significant_rejection,1,0.12949170769958743
image_plus_time,pair_000167,patient_23ee3df4f656b033,S2213276,S2213276,4,2022-04-05,0R,pAMR0,1,S2222064,S2222064,5,2022-05-31,1R,pAMR0,56,0,future_no_significant_rejection,1,0.28675901760909567
image_plus_time,pair_000168,patient_23ee3df4f656b033,S2213276,S2213276,4,2022-04-05,0R,pAMR0,1,S2234198,S2234198,6,2022-08-16,0R,pAMR0,133,0,future_no_significant_rejection,1,0.29436685825608916
image_plus_time,pair_000169,patient_23ee3df4f656b033,S2213276,S2213276,4,2022-04-05,0R,pAMR0,1,S2248986,S2248986,7,2022-11-22,0R,pAMR0,231,0,future_no_significant_rejection,1,0.29931369944377617
image_plus_time,pair_000170,patient_23ee3df4f656b033,S2222064,S2222064,5,2022-05-31,1R,pAMR0,1,S2234198,S2234198,6,2022-08-16,0R,pAMR0,77,0,future_no_significant_rejection,1,0.3767820584301783
image_plus_time,pair_000171,patient_23ee3df4f656b033,S2222064,S2222064,5,2022-05-31,1R,pAMR0,1,S2248986,S2248986,7,2022-11-22,0R,pAMR0,175,0,future_no_significant_rejection,1,0.3850679941191915
image_plus_time,pair_000172,patient_23ee3df4f656b033,S2234198,S2234198,6,2022-08-16,0R,pAMR0,1,S2248986,S2248986,7,2022-11-22,0R,pAMR0,98,0,future_no_significant_rejection,1,0.17712531665925352
image_plus_time,pair_000173,patient_26f6ecd90ed41f9d,S2227604,S2227604,1,2022-07-05,1R,pAMR0,3,S2243826,S2243826,2,2022-10-19,1R,pAMR0,106,0,future_no_significant_rejection,1,0.07271698831342671
image_plus_time,pair_000174,patient_26f6ecd90ed41f9d,S2227604,S2227604,1,2022-07-05,1R,pAMR0,3,S2302643,S2302643,3,2023-01-17,1R,pAMR0,196,0,future_no_significant_rejection,1,0.07451422483106333
image_plus_time,pair_000175,patient_26f6ecd90ed41f9d,S2227604,S2227604,1,2022-07-05,1R,pAMR0,3,S2310080,S2310080,4,2023-03-07,0R,pAMR0,245,0,future_no_significant_rejection,1,0.07517835299910364
image_plus_time,pair_000176,patient_26f6ecd90ed41f9d,S2227604,S2227604,1,2022-07-05,1R,pAMR0,3,S2323107,S2323107,5,2023-05-30,0R,pAMR0,329,0,future_no_significant_rejection,1,0.07606500504560898
image_plus_time,pair_000177,patient_26f6ecd90ed41f9d,S2243826,S2243826,2,2022-10-19,1R,pAMR0,1,S2302643,S2302643,3,2023-01-17,1R,pAMR0,90,0,future_no_significant_rejection,1,0.2660690664178229
image_plus_time,pair_000178,patient_26f6ecd90ed41f9d,S2243826,S2243826,2,2022-10-19,1R,pAMR0,1,S2310080,S2310080,4,2023-03-07,0R,pAMR0,139,0,future_no_significant_rejection,1,0.26971708264360117
image_plus_time,pair_000179,patient_26f6ecd90ed41f9d,S2243826,S2243826,2,2022-10-19,1R,pAMR0,1,S2323107,S2323107,5,2023-05-30,0R,pAMR0,223,0,future_no_significant_rejection,1,0.27373302666989624
image_plus_time,pair_000180,patient_26f6ecd90ed41f9d,S2302643,S2302643,3,2023-01-17,1R,pAMR0,7,S2310080,S2310080,4,2023-03-07,0R,pAMR0,49,0,future_no_significant_rejection,1,0.3350195974525152
image_plus_time,pair_000181,patient_26f6ecd90ed41f9d,S2302643,S2302643,3,2023-01-17,1R,pAMR0,7,S2323107,S2323107,5,2023-05-30,0R,pAMR0,133,0,future_no_significant_rejection,1,0.34456814478487097
image_plus_time,pair_000182,patient_26f6ecd90ed41f9d,S2310080,S2310080,4,2023-03-07,0R,pAMR0,5,S2323107,S2323107,5,2023-05-30,0R,pAMR0,84,0,future_no_significant_rejection,1,0.9488977659687898
image_plus_time,pair_000183,patient_2999b7afa4f16b6d,S2108730,S2108730,1,2021-03-02,0R,pAMR0,1,S2130897,S2130897,2,2021-07-20,0R,pAMR0,140,0,future_no_significant_rejection,1,0.09212242254037674
image_plus_time,pair_000184,patient_2999b7afa4f16b6d,S2108730,S2108730,1,2021-03-02,0R,pAMR0,1,S2143767,S2143767,3,2021-10-12,1R,pAMR0,224,0,future_no_significant_rejection,1,0.09382406354454853
image_plus_time,pair_000185,patient_2999b7afa4f16b6d,S2130897,S2130897,2,2021-07-20,0R,pAMR0,1,S2143767,S2143767,3,2021-10-12,1R,pAMR0,84,0,future_no_significant_rejection,1,0.5979219482872152
image_plus_time,pair_000230,patient_30b34f698447ae86,S2202564,S2202564,1,2022-01-18,0R,pAMR0,1,S2206288,S2206288,2,2022-02-15,0R,pAMR0,28,0,future_no_significant_rejection,1,0.04639251027485694
image_plus_time,pair_000231,patient_30b34f698447ae86,S2202564,S2202564,1,2022-01-18,0R,pAMR0,1,S2209232,S2209232,3,2022-03-08,0R,pAMR0,49,0,future_no_significant_rejection,1,0.04744423525146003
image_plus_time,pair_000232,patient_30b34f698447ae86,S2202564,S2202564,1,2022-01-18,0R,pAMR0,1,S2214324,S2214324,4,2022-04-12,0R,pAMR0,84,0,future_no_significant_rejection,1,0.0484904940176524
image_plus_time,pair_000233,patient_30b34f698447ae86,S2202564,S2202564,1,2022-01-18,0R,pAMR0,1,S2220927,S2220927,5,2022-05-24,0R,pAMR0,126,0,future_no_significant_rejection,1,0.04929673267355931
image_plus_time,pair_000234,patient_30b34f698447ae86,S2202564,S2202564,1,2022-01-18,0R,pAMR0,1,S2227621,S2227621,6,2022-07-05,1R,pAMR0,168,0,future_no_significant_rejection,1,0.04987813186044841
image_plus_time,pair_000235,patient_30b34f698447ae86,S2202564,S2202564,1,2022-01-18,0R,pAMR0,1,S2241564,S2241564,7,2022-10-04,1R,pAMR0,259,0,future_no_significant_rejection,1,0.05076703455963633
image_plus_time,pair_000236,patient_30b34f698447ae86,S2202564,S2202564,1,2022-01-18,0R,pAMR0,1,S2300331,S2300331,8,2023-01-03,0R,pAMR0,350,0,future_no_significant_rejection,1,0.05139512773737946
image_plus_time,pair_000237,patient_30b34f698447ae86,S2202564,S2202564,1,2022-01-18,0R,pAMR0,1,S2326330,S2326330,9,2023-06-20,0R,pAMR0,518,0,future_no_significant_rejection,1,0.052224738735952785
image_plus_time,pair_000238,patient_30b34f698447ae86,S2206288,S2206288,2,2022-02-15,0R,pAMR0,2,S2209232,S2209232,3,2022-03-08,0R,pAMR0,21,0,future_no_significant_rejection,1,0.041022493029810383
image_plus_time,pair_000239,patient_30b34f698447ae86,S2206288,S2206288,2,2022-02-15,0R,pAMR0,2,S2214324,S2214324,4,2022-04-12,0R,pAMR0,56,0,future_no_significant_rejection,1,0.04267046043424014
image_plus_time,pair_000240,patient_30b34f698447ae86,S2206288,S2206288,2,2022-02-15,0R,pAMR0,2,S2220927,S2220927,5,2022-05-24,0R,pAMR0,98,0,future_no_significant_rejection,1,0.04365489979030413
image_plus_time,pair_000241,patient_30b34f698447ae86,S2206288,S2206288,2,2022-02-15,0R,pAMR0,2,S2227621,S2227621,6,2022-07-05,1R,pAMR0,140,0,future_no_significant_rejection,1,0.044296855201431375
image_plus_time,pair_000242,patient_30b34f698447ae86,S2206288,S2206288,2,2022-02-15,0R,pAMR0,2,S2241564,S2241564,7,2022-10-04,1R,pAMR0,231,0,future_no_significant_rejection,1,0.04521610294993962
image_plus_time,pair_000243,patient_30b34f698447ae86,S2206288,S2206288,2,2022-02-15,0R,pAMR0,2,S2300331,S2300331,8,2023-01-03,0R,pAMR0,322,0,future_no_significant_rejection,1,0.045836980453632735
image_plus_time,pair_000244,patient_30b34f698447ae86,S2206288,S2206288,2,2022-02-15,0R,pAMR0,2,S2326330,S2326330,9,2023-06-20,0R,pAMR0,490,0,future_no_significant_rejection,1,0.046634375717126954
image_plus_time,pair_000245,patient_30b34f698447ae86,S2209232,S2209232,3,2022-03-08,0R,pAMR0,1,S2214324,S2214324,4,2022-04-12,0R,pAMR0,35,0,future_no_significant_rejection,1,0.19035096097338533
image_plus_time,pair_000246,patient_30b34f698447ae86,S2209232,S2209232,3,2022-03-08,0R,pAMR0,1,S2220927,S2220927,5,2022-05-24,0R,pAMR0,77,0,future_no_significant_rejection,1,0.19554945676840454
image_plus_time,pair_000247,patient_30b34f698447ae86,S2209232,S2209232,3,2022-03-08,0R,pAMR0,1,S2227621,S2227621,6,2022-07-05,1R,pAMR0,119,0,future_no_significant_rejection,1,0.19849208679382718
image_plus_time,pair_000248,patient_30b34f698447ae86,S2209232,S2209232,3,2022-03-08,0R,pAMR0,1,S2241564,S2241564,7,2022-10-04,1R,pAMR0,210,0,future_no_significant_rejection,1,0.2023974426721503
image_plus_time,pair_000249,patient_30b34f698447ae86,S2209232,S2209232,3,2022-03-08,0R,pAMR0,1,S2300331,S2300331,8,2023-01-03,0R,pAMR0,301,0,future_no_significant_rejection,1,0.20490833779452403
image_plus_time,pair_000250,patient_30b34f698447ae86,S2209232,S2209232,3,2022-03-08,0R,pAMR0,1,S2326330,S2326330,9,2023-06-20,0R,pAMR0,469,0,future_no_significant_rejection,1,0.20803735521735078
image_plus_time,pair_000251,patient_30b34f698447ae86,S2214324,S2214324,4,2022-04-12,0R,pAMR0,1,S2220927,S2220927,5,2022-05-24,0R,pAMR0,42,0,future_no_significant_rejection,1,0.026925019025364587
image_plus_time,pair_000252,patient_30b34f698447ae86,S2214324,S2214324,4,2022-04-12,0R,pAMR0,1,S2227621,S2227621,6,2022-07-05,1R,pAMR0,84,0,future_no_significant_rejection,1,0.027706755661294092
image_plus_time,pair_000253,patient_30b34f698447ae86,S2214324,S2214324,4,2022-04-12,0R,pAMR0,1,S2241564,S2241564,7,2022-10-04,1R,pAMR0,175,0,future_no_significant_rejection,1,0.028566046297300123
image_plus_time,pair_000254,patient_30b34f698447ae86,S2214324,S2214324,4,2022-04-12,0R,pAMR0,1,S2300331,S2300331,8,2023-01-03,0R,pAMR0,266,0,future_no_significant_rejection,1,0.029069674468647475
image_plus_time,pair_000255,patient_30b34f698447ae86,S2214324,S2214324,4,2022-04-12,0R,pAMR0,1,S2326330,S2326330,9,2023-06-20,0R,pAMR0,434,0,future_no_significant_rejection,1,0.02967045771948779
image_plus_time,pair_000256,patient_30b34f698447ae86,S2220927,S2220927,5,2022-05-24,0R,pAMR0,1,S2227621,S2227621,6,2022-07-05,1R,pAMR0,42,0,future_no_significant_rejection,1,0.2595312973349035
image_plus_time,pair_000257,patient_30b34f698447ae86,S2220927,S2220927,5,2022-05-24,0R,pAMR0,1,S2241564,S2241564,7,2022-10-04,1R,pAMR0,133,0,future_no_significant_rejection,1,0.26907362768935666
image_plus_time,pair_000258,patient_30b34f698447ae86,S2220927,S2220927,5,2022-05-24,0R,pAMR0,1,S2300331,S2300331,8,2023-01-03,0R,pAMR0,224,0,future_no_significant_rejection,1,0.273497394914808
image_plus_time,pair_000259,patient_30b34f698447ae86,S2220927,S2220927,5,2022-05-24,0R,pAMR0,1,S2326330,S2326330,9,2023-06-20,0R,pAMR0,392,0,future_no_significant_rejection,1,0.2783082229622564
image_plus_time,pair_000260,patient_30b34f698447ae86,S2227621,S2227621,6,2022-07-05,1R,pAMR0,1,S2241564,S2241564,7,2022-10-04,1R,pAMR0,91,0,future_no_significant_rejection,1,0.05719255752202173
image_plus_time,pair_000261,patient_30b34f698447ae86,S2227621,S2227621,6,2022-07-05,1R,pAMR0,1,S2300331,S2300331,8,2023-01-03,0R,pAMR0,182,0,future_no_significant_rejection,1,0.05881490308026625
image_plus_time,pair_000262,patient_30b34f698447ae86,S2227621,S2227621,6,2022-07-05,1R,pAMR0,1,S2326330,S2326330,9,2023-06-20,0R,pAMR0,350,0,future_no_significant_rejection,1,0.06039107666304223
image_plus_time,pair_000263,patient_30b34f698447ae86,S2241564,S2241564,7,2022-10-04,1R,pAMR0,1,S2300331,S2300331,8,2023-01-03,0R,pAMR0,91,0,future_no_significant_rejection,1,0.061018053193102655
image_plus_time,pair_000264,patient_30b34f698447ae86,S2241564,S2241564,7,2022-10-04,1R,pAMR0,1,S2326330,S2326330,9,2023-06-20,0R,pAMR0,259,0,future_no_significant_rejection,1,0.0636393545384504
image_plus_time,pair_000265,patient_30b34f698447ae86,S2300331,S2300331,8,2023-01-03,0R,pAMR0,2,S2326330,S2326330,9,2023-06-20,0R,pAMR0,168,0,future_no_significant_rejection,1,0.006712720166006029
image_plus_time,pair_000362,patient_441646021a546773,S2208362,S2208362,1,2022-03-02,0R,pAMR0,1,S2210206,S2210206,2,2022-03-15,0R,pAMR0,13,0,future_no_significant_rejection,1,0.09674400008438917
image_plus_time,pair_000363,patient_441646021a546773,S2208362,S2208362,1,2022-03-02,0R,pAMR0,1,S2215454,S2215454,3,2022-04-19,0R,pAMR0,48,0,future_no_significant_rejection,1,0.10157504594044918
image_plus_time,pair_000364,patient_441646021a546773,S2208362,S2208362,1,2022-03-02,0R,pAMR0,1,S2219753,S2219753,4,2022-05-17,0R,pAMR0,76,0,future_no_significant_rejection,1,0.10336993105025798
image_plus_time,pair_000365,patient_441646021a546773,S2208362,S2208362,1,2022-03-02,0R,pAMR0,1,S2226370,S2226370,5,2022-06-28,0R,pAMR0,118,0,future_no_significant_rejection,1,0.1051250989470799
image_plus_time,pair_000366,patient_441646021a546773,S2208362,S2208362,1,2022-03-02,0R,pAMR0,1,S2235315,S2235315,6,2022-08-23,0R,pAMR0,174,0,future_no_significant_rejection,1,0.10670197895060012
image_plus_time,pair_000367,patient_441646021a546773,S2208362,S2208362,1,2022-03-02,0R,pAMR0,1,S2248988,S2248988,7,2022-11-22,0R,pAMR0,265,0,future_no_significant_rejection,1,0.10843752905571677
image_plus_time,pair_000368,patient_441646021a546773,S2208362,S2208362,1,2022-03-02,0R,pAMR0,1,S2306850,S2306850,8,2023-02-14,0R,pAMR0,349,0,future_no_significant_rejection,1,0.10958847765990197
image_plus_time,pair_000369,patient_441646021a546773,S2208362,S2208362,1,2022-03-02,0R,pAMR0,1,S2322861,S2322861,9,2023-05-26,0R,pAMR0,450,0,future_no_significant_rejection,1,0.11066126933649054
image_plus_time,pair_000370,patient_441646021a546773,S2210206,S2210206,2,2022-03-15,0R,pAMR0,1,S2215454,S2215454,3,2022-04-19,0R,pAMR0,35,0,future_no_significant_rejection,1,0.068342400020879
image_plus_time,pair_000371,patient_441646021a546773,S2210206,S2210206,2,2022-03-15,0R,pAMR0,1,S2219753,S2219753,4,2022-05-17,0R,pAMR0,63,0,future_no_significant_rejection,1,0.06994128294480181
image_plus_time,pair_000372,patient_441646021a546773,S2210206,S2210206,2,2022-03-15,0R,pAMR0,1,S2226370,S2226370,5,2022-06-28,0R,pAMR0,105,0,future_no_significant_rejection,1,0.07137179539435107
image_plus_time,pair_000373,patient_441646021a546773,S2210206,S2210206,2,2022-03-15,0R,pAMR0,1,S2235315,S2235315,6,2022-08-23,0R,pAMR0,161,0,future_no_significant_rejection,1,0.07259520895620294
image_plus_time,pair_000374,patient_441646021a546773,S2210206,S2210206,2,2022-03-15,0R,pAMR0,1,S2248988,S2248988,7,2022-11-22,0R,pAMR0,252,0,future_no_significant_rejection,1,0.07390183803575398
image_plus_time,pair_000375,patient_441646021a546773,S2210206,S2210206,2,2022-03-15,0R,pAMR0,1,S2306850,S2306850,8,2023-02-14,0R,pAMR0,336,0,future_no_significant_rejection,1,0.07475354207653567
image_plus_time,pair_000376,patient_441646021a546773,S2210206,S2210206,2,2022-03-15,0R,pAMR0,1,S2322861,S2322861,9,2023-05-26,0R,pAMR0,437,0,future_no_significant_rejection,1,0.07554017844701409
image_plus_time,pair_000377,patient_441646021a546773,S2215454,S2215454,3,2022-04-19,0R,pAMR0,1,S2219753,S2219753,4,2022-05-17,0R,pAMR0,28,0,future_no_significant_rejection,1,0.02066385055577961
image_plus_time,pair_000378,patient_441646021a546773,S2215454,S2215454,3,2022-04-19,0R,pAMR0,1,S2226370,S2226370,5,2022-06-28,0R,pAMR0,70,0,future_no_significant_rejection,1,0.021460905896186502
image_plus_time,pair_000379,patient_441646021a546773,S2215454,S2215454,3,2022-04-19,0R,pAMR0,1,S2235315,S2235315,6,2022-08-23,0R,pAMR0,126,0,future_no_significant_rejection,1,0.021994579262701458
image_plus_time,pair_000380,patient_441646021a546773,S2215454,S2215454,3,2022-04-19,0R,pAMR0,1,S2248988,S2248988,7,2022-11-22,0R,pAMR0,217,0,future_no_significant_rejection,1,0.02250205602119199
image_plus_time,pair_000381,patient_441646021a546773,S2215454,S2215454,3,2022-04-19,0R,pAMR0,1,S2306850,S2306850,8,2023-02-14,0R,pAMR0,301,0,future_no_significant_rejection,1,0.022813696244633072
image_plus_time,pair_000382,patient_441646021a546773,S2215454,S2215454,3,2022-04-19,0R,pAMR0,1,S2322861,S2322861,9,2023-05-26,0R,pAMR0,402,0,future_no_significant_rejection,1,0.023093069206596723
image_plus_time,pair_000383,patient_441646021a546773,S2219753,S2219753,4,2022-05-17,0R,pAMR0,1,S2226370,S2226370,5,2022-06-28,0R,pAMR0,42,0,future_no_significant_rejection,1,0.12219276055102034
image_plus_time,pair_000384,patient_441646021a546773,S2219753,S2219753,4,2022-05-17,0R,pAMR0,1,S2235315,S2235315,6,2022-08-23,0R,pAMR0,98,0,future_no_significant_rejection,1,0.1261078112887043
image_plus_time,pair_000385,patient_441646021a546773,S2219753,S2219753,4,2022-05-17,0R,pAMR0,1,S2248988,S2248988,7,2022-11-22,0R,pAMR0,189,0,future_no_significant_rejection,1,0.12924266310253188
image_plus_time,pair_000386,patient_441646021a546773,S2219753,S2219753,4,2022-05-17,0R,pAMR0,1,S2306850,S2306850,8,2023-02-14,0R,pAMR0,273,0,future_no_significant_rejection,1,0.13103210964875942
image_plus_time,pair_000387,patient_441646021a546773,S2219753,S2219753,4,2022-05-17,0R,pAMR0,1,S2322861,S2322861,9,2023-05-26,0R,pAMR0,374,0,future_no_significant_rejection,1,0.13258259934589006
image_plus_time,pair_000388,patient_441646021a546773,S2226370,S2226370,5,2022-06-28,0R,pAMR0,1,S2235315,S2235315,6,2022-08-23,0R,pAMR0,56,0,future_no_significant_rejection,1,0.011724562803910465
image_plus_time,pair_000389,patient_441646021a546773,S2226370,S2226370,5,2022-06-28,0R,pAMR0,1,S2248988,S2248988,7,2022-11-22,0R,pAMR0,147,0,future_no_significant_rejection,1,0.012211672379688133
image_plus_time,pair_000390,patient_441646021a546773,S2226370,S2226370,5,2022-06-28,0R,pAMR0,1,S2306850,S2306850,8,2023-02-14,0R,pAMR0,231,0,future_no_significant_rejection,1,0.01244803461755966
image_plus_time,pair_000391,patient_441646021a546773,S2226370,S2226370,5,2022-06-28,0R,pAMR0,1,S2322861,S2322861,9,2023-05-26,0R,pAMR0,332,0,future_no_significant_rejection,1,0.012641333989910073
image_plus_time,pair_000392,patient_441646021a546773,S2235315,S2235315,6,2022-08-23,0R,pAMR0,1,S2248988,S2248988,7,2022-11-22,0R,pAMR0,91,0,future_no_significant_rejection,1,0.02117718047238231
image_plus_time,pair_000393,patient_441646021a546773,S2235315,S2235315,6,2022-08-23,0R,pAMR0,1,S2306850,S2306850,8,2023-02-14,0R,pAMR0,175,0,future_no_significant_rejection,1,0.02176563884550858
image_plus_time,pair_000394,patient_441646021a546773,S2235315,S2235315,6,2022-08-23,0R,pAMR0,1,S2322861,S2322861,9,2023-05-26,0R,pAMR0,276,0,future_no_significant_rejection,1,0.022186523965094428
image_plus_time,pair_000395,patient_441646021a546773,S2248988,S2248988,7,2022-11-22,0R,pAMR0,1,S2306850,S2306850,8,2023-02-14,0R,pAMR0,84,0,future_no_significant_rejection,1,0.19923846211349536
image_plus_time,pair_000396,patient_441646021a546773,S2248988,S2248988,7,2022-11-22,0R,pAMR0,1,S2322861,S2322861,9,2023-05-26,0R,pAMR0,185,0,future_no_significant_rejection,1,0.20468795296497494
image_plus_time,pair_000397,patient_441646021a546773,S2306850,S2306850,8,2023-02-14,0R,pAMR0,1,S2322861,S2322861,9,2023-05-26,0R,pAMR0,101,0,future_no_significant_rejection,1,0.1925560823753993
image_plus_time,pair_000407,patient_4a2bd6cb3f9d710c,S2306848,S2306848,1,2023-02-14,0R,pAMR0,1,S2310074,S2310074,2,2023-03-07,0R,pAMR0,21,0,future_no_significant_rejection,1,0.6205563326473862
image_plus_time,pair_000408,patient_4a2bd6cb3f9d710c,S2306848,S2306848,1,2023-02-14,0R,pAMR0,1,S2315838,S2315838,3,2023-04-11,1R,pAMR0,56,0,future_no_significant_rejection,1,0.6301863972643795
image_plus_time,pair_000409,patient_4a2bd6cb3f9d710c,S2306848,S2306848,1,2023-02-14,0R,pAMR0,1,S2323104,S2323104,4,2023-05-30,0R,pAMR0,105,0,future_no_significant_rejection,1,0.6364071771154857
image_plus_time,pair_000410,patient_4a2bd6cb3f9d710c,S2306848,S2306848,1,2023-02-14,0R,pAMR0,1,S2406755,S2406755,5,2024-02-13,0R,pAMR0,364,0,future_no_significant_rejection,1,0.6486686760213426
image_plus_time,pair_000411,patient_4a2bd6cb3f9d710c,S2310074,S2310074,2,2023-03-07,0R,pAMR0,1,S2315838,S2315838,3,2023-04-11,1R,pAMR0,35,0,future_no_significant_rejection,1,0.07283490817153762
image_plus_time,pair_000412,patient_4a2bd6cb3f9d710c,S2310074,S2310074,2,2023-03-07,0R,pAMR0,1,S2323104,S2323104,4,2023-05-30,0R,pAMR0,84,0,future_no_significant_rejection,1,0.07538004152300698
image_plus_time,pair_000413,patient_4a2bd6cb3f9d710c,S2310074,S2310074,2,2023-03-07,0R,pAMR0,1,S2406755,S2406755,5,2024-02-13,0R,pAMR0,343,0,future_no_significant_rejection,1,0.07969655071417468
image_plus_time,pair_000414,patient_4a2bd6cb3f9d710c,S2315838,S2315838,3,2023-04-11,1R,pAMR0,2,S2323104,S2323104,4,2023-05-30,0R,pAMR0,49,0,future_no_significant_rejection,1,0.02445112885764831
image_plus_time,pair_000415,patient_4a2bd6cb3f9d710c,S2315838,S2315838,3,2023-04-11,1R,pAMR0,2,S2406755,S2406755,5,2024-02-13,0R,pAMR0,308,0,future_no_significant_rejection,1,0.0263988287448668
image_plus_time,pair_000416,patient_4a2bd6cb3f9d710c,S2323104,S2323104,4,2023-05-30,0R,pAMR0,6,S2406755,S2406755,5,2024-02-13,0R,pAMR0,259,0,future_no_significant_rejection,1,0.05948619145606177
image_plus_time,pair_000429,patient_4ab30837cfd3692a,S2415689,S2415689,1,2024-05-28,1R,pAMR0,3,S2417717,S2417717,2,2024-06-18,0R,pAMR0,21,0,future_no_significant_rejection,1,0.0056841104765891085
image_plus_time,pair_000430,patient_4ab30837cfd3692a,S2415689,S2415689,1,2024-05-28,1R,pAMR0,3,S2433346,S2433346,3,2024-11-19,1R,pAMR0,175,0,future_no_significant_rejection,1,0.006214765293202228
image_plus_time,pair_000431,patient_4ab30837cfd3692a,S2415689,S2415689,1,2024-05-28,1R,pAMR0,3,S2505506,S2505506,4,2025-02-25,0R,pAMR0,273,0,future_no_significant_rejection,1,0.006333929055568998
image_plus_time,pair_000432,patient_4ab30837cfd3692a,S2417717,S2417717,2,2024-06-18,0R,pAMR0,2,S2433346,S2433346,3,2024-11-19,1R,pAMR0,154,0,future_no_significant_rejection,1,0.24514549821642398
image_plus_time,pair_000433,patient_4ab30837cfd3692a,S2417717,S2417717,2,2024-06-18,0R,pAMR0,2,S2505506,S2505506,4,2025-02-25,0R,pAMR0,252,0,future_no_significant_rejection,1,0.24908145881462534
image_plus_time,pair_000434,patient_4ab30837cfd3692a,S2433346,S2433346,3,2024-11-19,1R,pAMR0,2,S2505506,S2505506,4,2025-02-25,0R,pAMR0,98,0,future_no_significant_rejection,1,0.00452892757706274
image_plus_time,pair_000435,patient_4af3110fd801b611,S2345468,S2345468,1,2023-10-24,0R,pAMR0,1,S2353995,S2353995,2,2023-12-19,0R,pAMR0,56,0,future_no_significant_rejection,1,0.036879703849936454
image_plus_time,pair_000436,patient_4af3110fd801b611,S2345468,S2345468,1,2023-10-24,0R,pAMR0,1,S2402481,S2402481,3,2024-01-16,0R,pAMR0,84,0,future_no_significant_rejection,1,0.03749748446939507
image_plus_time,pair_000437,patient_4af3110fd801b611,S2345468,S2345468,1,2023-10-24,0R,pAMR0,1,S2408486,S2408486,4,2024-02-27,0R,pAMR0,126,0,future_no_significant_rejection,1,0.03812826941049575
image_plus_time,pair_000438,patient_4af3110fd801b611,S2345468,S2345468,1,2023-10-24,0R,pAMR0,1,S2412060,S2412060,5,2024-04-16,0R,pAMR0,175,0,future_no_significant_rejection,1,0.03864835252140029
image_plus_time,pair_000439,patient_4af3110fd801b611,S2345468,S2345468,1,2023-10-24,0R,pAMR0,1,S2420602,S2420602,6,2024-07-16,0R,pAMR0,266,0,future_no_significant_rejection,1,0.03932253956294317
image_plus_time,pair_000440,patient_4af3110fd801b611,S2345468,S2345468,1,2023-10-24,0R,pAMR0,1,S2429676,S2429676,7,2024-10-15,0R,pAMR0,357,0,future_no_significant_rejection,1,0.039803722962815334
image_plus_time,pair_000441,patient_4af3110fd801b611,S2353995,S2353995,2,2023-12-19,0R,pAMR0,1,S2402481,S2402481,3,2024-01-16,0R,pAMR0,28,0,future_no_significant_rejection,1,0.022275330055144368
image_plus_time,pair_000442,patient_4af3110fd801b611,S2353995,S2353995,2,2023-12-19,0R,pAMR0,1,S2408486,S2408486,4,2024-02-27,0R,pAMR0,70,0,future_no_significant_rejection,1,0.023133075845658452
image_plus_time,pair_000443,patient_4af3110fd801b611,S2353995,S2353995,2,2023-12-19,0R,pAMR0,1,S2412060,S2412060,5,2024-04-16,0R,pAMR0,119,0,future_no_significant_rejection,1,0.023650729936599283
image_plus_time,pair_000444,patient_4af3110fd801b611,S2353995,S2353995,2,2023-12-19,0R,pAMR0,1,S2420602,S2420602,6,2024-07-16,0R,pAMR0,210,0,future_no_significant_rejection,1,0.024220011784543263
image_plus_time,pair_000445,patient_4af3110fd801b611,S2353995,S2353995,2,2023-12-19,0R,pAMR0,1,S2429676,S2429676,7,2024-10-15,0R,pAMR0,301,0,future_no_significant_rejection,1,0.024588622978701114
image_plus_time,pair_000446,patient_4af3110fd801b611,S2402481,S2402481,3,2024-01-16,0R,pAMR0,1,S2408486,S2408486,4,2024-02-27,0R,pAMR0,42,0,future_no_significant_rejection,1,0.004124471200651409
image_plus_time,pair_000447,patient_4af3110fd801b611,S2402481,S2402481,3,2024-01-16,0R,pAMR0,1,S2412060,S2412060,5,2024-04-16,0R,pAMR0,91,0,future_no_significant_rejection,1,0.004261585129255128
image_plus_time,pair_000448,patient_4af3110fd801b611,S2402481,S2402481,3,2024-01-16,0R,pAMR0,1,S2420602,S2420602,6,2024-07-16,0R,pAMR0,182,0,future_no_significant_rejection,1,0.004389461251476311
image_plus_time,pair_000449,patient_4af3110fd801b611,S2402481,S2402481,3,2024-01-16,0R,pAMR0,1,S2429676,S2429676,7,2024-10-15,0R,pAMR0,273,0,future_no_significant_rejection,1,0.004466289513939815
image_plus_time,pair_000450,patient_4af3110fd801b611,S2408486,S2408486,4,2024-02-27,0R,pAMR0,1,S2412060,S2412060,5,2024-04-16,0R,pAMR0,49,0,future_no_significant_rejection,1,0.09112350548740358
image_plus_time,pair_000451,patient_4af3110fd801b611,S2408486,S2408486,4,2024-02-27,0R,pAMR0,1,S2420602,S2420602,6,2024-07-16,0R,pAMR0,140,0,future_no_significant_rejection,1,0.09489940181337468
image_plus_time,pair_000452,patient_4af3110fd801b611,S2408486,S2408486,4,2024-02-27,0R,pAMR0,1,S2429676,S2429676,7,2024-10-15,0R,pAMR0,231,0,future_no_significant_rejection,1,0.09676243272667003
image_plus_time,pair_000453,patient_4af3110fd801b611,S2412060,S2412060,5,2024-04-16,0R,pAMR0,4,S2420602,S2420602,6,2024-07-16,0R,pAMR0,91,0,future_no_significant_rejection,1,0.03603749680630052
image_plus_time,pair_000454,patient_4af3110fd801b611,S2412060,S2412060,5,2024-04-16,0R,pAMR0,4,S2429676,S2429676,7,2024-10-15,0R,pAMR0,182,0,future_no_significant_rejection,1,0.03708335334584892
image_plus_time,pair_000455,patient_4af3110fd801b611,S2420602,S2420602,6,2024-07-16,0R,pAMR0,1,S2429676,S2429676,7,2024-10-15,0R,pAMR0,91,0,future_no_significant_rejection,1,0.052996217200874
image_plus_time,pair_000456,patient_4cb9dbad2d74486f,S2149397,S2149397,1,2021-11-16,0R,pAMR0,1,S2151616,S2151616,2,2021-11-30,1R,pAMR0,14,0,future_no_significant_rejection,1,0.3293522920851675
image_plus_time,pair_000457,patient_4cb9dbad2d74486f,S2149397,S2149397,1,2021-11-16,0R,pAMR0,1,S2211181,S2211181,3,2022-03-22,0R,pAMR0,126,0,future_no_significant_rejection,1,0.35003603061700767
image_plus_time,pair_000458,patient_4cb9dbad2d74486f,S2149397,S2149397,1,2021-11-16,0R,pAMR0,1,S2226371,S2226371,4,2022-06-28,0R,pAMR0,224,0,future_no_significant_rejection,1,0.35567485830920315
image_plus_time,pair_000459,patient_4cb9dbad2d74486f,S2149397,S2149397,1,2021-11-16,0R,pAMR0,1,S2239521,S2239521,5,2022-09-20,0R,pAMR0,308,0,future_no_significant_rejection,1,0.35882019727766246
image_plus_time,pair_000460,patient_4cb9dbad2d74486f,S2151616,S2151616,2,2021-11-30,1R,pAMR0,1,S2211181,S2211181,3,2022-03-22,0R,pAMR0,112,0,future_no_significant_rejection,1,0.15775454626030525
image_plus_time,pair_000461,patient_4cb9dbad2d74486f,S2151616,S2151616,2,2021-11-30,1R,pAMR0,1,S2226371,S2226371,4,2022-06-28,0R,pAMR0,210,0,future_no_significant_rejection,1,0.16137030633957802
image_plus_time,pair_000462,patient_4cb9dbad2d74486f,S2151616,S2151616,2,2021-11-30,1R,pAMR0,1,S2239521,S2239521,5,2022-09-20,0R,pAMR0,294,0,future_no_significant_rejection,1,0.16333811865610234
image_plus_time,pair_000463,patient_4cb9dbad2d74486f,S2211181,S2211181,3,2022-03-22,0R,pAMR0,1,S2226371,S2226371,4,2022-06-28,0R,pAMR0,98,0,future_no_significant_rejection,1,0.7221486209607734
image_plus_time,pair_000464,patient_4cb9dbad2d74486f,S2211181,S2211181,3,2022-03-22,0R,pAMR0,1,S2239521,S2239521,5,2022-09-20,0R,pAMR0,182,0,future_no_significant_rejection,1,0.7274398536006602
image_plus_time,pair_000465,patient_4cb9dbad2d74486f,S2226371,S2226371,4,2022-06-28,0R,pAMR0,1,S2239521,S2239521,5,2022-09-20,0R,pAMR0,84,0,future_no_significant_rejection,1,0.0259243641942623
image_plus_time,pair_000482,patient_5ad31502c2708b1a,S2334384,S2334384,1,2023-08-08,0R,pAMR0,2,S2338781,S2338781,2,2023-09-05,0R,pAMR0,28,0,future_no_significant_rejection,1,0.031874210930720785
image_plus_time,pair_000483,patient_5ad31502c2708b1a,S2334384,S2334384,1,2023-08-08,0R,pAMR0,2,S2342677,S2342677,3,2023-10-04,0R,pAMR0,57,0,future_no_significant_rejection,1,0.03281082136828512
image_plus_time,pair_000484,patient_5ad31502c2708b1a,S2338781,S2338781,2,2023-09-05,0R,pAMR0,1,S2342677,S2342677,3,2023-10-04,0R,pAMR0,29,0,future_no_significant_rejection,1,0.02086563630370922
image_plus_time,pair_000485,patient_5d35983cfd191fff,S2138905,S2138905,1,2021-09-07,1R,pAMR0,2,S2144969,S2144969,2,2021-10-19,0R,pAMR0,42,0,future_no_significant_rejection,1,0.054163448789442147
image_plus_time,pair_000486,patient_5d35983cfd191fff,S2138905,S2138905,1,2021-09-07,1R,pAMR0,2,S2205211,S2205211,3,2022-02-08,0R,pAMR0,154,0,future_no_significant_rejection,1,0.057070781991501576
image_plus_time,pair_000487,patient_5d35983cfd191fff,S2138905,S2138905,1,2021-09-07,1R,pAMR0,2,S2216605,S2216605,4,2022-04-26,0R,pAMR0,231,0,future_no_significant_rejection,1,0.05801517675205394
image_plus_time,pair_000488,patient_5d35983cfd191fff,S2144969,S2144969,2,2021-10-19,0R,pAMR0,1,S2205211,S2205211,3,2022-02-08,0R,pAMR0,112,0,future_no_significant_rejection,1,0.06859613270404501
image_plus_time,pair_000489,patient_5d35983cfd191fff,S2144969,S2144969,2,2021-10-19,0R,pAMR0,1,S2216605,S2216605,4,2022-04-26,0R,pAMR0,189,0,future_no_significant_rejection,1,0.07004360535789862
image_plus_time,pair_000490,patient_5d35983cfd191fff,S2205211,S2205211,3,2022-02-08,0R,pAMR0,1,S2216605,S2216605,4,2022-04-26,0R,pAMR0,77,0,future_no_significant_rejection,1,0.5479994232653977
image_plus_time,pair_000491,patient_5ee21afd8d2dea4c,S2315839,S2315839,1,2023-04-11,1R,pAMR0,4,S2318954,S2318954,2,2023-05-02,1R,pAMR0,21,0,future_no_significant_rejection,1,0.311689734226267
image_plus_time,pair_000492,patient_5ee21afd8d2dea4c,S2315839,S2315839,1,2023-04-11,1R,pAMR0,4,S2325144,S2325144,3,2023-06-13,1R,pAMR0,63,0,future_no_significant_rejection,1,0.3216665115418419
image_plus_time,pair_000493,patient_5ee21afd8d2dea4c,S2315839,S2315839,1,2023-04-11,1R,pAMR0,4,S2330988,S2330988,4,2023-07-18,0R,pAMR0,98,0,future_no_significant_rejection,1,0.3257902130806674
image_plus_time,pair_000494,patient_5ee21afd8d2dea4c,S2315839,S2315839,1,2023-04-11,1R,pAMR0,4,S2338782,S2338782,5,2023-09-05,0R,pAMR0,147,0,future_no_significant_rejection,1,0.3296152094523276
image_plus_time,pair_000495,patient_5ee21afd8d2dea4c,S2315839,S2315839,1,2023-04-11,1R,pAMR0,4,S2408854,S2408854,6,2024-03-05,0R,pAMR0,329,0,future_no_significant_rejection,1,0.3373106670329085
image_plus_time,pair_000496,patient_5ee21afd8d2dea4c,S2318954,S2318954,2,2023-05-02,1R,pAMR0,1,S2325144,S2325144,3,2023-06-13,1R,pAMR0,42,0,future_no_significant_rejection,1,0.21467515879055354
image_plus_time,pair_000497,patient_5ee21afd8d2dea4c,S2318954,S2318954,2,2023-05-02,1R,pAMR0,1,S2330988,S2330988,4,2023-07-18,0R,pAMR0,77,0,future_no_significant_rejection,1,0.21904193139397932
image_plus_time,pair_000498,patient_5ee21afd8d2dea4c,S2318954,S2318954,2,2023-05-02,1R,pAMR0,1,S2338782,S2338782,5,2023-09-05,0R,pAMR0,126,0,future_no_significant_rejection,1,0.22266383995485853
image_plus_time,pair_000499,patient_5ee21afd8d2dea4c,S2318954,S2318954,2,2023-05-02,1R,pAMR0,1,S2408854,S2408854,6,2024-03-05,0R,pAMR0,308,0,future_no_significant_rejection,1,0.22937964612423434
image_plus_time,pair_000500,patient_5ee21afd8d2dea4c,S2325144,S2325144,3,2023-06-13,1R,pAMR0,1,S2330988,S2330988,4,2023-07-18,0R,pAMR0,35,0,future_no_significant_rejection,1,0.043239306244442055
image_plus_time,pair_000501,patient_5ee21afd8d2dea4c,S2325144,S2325144,3,2023-06-13,1R,pAMR0,1,S2338782,S2338782,5,2023-09-05,0R,pAMR0,84,0,future_no_significant_rejection,1,0.044800226187800704
image_plus_time,pair_000502,patient_5ee21afd8d2dea4c,S2325144,S2325144,3,2023-06-13,1R,pAMR0,1,S2408854,S2408854,6,2024-03-05,0R,pAMR0,266,0,future_no_significant_rejection,1,0.046963373230708566
image_plus_time,pair_000503,patient_5ee21afd8d2dea4c,S2330988,S2330988,4,2023-07-18,0R,pAMR0,1,S2338782,S2338782,5,2023-09-05,0R,pAMR0,49,0,future_no_significant_rejection,1,0.11583473057921723
image_plus_time,pair_000504,patient_5ee21afd8d2dea4c,S2330988,S2330988,4,2023-07-18,0R,pAMR0,1,S2408854,S2408854,6,2024-03-05,0R,pAMR0,231,0,future_no_significant_rejection,1,0.12279623907929166
image_plus_time,pair_000505,patient_5ee21afd8d2dea4c,S2338782,S2338782,5,2023-09-05,0R,pAMR0,1,S2408854,S2408854,6,2024-03-05,0R,pAMR0,182,0,future_no_significant_rejection,1,0.021713315209481106
image_plus_time,pair_000506,patient_61128f527d32178f,S2132028,S2132028,1,2021-07-27,0R,pAMR0,1,S2144966,S2144966,2,2021-10-19,0R,pAMR0,84,0,future_no_significant_rejection,1,0.019711126211041794
image_plus_time,pair_000517,patient_6e23f91caa098b84,S2419849,S2419849,1,2024-07-09,1R,pAMR0,4,S2422139,S2422139,2,2024-07-30,0R,pAMR0,21,0,future_no_significant_rejection,1,0.04777618547654739
image_plus_time,pair_000518,patient_6e23f91caa098b84,S2419849,S2419849,1,2024-07-09,1R,pAMR0,4,S2427693,S2427693,3,2024-09-24,0R,pAMR0,77,0,future_no_significant_rejection,1,0.050324742311277204
image_plus_time,pair_000519,patient_6e23f91caa098b84,S2419849,S2419849,1,2024-07-09,1R,pAMR0,4,S2433342,S2433342,4,2024-11-19,0R,pAMR0,133,0,future_no_significant_rejection,1,0.051453221928604104
image_plus_time,pair_000520,patient_6e23f91caa098b84,S2419849,S2419849,1,2024-07-09,1R,pAMR0,4,S2437880,S2437880,5,2024-12-31,0R,pAMR0,175,0,future_no_significant_rejection,1,0.05203082478509091
image_plus_time,pair_000521,patient_6e23f91caa098b84,S2419849,S2419849,1,2024-07-09,1R,pAMR0,4,S2506961,S2506961,6,2025-03-11,0R,pAMR0,245,0,future_no_significant_rejection,1,0.05274859241532136
image_plus_time,pair_000522,patient_6e23f91caa098b84,S2422139,S2422139,2,2024-07-30,0R,pAMR0,2,S2427693,S2427693,3,2024-09-24,0R,pAMR0,56,0,future_no_significant_rejection,1,0.06691090695124251
image_plus_time,pair_000523,patient_6e23f91caa098b84,S2422139,S2422139,2,2024-07-30,0R,pAMR0,2,S2433342,S2433342,4,2024-11-19,0R,pAMR0,112,0,future_no_significant_rejection,1,0.06877951758262546
image_plus_time,pair_000524,patient_6e23f91caa098b84,S2422139,S2422139,2,2024-07-30,0R,pAMR0,2,S2437880,S2437880,5,2024-12-31,0R,pAMR0,154,0,future_no_significant_rejection,1,0.06965868943866316
image_plus_time,pair_000525,patient_6e23f91caa098b84,S2422139,S2422139,2,2024-07-30,0R,pAMR0,2,S2506961,S2506961,6,2025-03-11,0R,pAMR0,224,0,future_no_significant_rejection,1,0.07070877356476322
image_plus_time,pair_000526,patient_6e23f91caa098b84,S2427693,S2427693,3,2024-09-24,0R,pAMR0,6,S2433342,S2433342,4,2024-11-19,0R,pAMR0,56,0,future_no_significant_rejection,1,0.026486785442569185
image_plus_time,pair_000527,patient_6e23f91caa098b84,S2427693,S2427693,3,2024-09-24,0R,pAMR0,6,S2437880,S2437880,5,2024-12-31,0R,pAMR0,98,0,future_no_significant_rejection,1,0.027108427939463428
image_plus_time,pair_000528,patient_6e23f91caa098b84,S2427693,S2427693,3,2024-09-24,0R,pAMR0,6,S2506961,S2506961,6,2025-03-11,0R,pAMR0,168,0,future_no_significant_rejection,1,0.027724113980869332
image_plus_time,pair_000529,patient_6e23f91caa098b84,S2433342,S2433342,4,2024-11-19,0R,pAMR0,2,S2437880,S2437880,5,2024-12-31,0R,pAMR0,42,0,future_no_significant_rejection,1,0.022851311882589775
image_plus_time,pair_000530,patient_6e23f91caa098b84,S2433342,S2433342,4,2024-11-19,0R,pAMR0,2,S2506961,S2506961,6,2025-03-11,0R,pAMR0,112,0,future_no_significant_rejection,1,0.023801629368376053
image_plus_time,pair_000531,patient_6e23f91caa098b84,S2437880,S2437880,5,2024-12-31,0R,pAMR0,1,S2506961,S2506961,6,2025-03-11,0R,pAMR0,70,0,future_no_significant_rejection,1,0.020634208986244205
image_plus_time,pair_000538,patient_70289ea84b1dd193,S2508630,S2508630,1,2025-03-25,1R,pAMR0,4,S2511006,S2511006,2,2025-04-15,0R,pAMR0,21,0,future_no_significant_rejection,1,0.03983670509957358
image_plus_time,pair_000539,patient_70289ea84b1dd193,S2508630,S2508630,1,2025-03-25,1R,pAMR0,4,S2513848,S2513848,3,2025-05-13,0R,pAMR0,49,0,future_no_significant_rejection,1,0.04121494653824226
image_plus_time,pair_000540,patient_70289ea84b1dd193,S2508630,S2508630,1,2025-03-25,1R,pAMR0,4,S2524760,S2524760,4,2025-08-12,0R,pAMR0,140,0,future_no_significant_rejection,1,0.04302066522094626
image_plus_time,pair_000541,patient_70289ea84b1dd193,S2508630,S2508630,1,2025-03-25,1R,pAMR0,4,S2531989,S2531989,5,2025-10-14,0R,pAMR0,203,0,future_no_significant_rejection,1,0.04368206584919842
image_plus_time,pair_000542,patient_70289ea84b1dd193,S2511006,S2511006,2,2025-04-15,0R,pAMR0,2,S2513848,S2513848,3,2025-05-13,0R,pAMR0,28,0,future_no_significant_rejection,1,0.1480995198595892
image_plus_time,pair_000543,patient_70289ea84b1dd193,S2511006,S2511006,2,2025-04-15,0R,pAMR0,2,S2524760,S2524760,4,2025-08-12,0R,pAMR0,119,0,future_no_significant_rejection,1,0.15600436705003587
image_plus_time,pair_000544,patient_70289ea84b1dd193,S2511006,S2511006,2,2025-04-15,0R,pAMR0,2,S2531989,S2531989,5,2025-10-14,0R,pAMR0,182,0,future_no_significant_rejection,1,0.15841854743380324
image_plus_time,pair_000545,patient_70289ea84b1dd193,S2513848,S2513848,3,2025-05-13,0R,pAMR0,6,S2524760,S2524760,4,2025-08-12,0R,pAMR0,91,0,future_no_significant_rejection,1,0.0433896392482684
image_plus_time,pair_000546,patient_70289ea84b1dd193,S2513848,S2513848,3,2025-05-13,0R,pAMR0,6,S2531989,S2531989,5,2025-10-14,0R,pAMR0,154,0,future_no_significant_rejection,1,0.04433419505965958
image_plus_time,pair_000547,patient_70289ea84b1dd193,S2524760,S2524760,4,2025-08-12,0R,pAMR0,1,S2531989,S2531989,5,2025-10-14,0R,pAMR0,63,0,future_no_significant_rejection,1,0.10624424979748995
image_plus_time,pair_000548,patient_71270218daad69ca,S2222945,S2222945,1,2022-06-07,0R,pAMR0,1,S2334411,S2334411,2,2023-08-08,0R,pAMR0,427,0,future_no_significant_rejection,1,0.08347195127357071
image_plus_time,pair_000593,patient_7b8c5e3e158230df,S2421437,S2421437,1,2024-07-23,0R,pAMR0,2,S2424255,S2424255,2,2024-08-20,0R,pAMR0,28,0,future_no_significant_rejection,1,0.0075295295781706885
image_plus_time,pair_000594,patient_7b8c5e3e158230df,S2421437,S2421437,1,2024-07-23,0R,pAMR0,2,S2426615,S2426615,3,2024-09-10,0R,pAMR0,49,0,future_no_significant_rejection,1,0.0077073458602682585
image_plus_time,pair_000595,patient_7b8c5e3e158230df,S2424255,S2424255,2,2024-08-20,0R,pAMR0,6,S2426615,S2426615,3,2024-09-10,0R,pAMR0,21,0,future_no_significant_rejection,1,0.2543633901799827
image_plus_time,pair_000617,patient_7ea5ec2f6c847fc5,S2136522,S2136522,1,2021-08-24,0R,pAMR0,2,S2148219,S2148219,2,2021-11-08,1R,pAMR0,76,0,future_no_significant_rejection,1,0.03872414577722241
image_plus_time,pair_000618,patient_7ea5ec2f6c847fc5,S2136522,S2136522,1,2021-08-24,0R,pAMR0,2,S2207353,S2207353,3,2022-02-22,0R,pAMR0,182,0,future_no_significant_rejection,1,0.04013979940518903
image_plus_time,pair_000619,patient_7ea5ec2f6c847fc5,S2148219,S2148219,2,2021-11-08,1R,pAMR0,2,S2207353,S2207353,3,2022-02-22,0R,pAMR0,106,0,future_no_significant_rejection,1,0.05263267504792031
image_plus_time,pair_000658,patient_8a989ce38f711fa1,S2151614,S2151614,1,2021-11-30,0R,pAMR0,3,S2154958,S2154958,2,2021-12-21,0R,pAMR0,21,0,future_no_significant_rejection,1,0.1825021924261066
image_plus_time,pair_000659,patient_8a989ce38f711fa1,S2151614,S2151614,1,2021-11-30,0R,pAMR0,3,S2202568,S2202568,3,2022-01-18,0R,pAMR0,49,0,future_no_significant_rejection,1,0.18785060191219824
image_plus_time,pair_000660,patient_8a989ce38f711fa1,S2151614,S2151614,1,2021-11-30,0R,pAMR0,3,S2207350,S2207350,4,2022-02-22,0R,pAMR0,84,0,future_no_significant_rejection,1,0.19137110213596512
image_plus_time,pair_000661,patient_8a989ce38f711fa1,S2151614,S2151614,1,2021-11-30,0R,pAMR0,3,S2213274,S2213274,5,2022-04-05,0R,pAMR0,126,0,future_no_significant_rejection,1,0.19406844739061482
image_plus_time,pair_000662,patient_8a989ce38f711fa1,S2151614,S2151614,1,2021-11-30,0R,pAMR0,3,S2222062,S2222062,6,2022-05-31,0R,pAMR0,182,0,future_no_significant_rejection,1,0.1965473576095695
image_plus_time,pair_000663,patient_8a989ce38f711fa1,S2151614,S2151614,1,2021-11-30,0R,pAMR0,3,S2234200,S2234200,7,2022-08-16,0R,pAMR0,259,0,future_no_significant_rejection,1,0.19895304141259396
image_plus_time,pair_000664,patient_8a989ce38f711fa1,S2151614,S2151614,1,2021-11-30,0R,pAMR0,3,S2248983,S2248983,8,2022-11-22,0R,pAMR0,357,0,future_no_significant_rejection,1,0.20116321650733543
image_plus_time,pair_000665,patient_8a989ce38f711fa1,S2154958,S2154958,2,2021-12-21,0R,pAMR0,3,S2202568,S2202568,3,2022-01-18,0R,pAMR0,28,0,future_no_significant_rejection,1,0.2064130504576303
image_plus_time,pair_000666,patient_8a989ce38f711fa1,S2154958,S2154958,2,2021-12-21,0R,pAMR0,3,S2207350,S2207350,4,2022-02-22,0R,pAMR0,63,0,future_no_significant_rejection,1,0.2120680843417447
image_plus_time,pair_000667,patient_8a989ce38f711fa1,S2154958,S2154958,2,2021-12-21,0R,pAMR0,3,S2213274,S2213274,5,2022-04-05,0R,pAMR0,105,0,future_no_significant_rejection,1,0.21573124867344728
image_plus_time,pair_000668,patient_8a989ce38f711fa1,S2154958,S2154958,2,2021-12-21,0R,pAMR0,3,S2222062,S2222062,6,2022-05-31,0R,pAMR0,161,0,future_no_significant_rejection,1,0.21884602623256244
image_plus_time,pair_000669,patient_8a989ce38f711fa1,S2154958,S2154958,2,2021-12-21,0R,pAMR0,3,S2234200,S2234200,7,2022-08-16,0R,pAMR0,238,0,future_no_significant_rejection,1,0.22172998398000807
image_plus_time,pair_000670,patient_8a989ce38f711fa1,S2154958,S2154958,2,2021-12-21,0R,pAMR0,3,S2248983,S2248983,8,2022-11-22,0R,pAMR0,336,0,future_no_significant_rejection,1,0.22430090414284903
image_plus_time,pair_000671,patient_8a989ce38f711fa1,S2202568,S2202568,3,2022-01-18,0R,pAMR0,1,S2207350,S2207350,4,2022-02-22,0R,pAMR0,35,0,future_no_significant_rejection,1,0.023175102824262245
image_plus_time,pair_000672,patient_8a989ce38f711fa1,S2202568,S2202568,3,2022-01-18,0R,pAMR0,1,S2213274,S2213274,5,2022-04-05,0R,pAMR0,77,0,future_no_significant_rejection,1,0.023943030130755508
image_plus_time,pair_000673,patient_8a989ce38f711fa1,S2202568,S2202568,3,2022-01-18,0R,pAMR0,1,S2222062,S2222062,6,2022-05-31,0R,pAMR0,133,0,future_no_significant_rejection,1,0.02449518630789882
image_plus_time,pair_000674,patient_8a989ce38f711fa1,S2202568,S2202568,3,2022-01-18,0R,pAMR0,1,S2234200,S2234200,7,2022-08-16,0R,pAMR0,210,0,future_no_significant_rejection,1,0.024968015533513112
image_plus_time,pair_000675,patient_8a989ce38f711fa1,S2202568,S2202568,3,2022-01-18,0R,pAMR0,1,S2248983,S2248983,8,2022-11-22,0R,pAMR0,308,0,future_no_significant_rejection,1,0.025372169977505347
image_plus_time,pair_000676,patient_8a989ce38f711fa1,S2207350,S2207350,4,2022-02-22,0R,pAMR0,1,S2213274,S2213274,5,2022-04-05,0R,pAMR0,42,0,future_no_significant_rejection,1,0.03871264770411461
image_plus_time,pair_000677,patient_8a989ce38f711fa1,S2207350,S2207350,4,2022-02-22,0R,pAMR0,1,S2222062,S2222062,6,2022-05-31,0R,pAMR0,98,0,future_no_significant_rejection,1,0.04007510904864047
image_plus_time,pair_000678,patient_8a989ce38f711fa1,S2207350,S2207350,4,2022-02-22,0R,pAMR0,1,S2234200,S2234200,7,2022-08-16,0R,pAMR0,175,0,future_no_significant_rejection,1,0.04104180624198545
image_plus_time,pair_000679,patient_8a989ce38f711fa1,S2207350,S2207350,4,2022-02-22,0R,pAMR0,1,S2248983,S2248983,8,2022-11-22,0R,pAMR0,273,0,future_no_significant_rejection,1,0.04180066568836362
image_plus_time,pair_000680,patient_8a989ce38f711fa1,S2213274,S2213274,5,2022-04-05,0R,pAMR0,1,S2222062,S2222062,6,2022-05-31,0R,pAMR0,56,0,future_no_significant_rejection,1,0.006291291507202883
image_plus_time,pair_000681,patient_8a989ce38f711fa1,S2213274,S2213274,5,2022-04-05,0R,pAMR0,1,S2234200,S2234200,7,2022-08-16,0R,pAMR0,133,0,future_no_significant_rejection,1,0.006526288087117048
image_plus_time,pair_000682,patient_8a989ce38f711fa1,S2213274,S2213274,5,2022-04-05,0R,pAMR0,1,S2248983,S2248983,8,2022-11-22,0R,pAMR0,231,0,future_no_significant_rejection,1,0.0066817664922856216
image_plus_time,pair_000683,patient_8a989ce38f711fa1,S2222062,S2222062,6,2022-05-31,0R,pAMR0,1,S2234200,S2234200,7,2022-08-16,0R,pAMR0,77,0,future_no_significant_rejection,1,0.019979672841899332
image_plus_time,pair_000684,patient_8a989ce38f711fa1,S2222062,S2222062,6,2022-05-31,0R,pAMR0,1,S2248983,S2248983,8,2022-11-22,0R,pAMR0,175,0,future_no_significant_rejection,1,0.020679414133588654
image_plus_time,pair_000685,patient_8a989ce38f711fa1,S2234200,S2234200,7,2022-08-16,0R,pAMR0,1,S2248983,S2248983,8,2022-11-22,0R,pAMR0,98,0,future_no_significant_rejection,1,0.3304629464607536
image_plus_time,pair_000692,patient_93ac78fffd137473,S2250149,S2250149,1,2022-11-29,1R,pAMR0,3,S2329753,S2329753,2,2023-07-11,0R,pAMR0,224,0,future_no_significant_rejection,1,0.3098978524453685
image_plus_time,pair_000693,patient_9665aa8b62656cf9,S2530985,S2530985,1,2025-09-30,0R,pAMR0,1,S2531985,S2531985,2,2025-10-14,0R,pAMR0,14,0,future_no_significant_rejection,1,0.4187635657031512
image_plus_time,pair_000694,patient_98877b8b3d3e8763,S2133158,S2133158,1,2021-08-03,0R,pAMR0,1,S2140147,S2140147,2,2021-09-13,1R,pAMR0,41,0,future_no_significant_rejection,1,0.02490584494616228
image_plus_time,pair_000695,patient_98877b8b3d3e8763,S2133158,S2133158,1,2021-08-03,0R,pAMR0,1,S2147205,S2147205,3,2021-11-02,1R,pAMR0,91,0,future_no_significant_rejection,1,0.025741443381005685
image_plus_time,pair_000696,patient_98877b8b3d3e8763,S2133158,S2133158,1,2021-08-03,0R,pAMR0,1,S2201380,S2201380,4,2022-01-10,0R,pAMR0,160,0,future_no_significant_rejection,1,0.026354426849570744
image_plus_time,pair_000697,patient_98877b8b3d3e8763,S2133158,S2133158,1,2021-08-03,0R,pAMR0,1,S2211180,S2211180,5,2022-03-22,0R,pAMR0,231,0,future_no_significant_rejection,1,0.026762237701410552
image_plus_time,pair_000698,patient_98877b8b3d3e8763,S2133158,S2133158,1,2021-08-03,0R,pAMR0,1,S2225226,S2225226,6,2022-06-21,0R,pAMR0,322,0,future_no_significant_rejection,1,0.027136921021869247
image_plus_time,pair_000699,patient_98877b8b3d3e8763,S2140147,S2140147,2,2021-09-13,1R,pAMR0,1,S2147205,S2147205,3,2021-11-02,1R,pAMR0,50,0,future_no_significant_rejection,1,0.07022175326048284
image_plus_time,pair_000700,patient_98877b8b3d3e8763,S2140147,S2140147,2,2021-09-13,1R,pAMR0,1,S2201380,S2201380,4,2022-01-10,0R,pAMR0,119,0,future_no_significant_rejection,1,0.07267264436979888
image_plus_time,pair_000701,patient_98877b8b3d3e8763,S2140147,S2140147,2,2021-09-13,1R,pAMR0,1,S2211180,S2211180,5,2022-03-22,0R,pAMR0,190,0,future_no_significant_rejection,1,0.07403674461641353
image_plus_time,pair_000702,patient_98877b8b3d3e8763,S2140147,S2140147,2,2021-09-13,1R,pAMR0,1,S2225226,S2225226,6,2022-06-21,0R,pAMR0,281,0,future_no_significant_rejection,1,0.07519840221811531
image_plus_time,pair_000703,patient_98877b8b3d3e8763,S2147205,S2147205,3,2021-11-02,1R,pAMR0,2,S2201380,S2201380,4,2022-01-10,0R,pAMR0,69,0,future_no_significant_rejection,1,0.011512285008145792
image_plus_time,pair_000704,patient_98877b8b3d3e8763,S2147205,S2147205,3,2021-11-02,1R,pAMR0,2,S2211180,S2211180,5,2022-03-22,0R,pAMR0,140,0,future_no_significant_rejection,1,0.011861498718508926
image_plus_time,pair_000705,patient_98877b8b3d3e8763,S2147205,S2147205,3,2021-11-02,1R,pAMR0,2,S2225226,S2225226,6,2022-06-21,0R,pAMR0,231,0,future_no_significant_rejection,1,0.012116181762433167
image_plus_time,pair_000706,patient_98877b8b3d3e8763,S2201380,S2201380,4,2022-01-10,0R,pAMR0,2,S2211180,S2211180,5,2022-03-22,0R,pAMR0,71,0,future_no_significant_rejection,1,0.06312382631600595
image_plus_time,pair_000707,patient_98877b8b3d3e8763,S2201380,S2201380,4,2022-01-10,0R,pAMR0,2,S2225226,S2225226,6,2022-06-21,0R,pAMR0,162,0,future_no_significant_rejection,1,0.06524272377229143
image_plus_time,pair_000708,patient_98877b8b3d3e8763,S2211180,S2211180,5,2022-03-22,0R,pAMR0,1,S2225226,S2225226,6,2022-06-21,0R,pAMR0,91,0,future_no_significant_rejection,1,0.04773368016746873
image_plus_time,pair_000800,patient_bdc3f4ebb82da82e,S2436454,S2436454,1,2024-12-17,0R,pAMR0,2,S2437882,S2437882,2,2024-12-31,0R,pAMR1,14,1,future_significant_rejection,1,0.007054764106841544
image_plus_time,pair_000801,patient_bdc3f4ebb82da82e,S2436454,S2436454,1,2024-12-17,0R,pAMR0,2,S2503127,S2503127,3,2025-02-04,1R,pAMR0,49,0,future_no_significant_rejection,1,0.007428414904363679
image_plus_time,pair_000802,patient_bdc3f4ebb82da82e,S2436454,S2436454,1,2024-12-17,0R,pAMR0,2,S2506960,S2506960,4,2025-03-11,1R,pAMR0,84,0,future_no_significant_rejection,1,0.007599269142354532
image_plus_time,pair_000803,patient_bdc3f4ebb82da82e,S2436454,S2436454,1,2024-12-17,0R,pAMR0,2,S2516970,S2516970,5,2025-06-10,1R,pAMR0,175,0,future_no_significant_rejection,1,0.007839979442592168
image_plus_time,pair_000804,patient_c18ca7616a5ad1b6,S2400070,S2400070,1,2024-01-02,0R,pAMR0,1,S2405217,S2405217,2,2024-01-31,0R,pAMR0,29,0,future_no_significant_rejection,1,0.0033831122862400414
image_plus_time,pair_000805,patient_c18ca7616a5ad1b6,S2400070,S2400070,1,2024-01-02,0R,pAMR0,1,S2408482,S2408482,3,2024-02-27,0R,pAMR0,56,0,future_no_significant_rejection,1,0.0034778535039894387
image_plus_time,pair_000806,patient_c18ca7616a5ad1b6,S2400070,S2400070,1,2024-01-02,0R,pAMR0,1,S2412061,S2412061,4,2024-04-16,0R,pAMR0,105,0,future_no_significant_rejection,1,0.0035719379300948703
image_plus_time,pair_000807,patient_c18ca7616a5ad1b6,S2400070,S2400070,1,2024-01-02,0R,pAMR0,1,S2414954,S2414954,5,2024-05-21,0R,pAMR0,140,0,future_no_significant_rejection,1,0.0036160552817013467
image_plus_time,pair_000808,patient_c18ca7616a5ad1b6,S2400070,S2400070,1,2024-01-02,0R,pAMR0,1,S2434134,S2434134,6,2024-11-26,0R,pAMR0,329,0,future_no_significant_rejection,1,0.0037507828898477123
image_plus_time,pair_000809,patient_c18ca7616a5ad1b6,S2405217,S2405217,2,2024-01-31,0R,pAMR0,1,S2408482,S2408482,3,2024-02-27,0R,pAMR0,27,0,future_no_significant_rejection,1,0.038820012453811725
image_plus_time,pair_000810,patient_c18ca7616a5ad1b6,S2405217,S2405217,2,2024-01-31,0R,pAMR0,1,S2412061,S2412061,4,2024-04-16,0R,pAMR0,76,0,future_no_significant_rejection,1,0.040483058814664234
image_plus_time,pair_000811,patient_c18ca7616a5ad1b6,S2405217,S2405217,2,2024-01-31,0R,pAMR0,1,S2414954,S2414954,5,2024-05-21,0R,pAMR0,111,0,future_no_significant_rejection,1,0.041116200254132616
image_plus_time,pair_000812,patient_c18ca7616a5ad1b6,S2405217,S2405217,2,2024-01-31,0R,pAMR0,1,S2434134,S2434134,6,2024-11-26,0R,pAMR0,300,0,future_no_significant_rejection,1,0.042832512281813055
image_plus_time,pair_000813,patient_c18ca7616a5ad1b6,S2408482,S2408482,3,2024-02-27,0R,pAMR0,1,S2412061,S2412061,4,2024-04-16,0R,pAMR0,49,0,future_no_significant_rejection,1,0.017425815919659297
image_plus_time,pair_000814,patient_c18ca7616a5ad1b6,S2408482,S2408482,3,2024-02-27,0R,pAMR0,1,S2414954,S2414954,5,2024-05-21,0R,pAMR0,84,0,future_no_significant_rejection,1,0.017822482523939646
image_plus_time,pair_000815,patient_c18ca7616a5ad1b6,S2408482,S2408482,3,2024-02-27,0R,pAMR0,1,S2434134,S2434134,6,2024-11-26,0R,pAMR0,273,0,future_no_significant_rejection,1,0.018729066665737377
image_plus_time,pair_000816,patient_c18ca7616a5ad1b6,S2412061,S2412061,4,2024-04-16,0R,pAMR0,2,S2414954,S2414954,5,2024-05-21,0R,pAMR0,35,0,future_no_significant_rejection,1,0.06575914812855557
image_plus_time,pair_000817,patient_c18ca7616a5ad1b6,S2412061,S2412061,4,2024-04-16,0R,pAMR0,2,S2434134,S2434134,6,2024-11-26,0R,pAMR0,224,0,future_no_significant_rejection,1,0.07079063370804332
image_plus_time,pair_000818,patient_c18ca7616a5ad1b6,S2414954,S2414954,5,2024-05-21,0R,pAMR0,2,S2434134,S2434134,6,2024-11-26,0R,pAMR0,189,0,future_no_significant_rejection,1,0.06687106820409972
image_plus_time,pair_000947,patient_d48fc489086a470f,S2327690,S2327690,1,2023-06-28,1R,pAMR0,4,S2330983,S2330983,2,2023-07-18,0R,pAMR0,20,0,future_no_significant_rejection,1,0.05548057291174537
image_plus_time,pair_000948,patient_d48fc489086a470f,S2327690,S2327690,1,2023-06-28,1R,pAMR0,4,S2336496,S2336496,3,2023-08-22,0R,pAMR0,55,0,future_no_significant_rejection,1,0.05774209262874008
image_plus_time,pair_000949,patient_d48fc489086a470f,S2327690,S2327690,1,2023-06-28,1R,pAMR0,4,S2343312,S2343312,4,2023-10-10,1R,pAMR0,104,0,future_no_significant_rejection,1,0.05923670271352388
image_plus_time,pair_000950,patient_d48fc489086a470f,S2327690,S2327690,1,2023-06-28,1R,pAMR0,4,S2350730,S2350730,5,2023-11-28,2R,pAMR0,153,1,future_significant_rejection,1,0.06016501870320515
image_plus_time,pair_000951,patient_d48fc489086a470f,S2327690,S2327690,1,2023-06-28,1R,pAMR0,4,S2412714,S2412714,6,2024-04-23,0R,pAMR0,300,0,future_no_significant_rejection,1,0.06182220847310734
image_plus_time,pair_000952,patient_d48fc489086a470f,S2330983,S2330983,2,2023-07-18,0R,pAMR0,2,S2336496,S2336496,3,2023-08-22,0R,pAMR0,35,0,future_no_significant_rejection,1,0.014546754156140264
image_plus_time,pair_000953,patient_d48fc489086a470f,S2330983,S2330983,2,2023-07-18,0R,pAMR0,2,S2343312,S2343312,4,2023-10-10,1R,pAMR0,84,0,future_no_significant_rejection,1,0.015088220082455911
image_plus_time,pair_000954,patient_d48fc489086a470f,S2330983,S2330983,2,2023-07-18,0R,pAMR0,2,S2350730,S2350730,5,2023-11-28,2R,pAMR0,133,1,future_significant_rejection,1,0.015383095753003834
image_plus_time,pair_000955,patient_d48fc489086a470f,S2330983,S2330983,2,2023-07-18,0R,pAMR0,2,S2412714,S2412714,6,2024-04-23,0R,pAMR0,280,0,future_no_significant_rejection,1,0.01587497316457062
image_plus_time,pair_000956,patient_d48fc489086a470f,S2336496,S2336496,3,2023-08-22,0R,pAMR0,1,S2343312,S2343312,4,2023-10-10,1R,pAMR0,49,0,future_no_significant_rejection,1,0.058129774691519365
image_plus_time,pair_000957,patient_d48fc489086a470f,S2336496,S2336496,3,2023-08-22,0R,pAMR0,1,S2350730,S2350730,5,2023-11-28,2R,pAMR0,98,1,future_significant_rejection,1,0.059765856059356665
image_plus_time,pair_000958,patient_d48fc489086a470f,S2336496,S2336496,3,2023-08-22,0R,pAMR0,1,S2412714,S2412714,6,2024-04-23,0R,pAMR0,245,0,future_no_significant_rejection,1,0.062012954047021576
image_plus_time,pair_000959,patient_d48fc489086a470f,S2343312,S2343312,4,2023-10-10,1R,pAMR0,1,S2350730,S2350730,5,2023-11-28,2R,pAMR0,49,1,future_significant_rejection,1,0.20584202550981573
image_plus_time,pair_000960,patient_d48fc489086a470f,S2343312,S2343312,4,2023-10-10,1R,pAMR0,1,S2412714,S2412714,6,2024-04-23,0R,pAMR0,196,0,future_no_significant_rejection,1,0.21568903186678223
image_plus_time,pair_001010,patient_dd2e6df63e5c36b4,S2330984,S2330984,1,2023-07-18,0R,pAMR0,3,S2334388,S2334388,2,2023-08-08,0R,pAMR0,21,0,future_no_significant_rejection,1,0.058020928337670245
image_plus_time,pair_001011,patient_dd2e6df63e5c36b4,S2330984,S2330984,1,2023-07-18,0R,pAMR0,3,S2338783,S2338783,3,2023-09-05,0R,pAMR0,49,0,future_no_significant_rejection,1,0.059988987964015264
image_plus_time,pair_001012,patient_dd2e6df63e5c36b4,S2330984,S2330984,1,2023-07-18,0R,pAMR0,3,S2343311,S2343311,4,2023-10-10,0R,pAMR0,84,0,future_no_significant_rejection,1,0.061294087443064534
image_plus_time,pair_001013,patient_dd2e6df63e5c36b4,S2330984,S2330984,1,2023-07-18,0R,pAMR0,3,S2407940,S2407940,5,2024-02-20,0R,pAMR0,217,0,future_no_significant_rejection,1,0.06367614219709906
image_plus_time,pair_001014,patient_dd2e6df63e5c36b4,S2330984,S2330984,1,2023-07-18,0R,pAMR0,3,S2421430,S2421430,6,2024-07-23,0R,pAMR0,371,0,future_no_significant_rejection,1,0.06506580969761984
image_plus_time,pair_001015,patient_dd2e6df63e5c36b4,S2334388,S2334388,2,2023-08-08,0R,pAMR0,2,S2338783,S2338783,3,2023-09-05,0R,pAMR0,28,0,future_no_significant_rejection,1,0.07371137054239253
image_plus_time,pair_001016,patient_dd2e6df63e5c36b4,S2334388,S2334388,2,2023-08-08,0R,pAMR0,2,S2343311,S2343311,4,2023-10-10,0R,pAMR0,63,0,future_no_significant_rejection,1,0.07607935324593094
image_plus_time,pair_001017,patient_dd2e6df63e5c36b4,S2334388,S2334388,2,2023-08-08,0R,pAMR0,2,S2407940,S2407940,5,2024-02-20,0R,pAMR0,196,0,future_no_significant_rejection,1,0.07956275048149505
image_plus_time,pair_001018,patient_dd2e6df63e5c36b4,S2334388,S2334388,2,2023-08-08,0R,pAMR0,2,S2421430,S2421430,6,2024-07-23,0R,pAMR0,350,0,future_no_significant_rejection,1,0.08140836271325218
image_plus_time,pair_001019,patient_dd2e6df63e5c36b4,S2338783,S2338783,3,2023-09-05,0R,pAMR0,3,S2343311,S2343311,4,2023-10-10,0R,pAMR0,35,0,future_no_significant_rejection,1,0.013341531197706718
image_plus_time,pair_001020,patient_dd2e6df63e5c36b4,S2338783,S2338783,3,2023-09-05,0R,pAMR0,3,S2407940,S2407940,5,2024-02-20,0R,pAMR0,168,0,future_no_significant_rejection,1,0.014249635835029658
image_plus_time,pair_001021,patient_dd2e6df63e5c36b4,S2338783,S2338783,3,2023-09-05,0R,pAMR0,3,S2421430,S2421430,6,2024-07-23,0R,pAMR0,322,0,future_no_significant_rejection,1,0.014647889747416229
image_plus_time,pair_001022,patient_dd2e6df63e5c36b4,S2343311,S2343311,4,2023-10-10,0R,pAMR0,1,S2407940,S2407940,5,2024-02-20,0R,pAMR0,133,0,future_no_significant_rejection,1,0.1026424435342862
image_plus_time,pair_001023,patient_dd2e6df63e5c36b4,S2343311,S2343311,4,2023-10-10,0R,pAMR0,1,S2421430,S2421430,6,2024-07-23,0R,pAMR0,287,0,future_no_significant_rejection,1,0.10572555180936602
image_plus_time,pair_001024,patient_dd2e6df63e5c36b4,S2407940,S2407940,5,2024-02-20,0R,pAMR0,1,S2421430,S2421430,6,2024-07-23,0R,pAMR0,154,0,future_no_significant_rejection,1,0.004800216954601936
image_plus_time,pair_001052,patient_e430ff1077ac4267,S2418586,S2418586,1,2024-06-26,0R,pAMR0,4,S2421434,S2421434,2,2024-07-23,0R,pAMR0,27,0,future_no_significant_rejection,1,0.10344510876309652
image_plus_time,pair_001053,patient_e430ff1077ac4267,S2418586,S2418586,1,2024-06-26,0R,pAMR0,4,S2429064,S2429064,3,2024-10-08,0R,pAMR0,104,0,future_no_significant_rejection,1,0.10885921534101738
image_plus_time,pair_001054,patient_e430ff1077ac4267,S2418586,S2418586,1,2024-06-26,0R,pAMR0,4,S2431864,S2431864,4,2024-11-05,0R,pAMR0,132,0,future_no_significant_rejection,1,0.10985333658167074
image_plus_time,pair_001055,patient_e430ff1077ac4267,S2418586,S2418586,1,2024-06-26,0R,pAMR0,4,S2436456,S2436456,5,2024-12-17,0R,pAMR1,174,1,future_significant_rejection,1,0.11101744127227797
image_plus_time,pair_001056,patient_e430ff1077ac4267,S2418586,S2418586,1,2024-06-26,0R,pAMR0,4,S2502092,S2502092,6,2025-01-21,0R,pAMR0,209,0,future_no_significant_rejection,1,0.11179676806960014
image_plus_time,pair_001057,patient_e430ff1077ac4267,S2421434,S2421434,2,2024-07-23,0R,pAMR0,6,S2429064,S2429064,3,2024-10-08,0R,pAMR0,77,0,future_no_significant_rejection,1,0.025894156934247046
image_plus_time,pair_001058,patient_e430ff1077ac4267,S2421434,S2421434,2,2024-07-23,0R,pAMR0,6,S2431864,S2431864,4,2024-11-05,0R,pAMR0,105,0,future_no_significant_rejection,1,0.02623032867237959
image_plus_time,pair_001059,patient_e430ff1077ac4267,S2421434,S2421434,2,2024-07-23,0R,pAMR0,6,S2436456,S2436456,5,2024-12-17,0R,pAMR1,147,1,future_significant_rejection,1,0.026600963962128858
image_plus_time,pair_001060,patient_e430ff1077ac4267,S2421434,S2421434,2,2024-07-23,0R,pAMR0,6,S2502092,S2502092,6,2025-01-21,0R,pAMR0,182,0,future_no_significant_rejection,1,0.026839326358256362
image_plus_time,pair_001061,patient_e430ff1077ac4267,S2429064,S2429064,3,2024-10-08,0R,pAMR0,6,S2431864,S2431864,4,2024-11-05,0R,pAMR0,28,0,future_no_significant_rejection,1,0.016591245281430946
image_plus_time,pair_001062,patient_e430ff1077ac4267,S2429064,S2429064,3,2024-10-08,0R,pAMR0,6,S2436456,S2436456,5,2024-12-17,0R,pAMR1,70,1,future_significant_rejection,1,0.017233974673700525
image_plus_time,pair_001063,patient_e430ff1077ac4267,S2429064,S2429064,3,2024-10-08,0R,pAMR0,6,S2502092,S2502092,6,2025-01-21,0R,pAMR0,105,0,future_no_significant_rejection,1,0.017529516461633594
image_plus_time,pair_001064,patient_e430ff1077ac4267,S2431864,S2431864,4,2024-11-05,0R,pAMR0,2,S2436456,S2436456,5,2024-12-17,0R,pAMR1,42,1,future_significant_rejection,1,0.08632765283831512
image_plus_time,pair_001065,patient_e430ff1077ac4267,S2431864,S2431864,4,2024-11-05,0R,pAMR0,2,S2502092,S2502092,6,2025-01-21,0R,pAMR0,77,0,future_no_significant_rejection,1,0.08837747436047239
image_plus_time,pair_001161,patient_fe8ccc87e7ab7c65,S2208365,S2208365,1,2022-03-02,1R,pAMR0,4,S2210201,S2210201,2,2022-03-15,1R,pAMR0,13,0,future_no_significant_rejection,1,0.3209484142807597
image_plus_time,pair_001162,patient_fe8ccc87e7ab7c65,S2208365,S2208365,1,2022-03-02,1R,pAMR0,4,S2215451,S2215451,3,2022-04-19,1R,pAMR0,48,0,future_no_significant_rejection,1,0.3328497094716996
image_plus_time,pair_001163,patient_fe8ccc87e7ab7c65,S2208365,S2208365,1,2022-03-02,1R,pAMR0,4,S2226375,S2226375,4,2022-06-28,0R,pAMR0,118,0,future_no_significant_rejection,1,0.3414111732473742
image_plus_time,pair_001164,patient_fe8ccc87e7ab7c65,S2208365,S2208365,1,2022-03-02,1R,pAMR0,4,S2233278,S2233278,5,2022-08-09,0R,pAMR0,160,0,future_no_significant_rejection,1,0.3443519624762746
image_plus_time,pair_001165,patient_fe8ccc87e7ab7c65,S2208365,S2208365,1,2022-03-02,1R,pAMR0,4,S2247858,S2247858,6,2022-11-15,0R,pAMR0,258,0,future_no_significant_rejection,1,0.3490013543771541
image_plus_time,pair_001166,patient_fe8ccc87e7ab7c65,S2208365,S2208365,1,2022-03-02,1R,pAMR0,4,S2308039,S2308039,7,2023-02-21,1R,pAMR0,356,0,future_no_significant_rejection,1,0.35215604998122396
image_plus_time,pair_001167,patient_fe8ccc87e7ab7c65,S2210201,S2210201,2,2022-03-15,1R,pAMR0,3,S2215451,S2215451,3,2022-04-19,1R,pAMR0,35,0,future_no_significant_rejection,1,0.4338984996170562
image_plus_time,pair_001168,patient_fe8ccc87e7ab7c65,S2210201,S2210201,2,2022-03-15,1R,pAMR0,3,S2226375,S2226375,4,2022-06-28,0R,pAMR0,105,0,future_no_significant_rejection,1,0.4453854117451825
image_plus_time,pair_001169,patient_fe8ccc87e7ab7c65,S2210201,S2210201,2,2022-03-15,1R,pAMR0,3,S2233278,S2233278,5,2022-08-09,0R,pAMR0,147,0,future_no_significant_rejection,1,0.4489481227712575
image_plus_time,pair_001170,patient_fe8ccc87e7ab7c65,S2210201,S2210201,2,2022-03-15,1R,pAMR0,3,S2247858,S2247858,6,2022-11-15,0R,pAMR0,245,0,future_no_significant_rejection,1,0.4543817647494712
image_plus_time,pair_001171,patient_fe8ccc87e7ab7c65,S2210201,S2210201,2,2022-03-15,1R,pAMR0,3,S2308039,S2308039,7,2023-02-21,1R,pAMR0,343,0,future_no_significant_rejection,1,0.45797349090297396
image_plus_time,pair_001172,patient_fe8ccc87e7ab7c65,S2215451,S2215451,3,2022-04-19,1R,pAMR0,1,S2226375,S2226375,4,2022-06-28,0R,pAMR0,70,0,future_no_significant_rejection,1,0.1852462991166659
image_plus_time,pair_001173,patient_fe8ccc87e7ab7c65,S2215451,S2215451,3,2022-04-19,1R,pAMR0,1,S2233278,S2233278,5,2022-08-09,0R,pAMR0,112,0,future_no_significant_rejection,1,0.18829391555289668
image_plus_time,pair_001174,patient_fe8ccc87e7ab7c65,S2215451,S2215451,3,2022-04-19,1R,pAMR0,1,S2247858,S2247858,6,2022-11-15,0R,pAMR0,210,0,future_no_significant_rejection,1,0.19244970325726973
image_plus_time,pair_001175,patient_fe8ccc87e7ab7c65,S2215451,S2215451,3,2022-04-19,1R,pAMR0,1,S2308039,S2308039,7,2023-02-21,1R,pAMR0,308,0,future_no_significant_rejection,1,0.19502261831069612
image_plus_time,pair_001176,patient_fe8ccc87e7ab7c65,S2226375,S2226375,4,2022-06-28,0R,pAMR0,1,S2233278,S2233278,5,2022-08-09,0R,pAMR0,42,0,future_no_significant_rejection,1,0.39519172292049
image_plus_time,pair_001177,patient_fe8ccc87e7ab7c65,S2226375,S2226375,4,2022-06-28,0R,pAMR0,1,S2247858,S2247858,6,2022-11-15,0R,pAMR0,140,0,future_no_significant_rejection,1,0.4075112243771035
image_plus_time,pair_001178,patient_fe8ccc87e7ab7c65,S2226375,S2226375,4,2022-06-28,0R,pAMR0,1,S2308039,S2308039,7,2023-02-21,1R,pAMR0,238,0,future_no_significant_rejection,1,0.413024054633876
image_plus_time,pair_001179,patient_fe8ccc87e7ab7c65,S2233278,S2233278,5,2022-08-09,0R,pAMR0,1,S2247858,S2247858,6,2022-11-15,0R,pAMR0,98,0,future_no_significant_rejection,1,0.06920848266352059
image_plus_time,pair_001180,patient_fe8ccc87e7ab7c65,S2233278,S2233278,5,2022-08-09,0R,pAMR0,1,S2308039,S2308039,7,2023-02-21,1R,pAMR0,196,0,future_no_significant_rejection,1,0.07114705773086781
image_plus_time,pair_001181,patient_fe8ccc87e7ab7c65,S2247858,S2247858,6,2022-11-15,0R,pAMR0,1,S2308039,S2308039,7,2023-02-21,1R,pAMR0,98,0,future_no_significant_rejection,1,0.024645274340358878
image_plus_time,pair_000002,patient_0349492572c92ab0,S2329754,S2329754,1,2023-07-11,0R,pAMR0,4,S2332143,S2332143,2,2023-07-25,1R,pAMR0,14,0,future_no_significant_rejection,2,0.24992953783418584
image_plus_time,pair_000003,patient_0349492572c92ab0,S2329754,S2329754,1,2023-07-11,0R,pAMR0,4,S2342914,S2342914,3,2023-10-05,0R,pAMR0,86,0,future_no_significant_rejection,2,0.2034154427697089
image_plus_time,pair_000004,patient_0349492572c92ab0,S2332143,S2332143,2,2023-07-25,1R,pAMR0,3,S2342914,S2342914,3,2023-10-05,0R,pAMR0,72,0,future_no_significant_rejection,2,0.03753892702762938
image_plus_time,pair_000047,patient_110e1e825f43e305,S2314590,S2314590,1,2023-04-04,1R,pAMR0,5,S2318026,S2318026,2,2023-04-25,0R,pAMR0,21,0,future_no_significant_rejection,2,0.7013581361593328
image_plus_time,pair_000048,patient_110e1e825f43e305,S2314590,S2314590,1,2023-04-04,1R,pAMR0,5,S2327486,S2327486,3,2023-06-27,0R,pAMR0,84,0,future_no_significant_rejection,2,0.6568244248233078
image_plus_time,pair_000049,patient_110e1e825f43e305,S2314590,S2314590,1,2023-04-04,1R,pAMR0,5,S2334385,S2334385,4,2023-08-08,1R,pAMR0,126,0,future_no_significant_rejection,2,0.6429961765541253
image_plus_time,pair_000050,patient_110e1e825f43e305,S2314590,S2314590,1,2023-04-04,1R,pAMR0,5,S2340935,S2340935,5,2023-09-19,1R,pAMR0,168,0,future_no_significant_rejection,2,0.6330079622680634
image_plus_time,pair_000051,patient_110e1e825f43e305,S2314590,S2314590,1,2023-04-04,1R,pAMR0,5,S2353996,S2353996,6,2023-12-19,1R,pAMR0,259,0,future_no_significant_rejection,2,0.6177321304457708
image_plus_time,pair_000052,patient_110e1e825f43e305,S2314590,S2314590,1,2023-04-04,1R,pAMR0,5,S2410453,S2410453,7,2024-03-26,0R,pAMR0,357,0,future_no_significant_rejection,2,0.606235618409246
image_plus_time,pair_000053,patient_110e1e825f43e305,S2318026,S2318026,2,2023-04-25,0R,pAMR0,1,S2327486,S2327486,3,2023-06-27,0R,pAMR0,63,0,future_no_significant_rejection,2,0.023227695073454367
image_plus_time,pair_000054,patient_110e1e825f43e305,S2318026,S2318026,2,2023-04-25,0R,pAMR0,1,S2334385,S2334385,4,2023-08-08,1R,pAMR0,105,0,future_no_significant_rejection,2,0.021556510864031864
image_plus_time,pair_000055,patient_110e1e825f43e305,S2318026,S2318026,2,2023-04-25,0R,pAMR0,1,S2340935,S2340935,5,2023-09-19,1R,pAMR0,147,0,future_no_significant_rejection,2,0.020516220466739087
image_plus_time,pair_000056,patient_110e1e825f43e305,S2318026,S2318026,2,2023-04-25,0R,pAMR0,1,S2353996,S2353996,6,2023-12-19,1R,pAMR0,238,0,future_no_significant_rejection,2,0.019107981452659895
image_plus_time,pair_000057,patient_110e1e825f43e305,S2318026,S2318026,2,2023-04-25,0R,pAMR0,1,S2410453,S2410453,7,2024-03-26,0R,pAMR0,336,0,future_no_significant_rejection,2,0.01815706791427046
image_plus_time,pair_000058,patient_110e1e825f43e305,S2327486,S2327486,3,2023-06-27,0R,pAMR0,4,S2334385,S2334385,4,2023-08-08,1R,pAMR0,42,0,future_no_significant_rejection,2,0.1537446818432915
image_plus_time,pair_000059,patient_110e1e825f43e305,S2327486,S2327486,3,2023-06-27,0R,pAMR0,4,S2340935,S2340935,5,2023-09-19,1R,pAMR0,84,0,future_no_significant_rejection,2,0.14079748406739886
image_plus_time,pair_000060,patient_110e1e825f43e305,S2327486,S2327486,3,2023-06-27,0R,pAMR0,4,S2353996,S2353996,6,2023-12-19,1R,pAMR0,175,0,future_no_significant_rejection,2,0.1279890407375853
image_plus_time,pair_000061,patient_110e1e825f43e305,S2327486,S2327486,3,2023-06-27,0R,pAMR0,4,S2410453,S2410453,7,2024-03-26,0R,pAMR0,273,0,future_no_significant_rejection,2,0.12069529344835744
image_plus_time,pair_000062,patient_110e1e825f43e305,S2334385,S2334385,4,2023-08-08,1R,pAMR0,2,S2340935,S2340935,5,2023-09-19,1R,pAMR0,42,0,future_no_significant_rejection,2,0.006856397503420439
image_plus_time,pair_000063,patient_110e1e825f43e305,S2334385,S2334385,4,2023-08-08,1R,pAMR0,2,S2353996,S2353996,6,2023-12-19,1R,pAMR0,133,0,future_no_significant_rejection,2,0.005778871027447904
image_plus_time,pair_000064,patient_110e1e825f43e305,S2334385,S2334385,4,2023-08-08,1R,pAMR0,2,S2410453,S2410453,7,2024-03-26,0R,pAMR0,231,0,future_no_significant_rejection,2,0.005320568386208326
image_plus_time,pair_000065,patient_110e1e825f43e305,S2340935,S2340935,5,2023-09-19,1R,pAMR0,2,S2353996,S2353996,6,2023-12-19,1R,pAMR0,91,0,future_no_significant_rejection,2,0.07833343109043717
image_plus_time,pair_000066,patient_110e1e825f43e305,S2340935,S2340935,5,2023-09-19,1R,pAMR0,2,S2410453,S2410453,7,2024-03-26,0R,pAMR0,189,0,future_no_significant_rejection,2,0.0707653929519964
image_plus_time,pair_000067,patient_110e1e825f43e305,S2353996,S2353996,6,2023-12-19,1R,pAMR0,1,S2410453,S2410453,7,2024-03-26,0R,pAMR0,98,0,future_no_significant_rejection,2,0.1658629754170944
image_plus_time,pair_000069,patient_1bb6673f07107d9c,S2228789,S2228789,1,2022-07-12,0R,pAMR0,1,S2231091,S2231091,2,2022-07-26,1R,pAMR0,14,0,future_no_significant_rejection,2,0.14415385051766216
image_plus_time,pair_000070,patient_1bb6673f07107d9c,S2228789,S2228789,1,2022-07-12,0R,pAMR0,1,S2234199,S2234199,3,2022-08-16,0R,pAMR0,35,0,future_no_significant_rejection,2,0.12856204030732407
image_plus_time,pair_000071,patient_1bb6673f07107d9c,S2228789,S2228789,1,2022-07-12,0R,pAMR0,1,S2240726,S2240726,4,2022-09-27,0R,pAMR0,77,0,future_no_significant_rejection,2,0.11600949613364452
image_plus_time,pair_000072,patient_1bb6673f07107d9c,S2228789,S2228789,1,2022-07-12,0R,pAMR0,1,S2311236,S2311236,5,2023-03-14,0R,pAMR0,245,0,future_no_significant_rejection,2,0.0993340171052062
image_plus_time,pair_000073,patient_1bb6673f07107d9c,S2231091,S2231091,2,2022-07-26,1R,pAMR0,2,S2234199,S2234199,3,2022-08-16,0R,pAMR0,21,0,future_no_significant_rejection,2,0.12234906550484996
image_plus_time,pair_000074,patient_1bb6673f07107d9c,S2231091,S2231091,2,2022-07-26,1R,pAMR0,2,S2240726,S2240726,4,2022-09-27,0R,pAMR0,63,0,future_no_significant_rejection,2,0.10602389328098803
image_plus_time,pair_000075,patient_1bb6673f07107d9c,S2231091,S2231091,2,2022-07-26,1R,pAMR0,2,S2311236,S2311236,5,2023-03-14,0R,pAMR0,231,0,future_no_significant_rejection,2,0.0889143961598448
image_plus_time,pair_000076,patient_1bb6673f07107d9c,S2234199,S2234199,3,2022-08-16,0R,pAMR0,1,S2240726,S2240726,4,2022-09-27,0R,pAMR0,42,0,future_no_significant_rejection,2,0.03560642545366163
image_plus_time,pair_000077,patient_1bb6673f07107d9c,S2234199,S2234199,3,2022-08-16,0R,pAMR0,1,S2311236,S2311236,5,2023-03-14,0R,pAMR0,210,0,future_no_significant_rejection,2,0.028201910308226198
image_plus_time,pair_000078,patient_1bb6673f07107d9c,S2240726,S2240726,4,2022-09-27,0R,pAMR0,1,S2311236,S2311236,5,2023-03-14,0R,pAMR0,168,0,future_no_significant_rejection,2,0.2892555188073119
image_plus_time,pair_000079,patient_1d9bc9798ff5fad2,S2429062,S2429062,1,2024-10-08,0R,pAMR0,7,S2434915,S2434915,2,2024-12-03,1R,pAMR0,56,0,future_no_significant_rejection,2,0.20302493016058318
image_plus_time,pair_000080,patient_1d9bc9798ff5fad2,S2429062,S2429062,1,2024-10-08,0R,pAMR0,7,S2501300,S2501300,3,2025-01-14,0R,pAMR0,98,0,future_no_significant_rejection,2,0.18983791693832103
image_plus_time,pair_000081,patient_1d9bc9798ff5fad2,S2429062,S2429062,1,2024-10-08,0R,pAMR0,7,S2505507,S2505507,4,2025-02-25,0R,pAMR0,140,0,future_no_significant_rejection,2,0.18174108353588186
image_plus_time,pair_000082,patient_1d9bc9798ff5fad2,S2429062,S2429062,1,2024-10-08,0R,pAMR0,7,S2516971,S2516971,5,2025-06-10,0R,pAMR0,245,0,future_no_significant_rejection,2,0.1695462516535198
image_plus_time,pair_000083,patient_1d9bc9798ff5fad2,S2429062,S2429062,1,2024-10-08,0R,pAMR0,7,S2528218,S2528218,6,2025-09-09,0R,pAMR0,336,0,future_no_significant_rejection,2,0.16294299051650965
image_plus_time,pair_000084,patient_1d9bc9798ff5fad2,S2434915,S2434915,2,2024-12-03,1R,pAMR0,2,S2501300,S2501300,3,2025-01-14,0R,pAMR0,42,0,future_no_significant_rejection,2,0.17606273734868824
image_plus_time,pair_000085,patient_1d9bc9798ff5fad2,S2434915,S2434915,2,2024-12-03,1R,pAMR0,2,S2505507,S2505507,4,2025-02-25,0R,pAMR0,84,0,future_no_significant_rejection,2,0.16159497174327114
image_plus_time,pair_000086,patient_1d9bc9798ff5fad2,S2434915,S2434915,2,2024-12-03,1R,pAMR0,2,S2516971,S2516971,5,2025-06-10,0R,pAMR0,189,0,future_no_significant_rejection,2,0.14577008412381545
image_plus_time,pair_000087,patient_1d9bc9798ff5fad2,S2434915,S2434915,2,2024-12-03,1R,pAMR0,2,S2528218,S2528218,6,2025-09-09,0R,pAMR0,280,0,future_no_significant_rejection,2,0.13854743734769004
image_plus_time,pair_000088,patient_1d9bc9798ff5fad2,S2501300,S2501300,3,2025-01-14,0R,pAMR0,6,S2505507,S2505507,4,2025-02-25,0R,pAMR0,42,0,future_no_significant_rejection,2,0.11820864745779908
image_plus_time,pair_000089,patient_1d9bc9798ff5fad2,S2501300,S2501300,3,2025-01-14,0R,pAMR0,6,S2516971,S2516971,5,2025-06-10,0R,pAMR0,147,0,future_no_significant_rejection,2,0.10005578899726134
image_plus_time,pair_000090,patient_1d9bc9798ff5fad2,S2501300,S2501300,3,2025-01-14,0R,pAMR0,6,S2528218,S2528218,6,2025-09-09,0R,pAMR0,238,0,future_no_significant_rejection,2,0.09371027081191273
image_plus_time,pair_000091,patient_1d9bc9798ff5fad2,S2505507,S2505507,4,2025-02-25,0R,pAMR0,1,S2516971,S2516971,5,2025-06-10,0R,pAMR0,105,0,future_no_significant_rejection,2,0.026974497070916575
image_plus_time,pair_000092,patient_1d9bc9798ff5fad2,S2505507,S2505507,4,2025-02-25,0R,pAMR0,1,S2528218,S2528218,6,2025-09-09,0R,pAMR0,196,0,future_no_significant_rejection,2,0.024618392740954727
image_plus_time,pair_000093,patient_1d9bc9798ff5fad2,S2516971,S2516971,5,2025-06-10,0R,pAMR0,6,S2528218,S2528218,6,2025-09-09,0R,pAMR0,91,0,future_no_significant_rejection,2,0.25103722734734624
image_plus_time,pair_000186,patient_29c1ec61f11c3c6d,S2133154,S2133154,1,2021-08-03,0R,pAMR0,1,S2142821,S2142821,2,2021-10-05,0R,pAMR0,63,0,future_no_significant_rejection,2,0.09506385503779534
image_plus_time,pair_000187,patient_29c1ec61f11c3c6d,S2133154,S2133154,1,2021-08-03,0R,pAMR0,1,S2156020,S2156020,3,2021-12-28,0R,pAMR0,147,0,future_no_significant_rejection,2,0.08469372895214898
image_plus_time,pair_000188,patient_29c1ec61f11c3c6d,S2133154,S2133154,1,2021-08-03,0R,pAMR0,1,S2210205,S2210205,4,2022-03-15,0R,pAMR0,224,0,future_no_significant_rejection,2,0.07990590940145699
image_plus_time,pair_000189,patient_29c1ec61f11c3c6d,S2142821,S2142821,2,2021-10-05,0R,pAMR0,1,S2156020,S2156020,3,2021-12-28,0R,pAMR0,84,0,future_no_significant_rejection,2,0.32949960753358964
image_plus_time,pair_000190,patient_29c1ec61f11c3c6d,S2142821,S2142821,2,2021-10-05,0R,pAMR0,1,S2210205,S2210205,4,2022-03-15,0R,pAMR0,161,0,future_no_significant_rejection,2,0.3083003572176538
image_plus_time,pair_000191,patient_29c1ec61f11c3c6d,S2156020,S2156020,3,2021-12-28,0R,pAMR0,1,S2210205,S2210205,4,2022-03-15,0R,pAMR0,77,0,future_no_significant_rejection,2,0.33757165680272555
image_plus_time,pair_000218,patient_2e5d461d7873e6f4,S2039743,S2039743,1,2020-10-20,1R,pAMR0,6,S2130898,S2130898,2,2021-07-19,0R,pAMR0,272,0,future_no_significant_rejection,2,0.009079724672306751
image_plus_time,pair_000219,patient_2e5d461d7873e6f4,S2039743,S2039743,1,2020-10-20,1R,pAMR0,6,S2142815,S2142815,3,2021-10-05,1R,pAMR0,350,0,future_no_significant_rejection,2,0.008743759751169745
image_plus_time,pair_000220,patient_2e5d461d7873e6f4,S2039743,S2039743,1,2020-10-20,1R,pAMR0,6,S2244727,S2244727,4,2022-10-25,0R,pAMR1,735,1,future_significant_rejection,2,0.007823902998710162
image_plus_time,pair_000221,patient_2e5d461d7873e6f4,S2039743,S2039743,1,2020-10-20,1R,pAMR0,6,S2253528,S2253528,5,2022-12-20,1R,pAMR0,791,0,future_no_significant_rejection,2,0.007738202510677775
image_plus_time,pair_000222,patient_2e5d461d7873e6f4,S2039743,S2039743,1,2020-10-20,1R,pAMR0,6,S2311235,S2311235,6,2023-03-14,0R,pAMR0,875,0,future_no_significant_rejection,2,0.007621912798955188
image_plus_time,pair_000223,patient_2e5d461d7873e6f4,S2130898,S2130898,2,2021-07-19,0R,pAMR0,1,S2142815,S2142815,3,2021-10-05,1R,pAMR0,78,0,future_no_significant_rejection,2,0.04148886226708029
image_plus_time,pair_000224,patient_2e5d461d7873e6f4,S2130898,S2130898,2,2021-07-19,0R,pAMR0,1,S2244727,S2244727,4,2022-10-25,0R,pAMR1,463,1,future_significant_rejection,2,0.03204777309321595
image_plus_time,pair_000225,patient_2e5d461d7873e6f4,S2130898,S2130898,2,2021-07-19,0R,pAMR0,1,S2253528,S2253528,5,2022-12-20,1R,pAMR0,519,0,future_no_significant_rejection,2,0.031517017199310195
image_plus_time,pair_000226,patient_2e5d461d7873e6f4,S2130898,S2130898,2,2021-07-19,0R,pAMR0,1,S2311235,S2311235,6,2023-03-14,0R,pAMR0,603,0,future_no_significant_rejection,2,0.03083241691473827
image_plus_time,pair_000227,patient_2e5d461d7873e6f4,S2142815,S2142815,3,2021-10-05,1R,pAMR0,1,S2244727,S2244727,4,2022-10-25,0R,pAMR1,385,1,future_significant_rejection,2,0.0286570121931693
image_plus_time,pair_000228,patient_2e5d461d7873e6f4,S2142815,S2142815,3,2021-10-05,1R,pAMR0,1,S2253528,S2253528,5,2022-12-20,1R,pAMR0,441,0,future_no_significant_rejection,2,0.028091665955761555
image_plus_time,pair_000229,patient_2e5d461d7873e6f4,S2142815,S2142815,3,2021-10-05,1R,pAMR0,1,S2311235,S2311235,6,2023-03-14,0R,pAMR0,525,0,future_no_significant_rejection,2,0.027381444857629823
image_plus_time,pair_000266,patient_33180b505ac426fd,S2434571,S2434571,1,2024-11-28,0R,pAMR0,6,S2501301,S2501301,2,2025-01-14,0R,pAMR0,47,0,future_no_significant_rejection,2,0.024181823652136347
image_plus_time,pair_000267,patient_33180b505ac426fd,S2434571,S2434571,1,2024-11-28,0R,pAMR0,6,S2503128,S2503128,3,2025-02-04,0R,pAMR0,68,0,future_no_significant_rejection,2,0.022918858167976452
image_plus_time,pair_000268,patient_33180b505ac426fd,S2434571,S2434571,1,2024-11-28,0R,pAMR0,6,S2511008,S2511008,4,2025-04-15,1R,pAMR0,138,0,future_no_significant_rejection,2,0.020661053282808643
image_plus_time,pair_000269,patient_33180b505ac426fd,S2434571,S2434571,1,2024-11-28,0R,pAMR0,6,S2515598,S2515598,5,2025-05-27,0R,pAMR0,180,0,future_no_significant_rejection,2,0.01986767197029056
image_plus_time,pair_000270,patient_33180b505ac426fd,S2434571,S2434571,1,2024-11-28,0R,pAMR0,6,S2521240,S2521240,6,2025-07-15,1R,pAMR0,229,0,future_no_significant_rejection,2,0.019173615252689433
image_plus_time,pair_000271,patient_33180b505ac426fd,S2501301,S2501301,2,2025-01-14,0R,pAMR0,3,S2503128,S2503128,3,2025-02-04,0R,pAMR0,21,0,future_no_significant_rejection,2,0.11555762528224724
image_plus_time,pair_000272,patient_33180b505ac426fd,S2501301,S2501301,2,2025-01-14,0R,pAMR0,3,S2511008,S2511008,4,2025-04-15,1R,pAMR0,91,0,future_no_significant_rejection,2,0.09519720519520733
image_plus_time,pair_000273,patient_33180b505ac426fd,S2501301,S2501301,2,2025-01-14,0R,pAMR0,3,S2515598,S2515598,5,2025-05-27,0R,pAMR0,133,0,future_no_significant_rejection,2,0.09040573161763782
image_plus_time,pair_000274,patient_33180b505ac426fd,S2501301,S2501301,2,2025-01-14,0R,pAMR0,3,S2521240,S2521240,6,2025-07-15,1R,pAMR0,182,0,future_no_significant_rejection,2,0.0866006185654529
image_plus_time,pair_000275,patient_33180b505ac426fd,S2503128,S2503128,3,2025-02-04,0R,pAMR0,3,S2511008,S2511008,4,2025-04-15,1R,pAMR0,70,0,future_no_significant_rejection,2,0.36794263999013077
image_plus_time,pair_000276,patient_33180b505ac426fd,S2503128,S2503128,3,2025-02-04,0R,pAMR0,3,S2515598,S2515598,5,2025-05-27,0R,pAMR0,112,0,future_no_significant_rejection,2,0.3517403617285643
image_plus_time,pair_000277,patient_33180b505ac426fd,S2503128,S2503128,3,2025-02-04,0R,pAMR0,3,S2521240,S2521240,6,2025-07-15,1R,pAMR0,161,0,future_no_significant_rejection,2,0.33941004452714424
image_plus_time,pair_000278,patient_33180b505ac426fd,S2511008,S2511008,4,2025-04-15,1R,pAMR0,9,S2515598,S2515598,5,2025-05-27,0R,pAMR0,42,0,future_no_significant_rejection,2,0.16563562604433646
image_plus_time,pair_000279,patient_33180b505ac426fd,S2511008,S2511008,4,2025-04-15,1R,pAMR0,9,S2521240,S2521240,6,2025-07-15,1R,pAMR0,91,0,future_no_significant_rejection,2,0.1503302112915598
image_plus_time,pair_000280,patient_33180b505ac426fd,S2515598,S2515598,5,2025-05-27,0R,pAMR0,1,S2521240,S2521240,6,2025-07-15,1R,pAMR0,49,0,future_no_significant_rejection,2,0.19033045885749958
image_plus_time,pair_000312,patient_3840f67f21017b79,S2222833,S2222833,1,2022-06-07,0R,pAMR0,3,S2225223,S2225223,2,2022-06-21,1R,pAMR0,14,0,future_no_significant_rejection,2,0.17563935760176214
image_plus_time,pair_000313,patient_3840f67f21017b79,S2222833,S2222833,1,2022-06-07,0R,pAMR0,3,S2229971,S2229971,3,2022-07-19,1R,pAMR0,42,0,future_no_significant_rejection,2,0.15373589907660148
image_plus_time,pair_000314,patient_3840f67f21017b79,S2222833,S2222833,1,2022-06-07,0R,pAMR0,3,S2235317,S2235317,4,2022-08-23,1R,pAMR0,77,0,future_no_significant_rejection,2,0.14237041181732185
image_plus_time,pair_000315,patient_3840f67f21017b79,S2222833,S2222833,1,2022-06-07,0R,pAMR0,3,S2241563,S2241563,5,2022-10-04,1R,pAMR0,119,0,future_no_significant_rejection,2,0.1345924045737848
image_plus_time,pair_000316,patient_3840f67f21017b79,S2222833,S2222833,1,2022-06-07,0R,pAMR0,3,S2250152,S2250152,6,2022-11-29,1R,pAMR0,175,0,future_no_significant_rejection,2,0.12798150676899706
image_plus_time,pair_000317,patient_3840f67f21017b79,S2222833,S2222833,1,2022-06-07,0R,pAMR0,3,S2308042,S2308042,7,2023-02-21,0R,pAMR0,259,0,future_no_significant_rejection,2,0.12153318222759507
image_plus_time,pair_000318,patient_3840f67f21017b79,S2222833,S2222833,1,2022-06-07,0R,pAMR0,3,S2323102,S2323102,8,2023-05-30,0R,pAMR0,357,0,future_no_significant_rejection,2,0.11645800110097913
image_plus_time,pair_000319,patient_3840f67f21017b79,S2225223,S2225223,2,2022-06-21,1R,pAMR0,3,S2229971,S2229971,3,2022-07-19,1R,pAMR0,28,0,future_no_significant_rejection,2,0.1633688785030546
image_plus_time,pair_000320,patient_3840f67f21017b79,S2225223,S2225223,2,2022-06-21,1R,pAMR0,3,S2235317,S2235317,4,2022-08-23,1R,pAMR0,63,0,future_no_significant_rejection,2,0.14764421087156793
image_plus_time,pair_000321,patient_3840f67f21017b79,S2225223,S2225223,2,2022-06-21,1R,pAMR0,3,S2241563,S2241563,5,2022-10-04,1R,pAMR0,105,0,future_no_significant_rejection,2,0.13828884889827062
image_plus_time,pair_000322,patient_3840f67f21017b79,S2225223,S2225223,2,2022-06-21,1R,pAMR0,3,S2250152,S2250152,6,2022-11-29,1R,pAMR0,161,0,future_no_significant_rejection,2,0.13081383992671186
image_plus_time,pair_000323,patient_3840f67f21017b79,S2225223,S2225223,2,2022-06-21,1R,pAMR0,3,S2308042,S2308042,7,2023-02-21,0R,pAMR0,245,0,future_no_significant_rejection,2,0.12379029199608152
image_plus_time,pair_000324,patient_3840f67f21017b79,S2225223,S2225223,2,2022-06-21,1R,pAMR0,3,S2323102,S2323102,8,2023-05-30,0R,pAMR0,343,0,future_no_significant_rejection,2,0.11838912590120598
image_plus_time,pair_000325,patient_3840f67f21017b79,S2229971,S2229971,3,2022-07-19,1R,pAMR0,1,S2235317,S2235317,4,2022-08-23,1R,pAMR0,35,0,future_no_significant_rejection,2,0.11643615736816297
image_plus_time,pair_000326,patient_3840f67f21017b79,S2229971,S2229971,3,2022-07-19,1R,pAMR0,1,S2241563,S2241563,5,2022-10-04,1R,pAMR0,77,0,future_no_significant_rejection,2,0.10492500797638829
image_plus_time,pair_000327,patient_3840f67f21017b79,S2229971,S2229971,3,2022-07-19,1R,pAMR0,1,S2250152,S2250152,6,2022-11-29,1R,pAMR0,133,0,future_no_significant_rejection,2,0.09747723789725983
image_plus_time,pair_000328,patient_3840f67f21017b79,S2229971,S2229971,3,2022-07-19,1R,pAMR0,1,S2308042,S2308042,7,2023-02-21,0R,pAMR0,217,0,future_no_significant_rejection,2,0.09118574230338294
image_plus_time,pair_000329,patient_3840f67f21017b79,S2229971,S2229971,3,2022-07-19,1R,pAMR0,1,S2323102,S2323102,8,2023-05-30,0R,pAMR0,315,0,future_no_significant_rejection,2,0.08663438082304004
image_plus_time,pair_000330,patient_3840f67f21017b79,S2235317,S2235317,4,2022-08-23,1R,pAMR0,3,S2241563,S2241563,5,2022-10-04,1R,pAMR0,42,0,future_no_significant_rejection,2,0.5707893090028822
image_plus_time,pair_000331,patient_3840f67f21017b79,S2235317,S2235317,4,2022-08-23,1R,pAMR0,3,S2250152,S2250152,6,2022-11-29,1R,pAMR0,98,0,future_no_significant_rejection,2,0.539626248045203
image_plus_time,pair_000332,patient_3840f67f21017b79,S2235317,S2235317,4,2022-08-23,1R,pAMR0,3,S2308042,S2308042,7,2023-02-21,0R,pAMR0,182,0,future_no_significant_rejection,2,0.516453743758557
image_plus_time,pair_000333,patient_3840f67f21017b79,S2235317,S2235317,4,2022-08-23,1R,pAMR0,3,S2323102,S2323102,8,2023-05-30,0R,pAMR0,280,0,future_no_significant_rejection,2,0.5002297539471435
image_plus_time,pair_000334,patient_3840f67f21017b79,S2241563,S2241563,5,2022-10-04,1R,pAMR0,3,S2250152,S2250152,6,2022-11-29,1R,pAMR0,56,0,future_no_significant_rejection,2,0.08838260905945436
image_plus_time,pair_000335,patient_3840f67f21017b79,S2241563,S2241563,5,2022-10-04,1R,pAMR0,3,S2308042,S2308042,7,2023-02-21,0R,pAMR0,140,0,future_no_significant_rejection,2,0.07794177560630114
image_plus_time,pair_000336,patient_3840f67f21017b79,S2241563,S2241563,5,2022-10-04,1R,pAMR0,3,S2323102,S2323102,8,2023-05-30,0R,pAMR0,238,0,future_no_significant_rejection,2,0.07239107982425208
image_plus_time,pair_000337,patient_3840f67f21017b79,S2250152,S2250152,6,2022-11-29,1R,pAMR0,3,S2308042,S2308042,7,2023-02-21,0R,pAMR0,84,0,future_no_significant_rejection,2,0.08370047971068405
image_plus_time,pair_000338,patient_3840f67f21017b79,S2250152,S2250152,6,2022-11-29,1R,pAMR0,3,S2323102,S2323102,8,2023-05-30,0R,pAMR0,182,0,future_no_significant_rejection,2,0.07521728193673051
image_plus_time,pair_000339,patient_3840f67f21017b79,S2308042,S2308042,7,2023-02-21,0R,pAMR0,1,S2323102,S2323102,8,2023-05-30,0R,pAMR0,98,0,future_no_significant_rejection,2,0.032383394555361586
image_plus_time,pair_000340,patient_3b33f0c3a0f54d90,S2032124,S2032124,1,2020-08-11,0R,pAMR0,1,S2047227,S2047227,2,2020-11-27,1R,pAMR2,108,1,future_significant_rejection,2,0.1367565505380144
image_plus_time,pair_000341,patient_3fc4b14a03335d7f,S2202569,S2202569,1,2022-01-18,1R,pAMR0,7,S2203739,S2203739,2,2022-01-25,1R,pAMR0,7,0,future_no_significant_rejection,2,0.659742979072736
image_plus_time,pair_000342,patient_3fc4b14a03335d7f,S2202569,S2202569,1,2022-01-18,1R,pAMR0,7,S2206286,S2206286,3,2022-02-15,0R,pAMR0,28,0,future_no_significant_rejection,2,0.614721018041607
image_plus_time,pair_000343,patient_3fc4b14a03335d7f,S2202569,S2202569,1,2022-01-18,1R,pAMR0,7,S2212215,S2212215,4,2022-03-29,1R,pAMR0,70,0,future_no_significant_rejection,2,0.5821638521826357
image_plus_time,pair_000344,patient_3fc4b14a03335d7f,S2202569,S2202569,1,2022-01-18,1R,pAMR0,7,S2217673,S2217673,5,2022-05-03,0R,pAMR0,105,0,future_no_significant_rejection,2,0.5673378651643837
image_plus_time,pair_000345,patient_3fc4b14a03335d7f,S2202569,S2202569,1,2022-01-18,1R,pAMR0,7,S2225224,S2225224,6,2022-06-21,0R,pAMR0,154,0,future_no_significant_rejection,2,0.5531676625209269
image_plus_time,pair_000346,patient_3fc4b14a03335d7f,S2202569,S2202569,1,2022-01-18,1R,pAMR0,7,S2240720,S2240720,7,2022-09-27,1R,pAMR0,252,0,future_no_significant_rejection,2,0.5347711889434449
image_plus_time,pair_000347,patient_3fc4b14a03335d7f,S2203739,S2203739,2,2022-01-25,1R,pAMR0,5,S2206286,S2206286,3,2022-02-15,0R,pAMR0,21,0,future_no_significant_rejection,2,0.2560058189907544
image_plus_time,pair_000348,patient_3fc4b14a03335d7f,S2203739,S2203739,2,2022-01-25,1R,pAMR0,5,S2212215,S2212215,4,2022-03-29,1R,pAMR0,63,0,future_no_significant_rejection,2,0.2264481296070885
image_plus_time,pair_000349,patient_3fc4b14a03335d7f,S2203739,S2203739,2,2022-01-25,1R,pAMR0,5,S2217673,S2217673,5,2022-05-03,0R,pAMR0,98,0,future_no_significant_rejection,2,0.21509010182227387
image_plus_time,pair_000350,patient_3fc4b14a03335d7f,S2203739,S2203739,2,2022-01-25,1R,pAMR0,5,S2225224,S2225224,6,2022-06-21,0R,pAMR0,147,0,future_no_significant_rejection,2,0.20499245544717856
image_plus_time,pair_000351,patient_3fc4b14a03335d7f,S2203739,S2203739,2,2022-01-25,1R,pAMR0,5,S2240720,S2240720,7,2022-09-27,1R,pAMR0,245,0,future_no_significant_rejection,2,0.19274139550916408
image_plus_time,pair_000352,patient_3fc4b14a03335d7f,S2206286,S2206286,3,2022-02-15,0R,pAMR0,3,S2212215,S2212215,4,2022-03-29,1R,pAMR0,42,0,future_no_significant_rejection,2,0.04181390097061523
image_plus_time,pair_000353,patient_3fc4b14a03335d7f,S2206286,S2206286,3,2022-02-15,0R,pAMR0,3,S2217673,S2217673,5,2022-05-03,0R,pAMR0,77,0,future_no_significant_rejection,2,0.03834771575466137
image_plus_time,pair_000354,patient_3fc4b14a03335d7f,S2206286,S2206286,3,2022-02-15,0R,pAMR0,3,S2225224,S2225224,6,2022-06-21,0R,pAMR0,126,0,future_no_significant_rejection,2,0.035717287026934795
image_plus_time,pair_000355,patient_3fc4b14a03335d7f,S2206286,S2206286,3,2022-02-15,0R,pAMR0,3,S2240720,S2240720,7,2022-09-27,1R,pAMR0,224,0,future_no_significant_rejection,2,0.032852512501069527
image_plus_time,pair_000356,patient_3fc4b14a03335d7f,S2212215,S2212215,4,2022-03-29,1R,pAMR0,1,S2217673,S2217673,5,2022-05-03,0R,pAMR0,35,0,future_no_significant_rejection,2,0.7150098370920257
image_plus_time,pair_000357,patient_3fc4b14a03335d7f,S2212215,S2212215,4,2022-03-29,1R,pAMR0,1,S2225224,S2225224,6,2022-06-21,0R,pAMR0,84,0,future_no_significant_rejection,2,0.6877864445906003
image_plus_time,pair_000358,patient_3fc4b14a03335d7f,S2212215,S2212215,4,2022-03-29,1R,pAMR0,1,S2240720,S2240720,7,2022-09-27,1R,pAMR0,182,0,future_no_significant_rejection,2,0.6623337854765646
image_plus_time,pair_000359,patient_3fc4b14a03335d7f,S2217673,S2217673,5,2022-05-03,0R,pAMR0,1,S2225224,S2225224,6,2022-06-21,0R,pAMR0,49,0,future_no_significant_rejection,2,0.652759287261828
image_plus_time,pair_000360,patient_3fc4b14a03335d7f,S2217673,S2217673,5,2022-05-03,0R,pAMR0,1,S2240720,S2240720,7,2022-09-27,1R,pAMR0,147,0,future_no_significant_rejection,2,0.6146545696724574
image_plus_time,pair_000361,patient_3fc4b14a03335d7f,S2225224,S2225224,6,2022-06-21,0R,pAMR0,1,S2240720,S2240720,7,2022-09-27,1R,pAMR0,98,0,future_no_significant_rejection,2,0.2822181150595352
image_plus_time,pair_000401,patient_46cfa1714c823433,S2350728,S2350728,1,2023-11-28,0R,pAMR0,1,S2353999,S2353999,2,2023-12-19,0R,pAMR0,21,0,future_no_significant_rejection,2,0.07587360538938365
image_plus_time,pair_000402,patient_46cfa1714c823433,S2350728,S2350728,1,2023-11-28,0R,pAMR0,1,S2414957,S2414957,3,2024-05-21,0R,pAMR0,175,0,future_no_significant_rejection,2,0.05654273829739956
image_plus_time,pair_000403,patient_46cfa1714c823433,S2350728,S2350728,1,2023-11-28,0R,pAMR0,1,S2423619,S2423619,4,2024-08-13,0R,pAMR0,259,0,future_no_significant_rejection,2,0.05347312198155203
image_plus_time,pair_000404,patient_46cfa1714c823433,S2353999,S2353999,2,2023-12-19,0R,pAMR0,1,S2414957,S2414957,3,2024-05-21,0R,pAMR0,154,0,future_no_significant_rejection,2,0.09510680894623326
image_plus_time,pair_000405,patient_46cfa1714c823433,S2353999,S2353999,2,2023-12-19,0R,pAMR0,1,S2423619,S2423619,4,2024-08-13,0R,pAMR0,238,0,future_no_significant_rejection,2,0.0896131699566991
image_plus_time,pair_000406,patient_46cfa1714c823433,S2414957,S2414957,3,2024-05-21,0R,pAMR0,2,S2423619,S2423619,4,2024-08-13,0R,pAMR0,84,0,future_no_significant_rejection,2,0.37926416147012454
image_plus_time,pair_000466,patient_503148ddee5b72e0,S2229537,S2229537,1,2022-07-15,1R,pAMR0,4,S2237601,S2237601,2,2022-09-06,0R,pAMR0,53,0,future_no_significant_rejection,2,0.3150535071025902
image_plus_time,pair_000467,patient_503148ddee5b72e0,S2229537,S2229537,1,2022-07-15,1R,pAMR0,4,S2312320,S2312320,3,2023-03-21,1R,pAMR0,249,0,future_no_significant_rejection,2,0.26725860991365713
image_plus_time,pair_000468,patient_503148ddee5b72e0,S2229537,S2229537,1,2022-07-15,1R,pAMR0,4,S2327485,S2327485,4,2023-06-27,0R,pAMR0,347,0,future_no_significant_rejection,2,0.25756907831442216
image_plus_time,pair_000469,patient_503148ddee5b72e0,S2237601,S2237601,2,2022-09-06,0R,pAMR0,1,S2312320,S2312320,3,2023-03-21,1R,pAMR0,196,0,future_no_significant_rejection,2,0.4610496069298608
image_plus_time,pair_000470,patient_503148ddee5b72e0,S2237601,S2237601,2,2022-09-06,0R,pAMR0,1,S2327485,S2327485,4,2023-06-27,0R,pAMR0,294,0,future_no_significant_rejection,2,0.44590293348419746
image_plus_time,pair_000471,patient_503148ddee5b72e0,S2312320,S2312320,3,2023-03-21,1R,pAMR0,1,S2327485,S2327485,4,2023-06-27,0R,pAMR0,98,0,future_no_significant_rejection,2,0.04372981598405992
image_plus_time,pair_000472,patient_5a68de4c65c56662,S2235518,S2235518,1,2022-08-24,0R,pAMR0,4,S2238299,S2238299,2,2022-09-13,1R,pAMR0,20,0,future_no_significant_rejection,2,0.34244049956396355
image_plus_time,pair_000473,patient_5a68de4c65c56662,S2235518,S2235518,1,2022-08-24,0R,pAMR0,4,S2242500,S2242500,3,2022-10-11,0R,pAMR0,48,0,future_no_significant_rejection,2,0.3141697774714322
image_plus_time,pair_000474,patient_5a68de4c65c56662,S2235518,S2235518,1,2022-08-24,0R,pAMR0,4,S2246786,S2246786,4,2022-11-08,0R,pAMR0,76,0,future_no_significant_rejection,2,0.2996184196205682
image_plus_time,pair_000475,patient_5a68de4c65c56662,S2235518,S2235518,1,2022-08-24,0R,pAMR0,4,S2254886,S2254886,5,2022-12-28,0R,pAMR0,126,0,future_no_significant_rejection,2,0.2839685566320988
image_plus_time,pair_000476,patient_5a68de4c65c56662,S2238299,S2238299,2,2022-09-13,1R,pAMR0,3,S2242500,S2242500,3,2022-10-11,0R,pAMR0,28,0,future_no_significant_rejection,2,0.26224866361585003
image_plus_time,pair_000477,patient_5a68de4c65c56662,S2238299,S2238299,2,2022-09-13,1R,pAMR0,3,S2246786,S2246786,4,2022-11-08,0R,pAMR0,56,0,future_no_significant_rejection,2,0.2429440897016534
image_plus_time,pair_000478,patient_5a68de4c65c56662,S2238299,S2238299,2,2022-09-13,1R,pAMR0,3,S2254886,S2254886,5,2022-12-28,0R,pAMR0,106,0,future_no_significant_rejection,2,0.22584241008976477
image_plus_time,pair_000479,patient_5a68de4c65c56662,S2242500,S2242500,3,2022-10-11,0R,pAMR0,1,S2246786,S2246786,4,2022-11-08,0R,pAMR0,28,0,future_no_significant_rejection,2,0.23103442170763175
image_plus_time,pair_000480,patient_5a68de4c65c56662,S2242500,S2242500,3,2022-10-11,0R,pAMR0,1,S2254886,S2254886,5,2022-12-28,0R,pAMR0,78,0,future_no_significant_rejection,2,0.2051878824652305
image_plus_time,pair_000481,patient_5a68de4c65c56662,S2246786,S2246786,4,2022-11-08,0R,pAMR0,1,S2254886,S2254886,5,2022-12-28,0R,pAMR0,50,0,future_no_significant_rejection,2,0.05186621172631087
image_plus_time,pair_000507,patient_69d6941869afda05,S2206289,S2206289,1,2022-02-15,1R,pAMR0,3,S2210209,S2210209,2,2022-03-15,2R,pAMR0,28,1,future_significant_rejection,2,0.26119275648526913
image_plus_time,pair_000508,patient_69d6941869afda05,S2206289,S2206289,1,2022-02-15,1R,pAMR0,3,S2214323,S2214323,3,2022-04-12,0R,pAMR0,56,0,future_no_significant_rejection,2,0.2419404196326684
image_plus_time,pair_000509,patient_69d6941869afda05,S2206289,S2206289,1,2022-02-15,1R,pAMR0,3,S2219751,S2219751,4,2022-05-17,1R,pAMR0,91,0,future_no_significant_rejection,2,0.2288988984257006
image_plus_time,pair_000510,patient_69d6941869afda05,S2206289,S2206289,1,2022-02-15,1R,pAMR0,3,S2224010,S2224010,5,2022-06-14,1R,pAMR0,119,0,future_no_significant_rejection,2,0.221877291105855
image_plus_time,pair_000511,patient_69d6941869afda05,S2206289,S2206289,1,2022-02-15,1R,pAMR0,3,S2232194,S2232194,6,2022-08-02,0R,pAMR0,168,0,future_no_significant_rejection,2,0.21305778308092171
image_plus_time,pair_000512,patient_69d6941869afda05,S2206289,S2206289,1,2022-02-15,1R,pAMR0,3,S2241565,S2241565,7,2022-10-04,0R,pAMR0,231,0,future_no_significant_rejection,2,0.2051270598075891
image_plus_time,pair_000513,patient_69d6941869afda05,S2206289,S2206289,1,2022-02-15,1R,pAMR0,3,S2253524,S2253524,8,2022-12-20,1R,pAMR0,308,0,future_no_significant_rejection,2,0.1981436518260413
image_plus_time,pair_000532,patient_6e852ae1e67cc6a5,S2521239,S2521239,1,2025-07-15,0R,pAMR0,1,S2522994,S2522994,2,2025-07-29,0R,pAMR0,14,0,future_no_significant_rejection,2,0.019242993528813753
image_plus_time,pair_000533,patient_6e852ae1e67cc6a5,S2521239,S2521239,1,2025-07-15,0R,pAMR0,1,S2526362,S2526362,3,2025-08-26,0R,pAMR0,42,0,future_no_significant_rejection,2,0.016453969472043993
image_plus_time,pair_000534,patient_6e852ae1e67cc6a5,S2521239,S2521239,1,2025-07-15,0R,pAMR0,1,S2530049,S2530049,4,2025-09-23,0R,pAMR0,70,0,future_no_significant_rejection,2,0.015269525870780268
image_plus_time,pair_000535,patient_6e852ae1e67cc6a5,S2522994,S2522994,2,2025-07-29,0R,pAMR0,1,S2526362,S2526362,3,2025-08-26,0R,pAMR0,28,0,future_no_significant_rejection,2,0.09092076936272506
image_plus_time,pair_000536,patient_6e852ae1e67cc6a5,S2522994,S2522994,2,2025-07-29,0R,pAMR0,1,S2530049,S2530049,4,2025-09-23,0R,pAMR0,56,0,future_no_significant_rejection,2,0.08281227313399513
image_plus_time,pair_000537,patient_6e852ae1e67cc6a5,S2526362,S2526362,3,2025-08-26,0R,pAMR0,5,S2530049,S2530049,4,2025-09-23,0R,pAMR0,28,0,future_no_significant_rejection,2,0.10277621119897709
image_plus_time,pair_000564,patient_71a52624c9074da6,S2320992,S2320992,1,2023-05-17,0R,pAMR0,2,S2325142,S2325142,2,2023-06-13,0R,pAMR0,27,0,future_no_significant_rejection,2,0.005425925907718752
image_plus_time,pair_000565,patient_71a52624c9074da6,S2320992,S2320992,1,2023-05-17,0R,pAMR0,2,S2330985,S2330985,3,2023-07-18,0R,pAMR0,62,0,future_no_significant_rejection,2,0.00480213900540918
image_plus_time,pair_000566,patient_71a52624c9074da6,S2320992,S2320992,1,2023-05-17,0R,pAMR0,2,S2336494,S2336494,4,2023-08-22,0R,pAMR0,97,0,future_no_significant_rejection,2,0.004492862290959981
image_plus_time,pair_000567,patient_71a52624c9074da6,S2320992,S2320992,1,2023-05-17,0R,pAMR0,2,S2344458,S2344458,5,2023-10-17,0R,pAMR0,153,0,future_no_significant_rejection,2,0.004196992284012326
image_plus_time,pair_000568,patient_71a52624c9074da6,S2320992,S2320992,1,2023-05-17,0R,pAMR0,2,S2352827,S2352827,6,2023-12-12,0R,pAMR0,209,0,future_no_significant_rejection,2,0.004005270538550726
image_plus_time,pair_000569,patient_71a52624c9074da6,S2325142,S2325142,2,2023-06-13,0R,pAMR0,1,S2330985,S2330985,3,2023-07-18,0R,pAMR0,35,0,future_no_significant_rejection,2,0.3172038300071604
image_plus_time,pair_000570,patient_71a52624c9074da6,S2325142,S2325142,2,2023-06-13,0R,pAMR0,1,S2336494,S2336494,4,2023-08-22,0R,pAMR0,70,0,future_no_significant_rejection,2,0.29536679695370294
image_plus_time,pair_000571,patient_71a52624c9074da6,S2325142,S2325142,2,2023-06-13,0R,pAMR0,1,S2344458,S2344458,5,2023-10-17,0R,pAMR0,126,0,future_no_significant_rejection,2,0.27738207174344
image_plus_time,pair_000572,patient_71a52624c9074da6,S2325142,S2325142,2,2023-06-13,0R,pAMR0,1,S2352827,S2352827,6,2023-12-12,0R,pAMR0,182,0,future_no_significant_rejection,2,0.2664358216039331
image_plus_time,pair_000573,patient_71a52624c9074da6,S2330985,S2330985,3,2023-07-18,0R,pAMR0,1,S2336494,S2336494,4,2023-08-22,0R,pAMR0,35,0,future_no_significant_rejection,2,0.5744506004025759
image_plus_time,pair_000574,patient_71a52624c9074da6,S2330985,S2330985,3,2023-07-18,0R,pAMR0,1,S2344458,S2344458,5,2023-10-17,0R,pAMR0,91,0,future_no_significant_rejection,2,0.5394187832340331
image_plus_time,pair_000575,patient_71a52624c9074da6,S2330985,S2330985,3,2023-07-18,0R,pAMR0,1,S2352827,S2352827,6,2023-12-12,0R,pAMR0,147,0,future_no_significant_rejection,2,0.5214957494534629
image_plus_time,pair_000576,patient_71a52624c9074da6,S2336494,S2336494,4,2023-08-22,0R,pAMR0,1,S2344458,S2344458,5,2023-10-17,0R,pAMR0,56,0,future_no_significant_rejection,2,0.39303746254556293
image_plus_time,pair_000577,patient_71a52624c9074da6,S2336494,S2336494,4,2023-08-22,0R,pAMR0,1,S2352827,S2352827,6,2023-12-12,0R,pAMR0,112,0,future_no_significant_rejection,2,0.3686172989846984
image_plus_time,pair_000578,patient_71a52624c9074da6,S2344458,S2344458,5,2023-10-17,0R,pAMR0,1,S2352827,S2352827,6,2023-12-12,0R,pAMR0,56,0,future_no_significant_rejection,2,0.4645382750942957
image_plus_time,pair_000579,patient_780d5b318208b01a,S2339819,S2339819,1,2023-09-12,1R,pAMR0,3,S2406753,S2406753,2,2024-02-13,0R,pAMR0,154,0,future_no_significant_rejection,2,0.13396719614927793
image_plus_time,pair_000580,patient_780d5b318208b01a,S2339819,S2339819,1,2023-09-12,1R,pAMR0,3,S2423616,S2423616,3,2024-08-13,0R,pAMR0,336,0,future_no_significant_rejection,2,0.12090435075599269
image_plus_time,pair_000581,patient_780d5b318208b01a,S2406753,S2406753,2,2024-02-13,0R,pAMR0,7,S2423616,S2423616,3,2024-08-13,0R,pAMR0,182,0,future_no_significant_rejection,2,0.044650835667062294
image_plus_time,pair_000583,patient_79f0ef3e7f376fdb,S2352429,S2352429,1,2023-12-08,0R,pAMR0,3,S2406038,S2406038,2,2024-02-06,0R,pAMR0,60,0,future_no_significant_rejection,2,0.07389328978180287
image_plus_time,pair_000584,patient_79f0ef3e7f376fdb,S2352429,S2352429,1,2023-12-08,0R,pAMR0,3,S2409390,S2409390,3,2024-03-12,0R,pAMR0,95,0,future_no_significant_rejection,2,0.06933097934517952
image_plus_time,pair_000585,patient_79f0ef3e7f376fdb,S2352429,S2352429,1,2023-12-08,0R,pAMR0,3,S2413768,S2413768,4,2024-05-07,0R,pAMR0,151,0,future_no_significant_rejection,2,0.06497484029752763
image_plus_time,pair_000586,patient_79f0ef3e7f376fdb,S2352429,S2352429,1,2023-12-08,0R,pAMR0,3,S2431862,S2431862,5,2024-11-05,0R,pAMR0,333,0,future_no_significant_rejection,2,0.05809939909902252
image_plus_time,pair_000587,patient_79f0ef3e7f376fdb,S2406038,S2406038,2,2024-02-06,0R,pAMR0,9,S2409390,S2409390,3,2024-03-12,0R,pAMR0,35,0,future_no_significant_rejection,2,0.02418219617477607
image_plus_time,pair_000588,patient_79f0ef3e7f376fdb,S2406038,S2406038,2,2024-02-06,0R,pAMR0,9,S2413768,S2413768,4,2024-05-07,0R,pAMR0,91,0,future_no_significant_rejection,2,0.02104774864185054
image_plus_time,pair_000589,patient_79f0ef3e7f376fdb,S2406038,S2406038,2,2024-02-06,0R,pAMR0,9,S2431862,S2431862,5,2024-11-05,0R,pAMR0,273,0,future_no_significant_rejection,2,0.017900039480377994
image_plus_time,pair_000590,patient_79f0ef3e7f376fdb,S2409390,S2409390,3,2024-03-12,0R,pAMR0,1,S2413768,S2413768,4,2024-05-07,0R,pAMR0,56,0,future_no_significant_rejection,2,0.23465729873310914
image_plus_time,pair_000591,patient_79f0ef3e7f376fdb,S2409390,S2409390,3,2024-03-12,0R,pAMR0,1,S2431862,S2431862,5,2024-11-05,0R,pAMR0,238,0,future_no_significant_rejection,2,0.19794633755219523
image_plus_time,pair_000592,patient_79f0ef3e7f376fdb,S2413768,S2413768,4,2024-05-07,0R,pAMR0,2,S2431862,S2431862,5,2024-11-05,0R,pAMR0,182,0,future_no_significant_rejection,2,0.22457620292628538
image_plus_time,pair_000621,patient_88518ae12a01280d,S2527323,S2527323,1,2025-09-02,0R,pAMR0,1,S2530991,S2530991,2,2025-09-30,0R,pAMR0,28,0,future_no_significant_rejection,2,0.010341341933962314
image_plus_time,pair_000622,patient_88518ae12a01280d,S2527323,S2527323,1,2025-09-02,0R,pAMR0,1,S2535840,S2535840,3,2025-11-11,0R,pAMR0,70,0,future_no_significant_rejection,2,0.00904238576181504
image_plus_time,pair_000623,patient_88518ae12a01280d,S2530991,S2530991,2,2025-09-30,0R,pAMR0,1,S2535840,S2535840,3,2025-11-11,0R,pAMR0,42,0,future_no_significant_rejection,2,0.036864044393721436
image_plus_time,pair_000630,patient_897fc368fe7593b2,S2409389,S2409389,1,2024-03-12,0R,pAMR0,4,S2410451,S2410451,2,2024-03-26,0R,pAMR0,14,0,future_no_significant_rejection,2,0.20020271951540972
image_plus_time,pair_000631,patient_897fc368fe7593b2,S2409389,S2409389,1,2024-03-12,0R,pAMR0,4,S2413342,S2413342,3,2024-04-30,0R,pAMR0,49,0,future_no_significant_rejection,2,0.17260470139546344
image_plus_time,pair_000632,patient_897fc368fe7593b2,S2409389,S2409389,1,2024-03-12,0R,pAMR0,4,S2414955,S2414955,4,2024-05-21,0R,pAMR0,70,0,future_no_significant_rejection,2,0.16515535977353119
image_plus_time,pair_000633,patient_897fc368fe7593b2,S2409389,S2409389,1,2024-03-12,0R,pAMR0,4,S2419848,S2419848,5,2024-07-08,0R,pAMR0,118,0,future_no_significant_rejection,2,0.15465664628898707
image_plus_time,pair_000634,patient_897fc368fe7593b2,S2409389,S2409389,1,2024-03-12,0R,pAMR0,4,S2424250,S2424250,6,2024-08-20,0R,pAMR0,161,0,future_no_significant_rejection,2,0.14864980580631554
image_plus_time,pair_000635,patient_897fc368fe7593b2,S2409389,S2409389,1,2024-03-12,0R,pAMR0,4,S2431866,S2431866,7,2024-11-05,0R,pAMR0,238,0,future_no_significant_rejection,2,0.14135333007307183
image_plus_time,pair_000636,patient_897fc368fe7593b2,S2409389,S2409389,1,2024-03-12,0R,pAMR0,4,S2504719,S2504719,8,2025-02-18,0R,pAMR0,343,0,future_no_significant_rejection,2,0.1347937454791715
image_plus_time,pair_000637,patient_897fc368fe7593b2,S2410451,S2410451,2,2024-03-26,0R,pAMR0,1,S2413342,S2413342,3,2024-04-30,0R,pAMR0,35,0,future_no_significant_rejection,2,0.3269189307415917
image_plus_time,pair_000638,patient_897fc368fe7593b2,S2410451,S2410451,2,2024-03-26,0R,pAMR0,1,S2414955,S2414955,4,2024-05-21,0R,pAMR0,56,0,future_no_significant_rejection,2,0.31180054236352894
image_plus_time,pair_000639,patient_897fc368fe7593b2,S2410451,S2410451,2,2024-03-26,0R,pAMR0,1,S2419848,S2419848,5,2024-07-08,0R,pAMR0,104,0,future_no_significant_rejection,2,0.29231004800549565
image_plus_time,pair_000640,patient_897fc368fe7593b2,S2410451,S2410451,2,2024-03-26,0R,pAMR0,1,S2424250,S2424250,6,2024-08-20,0R,pAMR0,147,0,future_no_significant_rejection,2,0.2816785593316438
image_plus_time,pair_000641,patient_897fc368fe7593b2,S2410451,S2410451,2,2024-03-26,0R,pAMR0,1,S2431866,S2431866,7,2024-11-05,0R,pAMR0,224,0,future_no_significant_rejection,2,0.26902802720331476
image_plus_time,pair_000642,patient_897fc368fe7593b2,S2410451,S2410451,2,2024-03-26,0R,pAMR0,1,S2504719,S2504719,8,2025-02-18,0R,pAMR0,329,0,future_no_significant_rejection,2,0.2577808410358844
image_plus_time,pair_000643,patient_897fc368fe7593b2,S2413342,S2413342,3,2024-04-30,0R,pAMR0,2,S2414955,S2414955,4,2024-05-21,0R,pAMR0,21,0,future_no_significant_rejection,2,0.732599516665045
image_plus_time,pair_000644,patient_897fc368fe7593b2,S2413342,S2413342,3,2024-04-30,0R,pAMR0,2,S2419848,S2419848,5,2024-07-08,0R,pAMR0,69,0,future_no_significant_rejection,2,0.6969134775546684
image_plus_time,pair_000645,patient_897fc368fe7593b2,S2413342,S2413342,3,2024-04-30,0R,pAMR0,2,S2424250,S2424250,6,2024-08-20,0R,pAMR0,112,0,future_no_significant_rejection,2,0.6813864850079683
image_plus_time,pair_000646,patient_897fc368fe7593b2,S2413342,S2413342,3,2024-04-30,0R,pAMR0,2,S2431866,S2431866,7,2024-11-05,0R,pAMR0,189,0,future_no_significant_rejection,2,0.6640714381105606
image_plus_time,pair_000647,patient_897fc368fe7593b2,S2413342,S2413342,3,2024-04-30,0R,pAMR0,2,S2504719,S2504719,8,2025-02-18,0R,pAMR0,294,0,future_no_significant_rejection,2,0.6490563404923635
image_plus_time,pair_000648,patient_897fc368fe7593b2,S2414955,S2414955,4,2024-05-21,0R,pAMR0,2,S2419848,S2419848,5,2024-07-08,0R,pAMR0,48,0,future_no_significant_rejection,2,0.38634354453953595
image_plus_time,pair_000649,patient_897fc368fe7593b2,S2414955,S2414955,4,2024-05-21,0R,pAMR0,2,S2424250,S2424250,6,2024-08-20,0R,pAMR0,91,0,future_no_significant_rejection,2,0.3639942894237689
image_plus_time,pair_000650,patient_897fc368fe7593b2,S2414955,S2414955,4,2024-05-21,0R,pAMR0,2,S2431866,S2431866,7,2024-11-05,0R,pAMR0,168,0,future_no_significant_rejection,2,0.342962114179581
image_plus_time,pair_000651,patient_897fc368fe7593b2,S2414955,S2414955,4,2024-05-21,0R,pAMR0,2,S2504719,S2504719,8,2025-02-18,0R,pAMR0,273,0,future_no_significant_rejection,2,0.32667325328857844
image_plus_time,pair_000652,patient_897fc368fe7593b2,S2419848,S2419848,5,2024-07-08,0R,pAMR0,2,S2424250,S2424250,6,2024-08-20,0R,pAMR0,43,0,future_no_significant_rejection,2,0.17887627900069755
image_plus_time,pair_000653,patient_897fc368fe7593b2,S2419848,S2419848,5,2024-07-08,0R,pAMR0,2,S2431866,S2431866,7,2024-11-05,0R,pAMR0,120,0,future_no_significant_rejection,2,0.15747854149461793
image_plus_time,pair_000654,patient_897fc368fe7593b2,S2419848,S2419848,5,2024-07-08,0R,pAMR0,2,S2504719,S2504719,8,2025-02-18,0R,pAMR0,225,0,future_no_significant_rejection,2,0.14533349545096283
image_plus_time,pair_000655,patient_897fc368fe7593b2,S2424250,S2424250,6,2024-08-20,0R,pAMR0,2,S2431866,S2431866,7,2024-11-05,0R,pAMR0,77,0,future_no_significant_rejection,2,0.20584376026504872
image_plus_time,pair_000656,patient_897fc368fe7593b2,S2424250,S2424250,6,2024-08-20,0R,pAMR0,2,S2504719,S2504719,8,2025-02-18,0R,pAMR0,182,0,future_no_significant_rejection,2,0.1855405066143287
image_plus_time,pair_000657,patient_897fc368fe7593b2,S2431866,S2431866,7,2024-11-05,0R,pAMR0,2,S2504719,S2504719,8,2025-02-18,0R,pAMR0,105,0,future_no_significant_rejection,2,0.38491552410434926
image_plus_time,pair_000686,patient_937267369badf303,S2300363,S2300363,1,2023-01-03,0R,pAMR0,2,S2308043,S2308043,2,2023-02-21,1R,pAMR0,49,0,future_no_significant_rejection,2,0.05178959714316388
image_plus_time,pair_000687,patient_937267369badf303,S2300363,S2300363,1,2023-01-03,0R,pAMR0,2,S2312323,S2312323,3,2023-03-21,0R,pAMR0,77,0,future_no_significant_rejection,2,0.04858196414062511
image_plus_time,pair_000688,patient_937267369badf303,S2300363,S2300363,1,2023-01-03,0R,pAMR0,2,S2319878,S2319878,4,2023-05-09,0R,pAMR0,126,0,future_no_significant_rejection,2,0.045282582350014325
image_plus_time,pair_000689,patient_937267369badf303,S2308043,S2308043,2,2023-02-21,1R,pAMR0,1,S2312323,S2312323,3,2023-03-21,0R,pAMR0,28,0,future_no_significant_rejection,2,0.428247893421366
image_plus_time,pair_000690,patient_937267369badf303,S2308043,S2308043,2,2023-02-21,1R,pAMR0,1,S2319878,S2319878,4,2023-05-09,0R,pAMR0,77,0,future_no_significant_rejection,2,0.3920328680402547
image_plus_time,pair_000691,patient_937267369badf303,S2312323,S2312323,3,2023-03-21,0R,pAMR0,1,S2319878,S2319878,4,2023-05-09,0R,pAMR0,49,0,future_no_significant_rejection,2,0.3640869201786703
image_plus_time,pair_000709,patient_9b81a2766f087b27,S2111062,S2111062,1,2021-03-16,1R,pAMR0,3,S2114402,S2114402,2,2021-04-06,0R,pAMR0,21,0,future_no_significant_rejection,2,0.9718675966180867
image_plus_time,pair_000710,patient_9b81a2766f087b27,S2111062,S2111062,1,2021-03-16,1R,pAMR0,3,S2119964,S2119964,3,2021-05-11,0R,pAMR2,56,1,future_significant_rejection,2,0.9676478490124656
image_plus_time,pair_000711,patient_9b81a2766f087b27,S2111062,S2111062,1,2021-03-16,1R,pAMR0,3,S2150495,S2150495,4,2021-11-23,1R,pAMR1,252,1,future_significant_rejection,2,0.9597896069282674
image_plus_time,pair_000712,patient_9b81a2766f087b27,S2111062,S2111062,1,2021-03-16,1R,pAMR0,3,S2209234,S2209234,5,2022-03-08,0R,pAMR0,357,0,future_no_significant_rejection,2,0.9577118462362249
image_plus_time,pair_000713,patient_9b81a2766f087b27,S2114402,S2114402,2,2021-04-06,0R,pAMR0,1,S2119964,S2119964,3,2021-05-11,0R,pAMR2,35,1,future_significant_rejection,2,0.5255903950968375
image_plus_time,pair_000714,patient_9b81a2766f087b27,S2114402,S2114402,2,2021-04-06,0R,pAMR0,1,S2150495,S2150495,4,2021-11-23,1R,pAMR1,231,1,future_significant_rejection,2,0.45522215162193447
image_plus_time,pair_000715,patient_9b81a2766f087b27,S2114402,S2114402,2,2021-04-06,0R,pAMR0,1,S2209234,S2209234,5,2022-03-08,0R,pAMR0,336,0,future_no_significant_rejection,2,0.4412458120977327
image_plus_time,pair_000716,patient_a533d77edf530d7d,S2332144,S2332144,1,2023-07-25,0R,pAMR0,5,S2334386,S2334386,2,2023-08-08,0R,pAMR0,14,0,future_no_significant_rejection,2,0.03243971556880168
image_plus_time,pair_000717,patient_a533d77edf530d7d,S2332144,S2332144,1,2023-07-25,0R,pAMR0,5,S2338786,S2338786,3,2023-09-05,1R,pAMR0,42,0,future_no_significant_rejection,2,0.027792197613180185
image_plus_time,pair_000718,patient_a533d77edf530d7d,S2332144,S2332144,1,2023-07-25,0R,pAMR0,5,S2343314,S2343314,4,2023-10-11,0R,pAMR0,78,0,future_no_significant_rejection,2,0.025409669681618504
image_plus_time,pair_000719,patient_a533d77edf530d7d,S2332144,S2332144,1,2023-07-25,0R,pAMR0,5,S2346179,S2346179,5,2023-10-27,1R,pAMR0,94,0,future_no_significant_rejection,2,0.02472739584144776
image_plus_time,pair_000720,patient_a533d77edf530d7d,S2332144,S2332144,1,2023-07-25,0R,pAMR0,5,S2348398,S2348398,6,2023-11-14,0R,pAMR0,112,0,future_no_significant_rejection,2,0.02410183241489334
image_plus_time,pair_000721,patient_a533d77edf530d7d,S2332144,S2332144,1,2023-07-25,0R,pAMR0,5,S2352825,S2352825,7,2023-12-12,1R,pAMR0,140,0,future_no_significant_rejection,2,0.023326087870940426
image_plus_time,pair_000722,patient_a533d77edf530d7d,S2332144,S2332144,1,2023-07-25,0R,pAMR0,5,S2402484,S2402484,8,2024-01-16,0R,pAMR0,175,0,future_no_significant_rejection,2,0.02257355817158046
image_plus_time,pair_000723,patient_a533d77edf530d7d,S2332144,S2332144,1,2023-07-25,0R,pAMR0,5,S2420603,S2420603,9,2024-07-16,0R,pAMR0,357,0,future_no_significant_rejection,2,0.02031986637341989
image_plus_time,pair_000724,patient_a533d77edf530d7d,S2334386,S2334386,2,2023-08-08,0R,pAMR0,2,S2338786,S2338786,3,2023-09-05,1R,pAMR0,28,0,future_no_significant_rejection,2,0.028808717997084992
image_plus_time,pair_000725,patient_a533d77edf530d7d,S2334386,S2334386,2,2023-08-08,0R,pAMR0,2,S2343314,S2343314,4,2023-10-11,0R,pAMR0,64,0,future_no_significant_rejection,2,0.0255803294390475
image_plus_time,pair_000726,patient_a533d77edf530d7d,S2334386,S2334386,2,2023-08-08,0R,pAMR0,2,S2346179,S2346179,5,2023-10-27,1R,pAMR0,80,0,future_no_significant_rejection,2,0.024762994223485685
image_plus_time,pair_000727,patient_a533d77edf530d7d,S2334386,S2334386,2,2023-08-08,0R,pAMR0,2,S2348398,S2348398,6,2023-11-14,0R,pAMR0,98,0,future_no_significant_rejection,2,0.0240399043717873
image_plus_time,pair_000728,patient_a533d77edf530d7d,S2334386,S2334386,2,2023-08-08,0R,pAMR0,2,S2352825,S2352825,7,2023-12-12,1R,pAMR0,126,0,future_no_significant_rejection,2,0.02317102563691943
image_plus_time,pair_000729,patient_a533d77edf530d7d,S2334386,S2334386,2,2023-08-08,0R,pAMR0,2,S2402484,S2402484,8,2024-01-16,0R,pAMR0,161,0,future_no_significant_rejection,2,0.02235154031795531
image_plus_time,pair_000730,patient_a533d77edf530d7d,S2334386,S2334386,2,2023-08-08,0R,pAMR0,2,S2420603,S2420603,9,2024-07-16,0R,pAMR0,343,0,future_no_significant_rejection,2,0.019991643551855415
image_plus_time,pair_000731,patient_a533d77edf530d7d,S2338786,S2338786,3,2023-09-05,1R,pAMR0,1,S2343314,S2343314,4,2023-10-11,0R,pAMR0,36,0,future_no_significant_rejection,2,0.46501106336166315
image_plus_time,pair_000732,patient_a533d77edf530d7d,S2338786,S2338786,3,2023-09-05,1R,pAMR0,1,S2346179,S2346179,5,2023-10-27,1R,pAMR0,52,0,future_no_significant_rejection,2,0.4515066861376843
image_plus_time,pair_000733,patient_a533d77edf530d7d,S2338786,S2338786,3,2023-09-05,1R,pAMR0,1,S2348398,S2348398,6,2023-11-14,0R,pAMR0,70,0,future_no_significant_rejection,2,0.4405710086618044
image_plus_time,pair_000734,patient_a533d77edf530d7d,S2338786,S2338786,3,2023-09-05,1R,pAMR0,1,S2352825,S2352825,7,2023-12-12,1R,pAMR0,98,0,future_no_significant_rejection,2,0.428207594160116
image_plus_time,pair_000735,patient_a533d77edf530d7d,S2338786,S2338786,3,2023-09-05,1R,pAMR0,1,S2402484,S2402484,8,2024-01-16,0R,pAMR0,133,0,future_no_significant_rejection,2,0.41702650273383884
image_plus_time,pair_000736,patient_a533d77edf530d7d,S2338786,S2338786,3,2023-09-05,1R,pAMR0,1,S2420603,S2420603,9,2024-07-16,0R,pAMR0,315,0,future_no_significant_rejection,2,0.38583437354595956
image_plus_time,pair_000737,patient_a533d77edf530d7d,S2343314,S2343314,4,2023-10-11,0R,pAMR0,1,S2346179,S2346179,5,2023-10-27,1R,pAMR0,16,0,future_no_significant_rejection,2,0.2063386341572491
image_plus_time,pair_000738,patient_a533d77edf530d7d,S2343314,S2343314,4,2023-10-11,0R,pAMR0,1,S2348398,S2348398,6,2023-11-14,0R,pAMR0,34,0,future_no_significant_rejection,2,0.1890107444284229
image_plus_time,pair_000739,patient_a533d77edf530d7d,S2343314,S2343314,4,2023-10-11,0R,pAMR0,1,S2352825,S2352825,7,2023-12-12,1R,pAMR0,62,0,future_no_significant_rejection,2,0.1757477590528312
image_plus_time,pair_000740,patient_a533d77edf530d7d,S2343314,S2343314,4,2023-10-11,0R,pAMR0,1,S2402484,S2402484,8,2024-01-16,0R,pAMR0,97,0,future_no_significant_rejection,2,0.16626828513716163
image_plus_time,pair_000741,patient_a533d77edf530d7d,S2343314,S2343314,4,2023-10-11,0R,pAMR0,1,S2420603,S2420603,9,2024-07-16,0R,pAMR0,279,0,future_no_significant_rejection,2,0.14539002415696173
image_plus_time,pair_000742,patient_a533d77edf530d7d,S2346179,S2346179,5,2023-10-27,1R,pAMR0,5,S2348398,S2348398,6,2023-11-14,0R,pAMR0,18,0,future_no_significant_rejection,2,0.1966001575970734
image_plus_time,pair_000743,patient_a533d77edf530d7d,S2346179,S2346179,5,2023-10-27,1R,pAMR0,5,S2352825,S2352825,7,2023-12-12,1R,pAMR0,46,0,future_no_significant_rejection,2,0.17584123802808618
image_plus_time,pair_000744,patient_a533d77edf530d7d,S2346179,S2346179,5,2023-10-27,1R,pAMR0,5,S2402484,S2402484,8,2024-01-16,0R,pAMR0,81,0,future_no_significant_rejection,2,0.16396295943768066
image_plus_time,pair_000745,patient_a533d77edf530d7d,S2346179,S2346179,5,2023-10-27,1R,pAMR0,5,S2420603,S2420603,9,2024-07-16,0R,pAMR0,263,0,future_no_significant_rejection,2,0.14111936169985595
image_plus_time,pair_000746,patient_a533d77edf530d7d,S2348398,S2348398,6,2023-11-14,0R,pAMR0,1,S2352825,S2352825,7,2023-12-12,1R,pAMR0,28,0,future_no_significant_rejection,2,0.03565200368990238
image_plus_time,pair_000747,patient_a533d77edf530d7d,S2348398,S2348398,6,2023-11-14,0R,pAMR0,1,S2402484,S2402484,8,2024-01-16,0R,pAMR0,63,0,future_no_significant_rejection,2,0.0317538320156163
image_plus_time,pair_000748,patient_a533d77edf530d7d,S2348398,S2348398,6,2023-11-14,0R,pAMR0,1,S2420603,S2420603,9,2024-07-16,0R,pAMR0,245,0,future_no_significant_rejection,2,0.02605130333749022
image_plus_time,pair_000749,patient_a533d77edf530d7d,S2352825,S2352825,7,2023-12-12,1R,pAMR0,1,S2402484,S2402484,8,2024-01-16,0R,pAMR0,35,0,future_no_significant_rejection,2,0.04249764497447179
image_plus_time,pair_000750,patient_a533d77edf530d7d,S2352825,S2352825,7,2023-12-12,1R,pAMR0,1,S2420603,S2420603,9,2024-07-16,0R,pAMR0,217,0,future_no_significant_rejection,2,0.03268837251379723
image_plus_time,pair_000751,patient_a533d77edf530d7d,S2402484,S2402484,8,2024-01-16,0R,pAMR0,6,S2420603,S2420603,9,2024-07-16,0R,pAMR0,182,0,future_no_significant_rejection,2,0.29423970722172166
image_plus_time,pair_000790,patient_b824bfb064fb2de4,S2149393,S2149393,1,2021-11-16,0R,pAMR0,3,S2200310,S2200310,2,2022-01-04,1R,pAMR0,49,0,future_no_significant_rejection,2,0.8139059672456329
image_plus_time,pair_000791,patient_b824bfb064fb2de4,S2149393,S2149393,1,2021-11-16,0R,pAMR0,3,S2206287,S2206287,3,2022-02-15,1R,pAMR0,91,0,future_no_significant_rejection,2,0.7995188399826676
image_plus_time,pair_000792,patient_b824bfb064fb2de4,S2149393,S2149393,1,2021-11-16,0R,pAMR0,3,S2210202,S2210202,4,2022-03-15,1R,pAMR0,119,0,future_no_significant_rejection,2,0.7929942091803437
image_plus_time,pair_000793,patient_b824bfb064fb2de4,S2149393,S2149393,1,2021-11-16,0R,pAMR0,3,S2216631,S2216631,5,2022-04-26,0R,pAMR0,161,0,future_no_significant_rejection,2,0.7854376972471242
image_plus_time,pair_000794,patient_b824bfb064fb2de4,S2200310,S2200310,2,2022-01-04,1R,pAMR0,2,S2206287,S2206287,3,2022-02-15,1R,pAMR0,42,0,future_no_significant_rejection,2,0.06562331331156337
image_plus_time,pair_000795,patient_b824bfb064fb2de4,S2200310,S2200310,2,2022-01-04,1R,pAMR0,2,S2210202,S2210202,4,2022-03-15,1R,pAMR0,70,0,future_no_significant_rejection,2,0.061119349800153315
image_plus_time,pair_000796,patient_b824bfb064fb2de4,S2200310,S2200310,2,2022-01-04,1R,pAMR0,2,S2216631,S2216631,5,2022-04-26,0R,pAMR0,112,0,future_no_significant_rejection,2,0.05720515071935248
image_plus_time,pair_000797,patient_b824bfb064fb2de4,S2206287,S2206287,3,2022-02-15,1R,pAMR0,1,S2210202,S2210202,4,2022-03-15,1R,pAMR0,28,0,future_no_significant_rejection,2,0.38713921996504636
image_plus_time,pair_000798,patient_b824bfb064fb2de4,S2206287,S2206287,3,2022-02-15,1R,pAMR0,1,S2216631,S2216631,5,2022-04-26,0R,pAMR0,70,0,future_no_significant_rejection,2,0.35551326299571373
image_plus_time,pair_000799,patient_b824bfb064fb2de4,S2210202,S2210202,4,2022-03-15,1R,pAMR0,4,S2216631,S2216631,5,2022-04-26,0R,pAMR0,42,0,future_no_significant_rejection,2,0.02367237105735011
image_plus_time,pair_000829,patient_c37c171d859fe24a,S2228787,S2228787,1,2022-07-12,0R,pAMR0,1,S2236494,S2236494,2,2022-08-30,0R,pAMR0,49,0,future_no_significant_rejection,2,0.3489517952105742
image_plus_time,pair_000830,patient_c37c171d859fe24a,S2228787,S2228787,1,2022-07-12,0R,pAMR0,1,S2244729,S2244729,3,2022-10-25,0R,pAMR0,105,0,future_no_significant_rejection,2,0.3235740290161963
image_plus_time,pair_000831,patient_c37c171d859fe24a,S2228787,S2228787,1,2022-07-12,0R,pAMR0,1,S2251247,S2251247,4,2022-12-06,1R,pAMR0,147,0,future_no_significant_rejection,2,0.3126154999092329
image_plus_time,pair_000832,patient_c37c171d859fe24a,S2228787,S2228787,1,2022-07-12,0R,pAMR0,1,S2302644,S2302644,5,2023-01-17,0R,pAMR0,189,0,future_no_significant_rejection,2,0.30454765001095124
image_plus_time,pair_000833,patient_c37c171d859fe24a,S2228787,S2228787,1,2022-07-12,0R,pAMR0,1,S2313436,S2313436,6,2023-03-28,1R,pAMR0,259,0,future_no_significant_rejection,2,0.29458583584533626
image_plus_time,pair_000834,patient_c37c171d859fe24a,S2228787,S2228787,1,2022-07-12,0R,pAMR0,1,S2326329,S2326329,7,2023-06-20,0R,pAMR0,343,0,future_no_significant_rejection,2,0.2858566061429546
image_plus_time,pair_000835,patient_c37c171d859fe24a,S2236494,S2236494,2,2022-08-30,0R,pAMR0,3,S2244729,S2244729,3,2022-10-25,0R,pAMR0,56,0,future_no_significant_rejection,2,0.33370731928357716
image_plus_time,pair_000836,patient_c37c171d859fe24a,S2236494,S2236494,2,2022-08-30,0R,pAMR0,3,S2251247,S2251247,4,2022-12-06,1R,pAMR0,98,0,future_no_significant_rejection,2,0.31539120413470145
image_plus_time,pair_000837,patient_c37c171d859fe24a,S2236494,S2236494,2,2022-08-30,0R,pAMR0,3,S2302644,S2302644,5,2023-01-17,0R,pAMR0,140,0,future_no_significant_rejection,2,0.3039483987584548
image_plus_time,pair_000838,patient_c37c171d859fe24a,S2236494,S2236494,2,2022-08-30,0R,pAMR0,3,S2313436,S2313436,6,2023-03-28,1R,pAMR0,210,0,future_no_significant_rejection,2,0.2911955542643663
image_plus_time,pair_000839,patient_c37c171d859fe24a,S2236494,S2236494,2,2022-08-30,0R,pAMR0,3,S2326329,S2326329,7,2023-06-20,0R,pAMR0,294,0,future_no_significant_rejection,2,0.2808371619025561
image_plus_time,pair_000840,patient_c37c171d859fe24a,S2244729,S2244729,3,2022-10-25,0R,pAMR0,1,S2251247,S2251247,4,2022-12-06,1R,pAMR0,42,0,future_no_significant_rejection,2,0.4012830465053749
image_plus_time,pair_000841,patient_c37c171d859fe24a,S2244729,S2244729,3,2022-10-25,0R,pAMR0,1,S2302644,S2302644,5,2023-01-17,0R,pAMR0,84,0,future_no_significant_rejection,2,0.3767710567728723
image_plus_time,pair_000842,patient_c37c171d859fe24a,S2244729,S2244729,3,2022-10-25,0R,pAMR0,1,S2313436,S2313436,6,2023-03-28,1R,pAMR0,154,0,future_no_significant_rejection,2,0.35566763171155913
image_plus_time,pair_000843,patient_c37c171d859fe24a,S2244729,S2244729,3,2022-10-25,0R,pAMR0,1,S2326329,S2326329,7,2023-06-20,0R,pAMR0,238,0,future_no_significant_rejection,2,0.34079151167964966
image_plus_time,pair_000844,patient_c37c171d859fe24a,S2251247,S2251247,4,2022-12-06,1R,pAMR0,1,S2302644,S2302644,5,2023-01-17,0R,pAMR0,42,0,future_no_significant_rejection,2,0.6385003593297199
image_plus_time,pair_000845,patient_c37c171d859fe24a,S2251247,S2251247,4,2022-12-06,1R,pAMR0,1,S2313436,S2313436,6,2023-03-28,1R,pAMR0,112,0,future_no_significant_rejection,2,0.6041064513412916
image_plus_time,pair_000846,patient_c37c171d859fe24a,S2251247,S2251247,4,2022-12-06,1R,pAMR0,1,S2326329,S2326329,7,2023-06-20,0R,pAMR0,196,0,future_no_significant_rejection,2,0.5838185149974193
image_plus_time,pair_000847,patient_c37c171d859fe24a,S2302644,S2302644,5,2023-01-17,0R,pAMR0,1,S2313436,S2313436,6,2023-03-28,1R,pAMR0,70,0,future_no_significant_rejection,2,0.15443729283244104
image_plus_time,pair_000848,patient_c37c171d859fe24a,S2302644,S2302644,5,2023-01-17,0R,pAMR0,1,S2326329,S2326329,7,2023-06-20,0R,pAMR0,154,0,future_no_significant_rejection,2,0.1396260836315453
image_plus_time,pair_000849,patient_c37c171d859fe24a,S2313436,S2313436,6,2023-03-28,1R,pAMR0,1,S2326329,S2326329,7,2023-06-20,0R,pAMR0,84,0,future_no_significant_rejection,2,0.48140413919389063
image_plus_time,pair_000850,patient_c78561b4938dbb4c,S2147204,S2147204,1,2021-11-02,0R,pAMR0,4,S2150493,S2150493,2,2021-11-23,1R,pAMR0,21,0,future_no_significant_rejection,2,0.2093975781999895
image_plus_time,pair_000851,patient_c78561b4938dbb4c,S2147204,S2147204,1,2021-11-02,0R,pAMR0,4,S2209236,S2209236,3,2022-03-08,0R,pAMR0,126,0,future_no_significant_rejection,2,0.1688300401708783
image_plus_time,pair_000852,patient_c78561b4938dbb4c,S2147204,S2147204,1,2021-11-02,0R,pAMR0,4,S2215450,S2215450,4,2022-04-19,0R,pAMR0,168,0,future_no_significant_rejection,2,0.16284761796532068
image_plus_time,pair_000853,patient_c78561b4938dbb4c,S2147204,S2147204,1,2021-11-02,0R,pAMR0,4,S2244730,S2244730,5,2022-10-25,0R,pAMR0,357,0,future_no_significant_rejection,2,0.14794404776441245
image_plus_time,pair_000854,patient_c78561b4938dbb4c,S2150493,S2150493,2,2021-11-23,1R,pAMR0,1,S2209236,S2209236,3,2022-03-08,0R,pAMR0,105,0,future_no_significant_rejection,2,0.03240828923040895
image_plus_time,pair_000855,patient_c78561b4938dbb4c,S2150493,S2150493,2,2021-11-23,1R,pAMR0,1,S2215450,S2215450,4,2022-04-19,0R,pAMR0,147,0,future_no_significant_rejection,2,0.03086082317953623
image_plus_time,pair_000856,patient_c78561b4938dbb4c,S2150493,S2150493,2,2021-11-23,1R,pAMR0,1,S2244730,S2244730,5,2022-10-25,0R,pAMR0,336,0,future_no_significant_rejection,2,0.027345357845921146
image_plus_time,pair_000857,patient_c78561b4938dbb4c,S2209236,S2209236,3,2022-03-08,0R,pAMR0,1,S2215450,S2215450,4,2022-04-19,0R,pAMR0,42,0,future_no_significant_rejection,2,0.11915203290145261
image_plus_time,pair_000858,patient_c78561b4938dbb4c,S2209236,S2209236,3,2022-03-08,0R,pAMR0,1,S2244730,S2244730,5,2022-10-25,0R,pAMR0,231,0,future_no_significant_rejection,2,0.09486476294250189
image_plus_time,pair_000859,patient_c78561b4938dbb4c,S2215450,S2215450,4,2022-04-19,0R,pAMR0,1,S2244730,S2244730,5,2022-10-25,0R,pAMR0,189,0,future_no_significant_rejection,2,0.04445694070153767
image_plus_time,pair_000881,patient_cafa503bd84738e6,S2212213,S2212213,1,2022-03-29,1R,pAMR0,1,S2215449,S2215449,2,2022-04-19,1R,pAMR0,21,0,future_no_significant_rejection,2,0.5452697835702546
image_plus_time,pair_000882,patient_cafa503bd84738e6,S2212213,S2212213,1,2022-03-29,1R,pAMR0,1,S2219754,S2219754,3,2022-05-17,0R,pAMR0,49,0,future_no_significant_rejection,2,0.5143213076892929
image_plus_time,pair_000883,patient_cafa503bd84738e6,S2212213,S2212213,1,2022-03-29,1R,pAMR0,1,S2224008,S2224008,4,2022-06-14,0R,pAMR0,77,0,future_no_significant_rejection,2,0.4974967300913367
image_plus_time,pair_000884,patient_cafa503bd84738e6,S2212213,S2212213,1,2022-03-29,1R,pAMR0,1,S2232193,S2232193,5,2022-08-02,1R,pAMR0,126,0,future_no_significant_rejection,2,0.4790610255375114
image_plus_time,pair_000885,patient_cafa503bd84738e6,S2212213,S2212213,1,2022-03-29,1R,pAMR0,1,S2239525,S2239525,6,2022-09-20,0R,pAMR0,175,0,future_no_significant_rejection,2,0.46674966421412645
image_plus_time,pair_000886,patient_cafa503bd84738e6,S2212213,S2212213,1,2022-03-29,1R,pAMR0,1,S2253527,S2253527,7,2022-12-20,0R,pAMR0,266,0,future_no_significant_rejection,2,0.4510855865837574
image_plus_time,pair_000887,patient_cafa503bd84738e6,S2212213,S2212213,1,2022-03-29,1R,pAMR0,1,S2312317,S2312317,8,2023-03-21,0R,pAMR0,357,0,future_no_significant_rejection,2,0.44011848831428463
image_plus_time,pair_000888,patient_cafa503bd84738e6,S2215449,S2215449,2,2022-04-19,1R,pAMR0,1,S2219754,S2219754,3,2022-05-17,0R,pAMR0,28,0,future_no_significant_rejection,2,0.6286399702530749
image_plus_time,pair_000889,patient_cafa503bd84738e6,S2215449,S2215449,2,2022-04-19,1R,pAMR0,1,S2224008,S2224008,4,2022-06-14,0R,pAMR0,56,0,future_no_significant_rejection,2,0.6044626316419031
image_plus_time,pair_000890,patient_cafa503bd84738e6,S2215449,S2215449,2,2022-04-19,1R,pAMR0,1,S2232193,S2232193,5,2022-08-02,1R,pAMR0,105,0,future_no_significant_rejection,2,0.5818040791811733
image_plus_time,pair_000891,patient_cafa503bd84738e6,S2215449,S2215449,2,2022-04-19,1R,pAMR0,1,S2239525,S2239525,6,2022-09-20,0R,pAMR0,154,0,future_no_significant_rejection,2,0.5677466861151376
image_plus_time,pair_000892,patient_cafa503bd84738e6,S2215449,S2215449,2,2022-04-19,1R,pAMR0,1,S2253527,S2253527,7,2022-12-20,0R,pAMR0,245,0,future_no_significant_rejection,2,0.5505127745622828
image_plus_time,pair_000893,patient_cafa503bd84738e6,S2215449,S2215449,2,2022-04-19,1R,pAMR0,1,S2312317,S2312317,8,2023-03-21,0R,pAMR0,336,0,future_no_significant_rejection,2,0.5386968121942087
image_plus_time,pair_000894,patient_cafa503bd84738e6,S2219754,S2219754,3,2022-05-17,0R,pAMR0,1,S2224008,S2224008,4,2022-06-14,0R,pAMR0,28,0,future_no_significant_rejection,2,0.5480257845403748
image_plus_time,pair_000895,patient_cafa503bd84738e6,S2219754,S2219754,3,2022-05-17,0R,pAMR0,1,S2232193,S2232193,5,2022-08-02,1R,pAMR0,77,0,future_no_significant_rejection,2,0.5107296941257596
image_plus_time,pair_000896,patient_cafa503bd84738e6,S2219754,S2219754,3,2022-05-17,0R,pAMR0,1,S2239525,S2239525,6,2022-09-20,0R,pAMR0,126,0,future_no_significant_rejection,2,0.4922840170064667
image_plus_time,pair_000897,patient_cafa503bd84738e6,S2219754,S2219754,3,2022-05-17,0R,pAMR0,1,S2253527,S2253527,7,2022-12-20,0R,pAMR0,217,0,future_no_significant_rejection,2,0.4718659482833874
image_plus_time,pair_000898,patient_cafa503bd84738e6,S2219754,S2219754,3,2022-05-17,0R,pAMR0,1,S2312317,S2312317,8,2023-03-21,0R,pAMR0,308,0,future_no_significant_rejection,2,0.4587287158229213
image_plus_time,pair_000899,patient_cafa503bd84738e6,S2224008,S2224008,4,2022-06-14,0R,pAMR0,1,S2232193,S2232193,5,2022-08-02,1R,pAMR0,49,0,future_no_significant_rejection,2,0.7399593245883062
image_plus_time,pair_000900,patient_cafa503bd84738e6,S2224008,S2224008,4,2022-06-14,0R,pAMR0,1,S2239525,S2239525,6,2022-09-20,0R,pAMR0,98,0,future_no_significant_rejection,2,0.7195748591932444
image_plus_time,pair_000901,patient_cafa503bd84738e6,S2224008,S2224008,4,2022-06-14,0R,pAMR0,1,S2253527,S2253527,7,2022-12-20,0R,pAMR0,189,0,future_no_significant_rejection,2,0.6992380419378276
image_plus_time,pair_000902,patient_cafa503bd84738e6,S2224008,S2224008,4,2022-06-14,0R,pAMR0,1,S2312317,S2312317,8,2023-03-21,0R,pAMR0,280,0,future_no_significant_rejection,2,0.6866350979872329
image_plus_time,pair_000903,patient_cafa503bd84738e6,S2232193,S2232193,5,2022-08-02,1R,pAMR0,1,S2239525,S2239525,6,2022-09-20,0R,pAMR0,49,0,future_no_significant_rejection,2,0.6140805343030102
image_plus_time,pair_000904,patient_cafa503bd84738e6,S2232193,S2232193,5,2022-08-02,1R,pAMR0,1,S2253527,S2253527,7,2022-12-20,0R,pAMR0,140,0,future_no_significant_rejection,2,0.576290039120107
image_plus_time,pair_000905,patient_cafa503bd84738e6,S2232193,S2232193,5,2022-08-02,1R,pAMR0,1,S2312317,S2312317,8,2023-03-21,0R,pAMR0,231,0,future_no_significant_rejection,2,0.5577858511210046
image_plus_time,pair_000906,patient_cafa503bd84738e6,S2239525,S2239525,6,2022-09-20,0R,pAMR0,1,S2253527,S2253527,7,2022-12-20,0R,pAMR0,91,0,future_no_significant_rejection,2,0.5281104434146913
image_plus_time,pair_000907,patient_cafa503bd84738e6,S2239525,S2239525,6,2022-09-20,0R,pAMR0,1,S2312317,S2312317,8,2023-03-21,0R,pAMR0,182,0,future_no_significant_rejection,2,0.5021151452146042
image_plus_time,pair_000908,patient_cafa503bd84738e6,S2253527,S2253527,7,2022-12-20,0R,pAMR0,1,S2312317,S2312317,8,2023-03-21,0R,pAMR0,91,0,future_no_significant_rejection,2,0.336791163277378
image_plus_time,pair_000937,patient_d4019523cc8c8335,S2406754,S2406754,1,2024-02-13,0R,pAMR0,8,S2408480,S2408480,2,2024-02-27,0R,pAMR0,14,0,future_no_significant_rejection,2,0.30595913473013453
image_plus_time,pair_000938,patient_d4019523cc8c8335,S2406754,S2406754,1,2024-02-13,0R,pAMR0,8,S2411030,S2411030,3,2024-04-02,0R,pAMR0,49,0,future_no_significant_rejection,2,0.2686800067730633
image_plus_time,pair_000939,patient_d4019523cc8c8335,S2406754,S2406754,1,2024-02-13,0R,pAMR0,8,S2419119,S2419119,4,2024-07-02,0R,pAMR0,140,0,future_no_significant_rejection,2,0.23898260089055073
image_plus_time,pair_000940,patient_d4019523cc8c8335,S2406754,S2406754,1,2024-02-13,0R,pAMR0,8,S2430053,S2430053,5,2024-10-17,0R,pAMR0,247,0,future_no_significant_rejection,2,0.2237853249451201
image_plus_time,pair_000941,patient_d4019523cc8c8335,S2408480,S2408480,2,2024-02-27,0R,pAMR0,1,S2411030,S2411030,3,2024-04-02,0R,pAMR0,35,0,future_no_significant_rejection,2,0.38585433997024365
image_plus_time,pair_000942,patient_d4019523cc8c8335,S2408480,S2408480,2,2024-02-27,0R,pAMR0,1,S2419119,S2419119,4,2024-07-02,0R,pAMR0,126,0,future_no_significant_rejection,2,0.34172754889415236
image_plus_time,pair_000943,patient_d4019523cc8c8335,S2408480,S2408480,2,2024-02-27,0R,pAMR0,1,S2430053,S2430053,5,2024-10-17,0R,pAMR0,233,0,future_no_significant_rejection,2,0.32123212841130333
image_plus_time,pair_000944,patient_d4019523cc8c8335,S2411030,S2411030,3,2024-04-02,0R,pAMR0,5,S2419119,S2419119,4,2024-07-02,0R,pAMR0,91,0,future_no_significant_rejection,2,0.1343846641868914
image_plus_time,pair_000945,patient_d4019523cc8c8335,S2411030,S2411030,3,2024-04-02,0R,pAMR0,5,S2430053,S2430053,5,2024-10-17,0R,pAMR0,198,0,future_no_significant_rejection,2,0.12136978626459997
image_plus_time,pair_000946,patient_d4019523cc8c8335,S2419119,S2419119,4,2024-07-02,0R,pAMR0,2,S2430053,S2430053,5,2024-10-17,0R,pAMR0,107,0,future_no_significant_rejection,2,0.30468752912291386
image_plus_time,pair_001049,patient_e21a88b284b1508e,S2435689,S2435689,1,2024-12-10,0R,pAMR0,2,S2437280,S2437280,2,2024-12-24,0R,pAMR0,14,0,future_no_significant_rejection,2,0.48217328894170536
image_plus_time,pair_001050,patient_e21a88b284b1508e,S2435689,S2435689,1,2024-12-10,0R,pAMR0,2,S2501777,S2501777,3,2025-01-17,0R,pAMR0,38,0,future_no_significant_rejection,2,0.44621463779816695
image_plus_time,pair_001051,patient_e21a88b284b1508e,S2437280,S2437280,2,2024-12-24,0R,pAMR0,1,S2501777,S2501777,3,2025-01-17,0R,pAMR0,24,0,future_no_significant_rejection,2,0.015291218344497778
image_plus_time,pair_001066,patient_e6981a9104ac664d,S2304561,S2304561,1,2023-01-31,1R,pAMR0,3,S2307080,S2307080,2,2023-02-15,0R,pAMR0,15,0,future_no_significant_rejection,2,0.5638721810574097
image_plus_time,pair_001067,patient_e6981a9104ac664d,S2304561,S2304561,1,2023-01-31,1R,pAMR0,3,S2311238,S2311238,3,2023-03-14,1R,pAMR0,42,0,future_no_significant_rejection,2,0.5267847686441544
image_plus_time,pair_001068,patient_e6981a9104ac664d,S2304561,S2304561,1,2023-01-31,1R,pAMR0,3,S2323112,S2323112,4,2023-05-30,1R,pAMR0,119,0,future_no_significant_rejection,2,0.4879741737468849
image_plus_time,pair_001069,patient_e6981a9104ac664d,S2304561,S2304561,1,2023-01-31,1R,pAMR0,3,S2330986,S2330986,5,2023-07-18,0R,pAMR0,168,0,future_no_significant_rejection,2,0.4750347158353433
image_plus_time,pair_001070,patient_e6981a9104ac664d,S2304561,S2304561,1,2023-01-31,1R,pAMR0,3,S2344461,S2344461,6,2023-10-17,0R,pAMR0,259,0,future_no_significant_rejection,2,0.4588051499238224
image_plus_time,pair_001071,patient_e6981a9104ac664d,S2304561,S2304561,1,2023-01-31,1R,pAMR0,3,S2402482,S2402482,7,2024-01-16,0R,pAMR0,350,0,future_no_significant_rejection,2,0.4475482032297618
image_plus_time,pair_001072,patient_e6981a9104ac664d,S2307080,S2307080,2,2023-02-15,0R,pAMR0,1,S2311238,S2311238,3,2023-03-14,1R,pAMR0,27,0,future_no_significant_rejection,2,0.057063781886833226
image_plus_time,pair_001073,patient_e6981a9104ac664d,S2307080,S2307080,2,2023-02-15,0R,pAMR0,1,S2323112,S2323112,4,2023-05-30,1R,pAMR0,104,0,future_no_significant_rejection,2,0.04720458981734153
image_plus_time,pair_001074,patient_e6981a9104ac664d,S2307080,S2307080,2,2023-02-15,0R,pAMR0,1,S2330986,S2330986,5,2023-07-18,0R,pAMR0,153,0,future_no_significant_rejection,2,0.044664469110884425
image_plus_time,pair_001075,patient_e6981a9104ac664d,S2307080,S2307080,2,2023-02-15,0R,pAMR0,1,S2344461,S2344461,6,2023-10-17,0R,pAMR0,244,0,future_no_significant_rejection,2,0.04175964043142966
image_plus_time,pair_001076,patient_e6981a9104ac664d,S2307080,S2307080,2,2023-02-15,0R,pAMR0,1,S2402482,S2402482,7,2024-01-16,0R,pAMR0,335,0,future_no_significant_rejection,2,0.03988777188450972
image_plus_time,pair_001077,patient_e6981a9104ac664d,S2311238,S2311238,3,2023-03-14,1R,pAMR0,3,S2323112,S2323112,4,2023-05-30,1R,pAMR0,77,0,future_no_significant_rejection,2,0.5146349861273366
image_plus_time,pair_001078,patient_e6981a9104ac664d,S2311238,S2311238,3,2023-03-14,1R,pAMR0,3,S2330986,S2330986,5,2023-07-18,0R,pAMR0,126,0,future_no_significant_rejection,2,0.4961913041641811
image_plus_time,pair_001079,patient_e6981a9104ac664d,S2311238,S2311238,3,2023-03-14,1R,pAMR0,3,S2344461,S2344461,6,2023-10-17,0R,pAMR0,217,0,future_no_significant_rejection,2,0.4757630362827369
image_plus_time,pair_001080,patient_e6981a9104ac664d,S2311238,S2311238,3,2023-03-14,1R,pAMR0,3,S2402482,S2402482,7,2024-01-16,0R,pAMR0,308,0,future_no_significant_rejection,2,0.46261234315766653
image_plus_time,pair_001081,patient_e6981a9104ac664d,S2323112,S2323112,4,2023-05-30,1R,pAMR0,2,S2330986,S2330986,5,2023-07-18,0R,pAMR0,49,0,future_no_significant_rejection,2,0.46714232025456875
image_plus_time,pair_001082,patient_e6981a9104ac664d,S2323112,S2323112,4,2023-05-30,1R,pAMR0,2,S2344461,S2344461,6,2023-10-17,0R,pAMR0,140,0,future_no_significant_rejection,2,0.42835745035040657
image_plus_time,pair_001083,patient_e6981a9104ac664d,S2323112,S2323112,4,2023-05-30,1R,pAMR0,2,S2402482,S2402482,7,2024-01-16,0R,pAMR0,231,0,future_no_significant_rejection,2,0.4100068804233226
image_plus_time,pair_001084,patient_e6981a9104ac664d,S2330986,S2330986,5,2023-07-18,0R,pAMR0,1,S2344461,S2344461,6,2023-10-17,0R,pAMR0,91,0,future_no_significant_rejection,2,0.00225285992845658
image_plus_time,pair_001085,patient_e6981a9104ac664d,S2330986,S2330986,5,2023-07-18,0R,pAMR0,1,S2402482,S2402482,7,2024-01-16,0R,pAMR0,182,0,future_no_significant_rejection,2,0.0020305839377246326
image_plus_time,pair_001086,patient_e6981a9104ac664d,S2344461,S2344461,6,2023-10-17,0R,pAMR0,1,S2402482,S2402482,7,2024-01-16,0R,pAMR0,91,0,future_no_significant_rejection,2,0.004591419695023275
image_plus_time,pair_001103,patient_ead6420f83248981,S2406264,S2406264,1,2024-02-07,0R,pAMR0,7,S2407939,S2407939,2,2024-02-20,0R,pAMR0,13,0,future_no_significant_rejection,2,0.04492504846726762
image_plus_time,pair_001104,patient_ead6420f83248981,S2406264,S2406264,1,2024-02-07,0R,pAMR0,7,S2409392,S2409392,3,2024-03-12,0R,pAMR0,34,0,future_no_significant_rejection,2,0.03933551917805658
image_plus_time,pair_001105,patient_ead6420f83248981,S2406264,S2406264,1,2024-02-07,0R,pAMR0,7,S2412713,S2412713,4,2024-04-23,0R,pAMR0,76,0,future_no_significant_rejection,2,0.035065259243780025
image_plus_time,pair_001106,patient_ead6420f83248981,S2407939,S2407939,2,2024-02-20,0R,pAMR0,1,S2409392,S2409392,3,2024-03-12,0R,pAMR0,21,0,future_no_significant_rejection,2,0.041249742411695794
image_plus_time,pair_001107,patient_ead6420f83248981,S2407939,S2407939,2,2024-02-20,0R,pAMR0,1,S2412713,S2412713,4,2024-04-23,0R,pAMR0,63,0,future_no_significant_rejection,2,0.03531037692073043
image_plus_time,pair_001108,patient_ead6420f83248981,S2409392,S2409392,3,2024-03-12,0R,pAMR0,1,S2412713,S2412713,4,2024-04-23,0R,pAMR0,42,0,future_no_significant_rejection,2,0.047868687141631984
image_plus_time,pair_001109,patient_f02086679c6d7438,S2506967,S2506967,1,2025-03-11,0R,pAMR0,1,S2508631,S2508631,2,2025-03-25,0R,pAMR0,14,0,future_no_significant_rejection,2,0.36279886748639245
image_plus_time,pair_001110,patient_f02086679c6d7438,S2506967,S2506967,1,2025-03-11,0R,pAMR0,1,S2511007,S2511007,3,2025-04-15,0R,pAMR0,35,0,future_no_significant_rejection,2,0.332752882380222
image_plus_time,pair_001111,patient_f02086679c6d7438,S2508631,S2508631,2,2025-03-25,0R,pAMR0,2,S2511007,S2511007,3,2025-04-15,0R,pAMR0,21,0,future_no_significant_rejection,2,0.1399059718565091
image_plus_time,pair_001127,patient_f4a709d12cad57f1,S2251251,S2251251,1,2022-12-06,1R,pAMR0,5,S2253525,S2253525,2,2022-12-20,1R,pAMR0,14,0,future_no_significant_rejection,2,0.8635300907010399
image_plus_time,pair_001128,patient_f4a709d12cad57f1,S2251251,S2251251,1,2022-12-06,1R,pAMR0,5,S2308044,S2308044,3,2023-02-21,1R,pAMR0,77,0,future_no_significant_rejection,2,0.831368856721542
image_plus_time,pair_001129,patient_f4a709d12cad57f1,S2251251,S2251251,1,2022-12-06,1R,pAMR0,5,S2318025,S2318025,4,2023-04-25,0R,pAMR0,140,0,future_no_significant_rejection,2,0.8184287824636575
image_plus_time,pair_001130,patient_f4a709d12cad57f1,S2251251,S2251251,1,2022-12-06,1R,pAMR0,5,S2333274,S2333274,5,2023-08-01,0R,pAMR0,238,0,future_no_significant_rejection,2,0.8062550575895575
image_plus_time,pair_001131,patient_f4a709d12cad57f1,S2251251,S2251251,1,2022-12-06,1R,pAMR0,5,S2349547,S2349547,6,2023-11-21,0R,pAMR0,350,0,future_no_significant_rejection,2,0.7970052173488762
image_plus_time,pair_001132,patient_f4a709d12cad57f1,S2253525,S2253525,2,2022-12-20,1R,pAMR0,5,S2308044,S2308044,3,2023-02-21,1R,pAMR0,63,0,future_no_significant_rejection,2,0.19654973979946733
image_plus_time,pair_001133,patient_f4a709d12cad57f1,S2253525,S2253525,2,2022-12-20,1R,pAMR0,5,S2318025,S2318025,4,2023-04-25,0R,pAMR0,126,0,future_no_significant_rejection,2,0.18068147381492566
image_plus_time,pair_001134,patient_f4a709d12cad57f1,S2253525,S2253525,2,2022-12-20,1R,pAMR0,5,S2333274,S2333274,5,2023-08-01,0R,pAMR0,224,0,future_no_significant_rejection,2,0.16821790352985744
image_plus_time,pair_001135,patient_f4a709d12cad57f1,S2253525,S2253525,2,2022-12-20,1R,pAMR0,5,S2349547,S2349547,6,2023-11-21,0R,pAMR0,336,0,future_no_significant_rejection,2,0.1598341028790084
image_plus_time,pair_001136,patient_f4a709d12cad57f1,S2308044,S2308044,3,2023-02-21,1R,pAMR0,4,S2318025,S2318025,4,2023-04-25,0R,pAMR0,63,0,future_no_significant_rejection,2,0.41937712994466203
image_plus_time,pair_001137,patient_f4a709d12cad57f1,S2308044,S2308044,3,2023-02-21,1R,pAMR0,4,S2333274,S2333274,5,2023-08-01,0R,pAMR0,161,0,future_no_significant_rejection,2,0.38558372793691276
image_plus_time,pair_001138,patient_f4a709d12cad57f1,S2308044,S2308044,3,2023-02-21,1R,pAMR0,4,S2349547,S2349547,6,2023-11-21,0R,pAMR0,273,0,future_no_significant_rejection,2,0.3669168814208881
image_plus_time,pair_001139,patient_f4a709d12cad57f1,S2318025,S2318025,4,2023-04-25,0R,pAMR0,1,S2333274,S2333274,5,2023-08-01,0R,pAMR0,98,0,future_no_significant_rejection,2,0.031980926514845735
image_plus_time,pair_001140,patient_f4a709d12cad57f1,S2318025,S2318025,4,2023-04-25,0R,pAMR0,1,S2349547,S2349547,6,2023-11-21,0R,pAMR0,210,0,future_no_significant_rejection,2,0.02861858274790141
image_plus_time,pair_001141,patient_f4a709d12cad57f1,S2333274,S2333274,5,2023-08-01,0R,pAMR0,1,S2349547,S2349547,6,2023-11-21,0R,pAMR0,112,0,future_no_significant_rejection,2,0.036167621304762754
image_plus_time,pair_001148,patient_f78d4288245eabd8,S2425843,S2425843,1,2024-09-03,0R,pAMR0,1,S2427695,S2427695,2,2024-09-24,0R,pAMR0,21,0,future_no_significant_rejection,2,0.2908646572312622
image_plus_time,pair_001149,patient_f78d4288245eabd8,S2425843,S2425843,1,2024-09-03,0R,pAMR0,1,S2436453,S2436453,3,2024-12-17,0R,pAMR0,105,0,future_no_significant_rejection,2,0.24430710690244084
image_plus_time,pair_001150,patient_f78d4288245eabd8,S2425843,S2425843,1,2024-09-03,0R,pAMR0,1,S2504720,S2504720,4,2025-02-18,0R,pAMR0,168,0,future_no_significant_rejection,2,0.23150740576088727
image_plus_time,pair_001151,patient_f78d4288245eabd8,S2425843,S2425843,1,2024-09-03,0R,pAMR0,1,S2529112,S2529112,5,2025-09-16,0R,pAMR0,378,0,future_no_significant_rejection,2,0.2104733185595364
image_plus_time,pair_001152,patient_f78d4288245eabd8,S2427695,S2427695,2,2024-09-24,0R,pAMR0,6,S2436453,S2436453,3,2024-12-17,0R,pAMR0,84,0,future_no_significant_rejection,2,0.1641648963317477
image_plus_time,pair_001153,patient_f78d4288245eabd8,S2427695,S2427695,2,2024-09-24,0R,pAMR0,6,S2504720,S2504720,4,2025-02-18,0R,pAMR0,147,0,future_no_significant_rejection,2,0.15296844058400433
image_plus_time,pair_001154,patient_f78d4288245eabd8,S2427695,S2427695,2,2024-09-24,0R,pAMR0,6,S2529112,S2529112,5,2025-09-16,0R,pAMR0,357,0,future_no_significant_rejection,2,0.13643527755034168
image_plus_time,pair_001155,patient_f78d4288245eabd8,S2436453,S2436453,3,2024-12-17,0R,pAMR0,2,S2504720,S2504720,4,2025-02-18,0R,pAMR0,63,0,future_no_significant_rejection,2,0.6025364737736976
image_plus_time,pair_001156,patient_f78d4288245eabd8,S2436453,S2436453,3,2024-12-17,0R,pAMR0,2,S2529112,S2529112,5,2025-09-16,0R,pAMR0,273,0,future_no_significant_rejection,2,0.5488213263361092
image_plus_time,pair_001157,patient_f78d4288245eabd8,S2504720,S2504720,4,2025-02-18,0R,pAMR0,1,S2529112,S2529112,5,2025-09-16,0R,pAMR0,210,0,future_no_significant_rejection,2,0.05924899900793301
