
Load Dataset
label column: label
label dictionary: {0: 0, 1: 1}
number of classes: 2
slide-level counts:  
 label
1      47
0    1031
Name: count, dtype: int64
Patient-LVL; Number of samples registered in class 0: 101
Slide-LVL; Number of samples registered in class 0: 1031
Patient-LVL; Number of samples registered in class 1: 14
Slide-LVL; Number of samples registered in class 1: 47
split_dir:  /home/jupyter/image_team/projects/SMC_MIL/cohorts/smc_future_v1/next_biopsy_significant/seed_31
################# Settings ###################
num_splits:  5
k_start:  -1
k_end:  -1
task:  task_smc_acr_binary_0r1r_vs_2r3r
max_epochs:  50
early_stop_patience:  10
early_stop_min_epoch:  10
results_dir:  /home/jupyter/image_team/projects/SMC_MIL/results/smc_future_v1
lr:  0.0002
experiment:  next_biopsy_significant_he_geometry
reg:  1e-05
label_frac:  1.0
bag_loss:  ce
seed:  31
model_type:  clam_sb
model_size:  small
use_drop_out:  0.25
weighted_sample:  True
opt:  adam
bag_weight:  0.7
inst_loss:  svm
B:  8
split_dir:  /home/jupyter/image_team/projects/SMC_MIL/cohorts/smc_future_v1/next_biopsy_significant/seed_31
HE augmentation: {"fold": 0, "seed": 31, "train_slides": 854, "eligible_he_train": 52, "unchanged_train": 802, "policy": "geometry", "total_views": 2, "he_original_probability": 0.5, "view_seed": 20292197, "val_test_original_only": true, "split_sha256": "1cf04474ab6ea3872340f0196f9d7554ba18a387ef28cf26245b86b9edcf836c", "validation_used_for_checkpoint_selection": true, "independent_final_test": false}

Training Fold 0!

Init train/val/test splits... 
Done!
Training on 854 samples
Validating on 224 samples
Testing on 0 samples

Init loss function... Done!

Init Model... Setting tau to 1.0
Done!
CLAM_SB(
  (attention_net): Sequential(
    (0): Linear(in_features=1536, out_features=512, bias=True)
    (1): ReLU()
    (2): Dropout(p=0.25, inplace=False)
    (3): Attn_Net_Gated(
      (attention_a): Sequential(
        (0): Linear(in_features=512, out_features=256, bias=True)
        (1): Tanh()
        (2): Dropout(p=0.25, inplace=False)
      )
      (attention_b): Sequential(
        (0): Linear(in_features=512, out_features=256, bias=True)
        (1): Sigmoid()
        (2): Dropout(p=0.25, inplace=False)
      )
      (attention_c): Linear(in_features=256, out_features=1, bias=True)
    )
  )
  (classifiers): Linear(in_features=512, out_features=2, bias=True)
  (instance_classifiers): ModuleList(
    (0-1): 2 x Linear(in_features=512, out_features=2, bias=True)
  )
  (instance_loss_fn): SmoothTop1SVM()
)
Total number of parameters: 1052935
Total number of trainable parameters: 1052935

Init optimizer ... Done!

Init Loaders... Done!

Setup EarlyStopping... Done!


batch 19, loss: 0.2491, instance_loss: 0.2662, weighted_loss: 0.2543, label: 1, bag_size: 8663
batch 39, loss: 0.5164, instance_loss: 0.1935, weighted_loss: 0.4195, label: 1, bag_size: 12989
batch 59, loss: 0.7931, instance_loss: 0.1414, weighted_loss: 0.5976, label: 0, bag_size: 1333
batch 79, loss: 0.6676, instance_loss: 0.6324, weighted_loss: 0.6570, label: 0, bag_size: 1979
batch 99, loss: 0.6750, instance_loss: 0.0912, weighted_loss: 0.4999, label: 1, bag_size: 7879
batch 119, loss: 0.4203, instance_loss: 0.2193, weighted_loss: 0.3600, label: 1, bag_size: 4365
batch 139, loss: 0.8824, instance_loss: 0.0650, weighted_loss: 0.6372, label: 0, bag_size: 3506
batch 159, loss: 1.2397, instance_loss: 0.0787, weighted_loss: 0.8914, label: 1, bag_size: 13571
batch 179, loss: 0.2491, instance_loss: 0.1943, weighted_loss: 0.2327, label: 1, bag_size: 5137
batch 199, loss: 0.0593, instance_loss: 0.0104, weighted_loss: 0.0446, label: 0, bag_size: 20395
batch 219, loss: 0.5551, instance_loss: 0.0331, weighted_loss: 0.3985, label: 1, bag_size: 14318
batch 239, loss: 0.5815, instance_loss: 0.0842, weighted_loss: 0.4323, label: 1, bag_size: 5082
batch 259, loss: 2.3606, instance_loss: 0.0043, weighted_loss: 1.6537, label: 1, bag_size: 18621
batch 279, loss: 0.6883, instance_loss: 0.0028, weighted_loss: 0.4827, label: 0, bag_size: 16721
batch 299, loss: 0.7026, instance_loss: 0.0201, weighted_loss: 0.4978, label: 0, bag_size: 2703
batch 319, loss: 0.0461, instance_loss: 0.0025, weighted_loss: 0.0330, label: 0, bag_size: 16350
batch 339, loss: 0.2958, instance_loss: 0.0006, weighted_loss: 0.2073, label: 0, bag_size: 20554
batch 359, loss: 0.0110, instance_loss: 0.0027, weighted_loss: 0.0085, label: 0, bag_size: 15090
batch 379, loss: 0.0556, instance_loss: 0.1156, weighted_loss: 0.0736, label: 1, bag_size: 6344
batch 399, loss: 0.0336, instance_loss: 0.0065, weighted_loss: 0.0254, label: 0, bag_size: 14454
batch 419, loss: 1.1681, instance_loss: 0.0004, weighted_loss: 0.8178, label: 0, bag_size: 15114
batch 439, loss: 0.3183, instance_loss: 0.0518, weighted_loss: 0.2384, label: 0, bag_size: 17155
batch 459, loss: 0.0377, instance_loss: 0.0938, weighted_loss: 0.0545, label: 1, bag_size: 5956
batch 479, loss: 0.0500, instance_loss: 0.0025, weighted_loss: 0.0357, label: 1, bag_size: 22871
batch 499, loss: 0.7671, instance_loss: 0.0285, weighted_loss: 0.5455, label: 0, bag_size: 1994
batch 519, loss: 0.1393, instance_loss: 0.0053, weighted_loss: 0.0991, label: 0, bag_size: 6185
batch 539, loss: 0.2713, instance_loss: 0.0153, weighted_loss: 0.1945, label: 1, bag_size: 4760
batch 559, loss: 0.0989, instance_loss: 0.0000, weighted_loss: 0.0692, label: 1, bag_size: 5137
batch 579, loss: 0.8579, instance_loss: 0.0171, weighted_loss: 0.6057, label: 0, bag_size: 16464
batch 599, loss: 1.1356, instance_loss: 0.0291, weighted_loss: 0.8036, label: 0, bag_size: 2770
batch 619, loss: 0.0059, instance_loss: 0.0004, weighted_loss: 0.0043, label: 1, bag_size: 13646
batch 639, loss: 0.4355, instance_loss: 0.0080, weighted_loss: 0.3072, label: 1, bag_size: 3024
batch 659, loss: 0.4232, instance_loss: 0.0342, weighted_loss: 0.3065, label: 0, bag_size: 1770
batch 679, loss: 0.6518, instance_loss: 0.0116, weighted_loss: 0.4598, label: 1, bag_size: 3411
batch 699, loss: 0.0009, instance_loss: 0.0000, weighted_loss: 0.0006, label: 1, bag_size: 13646
batch 719, loss: 0.0061, instance_loss: 0.0023, weighted_loss: 0.0050, label: 0, bag_size: 3818
batch 739, loss: 0.7773, instance_loss: 0.0084, weighted_loss: 0.5467, label: 0, bag_size: 3876
batch 759, loss: 0.6136, instance_loss: 0.0065, weighted_loss: 0.4314, label: 1, bag_size: 10371
batch 779, loss: 0.3301, instance_loss: 0.0034, weighted_loss: 0.2321, label: 1, bag_size: 12989
batch 799, loss: 0.1803, instance_loss: 0.0000, weighted_loss: 0.1262, label: 1, bag_size: 4760
batch 819, loss: 0.1652, instance_loss: 0.0006, weighted_loss: 0.1158, label: 0, bag_size: 5862
batch 839, loss: 0.7304, instance_loss: 0.0069, weighted_loss: 0.5134, label: 1, bag_size: 10180


class 0 clustering acc 0.9828747072599532: correct 6715/6832
class 1 clustering acc 0.9796545667447307: correct 6693/6832
Epoch: 0, train_loss: 0.5414, train_clustering_loss:  0.1185, train_error: 0.2974
class 0: acc 0.6642512077294686, correct 275/414
class 1: acc 0.7386363636363636, correct 325/440

Val Set, val_loss: 0.7297, val_error: 0.5670, auc: 0.5962
class 0 clustering acc 1.0: correct 1792/1792
class 1 clustering acc 1.0: correct 1792/1792
class 0: acc 0.42105263157894735, correct 88/209
class 1: acc 0.6, correct 9/15
Validation loss decreased (inf --> 0.729726).  Saving model ...


batch 19, loss: 0.6853, instance_loss: 0.0077, weighted_loss: 0.4820, label: 0, bag_size: 8178
batch 39, loss: 0.3579, instance_loss: 0.0053, weighted_loss: 0.2522, label: 0, bag_size: 13944
batch 59, loss: 0.6521, instance_loss: 0.0186, weighted_loss: 0.4620, label: 0, bag_size: 5027
batch 79, loss: 0.7611, instance_loss: 0.0022, weighted_loss: 0.5334, label: 0, bag_size: 3932
batch 99, loss: 0.0148, instance_loss: 0.0016, weighted_loss: 0.0109, label: 1, bag_size: 21952
batch 119, loss: 0.9563, instance_loss: 0.0039, weighted_loss: 0.6706, label: 1, bag_size: 6023
batch 139, loss: 3.3270, instance_loss: 0.0028, weighted_loss: 2.3298, label: 0, bag_size: 2364
batch 159, loss: 0.1523, instance_loss: 0.0000, weighted_loss: 0.1066, label: 0, bag_size: 23088
batch 179, loss: 0.0062, instance_loss: 0.0002, weighted_loss: 0.0044, label: 0, bag_size: 9492
batch 199, loss: 0.0013, instance_loss: 0.0018, weighted_loss: 0.0015, label: 0, bag_size: 13691
batch 219, loss: 0.4126, instance_loss: 0.0022, weighted_loss: 0.2895, label: 0, bag_size: 2887
batch 239, loss: 0.4503, instance_loss: 0.0003, weighted_loss: 0.3153, label: 0, bag_size: 5684
batch 259, loss: 0.0089, instance_loss: 0.0018, weighted_loss: 0.0068, label: 0, bag_size: 11682
batch 279, loss: 0.1442, instance_loss: 0.0002, weighted_loss: 0.1010, label: 1, bag_size: 7733
batch 299, loss: 0.4410, instance_loss: 0.0024, weighted_loss: 0.3094, label: 0, bag_size: 10051
batch 319, loss: 0.0876, instance_loss: 0.0030, weighted_loss: 0.0622, label: 1, bag_size: 6344
batch 339, loss: 0.0596, instance_loss: 0.0000, weighted_loss: 0.0417, label: 1, bag_size: 4516
batch 359, loss: 0.5750, instance_loss: 0.0086, weighted_loss: 0.4051, label: 1, bag_size: 5828
batch 379, loss: 0.0586, instance_loss: 0.0017, weighted_loss: 0.0416, label: 1, bag_size: 4365
batch 399, loss: 0.0236, instance_loss: 0.0000, weighted_loss: 0.0166, label: 1, bag_size: 13571
batch 419, loss: 0.0387, instance_loss: 0.0067, weighted_loss: 0.0291, label: 0, bag_size: 4823
batch 439, loss: 0.0307, instance_loss: 0.0010, weighted_loss: 0.0218, label: 0, bag_size: 4309
batch 459, loss: 0.0010, instance_loss: 0.0003, weighted_loss: 0.0008, label: 0, bag_size: 18081
batch 479, loss: 0.0216, instance_loss: 0.0000, weighted_loss: 0.0151, label: 1, bag_size: 13646
batch 499, loss: 0.0953, instance_loss: 0.0006, weighted_loss: 0.0669, label: 1, bag_size: 4516
batch 519, loss: 0.0201, instance_loss: 0.0051, weighted_loss: 0.0156, label: 0, bag_size: 1406
batch 539, loss: 0.0248, instance_loss: 0.0073, weighted_loss: 0.0195, label: 0, bag_size: 5224
batch 559, loss: 0.0321, instance_loss: 0.0004, weighted_loss: 0.0226, label: 0, bag_size: 12239
batch 579, loss: 2.1349, instance_loss: 0.0000, weighted_loss: 1.4945, label: 0, bag_size: 7001
batch 599, loss: 0.3470, instance_loss: 0.0068, weighted_loss: 0.2449, label: 1, bag_size: 4492
batch 619, loss: 0.0029, instance_loss: 0.0000, weighted_loss: 0.0020, label: 1, bag_size: 4760
batch 639, loss: 0.0079, instance_loss: 0.0002, weighted_loss: 0.0056, label: 1, bag_size: 6344
batch 659, loss: 0.1690, instance_loss: 0.0054, weighted_loss: 0.1200, label: 1, bag_size: 7733
batch 679, loss: 0.3253, instance_loss: 0.0009, weighted_loss: 0.2279, label: 1, bag_size: 10371
batch 699, loss: 0.4810, instance_loss: 0.0035, weighted_loss: 0.3378, label: 0, bag_size: 3756
batch 719, loss: 0.2735, instance_loss: 0.0025, weighted_loss: 0.1922, label: 1, bag_size: 3354
batch 739, loss: 0.0959, instance_loss: 0.0004, weighted_loss: 0.0673, label: 0, bag_size: 13944
batch 759, loss: 1.6718, instance_loss: 0.0023, weighted_loss: 1.1710, label: 1, bag_size: 4365
batch 779, loss: 0.0475, instance_loss: 0.0032, weighted_loss: 0.0342, label: 1, bag_size: 5956
batch 799, loss: 0.4857, instance_loss: 0.0029, weighted_loss: 0.3409, label: 1, bag_size: 6812
batch 819, loss: 0.4423, instance_loss: 0.0000, weighted_loss: 0.3096, label: 0, bag_size: 2872
batch 839, loss: 0.2037, instance_loss: 0.0009, weighted_loss: 0.1429, label: 1, bag_size: 3024


class 0 clustering acc 1.0: correct 6832/6832
class 1 clustering acc 1.0: correct 6832/6832
Epoch: 1, train_loss: 0.3718, train_clustering_loss:  0.0035, train_error: 0.1733
class 0: acc 0.8145539906103286, correct 347/426
class 1: acc 0.8387850467289719, correct 359/428

Val Set, val_loss: 0.6423, val_error: 0.2991, auc: 0.6054
class 0 clustering acc 1.0: correct 1792/1792
class 1 clustering acc 1.0: correct 1792/1792
class 0: acc 0.7272727272727273, correct 152/209
class 1: acc 0.3333333333333333, correct 5/15
Validation loss decreased (0.729726 --> 0.642308).  Saving model ...


batch 19, loss: 0.0053, instance_loss: 0.0000, weighted_loss: 0.0037, label: 1, bag_size: 22871
batch 39, loss: 0.0312, instance_loss: 0.0010, weighted_loss: 0.0221, label: 1, bag_size: 5828
batch 59, loss: 0.0003, instance_loss: 0.0000, weighted_loss: 0.0002, label: 0, bag_size: 16640
batch 79, loss: 0.0267, instance_loss: 0.0007, weighted_loss: 0.0189, label: 0, bag_size: 2674
batch 99, loss: 0.0413, instance_loss: 0.0109, weighted_loss: 0.0321, label: 0, bag_size: 1358
batch 119, loss: 0.0290, instance_loss: 0.0014, weighted_loss: 0.0207, label: 1, bag_size: 5828
batch 139, loss: 0.0000, instance_loss: 0.0000, weighted_loss: 0.0000, label: 0, bag_size: 16657
batch 159, loss: 0.1214, instance_loss: 0.0000, weighted_loss: 0.0850, label: 1, bag_size: 5082
batch 179, loss: 0.0946, instance_loss: 0.0002, weighted_loss: 0.0663, label: 1, bag_size: 7879
batch 199, loss: 0.0011, instance_loss: 0.0083, weighted_loss: 0.0032, label: 0, bag_size: 3725
batch 219, loss: 0.0801, instance_loss: 0.0000, weighted_loss: 0.0561, label: 1, bag_size: 7733
batch 239, loss: 0.0062, instance_loss: 0.0006, weighted_loss: 0.0045, label: 1, bag_size: 6344
batch 259, loss: 0.0005, instance_loss: 0.0000, weighted_loss: 0.0003, label: 0, bag_size: 19131
batch 279, loss: 0.0032, instance_loss: 0.0002, weighted_loss: 0.0023, label: 0, bag_size: 2530
batch 299, loss: 0.0474, instance_loss: 0.0000, weighted_loss: 0.0332, label: 0, bag_size: 19660
batch 319, loss: 0.1752, instance_loss: 0.0009, weighted_loss: 0.1229, label: 1, bag_size: 10180
batch 339, loss: 0.3631, instance_loss: 0.0000, weighted_loss: 0.2542, label: 1, bag_size: 10371
batch 359, loss: 0.0704, instance_loss: 0.0017, weighted_loss: 0.0498, label: 0, bag_size: 15510
batch 379, loss: 0.1275, instance_loss: 0.0014, weighted_loss: 0.0897, label: 0, bag_size: 3166
batch 399, loss: 0.0075, instance_loss: 0.0009, weighted_loss: 0.0055, label: 0, bag_size: 7540
batch 419, loss: 0.2249, instance_loss: 0.0000, weighted_loss: 0.1574, label: 1, bag_size: 10371
batch 439, loss: 0.3760, instance_loss: 0.0005, weighted_loss: 0.2633, label: 1, bag_size: 6023
batch 459, loss: 0.0000, instance_loss: 0.0025, weighted_loss: 0.0008, label: 0, bag_size: 3315
batch 479, loss: 0.0101, instance_loss: 0.0003, weighted_loss: 0.0072, label: 1, bag_size: 13646
batch 499, loss: 0.0018, instance_loss: 0.0003, weighted_loss: 0.0014, label: 0, bag_size: 1834
batch 519, loss: 0.7818, instance_loss: 0.0004, weighted_loss: 0.5473, label: 0, bag_size: 8616
batch 539, loss: 0.0005, instance_loss: 0.0008, weighted_loss: 0.0006, label: 0, bag_size: 16721
batch 559, loss: 1.0525, instance_loss: 0.0000, weighted_loss: 0.7368, label: 1, bag_size: 5082
batch 579, loss: 0.2019, instance_loss: 0.0014, weighted_loss: 0.1417, label: 0, bag_size: 3380
batch 599, loss: 0.0161, instance_loss: 0.0021, weighted_loss: 0.0119, label: 1, bag_size: 14318
batch 619, loss: 0.1864, instance_loss: 0.0008, weighted_loss: 0.1307, label: 1, bag_size: 13571
batch 639, loss: 0.0195, instance_loss: 0.0110, weighted_loss: 0.0169, label: 0, bag_size: 3457
batch 659, loss: 0.9827, instance_loss: 0.0040, weighted_loss: 0.6891, label: 0, bag_size: 5262
batch 679, loss: 0.0005, instance_loss: 0.0000, weighted_loss: 0.0003, label: 0, bag_size: 2530
batch 699, loss: 0.5867, instance_loss: 0.0000, weighted_loss: 0.4107, label: 0, bag_size: 25547
batch 719, loss: 0.0200, instance_loss: 0.0002, weighted_loss: 0.0141, label: 0, bag_size: 6185
batch 739, loss: 0.0514, instance_loss: 0.0002, weighted_loss: 0.0361, label: 1, bag_size: 7733
batch 759, loss: 0.0002, instance_loss: 0.0002, weighted_loss: 0.0002, label: 0, bag_size: 14672
batch 779, loss: 0.0321, instance_loss: 0.0000, weighted_loss: 0.0225, label: 1, bag_size: 21609
batch 799, loss: 0.0303, instance_loss: 0.0008, weighted_loss: 0.0215, label: 0, bag_size: 1979
batch 819, loss: 0.0003, instance_loss: 0.0007, weighted_loss: 0.0004, label: 0, bag_size: 2908
batch 839, loss: 0.0175, instance_loss: 0.0000, weighted_loss: 0.0122, label: 1, bag_size: 21952


class 0 clustering acc 1.0: correct 6832/6832
class 1 clustering acc 0.9997072599531616: correct 6830/6832
Epoch: 2, train_loss: 0.1985, train_clustering_loss:  0.0048, train_error: 0.0831
class 0: acc 0.9080459770114943, correct 395/435
class 1: acc 0.9260143198090692, correct 388/419

Val Set, val_loss: 0.4884, val_error: 0.1384, auc: 0.6743
class 0 clustering acc 1.0: correct 1792/1792
class 1 clustering acc 1.0: correct 1792/1792
class 0: acc 0.8995215311004785, correct 188/209
class 1: acc 0.3333333333333333, correct 5/15
Validation loss decreased (0.642308 --> 0.488356).  Saving model ...


batch 19, loss: 0.0003, instance_loss: 0.0031, weighted_loss: 0.0012, label: 0, bag_size: 1611
batch 39, loss: 0.0001, instance_loss: 0.0000, weighted_loss: 0.0001, label: 0, bag_size: 2089
batch 59, loss: 0.0077, instance_loss: 0.0002, weighted_loss: 0.0054, label: 1, bag_size: 14318
batch 79, loss: 0.0360, instance_loss: 0.0005, weighted_loss: 0.0254, label: 1, bag_size: 8663
batch 99, loss: 3.1436, instance_loss: 0.0014, weighted_loss: 2.2009, label: 0, bag_size: 4915
batch 119, loss: 0.0006, instance_loss: 0.0004, weighted_loss: 0.0005, label: 0, bag_size: 15365
batch 139, loss: 0.0030, instance_loss: 0.0002, weighted_loss: 0.0022, label: 1, bag_size: 22871
batch 159, loss: 0.0070, instance_loss: 0.0000, weighted_loss: 0.0049, label: 1, bag_size: 12989
batch 179, loss: 0.0045, instance_loss: 0.0000, weighted_loss: 0.0031, label: 1, bag_size: 13571
batch 199, loss: 0.0046, instance_loss: 0.0032, weighted_loss: 0.0041, label: 0, bag_size: 3228
batch 219, loss: 0.0138, instance_loss: 0.0000, weighted_loss: 0.0097, label: 0, bag_size: 2925
batch 239, loss: 0.1835, instance_loss: 0.0000, weighted_loss: 0.1284, label: 1, bag_size: 4276
batch 259, loss: 0.1781, instance_loss: 0.0102, weighted_loss: 0.1277, label: 1, bag_size: 5956
batch 279, loss: 0.0181, instance_loss: 0.0000, weighted_loss: 0.0126, label: 0, bag_size: 8932
batch 299, loss: 0.0255, instance_loss: 0.0000, weighted_loss: 0.0178, label: 1, bag_size: 5082
batch 319, loss: 0.0039, instance_loss: 0.0187, weighted_loss: 0.0083, label: 1, bag_size: 3411
batch 339, loss: 0.0733, instance_loss: 0.0008, weighted_loss: 0.0516, label: 1, bag_size: 6812
batch 359, loss: 0.0072, instance_loss: 0.0038, weighted_loss: 0.0062, label: 1, bag_size: 4365
batch 379, loss: 0.0008, instance_loss: 0.0006, weighted_loss: 0.0008, label: 0, bag_size: 2402
batch 399, loss: 0.2900, instance_loss: 0.0000, weighted_loss: 0.2030, label: 0, bag_size: 15923
batch 419, loss: 0.0074, instance_loss: 0.0002, weighted_loss: 0.0053, label: 1, bag_size: 6344
batch 439, loss: 0.0589, instance_loss: 0.0000, weighted_loss: 0.0412, label: 1, bag_size: 10371
batch 459, loss: 0.0134, instance_loss: 0.0013, weighted_loss: 0.0098, label: 1, bag_size: 4563
batch 479, loss: 0.0032, instance_loss: 0.0000, weighted_loss: 0.0022, label: 1, bag_size: 7733
batch 499, loss: 0.0014, instance_loss: 0.0003, weighted_loss: 0.0010, label: 0, bag_size: 5684
batch 519, loss: 0.0081, instance_loss: 0.0000, weighted_loss: 0.0057, label: 0, bag_size: 20957
batch 539, loss: 0.0023, instance_loss: 0.0005, weighted_loss: 0.0017, label: 1, bag_size: 6023
batch 559, loss: 0.0166, instance_loss: 0.0002, weighted_loss: 0.0117, label: 0, bag_size: 9388
batch 579, loss: 0.0320, instance_loss: 0.0004, weighted_loss: 0.0226, label: 1, bag_size: 10371
batch 599, loss: 0.0037, instance_loss: 0.0000, weighted_loss: 0.0026, label: 1, bag_size: 3411
batch 619, loss: 0.0001, instance_loss: 0.0021, weighted_loss: 0.0007, label: 1, bag_size: 4492
batch 639, loss: 0.0000, instance_loss: 0.0013, weighted_loss: 0.0004, label: 0, bag_size: 19793
batch 659, loss: 0.2474, instance_loss: 0.0286, weighted_loss: 0.1818, label: 0, bag_size: 2666
batch 679, loss: 8.5220, instance_loss: 0.0057, weighted_loss: 5.9671, label: 1, bag_size: 4760
batch 699, loss: 0.0675, instance_loss: 0.0003, weighted_loss: 0.0473, label: 0, bag_size: 8616
batch 719, loss: 0.0122, instance_loss: 0.0006, weighted_loss: 0.0087, label: 1, bag_size: 4365
batch 739, loss: 0.0022, instance_loss: 0.0011, weighted_loss: 0.0018, label: 1, bag_size: 22871
batch 759, loss: 0.2203, instance_loss: 0.0205, weighted_loss: 0.1604, label: 1, bag_size: 1140
batch 779, loss: 0.3269, instance_loss: 0.0002, weighted_loss: 0.2289, label: 1, bag_size: 21952
batch 799, loss: 0.0042, instance_loss: 0.0010, weighted_loss: 0.0033, label: 0, bag_size: 12810
batch 819, loss: 0.2402, instance_loss: 0.0005, weighted_loss: 0.1683, label: 1, bag_size: 10371
batch 839, loss: 0.0000, instance_loss: 0.0000, weighted_loss: 0.0000, label: 0, bag_size: 1867


class 0 clustering acc 1.0: correct 6832/6832
class 1 clustering acc 1.0: correct 6832/6832
Epoch: 3, train_loss: 0.1274, train_clustering_loss:  0.0021, train_error: 0.0422
class 0: acc 0.9493087557603687, correct 412/434
class 1: acc 0.9666666666666667, correct 406/420

Val Set, val_loss: 0.5201, val_error: 0.1607, auc: 0.6083
class 0 clustering acc 1.0: correct 1792/1792
class 1 clustering acc 1.0: correct 1792/1792
class 0: acc 0.8899521531100478, correct 186/209
class 1: acc 0.13333333333333333, correct 2/15
EarlyStopping counter: 1 out of 10


batch 19, loss: 0.0037, instance_loss: 0.0005, weighted_loss: 0.0027, label: 1, bag_size: 5906
batch 39, loss: 0.0109, instance_loss: 0.0004, weighted_loss: 0.0078, label: 1, bag_size: 8663
batch 59, loss: 0.0000, instance_loss: 0.0009, weighted_loss: 0.0003, label: 0, bag_size: 14933
batch 79, loss: 0.0007, instance_loss: 0.0114, weighted_loss: 0.0039, label: 1, bag_size: 13646
batch 99, loss: 0.0005, instance_loss: 0.0000, weighted_loss: 0.0004, label: 0, bag_size: 11240
batch 119, loss: 0.0001, instance_loss: 0.0000, weighted_loss: 0.0001, label: 0, bag_size: 2868
batch 139, loss: 0.0263, instance_loss: 0.0002, weighted_loss: 0.0184, label: 1, bag_size: 3354
batch 159, loss: 0.0092, instance_loss: 0.0047, weighted_loss: 0.0078, label: 1, bag_size: 3411
batch 179, loss: 0.0458, instance_loss: 0.0009, weighted_loss: 0.0323, label: 1, bag_size: 6023
batch 199, loss: 0.0000, instance_loss: 0.0000, weighted_loss: 0.0000, label: 0, bag_size: 2770
batch 219, loss: 0.0394, instance_loss: 0.0000, weighted_loss: 0.0276, label: 1, bag_size: 7879
batch 239, loss: 0.2189, instance_loss: 0.0080, weighted_loss: 0.1556, label: 1, bag_size: 3024
batch 259, loss: 0.0014, instance_loss: 0.0008, weighted_loss: 0.0012, label: 1, bag_size: 22871
batch 279, loss: 0.0000, instance_loss: 0.0004, weighted_loss: 0.0001, label: 0, bag_size: 2465
batch 299, loss: 0.0059, instance_loss: 0.0000, weighted_loss: 0.0041, label: 1, bag_size: 13571
batch 319, loss: 0.0044, instance_loss: 0.0009, weighted_loss: 0.0034, label: 1, bag_size: 4563
batch 339, loss: 0.0001, instance_loss: 0.0007, weighted_loss: 0.0003, label: 0, bag_size: 12668
batch 359, loss: 0.0002, instance_loss: 0.0000, weighted_loss: 0.0001, label: 0, bag_size: 2718
batch 379, loss: 0.0002, instance_loss: 0.0000, weighted_loss: 0.0001, label: 1, bag_size: 5137
batch 399, loss: 0.0000, instance_loss: 0.0049, weighted_loss: 0.0015, label: 0, bag_size: 3771
batch 419, loss: 0.0156, instance_loss: 0.0002, weighted_loss: 0.0110, label: 1, bag_size: 5828
batch 439, loss: 0.3613, instance_loss: 0.0006, weighted_loss: 0.2531, label: 1, bag_size: 18621
batch 459, loss: 0.0267, instance_loss: 0.0000, weighted_loss: 0.0187, label: 1, bag_size: 7733
batch 479, loss: 0.1116, instance_loss: 0.0000, weighted_loss: 0.0781, label: 0, bag_size: 7017
batch 499, loss: 0.0065, instance_loss: 0.0018, weighted_loss: 0.0051, label: 1, bag_size: 4563
batch 519, loss: 0.0019, instance_loss: 0.0000, weighted_loss: 0.0013, label: 0, bag_size: 8401
batch 539, loss: 0.0003, instance_loss: 0.0002, weighted_loss: 0.0003, label: 1, bag_size: 22871
batch 559, loss: 0.0001, instance_loss: 0.0015, weighted_loss: 0.0005, label: 0, bag_size: 6432
batch 579, loss: 0.0001, instance_loss: 0.0002, weighted_loss: 0.0001, label: 0, bag_size: 5584
batch 599, loss: 0.0083, instance_loss: 0.0000, weighted_loss: 0.0058, label: 1, bag_size: 13571
batch 619, loss: 0.0004, instance_loss: 0.0004, weighted_loss: 0.0004, label: 0, bag_size: 16576
batch 639, loss: 0.0030, instance_loss: 0.0004, weighted_loss: 0.0022, label: 0, bag_size: 15253
batch 659, loss: 0.0000, instance_loss: 0.0000, weighted_loss: 0.0000, label: 0, bag_size: 5786
batch 679, loss: 0.0000, instance_loss: 0.0000, weighted_loss: 0.0000, label: 0, bag_size: 9773
batch 699, loss: 0.0085, instance_loss: 0.0000, weighted_loss: 0.0059, label: 1, bag_size: 6812
batch 719, loss: 0.0009, instance_loss: 0.0004, weighted_loss: 0.0007, label: 0, bag_size: 24048
batch 739, loss: 0.0045, instance_loss: 0.0119, weighted_loss: 0.0067, label: 1, bag_size: 3024
batch 759, loss: 0.0194, instance_loss: 0.0000, weighted_loss: 0.0135, label: 1, bag_size: 4276
batch 779, loss: 0.0427, instance_loss: 0.0000, weighted_loss: 0.0299, label: 1, bag_size: 18621
batch 799, loss: 0.0107, instance_loss: 0.0013, weighted_loss: 0.0079, label: 1, bag_size: 5956
batch 819, loss: 0.0002, instance_loss: 0.0000, weighted_loss: 0.0001, label: 0, bag_size: 4919
batch 839, loss: 0.0274, instance_loss: 0.0000, weighted_loss: 0.0192, label: 1, bag_size: 10180


class 0 clustering acc 0.9991217798594848: correct 6826/6832
class 1 clustering acc 1.0: correct 6832/6832
Epoch: 4, train_loss: 0.0548, train_clustering_loss:  0.0032, train_error: 0.0129
class 0: acc 0.9819819819819819, correct 436/444
class 1: acc 0.9926829268292683, correct 407/410

Val Set, val_loss: 0.5074, val_error: 0.1161, auc: 0.6632
class 0 clustering acc 1.0: correct 1792/1792
class 1 clustering acc 1.0: correct 1792/1792
class 0: acc 0.9425837320574163, correct 197/209
class 1: acc 0.06666666666666667, correct 1/15
EarlyStopping counter: 2 out of 10


batch 19, loss: 0.0001, instance_loss: 0.0000, weighted_loss: 0.0000, label: 0, bag_size: 11364
batch 39, loss: 0.0071, instance_loss: 0.0000, weighted_loss: 0.0049, label: 1, bag_size: 9833
batch 59, loss: 0.0000, instance_loss: 0.0000, weighted_loss: 0.0000, label: 0, bag_size: 3533
batch 79, loss: 0.0005, instance_loss: 0.0000, weighted_loss: 0.0003, label: 1, bag_size: 13571
batch 99, loss: 0.0005, instance_loss: 0.0000, weighted_loss: 0.0003, label: 0, bag_size: 7086
batch 119, loss: 2.9677, instance_loss: 0.0007, weighted_loss: 2.0776, label: 0, bag_size: 15923
batch 139, loss: 0.0028, instance_loss: 0.0000, weighted_loss: 0.0020, label: 1, bag_size: 4760
batch 159, loss: 0.0000, instance_loss: 0.0000, weighted_loss: 0.0000, label: 0, bag_size: 5169
batch 179, loss: 0.0026, instance_loss: 0.0045, weighted_loss: 0.0032, label: 1, bag_size: 3411
batch 199, loss: 0.0657, instance_loss: 0.0000, weighted_loss: 0.0460, label: 0, bag_size: 6330
batch 219, loss: 0.0488, instance_loss: 0.0000, weighted_loss: 0.0341, label: 1, bag_size: 4276
batch 239, loss: 0.0010, instance_loss: 0.0000, weighted_loss: 0.0007, label: 0, bag_size: 19539
batch 259, loss: 0.0732, instance_loss: 0.0002, weighted_loss: 0.0513, label: 1, bag_size: 21952
batch 279, loss: 0.0001, instance_loss: 0.0011, weighted_loss: 0.0004, label: 0, bag_size: 4002
batch 299, loss: 0.0030, instance_loss: 0.0000, weighted_loss: 0.0021, label: 0, bag_size: 5762
batch 319, loss: 0.0094, instance_loss: 0.0000, weighted_loss: 0.0066, label: 1, bag_size: 10180
batch 339, loss: 0.0002, instance_loss: 0.0000, weighted_loss: 0.0001, label: 0, bag_size: 20475
batch 359, loss: 0.0004, instance_loss: 0.0000, weighted_loss: 0.0003, label: 0, bag_size: 2522
batch 379, loss: 0.0003, instance_loss: 0.0000, weighted_loss: 0.0002, label: 0, bag_size: 1858
batch 399, loss: 0.0007, instance_loss: 0.0004, weighted_loss: 0.0006, label: 1, bag_size: 4563
batch 419, loss: 0.0001, instance_loss: 0.0002, weighted_loss: 0.0002, label: 0, bag_size: 17336
batch 439, loss: 0.0013, instance_loss: 0.0000, weighted_loss: 0.0009, label: 1, bag_size: 4760
batch 459, loss: 0.0008, instance_loss: 0.0000, weighted_loss: 0.0006, label: 1, bag_size: 9833
batch 479, loss: 0.0009, instance_loss: 0.0021, weighted_loss: 0.0013, label: 1, bag_size: 3411
batch 499, loss: 0.0152, instance_loss: 0.0036, weighted_loss: 0.0118, label: 1, bag_size: 21609
batch 519, loss: 0.0011, instance_loss: 0.0002, weighted_loss: 0.0008, label: 0, bag_size: 21084
batch 539, loss: 0.0000, instance_loss: 0.0000, weighted_loss: 0.0000, label: 0, bag_size: 2703
batch 559, loss: 0.0002, instance_loss: 0.0000, weighted_loss: 0.0001, label: 0, bag_size: 6907
batch 579, loss: 0.0901, instance_loss: 0.0062, weighted_loss: 0.0650, label: 0, bag_size: 6081
batch 599, loss: 0.0000, instance_loss: 0.0000, weighted_loss: 0.0000, label: 0, bag_size: 3526
batch 619, loss: 0.0044, instance_loss: 0.0000, weighted_loss: 0.0031, label: 1, bag_size: 7733
batch 639, loss: 0.0108, instance_loss: 0.0000, weighted_loss: 0.0076, label: 0, bag_size: 6330
batch 659, loss: 0.0013, instance_loss: 0.0000, weighted_loss: 0.0009, label: 1, bag_size: 4516
batch 679, loss: 0.0000, instance_loss: 0.0000, weighted_loss: 0.0000, label: 0, bag_size: 17284
batch 699, loss: 0.0000, instance_loss: 0.0000, weighted_loss: 0.0000, label: 0, bag_size: 9768
batch 719, loss: 0.0050, instance_loss: 0.0002, weighted_loss: 0.0036, label: 1, bag_size: 21609
batch 739, loss: 0.0001, instance_loss: 0.0006, weighted_loss: 0.0003, label: 1, bag_size: 3024
batch 759, loss: 0.0883, instance_loss: 0.0015, weighted_loss: 0.0622, label: 1, bag_size: 6812
batch 779, loss: 0.0019, instance_loss: 0.0003, weighted_loss: 0.0014, label: 1, bag_size: 21952
batch 799, loss: 0.0073, instance_loss: 0.0000, weighted_loss: 0.0051, label: 1, bag_size: 4760
batch 819, loss: 0.0001, instance_loss: 0.0000, weighted_loss: 0.0001, label: 1, bag_size: 4563
batch 839, loss: 0.0021, instance_loss: 0.0000, weighted_loss: 0.0015, label: 0, bag_size: 2868


class 0 clustering acc 1.0: correct 6832/6832
class 1 clustering acc 1.0: correct 6832/6832
Epoch: 5, train_loss: 0.0434, train_clustering_loss:  0.0012, train_error: 0.0129
class 0: acc 0.985781990521327, correct 416/422
class 1: acc 0.9884259259259259, correct 427/432

Val Set, val_loss: 0.7403, val_error: 0.1652, auc: 0.6233
class 0 clustering acc 1.0: correct 1792/1792
class 1 clustering acc 1.0: correct 1792/1792
class 0: acc 0.8851674641148325, correct 185/209
class 1: acc 0.13333333333333333, correct 2/15
EarlyStopping counter: 3 out of 10


batch 19, loss: 0.0002, instance_loss: 0.0000, weighted_loss: 0.0001, label: 1, bag_size: 3354
batch 39, loss: 0.0003, instance_loss: 0.0000, weighted_loss: 0.0002, label: 1, bag_size: 5082
batch 59, loss: 0.0000, instance_loss: 0.0003, weighted_loss: 0.0001, label: 0, bag_size: 2439
batch 79, loss: 0.0000, instance_loss: 0.0000, weighted_loss: 0.0000, label: 0, bag_size: 3064
batch 99, loss: 0.0047, instance_loss: 0.0008, weighted_loss: 0.0035, label: 1, bag_size: 18621
batch 119, loss: 0.0018, instance_loss: 0.0043, weighted_loss: 0.0026, label: 1, bag_size: 1140
batch 139, loss: 0.0000, instance_loss: 0.0000, weighted_loss: 0.0000, label: 0, bag_size: 6185
batch 159, loss: 0.0024, instance_loss: 0.0034, weighted_loss: 0.0027, label: 1, bag_size: 1140
batch 179, loss: 0.0232, instance_loss: 0.0000, weighted_loss: 0.0162, label: 1, bag_size: 5082
batch 199, loss: 0.0043, instance_loss: 0.0103, weighted_loss: 0.0061, label: 0, bag_size: 1179
batch 219, loss: 0.0006, instance_loss: 0.0000, weighted_loss: 0.0004, label: 1, bag_size: 6344
batch 239, loss: 0.0003, instance_loss: 0.0000, weighted_loss: 0.0002, label: 0, bag_size: 11116
batch 259, loss: 0.0000, instance_loss: 0.0000, weighted_loss: 0.0000, label: 0, bag_size: 8270
batch 279, loss: 0.0022, instance_loss: 0.0000, weighted_loss: 0.0015, label: 1, bag_size: 4760
batch 299, loss: 0.0002, instance_loss: 0.0000, weighted_loss: 0.0001, label: 1, bag_size: 22871
batch 319, loss: 0.0002, instance_loss: 0.0003, weighted_loss: 0.0002, label: 1, bag_size: 5906
batch 339, loss: 0.0106, instance_loss: 0.0010, weighted_loss: 0.0078, label: 1, bag_size: 18621
batch 359, loss: 0.0014, instance_loss: 0.0000, weighted_loss: 0.0010, label: 0, bag_size: 3228
batch 379, loss: 0.0020, instance_loss: 0.0014, weighted_loss: 0.0018, label: 1, bag_size: 5956
batch 399, loss: 0.0001, instance_loss: 0.0000, weighted_loss: 0.0000, label: 1, bag_size: 5956
batch 419, loss: 0.0000, instance_loss: 0.0000, weighted_loss: 0.0000, label: 0, bag_size: 1517
batch 439, loss: 0.1655, instance_loss: 0.0000, weighted_loss: 0.1159, label: 0, bag_size: 18587
batch 459, loss: 0.0075, instance_loss: 0.0000, weighted_loss: 0.0053, label: 1, bag_size: 7879
batch 479, loss: 0.3025, instance_loss: 0.0177, weighted_loss: 0.2170, label: 0, bag_size: 3687
batch 499, loss: 0.0621, instance_loss: 0.0190, weighted_loss: 0.0492, label: 1, bag_size: 3411
batch 519, loss: 0.0003, instance_loss: 0.0327, weighted_loss: 0.0100, label: 0, bag_size: 2032
batch 539, loss: 0.0258, instance_loss: 0.0000, weighted_loss: 0.0181, label: 1, bag_size: 7733
batch 559, loss: 0.0056, instance_loss: 0.0000, weighted_loss: 0.0039, label: 1, bag_size: 9833
batch 579, loss: 0.0000, instance_loss: 0.0000, weighted_loss: 0.0000, label: 0, bag_size: 1865
batch 599, loss: 0.0026, instance_loss: 0.0000, weighted_loss: 0.0018, label: 1, bag_size: 4760
batch 619, loss: 0.0001, instance_loss: 0.0000, weighted_loss: 0.0000, label: 0, bag_size: 3505
batch 639, loss: 0.0000, instance_loss: 0.0043, weighted_loss: 0.0013, label: 0, bag_size: 4804
batch 659, loss: 0.0027, instance_loss: 0.0002, weighted_loss: 0.0020, label: 1, bag_size: 8663
batch 679, loss: 0.0000, instance_loss: 0.0000, weighted_loss: 0.0000, label: 0, bag_size: 17035
batch 699, loss: 0.0029, instance_loss: 0.0000, weighted_loss: 0.0020, label: 1, bag_size: 10180
batch 719, loss: 0.0002, instance_loss: 0.0000, weighted_loss: 0.0001, label: 0, bag_size: 14428
batch 739, loss: 0.0000, instance_loss: 0.0000, weighted_loss: 0.0000, label: 0, bag_size: 4088
batch 759, loss: 0.0010, instance_loss: 0.0028, weighted_loss: 0.0015, label: 1, bag_size: 6344
batch 779, loss: 0.0291, instance_loss: 0.0043, weighted_loss: 0.0216, label: 1, bag_size: 6344
batch 799, loss: 0.0007, instance_loss: 0.0000, weighted_loss: 0.0005, label: 1, bag_size: 5137
batch 819, loss: 0.0005, instance_loss: 0.0000, weighted_loss: 0.0004, label: 1, bag_size: 3354
batch 839, loss: 0.0002, instance_loss: 0.0013, weighted_loss: 0.0005, label: 0, bag_size: 5296


class 0 clustering acc 0.999268149882904: correct 6827/6832
class 1 clustering acc 0.9998536299765808: correct 6831/6832
Epoch: 6, train_loss: 0.0614, train_clustering_loss:  0.0027, train_error: 0.0176
class 0: acc 0.9809069212410502, correct 411/419
class 1: acc 0.9839080459770115, correct 428/435

Val Set, val_loss: 0.4477, val_error: 0.1161, auc: 0.7024
class 0 clustering acc 1.0: correct 1792/1792
class 1 clustering acc 1.0: correct 1792/1792
class 0: acc 0.937799043062201, correct 196/209
class 1: acc 0.13333333333333333, correct 2/15
Validation loss decreased (0.488356 --> 0.447706).  Saving model ...


batch 19, loss: 0.0020, instance_loss: 0.0031, weighted_loss: 0.0023, label: 1, bag_size: 6023
batch 39, loss: 0.0000, instance_loss: 0.0000, weighted_loss: 0.0000, label: 0, bag_size: 3725
batch 59, loss: 0.0195, instance_loss: 0.0000, weighted_loss: 0.0137, label: 1, bag_size: 4276
batch 79, loss: 0.0343, instance_loss: 0.0015, weighted_loss: 0.0245, label: 1, bag_size: 22871
batch 99, loss: 0.0000, instance_loss: 0.0011, weighted_loss: 0.0003, label: 1, bag_size: 3411
batch 119, loss: 0.0009, instance_loss: 0.0000, weighted_loss: 0.0007, label: 0, bag_size: 17101
batch 139, loss: 0.0001, instance_loss: 0.0017, weighted_loss: 0.0006, label: 1, bag_size: 3024
batch 159, loss: 0.0000, instance_loss: 0.0000, weighted_loss: 0.0000, label: 0, bag_size: 5268
batch 179, loss: 0.0000, instance_loss: 0.0000, weighted_loss: 0.0000, label: 0, bag_size: 7720
batch 199, loss: 0.0458, instance_loss: 0.0008, weighted_loss: 0.0323, label: 1, bag_size: 12989
batch 219, loss: 0.0017, instance_loss: 0.0000, weighted_loss: 0.0012, label: 0, bag_size: 3129
batch 239, loss: 0.0008, instance_loss: 0.0000, weighted_loss: 0.0006, label: 1, bag_size: 4276
batch 259, loss: 0.0167, instance_loss: 0.0000, weighted_loss: 0.0117, label: 0, bag_size: 13461
batch 279, loss: 0.0000, instance_loss: 0.0125, weighted_loss: 0.0038, label: 0, bag_size: 39556
batch 299, loss: 0.0007, instance_loss: 0.0000, weighted_loss: 0.0005, label: 1, bag_size: 7879
batch 319, loss: 0.2938, instance_loss: 0.0000, weighted_loss: 0.2057, label: 1, bag_size: 18621
batch 339, loss: 0.0060, instance_loss: 0.0011, weighted_loss: 0.0045, label: 0, bag_size: 10001
batch 359, loss: 0.0000, instance_loss: 0.0000, weighted_loss: 0.0000, label: 0, bag_size: 3616
batch 379, loss: 0.0099, instance_loss: 0.0002, weighted_loss: 0.0070, label: 1, bag_size: 18621
batch 399, loss: 0.0118, instance_loss: 0.0000, weighted_loss: 0.0083, label: 0, bag_size: 2066
batch 419, loss: 0.0025, instance_loss: 0.0000, weighted_loss: 0.0017, label: 1, bag_size: 8663
batch 439, loss: 0.0009, instance_loss: 0.0019, weighted_loss: 0.0012, label: 1, bag_size: 6023
batch 459, loss: 0.0133, instance_loss: 0.0000, weighted_loss: 0.0093, label: 1, bag_size: 5906
batch 479, loss: 0.0000, instance_loss: 0.0000, weighted_loss: 0.0000, label: 0, bag_size: 5995
batch 499, loss: 0.0001, instance_loss: 0.0000, weighted_loss: 0.0001, label: 1, bag_size: 5137
batch 519, loss: 0.0004, instance_loss: 0.0000, weighted_loss: 0.0003, label: 1, bag_size: 13646
batch 539, loss: 0.0001, instance_loss: 0.0000, weighted_loss: 0.0001, label: 1, bag_size: 5137
batch 559, loss: 0.0189, instance_loss: 0.0143, weighted_loss: 0.0175, label: 0, bag_size: 1921
batch 579, loss: 0.0009, instance_loss: 0.0000, weighted_loss: 0.0006, label: 1, bag_size: 7733
batch 599, loss: 0.0010, instance_loss: 0.0000, weighted_loss: 0.0007, label: 1, bag_size: 10371
batch 619, loss: 0.0000, instance_loss: 0.0013, weighted_loss: 0.0004, label: 0, bag_size: 3066
batch 639, loss: 0.0000, instance_loss: 0.0000, weighted_loss: 0.0000, label: 0, bag_size: 9768
batch 659, loss: 0.0001, instance_loss: 0.0000, weighted_loss: 0.0001, label: 1, bag_size: 4492
batch 679, loss: 0.2522, instance_loss: 0.0023, weighted_loss: 0.1773, label: 1, bag_size: 1140
batch 699, loss: 0.0000, instance_loss: 0.0000, weighted_loss: 0.0000, label: 1, bag_size: 5137
batch 719, loss: 0.0366, instance_loss: 0.0000, weighted_loss: 0.0256, label: 0, bag_size: 10001
batch 739, loss: 0.0223, instance_loss: 0.0000, weighted_loss: 0.0156, label: 0, bag_size: 10923
batch 759, loss: 1.6980, instance_loss: 0.0000, weighted_loss: 1.1886, label: 0, bag_size: 3691
batch 779, loss: 0.0077, instance_loss: 0.0000, weighted_loss: 0.0054, label: 0, bag_size: 9314
batch 799, loss: 0.0035, instance_loss: 0.0000, weighted_loss: 0.0024, label: 1, bag_size: 9833
batch 819, loss: 0.0336, instance_loss: 0.0003, weighted_loss: 0.0236, label: 1, bag_size: 21609
batch 839, loss: 0.1194, instance_loss: 0.0017, weighted_loss: 0.0841, label: 1, bag_size: 1140


class 0 clustering acc 1.0: correct 6832/6832
class 1 clustering acc 1.0: correct 6832/6832
Epoch: 7, train_loss: 0.0610, train_clustering_loss:  0.0007, train_error: 0.0164
class 0: acc 0.9788732394366197, correct 417/426
class 1: acc 0.9883177570093458, correct 423/428

Val Set, val_loss: 0.4709, val_error: 0.1205, auc: 0.7069
class 0 clustering acc 1.0: correct 1792/1792
class 1 clustering acc 1.0: correct 1792/1792
class 0: acc 0.9234449760765551, correct 193/209
class 1: acc 0.26666666666666666, correct 4/15
EarlyStopping counter: 1 out of 10


batch 19, loss: 0.0103, instance_loss: 0.0000, weighted_loss: 0.0072, label: 1, bag_size: 14318
batch 39, loss: 0.0015, instance_loss: 0.0000, weighted_loss: 0.0010, label: 0, bag_size: 14968
batch 59, loss: 0.0317, instance_loss: 0.0000, weighted_loss: 0.0222, label: 0, bag_size: 20957
batch 79, loss: 0.0013, instance_loss: 0.0000, weighted_loss: 0.0009, label: 1, bag_size: 5082
batch 99, loss: 0.0064, instance_loss: 0.0000, weighted_loss: 0.0045, label: 1, bag_size: 10371
batch 119, loss: 0.0002, instance_loss: 0.0025, weighted_loss: 0.0009, label: 1, bag_size: 6023
batch 139, loss: 0.0002, instance_loss: 0.0000, weighted_loss: 0.0002, label: 0, bag_size: 8244
batch 159, loss: 0.0313, instance_loss: 0.0028, weighted_loss: 0.0227, label: 0, bag_size: 1011
batch 179, loss: 0.0005, instance_loss: 0.0000, weighted_loss: 0.0004, label: 0, bag_size: 2674
batch 199, loss: 0.0064, instance_loss: 0.0000, weighted_loss: 0.0045, label: 1, bag_size: 4365
batch 219, loss: 0.0000, instance_loss: 0.0003, weighted_loss: 0.0001, label: 1, bag_size: 4492
batch 239, loss: 0.0010, instance_loss: 0.0000, weighted_loss: 0.0007, label: 1, bag_size: 5082
batch 259, loss: 0.0018, instance_loss: 0.0000, weighted_loss: 0.0013, label: 1, bag_size: 4760
batch 279, loss: 0.0050, instance_loss: 0.0000, weighted_loss: 0.0035, label: 1, bag_size: 13646
batch 299, loss: 0.0079, instance_loss: 0.0000, weighted_loss: 0.0056, label: 0, bag_size: 4324
batch 319, loss: 0.0002, instance_loss: 0.0016, weighted_loss: 0.0006, label: 0, bag_size: 3440
batch 339, loss: 0.0032, instance_loss: 0.0000, weighted_loss: 0.0022, label: 1, bag_size: 4516
batch 359, loss: 0.0002, instance_loss: 0.0009, weighted_loss: 0.0004, label: 0, bag_size: 24236
batch 379, loss: 0.0008, instance_loss: 0.0000, weighted_loss: 0.0005, label: 1, bag_size: 13646
batch 399, loss: 0.0000, instance_loss: 0.0000, weighted_loss: 0.0000, label: 0, bag_size: 17864
batch 419, loss: 0.0000, instance_loss: 0.0000, weighted_loss: 0.0000, label: 0, bag_size: 3840
batch 439, loss: 0.0003, instance_loss: 0.0000, weighted_loss: 0.0002, label: 0, bag_size: 6712
batch 459, loss: 0.0001, instance_loss: 0.0008, weighted_loss: 0.0003, label: 0, bag_size: 2651
batch 479, loss: 0.0003, instance_loss: 0.0003, weighted_loss: 0.0003, label: 0, bag_size: 2755
batch 499, loss: 0.0003, instance_loss: 0.0000, weighted_loss: 0.0002, label: 0, bag_size: 13958
batch 519, loss: 0.0003, instance_loss: 0.0000, weighted_loss: 0.0002, label: 1, bag_size: 6812
batch 539, loss: 0.0000, instance_loss: 0.0002, weighted_loss: 0.0001, label: 0, bag_size: 8595
batch 559, loss: 0.0001, instance_loss: 0.0000, weighted_loss: 0.0001, label: 0, bag_size: 5164
batch 579, loss: 0.0184, instance_loss: 0.0002, weighted_loss: 0.0130, label: 1, bag_size: 21609
batch 599, loss: 0.0000, instance_loss: 0.0002, weighted_loss: 0.0001, label: 0, bag_size: 3088
batch 619, loss: 0.0100, instance_loss: 0.0000, weighted_loss: 0.0070, label: 1, bag_size: 4276
batch 639, loss: 0.0070, instance_loss: 0.0000, weighted_loss: 0.0049, label: 1, bag_size: 10371
batch 659, loss: 0.0031, instance_loss: 0.0000, weighted_loss: 0.0022, label: 1, bag_size: 8663
batch 679, loss: 0.0004, instance_loss: 0.0000, weighted_loss: 0.0003, label: 1, bag_size: 22871
batch 699, loss: 0.0015, instance_loss: 0.0002, weighted_loss: 0.0011, label: 1, bag_size: 7879
batch 719, loss: 0.0002, instance_loss: 0.0000, weighted_loss: 0.0002, label: 0, bag_size: 16785
batch 739, loss: 0.0001, instance_loss: 0.0000, weighted_loss: 0.0001, label: 0, bag_size: 17312
batch 759, loss: 0.0019, instance_loss: 0.0000, weighted_loss: 0.0013, label: 1, bag_size: 12989
batch 779, loss: 0.0000, instance_loss: 0.0000, weighted_loss: 0.0000, label: 0, bag_size: 2732
batch 799, loss: 0.0001, instance_loss: 0.0000, weighted_loss: 0.0000, label: 0, bag_size: 3969
batch 819, loss: 0.0000, instance_loss: 0.0000, weighted_loss: 0.0000, label: 0, bag_size: 14240
batch 839, loss: 0.0043, instance_loss: 0.0012, weighted_loss: 0.0033, label: 1, bag_size: 21952


class 0 clustering acc 1.0: correct 6832/6832
class 1 clustering acc 1.0: correct 6832/6832
Epoch: 8, train_loss: 0.0280, train_clustering_loss:  0.0007, train_error: 0.0105
class 0: acc 0.9856115107913669, correct 411/417
class 1: acc 0.9931350114416476, correct 434/437

Val Set, val_loss: 0.5739, val_error: 0.1027, auc: 0.7059
class 0 clustering acc 1.0: correct 1792/1792
class 1 clustering acc 1.0: correct 1792/1792
class 0: acc 0.9521531100478469, correct 199/209
class 1: acc 0.13333333333333333, correct 2/15
EarlyStopping counter: 2 out of 10


batch 19, loss: 0.0000, instance_loss: 0.0000, weighted_loss: 0.0000, label: 0, bag_size: 15090
batch 39, loss: 0.0067, instance_loss: 0.0000, weighted_loss: 0.0047, label: 0, bag_size: 3019
batch 59, loss: 0.0000, instance_loss: 0.0035, weighted_loss: 0.0011, label: 0, bag_size: 1290
batch 79, loss: 0.0001, instance_loss: 0.0000, weighted_loss: 0.0000, label: 1, bag_size: 13571
batch 99, loss: 0.0028, instance_loss: 0.0000, weighted_loss: 0.0019, label: 1, bag_size: 21609
batch 119, loss: 0.0000, instance_loss: 0.0000, weighted_loss: 0.0000, label: 0, bag_size: 14873
batch 139, loss: 0.0001, instance_loss: 0.0003, weighted_loss: 0.0001, label: 0, bag_size: 3205
batch 159, loss: 0.0033, instance_loss: 0.0000, weighted_loss: 0.0023, label: 0, bag_size: 3314
batch 179, loss: 0.0016, instance_loss: 0.0000, weighted_loss: 0.0011, label: 1, bag_size: 10371
batch 199, loss: 0.0000, instance_loss: 0.0000, weighted_loss: 0.0000, label: 0, bag_size: 15365
batch 219, loss: 0.0014, instance_loss: 0.0000, weighted_loss: 0.0010, label: 1, bag_size: 10371
batch 239, loss: 0.0105, instance_loss: 0.0005, weighted_loss: 0.0075, label: 1, bag_size: 18621
batch 259, loss: 0.0001, instance_loss: 0.0000, weighted_loss: 0.0001, label: 1, bag_size: 13646
batch 279, loss: 0.0001, instance_loss: 0.0000, weighted_loss: 0.0000, label: 1, bag_size: 13571
batch 299, loss: 0.0000, instance_loss: 0.0000, weighted_loss: 0.0000, label: 0, bag_size: 2381
batch 319, loss: 0.0000, instance_loss: 0.0000, weighted_loss: 0.0000, label: 0, bag_size: 16798
batch 339, loss: 0.0000, instance_loss: 0.0000, weighted_loss: 0.0000, label: 0, bag_size: 17312
batch 359, loss: 0.0000, instance_loss: 0.0000, weighted_loss: 0.0000, label: 0, bag_size: 18431
batch 379, loss: 0.0005, instance_loss: 0.0000, weighted_loss: 0.0004, label: 1, bag_size: 6812
batch 399, loss: 0.0000, instance_loss: 0.0000, weighted_loss: 0.0000, label: 0, bag_size: 5599
batch 419, loss: 0.0000, instance_loss: 0.0000, weighted_loss: 0.0000, label: 1, bag_size: 4492
batch 439, loss: 0.0000, instance_loss: 0.0000, weighted_loss: 0.0000, label: 0, bag_size: 7722
batch 459, loss: 0.0000, instance_loss: 0.0000, weighted_loss: 0.0000, label: 0, bag_size: 1956
batch 479, loss: 0.0003, instance_loss: 0.0002, weighted_loss: 0.0003, label: 0, bag_size: 1333
batch 499, loss: 0.0002, instance_loss: 0.0010, weighted_loss: 0.0004, label: 0, bag_size: 4012
batch 519, loss: 0.0000, instance_loss: 0.0004, weighted_loss: 0.0001, label: 0, bag_size: 4852
batch 539, loss: 0.0000, instance_loss: 0.0002, weighted_loss: 0.0001, label: 0, bag_size: 6563
batch 559, loss: 0.0006, instance_loss: 0.0000, weighted_loss: 0.0004, label: 1, bag_size: 6344
batch 579, loss: 0.0001, instance_loss: 0.0000, weighted_loss: 0.0001, label: 1, bag_size: 6812
batch 599, loss: 0.0001, instance_loss: 0.0000, weighted_loss: 0.0000, label: 1, bag_size: 6023
batch 619, loss: 0.0008, instance_loss: 0.0000, weighted_loss: 0.0006, label: 1, bag_size: 8663
batch 639, loss: 0.0044, instance_loss: 0.0000, weighted_loss: 0.0031, label: 1, bag_size: 5082
batch 659, loss: 0.0001, instance_loss: 0.0000, weighted_loss: 0.0001, label: 0, bag_size: 2864
batch 679, loss: 0.0000, instance_loss: 0.0000, weighted_loss: 0.0000, label: 0, bag_size: 1956
batch 699, loss: 0.0001, instance_loss: 0.0000, weighted_loss: 0.0001, label: 0, bag_size: 6114
batch 719, loss: 0.0001, instance_loss: 0.0003, weighted_loss: 0.0002, label: 0, bag_size: 2736
batch 739, loss: 0.0000, instance_loss: 0.0010, weighted_loss: 0.0003, label: 0, bag_size: 2586
batch 759, loss: 0.0000, instance_loss: 0.0000, weighted_loss: 0.0000, label: 0, bag_size: 1970
batch 779, loss: 0.0001, instance_loss: 0.0000, weighted_loss: 0.0000, label: 1, bag_size: 13571
batch 799, loss: 0.0543, instance_loss: 0.0000, weighted_loss: 0.0380, label: 1, bag_size: 6344
batch 819, loss: 0.0001, instance_loss: 0.0000, weighted_loss: 0.0001, label: 0, bag_size: 13991
batch 839, loss: 3.8505, instance_loss: 0.0000, weighted_loss: 2.6953, label: 0, bag_size: 3365


class 0 clustering acc 1.0: correct 6832/6832
class 1 clustering acc 1.0: correct 6832/6832
Epoch: 9, train_loss: 0.0234, train_clustering_loss:  0.0003, train_error: 0.0105
class 0: acc 0.9858823529411764, correct 419/425
class 1: acc 0.993006993006993, correct 426/429

Val Set, val_loss: 0.6990, val_error: 0.1027, auc: 0.6711
class 0 clustering acc 1.0: correct 1792/1792
class 1 clustering acc 1.0: correct 1792/1792
class 0: acc 0.9617224880382775, correct 201/209
class 1: acc 0.0, correct 0/15
EarlyStopping counter: 3 out of 10


batch 19, loss: 0.0009, instance_loss: 0.0000, weighted_loss: 0.0006, label: 1, bag_size: 3354
batch 39, loss: 0.0001, instance_loss: 0.0000, weighted_loss: 0.0000, label: 0, bag_size: 18625
batch 59, loss: 0.0000, instance_loss: 0.0000, weighted_loss: 0.0000, label: 0, bag_size: 3857
batch 79, loss: 0.0000, instance_loss: 0.0000, weighted_loss: 0.0000, label: 1, bag_size: 3024
batch 99, loss: 0.0000, instance_loss: 0.0000, weighted_loss: 0.0000, label: 0, bag_size: 4256
batch 119, loss: 0.0000, instance_loss: 0.0000, weighted_loss: 0.0000, label: 0, bag_size: 4760
batch 139, loss: 0.0817, instance_loss: 0.0000, weighted_loss: 0.0572, label: 0, bag_size: 20621
batch 159, loss: 0.0025, instance_loss: 0.0002, weighted_loss: 0.0018, label: 0, bag_size: 1744
batch 179, loss: 0.0224, instance_loss: 0.0000, weighted_loss: 0.0157, label: 0, bag_size: 1979
batch 199, loss: 0.0252, instance_loss: 0.0000, weighted_loss: 0.0177, label: 1, bag_size: 3354
batch 219, loss: 0.0000, instance_loss: 0.0004, weighted_loss: 0.0001, label: 0, bag_size: 17592
batch 239, loss: 0.0000, instance_loss: 0.0000, weighted_loss: 0.0000, label: 0, bag_size: 4088
batch 259, loss: 0.1003, instance_loss: 0.0000, weighted_loss: 0.0702, label: 1, bag_size: 6344
batch 279, loss: 0.0000, instance_loss: 0.0000, weighted_loss: 0.0000, label: 0, bag_size: 14900
batch 299, loss: 0.0000, instance_loss: 0.0000, weighted_loss: 0.0000, label: 0, bag_size: 5661
batch 319, loss: 0.0002, instance_loss: 0.0000, weighted_loss: 0.0001, label: 1, bag_size: 9833
batch 339, loss: 0.0011, instance_loss: 0.0000, weighted_loss: 0.0008, label: 1, bag_size: 13571
batch 359, loss: 0.0000, instance_loss: 0.0000, weighted_loss: 0.0000, label: 1, bag_size: 5828
batch 379, loss: 0.0011, instance_loss: 0.0000, weighted_loss: 0.0007, label: 1, bag_size: 5956
batch 399, loss: 0.0000, instance_loss: 0.0000, weighted_loss: 0.0000, label: 0, bag_size: 3229
batch 419, loss: 0.0000, instance_loss: 0.0000, weighted_loss: 0.0000, label: 0, bag_size: 9848
batch 439, loss: 0.0001, instance_loss: 0.0000, weighted_loss: 0.0001, label: 1, bag_size: 9833
batch 459, loss: 0.0000, instance_loss: 0.0000, weighted_loss: 0.0000, label: 0, bag_size: 1956
batch 479, loss: 0.0000, instance_loss: 0.0000, weighted_loss: 0.0000, label: 0, bag_size: 3673
batch 499, loss: 0.0009, instance_loss: 0.0000, weighted_loss: 0.0006, label: 1, bag_size: 7733
batch 519, loss: 0.0007, instance_loss: 0.0000, weighted_loss: 0.0005, label: 1, bag_size: 7733
batch 539, loss: 0.0003, instance_loss: 0.0000, weighted_loss: 0.0002, label: 1, bag_size: 4516
batch 559, loss: 0.0015, instance_loss: 0.0000, weighted_loss: 0.0010, label: 1, bag_size: 10180
batch 579, loss: 0.0000, instance_loss: 0.0000, weighted_loss: 0.0000, label: 0, bag_size: 14713
batch 599, loss: 0.0068, instance_loss: 0.0000, weighted_loss: 0.0047, label: 1, bag_size: 21952
batch 619, loss: 0.0215, instance_loss: 0.0189, weighted_loss: 0.0207, label: 1, bag_size: 1140
batch 639, loss: 0.0135, instance_loss: 0.0000, weighted_loss: 0.0094, label: 1, bag_size: 14318
batch 659, loss: 0.0001, instance_loss: 0.0000, weighted_loss: 0.0001, label: 0, bag_size: 15501
batch 679, loss: 0.0277, instance_loss: 0.0000, weighted_loss: 0.0194, label: 1, bag_size: 18621
batch 699, loss: 0.0004, instance_loss: 0.0010, weighted_loss: 0.0006, label: 1, bag_size: 4492
batch 719, loss: 0.0004, instance_loss: 0.0000, weighted_loss: 0.0003, label: 1, bag_size: 5137
batch 739, loss: 0.0000, instance_loss: 0.0000, weighted_loss: 0.0000, label: 0, bag_size: 3380
batch 759, loss: 0.0001, instance_loss: 0.0000, weighted_loss: 0.0001, label: 1, bag_size: 7879
batch 779, loss: 0.0004, instance_loss: 0.0000, weighted_loss: 0.0003, label: 0, bag_size: 2297
batch 799, loss: 0.0039, instance_loss: 0.0039, weighted_loss: 0.0039, label: 0, bag_size: 1322
batch 819, loss: 0.0011, instance_loss: 0.0000, weighted_loss: 0.0007, label: 1, bag_size: 10180
batch 839, loss: 0.0057, instance_loss: 0.0136, weighted_loss: 0.0081, label: 1, bag_size: 1140


class 0 clustering acc 1.0: correct 6832/6832
class 1 clustering acc 1.0: correct 6832/6832
Epoch: 10, train_loss: 0.0236, train_clustering_loss:  0.0006, train_error: 0.0094
class 0: acc 0.9880952380952381, correct 415/420
class 1: acc 0.9930875576036866, correct 431/434

Val Set, val_loss: 0.6707, val_error: 0.1027, auc: 0.6912
class 0 clustering acc 1.0: correct 1792/1792
class 1 clustering acc 1.0: correct 1792/1792
class 0: acc 0.9617224880382775, correct 201/209
class 1: acc 0.0, correct 0/15
EarlyStopping counter: 4 out of 10


batch 19, loss: 0.0007, instance_loss: 0.0008, weighted_loss: 0.0007, label: 1, bag_size: 3411
batch 39, loss: 0.0000, instance_loss: 0.0000, weighted_loss: 0.0000, label: 0, bag_size: 14032
batch 59, loss: 0.0003, instance_loss: 0.0000, weighted_loss: 0.0002, label: 1, bag_size: 9833
batch 79, loss: 0.0001, instance_loss: 0.0000, weighted_loss: 0.0000, label: 0, bag_size: 20347
batch 99, loss: 0.0000, instance_loss: 0.0000, weighted_loss: 0.0000, label: 0, bag_size: 3681
batch 119, loss: 0.0001, instance_loss: 0.0000, weighted_loss: 0.0001, label: 1, bag_size: 13571
batch 139, loss: 0.0000, instance_loss: 0.0000, weighted_loss: 0.0000, label: 0, bag_size: 3129
batch 159, loss: 0.0009, instance_loss: 0.0000, weighted_loss: 0.0007, label: 1, bag_size: 3354
batch 179, loss: 0.0003, instance_loss: 0.0003, weighted_loss: 0.0003, label: 0, bag_size: 10277
batch 199, loss: 0.0000, instance_loss: 0.0000, weighted_loss: 0.0000, label: 0, bag_size: 17334
batch 219, loss: 0.0005, instance_loss: 0.0000, weighted_loss: 0.0004, label: 1, bag_size: 10371
batch 239, loss: 0.0001, instance_loss: 0.0000, weighted_loss: 0.0001, label: 1, bag_size: 6812
batch 259, loss: 0.0005, instance_loss: 0.0000, weighted_loss: 0.0004, label: 1, bag_size: 4516
batch 279, loss: 0.0017, instance_loss: 0.0000, weighted_loss: 0.0012, label: 0, bag_size: 23088
batch 299, loss: 0.0001, instance_loss: 0.0000, weighted_loss: 0.0001, label: 0, bag_size: 4544
batch 319, loss: 0.0003, instance_loss: 0.0000, weighted_loss: 0.0002, label: 1, bag_size: 10180
batch 339, loss: 0.0000, instance_loss: 0.0000, weighted_loss: 0.0000, label: 0, bag_size: 3607
batch 359, loss: 0.0001, instance_loss: 0.0000, weighted_loss: 0.0000, label: 0, bag_size: 3230
batch 379, loss: 0.0015, instance_loss: 0.0000, weighted_loss: 0.0010, label: 1, bag_size: 6812
batch 399, loss: 0.0000, instance_loss: 0.0000, weighted_loss: 0.0000, label: 1, bag_size: 13646
batch 419, loss: 0.0060, instance_loss: 0.0012, weighted_loss: 0.0046, label: 1, bag_size: 1140
batch 439, loss: 0.0011, instance_loss: 0.0043, weighted_loss: 0.0021, label: 1, bag_size: 4492
batch 459, loss: 0.0000, instance_loss: 0.0004, weighted_loss: 0.0001, label: 1, bag_size: 3024
batch 479, loss: 0.0002, instance_loss: 0.0000, weighted_loss: 0.0001, label: 1, bag_size: 6812
batch 499, loss: 0.0000, instance_loss: 0.0000, weighted_loss: 0.0000, label: 0, bag_size: 41019
batch 519, loss: 0.0008, instance_loss: 0.0000, weighted_loss: 0.0006, label: 1, bag_size: 10180
batch 539, loss: 0.0027, instance_loss: 0.0000, weighted_loss: 0.0019, label: 1, bag_size: 21952
batch 559, loss: 0.0000, instance_loss: 0.0000, weighted_loss: 0.0000, label: 0, bag_size: 23465
batch 579, loss: 0.0001, instance_loss: 0.0000, weighted_loss: 0.0001, label: 1, bag_size: 7879
batch 599, loss: 0.0001, instance_loss: 0.0000, weighted_loss: 0.0001, label: 0, bag_size: 5542
batch 619, loss: 0.0000, instance_loss: 0.0000, weighted_loss: 0.0000, label: 0, bag_size: 16854
batch 639, loss: 0.0003, instance_loss: 0.0006, weighted_loss: 0.0003, label: 1, bag_size: 5828
batch 659, loss: 0.0000, instance_loss: 0.0000, weighted_loss: 0.0000, label: 0, bag_size: 6157
batch 679, loss: 0.0001, instance_loss: 0.0000, weighted_loss: 0.0001, label: 0, bag_size: 3774
batch 699, loss: 0.0002, instance_loss: 0.0000, weighted_loss: 0.0001, label: 0, bag_size: 14227
batch 719, loss: 0.0051, instance_loss: 0.0000, weighted_loss: 0.0036, label: 1, bag_size: 5082
batch 739, loss: 0.0001, instance_loss: 0.0000, weighted_loss: 0.0001, label: 0, bag_size: 4197
batch 759, loss: 0.0030, instance_loss: 0.0000, weighted_loss: 0.0021, label: 1, bag_size: 21952
batch 779, loss: 0.0000, instance_loss: 0.0000, weighted_loss: 0.0000, label: 0, bag_size: 10950
batch 799, loss: 0.0010, instance_loss: 0.0000, weighted_loss: 0.0007, label: 0, bag_size: 2809
batch 819, loss: 0.0083, instance_loss: 0.0000, weighted_loss: 0.0058, label: 0, bag_size: 14901
batch 839, loss: 0.0000, instance_loss: 0.0033, weighted_loss: 0.0010, label: 0, bag_size: 1072


class 0 clustering acc 1.0: correct 6832/6832
class 1 clustering acc 1.0: correct 6832/6832
Epoch: 11, train_loss: 0.0268, train_clustering_loss:  0.0004, train_error: 0.0059
class 0: acc 0.9930555555555556, correct 429/432
class 1: acc 0.995260663507109, correct 420/422

Val Set, val_loss: 0.7174, val_error: 0.0982, auc: 0.6628
class 0 clustering acc 1.0: correct 1792/1792
class 1 clustering acc 1.0: correct 1792/1792
class 0: acc 0.9665071770334929, correct 202/209
class 1: acc 0.0, correct 0/15
EarlyStopping counter: 5 out of 10


batch 19, loss: 0.0000, instance_loss: 0.0000, weighted_loss: 0.0000, label: 0, bag_size: 2651
batch 39, loss: 0.0000, instance_loss: 0.0000, weighted_loss: 0.0000, label: 1, bag_size: 5082
batch 59, loss: 0.0001, instance_loss: 0.0000, weighted_loss: 0.0001, label: 0, bag_size: 1834
batch 79, loss: 0.0003, instance_loss: 0.0000, weighted_loss: 0.0002, label: 0, bag_size: 20807
batch 99, loss: 0.0000, instance_loss: 0.0016, weighted_loss: 0.0005, label: 0, bag_size: 6699
batch 119, loss: 0.0000, instance_loss: 0.0000, weighted_loss: 0.0000, label: 0, bag_size: 3880
batch 139, loss: 0.0009, instance_loss: 0.0000, weighted_loss: 0.0006, label: 1, bag_size: 10180
batch 159, loss: 0.0015, instance_loss: 0.0000, weighted_loss: 0.0011, label: 1, bag_size: 4276
batch 179, loss: 0.0007, instance_loss: 0.0000, weighted_loss: 0.0005, label: 1, bag_size: 5956
batch 199, loss: 0.0000, instance_loss: 0.0002, weighted_loss: 0.0001, label: 1, bag_size: 3024
batch 219, loss: 0.0002, instance_loss: 0.0006, weighted_loss: 0.0003, label: 1, bag_size: 3411
batch 239, loss: 0.0003, instance_loss: 0.0000, weighted_loss: 0.0002, label: 1, bag_size: 21952
batch 259, loss: 0.0000, instance_loss: 0.0000, weighted_loss: 0.0000, label: 0, bag_size: 9214
batch 279, loss: 0.0001, instance_loss: 0.0000, weighted_loss: 0.0000, label: 1, bag_size: 13571
batch 299, loss: 0.0000, instance_loss: 0.0000, weighted_loss: 0.0000, label: 0, bag_size: 3088
batch 319, loss: 0.0000, instance_loss: 0.0000, weighted_loss: 0.0000, label: 0, bag_size: 13621
batch 339, loss: 0.0000, instance_loss: 0.0000, weighted_loss: 0.0000, label: 1, bag_size: 13646
batch 359, loss: 0.0000, instance_loss: 0.0000, weighted_loss: 0.0000, label: 0, bag_size: 2402
batch 379, loss: 0.0001, instance_loss: 0.0000, weighted_loss: 0.0001, label: 1, bag_size: 7879
batch 399, loss: 0.0001, instance_loss: 0.0003, weighted_loss: 0.0002, label: 1, bag_size: 3411
batch 419, loss: 0.0000, instance_loss: 0.0048, weighted_loss: 0.0014, label: 0, bag_size: 2505
batch 439, loss: 0.0001, instance_loss: 0.0000, weighted_loss: 0.0001, label: 1, bag_size: 6812
batch 459, loss: 0.0000, instance_loss: 0.0000, weighted_loss: 0.0000, label: 1, bag_size: 13646
batch 479, loss: 0.0000, instance_loss: 0.0000, weighted_loss: 0.0000, label: 0, bag_size: 13341
batch 499, loss: 0.0000, instance_loss: 0.0000, weighted_loss: 0.0000, label: 1, bag_size: 22871
batch 519, loss: 0.0000, instance_loss: 0.0005, weighted_loss: 0.0002, label: 0, bag_size: 16717
batch 539, loss: 0.0000, instance_loss: 0.0002, weighted_loss: 0.0001, label: 0, bag_size: 5204
batch 559, loss: 0.0001, instance_loss: 0.0000, weighted_loss: 0.0001, label: 1, bag_size: 10371
batch 579, loss: 0.0002, instance_loss: 0.0000, weighted_loss: 0.0001, label: 1, bag_size: 21952
batch 599, loss: 0.0033, instance_loss: 0.0000, weighted_loss: 0.0023, label: 1, bag_size: 5906
batch 619, loss: 0.0014, instance_loss: 0.0000, weighted_loss: 0.0009, label: 0, bag_size: 4633
batch 639, loss: 0.0023, instance_loss: 0.0000, weighted_loss: 0.0016, label: 0, bag_size: 14492
batch 659, loss: 0.0003, instance_loss: 0.0000, weighted_loss: 0.0002, label: 0, bag_size: 7560
batch 679, loss: 0.0020, instance_loss: 0.0013, weighted_loss: 0.0018, label: 1, bag_size: 1140
batch 699, loss: 0.0009, instance_loss: 0.0000, weighted_loss: 0.0006, label: 1, bag_size: 5137
batch 719, loss: 4.0136, instance_loss: 0.0006, weighted_loss: 2.8097, label: 0, bag_size: 1414
batch 739, loss: 0.0003, instance_loss: 0.0000, weighted_loss: 0.0002, label: 1, bag_size: 3354
batch 759, loss: 0.0733, instance_loss: 0.0000, weighted_loss: 0.0513, label: 1, bag_size: 6812
batch 779, loss: 0.0001, instance_loss: 0.0000, weighted_loss: 0.0000, label: 1, bag_size: 4516
batch 799, loss: 0.0005, instance_loss: 0.0000, weighted_loss: 0.0003, label: 0, bag_size: 8158
batch 819, loss: 0.0002, instance_loss: 0.0000, weighted_loss: 0.0001, label: 0, bag_size: 9214
batch 839, loss: 0.0033, instance_loss: 0.0000, weighted_loss: 0.0023, label: 1, bag_size: 7879


class 0 clustering acc 1.0: correct 6832/6832
class 1 clustering acc 1.0: correct 6832/6832
Epoch: 12, train_loss: 0.0420, train_clustering_loss:  0.0004, train_error: 0.0105
class 0: acc 0.9910714285714286, correct 444/448
class 1: acc 0.9876847290640394, correct 401/406

Val Set, val_loss: 0.5903, val_error: 0.1250, auc: 0.6226
class 0 clustering acc 1.0: correct 1792/1792
class 1 clustering acc 1.0: correct 1792/1792
class 0: acc 0.937799043062201, correct 196/209
class 1: acc 0.0, correct 0/15
EarlyStopping counter: 6 out of 10


batch 19, loss: 0.0017, instance_loss: 0.0002, weighted_loss: 0.0012, label: 1, bag_size: 18621
batch 39, loss: 0.0001, instance_loss: 0.0000, weighted_loss: 0.0001, label: 0, bag_size: 3257
batch 59, loss: 0.8928, instance_loss: 0.0000, weighted_loss: 0.6250, label: 0, bag_size: 2352
batch 79, loss: 0.0000, instance_loss: 0.0000, weighted_loss: 0.0000, label: 0, bag_size: 14779
batch 99, loss: 0.0002, instance_loss: 0.0067, weighted_loss: 0.0022, label: 0, bag_size: 1964
batch 119, loss: 0.0005, instance_loss: 0.0000, weighted_loss: 0.0004, label: 1, bag_size: 7733
batch 139, loss: 0.0001, instance_loss: 0.0003, weighted_loss: 0.0002, label: 1, bag_size: 13646
batch 159, loss: 0.0002, instance_loss: 0.0000, weighted_loss: 0.0002, label: 1, bag_size: 6812
batch 179, loss: 0.0000, instance_loss: 0.0000, weighted_loss: 0.0000, label: 0, bag_size: 2864
batch 199, loss: 0.0035, instance_loss: 0.0000, weighted_loss: 0.0025, label: 0, bag_size: 15687
batch 219, loss: 0.0049, instance_loss: 0.0000, weighted_loss: 0.0034, label: 1, bag_size: 21952
batch 239, loss: 0.0000, instance_loss: 0.0000, weighted_loss: 0.0000, label: 0, bag_size: 10759
batch 259, loss: 0.0119, instance_loss: 0.0043, weighted_loss: 0.0096, label: 0, bag_size: 17682
batch 279, loss: 0.0002, instance_loss: 0.0000, weighted_loss: 0.0002, label: 1, bag_size: 22871
batch 299, loss: 0.0001, instance_loss: 0.0000, weighted_loss: 0.0000, label: 0, bag_size: 5128
batch 319, loss: 0.0003, instance_loss: 0.0000, weighted_loss: 0.0002, label: 0, bag_size: 1977
batch 339, loss: 0.0017, instance_loss: 0.0006, weighted_loss: 0.0014, label: 1, bag_size: 12989
batch 359, loss: 0.0000, instance_loss: 0.0000, weighted_loss: 0.0000, label: 0, bag_size: 6485
batch 379, loss: 0.0000, instance_loss: 0.0000, weighted_loss: 0.0000, label: 0, bag_size: 3725
batch 399, loss: 0.0246, instance_loss: 0.0000, weighted_loss: 0.0172, label: 1, bag_size: 5906
batch 419, loss: 0.0000, instance_loss: 0.0000, weighted_loss: 0.0000, label: 0, bag_size: 5268
batch 439, loss: 0.0000, instance_loss: 0.0000, weighted_loss: 0.0000, label: 0, bag_size: 16288
batch 459, loss: 0.0020, instance_loss: 0.0000, weighted_loss: 0.0014, label: 1, bag_size: 5906
batch 479, loss: 0.0000, instance_loss: 0.0000, weighted_loss: 0.0000, label: 1, bag_size: 3354
batch 499, loss: 0.0009, instance_loss: 0.0000, weighted_loss: 0.0006, label: 1, bag_size: 7733
batch 519, loss: 0.0017, instance_loss: 0.0000, weighted_loss: 0.0012, label: 1, bag_size: 10180
batch 539, loss: 0.0000, instance_loss: 0.0000, weighted_loss: 0.0000, label: 0, bag_size: 10381
batch 559, loss: 0.0000, instance_loss: 0.0000, weighted_loss: 0.0000, label: 0, bag_size: 6778
batch 579, loss: 0.0006, instance_loss: 0.0000, weighted_loss: 0.0004, label: 1, bag_size: 9833
batch 599, loss: 0.0000, instance_loss: 0.0000, weighted_loss: 0.0000, label: 0, bag_size: 2976
batch 619, loss: 0.0026, instance_loss: 0.0000, weighted_loss: 0.0018, label: 1, bag_size: 14318
batch 639, loss: 0.0023, instance_loss: 0.0000, weighted_loss: 0.0016, label: 1, bag_size: 14318
batch 659, loss: 0.0000, instance_loss: 0.0000, weighted_loss: 0.0000, label: 0, bag_size: 23729
batch 679, loss: 0.0062, instance_loss: 0.0000, weighted_loss: 0.0044, label: 1, bag_size: 13571
batch 699, loss: 0.0000, instance_loss: 0.0000, weighted_loss: 0.0000, label: 0, bag_size: 17284
batch 719, loss: 0.0002, instance_loss: 0.0000, weighted_loss: 0.0001, label: 1, bag_size: 6812
batch 739, loss: 0.0000, instance_loss: 0.0002, weighted_loss: 0.0001, label: 1, bag_size: 13646
batch 759, loss: 0.0000, instance_loss: 0.0000, weighted_loss: 0.0000, label: 1, bag_size: 13646
batch 779, loss: 0.0000, instance_loss: 0.0000, weighted_loss: 0.0000, label: 0, bag_size: 17371
batch 799, loss: 0.0008, instance_loss: 0.0000, weighted_loss: 0.0006, label: 1, bag_size: 10180
batch 819, loss: 0.0002, instance_loss: 0.0000, weighted_loss: 0.0001, label: 1, bag_size: 7733
batch 839, loss: 0.0000, instance_loss: 0.0000, weighted_loss: 0.0000, label: 0, bag_size: 15253


class 0 clustering acc 1.0: correct 6832/6832
class 1 clustering acc 0.9995608899297423: correct 6829/6832
Epoch: 13, train_loss: 0.0180, train_clustering_loss:  0.0012, train_error: 0.0070
class 0: acc 0.9908466819221968, correct 433/437
class 1: acc 0.9952038369304557, correct 415/417

Val Set, val_loss: 0.8324, val_error: 0.1205, auc: 0.6105
class 0 clustering acc 1.0: correct 1792/1792
class 1 clustering acc 1.0: correct 1792/1792
class 0: acc 0.9425837320574163, correct 197/209
class 1: acc 0.0, correct 0/15
EarlyStopping counter: 7 out of 10


batch 19, loss: 0.0000, instance_loss: 0.0000, weighted_loss: 0.0000, label: 0, bag_size: 1865
batch 39, loss: 0.0004, instance_loss: 0.0000, weighted_loss: 0.0003, label: 1, bag_size: 9833
batch 59, loss: 0.0002, instance_loss: 0.0000, weighted_loss: 0.0001, label: 1, bag_size: 21952
batch 79, loss: 0.0000, instance_loss: 0.0000, weighted_loss: 0.0000, label: 0, bag_size: 10033
batch 99, loss: 0.0005, instance_loss: 0.0000, weighted_loss: 0.0003, label: 1, bag_size: 10371
batch 119, loss: 0.0002, instance_loss: 0.0004, weighted_loss: 0.0003, label: 1, bag_size: 21952
batch 139, loss: 0.0000, instance_loss: 0.0000, weighted_loss: 0.0000, label: 0, bag_size: 14672
batch 159, loss: 0.0062, instance_loss: 0.0002, weighted_loss: 0.0044, label: 0, bag_size: 2023
batch 179, loss: 0.0000, instance_loss: 0.0000, weighted_loss: 0.0000, label: 0, bag_size: 4088
batch 199, loss: 0.0001, instance_loss: 0.0000, weighted_loss: 0.0001, label: 1, bag_size: 4276
batch 219, loss: 0.0002, instance_loss: 0.0013, weighted_loss: 0.0005, label: 0, bag_size: 893
batch 239, loss: 0.0180, instance_loss: 0.0004, weighted_loss: 0.0127, label: 0, bag_size: 2640
batch 259, loss: 0.0001, instance_loss: 0.0000, weighted_loss: 0.0001, label: 1, bag_size: 4276
batch 279, loss: 0.0012, instance_loss: 0.0000, weighted_loss: 0.0008, label: 1, bag_size: 4492
batch 299, loss: 0.0020, instance_loss: 0.0000, weighted_loss: 0.0014, label: 1, bag_size: 4563
batch 319, loss: 0.0000, instance_loss: 0.0000, weighted_loss: 0.0000, label: 0, bag_size: 20004
batch 339, loss: 0.0000, instance_loss: 0.0000, weighted_loss: 0.0000, label: 0, bag_size: 2439
batch 359, loss: 0.0000, instance_loss: 0.0000, weighted_loss: 0.0000, label: 0, bag_size: 2439
batch 379, loss: 0.0000, instance_loss: 0.0000, weighted_loss: 0.0000, label: 0, bag_size: 16964
batch 399, loss: 0.0000, instance_loss: 0.0000, weighted_loss: 0.0000, label: 0, bag_size: 1598
batch 419, loss: 0.0012, instance_loss: 0.0000, weighted_loss: 0.0008, label: 1, bag_size: 5137
batch 439, loss: 0.0000, instance_loss: 0.0000, weighted_loss: 0.0000, label: 0, bag_size: 19793
batch 459, loss: 0.0002, instance_loss: 0.0000, weighted_loss: 0.0002, label: 1, bag_size: 4760
batch 479, loss: 0.0146, instance_loss: 0.0000, weighted_loss: 0.0102, label: 1, bag_size: 7733
batch 499, loss: 0.0000, instance_loss: 0.0000, weighted_loss: 0.0000, label: 0, bag_size: 9786
batch 519, loss: 0.0001, instance_loss: 0.0000, weighted_loss: 0.0001, label: 1, bag_size: 4760
batch 539, loss: 0.0000, instance_loss: 0.0000, weighted_loss: 0.0000, label: 0, bag_size: 17829
batch 559, loss: 0.0000, instance_loss: 0.0000, weighted_loss: 0.0000, label: 0, bag_size: 4471
batch 579, loss: 0.0026, instance_loss: 0.0000, weighted_loss: 0.0019, label: 1, bag_size: 10180
batch 599, loss: 0.0020, instance_loss: 0.0000, weighted_loss: 0.0014, label: 1, bag_size: 5906
batch 619, loss: 0.0001, instance_loss: 0.0000, weighted_loss: 0.0001, label: 1, bag_size: 13571
batch 639, loss: 0.0005, instance_loss: 0.0000, weighted_loss: 0.0003, label: 1, bag_size: 6344
batch 659, loss: 0.0005, instance_loss: 0.0000, weighted_loss: 0.0004, label: 1, bag_size: 6344
batch 679, loss: 0.0000, instance_loss: 0.0000, weighted_loss: 0.0000, label: 0, bag_size: 3520
batch 699, loss: 0.0000, instance_loss: 0.0000, weighted_loss: 0.0000, label: 1, bag_size: 22871
batch 719, loss: 0.0000, instance_loss: 0.0003, weighted_loss: 0.0001, label: 0, bag_size: 2530
batch 739, loss: 0.0000, instance_loss: 0.0000, weighted_loss: 0.0000, label: 1, bag_size: 3354
batch 759, loss: 0.0000, instance_loss: 0.0000, weighted_loss: 0.0000, label: 1, bag_size: 3354
batch 779, loss: 0.0016, instance_loss: 0.0000, weighted_loss: 0.0012, label: 1, bag_size: 14318
batch 799, loss: 0.0000, instance_loss: 0.0000, weighted_loss: 0.0000, label: 0, bag_size: 2269
batch 819, loss: 0.0000, instance_loss: 0.0000, weighted_loss: 0.0000, label: 0, bag_size: 10718
batch 839, loss: 0.0002, instance_loss: 0.0000, weighted_loss: 0.0002, label: 1, bag_size: 4516


class 0 clustering acc 1.0: correct 6832/6832
class 1 clustering acc 1.0: correct 6832/6832
Epoch: 14, train_loss: 0.0042, train_clustering_loss:  0.0002, train_error: 0.0023
class 0: acc 0.9977678571428571, correct 447/448
class 1: acc 0.9975369458128078, correct 405/406

Val Set, val_loss: 0.7378, val_error: 0.0938, auc: 0.6284
class 0 clustering acc 1.0: correct 1792/1792
class 1 clustering acc 1.0: correct 1792/1792
class 0: acc 0.9712918660287081, correct 203/209
class 1: acc 0.0, correct 0/15
EarlyStopping counter: 8 out of 10


batch 19, loss: 0.0000, instance_loss: 0.0000, weighted_loss: 0.0000, label: 1, bag_size: 5082
batch 39, loss: 0.0000, instance_loss: 0.0003, weighted_loss: 0.0001, label: 0, bag_size: 11819
batch 59, loss: 0.0000, instance_loss: 0.0000, weighted_loss: 0.0000, label: 0, bag_size: 1351
batch 79, loss: 0.0084, instance_loss: 0.0000, weighted_loss: 0.0058, label: 1, bag_size: 5906
batch 99, loss: 0.0000, instance_loss: 0.0000, weighted_loss: 0.0000, label: 0, bag_size: 11919
batch 119, loss: 0.0011, instance_loss: 0.0009, weighted_loss: 0.0010, label: 1, bag_size: 1140
batch 139, loss: 0.0011, instance_loss: 0.0000, weighted_loss: 0.0008, label: 1, bag_size: 4276
batch 159, loss: 0.0013, instance_loss: 0.0000, weighted_loss: 0.0009, label: 1, bag_size: 5137
batch 179, loss: 0.0000, instance_loss: 0.0000, weighted_loss: 0.0000, label: 0, bag_size: 8955
batch 199, loss: 0.0002, instance_loss: 0.0000, weighted_loss: 0.0001, label: 0, bag_size: 15821
batch 219, loss: 0.0009, instance_loss: 0.0003, weighted_loss: 0.0007, label: 1, bag_size: 18621
batch 239, loss: 0.0057, instance_loss: 0.0022, weighted_loss: 0.0047, label: 0, bag_size: 2692
batch 259, loss: 0.0017, instance_loss: 0.0000, weighted_loss: 0.0012, label: 1, bag_size: 5956
batch 279, loss: 0.0005, instance_loss: 0.0000, weighted_loss: 0.0003, label: 0, bag_size: 4299
batch 299, loss: 0.0002, instance_loss: 0.0000, weighted_loss: 0.0001, label: 0, bag_size: 2315
batch 319, loss: 0.0000, instance_loss: 0.0000, weighted_loss: 0.0000, label: 0, bag_size: 11672
batch 339, loss: 0.0000, instance_loss: 0.0000, weighted_loss: 0.0000, label: 1, bag_size: 13571
batch 359, loss: 0.0010, instance_loss: 0.0000, weighted_loss: 0.0007, label: 1, bag_size: 21609
batch 379, loss: 0.0000, instance_loss: 0.0000, weighted_loss: 0.0000, label: 0, bag_size: 10176
batch 399, loss: 0.0000, instance_loss: 0.0000, weighted_loss: 0.0000, label: 0, bag_size: 3673
batch 419, loss: 0.0022, instance_loss: 0.0000, weighted_loss: 0.0015, label: 1, bag_size: 5956
batch 439, loss: 0.0002, instance_loss: 0.0000, weighted_loss: 0.0001, label: 0, bag_size: 6399
batch 459, loss: 0.0000, instance_loss: 0.0000, weighted_loss: 0.0000, label: 1, bag_size: 7879
batch 479, loss: 0.0002, instance_loss: 0.0000, weighted_loss: 0.0001, label: 1, bag_size: 6344
batch 499, loss: 0.0000, instance_loss: 0.0000, weighted_loss: 0.0000, label: 1, bag_size: 4760
batch 519, loss: 0.0000, instance_loss: 0.0000, weighted_loss: 0.0000, label: 1, bag_size: 5082
batch 539, loss: 0.0000, instance_loss: 0.0000, weighted_loss: 0.0000, label: 0, bag_size: 13958
batch 559, loss: 0.0000, instance_loss: 0.0000, weighted_loss: 0.0000, label: 1, bag_size: 22871
batch 579, loss: 0.0000, instance_loss: 0.0000, weighted_loss: 0.0000, label: 0, bag_size: 1879
batch 599, loss: 0.0000, instance_loss: 0.0000, weighted_loss: 0.0000, label: 0, bag_size: 5740
batch 619, loss: 0.0000, instance_loss: 0.0000, weighted_loss: 0.0000, label: 0, bag_size: 3857
batch 639, loss: 0.0001, instance_loss: 0.0000, weighted_loss: 0.0001, label: 1, bag_size: 4563
batch 659, loss: 0.0004, instance_loss: 0.0000, weighted_loss: 0.0003, label: 1, bag_size: 12989
batch 679, loss: 0.0002, instance_loss: 0.0003, weighted_loss: 0.0002, label: 1, bag_size: 1140
batch 699, loss: 0.0007, instance_loss: 0.0000, weighted_loss: 0.0005, label: 1, bag_size: 4563
batch 719, loss: 0.0007, instance_loss: 0.0000, weighted_loss: 0.0005, label: 0, bag_size: 2297
batch 739, loss: 0.0005, instance_loss: 0.0000, weighted_loss: 0.0003, label: 1, bag_size: 10371
batch 759, loss: 0.0000, instance_loss: 0.0000, weighted_loss: 0.0000, label: 1, bag_size: 21952
batch 779, loss: 0.0000, instance_loss: 0.0000, weighted_loss: 0.0000, label: 0, bag_size: 12866
batch 799, loss: 0.0000, instance_loss: 0.0000, weighted_loss: 0.0000, label: 0, bag_size: 16641
batch 819, loss: 0.0010, instance_loss: 0.0000, weighted_loss: 0.0007, label: 1, bag_size: 5956
batch 839, loss: 0.0001, instance_loss: 0.0000, weighted_loss: 0.0001, label: 0, bag_size: 2076


class 0 clustering acc 1.0: correct 6832/6832
class 1 clustering acc 1.0: correct 6832/6832
Epoch: 15, train_loss: 0.0006, train_clustering_loss:  0.0003, train_error: 0.0000
class 0: acc 1.0, correct 431/431
class 1: acc 1.0, correct 423/423

Val Set, val_loss: 0.7918, val_error: 0.0938, auc: 0.6156
class 0 clustering acc 1.0: correct 1792/1792
class 1 clustering acc 1.0: correct 1792/1792
class 0: acc 0.9712918660287081, correct 203/209
class 1: acc 0.0, correct 0/15
EarlyStopping counter: 9 out of 10


batch 19, loss: 0.0000, instance_loss: 0.0000, weighted_loss: 0.0000, label: 0, bag_size: 1114
batch 39, loss: 0.0123, instance_loss: 0.0000, weighted_loss: 0.0086, label: 1, bag_size: 5137
batch 59, loss: 0.0002, instance_loss: 0.0000, weighted_loss: 0.0001, label: 0, bag_size: 5238
batch 79, loss: 0.0000, instance_loss: 0.0000, weighted_loss: 0.0000, label: 0, bag_size: 4320
batch 99, loss: 0.0000, instance_loss: 0.0000, weighted_loss: 0.0000, label: 0, bag_size: 3670
batch 119, loss: 0.0000, instance_loss: 0.0000, weighted_loss: 0.0000, label: 1, bag_size: 10371
batch 139, loss: 0.0090, instance_loss: 0.0000, weighted_loss: 0.0063, label: 0, bag_size: 8158
batch 159, loss: 0.0000, instance_loss: 0.0000, weighted_loss: 0.0000, label: 1, bag_size: 7879
batch 179, loss: 0.0000, instance_loss: 0.0000, weighted_loss: 0.0000, label: 1, bag_size: 21952
batch 199, loss: 0.0000, instance_loss: 0.0000, weighted_loss: 0.0000, label: 0, bag_size: 2573
batch 219, loss: 0.0009, instance_loss: 0.0000, weighted_loss: 0.0007, label: 1, bag_size: 10180
batch 239, loss: 0.0001, instance_loss: 0.0000, weighted_loss: 0.0000, label: 1, bag_size: 4516
batch 259, loss: 0.0000, instance_loss: 0.0000, weighted_loss: 0.0000, label: 1, bag_size: 4276
batch 279, loss: 0.0001, instance_loss: 0.0000, weighted_loss: 0.0000, label: 1, bag_size: 4276
batch 299, loss: 0.0009, instance_loss: 0.0000, weighted_loss: 0.0006, label: 1, bag_size: 3411
batch 319, loss: 0.0000, instance_loss: 0.0000, weighted_loss: 0.0000, label: 0, bag_size: 14056
batch 339, loss: 0.0004, instance_loss: 0.0000, weighted_loss: 0.0002, label: 0, bag_size: 25070
batch 359, loss: 0.0002, instance_loss: 0.0000, weighted_loss: 0.0001, label: 1, bag_size: 5906
batch 379, loss: 0.0010, instance_loss: 0.0000, weighted_loss: 0.0007, label: 1, bag_size: 5956
batch 399, loss: 0.0000, instance_loss: 0.0000, weighted_loss: 0.0000, label: 1, bag_size: 13571
batch 419, loss: 0.0007, instance_loss: 0.0000, weighted_loss: 0.0005, label: 1, bag_size: 5906
batch 439, loss: 0.0000, instance_loss: 0.0000, weighted_loss: 0.0000, label: 1, bag_size: 6812
batch 459, loss: 0.0000, instance_loss: 0.0000, weighted_loss: 0.0000, label: 0, bag_size: 5584
batch 479, loss: 0.0001, instance_loss: 0.0000, weighted_loss: 0.0001, label: 0, bag_size: 8728
batch 499, loss: 0.0012, instance_loss: 0.0000, weighted_loss: 0.0008, label: 1, bag_size: 14318
batch 519, loss: 0.0003, instance_loss: 0.0000, weighted_loss: 0.0002, label: 1, bag_size: 4563
batch 539, loss: 0.0000, instance_loss: 0.0000, weighted_loss: 0.0000, label: 1, bag_size: 5137
batch 559, loss: 0.0001, instance_loss: 0.0000, weighted_loss: 0.0000, label: 1, bag_size: 6812
batch 579, loss: 0.0001, instance_loss: 0.0000, weighted_loss: 0.0001, label: 1, bag_size: 6344
batch 599, loss: 0.0000, instance_loss: 0.0000, weighted_loss: 0.0000, label: 0, bag_size: 16717
batch 619, loss: 0.0005, instance_loss: 0.0000, weighted_loss: 0.0003, label: 1, bag_size: 4760
batch 639, loss: 0.0001, instance_loss: 0.0000, weighted_loss: 0.0001, label: 1, bag_size: 6344
batch 659, loss: 0.0000, instance_loss: 0.0000, weighted_loss: 0.0000, label: 0, bag_size: 3841
batch 679, loss: 0.0010, instance_loss: 0.0053, weighted_loss: 0.0023, label: 0, bag_size: 17682
batch 699, loss: 0.0000, instance_loss: 0.0007, weighted_loss: 0.0002, label: 1, bag_size: 3024
batch 719, loss: 0.0001, instance_loss: 0.0000, weighted_loss: 0.0001, label: 1, bag_size: 5828
batch 739, loss: 0.0002, instance_loss: 0.0000, weighted_loss: 0.0001, label: 0, bag_size: 9548
batch 759, loss: 0.0000, instance_loss: 0.0000, weighted_loss: 0.0000, label: 0, bag_size: 14182
batch 779, loss: 0.0087, instance_loss: 0.0000, weighted_loss: 0.0061, label: 0, bag_size: 17677
batch 799, loss: 0.0026, instance_loss: 0.0000, weighted_loss: 0.0018, label: 0, bag_size: 1865
batch 819, loss: 0.0000, instance_loss: 0.0000, weighted_loss: 0.0000, label: 0, bag_size: 17035
batch 839, loss: 0.0894, instance_loss: 0.0000, weighted_loss: 0.0626, label: 1, bag_size: 4492


class 0 clustering acc 1.0: correct 6832/6832
class 1 clustering acc 1.0: correct 6832/6832
Epoch: 16, train_loss: 0.0341, train_clustering_loss:  0.0001, train_error: 0.0105
class 0: acc 0.9910514541387024, correct 443/447
class 1: acc 0.9877149877149877, correct 402/407

Val Set, val_loss: 0.7853, val_error: 0.0848, auc: 0.5943
class 0 clustering acc 1.0: correct 1792/1792
class 1 clustering acc 1.0: correct 1792/1792
class 0: acc 0.9808612440191388, correct 205/209
class 1: acc 0.0, correct 0/15
EarlyStopping counter: 10 out of 10
Early stopping
Val error: 0.1161, ROC AUC: 0.7024
CV validation error: 0.1161, ROC AUC: 0.7024
class 0: acc 0.937799043062201, correct 196/209
class 1: acc 0.13333333333333333, correct 2/15
Future event metrics: {"fold": 0, "events": 100, "positive_events": 4, "event_average_precision": 0.08347844643619291, "event_roc_auc": 0.6796875, "event_brier": 0.06591556107373045, "aggregation": "mean probability across all included stains/slides of same patient/anchor date", "exploratory_cv_not_independent_final_test": true}
HE augmentation: {"fold": 1, "seed": 31, "train_slides": 893, "eligible_he_train": 57, "unchanged_train": 836, "policy": "geometry", "total_views": 2, "he_original_probability": 0.5, "view_seed": 20392200, "val_test_original_only": true, "split_sha256": "6e77b38a116982d969a969f1a9a1ea3efe6fd27265f235f3fc5cb21f2d96e88d", "validation_used_for_checkpoint_selection": true, "independent_final_test": false}

Training Fold 1!

Init train/val/test splits... 
Done!
Training on 893 samples
Validating on 185 samples
Testing on 0 samples

Init loss function... Done!

Init Model... Setting tau to 1.0
Done!
CLAM_SB(
  (attention_net): Sequential(
    (0): Linear(in_features=1536, out_features=512, bias=True)
    (1): ReLU()
    (2): Dropout(p=0.25, inplace=False)
    (3): Attn_Net_Gated(
      (attention_a): Sequential(
        (0): Linear(in_features=512, out_features=256, bias=True)
        (1): Tanh()
        (2): Dropout(p=0.25, inplace=False)
      )
      (attention_b): Sequential(
        (0): Linear(in_features=512, out_features=256, bias=True)
        (1): Sigmoid()
        (2): Dropout(p=0.25, inplace=False)
      )
      (attention_c): Linear(in_features=256, out_features=1, bias=True)
    )
  )
  (classifiers): Linear(in_features=512, out_features=2, bias=True)
  (instance_classifiers): ModuleList(
    (0-1): 2 x Linear(in_features=512, out_features=2, bias=True)
  )
  (instance_loss_fn): SmoothTop1SVM()
)
Total number of parameters: 1052935
Total number of trainable parameters: 1052935

Init optimizer ... Done!

Init Loaders... Done!

Setup EarlyStopping... Done!


batch 19, loss: 2.2562, instance_loss: 0.6616, weighted_loss: 1.7778, label: 1, bag_size: 5828
batch 39, loss: 0.4500, instance_loss: 1.1337, weighted_loss: 0.6551, label: 1, bag_size: 14318
batch 59, loss: 0.7757, instance_loss: 0.9070, weighted_loss: 0.8151, label: 1, bag_size: 1140
batch 79, loss: 0.7124, instance_loss: 0.3550, weighted_loss: 0.6052, label: 0, bag_size: 2755
batch 99, loss: 0.4850, instance_loss: 0.0559, weighted_loss: 0.3563, label: 0, bag_size: 8593
batch 119, loss: 1.1511, instance_loss: 2.0772, weighted_loss: 1.4289, label: 1, bag_size: 4276
batch 139, loss: 0.5921, instance_loss: 0.7175, weighted_loss: 0.6297, label: 1, bag_size: 2671
batch 159, loss: 0.8946, instance_loss: 1.1887, weighted_loss: 0.9828, label: 0, bag_size: 1011
batch 179, loss: 0.4554, instance_loss: 0.1580, weighted_loss: 0.3661, label: 1, bag_size: 5137
batch 199, loss: 0.1923, instance_loss: 0.0415, weighted_loss: 0.1471, label: 1, bag_size: 16197
batch 219, loss: 1.0243, instance_loss: 0.1070, weighted_loss: 0.7491, label: 1, bag_size: 4276
batch 239, loss: 2.7529, instance_loss: 0.1897, weighted_loss: 1.9840, label: 0, bag_size: 14950
batch 259, loss: 0.2632, instance_loss: 0.0031, weighted_loss: 0.1852, label: 1, bag_size: 15079
batch 279, loss: 1.0408, instance_loss: 0.0377, weighted_loss: 0.7398, label: 1, bag_size: 3621
batch 299, loss: 0.3197, instance_loss: 0.0023, weighted_loss: 0.2245, label: 1, bag_size: 22042
batch 319, loss: 0.9725, instance_loss: 0.8766, weighted_loss: 0.9437, label: 0, bag_size: 2681
batch 339, loss: 1.0169, instance_loss: 0.0050, weighted_loss: 0.7133, label: 1, bag_size: 14763
batch 359, loss: 0.7744, instance_loss: 0.2035, weighted_loss: 0.6031, label: 0, bag_size: 1598
batch 379, loss: 0.2504, instance_loss: 0.0013, weighted_loss: 0.1757, label: 1, bag_size: 12989
batch 399, loss: 0.7470, instance_loss: 0.0033, weighted_loss: 0.5239, label: 0, bag_size: 14732
batch 419, loss: 0.5688, instance_loss: 0.0015, weighted_loss: 0.3986, label: 0, bag_size: 17043
batch 439, loss: 0.7126, instance_loss: 0.1852, weighted_loss: 0.5544, label: 0, bag_size: 3953
batch 459, loss: 0.1482, instance_loss: 0.0013, weighted_loss: 0.1041, label: 1, bag_size: 6344
batch 479, loss: 0.5078, instance_loss: 0.0016, weighted_loss: 0.3559, label: 1, bag_size: 21952
batch 499, loss: 0.3660, instance_loss: 0.0134, weighted_loss: 0.2602, label: 0, bag_size: 2226
batch 519, loss: 1.1088, instance_loss: 0.0244, weighted_loss: 0.7834, label: 1, bag_size: 2853
batch 539, loss: 0.4239, instance_loss: 0.0172, weighted_loss: 0.3019, label: 0, bag_size: 1858
batch 559, loss: 0.0789, instance_loss: 0.0045, weighted_loss: 0.0566, label: 1, bag_size: 5137
batch 579, loss: 1.0228, instance_loss: 0.0030, weighted_loss: 0.7168, label: 1, bag_size: 6023
batch 599, loss: 1.0046, instance_loss: 0.0043, weighted_loss: 0.7045, label: 0, bag_size: 2957
batch 619, loss: 0.9453, instance_loss: 0.0255, weighted_loss: 0.6693, label: 1, bag_size: 3628
batch 639, loss: 0.5729, instance_loss: 0.0053, weighted_loss: 0.4026, label: 1, bag_size: 3411
batch 659, loss: 0.5216, instance_loss: 0.0031, weighted_loss: 0.3660, label: 0, bag_size: 15470
batch 679, loss: 0.6776, instance_loss: 0.0065, weighted_loss: 0.4763, label: 1, bag_size: 3411
batch 699, loss: 0.5451, instance_loss: 0.0081, weighted_loss: 0.3840, label: 1, bag_size: 3628
batch 719, loss: 0.3148, instance_loss: 0.0003, weighted_loss: 0.2205, label: 1, bag_size: 22624
batch 739, loss: 0.1709, instance_loss: 0.0452, weighted_loss: 0.1332, label: 1, bag_size: 13571
batch 759, loss: 0.3147, instance_loss: 0.0196, weighted_loss: 0.2262, label: 0, bag_size: 4255
batch 779, loss: 0.4821, instance_loss: 0.0174, weighted_loss: 0.3427, label: 1, bag_size: 14318
batch 799, loss: 0.1260, instance_loss: 0.0419, weighted_loss: 0.1008, label: 0, bag_size: 16051
batch 819, loss: 0.1212, instance_loss: 0.0085, weighted_loss: 0.0874, label: 0, bag_size: 2536
batch 839, loss: 0.8794, instance_loss: 0.0086, weighted_loss: 0.6181, label: 1, bag_size: 8663
batch 859, loss: 0.7795, instance_loss: 0.0055, weighted_loss: 0.5473, label: 0, bag_size: 3420
batch 879, loss: 0.5456, instance_loss: 0.5176, weighted_loss: 0.5372, label: 0, bag_size: 873


class 0 clustering acc 0.9546472564389697: correct 6820/7144
class 1 clustering acc 0.9510078387458006: correct 6794/7144
Epoch: 0, train_loss: 0.5969, train_clustering_loss:  0.2165, train_error: 0.3236
class 0: acc 0.6310679611650486, correct 260/412
class 1: acc 0.7151767151767152, correct 344/481

Val Set, val_loss: 0.4627, val_error: 0.2324, auc: 0.7299
class 0 clustering acc 1.0: correct 1480/1480
class 1 clustering acc 1.0: correct 1480/1480
class 0: acc 0.7873563218390804, correct 137/174
class 1: acc 0.45454545454545453, correct 5/11
Validation loss decreased (inf --> 0.462697).  Saving model ...


batch 19, loss: 0.7575, instance_loss: 0.0187, weighted_loss: 0.5359, label: 1, bag_size: 4492
batch 39, loss: 0.1663, instance_loss: 0.0212, weighted_loss: 0.1228, label: 0, bag_size: 15172
batch 59, loss: 1.0292, instance_loss: 0.0872, weighted_loss: 0.7466, label: 0, bag_size: 1011
batch 79, loss: 1.3293, instance_loss: 0.0020, weighted_loss: 0.9311, label: 1, bag_size: 1140
batch 99, loss: 0.3885, instance_loss: 0.0293, weighted_loss: 0.2807, label: 1, bag_size: 16197
batch 119, loss: 0.8613, instance_loss: 0.0007, weighted_loss: 0.6031, label: 1, bag_size: 6812
batch 139, loss: 2.2328, instance_loss: 0.0220, weighted_loss: 1.5695, label: 0, bag_size: 19946
batch 159, loss: 0.2178, instance_loss: 0.0000, weighted_loss: 0.1524, label: 1, bag_size: 15079
batch 179, loss: 0.2657, instance_loss: 0.0066, weighted_loss: 0.1879, label: 0, bag_size: 6129
batch 199, loss: 2.4018, instance_loss: 0.0072, weighted_loss: 1.6834, label: 1, bag_size: 6812
batch 219, loss: 0.0286, instance_loss: 0.0014, weighted_loss: 0.0204, label: 1, bag_size: 2644
batch 239, loss: 0.0422, instance_loss: 0.0053, weighted_loss: 0.0311, label: 1, bag_size: 2644
batch 259, loss: 0.2623, instance_loss: 0.0002, weighted_loss: 0.1837, label: 1, bag_size: 15079
batch 279, loss: 1.4820, instance_loss: 0.0032, weighted_loss: 1.0384, label: 1, bag_size: 4365
batch 299, loss: 1.3896, instance_loss: 0.0033, weighted_loss: 0.9737, label: 0, bag_size: 2870
batch 319, loss: 0.3365, instance_loss: 0.0053, weighted_loss: 0.2372, label: 0, bag_size: 2576
batch 339, loss: 0.0561, instance_loss: 0.0000, weighted_loss: 0.0393, label: 0, bag_size: 19134
batch 359, loss: 0.4505, instance_loss: 0.0015, weighted_loss: 0.3158, label: 1, bag_size: 7733
batch 379, loss: 0.3795, instance_loss: 0.0002, weighted_loss: 0.2657, label: 0, bag_size: 10112
batch 399, loss: 0.7143, instance_loss: 0.0000, weighted_loss: 0.5000, label: 0, bag_size: 7001
batch 419, loss: 0.3650, instance_loss: 0.0028, weighted_loss: 0.2563, label: 0, bag_size: 1979
batch 439, loss: 1.1444, instance_loss: 0.0079, weighted_loss: 0.8035, label: 1, bag_size: 5828
batch 459, loss: 0.9222, instance_loss: 0.0038, weighted_loss: 0.6467, label: 0, bag_size: 1861
batch 479, loss: 2.3267, instance_loss: 0.0006, weighted_loss: 1.6288, label: 1, bag_size: 2853
batch 499, loss: 1.9854, instance_loss: 0.0123, weighted_loss: 1.3934, label: 0, bag_size: 1355
batch 519, loss: 0.1133, instance_loss: 0.0036, weighted_loss: 0.0804, label: 0, bag_size: 5893
batch 539, loss: 0.8972, instance_loss: 0.0028, weighted_loss: 0.6289, label: 0, bag_size: 1732
batch 559, loss: 0.1503, instance_loss: 0.0010, weighted_loss: 0.1055, label: 1, bag_size: 4365
batch 579, loss: 0.0165, instance_loss: 0.0004, weighted_loss: 0.0116, label: 1, bag_size: 5137
batch 599, loss: 1.8695, instance_loss: 0.0118, weighted_loss: 1.3122, label: 1, bag_size: 6812
batch 619, loss: 0.0372, instance_loss: 0.0005, weighted_loss: 0.0262, label: 1, bag_size: 22399
batch 639, loss: 0.0592, instance_loss: 0.0020, weighted_loss: 0.0421, label: 1, bag_size: 16197
batch 659, loss: 0.1751, instance_loss: 0.0000, weighted_loss: 0.1226, label: 1, bag_size: 2644
batch 679, loss: 0.5045, instance_loss: 0.0022, weighted_loss: 0.3538, label: 0, bag_size: 6330
batch 699, loss: 0.0063, instance_loss: 0.0018, weighted_loss: 0.0050, label: 1, bag_size: 13571
batch 719, loss: 0.0476, instance_loss: 0.0002, weighted_loss: 0.0334, label: 1, bag_size: 6344
batch 739, loss: 0.0028, instance_loss: 0.0000, weighted_loss: 0.0020, label: 0, bag_size: 3528
batch 759, loss: 0.0199, instance_loss: 0.0019, weighted_loss: 0.0145, label: 1, bag_size: 6028
batch 779, loss: 0.5350, instance_loss: 0.0003, weighted_loss: 0.3746, label: 1, bag_size: 2671
batch 799, loss: 0.0702, instance_loss: 0.0000, weighted_loss: 0.0491, label: 1, bag_size: 2644
batch 819, loss: 0.7104, instance_loss: 0.0010, weighted_loss: 0.4976, label: 0, bag_size: 17549
batch 839, loss: 0.1034, instance_loss: 0.0011, weighted_loss: 0.0727, label: 0, bag_size: 25547
batch 859, loss: 0.2412, instance_loss: 0.0003, weighted_loss: 0.1689, label: 0, bag_size: 9172
batch 879, loss: 0.0049, instance_loss: 0.0002, weighted_loss: 0.0035, label: 0, bag_size: 12188


class 0 clustering acc 1.0: correct 7144/7144
class 1 clustering acc 1.0: correct 7144/7144
Epoch: 1, train_loss: 0.4075, train_clustering_loss:  0.0055, train_error: 0.2016
class 0: acc 0.8209606986899564, correct 376/458
class 1: acc 0.774712643678161, correct 337/435

Val Set, val_loss: 0.3090, val_error: 0.0811, auc: 0.6473
class 0 clustering acc 1.0: correct 1480/1480
class 1 clustering acc 1.0: correct 1480/1480
class 0: acc 0.9655172413793104, correct 168/174
class 1: acc 0.18181818181818182, correct 2/11
Validation loss decreased (0.462697 --> 0.308977).  Saving model ...


batch 19, loss: 1.5756, instance_loss: 0.0138, weighted_loss: 1.1071, label: 0, bag_size: 1801
batch 39, loss: 1.0974, instance_loss: 0.0043, weighted_loss: 0.7694, label: 1, bag_size: 6812
batch 59, loss: 0.2469, instance_loss: 0.0037, weighted_loss: 0.1740, label: 1, bag_size: 4365
batch 79, loss: 1.4551, instance_loss: 0.0113, weighted_loss: 1.0220, label: 0, bag_size: 14601
batch 99, loss: 0.0679, instance_loss: 0.0017, weighted_loss: 0.0481, label: 0, bag_size: 3701
batch 119, loss: 0.2319, instance_loss: 0.0007, weighted_loss: 0.1625, label: 1, bag_size: 14318
batch 139, loss: 0.0136, instance_loss: 0.0110, weighted_loss: 0.0128, label: 1, bag_size: 3628
batch 159, loss: 0.0217, instance_loss: 0.0059, weighted_loss: 0.0170, label: 0, bag_size: 1199
batch 179, loss: 0.0262, instance_loss: 0.0010, weighted_loss: 0.0186, label: 1, bag_size: 2644
batch 199, loss: 0.1645, instance_loss: 0.0003, weighted_loss: 0.1153, label: 0, bag_size: 19946
batch 219, loss: 0.4989, instance_loss: 0.0028, weighted_loss: 0.3501, label: 1, bag_size: 4276
batch 239, loss: 0.6085, instance_loss: 0.0013, weighted_loss: 0.4263, label: 1, bag_size: 2853
batch 259, loss: 0.0005, instance_loss: 0.0000, weighted_loss: 0.0004, label: 0, bag_size: 11611
batch 279, loss: 0.2247, instance_loss: 0.0011, weighted_loss: 0.1576, label: 0, bag_size: 3841
batch 299, loss: 0.0477, instance_loss: 0.0000, weighted_loss: 0.0334, label: 1, bag_size: 2671
batch 319, loss: 0.8415, instance_loss: 0.0032, weighted_loss: 0.5900, label: 1, bag_size: 5828
batch 339, loss: 0.1548, instance_loss: 0.0020, weighted_loss: 0.1090, label: 0, bag_size: 3607
batch 359, loss: 0.0985, instance_loss: 0.0010, weighted_loss: 0.0692, label: 0, bag_size: 8781
batch 379, loss: 0.0024, instance_loss: 0.0006, weighted_loss: 0.0019, label: 0, bag_size: 17359
batch 399, loss: 0.0979, instance_loss: 0.0041, weighted_loss: 0.0698, label: 0, bag_size: 1238
batch 419, loss: 0.1051, instance_loss: 0.0032, weighted_loss: 0.0745, label: 1, bag_size: 3628
batch 439, loss: 0.0965, instance_loss: 0.0004, weighted_loss: 0.0677, label: 0, bag_size: 18081
batch 459, loss: 0.0101, instance_loss: 0.0007, weighted_loss: 0.0073, label: 1, bag_size: 13571
batch 479, loss: 0.0298, instance_loss: 0.0011, weighted_loss: 0.0212, label: 0, bag_size: 18913
batch 499, loss: 0.0032, instance_loss: 0.0013, weighted_loss: 0.0026, label: 0, bag_size: 2665
batch 519, loss: 0.0168, instance_loss: 0.0014, weighted_loss: 0.0122, label: 0, bag_size: 13958
batch 539, loss: 0.7896, instance_loss: 0.0005, weighted_loss: 0.5529, label: 1, bag_size: 18621
batch 559, loss: 0.2867, instance_loss: 0.0009, weighted_loss: 0.2010, label: 1, bag_size: 21952
batch 579, loss: 0.0059, instance_loss: 0.0004, weighted_loss: 0.0042, label: 0, bag_size: 2482
batch 599, loss: 0.0050, instance_loss: 0.0055, weighted_loss: 0.0051, label: 0, bag_size: 1521
batch 619, loss: 0.2299, instance_loss: 0.0000, weighted_loss: 0.1609, label: 0, bag_size: 11456
batch 639, loss: 0.0255, instance_loss: 0.0005, weighted_loss: 0.0180, label: 1, bag_size: 22042
batch 659, loss: 0.1543, instance_loss: 0.0068, weighted_loss: 0.1101, label: 0, bag_size: 3409
batch 679, loss: 0.0048, instance_loss: 0.0031, weighted_loss: 0.0043, label: 1, bag_size: 5137
batch 699, loss: 0.0044, instance_loss: 0.0075, weighted_loss: 0.0054, label: 1, bag_size: 3411
batch 719, loss: 0.0039, instance_loss: 0.0000, weighted_loss: 0.0028, label: 0, bag_size: 2375
batch 739, loss: 0.0025, instance_loss: 0.0019, weighted_loss: 0.0023, label: 0, bag_size: 5893
batch 759, loss: 0.9588, instance_loss: 0.0002, weighted_loss: 0.6713, label: 0, bag_size: 17677
batch 779, loss: 0.2555, instance_loss: 0.0022, weighted_loss: 0.1795, label: 1, bag_size: 21952
batch 799, loss: 0.0496, instance_loss: 0.0002, weighted_loss: 0.0348, label: 1, bag_size: 15079
batch 819, loss: 0.0003, instance_loss: 0.0005, weighted_loss: 0.0004, label: 0, bag_size: 14732
batch 839, loss: 0.0006, instance_loss: 0.0009, weighted_loss: 0.0007, label: 0, bag_size: 5545
batch 859, loss: 0.1339, instance_loss: 0.0036, weighted_loss: 0.0948, label: 1, bag_size: 8663
batch 879, loss: 0.0489, instance_loss: 0.0020, weighted_loss: 0.0348, label: 1, bag_size: 3621


class 0 clustering acc 0.9995800671892497: correct 7141/7144
class 1 clustering acc 1.0: correct 7144/7144
Epoch: 2, train_loss: 0.2126, train_clustering_loss:  0.0035, train_error: 0.0717
class 0: acc 0.9104803493449781, correct 417/458
class 1: acc 0.9471264367816092, correct 412/435

Val Set, val_loss: 0.4355, val_error: 0.1622, auc: 0.6071
class 0 clustering acc 1.0: correct 1480/1480
class 1 clustering acc 1.0: correct 1480/1480
class 0: acc 0.8735632183908046, correct 152/174
class 1: acc 0.2727272727272727, correct 3/11
EarlyStopping counter: 1 out of 10


batch 19, loss: 0.0182, instance_loss: 0.0010, weighted_loss: 0.0130, label: 0, bag_size: 9087
batch 39, loss: 0.0030, instance_loss: 0.0002, weighted_loss: 0.0021, label: 1, bag_size: 6028
batch 59, loss: 0.0021, instance_loss: 0.0000, weighted_loss: 0.0015, label: 0, bag_size: 9262
batch 79, loss: 0.0072, instance_loss: 0.0000, weighted_loss: 0.0051, label: 1, bag_size: 6028
batch 99, loss: 0.0081, instance_loss: 0.0005, weighted_loss: 0.0058, label: 1, bag_size: 2644
batch 119, loss: 0.0302, instance_loss: 0.0017, weighted_loss: 0.0216, label: 1, bag_size: 7733
batch 139, loss: 0.0005, instance_loss: 0.0000, weighted_loss: 0.0003, label: 0, bag_size: 11672
batch 159, loss: 0.0468, instance_loss: 0.0007, weighted_loss: 0.0330, label: 0, bag_size: 16721
batch 179, loss: 0.0011, instance_loss: 0.0000, weighted_loss: 0.0008, label: 1, bag_size: 4563
batch 199, loss: 0.0093, instance_loss: 0.0005, weighted_loss: 0.0066, label: 1, bag_size: 14414
batch 219, loss: 0.0175, instance_loss: 0.0066, weighted_loss: 0.0142, label: 1, bag_size: 2644
batch 239, loss: 0.0025, instance_loss: 0.0002, weighted_loss: 0.0018, label: 0, bag_size: 14968
batch 259, loss: 0.0072, instance_loss: 0.0000, weighted_loss: 0.0050, label: 1, bag_size: 13646
batch 279, loss: 0.0037, instance_loss: 0.0000, weighted_loss: 0.0026, label: 0, bag_size: 19640
batch 299, loss: 0.0053, instance_loss: 0.0006, weighted_loss: 0.0039, label: 0, bag_size: 16772
batch 319, loss: 0.0008, instance_loss: 0.0000, weighted_loss: 0.0006, label: 1, bag_size: 6028
batch 339, loss: 0.0007, instance_loss: 0.0002, weighted_loss: 0.0006, label: 0, bag_size: 3547
batch 359, loss: 0.0244, instance_loss: 0.0016, weighted_loss: 0.0175, label: 0, bag_size: 10033
batch 379, loss: 0.0528, instance_loss: 0.0000, weighted_loss: 0.0369, label: 0, bag_size: 11889
batch 399, loss: 0.0233, instance_loss: 0.0000, weighted_loss: 0.0163, label: 1, bag_size: 21952
batch 419, loss: 0.1582, instance_loss: 0.0000, weighted_loss: 0.1108, label: 1, bag_size: 14763
batch 439, loss: 0.0157, instance_loss: 0.0004, weighted_loss: 0.0111, label: 1, bag_size: 1140
batch 459, loss: 0.0069, instance_loss: 0.0000, weighted_loss: 0.0049, label: 1, bag_size: 4563
batch 479, loss: 0.0017, instance_loss: 0.0002, weighted_loss: 0.0013, label: 0, bag_size: 4309
batch 499, loss: 0.0248, instance_loss: 0.0000, weighted_loss: 0.0174, label: 1, bag_size: 22042
batch 519, loss: 1.2096, instance_loss: 0.0012, weighted_loss: 0.8471, label: 1, bag_size: 18621
batch 539, loss: 0.7203, instance_loss: 0.0002, weighted_loss: 0.5043, label: 0, bag_size: 20369
batch 559, loss: 0.0140, instance_loss: 0.0000, weighted_loss: 0.0098, label: 0, bag_size: 14581
batch 579, loss: 0.0000, instance_loss: 0.0000, weighted_loss: 0.0000, label: 0, bag_size: 8244
batch 599, loss: 0.0090, instance_loss: 0.0107, weighted_loss: 0.0095, label: 1, bag_size: 2637
batch 619, loss: 0.0000, instance_loss: 0.0002, weighted_loss: 0.0001, label: 0, bag_size: 20692
batch 639, loss: 0.0447, instance_loss: 0.0000, weighted_loss: 0.0313, label: 0, bag_size: 12537
batch 659, loss: 0.0753, instance_loss: 0.0009, weighted_loss: 0.0530, label: 1, bag_size: 12989
batch 679, loss: 0.0011, instance_loss: 0.0002, weighted_loss: 0.0008, label: 1, bag_size: 6028
batch 699, loss: 0.0073, instance_loss: 0.0019, weighted_loss: 0.0057, label: 1, bag_size: 5137
batch 719, loss: 0.0119, instance_loss: 0.0010, weighted_loss: 0.0086, label: 1, bag_size: 3621
batch 739, loss: 0.0000, instance_loss: 0.0004, weighted_loss: 0.0001, label: 0, bag_size: 16973
batch 759, loss: 0.0012, instance_loss: 0.0000, weighted_loss: 0.0008, label: 0, bag_size: 2766
batch 779, loss: 0.0016, instance_loss: 0.0000, weighted_loss: 0.0011, label: 0, bag_size: 2405
batch 799, loss: 0.0039, instance_loss: 0.0000, weighted_loss: 0.0027, label: 0, bag_size: 11803
batch 819, loss: 0.0023, instance_loss: 0.0000, weighted_loss: 0.0016, label: 1, bag_size: 14414
batch 839, loss: 0.0019, instance_loss: 0.0002, weighted_loss: 0.0014, label: 1, bag_size: 13571
batch 859, loss: 0.0167, instance_loss: 0.0030, weighted_loss: 0.0126, label: 1, bag_size: 8663
batch 879, loss: 0.0004, instance_loss: 0.0000, weighted_loss: 0.0003, label: 0, bag_size: 23082


class 0 clustering acc 1.0: correct 7144/7144
class 1 clustering acc 1.0: correct 7144/7144
Epoch: 3, train_loss: 0.1241, train_clustering_loss:  0.0036, train_error: 0.0493
class 0: acc 0.9337748344370861, correct 423/453
class 1: acc 0.9681818181818181, correct 426/440

Val Set, val_loss: 0.4266, val_error: 0.0865, auc: 0.5622
class 0 clustering acc 1.0: correct 1480/1480
class 1 clustering acc 1.0: correct 1480/1480
class 0: acc 0.9655172413793104, correct 168/174
class 1: acc 0.09090909090909091, correct 1/11
EarlyStopping counter: 2 out of 10


batch 19, loss: 0.0012, instance_loss: 0.0000, weighted_loss: 0.0008, label: 1, bag_size: 13571
batch 39, loss: 0.0061, instance_loss: 0.0017, weighted_loss: 0.0048, label: 1, bag_size: 7733
batch 59, loss: 0.0136, instance_loss: 0.0000, weighted_loss: 0.0095, label: 1, bag_size: 18621
batch 79, loss: 2.1096, instance_loss: 0.0005, weighted_loss: 1.4769, label: 0, bag_size: 15923
batch 99, loss: 0.0003, instance_loss: 0.0019, weighted_loss: 0.0008, label: 0, bag_size: 4197
batch 119, loss: 0.0047, instance_loss: 0.0055, weighted_loss: 0.0049, label: 0, bag_size: 1414
batch 139, loss: 0.0224, instance_loss: 0.0018, weighted_loss: 0.0162, label: 1, bag_size: 5137
batch 159, loss: 0.0128, instance_loss: 0.0018, weighted_loss: 0.0095, label: 1, bag_size: 6023
batch 179, loss: 0.0048, instance_loss: 0.0000, weighted_loss: 0.0034, label: 0, bag_size: 1979
batch 199, loss: 0.0233, instance_loss: 0.0333, weighted_loss: 0.0263, label: 1, bag_size: 3411
batch 219, loss: 0.0000, instance_loss: 0.0000, weighted_loss: 0.0000, label: 0, bag_size: 2809
batch 239, loss: 0.2743, instance_loss: 0.0008, weighted_loss: 0.1923, label: 1, bag_size: 22624
batch 259, loss: 0.0026, instance_loss: 0.0000, weighted_loss: 0.0018, label: 1, bag_size: 13646
batch 279, loss: 0.0013, instance_loss: 0.0185, weighted_loss: 0.0065, label: 0, bag_size: 1801
batch 299, loss: 0.1431, instance_loss: 0.0000, weighted_loss: 0.1002, label: 0, bag_size: 20121
batch 319, loss: 0.0011, instance_loss: 0.0005, weighted_loss: 0.0009, label: 0, bag_size: 4591
batch 339, loss: 0.4999, instance_loss: 0.0000, weighted_loss: 0.3499, label: 1, bag_size: 4365
batch 359, loss: 0.0000, instance_loss: 0.0011, weighted_loss: 0.0003, label: 0, bag_size: 2455
batch 379, loss: 0.0012, instance_loss: 0.0000, weighted_loss: 0.0008, label: 1, bag_size: 4492
batch 399, loss: 0.1607, instance_loss: 0.0005, weighted_loss: 0.1127, label: 1, bag_size: 4365
batch 419, loss: 0.1798, instance_loss: 0.0000, weighted_loss: 0.1259, label: 1, bag_size: 14763
batch 439, loss: 0.0487, instance_loss: 0.0093, weighted_loss: 0.0369, label: 0, bag_size: 4226
batch 459, loss: 0.0100, instance_loss: 0.0006, weighted_loss: 0.0072, label: 0, bag_size: 10005
batch 479, loss: 0.0055, instance_loss: 0.0000, weighted_loss: 0.0038, label: 0, bag_size: 2787
batch 499, loss: 0.1083, instance_loss: 0.0000, weighted_loss: 0.0758, label: 1, bag_size: 21952
batch 519, loss: 0.0193, instance_loss: 0.0000, weighted_loss: 0.0135, label: 1, bag_size: 22042
batch 539, loss: 0.0008, instance_loss: 0.0000, weighted_loss: 0.0006, label: 0, bag_size: 21775
batch 559, loss: 0.0012, instance_loss: 0.0013, weighted_loss: 0.0013, label: 0, bag_size: 10277
batch 579, loss: 0.0184, instance_loss: 0.0007, weighted_loss: 0.0131, label: 1, bag_size: 1140
batch 599, loss: 0.0000, instance_loss: 0.0000, weighted_loss: 0.0000, label: 0, bag_size: 6778
batch 619, loss: 0.0484, instance_loss: 0.0011, weighted_loss: 0.0342, label: 1, bag_size: 14528
batch 639, loss: 0.0004, instance_loss: 0.0000, weighted_loss: 0.0003, label: 0, bag_size: 2530
batch 659, loss: 0.0002, instance_loss: 0.0000, weighted_loss: 0.0001, label: 0, bag_size: 9848
batch 679, loss: 0.0018, instance_loss: 0.0087, weighted_loss: 0.0038, label: 0, bag_size: 1114
batch 699, loss: 0.7874, instance_loss: 0.0006, weighted_loss: 0.5513, label: 1, bag_size: 6812
batch 719, loss: 0.0021, instance_loss: 0.0004, weighted_loss: 0.0016, label: 0, bag_size: 3257
batch 739, loss: 0.1968, instance_loss: 0.0035, weighted_loss: 0.1388, label: 0, bag_size: 5502
batch 759, loss: 0.0000, instance_loss: 0.0000, weighted_loss: 0.0000, label: 0, bag_size: 20692
batch 779, loss: 0.0064, instance_loss: 0.0003, weighted_loss: 0.0046, label: 0, bag_size: 14855
batch 799, loss: 0.0001, instance_loss: 0.0000, weighted_loss: 0.0001, label: 0, bag_size: 23082
batch 819, loss: 0.0076, instance_loss: 0.0314, weighted_loss: 0.0148, label: 0, bag_size: 2032
batch 839, loss: 0.2730, instance_loss: 0.0005, weighted_loss: 0.1912, label: 0, bag_size: 1698
batch 859, loss: 0.0001, instance_loss: 0.0164, weighted_loss: 0.0050, label: 0, bag_size: 2595
batch 879, loss: 0.0002, instance_loss: 0.0091, weighted_loss: 0.0029, label: 1, bag_size: 3411


class 0 clustering acc 0.9998600223964166: correct 7143/7144
class 1 clustering acc 1.0: correct 7144/7144
Epoch: 4, train_loss: 0.0786, train_clustering_loss:  0.0021, train_error: 0.0314
class 0: acc 0.9647577092511013, correct 438/454
class 1: acc 0.9726651480637813, correct 427/439

Val Set, val_loss: 0.4307, val_error: 0.0649, auc: 0.5684
class 0 clustering acc 1.0: correct 1480/1480
class 1 clustering acc 1.0: correct 1480/1480
class 0: acc 0.9827586206896551, correct 171/174
class 1: acc 0.18181818181818182, correct 2/11
EarlyStopping counter: 3 out of 10


batch 19, loss: 0.0000, instance_loss: 0.0000, weighted_loss: 0.0000, label: 0, bag_size: 3701
batch 39, loss: 0.0002, instance_loss: 0.0000, weighted_loss: 0.0001, label: 0, bag_size: 5661
batch 59, loss: 0.0009, instance_loss: 0.0017, weighted_loss: 0.0011, label: 1, bag_size: 3354
batch 79, loss: 0.0010, instance_loss: 0.0002, weighted_loss: 0.0008, label: 0, bag_size: 2780
batch 99, loss: 0.0009, instance_loss: 0.0003, weighted_loss: 0.0007, label: 0, bag_size: 10419
batch 119, loss: 0.0001, instance_loss: 0.0000, weighted_loss: 0.0001, label: 1, bag_size: 22399
batch 139, loss: 0.0002, instance_loss: 0.0002, weighted_loss: 0.0002, label: 0, bag_size: 9759
batch 159, loss: 0.0220, instance_loss: 0.0002, weighted_loss: 0.0155, label: 1, bag_size: 22399
batch 179, loss: 0.0381, instance_loss: 0.0008, weighted_loss: 0.0269, label: 1, bag_size: 14763
batch 199, loss: 0.0008, instance_loss: 0.0000, weighted_loss: 0.0005, label: 1, bag_size: 13646
batch 219, loss: 0.0001, instance_loss: 0.0000, weighted_loss: 0.0001, label: 0, bag_size: 14684
batch 239, loss: 0.0008, instance_loss: 0.0005, weighted_loss: 0.0007, label: 1, bag_size: 4492
batch 259, loss: 0.0003, instance_loss: 0.0002, weighted_loss: 0.0003, label: 0, bag_size: 17456
batch 279, loss: 0.0002, instance_loss: 0.0000, weighted_loss: 0.0002, label: 0, bag_size: 10381
batch 299, loss: 0.1451, instance_loss: 0.0000, weighted_loss: 0.1016, label: 0, bag_size: 18062
batch 319, loss: 0.0020, instance_loss: 0.0000, weighted_loss: 0.0014, label: 1, bag_size: 14414
batch 339, loss: 0.0006, instance_loss: 0.0002, weighted_loss: 0.0004, label: 0, bag_size: 1404
batch 359, loss: 0.0001, instance_loss: 0.0000, weighted_loss: 0.0000, label: 0, bag_size: 6837
batch 379, loss: 0.0177, instance_loss: 0.0049, weighted_loss: 0.0138, label: 1, bag_size: 1140
batch 399, loss: 0.0005, instance_loss: 0.0000, weighted_loss: 0.0003, label: 1, bag_size: 13646
batch 419, loss: 0.4400, instance_loss: 0.0007, weighted_loss: 0.3082, label: 0, bag_size: 17340
batch 439, loss: 0.0046, instance_loss: 0.0000, weighted_loss: 0.0032, label: 1, bag_size: 6344
batch 459, loss: 0.0004, instance_loss: 0.0099, weighted_loss: 0.0033, label: 1, bag_size: 4492
batch 479, loss: 0.0000, instance_loss: 0.0000, weighted_loss: 0.0000, label: 0, bag_size: 4808
batch 499, loss: 0.0001, instance_loss: 0.0000, weighted_loss: 0.0000, label: 0, bag_size: 1889
batch 519, loss: 0.0000, instance_loss: 0.0004, weighted_loss: 0.0002, label: 0, bag_size: 9251
batch 539, loss: 0.0256, instance_loss: 0.0000, weighted_loss: 0.0180, label: 0, bag_size: 3630
batch 559, loss: 0.1669, instance_loss: 0.0000, weighted_loss: 0.1168, label: 0, bag_size: 18062
batch 579, loss: 0.0002, instance_loss: 0.0000, weighted_loss: 0.0001, label: 1, bag_size: 13571
batch 599, loss: 0.0066, instance_loss: 0.0014, weighted_loss: 0.0050, label: 1, bag_size: 6812
batch 619, loss: 0.0001, instance_loss: 0.0000, weighted_loss: 0.0001, label: 0, bag_size: 3841
batch 639, loss: 0.0065, instance_loss: 0.1440, weighted_loss: 0.0477, label: 0, bag_size: 2926
batch 659, loss: 0.0170, instance_loss: 0.0000, weighted_loss: 0.0119, label: 1, bag_size: 14763
batch 679, loss: 0.0002, instance_loss: 0.0002, weighted_loss: 0.0002, label: 1, bag_size: 6023
batch 699, loss: 0.0002, instance_loss: 0.0602, weighted_loss: 0.0182, label: 0, bag_size: 1179
batch 719, loss: 0.0032, instance_loss: 0.0000, weighted_loss: 0.0022, label: 1, bag_size: 21952
batch 739, loss: 0.0012, instance_loss: 0.0005, weighted_loss: 0.0010, label: 0, bag_size: 3419
batch 759, loss: 0.0032, instance_loss: 0.0000, weighted_loss: 0.0022, label: 0, bag_size: 3020
batch 779, loss: 0.0002, instance_loss: 0.0010, weighted_loss: 0.0004, label: 1, bag_size: 5828
batch 799, loss: 0.0819, instance_loss: 0.0000, weighted_loss: 0.0573, label: 1, bag_size: 13646
batch 819, loss: 0.0017, instance_loss: 0.0000, weighted_loss: 0.0012, label: 1, bag_size: 2644
batch 839, loss: 0.0001, instance_loss: 0.0015, weighted_loss: 0.0005, label: 1, bag_size: 5137
batch 859, loss: 0.0193, instance_loss: 0.0000, weighted_loss: 0.0135, label: 0, bag_size: 11682
batch 879, loss: 0.0003, instance_loss: 0.0012, weighted_loss: 0.0006, label: 1, bag_size: 5137


class 0 clustering acc 0.9998600223964166: correct 7143/7144
class 1 clustering acc 1.0: correct 7144/7144
Epoch: 5, train_loss: 0.0652, train_clustering_loss:  0.0019, train_error: 0.0168
class 0: acc 0.9784172661870504, correct 408/417
class 1: acc 0.9873949579831933, correct 470/476

Val Set, val_loss: 0.4748, val_error: 0.0919, auc: 0.5627
class 0 clustering acc 1.0: correct 1480/1480
class 1 clustering acc 1.0: correct 1480/1480
class 0: acc 0.9540229885057471, correct 166/174
class 1: acc 0.18181818181818182, correct 2/11
EarlyStopping counter: 4 out of 10


batch 19, loss: 0.0000, instance_loss: 0.0000, weighted_loss: 0.0000, label: 0, bag_size: 19131
batch 39, loss: 0.0000, instance_loss: 0.0000, weighted_loss: 0.0000, label: 0, bag_size: 8244
batch 59, loss: 0.0005, instance_loss: 0.0000, weighted_loss: 0.0003, label: 1, bag_size: 3621
batch 79, loss: 0.0008, instance_loss: 0.0000, weighted_loss: 0.0006, label: 1, bag_size: 15079
batch 99, loss: 0.0000, instance_loss: 0.0000, weighted_loss: 0.0000, label: 0, bag_size: 13338
batch 119, loss: 0.3777, instance_loss: 0.0000, weighted_loss: 0.2644, label: 1, bag_size: 18621
batch 139, loss: 0.0043, instance_loss: 0.0000, weighted_loss: 0.0030, label: 0, bag_size: 4105
batch 159, loss: 0.0000, instance_loss: 0.0000, weighted_loss: 0.0000, label: 0, bag_size: 1994
batch 179, loss: 0.0002, instance_loss: 0.0000, weighted_loss: 0.0001, label: 0, bag_size: 5706
batch 199, loss: 0.0000, instance_loss: 0.0000, weighted_loss: 0.0000, label: 0, bag_size: 2864
batch 219, loss: 0.0052, instance_loss: 0.0000, weighted_loss: 0.0036, label: 1, bag_size: 13646
batch 239, loss: 0.0264, instance_loss: 0.0000, weighted_loss: 0.0185, label: 1, bag_size: 16197
batch 259, loss: 0.0000, instance_loss: 0.0028, weighted_loss: 0.0009, label: 1, bag_size: 3411
batch 279, loss: 0.0001, instance_loss: 0.0005, weighted_loss: 0.0002, label: 0, bag_size: 10112
batch 299, loss: 1.3282, instance_loss: 0.0000, weighted_loss: 0.9298, label: 0, bag_size: 14178
batch 319, loss: 0.0002, instance_loss: 0.0023, weighted_loss: 0.0008, label: 1, bag_size: 3024
batch 339, loss: 0.0001, instance_loss: 0.0003, weighted_loss: 0.0001, label: 0, bag_size: 3232
batch 359, loss: 0.0001, instance_loss: 0.0000, weighted_loss: 0.0001, label: 1, bag_size: 4563
batch 379, loss: 0.0001, instance_loss: 0.0146, weighted_loss: 0.0045, label: 1, bag_size: 3024
batch 399, loss: 0.0000, instance_loss: 0.0005, weighted_loss: 0.0002, label: 0, bag_size: 3205
batch 419, loss: 0.0000, instance_loss: 0.0000, weighted_loss: 0.0000, label: 0, bag_size: 12484
batch 439, loss: 0.0001, instance_loss: 0.0000, weighted_loss: 0.0001, label: 0, bag_size: 13407
batch 459, loss: 0.0000, instance_loss: 0.0000, weighted_loss: 0.0000, label: 0, bag_size: 12141
batch 479, loss: 6.8028, instance_loss: 0.0000, weighted_loss: 4.7620, label: 1, bag_size: 14414
batch 499, loss: 0.0010, instance_loss: 0.0016, weighted_loss: 0.0012, label: 0, bag_size: 8101
batch 519, loss: 0.0073, instance_loss: 0.0000, weighted_loss: 0.0051, label: 1, bag_size: 18621
batch 539, loss: 0.0006, instance_loss: 0.0000, weighted_loss: 0.0004, label: 1, bag_size: 8663
batch 559, loss: 0.0005, instance_loss: 0.0000, weighted_loss: 0.0004, label: 1, bag_size: 7733
batch 579, loss: 0.0018, instance_loss: 0.0000, weighted_loss: 0.0013, label: 0, bag_size: 15577
batch 599, loss: 0.0051, instance_loss: 0.0108, weighted_loss: 0.0068, label: 0, bag_size: 3457
batch 619, loss: 0.0137, instance_loss: 0.0024, weighted_loss: 0.0103, label: 1, bag_size: 18621
batch 639, loss: 0.0003, instance_loss: 0.0000, weighted_loss: 0.0002, label: 1, bag_size: 5137
batch 659, loss: 0.0000, instance_loss: 0.0009, weighted_loss: 0.0003, label: 0, bag_size: 1045
batch 679, loss: 0.1326, instance_loss: 0.0012, weighted_loss: 0.0932, label: 1, bag_size: 18621
batch 699, loss: 0.0100, instance_loss: 0.0006, weighted_loss: 0.0072, label: 1, bag_size: 2637
batch 719, loss: 0.1486, instance_loss: 0.0061, weighted_loss: 0.1059, label: 1, bag_size: 5828
batch 739, loss: 0.0144, instance_loss: 0.0000, weighted_loss: 0.0101, label: 1, bag_size: 22042
batch 759, loss: 0.0052, instance_loss: 0.0000, weighted_loss: 0.0037, label: 0, bag_size: 2843
batch 779, loss: 0.0054, instance_loss: 0.0017, weighted_loss: 0.0043, label: 1, bag_size: 4276
batch 799, loss: 0.0004, instance_loss: 0.0000, weighted_loss: 0.0003, label: 0, bag_size: 3230
batch 819, loss: 0.0063, instance_loss: 0.0000, weighted_loss: 0.0044, label: 0, bag_size: 2066
batch 839, loss: 0.0000, instance_loss: 0.0000, weighted_loss: 0.0000, label: 0, bag_size: 16888
batch 859, loss: 0.0000, instance_loss: 0.0000, weighted_loss: 0.0000, label: 0, bag_size: 16737
batch 879, loss: 0.0000, instance_loss: 0.0000, weighted_loss: 0.0000, label: 0, bag_size: 20636


class 0 clustering acc 0.9998600223964166: correct 7143/7144
class 1 clustering acc 1.0: correct 7144/7144
Epoch: 6, train_loss: 0.0574, train_clustering_loss:  0.0012, train_error: 0.0179
class 0: acc 0.9744136460554371, correct 457/469
class 1: acc 0.9905660377358491, correct 420/424

Val Set, val_loss: 0.4999, val_error: 0.0649, auc: 0.5491
class 0 clustering acc 1.0: correct 1480/1480
class 1 clustering acc 0.9993243243243243: correct 1479/1480
class 0: acc 0.9885057471264368, correct 172/174
class 1: acc 0.09090909090909091, correct 1/11
EarlyStopping counter: 5 out of 10


batch 19, loss: 0.0496, instance_loss: 0.0000, weighted_loss: 0.0347, label: 1, bag_size: 16197
batch 39, loss: 0.0001, instance_loss: 0.0180, weighted_loss: 0.0055, label: 1, bag_size: 3024
batch 59, loss: 0.0000, instance_loss: 0.0000, weighted_loss: 0.0000, label: 0, bag_size: 1770
batch 79, loss: 0.0002, instance_loss: 0.0000, weighted_loss: 0.0001, label: 0, bag_size: 6114
batch 99, loss: 0.0000, instance_loss: 0.0000, weighted_loss: 0.0000, label: 0, bag_size: 22061
batch 119, loss: 0.0003, instance_loss: 0.0039, weighted_loss: 0.0013, label: 1, bag_size: 3411
batch 139, loss: 0.0366, instance_loss: 0.0002, weighted_loss: 0.0257, label: 0, bag_size: 10665
batch 159, loss: 0.0002, instance_loss: 0.0002, weighted_loss: 0.0002, label: 0, bag_size: 2999
batch 179, loss: 0.0021, instance_loss: 0.0007, weighted_loss: 0.0017, label: 1, bag_size: 8663
batch 199, loss: 0.0085, instance_loss: 0.0000, weighted_loss: 0.0060, label: 1, bag_size: 22624
batch 219, loss: 0.0000, instance_loss: 0.0008, weighted_loss: 0.0003, label: 0, bag_size: 78871
batch 239, loss: 0.0024, instance_loss: 0.0003, weighted_loss: 0.0018, label: 1, bag_size: 6812
batch 259, loss: 0.0000, instance_loss: 0.0000, weighted_loss: 0.0000, label: 1, bag_size: 3628
batch 279, loss: 0.0442, instance_loss: 0.0000, weighted_loss: 0.0309, label: 1, bag_size: 14763
batch 299, loss: 0.0035, instance_loss: 0.0002, weighted_loss: 0.0025, label: 1, bag_size: 4365
batch 319, loss: 0.0013, instance_loss: 0.0003, weighted_loss: 0.0010, label: 1, bag_size: 12989
batch 339, loss: 0.0042, instance_loss: 0.0000, weighted_loss: 0.0030, label: 1, bag_size: 4276
batch 359, loss: 0.0000, instance_loss: 0.0000, weighted_loss: 0.0000, label: 1, bag_size: 3628
batch 379, loss: 0.0082, instance_loss: 0.0004, weighted_loss: 0.0059, label: 1, bag_size: 6023
batch 399, loss: 0.0042, instance_loss: 0.0000, weighted_loss: 0.0029, label: 1, bag_size: 22042
batch 419, loss: 0.0026, instance_loss: 0.0000, weighted_loss: 0.0018, label: 1, bag_size: 6344
batch 439, loss: 0.0063, instance_loss: 0.0000, weighted_loss: 0.0044, label: 1, bag_size: 18621
batch 459, loss: 0.0002, instance_loss: 0.0000, weighted_loss: 0.0002, label: 1, bag_size: 3354
batch 479, loss: 0.0000, instance_loss: 0.0000, weighted_loss: 0.0000, label: 0, bag_size: 8781
batch 499, loss: 0.0104, instance_loss: 0.0000, weighted_loss: 0.0073, label: 1, bag_size: 14528
batch 519, loss: 0.0002, instance_loss: 0.0018, weighted_loss: 0.0007, label: 1, bag_size: 3411
batch 539, loss: 0.0012, instance_loss: 0.0000, weighted_loss: 0.0009, label: 0, bag_size: 14855
batch 559, loss: 0.0002, instance_loss: 0.0000, weighted_loss: 0.0001, label: 0, bag_size: 13922
batch 579, loss: 0.0000, instance_loss: 0.0000, weighted_loss: 0.0000, label: 0, bag_size: 11616
batch 599, loss: 0.0025, instance_loss: 0.0000, weighted_loss: 0.0017, label: 1, bag_size: 13646
batch 619, loss: 0.0001, instance_loss: 0.0010, weighted_loss: 0.0004, label: 1, bag_size: 4492
batch 639, loss: 0.0002, instance_loss: 0.0000, weighted_loss: 0.0002, label: 1, bag_size: 3354
batch 659, loss: 0.0000, instance_loss: 0.0002, weighted_loss: 0.0001, label: 0, bag_size: 3383
batch 679, loss: 0.0002, instance_loss: 0.0000, weighted_loss: 0.0001, label: 1, bag_size: 7733
batch 699, loss: 0.0015, instance_loss: 0.0005, weighted_loss: 0.0012, label: 1, bag_size: 12989
batch 719, loss: 0.0012, instance_loss: 0.0000, weighted_loss: 0.0008, label: 1, bag_size: 12989
batch 739, loss: 0.0001, instance_loss: 0.0000, weighted_loss: 0.0000, label: 1, bag_size: 3354
batch 759, loss: 0.0001, instance_loss: 0.0002, weighted_loss: 0.0001, label: 1, bag_size: 4492
batch 779, loss: 0.0013, instance_loss: 0.0000, weighted_loss: 0.0009, label: 1, bag_size: 2644
batch 799, loss: 0.0005, instance_loss: 0.0000, weighted_loss: 0.0003, label: 0, bag_size: 15365
batch 819, loss: 2.9511, instance_loss: 0.0000, weighted_loss: 2.0658, label: 0, bag_size: 12490
batch 839, loss: 0.0000, instance_loss: 0.0000, weighted_loss: 0.0000, label: 1, bag_size: 3354
batch 859, loss: 0.0000, instance_loss: 0.0000, weighted_loss: 0.0000, label: 0, bag_size: 7815
batch 879, loss: 0.0816, instance_loss: 0.0000, weighted_loss: 0.0571, label: 0, bag_size: 2843


class 0 clustering acc 1.0: correct 7144/7144
class 1 clustering acc 1.0: correct 7144/7144
Epoch: 7, train_loss: 0.0172, train_clustering_loss:  0.0012, train_error: 0.0056
class 0: acc 0.9933184855233853, correct 446/449
class 1: acc 0.9954954954954955, correct 442/444

Val Set, val_loss: 0.7499, val_error: 0.1351, auc: 0.5418
class 0 clustering acc 0.9993243243243243: correct 1479/1480
class 1 clustering acc 0.9993243243243243: correct 1479/1480
class 0: acc 0.9080459770114943, correct 158/174
class 1: acc 0.18181818181818182, correct 2/11
EarlyStopping counter: 6 out of 10


batch 19, loss: 0.0001, instance_loss: 0.0000, weighted_loss: 0.0000, label: 1, bag_size: 22399
batch 39, loss: 0.0000, instance_loss: 0.0000, weighted_loss: 0.0000, label: 0, bag_size: 5545
batch 59, loss: 0.0000, instance_loss: 0.0000, weighted_loss: 0.0000, label: 0, bag_size: 7208
batch 79, loss: 0.0030, instance_loss: 0.0000, weighted_loss: 0.0021, label: 1, bag_size: 4365
batch 99, loss: 0.0000, instance_loss: 0.0000, weighted_loss: 0.0000, label: 0, bag_size: 2887
batch 119, loss: 0.0000, instance_loss: 0.0000, weighted_loss: 0.0000, label: 1, bag_size: 3628
batch 139, loss: 0.0000, instance_loss: 0.0000, weighted_loss: 0.0000, label: 0, bag_size: 1614
batch 159, loss: 0.0000, instance_loss: 0.0000, weighted_loss: 0.0000, label: 0, bag_size: 1879
batch 179, loss: 0.0076, instance_loss: 0.0000, weighted_loss: 0.0053, label: 0, bag_size: 1539
batch 199, loss: 0.0015, instance_loss: 0.0002, weighted_loss: 0.0011, label: 1, bag_size: 4365
batch 219, loss: 0.0000, instance_loss: 0.0000, weighted_loss: 0.0000, label: 1, bag_size: 3354
batch 239, loss: 0.0012, instance_loss: 0.0271, weighted_loss: 0.0089, label: 1, bag_size: 6344
batch 259, loss: 0.0000, instance_loss: 0.0000, weighted_loss: 0.0000, label: 0, bag_size: 1768
batch 279, loss: 0.0008, instance_loss: 0.0000, weighted_loss: 0.0005, label: 0, bag_size: 25603
batch 299, loss: 0.0051, instance_loss: 0.0002, weighted_loss: 0.0037, label: 1, bag_size: 6028
batch 319, loss: 0.0844, instance_loss: 0.0000, weighted_loss: 0.0591, label: 0, bag_size: 11037
batch 339, loss: 0.0000, instance_loss: 0.0000, weighted_loss: 0.0000, label: 0, bag_size: 6837
batch 359, loss: 0.0000, instance_loss: 0.0002, weighted_loss: 0.0001, label: 0, bag_size: 3374
batch 379, loss: 0.0163, instance_loss: 0.0002, weighted_loss: 0.0114, label: 1, bag_size: 13571
batch 399, loss: 0.0000, instance_loss: 0.0000, weighted_loss: 0.0000, label: 0, bag_size: 1601
batch 419, loss: 0.0000, instance_loss: 0.0000, weighted_loss: 0.0000, label: 0, bag_size: 4187
batch 439, loss: 0.0000, instance_loss: 0.0000, weighted_loss: 0.0000, label: 0, bag_size: 14291
batch 459, loss: 0.0000, instance_loss: 0.0000, weighted_loss: 0.0000, label: 0, bag_size: 16854
batch 479, loss: 0.0857, instance_loss: 0.0010, weighted_loss: 0.0603, label: 1, bag_size: 14318
batch 499, loss: 0.0001, instance_loss: 0.0000, weighted_loss: 0.0000, label: 0, bag_size: 15634
batch 519, loss: 0.0000, instance_loss: 0.0004, weighted_loss: 0.0001, label: 0, bag_size: 5262
batch 539, loss: 0.0170, instance_loss: 0.0009, weighted_loss: 0.0122, label: 1, bag_size: 14763
batch 559, loss: 0.0007, instance_loss: 0.0000, weighted_loss: 0.0005, label: 1, bag_size: 22399
batch 579, loss: 0.0006, instance_loss: 0.0000, weighted_loss: 0.0004, label: 0, bag_size: 18985
batch 599, loss: 0.1173, instance_loss: 0.0000, weighted_loss: 0.0821, label: 0, bag_size: 15923
batch 619, loss: 0.0747, instance_loss: 0.0006, weighted_loss: 0.0525, label: 0, bag_size: 6081
batch 639, loss: 0.0003, instance_loss: 0.0008, weighted_loss: 0.0005, label: 1, bag_size: 3411
batch 659, loss: 0.0029, instance_loss: 0.0014, weighted_loss: 0.0025, label: 1, bag_size: 8663
batch 679, loss: 0.0021, instance_loss: 0.0009, weighted_loss: 0.0018, label: 1, bag_size: 3621
batch 699, loss: 0.0032, instance_loss: 0.0011, weighted_loss: 0.0026, label: 0, bag_size: 2979
batch 719, loss: 0.0006, instance_loss: 0.0107, weighted_loss: 0.0037, label: 1, bag_size: 3024
batch 739, loss: 0.0000, instance_loss: 0.0000, weighted_loss: 0.0000, label: 0, bag_size: 4528
batch 759, loss: 0.0037, instance_loss: 0.0008, weighted_loss: 0.0028, label: 1, bag_size: 13571
batch 779, loss: 0.0002, instance_loss: 0.0030, weighted_loss: 0.0010, label: 0, bag_size: 18895
batch 799, loss: 0.0000, instance_loss: 0.0003, weighted_loss: 0.0001, label: 0, bag_size: 9767
batch 819, loss: 0.0000, instance_loss: 0.0000, weighted_loss: 0.0000, label: 0, bag_size: 9388
batch 839, loss: 0.0000, instance_loss: 0.0000, weighted_loss: 0.0000, label: 0, bag_size: 5180
batch 859, loss: 0.0003, instance_loss: 0.0000, weighted_loss: 0.0002, label: 1, bag_size: 14414
batch 879, loss: 0.0000, instance_loss: 0.0002, weighted_loss: 0.0001, label: 0, bag_size: 2736


class 0 clustering acc 0.9995800671892497: correct 7141/7144
class 1 clustering acc 0.9997200447928332: correct 7142/7144
Epoch: 8, train_loss: 0.0272, train_clustering_loss:  0.0027, train_error: 0.0090
class 0: acc 0.9911504424778761, correct 448/452
class 1: acc 0.9909297052154195, correct 437/441

Val Set, val_loss: 0.7041, val_error: 0.0811, auc: 0.5381
class 0 clustering acc 1.0: correct 1480/1480
class 1 clustering acc 0.9993243243243243: correct 1479/1480
class 0: acc 0.9712643678160919, correct 169/174
class 1: acc 0.09090909090909091, correct 1/11
EarlyStopping counter: 7 out of 10


batch 19, loss: 0.0216, instance_loss: 0.0000, weighted_loss: 0.0151, label: 1, bag_size: 14318
batch 39, loss: 0.0001, instance_loss: 0.0010, weighted_loss: 0.0003, label: 1, bag_size: 2853
batch 59, loss: 0.0000, instance_loss: 0.0002, weighted_loss: 0.0001, label: 0, bag_size: 8115
batch 79, loss: 0.0000, instance_loss: 0.0000, weighted_loss: 0.0000, label: 0, bag_size: 13470
batch 99, loss: 0.0007, instance_loss: 0.0013, weighted_loss: 0.0009, label: 1, bag_size: 3628
batch 119, loss: 0.0001, instance_loss: 0.0000, weighted_loss: 0.0000, label: 1, bag_size: 15079
batch 139, loss: 0.0002, instance_loss: 0.0004, weighted_loss: 0.0003, label: 0, bag_size: 19988
batch 159, loss: 0.0007, instance_loss: 0.0000, weighted_loss: 0.0005, label: 1, bag_size: 6812
batch 179, loss: 0.0000, instance_loss: 0.0000, weighted_loss: 0.0000, label: 0, bag_size: 9759
batch 199, loss: 0.0097, instance_loss: 0.0008, weighted_loss: 0.0071, label: 0, bag_size: 3706
batch 219, loss: 0.0000, instance_loss: 0.0000, weighted_loss: 0.0000, label: 0, bag_size: 2405
batch 239, loss: 0.0004, instance_loss: 0.0005, weighted_loss: 0.0004, label: 1, bag_size: 14763
batch 259, loss: 0.0000, instance_loss: 0.0007, weighted_loss: 0.0002, label: 0, bag_size: 3854
batch 279, loss: 0.0093, instance_loss: 0.0655, weighted_loss: 0.0262, label: 0, bag_size: 4085
batch 299, loss: 0.0050, instance_loss: 0.0000, weighted_loss: 0.0035, label: 1, bag_size: 6344
batch 319, loss: 0.0000, instance_loss: 0.0000, weighted_loss: 0.0000, label: 0, bag_size: 2780
batch 339, loss: 0.0010, instance_loss: 0.0000, weighted_loss: 0.0007, label: 1, bag_size: 6812
batch 359, loss: 0.0032, instance_loss: 0.0000, weighted_loss: 0.0022, label: 1, bag_size: 4276
batch 379, loss: 0.0021, instance_loss: 0.0312, weighted_loss: 0.0108, label: 0, bag_size: 3409
batch 399, loss: 0.0000, instance_loss: 0.0000, weighted_loss: 0.0000, label: 1, bag_size: 6028
batch 419, loss: 0.0003, instance_loss: 0.0000, weighted_loss: 0.0002, label: 0, bag_size: 14581
batch 439, loss: 0.0001, instance_loss: 0.0018, weighted_loss: 0.0006, label: 1, bag_size: 3411
batch 459, loss: 0.0000, instance_loss: 0.0000, weighted_loss: 0.0000, label: 1, bag_size: 15079
batch 479, loss: 0.0000, instance_loss: 0.0000, weighted_loss: 0.0000, label: 0, bag_size: 6019
batch 499, loss: 0.0001, instance_loss: 0.0000, weighted_loss: 0.0001, label: 0, bag_size: 1431
batch 519, loss: 0.0000, instance_loss: 0.0006, weighted_loss: 0.0002, label: 0, bag_size: 4062
batch 539, loss: 0.0002, instance_loss: 0.0000, weighted_loss: 0.0002, label: 1, bag_size: 2853
batch 559, loss: 0.0004, instance_loss: 0.0000, weighted_loss: 0.0003, label: 0, bag_size: 20383
batch 579, loss: 0.0299, instance_loss: 0.0002, weighted_loss: 0.0210, label: 1, bag_size: 4563
batch 599, loss: 0.0006, instance_loss: 0.0002, weighted_loss: 0.0005, label: 1, bag_size: 6028
batch 619, loss: 0.0000, instance_loss: 0.0048, weighted_loss: 0.0015, label: 0, bag_size: 3305
batch 639, loss: 0.0386, instance_loss: 0.0000, weighted_loss: 0.0270, label: 1, bag_size: 14414
batch 659, loss: 0.0055, instance_loss: 0.0044, weighted_loss: 0.0052, label: 0, bag_size: 2681
batch 679, loss: 0.3569, instance_loss: 0.0000, weighted_loss: 0.2498, label: 0, bag_size: 2979
batch 699, loss: 0.0004, instance_loss: 0.0060, weighted_loss: 0.0021, label: 1, bag_size: 3411
batch 719, loss: 0.0000, instance_loss: 0.0000, weighted_loss: 0.0000, label: 0, bag_size: 9265
batch 739, loss: 0.0000, instance_loss: 0.0291, weighted_loss: 0.0087, label: 0, bag_size: 1801
batch 759, loss: 0.0001, instance_loss: 0.0106, weighted_loss: 0.0032, label: 0, bag_size: 6615
batch 779, loss: 0.0000, instance_loss: 0.0000, weighted_loss: 0.0000, label: 0, bag_size: 10620
batch 799, loss: 0.0041, instance_loss: 0.0180, weighted_loss: 0.0083, label: 1, bag_size: 7733
batch 819, loss: 0.0257, instance_loss: 0.0004, weighted_loss: 0.0181, label: 1, bag_size: 16197
batch 839, loss: 0.0000, instance_loss: 0.0052, weighted_loss: 0.0016, label: 0, bag_size: 4623
batch 859, loss: 0.0000, instance_loss: 0.0000, weighted_loss: 0.0000, label: 0, bag_size: 8950
batch 879, loss: 0.0037, instance_loss: 0.0008, weighted_loss: 0.0028, label: 1, bag_size: 13646


class 0 clustering acc 0.9991601343784995: correct 7138/7144
class 1 clustering acc 0.9995800671892497: correct 7141/7144
Epoch: 9, train_loss: 0.0576, train_clustering_loss:  0.0037, train_error: 0.0146
class 0: acc 0.9849785407725322, correct 459/466
class 1: acc 0.9859484777517564, correct 421/427

Val Set, val_loss: 0.6785, val_error: 0.0703, auc: 0.5167
class 0 clustering acc 0.9972972972972973: correct 1476/1480
class 1 clustering acc 0.9986486486486487: correct 1478/1480
class 0: acc 0.9885057471264368, correct 172/174
class 1: acc 0.0, correct 0/11
EarlyStopping counter: 8 out of 10


batch 19, loss: 0.0000, instance_loss: 0.0007, weighted_loss: 0.0002, label: 0, bag_size: 16051
batch 39, loss: 0.0000, instance_loss: 0.0000, weighted_loss: 0.0000, label: 0, bag_size: 1517
batch 59, loss: 0.0000, instance_loss: 0.0000, weighted_loss: 0.0000, label: 0, bag_size: 18504
batch 79, loss: 0.0000, instance_loss: 0.0000, weighted_loss: 0.0000, label: 0, bag_size: 10195
batch 99, loss: 0.0003, instance_loss: 0.0000, weighted_loss: 0.0002, label: 0, bag_size: 3315
batch 119, loss: 0.0057, instance_loss: 0.0000, weighted_loss: 0.0040, label: 1, bag_size: 15079
batch 139, loss: 0.0000, instance_loss: 0.0000, weighted_loss: 0.0000, label: 0, bag_size: 5661
batch 159, loss: 0.0048, instance_loss: 0.0000, weighted_loss: 0.0034, label: 1, bag_size: 22042
batch 179, loss: 0.0053, instance_loss: 0.0000, weighted_loss: 0.0037, label: 1, bag_size: 3024
batch 199, loss: 0.0001, instance_loss: 0.0000, weighted_loss: 0.0001, label: 0, bag_size: 7324
batch 219, loss: 0.0053, instance_loss: 0.0008, weighted_loss: 0.0039, label: 1, bag_size: 12989
batch 239, loss: 0.0026, instance_loss: 0.0000, weighted_loss: 0.0018, label: 1, bag_size: 2671
batch 259, loss: 0.0000, instance_loss: 0.0000, weighted_loss: 0.0000, label: 0, bag_size: 10001
batch 279, loss: 0.0000, instance_loss: 0.0000, weighted_loss: 0.0000, label: 1, bag_size: 3628
batch 299, loss: 0.0001, instance_loss: 0.0000, weighted_loss: 0.0000, label: 0, bag_size: 19946
batch 319, loss: 0.0000, instance_loss: 0.0000, weighted_loss: 0.0000, label: 0, bag_size: 18431
batch 339, loss: 0.0001, instance_loss: 0.0000, weighted_loss: 0.0001, label: 1, bag_size: 22624
batch 359, loss: 0.0003, instance_loss: 0.0000, weighted_loss: 0.0002, label: 0, bag_size: 16640
batch 379, loss: 0.0521, instance_loss: 0.0000, weighted_loss: 0.0365, label: 1, bag_size: 3024
batch 399, loss: 0.0029, instance_loss: 0.0000, weighted_loss: 0.0020, label: 1, bag_size: 6023
batch 419, loss: 0.0128, instance_loss: 0.0000, weighted_loss: 0.0090, label: 1, bag_size: 14528
batch 439, loss: 0.0057, instance_loss: 0.0000, weighted_loss: 0.0040, label: 1, bag_size: 4276
batch 459, loss: 0.0006, instance_loss: 0.0002, weighted_loss: 0.0004, label: 1, bag_size: 6028
batch 479, loss: 0.0003, instance_loss: 0.0000, weighted_loss: 0.0002, label: 0, bag_size: 3298
batch 499, loss: 0.0000, instance_loss: 0.0000, weighted_loss: 0.0000, label: 0, bag_size: 8955
batch 519, loss: 0.0000, instance_loss: 0.0000, weighted_loss: 0.0000, label: 0, bag_size: 8863
batch 539, loss: 0.0005, instance_loss: 0.0000, weighted_loss: 0.0004, label: 0, bag_size: 6699
batch 559, loss: 0.0000, instance_loss: 0.0000, weighted_loss: 0.0000, label: 0, bag_size: 5786
batch 579, loss: 0.0014, instance_loss: 0.0000, weighted_loss: 0.0010, label: 1, bag_size: 22624
batch 599, loss: 0.0039, instance_loss: 0.0000, weighted_loss: 0.0027, label: 0, bag_size: 18054
batch 619, loss: 0.0030, instance_loss: 0.0000, weighted_loss: 0.0021, label: 1, bag_size: 2637
batch 639, loss: 0.0020, instance_loss: 0.0000, weighted_loss: 0.0014, label: 1, bag_size: 13571
batch 659, loss: 0.0000, instance_loss: 0.0010, weighted_loss: 0.0003, label: 0, bag_size: 2936
batch 679, loss: 0.0000, instance_loss: 0.0000, weighted_loss: 0.0000, label: 0, bag_size: 3725
batch 699, loss: 0.0018, instance_loss: 0.0004, weighted_loss: 0.0014, label: 1, bag_size: 3354
batch 719, loss: 0.0515, instance_loss: 0.0003, weighted_loss: 0.0362, label: 1, bag_size: 18621
batch 739, loss: 0.0009, instance_loss: 0.0003, weighted_loss: 0.0007, label: 1, bag_size: 12989
batch 759, loss: 0.0007, instance_loss: 0.0000, weighted_loss: 0.0005, label: 1, bag_size: 3354
batch 779, loss: 0.0004, instance_loss: 0.0090, weighted_loss: 0.0030, label: 1, bag_size: 3411
batch 799, loss: 0.0014, instance_loss: 0.0002, weighted_loss: 0.0010, label: 1, bag_size: 2671
batch 819, loss: 0.0007, instance_loss: 0.0000, weighted_loss: 0.0005, label: 1, bag_size: 6028
batch 839, loss: 0.0000, instance_loss: 0.0000, weighted_loss: 0.0000, label: 1, bag_size: 5137
batch 859, loss: 0.0000, instance_loss: 0.0000, weighted_loss: 0.0000, label: 0, bag_size: 1218
batch 879, loss: 0.0008, instance_loss: 0.0000, weighted_loss: 0.0005, label: 1, bag_size: 8663


class 0 clustering acc 1.0: correct 7144/7144
class 1 clustering acc 1.0: correct 7144/7144
Epoch: 10, train_loss: 0.0407, train_clustering_loss:  0.0007, train_error: 0.0112
class 0: acc 0.9866369710467706, correct 443/449
class 1: acc 0.990990990990991, correct 440/444

Val Set, val_loss: 0.6855, val_error: 0.0649, auc: 0.5303
class 0 clustering acc 1.0: correct 1480/1480
class 1 clustering acc 1.0: correct 1480/1480
class 0: acc 0.9942528735632183, correct 173/174
class 1: acc 0.0, correct 0/11
EarlyStopping counter: 9 out of 10


batch 19, loss: 0.0002, instance_loss: 0.0000, weighted_loss: 0.0001, label: 0, bag_size: 19946
batch 39, loss: 0.0000, instance_loss: 0.0000, weighted_loss: 0.0000, label: 0, bag_size: 1517
batch 59, loss: 0.0004, instance_loss: 0.0000, weighted_loss: 0.0003, label: 1, bag_size: 3354
batch 79, loss: 0.0010, instance_loss: 0.0000, weighted_loss: 0.0007, label: 1, bag_size: 14318
batch 99, loss: 0.0000, instance_loss: 0.0000, weighted_loss: 0.0000, label: 0, bag_size: 3314
batch 119, loss: 0.0003, instance_loss: 0.0008, weighted_loss: 0.0004, label: 0, bag_size: 4777
batch 139, loss: 0.0004, instance_loss: 0.0000, weighted_loss: 0.0003, label: 0, bag_size: 15510
batch 159, loss: 0.0001, instance_loss: 0.0000, weighted_loss: 0.0000, label: 1, bag_size: 2637
batch 179, loss: 0.0008, instance_loss: 0.0000, weighted_loss: 0.0005, label: 1, bag_size: 2671
batch 199, loss: 0.0001, instance_loss: 0.0000, weighted_loss: 0.0001, label: 0, bag_size: 7491
batch 219, loss: 0.0652, instance_loss: 0.0000, weighted_loss: 0.0457, label: 1, bag_size: 14318
batch 239, loss: 0.0009, instance_loss: 0.0000, weighted_loss: 0.0006, label: 0, bag_size: 5444
batch 259, loss: 0.0000, instance_loss: 0.0002, weighted_loss: 0.0001, label: 1, bag_size: 5137
batch 279, loss: 0.0000, instance_loss: 0.0000, weighted_loss: 0.0000, label: 0, bag_size: 8178
batch 299, loss: 0.0001, instance_loss: 0.0000, weighted_loss: 0.0001, label: 0, bag_size: 10653
batch 319, loss: 0.0000, instance_loss: 0.0000, weighted_loss: 0.0000, label: 0, bag_size: 17547
batch 339, loss: 0.0021, instance_loss: 0.0000, weighted_loss: 0.0015, label: 1, bag_size: 13646
batch 359, loss: 0.4242, instance_loss: 0.0000, weighted_loss: 0.2970, label: 1, bag_size: 18621
batch 379, loss: 0.0003, instance_loss: 0.0000, weighted_loss: 0.0002, label: 1, bag_size: 22042
batch 399, loss: 0.0002, instance_loss: 0.0000, weighted_loss: 0.0001, label: 0, bag_size: 1717
batch 419, loss: 0.0100, instance_loss: 0.0000, weighted_loss: 0.0070, label: 1, bag_size: 13646
batch 439, loss: 0.0000, instance_loss: 0.0000, weighted_loss: 0.0000, label: 0, bag_size: 5549
batch 459, loss: 0.1646, instance_loss: 0.0000, weighted_loss: 0.1152, label: 1, bag_size: 12989
batch 479, loss: 0.0367, instance_loss: 0.0000, weighted_loss: 0.0257, label: 1, bag_size: 18621
batch 499, loss: 0.0000, instance_loss: 0.0016, weighted_loss: 0.0005, label: 1, bag_size: 3024
batch 519, loss: 0.0006, instance_loss: 0.0000, weighted_loss: 0.0004, label: 1, bag_size: 8663
batch 539, loss: 0.0022, instance_loss: 0.0000, weighted_loss: 0.0016, label: 1, bag_size: 14414
batch 559, loss: 0.0000, instance_loss: 0.0000, weighted_loss: 0.0000, label: 0, bag_size: 18504
batch 579, loss: 0.3430, instance_loss: 0.0000, weighted_loss: 0.2401, label: 1, bag_size: 4365
batch 599, loss: 0.0019, instance_loss: 0.0000, weighted_loss: 0.0013, label: 1, bag_size: 4276
batch 619, loss: 0.0001, instance_loss: 0.0000, weighted_loss: 0.0001, label: 1, bag_size: 22399
batch 639, loss: 0.0000, instance_loss: 0.0000, weighted_loss: 0.0000, label: 0, bag_size: 17334
batch 659, loss: 0.0001, instance_loss: 0.0000, weighted_loss: 0.0001, label: 1, bag_size: 2637
batch 679, loss: 0.0010, instance_loss: 0.0000, weighted_loss: 0.0007, label: 1, bag_size: 8663
batch 699, loss: 0.0013, instance_loss: 0.0000, weighted_loss: 0.0009, label: 1, bag_size: 7733
batch 719, loss: 0.3699, instance_loss: 0.0000, weighted_loss: 0.2589, label: 0, bag_size: 16977
batch 739, loss: 0.0000, instance_loss: 0.0007, weighted_loss: 0.0002, label: 0, bag_size: 4683
batch 759, loss: 0.0000, instance_loss: 0.0000, weighted_loss: 0.0000, label: 0, bag_size: 7560
batch 779, loss: 0.0001, instance_loss: 0.0011, weighted_loss: 0.0004, label: 0, bag_size: 1954
batch 799, loss: 0.0010, instance_loss: 0.0000, weighted_loss: 0.0007, label: 1, bag_size: 5137
batch 819, loss: 0.0000, instance_loss: 0.0000, weighted_loss: 0.0000, label: 0, bag_size: 10658
batch 839, loss: 0.0010, instance_loss: 0.0000, weighted_loss: 0.0007, label: 1, bag_size: 16197
batch 859, loss: 0.0013, instance_loss: 0.0000, weighted_loss: 0.0009, label: 1, bag_size: 21952
batch 879, loss: 0.0086, instance_loss: 0.0000, weighted_loss: 0.0060, label: 1, bag_size: 14318


class 0 clustering acc 1.0: correct 7144/7144
class 1 clustering acc 1.0: correct 7144/7144
Epoch: 11, train_loss: 0.0317, train_clustering_loss:  0.0009, train_error: 0.0134
class 0: acc 0.9839449541284404, correct 429/436
class 1: acc 0.9890590809628009, correct 452/457

Val Set, val_loss: 0.7414, val_error: 0.0649, auc: 0.5209
class 0 clustering acc 1.0: correct 1480/1480
class 1 clustering acc 1.0: correct 1480/1480
class 0: acc 0.9885057471264368, correct 172/174
class 1: acc 0.09090909090909091, correct 1/11
EarlyStopping counter: 10 out of 10
Early stopping
Val error: 0.0811, ROC AUC: 0.6473
CV validation error: 0.0811, ROC AUC: 0.6473
class 0: acc 0.9655172413793104, correct 168/174
class 1: acc 0.18181818181818182, correct 2/11
Future event metrics: {"fold": 1, "events": 92, "positive_events": 5, "event_average_precision": 0.1892182462927144, "event_roc_auc": 0.6942528735632185, "event_brier": 0.053358673363811046, "aggregation": "mean probability across all included stains/slides of same patient/anchor date", "exploratory_cv_not_independent_final_test": true}
HE augmentation: {"fold": 2, "seed": 31, "train_slides": 902, "eligible_he_train": 49, "unchanged_train": 853, "policy": "geometry", "total_views": 2, "he_original_probability": 0.5, "view_seed": 20492203, "val_test_original_only": true, "split_sha256": "c5d33a72b4a181a18151c083093cf8ba447b5639448fa5dac814dd50132343ea", "validation_used_for_checkpoint_selection": true, "independent_final_test": false}

Training Fold 2!

Init train/val/test splits... 
Done!
Training on 902 samples
Validating on 176 samples
Testing on 0 samples

Init loss function... Done!

Init Model... Setting tau to 1.0
Done!
CLAM_SB(
  (attention_net): Sequential(
    (0): Linear(in_features=1536, out_features=512, bias=True)
    (1): ReLU()
    (2): Dropout(p=0.25, inplace=False)
    (3): Attn_Net_Gated(
      (attention_a): Sequential(
        (0): Linear(in_features=512, out_features=256, bias=True)
        (1): Tanh()
        (2): Dropout(p=0.25, inplace=False)
      )
      (attention_b): Sequential(
        (0): Linear(in_features=512, out_features=256, bias=True)
        (1): Sigmoid()
        (2): Dropout(p=0.25, inplace=False)
      )
      (attention_c): Linear(in_features=256, out_features=1, bias=True)
    )
  )
  (classifiers): Linear(in_features=512, out_features=2, bias=True)
  (instance_classifiers): ModuleList(
    (0-1): 2 x Linear(in_features=512, out_features=2, bias=True)
  )
  (instance_loss_fn): SmoothTop1SVM()
)
Total number of parameters: 1052935
Total number of trainable parameters: 1052935

Init optimizer ... Done!

Init Loaders... Done!

Setup EarlyStopping... Done!


batch 19, loss: 1.6345, instance_loss: 1.2009, weighted_loss: 1.5044, label: 1, bag_size: 10371
batch 39, loss: 0.7954, instance_loss: 0.8223, weighted_loss: 0.8034, label: 0, bag_size: 13636
batch 59, loss: 0.7157, instance_loss: 0.5262, weighted_loss: 0.6589, label: 1, bag_size: 1140
batch 79, loss: 0.3797, instance_loss: 0.3801, weighted_loss: 0.3799, label: 1, bag_size: 22042
batch 99, loss: 0.5876, instance_loss: 2.9143, weighted_loss: 1.2856, label: 0, bag_size: 17549
batch 119, loss: 0.7377, instance_loss: 1.4425, weighted_loss: 0.9492, label: 0, bag_size: 873
batch 139, loss: 0.6175, instance_loss: 0.4254, weighted_loss: 0.5599, label: 1, bag_size: 3621
batch 159, loss: 1.4522, instance_loss: 1.7920, weighted_loss: 1.5541, label: 0, bag_size: 1601
batch 179, loss: 0.6974, instance_loss: 0.5523, weighted_loss: 0.6539, label: 1, bag_size: 10180
batch 199, loss: 0.1643, instance_loss: 0.1826, weighted_loss: 0.1698, label: 1, bag_size: 16197
batch 219, loss: 1.1723, instance_loss: 0.6070, weighted_loss: 1.0027, label: 0, bag_size: 15510
batch 239, loss: 0.4365, instance_loss: 0.1723, weighted_loss: 0.3573, label: 1, bag_size: 14318
batch 259, loss: 0.4184, instance_loss: 1.4008, weighted_loss: 0.7131, label: 1, bag_size: 3628
batch 279, loss: 0.7899, instance_loss: 0.1321, weighted_loss: 0.5925, label: 0, bag_size: 13449
batch 299, loss: 0.4678, instance_loss: 0.0185, weighted_loss: 0.3330, label: 1, bag_size: 6028
batch 319, loss: 0.6325, instance_loss: 0.0315, weighted_loss: 0.4522, label: 0, bag_size: 1072
batch 339, loss: 0.6040, instance_loss: 0.0091, weighted_loss: 0.4255, label: 1, bag_size: 14763
batch 359, loss: 0.4920, instance_loss: 0.0173, weighted_loss: 0.3496, label: 0, bag_size: 15461
batch 379, loss: 0.2248, instance_loss: 0.0079, weighted_loss: 0.1597, label: 1, bag_size: 5906
batch 399, loss: 0.5503, instance_loss: 0.0048, weighted_loss: 0.3866, label: 0, bag_size: 13691
batch 419, loss: 0.6080, instance_loss: 0.0705, weighted_loss: 0.4467, label: 1, bag_size: 2853
batch 439, loss: 0.2892, instance_loss: 0.0014, weighted_loss: 0.2029, label: 1, bag_size: 14318
batch 459, loss: 0.9841, instance_loss: 0.0497, weighted_loss: 0.7038, label: 1, bag_size: 8663
batch 479, loss: 0.1129, instance_loss: 0.0010, weighted_loss: 0.0793, label: 1, bag_size: 6344
batch 499, loss: 0.3423, instance_loss: 0.0105, weighted_loss: 0.2427, label: 0, bag_size: 10553
batch 519, loss: 0.3362, instance_loss: 0.0048, weighted_loss: 0.2368, label: 0, bag_size: 3253
batch 539, loss: 0.8357, instance_loss: 0.0116, weighted_loss: 0.5885, label: 1, bag_size: 4516
batch 559, loss: 0.3392, instance_loss: 0.0041, weighted_loss: 0.2387, label: 1, bag_size: 10180
batch 579, loss: 1.3787, instance_loss: 0.0391, weighted_loss: 0.9768, label: 0, bag_size: 2926
batch 599, loss: 0.2438, instance_loss: 0.0022, weighted_loss: 0.1713, label: 0, bag_size: 15470
batch 619, loss: 0.1949, instance_loss: 0.0035, weighted_loss: 0.1375, label: 0, bag_size: 15444
batch 639, loss: 0.8479, instance_loss: 0.0105, weighted_loss: 0.5967, label: 1, bag_size: 3411
batch 659, loss: 0.4944, instance_loss: 0.0042, weighted_loss: 0.3473, label: 0, bag_size: 4760
batch 679, loss: 0.5082, instance_loss: 0.0080, weighted_loss: 0.3581, label: 1, bag_size: 3411
batch 699, loss: 0.7237, instance_loss: 0.0115, weighted_loss: 0.5101, label: 0, bag_size: 1556
batch 719, loss: 0.2027, instance_loss: 0.0108, weighted_loss: 0.1451, label: 0, bag_size: 19929
batch 739, loss: 0.1086, instance_loss: 0.0056, weighted_loss: 0.0777, label: 1, bag_size: 13571
batch 759, loss: 0.0530, instance_loss: 0.0016, weighted_loss: 0.0376, label: 1, bag_size: 12989
batch 779, loss: 0.8178, instance_loss: 0.0051, weighted_loss: 0.5740, label: 0, bag_size: 13944
batch 799, loss: 0.5439, instance_loss: 0.0045, weighted_loss: 0.3821, label: 0, bag_size: 4062
batch 819, loss: 0.7795, instance_loss: 0.0013, weighted_loss: 0.5461, label: 0, bag_size: 3146
batch 839, loss: 0.0424, instance_loss: 0.0084, weighted_loss: 0.0322, label: 1, bag_size: 5956
batch 859, loss: 0.0776, instance_loss: 0.0066, weighted_loss: 0.0563, label: 0, bag_size: 4823
batch 879, loss: 1.0092, instance_loss: 0.0048, weighted_loss: 0.7079, label: 0, bag_size: 25944
batch 899, loss: 0.9872, instance_loss: 0.0008, weighted_loss: 0.6913, label: 0, bag_size: 2698


class 0 clustering acc 0.9305709534368071: correct 6715/7216
class 1 clustering acc 0.9120011086474501: correct 6581/7216
Epoch: 0, train_loss: 0.6088, train_clustering_loss:  0.3078, train_error: 0.3603
class 0: acc 0.5771971496437055, correct 243/421
class 1: acc 0.6943866943866944, correct 334/481

Val Set, val_loss: 0.4069, val_error: 0.2386, auc: 0.6279
class 0 clustering acc 0.9992897727272727: correct 1407/1408
class 1 clustering acc 1.0: correct 1408/1408
class 0: acc 0.7790697674418605, correct 134/172
class 1: acc 0.0, correct 0/4
Validation loss decreased (inf --> 0.406868).  Saving model ...


batch 19, loss: 1.1247, instance_loss: 0.0020, weighted_loss: 0.7879, label: 1, bag_size: 22399
batch 39, loss: 0.4771, instance_loss: 0.0118, weighted_loss: 0.3375, label: 0, bag_size: 2837
batch 59, loss: 0.9333, instance_loss: 0.0030, weighted_loss: 0.6542, label: 1, bag_size: 10180
batch 79, loss: 0.9088, instance_loss: 0.0059, weighted_loss: 0.6379, label: 1, bag_size: 3024
batch 99, loss: 0.3599, instance_loss: 0.0168, weighted_loss: 0.2569, label: 0, bag_size: 3953
batch 119, loss: 0.5210, instance_loss: 0.0048, weighted_loss: 0.3661, label: 0, bag_size: 6398
batch 139, loss: 0.1194, instance_loss: 0.0018, weighted_loss: 0.0841, label: 1, bag_size: 2644
batch 159, loss: 0.0845, instance_loss: 0.0018, weighted_loss: 0.0597, label: 1, bag_size: 21609
batch 179, loss: 0.6693, instance_loss: 0.0031, weighted_loss: 0.4694, label: 1, bag_size: 10180
batch 199, loss: 0.6991, instance_loss: 0.0009, weighted_loss: 0.4897, label: 1, bag_size: 9833
batch 219, loss: 0.2360, instance_loss: 0.0026, weighted_loss: 0.1660, label: 1, bag_size: 14528
batch 239, loss: 0.5106, instance_loss: 0.0027, weighted_loss: 0.3582, label: 0, bag_size: 3146
batch 259, loss: 0.0188, instance_loss: 0.0000, weighted_loss: 0.0131, label: 0, bag_size: 11672
batch 279, loss: 0.0132, instance_loss: 0.0009, weighted_loss: 0.0095, label: 1, bag_size: 6028
batch 299, loss: 0.0715, instance_loss: 0.0054, weighted_loss: 0.0517, label: 1, bag_size: 16197
batch 319, loss: 0.0573, instance_loss: 0.0007, weighted_loss: 0.0403, label: 1, bag_size: 14318
batch 339, loss: 0.1190, instance_loss: 0.0011, weighted_loss: 0.0836, label: 1, bag_size: 22871
batch 359, loss: 0.5025, instance_loss: 0.0044, weighted_loss: 0.3531, label: 1, bag_size: 3411
batch 379, loss: 1.3632, instance_loss: 0.0038, weighted_loss: 0.9554, label: 0, bag_size: 3365
batch 399, loss: 0.2671, instance_loss: 0.0066, weighted_loss: 0.1889, label: 0, bag_size: 16343
batch 419, loss: 0.1507, instance_loss: 0.0177, weighted_loss: 0.1108, label: 0, bag_size: 2926
batch 439, loss: 0.3627, instance_loss: 0.0044, weighted_loss: 0.2552, label: 0, bag_size: 3167
batch 459, loss: 0.5063, instance_loss: 0.0011, weighted_loss: 0.3547, label: 0, bag_size: 8544
batch 479, loss: 1.3993, instance_loss: 0.0139, weighted_loss: 0.9836, label: 1, bag_size: 3411
batch 499, loss: 1.4970, instance_loss: 0.0023, weighted_loss: 1.0486, label: 0, bag_size: 5584
batch 519, loss: 0.0095, instance_loss: 0.0017, weighted_loss: 0.0072, label: 0, bag_size: 5164
batch 539, loss: 0.0130, instance_loss: 0.0162, weighted_loss: 0.0140, label: 0, bag_size: 11611
batch 559, loss: 0.0904, instance_loss: 0.0025, weighted_loss: 0.0641, label: 1, bag_size: 14528
batch 579, loss: 0.6604, instance_loss: 0.0008, weighted_loss: 0.4625, label: 1, bag_size: 21952
batch 599, loss: 0.2946, instance_loss: 0.0051, weighted_loss: 0.2077, label: 1, bag_size: 14763
batch 619, loss: 0.0077, instance_loss: 0.0000, weighted_loss: 0.0054, label: 1, bag_size: 6344
batch 639, loss: 0.7296, instance_loss: 0.0045, weighted_loss: 0.5121, label: 1, bag_size: 10180
batch 659, loss: 0.1180, instance_loss: 0.0019, weighted_loss: 0.0832, label: 1, bag_size: 4760
batch 679, loss: 0.1183, instance_loss: 0.0015, weighted_loss: 0.0833, label: 1, bag_size: 5956
batch 699, loss: 0.1415, instance_loss: 0.0054, weighted_loss: 0.1007, label: 0, bag_size: 1236
batch 719, loss: 0.1550, instance_loss: 0.0021, weighted_loss: 0.1091, label: 0, bag_size: 6656
batch 739, loss: 0.8773, instance_loss: 0.0247, weighted_loss: 0.6215, label: 0, bag_size: 25070
batch 759, loss: 0.0148, instance_loss: 0.0004, weighted_loss: 0.0105, label: 1, bag_size: 6344
batch 779, loss: 1.0241, instance_loss: 0.0002, weighted_loss: 0.7170, label: 1, bag_size: 4516
batch 799, loss: 0.1944, instance_loss: 0.0000, weighted_loss: 0.1361, label: 1, bag_size: 21952
batch 819, loss: 0.6849, instance_loss: 0.0006, weighted_loss: 0.4796, label: 1, bag_size: 4760
batch 839, loss: 0.1737, instance_loss: 0.0002, weighted_loss: 0.1216, label: 1, bag_size: 10371
batch 859, loss: 0.4699, instance_loss: 0.0005, weighted_loss: 0.3291, label: 0, bag_size: 7017
batch 879, loss: 0.6865, instance_loss: 0.0013, weighted_loss: 0.4809, label: 1, bag_size: 7733
batch 899, loss: 0.0130, instance_loss: 0.0000, weighted_loss: 0.0091, label: 1, bag_size: 22871


class 0 clustering acc 0.9977827050997783: correct 7200/7216
class 1 clustering acc 1.0: correct 7216/7216
Epoch: 1, train_loss: 0.4484, train_clustering_loss:  0.0087, train_error: 0.2129
class 0: acc 0.7816091954022989, correct 340/435
class 1: acc 0.7922912205567452, correct 370/467

Val Set, val_loss: 0.4085, val_error: 0.1818, auc: 0.3445
class 0 clustering acc 1.0: correct 1408/1408
class 1 clustering acc 1.0: correct 1408/1408
class 0: acc 0.8372093023255814, correct 144/172
class 1: acc 0.0, correct 0/4
EarlyStopping counter: 1 out of 10


batch 19, loss: 0.1438, instance_loss: 0.0000, weighted_loss: 0.1007, label: 0, bag_size: 4187
batch 39, loss: 0.2066, instance_loss: 0.0002, weighted_loss: 0.1447, label: 1, bag_size: 3621
batch 59, loss: 0.0350, instance_loss: 0.0000, weighted_loss: 0.0245, label: 0, bag_size: 3003
batch 79, loss: 0.2176, instance_loss: 0.0061, weighted_loss: 0.1541, label: 1, bag_size: 12989
batch 99, loss: 0.4773, instance_loss: 0.0000, weighted_loss: 0.3341, label: 0, bag_size: 2602
batch 119, loss: 0.2818, instance_loss: 0.0000, weighted_loss: 0.1973, label: 0, bag_size: 2979
batch 139, loss: 0.0101, instance_loss: 0.0000, weighted_loss: 0.0071, label: 1, bag_size: 4563
batch 159, loss: 0.0002, instance_loss: 0.0020, weighted_loss: 0.0007, label: 0, bag_size: 17284
batch 179, loss: 0.1348, instance_loss: 0.0034, weighted_loss: 0.0954, label: 1, bag_size: 12989
batch 199, loss: 0.0723, instance_loss: 0.0000, weighted_loss: 0.0506, label: 1, bag_size: 15079
batch 219, loss: 0.0396, instance_loss: 0.0024, weighted_loss: 0.0284, label: 0, bag_size: 16369
batch 239, loss: 0.0011, instance_loss: 0.0000, weighted_loss: 0.0008, label: 0, bag_size: 2956
batch 259, loss: 0.7789, instance_loss: 0.0070, weighted_loss: 0.5473, label: 1, bag_size: 4365
batch 279, loss: 0.0112, instance_loss: 0.0031, weighted_loss: 0.0088, label: 1, bag_size: 14318
batch 299, loss: 0.0296, instance_loss: 0.0008, weighted_loss: 0.0210, label: 0, bag_size: 18076
batch 319, loss: 0.1238, instance_loss: 0.0000, weighted_loss: 0.0867, label: 0, bag_size: 6019
batch 339, loss: 0.3850, instance_loss: 0.0018, weighted_loss: 0.2700, label: 0, bag_size: 7722
batch 359, loss: 0.4822, instance_loss: 0.0035, weighted_loss: 0.3386, label: 1, bag_size: 12989
batch 379, loss: 0.0296, instance_loss: 0.0017, weighted_loss: 0.0212, label: 1, bag_size: 22871
batch 399, loss: 0.0141, instance_loss: 0.0002, weighted_loss: 0.0099, label: 0, bag_size: 18278
batch 419, loss: 0.4308, instance_loss: 0.0018, weighted_loss: 0.3021, label: 1, bag_size: 4365
batch 439, loss: 0.1470, instance_loss: 0.0002, weighted_loss: 0.1030, label: 1, bag_size: 7879
batch 459, loss: 0.2722, instance_loss: 0.0084, weighted_loss: 0.1931, label: 0, bag_size: 4604
batch 479, loss: 1.3182, instance_loss: 0.0338, weighted_loss: 0.9329, label: 1, bag_size: 3411
batch 499, loss: 0.0165, instance_loss: 0.0015, weighted_loss: 0.0120, label: 1, bag_size: 2644
batch 519, loss: 0.0063, instance_loss: 0.0004, weighted_loss: 0.0045, label: 0, bag_size: 19134
batch 539, loss: 0.1235, instance_loss: 0.0010, weighted_loss: 0.0868, label: 1, bag_size: 4365
batch 559, loss: 0.0136, instance_loss: 0.0002, weighted_loss: 0.0096, label: 1, bag_size: 21609
batch 579, loss: 0.0004, instance_loss: 0.0019, weighted_loss: 0.0009, label: 0, bag_size: 14711
batch 599, loss: 0.2990, instance_loss: 0.0000, weighted_loss: 0.2093, label: 1, bag_size: 3621
batch 619, loss: 0.0032, instance_loss: 0.0000, weighted_loss: 0.0022, label: 0, bag_size: 2161
batch 639, loss: 0.0000, instance_loss: 0.0002, weighted_loss: 0.0001, label: 0, bag_size: 13338
batch 659, loss: 0.1385, instance_loss: 0.0006, weighted_loss: 0.0971, label: 1, bag_size: 10371
batch 679, loss: 0.0998, instance_loss: 0.0050, weighted_loss: 0.0713, label: 0, bag_size: 2994
batch 699, loss: 3.5705, instance_loss: 0.0005, weighted_loss: 2.4995, label: 0, bag_size: 12490
batch 719, loss: 0.0006, instance_loss: 0.0000, weighted_loss: 0.0004, label: 0, bag_size: 19131
batch 739, loss: 0.0189, instance_loss: 0.0075, weighted_loss: 0.0155, label: 0, bag_size: 5296
batch 759, loss: 0.0150, instance_loss: 0.0000, weighted_loss: 0.0105, label: 1, bag_size: 22624
batch 779, loss: 0.0133, instance_loss: 0.0018, weighted_loss: 0.0098, label: 1, bag_size: 6028
batch 799, loss: 0.0086, instance_loss: 0.0009, weighted_loss: 0.0063, label: 0, bag_size: 3971
batch 819, loss: 0.2774, instance_loss: 0.0000, weighted_loss: 0.1942, label: 0, bag_size: 3839
batch 839, loss: 0.0000, instance_loss: 0.0000, weighted_loss: 0.0000, label: 0, bag_size: 6778
batch 859, loss: 0.0060, instance_loss: 0.0000, weighted_loss: 0.0042, label: 1, bag_size: 13571
batch 879, loss: 0.0055, instance_loss: 0.0000, weighted_loss: 0.0038, label: 0, bag_size: 3917
batch 899, loss: 0.0294, instance_loss: 0.0011, weighted_loss: 0.0209, label: 1, bag_size: 6344


class 0 clustering acc 0.9986141906873615: correct 7206/7216
class 1 clustering acc 0.9998614190687362: correct 7215/7216
Epoch: 2, train_loss: 0.2865, train_clustering_loss:  0.0060, train_error: 0.1142
class 0: acc 0.8877118644067796, correct 419/472
class 1: acc 0.8837209302325582, correct 380/430

Val Set, val_loss: 0.4488, val_error: 0.1875, auc: 0.3910
class 0 clustering acc 1.0: correct 1408/1408
class 1 clustering acc 1.0: correct 1408/1408
class 0: acc 0.8313953488372093, correct 143/172
class 1: acc 0.0, correct 0/4
EarlyStopping counter: 2 out of 10


batch 19, loss: 0.0000, instance_loss: 0.0000, weighted_loss: 0.0000, label: 0, bag_size: 16973
batch 39, loss: 0.3210, instance_loss: 0.0000, weighted_loss: 0.2247, label: 0, bag_size: 15510
batch 59, loss: 4.7605, instance_loss: 0.0000, weighted_loss: 3.3324, label: 0, bag_size: 14591
batch 79, loss: 0.0019, instance_loss: 0.0018, weighted_loss: 0.0019, label: 0, bag_size: 4919
batch 99, loss: 0.1690, instance_loss: 0.0023, weighted_loss: 0.1190, label: 0, bag_size: 8710
batch 119, loss: 0.0114, instance_loss: 0.0004, weighted_loss: 0.0081, label: 1, bag_size: 2637
batch 139, loss: 0.0073, instance_loss: 0.0000, weighted_loss: 0.0051, label: 1, bag_size: 14763
batch 159, loss: 0.0290, instance_loss: 0.0000, weighted_loss: 0.0203, label: 1, bag_size: 10371
batch 179, loss: 0.0352, instance_loss: 0.0004, weighted_loss: 0.0248, label: 1, bag_size: 14528
batch 199, loss: 0.0179, instance_loss: 0.0002, weighted_loss: 0.0126, label: 1, bag_size: 4760
batch 219, loss: 0.0000, instance_loss: 0.0000, weighted_loss: 0.0000, label: 0, bag_size: 14428
batch 239, loss: 0.0040, instance_loss: 0.0000, weighted_loss: 0.0028, label: 1, bag_size: 15079
batch 259, loss: 4.0344, instance_loss: 0.0003, weighted_loss: 2.8241, label: 0, bag_size: 14178
batch 279, loss: 0.0107, instance_loss: 0.0002, weighted_loss: 0.0075, label: 0, bag_size: 12439
batch 299, loss: 0.2572, instance_loss: 0.0002, weighted_loss: 0.1801, label: 1, bag_size: 14528
batch 319, loss: 0.0612, instance_loss: 0.0014, weighted_loss: 0.0432, label: 1, bag_size: 10180
batch 339, loss: 0.0241, instance_loss: 0.0006, weighted_loss: 0.0170, label: 0, bag_size: 4197
batch 359, loss: 0.0072, instance_loss: 0.0000, weighted_loss: 0.0050, label: 0, bag_size: 6434
batch 379, loss: 0.0723, instance_loss: 0.0013, weighted_loss: 0.0510, label: 1, bag_size: 16197
batch 399, loss: 0.0074, instance_loss: 0.0000, weighted_loss: 0.0052, label: 1, bag_size: 13571
batch 419, loss: 0.0441, instance_loss: 0.0000, weighted_loss: 0.0309, label: 0, bag_size: 1214
batch 439, loss: 0.0179, instance_loss: 0.0000, weighted_loss: 0.0125, label: 1, bag_size: 13646
batch 459, loss: 0.7826, instance_loss: 0.0008, weighted_loss: 0.5481, label: 1, bag_size: 10180
batch 479, loss: 0.0019, instance_loss: 0.0031, weighted_loss: 0.0023, label: 0, bag_size: 5599
batch 499, loss: 0.0097, instance_loss: 0.0002, weighted_loss: 0.0068, label: 1, bag_size: 4563
batch 519, loss: 0.0001, instance_loss: 0.0000, weighted_loss: 0.0001, label: 0, bag_size: 2381
batch 539, loss: 0.0000, instance_loss: 0.0000, weighted_loss: 0.0000, label: 0, bag_size: 16400
batch 559, loss: 0.0125, instance_loss: 0.0005, weighted_loss: 0.0089, label: 1, bag_size: 13571
batch 579, loss: 1.9608, instance_loss: 0.0000, weighted_loss: 1.3726, label: 0, bag_size: 9322
batch 599, loss: 0.0025, instance_loss: 0.0000, weighted_loss: 0.0018, label: 1, bag_size: 22042
batch 619, loss: 0.0002, instance_loss: 0.0000, weighted_loss: 0.0001, label: 0, bag_size: 17770
batch 639, loss: 0.0007, instance_loss: 0.0005, weighted_loss: 0.0006, label: 0, bag_size: 3230
batch 659, loss: 0.0076, instance_loss: 0.0029, weighted_loss: 0.0062, label: 1, bag_size: 5956
batch 679, loss: 0.0028, instance_loss: 0.0000, weighted_loss: 0.0019, label: 0, bag_size: 2038
batch 699, loss: 0.0037, instance_loss: 0.0062, weighted_loss: 0.0045, label: 0, bag_size: 2465
batch 719, loss: 0.0004, instance_loss: 0.0012, weighted_loss: 0.0007, label: 1, bag_size: 3621
batch 739, loss: 0.0003, instance_loss: 0.0004, weighted_loss: 0.0003, label: 0, bag_size: 1677
batch 759, loss: 0.3574, instance_loss: 0.0000, weighted_loss: 0.2501, label: 0, bag_size: 13341
batch 779, loss: 0.1307, instance_loss: 0.0021, weighted_loss: 0.0921, label: 1, bag_size: 2671
batch 799, loss: 0.0026, instance_loss: 0.0035, weighted_loss: 0.0029, label: 1, bag_size: 2644
batch 819, loss: 0.0296, instance_loss: 0.0000, weighted_loss: 0.0207, label: 1, bag_size: 21952
batch 839, loss: 0.0002, instance_loss: 0.0000, weighted_loss: 0.0002, label: 0, bag_size: 8764
batch 859, loss: 0.0067, instance_loss: 0.0000, weighted_loss: 0.0047, label: 1, bag_size: 5082
batch 879, loss: 0.0033, instance_loss: 0.0005, weighted_loss: 0.0025, label: 1, bag_size: 21609
batch 899, loss: 0.0151, instance_loss: 0.0004, weighted_loss: 0.0107, label: 1, bag_size: 9833


class 0 clustering acc 0.9991685144124168: correct 7210/7216
class 1 clustering acc 0.9995842572062085: correct 7213/7216
Epoch: 3, train_loss: 0.1375, train_clustering_loss:  0.0053, train_error: 0.0377
class 0: acc 0.9502164502164502, correct 439/462
class 1: acc 0.975, correct 429/440

Val Set, val_loss: 0.4565, val_error: 0.1307, auc: 0.1846
class 0 clustering acc 1.0: correct 1408/1408
class 1 clustering acc 1.0: correct 1408/1408
class 0: acc 0.8895348837209303, correct 153/172
class 1: acc 0.0, correct 0/4
EarlyStopping counter: 3 out of 10


batch 19, loss: 0.0007, instance_loss: 0.0000, weighted_loss: 0.0005, label: 0, bag_size: 15758
batch 39, loss: 0.0056, instance_loss: 0.0004, weighted_loss: 0.0040, label: 1, bag_size: 5906
batch 59, loss: 0.0001, instance_loss: 0.0000, weighted_loss: 0.0001, label: 0, bag_size: 21775
batch 79, loss: 0.0060, instance_loss: 0.0004, weighted_loss: 0.0043, label: 1, bag_size: 7733
batch 99, loss: 0.1658, instance_loss: 0.0008, weighted_loss: 0.1163, label: 1, bag_size: 18621
batch 119, loss: 0.0078, instance_loss: 0.0000, weighted_loss: 0.0054, label: 0, bag_size: 4062
batch 139, loss: 0.0040, instance_loss: 0.0000, weighted_loss: 0.0028, label: 0, bag_size: 19205
batch 159, loss: 0.0321, instance_loss: 0.0005, weighted_loss: 0.0226, label: 0, bag_size: 3314
batch 179, loss: 0.0068, instance_loss: 0.0000, weighted_loss: 0.0048, label: 1, bag_size: 4760
batch 199, loss: 0.8902, instance_loss: 0.0002, weighted_loss: 0.6232, label: 0, bag_size: 16641
batch 219, loss: 0.5590, instance_loss: 0.0000, weighted_loss: 0.3913, label: 1, bag_size: 9833
batch 239, loss: 0.0004, instance_loss: 0.0000, weighted_loss: 0.0003, label: 0, bag_size: 5706
batch 259, loss: 0.0002, instance_loss: 0.0000, weighted_loss: 0.0001, label: 0, bag_size: 18154
batch 279, loss: 0.0033, instance_loss: 0.0000, weighted_loss: 0.0023, label: 0, bag_size: 3602
batch 299, loss: 0.0500, instance_loss: 0.0014, weighted_loss: 0.0354, label: 1, bag_size: 9833
batch 319, loss: 0.1262, instance_loss: 0.0000, weighted_loss: 0.0884, label: 0, bag_size: 17060
batch 339, loss: 0.0005, instance_loss: 0.0003, weighted_loss: 0.0005, label: 1, bag_size: 2644
batch 359, loss: 0.0030, instance_loss: 0.0000, weighted_loss: 0.0021, label: 0, bag_size: 3665
batch 379, loss: 0.0414, instance_loss: 0.0000, weighted_loss: 0.0290, label: 1, bag_size: 6344
batch 399, loss: 0.0012, instance_loss: 0.0000, weighted_loss: 0.0008, label: 0, bag_size: 5862
batch 419, loss: 0.0414, instance_loss: 0.0004, weighted_loss: 0.0291, label: 1, bag_size: 1140
batch 439, loss: 0.0157, instance_loss: 0.0006, weighted_loss: 0.0112, label: 1, bag_size: 14318
batch 459, loss: 0.0000, instance_loss: 0.0000, weighted_loss: 0.0000, label: 0, bag_size: 5862
batch 479, loss: 0.0000, instance_loss: 0.0000, weighted_loss: 0.0000, label: 0, bag_size: 14672
batch 499, loss: 0.0301, instance_loss: 0.0000, weighted_loss: 0.0211, label: 1, bag_size: 14414
batch 519, loss: 0.0625, instance_loss: 0.0000, weighted_loss: 0.0437, label: 1, bag_size: 18621
batch 539, loss: 0.0015, instance_loss: 0.0000, weighted_loss: 0.0010, label: 0, bag_size: 6240
batch 559, loss: 0.0182, instance_loss: 0.0000, weighted_loss: 0.0128, label: 1, bag_size: 4516
batch 579, loss: 0.0117, instance_loss: 0.0006, weighted_loss: 0.0083, label: 1, bag_size: 14318
batch 599, loss: 0.0047, instance_loss: 0.0000, weighted_loss: 0.0033, label: 0, bag_size: 10950
batch 619, loss: 0.0072, instance_loss: 0.0000, weighted_loss: 0.0050, label: 0, bag_size: 4217
batch 639, loss: 0.1158, instance_loss: 0.0000, weighted_loss: 0.0810, label: 0, bag_size: 13461
batch 659, loss: 0.0006, instance_loss: 0.0014, weighted_loss: 0.0008, label: 0, bag_size: 1072
batch 679, loss: 0.0004, instance_loss: 0.0000, weighted_loss: 0.0003, label: 0, bag_size: 10124
batch 699, loss: 0.0409, instance_loss: 0.0006, weighted_loss: 0.0288, label: 0, bag_size: 16369
batch 719, loss: 1.1814, instance_loss: 0.0108, weighted_loss: 0.8302, label: 0, bag_size: 4226
batch 739, loss: 0.0467, instance_loss: 0.0460, weighted_loss: 0.0465, label: 0, bag_size: 1355
batch 759, loss: 0.0001, instance_loss: 0.0000, weighted_loss: 0.0001, label: 0, bag_size: 17250
batch 779, loss: 0.0077, instance_loss: 0.0069, weighted_loss: 0.0074, label: 0, bag_size: 3666
batch 799, loss: 0.0000, instance_loss: 0.0000, weighted_loss: 0.0000, label: 0, bag_size: 14428
batch 819, loss: 0.0426, instance_loss: 0.0002, weighted_loss: 0.0298, label: 1, bag_size: 15079
batch 839, loss: 0.0000, instance_loss: 0.0000, weighted_loss: 0.0000, label: 0, bag_size: 18734
batch 859, loss: 0.0783, instance_loss: 0.0036, weighted_loss: 0.0559, label: 0, bag_size: 2870
batch 879, loss: 1.1879, instance_loss: 0.0002, weighted_loss: 0.8316, label: 0, bag_size: 12490
batch 899, loss: 0.0168, instance_loss: 0.0004, weighted_loss: 0.0119, label: 0, bag_size: 1199


class 0 clustering acc 0.999029933481153: correct 7209/7216
class 1 clustering acc 1.0: correct 7216/7216
Epoch: 4, train_loss: 0.0953, train_clustering_loss:  0.0032, train_error: 0.0344
class 0: acc 0.9559471365638766, correct 434/454
class 1: acc 0.9754464285714286, correct 437/448

Val Set, val_loss: 0.4002, val_error: 0.1080, auc: 0.2326
class 0 clustering acc 0.9992897727272727: correct 1407/1408
class 1 clustering acc 1.0: correct 1408/1408
class 0: acc 0.9127906976744186, correct 157/172
class 1: acc 0.0, correct 0/4
Validation loss decreased (0.406868 --> 0.400150).  Saving model ...


batch 19, loss: 0.0035, instance_loss: 0.0000, weighted_loss: 0.0024, label: 1, bag_size: 5906
batch 39, loss: 0.0016, instance_loss: 0.0000, weighted_loss: 0.0011, label: 1, bag_size: 6028
batch 59, loss: 0.0234, instance_loss: 0.0000, weighted_loss: 0.0164, label: 1, bag_size: 13646
batch 79, loss: 0.0472, instance_loss: 0.0002, weighted_loss: 0.0331, label: 1, bag_size: 22871
batch 99, loss: 0.0503, instance_loss: 0.0009, weighted_loss: 0.0355, label: 1, bag_size: 16197
batch 119, loss: 0.0029, instance_loss: 0.0000, weighted_loss: 0.0021, label: 1, bag_size: 22624
batch 139, loss: 0.0027, instance_loss: 0.0000, weighted_loss: 0.0019, label: 0, bag_size: 4760
batch 159, loss: 0.0827, instance_loss: 0.0008, weighted_loss: 0.0581, label: 1, bag_size: 9833
batch 179, loss: 0.0000, instance_loss: 0.0000, weighted_loss: 0.0000, label: 0, bag_size: 19539
batch 199, loss: 0.0054, instance_loss: 0.0047, weighted_loss: 0.0052, label: 1, bag_size: 4516
batch 219, loss: 0.0023, instance_loss: 0.0000, weighted_loss: 0.0016, label: 0, bag_size: 18256
batch 239, loss: 0.1567, instance_loss: 0.0686, weighted_loss: 0.1302, label: 1, bag_size: 3411
batch 259, loss: 0.0000, instance_loss: 0.0004, weighted_loss: 0.0001, label: 1, bag_size: 4492
batch 279, loss: 0.0752, instance_loss: 0.0000, weighted_loss: 0.0526, label: 1, bag_size: 14528
batch 299, loss: 0.0056, instance_loss: 0.0006, weighted_loss: 0.0041, label: 1, bag_size: 6028
batch 319, loss: 0.0000, instance_loss: 0.0000, weighted_loss: 0.0000, label: 0, bag_size: 10109
batch 339, loss: 0.1294, instance_loss: 0.0017, weighted_loss: 0.0911, label: 1, bag_size: 5956
batch 359, loss: 0.0090, instance_loss: 0.0076, weighted_loss: 0.0085, label: 1, bag_size: 3024
batch 379, loss: 0.1161, instance_loss: 0.0005, weighted_loss: 0.0814, label: 0, bag_size: 15821
batch 399, loss: 0.0000, instance_loss: 0.0000, weighted_loss: 0.0000, label: 0, bag_size: 8453
batch 419, loss: 0.0001, instance_loss: 0.0000, weighted_loss: 0.0001, label: 0, bag_size: 4100
batch 439, loss: 0.0000, instance_loss: 0.0000, weighted_loss: 0.0000, label: 0, bag_size: 9314
batch 459, loss: 0.0007, instance_loss: 0.0002, weighted_loss: 0.0005, label: 0, bag_size: 25328
batch 479, loss: 0.0005, instance_loss: 0.0006, weighted_loss: 0.0005, label: 1, bag_size: 4563
batch 499, loss: 0.0300, instance_loss: 0.0068, weighted_loss: 0.0230, label: 1, bag_size: 3024
batch 519, loss: 0.0000, instance_loss: 0.0000, weighted_loss: 0.0000, label: 0, bag_size: 7924
batch 539, loss: 0.0096, instance_loss: 0.0000, weighted_loss: 0.0067, label: 1, bag_size: 5906
batch 559, loss: 0.0007, instance_loss: 0.0000, weighted_loss: 0.0005, label: 1, bag_size: 4760
batch 579, loss: 0.0001, instance_loss: 0.0000, weighted_loss: 0.0001, label: 0, bag_size: 10653
batch 599, loss: 0.0054, instance_loss: 0.0000, weighted_loss: 0.0038, label: 0, bag_size: 6384
batch 619, loss: 0.0019, instance_loss: 0.0000, weighted_loss: 0.0013, label: 1, bag_size: 2637
batch 639, loss: 0.0011, instance_loss: 0.0000, weighted_loss: 0.0008, label: 1, bag_size: 21609
batch 659, loss: 0.0235, instance_loss: 0.0007, weighted_loss: 0.0167, label: 1, bag_size: 3628
batch 679, loss: 0.0000, instance_loss: 0.0009, weighted_loss: 0.0003, label: 0, bag_size: 1677
batch 699, loss: 0.0000, instance_loss: 0.0000, weighted_loss: 0.0000, label: 1, bag_size: 3621
batch 719, loss: 0.0000, instance_loss: 0.0000, weighted_loss: 0.0000, label: 1, bag_size: 4760
batch 739, loss: 0.0362, instance_loss: 0.0000, weighted_loss: 0.0253, label: 1, bag_size: 18621
batch 759, loss: 0.0007, instance_loss: 0.0000, weighted_loss: 0.0005, label: 1, bag_size: 22624
batch 779, loss: 0.0002, instance_loss: 0.0002, weighted_loss: 0.0002, label: 1, bag_size: 7733
batch 799, loss: 0.0000, instance_loss: 0.0000, weighted_loss: 0.0000, label: 0, bag_size: 17332
batch 819, loss: 0.4226, instance_loss: 0.0000, weighted_loss: 0.2958, label: 1, bag_size: 5828
batch 839, loss: 0.0002, instance_loss: 0.0014, weighted_loss: 0.0005, label: 0, bag_size: 15634
batch 859, loss: 0.0001, instance_loss: 0.0000, weighted_loss: 0.0001, label: 0, bag_size: 15154
batch 879, loss: 0.0840, instance_loss: 0.0000, weighted_loss: 0.0588, label: 1, bag_size: 7879
batch 899, loss: 0.0007, instance_loss: 0.0000, weighted_loss: 0.0005, label: 0, bag_size: 3068


class 0 clustering acc 0.9997228381374723: correct 7214/7216
class 1 clustering acc 0.9998614190687362: correct 7215/7216
Epoch: 5, train_loss: 0.0619, train_clustering_loss:  0.0028, train_error: 0.0200
class 0: acc 0.9694117647058823, correct 412/425
class 1: acc 0.989517819706499, correct 472/477

Val Set, val_loss: 0.3714, val_error: 0.0795, auc: 0.1831
class 0 clustering acc 1.0: correct 1408/1408
class 1 clustering acc 1.0: correct 1408/1408
class 0: acc 0.9418604651162791, correct 162/172
class 1: acc 0.0, correct 0/4
Validation loss decreased (0.400150 --> 0.371431).  Saving model ...


batch 19, loss: 0.2782, instance_loss: 0.0002, weighted_loss: 0.1948, label: 1, bag_size: 16197
batch 39, loss: 0.0854, instance_loss: 0.0102, weighted_loss: 0.0629, label: 0, bag_size: 1355
batch 59, loss: 0.0001, instance_loss: 0.0000, weighted_loss: 0.0001, label: 0, bag_size: 4426
batch 79, loss: 0.0004, instance_loss: 0.0000, weighted_loss: 0.0003, label: 0, bag_size: 4280
batch 99, loss: 0.0020, instance_loss: 0.0000, weighted_loss: 0.0014, label: 0, bag_size: 9314
batch 119, loss: 0.0016, instance_loss: 0.0000, weighted_loss: 0.0011, label: 0, bag_size: 18243
batch 139, loss: 0.0014, instance_loss: 0.0000, weighted_loss: 0.0010, label: 0, bag_size: 13522
batch 159, loss: 0.0017, instance_loss: 0.0000, weighted_loss: 0.0012, label: 0, bag_size: 19574
batch 179, loss: 0.0814, instance_loss: 0.0002, weighted_loss: 0.0571, label: 1, bag_size: 21952
batch 199, loss: 0.0054, instance_loss: 0.0000, weighted_loss: 0.0038, label: 1, bag_size: 21609
batch 219, loss: 0.0083, instance_loss: 0.0000, weighted_loss: 0.0058, label: 0, bag_size: 2176
batch 239, loss: 0.0011, instance_loss: 0.0000, weighted_loss: 0.0008, label: 0, bag_size: 4852
batch 259, loss: 0.0020, instance_loss: 0.0000, weighted_loss: 0.0014, label: 0, bag_size: 9990
batch 279, loss: 0.0002, instance_loss: 0.0000, weighted_loss: 0.0001, label: 0, bag_size: 3850
batch 299, loss: 0.0003, instance_loss: 0.0000, weighted_loss: 0.0002, label: 1, bag_size: 7879
batch 319, loss: 0.0003, instance_loss: 0.0022, weighted_loss: 0.0009, label: 0, bag_size: 4656
batch 339, loss: 0.0240, instance_loss: 0.0002, weighted_loss: 0.0169, label: 1, bag_size: 9833
batch 359, loss: 0.0001, instance_loss: 0.0003, weighted_loss: 0.0001, label: 0, bag_size: 6374
batch 379, loss: 0.0014, instance_loss: 0.0000, weighted_loss: 0.0010, label: 1, bag_size: 14414
batch 399, loss: 0.0152, instance_loss: 0.0006, weighted_loss: 0.0108, label: 1, bag_size: 14528
batch 419, loss: 0.0273, instance_loss: 0.0000, weighted_loss: 0.0191, label: 1, bag_size: 10371
batch 439, loss: 0.0002, instance_loss: 0.0055, weighted_loss: 0.0018, label: 0, bag_size: 4692
batch 459, loss: 0.0049, instance_loss: 0.0005, weighted_loss: 0.0035, label: 1, bag_size: 5828
batch 479, loss: 0.0001, instance_loss: 0.0000, weighted_loss: 0.0000, label: 1, bag_size: 4563
batch 499, loss: 0.0077, instance_loss: 0.0000, weighted_loss: 0.0054, label: 1, bag_size: 14763
batch 519, loss: 0.0017, instance_loss: 0.0000, weighted_loss: 0.0012, label: 1, bag_size: 3354
batch 539, loss: 0.0009, instance_loss: 0.0000, weighted_loss: 0.0006, label: 0, bag_size: 917
batch 559, loss: 0.0022, instance_loss: 0.0008, weighted_loss: 0.0018, label: 1, bag_size: 4516
batch 579, loss: 0.0041, instance_loss: 0.0832, weighted_loss: 0.0279, label: 1, bag_size: 4516
batch 599, loss: 0.0014, instance_loss: 0.0002, weighted_loss: 0.0011, label: 1, bag_size: 12989
batch 619, loss: 0.0045, instance_loss: 0.0010, weighted_loss: 0.0035, label: 0, bag_size: 2926
batch 639, loss: 0.0010, instance_loss: 0.0008, weighted_loss: 0.0009, label: 0, bag_size: 10759
batch 659, loss: 0.0014, instance_loss: 0.0068, weighted_loss: 0.0030, label: 0, bag_size: 3166
batch 679, loss: 0.0001, instance_loss: 0.0000, weighted_loss: 0.0001, label: 0, bag_size: 17065
batch 699, loss: 0.0004, instance_loss: 0.0002, weighted_loss: 0.0003, label: 0, bag_size: 3419
batch 719, loss: 0.0369, instance_loss: 0.0314, weighted_loss: 0.0353, label: 1, bag_size: 4516
batch 739, loss: 0.2399, instance_loss: 0.0000, weighted_loss: 0.1679, label: 1, bag_size: 18621
batch 759, loss: 0.0021, instance_loss: 0.0000, weighted_loss: 0.0015, label: 1, bag_size: 6028
batch 779, loss: 0.0054, instance_loss: 0.0000, weighted_loss: 0.0038, label: 1, bag_size: 22624
batch 799, loss: 0.0019, instance_loss: 0.0000, weighted_loss: 0.0013, label: 0, bag_size: 5348
batch 819, loss: 0.0120, instance_loss: 0.0000, weighted_loss: 0.0084, label: 1, bag_size: 21609
batch 839, loss: 0.2836, instance_loss: 0.0008, weighted_loss: 0.1988, label: 1, bag_size: 14318
batch 859, loss: 0.0002, instance_loss: 0.0000, weighted_loss: 0.0001, label: 0, bag_size: 3117
batch 879, loss: 0.5842, instance_loss: 0.0000, weighted_loss: 0.4090, label: 0, bag_size: 23909
batch 899, loss: 0.0267, instance_loss: 0.0000, weighted_loss: 0.0187, label: 1, bag_size: 9833


class 0 clustering acc 0.9994456762749445: correct 7212/7216
class 1 clustering acc 0.9997228381374723: correct 7214/7216
Epoch: 6, train_loss: 0.0721, train_clustering_loss:  0.0027, train_error: 0.0277
class 0: acc 0.962800875273523, correct 440/457
class 1: acc 0.9820224719101124, correct 437/445

Val Set, val_loss: 0.3597, val_error: 0.0568, auc: 0.2035
class 0 clustering acc 1.0: correct 1408/1408
class 1 clustering acc 0.9992897727272727: correct 1407/1408
class 0: acc 0.9651162790697675, correct 166/172
class 1: acc 0.0, correct 0/4
Validation loss decreased (0.371431 --> 0.359656).  Saving model ...


batch 19, loss: 0.0000, instance_loss: 0.0003, weighted_loss: 0.0001, label: 0, bag_size: 5444
batch 39, loss: 0.1671, instance_loss: 0.0000, weighted_loss: 0.1170, label: 1, bag_size: 10371
batch 59, loss: 0.0115, instance_loss: 0.0476, weighted_loss: 0.0223, label: 1, bag_size: 3024
batch 79, loss: 0.0080, instance_loss: 0.0003, weighted_loss: 0.0057, label: 0, bag_size: 16346
batch 99, loss: 0.0000, instance_loss: 0.0000, weighted_loss: 0.0000, label: 0, bag_size: 10474
batch 119, loss: 0.0008, instance_loss: 0.0005, weighted_loss: 0.0007, label: 1, bag_size: 5082
batch 139, loss: 0.0000, instance_loss: 0.0000, weighted_loss: 0.0000, label: 0, bag_size: 6656
batch 159, loss: 0.0000, instance_loss: 0.0009, weighted_loss: 0.0003, label: 0, bag_size: 1527
batch 179, loss: 0.0000, instance_loss: 0.0000, weighted_loss: 0.0000, label: 0, bag_size: 5180
batch 199, loss: 0.0000, instance_loss: 0.0000, weighted_loss: 0.0000, label: 0, bag_size: 5315
batch 219, loss: 0.0018, instance_loss: 0.0000, weighted_loss: 0.0013, label: 1, bag_size: 22624
batch 239, loss: 0.0105, instance_loss: 0.0000, weighted_loss: 0.0074, label: 1, bag_size: 5082
batch 259, loss: 0.0002, instance_loss: 0.0000, weighted_loss: 0.0001, label: 1, bag_size: 3354
batch 279, loss: 0.0056, instance_loss: 0.0000, weighted_loss: 0.0039, label: 1, bag_size: 14414
batch 299, loss: 0.0000, instance_loss: 0.0000, weighted_loss: 0.0000, label: 0, bag_size: 3490
batch 319, loss: 0.0003, instance_loss: 0.0000, weighted_loss: 0.0002, label: 1, bag_size: 3354
batch 339, loss: 0.0072, instance_loss: 0.0004, weighted_loss: 0.0052, label: 1, bag_size: 14528
batch 359, loss: 0.0099, instance_loss: 0.0000, weighted_loss: 0.0069, label: 1, bag_size: 9833
batch 379, loss: 0.0105, instance_loss: 0.0655, weighted_loss: 0.0270, label: 1, bag_size: 4516
batch 399, loss: 0.0101, instance_loss: 0.0000, weighted_loss: 0.0071, label: 1, bag_size: 14763
batch 419, loss: 0.0014, instance_loss: 0.0000, weighted_loss: 0.0009, label: 1, bag_size: 21952
batch 439, loss: 0.0000, instance_loss: 0.0006, weighted_loss: 0.0002, label: 0, bag_size: 3917
batch 459, loss: 0.0002, instance_loss: 0.0000, weighted_loss: 0.0002, label: 1, bag_size: 2853
batch 479, loss: 0.0875, instance_loss: 0.0185, weighted_loss: 0.0668, label: 1, bag_size: 3024
batch 499, loss: 0.1023, instance_loss: 0.0000, weighted_loss: 0.0716, label: 1, bag_size: 14318
batch 519, loss: 0.0048, instance_loss: 0.0000, weighted_loss: 0.0034, label: 1, bag_size: 6344
batch 539, loss: 0.0111, instance_loss: 0.0019, weighted_loss: 0.0083, label: 0, bag_size: 5262
batch 559, loss: 0.0000, instance_loss: 0.0000, weighted_loss: 0.0000, label: 0, bag_size: 3409
batch 579, loss: 0.0019, instance_loss: 0.0000, weighted_loss: 0.0014, label: 1, bag_size: 13646
batch 599, loss: 0.0000, instance_loss: 0.0000, weighted_loss: 0.0000, label: 0, bag_size: 9548
batch 619, loss: 0.0032, instance_loss: 0.0118, weighted_loss: 0.0058, label: 1, bag_size: 5828
batch 639, loss: 0.0031, instance_loss: 0.0014, weighted_loss: 0.0026, label: 1, bag_size: 2671
batch 659, loss: 0.0001, instance_loss: 0.0000, weighted_loss: 0.0000, label: 0, bag_size: 15634
batch 679, loss: 0.0000, instance_loss: 0.0000, weighted_loss: 0.0000, label: 1, bag_size: 2853
batch 699, loss: 0.0001, instance_loss: 0.0000, weighted_loss: 0.0001, label: 0, bag_size: 2382
batch 719, loss: 0.0000, instance_loss: 0.0000, weighted_loss: 0.0000, label: 0, bag_size: 3588
batch 739, loss: 0.0000, instance_loss: 0.0000, weighted_loss: 0.0000, label: 0, bag_size: 11240
batch 759, loss: 0.0001, instance_loss: 0.0000, weighted_loss: 0.0000, label: 0, bag_size: 8932
batch 779, loss: 0.0033, instance_loss: 0.0128, weighted_loss: 0.0061, label: 1, bag_size: 4760
batch 799, loss: 0.0002, instance_loss: 0.0000, weighted_loss: 0.0001, label: 0, bag_size: 16499
batch 819, loss: 0.0144, instance_loss: 0.0005, weighted_loss: 0.0102, label: 0, bag_size: 25944
batch 839, loss: 0.0000, instance_loss: 0.0272, weighted_loss: 0.0081, label: 0, bag_size: 4804
batch 859, loss: 0.0000, instance_loss: 0.0038, weighted_loss: 0.0012, label: 0, bag_size: 3137
batch 879, loss: 0.0109, instance_loss: 0.0000, weighted_loss: 0.0076, label: 1, bag_size: 22399
batch 899, loss: 0.0010, instance_loss: 0.0000, weighted_loss: 0.0007, label: 0, bag_size: 15093


class 0 clustering acc 1.0: correct 7216/7216
class 1 clustering acc 0.9994456762749445: correct 7212/7216
Epoch: 7, train_loss: 0.0651, train_clustering_loss:  0.0033, train_error: 0.0244
class 0: acc 0.9683972911963883, correct 429/443
class 1: acc 0.9825708061002179, correct 451/459

Val Set, val_loss: 0.3811, val_error: 0.0795, auc: 0.1730
class 0 clustering acc 0.9992897727272727: correct 1407/1408
class 1 clustering acc 1.0: correct 1408/1408
class 0: acc 0.9418604651162791, correct 162/172
class 1: acc 0.0, correct 0/4
EarlyStopping counter: 1 out of 10


batch 19, loss: 0.0000, instance_loss: 0.0002, weighted_loss: 0.0001, label: 0, bag_size: 3117
batch 39, loss: 0.0152, instance_loss: 0.0013, weighted_loss: 0.0110, label: 0, bag_size: 2066
batch 59, loss: 0.0315, instance_loss: 0.0000, weighted_loss: 0.0221, label: 1, bag_size: 18621
batch 79, loss: 0.0002, instance_loss: 0.0009, weighted_loss: 0.0004, label: 0, bag_size: 11456
batch 99, loss: 0.0033, instance_loss: 0.0000, weighted_loss: 0.0023, label: 1, bag_size: 2853
batch 119, loss: 0.0005, instance_loss: 0.0000, weighted_loss: 0.0004, label: 1, bag_size: 14414
batch 139, loss: 0.0014, instance_loss: 0.0000, weighted_loss: 0.0010, label: 1, bag_size: 21952
batch 159, loss: 0.0000, instance_loss: 0.0000, weighted_loss: 0.0000, label: 0, bag_size: 19131
batch 179, loss: 0.0000, instance_loss: 0.0000, weighted_loss: 0.0000, label: 0, bag_size: 17035
batch 199, loss: 0.0067, instance_loss: 0.0003, weighted_loss: 0.0048, label: 1, bag_size: 21609
batch 219, loss: 0.0000, instance_loss: 0.0004, weighted_loss: 0.0001, label: 0, bag_size: 4859
batch 239, loss: 0.0000, instance_loss: 0.0000, weighted_loss: 0.0000, label: 0, bag_size: 17336
batch 259, loss: 0.0018, instance_loss: 0.0641, weighted_loss: 0.0205, label: 1, bag_size: 4516
batch 279, loss: 0.0003, instance_loss: 0.0000, weighted_loss: 0.0002, label: 1, bag_size: 1140
batch 299, loss: 0.0246, instance_loss: 0.0000, weighted_loss: 0.0172, label: 1, bag_size: 22399
batch 319, loss: 0.0128, instance_loss: 0.0000, weighted_loss: 0.0089, label: 1, bag_size: 13646
batch 339, loss: 0.0095, instance_loss: 0.0134, weighted_loss: 0.0107, label: 1, bag_size: 3628
batch 359, loss: 0.5071, instance_loss: 0.0000, weighted_loss: 0.3550, label: 0, bag_size: 14464
batch 379, loss: 0.0140, instance_loss: 0.0000, weighted_loss: 0.0098, label: 1, bag_size: 12989
batch 399, loss: 0.0000, instance_loss: 0.0012, weighted_loss: 0.0004, label: 0, bag_size: 4728
batch 419, loss: 0.0014, instance_loss: 0.0000, weighted_loss: 0.0010, label: 0, bag_size: 10553
batch 439, loss: 0.0019, instance_loss: 0.0000, weighted_loss: 0.0013, label: 1, bag_size: 22042
batch 459, loss: 0.0111, instance_loss: 0.0003, weighted_loss: 0.0078, label: 1, bag_size: 5956
batch 479, loss: 0.0003, instance_loss: 0.0000, weighted_loss: 0.0002, label: 0, bag_size: 3946
batch 499, loss: 0.0000, instance_loss: 0.0000, weighted_loss: 0.0000, label: 0, bag_size: 4569
batch 519, loss: 0.0192, instance_loss: 0.0002, weighted_loss: 0.0135, label: 1, bag_size: 14318
batch 539, loss: 0.0002, instance_loss: 0.0023, weighted_loss: 0.0008, label: 0, bag_size: 9159
batch 559, loss: 0.0000, instance_loss: 0.0000, weighted_loss: 0.0000, label: 0, bag_size: 18267
batch 579, loss: 0.0049, instance_loss: 0.0000, weighted_loss: 0.0035, label: 1, bag_size: 13646
batch 599, loss: 0.0009, instance_loss: 0.0003, weighted_loss: 0.0007, label: 1, bag_size: 4365
batch 619, loss: 0.0007, instance_loss: 0.0000, weighted_loss: 0.0005, label: 0, bag_size: 14950
batch 639, loss: 0.0000, instance_loss: 0.0003, weighted_loss: 0.0001, label: 0, bag_size: 3615
batch 659, loss: 0.0001, instance_loss: 0.0000, weighted_loss: 0.0001, label: 1, bag_size: 7879
batch 679, loss: 0.0000, instance_loss: 0.0000, weighted_loss: 0.0000, label: 1, bag_size: 4563
batch 699, loss: 0.0032, instance_loss: 0.0000, weighted_loss: 0.0022, label: 0, bag_size: 2979
batch 719, loss: 0.0009, instance_loss: 0.0000, weighted_loss: 0.0006, label: 1, bag_size: 14414
batch 739, loss: 0.0035, instance_loss: 0.0000, weighted_loss: 0.0025, label: 1, bag_size: 22399
batch 759, loss: 0.0000, instance_loss: 0.0000, weighted_loss: 0.0000, label: 0, bag_size: 17155
batch 779, loss: 0.0000, instance_loss: 0.0000, weighted_loss: 0.0000, label: 0, bag_size: 13770
batch 799, loss: 0.0800, instance_loss: 0.0056, weighted_loss: 0.0577, label: 0, bag_size: 863
batch 819, loss: 0.0571, instance_loss: 0.0000, weighted_loss: 0.0399, label: 1, bag_size: 3354
batch 839, loss: 0.0016, instance_loss: 0.0000, weighted_loss: 0.0011, label: 1, bag_size: 6028
batch 859, loss: 0.0014, instance_loss: 0.0000, weighted_loss: 0.0010, label: 1, bag_size: 14763
batch 879, loss: 0.0001, instance_loss: 0.0000, weighted_loss: 0.0001, label: 0, bag_size: 3859
batch 899, loss: 0.0002, instance_loss: 0.0005, weighted_loss: 0.0003, label: 0, bag_size: 4915


class 0 clustering acc 0.9998614190687362: correct 7215/7216
class 1 clustering acc 0.9994456762749445: correct 7212/7216
Epoch: 8, train_loss: 0.0235, train_clustering_loss:  0.0032, train_error: 0.0089
class 0: acc 0.9865470852017937, correct 440/446
class 1: acc 0.9956140350877193, correct 454/456

Val Set, val_loss: 0.3829, val_error: 0.0568, auc: 0.1773
class 0 clustering acc 0.9985795454545454: correct 1406/1408
class 1 clustering acc 1.0: correct 1408/1408
class 0: acc 0.9651162790697675, correct 166/172
class 1: acc 0.0, correct 0/4
EarlyStopping counter: 2 out of 10


batch 19, loss: 0.0000, instance_loss: 0.0000, weighted_loss: 0.0000, label: 1, bag_size: 2644
batch 39, loss: 0.0000, instance_loss: 0.0003, weighted_loss: 0.0001, label: 0, bag_size: 3505
batch 59, loss: 0.0036, instance_loss: 0.0000, weighted_loss: 0.0025, label: 0, bag_size: 12239
batch 79, loss: 0.0001, instance_loss: 0.0000, weighted_loss: 0.0001, label: 1, bag_size: 8663
batch 99, loss: 0.0001, instance_loss: 0.0000, weighted_loss: 0.0001, label: 1, bag_size: 6344
batch 119, loss: 0.0044, instance_loss: 0.0000, weighted_loss: 0.0031, label: 1, bag_size: 7879
batch 139, loss: 2.5337, instance_loss: 0.0000, weighted_loss: 1.7736, label: 0, bag_size: 14591
batch 159, loss: 0.0075, instance_loss: 0.0155, weighted_loss: 0.0099, label: 1, bag_size: 3024
batch 179, loss: 0.0000, instance_loss: 0.0000, weighted_loss: 0.0000, label: 0, bag_size: 15470
batch 199, loss: 0.0012, instance_loss: 0.0000, weighted_loss: 0.0008, label: 1, bag_size: 14318
batch 219, loss: 0.0006, instance_loss: 0.0000, weighted_loss: 0.0004, label: 1, bag_size: 22399
batch 239, loss: 0.0107, instance_loss: 0.0000, weighted_loss: 0.0075, label: 1, bag_size: 3354
batch 259, loss: 0.3544, instance_loss: 0.0000, weighted_loss: 0.2481, label: 1, bag_size: 10180
batch 279, loss: 0.0000, instance_loss: 0.0428, weighted_loss: 0.0128, label: 0, bag_size: 1517
batch 299, loss: 0.0000, instance_loss: 0.0000, weighted_loss: 0.0000, label: 0, bag_size: 3958
batch 319, loss: 0.0192, instance_loss: 0.0000, weighted_loss: 0.0134, label: 1, bag_size: 14414
batch 339, loss: 0.0000, instance_loss: 0.0000, weighted_loss: 0.0000, label: 0, bag_size: 6101
batch 359, loss: 0.0118, instance_loss: 0.0000, weighted_loss: 0.0083, label: 0, bag_size: 2406
batch 379, loss: 0.4570, instance_loss: 0.0000, weighted_loss: 0.3199, label: 1, bag_size: 22399
batch 399, loss: 0.0117, instance_loss: 0.0000, weighted_loss: 0.0082, label: 1, bag_size: 10371
batch 419, loss: 0.0000, instance_loss: 0.0000, weighted_loss: 0.0000, label: 0, bag_size: 7720
batch 439, loss: 0.0037, instance_loss: 0.0005, weighted_loss: 0.0028, label: 0, bag_size: 4889
batch 459, loss: 0.0000, instance_loss: 0.0000, weighted_loss: 0.0000, label: 0, bag_size: 15251
batch 479, loss: 0.0001, instance_loss: 0.0000, weighted_loss: 0.0001, label: 1, bag_size: 7733
batch 499, loss: 0.0004, instance_loss: 0.0024, weighted_loss: 0.0010, label: 0, bag_size: 2505
batch 519, loss: 0.6146, instance_loss: 0.0000, weighted_loss: 0.4302, label: 0, bag_size: 5542
batch 539, loss: 0.0014, instance_loss: 0.0000, weighted_loss: 0.0010, label: 0, bag_size: 21888
batch 559, loss: 2.1103, instance_loss: 0.0016, weighted_loss: 1.4777, label: 0, bag_size: 6434
batch 579, loss: 0.0012, instance_loss: 0.0000, weighted_loss: 0.0009, label: 0, bag_size: 23155
batch 599, loss: 0.0051, instance_loss: 0.0000, weighted_loss: 0.0035, label: 0, bag_size: 25328
batch 619, loss: 0.0001, instance_loss: 0.0002, weighted_loss: 0.0001, label: 0, bag_size: 4676
batch 639, loss: 0.0033, instance_loss: 0.0000, weighted_loss: 0.0023, label: 0, bag_size: 19988
batch 659, loss: 0.0220, instance_loss: 0.0000, weighted_loss: 0.0154, label: 0, bag_size: 18947
batch 679, loss: 0.0019, instance_loss: 0.0000, weighted_loss: 0.0014, label: 1, bag_size: 4760
batch 699, loss: 0.0916, instance_loss: 0.0000, weighted_loss: 0.0641, label: 1, bag_size: 14318
batch 719, loss: 0.0000, instance_loss: 0.0000, weighted_loss: 0.0000, label: 0, bag_size: 7992
batch 739, loss: 0.0001, instance_loss: 0.0000, weighted_loss: 0.0001, label: 1, bag_size: 7733
batch 759, loss: 0.0001, instance_loss: 0.0000, weighted_loss: 0.0000, label: 0, bag_size: 3520
batch 779, loss: 0.0068, instance_loss: 0.0000, weighted_loss: 0.0047, label: 1, bag_size: 21952
batch 799, loss: 0.0186, instance_loss: 0.0005, weighted_loss: 0.0132, label: 0, bag_size: 14950
batch 819, loss: 0.1205, instance_loss: 0.0079, weighted_loss: 0.0867, label: 1, bag_size: 1140
batch 839, loss: 0.0010, instance_loss: 0.0000, weighted_loss: 0.0007, label: 1, bag_size: 6028
batch 859, loss: 0.0005, instance_loss: 0.0000, weighted_loss: 0.0004, label: 0, bag_size: 21383
batch 879, loss: 0.0130, instance_loss: 0.0000, weighted_loss: 0.0091, label: 1, bag_size: 15079
batch 899, loss: 0.0014, instance_loss: 0.0000, weighted_loss: 0.0010, label: 1, bag_size: 10180


class 0 clustering acc 1.0: correct 7216/7216
class 1 clustering acc 0.9998614190687362: correct 7215/7216
Epoch: 9, train_loss: 0.0743, train_clustering_loss:  0.0016, train_error: 0.0222
class 0: acc 0.9710467706013363, correct 436/449
class 1: acc 0.9845474613686535, correct 446/453

Val Set, val_loss: 0.3668, val_error: 0.0625, auc: 0.1570
class 0 clustering acc 0.9992897727272727: correct 1407/1408
class 1 clustering acc 1.0: correct 1408/1408
class 0: acc 0.9593023255813954, correct 165/172
class 1: acc 0.0, correct 0/4
EarlyStopping counter: 3 out of 10


batch 19, loss: 0.0000, instance_loss: 0.0000, weighted_loss: 0.0000, label: 0, bag_size: 4859
batch 39, loss: 0.0000, instance_loss: 0.0000, weighted_loss: 0.0000, label: 0, bag_size: 3060
batch 59, loss: 0.0000, instance_loss: 0.0000, weighted_loss: 0.0000, label: 0, bag_size: 1291
batch 79, loss: 0.0596, instance_loss: 0.0000, weighted_loss: 0.0417, label: 1, bag_size: 22871
batch 99, loss: 0.0008, instance_loss: 0.0000, weighted_loss: 0.0005, label: 0, bag_size: 14732
batch 119, loss: 0.0000, instance_loss: 0.0000, weighted_loss: 0.0000, label: 0, bag_size: 5549
batch 139, loss: 0.0000, instance_loss: 0.0000, weighted_loss: 0.0000, label: 0, bag_size: 14711
batch 159, loss: 0.0006, instance_loss: 0.0000, weighted_loss: 0.0004, label: 0, bag_size: 3946
batch 179, loss: 0.0008, instance_loss: 0.0000, weighted_loss: 0.0006, label: 0, bag_size: 14354
batch 199, loss: 0.0034, instance_loss: 0.0065, weighted_loss: 0.0043, label: 1, bag_size: 3628
batch 219, loss: 0.0001, instance_loss: 0.0000, weighted_loss: 0.0001, label: 0, bag_size: 9768
batch 239, loss: 0.0006, instance_loss: 0.0000, weighted_loss: 0.0004, label: 1, bag_size: 10180
batch 259, loss: 0.0008, instance_loss: 0.0000, weighted_loss: 0.0005, label: 1, bag_size: 4760
batch 279, loss: 0.0003, instance_loss: 0.0000, weighted_loss: 0.0002, label: 0, bag_size: 17448
batch 299, loss: 0.0007, instance_loss: 0.0000, weighted_loss: 0.0005, label: 0, bag_size: 3533
batch 319, loss: 0.0029, instance_loss: 0.0000, weighted_loss: 0.0020, label: 1, bag_size: 22042
batch 339, loss: 0.0002, instance_loss: 0.0006, weighted_loss: 0.0003, label: 1, bag_size: 5956
batch 359, loss: 0.0130, instance_loss: 0.0125, weighted_loss: 0.0129, label: 0, bag_size: 1414
batch 379, loss: 0.0016, instance_loss: 0.0000, weighted_loss: 0.0011, label: 1, bag_size: 22624
batch 399, loss: 0.0233, instance_loss: 0.0028, weighted_loss: 0.0171, label: 1, bag_size: 10371
batch 419, loss: 0.0008, instance_loss: 0.0000, weighted_loss: 0.0006, label: 1, bag_size: 1140
batch 439, loss: 0.0177, instance_loss: 0.0000, weighted_loss: 0.0124, label: 1, bag_size: 16197
batch 459, loss: 0.0000, instance_loss: 0.0000, weighted_loss: 0.0000, label: 0, bag_size: 14933
batch 479, loss: 0.0001, instance_loss: 0.0006, weighted_loss: 0.0002, label: 0, bag_size: 5180
batch 499, loss: 0.0000, instance_loss: 0.0000, weighted_loss: 0.0000, label: 0, bag_size: 6157
batch 519, loss: 0.0068, instance_loss: 0.0000, weighted_loss: 0.0048, label: 0, bag_size: 11116
batch 539, loss: 0.0001, instance_loss: 0.0000, weighted_loss: 0.0001, label: 0, bag_size: 14900
batch 559, loss: 0.0169, instance_loss: 0.0009, weighted_loss: 0.0121, label: 1, bag_size: 4365
batch 579, loss: 0.0000, instance_loss: 0.0000, weighted_loss: 0.0000, label: 0, bag_size: 5224
batch 599, loss: 0.0041, instance_loss: 0.0002, weighted_loss: 0.0029, label: 0, bag_size: 21480
batch 619, loss: 0.0003, instance_loss: 0.0000, weighted_loss: 0.0002, label: 1, bag_size: 22871
batch 639, loss: 0.0016, instance_loss: 0.0000, weighted_loss: 0.0011, label: 1, bag_size: 21609
batch 659, loss: 0.0000, instance_loss: 0.0000, weighted_loss: 0.0000, label: 0, bag_size: 6131
batch 679, loss: 0.0008, instance_loss: 0.0000, weighted_loss: 0.0005, label: 1, bag_size: 22624
batch 699, loss: 0.0000, instance_loss: 0.0000, weighted_loss: 0.0000, label: 0, bag_size: 2708
batch 719, loss: 0.0000, instance_loss: 0.0000, weighted_loss: 0.0000, label: 1, bag_size: 2853
batch 739, loss: 0.0000, instance_loss: 0.0000, weighted_loss: 0.0000, label: 0, bag_size: 4544
batch 759, loss: 0.0013, instance_loss: 0.0000, weighted_loss: 0.0009, label: 1, bag_size: 3354
batch 779, loss: 0.0001, instance_loss: 0.0000, weighted_loss: 0.0001, label: 0, bag_size: 13922
batch 799, loss: 0.0009, instance_loss: 0.0000, weighted_loss: 0.0006, label: 0, bag_size: 18256
batch 819, loss: 0.0209, instance_loss: 0.0000, weighted_loss: 0.0146, label: 1, bag_size: 16197
batch 839, loss: 0.0004, instance_loss: 0.0000, weighted_loss: 0.0003, label: 1, bag_size: 13571
batch 859, loss: 0.0004, instance_loss: 0.0000, weighted_loss: 0.0003, label: 0, bag_size: 20777
batch 879, loss: 0.0002, instance_loss: 0.0000, weighted_loss: 0.0001, label: 0, bag_size: 9265
batch 899, loss: 0.0126, instance_loss: 0.0000, weighted_loss: 0.0088, label: 1, bag_size: 14318


class 0 clustering acc 1.0: correct 7216/7216
class 1 clustering acc 1.0: correct 7216/7216
Epoch: 10, train_loss: 0.0138, train_clustering_loss:  0.0005, train_error: 0.0044
class 0: acc 0.9957081545064378, correct 464/466
class 1: acc 0.9954128440366973, correct 434/436

Val Set, val_loss: 0.4022, val_error: 0.0511, auc: 0.2035
class 0 clustering acc 0.9992897727272727: correct 1407/1408
class 1 clustering acc 1.0: correct 1408/1408
class 0: acc 0.9709302325581395, correct 167/172
class 1: acc 0.0, correct 0/4
EarlyStopping counter: 4 out of 10


batch 19, loss: 0.0027, instance_loss: 0.0004, weighted_loss: 0.0020, label: 1, bag_size: 3024
batch 39, loss: 0.0075, instance_loss: 0.0000, weighted_loss: 0.0053, label: 0, bag_size: 3506
batch 59, loss: 0.0003, instance_loss: 0.0000, weighted_loss: 0.0002, label: 1, bag_size: 6028
batch 79, loss: 0.0003, instance_loss: 0.0000, weighted_loss: 0.0002, label: 0, bag_size: 4471
batch 99, loss: 0.0000, instance_loss: 0.0009, weighted_loss: 0.0003, label: 0, bag_size: 1527
batch 119, loss: 0.0030, instance_loss: 0.0000, weighted_loss: 0.0021, label: 1, bag_size: 2671
batch 139, loss: 0.0002, instance_loss: 0.0000, weighted_loss: 0.0001, label: 1, bag_size: 9833
batch 159, loss: 0.0005, instance_loss: 0.0092, weighted_loss: 0.0031, label: 1, bag_size: 5956
batch 179, loss: 0.0003, instance_loss: 0.0000, weighted_loss: 0.0002, label: 1, bag_size: 3354
batch 199, loss: 0.0000, instance_loss: 0.0004, weighted_loss: 0.0001, label: 0, bag_size: 3665
batch 219, loss: 0.0000, instance_loss: 0.0000, weighted_loss: 0.0000, label: 1, bag_size: 8663
batch 239, loss: 0.0040, instance_loss: 0.0000, weighted_loss: 0.0028, label: 1, bag_size: 4365
batch 259, loss: 0.0009, instance_loss: 0.0000, weighted_loss: 0.0006, label: 1, bag_size: 10180
batch 279, loss: 0.0000, instance_loss: 0.0000, weighted_loss: 0.0000, label: 0, bag_size: 17843
batch 299, loss: 0.0000, instance_loss: 0.0000, weighted_loss: 0.0000, label: 0, bag_size: 15851
batch 319, loss: 0.0000, instance_loss: 0.0000, weighted_loss: 0.0000, label: 0, bag_size: 16888
batch 339, loss: 0.0004, instance_loss: 0.0000, weighted_loss: 0.0003, label: 1, bag_size: 5956
batch 359, loss: 0.0000, instance_loss: 0.0000, weighted_loss: 0.0000, label: 1, bag_size: 8663
batch 379, loss: 0.0000, instance_loss: 0.0000, weighted_loss: 0.0000, label: 1, bag_size: 5082
batch 399, loss: 0.0000, instance_loss: 0.0002, weighted_loss: 0.0001, label: 0, bag_size: 26941
batch 419, loss: 0.0024, instance_loss: 0.0000, weighted_loss: 0.0016, label: 1, bag_size: 2671
batch 439, loss: 0.0004, instance_loss: 0.0000, weighted_loss: 0.0003, label: 1, bag_size: 14528
batch 459, loss: 0.0019, instance_loss: 0.0000, weighted_loss: 0.0013, label: 1, bag_size: 2671
batch 479, loss: 0.0000, instance_loss: 0.0000, weighted_loss: 0.0000, label: 1, bag_size: 5906
batch 499, loss: 0.0000, instance_loss: 0.0000, weighted_loss: 0.0000, label: 0, bag_size: 2984
batch 519, loss: 0.0000, instance_loss: 0.0000, weighted_loss: 0.0000, label: 0, bag_size: 1758
batch 539, loss: 0.0003, instance_loss: 0.0000, weighted_loss: 0.0002, label: 1, bag_size: 21609
batch 559, loss: 0.0210, instance_loss: 0.0078, weighted_loss: 0.0170, label: 0, bag_size: 4085
batch 579, loss: 0.0000, instance_loss: 0.0000, weighted_loss: 0.0000, label: 0, bag_size: 2076
batch 599, loss: 0.0001, instance_loss: 0.0000, weighted_loss: 0.0000, label: 1, bag_size: 22871
batch 619, loss: 0.0016, instance_loss: 0.0000, weighted_loss: 0.0011, label: 1, bag_size: 14414
batch 639, loss: 0.0000, instance_loss: 0.0006, weighted_loss: 0.0002, label: 0, bag_size: 2573
batch 659, loss: 0.0000, instance_loss: 0.0000, weighted_loss: 0.0000, label: 1, bag_size: 1140
batch 679, loss: 0.0011, instance_loss: 0.0000, weighted_loss: 0.0008, label: 0, bag_size: 1539
batch 699, loss: 0.0026, instance_loss: 0.0000, weighted_loss: 0.0018, label: 0, bag_size: 2640
batch 719, loss: 0.0001, instance_loss: 0.0090, weighted_loss: 0.0028, label: 1, bag_size: 4516
batch 739, loss: 0.0000, instance_loss: 0.0000, weighted_loss: 0.0000, label: 0, bag_size: 1998
batch 759, loss: 0.0003, instance_loss: 0.0000, weighted_loss: 0.0002, label: 1, bag_size: 14528
batch 779, loss: 0.0000, instance_loss: 0.0000, weighted_loss: 0.0000, label: 1, bag_size: 5906
batch 799, loss: 0.0003, instance_loss: 0.0000, weighted_loss: 0.0002, label: 1, bag_size: 21609
batch 819, loss: 0.0000, instance_loss: 0.0000, weighted_loss: 0.0000, label: 0, bag_size: 9251
batch 839, loss: 0.0002, instance_loss: 0.0000, weighted_loss: 0.0001, label: 0, bag_size: 5791
batch 859, loss: 0.0005, instance_loss: 0.0000, weighted_loss: 0.0004, label: 1, bag_size: 7733
batch 879, loss: 0.0000, instance_loss: 0.0000, weighted_loss: 0.0000, label: 0, bag_size: 14056
batch 899, loss: 0.0000, instance_loss: 0.0000, weighted_loss: 0.0000, label: 1, bag_size: 5906


class 0 clustering acc 1.0: correct 7216/7216
class 1 clustering acc 1.0: correct 7216/7216
Epoch: 11, train_loss: 0.0016, train_clustering_loss:  0.0007, train_error: 0.0000
class 0: acc 1.0, correct 458/458
class 1: acc 1.0, correct 444/444

Val Set, val_loss: 0.4386, val_error: 0.0568, auc: 0.2209
class 0 clustering acc 1.0: correct 1408/1408
class 1 clustering acc 1.0: correct 1408/1408
class 0: acc 0.9651162790697675, correct 166/172
class 1: acc 0.0, correct 0/4
EarlyStopping counter: 5 out of 10


batch 19, loss: 0.0000, instance_loss: 0.0000, weighted_loss: 0.0000, label: 0, bag_size: 16172
batch 39, loss: 0.0000, instance_loss: 0.0000, weighted_loss: 0.0000, label: 0, bag_size: 14901
batch 59, loss: 0.0004, instance_loss: 0.0000, weighted_loss: 0.0002, label: 1, bag_size: 14528
batch 79, loss: 0.0003, instance_loss: 0.0018, weighted_loss: 0.0007, label: 0, bag_size: 1322
batch 99, loss: 0.0001, instance_loss: 0.0000, weighted_loss: 0.0001, label: 1, bag_size: 13646
batch 119, loss: 0.0000, instance_loss: 0.0012, weighted_loss: 0.0004, label: 0, bag_size: 2726
batch 139, loss: 0.0010, instance_loss: 0.0000, weighted_loss: 0.0007, label: 0, bag_size: 5195
batch 159, loss: 0.0002, instance_loss: 0.0000, weighted_loss: 0.0002, label: 1, bag_size: 21609
batch 179, loss: 0.0001, instance_loss: 0.0000, weighted_loss: 0.0001, label: 1, bag_size: 5956
batch 199, loss: 0.0001, instance_loss: 0.0000, weighted_loss: 0.0001, label: 0, bag_size: 15404
batch 219, loss: 0.0000, instance_loss: 0.0000, weighted_loss: 0.0000, label: 0, bag_size: 16657
batch 239, loss: 0.0000, instance_loss: 0.0000, weighted_loss: 0.0000, label: 0, bag_size: 24236
batch 259, loss: 0.0000, instance_loss: 0.0000, weighted_loss: 0.0000, label: 0, bag_size: 11242
batch 279, loss: 0.0000, instance_loss: 0.0000, weighted_loss: 0.0000, label: 0, bag_size: 11611
batch 299, loss: 0.0446, instance_loss: 0.0004, weighted_loss: 0.0313, label: 1, bag_size: 3628
batch 319, loss: 0.0000, instance_loss: 0.0000, weighted_loss: 0.0000, label: 1, bag_size: 3621
batch 339, loss: 0.0000, instance_loss: 0.0000, weighted_loss: 0.0000, label: 1, bag_size: 6028
batch 359, loss: 0.0000, instance_loss: 0.0000, weighted_loss: 0.0000, label: 0, bag_size: 20004
batch 379, loss: 0.0658, instance_loss: 0.0000, weighted_loss: 0.0461, label: 1, bag_size: 4760
batch 399, loss: 0.0006, instance_loss: 0.0000, weighted_loss: 0.0005, label: 0, bag_size: 15045
batch 419, loss: 0.0178, instance_loss: 0.0000, weighted_loss: 0.0124, label: 0, bag_size: 3305
batch 439, loss: 0.0000, instance_loss: 0.0000, weighted_loss: 0.0000, label: 0, bag_size: 11847
batch 459, loss: 0.0012, instance_loss: 0.0003, weighted_loss: 0.0009, label: 1, bag_size: 22399
batch 479, loss: 0.0000, instance_loss: 0.0000, weighted_loss: 0.0000, label: 0, bag_size: 2269
batch 499, loss: 0.0000, instance_loss: 0.0000, weighted_loss: 0.0000, label: 0, bag_size: 5549
batch 519, loss: 0.0000, instance_loss: 0.0000, weighted_loss: 0.0000, label: 0, bag_size: 17328
batch 539, loss: 0.0237, instance_loss: 0.0000, weighted_loss: 0.0166, label: 1, bag_size: 18621
batch 559, loss: 0.0001, instance_loss: 0.0000, weighted_loss: 0.0001, label: 1, bag_size: 6344
batch 579, loss: 0.0000, instance_loss: 0.0000, weighted_loss: 0.0000, label: 0, bag_size: 17592
batch 599, loss: 0.0000, instance_loss: 0.0000, weighted_loss: 0.0000, label: 0, bag_size: 2119
batch 619, loss: 0.0000, instance_loss: 0.0000, weighted_loss: 0.0000, label: 0, bag_size: 10540
batch 639, loss: 0.0000, instance_loss: 0.0000, weighted_loss: 0.0000, label: 0, bag_size: 5466
batch 659, loss: 0.0001, instance_loss: 0.0096, weighted_loss: 0.0029, label: 1, bag_size: 2637
batch 679, loss: 0.0000, instance_loss: 0.0000, weighted_loss: 0.0000, label: 1, bag_size: 4563
batch 699, loss: 0.0187, instance_loss: 0.0000, weighted_loss: 0.0131, label: 1, bag_size: 16197
batch 719, loss: 0.0000, instance_loss: 0.0000, weighted_loss: 0.0000, label: 0, bag_size: 10199
batch 739, loss: 0.0139, instance_loss: 0.0000, weighted_loss: 0.0097, label: 1, bag_size: 12989
batch 759, loss: 0.0000, instance_loss: 0.0000, weighted_loss: 0.0000, label: 0, bag_size: 1758
batch 779, loss: 0.7000, instance_loss: 0.0029, weighted_loss: 0.4909, label: 0, bag_size: 3386
batch 799, loss: 0.0004, instance_loss: 0.0006, weighted_loss: 0.0005, label: 1, bag_size: 5956
batch 819, loss: 0.0733, instance_loss: 0.0006, weighted_loss: 0.0515, label: 0, bag_size: 4777
batch 839, loss: 0.0253, instance_loss: 0.0000, weighted_loss: 0.0177, label: 0, bag_size: 23909
batch 859, loss: 0.0000, instance_loss: 0.0007, weighted_loss: 0.0002, label: 1, bag_size: 7733
batch 879, loss: 0.0075, instance_loss: 0.0000, weighted_loss: 0.0052, label: 1, bag_size: 22399
batch 899, loss: 0.0000, instance_loss: 0.0002, weighted_loss: 0.0001, label: 0, bag_size: 5624


class 0 clustering acc 0.9998614190687362: correct 7215/7216
class 1 clustering acc 1.0: correct 7216/7216
Epoch: 12, train_loss: 0.0435, train_clustering_loss:  0.0007, train_error: 0.0144
class 0: acc 0.9824945295404814, correct 449/457
class 1: acc 0.9887640449438202, correct 440/445

Val Set, val_loss: 0.5386, val_error: 0.0909, auc: 0.2616
class 0 clustering acc 1.0: correct 1408/1408
class 1 clustering acc 1.0: correct 1408/1408
class 0: acc 0.9302325581395349, correct 160/172
class 1: acc 0.0, correct 0/4
EarlyStopping counter: 6 out of 10


batch 19, loss: 0.0144, instance_loss: 0.0000, weighted_loss: 0.0101, label: 1, bag_size: 18621
batch 39, loss: 0.0000, instance_loss: 0.0000, weighted_loss: 0.0000, label: 0, bag_size: 1517
batch 59, loss: 0.0050, instance_loss: 0.0002, weighted_loss: 0.0036, label: 1, bag_size: 2671
batch 79, loss: 0.0009, instance_loss: 0.0000, weighted_loss: 0.0006, label: 0, bag_size: 4569
batch 99, loss: 0.0000, instance_loss: 0.0004, weighted_loss: 0.0001, label: 0, bag_size: 6656
batch 119, loss: 0.0317, instance_loss: 0.0000, weighted_loss: 0.0222, label: 1, bag_size: 22399
batch 139, loss: 0.0000, instance_loss: 0.0000, weighted_loss: 0.0000, label: 0, bag_size: 3007
batch 159, loss: 0.0001, instance_loss: 0.0012, weighted_loss: 0.0004, label: 0, bag_size: 5342
batch 179, loss: 0.0000, instance_loss: 0.0000, weighted_loss: 0.0000, label: 0, bag_size: 20429
batch 199, loss: 0.0000, instance_loss: 0.0000, weighted_loss: 0.0000, label: 0, bag_size: 5466
batch 219, loss: 0.0014, instance_loss: 0.0006, weighted_loss: 0.0012, label: 1, bag_size: 3628
batch 239, loss: 0.0000, instance_loss: 0.0000, weighted_loss: 0.0000, label: 0, bag_size: 14779
batch 259, loss: 0.0021, instance_loss: 0.0019, weighted_loss: 0.0020, label: 1, bag_size: 2671
batch 279, loss: 0.0000, instance_loss: 0.0000, weighted_loss: 0.0000, label: 1, bag_size: 6344
batch 299, loss: 0.0000, instance_loss: 0.0000, weighted_loss: 0.0000, label: 1, bag_size: 1140
batch 319, loss: 0.0753, instance_loss: 0.0000, weighted_loss: 0.0527, label: 1, bag_size: 4365
batch 339, loss: 0.0003, instance_loss: 0.0019, weighted_loss: 0.0008, label: 1, bag_size: 4492
batch 359, loss: 0.0000, instance_loss: 0.0000, weighted_loss: 0.0000, label: 0, bag_size: 20692
batch 379, loss: 0.0015, instance_loss: 0.0000, weighted_loss: 0.0010, label: 1, bag_size: 22042
batch 399, loss: 0.0000, instance_loss: 0.0012, weighted_loss: 0.0004, label: 0, bag_size: 1333
batch 419, loss: 0.0000, instance_loss: 0.0000, weighted_loss: 0.0000, label: 0, bag_size: 3060
batch 439, loss: 0.0000, instance_loss: 0.0002, weighted_loss: 0.0001, label: 0, bag_size: 4129
batch 459, loss: 0.0000, instance_loss: 0.0000, weighted_loss: 0.0000, label: 0, bag_size: 2573
batch 479, loss: 0.0000, instance_loss: 0.0000, weighted_loss: 0.0000, label: 0, bag_size: 18625
batch 499, loss: 0.0221, instance_loss: 0.0000, weighted_loss: 0.0155, label: 1, bag_size: 5828
batch 519, loss: 0.0041, instance_loss: 0.0000, weighted_loss: 0.0029, label: 0, bag_size: 9103
batch 539, loss: 0.0001, instance_loss: 0.0000, weighted_loss: 0.0001, label: 1, bag_size: 2637
batch 559, loss: 0.0003, instance_loss: 0.0002, weighted_loss: 0.0003, label: 0, bag_size: 4105
batch 579, loss: 0.0002, instance_loss: 0.0000, weighted_loss: 0.0001, label: 1, bag_size: 2637
batch 599, loss: 0.0000, instance_loss: 0.0000, weighted_loss: 0.0000, label: 0, bag_size: 1901
batch 619, loss: 0.0000, instance_loss: 0.0000, weighted_loss: 0.0000, label: 0, bag_size: 5483
batch 639, loss: 0.0000, instance_loss: 0.0000, weighted_loss: 0.0000, label: 0, bag_size: 2766
batch 659, loss: 0.0019, instance_loss: 0.0000, weighted_loss: 0.0013, label: 1, bag_size: 10371
batch 679, loss: 0.0036, instance_loss: 0.0000, weighted_loss: 0.0025, label: 0, bag_size: 12415
batch 699, loss: 0.0000, instance_loss: 0.0000, weighted_loss: 0.0000, label: 0, bag_size: 6631
batch 719, loss: 0.0000, instance_loss: 0.0000, weighted_loss: 0.0000, label: 0, bag_size: 4615
batch 739, loss: 0.0000, instance_loss: 0.0000, weighted_loss: 0.0000, label: 1, bag_size: 2853
batch 759, loss: 1.0083, instance_loss: 0.0345, weighted_loss: 0.7161, label: 0, bag_size: 1921
batch 779, loss: 0.0001, instance_loss: 0.0000, weighted_loss: 0.0000, label: 1, bag_size: 5906
batch 799, loss: 0.0112, instance_loss: 0.0000, weighted_loss: 0.0078, label: 1, bag_size: 4516
batch 819, loss: 0.3579, instance_loss: 0.0000, weighted_loss: 0.2505, label: 1, bag_size: 8663
batch 839, loss: 0.0092, instance_loss: 0.0000, weighted_loss: 0.0065, label: 1, bag_size: 4563
batch 859, loss: 0.0000, instance_loss: 0.0000, weighted_loss: 0.0000, label: 0, bag_size: 17359
batch 879, loss: 0.0001, instance_loss: 0.0029, weighted_loss: 0.0009, label: 0, bag_size: 1690
batch 899, loss: 0.0022, instance_loss: 0.0000, weighted_loss: 0.0015, label: 1, bag_size: 2644


class 0 clustering acc 1.0: correct 7216/7216
class 1 clustering acc 1.0: correct 7216/7216
Epoch: 13, train_loss: 0.0475, train_clustering_loss:  0.0005, train_error: 0.0100
class 0: acc 0.9840546697038725, correct 432/439
class 1: acc 0.9956803455723542, correct 461/463

Val Set, val_loss: 0.5319, val_error: 0.0966, auc: 0.2093
class 0 clustering acc 1.0: correct 1408/1408
class 1 clustering acc 1.0: correct 1408/1408
class 0: acc 0.9244186046511628, correct 159/172
class 1: acc 0.0, correct 0/4
EarlyStopping counter: 7 out of 10


batch 19, loss: 0.0000, instance_loss: 0.0000, weighted_loss: 0.0000, label: 1, bag_size: 4760
batch 39, loss: 0.0000, instance_loss: 0.0000, weighted_loss: 0.0000, label: 0, bag_size: 3345
batch 59, loss: 0.0184, instance_loss: 0.0017, weighted_loss: 0.0134, label: 1, bag_size: 5956
batch 79, loss: 0.0004, instance_loss: 0.0000, weighted_loss: 0.0003, label: 1, bag_size: 5828
batch 99, loss: 0.0000, instance_loss: 0.0005, weighted_loss: 0.0002, label: 0, bag_size: 1954
batch 119, loss: 0.0978, instance_loss: 0.0000, weighted_loss: 0.0684, label: 0, bag_size: 18256
batch 139, loss: 0.0028, instance_loss: 0.0000, weighted_loss: 0.0019, label: 1, bag_size: 22399
batch 159, loss: 0.0131, instance_loss: 0.0031, weighted_loss: 0.0101, label: 1, bag_size: 5956
batch 179, loss: 0.0000, instance_loss: 0.0000, weighted_loss: 0.0000, label: 0, bag_size: 2681
batch 199, loss: 0.0084, instance_loss: 0.0000, weighted_loss: 0.0059, label: 0, bag_size: 21466
batch 219, loss: 0.0029, instance_loss: 0.0000, weighted_loss: 0.0020, label: 1, bag_size: 2644
batch 239, loss: 0.0000, instance_loss: 0.0000, weighted_loss: 0.0000, label: 0, bag_size: 19295
batch 259, loss: 0.0000, instance_loss: 0.0000, weighted_loss: 0.0000, label: 1, bag_size: 8663
batch 279, loss: 0.0000, instance_loss: 0.0000, weighted_loss: 0.0000, label: 0, bag_size: 9990
batch 299, loss: 0.0000, instance_loss: 0.0000, weighted_loss: 0.0000, label: 1, bag_size: 7733
batch 319, loss: 0.0000, instance_loss: 0.0000, weighted_loss: 0.0000, label: 0, bag_size: 21775
batch 339, loss: 0.0000, instance_loss: 0.0000, weighted_loss: 0.0000, label: 1, bag_size: 2637
batch 359, loss: 0.0002, instance_loss: 0.0000, weighted_loss: 0.0001, label: 1, bag_size: 5828
batch 379, loss: 0.0004, instance_loss: 0.0053, weighted_loss: 0.0018, label: 0, bag_size: 863
batch 399, loss: 0.0013, instance_loss: 0.0000, weighted_loss: 0.0009, label: 0, bag_size: 3115
batch 419, loss: 0.0062, instance_loss: 0.0000, weighted_loss: 0.0043, label: 1, bag_size: 13571
batch 439, loss: 0.0000, instance_loss: 0.0000, weighted_loss: 0.0000, label: 1, bag_size: 4760
batch 459, loss: 0.0000, instance_loss: 0.0000, weighted_loss: 0.0000, label: 0, bag_size: 5157
batch 479, loss: 0.0000, instance_loss: 0.0000, weighted_loss: 0.0000, label: 0, bag_size: 5483
batch 499, loss: 0.0053, instance_loss: 0.0000, weighted_loss: 0.0037, label: 1, bag_size: 10371
batch 519, loss: 0.0015, instance_loss: 0.0000, weighted_loss: 0.0011, label: 1, bag_size: 22399
batch 539, loss: 0.0028, instance_loss: 0.0000, weighted_loss: 0.0019, label: 1, bag_size: 4365
batch 559, loss: 0.0000, instance_loss: 0.0000, weighted_loss: 0.0000, label: 1, bag_size: 4760
batch 579, loss: 0.6853, instance_loss: 0.0022, weighted_loss: 0.4804, label: 1, bag_size: 2671
batch 599, loss: 0.0022, instance_loss: 0.0000, weighted_loss: 0.0016, label: 1, bag_size: 22399
batch 619, loss: 0.0016, instance_loss: 0.0010, weighted_loss: 0.0014, label: 0, bag_size: 14901
batch 639, loss: 0.0000, instance_loss: 0.0208, weighted_loss: 0.0062, label: 1, bag_size: 8663
batch 659, loss: 0.0006, instance_loss: 0.0000, weighted_loss: 0.0004, label: 1, bag_size: 4516
batch 679, loss: 0.0056, instance_loss: 0.0020, weighted_loss: 0.0045, label: 1, bag_size: 3024
batch 699, loss: 0.0103, instance_loss: 0.0010, weighted_loss: 0.0076, label: 1, bag_size: 4365
batch 719, loss: 0.0000, instance_loss: 0.0000, weighted_loss: 0.0000, label: 0, bag_size: 2989
batch 739, loss: 0.0001, instance_loss: 0.0000, weighted_loss: 0.0001, label: 0, bag_size: 5128
batch 759, loss: 0.0001, instance_loss: 0.0000, weighted_loss: 0.0001, label: 1, bag_size: 4516
batch 779, loss: 0.0003, instance_loss: 0.0049, weighted_loss: 0.0017, label: 1, bag_size: 3628
batch 799, loss: 0.0029, instance_loss: 0.0065, weighted_loss: 0.0040, label: 0, bag_size: 1611
batch 819, loss: 0.0265, instance_loss: 0.0000, weighted_loss: 0.0185, label: 1, bag_size: 7879
batch 839, loss: 0.0000, instance_loss: 0.0000, weighted_loss: 0.0000, label: 0, bag_size: 5545
batch 859, loss: 0.4250, instance_loss: 0.0000, weighted_loss: 0.2975, label: 0, bag_size: 14372
batch 879, loss: 0.0000, instance_loss: 0.0000, weighted_loss: 0.0000, label: 0, bag_size: 18625
batch 899, loss: 0.0128, instance_loss: 0.0000, weighted_loss: 0.0089, label: 1, bag_size: 15079


class 0 clustering acc 1.0: correct 7216/7216
class 1 clustering acc 1.0: correct 7216/7216
Epoch: 14, train_loss: 0.0194, train_clustering_loss:  0.0007, train_error: 0.0055
class 0: acc 0.9932735426008968, correct 443/446
class 1: acc 0.9956140350877193, correct 454/456

Val Set, val_loss: 0.3603, val_error: 0.0341, auc: 0.2544
class 0 clustering acc 1.0: correct 1408/1408
class 1 clustering acc 1.0: correct 1408/1408
class 0: acc 0.9883720930232558, correct 170/172
class 1: acc 0.0, correct 0/4
EarlyStopping counter: 8 out of 10


batch 19, loss: 0.0006, instance_loss: 0.0000, weighted_loss: 0.0004, label: 1, bag_size: 5828
batch 39, loss: 0.0001, instance_loss: 0.0000, weighted_loss: 0.0000, label: 1, bag_size: 5906
batch 59, loss: 0.0308, instance_loss: 0.0007, weighted_loss: 0.0218, label: 1, bag_size: 4365
batch 79, loss: 0.0000, instance_loss: 0.0000, weighted_loss: 0.0000, label: 1, bag_size: 2853
batch 99, loss: 0.0000, instance_loss: 0.0000, weighted_loss: 0.0000, label: 1, bag_size: 8663
batch 119, loss: 0.0045, instance_loss: 0.0000, weighted_loss: 0.0031, label: 1, bag_size: 22042
batch 139, loss: 0.0001, instance_loss: 0.0000, weighted_loss: 0.0001, label: 0, bag_size: 6699
batch 159, loss: 0.0000, instance_loss: 0.0000, weighted_loss: 0.0000, label: 0, bag_size: 15060
batch 179, loss: 0.0000, instance_loss: 0.0000, weighted_loss: 0.0000, label: 0, bag_size: 25528
batch 199, loss: 0.0000, instance_loss: 0.0000, weighted_loss: 0.0000, label: 0, bag_size: 10653
batch 219, loss: 0.0000, instance_loss: 0.0000, weighted_loss: 0.0000, label: 0, bag_size: 20083
batch 239, loss: 0.0000, instance_loss: 0.0006, weighted_loss: 0.0002, label: 0, bag_size: 1861
batch 259, loss: 0.0000, instance_loss: 0.0028, weighted_loss: 0.0009, label: 0, bag_size: 1517
batch 279, loss: 0.0029, instance_loss: 0.0014, weighted_loss: 0.0024, label: 1, bag_size: 3628
batch 299, loss: 0.0020, instance_loss: 0.0000, weighted_loss: 0.0014, label: 1, bag_size: 14763
batch 319, loss: 0.0000, instance_loss: 0.0000, weighted_loss: 0.0000, label: 0, bag_size: 3727
batch 339, loss: 0.0000, instance_loss: 0.0000, weighted_loss: 0.0000, label: 1, bag_size: 3621
batch 359, loss: 0.0005, instance_loss: 0.0013, weighted_loss: 0.0007, label: 0, bag_size: 16076
batch 379, loss: 0.0800, instance_loss: 0.0000, weighted_loss: 0.0560, label: 1, bag_size: 14318
batch 399, loss: 0.0000, instance_loss: 0.0000, weighted_loss: 0.0000, label: 1, bag_size: 3621
batch 419, loss: 0.0000, instance_loss: 0.0000, weighted_loss: 0.0000, label: 1, bag_size: 4760
batch 439, loss: 0.0000, instance_loss: 0.0000, weighted_loss: 0.0000, label: 0, bag_size: 8950
batch 459, loss: 0.0000, instance_loss: 0.0000, weighted_loss: 0.0000, label: 1, bag_size: 7733
batch 479, loss: 0.0000, instance_loss: 0.0000, weighted_loss: 0.0000, label: 0, bag_size: 4692
batch 499, loss: 0.0008, instance_loss: 0.0017, weighted_loss: 0.0010, label: 1, bag_size: 3628
batch 519, loss: 0.0001, instance_loss: 0.0000, weighted_loss: 0.0001, label: 0, bag_size: 7304
batch 539, loss: 0.0000, instance_loss: 0.0000, weighted_loss: 0.0000, label: 1, bag_size: 3621
batch 559, loss: 0.0001, instance_loss: 0.0000, weighted_loss: 0.0001, label: 1, bag_size: 22042
batch 579, loss: 0.0000, instance_loss: 0.0000, weighted_loss: 0.0000, label: 1, bag_size: 2853
batch 599, loss: 0.0000, instance_loss: 0.0000, weighted_loss: 0.0000, label: 0, bag_size: 17986
batch 619, loss: 0.0000, instance_loss: 0.0000, weighted_loss: 0.0000, label: 0, bag_size: 2076
batch 639, loss: 0.0124, instance_loss: 0.0000, weighted_loss: 0.0087, label: 0, bag_size: 14017
batch 659, loss: 0.0000, instance_loss: 0.0000, weighted_loss: 0.0000, label: 1, bag_size: 2853
batch 679, loss: 0.0000, instance_loss: 0.0000, weighted_loss: 0.0000, label: 0, bag_size: 1970
batch 699, loss: 0.0000, instance_loss: 0.0000, weighted_loss: 0.0000, label: 1, bag_size: 22871
batch 719, loss: 0.0000, instance_loss: 0.0000, weighted_loss: 0.0000, label: 0, bag_size: 10199
batch 739, loss: 0.0000, instance_loss: 0.0000, weighted_loss: 0.0000, label: 0, bag_size: 6024
batch 759, loss: 0.0000, instance_loss: 0.0000, weighted_loss: 0.0000, label: 0, bag_size: 11672
batch 779, loss: 0.0000, instance_loss: 0.0000, weighted_loss: 0.0000, label: 0, bag_size: 2809
batch 799, loss: 0.0000, instance_loss: 0.0000, weighted_loss: 0.0000, label: 0, bag_size: 11672
batch 819, loss: 0.0000, instance_loss: 0.0000, weighted_loss: 0.0000, label: 0, bag_size: 5740
batch 839, loss: 0.0004, instance_loss: 0.0000, weighted_loss: 0.0003, label: 1, bag_size: 4516
batch 859, loss: 0.0000, instance_loss: 0.0000, weighted_loss: 0.0000, label: 1, bag_size: 5828
batch 879, loss: 0.0006, instance_loss: 0.0000, weighted_loss: 0.0004, label: 1, bag_size: 5828
batch 899, loss: 0.0000, instance_loss: 0.0000, weighted_loss: 0.0000, label: 0, bag_size: 16964


class 0 clustering acc 1.0: correct 7216/7216
class 1 clustering acc 1.0: correct 7216/7216
Epoch: 15, train_loss: 0.0339, train_clustering_loss:  0.0005, train_error: 0.0100
class 0: acc 0.9893390191897654, correct 464/469
class 1: acc 0.9907621247113164, correct 429/433

Val Set, val_loss: 0.3632, val_error: 0.0341, auc: 0.2587
class 0 clustering acc 1.0: correct 1408/1408
class 1 clustering acc 1.0: correct 1408/1408
class 0: acc 0.9883720930232558, correct 170/172
class 1: acc 0.0, correct 0/4
EarlyStopping counter: 9 out of 10


batch 19, loss: 0.0000, instance_loss: 0.0000, weighted_loss: 0.0000, label: 1, bag_size: 2644
batch 39, loss: 0.0003, instance_loss: 0.0000, weighted_loss: 0.0002, label: 1, bag_size: 22042
batch 59, loss: 0.0000, instance_loss: 0.0000, weighted_loss: 0.0000, label: 0, bag_size: 6032
batch 79, loss: 0.0010, instance_loss: 0.0189, weighted_loss: 0.0064, label: 1, bag_size: 5956
batch 99, loss: 0.0248, instance_loss: 0.0000, weighted_loss: 0.0174, label: 1, bag_size: 15079
batch 119, loss: 0.0000, instance_loss: 0.0000, weighted_loss: 0.0000, label: 0, bag_size: 17864
batch 139, loss: 0.0007, instance_loss: 0.0000, weighted_loss: 0.0005, label: 1, bag_size: 13646
batch 159, loss: 0.0001, instance_loss: 0.0000, weighted_loss: 0.0000, label: 1, bag_size: 6028
batch 179, loss: 0.0001, instance_loss: 0.0000, weighted_loss: 0.0001, label: 1, bag_size: 4760
batch 199, loss: 0.0070, instance_loss: 0.0000, weighted_loss: 0.0049, label: 0, bag_size: 15687
batch 219, loss: 0.0008, instance_loss: 0.0000, weighted_loss: 0.0006, label: 1, bag_size: 10371
batch 239, loss: 0.0194, instance_loss: 0.0000, weighted_loss: 0.0136, label: 0, bag_size: 16369
batch 259, loss: 0.0003, instance_loss: 0.0006, weighted_loss: 0.0004, label: 0, bag_size: 16499
batch 279, loss: 0.0001, instance_loss: 0.0000, weighted_loss: 0.0001, label: 1, bag_size: 5906
batch 299, loss: 0.0001, instance_loss: 0.0000, weighted_loss: 0.0001, label: 1, bag_size: 2637
batch 319, loss: 0.0000, instance_loss: 0.0000, weighted_loss: 0.0000, label: 0, bag_size: 2576
batch 339, loss: 0.0030, instance_loss: 0.0007, weighted_loss: 0.0023, label: 1, bag_size: 2671
batch 359, loss: 0.0113, instance_loss: 0.0000, weighted_loss: 0.0079, label: 1, bag_size: 21609
batch 379, loss: 0.0000, instance_loss: 0.0000, weighted_loss: 0.0000, label: 1, bag_size: 9833
batch 399, loss: 0.0013, instance_loss: 0.0000, weighted_loss: 0.0009, label: 0, bag_size: 19757
batch 419, loss: 0.0542, instance_loss: 0.0000, weighted_loss: 0.0380, label: 1, bag_size: 6344
batch 439, loss: 0.0000, instance_loss: 0.0000, weighted_loss: 0.0000, label: 0, bag_size: 2718
batch 459, loss: 0.0003, instance_loss: 0.0006, weighted_loss: 0.0004, label: 1, bag_size: 1140
batch 479, loss: 0.0002, instance_loss: 0.0000, weighted_loss: 0.0001, label: 1, bag_size: 3354
batch 499, loss: 0.0000, instance_loss: 0.0000, weighted_loss: 0.0000, label: 1, bag_size: 8663
batch 519, loss: 0.0000, instance_loss: 0.0000, weighted_loss: 0.0000, label: 0, bag_size: 21486
batch 539, loss: 0.0008, instance_loss: 0.0314, weighted_loss: 0.0100, label: 0, bag_size: 873
batch 559, loss: 0.0004, instance_loss: 0.0000, weighted_loss: 0.0003, label: 1, bag_size: 22871
batch 579, loss: 0.0000, instance_loss: 0.0000, weighted_loss: 0.0000, label: 0, bag_size: 10053
batch 599, loss: 0.0000, instance_loss: 0.0000, weighted_loss: 0.0000, label: 0, bag_size: 6943
batch 619, loss: 0.0000, instance_loss: 0.0000, weighted_loss: 0.0000, label: 0, bag_size: 18559
batch 639, loss: 0.0006, instance_loss: 0.0000, weighted_loss: 0.0004, label: 1, bag_size: 10371
batch 659, loss: 0.0001, instance_loss: 0.0003, weighted_loss: 0.0001, label: 0, bag_size: 1908
batch 679, loss: 0.0000, instance_loss: 0.0000, weighted_loss: 0.0000, label: 0, bag_size: 4105
batch 699, loss: 0.0001, instance_loss: 0.0000, weighted_loss: 0.0001, label: 1, bag_size: 22871
batch 719, loss: 0.1962, instance_loss: 0.0000, weighted_loss: 0.1374, label: 0, bag_size: 15114
batch 739, loss: 0.0005, instance_loss: 0.0000, weighted_loss: 0.0003, label: 0, bag_size: 3526
batch 759, loss: 0.0004, instance_loss: 0.0000, weighted_loss: 0.0003, label: 1, bag_size: 13571
batch 779, loss: 0.0144, instance_loss: 0.0000, weighted_loss: 0.0101, label: 1, bag_size: 14318
batch 799, loss: 0.0002, instance_loss: 0.0013, weighted_loss: 0.0005, label: 1, bag_size: 3024
batch 819, loss: 0.0000, instance_loss: 0.0000, weighted_loss: 0.0000, label: 1, bag_size: 2853
batch 839, loss: 0.0006, instance_loss: 0.0000, weighted_loss: 0.0004, label: 1, bag_size: 10371
batch 859, loss: 0.0000, instance_loss: 0.0000, weighted_loss: 0.0000, label: 1, bag_size: 7733
batch 879, loss: 0.0010, instance_loss: 0.0000, weighted_loss: 0.0007, label: 1, bag_size: 12989
batch 899, loss: 0.0011, instance_loss: 0.0000, weighted_loss: 0.0008, label: 1, bag_size: 2671


class 0 clustering acc 1.0: correct 7216/7216
class 1 clustering acc 1.0: correct 7216/7216
Epoch: 16, train_loss: 0.0130, train_clustering_loss:  0.0003, train_error: 0.0044
class 0: acc 0.9934782608695653, correct 457/460
class 1: acc 0.997737556561086, correct 441/442

Val Set, val_loss: 0.4038, val_error: 0.0455, auc: 0.2311
class 0 clustering acc 0.9992897727272727: correct 1407/1408
class 1 clustering acc 1.0: correct 1408/1408
class 0: acc 0.9767441860465116, correct 168/172
class 1: acc 0.0, correct 0/4
EarlyStopping counter: 10 out of 10
Early stopping
Val error: 0.0568, ROC AUC: 0.2035
CV validation error: 0.0568, ROC AUC: 0.2035
class 0: acc 0.9651162790697675, correct 166/172
class 1: acc 0.0, correct 0/4
Future event metrics: {"fold": 2, "events": 89, "positive_events": 4, "event_average_precision": 0.03262800417972832, "event_roc_auc": 0.1676470588235294, "event_brier": 0.05910552288474803, "aggregation": "mean probability across all included stains/slides of same patient/anchor date", "exploratory_cv_not_independent_final_test": true}
HE augmentation: {"fold": 3, "seed": 31, "train_slides": 837, "eligible_he_train": 52, "unchanged_train": 785, "policy": "geometry", "total_views": 2, "he_original_probability": 0.5, "view_seed": 20592206, "val_test_original_only": true, "split_sha256": "35497cb98b2a9b0ccbb6dbed86876e5deed3a9f8d6cfabd81dec181fa86f0cf8", "validation_used_for_checkpoint_selection": true, "independent_final_test": false}

Training Fold 3!

Init train/val/test splits... 
Done!
Training on 837 samples
Validating on 241 samples
Testing on 0 samples

Init loss function... Done!

Init Model... Setting tau to 1.0
Done!
CLAM_SB(
  (attention_net): Sequential(
    (0): Linear(in_features=1536, out_features=512, bias=True)
    (1): ReLU()
    (2): Dropout(p=0.25, inplace=False)
    (3): Attn_Net_Gated(
      (attention_a): Sequential(
        (0): Linear(in_features=512, out_features=256, bias=True)
        (1): Tanh()
        (2): Dropout(p=0.25, inplace=False)
      )
      (attention_b): Sequential(
        (0): Linear(in_features=512, out_features=256, bias=True)
        (1): Sigmoid()
        (2): Dropout(p=0.25, inplace=False)
      )
      (attention_c): Linear(in_features=256, out_features=1, bias=True)
    )
  )
  (classifiers): Linear(in_features=512, out_features=2, bias=True)
  (instance_classifiers): ModuleList(
    (0-1): 2 x Linear(in_features=512, out_features=2, bias=True)
  )
  (instance_loss_fn): SmoothTop1SVM()
)
Total number of parameters: 1052935
Total number of trainable parameters: 1052935

Init optimizer ... Done!

Init Loaders... Done!

Setup EarlyStopping... Done!


batch 19, loss: 0.2370, instance_loss: 1.2593, weighted_loss: 0.5437, label: 1, bag_size: 6344
batch 39, loss: 1.2195, instance_loss: 0.3268, weighted_loss: 0.9517, label: 1, bag_size: 9833
batch 59, loss: 0.6599, instance_loss: 0.1568, weighted_loss: 0.5089, label: 1, bag_size: 1140
batch 79, loss: 0.7826, instance_loss: 0.0582, weighted_loss: 0.5653, label: 1, bag_size: 22399
batch 99, loss: 0.5796, instance_loss: 0.1934, weighted_loss: 0.4637, label: 0, bag_size: 18256
batch 119, loss: 0.8243, instance_loss: 0.5151, weighted_loss: 0.7315, label: 1, bag_size: 4276
batch 139, loss: 1.2061, instance_loss: 0.5417, weighted_loss: 1.0068, label: 1, bag_size: 3621
batch 159, loss: 1.0297, instance_loss: 0.2786, weighted_loss: 0.8043, label: 0, bag_size: 3305
batch 179, loss: 0.4366, instance_loss: 0.3408, weighted_loss: 0.4078, label: 1, bag_size: 5137
batch 199, loss: 0.2282, instance_loss: 0.0431, weighted_loss: 0.1727, label: 1, bag_size: 16197
batch 219, loss: 0.6015, instance_loss: 0.6122, weighted_loss: 0.6047, label: 0, bag_size: 16640
batch 239, loss: 0.5471, instance_loss: 0.0386, weighted_loss: 0.3946, label: 0, bag_size: 5527
batch 259, loss: 0.1618, instance_loss: 0.0550, weighted_loss: 0.1297, label: 1, bag_size: 2644
batch 279, loss: 0.3529, instance_loss: 0.0561, weighted_loss: 0.2638, label: 0, bag_size: 2573
batch 299, loss: 0.4843, instance_loss: 0.0175, weighted_loss: 0.3442, label: 1, bag_size: 22042
batch 319, loss: 0.3761, instance_loss: 0.0381, weighted_loss: 0.2747, label: 0, bag_size: 3315
batch 339, loss: 0.7151, instance_loss: 0.0335, weighted_loss: 0.5106, label: 1, bag_size: 14763
batch 359, loss: 0.5997, instance_loss: 0.0593, weighted_loss: 0.4376, label: 0, bag_size: 1214
batch 379, loss: 0.0325, instance_loss: 0.0030, weighted_loss: 0.0236, label: 1, bag_size: 21952
batch 399, loss: 1.7711, instance_loss: 0.0302, weighted_loss: 1.2488, label: 1, bag_size: 4760
batch 419, loss: 0.8260, instance_loss: 0.0078, weighted_loss: 0.5806, label: 0, bag_size: 1861
batch 439, loss: 0.7293, instance_loss: 0.0030, weighted_loss: 0.5114, label: 0, bag_size: 6398
batch 459, loss: 0.3308, instance_loss: 0.0327, weighted_loss: 0.2414, label: 1, bag_size: 5956
batch 479, loss: 0.6501, instance_loss: 0.0067, weighted_loss: 0.4571, label: 1, bag_size: 8663
batch 499, loss: 0.5501, instance_loss: 0.0071, weighted_loss: 0.3872, label: 0, bag_size: 2922
batch 519, loss: 1.7260, instance_loss: 0.0039, weighted_loss: 1.2094, label: 1, bag_size: 2853
batch 539, loss: 0.1728, instance_loss: 0.0026, weighted_loss: 0.1217, label: 0, bag_size: 2936
batch 559, loss: 0.0503, instance_loss: 0.0022, weighted_loss: 0.0358, label: 1, bag_size: 5137
batch 579, loss: 0.4906, instance_loss: 0.0033, weighted_loss: 0.3444, label: 1, bag_size: 6023
batch 599, loss: 0.4679, instance_loss: 0.0115, weighted_loss: 0.3310, label: 0, bag_size: 3550
batch 619, loss: 0.5090, instance_loss: 0.0024, weighted_loss: 0.3570, label: 0, bag_size: 2739
batch 639, loss: 0.6294, instance_loss: 0.0053, weighted_loss: 0.4422, label: 1, bag_size: 4516
batch 659, loss: 0.1671, instance_loss: 0.0054, weighted_loss: 0.1186, label: 0, bag_size: 3969
batch 679, loss: 0.0263, instance_loss: 0.0033, weighted_loss: 0.0194, label: 0, bag_size: 2119
batch 699, loss: 0.1413, instance_loss: 0.0074, weighted_loss: 0.1011, label: 0, bag_size: 14855
batch 719, loss: 0.0683, instance_loss: 0.0019, weighted_loss: 0.0484, label: 1, bag_size: 6028
batch 739, loss: 0.0648, instance_loss: 0.0007, weighted_loss: 0.0456, label: 1, bag_size: 13571
batch 759, loss: 0.1444, instance_loss: 0.0000, weighted_loss: 0.1011, label: 1, bag_size: 21609
batch 779, loss: 0.4215, instance_loss: 0.0039, weighted_loss: 0.2963, label: 1, bag_size: 9833
batch 799, loss: 0.1106, instance_loss: 0.0000, weighted_loss: 0.0775, label: 0, bag_size: 3019
batch 819, loss: 0.0625, instance_loss: 0.0029, weighted_loss: 0.0446, label: 0, bag_size: 12672


class 0 clustering acc 0.96415770609319: correct 6456/6696
class 1 clustering acc 0.9619175627240143: correct 6441/6696
Epoch: 0, train_loss: 0.5656, train_clustering_loss:  0.2091, train_error: 0.2999
class 0: acc 0.6351706036745407, correct 242/381
class 1: acc 0.7543859649122807, correct 344/456

Val Set, val_loss: 0.4579, val_error: 0.2656, auc: 0.5958
class 0 clustering acc 1.0: correct 1928/1928
class 1 clustering acc 1.0: correct 1928/1928
class 0: acc 0.75, correct 174/232
class 1: acc 0.3333333333333333, correct 3/9
Validation loss decreased (inf --> 0.457887).  Saving model ...


batch 19, loss: 0.2278, instance_loss: 0.0013, weighted_loss: 0.1598, label: 1, bag_size: 6812
batch 39, loss: 0.8786, instance_loss: 0.0102, weighted_loss: 0.6181, label: 0, bag_size: 949
batch 59, loss: 0.0142, instance_loss: 0.0007, weighted_loss: 0.0101, label: 0, bag_size: 18081
batch 79, loss: 0.0761, instance_loss: 0.0013, weighted_loss: 0.0537, label: 1, bag_size: 2644
batch 99, loss: 0.0909, instance_loss: 0.0004, weighted_loss: 0.0637, label: 1, bag_size: 22042
batch 119, loss: 0.0040, instance_loss: 0.0009, weighted_loss: 0.0031, label: 0, bag_size: 3020
batch 139, loss: 0.4897, instance_loss: 0.0072, weighted_loss: 0.3449, label: 1, bag_size: 8663
batch 159, loss: 0.1034, instance_loss: 0.0005, weighted_loss: 0.0726, label: 1, bag_size: 14414
batch 179, loss: 0.4002, instance_loss: 0.0018, weighted_loss: 0.2807, label: 1, bag_size: 14763
batch 199, loss: 0.8142, instance_loss: 0.0050, weighted_loss: 0.5714, label: 1, bag_size: 6812
batch 219, loss: 0.0198, instance_loss: 0.0063, weighted_loss: 0.0157, label: 0, bag_size: 1236
batch 239, loss: 0.0026, instance_loss: 0.0000, weighted_loss: 0.0018, label: 1, bag_size: 6028
batch 259, loss: 0.6876, instance_loss: 0.0071, weighted_loss: 0.4835, label: 1, bag_size: 3354
batch 279, loss: 0.0633, instance_loss: 0.0070, weighted_loss: 0.0464, label: 0, bag_size: 3167
batch 299, loss: 0.4727, instance_loss: 0.0017, weighted_loss: 0.3314, label: 1, bag_size: 8663
batch 319, loss: 0.0831, instance_loss: 0.0000, weighted_loss: 0.0582, label: 0, bag_size: 9990
batch 339, loss: 0.1472, instance_loss: 0.0006, weighted_loss: 0.1032, label: 0, bag_size: 1834
batch 359, loss: 0.1369, instance_loss: 0.0101, weighted_loss: 0.0989, label: 1, bag_size: 5956
batch 379, loss: 0.0478, instance_loss: 0.0014, weighted_loss: 0.0339, label: 0, bag_size: 16402
batch 399, loss: 2.0498, instance_loss: 0.0031, weighted_loss: 1.4358, label: 1, bag_size: 10180
batch 419, loss: 0.0077, instance_loss: 0.0006, weighted_loss: 0.0055, label: 0, bag_size: 18267
batch 439, loss: 0.7479, instance_loss: 0.0061, weighted_loss: 0.5254, label: 1, bag_size: 14763
batch 459, loss: 1.2015, instance_loss: 0.0002, weighted_loss: 0.8411, label: 1, bag_size: 7879
batch 479, loss: 0.0515, instance_loss: 0.0002, weighted_loss: 0.0361, label: 0, bag_size: 24284
batch 499, loss: 0.3010, instance_loss: 0.0012, weighted_loss: 0.2111, label: 1, bag_size: 10180
batch 519, loss: 0.3294, instance_loss: 0.0025, weighted_loss: 0.2313, label: 0, bag_size: 1860
batch 539, loss: 0.7798, instance_loss: 0.0162, weighted_loss: 0.5508, label: 1, bag_size: 22624
batch 559, loss: 0.4787, instance_loss: 0.0006, weighted_loss: 0.3352, label: 0, bag_size: 2984
batch 579, loss: 0.2068, instance_loss: 0.0020, weighted_loss: 0.1453, label: 1, bag_size: 14528
batch 599, loss: 0.0123, instance_loss: 0.0032, weighted_loss: 0.0096, label: 1, bag_size: 13646
batch 619, loss: 0.3281, instance_loss: 0.0020, weighted_loss: 0.2303, label: 0, bag_size: 15693
batch 639, loss: 0.1759, instance_loss: 0.0032, weighted_loss: 0.1241, label: 0, bag_size: 1865
batch 659, loss: 4.1911, instance_loss: 0.0010, weighted_loss: 2.9341, label: 0, bag_size: 12490
batch 679, loss: 0.3852, instance_loss: 0.0041, weighted_loss: 0.2709, label: 1, bag_size: 6023
batch 699, loss: 0.0114, instance_loss: 0.0006, weighted_loss: 0.0081, label: 0, bag_size: 9856
batch 719, loss: 0.1373, instance_loss: 0.0051, weighted_loss: 0.0977, label: 0, bag_size: 6434
batch 739, loss: 0.0149, instance_loss: 0.0002, weighted_loss: 0.0105, label: 0, bag_size: 19660
batch 759, loss: 0.0486, instance_loss: 0.0005, weighted_loss: 0.0342, label: 1, bag_size: 4516
batch 779, loss: 0.0896, instance_loss: 0.0011, weighted_loss: 0.0630, label: 0, bag_size: 17232
batch 799, loss: 0.9492, instance_loss: 0.0004, weighted_loss: 0.6645, label: 0, bag_size: 3257
batch 819, loss: 0.0047, instance_loss: 0.0021, weighted_loss: 0.0039, label: 0, bag_size: 2999


class 0 clustering acc 0.9985065710872163: correct 6686/6696
class 1 clustering acc 1.0: correct 6696/6696
Epoch: 1, train_loss: 0.3937, train_clustering_loss:  0.0062, train_error: 0.1876
class 0: acc 0.8175355450236966, correct 345/422
class 1: acc 0.8072289156626506, correct 335/415

Val Set, val_loss: 0.2794, val_error: 0.0830, auc: 0.5148
class 0 clustering acc 1.0: correct 1928/1928
class 1 clustering acc 1.0: correct 1928/1928
class 0: acc 0.9482758620689655, correct 220/232
class 1: acc 0.1111111111111111, correct 1/9
Validation loss decreased (0.457887 --> 0.279374).  Saving model ...


batch 19, loss: 0.5854, instance_loss: 0.0052, weighted_loss: 0.4113, label: 1, bag_size: 9833
batch 39, loss: 0.3522, instance_loss: 0.0010, weighted_loss: 0.2468, label: 0, bag_size: 3409
batch 59, loss: 0.4410, instance_loss: 0.0017, weighted_loss: 0.3092, label: 1, bag_size: 10180
batch 79, loss: 0.0123, instance_loss: 0.0002, weighted_loss: 0.0087, label: 1, bag_size: 4760
batch 99, loss: 0.0003, instance_loss: 0.0043, weighted_loss: 0.0015, label: 0, bag_size: 1758
batch 119, loss: 0.1083, instance_loss: 0.0011, weighted_loss: 0.0761, label: 1, bag_size: 4516
batch 139, loss: 0.0003, instance_loss: 0.0000, weighted_loss: 0.0002, label: 0, bag_size: 13470
batch 159, loss: 0.0949, instance_loss: 0.0022, weighted_loss: 0.0671, label: 0, bag_size: 7086
batch 179, loss: 0.2379, instance_loss: 0.0141, weighted_loss: 0.1707, label: 0, bag_size: 2573
batch 199, loss: 0.2122, instance_loss: 0.0280, weighted_loss: 0.1569, label: 1, bag_size: 16197
batch 219, loss: 0.0127, instance_loss: 0.0068, weighted_loss: 0.0109, label: 0, bag_size: 2375
batch 239, loss: 0.0011, instance_loss: 0.0000, weighted_loss: 0.0008, label: 0, bag_size: 9709
batch 259, loss: 0.0109, instance_loss: 0.0000, weighted_loss: 0.0076, label: 0, bag_size: 16977
batch 279, loss: 0.0596, instance_loss: 0.5269, weighted_loss: 0.1998, label: 0, bag_size: 2032
batch 299, loss: 0.0904, instance_loss: 0.0028, weighted_loss: 0.0641, label: 1, bag_size: 1140
batch 319, loss: 0.5550, instance_loss: 0.1067, weighted_loss: 0.4205, label: 0, bag_size: 2505
batch 339, loss: 0.1484, instance_loss: 0.0057, weighted_loss: 0.1056, label: 0, bag_size: 4703
batch 359, loss: 0.0099, instance_loss: 0.0016, weighted_loss: 0.0074, label: 1, bag_size: 6344
batch 379, loss: 0.5602, instance_loss: 0.0007, weighted_loss: 0.3923, label: 1, bag_size: 7879
batch 399, loss: 0.3348, instance_loss: 0.0007, weighted_loss: 0.2346, label: 0, bag_size: 3998
batch 419, loss: 0.0020, instance_loss: 0.0002, weighted_loss: 0.0015, label: 0, bag_size: 4823
batch 439, loss: 0.0001, instance_loss: 0.0004, weighted_loss: 0.0002, label: 0, bag_size: 3642
batch 459, loss: 0.2293, instance_loss: 0.0003, weighted_loss: 0.1606, label: 1, bag_size: 5082
batch 479, loss: 0.2800, instance_loss: 0.0017, weighted_loss: 0.1965, label: 0, bag_size: 3330
batch 499, loss: 0.2467, instance_loss: 0.0016, weighted_loss: 0.1732, label: 0, bag_size: 1404
batch 519, loss: 0.0507, instance_loss: 0.0004, weighted_loss: 0.0356, label: 1, bag_size: 3628
batch 539, loss: 0.0164, instance_loss: 0.0000, weighted_loss: 0.0115, label: 0, bag_size: 15510
batch 559, loss: 0.0160, instance_loss: 0.0042, weighted_loss: 0.0125, label: 1, bag_size: 2637
batch 579, loss: 0.0611, instance_loss: 0.0011, weighted_loss: 0.0431, label: 1, bag_size: 16197
batch 599, loss: 0.0100, instance_loss: 0.0003, weighted_loss: 0.0071, label: 1, bag_size: 5906
batch 619, loss: 0.0032, instance_loss: 0.0021, weighted_loss: 0.0029, label: 1, bag_size: 22624
batch 639, loss: 0.0130, instance_loss: 0.0048, weighted_loss: 0.0106, label: 1, bag_size: 2644
batch 659, loss: 1.2559, instance_loss: 0.0002, weighted_loss: 0.8792, label: 1, bag_size: 4760
batch 679, loss: 0.0000, instance_loss: 0.0006, weighted_loss: 0.0002, label: 0, bag_size: 16288
batch 699, loss: 0.0120, instance_loss: 0.0002, weighted_loss: 0.0085, label: 1, bag_size: 5137
batch 719, loss: 1.2804, instance_loss: 0.0005, weighted_loss: 0.8964, label: 1, bag_size: 4760
batch 739, loss: 0.1186, instance_loss: 0.0062, weighted_loss: 0.0849, label: 0, bag_size: 2692
batch 759, loss: 0.0326, instance_loss: 0.0009, weighted_loss: 0.0230, label: 1, bag_size: 14414
batch 779, loss: 0.0002, instance_loss: 0.0000, weighted_loss: 0.0001, label: 0, bag_size: 15521
batch 799, loss: 0.0004, instance_loss: 0.0000, weighted_loss: 0.0003, label: 0, bag_size: 16172
batch 819, loss: 0.0038, instance_loss: 0.0021, weighted_loss: 0.0033, label: 1, bag_size: 13646


class 0 clustering acc 1.0: correct 6696/6696
class 1 clustering acc 0.998805256869773: correct 6688/6696
Epoch: 2, train_loss: 0.2213, train_clustering_loss:  0.0064, train_error: 0.0932
class 0: acc 0.902676399026764, correct 371/411
class 1: acc 0.9107981220657277, correct 388/426

Val Set, val_loss: 0.3975, val_error: 0.0954, auc: 0.3932
class 0 clustering acc 1.0: correct 1928/1928
class 1 clustering acc 0.9953319502074689: correct 1919/1928
class 0: acc 0.9353448275862069, correct 217/232
class 1: acc 0.1111111111111111, correct 1/9
EarlyStopping counter: 1 out of 10


batch 19, loss: 0.0045, instance_loss: 0.0017, weighted_loss: 0.0037, label: 1, bag_size: 16197
batch 39, loss: 0.0001, instance_loss: 0.0004, weighted_loss: 0.0002, label: 1, bag_size: 13571
batch 59, loss: 0.0154, instance_loss: 0.0019, weighted_loss: 0.0113, label: 1, bag_size: 8663
batch 79, loss: 0.0139, instance_loss: 0.0016, weighted_loss: 0.0102, label: 1, bag_size: 6344
batch 99, loss: 2.0714, instance_loss: 0.0008, weighted_loss: 1.4502, label: 0, bag_size: 3305
batch 119, loss: 0.3074, instance_loss: 0.0015, weighted_loss: 0.2157, label: 0, bag_size: 8075
batch 139, loss: 0.5103, instance_loss: 0.0031, weighted_loss: 0.3581, label: 1, bag_size: 10180
batch 159, loss: 0.0371, instance_loss: 0.0010, weighted_loss: 0.0263, label: 1, bag_size: 18621
batch 179, loss: 0.8485, instance_loss: 0.0012, weighted_loss: 0.5943, label: 0, bag_size: 10902
batch 199, loss: 0.0472, instance_loss: 0.0039, weighted_loss: 0.0342, label: 0, bag_size: 9834
batch 219, loss: 0.0022, instance_loss: 0.0000, weighted_loss: 0.0015, label: 1, bag_size: 13571
batch 239, loss: 0.0567, instance_loss: 0.0095, weighted_loss: 0.0425, label: 0, bag_size: 4426
batch 259, loss: 0.0868, instance_loss: 0.0039, weighted_loss: 0.0619, label: 1, bag_size: 6812
batch 279, loss: 0.0005, instance_loss: 0.0000, weighted_loss: 0.0004, label: 0, bag_size: 7215
batch 299, loss: 0.3968, instance_loss: 0.0011, weighted_loss: 0.2781, label: 1, bag_size: 22399
batch 319, loss: 0.0014, instance_loss: 0.0024, weighted_loss: 0.0017, label: 0, bag_size: 6050
batch 339, loss: 0.0302, instance_loss: 0.0000, weighted_loss: 0.0212, label: 0, bag_size: 12513
batch 359, loss: 0.0001, instance_loss: 0.0764, weighted_loss: 0.0230, label: 0, bag_size: 79563
batch 379, loss: 0.0074, instance_loss: 0.0000, weighted_loss: 0.0052, label: 0, bag_size: 17843
batch 399, loss: 0.0000, instance_loss: 0.0033, weighted_loss: 0.0010, label: 0, bag_size: 3066
batch 419, loss: 0.0001, instance_loss: 0.0018, weighted_loss: 0.0006, label: 0, bag_size: 2137
batch 439, loss: 0.0000, instance_loss: 0.0059, weighted_loss: 0.0018, label: 0, bag_size: 2032
batch 459, loss: 0.4803, instance_loss: 0.0000, weighted_loss: 0.3362, label: 0, bag_size: 2300
batch 479, loss: 0.0001, instance_loss: 0.0089, weighted_loss: 0.0027, label: 0, bag_size: 1620
batch 499, loss: 0.0015, instance_loss: 0.0004, weighted_loss: 0.0011, label: 1, bag_size: 5137
batch 519, loss: 0.8726, instance_loss: 0.0000, weighted_loss: 0.6108, label: 0, bag_size: 20621
batch 539, loss: 0.3385, instance_loss: 0.0059, weighted_loss: 0.2387, label: 0, bag_size: 5342
batch 559, loss: 0.0039, instance_loss: 0.0003, weighted_loss: 0.0028, label: 1, bag_size: 22871
batch 579, loss: 0.0026, instance_loss: 0.0004, weighted_loss: 0.0019, label: 0, bag_size: 4061
batch 599, loss: 0.0038, instance_loss: 0.0003, weighted_loss: 0.0028, label: 1, bag_size: 14528
batch 619, loss: 0.0399, instance_loss: 0.0012, weighted_loss: 0.0283, label: 0, bag_size: 3771
batch 639, loss: 0.0674, instance_loss: 0.0023, weighted_loss: 0.0479, label: 1, bag_size: 3354
batch 659, loss: 0.0004, instance_loss: 0.0000, weighted_loss: 0.0003, label: 0, bag_size: 4086
batch 679, loss: 0.0132, instance_loss: 0.0034, weighted_loss: 0.0102, label: 0, bag_size: 5879
batch 699, loss: 0.0003, instance_loss: 0.0108, weighted_loss: 0.0034, label: 0, bag_size: 1954
batch 719, loss: 0.6737, instance_loss: 0.0049, weighted_loss: 0.4730, label: 1, bag_size: 21609
batch 739, loss: 1.2476, instance_loss: 0.0149, weighted_loss: 0.8778, label: 1, bag_size: 3628
batch 759, loss: 0.0040, instance_loss: 0.0000, weighted_loss: 0.0028, label: 1, bag_size: 18621
batch 779, loss: 0.0021, instance_loss: 0.0000, weighted_loss: 0.0015, label: 0, bag_size: 3505
batch 799, loss: 0.0344, instance_loss: 0.0000, weighted_loss: 0.0241, label: 1, bag_size: 18621
batch 819, loss: 0.0001, instance_loss: 0.0014, weighted_loss: 0.0005, label: 0, bag_size: 3364


class 0 clustering acc 0.9995519713261649: correct 6693/6696
class 1 clustering acc 1.0: correct 6696/6696
Epoch: 3, train_loss: 0.1311, train_clustering_loss:  0.0045, train_error: 0.0478
class 0: acc 0.9449760765550239, correct 395/418
class 1: acc 0.9594272076372315, correct 402/419

Val Set, val_loss: 0.2737, val_error: 0.0664, auc: 0.5072
class 0 clustering acc 1.0: correct 1928/1928
class 1 clustering acc 1.0: correct 1928/1928
class 0: acc 0.9655172413793104, correct 224/232
class 1: acc 0.1111111111111111, correct 1/9
Validation loss decreased (0.279374 --> 0.273678).  Saving model ...


batch 19, loss: 0.0942, instance_loss: 0.0004, weighted_loss: 0.0660, label: 1, bag_size: 22871
batch 39, loss: 0.0042, instance_loss: 0.0024, weighted_loss: 0.0037, label: 1, bag_size: 3354
batch 59, loss: 0.0003, instance_loss: 0.0009, weighted_loss: 0.0005, label: 0, bag_size: 7048
batch 79, loss: 0.0050, instance_loss: 0.0006, weighted_loss: 0.0037, label: 1, bag_size: 9833
batch 99, loss: 0.0254, instance_loss: 0.0015, weighted_loss: 0.0182, label: 1, bag_size: 2853
batch 119, loss: 0.0086, instance_loss: 0.0172, weighted_loss: 0.0112, label: 0, bag_size: 4309
batch 139, loss: 4.3594, instance_loss: 0.0000, weighted_loss: 3.0516, label: 0, bag_size: 14372
batch 159, loss: 0.0150, instance_loss: 0.0000, weighted_loss: 0.0105, label: 0, bag_size: 16172
batch 179, loss: 0.0002, instance_loss: 0.0010, weighted_loss: 0.0004, label: 0, bag_size: 1970
batch 199, loss: 0.0231, instance_loss: 0.0039, weighted_loss: 0.0174, label: 0, bag_size: 2758
batch 219, loss: 0.0002, instance_loss: 0.0002, weighted_loss: 0.0002, label: 0, bag_size: 1865
batch 239, loss: 0.0250, instance_loss: 0.0039, weighted_loss: 0.0186, label: 1, bag_size: 2853
batch 259, loss: 0.0045, instance_loss: 0.0136, weighted_loss: 0.0072, label: 0, bag_size: 1227
batch 279, loss: 0.0000, instance_loss: 0.0000, weighted_loss: 0.0000, label: 0, bag_size: 948
batch 299, loss: 0.0947, instance_loss: 0.0000, weighted_loss: 0.0663, label: 1, bag_size: 21952
batch 319, loss: 0.0001, instance_loss: 0.0000, weighted_loss: 0.0000, label: 0, bag_size: 3681
batch 339, loss: 2.0970, instance_loss: 0.0018, weighted_loss: 1.4684, label: 0, bag_size: 4292
batch 359, loss: 0.0124, instance_loss: 0.0000, weighted_loss: 0.0087, label: 1, bag_size: 13646
batch 379, loss: 0.0004, instance_loss: 0.0014, weighted_loss: 0.0007, label: 0, bag_size: 3019
batch 399, loss: 0.0128, instance_loss: 0.0018, weighted_loss: 0.0095, label: 0, bag_size: 5614
batch 419, loss: 0.0478, instance_loss: 0.0003, weighted_loss: 0.0335, label: 1, bag_size: 16197
batch 439, loss: 0.0017, instance_loss: 0.0000, weighted_loss: 0.0012, label: 0, bag_size: 3859
batch 459, loss: 0.0054, instance_loss: 0.0000, weighted_loss: 0.0038, label: 0, bag_size: 14855
batch 479, loss: 0.0327, instance_loss: 0.0053, weighted_loss: 0.0245, label: 1, bag_size: 6812
batch 499, loss: 0.1207, instance_loss: 0.0006, weighted_loss: 0.0847, label: 1, bag_size: 4276
batch 519, loss: 0.0048, instance_loss: 0.0000, weighted_loss: 0.0033, label: 0, bag_size: 15853
batch 539, loss: 0.0046, instance_loss: 0.0013, weighted_loss: 0.0036, label: 0, bag_size: 6837
batch 559, loss: 0.0031, instance_loss: 0.0013, weighted_loss: 0.0025, label: 1, bag_size: 6812
batch 579, loss: 0.0520, instance_loss: 0.0000, weighted_loss: 0.0364, label: 1, bag_size: 18621
batch 599, loss: 0.0027, instance_loss: 0.0023, weighted_loss: 0.0026, label: 1, bag_size: 2644
batch 619, loss: 0.0112, instance_loss: 0.0000, weighted_loss: 0.0078, label: 0, bag_size: 18054
batch 639, loss: 0.0005, instance_loss: 0.0005, weighted_loss: 0.0005, label: 1, bag_size: 8663
batch 659, loss: 0.0001, instance_loss: 0.0006, weighted_loss: 0.0002, label: 0, bag_size: 2999
batch 679, loss: 0.0093, instance_loss: 0.0015, weighted_loss: 0.0069, label: 1, bag_size: 1140
batch 699, loss: 0.0000, instance_loss: 0.0007, weighted_loss: 0.0002, label: 0, bag_size: 9456
batch 719, loss: 0.0295, instance_loss: 0.0000, weighted_loss: 0.0207, label: 0, bag_size: 17232
batch 739, loss: 0.0001, instance_loss: 0.0005, weighted_loss: 0.0002, label: 0, bag_size: 5542
batch 759, loss: 0.0038, instance_loss: 0.0002, weighted_loss: 0.0028, label: 1, bag_size: 14414
batch 779, loss: 0.0107, instance_loss: 0.0000, weighted_loss: 0.0075, label: 1, bag_size: 13646
batch 799, loss: 0.0027, instance_loss: 0.0000, weighted_loss: 0.0019, label: 0, bag_size: 10161
batch 819, loss: 0.0001, instance_loss: 0.0042, weighted_loss: 0.0013, label: 0, bag_size: 1199


class 0 clustering acc 1.0: correct 6696/6696
class 1 clustering acc 1.0: correct 6696/6696
Epoch: 4, train_loss: 0.0765, train_clustering_loss:  0.0018, train_error: 0.0287
class 0: acc 0.9607390300230947, correct 416/433
class 1: acc 0.9826732673267327, correct 397/404

Val Set, val_loss: 0.3306, val_error: 0.0664, auc: 0.5287
class 0 clustering acc 1.0: correct 1928/1928
class 1 clustering acc 1.0: correct 1928/1928
class 0: acc 0.9698275862068966, correct 225/232
class 1: acc 0.0, correct 0/9
EarlyStopping counter: 1 out of 10


batch 19, loss: 0.0027, instance_loss: 0.0009, weighted_loss: 0.0022, label: 1, bag_size: 7879
batch 39, loss: 0.0076, instance_loss: 0.0002, weighted_loss: 0.0053, label: 1, bag_size: 4276
batch 59, loss: 0.0169, instance_loss: 0.0016, weighted_loss: 0.0123, label: 1, bag_size: 5082
batch 79, loss: 0.0001, instance_loss: 0.0000, weighted_loss: 0.0000, label: 0, bag_size: 7722
batch 99, loss: 0.0133, instance_loss: 0.0000, weighted_loss: 0.0093, label: 1, bag_size: 21952
batch 119, loss: 0.0019, instance_loss: 0.0222, weighted_loss: 0.0080, label: 0, bag_size: 1860
batch 139, loss: 0.0051, instance_loss: 0.0002, weighted_loss: 0.0036, label: 1, bag_size: 22871
batch 159, loss: 0.0008, instance_loss: 0.0002, weighted_loss: 0.0006, label: 0, bag_size: 1770
batch 179, loss: 0.0051, instance_loss: 0.0000, weighted_loss: 0.0036, label: 1, bag_size: 21952
batch 199, loss: 0.0066, instance_loss: 0.0126, weighted_loss: 0.0084, label: 1, bag_size: 2853
batch 219, loss: 0.0017, instance_loss: 0.0000, weighted_loss: 0.0012, label: 1, bag_size: 14528
batch 239, loss: 0.0002, instance_loss: 0.0000, weighted_loss: 0.0001, label: 0, bag_size: 4633
batch 259, loss: 0.0001, instance_loss: 0.0000, weighted_loss: 0.0001, label: 0, bag_size: 19493
batch 279, loss: 0.0028, instance_loss: 0.0017, weighted_loss: 0.0025, label: 1, bag_size: 2644
batch 299, loss: 0.0132, instance_loss: 0.0004, weighted_loss: 0.0093, label: 1, bag_size: 14528
batch 319, loss: 0.0001, instance_loss: 0.0000, weighted_loss: 0.0001, label: 0, bag_size: 2439
batch 339, loss: 0.0420, instance_loss: 0.0003, weighted_loss: 0.0295, label: 1, bag_size: 3354
batch 359, loss: 0.0288, instance_loss: 0.0000, weighted_loss: 0.0201, label: 0, bag_size: 25379
batch 379, loss: 0.0196, instance_loss: 0.0000, weighted_loss: 0.0137, label: 0, bag_size: 3932
batch 399, loss: 0.0010, instance_loss: 0.0004, weighted_loss: 0.0009, label: 1, bag_size: 22042
batch 419, loss: 0.0019, instance_loss: 0.0000, weighted_loss: 0.0013, label: 1, bag_size: 9833
batch 439, loss: 0.0005, instance_loss: 0.0002, weighted_loss: 0.0004, label: 1, bag_size: 22042
batch 459, loss: 0.0001, instance_loss: 0.0004, weighted_loss: 0.0002, label: 1, bag_size: 14763
batch 479, loss: 0.0048, instance_loss: 0.0000, weighted_loss: 0.0034, label: 1, bag_size: 18621
batch 499, loss: 0.0002, instance_loss: 0.0081, weighted_loss: 0.0026, label: 0, bag_size: 16977
batch 519, loss: 0.0005, instance_loss: 0.0000, weighted_loss: 0.0004, label: 1, bag_size: 5906
batch 539, loss: 0.0000, instance_loss: 0.0000, weighted_loss: 0.0000, label: 0, bag_size: 20429
batch 559, loss: 0.5041, instance_loss: 0.0002, weighted_loss: 0.3529, label: 1, bag_size: 7879
batch 579, loss: 0.0008, instance_loss: 0.0000, weighted_loss: 0.0005, label: 0, bag_size: 21253
batch 599, loss: 0.0008, instance_loss: 0.0000, weighted_loss: 0.0006, label: 1, bag_size: 15079
batch 619, loss: 0.0000, instance_loss: 0.0002, weighted_loss: 0.0001, label: 0, bag_size: 1640
batch 639, loss: 0.0000, instance_loss: 0.0000, weighted_loss: 0.0000, label: 0, bag_size: 2999
batch 659, loss: 0.0005, instance_loss: 0.0002, weighted_loss: 0.0004, label: 1, bag_size: 1140
batch 679, loss: 0.0002, instance_loss: 0.0000, weighted_loss: 0.0002, label: 1, bag_size: 13646
batch 699, loss: 0.0010, instance_loss: 0.0010, weighted_loss: 0.0010, label: 1, bag_size: 21609
batch 719, loss: 0.0015, instance_loss: 0.0019, weighted_loss: 0.0016, label: 1, bag_size: 5956
batch 739, loss: 0.0132, instance_loss: 0.0003, weighted_loss: 0.0094, label: 1, bag_size: 21609
batch 759, loss: 0.0034, instance_loss: 0.0010, weighted_loss: 0.0027, label: 0, bag_size: 4226
batch 779, loss: 0.0027, instance_loss: 0.0012, weighted_loss: 0.0023, label: 0, bag_size: 4404
batch 799, loss: 0.0000, instance_loss: 0.0000, weighted_loss: 0.0000, label: 0, bag_size: 16288
batch 819, loss: 0.0014, instance_loss: 0.0000, weighted_loss: 0.0010, label: 1, bag_size: 14528


class 0 clustering acc 0.9998506571087217: correct 6695/6696
class 1 clustering acc 0.9998506571087217: correct 6695/6696
Epoch: 5, train_loss: 0.0574, train_clustering_loss:  0.0021, train_error: 0.0155
class 0: acc 0.9810874704491725, correct 415/423
class 1: acc 0.9879227053140096, correct 409/414

Val Set, val_loss: 0.3823, val_error: 0.0788, auc: 0.4957
class 0 clustering acc 1.0: correct 1928/1928
class 1 clustering acc 1.0: correct 1928/1928
class 0: acc 0.9525862068965517, correct 221/232
class 1: acc 0.1111111111111111, correct 1/9
EarlyStopping counter: 2 out of 10


batch 19, loss: 0.0023, instance_loss: 0.0000, weighted_loss: 0.0016, label: 1, bag_size: 22624
batch 39, loss: 0.0001, instance_loss: 0.0021, weighted_loss: 0.0007, label: 1, bag_size: 5906
batch 59, loss: 0.0055, instance_loss: 0.0000, weighted_loss: 0.0039, label: 1, bag_size: 21952
batch 79, loss: 0.0001, instance_loss: 0.0022, weighted_loss: 0.0007, label: 0, bag_size: 56808
batch 99, loss: 0.0003, instance_loss: 0.0002, weighted_loss: 0.0003, label: 0, bag_size: 3009
batch 119, loss: 0.0033, instance_loss: 0.0000, weighted_loss: 0.0023, label: 1, bag_size: 18621
batch 139, loss: 0.0015, instance_loss: 0.0000, weighted_loss: 0.0010, label: 0, bag_size: 11616
batch 159, loss: 0.0052, instance_loss: 0.0000, weighted_loss: 0.0036, label: 1, bag_size: 10371
batch 179, loss: 0.0015, instance_loss: 0.0004, weighted_loss: 0.0012, label: 1, bag_size: 6344
batch 199, loss: 0.0001, instance_loss: 0.0000, weighted_loss: 0.0000, label: 0, bag_size: 2119
batch 219, loss: 0.0006, instance_loss: 0.0008, weighted_loss: 0.0006, label: 0, bag_size: 5965
batch 239, loss: 0.0059, instance_loss: 0.0004, weighted_loss: 0.0043, label: 1, bag_size: 7879
batch 259, loss: 0.0024, instance_loss: 0.0000, weighted_loss: 0.0017, label: 0, bag_size: 7001
batch 279, loss: 0.0004, instance_loss: 0.0012, weighted_loss: 0.0006, label: 0, bag_size: 3899
batch 299, loss: 0.0022, instance_loss: 0.0000, weighted_loss: 0.0015, label: 1, bag_size: 21952
batch 319, loss: 0.0024, instance_loss: 0.0002, weighted_loss: 0.0018, label: 0, bag_size: 9852
batch 339, loss: 0.0038, instance_loss: 0.0000, weighted_loss: 0.0027, label: 0, bag_size: 4471
batch 359, loss: 0.0009, instance_loss: 0.0010, weighted_loss: 0.0009, label: 1, bag_size: 8663
batch 379, loss: 0.0001, instance_loss: 0.0000, weighted_loss: 0.0000, label: 0, bag_size: 2119
batch 399, loss: 0.0002, instance_loss: 0.0015, weighted_loss: 0.0006, label: 0, bag_size: 4361
batch 419, loss: 0.0008, instance_loss: 0.0014, weighted_loss: 0.0010, label: 1, bag_size: 1140
batch 439, loss: 0.0001, instance_loss: 0.0033, weighted_loss: 0.0011, label: 1, bag_size: 2644
batch 459, loss: 0.0000, instance_loss: 0.0000, weighted_loss: 0.0000, label: 0, bag_size: 2820
batch 479, loss: 0.0086, instance_loss: 0.0000, weighted_loss: 0.0060, label: 0, bag_size: 2524
batch 499, loss: 0.0029, instance_loss: 0.0000, weighted_loss: 0.0020, label: 1, bag_size: 15079
batch 519, loss: 0.2722, instance_loss: 0.0003, weighted_loss: 0.1906, label: 1, bag_size: 13646
batch 539, loss: 0.0046, instance_loss: 0.0000, weighted_loss: 0.0032, label: 0, bag_size: 14968
batch 559, loss: 0.0085, instance_loss: 0.0002, weighted_loss: 0.0060, label: 0, bag_size: 7732
batch 579, loss: 0.0067, instance_loss: 0.0000, weighted_loss: 0.0047, label: 1, bag_size: 3628
batch 599, loss: 0.0274, instance_loss: 0.0003, weighted_loss: 0.0192, label: 1, bag_size: 14414
batch 619, loss: 0.0035, instance_loss: 0.0000, weighted_loss: 0.0024, label: 1, bag_size: 5082
batch 639, loss: 0.0032, instance_loss: 0.0015, weighted_loss: 0.0027, label: 1, bag_size: 6023
batch 659, loss: 0.0001, instance_loss: 0.0000, weighted_loss: 0.0001, label: 0, bag_size: 20121
batch 679, loss: 0.0000, instance_loss: 0.0000, weighted_loss: 0.0000, label: 0, bag_size: 17328
batch 699, loss: 0.0000, instance_loss: 0.0000, weighted_loss: 0.0000, label: 0, bag_size: 3228
batch 719, loss: 0.0000, instance_loss: 0.0000, weighted_loss: 0.0000, label: 0, bag_size: 13470
batch 739, loss: 0.0010, instance_loss: 0.0002, weighted_loss: 0.0008, label: 1, bag_size: 22871
batch 759, loss: 0.0049, instance_loss: 0.0000, weighted_loss: 0.0034, label: 1, bag_size: 4516
batch 779, loss: 0.0010, instance_loss: 0.0000, weighted_loss: 0.0007, label: 1, bag_size: 22042
batch 799, loss: 0.0014, instance_loss: 0.0000, weighted_loss: 0.0009, label: 1, bag_size: 13571
batch 819, loss: 0.0008, instance_loss: 0.0058, weighted_loss: 0.0023, label: 1, bag_size: 3621


class 0 clustering acc 1.0: correct 6696/6696
class 1 clustering acc 0.9997013142174432: correct 6694/6696
Epoch: 6, train_loss: 0.0554, train_clustering_loss:  0.0016, train_error: 0.0143
class 0: acc 0.9806763285024155, correct 406/414
class 1: acc 0.9905437352245863, correct 419/423

Val Set, val_loss: 0.4025, val_error: 0.0788, auc: 0.4377
class 0 clustering acc 1.0: correct 1928/1928
class 1 clustering acc 1.0: correct 1928/1928
class 0: acc 0.9525862068965517, correct 221/232
class 1: acc 0.1111111111111111, correct 1/9
EarlyStopping counter: 3 out of 10


batch 19, loss: 0.0000, instance_loss: 0.0002, weighted_loss: 0.0001, label: 0, bag_size: 4187
batch 39, loss: 0.0046, instance_loss: 0.0003, weighted_loss: 0.0033, label: 1, bag_size: 22871
batch 59, loss: 0.0038, instance_loss: 0.0020, weighted_loss: 0.0033, label: 1, bag_size: 7879
batch 79, loss: 0.0019, instance_loss: 0.0000, weighted_loss: 0.0013, label: 0, bag_size: 18359
batch 99, loss: 0.0006, instance_loss: 0.0027, weighted_loss: 0.0012, label: 1, bag_size: 3621
batch 119, loss: 0.0029, instance_loss: 0.0000, weighted_loss: 0.0020, label: 1, bag_size: 21609
batch 139, loss: 0.0176, instance_loss: 0.0000, weighted_loss: 0.0123, label: 1, bag_size: 18621
batch 159, loss: 0.0125, instance_loss: 0.0000, weighted_loss: 0.0088, label: 1, bag_size: 2671
batch 179, loss: 0.0000, instance_loss: 0.0000, weighted_loss: 0.0000, label: 0, bag_size: 16361
batch 199, loss: 0.0069, instance_loss: 0.0000, weighted_loss: 0.0049, label: 0, bag_size: 5315
batch 219, loss: 0.0005, instance_loss: 0.0000, weighted_loss: 0.0003, label: 1, bag_size: 5956
batch 239, loss: 0.0010, instance_loss: 0.0000, weighted_loss: 0.0007, label: 0, bag_size: 4569
batch 259, loss: 0.0063, instance_loss: 0.0004, weighted_loss: 0.0045, label: 1, bag_size: 2671
batch 279, loss: 0.0004, instance_loss: 0.0008, weighted_loss: 0.0005, label: 1, bag_size: 3621
batch 299, loss: 0.0013, instance_loss: 0.0002, weighted_loss: 0.0010, label: 1, bag_size: 22871
batch 319, loss: 0.0014, instance_loss: 0.0021, weighted_loss: 0.0016, label: 0, bag_size: 3697
batch 339, loss: 0.0060, instance_loss: 0.0000, weighted_loss: 0.0042, label: 1, bag_size: 10180
batch 359, loss: 0.0010, instance_loss: 0.0062, weighted_loss: 0.0025, label: 0, bag_size: 4676
batch 379, loss: 0.0045, instance_loss: 0.0000, weighted_loss: 0.0032, label: 1, bag_size: 22624
batch 399, loss: 0.0001, instance_loss: 0.0000, weighted_loss: 0.0001, label: 0, bag_size: 2576
batch 419, loss: 0.0006, instance_loss: 0.0032, weighted_loss: 0.0014, label: 1, bag_size: 7879
batch 439, loss: 0.0008, instance_loss: 0.0003, weighted_loss: 0.0007, label: 1, bag_size: 22871
batch 459, loss: 0.0001, instance_loss: 0.0000, weighted_loss: 0.0000, label: 0, bag_size: 2956
batch 479, loss: 0.0060, instance_loss: 0.0000, weighted_loss: 0.0042, label: 0, bag_size: 3998
batch 499, loss: 0.0004, instance_loss: 0.0002, weighted_loss: 0.0004, label: 0, bag_size: 5809
batch 519, loss: 0.0006, instance_loss: 0.0018, weighted_loss: 0.0010, label: 1, bag_size: 22042
batch 539, loss: 0.0024, instance_loss: 0.0008, weighted_loss: 0.0019, label: 1, bag_size: 6023
batch 559, loss: 0.0003, instance_loss: 0.0000, weighted_loss: 0.0002, label: 0, bag_size: 11242
batch 579, loss: 0.0016, instance_loss: 0.0006, weighted_loss: 0.0013, label: 1, bag_size: 1140
batch 599, loss: 0.0000, instance_loss: 0.0000, weighted_loss: 0.0000, label: 0, bag_size: 4932
batch 619, loss: 0.0002, instance_loss: 0.0002, weighted_loss: 0.0002, label: 0, bag_size: 3725
batch 639, loss: 0.0014, instance_loss: 0.0002, weighted_loss: 0.0010, label: 0, bag_size: 4226
batch 659, loss: 0.0003, instance_loss: 0.0000, weighted_loss: 0.0002, label: 0, bag_size: 2879
batch 679, loss: 0.0021, instance_loss: 0.0012, weighted_loss: 0.0019, label: 1, bag_size: 7879
batch 699, loss: 0.0356, instance_loss: 0.0000, weighted_loss: 0.0249, label: 1, bag_size: 14414
batch 719, loss: 0.0069, instance_loss: 0.0002, weighted_loss: 0.0049, label: 1, bag_size: 21609
batch 739, loss: 0.0007, instance_loss: 0.0000, weighted_loss: 0.0005, label: 0, bag_size: 3253
batch 759, loss: 0.0000, instance_loss: 0.0000, weighted_loss: 0.0000, label: 0, bag_size: 2843
batch 779, loss: 0.0000, instance_loss: 0.0000, weighted_loss: 0.0000, label: 0, bag_size: 8401
batch 799, loss: 0.0001, instance_loss: 0.0003, weighted_loss: 0.0002, label: 0, bag_size: 10902
batch 819, loss: 0.0006, instance_loss: 0.0009, weighted_loss: 0.0007, label: 1, bag_size: 6023


class 0 clustering acc 1.0: correct 6696/6696
class 1 clustering acc 1.0: correct 6696/6696
Epoch: 7, train_loss: 0.0178, train_clustering_loss:  0.0008, train_error: 0.0048
class 0: acc 0.9930394431554525, correct 428/431
class 1: acc 0.9975369458128078, correct 405/406

Val Set, val_loss: 0.4841, val_error: 0.0996, auc: 0.4406
class 0 clustering acc 1.0: correct 1928/1928
class 1 clustering acc 1.0: correct 1928/1928
class 0: acc 0.9310344827586207, correct 216/232
class 1: acc 0.1111111111111111, correct 1/9
EarlyStopping counter: 4 out of 10


batch 19, loss: 0.0000, instance_loss: 0.0000, weighted_loss: 0.0000, label: 0, bag_size: 17155
batch 39, loss: 0.0016, instance_loss: 0.0002, weighted_loss: 0.0012, label: 1, bag_size: 13646
batch 59, loss: 0.0001, instance_loss: 0.0027, weighted_loss: 0.0009, label: 0, bag_size: 1383
batch 79, loss: 0.0002, instance_loss: 0.0000, weighted_loss: 0.0001, label: 0, bag_size: 18359
batch 99, loss: 0.0002, instance_loss: 0.0000, weighted_loss: 0.0002, label: 1, bag_size: 5082
batch 119, loss: 0.0000, instance_loss: 0.0000, weighted_loss: 0.0000, label: 0, bag_size: 20636
batch 139, loss: 0.0007, instance_loss: 0.0000, weighted_loss: 0.0005, label: 1, bag_size: 10180
batch 159, loss: 0.0002, instance_loss: 0.0003, weighted_loss: 0.0003, label: 1, bag_size: 9833
batch 179, loss: 0.0000, instance_loss: 0.0000, weighted_loss: 0.0000, label: 0, bag_size: 17729
batch 199, loss: 0.0026, instance_loss: 0.0000, weighted_loss: 0.0018, label: 0, bag_size: 9852
batch 219, loss: 0.0001, instance_loss: 0.0000, weighted_loss: 0.0000, label: 0, bag_size: 11672
batch 239, loss: 0.0000, instance_loss: 0.0000, weighted_loss: 0.0000, label: 0, bag_size: 2989
batch 259, loss: 0.0746, instance_loss: 0.0007, weighted_loss: 0.0524, label: 1, bag_size: 16197
batch 279, loss: 0.0001, instance_loss: 0.0000, weighted_loss: 0.0001, label: 1, bag_size: 6028
batch 299, loss: 0.0000, instance_loss: 0.0000, weighted_loss: 0.0000, label: 0, bag_size: 948
batch 319, loss: 0.0000, instance_loss: 0.0019, weighted_loss: 0.0006, label: 0, bag_size: 2692
batch 339, loss: 0.0007, instance_loss: 0.0000, weighted_loss: 0.0005, label: 1, bag_size: 5137
batch 359, loss: 0.0014, instance_loss: 0.0000, weighted_loss: 0.0010, label: 1, bag_size: 3628
batch 379, loss: 0.0000, instance_loss: 0.0000, weighted_loss: 0.0000, label: 0, bag_size: 3850
batch 399, loss: 0.0004, instance_loss: 0.0000, weighted_loss: 0.0003, label: 0, bag_size: 2352
batch 419, loss: 0.0098, instance_loss: 0.0000, weighted_loss: 0.0069, label: 1, bag_size: 16197
batch 439, loss: 0.0010, instance_loss: 0.0000, weighted_loss: 0.0007, label: 0, bag_size: 6907
batch 459, loss: 0.0050, instance_loss: 0.0000, weighted_loss: 0.0035, label: 0, bag_size: 15395
batch 479, loss: 0.0239, instance_loss: 0.0000, weighted_loss: 0.0167, label: 0, bag_size: 14601
batch 499, loss: 0.0076, instance_loss: 0.0004, weighted_loss: 0.0054, label: 1, bag_size: 16197
batch 519, loss: 0.0496, instance_loss: 0.0116, weighted_loss: 0.0382, label: 0, bag_size: 2870
batch 539, loss: 0.7927, instance_loss: 0.0000, weighted_loss: 0.5549, label: 1, bag_size: 18621
batch 559, loss: 0.0015, instance_loss: 0.0005, weighted_loss: 0.0012, label: 0, bag_size: 4683
batch 579, loss: 0.0244, instance_loss: 0.0012, weighted_loss: 0.0174, label: 1, bag_size: 18621
batch 599, loss: 0.0007, instance_loss: 0.0016, weighted_loss: 0.0010, label: 0, bag_size: 2800
batch 619, loss: 0.5358, instance_loss: 0.0000, weighted_loss: 0.3751, label: 0, bag_size: 1456
batch 639, loss: 0.0713, instance_loss: 0.0077, weighted_loss: 0.0522, label: 1, bag_size: 14414
batch 659, loss: 0.0096, instance_loss: 0.0004, weighted_loss: 0.0068, label: 1, bag_size: 6344
batch 679, loss: 0.0382, instance_loss: 0.0029, weighted_loss: 0.0276, label: 0, bag_size: 5098
batch 699, loss: 0.0006, instance_loss: 0.0018, weighted_loss: 0.0009, label: 0, bag_size: 17351
batch 719, loss: 0.0004, instance_loss: 0.0000, weighted_loss: 0.0003, label: 1, bag_size: 10371
batch 739, loss: 0.0003, instance_loss: 0.0000, weighted_loss: 0.0002, label: 0, bag_size: 3386
batch 759, loss: 0.0015, instance_loss: 0.0021, weighted_loss: 0.0017, label: 0, bag_size: 2375
batch 779, loss: 0.0052, instance_loss: 0.0000, weighted_loss: 0.0037, label: 0, bag_size: 15086
batch 799, loss: 0.0232, instance_loss: 0.0198, weighted_loss: 0.0222, label: 1, bag_size: 1140
batch 819, loss: 0.0001, instance_loss: 0.0023, weighted_loss: 0.0007, label: 0, bag_size: 1207


class 0 clustering acc 1.0: correct 6696/6696
class 1 clustering acc 1.0: correct 6696/6696
Epoch: 8, train_loss: 0.0730, train_clustering_loss:  0.0010, train_error: 0.0191
class 0: acc 0.9794050343249427, correct 428/437
class 1: acc 0.9825, correct 393/400

Val Set, val_loss: 0.3547, val_error: 0.0871, auc: 0.4559
class 0 clustering acc 1.0: correct 1928/1928
class 1 clustering acc 1.0: correct 1928/1928
class 0: acc 0.9439655172413793, correct 219/232
class 1: acc 0.1111111111111111, correct 1/9
EarlyStopping counter: 5 out of 10


batch 19, loss: 0.0016, instance_loss: 0.0035, weighted_loss: 0.0022, label: 0, bag_size: 14213
batch 39, loss: 0.0314, instance_loss: 0.0000, weighted_loss: 0.0219, label: 1, bag_size: 10371
batch 59, loss: 0.0068, instance_loss: 0.0000, weighted_loss: 0.0048, label: 1, bag_size: 5956
batch 79, loss: 0.0031, instance_loss: 0.0193, weighted_loss: 0.0079, label: 1, bag_size: 1140
batch 99, loss: 0.0000, instance_loss: 0.0000, weighted_loss: 0.0000, label: 0, bag_size: 16400
batch 119, loss: 0.0037, instance_loss: 0.0000, weighted_loss: 0.0026, label: 1, bag_size: 22624
batch 139, loss: 0.0265, instance_loss: 0.0005, weighted_loss: 0.0187, label: 1, bag_size: 9833
batch 159, loss: 0.0033, instance_loss: 0.0003, weighted_loss: 0.0024, label: 1, bag_size: 22624
batch 179, loss: 0.0243, instance_loss: 0.0000, weighted_loss: 0.0170, label: 0, bag_size: 23088
batch 199, loss: 0.0027, instance_loss: 0.0009, weighted_loss: 0.0022, label: 0, bag_size: 3088
batch 219, loss: 0.0033, instance_loss: 0.0006, weighted_loss: 0.0025, label: 0, bag_size: 15461
batch 239, loss: 0.0014, instance_loss: 0.0002, weighted_loss: 0.0010, label: 0, bag_size: 3117
batch 259, loss: 0.0008, instance_loss: 0.0052, weighted_loss: 0.0021, label: 0, bag_size: 6073
batch 279, loss: 0.0017, instance_loss: 0.0010, weighted_loss: 0.0015, label: 1, bag_size: 13571
batch 299, loss: 0.0058, instance_loss: 0.0000, weighted_loss: 0.0041, label: 0, bag_size: 6101
batch 319, loss: 0.0000, instance_loss: 0.0043, weighted_loss: 0.0013, label: 1, bag_size: 3621
batch 339, loss: 0.0008, instance_loss: 0.0000, weighted_loss: 0.0005, label: 0, bag_size: 3756
batch 359, loss: 0.0094, instance_loss: 0.0019, weighted_loss: 0.0072, label: 1, bag_size: 6344
batch 379, loss: 0.0175, instance_loss: 0.0000, weighted_loss: 0.0123, label: 1, bag_size: 6344
batch 399, loss: 0.0000, instance_loss: 0.0000, weighted_loss: 0.0000, label: 0, bag_size: 2820
batch 419, loss: 0.0006, instance_loss: 0.0002, weighted_loss: 0.0005, label: 0, bag_size: 2864
batch 439, loss: 0.0015, instance_loss: 0.0000, weighted_loss: 0.0011, label: 1, bag_size: 22624
batch 459, loss: 0.0001, instance_loss: 0.0008, weighted_loss: 0.0003, label: 0, bag_size: 3420
batch 479, loss: 0.0123, instance_loss: 0.0000, weighted_loss: 0.0086, label: 0, bag_size: 19757
batch 499, loss: 0.0000, instance_loss: 0.0000, weighted_loss: 0.0000, label: 0, bag_size: 21878
batch 519, loss: 0.0000, instance_loss: 0.1287, weighted_loss: 0.0386, label: 0, bag_size: 41019
batch 539, loss: 0.0040, instance_loss: 0.0042, weighted_loss: 0.0040, label: 0, bag_size: 3697
batch 559, loss: 0.0043, instance_loss: 0.0026, weighted_loss: 0.0038, label: 0, bag_size: 4683
batch 579, loss: 0.0770, instance_loss: 0.0000, weighted_loss: 0.0539, label: 0, bag_size: 5684
batch 599, loss: 0.0000, instance_loss: 0.0000, weighted_loss: 0.0000, label: 0, bag_size: 16768
batch 619, loss: 0.0000, instance_loss: 0.0000, weighted_loss: 0.0000, label: 0, bag_size: 4187
batch 639, loss: 0.0003, instance_loss: 0.0000, weighted_loss: 0.0002, label: 0, bag_size: 26941
batch 659, loss: 0.2809, instance_loss: 0.0003, weighted_loss: 0.1967, label: 0, bag_size: 15395
batch 679, loss: 0.0003, instance_loss: 0.0111, weighted_loss: 0.0035, label: 1, bag_size: 1140
batch 699, loss: 0.0260, instance_loss: 0.0000, weighted_loss: 0.0182, label: 1, bag_size: 7879
batch 719, loss: 0.0010, instance_loss: 0.0002, weighted_loss: 0.0008, label: 1, bag_size: 5956
batch 739, loss: 0.0010, instance_loss: 0.0000, weighted_loss: 0.0007, label: 1, bag_size: 3628
batch 759, loss: 0.0000, instance_loss: 0.0000, weighted_loss: 0.0000, label: 1, bag_size: 2637
batch 779, loss: 0.0000, instance_loss: 0.0004, weighted_loss: 0.0001, label: 0, bag_size: 16737
batch 799, loss: 0.0004, instance_loss: 0.0000, weighted_loss: 0.0003, label: 0, bag_size: 1821
batch 819, loss: 0.0001, instance_loss: 0.0000, weighted_loss: 0.0001, label: 0, bag_size: 2586


class 0 clustering acc 0.9997013142174432: correct 6694/6696
class 1 clustering acc 1.0: correct 6696/6696
Epoch: 9, train_loss: 0.0256, train_clustering_loss:  0.0017, train_error: 0.0096
class 0: acc 0.9907834101382489, correct 430/434
class 1: acc 0.9900744416873449, correct 399/403

Val Set, val_loss: 0.4105, val_error: 0.0622, auc: 0.4832
class 0 clustering acc 1.0: correct 1928/1928
class 1 clustering acc 1.0: correct 1928/1928
class 0: acc 0.9698275862068966, correct 225/232
class 1: acc 0.1111111111111111, correct 1/9
EarlyStopping counter: 6 out of 10


batch 19, loss: 0.0000, instance_loss: 0.0000, weighted_loss: 0.0000, label: 0, bag_size: 5444
batch 39, loss: 0.0073, instance_loss: 0.0000, weighted_loss: 0.0051, label: 1, bag_size: 10180
batch 59, loss: 0.0365, instance_loss: 0.0000, weighted_loss: 0.0256, label: 1, bag_size: 4276
batch 79, loss: 0.0355, instance_loss: 0.0000, weighted_loss: 0.0249, label: 1, bag_size: 14763
batch 99, loss: 0.0000, instance_loss: 0.0000, weighted_loss: 0.0000, label: 1, bag_size: 6028
batch 119, loss: 0.0002, instance_loss: 0.0000, weighted_loss: 0.0002, label: 1, bag_size: 5082
batch 139, loss: 0.0000, instance_loss: 0.0000, weighted_loss: 0.0000, label: 1, bag_size: 2637
batch 159, loss: 0.0162, instance_loss: 0.0002, weighted_loss: 0.0114, label: 1, bag_size: 16197
batch 179, loss: 0.0122, instance_loss: 0.0000, weighted_loss: 0.0085, label: 1, bag_size: 7879
batch 199, loss: 0.0000, instance_loss: 0.0000, weighted_loss: 0.0000, label: 0, bag_size: 3346
batch 219, loss: 0.0000, instance_loss: 0.0000, weighted_loss: 0.0000, label: 1, bag_size: 6028
batch 239, loss: 0.0005, instance_loss: 0.0000, weighted_loss: 0.0003, label: 1, bag_size: 3621
batch 259, loss: 0.0000, instance_loss: 0.0006, weighted_loss: 0.0002, label: 0, bag_size: 79563
batch 279, loss: 0.0006, instance_loss: 0.0006, weighted_loss: 0.0006, label: 1, bag_size: 7879
batch 299, loss: 0.0000, instance_loss: 0.0004, weighted_loss: 0.0001, label: 0, bag_size: 1045
batch 319, loss: 0.0000, instance_loss: 0.0000, weighted_loss: 0.0000, label: 0, bag_size: 17328
batch 339, loss: 0.0001, instance_loss: 0.0000, weighted_loss: 0.0001, label: 0, bag_size: 4096
batch 359, loss: 0.0000, instance_loss: 0.0000, weighted_loss: 0.0000, label: 0, bag_size: 2718
batch 379, loss: 0.0016, instance_loss: 0.0000, weighted_loss: 0.0011, label: 0, bag_size: 2522
batch 399, loss: 0.0004, instance_loss: 0.0000, weighted_loss: 0.0003, label: 0, bag_size: 4791
batch 419, loss: 0.0002, instance_loss: 0.0000, weighted_loss: 0.0002, label: 1, bag_size: 5906
batch 439, loss: 0.0000, instance_loss: 0.0000, weighted_loss: 0.0000, label: 0, bag_size: 3946
batch 459, loss: 0.0001, instance_loss: 0.0000, weighted_loss: 0.0001, label: 1, bag_size: 4760
batch 479, loss: 0.0018, instance_loss: 0.0000, weighted_loss: 0.0013, label: 1, bag_size: 14528
batch 499, loss: 0.0001, instance_loss: 0.0000, weighted_loss: 0.0001, label: 1, bag_size: 5906
batch 519, loss: 0.0000, instance_loss: 0.0002, weighted_loss: 0.0001, label: 0, bag_size: 17729
batch 539, loss: 0.0002, instance_loss: 0.0000, weighted_loss: 0.0001, label: 0, bag_size: 6638
batch 559, loss: 0.0006, instance_loss: 0.0041, weighted_loss: 0.0016, label: 0, bag_size: 2800
batch 579, loss: 0.0000, instance_loss: 0.0000, weighted_loss: 0.0000, label: 0, bag_size: 3019
batch 599, loss: 0.0114, instance_loss: 0.0082, weighted_loss: 0.0104, label: 0, bag_size: 2520
batch 619, loss: 0.0001, instance_loss: 0.0000, weighted_loss: 0.0000, label: 0, bag_size: 1941
batch 639, loss: 0.0005, instance_loss: 0.0000, weighted_loss: 0.0004, label: 0, bag_size: 8839
batch 659, loss: 0.0002, instance_loss: 0.0036, weighted_loss: 0.0012, label: 0, bag_size: 3017
batch 679, loss: 0.0003, instance_loss: 0.0010, weighted_loss: 0.0005, label: 1, bag_size: 2644
batch 699, loss: 0.0000, instance_loss: 0.0000, weighted_loss: 0.0000, label: 0, bag_size: 2439
batch 719, loss: 0.0005, instance_loss: 0.0005, weighted_loss: 0.0005, label: 1, bag_size: 22624
batch 739, loss: 0.0009, instance_loss: 0.0000, weighted_loss: 0.0007, label: 1, bag_size: 4516
batch 759, loss: 0.0000, instance_loss: 0.0000, weighted_loss: 0.0000, label: 0, bag_size: 14713
batch 779, loss: 0.0211, instance_loss: 0.0000, weighted_loss: 0.0148, label: 1, bag_size: 10371
batch 799, loss: 0.0054, instance_loss: 0.0055, weighted_loss: 0.0054, label: 1, bag_size: 2671
batch 819, loss: 0.0003, instance_loss: 0.0000, weighted_loss: 0.0002, label: 1, bag_size: 5082


class 0 clustering acc 1.0: correct 6696/6696
class 1 clustering acc 0.9998506571087217: correct 6695/6696
Epoch: 10, train_loss: 0.0177, train_clustering_loss:  0.0009, train_error: 0.0036
class 0: acc 0.9952038369304557, correct 415/417
class 1: acc 0.9976190476190476, correct 419/420

Val Set, val_loss: 0.4730, val_error: 0.0830, auc: 0.4698
class 0 clustering acc 1.0: correct 1928/1928
class 1 clustering acc 0.9994813278008299: correct 1927/1928
class 0: acc 0.9482758620689655, correct 220/232
class 1: acc 0.1111111111111111, correct 1/9
EarlyStopping counter: 7 out of 10


batch 19, loss: 0.0001, instance_loss: 0.0000, weighted_loss: 0.0000, label: 1, bag_size: 22871
batch 39, loss: 0.0044, instance_loss: 0.0000, weighted_loss: 0.0031, label: 1, bag_size: 4276
batch 59, loss: 0.0000, instance_loss: 0.0000, weighted_loss: 0.0000, label: 1, bag_size: 6028
batch 79, loss: 0.0000, instance_loss: 0.0000, weighted_loss: 0.0000, label: 1, bag_size: 2637
batch 99, loss: 0.0000, instance_loss: 0.0077, weighted_loss: 0.0023, label: 0, bag_size: 17739
batch 119, loss: 0.0060, instance_loss: 0.0000, weighted_loss: 0.0042, label: 0, bag_size: 5315
batch 139, loss: 0.0199, instance_loss: 0.0000, weighted_loss: 0.0140, label: 0, bag_size: 21480
batch 159, loss: 0.0002, instance_loss: 0.0002, weighted_loss: 0.0002, label: 1, bag_size: 6344
batch 179, loss: 0.0000, instance_loss: 0.0000, weighted_loss: 0.0000, label: 0, bag_size: 15340
batch 199, loss: 0.0000, instance_loss: 0.0000, weighted_loss: 0.0000, label: 0, bag_size: 17843
batch 219, loss: 0.0000, instance_loss: 0.0002, weighted_loss: 0.0001, label: 0, bag_size: 1669
batch 239, loss: 0.0001, instance_loss: 0.0000, weighted_loss: 0.0000, label: 1, bag_size: 5082
batch 259, loss: 0.0000, instance_loss: 0.0000, weighted_loss: 0.0000, label: 0, bag_size: 3616
batch 279, loss: 0.0000, instance_loss: 0.0000, weighted_loss: 0.0000, label: 0, bag_size: 4463
batch 299, loss: 0.0087, instance_loss: 0.0000, weighted_loss: 0.0061, label: 1, bag_size: 14763
batch 319, loss: 0.1576, instance_loss: 0.0000, weighted_loss: 0.1103, label: 1, bag_size: 14414
batch 339, loss: 0.0019, instance_loss: 0.0000, weighted_loss: 0.0013, label: 0, bag_size: 6548
batch 359, loss: 0.0000, instance_loss: 0.0000, weighted_loss: 0.0000, label: 1, bag_size: 5906
batch 379, loss: 0.0002, instance_loss: 0.0016, weighted_loss: 0.0006, label: 1, bag_size: 6023
batch 399, loss: 0.0002, instance_loss: 0.0000, weighted_loss: 0.0002, label: 1, bag_size: 4516
batch 419, loss: 0.0005, instance_loss: 0.0000, weighted_loss: 0.0004, label: 0, bag_size: 5684
batch 439, loss: 0.0005, instance_loss: 0.0000, weighted_loss: 0.0004, label: 0, bag_size: 17767
batch 459, loss: 0.0005, instance_loss: 0.0000, weighted_loss: 0.0004, label: 1, bag_size: 3628
batch 479, loss: 0.2362, instance_loss: 0.0000, weighted_loss: 0.1653, label: 1, bag_size: 22399
batch 499, loss: 0.0000, instance_loss: 0.0000, weighted_loss: 0.0000, label: 0, bag_size: 2352
batch 519, loss: 0.0001, instance_loss: 0.0000, weighted_loss: 0.0001, label: 0, bag_size: 2573
batch 539, loss: 0.0000, instance_loss: 0.0006, weighted_loss: 0.0002, label: 0, bag_size: 1451
batch 559, loss: 0.0000, instance_loss: 0.0000, weighted_loss: 0.0000, label: 1, bag_size: 3354
batch 579, loss: 0.0012, instance_loss: 0.0000, weighted_loss: 0.0008, label: 0, bag_size: 2405
batch 599, loss: 0.0464, instance_loss: 0.0000, weighted_loss: 0.0325, label: 0, bag_size: 13449
batch 619, loss: 0.0002, instance_loss: 0.0000, weighted_loss: 0.0001, label: 1, bag_size: 13646
batch 639, loss: 0.0000, instance_loss: 0.0000, weighted_loss: 0.0000, label: 0, bag_size: 9214
batch 659, loss: 0.0002, instance_loss: 0.0002, weighted_loss: 0.0002, label: 1, bag_size: 5956
batch 679, loss: 0.0000, instance_loss: 0.0000, weighted_loss: 0.0000, label: 1, bag_size: 5082
batch 699, loss: 0.0000, instance_loss: 0.0000, weighted_loss: 0.0000, label: 0, bag_size: 3409
batch 719, loss: 0.0002, instance_loss: 0.0004, weighted_loss: 0.0003, label: 1, bag_size: 5906
batch 739, loss: 0.0000, instance_loss: 0.0000, weighted_loss: 0.0000, label: 0, bag_size: 9973
batch 759, loss: 0.0001, instance_loss: 0.0002, weighted_loss: 0.0001, label: 0, bag_size: 3533
batch 779, loss: 0.0078, instance_loss: 0.0000, weighted_loss: 0.0055, label: 1, bag_size: 21952
batch 799, loss: 0.0000, instance_loss: 0.0000, weighted_loss: 0.0000, label: 0, bag_size: 3917
batch 819, loss: 0.0054, instance_loss: 0.0000, weighted_loss: 0.0038, label: 1, bag_size: 7879


class 0 clustering acc 1.0: correct 6696/6696
class 1 clustering acc 0.9998506571087217: correct 6695/6696
Epoch: 11, train_loss: 0.0243, train_clustering_loss:  0.0007, train_error: 0.0084
class 0: acc 0.9883449883449883, correct 424/429
class 1: acc 0.9950980392156863, correct 406/408

Val Set, val_loss: 0.4687, val_error: 0.0622, auc: 0.5144
class 0 clustering acc 1.0: correct 1928/1928
class 1 clustering acc 1.0: correct 1928/1928
class 0: acc 0.9698275862068966, correct 225/232
class 1: acc 0.1111111111111111, correct 1/9
EarlyStopping counter: 8 out of 10


batch 19, loss: 0.0015, instance_loss: 0.0000, weighted_loss: 0.0011, label: 1, bag_size: 6812
batch 39, loss: 0.0007, instance_loss: 0.0023, weighted_loss: 0.0011, label: 0, bag_size: 2405
batch 59, loss: 0.0019, instance_loss: 0.0000, weighted_loss: 0.0013, label: 1, bag_size: 10371
batch 79, loss: 0.0026, instance_loss: 0.0000, weighted_loss: 0.0018, label: 0, bag_size: 23088
batch 99, loss: 0.0000, instance_loss: 0.0000, weighted_loss: 0.0000, label: 0, bag_size: 17336
batch 119, loss: 0.0003, instance_loss: 0.0000, weighted_loss: 0.0002, label: 1, bag_size: 4760
batch 139, loss: 0.0000, instance_loss: 0.0000, weighted_loss: 0.0000, label: 0, bag_size: 11682
batch 159, loss: 0.0001, instance_loss: 0.0000, weighted_loss: 0.0001, label: 1, bag_size: 4276
batch 179, loss: 0.0159, instance_loss: 0.0008, weighted_loss: 0.0114, label: 1, bag_size: 16197
batch 199, loss: 0.0074, instance_loss: 0.0004, weighted_loss: 0.0053, label: 1, bag_size: 14528
batch 219, loss: 0.0000, instance_loss: 0.0014, weighted_loss: 0.0004, label: 0, bag_size: 2029
batch 239, loss: 0.0332, instance_loss: 0.0000, weighted_loss: 0.0233, label: 1, bag_size: 14763
batch 259, loss: 0.0001, instance_loss: 0.0000, weighted_loss: 0.0000, label: 0, bag_size: 11246
batch 279, loss: 0.0014, instance_loss: 0.0000, weighted_loss: 0.0010, label: 0, bag_size: 5581
batch 299, loss: 0.0003, instance_loss: 0.0000, weighted_loss: 0.0002, label: 1, bag_size: 22042
batch 319, loss: 0.0001, instance_loss: 0.0000, weighted_loss: 0.0001, label: 0, bag_size: 4356
batch 339, loss: 0.0001, instance_loss: 0.0003, weighted_loss: 0.0002, label: 1, bag_size: 2853
batch 359, loss: 0.0001, instance_loss: 0.0002, weighted_loss: 0.0001, label: 1, bag_size: 2853
batch 379, loss: 0.0002, instance_loss: 0.0000, weighted_loss: 0.0002, label: 1, bag_size: 22042
batch 399, loss: 0.0104, instance_loss: 0.0000, weighted_loss: 0.0073, label: 0, bag_size: 5699
batch 419, loss: 0.0028, instance_loss: 0.0000, weighted_loss: 0.0020, label: 0, bag_size: 4085
batch 439, loss: 0.0025, instance_loss: 0.0000, weighted_loss: 0.0018, label: 0, bag_size: 2776
batch 459, loss: 0.0032, instance_loss: 0.0000, weighted_loss: 0.0023, label: 1, bag_size: 3628
batch 479, loss: 0.0004, instance_loss: 0.0000, weighted_loss: 0.0003, label: 1, bag_size: 21609
batch 499, loss: 0.0000, instance_loss: 0.0000, weighted_loss: 0.0000, label: 0, bag_size: 3166
batch 519, loss: 0.0000, instance_loss: 0.0000, weighted_loss: 0.0000, label: 0, bag_size: 17284
batch 539, loss: 0.0000, instance_loss: 0.0000, weighted_loss: 0.0000, label: 1, bag_size: 6812
batch 559, loss: 0.0004, instance_loss: 0.0013, weighted_loss: 0.0007, label: 0, bag_size: 2830
batch 579, loss: 0.0000, instance_loss: 0.0000, weighted_loss: 0.0000, label: 1, bag_size: 6028
batch 599, loss: 0.0000, instance_loss: 0.0000, weighted_loss: 0.0000, label: 0, bag_size: 2957
batch 619, loss: 0.0000, instance_loss: 0.0000, weighted_loss: 0.0000, label: 1, bag_size: 5082
batch 639, loss: 0.0002, instance_loss: 0.0000, weighted_loss: 0.0001, label: 1, bag_size: 4516
batch 659, loss: 0.0000, instance_loss: 0.0000, weighted_loss: 0.0000, label: 0, bag_size: 2989
batch 679, loss: 0.0001, instance_loss: 0.0002, weighted_loss: 0.0001, label: 1, bag_size: 5956
batch 699, loss: 0.0000, instance_loss: 0.0000, weighted_loss: 0.0000, label: 1, bag_size: 3354
batch 719, loss: 0.0001, instance_loss: 0.0000, weighted_loss: 0.0001, label: 1, bag_size: 10180
batch 739, loss: 0.0000, instance_loss: 0.0000, weighted_loss: 0.0000, label: 0, bag_size: 3681
batch 759, loss: 0.0000, instance_loss: 0.0002, weighted_loss: 0.0001, label: 0, bag_size: 2586
batch 779, loss: 0.0000, instance_loss: 0.0000, weighted_loss: 0.0000, label: 0, bag_size: 17829
batch 799, loss: 0.0589, instance_loss: 0.0000, weighted_loss: 0.0412, label: 1, bag_size: 6028
batch 819, loss: 0.0000, instance_loss: 0.0000, weighted_loss: 0.0000, label: 0, bag_size: 13054


class 0 clustering acc 1.0: correct 6696/6696
class 1 clustering acc 1.0: correct 6696/6696
Epoch: 12, train_loss: 0.0206, train_clustering_loss:  0.0004, train_error: 0.0060
class 0: acc 0.9951338199513382, correct 409/411
class 1: acc 0.9929577464788732, correct 423/426

Val Set, val_loss: 0.5512, val_error: 0.1120, auc: 0.5417
class 0 clustering acc 1.0: correct 1928/1928
class 1 clustering acc 1.0: correct 1928/1928
class 0: acc 0.9181034482758621, correct 213/232
class 1: acc 0.1111111111111111, correct 1/9
EarlyStopping counter: 9 out of 10


batch 19, loss: 0.0000, instance_loss: 0.0000, weighted_loss: 0.0000, label: 1, bag_size: 4760
batch 39, loss: 0.0031, instance_loss: 0.0000, weighted_loss: 0.0022, label: 1, bag_size: 14763
batch 59, loss: 0.0088, instance_loss: 0.0000, weighted_loss: 0.0061, label: 0, bag_size: 4404
batch 79, loss: 0.0002, instance_loss: 0.0022, weighted_loss: 0.0008, label: 0, bag_size: 16576
batch 99, loss: 0.0012, instance_loss: 0.0000, weighted_loss: 0.0009, label: 1, bag_size: 22399
batch 119, loss: 0.0000, instance_loss: 0.0007, weighted_loss: 0.0002, label: 0, bag_size: 4226
batch 139, loss: 0.0528, instance_loss: 0.0000, weighted_loss: 0.0370, label: 1, bag_size: 15079
batch 159, loss: 0.0010, instance_loss: 0.0005, weighted_loss: 0.0008, label: 1, bag_size: 2644
batch 179, loss: 0.0054, instance_loss: 0.0000, weighted_loss: 0.0038, label: 0, bag_size: 20777
batch 199, loss: 0.0150, instance_loss: 0.0000, weighted_loss: 0.0105, label: 0, bag_size: 1881
batch 219, loss: 0.0003, instance_loss: 0.0000, weighted_loss: 0.0002, label: 0, bag_size: 1805
batch 239, loss: 0.0008, instance_loss: 0.0007, weighted_loss: 0.0008, label: 0, bag_size: 17101
batch 259, loss: 0.0002, instance_loss: 0.0000, weighted_loss: 0.0001, label: 1, bag_size: 14528
batch 279, loss: 0.0000, instance_loss: 0.0000, weighted_loss: 0.0000, label: 0, bag_size: 4213
batch 299, loss: 0.0004, instance_loss: 0.0000, weighted_loss: 0.0003, label: 0, bag_size: 6678
batch 319, loss: 0.0000, instance_loss: 0.0000, weighted_loss: 0.0000, label: 1, bag_size: 6028
batch 339, loss: 0.0577, instance_loss: 0.0000, weighted_loss: 0.0404, label: 1, bag_size: 10371
batch 359, loss: 0.0048, instance_loss: 0.0000, weighted_loss: 0.0033, label: 0, bag_size: 4692
batch 379, loss: 0.0000, instance_loss: 0.0000, weighted_loss: 0.0000, label: 0, bag_size: 5809
batch 399, loss: 0.0000, instance_loss: 0.0000, weighted_loss: 0.0000, label: 0, bag_size: 1867
batch 419, loss: 0.0000, instance_loss: 0.0000, weighted_loss: 0.0000, label: 0, bag_size: 3505
batch 439, loss: 0.0010, instance_loss: 0.0000, weighted_loss: 0.0007, label: 1, bag_size: 14528
batch 459, loss: 0.0059, instance_loss: 0.0000, weighted_loss: 0.0042, label: 0, bag_size: 11037
batch 479, loss: 0.0227, instance_loss: 0.0000, weighted_loss: 0.0159, label: 0, bag_size: 1072
batch 499, loss: 0.0000, instance_loss: 0.0000, weighted_loss: 0.0000, label: 0, bag_size: 3118
batch 519, loss: 0.0004, instance_loss: 0.0000, weighted_loss: 0.0003, label: 0, bag_size: 4615
batch 539, loss: 0.0000, instance_loss: 0.0000, weighted_loss: 0.0000, label: 0, bag_size: 2137
batch 559, loss: 0.0000, instance_loss: 0.0003, weighted_loss: 0.0001, label: 0, bag_size: 5170
batch 579, loss: 0.0001, instance_loss: 0.0000, weighted_loss: 0.0000, label: 0, bag_size: 20554
batch 599, loss: 0.0002, instance_loss: 0.0000, weighted_loss: 0.0001, label: 0, bag_size: 1677
batch 619, loss: 0.0001, instance_loss: 0.0000, weighted_loss: 0.0001, label: 0, bag_size: 4302
batch 639, loss: 0.0009, instance_loss: 0.0000, weighted_loss: 0.0006, label: 1, bag_size: 5956
batch 659, loss: 0.0046, instance_loss: 0.0000, weighted_loss: 0.0033, label: 0, bag_size: 4292
batch 679, loss: 0.0000, instance_loss: 0.0000, weighted_loss: 0.0000, label: 0, bag_size: 13636
batch 699, loss: 0.0036, instance_loss: 0.0011, weighted_loss: 0.0029, label: 1, bag_size: 13646
batch 719, loss: 0.0003, instance_loss: 0.0000, weighted_loss: 0.0002, label: 0, bag_size: 10902
batch 739, loss: 0.0000, instance_loss: 0.0000, weighted_loss: 0.0000, label: 0, bag_size: 6907
batch 759, loss: 0.1491, instance_loss: 0.0000, weighted_loss: 0.1044, label: 0, bag_size: 3409
batch 779, loss: 0.0368, instance_loss: 0.0000, weighted_loss: 0.0257, label: 0, bag_size: 23909
batch 799, loss: 0.0025, instance_loss: 0.0000, weighted_loss: 0.0017, label: 1, bag_size: 7879
batch 819, loss: 0.0037, instance_loss: 0.0000, weighted_loss: 0.0026, label: 1, bag_size: 13646


class 0 clustering acc 1.0: correct 6696/6696
class 1 clustering acc 1.0: correct 6696/6696
Epoch: 13, train_loss: 0.0496, train_clustering_loss:  0.0005, train_error: 0.0167
class 0: acc 0.9783653846153846, correct 407/416
class 1: acc 0.9881235154394299, correct 416/421

Val Set, val_loss: 0.4713, val_error: 0.0705, auc: 0.4368
class 0 clustering acc 1.0: correct 1928/1928
class 1 clustering acc 1.0: correct 1928/1928
class 0: acc 0.9655172413793104, correct 224/232
class 1: acc 0.0, correct 0/9
EarlyStopping counter: 10 out of 10
Early stopping
Val error: 0.0664, ROC AUC: 0.5072
CV validation error: 0.0664, ROC AUC: 0.5072
class 0: acc 0.9655172413793104, correct 224/232
class 1: acc 0.1111111111111111, correct 1/9
Future event metrics: {"fold": 3, "events": 104, "positive_events": 4, "event_average_precision": 0.11911566245931571, "event_roc_auc": 0.5525, "event_brier": 0.044447474360050074, "aggregation": "mean probability across all included stains/slides of same patient/anchor date", "exploratory_cv_not_independent_final_test": true}
HE augmentation: {"fold": 4, "seed": 31, "train_slides": 826, "eligible_he_train": 42, "unchanged_train": 784, "policy": "geometry", "total_views": 2, "he_original_probability": 0.5, "view_seed": 20692209, "val_test_original_only": true, "split_sha256": "e53a995167add122657bf2038d86e6b04527b09cc1e7ce2bf158128965c14412", "validation_used_for_checkpoint_selection": true, "independent_final_test": false}

Training Fold 4!

Init train/val/test splits... 
Done!
Training on 826 samples
Validating on 252 samples
Testing on 0 samples

Init loss function... Done!

Init Model... Setting tau to 1.0
Done!
CLAM_SB(
  (attention_net): Sequential(
    (0): Linear(in_features=1536, out_features=512, bias=True)
    (1): ReLU()
    (2): Dropout(p=0.25, inplace=False)
    (3): Attn_Net_Gated(
      (attention_a): Sequential(
        (0): Linear(in_features=512, out_features=256, bias=True)
        (1): Tanh()
        (2): Dropout(p=0.25, inplace=False)
      )
      (attention_b): Sequential(
        (0): Linear(in_features=512, out_features=256, bias=True)
        (1): Sigmoid()
        (2): Dropout(p=0.25, inplace=False)
      )
      (attention_c): Linear(in_features=256, out_features=1, bias=True)
    )
  )
  (classifiers): Linear(in_features=512, out_features=2, bias=True)
  (instance_classifiers): ModuleList(
    (0-1): 2 x Linear(in_features=512, out_features=2, bias=True)
  )
  (instance_loss_fn): SmoothTop1SVM()
)
Total number of parameters: 1052935
Total number of trainable parameters: 1052935

Init optimizer ... Done!

Init Loaders... Done!

Setup EarlyStopping... Done!


batch 19, loss: 0.5954, instance_loss: 0.3922, weighted_loss: 0.5345, label: 1, bag_size: 5906
batch 39, loss: 0.8000, instance_loss: 0.1023, weighted_loss: 0.5907, label: 0, bag_size: 13636
batch 59, loss: 1.5746, instance_loss: 0.2325, weighted_loss: 1.1720, label: 0, bag_size: 20347
batch 79, loss: 1.0735, instance_loss: 0.0275, weighted_loss: 0.7597, label: 0, bag_size: 19640
batch 99, loss: 1.3189, instance_loss: 0.0018, weighted_loss: 0.9238, label: 0, bag_size: 11781
batch 119, loss: 0.5616, instance_loss: 0.0031, weighted_loss: 0.3940, label: 0, bag_size: 5594
batch 139, loss: 0.7849, instance_loss: 0.0077, weighted_loss: 0.5517, label: 1, bag_size: 2671
batch 159, loss: 0.5717, instance_loss: 0.0023, weighted_loss: 0.4009, label: 0, bag_size: 3715
batch 179, loss: 0.4058, instance_loss: 0.4277, weighted_loss: 0.4123, label: 1, bag_size: 5137
batch 199, loss: 0.5790, instance_loss: 0.0152, weighted_loss: 0.4098, label: 0, bag_size: 12490
batch 219, loss: 0.2758, instance_loss: 0.0246, weighted_loss: 0.2005, label: 0, bag_size: 19237
batch 239, loss: 0.5604, instance_loss: 0.0032, weighted_loss: 0.3932, label: 0, bag_size: 9262
batch 259, loss: 0.8627, instance_loss: 0.5931, weighted_loss: 0.7818, label: 1, bag_size: 15079
batch 279, loss: 1.6259, instance_loss: 0.0751, weighted_loss: 1.1606, label: 1, bag_size: 3621
batch 299, loss: 0.5060, instance_loss: 0.6606, weighted_loss: 0.5524, label: 1, bag_size: 22042
batch 319, loss: 0.4736, instance_loss: 0.0424, weighted_loss: 0.3442, label: 0, bag_size: 3066
batch 339, loss: 0.5183, instance_loss: 0.0528, weighted_loss: 0.3786, label: 1, bag_size: 16197
batch 359, loss: 0.3932, instance_loss: 0.1062, weighted_loss: 0.3071, label: 0, bag_size: 13338
batch 379, loss: 0.1257, instance_loss: 0.1622, weighted_loss: 0.1366, label: 1, bag_size: 21609
batch 399, loss: 0.5553, instance_loss: 0.0831, weighted_loss: 0.4136, label: 0, bag_size: 3382
batch 419, loss: 0.3158, instance_loss: 0.0187, weighted_loss: 0.2267, label: 0, bag_size: 17043
batch 439, loss: 1.3364, instance_loss: 0.0151, weighted_loss: 0.9400, label: 0, bag_size: 9322
batch 459, loss: 0.0456, instance_loss: 0.0282, weighted_loss: 0.0404, label: 1, bag_size: 5956
batch 479, loss: 0.0676, instance_loss: 0.0018, weighted_loss: 0.0478, label: 1, bag_size: 22871
batch 499, loss: 0.8300, instance_loss: 0.0103, weighted_loss: 0.5841, label: 0, bag_size: 1994
batch 519, loss: 0.8922, instance_loss: 0.0081, weighted_loss: 0.6270, label: 1, bag_size: 2853
batch 539, loss: 0.5822, instance_loss: 0.0109, weighted_loss: 0.4108, label: 0, bag_size: 1998
batch 559, loss: 0.0677, instance_loss: 0.0030, weighted_loss: 0.0483, label: 1, bag_size: 5137
batch 579, loss: 1.0222, instance_loss: 0.0300, weighted_loss: 0.7246, label: 1, bag_size: 7733
batch 599, loss: 0.2162, instance_loss: 0.0155, weighted_loss: 0.1560, label: 0, bag_size: 2868
batch 619, loss: 0.2581, instance_loss: 0.0103, weighted_loss: 0.1838, label: 1, bag_size: 3628
batch 639, loss: 0.4349, instance_loss: 0.0102, weighted_loss: 0.3075, label: 1, bag_size: 4516
batch 659, loss: 0.3544, instance_loss: 0.0122, weighted_loss: 0.2517, label: 0, bag_size: 2297
batch 679, loss: 1.1133, instance_loss: 0.0181, weighted_loss: 0.7848, label: 1, bag_size: 4516
batch 699, loss: 0.3660, instance_loss: 0.0070, weighted_loss: 0.2583, label: 1, bag_size: 3628
batch 719, loss: 0.3401, instance_loss: 0.0030, weighted_loss: 0.2390, label: 1, bag_size: 22624
batch 739, loss: 0.7187, instance_loss: 0.0273, weighted_loss: 0.5113, label: 0, bag_size: 20043
batch 759, loss: 0.0992, instance_loss: 0.0002, weighted_loss: 0.0695, label: 1, bag_size: 12989
batch 779, loss: 0.6474, instance_loss: 0.0298, weighted_loss: 0.4621, label: 0, bag_size: 13944
batch 799, loss: 0.6058, instance_loss: 0.0367, weighted_loss: 0.4351, label: 0, bag_size: 2936
batch 819, loss: 0.3572, instance_loss: 0.0013, weighted_loss: 0.2505, label: 0, bag_size: 16074


class 0 clustering acc 0.9810835351089588: correct 6483/6608
class 1 clustering acc 0.9865314769975787: correct 6519/6608
Epoch: 0, train_loss: 0.6116, train_clustering_loss:  0.1102, train_error: 0.3632
class 0: acc 0.6354430379746835, correct 251/395
class 1: acc 0.6380510440835266, correct 275/431

Val Set, val_loss: 0.2736, val_error: 0.0675, auc: 0.8622
class 0 clustering acc 1.0: correct 2016/2016
class 1 clustering acc 1.0: correct 2016/2016
class 0: acc 0.9467213114754098, correct 231/244
class 1: acc 0.5, correct 4/8
Validation loss decreased (inf --> 0.273620).  Saving model ...


batch 19, loss: 0.5960, instance_loss: 0.0136, weighted_loss: 0.4213, label: 0, bag_size: 4002
batch 39, loss: 1.0233, instance_loss: 0.0022, weighted_loss: 0.7170, label: 1, bag_size: 7733
batch 59, loss: 0.7875, instance_loss: 0.0014, weighted_loss: 0.5516, label: 1, bag_size: 4276
batch 79, loss: 0.2183, instance_loss: 0.0030, weighted_loss: 0.1537, label: 1, bag_size: 3621
batch 99, loss: 0.7189, instance_loss: 0.0027, weighted_loss: 0.5040, label: 1, bag_size: 7733
batch 119, loss: 1.2346, instance_loss: 0.0022, weighted_loss: 0.8649, label: 0, bag_size: 1677
batch 139, loss: 1.0587, instance_loss: 0.0008, weighted_loss: 0.7413, label: 1, bag_size: 7879
batch 159, loss: 0.8658, instance_loss: 0.0005, weighted_loss: 0.6062, label: 1, bag_size: 2853
batch 179, loss: 1.1104, instance_loss: 0.0019, weighted_loss: 0.7779, label: 1, bag_size: 6812
batch 199, loss: 1.1237, instance_loss: 0.0025, weighted_loss: 0.7873, label: 1, bag_size: 6023
batch 219, loss: 0.4178, instance_loss: 0.0002, weighted_loss: 0.2925, label: 1, bag_size: 10371
batch 239, loss: 0.4825, instance_loss: 0.0037, weighted_loss: 0.3389, label: 1, bag_size: 14763
batch 259, loss: 0.3566, instance_loss: 0.0021, weighted_loss: 0.2502, label: 0, bag_size: 13407
batch 279, loss: 0.7985, instance_loss: 0.0025, weighted_loss: 0.5597, label: 1, bag_size: 3024
batch 299, loss: 0.1663, instance_loss: 0.0008, weighted_loss: 0.1167, label: 1, bag_size: 4760
batch 319, loss: 0.2195, instance_loss: 0.0012, weighted_loss: 0.1540, label: 1, bag_size: 4760
batch 339, loss: 0.1432, instance_loss: 0.0022, weighted_loss: 0.1009, label: 1, bag_size: 16197
batch 359, loss: 0.1314, instance_loss: 0.0009, weighted_loss: 0.0922, label: 1, bag_size: 21609
batch 379, loss: 0.1128, instance_loss: 0.0000, weighted_loss: 0.0789, label: 1, bag_size: 14414
batch 399, loss: 0.0703, instance_loss: 0.0005, weighted_loss: 0.0493, label: 0, bag_size: 3771
batch 419, loss: 0.3130, instance_loss: 0.0038, weighted_loss: 0.2203, label: 0, bag_size: 4676
batch 439, loss: 0.3368, instance_loss: 0.0060, weighted_loss: 0.2375, label: 1, bag_size: 4365
batch 459, loss: 2.0915, instance_loss: 0.0015, weighted_loss: 1.4645, label: 0, bag_size: 9548
batch 479, loss: 3.7678, instance_loss: 0.0108, weighted_loss: 2.6407, label: 0, bag_size: 2865
batch 499, loss: 0.2079, instance_loss: 0.0023, weighted_loss: 0.1462, label: 1, bag_size: 5956
batch 519, loss: 0.2289, instance_loss: 0.0002, weighted_loss: 0.1603, label: 1, bag_size: 10371
batch 539, loss: 0.2647, instance_loss: 0.0000, weighted_loss: 0.1853, label: 1, bag_size: 10371
batch 559, loss: 0.3941, instance_loss: 0.0011, weighted_loss: 0.2762, label: 0, bag_size: 12980
batch 579, loss: 0.1268, instance_loss: 0.0002, weighted_loss: 0.0888, label: 0, bag_size: 5862
batch 599, loss: 0.3688, instance_loss: 0.0002, weighted_loss: 0.2582, label: 1, bag_size: 4760
batch 619, loss: 0.1262, instance_loss: 0.0038, weighted_loss: 0.0894, label: 1, bag_size: 21609
batch 639, loss: 0.0069, instance_loss: 0.0007, weighted_loss: 0.0051, label: 0, bag_size: 8955
batch 659, loss: 0.9560, instance_loss: 0.0000, weighted_loss: 0.6692, label: 1, bag_size: 5082
batch 679, loss: 0.0157, instance_loss: 0.0044, weighted_loss: 0.0123, label: 0, bag_size: 78871
batch 699, loss: 0.7270, instance_loss: 0.0003, weighted_loss: 0.5090, label: 1, bag_size: 6812
batch 719, loss: 0.1543, instance_loss: 0.0000, weighted_loss: 0.1080, label: 1, bag_size: 7879
batch 739, loss: 0.2891, instance_loss: 0.0000, weighted_loss: 0.2024, label: 1, bag_size: 4516
batch 759, loss: 0.3393, instance_loss: 0.0035, weighted_loss: 0.2385, label: 0, bag_size: 13140
batch 779, loss: 0.0260, instance_loss: 0.0081, weighted_loss: 0.0207, label: 1, bag_size: 22871
batch 799, loss: 3.1893, instance_loss: 0.0039, weighted_loss: 2.2337, label: 0, bag_size: 6240
batch 819, loss: 0.1537, instance_loss: 0.0004, weighted_loss: 0.1077, label: 1, bag_size: 5082


class 0 clustering acc 1.0: correct 6608/6608
class 1 clustering acc 1.0: correct 6608/6608
Epoch: 1, train_loss: 0.4481, train_clustering_loss:  0.0043, train_error: 0.2107
class 0: acc 0.8263888888888888, correct 357/432
class 1: acc 0.748730964467005, correct 295/394

Val Set, val_loss: 0.5238, val_error: 0.2579, auc: 0.7403
class 0 clustering acc 1.0: correct 2016/2016
class 1 clustering acc 1.0: correct 2016/2016
class 0: acc 0.7418032786885246, correct 181/244
class 1: acc 0.75, correct 6/8
EarlyStopping counter: 1 out of 10


batch 19, loss: 0.3846, instance_loss: 0.0014, weighted_loss: 0.2696, label: 0, bag_size: 2161
batch 39, loss: 0.0422, instance_loss: 0.0000, weighted_loss: 0.0295, label: 1, bag_size: 4760
batch 59, loss: 0.0929, instance_loss: 0.0005, weighted_loss: 0.0652, label: 1, bag_size: 14528
batch 79, loss: 0.0477, instance_loss: 0.0000, weighted_loss: 0.0334, label: 1, bag_size: 12989
batch 99, loss: 0.0231, instance_loss: 0.0005, weighted_loss: 0.0163, label: 0, bag_size: 3971
batch 119, loss: 0.9421, instance_loss: 0.0021, weighted_loss: 0.6601, label: 1, bag_size: 3621
batch 139, loss: 0.2714, instance_loss: 0.0011, weighted_loss: 0.1903, label: 1, bag_size: 12989
batch 159, loss: 0.4881, instance_loss: 0.0000, weighted_loss: 0.3417, label: 1, bag_size: 3621
batch 179, loss: 0.0244, instance_loss: 0.0028, weighted_loss: 0.0179, label: 0, bag_size: 1677
batch 199, loss: 0.0664, instance_loss: 0.0019, weighted_loss: 0.0470, label: 1, bag_size: 2644
batch 219, loss: 0.3591, instance_loss: 0.0018, weighted_loss: 0.2519, label: 0, bag_size: 17682
batch 239, loss: 0.1890, instance_loss: 0.0000, weighted_loss: 0.1323, label: 1, bag_size: 4516
batch 259, loss: 0.0103, instance_loss: 0.0016, weighted_loss: 0.0077, label: 0, bag_size: 19493
batch 279, loss: 0.0038, instance_loss: 0.0085, weighted_loss: 0.0052, label: 0, bag_size: 7225
batch 299, loss: 0.0086, instance_loss: 0.0178, weighted_loss: 0.0113, label: 1, bag_size: 15079
batch 319, loss: 0.5253, instance_loss: 0.0080, weighted_loss: 0.3701, label: 1, bag_size: 9833
batch 339, loss: 0.0193, instance_loss: 0.0067, weighted_loss: 0.0155, label: 1, bag_size: 2644
batch 359, loss: 0.0023, instance_loss: 0.0147, weighted_loss: 0.0060, label: 1, bag_size: 5956
batch 379, loss: 0.0301, instance_loss: 0.0015, weighted_loss: 0.0215, label: 0, bag_size: 2736
batch 399, loss: 0.2796, instance_loss: 0.0011, weighted_loss: 0.1960, label: 0, bag_size: 1750
batch 419, loss: 0.2803, instance_loss: 0.0004, weighted_loss: 0.1964, label: 1, bag_size: 22624
batch 439, loss: 0.0005, instance_loss: 0.0000, weighted_loss: 0.0004, label: 1, bag_size: 22042
batch 459, loss: 0.0028, instance_loss: 0.0037, weighted_loss: 0.0030, label: 0, bag_size: 18267
batch 479, loss: 0.0357, instance_loss: 0.0016, weighted_loss: 0.0255, label: 0, bag_size: 18081
batch 499, loss: 0.0316, instance_loss: 0.0008, weighted_loss: 0.0223, label: 1, bag_size: 5828
batch 519, loss: 0.0341, instance_loss: 0.0003, weighted_loss: 0.0240, label: 1, bag_size: 12989
batch 539, loss: 1.1072, instance_loss: 0.0021, weighted_loss: 0.7757, label: 0, bag_size: 10195
batch 559, loss: 0.0066, instance_loss: 0.0002, weighted_loss: 0.0047, label: 1, bag_size: 22042
batch 579, loss: 0.0290, instance_loss: 0.0198, weighted_loss: 0.0263, label: 0, bag_size: 2465
batch 599, loss: 0.0017, instance_loss: 0.0346, weighted_loss: 0.0115, label: 0, bag_size: 16768
batch 619, loss: 0.0121, instance_loss: 0.0278, weighted_loss: 0.0168, label: 1, bag_size: 5956
batch 639, loss: 0.0033, instance_loss: 0.0065, weighted_loss: 0.0042, label: 0, bag_size: 13636
batch 659, loss: 0.0019, instance_loss: 0.0081, weighted_loss: 0.0038, label: 0, bag_size: 1717
batch 679, loss: 0.0004, instance_loss: 0.0017, weighted_loss: 0.0008, label: 0, bag_size: 17843
batch 699, loss: 0.0085, instance_loss: 0.0000, weighted_loss: 0.0059, label: 1, bag_size: 14318
batch 719, loss: 0.0606, instance_loss: 0.0006, weighted_loss: 0.0426, label: 1, bag_size: 22399
batch 739, loss: 0.0657, instance_loss: 0.0003, weighted_loss: 0.0461, label: 1, bag_size: 22399
batch 759, loss: 0.0018, instance_loss: 0.0006, weighted_loss: 0.0014, label: 0, bag_size: 15501
batch 779, loss: 0.0205, instance_loss: 0.0007, weighted_loss: 0.0145, label: 0, bag_size: 7560
batch 799, loss: 0.0410, instance_loss: 0.0000, weighted_loss: 0.0287, label: 1, bag_size: 22399
batch 819, loss: 0.6783, instance_loss: 0.0000, weighted_loss: 0.4748, label: 1, bag_size: 7879


class 0 clustering acc 1.0: correct 6608/6608
class 1 clustering acc 0.9996973365617433: correct 6606/6608
Epoch: 2, train_loss: 0.2055, train_clustering_loss:  0.0058, train_error: 0.0763
class 0: acc 0.9158653846153846, correct 381/416
class 1: acc 0.9317073170731708, correct 382/410

Val Set, val_loss: 0.2463, val_error: 0.0833, auc: 0.7761
class 0 clustering acc 1.0: correct 2016/2016
class 1 clustering acc 1.0: correct 2016/2016
class 0: acc 0.9344262295081968, correct 228/244
class 1: acc 0.375, correct 3/8
Validation loss decreased (0.273620 --> 0.246252).  Saving model ...


batch 19, loss: 0.0024, instance_loss: 0.0000, weighted_loss: 0.0017, label: 1, bag_size: 4365
batch 39, loss: 0.2083, instance_loss: 0.0021, weighted_loss: 0.1465, label: 0, bag_size: 2802
batch 59, loss: 1.3534, instance_loss: 0.0010, weighted_loss: 0.9477, label: 0, bag_size: 6398
batch 79, loss: 0.0365, instance_loss: 0.0018, weighted_loss: 0.0261, label: 0, bag_size: 5699
batch 99, loss: 0.0529, instance_loss: 0.0000, weighted_loss: 0.0370, label: 1, bag_size: 5082
batch 119, loss: 0.0030, instance_loss: 0.0052, weighted_loss: 0.0037, label: 1, bag_size: 4563
batch 139, loss: 0.0276, instance_loss: 0.0111, weighted_loss: 0.0226, label: 1, bag_size: 6023
batch 159, loss: 0.0009, instance_loss: 0.0027, weighted_loss: 0.0014, label: 0, bag_size: 6032
batch 179, loss: 0.0033, instance_loss: 0.0008, weighted_loss: 0.0026, label: 1, bag_size: 22042
batch 199, loss: 0.0000, instance_loss: 0.0017, weighted_loss: 0.0005, label: 0, bag_size: 14711
batch 219, loss: 0.0048, instance_loss: 0.0032, weighted_loss: 0.0043, label: 1, bag_size: 5956
batch 239, loss: 0.0152, instance_loss: 0.0012, weighted_loss: 0.0110, label: 1, bag_size: 3024
batch 259, loss: 0.0032, instance_loss: 0.0013, weighted_loss: 0.0026, label: 0, bag_size: 17336
batch 279, loss: 0.0002, instance_loss: 0.0000, weighted_loss: 0.0001, label: 0, bag_size: 19237
batch 299, loss: 0.0061, instance_loss: 0.0000, weighted_loss: 0.0043, label: 0, bag_size: 20347
batch 319, loss: 0.0007, instance_loss: 0.0188, weighted_loss: 0.0062, label: 0, bag_size: 5006
batch 339, loss: 0.0014, instance_loss: 0.0225, weighted_loss: 0.0078, label: 0, bag_size: 5006
batch 359, loss: 0.0006, instance_loss: 0.0024, weighted_loss: 0.0011, label: 0, bag_size: 2894
batch 379, loss: 0.0129, instance_loss: 0.0000, weighted_loss: 0.0090, label: 1, bag_size: 3621
batch 399, loss: 0.0349, instance_loss: 0.0007, weighted_loss: 0.0247, label: 0, bag_size: 20043
batch 419, loss: 0.0139, instance_loss: 0.0000, weighted_loss: 0.0097, label: 1, bag_size: 4516
batch 439, loss: 0.0420, instance_loss: 0.0006, weighted_loss: 0.0296, label: 0, bag_size: 5809
batch 459, loss: 0.0125, instance_loss: 0.0031, weighted_loss: 0.0096, label: 0, bag_size: 11889
batch 479, loss: 0.1418, instance_loss: 0.0166, weighted_loss: 0.1043, label: 1, bag_size: 10371
batch 499, loss: 0.0001, instance_loss: 0.0000, weighted_loss: 0.0001, label: 1, bag_size: 22042
batch 519, loss: 0.0048, instance_loss: 0.0116, weighted_loss: 0.0068, label: 0, bag_size: 2297
batch 539, loss: 0.0004, instance_loss: 0.0000, weighted_loss: 0.0003, label: 0, bag_size: 2837
batch 559, loss: 0.0072, instance_loss: 0.0021, weighted_loss: 0.0057, label: 0, bag_size: 5965
batch 579, loss: 0.0293, instance_loss: 0.0008, weighted_loss: 0.0207, label: 0, bag_size: 17340
batch 599, loss: 0.0026, instance_loss: 0.0007, weighted_loss: 0.0020, label: 1, bag_size: 2644
batch 619, loss: 0.0090, instance_loss: 0.0054, weighted_loss: 0.0079, label: 0, bag_size: 4703
batch 639, loss: 0.0423, instance_loss: 0.0005, weighted_loss: 0.0297, label: 1, bag_size: 2853
batch 659, loss: 0.1586, instance_loss: 0.0011, weighted_loss: 0.1113, label: 1, bag_size: 2644
batch 679, loss: 0.0090, instance_loss: 0.0053, weighted_loss: 0.0079, label: 1, bag_size: 2637
batch 699, loss: 0.0085, instance_loss: 0.0002, weighted_loss: 0.0060, label: 1, bag_size: 4365
batch 719, loss: 1.2434, instance_loss: 0.0050, weighted_loss: 0.8719, label: 0, bag_size: 9888
batch 739, loss: 0.0006, instance_loss: 0.0000, weighted_loss: 0.0004, label: 0, bag_size: 3840
batch 759, loss: 0.0248, instance_loss: 0.0010, weighted_loss: 0.0177, label: 0, bag_size: 3009
batch 779, loss: 0.0685, instance_loss: 0.0008, weighted_loss: 0.0482, label: 0, bag_size: 17540
batch 799, loss: 0.0015, instance_loss: 0.0030, weighted_loss: 0.0019, label: 1, bag_size: 5956
batch 819, loss: 0.0179, instance_loss: 0.0004, weighted_loss: 0.0126, label: 1, bag_size: 21609


class 0 clustering acc 1.0: correct 6608/6608
class 1 clustering acc 1.0: correct 6608/6608
Epoch: 3, train_loss: 0.1173, train_clustering_loss:  0.0045, train_error: 0.0424
class 0: acc 0.954233409610984, correct 417/437
class 1: acc 0.961439588688946, correct 374/389

Val Set, val_loss: 0.2658, val_error: 0.0833, auc: 0.6931
class 0 clustering acc 1.0: correct 2016/2016
class 1 clustering acc 1.0: correct 2016/2016
class 0: acc 0.9426229508196722, correct 230/244
class 1: acc 0.125, correct 1/8
EarlyStopping counter: 1 out of 10


batch 19, loss: 0.0016, instance_loss: 0.0000, weighted_loss: 0.0011, label: 0, bag_size: 2908
batch 39, loss: 0.0006, instance_loss: 0.0000, weighted_loss: 0.0005, label: 0, bag_size: 15093
batch 59, loss: 0.0465, instance_loss: 0.0000, weighted_loss: 0.0325, label: 1, bag_size: 10180
batch 79, loss: 0.0050, instance_loss: 0.0011, weighted_loss: 0.0038, label: 0, bag_size: 5862
batch 99, loss: 0.0043, instance_loss: 0.0010, weighted_loss: 0.0033, label: 1, bag_size: 3621
batch 119, loss: 0.0237, instance_loss: 0.0010, weighted_loss: 0.0169, label: 1, bag_size: 2671
batch 139, loss: 0.0034, instance_loss: 0.0005, weighted_loss: 0.0025, label: 1, bag_size: 2637
batch 159, loss: 0.1363, instance_loss: 0.0008, weighted_loss: 0.0956, label: 0, bag_size: 15821
batch 179, loss: 0.0109, instance_loss: 0.0002, weighted_loss: 0.0077, label: 1, bag_size: 14763
batch 199, loss: 0.0014, instance_loss: 0.0009, weighted_loss: 0.0012, label: 1, bag_size: 15079
batch 219, loss: 0.0076, instance_loss: 0.0016, weighted_loss: 0.0058, label: 1, bag_size: 10371
batch 239, loss: 0.0021, instance_loss: 0.0006, weighted_loss: 0.0017, label: 0, bag_size: 12415
batch 259, loss: 0.0010, instance_loss: 0.0000, weighted_loss: 0.0007, label: 1, bag_size: 5082
batch 279, loss: 0.0002, instance_loss: 0.0000, weighted_loss: 0.0002, label: 0, bag_size: 3774
batch 299, loss: 0.2896, instance_loss: 0.0004, weighted_loss: 0.2028, label: 1, bag_size: 9833
batch 319, loss: 0.2549, instance_loss: 0.0013, weighted_loss: 0.1788, label: 1, bag_size: 4365
batch 339, loss: 0.0008, instance_loss: 0.0005, weighted_loss: 0.0007, label: 0, bag_size: 7732
batch 359, loss: 0.0161, instance_loss: 0.0007, weighted_loss: 0.0115, label: 1, bag_size: 6812
batch 379, loss: 0.0619, instance_loss: 0.0036, weighted_loss: 0.0444, label: 1, bag_size: 6812
batch 399, loss: 2.2898, instance_loss: 0.0033, weighted_loss: 1.6039, label: 0, bag_size: 17677
batch 419, loss: 0.0008, instance_loss: 0.0089, weighted_loss: 0.0032, label: 1, bag_size: 6023
batch 439, loss: 1.7496, instance_loss: 0.0007, weighted_loss: 1.2249, label: 0, bag_size: 3394
batch 459, loss: 0.0002, instance_loss: 0.0000, weighted_loss: 0.0002, label: 0, bag_size: 18076
batch 479, loss: 0.0009, instance_loss: 0.0000, weighted_loss: 0.0006, label: 1, bag_size: 5137
batch 499, loss: 0.0012, instance_loss: 0.0000, weighted_loss: 0.0008, label: 0, bag_size: 3108
batch 519, loss: 0.0012, instance_loss: 0.0000, weighted_loss: 0.0009, label: 1, bag_size: 5137
batch 539, loss: 0.0040, instance_loss: 0.0003, weighted_loss: 0.0029, label: 0, bag_size: 5545
batch 559, loss: 0.1076, instance_loss: 0.0008, weighted_loss: 0.0756, label: 1, bag_size: 14318
batch 579, loss: 0.0412, instance_loss: 0.0007, weighted_loss: 0.0290, label: 1, bag_size: 4365
batch 599, loss: 0.0008, instance_loss: 0.0000, weighted_loss: 0.0006, label: 0, bag_size: 5699
batch 619, loss: 0.0005, instance_loss: 0.0000, weighted_loss: 0.0004, label: 0, bag_size: 1291
batch 639, loss: 0.0003, instance_loss: 0.0120, weighted_loss: 0.0038, label: 1, bag_size: 3411
batch 659, loss: 0.0031, instance_loss: 0.0033, weighted_loss: 0.0031, label: 0, bag_size: 3115
batch 679, loss: 0.0014, instance_loss: 0.0007, weighted_loss: 0.0012, label: 1, bag_size: 2853
batch 699, loss: 0.0057, instance_loss: 0.0007, weighted_loss: 0.0042, label: 1, bag_size: 3621
batch 719, loss: 0.0042, instance_loss: 0.0000, weighted_loss: 0.0030, label: 0, bag_size: 19988
batch 739, loss: 0.0000, instance_loss: 0.0050, weighted_loss: 0.0015, label: 1, bag_size: 7733
batch 759, loss: 0.0005, instance_loss: 0.0000, weighted_loss: 0.0004, label: 1, bag_size: 4563
batch 779, loss: 0.0033, instance_loss: 0.0002, weighted_loss: 0.0024, label: 0, bag_size: 4963
batch 799, loss: 0.0004, instance_loss: 0.0000, weighted_loss: 0.0003, label: 0, bag_size: 5995
batch 819, loss: 0.0130, instance_loss: 0.0012, weighted_loss: 0.0095, label: 1, bag_size: 3621


class 0 clustering acc 0.9998486682808717: correct 6607/6608
class 1 clustering acc 0.9998486682808717: correct 6607/6608
Epoch: 4, train_loss: 0.0787, train_clustering_loss:  0.0024, train_error: 0.0254
class 0: acc 0.9665871121718377, correct 405/419
class 1: acc 0.9828009828009828, correct 400/407

Val Set, val_loss: 0.2461, val_error: 0.0556, auc: 0.6983
class 0 clustering acc 1.0: correct 2016/2016
class 1 clustering acc 1.0: correct 2016/2016
class 0: acc 0.9672131147540983, correct 236/244
class 1: acc 0.25, correct 2/8
Validation loss decreased (0.246252 --> 0.246052).  Saving model ...


batch 19, loss: 0.3714, instance_loss: 0.0006, weighted_loss: 0.2602, label: 0, bag_size: 18062
batch 39, loss: 0.0585, instance_loss: 0.0004, weighted_loss: 0.0411, label: 1, bag_size: 10371
batch 59, loss: 0.0006, instance_loss: 0.0000, weighted_loss: 0.0004, label: 1, bag_size: 14528
batch 79, loss: 0.0002, instance_loss: 0.0000, weighted_loss: 0.0002, label: 0, bag_size: 12141
batch 99, loss: 0.0057, instance_loss: 0.0000, weighted_loss: 0.0040, label: 1, bag_size: 5082
batch 119, loss: 0.0046, instance_loss: 0.0062, weighted_loss: 0.0051, label: 0, bag_size: 1901
batch 139, loss: 0.0002, instance_loss: 0.0030, weighted_loss: 0.0010, label: 1, bag_size: 4563
batch 159, loss: 0.0118, instance_loss: 0.0200, weighted_loss: 0.0143, label: 0, bag_size: 2559
batch 179, loss: 0.1086, instance_loss: 0.0000, weighted_loss: 0.0760, label: 1, bag_size: 14318
batch 199, loss: 0.0356, instance_loss: 0.0022, weighted_loss: 0.0256, label: 0, bag_size: 4983
batch 219, loss: 0.0015, instance_loss: 0.0000, weighted_loss: 0.0011, label: 0, bag_size: 1956
batch 239, loss: 0.0010, instance_loss: 0.0007, weighted_loss: 0.0009, label: 0, bag_size: 17332
batch 259, loss: 0.0009, instance_loss: 0.0039, weighted_loss: 0.0018, label: 0, bag_size: 3176
batch 279, loss: 0.0002, instance_loss: 0.0004, weighted_loss: 0.0003, label: 0, bag_size: 4129
batch 299, loss: 0.0003, instance_loss: 0.0000, weighted_loss: 0.0002, label: 1, bag_size: 7879
batch 319, loss: 0.0996, instance_loss: 0.0005, weighted_loss: 0.0699, label: 0, bag_size: 4100
batch 339, loss: 0.0005, instance_loss: 0.0000, weighted_loss: 0.0004, label: 0, bag_size: 19793
batch 359, loss: 0.0007, instance_loss: 0.0003, weighted_loss: 0.0006, label: 1, bag_size: 14414
batch 379, loss: 0.0058, instance_loss: 0.0062, weighted_loss: 0.0059, label: 0, bag_size: 3394
batch 399, loss: 0.0001, instance_loss: 0.0006, weighted_loss: 0.0002, label: 0, bag_size: 56958
batch 419, loss: 0.0001, instance_loss: 0.0000, weighted_loss: 0.0000, label: 1, bag_size: 22042
batch 439, loss: 0.0002, instance_loss: 0.0000, weighted_loss: 0.0002, label: 0, bag_size: 16721
batch 459, loss: 0.0008, instance_loss: 0.0012, weighted_loss: 0.0010, label: 1, bag_size: 5956
batch 479, loss: 0.0001, instance_loss: 0.0000, weighted_loss: 0.0001, label: 0, bag_size: 1085
batch 499, loss: 0.0000, instance_loss: 0.0005, weighted_loss: 0.0002, label: 0, bag_size: 2755
batch 519, loss: 0.0043, instance_loss: 0.0013, weighted_loss: 0.0034, label: 0, bag_size: 2297
batch 539, loss: 0.0204, instance_loss: 0.0013, weighted_loss: 0.0146, label: 1, bag_size: 9833
batch 559, loss: 0.0001, instance_loss: 0.0010, weighted_loss: 0.0003, label: 0, bag_size: 16798
batch 579, loss: 0.0000, instance_loss: 0.0000, weighted_loss: 0.0000, label: 0, bag_size: 1998
batch 599, loss: 1.9739, instance_loss: 0.0000, weighted_loss: 1.3817, label: 1, bag_size: 14318
batch 619, loss: 0.0100, instance_loss: 0.0003, weighted_loss: 0.0071, label: 1, bag_size: 4516
batch 639, loss: 0.0013, instance_loss: 0.0030, weighted_loss: 0.0018, label: 1, bag_size: 4492
batch 659, loss: 0.0000, instance_loss: 0.0402, weighted_loss: 0.0121, label: 0, bag_size: 4852
batch 679, loss: 0.0000, instance_loss: 0.0000, weighted_loss: 0.0000, label: 1, bag_size: 22042
batch 699, loss: 0.0006, instance_loss: 0.0016, weighted_loss: 0.0009, label: 1, bag_size: 3024
batch 719, loss: 0.0813, instance_loss: 0.0000, weighted_loss: 0.0569, label: 1, bag_size: 10180
batch 739, loss: 0.0005, instance_loss: 0.0000, weighted_loss: 0.0004, label: 1, bag_size: 4760
batch 759, loss: 0.0006, instance_loss: 0.0048, weighted_loss: 0.0019, label: 0, bag_size: 6129
batch 779, loss: 0.0002, instance_loss: 0.0000, weighted_loss: 0.0001, label: 0, bag_size: 19793
batch 799, loss: 0.0056, instance_loss: 0.0031, weighted_loss: 0.0049, label: 0, bag_size: 3144
batch 819, loss: 0.0000, instance_loss: 0.0000, weighted_loss: 0.0000, label: 0, bag_size: 5922


class 0 clustering acc 1.0: correct 6608/6608
class 1 clustering acc 0.99909200968523: correct 6602/6608
Epoch: 5, train_loss: 0.0469, train_clustering_loss:  0.0108, train_error: 0.0157
class 0: acc 0.9798994974874372, correct 390/398
class 1: acc 0.9883177570093458, correct 423/428

Val Set, val_loss: 0.2635, val_error: 0.0595, auc: 0.7157
class 0 clustering acc 1.0: correct 2016/2016
class 1 clustering acc 1.0: correct 2016/2016
class 0: acc 0.9590163934426229, correct 234/244
class 1: acc 0.375, correct 3/8
EarlyStopping counter: 1 out of 10


batch 19, loss: 0.0000, instance_loss: 0.0029, weighted_loss: 0.0009, label: 0, bag_size: 8075
batch 39, loss: 0.0000, instance_loss: 0.0005, weighted_loss: 0.0002, label: 0, bag_size: 2089
batch 59, loss: 0.0000, instance_loss: 0.0000, weighted_loss: 0.0000, label: 0, bag_size: 11240
batch 79, loss: 0.0001, instance_loss: 2.3258, weighted_loss: 0.6978, label: 0, bag_size: 1536
batch 99, loss: 0.0000, instance_loss: 0.0012, weighted_loss: 0.0004, label: 0, bag_size: 9768
batch 119, loss: 0.0051, instance_loss: 0.0000, weighted_loss: 0.0036, label: 1, bag_size: 4516
batch 139, loss: 0.0003, instance_loss: 0.0002, weighted_loss: 0.0003, label: 0, bag_size: 16323
batch 159, loss: 0.0001, instance_loss: 0.0025, weighted_loss: 0.0008, label: 0, bag_size: 10540
batch 179, loss: 0.0004, instance_loss: 0.0025, weighted_loss: 0.0010, label: 0, bag_size: 10051
batch 199, loss: 0.0000, instance_loss: 0.0000, weighted_loss: 0.0000, label: 0, bag_size: 17048
batch 219, loss: 0.0144, instance_loss: 0.0006, weighted_loss: 0.0103, label: 0, bag_size: 3315
batch 239, loss: 0.0001, instance_loss: 0.0000, weighted_loss: 0.0001, label: 0, bag_size: 21878
batch 259, loss: 0.0014, instance_loss: 0.0060, weighted_loss: 0.0028, label: 0, bag_size: 15340
batch 279, loss: 0.0006, instance_loss: 0.0017, weighted_loss: 0.0010, label: 1, bag_size: 6812
batch 299, loss: 0.0046, instance_loss: 0.0013, weighted_loss: 0.0036, label: 1, bag_size: 14318
batch 319, loss: 0.0029, instance_loss: 0.0063, weighted_loss: 0.0039, label: 0, bag_size: 17692
batch 339, loss: 0.0009, instance_loss: 0.0000, weighted_loss: 0.0006, label: 1, bag_size: 16197
batch 359, loss: 0.0004, instance_loss: 0.0704, weighted_loss: 0.0214, label: 0, bag_size: 2375
batch 379, loss: 0.0004, instance_loss: 0.0451, weighted_loss: 0.0138, label: 0, bag_size: 2375
batch 399, loss: 0.0017, instance_loss: 0.0000, weighted_loss: 0.0012, label: 1, bag_size: 22399
batch 419, loss: 0.0000, instance_loss: 0.0000, weighted_loss: 0.0000, label: 0, bag_size: 20636
batch 439, loss: 0.0001, instance_loss: 0.0003, weighted_loss: 0.0002, label: 0, bag_size: 21322
batch 459, loss: 0.0239, instance_loss: 0.0005, weighted_loss: 0.0169, label: 1, bag_size: 3024
batch 479, loss: 0.0000, instance_loss: 0.0186, weighted_loss: 0.0056, label: 0, bag_size: 3345
batch 499, loss: 0.0086, instance_loss: 0.0024, weighted_loss: 0.0067, label: 0, bag_size: 3899
batch 519, loss: 0.0003, instance_loss: 0.0017, weighted_loss: 0.0007, label: 0, bag_size: 1732
batch 539, loss: 0.0012, instance_loss: 0.0000, weighted_loss: 0.0009, label: 1, bag_size: 5906
batch 559, loss: 0.0003, instance_loss: 0.0000, weighted_loss: 0.0002, label: 0, bag_size: 56958
batch 579, loss: 0.0013, instance_loss: 0.0004, weighted_loss: 0.0011, label: 1, bag_size: 21609
batch 599, loss: 0.0001, instance_loss: 0.0000, weighted_loss: 0.0001, label: 1, bag_size: 6028
batch 619, loss: 0.0001, instance_loss: 0.0021, weighted_loss: 0.0007, label: 0, bag_size: 3696
batch 639, loss: 0.0011, instance_loss: 0.0036, weighted_loss: 0.0019, label: 1, bag_size: 4563
batch 659, loss: 0.0003, instance_loss: 0.0031, weighted_loss: 0.0011, label: 0, bag_size: 8728
batch 679, loss: 0.0001, instance_loss: 0.0000, weighted_loss: 0.0001, label: 0, bag_size: 20347
batch 699, loss: 0.0012, instance_loss: 0.0000, weighted_loss: 0.0008, label: 1, bag_size: 15079
batch 719, loss: 0.0006, instance_loss: 0.0024, weighted_loss: 0.0011, label: 1, bag_size: 3621
batch 739, loss: 0.0005, instance_loss: 0.0137, weighted_loss: 0.0045, label: 0, bag_size: 1801
batch 759, loss: 0.0002, instance_loss: 0.0005, weighted_loss: 0.0003, label: 0, bag_size: 15090
batch 779, loss: 0.0215, instance_loss: 0.0000, weighted_loss: 0.0151, label: 1, bag_size: 16197
batch 799, loss: 0.0364, instance_loss: 0.0000, weighted_loss: 0.0255, label: 1, bag_size: 22399
batch 819, loss: 0.0105, instance_loss: 0.0003, weighted_loss: 0.0074, label: 1, bag_size: 4563


class 0 clustering acc 0.9993946731234867: correct 6604/6608
class 1 clustering acc 0.9986380145278451: correct 6599/6608
Epoch: 6, train_loss: 0.0428, train_clustering_loss:  0.0129, train_error: 0.0133
class 0: acc 0.9830917874396136, correct 407/414
class 1: acc 0.9902912621359223, correct 408/412

Val Set, val_loss: 0.2175, val_error: 0.0516, auc: 0.7628
class 0 clustering acc 0.9990079365079365: correct 2014/2016
class 1 clustering acc 1.0: correct 2016/2016
class 0: acc 0.9754098360655737, correct 238/244
class 1: acc 0.125, correct 1/8
Validation loss decreased (0.246052 --> 0.217476).  Saving model ...


batch 19, loss: 0.0001, instance_loss: 0.0000, weighted_loss: 0.0000, label: 0, bag_size: 15678
batch 39, loss: 0.0102, instance_loss: 0.0000, weighted_loss: 0.0072, label: 1, bag_size: 10180
batch 59, loss: 0.0414, instance_loss: 0.0000, weighted_loss: 0.0290, label: 0, bag_size: 3382
batch 79, loss: 0.0077, instance_loss: 0.0000, weighted_loss: 0.0054, label: 0, bag_size: 18062
batch 99, loss: 0.0392, instance_loss: 0.0002, weighted_loss: 0.0275, label: 1, bag_size: 21609
batch 119, loss: 0.0140, instance_loss: 0.0015, weighted_loss: 0.0102, label: 1, bag_size: 21609
batch 139, loss: 0.0005, instance_loss: 0.0008, weighted_loss: 0.0006, label: 1, bag_size: 5137
batch 159, loss: 0.0081, instance_loss: 0.0000, weighted_loss: 0.0057, label: 0, bag_size: 2758
batch 179, loss: 0.0007, instance_loss: 0.0008, weighted_loss: 0.0008, label: 1, bag_size: 2853
batch 199, loss: 0.0022, instance_loss: 0.0000, weighted_loss: 0.0015, label: 1, bag_size: 6028
batch 219, loss: 0.0028, instance_loss: 0.0039, weighted_loss: 0.0032, label: 0, bag_size: 2925
batch 239, loss: 0.0086, instance_loss: 0.0003, weighted_loss: 0.0061, label: 1, bag_size: 2671
batch 259, loss: 0.0000, instance_loss: 0.0055, weighted_loss: 0.0017, label: 1, bag_size: 7733
batch 279, loss: 0.0004, instance_loss: 0.0004, weighted_loss: 0.0004, label: 1, bag_size: 15079
batch 299, loss: 0.0227, instance_loss: 0.0000, weighted_loss: 0.0159, label: 1, bag_size: 4365
batch 319, loss: 0.0011, instance_loss: 0.0014, weighted_loss: 0.0012, label: 1, bag_size: 3621
batch 339, loss: 0.0001, instance_loss: 0.0000, weighted_loss: 0.0001, label: 1, bag_size: 22624
batch 359, loss: 0.0000, instance_loss: 0.0047, weighted_loss: 0.0014, label: 0, bag_size: 6344
batch 379, loss: 0.0011, instance_loss: 0.0009, weighted_loss: 0.0011, label: 0, bag_size: 3725
batch 399, loss: 0.0001, instance_loss: 0.0000, weighted_loss: 0.0001, label: 1, bag_size: 22042
batch 419, loss: 0.0014, instance_loss: 0.0000, weighted_loss: 0.0010, label: 1, bag_size: 10180
batch 439, loss: 0.0008, instance_loss: 0.0002, weighted_loss: 0.0006, label: 0, bag_size: 16464
batch 459, loss: 0.0095, instance_loss: 0.0000, weighted_loss: 0.0067, label: 1, bag_size: 14763
batch 479, loss: 0.0182, instance_loss: 0.0003, weighted_loss: 0.0128, label: 1, bag_size: 9833
batch 499, loss: 0.0008, instance_loss: 0.0002, weighted_loss: 0.0006, label: 1, bag_size: 5956
batch 519, loss: 0.0027, instance_loss: 0.0000, weighted_loss: 0.0019, label: 1, bag_size: 14763
batch 539, loss: 0.0000, instance_loss: 0.0007, weighted_loss: 0.0002, label: 0, bag_size: 2989
batch 559, loss: 0.0071, instance_loss: 0.0085, weighted_loss: 0.0075, label: 0, bag_size: 2176
batch 579, loss: 0.0005, instance_loss: 0.0002, weighted_loss: 0.0004, label: 0, bag_size: 9103
batch 599, loss: 0.0010, instance_loss: 0.0002, weighted_loss: 0.0008, label: 0, bag_size: 3687
batch 619, loss: 0.0015, instance_loss: 0.0006, weighted_loss: 0.0013, label: 1, bag_size: 10371
batch 639, loss: 0.0000, instance_loss: 0.0009, weighted_loss: 0.0003, label: 1, bag_size: 6023
batch 659, loss: 0.0000, instance_loss: 0.0000, weighted_loss: 0.0000, label: 0, bag_size: 2956
batch 679, loss: 0.0068, instance_loss: 0.0000, weighted_loss: 0.0047, label: 0, bag_size: 18256
batch 699, loss: 0.0002, instance_loss: 0.0042, weighted_loss: 0.0014, label: 0, bag_size: 2375
batch 719, loss: 0.0001, instance_loss: 0.0000, weighted_loss: 0.0001, label: 0, bag_size: 16785
batch 739, loss: 0.0000, instance_loss: 0.0000, weighted_loss: 0.0000, label: 1, bag_size: 2637
batch 759, loss: 0.0001, instance_loss: 0.0000, weighted_loss: 0.0001, label: 0, bag_size: 5483
batch 779, loss: 0.0136, instance_loss: 0.0004, weighted_loss: 0.0097, label: 0, bag_size: 3382
batch 799, loss: 0.0018, instance_loss: 0.0000, weighted_loss: 0.0013, label: 1, bag_size: 22399
batch 819, loss: 0.0000, instance_loss: 0.0002, weighted_loss: 0.0001, label: 0, bag_size: 5456


class 0 clustering acc 0.9998486682808717: correct 6607/6608
class 1 clustering acc 1.0: correct 6608/6608
Epoch: 7, train_loss: 0.0074, train_clustering_loss:  0.0018, train_error: 0.0012
class 0: acc 0.9977220956719818, correct 438/439
class 1: acc 1.0, correct 387/387

Val Set, val_loss: 0.2729, val_error: 0.0476, auc: 0.6747
class 0 clustering acc 1.0: correct 2016/2016
class 1 clustering acc 1.0: correct 2016/2016
class 0: acc 0.9795081967213115, correct 239/244
class 1: acc 0.125, correct 1/8
EarlyStopping counter: 1 out of 10


batch 19, loss: 0.0000, instance_loss: 0.0061, weighted_loss: 0.0018, label: 0, bag_size: 2635
batch 39, loss: 0.0003, instance_loss: 0.0047, weighted_loss: 0.0016, label: 0, bag_size: 2261
batch 59, loss: 0.0009, instance_loss: 0.0000, weighted_loss: 0.0007, label: 1, bag_size: 4760
batch 79, loss: 0.0022, instance_loss: 0.0003, weighted_loss: 0.0016, label: 1, bag_size: 10371
batch 99, loss: 7.7887, instance_loss: 0.0000, weighted_loss: 5.4521, label: 1, bag_size: 22871
batch 119, loss: 0.0010, instance_loss: 0.0013, weighted_loss: 0.0011, label: 0, bag_size: 5862
batch 139, loss: 0.0036, instance_loss: 0.0000, weighted_loss: 0.0025, label: 0, bag_size: 17043
batch 159, loss: 0.0176, instance_loss: 0.0000, weighted_loss: 0.0123, label: 0, bag_size: 17065
batch 179, loss: 0.0100, instance_loss: 0.0002, weighted_loss: 0.0071, label: 0, bag_size: 4919
batch 199, loss: 0.0004, instance_loss: 0.0002, weighted_loss: 0.0003, label: 1, bag_size: 6812
batch 219, loss: 0.0000, instance_loss: 0.0052, weighted_loss: 0.0016, label: 0, bag_size: 2692
batch 239, loss: 0.0086, instance_loss: 0.0002, weighted_loss: 0.0061, label: 1, bag_size: 10371
batch 259, loss: 0.0026, instance_loss: 0.0000, weighted_loss: 0.0018, label: 1, bag_size: 14318
batch 279, loss: 0.0000, instance_loss: 0.0000, weighted_loss: 0.0000, label: 1, bag_size: 7879
batch 299, loss: 0.0001, instance_loss: 0.0000, weighted_loss: 0.0001, label: 0, bag_size: 8401
batch 319, loss: 0.0012, instance_loss: 0.0000, weighted_loss: 0.0008, label: 1, bag_size: 4516
batch 339, loss: 0.0002, instance_loss: 0.0000, weighted_loss: 0.0002, label: 0, bag_size: 18243
batch 359, loss: 0.0001, instance_loss: 0.0000, weighted_loss: 0.0001, label: 0, bag_size: 2732
batch 379, loss: 0.0015, instance_loss: 0.0000, weighted_loss: 0.0010, label: 0, bag_size: 19757
batch 399, loss: 0.0059, instance_loss: 0.0009, weighted_loss: 0.0044, label: 1, bag_size: 14763
batch 419, loss: 0.0011, instance_loss: 0.0010, weighted_loss: 0.0011, label: 0, bag_size: 8932
batch 439, loss: 0.0001, instance_loss: 0.0000, weighted_loss: 0.0000, label: 1, bag_size: 15079
batch 459, loss: 0.0014, instance_loss: 0.0000, weighted_loss: 0.0010, label: 1, bag_size: 5828
batch 479, loss: 0.0000, instance_loss: 0.0010, weighted_loss: 0.0003, label: 1, bag_size: 22624
batch 499, loss: 0.0001, instance_loss: 0.0006, weighted_loss: 0.0002, label: 1, bag_size: 14414
batch 519, loss: 0.0003, instance_loss: 0.0000, weighted_loss: 0.0002, label: 1, bag_size: 9833
batch 539, loss: 0.0001, instance_loss: 0.0000, weighted_loss: 0.0001, label: 1, bag_size: 22624
batch 559, loss: 0.0000, instance_loss: 0.0000, weighted_loss: 0.0000, label: 1, bag_size: 22042
batch 579, loss: 0.0019, instance_loss: 0.0000, weighted_loss: 0.0013, label: 1, bag_size: 5906
batch 599, loss: 0.0001, instance_loss: 0.0000, weighted_loss: 0.0001, label: 0, bag_size: 15340
batch 619, loss: 0.0098, instance_loss: 0.0000, weighted_loss: 0.0068, label: 0, bag_size: 13449
batch 639, loss: 0.0001, instance_loss: 0.0000, weighted_loss: 0.0001, label: 0, bag_size: 6611
batch 659, loss: 0.0012, instance_loss: 0.0006, weighted_loss: 0.0010, label: 1, bag_size: 3628
batch 679, loss: 0.0000, instance_loss: 0.0005, weighted_loss: 0.0001, label: 1, bag_size: 6023
batch 699, loss: 0.0004, instance_loss: 0.0000, weighted_loss: 0.0002, label: 0, bag_size: 13691
batch 719, loss: 0.0026, instance_loss: 0.0000, weighted_loss: 0.0018, label: 0, bag_size: 6240
batch 739, loss: 0.0003, instance_loss: 0.0013, weighted_loss: 0.0006, label: 1, bag_size: 2853
batch 759, loss: 0.0001, instance_loss: 1.7105, weighted_loss: 0.5132, label: 0, bag_size: 1207
batch 779, loss: 0.0000, instance_loss: 0.0015, weighted_loss: 0.0005, label: 1, bag_size: 5082
batch 799, loss: 0.0007, instance_loss: 0.0000, weighted_loss: 0.0005, label: 0, bag_size: 16369
batch 819, loss: 0.0001, instance_loss: 0.0052, weighted_loss: 0.0016, label: 0, bag_size: 1207


class 0 clustering acc 0.999546004842615: correct 6605/6608
class 1 clustering acc 0.999546004842615: correct 6605/6608
Epoch: 8, train_loss: 0.0174, train_clustering_loss:  0.0052, train_error: 0.0036
class 0: acc 0.9976525821596244, correct 425/426
class 1: acc 0.995, correct 398/400

Val Set, val_loss: 0.2837, val_error: 0.0437, auc: 0.7131
class 0 clustering acc 0.9995039682539683: correct 2015/2016
class 1 clustering acc 1.0: correct 2016/2016
class 0: acc 0.9836065573770492, correct 240/244
class 1: acc 0.125, correct 1/8
EarlyStopping counter: 2 out of 10


batch 19, loss: 0.0000, instance_loss: 0.0000, weighted_loss: 0.0000, label: 0, bag_size: 1881
batch 39, loss: 0.0000, instance_loss: 0.0000, weighted_loss: 0.0000, label: 0, bag_size: 4213
batch 59, loss: 0.0228, instance_loss: 0.0020, weighted_loss: 0.0166, label: 0, bag_size: 2023
batch 79, loss: 0.0001, instance_loss: 0.0011, weighted_loss: 0.0004, label: 1, bag_size: 2853
batch 99, loss: 0.0002, instance_loss: 0.0011, weighted_loss: 0.0005, label: 0, bag_size: 3346
batch 119, loss: 0.0001, instance_loss: 0.0020, weighted_loss: 0.0006, label: 1, bag_size: 15079
batch 139, loss: 0.0001, instance_loss: 0.0005, weighted_loss: 0.0002, label: 1, bag_size: 5137
batch 159, loss: 0.0000, instance_loss: 0.0000, weighted_loss: 0.0000, label: 1, bag_size: 12989
batch 179, loss: 0.0009, instance_loss: 0.0095, weighted_loss: 0.0035, label: 1, bag_size: 14318
batch 199, loss: 0.0000, instance_loss: 0.0036, weighted_loss: 0.0011, label: 0, bag_size: 2226
batch 219, loss: 0.0000, instance_loss: 0.2128, weighted_loss: 0.0638, label: 0, bag_size: 1181
batch 239, loss: 0.0134, instance_loss: 0.0163, weighted_loss: 0.0143, label: 0, bag_size: 17065
batch 259, loss: 0.0000, instance_loss: 0.0247, weighted_loss: 0.0074, label: 0, bag_size: 2770
batch 279, loss: 0.0020, instance_loss: 0.0008, weighted_loss: 0.0016, label: 1, bag_size: 3628
batch 299, loss: 0.7643, instance_loss: 0.0005, weighted_loss: 0.5352, label: 0, bag_size: 10956
batch 319, loss: 0.0000, instance_loss: 0.0000, weighted_loss: 0.0000, label: 0, bag_size: 10474
batch 339, loss: 0.0000, instance_loss: 0.0000, weighted_loss: 0.0000, label: 0, bag_size: 17739
batch 359, loss: 0.0003, instance_loss: 0.0000, weighted_loss: 0.0002, label: 0, bag_size: 5581
batch 379, loss: 0.0002, instance_loss: 0.0474, weighted_loss: 0.0143, label: 0, bag_size: 8401
batch 399, loss: 0.0032, instance_loss: 0.0757, weighted_loss: 0.0250, label: 1, bag_size: 7733
batch 419, loss: 2.8400, instance_loss: 0.0007, weighted_loss: 1.9883, label: 0, bag_size: 1964
batch 439, loss: 0.0010, instance_loss: 0.0000, weighted_loss: 0.0007, label: 1, bag_size: 7879
batch 459, loss: 0.0051, instance_loss: 0.0000, weighted_loss: 0.0036, label: 1, bag_size: 4563
batch 479, loss: 0.0000, instance_loss: 0.0016, weighted_loss: 0.0005, label: 1, bag_size: 7733
batch 499, loss: 0.0067, instance_loss: 0.0000, weighted_loss: 0.0047, label: 1, bag_size: 14528
batch 519, loss: 0.0070, instance_loss: 0.0007, weighted_loss: 0.0051, label: 1, bag_size: 2853
batch 539, loss: 0.0004, instance_loss: 0.0058, weighted_loss: 0.0020, label: 0, bag_size: 5699
batch 559, loss: 0.0042, instance_loss: 0.0512, weighted_loss: 0.0183, label: 0, bag_size: 2635
batch 579, loss: 0.0743, instance_loss: 0.0000, weighted_loss: 0.0520, label: 1, bag_size: 2644
batch 599, loss: 0.0130, instance_loss: 0.0000, weighted_loss: 0.0091, label: 1, bag_size: 4276
batch 619, loss: 0.0077, instance_loss: 0.0000, weighted_loss: 0.0054, label: 1, bag_size: 22399
batch 639, loss: 0.0344, instance_loss: 0.0000, weighted_loss: 0.0240, label: 1, bag_size: 16197
batch 659, loss: 0.0008, instance_loss: 0.0000, weighted_loss: 0.0005, label: 0, bag_size: 18947
batch 679, loss: 0.0000, instance_loss: 0.0012, weighted_loss: 0.0004, label: 1, bag_size: 7733
batch 699, loss: 0.0009, instance_loss: 0.0000, weighted_loss: 0.0006, label: 0, bag_size: 14968
batch 719, loss: 0.0000, instance_loss: 0.0184, weighted_loss: 0.0055, label: 0, bag_size: 1291
batch 739, loss: 0.0691, instance_loss: 0.0000, weighted_loss: 0.0484, label: 1, bag_size: 3621
batch 759, loss: 0.0494, instance_loss: 0.0000, weighted_loss: 0.0346, label: 0, bag_size: 1414
batch 779, loss: 0.0006, instance_loss: 0.0000, weighted_loss: 0.0004, label: 0, bag_size: 6615
batch 799, loss: 0.0020, instance_loss: 0.0351, weighted_loss: 0.0119, label: 0, bag_size: 3400
batch 819, loss: 0.0012, instance_loss: 0.0006, weighted_loss: 0.0010, label: 0, bag_size: 3088


class 0 clustering acc 0.9983353510895884: correct 6597/6608
class 1 clustering acc 0.996822033898305: correct 6587/6608
Epoch: 9, train_loss: 0.0728, train_clustering_loss:  0.0170, train_error: 0.0230
class 0: acc 0.9679802955665024, correct 393/406
class 1: acc 0.9857142857142858, correct 414/420

Val Set, val_loss: 0.2101, val_error: 0.0476, auc: 0.7305
class 0 clustering acc 1.0: correct 2016/2016
class 1 clustering acc 1.0: correct 2016/2016
class 0: acc 0.9754098360655737, correct 238/244
class 1: acc 0.25, correct 2/8
Validation loss decreased (0.217476 --> 0.210085).  Saving model ...


batch 19, loss: 0.0047, instance_loss: 0.0000, weighted_loss: 0.0033, label: 1, bag_size: 14318
batch 39, loss: 0.0024, instance_loss: 0.0405, weighted_loss: 0.0138, label: 0, bag_size: 1536
batch 59, loss: 0.0013, instance_loss: 0.0000, weighted_loss: 0.0009, label: 0, bag_size: 18985
batch 79, loss: 0.0023, instance_loss: 0.0000, weighted_loss: 0.0016, label: 1, bag_size: 2644
batch 99, loss: 0.0069, instance_loss: 0.0000, weighted_loss: 0.0048, label: 1, bag_size: 10371
batch 119, loss: 0.0594, instance_loss: 0.0011, weighted_loss: 0.0419, label: 0, bag_size: 4811
batch 139, loss: 0.0006, instance_loss: 0.0015, weighted_loss: 0.0009, label: 0, bag_size: 10902
batch 159, loss: 0.0087, instance_loss: 0.0000, weighted_loss: 0.0061, label: 1, bag_size: 14318
batch 179, loss: 0.0004, instance_loss: 0.0000, weighted_loss: 0.0003, label: 0, bag_size: 2189
batch 199, loss: 0.0005, instance_loss: 0.0000, weighted_loss: 0.0003, label: 1, bag_size: 4760
batch 219, loss: 0.0035, instance_loss: 0.0000, weighted_loss: 0.0024, label: 1, bag_size: 4276
batch 239, loss: 0.0068, instance_loss: 0.0000, weighted_loss: 0.0047, label: 1, bag_size: 4276
batch 259, loss: 0.0010, instance_loss: 0.0002, weighted_loss: 0.0007, label: 1, bag_size: 7733
batch 279, loss: 0.0000, instance_loss: 0.0577, weighted_loss: 0.0173, label: 0, bag_size: 1517
batch 299, loss: 0.0000, instance_loss: 0.0005, weighted_loss: 0.0002, label: 0, bag_size: 3003
batch 319, loss: 0.0005, instance_loss: 0.0000, weighted_loss: 0.0004, label: 1, bag_size: 3621
batch 339, loss: 0.0001, instance_loss: 0.0000, weighted_loss: 0.0000, label: 0, bag_size: 2776
batch 359, loss: 0.0042, instance_loss: 0.0000, weighted_loss: 0.0030, label: 1, bag_size: 4760
batch 379, loss: 0.0022, instance_loss: 0.0023, weighted_loss: 0.0022, label: 0, bag_size: 1611
batch 399, loss: 4.7680, instance_loss: 0.0025, weighted_loss: 3.3384, label: 0, bag_size: 3400
batch 419, loss: 0.1808, instance_loss: 0.0000, weighted_loss: 0.1266, label: 1, bag_size: 5828
batch 439, loss: 0.0002, instance_loss: 0.0392, weighted_loss: 0.0119, label: 0, bag_size: 3859
batch 459, loss: 0.0005, instance_loss: 0.0000, weighted_loss: 0.0004, label: 0, bag_size: 19640
batch 479, loss: 0.0004, instance_loss: 0.0000, weighted_loss: 0.0003, label: 0, bag_size: 5315
batch 499, loss: 0.0001, instance_loss: 0.0000, weighted_loss: 0.0001, label: 0, bag_size: 18052
batch 519, loss: 0.0004, instance_loss: 0.0020, weighted_loss: 0.0009, label: 0, bag_size: 2482
batch 539, loss: 0.0001, instance_loss: 0.0000, weighted_loss: 0.0001, label: 0, bag_size: 39556
batch 559, loss: 0.0358, instance_loss: 0.0000, weighted_loss: 0.0251, label: 1, bag_size: 7733
batch 579, loss: 0.0119, instance_loss: 0.0000, weighted_loss: 0.0083, label: 0, bag_size: 15404
batch 599, loss: 0.0085, instance_loss: 0.0000, weighted_loss: 0.0060, label: 1, bag_size: 14318
batch 619, loss: 0.0002, instance_loss: 0.0027, weighted_loss: 0.0009, label: 0, bag_size: 3715
batch 639, loss: 0.0000, instance_loss: 0.0000, weighted_loss: 0.0000, label: 1, bag_size: 5082
batch 659, loss: 0.0000, instance_loss: 0.0041, weighted_loss: 0.0012, label: 1, bag_size: 5956
batch 679, loss: 0.0021, instance_loss: 0.0000, weighted_loss: 0.0014, label: 1, bag_size: 22399
batch 699, loss: 0.0015, instance_loss: 0.0000, weighted_loss: 0.0011, label: 0, bag_size: 2979
batch 719, loss: 0.1172, instance_loss: 0.0000, weighted_loss: 0.0820, label: 1, bag_size: 14318
batch 739, loss: 0.0000, instance_loss: 0.0004, weighted_loss: 0.0002, label: 0, bag_size: 12188
batch 759, loss: 0.0004, instance_loss: 0.0000, weighted_loss: 0.0003, label: 0, bag_size: 5204
batch 779, loss: 0.2110, instance_loss: 0.0000, weighted_loss: 0.1477, label: 0, bag_size: 2925
batch 799, loss: 0.0000, instance_loss: 0.0000, weighted_loss: 0.0000, label: 1, bag_size: 6023
batch 819, loss: 0.0000, instance_loss: 0.0000, weighted_loss: 0.0000, label: 0, bag_size: 3696


class 0 clustering acc 1.0: correct 6608/6608
class 1 clustering acc 0.9989406779661016: correct 6601/6608
Epoch: 10, train_loss: 0.0346, train_clustering_loss:  0.0041, train_error: 0.0097
class 0: acc 0.9877149877149877, correct 402/407
class 1: acc 0.9928400954653938, correct 416/419

Val Set, val_loss: 0.2211, val_error: 0.0476, auc: 0.7264
class 0 clustering acc 1.0: correct 2016/2016
class 1 clustering acc 1.0: correct 2016/2016
class 0: acc 0.9795081967213115, correct 239/244
class 1: acc 0.125, correct 1/8
EarlyStopping counter: 1 out of 10


batch 19, loss: 0.0617, instance_loss: 0.0000, weighted_loss: 0.0432, label: 1, bag_size: 3024
batch 39, loss: 0.0003, instance_loss: 0.0000, weighted_loss: 0.0002, label: 0, bag_size: 14372
batch 59, loss: 0.0000, instance_loss: 0.0000, weighted_loss: 0.0000, label: 0, bag_size: 14732
batch 79, loss: 0.0007, instance_loss: 0.0000, weighted_loss: 0.0005, label: 1, bag_size: 22624
batch 99, loss: 0.0006, instance_loss: 0.0022, weighted_loss: 0.0011, label: 1, bag_size: 5956
batch 119, loss: 0.0002, instance_loss: 0.0010, weighted_loss: 0.0005, label: 0, bag_size: 15114
batch 139, loss: 0.0001, instance_loss: 0.0000, weighted_loss: 0.0001, label: 1, bag_size: 4492
batch 159, loss: 0.0005, instance_loss: 0.0000, weighted_loss: 0.0004, label: 1, bag_size: 7879
batch 179, loss: 0.0004, instance_loss: 0.0004, weighted_loss: 0.0004, label: 0, bag_size: 13691
batch 199, loss: 0.0004, instance_loss: 0.0000, weighted_loss: 0.0002, label: 0, bag_size: 18895
batch 219, loss: 0.0004, instance_loss: 0.0004, weighted_loss: 0.0004, label: 0, bag_size: 1781
batch 239, loss: 0.0001, instance_loss: 0.0000, weighted_loss: 0.0001, label: 0, bag_size: 18329
batch 259, loss: 0.0000, instance_loss: 0.0000, weighted_loss: 0.0000, label: 0, bag_size: 5224
batch 279, loss: 0.0013, instance_loss: 0.0000, weighted_loss: 0.0009, label: 1, bag_size: 3024
batch 299, loss: 0.0014, instance_loss: 0.0010, weighted_loss: 0.0013, label: 1, bag_size: 5956
batch 319, loss: 0.0002, instance_loss: 0.0000, weighted_loss: 0.0002, label: 0, bag_size: 16785
batch 339, loss: 0.0000, instance_loss: 0.0013, weighted_loss: 0.0004, label: 1, bag_size: 6023
batch 359, loss: 0.0024, instance_loss: 0.0000, weighted_loss: 0.0017, label: 1, bag_size: 4276
batch 379, loss: 0.0011, instance_loss: 0.0000, weighted_loss: 0.0007, label: 1, bag_size: 21609
batch 399, loss: 0.0001, instance_loss: 0.0000, weighted_loss: 0.0000, label: 1, bag_size: 7879
batch 419, loss: 0.0034, instance_loss: 0.0000, weighted_loss: 0.0024, label: 0, bag_size: 2522
batch 439, loss: 0.0003, instance_loss: 0.0000, weighted_loss: 0.0002, label: 0, bag_size: 17843
batch 459, loss: 0.0014, instance_loss: 0.0000, weighted_loss: 0.0010, label: 1, bag_size: 16197
batch 479, loss: 0.0070, instance_loss: 0.0000, weighted_loss: 0.0049, label: 1, bag_size: 4516
batch 499, loss: 0.0034, instance_loss: 0.0000, weighted_loss: 0.0024, label: 1, bag_size: 21609
batch 519, loss: 0.0000, instance_loss: 0.0003, weighted_loss: 0.0001, label: 0, bag_size: 1941
batch 539, loss: 0.0006, instance_loss: 0.0000, weighted_loss: 0.0004, label: 1, bag_size: 22042
batch 559, loss: 0.0001, instance_loss: 0.0000, weighted_loss: 0.0001, label: 0, bag_size: 15853
batch 579, loss: 4.4731, instance_loss: 0.0000, weighted_loss: 3.1312, label: 1, bag_size: 21609
batch 599, loss: 0.0000, instance_loss: 0.0000, weighted_loss: 0.0000, label: 0, bag_size: 3060
batch 619, loss: 0.0003, instance_loss: 0.0000, weighted_loss: 0.0002, label: 0, bag_size: 7464
batch 639, loss: 0.0006, instance_loss: 0.0002, weighted_loss: 0.0004, label: 0, bag_size: 14968
batch 659, loss: 0.0042, instance_loss: 0.0000, weighted_loss: 0.0029, label: 0, bag_size: 17767
batch 679, loss: 0.0000, instance_loss: 0.0009, weighted_loss: 0.0003, label: 0, bag_size: 1008
batch 699, loss: 0.0016, instance_loss: 0.0000, weighted_loss: 0.0011, label: 1, bag_size: 4492
batch 719, loss: 0.0006, instance_loss: 0.0010, weighted_loss: 0.0007, label: 0, bag_size: 1862
batch 739, loss: 0.0000, instance_loss: 0.0000, weighted_loss: 0.0000, label: 0, bag_size: 5466
batch 759, loss: 0.0000, instance_loss: 0.0000, weighted_loss: 0.0000, label: 1, bag_size: 7879
batch 779, loss: 0.0000, instance_loss: 0.0009, weighted_loss: 0.0003, label: 0, bag_size: 79563
batch 799, loss: 0.0001, instance_loss: 0.0038, weighted_loss: 0.0012, label: 0, bag_size: 2226
batch 819, loss: 0.0013, instance_loss: 0.0000, weighted_loss: 0.0009, label: 0, bag_size: 5624


class 0 clustering acc 1.0: correct 6608/6608
class 1 clustering acc 0.9998486682808717: correct 6607/6608
Epoch: 11, train_loss: 0.0277, train_clustering_loss:  0.0017, train_error: 0.0097
class 0: acc 0.9904988123515439, correct 417/421
class 1: acc 0.9901234567901235, correct 401/405

Val Set, val_loss: 0.2216, val_error: 0.0397, auc: 0.6747
class 0 clustering acc 1.0: correct 2016/2016
class 1 clustering acc 1.0: correct 2016/2016
class 0: acc 0.9877049180327869, correct 241/244
class 1: acc 0.125, correct 1/8
EarlyStopping counter: 2 out of 10


batch 19, loss: 0.0004, instance_loss: 0.0000, weighted_loss: 0.0003, label: 1, bag_size: 5828
batch 39, loss: 0.0000, instance_loss: 0.0000, weighted_loss: 0.0000, label: 0, bag_size: 8453
batch 59, loss: 0.0004, instance_loss: 0.0015, weighted_loss: 0.0007, label: 0, bag_size: 16464
batch 79, loss: 0.0001, instance_loss: 0.0016, weighted_loss: 0.0006, label: 0, bag_size: 16402
batch 99, loss: 0.0000, instance_loss: 0.0000, weighted_loss: 0.0000, label: 1, bag_size: 6028
batch 119, loss: 0.0001, instance_loss: 0.0000, weighted_loss: 0.0001, label: 1, bag_size: 5082
batch 139, loss: 0.0000, instance_loss: 0.0004, weighted_loss: 0.0001, label: 0, bag_size: 12484
batch 159, loss: 0.0000, instance_loss: 0.0000, weighted_loss: 0.0000, label: 1, bag_size: 7879
batch 179, loss: 0.0000, instance_loss: 0.0203, weighted_loss: 0.0061, label: 0, bag_size: 1640
batch 199, loss: 0.0005, instance_loss: 0.0009, weighted_loss: 0.0006, label: 0, bag_size: 10112
batch 219, loss: 0.0005, instance_loss: 0.0000, weighted_loss: 0.0004, label: 1, bag_size: 15079
batch 239, loss: 0.0000, instance_loss: 0.0000, weighted_loss: 0.0000, label: 0, bag_size: 5169
batch 259, loss: 0.0005, instance_loss: 0.0000, weighted_loss: 0.0003, label: 0, bag_size: 6101
batch 279, loss: 0.0000, instance_loss: 0.0007, weighted_loss: 0.0002, label: 0, bag_size: 2837
batch 299, loss: 0.0469, instance_loss: 0.0006, weighted_loss: 0.0330, label: 0, bag_size: 17677
batch 319, loss: 0.0000, instance_loss: 0.0000, weighted_loss: 0.0000, label: 0, bag_size: 1881
batch 339, loss: 0.0000, instance_loss: 0.0003, weighted_loss: 0.0001, label: 0, bag_size: 8115
batch 359, loss: 0.0000, instance_loss: 0.0000, weighted_loss: 0.0000, label: 0, bag_size: 6384
batch 379, loss: 0.0000, instance_loss: 0.0007, weighted_loss: 0.0002, label: 1, bag_size: 6812
batch 399, loss: 0.0000, instance_loss: 0.0000, weighted_loss: 0.0000, label: 0, bag_size: 6656
batch 419, loss: 0.0001, instance_loss: 0.0005, weighted_loss: 0.0002, label: 0, bag_size: 12513
batch 439, loss: 0.0057, instance_loss: 0.0000, weighted_loss: 0.0040, label: 1, bag_size: 2637
batch 459, loss: 0.0322, instance_loss: 0.0000, weighted_loss: 0.0226, label: 0, bag_size: 12781
batch 479, loss: 0.0241, instance_loss: 0.0000, weighted_loss: 0.0169, label: 1, bag_size: 10371
batch 499, loss: 0.0000, instance_loss: 0.0000, weighted_loss: 0.0000, label: 0, bag_size: 3615
batch 519, loss: 0.0000, instance_loss: 0.0000, weighted_loss: 0.0000, label: 0, bag_size: 8138
batch 539, loss: 0.0035, instance_loss: 0.0000, weighted_loss: 0.0024, label: 1, bag_size: 4760
batch 559, loss: 0.0103, instance_loss: 0.0000, weighted_loss: 0.0072, label: 0, bag_size: 11781
batch 579, loss: 0.0059, instance_loss: 0.0000, weighted_loss: 0.0041, label: 0, bag_size: 4963
batch 599, loss: 0.0005, instance_loss: 0.0000, weighted_loss: 0.0003, label: 0, bag_size: 4983
batch 619, loss: 0.0030, instance_loss: 0.0000, weighted_loss: 0.0021, label: 0, bag_size: 14853
batch 639, loss: 0.0005, instance_loss: 0.0000, weighted_loss: 0.0004, label: 1, bag_size: 22399
batch 659, loss: 0.0000, instance_loss: 0.0000, weighted_loss: 0.0000, label: 0, bag_size: 2557
batch 679, loss: 0.0010, instance_loss: 0.0010, weighted_loss: 0.0010, label: 1, bag_size: 15079
batch 699, loss: 0.0003, instance_loss: 0.0000, weighted_loss: 0.0002, label: 1, bag_size: 4760
batch 719, loss: 0.0000, instance_loss: 0.0000, weighted_loss: 0.0000, label: 0, bag_size: 4086
batch 739, loss: 0.0001, instance_loss: 0.0000, weighted_loss: 0.0000, label: 1, bag_size: 5956
batch 759, loss: 0.0000, instance_loss: 0.0000, weighted_loss: 0.0000, label: 0, bag_size: 2726
batch 779, loss: 0.0017, instance_loss: 0.0000, weighted_loss: 0.0012, label: 1, bag_size: 14763
batch 799, loss: 0.0078, instance_loss: 0.0000, weighted_loss: 0.0055, label: 1, bag_size: 9833
batch 819, loss: 0.0000, instance_loss: 0.0000, weighted_loss: 0.0000, label: 0, bag_size: 8955


class 0 clustering acc 1.0: correct 6608/6608
class 1 clustering acc 0.999546004842615: correct 6605/6608
Epoch: 12, train_loss: 0.0099, train_clustering_loss:  0.0027, train_error: 0.0036
class 0: acc 0.9975728155339806, correct 411/412
class 1: acc 0.9951690821256038, correct 412/414

Val Set, val_loss: 0.2655, val_error: 0.0317, auc: 0.6680
class 0 clustering acc 1.0: correct 2016/2016
class 1 clustering acc 1.0: correct 2016/2016
class 0: acc 0.9959016393442623, correct 243/244
class 1: acc 0.125, correct 1/8
EarlyStopping counter: 3 out of 10


batch 19, loss: 0.8691, instance_loss: 0.0000, weighted_loss: 0.6084, label: 0, bag_size: 6398
batch 39, loss: 0.0032, instance_loss: 0.0000, weighted_loss: 0.0022, label: 1, bag_size: 14318
batch 59, loss: 0.0001, instance_loss: 0.0000, weighted_loss: 0.0001, label: 0, bag_size: 3176
batch 79, loss: 0.0003, instance_loss: 0.0000, weighted_loss: 0.0002, label: 1, bag_size: 21609
batch 99, loss: 0.0001, instance_loss: 0.0000, weighted_loss: 0.0000, label: 0, bag_size: 3506
batch 119, loss: 0.0000, instance_loss: 0.0007, weighted_loss: 0.0002, label: 0, bag_size: 3533
batch 139, loss: 0.0002, instance_loss: 0.0000, weighted_loss: 0.0002, label: 1, bag_size: 14763
batch 159, loss: 0.0000, instance_loss: 0.0002, weighted_loss: 0.0001, label: 0, bag_size: 2676
batch 179, loss: 0.0000, instance_loss: 0.0000, weighted_loss: 0.0000, label: 1, bag_size: 4563
batch 199, loss: 0.0003, instance_loss: 0.0000, weighted_loss: 0.0002, label: 0, bag_size: 5098
batch 219, loss: 0.0000, instance_loss: 0.0000, weighted_loss: 0.0000, label: 1, bag_size: 6023
batch 239, loss: 0.0000, instance_loss: 0.0006, weighted_loss: 0.0002, label: 0, bag_size: 3857
batch 259, loss: 0.1272, instance_loss: 0.0000, weighted_loss: 0.0891, label: 0, bag_size: 8932
batch 279, loss: 0.0001, instance_loss: 0.0000, weighted_loss: 0.0001, label: 1, bag_size: 5137
batch 299, loss: 0.0000, instance_loss: 0.0004, weighted_loss: 0.0001, label: 0, bag_size: 13636
batch 319, loss: 0.0000, instance_loss: 0.0000, weighted_loss: 0.0000, label: 1, bag_size: 6028
batch 339, loss: 0.0030, instance_loss: 0.0002, weighted_loss: 0.0022, label: 1, bag_size: 6812
batch 359, loss: 0.0000, instance_loss: 0.0000, weighted_loss: 0.0000, label: 0, bag_size: 4213
batch 379, loss: 0.0000, instance_loss: 0.0000, weighted_loss: 0.0000, label: 0, bag_size: 9251
batch 399, loss: 0.0000, instance_loss: 0.0000, weighted_loss: 0.0000, label: 0, bag_size: 2065
batch 419, loss: 0.0000, instance_loss: 0.0000, weighted_loss: 0.0000, label: 0, bag_size: 2100
batch 439, loss: 0.0001, instance_loss: 0.0005, weighted_loss: 0.0002, label: 0, bag_size: 14056
batch 459, loss: 0.0000, instance_loss: 0.0000, weighted_loss: 0.0000, label: 0, bag_size: 6044
batch 479, loss: 0.0001, instance_loss: 0.0024, weighted_loss: 0.0008, label: 0, bag_size: 3899
batch 499, loss: 0.0000, instance_loss: 0.0002, weighted_loss: 0.0001, label: 0, bag_size: 3009
batch 519, loss: 0.0000, instance_loss: 0.0002, weighted_loss: 0.0001, label: 0, bag_size: 15625
batch 539, loss: 0.0004, instance_loss: 0.0000, weighted_loss: 0.0003, label: 1, bag_size: 4760
batch 559, loss: 0.0006, instance_loss: 0.0428, weighted_loss: 0.0132, label: 0, bag_size: 112
batch 579, loss: 0.0000, instance_loss: 0.0003, weighted_loss: 0.0001, label: 0, bag_size: 13338
batch 599, loss: 0.0001, instance_loss: 0.0000, weighted_loss: 0.0001, label: 0, bag_size: 16402
batch 619, loss: 0.0000, instance_loss: 0.0000, weighted_loss: 0.0000, label: 1, bag_size: 6812
batch 639, loss: 0.0009, instance_loss: 0.0000, weighted_loss: 0.0006, label: 1, bag_size: 2637
batch 659, loss: 0.0004, instance_loss: 0.0000, weighted_loss: 0.0003, label: 1, bag_size: 14763
batch 679, loss: 0.0001, instance_loss: 0.0002, weighted_loss: 0.0001, label: 0, bag_size: 2530
batch 699, loss: 0.0007, instance_loss: 0.0000, weighted_loss: 0.0005, label: 1, bag_size: 10180
batch 719, loss: 0.0000, instance_loss: 0.0000, weighted_loss: 0.0000, label: 1, bag_size: 6028
batch 739, loss: 0.0004, instance_loss: 0.0003, weighted_loss: 0.0004, label: 0, bag_size: 3176
batch 759, loss: 0.0000, instance_loss: 0.0000, weighted_loss: 0.0000, label: 0, bag_size: 11246
batch 779, loss: 0.0001, instance_loss: 0.0000, weighted_loss: 0.0001, label: 1, bag_size: 2637
batch 799, loss: 0.0000, instance_loss: 0.0006, weighted_loss: 0.0002, label: 0, bag_size: 1615
batch 819, loss: 0.0009, instance_loss: 0.0000, weighted_loss: 0.0006, label: 1, bag_size: 10371


class 0 clustering acc 1.0: correct 6608/6608
class 1 clustering acc 0.9993946731234867: correct 6604/6608
Epoch: 13, train_loss: 0.0057, train_clustering_loss:  0.0022, train_error: 0.0024
class 0: acc 0.9978260869565218, correct 459/460
class 1: acc 0.9972677595628415, correct 365/366

Val Set, val_loss: 0.2781, val_error: 0.0397, auc: 0.6614
class 0 clustering acc 1.0: correct 2016/2016
class 1 clustering acc 1.0: correct 2016/2016
class 0: acc 0.9877049180327869, correct 241/244
class 1: acc 0.125, correct 1/8
EarlyStopping counter: 4 out of 10


batch 19, loss: 0.0000, instance_loss: 0.0000, weighted_loss: 0.0000, label: 0, bag_size: 20383
batch 39, loss: 0.0000, instance_loss: 0.0000, weighted_loss: 0.0000, label: 1, bag_size: 5082
batch 59, loss: 0.0000, instance_loss: 0.0000, weighted_loss: 0.0000, label: 0, bag_size: 19134
batch 79, loss: 0.0000, instance_loss: 0.0000, weighted_loss: 0.0000, label: 0, bag_size: 7445
batch 99, loss: 0.0007, instance_loss: 0.0000, weighted_loss: 0.0005, label: 0, bag_size: 18256
batch 119, loss: 0.0000, instance_loss: 0.0000, weighted_loss: 0.0000, label: 1, bag_size: 22624
batch 139, loss: 0.0000, instance_loss: 0.0000, weighted_loss: 0.0000, label: 0, bag_size: 17043
batch 159, loss: 0.0065, instance_loss: 0.0014, weighted_loss: 0.0049, label: 0, bag_size: 2787
batch 179, loss: 0.0000, instance_loss: 0.0002, weighted_loss: 0.0001, label: 1, bag_size: 6023
batch 199, loss: 0.0002, instance_loss: 0.0008, weighted_loss: 0.0004, label: 0, bag_size: 2758
batch 219, loss: 0.0002, instance_loss: 0.0000, weighted_loss: 0.0001, label: 1, bag_size: 14763
batch 239, loss: 0.0011, instance_loss: 0.0000, weighted_loss: 0.0008, label: 0, bag_size: 6114
batch 259, loss: 0.0003, instance_loss: 0.0000, weighted_loss: 0.0002, label: 0, bag_size: 15693
batch 279, loss: 0.0001, instance_loss: 0.0002, weighted_loss: 0.0002, label: 1, bag_size: 2853
batch 299, loss: 0.0000, instance_loss: 0.0000, weighted_loss: 0.0000, label: 0, bag_size: 3229
batch 319, loss: 0.0000, instance_loss: 0.0000, weighted_loss: 0.0000, label: 0, bag_size: 17048
batch 339, loss: 0.0000, instance_loss: 0.0004, weighted_loss: 0.0001, label: 0, bag_size: 9251
batch 359, loss: 0.0001, instance_loss: 0.0018, weighted_loss: 0.0006, label: 1, bag_size: 7733
batch 379, loss: 0.0000, instance_loss: 0.0000, weighted_loss: 0.0000, label: 1, bag_size: 2644
batch 399, loss: 0.0010, instance_loss: 0.0000, weighted_loss: 0.0007, label: 0, bag_size: 5599
batch 419, loss: 0.0014, instance_loss: 0.0003, weighted_loss: 0.0011, label: 1, bag_size: 14763
batch 439, loss: 0.0000, instance_loss: 0.0000, weighted_loss: 0.0000, label: 1, bag_size: 10371
batch 459, loss: 0.0000, instance_loss: 0.0000, weighted_loss: 0.0000, label: 0, bag_size: 5614
batch 479, loss: 0.0001, instance_loss: 0.0000, weighted_loss: 0.0001, label: 0, bag_size: 19988
batch 499, loss: 0.0000, instance_loss: 0.0000, weighted_loss: 0.0000, label: 1, bag_size: 4492
batch 519, loss: 0.0879, instance_loss: 0.0000, weighted_loss: 0.0615, label: 1, bag_size: 22624
batch 539, loss: 0.0325, instance_loss: 0.0028, weighted_loss: 0.0236, label: 0, bag_size: 1355
batch 559, loss: 0.0086, instance_loss: 0.0004, weighted_loss: 0.0062, label: 0, bag_size: 17682
batch 579, loss: 0.0002, instance_loss: 0.0000, weighted_loss: 0.0001, label: 1, bag_size: 6023
batch 599, loss: 0.0008, instance_loss: 0.0303, weighted_loss: 0.0096, label: 0, bag_size: 1908
batch 619, loss: 0.0000, instance_loss: 0.0000, weighted_loss: 0.0000, label: 1, bag_size: 3621
batch 639, loss: 0.0005, instance_loss: 0.0000, weighted_loss: 0.0003, label: 0, bag_size: 3616
batch 659, loss: 0.0053, instance_loss: 0.0000, weighted_loss: 0.0037, label: 1, bag_size: 12989
batch 679, loss: 0.0012, instance_loss: 0.0000, weighted_loss: 0.0009, label: 1, bag_size: 4365
batch 699, loss: 0.0000, instance_loss: 0.0000, weighted_loss: 0.0000, label: 1, bag_size: 22042
batch 719, loss: 0.0018, instance_loss: 0.0000, weighted_loss: 0.0013, label: 1, bag_size: 3024
batch 739, loss: 0.0000, instance_loss: 0.0000, weighted_loss: 0.0000, label: 1, bag_size: 22624
batch 759, loss: 0.0001, instance_loss: 0.0035, weighted_loss: 0.0011, label: 0, bag_size: 3857
batch 779, loss: 0.0004, instance_loss: 0.0023, weighted_loss: 0.0009, label: 0, bag_size: 5527
batch 799, loss: 0.0010, instance_loss: 0.0000, weighted_loss: 0.0007, label: 1, bag_size: 6028
batch 819, loss: 0.0035, instance_loss: 0.0000, weighted_loss: 0.0024, label: 1, bag_size: 21609


class 0 clustering acc 1.0: correct 6608/6608
class 1 clustering acc 0.9993946731234867: correct 6604/6608
Epoch: 14, train_loss: 0.0604, train_clustering_loss:  0.0038, train_error: 0.0133
class 0: acc 0.9875311720698254, correct 396/401
class 1: acc 0.9858823529411764, correct 419/425

Val Set, val_loss: 0.2176, val_error: 0.0317, auc: 0.6977
class 0 clustering acc 1.0: correct 2016/2016
class 1 clustering acc 1.0: correct 2016/2016
class 0: acc 0.9959016393442623, correct 243/244
class 1: acc 0.125, correct 1/8
EarlyStopping counter: 5 out of 10


batch 19, loss: 0.0233, instance_loss: 0.0000, weighted_loss: 0.0163, label: 1, bag_size: 4276
batch 39, loss: 0.0019, instance_loss: 0.0000, weighted_loss: 0.0014, label: 1, bag_size: 3024
batch 59, loss: 0.0001, instance_loss: 0.0000, weighted_loss: 0.0000, label: 1, bag_size: 5082
batch 79, loss: 0.0003, instance_loss: 0.0000, weighted_loss: 0.0002, label: 1, bag_size: 22042
batch 99, loss: 0.0016, instance_loss: 0.0000, weighted_loss: 0.0011, label: 1, bag_size: 22624
batch 119, loss: 0.0000, instance_loss: 0.0000, weighted_loss: 0.0000, label: 1, bag_size: 4760
batch 139, loss: 0.0009, instance_loss: 0.0000, weighted_loss: 0.0007, label: 1, bag_size: 22399
batch 159, loss: 0.0001, instance_loss: 0.0000, weighted_loss: 0.0000, label: 0, bag_size: 5098
batch 179, loss: 0.0000, instance_loss: 0.0000, weighted_loss: 0.0000, label: 0, bag_size: 3037
batch 199, loss: 0.0001, instance_loss: 0.0000, weighted_loss: 0.0001, label: 1, bag_size: 4276
batch 219, loss: 0.0002, instance_loss: 0.0000, weighted_loss: 0.0001, label: 1, bag_size: 5137
batch 239, loss: 0.0001, instance_loss: 0.0000, weighted_loss: 0.0001, label: 1, bag_size: 22624
batch 259, loss: 0.0001, instance_loss: 0.0000, weighted_loss: 0.0001, label: 1, bag_size: 4276
batch 279, loss: 0.0003, instance_loss: 0.0000, weighted_loss: 0.0002, label: 0, bag_size: 2189
batch 299, loss: 0.0000, instance_loss: 0.0003, weighted_loss: 0.0001, label: 1, bag_size: 6023
batch 319, loss: 0.0022, instance_loss: 0.0003, weighted_loss: 0.0016, label: 0, bag_size: 11242
batch 339, loss: 0.0071, instance_loss: 0.0000, weighted_loss: 0.0050, label: 1, bag_size: 22871
batch 359, loss: 0.0000, instance_loss: 0.0000, weighted_loss: 0.0000, label: 0, bag_size: 11847
batch 379, loss: 0.0002, instance_loss: 0.0000, weighted_loss: 0.0001, label: 1, bag_size: 5137
batch 399, loss: 0.0007, instance_loss: 0.0000, weighted_loss: 0.0005, label: 0, bag_size: 3130
batch 419, loss: 0.0000, instance_loss: 0.0000, weighted_loss: 0.0000, label: 1, bag_size: 6023
batch 439, loss: 0.0007, instance_loss: 0.0000, weighted_loss: 0.0005, label: 0, bag_size: 21466
batch 459, loss: 0.0001, instance_loss: 0.0000, weighted_loss: 0.0000, label: 1, bag_size: 22624
batch 479, loss: 0.0002, instance_loss: 0.0005, weighted_loss: 0.0003, label: 0, bag_size: 1781
batch 499, loss: 0.0002, instance_loss: 0.0002, weighted_loss: 0.0002, label: 1, bag_size: 4563
batch 519, loss: 0.0007, instance_loss: 0.0000, weighted_loss: 0.0005, label: 1, bag_size: 3024
batch 539, loss: 0.0001, instance_loss: 0.0000, weighted_loss: 0.0001, label: 0, bag_size: 5862
batch 559, loss: 0.0001, instance_loss: 0.0000, weighted_loss: 0.0000, label: 1, bag_size: 14414
batch 579, loss: 0.0000, instance_loss: 0.0000, weighted_loss: 0.0000, label: 1, bag_size: 5137
batch 599, loss: 0.0007, instance_loss: 0.0003, weighted_loss: 0.0006, label: 1, bag_size: 7733
batch 619, loss: 0.0001, instance_loss: 0.0000, weighted_loss: 0.0001, label: 1, bag_size: 15079
batch 639, loss: 0.0001, instance_loss: 0.0000, weighted_loss: 0.0001, label: 1, bag_size: 15079
batch 659, loss: 0.0000, instance_loss: 0.0000, weighted_loss: 0.0000, label: 1, bag_size: 22624
batch 679, loss: 0.0001, instance_loss: 0.0000, weighted_loss: 0.0001, label: 1, bag_size: 5956
batch 699, loss: 0.0000, instance_loss: 0.0000, weighted_loss: 0.0000, label: 0, bag_size: 1521
batch 719, loss: 0.0001, instance_loss: 0.0002, weighted_loss: 0.0001, label: 1, bag_size: 3411
batch 739, loss: 0.0001, instance_loss: 0.0005, weighted_loss: 0.0002, label: 1, bag_size: 3411
batch 759, loss: 0.0000, instance_loss: 0.0008, weighted_loss: 0.0002, label: 0, bag_size: 1556
batch 779, loss: 0.0023, instance_loss: 0.0000, weighted_loss: 0.0016, label: 1, bag_size: 4492
batch 799, loss: 0.0000, instance_loss: 0.0003, weighted_loss: 0.0001, label: 0, bag_size: 5375
batch 819, loss: 0.0000, instance_loss: 0.0007, weighted_loss: 0.0002, label: 0, bag_size: 12188


class 0 clustering acc 1.0: correct 6608/6608
class 1 clustering acc 0.9996973365617433: correct 6606/6608
Epoch: 15, train_loss: 0.0028, train_clustering_loss:  0.0026, train_error: 0.0000
class 0: acc 1.0, correct 416/416
class 1: acc 1.0, correct 410/410

Val Set, val_loss: 0.2301, val_error: 0.0317, auc: 0.6998
class 0 clustering acc 1.0: correct 2016/2016
class 1 clustering acc 1.0: correct 2016/2016
class 0: acc 0.9959016393442623, correct 243/244
class 1: acc 0.125, correct 1/8
EarlyStopping counter: 6 out of 10


batch 19, loss: 0.0001, instance_loss: 0.0000, weighted_loss: 0.0000, label: 1, bag_size: 5082
batch 39, loss: 0.0004, instance_loss: 0.0003, weighted_loss: 0.0004, label: 0, bag_size: 10053
batch 59, loss: 0.0024, instance_loss: 0.0000, weighted_loss: 0.0017, label: 1, bag_size: 6023
batch 79, loss: 0.0000, instance_loss: 0.0000, weighted_loss: 0.0000, label: 0, bag_size: 3696
batch 99, loss: 0.0004, instance_loss: 0.0000, weighted_loss: 0.0003, label: 0, bag_size: 15693
batch 119, loss: 0.0000, instance_loss: 0.0000, weighted_loss: 0.0000, label: 1, bag_size: 2671
batch 139, loss: 0.0001, instance_loss: 0.0000, weighted_loss: 0.0001, label: 0, bag_size: 6943
batch 159, loss: 0.0029, instance_loss: 0.0013, weighted_loss: 0.0024, label: 0, bag_size: 3687
batch 179, loss: 0.0017, instance_loss: 0.0000, weighted_loss: 0.0012, label: 1, bag_size: 6812
batch 199, loss: 0.0000, instance_loss: 0.0000, weighted_loss: 0.0000, label: 0, bag_size: 2364
batch 219, loss: 0.0005, instance_loss: 0.0000, weighted_loss: 0.0004, label: 1, bag_size: 2644
batch 239, loss: 0.0000, instance_loss: 0.0000, weighted_loss: 0.0000, label: 0, bag_size: 2989
batch 259, loss: 0.0011, instance_loss: 0.0005, weighted_loss: 0.0009, label: 1, bag_size: 2853
batch 279, loss: 0.0005, instance_loss: 0.0000, weighted_loss: 0.0004, label: 1, bag_size: 2644
batch 299, loss: 0.0000, instance_loss: 0.0000, weighted_loss: 0.0000, label: 0, bag_size: 20692
batch 319, loss: 0.0001, instance_loss: 0.0006, weighted_loss: 0.0002, label: 0, bag_size: 3774
batch 339, loss: 0.0005, instance_loss: 0.0002, weighted_loss: 0.0004, label: 1, bag_size: 6812
batch 359, loss: 0.0004, instance_loss: 0.0016, weighted_loss: 0.0008, label: 0, bag_size: 1801
batch 379, loss: 0.0003, instance_loss: 0.0000, weighted_loss: 0.0002, label: 1, bag_size: 2637
batch 399, loss: 0.0001, instance_loss: 0.0000, weighted_loss: 0.0001, label: 1, bag_size: 22399
batch 419, loss: 0.0004, instance_loss: 0.0017, weighted_loss: 0.0008, label: 0, bag_size: 2266
batch 439, loss: 0.0001, instance_loss: 0.0005, weighted_loss: 0.0002, label: 0, bag_size: 10172
batch 459, loss: 0.0029, instance_loss: 0.0000, weighted_loss: 0.0021, label: 0, bag_size: 11456
batch 479, loss: 0.0001, instance_loss: 0.0000, weighted_loss: 0.0001, label: 1, bag_size: 21609
batch 499, loss: 0.0003, instance_loss: 0.0000, weighted_loss: 0.0002, label: 1, bag_size: 5082
batch 519, loss: 0.0000, instance_loss: 0.0000, weighted_loss: 0.0000, label: 1, bag_size: 2637
batch 539, loss: 0.0001, instance_loss: 0.0000, weighted_loss: 0.0001, label: 1, bag_size: 4492
batch 559, loss: 0.0000, instance_loss: 0.0000, weighted_loss: 0.0000, label: 0, bag_size: 9709
batch 579, loss: 0.0000, instance_loss: 0.0005, weighted_loss: 0.0002, label: 1, bag_size: 22399
batch 599, loss: 0.0001, instance_loss: 0.0000, weighted_loss: 0.0000, label: 1, bag_size: 5137
batch 619, loss: 0.0002, instance_loss: 0.0003, weighted_loss: 0.0002, label: 0, bag_size: 19946
batch 639, loss: 0.0000, instance_loss: 0.0000, weighted_loss: 0.0000, label: 1, bag_size: 14414
batch 659, loss: 0.0007, instance_loss: 0.0024, weighted_loss: 0.0012, label: 0, bag_size: 3771
batch 679, loss: 0.0000, instance_loss: 0.0010, weighted_loss: 0.0003, label: 1, bag_size: 5906
batch 699, loss: 0.0000, instance_loss: 0.0007, weighted_loss: 0.0002, label: 1, bag_size: 7733
batch 719, loss: 0.0000, instance_loss: 0.0000, weighted_loss: 0.0000, label: 1, bag_size: 5906
batch 739, loss: 0.0001, instance_loss: 0.0000, weighted_loss: 0.0001, label: 0, bag_size: 25379
batch 759, loss: 0.0001, instance_loss: 0.0000, weighted_loss: 0.0001, label: 0, bag_size: 9159
batch 779, loss: 0.0000, instance_loss: 0.0000, weighted_loss: 0.0000, label: 0, bag_size: 16076
batch 799, loss: 0.0000, instance_loss: 0.0000, weighted_loss: 0.0000, label: 1, bag_size: 16197
batch 819, loss: 0.0000, instance_loss: 0.0014, weighted_loss: 0.0005, label: 0, bag_size: 2315


class 0 clustering acc 1.0: correct 6608/6608
class 1 clustering acc 1.0: correct 6608/6608
Epoch: 16, train_loss: 0.0042, train_clustering_loss:  0.0008, train_error: 0.0012
class 0: acc 1.0, correct 413/413
class 1: acc 0.9975786924939467, correct 412/413

Val Set, val_loss: 0.3306, val_error: 0.0437, auc: 0.6803
class 0 clustering acc 1.0: correct 2016/2016
class 1 clustering acc 0.9995039682539683: correct 2015/2016
class 0: acc 0.9836065573770492, correct 240/244
class 1: acc 0.125, correct 1/8
EarlyStopping counter: 7 out of 10


batch 19, loss: 0.0025, instance_loss: 0.0000, weighted_loss: 0.0017, label: 0, bag_size: 14372
batch 39, loss: 0.0000, instance_loss: 0.0002, weighted_loss: 0.0001, label: 1, bag_size: 4563
batch 59, loss: 0.0000, instance_loss: 0.0013, weighted_loss: 0.0004, label: 1, bag_size: 4365
batch 79, loss: 0.0000, instance_loss: 0.0050, weighted_loss: 0.0015, label: 0, bag_size: 17065
batch 99, loss: 0.0000, instance_loss: 0.0000, weighted_loss: 0.0000, label: 0, bag_size: 2989
batch 119, loss: 0.0015, instance_loss: 0.0034, weighted_loss: 0.0021, label: 0, bag_size: 3798
batch 139, loss: 0.0001, instance_loss: 0.0008, weighted_loss: 0.0003, label: 1, bag_size: 9833
batch 159, loss: 0.0000, instance_loss: 0.0000, weighted_loss: 0.0000, label: 1, bag_size: 5137
batch 179, loss: 0.0001, instance_loss: 0.0023, weighted_loss: 0.0007, label: 1, bag_size: 4365
batch 199, loss: 0.0000, instance_loss: 0.0000, weighted_loss: 0.0000, label: 1, bag_size: 21609
batch 219, loss: 0.0000, instance_loss: 0.0168, weighted_loss: 0.0050, label: 0, bag_size: 16717
batch 239, loss: 0.0000, instance_loss: 0.0015, weighted_loss: 0.0005, label: 0, bag_size: 15086
batch 259, loss: 0.0000, instance_loss: 0.0000, weighted_loss: 0.0000, label: 1, bag_size: 21609
batch 279, loss: 0.0000, instance_loss: 0.0000, weighted_loss: 0.0000, label: 0, bag_size: 6932
batch 299, loss: 0.0000, instance_loss: 0.0000, weighted_loss: 0.0000, label: 1, bag_size: 6023
batch 319, loss: 0.0006, instance_loss: 0.0000, weighted_loss: 0.0004, label: 1, bag_size: 4516
batch 339, loss: 0.0000, instance_loss: 0.0000, weighted_loss: 0.0000, label: 0, bag_size: 9388
batch 359, loss: 0.0000, instance_loss: 0.0000, weighted_loss: 0.0000, label: 0, bag_size: 6534
batch 379, loss: 0.0003, instance_loss: 0.0000, weighted_loss: 0.0002, label: 0, bag_size: 1954
batch 399, loss: 0.0002, instance_loss: 0.0018, weighted_loss: 0.0007, label: 0, bag_size: 3559
batch 419, loss: 0.0000, instance_loss: 0.0000, weighted_loss: 0.0000, label: 1, bag_size: 6028
batch 439, loss: 0.0000, instance_loss: 0.0013, weighted_loss: 0.0004, label: 0, bag_size: 5922
batch 459, loss: 0.0005, instance_loss: 0.0000, weighted_loss: 0.0003, label: 1, bag_size: 6812
batch 479, loss: 0.0000, instance_loss: 0.0000, weighted_loss: 0.0000, label: 1, bag_size: 2671
batch 499, loss: 0.0000, instance_loss: 0.0000, weighted_loss: 0.0000, label: 0, bag_size: 4088
batch 519, loss: 0.0000, instance_loss: 0.0009, weighted_loss: 0.0003, label: 1, bag_size: 7733
batch 539, loss: 0.0002, instance_loss: 0.0045, weighted_loss: 0.0015, label: 1, bag_size: 22871
batch 559, loss: 0.0009, instance_loss: 0.0009, weighted_loss: 0.0009, label: 1, bag_size: 10371
batch 579, loss: 0.0000, instance_loss: 0.0008, weighted_loss: 0.0003, label: 0, bag_size: 4096
batch 599, loss: 0.0003, instance_loss: 0.0000, weighted_loss: 0.0002, label: 1, bag_size: 10180
batch 619, loss: 0.0000, instance_loss: 0.0000, weighted_loss: 0.0000, label: 0, bag_size: 21194
batch 639, loss: 0.0001, instance_loss: 0.0000, weighted_loss: 0.0001, label: 0, bag_size: 14056
batch 659, loss: 0.0003, instance_loss: 0.0000, weighted_loss: 0.0002, label: 0, bag_size: 18081
batch 679, loss: 0.0000, instance_loss: 0.0005, weighted_loss: 0.0002, label: 1, bag_size: 2637
batch 699, loss: 0.0001, instance_loss: 0.0002, weighted_loss: 0.0001, label: 0, bag_size: 10956
batch 719, loss: 0.0000, instance_loss: 0.0000, weighted_loss: 0.0000, label: 1, bag_size: 5082
batch 739, loss: 0.0000, instance_loss: 0.0000, weighted_loss: 0.0000, label: 1, bag_size: 5137
batch 759, loss: 0.0013, instance_loss: 0.0000, weighted_loss: 0.0009, label: 0, bag_size: 25478
batch 779, loss: 0.0000, instance_loss: 0.0003, weighted_loss: 0.0001, label: 1, bag_size: 7733
batch 799, loss: 0.0000, instance_loss: 0.0195, weighted_loss: 0.0059, label: 0, bag_size: 2559
batch 819, loss: 0.0000, instance_loss: 0.0000, weighted_loss: 0.0000, label: 1, bag_size: 2637


class 0 clustering acc 0.9998486682808717: correct 6607/6608
class 1 clustering acc 0.9996973365617433: correct 6606/6608
Epoch: 17, train_loss: 0.0004, train_clustering_loss:  0.0021, train_error: 0.0000
class 0: acc 1.0, correct 440/440
class 1: acc 1.0, correct 386/386

Val Set, val_loss: 0.3107, val_error: 0.0397, auc: 0.6532
class 0 clustering acc 1.0: correct 2016/2016
class 1 clustering acc 1.0: correct 2016/2016
class 0: acc 0.9877049180327869, correct 241/244
class 1: acc 0.125, correct 1/8
EarlyStopping counter: 8 out of 10


batch 19, loss: 0.0000, instance_loss: 0.0002, weighted_loss: 0.0001, label: 0, bag_size: 15045
batch 39, loss: 0.0000, instance_loss: 0.0000, weighted_loss: 0.0000, label: 1, bag_size: 4276
batch 59, loss: 0.0000, instance_loss: 0.0000, weighted_loss: 0.0000, label: 1, bag_size: 22871
batch 79, loss: 0.0000, instance_loss: 0.0000, weighted_loss: 0.0000, label: 1, bag_size: 22624
batch 99, loss: 0.0000, instance_loss: 0.0000, weighted_loss: 0.0000, label: 0, bag_size: 5594
batch 119, loss: 0.0000, instance_loss: 0.0000, weighted_loss: 0.0000, label: 1, bag_size: 5956
batch 139, loss: 0.0000, instance_loss: 0.0003, weighted_loss: 0.0001, label: 0, bag_size: 13140
batch 159, loss: 0.0091, instance_loss: 0.1540, weighted_loss: 0.0526, label: 0, bag_size: 1921
batch 179, loss: 0.0000, instance_loss: 0.0003, weighted_loss: 0.0001, label: 0, bag_size: 3009
batch 199, loss: 0.0000, instance_loss: 0.0002, weighted_loss: 0.0001, label: 1, bag_size: 5906
batch 219, loss: 0.0001, instance_loss: 0.0008, weighted_loss: 0.0003, label: 0, bag_size: 17528
batch 239, loss: 0.0000, instance_loss: 0.0004, weighted_loss: 0.0001, label: 1, bag_size: 3024
batch 259, loss: 0.0000, instance_loss: 0.0000, weighted_loss: 0.0000, label: 1, bag_size: 10180
batch 279, loss: 0.0050, instance_loss: 0.0000, weighted_loss: 0.0035, label: 1, bag_size: 3628
batch 299, loss: 0.0006, instance_loss: 0.0000, weighted_loss: 0.0004, label: 0, bag_size: 1868
batch 319, loss: 0.0000, instance_loss: 0.0000, weighted_loss: 0.0000, label: 0, bag_size: 5375
batch 339, loss: 0.0001, instance_loss: 0.0000, weighted_loss: 0.0001, label: 0, bag_size: 20467
batch 359, loss: 0.0029, instance_loss: 0.0000, weighted_loss: 0.0020, label: 1, bag_size: 4760
batch 379, loss: 0.0000, instance_loss: 0.0000, weighted_loss: 0.0000, label: 0, bag_size: 4577
batch 399, loss: 0.0000, instance_loss: 0.0000, weighted_loss: 0.0000, label: 1, bag_size: 21609
batch 419, loss: 0.0000, instance_loss: 0.0000, weighted_loss: 0.0000, label: 1, bag_size: 14318
batch 439, loss: 0.0022, instance_loss: 0.0000, weighted_loss: 0.0015, label: 1, bag_size: 4563
batch 459, loss: 2.4774, instance_loss: 0.0000, weighted_loss: 1.7342, label: 1, bag_size: 14763
batch 479, loss: 0.0000, instance_loss: 0.0007, weighted_loss: 0.0002, label: 1, bag_size: 7733
batch 499, loss: 0.0001, instance_loss: 0.0000, weighted_loss: 0.0001, label: 0, bag_size: 18052
batch 519, loss: 0.0001, instance_loss: 0.0000, weighted_loss: 0.0001, label: 1, bag_size: 5137
batch 539, loss: 0.0035, instance_loss: 0.0000, weighted_loss: 0.0025, label: 1, bag_size: 10371
batch 559, loss: 0.0007, instance_loss: 0.0000, weighted_loss: 0.0005, label: 0, bag_size: 3503
batch 579, loss: 0.0018, instance_loss: 0.0000, weighted_loss: 0.0013, label: 1, bag_size: 6028
batch 599, loss: 0.0005, instance_loss: 0.0000, weighted_loss: 0.0003, label: 1, bag_size: 15079
batch 619, loss: 0.0077, instance_loss: 0.0000, weighted_loss: 0.0054, label: 1, bag_size: 22399
batch 639, loss: 0.0000, instance_loss: 0.0000, weighted_loss: 0.0000, label: 0, bag_size: 5581
batch 659, loss: 0.0175, instance_loss: 0.0000, weighted_loss: 0.0122, label: 1, bag_size: 14528
batch 679, loss: 0.0007, instance_loss: 0.0003, weighted_loss: 0.0006, label: 1, bag_size: 12989
batch 699, loss: 0.0000, instance_loss: 0.0000, weighted_loss: 0.0000, label: 1, bag_size: 7879
batch 719, loss: 0.0001, instance_loss: 0.0000, weighted_loss: 0.0001, label: 0, bag_size: 6312
batch 739, loss: 0.0097, instance_loss: 0.0000, weighted_loss: 0.0068, label: 1, bag_size: 2671
batch 759, loss: 0.0000, instance_loss: 0.0000, weighted_loss: 0.0000, label: 0, bag_size: 15045
batch 779, loss: 0.0004, instance_loss: 0.0000, weighted_loss: 0.0003, label: 1, bag_size: 4516
batch 799, loss: 0.0002, instance_loss: 0.0000, weighted_loss: 0.0002, label: 1, bag_size: 14763
batch 819, loss: 0.0006, instance_loss: 0.0000, weighted_loss: 0.0004, label: 1, bag_size: 10371


class 0 clustering acc 1.0: correct 6608/6608
class 1 clustering acc 1.0: correct 6608/6608
Epoch: 18, train_loss: 0.0349, train_clustering_loss:  0.0007, train_error: 0.0109
class 0: acc 0.9900249376558603, correct 397/401
class 1: acc 0.9882352941176471, correct 420/425

Val Set, val_loss: 0.2879, val_error: 0.0357, auc: 0.6911
class 0 clustering acc 1.0: correct 2016/2016
class 1 clustering acc 1.0: correct 2016/2016
class 0: acc 0.9918032786885246, correct 242/244
class 1: acc 0.125, correct 1/8
EarlyStopping counter: 9 out of 10


batch 19, loss: 0.0000, instance_loss: 0.0000, weighted_loss: 0.0000, label: 0, bag_size: 17805
batch 39, loss: 0.0003, instance_loss: 0.0000, weighted_loss: 0.0002, label: 1, bag_size: 10180
batch 59, loss: 0.0000, instance_loss: 0.0000, weighted_loss: 0.0000, label: 1, bag_size: 9833
batch 79, loss: 0.0003, instance_loss: 0.0000, weighted_loss: 0.0002, label: 1, bag_size: 16197
batch 99, loss: 0.0000, instance_loss: 0.0000, weighted_loss: 0.0000, label: 0, bag_size: 4426
batch 119, loss: 0.0000, instance_loss: 0.0000, weighted_loss: 0.0000, label: 0, bag_size: 10053
batch 139, loss: 0.0000, instance_loss: 0.0000, weighted_loss: 0.0000, label: 1, bag_size: 6023
batch 159, loss: 0.0039, instance_loss: 0.0002, weighted_loss: 0.0028, label: 0, bag_size: 4062
batch 179, loss: 0.0000, instance_loss: 0.0000, weighted_loss: 0.0000, label: 0, bag_size: 5161
batch 199, loss: 0.0003, instance_loss: 0.0000, weighted_loss: 0.0002, label: 1, bag_size: 4516
batch 219, loss: 0.0006, instance_loss: 0.0000, weighted_loss: 0.0004, label: 1, bag_size: 22624
batch 239, loss: 0.0003, instance_loss: 0.0000, weighted_loss: 0.0002, label: 0, bag_size: 26941
batch 259, loss: 0.0000, instance_loss: 0.0000, weighted_loss: 0.0000, label: 0, bag_size: 1801
batch 279, loss: 0.0000, instance_loss: 0.0006, weighted_loss: 0.0002, label: 0, bag_size: 6161
batch 299, loss: 0.0000, instance_loss: 0.0000, weighted_loss: 0.0000, label: 1, bag_size: 7733
batch 319, loss: 0.0001, instance_loss: 0.0000, weighted_loss: 0.0001, label: 0, bag_size: 1964
batch 339, loss: 0.0000, instance_loss: 0.0054, weighted_loss: 0.0016, label: 0, bag_size: 17101
batch 359, loss: 0.0006, instance_loss: 0.0000, weighted_loss: 0.0004, label: 1, bag_size: 10371
batch 379, loss: 0.0005, instance_loss: 0.0000, weighted_loss: 0.0003, label: 1, bag_size: 3024
batch 399, loss: 0.0000, instance_loss: 0.0000, weighted_loss: 0.0000, label: 0, bag_size: 4213
batch 419, loss: 0.0019, instance_loss: 0.0011, weighted_loss: 0.0016, label: 0, bag_size: 2666
batch 439, loss: 0.0001, instance_loss: 0.0000, weighted_loss: 0.0001, label: 0, bag_size: 8158
batch 459, loss: 0.0000, instance_loss: 0.0003, weighted_loss: 0.0001, label: 0, bag_size: 5599
batch 479, loss: 0.1365, instance_loss: 0.0000, weighted_loss: 0.0956, label: 1, bag_size: 14528
batch 499, loss: 0.0002, instance_loss: 0.0000, weighted_loss: 0.0001, label: 1, bag_size: 10180
batch 519, loss: 0.0000, instance_loss: 0.0019, weighted_loss: 0.0006, label: 0, bag_size: 2406
batch 539, loss: 0.0004, instance_loss: 0.0000, weighted_loss: 0.0003, label: 1, bag_size: 10180
batch 559, loss: 0.0000, instance_loss: 0.0000, weighted_loss: 0.0000, label: 0, bag_size: 4088
batch 579, loss: 0.0000, instance_loss: 0.0000, weighted_loss: 0.0000, label: 1, bag_size: 14763
batch 599, loss: 0.0000, instance_loss: 0.0000, weighted_loss: 0.0000, label: 0, bag_size: 20043
batch 619, loss: 0.0001, instance_loss: 0.0002, weighted_loss: 0.0002, label: 1, bag_size: 14763
batch 639, loss: 0.0000, instance_loss: 0.0238, weighted_loss: 0.0071, label: 1, bag_size: 5956
batch 659, loss: 0.0003, instance_loss: 0.0000, weighted_loss: 0.0002, label: 1, bag_size: 3024
batch 679, loss: 0.0000, instance_loss: 0.0006, weighted_loss: 0.0002, label: 1, bag_size: 5956
batch 699, loss: 0.0000, instance_loss: 0.0005, weighted_loss: 0.0002, label: 0, bag_size: 15172
batch 719, loss: 0.0002, instance_loss: 0.0000, weighted_loss: 0.0001, label: 1, bag_size: 14528
batch 739, loss: 0.0006, instance_loss: 0.0000, weighted_loss: 0.0004, label: 0, bag_size: 17692
batch 759, loss: 0.0000, instance_loss: 0.0000, weighted_loss: 0.0000, label: 0, bag_size: 7445
batch 779, loss: 0.0000, instance_loss: 0.0000, weighted_loss: 0.0000, label: 0, bag_size: 3969
batch 799, loss: 0.0000, instance_loss: 0.0008, weighted_loss: 0.0003, label: 1, bag_size: 22042
batch 819, loss: 0.0000, instance_loss: 0.0000, weighted_loss: 0.0000, label: 0, bag_size: 20383


class 0 clustering acc 1.0: correct 6608/6608
class 1 clustering acc 0.9998486682808717: correct 6607/6608
Epoch: 19, train_loss: 0.0014, train_clustering_loss:  0.0016, train_error: 0.0000
class 0: acc 1.0, correct 419/419
class 1: acc 1.0, correct 407/407

Val Set, val_loss: 0.2843, val_error: 0.0317, auc: 0.7085
class 0 clustering acc 1.0: correct 2016/2016
class 1 clustering acc 1.0: correct 2016/2016
class 0: acc 0.9959016393442623, correct 243/244
class 1: acc 0.125, correct 1/8
EarlyStopping counter: 10 out of 10
Early stopping
Val error: 0.0476, ROC AUC: 0.7305
CV validation error: 0.0476, ROC AUC: 0.7305
class 0: acc 0.9754098360655737, correct 238/244
class 1: acc 0.25, correct 2/8
Future event metrics: {"fold": 4, "events": 99, "positive_events": 2, "event_average_precision": 0.35, "event_roc_auc": 0.9536082474226804, "event_brier": 0.02075951405258697, "aggregation": "mean probability across all included stains/slides of same patient/anchor date", "exploratory_cv_not_independent_final_test": true}
finished!
end script
